t_s,regime,station,speed_mm_s,dist_mm,dist_lo_mm,dist_hi_mm,mm_past_prev_magnet,mm_before_next_magnet,hall_spread_counts,basis,verdict
36.43,ordinary,,112.4,22.5,19.6,25.4,31.0,150.8,23,"prior marker interval 2670 ms over surveyed spacing 300 mm, +/-13%",INSIDE the typical field
38.2,ordinary,,165.1,33.0,28.7,37.3,37.6,172.0,9,"prior marker interval 1817 ms over surveyed spacing 300 mm, +/-13%",clears typical field
39.651,ordinary,,203.9,40.8,35.5,46.1,42.2,172.3,21,"prior marker interval 1471 ms over surveyed spacing 300 mm, +/-13%",clears p95 field
40.89,ordinary,,239.6,47.9,41.7,54.2,47.0,201.3,20,"prior marker interval 1252 ms over surveyed spacing 300 mm, +/-13%",clears p95 field
42.124,ordinary,,242.7,48.5,42.2,54.9,47.1,211.4,21,"prior marker interval 1236 ms over surveyed spacing 300 mm, +/-13%",clears p95 field
43.393,ordinary,,236.6,47.3,41.2,53.5,46.8,208.2,17,"prior marker interval 1268 ms over surveyed spacing 300 mm, +/-13%",clears p95 field
44.67,ordinary,,231.6,46.3,40.3,52.3,45.6,189.6,16,"prior marker interval 1274 ms over surveyed spacing 295 mm, +/-13%",clears p95 field
45.888,ordinary,,262.9,52.6,45.8,59.4,52.3,258.2,21,"prior marker interval 1217 ms over surveyed spacing 320 mm, +/-13%",clears p95 field
47.278,ordinary,,217.1,43.4,37.8,49.1,45.2,245.3,12,"prior marker interval 1382 ms over surveyed spacing 300 mm, +/-13%",clears p95 field
48.83,ordinary,,204.7,40.9,35.6,46.3,45.4,265.9,19,"prior marker interval 1539 ms over surveyed spacing 315 mm, +/-13%",clears p95 field
50.567,ordinary,,185.8,37.2,32.3,42.0,44.2,211.1,26,"prior marker interval 1722 ms over surveyed spacing 320 mm, +/-13%",clears p95 field
52.146,ordinary,,200.3,40.1,34.8,45.3,48.7,258.1,18,"prior marker interval 1573 ms over surveyed spacing 315 mm, +/-13%",clears p95 field
53.866,ordinary,,187.6,37.5,32.7,42.4,43.3,266.8,19,"prior marker interval 1732 ms over surveyed spacing 325 mm, +/-13%",clears p95 field
55.725,ordinary,,169.8,34.0,29.5,38.4,40.2,209.5,19,"prior marker interval 1855 ms over surveyed spacing 315 mm, +/-13%",clears p95 field
57.388,ordinary,,183.4,36.7,31.9,41.4,42.0,206.1,17,"prior marker interval 1663 ms over surveyed spacing 305 mm, +/-13%",clears p95 field
58.915,ordinary,,191.6,38.3,33.3,43.3,38.9,212.6,21,"prior marker interval 1566 ms over surveyed spacing 300 mm, +/-13%",clears typical field
60.44,ordinary,,203.2,40.6,35.4,45.9,43.7,206.7,21,"prior marker interval 1501 ms over surveyed spacing 305 mm, +/-13%",clears p95 field
61.858,ordinary,,208.9,41.8,36.4,47.2,42.0,208.7,18,"prior marker interval 1436 ms over surveyed spacing 300 mm, +/-13%",clears p95 field
63.25,ordinary,,213.7,42.7,37.2,48.3,41.2,205.1,26,"prior marker interval 1404 ms over surveyed spacing 300 mm, +/-13%",clears p95 field
64.592,ordinary,,218.7,43.7,38.1,49.4,39.8,198.8,18,"prior marker interval 1349 ms over surveyed spacing 295 mm, +/-13%",clears typical field
65.893,ordinary,,228.0,45.6,39.7,51.5,43.8,235.0,16,"prior marker interval 1294 ms over surveyed spacing 295 mm, +/-13%",clears p95 field
67.318,ordinary,,211.1,42.2,36.7,47.7,41.0,249.8,18,"prior marker interval 1421 ms over surveyed spacing 300 mm, +/-13%",clears p95 field
68.93,ordinary,,191.0,38.2,33.2,43.2,43.7,246.7,19,"prior marker interval 1571 ms over surveyed spacing 300 mm, +/-13%",clears p95 field
70.641,ordinary,,173.1,34.6,30.1,39.1,37.9,224.5,22,"prior marker interval 1733 ms over surveyed spacing 300 mm, +/-13%",clears typical field
72.354,ordinary,,175.2,35.0,30.5,39.6,37.9,197.7,18,"prior marker interval 1712 ms over surveyed spacing 300 mm, +/-13%",clears typical field
73.903,ordinary,,195.4,39.1,34.0,44.2,43.2,205.2,18,"prior marker interval 1535 ms over surveyed spacing 300 mm, +/-13%",clears p95 field
75.369,ordinary,,204.1,40.8,35.5,46.1,44.1,197.8,19,"prior marker interval 1470 ms over surveyed spacing 300 mm, +/-13%",clears p95 field
76.751,ordinary,,214.7,42.9,37.4,48.5,45.5,212.0,23,"prior marker interval 1397 ms over surveyed spacing 300 mm, +/-13%",clears p95 field
78.152,ordinary,,218.5,43.7,38.0,49.4,47.0,215.2,18,"prior marker interval 1396 ms over surveyed spacing 305 mm, +/-13%",clears p95 field
79.551,ordinary,,215.4,43.1,37.5,48.7,46.1,215.1,19,"prior marker interval 1393 ms over surveyed spacing 300 mm, +/-13%",clears p95 field
80.98,ordinary,,212.5,42.5,37.0,48.0,48.9,220.1,17,"prior marker interval 1412 ms over surveyed spacing 300 mm, +/-13%",clears p95 field
82.436,ordinary,,208.2,41.6,36.2,47.1,45.8,201.1,17,"prior marker interval 1465 ms over surveyed spacing 305 mm, +/-13%",clears p95 field
83.812,ordinary,,215.1,43.0,37.4,48.6,45.2,199.6,22,"prior marker interval 1395 ms over surveyed spacing 300 mm, +/-13%",clears p95 field
85.141,ordinary,,224.9,45.0,39.1,50.8,45.2,216.3,21,"prior marker interval 1334 ms over surveyed spacing 300 mm, +/-13%",clears p95 field
86.514,ordinary,,241.9,48.4,42.1,54.7,51.0,209.3,24,"prior marker interval 1364 ms over surveyed spacing 330 mm, +/-13%",clears p95 field
87.782,ordinary,,234.7,46.9,40.8,53.1,47.7,198.1,21,"prior marker interval 1278 ms over surveyed spacing 300 mm, +/-13%",clears p95 field
89.026,ordinary,,242.1,48.4,42.1,54.7,48.4,188.4,20,"prior marker interval 1239 ms over surveyed spacing 300 mm, +/-13%",clears p95 field
90.19,ordinary,,257.0,51.4,44.7,58.1,47.8,179.9,20,"prior marker interval 1187 ms over surveyed spacing 305 mm, +/-13%",clears p95 field
91.27,ordinary,,276.5,55.3,48.1,62.5,49.8,193.3,21,"prior marker interval 1085 ms over surveyed spacing 300 mm, +/-13%",clears p95 field
92.353,ordinary,,279.9,56.0,48.7,63.2,51.5,198.1,20,"prior marker interval 1072 ms over surveyed spacing 300 mm, +/-13%",clears p95 field
93.449,ordinary,,272.5,54.5,47.4,61.6,51.2,211.7,23,"prior marker interval 1101 ms over surveyed spacing 300 mm, +/-13%",clears p95 field
94.631,ordinary,,259.5,51.9,45.2,58.7,53.2,212.8,26,"prior marker interval 1156 ms over surveyed spacing 300 mm, +/-13%",clears p95 field
95.852,ordinary,,243.7,48.7,42.4,55.1,49.0,203.5,13,"prior marker interval 1231 ms over surveyed spacing 300 mm, +/-13%",clears p95 field
97.078,ordinary,,242.1,48.4,42.1,54.7,46.2,200.0,19,"prior marker interval 1239 ms over surveyed spacing 300 mm, +/-13%",clears p95 field
98.29,ordinary,,246.5,49.3,42.9,55.7,45.9,204.4,28,"prior marker interval 1217 ms over surveyed spacing 300 mm, +/-13%",clears p95 field
99.515,ordinary,,248.6,49.7,43.2,56.2,48.7,195.9,16,"prior marker interval 1207 ms over surveyed spacing 300 mm, +/-13%",clears p95 field
100.691,ordinary,,252.1,50.4,43.9,57.0,47.4,205.2,20,"prior marker interval 1190 ms over surveyed spacing 300 mm, +/-13%",clears p95 field
101.902,ordinary,,250.4,50.1,43.6,56.6,49.3,185.6,16,"prior marker interval 1198 ms over surveyed spacing 300 mm, +/-13%",clears p95 field
103.021,ordinary,,262.9,52.6,45.7,59.4,46.8,185.4,22,"prior marker interval 1141 ms over surveyed spacing 300 mm, +/-13%",clears p95 field
104.104,ordinary,,277.0,55.4,48.2,62.6,49.3,201.4,16,"prior marker interval 1083 ms over surveyed spacing 300 mm, +/-13%",clears p95 field
105.217,ordinary,,272.0,54.4,47.3,61.5,50.6,157.8,19,"prior marker interval 1103 ms over surveyed spacing 300 mm, +/-13%",clears p95 field
106.166,ordinary,,305.1,61.0,53.1,68.9,51.6,205.3,18,"prior marker interval 967 ms over surveyed spacing 295 mm, +/-13%",clears p95 field
107.209,ordinary,,287.1,57.4,50.0,64.9,48.8,195.8,22,"prior marker interval 1045 ms over surveyed spacing 300 mm, +/-13%",clears p95 field
108.277,ordinary,,286.3,57.3,49.8,64.7,53.2,229.9,26,"prior marker interval 1048 ms over surveyed spacing 300 mm, +/-13%",clears p95 field
109.457,ordinary,,254.5,50.9,44.3,57.5,45.0,215.3,18,"prior marker interval 1179 ms over surveyed spacing 300 mm, +/-13%",clears p95 field
110.693,ordinary,,242.9,48.6,42.3,54.9,46.2,205.7,19,"prior marker interval 1235 ms over surveyed spacing 300 mm, +/-13%",clears p95 field
111.926,ordinary,,243.9,48.8,42.4,55.1,45.4,270.2,19,"prior marker interval 1230 ms over surveyed spacing 300 mm, +/-13%",clears p95 field
113.432,ordinary,,203.7,40.7,35.5,46.0,40.3,192.3,19,"prior marker interval 1497 ms over surveyed spacing 305 mm, +/-13%",clears p95 field
114.783,ordinary,,224.0,44.8,39.0,50.6,46.4,255.6,16,"prior marker interval 1339 ms over surveyed spacing 300 mm, +/-13%",clears p95 field
116.327,ordinary,,193.4,38.7,33.7,43.7,39.3,184.5,20,"prior marker interval 1551 ms over surveyed spacing 300 mm, +/-13%",clears typical field
117.683,ordinary,,235.6,47.1,41.0,53.3,47.6,226.0,19,"prior marker interval 1358 ms over surveyed spacing 320 mm, +/-13%",clears p95 field
119.032,ordinary,,235.3,47.1,40.9,53.2,44.7,181.4,18,"prior marker interval 1360 ms over surveyed spacing 320 mm, +/-13%",clears p95 field
120.187,ordinary,,257.3,51.5,44.8,58.1,47.3,183.4,14,"prior marker interval 1166 ms over surveyed spacing 300 mm, +/-13%",clears p95 field
121.281,ordinary,,274.0,54.8,47.7,61.9,49.6,206.8,24,"prior marker interval 1095 ms over surveyed spacing 300 mm, +/-13%",clears p95 field
122.422,ordinary,,263.9,52.8,45.9,59.6,49.1,200.3,22,"prior marker interval 1137 ms over surveyed spacing 300 mm, +/-13%",clears p95 field
123.565,ordinary,,262.2,52.4,45.6,59.3,48.3,206.4,21,"prior marker interval 1144 ms over surveyed spacing 300 mm, +/-13%",clears p95 field
124.744,ordinary,,256.0,51.2,44.5,57.8,49.1,197.4,15,"prior marker interval 1172 ms over surveyed spacing 300 mm, +/-13%",clears p95 field
125.898,ordinary,,258.4,51.7,45.0,58.4,47.3,174.4,14,"prior marker interval 1161 ms over surveyed spacing 300 mm, +/-13%",clears p95 field
126.958,ordinary,,283.8,56.8,49.4,64.1,52.5,188.7,14,"prior marker interval 1057 ms over surveyed spacing 300 mm, +/-13%",clears p95 field
128.004,ordinary,,284.6,56.9,49.5,64.3,51.5,160.8,15,"prior marker interval 1054 ms over surveyed spacing 300 mm, +/-13%",clears p95 field
128.947,ordinary,,317.8,63.6,55.3,71.8,56.6,191.9,22,"prior marker interval 944 ms over surveyed spacing 300 mm, +/-13%",clears p95 field
129.939,ordinary,,305.8,61.2,53.2,69.1,57.5,187.5,15,"prior marker interval 981 ms over surveyed spacing 300 mm, +/-13%",clears p95 field
130.934,ordinary,,299.4,59.9,52.1,67.7,54.5,187.4,19,"prior marker interval 1002 ms over surveyed spacing 300 mm, +/-13%",clears p95 field
131.948,ordinary,,295.6,59.1,51.4,66.8,55.6,184.1,16,"prior marker interval 1015 ms over surveyed spacing 300 mm, +/-13%",clears p95 field
132.964,ordinary,,298.5,59.7,51.9,67.5,57.6,185.7,18,"prior marker interval 1005 ms over surveyed spacing 300 mm, +/-13%",clears p95 field
133.978,ordinary,,276.4,55.3,48.1,62.5,53.1,206.5,18,"prior marker interval 1013 ms over surveyed spacing 280 mm, +/-13%",clears p95 field
135.108,ordinary,,263.2,52.6,45.8,59.5,48.2,171.6,19,"prior marker interval 1140 ms over surveyed spacing 300 mm, +/-13%",clears p95 field
136.139,ordinary,,289.9,58.0,50.4,65.5,51.9,223.8,20,"prior marker interval 1035 ms over surveyed spacing 300 mm, +/-13%",clears p95 field
137.29,ordinary,,251.5,50.3,43.8,56.8,45.0,192.9,22,"prior marker interval 1153 ms over surveyed spacing 290 mm, +/-13%",clears p95 field
138.423,ordinary,,261.8,52.4,45.5,59.2,43.5,171.5,21,"prior marker interval 1146 ms over surveyed spacing 300 mm, +/-13%",clears p95 field
139.45,ordinary,,295.0,59.0,51.3,66.7,50.7,192.6,17,"prior marker interval 1017 ms over surveyed spacing 300 mm, +/-13%",clears p95 field
140.459,ordinary,,291.8,58.4,50.8,66.0,45.5,183.6,20,"prior marker interval 1028 ms over surveyed spacing 300 mm, +/-13%",clears p95 field
141.451,ordinary,,305.2,61.0,53.1,69.0,49.7,198.1,21,"prior marker interval 983 ms over surveyed spacing 300 mm, +/-13%",clears p95 field
142.475,ordinary,,296.2,59.2,51.5,66.9,51.8,201.7,24,"prior marker interval 1013 ms over surveyed spacing 300 mm, +/-13%",clears p95 field
143.523,ordinary,,285.4,57.1,49.7,64.5,47.7,187.8,22,"prior marker interval 1051 ms over surveyed spacing 300 mm, +/-13%",clears p95 field
144.538,ordinary,,290.7,58.1,50.6,65.7,45.6,202.9,23,"prior marker interval 1032 ms over surveyed spacing 300 mm, +/-13%",clears p95 field
145.613,ordinary,,284.9,57.0,49.6,64.4,50.4,206.6,25,"prior marker interval 1053 ms over surveyed spacing 300 mm, +/-13%",clears p95 field
146.717,ordinary,,272.5,54.5,47.4,61.6,48.8,191.6,21,"prior marker interval 1101 ms over surveyed spacing 300 mm, +/-13%",clears p95 field
147.793,ordinary,,277.3,55.5,48.2,62.7,48.0,203.0,7,"prior marker interval 1082 ms over surveyed spacing 300 mm, +/-13%",clears p95 field
148.9,ordinary,,271.5,54.3,47.2,61.4,47.5,197.6,19,"prior marker interval 1105 ms over surveyed spacing 300 mm, +/-13%",clears p95 field
149.997,ordinary,,271.5,54.3,47.2,61.4,45.9,193.0,21,"prior marker interval 1105 ms over surveyed spacing 300 mm, +/-13%",clears p95 field
151.078,ordinary,,278.0,55.6,48.4,62.8,47.3,222.7,18,"prior marker interval 1079 ms over surveyed spacing 300 mm, +/-13%",clears p95 field
152.243,ordinary,,255.3,51.1,44.4,57.7,41.9,222.9,21,"prior marker interval 1175 ms over surveyed spacing 300 mm, +/-13%",clears p95 field
153.503,ordinary,,248.4,49.7,43.2,56.1,46.4,204.4,21,"prior marker interval 1228 ms over surveyed spacing 305 mm, +/-13%",clears p95 field
154.714,ordinary,,247.7,49.5,43.1,56.0,46.6,196.7,19,"prior marker interval 1211 ms over surveyed spacing 300 mm, +/-13%",clears p95 field
155.888,ordinary,,259.1,51.8,45.1,58.6,46.6,197.5,20,"prior marker interval 1177 ms over surveyed spacing 305 mm, +/-13%",clears p95 field
157.021,ordinary,,259.5,51.9,45.2,58.7,44.4,177.5,8,"prior marker interval 1156 ms over surveyed spacing 300 mm, +/-13%",clears p95 field
158.079,ordinary,,281.0,56.2,48.9,63.5,48.9,210.4,25,"prior marker interval 1050 ms over surveyed spacing 295 mm, +/-13%",clears p95 field
159.205,ordinary,,266.7,53.3,46.4,60.3,47.2,201.1,23,"prior marker interval 1125 ms over surveyed spacing 300 mm, +/-13%",clears p95 field
160.327,ordinary,,264.8,53.0,46.1,59.8,44.5,220.0,21,"prior marker interval 1133 ms over surveyed spacing 300 mm, +/-13%",clears p95 field
161.537,ordinary,,251.9,50.4,43.8,56.9,45.1,165.5,18,"prior marker interval 1191 ms over surveyed spacing 300 mm, +/-13%",clears p95 field
162.582,ordinary,,294.4,58.9,51.2,66.5,55.3,221.4,20,"prior marker interval 1036 ms over surveyed spacing 305 mm, +/-13%",clears p95 field
163.714,ordinary,,261.6,52.3,45.5,59.1,47.1,207.7,20,"prior marker interval 1147 ms over surveyed spacing 300 mm, +/-13%",clears p95 field
164.898,ordinary,,255.5,51.1,44.5,57.8,48.6,229.5,18,"prior marker interval 1174 ms over surveyed spacing 300 mm, +/-13%",clears p95 field
166.189,ordinary,,237.0,47.4,41.2,53.6,45.7,219.2,16,"prior marker interval 1287 ms over surveyed spacing 305 mm, +/-13%",clears p95 field
167.501,ordinary,,243.2,48.6,42.3,55.0,45.5,177.0,21,"prior marker interval 1316 ms over surveyed spacing 320 mm, +/-13%",clears p95 field
168.614,ordinary,,259.9,52.0,45.2,58.7,48.1,217.0,21,"prior marker interval 1116 ms over surveyed spacing 290 mm, +/-13%",clears p95 field
169.833,ordinary,,262.9,52.6,45.8,59.4,48.4,189.1,15,"prior marker interval 1217 ms over surveyed spacing 320 mm, +/-13%",clears p95 field
170.933,ordinary,,271.5,54.3,47.2,61.4,49.1,265.2,21,"prior marker interval 1105 ms over surveyed spacing 300 mm, +/-13%",clears p95 field
172.31,ordinary,,220.4,44.1,38.4,49.8,44.1,193.5,24,"prior marker interval 1361 ms over surveyed spacing 300 mm, +/-13%",clears p95 field
173.581,ordinary,,238.8,47.8,41.6,54.0,46.1,262.5,21,"prior marker interval 1277 ms over surveyed spacing 305 mm, +/-13%",clears p95 field
175.094,ordinary,,221.2,44.2,38.5,50.0,47.3,254.4,19,"prior marker interval 1492 ms over surveyed spacing 330 mm, +/-13%",clears p95 field
176.652,ordinary,,211.3,42.3,36.8,47.7,43.9,221.4,21,"prior marker interval 1562 ms over surveyed spacing 330 mm, +/-13%",clears p95 field
178.109,ordinary,,219.8,44.0,38.2,49.7,45.9,236.9,24,"prior marker interval 1456 ms over surveyed spacing 320 mm, +/-13%",clears p95 field
179.594,ordinary,,218.9,43.8,38.1,49.5,45.3,229.6,17,"prior marker interval 1485 ms over surveyed spacing 325 mm, +/-13%",clears p95 field
181.047,ordinary,,216.0,43.2,37.6,48.8,44.1,241.8,20,"prior marker interval 1458 ms over surveyed spacing 315 mm, +/-13%",clears p95 field
182.573,ordinary,,233.4,46.7,40.6,52.7,48.3,227.3,20,"prior marker interval 1521 ms over surveyed spacing 355 mm, +/-13%",clears p95 field
183.944,ordinary,,239.3,47.9,41.6,54.1,47.1,227.6,20,"prior marker interval 1379 ms over surveyed spacing 330 mm, +/-13%",clears p95 field
185.292,ordinary,,243.9,48.8,42.4,55.1,48.0,225.4,17,"prior marker interval 1353 ms over surveyed spacing 330 mm, +/-13%",clears p95 field
186.616,ordinary,,249.8,50.0,43.5,56.5,50.0,230.6,21,"prior marker interval 1321 ms over surveyed spacing 330 mm, +/-13%",clears p95 field
187.956,ordinary,,250.0,50.0,43.5,56.5,54.2,266.0,20,"prior marker interval 1320 ms over surveyed spacing 330 mm, +/-13%",clears p95 field
189.442,ordinary,,229.1,45.8,39.9,51.8,50.9,238.5,22,"prior marker interval 1484 ms over surveyed spacing 340 mm, +/-13%",clears p95 field
190.91,ordinary,,225.9,45.2,39.3,51.0,51.0,246.9,24,"prior marker interval 1461 ms over surveyed spacing 330 mm, +/-13%",clears p95 field
192.438,ordinary,,207.5,41.5,36.1,46.9,49.0,227.0,24,"prior marker interval 1518 ms over surveyed spacing 315 mm, +/-13%",clears p95 field
193.946,ordinary,,211.9,42.4,36.9,47.9,45.3,228.4,21,"prior marker interval 1534 ms over surveyed spacing 325 mm, +/-13%",clears p95 field
195.457,ordinary,,221.6,44.3,38.6,50.1,51.6,231.8,21,"prior marker interval 1489 ms over surveyed spacing 330 mm, +/-13%",clears p95 field
196.904,ordinary,,212.7,42.5,37.0,48.1,42.8,208.7,14,"prior marker interval 1481 ms over surveyed spacing 315 mm, +/-13%",clears p95 field
198.289,ordinary,,217.4,43.5,37.8,49.1,44.3,182.0,17,"prior marker interval 1380 ms over surveyed spacing 300 mm, +/-13%",clears p95 field
199.53,ordinary,,241.5,48.3,42.0,54.6,49.3,194.7,20,"prior marker interval 1242 ms over surveyed spacing 300 mm, +/-13%",clears p95 field
200.732,ordinary,,243.8,48.8,42.4,55.1,47.8,199.4,22,"prior marker interval 1210 ms over surveyed spacing 295 mm, +/-13%",clears p95 field
201.946,ordinary,,246.7,49.3,42.9,55.8,48.4,192.7,22,"prior marker interval 1216 ms over surveyed spacing 300 mm, +/-13%",clears p95 field
203.107,ordinary,,247.4,49.5,43.1,55.9,44.5,192.3,18,"prior marker interval 1172 ms over surveyed spacing 290 mm, +/-13%",clears p95 field
204.285,ordinary,,259.3,51.9,45.1,58.6,52.1,229.0,19,"prior marker interval 1157 ms over surveyed spacing 300 mm, +/-13%",clears p95 field
205.576,ordinary,,244.8,49.0,42.6,55.3,50.9,222.7,22,"prior marker interval 1287 ms over surveyed spacing 315 mm, +/-13%",clears p95 field
206.876,ordinary,,238.8,47.8,41.6,54.0,45.4,243.4,17,"prior marker interval 1319 ms over surveyed spacing 315 mm, +/-13%",clears p95 field
208.289,ordinary,,231.0,46.2,40.2,52.2,44.8,208.6,15,"prior marker interval 1407 ms over surveyed spacing 325 mm, +/-13%",clears p95 field
209.594,ordinary,,238.8,47.8,41.6,54.0,48.2,199.9,23,"prior marker interval 1298 ms over surveyed spacing 310 mm, +/-13%",clears p95 field
210.833,ordinary,,241.9,48.4,42.1,54.7,48.9,186.3,22,"prior marker interval 1240 ms over surveyed spacing 300 mm, +/-13%",clears p95 field
212.006,ordinary,,256.4,51.3,44.6,57.9,52.1,203.3,21,"prior marker interval 1170 ms over surveyed spacing 300 mm, +/-13%",clears p95 field
213.196,ordinary,,268.7,53.7,46.8,60.7,52.9,229.7,18,"prior marker interval 1191 ms over surveyed spacing 320 mm, +/-13%",clears p95 field
214.444,ordinary,,250.4,50.1,43.6,56.6,48.3,198.6,21,"prior marker interval 1258 ms over surveyed spacing 315 mm, +/-13%",clears p95 field
215.633,ordinary,,265.4,53.1,46.2,60.0,52.0,183.9,22,"prior marker interval 1187 ms over surveyed spacing 315 mm, +/-13%",clears p95 field
216.709,ordinary,,280.1,56.0,48.7,63.3,51.3,201.4,21,"prior marker interval 1089 ms over surveyed spacing 305 mm, +/-13%",clears p95 field
217.808,ordinary,,272.5,54.5,47.4,61.6,49.0,165.1,18,"prior marker interval 1101 ms over surveyed spacing 300 mm, +/-13%",clears p95 field
218.788,ordinary,,300.1,60.0,52.2,67.8,52.2,179.8,22,"prior marker interval 983 ms over surveyed spacing 295 mm, +/-13%",clears p95 field
219.758,ordinary,,307.1,61.4,53.4,69.4,52.5,204.5,20,"prior marker interval 977 ms over surveyed spacing 300 mm, +/-13%",clears p95 field
220.805,ordinary,,289.6,57.9,50.4,65.4,52.4,198.9,20,"prior marker interval 1036 ms over surveyed spacing 300 mm, +/-13%",clears p95 field
221.865,ordinary,,280.4,56.1,48.8,63.4,48.5,224.9,18,"prior marker interval 1070 ms over surveyed spacing 300 mm, +/-13%",clears p95 field
223.06,ordinary,,255.8,51.2,44.5,57.8,49.4,212.0,21,"prior marker interval 1173 ms over surveyed spacing 300 mm, +/-13%",clears p95 field
224.292,ordinary,,257.8,51.6,44.9,58.3,52.3,232.8,23,"prior marker interval 1222 ms over surveyed spacing 315 mm, +/-13%",clears p95 field
225.591,ordinary,,253.1,50.6,44.0,57.2,49.6,239.4,20,"prior marker interval 1304 ms over surveyed spacing 330 mm, +/-13%",clears p95 field
226.927,ordinary,,238.5,47.7,41.5,53.9,45.3,219.1,16,"prior marker interval 1342 ms over surveyed spacing 320 mm, +/-13%",clears p95 field
228.238,ordinary,,240.1,48.0,41.8,54.3,46.1,213.0,19,"prior marker interval 1312 ms over surveyed spacing 315 mm, +/-13%",clears p95 field
229.522,ordinary,,242.2,48.4,42.1,54.7,47.7,195.0,20,"prior marker interval 1280 ms over surveyed spacing 310 mm, +/-13%",clears p95 field
230.717,ordinary,,250.4,50.1,43.6,56.6,47.6,201.1,19,"prior marker interval 1198 ms over surveyed spacing 300 mm, +/-13%",clears p95 field
231.913,ordinary,,250.6,50.1,43.6,56.6,48.4,191.5,25,"prior marker interval 1197 ms over surveyed spacing 300 mm, +/-13%",clears p95 field
233.061,ordinary,,260.0,52.0,45.2,58.8,47.8,180.9,22,"prior marker interval 1154 ms over surveyed spacing 300 mm, +/-13%",clears p95 field
234.143,ordinary,,277.5,55.5,48.3,62.7,51.6,192.3,20,"prior marker interval 1081 ms over surveyed spacing 300 mm, +/-13%",clears p95 field
235.221,ordinary,,278.0,55.6,48.4,62.8,51.4,192.1,15,"prior marker interval 1079 ms over surveyed spacing 300 mm, +/-13%",clears p95 field
236.293,ordinary,,278.8,55.8,48.5,63.0,50.5,192.1,20,"prior marker interval 1076 ms over surveyed spacing 300 mm, +/-13%",clears p95 field
237.368,ordinary,,280.4,56.1,48.8,63.4,52.1,197.1,20,"prior marker interval 1070 ms over surveyed spacing 300 mm, +/-13%",clears p95 field
238.446,ordinary,,275.2,55.0,47.9,62.2,48.2,182.2,21,"prior marker interval 1090 ms over surveyed spacing 300 mm, +/-13%",clears p95 field
239.487,ordinary,,289.6,57.9,50.4,65.4,51.8,200.4,20,"prior marker interval 1036 ms over surveyed spacing 300 mm, +/-13%",clears p95 field
240.552,ordinary,,280.1,56.0,48.7,63.3,48.5,184.0,20,"prior marker interval 1071 ms over surveyed spacing 300 mm, +/-13%",clears p95 field
241.592,ordinary,,290.7,58.1,50.6,65.7,53.2,188.7,20,"prior marker interval 1032 ms over surveyed spacing 300 mm, +/-13%",clears p95 field
242.623,ordinary,,291.3,58.3,50.7,65.8,53.0,192.8,21,"prior marker interval 1030 ms over surveyed spacing 300 mm, +/-13%",clears p95 field
243.661,ordinary,,287.4,57.5,50.0,64.9,50.6,199.7,10,"prior marker interval 1044 ms over surveyed spacing 300 mm, +/-13%",clears p95 field
244.735,ordinary,,279.9,56.0,48.7,63.2,50.1,198.4,16,"prior marker interval 1072 ms over surveyed spacing 300 mm, +/-13%",clears p95 field
245.829,ordinary,,276.2,55.2,48.1,62.4,51.1,201.9,21,"prior marker interval 1086 ms over surveyed spacing 300 mm, +/-13%",clears p95 field
246.944,ordinary,,268.6,53.7,46.7,60.7,49.4,194.7,21,"prior marker interval 1117 ms over surveyed spacing 300 mm, +/-13%",clears p95 field
248.052,ordinary,,270.3,54.1,47.0,61.1,49.5,191.6,16,"prior marker interval 1110 ms over surveyed spacing 300 mm, +/-13%",clears p95 field
249.14,ordinary,,274.7,54.9,47.8,62.1,49.2,203.3,17,"prior marker interval 1092 ms over surveyed spacing 300 mm, +/-13%",clears p95 field
250.264,ordinary,,268.8,53.8,46.8,60.8,49.5,200.0,26,"prior marker interval 1116 ms over surveyed spacing 300 mm, +/-13%",clears p95 field
251.401,ordinary,,265.5,53.1,46.2,60.0,51.2,191.9,16,"prior marker interval 1130 ms over surveyed spacing 300 mm, +/-13%",clears p95 field
252.512,ordinary,,268.8,53.8,46.8,60.8,50.5,203.0,12,"prior marker interval 1116 ms over surveyed spacing 300 mm, +/-13%",clears p95 field
253.658,ordinary,,262.5,52.5,45.7,59.3,50.1,200.0,18,"prior marker interval 1143 ms over surveyed spacing 300 mm, +/-13%",clears p95 field
254.809,ordinary,,259.7,51.9,45.2,58.7,49.1,233.5,18,"prior marker interval 1155 ms over surveyed spacing 300 mm, +/-13%",clears p95 field
256.111,ordinary,,229.4,45.9,39.9,51.8,46.6,187.6,18,"prior marker interval 1286 ms over surveyed spacing 295 mm, +/-13%",clears p95 field
257.328,ordinary,,261.9,52.4,45.6,59.2,52.1,251.9,20,"prior marker interval 1222 ms over surveyed spacing 320 mm, +/-13%",clears p95 field
258.699,ordinary,,220.3,44.1,38.3,49.8,46.0,239.0,19,"prior marker interval 1362 ms over surveyed spacing 300 mm, +/-13%",clears p95 field
260.208,ordinary,,210.8,42.2,36.7,47.7,47.2,260.2,19,"prior marker interval 1494 ms over surveyed spacing 315 mm, +/-13%",clears p95 field
261.87,ordinary,,193.1,38.6,33.6,43.6,44.0,206.6,15,"prior marker interval 1657 ms over surveyed spacing 320 mm, +/-13%",clears p95 field
263.379,ordinary,,210.1,42.0,36.6,47.5,50.2,259.1,22,"prior marker interval 1499 ms over surveyed spacing 315 mm, +/-13%",clears p95 field
265.037,ordinary,,194.5,38.9,33.8,44.0,43.8,261.2,20,"prior marker interval 1671 ms over surveyed spacing 325 mm, +/-13%",clears p95 field
266.804,ordinary,,178.2,35.6,31.0,40.3,39.9,206.5,17,"prior marker interval 1768 ms over surveyed spacing 315 mm, +/-13%",clears typical field
268.381,ordinary,,193.7,38.7,33.7,43.8,42.2,203.9,19,"prior marker interval 1575 ms over surveyed spacing 305 mm, +/-13%",clears p95 field
269.832,ordinary,,201.9,40.4,35.1,45.6,40.0,214.0,17,"prior marker interval 1486 ms over surveyed spacing 300 mm, +/-13%",clears p95 field
271.298,ordinary,,210.8,42.2,36.7,47.6,43.4,204.7,18,"prior marker interval 1447 ms over surveyed spacing 305 mm, +/-13%",clears p95 field
272.669,ordinary,,217.2,43.4,37.8,49.1,43.4,207.9,19,"prior marker interval 1381 ms over surveyed spacing 300 mm, +/-13%",clears p95 field
274.015,ordinary,,220.8,44.2,38.4,49.9,41.7,205.1,19,"prior marker interval 1359 ms over surveyed spacing 300 mm, +/-13%",clears p95 field
275.327,ordinary,,224.2,44.8,39.0,50.7,41.0,197.0,18,"prior marker interval 1316 ms over surveyed spacing 295 mm, +/-13%",clears p95 field
276.595,ordinary,,232.8,46.6,40.5,52.6,44.0,230.7,19,"prior marker interval 1267 ms over surveyed spacing 295 mm, +/-13%",clears p95 field
277.982,ordinary,,218.2,43.6,38.0,49.3,42.8,243.3,16,"prior marker interval 1375 ms over surveyed spacing 300 mm, +/-13%",clears p95 field
279.524,ordinary,,199.9,40.0,34.8,45.2,45.4,248.8,15,"prior marker interval 1501 ms over surveyed spacing 300 mm, +/-13%",clears p95 field
281.176,ordinary,,177.7,35.5,30.9,40.2,36.8,219.1,21,"prior marker interval 1688 ms over surveyed spacing 300 mm, +/-13%",clears typical field
282.814,ordinary,,183.3,36.7,31.9,41.4,37.6,202.1,16,"prior marker interval 1637 ms over surveyed spacing 300 mm, +/-13%",clears typical field
284.325,ordinary,,200.0,40.0,34.8,45.2,41.6,202.2,19,"prior marker interval 1500 ms over surveyed spacing 300 mm, +/-13%",clears p95 field
285.749,ordinary,,211.4,42.3,36.8,47.8,45.0,198.5,18,"prior marker interval 1419 ms over surveyed spacing 300 mm, +/-13%",clears p95 field
287.098,ordinary,,220.4,44.1,38.4,49.8,46.3,212.0,13,"prior marker interval 1361 ms over surveyed spacing 300 mm, +/-13%",clears p95 field
288.474,ordinary,,222.5,44.5,38.7,50.3,47.6,212.9,18,"prior marker interval 1371 ms over surveyed spacing 305 mm, +/-13%",clears p95 field
289.843,ordinary,,220.6,44.1,38.4,49.9,46.8,211.3,23,"prior marker interval 1360 ms over surveyed spacing 300 mm, +/-13%",clears p95 field
291.226,ordinary,,218.8,43.8,38.1,49.5,49.2,217.5,19,"prior marker interval 1371 ms over surveyed spacing 300 mm, +/-13%",clears p95 field
292.636,ordinary,,214.6,42.9,37.3,48.5,46.4,202.2,18,"prior marker interval 1421 ms over surveyed spacing 305 mm, +/-13%",clears p95 field
293.994,ordinary,,219.6,43.9,38.2,49.6,47.4,198.1,20,"prior marker interval 1366 ms over surveyed spacing 300 mm, +/-13%",clears p95 field
295.294,ordinary,,228.7,45.7,39.8,51.7,45.3,213.6,20,"prior marker interval 1312 ms over surveyed spacing 300 mm, +/-13%",clears p95 field
296.637,ordinary,,248.7,49.7,43.3,56.2,52.0,212.6,19,"prior marker interval 1327 ms over surveyed spacing 330 mm, +/-13%",clears p95 field
297.892,ordinary,,235.7,47.1,41.0,53.3,47.1,196.3,21,"prior marker interval 1273 ms over surveyed spacing 300 mm, +/-13%",clears p95 field
299.12,ordinary,,244.7,48.9,42.6,55.3,47.7,187.9,19,"prior marker interval 1226 ms over surveyed spacing 300 mm, +/-13%",clears p95 field
300.268,ordinary,,260.5,52.1,45.3,58.9,46.9,179.7,19,"prior marker interval 1171 ms over surveyed spacing 305 mm, +/-13%",clears p95 field
301.335,ordinary,,280.4,56.1,48.8,63.4,49.6,195.7,17,"prior marker interval 1070 ms over surveyed spacing 300 mm, +/-13%",clears p95 field
302.418,ordinary,,281.4,56.3,49.0,63.6,52.1,197.8,22,"prior marker interval 1066 ms over surveyed spacing 300 mm, +/-13%",clears p95 field
303.514,ordinary,,273.2,54.6,47.5,61.7,52.7,208.5,22,"prior marker interval 1098 ms over surveyed spacing 300 mm, +/-13%",clears p95 field
304.672,ordinary,,261.3,52.3,45.5,59.1,51.0,211.4,18,"prior marker interval 1148 ms over surveyed spacing 300 mm, +/-13%",clears p95 field
305.883,ordinary,,247.9,49.6,43.1,56.0,50.1,204.5,21,"prior marker interval 1210 ms over surveyed spacing 300 mm, +/-13%",clears p95 field
307.096,ordinary,,244.9,49.0,42.6,55.3,46.0,198.1,23,"prior marker interval 1225 ms over surveyed spacing 300 mm, +/-13%",clears p95 field
308.291,ordinary,,250.6,50.1,43.6,56.6,46.6,204.8,18,"prior marker interval 1197 ms over surveyed spacing 300 mm, +/-13%",clears p95 field
309.503,ordinary,,251.5,50.3,43.8,56.8,49.0,194.9,21,"prior marker interval 1193 ms over surveyed spacing 300 mm, +/-13%",clears p95 field
310.66,ordinary,,253.4,50.7,44.1,57.3,46.1,204.7,21,"prior marker interval 1184 ms over surveyed spacing 300 mm, +/-13%",clears p95 field
311.858,ordinary,,253.6,50.7,44.1,57.3,48.2,183.9,18,"prior marker interval 1183 ms over surveyed spacing 300 mm, +/-13%",clears p95 field
312.967,ordinary,,268.1,53.6,46.6,60.6,49.3,184.7,20,"prior marker interval 1119 ms over surveyed spacing 300 mm, +/-13%",clears p95 field
314.035,ordinary,,279.6,55.9,48.6,63.2,50.0,200.5,22,"prior marker interval 1073 ms over surveyed spacing 300 mm, +/-13%",clears p95 field
315.134,ordinary,,274.0,54.8,47.7,61.9,49.9,156.7,19,"prior marker interval 1095 ms over surveyed spacing 300 mm, +/-13%",clears p95 field
316.069,ordinary,,309.2,61.8,53.8,69.9,50.4,205.0,18,"prior marker interval 954 ms over surveyed spacing 295 mm, +/-13%",clears p95 field
317.098,ordinary,,291.8,58.4,50.8,66.0,48.4,196.1,12,"prior marker interval 1028 ms over surveyed spacing 300 mm, +/-13%",clears p95 field
318.156,ordinary,,289.6,57.9,50.4,65.4,53.9,227.9,16,"prior marker interval 1036 ms over surveyed spacing 300 mm, +/-13%",clears p95 field
319.332,ordinary,,256.2,51.2,44.6,57.9,48.4,211.6,22,"prior marker interval 1171 ms over surveyed spacing 300 mm, +/-13%",clears p95 field
320.546,ordinary,,245.9,49.2,42.8,55.6,46.2,204.8,21,"prior marker interval 1220 ms over surveyed spacing 300 mm, +/-13%",clears p95 field
321.775,ordinary,,247.7,49.5,43.1,56.0,48.6,218.5,19,"prior marker interval 1211 ms over surveyed spacing 300 mm, +/-13%",clears p95 field
323.057,ordinary,,237.7,47.5,41.4,53.7,47.5,230.8,18,"prior marker interval 1283 ms over surveyed spacing 305 mm, +/-13%",clears p95 field
324.427,ordinary,,219.3,43.9,38.2,49.6,43.6,243.0,21,"prior marker interval 1368 ms over surveyed spacing 300 mm, +/-13%",clears p95 field
325.937,ordinary,,198.5,39.7,34.5,44.9,40.1,183.5,20,"prior marker interval 1511 ms over surveyed spacing 300 mm, +/-13%",clears p95 field
327.261,ordinary,,241.3,48.3,42.0,54.5,48.3,231.4,20,"prior marker interval 1326 ms over surveyed spacing 320 mm, +/-13%",clears p95 field
328.61,ordinary,,235.5,47.1,41.0,53.2,44.7,187.4,21,"prior marker interval 1359 ms over surveyed spacing 320 mm, +/-13%",clears p95 field
329.788,ordinary,,252.7,50.5,44.0,57.1,46.0,183.0,17,"prior marker interval 1187 ms over surveyed spacing 300 mm, +/-13%",clears p95 field
330.894,ordinary,,271.0,54.2,47.2,61.2,49.3,209.8,23,"prior marker interval 1107 ms over surveyed spacing 300 mm, +/-13%",clears p95 field
332.049,ordinary,,259.7,51.9,45.2,58.7,47.0,196.1,22,"prior marker interval 1155 ms over surveyed spacing 300 mm, +/-13%",clears p95 field
333.197,ordinary,,264.1,52.8,46.0,59.7,51.0,211.8,19,"prior marker interval 1136 ms over surveyed spacing 300 mm, +/-13%",clears p95 field
334.388,ordinary,,250.6,50.1,43.6,56.6,47.4,197.7,22,"prior marker interval 1197 ms over surveyed spacing 300 mm, +/-13%",clears p95 field
335.572,ordinary,,255.5,51.1,44.5,57.8,49.8,173.8,20,"prior marker interval 1174 ms over surveyed spacing 300 mm, +/-13%",clears p95 field
336.631,ordinary,,279.1,55.8,48.6,63.1,50.0,188.9,20,"prior marker interval 1075 ms over surveyed spacing 300 mm, +/-13%",clears p95 field
337.688,ordinary,,283.6,56.7,49.3,64.1,51.0,159.4,19,"prior marker interval 1058 ms over surveyed spacing 300 mm, +/-13%",clears p95 field
338.631,ordinary,,318.8,63.8,55.5,72.1,57.7,195.1,21,"prior marker interval 941 ms over surveyed spacing 300 mm, +/-13%",clears p95 field
339.633,ordinary,,302.1,60.4,52.6,68.3,57.4,185.8,24,"prior marker interval 993 ms over surveyed spacing 300 mm, +/-13%",clears p95 field
340.631,ordinary,,297.9,59.6,51.8,67.3,54.5,191.3,21,"prior marker interval 1007 ms over surveyed spacing 300 mm, +/-13%",clears p95 field
341.656,ordinary,,292.7,58.5,50.9,66.1,53.6,186.1,20,"prior marker interval 1025 ms over surveyed spacing 300 mm, +/-13%",clears p95 field
342.683,ordinary,,294.4,58.9,51.2,66.5,56.2,189.0,21,"prior marker interval 1019 ms over surveyed spacing 300 mm, +/-13%",clears p95 field
343.718,ordinary,,271.8,54.4,47.3,61.4,52.5,208.5,20,"prior marker interval 1030 ms over surveyed spacing 280 mm, +/-13%",clears p95 field
344.864,ordinary,,258.2,51.6,44.9,58.3,46.2,170.4,19,"prior marker interval 1162 ms over surveyed spacing 300 mm, +/-13%",clears p95 field
345.904,ordinary,,288.5,57.7,50.2,65.2,51.9,222.4,22,"prior marker interval 1040 ms over surveyed spacing 300 mm, +/-13%",clears p95 field
347.043,ordinary,,251.5,50.3,43.8,56.8,42.3,191.2,21,"prior marker interval 1153 ms over surveyed spacing 290 mm, +/-13%",clears p95 field
348.173,ordinary,,266.4,53.3,46.4,60.2,45.3,179.3,21,"prior marker interval 1126 ms over surveyed spacing 300 mm, +/-13%",clears p95 field
349.213,ordinary,,288.5,57.7,50.2,65.2,48.2,187.5,20,"prior marker interval 1040 ms over surveyed spacing 300 mm, +/-13%",clears p95 field
350.225,ordinary,,292.4,58.5,50.9,66.1,47.4,173.7,21,"prior marker interval 1026 ms over surveyed spacing 300 mm, +/-13%",clears p95 field
351.182,ordinary,,316.1,63.2,55.0,71.4,51.5,208.3,17,"prior marker interval 949 ms over surveyed spacing 300 mm, +/-13%",clears p95 field
352.211,ordinary,,292.7,58.5,50.9,66.1,49.8,203.1,20,"prior marker interval 1025 ms over surveyed spacing 300 mm, +/-13%",clears p95 field
353.281,ordinary,,283.8,56.8,49.4,64.1,50.0,181.9,24,"prior marker interval 1057 ms over surveyed spacing 300 mm, +/-13%",clears p95 field
354.288,ordinary,,293.3,58.7,51.0,66.3,48.7,201.2,18,"prior marker interval 1023 ms over surveyed spacing 300 mm, +/-13%",clears p95 field
355.351,ordinary,,285.7,57.1,49.7,64.6,50.6,209.1,27,"prior marker interval 1050 ms over surveyed spacing 300 mm, +/-13%",clears p95 field
356.453,ordinary,,270.8,54.2,47.1,61.2,46.0,194.1,19,"prior marker interval 1108 ms over surveyed spacing 300 mm, +/-13%",clears p95 field
357.536,ordinary,,278.0,55.6,48.4,62.8,46.2,203.8,18,"prior marker interval 1079 ms over surveyed spacing 300 mm, +/-13%",clears p95 field
358.635,ordinary,,271.0,54.2,47.2,61.2,45.0,197.0,21,"prior marker interval 1107 ms over surveyed spacing 300 mm, +/-13%",clears p95 field
359.73,ordinary,,273.7,54.7,47.6,61.9,46.0,193.5,18,"prior marker interval 1096 ms over surveyed spacing 300 mm, +/-13%",clears p95 field
360.814,ordinary,,279.1,55.8,48.6,63.1,49.4,224.9,24,"prior marker interval 1075 ms over surveyed spacing 300 mm, +/-13%",clears p95 field
361.981,ordinary,,253.4,50.7,44.1,57.3,40.8,223.0,15,"prior marker interval 1184 ms over surveyed spacing 300 mm, +/-13%",clears p95 field
363.25,ordinary,,247.4,49.5,43.0,55.9,46.8,205.6,19,"prior marker interval 1233 ms over surveyed spacing 305 mm, +/-13%",clears p95 field
364.469,ordinary,,245.9,49.2,42.8,55.6,46.2,198.7,21,"prior marker interval 1220 ms over surveyed spacing 300 mm, +/-13%",clears p95 field
365.667,ordinary,,255.4,51.1,44.4,57.7,48.5,197.5,21,"prior marker interval 1194 ms over surveyed spacing 305 mm, +/-13%",clears p95 field
366.812,ordinary,,255.8,51.2,44.5,57.8,44.0,178.0,19,"prior marker interval 1173 ms over surveyed spacing 300 mm, +/-13%",clears p95 field
367.88,ordinary,,276.5,55.3,48.1,62.5,47.6,210.7,20,"prior marker interval 1067 ms over surveyed spacing 295 mm, +/-13%",clears p95 field
369.023,ordinary,,264.1,52.8,46.0,59.7,47.8,199.9,22,"prior marker interval 1136 ms over surveyed spacing 300 mm, +/-13%",clears p95 field
370.153,ordinary,,264.6,52.9,46.0,59.8,45.8,218.3,15,"prior marker interval 1134 ms over surveyed spacing 300 mm, +/-13%",clears p95 field
371.36,ordinary,,251.5,50.3,43.8,56.8,45.8,169.5,18,"prior marker interval 1193 ms over surveyed spacing 300 mm, +/-13%",clears p95 field
372.418,ordinary,,288.3,57.7,50.2,65.2,53.0,219.7,21,"prior marker interval 1058 ms over surveyed spacing 305 mm, +/-13%",clears p95 field
373.55,ordinary,,260.6,52.1,45.4,58.9,44.3,209.6,23,"prior marker interval 1151 ms over surveyed spacing 300 mm, +/-13%",clears p95 field
374.756,ordinary,,255.5,51.1,44.5,57.8,51.6,231.5,17,"prior marker interval 1174 ms over surveyed spacing 300 mm, +/-13%",clears p95 field
376.051,ordinary,,233.2,46.6,40.6,52.7,44.1,218.3,10,"prior marker interval 1308 ms over surveyed spacing 305 mm, +/-13%",clears p95 field
377.378,ordinary,,241.5,48.3,42.0,54.6,46.1,175.8,20,"prior marker interval 1325 ms over surveyed spacing 320 mm, +/-13%",clears p95 field
378.494,ordinary,,259.4,51.9,45.1,58.6,48.8,218.7,19,"prior marker interval 1118 ms over surveyed spacing 290 mm, +/-13%",clears p95 field
379.719,ordinary,,260.6,52.1,45.3,58.9,47.4,186.8,18,"prior marker interval 1228 ms over surveyed spacing 320 mm, +/-13%",clears p95 field
380.818,ordinary,,272.5,54.5,47.4,61.6,49.6,265.4,21,"prior marker interval 1101 ms over surveyed spacing 300 mm, +/-13%",clears p95 field
382.197,ordinary,,221.1,44.2,38.5,50.0,45.3,196.1,16,"prior marker interval 1357 ms over surveyed spacing 300 mm, +/-13%",clears p95 field
383.48,ordinary,,236.1,47.2,41.1,53.4,46.3,261.3,19,"prior marker interval 1292 ms over surveyed spacing 305 mm, +/-13%",clears p95 field
384.999,ordinary,,219.6,43.9,38.2,49.6,46.5,253.6,17,"prior marker interval 1503 ms over surveyed spacing 330 mm, +/-13%",clears p95 field
386.562,ordinary,,210.9,42.2,36.7,47.7,43.9,219.7,21,"prior marker interval 1565 ms over surveyed spacing 330 mm, +/-13%",clears p95 field
388.012,ordinary,,220.5,44.1,38.4,49.8,45.9,236.0,18,"prior marker interval 1451 ms over surveyed spacing 320 mm, +/-13%",clears p95 field
389.492,ordinary,,220.0,44.0,38.3,49.7,46.2,233.7,17,"prior marker interval 1477 ms over surveyed spacing 325 mm, +/-13%",clears p95 field
390.958,ordinary,,213.6,42.7,37.2,48.3,43.6,239.0,17,"prior marker interval 1475 ms over surveyed spacing 315 mm, +/-13%",clears p95 field
392.486,ordinary,,233.6,46.7,40.6,52.8,48.8,227.9,13,"prior marker interval 1520 ms over surveyed spacing 355 mm, +/-13%",clears p95 field
393.855,ordinary,,238.8,47.8,41.5,54.0,46.1,233.1,21,"prior marker interval 1382 ms over surveyed spacing 330 mm, +/-13%",clears p95 field
395.23,ordinary,,240.2,48.0,41.8,54.3,47.8,221.7,20,"prior marker interval 1374 ms over surveyed spacing 330 mm, +/-13%",clears p95 field
396.556,ordinary,,249.6,49.9,43.4,56.4,50.7,231.1,22,"prior marker interval 1322 ms over surveyed spacing 330 mm, +/-13%",clears p95 field
397.895,ordinary,,248.5,49.7,43.2,56.2,52.9,265.1,19,"prior marker interval 1328 ms over surveyed spacing 330 mm, +/-13%",clears p95 field
399.383,ordinary,,228.8,45.8,39.8,51.7,50.6,236.1,28,"prior marker interval 1486 ms over surveyed spacing 340 mm, +/-13%",clears p95 field
400.844,ordinary,,228.4,45.7,39.7,51.6,52.3,244.6,24,"prior marker interval 1445 ms over surveyed spacing 330 mm, +/-13%",clears p95 field
402.353,ordinary,,209.7,41.9,36.5,47.4,49.9,228.8,21,"prior marker interval 1502 ms over surveyed spacing 315 mm, +/-13%",clears p95 field
403.859,ordinary,,212.4,42.5,37.0,48.0,45.7,230.9,22,"prior marker interval 1530 ms over surveyed spacing 325 mm, +/-13%",clears p95 field
405.377,ordinary,,220.0,44.0,38.3,49.7,50.8,229.7,24,"prior marker interval 1500 ms over surveyed spacing 330 mm, +/-13%",clears p95 field
406.827,ordinary,,212.8,42.6,37.0,48.1,43.8,209.2,20,"prior marker interval 1480 ms over surveyed spacing 315 mm, +/-13%",clears p95 field
408.22,ordinary,,216.9,43.4,37.7,49.0,45.6,182.9,17,"prior marker interval 1383 ms over surveyed spacing 300 mm, +/-13%",clears p95 field
409.462,ordinary,,239.0,47.8,41.6,54.0,47.6,197.0,20,"prior marker interval 1255 ms over surveyed spacing 300 mm, +/-13%",clears p95 field
410.681,ordinary,,241.4,48.3,42.0,54.6,47.1,201.1,22,"prior marker interval 1222 ms over surveyed spacing 295 mm, +/-13%",clears p95 field
411.907,ordinary,,244.1,48.8,42.5,55.2,47.1,194.8,19,"prior marker interval 1229 ms over surveyed spacing 300 mm, +/-13%",clears p95 field
413.085,ordinary,,244.1,48.8,42.5,55.2,43.9,194.8,16,"prior marker interval 1188 ms over surveyed spacing 290 mm, +/-13%",clears p95 field
414.284,ordinary,,254.2,50.8,44.2,57.5,51.1,228.6,20,"prior marker interval 1180 ms over surveyed spacing 300 mm, +/-13%",clears p95 field
415.584,ordinary,,242.7,48.5,42.2,54.8,48.8,221.3,20,"prior marker interval 1298 ms over surveyed spacing 315 mm, +/-13%",clears p95 field
416.886,ordinary,,238.8,47.8,41.6,54.0,45.4,239.8,19,"prior marker interval 1319 ms over surveyed spacing 315 mm, +/-13%",clears p95 field
418.285,ordinary,,233.8,46.8,40.7,52.8,45.6,207.6,18,"prior marker interval 1390 ms over surveyed spacing 325 mm, +/-13%",clears p95 field
419.576,ordinary,,241.4,48.3,42.0,54.6,49.0,198.0,24,"prior marker interval 1284 ms over surveyed spacing 310 mm, +/-13%",clears p95 field
420.793,ordinary,,244.9,49.0,42.6,55.3,48.2,185.6,20,"prior marker interval 1225 ms over surveyed spacing 300 mm, +/-13%",clears p95 field
421.949,ordinary,,260.4,52.1,45.3,58.9,51.6,201.8,21,"prior marker interval 1152 ms over surveyed spacing 300 mm, +/-13%",clears p95 field
423.126,ordinary,,272.8,54.6,47.5,61.7,55.1,230.2,26,"prior marker interval 1173 ms over surveyed spacing 320 mm, +/-13%",clears p95 field
424.364,ordinary,,252.6,50.5,44.0,57.1,49.0,197.8,20,"prior marker interval 1247 ms over surveyed spacing 315 mm, +/-13%",clears p95 field
425.542,ordinary,,267.4,53.5,46.5,60.4,52.1,185.3,22,"prior marker interval 1178 ms over surveyed spacing 315 mm, +/-13%",clears p95 field
426.618,ordinary,,280.3,56.1,48.8,63.4,51.3,201.0,19,"prior marker interval 1088 ms over surveyed spacing 305 mm, +/-13%",clears p95 field
427.714,ordinary,,273.2,54.6,47.5,61.7,48.9,165.8,11,"prior marker interval 1098 ms over surveyed spacing 300 mm, +/-13%",clears p95 field
428.697,ordinary,,299.2,59.8,52.1,67.6,52.7,178.9,20,"prior marker interval 986 ms over surveyed spacing 295 mm, +/-13%",clears p95 field
429.665,ordinary,,307.7,61.5,53.5,69.5,52.3,201.2,21,"prior marker interval 975 ms over surveyed spacing 300 mm, +/-13%",clears p95 field
430.701,ordinary,,293.3,58.7,51.0,66.3,53.4,202.6,15,"prior marker interval 1023 ms over surveyed spacing 300 mm, +/-13%",clears p95 field
431.772,ordinary,,279.3,55.9,48.6,63.1,50.3,223.2,18,"prior marker interval 1074 ms over surveyed spacing 300 mm, +/-13%",clears p95 field
432.965,ordinary,,254.7,50.9,44.3,57.6,49.4,211.6,20,"prior marker interval 1178 ms over surveyed spacing 300 mm, +/-13%",clears p95 field
434.196,ordinary,,257.4,51.5,44.8,58.2,51.5,235.0,19,"prior marker interval 1224 ms over surveyed spacing 315 mm, +/-13%",clears p95 field
435.504,ordinary,,251.7,50.3,43.8,56.9,49.1,241.4,23,"prior marker interval 1311 ms over surveyed spacing 330 mm, +/-13%",clears p95 field
436.863,ordinary,,235.6,47.1,41.0,53.3,47.1,220.6,14,"prior marker interval 1358 ms over surveyed spacing 320 mm, +/-13%",clears p95 field
438.188,ordinary,,235.8,47.2,41.0,53.3,44.6,209.1,20,"prior marker interval 1336 ms over surveyed spacing 315 mm, +/-13%",clears p95 field
439.475,ordinary,,242.8,48.6,42.2,54.9,48.6,194.0,21,"prior marker interval 1277 ms over surveyed spacing 310 mm, +/-13%",clears p95 field
440.67,ordinary,,250.8,50.2,43.6,56.7,49.2,195.4,20,"prior marker interval 1196 ms over surveyed spacing 300 mm, +/-13%",clears p95 field
441.839,ordinary,,254.7,50.9,44.3,57.6,48.4,192.8,16,"prior marker interval 1178 ms over surveyed spacing 300 mm, +/-13%",clears p95 field
442.98,ordinary,,261.8,52.4,45.5,59.2,48.2,181.7,21,"prior marker interval 1146 ms over surveyed spacing 300 mm, +/-13%",clears p95 field
444.054,ordinary,,278.3,55.7,48.4,62.9,50.1,190.1,20,"prior marker interval 1078 ms over surveyed spacing 300 mm, +/-13%",clears p95 field
445.12,ordinary,,282.2,56.4,49.1,63.8,51.6,191.1,20,"prior marker interval 1063 ms over surveyed spacing 300 mm, +/-13%",clears p95 field
446.175,ordinary,,283.0,56.6,49.2,64.0,50.4,191.0,28,"prior marker interval 1060 ms over surveyed spacing 300 mm, +/-13%",clears p95 field
447.231,ordinary,,285.2,57.0,49.6,64.4,51.6,198.5,16,"prior marker interval 1052 ms over surveyed spacing 300 mm, +/-13%",clears p95 field
448.3,ordinary,,278.3,55.7,48.4,62.9,48.1,181.7,18,"prior marker interval 1078 ms over surveyed spacing 300 mm, +/-13%",clears p95 field
449.33,ordinary,,292.4,58.5,50.9,66.1,51.8,188.0,8,"prior marker interval 1026 ms over surveyed spacing 300 mm, +/-13%",clears p95 field
450.349,ordinary,,293.8,58.8,51.1,66.4,51.7,192.8,23,"prior marker interval 1021 ms over surveyed spacing 300 mm, +/-13%",clears p95 field
451.378,ordinary,,291.0,58.2,50.6,65.8,50.3,190.0,18,"prior marker interval 1031 ms over surveyed spacing 300 mm, +/-13%",clears p95 field
452.411,ordinary,,293.0,58.6,51.0,66.2,52.7,189.3,17,"prior marker interval 1024 ms over surveyed spacing 300 mm, +/-13%",clears p95 field
453.439,ordinary,,291.8,58.4,50.8,66.0,53.1,204.6,19,"prior marker interval 1028 ms over surveyed spacing 300 mm, +/-13%",clears p95 field
454.513,ordinary,,277.0,55.4,48.2,62.6,47.9,186.7,16,"prior marker interval 1083 ms over surveyed spacing 300 mm, +/-13%",clears p95 field
455.575,ordinary,,286.8,57.4,49.9,64.8,53.9,206.2,18,"prior marker interval 1046 ms over surveyed spacing 300 mm, +/-13%",clears p95 field
456.674,ordinary,,270.5,54.1,47.1,61.1,48.7,196.1,16,"prior marker interval 1109 ms over surveyed spacing 300 mm, +/-13%",clears p95 field
457.78,ordinary,,271.5,54.3,47.2,61.4,49.1,187.9,20,"prior marker interval 1105 ms over surveyed spacing 300 mm, +/-13%",clears p95 field
458.856,ordinary,,279.6,55.9,48.6,63.2,51.4,202.4,21,"prior marker interval 1073 ms over surveyed spacing 300 mm, +/-13%",clears p95 field
459.957,ordinary,,271.2,54.2,47.2,61.3,48.0,201.3,20,"prior marker interval 1106 ms over surveyed spacing 300 mm, +/-13%",clears p95 field
461.088,ordinary,,267.9,53.6,46.6,60.5,50.6,192.3,18,"prior marker interval 1120 ms over surveyed spacing 300 mm, +/-13%",clears p95 field
462.192,ordinary,,271.0,54.2,47.2,61.2,50.4,202.2,20,"prior marker interval 1107 ms over surveyed spacing 300 mm, +/-13%",clears p95 field
463.324,ordinary,,264.8,53.0,46.1,59.8,49.2,201.5,12,"prior marker interval 1133 ms over surveyed spacing 300 mm, +/-13%",clears p95 field
464.465,ordinary,,261.8,52.4,45.5,59.2,47.1,228.0,17,"prior marker interval 1146 ms over surveyed spacing 300 mm, +/-13%",clears p95 field
465.74,ordinary,,235.8,47.2,41.0,53.3,48.1,191.0,16,"prior marker interval 1251 ms over surveyed spacing 295 mm, +/-13%",clears p95 field
466.953,ordinary,,263.4,52.7,45.8,59.5,53.5,250.7,20,"prior marker interval 1215 ms over surveyed spacing 320 mm, +/-13%",clears p95 field
468.316,ordinary,,221.2,44.2,38.5,50.0,46.7,239.6,22,"prior marker interval 1356 ms over surveyed spacing 300 mm, +/-13%",clears p95 field
469.815,ordinary,,211.1,42.2,36.7,47.7,45.6,257.2,21,"prior marker interval 1492 ms over surveyed spacing 315 mm, +/-13%",clears p95 field
471.46,ordinary,,195.7,39.1,34.1,44.2,44.4,203.0,17,"prior marker interval 1635 ms over surveyed spacing 320 mm, +/-13%",clears p95 field
472.931,ordinary,,214.3,42.9,37.3,48.4,50.1,258.4,21,"prior marker interval 1470 ms over surveyed spacing 315 mm, +/-13%",clears p95 field
474.561,ordinary,,198.8,39.8,34.6,44.9,44.5,268.5,17,"prior marker interval 1635 ms over surveyed spacing 325 mm, +/-13%",clears p95 field
476.329,ordinary,,177.5,35.5,30.9,40.1,38.5,203.0,17,"prior marker interval 1775 ms over surveyed spacing 315 mm, +/-13%",clears typical field
477.896,ordinary,,195.8,39.2,34.1,44.2,43.7,202.0,19,"prior marker interval 1558 ms over surveyed spacing 305 mm, +/-13%",clears p95 field
479.321,ordinary,,205.1,41.0,35.7,46.3,39.6,213.5,21,"prior marker interval 1463 ms over surveyed spacing 300 mm, +/-13%",clears typical field
480.771,ordinary,,213.9,42.8,37.2,48.3,44.7,205.8,18,"prior marker interval 1426 ms over surveyed spacing 305 mm, +/-13%",clears p95 field
482.126,ordinary,,218.2,43.6,38.0,49.3,42.1,208.6,16,"prior marker interval 1375 ms over surveyed spacing 300 mm, +/-13%",clears p95 field
483.465,ordinary,,221.9,44.4,38.6,50.1,40.6,203.5,22,"prior marker interval 1352 ms over surveyed spacing 300 mm, +/-13%",clears p95 field
484.776,ordinary,,227.3,45.5,39.5,51.4,44.1,198.9,20,"prior marker interval 1298 ms over surveyed spacing 295 mm, +/-13%",clears p95 field
486.037,ordinary,,232.1,46.4,40.4,52.5,43.2,229.1,17,"prior marker interval 1271 ms over surveyed spacing 295 mm, +/-13%",clears p95 field
487.416,ordinary,,219.1,43.8,38.1,49.5,42.1,242.8,20,"prior marker interval 1369 ms over surveyed spacing 300 mm, +/-13%",clears p95 field
488.952,ordinary,,201.5,40.3,35.1,45.5,45.9,243.6,21,"prior marker interval 1489 ms over surveyed spacing 300 mm, +/-13%",clears p95 field
490.573,ordinary,,180.8,36.2,31.5,40.9,38.3,217.5,14,"prior marker interval 1659 ms over surveyed spacing 300 mm, +/-13%",clears typical field
492.184,ordinary,,186.7,37.3,32.5,42.2,38.8,202.7,18,"prior marker interval 1607 ms over surveyed spacing 300 mm, +/-13%",clears typical field
493.687,ordinary,,202.6,40.5,35.2,45.8,44.0,200.5,17,"prior marker interval 1481 ms over surveyed spacing 300 mm, +/-13%",clears p95 field
495.08,ordinary,,213.1,42.6,37.1,48.2,43.3,197.5,19,"prior marker interval 1408 ms over surveyed spacing 300 mm, +/-13%",clears p95 field
496.414,ordinary,,223.9,44.8,39.0,50.6,46.3,211.6,20,"prior marker interval 1340 ms over surveyed spacing 300 mm, +/-13%",clears p95 field
497.767,ordinary,,226.1,45.2,39.3,51.1,47.0,215.7,18,"prior marker interval 1349 ms over surveyed spacing 305 mm, +/-13%",clears p95 field
499.133,ordinary,,221.2,44.2,38.5,50.0,46.9,208.2,20,"prior marker interval 1356 ms over surveyed spacing 300 mm, +/-13%",clears p95 field
500.497,ordinary,,220.9,44.2,38.4,49.9,49.3,217.6,18,"prior marker interval 1358 ms over surveyed spacing 300 mm, +/-13%",clears p95 field
501.906,ordinary,,217.7,43.5,37.9,49.2,48.8,202.5,20,"prior marker interval 1401 ms over surveyed spacing 305 mm, +/-13%",clears p95 field
503.249,ordinary,,219.8,44.0,38.2,49.7,46.8,196.3,21,"prior marker interval 1365 ms over surveyed spacing 300 mm, +/-13%",clears p95 field
504.545,ordinary,,230.4,46.1,40.1,52.1,46.8,215.9,26,"prior marker interval 1302 ms over surveyed spacing 300 mm, +/-13%",clears p95 field
505.881,ordinary,,246.3,49.3,42.9,55.7,49.0,210.3,19,"prior marker interval 1340 ms over surveyed spacing 330 mm, +/-13%",clears p95 field
507.125,ordinary,,238.7,47.7,41.5,53.9,45.3,196.9,19,"prior marker interval 1257 ms over surveyed spacing 300 mm, +/-13%",clears p95 field
508.344,ordinary,,248.6,49.7,43.2,56.2,48.2,186.9,20,"prior marker interval 1207 ms over surveyed spacing 300 mm, +/-13%",clears p95 field
509.48,ordinary,,263.4,52.7,45.8,59.5,48.5,180.9,17,"prior marker interval 1158 ms over surveyed spacing 305 mm, +/-13%",clears p95 field
510.542,ordinary,,281.4,56.3,49.0,63.6,49.2,195.6,18,"prior marker interval 1066 ms over surveyed spacing 300 mm, +/-13%",clears p95 field
511.623,ordinary,,282.5,56.5,49.2,63.8,52.5,198.3,22,"prior marker interval 1062 ms over surveyed spacing 300 mm, +/-13%",clears p95 field
512.716,ordinary,,273.2,54.6,47.5,61.7,52.2,208.2,19,"prior marker interval 1098 ms over surveyed spacing 300 mm, +/-13%",clears p95 field
513.872,ordinary,,261.6,52.3,45.5,59.1,50.7,209.5,18,"prior marker interval 1147 ms over surveyed spacing 300 mm, +/-13%",clears p95 field
515.073,ordinary,,250.6,50.1,43.6,56.6,50.1,205.0,19,"prior marker interval 1197 ms over surveyed spacing 300 mm, +/-13%",clears p95 field
516.276,ordinary,,245.7,49.1,42.8,55.5,45.5,197.1,18,"prior marker interval 1221 ms over surveyed spacing 300 mm, +/-13%",clears p95 field
517.47,ordinary,,252.3,50.5,43.9,57.0,48.4,202.4,20,"prior marker interval 1189 ms over surveyed spacing 300 mm, +/-13%",clears p95 field
518.675,ordinary,,253.4,50.7,44.1,57.3,51.4,192.3,14,"prior marker interval 1184 ms over surveyed spacing 300 mm, +/-13%",clears p95 field
519.824,ordinary,,256.0,51.2,44.5,57.8,48.6,204.0,23,"prior marker interval 1172 ms over surveyed spacing 300 mm, +/-13%",clears p95 field
521.018,ordinary,,254.0,50.8,44.2,57.4,50.0,186.2,20,"prior marker interval 1181 ms over surveyed spacing 300 mm, +/-13%",clears p95 field
522.128,ordinary,,264.8,53.0,46.1,59.8,46.9,184.0,22,"prior marker interval 1133 ms over surveyed spacing 300 mm, +/-13%",clears p95 field
523.203,ordinary,,279.9,56.0,48.7,63.2,50.4,202.6,24,"prior marker interval 1072 ms over surveyed spacing 300 mm, +/-13%",clears p95 field
524.311,ordinary,,272.5,54.5,47.4,61.6,50.1,156.4,27,"prior marker interval 1101 ms over surveyed spacing 300 mm, +/-13%",clears p95 field
525.255,ordinary,,307.3,61.5,53.5,69.4,52.2,201.3,17,"prior marker interval 960 ms over surveyed spacing 295 mm, +/-13%",clears p95 field
526.273,ordinary,,292.4,58.5,50.9,66.1,47.7,195.0,17,"prior marker interval 1026 ms over surveyed spacing 300 mm, +/-13%",clears p95 field
527.325,ordinary,,292.7,58.5,50.9,66.1,54.1,228.6,26,"prior marker interval 1025 ms over surveyed spacing 300 mm, +/-13%",clears p95 field
528.494,ordinary,,258.2,51.6,44.9,58.3,48.5,212.0,21,"prior marker interval 1162 ms over surveyed spacing 300 mm, +/-13%",clears p95 field
529.697,ordinary,,246.7,49.3,42.9,55.8,44.9,203.5,20,"prior marker interval 1216 ms over surveyed spacing 300 mm, +/-13%",clears p95 field
530.902,ordinary,,249.4,49.9,43.4,56.4,44.9,215.5,18,"prior marker interval 1203 ms over surveyed spacing 300 mm, +/-13%",clears p95 field
532.17,ordinary,,245.0,49.0,42.6,55.4,50.0,231.0,19,"prior marker interval 1245 ms over surveyed spacing 305 mm, +/-13%",clears p95 field
533.512,ordinary,,223.0,44.6,38.8,50.4,44.4,239.6,17,"prior marker interval 1345 ms over surveyed spacing 300 mm, +/-13%",clears p95 field
534.989,ordinary,,203.3,40.7,35.4,45.9,41.3,187.8,21,"prior marker interval 1476 ms over surveyed spacing 300 mm, +/-13%",clears p95 field
536.312,ordinary,,241.1,48.2,42.0,54.5,48.0,220.4,20,"prior marker interval 1327 ms over surveyed spacing 320 mm, +/-13%",clears p95 field
537.614,ordinary,,243.9,48.8,42.4,55.1,45.9,180.5,21,"prior marker interval 1312 ms over surveyed spacing 320 mm, +/-13%",clears p95 field
538.735,ordinary,,265.0,53.0,46.1,59.9,48.0,184.2,19,"prior marker interval 1132 ms over surveyed spacing 300 mm, +/-13%",clears p95 field
539.81,ordinary,,279.1,55.8,48.6,63.1,50.2,210.7,21,"prior marker interval 1075 ms over surveyed spacing 300 mm, +/-13%",clears p95 field
540.951,ordinary,,263.9,52.8,45.9,59.6,49.1,198.9,22,"prior marker interval 1137 ms over surveyed spacing 300 mm, +/-13%",clears p95 field
542.091,ordinary,,263.6,52.7,45.9,59.6,49.0,207.5,9,"prior marker interval 1138 ms over surveyed spacing 300 mm, +/-13%",clears p95 field
543.272,ordinary,,255.3,51.1,44.4,57.7,49.5,197.1,19,"prior marker interval 1175 ms over surveyed spacing 300 mm, +/-13%",clears p95 field
544.43,ordinary,,258.0,51.6,44.9,58.3,48.0,175.7,20,"prior marker interval 1163 ms over surveyed spacing 300 mm, +/-13%",clears p95 field
545.488,ordinary,,282.5,56.5,49.2,63.8,50.0,188.1,21,"prior marker interval 1062 ms over surveyed spacing 300 mm, +/-13%",clears p95 field
546.536,ordinary,,285.7,57.1,49.7,64.6,52.0,161.4,19,"prior marker interval 1050 ms over surveyed spacing 300 mm, +/-13%",clears p95 field
547.484,ordinary,,317.1,63.4,55.2,71.7,58.0,191.9,10,"prior marker interval 946 ms over surveyed spacing 300 mm, +/-13%",clears p95 field
548.476,ordinary,,304.0,60.8,52.9,68.7,56.8,185.4,14,"prior marker interval 987 ms over surveyed spacing 300 mm, +/-13%",clears p95 field
549.472,ordinary,,300.6,60.1,52.3,67.9,55.9,190.6,14,"prior marker interval 998 ms over surveyed spacing 300 mm, +/-13%",clears p95 field
550.487,ordinary,,294.1,58.8,51.2,66.5,53.2,185.9,9,"prior marker interval 1020 ms over surveyed spacing 300 mm, +/-13%",clears p95 field
551.504,ordinary,,295.9,59.2,51.5,66.9,54.7,184.3,19,"prior marker interval 1014 ms over surveyed spacing 300 mm, +/-13%",clears p95 field
552.509,ordinary,,278.6,55.7,48.5,63.0,50.7,207.6,22,"prior marker interval 1005 ms over surveyed spacing 280 mm, +/-13%",clears p95 field
553.636,ordinary,,265.7,53.1,46.2,60.1,48.4,171.7,22,"prior marker interval 1129 ms over surveyed spacing 300 mm, +/-13%",clears p95 field
554.66,ordinary,,291.8,58.4,50.8,66.0,51.9,223.5,21,"prior marker interval 1028 ms over surveyed spacing 300 mm, +/-13%",clears p95 field
555.801,ordinary,,252.8,50.6,44.0,57.1,44.2,191.9,18,"prior marker interval 1147 ms over surveyed spacing 290 mm, +/-13%",clears p95 field
556.926,ordinary,,265.3,53.1,46.2,59.9,44.0,174.5,20,"prior marker interval 1131 ms over surveyed spacing 300 mm, +/-13%",clears p95 field
557.96,ordinary,,294.1,58.8,51.2,66.5,51.8,189.7,18,"prior marker interval 1020 ms over surveyed spacing 300 mm, +/-13%",clears p95 field
558.961,ordinary,,292.4,58.5,50.9,66.1,45.6,174.6,16,"prior marker interval 1026 ms over surveyed spacing 300 mm, +/-13%",clears p95 field
559.924,ordinary,,315.5,63.1,54.9,71.3,52.4,203.8,16,"prior marker interval 951 ms over surveyed spacing 300 mm, +/-13%",clears p95 field
560.938,ordinary,,295.9,59.2,51.5,66.9,49.7,199.4,20,"prior marker interval 1014 ms over surveyed spacing 300 mm, +/-13%",clears p95 field
561.98,ordinary,,289.6,57.9,50.4,65.4,48.6,186.5,21,"prior marker interval 1036 ms over surveyed spacing 300 mm, +/-13%",clears p95 field
562.988,ordinary,,294.1,58.8,51.2,66.5,48.2,205.3,17,"prior marker interval 1020 ms over surveyed spacing 300 mm, +/-13%",clears p95 field
564.059,ordinary,,283.6,56.7,49.3,64.1,49.1,208.4,23,"prior marker interval 1058 ms over surveyed spacing 300 mm, +/-13%",clears p95 field
565.169,ordinary,,270.5,54.1,47.1,61.1,47.3,192.6,19,"prior marker interval 1109 ms over surveyed spacing 300 mm, +/-13%",clears p95 field
566.242,ordinary,,276.2,55.2,48.1,62.4,44.5,205.0,19,"prior marker interval 1086 ms over surveyed spacing 300 mm, +/-13%",clears p95 field
567.351,ordinary,,272.0,54.4,47.3,61.5,45.4,198.8,19,"prior marker interval 1103 ms over surveyed spacing 300 mm, +/-13%",clears p95 field
568.455,ordinary,,272.5,54.5,47.4,61.6,47.1,192.6,21,"prior marker interval 1101 ms over surveyed spacing 300 mm, +/-13%",clears p95 field
569.538,ordinary,,277.8,55.6,48.3,62.8,48.9,221.1,18,"prior marker interval 1080 ms over surveyed spacing 300 mm, +/-13%",clears p95 field
570.699,ordinary,,256.0,51.2,44.5,57.8,42.2,223.0,21,"prior marker interval 1172 ms over surveyed spacing 300 mm, +/-13%",clears p95 field
571.962,ordinary,,248.0,49.6,43.1,56.0,47.6,205.3,20,"prior marker interval 1230 ms over surveyed spacing 305 mm, +/-13%",clears p95 field
573.18,ordinary,,245.9,49.2,42.8,55.6,46.7,198.2,22,"prior marker interval 1220 ms over surveyed spacing 300 mm, +/-13%",clears p95 field
574.38,ordinary,,255.2,51.0,44.4,57.7,49.5,197.8,19,"prior marker interval 1195 ms over surveyed spacing 305 mm, +/-13%",clears p95 field
575.527,ordinary,,253.8,50.8,44.2,57.4,43.7,176.6,18,"prior marker interval 1182 ms over surveyed spacing 300 mm, +/-13%",clears p95 field
576.595,ordinary,,278.0,55.6,48.4,62.8,47.8,209.9,21,"prior marker interval 1061 ms over surveyed spacing 295 mm, +/-13%",clears p95 field
577.729,ordinary,,266.0,53.2,46.3,60.1,47.6,200.0,18,"prior marker interval 1128 ms over surveyed spacing 300 mm, +/-13%",clears p95 field
578.853,ordinary,,265.5,53.1,46.2,60.0,45.7,215.0,19,"prior marker interval 1130 ms over surveyed spacing 300 mm, +/-13%",clears p95 field
580.046,ordinary,,254.7,50.9,44.3,57.6,46.6,170.4,16,"prior marker interval 1178 ms over surveyed spacing 300 mm, +/-13%",clears p95 field
581.094,ordinary,,290.5,58.1,50.5,65.6,52.0,218.1,21,"prior marker interval 1050 ms over surveyed spacing 305 mm, +/-13%",clears p95 field
582.225,ordinary,,264.1,52.8,46.0,59.7,47.5,207.6,20,"prior marker interval 1136 ms over surveyed spacing 300 mm, +/-13%",clears p95 field
583.404,ordinary,,257.1,51.4,44.7,58.1,49.6,230.8,19,"prior marker interval 1167 ms over surveyed spacing 300 mm, +/-13%",clears p95 field
584.694,ordinary,,236.4,47.3,41.1,53.4,45.4,217.0,17,"prior marker interval 1290 ms over surveyed spacing 305 mm, +/-13%",clears p95 field
586.002,ordinary,,244.3,48.9,42.5,55.2,46.4,175.1,19,"prior marker interval 1310 ms over surveyed spacing 320 mm, +/-13%",clears p95 field
587.102,ordinary,,261.7,52.3,45.5,59.2,47.9,216.5,20,"prior marker interval 1108 ms over surveyed spacing 290 mm, +/-13%",clears p95 field
588.313,ordinary,,264.9,53.0,46.1,59.9,48.7,188.9,23,"prior marker interval 1208 ms over surveyed spacing 320 mm, +/-13%",clears p95 field
589.407,ordinary,,273.5,54.7,47.6,61.8,49.5,262.8,22,"prior marker interval 1097 ms over surveyed spacing 300 mm, +/-13%",clears p95 field
590.762,ordinary,,223.4,44.7,38.9,50.5,43.3,194.3,23,"prior marker interval 1343 ms over surveyed spacing 300 mm, +/-13%",clears p95 field
592.023,ordinary,,241.3,48.3,42.0,54.5,46.1,259.6,20,"prior marker interval 1264 ms over surveyed spacing 305 mm, +/-13%",clears p95 field
593.507,ordinary,,224.8,45.0,39.1,50.8,46.8,251.8,16,"prior marker interval 1468 ms over surveyed spacing 330 mm, +/-13%",clears p95 field
595.037,ordinary,,216.3,43.3,37.6,48.9,45.4,218.2,11,"prior marker interval 1526 ms over surveyed spacing 330 mm, +/-13%",clears p95 field
596.452,ordinary,,225.5,45.1,39.2,51.0,46.5,236.8,21,"prior marker interval 1419 ms over surveyed spacing 320 mm, +/-13%",clears p95 field
597.908,ordinary,,223.2,44.6,38.8,50.4,46.0,229.2,20,"prior marker interval 1456 ms over surveyed spacing 325 mm, +/-13%",clears p95 field
599.337,ordinary,,219.7,43.9,38.2,49.6,44.4,243.2,21,"prior marker interval 1434 ms over surveyed spacing 315 mm, +/-13%",clears p95 field
600.854,ordinary,,235.7,47.1,41.0,53.3,49.5,227.5,18,"prior marker interval 1506 ms over surveyed spacing 355 mm, +/-13%",clears p95 field
602.21,ordinary,,239.8,48.0,41.7,54.2,45.8,231.9,20,"prior marker interval 1376 ms over surveyed spacing 330 mm, +/-13%",clears p95 field
603.572,ordinary,,242.5,48.5,42.2,54.8,47.3,221.1,16,"prior marker interval 1361 ms over surveyed spacing 330 mm, +/-13%",clears p95 field
604.886,ordinary,,252.9,50.6,44.0,57.1,51.1,231.6,23,"prior marker interval 1305 ms over surveyed spacing 330 mm, +/-13%",clears p95 field
606.213,ordinary,,250.8,50.2,43.6,56.7,52.9,260.8,20,"prior marker interval 1316 ms over surveyed spacing 330 mm, +/-13%",clears p95 field
607.673,ordinary,,233.5,46.7,40.6,52.8,51.4,236.1,20,"prior marker interval 1456 ms over surveyed spacing 340 mm, +/-13%",clears p95 field
609.106,ordinary,,231.1,46.2,40.2,52.2,51.3,243.8,22,"prior marker interval 1428 ms over surveyed spacing 330 mm, +/-13%",clears p95 field
610.587,ordinary,,214.1,42.8,37.3,48.4,48.4,230.2,17,"prior marker interval 1471 ms over surveyed spacing 315 mm, +/-13%",clears p95 field
612.075,ordinary,,215.5,43.1,37.5,48.7,45.9,231.9,21,"prior marker interval 1508 ms over surveyed spacing 325 mm, +/-13%",clears p95 field
613.581,ordinary,,222.1,44.4,38.6,50.2,51.1,231.2,25,"prior marker interval 1486 ms over surveyed spacing 330 mm, +/-13%",clears p95 field
615.025,ordinary,,213.4,42.7,37.1,48.2,43.3,208.9,19,"prior marker interval 1476 ms over surveyed spacing 315 mm, +/-13%",clears p95 field
616.413,ordinary,,217.5,43.5,37.9,49.2,45.5,184.9,22,"prior marker interval 1379 ms over surveyed spacing 300 mm, +/-13%",clears p95 field
617.665,ordinary,,238.3,47.7,41.5,53.9,48.1,197.8,19,"prior marker interval 1259 ms over surveyed spacing 300 mm, +/-13%",clears p95 field
618.892,ordinary,,239.6,47.9,41.7,54.2,47.2,201.5,17,"prior marker interval 1231 ms over surveyed spacing 295 mm, +/-13%",clears p95 field
620.127,ordinary,,241.9,48.4,42.1,54.7,46.9,196.2,14,"prior marker interval 1240 ms over surveyed spacing 300 mm, +/-13%",clears p95 field
621.317,ordinary,,241.3,48.3,42.0,54.5,43.2,191.3,15,"prior marker interval 1202 ms over surveyed spacing 290 mm, +/-13%",clears p95 field
622.504,ordinary,,256.2,51.2,44.6,57.9,49.7,228.5,23,"prior marker interval 1171 ms over surveyed spacing 300 mm, +/-13%",clears p95 field
623.792,ordinary,,245.1,49.0,42.7,55.4,48.0,221.4,18,"prior marker interval 1285 ms over surveyed spacing 315 mm, +/-13%",clears p95 field
625.086,ordinary,,241.7,48.3,42.1,54.6,46.2,243.4,21,"prior marker interval 1303 ms over surveyed spacing 315 mm, +/-13%",clears p95 field
626.487,ordinary,,232.5,46.5,40.5,52.5,45.1,205.3,15,"prior marker interval 1398 ms over surveyed spacing 325 mm, +/-13%",clears p95 field
627.778,ordinary,,242.6,48.5,42.2,54.8,50.5,199.1,22,"prior marker interval 1278 ms over surveyed spacing 310 mm, +/-13%",clears p95 field
628.997,ordinary,,243.9,48.8,42.4,55.1,48.3,185.4,16,"prior marker interval 1230 ms over surveyed spacing 300 mm, +/-13%",clears p95 field
630.156,ordinary,,260.0,52.0,45.2,58.8,51.7,201.0,15,"prior marker interval 1154 ms over surveyed spacing 300 mm, +/-13%",clears p95 field
631.327,ordinary,,272.6,54.5,47.4,61.6,54.0,227.1,18,"prior marker interval 1174 ms over surveyed spacing 320 mm, +/-13%",clears p95 field
632.556,ordinary,,255.5,51.1,44.5,57.7,50.1,197.5,21,"prior marker interval 1233 ms over surveyed spacing 315 mm, +/-13%",clears p95 field
633.725,ordinary,,269.7,53.9,46.9,61.0,52.9,187.2,25,"prior marker interval 1168 ms over surveyed spacing 315 mm, +/-13%",clears p95 field
634.801,ordinary,,279.6,55.9,48.6,63.2,50.9,200.2,21,"prior marker interval 1091 ms over surveyed spacing 305 mm, +/-13%",clears p95 field
635.896,ordinary,,273.7,54.7,47.6,61.9,49.0,165.3,18,"prior marker interval 1096 ms over surveyed spacing 300 mm, +/-13%",clears p95 field
636.877,ordinary,,300.4,60.1,52.3,67.9,53.2,179.3,20,"prior marker interval 982 ms over surveyed spacing 295 mm, +/-13%",clears p95 field
637.845,ordinary,,307.4,61.5,53.5,69.5,52.6,202.3,24,"prior marker interval 976 ms over surveyed spacing 300 mm, +/-13%",clears p95 field
638.879,ordinary,,291.8,58.4,50.8,66.0,51.4,200.2,17,"prior marker interval 1028 ms over surveyed spacing 300 mm, +/-13%",clears p95 field
639.937,ordinary,,282.5,56.5,49.2,63.8,48.6,230.2,20,"prior marker interval 1062 ms over surveyed spacing 300 mm, +/-13%",clears p95 field
641.136,ordinary,,253.2,50.6,44.1,57.2,46.6,214.2,21,"prior marker interval 1185 ms over surveyed spacing 300 mm, +/-13%",clears p95 field
642.382,ordinary,,256.1,51.2,44.6,57.9,51.2,234.1,19,"prior marker interval 1230 ms over surveyed spacing 315 mm, +/-13%",clears p95 field
643.69,ordinary,,251.3,50.3,43.7,56.8,48.8,240.3,19,"prior marker interval 1313 ms over surveyed spacing 330 mm, +/-13%",clears p95 field
645.036,ordinary,,236.7,47.3,41.2,53.5,45.0,219.4,21,"prior marker interval 1352 ms over surveyed spacing 320 mm, +/-13%",clears p95 field
646.351,ordinary,,238.8,47.8,41.6,54.0,44.9,214.7,16,"prior marker interval 1319 ms over surveyed spacing 315 mm, +/-13%",clears p95 field
647.649,ordinary,,241.1,48.2,41.9,54.5,48.0,190.9,20,"prior marker interval 1286 ms over surveyed spacing 310 mm, +/-13%",clears p95 field
648.832,ordinary,,252.3,50.5,43.9,57.0,48.2,201.3,19,"prior marker interval 1189 ms over surveyed spacing 300 mm, +/-13%",clears p95 field
650.02,ordinary,,251.7,50.3,43.8,56.9,47.8,190.5,18,"prior marker interval 1192 ms over surveyed spacing 300 mm, +/-13%",clears p95 field
651.16,ordinary,,262.0,52.4,45.6,59.2,47.9,182.4,23,"prior marker interval 1145 ms over surveyed spacing 300 mm, +/-13%",clears p95 field
652.24,ordinary,,278.0,55.6,48.4,62.8,51.2,192.4,22,"prior marker interval 1079 ms over surveyed spacing 300 mm, +/-13%",clears p95 field
653.316,ordinary,,278.6,55.7,48.5,63.0,51.3,190.8,21,"prior marker interval 1077 ms over surveyed spacing 300 mm, +/-13%",clears p95 field
654.381,ordinary,,280.6,56.1,48.8,63.4,50.5,193.4,19,"prior marker interval 1069 ms over surveyed spacing 300 mm, +/-13%",clears p95 field
655.448,ordinary,,280.6,56.1,48.8,63.4,50.0,201.2,26,"prior marker interval 1069 ms over surveyed spacing 300 mm, +/-13%",clears p95 field
656.537,ordinary,,274.0,54.8,47.7,61.9,47.1,181.9,15,"prior marker interval 1095 ms over surveyed spacing 300 mm, +/-13%",clears p95 field
657.578,ordinary,,289.6,57.9,50.4,65.4,51.3,192.3,21,"prior marker interval 1036 ms over surveyed spacing 300 mm, +/-13%",clears p95 field
658.616,ordinary,,288.2,57.6,50.1,65.1,50.1,192.2,22,"prior marker interval 1041 ms over surveyed spacing 300 mm, +/-13%",clears p95 field
659.659,ordinary,,286.8,57.4,49.9,64.8,50.5,189.3,20,"prior marker interval 1046 ms over surveyed spacing 300 mm, +/-13%",clears p95 field
660.704,ordinary,,291.0,58.2,50.6,65.8,53.8,192.0,26,"prior marker interval 1031 ms over surveyed spacing 300 mm, +/-13%",clears p95 field
661.746,ordinary,,287.1,57.4,50.0,64.9,52.2,202.1,19,"prior marker interval 1045 ms over surveyed spacing 300 mm, +/-13%",clears p95 field
662.83,ordinary,,276.2,55.2,48.1,62.4,49.7,194.8,20,"prior marker interval 1086 ms over surveyed spacing 300 mm, +/-13%",clears p95 field
663.92,ordinary,,276.8,55.4,48.2,62.5,51.2,204.2,20,"prior marker interval 1084 ms over surveyed spacing 300 mm, +/-13%",clears p95 field
665.045,ordinary,,266.7,53.3,46.4,60.3,49.9,196.0,24,"prior marker interval 1125 ms over surveyed spacing 300 mm, +/-13%",clears p95 field
666.166,ordinary,,267.4,53.5,46.5,60.4,49.7,191.4,24,"prior marker interval 1122 ms over surveyed spacing 300 mm, +/-13%",clears p95 field
667.262,ordinary,,272.2,54.4,47.4,61.5,49.0,202.5,21,"prior marker interval 1102 ms over surveyed spacing 300 mm, +/-13%",clears p95 field
668.392,ordinary,,267.6,53.5,46.6,60.5,49.8,199.4,15,"prior marker interval 1121 ms over surveyed spacing 300 mm, +/-13%",clears p95 field
669.528,ordinary,,264.8,53.0,46.1,59.8,50.6,191.4,19,"prior marker interval 1133 ms over surveyed spacing 300 mm, +/-13%",clears p95 field
670.638,ordinary,,269.5,53.9,46.9,60.9,50.4,204.3,21,"prior marker interval 1113 ms over surveyed spacing 300 mm, +/-13%",clears p95 field
671.781,ordinary,,261.8,52.4,45.5,59.2,48.4,200.3,21,"prior marker interval 1146 ms over surveyed spacing 300 mm, +/-13%",clears p95 field
672.933,ordinary,,260.9,52.2,45.4,59.0,48.8,230.1,20,"prior marker interval 1150 ms over surveyed spacing 300 mm, +/-13%",clears p95 field
674.218,ordinary,,232.6,46.5,40.5,52.6,47.2,191.0,25,"prior marker interval 1268 ms over surveyed spacing 295 mm, +/-13%",clears p95 field
675.442,ordinary,,261.0,52.2,45.4,59.0,53.0,251.1,21,"prior marker interval 1226 ms over surveyed spacing 320 mm, +/-13%",clears p95 field
676.811,ordinary,,219.9,44.0,38.3,49.7,45.5,238.6,20,"prior marker interval 1364 ms over surveyed spacing 300 mm, +/-13%",clears p95 field
678.312,ordinary,,211.0,42.2,36.7,47.7,45.6,256.8,21,"prior marker interval 1493 ms over surveyed spacing 315 mm, +/-13%",clears p95 field
679.961,ordinary,,195.8,39.2,34.1,44.3,45.4,202.5,18,"prior marker interval 1634 ms over surveyed spacing 320 mm, +/-13%",clears p95 field
681.429,ordinary,,214.9,43.0,37.4,48.6,50.3,261.1,21,"prior marker interval 1466 ms over surveyed spacing 315 mm, +/-13%",clears p95 field
683.066,ordinary,,197.0,39.4,34.3,44.5,43.7,261.6,18,"prior marker interval 1650 ms over surveyed spacing 325 mm, +/-13%",clears p95 field
684.815,ordinary,,180.0,36.0,31.3,40.7,39.8,205.9,23,"prior marker interval 1750 ms over surveyed spacing 315 mm, +/-13%",clears typical field
686.38,ordinary,,195.4,39.1,34.0,44.2,43.2,202.2,17,"prior marker interval 1561 ms over surveyed spacing 305 mm, +/-13%",clears p95 field
687.81,ordinary,,204.9,41.0,35.7,46.3,40.0,212.5,22,"prior marker interval 1464 ms over surveyed spacing 300 mm, +/-13%",clears p95 field
689.253,ordinary,,214.2,42.8,37.3,48.4,44.1,204.1,21,"prior marker interval 1424 ms over surveyed spacing 305 mm, +/-13%",clears p95 field
690.596,ordinary,,220.4,44.1,38.4,49.8,41.9,209.0,18,"prior marker interval 1361 ms over surveyed spacing 300 mm, +/-13%",clears p95 field
691.932,ordinary,,223.7,44.7,38.9,50.6,42.1,203.8,23,"prior marker interval 1341 ms over surveyed spacing 300 mm, +/-13%",clears p95 field
693.224,ordinary,,227.3,45.5,39.5,51.4,41.1,199.1,22,"prior marker interval 1298 ms over surveyed spacing 295 mm, +/-13%",clears p95 field
694.478,ordinary,,234.3,46.9,40.8,53.0,41.7,230.8,20,"prior marker interval 1259 ms over surveyed spacing 295 mm, +/-13%",clears p95 field
695.859,ordinary,,220.6,44.1,38.4,49.9,43.2,242.9,16,"prior marker interval 1360 ms over surveyed spacing 300 mm, +/-13%",clears p95 field
697.385,ordinary,,201.6,40.3,35.1,45.6,45.4,243.8,29,"prior marker interval 1488 ms over surveyed spacing 300 mm, +/-13%",clears p95 field
699.0,ordinary,,182.0,36.4,31.7,41.1,37.5,221.4,21,"prior marker interval 1648 ms over surveyed spacing 300 mm, +/-13%",clears typical field
700.619,ordinary,,185.4,37.1,32.3,41.9,37.6,199.3,19,"prior marker interval 1618 ms over surveyed spacing 300 mm, +/-13%",clears typical field
702.11,ordinary,,203.4,40.7,35.4,46.0,43.9,200.3,19,"prior marker interval 1475 ms over surveyed spacing 300 mm, +/-13%",clears p95 field
703.505,ordinary,,214.9,43.0,37.4,48.6,45.1,201.6,19,"prior marker interval 1396 ms over surveyed spacing 300 mm, +/-13%",clears p95 field
704.849,ordinary,,221.4,44.3,38.5,50.0,45.6,209.0,8,"prior marker interval 1355 ms over surveyed spacing 300 mm, +/-13%",clears p95 field
706.198,ordinary,,225.6,45.1,39.3,51.0,46.2,211.8,17,"prior marker interval 1352 ms over surveyed spacing 305 mm, +/-13%",clears p95 field
707.547,ordinary,,224.9,45.0,39.1,50.8,47.2,211.8,23,"prior marker interval 1334 ms over surveyed spacing 300 mm, +/-13%",clears p95 field
708.906,ordinary,,221.7,44.3,38.6,50.1,48.1,216.0,20,"prior marker interval 1353 ms over surveyed spacing 300 mm, +/-13%",clears p95 field
710.295,ordinary,,219.1,43.8,38.1,49.5,47.1,202.5,20,"prior marker interval 1392 ms over surveyed spacing 305 mm, +/-13%",clears p95 field
711.632,ordinary,,222.9,44.6,38.8,50.4,47.5,198.6,16,"prior marker interval 1346 ms over surveyed spacing 300 mm, +/-13%",clears p95 field
712.925,ordinary,,231.3,46.3,40.2,52.3,46.7,211.4,22,"prior marker interval 1297 ms over surveyed spacing 300 mm, +/-13%",clears p95 field
714.249,ordinary,,250.6,50.1,43.6,56.6,52.6,208.5,21,"prior marker interval 1317 ms over surveyed spacing 330 mm, +/-13%",clears p95 field
715.476,ordinary,,240.6,48.1,41.9,54.4,46.9,194.1,19,"prior marker interval 1247 ms over surveyed spacing 300 mm, +/-13%",clears p95 field
716.681,ordinary,,250.2,50.0,43.5,56.5,49.5,185.9,20,"prior marker interval 1199 ms over surveyed spacing 300 mm, +/-13%",clears p95 field
717.806,ordinary,,266.1,53.2,46.3,60.1,48.4,181.8,23,"prior marker interval 1146 ms over surveyed spacing 305 mm, +/-13%",clears p95 field
718.87,ordinary,,282.0,56.4,49.1,63.7,51.0,193.7,20,"prior marker interval 1064 ms over surveyed spacing 300 mm, +/-13%",clears p95 field
719.937,ordinary,,283.3,56.7,49.3,64.0,51.0,197.2,20,"prior marker interval 1059 ms over surveyed spacing 300 mm, +/-13%",clears p95 field
721.023,ordinary,,276.5,55.3,48.1,62.5,52.5,207.6,20,"prior marker interval 1085 ms over surveyed spacing 300 mm, +/-13%",clears p95 field
722.169,ordinary,,264.3,52.9,46.0,59.7,51.5,212.5,12,"prior marker interval 1135 ms over surveyed spacing 300 mm, +/-13%",clears p95 field
723.371,ordinary,,249.6,49.9,43.4,56.4,49.4,203.4,24,"prior marker interval 1202 ms over surveyed spacing 300 mm, +/-13%",clears p95 field
724.568,ordinary,,246.5,49.3,42.9,55.7,44.9,196.2,24,"prior marker interval 1217 ms over surveyed spacing 300 mm, +/-13%",clears p95 field
725.751,ordinary,,255.1,51.0,44.4,57.7,47.7,204.3,20,"prior marker interval 1176 ms over surveyed spacing 300 mm, +/-13%",clears p95 field
726.952,ordinary,,253.8,50.8,44.2,57.4,50.8,190.6,18,"prior marker interval 1182 ms over surveyed spacing 300 mm, +/-13%",clears p95 field
728.094,ordinary,,259.1,51.8,45.1,58.5,49.5,204.4,19,"prior marker interval 1158 ms over surveyed spacing 300 mm, +/-13%",clears p95 field
729.273,ordinary,,255.8,51.2,44.5,57.8,48.6,182.6,22,"prior marker interval 1173 ms over surveyed spacing 300 mm, +/-13%",clears p95 field
730.371,ordinary,,270.5,54.1,47.1,61.1,49.8,188.3,20,"prior marker interval 1109 ms over surveyed spacing 300 mm, +/-13%",clears p95 field
731.44,ordinary,,277.5,55.5,48.3,62.7,48.0,197.6,21,"prior marker interval 1081 ms over surveyed spacing 300 mm, +/-13%",clears p95 field
732.537,ordinary,,277.3,55.5,48.2,62.7,51.3,158.9,20,"prior marker interval 1082 ms over surveyed spacing 300 mm, +/-13%",clears p95 field
733.477,ordinary,,307.6,61.5,53.5,69.5,51.4,195.0,19,"prior marker interval 959 ms over surveyed spacing 295 mm, +/-13%",clears p95 field
734.474,ordinary,,298.8,59.8,52.0,67.5,48.7,199.6,18,"prior marker interval 1004 ms over surveyed spacing 300 mm, +/-13%",clears p95 field
735.526,ordinary,,293.0,58.6,51.0,66.2,53.9,227.3,18,"prior marker interval 1024 ms over surveyed spacing 300 mm, +/-13%",clears p95 field
736.678,ordinary,,258.0,51.6,44.9,58.3,45.4,211.8,17,"prior marker interval 1163 ms over surveyed spacing 300 mm, +/-13%",clears p95 field
737.88,ordinary,,250.0,50.0,43.5,56.5,45.2,207.5,17,"prior marker interval 1200 ms over surveyed spacing 300 mm, +/-13%",clears p95 field
739.088,ordinary,,251.0,50.2,43.7,56.7,44.7,218.4,19,"prior marker interval 1195 ms over surveyed spacing 300 mm, +/-13%",clears p95 field
740.359,ordinary,,242.3,48.5,42.2,54.7,48.7,226.3,23,"prior marker interval 1259 ms over surveyed spacing 305 mm, +/-13%",clears p95 field
741.695,ordinary,,224.7,44.9,39.1,50.8,45.4,240.0,22,"prior marker interval 1335 ms over surveyed spacing 300 mm, +/-13%",clears p95 field
743.172,ordinary,,203.7,40.7,35.4,46.0,42.6,188.0,21,"prior marker interval 1473 ms over surveyed spacing 300 mm, +/-13%",clears p95 field
744.498,ordinary,,240.8,48.2,41.9,54.4,48.9,222.2,20,"prior marker interval 1329 ms over surveyed spacing 320 mm, +/-13%",clears p95 field
745.806,ordinary,,241.1,48.2,42.0,54.5,44.6,182.5,20,"prior marker interval 1327 ms over surveyed spacing 320 mm, +/-13%",clears p95 field
746.941,ordinary,,262.0,52.4,45.6,59.2,46.6,185.5,18,"prior marker interval 1145 ms over surveyed spacing 300 mm, +/-13%",clears p95 field
748.03,ordinary,,276.2,55.2,48.1,62.4,50.0,209.7,20,"prior marker interval 1086 ms over surveyed spacing 300 mm, +/-13%",clears p95 field
749.167,ordinary,,262.9,52.6,45.7,59.4,46.8,196.9,19,"prior marker interval 1141 ms over surveyed spacing 300 mm, +/-13%",clears p95 field
750.306,ordinary,,266.9,53.4,46.4,60.3,50.7,208.2,19,"prior marker interval 1124 ms over surveyed spacing 300 mm, +/-13%",clears p95 field
751.481,ordinary,,256.2,51.2,44.6,57.9,50.0,198.5,20,"prior marker interval 1171 ms over surveyed spacing 300 mm, +/-13%",clears p95 field
752.643,ordinary,,256.6,51.3,44.7,58.0,48.0,173.5,18,"prior marker interval 1169 ms over surveyed spacing 300 mm, +/-13%",clears p95 field
753.698,ordinary,,282.5,56.5,49.2,63.8,50.6,189.5,19,"prior marker interval 1062 ms over surveyed spacing 300 mm, +/-13%",clears p95 field
754.744,ordinary,,284.9,57.0,49.6,64.4,49.9,159.8,18,"prior marker interval 1053 ms over surveyed spacing 300 mm, +/-13%",clears p95 field
755.681,ordinary,,320.9,64.2,55.8,72.5,56.5,195.7,15,"prior marker interval 935 ms over surveyed spacing 300 mm, +/-13%",clears p95 field
756.674,ordinary,,304.6,60.9,53.0,68.8,55.7,185.5,21,"prior marker interval 985 ms over surveyed spacing 300 mm, +/-13%",clears p95 field
757.672,ordinary,,301.8,60.4,52.5,68.2,57.0,189.8,19,"prior marker interval 994 ms over surveyed spacing 300 mm, +/-13%",clears p95 field
758.682,ordinary,,294.4,58.9,51.2,66.5,53.3,182.2,17,"prior marker interval 1019 ms over surveyed spacing 300 mm, +/-13%",clears p95 field
759.689,ordinary,,300.6,60.1,52.3,67.9,56.5,189.1,21,"prior marker interval 998 ms over surveyed spacing 300 mm, +/-13%",clears p95 field
760.707,ordinary,,275.9,55.2,48.0,62.3,52.1,204.4,23,"prior marker interval 1015 ms over surveyed spacing 280 mm, +/-13%",clears p95 field
761.83,ordinary,,264.8,53.0,46.1,59.8,48.2,171.1,20,"prior marker interval 1133 ms over surveyed spacing 300 mm, +/-13%",clears p95 field
762.856,ordinary,,291.8,58.4,50.8,66.0,52.5,221.2,19,"prior marker interval 1028 ms over surveyed spacing 300 mm, +/-13%",clears p95 field
763.992,ordinary,,254.4,50.9,44.3,57.5,45.3,189.8,20,"prior marker interval 1140 ms over surveyed spacing 290 mm, +/-13%",clears p95 field
765.101,ordinary,,267.1,53.4,46.5,60.4,43.5,176.0,21,"prior marker interval 1123 ms over surveyed spacing 300 mm, +/-13%",clears p95 field
766.126,ordinary,,295.0,59.0,51.3,66.7,49.0,188.8,20,"prior marker interval 1017 ms over surveyed spacing 300 mm, +/-13%",clears p95 field
767.126,ordinary,,297.3,59.5,51.7,67.2,47.6,173.6,20,"prior marker interval 1009 ms over surveyed spacing 300 mm, +/-13%",clears p95 field
768.079,ordinary,,318.1,63.6,55.4,71.9,53.8,205.8,21,"prior marker interval 943 ms over surveyed spacing 300 mm, +/-13%",clears p95 field
769.096,ordinary,,294.4,58.9,51.2,66.5,50.0,199.3,20,"prior marker interval 1019 ms over surveyed spacing 300 mm, +/-13%",clears p95 field
770.144,ordinary,,288.2,57.6,50.1,65.1,49.3,183.3,20,"prior marker interval 1041 ms over surveyed spacing 300 mm, +/-13%",clears p95 field
771.144,ordinary,,294.1,58.8,51.2,66.5,48.2,198.5,23,"prior marker interval 1020 ms over surveyed spacing 300 mm, +/-13%",clears p95 field
772.194,ordinary,,291.3,58.3,50.7,65.8,51.0,208.8,26,"prior marker interval 1030 ms over surveyed spacing 300 mm, +/-13%",clears p95 field
773.289,ordinary,,275.0,55.0,47.8,62.1,48.9,190.8,18,"prior marker interval 1091 ms over surveyed spacing 300 mm, +/-13%",clears p95 field
774.354,ordinary,,279.9,56.0,48.7,63.2,47.9,200.7,21,"prior marker interval 1072 ms over surveyed spacing 300 mm, +/-13%",clears p95 field
775.439,ordinary,,275.7,55.1,48.0,62.3,46.3,196.6,28,"prior marker interval 1088 ms over surveyed spacing 300 mm, +/-13%",clears p95 field
776.518,ordinary,,276.5,55.3,48.1,62.5,45.9,190.0,20,"prior marker interval 1085 ms over surveyed spacing 300 mm, +/-13%",clears p95 field
777.583,ordinary,,284.4,56.9,49.5,64.3,50.6,222.1,18,"prior marker interval 1055 ms over surveyed spacing 300 mm, +/-13%",clears p95 field
778.727,ordinary,,260.0,52.0,45.2,58.8,42.4,222.0,19,"prior marker interval 1154 ms over surveyed spacing 300 mm, +/-13%",clears p95 field
779.971,ordinary,,251.4,50.3,43.8,56.8,47.8,202.4,18,"prior marker interval 1213 ms over surveyed spacing 305 mm, +/-13%",clears p95 field
781.167,ordinary,,251.0,50.2,43.7,56.7,47.9,196.1,20,"prior marker interval 1195 ms over surveyed spacing 300 mm, +/-13%",clears p95 field
782.329,ordinary,,260.2,52.0,45.3,58.8,47.1,197.8,22,"prior marker interval 1172 ms over surveyed spacing 305 mm, +/-13%",clears p95 field
783.455,ordinary,,261.6,52.3,45.5,59.1,43.4,178.4,17,"prior marker interval 1147 ms over surveyed spacing 300 mm, +/-13%",clears p95 field
784.505,ordinary,,281.5,56.3,49.0,63.6,47.3,212.0,20,"prior marker interval 1048 ms over surveyed spacing 295 mm, +/-13%",clears p95 field
785.636,ordinary,,267.6,53.5,46.6,60.5,47.6,197.2,21,"prior marker interval 1121 ms over surveyed spacing 300 mm, +/-13%",clears p95 field
786.751,ordinary,,269.3,53.9,46.9,60.9,47.9,218.7,18,"prior marker interval 1114 ms over surveyed spacing 300 mm, +/-13%",clears p95 field
787.95,ordinary,,253.4,50.7,44.1,57.3,47.4,165.2,20,"prior marker interval 1184 ms over surveyed spacing 300 mm, +/-13%",clears p95 field
788.987,ordinary,,293.3,58.7,51.0,66.3,54.3,219.4,21,"prior marker interval 1040 ms over surveyed spacing 305 mm, +/-13%",clears p95 field
790.111,ordinary,,263.6,52.7,45.9,59.6,46.4,206.4,22,"prior marker interval 1138 ms over surveyed spacing 300 mm, +/-13%",clears p95 field
791.292,ordinary,,256.8,51.4,44.7,58.0,50.9,229.1,19,"prior marker interval 1168 ms over surveyed spacing 300 mm, +/-13%",clears p95 field
792.575,ordinary,,237.7,47.5,41.4,53.7,45.4,217.0,10,"prior marker interval 1283 ms over surveyed spacing 305 mm, +/-13%",clears p95 field
793.877,ordinary,,246.0,49.2,42.8,55.6,46.5,175.9,20,"prior marker interval 1301 ms over surveyed spacing 320 mm, +/-13%",clears p95 field
794.973,ordinary,,262.4,52.5,45.7,59.3,47.5,219.4,18,"prior marker interval 1105 ms over surveyed spacing 290 mm, +/-13%",clears p95 field
796.19,ordinary,,263.6,52.7,45.9,59.6,47.7,184.0,14,"prior marker interval 1214 ms over surveyed spacing 320 mm, +/-13%",clears p95 field
797.276,ordinary,,277.5,55.5,48.3,62.7,52.2,260.3,20,"prior marker interval 1081 ms over surveyed spacing 300 mm, +/-13%",clears p95 field
798.613,ordinary,,226.1,45.2,39.3,51.1,45.0,189.9,18,"prior marker interval 1327 ms over surveyed spacing 300 mm, +/-13%",clears p95 field
799.842,ordinary,,246.2,49.2,42.8,55.6,46.5,258.2,16,"prior marker interval 1239 ms over surveyed spacing 305 mm, +/-13%",clears p95 field
801.301,ordinary,,229.5,45.9,39.9,51.9,48.2,253.8,18,"prior marker interval 1438 ms over surveyed spacing 330 mm, +/-13%",clears p95 field
802.81,ordinary,,217.8,43.6,37.9,49.2,44.2,216.3,22,"prior marker interval 1515 ms over surveyed spacing 330 mm, +/-13%",clears p95 field
804.205,ordinary,,229.6,45.9,39.9,51.9,46.4,236.9,20,"prior marker interval 1394 ms over surveyed spacing 320 mm, +/-13%",clears p95 field
805.645,ordinary,,226.3,45.3,39.4,51.1,47.1,229.7,20,"prior marker interval 1436 ms over surveyed spacing 325 mm, +/-13%",clears p95 field
807.063,ordinary,,221.2,44.2,38.5,50.0,44.9,243.1,18,"prior marker interval 1424 ms over surveyed spacing 315 mm, +/-13%",clears p95 field
808.57,ordinary,,237.0,47.4,41.2,53.6,49.3,228.0,21,"prior marker interval 1498 ms over surveyed spacing 355 mm, +/-13%",clears p95 field
809.921,ordinary,,240.7,48.1,41.9,54.4,45.5,233.7,22,"prior marker interval 1371 ms over surveyed spacing 330 mm, +/-13%",clears p95 field
811.288,ordinary,,242.1,48.4,42.1,54.7,47.5,220.3,20,"prior marker interval 1363 ms over surveyed spacing 330 mm, +/-13%",clears p95 field
812.596,ordinary,,252.9,50.6,44.0,57.1,50.1,231.4,20,"prior marker interval 1305 ms over surveyed spacing 330 mm, +/-13%",clears p95 field
813.919,ordinary,,251.5,50.3,43.8,56.8,52.3,259.3,17,"prior marker interval 1312 ms over surveyed spacing 330 mm, +/-13%",clears p95 field
815.365,ordinary,,235.8,47.2,41.0,53.3,50.7,236.7,22,"prior marker interval 1442 ms over surveyed spacing 340 mm, +/-13%",clears p95 field
816.789,ordinary,,232.9,46.6,40.5,52.6,51.2,240.6,17,"prior marker interval 1417 ms over surveyed spacing 330 mm, +/-13%",clears p95 field
818.252,ordinary,,217.1,43.4,37.8,49.1,49.9,226.0,20,"prior marker interval 1451 ms over surveyed spacing 315 mm, +/-13%",clears p95 field
819.703,ordinary,,220.5,44.1,38.4,49.8,46.3,231.7,21,"prior marker interval 1474 ms over surveyed spacing 325 mm, +/-13%",clears p95 field
821.181,ordinary,,226.5,45.3,39.4,51.2,51.4,231.2,21,"prior marker interval 1457 ms over surveyed spacing 330 mm, +/-13%",clears p95 field
822.601,ordinary,,216.8,43.4,37.7,49.0,43.1,207.3,17,"prior marker interval 1453 ms over surveyed spacing 315 mm, +/-13%",clears p95 field
823.959,ordinary,,221.7,44.3,38.6,50.1,44.8,184.0,18,"prior marker interval 1353 ms over surveyed spacing 300 mm, +/-13%",clears p95 field
825.192,ordinary,,243.5,48.7,42.4,55.0,49.4,197.2,16,"prior marker interval 1232 ms over surveyed spacing 300 mm, +/-13%",clears p95 field
826.403,ordinary,,243.2,48.6,42.3,55.0,48.9,201.1,18,"prior marker interval 1213 ms over surveyed spacing 295 mm, +/-13%",clears p95 field
827.625,ordinary,,244.3,48.9,42.5,55.2,47.6,195.9,18,"prior marker interval 1228 ms over surveyed spacing 300 mm, +/-13%",clears p95 field
828.806,ordinary,,242.9,48.6,42.3,54.9,43.5,193.8,16,"prior marker interval 1194 ms over surveyed spacing 290 mm, +/-13%",clears p95 field
830.0,ordinary,,254.9,51.0,44.4,57.6,50.0,223.3,22,"prior marker interval 1177 ms over surveyed spacing 300 mm, +/-13%",clears p95 field
831.278,ordinary,,247.3,49.5,43.0,55.9,49.9,222.3,18,"prior marker interval 1274 ms over surveyed spacing 315 mm, +/-13%",clears p95 field
832.564,ordinary,,241.9,48.4,42.1,54.7,45.2,242.4,21,"prior marker interval 1302 ms over surveyed spacing 315 mm, +/-13%",clears p95 field
833.963,ordinary,,234.0,46.8,40.7,52.9,46.1,206.4,16,"prior marker interval 1389 ms over surveyed spacing 325 mm, +/-13%",clears p95 field
835.243,ordinary,,242.4,48.5,42.2,54.8,48.0,195.4,21,"prior marker interval 1279 ms over surveyed spacing 310 mm, +/-13%",clears p95 field
836.447,ordinary,,248.6,49.7,43.2,56.2,49.2,183.9,15,"prior marker interval 1207 ms over surveyed spacing 300 mm, +/-13%",clears p95 field
837.587,ordinary,,264.3,52.9,46.0,59.7,52.9,198.5,14,"prior marker interval 1135 ms over surveyed spacing 300 mm, +/-13%",clears p95 field
838.737,ordinary,,278.0,55.6,48.4,62.8,55.3,228.0,18,"prior marker interval 1151 ms over surveyed spacing 320 mm, +/-13%",clears p95 field
839.948,ordinary,,258.4,51.7,45.0,58.4,49.4,199.7,21,"prior marker interval 1219 ms over surveyed spacing 315 mm, +/-13%",clears p95 field
841.116,ordinary,,270.4,54.1,47.0,61.1,52.7,184.1,22,"prior marker interval 1165 ms over surveyed spacing 315 mm, +/-13%",clears p95 field
842.186,ordinary,,283.7,56.7,49.4,64.1,53.6,201.4,18,"prior marker interval 1075 ms over surveyed spacing 305 mm, +/-13%",clears p95 field
843.278,ordinary,,273.5,54.7,47.6,61.8,49.8,163.3,21,"prior marker interval 1097 ms over surveyed spacing 300 mm, +/-13%",clears p95 field
844.253,ordinary,,301.0,60.2,52.4,68.0,53.6,176.7,17,"prior marker interval 980 ms over surveyed spacing 295 mm, +/-13%",clears p95 field
845.218,ordinary,,310.2,62.0,54.0,70.1,55.2,197.3,16,"prior marker interval 967 ms over surveyed spacing 300 mm, +/-13%",clears p95 field
846.234,ordinary,,296.2,59.2,51.5,66.9,53.3,203.8,19,"prior marker interval 1013 ms over surveyed spacing 300 mm, +/-13%",clears p95 field
847.293,ordinary,,280.9,56.2,48.9,63.5,48.0,225.6,20,"prior marker interval 1068 ms over surveyed spacing 300 mm, +/-13%",clears p95 field
848.485,ordinary,,255.8,51.2,44.5,57.8,48.3,212.3,21,"prior marker interval 1173 ms over surveyed spacing 300 mm, +/-13%",clears p95 field
849.708,ordinary,,258.6,51.7,45.0,58.4,49.9,234.3,22,"prior marker interval 1218 ms over surveyed spacing 315 mm, +/-13%",clears p95 field
851.006,ordinary,,253.8,50.8,44.2,57.4,48.7,240.9,18,"prior marker interval 1300 ms over surveyed spacing 330 mm, +/-13%",clears p95 field
852.348,ordinary,,238.5,47.7,41.5,53.9,46.0,218.9,22,"prior marker interval 1342 ms over surveyed spacing 320 mm, +/-13%",clears p95 field
853.651,ordinary,,240.1,48.0,41.8,54.3,44.4,212.2,21,"prior marker interval 1312 ms over surveyed spacing 315 mm, +/-13%",clears p95 field
854.929,ordinary,,244.5,48.9,42.5,55.3,47.4,192.9,21,"prior marker interval 1268 ms over surveyed spacing 310 mm, +/-13%",clears p95 field
856.107,ordinary,,253.8,50.8,44.2,57.4,48.0,198.0,19,"prior marker interval 1182 ms over surveyed spacing 300 mm, +/-13%",clears p95 field
857.269,ordinary,,256.2,51.2,44.6,57.9,46.6,191.9,21,"prior marker interval 1171 ms over surveyed spacing 300 mm, +/-13%",clears p95 field
858.407,ordinary,,265.5,53.1,46.2,60.0,50.2,182.1,24,"prior marker interval 1130 ms over surveyed spacing 300 mm, +/-13%",clears p95 field
859.471,ordinary,,279.1,55.8,48.6,63.1,49.7,189.2,21,"prior marker interval 1075 ms over surveyed spacing 300 mm, +/-13%",clears p95 field
860.53,ordinary,,284.1,56.8,49.4,64.2,51.4,191.5,21,"prior marker interval 1056 ms over surveyed spacing 300 mm, +/-13%",clears p95 field
861.578,ordinary,,284.6,56.9,49.5,64.3,49.5,190.1,22,"prior marker interval 1054 ms over surveyed spacing 300 mm, +/-13%",clears p95 field
862.627,ordinary,,288.2,57.6,50.1,65.1,52.2,198.3,20,"prior marker interval 1041 ms over surveyed spacing 300 mm, +/-13%",clears p95 field
863.685,ordinary,,279.9,56.0,48.7,63.2,47.6,180.8,17,"prior marker interval 1072 ms over surveyed spacing 300 mm, +/-13%",clears p95 field
864.707,ordinary,,295.3,59.1,51.4,66.7,52.0,187.8,17,"prior marker interval 1016 ms over surveyed spacing 300 mm, +/-13%",clears p95 field
865.714,ordinary,,296.4,59.3,51.6,67.0,50.7,190.9,21,"prior marker interval 1012 ms over surveyed spacing 300 mm, +/-13%",clears p95 field
866.736,ordinary,,295.9,59.2,51.5,66.9,52.7,190.5,17,"prior marker interval 1014 ms over surveyed spacing 300 mm, +/-13%",clears p95 field
867.756,ordinary,,293.5,58.7,51.1,66.3,51.7,190.5,15,"prior marker interval 1022 ms over surveyed spacing 300 mm, +/-13%",clears p95 field
868.779,ordinary,,292.7,58.5,50.9,66.1,50.9,195.2,20,"prior marker interval 1025 ms over surveyed spacing 300 mm, +/-13%",clears p95 field
869.821,ordinary,,287.9,57.6,50.1,65.1,50.4,192.3,20,"prior marker interval 1042 ms over surveyed spacing 300 mm, +/-13%",clears p95 field
870.88,ordinary,,288.2,57.6,50.1,65.1,55.0,204.6,22,"prior marker interval 1041 ms over surveyed spacing 300 mm, +/-13%",clears p95 field
871.969,ordinary,,272.0,54.4,47.3,61.5,48.7,196.9,20,"prior marker interval 1103 ms over surveyed spacing 300 mm, +/-13%",clears p95 field
873.072,ordinary,,272.0,54.4,47.3,61.5,48.7,187.1,20,"prior marker interval 1103 ms over surveyed spacing 300 mm, +/-13%",clears p95 field
874.143,ordinary,,281.4,56.3,49.0,63.6,51.5,201.5,22,"prior marker interval 1066 ms over surveyed spacing 300 mm, +/-13%",clears p95 field
875.241,ordinary,,273.2,54.6,47.5,61.7,49.7,200.0,20,"prior marker interval 1098 ms over surveyed spacing 300 mm, +/-13%",clears p95 field
876.356,ordinary,,269.1,53.8,46.8,60.8,49.2,194.0,20,"prior marker interval 1115 ms over surveyed spacing 300 mm, +/-13%",clears p95 field
877.454,ordinary,,272.0,54.4,47.3,61.5,48.1,201.3,22,"prior marker interval 1103 ms over surveyed spacing 300 mm, +/-13%",clears p95 field
878.583,ordinary,,268.3,53.7,46.7,60.6,50.7,199.9,18,"prior marker interval 1118 ms over surveyed spacing 300 mm, +/-13%",clears p95 field
879.714,ordinary,,263.9,52.8,45.9,59.6,49.1,220.3,22,"prior marker interval 1137 ms over surveyed spacing 300 mm, +/-13%",clears p95 field
880.949,ordinary,,242.2,48.4,42.1,54.7,48.4,192.5,22,"prior marker interval 1218 ms over surveyed spacing 295 mm, +/-13%",clears p95 field
882.146,ordinary,,267.3,53.5,46.5,60.4,54.0,253.2,19,"prior marker interval 1197 ms over surveyed spacing 320 mm, +/-13%",clears p95 field
883.498,ordinary,,222.6,44.5,38.7,50.3,45.6,235.7,17,"prior marker interval 1348 ms over surveyed spacing 300 mm, +/-13%",clears p95 field
884.972,ordinary,,215.0,43.0,37.4,48.6,46.2,253.5,23,"prior marker interval 1465 ms over surveyed spacing 315 mm, +/-13%",clears p95 field
886.577,ordinary,,200.8,40.2,34.9,45.4,45.4,200.8,16,"prior marker interval 1594 ms over surveyed spacing 320 mm, +/-13%",clears p95 field
888.006,ordinary,,220.7,44.1,38.4,49.9,50.6,263.8,21,"prior marker interval 1427 ms over surveyed spacing 315 mm, +/-13%",clears p95 field
889.62,ordinary,,200.5,40.1,34.9,45.3,43.9,263.0,24,"prior marker interval 1621 ms over surveyed spacing 325 mm, +/-13%",clears p95 field
891.354,ordinary,,181.5,36.3,31.6,41.0,40.3,204.1,19,"prior marker interval 1736 ms over surveyed spacing 315 mm, +/-13%",clears p95 field
892.894,ordinary,,198.6,39.7,34.6,44.9,42.7,201.3,11,"prior marker interval 1536 ms over surveyed spacing 305 mm, +/-13%",clears p95 field
894.301,ordinary,,208.2,41.6,36.2,47.1,40.2,212.8,20,"prior marker interval 1441 ms over surveyed spacing 300 mm, +/-13%",clears p95 field
895.732,ordinary,,216.6,43.3,37.7,49.0,45.3,203.8,22,"prior marker interval 1408 ms over surveyed spacing 305 mm, +/-13%",clears p95 field
897.071,ordinary,,221.9,44.4,38.6,50.1,43.9,208.1,18,"prior marker interval 1352 ms over surveyed spacing 300 mm, +/-13%",clears p95 field
898.396,ordinary,,223.9,44.8,39.0,50.6,41.9,202.2,20,"prior marker interval 1340 ms over surveyed spacing 300 mm, +/-13%",clears p95 field
899.685,ordinary,,228.2,45.6,39.7,51.6,42.4,198.7,23,"prior marker interval 1293 ms over surveyed spacing 295 mm, +/-13%",clears p95 field
900.941,ordinary,,234.3,46.9,40.8,53.0,43.3,227.5,20,"prior marker interval 1259 ms over surveyed spacing 295 mm, +/-13%",clears p95 field
902.304,ordinary,,222.7,44.5,38.8,50.3,42.8,241.4,20,"prior marker interval 1347 ms over surveyed spacing 300 mm, +/-13%",clears p95 field
903.813,ordinary,,204.8,41.0,35.6,46.3,46.1,247.0,20,"prior marker interval 1465 ms over surveyed spacing 300 mm, +/-13%",clears p95 field
905.431,ordinary,,182.1,36.4,31.7,41.2,38.6,218.8,25,"prior marker interval 1647 ms over surveyed spacing 300 mm, +/-13%",clears typical field
907.034,ordinary,,186.1,37.2,32.4,42.1,37.6,201.0,17,"prior marker interval 1612 ms over surveyed spacing 300 mm, +/-13%",clears typical field
908.521,ordinary,,203.9,40.8,35.5,46.1,42.2,198.8,17,"prior marker interval 1471 ms over surveyed spacing 300 mm, +/-13%",clears p95 field
909.905,ordinary,,217.2,43.4,37.8,49.1,45.4,198.1,19,"prior marker interval 1381 ms over surveyed spacing 300 mm, +/-13%",clears p95 field
911.224,ordinary,,225.4,45.1,39.2,50.9,46.7,210.3,25,"prior marker interval 1331 ms over surveyed spacing 300 mm, +/-13%",clears p95 field
912.565,ordinary,,227.6,45.5,39.6,51.4,47.3,211.2,22,"prior marker interval 1340 ms over surveyed spacing 305 mm, +/-13%",clears p95 field
913.908,ordinary,,226.4,45.3,39.4,51.2,48.7,211.7,20,"prior marker interval 1325 ms over surveyed spacing 300 mm, +/-13%",clears p95 field
915.256,ordinary,,222.1,44.4,38.6,50.2,47.3,215.6,19,"prior marker interval 1351 ms over surveyed spacing 300 mm, +/-13%",clears p95 field
916.642,ordinary,,220.4,44.1,38.3,49.8,47.4,202.5,18,"prior marker interval 1384 ms over surveyed spacing 305 mm, +/-13%",clears p95 field
917.969,ordinary,,222.1,44.4,38.6,50.2,46.2,197.9,18,"prior marker interval 1351 ms over surveyed spacing 300 mm, +/-13%",clears p95 field
919.255,ordinary,,233.3,46.7,40.6,52.7,45.5,216.0,20,"prior marker interval 1286 ms over surveyed spacing 300 mm, +/-13%",clears p95 field
920.577,ordinary,,249.2,49.8,43.4,56.3,48.9,208.4,17,"prior marker interval 1324 ms over surveyed spacing 330 mm, +/-13%",clears p95 field
921.801,ordinary,,243.1,48.6,42.3,54.9,45.7,195.2,20,"prior marker interval 1234 ms over surveyed spacing 300 mm, +/-13%",clears p95 field
923.001,ordinary,,253.6,50.7,44.1,57.3,50.0,187.9,21,"prior marker interval 1183 ms over surveyed spacing 300 mm, +/-13%",clears p95 field
924.126,ordinary,,266.4,53.3,46.3,60.2,49.0,179.5,24,"prior marker interval 1145 ms over surveyed spacing 305 mm, +/-13%",clears p95 field
925.181,ordinary,,281.7,56.3,49.0,63.7,51.0,191.8,19,"prior marker interval 1065 ms over surveyed spacing 300 mm, +/-13%",clears p95 field
926.252,ordinary,,286.5,57.3,49.9,64.8,54.4,195.7,21,"prior marker interval 1047 ms over surveyed spacing 300 mm, +/-13%",clears p95 field
927.326,ordinary,,276.8,55.4,48.2,62.5,52.9,208.1,24,"prior marker interval 1084 ms over surveyed spacing 300 mm, +/-13%",clears p95 field
928.473,ordinary,,264.3,52.9,46.0,59.7,51.5,210.1,20,"prior marker interval 1135 ms over surveyed spacing 300 mm, +/-13%",clears p95 field
929.671,ordinary,,249.6,49.9,43.4,56.4,50.7,202.7,22,"prior marker interval 1202 ms over surveyed spacing 300 mm, +/-13%",clears p95 field
930.868,ordinary,,247.1,49.4,43.0,55.8,45.7,197.4,25,"prior marker interval 1214 ms over surveyed spacing 300 mm, +/-13%",clears p95 field
932.053,ordinary,,254.7,50.9,44.3,57.6,47.4,205.0,16,"prior marker interval 1178 ms over surveyed spacing 300 mm, +/-13%",clears p95 field
933.251,ordinary,,253.2,50.6,44.1,57.2,48.9,192.7,18,"prior marker interval 1185 ms over surveyed spacing 300 mm, +/-13%",clears p95 field
934.403,ordinary,,258.6,51.7,45.0,58.4,49.4,203.8,19,"prior marker interval 1160 ms over surveyed spacing 300 mm, +/-13%",clears p95 field
935.583,ordinary,,255.8,51.2,44.5,57.8,49.1,182.6,17,"prior marker interval 1173 ms over surveyed spacing 300 mm, +/-13%",clears p95 field
936.68,ordinary,,270.0,54.0,47.0,61.0,49.4,182.8,24,"prior marker interval 1111 ms over surveyed spacing 300 mm, +/-13%",clears p95 field
937.738,ordinary,,283.0,56.6,49.2,64.0,51.2,200.4,22,"prior marker interval 1060 ms over surveyed spacing 300 mm, +/-13%",clears p95 field
938.826,ordinary,,276.0,55.2,48.0,62.4,49.7,156.2,20,"prior marker interval 1087 ms over surveyed spacing 300 mm, +/-13%",clears p95 field
939.765,ordinary,,311.2,62.2,54.1,70.3,53.8,202.6,17,"prior marker interval 948 ms over surveyed spacing 295 mm, +/-13%",clears p95 field
940.782,ordinary,,292.1,58.4,50.8,66.0,48.5,193.4,16,"prior marker interval 1027 ms over surveyed spacing 300 mm, +/-13%",clears p95 field
941.829,ordinary,,292.7,58.5,50.9,66.1,54.1,228.9,27,"prior marker interval 1025 ms over surveyed spacing 300 mm, +/-13%",clears p95 field
943.003,ordinary,,257.5,51.5,44.8,58.2,49.4,213.5,19,"prior marker interval 1165 ms over surveyed spacing 300 mm, +/-13%",clears p95 field
944.214,ordinary,,245.1,49.0,42.6,55.4,44.6,204.4,21,"prior marker interval 1224 ms over surveyed spacing 300 mm, +/-13%",clears p95 field
945.428,ordinary,,248.1,49.6,43.2,56.1,44.7,217.9,16,"prior marker interval 1209 ms over surveyed spacing 300 mm, +/-13%",clears p95 field
946.698,ordinary,,241.5,48.3,42.0,54.6,46.4,230.6,20,"prior marker interval 1263 ms over surveyed spacing 305 mm, +/-13%",clears p95 field
948.056,ordinary,,223.4,44.7,38.9,50.5,45.3,243.7,17,"prior marker interval 1343 ms over surveyed spacing 300 mm, +/-13%",clears p95 field
949.555,ordinary,,200.4,40.1,34.9,45.3,41.7,186.4,19,"prior marker interval 1497 ms over surveyed spacing 300 mm, +/-13%",clears p95 field
950.889,ordinary,,238.8,47.8,41.6,54.0,48.7,220.2,19,"prior marker interval 1340 ms over surveyed spacing 320 mm, +/-13%",clears p95 field
952.198,ordinary,,241.7,48.3,42.1,54.6,45.2,182.0,20,"prior marker interval 1324 ms over surveyed spacing 320 mm, +/-13%",clears p95 field
953.333,ordinary,,262.5,52.5,45.7,59.3,47.8,185.0,22,"prior marker interval 1143 ms over surveyed spacing 300 mm, +/-13%",clears p95 field
954.419,ordinary,,276.0,55.2,48.0,62.4,50.0,211.4,22,"prior marker interval 1087 ms over surveyed spacing 300 mm, +/-13%",clears p95 field
955.564,ordinary,,261.6,52.3,45.5,59.1,46.8,196.4,16,"prior marker interval 1147 ms over surveyed spacing 300 mm, +/-13%",clears p95 field
956.707,ordinary,,265.7,53.1,46.2,60.1,51.0,208.6,20,"prior marker interval 1129 ms over surveyed spacing 300 mm, +/-13%",clears p95 field
957.883,ordinary,,254.7,50.9,44.3,57.6,48.6,197.1,20,"prior marker interval 1178 ms over surveyed spacing 300 mm, +/-13%",clears p95 field
959.043,ordinary,,258.2,51.6,44.9,58.3,48.0,174.8,15,"prior marker interval 1162 ms over surveyed spacing 300 mm, +/-13%",clears p95 field
960.098,ordinary,,281.7,56.3,49.0,63.7,50.1,187.6,19,"prior marker interval 1065 ms over surveyed spacing 300 mm, +/-13%",clears p95 field
961.145,ordinary,,287.1,57.4,50.0,64.9,52.0,161.9,21,"prior marker interval 1045 ms over surveyed spacing 300 mm, +/-13%",clears p95 field
962.092,ordinary,,317.8,63.6,55.3,71.8,58.2,193.5,19,"prior marker interval 944 ms over surveyed spacing 300 mm, +/-13%",clears p95 field
963.085,ordinary,,302.4,60.5,52.6,68.3,55.6,186.0,19,"prior marker interval 992 ms over surveyed spacing 300 mm, +/-13%",clears p95 field
964.085,ordinary,,300.3,60.1,52.3,67.9,55.6,191.3,20,"prior marker interval 999 ms over surveyed spacing 300 mm, +/-13%",clears p95 field
965.108,ordinary,,293.3,58.7,51.0,66.3,54.5,182.4,20,"prior marker interval 1023 ms over surveyed spacing 300 mm, +/-13%",clears p95 field
966.114,ordinary,,297.6,59.5,51.8,67.3,54.8,184.2,19,"prior marker interval 1008 ms over surveyed spacing 300 mm, +/-13%",clears p95 field
967.116,ordinary,,279.7,55.9,48.7,63.2,51.2,206.2,20,"prior marker interval 1001 ms over surveyed spacing 280 mm, +/-13%",clears p95 field
968.236,ordinary,,267.4,53.5,46.5,60.4,48.9,172.2,19,"prior marker interval 1122 ms over surveyed spacing 300 mm, +/-13%",clears p95 field
969.258,ordinary,,292.4,58.5,50.9,66.1,52.0,224.3,22,"prior marker interval 1026 ms over surveyed spacing 300 mm, +/-13%",clears p95 field
970.402,ordinary,,253.3,50.7,44.1,57.2,44.8,190.0,23,"prior marker interval 1145 ms over surveyed spacing 290 mm, +/-13%",clears p95 field
971.516,ordinary,,265.7,53.1,46.2,60.1,43.6,173.5,16,"prior marker interval 1129 ms over surveyed spacing 300 mm, +/-13%",clears p95 field
972.545,ordinary,,296.2,59.2,51.5,66.9,52.1,186.3,18,"prior marker interval 1013 ms over surveyed spacing 300 mm, +/-13%",clears p95 field
973.536,ordinary,,297.9,59.6,51.8,67.3,48.3,171.6,20,"prior marker interval 1007 ms over surveyed spacing 300 mm, +/-13%",clears p95 field
974.478,ordinary,,319.8,64.0,55.7,72.3,53.1,203.4,22,"prior marker interval 938 ms over surveyed spacing 300 mm, +/-13%",clears p95 field
975.485,ordinary,,298.8,59.8,52.0,67.5,51.1,201.4,21,"prior marker interval 1004 ms over surveyed spacing 300 mm, +/-13%",clears p95 field
976.528,ordinary,,288.7,57.7,50.2,65.3,48.8,187.7,19,"prior marker interval 1039 ms over surveyed spacing 300 mm, +/-13%",clears p95 field
977.536,ordinary,,293.0,58.6,51.0,66.2,46.3,202.4,21,"prior marker interval 1024 ms over surveyed spacing 300 mm, +/-13%",clears p95 field
978.602,ordinary,,286.8,57.4,49.9,64.8,50.2,209.9,27,"prior marker interval 1046 ms over surveyed spacing 300 mm, +/-13%",clears p95 field
979.709,ordinary,,271.0,54.2,47.2,61.2,47.4,187.3,22,"prior marker interval 1107 ms over surveyed spacing 300 mm, +/-13%",clears p95 field
980.767,ordinary,,280.9,56.2,48.9,63.5,46.9,205.6,20,"prior marker interval 1068 ms over surveyed spacing 300 mm, +/-13%",clears p95 field
981.868,ordinary,,273.0,54.6,47.5,61.7,46.1,198.2,14,"prior marker interval 1099 ms over surveyed spacing 300 mm, +/-13%",clears p95 field
982.967,ordinary,,273.5,54.7,47.6,61.8,47.3,192.5,19,"prior marker interval 1097 ms over surveyed spacing 300 mm, +/-13%",clears p95 field
984.041,ordinary,,278.0,55.6,48.4,62.8,47.3,216.3,21,"prior marker interval 1079 ms over surveyed spacing 300 mm, +/-13%",clears p95 field
985.185,ordinary,,261.8,52.4,45.5,59.2,43.5,222.8,22,"prior marker interval 1146 ms over surveyed spacing 300 mm, +/-13%",clears p95 field
986.422,ordinary,,252.1,50.4,43.9,57.0,46.9,204.7,20,"prior marker interval 1210 ms over surveyed spacing 305 mm, +/-13%",clears p95 field
987.619,ordinary,,250.6,50.1,43.6,56.6,46.4,199.2,19,"prior marker interval 1197 ms over surveyed spacing 300 mm, +/-13%",clears p95 field
988.795,ordinary,,257.8,51.6,44.9,58.3,46.7,200.8,21,"prior marker interval 1183 ms over surveyed spacing 305 mm, +/-13%",clears p95 field
989.942,ordinary,,257.3,51.5,44.8,58.1,43.2,177.8,10,"prior marker interval 1166 ms over surveyed spacing 300 mm, +/-13%",clears p95 field
991.005,ordinary,,279.4,55.9,48.6,63.1,48.0,209.8,20,"prior marker interval 1056 ms over surveyed spacing 295 mm, +/-13%",clears p95 field
992.134,ordinary,,266.7,53.3,46.4,60.3,47.5,197.1,21,"prior marker interval 1125 ms over surveyed spacing 300 mm, +/-13%",clears p95 field
993.242,ordinary,,268.3,53.7,46.7,60.6,45.3,220.0,18,"prior marker interval 1118 ms over surveyed spacing 300 mm, +/-13%",clears p95 field
994.437,ordinary,,253.8,50.8,44.2,57.4,44.4,169.3,19,"prior marker interval 1182 ms over surveyed spacing 300 mm, +/-13%",clears p95 field
995.48,ordinary,,294.1,58.8,51.2,66.5,51.8,219.4,20,"prior marker interval 1037 ms over surveyed spacing 305 mm, +/-13%",clears p95 field
996.605,ordinary,,264.6,52.9,46.0,59.8,47.4,205.3,22,"prior marker interval 1134 ms over surveyed spacing 300 mm, +/-13%",clears p95 field
997.779,ordinary,,259.3,51.9,45.1,58.6,51.3,230.0,16,"prior marker interval 1157 ms over surveyed spacing 300 mm, +/-13%",clears p95 field
999.06,ordinary,,237.2,47.4,41.3,53.6,46.0,215.6,15,"prior marker interval 1286 ms over surveyed spacing 305 mm, +/-13%",clears p95 field
1000.362,ordinary,,246.7,49.3,42.9,55.8,47.6,176.2,20,"prior marker interval 1297 ms over surveyed spacing 320 mm, +/-13%",clears p95 field
1001.452,ordinary,,261.5,52.3,45.5,59.1,46.0,218.3,21,"prior marker interval 1109 ms over surveyed spacing 290 mm, +/-13%",clears p95 field
1002.662,ordinary,,265.1,53.0,46.1,59.9,46.4,188.2,13,"prior marker interval 1207 ms over surveyed spacing 320 mm, +/-13%",clears p95 field
1003.76,ordinary,,276.0,55.2,48.0,62.4,51.9,261.1,20,"prior marker interval 1087 ms over surveyed spacing 300 mm, +/-13%",clears p95 field
1005.098,ordinary,,224.7,44.9,39.1,50.8,43.1,190.3,17,"prior marker interval 1335 ms over surveyed spacing 300 mm, +/-13%",clears p95 field
1006.334,ordinary,,246.0,49.2,42.8,55.6,46.5,260.2,20,"prior marker interval 1240 ms over surveyed spacing 305 mm, +/-13%",clears p95 field
1007.799,ordinary,,228.1,45.6,39.7,51.5,47.2,251.5,26,"prior marker interval 1447 ms over surveyed spacing 330 mm, +/-13%",clears p95 field
1009.305,ordinary,,219.0,43.8,38.1,49.5,44.5,217.4,19,"prior marker interval 1507 ms over surveyed spacing 330 mm, +/-13%",clears p95 field
1010.701,ordinary,,229.2,45.8,39.9,51.8,46.5,237.0,17,"prior marker interval 1396 ms over surveyed spacing 320 mm, +/-13%",clears p95 field
1012.14,ordinary,,226.2,45.2,39.4,51.1,46.4,230.9,24,"prior marker interval 1437 ms over surveyed spacing 325 mm, +/-13%",clears p95 field
1013.564,ordinary,,220.6,44.1,38.4,49.9,44.8,240.9,20,"prior marker interval 1428 ms over surveyed spacing 315 mm, +/-13%",clears p95 field
1015.064,ordinary,,237.9,47.6,41.4,53.8,49.5,227.5,19,"prior marker interval 1492 ms over surveyed spacing 355 mm, +/-13%",clears p95 field
1016.41,ordinary,,242.3,48.5,42.2,54.8,46.0,233.1,22,"prior marker interval 1362 ms over surveyed spacing 330 mm, +/-13%",clears p95 field
1017.763,ordinary,,243.2,48.6,42.3,55.0,46.4,222.0,22,"prior marker interval 1357 ms over surveyed spacing 330 mm, +/-13%",clears p95 field
1019.081,ordinary,,253.1,50.6,44.0,57.2,51.9,230.5,22,"prior marker interval 1304 ms over surveyed spacing 330 mm, +/-13%",clears p95 field
1020.406,ordinary,,251.3,50.3,43.7,56.8,53.8,259.1,26,"prior marker interval 1313 ms over surveyed spacing 330 mm, +/-13%",clears p95 field
1021.852,ordinary,,234.8,47.0,40.9,53.1,50.5,235.0,23,"prior marker interval 1448 ms over surveyed spacing 340 mm, +/-13%",clears p95 field
1023.275,ordinary,,233.2,46.6,40.6,52.7,51.8,244.6,17,"prior marker interval 1415 ms over surveyed spacing 330 mm, +/-13%",clears p95 field
1024.751,ordinary,,214.1,42.8,37.3,48.4,48.6,227.8,22,"prior marker interval 1471 ms over surveyed spacing 315 mm, +/-13%",clears p95 field
1026.223,ordinary,,217.8,43.6,37.9,49.2,45.3,228.3,21,"prior marker interval 1492 ms over surveyed spacing 325 mm, +/-13%",clears p95 field
1027.703,ordinary,,227.1,45.4,39.5,51.3,52.7,231.4,28,"prior marker interval 1453 ms over surveyed spacing 330 mm, +/-13%",clears p95 field
1029.126,ordinary,,216.3,43.3,37.6,48.9,44.1,208.8,25,"prior marker interval 1456 ms over surveyed spacing 315 mm, +/-13%",clears p95 field
1030.496,ordinary,,219.9,44.0,38.3,49.7,45.1,181.9,19,"prior marker interval 1364 ms over surveyed spacing 300 mm, +/-13%",clears p95 field
1031.725,ordinary,,243.5,48.7,42.4,55.0,49.2,197.0,22,"prior marker interval 1232 ms over surveyed spacing 300 mm, +/-13%",clears p95 field
1032.934,ordinary,,243.4,48.7,42.4,55.0,48.7,201.3,19,"prior marker interval 1212 ms over surveyed spacing 295 mm, +/-13%",clears p95 field
1034.156,ordinary,,244.3,48.9,42.5,55.2,47.6,194.7,20,"prior marker interval 1228 ms over surveyed spacing 300 mm, +/-13%",clears p95 field
1035.34,ordinary,,243.7,48.7,42.4,55.1,45.6,193.3,16,"prior marker interval 1190 ms over surveyed spacing 290 mm, +/-13%",clears p95 field
1036.531,ordinary,,254.5,50.9,44.3,57.5,50.4,227.5,20,"prior marker interval 1179 ms over surveyed spacing 300 mm, +/-13%",clears p95 field
1037.82,ordinary,,243.6,48.7,42.4,55.1,47.5,224.1,17,"prior marker interval 1293 ms over surveyed spacing 315 mm, +/-13%",clears p95 field
1039.136,ordinary,,238.8,47.8,41.6,54.0,46.8,241.9,21,"prior marker interval 1319 ms over surveyed spacing 315 mm, +/-13%",clears p95 field
1040.544,ordinary,,231.0,46.2,40.2,52.2,45.0,206.5,20,"prior marker interval 1407 ms over surveyed spacing 325 mm, +/-13%",clears p95 field
1041.836,ordinary,,240.5,48.1,41.8,54.4,47.4,195.8,21,"prior marker interval 1289 ms over surveyed spacing 310 mm, +/-13%",clears p95 field
1043.046,ordinary,,247.5,49.5,43.1,55.9,48.8,188.1,17,"prior marker interval 1212 ms over surveyed spacing 300 mm, +/-13%",clears p95 field
1044.206,ordinary,,259.5,51.9,45.2,58.7,51.9,196.5,18,"prior marker interval 1156 ms over surveyed spacing 300 mm, +/-13%",clears p95 field
1045.352,ordinary,,277.1,55.4,48.2,62.6,52.4,226.4,23,"prior marker interval 1155 ms over surveyed spacing 320 mm, +/-13%",clears p95 field
1046.566,ordinary,,260.5,52.1,45.3,58.9,51.3,198.5,21,"prior marker interval 1209 ms over surveyed spacing 315 mm, +/-13%",clears p95 field
1047.723,ordinary,,271.8,54.4,47.3,61.4,53.0,187.0,16,"prior marker interval 1159 ms over surveyed spacing 315 mm, +/-13%",clears p95 field
1048.791,ordinary,,281.6,56.3,49.0,63.6,50.7,201.1,19,"prior marker interval 1083 ms over surveyed spacing 305 mm, +/-13%",clears p95 field
1049.885,ordinary,,274.7,54.9,47.8,62.1,49.5,165.4,13,"prior marker interval 1092 ms over surveyed spacing 300 mm, +/-13%",clears p95 field
1050.862,ordinary,,300.4,60.1,52.3,67.9,52.6,177.2,16,"prior marker interval 982 ms over surveyed spacing 295 mm, +/-13%",clears p95 field
1051.828,ordinary,,310.2,62.0,54.0,70.1,54.6,203.2,20,"prior marker interval 967 ms over surveyed spacing 300 mm, +/-13%",clears p95 field
1052.86,ordinary,,291.3,58.3,50.7,65.8,51.6,200.1,20,"prior marker interval 1030 ms over surveyed spacing 300 mm, +/-13%",clears p95 field
1053.919,ordinary,,282.0,56.4,49.1,63.7,48.5,228.4,15,"prior marker interval 1064 ms over surveyed spacing 300 mm, +/-13%",clears p95 field
1055.113,ordinary,,254.0,50.8,44.2,57.4,46.7,213.1,19,"prior marker interval 1181 ms over surveyed spacing 300 mm, +/-13%",clears p95 field
1056.347,ordinary,,257.6,51.5,44.8,58.2,50.2,235.2,20,"prior marker interval 1223 ms over surveyed spacing 315 mm, +/-13%",clears p95 field
1057.658,ordinary,,252.3,50.5,43.9,57.0,50.0,240.7,17,"prior marker interval 1308 ms over surveyed spacing 330 mm, +/-13%",clears p95 field
1059.0,ordinary,,236.7,47.3,41.2,53.5,44.5,220.8,20,"prior marker interval 1352 ms over surveyed spacing 320 mm, +/-13%",clears p95 field
1060.326,ordinary,,238.3,47.7,41.5,53.9,46.0,214.4,20,"prior marker interval 1322 ms over surveyed spacing 315 mm, +/-13%",clears p95 field
1061.623,ordinary,,239.6,47.9,41.7,54.1,47.2,190.7,20,"prior marker interval 1294 ms over surveyed spacing 310 mm, +/-13%",clears p95 field
1062.811,ordinary,,251.9,50.4,43.8,56.9,48.4,200.0,21,"prior marker interval 1191 ms over surveyed spacing 300 mm, +/-13%",clears p95 field
1063.991,ordinary,,252.7,50.5,44.0,57.1,47.0,190.8,14,"prior marker interval 1187 ms over surveyed spacing 300 mm, +/-13%",clears p95 field
1065.135,ordinary,,263.2,52.6,45.8,59.5,49.7,181.8,20,"prior marker interval 1140 ms over surveyed spacing 300 mm, +/-13%",clears p95 field
1066.211,ordinary,,277.5,55.5,48.3,62.7,51.3,190.7,19,"prior marker interval 1081 ms over surveyed spacing 300 mm, +/-13%",clears p95 field
1067.28,ordinary,,280.1,56.0,48.7,63.3,51.0,192.2,27,"prior marker interval 1071 ms over surveyed spacing 300 mm, +/-13%",clears p95 field
1068.34,ordinary,,280.6,56.1,48.8,63.4,48.8,190.3,19,"prior marker interval 1069 ms over surveyed spacing 300 mm, +/-13%",clears p95 field
1069.403,ordinary,,285.2,57.0,49.6,64.4,52.8,201.0,19,"prior marker interval 1052 ms over surveyed spacing 300 mm, +/-13%",clears p95 field
1070.479,ordinary,,275.0,55.0,47.8,62.1,47.0,180.7,21,"prior marker interval 1091 ms over surveyed spacing 300 mm, +/-13%",clears p95 field
1071.514,ordinary,,292.1,58.4,50.8,66.0,52.0,198.9,18,"prior marker interval 1027 ms over surveyed spacing 300 mm, +/-13%",clears p95 field
1072.568,ordinary,,283.0,56.6,49.2,64.0,49.0,186.5,23,"prior marker interval 1060 ms over surveyed spacing 300 mm, +/-13%",clears p95 field
1073.606,ordinary,,290.7,58.1,50.6,65.7,52.0,186.9,17,"prior marker interval 1032 ms over surveyed spacing 300 mm, +/-13%",clears p95 field
1074.632,ordinary,,293.8,58.8,51.1,66.4,53.8,192.5,23,"prior marker interval 1021 ms over surveyed spacing 300 mm, +/-13%",clears p95 field
1075.661,ordinary,,289.0,57.8,50.3,65.3,50.3,202.0,21,"prior marker interval 1038 ms over surveyed spacing 300 mm, +/-13%",clears p95 field
1076.745,ordinary,,279.6,55.9,48.6,63.2,51.7,196.8,18,"prior marker interval 1073 ms over surveyed spacing 300 mm, +/-13%",clears p95 field
1077.833,ordinary,,275.7,55.1,48.0,62.3,50.7,203.5,19,"prior marker interval 1088 ms over surveyed spacing 300 mm, +/-13%",clears p95 field
1078.949,ordinary,,267.1,53.4,46.5,60.4,47.6,232.1,19,"prior marker interval 1123 ms over surveyed spacing 300 mm, +/-13%",clears p95 field
1080.255,ordinary,,240.6,48.1,41.9,54.4,57.0,7031.1,18,"prior marker interval 1247 ms over surveyed spacing 300 mm, +/-13%",clears p95 field
1111.44,ordinary,,191.1,38.2,33.2,43.2,36.3,155.5,17,"prior marker interval 1570 ms over surveyed spacing 300 mm, +/-13%",clears typical field
1112.655,ordinary,,249.8,50.0,43.5,56.5,50.2,217.1,16,"prior marker interval 1201 ms over surveyed spacing 300 mm, +/-13%",clears p95 field
1113.934,ordinary,,236.2,47.2,41.1,53.4,49.6,242.6,22,"prior marker interval 1270 ms over surveyed spacing 300 mm, +/-13%",clears p95 field
1115.384,ordinary,,208.5,41.7,36.3,47.1,46.5,250.2,16,"prior marker interval 1439 ms over surveyed spacing 300 mm, +/-13%",clears p95 field
1117.029,ordinary,,184.8,37.0,32.2,41.8,45.3,303.1,20,"prior marker interval 1623 ms over surveyed spacing 300 mm, +/-13%",clears p95 field
1119.161,ordinary,,141.8,28.4,24.7,32.0,41.4,241.4,17,"prior marker interval 2081 ms over surveyed spacing 295 mm, +/-13%",clears p95 field
1121.369,ordinary,,145.7,29.1,25.3,32.9,44.4,302.2,19,"prior marker interval 2197 ms over surveyed spacing 320 mm, +/-13%",clears p95 field
1123.97,ordinary,,116.0,23.2,20.2,26.2,37.8,279.0,31,"prior marker interval 2587 ms over surveyed spacing 300 mm, +/-13%",clears typical field
1126.925,ordinary,,107.7,21.5,18.7,24.3,37.6,309.9,25,"prior marker interval 2925 ms over surveyed spacing 315 mm, +/-13%",clears typical field
1179.674,ordinary,,206.0,41.2,35.8,46.6,39.3,165.4,21,"prior marker interval 1529 ms over surveyed spacing 315 mm, +/-13%",clears typical field
1180.871,ordinary,,255.4,51.1,44.4,57.7,49.6,186.2,21,"prior marker interval 1194 ms over surveyed spacing 305 mm, +/-13%",clears p95 field
1181.964,ordinary,,264.8,53.0,46.1,59.8,43.4,192.8,24,"prior marker interval 1133 ms over surveyed spacing 300 mm, +/-13%",clears p95 field
1183.066,ordinary,,280.3,56.1,48.8,63.4,48.8,188.9,23,"prior marker interval 1088 ms over surveyed spacing 305 mm, +/-13%",clears p95 field
1184.105,ordinary,,286.3,57.3,49.8,64.7,47.2,192.4,21,"prior marker interval 1048 ms over surveyed spacing 300 mm, +/-13%",clears p95 field
1185.138,ordinary,,288.5,57.7,50.2,65.2,46.4,186.9,28,"prior marker interval 1040 ms over surveyed spacing 300 mm, +/-13%",clears p95 field
1186.143,ordinary,,292.9,58.6,51.0,66.2,46.0,180.5,15,"prior marker interval 1007 ms over surveyed spacing 295 mm, +/-13%",clears p95 field
1187.122,ordinary,,302.6,60.5,52.6,68.4,49.3,209.4,22,"prior marker interval 975 ms over surveyed spacing 295 mm, +/-13%",clears p95 field
1188.183,ordinary,,284.6,56.9,49.5,64.3,48.1,218.6,21,"prior marker interval 1054 ms over surveyed spacing 300 mm, +/-13%",clears p95 field
1189.333,ordinary,,265.7,53.1,46.2,60.1,48.4,223.2,23,"prior marker interval 1129 ms over surveyed spacing 300 mm, +/-13%",clears p95 field
1190.548,ordinary,,243.9,48.8,42.4,55.1,42.7,201.7,25,"prior marker interval 1230 ms over surveyed spacing 300 mm, +/-13%",clears p95 field
1191.759,ordinary,,249.6,49.9,43.4,56.4,45.9,186.2,17,"prior marker interval 1202 ms over surveyed spacing 300 mm, +/-13%",clears p95 field
1192.881,ordinary,,268.3,53.7,46.7,60.6,47.2,184.1,26,"prior marker interval 1118 ms over surveyed spacing 300 mm, +/-13%",clears p95 field
1193.95,ordinary,,280.6,56.1,48.8,63.4,51.4,182.1,22,"prior marker interval 1069 ms over surveyed spacing 300 mm, +/-13%",clears p95 field
1194.972,ordinary,,289.6,57.9,50.4,65.4,50.1,189.4,17,"prior marker interval 1036 ms over surveyed spacing 300 mm, +/-13%",clears p95 field
1196.002,ordinary,,296.4,59.3,51.6,67.0,52.2,196.8,21,"prior marker interval 1029 ms over surveyed spacing 305 mm, +/-13%",clears p95 field
1197.053,ordinary,,289.6,57.9,50.4,65.4,54.2,207.9,20,"prior marker interval 1036 ms over surveyed spacing 300 mm, +/-13%",clears p95 field
1198.166,ordinary,,272.2,54.4,47.4,61.5,53.1,215.9,17,"prior marker interval 1102 ms over surveyed spacing 300 mm, +/-13%",clears p95 field
1199.358,ordinary,,256.7,51.3,44.7,58.0,51.1,212.3,22,"prior marker interval 1188 ms over surveyed spacing 305 mm, +/-13%",clears p95 field
1200.585,ordinary,,243.3,48.7,42.3,55.0,48.7,208.3,21,"prior marker interval 1233 ms over surveyed spacing 300 mm, +/-13%",clears p95 field
1201.84,ordinary,,240.4,48.1,41.8,54.3,47.8,226.4,22,"prior marker interval 1248 ms over surveyed spacing 300 mm, +/-13%",clears p95 field
1203.188,ordinary,,245.5,49.1,42.7,55.5,50.6,214.4,21,"prior marker interval 1344 ms over surveyed spacing 330 mm, +/-13%",clears p95 field
1204.459,ordinary,,233.6,46.7,40.7,52.8,46.3,189.5,21,"prior marker interval 1284 ms over surveyed spacing 300 mm, +/-13%",clears p95 field
1205.667,ordinary,,250.8,50.2,43.6,56.7,49.4,186.4,21,"prior marker interval 1196 ms over surveyed spacing 300 mm, +/-13%",clears p95 field
1206.793,ordinary,,265.2,53.0,46.1,59.9,48.5,183.0,20,"prior marker interval 1150 ms over surveyed spacing 305 mm, +/-13%",clears p95 field
1207.868,ordinary,,279.3,55.9,48.6,63.1,51.7,191.6,15,"prior marker interval 1074 ms over surveyed spacing 300 mm, +/-13%",clears p95 field
1208.934,ordinary,,282.0,56.4,49.1,63.7,50.8,196.5,22,"prior marker interval 1064 ms over surveyed spacing 300 mm, +/-13%",clears p95 field
1210.022,ordinary,,276.0,55.2,48.0,62.4,52.7,209.8,16,"prior marker interval 1087 ms over surveyed spacing 300 mm, +/-13%",clears p95 field
1211.181,ordinary,,262.5,52.5,45.7,59.3,52.2,211.8,18,"prior marker interval 1143 ms over surveyed spacing 300 mm, +/-13%",clears p95 field
1212.381,ordinary,,247.5,49.5,43.1,55.9,47.8,204.0,23,"prior marker interval 1212 ms over surveyed spacing 300 mm, +/-13%",clears p95 field
1213.594,ordinary,,246.1,49.2,42.8,55.6,46.5,196.4,15,"prior marker interval 1219 ms over surveyed spacing 300 mm, +/-13%",clears p95 field
1214.78,ordinary,,253.4,50.7,44.1,57.3,47.6,201.4,21,"prior marker interval 1184 ms over surveyed spacing 300 mm, +/-13%",clears p95 field
1215.977,ordinary,,255.3,51.1,44.4,57.7,51.6,193.0,21,"prior marker interval 1175 ms over surveyed spacing 300 mm, +/-13%",clears p95 field
1217.121,ordinary,,256.6,51.3,44.7,58.0,48.2,212.5,21,"prior marker interval 1169 ms over surveyed spacing 300 mm, +/-13%",clears p95 field
1218.347,ordinary,,247.9,49.6,43.1,56.0,49.1,209.3,15,"prior marker interval 1210 ms over surveyed spacing 300 mm, +/-13%",clears p95 field
1219.589,ordinary,,241.0,48.2,41.9,54.5,47.7,220.2,20,"prior marker interval 1245 ms over surveyed spacing 300 mm, +/-13%",clears p95 field
1220.901,ordinary,,228.7,45.7,39.8,51.7,45.3,245.6,20,"prior marker interval 1312 ms over surveyed spacing 300 mm, +/-13%",clears p95 field
1222.399,ordinary,,204.1,40.8,35.5,46.1,45.7,191.2,17,"prior marker interval 1470 ms over surveyed spacing 300 mm, +/-13%",clears p95 field
1223.739,ordinary,,216.6,43.3,37.7,49.0,44.0,248.9,17,"prior marker interval 1362 ms over surveyed spacing 295 mm, +/-13%",clears p95 field
1225.309,ordinary,,191.6,38.3,33.3,43.3,42.3,255.9,21,"prior marker interval 1566 ms over surveyed spacing 300 mm, +/-13%",clears p95 field
1227.116,ordinary,,172.5,34.5,30.0,39.0,46.8,277.4,22,"prior marker interval 1739 ms over surveyed spacing 300 mm, +/-13%",clears p95 field
1229.206,ordinary,,145.0,29.0,25.2,32.8,40.9,249.7,27,"prior marker interval 2069 ms over surveyed spacing 300 mm, +/-13%",clears p95 field
1231.394,ordinary,,135.1,27.0,23.5,30.5,35.9,236.8,21,"prior marker interval 2221 ms over surveyed spacing 300 mm, +/-13%",INSIDE the typical field
1233.604,ordinary,,135.7,27.1,23.6,30.7,34.9,308.4,34,"prior marker interval 2211 ms over surveyed spacing 300 mm, +/-13%",INSIDE the typical field
1281.649,ordinary,,154.6,30.9,26.9,34.9,32.2,145.8,21,"prior marker interval 1940 ms over surveyed spacing 300 mm, +/-13%",INSIDE the typical field
1282.996,ordinary,,236.5,47.3,41.2,53.5,48.2,223.0,16,"prior marker interval 1353 ms over surveyed spacing 320 mm, +/-13%",clears p95 field
1284.328,ordinary,,237.7,47.5,41.4,53.7,44.9,184.5,20,"prior marker interval 1346 ms over surveyed spacing 320 mm, +/-13%",clears p95 field
1285.488,ordinary,,256.6,51.3,44.7,58.0,47.2,184.0,19,"prior marker interval 1169 ms over surveyed spacing 300 mm, +/-13%",clears p95 field
1286.586,ordinary,,273.0,54.6,47.5,61.7,49.4,209.4,18,"prior marker interval 1099 ms over surveyed spacing 300 mm, +/-13%",clears p95 field
1287.739,ordinary,,261.1,52.2,45.4,59.0,48.6,199.2,21,"prior marker interval 1149 ms over surveyed spacing 300 mm, +/-13%",clears p95 field
1288.89,ordinary,,262.0,52.4,45.6,59.2,49.3,207.0,17,"prior marker interval 1145 ms over surveyed spacing 300 mm, +/-13%",clears p95 field
1290.075,ordinary,,254.0,50.8,44.2,57.4,49.5,200.4,18,"prior marker interval 1181 ms over surveyed spacing 300 mm, +/-13%",clears p95 field
1291.252,ordinary,,253.8,50.8,44.2,57.4,47.7,175.4,20,"prior marker interval 1182 ms over surveyed spacing 300 mm, +/-13%",clears p95 field
1292.324,ordinary,,278.0,55.6,48.4,62.8,50.3,187.7,10,"prior marker interval 1079 ms over surveyed spacing 300 mm, +/-13%",clears p95 field
1293.377,ordinary,,283.6,56.7,49.3,64.1,50.5,161.9,19,"prior marker interval 1058 ms over surveyed spacing 300 mm, +/-13%",clears p95 field
1294.332,ordinary,,316.5,63.3,55.1,71.5,58.2,194.6,21,"prior marker interval 948 ms over surveyed spacing 300 mm, +/-13%",clears p95 field
1295.336,ordinary,,300.3,60.1,52.3,67.9,56.8,185.6,20,"prior marker interval 999 ms over surveyed spacing 300 mm, +/-13%",clears p95 field
1296.336,ordinary,,297.9,59.6,51.8,67.3,54.2,188.6,20,"prior marker interval 1007 ms over surveyed spacing 300 mm, +/-13%",clears p95 field
1297.353,ordinary,,295.6,59.1,51.4,66.8,54.4,187.7,19,"prior marker interval 1015 ms over surveyed spacing 300 mm, +/-13%",clears p95 field
1298.375,ordinary,,294.4,58.9,51.2,66.5,55.1,187.5,20,"prior marker interval 1019 ms over surveyed spacing 300 mm, +/-13%",clears p95 field
1299.4,ordinary,,274.0,54.8,47.7,61.9,51.5,204.1,24,"prior marker interval 1022 ms over surveyed spacing 280 mm, +/-13%",clears p95 field
1300.53,ordinary,,264.3,52.9,46.0,59.7,48.9,172.3,21,"prior marker interval 1135 ms over surveyed spacing 300 mm, +/-13%",clears p95 field
1301.569,ordinary,,288.7,57.7,50.2,65.3,54.0,223.5,18,"prior marker interval 1039 ms over surveyed spacing 300 mm, +/-13%",clears p95 field
1302.72,ordinary,,249.4,49.9,43.4,56.4,44.1,188.5,20,"prior marker interval 1163 ms over surveyed spacing 290 mm, +/-13%",clears p95 field
1303.852,ordinary,,265.0,53.0,46.1,59.9,46.6,178.1,19,"prior marker interval 1132 ms over surveyed spacing 300 mm, +/-13%",clears p95 field
1304.895,ordinary,,287.6,57.5,50.0,65.0,49.2,197.3,21,"prior marker interval 1043 ms over surveyed spacing 300 mm, +/-13%",clears p95 field
1305.94,ordinary,,282.8,56.6,49.2,63.9,45.0,179.5,20,"prior marker interval 1061 ms over surveyed spacing 300 mm, +/-13%",clears p95 field
1306.937,ordinary,,303.0,60.6,52.7,68.5,49.1,205.2,24,"prior marker interval 990 ms over surveyed spacing 300 mm, +/-13%",clears p95 field
1307.987,ordinary,,287.6,57.5,50.0,65.0,49.8,198.2,21,"prior marker interval 1043 ms over surveyed spacing 300 mm, +/-13%",clears p95 field
1309.048,ordinary,,284.1,56.8,49.4,64.2,48.9,185.2,21,"prior marker interval 1056 ms over surveyed spacing 300 mm, +/-13%",clears p95 field
1310.058,ordinary,,291.8,58.4,50.8,66.0,46.1,201.9,19,"prior marker interval 1028 ms over surveyed spacing 300 mm, +/-13%",clears p95 field
1311.125,ordinary,,286.0,57.2,49.8,64.6,50.0,207.1,30,"prior marker interval 1049 ms over surveyed spacing 300 mm, +/-13%",clears p95 field
1312.228,ordinary,,272.7,54.5,47.5,61.6,48.8,193.1,15,"prior marker interval 1100 ms over surveyed spacing 300 mm, +/-13%",clears p95 field
1313.308,ordinary,,276.8,55.4,48.2,62.5,47.6,200.4,17,"prior marker interval 1084 ms over surveyed spacing 300 mm, +/-13%",clears p95 field
1314.409,ordinary,,273.0,54.6,47.5,61.7,48.3,201.7,21,"prior marker interval 1099 ms over surveyed spacing 300 mm, +/-13%",clears p95 field
1315.515,ordinary,,268.6,53.7,46.7,60.7,44.9,189.9,21,"prior marker interval 1117 ms over surveyed spacing 300 mm, +/-13%",clears p95 field
1316.599,ordinary,,279.1,55.8,48.6,63.1,49.4,219.9,22,"prior marker interval 1075 ms over surveyed spacing 300 mm, +/-13%",clears p95 field
1317.759,ordinary,,257.1,51.4,44.7,58.1,44.2,224.4,20,"prior marker interval 1167 ms over surveyed spacing 300 mm, +/-13%",clears p95 field
1319.019,ordinary,,246.2,49.2,42.8,55.6,46.0,203.1,19,"prior marker interval 1239 ms over surveyed spacing 305 mm, +/-13%",clears p95 field
1320.231,ordinary,,247.7,49.5,43.1,56.0,46.3,198.2,22,"prior marker interval 1211 ms over surveyed spacing 300 mm, +/-13%",clears p95 field
1321.414,ordinary,,257.4,51.5,44.8,58.2,47.1,204.4,20,"prior marker interval 1185 ms over surveyed spacing 305 mm, +/-13%",clears p95 field
1322.584,ordinary,,253.0,50.6,44.0,57.2,44.5,199.6,14,"prior marker interval 1186 ms over surveyed spacing 300 mm, +/-13%",clears p95 field
1323.77,ordinary,,254.1,50.8,44.2,57.4,50.1,253.1,22,"prior marker interval 1161 ms over surveyed spacing 295 mm, +/-13%",clears p95 field
1325.164,ordinary,,214.7,42.9,37.4,48.5,42.5,239.0,19,"prior marker interval 1397 ms over surveyed spacing 300 mm, +/-13%",clears p95 field
1326.691,ordinary,,198.5,39.7,34.5,44.9,42.5,282.9,16,"prior marker interval 1511 ms over surveyed spacing 300 mm, +/-13%",clears p95 field
1328.564,ordinary,,164.2,32.8,28.6,37.1,40.7,215.9,18,"prior marker interval 1827 ms over surveyed spacing 300 mm, +/-13%",clears p95 field
1330.339,ordinary,,172.8,34.6,30.1,39.1,44.9,268.9,18,"prior marker interval 1765 ms over surveyed spacing 305 mm, +/-13%",clears p95 field
1332.342,ordinary,,148.1,29.6,25.8,33.5,36.6,249.7,24,"prior marker interval 2026 ms over surveyed spacing 300 mm, +/-13%",clears typical field
1334.519,ordinary,,140.4,28.1,24.4,31.7,40.9,271.1,21,"prior marker interval 2136 ms over surveyed spacing 300 mm, +/-13%",clears p95 field
1336.944,ordinary,,126.1,25.2,21.9,28.5,37.2,242.3,21,"prior marker interval 2419 ms over surveyed spacing 305 mm, +/-13%",clears typical field
1339.346,ordinary,,132.6,26.5,23.1,30.0,37.1,198.0,18,"prior marker interval 2414 ms over surveyed spacing 320 mm, +/-13%",clears typical field
1341.304,ordinary,,146.3,29.3,25.5,33.1,38.6,278.4,27,"prior marker interval 1982 ms over surveyed spacing 290 mm, +/-13%",clears typical field
1343.734,ramp:Bamboo_CW,Bamboo,85.4,17.1,16.5,17.8,27.9,250.3,22,observed leg 2 of the Bamboo_CW template (n=2 runs),INSIDE the typical field
1389.524,ordinary,,217.2,43.4,37.8,49.1,41.7,239.2,22,"prior marker interval 1404 ms over surveyed spacing 305 mm, +/-13%",clears p95 field
1391.038,ordinary,,221.0,44.2,38.5,50.0,47.1,254.4,23,"prior marker interval 1493 ms over surveyed spacing 330 mm, +/-13%",clears p95 field
1392.597,ordinary,,211.1,42.2,36.7,47.7,43.9,216.2,22,"prior marker interval 1563 ms over surveyed spacing 330 mm, +/-13%",clears p95 field
1394.03,ordinary,,223.8,44.8,38.9,50.6,46.8,239.0,28,"prior marker interval 1430 ms over surveyed spacing 320 mm, +/-13%",clears p95 field
1395.507,ordinary,,219.7,43.9,38.2,49.7,45.9,229.9,20,"prior marker interval 1479 ms over surveyed spacing 325 mm, +/-13%",clears p95 field
1396.951,ordinary,,216.3,43.3,37.6,48.9,42.8,242.3,18,"prior marker interval 1456 ms over surveyed spacing 315 mm, +/-13%",clears p95 field
1398.482,ordinary,,234.0,46.8,40.7,52.9,49.4,230.0,20,"prior marker interval 1517 ms over surveyed spacing 355 mm, +/-13%",clears p95 field
1399.86,ordinary,,237.2,47.4,41.3,53.6,46.3,228.5,19,"prior marker interval 1391 ms over surveyed spacing 330 mm, +/-13%",clears p95 field
1401.223,ordinary,,242.1,48.4,42.1,54.7,48.4,223.5,23,"prior marker interval 1363 ms over surveyed spacing 330 mm, +/-13%",clears p95 field
1402.544,ordinary,,249.8,50.0,43.5,56.5,49.5,231.3,19,"prior marker interval 1321 ms over surveyed spacing 330 mm, +/-13%",clears p95 field
1403.884,ordinary,,249.4,49.9,43.4,56.4,53.4,262.2,19,"prior marker interval 1323 ms over surveyed spacing 330 mm, +/-13%",clears p95 field
1405.353,ordinary,,231.6,46.3,40.3,52.3,50.5,239.5,17,"prior marker interval 1468 ms over surveyed spacing 340 mm, +/-13%",clears p95 field
1406.812,ordinary,,227.6,45.5,39.6,51.4,51.2,244.9,23,"prior marker interval 1450 ms over surveyed spacing 330 mm, +/-13%",clears p95 field
1408.317,ordinary,,210.1,42.0,36.6,47.5,48.1,227.8,17,"prior marker interval 1499 ms over surveyed spacing 315 mm, +/-13%",clears p95 field
1409.815,ordinary,,214.2,42.8,37.3,48.4,45.8,246.8,22,"prior marker interval 1517 ms over surveyed spacing 325 mm, +/-13%",clears p95 field
1411.413,ordinary,,211.3,42.3,36.8,47.7,52.0,267.3,21,"prior marker interval 1562 ms over surveyed spacing 330 mm, +/-13%",clears p95 field
1413.106,ordinary,,183.5,36.7,31.9,41.5,41.8,247.9,19,"prior marker interval 1717 ms over surveyed spacing 315 mm, +/-13%",clears p95 field
1414.915,ordinary,,169.2,33.8,29.4,38.2,43.7,227.7,18,"prior marker interval 1773 ms over surveyed spacing 300 mm, +/-13%",clears p95 field
1416.737,ordinary,,166.3,33.3,28.9,37.6,45.9,260.3,17,"prior marker interval 1804 ms over surveyed spacing 300 mm, +/-13%",clears p95 field
1418.79,ordinary,,144.5,28.9,25.1,32.6,41.6,254.4,18,"prior marker interval 2042 ms over surveyed spacing 295 mm, +/-13%",clears p95 field
1421.038,ordinary,,133.1,26.6,23.2,30.1,38.2,220.1,18,"prior marker interval 2254 ms over surveyed spacing 300 mm, +/-13%",clears typical field
1423.152,ordinary,,136.2,27.2,23.7,30.8,35.4,218.1,21,"prior marker interval 2130 ms over surveyed spacing 290 mm, +/-13%",INSIDE the typical field
1425.24,ordinary,,145.1,29.0,25.2,32.8,41.5,264.7,15,"prior marker interval 2068 ms over surveyed spacing 300 mm, +/-13%",clears p95 field
1427.577,ordinary,,136.7,27.3,23.8,30.9,42.6,260.3,16,"prior marker interval 2305 ms over surveyed spacing 315 mm, +/-13%",clears p95 field
1429.971,ordinary,,130.0,26.0,22.6,29.4,37.6,295.4,19,"prior marker interval 2424 ms over surveyed spacing 315 mm, +/-13%",clears typical field
1432.743,ordinary,,117.8,23.6,20.5,26.6,35.2,271.3,19,"prior marker interval 2759 ms over surveyed spacing 325 mm, +/-13%",INSIDE the typical field
1479.877,ordinary,,155.6,31.1,27.1,35.2,35.3,128.4,24,"prior marker interval 1928 ms over surveyed spacing 300 mm, +/-13%",INSIDE the typical field
1481.101,ordinary,,255.6,51.1,44.5,57.8,50.9,217.0,19,"prior marker interval 1252 ms over surveyed spacing 320 mm, +/-13%",clears p95 field
1482.347,ordinary,,252.4,50.5,43.9,57.0,49.7,198.4,21,"prior marker interval 1248 ms over surveyed spacing 315 mm, +/-13%",clears p95 field
1483.53,ordinary,,266.0,53.2,46.3,60.1,52.4,184.1,23,"prior marker interval 1184 ms over surveyed spacing 315 mm, +/-13%",clears p95 field
1484.606,ordinary,,280.3,56.1,48.8,63.4,51.6,199.6,18,"prior marker interval 1088 ms over surveyed spacing 305 mm, +/-13%",clears p95 field
1485.696,ordinary,,273.7,54.7,47.6,61.9,48.7,164.5,22,"prior marker interval 1096 ms over surveyed spacing 300 mm, +/-13%",clears p95 field
1486.681,ordinary,,301.3,60.3,52.4,68.1,55.4,183.8,22,"prior marker interval 979 ms over surveyed spacing 295 mm, +/-13%",clears p95 field
1487.663,ordinary,,301.5,60.3,52.5,68.1,51.9,199.6,19,"prior marker interval 995 ms over surveyed spacing 300 mm, +/-13%",clears p95 field
1488.707,ordinary,,290.4,58.1,50.5,65.6,52.9,201.0,18,"prior marker interval 1033 ms over surveyed spacing 300 mm, +/-13%",clears p95 field
1489.779,ordinary,,278.8,55.8,48.5,63.0,50.2,231.1,20,"prior marker interval 1076 ms over surveyed spacing 300 mm, +/-13%",clears p95 field
1490.997,ordinary,,249.0,49.8,43.3,56.3,47.1,217.8,22,"prior marker interval 1205 ms over surveyed spacing 300 mm, +/-13%",clears p95 field
1492.279,ordinary,,249.0,49.8,43.3,56.3,51.5,234.3,19,"prior marker interval 1265 ms over surveyed spacing 315 mm, +/-13%",clears p95 field
1493.617,ordinary,,244.8,49.0,42.6,55.3,48.2,243.8,20,"prior marker interval 1348 ms over surveyed spacing 330 mm, +/-13%",clears p95 field
1495.003,ordinary,,229.9,46.0,40.0,52.0,43.7,224.1,21,"prior marker interval 1392 ms over surveyed spacing 320 mm, +/-13%",clears p95 field
1496.365,ordinary,,230.3,46.1,40.1,52.0,43.1,212.8,18,"prior marker interval 1368 ms over surveyed spacing 315 mm, +/-13%",clears p95 field
1497.687,ordinary,,236.6,47.3,41.2,53.5,46.9,193.3,22,"prior marker interval 1310 ms over surveyed spacing 310 mm, +/-13%",clears p95 field
1498.894,ordinary,,248.3,49.7,43.2,56.1,47.2,200.7,23,"prior marker interval 1208 ms over surveyed spacing 300 mm, +/-13%",clears p95 field
1500.095,ordinary,,248.6,49.7,43.2,56.2,48.0,189.1,21,"prior marker interval 1207 ms over surveyed spacing 300 mm, +/-13%",clears p95 field
1501.243,ordinary,,260.6,52.1,45.4,58.9,48.7,181.4,22,"prior marker interval 1151 ms over surveyed spacing 300 mm, +/-13%",clears p95 field
1502.323,ordinary,,276.8,55.4,48.2,62.5,50.9,189.9,12,"prior marker interval 1084 ms over surveyed spacing 300 mm, +/-13%",clears p95 field
1503.393,ordinary,,280.4,56.1,48.8,63.4,51.6,191.5,23,"prior marker interval 1070 ms over surveyed spacing 300 mm, +/-13%",clears p95 field
1504.453,ordinary,,281.2,56.2,48.9,63.5,49.8,191.2,25,"prior marker interval 1067 ms over surveyed spacing 300 mm, +/-13%",clears p95 field
1505.518,ordinary,,283.8,56.8,49.4,64.1,52.5,200.9,19,"prior marker interval 1057 ms over surveyed spacing 300 mm, +/-13%",clears p95 field
1506.596,ordinary,,274.2,54.8,47.7,62.0,46.6,181.5,23,"prior marker interval 1094 ms over surveyed spacing 300 mm, +/-13%",clears p95 field
1507.637,ordinary,,290.7,58.1,50.6,65.7,52.0,193.3,19,"prior marker interval 1032 ms over surveyed spacing 300 mm, +/-13%",clears p95 field
1508.682,ordinary,,286.0,57.2,49.8,64.6,51.5,186.7,21,"prior marker interval 1049 ms over surveyed spacing 300 mm, +/-13%",clears p95 field
1509.715,ordinary,,291.5,58.3,50.7,65.9,52.5,191.3,19,"prior marker interval 1029 ms over surveyed spacing 300 mm, +/-13%",clears p95 field
1510.75,ordinary,,290.1,58.0,50.5,65.6,51.9,189.7,26,"prior marker interval 1034 ms over surveyed spacing 300 mm, +/-13%",clears p95 field
1511.79,ordinary,,290.4,58.1,50.5,65.6,54.0,203.6,23,"prior marker interval 1033 ms over surveyed spacing 300 mm, +/-13%",clears p95 field
1512.874,ordinary,,275.7,55.1,48.0,62.3,50.5,191.9,21,"prior marker interval 1088 ms over surveyed spacing 300 mm, +/-13%",clears p95 field
1513.964,ordinary,,278.3,55.7,48.4,62.9,54.0,205.4,20,"prior marker interval 1078 ms over surveyed spacing 300 mm, +/-13%",clears p95 field
1515.081,ordinary,,265.0,53.0,46.1,59.9,47.4,193.2,17,"prior marker interval 1132 ms over surveyed spacing 300 mm, +/-13%",clears p95 field
1516.188,ordinary,,270.3,54.1,47.0,61.1,48.1,189.7,21,"prior marker interval 1110 ms over surveyed spacing 300 mm, +/-13%",clears p95 field
1517.272,ordinary,,277.8,55.6,48.3,62.8,50.6,204.4,19,"prior marker interval 1080 ms over surveyed spacing 300 mm, +/-13%",clears p95 field
1518.392,ordinary,,268.8,53.8,46.8,60.8,49.5,208.1,17,"prior marker interval 1116 ms over surveyed spacing 300 mm, +/-13%",clears p95 field
1519.564,ordinary,,259.1,51.8,45.1,58.5,51.3,221.2,18,"prior marker interval 1158 ms over surveyed spacing 300 mm, +/-13%",clears p95 field
1520.822,ordinary,,239.8,48.0,41.7,54.2,48.9,238.4,22,"prior marker interval 1251 ms over surveyed spacing 300 mm, +/-13%",clears p95 field
1522.236,ordinary,,214.0,42.8,37.2,48.4,47.1,251.2,19,"prior marker interval 1402 ms over surveyed spacing 300 mm, +/-13%",clears p95 field
1523.844,ordinary,,188.2,37.6,32.7,42.5,44.0,306.4,8,"prior marker interval 1594 ms over surveyed spacing 300 mm, +/-13%",clears p95 field
1525.967,ordinary,,143.3,28.7,24.9,32.4,42.3,249.9,19,"prior marker interval 2059 ms over surveyed spacing 295 mm, +/-13%",clears p95 field
1528.213,ordinary,,142.9,28.6,24.9,32.3,43.1,302.3,17,"prior marker interval 2240 ms over surveyed spacing 320 mm, +/-13%",clears p95 field
1530.869,ordinary,,114.4,22.9,19.9,25.8,38.9,280.9,28,"prior marker interval 2623 ms over surveyed spacing 300 mm, +/-13%",clears typical field
1533.883,ordinary,,105.3,21.1,18.3,23.8,37.7,310.7,23,"prior marker interval 2991 ms over surveyed spacing 315 mm, +/-13%",clears typical field
1586.762,ordinary,,207.4,41.5,36.1,46.9,39.6,168.2,21,"prior marker interval 1519 ms over surveyed spacing 315 mm, +/-13%",clears typical field
1587.963,ordinary,,253.3,50.7,44.1,57.3,48.1,184.9,23,"prior marker interval 1204 ms over surveyed spacing 305 mm, +/-13%",clears p95 field
1589.055,ordinary,,266.4,53.3,46.4,60.2,43.2,195.3,20,"prior marker interval 1126 ms over surveyed spacing 300 mm, +/-13%",clears p95 field
1590.168,ordinary,,279.0,55.8,48.6,63.1,50.2,187.2,23,"prior marker interval 1093 ms over surveyed spacing 305 mm, +/-13%",clears p95 field
1591.206,ordinary,,285.4,57.1,49.7,64.5,47.7,193.5,20,"prior marker interval 1051 ms over surveyed spacing 300 mm, +/-13%",clears p95 field
1592.242,ordinary,,286.5,57.3,49.9,64.8,45.3,188.0,29,"prior marker interval 1047 ms over surveyed spacing 300 mm, +/-13%",clears p95 field
1593.264,ordinary,,290.6,58.1,50.6,65.7,48.2,180.2,21,"prior marker interval 1015 ms over surveyed spacing 295 mm, +/-13%",clears p95 field
1594.248,ordinary,,299.8,60.0,52.2,67.8,49.2,209.9,22,"prior marker interval 984 ms over surveyed spacing 295 mm, +/-13%",clears p95 field
1595.314,ordinary,,281.7,56.3,49.0,63.7,46.8,217.7,17,"prior marker interval 1065 ms over surveyed spacing 300 mm, +/-13%",clears p95 field
1596.479,ordinary,,263.9,52.8,45.9,59.6,50.7,222.7,21,"prior marker interval 1137 ms over surveyed spacing 300 mm, +/-13%",clears p95 field
1597.704,ordinary,,242.1,48.4,42.1,54.7,43.8,203.6,25,"prior marker interval 1239 ms over surveyed spacing 300 mm, +/-13%",clears p95 field
1598.918,ordinary,,245.1,49.0,42.6,55.4,42.4,185.3,19,"prior marker interval 1224 ms over surveyed spacing 300 mm, +/-13%",clears p95 field
1600.059,ordinary,,268.1,53.6,46.6,60.6,49.6,187.4,18,"prior marker interval 1119 ms over surveyed spacing 300 mm, +/-13%",clears p95 field
1601.134,ordinary,,276.5,55.3,48.1,62.5,48.7,182.5,20,"prior marker interval 1085 ms over surveyed spacing 300 mm, +/-13%",clears p95 field
1602.168,ordinary,,288.2,57.6,50.1,65.1,50.1,191.9,20,"prior marker interval 1041 ms over surveyed spacing 300 mm, +/-13%",clears p95 field
1603.211,ordinary,,293.3,58.7,51.0,66.3,51.9,196.8,19,"prior marker interval 1040 ms over surveyed spacing 305 mm, +/-13%",clears p95 field
1604.275,ordinary,,286.8,57.4,49.9,64.8,55.4,209.4,21,"prior marker interval 1046 ms over surveyed spacing 300 mm, +/-13%",clears p95 field
1605.401,ordinary,,268.8,53.8,46.8,60.8,52.7,220.4,21,"prior marker interval 1116 ms over surveyed spacing 300 mm, +/-13%",clears p95 field
1606.623,ordinary,,250.2,50.0,43.5,56.5,50.5,208.9,20,"prior marker interval 1219 ms over surveyed spacing 305 mm, +/-13%",clears p95 field
1607.862,ordinary,,239.6,47.9,41.7,54.2,48.9,210.6,22,"prior marker interval 1252 ms over surveyed spacing 300 mm, +/-13%",clears p95 field
1609.147,ordinary,,236.6,47.3,41.2,53.5,48.7,225.7,21,"prior marker interval 1268 ms over surveyed spacing 300 mm, +/-13%",clears p95 field
1610.506,ordinary,,241.9,48.4,42.1,54.7,49.6,210.7,18,"prior marker interval 1364 ms over surveyed spacing 330 mm, +/-13%",clears p95 field
1611.772,ordinary,,234.2,46.8,40.7,52.9,45.7,196.5,22,"prior marker interval 1281 ms over surveyed spacing 300 mm, +/-13%",clears p95 field
1613.007,ordinary,,246.3,49.3,42.9,55.7,48.3,190.6,21,"prior marker interval 1218 ms over surveyed spacing 300 mm, +/-13%",clears p95 field
1614.158,ordinary,,257.8,51.6,44.9,58.3,45.6,181.2,28,"prior marker interval 1183 ms over surveyed spacing 305 mm, +/-13%",clears p95 field
1615.239,ordinary,,277.3,55.5,48.2,62.7,49.4,196.3,22,"prior marker interval 1082 ms over surveyed spacing 300 mm, +/-13%",clears p95 field
1616.332,ordinary,,278.0,55.6,48.4,62.8,51.4,196.6,19,"prior marker interval 1079 ms over surveyed spacing 300 mm, +/-13%",clears p95 field
1617.432,ordinary,,272.5,54.5,47.4,61.6,52.6,209.5,26,"prior marker interval 1101 ms over surveyed spacing 300 mm, +/-13%",clears p95 field
1618.604,ordinary,,259.7,51.9,45.2,58.7,52.7,214.0,23,"prior marker interval 1155 ms over surveyed spacing 300 mm, +/-13%",clears p95 field
1619.823,ordinary,,243.9,48.8,42.4,55.1,47.6,204.6,19,"prior marker interval 1230 ms over surveyed spacing 300 mm, +/-13%",clears p95 field
1621.051,ordinary,,242.1,48.4,42.1,54.7,45.8,199.8,24,"prior marker interval 1239 ms over surveyed spacing 300 mm, +/-13%",clears p95 field
1622.264,ordinary,,248.3,49.7,43.2,56.1,46.7,203.6,20,"prior marker interval 1208 ms over surveyed spacing 300 mm, +/-13%",clears p95 field
1623.484,ordinary,,249.6,49.9,43.4,56.4,49.9,195.4,22,"prior marker interval 1202 ms over surveyed spacing 300 mm, +/-13%",clears p95 field
1624.653,ordinary,,251.5,50.3,43.8,56.8,46.8,212.5,22,"prior marker interval 1193 ms over surveyed spacing 300 mm, +/-13%",clears p95 field
1625.901,ordinary,,244.7,48.9,42.6,55.3,49.7,206.5,20,"prior marker interval 1226 ms over surveyed spacing 300 mm, +/-13%",clears p95 field
1627.138,ordinary,,240.4,48.1,41.8,54.3,46.4,219.2,22,"prior marker interval 1248 ms over surveyed spacing 300 mm, +/-13%",clears p95 field
1628.455,ordinary,,229.7,45.9,40.0,51.9,47.1,248.1,15,"prior marker interval 1306 ms over surveyed spacing 300 mm, +/-13%",clears p95 field
1629.959,ordinary,,202.3,40.5,35.2,45.7,45.3,193.2,9,"prior marker interval 1483 ms over surveyed spacing 300 mm, +/-13%",clears p95 field
1631.317,ordinary,,213.8,42.8,37.2,48.3,43.4,252.0,16,"prior marker interval 1380 ms over surveyed spacing 295 mm, +/-13%",clears p95 field
1632.91,ordinary,,189.0,37.8,32.9,42.7,40.5,254.6,19,"prior marker interval 1587 ms over surveyed spacing 300 mm, +/-13%",clears p95 field
1634.727,ordinary,,171.5,34.3,29.8,38.8,46.3,278.6,22,"prior marker interval 1749 ms over surveyed spacing 300 mm, +/-13%",clears p95 field
1636.838,ordinary,,143.6,28.7,25.0,32.5,41.2,252.3,27,"prior marker interval 2089 ms over surveyed spacing 300 mm, +/-13%",clears p95 field
1639.081,ordinary,,132.0,26.4,23.0,29.8,37.7,235.2,19,"prior marker interval 2273 ms over surveyed spacing 300 mm, +/-13%",clears typical field
1641.354,ordinary,,133.5,26.7,23.2,30.2,38.9,310.0,20,"prior marker interval 2247 ms over surveyed spacing 300 mm, +/-13%",clears typical field
1689.347,ordinary,,161.2,32.2,28.0,36.4,33.0,151.9,19,"prior marker interval 1861 ms over surveyed spacing 300 mm, +/-13%",INSIDE the typical field
1690.692,ordinary,,237.9,47.6,41.4,53.8,48.3,225.1,17,"prior marker interval 1345 ms over surveyed spacing 320 mm, +/-13%",clears p95 field
1692.027,ordinary,,237.0,47.4,41.2,53.6,44.8,183.5,21,"prior marker interval 1350 ms over surveyed spacing 320 mm, +/-13%",clears p95 field
1693.183,ordinary,,257.5,51.5,44.8,58.2,46.9,187.5,17,"prior marker interval 1165 ms over surveyed spacing 300 mm, +/-13%",clears p95 field
1694.294,ordinary,,270.0,54.0,47.0,61.0,49.4,212.2,22,"prior marker interval 1111 ms over surveyed spacing 300 mm, +/-13%",clears p95 field
1695.466,ordinary,,256.8,51.4,44.7,58.0,47.8,197.8,19,"prior marker interval 1168 ms over surveyed spacing 300 mm, +/-13%",clears p95 field
1696.629,ordinary,,259.5,51.9,45.2,58.7,50.1,211.2,23,"prior marker interval 1156 ms over surveyed spacing 300 mm, +/-13%",clears p95 field
1697.834,ordinary,,248.3,49.7,43.2,56.1,47.4,198.7,21,"prior marker interval 1208 ms over surveyed spacing 300 mm, +/-13%",clears p95 field
1699.023,ordinary,,252.1,50.4,43.9,57.0,47.6,176.0,20,"prior marker interval 1190 ms over surveyed spacing 300 mm, +/-13%",clears p95 field
1700.101,ordinary,,276.2,55.2,48.1,62.4,49.7,190.1,21,"prior marker interval 1086 ms over surveyed spacing 300 mm, +/-13%",clears p95 field
1701.166,ordinary,,280.6,56.1,48.8,63.4,49.7,162.8,20,"prior marker interval 1069 ms over surveyed spacing 300 mm, +/-13%",clears p95 field
1702.131,ordinary,,313.5,62.7,54.5,70.8,58.0,195.0,21,"prior marker interval 957 ms over surveyed spacing 300 mm, +/-13%",clears p95 field
1703.145,ordinary,,297.9,59.6,51.8,67.3,57.2,186.8,21,"prior marker interval 1007 ms over surveyed spacing 300 mm, +/-13%",clears p95 field
1704.161,ordinary,,294.4,58.9,51.2,66.5,55.6,190.8,22,"prior marker interval 1019 ms over surveyed spacing 300 mm, +/-13%",clears p95 field
1705.196,ordinary,,289.0,57.8,50.3,65.3,54.0,187.3,20,"prior marker interval 1038 ms over surveyed spacing 300 mm, +/-13%",clears p95 field
1706.231,ordinary,,290.1,58.0,50.5,65.6,54.3,186.6,20,"prior marker interval 1034 ms over surveyed spacing 300 mm, +/-13%",clears p95 field
1707.271,ordinary,,272.1,54.4,47.3,61.5,53.6,206.0,20,"prior marker interval 1029 ms over surveyed spacing 280 mm, +/-13%",clears p95 field
1708.412,ordinary,,259.7,51.9,45.2,58.7,47.8,171.7,24,"prior marker interval 1155 ms over surveyed spacing 300 mm, +/-13%",clears p95 field
1709.464,ordinary,,287.1,57.4,50.0,64.9,54.8,223.6,19,"prior marker interval 1045 ms over surveyed spacing 300 mm, +/-13%",clears p95 field
1710.622,ordinary,,247.0,49.4,43.0,55.8,44.2,191.4,23,"prior marker interval 1174 ms over surveyed spacing 290 mm, +/-13%",clears p95 field
1711.768,ordinary,,260.2,52.0,45.3,58.8,44.5,174.8,17,"prior marker interval 1153 ms over surveyed spacing 300 mm, +/-13%",clears p95 field
1712.808,ordinary,,289.6,57.9,50.4,65.4,48.6,200.1,21,"prior marker interval 1036 ms over surveyed spacing 300 mm, +/-13%",clears p95 field
1713.855,ordinary,,281.7,56.3,49.0,63.7,43.9,183.4,18,"prior marker interval 1065 ms over surveyed spacing 300 mm, +/-13%",clears p95 field
1714.873,ordinary,,298.5,59.7,51.9,67.5,49.9,200.3,22,"prior marker interval 1005 ms over surveyed spacing 300 mm, +/-13%",clears p95 field
1715.914,ordinary,,288.7,57.7,50.2,65.3,49.1,200.1,20,"prior marker interval 1039 ms over surveyed spacing 300 mm, +/-13%",clears p95 field
1716.979,ordinary,,283.3,56.7,49.3,64.0,48.7,186.1,21,"prior marker interval 1059 ms over surveyed spacing 300 mm, +/-13%",clears p95 field
1718.001,ordinary,,289.9,58.0,50.4,65.5,47.8,202.6,18,"prior marker interval 1035 ms over surveyed spacing 300 mm, +/-13%",clears p95 field
1719.082,ordinary,,282.8,56.6,49.2,63.9,51.5,211.2,17,"prior marker interval 1061 ms over surveyed spacing 300 mm, +/-13%",clears p95 field
1720.205,ordinary,,265.7,53.1,46.2,60.1,46.8,190.8,18,"prior marker interval 1129 ms over surveyed spacing 300 mm, +/-13%",clears p95 field
1721.298,ordinary,,274.7,54.9,47.8,62.1,48.1,204.7,16,"prior marker interval 1092 ms over surveyed spacing 300 mm, +/-13%",clears p95 field
1722.423,ordinary,,267.6,53.5,46.6,60.5,48.2,200.7,19,"prior marker interval 1121 ms over surveyed spacing 300 mm, +/-13%",clears p95 field
1723.547,ordinary,,264.8,53.0,46.1,59.8,46.1,187.2,21,"prior marker interval 1133 ms over surveyed spacing 300 mm, +/-13%",clears p95 field
1724.631,ordinary,,277.5,55.5,48.3,62.7,49.1,219.5,23,"prior marker interval 1081 ms over surveyed spacing 300 mm, +/-13%",clears p95 field
1725.785,ordinary,,256.4,51.3,44.6,57.9,41.8,224.4,22,"prior marker interval 1170 ms over surveyed spacing 300 mm, +/-13%",clears p95 field
1727.053,ordinary,,247.6,49.5,43.1,55.9,47.8,204.0,21,"prior marker interval 1232 ms over surveyed spacing 305 mm, +/-13%",clears p95 field
1728.27,ordinary,,246.7,49.3,42.9,55.8,47.6,200.3,23,"prior marker interval 1216 ms over surveyed spacing 300 mm, +/-13%",clears p95 field
1729.466,ordinary,,253.5,50.7,44.1,57.3,46.7,206.9,24,"prior marker interval 1203 ms over surveyed spacing 305 mm, +/-13%",clears p95 field
1730.656,ordinary,,248.6,49.7,43.2,56.2,43.2,203.6,16,"prior marker interval 1207 ms over surveyed spacing 300 mm, +/-13%",clears p95 field
1731.868,ordinary,,247.7,49.5,43.1,56.0,47.8,253.1,20,"prior marker interval 1191 ms over surveyed spacing 295 mm, +/-13%",clears p95 field
1733.294,ordinary,,211.4,42.3,36.8,47.8,43.1,238.9,20,"prior marker interval 1419 ms over surveyed spacing 300 mm, +/-13%",clears p95 field
1734.833,ordinary,,195.6,39.1,34.0,44.2,40.9,284.0,17,"prior marker interval 1534 ms over surveyed spacing 300 mm, +/-13%",clears p95 field
1736.754,ordinary,,162.5,32.5,28.3,36.7,43.7,221.3,15,"prior marker interval 1846 ms over surveyed spacing 300 mm, +/-13%",clears p95 field
1738.581,ordinary,,167.0,33.4,29.1,37.7,44.3,260.2,22,"prior marker interval 1826 ms over surveyed spacing 305 mm, +/-13%",clears p95 field
1740.591,ordinary,,146.5,29.3,25.5,33.1,36.9,249.0,24,"prior marker interval 2048 ms over surveyed spacing 300 mm, +/-13%",clears typical field
1745.253,ordinary,,125.2,25.0,21.8,28.3,39.2,249.2,20,"prior marker interval 2437 ms over surveyed spacing 305 mm, +/-13%",clears typical field
1747.729,ordinary,,127.1,25.4,22.1,28.7,36.2,198.6,16,"prior marker interval 2518 ms over surveyed spacing 320 mm, +/-13%",clears typical field
1749.762,ordinary,,141.3,28.3,24.6,31.9,38.2,283.2,28,"prior marker interval 2052 ms over surveyed spacing 290 mm, +/-13%",clears typical field
1752.294,ramp:Bamboo_CW,Bamboo,85.4,17.1,16.5,17.8,28.0,3770.3,26,observed leg 2 of the Bamboo_CW template (n=2 runs),INSIDE the typical field
1798.186,ordinary,,223.6,44.7,38.9,50.5,42.9,250.0,22,"prior marker interval 1364 ms over surveyed spacing 305 mm, +/-13%",clears p95 field
1799.718,ordinary,,218.4,43.7,38.0,49.4,46.7,252.0,15,"prior marker interval 1511 ms over surveyed spacing 330 mm, +/-13%",clears p95 field
1801.273,ordinary,,210.7,42.1,36.7,47.6,42.4,218.5,17,"prior marker interval 1566 ms over surveyed spacing 330 mm, +/-13%",clears p95 field
1802.72,ordinary,,222.4,44.5,38.7,50.3,46.7,241.5,20,"prior marker interval 1439 ms over surveyed spacing 320 mm, +/-13%",clears p95 field
1804.216,ordinary,,217.2,43.4,37.8,49.1,45.6,230.5,21,"prior marker interval 1496 ms over surveyed spacing 325 mm, +/-13%",clears p95 field
1805.688,ordinary,,213.8,42.8,37.2,48.3,45.1,244.4,23,"prior marker interval 1473 ms over surveyed spacing 315 mm, +/-13%",clears p95 field
1807.246,ordinary,,228.9,45.8,39.8,51.7,49.2,228.2,19,"prior marker interval 1551 ms over surveyed spacing 355 mm, +/-13%",clears p95 field
1808.637,ordinary,,234.0,46.8,40.7,52.9,45.4,233.3,23,"prior marker interval 1410 ms over surveyed spacing 330 mm, +/-13%",clears p95 field
1810.036,ordinary,,236.2,47.2,41.1,53.4,47.7,224.6,20,"prior marker interval 1397 ms over surveyed spacing 330 mm, +/-13%",clears p95 field
1811.39,ordinary,,244.4,48.9,42.5,55.2,49.6,233.0,22,"prior marker interval 1350 ms over surveyed spacing 330 mm, +/-13%",clears p95 field
1812.756,ordinary,,243.5,48.7,42.4,55.0,51.9,259.9,19,"prior marker interval 1355 ms over surveyed spacing 330 mm, +/-13%",clears p95 field
1814.242,ordinary,,229.6,45.9,39.9,51.9,50.3,238.8,27,"prior marker interval 1481 ms over surveyed spacing 340 mm, +/-13%",clears p95 field
1815.709,ordinary,,226.2,45.2,39.4,51.1,51.3,244.3,19,"prior marker interval 1459 ms over surveyed spacing 330 mm, +/-13%",clears p95 field
1817.22,ordinary,,209.0,41.8,36.4,47.2,48.3,227.6,22,"prior marker interval 1507 ms over surveyed spacing 315 mm, +/-13%",clears p95 field
1818.72,ordinary,,213.5,42.7,37.2,48.3,45.1,246.4,17,"prior marker interval 1522 ms over surveyed spacing 325 mm, +/-13%",clears p95 field
1820.329,ordinary,,211.1,42.2,36.7,47.7,53.8,269.2,21,"prior marker interval 1563 ms over surveyed spacing 330 mm, +/-13%",clears p95 field
1822.034,ordinary,,181.7,36.3,31.6,41.1,41.8,248.1,19,"prior marker interval 1734 ms over surveyed spacing 315 mm, +/-13%",clears p95 field
1823.853,ordinary,,167.6,33.5,29.2,37.9,42.4,229.4,16,"prior marker interval 1790 ms over surveyed spacing 300 mm, +/-13%",clears p95 field
1825.703,ordinary,,164.6,32.9,28.6,37.2,46.2,263.6,19,"prior marker interval 1823 ms over surveyed spacing 300 mm, +/-13%",clears p95 field
1827.81,ordinary,,141.8,28.4,24.7,32.1,43.3,259.1,18,"prior marker interval 2080 ms over surveyed spacing 295 mm, +/-13%",clears p95 field
1830.134,ordinary,,128.3,25.7,22.3,29.0,38.1,220.7,21,"prior marker interval 2339 ms over surveyed spacing 300 mm, +/-13%",clears typical field
1832.32,ordinary,,131.4,26.3,22.9,29.7,34.8,222.7,26,"prior marker interval 2207 ms over surveyed spacing 290 mm, +/-13%",INSIDE the typical field
1834.51,ordinary,,138.5,27.7,24.1,31.3,40.9,260.0,20,"prior marker interval 2166 ms over surveyed spacing 300 mm, +/-13%",clears p95 field
1836.895,ordinary,,133.2,26.6,23.2,30.1,41.0,263.5,18,"prior marker interval 2365 ms over surveyed spacing 315 mm, +/-13%",clears p95 field
1839.352,ordinary,,126.1,25.2,21.9,28.5,35.2,291.8,19,"prior marker interval 2499 ms over surveyed spacing 315 mm, +/-13%",INSIDE the typical field
1842.173,ordinary,,116.8,23.4,20.3,26.4,35.7,277.2,23,"prior marker interval 2783 ms over surveyed spacing 325 mm, +/-13%",INSIDE the typical field
1845.197,ramp:Patio_CW,Patio,,,,,,,29,past the last observed crossing of Patio_CW: speed is NOT measured there,TRAVEL NOT ESTABLISHED
1889.416,ordinary,,157.6,31.5,27.4,35.6,34.2,128.8,22,"prior marker interval 1903 ms over surveyed spacing 300 mm, +/-13%",INSIDE the typical field
1890.636,ordinary,,259.3,51.9,45.1,58.6,52.6,218.9,17,"prior marker interval 1234 ms over surveyed spacing 320 mm, +/-13%",clears p95 field
1891.88,ordinary,,252.4,50.5,43.9,57.0,50.5,201.4,21,"prior marker interval 1248 ms over surveyed spacing 315 mm, +/-13%",clears p95 field
1893.073,ordinary,,262.9,52.6,45.8,59.4,51.3,186.7,20,"prior marker interval 1198 ms over surveyed spacing 315 mm, +/-13%",clears p95 field
1894.166,ordinary,,276.3,55.3,48.1,62.4,50.6,200.3,22,"prior marker interval 1104 ms over surveyed spacing 305 mm, +/-13%",clears p95 field
1895.276,ordinary,,271.0,54.2,47.2,61.2,50.1,171.8,20,"prior marker interval 1107 ms over surveyed spacing 300 mm, +/-13%",clears p95 field
1896.287,ordinary,,289.5,57.9,50.4,65.4,51.2,181.2,19,"prior marker interval 1019 ms over surveyed spacing 295 mm, +/-13%",clears p95 field
1897.291,ordinary,,298.2,59.6,51.9,67.4,53.1,198.9,14,"prior marker interval 1006 ms over surveyed spacing 300 mm, +/-13%",clears p95 field
1898.339,ordinary,,287.9,57.6,50.1,65.1,52.1,206.4,21,"prior marker interval 1042 ms over surveyed spacing 300 mm, +/-13%",clears p95 field
1899.433,ordinary,,273.0,54.6,47.5,61.7,48.3,229.6,20,"prior marker interval 1099 ms over surveyed spacing 300 mm, +/-13%",clears p95 field
1900.667,ordinary,,246.3,49.3,42.9,55.7,47.5,212.8,19,"prior marker interval 1218 ms over surveyed spacing 300 mm, +/-13%",clears p95 field
1901.929,ordinary,,250.8,50.2,43.6,56.7,49.7,236.2,22,"prior marker interval 1256 ms over surveyed spacing 315 mm, +/-13%",clears p95 field
1903.273,ordinary,,246.5,49.3,42.9,55.7,49.8,241.5,22,"prior marker interval 1339 ms over surveyed spacing 330 mm, +/-13%",clears p95 field
1904.651,ordinary,,231.7,46.3,40.3,52.4,45.9,221.3,21,"prior marker interval 1381 ms over surveyed spacing 320 mm, +/-13%",clears p95 field
1906.002,ordinary,,232.1,46.4,40.4,52.5,45.5,214.3,15,"prior marker interval 1357 ms over surveyed spacing 315 mm, +/-13%",clears p95 field
1907.324,ordinary,,235.0,47.0,40.9,53.1,46.8,192.5,19,"prior marker interval 1319 ms over surveyed spacing 310 mm, +/-13%",clears p95 field
1908.534,ordinary,,246.9,49.4,43.0,55.8,47.2,200.2,22,"prior marker interval 1215 ms over surveyed spacing 300 mm, +/-13%",clears p95 field
1909.737,ordinary,,248.8,49.8,43.3,56.2,47.8,193.8,12,"prior marker interval 1206 ms over surveyed spacing 300 mm, +/-13%",clears p95 field
1910.908,ordinary,,256.6,51.3,44.7,58.0,49.3,184.3,22,"prior marker interval 1169 ms over surveyed spacing 300 mm, +/-13%",clears p95 field
1912.013,ordinary,,270.5,54.1,47.1,61.1,50.6,192.6,19,"prior marker interval 1109 ms over surveyed spacing 300 mm, +/-13%",clears p95 field
1913.112,ordinary,,272.7,54.5,47.5,61.6,51.0,190.4,20,"prior marker interval 1100 ms over surveyed spacing 300 mm, +/-13%",clears p95 field
1914.193,ordinary,,276.8,55.4,48.2,62.5,50.6,194.6,16,"prior marker interval 1084 ms over surveyed spacing 300 mm, +/-13%",clears p95 field
1915.277,ordinary,,276.0,55.2,48.0,62.4,50.0,199.3,13,"prior marker interval 1087 ms over surveyed spacing 300 mm, +/-13%",clears p95 field
1916.381,ordinary,,272.0,54.4,47.3,61.5,49.5,181.7,18,"prior marker interval 1103 ms over surveyed spacing 300 mm, +/-13%",clears p95 field
1917.426,ordinary,,285.4,57.1,49.7,64.5,50.5,194.7,13,"prior marker interval 1051 ms over surveyed spacing 300 mm, +/-13%",clears p95 field
1918.484,ordinary,,283.6,56.7,49.3,64.1,49.9,191.1,18,"prior marker interval 1058 ms over surveyed spacing 300 mm, +/-13%",clears p95 field
1919.539,ordinary,,285.4,57.1,49.7,64.5,51.7,187.3,17,"prior marker interval 1051 ms over surveyed spacing 300 mm, +/-13%",clears p95 field
1920.575,ordinary,,289.6,57.9,50.4,65.4,52.1,191.7,18,"prior marker interval 1036 ms over surveyed spacing 300 mm, +/-13%",clears p95 field
1921.618,ordinary,,287.9,57.6,50.1,65.1,52.1,204.7,20,"prior marker interval 1042 ms over surveyed spacing 300 mm, +/-13%",clears p95 field
1922.71,ordinary,,274.5,54.9,47.8,62.0,49.7,194.6,22,"prior marker interval 1093 ms over surveyed spacing 300 mm, +/-13%",clears p95 field
1923.804,ordinary,,275.7,55.1,48.0,62.3,51.0,206.5,22,"prior marker interval 1088 ms over surveyed spacing 300 mm, +/-13%",clears p95 field
1924.938,ordinary,,264.3,52.9,46.0,59.7,48.9,194.0,24,"prior marker interval 1135 ms over surveyed spacing 300 mm, +/-13%",clears p95 field
1926.058,ordinary,,268.1,53.6,46.6,60.6,49.9,188.7,19,"prior marker interval 1119 ms over surveyed spacing 300 mm, +/-13%",clears p95 field
1927.146,ordinary,,275.0,55.0,47.8,62.1,50.6,204.3,20,"prior marker interval 1091 ms over surveyed spacing 300 mm, +/-13%",clears p95 field
1928.274,ordinary,,266.4,53.3,46.4,60.2,49.3,208.9,15,"prior marker interval 1126 ms over surveyed spacing 300 mm, +/-13%",clears p95 field
1929.454,ordinary,,256.8,51.4,44.7,58.0,50.3,221.1,21,"prior marker interval 1168 ms over surveyed spacing 300 mm, +/-13%",clears p95 field
1930.723,ordinary,,238.5,47.7,41.5,53.9,49.6,240.9,17,"prior marker interval 1258 ms over surveyed spacing 300 mm, +/-13%",clears p95 field
1932.155,ordinary,,211.4,42.3,36.8,47.8,46.9,249.9,18,"prior marker interval 1419 ms over surveyed spacing 300 mm, +/-13%",clears p95 field
1933.772,ordinary,,186.8,37.4,32.5,42.2,43.9,298.9,18,"prior marker interval 1606 ms over surveyed spacing 300 mm, +/-13%",clears p95 field
1935.875,ordinary,,145.2,29.0,25.3,32.8,44.0,249.2,10,"prior marker interval 2031 ms over surveyed spacing 295 mm, +/-13%",clears p95 field
1938.094,ordinary,,144.0,28.8,25.1,32.5,43.6,305.7,18,"prior marker interval 2222 ms over surveyed spacing 320 mm, +/-13%",clears p95 field
1940.76,ordinary,,114.0,22.8,19.8,25.8,39.1,274.6,28,"prior marker interval 2631 ms over surveyed spacing 300 mm, +/-13%",clears typical field
1943.731,ordinary,,107.0,21.4,18.6,24.2,38.8,304.6,20,"prior marker interval 2945 ms over surveyed spacing 315 mm, +/-13%",clears typical field
1996.478,ordinary,,207.4,41.5,36.1,46.9,39.0,166.5,21,"prior marker interval 1519 ms over surveyed spacing 315 mm, +/-13%",clears typical field
1997.675,ordinary,,255.9,51.2,44.5,57.8,49.6,186.0,21,"prior marker interval 1192 ms over surveyed spacing 305 mm, +/-13%",clears p95 field
1998.766,ordinary,,266.2,53.2,46.3,60.2,43.7,195.4,18,"prior marker interval 1127 ms over surveyed spacing 300 mm, +/-13%",clears p95 field
1999.877,ordinary,,278.3,55.7,48.4,62.9,49.3,186.7,17,"prior marker interval 1096 ms over surveyed spacing 305 mm, +/-13%",clears p95 field
2000.915,ordinary,,285.7,57.1,49.7,64.6,47.7,191.7,20,"prior marker interval 1050 ms over surveyed spacing 300 mm, +/-13%",clears p95 field
2001.952,ordinary,,288.2,57.6,50.1,65.1,47.8,187.6,15,"prior marker interval 1041 ms over surveyed spacing 300 mm, +/-13%",clears p95 field
2002.962,ordinary,,290.9,58.2,50.6,65.7,46.3,181.5,18,"prior marker interval 1014 ms over surveyed spacing 295 mm, +/-13%",clears p95 field
2003.95,ordinary,,299.5,59.9,52.1,67.7,49.1,208.1,20,"prior marker interval 985 ms over surveyed spacing 295 mm, +/-13%",clears p95 field
2005.011,ordinary,,283.6,56.7,49.3,64.1,47.1,219.8,16,"prior marker interval 1058 ms over surveyed spacing 300 mm, +/-13%",clears p95 field
2006.169,ordinary,,264.3,52.9,46.0,59.7,48.4,224.7,18,"prior marker interval 1135 ms over surveyed spacing 300 mm, +/-13%",clears p95 field
2007.401,ordinary,,241.5,48.3,42.0,54.6,44.0,206.3,22,"prior marker interval 1242 ms over surveyed spacing 300 mm, +/-13%",clears p95 field
2008.629,ordinary,,242.7,48.5,42.2,54.9,42.2,186.2,19,"prior marker interval 1236 ms over surveyed spacing 300 mm, +/-13%",clears p95 field
2009.779,ordinary,,265.0,53.0,46.1,59.9,48.5,185.8,18,"prior marker interval 1132 ms over surveyed spacing 300 mm, +/-13%",clears p95 field
2010.858,ordinary,,276.2,55.2,48.1,62.4,49.2,182.0,20,"prior marker interval 1086 ms over surveyed spacing 300 mm, +/-13%",clears p95 field
2011.896,ordinary,,287.9,57.6,50.1,65.1,51.5,190.3,18,"prior marker interval 1042 ms over surveyed spacing 300 mm, +/-13%",clears p95 field
2012.935,ordinary,,293.0,58.6,51.0,66.2,52.2,198.4,19,"prior marker interval 1041 ms over surveyed spacing 305 mm, +/-13%",clears p95 field
2013.996,ordinary,,285.7,57.1,49.7,64.6,52.6,208.6,22,"prior marker interval 1050 ms over surveyed spacing 300 mm, +/-13%",clears p95 field
2015.119,ordinary,,269.8,54.0,46.9,61.0,52.1,219.1,18,"prior marker interval 1112 ms over surveyed spacing 300 mm, +/-13%",clears p95 field
2016.334,ordinary,,253.1,50.6,44.0,57.2,51.4,213.4,22,"prior marker interval 1205 ms over surveyed spacing 305 mm, +/-13%",clears p95 field
2017.575,ordinary,,239.8,48.0,41.7,54.2,47.5,209.4,18,"prior marker interval 1251 ms over surveyed spacing 300 mm, +/-13%",clears p95 field
2018.853,ordinary,,237.0,47.4,41.2,53.6,48.6,224.9,24,"prior marker interval 1266 ms over surveyed spacing 300 mm, +/-13%",clears p95 field
2020.21,ordinary,,243.2,48.6,42.3,55.0,50.6,211.8,19,"prior marker interval 1357 ms over surveyed spacing 330 mm, +/-13%",clears p95 field
2021.477,ordinary,,234.4,46.9,40.8,53.0,45.9,195.0,22,"prior marker interval 1280 ms over surveyed spacing 300 mm, +/-13%",clears p95 field
2022.706,ordinary,,246.5,49.3,42.9,55.7,48.6,189.6,23,"prior marker interval 1217 ms over surveyed spacing 300 mm, +/-13%",clears p95 field
2023.856,ordinary,,258.7,51.7,45.0,58.5,46.8,182.6,15,"prior marker interval 1179 ms over surveyed spacing 305 mm, +/-13%",clears p95 field
2024.939,ordinary,,276.2,55.2,48.1,62.4,48.9,195.9,19,"prior marker interval 1086 ms over surveyed spacing 300 mm, +/-13%",clears p95 field
2026.032,ordinary,,278.0,55.6,48.4,62.8,51.2,199.6,22,"prior marker interval 1079 ms over surveyed spacing 300 mm, +/-13%",clears p95 field
2027.141,ordinary,,270.0,54.0,47.0,61.0,51.6,210.6,23,"prior marker interval 1111 ms over surveyed spacing 300 mm, +/-13%",clears p95 field
2028.327,ordinary,,257.3,51.5,44.8,58.1,53.0,216.9,23,"prior marker interval 1166 ms over surveyed spacing 300 mm, +/-13%",clears p95 field
2029.57,ordinary,,239.6,47.9,41.7,54.2,47.9,207.3,18,"prior marker interval 1252 ms over surveyed spacing 300 mm, +/-13%",clears p95 field
2030.832,ordinary,,236.4,47.3,41.1,53.4,46.6,198.1,21,"prior marker interval 1269 ms over surveyed spacing 300 mm, +/-13%",clears p95 field
2032.059,ordinary,,243.7,48.7,42.4,55.1,46.1,204.5,17,"prior marker interval 1231 ms over surveyed spacing 300 mm, +/-13%",clears p95 field
2033.301,ordinary,,245.9,49.2,42.8,55.6,49.9,195.5,21,"prior marker interval 1220 ms over surveyed spacing 300 mm, +/-13%",clears p95 field
2034.48,ordinary,,248.8,49.8,43.3,56.2,45.8,215.4,19,"prior marker interval 1206 ms over surveyed spacing 300 mm, +/-13%",clears p95 field
2035.754,ordinary,,241.0,48.2,41.9,54.5,50.1,211.1,19,"prior marker interval 1245 ms over surveyed spacing 300 mm, +/-13%",clears p95 field
2037.026,ordinary,,232.7,46.5,40.5,52.6,45.6,216.9,20,"prior marker interval 1289 ms over surveyed spacing 300 mm, +/-13%",clears p95 field
2038.366,ordinary,,225.6,45.1,39.2,51.0,46.9,265.0,18,"prior marker interval 1330 ms over surveyed spacing 300 mm, +/-13%",clears p95 field
2039.972,ordinary,,190.0,38.0,33.1,42.9,43.9,186.4,6,"prior marker interval 1579 ms over surveyed spacing 300 mm, +/-13%",clears p95 field
2041.373,ordinary,,208.8,41.8,36.3,47.2,45.9,255.1,14,"prior marker interval 1413 ms over surveyed spacing 295 mm, +/-13%",clears p95 field
2043.014,ordinary,,182.7,36.5,31.8,41.3,40.0,254.5,18,"prior marker interval 1642 ms over surveyed spacing 300 mm, +/-13%",clears p95 field
2044.888,ordinary,,166.2,33.2,28.9,37.6,46.7,281.7,24,"prior marker interval 1805 ms over surveyed spacing 300 mm, +/-13%",clears p95 field
2049.399,ordinary,,126.7,25.3,22.1,28.6,35.6,240.3,23,"prior marker interval 2367 ms over surveyed spacing 300 mm, +/-13%",INSIDE the typical field
2051.78,ordinary,,127.5,25.5,22.2,28.8,36.3,329.3,24,"prior marker interval 2353 ms over surveyed spacing 300 mm, +/-13%",clears typical field
2100.226,ordinary,,169.7,33.9,29.5,38.3,35.0,169.2,20,"prior marker interval 1768 ms over surveyed spacing 300 mm, +/-13%",INSIDE the typical field
2101.629,ordinary,,228.4,45.7,39.7,51.6,47.1,225.2,20,"prior marker interval 1401 ms over surveyed spacing 320 mm, +/-13%",clears p95 field
2103.009,ordinary,,229.7,45.9,40.0,51.9,44.6,186.8,20,"prior marker interval 1393 ms over surveyed spacing 320 mm, +/-13%",clears p95 field
2104.21,ordinary,,248.3,49.7,43.2,56.1,46.7,184.8,22,"prior marker interval 1208 ms over surveyed spacing 300 mm, +/-13%",clears p95 field
2105.342,ordinary,,264.8,53.0,46.1,59.8,49.8,212.4,22,"prior marker interval 1133 ms over surveyed spacing 300 mm, +/-13%",clears p95 field
2106.535,ordinary,,252.1,50.4,43.9,57.0,48.2,199.7,14,"prior marker interval 1190 ms over surveyed spacing 300 mm, +/-13%",clears p95 field
2107.721,ordinary,,253.8,50.8,44.2,57.4,49.2,213.5,19,"prior marker interval 1182 ms over surveyed spacing 300 mm, +/-13%",clears p95 field
2108.958,ordinary,,242.7,48.5,42.2,54.9,47.6,201.9,20,"prior marker interval 1236 ms over surveyed spacing 300 mm, +/-13%",clears p95 field
2110.183,ordinary,,245.3,49.1,42.7,55.4,47.3,179.8,18,"prior marker interval 1223 ms over surveyed spacing 300 mm, +/-13%",clears p95 field
2111.3,ordinary,,266.0,53.2,46.3,60.1,48.9,184.8,23,"prior marker interval 1128 ms over surveyed spacing 300 mm, +/-13%",clears p95 field
2112.373,ordinary,,277.3,55.5,48.2,62.7,49.4,166.1,18,"prior marker interval 1082 ms over surveyed spacing 300 mm, +/-13%",clears p95 field
2113.358,ordinary,,307.4,61.5,53.5,69.5,57.2,198.6,22,"prior marker interval 976 ms over surveyed spacing 300 mm, +/-13%",clears p95 field
2114.397,ordinary,,290.7,58.1,50.6,65.7,56.1,190.1,16,"prior marker interval 1032 ms over surveyed spacing 300 mm, +/-13%",clears p95 field
2115.437,ordinary,,286.3,57.3,49.8,64.7,53.2,187.5,19,"prior marker interval 1048 ms over surveyed spacing 300 mm, +/-13%",clears p95 field
2116.482,ordinary,,288.5,57.7,50.2,65.2,54.8,192.7,21,"prior marker interval 1040 ms over surveyed spacing 300 mm, +/-13%",clears p95 field
2117.541,ordinary,,283.3,56.7,49.3,64.0,54.1,191.8,20,"prior marker interval 1059 ms over surveyed spacing 300 mm, +/-13%",clears p95 field
2118.611,ordinary,,262.7,52.5,45.7,59.4,50.7,206.7,20,"prior marker interval 1066 ms over surveyed spacing 280 mm, +/-13%",clears p95 field
2119.778,ordinary,,254.0,50.8,44.2,57.4,45.7,171.2,18,"prior marker interval 1181 ms over surveyed spacing 300 mm, +/-13%",clears p95 field
2120.834,ordinary,,284.4,56.9,49.5,64.3,51.8,226.4,20,"prior marker interval 1055 ms over surveyed spacing 300 mm, +/-13%",clears p95 field
2122.009,ordinary,,246.0,49.2,42.8,55.6,44.0,194.1,22,"prior marker interval 1179 ms over surveyed spacing 290 mm, +/-13%",clears p95 field
2123.169,ordinary,,256.8,51.4,44.7,58.0,43.9,176.7,14,"prior marker interval 1168 ms over surveyed spacing 300 mm, +/-13%",clears p95 field
2124.228,ordinary,,284.4,56.9,49.5,64.3,48.6,196.5,18,"prior marker interval 1055 ms over surveyed spacing 300 mm, +/-13%",clears p95 field
2125.283,ordinary,,281.4,56.3,49.0,63.6,46.2,178.4,9,"prior marker interval 1066 ms over surveyed spacing 300 mm, +/-13%",clears p95 field
2126.29,ordinary,,301.2,60.2,52.4,68.1,52.1,207.8,19,"prior marker interval 996 ms over surveyed spacing 300 mm, +/-13%",clears p95 field
2127.355,ordinary,,282.2,56.4,49.1,63.8,49.4,199.2,23,"prior marker interval 1063 ms over surveyed spacing 300 mm, +/-13%",clears p95 field
2128.43,ordinary,,278.8,55.8,48.5,63.0,47.1,187.4,21,"prior marker interval 1076 ms over surveyed spacing 300 mm, +/-13%",clears p95 field
2129.467,ordinary,,286.0,57.2,49.8,64.6,47.2,201.6,23,"prior marker interval 1049 ms over surveyed spacing 300 mm, +/-13%",clears p95 field
2130.55,ordinary,,281.2,56.2,48.9,63.5,50.0,211.7,24,"prior marker interval 1067 ms over surveyed spacing 300 mm, +/-13%",clears p95 field
2131.683,ordinary,,265.3,53.1,46.2,59.9,47.7,192.8,17,"prior marker interval 1131 ms over surveyed spacing 300 mm, +/-13%",clears p95 field
2132.785,ordinary,,271.5,54.3,47.2,61.4,47.5,202.5,12,"prior marker interval 1105 ms over surveyed spacing 300 mm, +/-13%",clears p95 field
2133.909,ordinary,,267.6,53.5,46.6,60.5,47.6,203.7,21,"prior marker interval 1121 ms over surveyed spacing 300 mm, +/-13%",clears p95 field
2135.045,ordinary,,262.5,52.5,45.7,59.3,45.9,189.2,23,"prior marker interval 1143 ms over surveyed spacing 300 mm, +/-13%",clears p95 field
2136.143,ordinary,,274.0,54.8,47.7,61.9,48.5,220.5,17,"prior marker interval 1095 ms over surveyed spacing 300 mm, +/-13%",clears p95 field
2137.314,ordinary,,253.6,50.7,44.1,57.3,42.1,223.9,16,"prior marker interval 1183 ms over surveyed spacing 300 mm, +/-13%",clears p95 field
2138.588,ordinary,,245.2,49.0,42.7,55.4,46.8,206.9,24,"prior marker interval 1244 ms over surveyed spacing 305 mm, +/-13%",clears p95 field
2139.82,ordinary,,243.3,48.7,42.3,55.0,45.7,197.6,23,"prior marker interval 1233 ms over surveyed spacing 300 mm, +/-13%",clears p95 field
2141.016,ordinary,,254.0,50.8,44.2,57.4,46.7,206.0,21,"prior marker interval 1201 ms over surveyed spacing 305 mm, +/-13%",clears p95 field
2142.205,ordinary,,249.8,50.0,43.5,56.5,44.5,202.6,13,"prior marker interval 1201 ms over surveyed spacing 300 mm, +/-13%",clears p95 field
2143.406,ordinary,,248.1,49.6,43.2,56.1,47.1,254.6,19,"prior marker interval 1189 ms over surveyed spacing 295 mm, +/-13%",clears p95 field
2144.838,ordinary,,211.7,42.3,36.8,47.8,43.6,243.7,17,"prior marker interval 1417 ms over surveyed spacing 300 mm, +/-13%",clears p95 field
2146.404,ordinary,,192.6,38.5,33.5,43.5,41.4,285.4,19,"prior marker interval 1558 ms over surveyed spacing 300 mm, +/-13%",clears p95 field
2148.336,ordinary,,158.8,31.8,27.6,35.9,39.7,219.2,20,"prior marker interval 1889 ms over surveyed spacing 300 mm, +/-13%",clears typical field
2150.181,ordinary,,166.8,33.4,29.0,37.7,44.2,263.0,18,"prior marker interval 1828 ms over surveyed spacing 305 mm, +/-13%",clears p95 field
2152.213,ordinary,,145.4,29.1,25.3,32.9,37.2,251.6,30,"prior marker interval 2063 ms over surveyed spacing 300 mm, +/-13%",clears typical field
2154.447,ordinary,,137.8,27.6,24.0,31.1,41.9,269.0,21,"prior marker interval 2177 ms over surveyed spacing 300 mm, +/-13%",clears p95 field
2156.889,ordinary,,124.2,24.8,21.6,28.1,36.0,244.8,21,"prior marker interval 2456 ms over surveyed spacing 305 mm, +/-13%",clears typical field
2159.343,ordinary,,130.3,26.1,22.7,29.5,36.9,201.3,20,"prior marker interval 2455 ms over surveyed spacing 320 mm, +/-13%",clears typical field
2161.341,ordinary,,142.8,28.6,24.8,32.3,36.3,276.6,26,"prior marker interval 2031 ms over surveyed spacing 290 mm, +/-13%",clears typical field
2163.804,ramp:Bamboo_CW,Bamboo,85.4,17.1,16.5,17.8,27.8,266.8,24,observed leg 2 of the Bamboo_CW template (n=2 runs),INSIDE the typical field
2195.145,ordinary,,139.6,27.9,24.3,31.5,33.5,204.5,14,"prior marker interval 2185 ms over surveyed spacing 305 mm, +/-13%",INSIDE the typical field
2197.036,ordinary,,173.2,34.6,30.1,39.1,39.1,202.9,22,"prior marker interval 1905 ms over surveyed spacing 330 mm, +/-13%",clears typical field
2198.607,ordinary,,206.9,41.4,36.0,46.8,41.4,180.2,22,"prior marker interval 1595 ms over surveyed spacing 330 mm, +/-13%",clears p95 field
2199.862,ordinary,,251.8,50.4,43.8,56.9,46.3,197.1,15,"prior marker interval 1271 ms over surveyed spacing 320 mm, +/-13%",clears p95 field
2201.022,ordinary,,278.5,55.7,48.5,62.9,49.3,188.5,21,"prior marker interval 1167 ms over surveyed spacing 325 mm, +/-13%",clears p95 field
2202.061,ordinary,,298.9,59.8,52.0,67.5,48.4,201.4,19,"prior marker interval 1054 ms over surveyed spacing 315 mm, +/-13%",clears p95 field
2203.098,ordinary,,343.0,68.6,59.7,77.5,55.9,192.4,20,"prior marker interval 1035 ms over surveyed spacing 355 mm, +/-13%",clears p95 field
2204.014,ordinary,,356.8,71.4,62.1,80.6,55.3,196.9,23,"prior marker interval 925 ms over surveyed spacing 330 mm, +/-13%",clears p95 field
2204.927,ordinary,,363.8,72.8,63.3,82.2,58.6,192.1,21,"prior marker interval 907 ms over surveyed spacing 330 mm, +/-13%",clears p95 field
2205.816,ordinary,,371.2,74.2,64.6,83.9,59.8,194.5,18,"prior marker interval 889 ms over surveyed spacing 330 mm, +/-13%",clears p95 field
2206.706,ordinary,,372.9,74.6,64.9,84.3,61.9,222.2,20,"prior marker interval 885 ms over surveyed spacing 330 mm, +/-13%",clears p95 field
2207.674,ordinary,,352.7,70.5,61.4,79.7,60.7,202.4,18,"prior marker interval 964 ms over surveyed spacing 340 mm, +/-13%",clears p95 field
2208.621,ordinary,,349.6,69.9,60.8,79.0,60.5,203.5,19,"prior marker interval 944 ms over surveyed spacing 330 mm, +/-13%",clears p95 field
2209.577,ordinary,,329.8,66.0,57.4,74.5,57.4,196.3,18,"prior marker interval 955 ms over surveyed spacing 315 mm, +/-13%",clears p95 field
2210.538,ordinary,,335.4,67.1,58.4,75.8,55.7,199.9,19,"prior marker interval 969 ms over surveyed spacing 325 mm, +/-13%",clears p95 field
2211.508,ordinary,,343.4,68.7,59.8,77.6,59.8,198.5,22,"prior marker interval 961 ms over surveyed spacing 330 mm, +/-13%",clears p95 field
2212.448,ordinary,,330.5,66.1,57.5,74.7,53.5,178.8,19,"prior marker interval 953 ms over surveyed spacing 315 mm, +/-13%",clears p95 field
2213.354,ordinary,,332.2,66.4,57.8,75.1,54.8,155.8,16,"prior marker interval 903 ms over surveyed spacing 300 mm, +/-13%",clears p95 field
2214.18,ordinary,,359.7,71.9,62.6,81.3,56.5,162.9,18,"prior marker interval 834 ms over surveyed spacing 300 mm, +/-13%",clears p95 field
2214.991,ordinary,,364.2,72.8,63.4,82.3,57.5,167.9,16,"prior marker interval 810 ms over surveyed spacing 295 mm, +/-13%",clears p95 field
2215.807,ordinary,,366.3,73.3,63.7,82.8,56.8,161.5,20,"prior marker interval 819 ms over surveyed spacing 300 mm, +/-13%",clears p95 field
2216.593,ordinary,,364.8,73.0,63.5,82.4,52.9,159.8,15,"prior marker interval 795 ms over surveyed spacing 290 mm, +/-13%",clears p95 field
2217.388,ordinary,,383.1,76.6,66.7,86.6,60.2,190.8,22,"prior marker interval 783 ms over surveyed spacing 300 mm, +/-13%",clears p95 field
2218.245,ordinary,,368.0,73.6,64.0,83.2,58.5,189.1,19,"prior marker interval 856 ms over surveyed spacing 315 mm, +/-13%",clears p95 field
2219.117,ordinary,,360.8,72.2,62.8,81.5,57.0,206.4,15,"prior marker interval 873 ms over surveyed spacing 315 mm, +/-13%",clears p95 field
2220.047,ordinary,,349.5,69.9,60.8,79.0,55.2,178.6,25,"prior marker interval 930 ms over surveyed spacing 325 mm, +/-13%",clears p95 field
2220.917,ordinary,,356.7,71.3,62.1,80.6,56.7,162.3,20,"prior marker interval 869 ms over surveyed spacing 310 mm, +/-13%",clears p95 field
2221.732,ordinary,,368.1,73.6,64.0,83.2,58.9,149.8,24,"prior marker interval 815 ms over surveyed spacing 300 mm, +/-13%",clears p95 field
2222.5,ordinary,,391.6,78.3,68.1,88.5,63.1,163.3,18,"prior marker interval 766 ms over surveyed spacing 300 mm, +/-13%",clears p95 field
2223.275,ordinary,,411.3,82.3,71.6,93.0,65.0,188.0,16,"prior marker interval 778 ms over surveyed spacing 320 mm, +/-13%",clears p95 field
2224.085,ordinary,,386.5,77.3,67.3,87.3,59.1,165.0,20,"prior marker interval 815 ms over surveyed spacing 315 mm, +/-13%",clears p95 field
2224.868,ordinary,,403.8,80.8,70.3,91.3,63.0,152.2,14,"prior marker interval 780 ms over surveyed spacing 315 mm, +/-13%",clears p95 field
2225.594,ordinary,,416.1,83.2,72.4,94.0,62.0,165.6,18,"prior marker interval 733 ms over surveyed spacing 305 mm, +/-13%",clears p95 field
2226.343,ordinary,,401.6,80.3,69.9,90.8,60.6,133.3,18,"prior marker interval 747 ms over surveyed spacing 300 mm, +/-13%",clears p95 field
2227.022,ordinary,,431.9,86.4,75.2,97.6,63.5,141.2,18,"prior marker interval 683 ms over surveyed spacing 295 mm, +/-13%",clears p95 field
2227.695,ordinary,,445.1,89.0,77.4,100.6,65.0,166.5,16,"prior marker interval 674 ms over surveyed spacing 300 mm, +/-13%",clears p95 field
2228.418,ordinary,,416.7,83.3,72.5,94.2,62.1,167.5,15,"prior marker interval 720 ms over surveyed spacing 300 mm, +/-13%",clears p95 field
2229.169,ordinary,,398.9,79.8,69.4,90.2,59.4,191.9,16,"prior marker interval 752 ms over surveyed spacing 300 mm, +/-13%",clears p95 field
2230.006,ordinary,,361.9,72.4,63.0,81.8,56.5,193.6,9,"prior marker interval 829 ms over surveyed spacing 300 mm, +/-13%",clears p95 field
2230.905,ordinary,,353.5,70.7,61.5,79.9,58.0,212.8,22,"prior marker interval 891 ms over surveyed spacing 315 mm, +/-13%",clears p95 field
2231.87,ordinary,,341.6,68.3,59.4,77.2,55.7,223.4,20,"prior marker interval 966 ms over surveyed spacing 330 mm, +/-13%",clears p95 field
2232.888,ordinary,,314.7,62.9,54.7,71.1,51.6,206.4,22,"prior marker interval 1017 ms over surveyed spacing 320 mm, +/-13%",clears p95 field
2233.915,ordinary,,308.5,61.7,53.7,69.7,52.8,204.2,15,"prior marker interval 1021 ms over surveyed spacing 315 mm, +/-13%",clears p95 field
2234.953,ordinary,,300.4,60.1,52.3,67.9,52.9,188.3,13,"prior marker interval 1032 ms over surveyed spacing 310 mm, +/-13%",clears p95 field
2235.96,ordinary,,299.1,59.8,52.0,67.6,53.8,216.8,22,"prior marker interval 1003 ms over surveyed spacing 300 mm, +/-13%",clears p95 field
2237.07,ordinary,,271.2,54.2,47.2,61.3,50.2,218.6,22,"prior marker interval 1106 ms over surveyed spacing 300 mm, +/-13%",clears p95 field
2238.275,ordinary,,252.1,50.4,43.9,57.0,50.2,229.2,17,"prior marker interval 1190 ms over surveyed spacing 300 mm, +/-13%",clears p95 field
2239.597,ordinary,,229.4,45.9,39.9,51.8,48.9,268.8,17,"prior marker interval 1308 ms over surveyed spacing 300 mm, +/-13%",clears p95 field
2241.249,ordinary,,189.8,38.0,33.0,42.9,53.1,5651.8,19,"prior marker interval 1581 ms over surveyed spacing 300 mm, +/-13%",clears p95 field
2328.731,ordinary,,160.3,32.1,27.9,36.2,38.2,150.4,19,"prior marker interval 1871 ms over surveyed spacing 300 mm, +/-13%",clears typical field
2330.081,ordinary,,214.6,42.9,37.3,48.5,45.5,200.6,22,"prior marker interval 1398 ms over surveyed spacing 300 mm, +/-13%",clears p95 field
2331.425,ordinary,,222.7,44.5,38.8,50.3,46.5,182.9,20,"prior marker interval 1347 ms over surveyed spacing 300 mm, +/-13%",clears p95 field
2332.638,ordinary,,244.1,48.8,42.5,55.2,46.9,187.2,21,"prior marker interval 1229 ms over surveyed spacing 300 mm, +/-13%",clears p95 field
2333.79,ordinary,,258.6,51.7,45.0,58.4,47.8,194.7,21,"prior marker interval 1160 ms over surveyed spacing 300 mm, +/-13%",clears p95 field
2334.949,ordinary,,264.1,52.8,46.0,59.7,54.4,259.6,21,"prior marker interval 1136 ms over surveyed spacing 300 mm, +/-13%",clears p95 field
2336.349,ordinary,,222.7,44.5,38.8,50.3,48.3,216.2,20,"prior marker interval 1392 ms over surveyed spacing 310 mm, +/-13%",clears p95 field
2337.709,ordinary,,227.1,45.4,39.5,51.3,42.9,204.2,20,"prior marker interval 1387 ms over surveyed spacing 315 mm, +/-13%",clears p95 field
2338.999,ordinary,,250.0,50.0,43.5,56.5,47.8,220.5,24,"prior marker interval 1280 ms over surveyed spacing 320 mm, +/-13%",clears p95 field
2340.283,ordinary,,257.6,51.5,44.8,58.2,52.0,219.2,19,"prior marker interval 1281 ms over surveyed spacing 330 mm, +/-13%",clears p95 field
2341.524,ordinary,,251.4,50.3,43.7,56.8,47.8,202.4,19,"prior marker interval 1253 ms over surveyed spacing 315 mm, +/-13%",clears p95 field
2342.717,ordinary,,251.5,50.3,43.8,56.8,47.3,192.4,18,"prior marker interval 1193 ms over surveyed spacing 300 mm, +/-13%",clears p95 field
2343.864,ordinary,,259.5,51.9,45.2,58.7,47.2,191.8,22,"prior marker interval 1156 ms over surveyed spacing 300 mm, +/-13%",clears p95 field
2344.987,ordinary,,267.9,53.6,46.6,60.5,49.3,177.1,23,"prior marker interval 1120 ms over surveyed spacing 300 mm, +/-13%",clears p95 field
2346.025,ordinary,,287.1,57.4,50.0,64.9,50.8,182.9,20,"prior marker interval 1045 ms over surveyed spacing 300 mm, +/-13%",clears p95 field
2347.051,ordinary,,290.9,58.2,50.6,65.7,55.0,224.0,20,"prior marker interval 1014 ms over surveyed spacing 295 mm, +/-13%",clears p95 field
2348.218,ordinary,,259.1,51.8,45.1,58.5,51.0,217.4,19,"prior marker interval 1158 ms over surveyed spacing 300 mm, +/-13%",clears p95 field
2349.487,ordinary,,245.4,49.1,42.7,55.5,56.4,283.9,18,"prior marker interval 1243 ms over surveyed spacing 305 mm, +/-13%",clears p95 field
2351.087,ordinary,,199.1,39.8,34.6,45.0,48.4,303.1,18,"prior marker interval 1582 ms over surveyed spacing 315 mm, +/-13%",clears p95 field
2353.094,ordinary,,159.8,32.0,27.8,36.1,45.5,300.5,15,"prior marker interval 1971 ms over surveyed spacing 315 mm, +/-13%",clears p95 field
2355.487,ordinary,,136.5,27.3,23.7,30.8,42.7,232.7,16,"prior marker interval 2345 ms over surveyed spacing 320 mm, +/-13%",clears p95 field
2357.697,ordinary,,134.9,27.0,23.5,30.5,41.1,234.2,15,"prior marker interval 2224 ms over surveyed spacing 300 mm, +/-13%",clears p95 field
2359.932,ordinary,,133.3,26.7,23.2,30.1,39.8,274.5,16,"prior marker interval 2251 ms over surveyed spacing 300 mm, +/-13%",clears typical field
2362.49,ordinary,,121.0,24.2,21.1,27.4,36.1,261.2,18,"prior marker interval 2561 ms over surveyed spacing 310 mm, +/-13%",clears typical field
2365.183,ordinary,,122.7,24.5,21.4,27.7,41.1,333.0,17,"prior marker interval 2648 ms over surveyed spacing 325 mm, +/-13%",clears p95 field
2413.261,ordinary,,197.1,39.4,34.3,44.5,33.1,146.3,19,"prior marker interval 1522 ms over surveyed spacing 300 mm, +/-13%",INSIDE the typical field
2414.39,ordinary,,263.4,52.7,45.8,59.5,49.3,175.4,18,"prior marker interval 1101 ms over surveyed spacing 290 mm, +/-13%",clears p95 field
2415.437,ordinary,,282.2,56.4,49.1,63.8,51.1,197.6,20,"prior marker interval 1063 ms over surveyed spacing 300 mm, +/-13%",clears p95 field
2416.534,ordinary,,274.2,54.8,47.7,62.0,54.0,211.7,20,"prior marker interval 1076 ms over surveyed spacing 295 mm, +/-13%",clears p95 field
2417.701,ordinary,,256.8,51.4,44.7,58.0,50.1,233.5,14,"prior marker interval 1168 ms over surveyed spacing 300 mm, +/-13%",clears p95 field
2419.009,ordinary,,229.9,46.0,40.0,52.0,45.7,210.6,15,"prior marker interval 1305 ms over surveyed spacing 300 mm, +/-13%",clears p95 field
2420.336,ordinary,,228.0,45.6,39.7,51.5,48.1,236.6,21,"prior marker interval 1316 ms over surveyed spacing 300 mm, +/-13%",clears p95 field
2421.785,ordinary,,218.1,43.6,38.0,49.3,46.0,220.5,22,"prior marker interval 1444 ms over surveyed spacing 315 mm, +/-13%",clears p95 field
2423.218,ordinary,,231.3,46.3,40.2,52.3,51.3,312.7,20,"prior marker interval 1427 ms over surveyed spacing 330 mm, +/-13%",clears p95 field
2564.488,ordinary,,177.3,35.5,30.8,40.1,37.6,161.8,25,"prior marker interval 1918 ms over surveyed spacing 340 mm, +/-13%",clears typical field
2565.805,ordinary,,249.6,49.9,43.4,56.4,50.9,211.7,25,"prior marker interval 1322 ms over surveyed spacing 330 mm, +/-13%",clears p95 field
2567.047,ordinary,,262.7,52.5,45.7,59.4,51.0,245.9,20,"prior marker interval 1256 ms over surveyed spacing 330 mm, +/-13%",clears p95 field
2568.372,ordinary,,248.1,49.6,43.2,56.1,46.9,238.7,18,"prior marker interval 1330 ms over surveyed spacing 330 mm, +/-13%",clears p95 field
2569.742,ordinary,,245.0,49.0,42.6,55.4,51.0,283.7,20,"prior marker interval 1347 ms over surveyed spacing 330 mm, +/-13%",clears p95 field
2571.322,ordinary,,226.8,45.4,39.5,51.3,50.4,273.6,16,"prior marker interval 1565 ms over surveyed spacing 355 mm, +/-13%",clears p95 field
2572.947,ordinary,,192.8,38.6,33.5,43.6,42.2,259.7,24,"prior marker interval 1634 ms over surveyed spacing 315 mm, +/-13%",clears p95 field
2574.736,ordinary,,184.2,36.8,32.1,41.6,44.6,277.7,18,"prior marker interval 1764 ms over surveyed spacing 325 mm, +/-13%",clears p95 field
2576.717,ordinary,,164.4,32.9,28.6,37.1,45.0,314.1,15,"prior marker interval 1947 ms over surveyed spacing 320 mm, +/-13%",clears p95 field
2579.131,ordinary,,138.3,27.7,24.1,31.3,41.9,295.0,15,"prior marker interval 2386 ms over surveyed spacing 330 mm, +/-13%",clears p95 field
2581.785,ordinary,,125.0,25.0,21.8,28.2,40.1,266.0,20,"prior marker interval 2640 ms over surveyed spacing 330 mm, +/-13%",clears p95 field
2584.416,ordinary,,115.1,23.0,20.0,26.0,34.9,257.1,25,"prior marker interval 2651 ms over surveyed spacing 305 mm, +/-13%",INSIDE the typical field
2587.152,ordinary,,109.6,21.9,19.1,24.8,33.0,195.7,17,"prior marker interval 2736 ms over surveyed spacing 300 mm, +/-13%",INSIDE the typical field
2589.432,ordinary,,131.2,26.2,22.8,29.6,38.7,247.8,19,"prior marker interval 2287 ms over surveyed spacing 300 mm, +/-13%",clears typical field
2591.794,ordinary,,134.6,26.9,23.4,30.4,36.8,269.1,20,"prior marker interval 2377 ms over surveyed spacing 320 mm, +/-13%",clears typical field
2594.337,ramp:Bamboo_CCW,Bamboo,,,,,,,27,past the last observed crossing of Bamboo_CCW: speed is NOT measured there,TRAVEL NOT ESTABLISHED
2639.373,ordinary,,179.3,35.9,31.2,40.5,35.7,139.3,21,"prior marker interval 1785 ms over surveyed spacing 320 mm, +/-13%",INSIDE the typical field
2640.532,ordinary,,253.2,50.6,44.1,57.2,46.1,207.3,22,"prior marker interval 1185 ms over surveyed spacing 300 mm, +/-13%",clears p95 field
2641.735,ordinary,,250.4,50.1,43.6,56.6,46.1,191.8,31,"prior marker interval 1198 ms over surveyed spacing 300 mm, +/-13%",clears p95 field
2642.892,ordinary,,267.5,53.5,46.6,60.5,51.1,268.3,19,"prior marker interval 1140 ms over surveyed spacing 305 mm, +/-13%",clears p95 field
2644.289,ordinary,,214.9,43.0,37.4,48.6,41.7,197.3,25,"prior marker interval 1396 ms over surveyed spacing 300 mm, +/-13%",clears p95 field
2645.601,ordinary,,226.8,45.4,39.5,51.2,44.0,207.0,18,"prior marker interval 1323 ms over surveyed spacing 300 mm, +/-13%",clears p95 field
2646.901,ordinary,,229.7,45.9,40.0,51.9,43.0,201.7,16,"prior marker interval 1306 ms over surveyed spacing 300 mm, +/-13%",clears p95 field
2648.157,ordinary,,233.2,46.6,40.6,52.7,41.5,205.5,15,"prior marker interval 1265 ms over surveyed spacing 295 mm, +/-13%",clears p95 field
2649.425,ordinary,,238.7,47.7,41.5,53.9,44.6,203.3,26,"prior marker interval 1257 ms over surveyed spacing 300 mm, +/-13%",clears p95 field
2650.681,ordinary,,247.4,49.5,43.0,55.9,50.5,211.0,20,"prior marker interval 1233 ms over surveyed spacing 305 mm, +/-13%",clears p95 field
2651.923,ordinary,,238.7,47.7,41.5,53.9,45.1,208.8,21,"prior marker interval 1257 ms over surveyed spacing 300 mm, +/-13%",clears p95 field
2653.177,ordinary,,241.5,48.3,42.0,54.6,43.2,200.9,19,"prior marker interval 1263 ms over surveyed spacing 305 mm, +/-13%",clears p95 field
2654.389,ordinary,,246.7,49.3,42.9,55.8,44.4,213.7,17,"prior marker interval 1216 ms over surveyed spacing 300 mm, +/-13%",clears p95 field
2655.641,ordinary,,240.2,48.0,41.8,54.3,44.7,208.5,19,"prior marker interval 1249 ms over surveyed spacing 300 mm, +/-13%",clears p95 field
2656.897,ordinary,,238.7,47.7,41.5,53.9,44.9,215.0,18,"prior marker interval 1257 ms over surveyed spacing 300 mm, +/-13%",clears p95 field
2658.195,ordinary,,233.8,46.8,40.7,52.8,46.1,217.0,19,"prior marker interval 1283 ms over surveyed spacing 300 mm, +/-13%",clears p95 field
2659.528,ordinary,,226.4,45.3,39.4,51.2,46.4,221.9,20,"prior marker interval 1325 ms over surveyed spacing 300 mm, +/-13%",clears p95 field
2660.91,ordinary,,216.9,43.4,37.7,49.0,43.8,207.2,23,"prior marker interval 1383 ms over surveyed spacing 300 mm, +/-13%",clears p95 field
2662.25,ordinary,,220.9,44.2,38.4,49.9,40.9,198.6,20,"prior marker interval 1358 ms over surveyed spacing 300 mm, +/-13%",clears p95 field
2663.538,ordinary,,232.9,46.6,40.5,52.6,44.0,219.6,19,"prior marker interval 1288 ms over surveyed spacing 300 mm, +/-13%",clears p95 field
2664.887,ordinary,,226.2,45.2,39.4,51.1,46.6,214.5,19,"prior marker interval 1326 ms over surveyed spacing 300 mm, +/-13%",clears p95 field
2666.225,ordinary,,220.6,44.1,38.4,49.9,41.9,196.5,19,"prior marker interval 1360 ms over surveyed spacing 300 mm, +/-13%",clears p95 field
2667.509,ordinary,,235.1,47.0,40.9,53.1,45.4,213.7,13,"prior marker interval 1276 ms over surveyed spacing 300 mm, +/-13%",clears p95 field
2668.797,ordinary,,229.5,45.9,39.9,51.9,41.1,203.4,20,"prior marker interval 1307 ms over surveyed spacing 300 mm, +/-13%",clears p95 field
2670.081,ordinary,,239.0,47.8,41.6,54.0,47.3,268.2,19,"prior marker interval 1255 ms over surveyed spacing 300 mm, +/-13%",clears p95 field
2671.612,ordinary,,196.3,39.3,34.2,44.4,41.0,230.9,19,"prior marker interval 1528 ms over surveyed spacing 300 mm, +/-13%",clears p95 field
2673.203,ordinary,,182.6,36.5,31.8,41.3,39.3,187.4,12,"prior marker interval 1588 ms over surveyed spacing 290 mm, +/-13%",clears typical field
2674.637,ordinary,,208.3,41.7,36.2,47.1,43.3,192.1,31,"prior marker interval 1440 ms over surveyed spacing 300 mm, +/-13%",clears p95 field
2675.972,ordinary,,225.7,45.1,39.3,51.0,48.1,171.8,19,"prior marker interval 1329 ms over surveyed spacing 300 mm, +/-13%",clears p95 field
2677.143,ordinary,,239.7,47.9,41.7,54.2,50.3,180.8,20,"prior marker interval 1168 ms over surveyed spacing 280 mm, +/-13%",clears p95 field
2678.296,ordinary,,256.4,51.3,44.6,57.9,51.0,189.0,19,"prior marker interval 1170 ms over surveyed spacing 300 mm, +/-13%",clears p95 field
2679.428,ordinary,,264.6,52.9,46.0,59.8,51.6,189.2,22,"prior marker interval 1134 ms over surveyed spacing 300 mm, +/-13%",clears p95 field
2680.538,ordinary,,270.0,54.0,47.0,61.0,52.7,190.1,23,"prior marker interval 1111 ms over surveyed spacing 300 mm, +/-13%",clears p95 field
2681.644,ordinary,,273.2,54.6,47.5,61.7,55.2,198.6,26,"prior marker interval 1098 ms over surveyed spacing 300 mm, +/-13%",clears p95 field
2682.772,ordinary,,266.0,53.2,46.3,60.1,53.5,225.0,24,"prior marker interval 1128 ms over surveyed spacing 300 mm, +/-13%",clears p95 field
2684.018,ordinary,,240.0,48.0,41.8,54.2,48.0,214.1,18,"prior marker interval 1250 ms over surveyed spacing 300 mm, +/-13%",clears p95 field
2685.316,ordinary,,232.7,46.5,40.5,52.6,47.9,183.4,20,"prior marker interval 1289 ms over surveyed spacing 300 mm, +/-13%",clears p95 field
2686.491,ordinary,,251.7,50.3,43.8,56.9,47.1,188.5,22,"prior marker interval 1192 ms over surveyed spacing 300 mm, +/-13%",clears p95 field
2687.634,ordinary,,263.2,52.6,45.8,59.5,51.1,222.6,20,"prior marker interval 1140 ms over surveyed spacing 300 mm, +/-13%",clears p95 field
2688.882,ordinary,,242.1,48.4,42.1,54.7,48.9,248.7,19,"prior marker interval 1239 ms over surveyed spacing 300 mm, +/-13%",clears p95 field
2690.331,ordinary,,209.8,42.0,36.5,47.4,46.6,247.8,18,"prior marker interval 1430 ms over surveyed spacing 300 mm, +/-13%",clears p95 field
2691.956,ordinary,,186.7,37.3,32.5,42.2,45.6,261.5,18,"prior marker interval 1607 ms over surveyed spacing 300 mm, +/-13%",clears p95 field
2693.817,ordinary,,162.9,32.6,28.3,36.8,42.3,315.6,19,"prior marker interval 1842 ms over surveyed spacing 300 mm, +/-13%",clears p95 field
2696.294,ordinary,,133.9,26.8,23.3,30.3,45.4,290.3,17,"prior marker interval 2389 ms over surveyed spacing 320 mm, +/-13%",clears p95 field
2698.998,ordinary,,118.3,23.7,20.6,26.7,39.9,269.0,17,"prior marker interval 2704 ms over surveyed spacing 320 mm, +/-13%",clears typical field
2701.788,ordinary,,106.9,21.4,18.6,24.2,33.9,210.4,17,"prior marker interval 2807 ms over surveyed spacing 300 mm, +/-13%",INSIDE the typical field
2704.271,ordinary,,120.4,24.1,21.0,27.2,37.8,240.3,19,"prior marker interval 2491 ms over surveyed spacing 300 mm, +/-13%",clears typical field
2706.759,ordinary,,121.9,24.4,21.2,27.5,35.7,272.1,27,"prior marker interval 2502 ms over surveyed spacing 305 mm, +/-13%",INSIDE the typical field
2709.61,ramp:Arches_CCW,Arches,,,,,,,33,past the last observed crossing of Arches_CCW: speed is NOT measured there,TRAVEL NOT ESTABLISHED
2754.109,ordinary,,143.9,28.8,25.0,32.5,31.7,139.7,13,"prior marker interval 2085 ms over surveyed spacing 300 mm, +/-13%",INSIDE the typical field
2755.485,ordinary,,216.0,43.2,37.6,48.8,44.3,219.0,18,"prior marker interval 1389 ms over surveyed spacing 300 mm, +/-13%",clears p95 field
2756.898,ordinary,,210.8,42.2,36.7,47.6,42.0,80626.8,18,"prior marker interval 1423 ms over surveyed spacing 300 mm, +/-13%",clears p95 field
3168.885,ordinary,,186.9,37.4,32.5,42.2,40.0,166.5,22,"prior marker interval 1605 ms over surveyed spacing 300 mm, +/-13%",clears p95 field
3170.183,ordinary,,227.6,45.5,39.6,51.4,47.1,212.8,16,"prior marker interval 1318 ms over surveyed spacing 300 mm, +/-13%",clears p95 field
3171.516,ordinary,,224.9,45.0,39.1,50.8,44.5,180.1,21,"prior marker interval 1334 ms over surveyed spacing 300 mm, +/-13%",clears p95 field
3172.713,ordinary,,250.0,50.0,43.5,56.5,49.0,210.5,23,"prior marker interval 1200 ms over surveyed spacing 300 mm, +/-13%",clears p95 field
3173.947,ordinary,,243.5,48.7,42.4,55.0,46.8,189.7,23,"prior marker interval 1232 ms over surveyed spacing 300 mm, +/-13%",clears p95 field
3175.111,ordinary,,254.0,50.8,44.2,57.4,47.0,186.5,18,"prior marker interval 1181 ms over surveyed spacing 300 mm, +/-13%",clears p95 field
3176.227,ordinary,,268.3,53.7,46.7,60.6,48.8,204.2,20,"prior marker interval 1118 ms over surveyed spacing 300 mm, +/-13%",clears p95 field
3177.385,ordinary,,262.2,52.4,45.6,59.3,51.7,214.8,18,"prior marker interval 1144 ms over surveyed spacing 300 mm, +/-13%",clears p95 field
3178.609,ordinary,,248.1,49.6,43.2,56.1,50.9,236.5,18,"prior marker interval 1209 ms over surveyed spacing 300 mm, +/-13%",clears p95 field
3179.979,ordinary,,220.1,44.0,38.3,49.7,47.8,231.3,21,"prior marker interval 1363 ms over surveyed spacing 300 mm, +/-13%",clears p95 field
3181.459,ordinary,,205.6,41.1,35.8,46.5,47.1,211.6,21,"prior marker interval 1459 ms over surveyed spacing 300 mm, +/-13%",clears p95 field
3182.893,ordinary,,204.4,40.9,35.6,46.2,41.9,192.7,23,"prior marker interval 1468 ms over surveyed spacing 300 mm, +/-13%",clears p95 field
3184.238,ordinary,,226.3,45.3,39.4,51.1,45.7,190.7,19,"prior marker interval 1348 ms over surveyed spacing 305 mm, +/-13%",clears p95 field
3185.488,ordinary,,242.5,48.5,42.2,54.8,50.2,199.1,19,"prior marker interval 1237 ms over surveyed spacing 300 mm, +/-13%",clears p95 field
3186.713,ordinary,,242.5,48.5,42.2,54.8,49.5,239.4,29,"prior marker interval 1237 ms over surveyed spacing 300 mm, +/-13%",clears p95 field
3188.102,ordinary,,238.1,47.6,41.4,53.8,48.1,193.8,22,"prior marker interval 1386 ms over surveyed spacing 330 mm, +/-13%",clears p95 field
3189.322,ordinary,,247.7,49.5,43.1,56.0,51.0,187.0,20,"prior marker interval 1211 ms over surveyed spacing 300 mm, +/-13%",clears p95 field
3190.458,ordinary,,256.4,51.3,44.6,57.9,46.4,179.7,21,"prior marker interval 1170 ms over surveyed spacing 300 mm, +/-13%",clears p95 field
3191.553,ordinary,,282.7,56.5,49.2,63.9,54.8,189.7,20,"prior marker interval 1079 ms over surveyed spacing 305 mm, +/-13%",clears p95 field
3192.606,ordinary,,282.0,56.4,49.1,63.7,51.3,198.5,21,"prior marker interval 1064 ms over surveyed spacing 300 mm, +/-13%",clears p95 field
3193.705,ordinary,,277.0,55.4,48.2,62.6,54.0,197.2,23,"prior marker interval 1083 ms over surveyed spacing 300 mm, +/-13%",clears p95 field
3194.802,ordinary,,274.0,54.8,47.7,61.9,50.7,189.9,19,"prior marker interval 1113 ms over surveyed spacing 305 mm, +/-13%",clears p95 field
3195.877,ordinary,,276.8,55.4,48.2,62.5,50.4,190.4,24,"prior marker interval 1084 ms over surveyed spacing 300 mm, +/-13%",clears p95 field
3196.94,ordinary,,283.6,56.7,49.3,64.1,49.6,185.2,21,"prior marker interval 1058 ms over surveyed spacing 300 mm, +/-13%",clears p95 field
3197.966,ordinary,,292.1,58.4,50.8,66.0,50.5,189.9,21,"prior marker interval 1027 ms over surveyed spacing 300 mm, +/-13%",clears p95 field
3198.987,ordinary,,291.0,58.2,50.6,65.8,49.8,174.3,19,"prior marker interval 1031 ms over surveyed spacing 300 mm, +/-13%",clears p95 field
3199.955,ordinary,,309.6,61.9,53.9,70.0,52.3,213.6,18,"prior marker interval 969 ms over surveyed spacing 300 mm, +/-13%",clears p95 field
3201.023,ordinary,,284.6,56.9,49.5,64.3,50.7,226.0,19,"prior marker interval 1054 ms over surveyed spacing 300 mm, +/-13%",clears p95 field
3202.198,ordinary,,254.7,50.9,44.3,57.6,46.1,200.2,17,"prior marker interval 1178 ms over surveyed spacing 300 mm, +/-13%",clears p95 field
3203.372,ordinary,,252.8,50.6,44.0,57.1,47.5,195.9,14,"prior marker interval 1167 ms over surveyed spacing 295 mm, +/-13%",clears p95 field
3204.521,ordinary,,253.9,50.8,44.2,57.4,44.2,197.5,18,"prior marker interval 1162 ms over surveyed spacing 295 mm, +/-13%",clears p95 field
3205.679,ordinary,,260.9,52.2,45.4,59.0,47.0,223.8,22,"prior marker interval 1150 ms over surveyed spacing 300 mm, +/-13%",clears p95 field
3206.924,ordinary,,241.5,48.3,42.0,54.6,45.2,237.0,20,"prior marker interval 1242 ms over surveyed spacing 300 mm, +/-13%",clears p95 field
3208.314,ordinary,,223.9,44.8,39.0,50.6,46.8,240.5,17,"prior marker interval 1362 ms over surveyed spacing 305 mm, +/-13%",clears p95 field
3209.786,ordinary,,201.7,40.3,35.1,45.6,39.9,216.3,21,"prior marker interval 1487 ms over surveyed spacing 300 mm, +/-13%",clears typical field
3211.279,ordinary,,208.8,41.8,36.3,47.2,46.1,286.8,20,"prior marker interval 1461 ms over surveyed spacing 305 mm, +/-13%",clears p95 field
3213.087,ordinary,,174.4,34.9,30.3,39.4,40.8,274.0,17,"prior marker interval 1806 ms over surveyed spacing 315 mm, +/-13%",clears p95 field
3215.147,ramp:Grillers_CCW,Grillers,144.3,28.9,28.9,28.9,41.7,244.4,19,observed leg 2 of the Grillers_CCW template (n=1 runs),clears p95 field
3217.391,ramp:Grillers_CCW,Grillers,,,,,,,25,past the last observed crossing of Grillers_CCW: speed is NOT measured there,TRAVEL NOT ESTABLISHED
3263.244,ordinary,,117.4,23.5,20.4,26.5,27.1,133.8,23,"prior marker interval 2682 ms over surveyed spacing 315 mm, +/-13%",INSIDE the typical field
3264.801,ordinary,,190.4,38.1,33.1,43.0,41.5,203.1,13,"prior marker interval 1576 ms over surveyed spacing 300 mm, +/-13%",clears p95 field
3266.29,ordinary,,215.1,43.0,37.4,48.6,47.7,212.7,21,"prior marker interval 1488 ms over surveyed spacing 320 mm, +/-13%",clears p95 field
3267.684,ordinary,,209.8,42.0,36.5,47.4,43.0,179.6,19,"prior marker interval 1406 ms over surveyed spacing 295 mm, +/-13%",clears p95 field
3268.935,ordinary,,237.9,47.6,41.4,53.8,46.4,198.9,19,"prior marker interval 1261 ms over surveyed spacing 300 mm, +/-13%",clears p95 field
3270.162,ordinary,,243.1,48.6,42.3,54.9,46.4,200.6,21,"prior marker interval 1234 ms over surveyed spacing 300 mm, +/-13%",clears p95 field
3271.391,ordinary,,247.3,49.5,43.0,55.9,50.5,210.5,24,"prior marker interval 1213 ms over surveyed spacing 300 mm, +/-13%",clears p95 field
3272.634,ordinary,,239.0,47.8,41.6,54.0,45.9,195.5,26,"prior marker interval 1255 ms over surveyed spacing 300 mm, +/-13%",clears p95 field
3273.846,ordinary,,247.9,49.6,43.1,56.0,48.1,199.6,21,"prior marker interval 1210 ms over surveyed spacing 300 mm, +/-13%",clears p95 field
3275.035,ordinary,,250.2,50.0,43.5,56.5,46.0,206.4,20,"prior marker interval 1199 ms over surveyed spacing 300 mm, +/-13%",clears p95 field
3276.253,ordinary,,246.9,49.4,43.0,55.8,47.7,202.0,21,"prior marker interval 1215 ms over surveyed spacing 300 mm, +/-13%",clears p95 field
3277.47,ordinary,,248.8,49.8,43.3,56.2,49.5,204.0,24,"prior marker interval 1206 ms over surveyed spacing 300 mm, +/-13%",clears p95 field
3278.686,ordinary,,246.5,49.3,42.9,55.7,48.3,208.1,22,"prior marker interval 1217 ms over surveyed spacing 300 mm, +/-13%",clears p95 field
3279.929,ordinary,,241.4,48.3,42.0,54.5,48.0,203.9,23,"prior marker interval 1243 ms over surveyed spacing 300 mm, +/-13%",clears p95 field
3281.176,ordinary,,241.5,48.3,42.0,54.6,48.8,206.8,23,"prior marker interval 1242 ms over surveyed spacing 300 mm, +/-13%",clears p95 field
3282.437,ordinary,,238.5,47.7,41.5,53.9,48.9,203.4,20,"prior marker interval 1258 ms over surveyed spacing 300 mm, +/-13%",clears p95 field
3283.689,ordinary,,238.3,47.7,41.5,53.9,47.4,202.5,20,"prior marker interval 1259 ms over surveyed spacing 300 mm, +/-13%",clears p95 field
3284.937,ordinary,,240.4,48.1,41.8,54.3,47.6,203.6,23,"prior marker interval 1248 ms over surveyed spacing 300 mm, +/-13%",clears p95 field
3286.172,ordinary,,241.0,48.2,41.9,54.5,45.3,209.2,18,"prior marker interval 1245 ms over surveyed spacing 300 mm, +/-13%",clears p95 field
3287.437,ordinary,,238.5,47.7,41.5,53.9,47.0,197.2,19,"prior marker interval 1258 ms over surveyed spacing 300 mm, +/-13%",clears p95 field
3288.656,ordinary,,245.7,49.1,42.8,55.5,47.2,199.0,20,"prior marker interval 1221 ms over surveyed spacing 300 mm, +/-13%",clears p95 field
3289.858,ordinary,,249.4,49.9,43.4,56.4,47.9,199.5,20,"prior marker interval 1203 ms over surveyed spacing 300 mm, +/-13%",clears p95 field
3291.05,ordinary,,251.7,50.3,43.8,56.9,48.3,200.3,20,"prior marker interval 1192 ms over surveyed spacing 300 mm, +/-13%",clears p95 field
3292.236,ordinary,,252.7,50.5,44.0,57.1,48.0,186.5,25,"prior marker interval 1187 ms over surveyed spacing 300 mm, +/-13%",clears p95 field
3293.354,ordinary,,266.0,53.2,46.3,60.1,47.9,184.8,24,"prior marker interval 1128 ms over surveyed spacing 300 mm, +/-13%",clears p95 field
3294.426,ordinary,,278.8,55.8,48.5,63.0,49.3,194.6,13,"prior marker interval 1076 ms over surveyed spacing 300 mm, +/-13%",clears p95 field
3295.519,ordinary,,279.3,55.9,48.6,63.1,54.5,276.3,15,"prior marker interval 1074 ms over surveyed spacing 300 mm, +/-13%",clears p95 field
3296.928,ordinary,,223.8,44.8,38.9,50.6,49.2,222.9,22,"prior marker interval 1385 ms over surveyed spacing 310 mm, +/-13%",clears p95 field
3298.31,ordinary,,222.5,44.5,38.7,50.3,41.4,196.9,16,"prior marker interval 1416 ms over surveyed spacing 315 mm, +/-13%",clears p95 field
3299.591,ordinary,,251.8,50.4,43.8,56.9,49.3,222.3,21,"prior marker interval 1271 ms over surveyed spacing 320 mm, +/-13%",clears p95 field
3300.881,ordinary,,258.4,51.7,45.0,58.4,53.5,221.7,22,"prior marker interval 1277 ms over surveyed spacing 330 mm, +/-13%",clears p95 field
3302.131,ordinary,,249.0,49.8,43.3,56.3,47.8,203.7,20,"prior marker interval 1265 ms over surveyed spacing 315 mm, +/-13%",clears p95 field
3303.338,ordinary,,247.5,49.5,43.1,55.9,46.8,189.6,18,"prior marker interval 1212 ms over surveyed spacing 300 mm, +/-13%",clears p95 field
3304.493,ordinary,,259.7,51.9,45.2,58.7,49.1,190.1,13,"prior marker interval 1155 ms over surveyed spacing 300 mm, +/-13%",clears p95 field
3305.61,ordinary,,267.6,53.5,46.6,60.5,49.5,176.9,19,"prior marker interval 1121 ms over surveyed spacing 300 mm, +/-13%",clears p95 field
3306.648,ordinary,,286.3,57.3,49.8,64.7,50.7,175.8,18,"prior marker interval 1048 ms over surveyed spacing 300 mm, +/-13%",clears p95 field
3307.643,ordinary,,303.6,60.7,52.8,68.6,55.0,207.1,19,"prior marker interval 988 ms over surveyed spacing 300 mm, +/-13%",clears p95 field
3308.71,ordinary,,277.8,55.6,48.3,62.8,51.4,204.7,20,"prior marker interval 1062 ms over surveyed spacing 295 mm, +/-13%",clears p95 field
3309.857,ordinary,,266.9,53.4,46.4,60.3,56.0,266.4,20,"prior marker interval 1124 ms over surveyed spacing 300 mm, +/-13%",clears p95 field
3311.275,ordinary,,212.6,42.5,37.0,48.1,46.8,,17,"prior marker interval 1411 ms over surveyed spacing 300 mm, +/-13%",CLEARANCE NOT ESTABLISHED
