2026-09-30T15:01:18.080	ngr/loco/9950011/state/throttle	90
2026-09-30T15:01:18.082	ngr/loco/9950011/state/direction	2
2026-09-30T15:01:18.082	ngr/loco/9950011/state/auto	1
2026-09-30T15:01:18.082	ngr/loco/9950011/state/estop	0
2026-09-30T15:01:18.083	ngr/loco/9950011/state/nav_ready	1
2026-09-30T15:01:18.844	ngr/loco/9950011/state/lowvolt	0
2026-09-30T15:01:18.846	ngr/loco/9950011/telem/voltage	16.38
2026-09-30T15:01:18.847	ngr/loco/9950011/telem/current	0.26
2026-09-30T15:01:18.852	ngr/loco/9950011/telem/power	4.40
2026-09-30T15:01:19.023	ngr/loco/9950011/state/loopstat	{"build":"NAVI_EYES_WIDE_OPEN_INTEGRATED_R2","mm":3,"target":2,"dir":-1,"target_distance_mm":330,"target_polarity":-1,"position_reliable":1,"reference_ready":1,"reference":1898,"median5":0,"hall_support":0,"spatial_phase":2,"ir_applicable":1,"ir_distance_state":"HALL_IR_READY","ir_health_fault":6,"ir_readiness":3,"ir_boot":"761B38FCC6F727BE","ir_epoch":1,"ir_epoch_active":1,"ir_seq":12781,"ir_pulses":6737,"ir_reason":1,"ir_age_ms":16,"ir_span":47,"ir_gap":1,"ir_sat":0,"ir_abort":604,"ir_inferred_added":0,"ir_inferred_removed":0,"ir_calibration":0,"hall_seen":6424439,"ir_seen":12702,"hall_q_drop":0,"ir_q_drop":0,"ir_invalid":13248,"nsr_hall_drop":1,"nsr_ir_drop":0,"nsr_navi_drop":0,"nsr_native_drop":168,"event_drop":0,"pwm0_ir_motion":0,"confirmed":61,"missed":152,"pwm":90,"auto":1,"running":1,"estop":0,"lowvolt":0,"ir_stationary_pwm_warning":1,"pub_drop":0}
2026-09-30T15:01:19.027	ngr/loco/9950011/state/trace	{"consumption_drop":334,"action_drop":0,"command_queue_drop":0,"lossless":false}
2026-09-30T15:01:19.027	ngr/loco/9950011/state/nav	{"state":"NORMAL","mm":3,"target":2,"dir":-1,"session_dir":"CCW","position_reliable":1,"ir_distance_state":"HALL_IR_READY","reference_ready":1,"boot_reference":"PROVISIONAL_OR_SPATIAL","authority":"NAVI_EWO"}
2026-09-30T15:01:19.027	ngr/loco/9950011/telem/ir	{"ir_valid":1,"ir_mmps":0.000,"ir_coupled":0,"ir_speed_reason":"STOPPED","ir_applicable":1,"ir_reason":1,"ir_seq":12781,"ir_pulses":6737,"ir_gap":1,"ir_sat":0,"ir_abort":604,"authority":"NAVI_EWO"}
2026-09-30T15:01:19.028	ngr/loco/9950011/telem/speed	{"ir_valid":1,"ir_mmps":0.000,"ir_coupled":0,"ir_speed_reason":"STOPPED","ir_applicable":1,"ir_reason":1,"ir_seq":12781,"ir_pulses":6737,"ir_gap":1,"ir_sat":0,"ir_abort":604,"authority":"NAVI_EWO"}
2026-09-30T15:01:19.028	ngr/loco/9950011/diag/ir_link	{"radio_ready":1,"seen":25950,"source_mac":"38:18:2B:30:8C:2C","paired_mac":"38:18:2B:30:8C:2C","paired_for_display_only":1,"coupled":0,"invalid_wire":13248,"queue_drop":0}
2026-09-30T15:01:19.028	ngr/loco/9950011/state/throttle	90
2026-09-30T15:01:19.030	ngr/loco/9950011/state/direction	2
2026-09-30T15:01:19.031	ngr/loco/9950011/state/auto	1
2026-09-30T15:01:19.031	ngr/loco/9950011/state/estop	0
2026-09-30T15:01:19.031	ngr/loco/9950011/state/nav_ready	1
2026-09-30T15:01:20.020	ngr/loco/9950011/state/loopstat	{"build":"NAVI_EYES_WIDE_OPEN_INTEGRATED_R2","mm":3,"target":2,"dir":-1,"target_distance_mm":330,"target_polarity":-1,"position_reliable":1,"reference_ready":1,"reference":1898,"median5":0,"hall_support":0,"spatial_phase":2,"ir_applicable":1,"ir_distance_state":"HALL_IR_READY","ir_health_fault":6,"ir_readiness":3,"ir_boot":"761B38FCC6F727BE","ir_epoch":1,"ir_epoch_active":1,"ir_seq":12791,"ir_pulses":6737,"ir_reason":1,"ir_age_ms":16,"ir_span":31,"ir_gap":1,"ir_sat":0,"ir_abort":604,"ir_inferred_added":0,"ir_inferred_removed":0,"ir_calibration":0,"hall_seen":6429439,"ir_seen":12712,"hall_q_drop":0,"ir_q_drop":0,"ir_invalid":13258,"nsr_hall_drop":1,"nsr_ir_drop":0,"nsr_navi_drop":0,"nsr_native_drop":168,"event_drop":0,"pwm0_ir_motion":0,"confirmed":61,"missed":152,"pwm":90,"auto":1,"running":1,"estop":0,"lowvolt":0,"ir_stationary_pwm_warning":1,"pub_drop":0}
2026-09-30T15:01:20.022	ngr/loco/9950011/state/trace	{"consumption_drop":334,"action_drop":0,"command_queue_drop":0,"lossless":false}
2026-09-30T15:01:20.024	ngr/loco/9950011/state/nav	{"state":"NORMAL","mm":3,"target":2,"dir":-1,"session_dir":"CCW","position_reliable":1,"ir_distance_state":"HALL_IR_READY","reference_ready":1,"boot_reference":"PROVISIONAL_OR_SPATIAL","authority":"NAVI_EWO"}
2026-09-30T15:01:20.024	ngr/loco/9950011/telem/ir	{"ir_valid":1,"ir_mmps":0.000,"ir_coupled":0,"ir_speed_reason":"STOPPED","ir_applicable":1,"ir_reason":1,"ir_seq":12791,"ir_pulses":6737,"ir_gap":1,"ir_sat":0,"ir_abort":604,"authority":"NAVI_EWO"}
2026-09-30T15:01:20.025	ngr/loco/9950011/telem/speed	{"ir_valid":1,"ir_mmps":0.000,"ir_coupled":0,"ir_speed_reason":"STOPPED","ir_applicable":1,"ir_reason":1,"ir_seq":12791,"ir_pulses":6737,"ir_gap":1,"ir_sat":0,"ir_abort":604,"authority":"NAVI_EWO"}
2026-09-30T15:01:20.026	ngr/loco/9950011/diag/ir_link	{"radio_ready":1,"seen":25970,"source_mac":"38:18:2B:30:8C:2C","paired_mac":"38:18:2B:30:8C:2C","paired_for_display_only":1,"coupled":0,"invalid_wire":13258,"queue_drop":0}
2026-09-30T15:01:20.027	ngr/loco/9950011/state/throttle	90
2026-09-30T15:01:20.027	ngr/loco/9950011/state/direction	2
2026-09-30T15:01:20.033	ngr/loco/9950011/state/auto	1
2026-09-30T15:01:20.033	ngr/loco/9950011/state/estop	0
2026-09-30T15:01:20.033	ngr/loco/9950011/state/nav_ready	1
2026-09-30T15:01:21.027	ngr/loco/9950011/state/loopstat	{"build":"NAVI_EYES_WIDE_OPEN_INTEGRATED_R2","mm":3,"target":2,"dir":-1,"target_distance_mm":330,"target_polarity":-1,"position_reliable":1,"reference_ready":1,"reference":1898,"median5":0,"hall_support":0,"spatial_phase":2,"ir_applicable":1,"ir_distance_state":"HALL_IR_READY","ir_health_fault":6,"ir_readiness":3,"ir_boot":"761B38FCC6F727BE","ir_epoch":1,"ir_epoch_active":1,"ir_seq":12801,"ir_pulses":6737,"ir_reason":1,"ir_age_ms":21,"ir_span":47,"ir_gap":1,"ir_sat":0,"ir_abort":604,"ir_inferred_added":0,"ir_inferred_removed":0,"ir_calibration":0,"hall_seen":6434439,"ir_seen":12722,"hall_q_drop":0,"ir_q_drop":0,"ir_invalid":13269,"nsr_hall_drop":1,"nsr_ir_drop":0,"nsr_navi_drop":0,"nsr_native_drop":168,"event_drop":0,"pwm0_ir_motion":0,"confirmed":61,"missed":152,"pwm":90,"auto":1,"running":1,"estop":0,"lowvolt":0,"ir_stationary_pwm_warning":1,"pub_drop":0}
2026-09-30T15:01:21.039	ngr/loco/9950011/state/trace	{"consumption_drop":334,"action_drop":0,"command_queue_drop":0,"lossless":false}
2026-09-30T15:01:21.039	ngr/loco/9950011/state/nav	{"state":"NORMAL","mm":3,"target":2,"dir":-1,"session_dir":"CCW","position_reliable":1,"ir_distance_state":"HALL_IR_READY","reference_ready":1,"boot_reference":"PROVISIONAL_OR_SPATIAL","authority":"NAVI_EWO"}
2026-09-30T15:01:21.039	ngr/loco/9950011/telem/ir	{"ir_valid":1,"ir_mmps":0.000,"ir_coupled":0,"ir_speed_reason":"STOPPED","ir_applicable":1,"ir_reason":1,"ir_seq":12801,"ir_pulses":6737,"ir_gap":1,"ir_sat":0,"ir_abort":604,"authority":"NAVI_EWO"}
2026-09-30T15:01:21.039	ngr/loco/9950011/telem/speed	{"ir_valid":1,"ir_mmps":0.000,"ir_coupled":0,"ir_speed_reason":"STOPPED","ir_applicable":1,"ir_reason":1,"ir_seq":12801,"ir_pulses":6737,"ir_gap":1,"ir_sat":0,"ir_abort":604,"authority":"NAVI_EWO"}
2026-09-30T15:01:21.040	ngr/loco/9950011/diag/ir_link	{"radio_ready":1,"seen":25991,"source_mac":"38:18:2B:30:8C:2C","paired_mac":"38:18:2B:30:8C:2C","paired_for_display_only":1,"coupled":0,"invalid_wire":13269,"queue_drop":0}
2026-09-30T15:01:21.040	ngr/loco/9950011/state/throttle	90
2026-09-30T15:01:21.040	ngr/loco/9950011/state/direction	2
2026-09-30T15:01:21.040	ngr/loco/9950011/state/auto	1
2026-09-30T15:01:21.040	ngr/loco/9950011/state/estop	0
2026-09-30T15:01:21.040	ngr/loco/9950011/state/nav_ready	1
2026-09-30T15:01:21.793	ngr/loco/9950011/state/connectivity	{"wifi":1,"ip":"192.168.68.72","rssi":-58,"mqtt":1,"mqtt_state":0,"broker":"192.168.68.142","ir_radio":1,"ir_seen":26006,"ir_coupled":0,"navi_sync":1,"udp_failures":183}
2026-09-30T15:01:22.028	ngr/loco/9950011/state/loopstat	{"build":"NAVI_EYES_WIDE_OPEN_INTEGRATED_R2","mm":3,"target":2,"dir":-1,"target_distance_mm":330,"target_polarity":-1,"position_reliable":1,"reference_ready":1,"reference":1898,"median5":0,"hall_support":0,"spatial_phase":2,"ir_applicable":1,"ir_distance_state":"HALL_IR_READY","ir_health_fault":6,"ir_readiness":3,"ir_boot":"761B38FCC6F727BE","ir_epoch":1,"ir_epoch_active":1,"ir_seq":12811,"ir_pulses":6737,"ir_reason":1,"ir_age_ms":18,"ir_span":95,"ir_gap":1,"ir_sat":0,"ir_abort":605,"ir_inferred_added":0,"ir_inferred_removed":0,"ir_calibration":0,"hall_seen":6439435,"ir_seen":12732,"hall_q_drop":0,"ir_q_drop":0,"ir_invalid":13279,"nsr_hall_drop":1,"nsr_ir_drop":0,"nsr_navi_drop":0,"nsr_native_drop":168,"event_drop":0,"pwm0_ir_motion":0,"confirmed":61,"missed":152,"pwm":90,"auto":1,"running":1,"estop":0,"lowvolt":0,"ir_stationary_pwm_warning":1,"pub_drop":0}
2026-09-30T15:01:22.030	ngr/loco/9950011/state/trace	{"consumption_drop":334,"action_drop":0,"command_queue_drop":0,"lossless":false}
2026-09-30T15:01:22.030	ngr/loco/9950011/state/nav	{"state":"NORMAL","mm":3,"target":2,"dir":-1,"session_dir":"CCW","position_reliable":1,"ir_distance_state":"HALL_IR_READY","reference_ready":1,"boot_reference":"PROVISIONAL_OR_SPATIAL","authority":"NAVI_EWO"}
2026-09-30T15:01:22.031	ngr/loco/9950011/telem/ir	{"ir_valid":1,"ir_mmps":0.000,"ir_coupled":0,"ir_speed_reason":"STOPPED","ir_applicable":1,"ir_reason":1,"ir_seq":12811,"ir_pulses":6737,"ir_gap":1,"ir_sat":0,"ir_abort":605,"authority":"NAVI_EWO"}
2026-09-30T15:01:22.031	ngr/loco/9950011/telem/speed	{"ir_valid":1,"ir_mmps":0.000,"ir_coupled":0,"ir_speed_reason":"STOPPED","ir_applicable":1,"ir_reason":1,"ir_seq":12811,"ir_pulses":6737,"ir_gap":1,"ir_sat":0,"ir_abort":605,"authority":"NAVI_EWO"}
2026-09-30T15:01:22.031	ngr/loco/9950011/diag/ir_link	{"radio_ready":1,"seen":26011,"source_mac":"38:18:2B:30:8C:2C","paired_mac":"38:18:2B:30:8C:2C","paired_for_display_only":1,"coupled":0,"invalid_wire":13279,"queue_drop":0}
2026-09-30T15:01:22.032	ngr/loco/9950011/state/throttle	90
2026-09-30T15:01:22.032	ngr/loco/9950011/state/direction	2
2026-09-30T15:01:22.032	ngr/loco/9950011/state/auto	1
2026-09-30T15:01:22.033	ngr/loco/9950011/state/estop	0
2026-09-30T15:01:22.033	ngr/loco/9950011/state/nav_ready	1
2026-09-30T15:01:23.022	ngr/loco/9950011/state/loopstat	{"build":"NAVI_EYES_WIDE_OPEN_INTEGRATED_R2","mm":3,"target":2,"dir":-1,"target_distance_mm":330,"target_polarity":-1,"position_reliable":1,"reference_ready":1,"reference":1898,"median5":0,"hall_support":0,"spatial_phase":2,"ir_applicable":1,"ir_distance_state":"HALL_IR_READY","ir_health_fault":6,"ir_readiness":3,"ir_boot":"761B38FCC6F727BE","ir_epoch":1,"ir_epoch_active":1,"ir_seq":12821,"ir_pulses":6737,"ir_reason":1,"ir_age_ms":5,"ir_span":63,"ir_gap":1,"ir_sat":0,"ir_abort":605,"ir_inferred_added":0,"ir_inferred_removed":0,"ir_calibration":0,"hall_seen":6444440,"ir_seen":12742,"hall_q_drop":0,"ir_q_drop":0,"ir_invalid":13290,"nsr_hall_drop":1,"nsr_ir_drop":0,"nsr_navi_drop":0,"nsr_native_drop":168,"event_drop":0,"pwm0_ir_motion":0,"confirmed":61,"missed":152,"pwm":90,"auto":1,"running":1,"estop":0,"lowvolt":0,"ir_stationary_pwm_warning":1,"pub_drop":0}
2026-09-30T15:01:23.024	ngr/loco/9950011/state/trace	{"consumption_drop":334,"action_drop":0,"command_queue_drop":0,"lossless":false}
2026-09-30T15:01:23.024	ngr/loco/9950011/state/nav	{"state":"NORMAL","mm":3,"target":2,"dir":-1,"session_dir":"CCW","position_reliable":1,"ir_distance_state":"HALL_IR_READY","reference_ready":1,"boot_reference":"PROVISIONAL_OR_SPATIAL","authority":"NAVI_EWO"}
2026-09-30T15:01:23.025	ngr/loco/9950011/telem/ir	{"ir_valid":1,"ir_mmps":0.000,"ir_coupled":0,"ir_speed_reason":"STOPPED","ir_applicable":1,"ir_reason":1,"ir_seq":12821,"ir_pulses":6737,"ir_gap":1,"ir_sat":0,"ir_abort":605,"authority":"NAVI_EWO"}
2026-09-30T15:01:23.025	ngr/loco/9950011/telem/speed	{"ir_valid":1,"ir_mmps":0.000,"ir_coupled":0,"ir_speed_reason":"STOPPED","ir_applicable":1,"ir_reason":1,"ir_seq":12821,"ir_pulses":6737,"ir_gap":1,"ir_sat":0,"ir_abort":605,"authority":"NAVI_EWO"}
2026-09-30T15:01:23.025	ngr/loco/9950011/diag/ir_link	{"radio_ready":1,"seen":26032,"source_mac":"38:18:2B:30:8C:2C","paired_mac":"38:18:2B:30:8C:2C","paired_for_display_only":1,"coupled":0,"invalid_wire":13290,"queue_drop":0}
2026-09-30T15:01:23.026	ngr/loco/9950011/state/throttle	90
2026-09-30T15:01:23.027	ngr/loco/9950011/state/direction	2
2026-09-30T15:01:23.027	ngr/loco/9950011/state/auto	1
2026-09-30T15:01:23.028	ngr/loco/9950011/state/estop	0
2026-09-30T15:01:23.029	ngr/loco/9950011/state/nav_ready	1
2026-09-30T15:01:23.852	ngr/loco/9950011/state/lowvolt	0
2026-09-30T15:01:23.855	ngr/loco/9950011/telem/voltage	16.40
2026-09-30T15:01:23.855	ngr/loco/9950011/telem/current	0.25
2026-09-30T15:01:23.858	ngr/loco/9950011/telem/power	4.97
2026-09-30T15:01:24.034	ngr/loco/9950011/state/loopstat	{"build":"NAVI_EYES_WIDE_OPEN_INTEGRATED_R2","mm":3,"target":2,"dir":-1,"target_distance_mm":330,"target_polarity":-1,"position_reliable":1,"reference_ready":1,"reference":1898,"median5":0,"hall_support":0,"spatial_phase":2,"ir_applicable":1,"ir_distance_state":"HALL_IR_READY","ir_health_fault":6,"ir_readiness":3,"ir_boot":"761B38FCC6F727BE","ir_epoch":1,"ir_epoch_active":1,"ir_seq":12831,"ir_pulses":6737,"ir_reason":1,"ir_age_ms":0,"ir_span":47,"ir_gap":1,"ir_sat":0,"ir_abort":605,"ir_inferred_added":0,"ir_inferred_removed":0,"ir_calibration":0,"hall_seen":6449435,"ir_seen":12752,"hall_q_drop":0,"ir_q_drop":0,"ir_invalid":13300,"nsr_hall_drop":1,"nsr_ir_drop":0,"nsr_navi_drop":0,"nsr_native_drop":168,"event_drop":0,"pwm0_ir_motion":0,"confirmed":61,"missed":152,"pwm":90,"auto":1,"running":1,"estop":0,"lowvolt":0,"ir_stationary_pwm_warning":1,"pub_drop":0}
2026-09-30T15:01:24.036	ngr/loco/9950011/state/trace	{"consumption_drop":334,"action_drop":0,"command_queue_drop":0,"lossless":false}
2026-09-30T15:01:24.037	ngr/loco/9950011/state/nav	{"state":"NORMAL","mm":3,"target":2,"dir":-1,"session_dir":"CCW","position_reliable":1,"ir_distance_state":"HALL_IR_READY","reference_ready":1,"boot_reference":"PROVISIONAL_OR_SPATIAL","authority":"NAVI_EWO"}
2026-09-30T15:01:24.037	ngr/loco/9950011/telem/ir	{"ir_valid":1,"ir_mmps":0.000,"ir_coupled":0,"ir_speed_reason":"STOPPED","ir_applicable":1,"ir_reason":1,"ir_seq":12831,"ir_pulses":6737,"ir_gap":1,"ir_sat":0,"ir_abort":605,"authority":"NAVI_EWO"}
2026-09-30T15:01:24.037	ngr/loco/9950011/telem/speed	{"ir_valid":1,"ir_mmps":0.000,"ir_coupled":0,"ir_speed_reason":"STOPPED","ir_applicable":1,"ir_reason":1,"ir_seq":12831,"ir_pulses":6737,"ir_gap":1,"ir_sat":0,"ir_abort":605,"authority":"NAVI_EWO"}
2026-09-30T15:01:24.037	ngr/loco/9950011/diag/ir_link	{"radio_ready":1,"seen":26052,"source_mac":"38:18:2B:30:8C:2C","paired_mac":"38:18:2B:30:8C:2C","paired_for_display_only":1,"coupled":0,"invalid_wire":13300,"queue_drop":0}
2026-09-30T15:01:24.037	ngr/loco/9950011/state/throttle	90
2026-09-30T15:01:24.038	ngr/loco/9950011/state/direction	2
2026-09-30T15:01:24.038	ngr/loco/9950011/state/auto	1
2026-09-30T15:01:24.038	ngr/loco/9950011/state/estop	0
2026-09-30T15:01:24.038	ngr/loco/9950011/state/nav_ready	1
2026-09-30T15:01:25.039	ngr/loco/9950011/state/loopstat	{"build":"NAVI_EYES_WIDE_OPEN_INTEGRATED_R2","mm":3,"target":2,"dir":-1,"target_distance_mm":330,"target_polarity":-1,"position_reliable":1,"reference_ready":1,"reference":1898,"median5":0,"hall_support":0,"spatial_phase":2,"ir_applicable":1,"ir_distance_state":"HALL_IR_READY","ir_health_fault":6,"ir_readiness":3,"ir_boot":"761B38FCC6F727BE","ir_epoch":1,"ir_epoch_active":1,"ir_seq":12841,"ir_pulses":6737,"ir_reason":1,"ir_age_ms":3,"ir_span":111,"ir_gap":1,"ir_sat":0,"ir_abort":605,"ir_inferred_added":0,"ir_inferred_removed":0,"ir_calibration":0,"hall_seen":6454440,"ir_seen":12762,"hall_q_drop":0,"ir_q_drop":0,"ir_invalid":13310,"nsr_hall_drop":1,"nsr_ir_drop":0,"nsr_navi_drop":0,"nsr_native_drop":168,"event_drop":0,"pwm0_ir_motion":0,"confirmed":61,"missed":152,"pwm":90,"auto":1,"running":1,"estop":0,"lowvolt":0,"ir_stationary_pwm_warning":1,"pub_drop":0}
2026-09-30T15:01:25.041	ngr/loco/9950011/state/trace	{"consumption_drop":334,"action_drop":0,"command_queue_drop":0,"lossless":false}
2026-09-30T15:01:25.042	ngr/loco/9950011/state/nav	{"state":"NORMAL","mm":3,"target":2,"dir":-1,"session_dir":"CCW","position_reliable":1,"ir_distance_state":"HALL_IR_READY","reference_ready":1,"boot_reference":"PROVISIONAL_OR_SPATIAL","authority":"NAVI_EWO"}
2026-09-30T15:01:25.043	ngr/loco/9950011/telem/ir	{"ir_valid":1,"ir_mmps":0.000,"ir_coupled":0,"ir_speed_reason":"STOPPED","ir_applicable":1,"ir_reason":1,"ir_seq":12841,"ir_pulses":6737,"ir_gap":1,"ir_sat":0,"ir_abort":605,"authority":"NAVI_EWO"}
2026-09-30T15:01:25.043	ngr/loco/9950011/telem/speed	{"ir_valid":1,"ir_mmps":0.000,"ir_coupled":0,"ir_speed_reason":"STOPPED","ir_applicable":1,"ir_reason":1,"ir_seq":12841,"ir_pulses":6737,"ir_gap":1,"ir_sat":0,"ir_abort":605,"authority":"NAVI_EWO"}
2026-09-30T15:01:25.043	ngr/loco/9950011/diag/ir_link	{"radio_ready":1,"seen":26072,"source_mac":"38:18:2B:30:8C:2C","paired_mac":"38:18:2B:30:8C:2C","paired_for_display_only":1,"coupled":0,"invalid_wire":13310,"queue_drop":0}
2026-09-30T15:01:25.044	ngr/loco/9950011/state/throttle	90
2026-09-30T15:01:25.044	ngr/loco/9950011/state/direction	2
2026-09-30T15:01:25.045	ngr/loco/9950011/state/auto	1
2026-09-30T15:01:25.045	ngr/loco/9950011/state/estop	0
2026-09-30T15:01:25.045	ngr/loco/9950011/state/nav_ready	1
2026-09-30T15:01:26.030	ngr/loco/9950011/state/loopstat	{"build":"NAVI_EYES_WIDE_OPEN_INTEGRATED_R2","mm":3,"target":2,"dir":-1,"target_distance_mm":330,"target_polarity":-1,"position_reliable":1,"reference_ready":1,"reference":1898,"median5":0,"hall_support":0,"spatial_phase":2,"ir_applicable":1,"ir_distance_state":"HALL_IR_READY","ir_health_fault":6,"ir_readiness":3,"ir_boot":"761B38FCC6F727BE","ir_epoch":1,"ir_epoch_active":1,"ir_seq":12851,"ir_pulses":6737,"ir_reason":1,"ir_age_ms":6,"ir_span":79,"ir_gap":1,"ir_sat":0,"ir_abort":605,"ir_inferred_added":0,"ir_inferred_removed":0,"ir_calibration":0,"hall_seen":6459439,"ir_seen":12772,"hall_q_drop":0,"ir_q_drop":0,"ir_invalid":13321,"nsr_hall_drop":1,"nsr_ir_drop":0,"nsr_navi_drop":0,"nsr_native_drop":168,"event_drop":0,"pwm0_ir_motion":0,"confirmed":61,"missed":152,"pwm":90,"auto":1,"running":1,"estop":0,"lowvolt":0,"ir_stationary_pwm_warning":1,"pub_drop":0}
2026-09-30T15:01:26.035	ngr/loco/9950011/state/trace	{"consumption_drop":334,"action_drop":0,"command_queue_drop":0,"lossless":false}
2026-09-30T15:01:26.035	ngr/loco/9950011/state/nav	{"state":"NORMAL","mm":3,"target":2,"dir":-1,"session_dir":"CCW","position_reliable":1,"ir_distance_state":"HALL_IR_READY","reference_ready":1,"boot_reference":"PROVISIONAL_OR_SPATIAL","authority":"NAVI_EWO"}
2026-09-30T15:01:26.036	ngr/loco/9950011/telem/ir	{"ir_valid":1,"ir_mmps":0.000,"ir_coupled":0,"ir_speed_reason":"STOPPED","ir_applicable":1,"ir_reason":1,"ir_seq":12851,"ir_pulses":6737,"ir_gap":1,"ir_sat":0,"ir_abort":605,"authority":"NAVI_EWO"}
2026-09-30T15:01:26.037	ngr/loco/9950011/telem/speed	{"ir_valid":1,"ir_mmps":0.000,"ir_coupled":0,"ir_speed_reason":"STOPPED","ir_applicable":1,"ir_reason":1,"ir_seq":12851,"ir_pulses":6737,"ir_gap":1,"ir_sat":0,"ir_abort":605,"authority":"NAVI_EWO"}
2026-09-30T15:01:26.037	ngr/loco/9950011/diag/ir_link	{"radio_ready":1,"seen":26093,"source_mac":"38:18:2B:30:8C:2C","paired_mac":"38:18:2B:30:8C:2C","paired_for_display_only":1,"coupled":0,"invalid_wire":13321,"queue_drop":0}
2026-09-30T15:01:26.038	ngr/loco/9950011/state/throttle	90
2026-09-30T15:01:26.038	ngr/loco/9950011/state/direction	2
2026-09-30T15:01:26.038	ngr/loco/9950011/state/auto	1
2026-09-30T15:01:26.039	ngr/loco/9950011/state/estop	0
2026-09-30T15:01:26.039	ngr/loco/9950011/state/nav_ready	1
2026-09-30T15:01:26.794	ngr/loco/9950011/state/connectivity	{"wifi":1,"ip":"192.168.68.72","rssi":-56,"mqtt":1,"mqtt_state":0,"broker":"192.168.68.142","ir_radio":1,"ir_seen":26108,"ir_coupled":0,"navi_sync":1,"udp_failures":183}
2026-09-30T15:01:27.024	ngr/loco/9950011/state/loopstat	{"build":"NAVI_EYES_WIDE_OPEN_INTEGRATED_R2","mm":3,"target":2,"dir":-1,"target_distance_mm":330,"target_polarity":-1,"position_reliable":1,"reference_ready":1,"reference":1898,"median5":0,"hall_support":0,"spatial_phase":2,"ir_applicable":1,"ir_distance_state":"HALL_IR_READY","ir_health_fault":6,"ir_readiness":3,"ir_boot":"761B38FCC6F727BE","ir_epoch":1,"ir_epoch_active":1,"ir_seq":12861,"ir_pulses":6737,"ir_reason":1,"ir_age_ms":9,"ir_span":47,"ir_gap":1,"ir_sat":0,"ir_abort":605,"ir_inferred_added":0,"ir_inferred_removed":0,"ir_calibration":0,"hall_seen":6464440,"ir_seen":12782,"hall_q_drop":0,"ir_q_drop":0,"ir_invalid":13331,"nsr_hall_drop":1,"nsr_ir_drop":0,"nsr_navi_drop":0,"nsr_native_drop":168,"event_drop":0,"pwm0_ir_motion":0,"confirmed":61,"missed":152,"pwm":90,"auto":1,"running":1,"estop":0,"lowvolt":0,"ir_stationary_pwm_warning":1,"pub_drop":0}
2026-09-30T15:01:27.027	ngr/loco/9950011/state/trace	{"consumption_drop":334,"action_drop":0,"command_queue_drop":0,"lossless":false}
2026-09-30T15:01:27.027	ngr/loco/9950011/state/nav	{"state":"NORMAL","mm":3,"target":2,"dir":-1,"session_dir":"CCW","position_reliable":1,"ir_distance_state":"HALL_IR_READY","reference_ready":1,"boot_reference":"PROVISIONAL_OR_SPATIAL","authority":"NAVI_EWO"}
2026-09-30T15:01:27.028	ngr/loco/9950011/telem/ir	{"ir_valid":1,"ir_mmps":0.000,"ir_coupled":0,"ir_speed_reason":"STOPPED","ir_applicable":1,"ir_reason":1,"ir_seq":12861,"ir_pulses":6737,"ir_gap":1,"ir_sat":0,"ir_abort":605,"authority":"NAVI_EWO"}
2026-09-30T15:01:27.029	ngr/loco/9950011/telem/speed	{"ir_valid":1,"ir_mmps":0.000,"ir_coupled":0,"ir_speed_reason":"STOPPED","ir_applicable":1,"ir_reason":1,"ir_seq":12861,"ir_pulses":6737,"ir_gap":1,"ir_sat":0,"ir_abort":605,"authority":"NAVI_EWO"}
2026-09-30T15:01:27.029	ngr/loco/9950011/diag/ir_link	{"radio_ready":1,"seen":26113,"source_mac":"38:18:2B:30:8C:2C","paired_mac":"38:18:2B:30:8C:2C","paired_for_display_only":1,"coupled":0,"invalid_wire":13331,"queue_drop":0}
2026-09-30T15:01:27.030	ngr/loco/9950011/state/throttle	90
2026-09-30T15:01:27.030	ngr/loco/9950011/state/direction	2
2026-09-30T15:01:27.031	ngr/loco/9950011/state/auto	1
2026-09-30T15:01:27.031	ngr/loco/9950011/state/estop	0
2026-09-30T15:01:27.034	ngr/loco/9950011/state/nav_ready	1
2026-09-30T15:01:28.020	ngr/loco/9950011/state/loopstat	{"build":"NAVI_EYES_WIDE_OPEN_INTEGRATED_R2","mm":3,"target":2,"dir":-1,"target_distance_mm":330,"target_polarity":-1,"position_reliable":1,"reference_ready":1,"reference":1898,"median5":0,"hall_support":0,"spatial_phase":2,"ir_applicable":1,"ir_distance_state":"HALL_IR_READY","ir_health_fault":6,"ir_readiness":3,"ir_boot":"761B38FCC6F727BE","ir_epoch":1,"ir_epoch_active":1,"ir_seq":12871,"ir_pulses":6737,"ir_reason":1,"ir_age_ms":10,"ir_span":143,"ir_gap":1,"ir_sat":0,"ir_abort":605,"ir_inferred_added":0,"ir_inferred_removed":0,"ir_calibration":0,"hall_seen":6469436,"ir_seen":12792,"hall_q_drop":0,"ir_q_drop":0,"ir_invalid":13342,"nsr_hall_drop":1,"nsr_ir_drop":0,"nsr_navi_drop":0,"nsr_native_drop":168,"event_drop":0,"pwm0_ir_motion":0,"confirmed":61,"missed":152,"pwm":90,"auto":1,"running":1,"estop":0,"lowvolt":0,"ir_stationary_pwm_warning":1,"pub_drop":0}
2026-09-30T15:01:28.043	ngr/loco/9950011/state/trace	{"consumption_drop":334,"action_drop":0,"command_queue_drop":0,"lossless":false}
2026-09-30T15:01:28.043	ngr/loco/9950011/state/nav	{"state":"NORMAL","mm":3,"target":2,"dir":-1,"session_dir":"CCW","position_reliable":1,"ir_distance_state":"HALL_IR_READY","reference_ready":1,"boot_reference":"PROVISIONAL_OR_SPATIAL","authority":"NAVI_EWO"}
2026-09-30T15:01:28.044	ngr/loco/9950011/telem/ir	{"ir_valid":1,"ir_mmps":0.000,"ir_coupled":0,"ir_speed_reason":"STOPPED","ir_applicable":1,"ir_reason":1,"ir_seq":12871,"ir_pulses":6737,"ir_gap":1,"ir_sat":0,"ir_abort":605,"authority":"NAVI_EWO"}
2026-09-30T15:01:28.044	ngr/loco/9950011/telem/speed	{"ir_valid":1,"ir_mmps":0.000,"ir_coupled":0,"ir_speed_reason":"STOPPED","ir_applicable":1,"ir_reason":1,"ir_seq":12871,"ir_pulses":6737,"ir_gap":1,"ir_sat":0,"ir_abort":605,"authority":"NAVI_EWO"}
2026-09-30T15:01:28.045	ngr/loco/9950011/diag/ir_link	{"radio_ready":1,"seen":26134,"source_mac":"38:18:2B:30:8C:2C","paired_mac":"38:18:2B:30:8C:2C","paired_for_display_only":1,"coupled":0,"invalid_wire":13342,"queue_drop":0}
2026-09-30T15:01:28.045	ngr/loco/9950011/state/throttle	90
2026-09-30T15:01:28.046	ngr/loco/9950011/state/direction	2
2026-09-30T15:01:28.046	ngr/loco/9950011/state/auto	1
2026-09-30T15:01:28.046	ngr/loco/9950011/state/estop	0
2026-09-30T15:01:28.047	ngr/loco/9950011/state/nav_ready	1
2026-09-30T15:01:28.851	ngr/loco/9950011/state/lowvolt	0
2026-09-30T15:01:28.901	ngr/loco/9950011/telem/voltage	16.37
2026-09-30T15:01:28.901	ngr/loco/9950011/telem/current	0.32
2026-09-30T15:01:28.901	ngr/loco/9950011/telem/power	5.34
2026-09-30T15:01:29.024	ngr/loco/9950011/state/loopstat	{"build":"NAVI_EYES_WIDE_OPEN_INTEGRATED_R2","mm":3,"target":2,"dir":-1,"target_distance_mm":330,"target_polarity":-1,"position_reliable":1,"reference_ready":1,"reference":1898,"median5":0,"hall_support":0,"spatial_phase":2,"ir_applicable":1,"ir_distance_state":"HALL_IR_READY","ir_health_fault":6,"ir_readiness":3,"ir_boot":"761B38FCC6F727BE","ir_epoch":1,"ir_epoch_active":1,"ir_seq":12881,"ir_pulses":6737,"ir_reason":1,"ir_age_ms":12,"ir_span":47,"ir_gap":1,"ir_sat":0,"ir_abort":606,"ir_inferred_added":0,"ir_inferred_removed":0,"ir_calibration":0,"hall_seen":6474440,"ir_seen":12802,"hall_q_drop":0,"ir_q_drop":0,"ir_invalid":13352,"nsr_hall_drop":1,"nsr_ir_drop":0,"nsr_navi_drop":0,"nsr_native_drop":168,"event_drop":0,"pwm0_ir_motion":0,"confirmed":61,"missed":152,"pwm":90,"auto":1,"running":1,"estop":0,"lowvolt":0,"ir_stationary_pwm_warning":1,"pub_drop":0}
2026-09-30T15:01:29.026	ngr/loco/9950011/state/trace	{"consumption_drop":334,"action_drop":0,"command_queue_drop":0,"lossless":false}
2026-09-30T15:01:29.027	ngr/loco/9950011/state/nav	{"state":"NORMAL","mm":3,"target":2,"dir":-1,"session_dir":"CCW","position_reliable":1,"ir_distance_state":"HALL_IR_READY","reference_ready":1,"boot_reference":"PROVISIONAL_OR_SPATIAL","authority":"NAVI_EWO"}
2026-09-30T15:01:29.027	ngr/loco/9950011/telem/ir	{"ir_valid":1,"ir_mmps":0.000,"ir_coupled":0,"ir_speed_reason":"STOPPED","ir_applicable":1,"ir_reason":1,"ir_seq":12881,"ir_pulses":6737,"ir_gap":1,"ir_sat":0,"ir_abort":606,"authority":"NAVI_EWO"}
2026-09-30T15:01:29.027	ngr/loco/9950011/telem/speed	{"ir_valid":1,"ir_mmps":0.000,"ir_coupled":0,"ir_speed_reason":"STOPPED","ir_applicable":1,"ir_reason":1,"ir_seq":12881,"ir_pulses":6737,"ir_gap":1,"ir_sat":0,"ir_abort":606,"authority":"NAVI_EWO"}
2026-09-30T15:01:29.030	ngr/loco/9950011/diag/ir_link	{"radio_ready":1,"seen":26154,"source_mac":"38:18:2B:30:8C:2C","paired_mac":"38:18:2B:30:8C:2C","paired_for_display_only":1,"coupled":0,"invalid_wire":13352,"queue_drop":0}
2026-09-30T15:01:29.030	ngr/loco/9950011/state/throttle	90
2026-09-30T15:01:29.030	ngr/loco/9950011/state/direction	2
2026-09-30T15:01:29.033	ngr/loco/9950011/state/auto	1
2026-09-30T15:01:29.033	ngr/loco/9950011/state/estop	0
2026-09-30T15:01:29.033	ngr/loco/9950011/state/nav_ready	1
2026-09-30T15:01:30.047	ngr/loco/9950011/state/loopstat	{"build":"NAVI_EYES_WIDE_OPEN_INTEGRATED_R2","mm":3,"target":2,"dir":-1,"target_distance_mm":330,"target_polarity":-1,"position_reliable":1,"reference_ready":1,"reference":1898,"median5":0,"hall_support":0,"spatial_phase":2,"ir_applicable":1,"ir_distance_state":"HALL_IR_READY","ir_health_fault":6,"ir_readiness":3,"ir_boot":"761B38FCC6F727BE","ir_epoch":1,"ir_epoch_active":1,"ir_seq":12891,"ir_pulses":6737,"ir_reason":1,"ir_age_ms":13,"ir_span":95,"ir_gap":1,"ir_sat":0,"ir_abort":606,"ir_inferred_added":0,"ir_inferred_removed":0,"ir_calibration":0,"hall_seen":6479439,"ir_seen":12812,"hall_q_drop":0,"ir_q_drop":0,"ir_invalid":13362,"nsr_hall_drop":1,"nsr_ir_drop":0,"nsr_navi_drop":0,"nsr_native_drop":168,"event_drop":0,"pwm0_ir_motion":0,"confirmed":61,"missed":152,"pwm":90,"auto":1,"running":1,"estop":0,"lowvolt":0,"ir_stationary_pwm_warning":1,"pub_drop":0}
2026-09-30T15:01:30.050	ngr/loco/9950011/state/trace	{"consumption_drop":334,"action_drop":0,"command_queue_drop":0,"lossless":false}
2026-09-30T15:01:30.050	ngr/loco/9950011/state/nav	{"state":"NORMAL","mm":3,"target":2,"dir":-1,"session_dir":"CCW","position_reliable":1,"ir_distance_state":"HALL_IR_READY","reference_ready":1,"boot_reference":"PROVISIONAL_OR_SPATIAL","authority":"NAVI_EWO"}
2026-09-30T15:01:30.051	ngr/loco/9950011/telem/ir	{"ir_valid":1,"ir_mmps":0.000,"ir_coupled":0,"ir_speed_reason":"STOPPED","ir_applicable":1,"ir_reason":1,"ir_seq":12891,"ir_pulses":6737,"ir_gap":1,"ir_sat":0,"ir_abort":606,"authority":"NAVI_EWO"}
2026-09-30T15:01:30.051	ngr/loco/9950011/telem/speed	{"ir_valid":1,"ir_mmps":0.000,"ir_coupled":0,"ir_speed_reason":"STOPPED","ir_applicable":1,"ir_reason":1,"ir_seq":12891,"ir_pulses":6737,"ir_gap":1,"ir_sat":0,"ir_abort":606,"authority":"NAVI_EWO"}
2026-09-30T15:01:30.052	ngr/loco/9950011/diag/ir_link	{"radio_ready":1,"seen":26174,"source_mac":"38:18:2B:30:8C:2C","paired_mac":"38:18:2B:30:8C:2C","paired_for_display_only":1,"coupled":0,"invalid_wire":13362,"queue_drop":0}
2026-09-30T15:01:30.053	ngr/loco/9950011/state/throttle	90
2026-09-30T15:01:30.053	ngr/loco/9950011/state/direction	2
2026-09-30T15:01:30.053	ngr/loco/9950011/state/auto	1
2026-09-30T15:01:30.054	ngr/loco/9950011/state/estop	0
2026-09-30T15:01:30.054	ngr/loco/9950011/state/nav_ready	1
2026-09-30T15:01:31.021	ngr/loco/9950011/state/loopstat	{"build":"NAVI_EYES_WIDE_OPEN_INTEGRATED_R2","mm":3,"target":2,"dir":-1,"target_distance_mm":330,"target_polarity":-1,"position_reliable":1,"reference_ready":1,"reference":1898,"median5":0,"hall_support":0,"spatial_phase":2,"ir_applicable":1,"ir_distance_state":"HALL_IR_READY","ir_health_fault":6,"ir_readiness":3,"ir_boot":"761B38FCC6F727BE","ir_epoch":1,"ir_epoch_active":1,"ir_seq":12901,"ir_pulses":6737,"ir_reason":1,"ir_age_ms":17,"ir_span":63,"ir_gap":1,"ir_sat":0,"ir_abort":606,"ir_inferred_added":0,"ir_inferred_removed":0,"ir_calibration":0,"hall_seen":6484439,"ir_seen":12822,"hall_q_drop":0,"ir_q_drop":0,"ir_invalid":13373,"nsr_hall_drop":1,"nsr_ir_drop":0,"nsr_navi_drop":0,"nsr_native_drop":168,"event_drop":0,"pwm0_ir_motion":0,"confirmed":61,"missed":152,"pwm":90,"auto":1,"running":1,"estop":0,"lowvolt":0,"ir_stationary_pwm_warning":1,"pub_drop":0}
2026-09-30T15:01:31.024	ngr/loco/9950011/state/trace	{"consumption_drop":334,"action_drop":0,"command_queue_drop":0,"lossless":false}
2026-09-30T15:01:31.024	ngr/loco/9950011/state/nav	{"state":"NORMAL","mm":3,"target":2,"dir":-1,"session_dir":"CCW","position_reliable":1,"ir_distance_state":"HALL_IR_READY","reference_ready":1,"boot_reference":"PROVISIONAL_OR_SPATIAL","authority":"NAVI_EWO"}
2026-09-30T15:01:31.028	ngr/loco/9950011/telem/ir	{"ir_valid":1,"ir_mmps":0.000,"ir_coupled":0,"ir_speed_reason":"STOPPED","ir_applicable":1,"ir_reason":1,"ir_seq":12901,"ir_pulses":6737,"ir_gap":1,"ir_sat":0,"ir_abort":606,"authority":"NAVI_EWO"}
2026-09-30T15:01:31.028	ngr/loco/9950011/telem/speed	{"ir_valid":1,"ir_mmps":0.000,"ir_coupled":0,"ir_speed_reason":"STOPPED","ir_applicable":1,"ir_reason":1,"ir_seq":12901,"ir_pulses":6737,"ir_gap":1,"ir_sat":0,"ir_abort":606,"authority":"NAVI_EWO"}
2026-09-30T15:01:31.029	ngr/loco/9950011/diag/ir_link	{"radio_ready":1,"seen":26195,"source_mac":"38:18:2B:30:8C:2C","paired_mac":"38:18:2B:30:8C:2C","paired_for_display_only":1,"coupled":0,"invalid_wire":13373,"queue_drop":0}
2026-09-30T15:01:31.030	ngr/loco/9950011/state/throttle	90
2026-09-30T15:01:31.030	ngr/loco/9950011/state/direction	2
2026-09-30T15:01:31.031	ngr/loco/9950011/state/auto	1
2026-09-30T15:01:31.031	ngr/loco/9950011/state/estop	0
2026-09-30T15:01:31.031	ngr/loco/9950011/state/nav_ready	1
2026-09-30T15:01:31.802	ngr/loco/9950011/state/connectivity	{"wifi":1,"ip":"192.168.68.72","rssi":-59,"mqtt":1,"mqtt_state":0,"broker":"192.168.68.142","ir_radio":1,"ir_seen":26210,"ir_coupled":0,"navi_sync":1,"udp_failures":183}
2026-09-30T15:01:32.022	ngr/loco/9950011/state/loopstat	{"build":"NAVI_EYES_WIDE_OPEN_INTEGRATED_R2","mm":3,"target":2,"dir":-1,"target_distance_mm":330,"target_polarity":-1,"position_reliable":1,"reference_ready":1,"reference":1898,"median5":0,"hall_support":0,"spatial_phase":2,"ir_applicable":1,"ir_distance_state":"HALL_IR_READY","ir_health_fault":0,"ir_readiness":2,"ir_boot":"761B38FCC6F727BE","ir_epoch":1,"ir_epoch_active":1,"ir_seq":12911,"ir_pulses":6737,"ir_reason":5,"ir_age_ms":12,"ir_span":143,"ir_gap":1,"ir_sat":0,"ir_abort":606,"ir_inferred_added":0,"ir_inferred_removed":0,"ir_calibration":0,"hall_seen":6489440,"ir_seen":12832,"hall_q_drop":0,"ir_q_drop":0,"ir_invalid":13383,"nsr_hall_drop":1,"nsr_ir_drop":0,"nsr_navi_drop":0,"nsr_native_drop":168,"event_drop":0,"pwm0_ir_motion":0,"confirmed":61,"missed":152,"pwm":90,"auto":1,"running":1,"estop":0,"lowvolt":0,"ir_stationary_pwm_warning":1,"pub_drop":0}
2026-09-30T15:01:32.024	ngr/loco/9950011/state/trace	{"consumption_drop":334,"action_drop":0,"command_queue_drop":0,"lossless":false}
2026-09-30T15:01:32.025	ngr/loco/9950011/state/nav	{"state":"NORMAL","mm":3,"target":2,"dir":-1,"session_dir":"CCW","position_reliable":1,"ir_distance_state":"HALL_IR_READY","reference_ready":1,"boot_reference":"PROVISIONAL_OR_SPATIAL","authority":"NAVI_EWO"}
2026-09-30T15:01:32.025	ngr/loco/9950011/telem/ir	{"ir_valid":1,"ir_mmps":0.000,"ir_coupled":0,"ir_speed_reason":"STOPPED","ir_applicable":1,"ir_reason":5,"ir_seq":12911,"ir_pulses":6737,"ir_gap":1,"ir_sat":0,"ir_abort":606,"authority":"NAVI_EWO"}
2026-09-30T15:01:32.025	ngr/loco/9950011/telem/speed	{"ir_valid":1,"ir_mmps":0.000,"ir_coupled":0,"ir_speed_reason":"STOPPED","ir_applicable":1,"ir_reason":5,"ir_seq":12911,"ir_pulses":6737,"ir_gap":1,"ir_sat":0,"ir_abort":606,"authority":"NAVI_EWO"}
2026-09-30T15:01:32.027	ngr/loco/9950011/diag/ir_link	{"radio_ready":1,"seen":26215,"source_mac":"38:18:2B:30:8C:2C","paired_mac":"38:18:2B:30:8C:2C","paired_for_display_only":1,"coupled":0,"invalid_wire":13383,"queue_drop":0}
2026-09-30T15:01:32.027	ngr/loco/9950011/state/throttle	90
2026-09-30T15:01:32.028	ngr/loco/9950011/state/direction	2
2026-09-30T15:01:32.028	ngr/loco/9950011/state/auto	1
2026-09-30T15:01:32.031	ngr/loco/9950011/state/estop	0
2026-09-30T15:01:32.031	ngr/loco/9950011/state/nav_ready	1
2026-09-30T15:01:33.031	ngr/loco/9950011/state/loopstat	{"build":"NAVI_EYES_WIDE_OPEN_INTEGRATED_R2","mm":3,"target":2,"dir":-1,"target_distance_mm":330,"target_polarity":-1,"position_reliable":1,"reference_ready":1,"reference":1898,"median5":0,"hall_support":0,"spatial_phase":2,"ir_applicable":1,"ir_distance_state":"HALL_IR_READY","ir_health_fault":6,"ir_readiness":3,"ir_boot":"761B38FCC6F727BE","ir_epoch":1,"ir_epoch_active":1,"ir_seq":12921,"ir_pulses":6737,"ir_reason":1,"ir_age_ms":15,"ir_span":95,"ir_gap":1,"ir_sat":0,"ir_abort":606,"ir_inferred_added":0,"ir_inferred_removed":0,"ir_calibration":0,"hall_seen":6494435,"ir_seen":12842,"hall_q_drop":0,"ir_q_drop":0,"ir_invalid":13394,"nsr_hall_drop":1,"nsr_ir_drop":0,"nsr_navi_drop":0,"nsr_native_drop":168,"event_drop":0,"pwm0_ir_motion":0,"confirmed":61,"missed":152,"pwm":90,"auto":1,"running":1,"estop":0,"lowvolt":0,"ir_stationary_pwm_warning":1,"pub_drop":0}
2026-09-30T15:01:33.034	ngr/loco/9950011/state/trace	{"consumption_drop":334,"action_drop":0,"command_queue_drop":0,"lossless":false}
2026-09-30T15:01:33.035	ngr/loco/9950011/state/nav	{"state":"NORMAL","mm":3,"target":2,"dir":-1,"session_dir":"CCW","position_reliable":1,"ir_distance_state":"HALL_IR_READY","reference_ready":1,"boot_reference":"PROVISIONAL_OR_SPATIAL","authority":"NAVI_EWO"}
2026-09-30T15:01:33.035	ngr/loco/9950011/telem/ir	{"ir_valid":1,"ir_mmps":0.000,"ir_coupled":0,"ir_speed_reason":"STOPPED","ir_applicable":1,"ir_reason":1,"ir_seq":12921,"ir_pulses":6737,"ir_gap":1,"ir_sat":0,"ir_abort":606,"authority":"NAVI_EWO"}
2026-09-30T15:01:33.035	ngr/loco/9950011/telem/speed	{"ir_valid":1,"ir_mmps":0.000,"ir_coupled":0,"ir_speed_reason":"STOPPED","ir_applicable":1,"ir_reason":1,"ir_seq":12921,"ir_pulses":6737,"ir_gap":1,"ir_sat":0,"ir_abort":606,"authority":"NAVI_EWO"}
2026-09-30T15:01:33.036	ngr/loco/9950011/diag/ir_link	{"radio_ready":1,"seen":26236,"source_mac":"38:18:2B:30:8C:2C","paired_mac":"38:18:2B:30:8C:2C","paired_for_display_only":1,"coupled":0,"invalid_wire":13394,"queue_drop":0}
2026-09-30T15:01:33.037	ngr/loco/9950011/state/throttle	90
2026-09-30T15:01:33.037	ngr/loco/9950011/state/direction	2
2026-09-30T15:01:33.037	ngr/loco/9950011/state/auto	1
2026-09-30T15:01:33.039	ngr/loco/9950011/state/estop	0
2026-09-30T15:01:33.040	ngr/loco/9950011/state/nav_ready	1
2026-09-30T15:01:33.843	ngr/loco/9950011/state/lowvolt	0
2026-09-30T15:01:33.846	ngr/loco/9950011/telem/voltage	16.36
2026-09-30T15:01:33.847	ngr/loco/9950011/telem/current	0.33
2026-09-30T15:01:33.848	ngr/loco/9950011/telem/power	5.38
2026-09-30T15:01:34.022	ngr/loco/9950011/state/loopstat	{"build":"NAVI_EYES_WIDE_OPEN_INTEGRATED_R2","mm":3,"target":2,"dir":-1,"target_distance_mm":330,"target_polarity":-1,"position_reliable":1,"reference_ready":1,"reference":1898,"median5":0,"hall_support":0,"spatial_phase":2,"ir_applicable":1,"ir_distance_state":"HALL_IR_READY","ir_health_fault":6,"ir_readiness":3,"ir_boot":"761B38FCC6F727BE","ir_epoch":1,"ir_epoch_active":1,"ir_seq":12930,"ir_pulses":6737,"ir_reason":1,"ir_age_ms":97,"ir_span":127,"ir_gap":1,"ir_sat":0,"ir_abort":608,"ir_inferred_added":0,"ir_inferred_removed":0,"ir_calibration":0,"hall_seen":6499440,"ir_seen":12851,"hall_q_drop":0,"ir_q_drop":0,"ir_invalid":13404,"nsr_hall_drop":1,"nsr_ir_drop":0,"nsr_navi_drop":0,"nsr_native_drop":168,"event_drop":0,"pwm0_ir_motion":0,"confirmed":61,"missed":152,"pwm":90,"auto":1,"running":1,"estop":0,"lowvolt":0,"ir_stationary_pwm_warning":1,"pub_drop":0}
2026-09-30T15:01:34.025	ngr/loco/9950011/state/trace	{"consumption_drop":334,"action_drop":0,"command_queue_drop":0,"lossless":false}
2026-09-30T15:01:34.025	ngr/loco/9950011/state/nav	{"state":"NORMAL","mm":3,"target":2,"dir":-1,"session_dir":"CCW","position_reliable":1,"ir_distance_state":"HALL_IR_READY","reference_ready":1,"boot_reference":"PROVISIONAL_OR_SPATIAL","authority":"NAVI_EWO"}
2026-09-30T15:01:34.027	ngr/loco/9950011/telem/ir	{"ir_valid":1,"ir_mmps":0.000,"ir_coupled":0,"ir_speed_reason":"STOPPED","ir_applicable":1,"ir_reason":1,"ir_seq":12930,"ir_pulses":6737,"ir_gap":1,"ir_sat":0,"ir_abort":608,"authority":"NAVI_EWO"}
2026-09-30T15:01:34.027	ngr/loco/9950011/telem/speed	{"ir_valid":1,"ir_mmps":0.000,"ir_coupled":0,"ir_speed_reason":"STOPPED","ir_applicable":1,"ir_reason":1,"ir_seq":12930,"ir_pulses":6737,"ir_gap":1,"ir_sat":0,"ir_abort":608,"authority":"NAVI_EWO"}
2026-09-30T15:01:34.043	ngr/loco/9950011/diag/ir_link	{"radio_ready":1,"seen":26255,"source_mac":"38:18:2B:30:8C:2C","paired_mac":"38:18:2B:30:8C:2C","paired_for_display_only":1,"coupled":0,"invalid_wire":13404,"queue_drop":0}
2026-09-30T15:01:34.043	ngr/loco/9950011/state/throttle	90
2026-09-30T15:01:34.044	ngr/loco/9950011/state/direction	2
2026-09-30T15:01:34.048	ngr/loco/9950011/state/auto	1
2026-09-30T15:01:34.048	ngr/loco/9950011/state/estop	0
2026-09-30T15:01:34.049	ngr/loco/9950011/state/nav_ready	1
2026-09-30T15:01:35.022	ngr/loco/9950011/state/loopstat	{"build":"NAVI_EYES_WIDE_OPEN_INTEGRATED_R2","mm":3,"target":2,"dir":-1,"target_distance_mm":330,"target_polarity":-1,"position_reliable":1,"reference_ready":1,"reference":1898,"median5":0,"hall_support":0,"spatial_phase":2,"ir_applicable":1,"ir_distance_state":"HALL_IR_READY","ir_health_fault":0,"ir_readiness":2,"ir_boot":"761B38FCC6F727BE","ir_epoch":1,"ir_epoch_active":1,"ir_seq":12941,"ir_pulses":6737,"ir_reason":5,"ir_age_ms":5,"ir_span":143,"ir_gap":1,"ir_sat":0,"ir_abort":609,"ir_inferred_added":0,"ir_inferred_removed":0,"ir_calibration":0,"hall_seen":6504435,"ir_seen":12862,"hall_q_drop":0,"ir_q_drop":0,"ir_invalid":13415,"nsr_hall_drop":1,"nsr_ir_drop":0,"nsr_navi_drop":0,"nsr_native_drop":168,"event_drop":0,"pwm0_ir_motion":0,"confirmed":61,"missed":152,"pwm":90,"auto":1,"running":1,"estop":0,"lowvolt":0,"ir_stationary_pwm_warning":1,"pub_drop":0}
2026-09-30T15:01:35.068	ngr/loco/9950011/state/trace	{"consumption_drop":334,"action_drop":0,"command_queue_drop":0,"lossless":false}
2026-09-30T15:01:35.069	ngr/loco/9950011/state/nav	{"state":"NORMAL","mm":3,"target":2,"dir":-1,"session_dir":"CCW","position_reliable":1,"ir_distance_state":"HALL_IR_READY","reference_ready":1,"boot_reference":"PROVISIONAL_OR_SPATIAL","authority":"NAVI_EWO"}
2026-09-30T15:01:35.069	ngr/loco/9950011/telem/ir	{"ir_valid":1,"ir_mmps":0.000,"ir_coupled":0,"ir_speed_reason":"STOPPED","ir_applicable":1,"ir_reason":5,"ir_seq":12941,"ir_pulses":6737,"ir_gap":1,"ir_sat":0,"ir_abort":609,"authority":"NAVI_EWO"}
2026-09-30T15:01:35.069	ngr/loco/9950011/telem/speed	{"ir_valid":1,"ir_mmps":0.000,"ir_coupled":0,"ir_speed_reason":"STOPPED","ir_applicable":1,"ir_reason":5,"ir_seq":12941,"ir_pulses":6737,"ir_gap":1,"ir_sat":0,"ir_abort":609,"authority":"NAVI_EWO"}
2026-09-30T15:01:35.069	ngr/loco/9950011/diag/ir_link	{"radio_ready":1,"seen":26277,"source_mac":"38:18:2B:30:8C:2C","paired_mac":"38:18:2B:30:8C:2C","paired_for_display_only":1,"coupled":0,"invalid_wire":13415,"queue_drop":0}
2026-09-30T15:01:35.069	ngr/loco/9950011/state/throttle	90
2026-09-30T15:01:35.070	ngr/loco/9950011/state/direction	2
2026-09-30T15:01:35.070	ngr/loco/9950011/state/auto	1
2026-09-30T15:01:35.070	ngr/loco/9950011/state/estop	0
2026-09-30T15:01:35.070	ngr/loco/9950011/state/nav_ready	1
2026-09-30T15:01:36.021	ngr/loco/9950011/state/loopstat	{"build":"NAVI_EYES_WIDE_OPEN_INTEGRATED_R2","mm":3,"target":2,"dir":-1,"target_distance_mm":330,"target_polarity":-1,"position_reliable":1,"reference_ready":1,"reference":1898,"median5":0,"hall_support":0,"spatial_phase":2,"ir_applicable":1,"ir_distance_state":"HALL_IR_READY","ir_health_fault":0,"ir_readiness":2,"ir_boot":"761B38FCC6F727BE","ir_epoch":1,"ir_epoch_active":1,"ir_seq":12951,"ir_pulses":6737,"ir_reason":5,"ir_age_ms":4,"ir_span":159,"ir_gap":1,"ir_sat":0,"ir_abort":610,"ir_inferred_added":0,"ir_inferred_removed":0,"ir_calibration":0,"hall_seen":6509440,"ir_seen":12872,"hall_q_drop":0,"ir_q_drop":0,"ir_invalid":13425,"nsr_hall_drop":1,"nsr_ir_drop":0,"nsr_navi_drop":0,"nsr_native_drop":168,"event_drop":0,"pwm0_ir_motion":0,"confirmed":61,"missed":152,"pwm":90,"auto":1,"running":1,"estop":0,"lowvolt":0,"ir_stationary_pwm_warning":1,"pub_drop":0}
2026-09-30T15:01:36.034	ngr/loco/9950011/state/trace	{"consumption_drop":334,"action_drop":0,"command_queue_drop":0,"lossless":false}
2026-09-30T15:01:36.035	ngr/loco/9950011/state/nav	{"state":"NORMAL","mm":3,"target":2,"dir":-1,"session_dir":"CCW","position_reliable":1,"ir_distance_state":"HALL_IR_READY","reference_ready":1,"boot_reference":"PROVISIONAL_OR_SPATIAL","authority":"NAVI_EWO"}
2026-09-30T15:01:36.035	ngr/loco/9950011/telem/ir	{"ir_valid":1,"ir_mmps":0.000,"ir_coupled":0,"ir_speed_reason":"STOPPED","ir_applicable":1,"ir_reason":5,"ir_seq":12951,"ir_pulses":6737,"ir_gap":1,"ir_sat":0,"ir_abort":610,"authority":"NAVI_EWO"}
2026-09-30T15:01:36.036	ngr/loco/9950011/telem/speed	{"ir_valid":1,"ir_mmps":0.000,"ir_coupled":0,"ir_speed_reason":"STOPPED","ir_applicable":1,"ir_reason":5,"ir_seq":12951,"ir_pulses":6737,"ir_gap":1,"ir_sat":0,"ir_abort":610,"authority":"NAVI_EWO"}
2026-09-30T15:01:36.036	ngr/loco/9950011/diag/ir_link	{"radio_ready":1,"seen":26297,"source_mac":"38:18:2B:30:8C:2C","paired_mac":"38:18:2B:30:8C:2C","paired_for_display_only":1,"coupled":0,"invalid_wire":13425,"queue_drop":0}
2026-09-30T15:01:36.036	ngr/loco/9950011/state/throttle	90
2026-09-30T15:01:36.037	ngr/loco/9950011/state/direction	2
2026-09-30T15:01:36.037	ngr/loco/9950011/state/auto	1
2026-09-30T15:01:36.037	ngr/loco/9950011/state/estop	0
2026-09-30T15:01:36.037	ngr/loco/9950011/state/nav_ready	1
2026-09-30T15:01:36.807	ngr/loco/9950011/state/connectivity	{"wifi":1,"ip":"192.168.68.72","rssi":-53,"mqtt":1,"mqtt_state":0,"broker":"192.168.68.142","ir_radio":1,"ir_seen":26312,"ir_coupled":0,"navi_sync":1,"udp_failures":183}
2026-09-30T15:01:37.029	ngr/loco/9950011/state/loopstat	{"build":"NAVI_EYES_WIDE_OPEN_INTEGRATED_R2","mm":3,"target":2,"dir":-1,"target_distance_mm":330,"target_polarity":-1,"position_reliable":1,"reference_ready":1,"reference":1898,"median5":0,"hall_support":0,"spatial_phase":2,"ir_applicable":1,"ir_distance_state":"HALL_IR_READY","ir_health_fault":6,"ir_readiness":3,"ir_boot":"761B38FCC6F727BE","ir_epoch":1,"ir_epoch_active":1,"ir_seq":12961,"ir_pulses":6737,"ir_reason":1,"ir_age_ms":7,"ir_span":95,"ir_gap":1,"ir_sat":0,"ir_abort":612,"ir_inferred_added":0,"ir_inferred_removed":0,"ir_calibration":0,"hall_seen":6514450,"ir_seen":12882,"hall_q_drop":0,"ir_q_drop":0,"ir_invalid":13435,"nsr_hall_drop":1,"nsr_ir_drop":0,"nsr_navi_drop":0,"nsr_native_drop":168,"event_drop":0,"pwm0_ir_motion":0,"confirmed":61,"missed":152,"pwm":90,"auto":1,"running":1,"estop":0,"lowvolt":0,"ir_stationary_pwm_warning":1,"pub_drop":0}
2026-09-30T15:01:37.032	ngr/loco/9950011/state/trace	{"consumption_drop":334,"action_drop":0,"command_queue_drop":0,"lossless":false}
2026-09-30T15:01:37.033	ngr/loco/9950011/state/nav	{"state":"NORMAL","mm":3,"target":2,"dir":-1,"session_dir":"CCW","position_reliable":1,"ir_distance_state":"HALL_IR_READY","reference_ready":1,"boot_reference":"PROVISIONAL_OR_SPATIAL","authority":"NAVI_EWO"}
2026-09-30T15:01:37.033	ngr/loco/9950011/telem/ir	{"ir_valid":1,"ir_mmps":0.000,"ir_coupled":0,"ir_speed_reason":"STOPPED","ir_applicable":1,"ir_reason":1,"ir_seq":12961,"ir_pulses":6737,"ir_gap":1,"ir_sat":0,"ir_abort":612,"authority":"NAVI_EWO"}
2026-09-30T15:01:37.034	ngr/loco/9950011/telem/speed	{"ir_valid":1,"ir_mmps":0.000,"ir_coupled":0,"ir_speed_reason":"STOPPED","ir_applicable":1,"ir_reason":1,"ir_seq":12961,"ir_pulses":6737,"ir_gap":1,"ir_sat":0,"ir_abort":612,"authority":"NAVI_EWO"}
2026-09-30T15:01:37.036	ngr/loco/9950011/diag/ir_link	{"radio_ready":1,"seen":26317,"source_mac":"38:18:2B:30:8C:2C","paired_mac":"38:18:2B:30:8C:2C","paired_for_display_only":1,"coupled":0,"invalid_wire":13435,"queue_drop":0}
2026-09-30T15:01:37.036	ngr/loco/9950011/state/throttle	90
2026-09-30T15:01:37.037	ngr/loco/9950011/state/direction	2
2026-09-30T15:01:37.037	ngr/loco/9950011/state/auto	1
2026-09-30T15:01:37.038	ngr/loco/9950011/state/estop	0
2026-09-30T15:01:37.038	ngr/loco/9950011/state/nav_ready	1
2026-09-30T15:01:38.037	ngr/loco/9950011/state/loopstat	{"build":"NAVI_EYES_WIDE_OPEN_INTEGRATED_R2","mm":3,"target":2,"dir":-1,"target_distance_mm":330,"target_polarity":-1,"position_reliable":1,"reference_ready":1,"reference":1898,"median5":0,"hall_support":0,"spatial_phase":2,"ir_applicable":1,"ir_distance_state":"HALL_IR_READY","ir_health_fault":0,"ir_readiness":2,"ir_boot":"761B38FCC6F727BE","ir_epoch":1,"ir_epoch_active":1,"ir_seq":12971,"ir_pulses":6737,"ir_reason":5,"ir_age_ms":10,"ir_span":175,"ir_gap":1,"ir_sat":0,"ir_abort":612,"ir_inferred_added":0,"ir_inferred_removed":0,"ir_calibration":0,"hall_seen":6519446,"ir_seen":12892,"hall_q_drop":0,"ir_q_drop":0,"ir_invalid":13446,"nsr_hall_drop":1,"nsr_ir_drop":0,"nsr_navi_drop":0,"nsr_native_drop":168,"event_drop":0,"pwm0_ir_motion":0,"confirmed":61,"missed":152,"pwm":90,"auto":1,"running":1,"estop":0,"lowvolt":0,"ir_stationary_pwm_warning":1,"pub_drop":0}
2026-09-30T15:01:38.041	ngr/loco/9950011/state/trace	{"consumption_drop":334,"action_drop":0,"command_queue_drop":0,"lossless":false}
2026-09-30T15:01:38.042	ngr/loco/9950011/state/nav	{"state":"NORMAL","mm":3,"target":2,"dir":-1,"session_dir":"CCW","position_reliable":1,"ir_distance_state":"HALL_IR_READY","reference_ready":1,"boot_reference":"PROVISIONAL_OR_SPATIAL","authority":"NAVI_EWO"}
2026-09-30T15:01:38.042	ngr/loco/9950011/telem/ir	{"ir_valid":1,"ir_mmps":0.000,"ir_coupled":0,"ir_speed_reason":"STOPPED","ir_applicable":1,"ir_reason":5,"ir_seq":12971,"ir_pulses":6737,"ir_gap":1,"ir_sat":0,"ir_abort":612,"authority":"NAVI_EWO"}
2026-09-30T15:01:38.042	ngr/loco/9950011/telem/speed	{"ir_valid":1,"ir_mmps":0.000,"ir_coupled":0,"ir_speed_reason":"STOPPED","ir_applicable":1,"ir_reason":5,"ir_seq":12971,"ir_pulses":6737,"ir_gap":1,"ir_sat":0,"ir_abort":612,"authority":"NAVI_EWO"}
2026-09-30T15:01:38.043	ngr/loco/9950011/diag/ir_link	{"radio_ready":1,"seen":26338,"source_mac":"38:18:2B:30:8C:2C","paired_mac":"38:18:2B:30:8C:2C","paired_for_display_only":1,"coupled":0,"invalid_wire":13446,"queue_drop":0}
2026-09-30T15:01:38.043	ngr/loco/9950011/state/throttle	90
2026-09-30T15:01:38.043	ngr/loco/9950011/state/direction	2
2026-09-30T15:01:38.043	ngr/loco/9950011/state/auto	1
2026-09-30T15:01:38.044	ngr/loco/9950011/state/estop	0
2026-09-30T15:01:38.044	ngr/loco/9950011/state/nav_ready	1
2026-09-30T15:01:38.863	ngr/loco/9950011/state/lowvolt	0
2026-09-30T15:01:38.867	ngr/loco/9950011/telem/voltage	16.37
2026-09-30T15:01:38.867	ngr/loco/9950011/telem/current	0.33
2026-09-30T15:01:38.867	ngr/loco/9950011/telem/power	5.43
2026-09-30T15:01:39.026	ngr/loco/9950011/state/loopstat	{"build":"NAVI_EYES_WIDE_OPEN_INTEGRATED_R2","mm":3,"target":2,"dir":-1,"target_distance_mm":330,"target_polarity":-1,"position_reliable":1,"reference_ready":1,"reference":1898,"median5":0,"hall_support":0,"spatial_phase":2,"ir_applicable":1,"ir_distance_state":"HALL_IR_READY","ir_health_fault":0,"ir_readiness":2,"ir_boot":"761B38FCC6F727BE","ir_epoch":1,"ir_epoch_active":1,"ir_seq":12981,"ir_pulses":6737,"ir_reason":5,"ir_age_ms":11,"ir_span":127,"ir_gap":1,"ir_sat":0,"ir_abort":612,"ir_inferred_added":0,"ir_inferred_removed":0,"ir_calibration":0,"hall_seen":6524454,"ir_seen":12902,"hall_q_drop":0,"ir_q_drop":0,"ir_invalid":13456,"nsr_hall_drop":1,"nsr_ir_drop":0,"nsr_navi_drop":0,"nsr_native_drop":168,"event_drop":0,"pwm0_ir_motion":0,"confirmed":61,"missed":152,"pwm":90,"auto":1,"running":1,"estop":0,"lowvolt":0,"ir_stationary_pwm_warning":1,"pub_drop":0}
2026-09-30T15:01:39.029	ngr/loco/9950011/state/trace	{"consumption_drop":334,"action_drop":0,"command_queue_drop":0,"lossless":false}
2026-09-30T15:01:39.029	ngr/loco/9950011/state/nav	{"state":"NORMAL","mm":3,"target":2,"dir":-1,"session_dir":"CCW","position_reliable":1,"ir_distance_state":"HALL_IR_READY","reference_ready":1,"boot_reference":"PROVISIONAL_OR_SPATIAL","authority":"NAVI_EWO"}
2026-09-30T15:01:39.037	ngr/loco/9950011/telem/ir	{"ir_valid":1,"ir_mmps":0.000,"ir_coupled":0,"ir_speed_reason":"STOPPED","ir_applicable":1,"ir_reason":5,"ir_seq":12981,"ir_pulses":6737,"ir_gap":1,"ir_sat":0,"ir_abort":612,"authority":"NAVI_EWO"}
2026-09-30T15:01:39.041	ngr/loco/9950011/telem/speed	{"ir_valid":1,"ir_mmps":0.000,"ir_coupled":0,"ir_speed_reason":"STOPPED","ir_applicable":1,"ir_reason":5,"ir_seq":12981,"ir_pulses":6737,"ir_gap":1,"ir_sat":0,"ir_abort":612,"authority":"NAVI_EWO"}
2026-09-30T15:01:39.041	ngr/loco/9950011/diag/ir_link	{"radio_ready":1,"seen":26358,"source_mac":"38:18:2B:30:8C:2C","paired_mac":"38:18:2B:30:8C:2C","paired_for_display_only":1,"coupled":0,"invalid_wire":13456,"queue_drop":0}
2026-09-30T15:01:39.042	ngr/loco/9950011/state/throttle	90
2026-09-30T15:01:39.043	ngr/loco/9950011/state/direction	2
2026-09-30T15:01:39.043	ngr/loco/9950011/state/auto	1
2026-09-30T15:01:39.043	ngr/loco/9950011/state/estop	0
2026-09-30T15:01:39.044	ngr/loco/9950011/state/nav_ready	1
2026-09-30T15:01:40.024	ngr/loco/9950011/state/loopstat	{"build":"NAVI_EYES_WIDE_OPEN_INTEGRATED_R2","mm":3,"target":2,"dir":-1,"target_distance_mm":330,"target_polarity":-1,"position_reliable":1,"reference_ready":1,"reference":1898,"median5":0,"hall_support":0,"spatial_phase":2,"ir_applicable":1,"ir_distance_state":"HALL_IR_READY","ir_health_fault":6,"ir_readiness":3,"ir_boot":"761B38FCC6F727BE","ir_epoch":1,"ir_epoch_active":1,"ir_seq":12991,"ir_pulses":6737,"ir_reason":1,"ir_age_ms":15,"ir_span":31,"ir_gap":1,"ir_sat":0,"ir_abort":612,"ir_inferred_added":0,"ir_inferred_removed":0,"ir_calibration":0,"hall_seen":6529454,"ir_seen":12911,"hall_q_drop":0,"ir_q_drop":0,"ir_invalid":13467,"nsr_hall_drop":1,"nsr_ir_drop":0,"nsr_navi_drop":0,"nsr_native_drop":168,"event_drop":0,"pwm0_ir_motion":0,"confirmed":61,"missed":152,"pwm":90,"auto":1,"running":1,"estop":0,"lowvolt":0,"ir_stationary_pwm_warning":1,"pub_drop":0}
2026-09-30T15:01:40.034	ngr/loco/9950011/state/trace	{"consumption_drop":334,"action_drop":0,"command_queue_drop":0,"lossless":false}
2026-09-30T15:01:40.034	ngr/loco/9950011/state/nav	{"state":"NORMAL","mm":3,"target":2,"dir":-1,"session_dir":"CCW","position_reliable":1,"ir_distance_state":"HALL_IR_READY","reference_ready":1,"boot_reference":"PROVISIONAL_OR_SPATIAL","authority":"NAVI_EWO"}
2026-09-30T15:01:40.034	ngr/loco/9950011/telem/ir	{"ir_valid":1,"ir_mmps":0.000,"ir_coupled":0,"ir_speed_reason":"STOPPED","ir_applicable":1,"ir_reason":1,"ir_seq":12991,"ir_pulses":6737,"ir_gap":1,"ir_sat":0,"ir_abort":612,"authority":"NAVI_EWO"}
2026-09-30T15:01:40.035	ngr/loco/9950011/telem/speed	{"ir_valid":1,"ir_mmps":0.000,"ir_coupled":0,"ir_speed_reason":"STOPPED","ir_applicable":1,"ir_reason":1,"ir_seq":12991,"ir_pulses":6737,"ir_gap":1,"ir_sat":0,"ir_abort":612,"authority":"NAVI_EWO"}
2026-09-30T15:01:40.035	ngr/loco/9950011/diag/ir_link	{"radio_ready":1,"seen":26378,"source_mac":"38:18:2B:30:8C:2C","paired_mac":"38:18:2B:30:8C:2C","paired_for_display_only":1,"coupled":0,"invalid_wire":13467,"queue_drop":0}
2026-09-30T15:01:40.035	ngr/loco/9950011/state/throttle	90
2026-09-30T15:01:40.035	ngr/loco/9950011/state/direction	2
2026-09-30T15:01:40.035	ngr/loco/9950011/state/auto	1
2026-09-30T15:01:40.035	ngr/loco/9950011/state/estop	0
2026-09-30T15:01:40.035	ngr/loco/9950011/state/nav_ready	1
2026-09-30T15:01:41.021	ngr/loco/9950011/state/loopstat	{"build":"NAVI_EYES_WIDE_OPEN_INTEGRATED_R2","mm":3,"target":2,"dir":-1,"target_distance_mm":330,"target_polarity":-1,"position_reliable":1,"reference_ready":1,"reference":1898,"median5":0,"hall_support":0,"spatial_phase":2,"ir_applicable":1,"ir_distance_state":"HALL_IR_READY","ir_health_fault":6,"ir_readiness":3,"ir_boot":"761B38FCC6F727BE","ir_epoch":1,"ir_epoch_active":1,"ir_seq":13000,"ir_pulses":6737,"ir_reason":1,"ir_age_ms":111,"ir_span":47,"ir_gap":1,"ir_sat":0,"ir_abort":612,"ir_inferred_added":0,"ir_inferred_removed":0,"ir_calibration":0,"hall_seen":6534450,"ir_seen":12920,"hall_q_drop":0,"ir_q_drop":0,"ir_invalid":13477,"nsr_hall_drop":1,"nsr_ir_drop":0,"nsr_navi_drop":0,"nsr_native_drop":168,"event_drop":0,"pwm0_ir_motion":0,"confirmed":61,"missed":152,"pwm":90,"auto":1,"running":1,"estop":0,"lowvolt":0,"ir_stationary_pwm_warning":1,"pub_drop":0}
2026-09-30T15:01:41.028	ngr/loco/9950011/state/trace	{"consumption_drop":334,"action_drop":0,"command_queue_drop":0,"lossless":false}
2026-09-30T15:01:41.028	ngr/loco/9950011/state/nav	{"state":"NORMAL","mm":3,"target":2,"dir":-1,"session_dir":"CCW","position_reliable":1,"ir_distance_state":"HALL_IR_READY","reference_ready":1,"boot_reference":"PROVISIONAL_OR_SPATIAL","authority":"NAVI_EWO"}
2026-09-30T15:01:41.034	ngr/loco/9950011/telem/ir	{"ir_valid":1,"ir_mmps":0.000,"ir_coupled":0,"ir_speed_reason":"STOPPED","ir_applicable":1,"ir_reason":1,"ir_seq":13000,"ir_pulses":6737,"ir_gap":1,"ir_sat":0,"ir_abort":612,"authority":"NAVI_EWO"}
2026-09-30T15:01:41.034	ngr/loco/9950011/telem/speed	{"ir_valid":1,"ir_mmps":0.000,"ir_coupled":0,"ir_speed_reason":"STOPPED","ir_applicable":1,"ir_reason":1,"ir_seq":13000,"ir_pulses":6737,"ir_gap":1,"ir_sat":0,"ir_abort":612,"authority":"NAVI_EWO"}
2026-09-30T15:01:41.035	ngr/loco/9950011/diag/ir_link	{"radio_ready":1,"seen":26397,"source_mac":"38:18:2B:30:8C:2C","paired_mac":"38:18:2B:30:8C:2C","paired_for_display_only":1,"coupled":0,"invalid_wire":13477,"queue_drop":0}
2026-09-30T15:01:41.035	ngr/loco/9950011/state/throttle	90
2026-09-30T15:01:41.035	ngr/loco/9950011/state/direction	2
2026-09-30T15:01:41.035	ngr/loco/9950011/state/auto	1
2026-09-30T15:01:41.035	ngr/loco/9950011/state/estop	0
2026-09-30T15:01:41.035	ngr/loco/9950011/state/nav_ready	1
2026-09-30T15:01:41.809	ngr/loco/9950011/state/connectivity	{"wifi":1,"ip":"192.168.68.72","rssi":-53,"mqtt":1,"mqtt_state":0,"broker":"192.168.68.142","ir_radio":1,"ir_seen":26413,"ir_coupled":0,"navi_sync":1,"udp_failures":185}
2026-09-30T15:01:42.037	ngr/loco/9950011/state/loopstat	{"build":"NAVI_EYES_WIDE_OPEN_INTEGRATED_R2","mm":3,"target":2,"dir":-1,"target_distance_mm":330,"target_polarity":-1,"position_reliable":1,"reference_ready":1,"reference":1898,"median5":0,"hall_support":0,"spatial_phase":2,"ir_applicable":1,"ir_distance_state":"HALL_IR_READY","ir_health_fault":6,"ir_readiness":3,"ir_boot":"761B38FCC6F727BE","ir_epoch":1,"ir_epoch_active":1,"ir_seq":13011,"ir_pulses":6737,"ir_reason":1,"ir_age_ms":1,"ir_span":47,"ir_gap":1,"ir_sat":0,"ir_abort":613,"ir_inferred_added":0,"ir_inferred_removed":0,"ir_calibration":0,"hall_seen":6539460,"ir_seen":12931,"hall_q_drop":0,"ir_q_drop":0,"ir_invalid":13488,"nsr_hall_drop":1,"nsr_ir_drop":0,"nsr_navi_drop":0,"nsr_native_drop":168,"event_drop":0,"pwm0_ir_motion":0,"confirmed":61,"missed":152,"pwm":90,"auto":1,"running":1,"estop":0,"lowvolt":0,"ir_stationary_pwm_warning":1,"pub_drop":0}
2026-09-30T15:01:42.042	ngr/loco/9950011/state/trace	{"consumption_drop":334,"action_drop":0,"command_queue_drop":0,"lossless":false}
2026-09-30T15:01:42.042	ngr/loco/9950011/state/nav	{"state":"NORMAL","mm":3,"target":2,"dir":-1,"session_dir":"CCW","position_reliable":1,"ir_distance_state":"HALL_IR_READY","reference_ready":1,"boot_reference":"PROVISIONAL_OR_SPATIAL","authority":"NAVI_EWO"}
2026-09-30T15:01:42.042	ngr/loco/9950011/telem/ir	{"ir_valid":1,"ir_mmps":0.000,"ir_coupled":0,"ir_speed_reason":"STOPPED","ir_applicable":1,"ir_reason":1,"ir_seq":13011,"ir_pulses":6737,"ir_gap":1,"ir_sat":0,"ir_abort":613,"authority":"NAVI_EWO"}
2026-09-30T15:01:42.042	ngr/loco/9950011/telem/speed	{"ir_valid":1,"ir_mmps":0.000,"ir_coupled":0,"ir_speed_reason":"STOPPED","ir_applicable":1,"ir_reason":1,"ir_seq":13011,"ir_pulses":6737,"ir_gap":1,"ir_sat":0,"ir_abort":613,"authority":"NAVI_EWO"}
2026-09-30T15:01:42.043	ngr/loco/9950011/diag/ir_link	{"radio_ready":1,"seen":26419,"source_mac":"38:18:2B:30:8C:2C","paired_mac":"38:18:2B:30:8C:2C","paired_for_display_only":1,"coupled":0,"invalid_wire":13488,"queue_drop":0}
2026-09-30T15:01:42.043	ngr/loco/9950011/state/throttle	90
2026-09-30T15:01:42.043	ngr/loco/9950011/state/direction	2
2026-09-30T15:01:42.043	ngr/loco/9950011/state/auto	1
2026-09-30T15:01:42.043	ngr/loco/9950011/state/estop	0
2026-09-30T15:01:42.043	ngr/loco/9950011/state/nav_ready	1
2026-09-30T15:01:43.028	ngr/loco/9950011/state/loopstat	{"build":"NAVI_EYES_WIDE_OPEN_INTEGRATED_R2","mm":3,"target":2,"dir":-1,"target_distance_mm":330,"target_polarity":-1,"position_reliable":1,"reference_ready":1,"reference":1898,"median5":0,"hall_support":0,"spatial_phase":2,"ir_applicable":1,"ir_distance_state":"HALL_IR_READY","ir_health_fault":6,"ir_readiness":3,"ir_boot":"761B38FCC6F727BE","ir_epoch":1,"ir_epoch_active":1,"ir_seq":13021,"ir_pulses":6737,"ir_reason":1,"ir_age_ms":2,"ir_span":31,"ir_gap":1,"ir_sat":0,"ir_abort":613,"ir_inferred_added":0,"ir_inferred_removed":0,"ir_calibration":0,"hall_seen":6544465,"ir_seen":12941,"hall_q_drop":0,"ir_q_drop":0,"ir_invalid":13498,"nsr_hall_drop":1,"nsr_ir_drop":0,"nsr_navi_drop":0,"nsr_native_drop":168,"event_drop":0,"pwm0_ir_motion":0,"confirmed":61,"missed":152,"pwm":90,"auto":1,"running":1,"estop":0,"lowvolt":0,"ir_stationary_pwm_warning":1,"pub_drop":0}
2026-09-30T15:01:43.031	ngr/loco/9950011/state/trace	{"consumption_drop":334,"action_drop":0,"command_queue_drop":0,"lossless":false}
2026-09-30T15:01:43.031	ngr/loco/9950011/state/nav	{"state":"NORMAL","mm":3,"target":2,"dir":-1,"session_dir":"CCW","position_reliable":1,"ir_distance_state":"HALL_IR_READY","reference_ready":1,"boot_reference":"PROVISIONAL_OR_SPATIAL","authority":"NAVI_EWO"}
2026-09-30T15:01:43.032	ngr/loco/9950011/telem/ir	{"ir_valid":1,"ir_mmps":0.000,"ir_coupled":0,"ir_speed_reason":"STOPPED","ir_applicable":1,"ir_reason":1,"ir_seq":13021,"ir_pulses":6737,"ir_gap":1,"ir_sat":0,"ir_abort":613,"authority":"NAVI_EWO"}
2026-09-30T15:01:43.032	ngr/loco/9950011/telem/speed	{"ir_valid":1,"ir_mmps":0.000,"ir_coupled":0,"ir_speed_reason":"STOPPED","ir_applicable":1,"ir_reason":1,"ir_seq":13021,"ir_pulses":6737,"ir_gap":1,"ir_sat":0,"ir_abort":613,"authority":"NAVI_EWO"}
2026-09-30T15:01:43.032	ngr/loco/9950011/diag/ir_link	{"radio_ready":1,"seen":26439,"source_mac":"38:18:2B:30:8C:2C","paired_mac":"38:18:2B:30:8C:2C","paired_for_display_only":1,"coupled":0,"invalid_wire":13498,"queue_drop":0}
2026-09-30T15:01:43.032	ngr/loco/9950011/state/throttle	90
2026-09-30T15:01:43.032	ngr/loco/9950011/state/direction	2
2026-09-30T15:01:43.035	ngr/loco/9950011/state/auto	1
2026-09-30T15:01:43.035	ngr/loco/9950011/state/estop	0
2026-09-30T15:01:43.035	ngr/loco/9950011/state/nav_ready	1
2026-09-30T15:01:43.849	ngr/loco/9950011/state/lowvolt	0
2026-09-30T15:01:43.896	ngr/loco/9950011/telem/voltage	16.39
2026-09-30T15:01:43.896	ngr/loco/9950011/telem/current	0.33
2026-09-30T15:01:43.897	ngr/loco/9950011/telem/power	5.31
2026-09-30T15:01:44.033	ngr/loco/9950011/state/loopstat	{"build":"NAVI_EYES_WIDE_OPEN_INTEGRATED_R2","mm":3,"target":2,"dir":-1,"target_distance_mm":330,"target_polarity":-1,"position_reliable":1,"reference_ready":1,"reference":1898,"median5":0,"hall_support":0,"spatial_phase":2,"ir_applicable":1,"ir_distance_state":"HALL_IR_READY","ir_health_fault":6,"ir_readiness":3,"ir_boot":"761B38FCC6F727BE","ir_epoch":1,"ir_epoch_active":1,"ir_seq":13031,"ir_pulses":6737,"ir_reason":1,"ir_age_ms":2,"ir_span":47,"ir_gap":1,"ir_sat":0,"ir_abort":613,"ir_inferred_added":0,"ir_inferred_removed":0,"ir_calibration":0,"hall_seen":6549468,"ir_seen":12951,"hall_q_drop":0,"ir_q_drop":0,"ir_invalid":13508,"nsr_hall_drop":1,"nsr_ir_drop":0,"nsr_navi_drop":0,"nsr_native_drop":168,"event_drop":0,"pwm0_ir_motion":0,"confirmed":61,"missed":152,"pwm":90,"auto":1,"running":1,"estop":0,"lowvolt":0,"ir_stationary_pwm_warning":1,"pub_drop":0}
2026-09-30T15:01:44.036	ngr/loco/9950011/state/trace	{"consumption_drop":334,"action_drop":0,"command_queue_drop":0,"lossless":false}
2026-09-30T15:01:44.038	ngr/loco/9950011/state/nav	{"state":"NORMAL","mm":3,"target":2,"dir":-1,"session_dir":"CCW","position_reliable":1,"ir_distance_state":"HALL_IR_READY","reference_ready":1,"boot_reference":"PROVISIONAL_OR_SPATIAL","authority":"NAVI_EWO"}
2026-09-30T15:01:44.039	ngr/loco/9950011/telem/ir	{"ir_valid":1,"ir_mmps":0.000,"ir_coupled":0,"ir_speed_reason":"STOPPED","ir_applicable":1,"ir_reason":1,"ir_seq":13031,"ir_pulses":6737,"ir_gap":1,"ir_sat":0,"ir_abort":613,"authority":"NAVI_EWO"}
2026-09-30T15:01:44.039	ngr/loco/9950011/telem/speed	{"ir_valid":1,"ir_mmps":0.000,"ir_coupled":0,"ir_speed_reason":"STOPPED","ir_applicable":1,"ir_reason":1,"ir_seq":13031,"ir_pulses":6737,"ir_gap":1,"ir_sat":0,"ir_abort":613,"authority":"NAVI_EWO"}
2026-09-30T15:01:44.041	ngr/loco/9950011/diag/ir_link	{"radio_ready":1,"seen":26459,"source_mac":"38:18:2B:30:8C:2C","paired_mac":"38:18:2B:30:8C:2C","paired_for_display_only":1,"coupled":0,"invalid_wire":13508,"queue_drop":0}
2026-09-30T15:01:44.041	ngr/loco/9950011/state/throttle	90
2026-09-30T15:01:44.041	ngr/loco/9950011/state/direction	2
2026-09-30T15:01:44.046	ngr/loco/9950011/state/auto	1
2026-09-30T15:01:44.046	ngr/loco/9950011/state/estop	0
2026-09-30T15:01:44.046	ngr/loco/9950011/state/nav_ready	1
2026-09-30T15:01:45.031	ngr/loco/9950011/state/loopstat	{"build":"NAVI_EYES_WIDE_OPEN_INTEGRATED_R2","mm":3,"target":2,"dir":-1,"target_distance_mm":330,"target_polarity":-1,"position_reliable":1,"reference_ready":1,"reference":1898,"median5":0,"hall_support":0,"spatial_phase":2,"ir_applicable":1,"ir_distance_state":"HALL_IR_READY","ir_health_fault":6,"ir_readiness":3,"ir_boot":"761B38FCC6F727BE","ir_epoch":1,"ir_epoch_active":1,"ir_seq":13041,"ir_pulses":6737,"ir_reason":1,"ir_age_ms":5,"ir_span":63,"ir_gap":1,"ir_sat":0,"ir_abort":613,"ir_inferred_added":0,"ir_inferred_removed":0,"ir_calibration":0,"hall_seen":6554469,"ir_seen":12961,"hall_q_drop":0,"ir_q_drop":0,"ir_invalid":13519,"nsr_hall_drop":1,"nsr_ir_drop":0,"nsr_navi_drop":0,"nsr_native_drop":168,"event_drop":0,"pwm0_ir_motion":0,"confirmed":61,"missed":152,"pwm":90,"auto":1,"running":1,"estop":0,"lowvolt":0,"ir_stationary_pwm_warning":1,"pub_drop":0}
2026-09-30T15:01:45.035	ngr/loco/9950011/state/trace	{"consumption_drop":334,"action_drop":0,"command_queue_drop":0,"lossless":false}
2026-09-30T15:01:45.038	ngr/loco/9950011/state/nav	{"state":"NORMAL","mm":3,"target":2,"dir":-1,"session_dir":"CCW","position_reliable":1,"ir_distance_state":"HALL_IR_READY","reference_ready":1,"boot_reference":"PROVISIONAL_OR_SPATIAL","authority":"NAVI_EWO"}
2026-09-30T15:01:45.038	ngr/loco/9950011/telem/ir	{"ir_valid":1,"ir_mmps":0.000,"ir_coupled":0,"ir_speed_reason":"STOPPED","ir_applicable":1,"ir_reason":1,"ir_seq":13041,"ir_pulses":6737,"ir_gap":1,"ir_sat":0,"ir_abort":613,"authority":"NAVI_EWO"}
2026-09-30T15:01:45.038	ngr/loco/9950011/telem/speed	{"ir_valid":1,"ir_mmps":0.000,"ir_coupled":0,"ir_speed_reason":"STOPPED","ir_applicable":1,"ir_reason":1,"ir_seq":13041,"ir_pulses":6737,"ir_gap":1,"ir_sat":0,"ir_abort":613,"authority":"NAVI_EWO"}
2026-09-30T15:01:45.038	ngr/loco/9950011/diag/ir_link	{"radio_ready":1,"seen":26480,"source_mac":"38:18:2B:30:8C:2C","paired_mac":"38:18:2B:30:8C:2C","paired_for_display_only":1,"coupled":0,"invalid_wire":13519,"queue_drop":0}
2026-09-30T15:01:45.038	ngr/loco/9950011/state/throttle	90
2026-09-30T15:01:45.039	ngr/loco/9950011/state/direction	2
2026-09-30T15:01:45.040	ngr/loco/9950011/state/auto	1
2026-09-30T15:01:45.040	ngr/loco/9950011/state/estop	0
2026-09-30T15:01:45.040	ngr/loco/9950011/state/nav_ready	1
2026-09-30T15:01:46.038	ngr/loco/9950011/state/loopstat	{"build":"NAVI_EYES_WIDE_OPEN_INTEGRATED_R2","mm":3,"target":2,"dir":-1,"target_distance_mm":330,"target_polarity":-1,"position_reliable":1,"reference_ready":1,"reference":1898,"median5":0,"hall_support":0,"spatial_phase":2,"ir_applicable":1,"ir_distance_state":"HALL_IR_READY","ir_health_fault":6,"ir_readiness":3,"ir_boot":"761B38FCC6F727BE","ir_epoch":1,"ir_epoch_active":1,"ir_seq":13051,"ir_pulses":6737,"ir_reason":1,"ir_age_ms":5,"ir_span":47,"ir_gap":1,"ir_sat":0,"ir_abort":614,"ir_inferred_added":0,"ir_inferred_removed":0,"ir_calibration":0,"hall_seen":6559469,"ir_seen":12971,"hall_q_drop":0,"ir_q_drop":0,"ir_invalid":13529,"nsr_hall_drop":1,"nsr_ir_drop":0,"nsr_navi_drop":0,"nsr_native_drop":168,"event_drop":0,"pwm0_ir_motion":0,"confirmed":61,"missed":152,"pwm":90,"auto":1,"running":1,"estop":0,"lowvolt":0,"ir_stationary_pwm_warning":1,"pub_drop":0}
2026-09-30T15:01:46.041	ngr/loco/9950011/state/trace	{"consumption_drop":334,"action_drop":0,"command_queue_drop":0,"lossless":false}
2026-09-30T15:01:46.041	ngr/loco/9950011/state/nav	{"state":"NORMAL","mm":3,"target":2,"dir":-1,"session_dir":"CCW","position_reliable":1,"ir_distance_state":"HALL_IR_READY","reference_ready":1,"boot_reference":"PROVISIONAL_OR_SPATIAL","authority":"NAVI_EWO"}
2026-09-30T15:01:46.041	ngr/loco/9950011/telem/ir	{"ir_valid":1,"ir_mmps":0.000,"ir_coupled":0,"ir_speed_reason":"STOPPED","ir_applicable":1,"ir_reason":1,"ir_seq":13051,"ir_pulses":6737,"ir_gap":1,"ir_sat":0,"ir_abort":614,"authority":"NAVI_EWO"}
2026-09-30T15:01:46.042	ngr/loco/9950011/telem/speed	{"ir_valid":1,"ir_mmps":0.000,"ir_coupled":0,"ir_speed_reason":"STOPPED","ir_applicable":1,"ir_reason":1,"ir_seq":13051,"ir_pulses":6737,"ir_gap":1,"ir_sat":0,"ir_abort":614,"authority":"NAVI_EWO"}
2026-09-30T15:01:46.042	ngr/loco/9950011/diag/ir_link	{"radio_ready":1,"seen":26500,"source_mac":"38:18:2B:30:8C:2C","paired_mac":"38:18:2B:30:8C:2C","paired_for_display_only":1,"coupled":0,"invalid_wire":13529,"queue_drop":0}
2026-09-30T15:01:46.042	ngr/loco/9950011/state/throttle	90
2026-09-30T15:01:46.042	ngr/loco/9950011/state/direction	2
2026-09-30T15:01:46.042	ngr/loco/9950011/state/auto	1
2026-09-30T15:01:46.042	ngr/loco/9950011/state/estop	0
2026-09-30T15:01:46.043	ngr/loco/9950011/state/nav_ready	1
2026-09-30T15:01:46.813	ngr/loco/9950011/state/connectivity	{"wifi":1,"ip":"192.168.68.72","rssi":-51,"mqtt":1,"mqtt_state":0,"broker":"192.168.68.142","ir_radio":1,"ir_seen":26515,"ir_coupled":0,"navi_sync":1,"udp_failures":185}
2026-09-30T15:01:47.027	ngr/loco/9950011/state/loopstat	{"build":"NAVI_EYES_WIDE_OPEN_INTEGRATED_R2","mm":3,"target":2,"dir":-1,"target_distance_mm":330,"target_polarity":-1,"position_reliable":1,"reference_ready":1,"reference":1898,"median5":0,"hall_support":0,"spatial_phase":2,"ir_applicable":1,"ir_distance_state":"HALL_IR_READY","ir_health_fault":6,"ir_readiness":3,"ir_boot":"761B38FCC6F727BE","ir_epoch":1,"ir_epoch_active":1,"ir_seq":13061,"ir_pulses":6737,"ir_reason":1,"ir_age_ms":10,"ir_span":63,"ir_gap":1,"ir_sat":0,"ir_abort":615,"ir_inferred_added":0,"ir_inferred_removed":0,"ir_calibration":0,"hall_seen":6564465,"ir_seen":12981,"hall_q_drop":0,"ir_q_drop":0,"ir_invalid":13540,"nsr_hall_drop":1,"nsr_ir_drop":0,"nsr_navi_drop":0,"nsr_native_drop":168,"event_drop":0,"pwm0_ir_motion":0,"confirmed":61,"missed":152,"pwm":90,"auto":1,"running":1,"estop":0,"lowvolt":0,"ir_stationary_pwm_warning":1,"pub_drop":0}
2026-09-30T15:01:47.029	ngr/loco/9950011/state/trace	{"consumption_drop":334,"action_drop":0,"command_queue_drop":0,"lossless":false}
2026-09-30T15:01:47.029	ngr/loco/9950011/state/nav	{"state":"NORMAL","mm":3,"target":2,"dir":-1,"session_dir":"CCW","position_reliable":1,"ir_distance_state":"HALL_IR_READY","reference_ready":1,"boot_reference":"PROVISIONAL_OR_SPATIAL","authority":"NAVI_EWO"}
2026-09-30T15:01:47.037	ngr/loco/9950011/telem/ir	{"ir_valid":1,"ir_mmps":0.000,"ir_coupled":0,"ir_speed_reason":"STOPPED","ir_applicable":1,"ir_reason":1,"ir_seq":13061,"ir_pulses":6737,"ir_gap":1,"ir_sat":0,"ir_abort":615,"authority":"NAVI_EWO"}
2026-09-30T15:01:47.038	ngr/loco/9950011/telem/speed	{"ir_valid":1,"ir_mmps":0.000,"ir_coupled":0,"ir_speed_reason":"STOPPED","ir_applicable":1,"ir_reason":1,"ir_seq":13061,"ir_pulses":6737,"ir_gap":1,"ir_sat":0,"ir_abort":615,"authority":"NAVI_EWO"}
2026-09-30T15:01:47.038	ngr/loco/9950011/diag/ir_link	{"radio_ready":1,"seen":26521,"source_mac":"38:18:2B:30:8C:2C","paired_mac":"38:18:2B:30:8C:2C","paired_for_display_only":1,"coupled":0,"invalid_wire":13540,"queue_drop":0}
2026-09-30T15:01:47.042	ngr/loco/9950011/state/throttle	90
2026-09-30T15:01:47.043	ngr/loco/9950011/state/direction	2
2026-09-30T15:01:47.043	ngr/loco/9950011/state/auto	1
2026-09-30T15:01:47.043	ngr/loco/9950011/state/estop	0
2026-09-30T15:01:47.043	ngr/loco/9950011/state/nav_ready	1
2026-09-30T15:01:48.030	ngr/loco/9950011/state/loopstat	{"build":"NAVI_EYES_WIDE_OPEN_INTEGRATED_R2","mm":3,"target":2,"dir":-1,"target_distance_mm":330,"target_polarity":-1,"position_reliable":1,"reference_ready":1,"reference":1898,"median5":0,"hall_support":0,"spatial_phase":2,"ir_applicable":1,"ir_distance_state":"HALL_IR_READY","ir_health_fault":0,"ir_readiness":2,"ir_boot":"761B38FCC6F727BE","ir_epoch":1,"ir_epoch_active":1,"ir_seq":13071,"ir_pulses":6737,"ir_reason":5,"ir_age_ms":11,"ir_span":2031,"ir_gap":1,"ir_sat":0,"ir_abort":615,"ir_inferred_added":0,"ir_inferred_removed":0,"ir_calibration":0,"hall_seen":6569474,"ir_seen":12991,"hall_q_drop":0,"ir_q_drop":0,"ir_invalid":13550,"nsr_hall_drop":1,"nsr_ir_drop":0,"nsr_navi_drop":0,"nsr_native_drop":168,"event_drop":0,"pwm0_ir_motion":0,"confirmed":61,"missed":152,"pwm":90,"auto":1,"running":1,"estop":0,"lowvolt":0,"ir_stationary_pwm_warning":1,"pub_drop":0}
2026-09-30T15:01:48.037	ngr/loco/9950011/state/trace	{"consumption_drop":334,"action_drop":0,"command_queue_drop":0,"lossless":false}
2026-09-30T15:01:48.037	ngr/loco/9950011/state/nav	{"state":"NORMAL","mm":3,"target":2,"dir":-1,"session_dir":"CCW","position_reliable":1,"ir_distance_state":"HALL_IR_READY","reference_ready":1,"boot_reference":"PROVISIONAL_OR_SPATIAL","authority":"NAVI_EWO"}
2026-09-30T15:01:48.038	ngr/loco/9950011/telem/ir	{"ir_valid":1,"ir_mmps":0.000,"ir_coupled":0,"ir_speed_reason":"STOPPED","ir_applicable":1,"ir_reason":5,"ir_seq":13071,"ir_pulses":6737,"ir_gap":1,"ir_sat":0,"ir_abort":615,"authority":"NAVI_EWO"}
2026-09-30T15:01:48.038	ngr/loco/9950011/telem/speed	{"ir_valid":1,"ir_mmps":0.000,"ir_coupled":0,"ir_speed_reason":"STOPPED","ir_applicable":1,"ir_reason":5,"ir_seq":13071,"ir_pulses":6737,"ir_gap":1,"ir_sat":0,"ir_abort":615,"authority":"NAVI_EWO"}
2026-09-30T15:01:48.038	ngr/loco/9950011/diag/ir_link	{"radio_ready":1,"seen":26541,"source_mac":"38:18:2B:30:8C:2C","paired_mac":"38:18:2B:30:8C:2C","paired_for_display_only":1,"coupled":0,"invalid_wire":13550,"queue_drop":0}
2026-09-30T15:01:48.038	ngr/loco/9950011/state/throttle	90
2026-09-30T15:01:48.039	ngr/loco/9950011/state/direction	2
2026-09-30T15:01:48.045	ngr/loco/9950011/state/auto	1
2026-09-30T15:01:48.045	ngr/loco/9950011/state/estop	0
2026-09-30T15:01:48.046	ngr/loco/9950011/state/nav_ready	1
2026-09-30T15:01:48.853	ngr/loco/9950011/state/lowvolt	0
2026-09-30T15:01:48.855	ngr/loco/9950011/telem/voltage	16.40
2026-09-30T15:01:48.856	ngr/loco/9950011/telem/current	0.27
2026-09-30T15:01:48.867	ngr/loco/9950011/telem/power	5.03
2026-09-30T15:01:49.030	ngr/loco/9950011/state/loopstat	{"build":"NAVI_EYES_WIDE_OPEN_INTEGRATED_R2","mm":3,"target":2,"dir":-1,"target_distance_mm":330,"target_polarity":-1,"position_reliable":1,"reference_ready":1,"reference":1898,"median5":0,"hall_support":0,"spatial_phase":2,"ir_applicable":1,"ir_distance_state":"HALL_IR_READY","ir_health_fault":6,"ir_readiness":3,"ir_boot":"761B38FCC6F727BE","ir_epoch":1,"ir_epoch_active":1,"ir_seq":13081,"ir_pulses":6737,"ir_reason":1,"ir_age_ms":12,"ir_span":31,"ir_gap":1,"ir_sat":0,"ir_abort":616,"ir_inferred_added":0,"ir_inferred_removed":0,"ir_calibration":0,"hall_seen":6574479,"ir_seen":13001,"hall_q_drop":0,"ir_q_drop":0,"ir_invalid":13560,"nsr_hall_drop":1,"nsr_ir_drop":0,"nsr_navi_drop":0,"nsr_native_drop":168,"event_drop":0,"pwm0_ir_motion":0,"confirmed":61,"missed":152,"pwm":90,"auto":1,"running":1,"estop":0,"lowvolt":0,"ir_stationary_pwm_warning":1,"pub_drop":0}
2026-09-30T15:01:49.032	ngr/loco/9950011/state/trace	{"consumption_drop":334,"action_drop":0,"command_queue_drop":0,"lossless":false}
2026-09-30T15:01:49.033	ngr/loco/9950011/state/nav	{"state":"NORMAL","mm":3,"target":2,"dir":-1,"session_dir":"CCW","position_reliable":1,"ir_distance_state":"HALL_IR_READY","reference_ready":1,"boot_reference":"PROVISIONAL_OR_SPATIAL","authority":"NAVI_EWO"}
2026-09-30T15:01:49.033	ngr/loco/9950011/telem/ir	{"ir_valid":1,"ir_mmps":0.000,"ir_coupled":0,"ir_speed_reason":"STOPPED","ir_applicable":1,"ir_reason":1,"ir_seq":13081,"ir_pulses":6737,"ir_gap":1,"ir_sat":0,"ir_abort":616,"authority":"NAVI_EWO"}
2026-09-30T15:01:49.036	ngr/loco/9950011/telem/speed	{"ir_valid":1,"ir_mmps":0.000,"ir_coupled":0,"ir_speed_reason":"STOPPED","ir_applicable":1,"ir_reason":1,"ir_seq":13081,"ir_pulses":6737,"ir_gap":1,"ir_sat":0,"ir_abort":616,"authority":"NAVI_EWO"}
2026-09-30T15:01:49.036	ngr/loco/9950011/diag/ir_link	{"radio_ready":1,"seen":26561,"source_mac":"38:18:2B:30:8C:2C","paired_mac":"38:18:2B:30:8C:2C","paired_for_display_only":1,"coupled":0,"invalid_wire":13560,"queue_drop":0}
2026-09-30T15:01:49.036	ngr/loco/9950011/state/throttle	90
2026-09-30T15:01:49.038	ngr/loco/9950011/state/direction	2
2026-09-30T15:01:49.038	ngr/loco/9950011/state/auto	1
2026-09-30T15:01:49.038	ngr/loco/9950011/state/estop	0
2026-09-30T15:01:49.038	ngr/loco/9950011/state/nav_ready	1
2026-09-30T15:01:50.032	ngr/loco/9950011/state/loopstat	{"build":"NAVI_EYES_WIDE_OPEN_INTEGRATED_R2","mm":3,"target":2,"dir":-1,"target_distance_mm":330,"target_polarity":-1,"position_reliable":1,"reference_ready":1,"reference":1898,"median5":0,"hall_support":0,"spatial_phase":2,"ir_applicable":1,"ir_distance_state":"HALL_IR_READY","ir_health_fault":6,"ir_readiness":3,"ir_boot":"761B38FCC6F727BE","ir_epoch":1,"ir_epoch_active":1,"ir_seq":13090,"ir_pulses":6737,"ir_reason":1,"ir_age_ms":111,"ir_span":15,"ir_gap":1,"ir_sat":0,"ir_abort":616,"ir_inferred_added":0,"ir_inferred_removed":0,"ir_calibration":0,"hall_seen":6579479,"ir_seen":13010,"hall_q_drop":0,"ir_q_drop":0,"ir_invalid":13571,"nsr_hall_drop":1,"nsr_ir_drop":0,"nsr_navi_drop":0,"nsr_native_drop":168,"event_drop":0,"pwm0_ir_motion":0,"confirmed":61,"missed":152,"pwm":90,"auto":1,"running":1,"estop":0,"lowvolt":0,"ir_stationary_pwm_warning":1,"pub_drop":0}
2026-09-30T15:01:50.037	ngr/loco/9950011/state/trace	{"consumption_drop":334,"action_drop":0,"command_queue_drop":0,"lossless":false}
2026-09-30T15:01:50.037	ngr/loco/9950011/state/nav	{"state":"NORMAL","mm":3,"target":2,"dir":-1,"session_dir":"CCW","position_reliable":1,"ir_distance_state":"HALL_IR_READY","reference_ready":1,"boot_reference":"PROVISIONAL_OR_SPATIAL","authority":"NAVI_EWO"}
2026-09-30T15:01:50.039	ngr/loco/9950011/telem/ir	{"ir_valid":1,"ir_mmps":0.000,"ir_coupled":0,"ir_speed_reason":"STOPPED","ir_applicable":1,"ir_reason":1,"ir_seq":13090,"ir_pulses":6737,"ir_gap":1,"ir_sat":0,"ir_abort":616,"authority":"NAVI_EWO"}
2026-09-30T15:01:50.040	ngr/loco/9950011/telem/speed	{"ir_valid":1,"ir_mmps":0.000,"ir_coupled":0,"ir_speed_reason":"STOPPED","ir_applicable":1,"ir_reason":1,"ir_seq":13090,"ir_pulses":6737,"ir_gap":1,"ir_sat":0,"ir_abort":616,"authority":"NAVI_EWO"}
2026-09-30T15:01:50.040	ngr/loco/9950011/diag/ir_link	{"radio_ready":1,"seen":26581,"source_mac":"38:18:2B:30:8C:2C","paired_mac":"38:18:2B:30:8C:2C","paired_for_display_only":1,"coupled":0,"invalid_wire":13571,"queue_drop":0}
2026-09-30T15:01:50.041	ngr/loco/9950011/state/throttle	90
2026-09-30T15:01:50.041	ngr/loco/9950011/state/direction	2
2026-09-30T15:01:50.041	ngr/loco/9950011/state/auto	1
2026-09-30T15:01:50.042	ngr/loco/9950011/state/estop	0
2026-09-30T15:01:50.042	ngr/loco/9950011/state/nav_ready	1
2026-09-30T15:01:51.034	ngr/loco/9950011/state/loopstat	{"build":"NAVI_EYES_WIDE_OPEN_INTEGRATED_R2","mm":3,"target":2,"dir":-1,"target_distance_mm":330,"target_polarity":-1,"position_reliable":1,"reference_ready":1,"reference":1898,"median5":0,"hall_support":0,"spatial_phase":2,"ir_applicable":1,"ir_distance_state":"HALL_IR_READY","ir_health_fault":6,"ir_readiness":3,"ir_boot":"761B38FCC6F727BE","ir_epoch":1,"ir_epoch_active":1,"ir_seq":13100,"ir_pulses":6737,"ir_reason":1,"ir_age_ms":112,"ir_span":47,"ir_gap":1,"ir_sat":0,"ir_abort":616,"ir_inferred_added":0,"ir_inferred_removed":0,"ir_calibration":0,"hall_seen":6584479,"ir_seen":13020,"hall_q_drop":0,"ir_q_drop":0,"ir_invalid":13581,"nsr_hall_drop":1,"nsr_ir_drop":0,"nsr_navi_drop":0,"nsr_native_drop":168,"event_drop":0,"pwm0_ir_motion":0,"confirmed":61,"missed":152,"pwm":90,"auto":1,"running":1,"estop":0,"lowvolt":0,"ir_stationary_pwm_warning":1,"pub_drop":0}
2026-09-30T15:01:51.036	ngr/loco/9950011/state/trace	{"consumption_drop":334,"action_drop":0,"command_queue_drop":0,"lossless":false}
2026-09-30T15:01:51.043	ngr/loco/9950011/state/nav	{"state":"NORMAL","mm":3,"target":2,"dir":-1,"session_dir":"CCW","position_reliable":1,"ir_distance_state":"HALL_IR_READY","reference_ready":1,"boot_reference":"PROVISIONAL_OR_SPATIAL","authority":"NAVI_EWO"}
2026-09-30T15:01:51.044	ngr/loco/9950011/telem/ir	{"ir_valid":1,"ir_mmps":0.000,"ir_coupled":0,"ir_speed_reason":"STOPPED","ir_applicable":1,"ir_reason":1,"ir_seq":13100,"ir_pulses":6737,"ir_gap":1,"ir_sat":0,"ir_abort":616,"authority":"NAVI_EWO"}
2026-09-30T15:01:51.044	ngr/loco/9950011/telem/speed	{"ir_valid":1,"ir_mmps":0.000,"ir_coupled":0,"ir_speed_reason":"STOPPED","ir_applicable":1,"ir_reason":1,"ir_seq":13100,"ir_pulses":6737,"ir_gap":1,"ir_sat":0,"ir_abort":616,"authority":"NAVI_EWO"}
2026-09-30T15:01:51.045	ngr/loco/9950011/diag/ir_link	{"radio_ready":1,"seen":26601,"source_mac":"38:18:2B:30:8C:2C","paired_mac":"38:18:2B:30:8C:2C","paired_for_display_only":1,"coupled":0,"invalid_wire":13581,"queue_drop":0}
2026-09-30T15:01:51.045	ngr/loco/9950011/state/throttle	90
2026-09-30T15:01:51.045	ngr/loco/9950011/state/direction	2
2026-09-30T15:01:51.046	ngr/loco/9950011/state/auto	1
2026-09-30T15:01:51.046	ngr/loco/9950011/state/estop	0
2026-09-30T15:01:51.046	ngr/loco/9950011/state/nav_ready	1
2026-09-30T15:01:51.823	ngr/loco/9950011/state/connectivity	{"wifi":1,"ip":"192.168.68.72","rssi":-52,"mqtt":1,"mqtt_state":0,"broker":"192.168.68.142","ir_radio":1,"ir_seen":26618,"ir_coupled":0,"navi_sync":1,"udp_failures":185}
2026-09-30T15:01:52.040	ngr/loco/9950011/state/loopstat	{"build":"NAVI_EYES_WIDE_OPEN_INTEGRATED_R2","mm":3,"target":2,"dir":-1,"target_distance_mm":330,"target_polarity":-1,"position_reliable":1,"reference_ready":1,"reference":1898,"median5":0,"hall_support":0,"spatial_phase":2,"ir_applicable":1,"ir_distance_state":"HALL_IR_READY","ir_health_fault":6,"ir_readiness":3,"ir_boot":"761B38FCC6F727BE","ir_epoch":1,"ir_epoch_active":1,"ir_seq":13110,"ir_pulses":6737,"ir_reason":1,"ir_age_ms":96,"ir_span":31,"ir_gap":1,"ir_sat":0,"ir_abort":616,"ir_inferred_added":0,"ir_inferred_removed":0,"ir_calibration":0,"hall_seen":6589476,"ir_seen":13030,"hall_q_drop":0,"ir_q_drop":0,"ir_invalid":13592,"nsr_hall_drop":1,"nsr_ir_drop":0,"nsr_navi_drop":0,"nsr_native_drop":168,"event_drop":0,"pwm0_ir_motion":0,"confirmed":61,"missed":152,"pwm":90,"auto":1,"running":1,"estop":0,"lowvolt":0,"ir_stationary_pwm_warning":1,"pub_drop":0}
2026-09-30T15:01:52.047	ngr/loco/9950011/state/trace	{"consumption_drop":334,"action_drop":0,"command_queue_drop":0,"lossless":false}
2026-09-30T15:01:52.047	ngr/loco/9950011/state/nav	{"state":"NORMAL","mm":3,"target":2,"dir":-1,"session_dir":"CCW","position_reliable":1,"ir_distance_state":"HALL_IR_READY","reference_ready":1,"boot_reference":"PROVISIONAL_OR_SPATIAL","authority":"NAVI_EWO"}
2026-09-30T15:01:52.047	ngr/loco/9950011/telem/ir	{"ir_valid":1,"ir_mmps":0.000,"ir_coupled":0,"ir_speed_reason":"STOPPED","ir_applicable":1,"ir_reason":1,"ir_seq":13110,"ir_pulses":6737,"ir_gap":1,"ir_sat":0,"ir_abort":616,"authority":"NAVI_EWO"}
2026-09-30T15:01:52.048	ngr/loco/9950011/telem/speed	{"ir_valid":1,"ir_mmps":0.000,"ir_coupled":0,"ir_speed_reason":"STOPPED","ir_applicable":1,"ir_reason":1,"ir_seq":13110,"ir_pulses":6737,"ir_gap":1,"ir_sat":0,"ir_abort":616,"authority":"NAVI_EWO"}
2026-09-30T15:01:52.048	ngr/loco/9950011/diag/ir_link	{"radio_ready":1,"seen":26622,"source_mac":"38:18:2B:30:8C:2C","paired_mac":"38:18:2B:30:8C:2C","paired_for_display_only":1,"coupled":0,"invalid_wire":13592,"queue_drop":0}
2026-09-30T15:01:52.049	ngr/loco/9950011/state/throttle	90
2026-09-30T15:01:52.050	ngr/loco/9950011/state/direction	2
2026-09-30T15:01:52.050	ngr/loco/9950011/state/auto	1
2026-09-30T15:01:52.050	ngr/loco/9950011/state/estop	0
2026-09-30T15:01:52.050	ngr/loco/9950011/state/nav_ready	1
2026-09-30T15:01:53.035	ngr/loco/9950011/state/loopstat	{"build":"NAVI_EYES_WIDE_OPEN_INTEGRATED_R2","mm":3,"target":2,"dir":-1,"target_distance_mm":330,"target_polarity":-1,"position_reliable":1,"reference_ready":1,"reference":1898,"median5":0,"hall_support":0,"spatial_phase":2,"ir_applicable":1,"ir_distance_state":"HALL_IR_READY","ir_health_fault":6,"ir_readiness":3,"ir_boot":"761B38FCC6F727BE","ir_epoch":1,"ir_epoch_active":1,"ir_seq":13120,"ir_pulses":6737,"ir_reason":1,"ir_age_ms":94,"ir_span":31,"ir_gap":1,"ir_sat":0,"ir_abort":616,"ir_inferred_added":0,"ir_inferred_removed":0,"ir_calibration":0,"hall_seen":6594478,"ir_seen":13040,"hall_q_drop":0,"ir_q_drop":0,"ir_invalid":13602,"nsr_hall_drop":1,"nsr_ir_drop":0,"nsr_navi_drop":0,"nsr_native_drop":168,"event_drop":0,"pwm0_ir_motion":0,"confirmed":61,"missed":152,"pwm":90,"auto":1,"running":1,"estop":0,"lowvolt":0,"ir_stationary_pwm_warning":1,"pub_drop":0}
2026-09-30T15:01:53.038	ngr/loco/9950011/state/trace	{"consumption_drop":334,"action_drop":0,"command_queue_drop":0,"lossless":false}
2026-09-30T15:01:53.042	ngr/loco/9950011/state/nav	{"state":"NORMAL","mm":3,"target":2,"dir":-1,"session_dir":"CCW","position_reliable":1,"ir_distance_state":"HALL_IR_READY","reference_ready":1,"boot_reference":"PROVISIONAL_OR_SPATIAL","authority":"NAVI_EWO"}
2026-09-30T15:01:53.042	ngr/loco/9950011/telem/ir	{"ir_valid":1,"ir_mmps":0.000,"ir_coupled":0,"ir_speed_reason":"STOPPED","ir_applicable":1,"ir_reason":1,"ir_seq":13120,"ir_pulses":6737,"ir_gap":1,"ir_sat":0,"ir_abort":616,"authority":"NAVI_EWO"}
2026-09-30T15:01:53.042	ngr/loco/9950011/telem/speed	{"ir_valid":1,"ir_mmps":0.000,"ir_coupled":0,"ir_speed_reason":"STOPPED","ir_applicable":1,"ir_reason":1,"ir_seq":13120,"ir_pulses":6737,"ir_gap":1,"ir_sat":0,"ir_abort":616,"authority":"NAVI_EWO"}
2026-09-30T15:01:53.046	ngr/loco/9950011/diag/ir_link	{"radio_ready":1,"seen":26642,"source_mac":"38:18:2B:30:8C:2C","paired_mac":"38:18:2B:30:8C:2C","paired_for_display_only":1,"coupled":0,"invalid_wire":13602,"queue_drop":0}
2026-09-30T15:01:53.046	ngr/loco/9950011/state/throttle	90
2026-09-30T15:01:53.046	ngr/loco/9950011/state/direction	2
2026-09-30T15:01:53.046	ngr/loco/9950011/state/auto	1
2026-09-30T15:01:53.046	ngr/loco/9950011/state/estop	0
2026-09-30T15:01:53.047	ngr/loco/9950011/state/nav_ready	1
2026-09-30T15:01:53.846	ngr/loco/9950011/state/lowvolt	0
2026-09-30T15:01:53.850	ngr/loco/9950011/telem/voltage	16.38
2026-09-30T15:01:53.850	ngr/loco/9950011/telem/current	0.32
2026-09-30T15:01:53.850	ngr/loco/9950011/telem/power	5.18
2026-09-30T15:01:54.032	ngr/loco/9950011/state/loopstat	{"build":"NAVI_EYES_WIDE_OPEN_INTEGRATED_R2","mm":3,"target":2,"dir":-1,"target_distance_mm":330,"target_polarity":-1,"position_reliable":1,"reference_ready":1,"reference":1898,"median5":0,"hall_support":0,"spatial_phase":2,"ir_applicable":1,"ir_distance_state":"HALL_IR_READY","ir_health_fault":6,"ir_readiness":3,"ir_boot":"761B38FCC6F727BE","ir_epoch":1,"ir_epoch_active":1,"ir_seq":13131,"ir_pulses":6737,"ir_reason":1,"ir_age_ms":4,"ir_span":31,"ir_gap":1,"ir_sat":0,"ir_abort":616,"ir_inferred_added":0,"ir_inferred_removed":0,"ir_calibration":0,"hall_seen":6599480,"ir_seen":13051,"hall_q_drop":0,"ir_q_drop":0,"ir_invalid":13613,"nsr_hall_drop":1,"nsr_ir_drop":0,"nsr_navi_drop":0,"nsr_native_drop":168,"event_drop":0,"pwm0_ir_motion":0,"confirmed":61,"missed":152,"pwm":90,"auto":1,"running":1,"estop":0,"lowvolt":0,"ir_stationary_pwm_warning":1,"pub_drop":0}
2026-09-30T15:01:54.035	ngr/loco/9950011/state/trace	{"consumption_drop":334,"action_drop":0,"command_queue_drop":0,"lossless":false}
2026-09-30T15:01:54.037	ngr/loco/9950011/state/nav	{"state":"NORMAL","mm":3,"target":2,"dir":-1,"session_dir":"CCW","position_reliable":1,"ir_distance_state":"HALL_IR_READY","reference_ready":1,"boot_reference":"PROVISIONAL_OR_SPATIAL","authority":"NAVI_EWO"}
2026-09-30T15:01:54.037	ngr/loco/9950011/telem/ir	{"ir_valid":1,"ir_mmps":0.000,"ir_coupled":0,"ir_speed_reason":"STOPPED","ir_applicable":1,"ir_reason":1,"ir_seq":13131,"ir_pulses":6737,"ir_gap":1,"ir_sat":0,"ir_abort":616,"authority":"NAVI_EWO"}
2026-09-30T15:01:54.037	ngr/loco/9950011/telem/speed	{"ir_valid":1,"ir_mmps":0.000,"ir_coupled":0,"ir_speed_reason":"STOPPED","ir_applicable":1,"ir_reason":1,"ir_seq":13131,"ir_pulses":6737,"ir_gap":1,"ir_sat":0,"ir_abort":616,"authority":"NAVI_EWO"}
2026-09-30T15:01:54.039	ngr/loco/9950011/diag/ir_link	{"radio_ready":1,"seen":26664,"source_mac":"38:18:2B:30:8C:2C","paired_mac":"38:18:2B:30:8C:2C","paired_for_display_only":1,"coupled":0,"invalid_wire":13613,"queue_drop":0}
2026-09-30T15:01:54.039	ngr/loco/9950011/state/throttle	90
2026-09-30T15:01:54.039	ngr/loco/9950011/state/direction	2
2026-09-30T15:01:54.041	ngr/loco/9950011/state/auto	1
2026-09-30T15:01:54.041	ngr/loco/9950011/state/estop	0
2026-09-30T15:01:54.041	ngr/loco/9950011/state/nav_ready	1
2026-09-30T15:01:55.033	ngr/loco/9950011/state/loopstat	{"build":"NAVI_EYES_WIDE_OPEN_INTEGRATED_R2","mm":3,"target":2,"dir":-1,"target_distance_mm":330,"target_polarity":-1,"position_reliable":1,"reference_ready":1,"reference":1898,"median5":0,"hall_support":0,"spatial_phase":2,"ir_applicable":1,"ir_distance_state":"HALL_IR_READY","ir_health_fault":6,"ir_readiness":3,"ir_boot":"761B38FCC6F727BE","ir_epoch":1,"ir_epoch_active":1,"ir_seq":13141,"ir_pulses":6737,"ir_reason":1,"ir_age_ms":4,"ir_span":31,"ir_gap":1,"ir_sat":0,"ir_abort":616,"ir_inferred_added":0,"ir_inferred_removed":0,"ir_calibration":0,"hall_seen":6604479,"ir_seen":13061,"hall_q_drop":0,"ir_q_drop":0,"ir_invalid":13623,"nsr_hall_drop":1,"nsr_ir_drop":0,"nsr_navi_drop":0,"nsr_native_drop":168,"event_drop":0,"pwm0_ir_motion":0,"confirmed":61,"missed":152,"pwm":90,"auto":1,"running":1,"estop":0,"lowvolt":0,"ir_stationary_pwm_warning":1,"pub_drop":0}
2026-09-30T15:01:55.034	ngr/loco/9950011/state/trace	{"consumption_drop":334,"action_drop":0,"command_queue_drop":0,"lossless":false}
2026-09-30T15:01:55.034	ngr/loco/9950011/state/nav	{"state":"NORMAL","mm":3,"target":2,"dir":-1,"session_dir":"CCW","position_reliable":1,"ir_distance_state":"HALL_IR_READY","reference_ready":1,"boot_reference":"PROVISIONAL_OR_SPATIAL","authority":"NAVI_EWO"}
2026-09-30T15:01:55.034	ngr/loco/9950011/telem/ir	{"ir_valid":1,"ir_mmps":0.000,"ir_coupled":0,"ir_speed_reason":"STOPPED","ir_applicable":1,"ir_reason":1,"ir_seq":13141,"ir_pulses":6737,"ir_gap":1,"ir_sat":0,"ir_abort":616,"authority":"NAVI_EWO"}
2026-09-30T15:01:55.036	ngr/loco/9950011/telem/speed	{"ir_valid":1,"ir_mmps":0.000,"ir_coupled":0,"ir_speed_reason":"STOPPED","ir_applicable":1,"ir_reason":1,"ir_seq":13141,"ir_pulses":6737,"ir_gap":1,"ir_sat":0,"ir_abort":616,"authority":"NAVI_EWO"}
2026-09-30T15:01:55.036	ngr/loco/9950011/diag/ir_link	{"radio_ready":1,"seen":26684,"source_mac":"38:18:2B:30:8C:2C","paired_mac":"38:18:2B:30:8C:2C","paired_for_display_only":1,"coupled":0,"invalid_wire":13623,"queue_drop":0}
2026-09-30T15:01:55.036	ngr/loco/9950011/state/throttle	90
2026-09-30T15:01:55.038	ngr/loco/9950011/state/direction	2
2026-09-30T15:01:55.038	ngr/loco/9950011/state/auto	1
2026-09-30T15:01:55.039	ngr/loco/9950011/state/estop	0
2026-09-30T15:01:55.041	ngr/loco/9950011/state/nav_ready	1
2026-09-30T15:01:56.029	ngr/loco/9950011/state/loopstat	{"build":"NAVI_EYES_WIDE_OPEN_INTEGRATED_R2","mm":3,"target":2,"dir":-1,"target_distance_mm":330,"target_polarity":-1,"position_reliable":1,"reference_ready":1,"reference":1898,"median5":0,"hall_support":0,"spatial_phase":2,"ir_applicable":1,"ir_distance_state":"HALL_IR_READY","ir_health_fault":6,"ir_readiness":3,"ir_boot":"761B38FCC6F727BE","ir_epoch":1,"ir_epoch_active":1,"ir_seq":13151,"ir_pulses":6737,"ir_reason":1,"ir_age_ms":4,"ir_span":31,"ir_gap":1,"ir_sat":0,"ir_abort":616,"ir_inferred_added":0,"ir_inferred_removed":0,"ir_calibration":0,"hall_seen":6609475,"ir_seen":13071,"hall_q_drop":0,"ir_q_drop":0,"ir_invalid":13633,"nsr_hall_drop":1,"nsr_ir_drop":0,"nsr_navi_drop":0,"nsr_native_drop":168,"event_drop":0,"pwm0_ir_motion":0,"confirmed":61,"missed":152,"pwm":90,"auto":1,"running":1,"estop":0,"lowvolt":0,"ir_stationary_pwm_warning":1,"pub_drop":0}
2026-09-30T15:01:56.037	ngr/loco/9950011/state/trace	{"consumption_drop":334,"action_drop":0,"command_queue_drop":0,"lossless":false}
2026-09-30T15:01:56.038	ngr/loco/9950011/state/nav	{"state":"NORMAL","mm":3,"target":2,"dir":-1,"session_dir":"CCW","position_reliable":1,"ir_distance_state":"HALL_IR_READY","reference_ready":1,"boot_reference":"PROVISIONAL_OR_SPATIAL","authority":"NAVI_EWO"}
2026-09-30T15:01:56.038	ngr/loco/9950011/telem/ir	{"ir_valid":1,"ir_mmps":0.000,"ir_coupled":0,"ir_speed_reason":"STOPPED","ir_applicable":1,"ir_reason":1,"ir_seq":13151,"ir_pulses":6737,"ir_gap":1,"ir_sat":0,"ir_abort":616,"authority":"NAVI_EWO"}
2026-09-30T15:01:56.038	ngr/loco/9950011/telem/speed	{"ir_valid":1,"ir_mmps":0.000,"ir_coupled":0,"ir_speed_reason":"STOPPED","ir_applicable":1,"ir_reason":1,"ir_seq":13151,"ir_pulses":6737,"ir_gap":1,"ir_sat":0,"ir_abort":616,"authority":"NAVI_EWO"}
2026-09-30T15:01:56.038	ngr/loco/9950011/diag/ir_link	{"radio_ready":1,"seen":26704,"source_mac":"38:18:2B:30:8C:2C","paired_mac":"38:18:2B:30:8C:2C","paired_for_display_only":1,"coupled":0,"invalid_wire":13633,"queue_drop":0}
2026-09-30T15:01:56.038	ngr/loco/9950011/state/throttle	90
2026-09-30T15:01:56.039	ngr/loco/9950011/state/direction	2
2026-09-30T15:01:56.039	ngr/loco/9950011/state/auto	1
2026-09-30T15:01:56.039	ngr/loco/9950011/state/estop	0
2026-09-30T15:01:56.039	ngr/loco/9950011/state/nav_ready	1
2026-09-30T15:01:56.832	ngr/loco/9950011/state/connectivity	{"wifi":1,"ip":"192.168.68.72","rssi":-43,"mqtt":1,"mqtt_state":0,"broker":"192.168.68.142","ir_radio":1,"ir_seen":26721,"ir_coupled":0,"navi_sync":1,"udp_failures":185}
2026-09-30T15:01:57.032	ngr/loco/9950011/state/loopstat	{"build":"NAVI_EYES_WIDE_OPEN_INTEGRATED_R2","mm":3,"target":2,"dir":-1,"target_distance_mm":330,"target_polarity":-1,"position_reliable":1,"reference_ready":1,"reference":1898,"median5":0,"hall_support":0,"spatial_phase":2,"ir_applicable":1,"ir_distance_state":"HALL_IR_READY","ir_health_fault":6,"ir_readiness":3,"ir_boot":"761B38FCC6F727BE","ir_epoch":1,"ir_epoch_active":1,"ir_seq":13161,"ir_pulses":6737,"ir_reason":1,"ir_age_ms":8,"ir_span":31,"ir_gap":1,"ir_sat":0,"ir_abort":616,"ir_inferred_added":0,"ir_inferred_removed":0,"ir_calibration":0,"hall_seen":6614479,"ir_seen":13081,"hall_q_drop":0,"ir_q_drop":0,"ir_invalid":13644,"nsr_hall_drop":1,"nsr_ir_drop":0,"nsr_navi_drop":0,"nsr_native_drop":168,"event_drop":0,"pwm0_ir_motion":0,"confirmed":61,"missed":152,"pwm":90,"auto":1,"running":1,"estop":0,"lowvolt":0,"ir_stationary_pwm_warning":1,"pub_drop":0}
2026-09-30T15:01:57.036	ngr/loco/9950011/state/trace	{"consumption_drop":334,"action_drop":0,"command_queue_drop":0,"lossless":false}
2026-09-30T15:01:57.037	ngr/loco/9950011/state/nav	{"state":"NORMAL","mm":3,"target":2,"dir":-1,"session_dir":"CCW","position_reliable":1,"ir_distance_state":"HALL_IR_READY","reference_ready":1,"boot_reference":"PROVISIONAL_OR_SPATIAL","authority":"NAVI_EWO"}
2026-09-30T15:01:57.047	ngr/loco/9950011/telem/ir	{"ir_valid":1,"ir_mmps":0.000,"ir_coupled":0,"ir_speed_reason":"STOPPED","ir_applicable":1,"ir_reason":1,"ir_seq":13161,"ir_pulses":6737,"ir_gap":1,"ir_sat":0,"ir_abort":616,"authority":"NAVI_EWO"}
2026-09-30T15:01:57.048	ngr/loco/9950011/telem/speed	{"ir_valid":1,"ir_mmps":0.000,"ir_coupled":0,"ir_speed_reason":"STOPPED","ir_applicable":1,"ir_reason":1,"ir_seq":13161,"ir_pulses":6737,"ir_gap":1,"ir_sat":0,"ir_abort":616,"authority":"NAVI_EWO"}
2026-09-30T15:01:57.048	ngr/loco/9950011/diag/ir_link	{"radio_ready":1,"seen":26725,"source_mac":"38:18:2B:30:8C:2C","paired_mac":"38:18:2B:30:8C:2C","paired_for_display_only":1,"coupled":0,"invalid_wire":13644,"queue_drop":0}
2026-09-30T15:01:57.048	ngr/loco/9950011/state/throttle	90
2026-09-30T15:01:57.048	ngr/loco/9950011/state/direction	2
2026-09-30T15:01:57.048	ngr/loco/9950011/state/auto	1
2026-09-30T15:01:57.051	ngr/loco/9950011/state/estop	0
2026-09-30T15:01:57.051	ngr/loco/9950011/state/nav_ready	1
2026-09-30T15:01:58.031	ngr/loco/9950011/state/loopstat	{"build":"NAVI_EYES_WIDE_OPEN_INTEGRATED_R2","mm":3,"target":2,"dir":-1,"target_distance_mm":330,"target_polarity":-1,"position_reliable":1,"reference_ready":1,"reference":1898,"median5":0,"hall_support":0,"spatial_phase":2,"ir_applicable":1,"ir_distance_state":"HALL_IR_READY","ir_health_fault":6,"ir_readiness":3,"ir_boot":"761B38FCC6F727BE","ir_epoch":1,"ir_epoch_active":1,"ir_seq":13170,"ir_pulses":6737,"ir_reason":1,"ir_age_ms":104,"ir_span":15,"ir_gap":1,"ir_sat":0,"ir_abort":616,"ir_inferred_added":0,"ir_inferred_removed":0,"ir_calibration":0,"hall_seen":6619479,"ir_seen":13090,"hall_q_drop":0,"ir_q_drop":0,"ir_invalid":13654,"nsr_hall_drop":1,"nsr_ir_drop":0,"nsr_navi_drop":0,"nsr_native_drop":168,"event_drop":0,"pwm0_ir_motion":0,"confirmed":61,"missed":152,"pwm":90,"auto":1,"running":1,"estop":0,"lowvolt":0,"ir_stationary_pwm_warning":1,"pub_drop":0}
2026-09-30T15:01:58.033	ngr/loco/9950011/state/trace	{"consumption_drop":334,"action_drop":0,"command_queue_drop":0,"lossless":false}
2026-09-30T15:01:58.034	ngr/loco/9950011/state/nav	{"state":"NORMAL","mm":3,"target":2,"dir":-1,"session_dir":"CCW","position_reliable":1,"ir_distance_state":"HALL_IR_READY","reference_ready":1,"boot_reference":"PROVISIONAL_OR_SPATIAL","authority":"NAVI_EWO"}
2026-09-30T15:01:58.034	ngr/loco/9950011/telem/ir	{"ir_valid":1,"ir_mmps":0.000,"ir_coupled":0,"ir_speed_reason":"STOPPED","ir_applicable":1,"ir_reason":1,"ir_seq":13170,"ir_pulses":6737,"ir_gap":1,"ir_sat":0,"ir_abort":616,"authority":"NAVI_EWO"}
2026-09-30T15:01:58.039	ngr/loco/9950011/telem/speed	{"ir_valid":1,"ir_mmps":0.000,"ir_coupled":0,"ir_speed_reason":"STOPPED","ir_applicable":1,"ir_reason":1,"ir_seq":13170,"ir_pulses":6737,"ir_gap":1,"ir_sat":0,"ir_abort":616,"authority":"NAVI_EWO"}
2026-09-30T15:01:58.039	ngr/loco/9950011/diag/ir_link	{"radio_ready":1,"seen":26744,"source_mac":"38:18:2B:30:8C:2C","paired_mac":"38:18:2B:30:8C:2C","paired_for_display_only":1,"coupled":0,"invalid_wire":13654,"queue_drop":0}
2026-09-30T15:01:58.039	ngr/loco/9950011/state/throttle	90
2026-09-30T15:01:58.042	ngr/loco/9950011/state/direction	2
2026-09-30T15:01:58.042	ngr/loco/9950011/state/auto	1
2026-09-30T15:01:58.042	ngr/loco/9950011/state/estop	0
2026-09-30T15:01:58.042	ngr/loco/9950011/state/nav_ready	1
2026-09-30T15:01:58.846	ngr/loco/9950011/state/lowvolt	0
2026-09-30T15:01:58.900	ngr/loco/9950011/telem/voltage	16.39
2026-09-30T15:01:58.900	ngr/loco/9950011/telem/current	0.31
2026-09-30T15:01:58.900	ngr/loco/9950011/telem/power	5.12
2026-09-30T15:01:59.036	ngr/loco/9950011/state/loopstat	{"build":"NAVI_EYES_WIDE_OPEN_INTEGRATED_R2","mm":3,"target":2,"dir":-1,"target_distance_mm":330,"target_polarity":-1,"position_reliable":1,"reference_ready":1,"reference":1898,"median5":0,"hall_support":0,"spatial_phase":2,"ir_applicable":1,"ir_distance_state":"HALL_IR_READY","ir_health_fault":6,"ir_readiness":3,"ir_boot":"761B38FCC6F727BE","ir_epoch":1,"ir_epoch_active":1,"ir_seq":13180,"ir_pulses":6737,"ir_reason":1,"ir_age_ms":88,"ir_span":31,"ir_gap":1,"ir_sat":0,"ir_abort":616,"ir_inferred_added":0,"ir_inferred_removed":0,"ir_calibration":0,"hall_seen":6624479,"ir_seen":13100,"hall_q_drop":0,"ir_q_drop":0,"ir_invalid":13665,"nsr_hall_drop":1,"nsr_ir_drop":0,"nsr_navi_drop":0,"nsr_native_drop":168,"event_drop":0,"pwm0_ir_motion":0,"confirmed":61,"missed":152,"pwm":90,"auto":1,"running":1,"estop":0,"lowvolt":0,"ir_stationary_pwm_warning":1,"pub_drop":0}
2026-09-30T15:01:59.039	ngr/loco/9950011/state/trace	{"consumption_drop":334,"action_drop":0,"command_queue_drop":0,"lossless":false}
2026-09-30T15:01:59.039	ngr/loco/9950011/state/nav	{"state":"NORMAL","mm":3,"target":2,"dir":-1,"session_dir":"CCW","position_reliable":1,"ir_distance_state":"HALL_IR_READY","reference_ready":1,"boot_reference":"PROVISIONAL_OR_SPATIAL","authority":"NAVI_EWO"}
2026-09-30T15:01:59.039	ngr/loco/9950011/telem/ir	{"ir_valid":1,"ir_mmps":0.000,"ir_coupled":0,"ir_speed_reason":"STOPPED","ir_applicable":1,"ir_reason":1,"ir_seq":13180,"ir_pulses":6737,"ir_gap":1,"ir_sat":0,"ir_abort":616,"authority":"NAVI_EWO"}
2026-09-30T15:01:59.039	ngr/loco/9950011/telem/speed	{"ir_valid":1,"ir_mmps":0.000,"ir_coupled":0,"ir_speed_reason":"STOPPED","ir_applicable":1,"ir_reason":1,"ir_seq":13180,"ir_pulses":6737,"ir_gap":1,"ir_sat":0,"ir_abort":616,"authority":"NAVI_EWO"}
2026-09-30T15:01:59.040	ngr/loco/9950011/diag/ir_link	{"radio_ready":1,"seen":26765,"source_mac":"38:18:2B:30:8C:2C","paired_mac":"38:18:2B:30:8C:2C","paired_for_display_only":1,"coupled":0,"invalid_wire":13665,"queue_drop":0}
2026-09-30T15:01:59.040	ngr/loco/9950011/state/throttle	90
2026-09-30T15:01:59.041	ngr/loco/9950011/state/direction	2
2026-09-30T15:01:59.041	ngr/loco/9950011/state/auto	1
2026-09-30T15:01:59.041	ngr/loco/9950011/state/estop	0
2026-09-30T15:01:59.043	ngr/loco/9950011/state/nav_ready	1
2026-09-30T15:02:00.038	ngr/loco/9950011/state/loopstat	{"build":"NAVI_EYES_WIDE_OPEN_INTEGRATED_R2","mm":3,"target":2,"dir":-1,"target_distance_mm":330,"target_polarity":-1,"position_reliable":1,"reference_ready":1,"reference":1898,"median5":0,"hall_support":0,"spatial_phase":2,"ir_applicable":1,"ir_distance_state":"HALL_IR_READY","ir_health_fault":6,"ir_readiness":3,"ir_boot":"761B38FCC6F727BE","ir_epoch":1,"ir_epoch_active":1,"ir_seq":13190,"ir_pulses":6737,"ir_reason":1,"ir_age_ms":88,"ir_span":31,"ir_gap":1,"ir_sat":0,"ir_abort":616,"ir_inferred_added":0,"ir_inferred_removed":0,"ir_calibration":0,"hall_seen":6629480,"ir_seen":13110,"hall_q_drop":0,"ir_q_drop":0,"ir_invalid":13675,"nsr_hall_drop":1,"nsr_ir_drop":0,"nsr_navi_drop":0,"nsr_native_drop":168,"event_drop":0,"pwm0_ir_motion":0,"confirmed":61,"missed":152,"pwm":90,"auto":1,"running":1,"estop":0,"lowvolt":0,"ir_stationary_pwm_warning":1,"pub_drop":0}
2026-09-30T15:02:00.045	ngr/loco/9950011/state/trace	{"consumption_drop":334,"action_drop":0,"command_queue_drop":0,"lossless":false}
2026-09-30T15:02:00.046	ngr/loco/9950011/state/nav	{"state":"NORMAL","mm":3,"target":2,"dir":-1,"session_dir":"CCW","position_reliable":1,"ir_distance_state":"HALL_IR_READY","reference_ready":1,"boot_reference":"PROVISIONAL_OR_SPATIAL","authority":"NAVI_EWO"}
2026-09-30T15:02:00.046	ngr/loco/9950011/telem/ir	{"ir_valid":1,"ir_mmps":0.000,"ir_coupled":0,"ir_speed_reason":"STOPPED","ir_applicable":1,"ir_reason":1,"ir_seq":13190,"ir_pulses":6737,"ir_gap":1,"ir_sat":0,"ir_abort":616,"authority":"NAVI_EWO"}
2026-09-30T15:02:00.046	ngr/loco/9950011/telem/speed	{"ir_valid":1,"ir_mmps":0.000,"ir_coupled":0,"ir_speed_reason":"STOPPED","ir_applicable":1,"ir_reason":1,"ir_seq":13190,"ir_pulses":6737,"ir_gap":1,"ir_sat":0,"ir_abort":616,"authority":"NAVI_EWO"}
2026-09-30T15:02:00.046	ngr/loco/9950011/diag/ir_link	{"radio_ready":1,"seen":26785,"source_mac":"38:18:2B:30:8C:2C","paired_mac":"38:18:2B:30:8C:2C","paired_for_display_only":1,"coupled":0,"invalid_wire":13675,"queue_drop":0}
2026-09-30T15:02:00.046	ngr/loco/9950011/state/throttle	90
2026-09-30T15:02:00.046	ngr/loco/9950011/state/direction	2
2026-09-30T15:02:00.047	ngr/loco/9950011/state/auto	1
2026-09-30T15:02:00.047	ngr/loco/9950011/state/estop	0
2026-09-30T15:02:00.047	ngr/loco/9950011/state/nav_ready	1
2026-09-30T15:02:01.050	ngr/loco/9950011/state/loopstat	{"build":"NAVI_EYES_WIDE_OPEN_INTEGRATED_R2","mm":3,"target":2,"dir":-1,"target_distance_mm":330,"target_polarity":-1,"position_reliable":1,"reference_ready":1,"reference":1898,"median5":0,"hall_support":0,"spatial_phase":2,"ir_applicable":1,"ir_distance_state":"HALL_IR_READY","ir_health_fault":6,"ir_readiness":3,"ir_boot":"761B38FCC6F727BE","ir_epoch":1,"ir_epoch_active":1,"ir_seq":13200,"ir_pulses":6737,"ir_reason":1,"ir_age_ms":92,"ir_span":31,"ir_gap":1,"ir_sat":0,"ir_abort":616,"ir_inferred_added":0,"ir_inferred_removed":0,"ir_calibration":0,"hall_seen":6634476,"ir_seen":13120,"hall_q_drop":0,"ir_q_drop":0,"ir_invalid":13685,"nsr_hall_drop":1,"nsr_ir_drop":0,"nsr_navi_drop":0,"nsr_native_drop":168,"event_drop":0,"pwm0_ir_motion":0,"confirmed":61,"missed":152,"pwm":90,"auto":1,"running":1,"estop":0,"lowvolt":0,"ir_stationary_pwm_warning":1,"pub_drop":0}
2026-09-30T15:02:01.054	ngr/loco/9950011/state/trace	{"consumption_drop":334,"action_drop":0,"command_queue_drop":0,"lossless":false}
2026-09-30T15:02:01.055	ngr/loco/9950011/state/nav	{"state":"NORMAL","mm":3,"target":2,"dir":-1,"session_dir":"CCW","position_reliable":1,"ir_distance_state":"HALL_IR_READY","reference_ready":1,"boot_reference":"PROVISIONAL_OR_SPATIAL","authority":"NAVI_EWO"}
2026-09-30T15:02:01.055	ngr/loco/9950011/telem/ir	{"ir_valid":1,"ir_mmps":0.000,"ir_coupled":0,"ir_speed_reason":"STOPPED","ir_applicable":1,"ir_reason":1,"ir_seq":13200,"ir_pulses":6737,"ir_gap":1,"ir_sat":0,"ir_abort":616,"authority":"NAVI_EWO"}
2026-09-30T15:02:01.055	ngr/loco/9950011/telem/speed	{"ir_valid":1,"ir_mmps":0.000,"ir_coupled":0,"ir_speed_reason":"STOPPED","ir_applicable":1,"ir_reason":1,"ir_seq":13200,"ir_pulses":6737,"ir_gap":1,"ir_sat":0,"ir_abort":616,"authority":"NAVI_EWO"}
2026-09-30T15:02:01.055	ngr/loco/9950011/diag/ir_link	{"radio_ready":1,"seen":26805,"source_mac":"38:18:2B:30:8C:2C","paired_mac":"38:18:2B:30:8C:2C","paired_for_display_only":1,"coupled":0,"invalid_wire":13685,"queue_drop":0}
2026-09-30T15:02:01.055	ngr/loco/9950011/state/throttle	90
2026-09-30T15:02:01.056	ngr/loco/9950011/state/direction	2
2026-09-30T15:02:01.056	ngr/loco/9950011/state/auto	1
2026-09-30T15:02:01.056	ngr/loco/9950011/state/estop	0
2026-09-30T15:02:01.056	ngr/loco/9950011/state/nav_ready	1
2026-09-30T15:02:01.837	ngr/loco/9950011/state/connectivity	{"wifi":1,"ip":"192.168.68.72","rssi":-52,"mqtt":1,"mqtt_state":0,"broker":"192.168.68.142","ir_radio":1,"ir_seen":26823,"ir_coupled":0,"navi_sync":1,"udp_failures":185}
2026-09-30T15:02:02.028	ngr/loco/9950011/state/loopstat	{"build":"NAVI_EYES_WIDE_OPEN_INTEGRATED_R2","mm":3,"target":2,"dir":-1,"target_distance_mm":330,"target_polarity":-1,"position_reliable":1,"reference_ready":1,"reference":1898,"median5":0,"hall_support":0,"spatial_phase":2,"ir_applicable":1,"ir_distance_state":"HALL_IR_READY","ir_health_fault":6,"ir_readiness":3,"ir_boot":"761B38FCC6F727BE","ir_epoch":1,"ir_epoch_active":1,"ir_seq":13210,"ir_pulses":6737,"ir_reason":1,"ir_age_ms":93,"ir_span":15,"ir_gap":1,"ir_sat":0,"ir_abort":616,"ir_inferred_added":0,"ir_inferred_removed":0,"ir_calibration":0,"hall_seen":6639485,"ir_seen":13130,"hall_q_drop":0,"ir_q_drop":0,"ir_invalid":13696,"nsr_hall_drop":1,"nsr_ir_drop":0,"nsr_navi_drop":0,"nsr_native_drop":168,"event_drop":0,"pwm0_ir_motion":0,"confirmed":61,"missed":152,"pwm":90,"auto":1,"running":1,"estop":0,"lowvolt":0,"ir_stationary_pwm_warning":1,"pub_drop":0}
2026-09-30T15:02:02.030	ngr/loco/9950011/state/trace	{"consumption_drop":334,"action_drop":0,"command_queue_drop":0,"lossless":false}
2026-09-30T15:02:02.034	ngr/loco/9950011/state/nav	{"state":"NORMAL","mm":3,"target":2,"dir":-1,"session_dir":"CCW","position_reliable":1,"ir_distance_state":"HALL_IR_READY","reference_ready":1,"boot_reference":"PROVISIONAL_OR_SPATIAL","authority":"NAVI_EWO"}
2026-09-30T15:02:02.034	ngr/loco/9950011/telem/ir	{"ir_valid":1,"ir_mmps":0.000,"ir_coupled":0,"ir_speed_reason":"STOPPED","ir_applicable":1,"ir_reason":1,"ir_seq":13210,"ir_pulses":6737,"ir_gap":1,"ir_sat":0,"ir_abort":616,"authority":"NAVI_EWO"}
2026-09-30T15:02:02.036	ngr/loco/9950011/telem/speed	{"ir_valid":1,"ir_mmps":0.000,"ir_coupled":0,"ir_speed_reason":"STOPPED","ir_applicable":1,"ir_reason":1,"ir_seq":13210,"ir_pulses":6737,"ir_gap":1,"ir_sat":0,"ir_abort":616,"authority":"NAVI_EWO"}
2026-09-30T15:02:02.037	ngr/loco/9950011/diag/ir_link	{"radio_ready":1,"seen":26826,"source_mac":"38:18:2B:30:8C:2C","paired_mac":"38:18:2B:30:8C:2C","paired_for_display_only":1,"coupled":0,"invalid_wire":13696,"queue_drop":0}
2026-09-30T15:02:02.037	ngr/loco/9950011/state/throttle	90
2026-09-30T15:02:02.037	ngr/loco/9950011/state/direction	2
2026-09-30T15:02:02.038	ngr/loco/9950011/state/auto	1
2026-09-30T15:02:02.039	ngr/loco/9950011/state/estop	0
2026-09-30T15:02:02.039	ngr/loco/9950011/state/nav_ready	1
2026-09-30T15:02:03.030	ngr/loco/9950011/state/loopstat	{"build":"NAVI_EYES_WIDE_OPEN_INTEGRATED_R2","mm":3,"target":2,"dir":-1,"target_distance_mm":330,"target_polarity":-1,"position_reliable":1,"reference_ready":1,"reference":1898,"median5":0,"hall_support":0,"spatial_phase":2,"ir_applicable":1,"ir_distance_state":"HALL_IR_READY","ir_health_fault":6,"ir_readiness":3,"ir_boot":"761B38FCC6F727BE","ir_epoch":1,"ir_epoch_active":1,"ir_seq":13220,"ir_pulses":6737,"ir_reason":1,"ir_age_ms":94,"ir_span":15,"ir_gap":1,"ir_sat":0,"ir_abort":616,"ir_inferred_added":0,"ir_inferred_removed":0,"ir_calibration":0,"hall_seen":6644489,"ir_seen":13140,"hall_q_drop":0,"ir_q_drop":0,"ir_invalid":13706,"nsr_hall_drop":1,"nsr_ir_drop":0,"nsr_navi_drop":0,"nsr_native_drop":168,"event_drop":0,"pwm0_ir_motion":0,"confirmed":61,"missed":152,"pwm":90,"auto":1,"running":1,"estop":0,"lowvolt":0,"ir_stationary_pwm_warning":1,"pub_drop":0}
2026-09-30T15:02:03.032	ngr/loco/9950011/state/trace	{"consumption_drop":334,"action_drop":0,"command_queue_drop":0,"lossless":false}
2026-09-30T15:02:03.035	ngr/loco/9950011/state/nav	{"state":"NORMAL","mm":3,"target":2,"dir":-1,"session_dir":"CCW","position_reliable":1,"ir_distance_state":"HALL_IR_READY","reference_ready":1,"boot_reference":"PROVISIONAL_OR_SPATIAL","authority":"NAVI_EWO"}
2026-09-30T15:02:03.035	ngr/loco/9950011/telem/ir	{"ir_valid":1,"ir_mmps":0.000,"ir_coupled":0,"ir_speed_reason":"STOPPED","ir_applicable":1,"ir_reason":1,"ir_seq":13220,"ir_pulses":6737,"ir_gap":1,"ir_sat":0,"ir_abort":616,"authority":"NAVI_EWO"}
2026-09-30T15:02:03.039	ngr/loco/9950011/telem/speed	{"ir_valid":1,"ir_mmps":0.000,"ir_coupled":0,"ir_speed_reason":"STOPPED","ir_applicable":1,"ir_reason":1,"ir_seq":13220,"ir_pulses":6737,"ir_gap":1,"ir_sat":0,"ir_abort":616,"authority":"NAVI_EWO"}
2026-09-30T15:02:03.040	ngr/loco/9950011/diag/ir_link	{"radio_ready":1,"seen":26846,"source_mac":"38:18:2B:30:8C:2C","paired_mac":"38:18:2B:30:8C:2C","paired_for_display_only":1,"coupled":0,"invalid_wire":13706,"queue_drop":0}
2026-09-30T15:02:03.040	ngr/loco/9950011/state/throttle	90
2026-09-30T15:02:03.042	ngr/loco/9950011/state/direction	2
2026-09-30T15:02:03.042	ngr/loco/9950011/state/auto	1
2026-09-30T15:02:03.042	ngr/loco/9950011/state/estop	0
2026-09-30T15:02:03.042	ngr/loco/9950011/state/nav_ready	1
2026-09-30T15:02:03.849	ngr/loco/9950011/state/lowvolt	0
2026-09-30T15:02:03.851	ngr/loco/9950011/telem/voltage	16.33
2026-09-30T15:02:03.854	ngr/loco/9950011/telem/current	0.29
2026-09-30T15:02:03.854	ngr/loco/9950011/telem/power	4.73
2026-09-30T15:02:04.039	ngr/loco/9950011/state/loopstat	{"build":"NAVI_EYES_WIDE_OPEN_INTEGRATED_R2","mm":3,"target":2,"dir":-1,"target_distance_mm":330,"target_polarity":-1,"position_reliable":1,"reference_ready":1,"reference":1898,"median5":0,"hall_support":0,"spatial_phase":2,"ir_applicable":1,"ir_distance_state":"HALL_IR_READY","ir_health_fault":6,"ir_readiness":3,"ir_boot":"761B38FCC6F727BE","ir_epoch":1,"ir_epoch_active":1,"ir_seq":13231,"ir_pulses":6737,"ir_reason":1,"ir_age_ms":2,"ir_span":31,"ir_gap":1,"ir_sat":0,"ir_abort":616,"ir_inferred_added":0,"ir_inferred_removed":0,"ir_calibration":0,"hall_seen":6649488,"ir_seen":13151,"hall_q_drop":0,"ir_q_drop":0,"ir_invalid":13717,"nsr_hall_drop":1,"nsr_ir_drop":0,"nsr_navi_drop":0,"nsr_native_drop":168,"event_drop":0,"pwm0_ir_motion":0,"confirmed":61,"missed":152,"pwm":90,"auto":1,"running":1,"estop":0,"lowvolt":0,"ir_stationary_pwm_warning":1,"pub_drop":0}
2026-09-30T15:02:04.042	ngr/loco/9950011/state/trace	{"consumption_drop":334,"action_drop":0,"command_queue_drop":0,"lossless":false}
2026-09-30T15:02:04.042	ngr/loco/9950011/state/nav	{"state":"NORMAL","mm":3,"target":2,"dir":-1,"session_dir":"CCW","position_reliable":1,"ir_distance_state":"HALL_IR_READY","reference_ready":1,"boot_reference":"PROVISIONAL_OR_SPATIAL","authority":"NAVI_EWO"}
2026-09-30T15:02:04.042	ngr/loco/9950011/telem/ir	{"ir_valid":1,"ir_mmps":0.000,"ir_coupled":0,"ir_speed_reason":"STOPPED","ir_applicable":1,"ir_reason":1,"ir_seq":13231,"ir_pulses":6737,"ir_gap":1,"ir_sat":0,"ir_abort":616,"authority":"NAVI_EWO"}
2026-09-30T15:02:04.043	ngr/loco/9950011/telem/speed	{"ir_valid":1,"ir_mmps":0.000,"ir_coupled":0,"ir_speed_reason":"STOPPED","ir_applicable":1,"ir_reason":1,"ir_seq":13231,"ir_pulses":6737,"ir_gap":1,"ir_sat":0,"ir_abort":616,"authority":"NAVI_EWO"}
2026-09-30T15:02:04.046	ngr/loco/9950011/diag/ir_link	{"radio_ready":1,"seen":26868,"source_mac":"38:18:2B:30:8C:2C","paired_mac":"38:18:2B:30:8C:2C","paired_for_display_only":1,"coupled":0,"invalid_wire":13717,"queue_drop":0}
2026-09-30T15:02:04.047	ngr/loco/9950011/state/throttle	90
2026-09-30T15:02:04.047	ngr/loco/9950011/state/direction	2
2026-09-30T15:02:04.050	ngr/loco/9950011/state/auto	1
2026-09-30T15:02:04.051	ngr/loco/9950011/state/estop	0
2026-09-30T15:02:04.051	ngr/loco/9950011/state/nav_ready	1
2026-09-30T15:02:05.040	ngr/loco/9950011/state/loopstat	{"build":"NAVI_EYES_WIDE_OPEN_INTEGRATED_R2","mm":3,"target":2,"dir":-1,"target_distance_mm":330,"target_polarity":-1,"position_reliable":1,"reference_ready":1,"reference":1898,"median5":0,"hall_support":0,"spatial_phase":2,"ir_applicable":1,"ir_distance_state":"HALL_IR_READY","ir_health_fault":6,"ir_readiness":3,"ir_boot":"761B38FCC6F727BE","ir_epoch":1,"ir_epoch_active":1,"ir_seq":13241,"ir_pulses":6737,"ir_reason":1,"ir_age_ms":2,"ir_span":31,"ir_gap":1,"ir_sat":0,"ir_abort":616,"ir_inferred_added":0,"ir_inferred_removed":0,"ir_calibration":0,"hall_seen":6654490,"ir_seen":13161,"hall_q_drop":0,"ir_q_drop":0,"ir_invalid":13727,"nsr_hall_drop":1,"nsr_ir_drop":0,"nsr_navi_drop":0,"nsr_native_drop":168,"event_drop":0,"pwm0_ir_motion":0,"confirmed":61,"missed":152,"pwm":90,"auto":1,"running":1,"estop":0,"lowvolt":0,"ir_stationary_pwm_warning":1,"pub_drop":0}
2026-09-30T15:02:05.044	ngr/loco/9950011/state/trace	{"consumption_drop":334,"action_drop":0,"command_queue_drop":0,"lossless":false}
2026-09-30T15:02:05.044	ngr/loco/9950011/state/nav	{"state":"NORMAL","mm":3,"target":2,"dir":-1,"session_dir":"CCW","position_reliable":1,"ir_distance_state":"HALL_IR_READY","reference_ready":1,"boot_reference":"PROVISIONAL_OR_SPATIAL","authority":"NAVI_EWO"}
2026-09-30T15:02:05.044	ngr/loco/9950011/telem/ir	{"ir_valid":1,"ir_mmps":0.000,"ir_coupled":0,"ir_speed_reason":"STOPPED","ir_applicable":1,"ir_reason":1,"ir_seq":13241,"ir_pulses":6737,"ir_gap":1,"ir_sat":0,"ir_abort":616,"authority":"NAVI_EWO"}
2026-09-30T15:02:05.044	ngr/loco/9950011/telem/speed	{"ir_valid":1,"ir_mmps":0.000,"ir_coupled":0,"ir_speed_reason":"STOPPED","ir_applicable":1,"ir_reason":1,"ir_seq":13241,"ir_pulses":6737,"ir_gap":1,"ir_sat":0,"ir_abort":616,"authority":"NAVI_EWO"}
2026-09-30T15:02:05.044	ngr/loco/9950011/diag/ir_link	{"radio_ready":1,"seen":26888,"source_mac":"38:18:2B:30:8C:2C","paired_mac":"38:18:2B:30:8C:2C","paired_for_display_only":1,"coupled":0,"invalid_wire":13727,"queue_drop":0}
2026-09-30T15:02:05.045	ngr/loco/9950011/state/throttle	90
2026-09-30T15:02:05.049	ngr/loco/9950011/state/direction	2
2026-09-30T15:02:05.049	ngr/loco/9950011/state/auto	1
2026-09-30T15:02:05.049	ngr/loco/9950011/state/estop	0
2026-09-30T15:02:05.050	ngr/loco/9950011/state/nav_ready	1
2026-09-30T15:02:06.031	ngr/loco/9950011/state/loopstat	{"build":"NAVI_EYES_WIDE_OPEN_INTEGRATED_R2","mm":3,"target":2,"dir":-1,"target_distance_mm":330,"target_polarity":-1,"position_reliable":1,"reference_ready":1,"reference":1898,"median5":0,"hall_support":0,"spatial_phase":2,"ir_applicable":1,"ir_distance_state":"HALL_IR_READY","ir_health_fault":6,"ir_readiness":3,"ir_boot":"761B38FCC6F727BE","ir_epoch":1,"ir_epoch_active":1,"ir_seq":13251,"ir_pulses":6737,"ir_reason":1,"ir_age_ms":6,"ir_span":31,"ir_gap":1,"ir_sat":0,"ir_abort":616,"ir_inferred_added":0,"ir_inferred_removed":0,"ir_calibration":0,"hall_seen":6659489,"ir_seen":13171,"hall_q_drop":0,"ir_q_drop":0,"ir_invalid":13738,"nsr_hall_drop":1,"nsr_ir_drop":0,"nsr_navi_drop":0,"nsr_native_drop":168,"event_drop":0,"pwm0_ir_motion":0,"confirmed":61,"missed":152,"pwm":90,"auto":1,"running":1,"estop":0,"lowvolt":0,"ir_stationary_pwm_warning":1,"pub_drop":0}
2026-09-30T15:02:06.034	ngr/loco/9950011/state/trace	{"consumption_drop":334,"action_drop":0,"command_queue_drop":0,"lossless":false}
2026-09-30T15:02:06.043	ngr/loco/9950011/state/nav	{"state":"NORMAL","mm":3,"target":2,"dir":-1,"session_dir":"CCW","position_reliable":1,"ir_distance_state":"HALL_IR_READY","reference_ready":1,"boot_reference":"PROVISIONAL_OR_SPATIAL","authority":"NAVI_EWO"}
2026-09-30T15:02:06.044	ngr/loco/9950011/telem/ir	{"ir_valid":1,"ir_mmps":0.000,"ir_coupled":0,"ir_speed_reason":"STOPPED","ir_applicable":1,"ir_reason":1,"ir_seq":13251,"ir_pulses":6737,"ir_gap":1,"ir_sat":0,"ir_abort":616,"authority":"NAVI_EWO"}
2026-09-30T15:02:06.044	ngr/loco/9950011/telem/speed	{"ir_valid":1,"ir_mmps":0.000,"ir_coupled":0,"ir_speed_reason":"STOPPED","ir_applicable":1,"ir_reason":1,"ir_seq":13251,"ir_pulses":6737,"ir_gap":1,"ir_sat":0,"ir_abort":616,"authority":"NAVI_EWO"}
2026-09-30T15:02:06.044	ngr/loco/9950011/diag/ir_link	{"radio_ready":1,"seen":26909,"source_mac":"38:18:2B:30:8C:2C","paired_mac":"38:18:2B:30:8C:2C","paired_for_display_only":1,"coupled":0,"invalid_wire":13738,"queue_drop":0}
2026-09-30T15:02:06.046	ngr/loco/9950011/state/throttle	90
2026-09-30T15:02:06.046	ngr/loco/9950011/state/direction	2
2026-09-30T15:02:06.046	ngr/loco/9950011/state/auto	1
2026-09-30T15:02:06.046	ngr/loco/9950011/state/estop	0
2026-09-30T15:02:06.046	ngr/loco/9950011/state/nav_ready	1
2026-09-30T15:02:06.843	ngr/loco/9950011/state/connectivity	{"wifi":1,"ip":"192.168.68.72","rssi":-55,"mqtt":1,"mqtt_state":0,"broker":"192.168.68.142","ir_radio":1,"ir_seen":26925,"ir_coupled":0,"navi_sync":1,"udp_failures":185}
2026-09-30T15:02:07.030	ngr/loco/9950011/state/loopstat	{"build":"NAVI_EYES_WIDE_OPEN_INTEGRATED_R2","mm":3,"target":2,"dir":-1,"target_distance_mm":330,"target_polarity":-1,"position_reliable":1,"reference_ready":1,"reference":1898,"median5":0,"hall_support":0,"spatial_phase":2,"ir_applicable":1,"ir_distance_state":"HALL_IR_READY","ir_health_fault":6,"ir_readiness":3,"ir_boot":"761B38FCC6F727BE","ir_epoch":1,"ir_epoch_active":1,"ir_seq":13261,"ir_pulses":6737,"ir_reason":1,"ir_age_ms":5,"ir_span":31,"ir_gap":1,"ir_sat":0,"ir_abort":616,"ir_inferred_added":0,"ir_inferred_removed":0,"ir_calibration":0,"hall_seen":6664489,"ir_seen":13181,"hall_q_drop":0,"ir_q_drop":0,"ir_invalid":13748,"nsr_hall_drop":1,"nsr_ir_drop":0,"nsr_navi_drop":0,"nsr_native_drop":168,"event_drop":0,"pwm0_ir_motion":0,"confirmed":61,"missed":152,"pwm":90,"auto":1,"running":1,"estop":0,"lowvolt":0,"ir_stationary_pwm_warning":1,"pub_drop":0}
2026-09-30T15:02:07.032	ngr/loco/9950011/state/trace	{"consumption_drop":334,"action_drop":0,"command_queue_drop":0,"lossless":false}
2026-09-30T15:02:07.035	ngr/loco/9950011/state/nav	{"state":"NORMAL","mm":3,"target":2,"dir":-1,"session_dir":"CCW","position_reliable":1,"ir_distance_state":"HALL_IR_READY","reference_ready":1,"boot_reference":"PROVISIONAL_OR_SPATIAL","authority":"NAVI_EWO"}
2026-09-30T15:02:07.035	ngr/loco/9950011/telem/ir	{"ir_valid":1,"ir_mmps":0.000,"ir_coupled":0,"ir_speed_reason":"STOPPED","ir_applicable":1,"ir_reason":1,"ir_seq":13261,"ir_pulses":6737,"ir_gap":1,"ir_sat":0,"ir_abort":616,"authority":"NAVI_EWO"}
2026-09-30T15:02:07.035	ngr/loco/9950011/telem/speed	{"ir_valid":1,"ir_mmps":0.000,"ir_coupled":0,"ir_speed_reason":"STOPPED","ir_applicable":1,"ir_reason":1,"ir_seq":13261,"ir_pulses":6737,"ir_gap":1,"ir_sat":0,"ir_abort":616,"authority":"NAVI_EWO"}
2026-09-30T15:02:07.037	ngr/loco/9950011/diag/ir_link	{"radio_ready":1,"seen":26929,"source_mac":"38:18:2B:30:8C:2C","paired_mac":"38:18:2B:30:8C:2C","paired_for_display_only":1,"coupled":0,"invalid_wire":13748,"queue_drop":0}
2026-09-30T15:02:07.038	ngr/loco/9950011/state/throttle	90
2026-09-30T15:02:07.038	ngr/loco/9950011/state/direction	2
2026-09-30T15:02:07.041	ngr/loco/9950011/state/auto	1
2026-09-30T15:02:07.041	ngr/loco/9950011/state/estop	0
2026-09-30T15:02:07.041	ngr/loco/9950011/state/nav_ready	1
2026-09-30T15:02:08.037	ngr/loco/9950011/state/loopstat	{"build":"NAVI_EYES_WIDE_OPEN_INTEGRATED_R2","mm":3,"target":2,"dir":-1,"target_distance_mm":330,"target_polarity":-1,"position_reliable":1,"reference_ready":1,"reference":1898,"median5":0,"hall_support":0,"spatial_phase":2,"ir_applicable":1,"ir_distance_state":"HALL_IR_READY","ir_health_fault":6,"ir_readiness":3,"ir_boot":"761B38FCC6F727BE","ir_epoch":1,"ir_epoch_active":1,"ir_seq":13271,"ir_pulses":6737,"ir_reason":1,"ir_age_ms":6,"ir_span":31,"ir_gap":1,"ir_sat":0,"ir_abort":616,"ir_inferred_added":0,"ir_inferred_removed":0,"ir_calibration":0,"hall_seen":6669485,"ir_seen":13191,"hall_q_drop":0,"ir_q_drop":0,"ir_invalid":13758,"nsr_hall_drop":1,"nsr_ir_drop":0,"nsr_navi_drop":0,"nsr_native_drop":168,"event_drop":0,"pwm0_ir_motion":0,"confirmed":61,"missed":152,"pwm":90,"auto":1,"running":1,"estop":0,"lowvolt":0,"ir_stationary_pwm_warning":1,"pub_drop":0}
2026-09-30T15:02:08.040	ngr/loco/9950011/state/trace	{"consumption_drop":334,"action_drop":0,"command_queue_drop":0,"lossless":false}
2026-09-30T15:02:08.042	ngr/loco/9950011/state/nav	{"state":"NORMAL","mm":3,"target":2,"dir":-1,"session_dir":"CCW","position_reliable":1,"ir_distance_state":"HALL_IR_READY","reference_ready":1,"boot_reference":"PROVISIONAL_OR_SPATIAL","authority":"NAVI_EWO"}
2026-09-30T15:02:08.042	ngr/loco/9950011/telem/ir	{"ir_valid":1,"ir_mmps":0.000,"ir_coupled":0,"ir_speed_reason":"STOPPED","ir_applicable":1,"ir_reason":1,"ir_seq":13271,"ir_pulses":6737,"ir_gap":1,"ir_sat":0,"ir_abort":616,"authority":"NAVI_EWO"}
2026-09-30T15:02:08.043	ngr/loco/9950011/telem/speed	{"ir_valid":1,"ir_mmps":0.000,"ir_coupled":0,"ir_speed_reason":"STOPPED","ir_applicable":1,"ir_reason":1,"ir_seq":13271,"ir_pulses":6737,"ir_gap":1,"ir_sat":0,"ir_abort":616,"authority":"NAVI_EWO"}
2026-09-30T15:02:08.044	ngr/loco/9950011/diag/ir_link	{"radio_ready":1,"seen":26949,"source_mac":"38:18:2B:30:8C:2C","paired_mac":"38:18:2B:30:8C:2C","paired_for_display_only":1,"coupled":0,"invalid_wire":13758,"queue_drop":0}
2026-09-30T15:02:08.045	ngr/loco/9950011/state/throttle	90
2026-09-30T15:02:08.045	ngr/loco/9950011/state/direction	2
2026-09-30T15:02:08.047	ngr/loco/9950011/state/auto	1
2026-09-30T15:02:08.048	ngr/loco/9950011/state/estop	0
2026-09-30T15:02:08.048	ngr/loco/9950011/state/nav_ready	1
2026-09-30T15:02:08.853	ngr/loco/9950011/state/lowvolt	0
2026-09-30T15:02:08.855	ngr/loco/9950011/telem/voltage	16.39
2026-09-30T15:02:08.857	ngr/loco/9950011/telem/current	0.29
2026-09-30T15:02:08.857	ngr/loco/9950011/telem/power	4.70
2026-09-30T15:02:09.034	ngr/loco/9950011/state/loopstat	{"build":"NAVI_EYES_WIDE_OPEN_INTEGRATED_R2","mm":3,"target":2,"dir":-1,"target_distance_mm":330,"target_polarity":-1,"position_reliable":1,"reference_ready":1,"reference":1898,"median5":0,"hall_support":0,"spatial_phase":2,"ir_applicable":1,"ir_distance_state":"HALL_IR_READY","ir_health_fault":6,"ir_readiness":3,"ir_boot":"761B38FCC6F727BE","ir_epoch":1,"ir_epoch_active":1,"ir_seq":13280,"ir_pulses":6737,"ir_reason":1,"ir_age_ms":104,"ir_span":31,"ir_gap":1,"ir_sat":0,"ir_abort":616,"ir_inferred_added":0,"ir_inferred_removed":0,"ir_calibration":0,"hall_seen":6674485,"ir_seen":13200,"hall_q_drop":0,"ir_q_drop":0,"ir_invalid":13769,"nsr_hall_drop":1,"nsr_ir_drop":0,"nsr_navi_drop":0,"nsr_native_drop":168,"event_drop":0,"pwm0_ir_motion":0,"confirmed":61,"missed":152,"pwm":90,"auto":1,"running":1,"estop":0,"lowvolt":0,"ir_stationary_pwm_warning":1,"pub_drop":0}
2026-09-30T15:02:09.039	ngr/loco/9950011/state/trace	{"consumption_drop":334,"action_drop":0,"command_queue_drop":0,"lossless":false}
2026-09-30T15:02:09.040	ngr/loco/9950011/state/nav	{"state":"NORMAL","mm":3,"target":2,"dir":-1,"session_dir":"CCW","position_reliable":1,"ir_distance_state":"HALL_IR_READY","reference_ready":1,"boot_reference":"PROVISIONAL_OR_SPATIAL","authority":"NAVI_EWO"}
2026-09-30T15:02:09.040	ngr/loco/9950011/telem/ir	{"ir_valid":1,"ir_mmps":0.000,"ir_coupled":0,"ir_speed_reason":"STOPPED","ir_applicable":1,"ir_reason":1,"ir_seq":13280,"ir_pulses":6737,"ir_gap":1,"ir_sat":0,"ir_abort":616,"authority":"NAVI_EWO"}
2026-09-30T15:02:09.040	ngr/loco/9950011/telem/speed	{"ir_valid":1,"ir_mmps":0.000,"ir_coupled":0,"ir_speed_reason":"STOPPED","ir_applicable":1,"ir_reason":1,"ir_seq":13280,"ir_pulses":6737,"ir_gap":1,"ir_sat":0,"ir_abort":616,"authority":"NAVI_EWO"}
2026-09-30T15:02:09.040	ngr/loco/9950011/diag/ir_link	{"radio_ready":1,"seen":26969,"source_mac":"38:18:2B:30:8C:2C","paired_mac":"38:18:2B:30:8C:2C","paired_for_display_only":1,"coupled":0,"invalid_wire":13769,"queue_drop":0}
2026-09-30T15:02:09.041	ngr/loco/9950011/state/throttle	90
2026-09-30T15:02:09.041	ngr/loco/9950011/state/direction	2
2026-09-30T15:02:09.041	ngr/loco/9950011/state/auto	1
2026-09-30T15:02:09.041	ngr/loco/9950011/state/estop	0
2026-09-30T15:02:09.041	ngr/loco/9950011/state/nav_ready	1
2026-09-30T15:02:10.030	ngr/loco/9950011/state/loopstat	{"build":"NAVI_EYES_WIDE_OPEN_INTEGRATED_R2","mm":3,"target":2,"dir":-1,"target_distance_mm":330,"target_polarity":-1,"position_reliable":1,"reference_ready":1,"reference":1898,"median5":0,"hall_support":0,"spatial_phase":2,"ir_applicable":1,"ir_distance_state":"HALL_IR_READY","ir_health_fault":6,"ir_readiness":3,"ir_boot":"761B38FCC6F727BE","ir_epoch":1,"ir_epoch_active":1,"ir_seq":13290,"ir_pulses":6737,"ir_reason":1,"ir_age_ms":107,"ir_span":31,"ir_gap":1,"ir_sat":0,"ir_abort":616,"ir_inferred_added":0,"ir_inferred_removed":0,"ir_calibration":0,"hall_seen":6679492,"ir_seen":13210,"hall_q_drop":0,"ir_q_drop":0,"ir_invalid":13779,"nsr_hall_drop":1,"nsr_ir_drop":0,"nsr_navi_drop":0,"nsr_native_drop":168,"event_drop":0,"pwm0_ir_motion":0,"confirmed":61,"missed":152,"pwm":90,"auto":1,"running":1,"estop":0,"lowvolt":0,"ir_stationary_pwm_warning":1,"pub_drop":0}
2026-09-30T15:02:10.034	ngr/loco/9950011/state/trace	{"consumption_drop":334,"action_drop":0,"command_queue_drop":0,"lossless":false}
2026-09-30T15:02:10.036	ngr/loco/9950011/state/nav	{"state":"NORMAL","mm":3,"target":2,"dir":-1,"session_dir":"CCW","position_reliable":1,"ir_distance_state":"HALL_IR_READY","reference_ready":1,"boot_reference":"PROVISIONAL_OR_SPATIAL","authority":"NAVI_EWO"}
2026-09-30T15:02:10.036	ngr/loco/9950011/telem/ir	{"ir_valid":1,"ir_mmps":0.000,"ir_coupled":0,"ir_speed_reason":"STOPPED","ir_applicable":1,"ir_reason":1,"ir_seq":13290,"ir_pulses":6737,"ir_gap":1,"ir_sat":0,"ir_abort":616,"authority":"NAVI_EWO"}
2026-09-30T15:02:10.037	ngr/loco/9950011/telem/speed	{"ir_valid":1,"ir_mmps":0.000,"ir_coupled":0,"ir_speed_reason":"STOPPED","ir_applicable":1,"ir_reason":1,"ir_seq":13290,"ir_pulses":6737,"ir_gap":1,"ir_sat":0,"ir_abort":616,"authority":"NAVI_EWO"}
2026-09-30T15:02:10.037	ngr/loco/9950011/diag/ir_link	{"radio_ready":1,"seen":26989,"source_mac":"38:18:2B:30:8C:2C","paired_mac":"38:18:2B:30:8C:2C","paired_for_display_only":1,"coupled":0,"invalid_wire":13779,"queue_drop":0}
2026-09-30T15:02:10.039	ngr/loco/9950011/state/throttle	90
2026-09-30T15:02:10.039	ngr/loco/9950011/state/direction	2
2026-09-30T15:02:10.039	ngr/loco/9950011/state/auto	1
2026-09-30T15:02:10.047	ngr/loco/9950011/state/estop	0
2026-09-30T15:02:10.048	ngr/loco/9950011/state/nav_ready	1
2026-09-30T15:02:11.042	ngr/loco/9950011/state/loopstat	{"build":"NAVI_EYES_WIDE_OPEN_INTEGRATED_R2","mm":3,"target":2,"dir":-1,"target_distance_mm":330,"target_polarity":-1,"position_reliable":1,"reference_ready":1,"reference":1898,"median5":0,"hall_support":0,"spatial_phase":2,"ir_applicable":1,"ir_distance_state":"HALL_IR_READY","ir_health_fault":6,"ir_readiness":3,"ir_boot":"761B38FCC6F727BE","ir_epoch":1,"ir_epoch_active":1,"ir_seq":13300,"ir_pulses":6737,"ir_reason":1,"ir_age_ms":91,"ir_span":31,"ir_gap":1,"ir_sat":0,"ir_abort":616,"ir_inferred_added":0,"ir_inferred_removed":0,"ir_calibration":0,"hall_seen":6684494,"ir_seen":13220,"hall_q_drop":0,"ir_q_drop":0,"ir_invalid":13789,"nsr_hall_drop":1,"nsr_ir_drop":0,"nsr_navi_drop":0,"nsr_native_drop":168,"event_drop":0,"pwm0_ir_motion":0,"confirmed":61,"missed":152,"pwm":90,"auto":1,"running":1,"estop":0,"lowvolt":0,"ir_stationary_pwm_warning":1,"pub_drop":0}
2026-09-30T15:02:11.047	ngr/loco/9950011/state/trace	{"consumption_drop":334,"action_drop":0,"command_queue_drop":0,"lossless":false}
2026-09-30T15:02:11.048	ngr/loco/9950011/state/nav	{"state":"NORMAL","mm":3,"target":2,"dir":-1,"session_dir":"CCW","position_reliable":1,"ir_distance_state":"HALL_IR_READY","reference_ready":1,"boot_reference":"PROVISIONAL_OR_SPATIAL","authority":"NAVI_EWO"}
2026-09-30T15:02:11.048	ngr/loco/9950011/telem/ir	{"ir_valid":1,"ir_mmps":0.000,"ir_coupled":0,"ir_speed_reason":"STOPPED","ir_applicable":1,"ir_reason":1,"ir_seq":13300,"ir_pulses":6737,"ir_gap":1,"ir_sat":0,"ir_abort":616,"authority":"NAVI_EWO"}
2026-09-30T15:02:11.048	ngr/loco/9950011/telem/speed	{"ir_valid":1,"ir_mmps":0.000,"ir_coupled":0,"ir_speed_reason":"STOPPED","ir_applicable":1,"ir_reason":1,"ir_seq":13300,"ir_pulses":6737,"ir_gap":1,"ir_sat":0,"ir_abort":616,"authority":"NAVI_EWO"}
2026-09-30T15:02:11.048	ngr/loco/9950011/diag/ir_link	{"radio_ready":1,"seen":27009,"source_mac":"38:18:2B:30:8C:2C","paired_mac":"38:18:2B:30:8C:2C","paired_for_display_only":1,"coupled":0,"invalid_wire":13789,"queue_drop":0}
2026-09-30T15:02:11.048	ngr/loco/9950011/state/throttle	90
2026-09-30T15:02:11.049	ngr/loco/9950011/state/direction	2
2026-09-30T15:02:11.049	ngr/loco/9950011/state/auto	1
2026-09-30T15:02:11.049	ngr/loco/9950011/state/estop	0
2026-09-30T15:02:11.049	ngr/loco/9950011/state/nav_ready	1
2026-09-30T15:02:11.851	ngr/loco/9950011/state/connectivity	{"wifi":1,"ip":"192.168.68.72","rssi":-49,"mqtt":1,"mqtt_state":0,"broker":"192.168.68.142","ir_radio":1,"ir_seen":27026,"ir_coupled":0,"navi_sync":1,"udp_failures":185}
2026-09-30T15:02:12.038	ngr/loco/9950011/state/loopstat	{"build":"NAVI_EYES_WIDE_OPEN_INTEGRATED_R2","mm":3,"target":2,"dir":-1,"target_distance_mm":330,"target_polarity":-1,"position_reliable":1,"reference_ready":1,"reference":1898,"median5":0,"hall_support":0,"spatial_phase":2,"ir_applicable":1,"ir_distance_state":"HALL_IR_READY","ir_health_fault":0,"ir_readiness":2,"ir_boot":"761B38FCC6F727BE","ir_epoch":1,"ir_epoch_active":1,"ir_seq":13310,"ir_pulses":6737,"ir_reason":5,"ir_age_ms":91,"ir_span":671,"ir_gap":1,"ir_sat":0,"ir_abort":616,"ir_inferred_added":0,"ir_inferred_removed":0,"ir_calibration":0,"hall_seen":6689495,"ir_seen":13230,"hall_q_drop":0,"ir_q_drop":0,"ir_invalid":13799,"nsr_hall_drop":1,"nsr_ir_drop":0,"nsr_navi_drop":0,"nsr_native_drop":168,"event_drop":0,"pwm0_ir_motion":0,"confirmed":61,"missed":152,"pwm":90,"auto":1,"running":1,"estop":0,"lowvolt":0,"ir_stationary_pwm_warning":1,"pub_drop":0}
2026-09-30T15:02:12.044	ngr/loco/9950011/state/trace	{"consumption_drop":334,"action_drop":0,"command_queue_drop":0,"lossless":false}
2026-09-30T15:02:12.046	ngr/loco/9950011/state/nav	{"state":"NORMAL","mm":3,"target":2,"dir":-1,"session_dir":"CCW","position_reliable":1,"ir_distance_state":"HALL_IR_READY","reference_ready":1,"boot_reference":"PROVISIONAL_OR_SPATIAL","authority":"NAVI_EWO"}
2026-09-30T15:02:12.046	ngr/loco/9950011/telem/ir	{"ir_valid":1,"ir_mmps":0.000,"ir_coupled":0,"ir_speed_reason":"STOPPED","ir_applicable":1,"ir_reason":5,"ir_seq":13310,"ir_pulses":6737,"ir_gap":1,"ir_sat":0,"ir_abort":616,"authority":"NAVI_EWO"}
2026-09-30T15:02:12.046	ngr/loco/9950011/telem/speed	{"ir_valid":1,"ir_mmps":0.000,"ir_coupled":0,"ir_speed_reason":"STOPPED","ir_applicable":1,"ir_reason":5,"ir_seq":13310,"ir_pulses":6737,"ir_gap":1,"ir_sat":0,"ir_abort":616,"authority":"NAVI_EWO"}
2026-09-30T15:02:12.047	ngr/loco/9950011/diag/ir_link	{"radio_ready":1,"seen":27029,"source_mac":"38:18:2B:30:8C:2C","paired_mac":"38:18:2B:30:8C:2C","paired_for_display_only":1,"coupled":0,"invalid_wire":13799,"queue_drop":0}
2026-09-30T15:02:12.047	ngr/loco/9950011/state/throttle	90
2026-09-30T15:02:12.047	ngr/loco/9950011/state/direction	2
2026-09-30T15:02:12.048	ngr/loco/9950011/state/auto	1
2026-09-30T15:02:12.055	ngr/loco/9950011/state/estop	0
2026-09-30T15:02:12.055	ngr/loco/9950011/state/nav_ready	1
2026-09-30T15:02:13.038	ngr/loco/9950011/state/loopstat	{"build":"NAVI_EYES_WIDE_OPEN_INTEGRATED_R2","mm":3,"target":2,"dir":-1,"target_distance_mm":330,"target_polarity":-1,"position_reliable":1,"reference_ready":1,"reference":1898,"median5":0,"hall_support":0,"spatial_phase":2,"ir_applicable":1,"ir_distance_state":"HALL_IR_READY","ir_health_fault":6,"ir_readiness":3,"ir_boot":"761B38FCC6F727BE","ir_epoch":1,"ir_epoch_active":1,"ir_seq":13320,"ir_pulses":6737,"ir_reason":1,"ir_age_ms":92,"ir_span":31,"ir_gap":1,"ir_sat":0,"ir_abort":617,"ir_inferred_added":0,"ir_inferred_removed":0,"ir_calibration":0,"hall_seen":6694495,"ir_seen":13240,"hall_q_drop":0,"ir_q_drop":0,"ir_invalid":13810,"nsr_hall_drop":1,"nsr_ir_drop":0,"nsr_navi_drop":0,"nsr_native_drop":168,"event_drop":0,"pwm0_ir_motion":0,"confirmed":61,"missed":152,"pwm":90,"auto":1,"running":1,"estop":0,"lowvolt":0,"ir_stationary_pwm_warning":1,"pub_drop":0}
2026-09-30T15:02:13.041	ngr/loco/9950011/state/trace	{"consumption_drop":334,"action_drop":0,"command_queue_drop":0,"lossless":false}
2026-09-30T15:02:13.047	ngr/loco/9950011/state/nav	{"state":"NORMAL","mm":3,"target":2,"dir":-1,"session_dir":"CCW","position_reliable":1,"ir_distance_state":"HALL_IR_READY","reference_ready":1,"boot_reference":"PROVISIONAL_OR_SPATIAL","authority":"NAVI_EWO"}
2026-09-30T15:02:13.048	ngr/loco/9950011/telem/ir	{"ir_valid":1,"ir_mmps":0.000,"ir_coupled":0,"ir_speed_reason":"STOPPED","ir_applicable":1,"ir_reason":1,"ir_seq":13320,"ir_pulses":6737,"ir_gap":1,"ir_sat":0,"ir_abort":617,"authority":"NAVI_EWO"}
2026-09-30T15:02:13.051	ngr/loco/9950011/telem/speed	{"ir_valid":1,"ir_mmps":0.000,"ir_coupled":0,"ir_speed_reason":"STOPPED","ir_applicable":1,"ir_reason":1,"ir_seq":13320,"ir_pulses":6737,"ir_gap":1,"ir_sat":0,"ir_abort":617,"authority":"NAVI_EWO"}
2026-09-30T15:02:13.051	ngr/loco/9950011/diag/ir_link	{"radio_ready":1,"seen":27050,"source_mac":"38:18:2B:30:8C:2C","paired_mac":"38:18:2B:30:8C:2C","paired_for_display_only":1,"coupled":0,"invalid_wire":13810,"queue_drop":0}
2026-09-30T15:02:13.052	ngr/loco/9950011/state/throttle	90
2026-09-30T15:02:13.052	ngr/loco/9950011/state/direction	2
2026-09-30T15:02:13.052	ngr/loco/9950011/state/auto	1
2026-09-30T15:02:13.053	ngr/loco/9950011/state/estop	0
2026-09-30T15:02:13.053	ngr/loco/9950011/state/nav_ready	1
2026-09-30T15:02:13.845	ngr/loco/9950011/state/lowvolt	0
2026-09-30T15:02:13.895	ngr/loco/9950011/telem/voltage	16.39
2026-09-30T15:02:13.895	ngr/loco/9950011/telem/current	0.34
2026-09-30T15:02:13.896	ngr/loco/9950011/telem/power	5.55
2026-09-30T15:02:14.036	ngr/loco/9950011/state/loopstat	{"build":"NAVI_EYES_WIDE_OPEN_INTEGRATED_R2","mm":3,"target":2,"dir":-1,"target_distance_mm":330,"target_polarity":-1,"position_reliable":1,"reference_ready":1,"reference":1898,"median5":0,"hall_support":0,"spatial_phase":2,"ir_applicable":1,"ir_distance_state":"HALL_IR_READY","ir_health_fault":6,"ir_readiness":3,"ir_boot":"761B38FCC6F727BE","ir_epoch":1,"ir_epoch_active":1,"ir_seq":13331,"ir_pulses":6737,"ir_reason":1,"ir_age_ms":0,"ir_span":31,"ir_gap":1,"ir_sat":0,"ir_abort":617,"ir_inferred_added":0,"ir_inferred_removed":0,"ir_calibration":0,"hall_seen":6699496,"ir_seen":13251,"hall_q_drop":0,"ir_q_drop":0,"ir_invalid":13820,"nsr_hall_drop":1,"nsr_ir_drop":0,"nsr_navi_drop":0,"nsr_native_drop":168,"event_drop":0,"pwm0_ir_motion":0,"confirmed":61,"missed":152,"pwm":90,"auto":1,"running":1,"estop":0,"lowvolt":0,"ir_stationary_pwm_warning":1,"pub_drop":0}
2026-09-30T15:02:14.040	ngr/loco/9950011/state/trace	{"consumption_drop":334,"action_drop":0,"command_queue_drop":0,"lossless":false}
2026-09-30T15:02:14.041	ngr/loco/9950011/state/nav	{"state":"NORMAL","mm":3,"target":2,"dir":-1,"session_dir":"CCW","position_reliable":1,"ir_distance_state":"HALL_IR_READY","reference_ready":1,"boot_reference":"PROVISIONAL_OR_SPATIAL","authority":"NAVI_EWO"}
2026-09-30T15:02:14.041	ngr/loco/9950011/telem/ir	{"ir_valid":1,"ir_mmps":0.000,"ir_coupled":0,"ir_speed_reason":"STOPPED","ir_applicable":1,"ir_reason":1,"ir_seq":13331,"ir_pulses":6737,"ir_gap":1,"ir_sat":0,"ir_abort":617,"authority":"NAVI_EWO"}
2026-09-30T15:02:14.041	ngr/loco/9950011/telem/speed	{"ir_valid":1,"ir_mmps":0.000,"ir_coupled":0,"ir_speed_reason":"STOPPED","ir_applicable":1,"ir_reason":1,"ir_seq":13331,"ir_pulses":6737,"ir_gap":1,"ir_sat":0,"ir_abort":617,"authority":"NAVI_EWO"}
2026-09-30T15:02:14.043	ngr/loco/9950011/diag/ir_link	{"radio_ready":1,"seen":27071,"source_mac":"38:18:2B:30:8C:2C","paired_mac":"38:18:2B:30:8C:2C","paired_for_display_only":1,"coupled":0,"invalid_wire":13820,"queue_drop":0}
2026-09-30T15:02:14.043	ngr/loco/9950011/state/throttle	90
2026-09-30T15:02:14.044	ngr/loco/9950011/state/direction	2
2026-09-30T15:02:14.044	ngr/loco/9950011/state/auto	1
2026-09-30T15:02:14.044	ngr/loco/9950011/state/estop	0
2026-09-30T15:02:14.045	ngr/loco/9950011/state/nav_ready	1
2026-09-30T15:02:15.033	ngr/loco/9950011/state/loopstat	{"build":"NAVI_EYES_WIDE_OPEN_INTEGRATED_R2","mm":3,"target":2,"dir":-1,"target_distance_mm":330,"target_polarity":-1,"position_reliable":1,"reference_ready":1,"reference":1898,"median5":0,"hall_support":0,"spatial_phase":2,"ir_applicable":1,"ir_distance_state":"HALL_IR_READY","ir_health_fault":6,"ir_readiness":3,"ir_boot":"761B38FCC6F727BE","ir_epoch":1,"ir_epoch_active":1,"ir_seq":13341,"ir_pulses":6737,"ir_reason":1,"ir_age_ms":1,"ir_span":31,"ir_gap":1,"ir_sat":0,"ir_abort":617,"ir_inferred_added":0,"ir_inferred_removed":0,"ir_calibration":0,"hall_seen":6704505,"ir_seen":13261,"hall_q_drop":0,"ir_q_drop":0,"ir_invalid":13830,"nsr_hall_drop":1,"nsr_ir_drop":0,"nsr_navi_drop":0,"nsr_native_drop":168,"event_drop":0,"pwm0_ir_motion":0,"confirmed":61,"missed":152,"pwm":90,"auto":1,"running":1,"estop":0,"lowvolt":0,"ir_stationary_pwm_warning":1,"pub_drop":0}
2026-09-30T15:02:15.035	ngr/loco/9950011/state/trace	{"consumption_drop":334,"action_drop":0,"command_queue_drop":0,"lossless":false}
2026-09-30T15:02:15.040	ngr/loco/9950011/state/nav	{"state":"NORMAL","mm":3,"target":2,"dir":-1,"session_dir":"CCW","position_reliable":1,"ir_distance_state":"HALL_IR_READY","reference_ready":1,"boot_reference":"PROVISIONAL_OR_SPATIAL","authority":"NAVI_EWO"}
2026-09-30T15:02:15.040	ngr/loco/9950011/telem/ir	{"ir_valid":1,"ir_mmps":0.000,"ir_coupled":0,"ir_speed_reason":"STOPPED","ir_applicable":1,"ir_reason":1,"ir_seq":13341,"ir_pulses":6737,"ir_gap":1,"ir_sat":0,"ir_abort":617,"authority":"NAVI_EWO"}
2026-09-30T15:02:15.040	ngr/loco/9950011/telem/speed	{"ir_valid":1,"ir_mmps":0.000,"ir_coupled":0,"ir_speed_reason":"STOPPED","ir_applicable":1,"ir_reason":1,"ir_seq":13341,"ir_pulses":6737,"ir_gap":1,"ir_sat":0,"ir_abort":617,"authority":"NAVI_EWO"}
2026-09-30T15:02:15.042	ngr/loco/9950011/diag/ir_link	{"radio_ready":1,"seen":27091,"source_mac":"38:18:2B:30:8C:2C","paired_mac":"38:18:2B:30:8C:2C","paired_for_display_only":1,"coupled":0,"invalid_wire":13830,"queue_drop":0}
2026-09-30T15:02:15.042	ngr/loco/9950011/state/throttle	90
2026-09-30T15:02:15.042	ngr/loco/9950011/state/direction	2
2026-09-30T15:02:15.042	ngr/loco/9950011/state/auto	1
2026-09-30T15:02:15.043	ngr/loco/9950011/state/estop	0
2026-09-30T15:02:15.043	ngr/loco/9950011/state/nav_ready	1
2026-09-30T15:02:16.036	ngr/loco/9950011/state/loopstat	{"build":"NAVI_EYES_WIDE_OPEN_INTEGRATED_R2","mm":3,"target":2,"dir":-1,"target_distance_mm":330,"target_polarity":-1,"position_reliable":1,"reference_ready":1,"reference":1898,"median5":0,"hall_support":0,"spatial_phase":2,"ir_applicable":1,"ir_distance_state":"HALL_IR_READY","ir_health_fault":6,"ir_readiness":3,"ir_boot":"761B38FCC6F727BE","ir_epoch":1,"ir_epoch_active":1,"ir_seq":13351,"ir_pulses":6737,"ir_reason":1,"ir_age_ms":6,"ir_span":31,"ir_gap":1,"ir_sat":0,"ir_abort":617,"ir_inferred_added":0,"ir_inferred_removed":0,"ir_calibration":0,"hall_seen":6709509,"ir_seen":13271,"hall_q_drop":0,"ir_q_drop":0,"ir_invalid":13841,"nsr_hall_drop":1,"nsr_ir_drop":0,"nsr_navi_drop":0,"nsr_native_drop":168,"event_drop":0,"pwm0_ir_motion":0,"confirmed":61,"missed":152,"pwm":90,"auto":1,"running":1,"estop":0,"lowvolt":0,"ir_stationary_pwm_warning":1,"pub_drop":0}
2026-09-30T15:02:16.039	ngr/loco/9950011/state/trace	{"consumption_drop":334,"action_drop":0,"command_queue_drop":0,"lossless":false}
2026-09-30T15:02:16.039	ngr/loco/9950011/state/nav	{"state":"NORMAL","mm":3,"target":2,"dir":-1,"session_dir":"CCW","position_reliable":1,"ir_distance_state":"HALL_IR_READY","reference_ready":1,"boot_reference":"PROVISIONAL_OR_SPATIAL","authority":"NAVI_EWO"}
2026-09-30T15:02:16.039	ngr/loco/9950011/telem/ir	{"ir_valid":1,"ir_mmps":0.000,"ir_coupled":0,"ir_speed_reason":"STOPPED","ir_applicable":1,"ir_reason":1,"ir_seq":13351,"ir_pulses":6737,"ir_gap":1,"ir_sat":0,"ir_abort":617,"authority":"NAVI_EWO"}
2026-09-30T15:02:16.044	ngr/loco/9950011/telem/speed	{"ir_valid":1,"ir_mmps":0.000,"ir_coupled":0,"ir_speed_reason":"STOPPED","ir_applicable":1,"ir_reason":1,"ir_seq":13351,"ir_pulses":6737,"ir_gap":1,"ir_sat":0,"ir_abort":617,"authority":"NAVI_EWO"}
2026-09-30T15:02:16.044	ngr/loco/9950011/diag/ir_link	{"radio_ready":1,"seen":27112,"source_mac":"38:18:2B:30:8C:2C","paired_mac":"38:18:2B:30:8C:2C","paired_for_display_only":1,"coupled":0,"invalid_wire":13841,"queue_drop":0}
2026-09-30T15:02:16.045	ngr/loco/9950011/state/throttle	90
2026-09-30T15:02:16.046	ngr/loco/9950011/state/direction	2
2026-09-30T15:02:16.046	ngr/loco/9950011/state/auto	1
2026-09-30T15:02:16.046	ngr/loco/9950011/state/estop	0
2026-09-30T15:02:16.047	ngr/loco/9950011/state/nav_ready	1
2026-09-30T15:02:16.852	ngr/loco/9950011/state/connectivity	{"wifi":1,"ip":"192.168.68.72","rssi":-50,"mqtt":1,"mqtt_state":0,"broker":"192.168.68.142","ir_radio":1,"ir_seen":27128,"ir_coupled":0,"navi_sync":1,"udp_failures":185}
2026-09-30T15:02:17.041	ngr/loco/9950011/state/loopstat	{"build":"NAVI_EYES_WIDE_OPEN_INTEGRATED_R2","mm":3,"target":2,"dir":-1,"target_distance_mm":330,"target_polarity":-1,"position_reliable":1,"reference_ready":1,"reference":1898,"median5":0,"hall_support":0,"spatial_phase":2,"ir_applicable":1,"ir_distance_state":"HALL_IR_READY","ir_health_fault":6,"ir_readiness":3,"ir_boot":"761B38FCC6F727BE","ir_epoch":1,"ir_epoch_active":1,"ir_seq":13361,"ir_pulses":6737,"ir_reason":1,"ir_age_ms":6,"ir_span":15,"ir_gap":1,"ir_sat":0,"ir_abort":617,"ir_inferred_added":0,"ir_inferred_removed":0,"ir_calibration":0,"hall_seen":6714509,"ir_seen":13281,"hall_q_drop":0,"ir_q_drop":0,"ir_invalid":13851,"nsr_hall_drop":1,"nsr_ir_drop":0,"nsr_navi_drop":0,"nsr_native_drop":168,"event_drop":0,"pwm0_ir_motion":0,"confirmed":61,"missed":152,"pwm":90,"auto":1,"running":1,"estop":0,"lowvolt":0,"ir_stationary_pwm_warning":1,"pub_drop":0}
2026-09-30T15:02:17.057	ngr/loco/9950011/state/trace	{"consumption_drop":334,"action_drop":0,"command_queue_drop":0,"lossless":false}
2026-09-30T15:02:17.057	ngr/loco/9950011/state/nav	{"state":"NORMAL","mm":3,"target":2,"dir":-1,"session_dir":"CCW","position_reliable":1,"ir_distance_state":"HALL_IR_READY","reference_ready":1,"boot_reference":"PROVISIONAL_OR_SPATIAL","authority":"NAVI_EWO"}
2026-09-30T15:02:17.058	ngr/loco/9950011/telem/ir	{"ir_valid":1,"ir_mmps":0.000,"ir_coupled":0,"ir_speed_reason":"STOPPED","ir_applicable":1,"ir_reason":1,"ir_seq":13361,"ir_pulses":6737,"ir_gap":1,"ir_sat":0,"ir_abort":617,"authority":"NAVI_EWO"}
2026-09-30T15:02:17.058	ngr/loco/9950011/telem/speed	{"ir_valid":1,"ir_mmps":0.000,"ir_coupled":0,"ir_speed_reason":"STOPPED","ir_applicable":1,"ir_reason":1,"ir_seq":13361,"ir_pulses":6737,"ir_gap":1,"ir_sat":0,"ir_abort":617,"authority":"NAVI_EWO"}
2026-09-30T15:02:17.060	ngr/loco/9950011/diag/ir_link	{"radio_ready":1,"seen":27132,"source_mac":"38:18:2B:30:8C:2C","paired_mac":"38:18:2B:30:8C:2C","paired_for_display_only":1,"coupled":0,"invalid_wire":13851,"queue_drop":0}
2026-09-30T15:02:17.060	ngr/loco/9950011/state/throttle	90
2026-09-30T15:02:17.060	ngr/loco/9950011/state/direction	2
2026-09-30T15:02:17.061	ngr/loco/9950011/state/auto	1
2026-09-30T15:02:17.061	ngr/loco/9950011/state/estop	0
2026-09-30T15:02:17.061	ngr/loco/9950011/state/nav_ready	1
2026-09-30T15:02:18.041	ngr/loco/9950011/state/loopstat	{"build":"NAVI_EYES_WIDE_OPEN_INTEGRATED_R2","mm":3,"target":2,"dir":-1,"target_distance_mm":330,"target_polarity":-1,"position_reliable":1,"reference_ready":1,"reference":1898,"median5":0,"hall_support":0,"spatial_phase":2,"ir_applicable":1,"ir_distance_state":"HALL_IR_READY","ir_health_fault":6,"ir_readiness":3,"ir_boot":"761B38FCC6F727BE","ir_epoch":1,"ir_epoch_active":1,"ir_seq":13370,"ir_pulses":6737,"ir_reason":1,"ir_age_ms":104,"ir_span":15,"ir_gap":1,"ir_sat":0,"ir_abort":617,"ir_inferred_added":0,"ir_inferred_removed":0,"ir_calibration":0,"hall_seen":6719510,"ir_seen":13290,"hall_q_drop":0,"ir_q_drop":0,"ir_invalid":13862,"nsr_hall_drop":1,"nsr_ir_drop":0,"nsr_navi_drop":0,"nsr_native_drop":168,"event_drop":0,"pwm0_ir_motion":0,"confirmed":61,"missed":152,"pwm":90,"auto":1,"running":1,"estop":0,"lowvolt":0,"ir_stationary_pwm_warning":1,"pub_drop":0}
2026-09-30T15:02:18.043	ngr/loco/9950011/state/trace	{"consumption_drop":334,"action_drop":0,"command_queue_drop":0,"lossless":false}
2026-09-30T15:02:18.043	ngr/loco/9950011/state/nav	{"state":"NORMAL","mm":3,"target":2,"dir":-1,"session_dir":"CCW","position_reliable":1,"ir_distance_state":"HALL_IR_READY","reference_ready":1,"boot_reference":"PROVISIONAL_OR_SPATIAL","authority":"NAVI_EWO"}
2026-09-30T15:02:18.045	ngr/loco/9950011/telem/ir	{"ir_valid":1,"ir_mmps":0.000,"ir_coupled":0,"ir_speed_reason":"STOPPED","ir_applicable":1,"ir_reason":1,"ir_seq":13370,"ir_pulses":6737,"ir_gap":1,"ir_sat":0,"ir_abort":617,"authority":"NAVI_EWO"}
2026-09-30T15:02:18.045	ngr/loco/9950011/telem/speed	{"ir_valid":1,"ir_mmps":0.000,"ir_coupled":0,"ir_speed_reason":"STOPPED","ir_applicable":1,"ir_reason":1,"ir_seq":13370,"ir_pulses":6737,"ir_gap":1,"ir_sat":0,"ir_abort":617,"authority":"NAVI_EWO"}
2026-09-30T15:02:18.046	ngr/loco/9950011/diag/ir_link	{"radio_ready":1,"seen":27152,"source_mac":"38:18:2B:30:8C:2C","paired_mac":"38:18:2B:30:8C:2C","paired_for_display_only":1,"coupled":0,"invalid_wire":13862,"queue_drop":0}
2026-09-30T15:02:18.051	ngr/loco/9950011/state/throttle	90
2026-09-30T15:02:18.052	ngr/loco/9950011/state/direction	2
2026-09-30T15:02:18.052	ngr/loco/9950011/state/auto	1
2026-09-30T15:02:18.052	ngr/loco/9950011/state/estop	0
2026-09-30T15:02:18.052	ngr/loco/9950011/state/nav_ready	1
2026-09-30T15:02:18.852	ngr/loco/9950011/state/lowvolt	0
2026-09-30T15:02:18.856	ngr/loco/9950011/telem/voltage	16.38
2026-09-30T15:02:18.856	ngr/loco/9950011/telem/current	0.28
2026-09-30T15:02:18.857	ngr/loco/9950011/telem/power	4.02
2026-09-30T15:02:19.036	ngr/loco/9950011/state/loopstat	{"build":"NAVI_EYES_WIDE_OPEN_INTEGRATED_R2","mm":3,"target":2,"dir":-1,"target_distance_mm":330,"target_polarity":-1,"position_reliable":1,"reference_ready":1,"reference":1898,"median5":0,"hall_support":0,"spatial_phase":2,"ir_applicable":1,"ir_distance_state":"HALL_IR_READY","ir_health_fault":6,"ir_readiness":3,"ir_boot":"761B38FCC6F727BE","ir_epoch":1,"ir_epoch_active":1,"ir_seq":13380,"ir_pulses":6737,"ir_reason":1,"ir_age_ms":104,"ir_span":15,"ir_gap":1,"ir_sat":0,"ir_abort":617,"ir_inferred_added":0,"ir_inferred_removed":0,"ir_calibration":0,"hall_seen":6724509,"ir_seen":13300,"hall_q_drop":0,"ir_q_drop":0,"ir_invalid":13872,"nsr_hall_drop":1,"nsr_ir_drop":0,"nsr_navi_drop":0,"nsr_native_drop":168,"event_drop":0,"pwm0_ir_motion":0,"confirmed":61,"missed":152,"pwm":90,"auto":1,"running":1,"estop":0,"lowvolt":0,"ir_stationary_pwm_warning":1,"pub_drop":0}
2026-09-30T15:02:19.040	ngr/loco/9950011/state/trace	{"consumption_drop":334,"action_drop":0,"command_queue_drop":0,"lossless":false}
2026-09-30T15:02:19.040	ngr/loco/9950011/state/nav	{"state":"NORMAL","mm":3,"target":2,"dir":-1,"session_dir":"CCW","position_reliable":1,"ir_distance_state":"HALL_IR_READY","reference_ready":1,"boot_reference":"PROVISIONAL_OR_SPATIAL","authority":"NAVI_EWO"}
2026-09-30T15:02:19.041	ngr/loco/9950011/telem/ir	{"ir_valid":1,"ir_mmps":0.000,"ir_coupled":0,"ir_speed_reason":"STOPPED","ir_applicable":1,"ir_reason":1,"ir_seq":13380,"ir_pulses":6737,"ir_gap":1,"ir_sat":0,"ir_abort":617,"authority":"NAVI_EWO"}
2026-09-30T15:02:19.041	ngr/loco/9950011/telem/speed	{"ir_valid":1,"ir_mmps":0.000,"ir_coupled":0,"ir_speed_reason":"STOPPED","ir_applicable":1,"ir_reason":1,"ir_seq":13380,"ir_pulses":6737,"ir_gap":1,"ir_sat":0,"ir_abort":617,"authority":"NAVI_EWO"}
2026-09-30T15:02:19.043	ngr/loco/9950011/diag/ir_link	{"radio_ready":1,"seen":27172,"source_mac":"38:18:2B:30:8C:2C","paired_mac":"38:18:2B:30:8C:2C","paired_for_display_only":1,"coupled":0,"invalid_wire":13872,"queue_drop":0}
2026-09-30T15:02:19.043	ngr/loco/9950011/state/throttle	90
2026-09-30T15:02:19.043	ngr/loco/9950011/state/direction	2
2026-09-30T15:02:19.050	ngr/loco/9950011/state/auto	1
2026-09-30T15:02:19.050	ngr/loco/9950011/state/estop	0
2026-09-30T15:02:19.050	ngr/loco/9950011/state/nav_ready	1
2026-09-30T15:02:20.050	ngr/loco/9950011/state/loopstat	{"build":"NAVI_EYES_WIDE_OPEN_INTEGRATED_R2","mm":3,"target":2,"dir":-1,"target_distance_mm":330,"target_polarity":-1,"position_reliable":1,"reference_ready":1,"reference":1898,"median5":0,"hall_support":0,"spatial_phase":2,"ir_applicable":1,"ir_distance_state":"HALL_IR_READY","ir_health_fault":6,"ir_readiness":3,"ir_boot":"761B38FCC6F727BE","ir_epoch":1,"ir_epoch_active":1,"ir_seq":13390,"ir_pulses":6737,"ir_reason":1,"ir_age_ms":89,"ir_span":63,"ir_gap":1,"ir_sat":0,"ir_abort":617,"ir_inferred_added":0,"ir_inferred_removed":0,"ir_calibration":0,"hall_seen":6729510,"ir_seen":13310,"hall_q_drop":0,"ir_q_drop":0,"ir_invalid":13882,"nsr_hall_drop":1,"nsr_ir_drop":0,"nsr_navi_drop":0,"nsr_native_drop":168,"event_drop":0,"pwm0_ir_motion":0,"confirmed":61,"missed":152,"pwm":90,"auto":1,"running":1,"estop":0,"lowvolt":0,"ir_stationary_pwm_warning":1,"pub_drop":0}
2026-09-30T15:02:20.053	ngr/loco/9950011/state/trace	{"consumption_drop":334,"action_drop":0,"command_queue_drop":0,"lossless":false}
2026-09-30T15:02:20.053	ngr/loco/9950011/state/nav	{"state":"NORMAL","mm":3,"target":2,"dir":-1,"session_dir":"CCW","position_reliable":1,"ir_distance_state":"HALL_IR_READY","reference_ready":1,"boot_reference":"PROVISIONAL_OR_SPATIAL","authority":"NAVI_EWO"}
2026-09-30T15:02:20.053	ngr/loco/9950011/telem/ir	{"ir_valid":1,"ir_mmps":0.000,"ir_coupled":0,"ir_speed_reason":"STOPPED","ir_applicable":1,"ir_reason":1,"ir_seq":13390,"ir_pulses":6737,"ir_gap":1,"ir_sat":0,"ir_abort":617,"authority":"NAVI_EWO"}
2026-09-30T15:02:20.054	ngr/loco/9950011/telem/speed	{"ir_valid":1,"ir_mmps":0.000,"ir_coupled":0,"ir_speed_reason":"STOPPED","ir_applicable":1,"ir_reason":1,"ir_seq":13390,"ir_pulses":6737,"ir_gap":1,"ir_sat":0,"ir_abort":617,"authority":"NAVI_EWO"}
2026-09-30T15:02:20.054	ngr/loco/9950011/diag/ir_link	{"radio_ready":1,"seen":27192,"source_mac":"38:18:2B:30:8C:2C","paired_mac":"38:18:2B:30:8C:2C","paired_for_display_only":1,"coupled":0,"invalid_wire":13882,"queue_drop":0}
2026-09-30T15:02:20.054	ngr/loco/9950011/state/throttle	90
2026-09-30T15:02:20.054	ngr/loco/9950011/state/direction	2
2026-09-30T15:02:20.055	ngr/loco/9950011/state/auto	1
2026-09-30T15:02:20.055	ngr/loco/9950011/state/estop	0
2026-09-30T15:02:20.055	ngr/loco/9950011/state/nav_ready	1
2026-09-30T15:02:21.043	ngr/loco/9950011/state/loopstat	{"build":"NAVI_EYES_WIDE_OPEN_INTEGRATED_R2","mm":3,"target":2,"dir":-1,"target_distance_mm":330,"target_polarity":-1,"position_reliable":1,"reference_ready":1,"reference":1898,"median5":0,"hall_support":0,"spatial_phase":2,"ir_applicable":1,"ir_distance_state":"HALL_IR_READY","ir_health_fault":6,"ir_readiness":3,"ir_boot":"761B38FCC6F727BE","ir_epoch":1,"ir_epoch_active":1,"ir_seq":13400,"ir_pulses":6737,"ir_reason":1,"ir_age_ms":84,"ir_span":239,"ir_gap":1,"ir_sat":0,"ir_abort":617,"ir_inferred_added":0,"ir_inferred_removed":0,"ir_calibration":0,"hall_seen":6734509,"ir_seen":13320,"hall_q_drop":0,"ir_q_drop":0,"ir_invalid":13893,"nsr_hall_drop":1,"nsr_ir_drop":0,"nsr_navi_drop":0,"nsr_native_drop":168,"event_drop":0,"pwm0_ir_motion":0,"confirmed":61,"missed":152,"pwm":90,"auto":1,"running":1,"estop":0,"lowvolt":0,"ir_stationary_pwm_warning":1,"pub_drop":0}
2026-09-30T15:02:21.047	ngr/loco/9950011/state/trace	{"consumption_drop":334,"action_drop":0,"command_queue_drop":0,"lossless":false}
2026-09-30T15:02:21.048	ngr/loco/9950011/state/nav	{"state":"NORMAL","mm":3,"target":2,"dir":-1,"session_dir":"CCW","position_reliable":1,"ir_distance_state":"HALL_IR_READY","reference_ready":1,"boot_reference":"PROVISIONAL_OR_SPATIAL","authority":"NAVI_EWO"}
2026-09-30T15:02:21.048	ngr/loco/9950011/telem/ir	{"ir_valid":1,"ir_mmps":0.000,"ir_coupled":0,"ir_speed_reason":"STOPPED","ir_applicable":1,"ir_reason":1,"ir_seq":13400,"ir_pulses":6737,"ir_gap":1,"ir_sat":0,"ir_abort":617,"authority":"NAVI_EWO"}
2026-09-30T15:02:21.048	ngr/loco/9950011/telem/speed	{"ir_valid":1,"ir_mmps":0.000,"ir_coupled":0,"ir_speed_reason":"STOPPED","ir_applicable":1,"ir_reason":1,"ir_seq":13400,"ir_pulses":6737,"ir_gap":1,"ir_sat":0,"ir_abort":617,"authority":"NAVI_EWO"}
2026-09-30T15:02:21.049	ngr/loco/9950011/diag/ir_link	{"radio_ready":1,"seen":27213,"source_mac":"38:18:2B:30:8C:2C","paired_mac":"38:18:2B:30:8C:2C","paired_for_display_only":1,"coupled":0,"invalid_wire":13893,"queue_drop":0}
2026-09-30T15:02:21.051	ngr/loco/9950011/state/throttle	90
2026-09-30T15:02:21.051	ngr/loco/9950011/state/direction	2
2026-09-30T15:02:21.051	ngr/loco/9950011/state/auto	1
2026-09-30T15:02:21.053	ngr/loco/9950011/state/estop	0
2026-09-30T15:02:21.053	ngr/loco/9950011/state/nav_ready	1
2026-09-30T15:02:21.853	ngr/loco/9950011/state/connectivity	{"wifi":1,"ip":"192.168.68.72","rssi":-47,"mqtt":1,"mqtt_state":0,"broker":"192.168.68.142","ir_radio":1,"ir_seen":27230,"ir_coupled":0,"navi_sync":1,"udp_failures":185}
2026-09-30T15:02:22.047	ngr/loco/9950011/state/loopstat	{"build":"NAVI_EYES_WIDE_OPEN_INTEGRATED_R2","mm":3,"target":2,"dir":-1,"target_distance_mm":330,"target_polarity":-1,"position_reliable":1,"reference_ready":1,"reference":1898,"median5":0,"hall_support":0,"spatial_phase":2,"ir_applicable":1,"ir_distance_state":"HALL_IR_READY","ir_health_fault":6,"ir_readiness":3,"ir_boot":"761B38FCC6F727BE","ir_epoch":1,"ir_epoch_active":1,"ir_seq":13410,"ir_pulses":6738,"ir_reason":1,"ir_age_ms":90,"ir_span":223,"ir_gap":1,"ir_sat":0,"ir_abort":618,"ir_inferred_added":0,"ir_inferred_removed":0,"ir_calibration":0,"hall_seen":6739509,"ir_seen":13330,"hall_q_drop":0,"ir_q_drop":0,"ir_invalid":13903,"nsr_hall_drop":1,"nsr_ir_drop":0,"nsr_navi_drop":0,"nsr_native_drop":168,"event_drop":0,"pwm0_ir_motion":0,"confirmed":61,"missed":152,"pwm":90,"auto":1,"running":1,"estop":0,"lowvolt":0,"ir_stationary_pwm_warning":0,"pub_drop":0}
2026-09-30T15:02:22.061	ngr/loco/9950011/state/trace	{"consumption_drop":334,"action_drop":0,"command_queue_drop":0,"lossless":false}
2026-09-30T15:02:22.061	ngr/loco/9950011/state/nav	{"state":"NORMAL","mm":3,"target":2,"dir":-1,"session_dir":"CCW","position_reliable":1,"ir_distance_state":"HALL_IR_READY","reference_ready":1,"boot_reference":"PROVISIONAL_OR_SPATIAL","authority":"NAVI_EWO"}
2026-09-30T15:02:22.061	ngr/loco/9950011/telem/ir	{"ir_valid":1,"ir_mmps":10.724,"ir_coupled":0,"ir_speed_reason":"MEASURED","ir_applicable":1,"ir_reason":1,"ir_seq":13410,"ir_pulses":6738,"ir_gap":1,"ir_sat":0,"ir_abort":618,"authority":"NAVI_EWO"}
2026-09-30T15:02:22.062	ngr/loco/9950011/telem/speed	{"ir_valid":1,"ir_mmps":10.724,"ir_coupled":0,"ir_speed_reason":"MEASURED","ir_applicable":1,"ir_reason":1,"ir_seq":13410,"ir_pulses":6738,"ir_gap":1,"ir_sat":0,"ir_abort":618,"authority":"NAVI_EWO"}
2026-09-30T15:02:22.062	ngr/loco/9950011/diag/ir_link	{"radio_ready":1,"seen":27233,"source_mac":"38:18:2B:30:8C:2C","paired_mac":"38:18:2B:30:8C:2C","paired_for_display_only":1,"coupled":0,"invalid_wire":13903,"queue_drop":0}
2026-09-30T15:02:22.063	ngr/loco/9950011/state/throttle	90
2026-09-30T15:02:22.063	ngr/loco/9950011/state/direction	2
2026-09-30T15:02:22.064	ngr/loco/9950011/state/auto	1
2026-09-30T15:02:22.064	ngr/loco/9950011/state/estop	0
2026-09-30T15:02:22.065	ngr/loco/9950011/state/nav_ready	1
2026-09-30T15:02:23.034	ngr/loco/9950011/state/loopstat	{"build":"NAVI_EYES_WIDE_OPEN_INTEGRATED_R2","mm":3,"target":2,"dir":-1,"target_distance_mm":330,"target_polarity":-1,"position_reliable":1,"reference_ready":1,"reference":1898,"median5":0,"hall_support":0,"spatial_phase":2,"ir_applicable":1,"ir_distance_state":"HALL_IR_READY","ir_health_fault":0,"ir_readiness":2,"ir_boot":"761B38FCC6F727BE","ir_epoch":1,"ir_epoch_active":1,"ir_seq":13420,"ir_pulses":6738,"ir_reason":5,"ir_age_ms":94,"ir_span":527,"ir_gap":1,"ir_sat":0,"ir_abort":619,"ir_inferred_added":0,"ir_inferred_removed":0,"ir_calibration":0,"hall_seen":6744509,"ir_seen":13340,"hall_q_drop":0,"ir_q_drop":0,"ir_invalid":13914,"nsr_hall_drop":1,"nsr_ir_drop":0,"nsr_navi_drop":0,"nsr_native_drop":168,"event_drop":0,"pwm0_ir_motion":0,"confirmed":61,"missed":152,"pwm":90,"auto":1,"running":1,"estop":0,"lowvolt":0,"ir_stationary_pwm_warning":1,"pub_drop":0}
2026-09-30T15:02:23.038	ngr/loco/9950011/state/trace	{"consumption_drop":334,"action_drop":0,"command_queue_drop":0,"lossless":false}
2026-09-30T15:02:23.039	ngr/loco/9950011/state/nav	{"state":"NORMAL","mm":3,"target":2,"dir":-1,"session_dir":"CCW","position_reliable":1,"ir_distance_state":"HALL_IR_READY","reference_ready":1,"boot_reference":"PROVISIONAL_OR_SPATIAL","authority":"NAVI_EWO"}
2026-09-30T15:02:23.041	ngr/loco/9950011/telem/ir	{"ir_valid":1,"ir_mmps":0.000,"ir_coupled":0,"ir_speed_reason":"STOPPED","ir_applicable":1,"ir_reason":5,"ir_seq":13420,"ir_pulses":6738,"ir_gap":1,"ir_sat":0,"ir_abort":619,"authority":"NAVI_EWO"}
2026-09-30T15:02:23.041	ngr/loco/9950011/telem/speed	{"ir_valid":1,"ir_mmps":0.000,"ir_coupled":0,"ir_speed_reason":"STOPPED","ir_applicable":1,"ir_reason":5,"ir_seq":13420,"ir_pulses":6738,"ir_gap":1,"ir_sat":0,"ir_abort":619,"authority":"NAVI_EWO"}
2026-09-30T15:02:23.042	ngr/loco/9950011/diag/ir_link	{"radio_ready":1,"seen":27254,"source_mac":"38:18:2B:30:8C:2C","paired_mac":"38:18:2B:30:8C:2C","paired_for_display_only":1,"coupled":0,"invalid_wire":13914,"queue_drop":0}
2026-09-30T15:02:23.042	ngr/loco/9950011/state/throttle	90
2026-09-30T15:02:23.042	ngr/loco/9950011/state/direction	2
2026-09-30T15:02:23.044	ngr/loco/9950011/state/auto	1
2026-09-30T15:02:23.045	ngr/loco/9950011/state/estop	0
2026-09-30T15:02:23.045	ngr/loco/9950011/state/nav_ready	1
2026-09-30T15:02:23.854	ngr/loco/9950011/state/lowvolt	0
2026-09-30T15:02:23.859	ngr/loco/9950011/telem/voltage	16.37
2026-09-30T15:02:23.859	ngr/loco/9950011/telem/current	0.27
2026-09-30T15:02:23.859	ngr/loco/9950011/telem/power	4.37
2026-09-30T15:02:24.042	ngr/loco/9950011/state/loopstat	{"build":"NAVI_EYES_WIDE_OPEN_INTEGRATED_R2","mm":3,"target":2,"dir":-1,"target_distance_mm":330,"target_polarity":-1,"position_reliable":1,"reference_ready":1,"reference":1898,"median5":0,"hall_support":0,"spatial_phase":2,"ir_applicable":1,"ir_distance_state":"HALL_IR_READY","ir_health_fault":6,"ir_readiness":3,"ir_boot":"761B38FCC6F727BE","ir_epoch":1,"ir_epoch_active":1,"ir_seq":13430,"ir_pulses":6738,"ir_reason":1,"ir_age_ms":92,"ir_span":79,"ir_gap":1,"ir_sat":0,"ir_abort":620,"ir_inferred_added":0,"ir_inferred_removed":0,"ir_calibration":0,"hall_seen":6749509,"ir_seen":13350,"hall_q_drop":0,"ir_q_drop":0,"ir_invalid":13924,"nsr_hall_drop":1,"nsr_ir_drop":0,"nsr_navi_drop":0,"nsr_native_drop":168,"event_drop":0,"pwm0_ir_motion":0,"confirmed":61,"missed":152,"pwm":90,"auto":1,"running":1,"estop":0,"lowvolt":0,"ir_stationary_pwm_warning":1,"pub_drop":0}
2026-09-30T15:02:24.044	ngr/loco/9950011/state/trace	{"consumption_drop":334,"action_drop":0,"command_queue_drop":0,"lossless":false}
2026-09-30T15:02:24.045	ngr/loco/9950011/state/nav	{"state":"NORMAL","mm":3,"target":2,"dir":-1,"session_dir":"CCW","position_reliable":1,"ir_distance_state":"HALL_IR_READY","reference_ready":1,"boot_reference":"PROVISIONAL_OR_SPATIAL","authority":"NAVI_EWO"}
2026-09-30T15:02:24.045	ngr/loco/9950011/telem/ir	{"ir_valid":1,"ir_mmps":0.000,"ir_coupled":0,"ir_speed_reason":"STOPPED","ir_applicable":1,"ir_reason":1,"ir_seq":13430,"ir_pulses":6738,"ir_gap":1,"ir_sat":0,"ir_abort":620,"authority":"NAVI_EWO"}
2026-09-30T15:02:24.045	ngr/loco/9950011/telem/speed	{"ir_valid":1,"ir_mmps":0.000,"ir_coupled":0,"ir_speed_reason":"STOPPED","ir_applicable":1,"ir_reason":1,"ir_seq":13430,"ir_pulses":6738,"ir_gap":1,"ir_sat":0,"ir_abort":620,"authority":"NAVI_EWO"}
2026-09-30T15:02:24.045	ngr/loco/9950011/diag/ir_link	{"radio_ready":1,"seen":27274,"source_mac":"38:18:2B:30:8C:2C","paired_mac":"38:18:2B:30:8C:2C","paired_for_display_only":1,"coupled":0,"invalid_wire":13924,"queue_drop":0}
2026-09-30T15:02:24.047	ngr/loco/9950011/state/throttle	90
2026-09-30T15:02:24.047	ngr/loco/9950011/state/direction	2
2026-09-30T15:02:24.047	ngr/loco/9950011/state/auto	1
2026-09-30T15:02:24.052	ngr/loco/9950011/state/estop	0
2026-09-30T15:02:24.052	ngr/loco/9950011/state/nav_ready	1
2026-09-30T15:02:25.047	ngr/loco/9950011/state/loopstat	{"build":"NAVI_EYES_WIDE_OPEN_INTEGRATED_R2","mm":3,"target":2,"dir":-1,"target_distance_mm":330,"target_polarity":-1,"position_reliable":1,"reference_ready":1,"reference":1898,"median5":0,"hall_support":0,"spatial_phase":2,"ir_applicable":1,"ir_distance_state":"HALL_IR_READY","ir_health_fault":0,"ir_readiness":2,"ir_boot":"761B38FCC6F727BE","ir_epoch":1,"ir_epoch_active":1,"ir_seq":13440,"ir_pulses":6738,"ir_reason":5,"ir_age_ms":97,"ir_span":527,"ir_gap":1,"ir_sat":0,"ir_abort":620,"ir_inferred_added":0,"ir_inferred_removed":0,"ir_calibration":0,"hall_seen":6754509,"ir_seen":13360,"hall_q_drop":0,"ir_q_drop":0,"ir_invalid":13935,"nsr_hall_drop":1,"nsr_ir_drop":0,"nsr_navi_drop":0,"nsr_native_drop":168,"event_drop":0,"pwm0_ir_motion":0,"confirmed":61,"missed":152,"pwm":90,"auto":1,"running":1,"estop":0,"lowvolt":0,"ir_stationary_pwm_warning":1,"pub_drop":0}
2026-09-30T15:02:25.050	ngr/loco/9950011/state/trace	{"consumption_drop":334,"action_drop":0,"command_queue_drop":0,"lossless":false}
2026-09-30T15:02:25.051	ngr/loco/9950011/state/nav	{"state":"NORMAL","mm":3,"target":2,"dir":-1,"session_dir":"CCW","position_reliable":1,"ir_distance_state":"HALL_IR_READY","reference_ready":1,"boot_reference":"PROVISIONAL_OR_SPATIAL","authority":"NAVI_EWO"}
2026-09-30T15:02:25.051	ngr/loco/9950011/telem/ir	{"ir_valid":1,"ir_mmps":0.000,"ir_coupled":0,"ir_speed_reason":"STOPPED","ir_applicable":1,"ir_reason":5,"ir_seq":13440,"ir_pulses":6738,"ir_gap":1,"ir_sat":0,"ir_abort":620,"authority":"NAVI_EWO"}
2026-09-30T15:02:25.051	ngr/loco/9950011/telem/speed	{"ir_valid":1,"ir_mmps":0.000,"ir_coupled":0,"ir_speed_reason":"STOPPED","ir_applicable":1,"ir_reason":5,"ir_seq":13440,"ir_pulses":6738,"ir_gap":1,"ir_sat":0,"ir_abort":620,"authority":"NAVI_EWO"}
2026-09-30T15:02:25.051	ngr/loco/9950011/diag/ir_link	{"radio_ready":1,"seen":27295,"source_mac":"38:18:2B:30:8C:2C","paired_mac":"38:18:2B:30:8C:2C","paired_for_display_only":1,"coupled":0,"invalid_wire":13935,"queue_drop":0}
2026-09-30T15:02:25.051	ngr/loco/9950011/state/throttle	90
2026-09-30T15:02:25.052	ngr/loco/9950011/state/direction	2
2026-09-30T15:02:25.052	ngr/loco/9950011/state/auto	1
2026-09-30T15:02:25.052	ngr/loco/9950011/state/estop	0
2026-09-30T15:02:25.052	ngr/loco/9950011/state/nav_ready	1
2026-09-30T15:02:26.037	ngr/loco/9950011/state/loopstat	{"build":"NAVI_EYES_WIDE_OPEN_INTEGRATED_R2","mm":3,"target":2,"dir":-1,"target_distance_mm":330,"target_polarity":-1,"position_reliable":1,"reference_ready":1,"reference":1898,"median5":0,"hall_support":0,"spatial_phase":2,"ir_applicable":1,"ir_distance_state":"HALL_IR_READY","ir_health_fault":6,"ir_readiness":3,"ir_boot":"761B38FCC6F727BE","ir_epoch":1,"ir_epoch_active":1,"ir_seq":13450,"ir_pulses":6738,"ir_reason":1,"ir_age_ms":97,"ir_span":111,"ir_gap":1,"ir_sat":0,"ir_abort":620,"ir_inferred_added":0,"ir_inferred_removed":0,"ir_calibration":0,"hall_seen":6759509,"ir_seen":13370,"hall_q_drop":0,"ir_q_drop":0,"ir_invalid":13945,"nsr_hall_drop":1,"nsr_ir_drop":0,"nsr_navi_drop":0,"nsr_native_drop":168,"event_drop":0,"pwm0_ir_motion":0,"confirmed":61,"missed":152,"pwm":90,"auto":1,"running":1,"estop":0,"lowvolt":0,"ir_stationary_pwm_warning":1,"pub_drop":0}
2026-09-30T15:02:26.039	ngr/loco/9950011/state/trace	{"consumption_drop":334,"action_drop":0,"command_queue_drop":0,"lossless":false}
2026-09-30T15:02:26.041	ngr/loco/9950011/state/nav	{"state":"NORMAL","mm":3,"target":2,"dir":-1,"session_dir":"CCW","position_reliable":1,"ir_distance_state":"HALL_IR_READY","reference_ready":1,"boot_reference":"PROVISIONAL_OR_SPATIAL","authority":"NAVI_EWO"}
2026-09-30T15:02:26.042	ngr/loco/9950011/telem/ir	{"ir_valid":1,"ir_mmps":0.000,"ir_coupled":0,"ir_speed_reason":"STOPPED","ir_applicable":1,"ir_reason":1,"ir_seq":13450,"ir_pulses":6738,"ir_gap":1,"ir_sat":0,"ir_abort":620,"authority":"NAVI_EWO"}
2026-09-30T15:02:26.042	ngr/loco/9950011/telem/speed	{"ir_valid":1,"ir_mmps":0.000,"ir_coupled":0,"ir_speed_reason":"STOPPED","ir_applicable":1,"ir_reason":1,"ir_seq":13450,"ir_pulses":6738,"ir_gap":1,"ir_sat":0,"ir_abort":620,"authority":"NAVI_EWO"}
2026-09-30T15:02:26.043	ngr/loco/9950011/diag/ir_link	{"radio_ready":1,"seen":27315,"source_mac":"38:18:2B:30:8C:2C","paired_mac":"38:18:2B:30:8C:2C","paired_for_display_only":1,"coupled":0,"invalid_wire":13945,"queue_drop":0}
2026-09-30T15:02:26.044	ngr/loco/9950011/state/throttle	90
2026-09-30T15:02:26.044	ngr/loco/9950011/state/direction	2
2026-09-30T15:02:26.046	ngr/loco/9950011/state/auto	1
2026-09-30T15:02:26.046	ngr/loco/9950011/state/estop	0
2026-09-30T15:02:26.053	ngr/loco/9950011/state/nav_ready	1
2026-09-30T15:02:26.856	ngr/loco/9950011/state/connectivity	{"wifi":1,"ip":"192.168.68.72","rssi":-48,"mqtt":1,"mqtt_state":0,"broker":"192.168.68.142","ir_radio":1,"ir_seen":27333,"ir_coupled":0,"navi_sync":1,"udp_failures":185}
2026-09-30T15:02:27.043	ngr/loco/9950011/state/loopstat	{"build":"NAVI_EYES_WIDE_OPEN_INTEGRATED_R2","mm":3,"target":2,"dir":-1,"target_distance_mm":330,"target_polarity":-1,"position_reliable":1,"reference_ready":1,"reference":1898,"median5":0,"hall_support":0,"spatial_phase":2,"ir_applicable":1,"ir_distance_state":"HALL_IR_READY","ir_health_fault":0,"ir_readiness":2,"ir_boot":"761B38FCC6F727BE","ir_epoch":1,"ir_epoch_active":1,"ir_seq":13460,"ir_pulses":6738,"ir_reason":5,"ir_age_ms":96,"ir_span":223,"ir_gap":1,"ir_sat":0,"ir_abort":621,"ir_inferred_added":0,"ir_inferred_removed":0,"ir_calibration":0,"hall_seen":6764510,"ir_seen":13380,"hall_q_drop":0,"ir_q_drop":0,"ir_invalid":13955,"nsr_hall_drop":1,"nsr_ir_drop":0,"nsr_navi_drop":0,"nsr_native_drop":168,"event_drop":0,"pwm0_ir_motion":0,"confirmed":61,"missed":152,"pwm":90,"auto":1,"running":1,"estop":0,"lowvolt":0,"ir_stationary_pwm_warning":1,"pub_drop":0}
2026-09-30T15:02:27.045	ngr/loco/9950011/state/trace	{"consumption_drop":334,"action_drop":0,"command_queue_drop":0,"lossless":false}
2026-09-30T15:02:27.046	ngr/loco/9950011/state/nav	{"state":"NORMAL","mm":3,"target":2,"dir":-1,"session_dir":"CCW","position_reliable":1,"ir_distance_state":"HALL_IR_READY","reference_ready":1,"boot_reference":"PROVISIONAL_OR_SPATIAL","authority":"NAVI_EWO"}
2026-09-30T15:02:27.046	ngr/loco/9950011/telem/ir	{"ir_valid":1,"ir_mmps":0.000,"ir_coupled":0,"ir_speed_reason":"STOPPED","ir_applicable":1,"ir_reason":5,"ir_seq":13460,"ir_pulses":6738,"ir_gap":1,"ir_sat":0,"ir_abort":621,"authority":"NAVI_EWO"}
2026-09-30T15:02:27.046	ngr/loco/9950011/telem/speed	{"ir_valid":1,"ir_mmps":0.000,"ir_coupled":0,"ir_speed_reason":"STOPPED","ir_applicable":1,"ir_reason":5,"ir_seq":13460,"ir_pulses":6738,"ir_gap":1,"ir_sat":0,"ir_abort":621,"authority":"NAVI_EWO"}
2026-09-30T15:02:27.046	ngr/loco/9950011/diag/ir_link	{"radio_ready":1,"seen":27335,"source_mac":"38:18:2B:30:8C:2C","paired_mac":"38:18:2B:30:8C:2C","paired_for_display_only":1,"coupled":0,"invalid_wire":13955,"queue_drop":0}
2026-09-30T15:02:27.055	ngr/loco/9950011/state/throttle	90
2026-09-30T15:02:27.055	ngr/loco/9950011/state/direction	2
2026-09-30T15:02:27.055	ngr/loco/9950011/state/auto	1
2026-09-30T15:02:27.059	ngr/loco/9950011/state/estop	0
2026-09-30T15:02:27.059	ngr/loco/9950011/state/nav_ready	1
2026-09-30T15:02:28.037	ngr/loco/9950011/state/loopstat	{"build":"NAVI_EYES_WIDE_OPEN_INTEGRATED_R2","mm":3,"target":2,"dir":-1,"target_distance_mm":330,"target_polarity":-1,"position_reliable":1,"reference_ready":1,"reference":1898,"median5":0,"hall_support":0,"spatial_phase":2,"ir_applicable":1,"ir_distance_state":"HALL_IR_READY","ir_health_fault":0,"ir_readiness":2,"ir_boot":"761B38FCC6F727BE","ir_epoch":1,"ir_epoch_active":1,"ir_seq":13470,"ir_pulses":6738,"ir_reason":5,"ir_age_ms":76,"ir_span":127,"ir_gap":1,"ir_sat":0,"ir_abort":621,"ir_inferred_added":0,"ir_inferred_removed":0,"ir_calibration":0,"hall_seen":6769509,"ir_seen":13390,"hall_q_drop":0,"ir_q_drop":0,"ir_invalid":13966,"nsr_hall_drop":1,"nsr_ir_drop":0,"nsr_navi_drop":0,"nsr_native_drop":168,"event_drop":0,"pwm0_ir_motion":0,"confirmed":61,"missed":152,"pwm":90,"auto":1,"running":1,"estop":0,"lowvolt":0,"ir_stationary_pwm_warning":1,"pub_drop":0}
2026-09-30T15:02:28.044	ngr/loco/9950011/state/trace	{"consumption_drop":334,"action_drop":0,"command_queue_drop":0,"lossless":false}
2026-09-30T15:02:28.045	ngr/loco/9950011/state/nav	{"state":"NORMAL","mm":3,"target":2,"dir":-1,"session_dir":"CCW","position_reliable":1,"ir_distance_state":"HALL_IR_READY","reference_ready":1,"boot_reference":"PROVISIONAL_OR_SPATIAL","authority":"NAVI_EWO"}
2026-09-30T15:02:28.045	ngr/loco/9950011/telem/ir	{"ir_valid":1,"ir_mmps":0.000,"ir_coupled":0,"ir_speed_reason":"STOPPED","ir_applicable":1,"ir_reason":5,"ir_seq":13470,"ir_pulses":6738,"ir_gap":1,"ir_sat":0,"ir_abort":621,"authority":"NAVI_EWO"}
2026-09-30T15:02:28.054	ngr/loco/9950011/telem/speed	{"ir_valid":1,"ir_mmps":0.000,"ir_coupled":0,"ir_speed_reason":"STOPPED","ir_applicable":1,"ir_reason":5,"ir_seq":13470,"ir_pulses":6738,"ir_gap":1,"ir_sat":0,"ir_abort":621,"authority":"NAVI_EWO"}
2026-09-30T15:02:28.054	ngr/loco/9950011/diag/ir_link	{"radio_ready":1,"seen":27356,"source_mac":"38:18:2B:30:8C:2C","paired_mac":"38:18:2B:30:8C:2C","paired_for_display_only":1,"coupled":0,"invalid_wire":13966,"queue_drop":0}
2026-09-30T15:02:28.054	ngr/loco/9950011/state/throttle	90
2026-09-30T15:02:28.055	ngr/loco/9950011/state/direction	2
2026-09-30T15:02:28.055	ngr/loco/9950011/state/auto	1
2026-09-30T15:02:28.055	ngr/loco/9950011/state/estop	0
2026-09-30T15:02:28.055	ngr/loco/9950011/state/nav_ready	1
2026-09-30T15:02:28.844	ngr/loco/9950011/state/lowvolt	0
2026-09-30T15:02:28.888	ngr/loco/9950011/telem/voltage	16.35
2026-09-30T15:02:28.888	ngr/loco/9950011/telem/current	0.25
2026-09-30T15:02:28.889	ngr/loco/9950011/telem/power	4.66
2026-09-30T15:02:28.961	ngr/loco/9950011/nav/evidence	{"event":"SPATIAL_REFERENCE","hall_serial":6774095,"mm":3,"target":2,"dir":-1,"ir_um":65044828,"median5":0,"reference":1903,"ir_distance_holding":0,"opening_serial":5819577,"opening_ir_um":64842136,"position_reliable":1,"spatial_phase":0,"decision_us":1355172730,"consumption_id":6787496,"ir_seq":13480}
2026-09-30T15:02:29.038	ngr/loco/9950011/state/loopstat	{"build":"NAVI_EYES_WIDE_OPEN_INTEGRATED_R2","mm":3,"target":2,"dir":-1,"target_distance_mm":330,"target_polarity":-1,"position_reliable":1,"reference_ready":1,"reference":1903,"median5":1903,"hall_support":0,"spatial_phase":0,"ir_applicable":1,"ir_distance_state":"HALL_IR_READY","ir_health_fault":6,"ir_readiness":3,"ir_boot":"761B38FCC6F727BE","ir_epoch":1,"ir_epoch_active":1,"ir_seq":13480,"ir_pulses":6739,"ir_reason":1,"ir_age_ms":82,"ir_span":143,"ir_gap":1,"ir_sat":0,"ir_abort":622,"ir_inferred_added":0,"ir_inferred_removed":0,"ir_calibration":0,"hall_seen":6774510,"ir_seen":13400,"hall_q_drop":0,"ir_q_drop":0,"ir_invalid":13976,"nsr_hall_drop":1,"nsr_ir_drop":0,"nsr_navi_drop":0,"nsr_native_drop":168,"event_drop":0,"pwm0_ir_motion":0,"confirmed":61,"missed":152,"pwm":90,"auto":1,"running":1,"estop":0,"lowvolt":0,"ir_stationary_pwm_warning":0,"pub_drop":0}
2026-09-30T15:02:29.044	ngr/loco/9950011/state/trace	{"consumption_drop":334,"action_drop":0,"command_queue_drop":0,"lossless":false}
2026-09-30T15:02:29.044	ngr/loco/9950011/state/nav	{"state":"NORMAL","mm":3,"target":2,"dir":-1,"session_dir":"CCW","position_reliable":1,"ir_distance_state":"HALL_IR_READY","reference_ready":1,"boot_reference":"PROVISIONAL_OR_SPATIAL","authority":"NAVI_EWO"}
2026-09-30T15:02:29.044	ngr/loco/9950011/telem/ir	{"ir_valid":1,"ir_mmps":10.724,"ir_coupled":0,"ir_speed_reason":"MEASURED","ir_applicable":1,"ir_reason":1,"ir_seq":13480,"ir_pulses":6739,"ir_gap":1,"ir_sat":0,"ir_abort":622,"authority":"NAVI_EWO"}
2026-09-30T15:02:29.044	ngr/loco/9950011/telem/speed	{"ir_valid":1,"ir_mmps":10.724,"ir_coupled":0,"ir_speed_reason":"MEASURED","ir_applicable":1,"ir_reason":1,"ir_seq":13480,"ir_pulses":6739,"ir_gap":1,"ir_sat":0,"ir_abort":622,"authority":"NAVI_EWO"}
2026-09-30T15:02:29.045	ngr/loco/9950011/diag/ir_link	{"radio_ready":1,"seen":27376,"source_mac":"38:18:2B:30:8C:2C","paired_mac":"38:18:2B:30:8C:2C","paired_for_display_only":1,"coupled":0,"invalid_wire":13976,"queue_drop":0}
2026-09-30T15:02:29.045	ngr/loco/9950011/state/throttle	90
2026-09-30T15:02:29.046	ngr/loco/9950011/state/direction	2
2026-09-30T15:02:29.046	ngr/loco/9950011/state/auto	1
2026-09-30T15:02:29.047	ngr/loco/9950011/state/estop	0
2026-09-30T15:02:29.047	ngr/loco/9950011/state/nav_ready	1
2026-09-30T15:02:30.037	ngr/loco/9950011/state/loopstat	{"build":"NAVI_EYES_WIDE_OPEN_INTEGRATED_R2","mm":3,"target":2,"dir":-1,"target_distance_mm":330,"target_polarity":-1,"position_reliable":1,"reference_ready":1,"reference":1903,"median5":1902,"hall_support":0,"spatial_phase":0,"ir_applicable":1,"ir_distance_state":"HALL_IR_READY","ir_health_fault":6,"ir_readiness":3,"ir_boot":"761B38FCC6F727BE","ir_epoch":1,"ir_epoch_active":1,"ir_seq":13490,"ir_pulses":6740,"ir_reason":1,"ir_age_ms":86,"ir_span":223,"ir_gap":1,"ir_sat":0,"ir_abort":623,"ir_inferred_added":0,"ir_inferred_removed":0,"ir_calibration":0,"hall_seen":6779510,"ir_seen":13410,"hall_q_drop":0,"ir_q_drop":0,"ir_invalid":13987,"nsr_hall_drop":1,"nsr_ir_drop":0,"nsr_navi_drop":0,"nsr_native_drop":168,"event_drop":0,"pwm0_ir_motion":0,"confirmed":61,"missed":152,"pwm":90,"auto":1,"running":1,"estop":0,"lowvolt":0,"ir_stationary_pwm_warning":0,"pub_drop":0}
2026-09-30T15:02:30.045	ngr/loco/9950011/state/trace	{"consumption_drop":334,"action_drop":0,"command_queue_drop":0,"lossless":false}
2026-09-30T15:02:30.046	ngr/loco/9950011/state/nav	{"state":"NORMAL","mm":3,"target":2,"dir":-1,"session_dir":"CCW","position_reliable":1,"ir_distance_state":"HALL_IR_READY","reference_ready":1,"boot_reference":"PROVISIONAL_OR_SPATIAL","authority":"NAVI_EWO"}
2026-09-30T15:02:30.046	ngr/loco/9950011/telem/ir	{"ir_valid":1,"ir_mmps":10.713,"ir_coupled":0,"ir_speed_reason":"MEASURED","ir_applicable":1,"ir_reason":1,"ir_seq":13490,"ir_pulses":6740,"ir_gap":1,"ir_sat":0,"ir_abort":623,"authority":"NAVI_EWO"}
2026-09-30T15:02:30.046	ngr/loco/9950011/telem/speed	{"ir_valid":1,"ir_mmps":10.713,"ir_coupled":0,"ir_speed_reason":"MEASURED","ir_applicable":1,"ir_reason":1,"ir_seq":13490,"ir_pulses":6740,"ir_gap":1,"ir_sat":0,"ir_abort":623,"authority":"NAVI_EWO"}
2026-09-30T15:02:30.046	ngr/loco/9950011/diag/ir_link	{"radio_ready":1,"seen":27397,"source_mac":"38:18:2B:30:8C:2C","paired_mac":"38:18:2B:30:8C:2C","paired_for_display_only":1,"coupled":0,"invalid_wire":13987,"queue_drop":0}
2026-09-30T15:02:30.050	ngr/loco/9950011/state/throttle	90
2026-09-30T15:02:30.050	ngr/loco/9950011/state/direction	2
2026-09-30T15:02:30.050	ngr/loco/9950011/state/auto	1
2026-09-30T15:02:30.051	ngr/loco/9950011/state/estop	0
2026-09-30T15:02:30.051	ngr/loco/9950011/state/nav_ready	1
2026-09-30T15:02:31.044	ngr/loco/9950011/state/loopstat	{"build":"NAVI_EYES_WIDE_OPEN_INTEGRATED_R2","mm":3,"target":2,"dir":-1,"target_distance_mm":330,"target_polarity":-1,"position_reliable":1,"reference_ready":1,"reference":1903,"median5":1899,"hall_support":0,"spatial_phase":0,"ir_applicable":1,"ir_distance_state":"HALL_IR_READY","ir_health_fault":0,"ir_readiness":2,"ir_boot":"761B38FCC6F727BE","ir_epoch":1,"ir_epoch_active":1,"ir_seq":13500,"ir_pulses":6740,"ir_reason":5,"ir_age_ms":84,"ir_span":287,"ir_gap":1,"ir_sat":0,"ir_abort":624,"ir_inferred_added":0,"ir_inferred_removed":0,"ir_calibration":0,"hall_seen":6784505,"ir_seen":13420,"hall_q_drop":0,"ir_q_drop":0,"ir_invalid":13997,"nsr_hall_drop":1,"nsr_ir_drop":0,"nsr_navi_drop":0,"nsr_native_drop":168,"event_drop":0,"pwm0_ir_motion":0,"confirmed":61,"missed":152,"pwm":90,"auto":1,"running":1,"estop":0,"lowvolt":0,"ir_stationary_pwm_warning":1,"pub_drop":0}
2026-09-30T15:02:31.048	ngr/loco/9950011/state/trace	{"consumption_drop":334,"action_drop":0,"command_queue_drop":0,"lossless":false}
2026-09-30T15:02:31.049	ngr/loco/9950011/state/nav	{"state":"NORMAL","mm":3,"target":2,"dir":-1,"session_dir":"CCW","position_reliable":1,"ir_distance_state":"HALL_IR_READY","reference_ready":1,"boot_reference":"PROVISIONAL_OR_SPATIAL","authority":"NAVI_EWO"}
2026-09-30T15:02:31.049	ngr/loco/9950011/telem/ir	{"ir_valid":1,"ir_mmps":0.000,"ir_coupled":0,"ir_speed_reason":"STOPPED","ir_applicable":1,"ir_reason":5,"ir_seq":13500,"ir_pulses":6740,"ir_gap":1,"ir_sat":0,"ir_abort":624,"authority":"NAVI_EWO"}
2026-09-30T15:02:31.049	ngr/loco/9950011/telem/speed	{"ir_valid":1,"ir_mmps":0.000,"ir_coupled":0,"ir_speed_reason":"STOPPED","ir_applicable":1,"ir_reason":5,"ir_seq":13500,"ir_pulses":6740,"ir_gap":1,"ir_sat":0,"ir_abort":624,"authority":"NAVI_EWO"}
2026-09-30T15:02:31.049	ngr/loco/9950011/diag/ir_link	{"radio_ready":1,"seen":27417,"source_mac":"38:18:2B:30:8C:2C","paired_mac":"38:18:2B:30:8C:2C","paired_for_display_only":1,"coupled":0,"invalid_wire":13997,"queue_drop":0}
2026-09-30T15:02:31.049	ngr/loco/9950011/state/throttle	90
2026-09-30T15:02:31.050	ngr/loco/9950011/state/direction	2
2026-09-30T15:02:31.050	ngr/loco/9950011/state/auto	1
2026-09-30T15:02:31.050	ngr/loco/9950011/state/estop	0
2026-09-30T15:02:31.053	ngr/loco/9950011/state/nav_ready	1
2026-09-30T15:02:31.855	ngr/loco/9950011/state/connectivity	{"wifi":1,"ip":"192.168.68.72","rssi":-45,"mqtt":1,"mqtt_state":0,"broker":"192.168.68.142","ir_radio":1,"ir_seen":27435,"ir_coupled":0,"navi_sync":1,"udp_failures":185}
2026-09-30T15:02:32.038	ngr/loco/9950011/state/loopstat	{"build":"NAVI_EYES_WIDE_OPEN_INTEGRATED_R2","mm":3,"target":2,"dir":-1,"target_distance_mm":330,"target_polarity":-1,"position_reliable":1,"reference_ready":1,"reference":1903,"median5":2059,"hall_support":0,"spatial_phase":0,"ir_applicable":1,"ir_distance_state":"HALL_IR_READY","ir_health_fault":6,"ir_readiness":3,"ir_boot":"761B38FCC6F727BE","ir_epoch":1,"ir_epoch_active":1,"ir_seq":13510,"ir_pulses":6740,"ir_reason":1,"ir_age_ms":88,"ir_span":255,"ir_gap":1,"ir_sat":0,"ir_abort":624,"ir_inferred_added":0,"ir_inferred_removed":0,"ir_calibration":0,"hall_seen":6789510,"ir_seen":13430,"hall_q_drop":0,"ir_q_drop":0,"ir_invalid":14007,"nsr_hall_drop":1,"nsr_ir_drop":0,"nsr_navi_drop":0,"nsr_native_drop":168,"event_drop":0,"pwm0_ir_motion":0,"confirmed":61,"missed":152,"pwm":90,"auto":1,"running":1,"estop":0,"lowvolt":0,"ir_stationary_pwm_warning":1,"pub_drop":0}
2026-09-30T15:02:32.043	ngr/loco/9950011/state/trace	{"consumption_drop":334,"action_drop":0,"command_queue_drop":0,"lossless":false}
2026-09-30T15:02:32.043	ngr/loco/9950011/state/nav	{"state":"NORMAL","mm":3,"target":2,"dir":-1,"session_dir":"CCW","position_reliable":1,"ir_distance_state":"HALL_IR_READY","reference_ready":1,"boot_reference":"PROVISIONAL_OR_SPATIAL","authority":"NAVI_EWO"}
2026-09-30T15:02:32.044	ngr/loco/9950011/telem/ir	{"ir_valid":1,"ir_mmps":0.000,"ir_coupled":0,"ir_speed_reason":"STOPPED","ir_applicable":1,"ir_reason":1,"ir_seq":13510,"ir_pulses":6740,"ir_gap":1,"ir_sat":0,"ir_abort":624,"authority":"NAVI_EWO"}
2026-09-30T15:02:32.044	ngr/loco/9950011/telem/speed	{"ir_valid":1,"ir_mmps":0.000,"ir_coupled":0,"ir_speed_reason":"STOPPED","ir_applicable":1,"ir_reason":1,"ir_seq":13510,"ir_pulses":6740,"ir_gap":1,"ir_sat":0,"ir_abort":624,"authority":"NAVI_EWO"}
2026-09-30T15:02:32.044	ngr/loco/9950011/diag/ir_link	{"radio_ready":1,"seen":27437,"source_mac":"38:18:2B:30:8C:2C","paired_mac":"38:18:2B:30:8C:2C","paired_for_display_only":1,"coupled":0,"invalid_wire":14007,"queue_drop":0}
2026-09-30T15:02:32.044	ngr/loco/9950011/state/throttle	90
2026-09-30T15:02:32.044	ngr/loco/9950011/state/direction	2
2026-09-30T15:02:32.045	ngr/loco/9950011/state/auto	1
2026-09-30T15:02:32.046	ngr/loco/9950011/state/estop	0
2026-09-30T15:02:32.046	ngr/loco/9950011/state/nav_ready	1
2026-09-30T15:02:33.036	ngr/loco/9950011/state/loopstat	{"build":"NAVI_EYES_WIDE_OPEN_INTEGRATED_R2","mm":3,"target":2,"dir":-1,"target_distance_mm":330,"target_polarity":-1,"position_reliable":1,"reference_ready":1,"reference":1903,"median5":1901,"hall_support":0,"spatial_phase":0,"ir_applicable":1,"ir_distance_state":"HALL_IR_READY","ir_health_fault":6,"ir_readiness":3,"ir_boot":"761B38FCC6F727BE","ir_epoch":1,"ir_epoch_active":1,"ir_seq":13520,"ir_pulses":6740,"ir_reason":1,"ir_age_ms":85,"ir_span":63,"ir_gap":1,"ir_sat":0,"ir_abort":625,"ir_inferred_added":0,"ir_inferred_removed":0,"ir_calibration":0,"hall_seen":6794510,"ir_seen":13440,"hall_q_drop":0,"ir_q_drop":0,"ir_invalid":14018,"nsr_hall_drop":1,"nsr_ir_drop":0,"nsr_navi_drop":0,"nsr_native_drop":168,"event_drop":0,"pwm0_ir_motion":0,"confirmed":61,"missed":152,"pwm":90,"auto":1,"running":1,"estop":0,"lowvolt":0,"ir_stationary_pwm_warning":1,"pub_drop":0}
2026-09-30T15:02:33.039	ngr/loco/9950011/state/trace	{"consumption_drop":334,"action_drop":0,"command_queue_drop":0,"lossless":false}
2026-09-30T15:02:33.042	ngr/loco/9950011/state/nav	{"state":"NORMAL","mm":3,"target":2,"dir":-1,"session_dir":"CCW","position_reliable":1,"ir_distance_state":"HALL_IR_READY","reference_ready":1,"boot_reference":"PROVISIONAL_OR_SPATIAL","authority":"NAVI_EWO"}
2026-09-30T15:02:33.042	ngr/loco/9950011/telem/ir	{"ir_valid":1,"ir_mmps":0.000,"ir_coupled":0,"ir_speed_reason":"STOPPED","ir_applicable":1,"ir_reason":1,"ir_seq":13520,"ir_pulses":6740,"ir_gap":1,"ir_sat":0,"ir_abort":625,"authority":"NAVI_EWO"}
2026-09-30T15:02:33.042	ngr/loco/9950011/telem/speed	{"ir_valid":1,"ir_mmps":0.000,"ir_coupled":0,"ir_speed_reason":"STOPPED","ir_applicable":1,"ir_reason":1,"ir_seq":13520,"ir_pulses":6740,"ir_gap":1,"ir_sat":0,"ir_abort":625,"authority":"NAVI_EWO"}
2026-09-30T15:02:33.044	ngr/loco/9950011/diag/ir_link	{"radio_ready":1,"seen":27458,"source_mac":"38:18:2B:30:8C:2C","paired_mac":"38:18:2B:30:8C:2C","paired_for_display_only":1,"coupled":0,"invalid_wire":14018,"queue_drop":0}
2026-09-30T15:02:33.045	ngr/loco/9950011/state/throttle	90
2026-09-30T15:02:33.045	ngr/loco/9950011/state/direction	2
2026-09-30T15:02:33.048	ngr/loco/9950011/state/auto	1
2026-09-30T15:02:33.048	ngr/loco/9950011/state/estop	0
2026-09-30T15:02:33.048	ngr/loco/9950011/state/nav_ready	1
2026-09-30T15:02:33.862	ngr/loco/9950011/state/lowvolt	0
2026-09-30T15:02:33.864	ngr/loco/9950011/telem/voltage	16.34
2026-09-30T15:02:33.864	ngr/loco/9950011/telem/current	0.26
2026-09-30T15:02:33.865	ngr/loco/9950011/telem/power	4.65
2026-09-30T15:02:34.033	ngr/loco/9950011/state/loopstat	{"build":"NAVI_EYES_WIDE_OPEN_INTEGRATED_R2","mm":3,"target":2,"dir":-1,"target_distance_mm":330,"target_polarity":-1,"position_reliable":1,"reference_ready":1,"reference":1903,"median5":1902,"hall_support":0,"spatial_phase":0,"ir_applicable":1,"ir_distance_state":"HALL_IR_READY","ir_health_fault":0,"ir_readiness":2,"ir_boot":"761B38FCC6F727BE","ir_epoch":1,"ir_epoch_active":1,"ir_seq":13530,"ir_pulses":6740,"ir_reason":5,"ir_age_ms":87,"ir_span":623,"ir_gap":1,"ir_sat":0,"ir_abort":625,"ir_inferred_added":0,"ir_inferred_removed":0,"ir_calibration":0,"hall_seen":6799510,"ir_seen":13450,"hall_q_drop":0,"ir_q_drop":0,"ir_invalid":14028,"nsr_hall_drop":1,"nsr_ir_drop":0,"nsr_navi_drop":0,"nsr_native_drop":168,"event_drop":0,"pwm0_ir_motion":0,"confirmed":61,"missed":152,"pwm":90,"auto":1,"running":1,"estop":0,"lowvolt":0,"ir_stationary_pwm_warning":1,"pub_drop":0}
2026-09-30T15:02:34.038	ngr/loco/9950011/state/trace	{"consumption_drop":334,"action_drop":0,"command_queue_drop":0,"lossless":false}
2026-09-30T15:02:34.038	ngr/loco/9950011/state/nav	{"state":"NORMAL","mm":3,"target":2,"dir":-1,"session_dir":"CCW","position_reliable":1,"ir_distance_state":"HALL_IR_READY","reference_ready":1,"boot_reference":"PROVISIONAL_OR_SPATIAL","authority":"NAVI_EWO"}
2026-09-30T15:02:34.048	ngr/loco/9950011/telem/ir	{"ir_valid":1,"ir_mmps":0.000,"ir_coupled":0,"ir_speed_reason":"STOPPED","ir_applicable":1,"ir_reason":5,"ir_seq":13530,"ir_pulses":6740,"ir_gap":1,"ir_sat":0,"ir_abort":625,"authority":"NAVI_EWO"}
2026-09-30T15:02:34.049	ngr/loco/9950011/telem/speed	{"ir_valid":1,"ir_mmps":0.000,"ir_coupled":0,"ir_speed_reason":"STOPPED","ir_applicable":1,"ir_reason":5,"ir_seq":13530,"ir_pulses":6740,"ir_gap":1,"ir_sat":0,"ir_abort":625,"authority":"NAVI_EWO"}
2026-09-30T15:02:34.049	ngr/loco/9950011/diag/ir_link	{"radio_ready":1,"seen":27478,"source_mac":"38:18:2B:30:8C:2C","paired_mac":"38:18:2B:30:8C:2C","paired_for_display_only":1,"coupled":0,"invalid_wire":14028,"queue_drop":0}
2026-09-30T15:02:34.049	ngr/loco/9950011/state/throttle	90
2026-09-30T15:02:34.050	ngr/loco/9950011/state/direction	2
2026-09-30T15:02:34.050	ngr/loco/9950011/state/auto	1
2026-09-30T15:02:34.050	ngr/loco/9950011/state/estop	0
2026-09-30T15:02:34.051	ngr/loco/9950011/state/nav_ready	1
2026-09-30T15:02:35.040	ngr/loco/9950011/state/loopstat	{"build":"NAVI_EYES_WIDE_OPEN_INTEGRATED_R2","mm":3,"target":2,"dir":-1,"target_distance_mm":330,"target_polarity":-1,"position_reliable":1,"reference_ready":1,"reference":1903,"median5":1902,"hall_support":0,"spatial_phase":0,"ir_applicable":1,"ir_distance_state":"HALL_IR_READY","ir_health_fault":0,"ir_readiness":2,"ir_boot":"761B38FCC6F727BE","ir_epoch":1,"ir_epoch_active":1,"ir_seq":13540,"ir_pulses":6741,"ir_reason":5,"ir_age_ms":74,"ir_span":1375,"ir_gap":1,"ir_sat":0,"ir_abort":626,"ir_inferred_added":0,"ir_inferred_removed":0,"ir_calibration":0,"hall_seen":6804515,"ir_seen":13460,"hall_q_drop":0,"ir_q_drop":0,"ir_invalid":14039,"nsr_hall_drop":1,"nsr_ir_drop":0,"nsr_navi_drop":0,"nsr_native_drop":168,"event_drop":0,"pwm0_ir_motion":0,"confirmed":61,"missed":152,"pwm":90,"auto":1,"running":1,"estop":0,"lowvolt":0,"ir_stationary_pwm_warning":0,"pub_drop":0}
2026-09-30T15:02:35.084	ngr/loco/9950011/state/trace	{"consumption_drop":334,"action_drop":0,"command_queue_drop":0,"lossless":false}
2026-09-30T15:02:35.084	ngr/loco/9950011/state/nav	{"state":"NORMAL","mm":3,"target":2,"dir":-1,"session_dir":"CCW","position_reliable":1,"ir_distance_state":"HALL_IR_READY","reference_ready":1,"boot_reference":"PROVISIONAL_OR_SPATIAL","authority":"NAVI_EWO"}
2026-09-30T15:02:35.084	ngr/loco/9950011/telem/ir	{"ir_valid":1,"ir_mmps":10.713,"ir_coupled":0,"ir_speed_reason":"MEASURED","ir_applicable":1,"ir_reason":5,"ir_seq":13540,"ir_pulses":6741,"ir_gap":1,"ir_sat":0,"ir_abort":626,"authority":"NAVI_EWO"}
2026-09-30T15:02:35.085	ngr/loco/9950011/telem/speed	{"ir_valid":1,"ir_mmps":10.713,"ir_coupled":0,"ir_speed_reason":"MEASURED","ir_applicable":1,"ir_reason":5,"ir_seq":13540,"ir_pulses":6741,"ir_gap":1,"ir_sat":0,"ir_abort":626,"authority":"NAVI_EWO"}
2026-09-30T15:02:35.085	ngr/loco/9950011/diag/ir_link	{"radio_ready":1,"seen":27499,"source_mac":"38:18:2B:30:8C:2C","paired_mac":"38:18:2B:30:8C:2C","paired_for_display_only":1,"coupled":0,"invalid_wire":14039,"queue_drop":0}
2026-09-30T15:02:35.085	ngr/loco/9950011/state/throttle	90
2026-09-30T15:02:35.085	ngr/loco/9950011/state/direction	2
2026-09-30T15:02:35.085	ngr/loco/9950011/state/auto	1
2026-09-30T15:02:35.085	ngr/loco/9950011/state/estop	0
2026-09-30T15:02:35.085	ngr/loco/9950011/state/nav_ready	1
2026-09-30T15:02:36.044	ngr/loco/9950011/state/loopstat	{"build":"NAVI_EYES_WIDE_OPEN_INTEGRATED_R2","mm":3,"target":2,"dir":-1,"target_distance_mm":330,"target_polarity":-1,"position_reliable":1,"reference_ready":1,"reference":1903,"median5":1897,"hall_support":0,"spatial_phase":0,"ir_applicable":1,"ir_distance_state":"HALL_IR_READY","ir_health_fault":0,"ir_readiness":2,"ir_boot":"761B38FCC6F727BE","ir_epoch":1,"ir_epoch_active":1,"ir_seq":13550,"ir_pulses":6741,"ir_reason":5,"ir_age_ms":74,"ir_span":559,"ir_gap":1,"ir_sat":0,"ir_abort":626,"ir_inferred_added":0,"ir_inferred_removed":0,"ir_calibration":0,"hall_seen":6809515,"ir_seen":13470,"hall_q_drop":0,"ir_q_drop":0,"ir_invalid":14049,"nsr_hall_drop":1,"nsr_ir_drop":0,"nsr_navi_drop":0,"nsr_native_drop":168,"event_drop":0,"pwm0_ir_motion":0,"confirmed":61,"missed":152,"pwm":90,"auto":1,"running":1,"estop":0,"lowvolt":0,"ir_stationary_pwm_warning":1,"pub_drop":0}
2026-09-30T15:02:36.046	ngr/loco/9950011/state/trace	{"consumption_drop":334,"action_drop":0,"command_queue_drop":0,"lossless":false}
2026-09-30T15:02:36.046	ngr/loco/9950011/state/nav	{"state":"NORMAL","mm":3,"target":2,"dir":-1,"session_dir":"CCW","position_reliable":1,"ir_distance_state":"HALL_IR_READY","reference_ready":1,"boot_reference":"PROVISIONAL_OR_SPATIAL","authority":"NAVI_EWO"}
2026-09-30T15:02:36.047	ngr/loco/9950011/telem/ir	{"ir_valid":1,"ir_mmps":0.000,"ir_coupled":0,"ir_speed_reason":"STOPPED","ir_applicable":1,"ir_reason":5,"ir_seq":13550,"ir_pulses":6741,"ir_gap":1,"ir_sat":0,"ir_abort":626,"authority":"NAVI_EWO"}
2026-09-30T15:02:36.047	ngr/loco/9950011/telem/speed	{"ir_valid":1,"ir_mmps":0.000,"ir_coupled":0,"ir_speed_reason":"STOPPED","ir_applicable":1,"ir_reason":5,"ir_seq":13550,"ir_pulses":6741,"ir_gap":1,"ir_sat":0,"ir_abort":626,"authority":"NAVI_EWO"}
2026-09-30T15:02:36.047	ngr/loco/9950011/diag/ir_link	{"radio_ready":1,"seen":27519,"source_mac":"38:18:2B:30:8C:2C","paired_mac":"38:18:2B:30:8C:2C","paired_for_display_only":1,"coupled":0,"invalid_wire":14049,"queue_drop":0}
2026-09-30T15:02:36.047	ngr/loco/9950011/state/throttle	90
2026-09-30T15:02:36.047	ngr/loco/9950011/state/direction	2
2026-09-30T15:02:36.048	ngr/loco/9950011/state/auto	1
2026-09-30T15:02:36.048	ngr/loco/9950011/state/estop	0
2026-09-30T15:02:36.048	ngr/loco/9950011/state/nav_ready	1
2026-09-30T15:02:36.862	ngr/loco/9950011/state/connectivity	{"wifi":1,"ip":"192.168.68.72","rssi":-40,"mqtt":1,"mqtt_state":0,"broker":"192.168.68.142","ir_radio":1,"ir_seen":27536,"ir_coupled":0,"navi_sync":1,"udp_failures":185}
2026-09-30T15:02:37.039	ngr/loco/9950011/state/loopstat	{"build":"NAVI_EYES_WIDE_OPEN_INTEGRATED_R2","mm":3,"target":2,"dir":-1,"target_distance_mm":330,"target_polarity":-1,"position_reliable":1,"reference_ready":1,"reference":1903,"median5":1906,"hall_support":0,"spatial_phase":0,"ir_applicable":1,"ir_distance_state":"HALL_IR_READY","ir_health_fault":0,"ir_readiness":2,"ir_boot":"761B38FCC6F727BE","ir_epoch":1,"ir_epoch_active":1,"ir_seq":13560,"ir_pulses":6741,"ir_reason":5,"ir_age_ms":78,"ir_span":751,"ir_gap":1,"ir_sat":0,"ir_abort":626,"ir_inferred_added":0,"ir_inferred_removed":0,"ir_calibration":0,"hall_seen":6814512,"ir_seen":13480,"hall_q_drop":0,"ir_q_drop":0,"ir_invalid":14059,"nsr_hall_drop":1,"nsr_ir_drop":0,"nsr_navi_drop":0,"nsr_native_drop":168,"event_drop":0,"pwm0_ir_motion":0,"confirmed":61,"missed":152,"pwm":90,"auto":1,"running":1,"estop":0,"lowvolt":0,"ir_stationary_pwm_warning":1,"pub_drop":0}
2026-09-30T15:02:37.041	ngr/loco/9950011/state/trace	{"consumption_drop":334,"action_drop":0,"command_queue_drop":0,"lossless":false}
2026-09-30T15:02:37.046	ngr/loco/9950011/state/nav	{"state":"NORMAL","mm":3,"target":2,"dir":-1,"session_dir":"CCW","position_reliable":1,"ir_distance_state":"HALL_IR_READY","reference_ready":1,"boot_reference":"PROVISIONAL_OR_SPATIAL","authority":"NAVI_EWO"}
2026-09-30T15:02:37.046	ngr/loco/9950011/telem/ir	{"ir_valid":1,"ir_mmps":0.000,"ir_coupled":0,"ir_speed_reason":"STOPPED","ir_applicable":1,"ir_reason":5,"ir_seq":13560,"ir_pulses":6741,"ir_gap":1,"ir_sat":0,"ir_abort":626,"authority":"NAVI_EWO"}
2026-09-30T15:02:37.047	ngr/loco/9950011/telem/speed	{"ir_valid":1,"ir_mmps":0.000,"ir_coupled":0,"ir_speed_reason":"STOPPED","ir_applicable":1,"ir_reason":5,"ir_seq":13560,"ir_pulses":6741,"ir_gap":1,"ir_sat":0,"ir_abort":626,"authority":"NAVI_EWO"}
2026-09-30T15:02:37.047	ngr/loco/9950011/diag/ir_link	{"radio_ready":1,"seen":27539,"source_mac":"38:18:2B:30:8C:2C","paired_mac":"38:18:2B:30:8C:2C","paired_for_display_only":1,"coupled":0,"invalid_wire":14059,"queue_drop":0}
2026-09-30T15:02:37.047	ngr/loco/9950011/state/throttle	90
2026-09-30T15:02:37.048	ngr/loco/9950011/state/direction	2
2026-09-30T15:02:37.048	ngr/loco/9950011/state/auto	1
2026-09-30T15:02:37.049	ngr/loco/9950011/state/estop	0
2026-09-30T15:02:37.049	ngr/loco/9950011/state/nav_ready	1
2026-09-30T15:02:38.037	ngr/loco/9950011/state/loopstat	{"build":"NAVI_EYES_WIDE_OPEN_INTEGRATED_R2","mm":3,"target":2,"dir":-1,"target_distance_mm":330,"target_polarity":-1,"position_reliable":1,"reference_ready":1,"reference":1903,"median5":1875,"hall_support":0,"spatial_phase":0,"ir_applicable":1,"ir_distance_state":"HALL_IR_READY","ir_health_fault":0,"ir_readiness":0,"ir_boot":"761B38FCC6F727BE","ir_epoch":1,"ir_epoch_active":1,"ir_seq":13570,"ir_pulses":6744,"ir_reason":6,"ir_age_ms":78,"ir_span":815,"ir_gap":1,"ir_sat":0,"ir_abort":627,"ir_inferred_added":0,"ir_inferred_removed":0,"ir_calibration":0,"hall_seen":6819515,"ir_seen":13490,"hall_q_drop":0,"ir_q_drop":0,"ir_invalid":14069,"nsr_hall_drop":1,"nsr_ir_drop":0,"nsr_navi_drop":0,"nsr_native_drop":168,"event_drop":0,"pwm0_ir_motion":0,"confirmed":61,"missed":152,"pwm":90,"auto":1,"running":1,"estop":0,"lowvolt":0,"ir_stationary_pwm_warning":0,"pub_drop":0}
2026-09-30T15:02:38.040	ngr/loco/9950011/state/trace	{"consumption_drop":334,"action_drop":0,"command_queue_drop":0,"lossless":false}
2026-09-30T15:02:38.040	ngr/loco/9950011/state/nav	{"state":"NORMAL","mm":3,"target":2,"dir":-1,"session_dir":"CCW","position_reliable":1,"ir_distance_state":"HALL_IR_READY","reference_ready":1,"boot_reference":"PROVISIONAL_OR_SPATIAL","authority":"NAVI_EWO"}
2026-09-30T15:02:38.040	ngr/loco/9950011/telem/ir	{"ir_valid":1,"ir_mmps":21.425,"ir_coupled":0,"ir_speed_reason":"MEASURED","ir_applicable":1,"ir_reason":6,"ir_seq":13570,"ir_pulses":6744,"ir_gap":1,"ir_sat":0,"ir_abort":627,"authority":"NAVI_EWO"}
2026-09-30T15:02:38.042	ngr/loco/9950011/telem/speed	{"ir_valid":1,"ir_mmps":21.425,"ir_coupled":0,"ir_speed_reason":"MEASURED","ir_applicable":1,"ir_reason":6,"ir_seq":13570,"ir_pulses":6744,"ir_gap":1,"ir_sat":0,"ir_abort":627,"authority":"NAVI_EWO"}
2026-09-30T15:02:38.042	ngr/loco/9950011/diag/ir_link	{"radio_ready":1,"seen":27559,"source_mac":"38:18:2B:30:8C:2C","paired_mac":"38:18:2B:30:8C:2C","paired_for_display_only":1,"coupled":0,"invalid_wire":14069,"queue_drop":0}
2026-09-30T15:02:38.043	ngr/loco/9950011/state/throttle	90
2026-09-30T15:02:38.044	ngr/loco/9950011/state/direction	2
2026-09-30T15:02:38.044	ngr/loco/9950011/state/auto	1
2026-09-30T15:02:38.045	ngr/loco/9950011/state/estop	0
2026-09-30T15:02:38.047	ngr/loco/9950011/state/nav_ready	1
2026-09-30T15:02:38.066	ngr/loco/9950011/nav/evidence	{"event":"HALL_SUPPORT","hall_serial":6819665,"mm":3,"target":2,"dir":-1,"ir_um":65093088,"median5":1832,"reference":1903,"ir_distance_holding":0,"opening_serial":5819577,"opening_ir_um":64842136,"position_reliable":1,"spatial_phase":0,"decision_us":1364285101,"consumption_id":6833157,"ir_seq":13571}
2026-09-30T15:02:38.086	ngr/loco/9950011/nav/evidence	{"event":"HALL_SUPPORT","hall_serial":6819693,"mm":3,"target":2,"dir":-1,"ir_um":65093088,"median5":1833,"reference":1903,"ir_distance_holding":0,"opening_serial":5819577,"opening_ir_um":64842136,"position_reliable":1,"spatial_phase":0,"decision_us":1364290908,"consumption_id":6833185,"ir_seq":13571}
2026-09-30T15:02:38.195	ngr/loco/9950011/nav/evidence	{"event":"HALL_SUPPORT","hall_serial":6820208,"mm":3,"target":2,"dir":-1,"ir_um":65093088,"median5":1833,"reference":1903,"ir_distance_holding":0,"opening_serial":5819577,"opening_ir_um":64842136,"position_reliable":1,"spatial_phase":0,"decision_us":1364393746,"consumption_id":6833701,"ir_seq":13572}
2026-09-30T15:02:38.868	ngr/loco/9950011/state/lowvolt	0
2026-09-30T15:02:38.870	ngr/loco/9950011/telem/voltage	16.39
2026-09-30T15:02:38.871	ngr/loco/9950011/telem/current	0.33
2026-09-30T15:02:38.871	ngr/loco/9950011/telem/power	5.34
2026-09-30T15:02:39.043	ngr/loco/9950011/state/loopstat	{"build":"NAVI_EYES_WIDE_OPEN_INTEGRATED_R2","mm":3,"target":2,"dir":-1,"target_distance_mm":330,"target_polarity":-1,"position_reliable":1,"reference_ready":1,"reference":1903,"median5":1909,"hall_support":0,"spatial_phase":0,"ir_applicable":1,"ir_distance_state":"HALL_IR_READY","ir_health_fault":0,"ir_readiness":0,"ir_boot":"761B38FCC6F727BE","ir_epoch":1,"ir_epoch_active":1,"ir_seq":13580,"ir_pulses":6746,"ir_reason":6,"ir_age_ms":83,"ir_span":495,"ir_gap":1,"ir_sat":0,"ir_abort":628,"ir_inferred_added":0,"ir_inferred_removed":0,"ir_calibration":0,"hall_seen":6824515,"ir_seen":13500,"hall_q_drop":0,"ir_q_drop":0,"ir_invalid":14079,"nsr_hall_drop":1,"nsr_ir_drop":0,"nsr_navi_drop":0,"nsr_native_drop":168,"event_drop":0,"pwm0_ir_motion":0,"confirmed":61,"missed":152,"pwm":90,"auto":1,"running":1,"estop":0,"lowvolt":0,"ir_stationary_pwm_warning":0,"pub_drop":0}
2026-09-30T15:02:39.049	ngr/loco/9950011/state/trace	{"consumption_drop":334,"action_drop":0,"command_queue_drop":0,"lossless":false}
2026-09-30T15:02:39.049	ngr/loco/9950011/state/nav	{"state":"NORMAL","mm":3,"target":2,"dir":-1,"session_dir":"CCW","position_reliable":1,"ir_distance_state":"HALL_IR_READY","reference_ready":1,"boot_reference":"PROVISIONAL_OR_SPATIAL","authority":"NAVI_EWO"}
2026-09-30T15:02:39.050	ngr/loco/9950011/telem/ir	{"ir_valid":1,"ir_mmps":21.449,"ir_coupled":0,"ir_speed_reason":"MEASURED","ir_applicable":1,"ir_reason":6,"ir_seq":13580,"ir_pulses":6746,"ir_gap":1,"ir_sat":0,"ir_abort":628,"authority":"NAVI_EWO"}
2026-09-30T15:02:39.050	ngr/loco/9950011/telem/speed	{"ir_valid":1,"ir_mmps":21.449,"ir_coupled":0,"ir_speed_reason":"MEASURED","ir_applicable":1,"ir_reason":6,"ir_seq":13580,"ir_pulses":6746,"ir_gap":1,"ir_sat":0,"ir_abort":628,"authority":"NAVI_EWO"}
2026-09-30T15:02:39.050	ngr/loco/9950011/diag/ir_link	{"radio_ready":1,"seen":27579,"source_mac":"38:18:2B:30:8C:2C","paired_mac":"38:18:2B:30:8C:2C","paired_for_display_only":1,"coupled":0,"invalid_wire":14079,"queue_drop":0}
2026-09-30T15:02:39.050	ngr/loco/9950011/state/throttle	90
2026-09-30T15:02:39.050	ngr/loco/9950011/state/direction	2
2026-09-30T15:02:39.051	ngr/loco/9950011/state/auto	1
2026-09-30T15:02:39.051	ngr/loco/9950011/state/estop	0
2026-09-30T15:02:39.051	ngr/loco/9950011/state/nav_ready	1
2026-09-30T15:02:39.254	ngr/loco/9950011/nav/evidence	{"event":"HALL_SUPPORT","hall_serial":6825528,"mm":3,"target":2,"dir":-1,"ir_um":65112392,"median5":1833,"reference":1903,"ir_distance_holding":0,"opening_serial":5819577,"opening_ir_um":64842136,"position_reliable":1,"spatial_phase":0,"decision_us":1365457744,"consumption_id":6839031,"ir_seq":13582}
2026-09-30T15:02:40.034	ngr/loco/9950011/state/loopstat	{"build":"NAVI_EYES_WIDE_OPEN_INTEGRATED_R2","mm":3,"target":2,"dir":-1,"target_distance_mm":330,"target_polarity":-1,"position_reliable":1,"reference_ready":1,"reference":1903,"median5":1904,"hall_support":0,"spatial_phase":0,"ir_applicable":1,"ir_distance_state":"HALL_IR_READY","ir_health_fault":0,"ir_readiness":2,"ir_boot":"761B38FCC6F727BE","ir_epoch":1,"ir_epoch_active":1,"ir_seq":13590,"ir_pulses":6747,"ir_reason":5,"ir_age_ms":82,"ir_span":655,"ir_gap":1,"ir_sat":0,"ir_abort":629,"ir_inferred_added":0,"ir_inferred_removed":0,"ir_calibration":0,"hall_seen":6829501,"ir_seen":13510,"hall_q_drop":0,"ir_q_drop":0,"ir_invalid":14090,"nsr_hall_drop":1,"nsr_ir_drop":0,"nsr_navi_drop":0,"nsr_native_drop":168,"event_drop":0,"pwm0_ir_motion":0,"confirmed":61,"missed":152,"pwm":90,"auto":1,"running":1,"estop":0,"lowvolt":0,"ir_stationary_pwm_warning":0,"pub_drop":0}
2026-09-30T15:02:40.037	ngr/loco/9950011/state/trace	{"consumption_drop":334,"action_drop":0,"command_queue_drop":0,"lossless":false}
2026-09-30T15:02:40.037	ngr/loco/9950011/state/nav	{"state":"NORMAL","mm":3,"target":2,"dir":-1,"session_dir":"CCW","position_reliable":1,"ir_distance_state":"HALL_IR_READY","reference_ready":1,"boot_reference":"PROVISIONAL_OR_SPATIAL","authority":"NAVI_EWO"}
2026-09-30T15:02:40.037	ngr/loco/9950011/telem/ir	{"ir_valid":1,"ir_mmps":10.713,"ir_coupled":0,"ir_speed_reason":"MEASURED","ir_applicable":1,"ir_reason":5,"ir_seq":13590,"ir_pulses":6747,"ir_gap":1,"ir_sat":0,"ir_abort":629,"authority":"NAVI_EWO"}
2026-09-30T15:02:40.037	ngr/loco/9950011/telem/speed	{"ir_valid":1,"ir_mmps":10.713,"ir_coupled":0,"ir_speed_reason":"MEASURED","ir_applicable":1,"ir_reason":5,"ir_seq":13590,"ir_pulses":6747,"ir_gap":1,"ir_sat":0,"ir_abort":629,"authority":"NAVI_EWO"}
2026-09-30T15:02:40.039	ngr/loco/9950011/diag/ir_link	{"radio_ready":1,"seen":27600,"source_mac":"38:18:2B:30:8C:2C","paired_mac":"38:18:2B:30:8C:2C","paired_for_display_only":1,"coupled":0,"invalid_wire":14090,"queue_drop":0}
2026-09-30T15:02:40.039	ngr/loco/9950011/state/throttle	90
2026-09-30T15:02:40.039	ngr/loco/9950011/state/direction	2
2026-09-30T15:02:40.042	ngr/loco/9950011/state/auto	1
2026-09-30T15:02:40.042	ngr/loco/9950011/state/estop	0
2026-09-30T15:02:40.042	ngr/loco/9950011/state/nav_ready	1
2026-09-30T15:02:40.462	ngr/loco/9950011/nav/evidence	{"event":"HALL_SUPPORT","hall_serial":6831577,"mm":3,"target":2,"dir":-1,"ir_um":65131696,"median5":1833,"reference":1903,"ir_distance_holding":0,"opening_serial":5819577,"opening_ir_um":64842136,"position_reliable":1,"spatial_phase":0,"decision_us":1366667993,"consumption_id":6845092,"ir_seq":13594}
2026-09-30T15:02:40.469	ngr/loco/9950011/nav/evidence	{"event":"TARGET_CONFIRMED","hall_serial":6831577,"mm":2,"target":2,"dir":-1,"ir_um":65131696,"median5":1833,"reference":1903,"ir_distance_holding":0,"opening_serial":6831575,"opening_ir_um":65131696,"position_reliable":1,"spatial_phase":0,"decision_us":1366667993,"consumption_id":6845092,"ir_seq":13594}
2026-09-30T15:02:40.470	ngr/loco/9950011/mm/marker	{"event":"TARGET_CONFIRMED","hall_serial":6831577,"mm":2,"target":2,"dir":-1,"ir_um":65131696,"median5":1833,"reference":1903,"ir_distance_holding":0,"opening_serial":6831575,"opening_ir_um":65131696,"position_reliable":1,"spatial_phase":0,"decision_us":1366667993,"consumption_id":6845092,"ir_seq":13594}
2026-09-30T15:02:40.470	ngr/loco/9950011/nav/evidence	{"event":"SPATIAL_CLEARANCE","hall_serial":6831577,"mm":2,"target":1,"dir":-1,"ir_um":65131696,"median5":0,"reference":1903,"ir_distance_holding":0,"opening_serial":6831575,"opening_ir_um":65131696,"position_reliable":1,"spatial_phase":1,"decision_us":1366667993,"consumption_id":6845092,"ir_seq":13594}
2026-09-30T15:02:41.043	ngr/loco/9950011/state/loopstat	{"build":"NAVI_EYES_WIDE_OPEN_INTEGRATED_R2","mm":2,"target":1,"dir":-1,"target_distance_mm":340,"target_polarity":1,"position_reliable":1,"reference_ready":1,"reference":1903,"median5":0,"hall_support":0,"spatial_phase":1,"ir_applicable":1,"ir_distance_state":"HALL_IR_READY","ir_health_fault":6,"ir_readiness":3,"ir_boot":"761B38FCC6F727BE","ir_epoch":1,"ir_epoch_active":1,"ir_seq":13600,"ir_pulses":6748,"ir_reason":1,"ir_age_ms":81,"ir_span":111,"ir_gap":1,"ir_sat":0,"ir_abort":631,"ir_inferred_added":0,"ir_inferred_removed":0,"ir_calibration":0,"hall_seen":6834515,"ir_seen":13520,"hall_q_drop":0,"ir_q_drop":0,"ir_invalid":14100,"nsr_hall_drop":1,"nsr_ir_drop":0,"nsr_navi_drop":0,"nsr_native_drop":168,"event_drop":0,"pwm0_ir_motion":0,"confirmed":62,"missed":152,"pwm":90,"auto":1,"running":1,"estop":0,"lowvolt":0,"ir_stationary_pwm_warning":1,"pub_drop":0}
2026-09-30T15:02:41.052	ngr/loco/9950011/state/trace	{"consumption_drop":334,"action_drop":0,"command_queue_drop":0,"lossless":false}
2026-09-30T15:02:41.053	ngr/loco/9950011/state/nav	{"state":"NORMAL","mm":2,"target":1,"dir":-1,"session_dir":"CCW","position_reliable":1,"ir_distance_state":"HALL_IR_READY","reference_ready":1,"boot_reference":"PROVISIONAL_OR_SPATIAL","authority":"NAVI_EWO"}
2026-09-30T15:02:41.053	ngr/loco/9950011/telem/ir	{"ir_valid":1,"ir_mmps":0.000,"ir_coupled":0,"ir_speed_reason":"STOPPED","ir_applicable":1,"ir_reason":1,"ir_seq":13600,"ir_pulses":6748,"ir_gap":1,"ir_sat":0,"ir_abort":631,"authority":"NAVI_EWO"}
2026-09-30T15:02:41.053	ngr/loco/9950011/telem/speed	{"ir_valid":1,"ir_mmps":0.000,"ir_coupled":0,"ir_speed_reason":"STOPPED","ir_applicable":1,"ir_reason":1,"ir_seq":13600,"ir_pulses":6748,"ir_gap":1,"ir_sat":0,"ir_abort":631,"authority":"NAVI_EWO"}
2026-09-30T15:02:41.053	ngr/loco/9950011/diag/ir_link	{"radio_ready":1,"seen":27620,"source_mac":"38:18:2B:30:8C:2C","paired_mac":"38:18:2B:30:8C:2C","paired_for_display_only":1,"coupled":0,"invalid_wire":14100,"queue_drop":0}
2026-09-30T15:02:41.053	ngr/loco/9950011/state/throttle	90
2026-09-30T15:02:41.054	ngr/loco/9950011/state/direction	2
2026-09-30T15:02:41.056	ngr/loco/9950011/state/auto	1
2026-09-30T15:02:41.056	ngr/loco/9950011/state/estop	0
2026-09-30T15:02:41.057	ngr/loco/9950011/state/nav_ready	1
2026-09-30T15:02:41.871	ngr/loco/9950011/state/connectivity	{"wifi":1,"ip":"192.168.68.72","rssi":-39,"mqtt":1,"mqtt_state":0,"broker":"192.168.68.142","ir_radio":1,"ir_seen":27638,"ir_coupled":0,"navi_sync":1,"udp_failures":185}
2026-09-30T15:02:42.042	ngr/loco/9950011/state/loopstat	{"build":"NAVI_EYES_WIDE_OPEN_INTEGRATED_R2","mm":2,"target":1,"dir":-1,"target_distance_mm":340,"target_polarity":1,"position_reliable":1,"reference_ready":1,"reference":1903,"median5":0,"hall_support":0,"spatial_phase":1,"ir_applicable":1,"ir_distance_state":"HALL_IR_READY","ir_health_fault":6,"ir_readiness":3,"ir_boot":"761B38FCC6F727BE","ir_epoch":1,"ir_epoch_active":1,"ir_seq":13610,"ir_pulses":6748,"ir_reason":1,"ir_age_ms":86,"ir_span":191,"ir_gap":1,"ir_sat":0,"ir_abort":631,"ir_inferred_added":0,"ir_inferred_removed":0,"ir_calibration":0,"hall_seen":6839515,"ir_seen":13530,"hall_q_drop":0,"ir_q_drop":0,"ir_invalid":14111,"nsr_hall_drop":1,"nsr_ir_drop":0,"nsr_navi_drop":0,"nsr_native_drop":168,"event_drop":0,"pwm0_ir_motion":0,"confirmed":62,"missed":152,"pwm":90,"auto":1,"running":1,"estop":0,"lowvolt":0,"ir_stationary_pwm_warning":1,"pub_drop":0}
2026-09-30T15:02:42.046	ngr/loco/9950011/state/trace	{"consumption_drop":334,"action_drop":0,"command_queue_drop":0,"lossless":false}
2026-09-30T15:02:42.046	ngr/loco/9950011/state/nav	{"state":"NORMAL","mm":2,"target":1,"dir":-1,"session_dir":"CCW","position_reliable":1,"ir_distance_state":"HALL_IR_READY","reference_ready":1,"boot_reference":"PROVISIONAL_OR_SPATIAL","authority":"NAVI_EWO"}
2026-09-30T15:02:42.048	ngr/loco/9950011/telem/ir	{"ir_valid":1,"ir_mmps":0.000,"ir_coupled":0,"ir_speed_reason":"STOPPED","ir_applicable":1,"ir_reason":1,"ir_seq":13610,"ir_pulses":6748,"ir_gap":1,"ir_sat":0,"ir_abort":631,"authority":"NAVI_EWO"}
2026-09-30T15:02:42.048	ngr/loco/9950011/telem/speed	{"ir_valid":1,"ir_mmps":0.000,"ir_coupled":0,"ir_speed_reason":"STOPPED","ir_applicable":1,"ir_reason":1,"ir_seq":13610,"ir_pulses":6748,"ir_gap":1,"ir_sat":0,"ir_abort":631,"authority":"NAVI_EWO"}
2026-09-30T15:02:42.048	ngr/loco/9950011/diag/ir_link	{"radio_ready":1,"seen":27641,"source_mac":"38:18:2B:30:8C:2C","paired_mac":"38:18:2B:30:8C:2C","paired_for_display_only":1,"coupled":0,"invalid_wire":14111,"queue_drop":0}
2026-09-30T15:02:42.049	ngr/loco/9950011/state/throttle	90
2026-09-30T15:02:42.051	ngr/loco/9950011/state/direction	2
2026-09-30T15:02:42.051	ngr/loco/9950011/state/auto	1
2026-09-30T15:02:42.051	ngr/loco/9950011/state/estop	0
2026-09-30T15:02:42.055	ngr/loco/9950011/state/nav_ready	1
2026-09-30T15:02:43.046	ngr/loco/9950011/state/loopstat	{"build":"NAVI_EYES_WIDE_OPEN_INTEGRATED_R2","mm":2,"target":1,"dir":-1,"target_distance_mm":340,"target_polarity":1,"position_reliable":1,"reference_ready":1,"reference":1903,"median5":0,"hall_support":0,"spatial_phase":1,"ir_applicable":1,"ir_distance_state":"HALL_IR_READY","ir_health_fault":0,"ir_readiness":2,"ir_boot":"761B38FCC6F727BE","ir_epoch":1,"ir_epoch_active":1,"ir_seq":13620,"ir_pulses":6749,"ir_reason":5,"ir_age_ms":86,"ir_span":751,"ir_gap":1,"ir_sat":0,"ir_abort":632,"ir_inferred_added":0,"ir_inferred_removed":0,"ir_calibration":0,"hall_seen":6844512,"ir_seen":13540,"hall_q_drop":0,"ir_q_drop":0,"ir_invalid":14121,"nsr_hall_drop":1,"nsr_ir_drop":0,"nsr_navi_drop":0,"nsr_native_drop":168,"event_drop":0,"pwm0_ir_motion":0,"confirmed":62,"missed":152,"pwm":90,"auto":1,"running":1,"estop":0,"lowvolt":0,"ir_stationary_pwm_warning":0,"pub_drop":0}
2026-09-30T15:02:43.052	ngr/loco/9950011/state/trace	{"consumption_drop":334,"action_drop":0,"command_queue_drop":0,"lossless":false}
2026-09-30T15:02:43.053	ngr/loco/9950011/state/nav	{"state":"NORMAL","mm":2,"target":1,"dir":-1,"session_dir":"CCW","position_reliable":1,"ir_distance_state":"HALL_IR_READY","reference_ready":1,"boot_reference":"PROVISIONAL_OR_SPATIAL","authority":"NAVI_EWO"}
2026-09-30T15:02:43.053	ngr/loco/9950011/telem/ir	{"ir_valid":1,"ir_mmps":10.724,"ir_coupled":0,"ir_speed_reason":"MEASURED","ir_applicable":1,"ir_reason":5,"ir_seq":13620,"ir_pulses":6749,"ir_gap":1,"ir_sat":0,"ir_abort":632,"authority":"NAVI_EWO"}
2026-09-30T15:02:43.053	ngr/loco/9950011/telem/speed	{"ir_valid":1,"ir_mmps":10.724,"ir_coupled":0,"ir_speed_reason":"MEASURED","ir_applicable":1,"ir_reason":5,"ir_seq":13620,"ir_pulses":6749,"ir_gap":1,"ir_sat":0,"ir_abort":632,"authority":"NAVI_EWO"}
2026-09-30T15:02:43.053	ngr/loco/9950011/diag/ir_link	{"radio_ready":1,"seen":27661,"source_mac":"38:18:2B:30:8C:2C","paired_mac":"38:18:2B:30:8C:2C","paired_for_display_only":1,"coupled":0,"invalid_wire":14121,"queue_drop":0}
2026-09-30T15:02:43.053	ngr/loco/9950011/state/throttle	90
2026-09-30T15:02:43.054	ngr/loco/9950011/state/direction	2
2026-09-30T15:02:43.054	ngr/loco/9950011/state/auto	1
2026-09-30T15:02:43.054	ngr/loco/9950011/state/estop	0
2026-09-30T15:02:43.054	ngr/loco/9950011/state/nav_ready	1
2026-09-30T15:02:43.849	ngr/loco/9950011/state/lowvolt	0
2026-09-30T15:02:43.900	ngr/loco/9950011/telem/voltage	16.38
2026-09-30T15:02:43.900	ngr/loco/9950011/telem/current	0.34
2026-09-30T15:02:43.900	ngr/loco/9950011/telem/power	5.62
2026-09-30T15:02:44.036	ngr/loco/9950011/state/loopstat	{"build":"NAVI_EYES_WIDE_OPEN_INTEGRATED_R2","mm":2,"target":1,"dir":-1,"target_distance_mm":340,"target_polarity":1,"position_reliable":1,"reference_ready":1,"reference":1903,"median5":0,"hall_support":0,"spatial_phase":1,"ir_applicable":1,"ir_distance_state":"HALL_IR_READY","ir_health_fault":0,"ir_readiness":2,"ir_boot":"761B38FCC6F727BE","ir_epoch":1,"ir_epoch_active":1,"ir_seq":13630,"ir_pulses":6749,"ir_reason":5,"ir_age_ms":69,"ir_span":127,"ir_gap":1,"ir_sat":0,"ir_abort":633,"ir_inferred_added":0,"ir_inferred_removed":0,"ir_calibration":0,"hall_seen":6849511,"ir_seen":13550,"hall_q_drop":0,"ir_q_drop":0,"ir_invalid":14131,"nsr_hall_drop":1,"nsr_ir_drop":0,"nsr_navi_drop":0,"nsr_native_drop":168,"event_drop":0,"pwm0_ir_motion":0,"confirmed":62,"missed":152,"pwm":90,"auto":1,"running":1,"estop":0,"lowvolt":0,"ir_stationary_pwm_warning":1,"pub_drop":0}
2026-09-30T15:02:44.039	ngr/loco/9950011/state/trace	{"consumption_drop":334,"action_drop":0,"command_queue_drop":0,"lossless":false}
2026-09-30T15:02:44.039	ngr/loco/9950011/state/nav	{"state":"NORMAL","mm":2,"target":1,"dir":-1,"session_dir":"CCW","position_reliable":1,"ir_distance_state":"HALL_IR_READY","reference_ready":1,"boot_reference":"PROVISIONAL_OR_SPATIAL","authority":"NAVI_EWO"}
2026-09-30T15:02:44.040	ngr/loco/9950011/telem/ir	{"ir_valid":1,"ir_mmps":0.000,"ir_coupled":0,"ir_speed_reason":"STOPPED","ir_applicable":1,"ir_reason":5,"ir_seq":13630,"ir_pulses":6749,"ir_gap":1,"ir_sat":0,"ir_abort":633,"authority":"NAVI_EWO"}
2026-09-30T15:02:44.040	ngr/loco/9950011/telem/speed	{"ir_valid":1,"ir_mmps":0.000,"ir_coupled":0,"ir_speed_reason":"STOPPED","ir_applicable":1,"ir_reason":5,"ir_seq":13630,"ir_pulses":6749,"ir_gap":1,"ir_sat":0,"ir_abort":633,"authority":"NAVI_EWO"}
2026-09-30T15:02:44.041	ngr/loco/9950011/diag/ir_link	{"radio_ready":1,"seen":27681,"source_mac":"38:18:2B:30:8C:2C","paired_mac":"38:18:2B:30:8C:2C","paired_for_display_only":1,"coupled":0,"invalid_wire":14131,"queue_drop":0}
2026-09-30T15:02:44.042	ngr/loco/9950011/state/throttle	90
2026-09-30T15:02:44.042	ngr/loco/9950011/state/direction	2
2026-09-30T15:02:44.042	ngr/loco/9950011/state/auto	1
2026-09-30T15:02:44.046	ngr/loco/9950011/state/estop	0
2026-09-30T15:02:44.047	ngr/loco/9950011/state/nav_ready	1
2026-09-30T15:02:45.037	ngr/loco/9950011/state/loopstat	{"build":"NAVI_EYES_WIDE_OPEN_INTEGRATED_R2","mm":2,"target":1,"dir":-1,"target_distance_mm":340,"target_polarity":1,"position_reliable":1,"reference_ready":1,"reference":1903,"median5":0,"hall_support":0,"spatial_phase":1,"ir_applicable":1,"ir_distance_state":"HALL_IR_READY","ir_health_fault":6,"ir_readiness":3,"ir_boot":"761B38FCC6F727BE","ir_epoch":1,"ir_epoch_active":1,"ir_seq":13640,"ir_pulses":6750,"ir_reason":1,"ir_age_ms":69,"ir_span":127,"ir_gap":1,"ir_sat":0,"ir_abort":634,"ir_inferred_added":0,"ir_inferred_removed":0,"ir_calibration":0,"hall_seen":6854518,"ir_seen":13560,"hall_q_drop":0,"ir_q_drop":0,"ir_invalid":14142,"nsr_hall_drop":1,"nsr_ir_drop":0,"nsr_navi_drop":0,"nsr_native_drop":168,"event_drop":0,"pwm0_ir_motion":0,"confirmed":62,"missed":152,"pwm":90,"auto":1,"running":1,"estop":0,"lowvolt":0,"ir_stationary_pwm_warning":0,"pub_drop":0}
2026-09-30T15:02:45.042	ngr/loco/9950011/state/trace	{"consumption_drop":334,"action_drop":0,"command_queue_drop":0,"lossless":false}
2026-09-30T15:02:45.042	ngr/loco/9950011/state/nav	{"state":"NORMAL","mm":2,"target":1,"dir":-1,"session_dir":"CCW","position_reliable":1,"ir_distance_state":"HALL_IR_READY","reference_ready":1,"boot_reference":"PROVISIONAL_OR_SPATIAL","authority":"NAVI_EWO"}
2026-09-30T15:02:45.044	ngr/loco/9950011/telem/ir	{"ir_valid":1,"ir_mmps":10.713,"ir_coupled":0,"ir_speed_reason":"MEASURED","ir_applicable":1,"ir_reason":1,"ir_seq":13640,"ir_pulses":6750,"ir_gap":1,"ir_sat":0,"ir_abort":634,"authority":"NAVI_EWO"}
2026-09-30T15:02:45.045	ngr/loco/9950011/telem/speed	{"ir_valid":1,"ir_mmps":10.713,"ir_coupled":0,"ir_speed_reason":"MEASURED","ir_applicable":1,"ir_reason":1,"ir_seq":13640,"ir_pulses":6750,"ir_gap":1,"ir_sat":0,"ir_abort":634,"authority":"NAVI_EWO"}
2026-09-30T15:02:45.045	ngr/loco/9950011/diag/ir_link	{"radio_ready":1,"seen":27702,"source_mac":"38:18:2B:30:8C:2C","paired_mac":"38:18:2B:30:8C:2C","paired_for_display_only":1,"coupled":0,"invalid_wire":14142,"queue_drop":0}
2026-09-30T15:02:45.045	ngr/loco/9950011/state/throttle	90
2026-09-30T15:02:45.045	ngr/loco/9950011/state/direction	2
2026-09-30T15:02:45.046	ngr/loco/9950011/state/auto	1
2026-09-30T15:02:45.046	ngr/loco/9950011/state/estop	0
2026-09-30T15:02:45.046	ngr/loco/9950011/state/nav_ready	1
2026-09-30T15:02:46.037	ngr/loco/9950011/state/loopstat	{"build":"NAVI_EYES_WIDE_OPEN_INTEGRATED_R2","mm":2,"target":1,"dir":-1,"target_distance_mm":340,"target_polarity":1,"position_reliable":1,"reference_ready":1,"reference":1903,"median5":0,"hall_support":0,"spatial_phase":1,"ir_applicable":1,"ir_distance_state":"HALL_IR_READY","ir_health_fault":6,"ir_readiness":3,"ir_boot":"761B38FCC6F727BE","ir_epoch":1,"ir_epoch_active":1,"ir_seq":13650,"ir_pulses":6750,"ir_reason":1,"ir_age_ms":76,"ir_span":159,"ir_gap":1,"ir_sat":0,"ir_abort":634,"ir_inferred_added":0,"ir_inferred_removed":0,"ir_calibration":0,"hall_seen":6859520,"ir_seen":13570,"hall_q_drop":0,"ir_q_drop":0,"ir_invalid":14152,"nsr_hall_drop":1,"nsr_ir_drop":0,"nsr_navi_drop":0,"nsr_native_drop":168,"event_drop":0,"pwm0_ir_motion":0,"confirmed":62,"missed":152,"pwm":90,"auto":1,"running":1,"estop":0,"lowvolt":0,"ir_stationary_pwm_warning":1,"pub_drop":0}
2026-09-30T15:02:46.039	ngr/loco/9950011/state/trace	{"consumption_drop":334,"action_drop":0,"command_queue_drop":0,"lossless":false}
2026-09-30T15:02:46.042	ngr/loco/9950011/state/nav	{"state":"NORMAL","mm":2,"target":1,"dir":-1,"session_dir":"CCW","position_reliable":1,"ir_distance_state":"HALL_IR_READY","reference_ready":1,"boot_reference":"PROVISIONAL_OR_SPATIAL","authority":"NAVI_EWO"}
2026-09-30T15:02:46.042	ngr/loco/9950011/telem/ir	{"ir_valid":1,"ir_mmps":0.000,"ir_coupled":0,"ir_speed_reason":"STOPPED","ir_applicable":1,"ir_reason":1,"ir_seq":13650,"ir_pulses":6750,"ir_gap":1,"ir_sat":0,"ir_abort":634,"authority":"NAVI_EWO"}
2026-09-30T15:02:46.044	ngr/loco/9950011/telem/speed	{"ir_valid":1,"ir_mmps":0.000,"ir_coupled":0,"ir_speed_reason":"STOPPED","ir_applicable":1,"ir_reason":1,"ir_seq":13650,"ir_pulses":6750,"ir_gap":1,"ir_sat":0,"ir_abort":634,"authority":"NAVI_EWO"}
2026-09-30T15:02:46.044	ngr/loco/9950011/diag/ir_link	{"radio_ready":1,"seen":27722,"source_mac":"38:18:2B:30:8C:2C","paired_mac":"38:18:2B:30:8C:2C","paired_for_display_only":1,"coupled":0,"invalid_wire":14152,"queue_drop":0}
2026-09-30T15:02:46.044	ngr/loco/9950011/state/throttle	90
2026-09-30T15:02:46.053	ngr/loco/9950011/state/direction	2
2026-09-30T15:02:46.053	ngr/loco/9950011/state/auto	1
2026-09-30T15:02:46.053	ngr/loco/9950011/state/estop	0
2026-09-30T15:02:46.056	ngr/loco/9950011/state/nav_ready	1
2026-09-30T15:02:46.872	ngr/loco/9950011/state/connectivity	{"wifi":1,"ip":"192.168.68.72","rssi":-40,"mqtt":1,"mqtt_state":0,"broker":"192.168.68.142","ir_radio":1,"ir_seen":27740,"ir_coupled":0,"navi_sync":1,"udp_failures":185}
2026-09-30T15:02:47.036	ngr/loco/9950011/state/loopstat	{"build":"NAVI_EYES_WIDE_OPEN_INTEGRATED_R2","mm":2,"target":1,"dir":-1,"target_distance_mm":340,"target_polarity":1,"position_reliable":1,"reference_ready":1,"reference":1903,"median5":0,"hall_support":0,"spatial_phase":1,"ir_applicable":1,"ir_distance_state":"HALL_IR_READY","ir_health_fault":0,"ir_readiness":2,"ir_boot":"761B38FCC6F727BE","ir_epoch":1,"ir_epoch_active":1,"ir_seq":13660,"ir_pulses":6750,"ir_reason":5,"ir_age_ms":68,"ir_span":1295,"ir_gap":1,"ir_sat":0,"ir_abort":635,"ir_inferred_added":0,"ir_inferred_removed":0,"ir_calibration":0,"hall_seen":6864515,"ir_seen":13580,"hall_q_drop":0,"ir_q_drop":0,"ir_invalid":14163,"nsr_hall_drop":1,"nsr_ir_drop":0,"nsr_navi_drop":0,"nsr_native_drop":168,"event_drop":0,"pwm0_ir_motion":0,"confirmed":62,"missed":152,"pwm":90,"auto":1,"running":1,"estop":0,"lowvolt":0,"ir_stationary_pwm_warning":1,"pub_drop":0}
2026-09-30T15:02:47.038	ngr/loco/9950011/state/trace	{"consumption_drop":334,"action_drop":0,"command_queue_drop":0,"lossless":false}
2026-09-30T15:02:47.039	ngr/loco/9950011/state/nav	{"state":"NORMAL","mm":2,"target":1,"dir":-1,"session_dir":"CCW","position_reliable":1,"ir_distance_state":"HALL_IR_READY","reference_ready":1,"boot_reference":"PROVISIONAL_OR_SPATIAL","authority":"NAVI_EWO"}
2026-09-30T15:02:47.039	ngr/loco/9950011/telem/ir	{"ir_valid":1,"ir_mmps":0.000,"ir_coupled":0,"ir_speed_reason":"STOPPED","ir_applicable":1,"ir_reason":5,"ir_seq":13660,"ir_pulses":6750,"ir_gap":1,"ir_sat":0,"ir_abort":635,"authority":"NAVI_EWO"}
2026-09-30T15:02:47.043	ngr/loco/9950011/telem/speed	{"ir_valid":1,"ir_mmps":0.000,"ir_coupled":0,"ir_speed_reason":"STOPPED","ir_applicable":1,"ir_reason":5,"ir_seq":13660,"ir_pulses":6750,"ir_gap":1,"ir_sat":0,"ir_abort":635,"authority":"NAVI_EWO"}
2026-09-30T15:02:47.043	ngr/loco/9950011/diag/ir_link	{"radio_ready":1,"seen":27743,"source_mac":"38:18:2B:30:8C:2C","paired_mac":"38:18:2B:30:8C:2C","paired_for_display_only":1,"coupled":0,"invalid_wire":14163,"queue_drop":0}
2026-09-30T15:02:47.044	ngr/loco/9950011/state/throttle	90
2026-09-30T15:02:47.045	ngr/loco/9950011/state/direction	2
2026-09-30T15:02:47.046	ngr/loco/9950011/state/auto	1
2026-09-30T15:02:47.046	ngr/loco/9950011/state/estop	0
2026-09-30T15:02:47.046	ngr/loco/9950011/state/nav_ready	1
2026-09-30T15:02:48.048	ngr/loco/9950011/state/loopstat	{"build":"NAVI_EYES_WIDE_OPEN_INTEGRATED_R2","mm":2,"target":1,"dir":-1,"target_distance_mm":340,"target_polarity":1,"position_reliable":1,"reference_ready":1,"reference":1903,"median5":0,"hall_support":0,"spatial_phase":1,"ir_applicable":1,"ir_distance_state":"HALL_IR_READY","ir_health_fault":6,"ir_readiness":3,"ir_boot":"761B38FCC6F727BE","ir_epoch":1,"ir_epoch_active":1,"ir_seq":13670,"ir_pulses":6750,"ir_reason":1,"ir_age_ms":75,"ir_span":287,"ir_gap":1,"ir_sat":0,"ir_abort":635,"ir_inferred_added":0,"ir_inferred_removed":0,"ir_calibration":0,"hall_seen":6869519,"ir_seen":13590,"hall_q_drop":0,"ir_q_drop":0,"ir_invalid":14173,"nsr_hall_drop":1,"nsr_ir_drop":0,"nsr_navi_drop":0,"nsr_native_drop":168,"event_drop":0,"pwm0_ir_motion":0,"confirmed":62,"missed":152,"pwm":90,"auto":1,"running":1,"estop":0,"lowvolt":0,"ir_stationary_pwm_warning":1,"pub_drop":0}
2026-09-30T15:02:48.053	ngr/loco/9950011/state/trace	{"consumption_drop":334,"action_drop":0,"command_queue_drop":0,"lossless":false}
2026-09-30T15:02:48.054	ngr/loco/9950011/state/nav	{"state":"NORMAL","mm":2,"target":1,"dir":-1,"session_dir":"CCW","position_reliable":1,"ir_distance_state":"HALL_IR_READY","reference_ready":1,"boot_reference":"PROVISIONAL_OR_SPATIAL","authority":"NAVI_EWO"}
2026-09-30T15:02:48.054	ngr/loco/9950011/telem/ir	{"ir_valid":1,"ir_mmps":0.000,"ir_coupled":0,"ir_speed_reason":"STOPPED","ir_applicable":1,"ir_reason":1,"ir_seq":13670,"ir_pulses":6750,"ir_gap":1,"ir_sat":0,"ir_abort":635,"authority":"NAVI_EWO"}
2026-09-30T15:02:48.054	ngr/loco/9950011/telem/speed	{"ir_valid":1,"ir_mmps":0.000,"ir_coupled":0,"ir_speed_reason":"STOPPED","ir_applicable":1,"ir_reason":1,"ir_seq":13670,"ir_pulses":6750,"ir_gap":1,"ir_sat":0,"ir_abort":635,"authority":"NAVI_EWO"}
2026-09-30T15:02:48.054	ngr/loco/9950011/diag/ir_link	{"radio_ready":1,"seen":27763,"source_mac":"38:18:2B:30:8C:2C","paired_mac":"38:18:2B:30:8C:2C","paired_for_display_only":1,"coupled":0,"invalid_wire":14173,"queue_drop":0}
2026-09-30T15:02:48.054	ngr/loco/9950011/state/throttle	90
2026-09-30T15:02:48.055	ngr/loco/9950011/state/direction	2
2026-09-30T15:02:48.055	ngr/loco/9950011/state/auto	1
2026-09-30T15:02:48.055	ngr/loco/9950011/state/estop	0
2026-09-30T15:02:48.055	ngr/loco/9950011/state/nav_ready	1
2026-09-30T15:02:48.863	ngr/loco/9950011/state/lowvolt	0
2026-09-30T15:02:48.872	ngr/loco/9950011/telem/voltage	16.38
2026-09-30T15:02:48.872	ngr/loco/9950011/telem/current	0.31
2026-09-30T15:02:48.873	ngr/loco/9950011/telem/power	5.08
2026-09-30T15:02:49.038	ngr/loco/9950011/state/loopstat	{"build":"NAVI_EYES_WIDE_OPEN_INTEGRATED_R2","mm":2,"target":1,"dir":-1,"target_distance_mm":340,"target_polarity":1,"position_reliable":1,"reference_ready":1,"reference":1903,"median5":0,"hall_support":0,"spatial_phase":1,"ir_applicable":1,"ir_distance_state":"HALL_IR_READY","ir_health_fault":0,"ir_readiness":0,"ir_boot":"761B38FCC6F727BE","ir_epoch":1,"ir_epoch_active":1,"ir_seq":13680,"ir_pulses":6751,"ir_reason":6,"ir_age_ms":79,"ir_span":335,"ir_gap":1,"ir_sat":0,"ir_abort":635,"ir_inferred_added":0,"ir_inferred_removed":0,"ir_calibration":0,"hall_seen":6874519,"ir_seen":13600,"hall_q_drop":0,"ir_q_drop":0,"ir_invalid":14184,"nsr_hall_drop":1,"nsr_ir_drop":0,"nsr_navi_drop":0,"nsr_native_drop":168,"event_drop":0,"pwm0_ir_motion":0,"confirmed":62,"missed":152,"pwm":90,"auto":1,"running":1,"estop":0,"lowvolt":0,"ir_stationary_pwm_warning":0,"pub_drop":0}
2026-09-30T15:02:49.041	ngr/loco/9950011/state/trace	{"consumption_drop":334,"action_drop":0,"command_queue_drop":0,"lossless":false}
2026-09-30T15:02:49.044	ngr/loco/9950011/state/nav	{"state":"NORMAL","mm":2,"target":1,"dir":-1,"session_dir":"CCW","position_reliable":1,"ir_distance_state":"HALL_IR_READY","reference_ready":1,"boot_reference":"PROVISIONAL_OR_SPATIAL","authority":"NAVI_EWO"}
2026-09-30T15:02:49.044	ngr/loco/9950011/telem/ir	{"ir_valid":1,"ir_mmps":10.713,"ir_coupled":0,"ir_speed_reason":"MEASURED","ir_applicable":1,"ir_reason":6,"ir_seq":13680,"ir_pulses":6751,"ir_gap":1,"ir_sat":0,"ir_abort":635,"authority":"NAVI_EWO"}
2026-09-30T15:02:49.045	ngr/loco/9950011/telem/speed	{"ir_valid":1,"ir_mmps":10.713,"ir_coupled":0,"ir_speed_reason":"MEASURED","ir_applicable":1,"ir_reason":6,"ir_seq":13680,"ir_pulses":6751,"ir_gap":1,"ir_sat":0,"ir_abort":635,"authority":"NAVI_EWO"}
2026-09-30T15:02:49.047	ngr/loco/9950011/diag/ir_link	{"radio_ready":1,"seen":27784,"source_mac":"38:18:2B:30:8C:2C","paired_mac":"38:18:2B:30:8C:2C","paired_for_display_only":1,"coupled":0,"invalid_wire":14184,"queue_drop":0}
2026-09-30T15:02:49.048	ngr/loco/9950011/state/throttle	90
2026-09-30T15:02:49.048	ngr/loco/9950011/state/direction	2
2026-09-30T15:02:49.048	ngr/loco/9950011/state/auto	1
2026-09-30T15:02:49.050	ngr/loco/9950011/state/estop	0
2026-09-30T15:02:49.050	ngr/loco/9950011/state/nav_ready	1
2026-09-30T15:02:50.075	ngr/loco/9950011/state/loopstat	{"build":"NAVI_EYES_WIDE_OPEN_INTEGRATED_R2","mm":2,"target":1,"dir":-1,"target_distance_mm":340,"target_polarity":1,"position_reliable":1,"reference_ready":1,"reference":1903,"median5":0,"hall_support":0,"spatial_phase":1,"ir_applicable":1,"ir_distance_state":"HALL_IR_READY","ir_health_fault":0,"ir_readiness":0,"ir_boot":"761B38FCC6F727BE","ir_epoch":1,"ir_epoch_active":1,"ir_seq":13690,"ir_pulses":6752,"ir_reason":6,"ir_age_ms":79,"ir_span":527,"ir_gap":1,"ir_sat":0,"ir_abort":635,"ir_inferred_added":0,"ir_inferred_removed":0,"ir_calibration":0,"hall_seen":6879519,"ir_seen":13610,"hall_q_drop":0,"ir_q_drop":0,"ir_invalid":14194,"nsr_hall_drop":1,"nsr_ir_drop":0,"nsr_navi_drop":0,"nsr_native_drop":168,"event_drop":0,"pwm0_ir_motion":0,"confirmed":62,"missed":152,"pwm":90,"auto":1,"running":1,"estop":0,"lowvolt":0,"ir_stationary_pwm_warning":0,"pub_drop":0}
2026-09-30T15:02:50.087	ngr/loco/9950011/state/trace	{"consumption_drop":334,"action_drop":0,"command_queue_drop":0,"lossless":false}
2026-09-30T15:02:50.088	ngr/loco/9950011/state/nav	{"state":"NORMAL","mm":2,"target":1,"dir":-1,"session_dir":"CCW","position_reliable":1,"ir_distance_state":"HALL_IR_READY","reference_ready":1,"boot_reference":"PROVISIONAL_OR_SPATIAL","authority":"NAVI_EWO"}
2026-09-30T15:02:50.088	ngr/loco/9950011/telem/ir	{"ir_valid":1,"ir_mmps":10.701,"ir_coupled":0,"ir_speed_reason":"MEASURED","ir_applicable":1,"ir_reason":6,"ir_seq":13690,"ir_pulses":6752,"ir_gap":1,"ir_sat":0,"ir_abort":635,"authority":"NAVI_EWO"}
2026-09-30T15:02:50.088	ngr/loco/9950011/telem/speed	{"ir_valid":1,"ir_mmps":10.701,"ir_coupled":0,"ir_speed_reason":"MEASURED","ir_applicable":1,"ir_reason":6,"ir_seq":13690,"ir_pulses":6752,"ir_gap":1,"ir_sat":0,"ir_abort":635,"authority":"NAVI_EWO"}
2026-09-30T15:02:50.088	ngr/loco/9950011/diag/ir_link	{"radio_ready":1,"seen":27804,"source_mac":"38:18:2B:30:8C:2C","paired_mac":"38:18:2B:30:8C:2C","paired_for_display_only":1,"coupled":0,"invalid_wire":14194,"queue_drop":0}
2026-09-30T15:02:50.088	ngr/loco/9950011/state/throttle	90
2026-09-30T15:02:50.089	ngr/loco/9950011/state/direction	2
2026-09-30T15:02:50.089	ngr/loco/9950011/state/auto	1
2026-09-30T15:02:50.089	ngr/loco/9950011/state/estop	0
2026-09-30T15:02:50.089	ngr/loco/9950011/state/nav_ready	1
2026-09-30T15:02:51.039	ngr/loco/9950011/state/loopstat	{"build":"NAVI_EYES_WIDE_OPEN_INTEGRATED_R2","mm":2,"target":1,"dir":-1,"target_distance_mm":340,"target_polarity":1,"position_reliable":1,"reference_ready":1,"reference":1903,"median5":0,"hall_support":0,"spatial_phase":1,"ir_applicable":1,"ir_distance_state":"HALL_IR_READY","ir_health_fault":0,"ir_readiness":0,"ir_boot":"761B38FCC6F727BE","ir_epoch":1,"ir_epoch_active":1,"ir_seq":13700,"ir_pulses":6752,"ir_reason":6,"ir_age_ms":81,"ir_span":495,"ir_gap":1,"ir_sat":0,"ir_abort":635,"ir_inferred_added":0,"ir_inferred_removed":0,"ir_calibration":0,"hall_seen":6884522,"ir_seen":13619,"hall_q_drop":0,"ir_q_drop":0,"ir_invalid":14204,"nsr_hall_drop":1,"nsr_ir_drop":0,"nsr_navi_drop":0,"nsr_native_drop":168,"event_drop":0,"pwm0_ir_motion":0,"confirmed":62,"missed":152,"pwm":90,"auto":1,"running":1,"estop":0,"lowvolt":0,"ir_stationary_pwm_warning":1,"pub_drop":0}
2026-09-30T15:02:51.044	ngr/loco/9950011/state/trace	{"consumption_drop":334,"action_drop":0,"command_queue_drop":0,"lossless":false}
2026-09-30T15:02:51.044	ngr/loco/9950011/state/nav	{"state":"NORMAL","mm":2,"target":1,"dir":-1,"session_dir":"CCW","position_reliable":1,"ir_distance_state":"HALL_IR_READY","reference_ready":1,"boot_reference":"PROVISIONAL_OR_SPATIAL","authority":"NAVI_EWO"}
2026-09-30T15:02:51.046	ngr/loco/9950011/telem/ir	{"ir_valid":1,"ir_mmps":0.000,"ir_coupled":0,"ir_speed_reason":"STOPPED","ir_applicable":1,"ir_reason":6,"ir_seq":13700,"ir_pulses":6752,"ir_gap":1,"ir_sat":0,"ir_abort":635,"authority":"NAVI_EWO"}
2026-09-30T15:02:51.046	ngr/loco/9950011/telem/speed	{"ir_valid":1,"ir_mmps":0.000,"ir_coupled":0,"ir_speed_reason":"STOPPED","ir_applicable":1,"ir_reason":6,"ir_seq":13700,"ir_pulses":6752,"ir_gap":1,"ir_sat":0,"ir_abort":635,"authority":"NAVI_EWO"}
2026-09-30T15:02:51.047	ngr/loco/9950011/diag/ir_link	{"radio_ready":1,"seen":27823,"source_mac":"38:18:2B:30:8C:2C","paired_mac":"38:18:2B:30:8C:2C","paired_for_display_only":1,"coupled":0,"invalid_wire":14204,"queue_drop":0}
2026-09-30T15:02:51.047	ngr/loco/9950011/state/throttle	90
2026-09-30T15:02:51.047	ngr/loco/9950011/state/direction	2
2026-09-30T15:02:51.047	ngr/loco/9950011/state/auto	1
2026-09-30T15:02:51.048	ngr/loco/9950011/state/estop	0
2026-09-30T15:02:51.048	ngr/loco/9950011/state/nav_ready	1
2026-09-30T15:02:51.884	ngr/loco/9950011/state/connectivity	{"wifi":1,"ip":"192.168.68.72","rssi":-51,"mqtt":1,"mqtt_state":0,"broker":"192.168.68.142","ir_radio":1,"ir_seen":27841,"ir_coupled":0,"navi_sync":1,"udp_failures":185}
2026-09-30T15:02:52.048	ngr/loco/9950011/state/loopstat	{"build":"NAVI_EYES_WIDE_OPEN_INTEGRATED_R2","mm":2,"target":1,"dir":-1,"target_distance_mm":340,"target_polarity":1,"position_reliable":1,"reference_ready":1,"reference":1903,"median5":0,"hall_support":0,"spatial_phase":1,"ir_applicable":1,"ir_distance_state":"HALL_IR_READY","ir_health_fault":0,"ir_readiness":2,"ir_boot":"761B38FCC6F727BE","ir_epoch":1,"ir_epoch_active":1,"ir_seq":13710,"ir_pulses":6752,"ir_reason":5,"ir_age_ms":63,"ir_span":207,"ir_gap":1,"ir_sat":0,"ir_abort":637,"ir_inferred_added":0,"ir_inferred_removed":0,"ir_calibration":0,"hall_seen":6889522,"ir_seen":13629,"hall_q_drop":0,"ir_q_drop":0,"ir_invalid":14215,"nsr_hall_drop":1,"nsr_ir_drop":0,"nsr_navi_drop":0,"nsr_native_drop":168,"event_drop":0,"pwm0_ir_motion":0,"confirmed":62,"missed":152,"pwm":90,"auto":1,"running":1,"estop":0,"lowvolt":0,"ir_stationary_pwm_warning":1,"pub_drop":0}
2026-09-30T15:02:52.049	ngr/loco/9950011/state/trace	{"consumption_drop":334,"action_drop":0,"command_queue_drop":0,"lossless":false}
2026-09-30T15:02:52.050	ngr/loco/9950011/state/nav	{"state":"NORMAL","mm":2,"target":1,"dir":-1,"session_dir":"CCW","position_reliable":1,"ir_distance_state":"HALL_IR_READY","reference_ready":1,"boot_reference":"PROVISIONAL_OR_SPATIAL","authority":"NAVI_EWO"}
2026-09-30T15:02:52.050	ngr/loco/9950011/telem/ir	{"ir_valid":1,"ir_mmps":0.000,"ir_coupled":0,"ir_speed_reason":"STOPPED","ir_applicable":1,"ir_reason":5,"ir_seq":13710,"ir_pulses":6752,"ir_gap":1,"ir_sat":0,"ir_abort":637,"authority":"NAVI_EWO"}
2026-09-30T15:02:52.050	ngr/loco/9950011/telem/speed	{"ir_valid":1,"ir_mmps":0.000,"ir_coupled":0,"ir_speed_reason":"STOPPED","ir_applicable":1,"ir_reason":5,"ir_seq":13710,"ir_pulses":6752,"ir_gap":1,"ir_sat":0,"ir_abort":637,"authority":"NAVI_EWO"}
2026-09-30T15:02:52.050	ngr/loco/9950011/diag/ir_link	{"radio_ready":1,"seen":27844,"source_mac":"38:18:2B:30:8C:2C","paired_mac":"38:18:2B:30:8C:2C","paired_for_display_only":1,"coupled":0,"invalid_wire":14215,"queue_drop":0}
2026-09-30T15:02:52.051	ngr/loco/9950011/state/throttle	90
2026-09-30T15:02:52.051	ngr/loco/9950011/state/direction	2
2026-09-30T15:02:52.051	ngr/loco/9950011/state/auto	1
2026-09-30T15:02:52.051	ngr/loco/9950011/state/estop	0
2026-09-30T15:02:52.051	ngr/loco/9950011/state/nav_ready	1
2026-09-30T15:02:53.043	ngr/loco/9950011/state/loopstat	{"build":"NAVI_EYES_WIDE_OPEN_INTEGRATED_R2","mm":2,"target":1,"dir":-1,"target_distance_mm":340,"target_polarity":1,"position_reliable":1,"reference_ready":1,"reference":1903,"median5":0,"hall_support":0,"spatial_phase":1,"ir_applicable":1,"ir_distance_state":"HALL_IR_READY","ir_health_fault":0,"ir_readiness":0,"ir_boot":"761B38FCC6F727BE","ir_epoch":1,"ir_epoch_active":1,"ir_seq":13720,"ir_pulses":6753,"ir_reason":6,"ir_age_ms":78,"ir_span":415,"ir_gap":1,"ir_sat":0,"ir_abort":637,"ir_inferred_added":0,"ir_inferred_removed":0,"ir_calibration":0,"hall_seen":6894525,"ir_seen":13639,"hall_q_drop":0,"ir_q_drop":0,"ir_invalid":14225,"nsr_hall_drop":1,"nsr_ir_drop":0,"nsr_navi_drop":0,"nsr_native_drop":168,"event_drop":0,"pwm0_ir_motion":0,"confirmed":62,"missed":152,"pwm":90,"auto":1,"running":1,"estop":0,"lowvolt":0,"ir_stationary_pwm_warning":0,"pub_drop":0}
2026-09-30T15:02:53.045	ngr/loco/9950011/state/trace	{"consumption_drop":334,"action_drop":0,"command_queue_drop":0,"lossless":false}
2026-09-30T15:02:53.050	ngr/loco/9950011/state/nav	{"state":"NORMAL","mm":2,"target":1,"dir":-1,"session_dir":"CCW","position_reliable":1,"ir_distance_state":"HALL_IR_READY","reference_ready":1,"boot_reference":"PROVISIONAL_OR_SPATIAL","authority":"NAVI_EWO"}
2026-09-30T15:02:53.050	ngr/loco/9950011/telem/ir	{"ir_valid":1,"ir_mmps":10.724,"ir_coupled":0,"ir_speed_reason":"MEASURED","ir_applicable":1,"ir_reason":6,"ir_seq":13720,"ir_pulses":6753,"ir_gap":1,"ir_sat":0,"ir_abort":637,"authority":"NAVI_EWO"}
2026-09-30T15:02:53.050	ngr/loco/9950011/telem/speed	{"ir_valid":1,"ir_mmps":10.724,"ir_coupled":0,"ir_speed_reason":"MEASURED","ir_applicable":1,"ir_reason":6,"ir_seq":13720,"ir_pulses":6753,"ir_gap":1,"ir_sat":0,"ir_abort":637,"authority":"NAVI_EWO"}
2026-09-30T15:02:53.052	ngr/loco/9950011/diag/ir_link	{"radio_ready":1,"seen":27864,"source_mac":"38:18:2B:30:8C:2C","paired_mac":"38:18:2B:30:8C:2C","paired_for_display_only":1,"coupled":0,"invalid_wire":14225,"queue_drop":0}
2026-09-30T15:02:53.052	ngr/loco/9950011/state/throttle	90
2026-09-30T15:02:53.052	ngr/loco/9950011/state/direction	2
2026-09-30T15:02:53.053	ngr/loco/9950011/state/auto	1
2026-09-30T15:02:53.053	ngr/loco/9950011/state/estop	0
2026-09-30T15:02:53.057	ngr/loco/9950011/state/nav_ready	1
2026-09-30T15:02:53.849	ngr/loco/9950011/state/lowvolt	0
2026-09-30T15:02:53.851	ngr/loco/9950011/telem/voltage	16.41
2026-09-30T15:02:53.852	ngr/loco/9950011/telem/current	0.32
2026-09-30T15:02:53.852	ngr/loco/9950011/telem/power	5.25
2026-09-30T15:02:54.050	ngr/loco/9950011/state/loopstat	{"build":"NAVI_EYES_WIDE_OPEN_INTEGRATED_R2","mm":2,"target":1,"dir":-1,"target_distance_mm":340,"target_polarity":1,"position_reliable":1,"reference_ready":1,"reference":1903,"median5":0,"hall_support":0,"spatial_phase":1,"ir_applicable":1,"ir_distance_state":"HALL_IR_READY","ir_health_fault":0,"ir_readiness":2,"ir_boot":"761B38FCC6F727BE","ir_epoch":1,"ir_epoch_active":1,"ir_seq":13730,"ir_pulses":6753,"ir_reason":5,"ir_age_ms":68,"ir_span":143,"ir_gap":1,"ir_sat":0,"ir_abort":639,"ir_inferred_added":0,"ir_inferred_removed":0,"ir_calibration":0,"hall_seen":6899521,"ir_seen":13649,"hall_q_drop":0,"ir_q_drop":0,"ir_invalid":14236,"nsr_hall_drop":1,"nsr_ir_drop":0,"nsr_navi_drop":0,"nsr_native_drop":168,"event_drop":0,"pwm0_ir_motion":0,"confirmed":62,"missed":152,"pwm":90,"auto":1,"running":1,"estop":0,"lowvolt":0,"ir_stationary_pwm_warning":1,"pub_drop":0}
2026-09-30T15:02:54.058	ngr/loco/9950011/state/trace	{"consumption_drop":334,"action_drop":0,"command_queue_drop":0,"lossless":false}
2026-09-30T15:02:54.058	ngr/loco/9950011/state/nav	{"state":"NORMAL","mm":2,"target":1,"dir":-1,"session_dir":"CCW","position_reliable":1,"ir_distance_state":"HALL_IR_READY","reference_ready":1,"boot_reference":"PROVISIONAL_OR_SPATIAL","authority":"NAVI_EWO"}
2026-09-30T15:02:54.058	ngr/loco/9950011/telem/ir	{"ir_valid":1,"ir_mmps":0.000,"ir_coupled":0,"ir_speed_reason":"STOPPED","ir_applicable":1,"ir_reason":5,"ir_seq":13730,"ir_pulses":6753,"ir_gap":1,"ir_sat":0,"ir_abort":639,"authority":"NAVI_EWO"}
2026-09-30T15:02:54.058	ngr/loco/9950011/telem/speed	{"ir_valid":1,"ir_mmps":0.000,"ir_coupled":0,"ir_speed_reason":"STOPPED","ir_applicable":1,"ir_reason":5,"ir_seq":13730,"ir_pulses":6753,"ir_gap":1,"ir_sat":0,"ir_abort":639,"authority":"NAVI_EWO"}
2026-09-30T15:02:54.058	ngr/loco/9950011/diag/ir_link	{"radio_ready":1,"seen":27885,"source_mac":"38:18:2B:30:8C:2C","paired_mac":"38:18:2B:30:8C:2C","paired_for_display_only":1,"coupled":0,"invalid_wire":14236,"queue_drop":0}
2026-09-30T15:02:54.059	ngr/loco/9950011/state/throttle	90
2026-09-30T15:02:54.059	ngr/loco/9950011/state/direction	2
2026-09-30T15:02:54.059	ngr/loco/9950011/state/auto	1
2026-09-30T15:02:54.061	ngr/loco/9950011/state/estop	0
2026-09-30T15:02:54.061	ngr/loco/9950011/state/nav_ready	1
2026-09-30T15:02:55.049	ngr/loco/9950011/state/loopstat	{"build":"NAVI_EYES_WIDE_OPEN_INTEGRATED_R2","mm":2,"target":1,"dir":-1,"target_distance_mm":340,"target_polarity":1,"position_reliable":1,"reference_ready":1,"reference":1903,"median5":0,"hall_support":0,"spatial_phase":1,"ir_applicable":1,"ir_distance_state":"HALL_IR_READY","ir_health_fault":6,"ir_readiness":3,"ir_boot":"761B38FCC6F727BE","ir_epoch":1,"ir_epoch_active":1,"ir_seq":13740,"ir_pulses":6753,"ir_reason":1,"ir_age_ms":68,"ir_span":111,"ir_gap":1,"ir_sat":0,"ir_abort":640,"ir_inferred_added":0,"ir_inferred_removed":0,"ir_calibration":0,"hall_seen":6904524,"ir_seen":13659,"hall_q_drop":0,"ir_q_drop":0,"ir_invalid":14246,"nsr_hall_drop":1,"nsr_ir_drop":0,"nsr_navi_drop":0,"nsr_native_drop":168,"event_drop":0,"pwm0_ir_motion":0,"confirmed":62,"missed":152,"pwm":90,"auto":1,"running":1,"estop":0,"lowvolt":0,"ir_stationary_pwm_warning":1,"pub_drop":0}
2026-09-30T15:02:55.052	ngr/loco/9950011/state/trace	{"consumption_drop":334,"action_drop":0,"command_queue_drop":0,"lossless":false}
2026-09-30T15:02:55.052	ngr/loco/9950011/state/nav	{"state":"NORMAL","mm":2,"target":1,"dir":-1,"session_dir":"CCW","position_reliable":1,"ir_distance_state":"HALL_IR_READY","reference_ready":1,"boot_reference":"PROVISIONAL_OR_SPATIAL","authority":"NAVI_EWO"}
2026-09-30T15:02:55.052	ngr/loco/9950011/telem/ir	{"ir_valid":1,"ir_mmps":0.000,"ir_coupled":0,"ir_speed_reason":"STOPPED","ir_applicable":1,"ir_reason":1,"ir_seq":13740,"ir_pulses":6753,"ir_gap":1,"ir_sat":0,"ir_abort":640,"authority":"NAVI_EWO"}
2026-09-30T15:02:55.052	ngr/loco/9950011/telem/speed	{"ir_valid":1,"ir_mmps":0.000,"ir_coupled":0,"ir_speed_reason":"STOPPED","ir_applicable":1,"ir_reason":1,"ir_seq":13740,"ir_pulses":6753,"ir_gap":1,"ir_sat":0,"ir_abort":640,"authority":"NAVI_EWO"}
2026-09-30T15:02:55.053	ngr/loco/9950011/diag/ir_link	{"radio_ready":1,"seen":27905,"source_mac":"38:18:2B:30:8C:2C","paired_mac":"38:18:2B:30:8C:2C","paired_for_display_only":1,"coupled":0,"invalid_wire":14246,"queue_drop":0}
2026-09-30T15:02:55.053	ngr/loco/9950011/state/throttle	90
2026-09-30T15:02:55.053	ngr/loco/9950011/state/direction	2
2026-09-30T15:02:55.053	ngr/loco/9950011/state/auto	1
2026-09-30T15:02:55.053	ngr/loco/9950011/state/estop	0
2026-09-30T15:02:55.054	ngr/loco/9950011/state/nav_ready	1
2026-09-30T15:02:56.043	ngr/loco/9950011/state/loopstat	{"build":"NAVI_EYES_WIDE_OPEN_INTEGRATED_R2","mm":2,"target":1,"dir":-1,"target_distance_mm":340,"target_polarity":1,"position_reliable":1,"reference_ready":1,"reference":1903,"median5":0,"hall_support":0,"spatial_phase":1,"ir_applicable":1,"ir_distance_state":"HALL_IR_READY","ir_health_fault":6,"ir_readiness":3,"ir_boot":"761B38FCC6F727BE","ir_epoch":1,"ir_epoch_active":1,"ir_seq":13750,"ir_pulses":6753,"ir_reason":1,"ir_age_ms":69,"ir_span":175,"ir_gap":1,"ir_sat":0,"ir_abort":640,"ir_inferred_added":0,"ir_inferred_removed":0,"ir_calibration":0,"hall_seen":6909524,"ir_seen":13669,"hall_q_drop":0,"ir_q_drop":0,"ir_invalid":14256,"nsr_hall_drop":1,"nsr_ir_drop":0,"nsr_navi_drop":0,"nsr_native_drop":168,"event_drop":0,"pwm0_ir_motion":0,"confirmed":62,"missed":152,"pwm":90,"auto":1,"running":1,"estop":0,"lowvolt":0,"ir_stationary_pwm_warning":1,"pub_drop":0}
2026-09-30T15:02:56.045	ngr/loco/9950011/state/trace	{"consumption_drop":334,"action_drop":0,"command_queue_drop":0,"lossless":false}
2026-09-30T15:02:56.045	ngr/loco/9950011/state/nav	{"state":"NORMAL","mm":2,"target":1,"dir":-1,"session_dir":"CCW","position_reliable":1,"ir_distance_state":"HALL_IR_READY","reference_ready":1,"boot_reference":"PROVISIONAL_OR_SPATIAL","authority":"NAVI_EWO"}
2026-09-30T15:02:56.046	ngr/loco/9950011/telem/ir	{"ir_valid":1,"ir_mmps":0.000,"ir_coupled":0,"ir_speed_reason":"STOPPED","ir_applicable":1,"ir_reason":1,"ir_seq":13750,"ir_pulses":6753,"ir_gap":1,"ir_sat":0,"ir_abort":640,"authority":"NAVI_EWO"}
2026-09-30T15:02:56.046	ngr/loco/9950011/telem/speed	{"ir_valid":1,"ir_mmps":0.000,"ir_coupled":0,"ir_speed_reason":"STOPPED","ir_applicable":1,"ir_reason":1,"ir_seq":13750,"ir_pulses":6753,"ir_gap":1,"ir_sat":0,"ir_abort":640,"authority":"NAVI_EWO"}
2026-09-30T15:02:56.046	ngr/loco/9950011/diag/ir_link	{"radio_ready":1,"seen":27925,"source_mac":"38:18:2B:30:8C:2C","paired_mac":"38:18:2B:30:8C:2C","paired_for_display_only":1,"coupled":0,"invalid_wire":14256,"queue_drop":0}
2026-09-30T15:02:56.048	ngr/loco/9950011/state/throttle	90
2026-09-30T15:02:56.048	ngr/loco/9950011/state/direction	2
2026-09-30T15:02:56.049	ngr/loco/9950011/state/auto	1
2026-09-30T15:02:56.050	ngr/loco/9950011/state/estop	0
2026-09-30T15:02:56.050	ngr/loco/9950011/state/nav_ready	1
2026-09-30T15:02:56.887	ngr/loco/9950011/state/connectivity	{"wifi":1,"ip":"192.168.68.72","rssi":-42,"mqtt":1,"mqtt_state":0,"broker":"192.168.68.142","ir_radio":1,"ir_seen":27943,"ir_coupled":0,"navi_sync":1,"udp_failures":185}
2026-09-30T15:02:57.044	ngr/loco/9950011/state/loopstat	{"build":"NAVI_EYES_WIDE_OPEN_INTEGRATED_R2","mm":2,"target":1,"dir":-1,"target_distance_mm":340,"target_polarity":1,"position_reliable":1,"reference_ready":1,"reference":1903,"median5":0,"hall_support":0,"spatial_phase":1,"ir_applicable":1,"ir_distance_state":"HALL_IR_READY","ir_health_fault":6,"ir_readiness":3,"ir_boot":"761B38FCC6F727BE","ir_epoch":1,"ir_epoch_active":1,"ir_seq":13760,"ir_pulses":6753,"ir_reason":1,"ir_age_ms":71,"ir_span":79,"ir_gap":1,"ir_sat":0,"ir_abort":641,"ir_inferred_added":0,"ir_inferred_removed":0,"ir_calibration":0,"hall_seen":6914524,"ir_seen":13679,"hall_q_drop":0,"ir_q_drop":0,"ir_invalid":14267,"nsr_hall_drop":1,"nsr_ir_drop":0,"nsr_navi_drop":0,"nsr_native_drop":168,"event_drop":0,"pwm0_ir_motion":0,"confirmed":62,"missed":152,"pwm":90,"auto":1,"running":1,"estop":0,"lowvolt":0,"ir_stationary_pwm_warning":1,"pub_drop":0}
2026-09-30T15:02:57.047	ngr/loco/9950011/state/trace	{"consumption_drop":334,"action_drop":0,"command_queue_drop":0,"lossless":false}
2026-09-30T15:02:57.048	ngr/loco/9950011/state/nav	{"state":"NORMAL","mm":2,"target":1,"dir":-1,"session_dir":"CCW","position_reliable":1,"ir_distance_state":"HALL_IR_READY","reference_ready":1,"boot_reference":"PROVISIONAL_OR_SPATIAL","authority":"NAVI_EWO"}
2026-09-30T15:02:57.048	ngr/loco/9950011/telem/ir	{"ir_valid":1,"ir_mmps":0.000,"ir_coupled":0,"ir_speed_reason":"STOPPED","ir_applicable":1,"ir_reason":1,"ir_seq":13760,"ir_pulses":6753,"ir_gap":1,"ir_sat":0,"ir_abort":641,"authority":"NAVI_EWO"}
2026-09-30T15:02:57.048	ngr/loco/9950011/telem/speed	{"ir_valid":1,"ir_mmps":0.000,"ir_coupled":0,"ir_speed_reason":"STOPPED","ir_applicable":1,"ir_reason":1,"ir_seq":13760,"ir_pulses":6753,"ir_gap":1,"ir_sat":0,"ir_abort":641,"authority":"NAVI_EWO"}
2026-09-30T15:02:57.048	ngr/loco/9950011/diag/ir_link	{"radio_ready":1,"seen":27946,"source_mac":"38:18:2B:30:8C:2C","paired_mac":"38:18:2B:30:8C:2C","paired_for_display_only":1,"coupled":0,"invalid_wire":14267,"queue_drop":0}
2026-09-30T15:02:57.048	ngr/loco/9950011/state/throttle	90
2026-09-30T15:02:57.048	ngr/loco/9950011/state/direction	2
2026-09-30T15:02:57.051	ngr/loco/9950011/state/auto	1
2026-09-30T15:02:57.051	ngr/loco/9950011/state/estop	0
2026-09-30T15:02:57.051	ngr/loco/9950011/state/nav_ready	1
2026-09-30T15:02:58.041	ngr/loco/9950011/state/loopstat	{"build":"NAVI_EYES_WIDE_OPEN_INTEGRATED_R2","mm":2,"target":1,"dir":-1,"target_distance_mm":340,"target_polarity":1,"position_reliable":1,"reference_ready":1,"reference":1903,"median5":0,"hall_support":0,"spatial_phase":1,"ir_applicable":1,"ir_distance_state":"HALL_IR_READY","ir_health_fault":6,"ir_readiness":3,"ir_boot":"761B38FCC6F727BE","ir_epoch":1,"ir_epoch_active":1,"ir_seq":13770,"ir_pulses":6753,"ir_reason":1,"ir_age_ms":56,"ir_span":127,"ir_gap":1,"ir_sat":0,"ir_abort":642,"ir_inferred_added":0,"ir_inferred_removed":0,"ir_calibration":0,"hall_seen":6919521,"ir_seen":13689,"hall_q_drop":0,"ir_q_drop":0,"ir_invalid":14277,"nsr_hall_drop":1,"nsr_ir_drop":0,"nsr_navi_drop":0,"nsr_native_drop":168,"event_drop":0,"pwm0_ir_motion":0,"confirmed":62,"missed":152,"pwm":90,"auto":1,"running":1,"estop":0,"lowvolt":0,"ir_stationary_pwm_warning":1,"pub_drop":0}
2026-09-30T15:02:58.043	ngr/loco/9950011/state/trace	{"consumption_drop":334,"action_drop":0,"command_queue_drop":0,"lossless":false}
2026-09-30T15:02:58.043	ngr/loco/9950011/state/nav	{"state":"NORMAL","mm":2,"target":1,"dir":-1,"session_dir":"CCW","position_reliable":1,"ir_distance_state":"HALL_IR_READY","reference_ready":1,"boot_reference":"PROVISIONAL_OR_SPATIAL","authority":"NAVI_EWO"}
2026-09-30T15:02:58.044	ngr/loco/9950011/telem/ir	{"ir_valid":1,"ir_mmps":0.000,"ir_coupled":0,"ir_speed_reason":"STOPPED","ir_applicable":1,"ir_reason":1,"ir_seq":13770,"ir_pulses":6753,"ir_gap":1,"ir_sat":0,"ir_abort":642,"authority":"NAVI_EWO"}
2026-09-30T15:02:58.044	ngr/loco/9950011/telem/speed	{"ir_valid":1,"ir_mmps":0.000,"ir_coupled":0,"ir_speed_reason":"STOPPED","ir_applicable":1,"ir_reason":1,"ir_seq":13770,"ir_pulses":6753,"ir_gap":1,"ir_sat":0,"ir_abort":642,"authority":"NAVI_EWO"}
2026-09-30T15:02:58.050	ngr/loco/9950011/diag/ir_link	{"radio_ready":1,"seen":27966,"source_mac":"38:18:2B:30:8C:2C","paired_mac":"38:18:2B:30:8C:2C","paired_for_display_only":1,"coupled":0,"invalid_wire":14277,"queue_drop":0}
2026-09-30T15:02:58.051	ngr/loco/9950011/state/throttle	90
2026-09-30T15:02:58.051	ngr/loco/9950011/state/direction	2
2026-09-30T15:02:58.054	ngr/loco/9950011/state/auto	1
2026-09-30T15:02:58.055	ngr/loco/9950011/state/estop	0
2026-09-30T15:02:58.055	ngr/loco/9950011/state/nav_ready	1
2026-09-30T15:02:58.883	ngr/loco/9950011/state/lowvolt	0
2026-09-30T15:02:58.927	ngr/loco/9950011/telem/voltage	16.37
2026-09-30T15:02:58.927	ngr/loco/9950011/telem/current	0.33
2026-09-30T15:02:58.927	ngr/loco/9950011/telem/power	5.52
2026-09-30T15:02:59.045	ngr/loco/9950011/state/loopstat	{"build":"NAVI_EYES_WIDE_OPEN_INTEGRATED_R2","mm":2,"target":1,"dir":-1,"target_distance_mm":340,"target_polarity":1,"position_reliable":1,"reference_ready":1,"reference":1903,"median5":0,"hall_support":0,"spatial_phase":1,"ir_applicable":1,"ir_distance_state":"HALL_IR_READY","ir_health_fault":6,"ir_readiness":3,"ir_boot":"761B38FCC6F727BE","ir_epoch":1,"ir_epoch_active":1,"ir_seq":13780,"ir_pulses":6753,"ir_reason":1,"ir_age_ms":57,"ir_span":95,"ir_gap":1,"ir_sat":0,"ir_abort":643,"ir_inferred_added":0,"ir_inferred_removed":0,"ir_calibration":0,"hall_seen":6924528,"ir_seen":13699,"hall_q_drop":0,"ir_q_drop":0,"ir_invalid":14288,"nsr_hall_drop":1,"nsr_ir_drop":0,"nsr_navi_drop":0,"nsr_native_drop":168,"event_drop":0,"pwm0_ir_motion":0,"confirmed":62,"missed":152,"pwm":90,"auto":1,"running":1,"estop":0,"lowvolt":0,"ir_stationary_pwm_warning":1,"pub_drop":0}
2026-09-30T15:02:59.048	ngr/loco/9950011/state/trace	{"consumption_drop":334,"action_drop":0,"command_queue_drop":0,"lossless":false}
2026-09-30T15:02:59.048	ngr/loco/9950011/state/nav	{"state":"NORMAL","mm":2,"target":1,"dir":-1,"session_dir":"CCW","position_reliable":1,"ir_distance_state":"HALL_IR_READY","reference_ready":1,"boot_reference":"PROVISIONAL_OR_SPATIAL","authority":"NAVI_EWO"}
2026-09-30T15:02:59.048	ngr/loco/9950011/telem/ir	{"ir_valid":1,"ir_mmps":0.000,"ir_coupled":0,"ir_speed_reason":"STOPPED","ir_applicable":1,"ir_reason":1,"ir_seq":13780,"ir_pulses":6753,"ir_gap":1,"ir_sat":0,"ir_abort":643,"authority":"NAVI_EWO"}
2026-09-30T15:02:59.048	ngr/loco/9950011/telem/speed	{"ir_valid":1,"ir_mmps":0.000,"ir_coupled":0,"ir_speed_reason":"STOPPED","ir_applicable":1,"ir_reason":1,"ir_seq":13780,"ir_pulses":6753,"ir_gap":1,"ir_sat":0,"ir_abort":643,"authority":"NAVI_EWO"}
2026-09-30T15:02:59.048	ngr/loco/9950011/diag/ir_link	{"radio_ready":1,"seen":27987,"source_mac":"38:18:2B:30:8C:2C","paired_mac":"38:18:2B:30:8C:2C","paired_for_display_only":1,"coupled":0,"invalid_wire":14288,"queue_drop":0}
2026-09-30T15:02:59.049	ngr/loco/9950011/state/throttle	90
2026-09-30T15:02:59.049	ngr/loco/9950011/state/direction	2
2026-09-30T15:02:59.049	ngr/loco/9950011/state/auto	1
2026-09-30T15:02:59.049	ngr/loco/9950011/state/estop	0
2026-09-30T15:02:59.049	ngr/loco/9950011/state/nav_ready	1
2026-09-30T15:03:00.040	ngr/loco/9950011/state/loopstat	{"build":"NAVI_EYES_WIDE_OPEN_INTEGRATED_R2","mm":2,"target":1,"dir":-1,"target_distance_mm":340,"target_polarity":1,"position_reliable":1,"reference_ready":1,"reference":1903,"median5":0,"hall_support":0,"spatial_phase":1,"ir_applicable":1,"ir_distance_state":"HALL_IR_READY","ir_health_fault":6,"ir_readiness":3,"ir_boot":"761B38FCC6F727BE","ir_epoch":1,"ir_epoch_active":1,"ir_seq":13790,"ir_pulses":6753,"ir_reason":1,"ir_age_ms":67,"ir_span":143,"ir_gap":1,"ir_sat":0,"ir_abort":643,"ir_inferred_added":0,"ir_inferred_removed":0,"ir_calibration":0,"hall_seen":6929529,"ir_seen":13709,"hall_q_drop":0,"ir_q_drop":0,"ir_invalid":14298,"nsr_hall_drop":1,"nsr_ir_drop":0,"nsr_navi_drop":0,"nsr_native_drop":168,"event_drop":0,"pwm0_ir_motion":0,"confirmed":62,"missed":152,"pwm":90,"auto":1,"running":1,"estop":0,"lowvolt":0,"ir_stationary_pwm_warning":1,"pub_drop":0}
2026-09-30T15:03:00.042	ngr/loco/9950011/state/trace	{"consumption_drop":334,"action_drop":0,"command_queue_drop":0,"lossless":false}
2026-09-30T15:03:00.042	ngr/loco/9950011/state/nav	{"state":"NORMAL","mm":2,"target":1,"dir":-1,"session_dir":"CCW","position_reliable":1,"ir_distance_state":"HALL_IR_READY","reference_ready":1,"boot_reference":"PROVISIONAL_OR_SPATIAL","authority":"NAVI_EWO"}
2026-09-30T15:03:00.042	ngr/loco/9950011/telem/ir	{"ir_valid":1,"ir_mmps":0.000,"ir_coupled":0,"ir_speed_reason":"STOPPED","ir_applicable":1,"ir_reason":1,"ir_seq":13790,"ir_pulses":6753,"ir_gap":1,"ir_sat":0,"ir_abort":643,"authority":"NAVI_EWO"}
2026-09-30T15:03:00.043	ngr/loco/9950011/telem/speed	{"ir_valid":1,"ir_mmps":0.000,"ir_coupled":0,"ir_speed_reason":"STOPPED","ir_applicable":1,"ir_reason":1,"ir_seq":13790,"ir_pulses":6753,"ir_gap":1,"ir_sat":0,"ir_abort":643,"authority":"NAVI_EWO"}
2026-09-30T15:03:00.043	ngr/loco/9950011/diag/ir_link	{"radio_ready":1,"seen":28007,"source_mac":"38:18:2B:30:8C:2C","paired_mac":"38:18:2B:30:8C:2C","paired_for_display_only":1,"coupled":0,"invalid_wire":14298,"queue_drop":0}
2026-09-30T15:03:00.043	ngr/loco/9950011/state/throttle	90
2026-09-30T15:03:00.043	ngr/loco/9950011/state/direction	2
2026-09-30T15:03:00.049	ngr/loco/9950011/state/auto	1
2026-09-30T15:03:00.049	ngr/loco/9950011/state/estop	0
2026-09-30T15:03:00.049	ngr/loco/9950011/state/nav_ready	1
2026-09-30T15:03:01.037	ngr/loco/9950011/state/loopstat	{"build":"NAVI_EYES_WIDE_OPEN_INTEGRATED_R2","mm":2,"target":1,"dir":-1,"target_distance_mm":340,"target_polarity":1,"position_reliable":1,"reference_ready":1,"reference":1903,"median5":0,"hall_support":0,"spatial_phase":1,"ir_applicable":1,"ir_distance_state":"HALL_IR_READY","ir_health_fault":6,"ir_readiness":3,"ir_boot":"761B38FCC6F727BE","ir_epoch":1,"ir_epoch_active":1,"ir_seq":13800,"ir_pulses":6754,"ir_reason":1,"ir_age_ms":60,"ir_span":223,"ir_gap":1,"ir_sat":0,"ir_abort":644,"ir_inferred_added":0,"ir_inferred_removed":0,"ir_calibration":0,"hall_seen":6934529,"ir_seen":13719,"hall_q_drop":0,"ir_q_drop":0,"ir_invalid":14309,"nsr_hall_drop":1,"nsr_ir_drop":0,"nsr_navi_drop":0,"nsr_native_drop":168,"event_drop":0,"pwm0_ir_motion":0,"confirmed":62,"missed":152,"pwm":90,"auto":1,"running":1,"estop":0,"lowvolt":0,"ir_stationary_pwm_warning":0,"pub_drop":0}
2026-09-30T15:03:01.041	ngr/loco/9950011/state/trace	{"consumption_drop":334,"action_drop":0,"command_queue_drop":0,"lossless":false}
2026-09-30T15:03:01.041	ngr/loco/9950011/state/nav	{"state":"NORMAL","mm":2,"target":1,"dir":-1,"session_dir":"CCW","position_reliable":1,"ir_distance_state":"HALL_IR_READY","reference_ready":1,"boot_reference":"PROVISIONAL_OR_SPATIAL","authority":"NAVI_EWO"}
2026-09-30T15:03:01.046	ngr/loco/9950011/telem/ir	{"ir_valid":1,"ir_mmps":10.724,"ir_coupled":0,"ir_speed_reason":"MEASURED","ir_applicable":1,"ir_reason":1,"ir_seq":13800,"ir_pulses":6754,"ir_gap":1,"ir_sat":0,"ir_abort":644,"authority":"NAVI_EWO"}
2026-09-30T15:03:01.046	ngr/loco/9950011/telem/speed	{"ir_valid":1,"ir_mmps":10.724,"ir_coupled":0,"ir_speed_reason":"MEASURED","ir_applicable":1,"ir_reason":1,"ir_seq":13800,"ir_pulses":6754,"ir_gap":1,"ir_sat":0,"ir_abort":644,"authority":"NAVI_EWO"}
2026-09-30T15:03:01.046	ngr/loco/9950011/diag/ir_link	{"radio_ready":1,"seen":28028,"source_mac":"38:18:2B:30:8C:2C","paired_mac":"38:18:2B:30:8C:2C","paired_for_display_only":1,"coupled":0,"invalid_wire":14309,"queue_drop":0}
2026-09-30T15:03:01.047	ngr/loco/9950011/state/throttle	90
2026-09-30T15:03:01.048	ngr/loco/9950011/state/direction	2
2026-09-30T15:03:01.048	ngr/loco/9950011/state/auto	1
2026-09-30T15:03:01.048	ngr/loco/9950011/state/estop	0
2026-09-30T15:03:01.048	ngr/loco/9950011/state/nav_ready	1
2026-09-30T15:03:01.899	ngr/loco/9950011/state/connectivity	{"wifi":1,"ip":"192.168.68.72","rssi":-42,"mqtt":1,"mqtt_state":0,"broker":"192.168.68.142","ir_radio":1,"ir_seen":28046,"ir_coupled":0,"navi_sync":1,"udp_failures":185}
2026-09-30T15:03:02.041	ngr/loco/9950011/state/loopstat	{"build":"NAVI_EYES_WIDE_OPEN_INTEGRATED_R2","mm":2,"target":1,"dir":-1,"target_distance_mm":340,"target_polarity":1,"position_reliable":1,"reference_ready":1,"reference":1903,"median5":0,"hall_support":0,"spatial_phase":1,"ir_applicable":1,"ir_distance_state":"HALL_IR_READY","ir_health_fault":0,"ir_readiness":2,"ir_boot":"761B38FCC6F727BE","ir_epoch":1,"ir_epoch_active":1,"ir_seq":13810,"ir_pulses":6755,"ir_reason":5,"ir_age_ms":62,"ir_span":367,"ir_gap":1,"ir_sat":0,"ir_abort":645,"ir_inferred_added":0,"ir_inferred_removed":0,"ir_calibration":0,"hall_seen":6939530,"ir_seen":13729,"hall_q_drop":0,"ir_q_drop":0,"ir_invalid":14319,"nsr_hall_drop":1,"nsr_ir_drop":0,"nsr_navi_drop":0,"nsr_native_drop":168,"event_drop":0,"pwm0_ir_motion":0,"confirmed":62,"missed":152,"pwm":90,"auto":1,"running":1,"estop":0,"lowvolt":0,"ir_stationary_pwm_warning":0,"pub_drop":0}
2026-09-30T15:03:02.043	ngr/loco/9950011/state/trace	{"consumption_drop":334,"action_drop":0,"command_queue_drop":0,"lossless":false}
2026-09-30T15:03:02.044	ngr/loco/9950011/state/nav	{"state":"NORMAL","mm":2,"target":1,"dir":-1,"session_dir":"CCW","position_reliable":1,"ir_distance_state":"HALL_IR_READY","reference_ready":1,"boot_reference":"PROVISIONAL_OR_SPATIAL","authority":"NAVI_EWO"}
2026-09-30T15:03:02.044	ngr/loco/9950011/telem/ir	{"ir_valid":1,"ir_mmps":10.713,"ir_coupled":0,"ir_speed_reason":"MEASURED","ir_applicable":1,"ir_reason":5,"ir_seq":13810,"ir_pulses":6755,"ir_gap":1,"ir_sat":0,"ir_abort":645,"authority":"NAVI_EWO"}
2026-09-30T15:03:02.044	ngr/loco/9950011/telem/speed	{"ir_valid":1,"ir_mmps":10.713,"ir_coupled":0,"ir_speed_reason":"MEASURED","ir_applicable":1,"ir_reason":5,"ir_seq":13810,"ir_pulses":6755,"ir_gap":1,"ir_sat":0,"ir_abort":645,"authority":"NAVI_EWO"}
2026-09-30T15:03:02.045	ngr/loco/9950011/diag/ir_link	{"radio_ready":1,"seen":28048,"source_mac":"38:18:2B:30:8C:2C","paired_mac":"38:18:2B:30:8C:2C","paired_for_display_only":1,"coupled":0,"invalid_wire":14319,"queue_drop":0}
2026-09-30T15:03:02.045	ngr/loco/9950011/state/throttle	90
2026-09-30T15:03:02.045	ngr/loco/9950011/state/direction	2
2026-09-30T15:03:02.046	ngr/loco/9950011/state/auto	1
2026-09-30T15:03:02.046	ngr/loco/9950011/state/estop	0
2026-09-30T15:03:02.049	ngr/loco/9950011/state/nav_ready	1
2026-09-30T15:03:03.056	ngr/loco/9950011/state/loopstat	{"build":"NAVI_EYES_WIDE_OPEN_INTEGRATED_R2","mm":2,"target":1,"dir":-1,"target_distance_mm":340,"target_polarity":1,"position_reliable":1,"reference_ready":1,"reference":1903,"median5":0,"hall_support":0,"spatial_phase":1,"ir_applicable":1,"ir_distance_state":"HALL_IR_READY","ir_health_fault":0,"ir_readiness":2,"ir_boot":"761B38FCC6F727BE","ir_epoch":1,"ir_epoch_active":1,"ir_seq":13820,"ir_pulses":6755,"ir_reason":5,"ir_age_ms":66,"ir_span":159,"ir_gap":1,"ir_sat":0,"ir_abort":646,"ir_inferred_added":0,"ir_inferred_removed":0,"ir_calibration":0,"hall_seen":6944535,"ir_seen":13739,"hall_q_drop":0,"ir_q_drop":0,"ir_invalid":14329,"nsr_hall_drop":1,"nsr_ir_drop":0,"nsr_navi_drop":0,"nsr_native_drop":168,"event_drop":0,"pwm0_ir_motion":0,"confirmed":62,"missed":152,"pwm":90,"auto":1,"running":1,"estop":0,"lowvolt":0,"ir_stationary_pwm_warning":1,"pub_drop":0}
2026-09-30T15:03:03.058	ngr/loco/9950011/state/trace	{"consumption_drop":334,"action_drop":0,"command_queue_drop":0,"lossless":false}
2026-09-30T15:03:03.058	ngr/loco/9950011/state/nav	{"state":"NORMAL","mm":2,"target":1,"dir":-1,"session_dir":"CCW","position_reliable":1,"ir_distance_state":"HALL_IR_READY","reference_ready":1,"boot_reference":"PROVISIONAL_OR_SPATIAL","authority":"NAVI_EWO"}
2026-09-30T15:03:03.059	ngr/loco/9950011/telem/ir	{"ir_valid":1,"ir_mmps":0.000,"ir_coupled":0,"ir_speed_reason":"STOPPED","ir_applicable":1,"ir_reason":5,"ir_seq":13820,"ir_pulses":6755,"ir_gap":1,"ir_sat":0,"ir_abort":646,"authority":"NAVI_EWO"}
2026-09-30T15:03:03.059	ngr/loco/9950011/telem/speed	{"ir_valid":1,"ir_mmps":0.000,"ir_coupled":0,"ir_speed_reason":"STOPPED","ir_applicable":1,"ir_reason":5,"ir_seq":13820,"ir_pulses":6755,"ir_gap":1,"ir_sat":0,"ir_abort":646,"authority":"NAVI_EWO"}
2026-09-30T15:03:03.060	ngr/loco/9950011/diag/ir_link	{"radio_ready":1,"seen":28068,"source_mac":"38:18:2B:30:8C:2C","paired_mac":"38:18:2B:30:8C:2C","paired_for_display_only":1,"coupled":0,"invalid_wire":14329,"queue_drop":0}
2026-09-30T15:03:03.060	ngr/loco/9950011/state/throttle	90
2026-09-30T15:03:03.060	ngr/loco/9950011/state/direction	2
2026-09-30T15:03:03.061	ngr/loco/9950011/state/auto	1
2026-09-30T15:03:03.061	ngr/loco/9950011/state/estop	0
2026-09-30T15:03:03.061	ngr/loco/9950011/state/nav_ready	1
2026-09-30T15:03:03.856	ngr/loco/9950011/state/lowvolt	0
2026-09-30T15:03:03.868	ngr/loco/9950011/telem/voltage	16.40
2026-09-30T15:03:03.868	ngr/loco/9950011/telem/current	0.30
2026-09-30T15:03:03.868	ngr/loco/9950011/telem/power	4.63
2026-09-30T15:03:04.058	ngr/loco/9950011/state/loopstat	{"build":"NAVI_EYES_WIDE_OPEN_INTEGRATED_R2","mm":2,"target":1,"dir":-1,"target_distance_mm":340,"target_polarity":1,"position_reliable":1,"reference_ready":1,"reference":1903,"median5":0,"hall_support":0,"spatial_phase":1,"ir_applicable":1,"ir_distance_state":"HALL_IR_READY","ir_health_fault":6,"ir_readiness":3,"ir_boot":"761B38FCC6F727BE","ir_epoch":1,"ir_epoch_active":1,"ir_seq":13830,"ir_pulses":6755,"ir_reason":1,"ir_age_ms":66,"ir_span":159,"ir_gap":1,"ir_sat":0,"ir_abort":646,"ir_inferred_added":0,"ir_inferred_removed":0,"ir_calibration":0,"hall_seen":6949534,"ir_seen":13748,"hall_q_drop":0,"ir_q_drop":0,"ir_invalid":14340,"nsr_hall_drop":1,"nsr_ir_drop":0,"nsr_navi_drop":0,"nsr_native_drop":168,"event_drop":0,"pwm0_ir_motion":0,"confirmed":62,"missed":152,"pwm":90,"auto":1,"running":1,"estop":0,"lowvolt":0,"ir_stationary_pwm_warning":1,"pub_drop":0}
2026-09-30T15:03:04.072	ngr/loco/9950011/state/trace	{"consumption_drop":334,"action_drop":0,"command_queue_drop":0,"lossless":false}
2026-09-30T15:03:04.072	ngr/loco/9950011/state/nav	{"state":"NORMAL","mm":2,"target":1,"dir":-1,"session_dir":"CCW","position_reliable":1,"ir_distance_state":"HALL_IR_READY","reference_ready":1,"boot_reference":"PROVISIONAL_OR_SPATIAL","authority":"NAVI_EWO"}
2026-09-30T15:03:04.072	ngr/loco/9950011/telem/ir	{"ir_valid":1,"ir_mmps":0.000,"ir_coupled":0,"ir_speed_reason":"STOPPED","ir_applicable":1,"ir_reason":1,"ir_seq":13830,"ir_pulses":6755,"ir_gap":1,"ir_sat":0,"ir_abort":646,"authority":"NAVI_EWO"}
2026-09-30T15:03:04.072	ngr/loco/9950011/telem/speed	{"ir_valid":1,"ir_mmps":0.000,"ir_coupled":0,"ir_speed_reason":"STOPPED","ir_applicable":1,"ir_reason":1,"ir_seq":13830,"ir_pulses":6755,"ir_gap":1,"ir_sat":0,"ir_abort":646,"authority":"NAVI_EWO"}
2026-09-30T15:03:04.073	ngr/loco/9950011/diag/ir_link	{"radio_ready":1,"seen":28088,"source_mac":"38:18:2B:30:8C:2C","paired_mac":"38:18:2B:30:8C:2C","paired_for_display_only":1,"coupled":0,"invalid_wire":14340,"queue_drop":0}
2026-09-30T15:03:04.073	ngr/loco/9950011/state/throttle	90
2026-09-30T15:03:04.073	ngr/loco/9950011/state/direction	2
2026-09-30T15:03:04.073	ngr/loco/9950011/state/auto	1
2026-09-30T15:03:04.073	ngr/loco/9950011/state/estop	0
2026-09-30T15:03:04.073	ngr/loco/9950011/state/nav_ready	1
2026-09-30T15:03:05.050	ngr/loco/9950011/state/loopstat	{"build":"NAVI_EYES_WIDE_OPEN_INTEGRATED_R2","mm":2,"target":1,"dir":-1,"target_distance_mm":340,"target_polarity":1,"position_reliable":1,"reference_ready":1,"reference":1903,"median5":0,"hall_support":0,"spatial_phase":1,"ir_applicable":1,"ir_distance_state":"HALL_IR_READY","ir_health_fault":6,"ir_readiness":3,"ir_boot":"761B38FCC6F727BE","ir_epoch":1,"ir_epoch_active":1,"ir_seq":13840,"ir_pulses":6755,"ir_reason":1,"ir_age_ms":70,"ir_span":95,"ir_gap":1,"ir_sat":0,"ir_abort":647,"ir_inferred_added":0,"ir_inferred_removed":0,"ir_calibration":0,"hall_seen":6954535,"ir_seen":13758,"hall_q_drop":0,"ir_q_drop":0,"ir_invalid":14350,"nsr_hall_drop":1,"nsr_ir_drop":0,"nsr_navi_drop":0,"nsr_native_drop":168,"event_drop":0,"pwm0_ir_motion":0,"confirmed":62,"missed":152,"pwm":90,"auto":1,"running":1,"estop":0,"lowvolt":0,"ir_stationary_pwm_warning":1,"pub_drop":0}
2026-09-30T15:03:05.053	ngr/loco/9950011/state/trace	{"consumption_drop":334,"action_drop":0,"command_queue_drop":0,"lossless":false}
2026-09-30T15:03:05.053	ngr/loco/9950011/state/nav	{"state":"NORMAL","mm":2,"target":1,"dir":-1,"session_dir":"CCW","position_reliable":1,"ir_distance_state":"HALL_IR_READY","reference_ready":1,"boot_reference":"PROVISIONAL_OR_SPATIAL","authority":"NAVI_EWO"}
2026-09-30T15:03:05.053	ngr/loco/9950011/telem/ir	{"ir_valid":1,"ir_mmps":0.000,"ir_coupled":0,"ir_speed_reason":"STOPPED","ir_applicable":1,"ir_reason":1,"ir_seq":13840,"ir_pulses":6755,"ir_gap":1,"ir_sat":0,"ir_abort":647,"authority":"NAVI_EWO"}
2026-09-30T15:03:05.053	ngr/loco/9950011/telem/speed	{"ir_valid":1,"ir_mmps":0.000,"ir_coupled":0,"ir_speed_reason":"STOPPED","ir_applicable":1,"ir_reason":1,"ir_seq":13840,"ir_pulses":6755,"ir_gap":1,"ir_sat":0,"ir_abort":647,"authority":"NAVI_EWO"}
2026-09-30T15:03:05.054	ngr/loco/9950011/diag/ir_link	{"radio_ready":1,"seen":28108,"source_mac":"38:18:2B:30:8C:2C","paired_mac":"38:18:2B:30:8C:2C","paired_for_display_only":1,"coupled":0,"invalid_wire":14350,"queue_drop":0}
2026-09-30T15:03:05.054	ngr/loco/9950011/state/throttle	90
2026-09-30T15:03:05.054	ngr/loco/9950011/state/direction	2
2026-09-30T15:03:05.054	ngr/loco/9950011/state/auto	1
2026-09-30T15:03:05.054	ngr/loco/9950011/state/estop	0
2026-09-30T15:03:05.054	ngr/loco/9950011/state/nav_ready	1
2026-09-30T15:03:06.041	ngr/loco/9950011/state/loopstat	{"build":"NAVI_EYES_WIDE_OPEN_INTEGRATED_R2","mm":2,"target":1,"dir":-1,"target_distance_mm":340,"target_polarity":1,"position_reliable":1,"reference_ready":1,"reference":1903,"median5":0,"hall_support":0,"spatial_phase":1,"ir_applicable":1,"ir_distance_state":"HALL_IR_READY","ir_health_fault":6,"ir_readiness":3,"ir_boot":"761B38FCC6F727BE","ir_epoch":1,"ir_epoch_active":1,"ir_seq":13850,"ir_pulses":6755,"ir_reason":1,"ir_age_ms":71,"ir_span":255,"ir_gap":1,"ir_sat":0,"ir_abort":647,"ir_inferred_added":0,"ir_inferred_removed":0,"ir_calibration":0,"hall_seen":6959537,"ir_seen":13768,"hall_q_drop":0,"ir_q_drop":0,"ir_invalid":14361,"nsr_hall_drop":1,"nsr_ir_drop":0,"nsr_navi_drop":0,"nsr_native_drop":168,"event_drop":0,"pwm0_ir_motion":0,"confirmed":62,"missed":152,"pwm":90,"auto":1,"running":1,"estop":0,"lowvolt":0,"ir_stationary_pwm_warning":1,"pub_drop":0}
2026-09-30T15:03:06.046	ngr/loco/9950011/state/trace	{"consumption_drop":334,"action_drop":0,"command_queue_drop":0,"lossless":false}
2026-09-30T15:03:06.046	ngr/loco/9950011/state/nav	{"state":"NORMAL","mm":2,"target":1,"dir":-1,"session_dir":"CCW","position_reliable":1,"ir_distance_state":"HALL_IR_READY","reference_ready":1,"boot_reference":"PROVISIONAL_OR_SPATIAL","authority":"NAVI_EWO"}
2026-09-30T15:03:06.046	ngr/loco/9950011/telem/ir	{"ir_valid":1,"ir_mmps":0.000,"ir_coupled":0,"ir_speed_reason":"STOPPED","ir_applicable":1,"ir_reason":1,"ir_seq":13850,"ir_pulses":6755,"ir_gap":1,"ir_sat":0,"ir_abort":647,"authority":"NAVI_EWO"}
2026-09-30T15:03:06.046	ngr/loco/9950011/telem/speed	{"ir_valid":1,"ir_mmps":0.000,"ir_coupled":0,"ir_speed_reason":"STOPPED","ir_applicable":1,"ir_reason":1,"ir_seq":13850,"ir_pulses":6755,"ir_gap":1,"ir_sat":0,"ir_abort":647,"authority":"NAVI_EWO"}
2026-09-30T15:03:06.048	ngr/loco/9950011/diag/ir_link	{"radio_ready":1,"seen":28129,"source_mac":"38:18:2B:30:8C:2C","paired_mac":"38:18:2B:30:8C:2C","paired_for_display_only":1,"coupled":0,"invalid_wire":14361,"queue_drop":0}
2026-09-30T15:03:06.048	ngr/loco/9950011/state/throttle	90
2026-09-30T15:03:06.048	ngr/loco/9950011/state/direction	2
2026-09-30T15:03:06.048	ngr/loco/9950011/state/auto	1
2026-09-30T15:03:06.048	ngr/loco/9950011/state/estop	0
2026-09-30T15:03:06.050	ngr/loco/9950011/state/nav_ready	1
2026-09-30T15:03:06.901	ngr/loco/9950011/state/connectivity	{"wifi":1,"ip":"192.168.68.72","rssi":-50,"mqtt":1,"mqtt_state":0,"broker":"192.168.68.142","ir_radio":1,"ir_seen":28147,"ir_coupled":0,"navi_sync":1,"udp_failures":185}
2026-09-30T15:03:07.040	ngr/loco/9950011/state/loopstat	{"build":"NAVI_EYES_WIDE_OPEN_INTEGRATED_R2","mm":2,"target":1,"dir":-1,"target_distance_mm":340,"target_polarity":1,"position_reliable":1,"reference_ready":1,"reference":1903,"median5":0,"hall_support":0,"spatial_phase":1,"ir_applicable":1,"ir_distance_state":"HALL_IR_READY","ir_health_fault":6,"ir_readiness":3,"ir_boot":"761B38FCC6F727BE","ir_epoch":1,"ir_epoch_active":1,"ir_seq":13860,"ir_pulses":6756,"ir_reason":1,"ir_age_ms":69,"ir_span":223,"ir_gap":1,"ir_sat":0,"ir_abort":648,"ir_inferred_added":0,"ir_inferred_removed":0,"ir_calibration":0,"hall_seen":6964543,"ir_seen":13778,"hall_q_drop":0,"ir_q_drop":0,"ir_invalid":14371,"nsr_hall_drop":1,"nsr_ir_drop":0,"nsr_navi_drop":0,"nsr_native_drop":168,"event_drop":0,"pwm0_ir_motion":0,"confirmed":62,"missed":152,"pwm":90,"auto":1,"running":1,"estop":0,"lowvolt":0,"ir_stationary_pwm_warning":0,"pub_drop":0}
2026-09-30T15:03:07.052	ngr/loco/9950011/state/trace	{"consumption_drop":334,"action_drop":0,"command_queue_drop":0,"lossless":false}
2026-09-30T15:03:07.052	ngr/loco/9950011/state/nav	{"state":"NORMAL","mm":2,"target":1,"dir":-1,"session_dir":"CCW","position_reliable":1,"ir_distance_state":"HALL_IR_READY","reference_ready":1,"boot_reference":"PROVISIONAL_OR_SPATIAL","authority":"NAVI_EWO"}
2026-09-30T15:03:07.052	ngr/loco/9950011/telem/ir	{"ir_valid":1,"ir_mmps":10.724,"ir_coupled":0,"ir_speed_reason":"MEASURED","ir_applicable":1,"ir_reason":1,"ir_seq":13860,"ir_pulses":6756,"ir_gap":1,"ir_sat":0,"ir_abort":648,"authority":"NAVI_EWO"}
2026-09-30T15:03:07.052	ngr/loco/9950011/telem/speed	{"ir_valid":1,"ir_mmps":10.724,"ir_coupled":0,"ir_speed_reason":"MEASURED","ir_applicable":1,"ir_reason":1,"ir_seq":13860,"ir_pulses":6756,"ir_gap":1,"ir_sat":0,"ir_abort":648,"authority":"NAVI_EWO"}
2026-09-30T15:03:07.053	ngr/loco/9950011/diag/ir_link	{"radio_ready":1,"seen":28149,"source_mac":"38:18:2B:30:8C:2C","paired_mac":"38:18:2B:30:8C:2C","paired_for_display_only":1,"coupled":0,"invalid_wire":14371,"queue_drop":0}
2026-09-30T15:03:07.054	ngr/loco/9950011/state/throttle	90
2026-09-30T15:03:07.054	ngr/loco/9950011/state/direction	2
2026-09-30T15:03:07.054	ngr/loco/9950011/state/auto	1
2026-09-30T15:03:07.054	ngr/loco/9950011/state/estop	0
2026-09-30T15:03:07.054	ngr/loco/9950011/state/nav_ready	1
2026-09-30T15:03:08.047	ngr/loco/9950011/state/loopstat	{"build":"NAVI_EYES_WIDE_OPEN_INTEGRATED_R2","mm":2,"target":1,"dir":-1,"target_distance_mm":340,"target_polarity":1,"position_reliable":1,"reference_ready":1,"reference":1903,"median5":0,"hall_support":0,"spatial_phase":1,"ir_applicable":1,"ir_distance_state":"HALL_IR_READY","ir_health_fault":6,"ir_readiness":3,"ir_boot":"761B38FCC6F727BE","ir_epoch":1,"ir_epoch_active":1,"ir_seq":13870,"ir_pulses":6756,"ir_reason":1,"ir_age_ms":56,"ir_span":287,"ir_gap":1,"ir_sat":0,"ir_abort":648,"ir_inferred_added":0,"ir_inferred_removed":0,"ir_calibration":0,"hall_seen":6969544,"ir_seen":13788,"hall_q_drop":0,"ir_q_drop":0,"ir_invalid":14382,"nsr_hall_drop":1,"nsr_ir_drop":0,"nsr_navi_drop":0,"nsr_native_drop":168,"event_drop":0,"pwm0_ir_motion":0,"confirmed":62,"missed":152,"pwm":90,"auto":1,"running":1,"estop":0,"lowvolt":0,"ir_stationary_pwm_warning":1,"pub_drop":0}
2026-09-30T15:03:08.049	ngr/loco/9950011/state/trace	{"consumption_drop":334,"action_drop":0,"command_queue_drop":0,"lossless":false}
2026-09-30T15:03:08.050	ngr/loco/9950011/state/nav	{"state":"NORMAL","mm":2,"target":1,"dir":-1,"session_dir":"CCW","position_reliable":1,"ir_distance_state":"HALL_IR_READY","reference_ready":1,"boot_reference":"PROVISIONAL_OR_SPATIAL","authority":"NAVI_EWO"}
2026-09-30T15:03:08.050	ngr/loco/9950011/telem/ir	{"ir_valid":1,"ir_mmps":0.000,"ir_coupled":0,"ir_speed_reason":"STOPPED","ir_applicable":1,"ir_reason":1,"ir_seq":13870,"ir_pulses":6756,"ir_gap":1,"ir_sat":0,"ir_abort":648,"authority":"NAVI_EWO"}
2026-09-30T15:03:08.052	ngr/loco/9950011/telem/speed	{"ir_valid":1,"ir_mmps":0.000,"ir_coupled":0,"ir_speed_reason":"STOPPED","ir_applicable":1,"ir_reason":1,"ir_seq":13870,"ir_pulses":6756,"ir_gap":1,"ir_sat":0,"ir_abort":648,"authority":"NAVI_EWO"}
2026-09-30T15:03:08.052	ngr/loco/9950011/diag/ir_link	{"radio_ready":1,"seen":28170,"source_mac":"38:18:2B:30:8C:2C","paired_mac":"38:18:2B:30:8C:2C","paired_for_display_only":1,"coupled":0,"invalid_wire":14382,"queue_drop":0}
2026-09-30T15:03:08.052	ngr/loco/9950011/state/throttle	90
2026-09-30T15:03:08.054	ngr/loco/9950011/state/direction	2
2026-09-30T15:03:08.054	ngr/loco/9950011/state/auto	1
2026-09-30T15:03:08.054	ngr/loco/9950011/state/estop	0
2026-09-30T15:03:08.056	ngr/loco/9950011/state/nav_ready	1
2026-09-30T15:03:08.851	ngr/loco/9950011/state/lowvolt	0
2026-09-30T15:03:08.853	ngr/loco/9950011/telem/voltage	16.39
2026-09-30T15:03:08.856	ngr/loco/9950011/telem/current	0.28
2026-09-30T15:03:08.856	ngr/loco/9950011/telem/power	3.89
2026-09-30T15:03:09.052	ngr/loco/9950011/state/loopstat	{"build":"NAVI_EYES_WIDE_OPEN_INTEGRATED_R2","mm":2,"target":1,"dir":-1,"target_distance_mm":340,"target_polarity":1,"position_reliable":1,"reference_ready":1,"reference":1903,"median5":0,"hall_support":0,"spatial_phase":1,"ir_applicable":1,"ir_distance_state":"HALL_IR_READY","ir_health_fault":0,"ir_readiness":2,"ir_boot":"761B38FCC6F727BE","ir_epoch":1,"ir_epoch_active":1,"ir_seq":13880,"ir_pulses":6757,"ir_reason":5,"ir_age_ms":52,"ir_span":175,"ir_gap":1,"ir_sat":0,"ir_abort":650,"ir_inferred_added":0,"ir_inferred_removed":0,"ir_calibration":0,"hall_seen":6974544,"ir_seen":13798,"hall_q_drop":0,"ir_q_drop":0,"ir_invalid":14392,"nsr_hall_drop":1,"nsr_ir_drop":0,"nsr_navi_drop":0,"nsr_native_drop":168,"event_drop":0,"pwm0_ir_motion":0,"confirmed":62,"missed":152,"pwm":90,"auto":1,"running":1,"estop":0,"lowvolt":0,"ir_stationary_pwm_warning":0,"pub_drop":0}
2026-09-30T15:03:09.055	ngr/loco/9950011/state/trace	{"consumption_drop":334,"action_drop":0,"command_queue_drop":0,"lossless":false}
2026-09-30T15:03:09.055	ngr/loco/9950011/state/nav	{"state":"NORMAL","mm":2,"target":1,"dir":-1,"session_dir":"CCW","position_reliable":1,"ir_distance_state":"HALL_IR_READY","reference_ready":1,"boot_reference":"PROVISIONAL_OR_SPATIAL","authority":"NAVI_EWO"}
2026-09-30T15:03:09.056	ngr/loco/9950011/telem/ir	{"ir_valid":1,"ir_mmps":10.701,"ir_coupled":0,"ir_speed_reason":"MEASURED","ir_applicable":1,"ir_reason":5,"ir_seq":13880,"ir_pulses":6757,"ir_gap":1,"ir_sat":0,"ir_abort":650,"authority":"NAVI_EWO"}
2026-09-30T15:03:09.056	ngr/loco/9950011/telem/speed	{"ir_valid":1,"ir_mmps":10.701,"ir_coupled":0,"ir_speed_reason":"MEASURED","ir_applicable":1,"ir_reason":5,"ir_seq":13880,"ir_pulses":6757,"ir_gap":1,"ir_sat":0,"ir_abort":650,"authority":"NAVI_EWO"}
2026-09-30T15:03:09.056	ngr/loco/9950011/diag/ir_link	{"radio_ready":1,"seen":28190,"source_mac":"38:18:2B:30:8C:2C","paired_mac":"38:18:2B:30:8C:2C","paired_for_display_only":1,"coupled":0,"invalid_wire":14392,"queue_drop":0}
2026-09-30T15:03:09.057	ngr/loco/9950011/state/throttle	90
2026-09-30T15:03:09.057	ngr/loco/9950011/state/direction	2
2026-09-30T15:03:09.057	ngr/loco/9950011/state/auto	1
2026-09-30T15:03:09.057	ngr/loco/9950011/state/estop	0
2026-09-30T15:03:09.058	ngr/loco/9950011/state/nav_ready	1
2026-09-30T15:03:10.041	ngr/loco/9950011/state/loopstat	{"build":"NAVI_EYES_WIDE_OPEN_INTEGRATED_R2","mm":2,"target":1,"dir":-1,"target_distance_mm":340,"target_polarity":1,"position_reliable":1,"reference_ready":1,"reference":1903,"median5":0,"hall_support":0,"spatial_phase":1,"ir_applicable":1,"ir_distance_state":"HALL_IR_READY","ir_health_fault":6,"ir_readiness":3,"ir_boot":"761B38FCC6F727BE","ir_epoch":1,"ir_epoch_active":1,"ir_seq":13890,"ir_pulses":6757,"ir_reason":1,"ir_age_ms":61,"ir_span":223,"ir_gap":1,"ir_sat":0,"ir_abort":650,"ir_inferred_added":0,"ir_inferred_removed":0,"ir_calibration":0,"hall_seen":6979547,"ir_seen":13808,"hall_q_drop":0,"ir_q_drop":0,"ir_invalid":14402,"nsr_hall_drop":1,"nsr_ir_drop":0,"nsr_navi_drop":0,"nsr_native_drop":168,"event_drop":0,"pwm0_ir_motion":0,"confirmed":62,"missed":152,"pwm":90,"auto":1,"running":1,"estop":0,"lowvolt":0,"ir_stationary_pwm_warning":1,"pub_drop":0}
2026-09-30T15:03:10.044	ngr/loco/9950011/state/trace	{"consumption_drop":334,"action_drop":0,"command_queue_drop":0,"lossless":false}
2026-09-30T15:03:10.049	ngr/loco/9950011/state/nav	{"state":"NORMAL","mm":2,"target":1,"dir":-1,"session_dir":"CCW","position_reliable":1,"ir_distance_state":"HALL_IR_READY","reference_ready":1,"boot_reference":"PROVISIONAL_OR_SPATIAL","authority":"NAVI_EWO"}
2026-09-30T15:03:10.050	ngr/loco/9950011/telem/ir	{"ir_valid":1,"ir_mmps":0.000,"ir_coupled":0,"ir_speed_reason":"STOPPED","ir_applicable":1,"ir_reason":1,"ir_seq":13890,"ir_pulses":6757,"ir_gap":1,"ir_sat":0,"ir_abort":650,"authority":"NAVI_EWO"}
2026-09-30T15:03:10.050	ngr/loco/9950011/telem/speed	{"ir_valid":1,"ir_mmps":0.000,"ir_coupled":0,"ir_speed_reason":"STOPPED","ir_applicable":1,"ir_reason":1,"ir_seq":13890,"ir_pulses":6757,"ir_gap":1,"ir_sat":0,"ir_abort":650,"authority":"NAVI_EWO"}
2026-09-30T15:03:10.051	ngr/loco/9950011/diag/ir_link	{"radio_ready":1,"seen":28210,"source_mac":"38:18:2B:30:8C:2C","paired_mac":"38:18:2B:30:8C:2C","paired_for_display_only":1,"coupled":0,"invalid_wire":14402,"queue_drop":0}
2026-09-30T15:03:10.052	ngr/loco/9950011/state/throttle	90
2026-09-30T15:03:10.052	ngr/loco/9950011/state/direction	2
2026-09-30T15:03:10.053	ngr/loco/9950011/state/auto	1
2026-09-30T15:03:10.053	ngr/loco/9950011/state/estop	0
2026-09-30T15:03:10.054	ngr/loco/9950011/state/nav_ready	1
2026-09-30T15:03:11.045	ngr/loco/9950011/state/loopstat	{"build":"NAVI_EYES_WIDE_OPEN_INTEGRATED_R2","mm":2,"target":1,"dir":-1,"target_distance_mm":340,"target_polarity":1,"position_reliable":1,"reference_ready":1,"reference":1903,"median5":0,"hall_support":0,"spatial_phase":1,"ir_applicable":1,"ir_distance_state":"HALL_IR_READY","ir_health_fault":6,"ir_readiness":3,"ir_boot":"761B38FCC6F727BE","ir_epoch":1,"ir_epoch_active":1,"ir_seq":13900,"ir_pulses":6757,"ir_reason":1,"ir_age_ms":60,"ir_span":287,"ir_gap":1,"ir_sat":0,"ir_abort":650,"ir_inferred_added":0,"ir_inferred_removed":0,"ir_calibration":0,"hall_seen":6984550,"ir_seen":13818,"hall_q_drop":0,"ir_q_drop":0,"ir_invalid":14413,"nsr_hall_drop":1,"nsr_ir_drop":0,"nsr_navi_drop":0,"nsr_native_drop":168,"event_drop":0,"pwm0_ir_motion":0,"confirmed":62,"missed":152,"pwm":90,"auto":1,"running":1,"estop":0,"lowvolt":0,"ir_stationary_pwm_warning":1,"pub_drop":0}
2026-09-30T15:03:11.055	ngr/loco/9950011/state/trace	{"consumption_drop":334,"action_drop":0,"command_queue_drop":0,"lossless":false}
2026-09-30T15:03:11.055	ngr/loco/9950011/state/nav	{"state":"NORMAL","mm":2,"target":1,"dir":-1,"session_dir":"CCW","position_reliable":1,"ir_distance_state":"HALL_IR_READY","reference_ready":1,"boot_reference":"PROVISIONAL_OR_SPATIAL","authority":"NAVI_EWO"}
2026-09-30T15:03:11.055	ngr/loco/9950011/telem/ir	{"ir_valid":1,"ir_mmps":0.000,"ir_coupled":0,"ir_speed_reason":"STOPPED","ir_applicable":1,"ir_reason":1,"ir_seq":13900,"ir_pulses":6757,"ir_gap":1,"ir_sat":0,"ir_abort":650,"authority":"NAVI_EWO"}
2026-09-30T15:03:11.055	ngr/loco/9950011/telem/speed	{"ir_valid":1,"ir_mmps":0.000,"ir_coupled":0,"ir_speed_reason":"STOPPED","ir_applicable":1,"ir_reason":1,"ir_seq":13900,"ir_pulses":6757,"ir_gap":1,"ir_sat":0,"ir_abort":650,"authority":"NAVI_EWO"}
2026-09-30T15:03:11.055	ngr/loco/9950011/diag/ir_link	{"radio_ready":1,"seen":28231,"source_mac":"38:18:2B:30:8C:2C","paired_mac":"38:18:2B:30:8C:2C","paired_for_display_only":1,"coupled":0,"invalid_wire":14413,"queue_drop":0}
2026-09-30T15:03:11.056	ngr/loco/9950011/state/throttle	90
2026-09-30T15:03:11.056	ngr/loco/9950011/state/direction	2
2026-09-30T15:03:11.056	ngr/loco/9950011/state/auto	1
2026-09-30T15:03:11.056	ngr/loco/9950011/state/estop	0
2026-09-30T15:03:11.056	ngr/loco/9950011/state/nav_ready	1
2026-09-30T15:03:11.907	ngr/loco/9950011/state/connectivity	{"wifi":1,"ip":"192.168.68.72","rssi":-40,"mqtt":1,"mqtt_state":0,"broker":"192.168.68.142","ir_radio":1,"ir_seen":28249,"ir_coupled":0,"navi_sync":1,"udp_failures":185}
2026-09-30T15:03:12.045	ngr/loco/9950011/state/loopstat	{"build":"NAVI_EYES_WIDE_OPEN_INTEGRATED_R2","mm":2,"target":1,"dir":-1,"target_distance_mm":340,"target_polarity":1,"position_reliable":1,"reference_ready":1,"reference":1903,"median5":0,"hall_support":0,"spatial_phase":1,"ir_applicable":1,"ir_distance_state":"HALL_IR_READY","ir_health_fault":6,"ir_readiness":3,"ir_boot":"761B38FCC6F727BE","ir_epoch":1,"ir_epoch_active":1,"ir_seq":13910,"ir_pulses":6757,"ir_reason":1,"ir_age_ms":65,"ir_span":111,"ir_gap":1,"ir_sat":0,"ir_abort":651,"ir_inferred_added":0,"ir_inferred_removed":0,"ir_calibration":0,"hall_seen":6989549,"ir_seen":13828,"hall_q_drop":0,"ir_q_drop":0,"ir_invalid":14423,"nsr_hall_drop":1,"nsr_ir_drop":0,"nsr_navi_drop":0,"nsr_native_drop":168,"event_drop":0,"pwm0_ir_motion":0,"confirmed":62,"missed":152,"pwm":90,"auto":1,"running":1,"estop":0,"lowvolt":0,"ir_stationary_pwm_warning":1,"pub_drop":0}
2026-09-30T15:03:12.052	ngr/loco/9950011/state/trace	{"consumption_drop":334,"action_drop":0,"command_queue_drop":0,"lossless":false}
2026-09-30T15:03:12.052	ngr/loco/9950011/state/nav	{"state":"NORMAL","mm":2,"target":1,"dir":-1,"session_dir":"CCW","position_reliable":1,"ir_distance_state":"HALL_IR_READY","reference_ready":1,"boot_reference":"PROVISIONAL_OR_SPATIAL","authority":"NAVI_EWO"}
2026-09-30T15:03:12.052	ngr/loco/9950011/telem/ir	{"ir_valid":1,"ir_mmps":0.000,"ir_coupled":0,"ir_speed_reason":"STOPPED","ir_applicable":1,"ir_reason":1,"ir_seq":13910,"ir_pulses":6757,"ir_gap":1,"ir_sat":0,"ir_abort":651,"authority":"NAVI_EWO"}
2026-09-30T15:03:12.092	ngr/loco/9950011/telem/speed	{"ir_valid":1,"ir_mmps":0.000,"ir_coupled":0,"ir_speed_reason":"STOPPED","ir_applicable":1,"ir_reason":1,"ir_seq":13910,"ir_pulses":6757,"ir_gap":1,"ir_sat":0,"ir_abort":651,"authority":"NAVI_EWO"}
2026-09-30T15:03:12.093	ngr/loco/9950011/diag/ir_link	{"radio_ready":1,"seen":28251,"source_mac":"38:18:2B:30:8C:2C","paired_mac":"38:18:2B:30:8C:2C","paired_for_display_only":1,"coupled":0,"invalid_wire":14423,"queue_drop":0}
2026-09-30T15:03:12.093	ngr/loco/9950011/state/throttle	90
2026-09-30T15:03:12.093	ngr/loco/9950011/state/direction	2
2026-09-30T15:03:12.093	ngr/loco/9950011/state/auto	1
2026-09-30T15:03:12.093	ngr/loco/9950011/state/estop	0
2026-09-30T15:03:12.093	ngr/loco/9950011/state/nav_ready	1
2026-09-30T15:03:13.050	ngr/loco/9950011/state/loopstat	{"build":"NAVI_EYES_WIDE_OPEN_INTEGRATED_R2","mm":2,"target":1,"dir":-1,"target_distance_mm":340,"target_polarity":1,"position_reliable":1,"reference_ready":1,"reference":1903,"median5":0,"hall_support":0,"spatial_phase":1,"ir_applicable":1,"ir_distance_state":"HALL_IR_READY","ir_health_fault":6,"ir_readiness":3,"ir_boot":"761B38FCC6F727BE","ir_epoch":1,"ir_epoch_active":1,"ir_seq":13920,"ir_pulses":6758,"ir_reason":1,"ir_age_ms":64,"ir_span":127,"ir_gap":1,"ir_sat":0,"ir_abort":653,"ir_inferred_added":0,"ir_inferred_removed":0,"ir_calibration":0,"hall_seen":6994550,"ir_seen":13838,"hall_q_drop":0,"ir_q_drop":0,"ir_invalid":14434,"nsr_hall_drop":1,"nsr_ir_drop":0,"nsr_navi_drop":0,"nsr_native_drop":168,"event_drop":0,"pwm0_ir_motion":0,"confirmed":62,"missed":152,"pwm":90,"auto":1,"running":1,"estop":0,"lowvolt":0,"ir_stationary_pwm_warning":0,"pub_drop":0}
2026-09-30T15:03:13.053	ngr/loco/9950011/state/trace	{"consumption_drop":334,"action_drop":0,"command_queue_drop":0,"lossless":false}
2026-09-30T15:03:13.056	ngr/loco/9950011/state/nav	{"state":"NORMAL","mm":2,"target":1,"dir":-1,"session_dir":"CCW","position_reliable":1,"ir_distance_state":"HALL_IR_READY","reference_ready":1,"boot_reference":"PROVISIONAL_OR_SPATIAL","authority":"NAVI_EWO"}
2026-09-30T15:03:13.056	ngr/loco/9950011/telem/ir	{"ir_valid":1,"ir_mmps":10.713,"ir_coupled":0,"ir_speed_reason":"MEASURED","ir_applicable":1,"ir_reason":1,"ir_seq":13920,"ir_pulses":6758,"ir_gap":1,"ir_sat":0,"ir_abort":653,"authority":"NAVI_EWO"}
2026-09-30T15:03:13.057	ngr/loco/9950011/telem/speed	{"ir_valid":1,"ir_mmps":10.713,"ir_coupled":0,"ir_speed_reason":"MEASURED","ir_applicable":1,"ir_reason":1,"ir_seq":13920,"ir_pulses":6758,"ir_gap":1,"ir_sat":0,"ir_abort":653,"authority":"NAVI_EWO"}
2026-09-30T15:03:13.057	ngr/loco/9950011/diag/ir_link	{"radio_ready":1,"seen":28272,"source_mac":"38:18:2B:30:8C:2C","paired_mac":"38:18:2B:30:8C:2C","paired_for_display_only":1,"coupled":0,"invalid_wire":14434,"queue_drop":0}
2026-09-30T15:03:13.058	ngr/loco/9950011/state/throttle	90
2026-09-30T15:03:13.059	ngr/loco/9950011/state/direction	2
2026-09-30T15:03:13.059	ngr/loco/9950011/state/auto	1
2026-09-30T15:03:13.060	ngr/loco/9950011/state/estop	0
2026-09-30T15:03:13.061	ngr/loco/9950011/state/nav_ready	1
2026-09-30T15:03:13.848	ngr/loco/9950011/state/lowvolt	0
2026-09-30T15:03:13.896	ngr/loco/9950011/telem/voltage	16.42
2026-09-30T15:03:13.896	ngr/loco/9950011/telem/current	0.22
2026-09-30T15:03:13.896	ngr/loco/9950011/telem/power	2.97
2026-09-30T15:03:14.042	ngr/loco/9950011/state/loopstat	{"build":"NAVI_EYES_WIDE_OPEN_INTEGRATED_R2","mm":2,"target":1,"dir":-1,"target_distance_mm":340,"target_polarity":1,"position_reliable":1,"reference_ready":1,"reference":1903,"median5":0,"hall_support":0,"spatial_phase":1,"ir_applicable":1,"ir_distance_state":"HALL_IR_READY","ir_health_fault":6,"ir_readiness":3,"ir_boot":"761B38FCC6F727BE","ir_epoch":1,"ir_epoch_active":1,"ir_seq":13930,"ir_pulses":6758,"ir_reason":1,"ir_age_ms":65,"ir_span":223,"ir_gap":1,"ir_sat":0,"ir_abort":653,"ir_inferred_added":0,"ir_inferred_removed":0,"ir_calibration":0,"hall_seen":6999549,"ir_seen":13848,"hall_q_drop":0,"ir_q_drop":0,"ir_invalid":14444,"nsr_hall_drop":1,"nsr_ir_drop":0,"nsr_navi_drop":0,"nsr_native_drop":168,"event_drop":0,"pwm0_ir_motion":0,"confirmed":62,"missed":152,"pwm":90,"auto":1,"running":1,"estop":0,"lowvolt":0,"ir_stationary_pwm_warning":1,"pub_drop":0}
2026-09-30T15:03:14.045	ngr/loco/9950011/state/trace	{"consumption_drop":334,"action_drop":0,"command_queue_drop":0,"lossless":false}
2026-09-30T15:03:14.050	ngr/loco/9950011/state/nav	{"state":"NORMAL","mm":2,"target":1,"dir":-1,"session_dir":"CCW","position_reliable":1,"ir_distance_state":"HALL_IR_READY","reference_ready":1,"boot_reference":"PROVISIONAL_OR_SPATIAL","authority":"NAVI_EWO"}
2026-09-30T15:03:14.050	ngr/loco/9950011/telem/ir	{"ir_valid":1,"ir_mmps":0.000,"ir_coupled":0,"ir_speed_reason":"STOPPED","ir_applicable":1,"ir_reason":1,"ir_seq":13930,"ir_pulses":6758,"ir_gap":1,"ir_sat":0,"ir_abort":653,"authority":"NAVI_EWO"}
2026-09-30T15:03:14.050	ngr/loco/9950011/telem/speed	{"ir_valid":1,"ir_mmps":0.000,"ir_coupled":0,"ir_speed_reason":"STOPPED","ir_applicable":1,"ir_reason":1,"ir_seq":13930,"ir_pulses":6758,"ir_gap":1,"ir_sat":0,"ir_abort":653,"authority":"NAVI_EWO"}
2026-09-30T15:03:14.054	ngr/loco/9950011/diag/ir_link	{"radio_ready":1,"seen":28292,"source_mac":"38:18:2B:30:8C:2C","paired_mac":"38:18:2B:30:8C:2C","paired_for_display_only":1,"coupled":0,"invalid_wire":14444,"queue_drop":0}
2026-09-30T15:03:14.054	ngr/loco/9950011/state/throttle	90
2026-09-30T15:03:14.054	ngr/loco/9950011/state/direction	2
2026-09-30T15:03:14.054	ngr/loco/9950011/state/auto	1
2026-09-30T15:03:14.054	ngr/loco/9950011/state/estop	0
2026-09-30T15:03:14.054	ngr/loco/9950011/state/nav_ready	1
2026-09-30T15:03:14.186	ngr/loco/9950011/nav/evidence	{"event":"SPATIAL_COLLECT","hall_serial":7000260,"mm":2,"target":1,"dir":-1,"ir_um":65237868,"median5":0,"reference":1903,"ir_distance_holding":0,"opening_serial":6831575,"opening_ir_um":65131696,"position_reliable":1,"spatial_phase":2,"decision_us":1400404723,"consumption_id":7014111,"ir_seq":13932}
2026-09-30T15:03:15.050	ngr/loco/9950011/state/loopstat	{"build":"NAVI_EYES_WIDE_OPEN_INTEGRATED_R2","mm":2,"target":1,"dir":-1,"target_distance_mm":340,"target_polarity":1,"position_reliable":1,"reference_ready":1,"reference":1903,"median5":0,"hall_support":0,"spatial_phase":2,"ir_applicable":1,"ir_distance_state":"HALL_IR_READY","ir_health_fault":6,"ir_readiness":3,"ir_boot":"761B38FCC6F727BE","ir_epoch":1,"ir_epoch_active":1,"ir_seq":13940,"ir_pulses":6759,"ir_reason":1,"ir_age_ms":48,"ir_span":255,"ir_gap":1,"ir_sat":0,"ir_abort":654,"ir_inferred_added":0,"ir_inferred_removed":0,"ir_calibration":0,"hall_seen":7004550,"ir_seen":13858,"hall_q_drop":0,"ir_q_drop":0,"ir_invalid":14454,"nsr_hall_drop":1,"nsr_ir_drop":0,"nsr_navi_drop":0,"nsr_native_drop":168,"event_drop":0,"pwm0_ir_motion":0,"confirmed":62,"missed":152,"pwm":90,"auto":1,"running":1,"estop":0,"lowvolt":0,"ir_stationary_pwm_warning":0,"pub_drop":0}
2026-09-30T15:03:15.056	ngr/loco/9950011/state/trace	{"consumption_drop":334,"action_drop":0,"command_queue_drop":0,"lossless":false}
2026-09-30T15:03:15.056	ngr/loco/9950011/state/nav	{"state":"NORMAL","mm":2,"target":1,"dir":-1,"session_dir":"CCW","position_reliable":1,"ir_distance_state":"HALL_IR_READY","reference_ready":1,"boot_reference":"PROVISIONAL_OR_SPATIAL","authority":"NAVI_EWO"}
2026-09-30T15:03:15.057	ngr/loco/9950011/telem/ir	{"ir_valid":1,"ir_mmps":10.701,"ir_coupled":0,"ir_speed_reason":"MEASURED","ir_applicable":1,"ir_reason":1,"ir_seq":13940,"ir_pulses":6759,"ir_gap":1,"ir_sat":0,"ir_abort":654,"authority":"NAVI_EWO"}
2026-09-30T15:03:15.057	ngr/loco/9950011/telem/speed	{"ir_valid":1,"ir_mmps":10.701,"ir_coupled":0,"ir_speed_reason":"MEASURED","ir_applicable":1,"ir_reason":1,"ir_seq":13940,"ir_pulses":6759,"ir_gap":1,"ir_sat":0,"ir_abort":654,"authority":"NAVI_EWO"}
2026-09-30T15:03:15.063	ngr/loco/9950011/diag/ir_link	{"radio_ready":1,"seen":28312,"source_mac":"38:18:2B:30:8C:2C","paired_mac":"38:18:2B:30:8C:2C","paired_for_display_only":1,"coupled":0,"invalid_wire":14454,"queue_drop":0}
2026-09-30T15:03:15.063	ngr/loco/9950011/state/throttle	90
2026-09-30T15:03:15.063	ngr/loco/9950011/state/direction	2
2026-09-30T15:03:15.063	ngr/loco/9950011/state/auto	1
2026-09-30T15:03:15.063	ngr/loco/9950011/state/estop	0
2026-09-30T15:03:15.064	ngr/loco/9950011/state/nav_ready	1
2026-09-30T15:03:16.049	ngr/loco/9950011/state/loopstat	{"build":"NAVI_EYES_WIDE_OPEN_INTEGRATED_R2","mm":2,"target":1,"dir":-1,"target_distance_mm":340,"target_polarity":1,"position_reliable":1,"reference_ready":1,"reference":1903,"median5":0,"hall_support":0,"spatial_phase":2,"ir_applicable":1,"ir_distance_state":"HALL_IR_READY","ir_health_fault":6,"ir_readiness":3,"ir_boot":"761B38FCC6F727BE","ir_epoch":1,"ir_epoch_active":1,"ir_seq":13950,"ir_pulses":6760,"ir_reason":1,"ir_age_ms":46,"ir_span":207,"ir_gap":1,"ir_sat":0,"ir_abort":655,"ir_inferred_added":0,"ir_inferred_removed":0,"ir_calibration":0,"hall_seen":7009549,"ir_seen":13868,"hall_q_drop":0,"ir_q_drop":0,"ir_invalid":14465,"nsr_hall_drop":1,"nsr_ir_drop":0,"nsr_navi_drop":0,"nsr_native_drop":168,"event_drop":0,"pwm0_ir_motion":0,"confirmed":62,"missed":152,"pwm":90,"auto":1,"running":1,"estop":0,"lowvolt":0,"ir_stationary_pwm_warning":0,"pub_drop":0}
2026-09-30T15:03:16.051	ngr/loco/9950011/state/trace	{"consumption_drop":334,"action_drop":0,"command_queue_drop":0,"lossless":false}
2026-09-30T15:03:16.051	ngr/loco/9950011/state/nav	{"state":"NORMAL","mm":2,"target":1,"dir":-1,"session_dir":"CCW","position_reliable":1,"ir_distance_state":"HALL_IR_READY","reference_ready":1,"boot_reference":"PROVISIONAL_OR_SPATIAL","authority":"NAVI_EWO"}
2026-09-30T15:03:16.052	ngr/loco/9950011/telem/ir	{"ir_valid":1,"ir_mmps":10.724,"ir_coupled":0,"ir_speed_reason":"MEASURED","ir_applicable":1,"ir_reason":1,"ir_seq":13950,"ir_pulses":6760,"ir_gap":1,"ir_sat":0,"ir_abort":655,"authority":"NAVI_EWO"}
2026-09-30T15:03:16.052	ngr/loco/9950011/telem/speed	{"ir_valid":1,"ir_mmps":10.724,"ir_coupled":0,"ir_speed_reason":"MEASURED","ir_applicable":1,"ir_reason":1,"ir_seq":13950,"ir_pulses":6760,"ir_gap":1,"ir_sat":0,"ir_abort":655,"authority":"NAVI_EWO"}
2026-09-30T15:03:16.053	ngr/loco/9950011/diag/ir_link	{"radio_ready":1,"seen":28333,"source_mac":"38:18:2B:30:8C:2C","paired_mac":"38:18:2B:30:8C:2C","paired_for_display_only":1,"coupled":0,"invalid_wire":14465,"queue_drop":0}
2026-09-30T15:03:16.053	ngr/loco/9950011/state/throttle	90
2026-09-30T15:03:16.053	ngr/loco/9950011/state/direction	2
2026-09-30T15:03:16.053	ngr/loco/9950011/state/auto	1
2026-09-30T15:03:16.054	ngr/loco/9950011/state/estop	0
2026-09-30T15:03:16.054	ngr/loco/9950011/state/nav_ready	1
2026-09-30T15:03:16.918	ngr/loco/9950011/state/connectivity	{"wifi":1,"ip":"192.168.68.72","rssi":-49,"mqtt":1,"mqtt_state":0,"broker":"192.168.68.142","ir_radio":1,"ir_seen":28351,"ir_coupled":0,"navi_sync":1,"udp_failures":185}
2026-09-30T15:03:17.046	ngr/loco/9950011/state/loopstat	{"build":"NAVI_EYES_WIDE_OPEN_INTEGRATED_R2","mm":2,"target":1,"dir":-1,"target_distance_mm":340,"target_polarity":1,"position_reliable":1,"reference_ready":1,"reference":1903,"median5":0,"hall_support":0,"spatial_phase":2,"ir_applicable":1,"ir_distance_state":"HALL_IR_READY","ir_health_fault":6,"ir_readiness":3,"ir_boot":"761B38FCC6F727BE","ir_epoch":1,"ir_epoch_active":1,"ir_seq":13960,"ir_pulses":6760,"ir_reason":1,"ir_age_ms":53,"ir_span":207,"ir_gap":1,"ir_sat":0,"ir_abort":656,"ir_inferred_added":0,"ir_inferred_removed":0,"ir_calibration":0,"hall_seen":7014549,"ir_seen":13878,"hall_q_drop":0,"ir_q_drop":0,"ir_invalid":14475,"nsr_hall_drop":1,"nsr_ir_drop":0,"nsr_navi_drop":0,"nsr_native_drop":168,"event_drop":0,"pwm0_ir_motion":0,"confirmed":62,"missed":152,"pwm":90,"auto":1,"running":1,"estop":0,"lowvolt":0,"ir_stationary_pwm_warning":1,"pub_drop":0}
2026-09-30T15:03:17.049	ngr/loco/9950011/state/trace	{"consumption_drop":334,"action_drop":0,"command_queue_drop":0,"lossless":false}
2026-09-30T15:03:17.049	ngr/loco/9950011/state/nav	{"state":"NORMAL","mm":2,"target":1,"dir":-1,"session_dir":"CCW","position_reliable":1,"ir_distance_state":"HALL_IR_READY","reference_ready":1,"boot_reference":"PROVISIONAL_OR_SPATIAL","authority":"NAVI_EWO"}
2026-09-30T15:03:17.049	ngr/loco/9950011/telem/ir	{"ir_valid":1,"ir_mmps":0.000,"ir_coupled":0,"ir_speed_reason":"STOPPED","ir_applicable":1,"ir_reason":1,"ir_seq":13960,"ir_pulses":6760,"ir_gap":1,"ir_sat":0,"ir_abort":656,"authority":"NAVI_EWO"}
2026-09-30T15:03:17.052	ngr/loco/9950011/telem/speed	{"ir_valid":1,"ir_mmps":0.000,"ir_coupled":0,"ir_speed_reason":"STOPPED","ir_applicable":1,"ir_reason":1,"ir_seq":13960,"ir_pulses":6760,"ir_gap":1,"ir_sat":0,"ir_abort":656,"authority":"NAVI_EWO"}
2026-09-30T15:03:17.052	ngr/loco/9950011/diag/ir_link	{"radio_ready":1,"seen":28353,"source_mac":"38:18:2B:30:8C:2C","paired_mac":"38:18:2B:30:8C:2C","paired_for_display_only":1,"coupled":0,"invalid_wire":14475,"queue_drop":0}
2026-09-30T15:03:17.052	ngr/loco/9950011/state/throttle	90
2026-09-30T15:03:17.057	ngr/loco/9950011/state/direction	2
2026-09-30T15:03:17.057	ngr/loco/9950011/state/auto	1
2026-09-30T15:03:17.058	ngr/loco/9950011/state/estop	0
2026-09-30T15:03:17.058	ngr/loco/9950011/state/nav_ready	1
2026-09-30T15:03:18.058	ngr/loco/9950011/state/loopstat	{"build":"NAVI_EYES_WIDE_OPEN_INTEGRATED_R2","mm":2,"target":1,"dir":-1,"target_distance_mm":340,"target_polarity":1,"position_reliable":1,"reference_ready":1,"reference":1903,"median5":0,"hall_support":0,"spatial_phase":2,"ir_applicable":1,"ir_distance_state":"HALL_IR_READY","ir_health_fault":6,"ir_readiness":3,"ir_boot":"761B38FCC6F727BE","ir_epoch":1,"ir_epoch_active":1,"ir_seq":13970,"ir_pulses":6760,"ir_reason":1,"ir_age_ms":53,"ir_span":63,"ir_gap":1,"ir_sat":0,"ir_abort":657,"ir_inferred_added":0,"ir_inferred_removed":0,"ir_calibration":0,"hall_seen":7019549,"ir_seen":13888,"hall_q_drop":0,"ir_q_drop":0,"ir_invalid":14486,"nsr_hall_drop":1,"nsr_ir_drop":0,"nsr_navi_drop":0,"nsr_native_drop":168,"event_drop":0,"pwm0_ir_motion":0,"confirmed":62,"missed":152,"pwm":90,"auto":1,"running":1,"estop":0,"lowvolt":0,"ir_stationary_pwm_warning":1,"pub_drop":0}
2026-09-30T15:03:18.063	ngr/loco/9950011/state/trace	{"consumption_drop":334,"action_drop":0,"command_queue_drop":0,"lossless":false}
2026-09-30T15:03:18.063	ngr/loco/9950011/state/nav	{"state":"NORMAL","mm":2,"target":1,"dir":-1,"session_dir":"CCW","position_reliable":1,"ir_distance_state":"HALL_IR_READY","reference_ready":1,"boot_reference":"PROVISIONAL_OR_SPATIAL","authority":"NAVI_EWO"}
2026-09-30T15:03:18.066	ngr/loco/9950011/telem/ir	{"ir_valid":1,"ir_mmps":0.000,"ir_coupled":0,"ir_speed_reason":"STOPPED","ir_applicable":1,"ir_reason":1,"ir_seq":13970,"ir_pulses":6760,"ir_gap":1,"ir_sat":0,"ir_abort":657,"authority":"NAVI_EWO"}
2026-09-30T15:03:18.066	ngr/loco/9950011/telem/speed	{"ir_valid":1,"ir_mmps":0.000,"ir_coupled":0,"ir_speed_reason":"STOPPED","ir_applicable":1,"ir_reason":1,"ir_seq":13970,"ir_pulses":6760,"ir_gap":1,"ir_sat":0,"ir_abort":657,"authority":"NAVI_EWO"}
2026-09-30T15:03:18.067	ngr/loco/9950011/diag/ir_link	{"radio_ready":1,"seen":28374,"source_mac":"38:18:2B:30:8C:2C","paired_mac":"38:18:2B:30:8C:2C","paired_for_display_only":1,"coupled":0,"invalid_wire":14486,"queue_drop":0}
2026-09-30T15:03:18.067	ngr/loco/9950011/state/throttle	90
2026-09-30T15:03:18.067	ngr/loco/9950011/state/direction	2
2026-09-30T15:03:18.067	ngr/loco/9950011/state/auto	1
2026-09-30T15:03:18.068	ngr/loco/9950011/state/estop	0
2026-09-30T15:03:18.068	ngr/loco/9950011/state/nav_ready	1
2026-09-30T15:03:18.852	ngr/loco/9950011/state/lowvolt	0
2026-09-30T15:03:18.860	ngr/loco/9950011/telem/voltage	16.40
2026-09-30T15:03:18.860	ngr/loco/9950011/telem/current	0.25
2026-09-30T15:03:18.861	ngr/loco/9950011/telem/power	4.02
2026-09-30T15:03:19.046	ngr/loco/9950011/state/loopstat	{"build":"NAVI_EYES_WIDE_OPEN_INTEGRATED_R2","mm":2,"target":1,"dir":-1,"target_distance_mm":340,"target_polarity":1,"position_reliable":1,"reference_ready":1,"reference":1903,"median5":0,"hall_support":0,"spatial_phase":2,"ir_applicable":1,"ir_distance_state":"HALL_IR_READY","ir_health_fault":6,"ir_readiness":3,"ir_boot":"761B38FCC6F727BE","ir_epoch":1,"ir_epoch_active":1,"ir_seq":13980,"ir_pulses":6760,"ir_reason":1,"ir_age_ms":53,"ir_span":127,"ir_gap":1,"ir_sat":0,"ir_abort":657,"ir_inferred_added":0,"ir_inferred_removed":0,"ir_calibration":0,"hall_seen":7024549,"ir_seen":13898,"hall_q_drop":0,"ir_q_drop":0,"ir_invalid":14496,"nsr_hall_drop":1,"nsr_ir_drop":0,"nsr_navi_drop":0,"nsr_native_drop":168,"event_drop":0,"pwm0_ir_motion":0,"confirmed":62,"missed":152,"pwm":90,"auto":1,"running":1,"estop":0,"lowvolt":0,"ir_stationary_pwm_warning":1,"pub_drop":0}
2026-09-30T15:03:19.051	ngr/loco/9950011/state/trace	{"consumption_drop":334,"action_drop":0,"command_queue_drop":0,"lossless":false}
2026-09-30T15:03:19.051	ngr/loco/9950011/state/nav	{"state":"NORMAL","mm":2,"target":1,"dir":-1,"session_dir":"CCW","position_reliable":1,"ir_distance_state":"HALL_IR_READY","reference_ready":1,"boot_reference":"PROVISIONAL_OR_SPATIAL","authority":"NAVI_EWO"}
2026-09-30T15:03:19.053	ngr/loco/9950011/telem/ir	{"ir_valid":1,"ir_mmps":0.000,"ir_coupled":0,"ir_speed_reason":"STOPPED","ir_applicable":1,"ir_reason":1,"ir_seq":13980,"ir_pulses":6760,"ir_gap":1,"ir_sat":0,"ir_abort":657,"authority":"NAVI_EWO"}
2026-09-30T15:03:19.054	ngr/loco/9950011/telem/speed	{"ir_valid":1,"ir_mmps":0.000,"ir_coupled":0,"ir_speed_reason":"STOPPED","ir_applicable":1,"ir_reason":1,"ir_seq":13980,"ir_pulses":6760,"ir_gap":1,"ir_sat":0,"ir_abort":657,"authority":"NAVI_EWO"}
2026-09-30T15:03:19.054	ngr/loco/9950011/diag/ir_link	{"radio_ready":1,"seen":28394,"source_mac":"38:18:2B:30:8C:2C","paired_mac":"38:18:2B:30:8C:2C","paired_for_display_only":1,"coupled":0,"invalid_wire":14496,"queue_drop":0}
2026-09-30T15:03:19.054	ngr/loco/9950011/state/throttle	90
2026-09-30T15:03:19.054	ngr/loco/9950011/state/direction	2
2026-09-30T15:03:19.054	ngr/loco/9950011/state/auto	1
2026-09-30T15:03:19.054	ngr/loco/9950011/state/estop	0
2026-09-30T15:03:19.056	ngr/loco/9950011/state/nav_ready	1
2026-09-30T15:03:20.045	ngr/loco/9950011/state/loopstat	{"build":"NAVI_EYES_WIDE_OPEN_INTEGRATED_R2","mm":2,"target":1,"dir":-1,"target_distance_mm":340,"target_polarity":1,"position_reliable":1,"reference_ready":1,"reference":1903,"median5":0,"hall_support":0,"spatial_phase":2,"ir_applicable":1,"ir_distance_state":"HALL_IR_READY","ir_health_fault":0,"ir_readiness":2,"ir_boot":"761B38FCC6F727BE","ir_epoch":1,"ir_epoch_active":1,"ir_seq":13990,"ir_pulses":6760,"ir_reason":5,"ir_age_ms":57,"ir_span":191,"ir_gap":1,"ir_sat":0,"ir_abort":658,"ir_inferred_added":0,"ir_inferred_removed":0,"ir_calibration":0,"hall_seen":7029545,"ir_seen":13908,"hall_q_drop":0,"ir_q_drop":0,"ir_invalid":14507,"nsr_hall_drop":1,"nsr_ir_drop":0,"nsr_navi_drop":0,"nsr_native_drop":168,"event_drop":0,"pwm0_ir_motion":0,"confirmed":62,"missed":152,"pwm":90,"auto":1,"running":1,"estop":0,"lowvolt":0,"ir_stationary_pwm_warning":1,"pub_drop":0}
2026-09-30T15:03:20.047	ngr/loco/9950011/state/trace	{"consumption_drop":334,"action_drop":0,"command_queue_drop":0,"lossless":false}
2026-09-30T15:03:20.052	ngr/loco/9950011/state/nav	{"state":"NORMAL","mm":2,"target":1,"dir":-1,"session_dir":"CCW","position_reliable":1,"ir_distance_state":"HALL_IR_READY","reference_ready":1,"boot_reference":"PROVISIONAL_OR_SPATIAL","authority":"NAVI_EWO"}
2026-09-30T15:03:20.052	ngr/loco/9950011/telem/ir	{"ir_valid":1,"ir_mmps":0.000,"ir_coupled":0,"ir_speed_reason":"STOPPED","ir_applicable":1,"ir_reason":5,"ir_seq":13990,"ir_pulses":6760,"ir_gap":1,"ir_sat":0,"ir_abort":658,"authority":"NAVI_EWO"}
2026-09-30T15:03:20.052	ngr/loco/9950011/telem/speed	{"ir_valid":1,"ir_mmps":0.000,"ir_coupled":0,"ir_speed_reason":"STOPPED","ir_applicable":1,"ir_reason":5,"ir_seq":13990,"ir_pulses":6760,"ir_gap":1,"ir_sat":0,"ir_abort":658,"authority":"NAVI_EWO"}
2026-09-30T15:03:20.056	ngr/loco/9950011/diag/ir_link	{"radio_ready":1,"seen":28415,"source_mac":"38:18:2B:30:8C:2C","paired_mac":"38:18:2B:30:8C:2C","paired_for_display_only":1,"coupled":0,"invalid_wire":14507,"queue_drop":0}
2026-09-30T15:03:20.056	ngr/loco/9950011/state/throttle	90
2026-09-30T15:03:20.056	ngr/loco/9950011/state/direction	2
2026-09-30T15:03:20.056	ngr/loco/9950011/state/auto	1
2026-09-30T15:03:20.056	ngr/loco/9950011/state/estop	0
2026-09-30T15:03:20.057	ngr/loco/9950011/state/nav_ready	1
2026-09-30T15:03:21.043	ngr/loco/9950011/state/loopstat	{"build":"NAVI_EYES_WIDE_OPEN_INTEGRATED_R2","mm":2,"target":1,"dir":-1,"target_distance_mm":340,"target_polarity":1,"position_reliable":1,"reference_ready":1,"reference":1903,"median5":0,"hall_support":0,"spatial_phase":2,"ir_applicable":1,"ir_distance_state":"HALL_IR_READY","ir_health_fault":6,"ir_readiness":3,"ir_boot":"761B38FCC6F727BE","ir_epoch":1,"ir_epoch_active":1,"ir_seq":14000,"ir_pulses":6760,"ir_reason":1,"ir_age_ms":57,"ir_span":143,"ir_gap":1,"ir_sat":0,"ir_abort":658,"ir_inferred_added":0,"ir_inferred_removed":0,"ir_calibration":0,"hall_seen":7034549,"ir_seen":13918,"hall_q_drop":0,"ir_q_drop":0,"ir_invalid":14517,"nsr_hall_drop":1,"nsr_ir_drop":0,"nsr_navi_drop":0,"nsr_native_drop":168,"event_drop":0,"pwm0_ir_motion":0,"confirmed":62,"missed":152,"pwm":90,"auto":1,"running":1,"estop":0,"lowvolt":0,"ir_stationary_pwm_warning":1,"pub_drop":0}
2026-09-30T15:03:21.049	ngr/loco/9950011/state/trace	{"consumption_drop":334,"action_drop":0,"command_queue_drop":0,"lossless":false}
2026-09-30T15:03:21.050	ngr/loco/9950011/state/nav	{"state":"NORMAL","mm":2,"target":1,"dir":-1,"session_dir":"CCW","position_reliable":1,"ir_distance_state":"HALL_IR_READY","reference_ready":1,"boot_reference":"PROVISIONAL_OR_SPATIAL","authority":"NAVI_EWO"}
2026-09-30T15:03:21.052	ngr/loco/9950011/telem/ir	{"ir_valid":1,"ir_mmps":0.000,"ir_coupled":0,"ir_speed_reason":"STOPPED","ir_applicable":1,"ir_reason":1,"ir_seq":14000,"ir_pulses":6760,"ir_gap":1,"ir_sat":0,"ir_abort":658,"authority":"NAVI_EWO"}
2026-09-30T15:03:21.052	ngr/loco/9950011/telem/speed	{"ir_valid":1,"ir_mmps":0.000,"ir_coupled":0,"ir_speed_reason":"STOPPED","ir_applicable":1,"ir_reason":1,"ir_seq":14000,"ir_pulses":6760,"ir_gap":1,"ir_sat":0,"ir_abort":658,"authority":"NAVI_EWO"}
2026-09-30T15:03:21.052	ngr/loco/9950011/diag/ir_link	{"radio_ready":1,"seen":28435,"source_mac":"38:18:2B:30:8C:2C","paired_mac":"38:18:2B:30:8C:2C","paired_for_display_only":1,"coupled":0,"invalid_wire":14517,"queue_drop":0}
2026-09-30T15:03:21.052	ngr/loco/9950011/state/throttle	90
2026-09-30T15:03:21.053	ngr/loco/9950011/state/direction	2
2026-09-30T15:03:21.053	ngr/loco/9950011/state/auto	1
2026-09-30T15:03:21.053	ngr/loco/9950011/state/estop	0
2026-09-30T15:03:21.054	ngr/loco/9950011/state/nav_ready	1
2026-09-30T15:03:21.919	ngr/loco/9950011/state/connectivity	{"wifi":1,"ip":"192.168.68.72","rssi":-39,"mqtt":1,"mqtt_state":0,"broker":"192.168.68.142","ir_radio":1,"ir_seen":28453,"ir_coupled":0,"navi_sync":1,"udp_failures":185}
2026-09-30T15:03:22.046	ngr/loco/9950011/state/loopstat	{"build":"NAVI_EYES_WIDE_OPEN_INTEGRATED_R2","mm":2,"target":1,"dir":-1,"target_distance_mm":340,"target_polarity":1,"position_reliable":1,"reference_ready":1,"reference":1903,"median5":0,"hall_support":0,"spatial_phase":2,"ir_applicable":1,"ir_distance_state":"HALL_IR_READY","ir_health_fault":6,"ir_readiness":3,"ir_boot":"761B38FCC6F727BE","ir_epoch":1,"ir_epoch_active":1,"ir_seq":14010,"ir_pulses":6761,"ir_reason":1,"ir_age_ms":60,"ir_span":191,"ir_gap":1,"ir_sat":0,"ir_abort":659,"ir_inferred_added":0,"ir_inferred_removed":0,"ir_calibration":0,"hall_seen":7039549,"ir_seen":13928,"hall_q_drop":0,"ir_q_drop":0,"ir_invalid":14527,"nsr_hall_drop":1,"nsr_ir_drop":0,"nsr_navi_drop":0,"nsr_native_drop":168,"event_drop":0,"pwm0_ir_motion":0,"confirmed":62,"missed":152,"pwm":90,"auto":1,"running":1,"estop":0,"lowvolt":0,"ir_stationary_pwm_warning":0,"pub_drop":0}
2026-09-30T15:03:22.052	ngr/loco/9950011/state/trace	{"consumption_drop":334,"action_drop":0,"command_queue_drop":0,"lossless":false}
2026-09-30T15:03:22.053	ngr/loco/9950011/state/nav	{"state":"NORMAL","mm":2,"target":1,"dir":-1,"session_dir":"CCW","position_reliable":1,"ir_distance_state":"HALL_IR_READY","reference_ready":1,"boot_reference":"PROVISIONAL_OR_SPATIAL","authority":"NAVI_EWO"}
2026-09-30T15:03:22.053	ngr/loco/9950011/telem/ir	{"ir_valid":1,"ir_mmps":10.713,"ir_coupled":0,"ir_speed_reason":"MEASURED","ir_applicable":1,"ir_reason":1,"ir_seq":14010,"ir_pulses":6761,"ir_gap":1,"ir_sat":0,"ir_abort":659,"authority":"NAVI_EWO"}
2026-09-30T15:03:22.053	ngr/loco/9950011/telem/speed	{"ir_valid":1,"ir_mmps":10.713,"ir_coupled":0,"ir_speed_reason":"MEASURED","ir_applicable":1,"ir_reason":1,"ir_seq":14010,"ir_pulses":6761,"ir_gap":1,"ir_sat":0,"ir_abort":659,"authority":"NAVI_EWO"}
2026-09-30T15:03:22.053	ngr/loco/9950011/diag/ir_link	{"radio_ready":1,"seen":28455,"source_mac":"38:18:2B:30:8C:2C","paired_mac":"38:18:2B:30:8C:2C","paired_for_display_only":1,"coupled":0,"invalid_wire":14527,"queue_drop":0}
2026-09-30T15:03:22.053	ngr/loco/9950011/state/throttle	90
2026-09-30T15:03:22.054	ngr/loco/9950011/state/direction	2
2026-09-30T15:03:22.054	ngr/loco/9950011/state/auto	1
2026-09-30T15:03:22.054	ngr/loco/9950011/state/estop	0
2026-09-30T15:03:22.055	ngr/loco/9950011/state/nav_ready	1
2026-09-30T15:03:23.043	ngr/loco/9950011/state/loopstat	{"build":"NAVI_EYES_WIDE_OPEN_INTEGRATED_R2","mm":2,"target":1,"dir":-1,"target_distance_mm":340,"target_polarity":1,"position_reliable":1,"reference_ready":1,"reference":1903,"median5":0,"hall_support":0,"spatial_phase":2,"ir_applicable":1,"ir_distance_state":"HALL_IR_READY","ir_health_fault":6,"ir_readiness":3,"ir_boot":"761B38FCC6F727BE","ir_epoch":1,"ir_epoch_active":1,"ir_seq":14020,"ir_pulses":6761,"ir_reason":1,"ir_age_ms":62,"ir_span":143,"ir_gap":1,"ir_sat":0,"ir_abort":661,"ir_inferred_added":0,"ir_inferred_removed":0,"ir_calibration":0,"hall_seen":7044552,"ir_seen":13938,"hall_q_drop":0,"ir_q_drop":0,"ir_invalid":14538,"nsr_hall_drop":1,"nsr_ir_drop":0,"nsr_navi_drop":0,"nsr_native_drop":168,"event_drop":0,"pwm0_ir_motion":0,"confirmed":62,"missed":152,"pwm":90,"auto":1,"running":1,"estop":0,"lowvolt":0,"ir_stationary_pwm_warning":1,"pub_drop":0}
2026-09-30T15:03:23.046	ngr/loco/9950011/state/trace	{"consumption_drop":334,"action_drop":0,"command_queue_drop":0,"lossless":false}
2026-09-30T15:03:23.046	ngr/loco/9950011/state/nav	{"state":"NORMAL","mm":2,"target":1,"dir":-1,"session_dir":"CCW","position_reliable":1,"ir_distance_state":"HALL_IR_READY","reference_ready":1,"boot_reference":"PROVISIONAL_OR_SPATIAL","authority":"NAVI_EWO"}
2026-09-30T15:03:23.046	ngr/loco/9950011/telem/ir	{"ir_valid":1,"ir_mmps":0.000,"ir_coupled":0,"ir_speed_reason":"STOPPED","ir_applicable":1,"ir_reason":1,"ir_seq":14020,"ir_pulses":6761,"ir_gap":1,"ir_sat":0,"ir_abort":661,"authority":"NAVI_EWO"}
2026-09-30T15:03:23.048	ngr/loco/9950011/telem/speed	{"ir_valid":1,"ir_mmps":0.000,"ir_coupled":0,"ir_speed_reason":"STOPPED","ir_applicable":1,"ir_reason":1,"ir_seq":14020,"ir_pulses":6761,"ir_gap":1,"ir_sat":0,"ir_abort":661,"authority":"NAVI_EWO"}
2026-09-30T15:03:23.048	ngr/loco/9950011/diag/ir_link	{"radio_ready":1,"seen":28476,"source_mac":"38:18:2B:30:8C:2C","paired_mac":"38:18:2B:30:8C:2C","paired_for_display_only":1,"coupled":0,"invalid_wire":14538,"queue_drop":0}
2026-09-30T15:03:23.050	ngr/loco/9950011/state/throttle	90
2026-09-30T15:03:23.050	ngr/loco/9950011/state/direction	2
2026-09-30T15:03:23.050	ngr/loco/9950011/state/auto	1
2026-09-30T15:03:23.054	ngr/loco/9950011/state/estop	0
2026-09-30T15:03:23.054	ngr/loco/9950011/state/nav_ready	1
2026-09-30T15:03:23.848	ngr/loco/9950011/state/lowvolt	0
2026-09-30T15:03:23.852	ngr/loco/9950011/telem/voltage	16.40
2026-09-30T15:03:23.854	ngr/loco/9950011/telem/current	0.27
2026-09-30T15:03:23.854	ngr/loco/9950011/telem/power	3.33
2026-09-30T15:03:24.049	ngr/loco/9950011/state/loopstat	{"build":"NAVI_EYES_WIDE_OPEN_INTEGRATED_R2","mm":2,"target":1,"dir":-1,"target_distance_mm":340,"target_polarity":1,"position_reliable":1,"reference_ready":1,"reference":1903,"median5":0,"hall_support":0,"spatial_phase":2,"ir_applicable":1,"ir_distance_state":"HALL_IR_READY","ir_health_fault":6,"ir_readiness":3,"ir_boot":"761B38FCC6F727BE","ir_epoch":1,"ir_epoch_active":1,"ir_seq":14030,"ir_pulses":6761,"ir_reason":1,"ir_age_ms":46,"ir_span":143,"ir_gap":1,"ir_sat":0,"ir_abort":662,"ir_inferred_added":0,"ir_inferred_removed":0,"ir_calibration":0,"hall_seen":7049554,"ir_seen":13948,"hall_q_drop":0,"ir_q_drop":0,"ir_invalid":14548,"nsr_hall_drop":1,"nsr_ir_drop":0,"nsr_navi_drop":0,"nsr_native_drop":168,"event_drop":0,"pwm0_ir_motion":0,"confirmed":62,"missed":152,"pwm":90,"auto":1,"running":1,"estop":0,"lowvolt":0,"ir_stationary_pwm_warning":1,"pub_drop":0}
2026-09-30T15:03:24.051	ngr/loco/9950011/state/trace	{"consumption_drop":334,"action_drop":0,"command_queue_drop":0,"lossless":false}
2026-09-30T15:03:24.053	ngr/loco/9950011/state/nav	{"state":"NORMAL","mm":2,"target":1,"dir":-1,"session_dir":"CCW","position_reliable":1,"ir_distance_state":"HALL_IR_READY","reference_ready":1,"boot_reference":"PROVISIONAL_OR_SPATIAL","authority":"NAVI_EWO"}
2026-09-30T15:03:24.053	ngr/loco/9950011/telem/ir	{"ir_valid":1,"ir_mmps":0.000,"ir_coupled":0,"ir_speed_reason":"STOPPED","ir_applicable":1,"ir_reason":1,"ir_seq":14030,"ir_pulses":6761,"ir_gap":1,"ir_sat":0,"ir_abort":662,"authority":"NAVI_EWO"}
2026-09-30T15:03:24.054	ngr/loco/9950011/telem/speed	{"ir_valid":1,"ir_mmps":0.000,"ir_coupled":0,"ir_speed_reason":"STOPPED","ir_applicable":1,"ir_reason":1,"ir_seq":14030,"ir_pulses":6761,"ir_gap":1,"ir_sat":0,"ir_abort":662,"authority":"NAVI_EWO"}
2026-09-30T15:03:24.057	ngr/loco/9950011/diag/ir_link	{"radio_ready":1,"seen":28496,"source_mac":"38:18:2B:30:8C:2C","paired_mac":"38:18:2B:30:8C:2C","paired_for_display_only":1,"coupled":0,"invalid_wire":14548,"queue_drop":0}
2026-09-30T15:03:24.057	ngr/loco/9950011/state/throttle	90
2026-09-30T15:03:24.059	ngr/loco/9950011/state/direction	2
2026-09-30T15:03:24.059	ngr/loco/9950011/state/auto	1
2026-09-30T15:03:24.059	ngr/loco/9950011/state/estop	0
2026-09-30T15:03:24.060	ngr/loco/9950011/state/nav_ready	1
2026-09-30T15:03:25.060	ngr/loco/9950011/state/loopstat	{"build":"NAVI_EYES_WIDE_OPEN_INTEGRATED_R2","mm":2,"target":1,"dir":-1,"target_distance_mm":340,"target_polarity":1,"position_reliable":1,"reference_ready":1,"reference":1903,"median5":0,"hall_support":0,"spatial_phase":2,"ir_applicable":1,"ir_distance_state":"HALL_IR_READY","ir_health_fault":6,"ir_readiness":3,"ir_boot":"761B38FCC6F727BE","ir_epoch":1,"ir_epoch_active":1,"ir_seq":14040,"ir_pulses":6761,"ir_reason":1,"ir_age_ms":46,"ir_span":47,"ir_gap":1,"ir_sat":0,"ir_abort":663,"ir_inferred_added":0,"ir_inferred_removed":0,"ir_calibration":0,"hall_seen":7054555,"ir_seen":13958,"hall_q_drop":0,"ir_q_drop":0,"ir_invalid":14559,"nsr_hall_drop":1,"nsr_ir_drop":0,"nsr_navi_drop":0,"nsr_native_drop":168,"event_drop":0,"pwm0_ir_motion":0,"confirmed":62,"missed":152,"pwm":90,"auto":1,"running":1,"estop":0,"lowvolt":0,"ir_stationary_pwm_warning":1,"pub_drop":0}
2026-09-30T15:03:25.062	ngr/loco/9950011/state/trace	{"consumption_drop":334,"action_drop":0,"command_queue_drop":0,"lossless":false}
2026-09-30T15:03:25.063	ngr/loco/9950011/state/nav	{"state":"NORMAL","mm":2,"target":1,"dir":-1,"session_dir":"CCW","position_reliable":1,"ir_distance_state":"HALL_IR_READY","reference_ready":1,"boot_reference":"PROVISIONAL_OR_SPATIAL","authority":"NAVI_EWO"}
2026-09-30T15:03:25.063	ngr/loco/9950011/telem/ir	{"ir_valid":1,"ir_mmps":0.000,"ir_coupled":0,"ir_speed_reason":"STOPPED","ir_applicable":1,"ir_reason":1,"ir_seq":14040,"ir_pulses":6761,"ir_gap":1,"ir_sat":0,"ir_abort":663,"authority":"NAVI_EWO"}
2026-09-30T15:03:25.063	ngr/loco/9950011/telem/speed	{"ir_valid":1,"ir_mmps":0.000,"ir_coupled":0,"ir_speed_reason":"STOPPED","ir_applicable":1,"ir_reason":1,"ir_seq":14040,"ir_pulses":6761,"ir_gap":1,"ir_sat":0,"ir_abort":663,"authority":"NAVI_EWO"}
2026-09-30T15:03:25.063	ngr/loco/9950011/diag/ir_link	{"radio_ready":1,"seen":28517,"source_mac":"38:18:2B:30:8C:2C","paired_mac":"38:18:2B:30:8C:2C","paired_for_display_only":1,"coupled":0,"invalid_wire":14559,"queue_drop":0}
2026-09-30T15:03:25.063	ngr/loco/9950011/state/throttle	90
2026-09-30T15:03:25.063	ngr/loco/9950011/state/direction	2
2026-09-30T15:03:25.064	ngr/loco/9950011/state/auto	1
2026-09-30T15:03:25.064	ngr/loco/9950011/state/estop	0
2026-09-30T15:03:25.064	ngr/loco/9950011/state/nav_ready	1
2026-09-30T15:03:26.045	ngr/loco/9950011/state/loopstat	{"build":"NAVI_EYES_WIDE_OPEN_INTEGRATED_R2","mm":2,"target":1,"dir":-1,"target_distance_mm":340,"target_polarity":1,"position_reliable":1,"reference_ready":1,"reference":1903,"median5":0,"hall_support":0,"spatial_phase":2,"ir_applicable":1,"ir_distance_state":"HALL_IR_READY","ir_health_fault":6,"ir_readiness":3,"ir_boot":"761B38FCC6F727BE","ir_epoch":1,"ir_epoch_active":1,"ir_seq":14050,"ir_pulses":6761,"ir_reason":1,"ir_age_ms":49,"ir_span":271,"ir_gap":1,"ir_sat":0,"ir_abort":663,"ir_inferred_added":0,"ir_inferred_removed":0,"ir_calibration":0,"hall_seen":7059552,"ir_seen":13968,"hall_q_drop":0,"ir_q_drop":0,"ir_invalid":14569,"nsr_hall_drop":1,"nsr_ir_drop":0,"nsr_navi_drop":0,"nsr_native_drop":168,"event_drop":0,"pwm0_ir_motion":0,"confirmed":62,"missed":152,"pwm":90,"auto":1,"running":1,"estop":0,"lowvolt":0,"ir_stationary_pwm_warning":1,"pub_drop":0}
2026-09-30T15:03:26.048	ngr/loco/9950011/state/trace	{"consumption_drop":334,"action_drop":0,"command_queue_drop":0,"lossless":false}
2026-09-30T15:03:26.048	ngr/loco/9950011/state/nav	{"state":"NORMAL","mm":2,"target":1,"dir":-1,"session_dir":"CCW","position_reliable":1,"ir_distance_state":"HALL_IR_READY","reference_ready":1,"boot_reference":"PROVISIONAL_OR_SPATIAL","authority":"NAVI_EWO"}
2026-09-30T15:03:26.050	ngr/loco/9950011/telem/ir	{"ir_valid":1,"ir_mmps":0.000,"ir_coupled":0,"ir_speed_reason":"STOPPED","ir_applicable":1,"ir_reason":1,"ir_seq":14050,"ir_pulses":6761,"ir_gap":1,"ir_sat":0,"ir_abort":663,"authority":"NAVI_EWO"}
2026-09-30T15:03:26.050	ngr/loco/9950011/telem/speed	{"ir_valid":1,"ir_mmps":0.000,"ir_coupled":0,"ir_speed_reason":"STOPPED","ir_applicable":1,"ir_reason":1,"ir_seq":14050,"ir_pulses":6761,"ir_gap":1,"ir_sat":0,"ir_abort":663,"authority":"NAVI_EWO"}
2026-09-30T15:03:26.050	ngr/loco/9950011/diag/ir_link	{"radio_ready":1,"seen":28537,"source_mac":"38:18:2B:30:8C:2C","paired_mac":"38:18:2B:30:8C:2C","paired_for_display_only":1,"coupled":0,"invalid_wire":14569,"queue_drop":0}
2026-09-30T15:03:26.052	ngr/loco/9950011/state/throttle	90
2026-09-30T15:03:26.052	ngr/loco/9950011/state/direction	2
2026-09-30T15:03:26.052	ngr/loco/9950011/state/auto	1
2026-09-30T15:03:26.054	ngr/loco/9950011/state/estop	0
2026-09-30T15:03:26.054	ngr/loco/9950011/state/nav_ready	1
2026-09-30T15:03:26.928	ngr/loco/9950011/state/connectivity	{"wifi":1,"ip":"192.168.68.72","rssi":-36,"mqtt":1,"mqtt_state":0,"broker":"192.168.68.142","ir_radio":1,"ir_seen":28554,"ir_coupled":0,"navi_sync":1,"udp_failures":185}
2026-09-30T15:03:27.057	ngr/loco/9950011/state/loopstat	{"build":"NAVI_EYES_WIDE_OPEN_INTEGRATED_R2","mm":2,"target":1,"dir":-1,"target_distance_mm":340,"target_polarity":1,"position_reliable":1,"reference_ready":1,"reference":1903,"median5":0,"hall_support":0,"spatial_phase":2,"ir_applicable":1,"ir_distance_state":"HALL_IR_READY","ir_health_fault":0,"ir_readiness":2,"ir_boot":"761B38FCC6F727BE","ir_epoch":1,"ir_epoch_active":1,"ir_seq":14060,"ir_pulses":6761,"ir_reason":5,"ir_age_ms":50,"ir_span":367,"ir_gap":1,"ir_sat":0,"ir_abort":663,"ir_inferred_added":0,"ir_inferred_removed":0,"ir_calibration":0,"hall_seen":7064553,"ir_seen":13978,"hall_q_drop":0,"ir_q_drop":0,"ir_invalid":14578,"nsr_hall_drop":1,"nsr_ir_drop":0,"nsr_navi_drop":0,"nsr_native_drop":168,"event_drop":0,"pwm0_ir_motion":0,"confirmed":62,"missed":152,"pwm":90,"auto":1,"running":1,"estop":0,"lowvolt":0,"ir_stationary_pwm_warning":1,"pub_drop":0}
2026-09-30T15:03:27.063	ngr/loco/9950011/state/trace	{"consumption_drop":334,"action_drop":0,"command_queue_drop":0,"lossless":false}
2026-09-30T15:03:27.063	ngr/loco/9950011/state/nav	{"state":"NORMAL","mm":2,"target":1,"dir":-1,"session_dir":"CCW","position_reliable":1,"ir_distance_state":"HALL_IR_READY","reference_ready":1,"boot_reference":"PROVISIONAL_OR_SPATIAL","authority":"NAVI_EWO"}
2026-09-30T15:03:27.063	ngr/loco/9950011/telem/ir	{"ir_valid":1,"ir_mmps":0.000,"ir_coupled":0,"ir_speed_reason":"STOPPED","ir_applicable":1,"ir_reason":5,"ir_seq":14060,"ir_pulses":6761,"ir_gap":1,"ir_sat":0,"ir_abort":663,"authority":"NAVI_EWO"}
2026-09-30T15:03:27.064	ngr/loco/9950011/telem/speed	{"ir_valid":1,"ir_mmps":0.000,"ir_coupled":0,"ir_speed_reason":"STOPPED","ir_applicable":1,"ir_reason":5,"ir_seq":14060,"ir_pulses":6761,"ir_gap":1,"ir_sat":0,"ir_abort":663,"authority":"NAVI_EWO"}
2026-09-30T15:03:27.064	ngr/loco/9950011/diag/ir_link	{"radio_ready":1,"seen":28556,"source_mac":"38:18:2B:30:8C:2C","paired_mac":"38:18:2B:30:8C:2C","paired_for_display_only":1,"coupled":0,"invalid_wire":14578,"queue_drop":0}
2026-09-30T15:03:27.064	ngr/loco/9950011/state/throttle	90
2026-09-30T15:03:27.064	ngr/loco/9950011/state/direction	2
2026-09-30T15:03:27.064	ngr/loco/9950011/state/auto	1
2026-09-30T15:03:27.064	ngr/loco/9950011/state/estop	0
2026-09-30T15:03:27.066	ngr/loco/9950011/state/nav_ready	1
2026-09-30T15:03:28.051	ngr/loco/9950011/state/loopstat	{"build":"NAVI_EYES_WIDE_OPEN_INTEGRATED_R2","mm":2,"target":1,"dir":-1,"target_distance_mm":340,"target_polarity":1,"position_reliable":1,"reference_ready":1,"reference":1903,"median5":0,"hall_support":0,"spatial_phase":2,"ir_applicable":1,"ir_distance_state":"HALL_IR_READY","ir_health_fault":6,"ir_readiness":3,"ir_boot":"761B38FCC6F727BE","ir_epoch":1,"ir_epoch_active":1,"ir_seq":14070,"ir_pulses":6761,"ir_reason":1,"ir_age_ms":47,"ir_span":239,"ir_gap":1,"ir_sat":0,"ir_abort":664,"ir_inferred_added":0,"ir_inferred_removed":0,"ir_calibration":0,"hall_seen":7069554,"ir_seen":13988,"hall_q_drop":0,"ir_q_drop":0,"ir_invalid":14589,"nsr_hall_drop":1,"nsr_ir_drop":0,"nsr_navi_drop":0,"nsr_native_drop":168,"event_drop":0,"pwm0_ir_motion":0,"confirmed":62,"missed":152,"pwm":90,"auto":1,"running":1,"estop":0,"lowvolt":0,"ir_stationary_pwm_warning":1,"pub_drop":0}
2026-09-30T15:03:28.053	ngr/loco/9950011/state/trace	{"consumption_drop":334,"action_drop":0,"command_queue_drop":0,"lossless":false}
2026-09-30T15:03:28.053	ngr/loco/9950011/state/nav	{"state":"NORMAL","mm":2,"target":1,"dir":-1,"session_dir":"CCW","position_reliable":1,"ir_distance_state":"HALL_IR_READY","reference_ready":1,"boot_reference":"PROVISIONAL_OR_SPATIAL","authority":"NAVI_EWO"}
2026-09-30T15:03:28.054	ngr/loco/9950011/telem/ir	{"ir_valid":1,"ir_mmps":0.000,"ir_coupled":0,"ir_speed_reason":"STOPPED","ir_applicable":1,"ir_reason":1,"ir_seq":14070,"ir_pulses":6761,"ir_gap":1,"ir_sat":0,"ir_abort":664,"authority":"NAVI_EWO"}
2026-09-30T15:03:28.057	ngr/loco/9950011/telem/speed	{"ir_valid":1,"ir_mmps":0.000,"ir_coupled":0,"ir_speed_reason":"STOPPED","ir_applicable":1,"ir_reason":1,"ir_seq":14070,"ir_pulses":6761,"ir_gap":1,"ir_sat":0,"ir_abort":664,"authority":"NAVI_EWO"}
2026-09-30T15:03:28.058	ngr/loco/9950011/diag/ir_link	{"radio_ready":1,"seen":28577,"source_mac":"38:18:2B:30:8C:2C","paired_mac":"38:18:2B:30:8C:2C","paired_for_display_only":1,"coupled":0,"invalid_wire":14589,"queue_drop":0}
2026-09-30T15:03:28.058	ngr/loco/9950011/state/throttle	90
2026-09-30T15:03:28.062	ngr/loco/9950011/state/direction	2
2026-09-30T15:03:28.062	ngr/loco/9950011/state/auto	1
2026-09-30T15:03:28.063	ngr/loco/9950011/state/estop	0
2026-09-30T15:03:28.063	ngr/loco/9950011/state/nav_ready	1
2026-09-30T15:03:28.852	ngr/loco/9950011/state/lowvolt	0
2026-09-30T15:03:28.906	ngr/loco/9950011/telem/voltage	16.38
2026-09-30T15:03:28.907	ngr/loco/9950011/telem/current	0.30
2026-09-30T15:03:28.908	ngr/loco/9950011/telem/power	5.29
2026-09-30T15:03:29.041	ngr/loco/9950011/state/loopstat	{"build":"NAVI_EYES_WIDE_OPEN_INTEGRATED_R2","mm":2,"target":1,"dir":-1,"target_distance_mm":340,"target_polarity":1,"position_reliable":1,"reference_ready":1,"reference":1903,"median5":0,"hall_support":0,"spatial_phase":2,"ir_applicable":1,"ir_distance_state":"HALL_IR_READY","ir_health_fault":6,"ir_readiness":3,"ir_boot":"761B38FCC6F727BE","ir_epoch":1,"ir_epoch_active":1,"ir_seq":14080,"ir_pulses":6761,"ir_reason":1,"ir_age_ms":48,"ir_span":255,"ir_gap":1,"ir_sat":0,"ir_abort":665,"ir_inferred_added":0,"ir_inferred_removed":0,"ir_calibration":0,"hall_seen":7074550,"ir_seen":13998,"hall_q_drop":0,"ir_q_drop":0,"ir_invalid":14599,"nsr_hall_drop":1,"nsr_ir_drop":0,"nsr_navi_drop":0,"nsr_native_drop":168,"event_drop":0,"pwm0_ir_motion":0,"confirmed":62,"missed":152,"pwm":90,"auto":1,"running":1,"estop":0,"lowvolt":0,"ir_stationary_pwm_warning":1,"pub_drop":0}
2026-09-30T15:03:29.049	ngr/loco/9950011/state/trace	{"consumption_drop":334,"action_drop":0,"command_queue_drop":0,"lossless":false}
2026-09-30T15:03:29.050	ngr/loco/9950011/state/nav	{"state":"NORMAL","mm":2,"target":1,"dir":-1,"session_dir":"CCW","position_reliable":1,"ir_distance_state":"HALL_IR_READY","reference_ready":1,"boot_reference":"PROVISIONAL_OR_SPATIAL","authority":"NAVI_EWO"}
2026-09-30T15:03:29.050	ngr/loco/9950011/telem/ir	{"ir_valid":1,"ir_mmps":0.000,"ir_coupled":0,"ir_speed_reason":"STOPPED","ir_applicable":1,"ir_reason":1,"ir_seq":14080,"ir_pulses":6761,"ir_gap":1,"ir_sat":0,"ir_abort":665,"authority":"NAVI_EWO"}
2026-09-30T15:03:29.051	ngr/loco/9950011/telem/speed	{"ir_valid":1,"ir_mmps":0.000,"ir_coupled":0,"ir_speed_reason":"STOPPED","ir_applicable":1,"ir_reason":1,"ir_seq":14080,"ir_pulses":6761,"ir_gap":1,"ir_sat":0,"ir_abort":665,"authority":"NAVI_EWO"}
2026-09-30T15:03:29.051	ngr/loco/9950011/diag/ir_link	{"radio_ready":1,"seen":28597,"source_mac":"38:18:2B:30:8C:2C","paired_mac":"38:18:2B:30:8C:2C","paired_for_display_only":1,"coupled":0,"invalid_wire":14599,"queue_drop":0}
2026-09-30T15:03:29.051	ngr/loco/9950011/state/throttle	90
2026-09-30T15:03:29.052	ngr/loco/9950011/state/direction	2
2026-09-30T15:03:29.052	ngr/loco/9950011/state/auto	1
2026-09-30T15:03:29.053	ngr/loco/9950011/state/estop	0
2026-09-30T15:03:29.053	ngr/loco/9950011/state/nav_ready	1
2026-09-30T15:03:30.044	ngr/loco/9950011/state/loopstat	{"build":"NAVI_EYES_WIDE_OPEN_INTEGRATED_R2","mm":2,"target":1,"dir":-1,"target_distance_mm":340,"target_polarity":1,"position_reliable":1,"reference_ready":1,"reference":1903,"median5":0,"hall_support":0,"spatial_phase":2,"ir_applicable":1,"ir_distance_state":"HALL_IR_READY","ir_health_fault":6,"ir_readiness":3,"ir_boot":"761B38FCC6F727BE","ir_epoch":1,"ir_epoch_active":1,"ir_seq":14090,"ir_pulses":6761,"ir_reason":1,"ir_age_ms":51,"ir_span":223,"ir_gap":1,"ir_sat":0,"ir_abort":667,"ir_inferred_added":0,"ir_inferred_removed":0,"ir_calibration":0,"hall_seen":7079550,"ir_seen":14008,"hall_q_drop":0,"ir_q_drop":0,"ir_invalid":14610,"nsr_hall_drop":1,"nsr_ir_drop":0,"nsr_navi_drop":0,"nsr_native_drop":168,"event_drop":0,"pwm0_ir_motion":0,"confirmed":62,"missed":152,"pwm":90,"auto":1,"running":1,"estop":0,"lowvolt":0,"ir_stationary_pwm_warning":1,"pub_drop":0}
2026-09-30T15:03:30.052	ngr/loco/9950011/state/trace	{"consumption_drop":334,"action_drop":0,"command_queue_drop":0,"lossless":false}
2026-09-30T15:03:30.053	ngr/loco/9950011/state/nav	{"state":"NORMAL","mm":2,"target":1,"dir":-1,"session_dir":"CCW","position_reliable":1,"ir_distance_state":"HALL_IR_READY","reference_ready":1,"boot_reference":"PROVISIONAL_OR_SPATIAL","authority":"NAVI_EWO"}
2026-09-30T15:03:30.053	ngr/loco/9950011/telem/ir	{"ir_valid":1,"ir_mmps":0.000,"ir_coupled":0,"ir_speed_reason":"STOPPED","ir_applicable":1,"ir_reason":1,"ir_seq":14090,"ir_pulses":6761,"ir_gap":1,"ir_sat":0,"ir_abort":667,"authority":"NAVI_EWO"}
2026-09-30T15:03:30.053	ngr/loco/9950011/telem/speed	{"ir_valid":1,"ir_mmps":0.000,"ir_coupled":0,"ir_speed_reason":"STOPPED","ir_applicable":1,"ir_reason":1,"ir_seq":14090,"ir_pulses":6761,"ir_gap":1,"ir_sat":0,"ir_abort":667,"authority":"NAVI_EWO"}
2026-09-30T15:03:30.054	ngr/loco/9950011/diag/ir_link	{"radio_ready":1,"seen":28618,"source_mac":"38:18:2B:30:8C:2C","paired_mac":"38:18:2B:30:8C:2C","paired_for_display_only":1,"coupled":0,"invalid_wire":14610,"queue_drop":0}
2026-09-30T15:03:30.055	ngr/loco/9950011/state/throttle	90
2026-09-30T15:03:30.055	ngr/loco/9950011/state/direction	2
2026-09-30T15:03:30.055	ngr/loco/9950011/state/auto	1
2026-09-30T15:03:30.055	ngr/loco/9950011/state/estop	0
2026-09-30T15:03:30.056	ngr/loco/9950011/state/nav_ready	1
2026-09-30T15:03:31.049	ngr/loco/9950011/state/loopstat	{"build":"NAVI_EYES_WIDE_OPEN_INTEGRATED_R2","mm":2,"target":1,"dir":-1,"target_distance_mm":340,"target_polarity":1,"position_reliable":1,"reference_ready":1,"reference":1903,"median5":0,"hall_support":0,"spatial_phase":2,"ir_applicable":1,"ir_distance_state":"HALL_IR_READY","ir_health_fault":0,"ir_readiness":2,"ir_boot":"761B38FCC6F727BE","ir_epoch":1,"ir_epoch_active":1,"ir_seq":14100,"ir_pulses":6761,"ir_reason":5,"ir_age_ms":35,"ir_span":399,"ir_gap":1,"ir_sat":0,"ir_abort":667,"ir_inferred_added":0,"ir_inferred_removed":0,"ir_calibration":0,"hall_seen":7084550,"ir_seen":14018,"hall_q_drop":0,"ir_q_drop":0,"ir_invalid":14620,"nsr_hall_drop":1,"nsr_ir_drop":0,"nsr_navi_drop":0,"nsr_native_drop":168,"event_drop":0,"pwm0_ir_motion":0,"confirmed":62,"missed":152,"pwm":90,"auto":1,"running":1,"estop":0,"lowvolt":0,"ir_stationary_pwm_warning":1,"pub_drop":0}
2026-09-30T15:03:31.052	ngr/loco/9950011/state/trace	{"consumption_drop":334,"action_drop":0,"command_queue_drop":0,"lossless":false}
2026-09-30T15:03:31.052	ngr/loco/9950011/state/nav	{"state":"NORMAL","mm":2,"target":1,"dir":-1,"session_dir":"CCW","position_reliable":1,"ir_distance_state":"HALL_IR_READY","reference_ready":1,"boot_reference":"PROVISIONAL_OR_SPATIAL","authority":"NAVI_EWO"}
2026-09-30T15:03:31.053	ngr/loco/9950011/telem/ir	{"ir_valid":1,"ir_mmps":0.000,"ir_coupled":0,"ir_speed_reason":"STOPPED","ir_applicable":1,"ir_reason":5,"ir_seq":14100,"ir_pulses":6761,"ir_gap":1,"ir_sat":0,"ir_abort":667,"authority":"NAVI_EWO"}
2026-09-30T15:03:31.053	ngr/loco/9950011/telem/speed	{"ir_valid":1,"ir_mmps":0.000,"ir_coupled":0,"ir_speed_reason":"STOPPED","ir_applicable":1,"ir_reason":5,"ir_seq":14100,"ir_pulses":6761,"ir_gap":1,"ir_sat":0,"ir_abort":667,"authority":"NAVI_EWO"}
2026-09-30T15:03:31.053	ngr/loco/9950011/diag/ir_link	{"radio_ready":1,"seen":28638,"source_mac":"38:18:2B:30:8C:2C","paired_mac":"38:18:2B:30:8C:2C","paired_for_display_only":1,"coupled":0,"invalid_wire":14620,"queue_drop":0}
2026-09-30T15:03:31.053	ngr/loco/9950011/state/throttle	90
2026-09-30T15:03:31.053	ngr/loco/9950011/state/direction	2
2026-09-30T15:03:31.053	ngr/loco/9950011/state/auto	1
2026-09-30T15:03:31.054	ngr/loco/9950011/state/estop	0
2026-09-30T15:03:31.054	ngr/loco/9950011/state/nav_ready	1
2026-09-30T15:03:31.951	ngr/loco/9950011/state/connectivity	{"wifi":1,"ip":"192.168.68.72","rssi":-39,"mqtt":1,"mqtt_state":0,"broker":"192.168.68.142","ir_radio":1,"ir_seen":28656,"ir_coupled":0,"navi_sync":1,"udp_failures":185}
2026-09-30T15:03:32.044	ngr/loco/9950011/state/loopstat	{"build":"NAVI_EYES_WIDE_OPEN_INTEGRATED_R2","mm":2,"target":1,"dir":-1,"target_distance_mm":340,"target_polarity":1,"position_reliable":1,"reference_ready":1,"reference":1903,"median5":0,"hall_support":0,"spatial_phase":2,"ir_applicable":1,"ir_distance_state":"HALL_IR_READY","ir_health_fault":0,"ir_readiness":2,"ir_boot":"761B38FCC6F727BE","ir_epoch":1,"ir_epoch_active":1,"ir_seq":14110,"ir_pulses":6762,"ir_reason":5,"ir_age_ms":37,"ir_span":399,"ir_gap":1,"ir_sat":0,"ir_abort":668,"ir_inferred_added":0,"ir_inferred_removed":0,"ir_calibration":0,"hall_seen":7089550,"ir_seen":14028,"hall_q_drop":0,"ir_q_drop":0,"ir_invalid":14631,"nsr_hall_drop":1,"nsr_ir_drop":0,"nsr_navi_drop":0,"nsr_native_drop":168,"event_drop":0,"pwm0_ir_motion":0,"confirmed":62,"missed":152,"pwm":90,"auto":1,"running":1,"estop":0,"lowvolt":0,"ir_stationary_pwm_warning":0,"pub_drop":0}
2026-09-30T15:03:32.049	ngr/loco/9950011/state/trace	{"consumption_drop":334,"action_drop":0,"command_queue_drop":0,"lossless":false}
2026-09-30T15:03:32.050	ngr/loco/9950011/state/nav	{"state":"NORMAL","mm":2,"target":1,"dir":-1,"session_dir":"CCW","position_reliable":1,"ir_distance_state":"HALL_IR_READY","reference_ready":1,"boot_reference":"PROVISIONAL_OR_SPATIAL","authority":"NAVI_EWO"}
2026-09-30T15:03:32.050	ngr/loco/9950011/telem/ir	{"ir_valid":1,"ir_mmps":10.724,"ir_coupled":0,"ir_speed_reason":"MEASURED","ir_applicable":1,"ir_reason":5,"ir_seq":14110,"ir_pulses":6762,"ir_gap":1,"ir_sat":0,"ir_abort":668,"authority":"NAVI_EWO"}
2026-09-30T15:03:32.050	ngr/loco/9950011/telem/speed	{"ir_valid":1,"ir_mmps":10.724,"ir_coupled":0,"ir_speed_reason":"MEASURED","ir_applicable":1,"ir_reason":5,"ir_seq":14110,"ir_pulses":6762,"ir_gap":1,"ir_sat":0,"ir_abort":668,"authority":"NAVI_EWO"}
2026-09-30T15:03:32.050	ngr/loco/9950011/diag/ir_link	{"radio_ready":1,"seen":28659,"source_mac":"38:18:2B:30:8C:2C","paired_mac":"38:18:2B:30:8C:2C","paired_for_display_only":1,"coupled":0,"invalid_wire":14631,"queue_drop":0}
2026-09-30T15:03:32.051	ngr/loco/9950011/state/throttle	90
2026-09-30T15:03:32.052	ngr/loco/9950011/state/direction	2
2026-09-30T15:03:32.052	ngr/loco/9950011/state/auto	1
2026-09-30T15:03:32.052	ngr/loco/9950011/state/estop	0
2026-09-30T15:03:32.052	ngr/loco/9950011/state/nav_ready	1
2026-09-30T15:03:33.044	ngr/loco/9950011/state/loopstat	{"build":"NAVI_EYES_WIDE_OPEN_INTEGRATED_R2","mm":2,"target":1,"dir":-1,"target_distance_mm":340,"target_polarity":1,"position_reliable":1,"reference_ready":1,"reference":1903,"median5":0,"hall_support":0,"spatial_phase":2,"ir_applicable":1,"ir_distance_state":"HALL_IR_READY","ir_health_fault":0,"ir_readiness":2,"ir_boot":"761B38FCC6F727BE","ir_epoch":1,"ir_epoch_active":1,"ir_seq":14120,"ir_pulses":6762,"ir_reason":5,"ir_age_ms":57,"ir_span":447,"ir_gap":1,"ir_sat":0,"ir_abort":669,"ir_inferred_added":0,"ir_inferred_removed":0,"ir_calibration":0,"hall_seen":7094555,"ir_seen":14038,"hall_q_drop":0,"ir_q_drop":0,"ir_invalid":14641,"nsr_hall_drop":1,"nsr_ir_drop":0,"nsr_navi_drop":0,"nsr_native_drop":168,"event_drop":0,"pwm0_ir_motion":0,"confirmed":62,"missed":152,"pwm":90,"auto":1,"running":1,"estop":0,"lowvolt":0,"ir_stationary_pwm_warning":1,"pub_drop":0}
2026-09-30T15:03:33.046	ngr/loco/9950011/state/trace	{"consumption_drop":334,"action_drop":0,"command_queue_drop":0,"lossless":false}
2026-09-30T15:03:33.046	ngr/loco/9950011/state/nav	{"state":"NORMAL","mm":2,"target":1,"dir":-1,"session_dir":"CCW","position_reliable":1,"ir_distance_state":"HALL_IR_READY","reference_ready":1,"boot_reference":"PROVISIONAL_OR_SPATIAL","authority":"NAVI_EWO"}
2026-09-30T15:03:33.052	ngr/loco/9950011/telem/ir	{"ir_valid":1,"ir_mmps":0.000,"ir_coupled":0,"ir_speed_reason":"STOPPED","ir_applicable":1,"ir_reason":5,"ir_seq":14120,"ir_pulses":6762,"ir_gap":1,"ir_sat":0,"ir_abort":669,"authority":"NAVI_EWO"}
2026-09-30T15:03:33.052	ngr/loco/9950011/telem/speed	{"ir_valid":1,"ir_mmps":0.000,"ir_coupled":0,"ir_speed_reason":"STOPPED","ir_applicable":1,"ir_reason":5,"ir_seq":14120,"ir_pulses":6762,"ir_gap":1,"ir_sat":0,"ir_abort":669,"authority":"NAVI_EWO"}
2026-09-30T15:03:33.052	ngr/loco/9950011/diag/ir_link	{"radio_ready":1,"seen":28679,"source_mac":"38:18:2B:30:8C:2C","paired_mac":"38:18:2B:30:8C:2C","paired_for_display_only":1,"coupled":0,"invalid_wire":14641,"queue_drop":0}
2026-09-30T15:03:33.053	ngr/loco/9950011/state/throttle	90
2026-09-30T15:03:33.053	ngr/loco/9950011/state/direction	2
2026-09-30T15:03:33.053	ngr/loco/9950011/state/auto	1
2026-09-30T15:03:33.053	ngr/loco/9950011/state/estop	0
2026-09-30T15:03:33.053	ngr/loco/9950011/state/nav_ready	1
2026-09-30T15:03:33.853	ngr/loco/9950011/state/lowvolt	0
2026-09-30T15:03:33.860	ngr/loco/9950011/telem/voltage	16.39
2026-09-30T15:03:33.860	ngr/loco/9950011/telem/current	0.23
2026-09-30T15:03:33.861	ngr/loco/9950011/telem/power	3.83
2026-09-30T15:03:34.050	ngr/loco/9950011/state/loopstat	{"build":"NAVI_EYES_WIDE_OPEN_INTEGRATED_R2","mm":2,"target":1,"dir":-1,"target_distance_mm":340,"target_polarity":1,"position_reliable":1,"reference_ready":1,"reference":1903,"median5":0,"hall_support":0,"spatial_phase":2,"ir_applicable":1,"ir_distance_state":"HALL_IR_READY","ir_health_fault":6,"ir_readiness":3,"ir_boot":"761B38FCC6F727BE","ir_epoch":1,"ir_epoch_active":1,"ir_seq":14130,"ir_pulses":6763,"ir_reason":1,"ir_age_ms":42,"ir_span":207,"ir_gap":1,"ir_sat":0,"ir_abort":670,"ir_inferred_added":0,"ir_inferred_removed":0,"ir_calibration":0,"hall_seen":7099559,"ir_seen":14048,"hall_q_drop":0,"ir_q_drop":0,"ir_invalid":14651,"nsr_hall_drop":1,"nsr_ir_drop":0,"nsr_navi_drop":0,"nsr_native_drop":168,"event_drop":0,"pwm0_ir_motion":0,"confirmed":62,"missed":152,"pwm":90,"auto":1,"running":1,"estop":0,"lowvolt":0,"ir_stationary_pwm_warning":0,"pub_drop":0}
2026-09-30T15:03:34.054	ngr/loco/9950011/state/trace	{"consumption_drop":334,"action_drop":0,"command_queue_drop":0,"lossless":false}
2026-09-30T15:03:34.054	ngr/loco/9950011/state/nav	{"state":"NORMAL","mm":2,"target":1,"dir":-1,"session_dir":"CCW","position_reliable":1,"ir_distance_state":"HALL_IR_READY","reference_ready":1,"boot_reference":"PROVISIONAL_OR_SPATIAL","authority":"NAVI_EWO"}
2026-09-30T15:03:34.054	ngr/loco/9950011/telem/ir	{"ir_valid":1,"ir_mmps":10.713,"ir_coupled":0,"ir_speed_reason":"MEASURED","ir_applicable":1,"ir_reason":1,"ir_seq":14130,"ir_pulses":6763,"ir_gap":1,"ir_sat":0,"ir_abort":670,"authority":"NAVI_EWO"}
2026-09-30T15:03:34.054	ngr/loco/9950011/telem/speed	{"ir_valid":1,"ir_mmps":10.713,"ir_coupled":0,"ir_speed_reason":"MEASURED","ir_applicable":1,"ir_reason":1,"ir_seq":14130,"ir_pulses":6763,"ir_gap":1,"ir_sat":0,"ir_abort":670,"authority":"NAVI_EWO"}
2026-09-30T15:03:34.054	ngr/loco/9950011/diag/ir_link	{"radio_ready":1,"seen":28699,"source_mac":"38:18:2B:30:8C:2C","paired_mac":"38:18:2B:30:8C:2C","paired_for_display_only":1,"coupled":0,"invalid_wire":14651,"queue_drop":0}
2026-09-30T15:03:34.058	ngr/loco/9950011/state/throttle	90
2026-09-30T15:03:34.058	ngr/loco/9950011/state/direction	2
2026-09-30T15:03:34.058	ngr/loco/9950011/state/auto	1
2026-09-30T15:03:34.058	ngr/loco/9950011/state/estop	0
2026-09-30T15:03:34.060	ngr/loco/9950011/state/nav_ready	1
2026-09-30T15:03:35.045	ngr/loco/9950011/state/loopstat	{"build":"NAVI_EYES_WIDE_OPEN_INTEGRATED_R2","mm":2,"target":1,"dir":-1,"target_distance_mm":340,"target_polarity":1,"position_reliable":1,"reference_ready":1,"reference":1903,"median5":0,"hall_support":0,"spatial_phase":2,"ir_applicable":1,"ir_distance_state":"HALL_IR_READY","ir_health_fault":6,"ir_readiness":3,"ir_boot":"761B38FCC6F727BE","ir_epoch":1,"ir_epoch_active":1,"ir_seq":14140,"ir_pulses":6763,"ir_reason":1,"ir_age_ms":41,"ir_span":127,"ir_gap":1,"ir_sat":0,"ir_abort":671,"ir_inferred_added":0,"ir_inferred_removed":0,"ir_calibration":0,"hall_seen":7104559,"ir_seen":14058,"hall_q_drop":0,"ir_q_drop":0,"ir_invalid":14662,"nsr_hall_drop":1,"nsr_ir_drop":0,"nsr_navi_drop":0,"nsr_native_drop":168,"event_drop":0,"pwm0_ir_motion":0,"confirmed":62,"missed":152,"pwm":90,"auto":1,"running":1,"estop":0,"lowvolt":0,"ir_stationary_pwm_warning":1,"pub_drop":0}
2026-09-30T15:03:35.088	ngr/loco/9950011/state/trace	{"consumption_drop":334,"action_drop":0,"command_queue_drop":0,"lossless":false}
2026-09-30T15:03:35.088	ngr/loco/9950011/state/nav	{"state":"NORMAL","mm":2,"target":1,"dir":-1,"session_dir":"CCW","position_reliable":1,"ir_distance_state":"HALL_IR_READY","reference_ready":1,"boot_reference":"PROVISIONAL_OR_SPATIAL","authority":"NAVI_EWO"}
2026-09-30T15:03:35.088	ngr/loco/9950011/telem/ir	{"ir_valid":1,"ir_mmps":0.000,"ir_coupled":0,"ir_speed_reason":"STOPPED","ir_applicable":1,"ir_reason":1,"ir_seq":14140,"ir_pulses":6763,"ir_gap":1,"ir_sat":0,"ir_abort":671,"authority":"NAVI_EWO"}
2026-09-30T15:03:35.089	ngr/loco/9950011/telem/speed	{"ir_valid":1,"ir_mmps":0.000,"ir_coupled":0,"ir_speed_reason":"STOPPED","ir_applicable":1,"ir_reason":1,"ir_seq":14140,"ir_pulses":6763,"ir_gap":1,"ir_sat":0,"ir_abort":671,"authority":"NAVI_EWO"}
2026-09-30T15:03:35.089	ngr/loco/9950011/diag/ir_link	{"radio_ready":1,"seen":28720,"source_mac":"38:18:2B:30:8C:2C","paired_mac":"38:18:2B:30:8C:2C","paired_for_display_only":1,"coupled":0,"invalid_wire":14662,"queue_drop":0}
2026-09-30T15:03:35.089	ngr/loco/9950011/state/throttle	90
2026-09-30T15:03:35.089	ngr/loco/9950011/state/direction	2
2026-09-30T15:03:35.089	ngr/loco/9950011/state/auto	1
2026-09-30T15:03:35.089	ngr/loco/9950011/state/estop	0
2026-09-30T15:03:35.090	ngr/loco/9950011/state/nav_ready	1
2026-09-30T15:03:36.051	ngr/loco/9950011/state/loopstat	{"build":"NAVI_EYES_WIDE_OPEN_INTEGRATED_R2","mm":2,"target":1,"dir":-1,"target_distance_mm":340,"target_polarity":1,"position_reliable":1,"reference_ready":1,"reference":1903,"median5":0,"hall_support":0,"spatial_phase":2,"ir_applicable":1,"ir_distance_state":"HALL_IR_READY","ir_health_fault":0,"ir_readiness":2,"ir_boot":"761B38FCC6F727BE","ir_epoch":1,"ir_epoch_active":1,"ir_seq":14150,"ir_pulses":6764,"ir_reason":5,"ir_age_ms":44,"ir_span":1087,"ir_gap":1,"ir_sat":0,"ir_abort":673,"ir_inferred_added":0,"ir_inferred_removed":0,"ir_calibration":0,"hall_seen":7109558,"ir_seen":14068,"hall_q_drop":0,"ir_q_drop":0,"ir_invalid":14672,"nsr_hall_drop":1,"nsr_ir_drop":0,"nsr_navi_drop":0,"nsr_native_drop":168,"event_drop":0,"pwm0_ir_motion":0,"confirmed":62,"missed":152,"pwm":90,"auto":1,"running":1,"estop":0,"lowvolt":0,"ir_stationary_pwm_warning":0,"pub_drop":0}
2026-09-30T15:03:36.052	ngr/loco/9950011/state/trace	{"consumption_drop":334,"action_drop":0,"command_queue_drop":0,"lossless":false}
2026-09-30T15:03:36.054	ngr/loco/9950011/state/nav	{"state":"NORMAL","mm":2,"target":1,"dir":-1,"session_dir":"CCW","position_reliable":1,"ir_distance_state":"HALL_IR_READY","reference_ready":1,"boot_reference":"PROVISIONAL_OR_SPATIAL","authority":"NAVI_EWO"}
2026-09-30T15:03:36.055	ngr/loco/9950011/telem/ir	{"ir_valid":1,"ir_mmps":10.713,"ir_coupled":0,"ir_speed_reason":"MEASURED","ir_applicable":1,"ir_reason":5,"ir_seq":14150,"ir_pulses":6764,"ir_gap":1,"ir_sat":0,"ir_abort":673,"authority":"NAVI_EWO"}
2026-09-30T15:03:36.055	ngr/loco/9950011/telem/speed	{"ir_valid":1,"ir_mmps":10.713,"ir_coupled":0,"ir_speed_reason":"MEASURED","ir_applicable":1,"ir_reason":5,"ir_seq":14150,"ir_pulses":6764,"ir_gap":1,"ir_sat":0,"ir_abort":673,"authority":"NAVI_EWO"}
2026-09-30T15:03:36.056	ngr/loco/9950011/diag/ir_link	{"radio_ready":1,"seen":28740,"source_mac":"38:18:2B:30:8C:2C","paired_mac":"38:18:2B:30:8C:2C","paired_for_display_only":1,"coupled":0,"invalid_wire":14672,"queue_drop":0}
2026-09-30T15:03:36.057	ngr/loco/9950011/state/throttle	90
2026-09-30T15:03:36.057	ngr/loco/9950011/state/direction	2
2026-09-30T15:03:36.060	ngr/loco/9950011/state/auto	1
2026-09-30T15:03:36.061	ngr/loco/9950011/state/estop	0
2026-09-30T15:03:36.061	ngr/loco/9950011/state/nav_ready	1
2026-09-30T15:03:36.942	ngr/loco/9950011/state/connectivity	{"wifi":1,"ip":"192.168.68.72","rssi":-36,"mqtt":1,"mqtt_state":0,"broker":"192.168.68.142","ir_radio":1,"ir_seen":28759,"ir_coupled":0,"navi_sync":1,"udp_failures":185}
2026-09-30T15:03:37.061	ngr/loco/9950011/state/loopstat	{"build":"NAVI_EYES_WIDE_OPEN_INTEGRATED_R2","mm":2,"target":1,"dir":-1,"target_distance_mm":340,"target_polarity":1,"position_reliable":1,"reference_ready":1,"reference":1903,"median5":0,"hall_support":0,"spatial_phase":2,"ir_applicable":1,"ir_distance_state":"HALL_IR_READY","ir_health_fault":6,"ir_readiness":3,"ir_boot":"761B38FCC6F727BE","ir_epoch":1,"ir_epoch_active":1,"ir_seq":14160,"ir_pulses":6764,"ir_reason":1,"ir_age_ms":46,"ir_span":31,"ir_gap":1,"ir_sat":0,"ir_abort":674,"ir_inferred_added":0,"ir_inferred_removed":0,"ir_calibration":0,"hall_seen":7114565,"ir_seen":14078,"hall_q_drop":0,"ir_q_drop":0,"ir_invalid":14683,"nsr_hall_drop":1,"nsr_ir_drop":0,"nsr_navi_drop":0,"nsr_native_drop":168,"event_drop":0,"pwm0_ir_motion":0,"confirmed":62,"missed":152,"pwm":90,"auto":1,"running":1,"estop":0,"lowvolt":0,"ir_stationary_pwm_warning":1,"pub_drop":0}
2026-09-30T15:03:37.065	ngr/loco/9950011/state/trace	{"consumption_drop":334,"action_drop":0,"command_queue_drop":0,"lossless":false}
2026-09-30T15:03:37.065	ngr/loco/9950011/state/nav	{"state":"NORMAL","mm":2,"target":1,"dir":-1,"session_dir":"CCW","position_reliable":1,"ir_distance_state":"HALL_IR_READY","reference_ready":1,"boot_reference":"PROVISIONAL_OR_SPATIAL","authority":"NAVI_EWO"}
2026-09-30T15:03:37.065	ngr/loco/9950011/telem/ir	{"ir_valid":1,"ir_mmps":0.000,"ir_coupled":0,"ir_speed_reason":"STOPPED","ir_applicable":1,"ir_reason":1,"ir_seq":14160,"ir_pulses":6764,"ir_gap":1,"ir_sat":0,"ir_abort":674,"authority":"NAVI_EWO"}
2026-09-30T15:03:37.066	ngr/loco/9950011/telem/speed	{"ir_valid":1,"ir_mmps":0.000,"ir_coupled":0,"ir_speed_reason":"STOPPED","ir_applicable":1,"ir_reason":1,"ir_seq":14160,"ir_pulses":6764,"ir_gap":1,"ir_sat":0,"ir_abort":674,"authority":"NAVI_EWO"}
2026-09-30T15:03:37.066	ngr/loco/9950011/diag/ir_link	{"radio_ready":1,"seen":28761,"source_mac":"38:18:2B:30:8C:2C","paired_mac":"38:18:2B:30:8C:2C","paired_for_display_only":1,"coupled":0,"invalid_wire":14683,"queue_drop":0}
2026-09-30T15:03:37.066	ngr/loco/9950011/state/throttle	90
2026-09-30T15:03:37.067	ngr/loco/9950011/state/direction	2
2026-09-30T15:03:37.067	ngr/loco/9950011/state/auto	1
2026-09-30T15:03:37.067	ngr/loco/9950011/state/estop	0
2026-09-30T15:03:37.068	ngr/loco/9950011/state/nav_ready	1
2026-09-30T15:03:38.054	ngr/loco/9950011/state/loopstat	{"build":"NAVI_EYES_WIDE_OPEN_INTEGRATED_R2","mm":2,"target":1,"dir":-1,"target_distance_mm":340,"target_polarity":1,"position_reliable":1,"reference_ready":1,"reference":1903,"median5":0,"hall_support":0,"spatial_phase":2,"ir_applicable":1,"ir_distance_state":"HALL_IR_READY","ir_health_fault":6,"ir_readiness":3,"ir_boot":"761B38FCC6F727BE","ir_epoch":1,"ir_epoch_active":1,"ir_seq":14170,"ir_pulses":6764,"ir_reason":1,"ir_age_ms":52,"ir_span":31,"ir_gap":1,"ir_sat":0,"ir_abort":674,"ir_inferred_added":0,"ir_inferred_removed":0,"ir_calibration":0,"hall_seen":7119569,"ir_seen":14088,"hall_q_drop":0,"ir_q_drop":0,"ir_invalid":14693,"nsr_hall_drop":1,"nsr_ir_drop":0,"nsr_navi_drop":0,"nsr_native_drop":168,"event_drop":0,"pwm0_ir_motion":0,"confirmed":62,"missed":152,"pwm":90,"auto":1,"running":1,"estop":0,"lowvolt":0,"ir_stationary_pwm_warning":1,"pub_drop":0}
2026-09-30T15:03:38.062	ngr/loco/9950011/state/trace	{"consumption_drop":334,"action_drop":0,"command_queue_drop":0,"lossless":false}
2026-09-30T15:03:38.064	ngr/loco/9950011/state/nav	{"state":"NORMAL","mm":2,"target":1,"dir":-1,"session_dir":"CCW","position_reliable":1,"ir_distance_state":"HALL_IR_READY","reference_ready":1,"boot_reference":"PROVISIONAL_OR_SPATIAL","authority":"NAVI_EWO"}
2026-09-30T15:03:38.065	ngr/loco/9950011/telem/ir	{"ir_valid":1,"ir_mmps":0.000,"ir_coupled":0,"ir_speed_reason":"STOPPED","ir_applicable":1,"ir_reason":1,"ir_seq":14170,"ir_pulses":6764,"ir_gap":1,"ir_sat":0,"ir_abort":674,"authority":"NAVI_EWO"}
2026-09-30T15:03:38.065	ngr/loco/9950011/telem/speed	{"ir_valid":1,"ir_mmps":0.000,"ir_coupled":0,"ir_speed_reason":"STOPPED","ir_applicable":1,"ir_reason":1,"ir_seq":14170,"ir_pulses":6764,"ir_gap":1,"ir_sat":0,"ir_abort":674,"authority":"NAVI_EWO"}
2026-09-30T15:03:38.066	ngr/loco/9950011/diag/ir_link	{"radio_ready":1,"seen":28781,"source_mac":"38:18:2B:30:8C:2C","paired_mac":"38:18:2B:30:8C:2C","paired_for_display_only":1,"coupled":0,"invalid_wire":14693,"queue_drop":0}
2026-09-30T15:03:38.066	ngr/loco/9950011/state/throttle	90
2026-09-30T15:03:38.066	ngr/loco/9950011/state/direction	2
2026-09-30T15:03:38.066	ngr/loco/9950011/state/auto	1
2026-09-30T15:03:38.067	ngr/loco/9950011/state/estop	0
2026-09-30T15:03:38.067	ngr/loco/9950011/state/nav_ready	1
2026-09-30T15:03:38.845	ngr/loco/9950011/state/lowvolt	0
2026-09-30T15:03:38.850	ngr/loco/9950011/telem/voltage	16.39
2026-09-30T15:03:38.852	ngr/loco/9950011/telem/current	0.32
2026-09-30T15:03:38.852	ngr/loco/9950011/telem/power	5.22
2026-09-30T15:03:39.048	ngr/loco/9950011/state/loopstat	{"build":"NAVI_EYES_WIDE_OPEN_INTEGRATED_R2","mm":2,"target":1,"dir":-1,"target_distance_mm":340,"target_polarity":1,"position_reliable":1,"reference_ready":1,"reference":1903,"median5":0,"hall_support":0,"spatial_phase":2,"ir_applicable":1,"ir_distance_state":"HALL_IR_READY","ir_health_fault":6,"ir_readiness":3,"ir_boot":"761B38FCC6F727BE","ir_epoch":1,"ir_epoch_active":1,"ir_seq":14180,"ir_pulses":6764,"ir_reason":1,"ir_age_ms":49,"ir_span":31,"ir_gap":1,"ir_sat":0,"ir_abort":674,"ir_inferred_added":0,"ir_inferred_removed":0,"ir_calibration":0,"hall_seen":7124573,"ir_seen":14098,"hall_q_drop":0,"ir_q_drop":0,"ir_invalid":14703,"nsr_hall_drop":1,"nsr_ir_drop":0,"nsr_navi_drop":0,"nsr_native_drop":168,"event_drop":0,"pwm0_ir_motion":0,"confirmed":62,"missed":152,"pwm":90,"auto":1,"running":1,"estop":0,"lowvolt":0,"ir_stationary_pwm_warning":1,"pub_drop":0}
2026-09-30T15:03:39.050	ngr/loco/9950011/state/trace	{"consumption_drop":334,"action_drop":0,"command_queue_drop":0,"lossless":false}
2026-09-30T15:03:39.051	ngr/loco/9950011/state/nav	{"state":"NORMAL","mm":2,"target":1,"dir":-1,"session_dir":"CCW","position_reliable":1,"ir_distance_state":"HALL_IR_READY","reference_ready":1,"boot_reference":"PROVISIONAL_OR_SPATIAL","authority":"NAVI_EWO"}
2026-09-30T15:03:39.051	ngr/loco/9950011/telem/ir	{"ir_valid":1,"ir_mmps":0.000,"ir_coupled":0,"ir_speed_reason":"STOPPED","ir_applicable":1,"ir_reason":1,"ir_seq":14180,"ir_pulses":6764,"ir_gap":1,"ir_sat":0,"ir_abort":674,"authority":"NAVI_EWO"}
2026-09-30T15:03:39.051	ngr/loco/9950011/telem/speed	{"ir_valid":1,"ir_mmps":0.000,"ir_coupled":0,"ir_speed_reason":"STOPPED","ir_applicable":1,"ir_reason":1,"ir_seq":14180,"ir_pulses":6764,"ir_gap":1,"ir_sat":0,"ir_abort":674,"authority":"NAVI_EWO"}
2026-09-30T15:03:39.052	ngr/loco/9950011/diag/ir_link	{"radio_ready":1,"seen":28801,"source_mac":"38:18:2B:30:8C:2C","paired_mac":"38:18:2B:30:8C:2C","paired_for_display_only":1,"coupled":0,"invalid_wire":14703,"queue_drop":0}
2026-09-30T15:03:39.053	ngr/loco/9950011/state/throttle	90
2026-09-30T15:03:39.053	ngr/loco/9950011/state/direction	2
2026-09-30T15:03:39.055	ngr/loco/9950011/state/auto	1
2026-09-30T15:03:39.055	ngr/loco/9950011/state/estop	0
2026-09-30T15:03:39.055	ngr/loco/9950011/state/nav_ready	1
2026-09-30T15:03:40.054	ngr/loco/9950011/state/loopstat	{"build":"NAVI_EYES_WIDE_OPEN_INTEGRATED_R2","mm":2,"target":1,"dir":-1,"target_distance_mm":340,"target_polarity":1,"position_reliable":1,"reference_ready":1,"reference":1903,"median5":0,"hall_support":0,"spatial_phase":2,"ir_applicable":1,"ir_distance_state":"HALL_IR_READY","ir_health_fault":6,"ir_readiness":3,"ir_boot":"761B38FCC6F727BE","ir_epoch":1,"ir_epoch_active":1,"ir_seq":14190,"ir_pulses":6764,"ir_reason":1,"ir_age_ms":52,"ir_span":31,"ir_gap":1,"ir_sat":0,"ir_abort":674,"ir_inferred_added":0,"ir_inferred_removed":0,"ir_calibration":0,"hall_seen":7129575,"ir_seen":14108,"hall_q_drop":0,"ir_q_drop":0,"ir_invalid":14714,"nsr_hall_drop":1,"nsr_ir_drop":0,"nsr_navi_drop":0,"nsr_native_drop":168,"event_drop":0,"pwm0_ir_motion":0,"confirmed":62,"missed":152,"pwm":90,"auto":1,"running":1,"estop":0,"lowvolt":0,"ir_stationary_pwm_warning":1,"pub_drop":0}
2026-09-30T15:03:40.060	ngr/loco/9950011/state/trace	{"consumption_drop":334,"action_drop":0,"command_queue_drop":0,"lossless":false}
2026-09-30T15:03:40.063	ngr/loco/9950011/state/nav	{"state":"NORMAL","mm":2,"target":1,"dir":-1,"session_dir":"CCW","position_reliable":1,"ir_distance_state":"HALL_IR_READY","reference_ready":1,"boot_reference":"PROVISIONAL_OR_SPATIAL","authority":"NAVI_EWO"}
2026-09-30T15:03:40.063	ngr/loco/9950011/telem/ir	{"ir_valid":1,"ir_mmps":0.000,"ir_coupled":0,"ir_speed_reason":"STOPPED","ir_applicable":1,"ir_reason":1,"ir_seq":14190,"ir_pulses":6764,"ir_gap":1,"ir_sat":0,"ir_abort":674,"authority":"NAVI_EWO"}
2026-09-30T15:03:40.063	ngr/loco/9950011/telem/speed	{"ir_valid":1,"ir_mmps":0.000,"ir_coupled":0,"ir_speed_reason":"STOPPED","ir_applicable":1,"ir_reason":1,"ir_seq":14190,"ir_pulses":6764,"ir_gap":1,"ir_sat":0,"ir_abort":674,"authority":"NAVI_EWO"}
2026-09-30T15:03:40.063	ngr/loco/9950011/diag/ir_link	{"radio_ready":1,"seen":28822,"source_mac":"38:18:2B:30:8C:2C","paired_mac":"38:18:2B:30:8C:2C","paired_for_display_only":1,"coupled":0,"invalid_wire":14714,"queue_drop":0}
2026-09-30T15:03:40.063	ngr/loco/9950011/state/throttle	90
2026-09-30T15:03:40.064	ngr/loco/9950011/state/direction	2
2026-09-30T15:03:40.064	ngr/loco/9950011/state/auto	1
2026-09-30T15:03:40.064	ngr/loco/9950011/state/estop	0
2026-09-30T15:03:40.067	ngr/loco/9950011/state/nav_ready	1
2026-09-30T15:03:41.058	ngr/loco/9950011/state/loopstat	{"build":"NAVI_EYES_WIDE_OPEN_INTEGRATED_R2","mm":2,"target":1,"dir":-1,"target_distance_mm":340,"target_polarity":1,"position_reliable":1,"reference_ready":1,"reference":1903,"median5":0,"hall_support":0,"spatial_phase":2,"ir_applicable":1,"ir_distance_state":"HALL_IR_READY","ir_health_fault":6,"ir_readiness":3,"ir_boot":"761B38FCC6F727BE","ir_epoch":1,"ir_epoch_active":1,"ir_seq":14200,"ir_pulses":6764,"ir_reason":1,"ir_age_ms":37,"ir_span":31,"ir_gap":1,"ir_sat":0,"ir_abort":674,"ir_inferred_added":0,"ir_inferred_removed":0,"ir_calibration":0,"hall_seen":7134573,"ir_seen":14118,"hall_q_drop":0,"ir_q_drop":0,"ir_invalid":14724,"nsr_hall_drop":1,"nsr_ir_drop":0,"nsr_navi_drop":0,"nsr_native_drop":168,"event_drop":0,"pwm0_ir_motion":0,"confirmed":62,"missed":152,"pwm":90,"auto":1,"running":1,"estop":0,"lowvolt":0,"ir_stationary_pwm_warning":1,"pub_drop":0}
2026-09-30T15:03:41.060	ngr/loco/9950011/state/trace	{"consumption_drop":334,"action_drop":0,"command_queue_drop":0,"lossless":false}
2026-09-30T15:03:41.060	ngr/loco/9950011/state/nav	{"state":"NORMAL","mm":2,"target":1,"dir":-1,"session_dir":"CCW","position_reliable":1,"ir_distance_state":"HALL_IR_READY","reference_ready":1,"boot_reference":"PROVISIONAL_OR_SPATIAL","authority":"NAVI_EWO"}
2026-09-30T15:03:41.060	ngr/loco/9950011/telem/ir	{"ir_valid":1,"ir_mmps":0.000,"ir_coupled":0,"ir_speed_reason":"STOPPED","ir_applicable":1,"ir_reason":1,"ir_seq":14200,"ir_pulses":6764,"ir_gap":1,"ir_sat":0,"ir_abort":674,"authority":"NAVI_EWO"}
2026-09-30T15:03:41.061	ngr/loco/9950011/telem/speed	{"ir_valid":1,"ir_mmps":0.000,"ir_coupled":0,"ir_speed_reason":"STOPPED","ir_applicable":1,"ir_reason":1,"ir_seq":14200,"ir_pulses":6764,"ir_gap":1,"ir_sat":0,"ir_abort":674,"authority":"NAVI_EWO"}
2026-09-30T15:03:41.061	ngr/loco/9950011/diag/ir_link	{"radio_ready":1,"seen":28842,"source_mac":"38:18:2B:30:8C:2C","paired_mac":"38:18:2B:30:8C:2C","paired_for_display_only":1,"coupled":0,"invalid_wire":14724,"queue_drop":0}
2026-09-30T15:03:41.061	ngr/loco/9950011/state/throttle	90
2026-09-30T15:03:41.061	ngr/loco/9950011/state/direction	2
2026-09-30T15:03:41.061	ngr/loco/9950011/state/auto	1
2026-09-30T15:03:41.062	ngr/loco/9950011/state/estop	0
2026-09-30T15:03:41.062	ngr/loco/9950011/state/nav_ready	1
2026-09-30T15:03:41.941	ngr/loco/9950011/state/connectivity	{"wifi":1,"ip":"192.168.68.72","rssi":-49,"mqtt":1,"mqtt_state":0,"broker":"192.168.68.142","ir_radio":1,"ir_seen":28861,"ir_coupled":0,"navi_sync":1,"udp_failures":185}
2026-09-30T15:03:42.055	ngr/loco/9950011/state/loopstat	{"build":"NAVI_EYES_WIDE_OPEN_INTEGRATED_R2","mm":2,"target":1,"dir":-1,"target_distance_mm":340,"target_polarity":1,"position_reliable":1,"reference_ready":1,"reference":1903,"median5":0,"hall_support":0,"spatial_phase":2,"ir_applicable":1,"ir_distance_state":"HALL_IR_READY","ir_health_fault":6,"ir_readiness":3,"ir_boot":"761B38FCC6F727BE","ir_epoch":1,"ir_epoch_active":1,"ir_seq":14210,"ir_pulses":6764,"ir_reason":1,"ir_age_ms":37,"ir_span":15,"ir_gap":1,"ir_sat":0,"ir_abort":674,"ir_inferred_added":0,"ir_inferred_removed":0,"ir_calibration":0,"hall_seen":7139570,"ir_seen":14128,"hall_q_drop":0,"ir_q_drop":0,"ir_invalid":14735,"nsr_hall_drop":1,"nsr_ir_drop":0,"nsr_navi_drop":0,"nsr_native_drop":168,"event_drop":0,"pwm0_ir_motion":0,"confirmed":62,"missed":152,"pwm":90,"auto":1,"running":1,"estop":0,"lowvolt":0,"ir_stationary_pwm_warning":1,"pub_drop":0}
2026-09-30T15:03:42.057	ngr/loco/9950011/state/trace	{"consumption_drop":334,"action_drop":0,"command_queue_drop":0,"lossless":false}
2026-09-30T15:03:42.057	ngr/loco/9950011/state/nav	{"state":"NORMAL","mm":2,"target":1,"dir":-1,"session_dir":"CCW","position_reliable":1,"ir_distance_state":"HALL_IR_READY","reference_ready":1,"boot_reference":"PROVISIONAL_OR_SPATIAL","authority":"NAVI_EWO"}
2026-09-30T15:03:42.060	ngr/loco/9950011/telem/ir	{"ir_valid":1,"ir_mmps":0.000,"ir_coupled":0,"ir_speed_reason":"STOPPED","ir_applicable":1,"ir_reason":1,"ir_seq":14210,"ir_pulses":6764,"ir_gap":1,"ir_sat":0,"ir_abort":674,"authority":"NAVI_EWO"}
2026-09-30T15:03:42.060	ngr/loco/9950011/telem/speed	{"ir_valid":1,"ir_mmps":0.000,"ir_coupled":0,"ir_speed_reason":"STOPPED","ir_applicable":1,"ir_reason":1,"ir_seq":14210,"ir_pulses":6764,"ir_gap":1,"ir_sat":0,"ir_abort":674,"authority":"NAVI_EWO"}
2026-09-30T15:03:42.060	ngr/loco/9950011/diag/ir_link	{"radio_ready":1,"seen":28863,"source_mac":"38:18:2B:30:8C:2C","paired_mac":"38:18:2B:30:8C:2C","paired_for_display_only":1,"coupled":0,"invalid_wire":14735,"queue_drop":0}
2026-09-30T15:03:42.062	ngr/loco/9950011/state/throttle	90
2026-09-30T15:03:42.062	ngr/loco/9950011/state/direction	2
2026-09-30T15:03:42.062	ngr/loco/9950011/state/auto	1
2026-09-30T15:03:42.064	ngr/loco/9950011/state/estop	0
2026-09-30T15:03:42.064	ngr/loco/9950011/state/nav_ready	1
2026-09-30T15:03:43.051	ngr/loco/9950011/state/loopstat	{"build":"NAVI_EYES_WIDE_OPEN_INTEGRATED_R2","mm":2,"target":1,"dir":-1,"target_distance_mm":340,"target_polarity":1,"position_reliable":1,"reference_ready":1,"reference":1903,"median5":0,"hall_support":0,"spatial_phase":2,"ir_applicable":1,"ir_distance_state":"HALL_IR_READY","ir_health_fault":6,"ir_readiness":3,"ir_boot":"761B38FCC6F727BE","ir_epoch":1,"ir_epoch_active":1,"ir_seq":14220,"ir_pulses":6764,"ir_reason":1,"ir_age_ms":50,"ir_span":31,"ir_gap":1,"ir_sat":0,"ir_abort":674,"ir_inferred_added":0,"ir_inferred_removed":0,"ir_calibration":0,"hall_seen":7144574,"ir_seen":14138,"hall_q_drop":0,"ir_q_drop":0,"ir_invalid":14745,"nsr_hall_drop":1,"nsr_ir_drop":0,"nsr_navi_drop":0,"nsr_native_drop":168,"event_drop":0,"pwm0_ir_motion":0,"confirmed":62,"missed":152,"pwm":90,"auto":1,"running":1,"estop":0,"lowvolt":0,"ir_stationary_pwm_warning":1,"pub_drop":0}
2026-09-30T15:03:43.053	ngr/loco/9950011/state/trace	{"consumption_drop":334,"action_drop":0,"command_queue_drop":0,"lossless":false}
2026-09-30T15:03:43.053	ngr/loco/9950011/state/nav	{"state":"NORMAL","mm":2,"target":1,"dir":-1,"session_dir":"CCW","position_reliable":1,"ir_distance_state":"HALL_IR_READY","reference_ready":1,"boot_reference":"PROVISIONAL_OR_SPATIAL","authority":"NAVI_EWO"}
2026-09-30T15:03:43.058	ngr/loco/9950011/telem/ir	{"ir_valid":1,"ir_mmps":0.000,"ir_coupled":0,"ir_speed_reason":"STOPPED","ir_applicable":1,"ir_reason":1,"ir_seq":14220,"ir_pulses":6764,"ir_gap":1,"ir_sat":0,"ir_abort":674,"authority":"NAVI_EWO"}
2026-09-30T15:03:43.059	ngr/loco/9950011/telem/speed	{"ir_valid":1,"ir_mmps":0.000,"ir_coupled":0,"ir_speed_reason":"STOPPED","ir_applicable":1,"ir_reason":1,"ir_seq":14220,"ir_pulses":6764,"ir_gap":1,"ir_sat":0,"ir_abort":674,"authority":"NAVI_EWO"}
2026-09-30T15:03:43.059	ngr/loco/9950011/diag/ir_link	{"radio_ready":1,"seen":28883,"source_mac":"38:18:2B:30:8C:2C","paired_mac":"38:18:2B:30:8C:2C","paired_for_display_only":1,"coupled":0,"invalid_wire":14745,"queue_drop":0}
2026-09-30T15:03:43.060	ngr/loco/9950011/state/throttle	90
2026-09-30T15:03:43.061	ngr/loco/9950011/state/direction	2
2026-09-30T15:03:43.061	ngr/loco/9950011/state/auto	1
2026-09-30T15:03:43.061	ngr/loco/9950011/state/estop	0
2026-09-30T15:03:43.061	ngr/loco/9950011/state/nav_ready	1
2026-09-30T15:03:43.860	ngr/loco/9950011/state/lowvolt	0
2026-09-30T15:03:43.924	ngr/loco/9950011/telem/voltage	16.41
2026-09-30T15:03:43.924	ngr/loco/9950011/telem/current	0.30
2026-09-30T15:03:43.924	ngr/loco/9950011/telem/power	4.81
2026-09-30T15:03:44.062	ngr/loco/9950011/state/loopstat	{"build":"NAVI_EYES_WIDE_OPEN_INTEGRATED_R2","mm":2,"target":1,"dir":-1,"target_distance_mm":340,"target_polarity":1,"position_reliable":1,"reference_ready":1,"reference":1903,"median5":0,"hall_support":0,"spatial_phase":2,"ir_applicable":1,"ir_distance_state":"HALL_IR_READY","ir_health_fault":6,"ir_readiness":3,"ir_boot":"761B38FCC6F727BE","ir_epoch":1,"ir_epoch_active":1,"ir_seq":14230,"ir_pulses":6764,"ir_reason":1,"ir_age_ms":41,"ir_span":31,"ir_gap":1,"ir_sat":0,"ir_abort":674,"ir_inferred_added":0,"ir_inferred_removed":0,"ir_calibration":0,"hall_seen":7149574,"ir_seen":14148,"hall_q_drop":0,"ir_q_drop":0,"ir_invalid":14756,"nsr_hall_drop":1,"nsr_ir_drop":0,"nsr_navi_drop":0,"nsr_native_drop":168,"event_drop":0,"pwm0_ir_motion":0,"confirmed":62,"missed":152,"pwm":90,"auto":1,"running":1,"estop":0,"lowvolt":0,"ir_stationary_pwm_warning":1,"pub_drop":0}
2026-09-30T15:03:44.067	ngr/loco/9950011/state/trace	{"consumption_drop":334,"action_drop":0,"command_queue_drop":0,"lossless":false}
2026-09-30T15:03:44.067	ngr/loco/9950011/state/nav	{"state":"NORMAL","mm":2,"target":1,"dir":-1,"session_dir":"CCW","position_reliable":1,"ir_distance_state":"HALL_IR_READY","reference_ready":1,"boot_reference":"PROVISIONAL_OR_SPATIAL","authority":"NAVI_EWO"}
2026-09-30T15:03:44.067	ngr/loco/9950011/telem/ir	{"ir_valid":1,"ir_mmps":0.000,"ir_coupled":0,"ir_speed_reason":"STOPPED","ir_applicable":1,"ir_reason":1,"ir_seq":14230,"ir_pulses":6764,"ir_gap":1,"ir_sat":0,"ir_abort":674,"authority":"NAVI_EWO"}
2026-09-30T15:03:44.067	ngr/loco/9950011/telem/speed	{"ir_valid":1,"ir_mmps":0.000,"ir_coupled":0,"ir_speed_reason":"STOPPED","ir_applicable":1,"ir_reason":1,"ir_seq":14230,"ir_pulses":6764,"ir_gap":1,"ir_sat":0,"ir_abort":674,"authority":"NAVI_EWO"}
2026-09-30T15:03:44.067	ngr/loco/9950011/diag/ir_link	{"radio_ready":1,"seen":28904,"source_mac":"38:18:2B:30:8C:2C","paired_mac":"38:18:2B:30:8C:2C","paired_for_display_only":1,"coupled":0,"invalid_wire":14756,"queue_drop":0}
2026-09-30T15:03:44.068	ngr/loco/9950011/state/throttle	90
2026-09-30T15:03:44.068	ngr/loco/9950011/state/direction	2
2026-09-30T15:03:44.068	ngr/loco/9950011/state/auto	1
2026-09-30T15:03:44.068	ngr/loco/9950011/state/estop	0
2026-09-30T15:03:44.068	ngr/loco/9950011/state/nav_ready	1
2026-09-30T15:03:45.051	ngr/loco/9950011/state/loopstat	{"build":"NAVI_EYES_WIDE_OPEN_INTEGRATED_R2","mm":2,"target":1,"dir":-1,"target_distance_mm":340,"target_polarity":1,"position_reliable":1,"reference_ready":1,"reference":1903,"median5":0,"hall_support":0,"spatial_phase":2,"ir_applicable":1,"ir_distance_state":"HALL_IR_READY","ir_health_fault":6,"ir_readiness":3,"ir_boot":"761B38FCC6F727BE","ir_epoch":1,"ir_epoch_active":1,"ir_seq":14240,"ir_pulses":6764,"ir_reason":1,"ir_age_ms":45,"ir_span":47,"ir_gap":1,"ir_sat":0,"ir_abort":674,"ir_inferred_added":0,"ir_inferred_removed":0,"ir_calibration":0,"hall_seen":7154574,"ir_seen":14158,"hall_q_drop":0,"ir_q_drop":0,"ir_invalid":14766,"nsr_hall_drop":1,"nsr_ir_drop":0,"nsr_navi_drop":0,"nsr_native_drop":168,"event_drop":0,"pwm0_ir_motion":0,"confirmed":62,"missed":152,"pwm":90,"auto":1,"running":1,"estop":0,"lowvolt":0,"ir_stationary_pwm_warning":1,"pub_drop":0}
2026-09-30T15:03:45.054	ngr/loco/9950011/state/trace	{"consumption_drop":334,"action_drop":0,"command_queue_drop":0,"lossless":false}
2026-09-30T15:03:45.055	ngr/loco/9950011/state/nav	{"state":"NORMAL","mm":2,"target":1,"dir":-1,"session_dir":"CCW","position_reliable":1,"ir_distance_state":"HALL_IR_READY","reference_ready":1,"boot_reference":"PROVISIONAL_OR_SPATIAL","authority":"NAVI_EWO"}
2026-09-30T15:03:45.056	ngr/loco/9950011/telem/ir	{"ir_valid":1,"ir_mmps":0.000,"ir_coupled":0,"ir_speed_reason":"STOPPED","ir_applicable":1,"ir_reason":1,"ir_seq":14240,"ir_pulses":6764,"ir_gap":1,"ir_sat":0,"ir_abort":674,"authority":"NAVI_EWO"}
2026-09-30T15:03:45.056	ngr/loco/9950011/telem/speed	{"ir_valid":1,"ir_mmps":0.000,"ir_coupled":0,"ir_speed_reason":"STOPPED","ir_applicable":1,"ir_reason":1,"ir_seq":14240,"ir_pulses":6764,"ir_gap":1,"ir_sat":0,"ir_abort":674,"authority":"NAVI_EWO"}
2026-09-30T15:03:45.056	ngr/loco/9950011/diag/ir_link	{"radio_ready":1,"seen":28924,"source_mac":"38:18:2B:30:8C:2C","paired_mac":"38:18:2B:30:8C:2C","paired_for_display_only":1,"coupled":0,"invalid_wire":14766,"queue_drop":0}
2026-09-30T15:03:45.057	ngr/loco/9950011/state/throttle	90
2026-09-30T15:03:45.057	ngr/loco/9950011/state/direction	2
2026-09-30T15:03:45.057	ngr/loco/9950011/state/auto	1
2026-09-30T15:03:45.057	ngr/loco/9950011/state/estop	0
2026-09-30T15:03:45.058	ngr/loco/9950011/state/nav_ready	1
2026-09-30T15:03:46.054	ngr/loco/9950011/state/loopstat	{"build":"NAVI_EYES_WIDE_OPEN_INTEGRATED_R2","mm":2,"target":1,"dir":-1,"target_distance_mm":340,"target_polarity":1,"position_reliable":1,"reference_ready":1,"reference":1903,"median5":0,"hall_support":0,"spatial_phase":2,"ir_applicable":1,"ir_distance_state":"HALL_IR_READY","ir_health_fault":6,"ir_readiness":3,"ir_boot":"761B38FCC6F727BE","ir_epoch":1,"ir_epoch_active":1,"ir_seq":14250,"ir_pulses":6764,"ir_reason":1,"ir_age_ms":45,"ir_span":63,"ir_gap":1,"ir_sat":0,"ir_abort":674,"ir_inferred_added":0,"ir_inferred_removed":0,"ir_calibration":0,"hall_seen":7159574,"ir_seen":14168,"hall_q_drop":0,"ir_q_drop":0,"ir_invalid":14776,"nsr_hall_drop":1,"nsr_ir_drop":0,"nsr_navi_drop":0,"nsr_native_drop":168,"event_drop":0,"pwm0_ir_motion":0,"confirmed":62,"missed":152,"pwm":90,"auto":1,"running":1,"estop":0,"lowvolt":0,"ir_stationary_pwm_warning":1,"pub_drop":0}
2026-09-30T15:03:46.057	ngr/loco/9950011/state/trace	{"consumption_drop":334,"action_drop":0,"command_queue_drop":0,"lossless":false}
2026-09-30T15:03:46.057	ngr/loco/9950011/state/nav	{"state":"NORMAL","mm":2,"target":1,"dir":-1,"session_dir":"CCW","position_reliable":1,"ir_distance_state":"HALL_IR_READY","reference_ready":1,"boot_reference":"PROVISIONAL_OR_SPATIAL","authority":"NAVI_EWO"}
2026-09-30T15:03:46.058	ngr/loco/9950011/telem/ir	{"ir_valid":1,"ir_mmps":0.000,"ir_coupled":0,"ir_speed_reason":"STOPPED","ir_applicable":1,"ir_reason":1,"ir_seq":14250,"ir_pulses":6764,"ir_gap":1,"ir_sat":0,"ir_abort":674,"authority":"NAVI_EWO"}
2026-09-30T15:03:46.059	ngr/loco/9950011/telem/speed	{"ir_valid":1,"ir_mmps":0.000,"ir_coupled":0,"ir_speed_reason":"STOPPED","ir_applicable":1,"ir_reason":1,"ir_seq":14250,"ir_pulses":6764,"ir_gap":1,"ir_sat":0,"ir_abort":674,"authority":"NAVI_EWO"}
2026-09-30T15:03:46.060	ngr/loco/9950011/diag/ir_link	{"radio_ready":1,"seen":28944,"source_mac":"38:18:2B:30:8C:2C","paired_mac":"38:18:2B:30:8C:2C","paired_for_display_only":1,"coupled":0,"invalid_wire":14776,"queue_drop":0}
2026-09-30T15:03:46.060	ngr/loco/9950011/state/throttle	90
2026-09-30T15:03:46.069	ngr/loco/9950011/state/direction	2
2026-09-30T15:03:46.070	ngr/loco/9950011/state/auto	1
2026-09-30T15:03:46.070	ngr/loco/9950011/state/estop	0
2026-09-30T15:03:46.073	ngr/loco/9950011/state/nav_ready	1
2026-09-30T15:03:46.943	ngr/loco/9950011/state/connectivity	{"wifi":1,"ip":"192.168.68.72","rssi":-39,"mqtt":1,"mqtt_state":0,"broker":"192.168.68.142","ir_radio":1,"ir_seen":28963,"ir_coupled":0,"navi_sync":1,"udp_failures":185}
2026-09-30T15:03:47.061	ngr/loco/9950011/state/loopstat	{"build":"NAVI_EYES_WIDE_OPEN_INTEGRATED_R2","mm":2,"target":1,"dir":-1,"target_distance_mm":340,"target_polarity":1,"position_reliable":1,"reference_ready":1,"reference":1903,"median5":0,"hall_support":0,"spatial_phase":2,"ir_applicable":1,"ir_distance_state":"HALL_IR_READY","ir_health_fault":6,"ir_readiness":3,"ir_boot":"761B38FCC6F727BE","ir_epoch":1,"ir_epoch_active":1,"ir_seq":14260,"ir_pulses":6764,"ir_reason":1,"ir_age_ms":45,"ir_span":15,"ir_gap":1,"ir_sat":0,"ir_abort":675,"ir_inferred_added":0,"ir_inferred_removed":0,"ir_calibration":0,"hall_seen":7164571,"ir_seen":14178,"hall_q_drop":0,"ir_q_drop":0,"ir_invalid":14787,"nsr_hall_drop":1,"nsr_ir_drop":0,"nsr_navi_drop":0,"nsr_native_drop":168,"event_drop":0,"pwm0_ir_motion":0,"confirmed":62,"missed":152,"pwm":90,"auto":1,"running":1,"estop":0,"lowvolt":0,"ir_stationary_pwm_warning":1,"pub_drop":0}
2026-09-30T15:03:47.064	ngr/loco/9950011/state/trace	{"consumption_drop":334,"action_drop":0,"command_queue_drop":0,"lossless":false}
2026-09-30T15:03:47.064	ngr/loco/9950011/state/nav	{"state":"NORMAL","mm":2,"target":1,"dir":-1,"session_dir":"CCW","position_reliable":1,"ir_distance_state":"HALL_IR_READY","reference_ready":1,"boot_reference":"PROVISIONAL_OR_SPATIAL","authority":"NAVI_EWO"}
2026-09-30T15:03:47.064	ngr/loco/9950011/telem/ir	{"ir_valid":1,"ir_mmps":0.000,"ir_coupled":0,"ir_speed_reason":"STOPPED","ir_applicable":1,"ir_reason":1,"ir_seq":14260,"ir_pulses":6764,"ir_gap":1,"ir_sat":0,"ir_abort":675,"authority":"NAVI_EWO"}
2026-09-30T15:03:47.065	ngr/loco/9950011/telem/speed	{"ir_valid":1,"ir_mmps":0.000,"ir_coupled":0,"ir_speed_reason":"STOPPED","ir_applicable":1,"ir_reason":1,"ir_seq":14260,"ir_pulses":6764,"ir_gap":1,"ir_sat":0,"ir_abort":675,"authority":"NAVI_EWO"}
2026-09-30T15:03:47.065	ngr/loco/9950011/diag/ir_link	{"radio_ready":1,"seen":28965,"source_mac":"38:18:2B:30:8C:2C","paired_mac":"38:18:2B:30:8C:2C","paired_for_display_only":1,"coupled":0,"invalid_wire":14787,"queue_drop":0}
2026-09-30T15:03:47.066	ngr/loco/9950011/state/throttle	90
2026-09-30T15:03:47.066	ngr/loco/9950011/state/direction	2
2026-09-30T15:03:47.066	ngr/loco/9950011/state/auto	1
2026-09-30T15:03:47.066	ngr/loco/9950011/state/estop	0
2026-09-30T15:03:47.067	ngr/loco/9950011/state/nav_ready	1
2026-09-30T15:03:48.050	ngr/loco/9950011/state/loopstat	{"build":"NAVI_EYES_WIDE_OPEN_INTEGRATED_R2","mm":2,"target":1,"dir":-1,"target_distance_mm":340,"target_polarity":1,"position_reliable":1,"reference_ready":1,"reference":1903,"median5":0,"hall_support":0,"spatial_phase":2,"ir_applicable":1,"ir_distance_state":"HALL_IR_READY","ir_health_fault":6,"ir_readiness":3,"ir_boot":"761B38FCC6F727BE","ir_epoch":1,"ir_epoch_active":1,"ir_seq":14270,"ir_pulses":6764,"ir_reason":1,"ir_age_ms":28,"ir_span":31,"ir_gap":1,"ir_sat":0,"ir_abort":675,"ir_inferred_added":0,"ir_inferred_removed":0,"ir_calibration":0,"hall_seen":7169573,"ir_seen":14188,"hall_q_drop":0,"ir_q_drop":0,"ir_invalid":14797,"nsr_hall_drop":1,"nsr_ir_drop":0,"nsr_navi_drop":0,"nsr_native_drop":168,"event_drop":0,"pwm0_ir_motion":0,"confirmed":62,"missed":152,"pwm":90,"auto":1,"running":1,"estop":0,"lowvolt":0,"ir_stationary_pwm_warning":1,"pub_drop":0}
2026-09-30T15:03:48.052	ngr/loco/9950011/state/trace	{"consumption_drop":334,"action_drop":0,"command_queue_drop":0,"lossless":false}
2026-09-30T15:03:48.052	ngr/loco/9950011/state/nav	{"state":"NORMAL","mm":2,"target":1,"dir":-1,"session_dir":"CCW","position_reliable":1,"ir_distance_state":"HALL_IR_READY","reference_ready":1,"boot_reference":"PROVISIONAL_OR_SPATIAL","authority":"NAVI_EWO"}
2026-09-30T15:03:48.053	ngr/loco/9950011/telem/ir	{"ir_valid":1,"ir_mmps":0.000,"ir_coupled":0,"ir_speed_reason":"STOPPED","ir_applicable":1,"ir_reason":1,"ir_seq":14270,"ir_pulses":6764,"ir_gap":1,"ir_sat":0,"ir_abort":675,"authority":"NAVI_EWO"}
2026-09-30T15:03:48.053	ngr/loco/9950011/telem/speed	{"ir_valid":1,"ir_mmps":0.000,"ir_coupled":0,"ir_speed_reason":"STOPPED","ir_applicable":1,"ir_reason":1,"ir_seq":14270,"ir_pulses":6764,"ir_gap":1,"ir_sat":0,"ir_abort":675,"authority":"NAVI_EWO"}
2026-09-30T15:03:48.053	ngr/loco/9950011/diag/ir_link	{"radio_ready":1,"seen":28985,"source_mac":"38:18:2B:30:8C:2C","paired_mac":"38:18:2B:30:8C:2C","paired_for_display_only":1,"coupled":0,"invalid_wire":14797,"queue_drop":0}
2026-09-30T15:03:48.058	ngr/loco/9950011/state/throttle	90
2026-09-30T15:03:48.059	ngr/loco/9950011/state/direction	2
2026-09-30T15:03:48.059	ngr/loco/9950011/state/auto	1
2026-09-30T15:03:48.066	ngr/loco/9950011/state/estop	0
2026-09-30T15:03:48.066	ngr/loco/9950011/state/nav_ready	1
2026-09-30T15:03:48.852	ngr/loco/9950011/state/lowvolt	0
2026-09-30T15:03:48.854	ngr/loco/9950011/telem/voltage	16.40
2026-09-30T15:03:48.858	ngr/loco/9950011/telem/current	0.31
2026-09-30T15:03:48.858	ngr/loco/9950011/telem/power	5.08
2026-09-30T15:03:49.053	ngr/loco/9950011/state/loopstat	{"build":"NAVI_EYES_WIDE_OPEN_INTEGRATED_R2","mm":2,"target":1,"dir":-1,"target_distance_mm":340,"target_polarity":1,"position_reliable":1,"reference_ready":1,"reference":1903,"median5":0,"hall_support":0,"spatial_phase":2,"ir_applicable":1,"ir_distance_state":"HALL_IR_READY","ir_health_fault":0,"ir_readiness":2,"ir_boot":"761B38FCC6F727BE","ir_epoch":1,"ir_epoch_active":1,"ir_seq":14280,"ir_pulses":6764,"ir_reason":5,"ir_age_ms":29,"ir_span":255,"ir_gap":1,"ir_sat":0,"ir_abort":675,"ir_inferred_added":0,"ir_inferred_removed":0,"ir_calibration":0,"hall_seen":7174574,"ir_seen":14198,"hall_q_drop":0,"ir_q_drop":0,"ir_invalid":14808,"nsr_hall_drop":1,"nsr_ir_drop":0,"nsr_navi_drop":0,"nsr_native_drop":168,"event_drop":0,"pwm0_ir_motion":0,"confirmed":62,"missed":152,"pwm":90,"auto":1,"running":1,"estop":0,"lowvolt":0,"ir_stationary_pwm_warning":1,"pub_drop":0}
2026-09-30T15:03:49.057	ngr/loco/9950011/state/trace	{"consumption_drop":334,"action_drop":0,"command_queue_drop":0,"lossless":false}
2026-09-30T15:03:49.058	ngr/loco/9950011/state/nav	{"state":"NORMAL","mm":2,"target":1,"dir":-1,"session_dir":"CCW","position_reliable":1,"ir_distance_state":"HALL_IR_READY","reference_ready":1,"boot_reference":"PROVISIONAL_OR_SPATIAL","authority":"NAVI_EWO"}
2026-09-30T15:03:49.060	ngr/loco/9950011/telem/ir	{"ir_valid":1,"ir_mmps":0.000,"ir_coupled":0,"ir_speed_reason":"STOPPED","ir_applicable":1,"ir_reason":5,"ir_seq":14280,"ir_pulses":6764,"ir_gap":1,"ir_sat":0,"ir_abort":675,"authority":"NAVI_EWO"}
2026-09-30T15:03:49.060	ngr/loco/9950011/telem/speed	{"ir_valid":1,"ir_mmps":0.000,"ir_coupled":0,"ir_speed_reason":"STOPPED","ir_applicable":1,"ir_reason":5,"ir_seq":14280,"ir_pulses":6764,"ir_gap":1,"ir_sat":0,"ir_abort":675,"authority":"NAVI_EWO"}
2026-09-30T15:03:49.060	ngr/loco/9950011/diag/ir_link	{"radio_ready":1,"seen":29006,"source_mac":"38:18:2B:30:8C:2C","paired_mac":"38:18:2B:30:8C:2C","paired_for_display_only":1,"coupled":0,"invalid_wire":14808,"queue_drop":0}
2026-09-30T15:03:49.061	ngr/loco/9950011/state/throttle	90
2026-09-30T15:03:49.061	ngr/loco/9950011/state/direction	2
2026-09-30T15:03:49.061	ngr/loco/9950011/state/auto	1
2026-09-30T15:03:49.062	ngr/loco/9950011/state/estop	0
2026-09-30T15:03:49.062	ngr/loco/9950011/state/nav_ready	1
2026-09-30T15:03:50.052	ngr/loco/9950011/state/loopstat	{"build":"NAVI_EYES_WIDE_OPEN_INTEGRATED_R2","mm":2,"target":1,"dir":-1,"target_distance_mm":340,"target_polarity":1,"position_reliable":1,"reference_ready":1,"reference":1903,"median5":0,"hall_support":0,"spatial_phase":2,"ir_applicable":1,"ir_distance_state":"HALL_IR_READY","ir_health_fault":6,"ir_readiness":3,"ir_boot":"761B38FCC6F727BE","ir_epoch":1,"ir_epoch_active":1,"ir_seq":14290,"ir_pulses":6764,"ir_reason":1,"ir_age_ms":33,"ir_span":191,"ir_gap":1,"ir_sat":0,"ir_abort":675,"ir_inferred_added":0,"ir_inferred_removed":0,"ir_calibration":0,"hall_seen":7179574,"ir_seen":14208,"hall_q_drop":0,"ir_q_drop":0,"ir_invalid":14817,"nsr_hall_drop":1,"nsr_ir_drop":0,"nsr_navi_drop":0,"nsr_native_drop":168,"event_drop":0,"pwm0_ir_motion":0,"confirmed":62,"missed":152,"pwm":90,"auto":1,"running":1,"estop":0,"lowvolt":0,"ir_stationary_pwm_warning":1,"pub_drop":0}
2026-09-30T15:03:50.057	ngr/loco/9950011/state/trace	{"consumption_drop":334,"action_drop":0,"command_queue_drop":0,"lossless":false}
2026-09-30T15:03:50.057	ngr/loco/9950011/state/nav	{"state":"NORMAL","mm":2,"target":1,"dir":-1,"session_dir":"CCW","position_reliable":1,"ir_distance_state":"HALL_IR_READY","reference_ready":1,"boot_reference":"PROVISIONAL_OR_SPATIAL","authority":"NAVI_EWO"}
2026-09-30T15:03:50.061	ngr/loco/9950011/telem/ir	{"ir_valid":1,"ir_mmps":0.000,"ir_coupled":0,"ir_speed_reason":"STOPPED","ir_applicable":1,"ir_reason":1,"ir_seq":14290,"ir_pulses":6764,"ir_gap":1,"ir_sat":0,"ir_abort":675,"authority":"NAVI_EWO"}
2026-09-30T15:03:50.061	ngr/loco/9950011/telem/speed	{"ir_valid":1,"ir_mmps":0.000,"ir_coupled":0,"ir_speed_reason":"STOPPED","ir_applicable":1,"ir_reason":1,"ir_seq":14290,"ir_pulses":6764,"ir_gap":1,"ir_sat":0,"ir_abort":675,"authority":"NAVI_EWO"}
2026-09-30T15:03:50.061	ngr/loco/9950011/diag/ir_link	{"radio_ready":1,"seen":29025,"source_mac":"38:18:2B:30:8C:2C","paired_mac":"38:18:2B:30:8C:2C","paired_for_display_only":1,"coupled":0,"invalid_wire":14817,"queue_drop":0}
2026-09-30T15:03:50.061	ngr/loco/9950011/state/throttle	90
2026-09-30T15:03:50.062	ngr/loco/9950011/state/direction	2
2026-09-30T15:03:50.063	ngr/loco/9950011/state/auto	1
2026-09-30T15:03:50.063	ngr/loco/9950011/state/estop	0
2026-09-30T15:03:50.064	ngr/loco/9950011/state/nav_ready	1
2026-09-30T15:03:51.049	ngr/loco/9950011/state/loopstat	{"build":"NAVI_EYES_WIDE_OPEN_INTEGRATED_R2","mm":2,"target":1,"dir":-1,"target_distance_mm":340,"target_polarity":1,"position_reliable":1,"reference_ready":1,"reference":1903,"median5":0,"hall_support":0,"spatial_phase":2,"ir_applicable":1,"ir_distance_state":"HALL_IR_READY","ir_health_fault":6,"ir_readiness":3,"ir_boot":"761B38FCC6F727BE","ir_epoch":1,"ir_epoch_active":1,"ir_seq":14300,"ir_pulses":6764,"ir_reason":1,"ir_age_ms":33,"ir_span":31,"ir_gap":1,"ir_sat":0,"ir_abort":676,"ir_inferred_added":0,"ir_inferred_removed":0,"ir_calibration":0,"hall_seen":7184575,"ir_seen":14218,"hall_q_drop":0,"ir_q_drop":0,"ir_invalid":14828,"nsr_hall_drop":1,"nsr_ir_drop":0,"nsr_navi_drop":0,"nsr_native_drop":168,"event_drop":0,"pwm0_ir_motion":0,"confirmed":62,"missed":152,"pwm":90,"auto":1,"running":1,"estop":0,"lowvolt":0,"ir_stationary_pwm_warning":1,"pub_drop":0}
2026-09-30T15:03:51.052	ngr/loco/9950011/state/trace	{"consumption_drop":334,"action_drop":0,"command_queue_drop":0,"lossless":false}
2026-09-30T15:03:51.053	ngr/loco/9950011/state/nav	{"state":"NORMAL","mm":2,"target":1,"dir":-1,"session_dir":"CCW","position_reliable":1,"ir_distance_state":"HALL_IR_READY","reference_ready":1,"boot_reference":"PROVISIONAL_OR_SPATIAL","authority":"NAVI_EWO"}
2026-09-30T15:03:51.053	ngr/loco/9950011/telem/ir	{"ir_valid":1,"ir_mmps":0.000,"ir_coupled":0,"ir_speed_reason":"STOPPED","ir_applicable":1,"ir_reason":1,"ir_seq":14300,"ir_pulses":6764,"ir_gap":1,"ir_sat":0,"ir_abort":676,"authority":"NAVI_EWO"}
2026-09-30T15:03:51.054	ngr/loco/9950011/telem/speed	{"ir_valid":1,"ir_mmps":0.000,"ir_coupled":0,"ir_speed_reason":"STOPPED","ir_applicable":1,"ir_reason":1,"ir_seq":14300,"ir_pulses":6764,"ir_gap":1,"ir_sat":0,"ir_abort":676,"authority":"NAVI_EWO"}
2026-09-30T15:03:51.055	ngr/loco/9950011/diag/ir_link	{"radio_ready":1,"seen":29046,"source_mac":"38:18:2B:30:8C:2C","paired_mac":"38:18:2B:30:8C:2C","paired_for_display_only":1,"coupled":0,"invalid_wire":14828,"queue_drop":0}
2026-09-30T15:03:51.055	ngr/loco/9950011/state/throttle	90
2026-09-30T15:03:51.056	ngr/loco/9950011/state/direction	2
2026-09-30T15:03:51.056	ngr/loco/9950011/state/auto	1
2026-09-30T15:03:51.056	ngr/loco/9950011/state/estop	0
2026-09-30T15:03:51.057	ngr/loco/9950011/state/nav_ready	1
2026-09-30T15:03:51.954	ngr/loco/9950011/state/connectivity	{"wifi":1,"ip":"192.168.68.72","rssi":-42,"mqtt":1,"mqtt_state":0,"broker":"192.168.68.142","ir_radio":1,"ir_seen":29064,"ir_coupled":0,"navi_sync":1,"udp_failures":185}
2026-09-30T15:03:52.054	ngr/loco/9950011/state/loopstat	{"build":"NAVI_EYES_WIDE_OPEN_INTEGRATED_R2","mm":2,"target":1,"dir":-1,"target_distance_mm":340,"target_polarity":1,"position_reliable":1,"reference_ready":1,"reference":1903,"median5":0,"hall_support":0,"spatial_phase":2,"ir_applicable":1,"ir_distance_state":"HALL_IR_READY","ir_health_fault":0,"ir_readiness":2,"ir_boot":"761B38FCC6F727BE","ir_epoch":1,"ir_epoch_active":1,"ir_seq":14310,"ir_pulses":6764,"ir_reason":5,"ir_age_ms":38,"ir_span":447,"ir_gap":1,"ir_sat":0,"ir_abort":676,"ir_inferred_added":0,"ir_inferred_removed":0,"ir_calibration":0,"hall_seen":7189580,"ir_seen":14228,"hall_q_drop":0,"ir_q_drop":0,"ir_invalid":14838,"nsr_hall_drop":1,"nsr_ir_drop":0,"nsr_navi_drop":0,"nsr_native_drop":168,"event_drop":0,"pwm0_ir_motion":0,"confirmed":62,"missed":152,"pwm":90,"auto":1,"running":1,"estop":0,"lowvolt":0,"ir_stationary_pwm_warning":1,"pub_drop":0}
2026-09-30T15:03:52.058	ngr/loco/9950011/state/trace	{"consumption_drop":334,"action_drop":0,"command_queue_drop":0,"lossless":false}
2026-09-30T15:03:52.058	ngr/loco/9950011/state/nav	{"state":"NORMAL","mm":2,"target":1,"dir":-1,"session_dir":"CCW","position_reliable":1,"ir_distance_state":"HALL_IR_READY","reference_ready":1,"boot_reference":"PROVISIONAL_OR_SPATIAL","authority":"NAVI_EWO"}
2026-09-30T15:03:52.059	ngr/loco/9950011/telem/ir	{"ir_valid":1,"ir_mmps":0.000,"ir_coupled":0,"ir_speed_reason":"STOPPED","ir_applicable":1,"ir_reason":5,"ir_seq":14310,"ir_pulses":6764,"ir_gap":1,"ir_sat":0,"ir_abort":676,"authority":"NAVI_EWO"}
2026-09-30T15:03:52.059	ngr/loco/9950011/telem/speed	{"ir_valid":1,"ir_mmps":0.000,"ir_coupled":0,"ir_speed_reason":"STOPPED","ir_applicable":1,"ir_reason":5,"ir_seq":14310,"ir_pulses":6764,"ir_gap":1,"ir_sat":0,"ir_abort":676,"authority":"NAVI_EWO"}
2026-09-30T15:03:52.059	ngr/loco/9950011/diag/ir_link	{"radio_ready":1,"seen":29066,"source_mac":"38:18:2B:30:8C:2C","paired_mac":"38:18:2B:30:8C:2C","paired_for_display_only":1,"coupled":0,"invalid_wire":14838,"queue_drop":0}
2026-09-30T15:03:52.059	ngr/loco/9950011/state/throttle	90
2026-09-30T15:03:52.059	ngr/loco/9950011/state/direction	2
2026-09-30T15:03:52.059	ngr/loco/9950011/state/auto	1
2026-09-30T15:03:52.060	ngr/loco/9950011/state/estop	0
2026-09-30T15:03:52.060	ngr/loco/9950011/state/nav_ready	1
2026-09-30T15:03:53.058	ngr/loco/9950011/state/loopstat	{"build":"NAVI_EYES_WIDE_OPEN_INTEGRATED_R2","mm":2,"target":1,"dir":-1,"target_distance_mm":340,"target_polarity":1,"position_reliable":1,"reference_ready":1,"reference":1903,"median5":0,"hall_support":0,"spatial_phase":2,"ir_applicable":1,"ir_distance_state":"HALL_IR_READY","ir_health_fault":0,"ir_readiness":2,"ir_boot":"761B38FCC6F727BE","ir_epoch":1,"ir_epoch_active":1,"ir_seq":14320,"ir_pulses":6764,"ir_reason":5,"ir_age_ms":37,"ir_span":1391,"ir_gap":1,"ir_sat":0,"ir_abort":676,"ir_inferred_added":0,"ir_inferred_removed":0,"ir_calibration":0,"hall_seen":7194577,"ir_seen":14238,"hall_q_drop":0,"ir_q_drop":0,"ir_invalid":14848,"nsr_hall_drop":1,"nsr_ir_drop":0,"nsr_navi_drop":0,"nsr_native_drop":168,"event_drop":0,"pwm0_ir_motion":0,"confirmed":62,"missed":152,"pwm":90,"auto":1,"running":1,"estop":0,"lowvolt":0,"ir_stationary_pwm_warning":1,"pub_drop":0}
2026-09-30T15:03:53.061	ngr/loco/9950011/state/trace	{"consumption_drop":334,"action_drop":0,"command_queue_drop":0,"lossless":false}
2026-09-30T15:03:53.061	ngr/loco/9950011/state/nav	{"state":"NORMAL","mm":2,"target":1,"dir":-1,"session_dir":"CCW","position_reliable":1,"ir_distance_state":"HALL_IR_READY","reference_ready":1,"boot_reference":"PROVISIONAL_OR_SPATIAL","authority":"NAVI_EWO"}
2026-09-30T15:03:53.061	ngr/loco/9950011/telem/ir	{"ir_valid":1,"ir_mmps":0.000,"ir_coupled":0,"ir_speed_reason":"STOPPED","ir_applicable":1,"ir_reason":5,"ir_seq":14320,"ir_pulses":6764,"ir_gap":1,"ir_sat":0,"ir_abort":676,"authority":"NAVI_EWO"}
2026-09-30T15:03:53.062	ngr/loco/9950011/telem/speed	{"ir_valid":1,"ir_mmps":0.000,"ir_coupled":0,"ir_speed_reason":"STOPPED","ir_applicable":1,"ir_reason":5,"ir_seq":14320,"ir_pulses":6764,"ir_gap":1,"ir_sat":0,"ir_abort":676,"authority":"NAVI_EWO"}
2026-09-30T15:03:53.063	ngr/loco/9950011/diag/ir_link	{"radio_ready":1,"seen":29086,"source_mac":"38:18:2B:30:8C:2C","paired_mac":"38:18:2B:30:8C:2C","paired_for_display_only":1,"coupled":0,"invalid_wire":14848,"queue_drop":0}
2026-09-30T15:03:53.064	ngr/loco/9950011/state/throttle	90
2026-09-30T15:03:53.064	ngr/loco/9950011/state/direction	2
2026-09-30T15:03:53.065	ngr/loco/9950011/state/auto	1
2026-09-30T15:03:53.066	ngr/loco/9950011/state/estop	0
2026-09-30T15:03:53.066	ngr/loco/9950011/state/nav_ready	1
2026-09-30T15:03:53.860	ngr/loco/9950011/state/lowvolt	0
2026-09-30T15:03:53.864	ngr/loco/9950011/telem/voltage	16.41
2026-09-30T15:03:53.864	ngr/loco/9950011/telem/current	0.33
2026-09-30T15:03:53.865	ngr/loco/9950011/telem/power	3.86
2026-09-30T15:03:54.054	ngr/loco/9950011/state/loopstat	{"build":"NAVI_EYES_WIDE_OPEN_INTEGRATED_R2","mm":2,"target":1,"dir":-1,"target_distance_mm":340,"target_polarity":1,"position_reliable":1,"reference_ready":1,"reference":1903,"median5":0,"hall_support":0,"spatial_phase":2,"ir_applicable":1,"ir_distance_state":"HALL_IR_READY","ir_health_fault":6,"ir_readiness":3,"ir_boot":"761B38FCC6F727BE","ir_epoch":1,"ir_epoch_active":1,"ir_seq":14330,"ir_pulses":6764,"ir_reason":1,"ir_age_ms":38,"ir_span":31,"ir_gap":1,"ir_sat":0,"ir_abort":677,"ir_inferred_added":0,"ir_inferred_removed":0,"ir_calibration":0,"hall_seen":7199580,"ir_seen":14248,"hall_q_drop":0,"ir_q_drop":0,"ir_invalid":14859,"nsr_hall_drop":1,"nsr_ir_drop":0,"nsr_navi_drop":0,"nsr_native_drop":168,"event_drop":0,"pwm0_ir_motion":0,"confirmed":62,"missed":152,"pwm":90,"auto":1,"running":1,"estop":0,"lowvolt":0,"ir_stationary_pwm_warning":1,"pub_drop":0}
2026-09-30T15:03:54.057	ngr/loco/9950011/state/trace	{"consumption_drop":334,"action_drop":0,"command_queue_drop":0,"lossless":false}
2026-09-30T15:03:54.057	ngr/loco/9950011/state/nav	{"state":"NORMAL","mm":2,"target":1,"dir":-1,"session_dir":"CCW","position_reliable":1,"ir_distance_state":"HALL_IR_READY","reference_ready":1,"boot_reference":"PROVISIONAL_OR_SPATIAL","authority":"NAVI_EWO"}
2026-09-30T15:03:54.058	ngr/loco/9950011/telem/ir	{"ir_valid":1,"ir_mmps":0.000,"ir_coupled":0,"ir_speed_reason":"STOPPED","ir_applicable":1,"ir_reason":1,"ir_seq":14330,"ir_pulses":6764,"ir_gap":1,"ir_sat":0,"ir_abort":677,"authority":"NAVI_EWO"}
2026-09-30T15:03:54.058	ngr/loco/9950011/telem/speed	{"ir_valid":1,"ir_mmps":0.000,"ir_coupled":0,"ir_speed_reason":"STOPPED","ir_applicable":1,"ir_reason":1,"ir_seq":14330,"ir_pulses":6764,"ir_gap":1,"ir_sat":0,"ir_abort":677,"authority":"NAVI_EWO"}
2026-09-30T15:03:54.058	ngr/loco/9950011/diag/ir_link	{"radio_ready":1,"seen":29107,"source_mac":"38:18:2B:30:8C:2C","paired_mac":"38:18:2B:30:8C:2C","paired_for_display_only":1,"coupled":0,"invalid_wire":14859,"queue_drop":0}
2026-09-30T15:03:54.059	ngr/loco/9950011/state/throttle	90
2026-09-30T15:03:54.059	ngr/loco/9950011/state/direction	2
2026-09-30T15:03:54.059	ngr/loco/9950011/state/auto	1
2026-09-30T15:03:54.061	ngr/loco/9950011/state/estop	0
2026-09-30T15:03:54.062	ngr/loco/9950011/state/nav_ready	1
2026-09-30T15:03:55.054	ngr/loco/9950011/state/loopstat	{"build":"NAVI_EYES_WIDE_OPEN_INTEGRATED_R2","mm":2,"target":1,"dir":-1,"target_distance_mm":340,"target_polarity":1,"position_reliable":1,"reference_ready":1,"reference":1903,"median5":0,"hall_support":0,"spatial_phase":2,"ir_applicable":1,"ir_distance_state":"HALL_IR_READY","ir_health_fault":0,"ir_readiness":2,"ir_boot":"761B38FCC6F727BE","ir_epoch":1,"ir_epoch_active":1,"ir_seq":14340,"ir_pulses":6764,"ir_reason":5,"ir_age_ms":42,"ir_span":1375,"ir_gap":1,"ir_sat":0,"ir_abort":677,"ir_inferred_added":0,"ir_inferred_removed":0,"ir_calibration":0,"hall_seen":7204578,"ir_seen":14258,"hall_q_drop":0,"ir_q_drop":0,"ir_invalid":14869,"nsr_hall_drop":1,"nsr_ir_drop":0,"nsr_navi_drop":0,"nsr_native_drop":168,"event_drop":0,"pwm0_ir_motion":0,"confirmed":62,"missed":152,"pwm":90,"auto":1,"running":1,"estop":0,"lowvolt":0,"ir_stationary_pwm_warning":1,"pub_drop":0}
2026-09-30T15:03:55.059	ngr/loco/9950011/state/trace	{"consumption_drop":334,"action_drop":0,"command_queue_drop":0,"lossless":false}
2026-09-30T15:03:55.060	ngr/loco/9950011/state/nav	{"state":"NORMAL","mm":2,"target":1,"dir":-1,"session_dir":"CCW","position_reliable":1,"ir_distance_state":"HALL_IR_READY","reference_ready":1,"boot_reference":"PROVISIONAL_OR_SPATIAL","authority":"NAVI_EWO"}
2026-09-30T15:03:55.060	ngr/loco/9950011/telem/ir	{"ir_valid":1,"ir_mmps":0.000,"ir_coupled":0,"ir_speed_reason":"STOPPED","ir_applicable":1,"ir_reason":5,"ir_seq":14340,"ir_pulses":6764,"ir_gap":1,"ir_sat":0,"ir_abort":677,"authority":"NAVI_EWO"}
2026-09-30T15:03:55.060	ngr/loco/9950011/telem/speed	{"ir_valid":1,"ir_mmps":0.000,"ir_coupled":0,"ir_speed_reason":"STOPPED","ir_applicable":1,"ir_reason":5,"ir_seq":14340,"ir_pulses":6764,"ir_gap":1,"ir_sat":0,"ir_abort":677,"authority":"NAVI_EWO"}
2026-09-30T15:03:55.060	ngr/loco/9950011/diag/ir_link	{"radio_ready":1,"seen":29127,"source_mac":"38:18:2B:30:8C:2C","paired_mac":"38:18:2B:30:8C:2C","paired_for_display_only":1,"coupled":0,"invalid_wire":14869,"queue_drop":0}
2026-09-30T15:03:55.060	ngr/loco/9950011/state/throttle	90
2026-09-30T15:03:55.061	ngr/loco/9950011/state/direction	2
2026-09-30T15:03:55.061	ngr/loco/9950011/state/auto	1
2026-09-30T15:03:55.061	ngr/loco/9950011/state/estop	0
2026-09-30T15:03:55.062	ngr/loco/9950011/state/nav_ready	1
2026-09-30T15:03:56.047	ngr/loco/9950011/state/loopstat	{"build":"NAVI_EYES_WIDE_OPEN_INTEGRATED_R2","mm":2,"target":1,"dir":-1,"target_distance_mm":340,"target_polarity":1,"position_reliable":1,"reference_ready":1,"reference":1903,"median5":0,"hall_support":0,"spatial_phase":2,"ir_applicable":1,"ir_distance_state":"HALL_IR_READY","ir_health_fault":0,"ir_readiness":2,"ir_boot":"761B38FCC6F727BE","ir_epoch":1,"ir_epoch_active":1,"ir_seq":14350,"ir_pulses":6764,"ir_reason":5,"ir_age_ms":42,"ir_span":511,"ir_gap":1,"ir_sat":0,"ir_abort":677,"ir_inferred_added":0,"ir_inferred_removed":0,"ir_calibration":0,"hall_seen":7209582,"ir_seen":14268,"hall_q_drop":0,"ir_q_drop":0,"ir_invalid":14880,"nsr_hall_drop":1,"nsr_ir_drop":0,"nsr_navi_drop":0,"nsr_native_drop":168,"event_drop":0,"pwm0_ir_motion":0,"confirmed":62,"missed":152,"pwm":90,"auto":1,"running":1,"estop":0,"lowvolt":0,"ir_stationary_pwm_warning":1,"pub_drop":0}
2026-09-30T15:03:56.050	ngr/loco/9950011/state/trace	{"consumption_drop":334,"action_drop":0,"command_queue_drop":0,"lossless":false}
2026-09-30T15:03:56.052	ngr/loco/9950011/state/nav	{"state":"NORMAL","mm":2,"target":1,"dir":-1,"session_dir":"CCW","position_reliable":1,"ir_distance_state":"HALL_IR_READY","reference_ready":1,"boot_reference":"PROVISIONAL_OR_SPATIAL","authority":"NAVI_EWO"}
2026-09-30T15:03:56.052	ngr/loco/9950011/telem/ir	{"ir_valid":1,"ir_mmps":0.000,"ir_coupled":0,"ir_speed_reason":"STOPPED","ir_applicable":1,"ir_reason":5,"ir_seq":14350,"ir_pulses":6764,"ir_gap":1,"ir_sat":0,"ir_abort":677,"authority":"NAVI_EWO"}
2026-09-30T15:03:56.052	ngr/loco/9950011/telem/speed	{"ir_valid":1,"ir_mmps":0.000,"ir_coupled":0,"ir_speed_reason":"STOPPED","ir_applicable":1,"ir_reason":5,"ir_seq":14350,"ir_pulses":6764,"ir_gap":1,"ir_sat":0,"ir_abort":677,"authority":"NAVI_EWO"}
2026-09-30T15:03:56.056	ngr/loco/9950011/diag/ir_link	{"radio_ready":1,"seen":29148,"source_mac":"38:18:2B:30:8C:2C","paired_mac":"38:18:2B:30:8C:2C","paired_for_display_only":1,"coupled":0,"invalid_wire":14880,"queue_drop":0}
2026-09-30T15:03:56.056	ngr/loco/9950011/state/throttle	90
2026-09-30T15:03:56.056	ngr/loco/9950011/state/direction	2
2026-09-30T15:03:56.061	ngr/loco/9950011/state/auto	1
2026-09-30T15:03:56.061	ngr/loco/9950011/state/estop	0
2026-09-30T15:03:56.061	ngr/loco/9950011/state/nav_ready	1
2026-09-30T15:03:56.959	ngr/loco/9950011/state/connectivity	{"wifi":1,"ip":"192.168.68.72","rssi":-33,"mqtt":1,"mqtt_state":0,"broker":"192.168.68.142","ir_radio":1,"ir_seen":29166,"ir_coupled":0,"navi_sync":1,"udp_failures":185}
2026-09-30T15:03:57.050	ngr/loco/9950011/state/loopstat	{"build":"NAVI_EYES_WIDE_OPEN_INTEGRATED_R2","mm":2,"target":1,"dir":-1,"target_distance_mm":340,"target_polarity":1,"position_reliable":1,"reference_ready":1,"reference":1903,"median5":0,"hall_support":0,"spatial_phase":2,"ir_applicable":1,"ir_distance_state":"HALL_IR_READY","ir_health_fault":6,"ir_readiness":3,"ir_boot":"761B38FCC6F727BE","ir_epoch":1,"ir_epoch_active":1,"ir_seq":14360,"ir_pulses":6764,"ir_reason":1,"ir_age_ms":27,"ir_span":15,"ir_gap":1,"ir_sat":0,"ir_abort":678,"ir_inferred_added":0,"ir_inferred_removed":0,"ir_calibration":0,"hall_seen":7214584,"ir_seen":14278,"hall_q_drop":0,"ir_q_drop":0,"ir_invalid":14890,"nsr_hall_drop":1,"nsr_ir_drop":0,"nsr_navi_drop":0,"nsr_native_drop":168,"event_drop":0,"pwm0_ir_motion":0,"confirmed":62,"missed":152,"pwm":90,"auto":1,"running":1,"estop":0,"lowvolt":0,"ir_stationary_pwm_warning":1,"pub_drop":0}
2026-09-30T15:03:57.054	ngr/loco/9950011/state/trace	{"consumption_drop":334,"action_drop":0,"command_queue_drop":0,"lossless":false}
2026-09-30T15:03:57.059	ngr/loco/9950011/state/nav	{"state":"NORMAL","mm":2,"target":1,"dir":-1,"session_dir":"CCW","position_reliable":1,"ir_distance_state":"HALL_IR_READY","reference_ready":1,"boot_reference":"PROVISIONAL_OR_SPATIAL","authority":"NAVI_EWO"}
2026-09-30T15:03:57.059	ngr/loco/9950011/telem/ir	{"ir_valid":1,"ir_mmps":0.000,"ir_coupled":0,"ir_speed_reason":"STOPPED","ir_applicable":1,"ir_reason":1,"ir_seq":14360,"ir_pulses":6764,"ir_gap":1,"ir_sat":0,"ir_abort":678,"authority":"NAVI_EWO"}
2026-09-30T15:03:57.059	ngr/loco/9950011/telem/speed	{"ir_valid":1,"ir_mmps":0.000,"ir_coupled":0,"ir_speed_reason":"STOPPED","ir_applicable":1,"ir_reason":1,"ir_seq":14360,"ir_pulses":6764,"ir_gap":1,"ir_sat":0,"ir_abort":678,"authority":"NAVI_EWO"}
2026-09-30T15:03:57.060	ngr/loco/9950011/diag/ir_link	{"radio_ready":1,"seen":29168,"source_mac":"38:18:2B:30:8C:2C","paired_mac":"38:18:2B:30:8C:2C","paired_for_display_only":1,"coupled":0,"invalid_wire":14890,"queue_drop":0}
2026-09-30T15:03:57.060	ngr/loco/9950011/state/throttle	90
2026-09-30T15:03:57.061	ngr/loco/9950011/state/direction	2
2026-09-30T15:03:57.061	ngr/loco/9950011/state/auto	1
2026-09-30T15:03:57.061	ngr/loco/9950011/state/estop	0
2026-09-30T15:03:57.062	ngr/loco/9950011/state/nav_ready	1
2026-09-30T15:03:58.051	ngr/loco/9950011/state/loopstat	{"build":"NAVI_EYES_WIDE_OPEN_INTEGRATED_R2","mm":2,"target":1,"dir":-1,"target_distance_mm":340,"target_polarity":1,"position_reliable":1,"reference_ready":1,"reference":1903,"median5":0,"hall_support":0,"spatial_phase":2,"ir_applicable":1,"ir_distance_state":"HALL_IR_READY","ir_health_fault":0,"ir_readiness":2,"ir_boot":"761B38FCC6F727BE","ir_epoch":1,"ir_epoch_active":1,"ir_seq":14370,"ir_pulses":6764,"ir_reason":5,"ir_age_ms":28,"ir_span":1631,"ir_gap":1,"ir_sat":0,"ir_abort":678,"ir_inferred_added":0,"ir_inferred_removed":0,"ir_calibration":0,"hall_seen":7219588,"ir_seen":14288,"hall_q_drop":0,"ir_q_drop":0,"ir_invalid":14900,"nsr_hall_drop":1,"nsr_ir_drop":0,"nsr_navi_drop":0,"nsr_native_drop":168,"event_drop":0,"pwm0_ir_motion":0,"confirmed":62,"missed":152,"pwm":90,"auto":1,"running":1,"estop":0,"lowvolt":0,"ir_stationary_pwm_warning":1,"pub_drop":0}
2026-09-30T15:03:58.055	ngr/loco/9950011/state/trace	{"consumption_drop":334,"action_drop":0,"command_queue_drop":0,"lossless":false}
2026-09-30T15:03:58.056	ngr/loco/9950011/state/nav	{"state":"NORMAL","mm":2,"target":1,"dir":-1,"session_dir":"CCW","position_reliable":1,"ir_distance_state":"HALL_IR_READY","reference_ready":1,"boot_reference":"PROVISIONAL_OR_SPATIAL","authority":"NAVI_EWO"}
2026-09-30T15:03:58.056	ngr/loco/9950011/telem/ir	{"ir_valid":1,"ir_mmps":0.000,"ir_coupled":0,"ir_speed_reason":"STOPPED","ir_applicable":1,"ir_reason":5,"ir_seq":14370,"ir_pulses":6764,"ir_gap":1,"ir_sat":0,"ir_abort":678,"authority":"NAVI_EWO"}
2026-09-30T15:03:58.056	ngr/loco/9950011/telem/speed	{"ir_valid":1,"ir_mmps":0.000,"ir_coupled":0,"ir_speed_reason":"STOPPED","ir_applicable":1,"ir_reason":5,"ir_seq":14370,"ir_pulses":6764,"ir_gap":1,"ir_sat":0,"ir_abort":678,"authority":"NAVI_EWO"}
2026-09-30T15:03:58.058	ngr/loco/9950011/diag/ir_link	{"radio_ready":1,"seen":29188,"source_mac":"38:18:2B:30:8C:2C","paired_mac":"38:18:2B:30:8C:2C","paired_for_display_only":1,"coupled":0,"invalid_wire":14900,"queue_drop":0}
2026-09-30T15:03:58.058	ngr/loco/9950011/state/throttle	90
2026-09-30T15:03:58.058	ngr/loco/9950011/state/direction	2
2026-09-30T15:03:58.058	ngr/loco/9950011/state/auto	1
2026-09-30T15:03:58.058	ngr/loco/9950011/state/estop	0
2026-09-30T15:03:58.061	ngr/loco/9950011/state/nav_ready	1
2026-09-30T15:03:58.854	ngr/loco/9950011/state/lowvolt	0
2026-09-30T15:03:58.854	ngr/loco/9950011/telem/voltage	16.40
2026-09-30T15:03:58.854	ngr/loco/9950011/telem/current	0.34
2026-09-30T15:03:58.902	ngr/loco/9950011/telem/power	4.22
2026-09-30T15:03:59.052	ngr/loco/9950011/state/loopstat	{"build":"NAVI_EYES_WIDE_OPEN_INTEGRATED_R2","mm":2,"target":1,"dir":-1,"target_distance_mm":340,"target_polarity":1,"position_reliable":1,"reference_ready":1,"reference":1903,"median5":0,"hall_support":0,"spatial_phase":2,"ir_applicable":1,"ir_distance_state":"HALL_IR_READY","ir_health_fault":0,"ir_readiness":2,"ir_boot":"761B38FCC6F727BE","ir_epoch":1,"ir_epoch_active":1,"ir_seq":14380,"ir_pulses":6764,"ir_reason":5,"ir_age_ms":30,"ir_span":767,"ir_gap":1,"ir_sat":0,"ir_abort":679,"ir_inferred_added":0,"ir_inferred_removed":0,"ir_calibration":0,"hall_seen":7224589,"ir_seen":14298,"hall_q_drop":0,"ir_q_drop":0,"ir_invalid":14911,"nsr_hall_drop":1,"nsr_ir_drop":0,"nsr_navi_drop":0,"nsr_native_drop":168,"event_drop":0,"pwm0_ir_motion":0,"confirmed":62,"missed":152,"pwm":90,"auto":1,"running":1,"estop":0,"lowvolt":0,"ir_stationary_pwm_warning":1,"pub_drop":0}
2026-09-30T15:03:59.055	ngr/loco/9950011/state/trace	{"consumption_drop":334,"action_drop":0,"command_queue_drop":0,"lossless":false}
2026-09-30T15:03:59.055	ngr/loco/9950011/state/nav	{"state":"NORMAL","mm":2,"target":1,"dir":-1,"session_dir":"CCW","position_reliable":1,"ir_distance_state":"HALL_IR_READY","reference_ready":1,"boot_reference":"PROVISIONAL_OR_SPATIAL","authority":"NAVI_EWO"}
2026-09-30T15:03:59.055	ngr/loco/9950011/telem/ir	{"ir_valid":1,"ir_mmps":0.000,"ir_coupled":0,"ir_speed_reason":"STOPPED","ir_applicable":1,"ir_reason":5,"ir_seq":14380,"ir_pulses":6764,"ir_gap":1,"ir_sat":0,"ir_abort":679,"authority":"NAVI_EWO"}
2026-09-30T15:03:59.060	ngr/loco/9950011/telem/speed	{"ir_valid":1,"ir_mmps":0.000,"ir_coupled":0,"ir_speed_reason":"STOPPED","ir_applicable":1,"ir_reason":5,"ir_seq":14380,"ir_pulses":6764,"ir_gap":1,"ir_sat":0,"ir_abort":679,"authority":"NAVI_EWO"}
2026-09-30T15:03:59.061	ngr/loco/9950011/diag/ir_link	{"radio_ready":1,"seen":29209,"source_mac":"38:18:2B:30:8C:2C","paired_mac":"38:18:2B:30:8C:2C","paired_for_display_only":1,"coupled":0,"invalid_wire":14911,"queue_drop":0}
2026-09-30T15:03:59.062	ngr/loco/9950011/state/throttle	90
2026-09-30T15:03:59.062	ngr/loco/9950011/state/direction	2
2026-09-30T15:03:59.062	ngr/loco/9950011/state/auto	1
2026-09-30T15:03:59.063	ngr/loco/9950011/state/estop	0
2026-09-30T15:03:59.063	ngr/loco/9950011/state/nav_ready	1
2026-09-30T15:04:00.066	ngr/loco/9950011/state/loopstat	{"build":"NAVI_EYES_WIDE_OPEN_INTEGRATED_R2","mm":2,"target":1,"dir":-1,"target_distance_mm":340,"target_polarity":1,"position_reliable":1,"reference_ready":1,"reference":1903,"median5":0,"hall_support":0,"spatial_phase":2,"ir_applicable":1,"ir_distance_state":"HALL_IR_READY","ir_health_fault":6,"ir_readiness":3,"ir_boot":"761B38FCC6F727BE","ir_epoch":1,"ir_epoch_active":1,"ir_seq":14390,"ir_pulses":6764,"ir_reason":1,"ir_age_ms":30,"ir_span":15,"ir_gap":1,"ir_sat":0,"ir_abort":680,"ir_inferred_added":0,"ir_inferred_removed":0,"ir_calibration":0,"hall_seen":7229589,"ir_seen":14308,"hall_q_drop":0,"ir_q_drop":0,"ir_invalid":14921,"nsr_hall_drop":1,"nsr_ir_drop":0,"nsr_navi_drop":0,"nsr_native_drop":168,"event_drop":0,"pwm0_ir_motion":0,"confirmed":62,"missed":152,"pwm":90,"auto":1,"running":1,"estop":0,"lowvolt":0,"ir_stationary_pwm_warning":1,"pub_drop":0}
2026-09-30T15:04:00.069	ngr/loco/9950011/state/trace	{"consumption_drop":334,"action_drop":0,"command_queue_drop":0,"lossless":false}
2026-09-30T15:04:00.069	ngr/loco/9950011/state/nav	{"state":"NORMAL","mm":2,"target":1,"dir":-1,"session_dir":"CCW","position_reliable":1,"ir_distance_state":"HALL_IR_READY","reference_ready":1,"boot_reference":"PROVISIONAL_OR_SPATIAL","authority":"NAVI_EWO"}
2026-09-30T15:04:00.069	ngr/loco/9950011/telem/ir	{"ir_valid":1,"ir_mmps":0.000,"ir_coupled":0,"ir_speed_reason":"STOPPED","ir_applicable":1,"ir_reason":1,"ir_seq":14390,"ir_pulses":6764,"ir_gap":1,"ir_sat":0,"ir_abort":680,"authority":"NAVI_EWO"}
2026-09-30T15:04:00.070	ngr/loco/9950011/telem/speed	{"ir_valid":1,"ir_mmps":0.000,"ir_coupled":0,"ir_speed_reason":"STOPPED","ir_applicable":1,"ir_reason":1,"ir_seq":14390,"ir_pulses":6764,"ir_gap":1,"ir_sat":0,"ir_abort":680,"authority":"NAVI_EWO"}
2026-09-30T15:04:00.070	ngr/loco/9950011/diag/ir_link	{"radio_ready":1,"seen":29229,"source_mac":"38:18:2B:30:8C:2C","paired_mac":"38:18:2B:30:8C:2C","paired_for_display_only":1,"coupled":0,"invalid_wire":14921,"queue_drop":0}
2026-09-30T15:04:00.071	ngr/loco/9950011/state/throttle	90
2026-09-30T15:04:00.071	ngr/loco/9950011/state/direction	2
2026-09-30T15:04:00.071	ngr/loco/9950011/state/auto	1
2026-09-30T15:04:00.071	ngr/loco/9950011/state/estop	0
2026-09-30T15:04:00.072	ngr/loco/9950011/state/nav_ready	1
2026-09-30T15:04:01.055	ngr/loco/9950011/state/loopstat	{"build":"NAVI_EYES_WIDE_OPEN_INTEGRATED_R2","mm":2,"target":1,"dir":-1,"target_distance_mm":340,"target_polarity":1,"position_reliable":1,"reference_ready":1,"reference":1903,"median5":0,"hall_support":0,"spatial_phase":2,"ir_applicable":1,"ir_distance_state":"HALL_IR_READY","ir_health_fault":0,"ir_readiness":2,"ir_boot":"761B38FCC6F727BE","ir_epoch":1,"ir_epoch_active":1,"ir_seq":14400,"ir_pulses":6764,"ir_reason":5,"ir_age_ms":32,"ir_span":847,"ir_gap":1,"ir_sat":0,"ir_abort":680,"ir_inferred_added":0,"ir_inferred_removed":0,"ir_calibration":0,"hall_seen":7234589,"ir_seen":14318,"hall_q_drop":0,"ir_q_drop":0,"ir_invalid":14932,"nsr_hall_drop":1,"nsr_ir_drop":0,"nsr_navi_drop":0,"nsr_native_drop":168,"event_drop":0,"pwm0_ir_motion":0,"confirmed":62,"missed":152,"pwm":90,"auto":1,"running":1,"estop":0,"lowvolt":0,"ir_stationary_pwm_warning":1,"pub_drop":0}
2026-09-30T15:04:01.057	ngr/loco/9950011/state/trace	{"consumption_drop":334,"action_drop":0,"command_queue_drop":0,"lossless":false}
2026-09-30T15:04:01.058	ngr/loco/9950011/state/nav	{"state":"NORMAL","mm":2,"target":1,"dir":-1,"session_dir":"CCW","position_reliable":1,"ir_distance_state":"HALL_IR_READY","reference_ready":1,"boot_reference":"PROVISIONAL_OR_SPATIAL","authority":"NAVI_EWO"}
2026-09-30T15:04:01.058	ngr/loco/9950011/telem/ir	{"ir_valid":1,"ir_mmps":0.000,"ir_coupled":0,"ir_speed_reason":"STOPPED","ir_applicable":1,"ir_reason":5,"ir_seq":14400,"ir_pulses":6764,"ir_gap":1,"ir_sat":0,"ir_abort":680,"authority":"NAVI_EWO"}
2026-09-30T15:04:01.058	ngr/loco/9950011/telem/speed	{"ir_valid":1,"ir_mmps":0.000,"ir_coupled":0,"ir_speed_reason":"STOPPED","ir_applicable":1,"ir_reason":5,"ir_seq":14400,"ir_pulses":6764,"ir_gap":1,"ir_sat":0,"ir_abort":680,"authority":"NAVI_EWO"}
2026-09-30T15:04:01.059	ngr/loco/9950011/diag/ir_link	{"radio_ready":1,"seen":29250,"source_mac":"38:18:2B:30:8C:2C","paired_mac":"38:18:2B:30:8C:2C","paired_for_display_only":1,"coupled":0,"invalid_wire":14932,"queue_drop":0}
2026-09-30T15:04:01.059	ngr/loco/9950011/state/throttle	90
2026-09-30T15:04:01.059	ngr/loco/9950011/state/direction	2
2026-09-30T15:04:01.061	ngr/loco/9950011/state/auto	1
2026-09-30T15:04:01.061	ngr/loco/9950011/state/estop	0
2026-09-30T15:04:01.062	ngr/loco/9950011/state/nav_ready	1
2026-09-30T15:04:01.966	ngr/loco/9950011/state/connectivity	{"wifi":1,"ip":"192.168.68.72","rssi":-45,"mqtt":1,"mqtt_state":0,"broker":"192.168.68.142","ir_radio":1,"ir_seen":29267,"ir_coupled":0,"navi_sync":1,"udp_failures":185}
2026-09-30T15:04:02.058	ngr/loco/9950011/state/loopstat	{"build":"NAVI_EYES_WIDE_OPEN_INTEGRATED_R2","mm":2,"target":1,"dir":-1,"target_distance_mm":340,"target_polarity":1,"position_reliable":1,"reference_ready":1,"reference":1903,"median5":0,"hall_support":0,"spatial_phase":2,"ir_applicable":1,"ir_distance_state":"HALL_IR_READY","ir_health_fault":6,"ir_readiness":3,"ir_boot":"761B38FCC6F727BE","ir_epoch":1,"ir_epoch_active":1,"ir_seq":14410,"ir_pulses":6764,"ir_reason":1,"ir_age_ms":34,"ir_span":191,"ir_gap":1,"ir_sat":0,"ir_abort":680,"ir_inferred_added":0,"ir_inferred_removed":0,"ir_calibration":0,"hall_seen":7239589,"ir_seen":14328,"hall_q_drop":0,"ir_q_drop":0,"ir_invalid":14941,"nsr_hall_drop":1,"nsr_ir_drop":0,"nsr_navi_drop":0,"nsr_native_drop":168,"event_drop":0,"pwm0_ir_motion":0,"confirmed":62,"missed":152,"pwm":90,"auto":1,"running":1,"estop":0,"lowvolt":0,"ir_stationary_pwm_warning":1,"pub_drop":0}
2026-09-30T15:04:02.068	ngr/loco/9950011/state/trace	{"consumption_drop":334,"action_drop":0,"command_queue_drop":0,"lossless":false}
2026-09-30T15:04:02.068	ngr/loco/9950011/state/nav	{"state":"NORMAL","mm":2,"target":1,"dir":-1,"session_dir":"CCW","position_reliable":1,"ir_distance_state":"HALL_IR_READY","reference_ready":1,"boot_reference":"PROVISIONAL_OR_SPATIAL","authority":"NAVI_EWO"}
2026-09-30T15:04:02.068	ngr/loco/9950011/telem/ir	{"ir_valid":1,"ir_mmps":0.000,"ir_coupled":0,"ir_speed_reason":"STOPPED","ir_applicable":1,"ir_reason":1,"ir_seq":14410,"ir_pulses":6764,"ir_gap":1,"ir_sat":0,"ir_abort":680,"authority":"NAVI_EWO"}
2026-09-30T15:04:02.068	ngr/loco/9950011/telem/speed	{"ir_valid":1,"ir_mmps":0.000,"ir_coupled":0,"ir_speed_reason":"STOPPED","ir_applicable":1,"ir_reason":1,"ir_seq":14410,"ir_pulses":6764,"ir_gap":1,"ir_sat":0,"ir_abort":680,"authority":"NAVI_EWO"}
2026-09-30T15:04:02.069	ngr/loco/9950011/diag/ir_link	{"radio_ready":1,"seen":29269,"source_mac":"38:18:2B:30:8C:2C","paired_mac":"38:18:2B:30:8C:2C","paired_for_display_only":1,"coupled":0,"invalid_wire":14941,"queue_drop":0}
2026-09-30T15:04:02.069	ngr/loco/9950011/state/throttle	90
2026-09-30T15:04:02.069	ngr/loco/9950011/state/direction	2
2026-09-30T15:04:02.069	ngr/loco/9950011/state/auto	1
2026-09-30T15:04:02.073	ngr/loco/9950011/state/estop	0
2026-09-30T15:04:02.073	ngr/loco/9950011/state/nav_ready	1
2026-09-30T15:04:03.060	ngr/loco/9950011/state/loopstat	{"build":"NAVI_EYES_WIDE_OPEN_INTEGRATED_R2","mm":2,"target":1,"dir":-1,"target_distance_mm":340,"target_polarity":1,"position_reliable":1,"reference_ready":1,"reference":1903,"median5":0,"hall_support":0,"spatial_phase":2,"ir_applicable":1,"ir_distance_state":"HALL_IR_READY","ir_health_fault":6,"ir_readiness":3,"ir_boot":"761B38FCC6F727BE","ir_epoch":1,"ir_epoch_active":1,"ir_seq":14420,"ir_pulses":6764,"ir_reason":1,"ir_age_ms":32,"ir_span":79,"ir_gap":1,"ir_sat":0,"ir_abort":681,"ir_inferred_added":0,"ir_inferred_removed":0,"ir_calibration":0,"hall_seen":7244589,"ir_seen":14338,"hall_q_drop":0,"ir_q_drop":0,"ir_invalid":14952,"nsr_hall_drop":1,"nsr_ir_drop":0,"nsr_navi_drop":0,"nsr_native_drop":168,"event_drop":0,"pwm0_ir_motion":0,"confirmed":62,"missed":152,"pwm":90,"auto":1,"running":1,"estop":0,"lowvolt":0,"ir_stationary_pwm_warning":1,"pub_drop":0}
2026-09-30T15:04:03.062	ngr/loco/9950011/state/trace	{"consumption_drop":334,"action_drop":0,"command_queue_drop":0,"lossless":false}
2026-09-30T15:04:03.063	ngr/loco/9950011/state/nav	{"state":"NORMAL","mm":2,"target":1,"dir":-1,"session_dir":"CCW","position_reliable":1,"ir_distance_state":"HALL_IR_READY","reference_ready":1,"boot_reference":"PROVISIONAL_OR_SPATIAL","authority":"NAVI_EWO"}
2026-09-30T15:04:03.063	ngr/loco/9950011/telem/ir	{"ir_valid":1,"ir_mmps":0.000,"ir_coupled":0,"ir_speed_reason":"STOPPED","ir_applicable":1,"ir_reason":1,"ir_seq":14420,"ir_pulses":6764,"ir_gap":1,"ir_sat":0,"ir_abort":681,"authority":"NAVI_EWO"}
2026-09-30T15:04:03.071	ngr/loco/9950011/telem/speed	{"ir_valid":1,"ir_mmps":0.000,"ir_coupled":0,"ir_speed_reason":"STOPPED","ir_applicable":1,"ir_reason":1,"ir_seq":14420,"ir_pulses":6764,"ir_gap":1,"ir_sat":0,"ir_abort":681,"authority":"NAVI_EWO"}
2026-09-30T15:04:03.072	ngr/loco/9950011/diag/ir_link	{"radio_ready":1,"seen":29290,"source_mac":"38:18:2B:30:8C:2C","paired_mac":"38:18:2B:30:8C:2C","paired_for_display_only":1,"coupled":0,"invalid_wire":14952,"queue_drop":0}
2026-09-30T15:04:03.072	ngr/loco/9950011/state/throttle	90
2026-09-30T15:04:03.076	ngr/loco/9950011/state/direction	2
2026-09-30T15:04:03.076	ngr/loco/9950011/state/auto	1
2026-09-30T15:04:03.076	ngr/loco/9950011/state/estop	0
2026-09-30T15:04:03.077	ngr/loco/9950011/state/nav_ready	1
2026-09-30T15:04:03.858	ngr/loco/9950011/state/lowvolt	0
2026-09-30T15:04:03.860	ngr/loco/9950011/telem/voltage	16.36
2026-09-30T15:04:03.861	ngr/loco/9950011/telem/current	0.34
2026-09-30T15:04:03.862	ngr/loco/9950011/telem/power	5.52
2026-09-30T15:04:04.057	ngr/loco/9950011/state/loopstat	{"build":"NAVI_EYES_WIDE_OPEN_INTEGRATED_R2","mm":2,"target":1,"dir":-1,"target_distance_mm":340,"target_polarity":1,"position_reliable":1,"reference_ready":1,"reference":1903,"median5":0,"hall_support":0,"spatial_phase":2,"ir_applicable":1,"ir_distance_state":"HALL_IR_READY","ir_health_fault":0,"ir_readiness":2,"ir_boot":"761B38FCC6F727BE","ir_epoch":1,"ir_epoch_active":1,"ir_seq":14430,"ir_pulses":6764,"ir_reason":5,"ir_age_ms":40,"ir_span":1215,"ir_gap":1,"ir_sat":0,"ir_abort":681,"ir_inferred_added":0,"ir_inferred_removed":0,"ir_calibration":0,"hall_seen":7249584,"ir_seen":14348,"hall_q_drop":0,"ir_q_drop":0,"ir_invalid":14962,"nsr_hall_drop":1,"nsr_ir_drop":0,"nsr_navi_drop":0,"nsr_native_drop":168,"event_drop":0,"pwm0_ir_motion":0,"confirmed":62,"missed":152,"pwm":90,"auto":1,"running":1,"estop":0,"lowvolt":0,"ir_stationary_pwm_warning":1,"pub_drop":0}
2026-09-30T15:04:04.065	ngr/loco/9950011/state/trace	{"consumption_drop":334,"action_drop":0,"command_queue_drop":0,"lossless":false}
2026-09-30T15:04:04.067	ngr/loco/9950011/state/nav	{"state":"NORMAL","mm":2,"target":1,"dir":-1,"session_dir":"CCW","position_reliable":1,"ir_distance_state":"HALL_IR_READY","reference_ready":1,"boot_reference":"PROVISIONAL_OR_SPATIAL","authority":"NAVI_EWO"}
2026-09-30T15:04:04.068	ngr/loco/9950011/telem/ir	{"ir_valid":1,"ir_mmps":0.000,"ir_coupled":0,"ir_speed_reason":"STOPPED","ir_applicable":1,"ir_reason":5,"ir_seq":14430,"ir_pulses":6764,"ir_gap":1,"ir_sat":0,"ir_abort":681,"authority":"NAVI_EWO"}
2026-09-30T15:04:04.068	ngr/loco/9950011/telem/speed	{"ir_valid":1,"ir_mmps":0.000,"ir_coupled":0,"ir_speed_reason":"STOPPED","ir_applicable":1,"ir_reason":5,"ir_seq":14430,"ir_pulses":6764,"ir_gap":1,"ir_sat":0,"ir_abort":681,"authority":"NAVI_EWO"}
2026-09-30T15:04:04.068	ngr/loco/9950011/diag/ir_link	{"radio_ready":1,"seen":29310,"source_mac":"38:18:2B:30:8C:2C","paired_mac":"38:18:2B:30:8C:2C","paired_for_display_only":1,"coupled":0,"invalid_wire":14962,"queue_drop":0}
2026-09-30T15:04:04.068	ngr/loco/9950011/state/throttle	90
2026-09-30T15:04:04.069	ngr/loco/9950011/state/direction	2
2026-09-30T15:04:04.069	ngr/loco/9950011/state/auto	1
2026-09-30T15:04:04.069	ngr/loco/9950011/state/estop	0
2026-09-30T15:04:04.069	ngr/loco/9950011/state/nav_ready	1
2026-09-30T15:04:05.061	ngr/loco/9950011/state/loopstat	{"build":"NAVI_EYES_WIDE_OPEN_INTEGRATED_R2","mm":2,"target":1,"dir":-1,"target_distance_mm":340,"target_polarity":1,"position_reliable":1,"reference_ready":1,"reference":1903,"median5":0,"hall_support":0,"spatial_phase":2,"ir_applicable":1,"ir_distance_state":"HALL_IR_READY","ir_health_fault":0,"ir_readiness":2,"ir_boot":"761B38FCC6F727BE","ir_epoch":1,"ir_epoch_active":1,"ir_seq":14440,"ir_pulses":6764,"ir_reason":5,"ir_age_ms":19,"ir_span":991,"ir_gap":1,"ir_sat":0,"ir_abort":681,"ir_inferred_added":0,"ir_inferred_removed":0,"ir_calibration":0,"hall_seen":7254585,"ir_seen":14358,"hall_q_drop":0,"ir_q_drop":0,"ir_invalid":14972,"nsr_hall_drop":1,"nsr_ir_drop":0,"nsr_navi_drop":0,"nsr_native_drop":168,"event_drop":0,"pwm0_ir_motion":0,"confirmed":62,"missed":152,"pwm":90,"auto":1,"running":1,"estop":0,"lowvolt":0,"ir_stationary_pwm_warning":1,"pub_drop":0}
2026-09-30T15:04:05.066	ngr/loco/9950011/state/trace	{"consumption_drop":334,"action_drop":0,"command_queue_drop":0,"lossless":false}
2026-09-30T15:04:05.067	ngr/loco/9950011/state/nav	{"state":"NORMAL","mm":2,"target":1,"dir":-1,"session_dir":"CCW","position_reliable":1,"ir_distance_state":"HALL_IR_READY","reference_ready":1,"boot_reference":"PROVISIONAL_OR_SPATIAL","authority":"NAVI_EWO"}
2026-09-30T15:04:05.067	ngr/loco/9950011/telem/ir	{"ir_valid":1,"ir_mmps":0.000,"ir_coupled":0,"ir_speed_reason":"STOPPED","ir_applicable":1,"ir_reason":5,"ir_seq":14440,"ir_pulses":6764,"ir_gap":1,"ir_sat":0,"ir_abort":681,"authority":"NAVI_EWO"}
2026-09-30T15:04:05.067	ngr/loco/9950011/telem/speed	{"ir_valid":1,"ir_mmps":0.000,"ir_coupled":0,"ir_speed_reason":"STOPPED","ir_applicable":1,"ir_reason":5,"ir_seq":14440,"ir_pulses":6764,"ir_gap":1,"ir_sat":0,"ir_abort":681,"authority":"NAVI_EWO"}
2026-09-30T15:04:05.067	ngr/loco/9950011/diag/ir_link	{"radio_ready":1,"seen":29330,"source_mac":"38:18:2B:30:8C:2C","paired_mac":"38:18:2B:30:8C:2C","paired_for_display_only":1,"coupled":0,"invalid_wire":14972,"queue_drop":0}
2026-09-30T15:04:05.067	ngr/loco/9950011/state/throttle	90
2026-09-30T15:04:05.068	ngr/loco/9950011/state/direction	2
2026-09-30T15:04:05.068	ngr/loco/9950011/state/auto	1
2026-09-30T15:04:05.069	ngr/loco/9950011/state/estop	0
2026-09-30T15:04:05.069	ngr/loco/9950011/state/nav_ready	1
2026-09-30T15:04:06.054	ngr/loco/9950011/state/loopstat	{"build":"NAVI_EYES_WIDE_OPEN_INTEGRATED_R2","mm":2,"target":1,"dir":-1,"target_distance_mm":340,"target_polarity":1,"position_reliable":1,"reference_ready":1,"reference":1903,"median5":0,"hall_support":0,"spatial_phase":2,"ir_applicable":1,"ir_distance_state":"HALL_IR_READY","ir_health_fault":6,"ir_readiness":3,"ir_boot":"761B38FCC6F727BE","ir_epoch":1,"ir_epoch_active":1,"ir_seq":14450,"ir_pulses":6764,"ir_reason":1,"ir_age_ms":24,"ir_span":63,"ir_gap":1,"ir_sat":0,"ir_abort":682,"ir_inferred_added":0,"ir_inferred_removed":0,"ir_calibration":0,"hall_seen":7259589,"ir_seen":14368,"hall_q_drop":0,"ir_q_drop":0,"ir_invalid":14983,"nsr_hall_drop":1,"nsr_ir_drop":0,"nsr_navi_drop":0,"nsr_native_drop":168,"event_drop":0,"pwm0_ir_motion":0,"confirmed":62,"missed":152,"pwm":90,"auto":1,"running":1,"estop":0,"lowvolt":0,"ir_stationary_pwm_warning":1,"pub_drop":0}
2026-09-30T15:04:06.057	ngr/loco/9950011/state/trace	{"consumption_drop":334,"action_drop":0,"command_queue_drop":0,"lossless":false}
2026-09-30T15:04:06.057	ngr/loco/9950011/state/nav	{"state":"NORMAL","mm":2,"target":1,"dir":-1,"session_dir":"CCW","position_reliable":1,"ir_distance_state":"HALL_IR_READY","reference_ready":1,"boot_reference":"PROVISIONAL_OR_SPATIAL","authority":"NAVI_EWO"}
2026-09-30T15:04:06.058	ngr/loco/9950011/telem/ir	{"ir_valid":1,"ir_mmps":0.000,"ir_coupled":0,"ir_speed_reason":"STOPPED","ir_applicable":1,"ir_reason":1,"ir_seq":14450,"ir_pulses":6764,"ir_gap":1,"ir_sat":0,"ir_abort":682,"authority":"NAVI_EWO"}
2026-09-30T15:04:06.058	ngr/loco/9950011/telem/speed	{"ir_valid":1,"ir_mmps":0.000,"ir_coupled":0,"ir_speed_reason":"STOPPED","ir_applicable":1,"ir_reason":1,"ir_seq":14450,"ir_pulses":6764,"ir_gap":1,"ir_sat":0,"ir_abort":682,"authority":"NAVI_EWO"}
2026-09-30T15:04:06.058	ngr/loco/9950011/diag/ir_link	{"radio_ready":1,"seen":29351,"source_mac":"38:18:2B:30:8C:2C","paired_mac":"38:18:2B:30:8C:2C","paired_for_display_only":1,"coupled":0,"invalid_wire":14983,"queue_drop":0}
2026-09-30T15:04:06.059	ngr/loco/9950011/state/throttle	90
2026-09-30T15:04:06.062	ngr/loco/9950011/state/direction	2
2026-09-30T15:04:06.062	ngr/loco/9950011/state/auto	1
2026-09-30T15:04:06.063	ngr/loco/9950011/state/estop	0
2026-09-30T15:04:06.063	ngr/loco/9950011/state/nav_ready	1
2026-09-30T15:04:06.972	ngr/loco/9950011/state/connectivity	{"wifi":1,"ip":"192.168.68.72","rssi":-47,"mqtt":1,"mqtt_state":0,"broker":"192.168.68.142","ir_radio":1,"ir_seen":29369,"ir_coupled":0,"navi_sync":1,"udp_failures":185}
2026-09-30T15:04:07.054	ngr/loco/9950011/state/loopstat	{"build":"NAVI_EYES_WIDE_OPEN_INTEGRATED_R2","mm":2,"target":1,"dir":-1,"target_distance_mm":340,"target_polarity":1,"position_reliable":1,"reference_ready":1,"reference":1903,"median5":0,"hall_support":0,"spatial_phase":2,"ir_applicable":1,"ir_distance_state":"HALL_IR_READY","ir_health_fault":6,"ir_readiness":3,"ir_boot":"761B38FCC6F727BE","ir_epoch":1,"ir_epoch_active":1,"ir_seq":14460,"ir_pulses":6764,"ir_reason":1,"ir_age_ms":24,"ir_span":79,"ir_gap":1,"ir_sat":0,"ir_abort":682,"ir_inferred_added":0,"ir_inferred_removed":0,"ir_calibration":0,"hall_seen":7264589,"ir_seen":14378,"hall_q_drop":0,"ir_q_drop":0,"ir_invalid":14993,"nsr_hall_drop":1,"nsr_ir_drop":0,"nsr_navi_drop":0,"nsr_native_drop":168,"event_drop":0,"pwm0_ir_motion":0,"confirmed":62,"missed":152,"pwm":90,"auto":1,"running":1,"estop":0,"lowvolt":0,"ir_stationary_pwm_warning":1,"pub_drop":0}
2026-09-30T15:04:07.085	ngr/loco/9950011/state/trace	{"consumption_drop":334,"action_drop":0,"command_queue_drop":0,"lossless":false}
2026-09-30T15:04:07.086	ngr/loco/9950011/state/nav	{"state":"NORMAL","mm":2,"target":1,"dir":-1,"session_dir":"CCW","position_reliable":1,"ir_distance_state":"HALL_IR_READY","reference_ready":1,"boot_reference":"PROVISIONAL_OR_SPATIAL","authority":"NAVI_EWO"}
2026-09-30T15:04:07.087	ngr/loco/9950011/telem/ir	{"ir_valid":1,"ir_mmps":0.000,"ir_coupled":0,"ir_speed_reason":"STOPPED","ir_applicable":1,"ir_reason":1,"ir_seq":14460,"ir_pulses":6764,"ir_gap":1,"ir_sat":0,"ir_abort":682,"authority":"NAVI_EWO"}
2026-09-30T15:04:07.090	ngr/loco/9950011/telem/speed	{"ir_valid":1,"ir_mmps":0.000,"ir_coupled":0,"ir_speed_reason":"STOPPED","ir_applicable":1,"ir_reason":1,"ir_seq":14460,"ir_pulses":6764,"ir_gap":1,"ir_sat":0,"ir_abort":682,"authority":"NAVI_EWO"}
2026-09-30T15:04:07.091	ngr/loco/9950011/diag/ir_link	{"radio_ready":1,"seen":29371,"source_mac":"38:18:2B:30:8C:2C","paired_mac":"38:18:2B:30:8C:2C","paired_for_display_only":1,"coupled":0,"invalid_wire":14993,"queue_drop":0}
2026-09-30T15:04:07.091	ngr/loco/9950011/state/throttle	90
2026-09-30T15:04:07.091	ngr/loco/9950011/state/direction	2
2026-09-30T15:04:07.096	ngr/loco/9950011/state/auto	1
2026-09-30T15:04:07.097	ngr/loco/9950011/state/estop	0
2026-09-30T15:04:07.097	ngr/loco/9950011/state/nav_ready	1
2026-09-30T15:04:08.048	ngr/loco/9950011/state/loopstat	{"build":"NAVI_EYES_WIDE_OPEN_INTEGRATED_R2","mm":2,"target":1,"dir":-1,"target_distance_mm":340,"target_polarity":1,"position_reliable":1,"reference_ready":1,"reference":1903,"median5":0,"hall_support":0,"spatial_phase":2,"ir_applicable":1,"ir_distance_state":"HALL_IR_READY","ir_health_fault":6,"ir_readiness":3,"ir_boot":"761B38FCC6F727BE","ir_epoch":1,"ir_epoch_active":1,"ir_seq":14470,"ir_pulses":6764,"ir_reason":1,"ir_age_ms":22,"ir_span":79,"ir_gap":1,"ir_sat":0,"ir_abort":682,"ir_inferred_added":0,"ir_inferred_removed":0,"ir_calibration":0,"hall_seen":7269585,"ir_seen":14388,"hall_q_drop":0,"ir_q_drop":0,"ir_invalid":15004,"nsr_hall_drop":1,"nsr_ir_drop":0,"nsr_navi_drop":0,"nsr_native_drop":168,"event_drop":0,"pwm0_ir_motion":0,"confirmed":62,"missed":152,"pwm":90,"auto":1,"running":1,"estop":0,"lowvolt":0,"ir_stationary_pwm_warning":1,"pub_drop":0}
2026-09-30T15:04:08.051	ngr/loco/9950011/state/trace	{"consumption_drop":334,"action_drop":0,"command_queue_drop":0,"lossless":false}
2026-09-30T15:04:08.053	ngr/loco/9950011/state/nav	{"state":"NORMAL","mm":2,"target":1,"dir":-1,"session_dir":"CCW","position_reliable":1,"ir_distance_state":"HALL_IR_READY","reference_ready":1,"boot_reference":"PROVISIONAL_OR_SPATIAL","authority":"NAVI_EWO"}
2026-09-30T15:04:08.053	ngr/loco/9950011/telem/ir	{"ir_valid":1,"ir_mmps":0.000,"ir_coupled":0,"ir_speed_reason":"STOPPED","ir_applicable":1,"ir_reason":1,"ir_seq":14470,"ir_pulses":6764,"ir_gap":1,"ir_sat":0,"ir_abort":682,"authority":"NAVI_EWO"}
2026-09-30T15:04:08.055	ngr/loco/9950011/telem/speed	{"ir_valid":1,"ir_mmps":0.000,"ir_coupled":0,"ir_speed_reason":"STOPPED","ir_applicable":1,"ir_reason":1,"ir_seq":14470,"ir_pulses":6764,"ir_gap":1,"ir_sat":0,"ir_abort":682,"authority":"NAVI_EWO"}
2026-09-30T15:04:08.055	ngr/loco/9950011/diag/ir_link	{"radio_ready":1,"seen":29392,"source_mac":"38:18:2B:30:8C:2C","paired_mac":"38:18:2B:30:8C:2C","paired_for_display_only":1,"coupled":0,"invalid_wire":15004,"queue_drop":0}
2026-09-30T15:04:08.056	ngr/loco/9950011/state/throttle	90
2026-09-30T15:04:08.057	ngr/loco/9950011/state/direction	2
2026-09-30T15:04:08.058	ngr/loco/9950011/state/auto	1
2026-09-30T15:04:08.058	ngr/loco/9950011/state/estop	0
2026-09-30T15:04:08.060	ngr/loco/9950011/state/nav_ready	1
2026-09-30T15:04:08.854	ngr/loco/9950011/state/lowvolt	0
2026-09-30T15:04:08.856	ngr/loco/9950011/telem/voltage	16.36
2026-09-30T15:04:08.857	ngr/loco/9950011/telem/current	0.34
2026-09-30T15:04:08.857	ngr/loco/9950011/telem/power	5.51
2026-09-30T15:04:09.052	ngr/loco/9950011/state/loopstat	{"build":"NAVI_EYES_WIDE_OPEN_INTEGRATED_R2","mm":2,"target":1,"dir":-1,"target_distance_mm":340,"target_polarity":1,"position_reliable":1,"reference_ready":1,"reference":1903,"median5":0,"hall_support":0,"spatial_phase":2,"ir_applicable":1,"ir_distance_state":"HALL_IR_READY","ir_health_fault":0,"ir_readiness":2,"ir_boot":"761B38FCC6F727BE","ir_epoch":1,"ir_epoch_active":1,"ir_seq":14480,"ir_pulses":6764,"ir_reason":5,"ir_age_ms":29,"ir_span":863,"ir_gap":1,"ir_sat":0,"ir_abort":682,"ir_inferred_added":0,"ir_inferred_removed":0,"ir_calibration":0,"hall_seen":7274592,"ir_seen":14398,"hall_q_drop":0,"ir_q_drop":0,"ir_invalid":15014,"nsr_hall_drop":1,"nsr_ir_drop":0,"nsr_navi_drop":0,"nsr_native_drop":168,"event_drop":0,"pwm0_ir_motion":0,"confirmed":62,"missed":152,"pwm":90,"auto":1,"running":1,"estop":0,"lowvolt":0,"ir_stationary_pwm_warning":1,"pub_drop":0}
2026-09-30T15:04:09.057	ngr/loco/9950011/state/trace	{"consumption_drop":334,"action_drop":0,"command_queue_drop":0,"lossless":false}
2026-09-30T15:04:09.057	ngr/loco/9950011/state/nav	{"state":"NORMAL","mm":2,"target":1,"dir":-1,"session_dir":"CCW","position_reliable":1,"ir_distance_state":"HALL_IR_READY","reference_ready":1,"boot_reference":"PROVISIONAL_OR_SPATIAL","authority":"NAVI_EWO"}
2026-09-30T15:04:09.058	ngr/loco/9950011/telem/ir	{"ir_valid":1,"ir_mmps":0.000,"ir_coupled":0,"ir_speed_reason":"STOPPED","ir_applicable":1,"ir_reason":5,"ir_seq":14480,"ir_pulses":6764,"ir_gap":1,"ir_sat":0,"ir_abort":682,"authority":"NAVI_EWO"}
2026-09-30T15:04:09.058	ngr/loco/9950011/telem/speed	{"ir_valid":1,"ir_mmps":0.000,"ir_coupled":0,"ir_speed_reason":"STOPPED","ir_applicable":1,"ir_reason":5,"ir_seq":14480,"ir_pulses":6764,"ir_gap":1,"ir_sat":0,"ir_abort":682,"authority":"NAVI_EWO"}
2026-09-30T15:04:09.059	ngr/loco/9950011/diag/ir_link	{"radio_ready":1,"seen":29412,"source_mac":"38:18:2B:30:8C:2C","paired_mac":"38:18:2B:30:8C:2C","paired_for_display_only":1,"coupled":0,"invalid_wire":15014,"queue_drop":0}
2026-09-30T15:04:09.060	ngr/loco/9950011/state/throttle	90
2026-09-30T15:04:09.060	ngr/loco/9950011/state/direction	2
2026-09-30T15:04:09.060	ngr/loco/9950011/state/auto	1
2026-09-30T15:04:09.060	ngr/loco/9950011/state/estop	0
2026-09-30T15:04:09.060	ngr/loco/9950011/state/nav_ready	1
2026-09-30T15:04:10.051	ngr/loco/9950011/state/loopstat	{"build":"NAVI_EYES_WIDE_OPEN_INTEGRATED_R2","mm":2,"target":1,"dir":-1,"target_distance_mm":340,"target_polarity":1,"position_reliable":1,"reference_ready":1,"reference":1903,"median5":0,"hall_support":0,"spatial_phase":2,"ir_applicable":1,"ir_distance_state":"HALL_IR_READY","ir_health_fault":0,"ir_readiness":0,"ir_boot":"761B38FCC6F727BE","ir_epoch":1,"ir_epoch_active":1,"ir_seq":14490,"ir_pulses":6765,"ir_reason":6,"ir_age_ms":28,"ir_span":495,"ir_gap":1,"ir_sat":0,"ir_abort":682,"ir_inferred_added":0,"ir_inferred_removed":0,"ir_calibration":0,"hall_seen":7279594,"ir_seen":14408,"hall_q_drop":0,"ir_q_drop":0,"ir_invalid":15024,"nsr_hall_drop":1,"nsr_ir_drop":0,"nsr_navi_drop":0,"nsr_native_drop":168,"event_drop":0,"pwm0_ir_motion":0,"confirmed":62,"missed":152,"pwm":90,"auto":1,"running":1,"estop":0,"lowvolt":0,"ir_stationary_pwm_warning":0,"pub_drop":0}
2026-09-30T15:04:10.054	ngr/loco/9950011/state/trace	{"consumption_drop":334,"action_drop":0,"command_queue_drop":0,"lossless":false}
2026-09-30T15:04:10.054	ngr/loco/9950011/state/nav	{"state":"NORMAL","mm":2,"target":1,"dir":-1,"session_dir":"CCW","position_reliable":1,"ir_distance_state":"HALL_IR_READY","reference_ready":1,"boot_reference":"PROVISIONAL_OR_SPATIAL","authority":"NAVI_EWO"}
2026-09-30T15:04:10.054	ngr/loco/9950011/telem/ir	{"ir_valid":1,"ir_mmps":10.724,"ir_coupled":0,"ir_speed_reason":"MEASURED","ir_applicable":1,"ir_reason":6,"ir_seq":14490,"ir_pulses":6765,"ir_gap":1,"ir_sat":0,"ir_abort":682,"authority":"NAVI_EWO"}
2026-09-30T15:04:10.059	ngr/loco/9950011/telem/speed	{"ir_valid":1,"ir_mmps":10.724,"ir_coupled":0,"ir_speed_reason":"MEASURED","ir_applicable":1,"ir_reason":6,"ir_seq":14490,"ir_pulses":6765,"ir_gap":1,"ir_sat":0,"ir_abort":682,"authority":"NAVI_EWO"}
2026-09-30T15:04:10.060	ngr/loco/9950011/diag/ir_link	{"radio_ready":1,"seen":29432,"source_mac":"38:18:2B:30:8C:2C","paired_mac":"38:18:2B:30:8C:2C","paired_for_display_only":1,"coupled":0,"invalid_wire":15024,"queue_drop":0}
2026-09-30T15:04:10.060	ngr/loco/9950011/state/throttle	90
2026-09-30T15:04:10.066	ngr/loco/9950011/state/direction	2
2026-09-30T15:04:10.066	ngr/loco/9950011/state/auto	1
2026-09-30T15:04:10.066	ngr/loco/9950011/state/estop	0
2026-09-30T15:04:10.066	ngr/loco/9950011/state/nav_ready	1
2026-09-30T15:04:11.060	ngr/loco/9950011/state/loopstat	{"build":"NAVI_EYES_WIDE_OPEN_INTEGRATED_R2","mm":2,"target":1,"dir":-1,"target_distance_mm":340,"target_polarity":1,"position_reliable":1,"reference_ready":1,"reference":1903,"median5":0,"hall_support":0,"spatial_phase":2,"ir_applicable":1,"ir_distance_state":"HALL_IR_READY","ir_health_fault":0,"ir_readiness":0,"ir_boot":"761B38FCC6F727BE","ir_epoch":1,"ir_epoch_active":1,"ir_seq":14500,"ir_pulses":6766,"ir_reason":6,"ir_age_ms":33,"ir_span":1119,"ir_gap":1,"ir_sat":0,"ir_abort":682,"ir_inferred_added":0,"ir_inferred_removed":0,"ir_calibration":0,"hall_seen":7284595,"ir_seen":14418,"hall_q_drop":0,"ir_q_drop":0,"ir_invalid":15035,"nsr_hall_drop":1,"nsr_ir_drop":0,"nsr_navi_drop":0,"nsr_native_drop":168,"event_drop":0,"pwm0_ir_motion":0,"confirmed":62,"missed":152,"pwm":90,"auto":1,"running":1,"estop":0,"lowvolt":0,"ir_stationary_pwm_warning":0,"pub_drop":0}
2026-09-30T15:04:11.072	ngr/loco/9950011/state/trace	{"consumption_drop":334,"action_drop":0,"command_queue_drop":0,"lossless":false}
2026-09-30T15:04:11.072	ngr/loco/9950011/state/nav	{"state":"NORMAL","mm":2,"target":1,"dir":-1,"session_dir":"CCW","position_reliable":1,"ir_distance_state":"HALL_IR_READY","reference_ready":1,"boot_reference":"PROVISIONAL_OR_SPATIAL","authority":"NAVI_EWO"}
2026-09-30T15:04:11.072	ngr/loco/9950011/telem/ir	{"ir_valid":1,"ir_mmps":10.724,"ir_coupled":0,"ir_speed_reason":"MEASURED","ir_applicable":1,"ir_reason":6,"ir_seq":14500,"ir_pulses":6766,"ir_gap":1,"ir_sat":0,"ir_abort":682,"authority":"NAVI_EWO"}
2026-09-30T15:04:11.072	ngr/loco/9950011/telem/speed	{"ir_valid":1,"ir_mmps":10.724,"ir_coupled":0,"ir_speed_reason":"MEASURED","ir_applicable":1,"ir_reason":6,"ir_seq":14500,"ir_pulses":6766,"ir_gap":1,"ir_sat":0,"ir_abort":682,"authority":"NAVI_EWO"}
2026-09-30T15:04:11.073	ngr/loco/9950011/diag/ir_link	{"radio_ready":1,"seen":29453,"source_mac":"38:18:2B:30:8C:2C","paired_mac":"38:18:2B:30:8C:2C","paired_for_display_only":1,"coupled":0,"invalid_wire":15035,"queue_drop":0}
2026-09-30T15:04:11.073	ngr/loco/9950011/state/throttle	90
2026-09-30T15:04:11.073	ngr/loco/9950011/state/direction	2
2026-09-30T15:04:11.073	ngr/loco/9950011/state/auto	1
2026-09-30T15:04:11.073	ngr/loco/9950011/state/estop	0
2026-09-30T15:04:11.073	ngr/loco/9950011/state/nav_ready	1
2026-09-30T15:04:11.980	ngr/loco/9950011/state/connectivity	{"wifi":1,"ip":"192.168.68.72","rssi":-54,"mqtt":1,"mqtt_state":0,"broker":"192.168.68.142","ir_radio":1,"ir_seen":29472,"ir_coupled":0,"navi_sync":1,"udp_failures":185}
2026-09-30T15:04:12.058	ngr/loco/9950011/state/loopstat	{"build":"NAVI_EYES_WIDE_OPEN_INTEGRATED_R2","mm":2,"target":1,"dir":-1,"target_distance_mm":340,"target_polarity":1,"position_reliable":1,"reference_ready":1,"reference":1903,"median5":0,"hall_support":0,"spatial_phase":2,"ir_applicable":1,"ir_distance_state":"HALL_IR_READY","ir_health_fault":0,"ir_readiness":0,"ir_boot":"761B38FCC6F727BE","ir_epoch":1,"ir_epoch_active":1,"ir_seq":14510,"ir_pulses":6767,"ir_reason":6,"ir_age_ms":32,"ir_span":959,"ir_gap":1,"ir_sat":0,"ir_abort":683,"ir_inferred_added":0,"ir_inferred_removed":0,"ir_calibration":0,"hall_seen":7289594,"ir_seen":14428,"hall_q_drop":0,"ir_q_drop":0,"ir_invalid":15045,"nsr_hall_drop":1,"nsr_ir_drop":0,"nsr_navi_drop":0,"nsr_native_drop":168,"event_drop":0,"pwm0_ir_motion":0,"confirmed":62,"missed":152,"pwm":90,"auto":1,"running":1,"estop":0,"lowvolt":0,"ir_stationary_pwm_warning":0,"pub_drop":0}
2026-09-30T15:04:12.062	ngr/loco/9950011/state/trace	{"consumption_drop":334,"action_drop":0,"command_queue_drop":0,"lossless":false}
2026-09-30T15:04:12.062	ngr/loco/9950011/state/nav	{"state":"NORMAL","mm":2,"target":1,"dir":-1,"session_dir":"CCW","position_reliable":1,"ir_distance_state":"HALL_IR_READY","reference_ready":1,"boot_reference":"PROVISIONAL_OR_SPATIAL","authority":"NAVI_EWO"}
2026-09-30T15:04:12.066	ngr/loco/9950011/telem/ir	{"ir_valid":1,"ir_mmps":10.701,"ir_coupled":0,"ir_speed_reason":"MEASURED","ir_applicable":1,"ir_reason":6,"ir_seq":14510,"ir_pulses":6767,"ir_gap":1,"ir_sat":0,"ir_abort":683,"authority":"NAVI_EWO"}
2026-09-30T15:04:12.067	ngr/loco/9950011/telem/speed	{"ir_valid":1,"ir_mmps":10.701,"ir_coupled":0,"ir_speed_reason":"MEASURED","ir_applicable":1,"ir_reason":6,"ir_seq":14510,"ir_pulses":6767,"ir_gap":1,"ir_sat":0,"ir_abort":683,"authority":"NAVI_EWO"}
2026-09-30T15:04:12.067	ngr/loco/9950011/diag/ir_link	{"radio_ready":1,"seen":29473,"source_mac":"38:18:2B:30:8C:2C","paired_mac":"38:18:2B:30:8C:2C","paired_for_display_only":1,"coupled":0,"invalid_wire":15045,"queue_drop":0}
2026-09-30T15:04:12.067	ngr/loco/9950011/state/throttle	90
2026-09-30T15:04:12.067	ngr/loco/9950011/state/direction	2
2026-09-30T15:04:12.073	ngr/loco/9950011/state/auto	1
2026-09-30T15:04:12.073	ngr/loco/9950011/state/estop	0
2026-09-30T15:04:12.073	ngr/loco/9950011/state/nav_ready	1
2026-09-30T15:04:13.051	ngr/loco/9950011/state/loopstat	{"build":"NAVI_EYES_WIDE_OPEN_INTEGRATED_R2","mm":2,"target":1,"dir":-1,"target_distance_mm":340,"target_polarity":1,"position_reliable":1,"reference_ready":1,"reference":1903,"median5":0,"hall_support":0,"spatial_phase":2,"ir_applicable":1,"ir_distance_state":"HALL_IR_READY","ir_health_fault":6,"ir_readiness":3,"ir_boot":"761B38FCC6F727BE","ir_epoch":1,"ir_epoch_active":1,"ir_seq":14520,"ir_pulses":6767,"ir_reason":1,"ir_age_ms":32,"ir_span":63,"ir_gap":1,"ir_sat":0,"ir_abort":685,"ir_inferred_added":0,"ir_inferred_removed":0,"ir_calibration":0,"hall_seen":7294589,"ir_seen":14438,"hall_q_drop":0,"ir_q_drop":0,"ir_invalid":15056,"nsr_hall_drop":1,"nsr_ir_drop":0,"nsr_navi_drop":0,"nsr_native_drop":168,"event_drop":0,"pwm0_ir_motion":0,"confirmed":62,"missed":152,"pwm":90,"auto":1,"running":1,"estop":0,"lowvolt":0,"ir_stationary_pwm_warning":1,"pub_drop":0}
2026-09-30T15:04:13.053	ngr/loco/9950011/state/trace	{"consumption_drop":334,"action_drop":0,"command_queue_drop":0,"lossless":false}
2026-09-30T15:04:13.053	ngr/loco/9950011/state/nav	{"state":"NORMAL","mm":2,"target":1,"dir":-1,"session_dir":"CCW","position_reliable":1,"ir_distance_state":"HALL_IR_READY","reference_ready":1,"boot_reference":"PROVISIONAL_OR_SPATIAL","authority":"NAVI_EWO"}
2026-09-30T15:04:13.053	ngr/loco/9950011/telem/ir	{"ir_valid":1,"ir_mmps":0.000,"ir_coupled":0,"ir_speed_reason":"STOPPED","ir_applicable":1,"ir_reason":1,"ir_seq":14520,"ir_pulses":6767,"ir_gap":1,"ir_sat":0,"ir_abort":685,"authority":"NAVI_EWO"}
2026-09-30T15:04:13.055	ngr/loco/9950011/telem/speed	{"ir_valid":1,"ir_mmps":0.000,"ir_coupled":0,"ir_speed_reason":"STOPPED","ir_applicable":1,"ir_reason":1,"ir_seq":14520,"ir_pulses":6767,"ir_gap":1,"ir_sat":0,"ir_abort":685,"authority":"NAVI_EWO"}
2026-09-30T15:04:13.055	ngr/loco/9950011/diag/ir_link	{"radio_ready":1,"seen":29494,"source_mac":"38:18:2B:30:8C:2C","paired_mac":"38:18:2B:30:8C:2C","paired_for_display_only":1,"coupled":0,"invalid_wire":15056,"queue_drop":0}
2026-09-30T15:04:13.058	ngr/loco/9950011/state/throttle	90
2026-09-30T15:04:13.058	ngr/loco/9950011/state/direction	2
2026-09-30T15:04:13.058	ngr/loco/9950011/state/auto	1
2026-09-30T15:04:13.060	ngr/loco/9950011/state/estop	0
2026-09-30T15:04:13.060	ngr/loco/9950011/state/nav_ready	1
2026-09-30T15:04:13.852	ngr/loco/9950011/state/lowvolt	0
2026-09-30T15:04:13.864	ngr/loco/9950011/telem/voltage	16.39
2026-09-30T15:04:13.864	ngr/loco/9950011/telem/current	0.31
2026-09-30T15:04:13.865	ngr/loco/9950011/telem/power	5.06
2026-09-30T15:04:14.057	ngr/loco/9950011/state/loopstat	{"build":"NAVI_EYES_WIDE_OPEN_INTEGRATED_R2","mm":2,"target":1,"dir":-1,"target_distance_mm":340,"target_polarity":1,"position_reliable":1,"reference_ready":1,"reference":1903,"median5":0,"hall_support":0,"spatial_phase":2,"ir_applicable":1,"ir_distance_state":"HALL_IR_READY","ir_health_fault":6,"ir_readiness":3,"ir_boot":"761B38FCC6F727BE","ir_epoch":1,"ir_epoch_active":1,"ir_seq":14530,"ir_pulses":6767,"ir_reason":1,"ir_age_ms":16,"ir_span":63,"ir_gap":1,"ir_sat":0,"ir_abort":685,"ir_inferred_added":0,"ir_inferred_removed":0,"ir_calibration":0,"hall_seen":7299594,"ir_seen":14448,"hall_q_drop":0,"ir_q_drop":0,"ir_invalid":15066,"nsr_hall_drop":1,"nsr_ir_drop":0,"nsr_navi_drop":0,"nsr_native_drop":168,"event_drop":0,"pwm0_ir_motion":0,"confirmed":62,"missed":152,"pwm":90,"auto":1,"running":1,"estop":0,"lowvolt":0,"ir_stationary_pwm_warning":1,"pub_drop":0}
2026-09-30T15:04:14.104	ngr/loco/9950011/state/trace	{"consumption_drop":334,"action_drop":0,"command_queue_drop":0,"lossless":false}
2026-09-30T15:04:14.104	ngr/loco/9950011/state/nav	{"state":"NORMAL","mm":2,"target":1,"dir":-1,"session_dir":"CCW","position_reliable":1,"ir_distance_state":"HALL_IR_READY","reference_ready":1,"boot_reference":"PROVISIONAL_OR_SPATIAL","authority":"NAVI_EWO"}
2026-09-30T15:04:14.104	ngr/loco/9950011/telem/ir	{"ir_valid":1,"ir_mmps":0.000,"ir_coupled":0,"ir_speed_reason":"STOPPED","ir_applicable":1,"ir_reason":1,"ir_seq":14530,"ir_pulses":6767,"ir_gap":1,"ir_sat":0,"ir_abort":685,"authority":"NAVI_EWO"}
2026-09-30T15:04:14.105	ngr/loco/9950011/telem/speed	{"ir_valid":1,"ir_mmps":0.000,"ir_coupled":0,"ir_speed_reason":"STOPPED","ir_applicable":1,"ir_reason":1,"ir_seq":14530,"ir_pulses":6767,"ir_gap":1,"ir_sat":0,"ir_abort":685,"authority":"NAVI_EWO"}
2026-09-30T15:04:14.105	ngr/loco/9950011/diag/ir_link	{"radio_ready":1,"seen":29514,"source_mac":"38:18:2B:30:8C:2C","paired_mac":"38:18:2B:30:8C:2C","paired_for_display_only":1,"coupled":0,"invalid_wire":15066,"queue_drop":0}
2026-09-30T15:04:14.105	ngr/loco/9950011/state/throttle	90
2026-09-30T15:04:14.105	ngr/loco/9950011/state/direction	2
2026-09-30T15:04:14.105	ngr/loco/9950011/state/auto	1
2026-09-30T15:04:14.105	ngr/loco/9950011/state/estop	0
2026-09-30T15:04:14.106	ngr/loco/9950011/state/nav_ready	1
2026-09-30T15:04:15.060	ngr/loco/9950011/state/loopstat	{"build":"NAVI_EYES_WIDE_OPEN_INTEGRATED_R2","mm":2,"target":1,"dir":-1,"target_distance_mm":340,"target_polarity":1,"position_reliable":1,"reference_ready":1,"reference":1903,"median5":0,"hall_support":0,"spatial_phase":2,"ir_applicable":1,"ir_distance_state":"HALL_IR_READY","ir_health_fault":6,"ir_readiness":3,"ir_boot":"761B38FCC6F727BE","ir_epoch":1,"ir_epoch_active":1,"ir_seq":14540,"ir_pulses":6767,"ir_reason":1,"ir_age_ms":17,"ir_span":79,"ir_gap":1,"ir_sat":0,"ir_abort":685,"ir_inferred_added":0,"ir_inferred_removed":0,"ir_calibration":0,"hall_seen":7304592,"ir_seen":14458,"hall_q_drop":0,"ir_q_drop":0,"ir_invalid":15077,"nsr_hall_drop":1,"nsr_ir_drop":0,"nsr_navi_drop":0,"nsr_native_drop":168,"event_drop":0,"pwm0_ir_motion":0,"confirmed":62,"missed":152,"pwm":90,"auto":1,"running":1,"estop":0,"lowvolt":0,"ir_stationary_pwm_warning":1,"pub_drop":0}
2026-09-30T15:04:15.062	ngr/loco/9950011/state/trace	{"consumption_drop":334,"action_drop":0,"command_queue_drop":0,"lossless":false}
2026-09-30T15:04:15.062	ngr/loco/9950011/state/nav	{"state":"NORMAL","mm":2,"target":1,"dir":-1,"session_dir":"CCW","position_reliable":1,"ir_distance_state":"HALL_IR_READY","reference_ready":1,"boot_reference":"PROVISIONAL_OR_SPATIAL","authority":"NAVI_EWO"}
2026-09-30T15:04:15.062	ngr/loco/9950011/telem/ir	{"ir_valid":1,"ir_mmps":0.000,"ir_coupled":0,"ir_speed_reason":"STOPPED","ir_applicable":1,"ir_reason":1,"ir_seq":14540,"ir_pulses":6767,"ir_gap":1,"ir_sat":0,"ir_abort":685,"authority":"NAVI_EWO"}
2026-09-30T15:04:15.064	ngr/loco/9950011/telem/speed	{"ir_valid":1,"ir_mmps":0.000,"ir_coupled":0,"ir_speed_reason":"STOPPED","ir_applicable":1,"ir_reason":1,"ir_seq":14540,"ir_pulses":6767,"ir_gap":1,"ir_sat":0,"ir_abort":685,"authority":"NAVI_EWO"}
2026-09-30T15:04:15.064	ngr/loco/9950011/diag/ir_link	{"radio_ready":1,"seen":29535,"source_mac":"38:18:2B:30:8C:2C","paired_mac":"38:18:2B:30:8C:2C","paired_for_display_only":1,"coupled":0,"invalid_wire":15077,"queue_drop":0}
2026-09-30T15:04:15.065	ngr/loco/9950011/state/throttle	90
2026-09-30T15:04:15.066	ngr/loco/9950011/state/direction	2
2026-09-30T15:04:15.066	ngr/loco/9950011/state/auto	1
2026-09-30T15:04:15.067	ngr/loco/9950011/state/estop	0
2026-09-30T15:04:15.068	ngr/loco/9950011/state/nav_ready	1
2026-09-30T15:04:16.054	ngr/loco/9950011/state/loopstat	{"build":"NAVI_EYES_WIDE_OPEN_INTEGRATED_R2","mm":2,"target":1,"dir":-1,"target_distance_mm":340,"target_polarity":1,"position_reliable":1,"reference_ready":1,"reference":1903,"median5":0,"hall_support":0,"spatial_phase":2,"ir_applicable":1,"ir_distance_state":"HALL_IR_READY","ir_health_fault":6,"ir_readiness":3,"ir_boot":"761B38FCC6F727BE","ir_epoch":1,"ir_epoch_active":1,"ir_seq":14550,"ir_pulses":6767,"ir_reason":1,"ir_age_ms":20,"ir_span":47,"ir_gap":1,"ir_sat":0,"ir_abort":685,"ir_inferred_added":0,"ir_inferred_removed":0,"ir_calibration":0,"hall_seen":7309594,"ir_seen":14468,"hall_q_drop":0,"ir_q_drop":0,"ir_invalid":15087,"nsr_hall_drop":1,"nsr_ir_drop":0,"nsr_navi_drop":0,"nsr_native_drop":168,"event_drop":0,"pwm0_ir_motion":0,"confirmed":62,"missed":152,"pwm":90,"auto":1,"running":1,"estop":0,"lowvolt":0,"ir_stationary_pwm_warning":1,"pub_drop":0}
2026-09-30T15:04:16.056	ngr/loco/9950011/state/trace	{"consumption_drop":334,"action_drop":0,"command_queue_drop":0,"lossless":false}
2026-09-30T15:04:16.060	ngr/loco/9950011/state/nav	{"state":"NORMAL","mm":2,"target":1,"dir":-1,"session_dir":"CCW","position_reliable":1,"ir_distance_state":"HALL_IR_READY","reference_ready":1,"boot_reference":"PROVISIONAL_OR_SPATIAL","authority":"NAVI_EWO"}
2026-09-30T15:04:16.060	ngr/loco/9950011/telem/ir	{"ir_valid":1,"ir_mmps":0.000,"ir_coupled":0,"ir_speed_reason":"STOPPED","ir_applicable":1,"ir_reason":1,"ir_seq":14550,"ir_pulses":6767,"ir_gap":1,"ir_sat":0,"ir_abort":685,"authority":"NAVI_EWO"}
2026-09-30T15:04:16.062	ngr/loco/9950011/telem/speed	{"ir_valid":1,"ir_mmps":0.000,"ir_coupled":0,"ir_speed_reason":"STOPPED","ir_applicable":1,"ir_reason":1,"ir_seq":14550,"ir_pulses":6767,"ir_gap":1,"ir_sat":0,"ir_abort":685,"authority":"NAVI_EWO"}
2026-09-30T15:04:16.062	ngr/loco/9950011/diag/ir_link	{"radio_ready":1,"seen":29555,"source_mac":"38:18:2B:30:8C:2C","paired_mac":"38:18:2B:30:8C:2C","paired_for_display_only":1,"coupled":0,"invalid_wire":15087,"queue_drop":0}
2026-09-30T15:04:16.062	ngr/loco/9950011/state/throttle	90
2026-09-30T15:04:16.062	ngr/loco/9950011/state/direction	2
2026-09-30T15:04:16.063	ngr/loco/9950011/state/auto	1
2026-09-30T15:04:16.064	ngr/loco/9950011/state/estop	0
2026-09-30T15:04:16.064	ngr/loco/9950011/state/nav_ready	1
2026-09-30T15:04:16.990	ngr/loco/9950011/state/connectivity	{"wifi":1,"ip":"192.168.68.72","rssi":-47,"mqtt":1,"mqtt_state":0,"broker":"192.168.68.142","ir_radio":1,"ir_seen":29574,"ir_coupled":0,"navi_sync":1,"udp_failures":185}
2026-09-30T15:04:17.060	ngr/loco/9950011/state/loopstat	{"build":"NAVI_EYES_WIDE_OPEN_INTEGRATED_R2","mm":2,"target":1,"dir":-1,"target_distance_mm":340,"target_polarity":1,"position_reliable":1,"reference_ready":1,"reference":1903,"median5":0,"hall_support":0,"spatial_phase":2,"ir_applicable":1,"ir_distance_state":"HALL_IR_READY","ir_health_fault":6,"ir_readiness":3,"ir_boot":"761B38FCC6F727BE","ir_epoch":1,"ir_epoch_active":1,"ir_seq":14560,"ir_pulses":6767,"ir_reason":1,"ir_age_ms":21,"ir_span":95,"ir_gap":1,"ir_sat":0,"ir_abort":685,"ir_inferred_added":0,"ir_inferred_removed":0,"ir_calibration":0,"hall_seen":7314594,"ir_seen":14478,"hall_q_drop":0,"ir_q_drop":0,"ir_invalid":15097,"nsr_hall_drop":1,"nsr_ir_drop":0,"nsr_navi_drop":0,"nsr_native_drop":168,"event_drop":0,"pwm0_ir_motion":0,"confirmed":62,"missed":152,"pwm":90,"auto":1,"running":1,"estop":0,"lowvolt":0,"ir_stationary_pwm_warning":1,"pub_drop":0}
2026-09-30T15:04:17.066	ngr/loco/9950011/state/trace	{"consumption_drop":334,"action_drop":0,"command_queue_drop":0,"lossless":false}
2026-09-30T15:04:17.066	ngr/loco/9950011/state/nav	{"state":"NORMAL","mm":2,"target":1,"dir":-1,"session_dir":"CCW","position_reliable":1,"ir_distance_state":"HALL_IR_READY","reference_ready":1,"boot_reference":"PROVISIONAL_OR_SPATIAL","authority":"NAVI_EWO"}
2026-09-30T15:04:17.066	ngr/loco/9950011/telem/ir	{"ir_valid":1,"ir_mmps":0.000,"ir_coupled":0,"ir_speed_reason":"STOPPED","ir_applicable":1,"ir_reason":1,"ir_seq":14560,"ir_pulses":6767,"ir_gap":1,"ir_sat":0,"ir_abort":685,"authority":"NAVI_EWO"}
2026-09-30T15:04:17.066	ngr/loco/9950011/telem/speed	{"ir_valid":1,"ir_mmps":0.000,"ir_coupled":0,"ir_speed_reason":"STOPPED","ir_applicable":1,"ir_reason":1,"ir_seq":14560,"ir_pulses":6767,"ir_gap":1,"ir_sat":0,"ir_abort":685,"authority":"NAVI_EWO"}
2026-09-30T15:04:17.067	ngr/loco/9950011/diag/ir_link	{"radio_ready":1,"seen":29575,"source_mac":"38:18:2B:30:8C:2C","paired_mac":"38:18:2B:30:8C:2C","paired_for_display_only":1,"coupled":0,"invalid_wire":15097,"queue_drop":0}
2026-09-30T15:04:17.067	ngr/loco/9950011/state/throttle	90
2026-09-30T15:04:17.067	ngr/loco/9950011/state/direction	2
2026-09-30T15:04:17.067	ngr/loco/9950011/state/auto	1
2026-09-30T15:04:17.067	ngr/loco/9950011/state/estop	0
2026-09-30T15:04:17.067	ngr/loco/9950011/state/nav_ready	1
2026-09-30T15:04:18.067	ngr/loco/9950011/state/loopstat	{"build":"NAVI_EYES_WIDE_OPEN_INTEGRATED_R2","mm":2,"target":1,"dir":-1,"target_distance_mm":340,"target_polarity":1,"position_reliable":1,"reference_ready":1,"reference":1903,"median5":0,"hall_support":0,"spatial_phase":2,"ir_applicable":1,"ir_distance_state":"HALL_IR_READY","ir_health_fault":6,"ir_readiness":3,"ir_boot":"761B38FCC6F727BE","ir_epoch":1,"ir_epoch_active":1,"ir_seq":14570,"ir_pulses":6767,"ir_reason":1,"ir_age_ms":25,"ir_span":79,"ir_gap":1,"ir_sat":0,"ir_abort":685,"ir_inferred_added":0,"ir_inferred_removed":0,"ir_calibration":0,"hall_seen":7319595,"ir_seen":14488,"hall_q_drop":0,"ir_q_drop":0,"ir_invalid":15108,"nsr_hall_drop":1,"nsr_ir_drop":0,"nsr_navi_drop":0,"nsr_native_drop":168,"event_drop":0,"pwm0_ir_motion":0,"confirmed":62,"missed":152,"pwm":90,"auto":1,"running":1,"estop":0,"lowvolt":0,"ir_stationary_pwm_warning":1,"pub_drop":0}
2026-09-30T15:04:18.069	ngr/loco/9950011/state/trace	{"consumption_drop":334,"action_drop":0,"command_queue_drop":0,"lossless":false}
2026-09-30T15:04:18.069	ngr/loco/9950011/state/nav	{"state":"NORMAL","mm":2,"target":1,"dir":-1,"session_dir":"CCW","position_reliable":1,"ir_distance_state":"HALL_IR_READY","reference_ready":1,"boot_reference":"PROVISIONAL_OR_SPATIAL","authority":"NAVI_EWO"}
2026-09-30T15:04:18.069	ngr/loco/9950011/telem/ir	{"ir_valid":1,"ir_mmps":0.000,"ir_coupled":0,"ir_speed_reason":"STOPPED","ir_applicable":1,"ir_reason":1,"ir_seq":14570,"ir_pulses":6767,"ir_gap":1,"ir_sat":0,"ir_abort":685,"authority":"NAVI_EWO"}
2026-09-30T15:04:18.070	ngr/loco/9950011/telem/speed	{"ir_valid":1,"ir_mmps":0.000,"ir_coupled":0,"ir_speed_reason":"STOPPED","ir_applicable":1,"ir_reason":1,"ir_seq":14570,"ir_pulses":6767,"ir_gap":1,"ir_sat":0,"ir_abort":685,"authority":"NAVI_EWO"}
2026-09-30T15:04:18.070	ngr/loco/9950011/diag/ir_link	{"radio_ready":1,"seen":29596,"source_mac":"38:18:2B:30:8C:2C","paired_mac":"38:18:2B:30:8C:2C","paired_for_display_only":1,"coupled":0,"invalid_wire":15108,"queue_drop":0}
2026-09-30T15:04:18.070	ngr/loco/9950011/state/throttle	90
2026-09-30T15:04:18.070	ngr/loco/9950011/state/direction	2
2026-09-30T15:04:18.070	ngr/loco/9950011/state/auto	1
2026-09-30T15:04:18.070	ngr/loco/9950011/state/estop	0
2026-09-30T15:04:18.070	ngr/loco/9950011/state/nav_ready	1
2026-09-30T15:04:18.849	ngr/loco/9950011/state/lowvolt	0
2026-09-30T15:04:18.853	ngr/loco/9950011/telem/voltage	16.40
2026-09-30T15:04:18.853	ngr/loco/9950011/telem/current	0.34
2026-09-30T15:04:18.855	ngr/loco/9950011/telem/power	5.50
2026-09-30T15:04:19.059	ngr/loco/9950011/state/loopstat	{"build":"NAVI_EYES_WIDE_OPEN_INTEGRATED_R2","mm":2,"target":1,"dir":-1,"target_distance_mm":340,"target_polarity":1,"position_reliable":1,"reference_ready":1,"reference":1903,"median5":0,"hall_support":0,"spatial_phase":2,"ir_applicable":1,"ir_distance_state":"HALL_IR_READY","ir_health_fault":6,"ir_readiness":3,"ir_boot":"761B38FCC6F727BE","ir_epoch":1,"ir_epoch_active":1,"ir_seq":14580,"ir_pulses":6767,"ir_reason":1,"ir_age_ms":20,"ir_span":47,"ir_gap":1,"ir_sat":0,"ir_abort":685,"ir_inferred_added":0,"ir_inferred_removed":0,"ir_calibration":0,"hall_seen":7324595,"ir_seen":14498,"hall_q_drop":0,"ir_q_drop":0,"ir_invalid":15118,"nsr_hall_drop":1,"nsr_ir_drop":0,"nsr_navi_drop":0,"nsr_native_drop":168,"event_drop":0,"pwm0_ir_motion":0,"confirmed":62,"missed":152,"pwm":90,"auto":1,"running":1,"estop":0,"lowvolt":0,"ir_stationary_pwm_warning":1,"pub_drop":0}
2026-09-30T15:04:19.062	ngr/loco/9950011/state/trace	{"consumption_drop":334,"action_drop":0,"command_queue_drop":0,"lossless":false}
2026-09-30T15:04:19.064	ngr/loco/9950011/state/nav	{"state":"NORMAL","mm":2,"target":1,"dir":-1,"session_dir":"CCW","position_reliable":1,"ir_distance_state":"HALL_IR_READY","reference_ready":1,"boot_reference":"PROVISIONAL_OR_SPATIAL","authority":"NAVI_EWO"}
2026-09-30T15:04:19.064	ngr/loco/9950011/telem/ir	{"ir_valid":1,"ir_mmps":0.000,"ir_coupled":0,"ir_speed_reason":"STOPPED","ir_applicable":1,"ir_reason":1,"ir_seq":14580,"ir_pulses":6767,"ir_gap":1,"ir_sat":0,"ir_abort":685,"authority":"NAVI_EWO"}
2026-09-30T15:04:19.064	ngr/loco/9950011/telem/speed	{"ir_valid":1,"ir_mmps":0.000,"ir_coupled":0,"ir_speed_reason":"STOPPED","ir_applicable":1,"ir_reason":1,"ir_seq":14580,"ir_pulses":6767,"ir_gap":1,"ir_sat":0,"ir_abort":685,"authority":"NAVI_EWO"}
2026-09-30T15:04:19.066	ngr/loco/9950011/diag/ir_link	{"radio_ready":1,"seen":29616,"source_mac":"38:18:2B:30:8C:2C","paired_mac":"38:18:2B:30:8C:2C","paired_for_display_only":1,"coupled":0,"invalid_wire":15118,"queue_drop":0}
2026-09-30T15:04:19.067	ngr/loco/9950011/state/throttle	90
2026-09-30T15:04:19.067	ngr/loco/9950011/state/direction	2
2026-09-30T15:04:19.070	ngr/loco/9950011/state/auto	1
2026-09-30T15:04:19.070	ngr/loco/9950011/state/estop	0
2026-09-30T15:04:19.070	ngr/loco/9950011/state/nav_ready	1
2026-09-30T15:04:20.054	ngr/loco/9950011/state/loopstat	{"build":"NAVI_EYES_WIDE_OPEN_INTEGRATED_R2","mm":2,"target":1,"dir":-1,"target_distance_mm":340,"target_polarity":1,"position_reliable":1,"reference_ready":1,"reference":1903,"median5":0,"hall_support":0,"spatial_phase":2,"ir_applicable":1,"ir_distance_state":"HALL_IR_READY","ir_health_fault":0,"ir_readiness":2,"ir_boot":"761B38FCC6F727BE","ir_epoch":1,"ir_epoch_active":1,"ir_seq":14590,"ir_pulses":6767,"ir_reason":5,"ir_age_ms":22,"ir_span":671,"ir_gap":1,"ir_sat":0,"ir_abort":685,"ir_inferred_added":0,"ir_inferred_removed":0,"ir_calibration":0,"hall_seen":7329594,"ir_seen":14508,"hall_q_drop":0,"ir_q_drop":0,"ir_invalid":15129,"nsr_hall_drop":1,"nsr_ir_drop":0,"nsr_navi_drop":0,"nsr_native_drop":168,"event_drop":0,"pwm0_ir_motion":0,"confirmed":62,"missed":152,"pwm":90,"auto":1,"running":1,"estop":0,"lowvolt":0,"ir_stationary_pwm_warning":1,"pub_drop":0}
2026-09-30T15:04:20.056	ngr/loco/9950011/state/trace	{"consumption_drop":334,"action_drop":0,"command_queue_drop":0,"lossless":false}
2026-09-30T15:04:20.057	ngr/loco/9950011/state/nav	{"state":"NORMAL","mm":2,"target":1,"dir":-1,"session_dir":"CCW","position_reliable":1,"ir_distance_state":"HALL_IR_READY","reference_ready":1,"boot_reference":"PROVISIONAL_OR_SPATIAL","authority":"NAVI_EWO"}
2026-09-30T15:04:20.057	ngr/loco/9950011/telem/ir	{"ir_valid":1,"ir_mmps":0.000,"ir_coupled":0,"ir_speed_reason":"STOPPED","ir_applicable":1,"ir_reason":5,"ir_seq":14590,"ir_pulses":6767,"ir_gap":1,"ir_sat":0,"ir_abort":685,"authority":"NAVI_EWO"}
2026-09-30T15:04:20.059	ngr/loco/9950011/telem/speed	{"ir_valid":1,"ir_mmps":0.000,"ir_coupled":0,"ir_speed_reason":"STOPPED","ir_applicable":1,"ir_reason":5,"ir_seq":14590,"ir_pulses":6767,"ir_gap":1,"ir_sat":0,"ir_abort":685,"authority":"NAVI_EWO"}
2026-09-30T15:04:20.059	ngr/loco/9950011/diag/ir_link	{"radio_ready":1,"seen":29637,"source_mac":"38:18:2B:30:8C:2C","paired_mac":"38:18:2B:30:8C:2C","paired_for_display_only":1,"coupled":0,"invalid_wire":15129,"queue_drop":0}
2026-09-30T15:04:20.060	ngr/loco/9950011/state/throttle	90
2026-09-30T15:04:20.063	ngr/loco/9950011/state/direction	2
2026-09-30T15:04:20.063	ngr/loco/9950011/state/auto	1
2026-09-30T15:04:20.063	ngr/loco/9950011/state/estop	0
2026-09-30T15:04:20.065	ngr/loco/9950011/state/nav_ready	1
2026-09-30T15:04:21.054	ngr/loco/9950011/state/loopstat	{"build":"NAVI_EYES_WIDE_OPEN_INTEGRATED_R2","mm":2,"target":1,"dir":-1,"target_distance_mm":340,"target_polarity":1,"position_reliable":1,"reference_ready":1,"reference":1903,"median5":0,"hall_support":0,"spatial_phase":2,"ir_applicable":1,"ir_distance_state":"HALL_IR_READY","ir_health_fault":6,"ir_readiness":3,"ir_boot":"761B38FCC6F727BE","ir_epoch":1,"ir_epoch_active":1,"ir_seq":14599,"ir_pulses":6768,"ir_reason":1,"ir_age_ms":124,"ir_span":255,"ir_gap":1,"ir_sat":0,"ir_abort":686,"ir_inferred_added":0,"ir_inferred_removed":0,"ir_calibration":0,"hall_seen":7334592,"ir_seen":14516,"hall_q_drop":0,"ir_q_drop":0,"ir_invalid":15139,"nsr_hall_drop":1,"nsr_ir_drop":0,"nsr_navi_drop":0,"nsr_native_drop":168,"event_drop":0,"pwm0_ir_motion":0,"confirmed":62,"missed":152,"pwm":90,"auto":1,"running":1,"estop":0,"lowvolt":0,"ir_stationary_pwm_warning":0,"pub_drop":0}
2026-09-30T15:04:21.056	ngr/loco/9950011/state/trace	{"consumption_drop":334,"action_drop":0,"command_queue_drop":0,"lossless":false}
2026-09-30T15:04:21.057	ngr/loco/9950011/state/nav	{"state":"NORMAL","mm":2,"target":1,"dir":-1,"session_dir":"CCW","position_reliable":1,"ir_distance_state":"HALL_IR_READY","reference_ready":1,"boot_reference":"PROVISIONAL_OR_SPATIAL","authority":"NAVI_EWO"}
2026-09-30T15:04:21.057	ngr/loco/9950011/telem/ir	{"ir_valid":1,"ir_mmps":10.724,"ir_coupled":0,"ir_speed_reason":"MEASURED","ir_applicable":1,"ir_reason":1,"ir_seq":14599,"ir_pulses":6768,"ir_gap":1,"ir_sat":0,"ir_abort":686,"authority":"NAVI_EWO"}
2026-09-30T15:04:21.057	ngr/loco/9950011/telem/speed	{"ir_valid":1,"ir_mmps":10.724,"ir_coupled":0,"ir_speed_reason":"MEASURED","ir_applicable":1,"ir_reason":1,"ir_seq":14599,"ir_pulses":6768,"ir_gap":1,"ir_sat":0,"ir_abort":686,"authority":"NAVI_EWO"}
2026-09-30T15:04:21.057	ngr/loco/9950011/diag/ir_link	{"radio_ready":1,"seen":29655,"source_mac":"38:18:2B:30:8C:2C","paired_mac":"38:18:2B:30:8C:2C","paired_for_display_only":1,"coupled":0,"invalid_wire":15139,"queue_drop":0}
2026-09-30T15:04:21.057	ngr/loco/9950011/state/throttle	90
2026-09-30T15:04:21.058	ngr/loco/9950011/state/direction	2
2026-09-30T15:04:21.059	ngr/loco/9950011/state/auto	1
2026-09-30T15:04:21.059	ngr/loco/9950011/state/estop	0
2026-09-30T15:04:21.062	ngr/loco/9950011/state/nav_ready	1
2026-09-30T15:04:21.996	ngr/loco/9950011/state/connectivity	{"wifi":1,"ip":"192.168.68.72","rssi":-51,"mqtt":1,"mqtt_state":0,"broker":"192.168.68.142","ir_radio":1,"ir_seen":29674,"ir_coupled":0,"navi_sync":1,"udp_failures":185}
2026-09-30T15:04:22.059	ngr/loco/9950011/state/loopstat	{"build":"NAVI_EYES_WIDE_OPEN_INTEGRATED_R2","mm":2,"target":1,"dir":-1,"target_distance_mm":340,"target_polarity":1,"position_reliable":1,"reference_ready":1,"reference":1903,"median5":0,"hall_support":0,"spatial_phase":2,"ir_applicable":1,"ir_distance_state":"HALL_IR_READY","ir_health_fault":0,"ir_readiness":2,"ir_boot":"761B38FCC6F727BE","ir_epoch":1,"ir_epoch_active":1,"ir_seq":14610,"ir_pulses":6768,"ir_reason":5,"ir_age_ms":27,"ir_span":127,"ir_gap":1,"ir_sat":0,"ir_abort":687,"ir_inferred_added":0,"ir_inferred_removed":0,"ir_calibration":0,"hall_seen":7339595,"ir_seen":14526,"hall_q_drop":0,"ir_q_drop":0,"ir_invalid":15149,"nsr_hall_drop":1,"nsr_ir_drop":0,"nsr_navi_drop":0,"nsr_native_drop":168,"event_drop":0,"pwm0_ir_motion":0,"confirmed":62,"missed":152,"pwm":90,"auto":1,"running":1,"estop":0,"lowvolt":0,"ir_stationary_pwm_warning":1,"pub_drop":0}
2026-09-30T15:04:22.062	ngr/loco/9950011/state/trace	{"consumption_drop":334,"action_drop":0,"command_queue_drop":0,"lossless":false}
2026-09-30T15:04:22.062	ngr/loco/9950011/state/nav	{"state":"NORMAL","mm":2,"target":1,"dir":-1,"session_dir":"CCW","position_reliable":1,"ir_distance_state":"HALL_IR_READY","reference_ready":1,"boot_reference":"PROVISIONAL_OR_SPATIAL","authority":"NAVI_EWO"}
2026-09-30T15:04:22.062	ngr/loco/9950011/telem/ir	{"ir_valid":1,"ir_mmps":0.000,"ir_coupled":0,"ir_speed_reason":"STOPPED","ir_applicable":1,"ir_reason":5,"ir_seq":14610,"ir_pulses":6768,"ir_gap":1,"ir_sat":0,"ir_abort":687,"authority":"NAVI_EWO"}
2026-09-30T15:04:22.063	ngr/loco/9950011/telem/speed	{"ir_valid":1,"ir_mmps":0.000,"ir_coupled":0,"ir_speed_reason":"STOPPED","ir_applicable":1,"ir_reason":5,"ir_seq":14610,"ir_pulses":6768,"ir_gap":1,"ir_sat":0,"ir_abort":687,"authority":"NAVI_EWO"}
2026-09-30T15:04:22.063	ngr/loco/9950011/diag/ir_link	{"radio_ready":1,"seen":29675,"source_mac":"38:18:2B:30:8C:2C","paired_mac":"38:18:2B:30:8C:2C","paired_for_display_only":1,"coupled":0,"invalid_wire":15149,"queue_drop":0}
2026-09-30T15:04:22.063	ngr/loco/9950011/state/throttle	90
2026-09-30T15:04:22.063	ngr/loco/9950011/state/direction	2
2026-09-30T15:04:22.063	ngr/loco/9950011/state/auto	1
2026-09-30T15:04:22.063	ngr/loco/9950011/state/estop	0
2026-09-30T15:04:22.064	ngr/loco/9950011/state/nav_ready	1
2026-09-30T15:04:23.061	ngr/loco/9950011/state/loopstat	{"build":"NAVI_EYES_WIDE_OPEN_INTEGRATED_R2","mm":2,"target":1,"dir":-1,"target_distance_mm":340,"target_polarity":1,"position_reliable":1,"reference_ready":1,"reference":1903,"median5":0,"hall_support":0,"spatial_phase":2,"ir_applicable":1,"ir_distance_state":"HALL_IR_READY","ir_health_fault":6,"ir_readiness":3,"ir_boot":"761B38FCC6F727BE","ir_epoch":1,"ir_epoch_active":1,"ir_seq":14620,"ir_pulses":6768,"ir_reason":1,"ir_age_ms":33,"ir_span":79,"ir_gap":1,"ir_sat":0,"ir_abort":687,"ir_inferred_added":0,"ir_inferred_removed":0,"ir_calibration":0,"hall_seen":7344600,"ir_seen":14536,"hall_q_drop":0,"ir_q_drop":0,"ir_invalid":15160,"nsr_hall_drop":1,"nsr_ir_drop":0,"nsr_navi_drop":0,"nsr_native_drop":168,"event_drop":0,"pwm0_ir_motion":0,"confirmed":62,"missed":152,"pwm":90,"auto":1,"running":1,"estop":0,"lowvolt":0,"ir_stationary_pwm_warning":1,"pub_drop":0}
2026-09-30T15:04:23.072	ngr/loco/9950011/state/trace	{"consumption_drop":334,"action_drop":0,"command_queue_drop":0,"lossless":false}
2026-09-30T15:04:23.072	ngr/loco/9950011/state/nav	{"state":"NORMAL","mm":2,"target":1,"dir":-1,"session_dir":"CCW","position_reliable":1,"ir_distance_state":"HALL_IR_READY","reference_ready":1,"boot_reference":"PROVISIONAL_OR_SPATIAL","authority":"NAVI_EWO"}
2026-09-30T15:04:23.073	ngr/loco/9950011/telem/ir	{"ir_valid":1,"ir_mmps":0.000,"ir_coupled":0,"ir_speed_reason":"STOPPED","ir_applicable":1,"ir_reason":1,"ir_seq":14620,"ir_pulses":6768,"ir_gap":1,"ir_sat":0,"ir_abort":687,"authority":"NAVI_EWO"}
2026-09-30T15:04:23.073	ngr/loco/9950011/telem/speed	{"ir_valid":1,"ir_mmps":0.000,"ir_coupled":0,"ir_speed_reason":"STOPPED","ir_applicable":1,"ir_reason":1,"ir_seq":14620,"ir_pulses":6768,"ir_gap":1,"ir_sat":0,"ir_abort":687,"authority":"NAVI_EWO"}
2026-09-30T15:04:23.073	ngr/loco/9950011/diag/ir_link	{"radio_ready":1,"seen":29696,"source_mac":"38:18:2B:30:8C:2C","paired_mac":"38:18:2B:30:8C:2C","paired_for_display_only":1,"coupled":0,"invalid_wire":15160,"queue_drop":0}
2026-09-30T15:04:23.075	ngr/loco/9950011/state/throttle	90
2026-09-30T15:04:23.075	ngr/loco/9950011/state/direction	2
2026-09-30T15:04:23.075	ngr/loco/9950011/state/auto	1
2026-09-30T15:04:23.075	ngr/loco/9950011/state/estop	0
2026-09-30T15:04:23.075	ngr/loco/9950011/state/nav_ready	1
2026-09-30T15:04:23.455	ngr/loco/9950011/cmd/dispatcher_release	1
2026-09-30T15:04:23.471	ngr/loco/9950011/state/auto	0
2026-09-30T15:04:23.480	ngr/loco/9950011/state/warning	RELEASED by dispatcher
2026-09-30T15:04:23.854	ngr/loco/9950011/state/lowvolt	0
2026-09-30T15:04:23.858	ngr/loco/9950011/telem/voltage	16.39
2026-09-30T15:04:23.859	ngr/loco/9950011/telem/current	0.30
2026-09-30T15:04:23.859	ngr/loco/9950011/telem/power	4.98
2026-09-30T15:04:24.055	ngr/loco/9950011/state/loopstat	{"build":"NAVI_EYES_WIDE_OPEN_INTEGRATED_R2","mm":2,"target":1,"dir":-1,"target_distance_mm":340,"target_polarity":1,"position_reliable":1,"reference_ready":1,"reference":1903,"median5":0,"hall_support":0,"spatial_phase":2,"ir_applicable":1,"ir_distance_state":"HALL_IR_READY","ir_health_fault":6,"ir_readiness":3,"ir_boot":"761B38FCC6F727BE","ir_epoch":1,"ir_epoch_active":1,"ir_seq":14630,"ir_pulses":6768,"ir_reason":1,"ir_age_ms":33,"ir_span":79,"ir_gap":1,"ir_sat":0,"ir_abort":687,"ir_inferred_added":0,"ir_inferred_removed":0,"ir_calibration":0,"hall_seen":7349602,"ir_seen":14546,"hall_q_drop":0,"ir_q_drop":0,"ir_invalid":15170,"nsr_hall_drop":1,"nsr_ir_drop":0,"nsr_navi_drop":0,"nsr_native_drop":168,"event_drop":0,"pwm0_ir_motion":0,"confirmed":62,"missed":152,"pwm":71,"auto":0,"running":0,"estop":0,"lowvolt":0,"ir_stationary_pwm_warning":1,"pub_drop":0}
2026-09-30T15:04:24.058	ngr/loco/9950011/state/trace	{"consumption_drop":334,"action_drop":0,"command_queue_drop":0,"lossless":false}
2026-09-30T15:04:24.059	ngr/loco/9950011/state/nav	{"state":"NORMAL","mm":2,"target":1,"dir":-1,"session_dir":"CCW","position_reliable":1,"ir_distance_state":"HALL_IR_READY","reference_ready":1,"boot_reference":"PROVISIONAL_OR_SPATIAL","authority":"NAVI_EWO"}
2026-09-30T15:04:24.059	ngr/loco/9950011/telem/ir	{"ir_valid":1,"ir_mmps":0.000,"ir_coupled":0,"ir_speed_reason":"STOPPED","ir_applicable":1,"ir_reason":1,"ir_seq":14630,"ir_pulses":6768,"ir_gap":1,"ir_sat":0,"ir_abort":687,"authority":"NAVI_EWO"}
2026-09-30T15:04:24.059	ngr/loco/9950011/telem/speed	{"ir_valid":1,"ir_mmps":0.000,"ir_coupled":0,"ir_speed_reason":"STOPPED","ir_applicable":1,"ir_reason":1,"ir_seq":14630,"ir_pulses":6768,"ir_gap":1,"ir_sat":0,"ir_abort":687,"authority":"NAVI_EWO"}
2026-09-30T15:04:24.059	ngr/loco/9950011/diag/ir_link	{"radio_ready":1,"seen":29716,"source_mac":"38:18:2B:30:8C:2C","paired_mac":"38:18:2B:30:8C:2C","paired_for_display_only":1,"coupled":0,"invalid_wire":15170,"queue_drop":0}
2026-09-30T15:04:24.059	ngr/loco/9950011/state/throttle	71
2026-09-30T15:04:24.060	ngr/loco/9950011/state/direction	2
2026-09-30T15:04:24.065	ngr/loco/9950011/state/auto	0
2026-09-30T15:04:24.065	ngr/loco/9950011/state/estop	0
2026-09-30T15:04:24.065	ngr/loco/9950011/state/nav_ready	1
2026-09-30T15:04:25.057	ngr/loco/9950011/state/loopstat	{"build":"NAVI_EYES_WIDE_OPEN_INTEGRATED_R2","mm":2,"target":1,"dir":-1,"target_distance_mm":340,"target_polarity":1,"position_reliable":1,"reference_ready":1,"reference":1903,"median5":0,"hall_support":0,"spatial_phase":2,"ir_applicable":1,"ir_distance_state":"HALL_IR_READY","ir_health_fault":6,"ir_readiness":3,"ir_boot":"761B38FCC6F727BE","ir_epoch":1,"ir_epoch_active":1,"ir_seq":14640,"ir_pulses":6768,"ir_reason":1,"ir_age_ms":34,"ir_span":47,"ir_gap":1,"ir_sat":0,"ir_abort":687,"ir_inferred_added":0,"ir_inferred_removed":0,"ir_calibration":0,"hall_seen":7354604,"ir_seen":14556,"hall_q_drop":0,"ir_q_drop":0,"ir_invalid":15181,"nsr_hall_drop":1,"nsr_ir_drop":0,"nsr_navi_drop":0,"nsr_native_drop":168,"event_drop":0,"pwm0_ir_motion":0,"confirmed":62,"missed":152,"pwm":39,"auto":0,"running":0,"estop":0,"lowvolt":0,"ir_stationary_pwm_warning":0,"pub_drop":0}
2026-09-30T15:04:25.060	ngr/loco/9950011/state/trace	{"consumption_drop":334,"action_drop":0,"command_queue_drop":0,"lossless":false}
2026-09-30T15:04:25.064	ngr/loco/9950011/state/nav	{"state":"NORMAL","mm":2,"target":1,"dir":-1,"session_dir":"CCW","position_reliable":1,"ir_distance_state":"HALL_IR_READY","reference_ready":1,"boot_reference":"PROVISIONAL_OR_SPATIAL","authority":"NAVI_EWO"}
2026-09-30T15:04:25.064	ngr/loco/9950011/telem/ir	{"ir_valid":1,"ir_mmps":0.000,"ir_coupled":0,"ir_speed_reason":"STOPPED","ir_applicable":1,"ir_reason":1,"ir_seq":14640,"ir_pulses":6768,"ir_gap":1,"ir_sat":0,"ir_abort":687,"authority":"NAVI_EWO"}
2026-09-30T15:04:25.065	ngr/loco/9950011/telem/speed	{"ir_valid":1,"ir_mmps":0.000,"ir_coupled":0,"ir_speed_reason":"STOPPED","ir_applicable":1,"ir_reason":1,"ir_seq":14640,"ir_pulses":6768,"ir_gap":1,"ir_sat":0,"ir_abort":687,"authority":"NAVI_EWO"}
2026-09-30T15:04:25.066	ngr/loco/9950011/diag/ir_link	{"radio_ready":1,"seen":29737,"source_mac":"38:18:2B:30:8C:2C","paired_mac":"38:18:2B:30:8C:2C","paired_for_display_only":1,"coupled":0,"invalid_wire":15181,"queue_drop":0}
2026-09-30T15:04:25.067	ngr/loco/9950011/state/throttle	39
2026-09-30T15:04:25.067	ngr/loco/9950011/state/direction	2
2026-09-30T15:04:25.067	ngr/loco/9950011/state/auto	0
2026-09-30T15:04:25.067	ngr/loco/9950011/state/estop	0
2026-09-30T15:04:25.067	ngr/loco/9950011/state/nav_ready	1
2026-09-30T15:04:26.062	ngr/loco/9950011/state/loopstat	{"build":"NAVI_EYES_WIDE_OPEN_INTEGRATED_R2","mm":2,"target":1,"dir":-1,"target_distance_mm":340,"target_polarity":1,"position_reliable":1,"reference_ready":1,"reference":1903,"median5":0,"hall_support":0,"spatial_phase":2,"ir_applicable":1,"ir_distance_state":"HALL_IR_READY","ir_health_fault":6,"ir_readiness":3,"ir_boot":"761B38FCC6F727BE","ir_epoch":1,"ir_epoch_active":1,"ir_seq":14650,"ir_pulses":6768,"ir_reason":1,"ir_age_ms":18,"ir_span":15,"ir_gap":1,"ir_sat":0,"ir_abort":687,"ir_inferred_added":0,"ir_inferred_removed":0,"ir_calibration":0,"hall_seen":7359604,"ir_seen":14566,"hall_q_drop":0,"ir_q_drop":0,"ir_invalid":15191,"nsr_hall_drop":1,"nsr_ir_drop":0,"nsr_navi_drop":0,"nsr_native_drop":168,"event_drop":0,"pwm0_ir_motion":0,"confirmed":62,"missed":152,"pwm":6,"auto":0,"running":0,"estop":0,"lowvolt":0,"ir_stationary_pwm_warning":0,"pub_drop":0}
2026-09-30T15:04:26.064	ngr/loco/9950011/state/trace	{"consumption_drop":334,"action_drop":0,"command_queue_drop":0,"lossless":false}
2026-09-30T15:04:26.064	ngr/loco/9950011/state/nav	{"state":"NORMAL","mm":2,"target":1,"dir":-1,"session_dir":"CCW","position_reliable":1,"ir_distance_state":"HALL_IR_READY","reference_ready":1,"boot_reference":"PROVISIONAL_OR_SPATIAL","authority":"NAVI_EWO"}
2026-09-30T15:04:26.065	ngr/loco/9950011/telem/ir	{"ir_valid":1,"ir_mmps":0.000,"ir_coupled":0,"ir_speed_reason":"STOPPED","ir_applicable":1,"ir_reason":1,"ir_seq":14650,"ir_pulses":6768,"ir_gap":1,"ir_sat":0,"ir_abort":687,"authority":"NAVI_EWO"}
2026-09-30T15:04:26.067	ngr/loco/9950011/telem/speed	{"ir_valid":1,"ir_mmps":0.000,"ir_coupled":0,"ir_speed_reason":"STOPPED","ir_applicable":1,"ir_reason":1,"ir_seq":14650,"ir_pulses":6768,"ir_gap":1,"ir_sat":0,"ir_abort":687,"authority":"NAVI_EWO"}
2026-09-30T15:04:26.067	ngr/loco/9950011/diag/ir_link	{"radio_ready":1,"seen":29757,"source_mac":"38:18:2B:30:8C:2C","paired_mac":"38:18:2B:30:8C:2C","paired_for_display_only":1,"coupled":0,"invalid_wire":15191,"queue_drop":0}
2026-09-30T15:04:26.067	ngr/loco/9950011/state/throttle	6
2026-09-30T15:04:26.071	ngr/loco/9950011/state/direction	2
2026-09-30T15:04:26.071	ngr/loco/9950011/state/auto	0
2026-09-30T15:04:26.071	ngr/loco/9950011/state/estop	0
2026-09-30T15:04:26.074	ngr/loco/9950011/state/nav_ready	1
2026-09-30T15:04:27.004	ngr/loco/9950011/state/connectivity	{"wifi":1,"ip":"192.168.68.72","rssi":-50,"mqtt":1,"mqtt_state":0,"broker":"192.168.68.142","ir_radio":1,"ir_seen":29776,"ir_coupled":0,"navi_sync":1,"udp_failures":185}
2026-09-30T15:04:27.065	ngr/loco/9950011/state/loopstat	{"build":"NAVI_EYES_WIDE_OPEN_INTEGRATED_R2","mm":2,"target":1,"dir":-1,"target_distance_mm":340,"target_polarity":1,"position_reliable":1,"reference_ready":1,"reference":1903,"median5":0,"hall_support":0,"spatial_phase":2,"ir_applicable":1,"ir_distance_state":"HALL_IR_READY","ir_health_fault":6,"ir_readiness":3,"ir_boot":"761B38FCC6F727BE","ir_epoch":1,"ir_epoch_active":1,"ir_seq":14660,"ir_pulses":6768,"ir_reason":1,"ir_age_ms":18,"ir_span":15,"ir_gap":1,"ir_sat":0,"ir_abort":687,"ir_inferred_added":0,"ir_inferred_removed":0,"ir_calibration":0,"hall_seen":7364604,"ir_seen":14576,"hall_q_drop":0,"ir_q_drop":0,"ir_invalid":15202,"nsr_hall_drop":1,"nsr_ir_drop":0,"nsr_navi_drop":0,"nsr_native_drop":168,"event_drop":0,"pwm0_ir_motion":0,"confirmed":62,"missed":152,"pwm":0,"auto":0,"running":0,"estop":0,"lowvolt":0,"ir_stationary_pwm_warning":0,"pub_drop":0}
2026-09-30T15:04:27.070	ngr/loco/9950011/state/trace	{"consumption_drop":334,"action_drop":0,"command_queue_drop":0,"lossless":false}
2026-09-30T15:04:27.070	ngr/loco/9950011/state/nav	{"state":"NORMAL","mm":2,"target":1,"dir":-1,"session_dir":"CCW","position_reliable":1,"ir_distance_state":"HALL_IR_READY","reference_ready":1,"boot_reference":"PROVISIONAL_OR_SPATIAL","authority":"NAVI_EWO"}
2026-09-30T15:04:27.070	ngr/loco/9950011/telem/ir	{"ir_valid":1,"ir_mmps":0.000,"ir_coupled":0,"ir_speed_reason":"STOPPED","ir_applicable":1,"ir_reason":1,"ir_seq":14660,"ir_pulses":6768,"ir_gap":1,"ir_sat":0,"ir_abort":687,"authority":"NAVI_EWO"}
2026-09-30T15:04:27.071	ngr/loco/9950011/telem/speed	{"ir_valid":1,"ir_mmps":0.000,"ir_coupled":0,"ir_speed_reason":"STOPPED","ir_applicable":1,"ir_reason":1,"ir_seq":14660,"ir_pulses":6768,"ir_gap":1,"ir_sat":0,"ir_abort":687,"authority":"NAVI_EWO"}
2026-09-30T15:04:27.071	ngr/loco/9950011/diag/ir_link	{"radio_ready":1,"seen":29778,"source_mac":"38:18:2B:30:8C:2C","paired_mac":"38:18:2B:30:8C:2C","paired_for_display_only":1,"coupled":0,"invalid_wire":15202,"queue_drop":0}
2026-09-30T15:04:27.071	ngr/loco/9950011/state/throttle	0
2026-09-30T15:04:27.071	ngr/loco/9950011/state/direction	2
2026-09-30T15:04:27.071	ngr/loco/9950011/state/auto	0
2026-09-30T15:04:27.071	ngr/loco/9950011/state/estop	0
2026-09-30T15:04:27.071	ngr/loco/9950011/state/nav_ready	1
2026-09-30T15:04:28.066	ngr/loco/9950011/state/loopstat	{"build":"NAVI_EYES_WIDE_OPEN_INTEGRATED_R2","mm":2,"target":1,"dir":-1,"target_distance_mm":340,"target_polarity":1,"position_reliable":1,"reference_ready":1,"reference":1903,"median5":0,"hall_support":0,"spatial_phase":2,"ir_applicable":1,"ir_distance_state":"HALL_IR_READY","ir_health_fault":6,"ir_readiness":3,"ir_boot":"761B38FCC6F727BE","ir_epoch":1,"ir_epoch_active":1,"ir_seq":14670,"ir_pulses":6768,"ir_reason":1,"ir_age_ms":22,"ir_span":15,"ir_gap":1,"ir_sat":0,"ir_abort":687,"ir_inferred_added":0,"ir_inferred_removed":0,"ir_calibration":0,"hall_seen":7369604,"ir_seen":14586,"hall_q_drop":0,"ir_q_drop":0,"ir_invalid":15212,"nsr_hall_drop":1,"nsr_ir_drop":0,"nsr_navi_drop":0,"nsr_native_drop":168,"event_drop":0,"pwm0_ir_motion":0,"confirmed":62,"missed":152,"pwm":0,"auto":0,"running":0,"estop":0,"lowvolt":0,"ir_stationary_pwm_warning":0,"pub_drop":0}
2026-09-30T15:04:28.070	ngr/loco/9950011/state/trace	{"consumption_drop":334,"action_drop":0,"command_queue_drop":0,"lossless":false}
2026-09-30T15:04:28.070	ngr/loco/9950011/state/nav	{"state":"NORMAL","mm":2,"target":1,"dir":-1,"session_dir":"CCW","position_reliable":1,"ir_distance_state":"HALL_IR_READY","reference_ready":1,"boot_reference":"PROVISIONAL_OR_SPATIAL","authority":"NAVI_EWO"}
2026-09-30T15:04:28.070	ngr/loco/9950011/telem/ir	{"ir_valid":1,"ir_mmps":0.000,"ir_coupled":0,"ir_speed_reason":"STOPPED","ir_applicable":1,"ir_reason":1,"ir_seq":14670,"ir_pulses":6768,"ir_gap":1,"ir_sat":0,"ir_abort":687,"authority":"NAVI_EWO"}
2026-09-30T15:04:28.071	ngr/loco/9950011/telem/speed	{"ir_valid":1,"ir_mmps":0.000,"ir_coupled":0,"ir_speed_reason":"STOPPED","ir_applicable":1,"ir_reason":1,"ir_seq":14670,"ir_pulses":6768,"ir_gap":1,"ir_sat":0,"ir_abort":687,"authority":"NAVI_EWO"}
2026-09-30T15:04:28.071	ngr/loco/9950011/diag/ir_link	{"radio_ready":1,"seen":29798,"source_mac":"38:18:2B:30:8C:2C","paired_mac":"38:18:2B:30:8C:2C","paired_for_display_only":1,"coupled":0,"invalid_wire":15212,"queue_drop":0}
2026-09-30T15:04:28.071	ngr/loco/9950011/state/throttle	0
2026-09-30T15:04:28.071	ngr/loco/9950011/state/direction	2
2026-09-30T15:04:28.071	ngr/loco/9950011/state/auto	0
2026-09-30T15:04:28.071	ngr/loco/9950011/state/estop	0
2026-09-30T15:04:28.071	ngr/loco/9950011/state/nav_ready	1
2026-09-30T15:04:28.852	ngr/loco/9950011/state/lowvolt	0
2026-09-30T15:04:28.886	ngr/loco/9950011/telem/voltage	16.43
2026-09-30T15:04:28.886	ngr/loco/9950011/telem/current	0.16
2026-09-30T15:04:28.886	ngr/loco/9950011/telem/power	2.66
2026-09-30T15:04:29.060	ngr/loco/9950011/state/loopstat	{"build":"NAVI_EYES_WIDE_OPEN_INTEGRATED_R2","mm":2,"target":1,"dir":-1,"target_distance_mm":340,"target_polarity":1,"position_reliable":1,"reference_ready":1,"reference":1903,"median5":0,"hall_support":0,"spatial_phase":2,"ir_applicable":1,"ir_distance_state":"HALL_IR_READY","ir_health_fault":6,"ir_readiness":3,"ir_boot":"761B38FCC6F727BE","ir_epoch":1,"ir_epoch_active":1,"ir_seq":14680,"ir_pulses":6768,"ir_reason":1,"ir_age_ms":22,"ir_span":15,"ir_gap":1,"ir_sat":0,"ir_abort":687,"ir_inferred_added":0,"ir_inferred_removed":0,"ir_calibration":0,"hall_seen":7374605,"ir_seen":14596,"hall_q_drop":0,"ir_q_drop":0,"ir_invalid":15222,"nsr_hall_drop":1,"nsr_ir_drop":0,"nsr_navi_drop":0,"nsr_native_drop":168,"event_drop":0,"pwm0_ir_motion":0,"confirmed":62,"missed":152,"pwm":0,"auto":0,"running":0,"estop":0,"lowvolt":0,"ir_stationary_pwm_warning":0,"pub_drop":0}
2026-09-30T15:04:29.062	ngr/loco/9950011/state/trace	{"consumption_drop":334,"action_drop":0,"command_queue_drop":0,"lossless":false}
2026-09-30T15:04:29.062	ngr/loco/9950011/state/nav	{"state":"NORMAL","mm":2,"target":1,"dir":-1,"session_dir":"CCW","position_reliable":1,"ir_distance_state":"HALL_IR_READY","reference_ready":1,"boot_reference":"PROVISIONAL_OR_SPATIAL","authority":"NAVI_EWO"}
2026-09-30T15:04:29.063	ngr/loco/9950011/telem/ir	{"ir_valid":1,"ir_mmps":0.000,"ir_coupled":0,"ir_speed_reason":"STOPPED","ir_applicable":1,"ir_reason":1,"ir_seq":14680,"ir_pulses":6768,"ir_gap":1,"ir_sat":0,"ir_abort":687,"authority":"NAVI_EWO"}
2026-09-30T15:04:29.066	ngr/loco/9950011/telem/speed	{"ir_valid":1,"ir_mmps":0.000,"ir_coupled":0,"ir_speed_reason":"STOPPED","ir_applicable":1,"ir_reason":1,"ir_seq":14680,"ir_pulses":6768,"ir_gap":1,"ir_sat":0,"ir_abort":687,"authority":"NAVI_EWO"}
2026-09-30T15:04:29.067	ngr/loco/9950011/diag/ir_link	{"radio_ready":1,"seen":29818,"source_mac":"38:18:2B:30:8C:2C","paired_mac":"38:18:2B:30:8C:2C","paired_for_display_only":1,"coupled":0,"invalid_wire":15222,"queue_drop":0}
2026-09-30T15:04:29.067	ngr/loco/9950011/state/throttle	0
2026-09-30T15:04:29.069	ngr/loco/9950011/state/direction	2
2026-09-30T15:04:29.069	ngr/loco/9950011/state/auto	0
2026-09-30T15:04:29.069	ngr/loco/9950011/state/estop	0
2026-09-30T15:04:29.069	ngr/loco/9950011/state/nav_ready	1
2026-09-30T15:04:30.054	ngr/loco/9950011/state/loopstat	{"build":"NAVI_EYES_WIDE_OPEN_INTEGRATED_R2","mm":2,"target":1,"dir":-1,"target_distance_mm":340,"target_polarity":1,"position_reliable":1,"reference_ready":1,"reference":1903,"median5":0,"hall_support":0,"spatial_phase":2,"ir_applicable":1,"ir_distance_state":"HALL_IR_READY","ir_health_fault":6,"ir_readiness":3,"ir_boot":"761B38FCC6F727BE","ir_epoch":1,"ir_epoch_active":1,"ir_seq":14690,"ir_pulses":6768,"ir_reason":1,"ir_age_ms":24,"ir_span":31,"ir_gap":1,"ir_sat":0,"ir_abort":687,"ir_inferred_added":0,"ir_inferred_removed":0,"ir_calibration":0,"hall_seen":7379605,"ir_seen":14606,"hall_q_drop":0,"ir_q_drop":0,"ir_invalid":15233,"nsr_hall_drop":1,"nsr_ir_drop":0,"nsr_navi_drop":0,"nsr_native_drop":168,"event_drop":0,"pwm0_ir_motion":0,"confirmed":62,"missed":152,"pwm":0,"auto":0,"running":0,"estop":0,"lowvolt":0,"ir_stationary_pwm_warning":0,"pub_drop":0}
2026-09-30T15:04:30.056	ngr/loco/9950011/state/trace	{"consumption_drop":334,"action_drop":0,"command_queue_drop":0,"lossless":false}
2026-09-30T15:04:30.056	ngr/loco/9950011/state/nav	{"state":"NORMAL","mm":2,"target":1,"dir":-1,"session_dir":"CCW","position_reliable":1,"ir_distance_state":"HALL_IR_READY","reference_ready":1,"boot_reference":"PROVISIONAL_OR_SPATIAL","authority":"NAVI_EWO"}
2026-09-30T15:04:30.057	ngr/loco/9950011/telem/ir	{"ir_valid":1,"ir_mmps":0.000,"ir_coupled":0,"ir_speed_reason":"STOPPED","ir_applicable":1,"ir_reason":1,"ir_seq":14690,"ir_pulses":6768,"ir_gap":1,"ir_sat":0,"ir_abort":687,"authority":"NAVI_EWO"}
2026-09-30T15:04:30.057	ngr/loco/9950011/telem/speed	{"ir_valid":1,"ir_mmps":0.000,"ir_coupled":0,"ir_speed_reason":"STOPPED","ir_applicable":1,"ir_reason":1,"ir_seq":14690,"ir_pulses":6768,"ir_gap":1,"ir_sat":0,"ir_abort":687,"authority":"NAVI_EWO"}
2026-09-30T15:04:30.064	ngr/loco/9950011/diag/ir_link	{"radio_ready":1,"seen":29839,"source_mac":"38:18:2B:30:8C:2C","paired_mac":"38:18:2B:30:8C:2C","paired_for_display_only":1,"coupled":0,"invalid_wire":15233,"queue_drop":0}
2026-09-30T15:04:30.064	ngr/loco/9950011/state/throttle	0
2026-09-30T15:04:30.064	ngr/loco/9950011/state/direction	2
2026-09-30T15:04:30.064	ngr/loco/9950011/state/auto	0
2026-09-30T15:04:30.064	ngr/loco/9950011/state/estop	0
2026-09-30T15:04:30.065	ngr/loco/9950011/state/nav_ready	1
2026-09-30T15:04:31.064	ngr/loco/9950011/state/loopstat	{"build":"NAVI_EYES_WIDE_OPEN_INTEGRATED_R2","mm":2,"target":1,"dir":-1,"target_distance_mm":340,"target_polarity":1,"position_reliable":1,"reference_ready":1,"reference":1903,"median5":0,"hall_support":0,"spatial_phase":2,"ir_applicable":1,"ir_distance_state":"HALL_IR_READY","ir_health_fault":6,"ir_readiness":3,"ir_boot":"761B38FCC6F727BE","ir_epoch":1,"ir_epoch_active":1,"ir_seq":14700,"ir_pulses":6768,"ir_reason":1,"ir_age_ms":27,"ir_span":31,"ir_gap":1,"ir_sat":0,"ir_abort":687,"ir_inferred_added":0,"ir_inferred_removed":0,"ir_calibration":0,"hall_seen":7384608,"ir_seen":14616,"hall_q_drop":0,"ir_q_drop":0,"ir_invalid":15243,"nsr_hall_drop":1,"nsr_ir_drop":0,"nsr_navi_drop":0,"nsr_native_drop":168,"event_drop":0,"pwm0_ir_motion":0,"confirmed":62,"missed":152,"pwm":0,"auto":0,"running":0,"estop":0,"lowvolt":0,"ir_stationary_pwm_warning":0,"pub_drop":0}
2026-09-30T15:04:31.070	ngr/loco/9950011/state/trace	{"consumption_drop":334,"action_drop":0,"command_queue_drop":0,"lossless":false}
2026-09-30T15:04:31.070	ngr/loco/9950011/state/nav	{"state":"NORMAL","mm":2,"target":1,"dir":-1,"session_dir":"CCW","position_reliable":1,"ir_distance_state":"HALL_IR_READY","reference_ready":1,"boot_reference":"PROVISIONAL_OR_SPATIAL","authority":"NAVI_EWO"}
2026-09-30T15:04:31.070	ngr/loco/9950011/telem/ir	{"ir_valid":1,"ir_mmps":0.000,"ir_coupled":0,"ir_speed_reason":"STOPPED","ir_applicable":1,"ir_reason":1,"ir_seq":14700,"ir_pulses":6768,"ir_gap":1,"ir_sat":0,"ir_abort":687,"authority":"NAVI_EWO"}
2026-09-30T15:04:31.071	ngr/loco/9950011/telem/speed	{"ir_valid":1,"ir_mmps":0.000,"ir_coupled":0,"ir_speed_reason":"STOPPED","ir_applicable":1,"ir_reason":1,"ir_seq":14700,"ir_pulses":6768,"ir_gap":1,"ir_sat":0,"ir_abort":687,"authority":"NAVI_EWO"}
2026-09-30T15:04:31.071	ngr/loco/9950011/diag/ir_link	{"radio_ready":1,"seen":29859,"source_mac":"38:18:2B:30:8C:2C","paired_mac":"38:18:2B:30:8C:2C","paired_for_display_only":1,"coupled":0,"invalid_wire":15243,"queue_drop":0}
2026-09-30T15:04:31.071	ngr/loco/9950011/state/throttle	0
2026-09-30T15:04:31.071	ngr/loco/9950011/state/direction	2
2026-09-30T15:04:31.071	ngr/loco/9950011/state/auto	0
2026-09-30T15:04:31.071	ngr/loco/9950011/state/estop	0
2026-09-30T15:04:31.071	ngr/loco/9950011/state/nav_ready	1
2026-09-30T15:04:32.007	ngr/loco/9950011/state/connectivity	{"wifi":1,"ip":"192.168.68.72","rssi":-53,"mqtt":1,"mqtt_state":0,"broker":"192.168.68.142","ir_radio":1,"ir_seen":29878,"ir_coupled":0,"navi_sync":1,"udp_failures":185}
2026-09-30T15:04:32.060	ngr/loco/9950011/state/loopstat	{"build":"NAVI_EYES_WIDE_OPEN_INTEGRATED_R2","mm":2,"target":1,"dir":-1,"target_distance_mm":340,"target_polarity":1,"position_reliable":1,"reference_ready":1,"reference":1903,"median5":0,"hall_support":0,"spatial_phase":2,"ir_applicable":1,"ir_distance_state":"HALL_IR_READY","ir_health_fault":6,"ir_readiness":3,"ir_boot":"761B38FCC6F727BE","ir_epoch":1,"ir_epoch_active":1,"ir_seq":14710,"ir_pulses":6768,"ir_reason":1,"ir_age_ms":26,"ir_span":95,"ir_gap":1,"ir_sat":0,"ir_abort":687,"ir_inferred_added":0,"ir_inferred_removed":0,"ir_calibration":0,"hall_seen":7389609,"ir_seen":14626,"hall_q_drop":0,"ir_q_drop":0,"ir_invalid":15254,"nsr_hall_drop":1,"nsr_ir_drop":0,"nsr_navi_drop":0,"nsr_native_drop":168,"event_drop":0,"pwm0_ir_motion":0,"confirmed":62,"missed":152,"pwm":0,"auto":0,"running":0,"estop":0,"lowvolt":0,"ir_stationary_pwm_warning":0,"pub_drop":0}
2026-09-30T15:04:32.062	ngr/loco/9950011/state/trace	{"consumption_drop":334,"action_drop":0,"command_queue_drop":0,"lossless":false}
2026-09-30T15:04:32.065	ngr/loco/9950011/state/nav	{"state":"NORMAL","mm":2,"target":1,"dir":-1,"session_dir":"CCW","position_reliable":1,"ir_distance_state":"HALL_IR_READY","reference_ready":1,"boot_reference":"PROVISIONAL_OR_SPATIAL","authority":"NAVI_EWO"}
2026-09-30T15:04:32.066	ngr/loco/9950011/telem/ir	{"ir_valid":1,"ir_mmps":0.000,"ir_coupled":0,"ir_speed_reason":"STOPPED","ir_applicable":1,"ir_reason":1,"ir_seq":14710,"ir_pulses":6768,"ir_gap":1,"ir_sat":0,"ir_abort":687,"authority":"NAVI_EWO"}
2026-09-30T15:04:32.066	ngr/loco/9950011/telem/speed	{"ir_valid":1,"ir_mmps":0.000,"ir_coupled":0,"ir_speed_reason":"STOPPED","ir_applicable":1,"ir_reason":1,"ir_seq":14710,"ir_pulses":6768,"ir_gap":1,"ir_sat":0,"ir_abort":687,"authority":"NAVI_EWO"}
2026-09-30T15:04:32.069	ngr/loco/9950011/diag/ir_link	{"radio_ready":1,"seen":29880,"source_mac":"38:18:2B:30:8C:2C","paired_mac":"38:18:2B:30:8C:2C","paired_for_display_only":1,"coupled":0,"invalid_wire":15254,"queue_drop":0}
2026-09-30T15:04:32.069	ngr/loco/9950011/state/throttle	0
2026-09-30T15:04:32.069	ngr/loco/9950011/state/direction	2
2026-09-30T15:04:32.069	ngr/loco/9950011/state/auto	0
2026-09-30T15:04:32.070	ngr/loco/9950011/state/estop	0
2026-09-30T15:04:32.071	ngr/loco/9950011/state/nav_ready	1
2026-09-30T15:04:33.055	ngr/loco/9950011/state/loopstat	{"build":"NAVI_EYES_WIDE_OPEN_INTEGRATED_R2","mm":2,"target":1,"dir":-1,"target_distance_mm":340,"target_polarity":1,"position_reliable":1,"reference_ready":1,"reference":1903,"median5":0,"hall_support":0,"spatial_phase":2,"ir_applicable":1,"ir_distance_state":"HALL_IR_READY","ir_health_fault":6,"ir_readiness":3,"ir_boot":"761B38FCC6F727BE","ir_epoch":1,"ir_epoch_active":1,"ir_seq":14720,"ir_pulses":6768,"ir_reason":1,"ir_age_ms":31,"ir_span":63,"ir_gap":1,"ir_sat":0,"ir_abort":687,"ir_inferred_added":0,"ir_inferred_removed":0,"ir_calibration":0,"hall_seen":7394609,"ir_seen":14635,"hall_q_drop":0,"ir_q_drop":0,"ir_invalid":15264,"nsr_hall_drop":1,"nsr_ir_drop":0,"nsr_navi_drop":0,"nsr_native_drop":168,"event_drop":0,"pwm0_ir_motion":0,"confirmed":62,"missed":152,"pwm":0,"auto":0,"running":0,"estop":0,"lowvolt":0,"ir_stationary_pwm_warning":0,"pub_drop":0}
2026-09-30T15:04:33.065	ngr/loco/9950011/state/trace	{"consumption_drop":334,"action_drop":0,"command_queue_drop":0,"lossless":false}
2026-09-30T15:04:33.067	ngr/loco/9950011/state/nav	{"state":"NORMAL","mm":2,"target":1,"dir":-1,"session_dir":"CCW","position_reliable":1,"ir_distance_state":"HALL_IR_READY","reference_ready":1,"boot_reference":"PROVISIONAL_OR_SPATIAL","authority":"NAVI_EWO"}
2026-09-30T15:04:33.067	ngr/loco/9950011/telem/ir	{"ir_valid":1,"ir_mmps":0.000,"ir_coupled":0,"ir_speed_reason":"STOPPED","ir_applicable":1,"ir_reason":1,"ir_seq":14720,"ir_pulses":6768,"ir_gap":1,"ir_sat":0,"ir_abort":687,"authority":"NAVI_EWO"}
2026-09-30T15:04:33.067	ngr/loco/9950011/telem/speed	{"ir_valid":1,"ir_mmps":0.000,"ir_coupled":0,"ir_speed_reason":"STOPPED","ir_applicable":1,"ir_reason":1,"ir_seq":14720,"ir_pulses":6768,"ir_gap":1,"ir_sat":0,"ir_abort":687,"authority":"NAVI_EWO"}
2026-09-30T15:04:33.068	ngr/loco/9950011/diag/ir_link	{"radio_ready":1,"seen":29899,"source_mac":"38:18:2B:30:8C:2C","paired_mac":"38:18:2B:30:8C:2C","paired_for_display_only":1,"coupled":0,"invalid_wire":15264,"queue_drop":0}
2026-09-30T15:04:33.068	ngr/loco/9950011/state/throttle	0
2026-09-30T15:04:33.068	ngr/loco/9950011/state/direction	2
2026-09-30T15:04:33.068	ngr/loco/9950011/state/auto	0
2026-09-30T15:04:33.068	ngr/loco/9950011/state/estop	0
2026-09-30T15:04:33.068	ngr/loco/9950011/state/nav_ready	1
2026-09-30T15:04:33.854	ngr/loco/9950011/state/lowvolt	0
2026-09-30T15:04:33.859	ngr/loco/9950011/telem/voltage	16.42
2026-09-30T15:04:33.862	ngr/loco/9950011/telem/current	0.21
2026-09-30T15:04:33.863	ngr/loco/9950011/telem/power	3.38
2026-09-30T15:04:34.070	ngr/loco/9950011/state/loopstat	{"build":"NAVI_EYES_WIDE_OPEN_INTEGRATED_R2","mm":2,"target":1,"dir":-1,"target_distance_mm":340,"target_polarity":1,"position_reliable":1,"reference_ready":1,"reference":1903,"median5":0,"hall_support":0,"spatial_phase":2,"ir_applicable":1,"ir_distance_state":"HALL_IR_READY","ir_health_fault":6,"ir_readiness":3,"ir_boot":"761B38FCC6F727BE","ir_epoch":1,"ir_epoch_active":1,"ir_seq":14730,"ir_pulses":6768,"ir_reason":1,"ir_age_ms":11,"ir_span":15,"ir_gap":1,"ir_sat":0,"ir_abort":687,"ir_inferred_added":0,"ir_inferred_removed":0,"ir_calibration":0,"hall_seen":7399609,"ir_seen":14645,"hall_q_drop":0,"ir_q_drop":0,"ir_invalid":15274,"nsr_hall_drop":1,"nsr_ir_drop":0,"nsr_navi_drop":0,"nsr_native_drop":168,"event_drop":0,"pwm0_ir_motion":0,"confirmed":62,"missed":152,"pwm":0,"auto":0,"running":0,"estop":0,"lowvolt":0,"ir_stationary_pwm_warning":0,"pub_drop":0}
2026-09-30T15:04:34.081	ngr/loco/9950011/state/trace	{"consumption_drop":334,"action_drop":0,"command_queue_drop":0,"lossless":false}
2026-09-30T15:04:34.086	ngr/loco/9950011/state/nav	{"state":"NORMAL","mm":2,"target":1,"dir":-1,"session_dir":"CCW","position_reliable":1,"ir_distance_state":"HALL_IR_READY","reference_ready":1,"boot_reference":"PROVISIONAL_OR_SPATIAL","authority":"NAVI_EWO"}
2026-09-30T15:04:34.086	ngr/loco/9950011/telem/ir	{"ir_valid":1,"ir_mmps":0.000,"ir_coupled":0,"ir_speed_reason":"STOPPED","ir_applicable":1,"ir_reason":1,"ir_seq":14730,"ir_pulses":6768,"ir_gap":1,"ir_sat":0,"ir_abort":687,"authority":"NAVI_EWO"}
2026-09-30T15:04:34.086	ngr/loco/9950011/telem/speed	{"ir_valid":1,"ir_mmps":0.000,"ir_coupled":0,"ir_speed_reason":"STOPPED","ir_applicable":1,"ir_reason":1,"ir_seq":14730,"ir_pulses":6768,"ir_gap":1,"ir_sat":0,"ir_abort":687,"authority":"NAVI_EWO"}
2026-09-30T15:04:34.087	ngr/loco/9950011/diag/ir_link	{"radio_ready":1,"seen":29919,"source_mac":"38:18:2B:30:8C:2C","paired_mac":"38:18:2B:30:8C:2C","paired_for_display_only":1,"coupled":0,"invalid_wire":15274,"queue_drop":0}
2026-09-30T15:04:34.087	ngr/loco/9950011/state/throttle	0
2026-09-30T15:04:34.087	ngr/loco/9950011/state/direction	2
2026-09-30T15:04:34.087	ngr/loco/9950011/state/auto	0
2026-09-30T15:04:34.087	ngr/loco/9950011/state/estop	0
2026-09-30T15:04:34.088	ngr/loco/9950011/state/nav_ready	1
2026-09-30T15:04:35.062	ngr/loco/9950011/state/loopstat	{"build":"NAVI_EYES_WIDE_OPEN_INTEGRATED_R2","mm":2,"target":1,"dir":-1,"target_distance_mm":340,"target_polarity":1,"position_reliable":1,"reference_ready":1,"reference":1903,"median5":0,"hall_support":0,"spatial_phase":2,"ir_applicable":1,"ir_distance_state":"HALL_IR_READY","ir_health_fault":6,"ir_readiness":3,"ir_boot":"761B38FCC6F727BE","ir_epoch":1,"ir_epoch_active":1,"ir_seq":14740,"ir_pulses":6768,"ir_reason":1,"ir_age_ms":15,"ir_span":31,"ir_gap":1,"ir_sat":0,"ir_abort":687,"ir_inferred_added":0,"ir_inferred_removed":0,"ir_calibration":0,"hall_seen":7404610,"ir_seen":14655,"hall_q_drop":0,"ir_q_drop":0,"ir_invalid":15285,"nsr_hall_drop":1,"nsr_ir_drop":0,"nsr_navi_drop":0,"nsr_native_drop":168,"event_drop":0,"pwm0_ir_motion":0,"confirmed":62,"missed":152,"pwm":0,"auto":0,"running":0,"estop":0,"lowvolt":0,"ir_stationary_pwm_warning":0,"pub_drop":0}
2026-09-30T15:04:35.104	ngr/loco/9950011/state/trace	{"consumption_drop":334,"action_drop":0,"command_queue_drop":0,"lossless":false}
2026-09-30T15:04:35.104	ngr/loco/9950011/state/nav	{"state":"NORMAL","mm":2,"target":1,"dir":-1,"session_dir":"CCW","position_reliable":1,"ir_distance_state":"HALL_IR_READY","reference_ready":1,"boot_reference":"PROVISIONAL_OR_SPATIAL","authority":"NAVI_EWO"}
2026-09-30T15:04:35.104	ngr/loco/9950011/telem/ir	{"ir_valid":1,"ir_mmps":0.000,"ir_coupled":0,"ir_speed_reason":"STOPPED","ir_applicable":1,"ir_reason":1,"ir_seq":14740,"ir_pulses":6768,"ir_gap":1,"ir_sat":0,"ir_abort":687,"authority":"NAVI_EWO"}
2026-09-30T15:04:35.105	ngr/loco/9950011/telem/speed	{"ir_valid":1,"ir_mmps":0.000,"ir_coupled":0,"ir_speed_reason":"STOPPED","ir_applicable":1,"ir_reason":1,"ir_seq":14740,"ir_pulses":6768,"ir_gap":1,"ir_sat":0,"ir_abort":687,"authority":"NAVI_EWO"}
2026-09-30T15:04:35.105	ngr/loco/9950011/diag/ir_link	{"radio_ready":1,"seen":29940,"source_mac":"38:18:2B:30:8C:2C","paired_mac":"38:18:2B:30:8C:2C","paired_for_display_only":1,"coupled":0,"invalid_wire":15285,"queue_drop":0}
2026-09-30T15:04:35.105	ngr/loco/9950011/state/throttle	0
2026-09-30T15:04:35.105	ngr/loco/9950011/state/direction	2
2026-09-30T15:04:35.105	ngr/loco/9950011/state/auto	0
2026-09-30T15:04:35.105	ngr/loco/9950011/state/estop	0
2026-09-30T15:04:35.105	ngr/loco/9950011/state/nav_ready	1
2026-09-30T15:04:36.060	ngr/loco/9950011/state/loopstat	{"build":"NAVI_EYES_WIDE_OPEN_INTEGRATED_R2","mm":2,"target":1,"dir":-1,"target_distance_mm":340,"target_polarity":1,"position_reliable":1,"reference_ready":1,"reference":1903,"median5":0,"hall_support":0,"spatial_phase":2,"ir_applicable":1,"ir_distance_state":"HALL_IR_READY","ir_health_fault":6,"ir_readiness":3,"ir_boot":"761B38FCC6F727BE","ir_epoch":1,"ir_epoch_active":1,"ir_seq":14750,"ir_pulses":6768,"ir_reason":1,"ir_age_ms":13,"ir_span":47,"ir_gap":1,"ir_sat":0,"ir_abort":687,"ir_inferred_added":0,"ir_inferred_removed":0,"ir_calibration":0,"hall_seen":7409612,"ir_seen":14664,"hall_q_drop":0,"ir_q_drop":0,"ir_invalid":15295,"nsr_hall_drop":1,"nsr_ir_drop":0,"nsr_navi_drop":0,"nsr_native_drop":168,"event_drop":0,"pwm0_ir_motion":0,"confirmed":62,"missed":152,"pwm":0,"auto":0,"running":0,"estop":0,"lowvolt":0,"ir_stationary_pwm_warning":0,"pub_drop":0}
2026-09-30T15:04:36.063	ngr/loco/9950011/state/trace	{"consumption_drop":334,"action_drop":0,"command_queue_drop":0,"lossless":false}
2026-09-30T15:04:36.063	ngr/loco/9950011/state/nav	{"state":"NORMAL","mm":2,"target":1,"dir":-1,"session_dir":"CCW","position_reliable":1,"ir_distance_state":"HALL_IR_READY","reference_ready":1,"boot_reference":"PROVISIONAL_OR_SPATIAL","authority":"NAVI_EWO"}
2026-09-30T15:04:36.063	ngr/loco/9950011/telem/ir	{"ir_valid":1,"ir_mmps":0.000,"ir_coupled":0,"ir_speed_reason":"STOPPED","ir_applicable":1,"ir_reason":1,"ir_seq":14750,"ir_pulses":6768,"ir_gap":1,"ir_sat":0,"ir_abort":687,"authority":"NAVI_EWO"}
2026-09-30T15:04:36.063	ngr/loco/9950011/telem/speed	{"ir_valid":1,"ir_mmps":0.000,"ir_coupled":0,"ir_speed_reason":"STOPPED","ir_applicable":1,"ir_reason":1,"ir_seq":14750,"ir_pulses":6768,"ir_gap":1,"ir_sat":0,"ir_abort":687,"authority":"NAVI_EWO"}
2026-09-30T15:04:36.064	ngr/loco/9950011/diag/ir_link	{"radio_ready":1,"seen":29959,"source_mac":"38:18:2B:30:8C:2C","paired_mac":"38:18:2B:30:8C:2C","paired_for_display_only":1,"coupled":0,"invalid_wire":15295,"queue_drop":0}
2026-09-30T15:04:36.064	ngr/loco/9950011/state/throttle	0
2026-09-30T15:04:36.064	ngr/loco/9950011/state/direction	2
2026-09-30T15:04:36.064	ngr/loco/9950011/state/auto	0
2026-09-30T15:04:36.064	ngr/loco/9950011/state/estop	0
2026-09-30T15:04:36.064	ngr/loco/9950011/state/nav_ready	1
2026-09-30T15:04:37.011	ngr/loco/9950011/state/connectivity	{"wifi":1,"ip":"192.168.68.72","rssi":-50,"mqtt":1,"mqtt_state":0,"broker":"192.168.68.142","ir_radio":1,"ir_seen":29978,"ir_coupled":0,"navi_sync":1,"udp_failures":185}
2026-09-30T15:04:37.084	ngr/loco/9950011/state/loopstat	{"build":"NAVI_EYES_WIDE_OPEN_INTEGRATED_R2","mm":2,"target":1,"dir":-1,"target_distance_mm":340,"target_polarity":1,"position_reliable":1,"reference_ready":1,"reference":1903,"median5":0,"hall_support":0,"spatial_phase":2,"ir_applicable":1,"ir_distance_state":"HALL_IR_READY","ir_health_fault":6,"ir_readiness":3,"ir_boot":"761B38FCC6F727BE","ir_epoch":1,"ir_epoch_active":1,"ir_seq":14760,"ir_pulses":6768,"ir_reason":1,"ir_age_ms":20,"ir_span":63,"ir_gap":1,"ir_sat":0,"ir_abort":687,"ir_inferred_added":0,"ir_inferred_removed":0,"ir_calibration":0,"hall_seen":7414614,"ir_seen":14674,"hall_q_drop":0,"ir_q_drop":0,"ir_invalid":15306,"nsr_hall_drop":1,"nsr_ir_drop":0,"nsr_navi_drop":0,"nsr_native_drop":168,"event_drop":0,"pwm0_ir_motion":0,"confirmed":62,"missed":152,"pwm":0,"auto":0,"running":0,"estop":0,"lowvolt":0,"ir_stationary_pwm_warning":0,"pub_drop":0}
2026-09-30T15:04:37.087	ngr/loco/9950011/state/trace	{"consumption_drop":334,"action_drop":0,"command_queue_drop":0,"lossless":false}
2026-09-30T15:04:37.088	ngr/loco/9950011/state/nav	{"state":"NORMAL","mm":2,"target":1,"dir":-1,"session_dir":"CCW","position_reliable":1,"ir_distance_state":"HALL_IR_READY","reference_ready":1,"boot_reference":"PROVISIONAL_OR_SPATIAL","authority":"NAVI_EWO"}
2026-09-30T15:04:37.088	ngr/loco/9950011/telem/ir	{"ir_valid":1,"ir_mmps":0.000,"ir_coupled":0,"ir_speed_reason":"STOPPED","ir_applicable":1,"ir_reason":1,"ir_seq":14760,"ir_pulses":6768,"ir_gap":1,"ir_sat":0,"ir_abort":687,"authority":"NAVI_EWO"}
2026-09-30T15:04:37.088	ngr/loco/9950011/telem/speed	{"ir_valid":1,"ir_mmps":0.000,"ir_coupled":0,"ir_speed_reason":"STOPPED","ir_applicable":1,"ir_reason":1,"ir_seq":14760,"ir_pulses":6768,"ir_gap":1,"ir_sat":0,"ir_abort":687,"authority":"NAVI_EWO"}
2026-09-30T15:04:37.089	ngr/loco/9950011/diag/ir_link	{"radio_ready":1,"seen":29980,"source_mac":"38:18:2B:30:8C:2C","paired_mac":"38:18:2B:30:8C:2C","paired_for_display_only":1,"coupled":0,"invalid_wire":15306,"queue_drop":0}
2026-09-30T15:04:37.089	ngr/loco/9950011/state/throttle	0
2026-09-30T15:04:37.090	ngr/loco/9950011/state/direction	2
2026-09-30T15:04:37.090	ngr/loco/9950011/state/auto	0
2026-09-30T15:04:37.090	ngr/loco/9950011/state/estop	0
2026-09-30T15:04:37.090	ngr/loco/9950011/state/nav_ready	1
2026-09-30T15:04:38.059	ngr/loco/9950011/state/loopstat	{"build":"NAVI_EYES_WIDE_OPEN_INTEGRATED_R2","mm":2,"target":1,"dir":-1,"target_distance_mm":340,"target_polarity":1,"position_reliable":1,"reference_ready":1,"reference":1903,"median5":0,"hall_support":0,"spatial_phase":2,"ir_applicable":1,"ir_distance_state":"HALL_IR_READY","ir_health_fault":6,"ir_readiness":3,"ir_boot":"761B38FCC6F727BE","ir_epoch":1,"ir_epoch_active":1,"ir_seq":14770,"ir_pulses":6768,"ir_reason":1,"ir_age_ms":20,"ir_span":31,"ir_gap":1,"ir_sat":0,"ir_abort":687,"ir_inferred_added":0,"ir_inferred_removed":0,"ir_calibration":0,"hall_seen":7419614,"ir_seen":14684,"hall_q_drop":0,"ir_q_drop":0,"ir_invalid":15316,"nsr_hall_drop":1,"nsr_ir_drop":0,"nsr_navi_drop":0,"nsr_native_drop":168,"event_drop":0,"pwm0_ir_motion":0,"confirmed":62,"missed":152,"pwm":0,"auto":0,"running":0,"estop":0,"lowvolt":0,"ir_stationary_pwm_warning":0,"pub_drop":0}
2026-09-30T15:04:38.063	ngr/loco/9950011/state/trace	{"consumption_drop":334,"action_drop":0,"command_queue_drop":0,"lossless":false}
2026-09-30T15:04:38.064	ngr/loco/9950011/state/nav	{"state":"NORMAL","mm":2,"target":1,"dir":-1,"session_dir":"CCW","position_reliable":1,"ir_distance_state":"HALL_IR_READY","reference_ready":1,"boot_reference":"PROVISIONAL_OR_SPATIAL","authority":"NAVI_EWO"}
2026-09-30T15:04:38.065	ngr/loco/9950011/telem/ir	{"ir_valid":1,"ir_mmps":0.000,"ir_coupled":0,"ir_speed_reason":"STOPPED","ir_applicable":1,"ir_reason":1,"ir_seq":14770,"ir_pulses":6768,"ir_gap":1,"ir_sat":0,"ir_abort":687,"authority":"NAVI_EWO"}
2026-09-30T15:04:38.065	ngr/loco/9950011/telem/speed	{"ir_valid":1,"ir_mmps":0.000,"ir_coupled":0,"ir_speed_reason":"STOPPED","ir_applicable":1,"ir_reason":1,"ir_seq":14770,"ir_pulses":6768,"ir_gap":1,"ir_sat":0,"ir_abort":687,"authority":"NAVI_EWO"}
2026-09-30T15:04:38.065	ngr/loco/9950011/diag/ir_link	{"radio_ready":1,"seen":30000,"source_mac":"38:18:2B:30:8C:2C","paired_mac":"38:18:2B:30:8C:2C","paired_for_display_only":1,"coupled":0,"invalid_wire":15316,"queue_drop":0}
2026-09-30T15:04:38.069	ngr/loco/9950011/state/throttle	0
2026-09-30T15:04:38.069	ngr/loco/9950011/state/direction	2
2026-09-30T15:04:38.069	ngr/loco/9950011/state/auto	0
2026-09-30T15:04:38.070	ngr/loco/9950011/state/estop	0
2026-09-30T15:04:38.070	ngr/loco/9950011/state/nav_ready	1
2026-09-30T15:04:38.853	ngr/loco/9950011/state/lowvolt	0
2026-09-30T15:04:38.898	ngr/loco/9950011/telem/voltage	16.43
2026-09-30T15:04:38.898	ngr/loco/9950011/telem/current	0.16
2026-09-30T15:04:38.899	ngr/loco/9950011/telem/power	2.67
2026-09-30T15:04:39.062	ngr/loco/9950011/state/loopstat	{"build":"NAVI_EYES_WIDE_OPEN_INTEGRATED_R2","mm":2,"target":1,"dir":-1,"target_distance_mm":340,"target_polarity":1,"position_reliable":1,"reference_ready":1,"reference":1903,"median5":0,"hall_support":0,"spatial_phase":2,"ir_applicable":1,"ir_distance_state":"HALL_IR_READY","ir_health_fault":6,"ir_readiness":3,"ir_boot":"761B38FCC6F727BE","ir_epoch":1,"ir_epoch_active":1,"ir_seq":14780,"ir_pulses":6768,"ir_reason":1,"ir_age_ms":20,"ir_span":31,"ir_gap":1,"ir_sat":0,"ir_abort":687,"ir_inferred_added":0,"ir_inferred_removed":0,"ir_calibration":0,"hall_seen":7424614,"ir_seen":14694,"hall_q_drop":0,"ir_q_drop":0,"ir_invalid":15327,"nsr_hall_drop":1,"nsr_ir_drop":0,"nsr_navi_drop":0,"nsr_native_drop":168,"event_drop":0,"pwm0_ir_motion":0,"confirmed":62,"missed":152,"pwm":0,"auto":0,"running":0,"estop":0,"lowvolt":0,"ir_stationary_pwm_warning":0,"pub_drop":0}
2026-09-30T15:04:39.068	ngr/loco/9950011/state/trace	{"consumption_drop":334,"action_drop":0,"command_queue_drop":0,"lossless":false}
2026-09-30T15:04:39.068	ngr/loco/9950011/state/nav	{"state":"NORMAL","mm":2,"target":1,"dir":-1,"session_dir":"CCW","position_reliable":1,"ir_distance_state":"HALL_IR_READY","reference_ready":1,"boot_reference":"PROVISIONAL_OR_SPATIAL","authority":"NAVI_EWO"}
2026-09-30T15:04:39.068	ngr/loco/9950011/telem/ir	{"ir_valid":1,"ir_mmps":0.000,"ir_coupled":0,"ir_speed_reason":"STOPPED","ir_applicable":1,"ir_reason":1,"ir_seq":14780,"ir_pulses":6768,"ir_gap":1,"ir_sat":0,"ir_abort":687,"authority":"NAVI_EWO"}
2026-09-30T15:04:39.069	ngr/loco/9950011/telem/speed	{"ir_valid":1,"ir_mmps":0.000,"ir_coupled":0,"ir_speed_reason":"STOPPED","ir_applicable":1,"ir_reason":1,"ir_seq":14780,"ir_pulses":6768,"ir_gap":1,"ir_sat":0,"ir_abort":687,"authority":"NAVI_EWO"}
2026-09-30T15:04:39.073	ngr/loco/9950011/diag/ir_link	{"radio_ready":1,"seen":30021,"source_mac":"38:18:2B:30:8C:2C","paired_mac":"38:18:2B:30:8C:2C","paired_for_display_only":1,"coupled":0,"invalid_wire":15327,"queue_drop":0}
2026-09-30T15:04:39.074	ngr/loco/9950011/state/throttle	0
2026-09-30T15:04:39.074	ngr/loco/9950011/state/direction	2
2026-09-30T15:04:39.074	ngr/loco/9950011/state/auto	0
2026-09-30T15:04:39.074	ngr/loco/9950011/state/estop	0
2026-09-30T15:04:39.074	ngr/loco/9950011/state/nav_ready	1
2026-09-30T15:04:40.059	ngr/loco/9950011/state/loopstat	{"build":"NAVI_EYES_WIDE_OPEN_INTEGRATED_R2","mm":2,"target":1,"dir":-1,"target_distance_mm":340,"target_polarity":1,"position_reliable":1,"reference_ready":1,"reference":1903,"median5":0,"hall_support":0,"spatial_phase":2,"ir_applicable":1,"ir_distance_state":"HALL_IR_READY","ir_health_fault":6,"ir_readiness":3,"ir_boot":"761B38FCC6F727BE","ir_epoch":1,"ir_epoch_active":1,"ir_seq":14790,"ir_pulses":6768,"ir_reason":1,"ir_age_ms":24,"ir_span":63,"ir_gap":1,"ir_sat":0,"ir_abort":687,"ir_inferred_added":0,"ir_inferred_removed":0,"ir_calibration":0,"hall_seen":7429614,"ir_seen":14704,"hall_q_drop":0,"ir_q_drop":0,"ir_invalid":15337,"nsr_hall_drop":1,"nsr_ir_drop":0,"nsr_navi_drop":0,"nsr_native_drop":168,"event_drop":0,"pwm0_ir_motion":0,"confirmed":62,"missed":152,"pwm":0,"auto":0,"running":0,"estop":0,"lowvolt":0,"ir_stationary_pwm_warning":0,"pub_drop":0}
2026-09-30T15:04:40.068	ngr/loco/9950011/state/trace	{"consumption_drop":334,"action_drop":0,"command_queue_drop":0,"lossless":false}
2026-09-30T15:04:40.069	ngr/loco/9950011/state/nav	{"state":"NORMAL","mm":2,"target":1,"dir":-1,"session_dir":"CCW","position_reliable":1,"ir_distance_state":"HALL_IR_READY","reference_ready":1,"boot_reference":"PROVISIONAL_OR_SPATIAL","authority":"NAVI_EWO"}
2026-09-30T15:04:40.069	ngr/loco/9950011/telem/ir	{"ir_valid":1,"ir_mmps":0.000,"ir_coupled":0,"ir_speed_reason":"STOPPED","ir_applicable":1,"ir_reason":1,"ir_seq":14790,"ir_pulses":6768,"ir_gap":1,"ir_sat":0,"ir_abort":687,"authority":"NAVI_EWO"}
2026-09-30T15:04:40.070	ngr/loco/9950011/telem/speed	{"ir_valid":1,"ir_mmps":0.000,"ir_coupled":0,"ir_speed_reason":"STOPPED","ir_applicable":1,"ir_reason":1,"ir_seq":14790,"ir_pulses":6768,"ir_gap":1,"ir_sat":0,"ir_abort":687,"authority":"NAVI_EWO"}
2026-09-30T15:04:40.071	ngr/loco/9950011/diag/ir_link	{"radio_ready":1,"seen":30041,"source_mac":"38:18:2B:30:8C:2C","paired_mac":"38:18:2B:30:8C:2C","paired_for_display_only":1,"coupled":0,"invalid_wire":15337,"queue_drop":0}
2026-09-30T15:04:40.072	ngr/loco/9950011/state/throttle	0
2026-09-30T15:04:40.073	ngr/loco/9950011/state/direction	2
2026-09-30T15:04:40.073	ngr/loco/9950011/state/auto	0
2026-09-30T15:04:40.073	ngr/loco/9950011/state/estop	0
2026-09-30T15:04:40.073	ngr/loco/9950011/state/nav_ready	1
