2026-08-26T11:02:30.954	ngr/loco/9950012/alert	{"level":"CLEAR","reason":"STATUS","loco":"9950012","uptime_ms":183153,"nav":"NORMAL","moving":0,"pwm":0,"est_mm_s":0,"dir":"CCW","session_dir":"CCW","mdir":"FWD","rear":41,"front":36,"env":1500,"lc_mm":41,"last_confirmed_landmark":"","age_ms":72260,"since":0,"dead_reckoned_mm":41,"candidate_mm":-1,"viable":[],"lostm":0,"lost_ms":0,"agree":0,"disagree":0,"losts":0,"auto":0}
2026-08-26T11:02:31.960	ngr/loco/9950012/alert	{"level":"CLEAR","reason":"STATUS","loco":"9950012","uptime_ms":184153,"nav":"NORMAL","moving":0,"pwm":0,"est_mm_s":0,"dir":"CCW","session_dir":"CCW","mdir":"FWD","rear":41,"front":36,"env":1500,"lc_mm":41,"last_confirmed_landmark":"","age_ms":73260,"since":0,"dead_reckoned_mm":41,"candidate_mm":-1,"viable":[],"lostm":0,"lost_ms":0,"agree":0,"disagree":0,"losts":0,"auto":0}
2026-08-26T11:02:32.952	ngr/loco/9950012/alert	{"level":"CLEAR","reason":"STATUS","loco":"9950012","uptime_ms":185153,"nav":"NORMAL","moving":0,"pwm":0,"est_mm_s":0,"dir":"CCW","session_dir":"CCW","mdir":"FWD","rear":41,"front":36,"env":1500,"lc_mm":41,"last_confirmed_landmark":"","age_ms":74260,"since":0,"dead_reckoned_mm":41,"candidate_mm":-1,"viable":[],"lostm":0,"lost_ms":0,"agree":0,"disagree":0,"losts":0,"auto":0}
2026-08-26T11:02:33.968	ngr/loco/9950012/alert	{"level":"CLEAR","reason":"STATUS","loco":"9950012","uptime_ms":186153,"nav":"NORMAL","moving":0,"pwm":0,"est_mm_s":0,"dir":"CCW","session_dir":"CCW","mdir":"FWD","rear":41,"front":36,"env":1500,"lc_mm":41,"last_confirmed_landmark":"","age_ms":75260,"since":0,"dead_reckoned_mm":41,"candidate_mm":-1,"viable":[],"lostm":0,"lost_ms":0,"agree":0,"disagree":0,"losts":0,"auto":0}
2026-08-26T11:02:34.955	ngr/loco/9950012/alert	{"level":"CLEAR","reason":"STATUS","loco":"9950012","uptime_ms":187153,"nav":"NORMAL","moving":0,"pwm":0,"est_mm_s":0,"dir":"CCW","session_dir":"CCW","mdir":"FWD","rear":41,"front":36,"env":1500,"lc_mm":41,"last_confirmed_landmark":"","age_ms":76260,"since":0,"dead_reckoned_mm":41,"candidate_mm":-1,"viable":[],"lostm":0,"lost_ms":0,"agree":0,"disagree":0,"losts":0,"auto":0}
2026-08-26T11:02:35.968	ngr/loco/9950012/alert	{"level":"CLEAR","reason":"STATUS","loco":"9950012","uptime_ms":188153,"nav":"NORMAL","moving":0,"pwm":0,"est_mm_s":0,"dir":"CCW","session_dir":"CCW","mdir":"FWD","rear":41,"front":36,"env":1500,"lc_mm":41,"last_confirmed_landmark":"","age_ms":77260,"since":0,"dead_reckoned_mm":41,"candidate_mm":-1,"viable":[],"lostm":0,"lost_ms":0,"agree":0,"disagree":0,"losts":0,"auto":0}
2026-08-26T11:02:36.957	ngr/loco/9950012/alert	{"level":"CLEAR","reason":"STATUS","loco":"9950012","uptime_ms":189153,"nav":"NORMAL","moving":0,"pwm":0,"est_mm_s":0,"dir":"CCW","session_dir":"CCW","mdir":"FWD","rear":41,"front":36,"env":1500,"lc_mm":41,"last_confirmed_landmark":"","age_ms":78260,"since":0,"dead_reckoned_mm":41,"candidate_mm":-1,"viable":[],"lostm":0,"lost_ms":0,"agree":0,"disagree":0,"losts":0,"auto":0}
2026-08-26T11:02:37.954	ngr/loco/9950012/alert	{"level":"CLEAR","reason":"STATUS","loco":"9950012","uptime_ms":190153,"nav":"NORMAL","moving":0,"pwm":0,"est_mm_s":0,"dir":"CCW","session_dir":"CCW","mdir":"FWD","rear":41,"front":36,"env":1500,"lc_mm":41,"last_confirmed_landmark":"","age_ms":79260,"since":0,"dead_reckoned_mm":41,"candidate_mm":-1,"viable":[],"lostm":0,"lost_ms":0,"agree":0,"disagree":0,"losts":0,"auto":0}
2026-08-26T11:02:38.951	ngr/loco/9950012/alert	{"level":"CLEAR","reason":"STATUS","loco":"9950012","uptime_ms":191153,"nav":"NORMAL","moving":0,"pwm":0,"est_mm_s":0,"dir":"CCW","session_dir":"CCW","mdir":"FWD","rear":41,"front":36,"env":1500,"lc_mm":41,"last_confirmed_landmark":"","age_ms":80260,"since":0,"dead_reckoned_mm":41,"candidate_mm":-1,"viable":[],"lostm":0,"lost_ms":0,"agree":0,"disagree":0,"losts":0,"auto":0}
2026-08-26T11:02:39.977	ngr/loco/9950012/alert	{"level":"CLEAR","reason":"STATUS","loco":"9950012","uptime_ms":192153,"nav":"NORMAL","moving":0,"pwm":0,"est_mm_s":0,"dir":"CCW","session_dir":"CCW","mdir":"FWD","rear":41,"front":36,"env":1500,"lc_mm":41,"last_confirmed_landmark":"","age_ms":81260,"since":0,"dead_reckoned_mm":41,"candidate_mm":-1,"viable":[],"lostm":0,"lost_ms":0,"agree":0,"disagree":0,"losts":0,"auto":0}
2026-08-26T11:02:40.954	ngr/loco/9950012/alert	{"level":"CLEAR","reason":"STATUS","loco":"9950012","uptime_ms":193153,"nav":"NORMAL","moving":0,"pwm":0,"est_mm_s":0,"dir":"CCW","session_dir":"CCW","mdir":"FWD","rear":41,"front":36,"env":1500,"lc_mm":41,"last_confirmed_landmark":"","age_ms":82260,"since":0,"dead_reckoned_mm":41,"candidate_mm":-1,"viable":[],"lostm":0,"lost_ms":0,"agree":0,"disagree":0,"losts":0,"auto":0}
2026-08-26T11:02:41.955	ngr/loco/9950012/alert	{"level":"CLEAR","reason":"STATUS","loco":"9950012","uptime_ms":194153,"nav":"NORMAL","moving":0,"pwm":0,"est_mm_s":0,"dir":"CCW","session_dir":"CCW","mdir":"FWD","rear":41,"front":36,"env":1500,"lc_mm":41,"last_confirmed_landmark":"","age_ms":83260,"since":0,"dead_reckoned_mm":41,"candidate_mm":-1,"viable":[],"lostm":0,"lost_ms":0,"agree":0,"disagree":0,"losts":0,"auto":0}
2026-08-26T11:02:42.964	ngr/loco/9950012/alert	{"level":"CLEAR","reason":"STATUS","loco":"9950012","uptime_ms":195153,"nav":"NORMAL","moving":0,"pwm":0,"est_mm_s":0,"dir":"CCW","session_dir":"CCW","mdir":"FWD","rear":41,"front":36,"env":1500,"lc_mm":41,"last_confirmed_landmark":"","age_ms":84260,"since":0,"dead_reckoned_mm":41,"candidate_mm":-1,"viable":[],"lostm":0,"lost_ms":0,"agree":0,"disagree":0,"losts":0,"auto":0}
2026-08-26T11:02:43.953	ngr/loco/9950012/alert	{"level":"CLEAR","reason":"STATUS","loco":"9950012","uptime_ms":196153,"nav":"NORMAL","moving":0,"pwm":0,"est_mm_s":0,"dir":"CCW","session_dir":"CCW","mdir":"FWD","rear":41,"front":36,"env":1500,"lc_mm":41,"last_confirmed_landmark":"","age_ms":85260,"since":0,"dead_reckoned_mm":41,"candidate_mm":-1,"viable":[],"lostm":0,"lost_ms":0,"agree":0,"disagree":0,"losts":0,"auto":0}
2026-08-26T11:02:44.956	ngr/loco/9950012/alert	{"level":"CLEAR","reason":"STATUS","loco":"9950012","uptime_ms":197153,"nav":"NORMAL","moving":0,"pwm":0,"est_mm_s":0,"dir":"CCW","session_dir":"CCW","mdir":"FWD","rear":41,"front":36,"env":1500,"lc_mm":41,"last_confirmed_landmark":"","age_ms":86260,"since":0,"dead_reckoned_mm":41,"candidate_mm":-1,"viable":[],"lostm":0,"lost_ms":0,"agree":0,"disagree":0,"losts":0,"auto":0}
2026-08-26T11:02:45.954	ngr/loco/9950012/alert	{"level":"CLEAR","reason":"STATUS","loco":"9950012","uptime_ms":198153,"nav":"NORMAL","moving":0,"pwm":0,"est_mm_s":0,"dir":"CCW","session_dir":"CCW","mdir":"FWD","rear":41,"front":36,"env":1500,"lc_mm":41,"last_confirmed_landmark":"","age_ms":87260,"since":0,"dead_reckoned_mm":41,"candidate_mm":-1,"viable":[],"lostm":0,"lost_ms":0,"agree":0,"disagree":0,"losts":0,"auto":0}
2026-08-26T11:02:46.959	ngr/loco/9950012/alert	{"level":"CLEAR","reason":"STATUS","loco":"9950012","uptime_ms":199153,"nav":"NORMAL","moving":0,"pwm":0,"est_mm_s":0,"dir":"CCW","session_dir":"CCW","mdir":"FWD","rear":41,"front":36,"env":1500,"lc_mm":41,"last_confirmed_landmark":"","age_ms":88260,"since":0,"dead_reckoned_mm":41,"candidate_mm":-1,"viable":[],"lostm":0,"lost_ms":0,"agree":0,"disagree":0,"losts":0,"auto":0}
2026-08-26T11:02:47.955	ngr/loco/9950012/alert	{"level":"CLEAR","reason":"STATUS","loco":"9950012","uptime_ms":200153,"nav":"NORMAL","moving":0,"pwm":0,"est_mm_s":0,"dir":"CCW","session_dir":"CCW","mdir":"FWD","rear":41,"front":36,"env":1500,"lc_mm":41,"last_confirmed_landmark":"","age_ms":89260,"since":0,"dead_reckoned_mm":41,"candidate_mm":-1,"viable":[],"lostm":0,"lost_ms":0,"agree":0,"disagree":0,"losts":0,"auto":0}
2026-08-26T11:02:48.958	ngr/loco/9950012/alert	{"level":"CLEAR","reason":"STATUS","loco":"9950012","uptime_ms":201153,"nav":"NORMAL","moving":0,"pwm":0,"est_mm_s":0,"dir":"CCW","session_dir":"CCW","mdir":"FWD","rear":41,"front":36,"env":1500,"lc_mm":41,"last_confirmed_landmark":"","age_ms":90260,"since":0,"dead_reckoned_mm":41,"candidate_mm":-1,"viable":[],"lostm":0,"lost_ms":0,"agree":0,"disagree":0,"losts":0,"auto":0}
2026-08-26T11:02:49.960	ngr/loco/9950012/alert	{"level":"CLEAR","reason":"STATUS","loco":"9950012","uptime_ms":202153,"nav":"NORMAL","moving":0,"pwm":0,"est_mm_s":0,"dir":"CCW","session_dir":"CCW","mdir":"FWD","rear":41,"front":36,"env":1500,"lc_mm":41,"last_confirmed_landmark":"","age_ms":91260,"since":0,"dead_reckoned_mm":41,"candidate_mm":-1,"viable":[],"lostm":0,"lost_ms":0,"agree":0,"disagree":0,"losts":0,"auto":0}
2026-08-26T11:02:50.954	ngr/loco/9950012/alert	{"level":"CLEAR","reason":"STATUS","loco":"9950012","uptime_ms":203153,"nav":"NORMAL","moving":0,"pwm":0,"est_mm_s":0,"dir":"CCW","session_dir":"CCW","mdir":"FWD","rear":41,"front":36,"env":1500,"lc_mm":41,"last_confirmed_landmark":"","age_ms":92260,"since":0,"dead_reckoned_mm":41,"candidate_mm":-1,"viable":[],"lostm":0,"lost_ms":0,"agree":0,"disagree":0,"losts":0,"auto":0}
2026-08-26T11:02:51.960	ngr/loco/9950012/alert	{"level":"CLEAR","reason":"STATUS","loco":"9950012","uptime_ms":204153,"nav":"NORMAL","moving":0,"pwm":0,"est_mm_s":0,"dir":"CCW","session_dir":"CCW","mdir":"FWD","rear":41,"front":36,"env":1500,"lc_mm":41,"last_confirmed_landmark":"","age_ms":93260,"since":0,"dead_reckoned_mm":41,"candidate_mm":-1,"viable":[],"lostm":0,"lost_ms":0,"agree":0,"disagree":0,"losts":0,"auto":0}
2026-08-26T11:02:52.960	ngr/loco/9950012/alert	{"level":"CLEAR","reason":"STATUS","loco":"9950012","uptime_ms":205153,"nav":"NORMAL","moving":0,"pwm":0,"est_mm_s":0,"dir":"CCW","session_dir":"CCW","mdir":"FWD","rear":41,"front":36,"env":1500,"lc_mm":41,"last_confirmed_landmark":"","age_ms":94260,"since":0,"dead_reckoned_mm":41,"candidate_mm":-1,"viable":[],"lostm":0,"lost_ms":0,"agree":0,"disagree":0,"losts":0,"auto":0}
2026-08-26T11:02:53.956	ngr/loco/9950012/alert	{"level":"CLEAR","reason":"STATUS","loco":"9950012","uptime_ms":206153,"nav":"NORMAL","moving":0,"pwm":0,"est_mm_s":0,"dir":"CCW","session_dir":"CCW","mdir":"FWD","rear":41,"front":36,"env":1500,"lc_mm":41,"last_confirmed_landmark":"","age_ms":95260,"since":0,"dead_reckoned_mm":41,"candidate_mm":-1,"viable":[],"lostm":0,"lost_ms":0,"agree":0,"disagree":0,"losts":0,"auto":0}
2026-08-26T11:02:54.956	ngr/loco/9950012/alert	{"level":"CLEAR","reason":"STATUS","loco":"9950012","uptime_ms":207153,"nav":"NORMAL","moving":0,"pwm":0,"est_mm_s":0,"dir":"CCW","session_dir":"CCW","mdir":"FWD","rear":41,"front":36,"env":1500,"lc_mm":41,"last_confirmed_landmark":"","age_ms":96260,"since":0,"dead_reckoned_mm":41,"candidate_mm":-1,"viable":[],"lostm":0,"lost_ms":0,"agree":0,"disagree":0,"losts":0,"auto":0}
2026-08-26T11:02:55.956	ngr/loco/9950012/alert	{"level":"CLEAR","reason":"STATUS","loco":"9950012","uptime_ms":208153,"nav":"NORMAL","moving":0,"pwm":0,"est_mm_s":0,"dir":"CCW","session_dir":"CCW","mdir":"FWD","rear":41,"front":36,"env":1500,"lc_mm":41,"last_confirmed_landmark":"","age_ms":97260,"since":0,"dead_reckoned_mm":41,"candidate_mm":-1,"viable":[],"lostm":0,"lost_ms":0,"agree":0,"disagree":0,"losts":0,"auto":0}
2026-08-26T11:02:56.957	ngr/loco/9950012/alert	{"level":"CLEAR","reason":"STATUS","loco":"9950012","uptime_ms":209153,"nav":"NORMAL","moving":0,"pwm":0,"est_mm_s":0,"dir":"CCW","session_dir":"CCW","mdir":"FWD","rear":41,"front":36,"env":1500,"lc_mm":41,"last_confirmed_landmark":"","age_ms":98260,"since":0,"dead_reckoned_mm":41,"candidate_mm":-1,"viable":[],"lostm":0,"lost_ms":0,"agree":0,"disagree":0,"losts":0,"auto":0}
2026-08-26T11:02:57.953	ngr/loco/9950012/alert	{"level":"CLEAR","reason":"STATUS","loco":"9950012","uptime_ms":210153,"nav":"NORMAL","moving":0,"pwm":0,"est_mm_s":0,"dir":"CCW","session_dir":"CCW","mdir":"FWD","rear":41,"front":36,"env":1500,"lc_mm":41,"last_confirmed_landmark":"","age_ms":99260,"since":0,"dead_reckoned_mm":41,"candidate_mm":-1,"viable":[],"lostm":0,"lost_ms":0,"agree":0,"disagree":0,"losts":0,"auto":0}
2026-08-26T11:02:58.955	ngr/loco/9950012/alert	{"level":"CLEAR","reason":"STATUS","loco":"9950012","uptime_ms":211153,"nav":"NORMAL","moving":0,"pwm":0,"est_mm_s":0,"dir":"CCW","session_dir":"CCW","mdir":"FWD","rear":41,"front":36,"env":1500,"lc_mm":41,"last_confirmed_landmark":"","age_ms":100260,"since":0,"dead_reckoned_mm":41,"candidate_mm":-1,"viable":[],"lostm":0,"lost_ms":0,"agree":0,"disagree":0,"losts":0,"auto":0}
2026-08-26T11:02:59.956	ngr/loco/9950012/alert	{"level":"CLEAR","reason":"STATUS","loco":"9950012","uptime_ms":212153,"nav":"NORMAL","moving":0,"pwm":0,"est_mm_s":0,"dir":"CCW","session_dir":"CCW","mdir":"FWD","rear":41,"front":36,"env":1500,"lc_mm":41,"last_confirmed_landmark":"","age_ms":101260,"since":0,"dead_reckoned_mm":41,"candidate_mm":-1,"viable":[],"lostm":0,"lost_ms":0,"agree":0,"disagree":0,"losts":0,"auto":0}
2026-08-26T11:03:00.956	ngr/loco/9950012/alert	{"level":"CLEAR","reason":"STATUS","loco":"9950012","uptime_ms":213153,"nav":"NORMAL","moving":0,"pwm":0,"est_mm_s":0,"dir":"CCW","session_dir":"CCW","mdir":"FWD","rear":41,"front":36,"env":1500,"lc_mm":41,"last_confirmed_landmark":"","age_ms":102260,"since":0,"dead_reckoned_mm":41,"candidate_mm":-1,"viable":[],"lostm":0,"lost_ms":0,"agree":0,"disagree":0,"losts":0,"auto":0}
2026-08-26T11:03:01.953	ngr/loco/9950012/alert	{"level":"CLEAR","reason":"STATUS","loco":"9950012","uptime_ms":214153,"nav":"NORMAL","moving":0,"pwm":0,"est_mm_s":0,"dir":"CCW","session_dir":"CCW","mdir":"FWD","rear":41,"front":36,"env":1500,"lc_mm":41,"last_confirmed_landmark":"","age_ms":103260,"since":0,"dead_reckoned_mm":41,"candidate_mm":-1,"viable":[],"lostm":0,"lost_ms":0,"agree":0,"disagree":0,"losts":0,"auto":0}
2026-08-26T11:03:02.956	ngr/loco/9950012/alert	{"level":"CLEAR","reason":"STATUS","loco":"9950012","uptime_ms":215153,"nav":"NORMAL","moving":0,"pwm":0,"est_mm_s":0,"dir":"CCW","session_dir":"CCW","mdir":"FWD","rear":41,"front":36,"env":1500,"lc_mm":41,"last_confirmed_landmark":"","age_ms":104260,"since":0,"dead_reckoned_mm":41,"candidate_mm":-1,"viable":[],"lostm":0,"lost_ms":0,"agree":0,"disagree":0,"losts":0,"auto":0}
2026-08-26T11:03:03.956	ngr/loco/9950012/alert	{"level":"CLEAR","reason":"STATUS","loco":"9950012","uptime_ms":216153,"nav":"NORMAL","moving":0,"pwm":0,"est_mm_s":0,"dir":"CCW","session_dir":"CCW","mdir":"FWD","rear":41,"front":36,"env":1500,"lc_mm":41,"last_confirmed_landmark":"","age_ms":105260,"since":0,"dead_reckoned_mm":41,"candidate_mm":-1,"viable":[],"lostm":0,"lost_ms":0,"agree":0,"disagree":0,"losts":0,"auto":0}
2026-08-26T11:03:04.957	ngr/loco/9950012/alert	{"level":"CLEAR","reason":"STATUS","loco":"9950012","uptime_ms":217153,"nav":"NORMAL","moving":0,"pwm":0,"est_mm_s":0,"dir":"CCW","session_dir":"CCW","mdir":"FWD","rear":41,"front":36,"env":1500,"lc_mm":41,"last_confirmed_landmark":"","age_ms":106260,"since":0,"dead_reckoned_mm":41,"candidate_mm":-1,"viable":[],"lostm":0,"lost_ms":0,"agree":0,"disagree":0,"losts":0,"auto":0}
2026-08-26T11:03:05.954	ngr/loco/9950012/alert	{"level":"CLEAR","reason":"STATUS","loco":"9950012","uptime_ms":218153,"nav":"NORMAL","moving":0,"pwm":0,"est_mm_s":0,"dir":"CCW","session_dir":"CCW","mdir":"FWD","rear":41,"front":36,"env":1500,"lc_mm":41,"last_confirmed_landmark":"","age_ms":107260,"since":0,"dead_reckoned_mm":41,"candidate_mm":-1,"viable":[],"lostm":0,"lost_ms":0,"agree":0,"disagree":0,"losts":0,"auto":0}
2026-08-26T11:03:06.957	ngr/loco/9950012/alert	{"level":"CLEAR","reason":"STATUS","loco":"9950012","uptime_ms":219153,"nav":"NORMAL","moving":0,"pwm":0,"est_mm_s":0,"dir":"CCW","session_dir":"CCW","mdir":"FWD","rear":41,"front":36,"env":1500,"lc_mm":41,"last_confirmed_landmark":"","age_ms":108260,"since":0,"dead_reckoned_mm":41,"candidate_mm":-1,"viable":[],"lostm":0,"lost_ms":0,"agree":0,"disagree":0,"losts":0,"auto":0}
2026-08-26T11:03:07.955	ngr/loco/9950012/alert	{"level":"CLEAR","reason":"STATUS","loco":"9950012","uptime_ms":220153,"nav":"NORMAL","moving":0,"pwm":0,"est_mm_s":0,"dir":"CCW","session_dir":"CCW","mdir":"FWD","rear":41,"front":36,"env":1500,"lc_mm":41,"last_confirmed_landmark":"","age_ms":109260,"since":0,"dead_reckoned_mm":41,"candidate_mm":-1,"viable":[],"lostm":0,"lost_ms":0,"agree":0,"disagree":0,"losts":0,"auto":0}
2026-08-26T11:03:08.953	ngr/loco/9950012/alert	{"level":"CLEAR","reason":"STATUS","loco":"9950012","uptime_ms":221153,"nav":"NORMAL","moving":0,"pwm":0,"est_mm_s":0,"dir":"CCW","session_dir":"CCW","mdir":"FWD","rear":41,"front":36,"env":1500,"lc_mm":41,"last_confirmed_landmark":"","age_ms":110260,"since":0,"dead_reckoned_mm":41,"candidate_mm":-1,"viable":[],"lostm":0,"lost_ms":0,"agree":0,"disagree":0,"losts":0,"auto":0}
2026-08-26T11:03:09.956	ngr/loco/9950012/alert	{"level":"CLEAR","reason":"STATUS","loco":"9950012","uptime_ms":222153,"nav":"NORMAL","moving":0,"pwm":0,"est_mm_s":0,"dir":"CCW","session_dir":"CCW","mdir":"FWD","rear":41,"front":36,"env":1500,"lc_mm":41,"last_confirmed_landmark":"","age_ms":111260,"since":0,"dead_reckoned_mm":41,"candidate_mm":-1,"viable":[],"lostm":0,"lost_ms":0,"agree":0,"disagree":0,"losts":0,"auto":0}
2026-08-26T11:03:10.952	ngr/loco/9950012/alert	{"level":"CLEAR","reason":"STATUS","loco":"9950012","uptime_ms":223153,"nav":"NORMAL","moving":0,"pwm":0,"est_mm_s":0,"dir":"CCW","session_dir":"CCW","mdir":"FWD","rear":41,"front":36,"env":1500,"lc_mm":41,"last_confirmed_landmark":"","age_ms":112260,"since":0,"dead_reckoned_mm":41,"candidate_mm":-1,"viable":[],"lostm":0,"lost_ms":0,"agree":0,"disagree":0,"losts":0,"auto":0}
2026-08-26T11:03:11.957	ngr/loco/9950012/alert	{"level":"CLEAR","reason":"STATUS","loco":"9950012","uptime_ms":224153,"nav":"NORMAL","moving":0,"pwm":0,"est_mm_s":0,"dir":"CCW","session_dir":"CCW","mdir":"FWD","rear":41,"front":36,"env":1500,"lc_mm":41,"last_confirmed_landmark":"","age_ms":113260,"since":0,"dead_reckoned_mm":41,"candidate_mm":-1,"viable":[],"lostm":0,"lost_ms":0,"agree":0,"disagree":0,"losts":0,"auto":0}
2026-08-26T11:03:12.956	ngr/loco/9950012/alert	{"level":"CLEAR","reason":"STATUS","loco":"9950012","uptime_ms":225153,"nav":"NORMAL","moving":0,"pwm":0,"est_mm_s":0,"dir":"CCW","session_dir":"CCW","mdir":"FWD","rear":41,"front":36,"env":1500,"lc_mm":41,"last_confirmed_landmark":"","age_ms":114260,"since":0,"dead_reckoned_mm":41,"candidate_mm":-1,"viable":[],"lostm":0,"lost_ms":0,"agree":0,"disagree":0,"losts":0,"auto":0}
2026-08-26T11:03:13.957	ngr/loco/9950012/alert	{"level":"CLEAR","reason":"STATUS","loco":"9950012","uptime_ms":226153,"nav":"NORMAL","moving":0,"pwm":0,"est_mm_s":0,"dir":"CCW","session_dir":"CCW","mdir":"FWD","rear":41,"front":36,"env":1500,"lc_mm":41,"last_confirmed_landmark":"","age_ms":115260,"since":0,"dead_reckoned_mm":41,"candidate_mm":-1,"viable":[],"lostm":0,"lost_ms":0,"agree":0,"disagree":0,"losts":0,"auto":0}
2026-08-26T11:03:14.955	ngr/loco/9950012/alert	{"level":"CLEAR","reason":"STATUS","loco":"9950012","uptime_ms":227153,"nav":"NORMAL","moving":0,"pwm":0,"est_mm_s":0,"dir":"CCW","session_dir":"CCW","mdir":"FWD","rear":41,"front":36,"env":1500,"lc_mm":41,"last_confirmed_landmark":"","age_ms":116260,"since":0,"dead_reckoned_mm":41,"candidate_mm":-1,"viable":[],"lostm":0,"lost_ms":0,"agree":0,"disagree":0,"losts":0,"auto":0}
2026-08-26T11:03:15.955	ngr/loco/9950012/alert	{"level":"CLEAR","reason":"STATUS","loco":"9950012","uptime_ms":228153,"nav":"NORMAL","moving":0,"pwm":0,"est_mm_s":0,"dir":"CCW","session_dir":"CCW","mdir":"FWD","rear":41,"front":36,"env":1500,"lc_mm":41,"last_confirmed_landmark":"","age_ms":117260,"since":0,"dead_reckoned_mm":41,"candidate_mm":-1,"viable":[],"lostm":0,"lost_ms":0,"agree":0,"disagree":0,"losts":0,"auto":0}
2026-08-26T11:03:16.972	ngr/loco/9950012/alert	{"level":"CLEAR","reason":"STATUS","loco":"9950012","uptime_ms":229153,"nav":"NORMAL","moving":0,"pwm":0,"est_mm_s":0,"dir":"CCW","session_dir":"CCW","mdir":"FWD","rear":41,"front":36,"env":1500,"lc_mm":41,"last_confirmed_landmark":"","age_ms":118260,"since":0,"dead_reckoned_mm":41,"candidate_mm":-1,"viable":[],"lostm":0,"lost_ms":0,"agree":0,"disagree":0,"losts":0,"auto":0}
2026-08-26T11:03:17.953	ngr/loco/9950012/alert	{"level":"CLEAR","reason":"STATUS","loco":"9950012","uptime_ms":230153,"nav":"NORMAL","moving":1,"pwm":2,"est_mm_s":0,"dir":"CCW","session_dir":"CCW","mdir":"FWD","rear":41,"front":36,"env":1500,"lc_mm":41,"last_confirmed_landmark":"","age_ms":119260,"since":0,"dead_reckoned_mm":41,"candidate_mm":-1,"viable":[],"lostm":0,"lost_ms":0,"agree":0,"disagree":0,"losts":0,"auto":1}
2026-08-26T11:03:18.956	ngr/loco/9950012/alert	{"level":"CLEAR","reason":"STATUS","loco":"9950012","uptime_ms":231153,"nav":"NORMAL","moving":1,"pwm":9,"est_mm_s":0,"dir":"CCW","session_dir":"CCW","mdir":"FWD","rear":41,"front":36,"env":1500,"lc_mm":41,"last_confirmed_landmark":"","age_ms":120260,"since":0,"dead_reckoned_mm":41,"candidate_mm":-1,"viable":[],"lostm":0,"lost_ms":0,"agree":0,"disagree":0,"losts":0,"auto":1}
2026-08-26T11:03:19.964	ngr/loco/9950012/alert	{"level":"CLEAR","reason":"STATUS","loco":"9950012","uptime_ms":232153,"nav":"NORMAL","moving":1,"pwm":16,"est_mm_s":0,"dir":"CCW","session_dir":"CCW","mdir":"FWD","rear":41,"front":36,"env":1500,"lc_mm":41,"last_confirmed_landmark":"","age_ms":121260,"since":0,"dead_reckoned_mm":41,"candidate_mm":-1,"viable":[],"lostm":0,"lost_ms":0,"agree":0,"disagree":0,"losts":0,"auto":1}
2026-08-26T11:03:20.960	ngr/loco/9950012/alert	{"level":"CLEAR","reason":"STATUS","loco":"9950012","uptime_ms":233153,"nav":"NORMAL","moving":1,"pwm":22,"est_mm_s":0,"dir":"CCW","session_dir":"CCW","mdir":"FWD","rear":41,"front":36,"env":1500,"lc_mm":41,"last_confirmed_landmark":"","age_ms":122260,"since":0,"dead_reckoned_mm":41,"candidate_mm":-1,"viable":[],"lostm":0,"lost_ms":0,"agree":0,"disagree":0,"losts":0,"auto":1}
2026-08-26T11:03:21.956	ngr/loco/9950012/alert	{"level":"CLEAR","reason":"STATUS","loco":"9950012","uptime_ms":234153,"nav":"NORMAL","moving":1,"pwm":29,"est_mm_s":0,"dir":"CCW","session_dir":"CCW","mdir":"FWD","rear":41,"front":36,"env":1500,"lc_mm":41,"last_confirmed_landmark":"","age_ms":123260,"since":0,"dead_reckoned_mm":41,"candidate_mm":-1,"viable":[],"lostm":0,"lost_ms":0,"agree":0,"disagree":0,"losts":0,"auto":1}
2026-08-26T11:03:22.992	ngr/loco/9950012/alert	{"level":"CLEAR","reason":"STATUS","loco":"9950012","uptime_ms":235153,"nav":"NORMAL","moving":1,"pwm":36,"est_mm_s":0,"dir":"CCW","session_dir":"CCW","mdir":"FWD","rear":41,"front":36,"env":1500,"lc_mm":41,"last_confirmed_landmark":"","age_ms":124260,"since":0,"dead_reckoned_mm":41,"candidate_mm":-1,"viable":[],"lostm":0,"lost_ms":0,"agree":0,"disagree":0,"losts":0,"auto":1}
2026-08-26T11:03:23.956	ngr/loco/9950012/alert	{"level":"CLEAR","reason":"STATUS","loco":"9950012","uptime_ms":236153,"nav":"NORMAL","moving":1,"pwm":42,"est_mm_s":0,"dir":"CCW","session_dir":"CCW","mdir":"FWD","rear":41,"front":36,"env":1500,"lc_mm":41,"last_confirmed_landmark":"","age_ms":125260,"since":0,"dead_reckoned_mm":41,"candidate_mm":-1,"viable":[],"lostm":0,"lost_ms":0,"agree":0,"disagree":0,"losts":0,"auto":1}
2026-08-26T11:03:24.986	ngr/loco/9950012/alert	{"level":"CLEAR","reason":"STATUS","loco":"9950012","uptime_ms":237170,"nav":"NORMAL","moving":1,"pwm":49,"est_mm_s":0,"dir":"CCW","session_dir":"CCW","mdir":"FWD","rear":40,"front":35,"env":1500,"lc_mm":40,"last_confirmed_landmark":"","age_ms":429,"since":0,"dead_reckoned_mm":40,"candidate_mm":-1,"viable":[],"lostm":0,"lost_ms":0,"agree":1,"disagree":0,"losts":0,"auto":1}
2026-08-26T11:03:25.972	ngr/loco/9950012/alert	{"level":"CLEAR","reason":"STATUS","loco":"9950012","uptime_ms":238170,"nav":"NORMAL","moving":1,"pwm":56,"est_mm_s":0,"dir":"CCW","session_dir":"CCW","mdir":"FWD","rear":40,"front":35,"env":1500,"lc_mm":40,"last_confirmed_landmark":"","age_ms":1429,"since":0,"dead_reckoned_mm":40,"candidate_mm":-1,"viable":[],"lostm":0,"lost_ms":0,"agree":1,"disagree":0,"losts":0,"auto":1}
2026-08-26T11:03:26.971	ngr/loco/9950012/alert	{"level":"CLEAR","reason":"STATUS","loco":"9950012","uptime_ms":239170,"nav":"NORMAL","moving":1,"pwm":62,"est_mm_s":0,"dir":"CCW","session_dir":"CCW","mdir":"FWD","rear":40,"front":35,"env":1500,"lc_mm":40,"last_confirmed_landmark":"","age_ms":2429,"since":0,"dead_reckoned_mm":40,"candidate_mm":-1,"viable":[],"lostm":0,"lost_ms":0,"agree":1,"disagree":0,"losts":0,"auto":1}
2026-08-26T11:03:27.970	ngr/loco/9950012/alert	{"level":"CLEAR","reason":"STATUS","loco":"9950012","uptime_ms":240170,"nav":"NORMAL","moving":1,"pwm":69,"est_mm_s":127,"dir":"CCW","session_dir":"CCW","mdir":"FWD","rear":39,"front":34,"env":1500,"lc_mm":39,"last_confirmed_landmark":"","age_ms":1079,"since":0,"dead_reckoned_mm":39,"candidate_mm":-1,"viable":[],"lostm":0,"lost_ms":0,"agree":2,"disagree":0,"losts":0,"auto":1}
2026-08-26T11:03:28.970	ngr/loco/9950012/alert	{"level":"CLEAR","reason":"STATUS","loco":"9950012","uptime_ms":241170,"nav":"NORMAL","moving":1,"pwm":76,"est_mm_s":175,"dir":"CCW","session_dir":"CCW","mdir":"FWD","rear":38,"front":33,"env":1510,"lc_mm":38,"last_confirmed_landmark":"","age_ms":371,"since":0,"dead_reckoned_mm":38,"candidate_mm":-1,"viable":[],"lostm":0,"lost_ms":0,"agree":3,"disagree":0,"losts":0,"auto":1}
2026-08-26T11:03:29.973	ngr/loco/9950012/alert	{"level":"CLEAR","reason":"STATUS","loco":"9950012","uptime_ms":242170,"nav":"NORMAL","moving":1,"pwm":82,"est_mm_s":175,"dir":"CCW","session_dir":"CCW","mdir":"FWD","rear":38,"front":33,"env":1510,"lc_mm":38,"last_confirmed_landmark":"","age_ms":1371,"since":0,"dead_reckoned_mm":38,"candidate_mm":-1,"viable":[],"lostm":0,"lost_ms":0,"agree":3,"disagree":0,"losts":0,"auto":1}
2026-08-26T11:03:30.970	ngr/loco/9950012/alert	{"level":"CLEAR","reason":"STATUS","loco":"9950012","uptime_ms":243170,"nav":"NORMAL","moving":1,"pwm":89,"est_mm_s":220,"dir":"CCW","session_dir":"CCW","mdir":"FWD","rear":37,"front":32,"env":1525,"lc_mm":37,"last_confirmed_landmark":"","age_ms":1010,"since":0,"dead_reckoned_mm":37,"candidate_mm":-1,"viable":[],"lostm":0,"lost_ms":0,"agree":4,"disagree":0,"losts":0,"auto":1}
2026-08-26T11:03:31.975	ngr/loco/9950012/alert	{"level":"CLEAR","reason":"STATUS","loco":"9950012","uptime_ms":244170,"nav":"NORMAL","moving":1,"pwm":90,"est_mm_s":256,"dir":"CCW","session_dir":"CCW","mdir":"FWD","rear":36,"front":31,"env":1545,"lc_mm":36,"last_confirmed_landmark":"","age_ms":839,"since":0,"dead_reckoned_mm":36,"candidate_mm":-1,"viable":[],"lostm":0,"lost_ms":0,"agree":5,"disagree":0,"losts":0,"auto":1}
2026-08-26T11:03:32.972	ngr/loco/9950012/alert	{"level":"CLEAR","reason":"STATUS","loco":"9950012","uptime_ms":245170,"nav":"NORMAL","moving":1,"pwm":90,"est_mm_s":281,"dir":"CCW","session_dir":"CCW","mdir":"FWD","rear":35,"front":30,"env":1575,"lc_mm":35,"last_confirmed_landmark":"","age_ms":774,"since":0,"dead_reckoned_mm":35,"candidate_mm":-1,"viable":[],"lostm":0,"lost_ms":0,"agree":6,"disagree":0,"losts":0,"auto":1}
2026-08-26T11:03:33.974	ngr/loco/9950012/alert	{"level":"CLEAR","reason":"STATUS","loco":"9950012","uptime_ms":246170,"nav":"NORMAL","moving":1,"pwm":90,"est_mm_s":283,"dir":"CCW","session_dir":"CCW","mdir":"FWD","rear":34,"front":29,"env":1590,"lc_mm":34,"last_confirmed_landmark":"","age_ms":715,"since":0,"dead_reckoned_mm":34,"candidate_mm":-1,"viable":[],"lostm":0,"lost_ms":0,"agree":7,"disagree":0,"losts":0,"auto":1}
2026-08-26T11:03:34.971	ngr/loco/9950012/alert	{"level":"CLEAR","reason":"STATUS","loco":"9950012","uptime_ms":247170,"nav":"NORMAL","moving":1,"pwm":90,"est_mm_s":246,"dir":"CCW","session_dir":"CCW","mdir":"FWD","rear":33,"front":28,"env":1580,"lc_mm":33,"last_confirmed_landmark":"","age_ms":455,"since":0,"dead_reckoned_mm":33,"candidate_mm":-1,"viable":[],"lostm":0,"lost_ms":0,"agree":8,"disagree":0,"losts":0,"auto":1}
2026-08-26T11:03:35.972	ngr/loco/9950012/alert	{"level":"CLEAR","reason":"STATUS","loco":"9950012","uptime_ms":248170,"nav":"NORMAL","moving":1,"pwm":90,"est_mm_s":246,"dir":"CCW","session_dir":"CCW","mdir":"FWD","rear":33,"front":28,"env":1580,"lc_mm":33,"last_confirmed_landmark":"","age_ms":1455,"since":0,"dead_reckoned_mm":33,"candidate_mm":-1,"viable":[],"lostm":0,"lost_ms":0,"agree":8,"disagree":0,"losts":0,"auto":1}
2026-08-26T11:03:36.974	ngr/loco/9950012/alert	{"level":"CLEAR","reason":"STATUS","loco":"9950012","uptime_ms":249170,"nav":"NORMAL","moving":1,"pwm":90,"est_mm_s":234,"dir":"CCW","session_dir":"CCW","mdir":"FWD","rear":32,"front":27,"env":1565,"lc_mm":32,"last_confirmed_landmark":"","age_ms":1109,"since":0,"dead_reckoned_mm":32,"candidate_mm":-1,"viable":[],"lostm":0,"lost_ms":0,"agree":9,"disagree":0,"losts":0,"auto":1}
2026-08-26T11:03:37.972	ngr/loco/9950012/alert	{"level":"CLEAR","reason":"STATUS","loco":"9950012","uptime_ms":250170,"nav":"NORMAL","moving":1,"pwm":90,"est_mm_s":223,"dir":"CCW","session_dir":"CCW","mdir":"FWD","rear":31,"front":26,"env":1545,"lc_mm":31,"last_confirmed_landmark":"","age_ms":675,"since":0,"dead_reckoned_mm":31,"candidate_mm":-1,"viable":[],"lostm":0,"lost_ms":0,"agree":10,"disagree":0,"losts":0,"auto":1}
2026-08-26T11:03:38.978	ngr/loco/9950012/alert	{"level":"CLEAR","reason":"STATUS","loco":"9950012","uptime_ms":251170,"nav":"NORMAL","moving":1,"pwm":90,"est_mm_s":223,"dir":"CCW","session_dir":"CCW","mdir":"FWD","rear":31,"front":26,"env":1545,"lc_mm":31,"last_confirmed_landmark":"","age_ms":1675,"since":0,"dead_reckoned_mm":31,"candidate_mm":-1,"viable":[],"lostm":0,"lost_ms":0,"agree":10,"disagree":0,"losts":0,"auto":1}
2026-08-26T11:03:39.974	ngr/loco/9950012/alert	{"level":"CLEAR","reason":"STATUS","loco":"9950012","uptime_ms":252170,"nav":"NORMAL","moving":1,"pwm":90,"est_mm_s":213,"dir":"CCW","session_dir":"CCW","mdir":"FWD","rear":30,"front":25,"env":1515,"lc_mm":30,"last_confirmed_landmark":"","age_ms":1127,"since":0,"dead_reckoned_mm":30,"candidate_mm":-1,"viable":[],"lostm":0,"lost_ms":0,"agree":11,"disagree":0,"losts":0,"auto":1}
2026-08-26T11:03:40.975	ngr/loco/9950012/alert	{"level":"CLEAR","reason":"STATUS","loco":"9950012","uptime_ms":253170,"nav":"NORMAL","moving":1,"pwm":90,"est_mm_s":196,"dir":"CCW","session_dir":"CCW","mdir":"FWD","rear":29,"front":24,"env":1495,"lc_mm":29,"last_confirmed_landmark":"","age_ms":520,"since":0,"dead_reckoned_mm":29,"candidate_mm":-1,"viable":[],"lostm":0,"lost_ms":0,"agree":12,"disagree":0,"losts":0,"auto":1}
2026-08-26T11:03:41.973	ngr/loco/9950012/alert	{"level":"CLEAR","reason":"STATUS","loco":"9950012","uptime_ms":254170,"nav":"NORMAL","moving":1,"pwm":90,"est_mm_s":196,"dir":"CCW","session_dir":"CCW","mdir":"FWD","rear":29,"front":24,"env":1495,"lc_mm":29,"last_confirmed_landmark":"","age_ms":1520,"since":0,"dead_reckoned_mm":29,"candidate_mm":-1,"viable":[],"lostm":0,"lost_ms":0,"agree":12,"disagree":0,"losts":0,"auto":1}
2026-08-26T11:03:42.971	ngr/loco/9950012/alert	{"level":"CLEAR","reason":"STATUS","loco":"9950012","uptime_ms":255170,"nav":"NORMAL","moving":1,"pwm":90,"est_mm_s":217,"dir":"CCW","session_dir":"CCW","mdir":"FWD","rear":28,"front":23,"env":1495,"lc_mm":28,"last_confirmed_landmark":"","age_ms":1139,"since":0,"dead_reckoned_mm":28,"candidate_mm":-1,"viable":[],"lostm":0,"lost_ms":0,"agree":13,"disagree":0,"losts":0,"auto":1}
2026-08-26T11:03:43.974	ngr/loco/9950012/alert	{"level":"CLEAR","reason":"STATUS","loco":"9950012","uptime_ms":256170,"nav":"NORMAL","moving":1,"pwm":90,"est_mm_s":213,"dir":"CCW","session_dir":"CCW","mdir":"FWD","rear":27,"front":22,"env":1500,"lc_mm":27,"last_confirmed_landmark":"","age_ms":733,"since":0,"dead_reckoned_mm":27,"candidate_mm":-1,"viable":[],"lostm":0,"lost_ms":0,"agree":14,"disagree":0,"losts":0,"auto":1}
2026-08-26T11:03:44.977	ngr/loco/9950012/alert	{"level":"CLEAR","reason":"STATUS","loco":"9950012","uptime_ms":257170,"nav":"NORMAL","moving":1,"pwm":90,"est_mm_s":219,"dir":"CCW","session_dir":"CCW","mdir":"FWD","rear":26,"front":21,"env":1515,"lc_mm":26,"last_confirmed_landmark":"","age_ms":366,"since":0,"dead_reckoned_mm":26,"candidate_mm":-1,"viable":[],"lostm":0,"lost_ms":0,"agree":15,"disagree":0,"losts":0,"auto":1}
2026-08-26T11:03:45.973	ngr/loco/9950012/alert	{"level":"CLEAR","reason":"STATUS","loco":"9950012","uptime_ms":258170,"nav":"NORMAL","moving":1,"pwm":90,"est_mm_s":219,"dir":"CCW","session_dir":"CCW","mdir":"FWD","rear":26,"front":21,"env":1515,"lc_mm":26,"last_confirmed_landmark":"","age_ms":1366,"since":0,"dead_reckoned_mm":26,"candidate_mm":-1,"viable":[],"lostm":0,"lost_ms":0,"agree":15,"disagree":0,"losts":0,"auto":1}
2026-08-26T11:03:46.973	ngr/loco/9950012/alert	{"level":"CLEAR","reason":"STATUS","loco":"9950012","uptime_ms":259170,"nav":"NORMAL","moving":1,"pwm":86,"est_mm_s":245,"dir":"CCW","session_dir":"CCW","mdir":"FWD","rear":25,"front":20,"env":1530,"lc_mm":25,"last_confirmed_landmark":"","age_ms":1142,"since":0,"dead_reckoned_mm":25,"candidate_mm":-1,"viable":[],"lostm":0,"lost_ms":0,"agree":16,"disagree":0,"losts":0,"auto":1}
2026-08-26T11:03:47.974	ngr/loco/9950012/alert	{"level":"CLEAR","reason":"STATUS","loco":"9950012","uptime_ms":260170,"nav":"NORMAL","moving":1,"pwm":80,"est_mm_s":244,"dir":"CCW","session_dir":"CCW","mdir":"FWD","rear":24,"front":19,"env":1555,"lc_mm":24,"last_confirmed_landmark":"","age_ms":933,"since":0,"dead_reckoned_mm":24,"candidate_mm":-1,"viable":[],"lostm":0,"lost_ms":0,"agree":17,"disagree":0,"losts":0,"auto":1}
2026-08-26T11:03:48.974	ngr/loco/9950012/alert	{"level":"CLEAR","reason":"STATUS","loco":"9950012","uptime_ms":261170,"nav":"NORMAL","moving":1,"pwm":76,"est_mm_s":215,"dir":"CCW","session_dir":"CCW","mdir":"FWD","rear":23,"front":18,"env":1555,"lc_mm":23,"last_confirmed_landmark":"","age_ms":541,"since":0,"dead_reckoned_mm":23,"candidate_mm":-1,"viable":[],"lostm":0,"lost_ms":0,"agree":18,"disagree":0,"losts":0,"auto":1}
2026-08-26T11:03:49.972	ngr/loco/9950012/alert	{"level":"CLEAR","reason":"STATUS","loco":"9950012","uptime_ms":262170,"nav":"NORMAL","moving":1,"pwm":73,"est_mm_s":215,"dir":"CCW","session_dir":"CCW","mdir":"FWD","rear":23,"front":18,"env":1555,"lc_mm":23,"last_confirmed_landmark":"","age_ms":1541,"since":0,"dead_reckoned_mm":23,"candidate_mm":-1,"viable":[],"lostm":0,"lost_ms":0,"agree":18,"disagree":0,"losts":0,"auto":1}
2026-08-26T11:03:50.970	ngr/loco/9950012/alert	{"level":"CLEAR","reason":"STATUS","loco":"9950012","uptime_ms":263170,"nav":"NORMAL","moving":1,"pwm":68,"est_mm_s":219,"dir":"CCW","session_dir":"CCW","mdir":"FWD","rear":22,"front":17,"env":1550,"lc_mm":22,"last_confirmed_landmark":"","age_ms":1150,"since":0,"dead_reckoned_mm":22,"candidate_mm":-1,"viable":[],"lostm":0,"lost_ms":0,"agree":19,"disagree":0,"losts":0,"auto":1}
2026-08-26T11:03:51.971	ngr/loco/9950012/alert	{"level":"CLEAR","reason":"STATUS","loco":"9950012","uptime_ms":264170,"nav":"NORMAL","moving":1,"pwm":65,"est_mm_s":178,"dir":"CCW","session_dir":"CCW","mdir":"FWD","rear":21,"front":16,"env":1545,"lc_mm":21,"last_confirmed_landmark":"","age_ms":386,"since":0,"dead_reckoned_mm":21,"candidate_mm":-1,"viable":[],"lostm":0,"lost_ms":0,"agree":20,"disagree":0,"losts":0,"auto":1}
2026-08-26T11:03:52.972	ngr/loco/9950012/alert	{"level":"CLEAR","reason":"STATUS","loco":"9950012","uptime_ms":265170,"nav":"NORMAL","moving":1,"pwm":61,"est_mm_s":178,"dir":"CCW","session_dir":"CCW","mdir":"FWD","rear":21,"front":16,"env":1545,"lc_mm":21,"last_confirmed_landmark":"","age_ms":1386,"since":0,"dead_reckoned_mm":21,"candidate_mm":-1,"viable":[],"lostm":0,"lost_ms":0,"agree":20,"disagree":0,"losts":0,"auto":1}
2026-08-26T11:03:53.974	ngr/loco/9950012/alert	{"level":"CLEAR","reason":"STATUS","loco":"9950012","uptime_ms":266170,"nav":"NORMAL","moving":1,"pwm":60,"est_mm_s":178,"dir":"CCW","session_dir":"CCW","mdir":"FWD","rear":21,"front":16,"env":1545,"lc_mm":21,"last_confirmed_landmark":"","age_ms":2386,"since":0,"dead_reckoned_mm":21,"candidate_mm":-1,"viable":[],"lostm":0,"lost_ms":0,"agree":20,"disagree":0,"losts":0,"auto":1}
2026-08-26T11:03:54.970	ngr/loco/9950012/alert	{"level":"CLEAR","reason":"STATUS","loco":"9950012","uptime_ms":267170,"nav":"NORMAL","moving":1,"pwm":60,"est_mm_s":127,"dir":"CCW","session_dir":"CCW","mdir":"FWD","rear":20,"front":15,"env":1555,"lc_mm":20,"last_confirmed_landmark":"","age_ms":922,"since":0,"dead_reckoned_mm":20,"candidate_mm":-1,"viable":[],"lostm":0,"lost_ms":0,"agree":21,"disagree":0,"losts":0,"auto":1}
2026-08-26T11:03:56.004	ngr/loco/9950012/alert	{"level":"CLEAR","reason":"STATUS","loco":"9950012","uptime_ms":268170,"nav":"NORMAL","moving":1,"pwm":60,"est_mm_s":127,"dir":"CCW","session_dir":"CCW","mdir":"FWD","rear":20,"front":15,"env":1555,"lc_mm":20,"last_confirmed_landmark":"","age_ms":1922,"since":0,"dead_reckoned_mm":20,"candidate_mm":-1,"viable":[],"lostm":0,"lost_ms":0,"agree":21,"disagree":0,"losts":0,"auto":1}
2026-08-26T11:03:56.975	ngr/loco/9950012/alert	{"level":"CLEAR","reason":"STATUS","loco":"9950012","uptime_ms":269170,"nav":"NORMAL","moving":1,"pwm":60,"est_mm_s":146,"dir":"CCW","session_dir":"CCW","mdir":"FWD","rear":19,"front":14,"env":1550,"lc_mm":19,"last_confirmed_landmark":"","age_ms":740,"since":0,"dead_reckoned_mm":19,"candidate_mm":-1,"viable":[],"lostm":0,"lost_ms":0,"agree":22,"disagree":0,"losts":0,"auto":1}
2026-08-26T11:03:57.973	ngr/loco/9950012/alert	{"level":"CLEAR","reason":"STATUS","loco":"9950012","uptime_ms":270170,"nav":"NORMAL","moving":1,"pwm":60,"est_mm_s":146,"dir":"CCW","session_dir":"CCW","mdir":"FWD","rear":19,"front":14,"env":1550,"lc_mm":19,"last_confirmed_landmark":"","age_ms":1740,"since":0,"dead_reckoned_mm":19,"candidate_mm":-1,"viable":[],"lostm":0,"lost_ms":0,"agree":22,"disagree":0,"losts":0,"auto":1}
2026-08-26T11:03:58.972	ngr/loco/9950012/alert	{"level":"CLEAR","reason":"STATUS","loco":"9950012","uptime_ms":271170,"nav":"NORMAL","moving":1,"pwm":60,"est_mm_s":152,"dir":"CCW","session_dir":"CCW","mdir":"FWD","rear":18,"front":13,"env":1565,"lc_mm":18,"last_confirmed_landmark":"","age_ms":770,"since":0,"dead_reckoned_mm":18,"candidate_mm":-1,"viable":[],"lostm":0,"lost_ms":0,"agree":23,"disagree":0,"losts":0,"auto":1}
2026-08-26T11:03:59.970	ngr/loco/9950012/alert	{"level":"CLEAR","reason":"STATUS","loco":"9950012","uptime_ms":272170,"nav":"NORMAL","moving":1,"pwm":60,"est_mm_s":152,"dir":"CCW","session_dir":"CCW","mdir":"FWD","rear":18,"front":13,"env":1565,"lc_mm":18,"last_confirmed_landmark":"","age_ms":1770,"since":0,"dead_reckoned_mm":18,"candidate_mm":-1,"viable":[],"lostm":0,"lost_ms":0,"agree":23,"disagree":0,"losts":0,"auto":1}
2026-08-26T11:04:00.974	ngr/loco/9950012/alert	{"level":"CLEAR","reason":"STATUS","loco":"9950012","uptime_ms":273170,"nav":"NORMAL","moving":1,"pwm":60,"est_mm_s":149,"dir":"CCW","session_dir":"CCW","mdir":"FWD","rear":17,"front":12,"env":1565,"lc_mm":17,"last_confirmed_landmark":"","age_ms":759,"since":0,"dead_reckoned_mm":17,"candidate_mm":-1,"viable":[],"lostm":0,"lost_ms":0,"agree":24,"disagree":0,"losts":0,"auto":1}
2026-08-26T11:04:01.974	ngr/loco/9950012/alert	{"level":"CLEAR","reason":"STATUS","loco":"9950012","uptime_ms":274170,"nav":"NORMAL","moving":1,"pwm":60,"est_mm_s":149,"dir":"CCW","session_dir":"CCW","mdir":"FWD","rear":17,"front":12,"env":1565,"lc_mm":17,"last_confirmed_landmark":"","age_ms":1759,"since":0,"dead_reckoned_mm":17,"candidate_mm":-1,"viable":[],"lostm":0,"lost_ms":0,"agree":24,"disagree":0,"losts":0,"auto":1}
2026-08-26T11:04:02.970	ngr/loco/9950012/alert	{"level":"CLEAR","reason":"STATUS","loco":"9950012","uptime_ms":275170,"nav":"NORMAL","moving":1,"pwm":60,"est_mm_s":141,"dir":"CCW","session_dir":"CCW","mdir":"FWD","rear":16,"front":11,"env":1545,"lc_mm":16,"last_confirmed_landmark":"","age_ms":563,"since":0,"dead_reckoned_mm":16,"candidate_mm":-1,"viable":[],"lostm":0,"lost_ms":0,"agree":25,"disagree":0,"losts":0,"auto":1}
2026-08-26T11:04:03.972	ngr/loco/9950012/alert	{"level":"CLEAR","reason":"STATUS","loco":"9950012","uptime_ms":276170,"nav":"NORMAL","moving":1,"pwm":60,"est_mm_s":141,"dir":"CCW","session_dir":"CCW","mdir":"FWD","rear":16,"front":11,"env":1545,"lc_mm":16,"last_confirmed_landmark":"","age_ms":1563,"since":0,"dead_reckoned_mm":16,"candidate_mm":-1,"viable":[],"lostm":0,"lost_ms":0,"agree":25,"disagree":0,"losts":0,"auto":1}
2026-08-26T11:04:04.987	ngr/loco/9950012/alert	{"level":"CLEAR","reason":"STATUS","loco":"9950012","uptime_ms":277170,"nav":"NORMAL","moving":1,"pwm":60,"est_mm_s":141,"dir":"CCW","session_dir":"CCW","mdir":"FWD","rear":16,"front":11,"env":1545,"lc_mm":16,"last_confirmed_landmark":"","age_ms":2563,"since":0,"dead_reckoned_mm":16,"candidate_mm":-1,"viable":[],"lostm":0,"lost_ms":0,"agree":25,"disagree":0,"losts":0,"auto":1}
2026-08-26T11:04:05.971	ngr/loco/9950012/alert	{"level":"CLEAR","reason":"STATUS","loco":"9950012","uptime_ms":278170,"nav":"NORMAL","moving":1,"pwm":60,"est_mm_s":142,"dir":"CCW","session_dir":"CCW","mdir":"FWD","rear":15,"front":10,"env":1520,"lc_mm":15,"last_confirmed_landmark":"Patio","age_ms":1287,"since":0,"dead_reckoned_mm":15,"candidate_mm":-1,"viable":[],"lostm":0,"lost_ms":0,"agree":26,"disagree":0,"losts":0,"auto":1}
2026-08-26T11:04:06.976	ngr/loco/9950012/alert	{"level":"CLEAR","reason":"STATUS","loco":"9950012","uptime_ms":279170,"nav":"NORMAL","moving":1,"pwm":60,"est_mm_s":142,"dir":"CCW","session_dir":"CCW","mdir":"FWD","rear":15,"front":10,"env":1520,"lc_mm":15,"last_confirmed_landmark":"Patio","age_ms":2287,"since":0,"dead_reckoned_mm":15,"candidate_mm":-1,"viable":[],"lostm":0,"lost_ms":0,"agree":26,"disagree":0,"losts":0,"auto":1}
2026-08-26T11:04:07.973	ngr/loco/9950012/alert	{"level":"CLEAR","reason":"STATUS","loco":"9950012","uptime_ms":280170,"nav":"NORMAL","moving":1,"pwm":59,"est_mm_s":121,"dir":"CCW","session_dir":"CCW","mdir":"FWD","rear":14,"front":9,"env":1500,"lc_mm":14,"last_confirmed_landmark":"","age_ms":687,"since":0,"dead_reckoned_mm":14,"candidate_mm":-1,"viable":[],"lostm":0,"lost_ms":0,"agree":27,"disagree":0,"losts":0,"auto":1}
2026-08-26T11:04:08.976	ngr/loco/9950012/alert	{"level":"CLEAR","reason":"STATUS","loco":"9950012","uptime_ms":281170,"nav":"NORMAL","moving":1,"pwm":54,"est_mm_s":121,"dir":"CCW","session_dir":"CCW","mdir":"FWD","rear":14,"front":9,"env":1500,"lc_mm":14,"last_confirmed_landmark":"","age_ms":1687,"since":0,"dead_reckoned_mm":14,"candidate_mm":-1,"viable":[],"lostm":0,"lost_ms":0,"agree":27,"disagree":0,"losts":0,"auto":1}
2026-08-26T11:04:09.971	ngr/loco/9950012/alert	{"level":"CLEAR","reason":"STATUS","loco":"9950012","uptime_ms":282170,"nav":"NORMAL","moving":1,"pwm":49,"est_mm_s":121,"dir":"CCW","session_dir":"CCW","mdir":"FWD","rear":14,"front":9,"env":1500,"lc_mm":14,"last_confirmed_landmark":"","age_ms":2687,"since":0,"dead_reckoned_mm":14,"candidate_mm":-1,"viable":[],"lostm":0,"lost_ms":0,"agree":27,"disagree":0,"losts":0,"auto":1}
2026-08-26T11:04:10.973	ngr/loco/9950012/alert	{"level":"CLEAR","reason":"STATUS","loco":"9950012","uptime_ms":283170,"nav":"NORMAL","moving":1,"pwm":44,"est_mm_s":108,"dir":"CCW","session_dir":"CCW","mdir":"FWD","rear":13,"front":8,"env":1485,"lc_mm":13,"last_confirmed_landmark":"","age_ms":788,"since":0,"dead_reckoned_mm":13,"candidate_mm":-1,"viable":[],"lostm":0,"lost_ms":0,"agree":28,"disagree":0,"losts":0,"auto":1}
2026-08-26T11:04:11.972	ngr/loco/9950012/alert	{"level":"CLEAR","reason":"STATUS","loco":"9950012","uptime_ms":284170,"nav":"NORMAL","moving":1,"pwm":39,"est_mm_s":108,"dir":"CCW","session_dir":"CCW","mdir":"FWD","rear":13,"front":8,"env":1485,"lc_mm":13,"last_confirmed_landmark":"","age_ms":1788,"since":0,"dead_reckoned_mm":13,"candidate_mm":-1,"viable":[],"lostm":0,"lost_ms":0,"agree":28,"disagree":0,"losts":0,"auto":1}
2026-08-26T11:04:12.974	ngr/loco/9950012/alert	{"level":"CLEAR","reason":"STATUS","loco":"9950012","uptime_ms":285170,"nav":"NORMAL","moving":1,"pwm":34,"est_mm_s":108,"dir":"CCW","session_dir":"CCW","mdir":"FWD","rear":13,"front":8,"env":1485,"lc_mm":13,"last_confirmed_landmark":"","age_ms":2788,"since":0,"dead_reckoned_mm":13,"candidate_mm":-1,"viable":[],"lostm":0,"lost_ms":0,"agree":28,"disagree":0,"losts":0,"auto":1}
2026-08-26T11:04:13.972	ngr/loco/9950012/alert	{"level":"CLEAR","reason":"STATUS","loco":"9950012","uptime_ms":286170,"nav":"NORMAL","moving":1,"pwm":29,"est_mm_s":108,"dir":"CCW","session_dir":"CCW","mdir":"FWD","rear":13,"front":8,"env":1485,"lc_mm":13,"last_confirmed_landmark":"","age_ms":3788,"since":0,"dead_reckoned_mm":13,"candidate_mm":-1,"viable":[],"lostm":0,"lost_ms":0,"agree":28,"disagree":0,"losts":0,"auto":1}
2026-08-26T11:04:14.972	ngr/loco/9950012/alert	{"level":"CLEAR","reason":"STATUS","loco":"9950012","uptime_ms":287170,"nav":"NORMAL","moving":1,"pwm":24,"est_mm_s":78,"dir":"CCW","session_dir":"CCW","mdir":"FWD","rear":12,"front":7,"env":1485,"lc_mm":12,"last_confirmed_landmark":"","age_ms":967,"since":0,"dead_reckoned_mm":12,"candidate_mm":-1,"viable":[],"lostm":0,"lost_ms":0,"agree":29,"disagree":0,"losts":0,"auto":1}
2026-08-26T11:04:15.975	ngr/loco/9950012/alert	{"level":"CLEAR","reason":"STATUS","loco":"9950012","uptime_ms":288170,"nav":"NORMAL","moving":1,"pwm":19,"est_mm_s":78,"dir":"CCW","session_dir":"CCW","mdir":"FWD","rear":12,"front":7,"env":1485,"lc_mm":12,"last_confirmed_landmark":"","age_ms":1967,"since":0,"dead_reckoned_mm":12,"candidate_mm":-1,"viable":[],"lostm":0,"lost_ms":0,"agree":29,"disagree":0,"losts":0,"auto":1}
2026-08-26T11:04:16.974	ngr/loco/9950012/alert	{"level":"CLEAR","reason":"STATUS","loco":"9950012","uptime_ms":289170,"nav":"NORMAL","moving":1,"pwm":14,"est_mm_s":78,"dir":"CCW","session_dir":"CCW","mdir":"FWD","rear":12,"front":7,"env":1485,"lc_mm":12,"last_confirmed_landmark":"","age_ms":2967,"since":0,"dead_reckoned_mm":12,"candidate_mm":-1,"viable":[],"lostm":0,"lost_ms":0,"agree":29,"disagree":0,"losts":0,"auto":1}
2026-08-26T11:04:17.981	ngr/loco/9950012/alert	{"level":"CLEAR","reason":"STATUS","loco":"9950012","uptime_ms":290170,"nav":"NORMAL","moving":1,"pwm":9,"est_mm_s":78,"dir":"CCW","session_dir":"CCW","mdir":"FWD","rear":12,"front":7,"env":1485,"lc_mm":12,"last_confirmed_landmark":"","age_ms":3967,"since":0,"dead_reckoned_mm":12,"candidate_mm":-1,"viable":[],"lostm":0,"lost_ms":0,"agree":29,"disagree":0,"losts":0,"auto":1}
2026-08-26T11:04:18.971	ngr/loco/9950012/alert	{"level":"CLEAR","reason":"STATUS","loco":"9950012","uptime_ms":291170,"nav":"NORMAL","moving":1,"pwm":4,"est_mm_s":78,"dir":"CCW","session_dir":"CCW","mdir":"FWD","rear":12,"front":7,"env":1485,"lc_mm":12,"last_confirmed_landmark":"","age_ms":4967,"since":0,"dead_reckoned_mm":12,"candidate_mm":-1,"viable":[],"lostm":0,"lost_ms":0,"agree":29,"disagree":0,"losts":0,"auto":1}
2026-08-26T11:04:19.973	ngr/loco/9950012/alert	{"level":"CLEAR","reason":"STATUS","loco":"9950012","uptime_ms":292170,"nav":"NORMAL","moving":0,"pwm":0,"est_mm_s":78,"dir":"CCW","session_dir":"CCW","mdir":"FWD","rear":12,"front":7,"env":1485,"lc_mm":12,"last_confirmed_landmark":"","age_ms":5967,"since":0,"dead_reckoned_mm":12,"candidate_mm":-1,"viable":[],"lostm":0,"lost_ms":0,"agree":29,"disagree":0,"losts":0,"auto":1}
2026-08-26T11:04:20.975	ngr/loco/9950012/alert	{"level":"CLEAR","reason":"STATUS","loco":"9950012","uptime_ms":293170,"nav":"NORMAL","moving":0,"pwm":0,"est_mm_s":78,"dir":"CCW","session_dir":"CCW","mdir":"FWD","rear":12,"front":7,"env":1485,"lc_mm":12,"last_confirmed_landmark":"","age_ms":6967,"since":0,"dead_reckoned_mm":12,"candidate_mm":-1,"viable":[],"lostm":0,"lost_ms":0,"agree":29,"disagree":0,"losts":0,"auto":1}
2026-08-26T11:04:21.974	ngr/loco/9950012/alert	{"level":"CLEAR","reason":"STATUS","loco":"9950012","uptime_ms":294170,"nav":"NORMAL","moving":0,"pwm":0,"est_mm_s":78,"dir":"CCW","session_dir":"CCW","mdir":"FWD","rear":12,"front":7,"env":1485,"lc_mm":12,"last_confirmed_landmark":"","age_ms":7967,"since":0,"dead_reckoned_mm":12,"candidate_mm":-1,"viable":[],"lostm":0,"lost_ms":0,"agree":29,"disagree":0,"losts":0,"auto":1}
2026-08-26T11:04:22.992	ngr/loco/9950012/alert	{"level":"CLEAR","reason":"STATUS","loco":"9950012","uptime_ms":295170,"nav":"NORMAL","moving":0,"pwm":0,"est_mm_s":78,"dir":"CCW","session_dir":"CCW","mdir":"FWD","rear":12,"front":7,"env":1485,"lc_mm":12,"last_confirmed_landmark":"","age_ms":8967,"since":0,"dead_reckoned_mm":12,"candidate_mm":-1,"viable":[],"lostm":0,"lost_ms":0,"agree":29,"disagree":0,"losts":0,"auto":1}
2026-08-26T11:04:23.974	ngr/loco/9950012/alert	{"level":"CLEAR","reason":"STATUS","loco":"9950012","uptime_ms":296170,"nav":"NORMAL","moving":0,"pwm":0,"est_mm_s":78,"dir":"CCW","session_dir":"CCW","mdir":"FWD","rear":12,"front":7,"env":1485,"lc_mm":12,"last_confirmed_landmark":"","age_ms":9967,"since":0,"dead_reckoned_mm":12,"candidate_mm":-1,"viable":[],"lostm":0,"lost_ms":0,"agree":29,"disagree":0,"losts":0,"auto":1}
2026-08-26T11:04:24.971	ngr/loco/9950012/alert	{"level":"CLEAR","reason":"STATUS","loco":"9950012","uptime_ms":297170,"nav":"NORMAL","moving":0,"pwm":0,"est_mm_s":78,"dir":"CCW","session_dir":"CCW","mdir":"FWD","rear":12,"front":7,"env":1485,"lc_mm":12,"last_confirmed_landmark":"","age_ms":10967,"since":0,"dead_reckoned_mm":12,"candidate_mm":-1,"viable":[],"lostm":0,"lost_ms":0,"agree":29,"disagree":0,"losts":0,"auto":1}
2026-08-26T11:04:25.990	ngr/loco/9950012/alert	{"level":"CLEAR","reason":"STATUS","loco":"9950012","uptime_ms":298170,"nav":"NORMAL","moving":0,"pwm":0,"est_mm_s":78,"dir":"CCW","session_dir":"CCW","mdir":"FWD","rear":12,"front":7,"env":1485,"lc_mm":12,"last_confirmed_landmark":"","age_ms":11967,"since":0,"dead_reckoned_mm":12,"candidate_mm":-1,"viable":[],"lostm":0,"lost_ms":0,"agree":29,"disagree":0,"losts":0,"auto":1}
2026-08-26T11:04:26.971	ngr/loco/9950012/alert	{"level":"CLEAR","reason":"STATUS","loco":"9950012","uptime_ms":299170,"nav":"NORMAL","moving":0,"pwm":0,"est_mm_s":78,"dir":"CCW","session_dir":"CCW","mdir":"FWD","rear":12,"front":7,"env":1485,"lc_mm":12,"last_confirmed_landmark":"","age_ms":12967,"since":0,"dead_reckoned_mm":12,"candidate_mm":-1,"viable":[],"lostm":0,"lost_ms":0,"agree":29,"disagree":0,"losts":0,"auto":1}
2026-08-26T11:04:27.977	ngr/loco/9950012/alert	{"level":"CLEAR","reason":"STATUS","loco":"9950012","uptime_ms":300170,"nav":"NORMAL","moving":0,"pwm":0,"est_mm_s":78,"dir":"CCW","session_dir":"CCW","mdir":"FWD","rear":12,"front":7,"env":1485,"lc_mm":12,"last_confirmed_landmark":"","age_ms":13967,"since":0,"dead_reckoned_mm":12,"candidate_mm":-1,"viable":[],"lostm":0,"lost_ms":0,"agree":29,"disagree":0,"losts":0,"auto":1}
2026-08-26T11:04:28.974	ngr/loco/9950012/alert	{"level":"CLEAR","reason":"STATUS","loco":"9950012","uptime_ms":301170,"nav":"NORMAL","moving":0,"pwm":0,"est_mm_s":78,"dir":"CCW","session_dir":"CCW","mdir":"FWD","rear":12,"front":7,"env":1485,"lc_mm":12,"last_confirmed_landmark":"","age_ms":14967,"since":0,"dead_reckoned_mm":12,"candidate_mm":-1,"viable":[],"lostm":0,"lost_ms":0,"agree":29,"disagree":0,"losts":0,"auto":1}
2026-08-26T11:04:29.973	ngr/loco/9950012/alert	{"level":"CLEAR","reason":"STATUS","loco":"9950012","uptime_ms":302170,"nav":"NORMAL","moving":0,"pwm":0,"est_mm_s":78,"dir":"CCW","session_dir":"CCW","mdir":"FWD","rear":12,"front":7,"env":1485,"lc_mm":12,"last_confirmed_landmark":"","age_ms":15967,"since":0,"dead_reckoned_mm":12,"candidate_mm":-1,"viable":[],"lostm":0,"lost_ms":0,"agree":29,"disagree":0,"losts":0,"auto":1}
2026-08-26T11:04:30.978	ngr/loco/9950012/alert	{"level":"CLEAR","reason":"STATUS","loco":"9950012","uptime_ms":303170,"nav":"NORMAL","moving":0,"pwm":0,"est_mm_s":78,"dir":"CCW","session_dir":"CCW","mdir":"FWD","rear":12,"front":7,"env":1485,"lc_mm":12,"last_confirmed_landmark":"","age_ms":16967,"since":0,"dead_reckoned_mm":12,"candidate_mm":-1,"viable":[],"lostm":0,"lost_ms":0,"agree":29,"disagree":0,"losts":0,"auto":1}
2026-08-26T11:04:31.974	ngr/loco/9950012/alert	{"level":"CLEAR","reason":"STATUS","loco":"9950012","uptime_ms":304170,"nav":"NORMAL","moving":0,"pwm":0,"est_mm_s":78,"dir":"CCW","session_dir":"CCW","mdir":"FWD","rear":12,"front":7,"env":1485,"lc_mm":12,"last_confirmed_landmark":"","age_ms":17967,"since":0,"dead_reckoned_mm":12,"candidate_mm":-1,"viable":[],"lostm":0,"lost_ms":0,"agree":29,"disagree":0,"losts":0,"auto":1}
2026-08-26T11:04:32.974	ngr/loco/9950012/alert	{"level":"CLEAR","reason":"STATUS","loco":"9950012","uptime_ms":305170,"nav":"NORMAL","moving":0,"pwm":0,"est_mm_s":78,"dir":"CCW","session_dir":"CCW","mdir":"FWD","rear":12,"front":7,"env":1485,"lc_mm":12,"last_confirmed_landmark":"","age_ms":18967,"since":0,"dead_reckoned_mm":12,"candidate_mm":-1,"viable":[],"lostm":0,"lost_ms":0,"agree":29,"disagree":0,"losts":0,"auto":1}
2026-08-26T11:04:33.974	ngr/loco/9950012/alert	{"level":"CLEAR","reason":"STATUS","loco":"9950012","uptime_ms":306170,"nav":"NORMAL","moving":0,"pwm":0,"est_mm_s":78,"dir":"CCW","session_dir":"CCW","mdir":"FWD","rear":12,"front":7,"env":1485,"lc_mm":12,"last_confirmed_landmark":"","age_ms":19967,"since":0,"dead_reckoned_mm":12,"candidate_mm":-1,"viable":[],"lostm":0,"lost_ms":0,"agree":29,"disagree":0,"losts":0,"auto":1}
2026-08-26T11:04:34.999	ngr/loco/9950012/alert	{"level":"CLEAR","reason":"STATUS","loco":"9950012","uptime_ms":307170,"nav":"NORMAL","moving":1,"pwm":2,"est_mm_s":78,"dir":"CCW","session_dir":"CCW","mdir":"FWD","rear":12,"front":7,"env":1485,"lc_mm":12,"last_confirmed_landmark":"","age_ms":20967,"since":0,"dead_reckoned_mm":12,"candidate_mm":-1,"viable":[],"lostm":0,"lost_ms":0,"agree":29,"disagree":0,"losts":0,"auto":1}
2026-08-26T11:04:35.972	ngr/loco/9950012/alert	{"level":"CLEAR","reason":"STATUS","loco":"9950012","uptime_ms":308170,"nav":"NORMAL","moving":1,"pwm":9,"est_mm_s":78,"dir":"CCW","session_dir":"CCW","mdir":"FWD","rear":12,"front":7,"env":1485,"lc_mm":12,"last_confirmed_landmark":"","age_ms":21967,"since":0,"dead_reckoned_mm":12,"candidate_mm":-1,"viable":[],"lostm":0,"lost_ms":0,"agree":29,"disagree":0,"losts":0,"auto":1}
2026-08-26T11:04:36.979	ngr/loco/9950012/alert	{"level":"CLEAR","reason":"STATUS","loco":"9950012","uptime_ms":309170,"nav":"NORMAL","moving":1,"pwm":15,"est_mm_s":78,"dir":"CCW","session_dir":"CCW","mdir":"FWD","rear":12,"front":7,"env":1485,"lc_mm":12,"last_confirmed_landmark":"","age_ms":22967,"since":0,"dead_reckoned_mm":12,"candidate_mm":-1,"viable":[],"lostm":0,"lost_ms":0,"agree":29,"disagree":0,"losts":0,"auto":1}
2026-08-26T11:04:37.973	ngr/loco/9950012/alert	{"level":"CLEAR","reason":"STATUS","loco":"9950012","uptime_ms":310170,"nav":"NORMAL","moving":1,"pwm":22,"est_mm_s":78,"dir":"CCW","session_dir":"CCW","mdir":"FWD","rear":12,"front":7,"env":1485,"lc_mm":12,"last_confirmed_landmark":"","age_ms":23967,"since":0,"dead_reckoned_mm":12,"candidate_mm":-1,"viable":[],"lostm":0,"lost_ms":0,"agree":29,"disagree":0,"losts":0,"auto":1}
2026-08-26T11:04:38.971	ngr/loco/9950012/alert	{"level":"CLEAR","reason":"STATUS","loco":"9950012","uptime_ms":311170,"nav":"NORMAL","moving":1,"pwm":29,"est_mm_s":78,"dir":"CCW","session_dir":"CCW","mdir":"FWD","rear":12,"front":7,"env":1485,"lc_mm":12,"last_confirmed_landmark":"","age_ms":24967,"since":0,"dead_reckoned_mm":12,"candidate_mm":-1,"viable":[],"lostm":0,"lost_ms":0,"agree":29,"disagree":0,"losts":0,"auto":1}
2026-08-26T11:04:39.974	ngr/loco/9950012/alert	{"level":"CLEAR","reason":"STATUS","loco":"9950012","uptime_ms":312170,"nav":"NORMAL","moving":1,"pwm":35,"est_mm_s":78,"dir":"CCW","session_dir":"CCW","mdir":"FWD","rear":12,"front":7,"env":1485,"lc_mm":12,"last_confirmed_landmark":"","age_ms":25967,"since":0,"dead_reckoned_mm":12,"candidate_mm":-1,"viable":[],"lostm":0,"lost_ms":0,"agree":29,"disagree":0,"losts":0,"auto":1}
2026-08-26T11:04:40.973	ngr/loco/9950012/alert	{"level":"CLEAR","reason":"STATUS","loco":"9950012","uptime_ms":313170,"nav":"NORMAL","moving":1,"pwm":42,"est_mm_s":78,"dir":"CCW","session_dir":"CCW","mdir":"FWD","rear":12,"front":7,"env":1485,"lc_mm":12,"last_confirmed_landmark":"","age_ms":26967,"since":0,"dead_reckoned_mm":12,"candidate_mm":-1,"viable":[],"lostm":0,"lost_ms":0,"agree":29,"disagree":0,"losts":0,"auto":1}
2026-08-26T11:04:41.973	ngr/loco/9950012/alert	{"level":"CLEAR","reason":"STATUS","loco":"9950012","uptime_ms":314170,"nav":"NORMAL","moving":1,"pwm":48,"est_mm_s":10,"dir":"CCW","session_dir":"CCW","mdir":"FWD","rear":11,"front":6,"env":1510,"lc_mm":11,"last_confirmed_landmark":"","age_ms":838,"since":0,"dead_reckoned_mm":11,"candidate_mm":-1,"viable":[],"lostm":0,"lost_ms":0,"agree":30,"disagree":0,"losts":0,"auto":1}
2026-08-26T11:04:42.973	ngr/loco/9950012/alert	{"level":"CLEAR","reason":"STATUS","loco":"9950012","uptime_ms":315170,"nav":"NORMAL","moving":1,"pwm":55,"est_mm_s":10,"dir":"CCW","session_dir":"CCW","mdir":"FWD","rear":11,"front":6,"env":1510,"lc_mm":11,"last_confirmed_landmark":"","age_ms":1838,"since":0,"dead_reckoned_mm":11,"candidate_mm":-1,"viable":[],"lostm":0,"lost_ms":0,"agree":30,"disagree":0,"losts":0,"auto":1}
2026-08-26T11:04:43.974	ngr/loco/9950012/alert	{"level":"CLEAR","reason":"STATUS","loco":"9950012","uptime_ms":316170,"nav":"NORMAL","moving":1,"pwm":62,"est_mm_s":134,"dir":"CCW","session_dir":"CCW","mdir":"FWD","rear":10,"front":5,"env":1540,"lc_mm":10,"last_confirmed_landmark":"","age_ms":612,"since":0,"dead_reckoned_mm":10,"candidate_mm":-1,"viable":[],"lostm":0,"lost_ms":0,"agree":31,"disagree":0,"losts":0,"auto":1}
2026-08-26T11:04:44.978	ngr/loco/9950012/alert	{"level":"CLEAR","reason":"STATUS","loco":"9950012","uptime_ms":317170,"nav":"NORMAL","moving":1,"pwm":68,"est_mm_s":134,"dir":"CCW","session_dir":"CCW","mdir":"FWD","rear":10,"front":5,"env":1540,"lc_mm":10,"last_confirmed_landmark":"","age_ms":1612,"since":0,"dead_reckoned_mm":10,"candidate_mm":-1,"viable":[],"lostm":0,"lost_ms":0,"agree":31,"disagree":0,"losts":0,"auto":1}
2026-08-26T11:04:45.981	ngr/loco/9950012/alert	{"level":"CLEAR","reason":"STATUS","loco":"9950012","uptime_ms":318170,"nav":"NORMAL","moving":1,"pwm":75,"est_mm_s":176,"dir":"CCW","session_dir":"CCW","mdir":"FWD","rear":9,"front":4,"env":1570,"lc_mm":9,"last_confirmed_landmark":"","age_ms":944,"since":0,"dead_reckoned_mm":9,"candidate_mm":-1,"viable":[],"lostm":0,"lost_ms":0,"agree":32,"disagree":0,"losts":0,"auto":1}
2026-08-26T11:04:46.974	ngr/loco/9950012/alert	{"level":"CLEAR","reason":"STATUS","loco":"9950012","uptime_ms":319170,"nav":"NORMAL","moving":1,"pwm":81,"est_mm_s":208,"dir":"CCW","session_dir":"CCW","mdir":"FWD","rear":8,"front":3,"env":1585,"lc_mm":8,"last_confirmed_landmark":"","age_ms":506,"since":0,"dead_reckoned_mm":8,"candidate_mm":-1,"viable":[],"lostm":0,"lost_ms":0,"agree":33,"disagree":0,"losts":0,"auto":1}
2026-08-26T11:04:47.972	ngr/loco/9950012/alert	{"level":"CLEAR","reason":"STATUS","loco":"9950012","uptime_ms":320170,"nav":"NORMAL","moving":1,"pwm":88,"est_mm_s":208,"dir":"CCW","session_dir":"CCW","mdir":"FWD","rear":8,"front":3,"env":1585,"lc_mm":8,"last_confirmed_landmark":"","age_ms":1506,"since":0,"dead_reckoned_mm":8,"candidate_mm":-1,"viable":[],"lostm":0,"lost_ms":0,"agree":33,"disagree":0,"losts":0,"auto":1}
2026-08-26T11:04:48.974	ngr/loco/9950012/alert	{"level":"CLEAR","reason":"STATUS","loco":"9950012","uptime_ms":321170,"nav":"NORMAL","moving":1,"pwm":90,"est_mm_s":223,"dir":"CCW","session_dir":"CCW","mdir":"FWD","rear":7,"front":2,"env":1615,"lc_mm":7,"last_confirmed_landmark":"","age_ms":1166,"since":0,"dead_reckoned_mm":7,"candidate_mm":-1,"viable":[],"lostm":0,"lost_ms":0,"agree":34,"disagree":0,"losts":0,"auto":1}
2026-08-26T11:04:49.976	ngr/loco/9950012/alert	{"level":"CLEAR","reason":"STATUS","loco":"9950012","uptime_ms":322170,"nav":"NORMAL","moving":1,"pwm":90,"est_mm_s":238,"dir":"CCW","session_dir":"CCW","mdir":"FWD","rear":6,"front":1,"env":1640,"lc_mm":6,"last_confirmed_landmark":"","age_ms":846,"since":0,"dead_reckoned_mm":6,"candidate_mm":-1,"viable":[],"lostm":0,"lost_ms":0,"agree":35,"disagree":0,"losts":0,"auto":1}
2026-08-26T11:04:50.974	ngr/loco/9950012/alert	{"level":"CLEAR","reason":"STATUS","loco":"9950012","uptime_ms":323170,"nav":"NORMAL","moving":1,"pwm":90,"est_mm_s":221,"dir":"CCW","session_dir":"CCW","mdir":"FWD","rear":5,"front":0,"env":1640,"lc_mm":5,"last_confirmed_landmark":"","age_ms":354,"since":0,"dead_reckoned_mm":5,"candidate_mm":-1,"viable":[],"lostm":0,"lost_ms":0,"agree":36,"disagree":0,"losts":0,"auto":1}
2026-08-26T11:04:51.973	ngr/loco/9950012/alert	{"level":"CLEAR","reason":"STATUS","loco":"9950012","uptime_ms":324170,"nav":"NORMAL","moving":1,"pwm":90,"est_mm_s":221,"dir":"CCW","session_dir":"CCW","mdir":"FWD","rear":5,"front":0,"env":1640,"lc_mm":5,"last_confirmed_landmark":"","age_ms":1354,"since":0,"dead_reckoned_mm":5,"candidate_mm":-1,"viable":[],"lostm":0,"lost_ms":0,"agree":36,"disagree":0,"losts":0,"auto":1}
2026-08-26T11:04:52.980	ngr/loco/9950012/alert	{"level":"CLEAR","reason":"STATUS","loco":"9950012","uptime_ms":325170,"nav":"NORMAL","moving":1,"pwm":90,"est_mm_s":250,"dir":"CCW","session_dir":"CCW","mdir":"FWD","rear":4,"front":170,"env":1645,"lc_mm":4,"last_confirmed_landmark":"","age_ms":1059,"since":0,"dead_reckoned_mm":4,"candidate_mm":-1,"viable":[],"lostm":0,"lost_ms":0,"agree":37,"disagree":0,"losts":0,"auto":1}
2026-08-26T11:04:53.973	ngr/loco/9950012/alert	{"level":"CLEAR","reason":"STATUS","loco":"9950012","uptime_ms":326170,"nav":"NORMAL","moving":1,"pwm":90,"est_mm_s":243,"dir":"CCW","session_dir":"CCW","mdir":"FWD","rear":3,"front":169,"env":1660,"lc_mm":3,"last_confirmed_landmark":"","age_ms":764,"since":0,"dead_reckoned_mm":3,"candidate_mm":-1,"viable":[],"lostm":0,"lost_ms":0,"agree":38,"disagree":0,"losts":0,"auto":1}
2026-08-26T11:04:54.973	ngr/loco/9950012/alert	{"level":"CLEAR","reason":"STATUS","loco":"9950012","uptime_ms":327170,"nav":"NORMAL","moving":1,"pwm":90,"est_mm_s":241,"dir":"CCW","session_dir":"CCW","mdir":"FWD","rear":2,"front":168,"env":1660,"lc_mm":2,"last_confirmed_landmark":"","age_ms":396,"since":0,"dead_reckoned_mm":2,"candidate_mm":-1,"viable":[],"lostm":0,"lost_ms":0,"agree":39,"disagree":0,"losts":0,"auto":1}
2026-08-26T11:04:55.978	ngr/loco/9950012/alert	{"level":"CLEAR","reason":"STATUS","loco":"9950012","uptime_ms":328170,"nav":"NORMAL","moving":1,"pwm":90,"est_mm_s":241,"dir":"CCW","session_dir":"CCW","mdir":"FWD","rear":2,"front":168,"env":1660,"lc_mm":2,"last_confirmed_landmark":"","age_ms":1396,"since":0,"dead_reckoned_mm":2,"candidate_mm":-1,"viable":[],"lostm":0,"lost_ms":0,"agree":39,"disagree":0,"losts":0,"auto":1}
2026-08-26T11:04:56.975	ngr/loco/9950012/alert	{"level":"CLEAR","reason":"STATUS","loco":"9950012","uptime_ms":329170,"nav":"NORMAL","moving":1,"pwm":90,"est_mm_s":252,"dir":"CCW","session_dir":"CCW","mdir":"FWD","rear":1,"front":167,"env":1675,"lc_mm":1,"last_confirmed_landmark":"","age_ms":1050,"since":0,"dead_reckoned_mm":1,"candidate_mm":-1,"viable":[],"lostm":0,"lost_ms":0,"agree":40,"disagree":0,"losts":0,"auto":1}
2026-08-26T11:04:57.977	ngr/loco/9950012/alert	{"level":"CLEAR","reason":"STATUS","loco":"9950012","uptime_ms":330170,"nav":"NORMAL","moving":1,"pwm":90,"est_mm_s":265,"dir":"CCW","session_dir":"CCW","mdir":"FWD","rear":0,"front":166,"env":1660,"lc_mm":0,"last_confirmed_landmark":"Southpoint","age_ms":806,"since":0,"dead_reckoned_mm":0,"candidate_mm":-1,"viable":[],"lostm":0,"lost_ms":0,"agree":41,"disagree":0,"losts":0,"auto":1}
2026-08-26T11:04:58.973	ngr/loco/9950012/alert	{"level":"CLEAR","reason":"STATUS","loco":"9950012","uptime_ms":331170,"nav":"NORMAL","moving":1,"pwm":90,"est_mm_s":264,"dir":"CCW","session_dir":"CCW","mdir":"FWD","rear":170,"front":165,"env":1655,"lc_mm":170,"last_confirmed_landmark":"","age_ms":559,"since":0,"dead_reckoned_mm":170,"candidate_mm":-1,"viable":[],"lostm":0,"lost_ms":0,"agree":42,"disagree":0,"losts":0,"auto":1}
2026-08-26T11:04:59.976	ngr/loco/9950012/alert	{"level":"CLEAR","reason":"STATUS","loco":"9950012","uptime_ms":332170,"nav":"NORMAL","moving":1,"pwm":90,"est_mm_s":255,"dir":"CCW","session_dir":"CCW","mdir":"FWD","rear":169,"front":164,"env":1645,"lc_mm":169,"last_confirmed_landmark":"","age_ms":269,"since":0,"dead_reckoned_mm":169,"candidate_mm":-1,"viable":[],"lostm":0,"lost_ms":0,"agree":43,"disagree":0,"losts":0,"auto":1}
2026-08-26T11:05:00.974	ngr/loco/9950012/alert	{"level":"CLEAR","reason":"STATUS","loco":"9950012","uptime_ms":333170,"nav":"NORMAL","moving":1,"pwm":90,"est_mm_s":255,"dir":"CCW","session_dir":"CCW","mdir":"FWD","rear":169,"front":164,"env":1645,"lc_mm":169,"last_confirmed_landmark":"","age_ms":1269,"since":0,"dead_reckoned_mm":169,"candidate_mm":-1,"viable":[],"lostm":0,"lost_ms":0,"agree":43,"disagree":0,"losts":0,"auto":1}
2026-08-26T11:05:01.973	ngr/loco/9950012/alert	{"level":"CLEAR","reason":"STATUS","loco":"9950012","uptime_ms":334170,"nav":"NORMAL","moving":1,"pwm":90,"est_mm_s":242,"dir":"CCW","session_dir":"CCW","mdir":"FWD","rear":168,"front":163,"env":1645,"lc_mm":168,"last_confirmed_landmark":"","age_ms":906,"since":0,"dead_reckoned_mm":168,"candidate_mm":-1,"viable":[],"lostm":0,"lost_ms":0,"agree":44,"disagree":0,"losts":0,"auto":1}
2026-08-26T11:05:02.979	ngr/loco/9950012/alert	{"level":"CLEAR","reason":"STATUS","loco":"9950012","uptime_ms":335170,"nav":"NORMAL","moving":1,"pwm":89,"est_mm_s":229,"dir":"CCW","session_dir":"CCW","mdir":"FWD","rear":167,"front":162,"env":1620,"lc_mm":167,"last_confirmed_landmark":"","age_ms":359,"since":0,"dead_reckoned_mm":167,"candidate_mm":-1,"viable":[],"lostm":0,"lost_ms":0,"agree":45,"disagree":0,"losts":0,"auto":1}
2026-08-26T11:05:03.973	ngr/loco/9950012/alert	{"level":"CLEAR","reason":"STATUS","loco":"9950012","uptime_ms":336170,"nav":"NORMAL","moving":1,"pwm":85,"est_mm_s":229,"dir":"CCW","session_dir":"CCW","mdir":"FWD","rear":167,"front":162,"env":1620,"lc_mm":167,"last_confirmed_landmark":"","age_ms":1359,"since":0,"dead_reckoned_mm":167,"candidate_mm":-1,"viable":[],"lostm":0,"lost_ms":0,"agree":45,"disagree":0,"losts":0,"auto":1}
2026-08-26T11:05:05.015	ngr/loco/9950012/alert	{"level":"CLEAR","reason":"STATUS","loco":"9950012","uptime_ms":337170,"nav":"NORMAL","moving":1,"pwm":81,"est_mm_s":213,"dir":"CCW","session_dir":"CCW","mdir":"FWD","rear":166,"front":161,"env":1610,"lc_mm":166,"last_confirmed_landmark":"","age_ms":883,"since":0,"dead_reckoned_mm":166,"candidate_mm":-1,"viable":[],"lostm":0,"lost_ms":0,"agree":46,"disagree":0,"losts":0,"auto":1}
2026-08-26T11:05:05.982	ngr/loco/9950012/alert	{"level":"CLEAR","reason":"STATUS","loco":"9950012","uptime_ms":338170,"nav":"NORMAL","moving":1,"pwm":79,"est_mm_s":213,"dir":"CCW","session_dir":"CCW","mdir":"FWD","rear":166,"front":161,"env":1610,"lc_mm":166,"last_confirmed_landmark":"","age_ms":1883,"since":0,"dead_reckoned_mm":166,"candidate_mm":-1,"viable":[],"lostm":0,"lost_ms":0,"agree":46,"disagree":0,"losts":0,"auto":1}
2026-08-26T11:05:06.976	ngr/loco/9950012/alert	{"level":"CLEAR","reason":"STATUS","loco":"9950012","uptime_ms":339170,"nav":"NORMAL","moving":1,"pwm":74,"est_mm_s":190,"dir":"CCW","session_dir":"CCW","mdir":"FWD","rear":165,"front":160,"env":1585,"lc_mm":165,"last_confirmed_landmark":"","age_ms":1173,"since":0,"dead_reckoned_mm":165,"candidate_mm":-1,"viable":[],"lostm":0,"lost_ms":0,"agree":47,"disagree":0,"losts":0,"auto":1}
2026-08-26T11:05:07.978	ngr/loco/9950012/alert	{"level":"CLEAR","reason":"STATUS","loco":"9950012","uptime_ms":340170,"nav":"NORMAL","moving":1,"pwm":72,"est_mm_s":169,"dir":"CCW","session_dir":"CCW","mdir":"FWD","rear":164,"front":159,"env":1565,"lc_mm":164,"last_confirmed_landmark":"","age_ms":288,"since":0,"dead_reckoned_mm":164,"candidate_mm":-1,"viable":[],"lostm":0,"lost_ms":0,"agree":48,"disagree":0,"losts":0,"auto":1}
2026-08-26T11:05:08.977	ngr/loco/9950012/alert	{"level":"CLEAR","reason":"STATUS","loco":"9950012","uptime_ms":341170,"nav":"NORMAL","moving":1,"pwm":67,"est_mm_s":169,"dir":"CCW","session_dir":"CCW","mdir":"FWD","rear":164,"front":159,"env":1565,"lc_mm":164,"last_confirmed_landmark":"","age_ms":1288,"since":0,"dead_reckoned_mm":164,"candidate_mm":-1,"viable":[],"lostm":0,"lost_ms":0,"agree":48,"disagree":0,"losts":0,"auto":1}
2026-08-26T11:05:09.974	ngr/loco/9950012/alert	{"level":"CLEAR","reason":"STATUS","loco":"9950012","uptime_ms":342170,"nav":"NORMAL","moving":1,"pwm":66,"est_mm_s":169,"dir":"CCW","session_dir":"CCW","mdir":"FWD","rear":164,"front":159,"env":1565,"lc_mm":164,"last_confirmed_landmark":"","age_ms":2288,"since":0,"dead_reckoned_mm":164,"candidate_mm":-1,"viable":[],"lostm":0,"lost_ms":0,"agree":48,"disagree":0,"losts":0,"auto":1}
2026-08-26T11:05:10.974	ngr/loco/9950012/alert	{"level":"CLEAR","reason":"STATUS","loco":"9950012","uptime_ms":343170,"nav":"NORMAL","moving":1,"pwm":62,"est_mm_s":157,"dir":"CCW","session_dir":"CCW","mdir":"FWD","rear":163,"front":158,"env":1555,"lc_mm":163,"last_confirmed_landmark":"","age_ms":1197,"since":0,"dead_reckoned_mm":163,"candidate_mm":-1,"viable":[],"lostm":0,"lost_ms":0,"agree":49,"disagree":0,"losts":0,"auto":1}
2026-08-26T11:05:11.975	ngr/loco/9950012/alert	{"level":"CLEAR","reason":"STATUS","loco":"9950012","uptime_ms":344170,"nav":"NORMAL","moving":1,"pwm":60,"est_mm_s":157,"dir":"CCW","session_dir":"CCW","mdir":"FWD","rear":163,"front":158,"env":1555,"lc_mm":163,"last_confirmed_landmark":"","age_ms":2197,"since":0,"dead_reckoned_mm":163,"candidate_mm":-1,"viable":[],"lostm":0,"lost_ms":0,"agree":49,"disagree":0,"losts":0,"auto":1}
2026-08-26T11:05:12.974	ngr/loco/9950012/alert	{"level":"CLEAR","reason":"STATUS","loco":"9950012","uptime_ms":345170,"nav":"NORMAL","moving":1,"pwm":60,"est_mm_s":126,"dir":"CCW","session_dir":"CCW","mdir":"FWD","rear":162,"front":157,"env":1515,"lc_mm":162,"last_confirmed_landmark":"","age_ms":584,"since":0,"dead_reckoned_mm":162,"candidate_mm":-1,"viable":[],"lostm":0,"lost_ms":0,"agree":50,"disagree":0,"losts":0,"auto":1}
2026-08-26T11:05:13.974	ngr/loco/9950012/alert	{"level":"CLEAR","reason":"STATUS","loco":"9950012","uptime_ms":346170,"nav":"NORMAL","moving":1,"pwm":60,"est_mm_s":126,"dir":"CCW","session_dir":"CCW","mdir":"FWD","rear":162,"front":157,"env":1515,"lc_mm":162,"last_confirmed_landmark":"","age_ms":1584,"since":0,"dead_reckoned_mm":162,"candidate_mm":-1,"viable":[],"lostm":0,"lost_ms":0,"agree":50,"disagree":0,"losts":0,"auto":1}
2026-08-26T11:05:14.977	ngr/loco/9950012/alert	{"level":"CLEAR","reason":"STATUS","loco":"9950012","uptime_ms":347170,"nav":"NORMAL","moving":1,"pwm":60,"est_mm_s":126,"dir":"CCW","session_dir":"CCW","mdir":"FWD","rear":162,"front":157,"env":1515,"lc_mm":162,"last_confirmed_landmark":"","age_ms":2584,"since":0,"dead_reckoned_mm":162,"candidate_mm":-1,"viable":[],"lostm":0,"lost_ms":0,"agree":50,"disagree":0,"losts":0,"auto":1}
2026-08-26T11:05:15.976	ngr/loco/9950012/alert	{"level":"CLEAR","reason":"STATUS","loco":"9950012","uptime_ms":348170,"nav":"NORMAL","moving":1,"pwm":60,"est_mm_s":133,"dir":"CCW","session_dir":"CCW","mdir":"FWD","rear":161,"front":156,"env":1530,"lc_mm":161,"last_confirmed_landmark":"","age_ms":1292,"since":0,"dead_reckoned_mm":161,"candidate_mm":-1,"viable":[],"lostm":0,"lost_ms":0,"agree":51,"disagree":0,"losts":0,"auto":1}
2026-08-26T11:05:16.975	ngr/loco/9950012/alert	{"level":"CLEAR","reason":"STATUS","loco":"9950012","uptime_ms":349170,"nav":"NORMAL","moving":1,"pwm":60,"est_mm_s":133,"dir":"CCW","session_dir":"CCW","mdir":"FWD","rear":161,"front":156,"env":1530,"lc_mm":161,"last_confirmed_landmark":"","age_ms":2292,"since":0,"dead_reckoned_mm":161,"candidate_mm":-1,"viable":[],"lostm":0,"lost_ms":0,"agree":51,"disagree":0,"losts":0,"auto":1}
2026-08-26T11:05:17.973	ngr/loco/9950012/alert	{"level":"CLEAR","reason":"STATUS","loco":"9950012","uptime_ms":350170,"nav":"NORMAL","moving":1,"pwm":60,"est_mm_s":121,"dir":"CCW","session_dir":"CCW","mdir":"FWD","rear":160,"front":155,"env":1535,"lc_mm":160,"last_confirmed_landmark":"","age_ms":817,"since":0,"dead_reckoned_mm":160,"candidate_mm":-1,"viable":[],"lostm":0,"lost_ms":0,"agree":52,"disagree":0,"losts":0,"auto":1}
2026-08-26T11:05:18.978	ngr/loco/9950012/alert	{"level":"CLEAR","reason":"STATUS","loco":"9950012","uptime_ms":351170,"nav":"NORMAL","moving":1,"pwm":60,"est_mm_s":121,"dir":"CCW","session_dir":"CCW","mdir":"FWD","rear":160,"front":155,"env":1535,"lc_mm":160,"last_confirmed_landmark":"","age_ms":1817,"since":0,"dead_reckoned_mm":160,"candidate_mm":-1,"viable":[],"lostm":0,"lost_ms":0,"agree":52,"disagree":0,"losts":0,"auto":1}
2026-08-26T11:05:19.976	ngr/loco/9950012/alert	{"level":"CLEAR","reason":"STATUS","loco":"9950012","uptime_ms":352170,"nav":"NORMAL","moving":1,"pwm":60,"est_mm_s":144,"dir":"CCW","session_dir":"CCW","mdir":"FWD","rear":159,"front":154,"env":1535,"lc_mm":159,"last_confirmed_landmark":"","age_ms":744,"since":0,"dead_reckoned_mm":159,"candidate_mm":-1,"viable":[],"lostm":0,"lost_ms":0,"agree":53,"disagree":0,"losts":0,"auto":1}
2026-08-26T11:05:20.977	ngr/loco/9950012/alert	{"level":"CLEAR","reason":"STATUS","loco":"9950012","uptime_ms":353170,"nav":"NORMAL","moving":1,"pwm":60,"est_mm_s":144,"dir":"CCW","session_dir":"CCW","mdir":"FWD","rear":159,"front":154,"env":1535,"lc_mm":159,"last_confirmed_landmark":"","age_ms":1744,"since":0,"dead_reckoned_mm":159,"candidate_mm":-1,"viable":[],"lostm":0,"lost_ms":0,"agree":53,"disagree":0,"losts":0,"auto":1}
2026-08-26T11:05:21.972	ngr/loco/9950012/alert	{"level":"CLEAR","reason":"STATUS","loco":"9950012","uptime_ms":354170,"nav":"NORMAL","moving":1,"pwm":60,"est_mm_s":143,"dir":"CCW","session_dir":"CCW","mdir":"FWD","rear":158,"front":153,"env":1515,"lc_mm":158,"last_confirmed_landmark":"","age_ms":521,"since":0,"dead_reckoned_mm":158,"candidate_mm":-1,"viable":[],"lostm":0,"lost_ms":0,"agree":54,"disagree":0,"losts":0,"auto":1}
2026-08-26T11:05:22.996	ngr/loco/9950012/alert	{"level":"CLEAR","reason":"STATUS","loco":"9950012","uptime_ms":355170,"nav":"NORMAL","moving":1,"pwm":60,"est_mm_s":143,"dir":"CCW","session_dir":"CCW","mdir":"FWD","rear":158,"front":153,"env":1515,"lc_mm":158,"last_confirmed_landmark":"","age_ms":1521,"since":0,"dead_reckoned_mm":158,"candidate_mm":-1,"viable":[],"lostm":0,"lost_ms":0,"agree":54,"disagree":0,"losts":0,"auto":1}
2026-08-26T11:05:23.976	ngr/loco/9950012/alert	{"level":"CLEAR","reason":"STATUS","loco":"9950012","uptime_ms":356170,"nav":"NORMAL","moving":1,"pwm":59,"est_mm_s":157,"dir":"CCW","session_dir":"CCW","mdir":"FWD","rear":157,"front":152,"env":1530,"lc_mm":157,"last_confirmed_landmark":"Bamboo","age_ms":681,"since":0,"dead_reckoned_mm":157,"candidate_mm":-1,"viable":[],"lostm":0,"lost_ms":0,"agree":55,"disagree":0,"losts":0,"auto":1}
2026-08-26T11:05:24.974	ngr/loco/9950012/alert	{"level":"CLEAR","reason":"STATUS","loco":"9950012","uptime_ms":357170,"nav":"NORMAL","moving":1,"pwm":54,"est_mm_s":157,"dir":"CCW","session_dir":"CCW","mdir":"FWD","rear":157,"front":152,"env":1530,"lc_mm":157,"last_confirmed_landmark":"Bamboo","age_ms":1681,"since":0,"dead_reckoned_mm":157,"candidate_mm":-1,"viable":[],"lostm":0,"lost_ms":0,"agree":55,"disagree":0,"losts":0,"auto":1}
2026-08-26T11:05:25.975	ngr/loco/9950012/alert	{"level":"CLEAR","reason":"STATUS","loco":"9950012","uptime_ms":358170,"nav":"NORMAL","moving":1,"pwm":49,"est_mm_s":157,"dir":"CCW","session_dir":"CCW","mdir":"FWD","rear":157,"front":152,"env":1530,"lc_mm":157,"last_confirmed_landmark":"Bamboo","age_ms":2681,"since":0,"dead_reckoned_mm":157,"candidate_mm":-1,"viable":[],"lostm":0,"lost_ms":0,"agree":55,"disagree":0,"losts":0,"auto":1}
2026-08-26T11:05:26.980	ngr/loco/9950012/alert	{"level":"CLEAR","reason":"STATUS","loco":"9950012","uptime_ms":359170,"nav":"NORMAL","moving":1,"pwm":44,"est_mm_s":128,"dir":"CCW","session_dir":"CCW","mdir":"FWD","rear":156,"front":151,"env":1510,"lc_mm":156,"last_confirmed_landmark":"","age_ms":1195,"since":0,"dead_reckoned_mm":156,"candidate_mm":-1,"viable":[],"lostm":0,"lost_ms":0,"agree":56,"disagree":0,"losts":0,"auto":1}
2026-08-26T11:05:27.974	ngr/loco/9950012/alert	{"level":"CLEAR","reason":"STATUS","loco":"9950012","uptime_ms":360170,"nav":"NORMAL","moving":1,"pwm":39,"est_mm_s":128,"dir":"CCW","session_dir":"CCW","mdir":"FWD","rear":156,"front":151,"env":1510,"lc_mm":156,"last_confirmed_landmark":"","age_ms":2195,"since":0,"dead_reckoned_mm":156,"candidate_mm":-1,"viable":[],"lostm":0,"lost_ms":0,"agree":56,"disagree":0,"losts":0,"auto":1}
2026-08-26T11:05:28.979	ngr/loco/9950012/alert	{"level":"CLEAR","reason":"STATUS","loco":"9950012","uptime_ms":361170,"nav":"NORMAL","moving":1,"pwm":34,"est_mm_s":128,"dir":"CCW","session_dir":"CCW","mdir":"FWD","rear":156,"front":151,"env":1510,"lc_mm":156,"last_confirmed_landmark":"","age_ms":3195,"since":0,"dead_reckoned_mm":156,"candidate_mm":-1,"viable":[],"lostm":0,"lost_ms":0,"agree":56,"disagree":0,"losts":0,"auto":1}
2026-08-26T11:05:29.978	ngr/loco/9950012/alert	{"level":"CLEAR","reason":"STATUS","loco":"9950012","uptime_ms":362170,"nav":"NORMAL","moving":1,"pwm":29,"est_mm_s":128,"dir":"CCW","session_dir":"CCW","mdir":"FWD","rear":156,"front":151,"env":1510,"lc_mm":156,"last_confirmed_landmark":"","age_ms":4195,"since":0,"dead_reckoned_mm":156,"candidate_mm":-1,"viable":[],"lostm":0,"lost_ms":0,"agree":56,"disagree":0,"losts":0,"auto":1}
2026-08-26T11:05:30.976	ngr/loco/9950012/alert	{"level":"CLEAR","reason":"STATUS","loco":"9950012","uptime_ms":363170,"nav":"NORMAL","moving":1,"pwm":24,"est_mm_s":77,"dir":"CCW","session_dir":"CCW","mdir":"FWD","rear":155,"front":150,"env":1505,"lc_mm":155,"last_confirmed_landmark":"","age_ms":1234,"since":0,"dead_reckoned_mm":155,"candidate_mm":-1,"viable":[],"lostm":0,"lost_ms":0,"agree":57,"disagree":0,"losts":0,"auto":1}
2026-08-26T11:05:31.974	ngr/loco/9950012/alert	{"level":"CLEAR","reason":"STATUS","loco":"9950012","uptime_ms":364170,"nav":"NORMAL","moving":1,"pwm":19,"est_mm_s":77,"dir":"CCW","session_dir":"CCW","mdir":"FWD","rear":155,"front":150,"env":1505,"lc_mm":155,"last_confirmed_landmark":"","age_ms":2234,"since":0,"dead_reckoned_mm":155,"candidate_mm":-1,"viable":[],"lostm":0,"lost_ms":0,"agree":57,"disagree":0,"losts":0,"auto":1}
2026-08-26T11:05:32.972	ngr/loco/9950012/alert	{"level":"CLEAR","reason":"STATUS","loco":"9950012","uptime_ms":365170,"nav":"NORMAL","moving":1,"pwm":14,"est_mm_s":77,"dir":"CCW","session_dir":"CCW","mdir":"FWD","rear":155,"front":150,"env":1505,"lc_mm":155,"last_confirmed_landmark":"","age_ms":3234,"since":0,"dead_reckoned_mm":155,"candidate_mm":-1,"viable":[],"lostm":0,"lost_ms":0,"agree":57,"disagree":0,"losts":0,"auto":1}
2026-08-26T11:05:33.976	ngr/loco/9950012/alert	{"level":"CLEAR","reason":"STATUS","loco":"9950012","uptime_ms":366170,"nav":"NORMAL","moving":1,"pwm":9,"est_mm_s":77,"dir":"CCW","session_dir":"CCW","mdir":"FWD","rear":155,"front":150,"env":1505,"lc_mm":155,"last_confirmed_landmark":"","age_ms":4234,"since":0,"dead_reckoned_mm":155,"candidate_mm":-1,"viable":[],"lostm":0,"lost_ms":0,"agree":57,"disagree":0,"losts":0,"auto":1}
2026-08-26T11:05:34.975	ngr/loco/9950012/alert	{"level":"CLEAR","reason":"STATUS","loco":"9950012","uptime_ms":367170,"nav":"NORMAL","moving":1,"pwm":4,"est_mm_s":77,"dir":"CCW","session_dir":"CCW","mdir":"FWD","rear":155,"front":150,"env":1505,"lc_mm":155,"last_confirmed_landmark":"","age_ms":5234,"since":0,"dead_reckoned_mm":155,"candidate_mm":-1,"viable":[],"lostm":0,"lost_ms":0,"agree":57,"disagree":0,"losts":0,"auto":1}
2026-08-26T11:05:35.977	ngr/loco/9950012/alert	{"level":"CLEAR","reason":"STATUS","loco":"9950012","uptime_ms":368170,"nav":"NORMAL","moving":0,"pwm":0,"est_mm_s":77,"dir":"CCW","session_dir":"CCW","mdir":"FWD","rear":155,"front":150,"env":1505,"lc_mm":155,"last_confirmed_landmark":"","age_ms":6234,"since":0,"dead_reckoned_mm":155,"candidate_mm":-1,"viable":[],"lostm":0,"lost_ms":0,"agree":57,"disagree":0,"losts":0,"auto":1}
2026-08-26T11:05:36.974	ngr/loco/9950012/alert	{"level":"CLEAR","reason":"STATUS","loco":"9950012","uptime_ms":369170,"nav":"NORMAL","moving":0,"pwm":0,"est_mm_s":77,"dir":"CCW","session_dir":"CCW","mdir":"FWD","rear":155,"front":150,"env":1505,"lc_mm":155,"last_confirmed_landmark":"","age_ms":7234,"since":0,"dead_reckoned_mm":155,"candidate_mm":-1,"viable":[],"lostm":0,"lost_ms":0,"agree":57,"disagree":0,"losts":0,"auto":1}
2026-08-26T11:05:37.974	ngr/loco/9950012/alert	{"level":"CLEAR","reason":"STATUS","loco":"9950012","uptime_ms":370170,"nav":"NORMAL","moving":0,"pwm":0,"est_mm_s":77,"dir":"CCW","session_dir":"CCW","mdir":"FWD","rear":155,"front":150,"env":1505,"lc_mm":155,"last_confirmed_landmark":"","age_ms":8234,"since":0,"dead_reckoned_mm":155,"candidate_mm":-1,"viable":[],"lostm":0,"lost_ms":0,"agree":57,"disagree":0,"losts":0,"auto":1}
2026-08-26T11:05:38.975	ngr/loco/9950012/alert	{"level":"CLEAR","reason":"STATUS","loco":"9950012","uptime_ms":371170,"nav":"NORMAL","moving":0,"pwm":0,"est_mm_s":77,"dir":"CCW","session_dir":"CCW","mdir":"FWD","rear":155,"front":150,"env":1505,"lc_mm":155,"last_confirmed_landmark":"","age_ms":9234,"since":0,"dead_reckoned_mm":155,"candidate_mm":-1,"viable":[],"lostm":0,"lost_ms":0,"agree":57,"disagree":0,"losts":0,"auto":1}
2026-08-26T11:05:39.974	ngr/loco/9950012/alert	{"level":"CLEAR","reason":"STATUS","loco":"9950012","uptime_ms":372170,"nav":"NORMAL","moving":0,"pwm":0,"est_mm_s":77,"dir":"CCW","session_dir":"CCW","mdir":"FWD","rear":155,"front":150,"env":1505,"lc_mm":155,"last_confirmed_landmark":"","age_ms":10234,"since":0,"dead_reckoned_mm":155,"candidate_mm":-1,"viable":[],"lostm":0,"lost_ms":0,"agree":57,"disagree":0,"losts":0,"auto":1}
2026-08-26T11:05:40.977	ngr/loco/9950012/alert	{"level":"CLEAR","reason":"STATUS","loco":"9950012","uptime_ms":373170,"nav":"NORMAL","moving":0,"pwm":0,"est_mm_s":77,"dir":"CCW","session_dir":"CCW","mdir":"FWD","rear":155,"front":150,"env":1505,"lc_mm":155,"last_confirmed_landmark":"","age_ms":11234,"since":0,"dead_reckoned_mm":155,"candidate_mm":-1,"viable":[],"lostm":0,"lost_ms":0,"agree":57,"disagree":0,"losts":0,"auto":1}
2026-08-26T11:05:41.974	ngr/loco/9950012/alert	{"level":"CLEAR","reason":"STATUS","loco":"9950012","uptime_ms":374170,"nav":"NORMAL","moving":0,"pwm":0,"est_mm_s":77,"dir":"CCW","session_dir":"CCW","mdir":"FWD","rear":155,"front":150,"env":1505,"lc_mm":155,"last_confirmed_landmark":"","age_ms":12234,"since":0,"dead_reckoned_mm":155,"candidate_mm":-1,"viable":[],"lostm":0,"lost_ms":0,"agree":57,"disagree":0,"losts":0,"auto":1}
2026-08-26T11:05:42.983	ngr/loco/9950012/alert	{"level":"CLEAR","reason":"STATUS","loco":"9950012","uptime_ms":375170,"nav":"NORMAL","moving":0,"pwm":0,"est_mm_s":77,"dir":"CCW","session_dir":"CCW","mdir":"FWD","rear":155,"front":150,"env":1505,"lc_mm":155,"last_confirmed_landmark":"","age_ms":13234,"since":0,"dead_reckoned_mm":155,"candidate_mm":-1,"viable":[],"lostm":0,"lost_ms":0,"agree":57,"disagree":0,"losts":0,"auto":1}
2026-08-26T11:05:43.975	ngr/loco/9950012/alert	{"level":"CLEAR","reason":"STATUS","loco":"9950012","uptime_ms":376170,"nav":"NORMAL","moving":0,"pwm":0,"est_mm_s":77,"dir":"CCW","session_dir":"CCW","mdir":"FWD","rear":155,"front":150,"env":1505,"lc_mm":155,"last_confirmed_landmark":"","age_ms":14234,"since":0,"dead_reckoned_mm":155,"candidate_mm":-1,"viable":[],"lostm":0,"lost_ms":0,"agree":57,"disagree":0,"losts":0,"auto":1}
2026-08-26T11:05:44.980	ngr/loco/9950012/alert	{"level":"CLEAR","reason":"STATUS","loco":"9950012","uptime_ms":377170,"nav":"NORMAL","moving":0,"pwm":0,"est_mm_s":77,"dir":"CCW","session_dir":"CCW","mdir":"FWD","rear":155,"front":150,"env":1505,"lc_mm":155,"last_confirmed_landmark":"","age_ms":15234,"since":0,"dead_reckoned_mm":155,"candidate_mm":-1,"viable":[],"lostm":0,"lost_ms":0,"agree":57,"disagree":0,"losts":0,"auto":1}
2026-08-26T11:05:45.975	ngr/loco/9950012/alert	{"level":"CLEAR","reason":"STATUS","loco":"9950012","uptime_ms":378170,"nav":"NORMAL","moving":0,"pwm":0,"est_mm_s":77,"dir":"CCW","session_dir":"CCW","mdir":"FWD","rear":155,"front":150,"env":1505,"lc_mm":155,"last_confirmed_landmark":"","age_ms":16234,"since":0,"dead_reckoned_mm":155,"candidate_mm":-1,"viable":[],"lostm":0,"lost_ms":0,"agree":57,"disagree":0,"losts":0,"auto":1}
2026-08-26T11:05:46.976	ngr/loco/9950012/alert	{"level":"CLEAR","reason":"STATUS","loco":"9950012","uptime_ms":379170,"nav":"NORMAL","moving":0,"pwm":0,"est_mm_s":77,"dir":"CCW","session_dir":"CCW","mdir":"FWD","rear":155,"front":150,"env":1505,"lc_mm":155,"last_confirmed_landmark":"","age_ms":17234,"since":0,"dead_reckoned_mm":155,"candidate_mm":-1,"viable":[],"lostm":0,"lost_ms":0,"agree":57,"disagree":0,"losts":0,"auto":1}
2026-08-26T11:05:47.980	ngr/loco/9950012/alert	{"level":"CLEAR","reason":"STATUS","loco":"9950012","uptime_ms":380170,"nav":"NORMAL","moving":0,"pwm":0,"est_mm_s":77,"dir":"CCW","session_dir":"CCW","mdir":"FWD","rear":155,"front":150,"env":1505,"lc_mm":155,"last_confirmed_landmark":"","age_ms":18234,"since":0,"dead_reckoned_mm":155,"candidate_mm":-1,"viable":[],"lostm":0,"lost_ms":0,"agree":57,"disagree":0,"losts":0,"auto":1}
2026-08-26T11:05:48.979	ngr/loco/9950012/alert	{"level":"CLEAR","reason":"STATUS","loco":"9950012","uptime_ms":381170,"nav":"NORMAL","moving":0,"pwm":0,"est_mm_s":77,"dir":"CCW","session_dir":"CCW","mdir":"FWD","rear":155,"front":150,"env":1505,"lc_mm":155,"last_confirmed_landmark":"","age_ms":19234,"since":0,"dead_reckoned_mm":155,"candidate_mm":-1,"viable":[],"lostm":0,"lost_ms":0,"agree":57,"disagree":0,"losts":0,"auto":1}
2026-08-26T11:05:49.982	ngr/loco/9950012/alert	{"level":"CLEAR","reason":"STATUS","loco":"9950012","uptime_ms":382170,"nav":"NORMAL","moving":0,"pwm":0,"est_mm_s":77,"dir":"CCW","session_dir":"CCW","mdir":"FWD","rear":155,"front":150,"env":1505,"lc_mm":155,"last_confirmed_landmark":"","age_ms":20234,"since":0,"dead_reckoned_mm":155,"candidate_mm":-1,"viable":[],"lostm":0,"lost_ms":0,"agree":57,"disagree":0,"losts":0,"auto":1}
2026-08-26T11:05:50.982	ngr/loco/9950012/alert	{"level":"CLEAR","reason":"STATUS","loco":"9950012","uptime_ms":383170,"nav":"NORMAL","moving":1,"pwm":3,"est_mm_s":77,"dir":"CCW","session_dir":"CCW","mdir":"FWD","rear":155,"front":150,"env":1505,"lc_mm":155,"last_confirmed_landmark":"","age_ms":21234,"since":0,"dead_reckoned_mm":155,"candidate_mm":-1,"viable":[],"lostm":0,"lost_ms":0,"agree":57,"disagree":0,"losts":0,"auto":1}
2026-08-26T11:05:51.975	ngr/loco/9950012/alert	{"level":"CLEAR","reason":"STATUS","loco":"9950012","uptime_ms":384170,"nav":"NORMAL","moving":1,"pwm":10,"est_mm_s":77,"dir":"CCW","session_dir":"CCW","mdir":"FWD","rear":155,"front":150,"env":1505,"lc_mm":155,"last_confirmed_landmark":"","age_ms":22234,"since":0,"dead_reckoned_mm":155,"candidate_mm":-1,"viable":[],"lostm":0,"lost_ms":0,"agree":57,"disagree":0,"losts":0,"auto":1}
2026-08-26T11:05:52.977	ngr/loco/9950012/alert	{"level":"CLEAR","reason":"STATUS","loco":"9950012","uptime_ms":385170,"nav":"NORMAL","moving":1,"pwm":16,"est_mm_s":77,"dir":"CCW","session_dir":"CCW","mdir":"FWD","rear":155,"front":150,"env":1505,"lc_mm":155,"last_confirmed_landmark":"","age_ms":23234,"since":0,"dead_reckoned_mm":155,"candidate_mm":-1,"viable":[],"lostm":0,"lost_ms":0,"agree":57,"disagree":0,"losts":0,"auto":1}
2026-08-26T11:05:53.979	ngr/loco/9950012/alert	{"level":"CLEAR","reason":"STATUS","loco":"9950012","uptime_ms":386170,"nav":"NORMAL","moving":1,"pwm":23,"est_mm_s":77,"dir":"CCW","session_dir":"CCW","mdir":"FWD","rear":155,"front":150,"env":1505,"lc_mm":155,"last_confirmed_landmark":"","age_ms":24234,"since":0,"dead_reckoned_mm":155,"candidate_mm":-1,"viable":[],"lostm":0,"lost_ms":0,"agree":57,"disagree":0,"losts":0,"auto":1}
2026-08-26T11:05:54.979	ngr/loco/9950012/alert	{"level":"CLEAR","reason":"STATUS","loco":"9950012","uptime_ms":387170,"nav":"NORMAL","moving":1,"pwm":30,"est_mm_s":77,"dir":"CCW","session_dir":"CCW","mdir":"FWD","rear":155,"front":150,"env":1505,"lc_mm":155,"last_confirmed_landmark":"","age_ms":25234,"since":0,"dead_reckoned_mm":155,"candidate_mm":-1,"viable":[],"lostm":0,"lost_ms":0,"agree":57,"disagree":0,"losts":0,"auto":1}
2026-08-26T11:05:55.979	ngr/loco/9950012/alert	{"level":"CLEAR","reason":"STATUS","loco":"9950012","uptime_ms":388170,"nav":"NORMAL","moving":1,"pwm":36,"est_mm_s":77,"dir":"CCW","session_dir":"CCW","mdir":"FWD","rear":155,"front":150,"env":1505,"lc_mm":155,"last_confirmed_landmark":"","age_ms":26234,"since":0,"dead_reckoned_mm":155,"candidate_mm":-1,"viable":[],"lostm":0,"lost_ms":0,"agree":57,"disagree":0,"losts":0,"auto":1}
2026-08-26T11:05:56.977	ngr/loco/9950012/alert	{"level":"CLEAR","reason":"STATUS","loco":"9950012","uptime_ms":389170,"nav":"NORMAL","moving":1,"pwm":43,"est_mm_s":77,"dir":"CCW","session_dir":"CCW","mdir":"FWD","rear":155,"front":150,"env":1505,"lc_mm":155,"last_confirmed_landmark":"","age_ms":27234,"since":0,"dead_reckoned_mm":155,"candidate_mm":-1,"viable":[],"lostm":0,"lost_ms":0,"agree":57,"disagree":0,"losts":0,"auto":1}
2026-08-26T11:05:57.982	ngr/loco/9950012/alert	{"level":"CLEAR","reason":"STATUS","loco":"9950012","uptime_ms":390170,"nav":"NORMAL","moving":1,"pwm":49,"est_mm_s":10,"dir":"CCW","session_dir":"CCW","mdir":"FWD","rear":154,"front":149,"env":1505,"lc_mm":154,"last_confirmed_landmark":"","age_ms":903,"since":0,"dead_reckoned_mm":154,"candidate_mm":-1,"viable":[],"lostm":0,"lost_ms":0,"agree":58,"disagree":0,"losts":0,"auto":1}
2026-08-26T11:05:58.976	ngr/loco/9950012/alert	{"level":"CLEAR","reason":"STATUS","loco":"9950012","uptime_ms":391170,"nav":"NORMAL","moving":1,"pwm":56,"est_mm_s":10,"dir":"CCW","session_dir":"CCW","mdir":"FWD","rear":154,"front":149,"env":1505,"lc_mm":154,"last_confirmed_landmark":"","age_ms":1903,"since":0,"dead_reckoned_mm":154,"candidate_mm":-1,"viable":[],"lostm":0,"lost_ms":0,"agree":58,"disagree":0,"losts":0,"auto":1}
2026-08-26T11:05:59.988	ngr/loco/9950012/alert	{"level":"CLEAR","reason":"STATUS","loco":"9950012","uptime_ms":392170,"nav":"NORMAL","moving":1,"pwm":63,"est_mm_s":125,"dir":"CCW","session_dir":"CCW","mdir":"FWD","rear":153,"front":148,"env":1500,"lc_mm":153,"last_confirmed_landmark":"","age_ms":517,"since":0,"dead_reckoned_mm":153,"candidate_mm":-1,"viable":[],"lostm":0,"lost_ms":0,"agree":59,"disagree":0,"losts":0,"auto":1}
2026-08-26T11:06:00.979	ngr/loco/9950012/alert	{"level":"CLEAR","reason":"STATUS","loco":"9950012","uptime_ms":393170,"nav":"NORMAL","moving":1,"pwm":69,"est_mm_s":125,"dir":"CCW","session_dir":"CCW","mdir":"FWD","rear":153,"front":148,"env":1500,"lc_mm":153,"last_confirmed_landmark":"","age_ms":1517,"since":0,"dead_reckoned_mm":153,"candidate_mm":-1,"viable":[],"lostm":0,"lost_ms":0,"agree":59,"disagree":0,"losts":0,"auto":1}
2026-08-26T11:06:01.974	ngr/loco/9950012/alert	{"level":"CLEAR","reason":"STATUS","loco":"9950012","uptime_ms":394170,"nav":"NORMAL","moving":1,"pwm":76,"est_mm_s":185,"dir":"CCW","session_dir":"CCW","mdir":"FWD","rear":152,"front":147,"env":1495,"lc_mm":152,"last_confirmed_landmark":"","age_ms":874,"since":0,"dead_reckoned_mm":152,"candidate_mm":-1,"viable":[],"lostm":0,"lost_ms":0,"agree":60,"disagree":0,"losts":0,"auto":1}
2026-08-26T11:06:02.980	ngr/loco/9950012/alert	{"level":"CLEAR","reason":"STATUS","loco":"9950012","uptime_ms":395170,"nav":"NORMAL","moving":1,"pwm":83,"est_mm_s":180,"dir":"CCW","session_dir":"CCW","mdir":"FWD","rear":151,"front":146,"env":1500,"lc_mm":151,"last_confirmed_landmark":"","age_ms":215,"since":0,"dead_reckoned_mm":151,"candidate_mm":-1,"viable":[],"lostm":0,"lost_ms":0,"agree":61,"disagree":0,"losts":0,"auto":1}
2026-08-26T11:06:03.974	ngr/loco/9950012/alert	{"level":"CLEAR","reason":"STATUS","loco":"9950012","uptime_ms":396170,"nav":"NORMAL","moving":1,"pwm":89,"est_mm_s":180,"dir":"CCW","session_dir":"CCW","mdir":"FWD","rear":151,"front":146,"env":1500,"lc_mm":151,"last_confirmed_landmark":"","age_ms":1215,"since":0,"dead_reckoned_mm":151,"candidate_mm":-1,"viable":[],"lostm":0,"lost_ms":0,"agree":61,"disagree":0,"losts":0,"auto":1}
2026-08-26T11:06:04.984	ngr/loco/9950012/alert	{"level":"CLEAR","reason":"STATUS","loco":"9950012","uptime_ms":397170,"nav":"NORMAL","moving":1,"pwm":90,"est_mm_s":219,"dir":"CCW","session_dir":"CCW","mdir":"FWD","rear":150,"front":145,"env":1500,"lc_mm":150,"last_confirmed_landmark":"","age_ms":846,"since":0,"dead_reckoned_mm":150,"candidate_mm":-1,"viable":[],"lostm":0,"lost_ms":0,"agree":62,"disagree":0,"losts":0,"auto":1}
2026-08-26T11:06:05.977	ngr/loco/9950012/alert	{"level":"CLEAR","reason":"STATUS","loco":"9950012","uptime_ms":398170,"nav":"NORMAL","moving":1,"pwm":90,"est_mm_s":236,"dir":"CCW","session_dir":"CCW","mdir":"FWD","rear":149,"front":144,"env":1505,"lc_mm":149,"last_confirmed_landmark":"","age_ms":575,"since":0,"dead_reckoned_mm":149,"candidate_mm":-1,"viable":[],"lostm":0,"lost_ms":0,"agree":63,"disagree":0,"losts":0,"auto":1}
2026-08-26T11:06:06.981	ngr/loco/9950012/alert	{"level":"CLEAR","reason":"STATUS","loco":"9950012","uptime_ms":399170,"nav":"NORMAL","moving":1,"pwm":90,"est_mm_s":245,"dir":"CCW","session_dir":"CCW","mdir":"FWD","rear":148,"front":143,"env":1510,"lc_mm":148,"last_confirmed_landmark":"","age_ms":374,"since":0,"dead_reckoned_mm":148,"candidate_mm":-1,"viable":[],"lostm":0,"lost_ms":0,"agree":64,"disagree":0,"losts":0,"auto":1}
2026-08-26T11:06:07.992	ngr/loco/9950012/alert	{"level":"CLEAR","reason":"STATUS","loco":"9950012","uptime_ms":400174,"nav":"NORMAL","moving":1,"pwm":90,"est_mm_s":249,"dir":"CCW","session_dir":"CCW","mdir":"FWD","rear":147,"front":142,"env":1510,"lc_mm":147,"last_confirmed_landmark":"","age_ms":177,"since":0,"dead_reckoned_mm":147,"candidate_mm":-1,"viable":[],"lostm":0,"lost_ms":0,"agree":65,"disagree":0,"losts":0,"auto":1}
2026-08-26T11:06:08.979	ngr/loco/9950012/alert	{"level":"CLEAR","reason":"STATUS","loco":"9950012","uptime_ms":401174,"nav":"NORMAL","moving":1,"pwm":90,"est_mm_s":249,"dir":"CCW","session_dir":"CCW","mdir":"FWD","rear":147,"front":142,"env":1510,"lc_mm":147,"last_confirmed_landmark":"","age_ms":1177,"since":0,"dead_reckoned_mm":147,"candidate_mm":-1,"viable":[],"lostm":0,"lost_ms":0,"agree":65,"disagree":0,"losts":0,"auto":1}
2026-08-26T11:06:09.979	ngr/loco/9950012/alert	{"level":"CLEAR","reason":"STATUS","loco":"9950012","uptime_ms":402174,"nav":"NORMAL","moving":1,"pwm":90,"est_mm_s":258,"dir":"CCW","session_dir":"CCW","mdir":"FWD","rear":146,"front":141,"env":1505,"lc_mm":146,"last_confirmed_landmark":"","age_ms":995,"since":0,"dead_reckoned_mm":146,"candidate_mm":-1,"viable":[],"lostm":0,"lost_ms":0,"agree":66,"disagree":0,"losts":0,"auto":1}
2026-08-26T11:06:10.991	ngr/loco/9950012/alert	{"level":"CLEAR","reason":"STATUS","loco":"9950012","uptime_ms":403174,"nav":"NORMAL","moving":1,"pwm":90,"est_mm_s":253,"dir":"CCW","session_dir":"CCW","mdir":"FWD","rear":145,"front":140,"env":1505,"lc_mm":145,"last_confirmed_landmark":"","age_ms":812,"since":0,"dead_reckoned_mm":145,"candidate_mm":-1,"viable":[],"lostm":0,"lost_ms":0,"agree":67,"disagree":0,"losts":0,"auto":1}
2026-08-26T11:06:11.979	ngr/loco/9950012/alert	{"level":"CLEAR","reason":"STATUS","loco":"9950012","uptime_ms":404174,"nav":"NORMAL","moving":1,"pwm":90,"est_mm_s":232,"dir":"CCW","session_dir":"CCW","mdir":"FWD","rear":144,"front":139,"env":1500,"lc_mm":144,"last_confirmed_landmark":"","age_ms":498,"since":0,"dead_reckoned_mm":144,"candidate_mm":-1,"viable":[],"lostm":0,"lost_ms":0,"agree":68,"disagree":0,"losts":0,"auto":1}
2026-08-26T11:06:12.985	ngr/loco/9950012/alert	{"level":"CLEAR","reason":"STATUS","loco":"9950012","uptime_ms":405174,"nav":"NORMAL","moving":1,"pwm":90,"est_mm_s":254,"dir":"CCW","session_dir":"CCW","mdir":"FWD","rear":143,"front":138,"env":1500,"lc_mm":143,"last_confirmed_landmark":"","age_ms":317,"since":0,"dead_reckoned_mm":143,"candidate_mm":-1,"viable":[],"lostm":0,"lost_ms":0,"agree":69,"disagree":0,"losts":0,"auto":1}
2026-08-26T11:06:13.985	ngr/loco/9950012/alert	{"level":"CLEAR","reason":"STATUS","loco":"9950012","uptime_ms":406174,"nav":"NORMAL","moving":1,"pwm":90,"est_mm_s":254,"dir":"CCW","session_dir":"CCW","mdir":"FWD","rear":143,"front":138,"env":1500,"lc_mm":143,"last_confirmed_landmark":"","age_ms":1317,"since":0,"dead_reckoned_mm":143,"candidate_mm":-1,"viable":[],"lostm":0,"lost_ms":0,"agree":69,"disagree":0,"losts":0,"auto":1}
2026-08-26T11:06:14.980	ngr/loco/9950012/alert	{"level":"CLEAR","reason":"STATUS","loco":"9950012","uptime_ms":407174,"nav":"NORMAL","moving":1,"pwm":90,"est_mm_s":251,"dir":"CCW","session_dir":"CCW","mdir":"FWD","rear":142,"front":137,"env":1500,"lc_mm":142,"last_confirmed_landmark":"","age_ms":1123,"since":0,"dead_reckoned_mm":142,"candidate_mm":-1,"viable":[],"lostm":0,"lost_ms":0,"agree":70,"disagree":0,"losts":0,"auto":1}
2026-08-26T11:06:15.981	ngr/loco/9950012/alert	{"level":"CLEAR","reason":"STATUS","loco":"9950012","uptime_ms":408174,"nav":"NORMAL","moving":1,"pwm":90,"est_mm_s":250,"dir":"CCW","session_dir":"CCW","mdir":"FWD","rear":141,"front":136,"env":1500,"lc_mm":141,"last_confirmed_landmark":"","age_ms":926,"since":0,"dead_reckoned_mm":141,"candidate_mm":-1,"viable":[],"lostm":0,"lost_ms":0,"agree":71,"disagree":0,"losts":0,"auto":1}
2026-08-26T11:06:16.979	ngr/loco/9950012/alert	{"level":"CLEAR","reason":"STATUS","loco":"9950012","uptime_ms":409174,"nav":"NORMAL","moving":1,"pwm":90,"est_mm_s":238,"dir":"CCW","session_dir":"CCW","mdir":"FWD","rear":140,"front":135,"env":1500,"lc_mm":140,"last_confirmed_landmark":"Eastpoint","age_ms":667,"since":0,"dead_reckoned_mm":140,"candidate_mm":-1,"viable":[],"lostm":0,"lost_ms":0,"agree":72,"disagree":0,"losts":0,"auto":1}
2026-08-26T11:06:17.985	ngr/loco/9950012/alert	{"level":"CLEAR","reason":"STATUS","loco":"9950012","uptime_ms":410174,"nav":"NORMAL","moving":1,"pwm":90,"est_mm_s":243,"dir":"CCW","session_dir":"CCW","mdir":"FWD","rear":139,"front":134,"env":1500,"lc_mm":139,"last_confirmed_landmark":"","age_ms":435,"since":0,"dead_reckoned_mm":139,"candidate_mm":-1,"viable":[],"lostm":0,"lost_ms":0,"agree":73,"disagree":0,"losts":0,"auto":1}
2026-08-26T11:06:18.996	ngr/loco/9950012/alert	{"level":"CLEAR","reason":"STATUS","loco":"9950012","uptime_ms":411183,"nav":"NORMAL","moving":1,"pwm":90,"est_mm_s":240,"dir":"CCW","session_dir":"CCW","mdir":"FWD","rear":138,"front":133,"env":1500,"lc_mm":138,"last_confirmed_landmark":"","age_ms":197,"since":0,"dead_reckoned_mm":138,"candidate_mm":-1,"viable":[],"lostm":0,"lost_ms":0,"agree":74,"disagree":0,"losts":0,"auto":1}
2026-08-26T11:06:19.990	ngr/loco/9950012/alert	{"level":"CLEAR","reason":"STATUS","loco":"9950012","uptime_ms":412183,"nav":"NORMAL","moving":1,"pwm":90,"est_mm_s":240,"dir":"CCW","session_dir":"CCW","mdir":"FWD","rear":138,"front":133,"env":1500,"lc_mm":138,"last_confirmed_landmark":"","age_ms":1197,"since":0,"dead_reckoned_mm":138,"candidate_mm":-1,"viable":[],"lostm":0,"lost_ms":0,"agree":74,"disagree":0,"losts":0,"auto":1}
2026-08-26T11:06:20.992	ngr/loco/9950012/alert	{"level":"CLEAR","reason":"STATUS","loco":"9950012","uptime_ms":413183,"nav":"NORMAL","moving":1,"pwm":90,"est_mm_s":231,"dir":"CCW","session_dir":"CCW","mdir":"FWD","rear":137,"front":132,"env":1500,"lc_mm":137,"last_confirmed_landmark":"","age_ms":902,"since":0,"dead_reckoned_mm":137,"candidate_mm":-1,"viable":[],"lostm":0,"lost_ms":0,"agree":75,"disagree":0,"losts":0,"auto":1}
2026-08-26T11:06:21.992	ngr/loco/9950012/alert	{"level":"CLEAR","reason":"STATUS","loco":"9950012","uptime_ms":414183,"nav":"NORMAL","moving":1,"pwm":90,"est_mm_s":229,"dir":"CCW","session_dir":"CCW","mdir":"FWD","rear":136,"front":131,"env":1500,"lc_mm":136,"last_confirmed_landmark":"","age_ms":594,"since":0,"dead_reckoned_mm":136,"candidate_mm":-1,"viable":[],"lostm":0,"lost_ms":0,"agree":76,"disagree":0,"losts":0,"auto":1}
2026-08-26T11:06:23.016	ngr/loco/9950012/alert	{"level":"CLEAR","reason":"STATUS","loco":"9950012","uptime_ms":415183,"nav":"NORMAL","moving":1,"pwm":90,"est_mm_s":234,"dir":"CCW","session_dir":"CCW","mdir":"FWD","rear":135,"front":130,"env":1500,"lc_mm":135,"last_confirmed_landmark":"","age_ms":315,"since":0,"dead_reckoned_mm":135,"candidate_mm":-1,"viable":[],"lostm":0,"lost_ms":0,"agree":77,"disagree":0,"losts":0,"auto":1}
2026-08-26T11:06:23.988	ngr/loco/9950012/alert	{"level":"CLEAR","reason":"STATUS","loco":"9950012","uptime_ms":416183,"nav":"NORMAL","moving":1,"pwm":90,"est_mm_s":234,"dir":"CCW","session_dir":"CCW","mdir":"FWD","rear":135,"front":130,"env":1500,"lc_mm":135,"last_confirmed_landmark":"","age_ms":1315,"since":0,"dead_reckoned_mm":135,"candidate_mm":-1,"viable":[],"lostm":0,"lost_ms":0,"agree":77,"disagree":0,"losts":0,"auto":1}
2026-08-26T11:06:24.987	ngr/loco/9950012/alert	{"level":"CLEAR","reason":"STATUS","loco":"9950012","uptime_ms":417183,"nav":"NORMAL","moving":1,"pwm":90,"est_mm_s":229,"dir":"CCW","session_dir":"CCW","mdir":"FWD","rear":134,"front":129,"env":1490,"lc_mm":134,"last_confirmed_landmark":"","age_ms":1010,"since":0,"dead_reckoned_mm":134,"candidate_mm":-1,"viable":[],"lostm":0,"lost_ms":0,"agree":78,"disagree":0,"losts":0,"auto":1}
2026-08-26T11:06:25.992	ngr/loco/9950012/alert	{"level":"CLEAR","reason":"STATUS","loco":"9950012","uptime_ms":418183,"nav":"NORMAL","moving":1,"pwm":90,"est_mm_s":239,"dir":"CCW","session_dir":"CCW","mdir":"FWD","rear":133,"front":128,"env":1490,"lc_mm":133,"last_confirmed_landmark":"","age_ms":757,"since":0,"dead_reckoned_mm":133,"candidate_mm":-1,"viable":[],"lostm":0,"lost_ms":0,"agree":79,"disagree":0,"losts":0,"auto":1}
2026-08-26T11:06:26.988	ngr/loco/9950012/alert	{"level":"CLEAR","reason":"STATUS","loco":"9950012","uptime_ms":419183,"nav":"NORMAL","moving":1,"pwm":90,"est_mm_s":237,"dir":"CCW","session_dir":"CCW","mdir":"FWD","rear":132,"front":127,"env":1490,"lc_mm":132,"last_confirmed_landmark":"","age_ms":496,"since":0,"dead_reckoned_mm":132,"candidate_mm":-1,"viable":[],"lostm":0,"lost_ms":0,"agree":80,"disagree":0,"losts":0,"auto":1}
2026-08-26T11:06:27.986	ngr/loco/9950012/alert	{"level":"CLEAR","reason":"STATUS","loco":"9950012","uptime_ms":420183,"nav":"NORMAL","moving":1,"pwm":90,"est_mm_s":243,"dir":"CCW","session_dir":"CCW","mdir":"FWD","rear":131,"front":126,"env":1470,"lc_mm":131,"last_confirmed_landmark":"","age_ms":265,"since":0,"dead_reckoned_mm":131,"candidate_mm":-1,"viable":[],"lostm":0,"lost_ms":0,"agree":81,"disagree":0,"losts":0,"auto":1}
2026-08-26T11:06:28.990	ngr/loco/9950012/alert	{"level":"CLEAR","reason":"STATUS","loco":"9950012","uptime_ms":421183,"nav":"NORMAL","moving":1,"pwm":90,"est_mm_s":243,"dir":"CCW","session_dir":"CCW","mdir":"FWD","rear":131,"front":126,"env":1470,"lc_mm":131,"last_confirmed_landmark":"","age_ms":1265,"since":0,"dead_reckoned_mm":131,"candidate_mm":-1,"viable":[],"lostm":0,"lost_ms":0,"agree":81,"disagree":0,"losts":0,"auto":1}
2026-08-26T11:06:29.992	ngr/loco/9950012/alert	{"level":"CLEAR","reason":"STATUS","loco":"9950012","uptime_ms":422183,"nav":"NORMAL","moving":1,"pwm":90,"est_mm_s":213,"dir":"CCW","session_dir":"CCW","mdir":"FWD","rear":130,"front":125,"env":1470,"lc_mm":130,"last_confirmed_landmark":"","age_ms":863,"since":0,"dead_reckoned_mm":130,"candidate_mm":-1,"viable":[],"lostm":0,"lost_ms":0,"agree":82,"disagree":0,"losts":0,"auto":1}
2026-08-26T11:06:30.991	ngr/loco/9950012/alert	{"level":"CLEAR","reason":"STATUS","loco":"9950012","uptime_ms":423183,"nav":"NORMAL","moving":1,"pwm":90,"est_mm_s":195,"dir":"CCW","session_dir":"CCW","mdir":"FWD","rear":129,"front":124,"env":1480,"lc_mm":129,"last_confirmed_landmark":"","age_ms":378,"since":0,"dead_reckoned_mm":129,"candidate_mm":-1,"viable":[],"lostm":0,"lost_ms":0,"agree":83,"disagree":0,"losts":0,"auto":1}
2026-08-26T11:06:31.991	ngr/loco/9950012/alert	{"level":"CLEAR","reason":"STATUS","loco":"9950012","uptime_ms":424183,"nav":"NORMAL","moving":1,"pwm":90,"est_mm_s":195,"dir":"CCW","session_dir":"CCW","mdir":"FWD","rear":129,"front":124,"env":1480,"lc_mm":129,"last_confirmed_landmark":"","age_ms":1378,"since":0,"dead_reckoned_mm":129,"candidate_mm":-1,"viable":[],"lostm":0,"lost_ms":0,"agree":83,"disagree":0,"losts":0,"auto":1}
2026-08-26T11:06:32.989	ngr/loco/9950012/alert	{"level":"CLEAR","reason":"STATUS","loco":"9950012","uptime_ms":425183,"nav":"NORMAL","moving":1,"pwm":90,"est_mm_s":216,"dir":"CCW","session_dir":"CCW","mdir":"FWD","rear":128,"front":123,"env":1480,"lc_mm":128,"last_confirmed_landmark":"","age_ms":995,"since":0,"dead_reckoned_mm":128,"candidate_mm":-1,"viable":[],"lostm":0,"lost_ms":0,"agree":84,"disagree":0,"losts":0,"auto":1}
2026-08-26T11:06:33.993	ngr/loco/9950012/alert	{"level":"CLEAR","reason":"STATUS","loco":"9950012","uptime_ms":426183,"nav":"NORMAL","moving":1,"pwm":90,"est_mm_s":225,"dir":"CCW","session_dir":"CCW","mdir":"FWD","rear":127,"front":122,"env":1480,"lc_mm":127,"last_confirmed_landmark":"","age_ms":667,"since":0,"dead_reckoned_mm":127,"candidate_mm":-1,"viable":[],"lostm":0,"lost_ms":0,"agree":85,"disagree":0,"losts":0,"auto":1}
2026-08-26T11:06:34.987	ngr/loco/9950012/alert	{"level":"CLEAR","reason":"STATUS","loco":"9950012","uptime_ms":427183,"nav":"NORMAL","moving":1,"pwm":90,"est_mm_s":252,"dir":"CCW","session_dir":"CCW","mdir":"FWD","rear":126,"front":121,"env":1500,"lc_mm":126,"last_confirmed_landmark":"","age_ms":556,"since":0,"dead_reckoned_mm":126,"candidate_mm":-1,"viable":[],"lostm":0,"lost_ms":0,"agree":86,"disagree":0,"losts":0,"auto":1}
2026-08-26T11:06:35.988	ngr/loco/9950012/alert	{"level":"CLEAR","reason":"STATUS","loco":"9950012","uptime_ms":428183,"nav":"NORMAL","moving":1,"pwm":90,"est_mm_s":265,"dir":"CCW","session_dir":"CCW","mdir":"FWD","rear":125,"front":120,"env":1500,"lc_mm":125,"last_confirmed_landmark":"","age_ms":428,"since":0,"dead_reckoned_mm":125,"candidate_mm":-1,"viable":[],"lostm":0,"lost_ms":0,"agree":87,"disagree":0,"losts":0,"auto":1}
2026-08-26T11:06:36.987	ngr/loco/9950012/alert	{"level":"CLEAR","reason":"STATUS","loco":"9950012","uptime_ms":429183,"nav":"NORMAL","moving":1,"pwm":90,"est_mm_s":266,"dir":"CCW","session_dir":"CCW","mdir":"FWD","rear":124,"front":119,"env":1500,"lc_mm":124,"last_confirmed_landmark":"","age_ms":301,"since":0,"dead_reckoned_mm":124,"candidate_mm":-1,"viable":[],"lostm":0,"lost_ms":0,"agree":88,"disagree":0,"losts":0,"auto":1}
2026-08-26T11:06:37.986	ngr/loco/9950012/alert	{"level":"CLEAR","reason":"STATUS","loco":"9950012","uptime_ms":430183,"nav":"NORMAL","moving":1,"pwm":90,"est_mm_s":275,"dir":"CCW","session_dir":"CCW","mdir":"FWD","rear":123,"front":118,"env":1500,"lc_mm":123,"last_confirmed_landmark":"","age_ms":214,"since":0,"dead_reckoned_mm":123,"candidate_mm":-1,"viable":[],"lostm":0,"lost_ms":0,"agree":89,"disagree":0,"losts":0,"auto":1}
2026-08-26T11:06:38.991	ngr/loco/9950012/alert	{"level":"CLEAR","reason":"STATUS","loco":"9950012","uptime_ms":431183,"nav":"NORMAL","moving":1,"pwm":90,"est_mm_s":275,"dir":"CCW","session_dir":"CCW","mdir":"FWD","rear":123,"front":118,"env":1500,"lc_mm":123,"last_confirmed_landmark":"","age_ms":1214,"since":0,"dead_reckoned_mm":123,"candidate_mm":-1,"viable":[],"lostm":0,"lost_ms":0,"agree":89,"disagree":0,"losts":0,"auto":1}
2026-08-26T11:06:39.986	ngr/loco/9950012/alert	{"level":"CLEAR","reason":"STATUS","loco":"9950012","uptime_ms":432183,"nav":"NORMAL","moving":1,"pwm":90,"est_mm_s":274,"dir":"CCW","session_dir":"CCW","mdir":"FWD","rear":122,"front":117,"env":1500,"lc_mm":122,"last_confirmed_landmark":"","age_ms":1120,"since":0,"dead_reckoned_mm":122,"candidate_mm":-1,"viable":[],"lostm":0,"lost_ms":0,"agree":90,"disagree":0,"losts":0,"auto":1}
2026-08-26T11:06:40.989	ngr/loco/9950012/alert	{"level":"CLEAR","reason":"STATUS","loco":"9950012","uptime_ms":433183,"nav":"NORMAL","moving":1,"pwm":90,"est_mm_s":274,"dir":"CCW","session_dir":"CCW","mdir":"FWD","rear":121,"front":116,"env":1500,"lc_mm":121,"last_confirmed_landmark":"","age_ms":1029,"since":0,"dead_reckoned_mm":121,"candidate_mm":-1,"viable":[],"lostm":0,"lost_ms":0,"agree":91,"disagree":0,"losts":0,"auto":1}
2026-08-26T11:06:41.987	ngr/loco/9950012/alert	{"level":"CLEAR","reason":"STATUS","loco":"9950012","uptime_ms":434183,"nav":"NORMAL","moving":1,"pwm":90,"est_mm_s":248,"dir":"CCW","session_dir":"CCW","mdir":"FWD","rear":120,"front":115,"env":1500,"lc_mm":120,"last_confirmed_landmark":"","age_ms":822,"since":0,"dead_reckoned_mm":120,"candidate_mm":-1,"viable":[],"lostm":0,"lost_ms":0,"agree":92,"disagree":0,"losts":0,"auto":1}
2026-08-26T11:06:42.989	ngr/loco/9950012/alert	{"level":"CLEAR","reason":"STATUS","loco":"9950012","uptime_ms":435183,"nav":"NORMAL","moving":1,"pwm":90,"est_mm_s":238,"dir":"CCW","session_dir":"CCW","mdir":"FWD","rear":119,"front":114,"env":1500,"lc_mm":119,"last_confirmed_landmark":"","age_ms":565,"since":0,"dead_reckoned_mm":119,"candidate_mm":-1,"viable":[],"lostm":0,"lost_ms":0,"agree":93,"disagree":0,"losts":0,"auto":1}
2026-08-26T11:06:43.992	ngr/loco/9950012/alert	{"level":"CLEAR","reason":"STATUS","loco":"9950012","uptime_ms":436183,"nav":"NORMAL","moving":1,"pwm":90,"est_mm_s":256,"dir":"CCW","session_dir":"CCW","mdir":"FWD","rear":118,"front":113,"env":1500,"lc_mm":118,"last_confirmed_landmark":"","age_ms":397,"since":0,"dead_reckoned_mm":118,"candidate_mm":-1,"viable":[],"lostm":0,"lost_ms":0,"agree":94,"disagree":0,"losts":0,"auto":1}
2026-08-26T11:06:44.987	ngr/loco/9950012/alert	{"level":"CLEAR","reason":"STATUS","loco":"9950012","uptime_ms":437183,"nav":"NORMAL","moving":1,"pwm":89,"est_mm_s":271,"dir":"CCW","session_dir":"CCW","mdir":"FWD","rear":117,"front":112,"env":1520,"lc_mm":117,"last_confirmed_landmark":"","age_ms":290,"since":0,"dead_reckoned_mm":117,"candidate_mm":-1,"viable":[],"lostm":0,"lost_ms":0,"agree":95,"disagree":0,"losts":0,"auto":1}
2026-08-26T11:06:45.989	ngr/loco/9950012/alert	{"level":"CLEAR","reason":"STATUS","loco":"9950012","uptime_ms":438183,"nav":"NORMAL","moving":1,"pwm":85,"est_mm_s":271,"dir":"CCW","session_dir":"CCW","mdir":"FWD","rear":117,"front":112,"env":1520,"lc_mm":117,"last_confirmed_landmark":"","age_ms":1290,"since":0,"dead_reckoned_mm":117,"candidate_mm":-1,"viable":[],"lostm":0,"lost_ms":0,"agree":95,"disagree":0,"losts":0,"auto":1}
2026-08-26T11:06:46.989	ngr/loco/9950012/alert	{"level":"CLEAR","reason":"STATUS","loco":"9950012","uptime_ms":439183,"nav":"NORMAL","moving":1,"pwm":80,"est_mm_s":256,"dir":"CCW","session_dir":"CCW","mdir":"FWD","rear":116,"front":111,"env":1540,"lc_mm":116,"last_confirmed_landmark":"","age_ms":1122,"since":0,"dead_reckoned_mm":116,"candidate_mm":-1,"viable":[],"lostm":0,"lost_ms":0,"agree":96,"disagree":0,"losts":0,"auto":1}
2026-08-26T11:06:47.990	ngr/loco/9950012/alert	{"level":"CLEAR","reason":"STATUS","loco":"9950012","uptime_ms":440183,"nav":"NORMAL","moving":1,"pwm":75,"est_mm_s":233,"dir":"CCW","session_dir":"CCW","mdir":"FWD","rear":115,"front":110,"env":1540,"lc_mm":115,"last_confirmed_landmark":"","age_ms":836,"since":0,"dead_reckoned_mm":115,"candidate_mm":-1,"viable":[],"lostm":0,"lost_ms":0,"agree":97,"disagree":0,"losts":0,"auto":1}
2026-08-26T11:06:48.990	ngr/loco/9950012/alert	{"level":"CLEAR","reason":"STATUS","loco":"9950012","uptime_ms":441183,"nav":"NORMAL","moving":1,"pwm":71,"est_mm_s":213,"dir":"CCW","session_dir":"CCW","mdir":"FWD","rear":114,"front":109,"env":1540,"lc_mm":114,"last_confirmed_landmark":"","age_ms":433,"since":0,"dead_reckoned_mm":114,"candidate_mm":-1,"viable":[],"lostm":0,"lost_ms":0,"agree":98,"disagree":0,"losts":0,"auto":1}
2026-08-26T11:06:49.987	ngr/loco/9950012/alert	{"level":"CLEAR","reason":"STATUS","loco":"9950012","uptime_ms":442183,"nav":"NORMAL","moving":1,"pwm":67,"est_mm_s":213,"dir":"CCW","session_dir":"CCW","mdir":"FWD","rear":114,"front":109,"env":1540,"lc_mm":114,"last_confirmed_landmark":"","age_ms":1433,"since":0,"dead_reckoned_mm":114,"candidate_mm":-1,"viable":[],"lostm":0,"lost_ms":0,"agree":98,"disagree":0,"losts":0,"auto":1}
2026-08-26T11:06:50.987	ngr/loco/9950012/alert	{"level":"CLEAR","reason":"STATUS","loco":"9950012","uptime_ms":443183,"nav":"NORMAL","moving":1,"pwm":63,"est_mm_s":184,"dir":"CCW","session_dir":"CCW","mdir":"FWD","rear":113,"front":108,"env":1545,"lc_mm":113,"last_confirmed_landmark":"","age_ms":808,"since":0,"dead_reckoned_mm":113,"candidate_mm":-1,"viable":[],"lostm":0,"lost_ms":0,"agree":99,"disagree":0,"losts":0,"auto":1}
2026-08-26T11:06:51.990	ngr/loco/9950012/alert	{"level":"CLEAR","reason":"STATUS","loco":"9950012","uptime_ms":444183,"nav":"NORMAL","moving":1,"pwm":61,"est_mm_s":184,"dir":"CCW","session_dir":"CCW","mdir":"FWD","rear":113,"front":108,"env":1545,"lc_mm":113,"last_confirmed_landmark":"","age_ms":1808,"since":0,"dead_reckoned_mm":113,"candidate_mm":-1,"viable":[],"lostm":0,"lost_ms":0,"agree":99,"disagree":0,"losts":0,"auto":1}
2026-08-26T11:06:52.989	ngr/loco/9950012/alert	{"level":"CLEAR","reason":"STATUS","loco":"9950012","uptime_ms":445183,"nav":"NORMAL","moving":1,"pwm":60,"est_mm_s":152,"dir":"CCW","session_dir":"CCW","mdir":"FWD","rear":112,"front":107,"env":1525,"lc_mm":112,"last_confirmed_landmark":"","age_ms":713,"since":0,"dead_reckoned_mm":112,"candidate_mm":-1,"viable":[],"lostm":0,"lost_ms":0,"agree":100,"disagree":0,"losts":0,"auto":1}
2026-08-26T11:06:53.988	ngr/loco/9950012/alert	{"level":"CLEAR","reason":"STATUS","loco":"9950012","uptime_ms":446183,"nav":"NORMAL","moving":1,"pwm":60,"est_mm_s":152,"dir":"CCW","session_dir":"CCW","mdir":"FWD","rear":112,"front":107,"env":1525,"lc_mm":112,"last_confirmed_landmark":"","age_ms":1713,"since":0,"dead_reckoned_mm":112,"candidate_mm":-1,"viable":[],"lostm":0,"lost_ms":0,"agree":100,"disagree":0,"losts":0,"auto":1}
2026-08-26T11:06:54.989	ngr/loco/9950012/alert	{"level":"CLEAR","reason":"STATUS","loco":"9950012","uptime_ms":447183,"nav":"NORMAL","moving":1,"pwm":60,"est_mm_s":140,"dir":"CCW","session_dir":"CCW","mdir":"FWD","rear":111,"front":106,"env":1505,"lc_mm":111,"last_confirmed_landmark":"","age_ms":443,"since":0,"dead_reckoned_mm":111,"candidate_mm":-1,"viable":[],"lostm":0,"lost_ms":0,"agree":101,"disagree":0,"losts":0,"auto":1}
2026-08-26T11:06:56.015	ngr/loco/9950012/alert	{"level":"CLEAR","reason":"STATUS","loco":"9950012","uptime_ms":448183,"nav":"NORMAL","moving":1,"pwm":60,"est_mm_s":140,"dir":"CCW","session_dir":"CCW","mdir":"FWD","rear":111,"front":106,"env":1505,"lc_mm":111,"last_confirmed_landmark":"","age_ms":1443,"since":0,"dead_reckoned_mm":111,"candidate_mm":-1,"viable":[],"lostm":0,"lost_ms":0,"agree":101,"disagree":0,"losts":0,"auto":1}
2026-08-26T11:06:56.993	ngr/loco/9950012/alert	{"level":"CLEAR","reason":"STATUS","loco":"9950012","uptime_ms":449183,"nav":"NORMAL","moving":1,"pwm":60,"est_mm_s":140,"dir":"CCW","session_dir":"CCW","mdir":"FWD","rear":111,"front":106,"env":1505,"lc_mm":111,"last_confirmed_landmark":"","age_ms":2443,"since":0,"dead_reckoned_mm":111,"candidate_mm":-1,"viable":[],"lostm":0,"lost_ms":0,"agree":101,"disagree":0,"losts":0,"auto":1}
2026-08-26T11:06:57.990	ngr/loco/9950012/alert	{"level":"CLEAR","reason":"STATUS","loco":"9950012","uptime_ms":450183,"nav":"NORMAL","moving":1,"pwm":60,"est_mm_s":105,"dir":"CCW","session_dir":"CCW","mdir":"FWD","rear":110,"front":105,"env":1505,"lc_mm":110,"last_confirmed_landmark":"","age_ms":591,"since":0,"dead_reckoned_mm":110,"candidate_mm":-1,"viable":[],"lostm":0,"lost_ms":0,"agree":102,"disagree":0,"losts":0,"auto":1}
2026-08-26T11:06:58.987	ngr/loco/9950012/alert	{"level":"CLEAR","reason":"STATUS","loco":"9950012","uptime_ms":451183,"nav":"NORMAL","moving":1,"pwm":60,"est_mm_s":105,"dir":"CCW","session_dir":"CCW","mdir":"FWD","rear":110,"front":105,"env":1505,"lc_mm":110,"last_confirmed_landmark":"","age_ms":1591,"since":0,"dead_reckoned_mm":110,"candidate_mm":-1,"viable":[],"lostm":0,"lost_ms":0,"agree":102,"disagree":0,"losts":0,"auto":1}
2026-08-26T11:06:59.991	ngr/loco/9950012/alert	{"level":"CLEAR","reason":"STATUS","loco":"9950012","uptime_ms":452183,"nav":"NORMAL","moving":1,"pwm":60,"est_mm_s":133,"dir":"CCW","session_dir":"CCW","mdir":"FWD","rear":109,"front":104,"env":1505,"lc_mm":109,"last_confirmed_landmark":"","age_ms":348,"since":0,"dead_reckoned_mm":109,"candidate_mm":-1,"viable":[],"lostm":0,"lost_ms":0,"agree":103,"disagree":0,"losts":0,"auto":1}
2026-08-26T11:07:00.996	ngr/loco/9950012/alert	{"level":"CLEAR","reason":"STATUS","loco":"9950012","uptime_ms":453183,"nav":"NORMAL","moving":1,"pwm":60,"est_mm_s":133,"dir":"CCW","session_dir":"CCW","mdir":"FWD","rear":109,"front":104,"env":1505,"lc_mm":109,"last_confirmed_landmark":"","age_ms":1348,"since":0,"dead_reckoned_mm":109,"candidate_mm":-1,"viable":[],"lostm":0,"lost_ms":0,"agree":103,"disagree":0,"losts":0,"auto":1}
2026-08-26T11:07:01.991	ngr/loco/9950012/alert	{"level":"CLEAR","reason":"STATUS","loco":"9950012","uptime_ms":454183,"nav":"NORMAL","moving":1,"pwm":60,"est_mm_s":133,"dir":"CCW","session_dir":"CCW","mdir":"FWD","rear":109,"front":104,"env":1505,"lc_mm":109,"last_confirmed_landmark":"","age_ms":2348,"since":0,"dead_reckoned_mm":109,"candidate_mm":-1,"viable":[],"lostm":0,"lost_ms":0,"agree":103,"disagree":0,"losts":0,"auto":1}
2026-08-26T11:07:02.991	ngr/loco/9950012/alert	{"level":"CLEAR","reason":"STATUS","loco":"9950012","uptime_ms":455183,"nav":"NORMAL","moving":1,"pwm":60,"est_mm_s":139,"dir":"CCW","session_dir":"CCW","mdir":"FWD","rear":108,"front":103,"env":1500,"lc_mm":108,"last_confirmed_landmark":"","age_ms":1166,"since":0,"dead_reckoned_mm":108,"candidate_mm":-1,"viable":[],"lostm":0,"lost_ms":0,"agree":104,"disagree":0,"losts":0,"auto":1}
2026-08-26T11:07:03.989	ngr/loco/9950012/alert	{"level":"CLEAR","reason":"STATUS","loco":"9950012","uptime_ms":456183,"nav":"NORMAL","moving":1,"pwm":60,"est_mm_s":139,"dir":"CCW","session_dir":"CCW","mdir":"FWD","rear":108,"front":103,"env":1500,"lc_mm":108,"last_confirmed_landmark":"","age_ms":2166,"since":0,"dead_reckoned_mm":108,"candidate_mm":-1,"viable":[],"lostm":0,"lost_ms":0,"agree":104,"disagree":0,"losts":0,"auto":1}
2026-08-26T11:07:04.990	ngr/loco/9950012/alert	{"level":"CLEAR","reason":"STATUS","loco":"9950012","uptime_ms":457183,"nav":"NORMAL","moving":1,"pwm":60,"est_mm_s":152,"dir":"CCW","session_dir":"CCW","mdir":"FWD","rear":107,"front":102,"env":1495,"lc_mm":107,"last_confirmed_landmark":"Arches","age_ms":1200,"since":0,"dead_reckoned_mm":107,"candidate_mm":-1,"viable":[],"lostm":0,"lost_ms":0,"agree":105,"disagree":0,"losts":0,"auto":1}
2026-08-26T11:07:05.995	ngr/loco/9950012/alert	{"level":"CLEAR","reason":"STATUS","loco":"9950012","uptime_ms":458183,"nav":"NORMAL","moving":1,"pwm":60,"est_mm_s":152,"dir":"CCW","session_dir":"CCW","mdir":"FWD","rear":107,"front":102,"env":1495,"lc_mm":107,"last_confirmed_landmark":"Arches","age_ms":2200,"since":0,"dead_reckoned_mm":107,"candidate_mm":-1,"viable":[],"lostm":0,"lost_ms":0,"agree":105,"disagree":0,"losts":0,"auto":1}
2026-08-26T11:07:06.990	ngr/loco/9950012/alert	{"level":"CLEAR","reason":"STATUS","loco":"9950012","uptime_ms":459183,"nav":"NORMAL","moving":1,"pwm":57,"est_mm_s":131,"dir":"CCW","session_dir":"CCW","mdir":"FWD","rear":106,"front":101,"env":1495,"lc_mm":106,"last_confirmed_landmark":"","age_ms":927,"since":0,"dead_reckoned_mm":106,"candidate_mm":-1,"viable":[],"lostm":0,"lost_ms":0,"agree":106,"disagree":0,"losts":0,"auto":1}
2026-08-26T11:07:07.992	ngr/loco/9950012/alert	{"level":"CLEAR","reason":"STATUS","loco":"9950012","uptime_ms":460183,"nav":"NORMAL","moving":1,"pwm":52,"est_mm_s":131,"dir":"CCW","session_dir":"CCW","mdir":"FWD","rear":106,"front":101,"env":1495,"lc_mm":106,"last_confirmed_landmark":"","age_ms":1927,"since":0,"dead_reckoned_mm":106,"candidate_mm":-1,"viable":[],"lostm":0,"lost_ms":0,"agree":106,"disagree":0,"losts":0,"auto":1}
2026-08-26T11:07:08.990	ngr/loco/9950012/alert	{"level":"CLEAR","reason":"STATUS","loco":"9950012","uptime_ms":461183,"nav":"NORMAL","moving":1,"pwm":47,"est_mm_s":131,"dir":"CCW","session_dir":"CCW","mdir":"FWD","rear":106,"front":101,"env":1495,"lc_mm":106,"last_confirmed_landmark":"","age_ms":2927,"since":0,"dead_reckoned_mm":106,"candidate_mm":-1,"viable":[],"lostm":0,"lost_ms":0,"agree":106,"disagree":0,"losts":0,"auto":1}
2026-08-26T11:07:09.992	ngr/loco/9950012/alert	{"level":"CLEAR","reason":"STATUS","loco":"9950012","uptime_ms":462183,"nav":"NORMAL","moving":1,"pwm":42,"est_mm_s":118,"dir":"CCW","session_dir":"CCW","mdir":"FWD","rear":105,"front":100,"env":1495,"lc_mm":105,"last_confirmed_landmark":"","age_ms":1385,"since":0,"dead_reckoned_mm":105,"candidate_mm":-1,"viable":[],"lostm":0,"lost_ms":0,"agree":107,"disagree":0,"losts":0,"auto":1}
2026-08-26T11:07:10.993	ngr/loco/9950012/alert	{"level":"CLEAR","reason":"STATUS","loco":"9950012","uptime_ms":463183,"nav":"NORMAL","moving":1,"pwm":37,"est_mm_s":118,"dir":"CCW","session_dir":"CCW","mdir":"FWD","rear":105,"front":100,"env":1495,"lc_mm":105,"last_confirmed_landmark":"","age_ms":2385,"since":0,"dead_reckoned_mm":105,"candidate_mm":-1,"viable":[],"lostm":0,"lost_ms":0,"agree":107,"disagree":0,"losts":0,"auto":1}
2026-08-26T11:07:11.993	ngr/loco/9950012/alert	{"level":"CLEAR","reason":"STATUS","loco":"9950012","uptime_ms":464183,"nav":"NORMAL","moving":1,"pwm":32,"est_mm_s":118,"dir":"CCW","session_dir":"CCW","mdir":"FWD","rear":105,"front":100,"env":1495,"lc_mm":105,"last_confirmed_landmark":"","age_ms":3385,"since":0,"dead_reckoned_mm":105,"candidate_mm":-1,"viable":[],"lostm":0,"lost_ms":0,"agree":107,"disagree":0,"losts":0,"auto":1}
2026-08-26T11:07:12.994	ngr/loco/9950012/alert	{"level":"CLEAR","reason":"STATUS","loco":"9950012","uptime_ms":465183,"nav":"NORMAL","moving":1,"pwm":27,"est_mm_s":118,"dir":"CCW","session_dir":"CCW","mdir":"FWD","rear":105,"front":100,"env":1495,"lc_mm":105,"last_confirmed_landmark":"","age_ms":4385,"since":0,"dead_reckoned_mm":105,"candidate_mm":-1,"viable":[],"lostm":0,"lost_ms":0,"agree":107,"disagree":0,"losts":0,"auto":1}
2026-08-26T11:07:13.992	ngr/loco/9950012/alert	{"level":"CLEAR","reason":"STATUS","loco":"9950012","uptime_ms":466183,"nav":"NORMAL","moving":1,"pwm":22,"est_mm_s":118,"dir":"CCW","session_dir":"CCW","mdir":"FWD","rear":105,"front":100,"env":1495,"lc_mm":105,"last_confirmed_landmark":"","age_ms":5385,"since":0,"dead_reckoned_mm":105,"candidate_mm":-1,"viable":[],"lostm":0,"lost_ms":0,"agree":107,"disagree":0,"losts":0,"auto":1}
2026-08-26T11:07:14.989	ngr/loco/9950012/alert	{"level":"CLEAR","reason":"STATUS","loco":"9950012","uptime_ms":467183,"nav":"NORMAL","moving":1,"pwm":17,"est_mm_s":118,"dir":"CCW","session_dir":"CCW","mdir":"FWD","rear":105,"front":100,"env":1495,"lc_mm":105,"last_confirmed_landmark":"","age_ms":6385,"since":0,"dead_reckoned_mm":105,"candidate_mm":-1,"viable":[],"lostm":0,"lost_ms":0,"agree":107,"disagree":0,"losts":0,"auto":1}
2026-08-26T11:07:15.988	ngr/loco/9950012/alert	{"level":"CLEAR","reason":"STATUS","loco":"9950012","uptime_ms":468183,"nav":"NORMAL","moving":1,"pwm":12,"est_mm_s":118,"dir":"CCW","session_dir":"CCW","mdir":"FWD","rear":105,"front":100,"env":1495,"lc_mm":105,"last_confirmed_landmark":"","age_ms":7385,"since":0,"dead_reckoned_mm":105,"candidate_mm":-1,"viable":[],"lostm":0,"lost_ms":0,"agree":107,"disagree":0,"losts":0,"auto":1}
2026-08-26T11:07:16.988	ngr/loco/9950012/alert	{"level":"CLEAR","reason":"STATUS","loco":"9950012","uptime_ms":469183,"nav":"NORMAL","moving":1,"pwm":7,"est_mm_s":118,"dir":"CCW","session_dir":"CCW","mdir":"FWD","rear":105,"front":100,"env":1495,"lc_mm":105,"last_confirmed_landmark":"","age_ms":8385,"since":0,"dead_reckoned_mm":105,"candidate_mm":-1,"viable":[],"lostm":0,"lost_ms":0,"agree":107,"disagree":0,"losts":0,"auto":1}
2026-08-26T11:07:17.991	ngr/loco/9950012/alert	{"level":"CLEAR","reason":"STATUS","loco":"9950012","uptime_ms":470183,"nav":"NORMAL","moving":1,"pwm":2,"est_mm_s":118,"dir":"CCW","session_dir":"CCW","mdir":"FWD","rear":105,"front":100,"env":1495,"lc_mm":105,"last_confirmed_landmark":"","age_ms":9385,"since":0,"dead_reckoned_mm":105,"candidate_mm":-1,"viable":[],"lostm":0,"lost_ms":0,"agree":107,"disagree":0,"losts":0,"auto":1}
2026-08-26T11:07:18.990	ngr/loco/9950012/alert	{"level":"CLEAR","reason":"STATUS","loco":"9950012","uptime_ms":471183,"nav":"NORMAL","moving":0,"pwm":0,"est_mm_s":118,"dir":"CCW","session_dir":"CCW","mdir":"FWD","rear":105,"front":100,"env":1495,"lc_mm":105,"last_confirmed_landmark":"","age_ms":10385,"since":0,"dead_reckoned_mm":105,"candidate_mm":-1,"viable":[],"lostm":0,"lost_ms":0,"agree":107,"disagree":0,"losts":0,"auto":1}
2026-08-26T11:07:19.989	ngr/loco/9950012/alert	{"level":"CLEAR","reason":"STATUS","loco":"9950012","uptime_ms":472183,"nav":"NORMAL","moving":0,"pwm":0,"est_mm_s":118,"dir":"CCW","session_dir":"CCW","mdir":"FWD","rear":105,"front":100,"env":1495,"lc_mm":105,"last_confirmed_landmark":"","age_ms":11385,"since":0,"dead_reckoned_mm":105,"candidate_mm":-1,"viable":[],"lostm":0,"lost_ms":0,"agree":107,"disagree":0,"losts":0,"auto":1}
2026-08-26T11:07:20.989	ngr/loco/9950012/alert	{"level":"CLEAR","reason":"STATUS","loco":"9950012","uptime_ms":473183,"nav":"NORMAL","moving":0,"pwm":0,"est_mm_s":118,"dir":"CCW","session_dir":"CCW","mdir":"FWD","rear":105,"front":100,"env":1495,"lc_mm":105,"last_confirmed_landmark":"","age_ms":12385,"since":0,"dead_reckoned_mm":105,"candidate_mm":-1,"viable":[],"lostm":0,"lost_ms":0,"agree":107,"disagree":0,"losts":0,"auto":1}
2026-08-26T11:07:21.990	ngr/loco/9950012/alert	{"level":"CLEAR","reason":"STATUS","loco":"9950012","uptime_ms":474183,"nav":"NORMAL","moving":0,"pwm":0,"est_mm_s":118,"dir":"CCW","session_dir":"CCW","mdir":"FWD","rear":105,"front":100,"env":1495,"lc_mm":105,"last_confirmed_landmark":"","age_ms":13385,"since":0,"dead_reckoned_mm":105,"candidate_mm":-1,"viable":[],"lostm":0,"lost_ms":0,"agree":107,"disagree":0,"losts":0,"auto":1}
2026-08-26T11:07:23.000	ngr/loco/9950012/alert	{"level":"CLEAR","reason":"STATUS","loco":"9950012","uptime_ms":475183,"nav":"NORMAL","moving":0,"pwm":0,"est_mm_s":118,"dir":"CCW","session_dir":"CCW","mdir":"FWD","rear":105,"front":100,"env":1495,"lc_mm":105,"last_confirmed_landmark":"","age_ms":14385,"since":0,"dead_reckoned_mm":105,"candidate_mm":-1,"viable":[],"lostm":0,"lost_ms":0,"agree":107,"disagree":0,"losts":0,"auto":1}
2026-08-26T11:07:23.990	ngr/loco/9950012/alert	{"level":"CLEAR","reason":"STATUS","loco":"9950012","uptime_ms":476183,"nav":"NORMAL","moving":0,"pwm":0,"est_mm_s":118,"dir":"CCW","session_dir":"CCW","mdir":"FWD","rear":105,"front":100,"env":1495,"lc_mm":105,"last_confirmed_landmark":"","age_ms":15385,"since":0,"dead_reckoned_mm":105,"candidate_mm":-1,"viable":[],"lostm":0,"lost_ms":0,"agree":107,"disagree":0,"losts":0,"auto":1}
2026-08-26T11:07:24.991	ngr/loco/9950012/alert	{"level":"CLEAR","reason":"STATUS","loco":"9950012","uptime_ms":477183,"nav":"NORMAL","moving":0,"pwm":0,"est_mm_s":118,"dir":"CCW","session_dir":"CCW","mdir":"FWD","rear":105,"front":100,"env":1495,"lc_mm":105,"last_confirmed_landmark":"","age_ms":16385,"since":0,"dead_reckoned_mm":105,"candidate_mm":-1,"viable":[],"lostm":0,"lost_ms":0,"agree":107,"disagree":0,"losts":0,"auto":1}
2026-08-26T11:07:26.002	ngr/loco/9950012/alert	{"level":"CLEAR","reason":"STATUS","loco":"9950012","uptime_ms":478183,"nav":"NORMAL","moving":0,"pwm":0,"est_mm_s":118,"dir":"CCW","session_dir":"CCW","mdir":"FWD","rear":105,"front":100,"env":1495,"lc_mm":105,"last_confirmed_landmark":"","age_ms":17385,"since":0,"dead_reckoned_mm":105,"candidate_mm":-1,"viable":[],"lostm":0,"lost_ms":0,"agree":107,"disagree":0,"losts":0,"auto":1}
2026-08-26T11:07:26.993	ngr/loco/9950012/alert	{"level":"CLEAR","reason":"STATUS","loco":"9950012","uptime_ms":479183,"nav":"NORMAL","moving":0,"pwm":0,"est_mm_s":118,"dir":"CCW","session_dir":"CCW","mdir":"FWD","rear":105,"front":100,"env":1495,"lc_mm":105,"last_confirmed_landmark":"","age_ms":18385,"since":0,"dead_reckoned_mm":105,"candidate_mm":-1,"viable":[],"lostm":0,"lost_ms":0,"agree":107,"disagree":0,"losts":0,"auto":1}
2026-08-26T11:07:27.999	ngr/loco/9950012/alert	{"level":"CLEAR","reason":"STATUS","loco":"9950012","uptime_ms":480183,"nav":"NORMAL","moving":0,"pwm":0,"est_mm_s":118,"dir":"CCW","session_dir":"CCW","mdir":"FWD","rear":105,"front":100,"env":1495,"lc_mm":105,"last_confirmed_landmark":"","age_ms":19385,"since":0,"dead_reckoned_mm":105,"candidate_mm":-1,"viable":[],"lostm":0,"lost_ms":0,"agree":107,"disagree":0,"losts":0,"auto":1}
2026-08-26T11:07:28.989	ngr/loco/9950012/alert	{"level":"CLEAR","reason":"STATUS","loco":"9950012","uptime_ms":481183,"nav":"NORMAL","moving":0,"pwm":0,"est_mm_s":118,"dir":"CCW","session_dir":"CCW","mdir":"FWD","rear":105,"front":100,"env":1495,"lc_mm":105,"last_confirmed_landmark":"","age_ms":20385,"since":0,"dead_reckoned_mm":105,"candidate_mm":-1,"viable":[],"lostm":0,"lost_ms":0,"agree":107,"disagree":0,"losts":0,"auto":1}
2026-08-26T11:07:29.994	ngr/loco/9950012/alert	{"level":"CLEAR","reason":"STATUS","loco":"9950012","uptime_ms":482183,"nav":"NORMAL","moving":0,"pwm":0,"est_mm_s":118,"dir":"CCW","session_dir":"CCW","mdir":"FWD","rear":105,"front":100,"env":1495,"lc_mm":105,"last_confirmed_landmark":"","age_ms":21385,"since":0,"dead_reckoned_mm":105,"candidate_mm":-1,"viable":[],"lostm":0,"lost_ms":0,"agree":107,"disagree":0,"losts":0,"auto":1}
2026-08-26T11:07:30.993	ngr/loco/9950012/alert	{"level":"CLEAR","reason":"STATUS","loco":"9950012","uptime_ms":483183,"nav":"NORMAL","moving":0,"pwm":0,"est_mm_s":118,"dir":"CCW","session_dir":"CCW","mdir":"FWD","rear":105,"front":100,"env":1495,"lc_mm":105,"last_confirmed_landmark":"","age_ms":22385,"since":0,"dead_reckoned_mm":105,"candidate_mm":-1,"viable":[],"lostm":0,"lost_ms":0,"agree":107,"disagree":0,"losts":0,"auto":1}
2026-08-26T11:07:31.989	ngr/loco/9950012/alert	{"level":"CLEAR","reason":"STATUS","loco":"9950012","uptime_ms":484183,"nav":"NORMAL","moving":0,"pwm":0,"est_mm_s":118,"dir":"CCW","session_dir":"CCW","mdir":"FWD","rear":105,"front":100,"env":1495,"lc_mm":105,"last_confirmed_landmark":"","age_ms":23385,"since":0,"dead_reckoned_mm":105,"candidate_mm":-1,"viable":[],"lostm":0,"lost_ms":0,"agree":107,"disagree":0,"losts":0,"auto":1}
2026-08-26T11:07:32.995	ngr/loco/9950012/alert	{"level":"CLEAR","reason":"STATUS","loco":"9950012","uptime_ms":485183,"nav":"NORMAL","moving":0,"pwm":0,"est_mm_s":118,"dir":"CCW","session_dir":"CCW","mdir":"FWD","rear":105,"front":100,"env":1495,"lc_mm":105,"last_confirmed_landmark":"","age_ms":24385,"since":0,"dead_reckoned_mm":105,"candidate_mm":-1,"viable":[],"lostm":0,"lost_ms":0,"agree":107,"disagree":0,"losts":0,"auto":1}
2026-08-26T11:07:33.991	ngr/loco/9950012/alert	{"level":"CLEAR","reason":"STATUS","loco":"9950012","uptime_ms":486183,"nav":"NORMAL","moving":1,"pwm":5,"est_mm_s":118,"dir":"CCW","session_dir":"CCW","mdir":"FWD","rear":105,"front":100,"env":1495,"lc_mm":105,"last_confirmed_landmark":"","age_ms":25385,"since":0,"dead_reckoned_mm":105,"candidate_mm":-1,"viable":[],"lostm":0,"lost_ms":0,"agree":107,"disagree":0,"losts":0,"auto":1}
2026-08-26T11:07:34.991	ngr/loco/9950012/alert	{"level":"CLEAR","reason":"STATUS","loco":"9950012","uptime_ms":487183,"nav":"NORMAL","moving":1,"pwm":12,"est_mm_s":118,"dir":"CCW","session_dir":"CCW","mdir":"FWD","rear":105,"front":100,"env":1495,"lc_mm":105,"last_confirmed_landmark":"","age_ms":26385,"since":0,"dead_reckoned_mm":105,"candidate_mm":-1,"viable":[],"lostm":0,"lost_ms":0,"agree":107,"disagree":0,"losts":0,"auto":1}
2026-08-26T11:07:35.994	ngr/loco/9950012/alert	{"level":"CLEAR","reason":"STATUS","loco":"9950012","uptime_ms":488183,"nav":"NORMAL","moving":1,"pwm":18,"est_mm_s":118,"dir":"CCW","session_dir":"CCW","mdir":"FWD","rear":105,"front":100,"env":1495,"lc_mm":105,"last_confirmed_landmark":"","age_ms":27385,"since":0,"dead_reckoned_mm":105,"candidate_mm":-1,"viable":[],"lostm":0,"lost_ms":0,"agree":107,"disagree":0,"losts":0,"auto":1}
2026-08-26T11:07:36.989	ngr/loco/9950012/alert	{"level":"CLEAR","reason":"STATUS","loco":"9950012","uptime_ms":489183,"nav":"NORMAL","moving":1,"pwm":25,"est_mm_s":118,"dir":"CCW","session_dir":"CCW","mdir":"FWD","rear":105,"front":100,"env":1495,"lc_mm":105,"last_confirmed_landmark":"","age_ms":28385,"since":0,"dead_reckoned_mm":105,"candidate_mm":-1,"viable":[],"lostm":0,"lost_ms":0,"agree":107,"disagree":0,"losts":0,"auto":1}
2026-08-26T11:07:37.995	ngr/loco/9950012/alert	{"level":"CLEAR","reason":"STATUS","loco":"9950012","uptime_ms":490183,"nav":"NORMAL","moving":1,"pwm":32,"est_mm_s":118,"dir":"CCW","session_dir":"CCW","mdir":"FWD","rear":105,"front":100,"env":1495,"lc_mm":105,"last_confirmed_landmark":"","age_ms":29385,"since":0,"dead_reckoned_mm":105,"candidate_mm":-1,"viable":[],"lostm":0,"lost_ms":0,"agree":107,"disagree":0,"losts":0,"auto":1}
2026-08-26T11:07:38.991	ngr/loco/9950012/alert	{"level":"CLEAR","reason":"STATUS","loco":"9950012","uptime_ms":491183,"nav":"NORMAL","moving":1,"pwm":38,"est_mm_s":118,"dir":"CCW","session_dir":"CCW","mdir":"FWD","rear":105,"front":100,"env":1495,"lc_mm":105,"last_confirmed_landmark":"","age_ms":30385,"since":0,"dead_reckoned_mm":105,"candidate_mm":-1,"viable":[],"lostm":0,"lost_ms":0,"agree":107,"disagree":0,"losts":0,"auto":1}
2026-08-26T11:07:39.994	ngr/loco/9950012/alert	{"level":"CLEAR","reason":"STATUS","loco":"9950012","uptime_ms":492183,"nav":"NORMAL","moving":1,"pwm":45,"est_mm_s":10,"dir":"CCW","session_dir":"CCW","mdir":"FWD","rear":104,"front":99,"env":1495,"lc_mm":104,"last_confirmed_landmark":"","age_ms":1648,"since":0,"dead_reckoned_mm":104,"candidate_mm":-1,"viable":[],"lostm":0,"lost_ms":0,"agree":108,"disagree":0,"losts":0,"auto":1}
2026-08-26T11:07:40.992	ngr/loco/9950012/alert	{"level":"CLEAR","reason":"STATUS","loco":"9950012","uptime_ms":493183,"nav":"NORMAL","moving":1,"pwm":51,"est_mm_s":10,"dir":"CCW","session_dir":"CCW","mdir":"FWD","rear":104,"front":99,"env":1495,"lc_mm":104,"last_confirmed_landmark":"","age_ms":2648,"since":0,"dead_reckoned_mm":104,"candidate_mm":-1,"viable":[],"lostm":0,"lost_ms":0,"agree":108,"disagree":0,"losts":0,"auto":1}
2026-08-26T11:07:41.990	ngr/loco/9950012/alert	{"level":"CLEAR","reason":"STATUS","loco":"9950012","uptime_ms":494183,"nav":"NORMAL","moving":1,"pwm":58,"est_mm_s":10,"dir":"CCW","session_dir":"CCW","mdir":"FWD","rear":104,"front":99,"env":1495,"lc_mm":104,"last_confirmed_landmark":"","age_ms":3648,"since":0,"dead_reckoned_mm":104,"candidate_mm":-1,"viable":[],"lostm":0,"lost_ms":0,"agree":108,"disagree":0,"losts":0,"auto":1}
2026-08-26T11:07:42.988	ngr/loco/9950012/alert	{"level":"CLEAR","reason":"STATUS","loco":"9950012","uptime_ms":495183,"nav":"NORMAL","moving":1,"pwm":65,"est_mm_s":77,"dir":"CCW","session_dir":"CCW","mdir":"FWD","rear":103,"front":98,"env":1495,"lc_mm":103,"last_confirmed_landmark":"","age_ms":778,"since":0,"dead_reckoned_mm":103,"candidate_mm":-1,"viable":[],"lostm":0,"lost_ms":0,"agree":109,"disagree":0,"losts":0,"auto":1}
2026-08-26T11:07:43.989	ngr/loco/9950012/alert	{"level":"CLEAR","reason":"STATUS","loco":"9950012","uptime_ms":496183,"nav":"NORMAL","moving":1,"pwm":71,"est_mm_s":77,"dir":"CCW","session_dir":"CCW","mdir":"FWD","rear":103,"front":98,"env":1495,"lc_mm":103,"last_confirmed_landmark":"","age_ms":1778,"since":0,"dead_reckoned_mm":103,"candidate_mm":-1,"viable":[],"lostm":0,"lost_ms":0,"agree":109,"disagree":0,"losts":0,"auto":1}
2026-08-26T11:07:44.990	ngr/loco/9950012/alert	{"level":"CLEAR","reason":"STATUS","loco":"9950012","uptime_ms":497183,"nav":"NORMAL","moving":1,"pwm":78,"est_mm_s":143,"dir":"CCW","session_dir":"CCW","mdir":"FWD","rear":102,"front":97,"env":1500,"lc_mm":102,"last_confirmed_landmark":"","age_ms":716,"since":0,"dead_reckoned_mm":102,"candidate_mm":-1,"viable":[],"lostm":0,"lost_ms":0,"agree":110,"disagree":0,"losts":0,"auto":1}
2026-08-26T11:07:45.989	ngr/loco/9950012/alert	{"level":"CLEAR","reason":"STATUS","loco":"9950012","uptime_ms":498183,"nav":"NORMAL","moving":1,"pwm":85,"est_mm_s":143,"dir":"CCW","session_dir":"CCW","mdir":"FWD","rear":102,"front":97,"env":1500,"lc_mm":102,"last_confirmed_landmark":"","age_ms":1716,"since":0,"dead_reckoned_mm":102,"candidate_mm":-1,"viable":[],"lostm":0,"lost_ms":0,"agree":110,"disagree":0,"losts":0,"auto":1}
2026-08-26T11:07:46.991	ngr/loco/9950012/alert	{"level":"CLEAR","reason":"STATUS","loco":"9950012","uptime_ms":499183,"nav":"NORMAL","moving":1,"pwm":90,"est_mm_s":187,"dir":"CCW","session_dir":"CCW","mdir":"FWD","rear":101,"front":96,"env":1500,"lc_mm":101,"last_confirmed_landmark":"","age_ms":1113,"since":0,"dead_reckoned_mm":101,"candidate_mm":-1,"viable":[],"lostm":0,"lost_ms":0,"agree":111,"disagree":0,"losts":0,"auto":1}
2026-08-26T11:07:47.992	ngr/loco/9950012/alert	{"level":"CLEAR","reason":"STATUS","loco":"9950012","uptime_ms":500183,"nav":"NORMAL","moving":1,"pwm":90,"est_mm_s":226,"dir":"CCW","session_dir":"CCW","mdir":"FWD","rear":100,"front":95,"env":1500,"lc_mm":100,"last_confirmed_landmark":"","age_ms":787,"since":0,"dead_reckoned_mm":100,"candidate_mm":-1,"viable":[],"lostm":0,"lost_ms":0,"agree":112,"disagree":0,"losts":0,"auto":1}
2026-08-26T11:07:48.996	ngr/loco/9950012/alert	{"level":"CLEAR","reason":"STATUS","loco":"9950012","uptime_ms":501183,"nav":"NORMAL","moving":1,"pwm":90,"est_mm_s":250,"dir":"CCW","session_dir":"CCW","mdir":"FWD","rear":99,"front":94,"env":1500,"lc_mm":99,"last_confirmed_landmark":"","age_ms":587,"since":0,"dead_reckoned_mm":99,"candidate_mm":-1,"viable":[],"lostm":0,"lost_ms":0,"agree":113,"disagree":0,"losts":0,"auto":1}
2026-08-26T11:07:49.993	ngr/loco/9950012/alert	{"level":"CLEAR","reason":"STATUS","loco":"9950012","uptime_ms":502183,"nav":"NORMAL","moving":1,"pwm":90,"est_mm_s":234,"dir":"CCW","session_dir":"CCW","mdir":"FWD","rear":98,"front":93,"env":1500,"lc_mm":98,"last_confirmed_landmark":"Northpoint","age_ms":309,"since":0,"dead_reckoned_mm":98,"candidate_mm":-1,"viable":[],"lostm":0,"lost_ms":0,"agree":114,"disagree":0,"losts":0,"auto":1}
2026-08-26T11:07:50.992	ngr/loco/9950012/alert	{"level":"CLEAR","reason":"STATUS","loco":"9950012","uptime_ms":503183,"nav":"NORMAL","moving":1,"pwm":90,"est_mm_s":234,"dir":"CCW","session_dir":"CCW","mdir":"FWD","rear":98,"front":93,"env":1500,"lc_mm":98,"last_confirmed_landmark":"Northpoint","age_ms":1309,"since":0,"dead_reckoned_mm":98,"candidate_mm":-1,"viable":[],"lostm":0,"lost_ms":0,"agree":114,"disagree":0,"losts":0,"auto":1}
2026-08-26T11:07:51.988	ngr/loco/9950012/alert	{"level":"CLEAR","reason":"STATUS","loco":"9950012","uptime_ms":504183,"nav":"NORMAL","moving":1,"pwm":90,"est_mm_s":256,"dir":"CCW","session_dir":"CCW","mdir":"FWD","rear":97,"front":92,"env":1500,"lc_mm":97,"last_confirmed_landmark":"","age_ms":1138,"since":0,"dead_reckoned_mm":97,"candidate_mm":-1,"viable":[],"lostm":0,"lost_ms":0,"agree":115,"disagree":0,"losts":0,"auto":1}
2026-08-26T11:07:52.995	ngr/loco/9950012/alert	{"level":"CLEAR","reason":"STATUS","loco":"9950012","uptime_ms":505183,"nav":"NORMAL","moving":1,"pwm":90,"est_mm_s":248,"dir":"CCW","session_dir":"CCW","mdir":"FWD","rear":96,"front":91,"env":1500,"lc_mm":96,"last_confirmed_landmark":"","age_ms":930,"since":0,"dead_reckoned_mm":96,"candidate_mm":-1,"viable":[],"lostm":0,"lost_ms":0,"agree":116,"disagree":0,"losts":0,"auto":1}
2026-08-26T11:07:53.992	ngr/loco/9950012/alert	{"level":"CLEAR","reason":"STATUS","loco":"9950012","uptime_ms":506183,"nav":"NORMAL","moving":1,"pwm":90,"est_mm_s":266,"dir":"CCW","session_dir":"CCW","mdir":"FWD","rear":95,"front":90,"env":1500,"lc_mm":95,"last_confirmed_landmark":"","age_ms":804,"since":0,"dead_reckoned_mm":95,"candidate_mm":-1,"viable":[],"lostm":0,"lost_ms":0,"agree":117,"disagree":0,"losts":0,"auto":1}
2026-08-26T11:07:54.991	ngr/loco/9950012/alert	{"level":"CLEAR","reason":"STATUS","loco":"9950012","uptime_ms":507183,"nav":"NORMAL","moving":1,"pwm":90,"est_mm_s":269,"dir":"CCW","session_dir":"CCW","mdir":"FWD","rear":94,"front":89,"env":1500,"lc_mm":94,"last_confirmed_landmark":"","age_ms":692,"since":0,"dead_reckoned_mm":94,"candidate_mm":-1,"viable":[],"lostm":0,"lost_ms":0,"agree":118,"disagree":0,"losts":0,"auto":1}
2026-08-26T11:07:55.990	ngr/loco/9950012/alert	{"level":"CLEAR","reason":"STATUS","loco":"9950012","uptime_ms":508183,"nav":"NORMAL","moving":1,"pwm":90,"est_mm_s":267,"dir":"CCW","session_dir":"CCW","mdir":"FWD","rear":93,"front":88,"env":1505,"lc_mm":93,"last_confirmed_landmark":"","age_ms":569,"since":0,"dead_reckoned_mm":93,"candidate_mm":-1,"viable":[],"lostm":0,"lost_ms":0,"agree":119,"disagree":0,"losts":0,"auto":1}
2026-08-26T11:07:56.989	ngr/loco/9950012/alert	{"level":"CLEAR","reason":"STATUS","loco":"9950012","uptime_ms":509183,"nav":"NORMAL","moving":1,"pwm":90,"est_mm_s":244,"dir":"CCW","session_dir":"CCW","mdir":"FWD","rear":92,"front":87,"env":1505,"lc_mm":92,"last_confirmed_landmark":"","age_ms":342,"since":0,"dead_reckoned_mm":92,"candidate_mm":-1,"viable":[],"lostm":0,"lost_ms":0,"agree":120,"disagree":0,"losts":0,"auto":1}
2026-08-26T11:07:57.996	ngr/loco/9950012/alert	{"level":"CLEAR","reason":"STATUS","loco":"9950012","uptime_ms":510183,"nav":"NORMAL","moving":1,"pwm":90,"est_mm_s":244,"dir":"CCW","session_dir":"CCW","mdir":"FWD","rear":92,"front":87,"env":1505,"lc_mm":92,"last_confirmed_landmark":"","age_ms":1342,"since":0,"dead_reckoned_mm":92,"candidate_mm":-1,"viable":[],"lostm":0,"lost_ms":0,"agree":120,"disagree":0,"losts":0,"auto":1}
2026-08-26T11:07:58.991	ngr/loco/9950012/alert	{"level":"CLEAR","reason":"STATUS","loco":"9950012","uptime_ms":511183,"nav":"NORMAL","moving":1,"pwm":90,"est_mm_s":226,"dir":"CCW","session_dir":"CCW","mdir":"FWD","rear":91,"front":86,"env":1505,"lc_mm":91,"last_confirmed_landmark":"","age_ms":1017,"since":0,"dead_reckoned_mm":91,"candidate_mm":-1,"viable":[],"lostm":0,"lost_ms":0,"agree":121,"disagree":0,"losts":0,"auto":1}
2026-08-26T11:07:59.998	ngr/loco/9950012/alert	{"level":"CLEAR","reason":"STATUS","loco":"9950012","uptime_ms":512183,"nav":"NORMAL","moving":1,"pwm":90,"est_mm_s":224,"dir":"CCW","session_dir":"CCW","mdir":"FWD","rear":90,"front":85,"env":1535,"lc_mm":90,"last_confirmed_landmark":"","age_ms":681,"since":0,"dead_reckoned_mm":90,"candidate_mm":-1,"viable":[],"lostm":0,"lost_ms":0,"agree":122,"disagree":0,"losts":0,"auto":1}
2026-08-26T11:08:00.990	ngr/loco/9950012/alert	{"level":"CLEAR","reason":"STATUS","loco":"9950012","uptime_ms":513183,"nav":"NORMAL","moving":1,"pwm":90,"est_mm_s":222,"dir":"CCW","session_dir":"CCW","mdir":"FWD","rear":89,"front":84,"env":1535,"lc_mm":89,"last_confirmed_landmark":"","age_ms":333,"since":0,"dead_reckoned_mm":89,"candidate_mm":-1,"viable":[],"lostm":0,"lost_ms":0,"agree":123,"disagree":0,"losts":0,"auto":1}
2026-08-26T11:08:01.993	ngr/loco/9950012/alert	{"level":"CLEAR","reason":"STATUS","loco":"9950012","uptime_ms":514183,"nav":"NORMAL","moving":1,"pwm":90,"est_mm_s":222,"dir":"CCW","session_dir":"CCW","mdir":"FWD","rear":89,"front":84,"env":1535,"lc_mm":89,"last_confirmed_landmark":"","age_ms":1333,"since":0,"dead_reckoned_mm":89,"candidate_mm":-1,"viable":[],"lostm":0,"lost_ms":0,"agree":123,"disagree":0,"losts":0,"auto":1}
2026-08-26T11:08:02.991	ngr/loco/9950012/alert	{"level":"CLEAR","reason":"STATUS","loco":"9950012","uptime_ms":515183,"nav":"NORMAL","moving":1,"pwm":90,"est_mm_s":238,"dir":"CCW","session_dir":"CCW","mdir":"FWD","rear":88,"front":83,"env":1530,"lc_mm":88,"last_confirmed_landmark":"","age_ms":1052,"since":0,"dead_reckoned_mm":88,"candidate_mm":-1,"viable":[],"lostm":0,"lost_ms":0,"agree":124,"disagree":0,"losts":0,"auto":1}
2026-08-26T11:08:03.992	ngr/loco/9950012/alert	{"level":"CLEAR","reason":"STATUS","loco":"9950012","uptime_ms":516183,"nav":"NORMAL","moving":1,"pwm":90,"est_mm_s":235,"dir":"CCW","session_dir":"CCW","mdir":"FWD","rear":87,"front":82,"env":1535,"lc_mm":87,"last_confirmed_landmark":"","age_ms":776,"since":0,"dead_reckoned_mm":87,"candidate_mm":-1,"viable":[],"lostm":0,"lost_ms":0,"agree":125,"disagree":0,"losts":0,"auto":1}
2026-08-26T11:08:04.992	ngr/loco/9950012/alert	{"level":"CLEAR","reason":"STATUS","loco":"9950012","uptime_ms":517183,"nav":"NORMAL","moving":1,"pwm":90,"est_mm_s":250,"dir":"CCW","session_dir":"CCW","mdir":"FWD","rear":86,"front":81,"env":1535,"lc_mm":86,"last_confirmed_landmark":"","age_ms":580,"since":0,"dead_reckoned_mm":86,"candidate_mm":-1,"viable":[],"lostm":0,"lost_ms":0,"agree":126,"disagree":0,"losts":0,"auto":1}
2026-08-26T11:08:05.991	ngr/loco/9950012/alert	{"level":"CLEAR","reason":"STATUS","loco":"9950012","uptime_ms":518183,"nav":"NORMAL","moving":1,"pwm":90,"est_mm_s":253,"dir":"CCW","session_dir":"CCW","mdir":"FWD","rear":85,"front":80,"env":1505,"lc_mm":85,"last_confirmed_landmark":"","age_ms":276,"since":0,"dead_reckoned_mm":85,"candidate_mm":-1,"viable":[],"lostm":0,"lost_ms":0,"agree":127,"disagree":0,"losts":0,"auto":1}
2026-08-26T11:08:06.993	ngr/loco/9950012/alert	{"level":"CLEAR","reason":"STATUS","loco":"9950012","uptime_ms":519183,"nav":"NORMAL","moving":1,"pwm":90,"est_mm_s":253,"dir":"CCW","session_dir":"CCW","mdir":"FWD","rear":85,"front":80,"env":1505,"lc_mm":85,"last_confirmed_landmark":"","age_ms":1276,"since":0,"dead_reckoned_mm":85,"candidate_mm":-1,"viable":[],"lostm":0,"lost_ms":0,"agree":127,"disagree":0,"losts":0,"auto":1}
2026-08-26T11:08:07.994	ngr/loco/9950012/alert	{"level":"CLEAR","reason":"STATUS","loco":"9950012","uptime_ms":520183,"nav":"NORMAL","moving":1,"pwm":90,"est_mm_s":256,"dir":"CCW","session_dir":"CCW","mdir":"FWD","rear":84,"front":79,"env":1510,"lc_mm":84,"last_confirmed_landmark":"","age_ms":1107,"since":0,"dead_reckoned_mm":84,"candidate_mm":-1,"viable":[],"lostm":0,"lost_ms":0,"agree":128,"disagree":0,"losts":0,"auto":1}
2026-08-26T11:08:08.990	ngr/loco/9950012/alert	{"level":"CLEAR","reason":"STATUS","loco":"9950012","uptime_ms":521183,"nav":"NORMAL","moving":1,"pwm":90,"est_mm_s":268,"dir":"CCW","session_dir":"CCW","mdir":"FWD","rear":83,"front":78,"env":1510,"lc_mm":83,"last_confirmed_landmark":"","age_ms":988,"since":0,"dead_reckoned_mm":83,"candidate_mm":-1,"viable":[],"lostm":0,"lost_ms":0,"agree":129,"disagree":0,"losts":0,"auto":1}
2026-08-26T11:08:09.991	ngr/loco/9950012/alert	{"level":"CLEAR","reason":"STATUS","loco":"9950012","uptime_ms":522183,"nav":"NORMAL","moving":1,"pwm":90,"est_mm_s":271,"dir":"CCW","session_dir":"CCW","mdir":"FWD","rear":82,"front":77,"env":1505,"lc_mm":82,"last_confirmed_landmark":"","age_ms":863,"since":0,"dead_reckoned_mm":82,"candidate_mm":-1,"viable":[],"lostm":0,"lost_ms":0,"agree":130,"disagree":0,"losts":0,"auto":1}
2026-08-26T11:08:11.022	ngr/loco/9950012/alert	{"level":"CLEAR","reason":"STATUS","loco":"9950012","uptime_ms":523183,"nav":"NORMAL","moving":1,"pwm":90,"est_mm_s":279,"dir":"CCW","session_dir":"CCW","mdir":"FWD","rear":81,"front":76,"env":1505,"lc_mm":81,"last_confirmed_landmark":"","age_ms":791,"since":0,"dead_reckoned_mm":81,"candidate_mm":-1,"viable":[],"lostm":0,"lost_ms":0,"agree":131,"disagree":0,"losts":0,"auto":1}
2026-08-26T11:08:11.989	ngr/loco/9950012/alert	{"level":"CLEAR","reason":"STATUS","loco":"9950012","uptime_ms":524183,"nav":"NORMAL","moving":1,"pwm":90,"est_mm_s":282,"dir":"CCW","session_dir":"CCW","mdir":"FWD","rear":80,"front":75,"env":1505,"lc_mm":80,"last_confirmed_landmark":"","age_ms":728,"since":0,"dead_reckoned_mm":80,"candidate_mm":-1,"viable":[],"lostm":0,"lost_ms":0,"agree":132,"disagree":0,"losts":0,"auto":1}
2026-08-26T11:08:12.989	ngr/loco/9950012/alert	{"level":"CLEAR","reason":"STATUS","loco":"9950012","uptime_ms":525183,"nav":"NORMAL","moving":1,"pwm":90,"est_mm_s":287,"dir":"CCW","session_dir":"CCW","mdir":"FWD","rear":79,"front":74,"env":1500,"lc_mm":79,"last_confirmed_landmark":"","age_ms":666,"since":0,"dead_reckoned_mm":79,"candidate_mm":-1,"viable":[],"lostm":0,"lost_ms":0,"agree":133,"disagree":0,"losts":0,"auto":1}
2026-08-26T11:08:13.996	ngr/loco/9950012/alert	{"level":"CLEAR","reason":"STATUS","loco":"9950012","uptime_ms":526183,"nav":"NORMAL","moving":1,"pwm":90,"est_mm_s":290,"dir":"CCW","session_dir":"CCW","mdir":"FWD","rear":78,"front":73,"env":1500,"lc_mm":78,"last_confirmed_landmark":"","age_ms":635,"since":0,"dead_reckoned_mm":78,"candidate_mm":-1,"viable":[],"lostm":0,"lost_ms":0,"agree":134,"disagree":0,"losts":0,"auto":1}
2026-08-26T11:08:14.994	ngr/loco/9950012/alert	{"level":"CLEAR","reason":"STATUS","loco":"9950012","uptime_ms":527183,"nav":"NORMAL","moving":1,"pwm":90,"est_mm_s":289,"dir":"CCW","session_dir":"CCW","mdir":"FWD","rear":77,"front":72,"env":1500,"lc_mm":77,"last_confirmed_landmark":"","age_ms":599,"since":0,"dead_reckoned_mm":77,"candidate_mm":-1,"viable":[],"lostm":0,"lost_ms":0,"agree":135,"disagree":0,"losts":0,"auto":1}
2026-08-26T11:08:15.991	ngr/loco/9950012/alert	{"level":"CLEAR","reason":"STATUS","loco":"9950012","uptime_ms":528183,"nav":"NORMAL","moving":1,"pwm":90,"est_mm_s":298,"dir":"CCW","session_dir":"CCW","mdir":"FWD","rear":76,"front":71,"env":1495,"lc_mm":76,"last_confirmed_landmark":"","age_ms":595,"since":0,"dead_reckoned_mm":76,"candidate_mm":-1,"viable":[],"lostm":0,"lost_ms":0,"agree":136,"disagree":0,"losts":0,"auto":1}
2026-08-26T11:08:16.993	ngr/loco/9950012/alert	{"level":"CLEAR","reason":"STATUS","loco":"9950012","uptime_ms":529183,"nav":"NORMAL","moving":1,"pwm":90,"est_mm_s":290,"dir":"CCW","session_dir":"CCW","mdir":"FWD","rear":75,"front":70,"env":1490,"lc_mm":75,"last_confirmed_landmark":"","age_ms":561,"since":0,"dead_reckoned_mm":75,"candidate_mm":-1,"viable":[],"lostm":0,"lost_ms":0,"agree":137,"disagree":0,"losts":0,"auto":1}
2026-08-26T11:08:17.989	ngr/loco/9950012/alert	{"level":"CLEAR","reason":"STATUS","loco":"9950012","uptime_ms":530183,"nav":"NORMAL","moving":1,"pwm":90,"est_mm_s":310,"dir":"CCW","session_dir":"CCW","mdir":"FWD","rear":74,"front":69,"env":1490,"lc_mm":74,"last_confirmed_landmark":"","age_ms":594,"since":0,"dead_reckoned_mm":74,"candidate_mm":-1,"viable":[],"lostm":0,"lost_ms":0,"agree":138,"disagree":0,"losts":0,"auto":1}
2026-08-26T11:08:18.989	ngr/loco/9950012/alert	{"level":"CLEAR","reason":"STATUS","loco":"9950012","uptime_ms":531183,"nav":"NORMAL","moving":1,"pwm":89,"est_mm_s":277,"dir":"CCW","session_dir":"CCW","mdir":"FWD","rear":73,"front":68,"env":1490,"lc_mm":73,"last_confirmed_landmark":"","age_ms":512,"since":0,"dead_reckoned_mm":73,"candidate_mm":-1,"viable":[],"lostm":0,"lost_ms":0,"agree":139,"disagree":0,"losts":0,"auto":1}
2026-08-26T11:08:19.991	ngr/loco/9950012/alert	{"level":"CLEAR","reason":"STATUS","loco":"9950012","uptime_ms":532183,"nav":"NORMAL","moving":1,"pwm":87,"est_mm_s":256,"dir":"CCW","session_dir":"CCW","mdir":"FWD","rear":72,"front":67,"env":1495,"lc_mm":72,"last_confirmed_landmark":"Westpoint","age_ms":343,"since":0,"dead_reckoned_mm":72,"candidate_mm":-1,"viable":[],"lostm":0,"lost_ms":0,"agree":140,"disagree":0,"losts":0,"auto":1}
2026-08-26T11:08:20.990	ngr/loco/9950012/alert	{"level":"CLEAR","reason":"STATUS","loco":"9950012","uptime_ms":533183,"nav":"NORMAL","moving":1,"pwm":83,"est_mm_s":264,"dir":"CCW","session_dir":"CCW","mdir":"FWD","rear":71,"front":66,"env":1500,"lc_mm":71,"last_confirmed_landmark":"","age_ms":226,"since":0,"dead_reckoned_mm":71,"candidate_mm":-1,"viable":[],"lostm":0,"lost_ms":0,"agree":141,"disagree":0,"losts":0,"auto":1}
2026-08-26T11:08:21.997	ngr/loco/9950012/alert	{"level":"CLEAR","reason":"STATUS","loco":"9950012","uptime_ms":534183,"nav":"NORMAL","moving":1,"pwm":81,"est_mm_s":264,"dir":"CCW","session_dir":"CCW","mdir":"FWD","rear":71,"front":66,"env":1500,"lc_mm":71,"last_confirmed_landmark":"","age_ms":1226,"since":0,"dead_reckoned_mm":71,"candidate_mm":-1,"viable":[],"lostm":0,"lost_ms":0,"agree":141,"disagree":0,"losts":0,"auto":1}
2026-08-26T11:08:22.989	ngr/loco/9950012/alert	{"level":"CLEAR","reason":"STATUS","loco":"9950012","uptime_ms":535183,"nav":"NORMAL","moving":1,"pwm":77,"est_mm_s":269,"dir":"CCW","session_dir":"CCW","mdir":"FWD","rear":70,"front":65,"env":1510,"lc_mm":70,"last_confirmed_landmark":"","age_ms":1131,"since":0,"dead_reckoned_mm":70,"candidate_mm":-1,"viable":[],"lostm":0,"lost_ms":0,"agree":142,"disagree":0,"losts":0,"auto":1}
2026-08-26T11:08:23.989	ngr/loco/9950012/alert	{"level":"CLEAR","reason":"STATUS","loco":"9950012","uptime_ms":536183,"nav":"NORMAL","moving":1,"pwm":73,"est_mm_s":263,"dir":"CCW","session_dir":"CCW","mdir":"FWD","rear":69,"front":64,"env":1525,"lc_mm":69,"last_confirmed_landmark":"","age_ms":993,"since":0,"dead_reckoned_mm":69,"candidate_mm":-1,"viable":[],"lostm":0,"lost_ms":0,"agree":143,"disagree":0,"losts":0,"auto":1}
2026-08-26T11:08:24.991	ngr/loco/9950012/alert	{"level":"CLEAR","reason":"STATUS","loco":"9950012","uptime_ms":537183,"nav":"NORMAL","moving":1,"pwm":72,"est_mm_s":222,"dir":"CCW","session_dir":"CCW","mdir":"FWD","rear":68,"front":63,"env":1550,"lc_mm":68,"last_confirmed_landmark":"","age_ms":642,"since":0,"dead_reckoned_mm":68,"candidate_mm":-1,"viable":[],"lostm":0,"lost_ms":0,"agree":144,"disagree":0,"losts":0,"auto":1}
2026-08-26T11:08:25.989	ngr/loco/9950012/alert	{"level":"CLEAR","reason":"STATUS","loco":"9950012","uptime_ms":538183,"nav":"NORMAL","moving":1,"pwm":72,"est_mm_s":222,"dir":"CCW","session_dir":"CCW","mdir":"FWD","rear":68,"front":63,"env":1550,"lc_mm":68,"last_confirmed_landmark":"","age_ms":1642,"since":0,"dead_reckoned_mm":68,"candidate_mm":-1,"viable":[],"lostm":0,"lost_ms":0,"agree":144,"disagree":0,"losts":0,"auto":1}
2026-08-26T11:08:26.992	ngr/loco/9950012/alert	{"level":"CLEAR","reason":"STATUS","loco":"9950012","uptime_ms":539183,"nav":"NORMAL","moving":1,"pwm":72,"est_mm_s":207,"dir":"CCW","session_dir":"CCW","mdir":"FWD","rear":67,"front":62,"env":1560,"lc_mm":67,"last_confirmed_landmark":"","age_ms":1170,"since":0,"dead_reckoned_mm":67,"candidate_mm":-1,"viable":[],"lostm":0,"lost_ms":0,"agree":145,"disagree":0,"losts":0,"auto":1}
2026-08-26T11:08:27.993	ngr/loco/9950012/alert	{"level":"CLEAR","reason":"STATUS","loco":"9950012","uptime_ms":540183,"nav":"NORMAL","moving":1,"pwm":72,"est_mm_s":203,"dir":"CCW","session_dir":"CCW","mdir":"FWD","rear":66,"front":61,"env":1580,"lc_mm":66,"last_confirmed_landmark":"","age_ms":694,"since":0,"dead_reckoned_mm":66,"candidate_mm":-1,"viable":[],"lostm":0,"lost_ms":0,"agree":146,"disagree":0,"losts":0,"auto":1}
2026-08-26T11:08:29.010	ngr/loco/9950012/alert	{"level":"CLEAR","reason":"STATUS","loco":"9950012","uptime_ms":541193,"nav":"NORMAL","moving":1,"pwm":72,"est_mm_s":204,"dir":"CCW","session_dir":"CCW","mdir":"FWD","rear":65,"front":60,"env":1590,"lc_mm":65,"last_confirmed_landmark":"","age_ms":209,"since":0,"dead_reckoned_mm":65,"candidate_mm":-1,"viable":[],"lostm":0,"lost_ms":0,"agree":147,"disagree":0,"losts":0,"auto":1}
2026-08-26T11:08:30.003	ngr/loco/9950012/alert	{"level":"CLEAR","reason":"STATUS","loco":"9950012","uptime_ms":542193,"nav":"NORMAL","moving":1,"pwm":72,"est_mm_s":204,"dir":"CCW","session_dir":"CCW","mdir":"FWD","rear":65,"front":60,"env":1590,"lc_mm":65,"last_confirmed_landmark":"","age_ms":1209,"since":0,"dead_reckoned_mm":65,"candidate_mm":-1,"viable":[],"lostm":0,"lost_ms":0,"agree":147,"disagree":0,"losts":0,"auto":1}
2026-08-26T11:08:31.002	ngr/loco/9950012/alert	{"level":"CLEAR","reason":"STATUS","loco":"9950012","uptime_ms":543193,"nav":"NORMAL","moving":1,"pwm":72,"est_mm_s":180,"dir":"CCW","session_dir":"CCW","mdir":"FWD","rear":64,"front":59,"env":1575,"lc_mm":64,"last_confirmed_landmark":"","age_ms":462,"since":0,"dead_reckoned_mm":64,"candidate_mm":-1,"viable":[],"lostm":0,"lost_ms":0,"agree":148,"disagree":0,"losts":0,"auto":1}
2026-08-26T11:08:32.002	ngr/loco/9950012/alert	{"level":"CLEAR","reason":"STATUS","loco":"9950012","uptime_ms":544193,"nav":"NORMAL","moving":1,"pwm":72,"est_mm_s":180,"dir":"CCW","session_dir":"CCW","mdir":"FWD","rear":64,"front":59,"env":1575,"lc_mm":64,"last_confirmed_landmark":"","age_ms":1462,"since":0,"dead_reckoned_mm":64,"candidate_mm":-1,"viable":[],"lostm":0,"lost_ms":0,"agree":148,"disagree":0,"losts":0,"auto":1}
2026-08-26T11:08:33.003	ngr/loco/9950012/alert	{"level":"CLEAR","reason":"STATUS","loco":"9950012","uptime_ms":545193,"nav":"NORMAL","moving":1,"pwm":71,"est_mm_s":3987,"dir":"CCW","session_dir":"CCW","mdir":"FWD","rear":64,"front":57,"env":2190,"lc_mm":64,"last_confirmed_landmark":"","age_ms":2462,"since":2,"dead_reckoned_mm":62,"candidate_mm":-1,"viable":[],"lostm":0,"lost_ms":0,"agree":148,"disagree":2,"losts":0,"auto":1}
2026-08-26T11:08:34.001	ngr/loco/9950012/alert	{"level":"CLEAR","reason":"STATUS","loco":"9950012","uptime_ms":546193,"nav":"NORMAL","moving":1,"pwm":66,"est_mm_s":3987,"dir":"CCW","session_dir":"CCW","mdir":"FWD","rear":64,"front":57,"env":2190,"lc_mm":64,"last_confirmed_landmark":"","age_ms":3462,"since":2,"dead_reckoned_mm":62,"candidate_mm":-1,"viable":[],"lostm":0,"lost_ms":0,"agree":148,"disagree":2,"losts":0,"auto":1}
2026-08-26T11:08:35.001	ngr/loco/9950012/alert	{"level":"EVALUATING","reason":"STATUS","loco":"9950012","uptime_ms":547193,"nav":"EVALUATING","moving":1,"pwm":61,"est_mm_s":184,"dir":"CCW","session_dir":"CCW","mdir":"FWD","rear":64,"front":56,"env":2490,"lc_mm":64,"last_confirmed_landmark":"","age_ms":4462,"since":3,"dead_reckoned_mm":61,"candidate_mm":62,"viable":[-1,1,3],"lostm":0,"lost_ms":0,"agree":148,"disagree":3,"losts":0,"auto":1}
2026-08-26T11:08:36.003	ngr/loco/9950012/alert	{"level":"EVALUATING","reason":"STATUS","loco":"9950012","uptime_ms":548193,"nav":"EVALUATING","moving":1,"pwm":56,"est_mm_s":184,"dir":"CCW","session_dir":"CCW","mdir":"FWD","rear":64,"front":56,"env":2490,"lc_mm":64,"last_confirmed_landmark":"","age_ms":5462,"since":3,"dead_reckoned_mm":61,"candidate_mm":62,"viable":[-1,1,3],"lostm":0,"lost_ms":0,"agree":148,"disagree":3,"losts":0,"auto":1}
2026-08-26T11:08:36.999	ngr/loco/9950012/alert	{"level":"EVALUATING","reason":"STATUS","loco":"9950012","uptime_ms":549193,"nav":"EVALUATING","moving":1,"pwm":51,"est_mm_s":184,"dir":"CCW","session_dir":"CCW","mdir":"FWD","rear":64,"front":56,"env":2490,"lc_mm":64,"last_confirmed_landmark":"","age_ms":6462,"since":3,"dead_reckoned_mm":61,"candidate_mm":62,"viable":[-1,1,3],"lostm":0,"lost_ms":0,"agree":148,"disagree":3,"losts":0,"auto":1}
2026-08-26T11:08:38.002	ngr/loco/9950012/alert	{"level":"EVALUATING","reason":"STATUS","loco":"9950012","uptime_ms":550193,"nav":"EVALUATING","moving":1,"pwm":46,"est_mm_s":133,"dir":"CCW","session_dir":"CCW","mdir":"FWD","rear":64,"front":55,"env":2790,"lc_mm":64,"last_confirmed_landmark":"","age_ms":7462,"since":4,"dead_reckoned_mm":60,"candidate_mm":61,"viable":[-1,1,3],"lostm":0,"lost_ms":0,"agree":148,"disagree":3,"losts":0,"auto":1}
2026-08-26T11:08:39.000	ngr/loco/9950012/alert	{"level":"EVALUATING","reason":"STATUS","loco":"9950012","uptime_ms":551193,"nav":"EVALUATING","moving":1,"pwm":41,"est_mm_s":133,"dir":"CCW","session_dir":"CCW","mdir":"FWD","rear":64,"front":55,"env":2790,"lc_mm":64,"last_confirmed_landmark":"","age_ms":8462,"since":4,"dead_reckoned_mm":60,"candidate_mm":61,"viable":[-1,1,3],"lostm":0,"lost_ms":0,"agree":148,"disagree":3,"losts":0,"auto":1}
2026-08-26T11:08:40.004	ngr/loco/9950012/alert	{"level":"EVALUATING","reason":"STATUS","loco":"9950012","uptime_ms":552193,"nav":"EVALUATING","moving":1,"pwm":36,"est_mm_s":133,"dir":"CCW","session_dir":"CCW","mdir":"FWD","rear":64,"front":55,"env":2790,"lc_mm":64,"last_confirmed_landmark":"","age_ms":9462,"since":4,"dead_reckoned_mm":60,"candidate_mm":61,"viable":[-1,1,3],"lostm":0,"lost_ms":0,"agree":148,"disagree":3,"losts":0,"auto":1}
2026-08-26T11:08:41.001	ngr/loco/9950012/alert	{"level":"EVALUATING","reason":"STATUS","loco":"9950012","uptime_ms":553193,"nav":"EVALUATING","moving":1,"pwm":31,"est_mm_s":133,"dir":"CCW","session_dir":"CCW","mdir":"FWD","rear":64,"front":55,"env":2790,"lc_mm":64,"last_confirmed_landmark":"","age_ms":10462,"since":4,"dead_reckoned_mm":60,"candidate_mm":61,"viable":[-1,1,3],"lostm":0,"lost_ms":0,"agree":148,"disagree":3,"losts":0,"auto":1}
2026-08-26T11:08:42.000	ngr/loco/9950012/alert	{"level":"EVALUATING","reason":"STATUS","loco":"9950012","uptime_ms":554193,"nav":"EVALUATING","moving":1,"pwm":26,"est_mm_s":133,"dir":"CCW","session_dir":"CCW","mdir":"FWD","rear":64,"front":55,"env":2790,"lc_mm":64,"last_confirmed_landmark":"","age_ms":11462,"since":4,"dead_reckoned_mm":60,"candidate_mm":61,"viable":[-1,1,3],"lostm":0,"lost_ms":0,"agree":148,"disagree":3,"losts":0,"auto":1}
2026-08-26T11:08:43.002	ngr/loco/9950012/alert	{"level":"EVALUATING","reason":"STATUS","loco":"9950012","uptime_ms":555193,"nav":"EVALUATING","moving":1,"pwm":21,"est_mm_s":133,"dir":"CCW","session_dir":"CCW","mdir":"FWD","rear":64,"front":55,"env":2790,"lc_mm":64,"last_confirmed_landmark":"","age_ms":12462,"since":4,"dead_reckoned_mm":60,"candidate_mm":61,"viable":[-1,1,3],"lostm":0,"lost_ms":0,"agree":148,"disagree":3,"losts":0,"auto":1}
2026-08-26T11:08:44.000	ngr/loco/9950012/alert	{"level":"EVALUATING","reason":"STATUS","loco":"9950012","uptime_ms":556193,"nav":"EVALUATING","moving":1,"pwm":16,"est_mm_s":133,"dir":"CCW","session_dir":"CCW","mdir":"FWD","rear":64,"front":55,"env":2790,"lc_mm":64,"last_confirmed_landmark":"","age_ms":13462,"since":4,"dead_reckoned_mm":60,"candidate_mm":61,"viable":[-1,1,3],"lostm":0,"lost_ms":0,"agree":148,"disagree":3,"losts":0,"auto":1}
2026-08-26T11:08:45.000	ngr/loco/9950012/alert	{"level":"EVALUATING","reason":"STATUS","loco":"9950012","uptime_ms":557193,"nav":"EVALUATING","moving":1,"pwm":11,"est_mm_s":133,"dir":"CCW","session_dir":"CCW","mdir":"FWD","rear":64,"front":55,"env":2790,"lc_mm":64,"last_confirmed_landmark":"","age_ms":14462,"since":4,"dead_reckoned_mm":60,"candidate_mm":61,"viable":[-1,1,3],"lostm":0,"lost_ms":0,"agree":148,"disagree":3,"losts":0,"auto":1}
2026-08-26T11:08:46.001	ngr/loco/9950012/alert	{"level":"EVALUATING","reason":"STATUS","loco":"9950012","uptime_ms":558193,"nav":"EVALUATING","moving":1,"pwm":6,"est_mm_s":133,"dir":"CCW","session_dir":"CCW","mdir":"FWD","rear":64,"front":55,"env":2790,"lc_mm":64,"last_confirmed_landmark":"","age_ms":15462,"since":4,"dead_reckoned_mm":60,"candidate_mm":61,"viable":[-1,1,3],"lostm":0,"lost_ms":0,"agree":148,"disagree":3,"losts":0,"auto":1}
2026-08-26T11:08:46.999	ngr/loco/9950012/alert	{"level":"EVALUATING","reason":"STATUS","loco":"9950012","uptime_ms":559193,"nav":"EVALUATING","moving":1,"pwm":1,"est_mm_s":133,"dir":"CCW","session_dir":"CCW","mdir":"FWD","rear":64,"front":55,"env":2790,"lc_mm":64,"last_confirmed_landmark":"","age_ms":16462,"since":4,"dead_reckoned_mm":60,"candidate_mm":61,"viable":[-1,1,3],"lostm":0,"lost_ms":0,"agree":148,"disagree":3,"losts":0,"auto":1}
2026-08-26T11:08:48.003	ngr/loco/9950012/alert	{"level":"EVALUATING","reason":"STATUS","loco":"9950012","uptime_ms":560193,"nav":"EVALUATING","moving":0,"pwm":0,"est_mm_s":133,"dir":"CCW","session_dir":"CCW","mdir":"FWD","rear":64,"front":55,"env":2790,"lc_mm":64,"last_confirmed_landmark":"","age_ms":17462,"since":4,"dead_reckoned_mm":60,"candidate_mm":61,"viable":[-1,1,3],"lostm":0,"lost_ms":0,"agree":148,"disagree":3,"losts":0,"auto":1}
2026-08-26T11:08:49.004	ngr/loco/9950012/alert	{"level":"EVALUATING","reason":"STATUS","loco":"9950012","uptime_ms":561193,"nav":"EVALUATING","moving":0,"pwm":0,"est_mm_s":133,"dir":"CCW","session_dir":"CCW","mdir":"FWD","rear":64,"front":55,"env":2790,"lc_mm":64,"last_confirmed_landmark":"","age_ms":18462,"since":4,"dead_reckoned_mm":60,"candidate_mm":61,"viable":[-1,1,3],"lostm":0,"lost_ms":0,"agree":148,"disagree":3,"losts":0,"auto":1}
2026-08-26T11:08:50.001	ngr/loco/9950012/alert	{"level":"EVALUATING","reason":"STATUS","loco":"9950012","uptime_ms":562193,"nav":"EVALUATING","moving":0,"pwm":0,"est_mm_s":133,"dir":"CCW","session_dir":"CCW","mdir":"FWD","rear":64,"front":55,"env":2790,"lc_mm":64,"last_confirmed_landmark":"","age_ms":19462,"since":4,"dead_reckoned_mm":60,"candidate_mm":61,"viable":[-1,1,3],"lostm":0,"lost_ms":0,"agree":148,"disagree":3,"losts":0,"auto":1}
2026-08-26T11:08:51.005	ngr/loco/9950012/alert	{"level":"EVALUATING","reason":"STATUS","loco":"9950012","uptime_ms":563193,"nav":"EVALUATING","moving":0,"pwm":0,"est_mm_s":133,"dir":"CCW","session_dir":"CCW","mdir":"FWD","rear":64,"front":55,"env":2790,"lc_mm":64,"last_confirmed_landmark":"","age_ms":20462,"since":4,"dead_reckoned_mm":60,"candidate_mm":61,"viable":[-1,1,3],"lostm":0,"lost_ms":0,"agree":148,"disagree":3,"losts":0,"auto":1}
2026-08-26T11:08:52.003	ngr/loco/9950012/alert	{"level":"EVALUATING","reason":"STATUS","loco":"9950012","uptime_ms":564193,"nav":"EVALUATING","moving":0,"pwm":0,"est_mm_s":133,"dir":"CCW","session_dir":"CCW","mdir":"FWD","rear":64,"front":55,"env":2790,"lc_mm":64,"last_confirmed_landmark":"","age_ms":21462,"since":4,"dead_reckoned_mm":60,"candidate_mm":61,"viable":[-1,1,3],"lostm":0,"lost_ms":0,"agree":148,"disagree":3,"losts":0,"auto":1}
2026-08-26T11:08:53.002	ngr/loco/9950012/alert	{"level":"EVALUATING","reason":"STATUS","loco":"9950012","uptime_ms":565193,"nav":"EVALUATING","moving":0,"pwm":0,"est_mm_s":133,"dir":"CCW","session_dir":"CCW","mdir":"FWD","rear":64,"front":55,"env":2790,"lc_mm":64,"last_confirmed_landmark":"","age_ms":22462,"since":4,"dead_reckoned_mm":60,"candidate_mm":61,"viable":[-1,1,3],"lostm":0,"lost_ms":0,"agree":148,"disagree":3,"losts":0,"auto":1}
2026-08-26T11:08:54.002	ngr/loco/9950012/alert	{"level":"EVALUATING","reason":"STATUS","loco":"9950012","uptime_ms":566193,"nav":"EVALUATING","moving":0,"pwm":0,"est_mm_s":133,"dir":"CCW","session_dir":"CCW","mdir":"FWD","rear":64,"front":55,"env":2790,"lc_mm":64,"last_confirmed_landmark":"","age_ms":23462,"since":4,"dead_reckoned_mm":60,"candidate_mm":61,"viable":[-1,1,3],"lostm":0,"lost_ms":0,"agree":148,"disagree":3,"losts":0,"auto":1}
2026-08-26T11:08:55.030	ngr/loco/9950012/alert	{"level":"EVALUATING","reason":"STATUS","loco":"9950012","uptime_ms":567193,"nav":"EVALUATING","moving":0,"pwm":0,"est_mm_s":133,"dir":"CCW","session_dir":"CCW","mdir":"FWD","rear":64,"front":55,"env":2790,"lc_mm":64,"last_confirmed_landmark":"","age_ms":24462,"since":4,"dead_reckoned_mm":60,"candidate_mm":61,"viable":[-1,1,3],"lostm":0,"lost_ms":0,"agree":148,"disagree":3,"losts":0,"auto":1}
2026-08-26T11:08:56.007	ngr/loco/9950012/alert	{"level":"EVALUATING","reason":"STATUS","loco":"9950012","uptime_ms":568193,"nav":"EVALUATING","moving":0,"pwm":0,"est_mm_s":133,"dir":"CCW","session_dir":"CCW","mdir":"FWD","rear":64,"front":55,"env":2790,"lc_mm":64,"last_confirmed_landmark":"","age_ms":25462,"since":4,"dead_reckoned_mm":60,"candidate_mm":61,"viable":[-1,1,3],"lostm":0,"lost_ms":0,"agree":148,"disagree":3,"losts":0,"auto":1}
2026-08-26T11:08:57.004	ngr/loco/9950012/alert	{"level":"EVALUATING","reason":"STATUS","loco":"9950012","uptime_ms":569193,"nav":"EVALUATING","moving":0,"pwm":0,"est_mm_s":133,"dir":"CCW","session_dir":"CCW","mdir":"FWD","rear":64,"front":55,"env":2790,"lc_mm":64,"last_confirmed_landmark":"","age_ms":26462,"since":4,"dead_reckoned_mm":60,"candidate_mm":61,"viable":[-1,1,3],"lostm":0,"lost_ms":0,"agree":148,"disagree":3,"losts":0,"auto":1}
2026-08-26T11:08:58.005	ngr/loco/9950012/alert	{"level":"EVALUATING","reason":"STATUS","loco":"9950012","uptime_ms":570193,"nav":"EVALUATING","moving":0,"pwm":0,"est_mm_s":133,"dir":"CCW","session_dir":"CCW","mdir":"FWD","rear":64,"front":55,"env":2790,"lc_mm":64,"last_confirmed_landmark":"","age_ms":27462,"since":4,"dead_reckoned_mm":60,"candidate_mm":61,"viable":[-1,1,3],"lostm":0,"lost_ms":0,"agree":148,"disagree":3,"losts":0,"auto":1}
2026-08-26T11:08:59.004	ngr/loco/9950012/alert	{"level":"EVALUATING","reason":"STATUS","loco":"9950012","uptime_ms":571193,"nav":"EVALUATING","moving":0,"pwm":0,"est_mm_s":133,"dir":"CCW","session_dir":"CCW","mdir":"FWD","rear":64,"front":55,"env":2790,"lc_mm":64,"last_confirmed_landmark":"","age_ms":28462,"since":4,"dead_reckoned_mm":60,"candidate_mm":61,"viable":[-1,1,3],"lostm":0,"lost_ms":0,"agree":148,"disagree":3,"losts":0,"auto":1}
2026-08-26T11:09:00.002	ngr/loco/9950012/alert	{"level":"EVALUATING","reason":"STATUS","loco":"9950012","uptime_ms":572193,"nav":"EVALUATING","moving":0,"pwm":0,"est_mm_s":133,"dir":"CCW","session_dir":"CCW","mdir":"FWD","rear":64,"front":55,"env":2790,"lc_mm":64,"last_confirmed_landmark":"","age_ms":29462,"since":4,"dead_reckoned_mm":60,"candidate_mm":61,"viable":[-1,1,3],"lostm":0,"lost_ms":0,"agree":148,"disagree":3,"losts":0,"auto":1}
2026-08-26T11:09:01.003	ngr/loco/9950012/alert	{"level":"EVALUATING","reason":"STATUS","loco":"9950012","uptime_ms":573193,"nav":"EVALUATING","moving":0,"pwm":0,"est_mm_s":133,"dir":"CCW","session_dir":"CCW","mdir":"FWD","rear":64,"front":55,"env":2790,"lc_mm":64,"last_confirmed_landmark":"","age_ms":30462,"since":4,"dead_reckoned_mm":60,"candidate_mm":61,"viable":[-1,1,3],"lostm":0,"lost_ms":0,"agree":148,"disagree":3,"losts":0,"auto":1}
2026-08-26T11:09:02.003	ngr/loco/9950012/alert	{"level":"EVALUATING","reason":"STATUS","loco":"9950012","uptime_ms":574193,"nav":"EVALUATING","moving":0,"pwm":0,"est_mm_s":133,"dir":"CCW","session_dir":"CCW","mdir":"FWD","rear":64,"front":55,"env":2790,"lc_mm":64,"last_confirmed_landmark":"","age_ms":31462,"since":4,"dead_reckoned_mm":60,"candidate_mm":61,"viable":[-1,1,3],"lostm":0,"lost_ms":0,"agree":148,"disagree":3,"losts":0,"auto":1}
2026-08-26T11:09:03.003	ngr/loco/9950012/alert	{"level":"EVALUATING","reason":"STATUS","loco":"9950012","uptime_ms":575193,"nav":"EVALUATING","moving":1,"pwm":7,"est_mm_s":133,"dir":"CCW","session_dir":"CCW","mdir":"FWD","rear":64,"front":55,"env":2790,"lc_mm":64,"last_confirmed_landmark":"","age_ms":32462,"since":4,"dead_reckoned_mm":60,"candidate_mm":61,"viable":[-1,1,3],"lostm":0,"lost_ms":0,"agree":148,"disagree":3,"losts":0,"auto":1}
2026-08-26T11:09:04.002	ngr/loco/9950012/alert	{"level":"EVALUATING","reason":"STATUS","loco":"9950012","uptime_ms":576193,"nav":"EVALUATING","moving":1,"pwm":13,"est_mm_s":133,"dir":"CCW","session_dir":"CCW","mdir":"FWD","rear":64,"front":55,"env":2790,"lc_mm":64,"last_confirmed_landmark":"","age_ms":33462,"since":4,"dead_reckoned_mm":60,"candidate_mm":61,"viable":[-1,1,3],"lostm":0,"lost_ms":0,"agree":148,"disagree":3,"losts":0,"auto":1}
2026-08-26T11:09:05.004	ngr/loco/9950012/alert	{"level":"EVALUATING","reason":"STATUS","loco":"9950012","uptime_ms":577193,"nav":"EVALUATING","moving":1,"pwm":20,"est_mm_s":133,"dir":"CCW","session_dir":"CCW","mdir":"FWD","rear":64,"front":55,"env":2790,"lc_mm":64,"last_confirmed_landmark":"","age_ms":34462,"since":4,"dead_reckoned_mm":60,"candidate_mm":61,"viable":[-1,1,3],"lostm":0,"lost_ms":0,"agree":148,"disagree":3,"losts":0,"auto":1}
2026-08-26T11:09:06.007	ngr/loco/9950012/alert	{"level":"EVALUATING","reason":"STATUS","loco":"9950012","uptime_ms":578193,"nav":"EVALUATING","moving":1,"pwm":27,"est_mm_s":133,"dir":"CCW","session_dir":"CCW","mdir":"FWD","rear":64,"front":55,"env":2790,"lc_mm":64,"last_confirmed_landmark":"","age_ms":35462,"since":4,"dead_reckoned_mm":60,"candidate_mm":61,"viable":[-1,1,3],"lostm":0,"lost_ms":0,"agree":148,"disagree":3,"losts":0,"auto":1}
2026-08-26T11:09:07.001	ngr/loco/9950012/alert	{"level":"EVALUATING","reason":"STATUS","loco":"9950012","uptime_ms":579193,"nav":"EVALUATING","moving":1,"pwm":33,"est_mm_s":133,"dir":"CCW","session_dir":"CCW","mdir":"FWD","rear":64,"front":55,"env":2790,"lc_mm":64,"last_confirmed_landmark":"","age_ms":36462,"since":4,"dead_reckoned_mm":60,"candidate_mm":61,"viable":[-1,1,3],"lostm":0,"lost_ms":0,"agree":148,"disagree":3,"losts":0,"auto":1}
2026-08-26T11:09:08.000	ngr/loco/9950012/alert	{"level":"EVALUATING","reason":"STATUS","loco":"9950012","uptime_ms":580193,"nav":"EVALUATING","moving":1,"pwm":40,"est_mm_s":9,"dir":"CCW","session_dir":"CCW","mdir":"FWD","rear":64,"front":54,"env":3090,"lc_mm":64,"last_confirmed_landmark":"","age_ms":37462,"since":5,"dead_reckoned_mm":59,"candidate_mm":60,"viable":[-1,1],"lostm":0,"lost_ms":0,"agree":148,"disagree":3,"losts":0,"auto":1}
2026-08-26T11:09:08.999	ngr/loco/9950012/alert	{"level":"EVALUATING","reason":"STATUS","loco":"9950012","uptime_ms":581193,"nav":"EVALUATING","moving":1,"pwm":47,"est_mm_s":9,"dir":"CCW","session_dir":"CCW","mdir":"FWD","rear":64,"front":54,"env":3090,"lc_mm":64,"last_confirmed_landmark":"","age_ms":38462,"since":5,"dead_reckoned_mm":59,"candidate_mm":60,"viable":[-1,1],"lostm":0,"lost_ms":0,"agree":148,"disagree":3,"losts":0,"auto":1}
2026-08-26T11:09:10.003	ngr/loco/9950012/alert	{"level":"EVALUATING","reason":"STATUS","loco":"9950012","uptime_ms":582193,"nav":"EVALUATING","moving":1,"pwm":53,"est_mm_s":9,"dir":"CCW","session_dir":"CCW","mdir":"FWD","rear":64,"front":54,"env":3090,"lc_mm":64,"last_confirmed_landmark":"","age_ms":39462,"since":5,"dead_reckoned_mm":59,"candidate_mm":60,"viable":[-1,1],"lostm":0,"lost_ms":0,"agree":148,"disagree":3,"losts":0,"auto":1}
2026-08-26T11:09:11.020	ngr/loco/9950012/alert	{"level":"EVALUATING","reason":"STATUS","loco":"9950012","uptime_ms":583193,"nav":"EVALUATING","moving":1,"pwm":60,"est_mm_s":9,"dir":"CCW","session_dir":"CCW","mdir":"FWD","rear":64,"front":54,"env":3090,"lc_mm":64,"last_confirmed_landmark":"","age_ms":40462,"since":5,"dead_reckoned_mm":59,"candidate_mm":60,"viable":[-1,1],"lostm":0,"lost_ms":0,"agree":148,"disagree":3,"losts":0,"auto":1}
2026-08-26T11:09:12.003	ngr/loco/9950012/alert	{"level":"EVALUATING","reason":"STATUS","loco":"9950012","uptime_ms":584193,"nav":"EVALUATING","moving":1,"pwm":67,"est_mm_s":76,"dir":"CCW","session_dir":"CCW","mdir":"FWD","rear":64,"front":53,"env":3390,"lc_mm":64,"last_confirmed_landmark":"","age_ms":41462,"since":6,"dead_reckoned_mm":58,"candidate_mm":59,"viable":[-1,1],"lostm":0,"lost_ms":0,"agree":148,"disagree":3,"losts":0,"auto":1}
2026-08-26T11:09:13.001	ngr/loco/9950012/alert	{"level":"EVALUATING","reason":"STATUS","loco":"9950012","uptime_ms":585193,"nav":"EVALUATING","moving":1,"pwm":73,"est_mm_s":76,"dir":"CCW","session_dir":"CCW","mdir":"FWD","rear":64,"front":53,"env":3390,"lc_mm":64,"last_confirmed_landmark":"","age_ms":42462,"since":6,"dead_reckoned_mm":58,"candidate_mm":59,"viable":[-1,1],"lostm":0,"lost_ms":0,"agree":148,"disagree":3,"losts":0,"auto":1}
2026-08-26T11:09:14.003	ngr/loco/9950012/alert	{"level":"CLEAR","reason":"STATUS","loco":"9950012","uptime_ms":586193,"nav":"NORMAL","moving":1,"pwm":80,"est_mm_s":155,"dir":"CCW","session_dir":"CCW","mdir":"FWD","rear":64,"front":53,"env":3690,"lc_mm":64,"last_confirmed_landmark":"","age_ms":43462,"since":7,"dead_reckoned_mm":58,"candidate_mm":-1,"viable":[],"lostm":0,"lost_ms":0,"agree":148,"disagree":3,"losts":0,"auto":1}
2026-08-26T11:09:15.003	ngr/loco/9950012/alert	{"level":"CLEAR","reason":"STATUS","loco":"9950012","uptime_ms":587193,"nav":"NORMAL","moving":1,"pwm":86,"est_mm_s":193,"dir":"CCW","session_dir":"CCW","mdir":"FWD","rear":57,"front":52,"env":1500,"lc_mm":57,"last_confirmed_landmark":"","age_ms":363,"since":0,"dead_reckoned_mm":57,"candidate_mm":-1,"viable":[],"lostm":0,"lost_ms":0,"agree":149,"disagree":3,"losts":0,"auto":1}
2026-08-26T11:09:16.016	ngr/loco/9950012/alert	{"level":"CLEAR","reason":"STATUS","loco":"9950012","uptime_ms":588195,"nav":"NORMAL","moving":1,"pwm":90,"est_mm_s":252,"dir":"CCW","session_dir":"CCW","mdir":"FWD","rear":56,"front":51,"env":1500,"lc_mm":56,"last_confirmed_landmark":"","age_ms":178,"since":0,"dead_reckoned_mm":56,"candidate_mm":-1,"viable":[],"lostm":0,"lost_ms":0,"agree":150,"disagree":3,"losts":0,"auto":1}
2026-08-26T11:09:17.004	ngr/loco/9950012/alert	{"level":"CLEAR","reason":"STATUS","loco":"9950012","uptime_ms":589195,"nav":"NORMAL","moving":1,"pwm":90,"est_mm_s":252,"dir":"CCW","session_dir":"CCW","mdir":"FWD","rear":56,"front":51,"env":1500,"lc_mm":56,"last_confirmed_landmark":"","age_ms":1178,"since":0,"dead_reckoned_mm":56,"candidate_mm":-1,"viable":[],"lostm":0,"lost_ms":0,"agree":150,"disagree":3,"losts":0,"auto":1}
2026-08-26T11:09:18.005	ngr/loco/9950012/alert	{"level":"CLEAR","reason":"STATUS","loco":"9950012","uptime_ms":590195,"nav":"NORMAL","moving":1,"pwm":90,"est_mm_s":271,"dir":"CCW","session_dir":"CCW","mdir":"FWD","rear":55,"front":50,"env":1500,"lc_mm":55,"last_confirmed_landmark":"","age_ms":1075,"since":0,"dead_reckoned_mm":55,"candidate_mm":-1,"viable":[],"lostm":0,"lost_ms":0,"agree":151,"disagree":3,"losts":0,"auto":1}
2026-08-26T11:09:19.004	ngr/loco/9950012/alert	{"level":"CLEAR","reason":"STATUS","loco":"9950012","uptime_ms":591195,"nav":"NORMAL","moving":1,"pwm":90,"est_mm_s":273,"dir":"CCW","session_dir":"CCW","mdir":"FWD","rear":54,"front":49,"env":1500,"lc_mm":54,"last_confirmed_landmark":"","age_ms":977,"since":0,"dead_reckoned_mm":54,"candidate_mm":-1,"viable":[],"lostm":0,"lost_ms":0,"agree":152,"disagree":3,"losts":0,"auto":1}
2026-08-26T11:09:20.003	ngr/loco/9950012/alert	{"level":"CLEAR","reason":"STATUS","loco":"9950012","uptime_ms":592195,"nav":"NORMAL","moving":1,"pwm":90,"est_mm_s":262,"dir":"CCW","session_dir":"CCW","mdir":"FWD","rear":53,"front":48,"env":1500,"lc_mm":53,"last_confirmed_landmark":"","age_ms":836,"since":0,"dead_reckoned_mm":53,"candidate_mm":-1,"viable":[],"lostm":0,"lost_ms":0,"agree":153,"disagree":3,"losts":0,"auto":1}
2026-08-26T11:09:21.006	ngr/loco/9950012/alert	{"level":"CLEAR","reason":"STATUS","loco":"9950012","uptime_ms":593195,"nav":"NORMAL","moving":1,"pwm":90,"est_mm_s":265,"dir":"CCW","session_dir":"CCW","mdir":"FWD","rear":52,"front":47,"env":1500,"lc_mm":52,"last_confirmed_landmark":"","age_ms":704,"since":0,"dead_reckoned_mm":52,"candidate_mm":-1,"viable":[],"lostm":0,"lost_ms":0,"agree":154,"disagree":3,"losts":0,"auto":1}
2026-08-26T11:09:22.005	ngr/loco/9950012/alert	{"level":"CLEAR","reason":"STATUS","loco":"9950012","uptime_ms":594195,"nav":"NORMAL","moving":1,"pwm":90,"est_mm_s":268,"dir":"CCW","session_dir":"CCW","mdir":"FWD","rear":51,"front":46,"env":1500,"lc_mm":51,"last_confirmed_landmark":"","age_ms":587,"since":0,"dead_reckoned_mm":51,"candidate_mm":-1,"viable":[],"lostm":0,"lost_ms":0,"agree":155,"disagree":3,"losts":0,"auto":1}
2026-08-26T11:09:23.004	ngr/loco/9950012/alert	{"level":"CLEAR","reason":"STATUS","loco":"9950012","uptime_ms":595195,"nav":"NORMAL","moving":1,"pwm":90,"est_mm_s":264,"dir":"CCW","session_dir":"CCW","mdir":"FWD","rear":50,"front":45,"env":1500,"lc_mm":50,"last_confirmed_landmark":"","age_ms":451,"since":0,"dead_reckoned_mm":50,"candidate_mm":-1,"viable":[],"lostm":0,"lost_ms":0,"agree":156,"disagree":3,"losts":0,"auto":1}
2026-08-26T11:09:24.009	ngr/loco/9950012/alert	{"level":"CLEAR","reason":"STATUS","loco":"9950012","uptime_ms":596195,"nav":"NORMAL","moving":1,"pwm":90,"est_mm_s":260,"dir":"CCW","session_dir":"CCW","mdir":"FWD","rear":49,"front":44,"env":1500,"lc_mm":49,"last_confirmed_landmark":"","age_ms":300,"since":0,"dead_reckoned_mm":49,"candidate_mm":-1,"viable":[],"lostm":0,"lost_ms":0,"agree":157,"disagree":3,"losts":0,"auto":1}
2026-08-26T11:09:25.004	ngr/loco/9950012/alert	{"level":"CLEAR","reason":"STATUS","loco":"9950012","uptime_ms":597195,"nav":"NORMAL","moving":1,"pwm":90,"est_mm_s":260,"dir":"CCW","session_dir":"CCW","mdir":"FWD","rear":49,"front":44,"env":1500,"lc_mm":49,"last_confirmed_landmark":"","age_ms":1300,"since":0,"dead_reckoned_mm":49,"candidate_mm":-1,"viable":[],"lostm":0,"lost_ms":0,"agree":157,"disagree":3,"losts":0,"auto":1}
2026-08-26T11:09:26.007	ngr/loco/9950012/alert	{"level":"CLEAR","reason":"STATUS","loco":"9950012","uptime_ms":598195,"nav":"NORMAL","moving":1,"pwm":90,"est_mm_s":256,"dir":"CCW","session_dir":"CCW","mdir":"FWD","rear":48,"front":43,"env":1500,"lc_mm":48,"last_confirmed_landmark":"","age_ms":1131,"since":0,"dead_reckoned_mm":48,"candidate_mm":-1,"viable":[],"lostm":0,"lost_ms":0,"agree":158,"disagree":3,"losts":0,"auto":1}
2026-08-26T11:09:27.006	ngr/loco/9950012/alert	{"level":"CLEAR","reason":"STATUS","loco":"9950012","uptime_ms":599195,"nav":"NORMAL","moving":1,"pwm":90,"est_mm_s":254,"dir":"CCW","session_dir":"CCW","mdir":"FWD","rear":47,"front":42,"env":1500,"lc_mm":47,"last_confirmed_landmark":"","age_ms":953,"since":0,"dead_reckoned_mm":47,"candidate_mm":-1,"viable":[],"lostm":0,"lost_ms":0,"agree":159,"disagree":3,"losts":0,"auto":1}
2026-08-26T11:09:28.002	ngr/loco/9950012/alert	{"level":"CLEAR","reason":"STATUS","loco":"9950012","uptime_ms":600195,"nav":"NORMAL","moving":1,"pwm":90,"est_mm_s":254,"dir":"CCW","session_dir":"CCW","mdir":"FWD","rear":46,"front":41,"env":1500,"lc_mm":46,"last_confirmed_landmark":"","age_ms":773,"since":0,"dead_reckoned_mm":46,"candidate_mm":-1,"viable":[],"lostm":0,"lost_ms":0,"agree":160,"disagree":3,"losts":0,"auto":1}
2026-08-26T11:09:29.004	ngr/loco/9950012/alert	{"level":"CLEAR","reason":"STATUS","loco":"9950012","uptime_ms":601195,"nav":"NORMAL","moving":1,"pwm":90,"est_mm_s":249,"dir":"CCW","session_dir":"CCW","mdir":"FWD","rear":45,"front":40,"env":1500,"lc_mm":45,"last_confirmed_landmark":"","age_ms":571,"since":0,"dead_reckoned_mm":45,"candidate_mm":-1,"viable":[],"lostm":0,"lost_ms":0,"agree":161,"disagree":3,"losts":0,"auto":1}
2026-08-26T11:09:30.005	ngr/loco/9950012/alert	{"level":"CLEAR","reason":"STATUS","loco":"9950012","uptime_ms":602195,"nav":"NORMAL","moving":1,"pwm":84,"est_mm_s":250,"dir":"CCW","session_dir":"CCW","mdir":"FWD","rear":44,"front":39,"env":1500,"lc_mm":44,"last_confirmed_landmark":"","age_ms":375,"since":0,"dead_reckoned_mm":44,"candidate_mm":-1,"viable":[],"lostm":0,"lost_ms":0,"agree":162,"disagree":3,"losts":0,"auto":0}
2026-08-26T11:09:31.006	ngr/loco/9950012/alert	{"level":"CLEAR","reason":"STATUS","loco":"9950012","uptime_ms":603195,"nav":"NORMAL","moving":1,"pwm":77,"est_mm_s":250,"dir":"CCW","session_dir":"CCW","mdir":"FWD","rear":44,"front":39,"env":1500,"lc_mm":44,"last_confirmed_landmark":"","age_ms":1375,"since":0,"dead_reckoned_mm":44,"candidate_mm":-1,"viable":[],"lostm":0,"lost_ms":0,"agree":162,"disagree":3,"losts":0,"auto":0}
2026-08-26T11:09:32.006	ngr/loco/9950012/alert	{"level":"CLEAR","reason":"STATUS","loco":"9950012","uptime_ms":604195,"nav":"NORMAL","moving":1,"pwm":70,"est_mm_s":231,"dir":"CCW","session_dir":"CCW","mdir":"FWD","rear":43,"front":38,"env":1500,"lc_mm":43,"last_confirmed_landmark":"","age_ms":1078,"since":0,"dead_reckoned_mm":43,"candidate_mm":-1,"viable":[],"lostm":0,"lost_ms":0,"agree":163,"disagree":3,"losts":0,"auto":0}
2026-08-26T11:09:33.006	ngr/loco/9950012/alert	{"level":"CLEAR","reason":"STATUS","loco":"9950012","uptime_ms":605195,"nav":"NORMAL","moving":1,"pwm":64,"est_mm_s":196,"dir":"CCW","session_dir":"CCW","mdir":"FWD","rear":42,"front":37,"env":1500,"lc_mm":42,"last_confirmed_landmark":"","age_ms":553,"since":0,"dead_reckoned_mm":42,"candidate_mm":-1,"viable":[],"lostm":0,"lost_ms":0,"agree":164,"disagree":3,"losts":0,"auto":0}
2026-08-26T11:09:34.006	ngr/loco/9950012/alert	{"level":"CLEAR","reason":"STATUS","loco":"9950012","uptime_ms":606195,"nav":"NORMAL","moving":1,"pwm":57,"est_mm_s":196,"dir":"CCW","session_dir":"CCW","mdir":"FWD","rear":42,"front":37,"env":1500,"lc_mm":42,"last_confirmed_landmark":"","age_ms":1553,"since":0,"dead_reckoned_mm":42,"candidate_mm":-1,"viable":[],"lostm":0,"lost_ms":0,"agree":164,"disagree":3,"losts":0,"auto":0}
2026-08-26T11:09:35.006	ngr/loco/9950012/alert	{"level":"CLEAR","reason":"STATUS","loco":"9950012","uptime_ms":607195,"nav":"NORMAL","moving":1,"pwm":50,"est_mm_s":158,"dir":"CCW","session_dir":"CCW","mdir":"FWD","rear":41,"front":36,"env":1500,"lc_mm":41,"last_confirmed_landmark":"","age_ms":656,"since":0,"dead_reckoned_mm":41,"candidate_mm":-1,"viable":[],"lostm":0,"lost_ms":0,"agree":165,"disagree":3,"losts":0,"auto":0}
2026-08-26T11:09:36.004	ngr/loco/9950012/alert	{"level":"CLEAR","reason":"STATUS","loco":"9950012","uptime_ms":608195,"nav":"NORMAL","moving":1,"pwm":44,"est_mm_s":158,"dir":"CCW","session_dir":"CCW","mdir":"FWD","rear":41,"front":36,"env":1500,"lc_mm":41,"last_confirmed_landmark":"","age_ms":1656,"since":0,"dead_reckoned_mm":41,"candidate_mm":-1,"viable":[],"lostm":0,"lost_ms":0,"agree":165,"disagree":3,"losts":0,"auto":0}
2026-08-26T11:09:37.008	ngr/loco/9950012/alert	{"level":"CLEAR","reason":"STATUS","loco":"9950012","uptime_ms":609195,"nav":"NORMAL","moving":1,"pwm":37,"est_mm_s":158,"dir":"CCW","session_dir":"CCW","mdir":"FWD","rear":41,"front":36,"env":1500,"lc_mm":41,"last_confirmed_landmark":"","age_ms":2656,"since":0,"dead_reckoned_mm":41,"candidate_mm":-1,"viable":[],"lostm":0,"lost_ms":0,"agree":165,"disagree":3,"losts":0,"auto":0}
2026-08-26T11:09:38.008	ngr/loco/9950012/alert	{"level":"CLEAR","reason":"STATUS","loco":"9950012","uptime_ms":610195,"nav":"NORMAL","moving":1,"pwm":30,"est_mm_s":100,"dir":"CCW","session_dir":"CCW","mdir":"FWD","rear":40,"front":35,"env":1500,"lc_mm":40,"last_confirmed_landmark":"","age_ms":675,"since":0,"dead_reckoned_mm":40,"candidate_mm":-1,"viable":[],"lostm":0,"lost_ms":0,"agree":166,"disagree":3,"losts":0,"auto":0}
2026-08-26T11:09:39.003	ngr/loco/9950012/alert	{"level":"CLEAR","reason":"STATUS","loco":"9950012","uptime_ms":611195,"nav":"NORMAL","moving":1,"pwm":24,"est_mm_s":100,"dir":"CCW","session_dir":"CCW","mdir":"FWD","rear":40,"front":35,"env":1500,"lc_mm":40,"last_confirmed_landmark":"","age_ms":1675,"since":0,"dead_reckoned_mm":40,"candidate_mm":-1,"viable":[],"lostm":0,"lost_ms":0,"agree":166,"disagree":3,"losts":0,"auto":0}
2026-08-26T11:09:40.005	ngr/loco/9950012/alert	{"level":"CLEAR","reason":"STATUS","loco":"9950012","uptime_ms":612195,"nav":"NORMAL","moving":1,"pwm":17,"est_mm_s":100,"dir":"CCW","session_dir":"CCW","mdir":"FWD","rear":40,"front":35,"env":1500,"lc_mm":40,"last_confirmed_landmark":"","age_ms":2675,"since":0,"dead_reckoned_mm":40,"candidate_mm":-1,"viable":[],"lostm":0,"lost_ms":0,"agree":166,"disagree":3,"losts":0,"auto":0}
2026-08-26T11:09:41.023	ngr/loco/9950012/alert	{"level":"CLEAR","reason":"STATUS","loco":"9950012","uptime_ms":613195,"nav":"NORMAL","moving":1,"pwm":10,"est_mm_s":100,"dir":"CCW","session_dir":"CCW","mdir":"FWD","rear":40,"front":35,"env":1500,"lc_mm":40,"last_confirmed_landmark":"","age_ms":3675,"since":0,"dead_reckoned_mm":40,"candidate_mm":-1,"viable":[],"lostm":0,"lost_ms":0,"agree":166,"disagree":3,"losts":0,"auto":0}
2026-08-26T11:09:42.006	ngr/loco/9950012/alert	{"level":"CLEAR","reason":"STATUS","loco":"9950012","uptime_ms":614195,"nav":"NORMAL","moving":1,"pwm":4,"est_mm_s":100,"dir":"CCW","session_dir":"CCW","mdir":"FWD","rear":40,"front":35,"env":1500,"lc_mm":40,"last_confirmed_landmark":"","age_ms":4675,"since":0,"dead_reckoned_mm":40,"candidate_mm":-1,"viable":[],"lostm":0,"lost_ms":0,"agree":166,"disagree":3,"losts":0,"auto":0}
2026-08-26T11:09:43.011	ngr/loco/9950012/alert	{"level":"CLEAR","reason":"STATUS","loco":"9950012","uptime_ms":615195,"nav":"NORMAL","moving":0,"pwm":0,"est_mm_s":100,"dir":"CCW","session_dir":"CCW","mdir":"FWD","rear":40,"front":35,"env":1500,"lc_mm":40,"last_confirmed_landmark":"","age_ms":5675,"since":0,"dead_reckoned_mm":40,"candidate_mm":-1,"viable":[],"lostm":0,"lost_ms":0,"agree":166,"disagree":3,"losts":0,"auto":0}
2026-08-26T11:09:44.005	ngr/loco/9950012/alert	{"level":"CLEAR","reason":"STATUS","loco":"9950012","uptime_ms":616195,"nav":"NORMAL","moving":0,"pwm":0,"est_mm_s":100,"dir":"CCW","session_dir":"CCW","mdir":"FWD","rear":40,"front":35,"env":1500,"lc_mm":40,"last_confirmed_landmark":"","age_ms":6675,"since":0,"dead_reckoned_mm":40,"candidate_mm":-1,"viable":[],"lostm":0,"lost_ms":0,"agree":166,"disagree":3,"losts":0,"auto":0}
2026-08-26T11:09:45.003	ngr/loco/9950012/alert	{"level":"CLEAR","reason":"STATUS","loco":"9950012","uptime_ms":617195,"nav":"NORMAL","moving":0,"pwm":0,"est_mm_s":100,"dir":"CCW","session_dir":"CCW","mdir":"FWD","rear":40,"front":35,"env":1500,"lc_mm":40,"last_confirmed_landmark":"","age_ms":7675,"since":0,"dead_reckoned_mm":40,"candidate_mm":-1,"viable":[],"lostm":0,"lost_ms":0,"agree":166,"disagree":3,"losts":0,"auto":0}
2026-08-26T11:09:46.002	ngr/loco/9950012/alert	{"level":"CLEAR","reason":"STATUS","loco":"9950012","uptime_ms":618195,"nav":"NORMAL","moving":0,"pwm":0,"est_mm_s":100,"dir":"CCW","session_dir":"CCW","mdir":"FWD","rear":40,"front":35,"env":1500,"lc_mm":40,"last_confirmed_landmark":"","age_ms":8675,"since":0,"dead_reckoned_mm":40,"candidate_mm":-1,"viable":[],"lostm":0,"lost_ms":0,"agree":166,"disagree":3,"losts":0,"auto":0}
2026-08-26T11:09:47.009	ngr/loco/9950012/alert	{"level":"CLEAR","reason":"STATUS","loco":"9950012","uptime_ms":619195,"nav":"NORMAL","moving":0,"pwm":0,"est_mm_s":100,"dir":"CCW","session_dir":"CCW","mdir":"FWD","rear":40,"front":35,"env":1500,"lc_mm":40,"last_confirmed_landmark":"","age_ms":9675,"since":0,"dead_reckoned_mm":40,"candidate_mm":-1,"viable":[],"lostm":0,"lost_ms":0,"agree":166,"disagree":3,"losts":0,"auto":0}
2026-08-26T11:09:48.005	ngr/loco/9950012/alert	{"level":"CLEAR","reason":"STATUS","loco":"9950012","uptime_ms":620195,"nav":"NORMAL","moving":0,"pwm":0,"est_mm_s":100,"dir":"CCW","session_dir":"CCW","mdir":"FWD","rear":40,"front":35,"env":1500,"lc_mm":40,"last_confirmed_landmark":"","age_ms":10675,"since":0,"dead_reckoned_mm":40,"candidate_mm":-1,"viable":[],"lostm":0,"lost_ms":0,"agree":166,"disagree":3,"losts":0,"auto":0}
2026-08-26T11:09:49.006	ngr/loco/9950012/alert	{"level":"CLEAR","reason":"STATUS","loco":"9950012","uptime_ms":621195,"nav":"NORMAL","moving":0,"pwm":0,"est_mm_s":100,"dir":"CCW","session_dir":"CCW","mdir":"FWD","rear":40,"front":35,"env":1500,"lc_mm":40,"last_confirmed_landmark":"","age_ms":11675,"since":0,"dead_reckoned_mm":40,"candidate_mm":-1,"viable":[],"lostm":0,"lost_ms":0,"agree":166,"disagree":3,"losts":0,"auto":0}
2026-08-26T11:09:50.007	ngr/loco/9950012/alert	{"level":"CLEAR","reason":"STATUS","loco":"9950012","uptime_ms":622195,"nav":"NORMAL","moving":0,"pwm":0,"est_mm_s":100,"dir":"CCW","session_dir":"CCW","mdir":"FWD","rear":40,"front":35,"env":1500,"lc_mm":40,"last_confirmed_landmark":"","age_ms":12675,"since":0,"dead_reckoned_mm":40,"candidate_mm":-1,"viable":[],"lostm":0,"lost_ms":0,"agree":166,"disagree":3,"losts":0,"auto":0}
2026-08-26T11:09:51.004	ngr/loco/9950012/alert	{"level":"CLEAR","reason":"STATUS","loco":"9950012","uptime_ms":623195,"nav":"NORMAL","moving":0,"pwm":0,"est_mm_s":100,"dir":"CCW","session_dir":"CCW","mdir":"FWD","rear":40,"front":35,"env":1500,"lc_mm":40,"last_confirmed_landmark":"","age_ms":13675,"since":0,"dead_reckoned_mm":40,"candidate_mm":-1,"viable":[],"lostm":0,"lost_ms":0,"agree":166,"disagree":3,"losts":0,"auto":0}
2026-08-26T11:09:52.005	ngr/loco/9950012/alert	{"level":"CLEAR","reason":"STATUS","loco":"9950012","uptime_ms":624195,"nav":"NORMAL","moving":0,"pwm":0,"est_mm_s":100,"dir":"CCW","session_dir":"CCW","mdir":"FWD","rear":40,"front":35,"env":1500,"lc_mm":40,"last_confirmed_landmark":"","age_ms":14675,"since":0,"dead_reckoned_mm":40,"candidate_mm":-1,"viable":[],"lostm":0,"lost_ms":0,"agree":166,"disagree":3,"losts":0,"auto":0}
2026-08-26T11:09:53.008	ngr/loco/9950012/alert	{"level":"CLEAR","reason":"STATUS","loco":"9950012","uptime_ms":625195,"nav":"NORMAL","moving":0,"pwm":0,"est_mm_s":100,"dir":"CCW","session_dir":"CCW","mdir":"FWD","rear":40,"front":35,"env":1500,"lc_mm":40,"last_confirmed_landmark":"","age_ms":15675,"since":0,"dead_reckoned_mm":40,"candidate_mm":-1,"viable":[],"lostm":0,"lost_ms":0,"agree":166,"disagree":3,"losts":0,"auto":0}
2026-08-26T11:09:54.008	ngr/loco/9950012/alert	{"level":"CLEAR","reason":"STATUS","loco":"9950012","uptime_ms":626195,"nav":"NORMAL","moving":0,"pwm":0,"est_mm_s":100,"dir":"CCW","session_dir":"CCW","mdir":"FWD","rear":40,"front":35,"env":1500,"lc_mm":40,"last_confirmed_landmark":"","age_ms":16675,"since":0,"dead_reckoned_mm":40,"candidate_mm":-1,"viable":[],"lostm":0,"lost_ms":0,"agree":166,"disagree":3,"losts":0,"auto":0}
2026-08-26T11:09:55.007	ngr/loco/9950012/alert	{"level":"CLEAR","reason":"STATUS","loco":"9950012","uptime_ms":627195,"nav":"NORMAL","moving":0,"pwm":0,"est_mm_s":100,"dir":"CCW","session_dir":"CCW","mdir":"FWD","rear":40,"front":35,"env":1500,"lc_mm":40,"last_confirmed_landmark":"","age_ms":17675,"since":0,"dead_reckoned_mm":40,"candidate_mm":-1,"viable":[],"lostm":0,"lost_ms":0,"agree":166,"disagree":3,"losts":0,"auto":0}
2026-08-26T11:09:56.002	ngr/loco/9950012/alert	{"level":"CLEAR","reason":"STATUS","loco":"9950012","uptime_ms":628195,"nav":"NORMAL","moving":0,"pwm":0,"est_mm_s":100,"dir":"CCW","session_dir":"CCW","mdir":"FWD","rear":40,"front":35,"env":1500,"lc_mm":40,"last_confirmed_landmark":"","age_ms":18675,"since":0,"dead_reckoned_mm":40,"candidate_mm":-1,"viable":[],"lostm":0,"lost_ms":0,"agree":166,"disagree":3,"losts":0,"auto":0}
2026-08-26T11:09:57.007	ngr/loco/9950012/alert	{"level":"CLEAR","reason":"STATUS","loco":"9950012","uptime_ms":629195,"nav":"NORMAL","moving":0,"pwm":0,"est_mm_s":100,"dir":"CCW","session_dir":"CCW","mdir":"FWD","rear":40,"front":35,"env":1500,"lc_mm":40,"last_confirmed_landmark":"","age_ms":19675,"since":0,"dead_reckoned_mm":40,"candidate_mm":-1,"viable":[],"lostm":0,"lost_ms":0,"agree":166,"disagree":3,"losts":0,"auto":0}
2026-08-26T11:09:58.009	ngr/loco/9950012/alert	{"level":"CLEAR","reason":"STATUS","loco":"9950012","uptime_ms":630195,"nav":"NORMAL","moving":0,"pwm":0,"est_mm_s":100,"dir":"CCW","session_dir":"CCW","mdir":"FWD","rear":40,"front":35,"env":1500,"lc_mm":40,"last_confirmed_landmark":"","age_ms":20675,"since":0,"dead_reckoned_mm":40,"candidate_mm":-1,"viable":[],"lostm":0,"lost_ms":0,"agree":166,"disagree":3,"losts":0,"auto":0}
2026-08-26T11:09:59.006	ngr/loco/9950012/alert	{"level":"CLEAR","reason":"STATUS","loco":"9950012","uptime_ms":631195,"nav":"NORMAL","moving":0,"pwm":0,"est_mm_s":100,"dir":"CCW","session_dir":"CCW","mdir":"FWD","rear":40,"front":35,"env":1500,"lc_mm":40,"last_confirmed_landmark":"","age_ms":21675,"since":0,"dead_reckoned_mm":40,"candidate_mm":-1,"viable":[],"lostm":0,"lost_ms":0,"agree":166,"disagree":3,"losts":0,"auto":0}
2026-08-26T11:10:00.009	ngr/loco/9950012/alert	{"level":"CLEAR","reason":"STATUS","loco":"9950012","uptime_ms":632195,"nav":"NORMAL","moving":0,"pwm":0,"est_mm_s":100,"dir":"CCW","session_dir":"CCW","mdir":"FWD","rear":40,"front":35,"env":1500,"lc_mm":40,"last_confirmed_landmark":"","age_ms":22675,"since":0,"dead_reckoned_mm":40,"candidate_mm":-1,"viable":[],"lostm":0,"lost_ms":0,"agree":166,"disagree":3,"losts":0,"auto":0}
2026-08-26T11:10:01.011	ngr/loco/9950012/alert	{"level":"CLEAR","reason":"STATUS","loco":"9950012","uptime_ms":633195,"nav":"NORMAL","moving":0,"pwm":0,"est_mm_s":100,"dir":"CCW","session_dir":"CCW","mdir":"FWD","rear":40,"front":35,"env":1500,"lc_mm":40,"last_confirmed_landmark":"","age_ms":23675,"since":0,"dead_reckoned_mm":40,"candidate_mm":-1,"viable":[],"lostm":0,"lost_ms":0,"agree":166,"disagree":3,"losts":0,"auto":0}
2026-08-26T11:10:02.005	ngr/loco/9950012/alert	{"level":"CLEAR","reason":"STATUS","loco":"9950012","uptime_ms":634195,"nav":"NORMAL","moving":0,"pwm":0,"est_mm_s":100,"dir":"CCW","session_dir":"CCW","mdir":"FWD","rear":40,"front":35,"env":1500,"lc_mm":40,"last_confirmed_landmark":"","age_ms":24675,"since":0,"dead_reckoned_mm":40,"candidate_mm":-1,"viable":[],"lostm":0,"lost_ms":0,"agree":166,"disagree":3,"losts":0,"auto":0}
2026-08-26T11:10:03.004	ngr/loco/9950012/alert	{"level":"CLEAR","reason":"STATUS","loco":"9950012","uptime_ms":635195,"nav":"NORMAL","moving":0,"pwm":0,"est_mm_s":100,"dir":"CCW","session_dir":"CCW","mdir":"FWD","rear":40,"front":35,"env":1500,"lc_mm":40,"last_confirmed_landmark":"","age_ms":25675,"since":0,"dead_reckoned_mm":40,"candidate_mm":-1,"viable":[],"lostm":0,"lost_ms":0,"agree":166,"disagree":3,"losts":0,"auto":0}
2026-08-26T11:10:04.006	ngr/loco/9950012/alert	{"level":"CLEAR","reason":"STATUS","loco":"9950012","uptime_ms":636195,"nav":"NORMAL","moving":0,"pwm":0,"est_mm_s":100,"dir":"CCW","session_dir":"CCW","mdir":"FWD","rear":40,"front":35,"env":1500,"lc_mm":40,"last_confirmed_landmark":"","age_ms":26675,"since":0,"dead_reckoned_mm":40,"candidate_mm":-1,"viable":[],"lostm":0,"lost_ms":0,"agree":166,"disagree":3,"losts":0,"auto":0}
2026-08-26T11:10:05.007	ngr/loco/9950012/alert	{"level":"CLEAR","reason":"STATUS","loco":"9950012","uptime_ms":637195,"nav":"NORMAL","moving":0,"pwm":0,"est_mm_s":100,"dir":"CCW","session_dir":"CCW","mdir":"FWD","rear":40,"front":35,"env":1500,"lc_mm":40,"last_confirmed_landmark":"","age_ms":27675,"since":0,"dead_reckoned_mm":40,"candidate_mm":-1,"viable":[],"lostm":0,"lost_ms":0,"agree":166,"disagree":3,"losts":0,"auto":0}
2026-08-26T11:10:06.017	ngr/loco/9950012/alert	{"level":"CLEAR","reason":"STATUS","loco":"9950012","uptime_ms":638195,"nav":"NORMAL","moving":0,"pwm":0,"est_mm_s":100,"dir":"CCW","session_dir":"CCW","mdir":"FWD","rear":40,"front":35,"env":1500,"lc_mm":40,"last_confirmed_landmark":"","age_ms":28675,"since":0,"dead_reckoned_mm":40,"candidate_mm":-1,"viable":[],"lostm":0,"lost_ms":0,"agree":166,"disagree":3,"losts":0,"auto":0}
2026-08-26T11:10:07.004	ngr/loco/9950012/alert	{"level":"CLEAR","reason":"STATUS","loco":"9950012","uptime_ms":639195,"nav":"NORMAL","moving":0,"pwm":0,"est_mm_s":100,"dir":"CCW","session_dir":"CCW","mdir":"FWD","rear":40,"front":35,"env":1500,"lc_mm":40,"last_confirmed_landmark":"","age_ms":29675,"since":0,"dead_reckoned_mm":40,"candidate_mm":-1,"viable":[],"lostm":0,"lost_ms":0,"agree":166,"disagree":3,"losts":0,"auto":0}
2026-08-26T11:10:08.009	ngr/loco/9950012/alert	{"level":"CLEAR","reason":"STATUS","loco":"9950012","uptime_ms":640195,"nav":"NORMAL","moving":0,"pwm":0,"est_mm_s":100,"dir":"CCW","session_dir":"CCW","mdir":"FWD","rear":40,"front":35,"env":1500,"lc_mm":40,"last_confirmed_landmark":"","age_ms":30675,"since":0,"dead_reckoned_mm":40,"candidate_mm":-1,"viable":[],"lostm":0,"lost_ms":0,"agree":166,"disagree":3,"losts":0,"auto":0}
2026-08-26T11:10:09.007	ngr/loco/9950012/alert	{"level":"CLEAR","reason":"STATUS","loco":"9950012","uptime_ms":641195,"nav":"NORMAL","moving":0,"pwm":0,"est_mm_s":100,"dir":"CCW","session_dir":"CCW","mdir":"FWD","rear":40,"front":35,"env":1500,"lc_mm":40,"last_confirmed_landmark":"","age_ms":31675,"since":0,"dead_reckoned_mm":40,"candidate_mm":-1,"viable":[],"lostm":0,"lost_ms":0,"agree":166,"disagree":3,"losts":0,"auto":0}
2026-08-26T11:10:10.008	ngr/loco/9950012/alert	{"level":"CLEAR","reason":"STATUS","loco":"9950012","uptime_ms":642195,"nav":"NORMAL","moving":0,"pwm":0,"est_mm_s":100,"dir":"CCW","session_dir":"CCW","mdir":"FWD","rear":40,"front":35,"env":1500,"lc_mm":40,"last_confirmed_landmark":"","age_ms":32675,"since":0,"dead_reckoned_mm":40,"candidate_mm":-1,"viable":[],"lostm":0,"lost_ms":0,"agree":166,"disagree":3,"losts":0,"auto":0}
2026-08-26T11:10:11.021	ngr/loco/9950012/alert	{"level":"CLEAR","reason":"STATUS","loco":"9950012","uptime_ms":643195,"nav":"NORMAL","moving":0,"pwm":0,"est_mm_s":100,"dir":"CCW","session_dir":"CCW","mdir":"FWD","rear":40,"front":35,"env":1500,"lc_mm":40,"last_confirmed_landmark":"","age_ms":33675,"since":0,"dead_reckoned_mm":40,"candidate_mm":-1,"viable":[],"lostm":0,"lost_ms":0,"agree":166,"disagree":3,"losts":0,"auto":0}
2026-08-26T11:10:12.007	ngr/loco/9950012/alert	{"level":"CLEAR","reason":"STATUS","loco":"9950012","uptime_ms":644195,"nav":"NORMAL","moving":0,"pwm":0,"est_mm_s":100,"dir":"CCW","session_dir":"CCW","mdir":"FWD","rear":40,"front":35,"env":1500,"lc_mm":40,"last_confirmed_landmark":"","age_ms":34675,"since":0,"dead_reckoned_mm":40,"candidate_mm":-1,"viable":[],"lostm":0,"lost_ms":0,"agree":166,"disagree":3,"losts":0,"auto":0}
2026-08-26T11:10:13.004	ngr/loco/9950012/alert	{"level":"CLEAR","reason":"STATUS","loco":"9950012","uptime_ms":645195,"nav":"NORMAL","moving":0,"pwm":0,"est_mm_s":100,"dir":"CCW","session_dir":"CCW","mdir":"FWD","rear":40,"front":35,"env":1500,"lc_mm":40,"last_confirmed_landmark":"","age_ms":35675,"since":0,"dead_reckoned_mm":40,"candidate_mm":-1,"viable":[],"lostm":0,"lost_ms":0,"agree":166,"disagree":3,"losts":0,"auto":0}
2026-08-26T11:10:14.009	ngr/loco/9950012/alert	{"level":"CLEAR","reason":"STATUS","loco":"9950012","uptime_ms":646195,"nav":"NORMAL","moving":0,"pwm":0,"est_mm_s":100,"dir":"CCW","session_dir":"CCW","mdir":"FWD","rear":40,"front":35,"env":1500,"lc_mm":40,"last_confirmed_landmark":"","age_ms":36675,"since":0,"dead_reckoned_mm":40,"candidate_mm":-1,"viable":[],"lostm":0,"lost_ms":0,"agree":166,"disagree":3,"losts":0,"auto":0}
2026-08-26T11:10:15.007	ngr/loco/9950012/alert	{"level":"CLEAR","reason":"STATUS","loco":"9950012","uptime_ms":647195,"nav":"NORMAL","moving":0,"pwm":0,"est_mm_s":100,"dir":"CCW","session_dir":"CCW","mdir":"FWD","rear":40,"front":35,"env":1500,"lc_mm":40,"last_confirmed_landmark":"","age_ms":37675,"since":0,"dead_reckoned_mm":40,"candidate_mm":-1,"viable":[],"lostm":0,"lost_ms":0,"agree":166,"disagree":3,"losts":0,"auto":0}
2026-08-26T11:10:16.003	ngr/loco/9950012/alert	{"level":"CLEAR","reason":"STATUS","loco":"9950012","uptime_ms":648195,"nav":"NORMAL","moving":0,"pwm":0,"est_mm_s":100,"dir":"CCW","session_dir":"CCW","mdir":"FWD","rear":40,"front":35,"env":1500,"lc_mm":40,"last_confirmed_landmark":"","age_ms":38675,"since":0,"dead_reckoned_mm":40,"candidate_mm":-1,"viable":[],"lostm":0,"lost_ms":0,"agree":166,"disagree":3,"losts":0,"auto":0}
2026-08-26T11:10:17.005	ngr/loco/9950012/alert	{"level":"CLEAR","reason":"STATUS","loco":"9950012","uptime_ms":649195,"nav":"NORMAL","moving":0,"pwm":0,"est_mm_s":100,"dir":"CCW","session_dir":"CCW","mdir":"FWD","rear":40,"front":35,"env":1500,"lc_mm":40,"last_confirmed_landmark":"","age_ms":39675,"since":0,"dead_reckoned_mm":40,"candidate_mm":-1,"viable":[],"lostm":0,"lost_ms":0,"agree":166,"disagree":3,"losts":0,"auto":0}
2026-08-26T11:10:18.005	ngr/loco/9950012/alert	{"level":"CLEAR","reason":"STATUS","loco":"9950012","uptime_ms":650195,"nav":"NORMAL","moving":0,"pwm":0,"est_mm_s":100,"dir":"CCW","session_dir":"CCW","mdir":"FWD","rear":40,"front":35,"env":1500,"lc_mm":40,"last_confirmed_landmark":"","age_ms":40675,"since":0,"dead_reckoned_mm":40,"candidate_mm":-1,"viable":[],"lostm":0,"lost_ms":0,"agree":166,"disagree":3,"losts":0,"auto":0}
2026-08-26T11:10:19.004	ngr/loco/9950012/alert	{"level":"CLEAR","reason":"STATUS","loco":"9950012","uptime_ms":651195,"nav":"NORMAL","moving":0,"pwm":0,"est_mm_s":100,"dir":"CW","session_dir":"CW","mdir":"FWD","rear":40,"front":44,"env":1500,"lc_mm":40,"last_confirmed_landmark":"","age_ms":41675,"since":0,"dead_reckoned_mm":39,"candidate_mm":-1,"viable":[],"lostm":0,"lost_ms":0,"agree":166,"disagree":3,"losts":0,"auto":0}
2026-08-26T11:10:20.005	ngr/loco/9950012/alert	{"level":"CLEAR","reason":"STATUS","loco":"9950012","uptime_ms":652195,"nav":"NORMAL","moving":0,"pwm":0,"est_mm_s":100,"dir":"CW","session_dir":"CW","mdir":"FWD","rear":40,"front":44,"env":1500,"lc_mm":40,"last_confirmed_landmark":"","age_ms":42675,"since":0,"dead_reckoned_mm":39,"candidate_mm":-1,"viable":[],"lostm":0,"lost_ms":0,"agree":166,"disagree":3,"losts":0,"auto":0}
2026-08-26T11:10:21.008	ngr/loco/9950012/alert	{"level":"CLEAR","reason":"STATUS","loco":"9950012","uptime_ms":653195,"nav":"NORMAL","moving":0,"pwm":0,"est_mm_s":100,"dir":"CW","session_dir":"CW","mdir":"FWD","rear":40,"front":44,"env":1500,"lc_mm":40,"last_confirmed_landmark":"","age_ms":43675,"since":0,"dead_reckoned_mm":39,"candidate_mm":-1,"viable":[],"lostm":0,"lost_ms":0,"agree":166,"disagree":3,"losts":0,"auto":0}
2026-08-26T11:10:22.003	ngr/loco/9950012/alert	{"level":"CLEAR","reason":"STATUS","loco":"9950012","uptime_ms":654195,"nav":"NORMAL","moving":0,"pwm":0,"est_mm_s":100,"dir":"CW","session_dir":"CW","mdir":"FWD","rear":40,"front":44,"env":1500,"lc_mm":40,"last_confirmed_landmark":"","age_ms":44675,"since":0,"dead_reckoned_mm":39,"candidate_mm":-1,"viable":[],"lostm":0,"lost_ms":0,"agree":166,"disagree":3,"losts":0,"auto":0}
2026-08-26T11:10:23.005	ngr/loco/9950012/alert	{"level":"CLEAR","reason":"STATUS","loco":"9950012","uptime_ms":655195,"nav":"NORMAL","moving":0,"pwm":0,"est_mm_s":100,"dir":"CW","session_dir":"CW","mdir":"FWD","rear":40,"front":44,"env":1500,"lc_mm":40,"last_confirmed_landmark":"","age_ms":45675,"since":0,"dead_reckoned_mm":39,"candidate_mm":-1,"viable":[],"lostm":0,"lost_ms":0,"agree":166,"disagree":3,"losts":0,"auto":0}
2026-08-26T11:10:24.008	ngr/loco/9950012/alert	{"level":"CLEAR","reason":"STATUS","loco":"9950012","uptime_ms":656195,"nav":"NORMAL","moving":0,"pwm":0,"est_mm_s":100,"dir":"CW","session_dir":"CW","mdir":"FWD","rear":40,"front":44,"env":1500,"lc_mm":40,"last_confirmed_landmark":"","age_ms":46675,"since":0,"dead_reckoned_mm":39,"candidate_mm":-1,"viable":[],"lostm":0,"lost_ms":0,"agree":166,"disagree":3,"losts":0,"auto":0}
2026-08-26T11:10:25.005	ngr/loco/9950012/alert	{"level":"CLEAR","reason":"STATUS","loco":"9950012","uptime_ms":657195,"nav":"NORMAL","moving":0,"pwm":0,"est_mm_s":100,"dir":"CW","session_dir":"CW","mdir":"FWD","rear":40,"front":44,"env":1500,"lc_mm":40,"last_confirmed_landmark":"","age_ms":47675,"since":0,"dead_reckoned_mm":39,"candidate_mm":-1,"viable":[],"lostm":0,"lost_ms":0,"agree":166,"disagree":3,"losts":0,"auto":0}
2026-08-26T11:10:26.034	ngr/loco/9950012/alert	{"level":"CLEAR","reason":"STATUS","loco":"9950012","uptime_ms":658195,"nav":"NORMAL","moving":0,"pwm":0,"est_mm_s":100,"dir":"CW","session_dir":"CW","mdir":"FWD","rear":40,"front":45,"env":1500,"lc_mm":40,"last_confirmed_landmark":"","age_ms":221,"since":0,"dead_reckoned_mm":40,"candidate_mm":-1,"viable":[],"lostm":0,"lost_ms":0,"agree":166,"disagree":3,"losts":0,"auto":0}
2026-08-26T11:10:27.005	ngr/loco/9950012/alert	{"level":"CLEAR","reason":"STATUS","loco":"9950012","uptime_ms":659195,"nav":"NORMAL","moving":0,"pwm":0,"est_mm_s":100,"dir":"CW","session_dir":"CW","mdir":"FWD","rear":40,"front":45,"env":1500,"lc_mm":40,"last_confirmed_landmark":"","age_ms":1221,"since":0,"dead_reckoned_mm":40,"candidate_mm":-1,"viable":[],"lostm":0,"lost_ms":0,"agree":166,"disagree":3,"losts":0,"auto":0}
2026-08-26T11:10:28.010	ngr/loco/9950012/alert	{"level":"CLEAR","reason":"STATUS","loco":"9950012","uptime_ms":660195,"nav":"NORMAL","moving":0,"pwm":0,"est_mm_s":100,"dir":"CW","session_dir":"CW","mdir":"FWD","rear":40,"front":45,"env":1500,"lc_mm":40,"last_confirmed_landmark":"","age_ms":2221,"since":0,"dead_reckoned_mm":40,"candidate_mm":-1,"viable":[],"lostm":0,"lost_ms":0,"agree":166,"disagree":3,"losts":0,"auto":0}
2026-08-26T11:10:29.008	ngr/loco/9950012/alert	{"level":"CLEAR","reason":"STATUS","loco":"9950012","uptime_ms":661195,"nav":"NORMAL","moving":0,"pwm":0,"est_mm_s":100,"dir":"CW","session_dir":"CW","mdir":"FWD","rear":40,"front":45,"env":1500,"lc_mm":40,"last_confirmed_landmark":"","age_ms":3221,"since":0,"dead_reckoned_mm":40,"candidate_mm":-1,"viable":[],"lostm":0,"lost_ms":0,"agree":166,"disagree":3,"losts":0,"auto":0}
2026-08-26T11:10:30.012	ngr/loco/9950012/alert	{"level":"CLEAR","reason":"STATUS","loco":"9950012","uptime_ms":662195,"nav":"NORMAL","moving":0,"pwm":0,"est_mm_s":100,"dir":"CW","session_dir":"CW","mdir":"FWD","rear":40,"front":45,"env":1500,"lc_mm":40,"last_confirmed_landmark":"","age_ms":4221,"since":0,"dead_reckoned_mm":40,"candidate_mm":-1,"viable":[],"lostm":0,"lost_ms":0,"agree":166,"disagree":3,"losts":0,"auto":0}
2026-08-26T11:10:31.010	ngr/loco/9950012/alert	{"level":"CLEAR","reason":"STATUS","loco":"9950012","uptime_ms":663195,"nav":"NORMAL","moving":0,"pwm":0,"est_mm_s":100,"dir":"CW","session_dir":"CW","mdir":"FWD","rear":40,"front":45,"env":1500,"lc_mm":40,"last_confirmed_landmark":"","age_ms":5221,"since":0,"dead_reckoned_mm":40,"candidate_mm":-1,"viable":[],"lostm":0,"lost_ms":0,"agree":166,"disagree":3,"losts":0,"auto":0}
2026-08-26T11:10:32.008	ngr/loco/9950012/alert	{"level":"CLEAR","reason":"STATUS","loco":"9950012","uptime_ms":664195,"nav":"NORMAL","moving":0,"pwm":0,"est_mm_s":100,"dir":"CW","session_dir":"CW","mdir":"FWD","rear":40,"front":45,"env":1500,"lc_mm":40,"last_confirmed_landmark":"","age_ms":6221,"since":0,"dead_reckoned_mm":40,"candidate_mm":-1,"viable":[],"lostm":0,"lost_ms":0,"agree":166,"disagree":3,"losts":0,"auto":0}
2026-08-26T11:10:33.009	ngr/loco/9950012/alert	{"level":"CLEAR","reason":"STATUS","loco":"9950012","uptime_ms":665195,"nav":"NORMAL","moving":0,"pwm":0,"est_mm_s":100,"dir":"CW","session_dir":"CW","mdir":"FWD","rear":40,"front":45,"env":1500,"lc_mm":40,"last_confirmed_landmark":"","age_ms":7221,"since":0,"dead_reckoned_mm":40,"candidate_mm":-1,"viable":[],"lostm":0,"lost_ms":0,"agree":166,"disagree":3,"losts":0,"auto":0}
2026-08-26T11:10:34.004	ngr/loco/9950012/alert	{"level":"CLEAR","reason":"STATUS","loco":"9950012","uptime_ms":666195,"nav":"NORMAL","moving":0,"pwm":0,"est_mm_s":100,"dir":"CW","session_dir":"CW","mdir":"FWD","rear":40,"front":45,"env":1500,"lc_mm":40,"last_confirmed_landmark":"","age_ms":8221,"since":0,"dead_reckoned_mm":40,"candidate_mm":-1,"viable":[],"lostm":0,"lost_ms":0,"agree":166,"disagree":3,"losts":0,"auto":0}
2026-08-26T11:10:35.008	ngr/loco/9950012/alert	{"level":"CLEAR","reason":"STATUS","loco":"9950012","uptime_ms":667195,"nav":"NORMAL","moving":0,"pwm":0,"est_mm_s":100,"dir":"CW","session_dir":"CW","mdir":"FWD","rear":40,"front":45,"env":1500,"lc_mm":40,"last_confirmed_landmark":"","age_ms":9221,"since":0,"dead_reckoned_mm":40,"candidate_mm":-1,"viable":[],"lostm":0,"lost_ms":0,"agree":166,"disagree":3,"losts":0,"auto":0}
2026-08-26T11:10:36.007	ngr/loco/9950012/alert	{"level":"CLEAR","reason":"STATUS","loco":"9950012","uptime_ms":668195,"nav":"NORMAL","moving":0,"pwm":0,"est_mm_s":100,"dir":"CW","session_dir":"CW","mdir":"FWD","rear":40,"front":45,"env":1500,"lc_mm":40,"last_confirmed_landmark":"","age_ms":10221,"since":0,"dead_reckoned_mm":40,"candidate_mm":-1,"viable":[],"lostm":0,"lost_ms":0,"agree":166,"disagree":3,"losts":0,"auto":0}
2026-08-26T11:10:37.008	ngr/loco/9950012/alert	{"level":"CLEAR","reason":"STATUS","loco":"9950012","uptime_ms":669195,"nav":"NORMAL","moving":0,"pwm":0,"est_mm_s":100,"dir":"CW","session_dir":"CW","mdir":"FWD","rear":40,"front":45,"env":1500,"lc_mm":40,"last_confirmed_landmark":"","age_ms":11221,"since":0,"dead_reckoned_mm":40,"candidate_mm":-1,"viable":[],"lostm":0,"lost_ms":0,"agree":166,"disagree":3,"losts":0,"auto":0}
2026-08-26T11:10:38.007	ngr/loco/9950012/alert	{"level":"CLEAR","reason":"STATUS","loco":"9950012","uptime_ms":670195,"nav":"NORMAL","moving":0,"pwm":0,"est_mm_s":100,"dir":"CW","session_dir":"CW","mdir":"FWD","rear":40,"front":45,"env":1500,"lc_mm":40,"last_confirmed_landmark":"","age_ms":12221,"since":0,"dead_reckoned_mm":40,"candidate_mm":-1,"viable":[],"lostm":0,"lost_ms":0,"agree":166,"disagree":3,"losts":0,"auto":0}
2026-08-26T11:10:39.007	ngr/loco/9950012/alert	{"level":"CLEAR","reason":"STATUS","loco":"9950012","uptime_ms":671195,"nav":"NORMAL","moving":0,"pwm":0,"est_mm_s":100,"dir":"CW","session_dir":"CW","mdir":"FWD","rear":40,"front":45,"env":1500,"lc_mm":40,"last_confirmed_landmark":"","age_ms":13221,"since":0,"dead_reckoned_mm":40,"candidate_mm":-1,"viable":[],"lostm":0,"lost_ms":0,"agree":166,"disagree":3,"losts":0,"auto":0}
2026-08-26T11:10:40.010	ngr/loco/9950012/alert	{"level":"CLEAR","reason":"STATUS","loco":"9950012","uptime_ms":672195,"nav":"NORMAL","moving":0,"pwm":0,"est_mm_s":100,"dir":"CW","session_dir":"CW","mdir":"FWD","rear":40,"front":45,"env":1500,"lc_mm":40,"last_confirmed_landmark":"","age_ms":14221,"since":0,"dead_reckoned_mm":40,"candidate_mm":-1,"viable":[],"lostm":0,"lost_ms":0,"agree":166,"disagree":3,"losts":0,"auto":0}
2026-08-26T11:10:41.019	ngr/loco/9950012/alert	{"level":"CLEAR","reason":"STATUS","loco":"9950012","uptime_ms":673195,"nav":"NORMAL","moving":0,"pwm":0,"est_mm_s":100,"dir":"CW","session_dir":"CW","mdir":"FWD","rear":40,"front":45,"env":1500,"lc_mm":40,"last_confirmed_landmark":"","age_ms":15221,"since":0,"dead_reckoned_mm":40,"candidate_mm":-1,"viable":[],"lostm":0,"lost_ms":0,"agree":166,"disagree":3,"losts":0,"auto":0}
2026-08-26T11:10:42.008	ngr/loco/9950012/alert	{"level":"CLEAR","reason":"STATUS","loco":"9950012","uptime_ms":674195,"nav":"NORMAL","moving":0,"pwm":0,"est_mm_s":100,"dir":"CW","session_dir":"CW","mdir":"FWD","rear":40,"front":45,"env":1500,"lc_mm":40,"last_confirmed_landmark":"","age_ms":16221,"since":0,"dead_reckoned_mm":40,"candidate_mm":-1,"viable":[],"lostm":0,"lost_ms":0,"agree":166,"disagree":3,"losts":0,"auto":0}
2026-08-26T11:10:43.006	ngr/loco/9950012/alert	{"level":"CLEAR","reason":"STATUS","loco":"9950012","uptime_ms":675195,"nav":"NORMAL","moving":0,"pwm":0,"est_mm_s":100,"dir":"CW","session_dir":"CW","mdir":"FWD","rear":40,"front":45,"env":1500,"lc_mm":40,"last_confirmed_landmark":"","age_ms":17221,"since":0,"dead_reckoned_mm":40,"candidate_mm":-1,"viable":[],"lostm":0,"lost_ms":0,"agree":166,"disagree":3,"losts":0,"auto":0}
2026-08-26T11:10:44.005	ngr/loco/9950012/alert	{"level":"CLEAR","reason":"STATUS","loco":"9950012","uptime_ms":676195,"nav":"NORMAL","moving":0,"pwm":0,"est_mm_s":100,"dir":"CW","session_dir":"CW","mdir":"FWD","rear":40,"front":45,"env":1500,"lc_mm":40,"last_confirmed_landmark":"","age_ms":18221,"since":0,"dead_reckoned_mm":40,"candidate_mm":-1,"viable":[],"lostm":0,"lost_ms":0,"agree":166,"disagree":3,"losts":0,"auto":0}
2026-08-26T11:10:45.007	ngr/loco/9950012/alert	{"level":"CLEAR","reason":"STATUS","loco":"9950012","uptime_ms":677195,"nav":"NORMAL","moving":0,"pwm":0,"est_mm_s":100,"dir":"CW","session_dir":"CW","mdir":"FWD","rear":40,"front":45,"env":1500,"lc_mm":40,"last_confirmed_landmark":"","age_ms":19221,"since":0,"dead_reckoned_mm":40,"candidate_mm":-1,"viable":[],"lostm":0,"lost_ms":0,"agree":166,"disagree":3,"losts":0,"auto":0}
2026-08-26T11:10:46.007	ngr/loco/9950012/alert	{"level":"CLEAR","reason":"STATUS","loco":"9950012","uptime_ms":678195,"nav":"NORMAL","moving":0,"pwm":0,"est_mm_s":100,"dir":"CW","session_dir":"CW","mdir":"FWD","rear":40,"front":45,"env":1500,"lc_mm":40,"last_confirmed_landmark":"","age_ms":20221,"since":0,"dead_reckoned_mm":40,"candidate_mm":-1,"viable":[],"lostm":0,"lost_ms":0,"agree":166,"disagree":3,"losts":0,"auto":0}
2026-08-26T11:10:47.010	ngr/loco/9950012/alert	{"level":"CLEAR","reason":"STATUS","loco":"9950012","uptime_ms":679195,"nav":"NORMAL","moving":0,"pwm":0,"est_mm_s":100,"dir":"CW","session_dir":"CW","mdir":"FWD","rear":40,"front":45,"env":1500,"lc_mm":40,"last_confirmed_landmark":"","age_ms":21221,"since":0,"dead_reckoned_mm":40,"candidate_mm":-1,"viable":[],"lostm":0,"lost_ms":0,"agree":166,"disagree":3,"losts":0,"auto":0}
2026-08-26T11:10:48.012	ngr/loco/9950012/alert	{"level":"CLEAR","reason":"STATUS","loco":"9950012","uptime_ms":680195,"nav":"NORMAL","moving":0,"pwm":0,"est_mm_s":100,"dir":"CW","session_dir":"CW","mdir":"FWD","rear":40,"front":45,"env":1500,"lc_mm":40,"last_confirmed_landmark":"","age_ms":22221,"since":0,"dead_reckoned_mm":40,"candidate_mm":-1,"viable":[],"lostm":0,"lost_ms":0,"agree":166,"disagree":3,"losts":0,"auto":0}
2026-08-26T11:10:49.007	ngr/loco/9950012/alert	{"level":"CLEAR","reason":"STATUS","loco":"9950012","uptime_ms":681195,"nav":"NORMAL","moving":0,"pwm":0,"est_mm_s":100,"dir":"CW","session_dir":"CW","mdir":"FWD","rear":40,"front":45,"env":1500,"lc_mm":40,"last_confirmed_landmark":"","age_ms":23221,"since":0,"dead_reckoned_mm":40,"candidate_mm":-1,"viable":[],"lostm":0,"lost_ms":0,"agree":166,"disagree":3,"losts":0,"auto":0}
2026-08-26T11:10:50.003	ngr/loco/9950012/alert	{"level":"CLEAR","reason":"STATUS","loco":"9950012","uptime_ms":682195,"nav":"NORMAL","moving":0,"pwm":0,"est_mm_s":100,"dir":"CW","session_dir":"CW","mdir":"FWD","rear":40,"front":45,"env":1500,"lc_mm":40,"last_confirmed_landmark":"","age_ms":24221,"since":0,"dead_reckoned_mm":40,"candidate_mm":-1,"viable":[],"lostm":0,"lost_ms":0,"agree":166,"disagree":3,"losts":0,"auto":0}
2026-08-26T11:10:51.005	ngr/loco/9950012/alert	{"level":"CLEAR","reason":"STATUS","loco":"9950012","uptime_ms":683195,"nav":"NORMAL","moving":0,"pwm":0,"est_mm_s":100,"dir":"CW","session_dir":"CW","mdir":"FWD","rear":40,"front":45,"env":1500,"lc_mm":40,"last_confirmed_landmark":"","age_ms":25221,"since":0,"dead_reckoned_mm":40,"candidate_mm":-1,"viable":[],"lostm":0,"lost_ms":0,"agree":166,"disagree":3,"losts":0,"auto":0}
2026-08-26T11:10:52.005	ngr/loco/9950012/alert	{"level":"CLEAR","reason":"STATUS","loco":"9950012","uptime_ms":684195,"nav":"NORMAL","moving":0,"pwm":0,"est_mm_s":100,"dir":"CW","session_dir":"CW","mdir":"FWD","rear":40,"front":45,"env":1500,"lc_mm":40,"last_confirmed_landmark":"","age_ms":26221,"since":0,"dead_reckoned_mm":40,"candidate_mm":-1,"viable":[],"lostm":0,"lost_ms":0,"agree":166,"disagree":3,"losts":0,"auto":0}
2026-08-26T11:10:53.005	ngr/loco/9950012/alert	{"level":"CLEAR","reason":"STATUS","loco":"9950012","uptime_ms":685195,"nav":"NORMAL","moving":0,"pwm":0,"est_mm_s":100,"dir":"CW","session_dir":"CW","mdir":"FWD","rear":40,"front":45,"env":1500,"lc_mm":40,"last_confirmed_landmark":"","age_ms":27221,"since":0,"dead_reckoned_mm":40,"candidate_mm":-1,"viable":[],"lostm":0,"lost_ms":0,"agree":166,"disagree":3,"losts":0,"auto":0}
2026-08-26T11:10:54.005	ngr/loco/9950012/alert	{"level":"CLEAR","reason":"STATUS","loco":"9950012","uptime_ms":686195,"nav":"NORMAL","moving":0,"pwm":0,"est_mm_s":100,"dir":"CW","session_dir":"CW","mdir":"FWD","rear":40,"front":45,"env":1500,"lc_mm":40,"last_confirmed_landmark":"","age_ms":28221,"since":0,"dead_reckoned_mm":40,"candidate_mm":-1,"viable":[],"lostm":0,"lost_ms":0,"agree":166,"disagree":3,"losts":0,"auto":0}
2026-08-26T11:10:55.008	ngr/loco/9950012/alert	{"level":"CLEAR","reason":"STATUS","loco":"9950012","uptime_ms":687195,"nav":"NORMAL","moving":0,"pwm":0,"est_mm_s":100,"dir":"CW","session_dir":"CW","mdir":"FWD","rear":40,"front":45,"env":1500,"lc_mm":40,"last_confirmed_landmark":"","age_ms":29221,"since":0,"dead_reckoned_mm":40,"candidate_mm":-1,"viable":[],"lostm":0,"lost_ms":0,"agree":166,"disagree":3,"losts":0,"auto":0}
2026-08-26T11:10:56.006	ngr/loco/9950012/alert	{"level":"CLEAR","reason":"STATUS","loco":"9950012","uptime_ms":688195,"nav":"NORMAL","moving":0,"pwm":0,"est_mm_s":100,"dir":"CW","session_dir":"CW","mdir":"FWD","rear":40,"front":45,"env":1500,"lc_mm":40,"last_confirmed_landmark":"","age_ms":30221,"since":0,"dead_reckoned_mm":40,"candidate_mm":-1,"viable":[],"lostm":0,"lost_ms":0,"agree":166,"disagree":3,"losts":0,"auto":0}
2026-08-26T11:10:57.005	ngr/loco/9950012/alert	{"level":"CLEAR","reason":"STATUS","loco":"9950012","uptime_ms":689195,"nav":"NORMAL","moving":0,"pwm":0,"est_mm_s":100,"dir":"CW","session_dir":"CW","mdir":"FWD","rear":40,"front":45,"env":1500,"lc_mm":40,"last_confirmed_landmark":"","age_ms":31221,"since":0,"dead_reckoned_mm":40,"candidate_mm":-1,"viable":[],"lostm":0,"lost_ms":0,"agree":166,"disagree":3,"losts":0,"auto":0}
2026-08-26T11:10:58.008	ngr/loco/9950012/alert	{"level":"CLEAR","reason":"STATUS","loco":"9950012","uptime_ms":690195,"nav":"NORMAL","moving":0,"pwm":0,"est_mm_s":100,"dir":"CW","session_dir":"CW","mdir":"FWD","rear":40,"front":45,"env":1500,"lc_mm":40,"last_confirmed_landmark":"","age_ms":32221,"since":0,"dead_reckoned_mm":40,"candidate_mm":-1,"viable":[],"lostm":0,"lost_ms":0,"agree":166,"disagree":3,"losts":0,"auto":0}
2026-08-26T11:10:59.005	ngr/loco/9950012/alert	{"level":"CLEAR","reason":"STATUS","loco":"9950012","uptime_ms":691195,"nav":"NORMAL","moving":0,"pwm":0,"est_mm_s":100,"dir":"CW","session_dir":"CW","mdir":"FWD","rear":40,"front":45,"env":1500,"lc_mm":40,"last_confirmed_landmark":"","age_ms":33221,"since":0,"dead_reckoned_mm":40,"candidate_mm":-1,"viable":[],"lostm":0,"lost_ms":0,"agree":166,"disagree":3,"losts":0,"auto":0}
2026-08-26T11:11:00.014	ngr/loco/9950012/alert	{"level":"CLEAR","reason":"STATUS","loco":"9950012","uptime_ms":692195,"nav":"NORMAL","moving":0,"pwm":0,"est_mm_s":100,"dir":"CW","session_dir":"CW","mdir":"FWD","rear":40,"front":45,"env":1500,"lc_mm":40,"last_confirmed_landmark":"","age_ms":34221,"since":0,"dead_reckoned_mm":40,"candidate_mm":-1,"viable":[],"lostm":0,"lost_ms":0,"agree":166,"disagree":3,"losts":0,"auto":0}
2026-08-26T11:11:01.004	ngr/loco/9950012/alert	{"level":"CLEAR","reason":"STATUS","loco":"9950012","uptime_ms":693195,"nav":"NORMAL","moving":0,"pwm":0,"est_mm_s":100,"dir":"CW","session_dir":"CW","mdir":"FWD","rear":40,"front":45,"env":1500,"lc_mm":40,"last_confirmed_landmark":"","age_ms":35221,"since":0,"dead_reckoned_mm":40,"candidate_mm":-1,"viable":[],"lostm":0,"lost_ms":0,"agree":166,"disagree":3,"losts":0,"auto":0}
2026-08-26T11:11:02.008	ngr/loco/9950012/alert	{"level":"CLEAR","reason":"STATUS","loco":"9950012","uptime_ms":694195,"nav":"NORMAL","moving":0,"pwm":0,"est_mm_s":100,"dir":"CW","session_dir":"CW","mdir":"FWD","rear":40,"front":45,"env":1500,"lc_mm":40,"last_confirmed_landmark":"","age_ms":36221,"since":0,"dead_reckoned_mm":40,"candidate_mm":-1,"viable":[],"lostm":0,"lost_ms":0,"agree":166,"disagree":3,"losts":0,"auto":0}
2026-08-26T11:11:03.009	ngr/loco/9950012/alert	{"level":"CLEAR","reason":"STATUS","loco":"9950012","uptime_ms":695195,"nav":"NORMAL","moving":0,"pwm":0,"est_mm_s":100,"dir":"CW","session_dir":"CW","mdir":"FWD","rear":40,"front":45,"env":1500,"lc_mm":40,"last_confirmed_landmark":"","age_ms":37221,"since":0,"dead_reckoned_mm":40,"candidate_mm":-1,"viable":[],"lostm":0,"lost_ms":0,"agree":166,"disagree":3,"losts":0,"auto":0}
2026-08-26T11:11:04.069	ngr/loco/9950012/alert	{"level":"CLEAR","reason":"STATUS","loco":"9950012","uptime_ms":696195,"nav":"NORMAL","moving":0,"pwm":0,"est_mm_s":100,"dir":"CW","session_dir":"CW","mdir":"FWD","rear":40,"front":45,"env":1500,"lc_mm":40,"last_confirmed_landmark":"","age_ms":38221,"since":0,"dead_reckoned_mm":40,"candidate_mm":-1,"viable":[],"lostm":0,"lost_ms":0,"agree":166,"disagree":3,"losts":0,"auto":0}
2026-08-26T11:11:05.008	ngr/loco/9950012/alert	{"level":"CLEAR","reason":"STATUS","loco":"9950012","uptime_ms":697195,"nav":"NORMAL","moving":0,"pwm":0,"est_mm_s":100,"dir":"CW","session_dir":"CW","mdir":"FWD","rear":40,"front":45,"env":1500,"lc_mm":40,"last_confirmed_landmark":"","age_ms":39221,"since":0,"dead_reckoned_mm":40,"candidate_mm":-1,"viable":[],"lostm":0,"lost_ms":0,"agree":166,"disagree":3,"losts":0,"auto":0}
2026-08-26T11:11:06.008	ngr/loco/9950012/alert	{"level":"CLEAR","reason":"STATUS","loco":"9950012","uptime_ms":698195,"nav":"NORMAL","moving":0,"pwm":0,"est_mm_s":100,"dir":"CW","session_dir":"CW","mdir":"FWD","rear":40,"front":45,"env":1500,"lc_mm":40,"last_confirmed_landmark":"","age_ms":40221,"since":0,"dead_reckoned_mm":40,"candidate_mm":-1,"viable":[],"lostm":0,"lost_ms":0,"agree":166,"disagree":3,"losts":0,"auto":0}
2026-08-26T11:11:07.007	ngr/loco/9950012/alert	{"level":"CLEAR","reason":"STATUS","loco":"9950012","uptime_ms":699195,"nav":"NORMAL","moving":0,"pwm":0,"est_mm_s":100,"dir":"CW","session_dir":"CW","mdir":"FWD","rear":40,"front":45,"env":1500,"lc_mm":40,"last_confirmed_landmark":"","age_ms":41221,"since":0,"dead_reckoned_mm":40,"candidate_mm":-1,"viable":[],"lostm":0,"lost_ms":0,"agree":166,"disagree":3,"losts":0,"auto":0}
2026-08-26T11:11:08.008	ngr/loco/9950012/alert	{"level":"CLEAR","reason":"STATUS","loco":"9950012","uptime_ms":700195,"nav":"NORMAL","moving":0,"pwm":0,"est_mm_s":100,"dir":"CW","session_dir":"CW","mdir":"FWD","rear":40,"front":45,"env":1500,"lc_mm":40,"last_confirmed_landmark":"","age_ms":42221,"since":0,"dead_reckoned_mm":40,"candidate_mm":-1,"viable":[],"lostm":0,"lost_ms":0,"agree":166,"disagree":3,"losts":0,"auto":0}
2026-08-26T11:11:09.006	ngr/loco/9950012/alert	{"level":"CLEAR","reason":"STATUS","loco":"9950012","uptime_ms":701195,"nav":"NORMAL","moving":0,"pwm":0,"est_mm_s":100,"dir":"CW","session_dir":"CW","mdir":"FWD","rear":40,"front":45,"env":1500,"lc_mm":40,"last_confirmed_landmark":"","age_ms":43221,"since":0,"dead_reckoned_mm":40,"candidate_mm":-1,"viable":[],"lostm":0,"lost_ms":0,"agree":166,"disagree":3,"losts":0,"auto":0}
2026-08-26T11:11:10.008	ngr/loco/9950012/alert	{"level":"CLEAR","reason":"STATUS","loco":"9950012","uptime_ms":702195,"nav":"NORMAL","moving":0,"pwm":0,"est_mm_s":100,"dir":"CW","session_dir":"CW","mdir":"FWD","rear":40,"front":45,"env":1500,"lc_mm":40,"last_confirmed_landmark":"","age_ms":44221,"since":0,"dead_reckoned_mm":40,"candidate_mm":-1,"viable":[],"lostm":0,"lost_ms":0,"agree":166,"disagree":3,"losts":0,"auto":0}
2026-08-26T11:11:11.006	ngr/loco/9950012/alert	{"level":"CLEAR","reason":"STATUS","loco":"9950012","uptime_ms":703195,"nav":"NORMAL","moving":0,"pwm":0,"est_mm_s":100,"dir":"CW","session_dir":"CW","mdir":"FWD","rear":40,"front":45,"env":1500,"lc_mm":40,"last_confirmed_landmark":"","age_ms":45221,"since":0,"dead_reckoned_mm":40,"candidate_mm":-1,"viable":[],"lostm":0,"lost_ms":0,"agree":166,"disagree":3,"losts":0,"auto":0}
2026-08-26T11:11:12.007	ngr/loco/9950012/alert	{"level":"CLEAR","reason":"STATUS","loco":"9950012","uptime_ms":704195,"nav":"NORMAL","moving":0,"pwm":0,"est_mm_s":100,"dir":"CW","session_dir":"CW","mdir":"FWD","rear":40,"front":45,"env":1500,"lc_mm":40,"last_confirmed_landmark":"","age_ms":46221,"since":0,"dead_reckoned_mm":40,"candidate_mm":-1,"viable":[],"lostm":0,"lost_ms":0,"agree":166,"disagree":3,"losts":0,"auto":0}
2026-08-26T11:11:13.004	ngr/loco/9950012/alert	{"level":"CLEAR","reason":"STATUS","loco":"9950012","uptime_ms":705195,"nav":"NORMAL","moving":0,"pwm":0,"est_mm_s":100,"dir":"CW","session_dir":"CW","mdir":"FWD","rear":40,"front":45,"env":1500,"lc_mm":40,"last_confirmed_landmark":"","age_ms":47221,"since":0,"dead_reckoned_mm":40,"candidate_mm":-1,"viable":[],"lostm":0,"lost_ms":0,"agree":166,"disagree":3,"losts":0,"auto":0}
2026-08-26T11:11:14.010	ngr/loco/9950012/alert	{"level":"CLEAR","reason":"STATUS","loco":"9950012","uptime_ms":706195,"nav":"NORMAL","moving":0,"pwm":0,"est_mm_s":100,"dir":"CW","session_dir":"CW","mdir":"FWD","rear":40,"front":45,"env":1500,"lc_mm":40,"last_confirmed_landmark":"","age_ms":48221,"since":0,"dead_reckoned_mm":40,"candidate_mm":-1,"viable":[],"lostm":0,"lost_ms":0,"agree":166,"disagree":3,"losts":0,"auto":0}
2026-08-26T11:11:15.008	ngr/loco/9950012/alert	{"level":"CLEAR","reason":"STATUS","loco":"9950012","uptime_ms":707195,"nav":"NORMAL","moving":0,"pwm":0,"est_mm_s":100,"dir":"CW","session_dir":"CW","mdir":"FWD","rear":40,"front":45,"env":1500,"lc_mm":40,"last_confirmed_landmark":"","age_ms":49221,"since":0,"dead_reckoned_mm":40,"candidate_mm":-1,"viable":[],"lostm":0,"lost_ms":0,"agree":166,"disagree":3,"losts":0,"auto":0}
2026-08-26T11:11:16.009	ngr/loco/9950012/alert	{"level":"CLEAR","reason":"STATUS","loco":"9950012","uptime_ms":708195,"nav":"NORMAL","moving":0,"pwm":0,"est_mm_s":100,"dir":"CW","session_dir":"CW","mdir":"FWD","rear":40,"front":45,"env":1500,"lc_mm":40,"last_confirmed_landmark":"","age_ms":50221,"since":0,"dead_reckoned_mm":40,"candidate_mm":-1,"viable":[],"lostm":0,"lost_ms":0,"agree":166,"disagree":3,"losts":0,"auto":0}
2026-08-26T11:11:17.012	ngr/loco/9950012/alert	{"level":"CLEAR","reason":"STATUS","loco":"9950012","uptime_ms":709195,"nav":"NORMAL","moving":0,"pwm":0,"est_mm_s":100,"dir":"CW","session_dir":"CW","mdir":"FWD","rear":40,"front":45,"env":1500,"lc_mm":40,"last_confirmed_landmark":"","age_ms":51221,"since":0,"dead_reckoned_mm":40,"candidate_mm":-1,"viable":[],"lostm":0,"lost_ms":0,"agree":166,"disagree":3,"losts":0,"auto":0}
2026-08-26T11:11:18.014	ngr/loco/9950012/alert	{"level":"CLEAR","reason":"STATUS","loco":"9950012","uptime_ms":710195,"nav":"NORMAL","moving":0,"pwm":0,"est_mm_s":100,"dir":"CW","session_dir":"CW","mdir":"FWD","rear":40,"front":45,"env":1500,"lc_mm":40,"last_confirmed_landmark":"","age_ms":52221,"since":0,"dead_reckoned_mm":40,"candidate_mm":-1,"viable":[],"lostm":0,"lost_ms":0,"agree":166,"disagree":3,"losts":0,"auto":0}
2026-08-26T11:11:19.012	ngr/loco/9950012/alert	{"level":"CLEAR","reason":"STATUS","loco":"9950012","uptime_ms":711195,"nav":"NORMAL","moving":0,"pwm":0,"est_mm_s":100,"dir":"CW","session_dir":"CW","mdir":"FWD","rear":40,"front":45,"env":1500,"lc_mm":40,"last_confirmed_landmark":"","age_ms":53221,"since":0,"dead_reckoned_mm":40,"candidate_mm":-1,"viable":[],"lostm":0,"lost_ms":0,"agree":166,"disagree":3,"losts":0,"auto":0}
2026-08-26T11:11:20.009	ngr/loco/9950012/alert	{"level":"CLEAR","reason":"STATUS","loco":"9950012","uptime_ms":712195,"nav":"NORMAL","moving":0,"pwm":0,"est_mm_s":100,"dir":"CW","session_dir":"CW","mdir":"FWD","rear":40,"front":45,"env":1500,"lc_mm":40,"last_confirmed_landmark":"","age_ms":54221,"since":0,"dead_reckoned_mm":40,"candidate_mm":-1,"viable":[],"lostm":0,"lost_ms":0,"agree":166,"disagree":3,"losts":0,"auto":0}
2026-08-26T11:11:21.006	ngr/loco/9950012/alert	{"level":"CLEAR","reason":"STATUS","loco":"9950012","uptime_ms":713195,"nav":"NORMAL","moving":0,"pwm":0,"est_mm_s":100,"dir":"CW","session_dir":"CW","mdir":"FWD","rear":40,"front":45,"env":1500,"lc_mm":40,"last_confirmed_landmark":"","age_ms":55221,"since":0,"dead_reckoned_mm":40,"candidate_mm":-1,"viable":[],"lostm":0,"lost_ms":0,"agree":166,"disagree":3,"losts":0,"auto":0}
2026-08-26T11:11:22.007	ngr/loco/9950012/alert	{"level":"CLEAR","reason":"STATUS","loco":"9950012","uptime_ms":714195,"nav":"NORMAL","moving":0,"pwm":0,"est_mm_s":100,"dir":"CW","session_dir":"CW","mdir":"FWD","rear":40,"front":45,"env":1500,"lc_mm":40,"last_confirmed_landmark":"","age_ms":56221,"since":0,"dead_reckoned_mm":40,"candidate_mm":-1,"viable":[],"lostm":0,"lost_ms":0,"agree":166,"disagree":3,"losts":0,"auto":0}
2026-08-26T11:11:23.006	ngr/loco/9950012/alert	{"level":"CLEAR","reason":"STATUS","loco":"9950012","uptime_ms":715195,"nav":"NORMAL","moving":0,"pwm":0,"est_mm_s":100,"dir":"CW","session_dir":"CW","mdir":"FWD","rear":40,"front":45,"env":1500,"lc_mm":40,"last_confirmed_landmark":"","age_ms":57221,"since":0,"dead_reckoned_mm":40,"candidate_mm":-1,"viable":[],"lostm":0,"lost_ms":0,"agree":166,"disagree":3,"losts":0,"auto":0}
2026-08-26T11:11:24.011	ngr/loco/9950012/alert	{"level":"CLEAR","reason":"STATUS","loco":"9950012","uptime_ms":716195,"nav":"NORMAL","moving":0,"pwm":0,"est_mm_s":100,"dir":"CW","session_dir":"CW","mdir":"FWD","rear":40,"front":45,"env":1500,"lc_mm":40,"last_confirmed_landmark":"","age_ms":58221,"since":0,"dead_reckoned_mm":40,"candidate_mm":-1,"viable":[],"lostm":0,"lost_ms":0,"agree":166,"disagree":3,"losts":0,"auto":0}
2026-08-26T11:11:25.011	ngr/loco/9950012/alert	{"level":"CLEAR","reason":"STATUS","loco":"9950012","uptime_ms":717195,"nav":"NORMAL","moving":0,"pwm":0,"est_mm_s":100,"dir":"CW","session_dir":"CW","mdir":"FWD","rear":40,"front":45,"env":1500,"lc_mm":40,"last_confirmed_landmark":"","age_ms":59221,"since":0,"dead_reckoned_mm":40,"candidate_mm":-1,"viable":[],"lostm":0,"lost_ms":0,"agree":166,"disagree":3,"losts":0,"auto":0}
2026-08-26T11:11:26.010	ngr/loco/9950012/alert	{"level":"CLEAR","reason":"STATUS","loco":"9950012","uptime_ms":718195,"nav":"NORMAL","moving":0,"pwm":0,"est_mm_s":100,"dir":"CW","session_dir":"CW","mdir":"FWD","rear":40,"front":45,"env":1500,"lc_mm":40,"last_confirmed_landmark":"","age_ms":60221,"since":0,"dead_reckoned_mm":40,"candidate_mm":-1,"viable":[],"lostm":0,"lost_ms":0,"agree":166,"disagree":3,"losts":0,"auto":0}
2026-08-26T11:11:27.010	ngr/loco/9950012/alert	{"level":"CLEAR","reason":"STATUS","loco":"9950012","uptime_ms":719195,"nav":"NORMAL","moving":0,"pwm":0,"est_mm_s":100,"dir":"CW","session_dir":"CW","mdir":"FWD","rear":40,"front":45,"env":1500,"lc_mm":40,"last_confirmed_landmark":"","age_ms":61221,"since":0,"dead_reckoned_mm":40,"candidate_mm":-1,"viable":[],"lostm":0,"lost_ms":0,"agree":166,"disagree":3,"losts":0,"auto":0}
2026-08-26T11:11:28.007	ngr/loco/9950012/alert	{"level":"CLEAR","reason":"STATUS","loco":"9950012","uptime_ms":720195,"nav":"NORMAL","moving":0,"pwm":0,"est_mm_s":100,"dir":"CW","session_dir":"CW","mdir":"FWD","rear":40,"front":45,"env":1500,"lc_mm":40,"last_confirmed_landmark":"","age_ms":62221,"since":0,"dead_reckoned_mm":40,"candidate_mm":-1,"viable":[],"lostm":0,"lost_ms":0,"agree":166,"disagree":3,"losts":0,"auto":0}
2026-08-26T11:11:29.010	ngr/loco/9950012/alert	{"level":"CLEAR","reason":"STATUS","loco":"9950012","uptime_ms":721195,"nav":"NORMAL","moving":0,"pwm":0,"est_mm_s":100,"dir":"CW","session_dir":"CW","mdir":"FWD","rear":40,"front":45,"env":1500,"lc_mm":40,"last_confirmed_landmark":"","age_ms":63221,"since":0,"dead_reckoned_mm":40,"candidate_mm":-1,"viable":[],"lostm":0,"lost_ms":0,"agree":166,"disagree":3,"losts":0,"auto":0}
2026-08-26T11:11:30.006	ngr/loco/9950012/alert	{"level":"CLEAR","reason":"STATUS","loco":"9950012","uptime_ms":722195,"nav":"NORMAL","moving":0,"pwm":0,"est_mm_s":100,"dir":"CW","session_dir":"CW","mdir":"FWD","rear":40,"front":45,"env":1500,"lc_mm":40,"last_confirmed_landmark":"","age_ms":64221,"since":0,"dead_reckoned_mm":40,"candidate_mm":-1,"viable":[],"lostm":0,"lost_ms":0,"agree":166,"disagree":3,"losts":0,"auto":0}
2026-08-26T11:11:31.009	ngr/loco/9950012/alert	{"level":"CLEAR","reason":"STATUS","loco":"9950012","uptime_ms":723195,"nav":"NORMAL","moving":0,"pwm":0,"est_mm_s":100,"dir":"CW","session_dir":"CW","mdir":"FWD","rear":40,"front":45,"env":1500,"lc_mm":40,"last_confirmed_landmark":"","age_ms":65221,"since":0,"dead_reckoned_mm":40,"candidate_mm":-1,"viable":[],"lostm":0,"lost_ms":0,"agree":166,"disagree":3,"losts":0,"auto":0}
2026-08-26T11:11:32.005	ngr/loco/9950012/alert	{"level":"CLEAR","reason":"STATUS","loco":"9950012","uptime_ms":724195,"nav":"NORMAL","moving":0,"pwm":0,"est_mm_s":100,"dir":"CW","session_dir":"CW","mdir":"FWD","rear":40,"front":45,"env":1500,"lc_mm":40,"last_confirmed_landmark":"","age_ms":66221,"since":0,"dead_reckoned_mm":40,"candidate_mm":-1,"viable":[],"lostm":0,"lost_ms":0,"agree":166,"disagree":3,"losts":0,"auto":0}
2026-08-26T11:11:33.008	ngr/loco/9950012/alert	{"level":"CLEAR","reason":"STATUS","loco":"9950012","uptime_ms":725195,"nav":"NORMAL","moving":0,"pwm":0,"est_mm_s":100,"dir":"CW","session_dir":"CW","mdir":"FWD","rear":40,"front":45,"env":1500,"lc_mm":40,"last_confirmed_landmark":"","age_ms":67221,"since":0,"dead_reckoned_mm":40,"candidate_mm":-1,"viable":[],"lostm":0,"lost_ms":0,"agree":166,"disagree":3,"losts":0,"auto":0}
2026-08-26T11:11:34.014	ngr/loco/9950012/alert	{"level":"CLEAR","reason":"STATUS","loco":"9950012","uptime_ms":726195,"nav":"NORMAL","moving":0,"pwm":0,"est_mm_s":100,"dir":"CW","session_dir":"CW","mdir":"FWD","rear":40,"front":45,"env":1500,"lc_mm":40,"last_confirmed_landmark":"","age_ms":68221,"since":0,"dead_reckoned_mm":40,"candidate_mm":-1,"viable":[],"lostm":0,"lost_ms":0,"agree":166,"disagree":3,"losts":0,"auto":0}
2026-08-26T11:11:35.012	ngr/loco/9950012/alert	{"level":"CLEAR","reason":"STATUS","loco":"9950012","uptime_ms":727195,"nav":"NORMAL","moving":0,"pwm":0,"est_mm_s":100,"dir":"CW","session_dir":"CW","mdir":"FWD","rear":40,"front":45,"env":1500,"lc_mm":40,"last_confirmed_landmark":"","age_ms":69221,"since":0,"dead_reckoned_mm":40,"candidate_mm":-1,"viable":[],"lostm":0,"lost_ms":0,"agree":166,"disagree":3,"losts":0,"auto":0}
2026-08-26T11:11:36.007	ngr/loco/9950012/alert	{"level":"CLEAR","reason":"STATUS","loco":"9950012","uptime_ms":728195,"nav":"NORMAL","moving":0,"pwm":0,"est_mm_s":100,"dir":"CW","session_dir":"CW","mdir":"FWD","rear":40,"front":45,"env":1500,"lc_mm":40,"last_confirmed_landmark":"","age_ms":70221,"since":0,"dead_reckoned_mm":40,"candidate_mm":-1,"viable":[],"lostm":0,"lost_ms":0,"agree":166,"disagree":3,"losts":0,"auto":0}
2026-08-26T11:11:37.009	ngr/loco/9950012/alert	{"level":"CLEAR","reason":"STATUS","loco":"9950012","uptime_ms":729195,"nav":"NORMAL","moving":0,"pwm":0,"est_mm_s":100,"dir":"CW","session_dir":"CW","mdir":"FWD","rear":40,"front":45,"env":1500,"lc_mm":40,"last_confirmed_landmark":"","age_ms":71221,"since":0,"dead_reckoned_mm":40,"candidate_mm":-1,"viable":[],"lostm":0,"lost_ms":0,"agree":166,"disagree":3,"losts":0,"auto":0}
2026-08-26T11:11:38.009	ngr/loco/9950012/alert	{"level":"CLEAR","reason":"STATUS","loco":"9950012","uptime_ms":730195,"nav":"NORMAL","moving":0,"pwm":0,"est_mm_s":100,"dir":"CW","session_dir":"CW","mdir":"FWD","rear":40,"front":45,"env":1500,"lc_mm":40,"last_confirmed_landmark":"","age_ms":72221,"since":0,"dead_reckoned_mm":40,"candidate_mm":-1,"viable":[],"lostm":0,"lost_ms":0,"agree":166,"disagree":3,"losts":0,"auto":0}
2026-08-26T11:11:39.007	ngr/loco/9950012/alert	{"level":"CLEAR","reason":"STATUS","loco":"9950012","uptime_ms":731195,"nav":"NORMAL","moving":0,"pwm":0,"est_mm_s":100,"dir":"CW","session_dir":"CW","mdir":"FWD","rear":40,"front":45,"env":1500,"lc_mm":40,"last_confirmed_landmark":"","age_ms":73221,"since":0,"dead_reckoned_mm":40,"candidate_mm":-1,"viable":[],"lostm":0,"lost_ms":0,"agree":166,"disagree":3,"losts":0,"auto":0}
2026-08-26T11:11:40.012	ngr/loco/9950012/alert	{"level":"CLEAR","reason":"STATUS","loco":"9950012","uptime_ms":732195,"nav":"NORMAL","moving":0,"pwm":0,"est_mm_s":100,"dir":"CW","session_dir":"CW","mdir":"FWD","rear":40,"front":45,"env":1500,"lc_mm":40,"last_confirmed_landmark":"","age_ms":74221,"since":0,"dead_reckoned_mm":40,"candidate_mm":-1,"viable":[],"lostm":0,"lost_ms":0,"agree":166,"disagree":3,"losts":0,"auto":0}
2026-08-26T11:11:41.025	ngr/loco/9950012/alert	{"level":"CLEAR","reason":"STATUS","loco":"9950012","uptime_ms":733195,"nav":"NORMAL","moving":0,"pwm":0,"est_mm_s":100,"dir":"CW","session_dir":"CW","mdir":"FWD","rear":40,"front":45,"env":1500,"lc_mm":40,"last_confirmed_landmark":"","age_ms":75221,"since":0,"dead_reckoned_mm":40,"candidate_mm":-1,"viable":[],"lostm":0,"lost_ms":0,"agree":166,"disagree":3,"losts":0,"auto":0}
2026-08-26T11:11:42.027	ngr/loco/9950012/alert	{"level":"CLEAR","reason":"STATUS","loco":"9950012","uptime_ms":734195,"nav":"NORMAL","moving":0,"pwm":0,"est_mm_s":100,"dir":"CW","session_dir":"CW","mdir":"FWD","rear":40,"front":45,"env":1500,"lc_mm":40,"last_confirmed_landmark":"","age_ms":76221,"since":0,"dead_reckoned_mm":40,"candidate_mm":-1,"viable":[],"lostm":0,"lost_ms":0,"agree":166,"disagree":3,"losts":0,"auto":0}
2026-08-26T11:11:43.009	ngr/loco/9950012/alert	{"level":"CLEAR","reason":"STATUS","loco":"9950012","uptime_ms":735195,"nav":"NORMAL","moving":0,"pwm":0,"est_mm_s":100,"dir":"CW","session_dir":"CW","mdir":"FWD","rear":40,"front":45,"env":1500,"lc_mm":40,"last_confirmed_landmark":"","age_ms":77221,"since":0,"dead_reckoned_mm":40,"candidate_mm":-1,"viable":[],"lostm":0,"lost_ms":0,"agree":166,"disagree":3,"losts":0,"auto":0}
2026-08-26T11:11:44.015	ngr/loco/9950012/alert	{"level":"CLEAR","reason":"STATUS","loco":"9950012","uptime_ms":736195,"nav":"NORMAL","moving":0,"pwm":0,"est_mm_s":100,"dir":"CW","session_dir":"CW","mdir":"FWD","rear":40,"front":45,"env":1500,"lc_mm":40,"last_confirmed_landmark":"","age_ms":78221,"since":0,"dead_reckoned_mm":40,"candidate_mm":-1,"viable":[],"lostm":0,"lost_ms":0,"agree":166,"disagree":3,"losts":0,"auto":0}
2026-08-26T11:11:45.008	ngr/loco/9950012/alert	{"level":"CLEAR","reason":"STATUS","loco":"9950012","uptime_ms":737195,"nav":"NORMAL","moving":0,"pwm":0,"est_mm_s":100,"dir":"CW","session_dir":"CW","mdir":"FWD","rear":40,"front":45,"env":1500,"lc_mm":40,"last_confirmed_landmark":"","age_ms":79221,"since":0,"dead_reckoned_mm":40,"candidate_mm":-1,"viable":[],"lostm":0,"lost_ms":0,"agree":166,"disagree":3,"losts":0,"auto":0}
2026-08-26T11:11:46.012	ngr/loco/9950012/alert	{"level":"CLEAR","reason":"STATUS","loco":"9950012","uptime_ms":738195,"nav":"NORMAL","moving":0,"pwm":0,"est_mm_s":100,"dir":"CW","session_dir":"CW","mdir":"FWD","rear":40,"front":45,"env":1500,"lc_mm":40,"last_confirmed_landmark":"","age_ms":80221,"since":0,"dead_reckoned_mm":40,"candidate_mm":-1,"viable":[],"lostm":0,"lost_ms":0,"agree":166,"disagree":3,"losts":0,"auto":0}
2026-08-26T11:11:47.009	ngr/loco/9950012/alert	{"level":"CLEAR","reason":"STATUS","loco":"9950012","uptime_ms":739195,"nav":"NORMAL","moving":0,"pwm":0,"est_mm_s":100,"dir":"CW","session_dir":"CW","mdir":"FWD","rear":40,"front":45,"env":1500,"lc_mm":40,"last_confirmed_landmark":"","age_ms":81221,"since":0,"dead_reckoned_mm":40,"candidate_mm":-1,"viable":[],"lostm":0,"lost_ms":0,"agree":166,"disagree":3,"losts":0,"auto":0}
2026-08-26T11:11:48.009	ngr/loco/9950012/alert	{"level":"CLEAR","reason":"STATUS","loco":"9950012","uptime_ms":740195,"nav":"NORMAL","moving":0,"pwm":0,"est_mm_s":100,"dir":"CW","session_dir":"CW","mdir":"FWD","rear":40,"front":45,"env":1500,"lc_mm":40,"last_confirmed_landmark":"","age_ms":82221,"since":0,"dead_reckoned_mm":40,"candidate_mm":-1,"viable":[],"lostm":0,"lost_ms":0,"agree":166,"disagree":3,"losts":0,"auto":0}
2026-08-26T11:11:49.005	ngr/loco/9950012/alert	{"level":"CLEAR","reason":"STATUS","loco":"9950012","uptime_ms":741195,"nav":"NORMAL","moving":0,"pwm":0,"est_mm_s":100,"dir":"CW","session_dir":"CW","mdir":"FWD","rear":40,"front":45,"env":1500,"lc_mm":40,"last_confirmed_landmark":"","age_ms":83221,"since":0,"dead_reckoned_mm":40,"candidate_mm":-1,"viable":[],"lostm":0,"lost_ms":0,"agree":166,"disagree":3,"losts":0,"auto":0}
2026-08-26T11:11:50.008	ngr/loco/9950012/alert	{"level":"CLEAR","reason":"STATUS","loco":"9950012","uptime_ms":742195,"nav":"NORMAL","moving":0,"pwm":0,"est_mm_s":100,"dir":"CW","session_dir":"CW","mdir":"FWD","rear":40,"front":45,"env":1500,"lc_mm":40,"last_confirmed_landmark":"","age_ms":84221,"since":0,"dead_reckoned_mm":40,"candidate_mm":-1,"viable":[],"lostm":0,"lost_ms":0,"agree":166,"disagree":3,"losts":0,"auto":0}
2026-08-26T11:11:51.015	ngr/loco/9950012/alert	{"level":"CLEAR","reason":"STATUS","loco":"9950012","uptime_ms":743195,"nav":"NORMAL","moving":0,"pwm":0,"est_mm_s":100,"dir":"CW","session_dir":"CW","mdir":"FWD","rear":40,"front":45,"env":1500,"lc_mm":40,"last_confirmed_landmark":"","age_ms":85221,"since":0,"dead_reckoned_mm":40,"candidate_mm":-1,"viable":[],"lostm":0,"lost_ms":0,"agree":166,"disagree":3,"losts":0,"auto":0}
2026-08-26T11:11:52.008	ngr/loco/9950012/alert	{"level":"CLEAR","reason":"STATUS","loco":"9950012","uptime_ms":744195,"nav":"NORMAL","moving":0,"pwm":0,"est_mm_s":100,"dir":"CW","session_dir":"CW","mdir":"FWD","rear":40,"front":45,"env":1500,"lc_mm":40,"last_confirmed_landmark":"","age_ms":86221,"since":0,"dead_reckoned_mm":40,"candidate_mm":-1,"viable":[],"lostm":0,"lost_ms":0,"agree":166,"disagree":3,"losts":0,"auto":0}
2026-08-26T11:11:53.008	ngr/loco/9950012/alert	{"level":"CLEAR","reason":"STATUS","loco":"9950012","uptime_ms":745195,"nav":"NORMAL","moving":0,"pwm":0,"est_mm_s":100,"dir":"CW","session_dir":"CW","mdir":"FWD","rear":40,"front":45,"env":1500,"lc_mm":40,"last_confirmed_landmark":"","age_ms":87221,"since":0,"dead_reckoned_mm":40,"candidate_mm":-1,"viable":[],"lostm":0,"lost_ms":0,"agree":166,"disagree":3,"losts":0,"auto":0}
2026-08-26T11:11:54.006	ngr/loco/9950012/alert	{"level":"CLEAR","reason":"STATUS","loco":"9950012","uptime_ms":746195,"nav":"NORMAL","moving":0,"pwm":0,"est_mm_s":100,"dir":"CW","session_dir":"CW","mdir":"FWD","rear":40,"front":45,"env":1500,"lc_mm":40,"last_confirmed_landmark":"","age_ms":88221,"since":0,"dead_reckoned_mm":40,"candidate_mm":-1,"viable":[],"lostm":0,"lost_ms":0,"agree":166,"disagree":3,"losts":0,"auto":0}
2026-08-26T11:11:55.011	ngr/loco/9950012/alert	{"level":"CLEAR","reason":"STATUS","loco":"9950012","uptime_ms":747195,"nav":"NORMAL","moving":0,"pwm":0,"est_mm_s":100,"dir":"CW","session_dir":"CW","mdir":"FWD","rear":40,"front":45,"env":1500,"lc_mm":40,"last_confirmed_landmark":"","age_ms":89221,"since":0,"dead_reckoned_mm":40,"candidate_mm":-1,"viable":[],"lostm":0,"lost_ms":0,"agree":166,"disagree":3,"losts":0,"auto":0}
2026-08-26T11:11:56.009	ngr/loco/9950012/alert	{"level":"CLEAR","reason":"STATUS","loco":"9950012","uptime_ms":748195,"nav":"NORMAL","moving":0,"pwm":0,"est_mm_s":100,"dir":"CW","session_dir":"CW","mdir":"FWD","rear":40,"front":45,"env":1500,"lc_mm":40,"last_confirmed_landmark":"","age_ms":90221,"since":0,"dead_reckoned_mm":40,"candidate_mm":-1,"viable":[],"lostm":0,"lost_ms":0,"agree":166,"disagree":3,"losts":0,"auto":0}
2026-08-26T11:11:57.008	ngr/loco/9950012/alert	{"level":"CLEAR","reason":"STATUS","loco":"9950012","uptime_ms":749195,"nav":"NORMAL","moving":0,"pwm":0,"est_mm_s":100,"dir":"CW","session_dir":"CW","mdir":"FWD","rear":40,"front":45,"env":1500,"lc_mm":40,"last_confirmed_landmark":"","age_ms":91221,"since":0,"dead_reckoned_mm":40,"candidate_mm":-1,"viable":[],"lostm":0,"lost_ms":0,"agree":166,"disagree":3,"losts":0,"auto":0}
2026-08-26T11:11:58.008	ngr/loco/9950012/alert	{"level":"CLEAR","reason":"STATUS","loco":"9950012","uptime_ms":750195,"nav":"NORMAL","moving":0,"pwm":0,"est_mm_s":100,"dir":"CW","session_dir":"CW","mdir":"FWD","rear":40,"front":45,"env":1500,"lc_mm":40,"last_confirmed_landmark":"","age_ms":92221,"since":0,"dead_reckoned_mm":40,"candidate_mm":-1,"viable":[],"lostm":0,"lost_ms":0,"agree":166,"disagree":3,"losts":0,"auto":0}
2026-08-26T11:11:59.011	ngr/loco/9950012/alert	{"level":"CLEAR","reason":"STATUS","loco":"9950012","uptime_ms":751195,"nav":"NORMAL","moving":0,"pwm":0,"est_mm_s":100,"dir":"CW","session_dir":"CW","mdir":"FWD","rear":40,"front":45,"env":1500,"lc_mm":40,"last_confirmed_landmark":"","age_ms":93221,"since":0,"dead_reckoned_mm":40,"candidate_mm":-1,"viable":[],"lostm":0,"lost_ms":0,"agree":166,"disagree":3,"losts":0,"auto":0}
