# broker 192.168.68.142 ; started 2026-08-12T16:22:03Z
# caffeinate held (pid 45524)
# WARNING started on battery (39%) — lid must stay open
1786551723.653262000 ngr/loco/9950011/state/brake 0
1786551723.653329000 ngr/loco/9950011/state/start_mm 30
1786551723.653339000 ngr/loco/9950011/state/must_hold_eligible 0
1786551723.653348000 ngr/loco/9950011/state/bootid {"sketch":"QUORUM_1_13","loco":"9950011","deadband":25,"entry_margin":13,"min_peak":35,"floor_ms":40,"baseline":"median_128_at_500ms","quorum_trigger":3,"quorum_margin":2,"quorum_max":12}
1786551723.653356000 ngr/loco/9950011/state/nav_ready 1
1786551723.653364000 ngr/loco/9950011/state/throttle 90
1786551723.653371000 ngr/loco/9950011/state/direction 2
1786551723.653379000 ngr/loco/9950011/state/estop 0
1786551723.653386000 ngr/loco/9950011/state/auto 1
1786551723.653393000 ngr/loco/9950011/state/session_direction CW
1786551723.653400000 ngr/loco/9950011/state/start_interval 121-122
1786551723.653407000 ngr/loco/9950011/state/lowvolt 0
1786551723.653414000 ngr/loco/9950011/profile/status {"loco_id": "9950011", "service_online": true, "published_at": "2026-08-12T02:04:33.678021+00:00", "cw": {"available": true, "version": 4, "run_count": 4, "updated": "2026-07-02T05:58:25.299011+00:00", "loco_event": null, "loco_source": null, "loco_ver": null, "loco_event_ts": null}, "ccw": {"available": true, "version": 1, "run_count": 1, "updated": "2026-07-02T02:37:38.911911+00:00", "loco_event": null, "loco_source": null, "loco_ver": null, "loco_event_ts": null}}
1786551723.653421000 ngr/loco/9950011/status/online 1
1786551723.662916000 ngr/loco/9950011/alert {"level":"CLEAR","reason":"STATUS","loco":"9950011","uptime_ms":640393,"nav":"NORMAL","moving":1,"pwm":90,"est_mm_s":258,"dir":"CW","session_dir":"CW","mdir":"FWD","rear":30,"front":35,"env":1575,"lc_mm":30,"last_confirmed_landmark":"","age_ms":1120,"since":0,"dead_reckoned_mm":30,"candidate_mm":-1,"viable":[],"lostm":0,"lost_ms":0,"agree":251,"disagree":0,"losts":0,"auto":1}
1786551723.662967000 ngr/loco/9950011/online 1
1786551723.662977000 ngr/loco/9950011/telem/voltage 16.45
1786551723.662986000 ngr/loco/9950011/telem/current 0.37
1786551723.662994000 ngr/loco/9950011/telem/power 4.75
1786551723.663002000 ngr/loco/9950012/online 0
1786551723.663010000 ngr/loco/9950012/state/bootid {"sketch":"QUORUM_1_6","loco":"9950012","deadband":25,"entry_margin":13,"min_peak":35,"floor_ms":40,"baseline":"median_128_at_500ms","quorum_trigger":3,"quorum_margin":2,"quorum_max":12}
1786551723.663031000 ngr/loco/9950012/state/throttle 100
1786551723.663043000 ngr/loco/9950012/state/direction 2
1786551723.663051000 ngr/loco/9950012/state/estop 0
1786551723.663058000 ngr/loco/9950012/state/auto 1
1786551723.663065000 ngr/loco/9950012/state/session_direction CCW
1786551723.663073000 ngr/loco/9950012/state/start_interval 044-045
1786551723.663080000 ngr/loco/9950012/state/start_mm 10
1786551723.663088000 ngr/loco/9950012/state/nav_ready 1
1786551723.663094000 ngr/loco/9950012/state/brake 0
1786551723.663102000 ngr/loco/9950012/state/must_hold_eligible 0
1786551723.663109000 ngr/loco/9950012/alert {"level":"CLEAR","reason":"STATUS","loco":"9950012","uptime_ms":929256,"nav":"NORMAL","moving":1,"pwm":100,"est_mm_s":284,"dir":"CCW","session_dir":"CCW","mdir":"FWD","rear":10,"front":5,"env":1540,"lc_mm":10,"last_confirmed_landmark":"","age_ms":378,"since":0,"dead_reckoned_mm":10,"candidate_mm":-1,"viable":[],"lostm":0,"lost_ms":0,"agree":201,"disagree":7,"losts":0,"auto":1}
1786551723.666432000 ngr/loco/9950012/profile/status {"loco_id": "9950012", "service_online": true, "published_at": "2026-08-12T02:04:34.312395+00:00", "cw": {"available": false, "version": null, "run_count": null, "updated": null, "loco_event": null, "loco_source": null, "loco_ver": null, "loco_event_ts": null}, "ccw": {"available": false, "version": null, "run_count": null, "updated": null, "loco_event": null, "loco_source": null, "loco_ver": null, "loco_event_ts": null}}
1786551723.666444000 ngr/loco/2095111/profile/status {"loco_id": "2095111", "service_online": true, "published_at": "2026-08-12T02:04:34.593345+00:00", "cw": {"available": false, "version": null, "run_count": null, "updated": null, "loco_event": null, "loco_source": null, "loco_ver": null, "loco_event_ts": null}, "ccw": {"available": false, "version": null, "run_count": null, "updated": null, "loco_event": null, "loco_source": null, "loco_ver": null, "loco_event_ts": null}}
1786551723.666460000 ngr/loco/2095112/profile/status {"loco_id": "2095112", "service_online": true, "published_at": "2026-08-12T02:04:34.815320+00:00", "cw": {"available": false, "version": null, "run_count": null, "updated": null, "loco_event": null, "loco_source": null, "loco_ver": null, "loco_event_ts": null}, "ccw": {"available": false, "version": null, "run_count": null, "updated": null, "loco_event": null, "loco_source": null, "loco_ver": null, "loco_event_ts": null}}
1786551723.666467000 ngr/spoke/spoke1/status/online 0
1786551723.666474000 ngr/spoke/IR_SPEED_SENSOR/status/online 0
1786551723.666480000 ngr/diag/hallprobe01/status offline
1786551723.666486000 ngr/diag/irscope01/status {"online":0}
1786551723.666493000 ngr/marker/9950012/online 0
1786551723.672585000 ngr/marker/9950012/boot {"sketch":"SENSORTEST_1_0","loco":"9950012","deadband":25,"entry_margin":13,"min_peak":35,"floor_ms":40,"exit_hold_ms":20,"baseline":"median_128_at_500ms"}
1786551723.672599000 ngr/marker/9950011/online 0
1786551723.672609000 ngr/marker/9950011/boot {"sketch":"SENSORTEST_1_1","loco":"9950011","deadband":25,"entry_margin":13,"min_peak":35,"floor_ms":40,"exit_hold_ms":20,"baseline":"median_128_at_500ms"}
1786551723.672618000 $SYS/broker/clients/connected 5
1786551723.672627000 $SYS/broker/uptime 51540 seconds
1786551723.821016000 ngr/loco/9950011/state/nav {"event":"AGREE","state":"NORMAL","nav_state":"NORMAL","mm":31,"landmark":"","dir":"CW","miss_streak":0,"obs":"N","expected":"N","peak":144,"ms":171,"drift":0,"dt":1361,"agree":252,"disagree":0,"lost":0,"scores":[0,0,0,0,0,0],"excluded":[false,false,false,false,false,false],"leader":null,"runner_up":null,"margin":0,"motor_dir":"FWD"}
1786551723.835966000 ngr/loco/9950011/mm/marker {"mm":31,"landmark":"","obs":"N","peak":144,"ms":171,"drift":0,"dt":1361,"timing_gate":"ACTIVE","dt_expected":1250,"dt_conserve_ratio":2.06,"pwm":90,"v":16.45}
1786551724.381260000 ngr/loco/9950011/alert {"level":"CLEAR","reason":"STATUS","loco":"9950011","uptime_ms":641393,"nav":"NORMAL","moving":1,"pwm":90,"est_mm_s":242,"dir":"CW","session_dir":"CW","mdir":"FWD","rear":31,"front":36,"env":1545,"lc_mm":31,"last_confirmed_landmark":"","age_ms":759,"since":0,"dead_reckoned_mm":31,"candidate_mm":-1,"viable":[],"lostm":0,"lost_ms":0,"agree":252,"disagree":0,"losts":0,"auto":1}
1786551724.481577000 ngr/loco/9950011/state/start_mm 31
1786551724.545792000 ngr/loco/9950011/state/loopstat {"loop_max_gap_ms":33,"hall_task_max_gap_ms":2,"hall_task_age_ms":1,"baseline":1893,"raw":1893,"delta":0,"queue_drops":0,"floor_rejects":8,"queue_high_water":1,"mqtt_connect_ms":185,"mqtt_attempts":1,"pub_drops":0,"pub_queue_hw":1,"cmd_drops":0,"pub_per_s":4,"marker_pub_drops":0,"marker_pub_hw":1,"nav":"NORMAL","mm":31,"miss_streak":0,"pwm":90,"lost_markers":0,"lost_ms":0,"motor_dir":"FWD"}
1786551725.236170000 ngr/loco/9950011/state/nav {"event":"AGREE","state":"NORMAL","nav_state":"NORMAL","mm":32,"landmark":"","dir":"CW","miss_streak":0,"obs":"N","expected":"N","peak":135,"ms":192,"drift":0,"dt":1418,"agree":253,"disagree":0,"lost":0,"scores":[0,0,0,0,0,0],"excluded":[false,false,false,false,false,false],"leader":null,"runner_up":null,"margin":0,"motor_dir":"FWD"}
1786551725.263131000 ngr/loco/9950011/mm/marker {"mm":32,"landmark":"","obs":"N","peak":135,"ms":192,"drift":0,"dt":1418,"timing_gate":"ACTIVE","dt_expected":1310,"dt_conserve_ratio":2.12,"pwm":90,"v":16.45}
1786551725.377462000 ngr/loco/9950011/alert {"level":"CLEAR","reason":"STATUS","loco":"9950011","uptime_ms":642393,"nav":"NORMAL","moving":1,"pwm":90,"est_mm_s":225,"dir":"CW","session_dir":"CW","mdir":"FWD","rear":32,"front":37,"env":1525,"lc_mm":32,"last_confirmed_landmark":"","age_ms":341,"since":0,"dead_reckoned_mm":32,"candidate_mm":-1,"viable":[],"lostm":0,"lost_ms":0,"agree":253,"disagree":0,"losts":0,"auto":1}
1786551725.485807000 ngr/loco/9950011/state/start_mm 32
1786551725.545150000 ngr/loco/9950011/state/loopstat {"loop_max_gap_ms":34,"hall_task_max_gap_ms":2,"hall_task_age_ms":1,"baseline":1893,"raw":1889,"delta":-4,"queue_drops":0,"floor_rejects":8,"queue_high_water":1,"mqtt_connect_ms":185,"mqtt_attempts":1,"pub_drops":0,"pub_queue_hw":1,"cmd_drops":0,"pub_per_s":4,"marker_pub_drops":0,"marker_pub_hw":1,"nav":"NORMAL","mm":32,"miss_streak":0,"pwm":90,"lost_markers":0,"lost_ms":0,"motor_dir":"FWD"}
1786551726.435295000 ngr/loco/9950011/alert {"level":"CLEAR","reason":"STATUS","loco":"9950011","uptime_ms":643393,"nav":"NORMAL","moving":1,"pwm":90,"est_mm_s":225,"dir":"CW","session_dir":"CW","mdir":"FWD","rear":32,"front":37,"env":1525,"lc_mm":32,"last_confirmed_landmark":"","age_ms":1341,"since":0,"dead_reckoned_mm":32,"candidate_mm":-1,"viable":[],"lostm":0,"lost_ms":0,"agree":253,"disagree":0,"losts":0,"auto":1}
1786551726.642354000 ngr/loco/9950011/state/loopstat {"loop_max_gap_ms":33,"hall_task_max_gap_ms":2,"hall_task_age_ms":1,"baseline":1893,"raw":1888,"delta":-5,"queue_drops":0,"floor_rejects":8,"queue_high_water":0,"mqtt_connect_ms":185,"mqtt_attempts":1,"pub_drops":0,"pub_queue_hw":1,"cmd_drops":0,"pub_per_s":1,"marker_pub_drops":0,"marker_pub_hw":0,"nav":"NORMAL","mm":32,"miss_streak":0,"pwm":90,"lost_markers":0,"lost_ms":0,"motor_dir":"FWD"}
1786551726.933983000 ngr/loco/9950011/state/nav {"event":"AGREE","state":"NORMAL","nav_state":"NORMAL","mm":33,"landmark":"","dir":"CW","miss_streak":0,"obs":"S","expected":"S","peak":151,"ms":195,"drift":0,"dt":1587,"agree":254,"disagree":0,"lost":0,"scores":[0,0,0,0,0,0],"excluded":[false,false,false,false,false,false],"leader":null,"runner_up":null,"margin":0,"motor_dir":"FWD"}
1786551726.971110000 ngr/loco/9950011/mm/marker {"mm":33,"landmark":"","obs":"S","peak":151,"ms":195,"drift":0,"dt":1587,"timing_gate":"ACTIVE","dt_expected":1270,"dt_conserve_ratio":2.36,"pwm":90,"v":16.45}
1786551727.631003000 ngr/loco/9950011/alert {"level":"CLEAR","reason":"STATUS","loco":"9950011","uptime_ms":644393,"nav":"NORMAL","moving":1,"pwm":90,"est_mm_s":198,"dir":"CW","session_dir":"CW","mdir":"FWD","rear":33,"front":38,"env":1510,"lc_mm":33,"last_confirmed_landmark":"","age_ms":754,"since":0,"dead_reckoned_mm":33,"candidate_mm":-1,"viable":[],"lostm":0,"lost_ms":0,"agree":254,"disagree":0,"losts":0,"auto":1}
1786551727.631075000 ngr/loco/9950011/state/start_mm 33
1786551727.631094000 ngr/loco/9950011/state/loopstat {"loop_max_gap_ms":33,"hall_task_max_gap_ms":2,"hall_task_age_ms":1,"baseline":1893,"raw":1893,"delta":0,"queue_drops":0,"floor_rejects":8,"queue_high_water":1,"mqtt_connect_ms":185,"mqtt_attempts":1,"pub_drops":0,"pub_queue_hw":1,"cmd_drops":0,"pub_per_s":4,"marker_pub_drops":0,"marker_pub_hw":1,"nav":"NORMAL","mm":33,"miss_streak":0,"pwm":90,"lost_markers":0,"lost_ms":0,"motor_dir":"FWD"}
1786551728.054015000 ngr/loco/9950011/telem/voltage 16.44
1786551728.078579000 ngr/loco/9950011/telem/current 0.36
1786551728.078734000 ngr/loco/9950011/telem/power 6.78
1786551728.309876000 ngr/loco/9950011/state/nav {"event":"AGREE","state":"NORMAL","nav_state":"NORMAL","mm":34,"landmark":"","dir":"CW","miss_streak":0,"obs":"N","expected":"N","peak":149,"ms":194,"drift":0,"dt":1487,"agree":255,"disagree":0,"lost":0,"scores":[0,0,0,0,0,0],"excluded":[false,false,false,false,false,false],"leader":null,"runner_up":null,"margin":0,"motor_dir":"FWD"}
1786551728.339367000 ngr/loco/9950011/mm/marker {"mm":34,"landmark":"","obs":"N","peak":149,"ms":194,"drift":0,"dt":1487,"timing_gate":"ACTIVE","dt_expected":1250,"dt_conserve_ratio":2.46,"pwm":90,"v":16.44}
1786551728.374061000 ngr/loco/9950011/alert {"level":"CLEAR","reason":"STATUS","loco":"9950011","uptime_ms":645393,"nav":"NORMAL","moving":1,"pwm":90,"est_mm_s":208,"dir":"CW","session_dir":"CW","mdir":"FWD","rear":34,"front":39,"env":1500,"lc_mm":34,"last_confirmed_landmark":"","age_ms":267,"since":0,"dead_reckoned_mm":34,"candidate_mm":-1,"viable":[],"lostm":0,"lost_ms":0,"agree":255,"disagree":0,"losts":0,"auto":1}
1786551728.480533000 ngr/loco/9950011/state/start_mm 34
1786551728.536014000 ngr/loco/9950011/state/loopstat {"loop_max_gap_ms":33,"hall_task_max_gap_ms":2,"hall_task_age_ms":1,"baseline":1893,"raw":1889,"delta":-4,"queue_drops":0,"floor_rejects":8,"queue_high_water":1,"mqtt_connect_ms":185,"mqtt_attempts":1,"pub_drops":0,"pub_queue_hw":3,"cmd_drops":0,"pub_per_s":7,"marker_pub_drops":0,"marker_pub_hw":1,"nav":"NORMAL","mm":34,"miss_streak":0,"pwm":90,"lost_markers":0,"lost_ms":0,"motor_dir":"FWD"}
1786551729.446657000 ngr/loco/9950011/alert {"level":"CLEAR","reason":"STATUS","loco":"9950011","uptime_ms":646393,"nav":"NORMAL","moving":1,"pwm":90,"est_mm_s":208,"dir":"CW","session_dir":"CW","mdir":"FWD","rear":34,"front":39,"env":1500,"lc_mm":34,"last_confirmed_landmark":"","age_ms":1267,"since":0,"dead_reckoned_mm":34,"candidate_mm":-1,"viable":[],"lostm":0,"lost_ms":0,"agree":255,"disagree":0,"losts":0,"auto":1}
1786551729.539495000 ngr/loco/9950011/state/loopstat {"loop_max_gap_ms":33,"hall_task_max_gap_ms":2,"hall_task_age_ms":1,"baseline":1893,"raw":1932,"delta":39,"queue_drops":0,"floor_rejects":8,"queue_high_water":0,"mqtt_connect_ms":185,"mqtt_attempts":1,"pub_drops":0,"pub_queue_hw":1,"cmd_drops":0,"pub_per_s":1,"marker_pub_drops":0,"marker_pub_hw":0,"nav":"NORMAL","mm":34,"miss_streak":0,"pwm":90,"lost_markers":0,"lost_ms":0,"motor_dir":"FWD"}
1786551729.725380000 ngr/loco/9950011/state/nav {"event":"AGREE","state":"NORMAL","nav_state":"NORMAL","mm":35,"landmark":"","dir":"CW","miss_streak":0,"obs":"N","expected":"N","peak":140,"ms":191,"drift":0,"dt":1418,"agree":256,"disagree":0,"lost":0,"scores":[0,0,0,0,0,0],"excluded":[false,false,false,false,false,false],"leader":null,"runner_up":null,"margin":0,"motor_dir":"FWD"}
1786551729.740787000 ngr/loco/9950011/mm/marker {"mm":35,"landmark":"","obs":"N","peak":140,"ms":191,"drift":0,"dt":1418,"timing_gate":"ACTIVE","dt_expected":1231,"dt_conserve_ratio":2.36,"pwm":90,"v":16.44}
1786551730.387832000 ngr/loco/9950011/alert {"level":"CLEAR","reason":"STATUS","loco":"9950011","uptime_ms":647393,"nav":"NORMAL","moving":1,"pwm":90,"est_mm_s":211,"dir":"CW","session_dir":"CW","mdir":"FWD","rear":35,"front":40,"env":1500,"lc_mm":35,"last_confirmed_landmark":"","age_ms":849,"since":0,"dead_reckoned_mm":35,"candidate_mm":-1,"viable":[],"lostm":0,"lost_ms":0,"agree":256,"disagree":0,"losts":0,"auto":1}
1786551730.486591000 ngr/loco/9950011/state/start_mm 35
1786551730.569823000 ngr/loco/9950011/state/loopstat {"loop_max_gap_ms":34,"hall_task_max_gap_ms":2,"hall_task_age_ms":1,"baseline":1893,"raw":1893,"delta":0,"queue_drops":0,"floor_rejects":8,"queue_high_water":1,"mqtt_connect_ms":185,"mqtt_attempts":1,"pub_drops":0,"pub_queue_hw":1,"cmd_drops":0,"pub_per_s":4,"marker_pub_drops":0,"marker_pub_hw":1,"nav":"NORMAL","mm":35,"miss_streak":0,"pwm":90,"lost_markers":0,"lost_ms":0,"motor_dir":"FWD"}
1786551731.080038000 $SYS/broker/uptime 51551 seconds
1786551731.093507000 $SYS/broker/clients/connected 6
1786551731.112462000 ngr/loco/9950011/state/nav {"event":"AGREE","state":"NORMAL","nav_state":"NORMAL","mm":36,"landmark":"","dir":"CW","miss_streak":0,"obs":"S","expected":"S","peak":144,"ms":192,"drift":0,"dt":1367,"agree":257,"disagree":0,"lost":0,"scores":[0,0,0,0,0,0],"excluded":[false,false,false,false,false,false],"leader":null,"runner_up":null,"margin":0,"motor_dir":"FWD"}
1786551731.122586000 ngr/loco/9950011/mm/marker {"mm":36,"landmark":"","obs":"S","peak":144,"ms":192,"drift":0,"dt":1367,"timing_gate":"ACTIVE","dt_expected":1191,"dt_conserve_ratio":2.34,"pwm":90,"v":16.44}
1786551731.387845000 ngr/loco/9950011/alert {"level":"CLEAR","reason":"STATUS","loco":"9950011","uptime_ms":648393,"nav":"NORMAL","moving":1,"pwm":90,"est_mm_s":219,"dir":"CW","session_dir":"CW","mdir":"FWD","rear":36,"front":41,"env":1500,"lc_mm":36,"last_confirmed_landmark":"","age_ms":482,"since":0,"dead_reckoned_mm":36,"candidate_mm":-1,"viable":[],"lostm":0,"lost_ms":0,"agree":257,"disagree":0,"losts":0,"auto":1}
1786551731.479812000 ngr/loco/9950011/state/start_mm 36
1786551731.533146000 ngr/loco/9950011/state/loopstat {"loop_max_gap_ms":33,"hall_task_max_gap_ms":2,"hall_task_age_ms":1,"baseline":1893,"raw":1893,"delta":0,"queue_drops":0,"floor_rejects":8,"queue_high_water":1,"mqtt_connect_ms":185,"mqtt_attempts":1,"pub_drops":0,"pub_queue_hw":1,"cmd_drops":0,"pub_per_s":4,"marker_pub_drops":0,"marker_pub_hw":1,"nav":"NORMAL","mm":36,"miss_streak":0,"pwm":90,"lost_markers":0,"lost_ms":0,"motor_dir":"FWD"}
1786551732.376665000 ngr/loco/9950011/alert {"level":"CLEAR","reason":"STATUS","loco":"9950011","uptime_ms":649393,"nav":"NORMAL","moving":1,"pwm":90,"est_mm_s":219,"dir":"CW","session_dir":"CW","mdir":"FWD","rear":36,"front":41,"env":1500,"lc_mm":36,"last_confirmed_landmark":"","age_ms":1482,"since":0,"dead_reckoned_mm":36,"candidate_mm":-1,"viable":[],"lostm":0,"lost_ms":0,"agree":257,"disagree":0,"losts":0,"auto":1}
1786551732.437753000 ngr/loco/9950011/state/nav {"event":"AGREE","state":"NORMAL","nav_state":"NORMAL","mm":37,"landmark":"","dir":"CW","miss_streak":0,"obs":"S","expected":"S","peak":153,"ms":179,"drift":0,"dt":1353,"agree":258,"disagree":0,"lost":0,"scores":[0,0,0,0,0,0],"excluded":[false,false,false,false,false,false],"leader":null,"runner_up":null,"margin":0,"motor_dir":"FWD"}
1786551732.460504000 ngr/loco/9950011/mm/marker {"mm":37,"landmark":"","obs":"S","peak":153,"ms":179,"drift":0,"dt":1353,"timing_gate":"ACTIVE","dt_expected":1191,"dt_conserve_ratio":2.28,"pwm":90,"v":16.44}
1786551732.480886000 ngr/loco/9950011/state/start_mm 37
1786551732.533178000 ngr/loco/9950011/state/loopstat {"loop_max_gap_ms":34,"hall_task_max_gap_ms":3,"hall_task_age_ms":1,"baseline":1893,"raw":1901,"delta":8,"queue_drops":0,"floor_rejects":8,"queue_high_water":1,"mqtt_connect_ms":185,"mqtt_attempts":1,"pub_drops":0,"pub_queue_hw":1,"cmd_drops":0,"pub_per_s":4,"marker_pub_drops":0,"marker_pub_hw":1,"nav":"NORMAL","mm":37,"miss_streak":0,"pwm":90,"lost_markers":0,"lost_ms":0,"motor_dir":"FWD"}
1786551733.033168000 ngr/loco/9950011/telem/voltage 16.44
1786551733.078698000 ngr/loco/9950011/telem/current 0.36
1786551733.078867000 ngr/loco/9950011/telem/power 5.79
1786551733.542244000 ngr/loco/9950011/alert {"level":"CLEAR","reason":"STATUS","loco":"9950011","uptime_ms":650393,"nav":"NORMAL","moving":1,"pwm":90,"est_mm_s":221,"dir":"CW","session_dir":"CW","mdir":"FWD","rear":37,"front":42,"env":1500,"lc_mm":37,"last_confirmed_landmark":"","age_ms":1129,"since":0,"dead_reckoned_mm":37,"candidate_mm":-1,"viable":[],"lostm":0,"lost_ms":0,"agree":258,"disagree":0,"losts":0,"auto":1}
1786551733.568913000 ngr/loco/9950011/state/loopstat {"loop_max_gap_ms":33,"hall_task_max_gap_ms":3,"hall_task_age_ms":1,"baseline":1893,"raw":1807,"delta":-86,"queue_drops":0,"floor_rejects":8,"queue_high_water":0,"mqtt_connect_ms":185,"mqtt_attempts":1,"pub_drops":0,"pub_queue_hw":3,"cmd_drops":0,"pub_per_s":4,"marker_pub_drops":0,"marker_pub_hw":0,"nav":"NORMAL","mm":37,"miss_streak":0,"pwm":90,"lost_markers":0,"lost_ms":0,"motor_dir":"FWD"}
1786551733.679607000 ngr/loco/9950011/state/nav {"event":"AGREE","state":"NORMAL","nav_state":"NORMAL","mm":38,"landmark":"","dir":"CW","miss_streak":0,"obs":"S","expected":"S","peak":146,"ms":168,"drift":0,"dt":1257,"agree":259,"disagree":0,"lost":0,"scores":[0,0,0,0,0,0],"excluded":[false,false,false,false,false,false],"leader":null,"runner_up":null,"margin":0,"motor_dir":"FWD"}
1786551733.713731000 ngr/loco/9950011/mm/marker {"mm":38,"landmark":"","obs":"S","peak":146,"ms":168,"drift":0,"dt":1257,"timing_gate":"ACTIVE","dt_expected":1191,"dt_conserve_ratio":2.19,"pwm":90,"v":16.44}
1786551734.515027000 ngr/loco/9950011/alert {"level":"CLEAR","reason":"STATUS","loco":"9950011","uptime_ms":651393,"nav":"NORMAL","moving":1,"pwm":90,"est_mm_s":238,"dir":"CW","session_dir":"CW","mdir":"FWD","rear":38,"front":43,"env":1500,"lc_mm":38,"last_confirmed_landmark":"","age_ms":872,"since":0,"dead_reckoned_mm":38,"candidate_mm":-1,"viable":[],"lostm":0,"lost_ms":0,"agree":259,"disagree":0,"losts":0,"auto":1}
1786551734.560486000 ngr/loco/9950011/state/start_mm 38
1786551734.610649000 ngr/loco/9950011/state/loopstat {"loop_max_gap_ms":33,"hall_task_max_gap_ms":2,"hall_task_age_ms":1,"baseline":1893,"raw":1894,"delta":1,"queue_drops":0,"floor_rejects":8,"queue_high_water":1,"mqtt_connect_ms":185,"mqtt_attempts":1,"pub_drops":0,"pub_queue_hw":1,"cmd_drops":0,"pub_per_s":4,"marker_pub_drops":0,"marker_pub_hw":1,"nav":"NORMAL","mm":38,"miss_streak":0,"pwm":90,"lost_markers":0,"lost_ms":0,"motor_dir":"FWD"}
1786551734.924264000 ngr/loco/9950011/state/nav {"event":"AGREE","state":"NORMAL","nav_state":"NORMAL","mm":39,"landmark":"","dir":"CW","miss_streak":0,"obs":"S","expected":"S","peak":147,"ms":164,"drift":0,"dt":1217,"agree":260,"disagree":0,"lost":0,"scores":[0,0,0,0,0,0],"excluded":[false,false,false,false,false,false],"leader":null,"runner_up":null,"margin":0,"motor_dir":"FWD"}
1786551734.978596000 ngr/loco/9950011/mm/marker {"mm":39,"landmark":"","obs":"S","peak":147,"ms":164,"drift":0,"dt":1217,"timing_gate":"ACTIVE","dt_expected":1191,"dt_conserve_ratio":2.08,"pwm":90,"v":16.44}
1786551735.421031000 ngr/loco/9950011/alert {"level":"CLEAR","reason":"STATUS","loco":"9950011","uptime_ms":652393,"nav":"NORMAL","moving":1,"pwm":90,"est_mm_s":246,"dir":"CW","session_dir":"CW","mdir":"FWD","rear":39,"front":44,"env":1500,"lc_mm":39,"last_confirmed_landmark":"","age_ms":655,"since":0,"dead_reckoned_mm":39,"candidate_mm":-1,"viable":[],"lostm":0,"lost_ms":0,"agree":260,"disagree":0,"losts":0,"auto":1}
1786551735.499323000 ngr/loco/9950011/state/start_mm 39
1786551735.540077000 ngr/loco/9950011/state/loopstat {"loop_max_gap_ms":33,"hall_task_max_gap_ms":2,"hall_task_age_ms":1,"baseline":1893,"raw":1893,"delta":0,"queue_drops":0,"floor_rejects":8,"queue_high_water":1,"mqtt_connect_ms":185,"mqtt_attempts":1,"pub_drops":0,"pub_queue_hw":1,"cmd_drops":0,"pub_per_s":4,"marker_pub_drops":0,"marker_pub_hw":1,"nav":"NORMAL","mm":39,"miss_streak":0,"pwm":90,"lost_markers":0,"lost_ms":0,"motor_dir":"FWD"}
1786551736.073225000 ngr/loco/9950011/state/nav {"event":"AGREE","state":"NORMAL","nav_state":"NORMAL","mm":40,"landmark":"","dir":"CW","miss_streak":0,"obs":"S","expected":"S","peak":148,"ms":158,"drift":0,"dt":1169,"agree":261,"disagree":0,"lost":0,"scores":[0,0,0,0,0,0],"excluded":[false,false,false,false,false,false],"leader":null,"runner_up":null,"margin":0,"motor_dir":"FWD"}
1786551736.087323000 ngr/loco/9950011/mm/marker {"mm":40,"landmark":"","obs":"S","peak":148,"ms":158,"drift":0,"dt":1169,"timing_gate":"ACTIVE","dt_expected":1191,"dt_conserve_ratio":2.00,"pwm":90,"v":16.44}
1786551736.376664000 ngr/loco/9950011/alert {"level":"CLEAR","reason":"STATUS","loco":"9950011","uptime_ms":653393,"nav":"NORMAL","moving":1,"pwm":90,"est_mm_s":256,"dir":"CW","session_dir":"CW","mdir":"FWD","rear":40,"front":45,"env":1500,"lc_mm":40,"last_confirmed_landmark":"","age_ms":486,"since":0,"dead_reckoned_mm":40,"candidate_mm":-1,"viable":[],"lostm":0,"lost_ms":0,"agree":261,"disagree":0,"losts":0,"auto":1}
1786551736.491758000 ngr/loco/9950011/state/start_mm 40
1786551736.532384000 ngr/loco/9950011/state/loopstat {"loop_max_gap_ms":33,"hall_task_max_gap_ms":2,"hall_task_age_ms":1,"baseline":1893,"raw":1893,"delta":0,"queue_drops":0,"floor_rejects":8,"queue_high_water":1,"mqtt_connect_ms":185,"mqtt_attempts":1,"pub_drops":0,"pub_queue_hw":1,"cmd_drops":0,"pub_per_s":4,"marker_pub_drops":0,"marker_pub_hw":1,"nav":"NORMAL","mm":40,"miss_streak":0,"pwm":90,"lost_markers":0,"lost_ms":0,"motor_dir":"FWD"}
1786551737.215982000 ngr/loco/9950011/state/nav {"event":"AGREE","state":"NORMAL","nav_state":"NORMAL","mm":41,"landmark":"","dir":"CW","miss_streak":0,"obs":"S","expected":"S","peak":150,"ms":161,"drift":0,"dt":1156,"agree":262,"disagree":0,"lost":0,"scores":[0,0,0,0,0,0],"excluded":[false,false,false,false,false,false],"leader":null,"runner_up":null,"margin":0,"motor_dir":"FWD"}
1786551737.240212000 ngr/loco/9950011/mm/marker {"mm":41,"landmark":"","obs":"S","peak":150,"ms":161,"drift":0,"dt":1156,"timing_gate":"ACTIVE","dt_expected":1191,"dt_conserve_ratio":1.95,"pwm":90,"v":16.44}
1786551737.370351000 ngr/loco/9950011/alert {"level":"CLEAR","reason":"STATUS","loco":"9950011","uptime_ms":654393,"nav":"NORMAL","moving":1,"pwm":90,"est_mm_s":259,"dir":"CW","session_dir":"CW","mdir":"FWD","rear":41,"front":46,"env":1500,"lc_mm":41,"last_confirmed_landmark":"","age_ms":330,"since":0,"dead_reckoned_mm":41,"candidate_mm":-1,"viable":[],"lostm":0,"lost_ms":0,"agree":262,"disagree":0,"losts":0,"auto":1}
1786551737.478526000 ngr/loco/9950011/state/start_mm 41
1786551737.541095000 ngr/loco/9950011/state/loopstat {"loop_max_gap_ms":33,"hall_task_max_gap_ms":2,"hall_task_age_ms":1,"baseline":1893,"raw":1892,"delta":-1,"queue_drops":0,"floor_rejects":8,"queue_high_water":1,"mqtt_connect_ms":185,"mqtt_attempts":1,"pub_drops":0,"pub_queue_hw":1,"cmd_drops":0,"pub_per_s":4,"marker_pub_drops":0,"marker_pub_hw":1,"nav":"NORMAL","mm":41,"miss_streak":0,"pwm":90,"lost_markers":0,"lost_ms":0,"motor_dir":"FWD"}
1786551738.015727000 ngr/loco/9950011/telem/voltage 16.44
1786551738.060078000 ngr/loco/9950011/telem/current 0.27
1786551738.091225000 ngr/loco/9950011/telem/power 5.16
1786551738.373556000 ngr/loco/9950011/state/nav {"event":"AGREE","state":"NORMAL","nav_state":"NORMAL","mm":42,"landmark":"","dir":"CW","miss_streak":0,"obs":"N","expected":"N","peak":132,"ms":148,"drift":0,"dt":1160,"agree":263,"disagree":0,"lost":0,"scores":[0,0,0,0,0,0],"excluded":[false,false,false,false,false,false],"leader":null,"runner_up":null,"margin":0,"motor_dir":"FWD"}
1786551738.397328000 ngr/loco/9950011/mm/marker {"mm":42,"landmark":"","obs":"N","peak":132,"ms":148,"drift":0,"dt":1160,"timing_gate":"ACTIVE","dt_expected":1191,"dt_conserve_ratio":1.94,"pwm":90,"v":16.44}
1786551738.419462000 ngr/loco/9950011/alert {"level":"CLEAR","reason":"STATUS","loco":"9950011","uptime_ms":655394,"nav":"NORMAL","moving":1,"pwm":90,"est_mm_s":258,"dir":"CW","session_dir":"CW","mdir":"FWD","rear":42,"front":47,"env":1500,"lc_mm":42,"last_confirmed_landmark":"","age_ms":171,"since":0,"dead_reckoned_mm":42,"candidate_mm":-1,"viable":[],"lostm":0,"lost_ms":0,"agree":263,"disagree":0,"losts":0,"auto":1}
1786551738.479137000 ngr/loco/9950011/state/start_mm 42
1786551738.539979000 ngr/loco/9950011/state/loopstat {"loop_max_gap_ms":56,"hall_task_max_gap_ms":2,"hall_task_age_ms":1,"baseline":1893,"raw":1892,"delta":-1,"queue_drops":0,"floor_rejects":8,"queue_high_water":1,"mqtt_connect_ms":185,"mqtt_attempts":1,"pub_drops":0,"pub_queue_hw":3,"cmd_drops":0,"pub_per_s":7,"marker_pub_drops":0,"marker_pub_hw":1,"nav":"NORMAL","mm":42,"miss_streak":0,"pwm":90,"lost_markers":0,"lost_ms":0,"motor_dir":"FWD"}
1786551739.384339000 ngr/loco/9950011/alert {"level":"CLEAR","reason":"STATUS","loco":"9950011","uptime_ms":656394,"nav":"NORMAL","moving":1,"pwm":90,"est_mm_s":258,"dir":"CW","session_dir":"CW","mdir":"FWD","rear":42,"front":47,"env":1500,"lc_mm":42,"last_confirmed_landmark":"","age_ms":1171,"since":0,"dead_reckoned_mm":42,"candidate_mm":-1,"viable":[],"lostm":0,"lost_ms":0,"agree":263,"disagree":0,"losts":0,"auto":1}
1786551739.426829000 ngr/loco/9950011/state/nav {"event":"AGREE","state":"NORMAL","nav_state":"NORMAL","mm":43,"landmark":"","dir":"CW","miss_streak":0,"obs":"S","expected":"S","peak":147,"ms":146,"drift":0,"dt":1075,"agree":264,"disagree":0,"lost":0,"scores":[0,0,0,0,0,0],"excluded":[false,false,false,false,false,false],"leader":null,"runner_up":null,"margin":0,"motor_dir":"FWD"}
1786551739.453536000 ngr/loco/9950011/mm/marker {"mm":43,"landmark":"","obs":"S","peak":147,"ms":146,"drift":0,"dt":1075,"timing_gate":"ACTIVE","dt_expected":1191,"dt_conserve_ratio":1.88,"pwm":90,"v":16.44}
1786551739.476848000 ngr/loco/9950011/state/start_mm 43
1786551739.533430000 ngr/loco/9950011/state/loopstat {"loop_max_gap_ms":34,"hall_task_max_gap_ms":2,"hall_task_age_ms":1,"baseline":1893,"raw":1895,"delta":2,"queue_drops":0,"floor_rejects":8,"queue_high_water":1,"mqtt_connect_ms":185,"mqtt_attempts":1,"pub_drops":0,"pub_queue_hw":1,"cmd_drops":0,"pub_per_s":4,"marker_pub_drops":0,"marker_pub_hw":1,"nav":"NORMAL","mm":43,"miss_streak":0,"pwm":90,"lost_markers":0,"lost_ms":0,"motor_dir":"FWD"}
1786551740.383442000 ngr/loco/9950011/alert {"level":"CLEAR","reason":"STATUS","loco":"9950011","uptime_ms":657394,"nav":"NORMAL","moving":1,"pwm":90,"est_mm_s":279,"dir":"CW","session_dir":"CW","mdir":"FWD","rear":43,"front":48,"env":1500,"lc_mm":43,"last_confirmed_landmark":"","age_ms":1096,"since":0,"dead_reckoned_mm":43,"candidate_mm":-1,"viable":[],"lostm":0,"lost_ms":0,"agree":264,"disagree":0,"losts":0,"auto":1}
1786551740.481690000 ngr/loco/9950011/state/nav {"event":"AGREE","state":"NORMAL","nav_state":"NORMAL","mm":44,"landmark":"","dir":"CW","miss_streak":0,"obs":"N","expected":"N","peak":149,"ms":144,"drift":0,"dt":1045,"agree":265,"disagree":0,"lost":0,"scores":[0,0,0,0,0,0],"excluded":[false,false,false,false,false,false],"leader":null,"runner_up":null,"margin":0,"motor_dir":"FWD"}
1786551740.505691000 ngr/loco/9950011/mm/marker {"mm":44,"landmark":"","obs":"N","peak":149,"ms":144,"drift":0,"dt":1045,"timing_gate":"ACTIVE","dt_expected":1191,"dt_conserve_ratio":1.78,"pwm":90,"v":16.44}
1786551740.515197000 ngr/loco/9950011/state/start_mm 44
1786551740.531311000 ngr/loco/9950011/state/loopstat {"loop_max_gap_ms":34,"hall_task_max_gap_ms":3,"hall_task_age_ms":1,"baseline":1893,"raw":1884,"delta":-9,"queue_drops":0,"floor_rejects":8,"queue_high_water":1,"mqtt_connect_ms":185,"mqtt_attempts":1,"pub_drops":0,"pub_queue_hw":1,"cmd_drops":0,"pub_per_s":4,"marker_pub_drops":0,"marker_pub_hw":1,"nav":"NORMAL","mm":44,"miss_streak":0,"pwm":90,"lost_markers":0,"lost_ms":0,"motor_dir":"FWD"}
1786551741.391560000 ngr/loco/9950011/alert {"level":"CLEAR","reason":"STATUS","loco":"9950011","uptime_ms":658394,"nav":"NORMAL","moving":1,"pwm":90,"est_mm_s":287,"dir":"CW","session_dir":"CW","mdir":"FWD","rear":44,"front":49,"env":1500,"lc_mm":44,"last_confirmed_landmark":"","age_ms":1051,"since":0,"dead_reckoned_mm":44,"candidate_mm":-1,"viable":[],"lostm":0,"lost_ms":0,"agree":265,"disagree":0,"losts":0,"auto":1}
1786551741.509032000 ngr/loco/9950011/state/nav {"event":"AGREE","state":"NORMAL","nav_state":"NORMAL","mm":45,"landmark":"","dir":"CW","miss_streak":0,"obs":"S","expected":"S","peak":152,"ms":145,"drift":0,"dt":1037,"agree":266,"disagree":0,"lost":0,"scores":[0,0,0,0,0,0],"excluded":[false,false,false,false,false,false],"leader":null,"runner_up":null,"margin":0,"motor_dir":"FWD"}
1786551741.529091000 ngr/loco/9950011/mm/marker {"mm":45,"landmark":"","obs":"S","peak":152,"ms":145,"drift":0,"dt":1037,"timing_gate":"ACTIVE","dt_expected":1191,"dt_conserve_ratio":1.75,"pwm":90,"v":16.44}
1786551741.542222000 ngr/loco/9950011/state/loopstat {"loop_max_gap_ms":33,"hall_task_max_gap_ms":2,"hall_task_age_ms":1,"baseline":1893,"raw":1907,"delta":14,"queue_drops":0,"floor_rejects":8,"queue_high_water":1,"mqtt_connect_ms":185,"mqtt_attempts":1,"pub_drops":0,"pub_queue_hw":1,"cmd_drops":0,"pub_per_s":3,"marker_pub_drops":0,"marker_pub_hw":1,"nav":"NORMAL","mm":45,"miss_streak":0,"pwm":90,"lost_markers":0,"lost_ms":0,"motor_dir":"FWD"}
1786551742.059775000 $SYS/broker/uptime 51562 seconds
1786551742.378143000 ngr/loco/9950011/alert {"level":"CLEAR","reason":"STATUS","loco":"9950011","uptime_ms":659394,"nav":"NORMAL","moving":1,"pwm":90,"est_mm_s":289,"dir":"CW","session_dir":"CW","mdir":"FWD","rear":45,"front":50,"env":1500,"lc_mm":45,"last_confirmed_landmark":"","age_ms":1014,"since":0,"dead_reckoned_mm":45,"candidate_mm":-1,"viable":[],"lostm":0,"lost_ms":0,"agree":266,"disagree":0,"losts":0,"auto":1}
1786551742.495653000 ngr/loco/9950011/state/start_mm 45
1786551742.530366000 ngr/loco/9950011/state/loopstat {"loop_max_gap_ms":33,"hall_task_max_gap_ms":2,"hall_task_age_ms":1,"baseline":1893,"raw":1877,"delta":-16,"queue_drops":0,"floor_rejects":8,"queue_high_water":0,"mqtt_connect_ms":185,"mqtt_attempts":1,"pub_drops":0,"pub_queue_hw":1,"cmd_drops":0,"pub_per_s":2,"marker_pub_drops":0,"marker_pub_hw":0,"nav":"NORMAL","mm":45,"miss_streak":0,"pwm":90,"lost_markers":0,"lost_ms":0,"motor_dir":"FWD"}
1786551742.557337000 ngr/loco/9950011/state/nav {"event":"AGREE","state":"NORMAL","nav_state":"NORMAL","mm":46,"landmark":"","dir":"CW","miss_streak":0,"obs":"S","expected":"S","peak":159,"ms":146,"drift":0,"dt":1041,"agree":267,"disagree":0,"lost":0,"scores":[0,0,0,0,0,0],"excluded":[false,false,false,false,false,false],"leader":null,"runner_up":null,"margin":0,"motor_dir":"FWD"}
1786551742.570688000 ngr/loco/9950011/mm/marker {"mm":46,"landmark":"","obs":"S","peak":159,"ms":146,"drift":0,"dt":1041,"timing_gate":"ACTIVE","dt_expected":1191,"dt_conserve_ratio":1.74,"pwm":90,"v":16.44}
1786551743.056754000 ngr/loco/9950011/telem/voltage 16.46
1786551743.119882000 ngr/loco/9950011/telem/current 0.22
1786551743.120017000 ngr/loco/9950011/telem/power 5.31
1786551743.389034000 ngr/loco/9950011/alert {"level":"CLEAR","reason":"STATUS","loco":"9950011","uptime_ms":660394,"nav":"NORMAL","moving":1,"pwm":90,"est_mm_s":288,"dir":"CW","session_dir":"CW","mdir":"FWD","rear":46,"front":51,"env":1500,"lc_mm":46,"last_confirmed_landmark":"","age_ms":973,"since":0,"dead_reckoned_mm":46,"candidate_mm":-1,"viable":[],"lostm":0,"lost_ms":0,"agree":267,"disagree":0,"losts":0,"auto":1}
1786551743.495437000 ngr/loco/9950011/state/start_mm 46
1786551743.530873000 ngr/loco/9950011/state/loopstat {"loop_max_gap_ms":34,"hall_task_max_gap_ms":2,"hall_task_age_ms":1,"baseline":1893,"raw":1811,"delta":-82,"queue_drops":0,"floor_rejects":8,"queue_high_water":1,"mqtt_connect_ms":185,"mqtt_attempts":1,"pub_drops":0,"pub_queue_hw":3,"cmd_drops":0,"pub_per_s":7,"marker_pub_drops":0,"marker_pub_hw":1,"nav":"NORMAL","mm":46,"miss_streak":0,"pwm":90,"lost_markers":0,"lost_ms":0,"motor_dir":"FWD"}
1786551743.582102000 ngr/loco/9950011/state/nav {"event":"AGREE","state":"NORMAL","nav_state":"NORMAL","mm":47,"landmark":"","dir":"CW","miss_streak":0,"obs":"S","expected":"S","peak":147,"ms":146,"drift":0,"dt":1027,"agree":268,"disagree":0,"lost":0,"scores":[0,0,0,0,0,0],"excluded":[false,false,false,false,false,false],"leader":null,"runner_up":null,"margin":0,"motor_dir":"FWD"}
1786551743.601929000 ngr/loco/9950011/mm/marker {"mm":47,"landmark":"","obs":"S","peak":147,"ms":146,"drift":0,"dt":1027,"timing_gate":"ACTIVE","dt_expected":1191,"dt_conserve_ratio":1.74,"pwm":90,"v":16.46}
1786551744.380773000 ngr/loco/9950011/alert {"level":"CLEAR","reason":"STATUS","loco":"9950011","uptime_ms":661394,"nav":"NORMAL","moving":1,"pwm":90,"est_mm_s":292,"dir":"CW","session_dir":"CW","mdir":"FWD","rear":47,"front":52,"env":1500,"lc_mm":47,"last_confirmed_landmark":"","age_ms":946,"since":0,"dead_reckoned_mm":47,"candidate_mm":-1,"viable":[],"lostm":0,"lost_ms":0,"agree":268,"disagree":0,"losts":0,"auto":1}
1786551744.495103000 ngr/loco/9950011/state/start_mm 47
1786551744.534622000 ngr/loco/9950011/state/loopstat {"loop_max_gap_ms":34,"hall_task_max_gap_ms":2,"hall_task_age_ms":1,"baseline":1893,"raw":2025,"delta":132,"queue_drops":0,"floor_rejects":8,"queue_high_water":1,"mqtt_connect_ms":185,"mqtt_attempts":1,"pub_drops":0,"pub_queue_hw":1,"cmd_drops":0,"pub_per_s":4,"marker_pub_drops":0,"marker_pub_hw":1,"nav":"NORMAL","mm":47,"miss_streak":0,"pwm":90,"lost_markers":0,"lost_ms":0,"motor_dir":"FWD"}
1786551744.629253000 ngr/loco/9950011/state/nav {"event":"AGREE","state":"NORMAL","nav_state":"NORMAL","mm":48,"landmark":"","dir":"CW","miss_streak":0,"obs":"N","expected":"N","peak":142,"ms":148,"drift":0,"dt":1054,"agree":269,"disagree":0,"lost":0,"scores":[0,0,0,0,0,0],"excluded":[false,false,false,false,false,false],"leader":null,"runner_up":null,"margin":0,"motor_dir":"FWD"}
1786551744.655451000 ngr/loco/9950011/mm/marker {"mm":48,"landmark":"","obs":"N","peak":142,"ms":148,"drift":0,"dt":1054,"timing_gate":"ACTIVE","dt_expected":1191,"dt_conserve_ratio":1.75,"pwm":90,"v":16.46}
1786551745.385013000 ngr/loco/9950011/alert {"level":"CLEAR","reason":"STATUS","loco":"9950011","uptime_ms":662394,"nav":"NORMAL","moving":1,"pwm":90,"est_mm_s":284,"dir":"CW","session_dir":"CW","mdir":"FWD","rear":48,"front":53,"env":1500,"lc_mm":48,"last_confirmed_landmark":"","age_ms":892,"since":0,"dead_reckoned_mm":48,"candidate_mm":-1,"viable":[],"lostm":0,"lost_ms":0,"agree":269,"disagree":0,"losts":0,"auto":1}
1786551745.491412000 ngr/loco/9950011/state/start_mm 48
1786551745.534522000 ngr/loco/9950011/state/loopstat {"loop_max_gap_ms":34,"hall_task_max_gap_ms":2,"hall_task_age_ms":1,"baseline":1893,"raw":1907,"delta":14,"queue_drops":0,"floor_rejects":8,"queue_high_water":1,"mqtt_connect_ms":185,"mqtt_attempts":1,"pub_drops":0,"pub_queue_hw":1,"cmd_drops":0,"pub_per_s":4,"marker_pub_drops":0,"marker_pub_hw":1,"nav":"NORMAL","mm":48,"miss_streak":0,"pwm":90,"lost_markers":0,"lost_ms":0,"motor_dir":"FWD"}
1786551745.714632000 ngr/loco/9950011/state/nav {"event":"AGREE","state":"NORMAL","nav_state":"NORMAL","mm":49,"landmark":"","dir":"CW","miss_streak":0,"obs":"N","expected":"N","peak":154,"ms":154,"drift":0,"dt":1075,"agree":270,"disagree":0,"lost":0,"scores":[0,0,0,0,0,0],"excluded":[false,false,false,false,false,false],"leader":null,"runner_up":null,"margin":0,"motor_dir":"FWD"}
1786551745.740859000 ngr/loco/9950011/mm/marker {"mm":49,"landmark":"","obs":"N","peak":154,"ms":154,"drift":0,"dt":1075,"timing_gate":"ACTIVE","dt_expected":1191,"dt_conserve_ratio":1.79,"pwm":90,"v":16.46}
1786551746.386899000 ngr/loco/9950011/alert {"level":"CLEAR","reason":"STATUS","loco":"9950011","uptime_ms":663394,"nav":"NORMAL","moving":1,"pwm":90,"est_mm_s":279,"dir":"CW","session_dir":"CW","mdir":"FWD","rear":49,"front":54,"env":1500,"lc_mm":49,"last_confirmed_landmark":"","age_ms":817,"since":0,"dead_reckoned_mm":49,"candidate_mm":-1,"viable":[],"lostm":0,"lost_ms":0,"agree":270,"disagree":0,"losts":0,"auto":1}
1786551746.501682000 ngr/loco/9950011/state/start_mm 49
1786551746.532682000 ngr/loco/9950011/state/loopstat {"loop_max_gap_ms":34,"hall_task_max_gap_ms":2,"hall_task_age_ms":1,"baseline":1893,"raw":1893,"delta":0,"queue_drops":0,"floor_rejects":8,"queue_high_water":1,"mqtt_connect_ms":185,"mqtt_attempts":1,"pub_drops":0,"pub_queue_hw":1,"cmd_drops":0,"pub_per_s":4,"marker_pub_drops":0,"marker_pub_hw":1,"nav":"NORMAL","mm":49,"miss_streak":0,"pwm":90,"lost_markers":0,"lost_ms":0,"motor_dir":"FWD"}
1786551746.831578000 ngr/loco/9950011/state/nav {"event":"AGREE","state":"NORMAL","nav_state":"NORMAL","mm":50,"landmark":"","dir":"CW","miss_streak":0,"obs":"S","expected":"S","peak":147,"ms":152,"drift":0,"dt":1113,"agree":271,"disagree":0,"lost":0,"scores":[0,0,0,0,0,0],"excluded":[false,false,false,false,false,false],"leader":null,"runner_up":null,"margin":0,"motor_dir":"FWD"}
1786551746.848531000 ngr/loco/9950011/mm/marker {"mm":50,"landmark":"","obs":"S","peak":147,"ms":152,"drift":0,"dt":1113,"timing_gate":"ACTIVE","dt_expected":1191,"dt_conserve_ratio":1.84,"pwm":90,"v":16.46}
1786551747.382627000 ngr/loco/9950011/alert {"level":"CLEAR","reason":"STATUS","loco":"9950011","uptime_ms":664394,"nav":"NORMAL","moving":1,"pwm":90,"est_mm_s":269,"dir":"CW","session_dir":"CW","mdir":"FWD","rear":50,"front":55,"env":1500,"lc_mm":50,"last_confirmed_landmark":"","age_ms":704,"since":0,"dead_reckoned_mm":50,"candidate_mm":-1,"viable":[],"lostm":0,"lost_ms":0,"agree":271,"disagree":0,"losts":0,"auto":1}
1786551747.491911000 ngr/loco/9950011/state/start_mm 50
1786551747.533874000 ngr/loco/9950011/state/loopstat {"loop_max_gap_ms":34,"hall_task_max_gap_ms":2,"hall_task_age_ms":1,"baseline":1893,"raw":1891,"delta":-2,"queue_drops":0,"floor_rejects":8,"queue_high_water":1,"mqtt_connect_ms":185,"mqtt_attempts":1,"pub_drops":0,"pub_queue_hw":1,"cmd_drops":0,"pub_per_s":4,"marker_pub_drops":0,"marker_pub_hw":1,"nav":"NORMAL","mm":50,"miss_streak":0,"pwm":90,"lost_markers":0,"lost_ms":0,"motor_dir":"FWD"}
1786551747.957020000 ngr/loco/9950011/state/nav {"event":"AGREE","state":"NORMAL","nav_state":"NORMAL","mm":51,"landmark":"","dir":"CW","miss_streak":0,"obs":"N","expected":"N","peak":140,"ms":149,"drift":0,"dt":1106,"agree":272,"disagree":0,"lost":0,"scores":[0,0,0,0,0,0],"excluded":[false,false,false,false,false,false],"leader":null,"runner_up":null,"margin":0,"motor_dir":"FWD"}
1786551747.972460000 ngr/loco/9950011/mm/marker {"mm":51,"landmark":"","obs":"N","peak":140,"ms":149,"drift":0,"dt":1106,"timing_gate":"ACTIVE","dt_expected":1191,"dt_conserve_ratio":1.86,"pwm":90,"v":16.46}
1786551747.992618000 ngr/loco/9950011/state/station {"event":"ARMED","phase":1,"station":"Grillers","offset":-12,"commanded_pwm":90,"actual_pwm":90,"note":"RANGE_ARM_NORMAL"}
1786551748.006357000 ngr/loco/9950011/telem/voltage 16.46
1786551748.006487000 ngr/loco/9950011/telem/current 0.34
1786551748.013466000 ngr/loco/9950011/telem/power 4.66
1786551748.382735000 ngr/loco/9950011/alert {"level":"CLEAR","reason":"STATUS","loco":"9950011","uptime_ms":665394,"nav":"NORMAL","moving":1,"pwm":90,"est_mm_s":271,"dir":"CW","session_dir":"CW","mdir":"FWD","rear":51,"front":56,"env":1500,"lc_mm":51,"last_confirmed_landmark":"","age_ms":598,"since":0,"dead_reckoned_mm":51,"candidate_mm":-1,"viable":[],"lostm":0,"lost_ms":0,"agree":272,"disagree":0,"losts":0,"auto":1}
1786551748.496495000 ngr/loco/9950011/state/start_mm 51
1786551748.531763000 ngr/loco/9950011/state/loopstat {"loop_max_gap_ms":34,"hall_task_max_gap_ms":3,"hall_task_age_ms":1,"baseline":1893,"raw":1893,"delta":0,"queue_drops":0,"floor_rejects":8,"queue_high_water":1,"mqtt_connect_ms":185,"mqtt_attempts":1,"pub_drops":0,"pub_queue_hw":3,"cmd_drops":0,"pub_per_s":8,"marker_pub_drops":0,"marker_pub_hw":1,"nav":"NORMAL","mm":51,"miss_streak":0,"pwm":90,"lost_markers":0,"lost_ms":0,"motor_dir":"FWD"}
1786551749.080899000 ngr/loco/9950011/state/nav {"event":"AGREE","state":"NORMAL","nav_state":"NORMAL","mm":52,"landmark":"","dir":"CW","miss_streak":0,"obs":"S","expected":"S","peak":150,"ms":150,"drift":0,"dt":1087,"agree":273,"disagree":0,"lost":0,"scores":[0,0,0,0,0,0],"excluded":[false,false,false,false,false,false],"leader":null,"runner_up":null,"margin":0,"motor_dir":"FWD"}
1786551749.118109000 ngr/loco/9950011/mm/marker {"mm":52,"landmark":"","obs":"S","peak":150,"ms":150,"drift":0,"dt":1087,"timing_gate":"ACTIVE","dt_expected":1191,"dt_conserve_ratio":1.84,"pwm":90,"v":16.46}
1786551749.381214000 ngr/loco/9950011/alert {"level":"CLEAR","reason":"STATUS","loco":"9950011","uptime_ms":666394,"nav":"NORMAL","moving":1,"pwm":90,"est_mm_s":275,"dir":"CW","session_dir":"CW","mdir":"FWD","rear":52,"front":57,"env":1500,"lc_mm":52,"last_confirmed_landmark":"","age_ms":511,"since":0,"dead_reckoned_mm":52,"candidate_mm":-1,"viable":[],"lostm":0,"lost_ms":0,"agree":273,"disagree":0,"losts":0,"auto":1}
1786551749.494924000 ngr/loco/9950011/state/start_mm 52
1786551749.527829000 ngr/loco/9950011/state/loopstat {"loop_max_gap_ms":33,"hall_task_max_gap_ms":2,"hall_task_age_ms":1,"baseline":1893,"raw":1895,"delta":2,"queue_drops":0,"floor_rejects":8,"queue_high_water":1,"mqtt_connect_ms":185,"mqtt_attempts":1,"pub_drops":0,"pub_queue_hw":1,"cmd_drops":0,"pub_per_s":4,"marker_pub_drops":0,"marker_pub_hw":1,"nav":"NORMAL","mm":52,"miss_streak":0,"pwm":90,"lost_markers":0,"lost_ms":0,"motor_dir":"FWD"}
1786551750.146105000 ngr/loco/9950011/state/nav {"event":"AGREE","state":"NORMAL","nav_state":"NORMAL","mm":53,"landmark":"","dir":"CW","miss_streak":0,"obs":"S","expected":"S","peak":141,"ms":151,"drift":0,"dt":1123,"agree":274,"disagree":0,"lost":0,"scores":[0,0,0,0,0,0],"excluded":[false,false,false,false,false,false],"leader":null,"runner_up":null,"margin":0,"motor_dir":"FWD"}
1786551750.166216000 ngr/loco/9950011/mm/marker {"mm":53,"landmark":"","obs":"S","peak":141,"ms":151,"drift":0,"dt":1123,"timing_gate":"ACTIVE","dt_expected":1191,"dt_conserve_ratio":1.85,"pwm":90,"v":16.46}
1786551750.185019000 ngr/loco/9950011/state/station {"event":"APPROACH","phase":1,"station":"Grillers","offset":-10,"commanded_pwm":87,"actual_pwm":90,"note":"DERIVED_CRUISE_TO_ZONE"}
1786551750.380374000 ngr/loco/9950011/alert {"level":"CLEAR","reason":"STATUS","loco":"9950011","uptime_ms":667394,"nav":"NORMAL","moving":1,"pwm":89,"est_mm_s":267,"dir":"CW","session_dir":"CW","mdir":"FWD","rear":53,"front":58,"env":1495,"lc_mm":53,"last_confirmed_landmark":"","age_ms":388,"since":0,"dead_reckoned_mm":53,"candidate_mm":-1,"viable":[],"lostm":0,"lost_ms":0,"agree":274,"disagree":0,"losts":0,"auto":1}
1786551750.496057000 ngr/loco/9950011/state/throttle 87
1786551750.510323000 ngr/loco/9950011/state/start_mm 53
1786551750.541405000 ngr/loco/9950011/state/loopstat {"loop_max_gap_ms":34,"hall_task_max_gap_ms":2,"hall_task_age_ms":1,"baseline":1893,"raw":1900,"delta":7,"queue_drops":0,"floor_rejects":8,"queue_high_water":1,"mqtt_connect_ms":185,"mqtt_attempts":1,"pub_drops":0,"pub_queue_hw":2,"cmd_drops":0,"pub_per_s":6,"marker_pub_drops":0,"marker_pub_hw":1,"nav":"NORMAL","mm":53,"miss_streak":0,"pwm":89,"lost_markers":0,"lost_ms":0,"motor_dir":"FWD"}
1786551751.309834000 ngr/loco/9950011/state/nav {"event":"AGREE","state":"NORMAL","nav_state":"NORMAL","mm":54,"landmark":"","dir":"CW","miss_streak":0,"obs":"S","expected":"S","peak":202,"ms":191,"drift":0,"dt":1121,"agree":275,"disagree":0,"lost":0,"scores":[0,0,0,0,0,0],"excluded":[false,false,false,false,false,false],"leader":null,"runner_up":null,"margin":0,"motor_dir":"FWD"}
1786551751.329172000 ngr/loco/9950011/mm/marker {"mm":54,"landmark":"","obs":"S","peak":202,"ms":191,"drift":0,"dt":1121,"timing_gate":"ACTIVE","dt_expected":1229,"dt_conserve_ratio":1.83,"pwm":88,"v":16.46}
1786551751.347575000 ngr/loco/9950011/state/station {"event":"APPROACH","phase":1,"station":"Grillers","offset":-9,"commanded_pwm":83,"actual_pwm":88,"note":"DERIVED_CRUISE_TO_ZONE"}
1786551751.373688000 ngr/loco/9950011/alert {"level":"CLEAR","reason":"STATUS","loco":"9950011","uptime_ms":668394,"nav":"NORMAL","moving":1,"pwm":87,"est_mm_s":267,"dir":"CW","session_dir":"CW","mdir":"FWD","rear":54,"front":59,"env":1515,"lc_mm":54,"last_confirmed_landmark":"","age_ms":267,"since":0,"dead_reckoned_mm":54,"candidate_mm":-1,"viable":[],"lostm":0,"lost_ms":0,"agree":275,"disagree":0,"losts":0,"auto":1}
1786551751.495864000 ngr/loco/9950011/state/throttle 83
1786551751.508222000 ngr/loco/9950011/state/start_mm 54
1786551751.528809000 ngr/loco/9950011/state/loopstat {"loop_max_gap_ms":34,"hall_task_max_gap_ms":3,"hall_task_age_ms":1,"baseline":1893,"raw":1895,"delta":2,"queue_drops":0,"floor_rejects":8,"queue_high_water":1,"mqtt_connect_ms":185,"mqtt_attempts":1,"pub_drops":0,"pub_queue_hw":2,"cmd_drops":0,"pub_per_s":6,"marker_pub_drops":0,"marker_pub_hw":1,"nav":"NORMAL","mm":54,"miss_streak":0,"pwm":86,"lost_markers":0,"lost_ms":0,"motor_dir":"FWD"}
1786551752.397717000 ngr/loco/9950011/alert {"level":"CLEAR","reason":"STATUS","loco":"9950011","uptime_ms":669394,"nav":"NORMAL","moving":1,"pwm":84,"est_mm_s":267,"dir":"CW","session_dir":"CW","mdir":"FWD","rear":54,"front":59,"env":1515,"lc_mm":54,"last_confirmed_landmark":"","age_ms":1267,"since":0,"dead_reckoned_mm":54,"candidate_mm":-1,"viable":[],"lostm":0,"lost_ms":0,"agree":275,"disagree":0,"losts":0,"auto":1}
1786551752.495751000 ngr/loco/9950011/state/nav {"event":"AGREE","state":"NORMAL","nav_state":"NORMAL","mm":55,"landmark":"","dir":"CW","miss_streak":0,"obs":"S","expected":"S","peak":151,"ms":168,"drift":0,"dt":1207,"agree":276,"disagree":0,"lost":0,"scores":[0,0,0,0,0,0],"excluded":[false,false,false,false,false,false],"leader":null,"runner_up":null,"margin":0,"motor_dir":"FWD"}
1786551752.512617000 ngr/loco/9950011/mm/marker {"mm":55,"landmark":"","obs":"S","peak":151,"ms":168,"drift":0,"dt":1207,"timing_gate":"ACTIVE","dt_expected":1313,"dt_conserve_ratio":1.77,"pwm":84,"v":16.46}
1786551752.524310000 ngr/loco/9950011/state/start_mm 55
1786551752.544749000 ngr/loco/9950011/state/station {"event":"APPROACH","phase":1,"station":"Grillers","offset":-8,"commanded_pwm":80,"actual_pwm":84,"note":"DERIVED_CRUISE_TO_ZONE"}
1786551752.559475000 ngr/loco/9950011/state/loopstat {"loop_max_gap_ms":34,"hall_task_max_gap_ms":2,"hall_task_age_ms":1,"baseline":1893,"raw":1906,"delta":13,"queue_drops":0,"floor_rejects":8,"queue_high_water":1,"mqtt_connect_ms":185,"mqtt_attempts":1,"pub_drops":0,"pub_queue_hw":2,"cmd_drops":0,"pub_per_s":5,"marker_pub_drops":0,"marker_pub_hw":1,"nav":"NORMAL","mm":55,"miss_streak":0,"pwm":83,"lost_markers":0,"lost_ms":0,"motor_dir":"FWD"}
1786551753.021094000 ngr/loco/9950011/telem/voltage 16.46
1786551753.061298000 ngr/loco/9950011/telem/current 0.31
1786551753.062551000 ngr/loco/9950011/telem/power 5.11
1786551753.070781000 $SYS/broker/uptime 51573 seconds
1786551753.379134000 ngr/loco/9950011/alert {"level":"CLEAR","reason":"STATUS","loco":"9950011","uptime_ms":670394,"nav":"NORMAL","moving":1,"pwm":81,"est_mm_s":248,"dir":"CW","session_dir":"CW","mdir":"FWD","rear":55,"front":60,"env":1515,"lc_mm":55,"last_confirmed_landmark":"","age_ms":1060,"since":0,"dead_reckoned_mm":55,"candidate_mm":-1,"viable":[],"lostm":0,"lost_ms":0,"agree":276,"disagree":0,"losts":0,"auto":1}
1786551753.515892000 ngr/loco/9950011/state/throttle 80
1786551753.535329000 ngr/loco/9950011/state/loopstat {"loop_max_gap_ms":33,"hall_task_max_gap_ms":2,"hall_task_age_ms":1,"baseline":1893,"raw":1897,"delta":4,"queue_drops":0,"floor_rejects":8,"queue_high_water":0,"mqtt_connect_ms":185,"mqtt_attempts":1,"pub_drops":0,"pub_queue_hw":3,"cmd_drops":0,"pub_per_s":5,"marker_pub_drops":0,"marker_pub_hw":0,"nav":"NORMAL","mm":55,"miss_streak":0,"pwm":81,"lost_markers":0,"lost_ms":0,"motor_dir":"FWD"}
1786551753.787496000 ngr/loco/9950011/state/nav {"event":"AGREE","state":"NORMAL","nav_state":"NORMAL","mm":56,"landmark":"","dir":"CW","miss_streak":0,"obs":"N","expected":"N","peak":153,"ms":187,"drift":0,"dt":1279,"agree":277,"disagree":0,"lost":0,"scores":[0,0,0,0,0,0],"excluded":[false,false,false,false,false,false],"leader":null,"runner_up":null,"margin":0,"motor_dir":"FWD"}
1786551753.806887000 ngr/loco/9950011/mm/marker {"mm":56,"landmark":"","obs":"N","peak":153,"ms":187,"drift":0,"dt":1279,"timing_gate":"ACTIVE","dt_expected":1384,"dt_conserve_ratio":1.80,"pwm":81,"v":16.46}
1786551753.835914000 ngr/loco/9950011/state/station {"event":"APPROACH","phase":1,"station":"Grillers","offset":-7,"commanded_pwm":76,"actual_pwm":81,"note":"DERIVED_CRUISE_TO_ZONE"}
1786551754.374795000 ngr/loco/9950011/alert {"level":"CLEAR","reason":"STATUS","loco":"9950011","uptime_ms":671394,"nav":"NORMAL","moving":1,"pwm":78,"est_mm_s":234,"dir":"CW","session_dir":"CW","mdir":"FWD","rear":56,"front":61,"env":1530,"lc_mm":56,"last_confirmed_landmark":"","age_ms":781,"since":0,"dead_reckoned_mm":56,"candidate_mm":-1,"viable":[],"lostm":0,"lost_ms":0,"agree":277,"disagree":0,"losts":0,"auto":1}
1786551754.521599000 ngr/loco/9950011/state/throttle 76
1786551754.543394000 ngr/loco/9950011/state/start_mm 56
1786551754.543542000 ngr/loco/9950011/state/loopstat {"loop_max_gap_ms":34,"hall_task_max_gap_ms":3,"hall_task_age_ms":1,"baseline":1893,"raw":1894,"delta":1,"queue_drops":0,"floor_rejects":8,"queue_high_water":1,"mqtt_connect_ms":185,"mqtt_attempts":1,"pub_drops":0,"pub_queue_hw":2,"cmd_drops":0,"pub_per_s":6,"marker_pub_drops":0,"marker_pub_hw":1,"nav":"NORMAL","mm":56,"miss_streak":0,"pwm":78,"lost_markers":0,"lost_ms":0,"motor_dir":"FWD"}
1786551755.199114000 ngr/loco/9950011/state/nav {"event":"AGREE","state":"NORMAL","nav_state":"NORMAL","mm":57,"landmark":"","dir":"CW","miss_streak":0,"obs":"S","expected":"S","peak":153,"ms":194,"drift":0,"dt":1407,"agree":278,"disagree":0,"lost":0,"scores":[0,0,0,0,0,0],"excluded":[false,false,false,false,false,false],"leader":null,"runner_up":null,"margin":0,"motor_dir":"FWD"}
1786551755.221743000 ngr/loco/9950011/mm/marker {"mm":57,"landmark":"","obs":"S","peak":153,"ms":194,"drift":0,"dt":1407,"timing_gate":"ACTIVE","dt_expected":1491,"dt_conserve_ratio":1.80,"pwm":77,"v":16.46}
1786551755.233023000 ngr/loco/9950011/state/station {"event":"APPROACH","phase":1,"station":"Grillers","offset":-6,"commanded_pwm":72,"actual_pwm":77,"note":"DERIVED_CRUISE_TO_ZONE"}
1786551755.374926000 ngr/loco/9950011/alert {"level":"CLEAR","reason":"STATUS","loco":"9950011","uptime_ms":672394,"nav":"NORMAL","moving":1,"pwm":76,"est_mm_s":213,"dir":"CW","session_dir":"CW","mdir":"FWD","rear":57,"front":62,"env":1550,"lc_mm":57,"last_confirmed_landmark":"","age_ms":374,"since":0,"dead_reckoned_mm":57,"candidate_mm":-1,"viable":[],"lostm":0,"lost_ms":0,"agree":278,"disagree":0,"losts":0,"auto":1}
1786551755.527403000 ngr/loco/9950011/state/throttle 72
1786551755.543299000 ngr/loco/9950011/state/start_mm 57
1786551755.558207000 ngr/loco/9950011/state/loopstat {"loop_max_gap_ms":34,"hall_task_max_gap_ms":3,"hall_task_age_ms":2,"baseline":1893,"raw":1897,"delta":4,"queue_drops":0,"floor_rejects":8,"queue_high_water":1,"mqtt_connect_ms":185,"mqtt_attempts":1,"pub_drops":0,"pub_queue_hw":2,"cmd_drops":0,"pub_per_s":6,"marker_pub_drops":0,"marker_pub_hw":1,"nav":"NORMAL","mm":57,"miss_streak":0,"pwm":75,"lost_markers":0,"lost_ms":0,"motor_dir":"FWD"}
1786551756.393112000 ngr/loco/9950011/alert {"level":"CLEAR","reason":"STATUS","loco":"9950011","uptime_ms":673394,"nav":"NORMAL","moving":1,"pwm":73,"est_mm_s":213,"dir":"CW","session_dir":"CW","mdir":"FWD","rear":57,"front":62,"env":1550,"lc_mm":57,"last_confirmed_landmark":"","age_ms":1374,"since":0,"dead_reckoned_mm":57,"candidate_mm":-1,"viable":[],"lostm":0,"lost_ms":0,"agree":278,"disagree":0,"losts":0,"auto":1}
1786551756.556595000 ngr/loco/9950011/state/loopstat {"loop_max_gap_ms":33,"hall_task_max_gap_ms":3,"hall_task_age_ms":1,"baseline":1893,"raw":1889,"delta":-4,"queue_drops":0,"floor_rejects":8,"queue_high_water":0,"mqtt_connect_ms":185,"mqtt_attempts":1,"pub_drops":0,"pub_queue_hw":1,"cmd_drops":0,"pub_per_s":1,"marker_pub_drops":0,"marker_pub_hw":0,"nav":"NORMAL","mm":57,"miss_streak":0,"pwm":73,"lost_markers":0,"lost_ms":0,"motor_dir":"FWD"}
1786551756.845231000 ngr/loco/9950011/state/nav {"event":"AGREE","state":"NORMAL","nav_state":"NORMAL","mm":58,"landmark":"","dir":"CW","miss_streak":0,"obs":"S","expected":"S","peak":158,"ms":220,"drift":0,"dt":1606,"agree":279,"disagree":0,"lost":0,"scores":[0,0,0,0,0,0],"excluded":[false,false,false,false,false,false],"leader":null,"runner_up":null,"margin":0,"motor_dir":"FWD"}
1786551756.860862000 ngr/loco/9950011/mm/marker {"mm":58,"landmark":"","obs":"S","peak":158,"ms":220,"drift":0,"dt":1606,"timing_gate":"ACTIVE","dt_expected":1617,"dt_conserve_ratio":1.86,"pwm":73,"v":16.46}
1786551756.984284000 ngr/loco/9950011/state/station {"event":"ZONE_HOLD","phase":1,"station":"Grillers","offset":-5,"commanded_pwm":72,"actual_pwm":72,"note":"HOLD_60"}
1786551757.463864000 ngr/loco/9950011/alert {"level":"CLEAR","reason":"STATUS","loco":"9950011","uptime_ms":674394,"nav":"NORMAL","moving":1,"pwm":72,"est_mm_s":183,"dir":"CW","session_dir":"CW","mdir":"FWD","rear":58,"front":63,"env":1570,"lc_mm":58,"last_confirmed_landmark":"","age_ms":768,"since":0,"dead_reckoned_mm":58,"candidate_mm":-1,"viable":[],"lostm":0,"lost_ms":0,"agree":279,"disagree":0,"losts":0,"auto":1}
1786551757.518993000 ngr/loco/9950011/state/start_mm 58
1786551757.542639000 ngr/loco/9950011/state/loopstat {"loop_max_gap_ms":34,"hall_task_max_gap_ms":2,"hall_task_age_ms":1,"baseline":1893,"raw":1896,"delta":3,"queue_drops":0,"floor_rejects":8,"queue_high_water":1,"mqtt_connect_ms":185,"mqtt_attempts":1,"pub_drops":0,"pub_queue_hw":1,"cmd_drops":0,"pub_per_s":5,"marker_pub_drops":0,"marker_pub_hw":1,"nav":"NORMAL","mm":58,"miss_streak":0,"pwm":72,"lost_markers":0,"lost_ms":0,"motor_dir":"FWD"}
1786551758.029067000 ngr/loco/9950011/telem/voltage 16.45
1786551758.068706000 ngr/loco/9950011/telem/current 0.29
1786551758.087869000 ngr/loco/9950011/telem/power 4.73
1786551758.384193000 ngr/loco/9950011/alert {"level":"CLEAR","reason":"STATUS","loco":"9950011","uptime_ms":675394,"nav":"NORMAL","moving":1,"pwm":72,"est_mm_s":183,"dir":"CW","session_dir":"CW","mdir":"FWD","rear":58,"front":63,"env":1570,"lc_mm":58,"last_confirmed_landmark":"","age_ms":1768,"since":0,"dead_reckoned_mm":58,"candidate_mm":-1,"viable":[],"lostm":0,"lost_ms":0,"agree":279,"disagree":0,"losts":0,"auto":1}
1786551758.500775000 ngr/loco/9950011/state/nav {"event":"AGREE","state":"NORMAL","nav_state":"NORMAL","mm":59,"landmark":"","dir":"CW","miss_streak":0,"obs":"N","expected":"N","peak":180,"ms":222,"drift":0,"dt":1670,"agree":280,"disagree":0,"lost":0,"scores":[0,0,0,0,0,0],"excluded":[false,false,false,false,false,false],"leader":null,"runner_up":null,"margin":0,"motor_dir":"FWD"}
1786551758.536102000 ngr/loco/9950011/mm/marker {"mm":59,"landmark":"","obs":"N","peak":180,"ms":222,"drift":0,"dt":1670,"timing_gate":"ACTIVE","dt_expected":1624,"dt_conserve_ratio":2.02,"pwm":72,"v":16.45}
1786551758.563695000 ngr/loco/9950011/state/start_mm 59
1786551758.563821000 ngr/loco/9950011/state/station {"event":"ZONE_HOLD","phase":1,"station":"Grillers","offset":-4,"commanded_pwm":72,"actual_pwm":72,"note":"HOLD_60"}
1786551758.563880000 ngr/loco/9950011/state/loopstat {"loop_max_gap_ms":33,"hall_task_max_gap_ms":2,"hall_task_age_ms":1,"baseline":1893,"raw":1877,"delta":-16,"queue_drops":0,"floor_rejects":8,"queue_high_water":1,"mqtt_connect_ms":185,"mqtt_attempts":1,"pub_drops":0,"pub_queue_hw":3,"cmd_drops":0,"pub_per_s":8,"marker_pub_drops":0,"marker_pub_hw":1,"nav":"NORMAL","mm":59,"miss_streak":0,"pwm":72,"lost_markers":0,"lost_ms":0,"motor_dir":"FWD"}
1786551759.381122000 ngr/loco/9950011/alert {"level":"CLEAR","reason":"STATUS","loco":"9950011","uptime_ms":676394,"nav":"NORMAL","moving":1,"pwm":72,"est_mm_s":191,"dir":"CW","session_dir":"CW","mdir":"FWD","rear":59,"front":64,"env":1575,"lc_mm":59,"last_confirmed_landmark":"","age_ms":1098,"since":0,"dead_reckoned_mm":59,"candidate_mm":-1,"viable":[],"lostm":0,"lost_ms":0,"agree":280,"disagree":0,"losts":0,"auto":1}
1786551759.534026000 ngr/loco/9950011/state/loopstat {"loop_max_gap_ms":34,"hall_task_max_gap_ms":2,"hall_task_age_ms":1,"baseline":1893,"raw":1895,"delta":2,"queue_drops":0,"floor_rejects":8,"queue_high_water":0,"mqtt_connect_ms":185,"mqtt_attempts":1,"pub_drops":0,"pub_queue_hw":1,"cmd_drops":0,"pub_per_s":1,"marker_pub_drops":0,"marker_pub_hw":0,"nav":"NORMAL","mm":59,"miss_streak":0,"pwm":72,"lost_markers":0,"lost_ms":0,"motor_dir":"FWD"}
1786551760.453293000 ngr/loco/9950011/alert {"level":"CLEAR","reason":"STATUS","loco":"9950011","uptime_ms":677394,"nav":"NORMAL","moving":1,"pwm":72,"est_mm_s":191,"dir":"CW","session_dir":"CW","mdir":"FWD","rear":59,"front":64,"env":1575,"lc_mm":59,"last_confirmed_landmark":"","age_ms":2098,"since":0,"dead_reckoned_mm":59,"candidate_mm":-1,"viable":[],"lostm":0,"lost_ms":0,"agree":280,"disagree":0,"losts":0,"auto":1}
1786551760.486204000 ngr/loco/9950011/state/nav {"event":"AGREE","state":"NORMAL","nav_state":"NORMAL","mm":60,"landmark":"","dir":"CW","miss_streak":0,"obs":"S","expected":"S","peak":158,"ms":271,"drift":0,"dt":1937,"agree":281,"disagree":0,"lost":0,"scores":[0,0,0,0,0,0],"excluded":[false,false,false,false,false,false],"leader":null,"runner_up":null,"margin":0,"motor_dir":"FWD"}
1786551760.506073000 ngr/loco/9950011/mm/marker {"mm":60,"landmark":"","obs":"S","peak":158,"ms":271,"drift":0,"dt":1937,"timing_gate":"ACTIVE","dt_expected":1762,"dt_conserve_ratio":2.05,"pwm":72,"v":16.45}
1786551760.534138000 ngr/loco/9950011/state/station {"event":"ZONE_HOLD","phase":1,"station":"Grillers","offset":-3,"commanded_pwm":72,"actual_pwm":72,"note":"HOLD_60"}
1786551760.547667000 ngr/loco/9950011/state/start_mm 60
1786551760.559584000 ngr/loco/9950011/state/loopstat {"loop_max_gap_ms":34,"hall_task_max_gap_ms":2,"hall_task_age_ms":1,"baseline":1893,"raw":1915,"delta":22,"queue_drops":0,"floor_rejects":8,"queue_high_water":1,"mqtt_connect_ms":185,"mqtt_attempts":1,"pub_drops":0,"pub_queue_hw":1,"cmd_drops":0,"pub_per_s":5,"marker_pub_drops":0,"marker_pub_hw":1,"nav":"NORMAL","mm":60,"miss_streak":0,"pwm":72,"lost_markers":0,"lost_ms":0,"motor_dir":"FWD"}
1786551761.474206000 ngr/loco/9950011/alert {"level":"CLEAR","reason":"STATUS","loco":"9950011","uptime_ms":678394,"nav":"NORMAL","moving":1,"pwm":72,"est_mm_s":154,"dir":"CW","session_dir":"CW","mdir":"FWD","rear":60,"front":65,"env":1590,"lc_mm":60,"last_confirmed_landmark":"","age_ms":1161,"since":0,"dead_reckoned_mm":60,"candidate_mm":-1,"viable":[],"lostm":0,"lost_ms":0,"agree":281,"disagree":0,"losts":0,"auto":1}
1786551761.536595000 ngr/loco/9950011/state/loopstat {"loop_max_gap_ms":33,"hall_task_max_gap_ms":2,"hall_task_age_ms":1,"baseline":1893,"raw":1893,"delta":0,"queue_drops":0,"floor_rejects":8,"queue_high_water":0,"mqtt_connect_ms":185,"mqtt_attempts":1,"pub_drops":0,"pub_queue_hw":1,"cmd_drops":0,"pub_per_s":1,"marker_pub_drops":0,"marker_pub_hw":0,"nav":"NORMAL","mm":60,"miss_streak":0,"pwm":72,"lost_markers":0,"lost_ms":0,"motor_dir":"FWD"}
1786551762.396789000 ngr/loco/9950011/alert {"level":"CLEAR","reason":"STATUS","loco":"9950011","uptime_ms":679394,"nav":"NORMAL","moving":1,"pwm":72,"est_mm_s":154,"dir":"CW","session_dir":"CW","mdir":"FWD","rear":60,"front":65,"env":1590,"lc_mm":60,"last_confirmed_landmark":"","age_ms":2161,"since":0,"dead_reckoned_mm":60,"candidate_mm":-1,"viable":[],"lostm":0,"lost_ms":0,"agree":281,"disagree":0,"losts":0,"auto":1}
1786551762.555335000 ngr/loco/9950011/state/loopstat {"loop_max_gap_ms":33,"hall_task_max_gap_ms":2,"hall_task_age_ms":1,"baseline":1893,"raw":1995,"delta":102,"queue_drops":0,"floor_rejects":8,"queue_high_water":0,"mqtt_connect_ms":185,"mqtt_attempts":1,"pub_drops":0,"pub_queue_hw":1,"cmd_drops":0,"pub_per_s":1,"marker_pub_drops":0,"marker_pub_hw":0,"nav":"NORMAL","mm":60,"miss_streak":0,"pwm":72,"lost_markers":0,"lost_ms":0,"motor_dir":"FWD"}
1786551762.816539000 ngr/loco/9950011/state/nav {"event":"AGREE","state":"NORMAL","nav_state":"NORMAL","mm":61,"landmark":"","dir":"CW","miss_streak":0,"obs":"N","expected":"N","peak":230,"ms":329,"drift":0,"dt":2262,"agree":282,"disagree":0,"lost":0,"scores":[0,0,0,0,0,0],"excluded":[false,false,false,false,false,false],"leader":null,"runner_up":null,"margin":0,"motor_dir":"FWD"}
1786551762.833761000 ngr/loco/9950011/mm/marker {"mm":61,"landmark":"","obs":"N","peak":230,"ms":329,"drift":0,"dt":2262,"timing_gate":"ACTIVE","dt_expected":1651,"dt_conserve_ratio":2.54,"pwm":72,"v":16.45}
1786551762.843515000 ngr/loco/9950011/state/station {"event":"ZONE_HOLD","phase":1,"station":"Grillers","offset":-2,"commanded_pwm":72,"actual_pwm":72,"note":"HOLD_60"}
1786551763.050697000 ngr/loco/9950011/telem/voltage 16.45
1786551763.077830000 ngr/loco/9950011/telem/current 0.32
1786551763.077939000 ngr/loco/9950011/telem/power 5.19
1786551763.379831000 ngr/loco/9950011/alert {"level":"CLEAR","reason":"STATUS","loco":"9950011","uptime_ms":680394,"nav":"NORMAL","moving":1,"pwm":72,"est_mm_s":139,"dir":"CW","session_dir":"CW","mdir":"FWD","rear":61,"front":66,"env":1580,"lc_mm":61,"last_confirmed_landmark":"","age_ms":899,"since":0,"dead_reckoned_mm":61,"candidate_mm":-1,"viable":[],"lostm":0,"lost_ms":0,"agree":282,"disagree":0,"losts":0,"auto":1}
1786551763.520997000 ngr/loco/9950011/state/start_mm 61
1786551763.536392000 ngr/loco/9950011/state/loopstat {"loop_max_gap_ms":34,"hall_task_max_gap_ms":2,"hall_task_age_ms":1,"baseline":1893,"raw":1896,"delta":3,"queue_drops":0,"floor_rejects":8,"queue_high_water":1,"mqtt_connect_ms":185,"mqtt_attempts":1,"pub_drops":0,"pub_queue_hw":3,"cmd_drops":0,"pub_per_s":8,"marker_pub_drops":0,"marker_pub_hw":1,"nav":"NORMAL","mm":61,"miss_streak":0,"pwm":72,"lost_markers":0,"lost_ms":0,"motor_dir":"FWD"}
1786551764.145117000 $SYS/broker/uptime 51584 seconds
1786551764.379313000 ngr/loco/9950011/alert {"level":"CLEAR","reason":"STATUS","loco":"9950011","uptime_ms":681394,"nav":"NORMAL","moving":1,"pwm":72,"est_mm_s":139,"dir":"CW","session_dir":"CW","mdir":"FWD","rear":61,"front":66,"env":1580,"lc_mm":61,"last_confirmed_landmark":"","age_ms":1899,"since":0,"dead_reckoned_mm":61,"candidate_mm":-1,"viable":[],"lostm":0,"lost_ms":0,"agree":282,"disagree":0,"losts":0,"auto":1}
1786551764.533117000 ngr/loco/9950011/state/loopstat {"loop_max_gap_ms":33,"hall_task_max_gap_ms":2,"hall_task_age_ms":1,"baseline":1893,"raw":1893,"delta":0,"queue_drops":0,"floor_rejects":8,"queue_high_water":0,"mqtt_connect_ms":185,"mqtt_attempts":1,"pub_drops":0,"pub_queue_hw":1,"cmd_drops":0,"pub_per_s":1,"marker_pub_drops":0,"marker_pub_hw":0,"nav":"NORMAL","mm":61,"miss_streak":0,"pwm":72,"lost_markers":0,"lost_ms":0,"motor_dir":"FWD"}
1786551765.388150000 ngr/loco/9950011/alert {"level":"CLEAR","reason":"STATUS","loco":"9950011","uptime_ms":682394,"nav":"NORMAL","moving":1,"pwm":72,"est_mm_s":139,"dir":"CW","session_dir":"CW","mdir":"FWD","rear":61,"front":66,"env":1580,"lc_mm":61,"last_confirmed_landmark":"","age_ms":2899,"since":0,"dead_reckoned_mm":61,"candidate_mm":-1,"viable":[],"lostm":0,"lost_ms":0,"agree":282,"disagree":0,"losts":0,"auto":1}
1786551765.487516000 ngr/loco/9950011/state/nav {"event":"AGREE","state":"NORMAL","nav_state":"NORMAL","mm":62,"landmark":"","dir":"CW","miss_streak":0,"obs":"S","expected":"S","peak":163,"ms":379,"drift":0,"dt":2629,"agree":283,"disagree":0,"lost":0,"scores":[0,0,0,0,0,0],"excluded":[false,false,false,false,false,false],"leader":null,"runner_up":null,"margin":0,"motor_dir":"FWD"}
1786551765.509872000 ngr/loco/9950011/mm/marker {"mm":62,"landmark":"","obs":"S","peak":163,"ms":379,"drift":0,"dt":2629,"timing_gate":"ACTIVE","dt_expected":1734,"dt_conserve_ratio":2.82,"pwm":72,"v":16.45}
1786551765.522141000 ngr/loco/9950011/state/station {"event":"ZONE_HOLD","phase":1,"station":"Grillers","offset":-1,"commanded_pwm":72,"actual_pwm":72,"note":"HOLD_60"}
1786551765.540739000 ngr/loco/9950011/state/start_mm 62
1786551765.540907000 ngr/loco/9950011/state/loopstat {"loop_max_gap_ms":34,"hall_task_max_gap_ms":2,"hall_task_age_ms":1,"baseline":1893,"raw":1904,"delta":11,"queue_drops":0,"floor_rejects":8,"queue_high_water":1,"mqtt_connect_ms":185,"mqtt_attempts":1,"pub_drops":0,"pub_queue_hw":1,"cmd_drops":0,"pub_per_s":5,"marker_pub_drops":0,"marker_pub_hw":1,"nav":"NORMAL","mm":62,"miss_streak":0,"pwm":72,"lost_markers":0,"lost_ms":0,"motor_dir":"FWD"}
1786551765.645231000 ngr/loco/9950011/state/nav {"event":"AGREE","state":"NORMAL","nav_state":"NORMAL","mm":63,"landmark":"Grillers","dir":"CW","miss_streak":0,"obs":"N","expected":"N","peak":42,"ms":46,"drift":0,"dt":493,"agree":284,"disagree":0,"lost":0,"scores":[0,0,0,0,0,0],"excluded":[false,false,false,false,false,false],"leader":null,"runner_up":null,"margin":0,"motor_dir":"FWD"}
1786551765.679681000 ngr/loco/9950011/mm/marker {"mm":63,"landmark":"Grillers","obs":"N","peak":42,"ms":46,"drift":0,"dt":493,"timing_gate":"ACTIVE","dt_expected":1762,"dt_conserve_ratio":1.77,"pwm":72,"v":16.45}
1786551765.708405000 ngr/loco/9950011/state/station {"event":"FINAL_APPROACH","phase":2,"station":"Grillers","offset":0,"commanded_pwm":72,"actual_pwm":72,"note":"LOCATION_TRIGGERED_TARGETS"}
1786551765.728244000 ngr/loco/9950011/state/station {"event":"ZERO_RAMP","phase":3,"station":"Grillers","offset":0,"commanded_pwm":0,"actual_pwm":72,"note":"TRIGGER_M2_REACHED"}
1786551766.379808000 ngr/loco/9950011/alert {"level":"CLEAR","reason":"STATUS","loco":"9950011","uptime_ms":683394,"nav":"NORMAL","moving":1,"pwm":69,"est_mm_s":638,"dir":"CW","session_dir":"CW","mdir":"FWD","rear":63,"front":68,"env":1550,"lc_mm":63,"last_confirmed_landmark":"Grillers","age_ms":777,"since":0,"dead_reckoned_mm":63,"candidate_mm":-1,"viable":[],"lostm":0,"lost_ms":0,"agree":284,"disagree":0,"losts":0,"auto":1}
1786551766.523967000 ngr/loco/9950011/state/throttle 0
1786551766.531861000 ngr/loco/9950011/state/start_mm 63
1786551766.561527000 ngr/loco/9950011/state/loopstat {"loop_max_gap_ms":34,"hall_task_max_gap_ms":2,"hall_task_age_ms":1,"baseline":1893,"raw":1898,"delta":5,"queue_drops":0,"floor_rejects":8,"queue_high_water":0,"mqtt_connect_ms":185,"mqtt_attempts":1,"pub_drops":0,"pub_queue_hw":2,"cmd_drops":0,"pub_per_s":7,"marker_pub_drops":0,"marker_pub_hw":1,"nav":"NORMAL","mm":63,"miss_streak":0,"pwm":68,"lost_markers":0,"lost_ms":0,"motor_dir":"FWD"}
1786551767.390853000 ngr/loco/9950011/alert {"level":"CLEAR","reason":"STATUS","loco":"9950011","uptime_ms":684394,"nav":"NORMAL","moving":1,"pwm":64,"est_mm_s":638,"dir":"CW","session_dir":"CW","mdir":"FWD","rear":63,"front":68,"env":1550,"lc_mm":63,"last_confirmed_landmark":"Grillers","age_ms":1777,"since":0,"dead_reckoned_mm":63,"candidate_mm":-1,"viable":[],"lostm":0,"lost_ms":0,"agree":284,"disagree":0,"losts":0,"auto":1}
1786551767.544884000 ngr/loco/9950011/state/loopstat {"loop_max_gap_ms":33,"hall_task_max_gap_ms":2,"hall_task_age_ms":1,"baseline":1893,"raw":1893,"delta":0,"queue_drops":0,"floor_rejects":8,"queue_high_water":0,"mqtt_connect_ms":185,"mqtt_attempts":1,"pub_drops":0,"pub_queue_hw":1,"cmd_drops":0,"pub_per_s":1,"marker_pub_drops":0,"marker_pub_hw":0,"nav":"NORMAL","mm":63,"miss_streak":0,"pwm":63,"lost_markers":0,"lost_ms":0,"motor_dir":"FWD"}
1786551768.002597000 ngr/loco/9950011/telem/voltage 16.44
1786551768.060287000 ngr/loco/9950011/telem/current 0.31
1786551768.082515000 ngr/loco/9950011/telem/power 5.34
1786551768.352160000 ngr/loco/9950011/state/nav {"event":"DISAGREE","state":"NORMAL","nav_state":"NORMAL","mm":64,"landmark":"","dir":"CW","miss_streak":0,"obs":"N","expected":"S","peak":230,"ms":543,"drift":0,"dt":2200,"agree":284,"disagree":1,"lost":0,"scores":[0,0,0,0,0,0],"excluded":[false,false,false,false,false,false],"leader":null,"runner_up":null,"margin":0,"motor_dir":"FWD"}
1786551768.371589000 ngr/loco/9950011/mm/marker {"mm":64,"landmark":"","obs":"N","peak":230,"ms":543,"drift":0,"dt":2200,"timing_gate":"RAMP","dt_expected":0,"dt_conserve_ratio":-1.00,"pwm":62,"v":16.44}
1786551768.384614000 ngr/loco/9950011/alert {"level":"CLEAR","reason":"STATUS","loco":"9950011","uptime_ms":685394,"nav":"NORMAL","moving":1,"pwm":59,"est_mm_s":147,"dir":"CW","session_dir":"CW","mdir":"FWD","rear":63,"front":69,"env":1850,"lc_mm":63,"last_confirmed_landmark":"Grillers","age_ms":2777,"since":1,"dead_reckoned_mm":64,"candidate_mm":-1,"viable":[],"lostm":0,"lost_ms":0,"agree":284,"disagree":1,"losts":0,"auto":1}
1786551768.525024000 ngr/loco/9950011/state/start_mm 64
1786551768.537461000 ngr/loco/9950011/state/loopstat {"loop_max_gap_ms":33,"hall_task_max_gap_ms":3,"hall_task_age_ms":1,"baseline":1893,"raw":1870,"delta":-23,"queue_drops":0,"floor_rejects":8,"queue_high_water":0,"mqtt_connect_ms":185,"mqtt_attempts":1,"pub_drops":0,"pub_queue_hw":3,"cmd_drops":0,"pub_per_s":7,"marker_pub_drops":0,"marker_pub_hw":1,"nav":"NORMAL","mm":64,"miss_streak":1,"pwm":58,"lost_markers":0,"lost_ms":0,"motor_dir":"FWD"}
1786551768.552837000 ngr/loco/9950011/state/nav {"event":"DISAGREE","state":"NORMAL","nav_state":"NORMAL","mm":65,"landmark":"","dir":"CW","miss_streak":1,"obs":"S","expected":"N","peak":45,"ms":68,"drift":0,"dt":683,"agree":284,"disagree":2,"lost":0,"scores":[0,0,0,0,0,0],"excluded":[false,false,false,false,false,false],"leader":null,"runner_up":null,"margin":0,"motor_dir":"FWD"}
1786551768.574387000 ngr/loco/9950011/mm/marker {"mm":65,"landmark":"","obs":"S","peak":45,"ms":68,"drift":0,"dt":683,"timing_gate":"RAMP","dt_expected":0,"dt_conserve_ratio":-1.00,"pwm":58,"v":16.44}
1786551769.381276000 ngr/loco/9950011/alert {"level":"CLEAR","reason":"STATUS","loco":"9950011","uptime_ms":686394,"nav":"NORMAL","moving":1,"pwm":54,"est_mm_s":461,"dir":"CW","session_dir":"CW","mdir":"FWD","rear":63,"front":70,"env":2150,"lc_mm":63,"last_confirmed_landmark":"Grillers","age_ms":3777,"since":2,"dead_reckoned_mm":65,"candidate_mm":-1,"viable":[],"lostm":0,"lost_ms":0,"agree":284,"disagree":2,"losts":0,"auto":1}
1786551769.528846000 ngr/loco/9950011/state/start_mm 65
1786551769.590492000 ngr/loco/9950011/state/loopstat {"loop_max_gap_ms":34,"hall_task_max_gap_ms":2,"hall_task_age_ms":1,"baseline":1893,"raw":1892,"delta":-1,"queue_drops":0,"floor_rejects":8,"queue_high_water":1,"mqtt_connect_ms":185,"mqtt_attempts":1,"pub_drops":0,"pub_queue_hw":1,"cmd_drops":0,"pub_per_s":4,"marker_pub_drops":0,"marker_pub_hw":1,"nav":"NORMAL","mm":65,"miss_streak":2,"pwm":53,"lost_markers":0,"lost_ms":0,"motor_dir":"FWD"}
1786551770.380704000 ngr/loco/9950011/alert {"level":"CLEAR","reason":"STATUS","loco":"9950011","uptime_ms":687394,"nav":"NORMAL","moving":1,"pwm":49,"est_mm_s":461,"dir":"CW","session_dir":"CW","mdir":"FWD","rear":63,"front":70,"env":2150,"lc_mm":63,"last_confirmed_landmark":"Grillers","age_ms":4777,"since":2,"dead_reckoned_mm":65,"candidate_mm":-1,"viable":[],"lostm":0,"lost_ms":0,"agree":284,"disagree":2,"losts":0,"auto":1}
1786551770.535778000 ngr/loco/9950011/state/loopstat {"loop_max_gap_ms":33,"hall_task_max_gap_ms":2,"hall_task_age_ms":1,"baseline":1893,"raw":1894,"delta":1,"queue_drops":0,"floor_rejects":8,"queue_high_water":0,"mqtt_connect_ms":185,"mqtt_attempts":1,"pub_drops":0,"pub_queue_hw":1,"cmd_drops":0,"pub_per_s":1,"marker_pub_drops":0,"marker_pub_hw":0,"nav":"NORMAL","mm":65,"miss_streak":2,"pwm":48,"lost_markers":0,"lost_ms":0,"motor_dir":"FWD"}
1786551771.386885000 ngr/loco/9950011/alert {"level":"CLEAR","reason":"STATUS","loco":"9950011","uptime_ms":688394,"nav":"NORMAL","moving":1,"pwm":44,"est_mm_s":461,"dir":"CW","session_dir":"CW","mdir":"FWD","rear":63,"front":70,"env":2150,"lc_mm":63,"last_confirmed_landmark":"Grillers","age_ms":5777,"since":2,"dead_reckoned_mm":65,"candidate_mm":-1,"viable":[],"lostm":0,"lost_ms":0,"agree":284,"disagree":2,"losts":0,"auto":1}
1786551771.699288000 ngr/loco/9950011/state/loopstat {"loop_max_gap_ms":34,"hall_task_max_gap_ms":2,"hall_task_age_ms":1,"baseline":1893,"raw":1892,"delta":-1,"queue_drops":0,"floor_rejects":8,"queue_high_water":0,"mqtt_connect_ms":185,"mqtt_attempts":1,"pub_drops":0,"pub_queue_hw":1,"cmd_drops":0,"pub_per_s":1,"marker_pub_drops":0,"marker_pub_hw":0,"nav":"NORMAL","mm":65,"miss_streak":2,"pwm":43,"lost_markers":0,"lost_ms":0,"motor_dir":"FWD"}
1786551772.426726000 ngr/loco/9950011/alert {"level":"CLEAR","reason":"STATUS","loco":"9950011","uptime_ms":689394,"nav":"NORMAL","moving":1,"pwm":39,"est_mm_s":461,"dir":"CW","session_dir":"CW","mdir":"FWD","rear":63,"front":70,"env":2150,"lc_mm":63,"last_confirmed_landmark":"Grillers","age_ms":6777,"since":2,"dead_reckoned_mm":65,"candidate_mm":-1,"viable":[],"lostm":0,"lost_ms":0,"agree":284,"disagree":2,"losts":0,"auto":1}
1786551772.578197000 ngr/loco/9950011/state/loopstat {"loop_max_gap_ms":33,"hall_task_max_gap_ms":2,"hall_task_age_ms":1,"baseline":1893,"raw":1891,"delta":-2,"queue_drops":0,"floor_rejects":8,"queue_high_water":0,"mqtt_connect_ms":185,"mqtt_attempts":1,"pub_drops":0,"pub_queue_hw":1,"cmd_drops":0,"pub_per_s":1,"marker_pub_drops":0,"marker_pub_hw":0,"nav":"NORMAL","mm":65,"miss_streak":2,"pwm":38,"lost_markers":0,"lost_ms":0,"motor_dir":"FWD"}
1786551773.126773000 ngr/loco/9950011/telem/voltage 16.46
1786551773.317931000 ngr/loco/9950011/telem/current 0.27
1786551773.318030000 ngr/loco/9950011/telem/power 4.40
1786551773.436969000 ngr/loco/9950011/alert {"level":"CLEAR","reason":"STATUS","loco":"9950011","uptime_ms":690394,"nav":"NORMAL","moving":1,"pwm":34,"est_mm_s":461,"dir":"CW","session_dir":"CW","mdir":"FWD","rear":63,"front":70,"env":2150,"lc_mm":63,"last_confirmed_landmark":"Grillers","age_ms":7777,"since":2,"dead_reckoned_mm":65,"candidate_mm":-1,"viable":[],"lostm":0,"lost_ms":0,"agree":284,"disagree":2,"losts":0,"auto":1}
1786551773.548541000 ngr/loco/9950011/state/loopstat {"loop_max_gap_ms":33,"hall_task_max_gap_ms":2,"hall_task_age_ms":1,"baseline":1893,"raw":1894,"delta":1,"queue_drops":0,"floor_rejects":8,"queue_high_water":0,"mqtt_connect_ms":185,"mqtt_attempts":1,"pub_drops":0,"pub_queue_hw":3,"cmd_drops":0,"pub_per_s":4,"marker_pub_drops":0,"marker_pub_hw":0,"nav":"NORMAL","mm":65,"miss_streak":2,"pwm":33,"lost_markers":0,"lost_ms":0,"motor_dir":"FWD"}
1786551774.381263000 ngr/loco/9950011/alert {"level":"CLEAR","reason":"STATUS","loco":"9950011","uptime_ms":691394,"nav":"NORMAL","moving":1,"pwm":29,"est_mm_s":461,"dir":"CW","session_dir":"CW","mdir":"FWD","rear":63,"front":70,"env":2150,"lc_mm":63,"last_confirmed_landmark":"Grillers","age_ms":8777,"since":2,"dead_reckoned_mm":65,"candidate_mm":-1,"viable":[],"lostm":0,"lost_ms":0,"agree":284,"disagree":2,"losts":0,"auto":1}
1786551774.541467000 ngr/loco/9950011/state/loopstat {"loop_max_gap_ms":34,"hall_task_max_gap_ms":1,"hall_task_age_ms":1,"baseline":1893,"raw":1894,"delta":1,"queue_drops":0,"floor_rejects":8,"queue_high_water":0,"mqtt_connect_ms":185,"mqtt_attempts":1,"pub_drops":0,"pub_queue_hw":1,"cmd_drops":0,"pub_per_s":1,"marker_pub_drops":0,"marker_pub_hw":0,"nav":"NORMAL","mm":65,"miss_streak":2,"pwm":28,"lost_markers":0,"lost_ms":0,"motor_dir":"FWD"}
1786551775.046245000 $SYS/broker/uptime 51595 seconds
1786551775.408982000 ngr/loco/9950011/alert {"level":"CLEAR","reason":"STATUS","loco":"9950011","uptime_ms":692394,"nav":"NORMAL","moving":1,"pwm":24,"est_mm_s":461,"dir":"CW","session_dir":"CW","mdir":"FWD","rear":63,"front":70,"env":2150,"lc_mm":63,"last_confirmed_landmark":"Grillers","age_ms":9777,"since":2,"dead_reckoned_mm":65,"candidate_mm":-1,"viable":[],"lostm":0,"lost_ms":0,"agree":284,"disagree":2,"losts":0,"auto":1}
1786551775.570548000 ngr/loco/9950011/state/loopstat {"loop_max_gap_ms":33,"hall_task_max_gap_ms":2,"hall_task_age_ms":1,"baseline":1893,"raw":1893,"delta":0,"queue_drops":0,"floor_rejects":8,"queue_high_water":0,"mqtt_connect_ms":185,"mqtt_attempts":1,"pub_drops":0,"pub_queue_hw":1,"cmd_drops":0,"pub_per_s":1,"marker_pub_drops":0,"marker_pub_hw":0,"nav":"NORMAL","mm":65,"miss_streak":2,"pwm":23,"lost_markers":0,"lost_ms":0,"motor_dir":"FWD"}
1786551776.430743000 ngr/loco/9950011/alert {"level":"CLEAR","reason":"STATUS","loco":"9950011","uptime_ms":693394,"nav":"NORMAL","moving":1,"pwm":19,"est_mm_s":461,"dir":"CW","session_dir":"CW","mdir":"FWD","rear":63,"front":70,"env":2150,"lc_mm":63,"last_confirmed_landmark":"Grillers","age_ms":10777,"since":2,"dead_reckoned_mm":65,"candidate_mm":-1,"viable":[],"lostm":0,"lost_ms":0,"agree":284,"disagree":2,"losts":0,"auto":1}
1786551776.548620000 ngr/loco/9950011/state/loopstat {"loop_max_gap_ms":33,"hall_task_max_gap_ms":2,"hall_task_age_ms":1,"baseline":1893,"raw":1895,"delta":2,"queue_drops":0,"floor_rejects":8,"queue_high_water":0,"mqtt_connect_ms":185,"mqtt_attempts":1,"pub_drops":0,"pub_queue_hw":1,"cmd_drops":0,"pub_per_s":1,"marker_pub_drops":0,"marker_pub_hw":0,"nav":"NORMAL","mm":65,"miss_streak":2,"pwm":18,"lost_markers":0,"lost_ms":0,"motor_dir":"FWD"}
1786551777.386966000 ngr/loco/9950011/alert {"level":"CLEAR","reason":"STATUS","loco":"9950011","uptime_ms":694394,"nav":"NORMAL","moving":1,"pwm":14,"est_mm_s":461,"dir":"CW","session_dir":"CW","mdir":"FWD","rear":63,"front":70,"env":2150,"lc_mm":63,"last_confirmed_landmark":"Grillers","age_ms":11777,"since":2,"dead_reckoned_mm":65,"candidate_mm":-1,"viable":[],"lostm":0,"lost_ms":0,"agree":284,"disagree":2,"losts":0,"auto":1}
1786551777.568798000 ngr/loco/9950011/state/loopstat {"loop_max_gap_ms":33,"hall_task_max_gap_ms":3,"hall_task_age_ms":1,"baseline":1893,"raw":1892,"delta":-1,"queue_drops":0,"floor_rejects":8,"queue_high_water":0,"mqtt_connect_ms":185,"mqtt_attempts":1,"pub_drops":0,"pub_queue_hw":1,"cmd_drops":0,"pub_per_s":1,"marker_pub_drops":0,"marker_pub_hw":0,"nav":"NORMAL","mm":65,"miss_streak":2,"pwm":13,"lost_markers":0,"lost_ms":0,"motor_dir":"FWD"}
1786551778.033714000 ngr/loco/9950011/telem/voltage 16.46
1786551778.113465000 ngr/loco/9950011/telem/current 0.26
1786551778.147498000 ngr/loco/9950011/telem/power 4.22
1786551778.442005000 ngr/loco/9950011/alert {"level":"CLEAR","reason":"STATUS","loco":"9950011","uptime_ms":695394,"nav":"NORMAL","moving":1,"pwm":9,"est_mm_s":461,"dir":"CW","session_dir":"CW","mdir":"FWD","rear":63,"front":70,"env":2150,"lc_mm":63,"last_confirmed_landmark":"Grillers","age_ms":12777,"since":2,"dead_reckoned_mm":65,"candidate_mm":-1,"viable":[],"lostm":0,"lost_ms":0,"agree":284,"disagree":2,"losts":0,"auto":1}
1786551778.615808000 ngr/loco/9950011/state/loopstat {"loop_max_gap_ms":33,"hall_task_max_gap_ms":2,"hall_task_age_ms":1,"baseline":1893,"raw":1893,"delta":0,"queue_drops":0,"floor_rejects":8,"queue_high_water":0,"mqtt_connect_ms":185,"mqtt_attempts":1,"pub_drops":0,"pub_queue_hw":3,"cmd_drops":0,"pub_per_s":4,"marker_pub_drops":0,"marker_pub_hw":0,"nav":"NORMAL","mm":65,"miss_streak":2,"pwm":8,"lost_markers":0,"lost_ms":0,"motor_dir":"FWD"}
1786551779.387507000 ngr/loco/9950011/alert {"level":"CLEAR","reason":"STATUS","loco":"9950011","uptime_ms":696394,"nav":"NORMAL","moving":1,"pwm":4,"est_mm_s":461,"dir":"CW","session_dir":"CW","mdir":"FWD","rear":63,"front":70,"env":2150,"lc_mm":63,"last_confirmed_landmark":"Grillers","age_ms":13777,"since":2,"dead_reckoned_mm":65,"candidate_mm":-1,"viable":[],"lostm":0,"lost_ms":0,"agree":284,"disagree":2,"losts":0,"auto":1}
1786551779.540361000 ngr/loco/9950011/state/loopstat {"loop_max_gap_ms":33,"hall_task_max_gap_ms":2,"hall_task_age_ms":1,"baseline":1893,"raw":1892,"delta":-1,"queue_drops":0,"floor_rejects":8,"queue_high_water":0,"mqtt_connect_ms":185,"mqtt_attempts":1,"pub_drops":0,"pub_queue_hw":1,"cmd_drops":0,"pub_per_s":1,"marker_pub_drops":0,"marker_pub_hw":0,"nav":"NORMAL","mm":65,"miss_streak":2,"pwm":3,"lost_markers":0,"lost_ms":0,"motor_dir":"FWD"}
1786551780.099644000 ngr/loco/9950011/state/station {"event":"DWELL_BEGIN","phase":4,"station":"Grillers","offset":2,"commanded_pwm":0,"actual_pwm":0,"note":"FIXED_DWELL"}
1786551780.383815000 ngr/loco/9950011/alert {"level":"CLEAR","reason":"STATUS","loco":"9950011","uptime_ms":697394,"nav":"NORMAL","moving":0,"pwm":0,"est_mm_s":461,"dir":"CW","session_dir":"CW","mdir":"FWD","rear":63,"front":70,"env":2150,"lc_mm":63,"last_confirmed_landmark":"Grillers","age_ms":14777,"since":2,"dead_reckoned_mm":65,"candidate_mm":-1,"viable":[],"lostm":0,"lost_ms":0,"agree":284,"disagree":2,"losts":0,"auto":1}
1786551780.554717000 ngr/loco/9950011/state/loopstat {"loop_max_gap_ms":33,"hall_task_max_gap_ms":2,"hall_task_age_ms":1,"baseline":1893,"raw":1894,"delta":1,"queue_drops":0,"floor_rejects":8,"queue_high_water":0,"mqtt_connect_ms":185,"mqtt_attempts":1,"pub_drops":0,"pub_queue_hw":1,"cmd_drops":0,"pub_per_s":2,"marker_pub_drops":0,"marker_pub_hw":0,"nav":"NORMAL","mm":65,"miss_streak":2,"pwm":0,"lost_markers":0,"lost_ms":0,"motor_dir":"FWD"}
1786551781.379253000 ngr/loco/9950011/alert {"level":"CLEAR","reason":"STATUS","loco":"9950011","uptime_ms":698394,"nav":"NORMAL","moving":0,"pwm":0,"est_mm_s":461,"dir":"CW","session_dir":"CW","mdir":"FWD","rear":63,"front":70,"env":2150,"lc_mm":63,"last_confirmed_landmark":"Grillers","age_ms":15777,"since":2,"dead_reckoned_mm":65,"candidate_mm":-1,"viable":[],"lostm":0,"lost_ms":0,"agree":284,"disagree":2,"losts":0,"auto":1}
1786551781.542699000 ngr/loco/9950011/state/loopstat {"loop_max_gap_ms":33,"hall_task_max_gap_ms":2,"hall_task_age_ms":1,"baseline":1893,"raw":1894,"delta":1,"queue_drops":0,"floor_rejects":8,"queue_high_water":0,"mqtt_connect_ms":185,"mqtt_attempts":1,"pub_drops":0,"pub_queue_hw":1,"cmd_drops":0,"pub_per_s":1,"marker_pub_drops":0,"marker_pub_hw":0,"nav":"NORMAL","mm":65,"miss_streak":2,"pwm":0,"lost_markers":0,"lost_ms":0,"motor_dir":"FWD"}
1786551782.374313000 ngr/loco/9950011/alert {"level":"CLEAR","reason":"STATUS","loco":"9950011","uptime_ms":699394,"nav":"NORMAL","moving":0,"pwm":0,"est_mm_s":461,"dir":"CW","session_dir":"CW","mdir":"FWD","rear":63,"front":70,"env":2150,"lc_mm":63,"last_confirmed_landmark":"Grillers","age_ms":16777,"since":2,"dead_reckoned_mm":65,"candidate_mm":-1,"viable":[],"lostm":0,"lost_ms":0,"agree":284,"disagree":2,"losts":0,"auto":1}
1786551782.533584000 ngr/loco/9950011/state/loopstat {"loop_max_gap_ms":33,"hall_task_max_gap_ms":2,"hall_task_age_ms":1,"baseline":1893,"raw":1894,"delta":1,"queue_drops":0,"floor_rejects":8,"queue_high_water":0,"mqtt_connect_ms":185,"mqtt_attempts":1,"pub_drops":0,"pub_queue_hw":1,"cmd_drops":0,"pub_per_s":1,"marker_pub_drops":0,"marker_pub_hw":0,"nav":"NORMAL","mm":65,"miss_streak":2,"pwm":0,"lost_markers":0,"lost_ms":0,"motor_dir":"FWD"}
1786551783.012296000 ngr/loco/9950011/telem/voltage 16.48
1786551783.031008000 ngr/loco/9950011/telem/current 0.18
1786551783.031116000 ngr/loco/9950011/telem/power 2.86
1786551783.380180000 ngr/loco/9950011/alert {"level":"CLEAR","reason":"STATUS","loco":"9950011","uptime_ms":700394,"nav":"NORMAL","moving":0,"pwm":0,"est_mm_s":461,"dir":"CW","session_dir":"CW","mdir":"FWD","rear":63,"front":70,"env":2150,"lc_mm":63,"last_confirmed_landmark":"Grillers","age_ms":17777,"since":2,"dead_reckoned_mm":65,"candidate_mm":-1,"viable":[],"lostm":0,"lost_ms":0,"agree":284,"disagree":2,"losts":0,"auto":1}
1786551783.539271000 ngr/loco/9950011/state/loopstat {"loop_max_gap_ms":33,"hall_task_max_gap_ms":3,"hall_task_age_ms":1,"baseline":1893,"raw":1892,"delta":-1,"queue_drops":0,"floor_rejects":8,"queue_high_water":0,"mqtt_connect_ms":185,"mqtt_attempts":1,"pub_drops":0,"pub_queue_hw":3,"cmd_drops":0,"pub_per_s":4,"marker_pub_drops":0,"marker_pub_hw":0,"nav":"NORMAL","mm":65,"miss_streak":2,"pwm":0,"lost_markers":0,"lost_ms":0,"motor_dir":"FWD"}
1786551784.381915000 ngr/loco/9950011/alert {"level":"CLEAR","reason":"STATUS","loco":"9950011","uptime_ms":701394,"nav":"NORMAL","moving":0,"pwm":0,"est_mm_s":461,"dir":"CW","session_dir":"CW","mdir":"FWD","rear":63,"front":70,"env":2150,"lc_mm":63,"last_confirmed_landmark":"Grillers","age_ms":18777,"since":2,"dead_reckoned_mm":65,"candidate_mm":-1,"viable":[],"lostm":0,"lost_ms":0,"agree":284,"disagree":2,"losts":0,"auto":1}
1786551784.556383000 ngr/loco/9950011/state/loopstat {"loop_max_gap_ms":33,"hall_task_max_gap_ms":2,"hall_task_age_ms":1,"baseline":1893,"raw":1892,"delta":-1,"queue_drops":0,"floor_rejects":8,"queue_high_water":0,"mqtt_connect_ms":185,"mqtt_attempts":1,"pub_drops":0,"pub_queue_hw":1,"cmd_drops":0,"pub_per_s":1,"marker_pub_drops":0,"marker_pub_hw":0,"nav":"NORMAL","mm":65,"miss_streak":2,"pwm":0,"lost_markers":0,"lost_ms":0,"motor_dir":"FWD"}
1786551785.387395000 ngr/loco/9950011/alert {"level":"CLEAR","reason":"STATUS","loco":"9950011","uptime_ms":702394,"nav":"NORMAL","moving":0,"pwm":0,"est_mm_s":461,"dir":"CW","session_dir":"CW","mdir":"FWD","rear":63,"front":70,"env":2150,"lc_mm":63,"last_confirmed_landmark":"Grillers","age_ms":19777,"since":2,"dead_reckoned_mm":65,"candidate_mm":-1,"viable":[],"lostm":0,"lost_ms":0,"agree":284,"disagree":2,"losts":0,"auto":1}
1786551785.539725000 ngr/loco/9950011/state/loopstat {"loop_max_gap_ms":33,"hall_task_max_gap_ms":2,"hall_task_age_ms":1,"baseline":1893,"raw":1894,"delta":1,"queue_drops":0,"floor_rejects":8,"queue_high_water":0,"mqtt_connect_ms":185,"mqtt_attempts":1,"pub_drops":0,"pub_queue_hw":1,"cmd_drops":0,"pub_per_s":1,"marker_pub_drops":0,"marker_pub_hw":0,"nav":"NORMAL","mm":65,"miss_streak":2,"pwm":0,"lost_markers":0,"lost_ms":0,"motor_dir":"FWD"}
1786551786.067397000 $SYS/broker/uptime 51606 seconds
1786551786.500092000 ngr/loco/9950011/alert {"level":"CLEAR","reason":"STATUS","loco":"9950011","uptime_ms":703394,"nav":"NORMAL","moving":0,"pwm":0,"est_mm_s":461,"dir":"CW","session_dir":"CW","mdir":"FWD","rear":63,"front":70,"env":2150,"lc_mm":63,"last_confirmed_landmark":"Grillers","age_ms":20777,"since":2,"dead_reckoned_mm":65,"candidate_mm":-1,"viable":[],"lostm":0,"lost_ms":0,"agree":284,"disagree":2,"losts":0,"auto":1}
1786551786.649364000 ngr/loco/9950011/state/loopstat {"loop_max_gap_ms":34,"hall_task_max_gap_ms":2,"hall_task_age_ms":1,"baseline":1893,"raw":1895,"delta":2,"queue_drops":0,"floor_rejects":8,"queue_high_water":0,"mqtt_connect_ms":185,"mqtt_attempts":1,"pub_drops":0,"pub_queue_hw":1,"cmd_drops":0,"pub_per_s":1,"marker_pub_drops":0,"marker_pub_hw":0,"nav":"NORMAL","mm":65,"miss_streak":2,"pwm":0,"lost_markers":0,"lost_ms":0,"motor_dir":"FWD"}
1786551787.400844000 ngr/loco/9950011/alert {"level":"CLEAR","reason":"STATUS","loco":"9950011","uptime_ms":704394,"nav":"NORMAL","moving":0,"pwm":0,"est_mm_s":461,"dir":"CW","session_dir":"CW","mdir":"FWD","rear":63,"front":70,"env":2150,"lc_mm":63,"last_confirmed_landmark":"Grillers","age_ms":21777,"since":2,"dead_reckoned_mm":65,"candidate_mm":-1,"viable":[],"lostm":0,"lost_ms":0,"agree":284,"disagree":2,"losts":0,"auto":1}
1786551787.529576000 ngr/loco/9950011/state/loopstat {"loop_max_gap_ms":33,"hall_task_max_gap_ms":2,"hall_task_age_ms":1,"baseline":1893,"raw":1892,"delta":-1,"queue_drops":0,"floor_rejects":8,"queue_high_water":0,"mqtt_connect_ms":185,"mqtt_attempts":1,"pub_drops":0,"pub_queue_hw":1,"cmd_drops":0,"pub_per_s":1,"marker_pub_drops":0,"marker_pub_hw":0,"nav":"NORMAL","mm":65,"miss_streak":2,"pwm":0,"lost_markers":0,"lost_ms":0,"motor_dir":"FWD"}
1786551788.042321000 ngr/loco/9950011/telem/voltage 16.48
1786551788.110599000 ngr/loco/9950011/telem/current 0.18
1786551788.110762000 ngr/loco/9950011/telem/power 2.87
1786551788.394130000 ngr/loco/9950011/alert {"level":"CLEAR","reason":"STATUS","loco":"9950011","uptime_ms":705394,"nav":"NORMAL","moving":0,"pwm":0,"est_mm_s":461,"dir":"CW","session_dir":"CW","mdir":"FWD","rear":63,"front":70,"env":2150,"lc_mm":63,"last_confirmed_landmark":"Grillers","age_ms":22777,"since":2,"dead_reckoned_mm":65,"candidate_mm":-1,"viable":[],"lostm":0,"lost_ms":0,"agree":284,"disagree":2,"losts":0,"auto":1}
1786551788.546996000 ngr/loco/9950011/state/loopstat {"loop_max_gap_ms":33,"hall_task_max_gap_ms":2,"hall_task_age_ms":1,"baseline":1893,"raw":1892,"delta":-1,"queue_drops":0,"floor_rejects":8,"queue_high_water":0,"mqtt_connect_ms":185,"mqtt_attempts":1,"pub_drops":0,"pub_queue_hw":3,"cmd_drops":0,"pub_per_s":4,"marker_pub_drops":0,"marker_pub_hw":0,"nav":"NORMAL","mm":65,"miss_streak":2,"pwm":0,"lost_markers":0,"lost_ms":0,"motor_dir":"FWD"}
1786551789.383263000 ngr/loco/9950011/alert {"level":"CLEAR","reason":"STATUS","loco":"9950011","uptime_ms":706394,"nav":"NORMAL","moving":0,"pwm":0,"est_mm_s":461,"dir":"CW","session_dir":"CW","mdir":"FWD","rear":63,"front":70,"env":2150,"lc_mm":63,"last_confirmed_landmark":"Grillers","age_ms":23777,"since":2,"dead_reckoned_mm":65,"candidate_mm":-1,"viable":[],"lostm":0,"lost_ms":0,"agree":284,"disagree":2,"losts":0,"auto":1}
1786551789.543577000 ngr/loco/9950011/state/loopstat {"loop_max_gap_ms":34,"hall_task_max_gap_ms":2,"hall_task_age_ms":1,"baseline":1893,"raw":1893,"delta":0,"queue_drops":0,"floor_rejects":8,"queue_high_water":0,"mqtt_connect_ms":185,"mqtt_attempts":1,"pub_drops":0,"pub_queue_hw":1,"cmd_drops":0,"pub_per_s":1,"marker_pub_drops":0,"marker_pub_hw":0,"nav":"NORMAL","mm":65,"miss_streak":2,"pwm":0,"lost_markers":0,"lost_ms":0,"motor_dir":"FWD"}
1786551790.391282000 ngr/loco/9950011/alert {"level":"CLEAR","reason":"STATUS","loco":"9950011","uptime_ms":707394,"nav":"NORMAL","moving":0,"pwm":0,"est_mm_s":461,"dir":"CW","session_dir":"CW","mdir":"FWD","rear":63,"front":70,"env":2150,"lc_mm":63,"last_confirmed_landmark":"Grillers","age_ms":24777,"since":2,"dead_reckoned_mm":65,"candidate_mm":-1,"viable":[],"lostm":0,"lost_ms":0,"agree":284,"disagree":2,"losts":0,"auto":1}
1786551790.531578000 ngr/loco/9950011/state/loopstat {"loop_max_gap_ms":33,"hall_task_max_gap_ms":2,"hall_task_age_ms":1,"baseline":1893,"raw":1891,"delta":-2,"queue_drops":0,"floor_rejects":8,"queue_high_water":0,"mqtt_connect_ms":185,"mqtt_attempts":1,"pub_drops":0,"pub_queue_hw":1,"cmd_drops":0,"pub_per_s":1,"marker_pub_drops":0,"marker_pub_hw":0,"nav":"NORMAL","mm":65,"miss_streak":2,"pwm":0,"lost_markers":0,"lost_ms":0,"motor_dir":"FWD"}
1786551791.429821000 ngr/loco/9950011/alert {"level":"CLEAR","reason":"STATUS","loco":"9950011","uptime_ms":708394,"nav":"NORMAL","moving":0,"pwm":0,"est_mm_s":461,"dir":"CW","session_dir":"CW","mdir":"FWD","rear":63,"front":70,"env":2150,"lc_mm":63,"last_confirmed_landmark":"Grillers","age_ms":25777,"since":2,"dead_reckoned_mm":65,"candidate_mm":-1,"viable":[],"lostm":0,"lost_ms":0,"agree":284,"disagree":2,"losts":0,"auto":1}
1786551791.544618000 ngr/loco/9950011/state/loopstat {"loop_max_gap_ms":33,"hall_task_max_gap_ms":2,"hall_task_age_ms":1,"baseline":1893,"raw":1895,"delta":2,"queue_drops":0,"floor_rejects":8,"queue_high_water":0,"mqtt_connect_ms":185,"mqtt_attempts":1,"pub_drops":0,"pub_queue_hw":1,"cmd_drops":0,"pub_per_s":1,"marker_pub_drops":0,"marker_pub_hw":0,"nav":"NORMAL","mm":65,"miss_streak":2,"pwm":0,"lost_markers":0,"lost_ms":0,"motor_dir":"FWD"}
1786551792.386713000 ngr/loco/9950011/alert {"level":"CLEAR","reason":"STATUS","loco":"9950011","uptime_ms":709394,"nav":"NORMAL","moving":0,"pwm":0,"est_mm_s":461,"dir":"CW","session_dir":"CW","mdir":"FWD","rear":63,"front":70,"env":2150,"lc_mm":63,"last_confirmed_landmark":"Grillers","age_ms":26777,"since":2,"dead_reckoned_mm":65,"candidate_mm":-1,"viable":[],"lostm":0,"lost_ms":0,"agree":284,"disagree":2,"losts":0,"auto":1}
1786551792.536948000 ngr/loco/9950011/state/loopstat {"loop_max_gap_ms":33,"hall_task_max_gap_ms":2,"hall_task_age_ms":1,"baseline":1893,"raw":1893,"delta":0,"queue_drops":0,"floor_rejects":8,"queue_high_water":0,"mqtt_connect_ms":185,"mqtt_attempts":1,"pub_drops":0,"pub_queue_hw":1,"cmd_drops":0,"pub_per_s":1,"marker_pub_drops":0,"marker_pub_hw":0,"nav":"NORMAL","mm":65,"miss_streak":2,"pwm":0,"lost_markers":0,"lost_ms":0,"motor_dir":"FWD"}
1786551793.005654000 ngr/loco/9950011/telem/voltage 16.48
1786551793.070171000 ngr/loco/9950011/telem/current 0.17
1786551793.070408000 ngr/loco/9950011/telem/power 2.83
1786551793.378019000 ngr/loco/9950011/alert {"level":"CLEAR","reason":"STATUS","loco":"9950011","uptime_ms":710394,"nav":"NORMAL","moving":0,"pwm":0,"est_mm_s":461,"dir":"CW","session_dir":"CW","mdir":"FWD","rear":63,"front":70,"env":2150,"lc_mm":63,"last_confirmed_landmark":"Grillers","age_ms":27777,"since":2,"dead_reckoned_mm":65,"candidate_mm":-1,"viable":[],"lostm":0,"lost_ms":0,"agree":284,"disagree":2,"losts":0,"auto":1}
1786551793.539726000 ngr/loco/9950011/state/loopstat {"loop_max_gap_ms":33,"hall_task_max_gap_ms":2,"hall_task_age_ms":1,"baseline":1893,"raw":1895,"delta":2,"queue_drops":0,"floor_rejects":8,"queue_high_water":0,"mqtt_connect_ms":185,"mqtt_attempts":1,"pub_drops":0,"pub_queue_hw":3,"cmd_drops":0,"pub_per_s":4,"marker_pub_drops":0,"marker_pub_hw":0,"nav":"NORMAL","mm":65,"miss_streak":2,"pwm":0,"lost_markers":0,"lost_ms":0,"motor_dir":"FWD"}
1786551794.379467000 ngr/loco/9950011/alert {"level":"CLEAR","reason":"STATUS","loco":"9950011","uptime_ms":711394,"nav":"NORMAL","moving":0,"pwm":0,"est_mm_s":461,"dir":"CW","session_dir":"CW","mdir":"FWD","rear":63,"front":70,"env":2150,"lc_mm":63,"last_confirmed_landmark":"Grillers","age_ms":28777,"since":2,"dead_reckoned_mm":65,"candidate_mm":-1,"viable":[],"lostm":0,"lost_ms":0,"agree":284,"disagree":2,"losts":0,"auto":1}
1786551794.537890000 ngr/loco/9950011/state/loopstat {"loop_max_gap_ms":34,"hall_task_max_gap_ms":2,"hall_task_age_ms":1,"baseline":1893,"raw":1900,"delta":7,"queue_drops":0,"floor_rejects":8,"queue_high_water":0,"mqtt_connect_ms":185,"mqtt_attempts":1,"pub_drops":0,"pub_queue_hw":1,"cmd_drops":0,"pub_per_s":1,"marker_pub_drops":0,"marker_pub_hw":0,"nav":"NORMAL","mm":65,"miss_streak":2,"pwm":0,"lost_markers":0,"lost_ms":0,"motor_dir":"FWD"}
1786551795.083250000 ngr/loco/9950011/state/station {"event":"DWELL_COMPLETE","phase":5,"station":"Grillers","offset":2,"commanded_pwm":120,"actual_pwm":0,"note":"DEPART_TO_CRUISE"}
1786551795.380385000 ngr/loco/9950011/alert {"level":"CLEAR","reason":"STATUS","loco":"9950011","uptime_ms":712394,"nav":"NORMAL","moving":1,"pwm":2,"est_mm_s":461,"dir":"CW","session_dir":"CW","mdir":"FWD","rear":63,"front":70,"env":2150,"lc_mm":63,"last_confirmed_landmark":"Grillers","age_ms":29777,"since":2,"dead_reckoned_mm":65,"candidate_mm":-1,"viable":[],"lostm":0,"lost_ms":0,"agree":284,"disagree":2,"losts":0,"auto":1}
1786551795.516569000 ngr/loco/9950011/state/throttle 120
1786551795.538397000 ngr/loco/9950011/state/loopstat {"loop_max_gap_ms":33,"hall_task_max_gap_ms":2,"hall_task_age_ms":1,"baseline":1893,"raw":1895,"delta":2,"queue_drops":0,"floor_rejects":8,"queue_high_water":0,"mqtt_connect_ms":185,"mqtt_attempts":1,"pub_drops":0,"pub_queue_hw":1,"cmd_drops":0,"pub_per_s":3,"marker_pub_drops":0,"marker_pub_hw":0,"nav":"NORMAL","mm":65,"miss_streak":2,"pwm":3,"lost_markers":0,"lost_ms":0,"motor_dir":"FWD"}
1786551796.442346000 ngr/loco/9950011/alert {"level":"CLEAR","reason":"STATUS","loco":"9950011","uptime_ms":713394,"nav":"NORMAL","moving":1,"pwm":9,"est_mm_s":461,"dir":"CW","session_dir":"CW","mdir":"FWD","rear":63,"front":70,"env":2150,"lc_mm":63,"last_confirmed_landmark":"Grillers","age_ms":30777,"since":2,"dead_reckoned_mm":65,"candidate_mm":-1,"viable":[],"lostm":0,"lost_ms":0,"agree":284,"disagree":2,"losts":0,"auto":1}
1786551796.543852000 ngr/loco/9950011/state/loopstat {"loop_max_gap_ms":34,"hall_task_max_gap_ms":2,"hall_task_age_ms":1,"baseline":1893,"raw":1891,"delta":-2,"queue_drops":0,"floor_rejects":8,"queue_high_water":0,"mqtt_connect_ms":185,"mqtt_attempts":1,"pub_drops":0,"pub_queue_hw":1,"cmd_drops":0,"pub_per_s":1,"marker_pub_drops":0,"marker_pub_hw":0,"nav":"NORMAL","mm":65,"miss_streak":2,"pwm":10,"lost_markers":0,"lost_ms":0,"motor_dir":"FWD"}
1786551797.066934000 $SYS/broker/uptime 51617 seconds
1786551797.384138000 ngr/loco/9950011/alert {"level":"CLEAR","reason":"STATUS","loco":"9950011","uptime_ms":714394,"nav":"NORMAL","moving":1,"pwm":16,"est_mm_s":461,"dir":"CW","session_dir":"CW","mdir":"FWD","rear":63,"front":70,"env":2150,"lc_mm":63,"last_confirmed_landmark":"Grillers","age_ms":31777,"since":2,"dead_reckoned_mm":65,"candidate_mm":-1,"viable":[],"lostm":0,"lost_ms":0,"agree":284,"disagree":2,"losts":0,"auto":1}
1786551797.542066000 ngr/loco/9950011/state/loopstat {"loop_max_gap_ms":33,"hall_task_max_gap_ms":2,"hall_task_age_ms":1,"baseline":1893,"raw":1892,"delta":-1,"queue_drops":0,"floor_rejects":8,"queue_high_water":0,"mqtt_connect_ms":185,"mqtt_attempts":1,"pub_drops":0,"pub_queue_hw":1,"cmd_drops":0,"pub_per_s":1,"marker_pub_drops":0,"marker_pub_hw":0,"nav":"NORMAL","mm":65,"miss_streak":2,"pwm":17,"lost_markers":0,"lost_ms":0,"motor_dir":"FWD"}
1786551798.006616000 ngr/loco/9950011/telem/voltage 16.48
1786551798.040086000 ngr/loco/9950011/telem/current 0.18
1786551798.053709000 ngr/loco/9950011/telem/power 3.24
1786551798.383964000 ngr/loco/9950011/alert {"level":"CLEAR","reason":"STATUS","loco":"9950011","uptime_ms":715394,"nav":"NORMAL","moving":1,"pwm":22,"est_mm_s":461,"dir":"CW","session_dir":"CW","mdir":"FWD","rear":63,"front":70,"env":2150,"lc_mm":63,"last_confirmed_landmark":"Grillers","age_ms":32777,"since":2,"dead_reckoned_mm":65,"candidate_mm":-1,"viable":[],"lostm":0,"lost_ms":0,"agree":284,"disagree":2,"losts":0,"auto":1}
1786551798.538318000 ngr/loco/9950011/state/loopstat {"loop_max_gap_ms":33,"hall_task_max_gap_ms":2,"hall_task_age_ms":1,"baseline":1893,"raw":1881,"delta":-12,"queue_drops":0,"floor_rejects":8,"queue_high_water":0,"mqtt_connect_ms":185,"mqtt_attempts":1,"pub_drops":0,"pub_queue_hw":3,"cmd_drops":0,"pub_per_s":4,"marker_pub_drops":0,"marker_pub_hw":0,"nav":"NORMAL","mm":65,"miss_streak":2,"pwm":23,"lost_markers":0,"lost_ms":0,"motor_dir":"FWD"}
1786551799.395670000 ngr/loco/9950011/alert {"level":"CLEAR","reason":"STATUS","loco":"9950011","uptime_ms":716394,"nav":"NORMAL","moving":1,"pwm":29,"est_mm_s":461,"dir":"CW","session_dir":"CW","mdir":"FWD","rear":63,"front":70,"env":2150,"lc_mm":63,"last_confirmed_landmark":"Grillers","age_ms":33777,"since":2,"dead_reckoned_mm":65,"candidate_mm":-1,"viable":[],"lostm":0,"lost_ms":0,"agree":284,"disagree":2,"losts":0,"auto":1}
1786551799.554003000 ngr/loco/9950011/state/loopstat {"loop_max_gap_ms":34,"hall_task_max_gap_ms":2,"hall_task_age_ms":1,"baseline":1893,"raw":1893,"delta":0,"queue_drops":0,"floor_rejects":8,"queue_high_water":0,"mqtt_connect_ms":185,"mqtt_attempts":1,"pub_drops":0,"pub_queue_hw":1,"cmd_drops":0,"pub_per_s":1,"marker_pub_drops":0,"marker_pub_hw":0,"nav":"NORMAL","mm":65,"miss_streak":2,"pwm":30,"lost_markers":0,"lost_ms":0,"motor_dir":"FWD"}
1786551800.408984000 ngr/loco/9950011/alert {"level":"CLEAR","reason":"STATUS","loco":"9950011","uptime_ms":717394,"nav":"NORMAL","moving":1,"pwm":36,"est_mm_s":461,"dir":"CW","session_dir":"CW","mdir":"FWD","rear":63,"front":70,"env":2150,"lc_mm":63,"last_confirmed_landmark":"Grillers","age_ms":34777,"since":2,"dead_reckoned_mm":65,"candidate_mm":-1,"viable":[],"lostm":0,"lost_ms":0,"agree":284,"disagree":2,"losts":0,"auto":1}
1786551800.550657000 ngr/loco/9950011/state/loopstat {"loop_max_gap_ms":33,"hall_task_max_gap_ms":2,"hall_task_age_ms":1,"baseline":1893,"raw":1887,"delta":-6,"queue_drops":0,"floor_rejects":8,"queue_high_water":0,"mqtt_connect_ms":185,"mqtt_attempts":1,"pub_drops":0,"pub_queue_hw":1,"cmd_drops":0,"pub_per_s":1,"marker_pub_drops":0,"marker_pub_hw":0,"nav":"NORMAL","mm":65,"miss_streak":2,"pwm":37,"lost_markers":0,"lost_ms":0,"motor_dir":"FWD"}
1786551801.410188000 ngr/loco/9950011/alert {"level":"CLEAR","reason":"STATUS","loco":"9950011","uptime_ms":718394,"nav":"NORMAL","moving":1,"pwm":42,"est_mm_s":461,"dir":"CW","session_dir":"CW","mdir":"FWD","rear":63,"front":70,"env":2150,"lc_mm":63,"last_confirmed_landmark":"Grillers","age_ms":35777,"since":2,"dead_reckoned_mm":65,"candidate_mm":-1,"viable":[],"lostm":0,"lost_ms":0,"agree":284,"disagree":2,"losts":0,"auto":1}
1786551801.569214000 ngr/loco/9950011/state/loopstat {"loop_max_gap_ms":34,"hall_task_max_gap_ms":2,"hall_task_age_ms":1,"baseline":1893,"raw":1889,"delta":-4,"queue_drops":0,"floor_rejects":8,"queue_high_water":0,"mqtt_connect_ms":185,"mqtt_attempts":1,"pub_drops":0,"pub_queue_hw":1,"cmd_drops":0,"pub_per_s":1,"marker_pub_drops":0,"marker_pub_hw":0,"nav":"NORMAL","mm":65,"miss_streak":2,"pwm":43,"lost_markers":0,"lost_ms":0,"motor_dir":"FWD"}
1786551802.378969000 ngr/loco/9950011/alert {"level":"CLEAR","reason":"STATUS","loco":"9950011","uptime_ms":719394,"nav":"NORMAL","moving":1,"pwm":49,"est_mm_s":461,"dir":"CW","session_dir":"CW","mdir":"FWD","rear":63,"front":70,"env":2150,"lc_mm":63,"last_confirmed_landmark":"Grillers","age_ms":36777,"since":2,"dead_reckoned_mm":65,"candidate_mm":-1,"viable":[],"lostm":0,"lost_ms":0,"agree":284,"disagree":2,"losts":0,"auto":1}
1786551802.540695000 ngr/loco/9950011/state/loopstat {"loop_max_gap_ms":33,"hall_task_max_gap_ms":2,"hall_task_age_ms":1,"baseline":1893,"raw":1893,"delta":0,"queue_drops":0,"floor_rejects":8,"queue_high_water":0,"mqtt_connect_ms":185,"mqtt_attempts":1,"pub_drops":0,"pub_queue_hw":1,"cmd_drops":0,"pub_per_s":1,"marker_pub_drops":0,"marker_pub_hw":0,"nav":"NORMAL","mm":65,"miss_streak":2,"pwm":50,"lost_markers":0,"lost_ms":0,"motor_dir":"FWD"}
1786551803.060769000 ngr/loco/9950011/telem/voltage 16.44
1786551803.089193000 ngr/loco/9950011/telem/current 0.29
1786551803.089433000 ngr/loco/9950011/telem/power 5.61
1786551803.380267000 ngr/loco/9950011/alert {"level":"CLEAR","reason":"STATUS","loco":"9950011","uptime_ms":720394,"nav":"NORMAL","moving":1,"pwm":56,"est_mm_s":461,"dir":"CW","session_dir":"CW","mdir":"FWD","rear":63,"front":70,"env":2150,"lc_mm":63,"last_confirmed_landmark":"Grillers","age_ms":37777,"since":2,"dead_reckoned_mm":65,"candidate_mm":-1,"viable":[],"lostm":0,"lost_ms":0,"agree":284,"disagree":2,"losts":0,"auto":1}
1786551803.533864000 ngr/loco/9950011/state/loopstat {"loop_max_gap_ms":34,"hall_task_max_gap_ms":2,"hall_task_age_ms":1,"baseline":1893,"raw":1894,"delta":1,"queue_drops":0,"floor_rejects":8,"queue_high_water":0,"mqtt_connect_ms":185,"mqtt_attempts":1,"pub_drops":0,"pub_queue_hw":3,"cmd_drops":0,"pub_per_s":4,"marker_pub_drops":0,"marker_pub_hw":0,"nav":"NORMAL","mm":65,"miss_streak":2,"pwm":57,"lost_markers":0,"lost_ms":0,"motor_dir":"FWD"}
1786551804.376853000 ngr/loco/9950011/alert {"level":"CLEAR","reason":"STATUS","loco":"9950011","uptime_ms":721394,"nav":"NORMAL","moving":1,"pwm":62,"est_mm_s":461,"dir":"CW","session_dir":"CW","mdir":"FWD","rear":63,"front":70,"env":2150,"lc_mm":63,"last_confirmed_landmark":"Grillers","age_ms":38777,"since":2,"dead_reckoned_mm":65,"candidate_mm":-1,"viable":[],"lostm":0,"lost_ms":0,"agree":284,"disagree":2,"losts":0,"auto":1}
1786551804.539267000 ngr/loco/9950011/state/loopstat {"loop_max_gap_ms":33,"hall_task_max_gap_ms":2,"hall_task_age_ms":1,"baseline":1893,"raw":1839,"delta":-54,"queue_drops":0,"floor_rejects":8,"queue_high_water":0,"mqtt_connect_ms":185,"mqtt_attempts":1,"pub_drops":0,"pub_queue_hw":1,"cmd_drops":0,"pub_per_s":1,"marker_pub_drops":0,"marker_pub_hw":0,"nav":"NORMAL","mm":65,"miss_streak":2,"pwm":63,"lost_markers":0,"lost_ms":0,"motor_dir":"FWD"}
1786551804.973651000 ngr/loco/9950011/state/nav {"event":"DISAGREE","state":"NORMAL","nav_state":"NORMAL","mm":66,"landmark":"","dir":"CW","miss_streak":2,"obs":"S","expected":"N","peak":134,"ms":470,"drift":0,"dt":35998,"agree":284,"disagree":3,"lost":0,"scores":[0,0,0,0,0,0],"excluded":[false,false,false,false,false,false],"leader":null,"runner_up":null,"margin":0,"motor_dir":"FWD"}
1786551805.009248000 ngr/loco/9950011/state/nav {"event":"QUORUM_OPEN","state":"EVALUATING","mm":66,"streak":3,"scores":[0,0,0,0,0,0],"excluded":[false,false,false,false,false,false],"leader":null,"runner_up":null,"margin":0,"eval":0,"viable":[]}
1786551805.079173000 ngr/loco/9950011/state/nav {"event":"QUORUM_TIED","state":"EVALUATING","mm":66,"streak":3,"scores":[2,0,2,3,1,1],"excluded":[false,false,false,false,false,false],"leader":2,"runner_up":-1,"margin":1,"eval":3,"viable":[-1,1,2]}
1786551805.079336000 ngr/loco/9950011/mm/marker {"mm":66,"landmark":"","obs":"S","peak":134,"ms":470,"drift":0,"dt":35998,"timing_gate":"RAMP","dt_expected":0,"dt_conserve_ratio":-1.00,"pwm":63,"v":16.44}
1786551805.079390000 ngr/loco/9950011/state/station {"event":"DEPARTURE_COMPLETE","phase":5,"station":"Grillers","offset":3,"commanded_pwm":120,"actual_pwm":66,"note":"CLEARED_ZONE"}
1786551805.127996000 ngr/loco/9950011/state/station {"event":"RESET","phase":0,"station":"NONE","offset":999,"commanded_pwm":120,"actual_pwm":66,"note":"DEPARTED"}
1786551805.384359000 ngr/loco/9950011/alert {"level":"EVALUATING","reason":"STATUS","loco":"9950011","uptime_ms":722394,"nav":"EVALUATING","moving":1,"pwm":69,"est_mm_s":8,"dir":"CW","session_dir":"CW","mdir":"FWD","rear":63,"front":71,"env":2445,"lc_mm":63,"last_confirmed_landmark":"Grillers","age_ms":39777,"since":3,"dead_reckoned_mm":66,"candidate_mm":68,"viable":[-1,1,2],"lostm":0,"lost_ms":0,"agree":284,"disagree":3,"losts":0,"auto":1}
1786551805.521998000 ngr/loco/9950011/state/start_mm 66
1786551805.547070000 ngr/loco/9950011/state/loopstat {"loop_max_gap_ms":79,"hall_task_max_gap_ms":3,"hall_task_age_ms":1,"baseline":1893,"raw":1901,"delta":8,"queue_drops":0,"floor_rejects":8,"queue_high_water":1,"mqtt_connect_ms":185,"mqtt_attempts":1,"pub_drops":0,"pub_queue_hw":1,"cmd_drops":0,"pub_per_s":8,"marker_pub_drops":0,"marker_pub_hw":1,"nav":"EVALUATING","mm":66,"miss_streak":3,"pwm":70,"lost_markers":0,"lost_ms":0,"motor_dir":"FWD"}
1786551806.383370000 ngr/loco/9950011/alert {"level":"EVALUATING","reason":"STATUS","loco":"9950011","uptime_ms":723394,"nav":"EVALUATING","moving":1,"pwm":75,"est_mm_s":8,"dir":"CW","session_dir":"CW","mdir":"FWD","rear":63,"front":71,"env":2445,"lc_mm":63,"last_confirmed_landmark":"Grillers","age_ms":40777,"since":3,"dead_reckoned_mm":66,"candidate_mm":68,"viable":[-1,1,2],"lostm":0,"lost_ms":0,"agree":284,"disagree":3,"losts":0,"auto":1}
1786551806.535123000 ngr/loco/9950011/state/loopstat {"loop_max_gap_ms":34,"hall_task_max_gap_ms":2,"hall_task_age_ms":1,"baseline":1893,"raw":1894,"delta":1,"queue_drops":0,"floor_rejects":8,"queue_high_water":0,"mqtt_connect_ms":185,"mqtt_attempts":1,"pub_drops":0,"pub_queue_hw":1,"cmd_drops":0,"pub_per_s":1,"marker_pub_drops":0,"marker_pub_hw":0,"nav":"EVALUATING","mm":66,"miss_streak":3,"pwm":76,"lost_markers":0,"lost_ms":0,"motor_dir":"FWD"}
1786551807.393316000 ngr/loco/9950011/alert {"level":"EVALUATING","reason":"STATUS","loco":"9950011","uptime_ms":724394,"nav":"EVALUATING","moving":1,"pwm":82,"est_mm_s":8,"dir":"CW","session_dir":"CW","mdir":"FWD","rear":63,"front":71,"env":2445,"lc_mm":63,"last_confirmed_landmark":"Grillers","age_ms":41777,"since":3,"dead_reckoned_mm":66,"candidate_mm":68,"viable":[-1,1,2],"lostm":0,"lost_ms":0,"agree":284,"disagree":3,"losts":0,"auto":1}
1786551807.533664000 ngr/loco/9950011/state/loopstat {"loop_max_gap_ms":34,"hall_task_max_gap_ms":2,"hall_task_age_ms":1,"baseline":1893,"raw":1925,"delta":32,"queue_drops":0,"floor_rejects":8,"queue_high_water":0,"mqtt_connect_ms":185,"mqtt_attempts":1,"pub_drops":0,"pub_queue_hw":1,"cmd_drops":0,"pub_per_s":1,"marker_pub_drops":0,"marker_pub_hw":0,"nav":"EVALUATING","mm":66,"miss_streak":3,"pwm":83,"lost_markers":0,"lost_ms":0,"motor_dir":"FWD"}
1786551807.932519000 ngr/loco/9950011/state/nav {"event":"QUORUM_TIED","state":"EVALUATING","mm":67,"streak":3,"scores":[3,0,2,4,1,2],"excluded":[false,false,false,false,false,false],"leader":2,"runner_up":-1,"margin":1,"eval":4,"viable":[-1,2]}
1786551807.953571000 ngr/loco/9950011/mm/marker {"mm":67,"landmark":"","obs":"N","peak":152,"ms":380,"drift":0,"dt":3062,"timing_gate":"RAMP","dt_expected":0,"dt_conserve_ratio":-1.00,"pwm":83,"v":16.44}
1786551807.996429000 ngr/loco/9950011/telem/voltage 16.41
1786551808.007060000 ngr/loco/9950011/telem/current 0.37
1786551808.007135000 ngr/loco/9950011/telem/power 6.15
1786551808.119575000 $SYS/broker/uptime 51628 seconds
1786551808.513342000 ngr/loco/9950011/alert {"level":"EVALUATING","reason":"STATUS","loco":"9950011","uptime_ms":725394,"nav":"EVALUATING","moving":1,"pwm":89,"est_mm_s":97,"dir":"CW","session_dir":"CW","mdir":"FWD","rear":63,"front":72,"env":2740,"lc_mm":63,"last_confirmed_landmark":"Grillers","age_ms":42777,"since":4,"dead_reckoned_mm":67,"candidate_mm":69,"viable":[-1,2],"lostm":0,"lost_ms":0,"agree":284,"disagree":3,"losts":0,"auto":1}
1786551808.655488000 ngr/loco/9950011/state/start_mm 67
1786551808.679173000 ngr/loco/9950011/state/loopstat {"loop_max_gap_ms":33,"hall_task_max_gap_ms":2,"hall_task_age_ms":1,"baseline":1893,"raw":1891,"delta":-2,"queue_drops":0,"floor_rejects":8,"queue_high_water":1,"mqtt_connect_ms":185,"mqtt_attempts":1,"pub_drops":0,"pub_queue_hw":3,"cmd_drops":0,"pub_per_s":7,"marker_pub_drops":0,"marker_pub_hw":1,"nav":"EVALUATING","mm":67,"miss_streak":3,"pwm":90,"lost_markers":0,"lost_ms":0,"motor_dir":"FWD"}
1786551809.394764000 ngr/loco/9950011/alert {"level":"EVALUATING","reason":"STATUS","loco":"9950011","uptime_ms":726394,"nav":"EVALUATING","moving":1,"pwm":95,"est_mm_s":97,"dir":"CW","session_dir":"CW","mdir":"FWD","rear":63,"front":72,"env":2740,"lc_mm":63,"last_confirmed_landmark":"Grillers","age_ms":43777,"since":4,"dead_reckoned_mm":67,"candidate_mm":69,"viable":[-1,2],"lostm":0,"lost_ms":0,"agree":284,"disagree":3,"losts":0,"auto":1}
1786551809.539129000 ngr/loco/9950011/state/loopstat {"loop_max_gap_ms":34,"hall_task_max_gap_ms":2,"hall_task_age_ms":1,"baseline":1893,"raw":1968,"delta":75,"queue_drops":0,"floor_rejects":8,"queue_high_water":0,"mqtt_connect_ms":185,"mqtt_attempts":1,"pub_drops":0,"pub_queue_hw":1,"cmd_drops":0,"pub_per_s":1,"marker_pub_drops":0,"marker_pub_hw":0,"nav":"EVALUATING","mm":67,"miss_streak":3,"pwm":96,"lost_markers":0,"lost_ms":0,"motor_dir":"FWD"}
1786551809.710605000 ngr/loco/9950011/state/nav {"event":"QUORUM_TIED","state":"EVALUATING","mm":68,"streak":3,"scores":[3,0,3,4,2,2],"excluded":[false,false,false,false,false,false],"leader":2,"runner_up":-1,"margin":1,"eval":5,"viable":[-1,1,2]}
1786551809.743793000 ngr/loco/9950011/mm/marker {"mm":68,"landmark":"","obs":"N","peak":154,"ms":216,"drift":0,"dt":1955,"timing_gate":"RAMP","dt_expected":0,"dt_conserve_ratio":-1.00,"pwm":96,"v":16.41}
1786551810.383241000 ngr/loco/9950011/alert {"level":"EVALUATING","reason":"STATUS","loco":"9950011","uptime_ms":727394,"nav":"EVALUATING","moving":1,"pwm":102,"est_mm_s":156,"dir":"CW","session_dir":"CW","mdir":"FWD","rear":63,"front":73,"env":3040,"lc_mm":63,"last_confirmed_landmark":"Grillers","age_ms":44777,"since":5,"dead_reckoned_mm":68,"candidate_mm":70,"viable":[-1,1,2],"lostm":0,"lost_ms":0,"agree":284,"disagree":3,"losts":0,"auto":1}
1786551810.520903000 ngr/loco/9950011/state/start_mm 68
1786551810.538297000 ngr/loco/9950011/state/loopstat {"loop_max_gap_ms":34,"hall_task_max_gap_ms":2,"hall_task_age_ms":1,"baseline":1893,"raw":1891,"delta":-2,"queue_drops":0,"floor_rejects":8,"queue_high_water":1,"mqtt_connect_ms":185,"mqtt_attempts":1,"pub_drops":0,"pub_queue_hw":1,"cmd_drops":0,"pub_per_s":4,"marker_pub_drops":0,"marker_pub_hw":1,"nav":"EVALUATING","mm":68,"miss_streak":3,"pwm":103,"lost_markers":0,"lost_ms":0,"motor_dir":"FWD"}
1786551811.150497000 ngr/loco/9950011/state/nav {"event":"QUORUM_TIED","state":"EVALUATING","mm":69,"streak":3,"scores":[4,0,4,4,3,2],"excluded":[false,false,false,false,false,false],"leader":-1,"runner_up":1,"margin":0,"eval":6,"viable":[-1,1,2,3]}
1786551811.173271000 ngr/loco/9950011/mm/marker {"mm":69,"landmark":"","obs":"S","peak":135,"ms":197,"drift":0,"dt":1442,"timing_gate":"RAMP","dt_expected":0,"dt_conserve_ratio":-1.00,"pwm":106,"v":16.41}
1786551811.378641000 ngr/loco/9950011/alert {"level":"EVALUATING","reason":"STATUS","loco":"9950011","uptime_ms":728394,"nav":"EVALUATING","moving":1,"pwm":109,"est_mm_s":208,"dir":"CW","session_dir":"CW","mdir":"FWD","rear":63,"front":74,"env":3340,"lc_mm":63,"last_confirmed_landmark":"Grillers","age_ms":45777,"since":6,"dead_reckoned_mm":69,"candidate_mm":68,"viable":[-1,1,2,3],"lostm":0,"lost_ms":0,"agree":284,"disagree":3,"losts":0,"auto":1}
1786551811.517815000 ngr/loco/9950011/state/start_mm 69
1786551811.542000000 ngr/loco/9950011/state/loopstat {"loop_max_gap_ms":34,"hall_task_max_gap_ms":2,"hall_task_age_ms":1,"baseline":1893,"raw":1892,"delta":-1,"queue_drops":0,"floor_rejects":8,"queue_high_water":1,"mqtt_connect_ms":185,"mqtt_attempts":1,"pub_drops":0,"pub_queue_hw":1,"cmd_drops":0,"pub_per_s":4,"marker_pub_drops":0,"marker_pub_hw":1,"nav":"EVALUATING","mm":69,"miss_streak":3,"pwm":110,"lost_markers":0,"lost_ms":0,"motor_dir":"FWD"}
1786551812.387540000 ngr/loco/9950011/state/nav {"event":"QUORUM_TIED","state":"EVALUATING","mm":70,"streak":3,"scores":[4,1,4,5,3,2],"excluded":[false,false,false,false,false,false],"leader":2,"runner_up":-1,"margin":1,"eval":7,"viable":[-1,1,2]}
1786551812.408850000 ngr/loco/9950011/mm/marker {"mm":70,"landmark":"","obs":"S","peak":153,"ms":162,"drift":0,"dt":1243,"timing_gate":"NO_PREV","dt_expected":0,"dt_conserve_ratio":-1.00,"pwm":114,"v":16.41}
1786551812.418972000 ngr/loco/9950011/alert {"level":"EVALUATING","reason":"STATUS","loco":"9950011","uptime_ms":729394,"nav":"EVALUATING","moving":1,"pwm":115,"est_mm_s":241,"dir":"CW","session_dir":"CW","mdir":"FWD","rear":63,"front":75,"env":3640,"lc_mm":63,"last_confirmed_landmark":"Grillers","age_ms":46777,"since":7,"dead_reckoned_mm":70,"candidate_mm":72,"viable":[-1,1,2],"lostm":0,"lost_ms":0,"agree":284,"disagree":3,"losts":0,"auto":1}
1786551812.542239000 ngr/loco/9950011/state/start_mm 70
1786551812.553952000 ngr/loco/9950011/state/loopstat {"loop_max_gap_ms":34,"hall_task_max_gap_ms":2,"hall_task_age_ms":1,"baseline":1893,"raw":1899,"delta":6,"queue_drops":0,"floor_rejects":9,"queue_high_water":1,"mqtt_connect_ms":185,"mqtt_attempts":1,"pub_drops":0,"pub_queue_hw":1,"cmd_drops":0,"pub_per_s":4,"marker_pub_drops":0,"marker_pub_hw":1,"nav":"EVALUATING","mm":70,"miss_streak":3,"pwm":116,"lost_markers":0,"lost_ms":0,"motor_dir":"FWD"}
1786551813.003277000 ngr/loco/9950011/telem/voltage 16.39
1786551813.029743000 ngr/loco/9950011/telem/current 0.49
1786551813.053870000 ngr/loco/9950011/telem/power 7.70
1786551813.383927000 ngr/loco/9950011/alert {"level":"EVALUATING","reason":"STATUS","loco":"9950011","uptime_ms":730394,"nav":"EVALUATING","moving":1,"pwm":120,"est_mm_s":241,"dir":"CW","session_dir":"CW","mdir":"FWD","rear":63,"front":75,"env":3640,"lc_mm":63,"last_confirmed_landmark":"Grillers","age_ms":47777,"since":7,"dead_reckoned_mm":70,"candidate_mm":72,"viable":[-1,1,2],"lostm":0,"lost_ms":0,"agree":284,"disagree":3,"losts":0,"auto":1}
1786551813.421481000 ngr/loco/9950011/state/nav {"event":"QUORUM_ADOPTED","state":"EVALUATING","mm":73,"streak":3,"scores":[4,2,4,6,4,2],"excluded":[false,false,false,false,false,false],"leader":2,"runner_up":-1,"margin":2,"eval":8,"viable":[2],"old_mm":71,"new_mm":73,"offset":2}
1786551813.432020000 ngr/loco/9950011/mm/marker {"mm":73,"landmark":"","obs":"N","peak":138,"ms":142,"drift":0,"dt":1052,"timing_gate":"ACTIVE","dt_expected":813,"dt_conserve_ratio":2.82,"pwm":120,"v":16.39}
1786551813.529816000 ngr/loco/9950011/state/start_mm 73
1786551813.551103000 ngr/loco/9950011/state/loopstat {"loop_max_gap_ms":34,"hall_task_max_gap_ms":2,"hall_task_age_ms":1,"baseline":1893,"raw":1886,"delta":-7,"queue_drops":0,"floor_rejects":9,"queue_high_water":1,"mqtt_connect_ms":185,"mqtt_attempts":1,"pub_drops":0,"pub_queue_hw":3,"cmd_drops":0,"pub_per_s":7,"marker_pub_drops":0,"marker_pub_hw":1,"nav":"NORMAL","mm":73,"miss_streak":0,"pwm":120,"lost_markers":0,"lost_ms":0,"motor_dir":"FWD"}
1786551814.399893000 ngr/loco/9950011/state/nav {"event":"DISAGREE","state":"NORMAL","nav_state":"NORMAL","mm":74,"landmark":"","dir":"CW","miss_streak":0,"obs":"S","expected":"N","peak":135,"ms":158,"drift":0,"dt":973,"agree":284,"disagree":4,"lost":0,"scores":[0,0,0,0,0,0],"excluded":[false,false,false,false,false,false],"leader":null,"runner_up":null,"margin":0,"motor_dir":"FWD"}
1786551814.424793000 ngr/loco/9950011/mm/marker {"mm":74,"landmark":"","obs":"S","peak":135,"ms":158,"drift":0,"dt":973,"timing_gate":"ACTIVE","dt_expected":813,"dt_conserve_ratio":2.49,"pwm":120,"v":16.39}
1786551814.462529000 ngr/loco/9950011/alert {"level":"CLEAR","reason":"STATUS","loco":"9950011","uptime_ms":731406,"nav":"NORMAL","moving":1,"pwm":120,"est_mm_s":308,"dir":"CW","session_dir":"CW","mdir":"FWD","rear":63,"front":79,"env":4240,"lc_mm":63,"last_confirmed_landmark":"Grillers","age_ms":48789,"since":9,"dead_reckoned_mm":74,"candidate_mm":-1,"viable":[],"lostm":0,"lost_ms":0,"agree":284,"disagree":4,"losts":0,"auto":1}
1786551814.522646000 ngr/loco/9950011/state/start_mm 74
1786551814.545469000 ngr/loco/9950011/state/loopstat {"loop_max_gap_ms":56,"hall_task_max_gap_ms":2,"hall_task_age_ms":1,"baseline":1893,"raw":1898,"delta":5,"queue_drops":0,"floor_rejects":9,"queue_high_water":1,"mqtt_connect_ms":185,"mqtt_attempts":1,"pub_drops":0,"pub_queue_hw":1,"cmd_drops":0,"pub_per_s":4,"marker_pub_drops":0,"marker_pub_hw":1,"nav":"NORMAL","mm":74,"miss_streak":0,"pwm":120,"lost_markers":0,"lost_ms":0,"motor_dir":"FWD"}
1786551815.376967000 ngr/loco/9950011/state/nav {"event":"DISAGREE","state":"NORMAL","nav_state":"NORMAL","mm":75,"landmark":"","dir":"CW","miss_streak":0,"obs":"N","expected":"S","peak":109,"ms":146,"drift":0,"dt":993,"agree":284,"disagree":5,"lost":0,"scores":[0,0,0,0,0,0],"excluded":[false,false,false,false,false,false],"leader":null,"runner_up":null,"margin":0,"motor_dir":"FWD"}
1786551815.397298000 ngr/loco/9950011/mm/marker {"mm":75,"landmark":"","obs":"N","peak":109,"ms":146,"drift":0,"dt":993,"timing_gate":"ACTIVE","dt_expected":813,"dt_conserve_ratio":2.42,"pwm":120,"v":16.39}
1786551815.417813000 ngr/loco/9950011/alert {"level":"CLEAR","reason":"STATUS","loco":"9950011","uptime_ms":732406,"nav":"NORMAL","moving":1,"pwm":120,"est_mm_s":302,"dir":"CW","session_dir":"CW","mdir":"FWD","rear":63,"front":80,"env":4540,"lc_mm":63,"last_confirmed_landmark":"Grillers","age_ms":49789,"since":10,"dead_reckoned_mm":75,"candidate_mm":-1,"viable":[],"lostm":0,"lost_ms":0,"agree":284,"disagree":5,"losts":0,"auto":1}
1786551815.529887000 ngr/loco/9950011/state/start_mm 75
1786551815.551260000 ngr/loco/9950011/state/loopstat {"loop_max_gap_ms":34,"hall_task_max_gap_ms":2,"hall_task_age_ms":1,"baseline":1893,"raw":1882,"delta":-11,"queue_drops":0,"floor_rejects":9,"queue_high_water":1,"mqtt_connect_ms":185,"mqtt_attempts":1,"pub_drops":0,"pub_queue_hw":1,"cmd_drops":0,"pub_per_s":4,"marker_pub_drops":0,"marker_pub_hw":1,"nav":"NORMAL","mm":75,"miss_streak":0,"pwm":120,"lost_markers":0,"lost_ms":0,"motor_dir":"FWD"}
1786551816.300819000 ngr/loco/9950011/state/nav {"event":"DISAGREE","state":"NORMAL","nav_state":"NORMAL","mm":76,"landmark":"","dir":"CW","miss_streak":0,"obs":"S","expected":"N","peak":138,"ms":139,"drift":0,"dt":959,"agree":284,"disagree":6,"lost":0,"scores":[0,0,0,0,0,0],"excluded":[false,false,false,false,false,false],"leader":null,"runner_up":null,"margin":0,"motor_dir":"FWD"}
1786551816.335184000 ngr/loco/9950011/state/nav {"event":"QUORUM_REOPENED","state":"EVALUATING","mm":74,"streak":0,"scores":[0,2,2,null,2,1],"excluded":[false,false,false,true,false,false],"leader":0,"runner_up":1,"margin":0,"eval":3,"viable":[0,1,3,4],"removed_offset":2,"rebased_mm":74}
1786551816.348786000 ngr/loco/9950011/state/nav {"event":"QUORUM_TIED","state":"EVALUATING","mm":74,"streak":0,"scores":[0,2,2,null,2,1],"excluded":[false,false,false,true,false,false],"leader":0,"runner_up":1,"margin":0,"eval":3,"viable":[0,1,3,4]}
1786551816.363830000 ngr/loco/9950011/mm/marker {"mm":74,"landmark":"","obs":"S","peak":138,"ms":139,"drift":0,"dt":959,"timing_gate":"ACTIVE","dt_expected":813,"dt_conserve_ratio":2.40,"pwm":120,"v":16.39}
1786551816.385048000 ngr/loco/9950011/alert {"level":"EVALUATING","reason":"STATUS","loco":"9950011","uptime_ms":733406,"nav":"EVALUATING","moving":1,"pwm":120,"est_mm_s":312,"dir":"CW","session_dir":"CW","mdir":"FWD","rear":63,"front":79,"env":4840,"lc_mm":63,"last_confirmed_landmark":"Grillers","age_ms":50789,"since":11,"dead_reckoned_mm":74,"candidate_mm":74,"viable":[0,1,3,4],"lostm":0,"lost_ms":0,"agree":284,"disagree":6,"losts":0,"auto":1}
1786551816.516056000 ngr/loco/9950011/state/start_mm 74
1786551816.538490000 ngr/loco/9950011/state/loopstat {"loop_max_gap_ms":67,"hall_task_max_gap_ms":3,"hall_task_age_ms":2,"baseline":1893,"raw":1892,"delta":-1,"queue_drops":0,"floor_rejects":9,"queue_high_water":1,"mqtt_connect_ms":185,"mqtt_attempts":1,"pub_drops":0,"pub_queue_hw":1,"cmd_drops":0,"pub_per_s":6,"marker_pub_drops":0,"marker_pub_hw":1,"nav":"EVALUATING","mm":74,"miss_streak":0,"pwm":120,"lost_markers":0,"lost_ms":0,"motor_dir":"FWD"}
1786551817.298247000 ngr/loco/9950011/state/nav {"event":"QUORUM_TIED","state":"EVALUATING","mm":75,"streak":0,"scores":[1,2,3,null,3,1],"excluded":[false,false,false,true,false,false],"leader":1,"runner_up":3,"margin":0,"eval":4,"viable":[0,1,3]}
1786551817.316773000 ngr/loco/9950011/mm/marker {"mm":75,"landmark":"","obs":"N","peak":137,"ms":141,"drift":0,"dt":992,"timing_gate":"ACTIVE","dt_expected":813,"dt_conserve_ratio":2.40,"pwm":120,"v":16.39}
1786551817.391289000 ngr/loco/9950011/alert {"level":"EVALUATING","reason":"STATUS","loco":"9950011","uptime_ms":734406,"nav":"EVALUATING","moving":1,"pwm":120,"est_mm_s":302,"dir":"CW","session_dir":"CW","mdir":"FWD","rear":63,"front":80,"env":5145,"lc_mm":63,"last_confirmed_landmark":"Grillers","age_ms":51789,"since":12,"dead_reckoned_mm":75,"candidate_mm":76,"viable":[0,1,3],"lostm":0,"lost_ms":0,"agree":284,"disagree":6,"losts":0,"auto":1}
1786551817.519350000 ngr/loco/9950011/state/start_mm 75
1786551817.539338000 ngr/loco/9950011/state/loopstat {"loop_max_gap_ms":33,"hall_task_max_gap_ms":3,"hall_task_age_ms":1,"baseline":1893,"raw":1892,"delta":-1,"queue_drops":0,"floor_rejects":9,"queue_high_water":1,"mqtt_connect_ms":185,"mqtt_attempts":1,"pub_drops":0,"pub_queue_hw":1,"cmd_drops":0,"pub_per_s":4,"marker_pub_drops":0,"marker_pub_hw":1,"nav":"EVALUATING","mm":75,"miss_streak":0,"pwm":120,"lost_markers":0,"lost_ms":0,"motor_dir":"FWD"}
1786551818.013015000 ngr/loco/9950011/telem/voltage 16.38
1786551818.086936000 ngr/loco/9950011/telem/current 0.48
1786551818.087057000 ngr/loco/9950011/telem/power 7.80
1786551818.311251000 ngr/loco/9950011/state/nav {"event":"QUORUM_TIED","state":"EVALUATING","mm":76,"streak":0,"scores":[1,3,4,null,3,2],"excluded":[false,false,false,true,false,false],"leader":1,"runner_up":0,"margin":1,"eval":5,"viable":[0,1,3]}
1786551818.331908000 ngr/loco/9950011/mm/marker {"mm":76,"landmark":"","obs":"N","peak":138,"ms":148,"drift":0,"dt":1009,"timing_gate":"ACTIVE","dt_expected":813,"dt_conserve_ratio":2.46,"pwm":120,"v":16.38}
1786551818.414120000 ngr/loco/9950011/alert {"level":"EVALUATING","reason":"STATUS","loco":"9950011","uptime_ms":735406,"nav":"EVALUATING","moving":1,"pwm":120,"est_mm_s":297,"dir":"CW","session_dir":"CW","mdir":"FWD","rear":63,"front":81,"env":5445,"lc_mm":63,"last_confirmed_landmark":"Grillers","age_ms":52789,"since":13,"dead_reckoned_mm":76,"candidate_mm":77,"viable":[0,1,3],"lostm":0,"lost_ms":0,"agree":284,"disagree":6,"losts":0,"auto":1}
1786551818.535581000 ngr/loco/9950011/state/start_mm 76
1786551818.554268000 ngr/loco/9950011/state/loopstat {"loop_max_gap_ms":33,"hall_task_max_gap_ms":3,"hall_task_age_ms":1,"baseline":1893,"raw":1890,"delta":-3,"queue_drops":0,"floor_rejects":9,"queue_high_water":1,"mqtt_connect_ms":185,"mqtt_attempts":1,"pub_drops":0,"pub_queue_hw":3,"cmd_drops":0,"pub_per_s":7,"marker_pub_drops":0,"marker_pub_hw":1,"nav":"EVALUATING","mm":76,"miss_streak":0,"pwm":120,"lost_markers":0,"lost_ms":0,"motor_dir":"FWD"}
1786551819.044928000 $SYS/broker/uptime 51639 seconds
1786551819.397120000 ngr/loco/9950011/alert {"level":"EVALUATING","reason":"STATUS","loco":"9950011","uptime_ms":736406,"nav":"EVALUATING","moving":1,"pwm":120,"est_mm_s":297,"dir":"CW","session_dir":"CW","mdir":"FWD","rear":63,"front":81,"env":5445,"lc_mm":63,"last_confirmed_landmark":"Grillers","age_ms":53789,"since":13,"dead_reckoned_mm":76,"candidate_mm":77,"viable":[0,1,3],"lostm":0,"lost_ms":0,"agree":284,"disagree":6,"losts":0,"auto":1}
1786551819.418865000 ngr/loco/9950011/state/nav {"event":"QUORUM_TIED","state":"EVALUATING","mm":77,"streak":0,"scores":[1,3,4,null,3,2],"excluded":[false,false,false,true,false,false],"leader":1,"runner_up":0,"margin":1,"eval":6,"viable":[0,1,3]}
1786551819.444154000 ngr/loco/9950011/mm/marker {"mm":77,"landmark":"","obs":"S","peak":145,"ms":187,"drift":0,"dt":1073,"timing_gate":"ACTIVE","dt_expected":813,"dt_conserve_ratio":2.56,"pwm":120,"v":16.38}
1786551819.527856000 ngr/loco/9950011/state/start_mm 77
1786551819.547445000 ngr/loco/9950011/state/loopstat {"loop_max_gap_ms":34,"hall_task_max_gap_ms":2,"hall_task_age_ms":1,"baseline":1893,"raw":1902,"delta":9,"queue_drops":0,"floor_rejects":9,"queue_high_water":1,"mqtt_connect_ms":185,"mqtt_attempts":1,"pub_drops":0,"pub_queue_hw":1,"cmd_drops":0,"pub_per_s":4,"marker_pub_drops":0,"marker_pub_hw":1,"nav":"EVALUATING","mm":77,"miss_streak":0,"pwm":120,"lost_markers":0,"lost_ms":0,"motor_dir":"FWD"}
1786551820.412918000 ngr/loco/9950011/alert {"level":"EVALUATING","reason":"STATUS","loco":"9950011","uptime_ms":737406,"nav":"EVALUATING","moving":1,"pwm":120,"est_mm_s":279,"dir":"CW","session_dir":"CW","mdir":"FWD","rear":63,"front":82,"env":5745,"lc_mm":63,"last_confirmed_landmark":"Grillers","age_ms":54789,"since":14,"dead_reckoned_mm":77,"candidate_mm":78,"viable":[0,1,3],"lostm":0,"lost_ms":0,"agree":284,"disagree":6,"losts":0,"auto":1}
1786551820.540325000 ngr/loco/9950011/state/nav {"event":"QUORUM_TIED","state":"EVALUATING","mm":78,"streak":0,"scores":[2,4,4,null,4,3],"excluded":[false,false,false,true,false,false],"leader":0,"runner_up":1,"margin":0,"eval":7,"viable":[0,1,3,4]}
1786551820.575188000 ngr/loco/9950011/mm/marker {"mm":78,"landmark":"","obs":"N","peak":133,"ms":152,"drift":0,"dt":1138,"timing_gate":"ACTIVE","dt_expected":813,"dt_conserve_ratio":2.72,"pwm":120,"v":16.38}
1786551820.594503000 ngr/loco/9950011/state/loopstat {"loop_max_gap_ms":34,"hall_task_max_gap_ms":2,"hall_task_age_ms":1,"baseline":1893,"raw":1880,"delta":-13,"queue_drops":0,"floor_rejects":9,"queue_high_water":1,"mqtt_connect_ms":185,"mqtt_attempts":1,"pub_drops":0,"pub_queue_hw":1,"cmd_drops":0,"pub_per_s":3,"marker_pub_drops":0,"marker_pub_hw":1,"nav":"EVALUATING","mm":78,"miss_streak":0,"pwm":120,"lost_markers":0,"lost_ms":0,"motor_dir":"FWD"}
1786551821.449223000 ngr/loco/9950011/alert {"level":"EVALUATING","reason":"STATUS","loco":"9950011","uptime_ms":738406,"nav":"EVALUATING","moving":1,"pwm":120,"est_mm_s":263,"dir":"CW","session_dir":"CW","mdir":"FWD","rear":63,"front":83,"env":6050,"lc_mm":63,"last_confirmed_landmark":"Grillers","age_ms":55789,"since":15,"dead_reckoned_mm":78,"candidate_mm":78,"viable":[0,1,3,4],"lostm":0,"lost_ms":0,"agree":284,"disagree":6,"losts":0,"auto":1}
1786551821.556873000 ngr/loco/9950011/state/start_mm 78
1786551821.606666000 ngr/loco/9950011/state/loopstat {"loop_max_gap_ms":34,"hall_task_max_gap_ms":2,"hall_task_age_ms":1,"baseline":1893,"raw":1954,"delta":61,"queue_drops":0,"floor_rejects":9,"queue_high_water":0,"mqtt_connect_ms":185,"mqtt_attempts":1,"pub_drops":0,"pub_queue_hw":1,"cmd_drops":0,"pub_per_s":2,"marker_pub_drops":0,"marker_pub_hw":0,"nav":"EVALUATING","mm":78,"miss_streak":0,"pwm":120,"lost_markers":0,"lost_ms":0,"motor_dir":"FWD"}
1786551821.676831000 ngr/loco/9950011/state/nav {"event":"QUORUM_TIED","state":"EVALUATING","mm":79,"streak":0,"scores":[3,4,5,null,5,4],"excluded":[false,false,false,true,false,false],"leader":1,"runner_up":3,"margin":0,"eval":8,"viable":[0,1,3,4]}
1786551821.727126000 ngr/loco/9950011/mm/marker {"mm":79,"landmark":"","obs":"N","peak":134,"ms":183,"drift":0,"dt":1030,"timing_gate":"ACTIVE","dt_expected":813,"dt_conserve_ratio":2.67,"pwm":120,"v":16.38}
1786551822.459849000 ngr/loco/9950011/alert {"level":"EVALUATING","reason":"STATUS","loco":"9950011","uptime_ms":739406,"nav":"EVALUATING","moving":1,"pwm":120,"est_mm_s":291,"dir":"CW","session_dir":"CW","mdir":"FWD","rear":63,"front":84,"env":6350,"lc_mm":63,"last_confirmed_landmark":"Grillers","age_ms":56789,"since":16,"dead_reckoned_mm":79,"candidate_mm":80,"viable":[0,1,3,4],"lostm":0,"lost_ms":0,"agree":284,"disagree":6,"losts":0,"auto":1}
1786551822.624331000 ngr/loco/9950011/state/start_mm 79
1786551822.869346000 ngr/loco/9950011/state/loopstat {"loop_max_gap_ms":34,"hall_task_max_gap_ms":2,"hall_task_age_ms":1,"baseline":1893,"raw":2031,"delta":138,"queue_drops":0,"floor_rejects":9,"queue_high_water":1,"mqtt_connect_ms":185,"mqtt_attempts":1,"pub_drops":0,"pub_queue_hw":1,"cmd_drops":0,"pub_per_s":4,"marker_pub_drops":0,"marker_pub_hw":1,"nav":"EVALUATING","mm":79,"miss_streak":0,"pwm":120,"lost_markers":0,"lost_ms":0,"motor_dir":"FWD"}
1786551822.869495000 ngr/loco/9950011/state/nav {"event":"QUORUM_TIED","state":"EVALUATING","mm":80,"streak":0,"scores":[3,5,6,null,6,4],"excluded":[false,false,false,true,false,false],"leader":1,"runner_up":3,"margin":0,"eval":9,"viable":[0,1,3]}
1786551822.869521000 ngr/loco/9950011/mm/marker {"mm":80,"landmark":"","obs":"N","peak":153,"ms":144,"drift":0,"dt":1053,"timing_gate":"ACTIVE","dt_expected":813,"dt_conserve_ratio":2.56,"pwm":120,"v":16.38}
1786551823.933732000 ngr/loco/9950011/telem/voltage 16.39
1786551823.934377000 ngr/loco/9950011/telem/current 0.54
1786551823.934412000 ngr/loco/9950011/telem/power 7.86
1786551823.934440000 ngr/loco/9950011/alert {"level":"EVALUATING","reason":"STATUS","loco":"9950011","uptime_ms":740406,"nav":"EVALUATING","moving":1,"pwm":120,"est_mm_s":289,"dir":"CW","session_dir":"CW","mdir":"FWD","rear":63,"front":85,"env":6650,"lc_mm":63,"last_confirmed_landmark":"Grillers","age_ms":57789,"since":17,"dead_reckoned_mm":80,"candidate_mm":81,"viable":[0,1,3],"lostm":0,"lost_ms":0,"agree":284,"disagree":6,"losts":0,"auto":1}
1786551823.934466000 ngr/loco/9950011/state/start_mm 80
1786551823.934492000 ngr/loco/9950011/state/loopstat {"loop_max_gap_ms":34,"hall_task_max_gap_ms":2,"hall_task_age_ms":1,"baseline":1893,"raw":1727,"delta":-166,"queue_drops":0,"floor_rejects":9,"queue_high_water":1,"mqtt_connect_ms":185,"mqtt_attempts":1,"pub_drops":0,"pub_queue_hw":3,"cmd_drops":0,"pub_per_s":7,"marker_pub_drops":0,"marker_pub_hw":1,"nav":"EVALUATING","mm":80,"miss_streak":0,"pwm":120,"lost_markers":0,"lost_ms":0,"motor_dir":"FWD"}
1786551823.935154000 ngr/loco/9950011/state/nav {"event":"QUORUM_TIED","state":"EVALUATING","mm":81,"streak":0,"scores":[3,5,6,null,7,5],"excluded":[false,false,false,true,false,false],"leader":3,"runner_up":1,"margin":1,"eval":10,"viable":[1,3]}
1786551823.935254000 ngr/loco/9950011/mm/marker {"mm":81,"landmark":"","obs":"S","peak":190,"ms":160,"drift":0,"dt":985,"timing_gate":"ACTIVE","dt_expected":827,"dt_conserve_ratio":2.46,"pwm":120,"v":16.39}
1786551824.391752000 ngr/loco/9950011/alert {"level":"EVALUATING","reason":"STATUS","loco":"9950011","uptime_ms":741406,"nav":"EVALUATING","moving":1,"pwm":90,"est_mm_s":304,"dir":"CW","session_dir":"CW","mdir":"FWD","rear":63,"front":86,"env":6980,"lc_mm":63,"last_confirmed_landmark":"Grillers","age_ms":58789,"since":18,"dead_reckoned_mm":81,"candidate_mm":84,"viable":[1,3],"lostm":0,"lost_ms":0,"agree":284,"disagree":6,"losts":0,"auto":1}
1786551824.529002000 ngr/loco/9950011/state/throttle 90
1786551824.546174000 ngr/loco/9950011/state/start_mm 81
1786551824.559970000 ngr/loco/9950011/state/loopstat {"loop_max_gap_ms":34,"hall_task_max_gap_ms":2,"hall_task_age_ms":1,"baseline":1893,"raw":1888,"delta":-5,"queue_drops":0,"floor_rejects":9,"queue_high_water":1,"mqtt_connect_ms":185,"mqtt_attempts":1,"pub_drops":0,"pub_queue_hw":2,"cmd_drops":0,"pub_per_s":5,"marker_pub_drops":0,"marker_pub_hw":1,"nav":"EVALUATING","mm":81,"miss_streak":0,"pwm":90,"lost_markers":0,"lost_ms":0,"motor_dir":"FWD"}
1786551824.926301000 ngr/loco/9950011/state/nav {"event":"QUORUM_TIED","state":"EVALUATING","mm":82,"streak":0,"scores":[4,6,7,null,7,5],"excluded":[false,false,false,true,false,false],"leader":1,"runner_up":3,"margin":0,"eval":11,"viable":[0,1,3]}
1786551824.958943000 ngr/loco/9950011/mm/marker {"mm":82,"landmark":"","obs":"N","peak":171,"ms":240,"drift":0,"dt":1242,"timing_gate":"ACTIVE","dt_expected":1191,"dt_conserve_ratio":1.87,"pwm":90,"v":16.39}
1786551825.407498000 ngr/loco/9950011/alert {"level":"EVALUATING","reason":"STATUS","loco":"9950011","uptime_ms":742406,"nav":"EVALUATING","moving":1,"pwm":90,"est_mm_s":241,"dir":"CW","session_dir":"CW","mdir":"FWD","rear":63,"front":87,"env":7280,"lc_mm":63,"last_confirmed_landmark":"Grillers","age_ms":59789,"since":19,"dead_reckoned_mm":82,"candidate_mm":83,"viable":[0,1,3],"lostm":0,"lost_ms":0,"agree":284,"disagree":6,"losts":0,"auto":1}
1786551825.524900000 ngr/loco/9950011/state/start_mm 82
1786551825.556061000 ngr/loco/9950011/state/loopstat {"loop_max_gap_ms":34,"hall_task_max_gap_ms":3,"hall_task_age_ms":1,"baseline":1893,"raw":1887,"delta":-6,"queue_drops":0,"floor_rejects":9,"queue_high_water":1,"mqtt_connect_ms":185,"mqtt_attempts":1,"pub_drops":0,"pub_queue_hw":1,"cmd_drops":0,"pub_per_s":4,"marker_pub_drops":0,"marker_pub_hw":1,"nav":"EVALUATING","mm":82,"miss_streak":0,"pwm":90,"lost_markers":0,"lost_ms":0,"motor_dir":"FWD"}
1786551826.391017000 ngr/loco/9950011/alert {"level":"EVALUATING","reason":"STATUS","loco":"9950011","uptime_ms":743406,"nav":"EVALUATING","moving":1,"pwm":90,"est_mm_s":241,"dir":"CW","session_dir":"CW","mdir":"FWD","rear":63,"front":87,"env":7280,"lc_mm":63,"last_confirmed_landmark":"Grillers","age_ms":60789,"since":19,"dead_reckoned_mm":82,"candidate_mm":83,"viable":[0,1,3],"lostm":0,"lost_ms":0,"agree":284,"disagree":6,"losts":0,"auto":1}
1786551826.442009000 ngr/loco/9950011/mm/no_quorum {"e":"NO_QUORUM","mm":83,"lm":"Grillers","since":20,"dir":"CW","sc":[5,7,7,null,7,6],"ex":[0,0,0,1,0,0],"ld":0,"ru":1,"mg":0,"ev":12,"adv":81,"advw":12,"advr":5,"advn":12,"ring":[["S",72],["N",73],["S",74],["N",75],["N",76],["S",77],["N",78],["N",79],["N",80],["S",81],["N",82],["N",83]]}
1786551826.463254000 ngr/loco/9950011/alert {"level":"NO_QUORUM","reason":"HARD_BOUND","loco":"9950011","uptime_ms":743451,"nav":"NO_QUORUM","moving":1,"pwm":90,"est_mm_s":198,"dir":"CW","session_dir":"CW","mdir":"FWD","rear":63,"front":88,"env":7580,"lc_mm":63,"last_confirmed_landmark":"Grillers","age_ms":60834,"since":20,"dead_reckoned_mm":83,"candidate_mm":83,"viable":[0,1,3,4],"lostm":0,"lost_ms":1,"agree":284,"disagree":6,"losts":1,"auto":1}
1786551826.477266000 ngr/loco/9950011/state/nav {"event":"NO_QUORUM","state":"NO_QUORUM","mm":83,"streak":0,"scores":[5,7,7,null,7,6],"excluded":[false,false,false,true,false,false],"leader":0,"runner_up":1,"margin":0,"eval":12,"viable":[0,1,3,4],"reason":"HARD_BOUND"}
1786551826.490759000 ngr/loco/9950011/mm/marker {"mm":83,"landmark":"","obs":"N","peak":177,"ms":216,"drift":0,"dt":1535,"timing_gate":"ACTIVE","dt_expected":1191,"dt_conserve_ratio":2.33,"pwm":90,"v":16.39}
1786551826.515921000 ngr/loco/9950011/state/throttle 0
1786551826.535523000 ngr/loco/9950011/state/start_mm 83
1786551826.535777000 ngr/loco/9950011/state/nav_ready 0
1786551826.549111000 ngr/loco/9950011/state/loopstat {"loop_max_gap_ms":57,"hall_task_max_gap_ms":2,"hall_task_age_ms":1,"baseline":1893,"raw":1870,"delta":-23,"queue_drops":0,"floor_rejects":9,"queue_high_water":1,"mqtt_connect_ms":185,"mqtt_attempts":1,"pub_drops":0,"pub_queue_hw":3,"cmd_drops":0,"pub_per_s":7,"marker_pub_drops":0,"marker_pub_hw":1,"nav":"NO_QUORUM","mm":83,"miss_streak":0,"pwm":90,"lost_markers":0,"lost_ms":103,"motor_dir":"FWD"}
1786551826.566035000 ngr/loco/9950011/mm/marker {"mm":84,"landmark":"","obs":"S","peak":42,"ms":67,"drift":0,"dt":263,"timing_gate":"RAMP","dt_expected":0,"dt_conserve_ratio":-1.00,"pwm":90,"v":16.39}
1786551827.442822000 ngr/loco/9950011/alert {"level":"NO_QUORUM","reason":"STATUS","loco":"9950011","uptime_ms":744451,"nav":"NO_QUORUM","moving":1,"pwm":84,"est_mm_s":1140,"dir":"CW","session_dir":"CW","mdir":"FWD","rear":63,"front":89,"env":7885,"lc_mm":63,"last_confirmed_landmark":"Grillers","age_ms":61834,"since":21,"dead_reckoned_mm":84,"candidate_mm":84,"viable":[0,1,3,4],"lostm":1,"lost_ms":1001,"agree":284,"disagree":6,"losts":1,"auto":1}
1786551827.528222000 ngr/loco/9950011/state/start_mm 84
1786551827.550950000 ngr/loco/9950011/state/loopstat {"loop_max_gap_ms":34,"hall_task_max_gap_ms":3,"hall_task_age_ms":1,"baseline":1893,"raw":1891,"delta":-2,"queue_drops":0,"floor_rejects":9,"queue_high_water":1,"mqtt_connect_ms":185,"mqtt_attempts":1,"pub_drops":0,"pub_queue_hw":1,"cmd_drops":0,"pub_per_s":3,"marker_pub_drops":0,"marker_pub_hw":1,"nav":"NO_QUORUM","mm":84,"miss_streak":0,"pwm":83,"lost_markers":1,"lost_ms":1103,"motor_dir":"FWD"}
1786551828.020817000 ngr/loco/9950011/telem/voltage 16.43
1786551828.045419000 ngr/loco/9950011/telem/current 0.38
1786551828.045650000 ngr/loco/9950011/telem/power 5.06
1786551828.073162000 ngr/loco/9950011/mm/marker {"mm":85,"landmark":"","obs":"N","peak":171,"ms":253,"drift":0,"dt":1281,"timing_gate":"RAMP","dt_expected":0,"dt_conserve_ratio":-1.00,"pwm":82,"v":16.43}
1786551828.438227000 ngr/loco/9950011/alert {"level":"NO_QUORUM","reason":"STATUS","loco":"9950011","uptime_ms":745451,"nav":"NO_QUORUM","moving":1,"pwm":77,"est_mm_s":234,"dir":"CW","session_dir":"CW","mdir":"FWD","rear":63,"front":90,"env":8185,"lc_mm":63,"last_confirmed_landmark":"Grillers","age_ms":62834,"since":22,"dead_reckoned_mm":85,"candidate_mm":85,"viable":[0,1,3,4],"lostm":2,"lost_ms":2001,"agree":284,"disagree":6,"losts":1,"auto":1}
1786551828.541868000 ngr/loco/9950011/state/start_mm 85
1786551828.554802000 ngr/loco/9950011/state/loopstat {"loop_max_gap_ms":33,"hall_task_max_gap_ms":2,"hall_task_age_ms":1,"baseline":1893,"raw":1889,"delta":-4,"queue_drops":0,"floor_rejects":9,"queue_high_water":1,"mqtt_connect_ms":185,"mqtt_attempts":1,"pub_drops":0,"pub_queue_hw":3,"cmd_drops":0,"pub_per_s":6,"marker_pub_drops":0,"marker_pub_hw":1,"nav":"NO_QUORUM","mm":85,"miss_streak":0,"pwm":76,"lost_markers":2,"lost_ms":2103,"motor_dir":"FWD"}
1786551829.443505000 ngr/loco/9950011/alert {"level":"NO_QUORUM","reason":"STATUS","loco":"9950011","uptime_ms":746451,"nav":"NO_QUORUM","moving":1,"pwm":70,"est_mm_s":234,"dir":"CW","session_dir":"CW","mdir":"FWD","rear":63,"front":90,"env":8185,"lc_mm":63,"last_confirmed_landmark":"Grillers","age_ms":63834,"since":22,"dead_reckoned_mm":85,"candidate_mm":85,"viable":[0,1,3,4],"lostm":2,"lost_ms":3001,"agree":284,"disagree":6,"losts":1,"auto":1}
1786551829.542479000 ngr/loco/9950011/state/loopstat {"loop_max_gap_ms":34,"hall_task_max_gap_ms":2,"hall_task_age_ms":1,"baseline":1893,"raw":1891,"delta":-2,"queue_drops":0,"floor_rejects":9,"queue_high_water":0,"mqtt_connect_ms":185,"mqtt_attempts":1,"pub_drops":0,"pub_queue_hw":1,"cmd_drops":0,"pub_per_s":1,"marker_pub_drops":0,"marker_pub_hw":0,"nav":"NO_QUORUM","mm":85,"miss_streak":0,"pwm":70,"lost_markers":2,"lost_ms":3103,"motor_dir":"FWD"}
1786551830.060128000 $SYS/broker/uptime 51650 seconds
1786551830.128408000 ngr/loco/9950011/mm/marker {"mm":86,"landmark":"","obs":"N","peak":170,"ms":358,"drift":0,"dt":2010,"timing_gate":"RAMP","dt_expected":0,"dt_conserve_ratio":-1.00,"pwm":68,"v":16.43}
1786551830.433236000 ngr/loco/9950011/alert {"level":"NO_QUORUM","reason":"STATUS","loco":"9950011","uptime_ms":747451,"nav":"NO_QUORUM","moving":1,"pwm":64,"est_mm_s":164,"dir":"CW","session_dir":"CW","mdir":"FWD","rear":63,"front":91,"env":8485,"lc_mm":63,"last_confirmed_landmark":"Grillers","age_ms":64834,"since":23,"dead_reckoned_mm":86,"candidate_mm":86,"viable":[0,1,3,4],"lostm":3,"lost_ms":4001,"agree":284,"disagree":6,"losts":1,"auto":1}
1786551830.521961000 ngr/loco/9950011/state/start_mm 86
1786551830.543349000 ngr/loco/9950011/state/loopstat {"loop_max_gap_ms":33,"hall_task_max_gap_ms":2,"hall_task_age_ms":1,"baseline":1893,"raw":1886,"delta":-7,"queue_drops":0,"floor_rejects":9,"queue_high_water":0,"mqtt_connect_ms":185,"mqtt_attempts":1,"pub_drops":0,"pub_queue_hw":1,"cmd_drops":0,"pub_per_s":3,"marker_pub_drops":0,"marker_pub_hw":1,"nav":"NO_QUORUM","mm":86,"miss_streak":0,"pwm":63,"lost_markers":3,"lost_ms":4103,"motor_dir":"FWD"}
1786551831.462244000 ngr/loco/9950011/alert {"level":"NO_QUORUM","reason":"STATUS","loco":"9950011","uptime_ms":748451,"nav":"NO_QUORUM","moving":1,"pwm":57,"est_mm_s":164,"dir":"CW","session_dir":"CW","mdir":"FWD","rear":63,"front":91,"env":8485,"lc_mm":63,"last_confirmed_landmark":"Grillers","age_ms":65834,"since":23,"dead_reckoned_mm":86,"candidate_mm":86,"viable":[0,1,3,4],"lostm":3,"lost_ms":5001,"agree":284,"disagree":6,"losts":1,"auto":1}
1786551831.542600000 ngr/loco/9950011/state/loopstat {"loop_max_gap_ms":34,"hall_task_max_gap_ms":2,"hall_task_age_ms":1,"baseline":1893,"raw":1891,"delta":-2,"queue_drops":0,"floor_rejects":9,"queue_high_water":0,"mqtt_connect_ms":185,"mqtt_attempts":1,"pub_drops":0,"pub_queue_hw":1,"cmd_drops":0,"pub_per_s":1,"marker_pub_drops":0,"marker_pub_hw":0,"nav":"NO_QUORUM","mm":86,"miss_streak":0,"pwm":56,"lost_markers":3,"lost_ms":5103,"motor_dir":"FWD"}
1786551832.433765000 ngr/loco/9950011/alert {"level":"NO_QUORUM","reason":"STATUS","loco":"9950011","uptime_ms":749451,"nav":"NO_QUORUM","moving":1,"pwm":50,"est_mm_s":164,"dir":"CW","session_dir":"CW","mdir":"FWD","rear":63,"front":91,"env":8485,"lc_mm":63,"last_confirmed_landmark":"Grillers","age_ms":66834,"since":23,"dead_reckoned_mm":86,"candidate_mm":86,"viable":[0,1,3,4],"lostm":3,"lost_ms":6001,"agree":284,"disagree":6,"losts":1,"auto":1}
1786551832.545980000 ngr/loco/9950011/state/loopstat {"loop_max_gap_ms":34,"hall_task_max_gap_ms":2,"hall_task_age_ms":1,"baseline":1893,"raw":1894,"delta":1,"queue_drops":0,"floor_rejects":9,"queue_high_water":0,"mqtt_connect_ms":185,"mqtt_attempts":1,"pub_drops":0,"pub_queue_hw":1,"cmd_drops":0,"pub_per_s":1,"marker_pub_drops":0,"marker_pub_hw":0,"nav":"NO_QUORUM","mm":86,"miss_streak":0,"pwm":50,"lost_markers":3,"lost_ms":6103,"motor_dir":"FWD"}
1786551833.074914000 ngr/loco/9950011/telem/voltage 16.45
1786551833.097438000 ngr/loco/9950011/telem/current 0.25
1786551833.097548000 ngr/loco/9950011/telem/power 4.12
1786551833.444668000 ngr/loco/9950011/alert {"level":"NO_QUORUM","reason":"STATUS","loco":"9950011","uptime_ms":750451,"nav":"NO_QUORUM","moving":1,"pwm":44,"est_mm_s":164,"dir":"CW","session_dir":"CW","mdir":"FWD","rear":63,"front":91,"env":8485,"lc_mm":63,"last_confirmed_landmark":"Grillers","age_ms":67834,"since":23,"dead_reckoned_mm":86,"candidate_mm":86,"viable":[0,1,3,4],"lostm":3,"lost_ms":7001,"agree":284,"disagree":6,"losts":1,"auto":1}
1786551833.547594000 ngr/loco/9950011/state/loopstat {"loop_max_gap_ms":33,"hall_task_max_gap_ms":2,"hall_task_age_ms":1,"baseline":1893,"raw":1795,"delta":-98,"queue_drops":0,"floor_rejects":9,"queue_high_water":0,"mqtt_connect_ms":185,"mqtt_attempts":1,"pub_drops":0,"pub_queue_hw":3,"cmd_drops":0,"pub_per_s":4,"marker_pub_drops":0,"marker_pub_hw":0,"nav":"NO_QUORUM","mm":86,"miss_streak":0,"pwm":43,"lost_markers":3,"lost_ms":7103,"motor_dir":"FWD"}
1786551833.704560000 ngr/loco/9950011/mm/marker {"mm":87,"landmark":"","obs":"S","peak":183,"ms":755,"drift":0,"dt":3167,"timing_gate":"RAMP","dt_expected":0,"dt_conserve_ratio":-1.00,"pwm":47,"v":16.45}
1786551834.487139000 ngr/loco/9950011/alert {"level":"NO_QUORUM","reason":"STATUS","loco":"9950011","uptime_ms":751451,"nav":"NO_QUORUM","moving":1,"pwm":37,"est_mm_s":94,"dir":"CW","session_dir":"CW","mdir":"FWD","rear":63,"front":92,"env":8785,"lc_mm":63,"last_confirmed_landmark":"Grillers","age_ms":68834,"since":24,"dead_reckoned_mm":87,"candidate_mm":87,"viable":[0,1,3,4],"lostm":4,"lost_ms":8001,"agree":284,"disagree":6,"losts":1,"auto":1}
1786551834.521132000 ngr/loco/9950011/state/start_mm 87
1786551834.540508000 ngr/loco/9950011/state/loopstat {"loop_max_gap_ms":33,"hall_task_max_gap_ms":2,"hall_task_age_ms":1,"baseline":1893,"raw":1907,"delta":14,"queue_drops":0,"floor_rejects":10,"queue_high_water":1,"mqtt_connect_ms":185,"mqtt_attempts":1,"pub_drops":0,"pub_queue_hw":1,"cmd_drops":0,"pub_per_s":3,"marker_pub_drops":0,"marker_pub_hw":1,"nav":"NO_QUORUM","mm":87,"miss_streak":0,"pwm":36,"lost_markers":4,"lost_ms":8103,"motor_dir":"FWD"}
1786551835.438904000 ngr/loco/9950011/alert {"level":"NO_QUORUM","reason":"STATUS","loco":"9950011","uptime_ms":752451,"nav":"NO_QUORUM","moving":1,"pwm":30,"est_mm_s":94,"dir":"CW","session_dir":"CW","mdir":"FWD","rear":63,"front":92,"env":8785,"lc_mm":63,"last_confirmed_landmark":"Grillers","age_ms":69834,"since":24,"dead_reckoned_mm":87,"candidate_mm":87,"viable":[0,1,3,4],"lostm":4,"lost_ms":9001,"agree":284,"disagree":6,"losts":1,"auto":1}
1786551835.540907000 ngr/loco/9950011/state/loopstat {"loop_max_gap_ms":33,"hall_task_max_gap_ms":2,"hall_task_age_ms":1,"baseline":1893,"raw":1901,"delta":8,"queue_drops":0,"floor_rejects":10,"queue_high_water":0,"mqtt_connect_ms":185,"mqtt_attempts":1,"pub_drops":0,"pub_queue_hw":1,"cmd_drops":0,"pub_per_s":1,"marker_pub_drops":0,"marker_pub_hw":0,"nav":"NO_QUORUM","mm":87,"miss_streak":0,"pwm":30,"lost_markers":4,"lost_ms":9103,"motor_dir":"FWD"}
1786551836.460624000 ngr/loco/9950011/alert {"level":"NO_QUORUM","reason":"STATUS","loco":"9950011","uptime_ms":753451,"nav":"NO_QUORUM","moving":1,"pwm":24,"est_mm_s":94,"dir":"CW","session_dir":"CW","mdir":"FWD","rear":63,"front":92,"env":8785,"lc_mm":63,"last_confirmed_landmark":"Grillers","age_ms":70834,"since":24,"dead_reckoned_mm":87,"candidate_mm":87,"viable":[0,1,3,4],"lostm":4,"lost_ms":10001,"agree":284,"disagree":6,"losts":1,"auto":1}
1786551836.557422000 ngr/loco/9950011/state/loopstat {"loop_max_gap_ms":34,"hall_task_max_gap_ms":2,"hall_task_age_ms":1,"baseline":1893,"raw":1901,"delta":8,"queue_drops":0,"floor_rejects":10,"queue_high_water":0,"mqtt_connect_ms":185,"mqtt_attempts":1,"pub_drops":0,"pub_queue_hw":1,"cmd_drops":0,"pub_per_s":1,"marker_pub_drops":0,"marker_pub_hw":0,"nav":"NO_QUORUM","mm":87,"miss_streak":0,"pwm":23,"lost_markers":4,"lost_ms":10103,"motor_dir":"FWD"}
1786551837.453373000 ngr/loco/9950011/alert {"level":"NO_QUORUM","reason":"STATUS","loco":"9950011","uptime_ms":754451,"nav":"NO_QUORUM","moving":1,"pwm":17,"est_mm_s":94,"dir":"CW","session_dir":"CW","mdir":"FWD","rear":63,"front":92,"env":8785,"lc_mm":63,"last_confirmed_landmark":"Grillers","age_ms":71834,"since":24,"dead_reckoned_mm":87,"candidate_mm":87,"viable":[0,1,3,4],"lostm":4,"lost_ms":11001,"agree":284,"disagree":6,"losts":1,"auto":1}
1786551837.567524000 ngr/loco/9950011/state/loopstat {"loop_max_gap_ms":34,"hall_task_max_gap_ms":2,"hall_task_age_ms":1,"baseline":1893,"raw":1897,"delta":4,"queue_drops":0,"floor_rejects":10,"queue_high_water":0,"mqtt_connect_ms":185,"mqtt_attempts":1,"pub_drops":0,"pub_queue_hw":1,"cmd_drops":0,"pub_per_s":1,"marker_pub_drops":0,"marker_pub_hw":0,"nav":"NO_QUORUM","mm":87,"miss_streak":0,"pwm":16,"lost_markers":4,"lost_ms":11103,"motor_dir":"FWD"}
1786551838.023575000 ngr/loco/9950011/telem/voltage 16.47
1786551838.038934000 ngr/loco/9950011/telem/current 0.23
1786551838.039089000 ngr/loco/9950011/telem/power 3.80
1786551838.444047000 ngr/loco/9950011/alert {"level":"NO_QUORUM","reason":"STATUS","loco":"9950011","uptime_ms":755451,"nav":"NO_QUORUM","moving":1,"pwm":10,"est_mm_s":94,"dir":"CW","session_dir":"CW","mdir":"FWD","rear":63,"front":92,"env":8785,"lc_mm":63,"last_confirmed_landmark":"Grillers","age_ms":72834,"since":24,"dead_reckoned_mm":87,"candidate_mm":87,"viable":[0,1,3,4],"lostm":4,"lost_ms":12001,"agree":284,"disagree":6,"losts":1,"auto":1}
1786551838.540498000 ngr/loco/9950011/state/loopstat {"loop_max_gap_ms":33,"hall_task_max_gap_ms":2,"hall_task_age_ms":1,"baseline":1893,"raw":1905,"delta":12,"queue_drops":0,"floor_rejects":10,"queue_high_water":0,"mqtt_connect_ms":185,"mqtt_attempts":1,"pub_drops":0,"pub_queue_hw":3,"cmd_drops":0,"pub_per_s":4,"marker_pub_drops":0,"marker_pub_hw":0,"nav":"NO_QUORUM","mm":87,"miss_streak":0,"pwm":10,"lost_markers":4,"lost_ms":12103,"motor_dir":"FWD"}
1786551839.452974000 ngr/loco/9950011/alert {"level":"NO_QUORUM","reason":"STATUS","loco":"9950011","uptime_ms":756451,"nav":"NO_QUORUM","moving":1,"pwm":4,"est_mm_s":94,"dir":"CW","session_dir":"CW","mdir":"FWD","rear":63,"front":92,"env":8785,"lc_mm":63,"last_confirmed_landmark":"Grillers","age_ms":73834,"since":24,"dead_reckoned_mm":87,"candidate_mm":87,"viable":[0,1,3,4],"lostm":4,"lost_ms":13001,"agree":284,"disagree":6,"losts":1,"auto":1}
1786551839.553309000 ngr/loco/9950011/state/loopstat {"loop_max_gap_ms":33,"hall_task_max_gap_ms":2,"hall_task_age_ms":1,"baseline":1893,"raw":1904,"delta":11,"queue_drops":0,"floor_rejects":10,"queue_high_water":0,"mqtt_connect_ms":185,"mqtt_attempts":1,"pub_drops":0,"pub_queue_hw":1,"cmd_drops":0,"pub_per_s":1,"marker_pub_drops":0,"marker_pub_hw":0,"nav":"NO_QUORUM","mm":87,"miss_streak":0,"pwm":3,"lost_markers":4,"lost_ms":13103,"motor_dir":"FWD"}
1786551840.439341000 ngr/loco/9950011/alert {"level":"NO_QUORUM","reason":"STATUS","loco":"9950011","uptime_ms":757451,"nav":"NO_QUORUM","moving":0,"pwm":0,"est_mm_s":94,"dir":"CW","session_dir":"CW","mdir":"FWD","rear":63,"front":92,"env":8785,"lc_mm":63,"last_confirmed_landmark":"Grillers","age_ms":74834,"since":24,"dead_reckoned_mm":87,"candidate_mm":87,"viable":[0,1,3,4],"lostm":4,"lost_ms":14001,"agree":284,"disagree":6,"losts":1,"auto":1}
1786551840.542353000 ngr/loco/9950011/state/loopstat {"loop_max_gap_ms":33,"hall_task_max_gap_ms":1,"hall_task_age_ms":1,"baseline":1893,"raw":1901,"delta":8,"queue_drops":0,"floor_rejects":10,"queue_high_water":0,"mqtt_connect_ms":185,"mqtt_attempts":1,"pub_drops":0,"pub_queue_hw":1,"cmd_drops":0,"pub_per_s":1,"marker_pub_drops":0,"marker_pub_hw":0,"nav":"NO_QUORUM","mm":87,"miss_streak":0,"pwm":0,"lost_markers":4,"lost_ms":14103,"motor_dir":"FWD"}
1786551841.046185000 $SYS/broker/uptime 51661 seconds
1786551841.441179000 ngr/loco/9950011/alert {"level":"NO_QUORUM","reason":"STATUS","loco":"9950011","uptime_ms":758451,"nav":"NO_QUORUM","moving":0,"pwm":0,"est_mm_s":94,"dir":"CW","session_dir":"CW","mdir":"FWD","rear":63,"front":92,"env":8785,"lc_mm":63,"last_confirmed_landmark":"Grillers","age_ms":75834,"since":24,"dead_reckoned_mm":87,"candidate_mm":87,"viable":[0,1,3,4],"lostm":4,"lost_ms":15001,"agree":284,"disagree":6,"losts":1,"auto":1}
1786551841.578623000 ngr/loco/9950011/state/loopstat {"loop_max_gap_ms":34,"hall_task_max_gap_ms":2,"hall_task_age_ms":1,"baseline":1893,"raw":1899,"delta":6,"queue_drops":0,"floor_rejects":10,"queue_high_water":0,"mqtt_connect_ms":185,"mqtt_attempts":1,"pub_drops":0,"pub_queue_hw":1,"cmd_drops":0,"pub_per_s":1,"marker_pub_drops":0,"marker_pub_hw":0,"nav":"NO_QUORUM","mm":87,"miss_streak":0,"pwm":0,"lost_markers":4,"lost_ms":15103,"motor_dir":"FWD"}
1786551842.456111000 ngr/loco/9950011/alert {"level":"NO_QUORUM","reason":"STATUS","loco":"9950011","uptime_ms":759451,"nav":"NO_QUORUM","moving":0,"pwm":0,"est_mm_s":94,"dir":"CW","session_dir":"CW","mdir":"FWD","rear":63,"front":92,"env":8785,"lc_mm":63,"last_confirmed_landmark":"Grillers","age_ms":76834,"since":24,"dead_reckoned_mm":87,"candidate_mm":87,"viable":[0,1,3,4],"lostm":4,"lost_ms":16001,"agree":284,"disagree":6,"losts":1,"auto":1}
1786551842.580531000 ngr/loco/9950011/state/loopstat {"loop_max_gap_ms":34,"hall_task_max_gap_ms":2,"hall_task_age_ms":1,"baseline":1893,"raw":1901,"delta":8,"queue_drops":0,"floor_rejects":10,"queue_high_water":0,"mqtt_connect_ms":185,"mqtt_attempts":1,"pub_drops":0,"pub_queue_hw":1,"cmd_drops":0,"pub_per_s":1,"marker_pub_drops":0,"marker_pub_hw":0,"nav":"NO_QUORUM","mm":87,"miss_streak":0,"pwm":0,"lost_markers":4,"lost_ms":16103,"motor_dir":"FWD"}
1786551843.025069000 ngr/loco/9950011/telem/voltage 16.48
1786551843.057037000 ngr/loco/9950011/telem/current 0.17
1786551843.057179000 ngr/loco/9950011/telem/power 2.88
1786551843.442356000 ngr/loco/9950011/alert {"level":"NO_QUORUM","reason":"STATUS","loco":"9950011","uptime_ms":760451,"nav":"NO_QUORUM","moving":0,"pwm":0,"est_mm_s":94,"dir":"CW","session_dir":"CW","mdir":"FWD","rear":63,"front":92,"env":8785,"lc_mm":63,"last_confirmed_landmark":"Grillers","age_ms":77834,"since":24,"dead_reckoned_mm":87,"candidate_mm":87,"viable":[0,1,3,4],"lostm":4,"lost_ms":17001,"agree":284,"disagree":6,"losts":1,"auto":1}
1786551843.539078000 ngr/loco/9950011/state/loopstat {"loop_max_gap_ms":33,"hall_task_max_gap_ms":2,"hall_task_age_ms":1,"baseline":1893,"raw":1899,"delta":6,"queue_drops":0,"floor_rejects":10,"queue_high_water":0,"mqtt_connect_ms":185,"mqtt_attempts":1,"pub_drops":0,"pub_queue_hw":3,"cmd_drops":0,"pub_per_s":4,"marker_pub_drops":0,"marker_pub_hw":0,"nav":"NO_QUORUM","mm":87,"miss_streak":0,"pwm":0,"lost_markers":4,"lost_ms":17103,"motor_dir":"FWD"}
1786551844.485767000 ngr/loco/9950011/alert {"level":"NO_QUORUM","reason":"STATUS","loco":"9950011","uptime_ms":761451,"nav":"NO_QUORUM","moving":0,"pwm":0,"est_mm_s":94,"dir":"CW","session_dir":"CW","mdir":"FWD","rear":63,"front":92,"env":8785,"lc_mm":63,"last_confirmed_landmark":"Grillers","age_ms":78834,"since":24,"dead_reckoned_mm":87,"candidate_mm":87,"viable":[0,1,3,4],"lostm":4,"lost_ms":18001,"agree":284,"disagree":6,"losts":1,"auto":1}
1786551844.587645000 ngr/loco/9950011/state/loopstat {"loop_max_gap_ms":33,"hall_task_max_gap_ms":2,"hall_task_age_ms":1,"baseline":1893,"raw":1899,"delta":6,"queue_drops":0,"floor_rejects":10,"queue_high_water":0,"mqtt_connect_ms":185,"mqtt_attempts":1,"pub_drops":0,"pub_queue_hw":1,"cmd_drops":0,"pub_per_s":1,"marker_pub_drops":0,"marker_pub_hw":0,"nav":"NO_QUORUM","mm":87,"miss_streak":0,"pwm":0,"lost_markers":4,"lost_ms":18103,"motor_dir":"FWD"}
1786551845.453231000 ngr/loco/9950011/alert {"level":"NO_QUORUM","reason":"STATUS","loco":"9950011","uptime_ms":762451,"nav":"NO_QUORUM","moving":0,"pwm":0,"est_mm_s":94,"dir":"CW","session_dir":"CW","mdir":"FWD","rear":63,"front":92,"env":8785,"lc_mm":63,"last_confirmed_landmark":"Grillers","age_ms":79834,"since":24,"dead_reckoned_mm":87,"candidate_mm":87,"viable":[0,1,3,4],"lostm":4,"lost_ms":19001,"agree":284,"disagree":6,"losts":1,"auto":1}
1786551845.555545000 ngr/loco/9950011/state/loopstat {"loop_max_gap_ms":33,"hall_task_max_gap_ms":2,"hall_task_age_ms":1,"baseline":1893,"raw":1899,"delta":6,"queue_drops":0,"floor_rejects":10,"queue_high_water":0,"mqtt_connect_ms":185,"mqtt_attempts":1,"pub_drops":0,"pub_queue_hw":1,"cmd_drops":0,"pub_per_s":1,"marker_pub_drops":0,"marker_pub_hw":0,"nav":"NO_QUORUM","mm":87,"miss_streak":0,"pwm":0,"lost_markers":4,"lost_ms":19103,"motor_dir":"FWD"}
1786551846.519911000 ngr/loco/9950011/alert {"level":"NO_QUORUM","reason":"STATUS","loco":"9950011","uptime_ms":763451,"nav":"NO_QUORUM","moving":0,"pwm":0,"est_mm_s":94,"dir":"CW","session_dir":"CW","mdir":"FWD","rear":63,"front":92,"env":8785,"lc_mm":63,"last_confirmed_landmark":"Grillers","age_ms":80834,"since":24,"dead_reckoned_mm":87,"candidate_mm":87,"viable":[0,1,3,4],"lostm":4,"lost_ms":20001,"agree":284,"disagree":6,"losts":1,"auto":1}
1786551846.582209000 ngr/loco/9950011/state/loopstat {"loop_max_gap_ms":34,"hall_task_max_gap_ms":2,"hall_task_age_ms":1,"baseline":1893,"raw":1899,"delta":6,"queue_drops":0,"floor_rejects":10,"queue_high_water":0,"mqtt_connect_ms":185,"mqtt_attempts":1,"pub_drops":0,"pub_queue_hw":1,"cmd_drops":0,"pub_per_s":1,"marker_pub_drops":0,"marker_pub_hw":0,"nav":"NO_QUORUM","mm":87,"miss_streak":0,"pwm":0,"lost_markers":4,"lost_ms":20103,"motor_dir":"FWD"}
1786551847.514649000 ngr/loco/9950011/alert {"level":"NO_QUORUM","reason":"STATUS","loco":"9950011","uptime_ms":764451,"nav":"NO_QUORUM","moving":0,"pwm":0,"est_mm_s":94,"dir":"CW","session_dir":"CW","mdir":"FWD","rear":63,"front":92,"env":8785,"lc_mm":63,"last_confirmed_landmark":"Grillers","age_ms":81834,"since":24,"dead_reckoned_mm":87,"candidate_mm":87,"viable":[0,1,3,4],"lostm":4,"lost_ms":21001,"agree":284,"disagree":6,"losts":1,"auto":1}
1786551847.670374000 ngr/loco/9950011/state/loopstat {"loop_max_gap_ms":34,"hall_task_max_gap_ms":2,"hall_task_age_ms":1,"baseline":1893,"raw":1898,"delta":5,"queue_drops":0,"floor_rejects":10,"queue_high_water":0,"mqtt_connect_ms":185,"mqtt_attempts":1,"pub_drops":0,"pub_queue_hw":1,"cmd_drops":0,"pub_per_s":1,"marker_pub_drops":0,"marker_pub_hw":0,"nav":"NO_QUORUM","mm":87,"miss_streak":0,"pwm":0,"lost_markers":4,"lost_ms":21103,"motor_dir":"FWD"}
1786551848.003988000 ngr/loco/9950011/telem/voltage 16.48
1786551848.037416000 ngr/loco/9950011/telem/current 0.17
1786551848.037564000 ngr/loco/9950011/telem/power 2.86
1786551848.440849000 ngr/loco/9950011/alert {"level":"NO_QUORUM","reason":"STATUS","loco":"9950011","uptime_ms":765451,"nav":"NO_QUORUM","moving":0,"pwm":0,"est_mm_s":94,"dir":"CW","session_dir":"CW","mdir":"FWD","rear":63,"front":92,"env":8785,"lc_mm":63,"last_confirmed_landmark":"Grillers","age_ms":82834,"since":24,"dead_reckoned_mm":87,"candidate_mm":87,"viable":[0,1,3,4],"lostm":4,"lost_ms":22001,"agree":284,"disagree":6,"losts":1,"auto":1}
1786551848.539243000 ngr/loco/9950011/state/loopstat {"loop_max_gap_ms":34,"hall_task_max_gap_ms":2,"hall_task_age_ms":1,"baseline":1893,"raw":1898,"delta":5,"queue_drops":0,"floor_rejects":10,"queue_high_water":0,"mqtt_connect_ms":185,"mqtt_attempts":1,"pub_drops":0,"pub_queue_hw":3,"cmd_drops":0,"pub_per_s":4,"marker_pub_drops":0,"marker_pub_hw":0,"nav":"NO_QUORUM","mm":87,"miss_streak":0,"pwm":0,"lost_markers":4,"lost_ms":22103,"motor_dir":"FWD"}
1786551849.447287000 ngr/loco/9950011/alert {"level":"NO_QUORUM","reason":"STATUS","loco":"9950011","uptime_ms":766451,"nav":"NO_QUORUM","moving":0,"pwm":0,"est_mm_s":94,"dir":"CW","session_dir":"CW","mdir":"FWD","rear":63,"front":92,"env":8785,"lc_mm":63,"last_confirmed_landmark":"Grillers","age_ms":83834,"since":24,"dead_reckoned_mm":87,"candidate_mm":87,"viable":[0,1,3,4],"lostm":4,"lost_ms":23001,"agree":284,"disagree":6,"losts":1,"auto":1}
1786551849.543371000 ngr/loco/9950011/state/loopstat {"loop_max_gap_ms":34,"hall_task_max_gap_ms":2,"hall_task_age_ms":1,"baseline":1893,"raw":1896,"delta":3,"queue_drops":0,"floor_rejects":10,"queue_high_water":0,"mqtt_connect_ms":185,"mqtt_attempts":1,"pub_drops":0,"pub_queue_hw":1,"cmd_drops":0,"pub_per_s":1,"marker_pub_drops":0,"marker_pub_hw":0,"nav":"NO_QUORUM","mm":87,"miss_streak":0,"pwm":0,"lost_markers":4,"lost_ms":23103,"motor_dir":"FWD"}
1786551850.506336000 ngr/loco/9950011/alert {"level":"NO_QUORUM","reason":"STATUS","loco":"9950011","uptime_ms":767451,"nav":"NO_QUORUM","moving":0,"pwm":0,"est_mm_s":94,"dir":"CW","session_dir":"CW","mdir":"FWD","rear":63,"front":92,"env":8785,"lc_mm":63,"last_confirmed_landmark":"Grillers","age_ms":84834,"since":24,"dead_reckoned_mm":87,"candidate_mm":87,"viable":[0,1,3,4],"lostm":4,"lost_ms":24001,"agree":284,"disagree":6,"losts":1,"auto":1}
1786551850.541534000 ngr/loco/9950011/state/loopstat {"loop_max_gap_ms":33,"hall_task_max_gap_ms":2,"hall_task_age_ms":1,"baseline":1893,"raw":1899,"delta":6,"queue_drops":0,"floor_rejects":10,"queue_high_water":0,"mqtt_connect_ms":185,"mqtt_attempts":1,"pub_drops":0,"pub_queue_hw":1,"cmd_drops":0,"pub_per_s":1,"marker_pub_drops":0,"marker_pub_hw":0,"nav":"NO_QUORUM","mm":87,"miss_streak":0,"pwm":0,"lost_markers":4,"lost_ms":24103,"motor_dir":"FWD"}
1786551851.449525000 ngr/loco/9950011/alert {"level":"NO_QUORUM","reason":"STATUS","loco":"9950011","uptime_ms":768451,"nav":"NO_QUORUM","moving":0,"pwm":0,"est_mm_s":94,"dir":"CW","session_dir":"CW","mdir":"FWD","rear":63,"front":92,"env":8785,"lc_mm":63,"last_confirmed_landmark":"Grillers","age_ms":85834,"since":24,"dead_reckoned_mm":87,"candidate_mm":87,"viable":[0,1,3,4],"lostm":4,"lost_ms":25001,"agree":284,"disagree":6,"losts":1,"auto":1}
1786551851.539402000 ngr/loco/9950011/state/loopstat {"loop_max_gap_ms":33,"hall_task_max_gap_ms":2,"hall_task_age_ms":1,"baseline":1893,"raw":1899,"delta":6,"queue_drops":0,"floor_rejects":10,"queue_high_water":0,"mqtt_connect_ms":185,"mqtt_attempts":1,"pub_drops":0,"pub_queue_hw":1,"cmd_drops":0,"pub_per_s":1,"marker_pub_drops":0,"marker_pub_hw":0,"nav":"NO_QUORUM","mm":87,"miss_streak":0,"pwm":0,"lost_markers":4,"lost_ms":25103,"motor_dir":"FWD"}
1786551852.045403000 $SYS/broker/uptime 51672 seconds
1786551852.472308000 ngr/loco/9950011/alert {"level":"NO_QUORUM","reason":"STATUS","loco":"9950011","uptime_ms":769451,"nav":"NO_QUORUM","moving":0,"pwm":0,"est_mm_s":94,"dir":"CW","session_dir":"CW","mdir":"FWD","rear":63,"front":92,"env":8785,"lc_mm":63,"last_confirmed_landmark":"Grillers","age_ms":86834,"since":24,"dead_reckoned_mm":87,"candidate_mm":87,"viable":[0,1,3,4],"lostm":4,"lost_ms":26001,"agree":284,"disagree":6,"losts":1,"auto":1}
1786551852.538367000 ngr/loco/9950011/state/loopstat {"loop_max_gap_ms":34,"hall_task_max_gap_ms":2,"hall_task_age_ms":1,"baseline":1893,"raw":1899,"delta":6,"queue_drops":0,"floor_rejects":10,"queue_high_water":0,"mqtt_connect_ms":185,"mqtt_attempts":1,"pub_drops":0,"pub_queue_hw":1,"cmd_drops":0,"pub_per_s":1,"marker_pub_drops":0,"marker_pub_hw":0,"nav":"NO_QUORUM","mm":87,"miss_streak":0,"pwm":0,"lost_markers":4,"lost_ms":26103,"motor_dir":"FWD"}
1786551853.025374000 ngr/loco/9950011/telem/voltage 16.47
1786551853.046099000 ngr/loco/9950011/telem/current 0.17
1786551853.046173000 ngr/loco/9950011/telem/power 2.87
1786551853.436617000 ngr/loco/9950011/alert {"level":"NO_QUORUM","reason":"STATUS","loco":"9950011","uptime_ms":770451,"nav":"NO_QUORUM","moving":0,"pwm":0,"est_mm_s":94,"dir":"CW","session_dir":"CW","mdir":"FWD","rear":63,"front":92,"env":8785,"lc_mm":63,"last_confirmed_landmark":"Grillers","age_ms":87834,"since":24,"dead_reckoned_mm":87,"candidate_mm":87,"viable":[0,1,3,4],"lostm":4,"lost_ms":27001,"agree":284,"disagree":6,"losts":1,"auto":1}
1786551853.538256000 ngr/loco/9950011/state/loopstat {"loop_max_gap_ms":34,"hall_task_max_gap_ms":2,"hall_task_age_ms":1,"baseline":1893,"raw":1898,"delta":5,"queue_drops":0,"floor_rejects":10,"queue_high_water":0,"mqtt_connect_ms":185,"mqtt_attempts":1,"pub_drops":0,"pub_queue_hw":3,"cmd_drops":0,"pub_per_s":4,"marker_pub_drops":0,"marker_pub_hw":0,"nav":"NO_QUORUM","mm":87,"miss_streak":0,"pwm":0,"lost_markers":4,"lost_ms":27103,"motor_dir":"FWD"}
1786551854.434812000 ngr/loco/9950011/alert {"level":"NO_QUORUM","reason":"STATUS","loco":"9950011","uptime_ms":771451,"nav":"NO_QUORUM","moving":0,"pwm":0,"est_mm_s":94,"dir":"CW","session_dir":"CW","mdir":"FWD","rear":63,"front":92,"env":8785,"lc_mm":63,"last_confirmed_landmark":"Grillers","age_ms":88834,"since":24,"dead_reckoned_mm":87,"candidate_mm":87,"viable":[0,1,3,4],"lostm":4,"lost_ms":28001,"agree":284,"disagree":6,"losts":1,"auto":1}
1786551854.582403000 ngr/loco/9950011/state/loopstat {"loop_max_gap_ms":33,"hall_task_max_gap_ms":2,"hall_task_age_ms":1,"baseline":1893,"raw":1898,"delta":5,"queue_drops":0,"floor_rejects":10,"queue_high_water":0,"mqtt_connect_ms":185,"mqtt_attempts":1,"pub_drops":0,"pub_queue_hw":1,"cmd_drops":0,"pub_per_s":1,"marker_pub_drops":0,"marker_pub_hw":0,"nav":"NO_QUORUM","mm":87,"miss_streak":0,"pwm":0,"lost_markers":4,"lost_ms":28103,"motor_dir":"FWD"}
1786551855.460325000 ngr/loco/9950011/alert {"level":"NO_QUORUM","reason":"STATUS","loco":"9950011","uptime_ms":772451,"nav":"NO_QUORUM","moving":0,"pwm":0,"est_mm_s":94,"dir":"CW","session_dir":"CW","mdir":"FWD","rear":63,"front":92,"env":8785,"lc_mm":63,"last_confirmed_landmark":"Grillers","age_ms":89834,"since":24,"dead_reckoned_mm":87,"candidate_mm":87,"viable":[0,1,3,4],"lostm":4,"lost_ms":29001,"agree":284,"disagree":6,"losts":1,"auto":1}
1786551855.568496000 ngr/loco/9950011/state/loopstat {"loop_max_gap_ms":33,"hall_task_max_gap_ms":2,"hall_task_age_ms":1,"baseline":1893,"raw":1900,"delta":7,"queue_drops":0,"floor_rejects":10,"queue_high_water":0,"mqtt_connect_ms":185,"mqtt_attempts":1,"pub_drops":0,"pub_queue_hw":1,"cmd_drops":0,"pub_per_s":1,"marker_pub_drops":0,"marker_pub_hw":0,"nav":"NO_QUORUM","mm":87,"miss_streak":0,"pwm":0,"lost_markers":4,"lost_ms":29103,"motor_dir":"FWD"}
1786551856.440502000 ngr/loco/9950011/alert {"level":"NO_QUORUM","reason":"STATUS","loco":"9950011","uptime_ms":773451,"nav":"NO_QUORUM","moving":0,"pwm":0,"est_mm_s":94,"dir":"CW","session_dir":"CW","mdir":"FWD","rear":63,"front":92,"env":8785,"lc_mm":63,"last_confirmed_landmark":"Grillers","age_ms":90834,"since":24,"dead_reckoned_mm":87,"candidate_mm":87,"viable":[0,1,3,4],"lostm":4,"lost_ms":30001,"agree":284,"disagree":6,"losts":1,"auto":1}
1786551856.553529000 ngr/loco/9950011/state/loopstat {"loop_max_gap_ms":34,"hall_task_max_gap_ms":2,"hall_task_age_ms":1,"baseline":1893,"raw":1900,"delta":7,"queue_drops":0,"floor_rejects":10,"queue_high_water":0,"mqtt_connect_ms":185,"mqtt_attempts":1,"pub_drops":0,"pub_queue_hw":1,"cmd_drops":0,"pub_per_s":1,"marker_pub_drops":0,"marker_pub_hw":0,"nav":"NO_QUORUM","mm":87,"miss_streak":0,"pwm":0,"lost_markers":4,"lost_ms":30103,"motor_dir":"FWD"}
1786551857.438813000 ngr/loco/9950011/alert {"level":"NO_QUORUM","reason":"STATUS","loco":"9950011","uptime_ms":774451,"nav":"NO_QUORUM","moving":0,"pwm":0,"est_mm_s":94,"dir":"CW","session_dir":"CW","mdir":"FWD","rear":63,"front":92,"env":8785,"lc_mm":63,"last_confirmed_landmark":"Grillers","age_ms":91834,"since":24,"dead_reckoned_mm":87,"candidate_mm":87,"viable":[0,1,3,4],"lostm":4,"lost_ms":31001,"agree":284,"disagree":6,"losts":1,"auto":1}
1786551857.538101000 ngr/loco/9950011/state/loopstat {"loop_max_gap_ms":33,"hall_task_max_gap_ms":2,"hall_task_age_ms":1,"baseline":1893,"raw":1899,"delta":6,"queue_drops":0,"floor_rejects":10,"queue_high_water":0,"mqtt_connect_ms":185,"mqtt_attempts":1,"pub_drops":0,"pub_queue_hw":1,"cmd_drops":0,"pub_per_s":1,"marker_pub_drops":0,"marker_pub_hw":0,"nav":"NO_QUORUM","mm":87,"miss_streak":0,"pwm":0,"lost_markers":4,"lost_ms":31103,"motor_dir":"FWD"}
1786551858.038378000 ngr/loco/9950011/telem/voltage 16.48
1786551858.067422000 ngr/loco/9950011/telem/current 0.18
1786551858.092325000 ngr/loco/9950011/telem/power 2.89
1786551858.433496000 ngr/loco/9950011/alert {"level":"NO_QUORUM","reason":"STATUS","loco":"9950011","uptime_ms":775451,"nav":"NO_QUORUM","moving":0,"pwm":0,"est_mm_s":94,"dir":"CW","session_dir":"CW","mdir":"FWD","rear":63,"front":92,"env":8785,"lc_mm":63,"last_confirmed_landmark":"Grillers","age_ms":92834,"since":24,"dead_reckoned_mm":87,"candidate_mm":87,"viable":[0,1,3,4],"lostm":4,"lost_ms":32001,"agree":284,"disagree":6,"losts":1,"auto":1}
1786551858.544648000 ngr/loco/9950011/state/loopstat {"loop_max_gap_ms":34,"hall_task_max_gap_ms":2,"hall_task_age_ms":1,"baseline":1893,"raw":1898,"delta":5,"queue_drops":0,"floor_rejects":10,"queue_high_water":0,"mqtt_connect_ms":185,"mqtt_attempts":1,"pub_drops":0,"pub_queue_hw":3,"cmd_drops":0,"pub_per_s":4,"marker_pub_drops":0,"marker_pub_hw":0,"nav":"NO_QUORUM","mm":87,"miss_streak":0,"pwm":0,"lost_markers":4,"lost_ms":32103,"motor_dir":"FWD"}
1786551859.445263000 ngr/loco/9950011/alert {"level":"NO_QUORUM","reason":"STATUS","loco":"9950011","uptime_ms":776451,"nav":"NO_QUORUM","moving":0,"pwm":0,"est_mm_s":94,"dir":"CW","session_dir":"CW","mdir":"FWD","rear":63,"front":92,"env":8785,"lc_mm":63,"last_confirmed_landmark":"Grillers","age_ms":93834,"since":24,"dead_reckoned_mm":87,"candidate_mm":87,"viable":[0,1,3,4],"lostm":4,"lost_ms":33001,"agree":284,"disagree":6,"losts":1,"auto":1}
1786551859.551354000 ngr/loco/9950011/state/loopstat {"loop_max_gap_ms":33,"hall_task_max_gap_ms":2,"hall_task_age_ms":1,"baseline":1893,"raw":1898,"delta":5,"queue_drops":0,"floor_rejects":10,"queue_high_water":0,"mqtt_connect_ms":185,"mqtt_attempts":1,"pub_drops":0,"pub_queue_hw":1,"cmd_drops":0,"pub_per_s":1,"marker_pub_drops":0,"marker_pub_hw":0,"nav":"NO_QUORUM","mm":87,"miss_streak":0,"pwm":0,"lost_markers":4,"lost_ms":33103,"motor_dir":"FWD"}
1786551860.437480000 ngr/loco/9950011/alert {"level":"NO_QUORUM","reason":"STATUS","loco":"9950011","uptime_ms":777451,"nav":"NO_QUORUM","moving":0,"pwm":0,"est_mm_s":94,"dir":"CW","session_dir":"CW","mdir":"FWD","rear":63,"front":92,"env":8785,"lc_mm":63,"last_confirmed_landmark":"Grillers","age_ms":94834,"since":24,"dead_reckoned_mm":87,"candidate_mm":87,"viable":[0,1,3,4],"lostm":4,"lost_ms":34001,"agree":284,"disagree":6,"losts":1,"auto":1}
1786551860.561785000 ngr/loco/9950011/state/loopstat {"loop_max_gap_ms":34,"hall_task_max_gap_ms":2,"hall_task_age_ms":1,"baseline":1893,"raw":1901,"delta":8,"queue_drops":0,"floor_rejects":10,"queue_high_water":0,"mqtt_connect_ms":185,"mqtt_attempts":1,"pub_drops":0,"pub_queue_hw":1,"cmd_drops":0,"pub_per_s":1,"marker_pub_drops":0,"marker_pub_hw":0,"nav":"NO_QUORUM","mm":87,"miss_streak":0,"pwm":0,"lost_markers":4,"lost_ms":34103,"motor_dir":"FWD"}
1786551861.434877000 ngr/loco/9950011/alert {"level":"NO_QUORUM","reason":"STATUS","loco":"9950011","uptime_ms":778451,"nav":"NO_QUORUM","moving":0,"pwm":0,"est_mm_s":94,"dir":"CW","session_dir":"CW","mdir":"FWD","rear":63,"front":92,"env":8785,"lc_mm":63,"last_confirmed_landmark":"Grillers","age_ms":95834,"since":24,"dead_reckoned_mm":87,"candidate_mm":87,"viable":[0,1,3,4],"lostm":4,"lost_ms":35001,"agree":284,"disagree":6,"losts":1,"auto":1}
1786551861.544780000 ngr/loco/9950011/state/loopstat {"loop_max_gap_ms":34,"hall_task_max_gap_ms":1,"hall_task_age_ms":1,"baseline":1893,"raw":1899,"delta":6,"queue_drops":0,"floor_rejects":10,"queue_high_water":0,"mqtt_connect_ms":185,"mqtt_attempts":1,"pub_drops":0,"pub_queue_hw":1,"cmd_drops":0,"pub_per_s":1,"marker_pub_drops":0,"marker_pub_hw":0,"nav":"NO_QUORUM","mm":87,"miss_streak":0,"pwm":0,"lost_markers":4,"lost_ms":35103,"motor_dir":"FWD"}
1786551862.438413000 ngr/loco/9950011/alert {"level":"NO_QUORUM","reason":"STATUS","loco":"9950011","uptime_ms":779451,"nav":"NO_QUORUM","moving":0,"pwm":0,"est_mm_s":94,"dir":"CW","session_dir":"CW","mdir":"FWD","rear":63,"front":92,"env":8785,"lc_mm":63,"last_confirmed_landmark":"Grillers","age_ms":96834,"since":24,"dead_reckoned_mm":87,"candidate_mm":87,"viable":[0,1,3,4],"lostm":4,"lost_ms":36001,"agree":284,"disagree":6,"losts":1,"auto":1}
1786551862.540511000 ngr/loco/9950011/state/loopstat {"loop_max_gap_ms":34,"hall_task_max_gap_ms":2,"hall_task_age_ms":1,"baseline":1893,"raw":1899,"delta":6,"queue_drops":0,"floor_rejects":10,"queue_high_water":0,"mqtt_connect_ms":185,"mqtt_attempts":1,"pub_drops":0,"pub_queue_hw":1,"cmd_drops":0,"pub_per_s":1,"marker_pub_drops":0,"marker_pub_hw":0,"nav":"NO_QUORUM","mm":87,"miss_streak":0,"pwm":0,"lost_markers":4,"lost_ms":36103,"motor_dir":"FWD"}
1786551863.171192000 ngr/loco/9950011/telem/voltage 16.47
1786551863.182276000 ngr/loco/9950011/telem/current 0.17
1786551863.182375000 $SYS/broker/uptime 51683 seconds
1786551863.182413000 ngr/loco/9950011/telem/power 2.86
1786551863.438586000 ngr/loco/9950011/alert {"level":"NO_QUORUM","reason":"STATUS","loco":"9950011","uptime_ms":780451,"nav":"NO_QUORUM","moving":0,"pwm":0,"est_mm_s":94,"dir":"CW","session_dir":"CW","mdir":"FWD","rear":63,"front":92,"env":8785,"lc_mm":63,"last_confirmed_landmark":"Grillers","age_ms":97834,"since":24,"dead_reckoned_mm":87,"candidate_mm":87,"viable":[0,1,3,4],"lostm":4,"lost_ms":37001,"agree":284,"disagree":6,"losts":1,"auto":1}
1786551863.574058000 ngr/loco/9950011/state/loopstat {"loop_max_gap_ms":33,"hall_task_max_gap_ms":2,"hall_task_age_ms":1,"baseline":1893,"raw":1897,"delta":4,"queue_drops":0,"floor_rejects":10,"queue_high_water":0,"mqtt_connect_ms":185,"mqtt_attempts":1,"pub_drops":0,"pub_queue_hw":3,"cmd_drops":0,"pub_per_s":4,"marker_pub_drops":0,"marker_pub_hw":0,"nav":"NO_QUORUM","mm":87,"miss_streak":0,"pwm":0,"lost_markers":4,"lost_ms":37103,"motor_dir":"FWD"}
1786551864.469441000 ngr/loco/9950011/alert {"level":"NO_QUORUM","reason":"STATUS","loco":"9950011","uptime_ms":781451,"nav":"NO_QUORUM","moving":0,"pwm":0,"est_mm_s":94,"dir":"CW","session_dir":"CW","mdir":"FWD","rear":63,"front":92,"env":8785,"lc_mm":63,"last_confirmed_landmark":"Grillers","age_ms":98834,"since":24,"dead_reckoned_mm":87,"candidate_mm":87,"viable":[0,1,3,4],"lostm":4,"lost_ms":38001,"agree":284,"disagree":6,"losts":1,"auto":1}
1786551864.540055000 ngr/loco/9950011/state/loopstat {"loop_max_gap_ms":33,"hall_task_max_gap_ms":2,"hall_task_age_ms":1,"baseline":1893,"raw":1898,"delta":5,"queue_drops":0,"floor_rejects":10,"queue_high_water":0,"mqtt_connect_ms":185,"mqtt_attempts":1,"pub_drops":0,"pub_queue_hw":1,"cmd_drops":0,"pub_per_s":1,"marker_pub_drops":0,"marker_pub_hw":0,"nav":"NO_QUORUM","mm":87,"miss_streak":0,"pwm":0,"lost_markers":4,"lost_ms":38103,"motor_dir":"FWD"}
1786551865.549873000 ngr/loco/9950011/alert {"level":"NO_QUORUM","reason":"STATUS","loco":"9950011","uptime_ms":782451,"nav":"NO_QUORUM","moving":0,"pwm":0,"est_mm_s":94,"dir":"CW","session_dir":"CW","mdir":"FWD","rear":63,"front":92,"env":8785,"lc_mm":63,"last_confirmed_landmark":"Grillers","age_ms":99834,"since":24,"dead_reckoned_mm":87,"candidate_mm":87,"viable":[0,1,3,4],"lostm":4,"lost_ms":39001,"agree":284,"disagree":6,"losts":1,"auto":1}
1786551865.641211000 ngr/loco/9950011/state/loopstat {"loop_max_gap_ms":33,"hall_task_max_gap_ms":2,"hall_task_age_ms":1,"baseline":1893,"raw":1900,"delta":7,"queue_drops":0,"floor_rejects":10,"queue_high_water":0,"mqtt_connect_ms":185,"mqtt_attempts":1,"pub_drops":0,"pub_queue_hw":1,"cmd_drops":0,"pub_per_s":1,"marker_pub_drops":0,"marker_pub_hw":0,"nav":"NO_QUORUM","mm":87,"miss_streak":0,"pwm":0,"lost_markers":4,"lost_ms":39103,"motor_dir":"FWD"}
1786551866.491106000 ngr/loco/9950011/alert {"level":"NO_QUORUM","reason":"STATUS","loco":"9950011","uptime_ms":783451,"nav":"NO_QUORUM","moving":0,"pwm":0,"est_mm_s":94,"dir":"CW","session_dir":"CW","mdir":"FWD","rear":63,"front":92,"env":8785,"lc_mm":63,"last_confirmed_landmark":"Grillers","age_ms":100834,"since":24,"dead_reckoned_mm":87,"candidate_mm":87,"viable":[0,1,3,4],"lostm":4,"lost_ms":40001,"agree":284,"disagree":6,"losts":1,"auto":1}
1786551866.568960000 ngr/loco/9950011/state/loopstat {"loop_max_gap_ms":33,"hall_task_max_gap_ms":2,"hall_task_age_ms":1,"baseline":1893,"raw":1898,"delta":5,"queue_drops":0,"floor_rejects":10,"queue_high_water":0,"mqtt_connect_ms":185,"mqtt_attempts":1,"pub_drops":0,"pub_queue_hw":1,"cmd_drops":0,"pub_per_s":1,"marker_pub_drops":0,"marker_pub_hw":0,"nav":"NO_QUORUM","mm":87,"miss_streak":0,"pwm":0,"lost_markers":4,"lost_ms":40103,"motor_dir":"FWD"}
1786551867.464972000 ngr/loco/9950011/alert {"level":"NO_QUORUM","reason":"STATUS","loco":"9950011","uptime_ms":784451,"nav":"NO_QUORUM","moving":0,"pwm":0,"est_mm_s":94,"dir":"CW","session_dir":"CW","mdir":"FWD","rear":63,"front":92,"env":8785,"lc_mm":63,"last_confirmed_landmark":"Grillers","age_ms":101834,"since":24,"dead_reckoned_mm":87,"candidate_mm":87,"viable":[0,1,3,4],"lostm":4,"lost_ms":41001,"agree":284,"disagree":6,"losts":1,"auto":1}
1786551867.549004000 ngr/loco/9950011/state/loopstat {"loop_max_gap_ms":34,"hall_task_max_gap_ms":2,"hall_task_age_ms":1,"baseline":1893,"raw":1900,"delta":7,"queue_drops":0,"floor_rejects":10,"queue_high_water":0,"mqtt_connect_ms":185,"mqtt_attempts":1,"pub_drops":0,"pub_queue_hw":1,"cmd_drops":0,"pub_per_s":1,"marker_pub_drops":0,"marker_pub_hw":0,"nav":"NO_QUORUM","mm":87,"miss_streak":0,"pwm":0,"lost_markers":4,"lost_ms":41103,"motor_dir":"FWD"}
1786551867.996684000 ngr/loco/9950011/telem/voltage 16.48
1786551868.042358000 ngr/loco/9950011/telem/current 0.17
1786551868.042590000 ngr/loco/9950011/telem/power 2.84
1786551868.446199000 ngr/loco/9950011/alert {"level":"NO_QUORUM","reason":"STATUS","loco":"9950011","uptime_ms":785451,"nav":"NO_QUORUM","moving":0,"pwm":0,"est_mm_s":94,"dir":"CW","session_dir":"CW","mdir":"FWD","rear":63,"front":92,"env":8785,"lc_mm":63,"last_confirmed_landmark":"Grillers","age_ms":102834,"since":24,"dead_reckoned_mm":87,"candidate_mm":87,"viable":[0,1,3,4],"lostm":4,"lost_ms":42001,"agree":284,"disagree":6,"losts":1,"auto":1}
1786551868.598585000 ngr/loco/9950011/state/loopstat {"loop_max_gap_ms":34,"hall_task_max_gap_ms":2,"hall_task_age_ms":1,"baseline":1893,"raw":1900,"delta":7,"queue_drops":0,"floor_rejects":10,"queue_high_water":0,"mqtt_connect_ms":185,"mqtt_attempts":1,"pub_drops":0,"pub_queue_hw":3,"cmd_drops":0,"pub_per_s":4,"marker_pub_drops":0,"marker_pub_hw":0,"nav":"NO_QUORUM","mm":87,"miss_streak":0,"pwm":0,"lost_markers":4,"lost_ms":42103,"motor_dir":"FWD"}
1786551869.444272000 ngr/loco/9950011/alert {"level":"NO_QUORUM","reason":"STATUS","loco":"9950011","uptime_ms":786451,"nav":"NO_QUORUM","moving":0,"pwm":0,"est_mm_s":94,"dir":"CW","session_dir":"CW","mdir":"FWD","rear":63,"front":92,"env":8785,"lc_mm":63,"last_confirmed_landmark":"Grillers","age_ms":103834,"since":24,"dead_reckoned_mm":87,"candidate_mm":87,"viable":[0,1,3,4],"lostm":4,"lost_ms":43001,"agree":284,"disagree":6,"losts":1,"auto":1}
1786551869.539556000 ngr/loco/9950011/state/loopstat {"loop_max_gap_ms":33,"hall_task_max_gap_ms":2,"hall_task_age_ms":1,"baseline":1893,"raw":1900,"delta":7,"queue_drops":0,"floor_rejects":10,"queue_high_water":0,"mqtt_connect_ms":185,"mqtt_attempts":1,"pub_drops":0,"pub_queue_hw":1,"cmd_drops":0,"pub_per_s":1,"marker_pub_drops":0,"marker_pub_hw":0,"nav":"NO_QUORUM","mm":87,"miss_streak":0,"pwm":0,"lost_markers":4,"lost_ms":43103,"motor_dir":"FWD"}
1786551870.457707000 ngr/loco/9950011/alert {"level":"NO_QUORUM","reason":"STATUS","loco":"9950011","uptime_ms":787451,"nav":"NO_QUORUM","moving":0,"pwm":0,"est_mm_s":94,"dir":"CW","session_dir":"CW","mdir":"FWD","rear":63,"front":92,"env":8785,"lc_mm":63,"last_confirmed_landmark":"Grillers","age_ms":104834,"since":24,"dead_reckoned_mm":87,"candidate_mm":87,"viable":[0,1,3,4],"lostm":4,"lost_ms":44001,"agree":284,"disagree":6,"losts":1,"auto":1}
1786551870.534840000 ngr/loco/9950011/state/loopstat {"loop_max_gap_ms":33,"hall_task_max_gap_ms":2,"hall_task_age_ms":1,"baseline":1893,"raw":1900,"delta":7,"queue_drops":0,"floor_rejects":10,"queue_high_water":0,"mqtt_connect_ms":185,"mqtt_attempts":1,"pub_drops":0,"pub_queue_hw":1,"cmd_drops":0,"pub_per_s":1,"marker_pub_drops":0,"marker_pub_hw":0,"nav":"NO_QUORUM","mm":87,"miss_streak":0,"pwm":0,"lost_markers":4,"lost_ms":44103,"motor_dir":"FWD"}
1786551871.457368000 ngr/loco/9950011/alert {"level":"NO_QUORUM","reason":"STATUS","loco":"9950011","uptime_ms":788451,"nav":"NO_QUORUM","moving":0,"pwm":0,"est_mm_s":94,"dir":"CW","session_dir":"CW","mdir":"FWD","rear":63,"front":92,"env":8785,"lc_mm":63,"last_confirmed_landmark":"Grillers","age_ms":105834,"since":24,"dead_reckoned_mm":87,"candidate_mm":87,"viable":[0,1,3,4],"lostm":4,"lost_ms":45001,"agree":284,"disagree":6,"losts":1,"auto":1}
1786551871.538522000 ngr/loco/9950011/state/loopstat {"loop_max_gap_ms":33,"hall_task_max_gap_ms":2,"hall_task_age_ms":1,"baseline":1893,"raw":1900,"delta":7,"queue_drops":0,"floor_rejects":10,"queue_high_water":0,"mqtt_connect_ms":185,"mqtt_attempts":1,"pub_drops":0,"pub_queue_hw":1,"cmd_drops":0,"pub_per_s":1,"marker_pub_drops":0,"marker_pub_hw":0,"nav":"NO_QUORUM","mm":87,"miss_streak":0,"pwm":0,"lost_markers":4,"lost_ms":45103,"motor_dir":"FWD"}
1786551872.439469000 ngr/loco/9950011/alert {"level":"NO_QUORUM","reason":"STATUS","loco":"9950011","uptime_ms":789451,"nav":"NO_QUORUM","moving":0,"pwm":0,"est_mm_s":94,"dir":"CW","session_dir":"CW","mdir":"FWD","rear":63,"front":92,"env":8785,"lc_mm":63,"last_confirmed_landmark":"Grillers","age_ms":106834,"since":24,"dead_reckoned_mm":87,"candidate_mm":87,"viable":[0,1,3,4],"lostm":4,"lost_ms":46001,"agree":284,"disagree":6,"losts":1,"auto":1}
1786551872.542550000 ngr/loco/9950011/state/loopstat {"loop_max_gap_ms":33,"hall_task_max_gap_ms":2,"hall_task_age_ms":1,"baseline":1893,"raw":1900,"delta":7,"queue_drops":0,"floor_rejects":10,"queue_high_water":0,"mqtt_connect_ms":185,"mqtt_attempts":1,"pub_drops":0,"pub_queue_hw":1,"cmd_drops":0,"pub_per_s":1,"marker_pub_drops":0,"marker_pub_hw":0,"nav":"NO_QUORUM","mm":87,"miss_streak":0,"pwm":0,"lost_markers":4,"lost_ms":46103,"motor_dir":"FWD"}
1786551873.010843000 ngr/loco/9950011/telem/voltage 16.48
1786551873.025512000 ngr/loco/9950011/telem/current 0.18
1786551873.025650000 ngr/loco/9950011/telem/power 2.45
1786551873.447372000 ngr/loco/9950011/alert {"level":"NO_QUORUM","reason":"STATUS","loco":"9950011","uptime_ms":790451,"nav":"NO_QUORUM","moving":0,"pwm":0,"est_mm_s":94,"dir":"CW","session_dir":"CW","mdir":"FWD","rear":63,"front":92,"env":8785,"lc_mm":63,"last_confirmed_landmark":"Grillers","age_ms":107834,"since":24,"dead_reckoned_mm":87,"candidate_mm":87,"viable":[0,1,3,4],"lostm":4,"lost_ms":47001,"agree":284,"disagree":6,"losts":1,"auto":1}
1786551873.541455000 ngr/loco/9950011/state/loopstat {"loop_max_gap_ms":33,"hall_task_max_gap_ms":3,"hall_task_age_ms":1,"baseline":1893,"raw":1899,"delta":6,"queue_drops":0,"floor_rejects":10,"queue_high_water":0,"mqtt_connect_ms":185,"mqtt_attempts":1,"pub_drops":0,"pub_queue_hw":3,"cmd_drops":0,"pub_per_s":4,"marker_pub_drops":0,"marker_pub_hw":0,"nav":"NO_QUORUM","mm":87,"miss_streak":0,"pwm":0,"lost_markers":4,"lost_ms":47103,"motor_dir":"FWD"}
1786551874.061815000 $SYS/broker/uptime 51694 seconds
1786551874.430884000 ngr/loco/9950011/alert {"level":"NO_QUORUM","reason":"STATUS","loco":"9950011","uptime_ms":791451,"nav":"NO_QUORUM","moving":0,"pwm":0,"est_mm_s":94,"dir":"CW","session_dir":"CW","mdir":"FWD","rear":63,"front":92,"env":8785,"lc_mm":63,"last_confirmed_landmark":"Grillers","age_ms":108834,"since":24,"dead_reckoned_mm":87,"candidate_mm":87,"viable":[0,1,3,4],"lostm":4,"lost_ms":48001,"agree":284,"disagree":6,"losts":1,"auto":1}
1786551874.543973000 ngr/loco/9950011/state/loopstat {"loop_max_gap_ms":33,"hall_task_max_gap_ms":2,"hall_task_age_ms":1,"baseline":1893,"raw":1900,"delta":7,"queue_drops":0,"floor_rejects":10,"queue_high_water":0,"mqtt_connect_ms":185,"mqtt_attempts":1,"pub_drops":0,"pub_queue_hw":1,"cmd_drops":0,"pub_per_s":1,"marker_pub_drops":0,"marker_pub_hw":0,"nav":"NO_QUORUM","mm":87,"miss_streak":0,"pwm":0,"lost_markers":4,"lost_ms":48103,"motor_dir":"FWD"}
1786551875.443164000 ngr/loco/9950011/alert {"level":"NO_QUORUM","reason":"STATUS","loco":"9950011","uptime_ms":792451,"nav":"NO_QUORUM","moving":0,"pwm":0,"est_mm_s":94,"dir":"CW","session_dir":"CW","mdir":"FWD","rear":63,"front":92,"env":8785,"lc_mm":63,"last_confirmed_landmark":"Grillers","age_ms":109834,"since":24,"dead_reckoned_mm":87,"candidate_mm":87,"viable":[0,1,3,4],"lostm":4,"lost_ms":49001,"agree":284,"disagree":6,"losts":1,"auto":1}
1786551875.549658000 ngr/loco/9950011/state/loopstat {"loop_max_gap_ms":33,"hall_task_max_gap_ms":2,"hall_task_age_ms":1,"baseline":1893,"raw":1899,"delta":6,"queue_drops":0,"floor_rejects":10,"queue_high_water":0,"mqtt_connect_ms":185,"mqtt_attempts":1,"pub_drops":0,"pub_queue_hw":1,"cmd_drops":0,"pub_per_s":1,"marker_pub_drops":0,"marker_pub_hw":0,"nav":"NO_QUORUM","mm":87,"miss_streak":0,"pwm":0,"lost_markers":4,"lost_ms":49103,"motor_dir":"FWD"}
1786551876.433575000 ngr/loco/9950011/alert {"level":"NO_QUORUM","reason":"STATUS","loco":"9950011","uptime_ms":793451,"nav":"NO_QUORUM","moving":0,"pwm":0,"est_mm_s":94,"dir":"CW","session_dir":"CW","mdir":"FWD","rear":63,"front":92,"env":8785,"lc_mm":63,"last_confirmed_landmark":"Grillers","age_ms":110834,"since":24,"dead_reckoned_mm":87,"candidate_mm":87,"viable":[0,1,3,4],"lostm":4,"lost_ms":50001,"agree":284,"disagree":6,"losts":1,"auto":1}
1786551876.536071000 ngr/loco/9950011/state/loopstat {"loop_max_gap_ms":34,"hall_task_max_gap_ms":2,"hall_task_age_ms":1,"baseline":1893,"raw":1899,"delta":6,"queue_drops":0,"floor_rejects":10,"queue_high_water":0,"mqtt_connect_ms":185,"mqtt_attempts":1,"pub_drops":0,"pub_queue_hw":1,"cmd_drops":0,"pub_per_s":1,"marker_pub_drops":0,"marker_pub_hw":0,"nav":"NO_QUORUM","mm":87,"miss_streak":0,"pwm":0,"lost_markers":4,"lost_ms":50103,"motor_dir":"FWD"}
1786551877.448917000 ngr/loco/9950011/alert {"level":"NO_QUORUM","reason":"STATUS","loco":"9950011","uptime_ms":794451,"nav":"NO_QUORUM","moving":0,"pwm":0,"est_mm_s":94,"dir":"CW","session_dir":"CW","mdir":"FWD","rear":63,"front":92,"env":8785,"lc_mm":63,"last_confirmed_landmark":"Grillers","age_ms":111834,"since":24,"dead_reckoned_mm":87,"candidate_mm":87,"viable":[0,1,3,4],"lostm":4,"lost_ms":51001,"agree":284,"disagree":6,"losts":1,"auto":1}
1786551877.541181000 ngr/loco/9950011/state/loopstat {"loop_max_gap_ms":34,"hall_task_max_gap_ms":2,"hall_task_age_ms":1,"baseline":1893,"raw":1900,"delta":7,"queue_drops":0,"floor_rejects":10,"queue_high_water":0,"mqtt_connect_ms":185,"mqtt_attempts":1,"pub_drops":0,"pub_queue_hw":1,"cmd_drops":0,"pub_per_s":1,"marker_pub_drops":0,"marker_pub_hw":0,"nav":"NO_QUORUM","mm":87,"miss_streak":0,"pwm":0,"lost_markers":4,"lost_ms":51103,"motor_dir":"FWD"}
1786551878.019200000 ngr/loco/9950011/telem/voltage 16.48
1786551878.057823000 ngr/loco/9950011/telem/current 0.17
1786551878.057993000 ngr/loco/9950011/telem/power 2.88
1786551878.441569000 ngr/loco/9950011/alert {"level":"NO_QUORUM","reason":"STATUS","loco":"9950011","uptime_ms":795451,"nav":"NO_QUORUM","moving":0,"pwm":0,"est_mm_s":94,"dir":"CW","session_dir":"CW","mdir":"FWD","rear":63,"front":92,"env":8785,"lc_mm":63,"last_confirmed_landmark":"Grillers","age_ms":112834,"since":24,"dead_reckoned_mm":87,"candidate_mm":87,"viable":[0,1,3,4],"lostm":4,"lost_ms":52001,"agree":284,"disagree":6,"losts":1,"auto":1}
1786551878.541146000 ngr/loco/9950011/state/loopstat {"loop_max_gap_ms":33,"hall_task_max_gap_ms":2,"hall_task_age_ms":1,"baseline":1893,"raw":1898,"delta":5,"queue_drops":0,"floor_rejects":10,"queue_high_water":0,"mqtt_connect_ms":185,"mqtt_attempts":1,"pub_drops":0,"pub_queue_hw":3,"cmd_drops":0,"pub_per_s":4,"marker_pub_drops":0,"marker_pub_hw":0,"nav":"NO_QUORUM","mm":87,"miss_streak":0,"pwm":0,"lost_markers":4,"lost_ms":52103,"motor_dir":"FWD"}
1786551879.441574000 ngr/loco/9950011/alert {"level":"NO_QUORUM","reason":"STATUS","loco":"9950011","uptime_ms":796451,"nav":"NO_QUORUM","moving":0,"pwm":0,"est_mm_s":94,"dir":"CW","session_dir":"CW","mdir":"FWD","rear":63,"front":92,"env":8785,"lc_mm":63,"last_confirmed_landmark":"Grillers","age_ms":113834,"since":24,"dead_reckoned_mm":87,"candidate_mm":87,"viable":[0,1,3,4],"lostm":4,"lost_ms":53001,"agree":284,"disagree":6,"losts":1,"auto":1}
1786551879.537950000 ngr/loco/9950011/state/loopstat {"loop_max_gap_ms":34,"hall_task_max_gap_ms":2,"hall_task_age_ms":1,"baseline":1893,"raw":1901,"delta":8,"queue_drops":0,"floor_rejects":10,"queue_high_water":0,"mqtt_connect_ms":185,"mqtt_attempts":1,"pub_drops":0,"pub_queue_hw":1,"cmd_drops":0,"pub_per_s":1,"marker_pub_drops":0,"marker_pub_hw":0,"nav":"NO_QUORUM","mm":87,"miss_streak":0,"pwm":0,"lost_markers":4,"lost_ms":53103,"motor_dir":"FWD"}
1786551880.460393000 ngr/loco/9950011/alert {"level":"NO_QUORUM","reason":"STATUS","loco":"9950011","uptime_ms":797451,"nav":"NO_QUORUM","moving":0,"pwm":0,"est_mm_s":94,"dir":"CW","session_dir":"CW","mdir":"FWD","rear":63,"front":92,"env":8785,"lc_mm":63,"last_confirmed_landmark":"Grillers","age_ms":114834,"since":24,"dead_reckoned_mm":87,"candidate_mm":87,"viable":[0,1,3,4],"lostm":4,"lost_ms":54001,"agree":284,"disagree":6,"losts":1,"auto":1}
1786551880.540161000 ngr/loco/9950011/state/loopstat {"loop_max_gap_ms":34,"hall_task_max_gap_ms":2,"hall_task_age_ms":1,"baseline":1893,"raw":1898,"delta":5,"queue_drops":0,"floor_rejects":10,"queue_high_water":0,"mqtt_connect_ms":185,"mqtt_attempts":1,"pub_drops":0,"pub_queue_hw":1,"cmd_drops":0,"pub_per_s":1,"marker_pub_drops":0,"marker_pub_hw":0,"nav":"NO_QUORUM","mm":87,"miss_streak":0,"pwm":0,"lost_markers":4,"lost_ms":54103,"motor_dir":"FWD"}
1786551881.435676000 ngr/loco/9950011/alert {"level":"NO_QUORUM","reason":"STATUS","loco":"9950011","uptime_ms":798451,"nav":"NO_QUORUM","moving":0,"pwm":0,"est_mm_s":94,"dir":"CW","session_dir":"CW","mdir":"FWD","rear":63,"front":92,"env":8785,"lc_mm":63,"last_confirmed_landmark":"Grillers","age_ms":115834,"since":24,"dead_reckoned_mm":87,"candidate_mm":87,"viable":[0,1,3,4],"lostm":4,"lost_ms":55001,"agree":284,"disagree":6,"losts":1,"auto":1}
1786551881.540535000 ngr/loco/9950011/state/loopstat {"loop_max_gap_ms":34,"hall_task_max_gap_ms":2,"hall_task_age_ms":1,"baseline":1893,"raw":1901,"delta":8,"queue_drops":0,"floor_rejects":10,"queue_high_water":0,"mqtt_connect_ms":185,"mqtt_attempts":1,"pub_drops":0,"pub_queue_hw":1,"cmd_drops":0,"pub_per_s":1,"marker_pub_drops":0,"marker_pub_hw":0,"nav":"NO_QUORUM","mm":87,"miss_streak":0,"pwm":0,"lost_markers":4,"lost_ms":55103,"motor_dir":"FWD"}
1786551882.461841000 ngr/loco/9950011/alert {"level":"NO_QUORUM","reason":"STATUS","loco":"9950011","uptime_ms":799451,"nav":"NO_QUORUM","moving":0,"pwm":0,"est_mm_s":94,"dir":"CW","session_dir":"CW","mdir":"FWD","rear":63,"front":92,"env":8785,"lc_mm":63,"last_confirmed_landmark":"Grillers","age_ms":116834,"since":24,"dead_reckoned_mm":87,"candidate_mm":87,"viable":[0,1,3,4],"lostm":4,"lost_ms":56001,"agree":284,"disagree":6,"losts":1,"auto":1}
1786551882.534982000 ngr/loco/9950011/state/loopstat {"loop_max_gap_ms":33,"hall_task_max_gap_ms":2,"hall_task_age_ms":1,"baseline":1893,"raw":1900,"delta":7,"queue_drops":0,"floor_rejects":10,"queue_high_water":0,"mqtt_connect_ms":185,"mqtt_attempts":1,"pub_drops":0,"pub_queue_hw":1,"cmd_drops":0,"pub_per_s":1,"marker_pub_drops":0,"marker_pub_hw":0,"nav":"NO_QUORUM","mm":87,"miss_streak":0,"pwm":0,"lost_markers":4,"lost_ms":56103,"motor_dir":"FWD"}
1786551883.016791000 ngr/loco/9950011/telem/voltage 16.48
1786551883.052471000 ngr/loco/9950011/telem/current 0.17
1786551883.064935000 ngr/loco/9950011/telem/power 2.82
1786551883.436479000 ngr/loco/9950011/alert {"level":"NO_QUORUM","reason":"STATUS","loco":"9950011","uptime_ms":800451,"nav":"NO_QUORUM","moving":0,"pwm":0,"est_mm_s":94,"dir":"CW","session_dir":"CW","mdir":"FWD","rear":63,"front":92,"env":8785,"lc_mm":63,"last_confirmed_landmark":"Grillers","age_ms":117834,"since":24,"dead_reckoned_mm":87,"candidate_mm":87,"viable":[0,1,3,4],"lostm":4,"lost_ms":57001,"agree":284,"disagree":6,"losts":1,"auto":1}
1786551883.539225000 ngr/loco/9950011/state/loopstat {"loop_max_gap_ms":34,"hall_task_max_gap_ms":2,"hall_task_age_ms":1,"baseline":1893,"raw":1899,"delta":6,"queue_drops":0,"floor_rejects":10,"queue_high_water":0,"mqtt_connect_ms":185,"mqtt_attempts":1,"pub_drops":0,"pub_queue_hw":3,"cmd_drops":0,"pub_per_s":4,"marker_pub_drops":0,"marker_pub_hw":0,"nav":"NO_QUORUM","mm":87,"miss_streak":0,"pwm":0,"lost_markers":4,"lost_ms":57103,"motor_dir":"FWD"}
1786551884.440863000 ngr/loco/9950011/alert {"level":"NO_QUORUM","reason":"STATUS","loco":"9950011","uptime_ms":801451,"nav":"NO_QUORUM","moving":0,"pwm":0,"est_mm_s":94,"dir":"CW","session_dir":"CW","mdir":"FWD","rear":63,"front":92,"env":8785,"lc_mm":63,"last_confirmed_landmark":"Grillers","age_ms":118834,"since":24,"dead_reckoned_mm":87,"candidate_mm":87,"viable":[0,1,3,4],"lostm":4,"lost_ms":58001,"agree":284,"disagree":6,"losts":1,"auto":1}
1786551884.547073000 ngr/loco/9950011/state/loopstat {"loop_max_gap_ms":34,"hall_task_max_gap_ms":2,"hall_task_age_ms":1,"baseline":1893,"raw":1901,"delta":8,"queue_drops":0,"floor_rejects":10,"queue_high_water":0,"mqtt_connect_ms":185,"mqtt_attempts":1,"pub_drops":0,"pub_queue_hw":1,"cmd_drops":0,"pub_per_s":1,"marker_pub_drops":0,"marker_pub_hw":0,"nav":"NO_QUORUM","mm":87,"miss_streak":0,"pwm":0,"lost_markers":4,"lost_ms":58103,"motor_dir":"FWD"}
1786551885.053952000 $SYS/broker/uptime 51705 seconds
1786551885.455535000 ngr/loco/9950011/alert {"level":"NO_QUORUM","reason":"STATUS","loco":"9950011","uptime_ms":802451,"nav":"NO_QUORUM","moving":0,"pwm":0,"est_mm_s":94,"dir":"CW","session_dir":"CW","mdir":"FWD","rear":63,"front":92,"env":8785,"lc_mm":63,"last_confirmed_landmark":"Grillers","age_ms":119834,"since":24,"dead_reckoned_mm":87,"candidate_mm":87,"viable":[0,1,3,4],"lostm":4,"lost_ms":59001,"agree":284,"disagree":6,"losts":1,"auto":1}
1786551885.586230000 ngr/loco/9950011/state/loopstat {"loop_max_gap_ms":33,"hall_task_max_gap_ms":2,"hall_task_age_ms":1,"baseline":1893,"raw":1897,"delta":4,"queue_drops":0,"floor_rejects":10,"queue_high_water":0,"mqtt_connect_ms":185,"mqtt_attempts":1,"pub_drops":0,"pub_queue_hw":1,"cmd_drops":0,"pub_per_s":1,"marker_pub_drops":0,"marker_pub_hw":0,"nav":"NO_QUORUM","mm":87,"miss_streak":0,"pwm":0,"lost_markers":4,"lost_ms":59103,"motor_dir":"FWD"}
1786551886.439024000 ngr/loco/9950011/alert {"level":"NO_QUORUM","reason":"STATUS","loco":"9950011","uptime_ms":803451,"nav":"NO_QUORUM","moving":0,"pwm":0,"est_mm_s":94,"dir":"CW","session_dir":"CW","mdir":"FWD","rear":63,"front":92,"env":8785,"lc_mm":63,"last_confirmed_landmark":"Grillers","age_ms":120834,"since":24,"dead_reckoned_mm":87,"candidate_mm":87,"viable":[0,1,3,4],"lostm":4,"lost_ms":60001,"agree":284,"disagree":6,"losts":1,"auto":1}
1786551886.540521000 ngr/loco/9950011/state/loopstat {"loop_max_gap_ms":34,"hall_task_max_gap_ms":2,"hall_task_age_ms":1,"baseline":1893,"raw":1897,"delta":4,"queue_drops":0,"floor_rejects":10,"queue_high_water":0,"mqtt_connect_ms":185,"mqtt_attempts":1,"pub_drops":0,"pub_queue_hw":1,"cmd_drops":0,"pub_per_s":1,"marker_pub_drops":0,"marker_pub_hw":0,"nav":"NO_QUORUM","mm":87,"miss_streak":0,"pwm":0,"lost_markers":4,"lost_ms":60103,"motor_dir":"FWD"}
1786551887.466365000 ngr/loco/9950011/alert {"level":"NO_QUORUM","reason":"STATUS","loco":"9950011","uptime_ms":804451,"nav":"NO_QUORUM","moving":0,"pwm":0,"est_mm_s":94,"dir":"CW","session_dir":"CW","mdir":"FWD","rear":63,"front":92,"env":8785,"lc_mm":63,"last_confirmed_landmark":"Grillers","age_ms":121834,"since":24,"dead_reckoned_mm":87,"candidate_mm":87,"viable":[0,1,3,4],"lostm":4,"lost_ms":61001,"agree":284,"disagree":6,"losts":1,"auto":1}
1786551887.554592000 ngr/loco/9950011/state/loopstat {"loop_max_gap_ms":33,"hall_task_max_gap_ms":2,"hall_task_age_ms":1,"baseline":1893,"raw":1898,"delta":5,"queue_drops":0,"floor_rejects":10,"queue_high_water":0,"mqtt_connect_ms":185,"mqtt_attempts":1,"pub_drops":0,"pub_queue_hw":1,"cmd_drops":0,"pub_per_s":1,"marker_pub_drops":0,"marker_pub_hw":0,"nav":"NO_QUORUM","mm":87,"miss_streak":0,"pwm":0,"lost_markers":4,"lost_ms":61103,"motor_dir":"FWD"}
1786551888.030863000 ngr/loco/9950011/telem/voltage 16.48
1786551888.054426000 ngr/loco/9950011/telem/current 0.18
1786551888.054492000 ngr/loco/9950011/telem/power 2.95
1786551888.448173000 ngr/loco/9950011/alert {"level":"NO_QUORUM","reason":"STATUS","loco":"9950011","uptime_ms":805451,"nav":"NO_QUORUM","moving":0,"pwm":0,"est_mm_s":94,"dir":"CW","session_dir":"CW","mdir":"FWD","rear":63,"front":92,"env":8785,"lc_mm":63,"last_confirmed_landmark":"Grillers","age_ms":122834,"since":24,"dead_reckoned_mm":87,"candidate_mm":87,"viable":[0,1,3,4],"lostm":4,"lost_ms":62001,"agree":284,"disagree":6,"losts":1,"auto":1}
1786551888.545809000 ngr/loco/9950011/state/loopstat {"loop_max_gap_ms":33,"hall_task_max_gap_ms":2,"hall_task_age_ms":1,"baseline":1893,"raw":1898,"delta":5,"queue_drops":0,"floor_rejects":10,"queue_high_water":0,"mqtt_connect_ms":185,"mqtt_attempts":1,"pub_drops":0,"pub_queue_hw":3,"cmd_drops":0,"pub_per_s":4,"marker_pub_drops":0,"marker_pub_hw":0,"nav":"NO_QUORUM","mm":87,"miss_streak":0,"pwm":0,"lost_markers":4,"lost_ms":62103,"motor_dir":"FWD"}
1786551889.446037000 ngr/loco/9950011/alert {"level":"NO_QUORUM","reason":"STATUS","loco":"9950011","uptime_ms":806451,"nav":"NO_QUORUM","moving":0,"pwm":0,"est_mm_s":94,"dir":"CW","session_dir":"CW","mdir":"FWD","rear":63,"front":92,"env":8785,"lc_mm":63,"last_confirmed_landmark":"Grillers","age_ms":123834,"since":24,"dead_reckoned_mm":87,"candidate_mm":87,"viable":[0,1,3,4],"lostm":4,"lost_ms":63001,"agree":284,"disagree":6,"losts":1,"auto":1}
1786551889.542176000 ngr/loco/9950011/state/loopstat {"loop_max_gap_ms":33,"hall_task_max_gap_ms":2,"hall_task_age_ms":1,"baseline":1893,"raw":1899,"delta":6,"queue_drops":0,"floor_rejects":10,"queue_high_water":0,"mqtt_connect_ms":185,"mqtt_attempts":1,"pub_drops":0,"pub_queue_hw":1,"cmd_drops":0,"pub_per_s":1,"marker_pub_drops":0,"marker_pub_hw":0,"nav":"NO_QUORUM","mm":87,"miss_streak":0,"pwm":0,"lost_markers":4,"lost_ms":63103,"motor_dir":"FWD"}
1786551890.436800000 ngr/loco/9950011/alert {"level":"NO_QUORUM","reason":"STATUS","loco":"9950011","uptime_ms":807451,"nav":"NO_QUORUM","moving":0,"pwm":0,"est_mm_s":94,"dir":"CW","session_dir":"CW","mdir":"FWD","rear":63,"front":92,"env":8785,"lc_mm":63,"last_confirmed_landmark":"Grillers","age_ms":124834,"since":24,"dead_reckoned_mm":87,"candidate_mm":87,"viable":[0,1,3,4],"lostm":4,"lost_ms":64001,"agree":284,"disagree":6,"losts":1,"auto":1}
1786551890.538739000 ngr/loco/9950011/state/loopstat {"loop_max_gap_ms":34,"hall_task_max_gap_ms":2,"hall_task_age_ms":1,"baseline":1893,"raw":1899,"delta":6,"queue_drops":0,"floor_rejects":10,"queue_high_water":0,"mqtt_connect_ms":185,"mqtt_attempts":1,"pub_drops":0,"pub_queue_hw":1,"cmd_drops":0,"pub_per_s":1,"marker_pub_drops":0,"marker_pub_hw":0,"nav":"NO_QUORUM","mm":87,"miss_streak":0,"pwm":0,"lost_markers":4,"lost_ms":64103,"motor_dir":"FWD"}
1786551891.446983000 ngr/loco/9950011/alert {"level":"NO_QUORUM","reason":"STATUS","loco":"9950011","uptime_ms":808451,"nav":"NO_QUORUM","moving":0,"pwm":0,"est_mm_s":94,"dir":"CW","session_dir":"CW","mdir":"FWD","rear":63,"front":92,"env":8785,"lc_mm":63,"last_confirmed_landmark":"Grillers","age_ms":125834,"since":24,"dead_reckoned_mm":87,"candidate_mm":87,"viable":[0,1,3,4],"lostm":4,"lost_ms":65001,"agree":284,"disagree":6,"losts":1,"auto":1}
1786551891.548938000 ngr/loco/9950011/state/loopstat {"loop_max_gap_ms":34,"hall_task_max_gap_ms":2,"hall_task_age_ms":1,"baseline":1893,"raw":1899,"delta":6,"queue_drops":0,"floor_rejects":10,"queue_high_water":0,"mqtt_connect_ms":185,"mqtt_attempts":1,"pub_drops":0,"pub_queue_hw":1,"cmd_drops":0,"pub_per_s":1,"marker_pub_drops":0,"marker_pub_hw":0,"nav":"NO_QUORUM","mm":87,"miss_streak":0,"pwm":0,"lost_markers":4,"lost_ms":65103,"motor_dir":"FWD"}
1786551892.442654000 ngr/loco/9950011/alert {"level":"NO_QUORUM","reason":"STATUS","loco":"9950011","uptime_ms":809451,"nav":"NO_QUORUM","moving":0,"pwm":0,"est_mm_s":94,"dir":"CW","session_dir":"CW","mdir":"FWD","rear":63,"front":92,"env":8785,"lc_mm":63,"last_confirmed_landmark":"Grillers","age_ms":126834,"since":24,"dead_reckoned_mm":87,"candidate_mm":87,"viable":[0,1,3,4],"lostm":4,"lost_ms":66001,"agree":284,"disagree":6,"losts":1,"auto":1}
1786551892.538406000 ngr/loco/9950011/state/loopstat {"loop_max_gap_ms":34,"hall_task_max_gap_ms":2,"hall_task_age_ms":1,"baseline":1893,"raw":1899,"delta":6,"queue_drops":0,"floor_rejects":10,"queue_high_water":0,"mqtt_connect_ms":185,"mqtt_attempts":1,"pub_drops":0,"pub_queue_hw":1,"cmd_drops":0,"pub_per_s":1,"marker_pub_drops":0,"marker_pub_hw":0,"nav":"NO_QUORUM","mm":87,"miss_streak":0,"pwm":0,"lost_markers":4,"lost_ms":66103,"motor_dir":"FWD"}
1786551893.024442000 ngr/loco/9950011/telem/voltage 16.48
1786551893.065607000 ngr/loco/9950011/telem/current 0.17
1786551893.069484000 ngr/loco/9950011/telem/power 3.32
1786551893.443474000 ngr/loco/9950011/alert {"level":"NO_QUORUM","reason":"STATUS","loco":"9950011","uptime_ms":810451,"nav":"NO_QUORUM","moving":0,"pwm":0,"est_mm_s":94,"dir":"CW","session_dir":"CW","mdir":"FWD","rear":63,"front":92,"env":8785,"lc_mm":63,"last_confirmed_landmark":"Grillers","age_ms":127834,"since":24,"dead_reckoned_mm":87,"candidate_mm":87,"viable":[0,1,3,4],"lostm":4,"lost_ms":67001,"agree":284,"disagree":6,"losts":1,"auto":1}
1786551893.535452000 ngr/loco/9950011/state/loopstat {"loop_max_gap_ms":33,"hall_task_max_gap_ms":2,"hall_task_age_ms":1,"baseline":1893,"raw":1899,"delta":6,"queue_drops":0,"floor_rejects":10,"queue_high_water":0,"mqtt_connect_ms":185,"mqtt_attempts":1,"pub_drops":0,"pub_queue_hw":3,"cmd_drops":0,"pub_per_s":4,"marker_pub_drops":0,"marker_pub_hw":0,"nav":"NO_QUORUM","mm":87,"miss_streak":0,"pwm":0,"lost_markers":4,"lost_ms":67103,"motor_dir":"FWD"}
1786551894.513683000 ngr/loco/9950011/alert {"level":"NO_QUORUM","reason":"STATUS","loco":"9950011","uptime_ms":811451,"nav":"NO_QUORUM","moving":0,"pwm":0,"est_mm_s":94,"dir":"CW","session_dir":"CW","mdir":"FWD","rear":63,"front":92,"env":8785,"lc_mm":63,"last_confirmed_landmark":"Grillers","age_ms":128834,"since":24,"dead_reckoned_mm":87,"candidate_mm":87,"viable":[0,1,3,4],"lostm":4,"lost_ms":68001,"agree":284,"disagree":6,"losts":1,"auto":1}
1786551894.537647000 ngr/loco/9950011/state/loopstat {"loop_max_gap_ms":33,"hall_task_max_gap_ms":2,"hall_task_age_ms":1,"baseline":1893,"raw":1901,"delta":8,"queue_drops":0,"floor_rejects":10,"queue_high_water":0,"mqtt_connect_ms":185,"mqtt_attempts":1,"pub_drops":0,"pub_queue_hw":1,"cmd_drops":0,"pub_per_s":1,"marker_pub_drops":0,"marker_pub_hw":0,"nav":"NO_QUORUM","mm":87,"miss_streak":0,"pwm":0,"lost_markers":4,"lost_ms":68103,"motor_dir":"FWD"}
1786551895.452038000 ngr/loco/9950011/alert {"level":"NO_QUORUM","reason":"STATUS","loco":"9950011","uptime_ms":812451,"nav":"NO_QUORUM","moving":0,"pwm":0,"est_mm_s":94,"dir":"CW","session_dir":"CW","mdir":"FWD","rear":63,"front":92,"env":8785,"lc_mm":63,"last_confirmed_landmark":"Grillers","age_ms":129834,"since":24,"dead_reckoned_mm":87,"candidate_mm":87,"viable":[0,1,3,4],"lostm":4,"lost_ms":69001,"agree":284,"disagree":6,"losts":1,"auto":1}
1786551895.560206000 ngr/loco/9950011/state/loopstat {"loop_max_gap_ms":34,"hall_task_max_gap_ms":2,"hall_task_age_ms":1,"baseline":1893,"raw":1900,"delta":7,"queue_drops":0,"floor_rejects":10,"queue_high_water":0,"mqtt_connect_ms":185,"mqtt_attempts":1,"pub_drops":0,"pub_queue_hw":1,"cmd_drops":0,"pub_per_s":1,"marker_pub_drops":0,"marker_pub_hw":0,"nav":"NO_QUORUM","mm":87,"miss_streak":0,"pwm":0,"lost_markers":4,"lost_ms":69103,"motor_dir":"FWD"}
1786551896.057527000 $SYS/broker/uptime 51716 seconds
1786551896.439491000 ngr/loco/9950011/alert {"level":"NO_QUORUM","reason":"STATUS","loco":"9950011","uptime_ms":813451,"nav":"NO_QUORUM","moving":0,"pwm":0,"est_mm_s":94,"dir":"CW","session_dir":"CW","mdir":"FWD","rear":63,"front":92,"env":8785,"lc_mm":63,"last_confirmed_landmark":"Grillers","age_ms":130834,"since":24,"dead_reckoned_mm":87,"candidate_mm":87,"viable":[0,1,3,4],"lostm":4,"lost_ms":70001,"agree":284,"disagree":6,"losts":1,"auto":1}
1786551896.536621000 ngr/loco/9950011/state/loopstat {"loop_max_gap_ms":34,"hall_task_max_gap_ms":1,"hall_task_age_ms":1,"baseline":1893,"raw":1900,"delta":7,"queue_drops":0,"floor_rejects":10,"queue_high_water":0,"mqtt_connect_ms":185,"mqtt_attempts":1,"pub_drops":0,"pub_queue_hw":1,"cmd_drops":0,"pub_per_s":1,"marker_pub_drops":0,"marker_pub_hw":0,"nav":"NO_QUORUM","mm":87,"miss_streak":0,"pwm":0,"lost_markers":4,"lost_ms":70103,"motor_dir":"FWD"}
1786551897.439818000 ngr/loco/9950011/alert {"level":"NO_QUORUM","reason":"STATUS","loco":"9950011","uptime_ms":814451,"nav":"NO_QUORUM","moving":0,"pwm":0,"est_mm_s":94,"dir":"CW","session_dir":"CW","mdir":"FWD","rear":63,"front":92,"env":8785,"lc_mm":63,"last_confirmed_landmark":"Grillers","age_ms":131834,"since":24,"dead_reckoned_mm":87,"candidate_mm":87,"viable":[0,1,3,4],"lostm":4,"lost_ms":71001,"agree":284,"disagree":6,"losts":1,"auto":1}
1786551897.534105000 ngr/loco/9950011/state/loopstat {"loop_max_gap_ms":33,"hall_task_max_gap_ms":2,"hall_task_age_ms":1,"baseline":1893,"raw":1898,"delta":5,"queue_drops":0,"floor_rejects":10,"queue_high_water":0,"mqtt_connect_ms":185,"mqtt_attempts":1,"pub_drops":0,"pub_queue_hw":1,"cmd_drops":0,"pub_per_s":1,"marker_pub_drops":0,"marker_pub_hw":0,"nav":"NO_QUORUM","mm":87,"miss_streak":0,"pwm":0,"lost_markers":4,"lost_ms":71103,"motor_dir":"FWD"}
1786551898.014949000 ngr/loco/9950011/telem/voltage 16.48
1786551898.083296000 ngr/loco/9950011/telem/current 0.18
1786551898.118849000 ngr/loco/9950011/telem/power 2.89
1786551898.439090000 ngr/loco/9950011/alert {"level":"NO_QUORUM","reason":"STATUS","loco":"9950011","uptime_ms":815451,"nav":"NO_QUORUM","moving":0,"pwm":0,"est_mm_s":94,"dir":"CW","session_dir":"CW","mdir":"FWD","rear":63,"front":92,"env":8785,"lc_mm":63,"last_confirmed_landmark":"Grillers","age_ms":132834,"since":24,"dead_reckoned_mm":87,"candidate_mm":87,"viable":[0,1,3,4],"lostm":4,"lost_ms":72001,"agree":284,"disagree":6,"losts":1,"auto":1}
1786551898.537653000 ngr/loco/9950011/state/loopstat {"loop_max_gap_ms":34,"hall_task_max_gap_ms":2,"hall_task_age_ms":1,"baseline":1893,"raw":1897,"delta":4,"queue_drops":0,"floor_rejects":10,"queue_high_water":0,"mqtt_connect_ms":185,"mqtt_attempts":1,"pub_drops":0,"pub_queue_hw":3,"cmd_drops":0,"pub_per_s":4,"marker_pub_drops":0,"marker_pub_hw":0,"nav":"NO_QUORUM","mm":87,"miss_streak":0,"pwm":0,"lost_markers":4,"lost_ms":72103,"motor_dir":"FWD"}
1786551899.438009000 ngr/loco/9950011/alert {"level":"NO_QUORUM","reason":"STATUS","loco":"9950011","uptime_ms":816451,"nav":"NO_QUORUM","moving":0,"pwm":0,"est_mm_s":94,"dir":"CW","session_dir":"CW","mdir":"FWD","rear":63,"front":92,"env":8785,"lc_mm":63,"last_confirmed_landmark":"Grillers","age_ms":133834,"since":24,"dead_reckoned_mm":87,"candidate_mm":87,"viable":[0,1,3,4],"lostm":4,"lost_ms":73001,"agree":284,"disagree":6,"losts":1,"auto":1}
1786551899.548169000 ngr/loco/9950011/state/loopstat {"loop_max_gap_ms":34,"hall_task_max_gap_ms":2,"hall_task_age_ms":1,"baseline":1893,"raw":1900,"delta":7,"queue_drops":0,"floor_rejects":10,"queue_high_water":0,"mqtt_connect_ms":185,"mqtt_attempts":1,"pub_drops":0,"pub_queue_hw":1,"cmd_drops":0,"pub_per_s":1,"marker_pub_drops":0,"marker_pub_hw":0,"nav":"NO_QUORUM","mm":87,"miss_streak":0,"pwm":0,"lost_markers":4,"lost_ms":73103,"motor_dir":"FWD"}
1786551900.550170000 ngr/loco/9950011/alert {"level":"NO_QUORUM","reason":"STATUS","loco":"9950011","uptime_ms":817451,"nav":"NO_QUORUM","moving":0,"pwm":0,"est_mm_s":94,"dir":"CW","session_dir":"CW","mdir":"FWD","rear":63,"front":92,"env":8785,"lc_mm":63,"last_confirmed_landmark":"Grillers","age_ms":134834,"since":24,"dead_reckoned_mm":87,"candidate_mm":87,"viable":[0,1,3,4],"lostm":4,"lost_ms":74001,"agree":284,"disagree":6,"losts":1,"auto":1}
1786551900.572085000 ngr/loco/9950011/state/loopstat {"loop_max_gap_ms":34,"hall_task_max_gap_ms":2,"hall_task_age_ms":1,"baseline":1893,"raw":1900,"delta":7,"queue_drops":0,"floor_rejects":10,"queue_high_water":0,"mqtt_connect_ms":185,"mqtt_attempts":1,"pub_drops":0,"pub_queue_hw":1,"cmd_drops":0,"pub_per_s":1,"marker_pub_drops":0,"marker_pub_hw":0,"nav":"NO_QUORUM","mm":87,"miss_streak":0,"pwm":0,"lost_markers":4,"lost_ms":74103,"motor_dir":"FWD"}
1786551901.459756000 ngr/loco/9950011/alert {"level":"NO_QUORUM","reason":"STATUS","loco":"9950011","uptime_ms":818451,"nav":"NO_QUORUM","moving":0,"pwm":0,"est_mm_s":94,"dir":"CW","session_dir":"CW","mdir":"FWD","rear":63,"front":92,"env":8785,"lc_mm":63,"last_confirmed_landmark":"Grillers","age_ms":135834,"since":24,"dead_reckoned_mm":87,"candidate_mm":87,"viable":[0,1,3,4],"lostm":4,"lost_ms":75001,"agree":284,"disagree":6,"losts":1,"auto":1}
1786551901.537709000 ngr/loco/9950011/state/loopstat {"loop_max_gap_ms":33,"hall_task_max_gap_ms":2,"hall_task_age_ms":1,"baseline":1893,"raw":1899,"delta":6,"queue_drops":0,"floor_rejects":10,"queue_high_water":0,"mqtt_connect_ms":185,"mqtt_attempts":1,"pub_drops":0,"pub_queue_hw":1,"cmd_drops":0,"pub_per_s":1,"marker_pub_drops":0,"marker_pub_hw":0,"nav":"NO_QUORUM","mm":87,"miss_streak":0,"pwm":0,"lost_markers":4,"lost_ms":75103,"motor_dir":"FWD"}
1786551902.428228000 ngr/loco/9950011/alert {"level":"NO_QUORUM","reason":"STATUS","loco":"9950011","uptime_ms":819451,"nav":"NO_QUORUM","moving":0,"pwm":0,"est_mm_s":94,"dir":"CW","session_dir":"CW","mdir":"FWD","rear":63,"front":92,"env":8785,"lc_mm":63,"last_confirmed_landmark":"Grillers","age_ms":136834,"since":24,"dead_reckoned_mm":87,"candidate_mm":87,"viable":[0,1,3,4],"lostm":4,"lost_ms":76001,"agree":284,"disagree":6,"losts":1,"auto":1}
1786551902.536618000 ngr/loco/9950011/state/loopstat {"loop_max_gap_ms":34,"hall_task_max_gap_ms":2,"hall_task_age_ms":1,"baseline":1893,"raw":1899,"delta":6,"queue_drops":0,"floor_rejects":10,"queue_high_water":0,"mqtt_connect_ms":185,"mqtt_attempts":1,"pub_drops":0,"pub_queue_hw":1,"cmd_drops":0,"pub_per_s":1,"marker_pub_drops":0,"marker_pub_hw":0,"nav":"NO_QUORUM","mm":87,"miss_streak":0,"pwm":0,"lost_markers":4,"lost_ms":76103,"motor_dir":"FWD"}
1786551903.003144000 ngr/loco/9950011/telem/voltage 16.48
1786551903.047890000 ngr/loco/9950011/telem/current 0.17
1786551903.077950000 ngr/loco/9950011/telem/power 2.82
1786551903.461782000 ngr/loco/9950011/alert {"level":"NO_QUORUM","reason":"STATUS","loco":"9950011","uptime_ms":820451,"nav":"NO_QUORUM","moving":0,"pwm":0,"est_mm_s":94,"dir":"CW","session_dir":"CW","mdir":"FWD","rear":63,"front":92,"env":8785,"lc_mm":63,"last_confirmed_landmark":"Grillers","age_ms":137834,"since":24,"dead_reckoned_mm":87,"candidate_mm":87,"viable":[0,1,3,4],"lostm":4,"lost_ms":77001,"agree":284,"disagree":6,"losts":1,"auto":1}
1786551903.557826000 ngr/loco/9950011/state/loopstat {"loop_max_gap_ms":34,"hall_task_max_gap_ms":2,"hall_task_age_ms":1,"baseline":1893,"raw":1897,"delta":4,"queue_drops":0,"floor_rejects":10,"queue_high_water":0,"mqtt_connect_ms":185,"mqtt_attempts":1,"pub_drops":0,"pub_queue_hw":3,"cmd_drops":0,"pub_per_s":4,"marker_pub_drops":0,"marker_pub_hw":0,"nav":"NO_QUORUM","mm":87,"miss_streak":0,"pwm":0,"lost_markers":4,"lost_ms":77103,"motor_dir":"FWD"}
1786551904.465052000 ngr/loco/9950011/alert {"level":"NO_QUORUM","reason":"STATUS","loco":"9950011","uptime_ms":821451,"nav":"NO_QUORUM","moving":0,"pwm":0,"est_mm_s":94,"dir":"CW","session_dir":"CW","mdir":"FWD","rear":63,"front":92,"env":8785,"lc_mm":63,"last_confirmed_landmark":"Grillers","age_ms":138834,"since":24,"dead_reckoned_mm":87,"candidate_mm":87,"viable":[0,1,3,4],"lostm":4,"lost_ms":78001,"agree":284,"disagree":6,"losts":1,"auto":1}
1786551904.538193000 ngr/loco/9950011/state/loopstat {"loop_max_gap_ms":33,"hall_task_max_gap_ms":2,"hall_task_age_ms":1,"baseline":1893,"raw":1899,"delta":6,"queue_drops":0,"floor_rejects":10,"queue_high_water":0,"mqtt_connect_ms":185,"mqtt_attempts":1,"pub_drops":0,"pub_queue_hw":1,"cmd_drops":0,"pub_per_s":1,"marker_pub_drops":0,"marker_pub_hw":0,"nav":"NO_QUORUM","mm":87,"miss_streak":0,"pwm":0,"lost_markers":4,"lost_ms":78103,"motor_dir":"FWD"}
1786551905.445514000 ngr/loco/9950011/alert {"level":"NO_QUORUM","reason":"STATUS","loco":"9950011","uptime_ms":822451,"nav":"NO_QUORUM","moving":0,"pwm":0,"est_mm_s":94,"dir":"CW","session_dir":"CW","mdir":"FWD","rear":63,"front":92,"env":8785,"lc_mm":63,"last_confirmed_landmark":"Grillers","age_ms":139834,"since":24,"dead_reckoned_mm":87,"candidate_mm":87,"viable":[0,1,3,4],"lostm":4,"lost_ms":79001,"agree":284,"disagree":6,"losts":1,"auto":1}
1786551905.537542000 ngr/loco/9950011/state/loopstat {"loop_max_gap_ms":34,"hall_task_max_gap_ms":2,"hall_task_age_ms":1,"baseline":1893,"raw":1899,"delta":6,"queue_drops":0,"floor_rejects":10,"queue_high_water":0,"mqtt_connect_ms":185,"mqtt_attempts":1,"pub_drops":0,"pub_queue_hw":1,"cmd_drops":0,"pub_per_s":1,"marker_pub_drops":0,"marker_pub_hw":0,"nav":"NO_QUORUM","mm":87,"miss_streak":0,"pwm":0,"lost_markers":4,"lost_ms":79103,"motor_dir":"FWD"}
1786551906.525717000 ngr/loco/9950011/alert {"level":"NO_QUORUM","reason":"STATUS","loco":"9950011","uptime_ms":823451,"nav":"NO_QUORUM","moving":0,"pwm":0,"est_mm_s":94,"dir":"CW","session_dir":"CW","mdir":"FWD","rear":63,"front":92,"env":8785,"lc_mm":63,"last_confirmed_landmark":"Grillers","age_ms":140834,"since":24,"dead_reckoned_mm":87,"candidate_mm":87,"viable":[0,1,3,4],"lostm":4,"lost_ms":80001,"agree":284,"disagree":6,"losts":1,"auto":1}
1786551906.630428000 ngr/loco/9950011/state/loopstat {"loop_max_gap_ms":33,"hall_task_max_gap_ms":2,"hall_task_age_ms":1,"baseline":1893,"raw":1899,"delta":6,"queue_drops":0,"floor_rejects":10,"queue_high_water":0,"mqtt_connect_ms":185,"mqtt_attempts":1,"pub_drops":0,"pub_queue_hw":1,"cmd_drops":0,"pub_per_s":1,"marker_pub_drops":0,"marker_pub_hw":0,"nav":"NO_QUORUM","mm":87,"miss_streak":0,"pwm":0,"lost_markers":4,"lost_ms":80103,"motor_dir":"FWD"}
1786551907.114844000 $SYS/broker/uptime 51727 seconds
1786551907.433436000 ngr/loco/9950011/alert {"level":"NO_QUORUM","reason":"STATUS","loco":"9950011","uptime_ms":824451,"nav":"NO_QUORUM","moving":0,"pwm":0,"est_mm_s":94,"dir":"CW","session_dir":"CW","mdir":"FWD","rear":63,"front":92,"env":8785,"lc_mm":63,"last_confirmed_landmark":"Grillers","age_ms":141834,"since":24,"dead_reckoned_mm":87,"candidate_mm":87,"viable":[0,1,3,4],"lostm":4,"lost_ms":81001,"agree":284,"disagree":6,"losts":1,"auto":1}
1786551907.537900000 ngr/loco/9950011/state/loopstat {"loop_max_gap_ms":33,"hall_task_max_gap_ms":2,"hall_task_age_ms":1,"baseline":1893,"raw":1897,"delta":4,"queue_drops":0,"floor_rejects":10,"queue_high_water":0,"mqtt_connect_ms":185,"mqtt_attempts":1,"pub_drops":0,"pub_queue_hw":1,"cmd_drops":0,"pub_per_s":1,"marker_pub_drops":0,"marker_pub_hw":0,"nav":"NO_QUORUM","mm":87,"miss_streak":0,"pwm":0,"lost_markers":4,"lost_ms":81103,"motor_dir":"FWD"}
1786551908.042278000 ngr/loco/9950011/telem/voltage 16.48
1786551908.081019000 ngr/loco/9950011/telem/current 0.17
1786551908.081185000 ngr/loco/9950011/telem/power 2.83
1786551908.436052000 ngr/loco/9950011/alert {"level":"NO_QUORUM","reason":"STATUS","loco":"9950011","uptime_ms":825451,"nav":"NO_QUORUM","moving":0,"pwm":0,"est_mm_s":94,"dir":"CW","session_dir":"CW","mdir":"FWD","rear":63,"front":92,"env":8785,"lc_mm":63,"last_confirmed_landmark":"Grillers","age_ms":142834,"since":24,"dead_reckoned_mm":87,"candidate_mm":87,"viable":[0,1,3,4],"lostm":4,"lost_ms":82001,"agree":284,"disagree":6,"losts":1,"auto":1}
1786551908.553083000 ngr/loco/9950011/state/loopstat {"loop_max_gap_ms":33,"hall_task_max_gap_ms":2,"hall_task_age_ms":1,"baseline":1893,"raw":1900,"delta":7,"queue_drops":0,"floor_rejects":10,"queue_high_water":0,"mqtt_connect_ms":185,"mqtt_attempts":1,"pub_drops":0,"pub_queue_hw":3,"cmd_drops":0,"pub_per_s":4,"marker_pub_drops":0,"marker_pub_hw":0,"nav":"NO_QUORUM","mm":87,"miss_streak":0,"pwm":0,"lost_markers":4,"lost_ms":82103,"motor_dir":"FWD"}
1786551909.449171000 ngr/loco/9950011/alert {"level":"NO_QUORUM","reason":"STATUS","loco":"9950011","uptime_ms":826451,"nav":"NO_QUORUM","moving":0,"pwm":0,"est_mm_s":94,"dir":"CW","session_dir":"CW","mdir":"FWD","rear":63,"front":92,"env":8785,"lc_mm":63,"last_confirmed_landmark":"Grillers","age_ms":143834,"since":24,"dead_reckoned_mm":87,"candidate_mm":87,"viable":[0,1,3,4],"lostm":4,"lost_ms":83001,"agree":284,"disagree":6,"losts":1,"auto":1}
1786551909.548427000 ngr/loco/9950011/state/loopstat {"loop_max_gap_ms":34,"hall_task_max_gap_ms":2,"hall_task_age_ms":1,"baseline":1893,"raw":1901,"delta":8,"queue_drops":0,"floor_rejects":10,"queue_high_water":0,"mqtt_connect_ms":185,"mqtt_attempts":1,"pub_drops":0,"pub_queue_hw":1,"cmd_drops":0,"pub_per_s":1,"marker_pub_drops":0,"marker_pub_hw":0,"nav":"NO_QUORUM","mm":87,"miss_streak":0,"pwm":0,"lost_markers":4,"lost_ms":83103,"motor_dir":"FWD"}
1786551910.443747000 ngr/loco/9950011/alert {"level":"NO_QUORUM","reason":"STATUS","loco":"9950011","uptime_ms":827451,"nav":"NO_QUORUM","moving":0,"pwm":0,"est_mm_s":94,"dir":"CW","session_dir":"CW","mdir":"FWD","rear":63,"front":92,"env":8785,"lc_mm":63,"last_confirmed_landmark":"Grillers","age_ms":144834,"since":24,"dead_reckoned_mm":87,"candidate_mm":87,"viable":[0,1,3,4],"lostm":4,"lost_ms":84001,"agree":284,"disagree":6,"losts":1,"auto":1}
1786551910.545771000 ngr/loco/9950011/state/loopstat {"loop_max_gap_ms":33,"hall_task_max_gap_ms":2,"hall_task_age_ms":1,"baseline":1893,"raw":1899,"delta":6,"queue_drops":0,"floor_rejects":10,"queue_high_water":0,"mqtt_connect_ms":185,"mqtt_attempts":1,"pub_drops":0,"pub_queue_hw":1,"cmd_drops":0,"pub_per_s":1,"marker_pub_drops":0,"marker_pub_hw":0,"nav":"NO_QUORUM","mm":87,"miss_streak":0,"pwm":0,"lost_markers":4,"lost_ms":84103,"motor_dir":"FWD"}
1786551911.449224000 ngr/loco/9950011/alert {"level":"NO_QUORUM","reason":"STATUS","loco":"9950011","uptime_ms":828451,"nav":"NO_QUORUM","moving":0,"pwm":0,"est_mm_s":94,"dir":"CW","session_dir":"CW","mdir":"FWD","rear":63,"front":92,"env":8785,"lc_mm":63,"last_confirmed_landmark":"Grillers","age_ms":145834,"since":24,"dead_reckoned_mm":87,"candidate_mm":87,"viable":[0,1,3,4],"lostm":4,"lost_ms":85001,"agree":284,"disagree":6,"losts":1,"auto":1}
1786551911.607536000 ngr/loco/9950011/state/loopstat {"loop_max_gap_ms":33,"hall_task_max_gap_ms":2,"hall_task_age_ms":1,"baseline":1893,"raw":1900,"delta":7,"queue_drops":0,"floor_rejects":10,"queue_high_water":0,"mqtt_connect_ms":185,"mqtt_attempts":1,"pub_drops":0,"pub_queue_hw":1,"cmd_drops":0,"pub_per_s":1,"marker_pub_drops":0,"marker_pub_hw":0,"nav":"NO_QUORUM","mm":87,"miss_streak":0,"pwm":0,"lost_markers":4,"lost_ms":85103,"motor_dir":"FWD"}
1786551912.463077000 ngr/loco/9950011/alert {"level":"NO_QUORUM","reason":"STATUS","loco":"9950011","uptime_ms":829451,"nav":"NO_QUORUM","moving":0,"pwm":0,"est_mm_s":94,"dir":"CW","session_dir":"CW","mdir":"FWD","rear":63,"front":92,"env":8785,"lc_mm":63,"last_confirmed_landmark":"Grillers","age_ms":146834,"since":24,"dead_reckoned_mm":87,"candidate_mm":87,"viable":[0,1,3,4],"lostm":4,"lost_ms":86001,"agree":284,"disagree":6,"losts":1,"auto":1}
1786551912.567228000 ngr/loco/9950011/state/loopstat {"loop_max_gap_ms":34,"hall_task_max_gap_ms":2,"hall_task_age_ms":1,"baseline":1893,"raw":1899,"delta":6,"queue_drops":0,"floor_rejects":10,"queue_high_water":0,"mqtt_connect_ms":185,"mqtt_attempts":1,"pub_drops":0,"pub_queue_hw":1,"cmd_drops":0,"pub_per_s":1,"marker_pub_drops":0,"marker_pub_hw":0,"nav":"NO_QUORUM","mm":87,"miss_streak":0,"pwm":0,"lost_markers":4,"lost_ms":86103,"motor_dir":"FWD"}
1786551913.050276000 ngr/loco/9950011/telem/voltage 16.48
1786551913.168972000 ngr/loco/9950011/telem/current 0.17
1786551913.254876000 ngr/loco/9950011/telem/power 2.75
1786551913.483946000 ngr/loco/9950011/alert {"level":"NO_QUORUM","reason":"STATUS","loco":"9950011","uptime_ms":830451,"nav":"NO_QUORUM","moving":0,"pwm":0,"est_mm_s":94,"dir":"CW","session_dir":"CW","mdir":"FWD","rear":63,"front":92,"env":8785,"lc_mm":63,"last_confirmed_landmark":"Grillers","age_ms":147834,"since":24,"dead_reckoned_mm":87,"candidate_mm":87,"viable":[0,1,3,4],"lostm":4,"lost_ms":87001,"agree":284,"disagree":6,"losts":1,"auto":1}
1786551913.549304000 ngr/loco/9950011/state/loopstat {"loop_max_gap_ms":34,"hall_task_max_gap_ms":2,"hall_task_age_ms":1,"baseline":1893,"raw":1899,"delta":6,"queue_drops":0,"floor_rejects":10,"queue_high_water":0,"mqtt_connect_ms":185,"mqtt_attempts":1,"pub_drops":0,"pub_queue_hw":3,"cmd_drops":0,"pub_per_s":4,"marker_pub_drops":0,"marker_pub_hw":0,"nav":"NO_QUORUM","mm":87,"miss_streak":0,"pwm":0,"lost_markers":4,"lost_ms":87103,"motor_dir":"FWD"}
1786551914.514398000 ngr/loco/9950011/alert {"level":"NO_QUORUM","reason":"STATUS","loco":"9950011","uptime_ms":831451,"nav":"NO_QUORUM","moving":0,"pwm":0,"est_mm_s":94,"dir":"CW","session_dir":"CW","mdir":"FWD","rear":63,"front":92,"env":8785,"lc_mm":63,"last_confirmed_landmark":"Grillers","age_ms":148834,"since":24,"dead_reckoned_mm":87,"candidate_mm":87,"viable":[0,1,3,4],"lostm":4,"lost_ms":88001,"agree":284,"disagree":6,"losts":1,"auto":1}
1786551914.581319000 ngr/loco/9950011/state/loopstat {"loop_max_gap_ms":33,"hall_task_max_gap_ms":2,"hall_task_age_ms":1,"baseline":1893,"raw":1902,"delta":9,"queue_drops":0,"floor_rejects":10,"queue_high_water":0,"mqtt_connect_ms":185,"mqtt_attempts":1,"pub_drops":0,"pub_queue_hw":1,"cmd_drops":0,"pub_per_s":1,"marker_pub_drops":0,"marker_pub_hw":0,"nav":"NO_QUORUM","mm":87,"miss_streak":0,"pwm":0,"lost_markers":4,"lost_ms":88103,"motor_dir":"FWD"}
1786551915.437311000 ngr/loco/9950011/alert {"level":"NO_QUORUM","reason":"STATUS","loco":"9950011","uptime_ms":832451,"nav":"NO_QUORUM","moving":0,"pwm":0,"est_mm_s":94,"dir":"CW","session_dir":"CW","mdir":"FWD","rear":63,"front":92,"env":8785,"lc_mm":63,"last_confirmed_landmark":"Grillers","age_ms":149834,"since":24,"dead_reckoned_mm":87,"candidate_mm":87,"viable":[0,1,3,4],"lostm":4,"lost_ms":89001,"agree":284,"disagree":6,"losts":1,"auto":1}
1786551915.532871000 ngr/loco/9950011/state/loopstat {"loop_max_gap_ms":34,"hall_task_max_gap_ms":2,"hall_task_age_ms":1,"baseline":1893,"raw":1894,"delta":1,"queue_drops":0,"floor_rejects":10,"queue_high_water":0,"mqtt_connect_ms":185,"mqtt_attempts":1,"pub_drops":0,"pub_queue_hw":1,"cmd_drops":0,"pub_per_s":1,"marker_pub_drops":0,"marker_pub_hw":0,"nav":"NO_QUORUM","mm":87,"miss_streak":0,"pwm":0,"lost_markers":4,"lost_ms":89103,"motor_dir":"FWD"}
1786551916.451694000 ngr/loco/9950011/alert {"level":"NO_QUORUM","reason":"STATUS","loco":"9950011","uptime_ms":833451,"nav":"NO_QUORUM","moving":0,"pwm":0,"est_mm_s":94,"dir":"CW","session_dir":"CW","mdir":"FWD","rear":63,"front":92,"env":8785,"lc_mm":63,"last_confirmed_landmark":"Grillers","age_ms":150834,"since":24,"dead_reckoned_mm":87,"candidate_mm":87,"viable":[0,1,3,4],"lostm":4,"lost_ms":90001,"agree":284,"disagree":6,"losts":1,"auto":1}
1786551916.537810000 ngr/loco/9950011/state/loopstat {"loop_max_gap_ms":33,"hall_task_max_gap_ms":2,"hall_task_age_ms":1,"baseline":1893,"raw":1900,"delta":7,"queue_drops":0,"floor_rejects":10,"queue_high_water":0,"mqtt_connect_ms":185,"mqtt_attempts":1,"pub_drops":0,"pub_queue_hw":1,"cmd_drops":0,"pub_per_s":1,"marker_pub_drops":0,"marker_pub_hw":0,"nav":"NO_QUORUM","mm":87,"miss_streak":0,"pwm":0,"lost_markers":4,"lost_ms":90103,"motor_dir":"FWD"}
1786551917.443736000 ngr/loco/9950011/alert {"level":"NO_QUORUM","reason":"STATUS","loco":"9950011","uptime_ms":834451,"nav":"NO_QUORUM","moving":0,"pwm":0,"est_mm_s":94,"dir":"CW","session_dir":"CW","mdir":"FWD","rear":63,"front":92,"env":8785,"lc_mm":63,"last_confirmed_landmark":"Grillers","age_ms":151834,"since":24,"dead_reckoned_mm":87,"candidate_mm":87,"viable":[0,1,3,4],"lostm":4,"lost_ms":91001,"agree":284,"disagree":6,"losts":1,"auto":1}
1786551917.536951000 ngr/loco/9950011/state/loopstat {"loop_max_gap_ms":33,"hall_task_max_gap_ms":2,"hall_task_age_ms":1,"baseline":1893,"raw":1900,"delta":7,"queue_drops":0,"floor_rejects":10,"queue_high_water":0,"mqtt_connect_ms":185,"mqtt_attempts":1,"pub_drops":0,"pub_queue_hw":1,"cmd_drops":0,"pub_per_s":1,"marker_pub_drops":0,"marker_pub_hw":0,"nav":"NO_QUORUM","mm":87,"miss_streak":0,"pwm":0,"lost_markers":4,"lost_ms":91103,"motor_dir":"FWD"}
1786551918.013481000 ngr/loco/9950011/telem/voltage 16.48
1786551918.033208000 ngr/loco/9950011/telem/current 0.17
1786551918.033382000 ngr/loco/9950011/telem/power 2.80
1786551918.148280000 $SYS/broker/uptime 51738 seconds
1786551918.434361000 ngr/loco/9950011/alert {"level":"NO_QUORUM","reason":"STATUS","loco":"9950011","uptime_ms":835451,"nav":"NO_QUORUM","moving":0,"pwm":0,"est_mm_s":94,"dir":"CW","session_dir":"CW","mdir":"FWD","rear":63,"front":92,"env":8785,"lc_mm":63,"last_confirmed_landmark":"Grillers","age_ms":152834,"since":24,"dead_reckoned_mm":87,"candidate_mm":87,"viable":[0,1,3,4],"lostm":4,"lost_ms":92001,"agree":284,"disagree":6,"losts":1,"auto":1}
1786551918.555402000 ngr/loco/9950011/state/loopstat {"loop_max_gap_ms":34,"hall_task_max_gap_ms":2,"hall_task_age_ms":1,"baseline":1893,"raw":1899,"delta":6,"queue_drops":0,"floor_rejects":10,"queue_high_water":0,"mqtt_connect_ms":185,"mqtt_attempts":1,"pub_drops":0,"pub_queue_hw":3,"cmd_drops":0,"pub_per_s":4,"marker_pub_drops":0,"marker_pub_hw":0,"nav":"NO_QUORUM","mm":87,"miss_streak":0,"pwm":0,"lost_markers":4,"lost_ms":92103,"motor_dir":"FWD"}
1786551919.441680000 ngr/loco/9950011/alert {"level":"NO_QUORUM","reason":"STATUS","loco":"9950011","uptime_ms":836451,"nav":"NO_QUORUM","moving":0,"pwm":0,"est_mm_s":94,"dir":"CW","session_dir":"CW","mdir":"FWD","rear":63,"front":92,"env":8785,"lc_mm":63,"last_confirmed_landmark":"Grillers","age_ms":153834,"since":24,"dead_reckoned_mm":87,"candidate_mm":87,"viable":[0,1,3,4],"lostm":4,"lost_ms":93001,"agree":284,"disagree":6,"losts":1,"auto":1}
1786551919.543531000 ngr/loco/9950011/state/loopstat {"loop_max_gap_ms":34,"hall_task_max_gap_ms":2,"hall_task_age_ms":1,"baseline":1893,"raw":1900,"delta":7,"queue_drops":0,"floor_rejects":10,"queue_high_water":0,"mqtt_connect_ms":185,"mqtt_attempts":1,"pub_drops":0,"pub_queue_hw":1,"cmd_drops":0,"pub_per_s":1,"marker_pub_drops":0,"marker_pub_hw":0,"nav":"NO_QUORUM","mm":87,"miss_streak":0,"pwm":0,"lost_markers":4,"lost_ms":93103,"motor_dir":"FWD"}
1786551920.448104000 ngr/loco/9950011/alert {"level":"NO_QUORUM","reason":"STATUS","loco":"9950011","uptime_ms":837451,"nav":"NO_QUORUM","moving":0,"pwm":0,"est_mm_s":94,"dir":"CW","session_dir":"CW","mdir":"FWD","rear":63,"front":92,"env":8785,"lc_mm":63,"last_confirmed_landmark":"Grillers","age_ms":154834,"since":24,"dead_reckoned_mm":87,"candidate_mm":87,"viable":[0,1,3,4],"lostm":4,"lost_ms":94001,"agree":284,"disagree":6,"losts":1,"auto":1}
1786551920.541849000 ngr/loco/9950011/state/loopstat {"loop_max_gap_ms":33,"hall_task_max_gap_ms":2,"hall_task_age_ms":1,"baseline":1893,"raw":1901,"delta":8,"queue_drops":0,"floor_rejects":10,"queue_high_water":0,"mqtt_connect_ms":185,"mqtt_attempts":1,"pub_drops":0,"pub_queue_hw":1,"cmd_drops":0,"pub_per_s":1,"marker_pub_drops":0,"marker_pub_hw":0,"nav":"NO_QUORUM","mm":87,"miss_streak":0,"pwm":0,"lost_markers":4,"lost_ms":94103,"motor_dir":"FWD"}
1786551921.451076000 ngr/loco/9950011/alert {"level":"NO_QUORUM","reason":"STATUS","loco":"9950011","uptime_ms":838451,"nav":"NO_QUORUM","moving":0,"pwm":0,"est_mm_s":94,"dir":"CW","session_dir":"CW","mdir":"FWD","rear":63,"front":92,"env":8785,"lc_mm":63,"last_confirmed_landmark":"Grillers","age_ms":155834,"since":24,"dead_reckoned_mm":87,"candidate_mm":87,"viable":[0,1,3,4],"lostm":4,"lost_ms":95001,"agree":284,"disagree":6,"losts":1,"auto":1}
1786551921.542766000 ngr/loco/9950011/state/loopstat {"loop_max_gap_ms":34,"hall_task_max_gap_ms":2,"hall_task_age_ms":1,"baseline":1893,"raw":1899,"delta":6,"queue_drops":0,"floor_rejects":10,"queue_high_water":0,"mqtt_connect_ms":185,"mqtt_attempts":1,"pub_drops":0,"pub_queue_hw":1,"cmd_drops":0,"pub_per_s":1,"marker_pub_drops":0,"marker_pub_hw":0,"nav":"NO_QUORUM","mm":87,"miss_streak":0,"pwm":0,"lost_markers":4,"lost_ms":95103,"motor_dir":"FWD"}
1786551922.694939000 ngr/loco/9950011/alert {"level":"NO_QUORUM","reason":"STATUS","loco":"9950011","uptime_ms":839451,"nav":"NO_QUORUM","moving":0,"pwm":0,"est_mm_s":94,"dir":"CW","session_dir":"CW","mdir":"FWD","rear":63,"front":92,"env":8785,"lc_mm":63,"last_confirmed_landmark":"Grillers","age_ms":156834,"since":24,"dead_reckoned_mm":87,"candidate_mm":87,"viable":[0,1,3,4],"lostm":4,"lost_ms":96001,"agree":284,"disagree":6,"losts":1,"auto":1}
1786551922.695096000 ngr/loco/9950011/state/loopstat {"loop_max_gap_ms":33,"hall_task_max_gap_ms":2,"hall_task_age_ms":1,"baseline":1893,"raw":1900,"delta":7,"queue_drops":0,"floor_rejects":10,"queue_high_water":0,"mqtt_connect_ms":185,"mqtt_attempts":1,"pub_drops":0,"pub_queue_hw":1,"cmd_drops":0,"pub_per_s":1,"marker_pub_drops":0,"marker_pub_hw":0,"nav":"NO_QUORUM","mm":87,"miss_streak":0,"pwm":0,"lost_markers":4,"lost_ms":96103,"motor_dir":"FWD"}
1786551923.042881000 ngr/loco/9950011/telem/voltage 16.47
1786551923.094873000 ngr/loco/9950011/telem/current 0.17
1786551923.094966000 ngr/loco/9950011/telem/power 2.82
1786551923.475392000 ngr/loco/9950011/alert {"level":"NO_QUORUM","reason":"STATUS","loco":"9950011","uptime_ms":840451,"nav":"NO_QUORUM","moving":0,"pwm":0,"est_mm_s":94,"dir":"CW","session_dir":"CW","mdir":"FWD","rear":63,"front":92,"env":8785,"lc_mm":63,"last_confirmed_landmark":"Grillers","age_ms":157834,"since":24,"dead_reckoned_mm":87,"candidate_mm":87,"viable":[0,1,3,4],"lostm":4,"lost_ms":97001,"agree":284,"disagree":6,"losts":1,"auto":1}
1786551924.017714000 ngr/loco/9950011/state/loopstat {"loop_max_gap_ms":33,"hall_task_max_gap_ms":2,"hall_task_age_ms":1,"baseline":1893,"raw":1900,"delta":7,"queue_drops":0,"floor_rejects":10,"queue_high_water":0,"mqtt_connect_ms":185,"mqtt_attempts":1,"pub_drops":0,"pub_queue_hw":3,"cmd_drops":0,"pub_per_s":4,"marker_pub_drops":0,"marker_pub_hw":0,"nav":"NO_QUORUM","mm":87,"miss_streak":0,"pwm":0,"lost_markers":4,"lost_ms":97103,"motor_dir":"FWD"}
1786551924.431850000 ngr/loco/9950011/alert {"level":"NO_QUORUM","reason":"STATUS","loco":"9950011","uptime_ms":841451,"nav":"NO_QUORUM","moving":0,"pwm":0,"est_mm_s":94,"dir":"CW","session_dir":"CW","mdir":"FWD","rear":63,"front":92,"env":8785,"lc_mm":63,"last_confirmed_landmark":"Grillers","age_ms":158834,"since":24,"dead_reckoned_mm":87,"candidate_mm":87,"viable":[0,1,3,4],"lostm":4,"lost_ms":98001,"agree":284,"disagree":6,"losts":1,"auto":1}
1786551924.547199000 ngr/loco/9950011/state/loopstat {"loop_max_gap_ms":34,"hall_task_max_gap_ms":2,"hall_task_age_ms":1,"baseline":1893,"raw":1900,"delta":7,"queue_drops":0,"floor_rejects":10,"queue_high_water":0,"mqtt_connect_ms":185,"mqtt_attempts":1,"pub_drops":0,"pub_queue_hw":1,"cmd_drops":0,"pub_per_s":1,"marker_pub_drops":0,"marker_pub_hw":0,"nav":"NO_QUORUM","mm":87,"miss_streak":0,"pwm":0,"lost_markers":4,"lost_ms":98103,"motor_dir":"FWD"}
1786551925.437993000 ngr/loco/9950011/alert {"level":"NO_QUORUM","reason":"STATUS","loco":"9950011","uptime_ms":842451,"nav":"NO_QUORUM","moving":0,"pwm":0,"est_mm_s":94,"dir":"CW","session_dir":"CW","mdir":"FWD","rear":63,"front":92,"env":8785,"lc_mm":63,"last_confirmed_landmark":"Grillers","age_ms":159834,"since":24,"dead_reckoned_mm":87,"candidate_mm":87,"viable":[0,1,3,4],"lostm":4,"lost_ms":99001,"agree":284,"disagree":6,"losts":1,"auto":1}
1786551925.546128000 ngr/loco/9950011/state/loopstat {"loop_max_gap_ms":34,"hall_task_max_gap_ms":2,"hall_task_age_ms":1,"baseline":1893,"raw":1900,"delta":7,"queue_drops":0,"floor_rejects":10,"queue_high_water":0,"mqtt_connect_ms":185,"mqtt_attempts":1,"pub_drops":0,"pub_queue_hw":1,"cmd_drops":0,"pub_per_s":1,"marker_pub_drops":0,"marker_pub_hw":0,"nav":"NO_QUORUM","mm":87,"miss_streak":0,"pwm":0,"lost_markers":4,"lost_ms":99103,"motor_dir":"FWD"}
1786551926.436737000 ngr/loco/9950011/alert {"level":"NO_QUORUM","reason":"STATUS","loco":"9950011","uptime_ms":843451,"nav":"NO_QUORUM","moving":0,"pwm":0,"est_mm_s":94,"dir":"CW","session_dir":"CW","mdir":"FWD","rear":63,"front":92,"env":8785,"lc_mm":63,"last_confirmed_landmark":"Grillers","age_ms":160834,"since":24,"dead_reckoned_mm":87,"candidate_mm":87,"viable":[0,1,3,4],"lostm":4,"lost_ms":100001,"agree":284,"disagree":6,"losts":1,"auto":1}
1786551926.553160000 ngr/loco/9950011/state/loopstat {"loop_max_gap_ms":34,"hall_task_max_gap_ms":2,"hall_task_age_ms":1,"baseline":1893,"raw":1900,"delta":7,"queue_drops":0,"floor_rejects":10,"queue_high_water":0,"mqtt_connect_ms":185,"mqtt_attempts":1,"pub_drops":0,"pub_queue_hw":1,"cmd_drops":0,"pub_per_s":1,"marker_pub_drops":0,"marker_pub_hw":0,"nav":"NO_QUORUM","mm":87,"miss_streak":0,"pwm":0,"lost_markers":4,"lost_ms":100103,"motor_dir":"FWD"}
1786551927.443731000 ngr/loco/9950011/alert {"level":"NO_QUORUM","reason":"STATUS","loco":"9950011","uptime_ms":844451,"nav":"NO_QUORUM","moving":0,"pwm":0,"est_mm_s":94,"dir":"CW","session_dir":"CW","mdir":"FWD","rear":63,"front":92,"env":8785,"lc_mm":63,"last_confirmed_landmark":"Grillers","age_ms":161834,"since":24,"dead_reckoned_mm":87,"candidate_mm":87,"viable":[0,1,3,4],"lostm":4,"lost_ms":101001,"agree":284,"disagree":6,"losts":1,"auto":1}
1786551927.537475000 ngr/loco/9950011/state/loopstat {"loop_max_gap_ms":34,"hall_task_max_gap_ms":2,"hall_task_age_ms":1,"baseline":1893,"raw":1900,"delta":7,"queue_drops":0,"floor_rejects":10,"queue_high_water":0,"mqtt_connect_ms":185,"mqtt_attempts":1,"pub_drops":0,"pub_queue_hw":1,"cmd_drops":0,"pub_per_s":1,"marker_pub_drops":0,"marker_pub_hw":0,"nav":"NO_QUORUM","mm":87,"miss_streak":0,"pwm":0,"lost_markers":4,"lost_ms":101103,"motor_dir":"FWD"}
1786551928.029058000 ngr/loco/9950011/telem/voltage 16.48
1786551928.070177000 ngr/loco/9950011/telem/current 0.17
1786551928.085306000 ngr/loco/9950011/telem/power 2.87
1786551928.432121000 ngr/loco/9950011/alert {"level":"NO_QUORUM","reason":"STATUS","loco":"9950011","uptime_ms":845451,"nav":"NO_QUORUM","moving":0,"pwm":0,"est_mm_s":94,"dir":"CW","session_dir":"CW","mdir":"FWD","rear":63,"front":92,"env":8785,"lc_mm":63,"last_confirmed_landmark":"Grillers","age_ms":162834,"since":24,"dead_reckoned_mm":87,"candidate_mm":87,"viable":[0,1,3,4],"lostm":4,"lost_ms":102001,"agree":284,"disagree":6,"losts":1,"auto":1}
1786551928.533953000 ngr/loco/9950011/state/loopstat {"loop_max_gap_ms":34,"hall_task_max_gap_ms":2,"hall_task_age_ms":1,"baseline":1893,"raw":1899,"delta":6,"queue_drops":0,"floor_rejects":10,"queue_high_water":0,"mqtt_connect_ms":185,"mqtt_attempts":1,"pub_drops":0,"pub_queue_hw":3,"cmd_drops":0,"pub_per_s":4,"marker_pub_drops":0,"marker_pub_hw":0,"nav":"NO_QUORUM","mm":87,"miss_streak":0,"pwm":0,"lost_markers":4,"lost_ms":102103,"motor_dir":"FWD"}
1786551929.146832000 $SYS/broker/uptime 51749 seconds
1786551929.436512000 ngr/loco/9950011/alert {"level":"NO_QUORUM","reason":"STATUS","loco":"9950011","uptime_ms":846451,"nav":"NO_QUORUM","moving":0,"pwm":0,"est_mm_s":94,"dir":"CW","session_dir":"CW","mdir":"FWD","rear":63,"front":92,"env":8785,"lc_mm":63,"last_confirmed_landmark":"Grillers","age_ms":163834,"since":24,"dead_reckoned_mm":87,"candidate_mm":87,"viable":[0,1,3,4],"lostm":4,"lost_ms":103001,"agree":284,"disagree":6,"losts":1,"auto":1}
1786551929.538259000 ngr/loco/9950011/state/loopstat {"loop_max_gap_ms":34,"hall_task_max_gap_ms":2,"hall_task_age_ms":1,"baseline":1893,"raw":1899,"delta":6,"queue_drops":0,"floor_rejects":10,"queue_high_water":0,"mqtt_connect_ms":185,"mqtt_attempts":1,"pub_drops":0,"pub_queue_hw":1,"cmd_drops":0,"pub_per_s":1,"marker_pub_drops":0,"marker_pub_hw":0,"nav":"NO_QUORUM","mm":87,"miss_streak":0,"pwm":0,"lost_markers":4,"lost_ms":103103,"motor_dir":"FWD"}
1786551930.436338000 ngr/loco/9950011/alert {"level":"NO_QUORUM","reason":"STATUS","loco":"9950011","uptime_ms":847451,"nav":"NO_QUORUM","moving":0,"pwm":0,"est_mm_s":94,"dir":"CW","session_dir":"CW","mdir":"FWD","rear":63,"front":92,"env":8785,"lc_mm":63,"last_confirmed_landmark":"Grillers","age_ms":164834,"since":24,"dead_reckoned_mm":87,"candidate_mm":87,"viable":[0,1,3,4],"lostm":4,"lost_ms":104001,"agree":284,"disagree":6,"losts":1,"auto":1}
1786551930.538618000 ngr/loco/9950011/state/loopstat {"loop_max_gap_ms":33,"hall_task_max_gap_ms":2,"hall_task_age_ms":1,"baseline":1893,"raw":1900,"delta":7,"queue_drops":0,"floor_rejects":10,"queue_high_water":0,"mqtt_connect_ms":185,"mqtt_attempts":1,"pub_drops":0,"pub_queue_hw":1,"cmd_drops":0,"pub_per_s":1,"marker_pub_drops":0,"marker_pub_hw":0,"nav":"NO_QUORUM","mm":87,"miss_streak":0,"pwm":0,"lost_markers":4,"lost_ms":104103,"motor_dir":"FWD"}
1786551931.455223000 ngr/loco/9950011/alert {"level":"NO_QUORUM","reason":"STATUS","loco":"9950011","uptime_ms":848451,"nav":"NO_QUORUM","moving":0,"pwm":0,"est_mm_s":94,"dir":"CW","session_dir":"CW","mdir":"FWD","rear":63,"front":92,"env":8785,"lc_mm":63,"last_confirmed_landmark":"Grillers","age_ms":165834,"since":24,"dead_reckoned_mm":87,"candidate_mm":87,"viable":[0,1,3,4],"lostm":4,"lost_ms":105001,"agree":284,"disagree":6,"losts":1,"auto":1}
1786551931.577098000 ngr/loco/9950011/state/loopstat {"loop_max_gap_ms":34,"hall_task_max_gap_ms":2,"hall_task_age_ms":1,"baseline":1893,"raw":1897,"delta":4,"queue_drops":0,"floor_rejects":10,"queue_high_water":0,"mqtt_connect_ms":185,"mqtt_attempts":1,"pub_drops":0,"pub_queue_hw":1,"cmd_drops":0,"pub_per_s":1,"marker_pub_drops":0,"marker_pub_hw":0,"nav":"NO_QUORUM","mm":87,"miss_streak":0,"pwm":0,"lost_markers":4,"lost_ms":105103,"motor_dir":"FWD"}
1786551932.462370000 ngr/loco/9950011/alert {"level":"NO_QUORUM","reason":"STATUS","loco":"9950011","uptime_ms":849451,"nav":"NO_QUORUM","moving":0,"pwm":0,"est_mm_s":94,"dir":"CW","session_dir":"CW","mdir":"FWD","rear":63,"front":92,"env":8785,"lc_mm":63,"last_confirmed_landmark":"Grillers","age_ms":166834,"since":24,"dead_reckoned_mm":87,"candidate_mm":87,"viable":[0,1,3,4],"lostm":4,"lost_ms":106001,"agree":284,"disagree":6,"losts":1,"auto":1}
1786551932.576936000 ngr/loco/9950011/state/loopstat {"loop_max_gap_ms":34,"hall_task_max_gap_ms":2,"hall_task_age_ms":1,"baseline":1893,"raw":1898,"delta":5,"queue_drops":0,"floor_rejects":10,"queue_high_water":0,"mqtt_connect_ms":185,"mqtt_attempts":1,"pub_drops":0,"pub_queue_hw":1,"cmd_drops":0,"pub_per_s":1,"marker_pub_drops":0,"marker_pub_hw":0,"nav":"NO_QUORUM","mm":87,"miss_streak":0,"pwm":0,"lost_markers":4,"lost_ms":106103,"motor_dir":"FWD"}
1786551933.098509000 ngr/loco/9950011/telem/voltage 16.47
1786551933.122889000 ngr/loco/9950011/telem/current 0.17
1786551933.123022000 ngr/loco/9950011/telem/power 2.86
1786551933.448666000 ngr/loco/9950011/alert {"level":"NO_QUORUM","reason":"STATUS","loco":"9950011","uptime_ms":850451,"nav":"NO_QUORUM","moving":0,"pwm":0,"est_mm_s":94,"dir":"CW","session_dir":"CW","mdir":"FWD","rear":63,"front":92,"env":8785,"lc_mm":63,"last_confirmed_landmark":"Grillers","age_ms":167834,"since":24,"dead_reckoned_mm":87,"candidate_mm":87,"viable":[0,1,3,4],"lostm":4,"lost_ms":107001,"agree":284,"disagree":6,"losts":1,"auto":1}
1786551933.558050000 ngr/loco/9950011/state/loopstat {"loop_max_gap_ms":33,"hall_task_max_gap_ms":3,"hall_task_age_ms":1,"baseline":1893,"raw":1902,"delta":9,"queue_drops":0,"floor_rejects":10,"queue_high_water":0,"mqtt_connect_ms":185,"mqtt_attempts":1,"pub_drops":0,"pub_queue_hw":3,"cmd_drops":0,"pub_per_s":4,"marker_pub_drops":0,"marker_pub_hw":0,"nav":"NO_QUORUM","mm":87,"miss_streak":0,"pwm":0,"lost_markers":4,"lost_ms":107103,"motor_dir":"FWD"}
1786551934.456825000 ngr/loco/9950011/alert {"level":"NO_QUORUM","reason":"STATUS","loco":"9950011","uptime_ms":851451,"nav":"NO_QUORUM","moving":0,"pwm":0,"est_mm_s":94,"dir":"CW","session_dir":"CW","mdir":"FWD","rear":63,"front":92,"env":8785,"lc_mm":63,"last_confirmed_landmark":"Grillers","age_ms":168834,"since":24,"dead_reckoned_mm":87,"candidate_mm":87,"viable":[0,1,3,4],"lostm":4,"lost_ms":108001,"agree":284,"disagree":6,"losts":1,"auto":1}
1786551934.550958000 ngr/loco/9950011/state/loopstat {"loop_max_gap_ms":33,"hall_task_max_gap_ms":2,"hall_task_age_ms":1,"baseline":1893,"raw":1903,"delta":10,"queue_drops":0,"floor_rejects":10,"queue_high_water":0,"mqtt_connect_ms":185,"mqtt_attempts":1,"pub_drops":0,"pub_queue_hw":1,"cmd_drops":0,"pub_per_s":1,"marker_pub_drops":0,"marker_pub_hw":0,"nav":"NO_QUORUM","mm":87,"miss_streak":0,"pwm":0,"lost_markers":4,"lost_ms":108103,"motor_dir":"FWD"}
1786551935.440703000 ngr/loco/9950011/alert {"level":"NO_QUORUM","reason":"STATUS","loco":"9950011","uptime_ms":852451,"nav":"NO_QUORUM","moving":0,"pwm":0,"est_mm_s":94,"dir":"CW","session_dir":"CW","mdir":"FWD","rear":63,"front":92,"env":8785,"lc_mm":63,"last_confirmed_landmark":"Grillers","age_ms":169834,"since":24,"dead_reckoned_mm":87,"candidate_mm":87,"viable":[0,1,3,4],"lostm":4,"lost_ms":109001,"agree":284,"disagree":6,"losts":1,"auto":1}
1786551935.540160000 ngr/loco/9950011/state/loopstat {"loop_max_gap_ms":34,"hall_task_max_gap_ms":3,"hall_task_age_ms":1,"baseline":1893,"raw":1898,"delta":5,"queue_drops":0,"floor_rejects":10,"queue_high_water":0,"mqtt_connect_ms":185,"mqtt_attempts":1,"pub_drops":0,"pub_queue_hw":1,"cmd_drops":0,"pub_per_s":1,"marker_pub_drops":0,"marker_pub_hw":0,"nav":"NO_QUORUM","mm":87,"miss_streak":0,"pwm":0,"lost_markers":4,"lost_ms":109103,"motor_dir":"FWD"}
1786551936.439501000 ngr/loco/9950011/alert {"level":"NO_QUORUM","reason":"STATUS","loco":"9950011","uptime_ms":853451,"nav":"NO_QUORUM","moving":0,"pwm":0,"est_mm_s":94,"dir":"CW","session_dir":"CW","mdir":"FWD","rear":63,"front":92,"env":8785,"lc_mm":63,"last_confirmed_landmark":"Grillers","age_ms":170834,"since":24,"dead_reckoned_mm":87,"candidate_mm":87,"viable":[0,1,3,4],"lostm":4,"lost_ms":110001,"agree":284,"disagree":6,"losts":1,"auto":1}
1786551936.541925000 ngr/loco/9950011/state/loopstat {"loop_max_gap_ms":34,"hall_task_max_gap_ms":2,"hall_task_age_ms":1,"baseline":1893,"raw":1901,"delta":8,"queue_drops":0,"floor_rejects":10,"queue_high_water":0,"mqtt_connect_ms":185,"mqtt_attempts":1,"pub_drops":0,"pub_queue_hw":1,"cmd_drops":0,"pub_per_s":1,"marker_pub_drops":0,"marker_pub_hw":0,"nav":"NO_QUORUM","mm":87,"miss_streak":0,"pwm":0,"lost_markers":4,"lost_ms":110103,"motor_dir":"FWD"}
1786551937.443405000 ngr/loco/9950011/alert {"level":"NO_QUORUM","reason":"STATUS","loco":"9950011","uptime_ms":854451,"nav":"NO_QUORUM","moving":0,"pwm":0,"est_mm_s":94,"dir":"CW","session_dir":"CW","mdir":"FWD","rear":63,"front":92,"env":8785,"lc_mm":63,"last_confirmed_landmark":"Grillers","age_ms":171834,"since":24,"dead_reckoned_mm":87,"candidate_mm":87,"viable":[0,1,3,4],"lostm":4,"lost_ms":111001,"agree":284,"disagree":6,"losts":1,"auto":1}
1786551937.547421000 ngr/loco/9950011/state/loopstat {"loop_max_gap_ms":33,"hall_task_max_gap_ms":2,"hall_task_age_ms":1,"baseline":1893,"raw":1902,"delta":9,"queue_drops":0,"floor_rejects":10,"queue_high_water":0,"mqtt_connect_ms":185,"mqtt_attempts":1,"pub_drops":0,"pub_queue_hw":1,"cmd_drops":0,"pub_per_s":1,"marker_pub_drops":0,"marker_pub_hw":0,"nav":"NO_QUORUM","mm":87,"miss_streak":0,"pwm":0,"lost_markers":4,"lost_ms":111103,"motor_dir":"FWD"}
1786551938.054607000 ngr/loco/9950011/telem/voltage 16.47
1786551938.077682000 ngr/loco/9950011/telem/current 0.17
1786551938.077801000 ngr/loco/9950011/telem/power 2.85
1786551938.432189000 ngr/loco/9950011/alert {"level":"NO_QUORUM","reason":"STATUS","loco":"9950011","uptime_ms":855451,"nav":"NO_QUORUM","moving":0,"pwm":0,"est_mm_s":94,"dir":"CW","session_dir":"CW","mdir":"FWD","rear":63,"front":92,"env":8785,"lc_mm":63,"last_confirmed_landmark":"Grillers","age_ms":172834,"since":24,"dead_reckoned_mm":87,"candidate_mm":87,"viable":[0,1,3,4],"lostm":4,"lost_ms":112001,"agree":284,"disagree":6,"losts":1,"auto":1}
1786551938.541178000 ngr/loco/9950011/state/loopstat {"loop_max_gap_ms":33,"hall_task_max_gap_ms":2,"hall_task_age_ms":1,"baseline":1893,"raw":1900,"delta":7,"queue_drops":0,"floor_rejects":10,"queue_high_water":0,"mqtt_connect_ms":185,"mqtt_attempts":1,"pub_drops":0,"pub_queue_hw":3,"cmd_drops":0,"pub_per_s":4,"marker_pub_drops":0,"marker_pub_hw":0,"nav":"NO_QUORUM","mm":87,"miss_streak":0,"pwm":0,"lost_markers":4,"lost_ms":112103,"motor_dir":"FWD"}
1786551939.436114000 ngr/loco/9950011/alert {"level":"NO_QUORUM","reason":"STATUS","loco":"9950011","uptime_ms":856451,"nav":"NO_QUORUM","moving":0,"pwm":0,"est_mm_s":94,"dir":"CW","session_dir":"CW","mdir":"FWD","rear":63,"front":92,"env":8785,"lc_mm":63,"last_confirmed_landmark":"Grillers","age_ms":173834,"since":24,"dead_reckoned_mm":87,"candidate_mm":87,"viable":[0,1,3,4],"lostm":4,"lost_ms":113001,"agree":284,"disagree":6,"losts":1,"auto":1}
1786551939.539816000 ngr/loco/9950011/state/loopstat {"loop_max_gap_ms":33,"hall_task_max_gap_ms":2,"hall_task_age_ms":1,"baseline":1893,"raw":1899,"delta":6,"queue_drops":0,"floor_rejects":10,"queue_high_water":0,"mqtt_connect_ms":185,"mqtt_attempts":1,"pub_drops":0,"pub_queue_hw":1,"cmd_drops":0,"pub_per_s":1,"marker_pub_drops":0,"marker_pub_hw":0,"nav":"NO_QUORUM","mm":87,"miss_streak":0,"pwm":0,"lost_markers":4,"lost_ms":113103,"motor_dir":"FWD"}
1786551940.043193000 $SYS/broker/uptime 51760 seconds
1786551940.471520000 ngr/loco/9950011/alert {"level":"NO_QUORUM","reason":"STATUS","loco":"9950011","uptime_ms":857451,"nav":"NO_QUORUM","moving":0,"pwm":0,"est_mm_s":94,"dir":"CW","session_dir":"CW","mdir":"FWD","rear":63,"front":92,"env":8785,"lc_mm":63,"last_confirmed_landmark":"Grillers","age_ms":174834,"since":24,"dead_reckoned_mm":87,"candidate_mm":87,"viable":[0,1,3,4],"lostm":4,"lost_ms":114001,"agree":284,"disagree":6,"losts":1,"auto":1}
1786551940.535867000 ngr/loco/9950011/state/loopstat {"loop_max_gap_ms":34,"hall_task_max_gap_ms":3,"hall_task_age_ms":1,"baseline":1893,"raw":1901,"delta":8,"queue_drops":0,"floor_rejects":10,"queue_high_water":0,"mqtt_connect_ms":185,"mqtt_attempts":1,"pub_drops":0,"pub_queue_hw":1,"cmd_drops":0,"pub_per_s":1,"marker_pub_drops":0,"marker_pub_hw":0,"nav":"NO_QUORUM","mm":87,"miss_streak":0,"pwm":0,"lost_markers":4,"lost_ms":114103,"motor_dir":"FWD"}
1786551941.479387000 ngr/loco/9950011/alert {"level":"NO_QUORUM","reason":"STATUS","loco":"9950011","uptime_ms":858451,"nav":"NO_QUORUM","moving":0,"pwm":0,"est_mm_s":94,"dir":"CW","session_dir":"CW","mdir":"FWD","rear":63,"front":92,"env":8785,"lc_mm":63,"last_confirmed_landmark":"Grillers","age_ms":175834,"since":24,"dead_reckoned_mm":87,"candidate_mm":87,"viable":[0,1,3,4],"lostm":4,"lost_ms":115001,"agree":284,"disagree":6,"losts":1,"auto":1}
1786551941.529609000 ngr/loco/9950011/state/loopstat {"loop_max_gap_ms":34,"hall_task_max_gap_ms":1,"hall_task_age_ms":1,"baseline":1893,"raw":1899,"delta":6,"queue_drops":0,"floor_rejects":10,"queue_high_water":0,"mqtt_connect_ms":185,"mqtt_attempts":1,"pub_drops":0,"pub_queue_hw":1,"cmd_drops":0,"pub_per_s":1,"marker_pub_drops":0,"marker_pub_hw":0,"nav":"NO_QUORUM","mm":87,"miss_streak":0,"pwm":0,"lost_markers":4,"lost_ms":115103,"motor_dir":"FWD"}
1786551942.433840000 ngr/loco/9950011/alert {"level":"NO_QUORUM","reason":"STATUS","loco":"9950011","uptime_ms":859451,"nav":"NO_QUORUM","moving":0,"pwm":0,"est_mm_s":94,"dir":"CW","session_dir":"CW","mdir":"FWD","rear":63,"front":92,"env":8785,"lc_mm":63,"last_confirmed_landmark":"Grillers","age_ms":176834,"since":24,"dead_reckoned_mm":87,"candidate_mm":87,"viable":[0,1,3,4],"lostm":4,"lost_ms":116001,"agree":284,"disagree":6,"losts":1,"auto":1}
1786551942.540435000 ngr/loco/9950011/state/loopstat {"loop_max_gap_ms":34,"hall_task_max_gap_ms":2,"hall_task_age_ms":1,"baseline":1893,"raw":1901,"delta":8,"queue_drops":0,"floor_rejects":10,"queue_high_water":0,"mqtt_connect_ms":185,"mqtt_attempts":1,"pub_drops":0,"pub_queue_hw":1,"cmd_drops":0,"pub_per_s":1,"marker_pub_drops":0,"marker_pub_hw":0,"nav":"NO_QUORUM","mm":87,"miss_streak":0,"pwm":0,"lost_markers":4,"lost_ms":116103,"motor_dir":"FWD"}
1786551943.001464000 ngr/loco/9950011/telem/voltage 16.47
1786551943.097464000 ngr/loco/9950011/telem/current 0.14
1786551943.113467000 ngr/loco/9950011/telem/power 2.32
1786551943.435191000 ngr/loco/9950011/alert {"level":"NO_QUORUM","reason":"STATUS","loco":"9950011","uptime_ms":860451,"nav":"NO_QUORUM","moving":0,"pwm":0,"est_mm_s":94,"dir":"CW","session_dir":"CW","mdir":"FWD","rear":63,"front":92,"env":8785,"lc_mm":63,"last_confirmed_landmark":"Grillers","age_ms":177834,"since":24,"dead_reckoned_mm":87,"candidate_mm":87,"viable":[0,1,3,4],"lostm":4,"lost_ms":117001,"agree":284,"disagree":6,"losts":1,"auto":1}
1786551943.542768000 ngr/loco/9950011/state/loopstat {"loop_max_gap_ms":34,"hall_task_max_gap_ms":2,"hall_task_age_ms":1,"baseline":1893,"raw":1900,"delta":7,"queue_drops":0,"floor_rejects":10,"queue_high_water":0,"mqtt_connect_ms":185,"mqtt_attempts":1,"pub_drops":0,"pub_queue_hw":3,"cmd_drops":0,"pub_per_s":4,"marker_pub_drops":0,"marker_pub_hw":0,"nav":"NO_QUORUM","mm":87,"miss_streak":0,"pwm":0,"lost_markers":4,"lost_ms":117103,"motor_dir":"FWD"}
1786551944.498044000 ngr/loco/9950011/alert {"level":"NO_QUORUM","reason":"STATUS","loco":"9950011","uptime_ms":861451,"nav":"NO_QUORUM","moving":0,"pwm":0,"est_mm_s":94,"dir":"CW","session_dir":"CW","mdir":"FWD","rear":63,"front":92,"env":8785,"lc_mm":63,"last_confirmed_landmark":"Grillers","age_ms":178834,"since":24,"dead_reckoned_mm":87,"candidate_mm":87,"viable":[0,1,3,4],"lostm":4,"lost_ms":118001,"agree":284,"disagree":6,"losts":1,"auto":1}
1786551944.531714000 ngr/loco/9950011/state/loopstat {"loop_max_gap_ms":33,"hall_task_max_gap_ms":2,"hall_task_age_ms":1,"baseline":1893,"raw":1899,"delta":6,"queue_drops":0,"floor_rejects":10,"queue_high_water":0,"mqtt_connect_ms":185,"mqtt_attempts":1,"pub_drops":0,"pub_queue_hw":1,"cmd_drops":0,"pub_per_s":1,"marker_pub_drops":0,"marker_pub_hw":0,"nav":"NO_QUORUM","mm":87,"miss_streak":0,"pwm":0,"lost_markers":4,"lost_ms":118103,"motor_dir":"FWD"}
1786551945.442486000 ngr/loco/9950011/alert {"level":"NO_QUORUM","reason":"STATUS","loco":"9950011","uptime_ms":862451,"nav":"NO_QUORUM","moving":0,"pwm":0,"est_mm_s":94,"dir":"CW","session_dir":"CW","mdir":"FWD","rear":63,"front":92,"env":8785,"lc_mm":63,"last_confirmed_landmark":"Grillers","age_ms":179834,"since":24,"dead_reckoned_mm":87,"candidate_mm":87,"viable":[0,1,3,4],"lostm":4,"lost_ms":119001,"agree":284,"disagree":6,"losts":1,"auto":1}
1786551945.533973000 ngr/loco/9950011/state/loopstat {"loop_max_gap_ms":33,"hall_task_max_gap_ms":2,"hall_task_age_ms":1,"baseline":1893,"raw":1901,"delta":8,"queue_drops":0,"floor_rejects":10,"queue_high_water":0,"mqtt_connect_ms":185,"mqtt_attempts":1,"pub_drops":0,"pub_queue_hw":1,"cmd_drops":0,"pub_per_s":1,"marker_pub_drops":0,"marker_pub_hw":0,"nav":"NO_QUORUM","mm":87,"miss_streak":0,"pwm":0,"lost_markers":4,"lost_ms":119103,"motor_dir":"FWD"}
1786551946.434623000 ngr/loco/9950011/alert {"level":"NO_QUORUM","reason":"STATUS","loco":"9950011","uptime_ms":863451,"nav":"NO_QUORUM","moving":0,"pwm":0,"est_mm_s":94,"dir":"CW","session_dir":"CW","mdir":"FWD","rear":63,"front":92,"env":8785,"lc_mm":63,"last_confirmed_landmark":"Grillers","age_ms":180834,"since":24,"dead_reckoned_mm":87,"candidate_mm":87,"viable":[0,1,3,4],"lostm":4,"lost_ms":120001,"agree":284,"disagree":6,"losts":1,"auto":1}
1786551946.537869000 ngr/loco/9950011/state/loopstat {"loop_max_gap_ms":34,"hall_task_max_gap_ms":2,"hall_task_age_ms":1,"baseline":1893,"raw":1901,"delta":8,"queue_drops":0,"floor_rejects":10,"queue_high_water":0,"mqtt_connect_ms":185,"mqtt_attempts":1,"pub_drops":0,"pub_queue_hw":1,"cmd_drops":0,"pub_per_s":1,"marker_pub_drops":0,"marker_pub_hw":0,"nav":"NO_QUORUM","mm":87,"miss_streak":0,"pwm":0,"lost_markers":4,"lost_ms":120103,"motor_dir":"FWD"}
1786551947.447936000 ngr/loco/9950011/alert {"level":"NO_QUORUM","reason":"STATUS","loco":"9950011","uptime_ms":864451,"nav":"NO_QUORUM","moving":0,"pwm":0,"est_mm_s":94,"dir":"CW","session_dir":"CW","mdir":"FWD","rear":63,"front":92,"env":8785,"lc_mm":63,"last_confirmed_landmark":"Grillers","age_ms":181834,"since":24,"dead_reckoned_mm":87,"candidate_mm":87,"viable":[0,1,3,4],"lostm":4,"lost_ms":121001,"agree":284,"disagree":6,"losts":1,"auto":1}
1786551947.540748000 ngr/loco/9950011/state/loopstat {"loop_max_gap_ms":34,"hall_task_max_gap_ms":2,"hall_task_age_ms":1,"baseline":1893,"raw":1900,"delta":7,"queue_drops":0,"floor_rejects":10,"queue_high_water":0,"mqtt_connect_ms":185,"mqtt_attempts":1,"pub_drops":0,"pub_queue_hw":1,"cmd_drops":0,"pub_per_s":1,"marker_pub_drops":0,"marker_pub_hw":0,"nav":"NO_QUORUM","mm":87,"miss_streak":0,"pwm":0,"lost_markers":4,"lost_ms":121103,"motor_dir":"FWD"}
1786551948.084612000 ngr/loco/9950011/telem/voltage 16.48
1786551948.108683000 ngr/loco/9950011/telem/current 0.17
1786551948.108793000 ngr/loco/9950011/telem/power 2.83
1786551948.443767000 ngr/loco/9950011/alert {"level":"NO_QUORUM","reason":"STATUS","loco":"9950011","uptime_ms":865451,"nav":"NO_QUORUM","moving":0,"pwm":0,"est_mm_s":94,"dir":"CW","session_dir":"CW","mdir":"FWD","rear":63,"front":92,"env":8785,"lc_mm":63,"last_confirmed_landmark":"Grillers","age_ms":182834,"since":24,"dead_reckoned_mm":87,"candidate_mm":87,"viable":[0,1,3,4],"lostm":4,"lost_ms":122001,"agree":284,"disagree":6,"losts":1,"auto":1}
1786551948.544060000 ngr/loco/9950011/state/loopstat {"loop_max_gap_ms":34,"hall_task_max_gap_ms":2,"hall_task_age_ms":1,"baseline":1893,"raw":1901,"delta":8,"queue_drops":0,"floor_rejects":10,"queue_high_water":0,"mqtt_connect_ms":185,"mqtt_attempts":1,"pub_drops":0,"pub_queue_hw":3,"cmd_drops":0,"pub_per_s":4,"marker_pub_drops":0,"marker_pub_hw":0,"nav":"NO_QUORUM","mm":87,"miss_streak":0,"pwm":0,"lost_markers":4,"lost_ms":122103,"motor_dir":"FWD"}
1786551949.439051000 ngr/loco/9950011/alert {"level":"NO_QUORUM","reason":"STATUS","loco":"9950011","uptime_ms":866451,"nav":"NO_QUORUM","moving":0,"pwm":0,"est_mm_s":94,"dir":"CW","session_dir":"CW","mdir":"FWD","rear":63,"front":92,"env":8785,"lc_mm":63,"last_confirmed_landmark":"Grillers","age_ms":183834,"since":24,"dead_reckoned_mm":87,"candidate_mm":87,"viable":[0,1,3,4],"lostm":4,"lost_ms":123001,"agree":284,"disagree":6,"losts":1,"auto":1}
1786551949.535001000 ngr/loco/9950011/state/loopstat {"loop_max_gap_ms":33,"hall_task_max_gap_ms":2,"hall_task_age_ms":1,"baseline":1893,"raw":1905,"delta":12,"queue_drops":0,"floor_rejects":10,"queue_high_water":0,"mqtt_connect_ms":185,"mqtt_attempts":1,"pub_drops":0,"pub_queue_hw":1,"cmd_drops":0,"pub_per_s":1,"marker_pub_drops":0,"marker_pub_hw":0,"nav":"NO_QUORUM","mm":87,"miss_streak":0,"pwm":0,"lost_markers":4,"lost_ms":123103,"motor_dir":"FWD"}
1786551950.453164000 ngr/loco/9950011/alert {"level":"NO_QUORUM","reason":"STATUS","loco":"9950011","uptime_ms":867451,"nav":"NO_QUORUM","moving":0,"pwm":0,"est_mm_s":94,"dir":"CW","session_dir":"CW","mdir":"FWD","rear":63,"front":92,"env":8785,"lc_mm":63,"last_confirmed_landmark":"Grillers","age_ms":184834,"since":24,"dead_reckoned_mm":87,"candidate_mm":87,"viable":[0,1,3,4],"lostm":4,"lost_ms":124001,"agree":284,"disagree":6,"losts":1,"auto":1}
1786551950.565384000 ngr/loco/9950011/state/loopstat {"loop_max_gap_ms":33,"hall_task_max_gap_ms":2,"hall_task_age_ms":1,"baseline":1893,"raw":1897,"delta":4,"queue_drops":0,"floor_rejects":10,"queue_high_water":0,"mqtt_connect_ms":185,"mqtt_attempts":1,"pub_drops":0,"pub_queue_hw":1,"cmd_drops":0,"pub_per_s":1,"marker_pub_drops":0,"marker_pub_hw":0,"nav":"NO_QUORUM","mm":87,"miss_streak":0,"pwm":0,"lost_markers":4,"lost_ms":124103,"motor_dir":"FWD"}
1786551951.073973000 $SYS/broker/uptime 51771 seconds
1786551951.437391000 ngr/loco/9950011/alert {"level":"NO_QUORUM","reason":"STATUS","loco":"9950011","uptime_ms":868451,"nav":"NO_QUORUM","moving":0,"pwm":0,"est_mm_s":94,"dir":"CW","session_dir":"CW","mdir":"FWD","rear":63,"front":92,"env":8785,"lc_mm":63,"last_confirmed_landmark":"Grillers","age_ms":185834,"since":24,"dead_reckoned_mm":87,"candidate_mm":87,"viable":[0,1,3,4],"lostm":4,"lost_ms":125001,"agree":284,"disagree":6,"losts":1,"auto":1}
1786551951.534695000 ngr/loco/9950011/state/loopstat {"loop_max_gap_ms":33,"hall_task_max_gap_ms":2,"hall_task_age_ms":1,"baseline":1893,"raw":1900,"delta":7,"queue_drops":0,"floor_rejects":10,"queue_high_water":0,"mqtt_connect_ms":185,"mqtt_attempts":1,"pub_drops":0,"pub_queue_hw":1,"cmd_drops":0,"pub_per_s":1,"marker_pub_drops":0,"marker_pub_hw":0,"nav":"NO_QUORUM","mm":87,"miss_streak":0,"pwm":0,"lost_markers":4,"lost_ms":125103,"motor_dir":"FWD"}
1786551952.443789000 ngr/loco/9950011/alert {"level":"NO_QUORUM","reason":"STATUS","loco":"9950011","uptime_ms":869451,"nav":"NO_QUORUM","moving":0,"pwm":0,"est_mm_s":94,"dir":"CW","session_dir":"CW","mdir":"FWD","rear":63,"front":92,"env":8785,"lc_mm":63,"last_confirmed_landmark":"Grillers","age_ms":186834,"since":24,"dead_reckoned_mm":87,"candidate_mm":87,"viable":[0,1,3,4],"lostm":4,"lost_ms":126001,"agree":284,"disagree":6,"losts":1,"auto":1}
1786551952.535783000 ngr/loco/9950011/state/loopstat {"loop_max_gap_ms":34,"hall_task_max_gap_ms":2,"hall_task_age_ms":1,"baseline":1893,"raw":1900,"delta":7,"queue_drops":0,"floor_rejects":10,"queue_high_water":0,"mqtt_connect_ms":185,"mqtt_attempts":1,"pub_drops":0,"pub_queue_hw":1,"cmd_drops":0,"pub_per_s":1,"marker_pub_drops":0,"marker_pub_hw":0,"nav":"NO_QUORUM","mm":87,"miss_streak":0,"pwm":0,"lost_markers":4,"lost_ms":126103,"motor_dir":"FWD"}
1786551953.060649000 ngr/loco/9950011/telem/voltage 16.47
1786551953.135292000 ngr/loco/9950011/telem/current 0.17
1786551953.135437000 ngr/loco/9950011/telem/power 2.86
1786551953.437491000 ngr/loco/9950011/alert {"level":"NO_QUORUM","reason":"STATUS","loco":"9950011","uptime_ms":870451,"nav":"NO_QUORUM","moving":0,"pwm":0,"est_mm_s":94,"dir":"CW","session_dir":"CW","mdir":"FWD","rear":63,"front":92,"env":8785,"lc_mm":63,"last_confirmed_landmark":"Grillers","age_ms":187834,"since":24,"dead_reckoned_mm":87,"candidate_mm":87,"viable":[0,1,3,4],"lostm":4,"lost_ms":127001,"agree":284,"disagree":6,"losts":1,"auto":1}
1786551953.539961000 ngr/loco/9950011/state/loopstat {"loop_max_gap_ms":33,"hall_task_max_gap_ms":2,"hall_task_age_ms":1,"baseline":1893,"raw":1902,"delta":9,"queue_drops":0,"floor_rejects":10,"queue_high_water":0,"mqtt_connect_ms":185,"mqtt_attempts":1,"pub_drops":0,"pub_queue_hw":3,"cmd_drops":0,"pub_per_s":4,"marker_pub_drops":0,"marker_pub_hw":0,"nav":"NO_QUORUM","mm":87,"miss_streak":0,"pwm":0,"lost_markers":4,"lost_ms":127103,"motor_dir":"FWD"}
1786551954.447150000 ngr/loco/9950011/alert {"level":"NO_QUORUM","reason":"STATUS","loco":"9950011","uptime_ms":871451,"nav":"NO_QUORUM","moving":0,"pwm":0,"est_mm_s":94,"dir":"CW","session_dir":"CW","mdir":"FWD","rear":63,"front":92,"env":8785,"lc_mm":63,"last_confirmed_landmark":"Grillers","age_ms":188834,"since":24,"dead_reckoned_mm":87,"candidate_mm":87,"viable":[0,1,3,4],"lostm":4,"lost_ms":128001,"agree":284,"disagree":6,"losts":1,"auto":1}
1786551954.538530000 ngr/loco/9950011/state/loopstat {"loop_max_gap_ms":34,"hall_task_max_gap_ms":2,"hall_task_age_ms":1,"baseline":1893,"raw":1902,"delta":9,"queue_drops":0,"floor_rejects":10,"queue_high_water":0,"mqtt_connect_ms":185,"mqtt_attempts":1,"pub_drops":0,"pub_queue_hw":1,"cmd_drops":0,"pub_per_s":1,"marker_pub_drops":0,"marker_pub_hw":0,"nav":"NO_QUORUM","mm":87,"miss_streak":0,"pwm":0,"lost_markers":4,"lost_ms":128103,"motor_dir":"FWD"}
1786551955.435513000 ngr/loco/9950011/alert {"level":"NO_QUORUM","reason":"STATUS","loco":"9950011","uptime_ms":872451,"nav":"NO_QUORUM","moving":0,"pwm":0,"est_mm_s":94,"dir":"CW","session_dir":"CW","mdir":"FWD","rear":63,"front":92,"env":8785,"lc_mm":63,"last_confirmed_landmark":"Grillers","age_ms":189834,"since":24,"dead_reckoned_mm":87,"candidate_mm":87,"viable":[0,1,3,4],"lostm":4,"lost_ms":129001,"agree":284,"disagree":6,"losts":1,"auto":1}
1786551955.530061000 ngr/loco/9950011/state/loopstat {"loop_max_gap_ms":34,"hall_task_max_gap_ms":2,"hall_task_age_ms":1,"baseline":1893,"raw":1901,"delta":8,"queue_drops":0,"floor_rejects":10,"queue_high_water":0,"mqtt_connect_ms":185,"mqtt_attempts":1,"pub_drops":0,"pub_queue_hw":1,"cmd_drops":0,"pub_per_s":1,"marker_pub_drops":0,"marker_pub_hw":0,"nav":"NO_QUORUM","mm":87,"miss_streak":0,"pwm":0,"lost_markers":4,"lost_ms":129103,"motor_dir":"FWD"}
1786551956.441396000 ngr/loco/9950011/alert {"level":"NO_QUORUM","reason":"STATUS","loco":"9950011","uptime_ms":873451,"nav":"NO_QUORUM","moving":0,"pwm":0,"est_mm_s":94,"dir":"CW","session_dir":"CW","mdir":"FWD","rear":63,"front":92,"env":8785,"lc_mm":63,"last_confirmed_landmark":"Grillers","age_ms":190834,"since":24,"dead_reckoned_mm":87,"candidate_mm":87,"viable":[0,1,3,4],"lostm":4,"lost_ms":130001,"agree":284,"disagree":6,"losts":1,"auto":1}
1786551956.541729000 ngr/loco/9950011/state/loopstat {"loop_max_gap_ms":33,"hall_task_max_gap_ms":2,"hall_task_age_ms":1,"baseline":1893,"raw":1901,"delta":8,"queue_drops":0,"floor_rejects":10,"queue_high_water":0,"mqtt_connect_ms":185,"mqtt_attempts":1,"pub_drops":0,"pub_queue_hw":1,"cmd_drops":0,"pub_per_s":1,"marker_pub_drops":0,"marker_pub_hw":0,"nav":"NO_QUORUM","mm":87,"miss_streak":0,"pwm":0,"lost_markers":4,"lost_ms":130103,"motor_dir":"FWD"}
1786551957.452205000 ngr/loco/9950011/alert {"level":"NO_QUORUM","reason":"STATUS","loco":"9950011","uptime_ms":874451,"nav":"NO_QUORUM","moving":0,"pwm":0,"est_mm_s":94,"dir":"CW","session_dir":"CW","mdir":"FWD","rear":63,"front":92,"env":8785,"lc_mm":63,"last_confirmed_landmark":"Grillers","age_ms":191834,"since":24,"dead_reckoned_mm":87,"candidate_mm":87,"viable":[0,1,3,4],"lostm":4,"lost_ms":131001,"agree":284,"disagree":6,"losts":1,"auto":1}
1786551957.562894000 ngr/loco/9950011/state/loopstat {"loop_max_gap_ms":34,"hall_task_max_gap_ms":2,"hall_task_age_ms":1,"baseline":1893,"raw":1900,"delta":7,"queue_drops":0,"floor_rejects":10,"queue_high_water":0,"mqtt_connect_ms":185,"mqtt_attempts":1,"pub_drops":0,"pub_queue_hw":1,"cmd_drops":0,"pub_per_s":1,"marker_pub_drops":0,"marker_pub_hw":0,"nav":"NO_QUORUM","mm":87,"miss_streak":0,"pwm":0,"lost_markers":4,"lost_ms":131103,"motor_dir":"FWD"}
1786551958.062637000 ngr/loco/9950011/telem/voltage 16.48
1786551958.107456000 ngr/loco/9950011/telem/current 0.17
1786551958.139036000 ngr/loco/9950011/telem/power 2.82
1786551958.514665000 ngr/loco/9950011/alert {"level":"NO_QUORUM","reason":"STATUS","loco":"9950011","uptime_ms":875451,"nav":"NO_QUORUM","moving":0,"pwm":0,"est_mm_s":94,"dir":"CW","session_dir":"CW","mdir":"FWD","rear":63,"front":92,"env":8785,"lc_mm":63,"last_confirmed_landmark":"Grillers","age_ms":192834,"since":24,"dead_reckoned_mm":87,"candidate_mm":87,"viable":[0,1,3,4],"lostm":4,"lost_ms":132001,"agree":284,"disagree":6,"losts":1,"auto":1}
1786551958.585624000 ngr/loco/9950011/state/loopstat {"loop_max_gap_ms":34,"hall_task_max_gap_ms":2,"hall_task_age_ms":1,"baseline":1893,"raw":1901,"delta":8,"queue_drops":0,"floor_rejects":10,"queue_high_water":0,"mqtt_connect_ms":185,"mqtt_attempts":1,"pub_drops":0,"pub_queue_hw":3,"cmd_drops":0,"pub_per_s":4,"marker_pub_drops":0,"marker_pub_hw":0,"nav":"NO_QUORUM","mm":87,"miss_streak":0,"pwm":0,"lost_markers":4,"lost_ms":132103,"motor_dir":"FWD"}
1786551959.433114000 ngr/loco/9950011/alert {"level":"NO_QUORUM","reason":"STATUS","loco":"9950011","uptime_ms":876451,"nav":"NO_QUORUM","moving":0,"pwm":0,"est_mm_s":94,"dir":"CW","session_dir":"CW","mdir":"FWD","rear":63,"front":92,"env":8785,"lc_mm":63,"last_confirmed_landmark":"Grillers","age_ms":193834,"since":24,"dead_reckoned_mm":87,"candidate_mm":87,"viable":[0,1,3,4],"lostm":4,"lost_ms":133001,"agree":284,"disagree":6,"losts":1,"auto":1}
1786551959.532041000 ngr/loco/9950011/state/loopstat {"loop_max_gap_ms":34,"hall_task_max_gap_ms":2,"hall_task_age_ms":1,"baseline":1893,"raw":1901,"delta":8,"queue_drops":0,"floor_rejects":10,"queue_high_water":0,"mqtt_connect_ms":185,"mqtt_attempts":1,"pub_drops":0,"pub_queue_hw":1,"cmd_drops":0,"pub_per_s":1,"marker_pub_drops":0,"marker_pub_hw":0,"nav":"NO_QUORUM","mm":87,"miss_streak":0,"pwm":0,"lost_markers":4,"lost_ms":133103,"motor_dir":"FWD"}
1786551960.434227000 ngr/loco/9950011/alert {"level":"NO_QUORUM","reason":"STATUS","loco":"9950011","uptime_ms":877451,"nav":"NO_QUORUM","moving":0,"pwm":0,"est_mm_s":94,"dir":"CW","session_dir":"CW","mdir":"FWD","rear":63,"front":92,"env":8785,"lc_mm":63,"last_confirmed_landmark":"Grillers","age_ms":194834,"since":24,"dead_reckoned_mm":87,"candidate_mm":87,"viable":[0,1,3,4],"lostm":4,"lost_ms":134001,"agree":284,"disagree":6,"losts":1,"auto":1}
1786551960.540647000 ngr/loco/9950011/state/loopstat {"loop_max_gap_ms":34,"hall_task_max_gap_ms":2,"hall_task_age_ms":1,"baseline":1893,"raw":1900,"delta":7,"queue_drops":0,"floor_rejects":10,"queue_high_water":0,"mqtt_connect_ms":185,"mqtt_attempts":1,"pub_drops":0,"pub_queue_hw":1,"cmd_drops":0,"pub_per_s":1,"marker_pub_drops":0,"marker_pub_hw":0,"nav":"NO_QUORUM","mm":87,"miss_streak":0,"pwm":0,"lost_markers":4,"lost_ms":134103,"motor_dir":"FWD"}
1786551961.435684000 ngr/loco/9950011/alert {"level":"NO_QUORUM","reason":"STATUS","loco":"9950011","uptime_ms":878451,"nav":"NO_QUORUM","moving":0,"pwm":0,"est_mm_s":94,"dir":"CW","session_dir":"CW","mdir":"FWD","rear":63,"front":92,"env":8785,"lc_mm":63,"last_confirmed_landmark":"Grillers","age_ms":195834,"since":24,"dead_reckoned_mm":87,"candidate_mm":87,"viable":[0,1,3,4],"lostm":4,"lost_ms":135001,"agree":284,"disagree":6,"losts":1,"auto":1}
1786551961.535409000 ngr/loco/9950011/state/loopstat {"loop_max_gap_ms":33,"hall_task_max_gap_ms":2,"hall_task_age_ms":1,"baseline":1893,"raw":1902,"delta":9,"queue_drops":0,"floor_rejects":10,"queue_high_water":0,"mqtt_connect_ms":185,"mqtt_attempts":1,"pub_drops":0,"pub_queue_hw":1,"cmd_drops":0,"pub_per_s":1,"marker_pub_drops":0,"marker_pub_hw":0,"nav":"NO_QUORUM","mm":87,"miss_streak":0,"pwm":0,"lost_markers":4,"lost_ms":135103,"motor_dir":"FWD"}
1786551962.153906000 $SYS/broker/uptime 51782 seconds
1786551962.432881000 ngr/loco/9950011/alert {"level":"NO_QUORUM","reason":"STATUS","loco":"9950011","uptime_ms":879451,"nav":"NO_QUORUM","moving":0,"pwm":0,"est_mm_s":94,"dir":"CW","session_dir":"CW","mdir":"FWD","rear":63,"front":92,"env":8785,"lc_mm":63,"last_confirmed_landmark":"Grillers","age_ms":196834,"since":24,"dead_reckoned_mm":87,"candidate_mm":87,"viable":[0,1,3,4],"lostm":4,"lost_ms":136001,"agree":284,"disagree":6,"losts":1,"auto":1}
1786551962.536183000 ngr/loco/9950011/state/loopstat {"loop_max_gap_ms":33,"hall_task_max_gap_ms":2,"hall_task_age_ms":1,"baseline":1893,"raw":1900,"delta":7,"queue_drops":0,"floor_rejects":10,"queue_high_water":0,"mqtt_connect_ms":185,"mqtt_attempts":1,"pub_drops":0,"pub_queue_hw":1,"cmd_drops":0,"pub_per_s":1,"marker_pub_drops":0,"marker_pub_hw":0,"nav":"NO_QUORUM","mm":87,"miss_streak":0,"pwm":0,"lost_markers":4,"lost_ms":136103,"motor_dir":"FWD"}
1786551963.029311000 ngr/loco/9950011/telem/voltage 16.48
1786551963.063097000 ngr/loco/9950011/telem/current 0.17
1786551963.063235000 ngr/loco/9950011/telem/power 2.82
1786551963.430410000 ngr/loco/9950011/alert {"level":"NO_QUORUM","reason":"STATUS","loco":"9950011","uptime_ms":880451,"nav":"NO_QUORUM","moving":0,"pwm":0,"est_mm_s":94,"dir":"CW","session_dir":"CW","mdir":"FWD","rear":63,"front":92,"env":8785,"lc_mm":63,"last_confirmed_landmark":"Grillers","age_ms":197834,"since":24,"dead_reckoned_mm":87,"candidate_mm":87,"viable":[0,1,3,4],"lostm":4,"lost_ms":137001,"agree":284,"disagree":6,"losts":1,"auto":1}
1786551963.555987000 ngr/loco/9950011/state/loopstat {"loop_max_gap_ms":34,"hall_task_max_gap_ms":2,"hall_task_age_ms":1,"baseline":1893,"raw":1899,"delta":6,"queue_drops":0,"floor_rejects":10,"queue_high_water":0,"mqtt_connect_ms":185,"mqtt_attempts":1,"pub_drops":0,"pub_queue_hw":3,"cmd_drops":0,"pub_per_s":4,"marker_pub_drops":0,"marker_pub_hw":0,"nav":"NO_QUORUM","mm":87,"miss_streak":0,"pwm":0,"lost_markers":4,"lost_ms":137103,"motor_dir":"FWD"}
1786551964.428726000 ngr/loco/9950011/alert {"level":"NO_QUORUM","reason":"STATUS","loco":"9950011","uptime_ms":881451,"nav":"NO_QUORUM","moving":0,"pwm":0,"est_mm_s":94,"dir":"CW","session_dir":"CW","mdir":"FWD","rear":63,"front":92,"env":8785,"lc_mm":63,"last_confirmed_landmark":"Grillers","age_ms":198834,"since":24,"dead_reckoned_mm":87,"candidate_mm":87,"viable":[0,1,3,4],"lostm":4,"lost_ms":138001,"agree":284,"disagree":6,"losts":1,"auto":1}
1786551964.534879000 ngr/loco/9950011/state/loopstat {"loop_max_gap_ms":34,"hall_task_max_gap_ms":2,"hall_task_age_ms":1,"baseline":1893,"raw":1899,"delta":6,"queue_drops":0,"floor_rejects":10,"queue_high_water":0,"mqtt_connect_ms":185,"mqtt_attempts":1,"pub_drops":0,"pub_queue_hw":1,"cmd_drops":0,"pub_per_s":1,"marker_pub_drops":0,"marker_pub_hw":0,"nav":"NO_QUORUM","mm":87,"miss_streak":0,"pwm":0,"lost_markers":4,"lost_ms":138103,"motor_dir":"FWD"}
1786551965.441815000 ngr/loco/9950011/alert {"level":"NO_QUORUM","reason":"STATUS","loco":"9950011","uptime_ms":882451,"nav":"NO_QUORUM","moving":0,"pwm":0,"est_mm_s":94,"dir":"CW","session_dir":"CW","mdir":"FWD","rear":63,"front":92,"env":8785,"lc_mm":63,"last_confirmed_landmark":"Grillers","age_ms":199834,"since":24,"dead_reckoned_mm":87,"candidate_mm":87,"viable":[0,1,3,4],"lostm":4,"lost_ms":139001,"agree":284,"disagree":6,"losts":1,"auto":1}
1786551965.542379000 ngr/loco/9950011/state/loopstat {"loop_max_gap_ms":34,"hall_task_max_gap_ms":2,"hall_task_age_ms":1,"baseline":1893,"raw":1901,"delta":8,"queue_drops":0,"floor_rejects":10,"queue_high_water":0,"mqtt_connect_ms":185,"mqtt_attempts":1,"pub_drops":0,"pub_queue_hw":1,"cmd_drops":0,"pub_per_s":1,"marker_pub_drops":0,"marker_pub_hw":0,"nav":"NO_QUORUM","mm":87,"miss_streak":0,"pwm":0,"lost_markers":4,"lost_ms":139103,"motor_dir":"FWD"}
1786551966.588510000 ngr/loco/9950011/alert {"level":"NO_QUORUM","reason":"STATUS","loco":"9950011","uptime_ms":883451,"nav":"NO_QUORUM","moving":0,"pwm":0,"est_mm_s":94,"dir":"CW","session_dir":"CW","mdir":"FWD","rear":63,"front":92,"env":8785,"lc_mm":63,"last_confirmed_landmark":"Grillers","age_ms":200834,"since":24,"dead_reckoned_mm":87,"candidate_mm":87,"viable":[0,1,3,4],"lostm":4,"lost_ms":140001,"agree":284,"disagree":6,"losts":1,"auto":1}
1786551966.725905000 ngr/loco/9950011/state/loopstat {"loop_max_gap_ms":33,"hall_task_max_gap_ms":2,"hall_task_age_ms":1,"baseline":1893,"raw":1901,"delta":8,"queue_drops":0,"floor_rejects":10,"queue_high_water":0,"mqtt_connect_ms":185,"mqtt_attempts":1,"pub_drops":0,"pub_queue_hw":1,"cmd_drops":0,"pub_per_s":1,"marker_pub_drops":0,"marker_pub_hw":0,"nav":"NO_QUORUM","mm":87,"miss_streak":0,"pwm":0,"lost_markers":4,"lost_ms":140103,"motor_dir":"FWD"}
1786551967.590540000 ngr/loco/9950011/alert {"level":"NO_QUORUM","reason":"STATUS","loco":"9950011","uptime_ms":884451,"nav":"NO_QUORUM","moving":0,"pwm":0,"est_mm_s":94,"dir":"CW","session_dir":"CW","mdir":"FWD","rear":63,"front":92,"env":8785,"lc_mm":63,"last_confirmed_landmark":"Grillers","age_ms":201834,"since":24,"dead_reckoned_mm":87,"candidate_mm":87,"viable":[0,1,3,4],"lostm":4,"lost_ms":141001,"agree":284,"disagree":6,"losts":1,"auto":1}
1786551967.779478000 ngr/loco/9950011/state/loopstat {"loop_max_gap_ms":34,"hall_task_max_gap_ms":2,"hall_task_age_ms":1,"baseline":1893,"raw":1900,"delta":7,"queue_drops":0,"floor_rejects":10,"queue_high_water":0,"mqtt_connect_ms":185,"mqtt_attempts":1,"pub_drops":0,"pub_queue_hw":1,"cmd_drops":0,"pub_per_s":1,"marker_pub_drops":0,"marker_pub_hw":0,"nav":"NO_QUORUM","mm":87,"miss_streak":0,"pwm":0,"lost_markers":4,"lost_ms":141103,"motor_dir":"FWD"}
1786551968.053777000 ngr/loco/9950011/telem/voltage 16.48
1786551968.199368000 ngr/loco/9950011/telem/current 0.17
1786551968.300706000 ngr/loco/9950011/telem/power 2.83
1786551968.518810000 ngr/loco/9950011/alert {"level":"NO_QUORUM","reason":"STATUS","loco":"9950011","uptime_ms":885451,"nav":"NO_QUORUM","moving":0,"pwm":0,"est_mm_s":94,"dir":"CW","session_dir":"CW","mdir":"FWD","rear":63,"front":92,"env":8785,"lc_mm":63,"last_confirmed_landmark":"Grillers","age_ms":202834,"since":24,"dead_reckoned_mm":87,"candidate_mm":87,"viable":[0,1,3,4],"lostm":4,"lost_ms":142001,"agree":284,"disagree":6,"losts":1,"auto":1}
1786551968.703242000 ngr/loco/9950011/state/loopstat {"loop_max_gap_ms":33,"hall_task_max_gap_ms":2,"hall_task_age_ms":1,"baseline":1893,"raw":1901,"delta":8,"queue_drops":0,"floor_rejects":10,"queue_high_water":0,"mqtt_connect_ms":185,"mqtt_attempts":1,"pub_drops":0,"pub_queue_hw":3,"cmd_drops":0,"pub_per_s":4,"marker_pub_drops":0,"marker_pub_hw":0,"nav":"NO_QUORUM","mm":87,"miss_streak":0,"pwm":0,"lost_markers":4,"lost_ms":142103,"motor_dir":"FWD"}
1786551969.477072000 ngr/loco/9950011/alert {"level":"NO_QUORUM","reason":"STATUS","loco":"9950011","uptime_ms":886451,"nav":"NO_QUORUM","moving":0,"pwm":0,"est_mm_s":94,"dir":"CW","session_dir":"CW","mdir":"FWD","rear":63,"front":92,"env":8785,"lc_mm":63,"last_confirmed_landmark":"Grillers","age_ms":203834,"since":24,"dead_reckoned_mm":87,"candidate_mm":87,"viable":[0,1,3,4],"lostm":4,"lost_ms":143001,"agree":284,"disagree":6,"losts":1,"auto":1}
1786551969.731052000 ngr/loco/9950011/state/loopstat {"loop_max_gap_ms":34,"hall_task_max_gap_ms":2,"hall_task_age_ms":1,"baseline":1893,"raw":1900,"delta":7,"queue_drops":0,"floor_rejects":10,"queue_high_water":0,"mqtt_connect_ms":185,"mqtt_attempts":1,"pub_drops":0,"pub_queue_hw":1,"cmd_drops":0,"pub_per_s":1,"marker_pub_drops":0,"marker_pub_hw":0,"nav":"NO_QUORUM","mm":87,"miss_streak":0,"pwm":0,"lost_markers":4,"lost_ms":143103,"motor_dir":"FWD"}
1786551970.494280000 ngr/loco/9950011/alert {"level":"NO_QUORUM","reason":"STATUS","loco":"9950011","uptime_ms":887451,"nav":"NO_QUORUM","moving":0,"pwm":0,"est_mm_s":94,"dir":"CW","session_dir":"CW","mdir":"FWD","rear":63,"front":92,"env":8785,"lc_mm":63,"last_confirmed_landmark":"Grillers","age_ms":204834,"since":24,"dead_reckoned_mm":87,"candidate_mm":87,"viable":[0,1,3,4],"lostm":4,"lost_ms":144001,"agree":284,"disagree":6,"losts":1,"auto":1}
1786551970.553261000 ngr/loco/9950011/state/loopstat {"loop_max_gap_ms":34,"hall_task_max_gap_ms":2,"hall_task_age_ms":1,"baseline":1893,"raw":1902,"delta":9,"queue_drops":0,"floor_rejects":10,"queue_high_water":0,"mqtt_connect_ms":185,"mqtt_attempts":1,"pub_drops":0,"pub_queue_hw":1,"cmd_drops":0,"pub_per_s":1,"marker_pub_drops":0,"marker_pub_hw":0,"nav":"NO_QUORUM","mm":87,"miss_streak":0,"pwm":0,"lost_markers":4,"lost_ms":144103,"motor_dir":"FWD"}
1786551971.486625000 ngr/loco/9950011/alert {"level":"NO_QUORUM","reason":"STATUS","loco":"9950011","uptime_ms":888451,"nav":"NO_QUORUM","moving":0,"pwm":0,"est_mm_s":94,"dir":"CW","session_dir":"CW","mdir":"FWD","rear":63,"front":92,"env":8785,"lc_mm":63,"last_confirmed_landmark":"Grillers","age_ms":205834,"since":24,"dead_reckoned_mm":87,"candidate_mm":87,"viable":[0,1,3,4],"lostm":4,"lost_ms":145001,"agree":284,"disagree":6,"losts":1,"auto":1}
1786551971.565582000 ngr/loco/9950011/state/loopstat {"loop_max_gap_ms":34,"hall_task_max_gap_ms":2,"hall_task_age_ms":1,"baseline":1893,"raw":1901,"delta":8,"queue_drops":0,"floor_rejects":10,"queue_high_water":0,"mqtt_connect_ms":185,"mqtt_attempts":1,"pub_drops":0,"pub_queue_hw":1,"cmd_drops":0,"pub_per_s":1,"marker_pub_drops":0,"marker_pub_hw":0,"nav":"NO_QUORUM","mm":87,"miss_streak":0,"pwm":0,"lost_markers":4,"lost_ms":145103,"motor_dir":"FWD"}
1786551972.432026000 ngr/loco/9950011/alert {"level":"NO_QUORUM","reason":"STATUS","loco":"9950011","uptime_ms":889451,"nav":"NO_QUORUM","moving":0,"pwm":0,"est_mm_s":94,"dir":"CW","session_dir":"CW","mdir":"FWD","rear":63,"front":92,"env":8785,"lc_mm":63,"last_confirmed_landmark":"Grillers","age_ms":206834,"since":24,"dead_reckoned_mm":87,"candidate_mm":87,"viable":[0,1,3,4],"lostm":4,"lost_ms":146001,"agree":284,"disagree":6,"losts":1,"auto":1}
1786551972.529048000 ngr/loco/9950011/state/loopstat {"loop_max_gap_ms":34,"hall_task_max_gap_ms":2,"hall_task_age_ms":1,"baseline":1893,"raw":1898,"delta":5,"queue_drops":0,"floor_rejects":10,"queue_high_water":0,"mqtt_connect_ms":185,"mqtt_attempts":1,"pub_drops":0,"pub_queue_hw":1,"cmd_drops":0,"pub_per_s":1,"marker_pub_drops":0,"marker_pub_hw":0,"nav":"NO_QUORUM","mm":87,"miss_streak":0,"pwm":0,"lost_markers":4,"lost_ms":146103,"motor_dir":"FWD"}
1786551972.998510000 ngr/loco/9950011/telem/voltage 16.47
1786551973.065313000 ngr/loco/9950011/telem/current 0.17
1786551973.074675000 $SYS/broker/uptime 51793 seconds
1786551973.074847000 ngr/loco/9950011/telem/power 2.86
1786551973.429896000 ngr/loco/9950011/alert {"level":"NO_QUORUM","reason":"STATUS","loco":"9950011","uptime_ms":890451,"nav":"NO_QUORUM","moving":0,"pwm":0,"est_mm_s":94,"dir":"CW","session_dir":"CW","mdir":"FWD","rear":63,"front":92,"env":8785,"lc_mm":63,"last_confirmed_landmark":"Grillers","age_ms":207834,"since":24,"dead_reckoned_mm":87,"candidate_mm":87,"viable":[0,1,3,4],"lostm":4,"lost_ms":147001,"agree":284,"disagree":6,"losts":1,"auto":1}
1786551973.532051000 ngr/loco/9950011/state/loopstat {"loop_max_gap_ms":34,"hall_task_max_gap_ms":2,"hall_task_age_ms":1,"baseline":1893,"raw":1901,"delta":8,"queue_drops":0,"floor_rejects":10,"queue_high_water":0,"mqtt_connect_ms":185,"mqtt_attempts":1,"pub_drops":0,"pub_queue_hw":3,"cmd_drops":0,"pub_per_s":4,"marker_pub_drops":0,"marker_pub_hw":0,"nav":"NO_QUORUM","mm":87,"miss_streak":0,"pwm":0,"lost_markers":4,"lost_ms":147103,"motor_dir":"FWD"}
1786551974.434084000 ngr/loco/9950011/alert {"level":"NO_QUORUM","reason":"STATUS","loco":"9950011","uptime_ms":891451,"nav":"NO_QUORUM","moving":0,"pwm":0,"est_mm_s":94,"dir":"CW","session_dir":"CW","mdir":"FWD","rear":63,"front":92,"env":8785,"lc_mm":63,"last_confirmed_landmark":"Grillers","age_ms":208834,"since":24,"dead_reckoned_mm":87,"candidate_mm":87,"viable":[0,1,3,4],"lostm":4,"lost_ms":148001,"agree":284,"disagree":6,"losts":1,"auto":1}
1786551974.531538000 ngr/loco/9950011/state/loopstat {"loop_max_gap_ms":34,"hall_task_max_gap_ms":2,"hall_task_age_ms":1,"baseline":1893,"raw":1901,"delta":8,"queue_drops":0,"floor_rejects":10,"queue_high_water":0,"mqtt_connect_ms":185,"mqtt_attempts":1,"pub_drops":0,"pub_queue_hw":1,"cmd_drops":0,"pub_per_s":1,"marker_pub_drops":0,"marker_pub_hw":0,"nav":"NO_QUORUM","mm":87,"miss_streak":0,"pwm":0,"lost_markers":4,"lost_ms":148103,"motor_dir":"FWD"}
1786551975.436235000 ngr/loco/9950011/alert {"level":"NO_QUORUM","reason":"STATUS","loco":"9950011","uptime_ms":892451,"nav":"NO_QUORUM","moving":0,"pwm":0,"est_mm_s":94,"dir":"CW","session_dir":"CW","mdir":"FWD","rear":63,"front":92,"env":8785,"lc_mm":63,"last_confirmed_landmark":"Grillers","age_ms":209834,"since":24,"dead_reckoned_mm":87,"candidate_mm":87,"viable":[0,1,3,4],"lostm":4,"lost_ms":149001,"agree":284,"disagree":6,"losts":1,"auto":1}
1786551975.533431000 ngr/loco/9950011/state/loopstat {"loop_max_gap_ms":33,"hall_task_max_gap_ms":2,"hall_task_age_ms":1,"baseline":1893,"raw":1901,"delta":8,"queue_drops":0,"floor_rejects":10,"queue_high_water":0,"mqtt_connect_ms":185,"mqtt_attempts":1,"pub_drops":0,"pub_queue_hw":1,"cmd_drops":0,"pub_per_s":1,"marker_pub_drops":0,"marker_pub_hw":0,"nav":"NO_QUORUM","mm":87,"miss_streak":0,"pwm":0,"lost_markers":4,"lost_ms":149103,"motor_dir":"FWD"}
1786551976.434175000 ngr/loco/9950011/alert {"level":"NO_QUORUM","reason":"STATUS","loco":"9950011","uptime_ms":893451,"nav":"NO_QUORUM","moving":0,"pwm":0,"est_mm_s":94,"dir":"CW","session_dir":"CW","mdir":"FWD","rear":63,"front":92,"env":8785,"lc_mm":63,"last_confirmed_landmark":"Grillers","age_ms":210834,"since":24,"dead_reckoned_mm":87,"candidate_mm":87,"viable":[0,1,3,4],"lostm":4,"lost_ms":150001,"agree":284,"disagree":6,"losts":1,"auto":1}
1786551976.545092000 ngr/loco/9950011/state/loopstat {"loop_max_gap_ms":33,"hall_task_max_gap_ms":2,"hall_task_age_ms":1,"baseline":1893,"raw":1899,"delta":6,"queue_drops":0,"floor_rejects":10,"queue_high_water":0,"mqtt_connect_ms":185,"mqtt_attempts":1,"pub_drops":0,"pub_queue_hw":1,"cmd_drops":0,"pub_per_s":1,"marker_pub_drops":0,"marker_pub_hw":0,"nav":"NO_QUORUM","mm":87,"miss_streak":0,"pwm":0,"lost_markers":4,"lost_ms":150103,"motor_dir":"FWD"}
1786551977.432290000 ngr/loco/9950011/alert {"level":"NO_QUORUM","reason":"STATUS","loco":"9950011","uptime_ms":894451,"nav":"NO_QUORUM","moving":0,"pwm":0,"est_mm_s":94,"dir":"CW","session_dir":"CW","mdir":"FWD","rear":63,"front":92,"env":8785,"lc_mm":63,"last_confirmed_landmark":"Grillers","age_ms":211834,"since":24,"dead_reckoned_mm":87,"candidate_mm":87,"viable":[0,1,3,4],"lostm":4,"lost_ms":151001,"agree":284,"disagree":6,"losts":1,"auto":1}
1786551977.534223000 ngr/loco/9950011/state/loopstat {"loop_max_gap_ms":33,"hall_task_max_gap_ms":2,"hall_task_age_ms":1,"baseline":1893,"raw":1900,"delta":7,"queue_drops":0,"floor_rejects":10,"queue_high_water":0,"mqtt_connect_ms":185,"mqtt_attempts":1,"pub_drops":0,"pub_queue_hw":1,"cmd_drops":0,"pub_per_s":1,"marker_pub_drops":0,"marker_pub_hw":0,"nav":"NO_QUORUM","mm":87,"miss_streak":0,"pwm":0,"lost_markers":4,"lost_ms":151103,"motor_dir":"FWD"}
1786551978.014141000 ngr/loco/9950011/telem/voltage 16.48
1786551978.036603000 ngr/loco/9950011/telem/current 0.17
1786551978.036756000 ngr/loco/9950011/telem/power 2.87
1786551978.457022000 ngr/loco/9950011/alert {"level":"NO_QUORUM","reason":"STATUS","loco":"9950011","uptime_ms":895451,"nav":"NO_QUORUM","moving":0,"pwm":0,"est_mm_s":94,"dir":"CW","session_dir":"CW","mdir":"FWD","rear":63,"front":92,"env":8785,"lc_mm":63,"last_confirmed_landmark":"Grillers","age_ms":212834,"since":24,"dead_reckoned_mm":87,"candidate_mm":87,"viable":[0,1,3,4],"lostm":4,"lost_ms":152001,"agree":284,"disagree":6,"losts":1,"auto":1}
1786551978.539801000 ngr/loco/9950011/state/loopstat {"loop_max_gap_ms":34,"hall_task_max_gap_ms":2,"hall_task_age_ms":1,"baseline":1893,"raw":1899,"delta":6,"queue_drops":0,"floor_rejects":10,"queue_high_water":0,"mqtt_connect_ms":185,"mqtt_attempts":1,"pub_drops":0,"pub_queue_hw":3,"cmd_drops":0,"pub_per_s":4,"marker_pub_drops":0,"marker_pub_hw":0,"nav":"NO_QUORUM","mm":87,"miss_streak":0,"pwm":0,"lost_markers":4,"lost_ms":152103,"motor_dir":"FWD"}
1786551979.467303000 ngr/loco/9950011/alert {"level":"NO_QUORUM","reason":"STATUS","loco":"9950011","uptime_ms":896451,"nav":"NO_QUORUM","moving":0,"pwm":0,"est_mm_s":94,"dir":"CW","session_dir":"CW","mdir":"FWD","rear":63,"front":92,"env":8785,"lc_mm":63,"last_confirmed_landmark":"Grillers","age_ms":213834,"since":24,"dead_reckoned_mm":87,"candidate_mm":87,"viable":[0,1,3,4],"lostm":4,"lost_ms":153001,"agree":284,"disagree":6,"losts":1,"auto":1}
1786551979.549343000 ngr/loco/9950011/state/loopstat {"loop_max_gap_ms":33,"hall_task_max_gap_ms":2,"hall_task_age_ms":1,"baseline":1893,"raw":1900,"delta":7,"queue_drops":0,"floor_rejects":10,"queue_high_water":0,"mqtt_connect_ms":185,"mqtt_attempts":1,"pub_drops":0,"pub_queue_hw":1,"cmd_drops":0,"pub_per_s":1,"marker_pub_drops":0,"marker_pub_hw":0,"nav":"NO_QUORUM","mm":87,"miss_streak":0,"pwm":0,"lost_markers":4,"lost_ms":153103,"motor_dir":"FWD"}
1786551980.463457000 ngr/loco/9950011/alert {"level":"NO_QUORUM","reason":"STATUS","loco":"9950011","uptime_ms":897451,"nav":"NO_QUORUM","moving":0,"pwm":0,"est_mm_s":94,"dir":"CW","session_dir":"CW","mdir":"FWD","rear":63,"front":92,"env":8785,"lc_mm":63,"last_confirmed_landmark":"Grillers","age_ms":214834,"since":24,"dead_reckoned_mm":87,"candidate_mm":87,"viable":[0,1,3,4],"lostm":4,"lost_ms":154001,"agree":284,"disagree":6,"losts":1,"auto":1}
1786551980.563018000 ngr/loco/9950011/state/loopstat {"loop_max_gap_ms":34,"hall_task_max_gap_ms":2,"hall_task_age_ms":1,"baseline":1893,"raw":1902,"delta":9,"queue_drops":0,"floor_rejects":10,"queue_high_water":0,"mqtt_connect_ms":185,"mqtt_attempts":1,"pub_drops":0,"pub_queue_hw":1,"cmd_drops":0,"pub_per_s":1,"marker_pub_drops":0,"marker_pub_hw":0,"nav":"NO_QUORUM","mm":87,"miss_streak":0,"pwm":0,"lost_markers":4,"lost_ms":154103,"motor_dir":"FWD"}
1786551981.451610000 ngr/loco/9950011/alert {"level":"NO_QUORUM","reason":"STATUS","loco":"9950011","uptime_ms":898451,"nav":"NO_QUORUM","moving":0,"pwm":0,"est_mm_s":94,"dir":"CW","session_dir":"CW","mdir":"FWD","rear":63,"front":92,"env":8785,"lc_mm":63,"last_confirmed_landmark":"Grillers","age_ms":215834,"since":24,"dead_reckoned_mm":87,"candidate_mm":87,"viable":[0,1,3,4],"lostm":4,"lost_ms":155001,"agree":284,"disagree":6,"losts":1,"auto":1}
1786551981.548741000 ngr/loco/9950011/state/loopstat {"loop_max_gap_ms":34,"hall_task_max_gap_ms":2,"hall_task_age_ms":1,"baseline":1893,"raw":1901,"delta":8,"queue_drops":0,"floor_rejects":10,"queue_high_water":0,"mqtt_connect_ms":185,"mqtt_attempts":1,"pub_drops":0,"pub_queue_hw":1,"cmd_drops":0,"pub_per_s":1,"marker_pub_drops":0,"marker_pub_hw":0,"nav":"NO_QUORUM","mm":87,"miss_streak":0,"pwm":0,"lost_markers":4,"lost_ms":155103,"motor_dir":"FWD"}
1786551982.432951000 ngr/loco/9950011/alert {"level":"NO_QUORUM","reason":"STATUS","loco":"9950011","uptime_ms":899451,"nav":"NO_QUORUM","moving":0,"pwm":0,"est_mm_s":94,"dir":"CW","session_dir":"CW","mdir":"FWD","rear":63,"front":92,"env":8785,"lc_mm":63,"last_confirmed_landmark":"Grillers","age_ms":216834,"since":24,"dead_reckoned_mm":87,"candidate_mm":87,"viable":[0,1,3,4],"lostm":4,"lost_ms":156001,"agree":284,"disagree":6,"losts":1,"auto":1}
1786551982.538976000 ngr/loco/9950011/state/loopstat {"loop_max_gap_ms":33,"hall_task_max_gap_ms":2,"hall_task_age_ms":1,"baseline":1893,"raw":1900,"delta":7,"queue_drops":0,"floor_rejects":10,"queue_high_water":0,"mqtt_connect_ms":185,"mqtt_attempts":1,"pub_drops":0,"pub_queue_hw":1,"cmd_drops":0,"pub_per_s":1,"marker_pub_drops":0,"marker_pub_hw":0,"nav":"NO_QUORUM","mm":87,"miss_streak":0,"pwm":0,"lost_markers":4,"lost_ms":156103,"motor_dir":"FWD"}
1786551983.047096000 ngr/loco/9950011/telem/voltage 16.48
1786551983.101009000 ngr/loco/9950011/telem/current 0.17
1786551983.135784000 ngr/loco/9950011/telem/power 2.85
1786551983.425240000 ngr/loco/9950011/alert {"level":"NO_QUORUM","reason":"STATUS","loco":"9950011","uptime_ms":900451,"nav":"NO_QUORUM","moving":0,"pwm":0,"est_mm_s":94,"dir":"CW","session_dir":"CW","mdir":"FWD","rear":63,"front":92,"env":8785,"lc_mm":63,"last_confirmed_landmark":"Grillers","age_ms":217834,"since":24,"dead_reckoned_mm":87,"candidate_mm":87,"viable":[0,1,3,4],"lostm":4,"lost_ms":157001,"agree":284,"disagree":6,"losts":1,"auto":1}
1786551983.537146000 ngr/loco/9950011/state/loopstat {"loop_max_gap_ms":34,"hall_task_max_gap_ms":2,"hall_task_age_ms":1,"baseline":1893,"raw":1899,"delta":6,"queue_drops":0,"floor_rejects":10,"queue_high_water":0,"mqtt_connect_ms":185,"mqtt_attempts":1,"pub_drops":0,"pub_queue_hw":3,"cmd_drops":0,"pub_per_s":4,"marker_pub_drops":0,"marker_pub_hw":0,"nav":"NO_QUORUM","mm":87,"miss_streak":0,"pwm":0,"lost_markers":4,"lost_ms":157103,"motor_dir":"FWD"}
1786551984.046765000 $SYS/broker/uptime 51804 seconds
1786551984.440324000 ngr/loco/9950011/alert {"level":"NO_QUORUM","reason":"STATUS","loco":"9950011","uptime_ms":901451,"nav":"NO_QUORUM","moving":0,"pwm":0,"est_mm_s":94,"dir":"CW","session_dir":"CW","mdir":"FWD","rear":63,"front":92,"env":8785,"lc_mm":63,"last_confirmed_landmark":"Grillers","age_ms":218834,"since":24,"dead_reckoned_mm":87,"candidate_mm":87,"viable":[0,1,3,4],"lostm":4,"lost_ms":158001,"agree":284,"disagree":6,"losts":1,"auto":1}
1786551984.537368000 ngr/loco/9950011/state/loopstat {"loop_max_gap_ms":34,"hall_task_max_gap_ms":2,"hall_task_age_ms":1,"baseline":1893,"raw":1901,"delta":8,"queue_drops":0,"floor_rejects":10,"queue_high_water":0,"mqtt_connect_ms":185,"mqtt_attempts":1,"pub_drops":0,"pub_queue_hw":1,"cmd_drops":0,"pub_per_s":1,"marker_pub_drops":0,"marker_pub_hw":0,"nav":"NO_QUORUM","mm":87,"miss_streak":0,"pwm":0,"lost_markers":4,"lost_ms":158103,"motor_dir":"FWD"}
1786551985.437273000 ngr/loco/9950011/alert {"level":"NO_QUORUM","reason":"STATUS","loco":"9950011","uptime_ms":902451,"nav":"NO_QUORUM","moving":0,"pwm":0,"est_mm_s":94,"dir":"CW","session_dir":"CW","mdir":"FWD","rear":63,"front":92,"env":8785,"lc_mm":63,"last_confirmed_landmark":"Grillers","age_ms":219834,"since":24,"dead_reckoned_mm":87,"candidate_mm":87,"viable":[0,1,3,4],"lostm":4,"lost_ms":159001,"agree":284,"disagree":6,"losts":1,"auto":1}
1786551985.537074000 ngr/loco/9950011/state/loopstat {"loop_max_gap_ms":33,"hall_task_max_gap_ms":2,"hall_task_age_ms":1,"baseline":1893,"raw":1897,"delta":4,"queue_drops":0,"floor_rejects":10,"queue_high_water":0,"mqtt_connect_ms":185,"mqtt_attempts":1,"pub_drops":0,"pub_queue_hw":1,"cmd_drops":0,"pub_per_s":1,"marker_pub_drops":0,"marker_pub_hw":0,"nav":"NO_QUORUM","mm":87,"miss_streak":0,"pwm":0,"lost_markers":4,"lost_ms":159103,"motor_dir":"FWD"}
1786551986.428543000 ngr/loco/9950011/alert {"level":"NO_QUORUM","reason":"STATUS","loco":"9950011","uptime_ms":903451,"nav":"NO_QUORUM","moving":0,"pwm":0,"est_mm_s":94,"dir":"CW","session_dir":"CW","mdir":"FWD","rear":63,"front":92,"env":8785,"lc_mm":63,"last_confirmed_landmark":"Grillers","age_ms":220834,"since":24,"dead_reckoned_mm":87,"candidate_mm":87,"viable":[0,1,3,4],"lostm":4,"lost_ms":160001,"agree":284,"disagree":6,"losts":1,"auto":1}
1786551986.537421000 ngr/loco/9950011/state/loopstat {"loop_max_gap_ms":34,"hall_task_max_gap_ms":2,"hall_task_age_ms":1,"baseline":1893,"raw":1902,"delta":9,"queue_drops":0,"floor_rejects":10,"queue_high_water":0,"mqtt_connect_ms":185,"mqtt_attempts":1,"pub_drops":0,"pub_queue_hw":1,"cmd_drops":0,"pub_per_s":1,"marker_pub_drops":0,"marker_pub_hw":0,"nav":"NO_QUORUM","mm":87,"miss_streak":0,"pwm":0,"lost_markers":4,"lost_ms":160103,"motor_dir":"FWD"}
1786551987.439499000 ngr/loco/9950011/alert {"level":"NO_QUORUM","reason":"STATUS","loco":"9950011","uptime_ms":904451,"nav":"NO_QUORUM","moving":0,"pwm":0,"est_mm_s":94,"dir":"CW","session_dir":"CW","mdir":"FWD","rear":63,"front":92,"env":8785,"lc_mm":63,"last_confirmed_landmark":"Grillers","age_ms":221834,"since":24,"dead_reckoned_mm":87,"candidate_mm":87,"viable":[0,1,3,4],"lostm":4,"lost_ms":161001,"agree":284,"disagree":6,"losts":1,"auto":1}
1786551987.536269000 ngr/loco/9950011/state/loopstat {"loop_max_gap_ms":34,"hall_task_max_gap_ms":2,"hall_task_age_ms":1,"baseline":1893,"raw":1900,"delta":7,"queue_drops":0,"floor_rejects":10,"queue_high_water":0,"mqtt_connect_ms":185,"mqtt_attempts":1,"pub_drops":0,"pub_queue_hw":1,"cmd_drops":0,"pub_per_s":1,"marker_pub_drops":0,"marker_pub_hw":0,"nav":"NO_QUORUM","mm":87,"miss_streak":0,"pwm":0,"lost_markers":4,"lost_ms":161103,"motor_dir":"FWD"}
1786551988.034698000 ngr/loco/9950011/telem/voltage 16.48
1786551988.068736000 ngr/loco/9950011/telem/current 0.17
1786551988.085884000 ngr/loco/9950011/telem/power 2.81
1786551988.436933000 ngr/loco/9950011/alert {"level":"NO_QUORUM","reason":"STATUS","loco":"9950011","uptime_ms":905451,"nav":"NO_QUORUM","moving":0,"pwm":0,"est_mm_s":94,"dir":"CW","session_dir":"CW","mdir":"FWD","rear":63,"front":92,"env":8785,"lc_mm":63,"last_confirmed_landmark":"Grillers","age_ms":222834,"since":24,"dead_reckoned_mm":87,"candidate_mm":87,"viable":[0,1,3,4],"lostm":4,"lost_ms":162001,"agree":284,"disagree":6,"losts":1,"auto":1}
1786551988.617985000 ngr/loco/9950011/state/loopstat {"loop_max_gap_ms":34,"hall_task_max_gap_ms":2,"hall_task_age_ms":1,"baseline":1893,"raw":1899,"delta":6,"queue_drops":0,"floor_rejects":10,"queue_high_water":0,"mqtt_connect_ms":185,"mqtt_attempts":1,"pub_drops":0,"pub_queue_hw":3,"cmd_drops":0,"pub_per_s":4,"marker_pub_drops":0,"marker_pub_hw":0,"nav":"NO_QUORUM","mm":87,"miss_streak":0,"pwm":0,"lost_markers":4,"lost_ms":162103,"motor_dir":"FWD"}
1786551989.463593000 ngr/loco/9950011/alert {"level":"NO_QUORUM","reason":"STATUS","loco":"9950011","uptime_ms":906451,"nav":"NO_QUORUM","moving":0,"pwm":0,"est_mm_s":94,"dir":"CW","session_dir":"CW","mdir":"FWD","rear":63,"front":92,"env":8785,"lc_mm":63,"last_confirmed_landmark":"Grillers","age_ms":223834,"since":24,"dead_reckoned_mm":87,"candidate_mm":87,"viable":[0,1,3,4],"lostm":4,"lost_ms":163001,"agree":284,"disagree":6,"losts":1,"auto":1}
1786551989.548354000 ngr/loco/9950011/state/loopstat {"loop_max_gap_ms":34,"hall_task_max_gap_ms":2,"hall_task_age_ms":1,"baseline":1893,"raw":1899,"delta":6,"queue_drops":0,"floor_rejects":10,"queue_high_water":0,"mqtt_connect_ms":185,"mqtt_attempts":1,"pub_drops":0,"pub_queue_hw":1,"cmd_drops":0,"pub_per_s":1,"marker_pub_drops":0,"marker_pub_hw":0,"nav":"NO_QUORUM","mm":87,"miss_streak":0,"pwm":0,"lost_markers":4,"lost_ms":163103,"motor_dir":"FWD"}
1786551990.434771000 ngr/loco/9950011/alert {"level":"NO_QUORUM","reason":"STATUS","loco":"9950011","uptime_ms":907451,"nav":"NO_QUORUM","moving":0,"pwm":0,"est_mm_s":94,"dir":"CW","session_dir":"CW","mdir":"FWD","rear":63,"front":92,"env":8785,"lc_mm":63,"last_confirmed_landmark":"Grillers","age_ms":224834,"since":24,"dead_reckoned_mm":87,"candidate_mm":87,"viable":[0,1,3,4],"lostm":4,"lost_ms":164001,"agree":284,"disagree":6,"losts":1,"auto":1}
1786551990.539140000 ngr/loco/9950011/state/loopstat {"loop_max_gap_ms":34,"hall_task_max_gap_ms":2,"hall_task_age_ms":1,"baseline":1893,"raw":1898,"delta":5,"queue_drops":0,"floor_rejects":10,"queue_high_water":0,"mqtt_connect_ms":185,"mqtt_attempts":1,"pub_drops":0,"pub_queue_hw":1,"cmd_drops":0,"pub_per_s":1,"marker_pub_drops":0,"marker_pub_hw":0,"nav":"NO_QUORUM","mm":87,"miss_streak":0,"pwm":0,"lost_markers":4,"lost_ms":164103,"motor_dir":"FWD"}
1786551991.434730000 ngr/loco/9950011/alert {"level":"NO_QUORUM","reason":"STATUS","loco":"9950011","uptime_ms":908451,"nav":"NO_QUORUM","moving":0,"pwm":0,"est_mm_s":94,"dir":"CW","session_dir":"CW","mdir":"FWD","rear":63,"front":92,"env":8785,"lc_mm":63,"last_confirmed_landmark":"Grillers","age_ms":225834,"since":24,"dead_reckoned_mm":87,"candidate_mm":87,"viable":[0,1,3,4],"lostm":4,"lost_ms":165001,"agree":284,"disagree":6,"losts":1,"auto":1}
1786551991.531698000 ngr/loco/9950011/state/loopstat {"loop_max_gap_ms":33,"hall_task_max_gap_ms":2,"hall_task_age_ms":1,"baseline":1893,"raw":1900,"delta":7,"queue_drops":0,"floor_rejects":10,"queue_high_water":0,"mqtt_connect_ms":185,"mqtt_attempts":1,"pub_drops":0,"pub_queue_hw":1,"cmd_drops":0,"pub_per_s":1,"marker_pub_drops":0,"marker_pub_hw":0,"nav":"NO_QUORUM","mm":87,"miss_streak":0,"pwm":0,"lost_markers":4,"lost_ms":165103,"motor_dir":"FWD"}
1786551992.432452000 ngr/loco/9950011/alert {"level":"NO_QUORUM","reason":"STATUS","loco":"9950011","uptime_ms":909451,"nav":"NO_QUORUM","moving":0,"pwm":0,"est_mm_s":94,"dir":"CW","session_dir":"CW","mdir":"FWD","rear":63,"front":92,"env":8785,"lc_mm":63,"last_confirmed_landmark":"Grillers","age_ms":226834,"since":24,"dead_reckoned_mm":87,"candidate_mm":87,"viable":[0,1,3,4],"lostm":4,"lost_ms":166001,"agree":284,"disagree":6,"losts":1,"auto":1}
1786551992.536840000 ngr/loco/9950011/state/loopstat {"loop_max_gap_ms":33,"hall_task_max_gap_ms":2,"hall_task_age_ms":1,"baseline":1893,"raw":1900,"delta":7,"queue_drops":0,"floor_rejects":10,"queue_high_water":0,"mqtt_connect_ms":185,"mqtt_attempts":1,"pub_drops":0,"pub_queue_hw":1,"cmd_drops":0,"pub_per_s":1,"marker_pub_drops":0,"marker_pub_hw":0,"nav":"NO_QUORUM","mm":87,"miss_streak":0,"pwm":0,"lost_markers":4,"lost_ms":166103,"motor_dir":"FWD"}
1786551993.030279000 ngr/loco/9950011/telem/voltage 16.48
1786551993.101156000 ngr/loco/9950011/telem/current 0.18
1786551993.101289000 ngr/loco/9950011/telem/power 2.87
1786551993.449385000 ngr/loco/9950011/alert {"level":"NO_QUORUM","reason":"STATUS","loco":"9950011","uptime_ms":910451,"nav":"NO_QUORUM","moving":0,"pwm":0,"est_mm_s":94,"dir":"CW","session_dir":"CW","mdir":"FWD","rear":63,"front":92,"env":8785,"lc_mm":63,"last_confirmed_landmark":"Grillers","age_ms":227834,"since":24,"dead_reckoned_mm":87,"candidate_mm":87,"viable":[0,1,3,4],"lostm":4,"lost_ms":167001,"agree":284,"disagree":6,"losts":1,"auto":1}
1786551993.709145000 ngr/loco/9950011/state/loopstat {"loop_max_gap_ms":33,"hall_task_max_gap_ms":2,"hall_task_age_ms":1,"baseline":1893,"raw":1900,"delta":7,"queue_drops":0,"floor_rejects":10,"queue_high_water":0,"mqtt_connect_ms":185,"mqtt_attempts":1,"pub_drops":0,"pub_queue_hw":3,"cmd_drops":0,"pub_per_s":4,"marker_pub_drops":0,"marker_pub_hw":0,"nav":"NO_QUORUM","mm":87,"miss_streak":0,"pwm":0,"lost_markers":4,"lost_ms":167103,"motor_dir":"FWD"}
1786551994.480585000 ngr/loco/9950011/alert {"level":"NO_QUORUM","reason":"STATUS","loco":"9950011","uptime_ms":911451,"nav":"NO_QUORUM","moving":0,"pwm":0,"est_mm_s":94,"dir":"CW","session_dir":"CW","mdir":"FWD","rear":63,"front":92,"env":8785,"lc_mm":63,"last_confirmed_landmark":"Grillers","age_ms":228834,"since":24,"dead_reckoned_mm":87,"candidate_mm":87,"viable":[0,1,3,4],"lostm":4,"lost_ms":168001,"agree":284,"disagree":6,"losts":1,"auto":1}
1786551994.561118000 ngr/loco/9950011/state/loopstat {"loop_max_gap_ms":34,"hall_task_max_gap_ms":2,"hall_task_age_ms":1,"baseline":1893,"raw":1899,"delta":6,"queue_drops":0,"floor_rejects":10,"queue_high_water":0,"mqtt_connect_ms":185,"mqtt_attempts":1,"pub_drops":0,"pub_queue_hw":1,"cmd_drops":0,"pub_per_s":1,"marker_pub_drops":0,"marker_pub_hw":0,"nav":"NO_QUORUM","mm":87,"miss_streak":0,"pwm":0,"lost_markers":4,"lost_ms":168103,"motor_dir":"FWD"}
1786551995.084484000 $SYS/broker/uptime 51815 seconds
1786551995.455906000 ngr/loco/9950011/alert {"level":"NO_QUORUM","reason":"STATUS","loco":"9950011","uptime_ms":912451,"nav":"NO_QUORUM","moving":0,"pwm":0,"est_mm_s":94,"dir":"CW","session_dir":"CW","mdir":"FWD","rear":63,"front":92,"env":8785,"lc_mm":63,"last_confirmed_landmark":"Grillers","age_ms":229834,"since":24,"dead_reckoned_mm":87,"candidate_mm":87,"viable":[0,1,3,4],"lostm":4,"lost_ms":169001,"agree":284,"disagree":6,"losts":1,"auto":1}
1786551995.573724000 ngr/loco/9950011/state/loopstat {"loop_max_gap_ms":33,"hall_task_max_gap_ms":2,"hall_task_age_ms":1,"baseline":1893,"raw":1900,"delta":7,"queue_drops":0,"floor_rejects":10,"queue_high_water":0,"mqtt_connect_ms":185,"mqtt_attempts":1,"pub_drops":0,"pub_queue_hw":1,"cmd_drops":0,"pub_per_s":1,"marker_pub_drops":0,"marker_pub_hw":0,"nav":"NO_QUORUM","mm":87,"miss_streak":0,"pwm":0,"lost_markers":4,"lost_ms":169103,"motor_dir":"FWD"}
1786551996.462549000 ngr/loco/9950011/alert {"level":"NO_QUORUM","reason":"STATUS","loco":"9950011","uptime_ms":913451,"nav":"NO_QUORUM","moving":0,"pwm":0,"est_mm_s":94,"dir":"CW","session_dir":"CW","mdir":"FWD","rear":63,"front":92,"env":8785,"lc_mm":63,"last_confirmed_landmark":"Grillers","age_ms":230834,"since":24,"dead_reckoned_mm":87,"candidate_mm":87,"viable":[0,1,3,4],"lostm":4,"lost_ms":170001,"agree":284,"disagree":6,"losts":1,"auto":1}
1786551996.623843000 ngr/loco/9950011/state/loopstat {"loop_max_gap_ms":33,"hall_task_max_gap_ms":2,"hall_task_age_ms":1,"baseline":1893,"raw":1902,"delta":9,"queue_drops":0,"floor_rejects":10,"queue_high_water":0,"mqtt_connect_ms":185,"mqtt_attempts":1,"pub_drops":0,"pub_queue_hw":1,"cmd_drops":0,"pub_per_s":1,"marker_pub_drops":0,"marker_pub_hw":0,"nav":"NO_QUORUM","mm":87,"miss_streak":0,"pwm":0,"lost_markers":4,"lost_ms":170103,"motor_dir":"FWD"}
1786551997.469145000 ngr/loco/9950011/alert {"level":"NO_QUORUM","reason":"STATUS","loco":"9950011","uptime_ms":914451,"nav":"NO_QUORUM","moving":0,"pwm":0,"est_mm_s":94,"dir":"CW","session_dir":"CW","mdir":"FWD","rear":63,"front":92,"env":8785,"lc_mm":63,"last_confirmed_landmark":"Grillers","age_ms":231834,"since":24,"dead_reckoned_mm":87,"candidate_mm":87,"viable":[0,1,3,4],"lostm":4,"lost_ms":171001,"agree":284,"disagree":6,"losts":1,"auto":1}
1786551997.565987000 ngr/loco/9950011/state/loopstat {"loop_max_gap_ms":34,"hall_task_max_gap_ms":2,"hall_task_age_ms":1,"baseline":1893,"raw":1900,"delta":7,"queue_drops":0,"floor_rejects":10,"queue_high_water":0,"mqtt_connect_ms":185,"mqtt_attempts":1,"pub_drops":0,"pub_queue_hw":1,"cmd_drops":0,"pub_per_s":1,"marker_pub_drops":0,"marker_pub_hw":0,"nav":"NO_QUORUM","mm":87,"miss_streak":0,"pwm":0,"lost_markers":4,"lost_ms":171103,"motor_dir":"FWD"}
1786551998.049844000 ngr/loco/9950011/telem/voltage 16.48
1786551998.122994000 ngr/loco/9950011/telem/current 0.18
1786551998.270782000 ngr/loco/9950011/telem/power 2.89
1786551998.463158000 ngr/loco/9950011/alert {"level":"NO_QUORUM","reason":"STATUS","loco":"9950011","uptime_ms":915451,"nav":"NO_QUORUM","moving":0,"pwm":0,"est_mm_s":94,"dir":"CW","session_dir":"CW","mdir":"FWD","rear":63,"front":92,"env":8785,"lc_mm":63,"last_confirmed_landmark":"Grillers","age_ms":232834,"since":24,"dead_reckoned_mm":87,"candidate_mm":87,"viable":[0,1,3,4],"lostm":4,"lost_ms":172001,"agree":284,"disagree":6,"losts":1,"auto":1}
1786551998.546666000 ngr/loco/9950011/state/loopstat {"loop_max_gap_ms":34,"hall_task_max_gap_ms":2,"hall_task_age_ms":1,"baseline":1893,"raw":1900,"delta":7,"queue_drops":0,"floor_rejects":10,"queue_high_water":0,"mqtt_connect_ms":185,"mqtt_attempts":1,"pub_drops":0,"pub_queue_hw":3,"cmd_drops":0,"pub_per_s":4,"marker_pub_drops":0,"marker_pub_hw":0,"nav":"NO_QUORUM","mm":87,"miss_streak":0,"pwm":0,"lost_markers":4,"lost_ms":172103,"motor_dir":"FWD"}
1786551999.689672000 ngr/loco/9950011/alert {"level":"NO_QUORUM","reason":"STATUS","loco":"9950011","uptime_ms":916451,"nav":"NO_QUORUM","moving":0,"pwm":0,"est_mm_s":94,"dir":"CW","session_dir":"CW","mdir":"FWD","rear":63,"front":92,"env":8785,"lc_mm":63,"last_confirmed_landmark":"Grillers","age_ms":233834,"since":24,"dead_reckoned_mm":87,"candidate_mm":87,"viable":[0,1,3,4],"lostm":4,"lost_ms":173001,"agree":284,"disagree":6,"losts":1,"auto":1}
1786551999.872893000 ngr/loco/9950011/state/loopstat {"loop_max_gap_ms":33,"hall_task_max_gap_ms":2,"hall_task_age_ms":1,"baseline":1893,"raw":1901,"delta":8,"queue_drops":0,"floor_rejects":10,"queue_high_water":0,"mqtt_connect_ms":185,"mqtt_attempts":1,"pub_drops":0,"pub_queue_hw":1,"cmd_drops":0,"pub_per_s":1,"marker_pub_drops":0,"marker_pub_hw":0,"nav":"NO_QUORUM","mm":87,"miss_streak":0,"pwm":0,"lost_markers":4,"lost_ms":173103,"motor_dir":"FWD"}
1786552000.453384000 ngr/loco/9950011/alert {"level":"NO_QUORUM","reason":"STATUS","loco":"9950011","uptime_ms":917451,"nav":"NO_QUORUM","moving":0,"pwm":0,"est_mm_s":94,"dir":"CW","session_dir":"CW","mdir":"FWD","rear":63,"front":92,"env":8785,"lc_mm":63,"last_confirmed_landmark":"Grillers","age_ms":234834,"since":24,"dead_reckoned_mm":87,"candidate_mm":87,"viable":[0,1,3,4],"lostm":4,"lost_ms":174001,"agree":284,"disagree":6,"losts":1,"auto":1}
1786552000.543391000 ngr/loco/9950011/state/loopstat {"loop_max_gap_ms":34,"hall_task_max_gap_ms":2,"hall_task_age_ms":1,"baseline":1893,"raw":1900,"delta":7,"queue_drops":0,"floor_rejects":10,"queue_high_water":0,"mqtt_connect_ms":185,"mqtt_attempts":1,"pub_drops":0,"pub_queue_hw":1,"cmd_drops":0,"pub_per_s":1,"marker_pub_drops":0,"marker_pub_hw":0,"nav":"NO_QUORUM","mm":87,"miss_streak":0,"pwm":0,"lost_markers":4,"lost_ms":174103,"motor_dir":"FWD"}
1786552001.504244000 ngr/loco/9950011/alert {"level":"NO_QUORUM","reason":"STATUS","loco":"9950011","uptime_ms":918451,"nav":"NO_QUORUM","moving":0,"pwm":0,"est_mm_s":94,"dir":"CW","session_dir":"CW","mdir":"FWD","rear":63,"front":92,"env":8785,"lc_mm":63,"last_confirmed_landmark":"Grillers","age_ms":235834,"since":24,"dead_reckoned_mm":87,"candidate_mm":87,"viable":[0,1,3,4],"lostm":4,"lost_ms":175001,"agree":284,"disagree":6,"losts":1,"auto":1}
1786552001.554140000 ngr/loco/9950011/state/loopstat {"loop_max_gap_ms":34,"hall_task_max_gap_ms":1,"hall_task_age_ms":1,"baseline":1893,"raw":1901,"delta":8,"queue_drops":0,"floor_rejects":10,"queue_high_water":0,"mqtt_connect_ms":185,"mqtt_attempts":1,"pub_drops":0,"pub_queue_hw":1,"cmd_drops":0,"pub_per_s":1,"marker_pub_drops":0,"marker_pub_hw":0,"nav":"NO_QUORUM","mm":87,"miss_streak":0,"pwm":0,"lost_markers":4,"lost_ms":175103,"motor_dir":"FWD"}
1786552002.440210000 ngr/loco/9950011/alert {"level":"NO_QUORUM","reason":"STATUS","loco":"9950011","uptime_ms":919451,"nav":"NO_QUORUM","moving":0,"pwm":0,"est_mm_s":94,"dir":"CW","session_dir":"CW","mdir":"FWD","rear":63,"front":92,"env":8785,"lc_mm":63,"last_confirmed_landmark":"Grillers","age_ms":236834,"since":24,"dead_reckoned_mm":87,"candidate_mm":87,"viable":[0,1,3,4],"lostm":4,"lost_ms":176001,"agree":284,"disagree":6,"losts":1,"auto":1}
1786552002.561966000 ngr/loco/9950011/state/loopstat {"loop_max_gap_ms":33,"hall_task_max_gap_ms":2,"hall_task_age_ms":1,"baseline":1893,"raw":1900,"delta":7,"queue_drops":0,"floor_rejects":10,"queue_high_water":0,"mqtt_connect_ms":185,"mqtt_attempts":1,"pub_drops":0,"pub_queue_hw":1,"cmd_drops":0,"pub_per_s":1,"marker_pub_drops":0,"marker_pub_hw":0,"nav":"NO_QUORUM","mm":87,"miss_streak":0,"pwm":0,"lost_markers":4,"lost_ms":176103,"motor_dir":"FWD"}
1786552003.050596000 ngr/loco/9950011/telem/voltage 16.47
1786552003.144687000 ngr/loco/9950011/telem/current 0.18
1786552003.144776000 ngr/loco/9950011/telem/power 2.90
1786552003.458864000 ngr/loco/9950011/alert {"level":"NO_QUORUM","reason":"STATUS","loco":"9950011","uptime_ms":920451,"nav":"NO_QUORUM","moving":0,"pwm":0,"est_mm_s":94,"dir":"CW","session_dir":"CW","mdir":"FWD","rear":63,"front":92,"env":8785,"lc_mm":63,"last_confirmed_landmark":"Grillers","age_ms":237834,"since":24,"dead_reckoned_mm":87,"candidate_mm":87,"viable":[0,1,3,4],"lostm":4,"lost_ms":177001,"agree":284,"disagree":6,"losts":1,"auto":1}
1786552003.557516000 ngr/loco/9950011/state/loopstat {"loop_max_gap_ms":34,"hall_task_max_gap_ms":2,"hall_task_age_ms":1,"baseline":1893,"raw":1899,"delta":6,"queue_drops":0,"floor_rejects":10,"queue_high_water":0,"mqtt_connect_ms":185,"mqtt_attempts":1,"pub_drops":0,"pub_queue_hw":3,"cmd_drops":0,"pub_per_s":4,"marker_pub_drops":0,"marker_pub_hw":0,"nav":"NO_QUORUM","mm":87,"miss_streak":0,"pwm":0,"lost_markers":4,"lost_ms":177103,"motor_dir":"FWD"}
1786552004.433504000 ngr/loco/9950011/alert {"level":"NO_QUORUM","reason":"STATUS","loco":"9950011","uptime_ms":921451,"nav":"NO_QUORUM","moving":0,"pwm":0,"est_mm_s":94,"dir":"CW","session_dir":"CW","mdir":"FWD","rear":63,"front":92,"env":8785,"lc_mm":63,"last_confirmed_landmark":"Grillers","age_ms":238834,"since":24,"dead_reckoned_mm":87,"candidate_mm":87,"viable":[0,1,3,4],"lostm":4,"lost_ms":178001,"agree":284,"disagree":6,"losts":1,"auto":1}
1786552004.546689000 ngr/loco/9950011/state/loopstat {"loop_max_gap_ms":34,"hall_task_max_gap_ms":2,"hall_task_age_ms":1,"baseline":1893,"raw":1900,"delta":7,"queue_drops":0,"floor_rejects":10,"queue_high_water":0,"mqtt_connect_ms":185,"mqtt_attempts":1,"pub_drops":0,"pub_queue_hw":1,"cmd_drops":0,"pub_per_s":1,"marker_pub_drops":0,"marker_pub_hw":0,"nav":"NO_QUORUM","mm":87,"miss_streak":0,"pwm":0,"lost_markers":4,"lost_ms":178103,"motor_dir":"FWD"}
1786552005.440376000 ngr/loco/9950011/alert {"level":"NO_QUORUM","reason":"STATUS","loco":"9950011","uptime_ms":922451,"nav":"NO_QUORUM","moving":0,"pwm":0,"est_mm_s":94,"dir":"CW","session_dir":"CW","mdir":"FWD","rear":63,"front":92,"env":8785,"lc_mm":63,"last_confirmed_landmark":"Grillers","age_ms":239834,"since":24,"dead_reckoned_mm":87,"candidate_mm":87,"viable":[0,1,3,4],"lostm":4,"lost_ms":179001,"agree":284,"disagree":6,"losts":1,"auto":1}
1786552005.541123000 ngr/loco/9950011/state/loopstat {"loop_max_gap_ms":33,"hall_task_max_gap_ms":2,"hall_task_age_ms":1,"baseline":1893,"raw":1901,"delta":8,"queue_drops":0,"floor_rejects":10,"queue_high_water":0,"mqtt_connect_ms":185,"mqtt_attempts":1,"pub_drops":0,"pub_queue_hw":1,"cmd_drops":0,"pub_per_s":1,"marker_pub_drops":0,"marker_pub_hw":0,"nav":"NO_QUORUM","mm":87,"miss_streak":0,"pwm":0,"lost_markers":4,"lost_ms":179103,"motor_dir":"FWD"}
1786552006.061007000 $SYS/broker/uptime 51826 seconds
1786552006.430305000 ngr/loco/9950011/alert {"level":"NO_QUORUM","reason":"STATUS","loco":"9950011","uptime_ms":923451,"nav":"NO_QUORUM","moving":0,"pwm":0,"est_mm_s":94,"dir":"CW","session_dir":"CW","mdir":"FWD","rear":63,"front":92,"env":8785,"lc_mm":63,"last_confirmed_landmark":"Grillers","age_ms":240834,"since":24,"dead_reckoned_mm":87,"candidate_mm":87,"viable":[0,1,3,4],"lostm":4,"lost_ms":180001,"agree":284,"disagree":6,"losts":1,"auto":1}
1786552006.534218000 ngr/loco/9950011/state/loopstat {"loop_max_gap_ms":33,"hall_task_max_gap_ms":2,"hall_task_age_ms":1,"baseline":1893,"raw":1899,"delta":6,"queue_drops":0,"floor_rejects":10,"queue_high_water":0,"mqtt_connect_ms":185,"mqtt_attempts":1,"pub_drops":0,"pub_queue_hw":1,"cmd_drops":0,"pub_per_s":1,"marker_pub_drops":0,"marker_pub_hw":0,"nav":"NO_QUORUM","mm":87,"miss_streak":0,"pwm":0,"lost_markers":4,"lost_ms":180103,"motor_dir":"FWD"}
1786552007.433913000 ngr/loco/9950011/alert {"level":"NO_QUORUM","reason":"STATUS","loco":"9950011","uptime_ms":924451,"nav":"NO_QUORUM","moving":0,"pwm":0,"est_mm_s":94,"dir":"CW","session_dir":"CW","mdir":"FWD","rear":63,"front":92,"env":8785,"lc_mm":63,"last_confirmed_landmark":"Grillers","age_ms":241834,"since":24,"dead_reckoned_mm":87,"candidate_mm":87,"viable":[0,1,3,4],"lostm":4,"lost_ms":181001,"agree":284,"disagree":6,"losts":1,"auto":1}
1786552007.540412000 ngr/loco/9950011/state/loopstat {"loop_max_gap_ms":33,"hall_task_max_gap_ms":2,"hall_task_age_ms":1,"baseline":1893,"raw":1901,"delta":8,"queue_drops":0,"floor_rejects":10,"queue_high_water":0,"mqtt_connect_ms":185,"mqtt_attempts":1,"pub_drops":0,"pub_queue_hw":1,"cmd_drops":0,"pub_per_s":1,"marker_pub_drops":0,"marker_pub_hw":0,"nav":"NO_QUORUM","mm":87,"miss_streak":0,"pwm":0,"lost_markers":4,"lost_ms":181103,"motor_dir":"FWD"}
1786552008.007105000 ngr/loco/9950011/telem/voltage 16.48
1786552008.053853000 ngr/loco/9950011/telem/current 0.17
1786552008.070280000 ngr/loco/9950011/telem/power 2.80
1786552008.425834000 ngr/loco/9950011/alert {"level":"NO_QUORUM","reason":"STATUS","loco":"9950011","uptime_ms":925451,"nav":"NO_QUORUM","moving":0,"pwm":0,"est_mm_s":94,"dir":"CW","session_dir":"CW","mdir":"FWD","rear":63,"front":92,"env":8785,"lc_mm":63,"last_confirmed_landmark":"Grillers","age_ms":242834,"since":24,"dead_reckoned_mm":87,"candidate_mm":87,"viable":[0,1,3,4],"lostm":4,"lost_ms":182001,"agree":284,"disagree":6,"losts":1,"auto":1}
1786552008.535735000 ngr/loco/9950011/state/loopstat {"loop_max_gap_ms":33,"hall_task_max_gap_ms":2,"hall_task_age_ms":1,"baseline":1893,"raw":1900,"delta":7,"queue_drops":0,"floor_rejects":10,"queue_high_water":0,"mqtt_connect_ms":185,"mqtt_attempts":1,"pub_drops":0,"pub_queue_hw":3,"cmd_drops":0,"pub_per_s":4,"marker_pub_drops":0,"marker_pub_hw":0,"nav":"NO_QUORUM","mm":87,"miss_streak":0,"pwm":0,"lost_markers":4,"lost_ms":182103,"motor_dir":"FWD"}
