2026-09-30T14:58:13.031	ngr/loco/9950011/state/loopstat	{"build":"NAVI_EYES_WIDE_OPEN_INTEGRATED_R2","mm":4,"target":3,"dir":-1,"target_distance_mm":315,"target_polarity":-1,"position_reliable":1,"reference_ready":1,"reference":1898,"median5":1903,"hall_support":0,"spatial_phase":0,"ir_applicable":1,"ir_distance_state":"HALL_IR_READY","ir_health_fault":6,"ir_readiness":3,"ir_boot":"761B38FCC6F727BE","ir_epoch":1,"ir_epoch_active":1,"ir_seq":10921,"ir_pulses":6714,"ir_reason":1,"ir_age_ms":88,"ir_span":175,"ir_gap":1,"ir_sat":0,"ir_abort":521,"ir_inferred_added":0,"ir_inferred_removed":0,"ir_calibration":0,"hall_seen":5494256,"ir_seen":10856,"hall_q_drop":0,"ir_q_drop":0,"ir_invalid":11321,"nsr_hall_drop":1,"nsr_ir_drop":0,"nsr_navi_drop":0,"nsr_native_drop":168,"event_drop":0,"pwm0_ir_motion":0,"confirmed":60,"missed":152,"pwm":90,"auto":1,"running":1,"estop":0,"lowvolt":0,"ir_stationary_pwm_warning":1,"pub_drop":0}
2026-09-30T14:58:13.040	ngr/loco/9950011/state/trace	{"consumption_drop":334,"action_drop":0,"command_queue_drop":0,"lossless":false}
2026-09-30T14:58:13.041	ngr/loco/9950011/state/nav	{"state":"NORMAL","mm":4,"target":3,"dir":-1,"session_dir":"CCW","position_reliable":1,"ir_distance_state":"HALL_IR_READY","reference_ready":1,"boot_reference":"PROVISIONAL_OR_SPATIAL","authority":"NAVI_EWO"}
2026-09-30T14:58:13.041	ngr/loco/9950011/telem/ir	{"ir_valid":1,"ir_mmps":0.000,"ir_coupled":0,"ir_speed_reason":"STOPPED","ir_applicable":1,"ir_reason":1,"ir_seq":10921,"ir_pulses":6714,"ir_gap":1,"ir_sat":0,"ir_abort":521,"authority":"NAVI_EWO"}
2026-09-30T14:58:13.042	ngr/loco/9950011/telem/speed	{"ir_valid":1,"ir_mmps":0.000,"ir_coupled":0,"ir_speed_reason":"STOPPED","ir_applicable":1,"ir_reason":1,"ir_seq":10921,"ir_pulses":6714,"ir_gap":1,"ir_sat":0,"ir_abort":521,"authority":"NAVI_EWO"}
2026-09-30T14:58:13.042	ngr/loco/9950011/diag/ir_link	{"radio_ready":1,"seen":22177,"source_mac":"38:18:2B:30:8C:2C","paired_mac":"38:18:2B:30:8C:2C","paired_for_display_only":1,"coupled":0,"invalid_wire":11321,"queue_drop":0}
2026-09-30T14:58:13.042	ngr/loco/9950011/state/throttle	90
2026-09-30T14:58:13.043	ngr/loco/9950011/state/direction	2
2026-09-30T14:58:13.043	ngr/loco/9950011/state/auto	1
2026-09-30T14:58:13.043	ngr/loco/9950011/state/estop	0
2026-09-30T14:58:13.045	ngr/loco/9950011/state/nav_ready	1
2026-09-30T14:58:13.847	ngr/loco/9950011/state/lowvolt	0
2026-09-30T14:58:13.891	ngr/loco/9950011/telem/voltage	16.36
2026-09-30T14:58:13.891	ngr/loco/9950011/telem/current	0.29
2026-09-30T14:58:13.892	ngr/loco/9950011/telem/power	5.36
2026-09-30T14:58:13.992	ngr/loco/9950011/state/loopstat	{"build":"NAVI_EYES_WIDE_OPEN_INTEGRATED_R2","mm":4,"target":3,"dir":-1,"target_distance_mm":315,"target_polarity":-1,"position_reliable":1,"reference_ready":1,"reference":1898,"median5":1851,"hall_support":0,"spatial_phase":0,"ir_applicable":1,"ir_distance_state":"HALL_IR_READY","ir_health_fault":6,"ir_readiness":3,"ir_boot":"761B38FCC6F727BE","ir_epoch":1,"ir_epoch_active":1,"ir_seq":10931,"ir_pulses":6714,"ir_reason":1,"ir_age_ms":92,"ir_span":111,"ir_gap":1,"ir_sat":0,"ir_abort":522,"ir_inferred_added":0,"ir_inferred_removed":0,"ir_calibration":0,"hall_seen":5499260,"ir_seen":10865,"hall_q_drop":0,"ir_q_drop":0,"ir_invalid":11331,"nsr_hall_drop":1,"nsr_ir_drop":0,"nsr_navi_drop":0,"nsr_native_drop":168,"event_drop":0,"pwm0_ir_motion":0,"confirmed":60,"missed":152,"pwm":90,"auto":1,"running":1,"estop":0,"lowvolt":0,"ir_stationary_pwm_warning":1,"pub_drop":0}
2026-09-30T14:58:13.995	ngr/loco/9950011/state/trace	{"consumption_drop":334,"action_drop":0,"command_queue_drop":0,"lossless":false}
2026-09-30T14:58:13.995	ngr/loco/9950011/state/nav	{"state":"NORMAL","mm":4,"target":3,"dir":-1,"session_dir":"CCW","position_reliable":1,"ir_distance_state":"HALL_IR_READY","reference_ready":1,"boot_reference":"PROVISIONAL_OR_SPATIAL","authority":"NAVI_EWO"}
2026-09-30T14:58:13.995	ngr/loco/9950011/telem/ir	{"ir_valid":1,"ir_mmps":0.000,"ir_coupled":0,"ir_speed_reason":"STOPPED","ir_applicable":1,"ir_reason":1,"ir_seq":10931,"ir_pulses":6714,"ir_gap":1,"ir_sat":0,"ir_abort":522,"authority":"NAVI_EWO"}
2026-09-30T14:58:13.995	ngr/loco/9950011/telem/speed	{"ir_valid":1,"ir_mmps":0.000,"ir_coupled":0,"ir_speed_reason":"STOPPED","ir_applicable":1,"ir_reason":1,"ir_seq":10931,"ir_pulses":6714,"ir_gap":1,"ir_sat":0,"ir_abort":522,"authority":"NAVI_EWO"}
2026-09-30T14:58:13.996	ngr/loco/9950011/diag/ir_link	{"radio_ready":1,"seen":22196,"source_mac":"38:18:2B:30:8C:2C","paired_mac":"38:18:2B:30:8C:2C","paired_for_display_only":1,"coupled":0,"invalid_wire":11331,"queue_drop":0}
2026-09-30T14:58:13.997	ngr/loco/9950011/state/throttle	90
2026-09-30T14:58:13.997	ngr/loco/9950011/state/direction	2
2026-09-30T14:58:13.999	ngr/loco/9950011/state/auto	1
2026-09-30T14:58:13.999	ngr/loco/9950011/state/estop	0
2026-09-30T14:58:13.999	ngr/loco/9950011/state/nav_ready	1
2026-09-30T14:58:14.001	ngr/loco/9950011/nav/evidence	{"event":"HALL_SUPPORT","hall_serial":5499312,"mm":4,"target":3,"dir":-1,"ir_um":64803528,"median5":1828,"reference":1898,"ir_distance_holding":0,"opening_serial":4894247,"opening_ir_um":64571880,"position_reliable":1,"spatial_phase":0,"decision_us":1100215773,"consumption_id":5510179,"ir_seq":10932}
2026-09-30T14:58:14.002	ngr/loco/9950011/nav/evidence	{"event":"HALL_SUPPORT","hall_serial":5499315,"mm":4,"target":3,"dir":-1,"ir_um":64803528,"median5":1827,"reference":1898,"ir_distance_holding":0,"opening_serial":4894247,"opening_ir_um":64571880,"position_reliable":1,"spatial_phase":0,"decision_us":1100215875,"consumption_id":5510182,"ir_seq":10932}
2026-09-30T14:58:14.987	ngr/loco/9950011/state/loopstat	{"build":"NAVI_EYES_WIDE_OPEN_INTEGRATED_R2","mm":4,"target":3,"dir":-1,"target_distance_mm":315,"target_polarity":-1,"position_reliable":1,"reference_ready":1,"reference":1898,"median5":1899,"hall_support":0,"spatial_phase":0,"ir_applicable":1,"ir_distance_state":"HALL_IR_READY","ir_health_fault":0,"ir_readiness":2,"ir_boot":"761B38FCC6F727BE","ir_epoch":1,"ir_epoch_active":1,"ir_seq":10941,"ir_pulses":6714,"ir_reason":5,"ir_age_ms":92,"ir_span":143,"ir_gap":1,"ir_sat":0,"ir_abort":524,"ir_inferred_added":0,"ir_inferred_removed":0,"ir_calibration":0,"hall_seen":5504256,"ir_seen":10875,"hall_q_drop":0,"ir_q_drop":0,"ir_invalid":11342,"nsr_hall_drop":1,"nsr_ir_drop":0,"nsr_navi_drop":0,"nsr_native_drop":168,"event_drop":0,"pwm0_ir_motion":0,"confirmed":60,"missed":152,"pwm":90,"auto":1,"running":1,"estop":0,"lowvolt":0,"ir_stationary_pwm_warning":1,"pub_drop":0}
2026-09-30T14:58:14.991	ngr/loco/9950011/state/trace	{"consumption_drop":334,"action_drop":0,"command_queue_drop":0,"lossless":false}
2026-09-30T14:58:14.992	ngr/loco/9950011/state/nav	{"state":"NORMAL","mm":4,"target":3,"dir":-1,"session_dir":"CCW","position_reliable":1,"ir_distance_state":"HALL_IR_READY","reference_ready":1,"boot_reference":"PROVISIONAL_OR_SPATIAL","authority":"NAVI_EWO"}
2026-09-30T14:58:14.992	ngr/loco/9950011/telem/ir	{"ir_valid":1,"ir_mmps":0.000,"ir_coupled":0,"ir_speed_reason":"STOPPED","ir_applicable":1,"ir_reason":5,"ir_seq":10941,"ir_pulses":6714,"ir_gap":1,"ir_sat":0,"ir_abort":524,"authority":"NAVI_EWO"}
2026-09-30T14:58:14.992	ngr/loco/9950011/telem/speed	{"ir_valid":1,"ir_mmps":0.000,"ir_coupled":0,"ir_speed_reason":"STOPPED","ir_applicable":1,"ir_reason":5,"ir_seq":10941,"ir_pulses":6714,"ir_gap":1,"ir_sat":0,"ir_abort":524,"authority":"NAVI_EWO"}
2026-09-30T14:58:14.996	ngr/loco/9950011/diag/ir_link	{"radio_ready":1,"seen":22217,"source_mac":"38:18:2B:30:8C:2C","paired_mac":"38:18:2B:30:8C:2C","paired_for_display_only":1,"coupled":0,"invalid_wire":11342,"queue_drop":0}
2026-09-30T14:58:14.996	ngr/loco/9950011/state/throttle	90
2026-09-30T14:58:14.996	ngr/loco/9950011/state/direction	2
2026-09-30T14:58:14.996	ngr/loco/9950011/state/auto	1
2026-09-30T14:58:14.996	ngr/loco/9950011/state/estop	0
2026-09-30T14:58:14.999	ngr/loco/9950011/state/nav_ready	1
2026-09-30T14:58:15.997	ngr/loco/9950011/state/loopstat	{"build":"NAVI_EYES_WIDE_OPEN_INTEGRATED_R2","mm":4,"target":3,"dir":-1,"target_distance_mm":315,"target_polarity":-1,"position_reliable":1,"reference_ready":1,"reference":1898,"median5":1904,"hall_support":0,"spatial_phase":0,"ir_applicable":1,"ir_distance_state":"HALL_IR_READY","ir_health_fault":6,"ir_readiness":3,"ir_boot":"761B38FCC6F727BE","ir_epoch":1,"ir_epoch_active":1,"ir_seq":10951,"ir_pulses":6714,"ir_reason":1,"ir_age_ms":92,"ir_span":79,"ir_gap":1,"ir_sat":0,"ir_abort":524,"ir_inferred_added":0,"ir_inferred_removed":0,"ir_calibration":0,"hall_seen":5509260,"ir_seen":10885,"hall_q_drop":0,"ir_q_drop":0,"ir_invalid":11352,"nsr_hall_drop":1,"nsr_ir_drop":0,"nsr_navi_drop":0,"nsr_native_drop":168,"event_drop":0,"pwm0_ir_motion":0,"confirmed":60,"missed":152,"pwm":90,"auto":1,"running":1,"estop":0,"lowvolt":0,"ir_stationary_pwm_warning":1,"pub_drop":0}
2026-09-30T14:58:15.999	ngr/loco/9950011/state/trace	{"consumption_drop":334,"action_drop":0,"command_queue_drop":0,"lossless":false}
2026-09-30T14:58:15.999	ngr/loco/9950011/state/nav	{"state":"NORMAL","mm":4,"target":3,"dir":-1,"session_dir":"CCW","position_reliable":1,"ir_distance_state":"HALL_IR_READY","reference_ready":1,"boot_reference":"PROVISIONAL_OR_SPATIAL","authority":"NAVI_EWO"}
2026-09-30T14:58:15.999	ngr/loco/9950011/telem/ir	{"ir_valid":1,"ir_mmps":0.000,"ir_coupled":0,"ir_speed_reason":"STOPPED","ir_applicable":1,"ir_reason":1,"ir_seq":10951,"ir_pulses":6714,"ir_gap":1,"ir_sat":0,"ir_abort":524,"authority":"NAVI_EWO"}
2026-09-30T14:58:16.000	ngr/loco/9950011/telem/speed	{"ir_valid":1,"ir_mmps":0.000,"ir_coupled":0,"ir_speed_reason":"STOPPED","ir_applicable":1,"ir_reason":1,"ir_seq":10951,"ir_pulses":6714,"ir_gap":1,"ir_sat":0,"ir_abort":524,"authority":"NAVI_EWO"}
2026-09-30T14:58:16.000	ngr/loco/9950011/diag/ir_link	{"radio_ready":1,"seen":22237,"source_mac":"38:18:2B:30:8C:2C","paired_mac":"38:18:2B:30:8C:2C","paired_for_display_only":1,"coupled":0,"invalid_wire":11352,"queue_drop":0}
2026-09-30T14:58:16.000	ngr/loco/9950011/state/throttle	90
2026-09-30T14:58:16.000	ngr/loco/9950011/state/direction	2
2026-09-30T14:58:16.000	ngr/loco/9950011/state/auto	1
2026-09-30T14:58:16.000	ngr/loco/9950011/state/estop	0
2026-09-30T14:58:16.001	ngr/loco/9950011/state/nav_ready	1
2026-09-30T14:58:16.345	ngr/loco/9950011/nav/evidence	{"event":"HALL_SUPPORT","hall_serial":5511027,"mm":4,"target":3,"dir":-1,"ir_um":64803528,"median5":1827,"reference":1898,"ir_distance_holding":0,"opening_serial":4894247,"opening_ir_um":64571880,"position_reliable":1,"spatial_phase":0,"decision_us":1102557723,"consumption_id":5521917,"ir_seq":10955}
2026-09-30T14:58:16.348	ngr/loco/9950011/nav/evidence	{"event":"HALL_SUPPORT","hall_serial":5511036,"mm":4,"target":3,"dir":-1,"ir_um":64803528,"median5":1828,"reference":1898,"ir_distance_holding":0,"opening_serial":4894247,"opening_ir_um":64571880,"position_reliable":1,"spatial_phase":0,"decision_us":1102559696,"consumption_id":5521926,"ir_seq":10955}
2026-09-30T14:58:16.571	ngr/loco/9950011/state/connectivity	{"wifi":1,"ip":"192.168.68.72","rssi":-57,"mqtt":1,"mqtt_state":0,"broker":"192.168.68.142","ir_radio":1,"ir_seen":22249,"ir_coupled":0,"navi_sync":1,"udp_failures":154}
2026-09-30T14:58:17.025	ngr/loco/9950011/state/loopstat	{"build":"NAVI_EYES_WIDE_OPEN_INTEGRATED_R2","mm":4,"target":3,"dir":-1,"target_distance_mm":315,"target_polarity":-1,"position_reliable":1,"reference_ready":1,"reference":1898,"median5":1903,"hall_support":0,"spatial_phase":0,"ir_applicable":1,"ir_distance_state":"HALL_IR_READY","ir_health_fault":6,"ir_readiness":3,"ir_boot":"761B38FCC6F727BE","ir_epoch":1,"ir_epoch_active":1,"ir_seq":10961,"ir_pulses":6714,"ir_reason":1,"ir_age_ms":96,"ir_span":47,"ir_gap":1,"ir_sat":0,"ir_abort":524,"ir_inferred_added":0,"ir_inferred_removed":0,"ir_calibration":0,"hall_seen":5514265,"ir_seen":10895,"hall_q_drop":0,"ir_q_drop":0,"ir_invalid":11363,"nsr_hall_drop":1,"nsr_ir_drop":0,"nsr_navi_drop":0,"nsr_native_drop":168,"event_drop":0,"pwm0_ir_motion":0,"confirmed":60,"missed":152,"pwm":90,"auto":1,"running":1,"estop":0,"lowvolt":0,"ir_stationary_pwm_warning":1,"pub_drop":0}
2026-09-30T14:58:17.030	ngr/loco/9950011/state/trace	{"consumption_drop":334,"action_drop":0,"command_queue_drop":0,"lossless":false}
2026-09-30T14:58:17.030	ngr/loco/9950011/state/nav	{"state":"NORMAL","mm":4,"target":3,"dir":-1,"session_dir":"CCW","position_reliable":1,"ir_distance_state":"HALL_IR_READY","reference_ready":1,"boot_reference":"PROVISIONAL_OR_SPATIAL","authority":"NAVI_EWO"}
2026-09-30T14:58:17.031	ngr/loco/9950011/telem/ir	{"ir_valid":1,"ir_mmps":0.000,"ir_coupled":0,"ir_speed_reason":"STOPPED","ir_applicable":1,"ir_reason":1,"ir_seq":10961,"ir_pulses":6714,"ir_gap":1,"ir_sat":0,"ir_abort":524,"authority":"NAVI_EWO"}
2026-09-30T14:58:17.031	ngr/loco/9950011/telem/speed	{"ir_valid":1,"ir_mmps":0.000,"ir_coupled":0,"ir_speed_reason":"STOPPED","ir_applicable":1,"ir_reason":1,"ir_seq":10961,"ir_pulses":6714,"ir_gap":1,"ir_sat":0,"ir_abort":524,"authority":"NAVI_EWO"}
2026-09-30T14:58:17.031	ngr/loco/9950011/diag/ir_link	{"radio_ready":1,"seen":22258,"source_mac":"38:18:2B:30:8C:2C","paired_mac":"38:18:2B:30:8C:2C","paired_for_display_only":1,"coupled":0,"invalid_wire":11363,"queue_drop":0}
2026-09-30T14:58:17.031	ngr/loco/9950011/state/throttle	90
2026-09-30T14:58:17.031	ngr/loco/9950011/state/direction	2
2026-09-30T14:58:17.031	ngr/loco/9950011/state/auto	1
2026-09-30T14:58:17.032	ngr/loco/9950011/state/estop	0
2026-09-30T14:58:17.032	ngr/loco/9950011/state/nav_ready	1
2026-09-30T14:58:17.989	ngr/loco/9950011/state/loopstat	{"build":"NAVI_EYES_WIDE_OPEN_INTEGRATED_R2","mm":4,"target":3,"dir":-1,"target_distance_mm":315,"target_polarity":-1,"position_reliable":1,"reference_ready":1,"reference":1898,"median5":1900,"hall_support":0,"spatial_phase":0,"ir_applicable":1,"ir_distance_state":"HALL_IR_READY","ir_health_fault":6,"ir_readiness":3,"ir_boot":"761B38FCC6F727BE","ir_epoch":1,"ir_epoch_active":1,"ir_seq":10971,"ir_pulses":6714,"ir_reason":1,"ir_age_ms":99,"ir_span":79,"ir_gap":1,"ir_sat":0,"ir_abort":524,"ir_inferred_added":0,"ir_inferred_removed":0,"ir_calibration":0,"hall_seen":5519275,"ir_seen":10905,"hall_q_drop":0,"ir_q_drop":0,"ir_invalid":11373,"nsr_hall_drop":1,"nsr_ir_drop":0,"nsr_navi_drop":0,"nsr_native_drop":168,"event_drop":0,"pwm0_ir_motion":0,"confirmed":60,"missed":152,"pwm":90,"auto":1,"running":1,"estop":0,"lowvolt":0,"ir_stationary_pwm_warning":1,"pub_drop":0}
2026-09-30T14:58:17.992	ngr/loco/9950011/state/trace	{"consumption_drop":334,"action_drop":0,"command_queue_drop":0,"lossless":false}
2026-09-30T14:58:17.992	ngr/loco/9950011/state/nav	{"state":"NORMAL","mm":4,"target":3,"dir":-1,"session_dir":"CCW","position_reliable":1,"ir_distance_state":"HALL_IR_READY","reference_ready":1,"boot_reference":"PROVISIONAL_OR_SPATIAL","authority":"NAVI_EWO"}
2026-09-30T14:58:17.992	ngr/loco/9950011/telem/ir	{"ir_valid":1,"ir_mmps":0.000,"ir_coupled":0,"ir_speed_reason":"STOPPED","ir_applicable":1,"ir_reason":1,"ir_seq":10971,"ir_pulses":6714,"ir_gap":1,"ir_sat":0,"ir_abort":524,"authority":"NAVI_EWO"}
2026-09-30T14:58:17.992	ngr/loco/9950011/telem/speed	{"ir_valid":1,"ir_mmps":0.000,"ir_coupled":0,"ir_speed_reason":"STOPPED","ir_applicable":1,"ir_reason":1,"ir_seq":10971,"ir_pulses":6714,"ir_gap":1,"ir_sat":0,"ir_abort":524,"authority":"NAVI_EWO"}
2026-09-30T14:58:17.993	ngr/loco/9950011/diag/ir_link	{"radio_ready":1,"seen":22278,"source_mac":"38:18:2B:30:8C:2C","paired_mac":"38:18:2B:30:8C:2C","paired_for_display_only":1,"coupled":0,"invalid_wire":11373,"queue_drop":0}
2026-09-30T14:58:17.994	ngr/loco/9950011/state/throttle	90
2026-09-30T14:58:17.994	ngr/loco/9950011/state/direction	2
2026-09-30T14:58:17.994	ngr/loco/9950011/state/auto	1
2026-09-30T14:58:17.997	ngr/loco/9950011/state/estop	0
2026-09-30T14:58:17.997	ngr/loco/9950011/state/nav_ready	1
2026-09-30T14:58:18.695	ngr/loco/9950011/nav/evidence	{"event":"HALL_SUPPORT","hall_serial":5522825,"mm":4,"target":3,"dir":-1,"ir_um":64803528,"median5":1828,"reference":1898,"ir_distance_holding":0,"opening_serial":4894247,"opening_ir_um":64571880,"position_reliable":1,"spatial_phase":0,"decision_us":1104917770,"consumption_id":5533739,"ir_seq":10979}
2026-09-30T14:58:18.836	ngr/loco/9950011/state/lowvolt	0
2026-09-30T14:58:18.861	ngr/loco/9950011/telem/voltage	16.35
2026-09-30T14:58:18.861	ngr/loco/9950011/telem/current	0.26
2026-09-30T14:58:18.861	ngr/loco/9950011/telem/power	4.98
2026-09-30T14:58:18.990	ngr/loco/9950011/state/loopstat	{"build":"NAVI_EYES_WIDE_OPEN_INTEGRATED_R2","mm":4,"target":3,"dir":-1,"target_distance_mm":315,"target_polarity":-1,"position_reliable":1,"reference_ready":1,"reference":1898,"median5":1906,"hall_support":0,"spatial_phase":0,"ir_applicable":1,"ir_distance_state":"HALL_IR_READY","ir_health_fault":6,"ir_readiness":3,"ir_boot":"761B38FCC6F727BE","ir_epoch":1,"ir_epoch_active":1,"ir_seq":10981,"ir_pulses":6714,"ir_reason":1,"ir_age_ms":98,"ir_span":95,"ir_gap":1,"ir_sat":0,"ir_abort":525,"ir_inferred_added":0,"ir_inferred_removed":0,"ir_calibration":0,"hall_seen":5524280,"ir_seen":10915,"hall_q_drop":0,"ir_q_drop":0,"ir_invalid":11384,"nsr_hall_drop":1,"nsr_ir_drop":0,"nsr_navi_drop":0,"nsr_native_drop":168,"event_drop":0,"pwm0_ir_motion":0,"confirmed":60,"missed":152,"pwm":90,"auto":1,"running":1,"estop":0,"lowvolt":0,"ir_stationary_pwm_warning":1,"pub_drop":0}
2026-09-30T14:58:18.993	ngr/loco/9950011/state/trace	{"consumption_drop":334,"action_drop":0,"command_queue_drop":0,"lossless":false}
2026-09-30T14:58:18.995	ngr/loco/9950011/state/nav	{"state":"NORMAL","mm":4,"target":3,"dir":-1,"session_dir":"CCW","position_reliable":1,"ir_distance_state":"HALL_IR_READY","reference_ready":1,"boot_reference":"PROVISIONAL_OR_SPATIAL","authority":"NAVI_EWO"}
2026-09-30T14:58:18.995	ngr/loco/9950011/telem/ir	{"ir_valid":1,"ir_mmps":0.000,"ir_coupled":0,"ir_speed_reason":"STOPPED","ir_applicable":1,"ir_reason":1,"ir_seq":10981,"ir_pulses":6714,"ir_gap":1,"ir_sat":0,"ir_abort":525,"authority":"NAVI_EWO"}
2026-09-30T14:58:18.997	ngr/loco/9950011/telem/speed	{"ir_valid":1,"ir_mmps":0.000,"ir_coupled":0,"ir_speed_reason":"STOPPED","ir_applicable":1,"ir_reason":1,"ir_seq":10981,"ir_pulses":6714,"ir_gap":1,"ir_sat":0,"ir_abort":525,"authority":"NAVI_EWO"}
2026-09-30T14:58:18.998	ngr/loco/9950011/diag/ir_link	{"radio_ready":1,"seen":22299,"source_mac":"38:18:2B:30:8C:2C","paired_mac":"38:18:2B:30:8C:2C","paired_for_display_only":1,"coupled":0,"invalid_wire":11384,"queue_drop":0}
2026-09-30T14:58:18.998	ngr/loco/9950011/state/throttle	90
2026-09-30T14:58:19.002	ngr/loco/9950011/state/direction	2
2026-09-30T14:58:19.002	ngr/loco/9950011/state/auto	1
2026-09-30T14:58:19.006	ngr/loco/9950011/state/estop	0
2026-09-30T14:58:19.006	ngr/loco/9950011/state/nav_ready	1
2026-09-30T14:58:19.991	ngr/loco/9950011/state/loopstat	{"build":"NAVI_EYES_WIDE_OPEN_INTEGRATED_R2","mm":4,"target":3,"dir":-1,"target_distance_mm":315,"target_polarity":-1,"position_reliable":1,"reference_ready":1,"reference":1898,"median5":2019,"hall_support":0,"spatial_phase":0,"ir_applicable":1,"ir_distance_state":"HALL_IR_READY","ir_health_fault":6,"ir_readiness":3,"ir_boot":"761B38FCC6F727BE","ir_epoch":1,"ir_epoch_active":1,"ir_seq":10991,"ir_pulses":6714,"ir_reason":1,"ir_age_ms":84,"ir_span":31,"ir_gap":1,"ir_sat":0,"ir_abort":525,"ir_inferred_added":0,"ir_inferred_removed":0,"ir_calibration":0,"hall_seen":5529280,"ir_seen":10925,"hall_q_drop":0,"ir_q_drop":0,"ir_invalid":11394,"nsr_hall_drop":1,"nsr_ir_drop":0,"nsr_navi_drop":0,"nsr_native_drop":168,"event_drop":0,"pwm0_ir_motion":0,"confirmed":60,"missed":152,"pwm":90,"auto":1,"running":1,"estop":0,"lowvolt":0,"ir_stationary_pwm_warning":1,"pub_drop":0}
2026-09-30T14:58:19.998	ngr/loco/9950011/state/trace	{"consumption_drop":334,"action_drop":0,"command_queue_drop":0,"lossless":false}
2026-09-30T14:58:19.998	ngr/loco/9950011/state/nav	{"state":"NORMAL","mm":4,"target":3,"dir":-1,"session_dir":"CCW","position_reliable":1,"ir_distance_state":"HALL_IR_READY","reference_ready":1,"boot_reference":"PROVISIONAL_OR_SPATIAL","authority":"NAVI_EWO"}
2026-09-30T14:58:19.998	ngr/loco/9950011/telem/ir	{"ir_valid":1,"ir_mmps":0.000,"ir_coupled":0,"ir_speed_reason":"STOPPED","ir_applicable":1,"ir_reason":1,"ir_seq":10991,"ir_pulses":6714,"ir_gap":1,"ir_sat":0,"ir_abort":525,"authority":"NAVI_EWO"}
2026-09-30T14:58:19.999	ngr/loco/9950011/telem/speed	{"ir_valid":1,"ir_mmps":0.000,"ir_coupled":0,"ir_speed_reason":"STOPPED","ir_applicable":1,"ir_reason":1,"ir_seq":10991,"ir_pulses":6714,"ir_gap":1,"ir_sat":0,"ir_abort":525,"authority":"NAVI_EWO"}
2026-09-30T14:58:19.999	ngr/loco/9950011/diag/ir_link	{"radio_ready":1,"seen":22319,"source_mac":"38:18:2B:30:8C:2C","paired_mac":"38:18:2B:30:8C:2C","paired_for_display_only":1,"coupled":0,"invalid_wire":11394,"queue_drop":0}
2026-09-30T14:58:20.002	ngr/loco/9950011/state/throttle	90
2026-09-30T14:58:20.002	ngr/loco/9950011/state/direction	2
2026-09-30T14:58:20.002	ngr/loco/9950011/state/auto	1
2026-09-30T14:58:20.003	ngr/loco/9950011/state/estop	0
2026-09-30T14:58:20.004	ngr/loco/9950011/state/nav_ready	1
2026-09-30T14:58:21.011	ngr/loco/9950011/state/loopstat	{"build":"NAVI_EYES_WIDE_OPEN_INTEGRATED_R2","mm":4,"target":3,"dir":-1,"target_distance_mm":315,"target_polarity":-1,"position_reliable":1,"reference_ready":1,"reference":1898,"median5":1946,"hall_support":0,"spatial_phase":0,"ir_applicable":1,"ir_distance_state":"HALL_IR_READY","ir_health_fault":6,"ir_readiness":3,"ir_boot":"761B38FCC6F727BE","ir_epoch":1,"ir_epoch_active":1,"ir_seq":11001,"ir_pulses":6714,"ir_reason":1,"ir_age_ms":88,"ir_span":63,"ir_gap":1,"ir_sat":0,"ir_abort":525,"ir_inferred_added":0,"ir_inferred_removed":0,"ir_calibration":0,"hall_seen":5534280,"ir_seen":10935,"hall_q_drop":0,"ir_q_drop":0,"ir_invalid":11404,"nsr_hall_drop":1,"nsr_ir_drop":0,"nsr_navi_drop":0,"nsr_native_drop":168,"event_drop":0,"pwm0_ir_motion":0,"confirmed":60,"missed":152,"pwm":90,"auto":1,"running":1,"estop":0,"lowvolt":0,"ir_stationary_pwm_warning":1,"pub_drop":0}
2026-09-30T14:58:21.014	ngr/loco/9950011/state/trace	{"consumption_drop":334,"action_drop":0,"command_queue_drop":0,"lossless":false}
2026-09-30T14:58:21.015	ngr/loco/9950011/state/nav	{"state":"NORMAL","mm":4,"target":3,"dir":-1,"session_dir":"CCW","position_reliable":1,"ir_distance_state":"HALL_IR_READY","reference_ready":1,"boot_reference":"PROVISIONAL_OR_SPATIAL","authority":"NAVI_EWO"}
2026-09-30T14:58:21.015	ngr/loco/9950011/telem/ir	{"ir_valid":1,"ir_mmps":0.000,"ir_coupled":0,"ir_speed_reason":"STOPPED","ir_applicable":1,"ir_reason":1,"ir_seq":11001,"ir_pulses":6714,"ir_gap":1,"ir_sat":0,"ir_abort":525,"authority":"NAVI_EWO"}
2026-09-30T14:58:21.015	ngr/loco/9950011/telem/speed	{"ir_valid":1,"ir_mmps":0.000,"ir_coupled":0,"ir_speed_reason":"STOPPED","ir_applicable":1,"ir_reason":1,"ir_seq":11001,"ir_pulses":6714,"ir_gap":1,"ir_sat":0,"ir_abort":525,"authority":"NAVI_EWO"}
2026-09-30T14:58:21.015	ngr/loco/9950011/diag/ir_link	{"radio_ready":1,"seen":22339,"source_mac":"38:18:2B:30:8C:2C","paired_mac":"38:18:2B:30:8C:2C","paired_for_display_only":1,"coupled":0,"invalid_wire":11404,"queue_drop":0}
2026-09-30T14:58:21.015	ngr/loco/9950011/state/throttle	90
2026-09-30T14:58:21.015	ngr/loco/9950011/state/direction	2
2026-09-30T14:58:21.016	ngr/loco/9950011/state/auto	1
2026-09-30T14:58:21.016	ngr/loco/9950011/state/estop	0
2026-09-30T14:58:21.016	ngr/loco/9950011/state/nav_ready	1
2026-09-30T14:58:21.573	ngr/loco/9950011/state/connectivity	{"wifi":1,"ip":"192.168.68.72","rssi":-50,"mqtt":1,"mqtt_state":0,"broker":"192.168.68.142","ir_radio":1,"ir_seen":22352,"ir_coupled":0,"navi_sync":1,"udp_failures":155}
2026-09-30T14:58:21.998	ngr/loco/9950011/state/loopstat	{"build":"NAVI_EYES_WIDE_OPEN_INTEGRATED_R2","mm":4,"target":3,"dir":-1,"target_distance_mm":315,"target_polarity":-1,"position_reliable":1,"reference_ready":1,"reference":1898,"median5":1902,"hall_support":0,"spatial_phase":0,"ir_applicable":1,"ir_distance_state":"HALL_IR_READY","ir_health_fault":6,"ir_readiness":3,"ir_boot":"761B38FCC6F727BE","ir_epoch":1,"ir_epoch_active":1,"ir_seq":11011,"ir_pulses":6714,"ir_reason":1,"ir_age_ms":87,"ir_span":47,"ir_gap":1,"ir_sat":0,"ir_abort":525,"ir_inferred_added":0,"ir_inferred_removed":0,"ir_calibration":0,"hall_seen":5539280,"ir_seen":10945,"hall_q_drop":0,"ir_q_drop":0,"ir_invalid":11415,"nsr_hall_drop":1,"nsr_ir_drop":0,"nsr_navi_drop":0,"nsr_native_drop":168,"event_drop":0,"pwm0_ir_motion":0,"confirmed":60,"missed":152,"pwm":90,"auto":1,"running":1,"estop":0,"lowvolt":0,"ir_stationary_pwm_warning":1,"pub_drop":0}
2026-09-30T14:58:22.000	ngr/loco/9950011/state/trace	{"consumption_drop":334,"action_drop":0,"command_queue_drop":0,"lossless":false}
2026-09-30T14:58:22.000	ngr/loco/9950011/state/nav	{"state":"NORMAL","mm":4,"target":3,"dir":-1,"session_dir":"CCW","position_reliable":1,"ir_distance_state":"HALL_IR_READY","reference_ready":1,"boot_reference":"PROVISIONAL_OR_SPATIAL","authority":"NAVI_EWO"}
2026-09-30T14:58:22.001	ngr/loco/9950011/telem/ir	{"ir_valid":1,"ir_mmps":0.000,"ir_coupled":0,"ir_speed_reason":"STOPPED","ir_applicable":1,"ir_reason":1,"ir_seq":11011,"ir_pulses":6714,"ir_gap":1,"ir_sat":0,"ir_abort":525,"authority":"NAVI_EWO"}
2026-09-30T14:58:22.001	ngr/loco/9950011/telem/speed	{"ir_valid":1,"ir_mmps":0.000,"ir_coupled":0,"ir_speed_reason":"STOPPED","ir_applicable":1,"ir_reason":1,"ir_seq":11011,"ir_pulses":6714,"ir_gap":1,"ir_sat":0,"ir_abort":525,"authority":"NAVI_EWO"}
2026-09-30T14:58:22.001	ngr/loco/9950011/diag/ir_link	{"radio_ready":1,"seen":22360,"source_mac":"38:18:2B:30:8C:2C","paired_mac":"38:18:2B:30:8C:2C","paired_for_display_only":1,"coupled":0,"invalid_wire":11415,"queue_drop":0}
2026-09-30T14:58:22.002	ngr/loco/9950011/state/throttle	90
2026-09-30T14:58:22.003	ngr/loco/9950011/state/direction	2
2026-09-30T14:58:22.003	ngr/loco/9950011/state/auto	1
2026-09-30T14:58:22.004	ngr/loco/9950011/state/estop	0
2026-09-30T14:58:22.005	ngr/loco/9950011/state/nav_ready	1
2026-09-30T14:58:23.006	ngr/loco/9950011/state/loopstat	{"build":"NAVI_EYES_WIDE_OPEN_INTEGRATED_R2","mm":4,"target":3,"dir":-1,"target_distance_mm":315,"target_polarity":-1,"position_reliable":1,"reference_ready":1,"reference":1898,"median5":1898,"hall_support":0,"spatial_phase":0,"ir_applicable":1,"ir_distance_state":"HALL_IR_READY","ir_health_fault":6,"ir_readiness":3,"ir_boot":"761B38FCC6F727BE","ir_epoch":1,"ir_epoch_active":1,"ir_seq":11021,"ir_pulses":6714,"ir_reason":1,"ir_age_ms":88,"ir_span":79,"ir_gap":1,"ir_sat":0,"ir_abort":525,"ir_inferred_added":0,"ir_inferred_removed":0,"ir_calibration":0,"hall_seen":5544280,"ir_seen":10955,"hall_q_drop":0,"ir_q_drop":0,"ir_invalid":11425,"nsr_hall_drop":1,"nsr_ir_drop":0,"nsr_navi_drop":0,"nsr_native_drop":168,"event_drop":0,"pwm0_ir_motion":0,"confirmed":60,"missed":152,"pwm":90,"auto":1,"running":1,"estop":0,"lowvolt":0,"ir_stationary_pwm_warning":1,"pub_drop":0}
2026-09-30T14:58:23.013	ngr/loco/9950011/state/trace	{"consumption_drop":334,"action_drop":0,"command_queue_drop":0,"lossless":false}
2026-09-30T14:58:23.014	ngr/loco/9950011/state/nav	{"state":"NORMAL","mm":4,"target":3,"dir":-1,"session_dir":"CCW","position_reliable":1,"ir_distance_state":"HALL_IR_READY","reference_ready":1,"boot_reference":"PROVISIONAL_OR_SPATIAL","authority":"NAVI_EWO"}
2026-09-30T14:58:23.014	ngr/loco/9950011/telem/ir	{"ir_valid":1,"ir_mmps":0.000,"ir_coupled":0,"ir_speed_reason":"STOPPED","ir_applicable":1,"ir_reason":1,"ir_seq":11021,"ir_pulses":6714,"ir_gap":1,"ir_sat":0,"ir_abort":525,"authority":"NAVI_EWO"}
2026-09-30T14:58:23.014	ngr/loco/9950011/telem/speed	{"ir_valid":1,"ir_mmps":0.000,"ir_coupled":0,"ir_speed_reason":"STOPPED","ir_applicable":1,"ir_reason":1,"ir_seq":11021,"ir_pulses":6714,"ir_gap":1,"ir_sat":0,"ir_abort":525,"authority":"NAVI_EWO"}
2026-09-30T14:58:23.014	ngr/loco/9950011/diag/ir_link	{"radio_ready":1,"seen":22380,"source_mac":"38:18:2B:30:8C:2C","paired_mac":"38:18:2B:30:8C:2C","paired_for_display_only":1,"coupled":0,"invalid_wire":11425,"queue_drop":0}
2026-09-30T14:58:23.014	ngr/loco/9950011/state/throttle	90
2026-09-30T14:58:23.014	ngr/loco/9950011/state/direction	2
2026-09-30T14:58:23.015	ngr/loco/9950011/state/auto	1
2026-09-30T14:58:23.015	ngr/loco/9950011/state/estop	0
2026-09-30T14:58:23.015	ngr/loco/9950011/state/nav_ready	1
2026-09-30T14:58:23.547	ngr/loco/9950011/nav/evidence	{"event":"HALL_SUPPORT","hall_serial":5547015,"mm":4,"target":3,"dir":-1,"ir_um":64803528,"median5":1827,"reference":1898,"ir_distance_holding":0,"opening_serial":4894247,"opening_ir_um":64571880,"position_reliable":1,"spatial_phase":0,"decision_us":1109754795,"consumption_id":5557977,"ir_seq":11027}
2026-09-30T14:58:23.846	ngr/loco/9950011/state/lowvolt	0
2026-09-30T14:58:23.850	ngr/loco/9950011/telem/voltage	16.36
2026-09-30T14:58:23.852	ngr/loco/9950011/telem/current	0.33
2026-09-30T14:58:23.853	ngr/loco/9950011/telem/power	5.44
2026-09-30T14:58:23.989	ngr/loco/9950011/state/loopstat	{"build":"NAVI_EYES_WIDE_OPEN_INTEGRATED_R2","mm":4,"target":3,"dir":-1,"target_distance_mm":315,"target_polarity":-1,"position_reliable":1,"reference_ready":1,"reference":1898,"median5":1900,"hall_support":0,"spatial_phase":0,"ir_applicable":1,"ir_distance_state":"HALL_IR_READY","ir_health_fault":6,"ir_readiness":3,"ir_boot":"761B38FCC6F727BE","ir_epoch":1,"ir_epoch_active":1,"ir_seq":11031,"ir_pulses":6714,"ir_reason":1,"ir_age_ms":92,"ir_span":95,"ir_gap":1,"ir_sat":0,"ir_abort":526,"ir_inferred_added":0,"ir_inferred_removed":0,"ir_calibration":0,"hall_seen":5549277,"ir_seen":10965,"hall_q_drop":0,"ir_q_drop":0,"ir_invalid":11436,"nsr_hall_drop":1,"nsr_ir_drop":0,"nsr_navi_drop":0,"nsr_native_drop":168,"event_drop":0,"pwm0_ir_motion":0,"confirmed":60,"missed":152,"pwm":90,"auto":1,"running":1,"estop":0,"lowvolt":0,"ir_stationary_pwm_warning":1,"pub_drop":0}
2026-09-30T14:58:23.991	ngr/loco/9950011/state/trace	{"consumption_drop":334,"action_drop":0,"command_queue_drop":0,"lossless":false}
2026-09-30T14:58:23.991	ngr/loco/9950011/state/nav	{"state":"NORMAL","mm":4,"target":3,"dir":-1,"session_dir":"CCW","position_reliable":1,"ir_distance_state":"HALL_IR_READY","reference_ready":1,"boot_reference":"PROVISIONAL_OR_SPATIAL","authority":"NAVI_EWO"}
2026-09-30T14:58:23.993	ngr/loco/9950011/telem/ir	{"ir_valid":1,"ir_mmps":0.000,"ir_coupled":0,"ir_speed_reason":"STOPPED","ir_applicable":1,"ir_reason":1,"ir_seq":11031,"ir_pulses":6714,"ir_gap":1,"ir_sat":0,"ir_abort":526,"authority":"NAVI_EWO"}
2026-09-30T14:58:23.993	ngr/loco/9950011/telem/speed	{"ir_valid":1,"ir_mmps":0.000,"ir_coupled":0,"ir_speed_reason":"STOPPED","ir_applicable":1,"ir_reason":1,"ir_seq":11031,"ir_pulses":6714,"ir_gap":1,"ir_sat":0,"ir_abort":526,"authority":"NAVI_EWO"}
2026-09-30T14:58:23.995	ngr/loco/9950011/diag/ir_link	{"radio_ready":1,"seen":22401,"source_mac":"38:18:2B:30:8C:2C","paired_mac":"38:18:2B:30:8C:2C","paired_for_display_only":1,"coupled":0,"invalid_wire":11436,"queue_drop":0}
2026-09-30T14:58:23.995	ngr/loco/9950011/state/throttle	90
2026-09-30T14:58:23.996	ngr/loco/9950011/state/direction	2
2026-09-30T14:58:23.997	ngr/loco/9950011/state/auto	1
2026-09-30T14:58:23.997	ngr/loco/9950011/state/estop	0
2026-09-30T14:58:24.003	ngr/loco/9950011/state/nav_ready	1
2026-09-30T14:58:25.007	ngr/loco/9950011/state/loopstat	{"build":"NAVI_EYES_WIDE_OPEN_INTEGRATED_R2","mm":4,"target":3,"dir":-1,"target_distance_mm":315,"target_polarity":-1,"position_reliable":1,"reference_ready":1,"reference":1898,"median5":1895,"hall_support":0,"spatial_phase":0,"ir_applicable":1,"ir_distance_state":"HALL_IR_READY","ir_health_fault":6,"ir_readiness":3,"ir_boot":"761B38FCC6F727BE","ir_epoch":1,"ir_epoch_active":1,"ir_seq":11041,"ir_pulses":6714,"ir_reason":1,"ir_age_ms":91,"ir_span":95,"ir_gap":1,"ir_sat":0,"ir_abort":526,"ir_inferred_added":0,"ir_inferred_removed":0,"ir_calibration":0,"hall_seen":5554275,"ir_seen":10975,"hall_q_drop":0,"ir_q_drop":0,"ir_invalid":11446,"nsr_hall_drop":1,"nsr_ir_drop":0,"nsr_navi_drop":0,"nsr_native_drop":168,"event_drop":0,"pwm0_ir_motion":0,"confirmed":60,"missed":152,"pwm":90,"auto":1,"running":1,"estop":0,"lowvolt":0,"ir_stationary_pwm_warning":1,"pub_drop":0}
2026-09-30T14:58:25.024	ngr/loco/9950011/state/trace	{"consumption_drop":334,"action_drop":0,"command_queue_drop":0,"lossless":false}
2026-09-30T14:58:25.025	ngr/loco/9950011/state/nav	{"state":"NORMAL","mm":4,"target":3,"dir":-1,"session_dir":"CCW","position_reliable":1,"ir_distance_state":"HALL_IR_READY","reference_ready":1,"boot_reference":"PROVISIONAL_OR_SPATIAL","authority":"NAVI_EWO"}
2026-09-30T14:58:25.025	ngr/loco/9950011/telem/ir	{"ir_valid":1,"ir_mmps":0.000,"ir_coupled":0,"ir_speed_reason":"STOPPED","ir_applicable":1,"ir_reason":1,"ir_seq":11041,"ir_pulses":6714,"ir_gap":1,"ir_sat":0,"ir_abort":526,"authority":"NAVI_EWO"}
2026-09-30T14:58:25.025	ngr/loco/9950011/telem/speed	{"ir_valid":1,"ir_mmps":0.000,"ir_coupled":0,"ir_speed_reason":"STOPPED","ir_applicable":1,"ir_reason":1,"ir_seq":11041,"ir_pulses":6714,"ir_gap":1,"ir_sat":0,"ir_abort":526,"authority":"NAVI_EWO"}
2026-09-30T14:58:25.025	ngr/loco/9950011/diag/ir_link	{"radio_ready":1,"seen":22421,"source_mac":"38:18:2B:30:8C:2C","paired_mac":"38:18:2B:30:8C:2C","paired_for_display_only":1,"coupled":0,"invalid_wire":11446,"queue_drop":0}
2026-09-30T14:58:25.027	ngr/loco/9950011/state/throttle	90
2026-09-30T14:58:25.027	ngr/loco/9950011/state/direction	2
2026-09-30T14:58:25.027	ngr/loco/9950011/state/auto	1
2026-09-30T14:58:25.027	ngr/loco/9950011/state/estop	0
2026-09-30T14:58:25.027	ngr/loco/9950011/state/nav_ready	1
2026-09-30T14:58:26.039	ngr/loco/9950011/state/loopstat	{"build":"NAVI_EYES_WIDE_OPEN_INTEGRATED_R2","mm":4,"target":3,"dir":-1,"target_distance_mm":315,"target_polarity":-1,"position_reliable":1,"reference_ready":1,"reference":1898,"median5":1893,"hall_support":0,"spatial_phase":0,"ir_applicable":1,"ir_distance_state":"HALL_IR_READY","ir_health_fault":0,"ir_readiness":2,"ir_boot":"761B38FCC6F727BE","ir_epoch":1,"ir_epoch_active":1,"ir_seq":11051,"ir_pulses":6714,"ir_reason":5,"ir_age_ms":92,"ir_span":1855,"ir_gap":1,"ir_sat":0,"ir_abort":526,"ir_inferred_added":0,"ir_inferred_removed":0,"ir_calibration":0,"hall_seen":5559280,"ir_seen":10985,"hall_q_drop":0,"ir_q_drop":0,"ir_invalid":11457,"nsr_hall_drop":1,"nsr_ir_drop":0,"nsr_navi_drop":0,"nsr_native_drop":168,"event_drop":0,"pwm0_ir_motion":0,"confirmed":60,"missed":152,"pwm":90,"auto":1,"running":1,"estop":0,"lowvolt":0,"ir_stationary_pwm_warning":1,"pub_drop":0}
2026-09-30T14:58:26.043	ngr/loco/9950011/state/trace	{"consumption_drop":334,"action_drop":0,"command_queue_drop":0,"lossless":false}
2026-09-30T14:58:26.043	ngr/loco/9950011/state/nav	{"state":"NORMAL","mm":4,"target":3,"dir":-1,"session_dir":"CCW","position_reliable":1,"ir_distance_state":"HALL_IR_READY","reference_ready":1,"boot_reference":"PROVISIONAL_OR_SPATIAL","authority":"NAVI_EWO"}
2026-09-30T14:58:26.043	ngr/loco/9950011/telem/ir	{"ir_valid":1,"ir_mmps":0.000,"ir_coupled":0,"ir_speed_reason":"STOPPED","ir_applicable":1,"ir_reason":5,"ir_seq":11051,"ir_pulses":6714,"ir_gap":1,"ir_sat":0,"ir_abort":526,"authority":"NAVI_EWO"}
2026-09-30T14:58:26.043	ngr/loco/9950011/telem/speed	{"ir_valid":1,"ir_mmps":0.000,"ir_coupled":0,"ir_speed_reason":"STOPPED","ir_applicable":1,"ir_reason":5,"ir_seq":11051,"ir_pulses":6714,"ir_gap":1,"ir_sat":0,"ir_abort":526,"authority":"NAVI_EWO"}
2026-09-30T14:58:26.044	ngr/loco/9950011/diag/ir_link	{"radio_ready":1,"seen":22442,"source_mac":"38:18:2B:30:8C:2C","paired_mac":"38:18:2B:30:8C:2C","paired_for_display_only":1,"coupled":0,"invalid_wire":11457,"queue_drop":0}
2026-09-30T14:58:26.044	ngr/loco/9950011/state/throttle	90
2026-09-30T14:58:26.044	ngr/loco/9950011/state/direction	2
2026-09-30T14:58:26.044	ngr/loco/9950011/state/auto	1
2026-09-30T14:58:26.044	ngr/loco/9950011/state/estop	0
2026-09-30T14:58:26.044	ngr/loco/9950011/state/nav_ready	1
2026-09-30T14:58:26.061	ngr/loco/9950011/nav/evidence	{"event":"HALL_SUPPORT","hall_serial":5559616,"mm":4,"target":3,"dir":-1,"ir_um":64803528,"median5":1827,"reference":1898,"ir_distance_holding":0,"opening_serial":4894247,"opening_ir_um":64571880,"position_reliable":1,"spatial_phase":0,"decision_us":1112275696,"consumption_id":5570603,"ir_seq":11052}
2026-09-30T14:58:26.573	ngr/loco/9950011/state/connectivity	{"wifi":1,"ip":"192.168.68.72","rssi":-55,"mqtt":1,"mqtt_state":0,"broker":"192.168.68.142","ir_radio":1,"ir_seen":22454,"ir_coupled":0,"navi_sync":1,"udp_failures":156}
2026-09-30T14:58:26.992	ngr/loco/9950011/state/loopstat	{"build":"NAVI_EYES_WIDE_OPEN_INTEGRATED_R2","mm":4,"target":3,"dir":-1,"target_distance_mm":315,"target_polarity":-1,"position_reliable":1,"reference_ready":1,"reference":1898,"median5":1902,"hall_support":0,"spatial_phase":0,"ir_applicable":1,"ir_distance_state":"HALL_IR_READY","ir_health_fault":6,"ir_readiness":3,"ir_boot":"761B38FCC6F727BE","ir_epoch":1,"ir_epoch_active":1,"ir_seq":11061,"ir_pulses":6714,"ir_reason":1,"ir_age_ms":96,"ir_span":31,"ir_gap":1,"ir_sat":0,"ir_abort":527,"ir_inferred_added":0,"ir_inferred_removed":0,"ir_calibration":0,"hall_seen":5564280,"ir_seen":10995,"hall_q_drop":0,"ir_q_drop":0,"ir_invalid":11467,"nsr_hall_drop":1,"nsr_ir_drop":0,"nsr_navi_drop":0,"nsr_native_drop":168,"event_drop":0,"pwm0_ir_motion":0,"confirmed":60,"missed":152,"pwm":90,"auto":1,"running":1,"estop":0,"lowvolt":0,"ir_stationary_pwm_warning":1,"pub_drop":0}
2026-09-30T14:58:27.003	ngr/loco/9950011/state/trace	{"consumption_drop":334,"action_drop":0,"command_queue_drop":0,"lossless":false}
2026-09-30T14:58:27.005	ngr/loco/9950011/state/nav	{"state":"NORMAL","mm":4,"target":3,"dir":-1,"session_dir":"CCW","position_reliable":1,"ir_distance_state":"HALL_IR_READY","reference_ready":1,"boot_reference":"PROVISIONAL_OR_SPATIAL","authority":"NAVI_EWO"}
2026-09-30T14:58:27.005	ngr/loco/9950011/telem/ir	{"ir_valid":1,"ir_mmps":0.000,"ir_coupled":0,"ir_speed_reason":"STOPPED","ir_applicable":1,"ir_reason":1,"ir_seq":11061,"ir_pulses":6714,"ir_gap":1,"ir_sat":0,"ir_abort":527,"authority":"NAVI_EWO"}
2026-09-30T14:58:27.005	ngr/loco/9950011/telem/speed	{"ir_valid":1,"ir_mmps":0.000,"ir_coupled":0,"ir_speed_reason":"STOPPED","ir_applicable":1,"ir_reason":1,"ir_seq":11061,"ir_pulses":6714,"ir_gap":1,"ir_sat":0,"ir_abort":527,"authority":"NAVI_EWO"}
2026-09-30T14:58:27.006	ngr/loco/9950011/diag/ir_link	{"radio_ready":1,"seen":22462,"source_mac":"38:18:2B:30:8C:2C","paired_mac":"38:18:2B:30:8C:2C","paired_for_display_only":1,"coupled":0,"invalid_wire":11467,"queue_drop":0}
2026-09-30T14:58:27.006	ngr/loco/9950011/state/throttle	90
2026-09-30T14:58:27.006	ngr/loco/9950011/state/direction	2
2026-09-30T14:58:27.006	ngr/loco/9950011/state/auto	1
2026-09-30T14:58:27.006	ngr/loco/9950011/state/estop	0
2026-09-30T14:58:27.006	ngr/loco/9950011/state/nav_ready	1
2026-09-30T14:58:27.992	ngr/loco/9950011/state/loopstat	{"build":"NAVI_EYES_WIDE_OPEN_INTEGRATED_R2","mm":4,"target":3,"dir":-1,"target_distance_mm":315,"target_polarity":-1,"position_reliable":1,"reference_ready":1,"reference":1898,"median5":1901,"hall_support":0,"spatial_phase":0,"ir_applicable":1,"ir_distance_state":"HALL_IR_READY","ir_health_fault":6,"ir_readiness":3,"ir_boot":"761B38FCC6F727BE","ir_epoch":1,"ir_epoch_active":1,"ir_seq":11071,"ir_pulses":6714,"ir_reason":1,"ir_age_ms":96,"ir_span":31,"ir_gap":1,"ir_sat":0,"ir_abort":527,"ir_inferred_added":0,"ir_inferred_removed":0,"ir_calibration":0,"hall_seen":5569280,"ir_seen":11005,"hall_q_drop":0,"ir_q_drop":0,"ir_invalid":11477,"nsr_hall_drop":1,"nsr_ir_drop":0,"nsr_navi_drop":0,"nsr_native_drop":168,"event_drop":0,"pwm0_ir_motion":0,"confirmed":60,"missed":152,"pwm":90,"auto":1,"running":1,"estop":0,"lowvolt":0,"ir_stationary_pwm_warning":1,"pub_drop":0}
2026-09-30T14:58:28.000	ngr/loco/9950011/state/trace	{"consumption_drop":334,"action_drop":0,"command_queue_drop":0,"lossless":false}
2026-09-30T14:58:28.005	ngr/loco/9950011/state/nav	{"state":"NORMAL","mm":4,"target":3,"dir":-1,"session_dir":"CCW","position_reliable":1,"ir_distance_state":"HALL_IR_READY","reference_ready":1,"boot_reference":"PROVISIONAL_OR_SPATIAL","authority":"NAVI_EWO"}
2026-09-30T14:58:28.005	ngr/loco/9950011/telem/ir	{"ir_valid":1,"ir_mmps":0.000,"ir_coupled":0,"ir_speed_reason":"STOPPED","ir_applicable":1,"ir_reason":1,"ir_seq":11071,"ir_pulses":6714,"ir_gap":1,"ir_sat":0,"ir_abort":527,"authority":"NAVI_EWO"}
2026-09-30T14:58:28.006	ngr/loco/9950011/telem/speed	{"ir_valid":1,"ir_mmps":0.000,"ir_coupled":0,"ir_speed_reason":"STOPPED","ir_applicable":1,"ir_reason":1,"ir_seq":11071,"ir_pulses":6714,"ir_gap":1,"ir_sat":0,"ir_abort":527,"authority":"NAVI_EWO"}
2026-09-30T14:58:28.006	ngr/loco/9950011/diag/ir_link	{"radio_ready":1,"seen":22482,"source_mac":"38:18:2B:30:8C:2C","paired_mac":"38:18:2B:30:8C:2C","paired_for_display_only":1,"coupled":0,"invalid_wire":11477,"queue_drop":0}
2026-09-30T14:58:28.006	ngr/loco/9950011/state/throttle	90
2026-09-30T14:58:28.006	ngr/loco/9950011/state/direction	2
2026-09-30T14:58:28.006	ngr/loco/9950011/state/auto	1
2026-09-30T14:58:28.006	ngr/loco/9950011/state/estop	0
2026-09-30T14:58:28.007	ngr/loco/9950011/state/nav_ready	1
2026-09-30T14:58:28.842	ngr/loco/9950011/state/lowvolt	0
2026-09-30T14:58:28.889	ngr/loco/9950011/telem/voltage	16.35
2026-09-30T14:58:28.889	ngr/loco/9950011/telem/current	0.25
2026-09-30T14:58:28.889	ngr/loco/9950011/telem/power	5.29
2026-09-30T14:58:28.993	ngr/loco/9950011/state/loopstat	{"build":"NAVI_EYES_WIDE_OPEN_INTEGRATED_R2","mm":4,"target":3,"dir":-1,"target_distance_mm":315,"target_polarity":-1,"position_reliable":1,"reference_ready":1,"reference":1898,"median5":1902,"hall_support":0,"spatial_phase":0,"ir_applicable":1,"ir_distance_state":"HALL_IR_READY","ir_health_fault":6,"ir_readiness":3,"ir_boot":"761B38FCC6F727BE","ir_epoch":1,"ir_epoch_active":1,"ir_seq":11081,"ir_pulses":6714,"ir_reason":1,"ir_age_ms":74,"ir_span":15,"ir_gap":1,"ir_sat":0,"ir_abort":527,"ir_inferred_added":0,"ir_inferred_removed":0,"ir_calibration":0,"hall_seen":5574280,"ir_seen":11015,"hall_q_drop":0,"ir_q_drop":0,"ir_invalid":11488,"nsr_hall_drop":1,"nsr_ir_drop":0,"nsr_navi_drop":0,"nsr_native_drop":168,"event_drop":0,"pwm0_ir_motion":0,"confirmed":60,"missed":152,"pwm":90,"auto":1,"running":1,"estop":0,"lowvolt":0,"ir_stationary_pwm_warning":1,"pub_drop":0}
2026-09-30T14:58:29.005	ngr/loco/9950011/state/trace	{"consumption_drop":334,"action_drop":0,"command_queue_drop":0,"lossless":false}
2026-09-30T14:58:29.005	ngr/loco/9950011/state/nav	{"state":"NORMAL","mm":4,"target":3,"dir":-1,"session_dir":"CCW","position_reliable":1,"ir_distance_state":"HALL_IR_READY","reference_ready":1,"boot_reference":"PROVISIONAL_OR_SPATIAL","authority":"NAVI_EWO"}
2026-09-30T14:58:29.006	ngr/loco/9950011/telem/ir	{"ir_valid":1,"ir_mmps":0.000,"ir_coupled":0,"ir_speed_reason":"STOPPED","ir_applicable":1,"ir_reason":1,"ir_seq":11081,"ir_pulses":6714,"ir_gap":1,"ir_sat":0,"ir_abort":527,"authority":"NAVI_EWO"}
2026-09-30T14:58:29.008	ngr/loco/9950011/telem/speed	{"ir_valid":1,"ir_mmps":0.000,"ir_coupled":0,"ir_speed_reason":"STOPPED","ir_applicable":1,"ir_reason":1,"ir_seq":11081,"ir_pulses":6714,"ir_gap":1,"ir_sat":0,"ir_abort":527,"authority":"NAVI_EWO"}
2026-09-30T14:58:29.009	ngr/loco/9950011/diag/ir_link	{"radio_ready":1,"seen":22503,"source_mac":"38:18:2B:30:8C:2C","paired_mac":"38:18:2B:30:8C:2C","paired_for_display_only":1,"coupled":0,"invalid_wire":11488,"queue_drop":0}
2026-09-30T14:58:29.009	ngr/loco/9950011/state/throttle	90
2026-09-30T14:58:29.009	ngr/loco/9950011/state/direction	2
2026-09-30T14:58:29.009	ngr/loco/9950011/state/auto	1
2026-09-30T14:58:29.009	ngr/loco/9950011/state/estop	0
2026-09-30T14:58:29.010	ngr/loco/9950011/state/nav_ready	1
2026-09-30T14:58:30.020	ngr/loco/9950011/state/loopstat	{"build":"NAVI_EYES_WIDE_OPEN_INTEGRATED_R2","mm":4,"target":3,"dir":-1,"target_distance_mm":315,"target_polarity":-1,"position_reliable":1,"reference_ready":1,"reference":1898,"median5":1899,"hall_support":0,"spatial_phase":0,"ir_applicable":1,"ir_distance_state":"HALL_IR_READY","ir_health_fault":6,"ir_readiness":3,"ir_boot":"761B38FCC6F727BE","ir_epoch":1,"ir_epoch_active":1,"ir_seq":11091,"ir_pulses":6714,"ir_reason":1,"ir_age_ms":80,"ir_span":31,"ir_gap":1,"ir_sat":0,"ir_abort":527,"ir_inferred_added":0,"ir_inferred_removed":0,"ir_calibration":0,"hall_seen":5579280,"ir_seen":11024,"hall_q_drop":0,"ir_q_drop":0,"ir_invalid":11498,"nsr_hall_drop":1,"nsr_ir_drop":0,"nsr_navi_drop":0,"nsr_native_drop":168,"event_drop":0,"pwm0_ir_motion":0,"confirmed":60,"missed":152,"pwm":90,"auto":1,"running":1,"estop":0,"lowvolt":0,"ir_stationary_pwm_warning":1,"pub_drop":0}
2026-09-30T14:58:30.028	ngr/loco/9950011/state/trace	{"consumption_drop":334,"action_drop":0,"command_queue_drop":0,"lossless":false}
2026-09-30T14:58:30.028	ngr/loco/9950011/state/nav	{"state":"NORMAL","mm":4,"target":3,"dir":-1,"session_dir":"CCW","position_reliable":1,"ir_distance_state":"HALL_IR_READY","reference_ready":1,"boot_reference":"PROVISIONAL_OR_SPATIAL","authority":"NAVI_EWO"}
2026-09-30T14:58:30.028	ngr/loco/9950011/telem/ir	{"ir_valid":1,"ir_mmps":0.000,"ir_coupled":0,"ir_speed_reason":"STOPPED","ir_applicable":1,"ir_reason":1,"ir_seq":11091,"ir_pulses":6714,"ir_gap":1,"ir_sat":0,"ir_abort":527,"authority":"NAVI_EWO"}
2026-09-30T14:58:30.029	ngr/loco/9950011/telem/speed	{"ir_valid":1,"ir_mmps":0.000,"ir_coupled":0,"ir_speed_reason":"STOPPED","ir_applicable":1,"ir_reason":1,"ir_seq":11091,"ir_pulses":6714,"ir_gap":1,"ir_sat":0,"ir_abort":527,"authority":"NAVI_EWO"}
2026-09-30T14:58:30.029	ngr/loco/9950011/diag/ir_link	{"radio_ready":1,"seen":22522,"source_mac":"38:18:2B:30:8C:2C","paired_mac":"38:18:2B:30:8C:2C","paired_for_display_only":1,"coupled":0,"invalid_wire":11498,"queue_drop":0}
2026-09-30T14:58:30.029	ngr/loco/9950011/state/throttle	90
2026-09-30T14:58:30.029	ngr/loco/9950011/state/direction	2
2026-09-30T14:58:30.029	ngr/loco/9950011/state/auto	1
2026-09-30T14:58:30.029	ngr/loco/9950011/state/estop	0
2026-09-30T14:58:30.029	ngr/loco/9950011/state/nav_ready	1
2026-09-30T14:58:30.999	ngr/loco/9950011/state/loopstat	{"build":"NAVI_EYES_WIDE_OPEN_INTEGRATED_R2","mm":4,"target":3,"dir":-1,"target_distance_mm":315,"target_polarity":-1,"position_reliable":1,"reference_ready":1,"reference":1898,"median5":1891,"hall_support":0,"spatial_phase":0,"ir_applicable":1,"ir_distance_state":"HALL_IR_READY","ir_health_fault":6,"ir_readiness":3,"ir_boot":"761B38FCC6F727BE","ir_epoch":1,"ir_epoch_active":1,"ir_seq":11101,"ir_pulses":6714,"ir_reason":1,"ir_age_ms":85,"ir_span":15,"ir_gap":1,"ir_sat":0,"ir_abort":527,"ir_inferred_added":0,"ir_inferred_removed":0,"ir_calibration":0,"hall_seen":5584280,"ir_seen":11034,"hall_q_drop":0,"ir_q_drop":0,"ir_invalid":11509,"nsr_hall_drop":1,"nsr_ir_drop":0,"nsr_navi_drop":0,"nsr_native_drop":168,"event_drop":0,"pwm0_ir_motion":0,"confirmed":60,"missed":152,"pwm":90,"auto":1,"running":1,"estop":0,"lowvolt":0,"ir_stationary_pwm_warning":1,"pub_drop":0}
2026-09-30T14:58:31.001	ngr/loco/9950011/state/trace	{"consumption_drop":334,"action_drop":0,"command_queue_drop":0,"lossless":false}
2026-09-30T14:58:31.005	ngr/loco/9950011/state/nav	{"state":"NORMAL","mm":4,"target":3,"dir":-1,"session_dir":"CCW","position_reliable":1,"ir_distance_state":"HALL_IR_READY","reference_ready":1,"boot_reference":"PROVISIONAL_OR_SPATIAL","authority":"NAVI_EWO"}
2026-09-30T14:58:31.005	ngr/loco/9950011/telem/ir	{"ir_valid":1,"ir_mmps":0.000,"ir_coupled":0,"ir_speed_reason":"STOPPED","ir_applicable":1,"ir_reason":1,"ir_seq":11101,"ir_pulses":6714,"ir_gap":1,"ir_sat":0,"ir_abort":527,"authority":"NAVI_EWO"}
2026-09-30T14:58:31.005	ngr/loco/9950011/telem/speed	{"ir_valid":1,"ir_mmps":0.000,"ir_coupled":0,"ir_speed_reason":"STOPPED","ir_applicable":1,"ir_reason":1,"ir_seq":11101,"ir_pulses":6714,"ir_gap":1,"ir_sat":0,"ir_abort":527,"authority":"NAVI_EWO"}
2026-09-30T14:58:31.007	ngr/loco/9950011/diag/ir_link	{"radio_ready":1,"seen":22543,"source_mac":"38:18:2B:30:8C:2C","paired_mac":"38:18:2B:30:8C:2C","paired_for_display_only":1,"coupled":0,"invalid_wire":11509,"queue_drop":0}
2026-09-30T14:58:31.007	ngr/loco/9950011/state/throttle	90
2026-09-30T14:58:31.008	ngr/loco/9950011/state/direction	2
2026-09-30T14:58:31.008	ngr/loco/9950011/state/auto	1
2026-09-30T14:58:31.009	ngr/loco/9950011/state/estop	0
2026-09-30T14:58:31.010	ngr/loco/9950011/state/nav_ready	1
2026-09-30T14:58:31.578	ngr/loco/9950011/state/connectivity	{"wifi":1,"ip":"192.168.68.72","rssi":-51,"mqtt":1,"mqtt_state":0,"broker":"192.168.68.142","ir_radio":1,"ir_seen":22555,"ir_coupled":0,"navi_sync":1,"udp_failures":156}
2026-09-30T14:58:31.856	ngr/loco/9950011/nav/evidence	{"event":"HALL_SUPPORT","hall_serial":5588634,"mm":4,"target":3,"dir":-1,"ir_um":64803528,"median5":1825,"reference":1898,"ir_distance_holding":0,"opening_serial":4894247,"opening_ir_um":64571880,"position_reliable":1,"spatial_phase":0,"decision_us":1118078921,"consumption_id":5599678,"ir_seq":11110}
2026-09-30T14:58:31.996	ngr/loco/9950011/state/loopstat	{"build":"NAVI_EYES_WIDE_OPEN_INTEGRATED_R2","mm":4,"target":3,"dir":-1,"target_distance_mm":315,"target_polarity":-1,"position_reliable":1,"reference_ready":1,"reference":1898,"median5":1893,"hall_support":0,"spatial_phase":0,"ir_applicable":1,"ir_distance_state":"HALL_IR_READY","ir_health_fault":6,"ir_readiness":3,"ir_boot":"761B38FCC6F727BE","ir_epoch":1,"ir_epoch_active":1,"ir_seq":11111,"ir_pulses":6714,"ir_reason":1,"ir_age_ms":84,"ir_span":31,"ir_gap":1,"ir_sat":0,"ir_abort":527,"ir_inferred_added":0,"ir_inferred_removed":0,"ir_calibration":0,"hall_seen":5589280,"ir_seen":11044,"hall_q_drop":0,"ir_q_drop":0,"ir_invalid":11519,"nsr_hall_drop":1,"nsr_ir_drop":0,"nsr_navi_drop":0,"nsr_native_drop":168,"event_drop":0,"pwm0_ir_motion":0,"confirmed":60,"missed":152,"pwm":90,"auto":1,"running":1,"estop":0,"lowvolt":0,"ir_stationary_pwm_warning":1,"pub_drop":0}
2026-09-30T14:58:32.001	ngr/loco/9950011/state/trace	{"consumption_drop":334,"action_drop":0,"command_queue_drop":0,"lossless":false}
2026-09-30T14:58:32.002	ngr/loco/9950011/state/nav	{"state":"NORMAL","mm":4,"target":3,"dir":-1,"session_dir":"CCW","position_reliable":1,"ir_distance_state":"HALL_IR_READY","reference_ready":1,"boot_reference":"PROVISIONAL_OR_SPATIAL","authority":"NAVI_EWO"}
2026-09-30T14:58:32.002	ngr/loco/9950011/telem/ir	{"ir_valid":1,"ir_mmps":0.000,"ir_coupled":0,"ir_speed_reason":"STOPPED","ir_applicable":1,"ir_reason":1,"ir_seq":11111,"ir_pulses":6714,"ir_gap":1,"ir_sat":0,"ir_abort":527,"authority":"NAVI_EWO"}
2026-09-30T14:58:32.004	ngr/loco/9950011/telem/speed	{"ir_valid":1,"ir_mmps":0.000,"ir_coupled":0,"ir_speed_reason":"STOPPED","ir_applicable":1,"ir_reason":1,"ir_seq":11111,"ir_pulses":6714,"ir_gap":1,"ir_sat":0,"ir_abort":527,"authority":"NAVI_EWO"}
2026-09-30T14:58:32.004	ngr/loco/9950011/diag/ir_link	{"radio_ready":1,"seen":22563,"source_mac":"38:18:2B:30:8C:2C","paired_mac":"38:18:2B:30:8C:2C","paired_for_display_only":1,"coupled":0,"invalid_wire":11519,"queue_drop":0}
2026-09-30T14:58:32.004	ngr/loco/9950011/state/throttle	90
2026-09-30T14:58:32.004	ngr/loco/9950011/state/direction	2
2026-09-30T14:58:32.005	ngr/loco/9950011/state/auto	1
2026-09-30T14:58:32.005	ngr/loco/9950011/state/estop	0
2026-09-30T14:58:32.005	ngr/loco/9950011/state/nav_ready	1
2026-09-30T14:58:32.993	ngr/loco/9950011/state/loopstat	{"build":"NAVI_EYES_WIDE_OPEN_INTEGRATED_R2","mm":4,"target":3,"dir":-1,"target_distance_mm":315,"target_polarity":-1,"position_reliable":1,"reference_ready":1,"reference":1898,"median5":1994,"hall_support":0,"spatial_phase":0,"ir_applicable":1,"ir_distance_state":"HALL_IR_READY","ir_health_fault":6,"ir_readiness":3,"ir_boot":"761B38FCC6F727BE","ir_epoch":1,"ir_epoch_active":1,"ir_seq":11121,"ir_pulses":6714,"ir_reason":1,"ir_age_ms":89,"ir_span":31,"ir_gap":1,"ir_sat":0,"ir_abort":527,"ir_inferred_added":0,"ir_inferred_removed":0,"ir_calibration":0,"hall_seen":5594285,"ir_seen":11054,"hall_q_drop":0,"ir_q_drop":0,"ir_invalid":11528,"nsr_hall_drop":1,"nsr_ir_drop":0,"nsr_navi_drop":0,"nsr_native_drop":168,"event_drop":0,"pwm0_ir_motion":0,"confirmed":60,"missed":152,"pwm":90,"auto":1,"running":1,"estop":0,"lowvolt":0,"ir_stationary_pwm_warning":1,"pub_drop":0}
2026-09-30T14:58:32.996	ngr/loco/9950011/state/trace	{"consumption_drop":334,"action_drop":0,"command_queue_drop":0,"lossless":false}
2026-09-30T14:58:32.996	ngr/loco/9950011/state/nav	{"state":"NORMAL","mm":4,"target":3,"dir":-1,"session_dir":"CCW","position_reliable":1,"ir_distance_state":"HALL_IR_READY","reference_ready":1,"boot_reference":"PROVISIONAL_OR_SPATIAL","authority":"NAVI_EWO"}
2026-09-30T14:58:32.997	ngr/loco/9950011/telem/ir	{"ir_valid":1,"ir_mmps":0.000,"ir_coupled":0,"ir_speed_reason":"STOPPED","ir_applicable":1,"ir_reason":1,"ir_seq":11121,"ir_pulses":6714,"ir_gap":1,"ir_sat":0,"ir_abort":527,"authority":"NAVI_EWO"}
2026-09-30T14:58:32.997	ngr/loco/9950011/telem/speed	{"ir_valid":1,"ir_mmps":0.000,"ir_coupled":0,"ir_speed_reason":"STOPPED","ir_applicable":1,"ir_reason":1,"ir_seq":11121,"ir_pulses":6714,"ir_gap":1,"ir_sat":0,"ir_abort":527,"authority":"NAVI_EWO"}
2026-09-30T14:58:32.998	ngr/loco/9950011/diag/ir_link	{"radio_ready":1,"seen":22582,"source_mac":"38:18:2B:30:8C:2C","paired_mac":"38:18:2B:30:8C:2C","paired_for_display_only":1,"coupled":0,"invalid_wire":11528,"queue_drop":0}
2026-09-30T14:58:32.999	ngr/loco/9950011/state/throttle	90
2026-09-30T14:58:32.999	ngr/loco/9950011/state/direction	2
2026-09-30T14:58:33.001	ngr/loco/9950011/state/auto	1
2026-09-30T14:58:33.002	ngr/loco/9950011/state/estop	0
2026-09-30T14:58:33.002	ngr/loco/9950011/state/nav_ready	1
2026-09-30T14:58:33.845	ngr/loco/9950011/state/lowvolt	0
2026-09-30T14:58:33.848	ngr/loco/9950011/telem/voltage	16.36
2026-09-30T14:58:33.851	ngr/loco/9950011/telem/current	0.27
2026-09-30T14:58:33.852	ngr/loco/9950011/telem/power	4.37
2026-09-30T14:58:33.992	ngr/loco/9950011/state/loopstat	{"build":"NAVI_EYES_WIDE_OPEN_INTEGRATED_R2","mm":4,"target":3,"dir":-1,"target_distance_mm":315,"target_polarity":-1,"position_reliable":1,"reference_ready":1,"reference":1898,"median5":1907,"hall_support":0,"spatial_phase":0,"ir_applicable":1,"ir_distance_state":"HALL_IR_READY","ir_health_fault":6,"ir_readiness":3,"ir_boot":"761B38FCC6F727BE","ir_epoch":1,"ir_epoch_active":1,"ir_seq":11131,"ir_pulses":6714,"ir_reason":1,"ir_age_ms":88,"ir_span":31,"ir_gap":1,"ir_sat":0,"ir_abort":527,"ir_inferred_added":0,"ir_inferred_removed":0,"ir_calibration":0,"hall_seen":5599285,"ir_seen":11064,"hall_q_drop":0,"ir_q_drop":0,"ir_invalid":11539,"nsr_hall_drop":1,"nsr_ir_drop":0,"nsr_navi_drop":0,"nsr_native_drop":168,"event_drop":0,"pwm0_ir_motion":0,"confirmed":60,"missed":152,"pwm":90,"auto":1,"running":1,"estop":0,"lowvolt":0,"ir_stationary_pwm_warning":1,"pub_drop":0}
2026-09-30T14:58:33.997	ngr/loco/9950011/state/trace	{"consumption_drop":334,"action_drop":0,"command_queue_drop":0,"lossless":false}
2026-09-30T14:58:33.997	ngr/loco/9950011/state/nav	{"state":"NORMAL","mm":4,"target":3,"dir":-1,"session_dir":"CCW","position_reliable":1,"ir_distance_state":"HALL_IR_READY","reference_ready":1,"boot_reference":"PROVISIONAL_OR_SPATIAL","authority":"NAVI_EWO"}
2026-09-30T14:58:33.997	ngr/loco/9950011/telem/ir	{"ir_valid":1,"ir_mmps":0.000,"ir_coupled":0,"ir_speed_reason":"STOPPED","ir_applicable":1,"ir_reason":1,"ir_seq":11131,"ir_pulses":6714,"ir_gap":1,"ir_sat":0,"ir_abort":527,"authority":"NAVI_EWO"}
2026-09-30T14:58:33.998	ngr/loco/9950011/telem/speed	{"ir_valid":1,"ir_mmps":0.000,"ir_coupled":0,"ir_speed_reason":"STOPPED","ir_applicable":1,"ir_reason":1,"ir_seq":11131,"ir_pulses":6714,"ir_gap":1,"ir_sat":0,"ir_abort":527,"authority":"NAVI_EWO"}
2026-09-30T14:58:33.998	ngr/loco/9950011/diag/ir_link	{"radio_ready":1,"seen":22603,"source_mac":"38:18:2B:30:8C:2C","paired_mac":"38:18:2B:30:8C:2C","paired_for_display_only":1,"coupled":0,"invalid_wire":11539,"queue_drop":0}
2026-09-30T14:58:33.998	ngr/loco/9950011/state/throttle	90
2026-09-30T14:58:33.998	ngr/loco/9950011/state/direction	2
2026-09-30T14:58:33.998	ngr/loco/9950011/state/auto	1
2026-09-30T14:58:34.001	ngr/loco/9950011/state/estop	0
2026-09-30T14:58:34.001	ngr/loco/9950011/state/nav_ready	1
2026-09-30T14:58:34.127	ngr/loco/9950011/nav/evidence	{"event":"HALL_SUPPORT","hall_serial":5599972,"mm":4,"target":3,"dir":-1,"ir_um":64803528,"median5":1827,"reference":1898,"ir_distance_holding":0,"opening_serial":4894247,"opening_ir_um":64571880,"position_reliable":1,"spatial_phase":0,"decision_us":1120346764,"consumption_id":5611039,"ir_seq":11133}
2026-09-30T14:58:34.135	ngr/loco/9950011/nav/evidence	{"event":"HALL_SUPPORT","hall_serial":5599974,"mm":4,"target":3,"dir":-1,"ir_um":64803528,"median5":1826,"reference":1898,"ir_distance_holding":0,"opening_serial":4894247,"opening_ir_um":64571880,"position_reliable":1,"spatial_phase":0,"decision_us":1120346995,"consumption_id":5611041,"ir_seq":11133}
2026-09-30T14:58:34.143	ngr/loco/9950011/nav/evidence	{"event":"HALL_SUPPORT","hall_serial":5599983,"mm":4,"target":3,"dir":-1,"ir_um":64803528,"median5":1822,"reference":1898,"ir_distance_holding":0,"opening_serial":4894247,"opening_ir_um":64571880,"position_reliable":1,"spatial_phase":0,"decision_us":1120349772,"consumption_id":5611050,"ir_seq":11133}
2026-09-30T14:58:34.222	ngr/loco/9950011/nav/evidence	{"event":"HALL_SUPPORT","hall_serial":5600410,"mm":4,"target":3,"dir":-1,"ir_um":64803528,"median5":1828,"reference":1898,"ir_distance_holding":0,"opening_serial":4894247,"opening_ir_um":64571880,"position_reliable":1,"spatial_phase":0,"decision_us":1120433793,"consumption_id":5611478,"ir_seq":11134}
2026-09-30T14:58:34.990	ngr/loco/9950011/state/loopstat	{"build":"NAVI_EYES_WIDE_OPEN_INTEGRATED_R2","mm":4,"target":3,"dir":-1,"target_distance_mm":315,"target_polarity":-1,"position_reliable":1,"reference_ready":1,"reference":1898,"median5":1904,"hall_support":0,"spatial_phase":0,"ir_applicable":1,"ir_distance_state":"HALL_IR_READY","ir_health_fault":6,"ir_readiness":3,"ir_boot":"761B38FCC6F727BE","ir_epoch":1,"ir_epoch_active":1,"ir_seq":11141,"ir_pulses":6714,"ir_reason":1,"ir_age_ms":89,"ir_span":31,"ir_gap":1,"ir_sat":0,"ir_abort":527,"ir_inferred_added":0,"ir_inferred_removed":0,"ir_calibration":0,"hall_seen":5604285,"ir_seen":11074,"hall_q_drop":0,"ir_q_drop":0,"ir_invalid":11549,"nsr_hall_drop":1,"nsr_ir_drop":0,"nsr_navi_drop":0,"nsr_native_drop":168,"event_drop":0,"pwm0_ir_motion":0,"confirmed":60,"missed":152,"pwm":90,"auto":1,"running":1,"estop":0,"lowvolt":0,"ir_stationary_pwm_warning":1,"pub_drop":0}
2026-09-30T14:58:35.032	ngr/loco/9950011/state/trace	{"consumption_drop":334,"action_drop":0,"command_queue_drop":0,"lossless":false}
2026-09-30T14:58:35.032	ngr/loco/9950011/state/nav	{"state":"NORMAL","mm":4,"target":3,"dir":-1,"session_dir":"CCW","position_reliable":1,"ir_distance_state":"HALL_IR_READY","reference_ready":1,"boot_reference":"PROVISIONAL_OR_SPATIAL","authority":"NAVI_EWO"}
2026-09-30T14:58:35.032	ngr/loco/9950011/telem/ir	{"ir_valid":1,"ir_mmps":0.000,"ir_coupled":0,"ir_speed_reason":"STOPPED","ir_applicable":1,"ir_reason":1,"ir_seq":11141,"ir_pulses":6714,"ir_gap":1,"ir_sat":0,"ir_abort":527,"authority":"NAVI_EWO"}
2026-09-30T14:58:35.033	ngr/loco/9950011/telem/speed	{"ir_valid":1,"ir_mmps":0.000,"ir_coupled":0,"ir_speed_reason":"STOPPED","ir_applicable":1,"ir_reason":1,"ir_seq":11141,"ir_pulses":6714,"ir_gap":1,"ir_sat":0,"ir_abort":527,"authority":"NAVI_EWO"}
2026-09-30T14:58:35.033	ngr/loco/9950011/diag/ir_link	{"radio_ready":1,"seen":22623,"source_mac":"38:18:2B:30:8C:2C","paired_mac":"38:18:2B:30:8C:2C","paired_for_display_only":1,"coupled":0,"invalid_wire":11549,"queue_drop":0}
2026-09-30T14:58:35.033	ngr/loco/9950011/state/throttle	90
2026-09-30T14:58:35.033	ngr/loco/9950011/state/direction	2
2026-09-30T14:58:35.033	ngr/loco/9950011/state/auto	1
2026-09-30T14:58:35.033	ngr/loco/9950011/state/estop	0
2026-09-30T14:58:35.033	ngr/loco/9950011/state/nav_ready	1
2026-09-30T14:58:35.285	ngr/loco/9950011/nav/evidence	{"event":"HALL_SUPPORT","hall_serial":5605760,"mm":4,"target":3,"dir":-1,"ir_um":64803528,"median5":1827,"reference":1898,"ir_distance_holding":0,"opening_serial":4894247,"opening_ir_um":64571880,"position_reliable":1,"spatial_phase":0,"decision_us":1121503796,"consumption_id":5616838,"ir_seq":11144}
2026-09-30T14:58:36.127	ngr/loco/9950011/state/loopstat	{"build":"NAVI_EYES_WIDE_OPEN_INTEGRATED_R2","mm":4,"target":3,"dir":-1,"target_distance_mm":315,"target_polarity":-1,"position_reliable":1,"reference_ready":1,"reference":1898,"median5":1903,"hall_support":0,"spatial_phase":0,"ir_applicable":1,"ir_distance_state":"HALL_IR_READY","ir_health_fault":6,"ir_readiness":3,"ir_boot":"761B38FCC6F727BE","ir_epoch":1,"ir_epoch_active":1,"ir_seq":11151,"ir_pulses":6714,"ir_reason":1,"ir_age_ms":73,"ir_span":31,"ir_gap":1,"ir_sat":0,"ir_abort":527,"ir_inferred_added":0,"ir_inferred_removed":0,"ir_calibration":0,"hall_seen":5609290,"ir_seen":11084,"hall_q_drop":0,"ir_q_drop":0,"ir_invalid":11560,"nsr_hall_drop":1,"nsr_ir_drop":0,"nsr_navi_drop":0,"nsr_native_drop":168,"event_drop":0,"pwm0_ir_motion":0,"confirmed":60,"missed":152,"pwm":90,"auto":1,"running":1,"estop":0,"lowvolt":0,"ir_stationary_pwm_warning":1,"pub_drop":0}
2026-09-30T14:58:36.129	ngr/loco/9950011/state/trace	{"consumption_drop":334,"action_drop":0,"command_queue_drop":0,"lossless":false}
2026-09-30T14:58:36.130	ngr/loco/9950011/state/nav	{"state":"NORMAL","mm":4,"target":3,"dir":-1,"session_dir":"CCW","position_reliable":1,"ir_distance_state":"HALL_IR_READY","reference_ready":1,"boot_reference":"PROVISIONAL_OR_SPATIAL","authority":"NAVI_EWO"}
2026-09-30T14:58:36.130	ngr/loco/9950011/telem/ir	{"ir_valid":1,"ir_mmps":0.000,"ir_coupled":0,"ir_speed_reason":"STOPPED","ir_applicable":1,"ir_reason":1,"ir_seq":11151,"ir_pulses":6714,"ir_gap":1,"ir_sat":0,"ir_abort":527,"authority":"NAVI_EWO"}
2026-09-30T14:58:36.130	ngr/loco/9950011/telem/speed	{"ir_valid":1,"ir_mmps":0.000,"ir_coupled":0,"ir_speed_reason":"STOPPED","ir_applicable":1,"ir_reason":1,"ir_seq":11151,"ir_pulses":6714,"ir_gap":1,"ir_sat":0,"ir_abort":527,"authority":"NAVI_EWO"}
2026-09-30T14:58:36.130	ngr/loco/9950011/diag/ir_link	{"radio_ready":1,"seen":22644,"source_mac":"38:18:2B:30:8C:2C","paired_mac":"38:18:2B:30:8C:2C","paired_for_display_only":1,"coupled":0,"invalid_wire":11560,"queue_drop":0}
2026-09-30T14:58:36.131	ngr/loco/9950011/state/throttle	90
2026-09-30T14:58:36.131	ngr/loco/9950011/state/direction	2
2026-09-30T14:58:36.131	ngr/loco/9950011/state/auto	1
2026-09-30T14:58:36.131	ngr/loco/9950011/state/estop	0
2026-09-30T14:58:36.131	ngr/loco/9950011/state/nav_ready	1
2026-09-30T14:58:36.462	ngr/loco/9950011/nav/evidence	{"event":"HALL_SUPPORT","hall_serial":5611635,"mm":4,"target":3,"dir":-1,"ir_um":64803528,"median5":1828,"reference":1898,"ir_distance_holding":0,"opening_serial":4894247,"opening_ir_um":64571880,"position_reliable":1,"spatial_phase":0,"decision_us":1122679131,"consumption_id":5622725,"ir_seq":11156}
2026-09-30T14:58:36.472	ngr/loco/9950011/nav/evidence	{"event":"HALL_SUPPORT","hall_serial":5611639,"mm":4,"target":3,"dir":-1,"ir_um":64803528,"median5":1827,"reference":1898,"ir_distance_holding":0,"opening_serial":4894247,"opening_ir_um":64571880,"position_reliable":1,"spatial_phase":0,"decision_us":1122681772,"consumption_id":5622729,"ir_seq":11156}
2026-09-30T14:58:36.472	ngr/loco/9950011/nav/evidence	{"event":"HALL_SUPPORT","hall_serial":5611642,"mm":4,"target":3,"dir":-1,"ir_um":64803528,"median5":1826,"reference":1898,"ir_distance_holding":0,"opening_serial":4894247,"opening_ir_um":64571880,"position_reliable":1,"spatial_phase":0,"decision_us":1122681855,"consumption_id":5622732,"ir_seq":11156}
2026-09-30T14:58:36.592	ngr/loco/9950011/state/connectivity	{"wifi":1,"ip":"192.168.68.72","rssi":-53,"mqtt":1,"mqtt_state":0,"broker":"192.168.68.142","ir_radio":1,"ir_seen":22656,"ir_coupled":0,"navi_sync":1,"udp_failures":174}
2026-09-30T14:58:36.993	ngr/loco/9950011/state/loopstat	{"build":"NAVI_EYES_WIDE_OPEN_INTEGRATED_R2","mm":4,"target":3,"dir":-1,"target_distance_mm":315,"target_polarity":-1,"position_reliable":1,"reference_ready":1,"reference":1898,"median5":1904,"hall_support":0,"spatial_phase":0,"ir_applicable":1,"ir_distance_state":"HALL_IR_READY","ir_health_fault":6,"ir_readiness":3,"ir_boot":"761B38FCC6F727BE","ir_epoch":1,"ir_epoch_active":1,"ir_seq":11161,"ir_pulses":6714,"ir_reason":1,"ir_age_ms":74,"ir_span":47,"ir_gap":1,"ir_sat":0,"ir_abort":527,"ir_inferred_added":0,"ir_inferred_removed":0,"ir_calibration":0,"hall_seen":5614285,"ir_seen":11094,"hall_q_drop":0,"ir_q_drop":0,"ir_invalid":11570,"nsr_hall_drop":1,"nsr_ir_drop":0,"nsr_navi_drop":0,"nsr_native_drop":168,"event_drop":0,"pwm0_ir_motion":0,"confirmed":60,"missed":152,"pwm":90,"auto":1,"running":1,"estop":0,"lowvolt":0,"ir_stationary_pwm_warning":1,"pub_drop":0}
2026-09-30T14:58:36.995	ngr/loco/9950011/state/trace	{"consumption_drop":334,"action_drop":0,"command_queue_drop":0,"lossless":false}
2026-09-30T14:58:36.995	ngr/loco/9950011/state/nav	{"state":"NORMAL","mm":4,"target":3,"dir":-1,"session_dir":"CCW","position_reliable":1,"ir_distance_state":"HALL_IR_READY","reference_ready":1,"boot_reference":"PROVISIONAL_OR_SPATIAL","authority":"NAVI_EWO"}
2026-09-30T14:58:36.996	ngr/loco/9950011/telem/ir	{"ir_valid":1,"ir_mmps":0.000,"ir_coupled":0,"ir_speed_reason":"STOPPED","ir_applicable":1,"ir_reason":1,"ir_seq":11161,"ir_pulses":6714,"ir_gap":1,"ir_sat":0,"ir_abort":527,"authority":"NAVI_EWO"}
2026-09-30T14:58:36.996	ngr/loco/9950011/telem/speed	{"ir_valid":1,"ir_mmps":0.000,"ir_coupled":0,"ir_speed_reason":"STOPPED","ir_applicable":1,"ir_reason":1,"ir_seq":11161,"ir_pulses":6714,"ir_gap":1,"ir_sat":0,"ir_abort":527,"authority":"NAVI_EWO"}
2026-09-30T14:58:36.997	ngr/loco/9950011/diag/ir_link	{"radio_ready":1,"seen":22664,"source_mac":"38:18:2B:30:8C:2C","paired_mac":"38:18:2B:30:8C:2C","paired_for_display_only":1,"coupled":0,"invalid_wire":11570,"queue_drop":0}
2026-09-30T14:58:36.998	ngr/loco/9950011/state/throttle	90
2026-09-30T14:58:36.998	ngr/loco/9950011/state/direction	2
2026-09-30T14:58:37.002	ngr/loco/9950011/state/auto	1
2026-09-30T14:58:37.003	ngr/loco/9950011/state/estop	0
2026-09-30T14:58:37.003	ngr/loco/9950011/state/nav_ready	1
2026-09-30T14:58:37.702	ngr/loco/9950011/nav/evidence	{"event":"HALL_SUPPORT","hall_serial":5617844,"mm":4,"target":3,"dir":-1,"ir_um":64803528,"median5":1828,"reference":1898,"ir_distance_holding":0,"opening_serial":4894247,"opening_ir_um":64571880,"position_reliable":1,"spatial_phase":0,"decision_us":1123921931,"consumption_id":5628947,"ir_seq":11169}
2026-09-30T14:58:37.704	ngr/loco/9950011/nav/evidence	{"event":"HALL_SUPPORT","hall_serial":5617847,"mm":4,"target":3,"dir":-1,"ir_um":64803528,"median5":1826,"reference":1898,"ir_distance_holding":0,"opening_serial":4894247,"opening_ir_um":64571880,"position_reliable":1,"spatial_phase":0,"decision_us":1123922031,"consumption_id":5628950,"ir_seq":11169}
2026-09-30T14:58:37.991	ngr/loco/9950011/state/loopstat	{"build":"NAVI_EYES_WIDE_OPEN_INTEGRATED_R2","mm":4,"target":3,"dir":-1,"target_distance_mm":315,"target_polarity":-1,"position_reliable":1,"reference_ready":1,"reference":1898,"median5":1904,"hall_support":0,"spatial_phase":0,"ir_applicable":1,"ir_distance_state":"HALL_IR_READY","ir_health_fault":6,"ir_readiness":3,"ir_boot":"761B38FCC6F727BE","ir_epoch":1,"ir_epoch_active":1,"ir_seq":11171,"ir_pulses":6714,"ir_reason":1,"ir_age_ms":76,"ir_span":31,"ir_gap":1,"ir_sat":0,"ir_abort":527,"ir_inferred_added":0,"ir_inferred_removed":0,"ir_calibration":0,"hall_seen":5619289,"ir_seen":11104,"hall_q_drop":0,"ir_q_drop":0,"ir_invalid":11581,"nsr_hall_drop":1,"nsr_ir_drop":0,"nsr_navi_drop":0,"nsr_native_drop":168,"event_drop":0,"pwm0_ir_motion":0,"confirmed":60,"missed":152,"pwm":90,"auto":1,"running":1,"estop":0,"lowvolt":0,"ir_stationary_pwm_warning":1,"pub_drop":0}
2026-09-30T14:58:37.994	ngr/loco/9950011/state/trace	{"consumption_drop":334,"action_drop":0,"command_queue_drop":0,"lossless":false}
2026-09-30T14:58:37.995	ngr/loco/9950011/state/nav	{"state":"NORMAL","mm":4,"target":3,"dir":-1,"session_dir":"CCW","position_reliable":1,"ir_distance_state":"HALL_IR_READY","reference_ready":1,"boot_reference":"PROVISIONAL_OR_SPATIAL","authority":"NAVI_EWO"}
2026-09-30T14:58:37.995	ngr/loco/9950011/telem/ir	{"ir_valid":1,"ir_mmps":0.000,"ir_coupled":0,"ir_speed_reason":"STOPPED","ir_applicable":1,"ir_reason":1,"ir_seq":11171,"ir_pulses":6714,"ir_gap":1,"ir_sat":0,"ir_abort":527,"authority":"NAVI_EWO"}
2026-09-30T14:58:37.999	ngr/loco/9950011/telem/speed	{"ir_valid":1,"ir_mmps":0.000,"ir_coupled":0,"ir_speed_reason":"STOPPED","ir_applicable":1,"ir_reason":1,"ir_seq":11171,"ir_pulses":6714,"ir_gap":1,"ir_sat":0,"ir_abort":527,"authority":"NAVI_EWO"}
2026-09-30T14:58:37.999	ngr/loco/9950011/diag/ir_link	{"radio_ready":1,"seen":22685,"source_mac":"38:18:2B:30:8C:2C","paired_mac":"38:18:2B:30:8C:2C","paired_for_display_only":1,"coupled":0,"invalid_wire":11581,"queue_drop":0}
2026-09-30T14:58:37.999	ngr/loco/9950011/state/throttle	90
2026-09-30T14:58:38.000	ngr/loco/9950011/state/direction	2
2026-09-30T14:58:38.000	ngr/loco/9950011/state/auto	1
2026-09-30T14:58:38.002	ngr/loco/9950011/state/estop	0
2026-09-30T14:58:38.003	ngr/loco/9950011/state/nav_ready	1
2026-09-30T14:58:38.845	ngr/loco/9950011/state/lowvolt	0
2026-09-30T14:58:38.847	ngr/loco/9950011/telem/voltage	16.32
2026-09-30T14:58:38.847	ngr/loco/9950011/telem/current	0.34
2026-09-30T14:58:38.848	ngr/loco/9950011/telem/power	5.55
2026-09-30T14:58:38.946	ngr/loco/9950011/nav/evidence	{"event":"HALL_SUPPORT","hall_serial":5623936,"mm":4,"target":3,"dir":-1,"ir_um":64803528,"median5":1827,"reference":1898,"ir_distance_holding":0,"opening_serial":4894247,"opening_ir_um":64571880,"position_reliable":1,"spatial_phase":0,"decision_us":1125139696,"consumption_id":5635051,"ir_seq":11181}
2026-09-30T14:58:39.002	ngr/loco/9950011/state/loopstat	{"build":"NAVI_EYES_WIDE_OPEN_INTEGRATED_R2","mm":4,"target":3,"dir":-1,"target_distance_mm":315,"target_polarity":-1,"position_reliable":1,"reference_ready":1,"reference":1898,"median5":1781,"hall_support":1,"spatial_phase":0,"ir_applicable":1,"ir_distance_state":"HALL_IR_READY","ir_health_fault":6,"ir_readiness":3,"ir_boot":"761B38FCC6F727BE","ir_epoch":1,"ir_epoch_active":1,"ir_seq":11181,"ir_pulses":6714,"ir_reason":1,"ir_age_ms":76,"ir_span":15,"ir_gap":1,"ir_sat":0,"ir_abort":527,"ir_inferred_added":0,"ir_inferred_removed":0,"ir_calibration":0,"hall_seen":5624285,"ir_seen":11114,"hall_q_drop":0,"ir_q_drop":0,"ir_invalid":11591,"nsr_hall_drop":1,"nsr_ir_drop":0,"nsr_navi_drop":0,"nsr_native_drop":168,"event_drop":0,"pwm0_ir_motion":0,"confirmed":60,"missed":152,"pwm":90,"auto":1,"running":1,"estop":0,"lowvolt":0,"ir_stationary_pwm_warning":1,"pub_drop":0}
2026-09-30T14:58:39.008	ngr/loco/9950011/state/trace	{"consumption_drop":334,"action_drop":0,"command_queue_drop":0,"lossless":false}
2026-09-30T14:58:39.009	ngr/loco/9950011/state/nav	{"state":"NORMAL","mm":4,"target":3,"dir":-1,"session_dir":"CCW","position_reliable":1,"ir_distance_state":"HALL_IR_READY","reference_ready":1,"boot_reference":"PROVISIONAL_OR_SPATIAL","authority":"NAVI_EWO"}
2026-09-30T14:58:39.009	ngr/loco/9950011/telem/ir	{"ir_valid":1,"ir_mmps":0.000,"ir_coupled":0,"ir_speed_reason":"STOPPED","ir_applicable":1,"ir_reason":1,"ir_seq":11181,"ir_pulses":6714,"ir_gap":1,"ir_sat":0,"ir_abort":527,"authority":"NAVI_EWO"}
2026-09-30T14:58:39.009	ngr/loco/9950011/telem/speed	{"ir_valid":1,"ir_mmps":0.000,"ir_coupled":0,"ir_speed_reason":"STOPPED","ir_applicable":1,"ir_reason":1,"ir_seq":11181,"ir_pulses":6714,"ir_gap":1,"ir_sat":0,"ir_abort":527,"authority":"NAVI_EWO"}
2026-09-30T14:58:39.009	ngr/loco/9950011/diag/ir_link	{"radio_ready":1,"seen":22705,"source_mac":"38:18:2B:30:8C:2C","paired_mac":"38:18:2B:30:8C:2C","paired_for_display_only":1,"coupled":0,"invalid_wire":11591,"queue_drop":0}
2026-09-30T14:58:39.009	ngr/loco/9950011/state/throttle	90
2026-09-30T14:58:39.010	ngr/loco/9950011/state/direction	2
2026-09-30T14:58:39.010	ngr/loco/9950011/state/auto	1
2026-09-30T14:58:39.010	ngr/loco/9950011/state/estop	0
2026-09-30T14:58:39.013	ngr/loco/9950011/state/nav_ready	1
2026-09-30T14:58:39.023	ngr/loco/9950011/nav/evidence	{"event":"HALL_SUPPORT","hall_serial":5624394,"mm":4,"target":3,"dir":-1,"ir_um":64803528,"median5":1827,"reference":1898,"ir_distance_holding":0,"opening_serial":4894247,"opening_ir_um":64571880,"position_reliable":1,"spatial_phase":0,"decision_us":1125231891,"consumption_id":5635509,"ir_seq":11181}
2026-09-30T14:58:39.026	ngr/loco/9950011/nav/evidence	{"event":"HALL_SUPPORT","hall_serial":5624396,"mm":4,"target":3,"dir":-1,"ir_um":64803528,"median5":1827,"reference":1898,"ir_distance_holding":0,"opening_serial":4894247,"opening_ir_um":64571880,"position_reliable":1,"spatial_phase":0,"decision_us":1125231954,"consumption_id":5635511,"ir_seq":11181}
2026-09-30T14:58:39.999	ngr/loco/9950011/state/loopstat	{"build":"NAVI_EYES_WIDE_OPEN_INTEGRATED_R2","mm":4,"target":3,"dir":-1,"target_distance_mm":315,"target_polarity":-1,"position_reliable":1,"reference_ready":1,"reference":1898,"median5":1900,"hall_support":0,"spatial_phase":0,"ir_applicable":1,"ir_distance_state":"HALL_IR_READY","ir_health_fault":6,"ir_readiness":3,"ir_boot":"761B38FCC6F727BE","ir_epoch":1,"ir_epoch_active":1,"ir_seq":11191,"ir_pulses":6714,"ir_reason":1,"ir_age_ms":82,"ir_span":15,"ir_gap":1,"ir_sat":0,"ir_abort":527,"ir_inferred_added":0,"ir_inferred_removed":0,"ir_calibration":0,"hall_seen":5629290,"ir_seen":11124,"hall_q_drop":0,"ir_q_drop":0,"ir_invalid":11601,"nsr_hall_drop":1,"nsr_ir_drop":0,"nsr_navi_drop":0,"nsr_native_drop":168,"event_drop":0,"pwm0_ir_motion":0,"confirmed":60,"missed":152,"pwm":90,"auto":1,"running":1,"estop":0,"lowvolt":0,"ir_stationary_pwm_warning":1,"pub_drop":0}
2026-09-30T14:58:40.003	ngr/loco/9950011/state/trace	{"consumption_drop":334,"action_drop":0,"command_queue_drop":0,"lossless":false}
2026-09-30T14:58:40.003	ngr/loco/9950011/state/nav	{"state":"NORMAL","mm":4,"target":3,"dir":-1,"session_dir":"CCW","position_reliable":1,"ir_distance_state":"HALL_IR_READY","reference_ready":1,"boot_reference":"PROVISIONAL_OR_SPATIAL","authority":"NAVI_EWO"}
2026-09-30T14:58:40.003	ngr/loco/9950011/telem/ir	{"ir_valid":1,"ir_mmps":0.000,"ir_coupled":0,"ir_speed_reason":"STOPPED","ir_applicable":1,"ir_reason":1,"ir_seq":11191,"ir_pulses":6714,"ir_gap":1,"ir_sat":0,"ir_abort":527,"authority":"NAVI_EWO"}
2026-09-30T14:58:40.004	ngr/loco/9950011/telem/speed	{"ir_valid":1,"ir_mmps":0.000,"ir_coupled":0,"ir_speed_reason":"STOPPED","ir_applicable":1,"ir_reason":1,"ir_seq":11191,"ir_pulses":6714,"ir_gap":1,"ir_sat":0,"ir_abort":527,"authority":"NAVI_EWO"}
2026-09-30T14:58:40.004	ngr/loco/9950011/diag/ir_link	{"radio_ready":1,"seen":22725,"source_mac":"38:18:2B:30:8C:2C","paired_mac":"38:18:2B:30:8C:2C","paired_for_display_only":1,"coupled":0,"invalid_wire":11601,"queue_drop":0}
2026-09-30T14:58:40.005	ngr/loco/9950011/state/throttle	90
2026-09-30T14:58:40.005	ngr/loco/9950011/state/direction	2
2026-09-30T14:58:40.005	ngr/loco/9950011/state/auto	1
2026-09-30T14:58:40.006	ngr/loco/9950011/state/estop	0
2026-09-30T14:58:40.006	ngr/loco/9950011/state/nav_ready	1
2026-09-30T14:58:40.993	ngr/loco/9950011/state/loopstat	{"build":"NAVI_EYES_WIDE_OPEN_INTEGRATED_R2","mm":4,"target":3,"dir":-1,"target_distance_mm":315,"target_polarity":-1,"position_reliable":1,"reference_ready":1,"reference":1898,"median5":1903,"hall_support":0,"spatial_phase":0,"ir_applicable":1,"ir_distance_state":"HALL_IR_READY","ir_health_fault":6,"ir_readiness":3,"ir_boot":"761B38FCC6F727BE","ir_epoch":1,"ir_epoch_active":1,"ir_seq":11201,"ir_pulses":6714,"ir_reason":1,"ir_age_ms":81,"ir_span":31,"ir_gap":1,"ir_sat":0,"ir_abort":527,"ir_inferred_added":0,"ir_inferred_removed":0,"ir_calibration":0,"hall_seen":5634288,"ir_seen":11134,"hall_q_drop":0,"ir_q_drop":0,"ir_invalid":11612,"nsr_hall_drop":1,"nsr_ir_drop":0,"nsr_navi_drop":0,"nsr_native_drop":168,"event_drop":0,"pwm0_ir_motion":0,"confirmed":60,"missed":152,"pwm":90,"auto":1,"running":1,"estop":0,"lowvolt":0,"ir_stationary_pwm_warning":1,"pub_drop":0}
2026-09-30T14:58:41.026	ngr/loco/9950011/state/trace	{"consumption_drop":334,"action_drop":0,"command_queue_drop":0,"lossless":false}
2026-09-30T14:58:41.026	ngr/loco/9950011/state/nav	{"state":"NORMAL","mm":4,"target":3,"dir":-1,"session_dir":"CCW","position_reliable":1,"ir_distance_state":"HALL_IR_READY","reference_ready":1,"boot_reference":"PROVISIONAL_OR_SPATIAL","authority":"NAVI_EWO"}
2026-09-30T14:58:41.026	ngr/loco/9950011/telem/ir	{"ir_valid":1,"ir_mmps":0.000,"ir_coupled":0,"ir_speed_reason":"STOPPED","ir_applicable":1,"ir_reason":1,"ir_seq":11201,"ir_pulses":6714,"ir_gap":1,"ir_sat":0,"ir_abort":527,"authority":"NAVI_EWO"}
2026-09-30T14:58:41.026	ngr/loco/9950011/telem/speed	{"ir_valid":1,"ir_mmps":0.000,"ir_coupled":0,"ir_speed_reason":"STOPPED","ir_applicable":1,"ir_reason":1,"ir_seq":11201,"ir_pulses":6714,"ir_gap":1,"ir_sat":0,"ir_abort":527,"authority":"NAVI_EWO"}
2026-09-30T14:58:41.026	ngr/loco/9950011/diag/ir_link	{"radio_ready":1,"seen":22746,"source_mac":"38:18:2B:30:8C:2C","paired_mac":"38:18:2B:30:8C:2C","paired_for_display_only":1,"coupled":0,"invalid_wire":11612,"queue_drop":0}
2026-09-30T14:58:41.027	ngr/loco/9950011/state/throttle	90
2026-09-30T14:58:41.027	ngr/loco/9950011/state/direction	2
2026-09-30T14:58:41.027	ngr/loco/9950011/state/auto	1
2026-09-30T14:58:41.027	ngr/loco/9950011/state/estop	0
2026-09-30T14:58:41.027	ngr/loco/9950011/state/nav_ready	1
2026-09-30T14:58:41.598	ngr/loco/9950011/state/connectivity	{"wifi":1,"ip":"192.168.68.72","rssi":-49,"mqtt":1,"mqtt_state":0,"broker":"192.168.68.142","ir_radio":1,"ir_seen":22758,"ir_coupled":0,"navi_sync":1,"udp_failures":174}
2026-09-30T14:58:41.987	ngr/loco/9950011/state/loopstat	{"build":"NAVI_EYES_WIDE_OPEN_INTEGRATED_R2","mm":4,"target":3,"dir":-1,"target_distance_mm":315,"target_polarity":-1,"position_reliable":1,"reference_ready":1,"reference":1898,"median5":1901,"hall_support":0,"spatial_phase":0,"ir_applicable":1,"ir_distance_state":"HALL_IR_READY","ir_health_fault":6,"ir_readiness":3,"ir_boot":"761B38FCC6F727BE","ir_epoch":1,"ir_epoch_active":1,"ir_seq":11211,"ir_pulses":6714,"ir_reason":1,"ir_age_ms":81,"ir_span":31,"ir_gap":1,"ir_sat":0,"ir_abort":527,"ir_inferred_added":0,"ir_inferred_removed":0,"ir_calibration":0,"hall_seen":5639285,"ir_seen":11144,"hall_q_drop":0,"ir_q_drop":0,"ir_invalid":11622,"nsr_hall_drop":1,"nsr_ir_drop":0,"nsr_navi_drop":0,"nsr_native_drop":168,"event_drop":0,"pwm0_ir_motion":0,"confirmed":60,"missed":152,"pwm":90,"auto":1,"running":1,"estop":0,"lowvolt":0,"ir_stationary_pwm_warning":1,"pub_drop":0}
2026-09-30T14:58:41.990	ngr/loco/9950011/state/trace	{"consumption_drop":334,"action_drop":0,"command_queue_drop":0,"lossless":false}
2026-09-30T14:58:41.993	ngr/loco/9950011/state/nav	{"state":"NORMAL","mm":4,"target":3,"dir":-1,"session_dir":"CCW","position_reliable":1,"ir_distance_state":"HALL_IR_READY","reference_ready":1,"boot_reference":"PROVISIONAL_OR_SPATIAL","authority":"NAVI_EWO"}
2026-09-30T14:58:41.993	ngr/loco/9950011/telem/ir	{"ir_valid":1,"ir_mmps":0.000,"ir_coupled":0,"ir_speed_reason":"STOPPED","ir_applicable":1,"ir_reason":1,"ir_seq":11211,"ir_pulses":6714,"ir_gap":1,"ir_sat":0,"ir_abort":527,"authority":"NAVI_EWO"}
2026-09-30T14:58:42.002	ngr/loco/9950011/telem/speed	{"ir_valid":1,"ir_mmps":0.000,"ir_coupled":0,"ir_speed_reason":"STOPPED","ir_applicable":1,"ir_reason":1,"ir_seq":11211,"ir_pulses":6714,"ir_gap":1,"ir_sat":0,"ir_abort":527,"authority":"NAVI_EWO"}
2026-09-30T14:58:42.003	ngr/loco/9950011/diag/ir_link	{"radio_ready":1,"seen":22766,"source_mac":"38:18:2B:30:8C:2C","paired_mac":"38:18:2B:30:8C:2C","paired_for_display_only":1,"coupled":0,"invalid_wire":11622,"queue_drop":0}
2026-09-30T14:58:42.003	ngr/loco/9950011/state/throttle	90
2026-09-30T14:58:42.004	ngr/loco/9950011/state/direction	2
2026-09-30T14:58:42.005	ngr/loco/9950011/state/auto	1
2026-09-30T14:58:42.005	ngr/loco/9950011/state/estop	0
2026-09-30T14:58:42.005	ngr/loco/9950011/state/nav_ready	1
2026-09-30T14:58:42.746	ngr/loco/9950011/nav/evidence	{"event":"HALL_SUPPORT","hall_serial":5643028,"mm":4,"target":3,"dir":-1,"ir_um":64803528,"median5":1825,"reference":1898,"ir_distance_holding":0,"opening_serial":4894247,"opening_ir_um":64571880,"position_reliable":1,"spatial_phase":0,"decision_us":1128958626,"consumption_id":5654181,"ir_seq":11219}
2026-09-30T14:58:43.001	ngr/loco/9950011/state/loopstat	{"build":"NAVI_EYES_WIDE_OPEN_INTEGRATED_R2","mm":4,"target":3,"dir":-1,"target_distance_mm":315,"target_polarity":-1,"position_reliable":1,"reference_ready":1,"reference":1898,"median5":1909,"hall_support":0,"spatial_phase":0,"ir_applicable":1,"ir_distance_state":"HALL_IR_READY","ir_health_fault":6,"ir_readiness":3,"ir_boot":"761B38FCC6F727BE","ir_epoch":1,"ir_epoch_active":1,"ir_seq":11221,"ir_pulses":6714,"ir_reason":1,"ir_age_ms":86,"ir_span":31,"ir_gap":1,"ir_sat":0,"ir_abort":527,"ir_inferred_added":0,"ir_inferred_removed":0,"ir_calibration":0,"hall_seen":5644290,"ir_seen":11154,"hall_q_drop":0,"ir_q_drop":0,"ir_invalid":11633,"nsr_hall_drop":1,"nsr_ir_drop":0,"nsr_navi_drop":0,"nsr_native_drop":168,"event_drop":0,"pwm0_ir_motion":0,"confirmed":60,"missed":152,"pwm":90,"auto":1,"running":1,"estop":0,"lowvolt":0,"ir_stationary_pwm_warning":1,"pub_drop":0}
2026-09-30T14:58:43.003	ngr/loco/9950011/state/trace	{"consumption_drop":334,"action_drop":0,"command_queue_drop":0,"lossless":false}
2026-09-30T14:58:43.003	ngr/loco/9950011/state/nav	{"state":"NORMAL","mm":4,"target":3,"dir":-1,"session_dir":"CCW","position_reliable":1,"ir_distance_state":"HALL_IR_READY","reference_ready":1,"boot_reference":"PROVISIONAL_OR_SPATIAL","authority":"NAVI_EWO"}
2026-09-30T14:58:43.003	ngr/loco/9950011/telem/ir	{"ir_valid":1,"ir_mmps":0.000,"ir_coupled":0,"ir_speed_reason":"STOPPED","ir_applicable":1,"ir_reason":1,"ir_seq":11221,"ir_pulses":6714,"ir_gap":1,"ir_sat":0,"ir_abort":527,"authority":"NAVI_EWO"}
2026-09-30T14:58:43.003	ngr/loco/9950011/telem/speed	{"ir_valid":1,"ir_mmps":0.000,"ir_coupled":0,"ir_speed_reason":"STOPPED","ir_applicable":1,"ir_reason":1,"ir_seq":11221,"ir_pulses":6714,"ir_gap":1,"ir_sat":0,"ir_abort":527,"authority":"NAVI_EWO"}
2026-09-30T14:58:43.004	ngr/loco/9950011/diag/ir_link	{"radio_ready":1,"seen":22787,"source_mac":"38:18:2B:30:8C:2C","paired_mac":"38:18:2B:30:8C:2C","paired_for_display_only":1,"coupled":0,"invalid_wire":11633,"queue_drop":0}
2026-09-30T14:58:43.004	ngr/loco/9950011/state/throttle	90
2026-09-30T14:58:43.006	ngr/loco/9950011/state/direction	2
2026-09-30T14:58:43.006	ngr/loco/9950011/state/auto	1
2026-09-30T14:58:43.007	ngr/loco/9950011/state/estop	0
2026-09-30T14:58:43.011	ngr/loco/9950011/state/nav_ready	1
2026-09-30T14:58:43.842	ngr/loco/9950011/state/lowvolt	0
2026-09-30T14:58:43.898	ngr/loco/9950011/telem/voltage	16.34
2026-09-30T14:58:43.898	ngr/loco/9950011/telem/current	0.30
2026-09-30T14:58:43.899	ngr/loco/9950011/telem/power	4.91
2026-09-30T14:58:43.970	ngr/loco/9950011/nav/evidence	{"event":"HALL_SUPPORT","hall_serial":5649147,"mm":4,"target":3,"dir":-1,"ir_um":64803528,"median5":1828,"reference":1898,"ir_distance_holding":0,"opening_serial":4894247,"opening_ir_um":64571880,"position_reliable":1,"spatial_phase":0,"decision_us":1130181719,"consumption_id":5660312,"ir_seq":11231}
2026-09-30T14:58:43.972	ngr/loco/9950011/nav/evidence	{"event":"HALL_SUPPORT","hall_serial":5649163,"mm":4,"target":3,"dir":-1,"ir_um":64803528,"median5":1827,"reference":1898,"ir_distance_holding":0,"opening_serial":4894247,"opening_ir_um":64571880,"position_reliable":1,"spatial_phase":0,"decision_us":1130184745,"consumption_id":5660328,"ir_seq":11231}
2026-09-30T14:58:43.999	ngr/loco/9950011/state/loopstat	{"build":"NAVI_EYES_WIDE_OPEN_INTEGRATED_R2","mm":4,"target":3,"dir":-1,"target_distance_mm":315,"target_polarity":-1,"position_reliable":1,"reference_ready":1,"reference":1898,"median5":1782,"hall_support":1,"spatial_phase":0,"ir_applicable":1,"ir_distance_state":"HALL_IR_READY","ir_health_fault":6,"ir_readiness":3,"ir_boot":"761B38FCC6F727BE","ir_epoch":1,"ir_epoch_active":1,"ir_seq":11231,"ir_pulses":6714,"ir_reason":1,"ir_age_ms":86,"ir_span":31,"ir_gap":1,"ir_sat":0,"ir_abort":527,"ir_inferred_added":0,"ir_inferred_removed":0,"ir_calibration":0,"hall_seen":5649290,"ir_seen":11164,"hall_q_drop":0,"ir_q_drop":0,"ir_invalid":11643,"nsr_hall_drop":1,"nsr_ir_drop":0,"nsr_navi_drop":0,"nsr_native_drop":168,"event_drop":0,"pwm0_ir_motion":0,"confirmed":60,"missed":152,"pwm":90,"auto":1,"running":1,"estop":0,"lowvolt":0,"ir_stationary_pwm_warning":1,"pub_drop":0}
2026-09-30T14:58:44.001	ngr/loco/9950011/state/trace	{"consumption_drop":334,"action_drop":0,"command_queue_drop":0,"lossless":false}
2026-09-30T14:58:44.002	ngr/loco/9950011/state/nav	{"state":"NORMAL","mm":4,"target":3,"dir":-1,"session_dir":"CCW","position_reliable":1,"ir_distance_state":"HALL_IR_READY","reference_ready":1,"boot_reference":"PROVISIONAL_OR_SPATIAL","authority":"NAVI_EWO"}
2026-09-30T14:58:44.002	ngr/loco/9950011/telem/ir	{"ir_valid":1,"ir_mmps":0.000,"ir_coupled":0,"ir_speed_reason":"STOPPED","ir_applicable":1,"ir_reason":1,"ir_seq":11231,"ir_pulses":6714,"ir_gap":1,"ir_sat":0,"ir_abort":527,"authority":"NAVI_EWO"}
2026-09-30T14:58:44.003	ngr/loco/9950011/telem/speed	{"ir_valid":1,"ir_mmps":0.000,"ir_coupled":0,"ir_speed_reason":"STOPPED","ir_applicable":1,"ir_reason":1,"ir_seq":11231,"ir_pulses":6714,"ir_gap":1,"ir_sat":0,"ir_abort":527,"authority":"NAVI_EWO"}
2026-09-30T14:58:44.003	ngr/loco/9950011/diag/ir_link	{"radio_ready":1,"seen":22807,"source_mac":"38:18:2B:30:8C:2C","paired_mac":"38:18:2B:30:8C:2C","paired_for_display_only":1,"coupled":0,"invalid_wire":11643,"queue_drop":0}
2026-09-30T14:58:44.004	ngr/loco/9950011/state/throttle	90
2026-09-30T14:58:44.005	ngr/loco/9950011/state/direction	2
2026-09-30T14:58:44.006	ngr/loco/9950011/state/auto	1
2026-09-30T14:58:44.006	ngr/loco/9950011/state/estop	0
2026-09-30T14:58:44.007	ngr/loco/9950011/state/nav_ready	1
2026-09-30T14:58:44.993	ngr/loco/9950011/state/loopstat	{"build":"NAVI_EYES_WIDE_OPEN_INTEGRATED_R2","mm":4,"target":3,"dir":-1,"target_distance_mm":315,"target_polarity":-1,"position_reliable":1,"reference_ready":1,"reference":1898,"median5":1900,"hall_support":0,"spatial_phase":0,"ir_applicable":1,"ir_distance_state":"HALL_IR_READY","ir_health_fault":6,"ir_readiness":3,"ir_boot":"761B38FCC6F727BE","ir_epoch":1,"ir_epoch_active":1,"ir_seq":11241,"ir_pulses":6714,"ir_reason":1,"ir_age_ms":69,"ir_span":15,"ir_gap":1,"ir_sat":0,"ir_abort":527,"ir_inferred_added":0,"ir_inferred_removed":0,"ir_calibration":0,"hall_seen":5654295,"ir_seen":11174,"hall_q_drop":0,"ir_q_drop":0,"ir_invalid":11653,"nsr_hall_drop":1,"nsr_ir_drop":0,"nsr_navi_drop":0,"nsr_native_drop":168,"event_drop":0,"pwm0_ir_motion":0,"confirmed":60,"missed":152,"pwm":90,"auto":1,"running":1,"estop":0,"lowvolt":0,"ir_stationary_pwm_warning":1,"pub_drop":0}
2026-09-30T14:58:44.998	ngr/loco/9950011/state/trace	{"consumption_drop":334,"action_drop":0,"command_queue_drop":0,"lossless":false}
2026-09-30T14:58:45.001	ngr/loco/9950011/state/nav	{"state":"NORMAL","mm":4,"target":3,"dir":-1,"session_dir":"CCW","position_reliable":1,"ir_distance_state":"HALL_IR_READY","reference_ready":1,"boot_reference":"PROVISIONAL_OR_SPATIAL","authority":"NAVI_EWO"}
2026-09-30T14:58:45.001	ngr/loco/9950011/telem/ir	{"ir_valid":1,"ir_mmps":0.000,"ir_coupled":0,"ir_speed_reason":"STOPPED","ir_applicable":1,"ir_reason":1,"ir_seq":11241,"ir_pulses":6714,"ir_gap":1,"ir_sat":0,"ir_abort":527,"authority":"NAVI_EWO"}
2026-09-30T14:58:45.001	ngr/loco/9950011/telem/speed	{"ir_valid":1,"ir_mmps":0.000,"ir_coupled":0,"ir_speed_reason":"STOPPED","ir_applicable":1,"ir_reason":1,"ir_seq":11241,"ir_pulses":6714,"ir_gap":1,"ir_sat":0,"ir_abort":527,"authority":"NAVI_EWO"}
2026-09-30T14:58:45.002	ngr/loco/9950011/diag/ir_link	{"radio_ready":1,"seen":22827,"source_mac":"38:18:2B:30:8C:2C","paired_mac":"38:18:2B:30:8C:2C","paired_for_display_only":1,"coupled":0,"invalid_wire":11653,"queue_drop":0}
2026-09-30T14:58:45.002	ngr/loco/9950011/state/throttle	90
2026-09-30T14:58:45.002	ngr/loco/9950011/state/direction	2
2026-09-30T14:58:45.002	ngr/loco/9950011/state/auto	1
2026-09-30T14:58:45.003	ngr/loco/9950011/state/estop	0
2026-09-30T14:58:45.003	ngr/loco/9950011/state/nav_ready	1
2026-09-30T14:58:45.991	ngr/loco/9950011/state/loopstat	{"build":"NAVI_EYES_WIDE_OPEN_INTEGRATED_R2","mm":4,"target":3,"dir":-1,"target_distance_mm":315,"target_polarity":-1,"position_reliable":1,"reference_ready":1,"reference":1898,"median5":1898,"hall_support":0,"spatial_phase":0,"ir_applicable":1,"ir_distance_state":"HALL_IR_READY","ir_health_fault":6,"ir_readiness":3,"ir_boot":"761B38FCC6F727BE","ir_epoch":1,"ir_epoch_active":1,"ir_seq":11251,"ir_pulses":6714,"ir_reason":1,"ir_age_ms":69,"ir_span":31,"ir_gap":1,"ir_sat":0,"ir_abort":527,"ir_inferred_added":0,"ir_inferred_removed":0,"ir_calibration":0,"hall_seen":5659290,"ir_seen":11184,"hall_q_drop":0,"ir_q_drop":0,"ir_invalid":11664,"nsr_hall_drop":1,"nsr_ir_drop":0,"nsr_navi_drop":0,"nsr_native_drop":168,"event_drop":0,"pwm0_ir_motion":0,"confirmed":60,"missed":152,"pwm":90,"auto":1,"running":1,"estop":0,"lowvolt":0,"ir_stationary_pwm_warning":1,"pub_drop":0}
2026-09-30T14:58:45.996	ngr/loco/9950011/state/trace	{"consumption_drop":334,"action_drop":0,"command_queue_drop":0,"lossless":false}
2026-09-30T14:58:45.997	ngr/loco/9950011/state/nav	{"state":"NORMAL","mm":4,"target":3,"dir":-1,"session_dir":"CCW","position_reliable":1,"ir_distance_state":"HALL_IR_READY","reference_ready":1,"boot_reference":"PROVISIONAL_OR_SPATIAL","authority":"NAVI_EWO"}
2026-09-30T14:58:45.997	ngr/loco/9950011/telem/ir	{"ir_valid":1,"ir_mmps":0.000,"ir_coupled":0,"ir_speed_reason":"STOPPED","ir_applicable":1,"ir_reason":1,"ir_seq":11251,"ir_pulses":6714,"ir_gap":1,"ir_sat":0,"ir_abort":527,"authority":"NAVI_EWO"}
2026-09-30T14:58:45.997	ngr/loco/9950011/telem/speed	{"ir_valid":1,"ir_mmps":0.000,"ir_coupled":0,"ir_speed_reason":"STOPPED","ir_applicable":1,"ir_reason":1,"ir_seq":11251,"ir_pulses":6714,"ir_gap":1,"ir_sat":0,"ir_abort":527,"authority":"NAVI_EWO"}
2026-09-30T14:58:45.997	ngr/loco/9950011/diag/ir_link	{"radio_ready":1,"seen":22848,"source_mac":"38:18:2B:30:8C:2C","paired_mac":"38:18:2B:30:8C:2C","paired_for_display_only":1,"coupled":0,"invalid_wire":11664,"queue_drop":0}
2026-09-30T14:58:45.997	ngr/loco/9950011/state/throttle	90
2026-09-30T14:58:45.997	ngr/loco/9950011/state/direction	2
2026-09-30T14:58:45.998	ngr/loco/9950011/state/auto	1
2026-09-30T14:58:45.998	ngr/loco/9950011/state/estop	0
2026-09-30T14:58:45.999	ngr/loco/9950011/state/nav_ready	1
2026-09-30T14:58:46.607	ngr/loco/9950011/state/connectivity	{"wifi":1,"ip":"192.168.68.72","rssi":-49,"mqtt":1,"mqtt_state":0,"broker":"192.168.68.142","ir_radio":1,"ir_seen":22860,"ir_coupled":0,"navi_sync":1,"udp_failures":174}
2026-09-30T14:58:46.996	ngr/loco/9950011/state/loopstat	{"build":"NAVI_EYES_WIDE_OPEN_INTEGRATED_R2","mm":4,"target":3,"dir":-1,"target_distance_mm":315,"target_polarity":-1,"position_reliable":1,"reference_ready":1,"reference":1898,"median5":1901,"hall_support":0,"spatial_phase":0,"ir_applicable":1,"ir_distance_state":"HALL_IR_READY","ir_health_fault":6,"ir_readiness":3,"ir_boot":"761B38FCC6F727BE","ir_epoch":1,"ir_epoch_active":1,"ir_seq":11261,"ir_pulses":6714,"ir_reason":1,"ir_age_ms":85,"ir_span":31,"ir_gap":1,"ir_sat":0,"ir_abort":527,"ir_inferred_added":0,"ir_inferred_removed":0,"ir_calibration":0,"hall_seen":5664295,"ir_seen":11194,"hall_q_drop":0,"ir_q_drop":0,"ir_invalid":11674,"nsr_hall_drop":1,"nsr_ir_drop":0,"nsr_navi_drop":0,"nsr_native_drop":168,"event_drop":0,"pwm0_ir_motion":0,"confirmed":60,"missed":152,"pwm":90,"auto":1,"running":1,"estop":0,"lowvolt":0,"ir_stationary_pwm_warning":1,"pub_drop":0}
2026-09-30T14:58:47.000	ngr/loco/9950011/state/trace	{"consumption_drop":334,"action_drop":0,"command_queue_drop":0,"lossless":false}
2026-09-30T14:58:47.000	ngr/loco/9950011/state/nav	{"state":"NORMAL","mm":4,"target":3,"dir":-1,"session_dir":"CCW","position_reliable":1,"ir_distance_state":"HALL_IR_READY","reference_ready":1,"boot_reference":"PROVISIONAL_OR_SPATIAL","authority":"NAVI_EWO"}
2026-09-30T14:58:47.001	ngr/loco/9950011/telem/ir	{"ir_valid":1,"ir_mmps":0.000,"ir_coupled":0,"ir_speed_reason":"STOPPED","ir_applicable":1,"ir_reason":1,"ir_seq":11261,"ir_pulses":6714,"ir_gap":1,"ir_sat":0,"ir_abort":527,"authority":"NAVI_EWO"}
2026-09-30T14:58:47.001	ngr/loco/9950011/telem/speed	{"ir_valid":1,"ir_mmps":0.000,"ir_coupled":0,"ir_speed_reason":"STOPPED","ir_applicable":1,"ir_reason":1,"ir_seq":11261,"ir_pulses":6714,"ir_gap":1,"ir_sat":0,"ir_abort":527,"authority":"NAVI_EWO"}
2026-09-30T14:58:47.001	ngr/loco/9950011/diag/ir_link	{"radio_ready":1,"seen":22868,"source_mac":"38:18:2B:30:8C:2C","paired_mac":"38:18:2B:30:8C:2C","paired_for_display_only":1,"coupled":0,"invalid_wire":11674,"queue_drop":0}
2026-09-30T14:58:47.001	ngr/loco/9950011/state/throttle	90
2026-09-30T14:58:47.001	ngr/loco/9950011/state/direction	2
2026-09-30T14:58:47.004	ngr/loco/9950011/state/auto	1
2026-09-30T14:58:47.004	ngr/loco/9950011/state/estop	0
2026-09-30T14:58:47.004	ngr/loco/9950011/state/nav_ready	1
2026-09-30T14:58:47.788	ngr/loco/9950011/nav/evidence	{"event":"HALL_SUPPORT","hall_serial":5668230,"mm":4,"target":3,"dir":-1,"ir_um":64803528,"median5":1827,"reference":1898,"ir_distance_holding":0,"opening_serial":4894247,"opening_ir_um":64571880,"position_reliable":1,"spatial_phase":0,"decision_us":1133998794,"consumption_id":5679433,"ir_seq":11269}
2026-09-30T14:58:47.790	ngr/loco/9950011/nav/evidence	{"event":"HALL_SUPPORT","hall_serial":5668241,"mm":4,"target":3,"dir":-1,"ir_um":64803528,"median5":1828,"reference":1898,"ir_distance_holding":0,"opening_serial":4894247,"opening_ir_um":64571880,"position_reliable":1,"spatial_phase":0,"decision_us":1134000696,"consumption_id":5679444,"ir_seq":11269}
2026-09-30T14:58:47.790	ngr/loco/9950011/nav/evidence	{"event":"HALL_SUPPORT","hall_serial":5668247,"mm":4,"target":3,"dir":-1,"ir_um":64803528,"median5":1826,"reference":1898,"ir_distance_holding":0,"opening_serial":4894247,"opening_ir_um":64571880,"position_reliable":1,"spatial_phase":0,"decision_us":1134001735,"consumption_id":5679450,"ir_seq":11269}
2026-09-30T14:58:47.794	ngr/loco/9950011/nav/evidence	{"event":"HALL_SUPPORT","hall_serial":5668250,"mm":4,"target":3,"dir":-1,"ir_um":64803528,"median5":1826,"reference":1898,"ir_distance_holding":0,"opening_serial":4894247,"opening_ir_um":64571880,"position_reliable":1,"spatial_phase":0,"decision_us":1134001809,"consumption_id":5679453,"ir_seq":11269}
2026-09-30T14:58:47.794	ngr/loco/9950011/nav/evidence	{"event":"HALL_SUPPORT","hall_serial":5668256,"mm":4,"target":3,"dir":-1,"ir_um":64803528,"median5":1826,"reference":1898,"ir_distance_holding":0,"opening_serial":4894247,"opening_ir_um":64571880,"position_reliable":1,"spatial_phase":0,"decision_us":1134003699,"consumption_id":5679459,"ir_seq":11269}
2026-09-30T14:58:47.794	ngr/loco/9950011/nav/evidence	{"event":"HALL_SUPPORT","hall_serial":5668258,"mm":4,"target":3,"dir":-1,"ir_um":64803528,"median5":1826,"reference":1898,"ir_distance_holding":0,"opening_serial":4894247,"opening_ir_um":64571880,"position_reliable":1,"spatial_phase":0,"decision_us":1134003753,"consumption_id":5679461,"ir_seq":11269}
2026-09-30T14:58:47.897	ngr/loco/9950011/nav/evidence	{"event":"HALL_SUPPORT","hall_serial":5668824,"mm":4,"target":3,"dir":-1,"ir_um":64803528,"median5":1828,"reference":1898,"ir_distance_holding":0,"opening_serial":4894247,"opening_ir_um":64571880,"position_reliable":1,"spatial_phase":0,"decision_us":1134117809,"consumption_id":5680028,"ir_seq":11270}
2026-09-30T14:58:47.901	ngr/loco/9950011/nav/evidence	{"event":"HALL_SUPPORT","hall_serial":5668828,"mm":4,"target":3,"dir":-1,"ir_um":64803528,"median5":1828,"reference":1898,"ir_distance_holding":0,"opening_serial":4894247,"opening_ir_um":64571880,"position_reliable":1,"spatial_phase":0,"decision_us":1134117913,"consumption_id":5680032,"ir_seq":11270}
2026-09-30T14:58:48.000	ngr/loco/9950011/state/loopstat	{"build":"NAVI_EYES_WIDE_OPEN_INTEGRATED_R2","mm":4,"target":3,"dir":-1,"target_distance_mm":315,"target_polarity":-1,"position_reliable":1,"reference_ready":1,"reference":1898,"median5":1907,"hall_support":0,"spatial_phase":0,"ir_applicable":1,"ir_distance_state":"HALL_IR_READY","ir_health_fault":6,"ir_readiness":3,"ir_boot":"761B38FCC6F727BE","ir_epoch":1,"ir_epoch_active":1,"ir_seq":11271,"ir_pulses":6714,"ir_reason":1,"ir_age_ms":76,"ir_span":31,"ir_gap":1,"ir_sat":0,"ir_abort":527,"ir_inferred_added":0,"ir_inferred_removed":0,"ir_calibration":0,"hall_seen":5669300,"ir_seen":11204,"hall_q_drop":0,"ir_q_drop":0,"ir_invalid":11685,"nsr_hall_drop":1,"nsr_ir_drop":0,"nsr_navi_drop":0,"nsr_native_drop":168,"event_drop":0,"pwm0_ir_motion":0,"confirmed":60,"missed":152,"pwm":90,"auto":1,"running":1,"estop":0,"lowvolt":0,"ir_stationary_pwm_warning":1,"pub_drop":0}
2026-09-30T14:58:48.010	ngr/loco/9950011/state/trace	{"consumption_drop":334,"action_drop":0,"command_queue_drop":0,"lossless":false}
2026-09-30T14:58:48.010	ngr/loco/9950011/state/nav	{"state":"NORMAL","mm":4,"target":3,"dir":-1,"session_dir":"CCW","position_reliable":1,"ir_distance_state":"HALL_IR_READY","reference_ready":1,"boot_reference":"PROVISIONAL_OR_SPATIAL","authority":"NAVI_EWO"}
2026-09-30T14:58:48.013	ngr/loco/9950011/telem/ir	{"ir_valid":1,"ir_mmps":0.000,"ir_coupled":0,"ir_speed_reason":"STOPPED","ir_applicable":1,"ir_reason":1,"ir_seq":11271,"ir_pulses":6714,"ir_gap":1,"ir_sat":0,"ir_abort":527,"authority":"NAVI_EWO"}
2026-09-30T14:58:48.013	ngr/loco/9950011/telem/speed	{"ir_valid":1,"ir_mmps":0.000,"ir_coupled":0,"ir_speed_reason":"STOPPED","ir_applicable":1,"ir_reason":1,"ir_seq":11271,"ir_pulses":6714,"ir_gap":1,"ir_sat":0,"ir_abort":527,"authority":"NAVI_EWO"}
2026-09-30T14:58:48.014	ngr/loco/9950011/diag/ir_link	{"radio_ready":1,"seen":22889,"source_mac":"38:18:2B:30:8C:2C","paired_mac":"38:18:2B:30:8C:2C","paired_for_display_only":1,"coupled":0,"invalid_wire":11685,"queue_drop":0}
2026-09-30T14:58:48.014	ngr/loco/9950011/state/throttle	90
2026-09-30T14:58:48.014	ngr/loco/9950011/state/direction	2
2026-09-30T14:58:48.014	ngr/loco/9950011/state/auto	1
2026-09-30T14:58:48.014	ngr/loco/9950011/state/estop	0
2026-09-30T14:58:48.014	ngr/loco/9950011/state/nav_ready	1
2026-09-30T14:58:48.848	ngr/loco/9950011/state/lowvolt	0
2026-09-30T14:58:48.850	ngr/loco/9950011/telem/voltage	16.31
2026-09-30T14:58:48.858	ngr/loco/9950011/telem/current	0.32
2026-09-30T14:58:48.858	ngr/loco/9950011/telem/power	5.23
2026-09-30T14:58:48.991	ngr/loco/9950011/state/loopstat	{"build":"NAVI_EYES_WIDE_OPEN_INTEGRATED_R2","mm":4,"target":3,"dir":-1,"target_distance_mm":315,"target_polarity":-1,"position_reliable":1,"reference_ready":1,"reference":1898,"median5":1894,"hall_support":0,"spatial_phase":0,"ir_applicable":1,"ir_distance_state":"HALL_IR_READY","ir_health_fault":6,"ir_readiness":3,"ir_boot":"761B38FCC6F727BE","ir_epoch":1,"ir_epoch_active":1,"ir_seq":11281,"ir_pulses":6714,"ir_reason":1,"ir_age_ms":74,"ir_span":63,"ir_gap":1,"ir_sat":0,"ir_abort":527,"ir_inferred_added":0,"ir_inferred_removed":0,"ir_calibration":0,"hall_seen":5674305,"ir_seen":11214,"hall_q_drop":0,"ir_q_drop":0,"ir_invalid":11695,"nsr_hall_drop":1,"nsr_ir_drop":0,"nsr_navi_drop":0,"nsr_native_drop":168,"event_drop":0,"pwm0_ir_motion":0,"confirmed":60,"missed":152,"pwm":90,"auto":1,"running":1,"estop":0,"lowvolt":0,"ir_stationary_pwm_warning":1,"pub_drop":0}
2026-09-30T14:58:49.024	ngr/loco/9950011/state/trace	{"consumption_drop":334,"action_drop":0,"command_queue_drop":0,"lossless":false}
2026-09-30T14:58:49.024	ngr/loco/9950011/state/nav	{"state":"NORMAL","mm":4,"target":3,"dir":-1,"session_dir":"CCW","position_reliable":1,"ir_distance_state":"HALL_IR_READY","reference_ready":1,"boot_reference":"PROVISIONAL_OR_SPATIAL","authority":"NAVI_EWO"}
2026-09-30T14:58:49.024	ngr/loco/9950011/telem/ir	{"ir_valid":1,"ir_mmps":0.000,"ir_coupled":0,"ir_speed_reason":"STOPPED","ir_applicable":1,"ir_reason":1,"ir_seq":11281,"ir_pulses":6714,"ir_gap":1,"ir_sat":0,"ir_abort":527,"authority":"NAVI_EWO"}
2026-09-30T14:58:49.024	ngr/loco/9950011/telem/speed	{"ir_valid":1,"ir_mmps":0.000,"ir_coupled":0,"ir_speed_reason":"STOPPED","ir_applicable":1,"ir_reason":1,"ir_seq":11281,"ir_pulses":6714,"ir_gap":1,"ir_sat":0,"ir_abort":527,"authority":"NAVI_EWO"}
2026-09-30T14:58:49.025	ngr/loco/9950011/diag/ir_link	{"radio_ready":1,"seen":22909,"source_mac":"38:18:2B:30:8C:2C","paired_mac":"38:18:2B:30:8C:2C","paired_for_display_only":1,"coupled":0,"invalid_wire":11695,"queue_drop":0}
2026-09-30T14:58:49.025	ngr/loco/9950011/state/throttle	90
2026-09-30T14:58:49.025	ngr/loco/9950011/state/direction	2
2026-09-30T14:58:49.025	ngr/loco/9950011/state/auto	1
2026-09-30T14:58:49.025	ngr/loco/9950011/state/estop	0
2026-09-30T14:58:49.025	ngr/loco/9950011/state/nav_ready	1
2026-09-30T14:58:50.000	ngr/loco/9950011/state/loopstat	{"build":"NAVI_EYES_WIDE_OPEN_INTEGRATED_R2","mm":4,"target":3,"dir":-1,"target_distance_mm":315,"target_polarity":-1,"position_reliable":1,"reference_ready":1,"reference":1898,"median5":1899,"hall_support":0,"spatial_phase":0,"ir_applicable":1,"ir_distance_state":"HALL_IR_READY","ir_health_fault":0,"ir_readiness":2,"ir_boot":"761B38FCC6F727BE","ir_epoch":1,"ir_epoch_active":1,"ir_seq":11291,"ir_pulses":6714,"ir_reason":5,"ir_age_ms":75,"ir_span":815,"ir_gap":1,"ir_sat":0,"ir_abort":527,"ir_inferred_added":0,"ir_inferred_removed":0,"ir_calibration":0,"hall_seen":5679304,"ir_seen":11224,"hall_q_drop":0,"ir_q_drop":0,"ir_invalid":11706,"nsr_hall_drop":1,"nsr_ir_drop":0,"nsr_navi_drop":0,"nsr_native_drop":168,"event_drop":0,"pwm0_ir_motion":0,"confirmed":60,"missed":152,"pwm":90,"auto":1,"running":1,"estop":0,"lowvolt":0,"ir_stationary_pwm_warning":1,"pub_drop":0}
2026-09-30T14:58:50.004	ngr/loco/9950011/state/trace	{"consumption_drop":334,"action_drop":0,"command_queue_drop":0,"lossless":false}
2026-09-30T14:58:50.004	ngr/loco/9950011/state/nav	{"state":"NORMAL","mm":4,"target":3,"dir":-1,"session_dir":"CCW","position_reliable":1,"ir_distance_state":"HALL_IR_READY","reference_ready":1,"boot_reference":"PROVISIONAL_OR_SPATIAL","authority":"NAVI_EWO"}
2026-09-30T14:58:50.006	ngr/loco/9950011/telem/ir	{"ir_valid":1,"ir_mmps":0.000,"ir_coupled":0,"ir_speed_reason":"STOPPED","ir_applicable":1,"ir_reason":5,"ir_seq":11291,"ir_pulses":6714,"ir_gap":1,"ir_sat":0,"ir_abort":527,"authority":"NAVI_EWO"}
2026-09-30T14:58:50.006	ngr/loco/9950011/telem/speed	{"ir_valid":1,"ir_mmps":0.000,"ir_coupled":0,"ir_speed_reason":"STOPPED","ir_applicable":1,"ir_reason":5,"ir_seq":11291,"ir_pulses":6714,"ir_gap":1,"ir_sat":0,"ir_abort":527,"authority":"NAVI_EWO"}
2026-09-30T14:58:50.007	ngr/loco/9950011/diag/ir_link	{"radio_ready":1,"seen":22930,"source_mac":"38:18:2B:30:8C:2C","paired_mac":"38:18:2B:30:8C:2C","paired_for_display_only":1,"coupled":0,"invalid_wire":11706,"queue_drop":0}
2026-09-30T14:58:50.007	ngr/loco/9950011/state/throttle	90
2026-09-30T14:58:50.007	ngr/loco/9950011/state/direction	2
2026-09-30T14:58:50.008	ngr/loco/9950011/state/auto	1
2026-09-30T14:58:50.008	ngr/loco/9950011/state/estop	0
2026-09-30T14:58:50.009	ngr/loco/9950011/state/nav_ready	1
2026-09-30T14:58:50.593	ngr/loco/9950011/nav/evidence	{"event":"HALL_SUPPORT","hall_serial":5682255,"mm":4,"target":3,"dir":-1,"ir_um":64803528,"median5":1826,"reference":1898,"ir_distance_holding":0,"opening_serial":4894247,"opening_ir_um":64571880,"position_reliable":1,"spatial_phase":0,"decision_us":1136803769,"consumption_id":5693486,"ir_seq":11297}
2026-09-30T14:58:50.999	ngr/loco/9950011/state/loopstat	{"build":"NAVI_EYES_WIDE_OPEN_INTEGRATED_R2","mm":4,"target":3,"dir":-1,"target_distance_mm":315,"target_polarity":-1,"position_reliable":1,"reference_ready":1,"reference":1898,"median5":1904,"hall_support":0,"spatial_phase":0,"ir_applicable":1,"ir_distance_state":"HALL_IR_READY","ir_health_fault":6,"ir_readiness":3,"ir_boot":"761B38FCC6F727BE","ir_epoch":1,"ir_epoch_active":1,"ir_seq":11301,"ir_pulses":6714,"ir_reason":1,"ir_age_ms":77,"ir_span":15,"ir_gap":1,"ir_sat":0,"ir_abort":528,"ir_inferred_added":0,"ir_inferred_removed":0,"ir_calibration":0,"hall_seen":5684305,"ir_seen":11234,"hall_q_drop":0,"ir_q_drop":0,"ir_invalid":11716,"nsr_hall_drop":1,"nsr_ir_drop":0,"nsr_navi_drop":0,"nsr_native_drop":168,"event_drop":0,"pwm0_ir_motion":0,"confirmed":60,"missed":152,"pwm":90,"auto":1,"running":1,"estop":0,"lowvolt":0,"ir_stationary_pwm_warning":1,"pub_drop":0}
2026-09-30T14:58:51.011	ngr/loco/9950011/state/trace	{"consumption_drop":334,"action_drop":0,"command_queue_drop":0,"lossless":false}
2026-09-30T14:58:51.011	ngr/loco/9950011/state/nav	{"state":"NORMAL","mm":4,"target":3,"dir":-1,"session_dir":"CCW","position_reliable":1,"ir_distance_state":"HALL_IR_READY","reference_ready":1,"boot_reference":"PROVISIONAL_OR_SPATIAL","authority":"NAVI_EWO"}
2026-09-30T14:58:51.011	ngr/loco/9950011/telem/ir	{"ir_valid":1,"ir_mmps":0.000,"ir_coupled":0,"ir_speed_reason":"STOPPED","ir_applicable":1,"ir_reason":1,"ir_seq":11301,"ir_pulses":6714,"ir_gap":1,"ir_sat":0,"ir_abort":528,"authority":"NAVI_EWO"}
2026-09-30T14:58:51.012	ngr/loco/9950011/telem/speed	{"ir_valid":1,"ir_mmps":0.000,"ir_coupled":0,"ir_speed_reason":"STOPPED","ir_applicable":1,"ir_reason":1,"ir_seq":11301,"ir_pulses":6714,"ir_gap":1,"ir_sat":0,"ir_abort":528,"authority":"NAVI_EWO"}
2026-09-30T14:58:51.012	ngr/loco/9950011/diag/ir_link	{"radio_ready":1,"seen":22950,"source_mac":"38:18:2B:30:8C:2C","paired_mac":"38:18:2B:30:8C:2C","paired_for_display_only":1,"coupled":0,"invalid_wire":11716,"queue_drop":0}
2026-09-30T14:58:51.012	ngr/loco/9950011/state/throttle	90
2026-09-30T14:58:51.012	ngr/loco/9950011/state/direction	2
2026-09-30T14:58:51.012	ngr/loco/9950011/state/auto	1
2026-09-30T14:58:51.012	ngr/loco/9950011/state/estop	0
2026-09-30T14:58:51.012	ngr/loco/9950011/state/nav_ready	1
2026-09-30T14:58:51.616	ngr/loco/9950011/state/connectivity	{"wifi":1,"ip":"192.168.68.72","rssi":-52,"mqtt":1,"mqtt_state":0,"broker":"192.168.68.142","ir_radio":1,"ir_seen":22964,"ir_coupled":0,"navi_sync":1,"udp_failures":174}
2026-09-30T14:58:52.002	ngr/loco/9950011/state/loopstat	{"build":"NAVI_EYES_WIDE_OPEN_INTEGRATED_R2","mm":4,"target":3,"dir":-1,"target_distance_mm":315,"target_polarity":-1,"position_reliable":1,"reference_ready":1,"reference":1898,"median5":1900,"hall_support":0,"spatial_phase":0,"ir_applicable":1,"ir_distance_state":"HALL_IR_READY","ir_health_fault":6,"ir_readiness":3,"ir_boot":"761B38FCC6F727BE","ir_epoch":1,"ir_epoch_active":1,"ir_seq":11311,"ir_pulses":6714,"ir_reason":1,"ir_age_ms":83,"ir_span":31,"ir_gap":1,"ir_sat":0,"ir_abort":528,"ir_inferred_added":0,"ir_inferred_removed":0,"ir_calibration":0,"hall_seen":5689304,"ir_seen":11244,"hall_q_drop":0,"ir_q_drop":0,"ir_invalid":11726,"nsr_hall_drop":1,"nsr_ir_drop":0,"nsr_navi_drop":0,"nsr_native_drop":168,"event_drop":0,"pwm0_ir_motion":0,"confirmed":60,"missed":152,"pwm":90,"auto":1,"running":1,"estop":0,"lowvolt":0,"ir_stationary_pwm_warning":1,"pub_drop":0}
2026-09-30T14:58:52.010	ngr/loco/9950011/state/trace	{"consumption_drop":334,"action_drop":0,"command_queue_drop":0,"lossless":false}
2026-09-30T14:58:52.010	ngr/loco/9950011/state/nav	{"state":"NORMAL","mm":4,"target":3,"dir":-1,"session_dir":"CCW","position_reliable":1,"ir_distance_state":"HALL_IR_READY","reference_ready":1,"boot_reference":"PROVISIONAL_OR_SPATIAL","authority":"NAVI_EWO"}
2026-09-30T14:58:52.012	ngr/loco/9950011/telem/ir	{"ir_valid":1,"ir_mmps":0.000,"ir_coupled":0,"ir_speed_reason":"STOPPED","ir_applicable":1,"ir_reason":1,"ir_seq":11311,"ir_pulses":6714,"ir_gap":1,"ir_sat":0,"ir_abort":528,"authority":"NAVI_EWO"}
2026-09-30T14:58:52.012	ngr/loco/9950011/telem/speed	{"ir_valid":1,"ir_mmps":0.000,"ir_coupled":0,"ir_speed_reason":"STOPPED","ir_applicable":1,"ir_reason":1,"ir_seq":11311,"ir_pulses":6714,"ir_gap":1,"ir_sat":0,"ir_abort":528,"authority":"NAVI_EWO"}
2026-09-30T14:58:52.012	ngr/loco/9950011/diag/ir_link	{"radio_ready":1,"seen":22970,"source_mac":"38:18:2B:30:8C:2C","paired_mac":"38:18:2B:30:8C:2C","paired_for_display_only":1,"coupled":0,"invalid_wire":11726,"queue_drop":0}
2026-09-30T14:58:52.013	ngr/loco/9950011/state/throttle	90
2026-09-30T14:58:52.013	ngr/loco/9950011/state/direction	2
2026-09-30T14:58:52.013	ngr/loco/9950011/state/auto	1
2026-09-30T14:58:52.013	ngr/loco/9950011/state/estop	0
2026-09-30T14:58:52.013	ngr/loco/9950011/state/nav_ready	1
2026-09-30T14:58:52.994	ngr/loco/9950011/state/loopstat	{"build":"NAVI_EYES_WIDE_OPEN_INTEGRATED_R2","mm":4,"target":3,"dir":-1,"target_distance_mm":315,"target_polarity":-1,"position_reliable":1,"reference_ready":1,"reference":1898,"median5":2070,"hall_support":0,"spatial_phase":0,"ir_applicable":1,"ir_distance_state":"HALL_IR_READY","ir_health_fault":6,"ir_readiness":3,"ir_boot":"761B38FCC6F727BE","ir_epoch":1,"ir_epoch_active":1,"ir_seq":11321,"ir_pulses":6714,"ir_reason":1,"ir_age_ms":83,"ir_span":31,"ir_gap":1,"ir_sat":0,"ir_abort":528,"ir_inferred_added":0,"ir_inferred_removed":0,"ir_calibration":0,"hall_seen":5694310,"ir_seen":11254,"hall_q_drop":0,"ir_q_drop":0,"ir_invalid":11736,"nsr_hall_drop":1,"nsr_ir_drop":0,"nsr_navi_drop":0,"nsr_native_drop":168,"event_drop":0,"pwm0_ir_motion":0,"confirmed":60,"missed":152,"pwm":90,"auto":1,"running":1,"estop":0,"lowvolt":0,"ir_stationary_pwm_warning":1,"pub_drop":0}
2026-09-30T14:58:53.000	ngr/loco/9950011/state/trace	{"consumption_drop":334,"action_drop":0,"command_queue_drop":0,"lossless":false}
2026-09-30T14:58:53.000	ngr/loco/9950011/state/nav	{"state":"NORMAL","mm":4,"target":3,"dir":-1,"session_dir":"CCW","position_reliable":1,"ir_distance_state":"HALL_IR_READY","reference_ready":1,"boot_reference":"PROVISIONAL_OR_SPATIAL","authority":"NAVI_EWO"}
2026-09-30T14:58:53.001	ngr/loco/9950011/telem/ir	{"ir_valid":1,"ir_mmps":0.000,"ir_coupled":0,"ir_speed_reason":"STOPPED","ir_applicable":1,"ir_reason":1,"ir_seq":11321,"ir_pulses":6714,"ir_gap":1,"ir_sat":0,"ir_abort":528,"authority":"NAVI_EWO"}
2026-09-30T14:58:53.001	ngr/loco/9950011/telem/speed	{"ir_valid":1,"ir_mmps":0.000,"ir_coupled":0,"ir_speed_reason":"STOPPED","ir_applicable":1,"ir_reason":1,"ir_seq":11321,"ir_pulses":6714,"ir_gap":1,"ir_sat":0,"ir_abort":528,"authority":"NAVI_EWO"}
2026-09-30T14:58:53.003	ngr/loco/9950011/diag/ir_link	{"radio_ready":1,"seen":22990,"source_mac":"38:18:2B:30:8C:2C","paired_mac":"38:18:2B:30:8C:2C","paired_for_display_only":1,"coupled":0,"invalid_wire":11736,"queue_drop":0}
2026-09-30T14:58:53.003	ngr/loco/9950011/state/throttle	90
2026-09-30T14:58:53.004	ngr/loco/9950011/state/direction	2
2026-09-30T14:58:53.004	ngr/loco/9950011/state/auto	1
2026-09-30T14:58:53.004	ngr/loco/9950011/state/estop	0
2026-09-30T14:58:53.004	ngr/loco/9950011/state/nav_ready	1
2026-09-30T14:58:53.850	ngr/loco/9950011/state/lowvolt	0
2026-09-30T14:58:53.854	ngr/loco/9950011/telem/voltage	16.31
2026-09-30T14:58:53.854	ngr/loco/9950011/telem/current	0.29
2026-09-30T14:58:53.854	ngr/loco/9950011/telem/power	5.27
2026-09-30T14:58:54.000	ngr/loco/9950011/state/loopstat	{"build":"NAVI_EYES_WIDE_OPEN_INTEGRATED_R2","mm":4,"target":3,"dir":-1,"target_distance_mm":315,"target_polarity":-1,"position_reliable":1,"reference_ready":1,"reference":1898,"median5":1887,"hall_support":0,"spatial_phase":0,"ir_applicable":1,"ir_distance_state":"HALL_IR_READY","ir_health_fault":6,"ir_readiness":3,"ir_boot":"761B38FCC6F727BE","ir_epoch":1,"ir_epoch_active":1,"ir_seq":11331,"ir_pulses":6714,"ir_reason":1,"ir_age_ms":84,"ir_span":15,"ir_gap":1,"ir_sat":0,"ir_abort":528,"ir_inferred_added":0,"ir_inferred_removed":0,"ir_calibration":0,"hall_seen":5699315,"ir_seen":11264,"hall_q_drop":0,"ir_q_drop":0,"ir_invalid":11746,"nsr_hall_drop":1,"nsr_ir_drop":0,"nsr_navi_drop":0,"nsr_native_drop":168,"event_drop":0,"pwm0_ir_motion":0,"confirmed":60,"missed":152,"pwm":90,"auto":1,"running":1,"estop":0,"lowvolt":0,"ir_stationary_pwm_warning":1,"pub_drop":0}
2026-09-30T14:58:54.002	ngr/loco/9950011/state/trace	{"consumption_drop":334,"action_drop":0,"command_queue_drop":0,"lossless":false}
2026-09-30T14:58:54.002	ngr/loco/9950011/state/nav	{"state":"NORMAL","mm":4,"target":3,"dir":-1,"session_dir":"CCW","position_reliable":1,"ir_distance_state":"HALL_IR_READY","reference_ready":1,"boot_reference":"PROVISIONAL_OR_SPATIAL","authority":"NAVI_EWO"}
2026-09-30T14:58:54.003	ngr/loco/9950011/telem/ir	{"ir_valid":1,"ir_mmps":0.000,"ir_coupled":0,"ir_speed_reason":"STOPPED","ir_applicable":1,"ir_reason":1,"ir_seq":11331,"ir_pulses":6714,"ir_gap":1,"ir_sat":0,"ir_abort":528,"authority":"NAVI_EWO"}
2026-09-30T14:58:54.007	ngr/loco/9950011/telem/speed	{"ir_valid":1,"ir_mmps":0.000,"ir_coupled":0,"ir_speed_reason":"STOPPED","ir_applicable":1,"ir_reason":1,"ir_seq":11331,"ir_pulses":6714,"ir_gap":1,"ir_sat":0,"ir_abort":528,"authority":"NAVI_EWO"}
2026-09-30T14:58:54.007	ngr/loco/9950011/diag/ir_link	{"radio_ready":1,"seen":23010,"source_mac":"38:18:2B:30:8C:2C","paired_mac":"38:18:2B:30:8C:2C","paired_for_display_only":1,"coupled":0,"invalid_wire":11746,"queue_drop":0}
2026-09-30T14:58:54.008	ngr/loco/9950011/state/throttle	90
2026-09-30T14:58:54.012	ngr/loco/9950011/state/direction	2
2026-09-30T14:58:54.012	ngr/loco/9950011/state/auto	1
2026-09-30T14:58:54.012	ngr/loco/9950011/state/estop	0
2026-09-30T14:58:54.013	ngr/loco/9950011/state/nav_ready	1
2026-09-30T14:58:54.038	ngr/loco/9950011/nav/evidence	{"event":"HALL_SUPPORT","hall_serial":5699484,"mm":4,"target":3,"dir":-1,"ir_um":64803528,"median5":1827,"reference":1898,"ir_distance_holding":0,"opening_serial":4894247,"opening_ir_um":64571880,"position_reliable":1,"spatial_phase":0,"decision_us":1140248939,"consumption_id":5710750,"ir_seq":11332}
2026-09-30T14:58:54.040	ngr/loco/9950011/nav/evidence	{"event":"HALL_SUPPORT","hall_serial":5699487,"mm":4,"target":3,"dir":-1,"ir_um":64803528,"median5":1827,"reference":1898,"ir_distance_holding":0,"opening_serial":4894247,"opening_ir_um":64571880,"position_reliable":1,"spatial_phase":0,"decision_us":1140249892,"consumption_id":5710753,"ir_seq":11332}
2026-09-30T14:58:54.042	ngr/loco/9950011/nav/evidence	{"event":"HALL_SUPPORT","hall_serial":5699493,"mm":4,"target":3,"dir":-1,"ir_um":64803528,"median5":1828,"reference":1898,"ir_distance_holding":0,"opening_serial":4894247,"opening_ir_um":64571880,"position_reliable":1,"spatial_phase":0,"decision_us":1140250753,"consumption_id":5710759,"ir_seq":11332}
2026-09-30T14:58:54.145	ngr/loco/9950011/nav/evidence	{"event":"HALL_SUPPORT","hall_serial":5700027,"mm":4,"target":3,"dir":-1,"ir_um":64803528,"median5":1828,"reference":1898,"ir_distance_holding":0,"opening_serial":4894247,"opening_ir_um":64571880,"position_reliable":1,"spatial_phase":0,"decision_us":1140357722,"consumption_id":5711294,"ir_seq":11333}
2026-09-30T14:58:55.011	ngr/loco/9950011/state/loopstat	{"build":"NAVI_EYES_WIDE_OPEN_INTEGRATED_R2","mm":4,"target":3,"dir":-1,"target_distance_mm":315,"target_polarity":-1,"position_reliable":1,"reference_ready":1,"reference":1898,"median5":1902,"hall_support":0,"spatial_phase":0,"ir_applicable":1,"ir_distance_state":"HALL_IR_READY","ir_health_fault":6,"ir_readiness":3,"ir_boot":"761B38FCC6F727BE","ir_epoch":1,"ir_epoch_active":1,"ir_seq":11341,"ir_pulses":6714,"ir_reason":1,"ir_age_ms":67,"ir_span":31,"ir_gap":1,"ir_sat":0,"ir_abort":528,"ir_inferred_added":0,"ir_inferred_removed":0,"ir_calibration":0,"hall_seen":5704315,"ir_seen":11274,"hall_q_drop":0,"ir_q_drop":0,"ir_invalid":11757,"nsr_hall_drop":1,"nsr_ir_drop":0,"nsr_navi_drop":0,"nsr_native_drop":168,"event_drop":0,"pwm0_ir_motion":0,"confirmed":60,"missed":152,"pwm":90,"auto":1,"running":1,"estop":0,"lowvolt":0,"ir_stationary_pwm_warning":1,"pub_drop":0}
2026-09-30T14:58:55.015	ngr/loco/9950011/state/trace	{"consumption_drop":334,"action_drop":0,"command_queue_drop":0,"lossless":false}
2026-09-30T14:58:55.015	ngr/loco/9950011/state/nav	{"state":"NORMAL","mm":4,"target":3,"dir":-1,"session_dir":"CCW","position_reliable":1,"ir_distance_state":"HALL_IR_READY","reference_ready":1,"boot_reference":"PROVISIONAL_OR_SPATIAL","authority":"NAVI_EWO"}
2026-09-30T14:58:55.016	ngr/loco/9950011/telem/ir	{"ir_valid":1,"ir_mmps":0.000,"ir_coupled":0,"ir_speed_reason":"STOPPED","ir_applicable":1,"ir_reason":1,"ir_seq":11341,"ir_pulses":6714,"ir_gap":1,"ir_sat":0,"ir_abort":528,"authority":"NAVI_EWO"}
2026-09-30T14:58:55.016	ngr/loco/9950011/telem/speed	{"ir_valid":1,"ir_mmps":0.000,"ir_coupled":0,"ir_speed_reason":"STOPPED","ir_applicable":1,"ir_reason":1,"ir_seq":11341,"ir_pulses":6714,"ir_gap":1,"ir_sat":0,"ir_abort":528,"authority":"NAVI_EWO"}
2026-09-30T14:58:55.016	ngr/loco/9950011/diag/ir_link	{"radio_ready":1,"seen":23031,"source_mac":"38:18:2B:30:8C:2C","paired_mac":"38:18:2B:30:8C:2C","paired_for_display_only":1,"coupled":0,"invalid_wire":11757,"queue_drop":0}
2026-09-30T14:58:55.017	ngr/loco/9950011/state/throttle	90
2026-09-30T14:58:55.017	ngr/loco/9950011/state/direction	2
2026-09-30T14:58:55.017	ngr/loco/9950011/state/auto	1
2026-09-30T14:58:55.018	ngr/loco/9950011/state/estop	0
2026-09-30T14:58:55.018	ngr/loco/9950011/state/nav_ready	1
2026-09-30T14:58:56.000	ngr/loco/9950011/state/loopstat	{"build":"NAVI_EYES_WIDE_OPEN_INTEGRATED_R2","mm":4,"target":3,"dir":-1,"target_distance_mm":315,"target_polarity":-1,"position_reliable":1,"reference_ready":1,"reference":1898,"median5":1907,"hall_support":0,"spatial_phase":0,"ir_applicable":1,"ir_distance_state":"HALL_IR_READY","ir_health_fault":6,"ir_readiness":3,"ir_boot":"761B38FCC6F727BE","ir_epoch":1,"ir_epoch_active":1,"ir_seq":11351,"ir_pulses":6714,"ir_reason":1,"ir_age_ms":70,"ir_span":31,"ir_gap":1,"ir_sat":0,"ir_abort":528,"ir_inferred_added":0,"ir_inferred_removed":0,"ir_calibration":0,"hall_seen":5709313,"ir_seen":11284,"hall_q_drop":0,"ir_q_drop":0,"ir_invalid":11767,"nsr_hall_drop":1,"nsr_ir_drop":0,"nsr_navi_drop":0,"nsr_native_drop":168,"event_drop":0,"pwm0_ir_motion":0,"confirmed":60,"missed":152,"pwm":90,"auto":1,"running":1,"estop":0,"lowvolt":0,"ir_stationary_pwm_warning":1,"pub_drop":0}
2026-09-30T14:58:56.043	ngr/loco/9950011/state/trace	{"consumption_drop":334,"action_drop":0,"command_queue_drop":0,"lossless":false}
2026-09-30T14:58:56.045	ngr/loco/9950011/state/nav	{"state":"NORMAL","mm":4,"target":3,"dir":-1,"session_dir":"CCW","position_reliable":1,"ir_distance_state":"HALL_IR_READY","reference_ready":1,"boot_reference":"PROVISIONAL_OR_SPATIAL","authority":"NAVI_EWO"}
2026-09-30T14:58:56.045	ngr/loco/9950011/telem/ir	{"ir_valid":1,"ir_mmps":0.000,"ir_coupled":0,"ir_speed_reason":"STOPPED","ir_applicable":1,"ir_reason":1,"ir_seq":11351,"ir_pulses":6714,"ir_gap":1,"ir_sat":0,"ir_abort":528,"authority":"NAVI_EWO"}
2026-09-30T14:58:56.045	ngr/loco/9950011/telem/speed	{"ir_valid":1,"ir_mmps":0.000,"ir_coupled":0,"ir_speed_reason":"STOPPED","ir_applicable":1,"ir_reason":1,"ir_seq":11351,"ir_pulses":6714,"ir_gap":1,"ir_sat":0,"ir_abort":528,"authority":"NAVI_EWO"}
2026-09-30T14:58:56.045	ngr/loco/9950011/diag/ir_link	{"radio_ready":1,"seen":23051,"source_mac":"38:18:2B:30:8C:2C","paired_mac":"38:18:2B:30:8C:2C","paired_for_display_only":1,"coupled":0,"invalid_wire":11767,"queue_drop":0}
2026-09-30T14:58:56.046	ngr/loco/9950011/state/throttle	90
2026-09-30T14:58:56.046	ngr/loco/9950011/state/direction	2
2026-09-30T14:58:56.046	ngr/loco/9950011/state/auto	1
2026-09-30T14:58:56.046	ngr/loco/9950011/state/estop	0
2026-09-30T14:58:56.046	ngr/loco/9950011/state/nav_ready	1
2026-09-30T14:58:56.089	ngr/loco/9950011/nav/evidence	{"event":"HALL_SUPPORT","hall_serial":5709749,"mm":4,"target":3,"dir":-1,"ir_um":64803528,"median5":1827,"reference":1898,"ir_distance_holding":0,"opening_serial":4894247,"opening_ir_um":64571880,"position_reliable":1,"spatial_phase":0,"decision_us":1142301790,"consumption_id":5721035,"ir_seq":11352}
2026-09-30T14:58:56.091	ngr/loco/9950011/nav/evidence	{"event":"HALL_SUPPORT","hall_serial":5709757,"mm":4,"target":3,"dir":-1,"ir_um":64803528,"median5":1826,"reference":1898,"ir_distance_holding":0,"opening_serial":4894247,"opening_ir_um":64571880,"position_reliable":1,"spatial_phase":0,"decision_us":1142303722,"consumption_id":5721043,"ir_seq":11352}
2026-09-30T14:58:56.619	ngr/loco/9950011/state/connectivity	{"wifi":1,"ip":"192.168.68.72","rssi":-46,"mqtt":1,"mqtt_state":0,"broker":"192.168.68.142","ir_radio":1,"ir_seen":23065,"ir_coupled":0,"navi_sync":1,"udp_failures":174}
2026-09-30T14:58:57.000	ngr/loco/9950011/state/loopstat	{"build":"NAVI_EYES_WIDE_OPEN_INTEGRATED_R2","mm":4,"target":3,"dir":-1,"target_distance_mm":315,"target_polarity":-1,"position_reliable":1,"reference_ready":1,"reference":1898,"median5":1904,"hall_support":0,"spatial_phase":0,"ir_applicable":1,"ir_distance_state":"HALL_IR_READY","ir_health_fault":6,"ir_readiness":3,"ir_boot":"761B38FCC6F727BE","ir_epoch":1,"ir_epoch_active":1,"ir_seq":11361,"ir_pulses":6714,"ir_reason":1,"ir_age_ms":72,"ir_span":15,"ir_gap":1,"ir_sat":0,"ir_abort":528,"ir_inferred_added":0,"ir_inferred_removed":0,"ir_calibration":0,"hall_seen":5714315,"ir_seen":11294,"hall_q_drop":0,"ir_q_drop":0,"ir_invalid":11778,"nsr_hall_drop":1,"nsr_ir_drop":0,"nsr_navi_drop":0,"nsr_native_drop":168,"event_drop":0,"pwm0_ir_motion":0,"confirmed":60,"missed":152,"pwm":90,"auto":1,"running":1,"estop":0,"lowvolt":0,"ir_stationary_pwm_warning":1,"pub_drop":0}
2026-09-30T14:58:57.004	ngr/loco/9950011/state/trace	{"consumption_drop":334,"action_drop":0,"command_queue_drop":0,"lossless":false}
2026-09-30T14:58:57.004	ngr/loco/9950011/state/nav	{"state":"NORMAL","mm":4,"target":3,"dir":-1,"session_dir":"CCW","position_reliable":1,"ir_distance_state":"HALL_IR_READY","reference_ready":1,"boot_reference":"PROVISIONAL_OR_SPATIAL","authority":"NAVI_EWO"}
2026-09-30T14:58:57.004	ngr/loco/9950011/telem/ir	{"ir_valid":1,"ir_mmps":0.000,"ir_coupled":0,"ir_speed_reason":"STOPPED","ir_applicable":1,"ir_reason":1,"ir_seq":11361,"ir_pulses":6714,"ir_gap":1,"ir_sat":0,"ir_abort":528,"authority":"NAVI_EWO"}
2026-09-30T14:58:57.004	ngr/loco/9950011/telem/speed	{"ir_valid":1,"ir_mmps":0.000,"ir_coupled":0,"ir_speed_reason":"STOPPED","ir_applicable":1,"ir_reason":1,"ir_seq":11361,"ir_pulses":6714,"ir_gap":1,"ir_sat":0,"ir_abort":528,"authority":"NAVI_EWO"}
2026-09-30T14:58:57.004	ngr/loco/9950011/diag/ir_link	{"radio_ready":1,"seen":23072,"source_mac":"38:18:2B:30:8C:2C","paired_mac":"38:18:2B:30:8C:2C","paired_for_display_only":1,"coupled":0,"invalid_wire":11778,"queue_drop":0}
2026-09-30T14:58:57.005	ngr/loco/9950011/state/throttle	90
2026-09-30T14:58:57.005	ngr/loco/9950011/state/direction	2
2026-09-30T14:58:57.006	ngr/loco/9950011/state/auto	1
2026-09-30T14:58:57.006	ngr/loco/9950011/state/estop	0
2026-09-30T14:58:57.006	ngr/loco/9950011/state/nav_ready	1
2026-09-30T14:58:57.100	ngr/loco/9950011/nav/evidence	{"event":"HALL_SUPPORT","hall_serial":5714818,"mm":4,"target":3,"dir":-1,"ir_um":64803528,"median5":1825,"reference":1898,"ir_distance_holding":0,"opening_serial":4894247,"opening_ir_um":64571880,"position_reliable":1,"spatial_phase":0,"decision_us":1143316966,"consumption_id":5726114,"ir_seq":11362}
2026-09-30T14:58:58.002	ngr/loco/9950011/state/loopstat	{"build":"NAVI_EYES_WIDE_OPEN_INTEGRATED_R2","mm":4,"target":3,"dir":-1,"target_distance_mm":315,"target_polarity":-1,"position_reliable":1,"reference_ready":1,"reference":1898,"median5":1904,"hall_support":0,"spatial_phase":0,"ir_applicable":1,"ir_distance_state":"HALL_IR_READY","ir_health_fault":6,"ir_readiness":3,"ir_boot":"761B38FCC6F727BE","ir_epoch":1,"ir_epoch_active":1,"ir_seq":11371,"ir_pulses":6714,"ir_reason":1,"ir_age_ms":73,"ir_span":63,"ir_gap":1,"ir_sat":0,"ir_abort":528,"ir_inferred_added":0,"ir_inferred_removed":0,"ir_calibration":0,"hall_seen":5719315,"ir_seen":11304,"hall_q_drop":0,"ir_q_drop":0,"ir_invalid":11788,"nsr_hall_drop":1,"nsr_ir_drop":0,"nsr_navi_drop":0,"nsr_native_drop":168,"event_drop":0,"pwm0_ir_motion":0,"confirmed":60,"missed":152,"pwm":90,"auto":1,"running":1,"estop":0,"lowvolt":0,"ir_stationary_pwm_warning":1,"pub_drop":0}
2026-09-30T14:58:58.027	ngr/loco/9950011/state/trace	{"consumption_drop":334,"action_drop":0,"command_queue_drop":0,"lossless":false}
2026-09-30T14:58:58.028	ngr/loco/9950011/state/nav	{"state":"NORMAL","mm":4,"target":3,"dir":-1,"session_dir":"CCW","position_reliable":1,"ir_distance_state":"HALL_IR_READY","reference_ready":1,"boot_reference":"PROVISIONAL_OR_SPATIAL","authority":"NAVI_EWO"}
2026-09-30T14:58:58.028	ngr/loco/9950011/telem/ir	{"ir_valid":1,"ir_mmps":0.000,"ir_coupled":0,"ir_speed_reason":"STOPPED","ir_applicable":1,"ir_reason":1,"ir_seq":11371,"ir_pulses":6714,"ir_gap":1,"ir_sat":0,"ir_abort":528,"authority":"NAVI_EWO"}
2026-09-30T14:58:58.028	ngr/loco/9950011/telem/speed	{"ir_valid":1,"ir_mmps":0.000,"ir_coupled":0,"ir_speed_reason":"STOPPED","ir_applicable":1,"ir_reason":1,"ir_seq":11371,"ir_pulses":6714,"ir_gap":1,"ir_sat":0,"ir_abort":528,"authority":"NAVI_EWO"}
2026-09-30T14:58:58.028	ngr/loco/9950011/diag/ir_link	{"radio_ready":1,"seen":23092,"source_mac":"38:18:2B:30:8C:2C","paired_mac":"38:18:2B:30:8C:2C","paired_for_display_only":1,"coupled":0,"invalid_wire":11788,"queue_drop":0}
2026-09-30T14:58:58.028	ngr/loco/9950011/state/throttle	90
2026-09-30T14:58:58.029	ngr/loco/9950011/state/direction	2
2026-09-30T14:58:58.029	ngr/loco/9950011/state/auto	1
2026-09-30T14:58:58.029	ngr/loco/9950011/state/estop	0
2026-09-30T14:58:58.029	ngr/loco/9950011/state/nav_ready	1
2026-09-30T14:58:58.151	ngr/loco/9950011/nav/evidence	{"event":"HALL_SUPPORT","hall_serial":5720088,"mm":4,"target":3,"dir":-1,"ir_um":64803528,"median5":1826,"reference":1898,"ir_distance_holding":0,"opening_serial":4894247,"opening_ir_um":64571880,"position_reliable":1,"spatial_phase":0,"decision_us":1144369750,"consumption_id":5731395,"ir_seq":11373}
2026-09-30T14:58:58.850	ngr/loco/9950011/state/lowvolt	0
2026-09-30T14:58:58.902	ngr/loco/9950011/telem/voltage	16.34
2026-09-30T14:58:58.903	ngr/loco/9950011/telem/current	0.32
2026-09-30T14:58:58.903	ngr/loco/9950011/telem/power	4.21
2026-09-30T14:58:59.006	ngr/loco/9950011/state/loopstat	{"build":"NAVI_EYES_WIDE_OPEN_INTEGRATED_R2","mm":4,"target":3,"dir":-1,"target_distance_mm":315,"target_polarity":-1,"position_reliable":1,"reference_ready":1,"reference":1898,"median5":1902,"hall_support":0,"spatial_phase":0,"ir_applicable":1,"ir_distance_state":"HALL_IR_READY","ir_health_fault":6,"ir_readiness":3,"ir_boot":"761B38FCC6F727BE","ir_epoch":1,"ir_epoch_active":1,"ir_seq":11381,"ir_pulses":6714,"ir_reason":1,"ir_age_ms":78,"ir_span":127,"ir_gap":1,"ir_sat":0,"ir_abort":528,"ir_inferred_added":0,"ir_inferred_removed":0,"ir_calibration":0,"hall_seen":5724310,"ir_seen":11314,"hall_q_drop":0,"ir_q_drop":0,"ir_invalid":11798,"nsr_hall_drop":1,"nsr_ir_drop":0,"nsr_navi_drop":0,"nsr_native_drop":168,"event_drop":0,"pwm0_ir_motion":0,"confirmed":60,"missed":152,"pwm":90,"auto":1,"running":1,"estop":0,"lowvolt":0,"ir_stationary_pwm_warning":1,"pub_drop":0}
2026-09-30T14:58:59.008	ngr/loco/9950011/state/trace	{"consumption_drop":334,"action_drop":0,"command_queue_drop":0,"lossless":false}
2026-09-30T14:58:59.009	ngr/loco/9950011/state/nav	{"state":"NORMAL","mm":4,"target":3,"dir":-1,"session_dir":"CCW","position_reliable":1,"ir_distance_state":"HALL_IR_READY","reference_ready":1,"boot_reference":"PROVISIONAL_OR_SPATIAL","authority":"NAVI_EWO"}
2026-09-30T14:58:59.009	ngr/loco/9950011/telem/ir	{"ir_valid":1,"ir_mmps":0.000,"ir_coupled":0,"ir_speed_reason":"STOPPED","ir_applicable":1,"ir_reason":1,"ir_seq":11381,"ir_pulses":6714,"ir_gap":1,"ir_sat":0,"ir_abort":528,"authority":"NAVI_EWO"}
2026-09-30T14:58:59.009	ngr/loco/9950011/telem/speed	{"ir_valid":1,"ir_mmps":0.000,"ir_coupled":0,"ir_speed_reason":"STOPPED","ir_applicable":1,"ir_reason":1,"ir_seq":11381,"ir_pulses":6714,"ir_gap":1,"ir_sat":0,"ir_abort":528,"authority":"NAVI_EWO"}
2026-09-30T14:58:59.009	ngr/loco/9950011/diag/ir_link	{"radio_ready":1,"seen":23112,"source_mac":"38:18:2B:30:8C:2C","paired_mac":"38:18:2B:30:8C:2C","paired_for_display_only":1,"coupled":0,"invalid_wire":11798,"queue_drop":0}
2026-09-30T14:58:59.011	ngr/loco/9950011/state/throttle	90
2026-09-30T14:58:59.011	ngr/loco/9950011/state/direction	2
2026-09-30T14:58:59.011	ngr/loco/9950011/state/auto	1
2026-09-30T14:58:59.013	ngr/loco/9950011/state/estop	0
2026-09-30T14:58:59.013	ngr/loco/9950011/state/nav_ready	1
2026-09-30T14:58:59.998	ngr/loco/9950011/state/loopstat	{"build":"NAVI_EYES_WIDE_OPEN_INTEGRATED_R2","mm":4,"target":3,"dir":-1,"target_distance_mm":315,"target_polarity":-1,"position_reliable":1,"reference_ready":1,"reference":1898,"median5":1901,"hall_support":0,"spatial_phase":0,"ir_applicable":1,"ir_distance_state":"HALL_IR_READY","ir_health_fault":0,"ir_readiness":2,"ir_boot":"761B38FCC6F727BE","ir_epoch":1,"ir_epoch_active":1,"ir_seq":11391,"ir_pulses":6714,"ir_reason":5,"ir_age_ms":78,"ir_span":463,"ir_gap":1,"ir_sat":0,"ir_abort":529,"ir_inferred_added":0,"ir_inferred_removed":0,"ir_calibration":0,"hall_seen":5729315,"ir_seen":11324,"hall_q_drop":0,"ir_q_drop":0,"ir_invalid":11809,"nsr_hall_drop":1,"nsr_ir_drop":0,"nsr_navi_drop":0,"nsr_native_drop":168,"event_drop":0,"pwm0_ir_motion":0,"confirmed":60,"missed":152,"pwm":90,"auto":1,"running":1,"estop":0,"lowvolt":0,"ir_stationary_pwm_warning":1,"pub_drop":0}
2026-09-30T14:59:00.001	ngr/loco/9950011/state/trace	{"consumption_drop":334,"action_drop":0,"command_queue_drop":0,"lossless":false}
2026-09-30T14:59:00.002	ngr/loco/9950011/state/nav	{"state":"NORMAL","mm":4,"target":3,"dir":-1,"session_dir":"CCW","position_reliable":1,"ir_distance_state":"HALL_IR_READY","reference_ready":1,"boot_reference":"PROVISIONAL_OR_SPATIAL","authority":"NAVI_EWO"}
2026-09-30T14:59:00.002	ngr/loco/9950011/telem/ir	{"ir_valid":1,"ir_mmps":0.000,"ir_coupled":0,"ir_speed_reason":"STOPPED","ir_applicable":1,"ir_reason":5,"ir_seq":11391,"ir_pulses":6714,"ir_gap":1,"ir_sat":0,"ir_abort":529,"authority":"NAVI_EWO"}
2026-09-30T14:59:00.002	ngr/loco/9950011/telem/speed	{"ir_valid":1,"ir_mmps":0.000,"ir_coupled":0,"ir_speed_reason":"STOPPED","ir_applicable":1,"ir_reason":5,"ir_seq":11391,"ir_pulses":6714,"ir_gap":1,"ir_sat":0,"ir_abort":529,"authority":"NAVI_EWO"}
2026-09-30T14:59:00.002	ngr/loco/9950011/diag/ir_link	{"radio_ready":1,"seen":23133,"source_mac":"38:18:2B:30:8C:2C","paired_mac":"38:18:2B:30:8C:2C","paired_for_display_only":1,"coupled":0,"invalid_wire":11809,"queue_drop":0}
2026-09-30T14:59:00.008	ngr/loco/9950011/state/throttle	90
2026-09-30T14:59:00.008	ngr/loco/9950011/state/direction	2
2026-09-30T14:59:00.009	ngr/loco/9950011/state/auto	1
2026-09-30T14:59:00.009	ngr/loco/9950011/state/estop	0
2026-09-30T14:59:00.010	ngr/loco/9950011/state/nav_ready	1
2026-09-30T14:59:01.004	ngr/loco/9950011/state/loopstat	{"build":"NAVI_EYES_WIDE_OPEN_INTEGRATED_R2","mm":4,"target":3,"dir":-1,"target_distance_mm":315,"target_polarity":-1,"position_reliable":1,"reference_ready":1,"reference":1898,"median5":1902,"hall_support":0,"spatial_phase":0,"ir_applicable":1,"ir_distance_state":"HALL_IR_READY","ir_health_fault":0,"ir_readiness":2,"ir_boot":"761B38FCC6F727BE","ir_epoch":1,"ir_epoch_active":1,"ir_seq":11401,"ir_pulses":6714,"ir_reason":5,"ir_age_ms":77,"ir_span":543,"ir_gap":1,"ir_sat":0,"ir_abort":530,"ir_inferred_added":0,"ir_inferred_removed":0,"ir_calibration":0,"hall_seen":5734310,"ir_seen":11334,"hall_q_drop":0,"ir_q_drop":0,"ir_invalid":11819,"nsr_hall_drop":1,"nsr_ir_drop":0,"nsr_navi_drop":0,"nsr_native_drop":168,"event_drop":0,"pwm0_ir_motion":0,"confirmed":60,"missed":152,"pwm":90,"auto":1,"running":1,"estop":0,"lowvolt":0,"ir_stationary_pwm_warning":1,"pub_drop":0}
2026-09-30T14:59:01.006	ngr/loco/9950011/state/trace	{"consumption_drop":334,"action_drop":0,"command_queue_drop":0,"lossless":false}
2026-09-30T14:59:01.011	ngr/loco/9950011/state/nav	{"state":"NORMAL","mm":4,"target":3,"dir":-1,"session_dir":"CCW","position_reliable":1,"ir_distance_state":"HALL_IR_READY","reference_ready":1,"boot_reference":"PROVISIONAL_OR_SPATIAL","authority":"NAVI_EWO"}
2026-09-30T14:59:01.011	ngr/loco/9950011/telem/ir	{"ir_valid":1,"ir_mmps":0.000,"ir_coupled":0,"ir_speed_reason":"STOPPED","ir_applicable":1,"ir_reason":5,"ir_seq":11401,"ir_pulses":6714,"ir_gap":1,"ir_sat":0,"ir_abort":530,"authority":"NAVI_EWO"}
2026-09-30T14:59:01.015	ngr/loco/9950011/telem/speed	{"ir_valid":1,"ir_mmps":0.000,"ir_coupled":0,"ir_speed_reason":"STOPPED","ir_applicable":1,"ir_reason":5,"ir_seq":11401,"ir_pulses":6714,"ir_gap":1,"ir_sat":0,"ir_abort":530,"authority":"NAVI_EWO"}
2026-09-30T14:59:01.015	ngr/loco/9950011/diag/ir_link	{"radio_ready":1,"seen":23153,"source_mac":"38:18:2B:30:8C:2C","paired_mac":"38:18:2B:30:8C:2C","paired_for_display_only":1,"coupled":0,"invalid_wire":11819,"queue_drop":0}
2026-09-30T14:59:01.015	ngr/loco/9950011/state/throttle	90
2026-09-30T14:59:01.015	ngr/loco/9950011/state/direction	2
2026-09-30T14:59:01.015	ngr/loco/9950011/state/auto	1
2026-09-30T14:59:01.016	ngr/loco/9950011/state/estop	0
2026-09-30T14:59:01.031	ngr/loco/9950011/state/nav_ready	1
2026-09-30T14:59:01.630	ngr/loco/9950011/state/connectivity	{"wifi":1,"ip":"192.168.68.72","rssi":-44,"mqtt":1,"mqtt_state":0,"broker":"192.168.68.142","ir_radio":1,"ir_seen":23167,"ir_coupled":0,"navi_sync":1,"udp_failures":176}
2026-09-30T14:59:01.995	ngr/loco/9950011/state/loopstat	{"build":"NAVI_EYES_WIDE_OPEN_INTEGRATED_R2","mm":4,"target":3,"dir":-1,"target_distance_mm":315,"target_polarity":-1,"position_reliable":1,"reference_ready":1,"reference":1898,"median5":1903,"hall_support":0,"spatial_phase":0,"ir_applicable":1,"ir_distance_state":"HALL_IR_READY","ir_health_fault":6,"ir_readiness":3,"ir_boot":"761B38FCC6F727BE","ir_epoch":1,"ir_epoch_active":1,"ir_seq":11411,"ir_pulses":6714,"ir_reason":1,"ir_age_ms":62,"ir_span":271,"ir_gap":1,"ir_sat":0,"ir_abort":530,"ir_inferred_added":0,"ir_inferred_removed":0,"ir_calibration":0,"hall_seen":5739315,"ir_seen":11343,"hall_q_drop":0,"ir_q_drop":0,"ir_invalid":11830,"nsr_hall_drop":1,"nsr_ir_drop":0,"nsr_navi_drop":0,"nsr_native_drop":168,"event_drop":0,"pwm0_ir_motion":0,"confirmed":60,"missed":152,"pwm":90,"auto":1,"running":1,"estop":0,"lowvolt":0,"ir_stationary_pwm_warning":1,"pub_drop":0}
2026-09-30T14:59:01.999	ngr/loco/9950011/state/trace	{"consumption_drop":334,"action_drop":0,"command_queue_drop":0,"lossless":false}
2026-09-30T14:59:02.013	ngr/loco/9950011/state/nav	{"state":"NORMAL","mm":4,"target":3,"dir":-1,"session_dir":"CCW","position_reliable":1,"ir_distance_state":"HALL_IR_READY","reference_ready":1,"boot_reference":"PROVISIONAL_OR_SPATIAL","authority":"NAVI_EWO"}
2026-09-30T14:59:02.013	ngr/loco/9950011/telem/ir	{"ir_valid":1,"ir_mmps":0.000,"ir_coupled":0,"ir_speed_reason":"STOPPED","ir_applicable":1,"ir_reason":1,"ir_seq":11411,"ir_pulses":6714,"ir_gap":1,"ir_sat":0,"ir_abort":530,"authority":"NAVI_EWO"}
2026-09-30T14:59:02.013	ngr/loco/9950011/telem/speed	{"ir_valid":1,"ir_mmps":0.000,"ir_coupled":0,"ir_speed_reason":"STOPPED","ir_applicable":1,"ir_reason":1,"ir_seq":11411,"ir_pulses":6714,"ir_gap":1,"ir_sat":0,"ir_abort":530,"authority":"NAVI_EWO"}
2026-09-30T14:59:02.014	ngr/loco/9950011/diag/ir_link	{"radio_ready":1,"seen":23173,"source_mac":"38:18:2B:30:8C:2C","paired_mac":"38:18:2B:30:8C:2C","paired_for_display_only":1,"coupled":0,"invalid_wire":11830,"queue_drop":0}
2026-09-30T14:59:02.014	ngr/loco/9950011/state/throttle	90
2026-09-30T14:59:02.022	ngr/loco/9950011/state/direction	2
2026-09-30T14:59:02.022	ngr/loco/9950011/state/auto	1
2026-09-30T14:59:02.022	ngr/loco/9950011/state/estop	0
2026-09-30T14:59:02.022	ngr/loco/9950011/state/nav_ready	1
2026-09-30T14:59:02.641	ngr/loco/9950011/nav/evidence	{"event":"HALL_SUPPORT","hall_serial":5742483,"mm":4,"target":3,"dir":-1,"ir_um":64803528,"median5":1827,"reference":1898,"ir_distance_holding":0,"opening_serial":4894247,"opening_ir_um":64571880,"position_reliable":1,"spatial_phase":0,"decision_us":1148848912,"consumption_id":5753834,"ir_seq":11418}
2026-09-30T14:59:02.732	ngr/loco/9950011/nav/evidence	{"event":"HALL_SUPPORT","hall_serial":5742978,"mm":4,"target":3,"dir":-1,"ir_um":64803528,"median5":1827,"reference":1898,"ir_distance_holding":0,"opening_serial":4894247,"opening_ir_um":64571880,"position_reliable":1,"spatial_phase":0,"decision_us":1148947746,"consumption_id":5754330,"ir_seq":11419}
2026-09-30T14:59:02.998	ngr/loco/9950011/state/loopstat	{"build":"NAVI_EYES_WIDE_OPEN_INTEGRATED_R2","mm":4,"target":3,"dir":-1,"target_distance_mm":315,"target_polarity":-1,"position_reliable":1,"reference_ready":1,"reference":1898,"median5":1905,"hall_support":0,"spatial_phase":0,"ir_applicable":1,"ir_distance_state":"HALL_IR_READY","ir_health_fault":6,"ir_readiness":3,"ir_boot":"761B38FCC6F727BE","ir_epoch":1,"ir_epoch_active":1,"ir_seq":11421,"ir_pulses":6714,"ir_reason":1,"ir_age_ms":62,"ir_span":271,"ir_gap":1,"ir_sat":0,"ir_abort":530,"ir_inferred_added":0,"ir_inferred_removed":0,"ir_calibration":0,"hall_seen":5744315,"ir_seen":11353,"hall_q_drop":0,"ir_q_drop":0,"ir_invalid":11840,"nsr_hall_drop":1,"nsr_ir_drop":0,"nsr_navi_drop":0,"nsr_native_drop":168,"event_drop":0,"pwm0_ir_motion":0,"confirmed":60,"missed":152,"pwm":90,"auto":1,"running":1,"estop":0,"lowvolt":0,"ir_stationary_pwm_warning":1,"pub_drop":0}
2026-09-30T14:59:03.003	ngr/loco/9950011/state/trace	{"consumption_drop":334,"action_drop":0,"command_queue_drop":0,"lossless":false}
2026-09-30T14:59:03.003	ngr/loco/9950011/state/nav	{"state":"NORMAL","mm":4,"target":3,"dir":-1,"session_dir":"CCW","position_reliable":1,"ir_distance_state":"HALL_IR_READY","reference_ready":1,"boot_reference":"PROVISIONAL_OR_SPATIAL","authority":"NAVI_EWO"}
2026-09-30T14:59:03.003	ngr/loco/9950011/telem/ir	{"ir_valid":1,"ir_mmps":0.000,"ir_coupled":0,"ir_speed_reason":"STOPPED","ir_applicable":1,"ir_reason":1,"ir_seq":11421,"ir_pulses":6714,"ir_gap":1,"ir_sat":0,"ir_abort":530,"authority":"NAVI_EWO"}
2026-09-30T14:59:03.003	ngr/loco/9950011/telem/speed	{"ir_valid":1,"ir_mmps":0.000,"ir_coupled":0,"ir_speed_reason":"STOPPED","ir_applicable":1,"ir_reason":1,"ir_seq":11421,"ir_pulses":6714,"ir_gap":1,"ir_sat":0,"ir_abort":530,"authority":"NAVI_EWO"}
2026-09-30T14:59:03.003	ngr/loco/9950011/diag/ir_link	{"radio_ready":1,"seen":23193,"source_mac":"38:18:2B:30:8C:2C","paired_mac":"38:18:2B:30:8C:2C","paired_for_display_only":1,"coupled":0,"invalid_wire":11840,"queue_drop":0}
2026-09-30T14:59:03.005	ngr/loco/9950011/state/throttle	90
2026-09-30T14:59:03.005	ngr/loco/9950011/state/direction	2
2026-09-30T14:59:03.005	ngr/loco/9950011/state/auto	1
2026-09-30T14:59:03.005	ngr/loco/9950011/state/estop	0
2026-09-30T14:59:03.005	ngr/loco/9950011/state/nav_ready	1
2026-09-30T14:59:03.707	ngr/loco/9950011/nav/evidence	{"event":"HALL_SUPPORT","hall_serial":5747838,"mm":4,"target":3,"dir":-1,"ir_um":64803528,"median5":1828,"reference":1898,"ir_distance_holding":0,"opening_serial":4894247,"opening_ir_um":64571880,"position_reliable":1,"spatial_phase":0,"decision_us":1149920744,"consumption_id":5759199,"ir_seq":11428}
2026-09-30T14:59:03.845	ngr/loco/9950011/state/lowvolt	0
2026-09-30T14:59:03.852	ngr/loco/9950011/telem/voltage	16.35
2026-09-30T14:59:03.857	ngr/loco/9950011/telem/current	0.30
2026-09-30T14:59:03.858	ngr/loco/9950011/telem/power	5.12
2026-09-30T14:59:04.009	ngr/loco/9950011/state/loopstat	{"build":"NAVI_EYES_WIDE_OPEN_INTEGRATED_R2","mm":4,"target":3,"dir":-1,"target_distance_mm":315,"target_polarity":-1,"position_reliable":1,"reference_ready":1,"reference":1898,"median5":1904,"hall_support":0,"spatial_phase":0,"ir_applicable":1,"ir_distance_state":"HALL_IR_READY","ir_health_fault":6,"ir_readiness":3,"ir_boot":"761B38FCC6F727BE","ir_epoch":1,"ir_epoch_active":1,"ir_seq":11431,"ir_pulses":6714,"ir_reason":1,"ir_age_ms":65,"ir_span":63,"ir_gap":1,"ir_sat":0,"ir_abort":532,"ir_inferred_added":0,"ir_inferred_removed":0,"ir_calibration":0,"hall_seen":5749315,"ir_seen":11363,"hall_q_drop":0,"ir_q_drop":0,"ir_invalid":11850,"nsr_hall_drop":1,"nsr_ir_drop":0,"nsr_navi_drop":0,"nsr_native_drop":168,"event_drop":0,"pwm0_ir_motion":0,"confirmed":60,"missed":152,"pwm":90,"auto":1,"running":1,"estop":0,"lowvolt":0,"ir_stationary_pwm_warning":1,"pub_drop":0}
2026-09-30T14:59:04.012	ngr/loco/9950011/state/trace	{"consumption_drop":334,"action_drop":0,"command_queue_drop":0,"lossless":false}
2026-09-30T14:59:04.012	ngr/loco/9950011/state/nav	{"state":"NORMAL","mm":4,"target":3,"dir":-1,"session_dir":"CCW","position_reliable":1,"ir_distance_state":"HALL_IR_READY","reference_ready":1,"boot_reference":"PROVISIONAL_OR_SPATIAL","authority":"NAVI_EWO"}
2026-09-30T14:59:04.012	ngr/loco/9950011/telem/ir	{"ir_valid":1,"ir_mmps":0.000,"ir_coupled":0,"ir_speed_reason":"STOPPED","ir_applicable":1,"ir_reason":1,"ir_seq":11431,"ir_pulses":6714,"ir_gap":1,"ir_sat":0,"ir_abort":532,"authority":"NAVI_EWO"}
2026-09-30T14:59:04.012	ngr/loco/9950011/telem/speed	{"ir_valid":1,"ir_mmps":0.000,"ir_coupled":0,"ir_speed_reason":"STOPPED","ir_applicable":1,"ir_reason":1,"ir_seq":11431,"ir_pulses":6714,"ir_gap":1,"ir_sat":0,"ir_abort":532,"authority":"NAVI_EWO"}
2026-09-30T14:59:04.013	ngr/loco/9950011/diag/ir_link	{"radio_ready":1,"seen":23213,"source_mac":"38:18:2B:30:8C:2C","paired_mac":"38:18:2B:30:8C:2C","paired_for_display_only":1,"coupled":0,"invalid_wire":11850,"queue_drop":0}
2026-09-30T14:59:04.013	ngr/loco/9950011/state/throttle	90
2026-09-30T14:59:04.013	ngr/loco/9950011/state/direction	2
2026-09-30T14:59:04.013	ngr/loco/9950011/state/auto	1
2026-09-30T14:59:04.013	ngr/loco/9950011/state/estop	0
2026-09-30T14:59:04.013	ngr/loco/9950011/state/nav_ready	1
2026-09-30T14:59:05.002	ngr/loco/9950011/state/loopstat	{"build":"NAVI_EYES_WIDE_OPEN_INTEGRATED_R2","mm":4,"target":3,"dir":-1,"target_distance_mm":315,"target_polarity":-1,"position_reliable":1,"reference_ready":1,"reference":1898,"median5":1898,"hall_support":0,"spatial_phase":0,"ir_applicable":1,"ir_distance_state":"HALL_IR_READY","ir_health_fault":6,"ir_readiness":3,"ir_boot":"761B38FCC6F727BE","ir_epoch":1,"ir_epoch_active":1,"ir_seq":11441,"ir_pulses":6714,"ir_reason":1,"ir_age_ms":66,"ir_span":111,"ir_gap":1,"ir_sat":0,"ir_abort":532,"ir_inferred_added":0,"ir_inferred_removed":0,"ir_calibration":0,"hall_seen":5754320,"ir_seen":11373,"hall_q_drop":0,"ir_q_drop":0,"ir_invalid":11861,"nsr_hall_drop":1,"nsr_ir_drop":0,"nsr_navi_drop":0,"nsr_native_drop":168,"event_drop":0,"pwm0_ir_motion":0,"confirmed":60,"missed":152,"pwm":90,"auto":1,"running":1,"estop":0,"lowvolt":0,"ir_stationary_pwm_warning":1,"pub_drop":0}
2026-09-30T14:59:05.012	ngr/loco/9950011/state/trace	{"consumption_drop":334,"action_drop":0,"command_queue_drop":0,"lossless":false}
2026-09-30T14:59:05.012	ngr/loco/9950011/state/nav	{"state":"NORMAL","mm":4,"target":3,"dir":-1,"session_dir":"CCW","position_reliable":1,"ir_distance_state":"HALL_IR_READY","reference_ready":1,"boot_reference":"PROVISIONAL_OR_SPATIAL","authority":"NAVI_EWO"}
2026-09-30T14:59:05.012	ngr/loco/9950011/telem/ir	{"ir_valid":1,"ir_mmps":0.000,"ir_coupled":0,"ir_speed_reason":"STOPPED","ir_applicable":1,"ir_reason":1,"ir_seq":11441,"ir_pulses":6714,"ir_gap":1,"ir_sat":0,"ir_abort":532,"authority":"NAVI_EWO"}
2026-09-30T14:59:05.012	ngr/loco/9950011/telem/speed	{"ir_valid":1,"ir_mmps":0.000,"ir_coupled":0,"ir_speed_reason":"STOPPED","ir_applicable":1,"ir_reason":1,"ir_seq":11441,"ir_pulses":6714,"ir_gap":1,"ir_sat":0,"ir_abort":532,"authority":"NAVI_EWO"}
2026-09-30T14:59:05.013	ngr/loco/9950011/diag/ir_link	{"radio_ready":1,"seen":23234,"source_mac":"38:18:2B:30:8C:2C","paired_mac":"38:18:2B:30:8C:2C","paired_for_display_only":1,"coupled":0,"invalid_wire":11861,"queue_drop":0}
2026-09-30T14:59:05.013	ngr/loco/9950011/state/throttle	90
2026-09-30T14:59:05.013	ngr/loco/9950011/state/direction	2
2026-09-30T14:59:05.013	ngr/loco/9950011/state/auto	1
2026-09-30T14:59:05.013	ngr/loco/9950011/state/estop	0
2026-09-30T14:59:05.013	ngr/loco/9950011/state/nav_ready	1
2026-09-30T14:59:05.892	ngr/loco/9950011/nav/evidence	{"event":"HALL_SUPPORT","hall_serial":5758786,"mm":4,"target":3,"dir":-1,"ir_um":64803528,"median5":1827,"reference":1898,"ir_distance_holding":0,"opening_serial":4894247,"opening_ir_um":64571880,"position_reliable":1,"spatial_phase":0,"decision_us":1152110719,"consumption_id":5770169,"ir_seq":11450}
2026-09-30T14:59:05.895	ngr/loco/9950011/nav/evidence	{"event":"HALL_SUPPORT","hall_serial":5758788,"mm":4,"target":3,"dir":-1,"ir_um":64803528,"median5":1827,"reference":1898,"ir_distance_holding":0,"opening_serial":4894247,"opening_ir_um":64571880,"position_reliable":1,"spatial_phase":0,"decision_us":1152110821,"consumption_id":5770171,"ir_seq":11450}
2026-09-30T14:59:05.898	ngr/loco/9950011/nav/evidence	{"event":"HALL_SUPPORT","hall_serial":5758790,"mm":4,"target":3,"dir":-1,"ir_um":64803528,"median5":1827,"reference":1898,"ir_distance_holding":0,"opening_serial":4894247,"opening_ir_um":64571880,"position_reliable":1,"spatial_phase":0,"decision_us":1152110869,"consumption_id":5770173,"ir_seq":11450}
2026-09-30T14:59:06.015	ngr/loco/9950011/state/loopstat	{"build":"NAVI_EYES_WIDE_OPEN_INTEGRATED_R2","mm":4,"target":3,"dir":-1,"target_distance_mm":315,"target_polarity":-1,"position_reliable":1,"reference_ready":1,"reference":1898,"median5":1842,"hall_support":0,"spatial_phase":0,"ir_applicable":1,"ir_distance_state":"HALL_IR_READY","ir_health_fault":6,"ir_readiness":3,"ir_boot":"761B38FCC6F727BE","ir_epoch":1,"ir_epoch_active":1,"ir_seq":11451,"ir_pulses":6714,"ir_reason":1,"ir_age_ms":71,"ir_span":111,"ir_gap":1,"ir_sat":0,"ir_abort":532,"ir_inferred_added":0,"ir_inferred_removed":0,"ir_calibration":0,"hall_seen":5759320,"ir_seen":11383,"hall_q_drop":0,"ir_q_drop":0,"ir_invalid":11871,"nsr_hall_drop":1,"nsr_ir_drop":0,"nsr_navi_drop":0,"nsr_native_drop":168,"event_drop":0,"pwm0_ir_motion":0,"confirmed":60,"missed":152,"pwm":90,"auto":1,"running":1,"estop":0,"lowvolt":0,"ir_stationary_pwm_warning":1,"pub_drop":0}
2026-09-30T14:59:06.022	ngr/loco/9950011/state/trace	{"consumption_drop":334,"action_drop":0,"command_queue_drop":0,"lossless":false}
2026-09-30T14:59:06.022	ngr/loco/9950011/state/nav	{"state":"NORMAL","mm":4,"target":3,"dir":-1,"session_dir":"CCW","position_reliable":1,"ir_distance_state":"HALL_IR_READY","reference_ready":1,"boot_reference":"PROVISIONAL_OR_SPATIAL","authority":"NAVI_EWO"}
2026-09-30T14:59:06.022	ngr/loco/9950011/telem/ir	{"ir_valid":1,"ir_mmps":0.000,"ir_coupled":0,"ir_speed_reason":"STOPPED","ir_applicable":1,"ir_reason":1,"ir_seq":11451,"ir_pulses":6714,"ir_gap":1,"ir_sat":0,"ir_abort":532,"authority":"NAVI_EWO"}
2026-09-30T14:59:06.022	ngr/loco/9950011/telem/speed	{"ir_valid":1,"ir_mmps":0.000,"ir_coupled":0,"ir_speed_reason":"STOPPED","ir_applicable":1,"ir_reason":1,"ir_seq":11451,"ir_pulses":6714,"ir_gap":1,"ir_sat":0,"ir_abort":532,"authority":"NAVI_EWO"}
2026-09-30T14:59:06.022	ngr/loco/9950011/diag/ir_link	{"radio_ready":1,"seen":23254,"source_mac":"38:18:2B:30:8C:2C","paired_mac":"38:18:2B:30:8C:2C","paired_for_display_only":1,"coupled":0,"invalid_wire":11871,"queue_drop":0}
2026-09-30T14:59:06.023	ngr/loco/9950011/state/throttle	90
2026-09-30T14:59:06.023	ngr/loco/9950011/state/direction	2
2026-09-30T14:59:06.023	ngr/loco/9950011/state/auto	1
2026-09-30T14:59:06.023	ngr/loco/9950011/state/estop	0
2026-09-30T14:59:06.023	ngr/loco/9950011/state/nav_ready	1
2026-09-30T14:59:06.635	ngr/loco/9950011/state/connectivity	{"wifi":1,"ip":"192.168.68.72","rssi":-47,"mqtt":1,"mqtt_state":0,"broker":"192.168.68.142","ir_radio":1,"ir_seen":23268,"ir_coupled":0,"navi_sync":1,"udp_failures":176}
2026-09-30T14:59:07.000	ngr/loco/9950011/state/loopstat	{"build":"NAVI_EYES_WIDE_OPEN_INTEGRATED_R2","mm":4,"target":3,"dir":-1,"target_distance_mm":315,"target_polarity":-1,"position_reliable":1,"reference_ready":1,"reference":1898,"median5":1943,"hall_support":0,"spatial_phase":0,"ir_applicable":1,"ir_distance_state":"HALL_IR_READY","ir_health_fault":6,"ir_readiness":3,"ir_boot":"761B38FCC6F727BE","ir_epoch":1,"ir_epoch_active":1,"ir_seq":11461,"ir_pulses":6714,"ir_reason":1,"ir_age_ms":71,"ir_span":287,"ir_gap":1,"ir_sat":0,"ir_abort":532,"ir_inferred_added":0,"ir_inferred_removed":0,"ir_calibration":0,"hall_seen":5764320,"ir_seen":11393,"hall_q_drop":0,"ir_q_drop":0,"ir_invalid":11882,"nsr_hall_drop":1,"nsr_ir_drop":0,"nsr_navi_drop":0,"nsr_native_drop":168,"event_drop":0,"pwm0_ir_motion":0,"confirmed":60,"missed":152,"pwm":90,"auto":1,"running":1,"estop":0,"lowvolt":0,"ir_stationary_pwm_warning":1,"pub_drop":0}
2026-09-30T14:59:07.003	ngr/loco/9950011/state/trace	{"consumption_drop":334,"action_drop":0,"command_queue_drop":0,"lossless":false}
2026-09-30T14:59:07.003	ngr/loco/9950011/state/nav	{"state":"NORMAL","mm":4,"target":3,"dir":-1,"session_dir":"CCW","position_reliable":1,"ir_distance_state":"HALL_IR_READY","reference_ready":1,"boot_reference":"PROVISIONAL_OR_SPATIAL","authority":"NAVI_EWO"}
2026-09-30T14:59:07.010	ngr/loco/9950011/telem/ir	{"ir_valid":1,"ir_mmps":0.000,"ir_coupled":0,"ir_speed_reason":"STOPPED","ir_applicable":1,"ir_reason":1,"ir_seq":11461,"ir_pulses":6714,"ir_gap":1,"ir_sat":0,"ir_abort":532,"authority":"NAVI_EWO"}
2026-09-30T14:59:07.011	ngr/loco/9950011/telem/speed	{"ir_valid":1,"ir_mmps":0.000,"ir_coupled":0,"ir_speed_reason":"STOPPED","ir_applicable":1,"ir_reason":1,"ir_seq":11461,"ir_pulses":6714,"ir_gap":1,"ir_sat":0,"ir_abort":532,"authority":"NAVI_EWO"}
2026-09-30T14:59:07.011	ngr/loco/9950011/diag/ir_link	{"radio_ready":1,"seen":23275,"source_mac":"38:18:2B:30:8C:2C","paired_mac":"38:18:2B:30:8C:2C","paired_for_display_only":1,"coupled":0,"invalid_wire":11882,"queue_drop":0}
2026-09-30T14:59:07.012	ngr/loco/9950011/state/throttle	90
2026-09-30T14:59:07.013	ngr/loco/9950011/state/direction	2
2026-09-30T14:59:07.013	ngr/loco/9950011/state/auto	1
2026-09-30T14:59:07.013	ngr/loco/9950011/state/estop	0
2026-09-30T14:59:07.014	ngr/loco/9950011/state/nav_ready	1
2026-09-30T14:59:07.996	ngr/loco/9950011/state/loopstat	{"build":"NAVI_EYES_WIDE_OPEN_INTEGRATED_R2","mm":4,"target":3,"dir":-1,"target_distance_mm":315,"target_polarity":-1,"position_reliable":1,"reference_ready":1,"reference":1898,"median5":1903,"hall_support":0,"spatial_phase":0,"ir_applicable":1,"ir_distance_state":"HALL_IR_READY","ir_health_fault":0,"ir_readiness":2,"ir_boot":"761B38FCC6F727BE","ir_epoch":1,"ir_epoch_active":1,"ir_seq":11471,"ir_pulses":6714,"ir_reason":5,"ir_age_ms":70,"ir_span":303,"ir_gap":1,"ir_sat":0,"ir_abort":533,"ir_inferred_added":0,"ir_inferred_removed":0,"ir_calibration":0,"hall_seen":5769315,"ir_seen":11403,"hall_q_drop":0,"ir_q_drop":0,"ir_invalid":11892,"nsr_hall_drop":1,"nsr_ir_drop":0,"nsr_navi_drop":0,"nsr_native_drop":168,"event_drop":0,"pwm0_ir_motion":0,"confirmed":60,"missed":152,"pwm":90,"auto":1,"running":1,"estop":0,"lowvolt":0,"ir_stationary_pwm_warning":1,"pub_drop":0}
2026-09-30T14:59:07.998	ngr/loco/9950011/state/trace	{"consumption_drop":334,"action_drop":0,"command_queue_drop":0,"lossless":false}
2026-09-30T14:59:08.001	ngr/loco/9950011/state/nav	{"state":"NORMAL","mm":4,"target":3,"dir":-1,"session_dir":"CCW","position_reliable":1,"ir_distance_state":"HALL_IR_READY","reference_ready":1,"boot_reference":"PROVISIONAL_OR_SPATIAL","authority":"NAVI_EWO"}
2026-09-30T14:59:08.001	ngr/loco/9950011/telem/ir	{"ir_valid":1,"ir_mmps":0.000,"ir_coupled":0,"ir_speed_reason":"STOPPED","ir_applicable":1,"ir_reason":5,"ir_seq":11471,"ir_pulses":6714,"ir_gap":1,"ir_sat":0,"ir_abort":533,"authority":"NAVI_EWO"}
2026-09-30T14:59:08.009	ngr/loco/9950011/telem/speed	{"ir_valid":1,"ir_mmps":0.000,"ir_coupled":0,"ir_speed_reason":"STOPPED","ir_applicable":1,"ir_reason":5,"ir_seq":11471,"ir_pulses":6714,"ir_gap":1,"ir_sat":0,"ir_abort":533,"authority":"NAVI_EWO"}
2026-09-30T14:59:08.009	ngr/loco/9950011/diag/ir_link	{"radio_ready":1,"seen":23295,"source_mac":"38:18:2B:30:8C:2C","paired_mac":"38:18:2B:30:8C:2C","paired_for_display_only":1,"coupled":0,"invalid_wire":11892,"queue_drop":0}
2026-09-30T14:59:08.010	ngr/loco/9950011/state/throttle	90
2026-09-30T14:59:08.011	ngr/loco/9950011/state/direction	2
2026-09-30T14:59:08.011	ngr/loco/9950011/state/auto	1
2026-09-30T14:59:08.011	ngr/loco/9950011/state/estop	0
2026-09-30T14:59:08.012	ngr/loco/9950011/state/nav_ready	1
2026-09-30T14:59:08.843	ngr/loco/9950011/state/lowvolt	0
2026-09-30T14:59:08.849	ngr/loco/9950011/telem/voltage	16.28
2026-09-30T14:59:08.849	ngr/loco/9950011/telem/current	0.34
2026-09-30T14:59:08.849	ngr/loco/9950011/telem/power	5.75
2026-09-30T14:59:08.998	ngr/loco/9950011/state/loopstat	{"build":"NAVI_EYES_WIDE_OPEN_INTEGRATED_R2","mm":4,"target":3,"dir":-1,"target_distance_mm":315,"target_polarity":-1,"position_reliable":1,"reference_ready":1,"reference":1898,"median5":1901,"hall_support":0,"spatial_phase":0,"ir_applicable":1,"ir_distance_state":"HALL_IR_READY","ir_health_fault":0,"ir_readiness":2,"ir_boot":"761B38FCC6F727BE","ir_epoch":1,"ir_epoch_active":1,"ir_seq":11481,"ir_pulses":6714,"ir_reason":5,"ir_age_ms":75,"ir_span":207,"ir_gap":1,"ir_sat":0,"ir_abort":534,"ir_inferred_added":0,"ir_inferred_removed":0,"ir_calibration":0,"hall_seen":5774323,"ir_seen":11413,"hall_q_drop":0,"ir_q_drop":0,"ir_invalid":11902,"nsr_hall_drop":1,"nsr_ir_drop":0,"nsr_navi_drop":0,"nsr_native_drop":168,"event_drop":0,"pwm0_ir_motion":0,"confirmed":60,"missed":152,"pwm":90,"auto":1,"running":1,"estop":0,"lowvolt":0,"ir_stationary_pwm_warning":1,"pub_drop":0}
2026-09-30T14:59:09.001	ngr/loco/9950011/state/trace	{"consumption_drop":334,"action_drop":0,"command_queue_drop":0,"lossless":false}
2026-09-30T14:59:09.001	ngr/loco/9950011/state/nav	{"state":"NORMAL","mm":4,"target":3,"dir":-1,"session_dir":"CCW","position_reliable":1,"ir_distance_state":"HALL_IR_READY","reference_ready":1,"boot_reference":"PROVISIONAL_OR_SPATIAL","authority":"NAVI_EWO"}
2026-09-30T14:59:09.002	ngr/loco/9950011/telem/ir	{"ir_valid":1,"ir_mmps":0.000,"ir_coupled":0,"ir_speed_reason":"STOPPED","ir_applicable":1,"ir_reason":5,"ir_seq":11481,"ir_pulses":6714,"ir_gap":1,"ir_sat":0,"ir_abort":534,"authority":"NAVI_EWO"}
2026-09-30T14:59:09.002	ngr/loco/9950011/telem/speed	{"ir_valid":1,"ir_mmps":0.000,"ir_coupled":0,"ir_speed_reason":"STOPPED","ir_applicable":1,"ir_reason":5,"ir_seq":11481,"ir_pulses":6714,"ir_gap":1,"ir_sat":0,"ir_abort":534,"authority":"NAVI_EWO"}
2026-09-30T14:59:09.002	ngr/loco/9950011/diag/ir_link	{"radio_ready":1,"seen":23315,"source_mac":"38:18:2B:30:8C:2C","paired_mac":"38:18:2B:30:8C:2C","paired_for_display_only":1,"coupled":0,"invalid_wire":11902,"queue_drop":0}
2026-09-30T14:59:09.005	ngr/loco/9950011/state/throttle	90
2026-09-30T14:59:09.005	ngr/loco/9950011/state/direction	2
2026-09-30T14:59:09.005	ngr/loco/9950011/state/auto	1
2026-09-30T14:59:09.009	ngr/loco/9950011/state/estop	0
2026-09-30T14:59:09.009	ngr/loco/9950011/state/nav_ready	1
2026-09-30T14:59:09.998	ngr/loco/9950011/state/loopstat	{"build":"NAVI_EYES_WIDE_OPEN_INTEGRATED_R2","mm":4,"target":3,"dir":-1,"target_distance_mm":315,"target_polarity":-1,"position_reliable":1,"reference_ready":1,"reference":1898,"median5":1901,"hall_support":0,"spatial_phase":0,"ir_applicable":1,"ir_distance_state":"HALL_IR_READY","ir_health_fault":0,"ir_readiness":2,"ir_boot":"761B38FCC6F727BE","ir_epoch":1,"ir_epoch_active":1,"ir_seq":11491,"ir_pulses":6714,"ir_reason":5,"ir_age_ms":76,"ir_span":255,"ir_gap":1,"ir_sat":0,"ir_abort":534,"ir_inferred_added":0,"ir_inferred_removed":0,"ir_calibration":0,"hall_seen":5779325,"ir_seen":11423,"hall_q_drop":0,"ir_q_drop":0,"ir_invalid":11912,"nsr_hall_drop":1,"nsr_ir_drop":0,"nsr_navi_drop":0,"nsr_native_drop":168,"event_drop":0,"pwm0_ir_motion":0,"confirmed":60,"missed":152,"pwm":90,"auto":1,"running":1,"estop":0,"lowvolt":0,"ir_stationary_pwm_warning":1,"pub_drop":0}
2026-09-30T14:59:10.003	ngr/loco/9950011/state/trace	{"consumption_drop":334,"action_drop":0,"command_queue_drop":0,"lossless":false}
2026-09-30T14:59:10.007	ngr/loco/9950011/state/nav	{"state":"NORMAL","mm":4,"target":3,"dir":-1,"session_dir":"CCW","position_reliable":1,"ir_distance_state":"HALL_IR_READY","reference_ready":1,"boot_reference":"PROVISIONAL_OR_SPATIAL","authority":"NAVI_EWO"}
2026-09-30T14:59:10.007	ngr/loco/9950011/telem/ir	{"ir_valid":1,"ir_mmps":0.000,"ir_coupled":0,"ir_speed_reason":"STOPPED","ir_applicable":1,"ir_reason":5,"ir_seq":11491,"ir_pulses":6714,"ir_gap":1,"ir_sat":0,"ir_abort":534,"authority":"NAVI_EWO"}
2026-09-30T14:59:10.007	ngr/loco/9950011/telem/speed	{"ir_valid":1,"ir_mmps":0.000,"ir_coupled":0,"ir_speed_reason":"STOPPED","ir_applicable":1,"ir_reason":5,"ir_seq":11491,"ir_pulses":6714,"ir_gap":1,"ir_sat":0,"ir_abort":534,"authority":"NAVI_EWO"}
2026-09-30T14:59:10.008	ngr/loco/9950011/diag/ir_link	{"radio_ready":1,"seen":23335,"source_mac":"38:18:2B:30:8C:2C","paired_mac":"38:18:2B:30:8C:2C","paired_for_display_only":1,"coupled":0,"invalid_wire":11912,"queue_drop":0}
2026-09-30T14:59:10.008	ngr/loco/9950011/state/throttle	90
2026-09-30T14:59:10.008	ngr/loco/9950011/state/direction	2
2026-09-30T14:59:10.009	ngr/loco/9950011/state/auto	1
2026-09-30T14:59:10.009	ngr/loco/9950011/state/estop	0
2026-09-30T14:59:10.010	ngr/loco/9950011/state/nav_ready	1
2026-09-30T14:59:10.999	ngr/loco/9950011/state/loopstat	{"build":"NAVI_EYES_WIDE_OPEN_INTEGRATED_R2","mm":4,"target":3,"dir":-1,"target_distance_mm":315,"target_polarity":-1,"position_reliable":1,"reference_ready":1,"reference":1898,"median5":2027,"hall_support":0,"spatial_phase":0,"ir_applicable":1,"ir_distance_state":"HALL_IR_READY","ir_health_fault":6,"ir_readiness":3,"ir_boot":"761B38FCC6F727BE","ir_epoch":1,"ir_epoch_active":1,"ir_seq":11501,"ir_pulses":6714,"ir_reason":1,"ir_age_ms":59,"ir_span":175,"ir_gap":1,"ir_sat":0,"ir_abort":534,"ir_inferred_added":0,"ir_inferred_removed":0,"ir_calibration":0,"hall_seen":5784325,"ir_seen":11433,"hall_q_drop":0,"ir_q_drop":0,"ir_invalid":11922,"nsr_hall_drop":1,"nsr_ir_drop":0,"nsr_navi_drop":0,"nsr_native_drop":168,"event_drop":0,"pwm0_ir_motion":0,"confirmed":60,"missed":152,"pwm":90,"auto":1,"running":1,"estop":0,"lowvolt":0,"ir_stationary_pwm_warning":1,"pub_drop":0}
2026-09-30T14:59:11.032	ngr/loco/9950011/state/trace	{"consumption_drop":334,"action_drop":0,"command_queue_drop":0,"lossless":false}
2026-09-30T14:59:11.033	ngr/loco/9950011/state/nav	{"state":"NORMAL","mm":4,"target":3,"dir":-1,"session_dir":"CCW","position_reliable":1,"ir_distance_state":"HALL_IR_READY","reference_ready":1,"boot_reference":"PROVISIONAL_OR_SPATIAL","authority":"NAVI_EWO"}
2026-09-30T14:59:11.033	ngr/loco/9950011/telem/ir	{"ir_valid":1,"ir_mmps":0.000,"ir_coupled":0,"ir_speed_reason":"STOPPED","ir_applicable":1,"ir_reason":1,"ir_seq":11501,"ir_pulses":6714,"ir_gap":1,"ir_sat":0,"ir_abort":534,"authority":"NAVI_EWO"}
2026-09-30T14:59:11.034	ngr/loco/9950011/telem/speed	{"ir_valid":1,"ir_mmps":0.000,"ir_coupled":0,"ir_speed_reason":"STOPPED","ir_applicable":1,"ir_reason":1,"ir_seq":11501,"ir_pulses":6714,"ir_gap":1,"ir_sat":0,"ir_abort":534,"authority":"NAVI_EWO"}
2026-09-30T14:59:11.034	ngr/loco/9950011/diag/ir_link	{"radio_ready":1,"seen":23355,"source_mac":"38:18:2B:30:8C:2C","paired_mac":"38:18:2B:30:8C:2C","paired_for_display_only":1,"coupled":0,"invalid_wire":11922,"queue_drop":0}
2026-09-30T14:59:11.034	ngr/loco/9950011/state/throttle	90
2026-09-30T14:59:11.035	ngr/loco/9950011/state/direction	2
2026-09-30T14:59:11.035	ngr/loco/9950011/state/auto	1
2026-09-30T14:59:11.035	ngr/loco/9950011/state/estop	0
2026-09-30T14:59:11.036	ngr/loco/9950011/state/nav_ready	1
2026-09-30T14:59:11.655	ngr/loco/9950011/state/connectivity	{"wifi":1,"ip":"192.168.68.72","rssi":-48,"mqtt":1,"mqtt_state":0,"broker":"192.168.68.142","ir_radio":1,"ir_seen":23369,"ir_coupled":0,"navi_sync":1,"udp_failures":176}
2026-09-30T14:59:11.995	ngr/loco/9950011/state/loopstat	{"build":"NAVI_EYES_WIDE_OPEN_INTEGRATED_R2","mm":4,"target":3,"dir":-1,"target_distance_mm":315,"target_polarity":-1,"position_reliable":1,"reference_ready":1,"reference":1898,"median5":1893,"hall_support":0,"spatial_phase":0,"ir_applicable":1,"ir_distance_state":"HALL_IR_READY","ir_health_fault":6,"ir_readiness":3,"ir_boot":"761B38FCC6F727BE","ir_epoch":1,"ir_epoch_active":1,"ir_seq":11511,"ir_pulses":6714,"ir_reason":1,"ir_age_ms":58,"ir_span":127,"ir_gap":1,"ir_sat":0,"ir_abort":535,"ir_inferred_added":0,"ir_inferred_removed":0,"ir_calibration":0,"hall_seen":5789321,"ir_seen":11443,"hall_q_drop":0,"ir_q_drop":0,"ir_invalid":11933,"nsr_hall_drop":1,"nsr_ir_drop":0,"nsr_navi_drop":0,"nsr_native_drop":168,"event_drop":0,"pwm0_ir_motion":0,"confirmed":60,"missed":152,"pwm":90,"auto":1,"running":1,"estop":0,"lowvolt":0,"ir_stationary_pwm_warning":1,"pub_drop":0}
2026-09-30T14:59:12.002	ngr/loco/9950011/state/trace	{"consumption_drop":334,"action_drop":0,"command_queue_drop":0,"lossless":false}
2026-09-30T14:59:12.012	ngr/loco/9950011/state/nav	{"state":"NORMAL","mm":4,"target":3,"dir":-1,"session_dir":"CCW","position_reliable":1,"ir_distance_state":"HALL_IR_READY","reference_ready":1,"boot_reference":"PROVISIONAL_OR_SPATIAL","authority":"NAVI_EWO"}
2026-09-30T14:59:12.012	ngr/loco/9950011/telem/ir	{"ir_valid":1,"ir_mmps":0.000,"ir_coupled":0,"ir_speed_reason":"STOPPED","ir_applicable":1,"ir_reason":1,"ir_seq":11511,"ir_pulses":6714,"ir_gap":1,"ir_sat":0,"ir_abort":535,"authority":"NAVI_EWO"}
2026-09-30T14:59:12.013	ngr/loco/9950011/telem/speed	{"ir_valid":1,"ir_mmps":0.000,"ir_coupled":0,"ir_speed_reason":"STOPPED","ir_applicable":1,"ir_reason":1,"ir_seq":11511,"ir_pulses":6714,"ir_gap":1,"ir_sat":0,"ir_abort":535,"authority":"NAVI_EWO"}
2026-09-30T14:59:12.013	ngr/loco/9950011/diag/ir_link	{"radio_ready":1,"seen":23376,"source_mac":"38:18:2B:30:8C:2C","paired_mac":"38:18:2B:30:8C:2C","paired_for_display_only":1,"coupled":0,"invalid_wire":11933,"queue_drop":0}
2026-09-30T14:59:12.013	ngr/loco/9950011/state/throttle	90
2026-09-30T14:59:12.013	ngr/loco/9950011/state/direction	2
2026-09-30T14:59:12.013	ngr/loco/9950011/state/auto	1
2026-09-30T14:59:12.013	ngr/loco/9950011/state/estop	0
2026-09-30T14:59:12.013	ngr/loco/9950011/state/nav_ready	1
2026-09-30T14:59:12.999	ngr/loco/9950011/state/loopstat	{"build":"NAVI_EYES_WIDE_OPEN_INTEGRATED_R2","mm":4,"target":3,"dir":-1,"target_distance_mm":315,"target_polarity":-1,"position_reliable":1,"reference_ready":1,"reference":1898,"median5":1904,"hall_support":0,"spatial_phase":0,"ir_applicable":1,"ir_distance_state":"HALL_IR_READY","ir_health_fault":0,"ir_readiness":0,"ir_boot":"761B38FCC6F727BE","ir_epoch":1,"ir_epoch_active":1,"ir_seq":11521,"ir_pulses":6715,"ir_reason":6,"ir_age_ms":61,"ir_span":479,"ir_gap":1,"ir_sat":0,"ir_abort":535,"ir_inferred_added":0,"ir_inferred_removed":0,"ir_calibration":0,"hall_seen":5794325,"ir_seen":11453,"hall_q_drop":0,"ir_q_drop":0,"ir_invalid":11942,"nsr_hall_drop":1,"nsr_ir_drop":0,"nsr_navi_drop":0,"nsr_native_drop":168,"event_drop":0,"pwm0_ir_motion":0,"confirmed":60,"missed":152,"pwm":90,"auto":1,"running":1,"estop":0,"lowvolt":0,"ir_stationary_pwm_warning":0,"pub_drop":0}
2026-09-30T14:59:13.012	ngr/loco/9950011/state/trace	{"consumption_drop":334,"action_drop":0,"command_queue_drop":0,"lossless":false}
2026-09-30T14:59:13.013	ngr/loco/9950011/state/nav	{"state":"NORMAL","mm":4,"target":3,"dir":-1,"session_dir":"CCW","position_reliable":1,"ir_distance_state":"HALL_IR_READY","reference_ready":1,"boot_reference":"PROVISIONAL_OR_SPATIAL","authority":"NAVI_EWO"}
2026-09-30T14:59:13.015	ngr/loco/9950011/telem/ir	{"ir_valid":1,"ir_mmps":10.724,"ir_coupled":0,"ir_speed_reason":"MEASURED","ir_applicable":1,"ir_reason":6,"ir_seq":11521,"ir_pulses":6715,"ir_gap":1,"ir_sat":0,"ir_abort":535,"authority":"NAVI_EWO"}
2026-09-30T14:59:13.015	ngr/loco/9950011/telem/speed	{"ir_valid":1,"ir_mmps":10.724,"ir_coupled":0,"ir_speed_reason":"MEASURED","ir_applicable":1,"ir_reason":6,"ir_seq":11521,"ir_pulses":6715,"ir_gap":1,"ir_sat":0,"ir_abort":535,"authority":"NAVI_EWO"}
2026-09-30T14:59:13.015	ngr/loco/9950011/diag/ir_link	{"radio_ready":1,"seen":23395,"source_mac":"38:18:2B:30:8C:2C","paired_mac":"38:18:2B:30:8C:2C","paired_for_display_only":1,"coupled":0,"invalid_wire":11942,"queue_drop":0}
2026-09-30T14:59:13.015	ngr/loco/9950011/state/throttle	90
2026-09-30T14:59:13.015	ngr/loco/9950011/state/direction	2
2026-09-30T14:59:13.016	ngr/loco/9950011/state/auto	1
2026-09-30T14:59:13.016	ngr/loco/9950011/state/estop	0
2026-09-30T14:59:13.016	ngr/loco/9950011/state/nav_ready	1
2026-09-30T14:59:13.846	ngr/loco/9950011/state/lowvolt	0
2026-09-30T14:59:13.893	ngr/loco/9950011/telem/voltage	16.36
2026-09-30T14:59:13.893	ngr/loco/9950011/telem/current	0.33
2026-09-30T14:59:13.893	ngr/loco/9950011/telem/power	4.52
2026-09-30T14:59:13.999	ngr/loco/9950011/state/loopstat	{"build":"NAVI_EYES_WIDE_OPEN_INTEGRATED_R2","mm":4,"target":3,"dir":-1,"target_distance_mm":315,"target_polarity":-1,"position_reliable":1,"reference_ready":1,"reference":1898,"median5":1902,"hall_support":0,"spatial_phase":0,"ir_applicable":1,"ir_distance_state":"HALL_IR_READY","ir_health_fault":6,"ir_readiness":3,"ir_boot":"761B38FCC6F727BE","ir_epoch":1,"ir_epoch_active":1,"ir_seq":11531,"ir_pulses":6715,"ir_reason":1,"ir_age_ms":57,"ir_span":63,"ir_gap":1,"ir_sat":0,"ir_abort":536,"ir_inferred_added":0,"ir_inferred_removed":0,"ir_calibration":0,"hall_seen":5799320,"ir_seen":11463,"hall_q_drop":0,"ir_q_drop":0,"ir_invalid":11952,"nsr_hall_drop":1,"nsr_ir_drop":0,"nsr_navi_drop":0,"nsr_native_drop":168,"event_drop":0,"pwm0_ir_motion":0,"confirmed":60,"missed":152,"pwm":90,"auto":1,"running":1,"estop":0,"lowvolt":0,"ir_stationary_pwm_warning":1,"pub_drop":0}
2026-09-30T14:59:14.001	ngr/loco/9950011/state/trace	{"consumption_drop":334,"action_drop":0,"command_queue_drop":0,"lossless":false}
2026-09-30T14:59:14.004	ngr/loco/9950011/state/nav	{"state":"NORMAL","mm":4,"target":3,"dir":-1,"session_dir":"CCW","position_reliable":1,"ir_distance_state":"HALL_IR_READY","reference_ready":1,"boot_reference":"PROVISIONAL_OR_SPATIAL","authority":"NAVI_EWO"}
2026-09-30T14:59:14.004	ngr/loco/9950011/telem/ir	{"ir_valid":1,"ir_mmps":0.000,"ir_coupled":0,"ir_speed_reason":"STOPPED","ir_applicable":1,"ir_reason":1,"ir_seq":11531,"ir_pulses":6715,"ir_gap":1,"ir_sat":0,"ir_abort":536,"authority":"NAVI_EWO"}
2026-09-30T14:59:14.004	ngr/loco/9950011/telem/speed	{"ir_valid":1,"ir_mmps":0.000,"ir_coupled":0,"ir_speed_reason":"STOPPED","ir_applicable":1,"ir_reason":1,"ir_seq":11531,"ir_pulses":6715,"ir_gap":1,"ir_sat":0,"ir_abort":536,"authority":"NAVI_EWO"}
2026-09-30T14:59:14.006	ngr/loco/9950011/diag/ir_link	{"radio_ready":1,"seen":23415,"source_mac":"38:18:2B:30:8C:2C","paired_mac":"38:18:2B:30:8C:2C","paired_for_display_only":1,"coupled":0,"invalid_wire":11952,"queue_drop":0}
2026-09-30T14:59:14.006	ngr/loco/9950011/state/throttle	90
2026-09-30T14:59:14.008	ngr/loco/9950011/state/direction	2
2026-09-30T14:59:14.008	ngr/loco/9950011/state/auto	1
2026-09-30T14:59:14.010	ngr/loco/9950011/state/estop	0
2026-09-30T14:59:14.010	ngr/loco/9950011/state/nav_ready	1
2026-09-30T14:59:15.004	ngr/loco/9950011/state/loopstat	{"build":"NAVI_EYES_WIDE_OPEN_INTEGRATED_R2","mm":4,"target":3,"dir":-1,"target_distance_mm":315,"target_polarity":-1,"position_reliable":1,"reference_ready":1,"reference":1898,"median5":1902,"hall_support":0,"spatial_phase":0,"ir_applicable":1,"ir_distance_state":"HALL_IR_READY","ir_health_fault":6,"ir_readiness":3,"ir_boot":"761B38FCC6F727BE","ir_epoch":1,"ir_epoch_active":1,"ir_seq":11541,"ir_pulses":6715,"ir_reason":1,"ir_age_ms":64,"ir_span":191,"ir_gap":1,"ir_sat":0,"ir_abort":536,"ir_inferred_added":0,"ir_inferred_removed":0,"ir_calibration":0,"hall_seen":5804325,"ir_seen":11473,"hall_q_drop":0,"ir_q_drop":0,"ir_invalid":11962,"nsr_hall_drop":1,"nsr_ir_drop":0,"nsr_navi_drop":0,"nsr_native_drop":168,"event_drop":0,"pwm0_ir_motion":0,"confirmed":60,"missed":152,"pwm":90,"auto":1,"running":1,"estop":0,"lowvolt":0,"ir_stationary_pwm_warning":1,"pub_drop":0}
2026-09-30T14:59:15.012	ngr/loco/9950011/state/trace	{"consumption_drop":334,"action_drop":0,"command_queue_drop":0,"lossless":false}
2026-09-30T14:59:15.013	ngr/loco/9950011/state/nav	{"state":"NORMAL","mm":4,"target":3,"dir":-1,"session_dir":"CCW","position_reliable":1,"ir_distance_state":"HALL_IR_READY","reference_ready":1,"boot_reference":"PROVISIONAL_OR_SPATIAL","authority":"NAVI_EWO"}
2026-09-30T14:59:15.014	ngr/loco/9950011/telem/ir	{"ir_valid":1,"ir_mmps":0.000,"ir_coupled":0,"ir_speed_reason":"STOPPED","ir_applicable":1,"ir_reason":1,"ir_seq":11541,"ir_pulses":6715,"ir_gap":1,"ir_sat":0,"ir_abort":536,"authority":"NAVI_EWO"}
2026-09-30T14:59:15.015	ngr/loco/9950011/telem/speed	{"ir_valid":1,"ir_mmps":0.000,"ir_coupled":0,"ir_speed_reason":"STOPPED","ir_applicable":1,"ir_reason":1,"ir_seq":11541,"ir_pulses":6715,"ir_gap":1,"ir_sat":0,"ir_abort":536,"authority":"NAVI_EWO"}
2026-09-30T14:59:15.015	ngr/loco/9950011/diag/ir_link	{"radio_ready":1,"seen":23435,"source_mac":"38:18:2B:30:8C:2C","paired_mac":"38:18:2B:30:8C:2C","paired_for_display_only":1,"coupled":0,"invalid_wire":11962,"queue_drop":0}
2026-09-30T14:59:15.015	ngr/loco/9950011/state/throttle	90
2026-09-30T14:59:15.015	ngr/loco/9950011/state/direction	2
2026-09-30T14:59:15.015	ngr/loco/9950011/state/auto	1
2026-09-30T14:59:15.016	ngr/loco/9950011/state/estop	0
2026-09-30T14:59:15.016	ngr/loco/9950011/state/nav_ready	1
2026-09-30T14:59:15.686	ngr/loco/9950011/nav/evidence	{"event":"HALL_SUPPORT","hall_serial":5807773,"mm":4,"target":3,"dir":-1,"ir_um":64813180,"median5":1828,"reference":1898,"ir_distance_holding":0,"opening_serial":4894247,"opening_ir_um":64571880,"position_reliable":1,"spatial_phase":0,"decision_us":1161906915,"consumption_id":5819254,"ir_seq":11548}
2026-09-30T14:59:15.689	ngr/loco/9950011/nav/evidence	{"event":"HALL_SUPPORT","hall_serial":5807784,"mm":4,"target":3,"dir":-1,"ir_um":64813180,"median5":1825,"reference":1898,"ir_distance_holding":0,"opening_serial":4894247,"opening_ir_um":64571880,"position_reliable":1,"spatial_phase":0,"decision_us":1161911004,"consumption_id":5819265,"ir_seq":11548}
2026-09-30T14:59:15.703	ngr/loco/9950011/nav/evidence	{"event":"HALL_SUPPORT","hall_serial":5807797,"mm":4,"target":3,"dir":-1,"ir_um":64813180,"median5":1828,"reference":1898,"ir_distance_holding":0,"opening_serial":4894247,"opening_ir_um":64571880,"position_reliable":1,"spatial_phase":0,"decision_us":1161913790,"consumption_id":5819278,"ir_seq":11548}
2026-09-30T14:59:15.705	ngr/loco/9950011/nav/evidence	{"event":"HALL_SUPPORT","hall_serial":5807800,"mm":4,"target":3,"dir":-1,"ir_um":64813180,"median5":1827,"reference":1898,"ir_distance_holding":0,"opening_serial":4894247,"opening_ir_um":64571880,"position_reliable":1,"spatial_phase":0,"decision_us":1161913876,"consumption_id":5819281,"ir_seq":11548}
2026-09-30T14:59:15.785	ngr/loco/9950011/nav/evidence	{"event":"HALL_SUPPORT","hall_serial":5808262,"mm":4,"target":3,"dir":-1,"ir_um":64813180,"median5":1826,"reference":1898,"ir_distance_holding":0,"opening_serial":4894247,"opening_ir_um":64571880,"position_reliable":1,"spatial_phase":0,"decision_us":1162005774,"consumption_id":5819744,"ir_seq":11549}
2026-09-30T14:59:15.789	ngr/loco/9950011/nav/evidence	{"event":"HALL_SUPPORT","hall_serial":5808266,"mm":4,"target":3,"dir":-1,"ir_um":64813180,"median5":1825,"reference":1898,"ir_distance_holding":0,"opening_serial":4894247,"opening_ir_um":64571880,"position_reliable":1,"spatial_phase":0,"decision_us":1162006055,"consumption_id":5819748,"ir_seq":11549}
2026-09-30T14:59:16.003	ngr/loco/9950011/state/loopstat	{"build":"NAVI_EYES_WIDE_OPEN_INTEGRATED_R2","mm":4,"target":3,"dir":-1,"target_distance_mm":315,"target_polarity":-1,"position_reliable":1,"reference_ready":1,"reference":1898,"median5":1907,"hall_support":0,"spatial_phase":0,"ir_applicable":1,"ir_distance_state":"HALL_IR_READY","ir_health_fault":6,"ir_readiness":3,"ir_boot":"761B38FCC6F727BE","ir_epoch":1,"ir_epoch_active":1,"ir_seq":11551,"ir_pulses":6716,"ir_reason":1,"ir_age_ms":68,"ir_span":287,"ir_gap":1,"ir_sat":0,"ir_abort":537,"ir_inferred_added":0,"ir_inferred_removed":0,"ir_calibration":0,"hall_seen":5809325,"ir_seen":11482,"hall_q_drop":0,"ir_q_drop":0,"ir_invalid":11972,"nsr_hall_drop":1,"nsr_ir_drop":0,"nsr_navi_drop":0,"nsr_native_drop":168,"event_drop":0,"pwm0_ir_motion":0,"confirmed":60,"missed":152,"pwm":90,"auto":1,"running":1,"estop":0,"lowvolt":0,"ir_stationary_pwm_warning":0,"pub_drop":0}
2026-09-30T14:59:16.006	ngr/loco/9950011/state/trace	{"consumption_drop":334,"action_drop":0,"command_queue_drop":0,"lossless":false}
2026-09-30T14:59:16.006	ngr/loco/9950011/state/nav	{"state":"NORMAL","mm":4,"target":3,"dir":-1,"session_dir":"CCW","position_reliable":1,"ir_distance_state":"HALL_IR_READY","reference_ready":1,"boot_reference":"PROVISIONAL_OR_SPATIAL","authority":"NAVI_EWO"}
2026-09-30T14:59:16.007	ngr/loco/9950011/telem/ir	{"ir_valid":1,"ir_mmps":10.724,"ir_coupled":0,"ir_speed_reason":"MEASURED","ir_applicable":1,"ir_reason":1,"ir_seq":11551,"ir_pulses":6716,"ir_gap":1,"ir_sat":0,"ir_abort":537,"authority":"NAVI_EWO"}
2026-09-30T14:59:16.007	ngr/loco/9950011/telem/speed	{"ir_valid":1,"ir_mmps":10.724,"ir_coupled":0,"ir_speed_reason":"MEASURED","ir_applicable":1,"ir_reason":1,"ir_seq":11551,"ir_pulses":6716,"ir_gap":1,"ir_sat":0,"ir_abort":537,"authority":"NAVI_EWO"}
2026-09-30T14:59:16.008	ngr/loco/9950011/diag/ir_link	{"radio_ready":1,"seen":23454,"source_mac":"38:18:2B:30:8C:2C","paired_mac":"38:18:2B:30:8C:2C","paired_for_display_only":1,"coupled":0,"invalid_wire":11972,"queue_drop":0}
2026-09-30T14:59:16.008	ngr/loco/9950011/state/throttle	90
2026-09-30T14:59:16.009	ngr/loco/9950011/state/direction	2
2026-09-30T14:59:16.014	ngr/loco/9950011/state/auto	1
2026-09-30T14:59:16.014	ngr/loco/9950011/state/estop	0
2026-09-30T14:59:16.014	ngr/loco/9950011/state/nav_ready	1
2026-09-30T14:59:16.671	ngr/loco/9950011/state/connectivity	{"wifi":1,"ip":"192.168.68.72","rssi":-43,"mqtt":1,"mqtt_state":0,"broker":"192.168.68.142","ir_radio":1,"ir_seen":23468,"ir_coupled":0,"navi_sync":1,"udp_failures":176}
2026-09-30T14:59:16.854	ngr/loco/9950011/nav/evidence	{"event":"HALL_SUPPORT","hall_serial":5813568,"mm":4,"target":3,"dir":-1,"ir_um":64832484,"median5":1827,"reference":1898,"ir_distance_holding":0,"opening_serial":4894247,"opening_ir_um":64571880,"position_reliable":1,"spatial_phase":0,"decision_us":1163065764,"consumption_id":5825060,"ir_seq":11560}
2026-09-30T14:59:16.946	ngr/loco/9950011/nav/evidence	{"event":"HALL_SUPPORT","hall_serial":5814084,"mm":4,"target":3,"dir":-1,"ir_um":64832484,"median5":1826,"reference":1898,"ir_distance_holding":0,"opening_serial":4894247,"opening_ir_um":64571880,"position_reliable":1,"spatial_phase":0,"decision_us":1163168796,"consumption_id":5825577,"ir_seq":11561}
2026-09-30T14:59:16.998	ngr/loco/9950011/state/loopstat	{"build":"NAVI_EYES_WIDE_OPEN_INTEGRATED_R2","mm":4,"target":3,"dir":-1,"target_distance_mm":315,"target_polarity":-1,"position_reliable":1,"reference_ready":1,"reference":1898,"median5":1898,"hall_support":0,"spatial_phase":0,"ir_applicable":1,"ir_distance_state":"HALL_IR_READY","ir_health_fault":0,"ir_readiness":2,"ir_boot":"761B38FCC6F727BE","ir_epoch":1,"ir_epoch_active":1,"ir_seq":11561,"ir_pulses":6717,"ir_reason":5,"ir_age_ms":67,"ir_span":863,"ir_gap":1,"ir_sat":0,"ir_abort":538,"ir_inferred_added":0,"ir_inferred_removed":0,"ir_calibration":0,"hall_seen":5814325,"ir_seen":11492,"hall_q_drop":0,"ir_q_drop":0,"ir_invalid":11983,"nsr_hall_drop":1,"nsr_ir_drop":0,"nsr_navi_drop":0,"nsr_native_drop":168,"event_drop":0,"pwm0_ir_motion":0,"confirmed":60,"missed":152,"pwm":90,"auto":1,"running":1,"estop":0,"lowvolt":0,"ir_stationary_pwm_warning":0,"pub_drop":0}
2026-09-30T14:59:17.003	ngr/loco/9950011/state/trace	{"consumption_drop":334,"action_drop":0,"command_queue_drop":0,"lossless":false}
2026-09-30T14:59:17.004	ngr/loco/9950011/state/nav	{"state":"NORMAL","mm":4,"target":3,"dir":-1,"session_dir":"CCW","position_reliable":1,"ir_distance_state":"HALL_IR_READY","reference_ready":1,"boot_reference":"PROVISIONAL_OR_SPATIAL","authority":"NAVI_EWO"}
2026-09-30T14:59:17.006	ngr/loco/9950011/telem/ir	{"ir_valid":1,"ir_mmps":10.724,"ir_coupled":0,"ir_speed_reason":"MEASURED","ir_applicable":1,"ir_reason":5,"ir_seq":11561,"ir_pulses":6717,"ir_gap":1,"ir_sat":0,"ir_abort":538,"authority":"NAVI_EWO"}
2026-09-30T14:59:17.006	ngr/loco/9950011/telem/speed	{"ir_valid":1,"ir_mmps":10.724,"ir_coupled":0,"ir_speed_reason":"MEASURED","ir_applicable":1,"ir_reason":5,"ir_seq":11561,"ir_pulses":6717,"ir_gap":1,"ir_sat":0,"ir_abort":538,"authority":"NAVI_EWO"}
2026-09-30T14:59:17.007	ngr/loco/9950011/diag/ir_link	{"radio_ready":1,"seen":23475,"source_mac":"38:18:2B:30:8C:2C","paired_mac":"38:18:2B:30:8C:2C","paired_for_display_only":1,"coupled":0,"invalid_wire":11983,"queue_drop":0}
2026-09-30T14:59:17.007	ngr/loco/9950011/state/throttle	90
2026-09-30T14:59:17.007	ngr/loco/9950011/state/direction	2
2026-09-30T14:59:17.007	ngr/loco/9950011/state/auto	1
2026-09-30T14:59:17.007	ngr/loco/9950011/state/estop	0
2026-09-30T14:59:17.008	ngr/loco/9950011/state/nav_ready	1
2026-09-30T14:59:18.003	ngr/loco/9950011/state/loopstat	{"build":"NAVI_EYES_WIDE_OPEN_INTEGRATED_R2","mm":4,"target":3,"dir":-1,"target_distance_mm":315,"target_polarity":-1,"position_reliable":1,"reference_ready":1,"reference":1898,"median5":1888,"hall_support":0,"spatial_phase":0,"ir_applicable":1,"ir_distance_state":"HALL_IR_READY","ir_health_fault":0,"ir_readiness":2,"ir_boot":"761B38FCC6F727BE","ir_epoch":1,"ir_epoch_active":1,"ir_seq":11571,"ir_pulses":6718,"ir_reason":5,"ir_age_ms":71,"ir_span":319,"ir_gap":1,"ir_sat":0,"ir_abort":539,"ir_inferred_added":0,"ir_inferred_removed":0,"ir_calibration":0,"hall_seen":5819325,"ir_seen":11502,"hall_q_drop":0,"ir_q_drop":0,"ir_invalid":11993,"nsr_hall_drop":1,"nsr_ir_drop":0,"nsr_navi_drop":0,"nsr_native_drop":168,"event_drop":0,"pwm0_ir_motion":0,"confirmed":60,"missed":152,"pwm":90,"auto":1,"running":1,"estop":0,"lowvolt":0,"ir_stationary_pwm_warning":0,"pub_drop":0}
2026-09-30T14:59:18.016	ngr/loco/9950011/state/trace	{"consumption_drop":334,"action_drop":0,"command_queue_drop":0,"lossless":false}
2026-09-30T14:59:18.016	ngr/loco/9950011/state/nav	{"state":"NORMAL","mm":4,"target":3,"dir":-1,"session_dir":"CCW","position_reliable":1,"ir_distance_state":"HALL_IR_READY","reference_ready":1,"boot_reference":"PROVISIONAL_OR_SPATIAL","authority":"NAVI_EWO"}
2026-09-30T14:59:18.016	ngr/loco/9950011/telem/ir	{"ir_valid":1,"ir_mmps":10.724,"ir_coupled":0,"ir_speed_reason":"MEASURED","ir_applicable":1,"ir_reason":5,"ir_seq":11571,"ir_pulses":6718,"ir_gap":1,"ir_sat":0,"ir_abort":539,"authority":"NAVI_EWO"}
2026-09-30T14:59:18.017	ngr/loco/9950011/telem/speed	{"ir_valid":1,"ir_mmps":10.724,"ir_coupled":0,"ir_speed_reason":"MEASURED","ir_applicable":1,"ir_reason":5,"ir_seq":11571,"ir_pulses":6718,"ir_gap":1,"ir_sat":0,"ir_abort":539,"authority":"NAVI_EWO"}
2026-09-30T14:59:18.017	ngr/loco/9950011/diag/ir_link	{"radio_ready":1,"seen":23495,"source_mac":"38:18:2B:30:8C:2C","paired_mac":"38:18:2B:30:8C:2C","paired_for_display_only":1,"coupled":0,"invalid_wire":11993,"queue_drop":0}
2026-09-30T14:59:18.024	ngr/loco/9950011/state/throttle	90
2026-09-30T14:59:18.024	ngr/loco/9950011/state/direction	2
2026-09-30T14:59:18.025	ngr/loco/9950011/state/auto	1
2026-09-30T14:59:18.025	ngr/loco/9950011/state/estop	0
2026-09-30T14:59:18.025	ngr/loco/9950011/state/nav_ready	1
2026-09-30T14:59:18.052	ngr/loco/9950011/nav/evidence	{"event":"HALL_SUPPORT","hall_serial":5819580,"mm":4,"target":3,"dir":-1,"ir_um":64842136,"median5":1828,"reference":1898,"ir_distance_holding":0,"opening_serial":4894247,"opening_ir_um":64571880,"position_reliable":1,"spatial_phase":0,"decision_us":1164267793,"consumption_id":5831084,"ir_seq":11572}
2026-09-30T14:59:18.055	ngr/loco/9950011/nav/evidence	{"event":"TARGET_CONFIRMED","hall_serial":5819580,"mm":3,"target":3,"dir":-1,"ir_um":64842136,"median5":1828,"reference":1898,"ir_distance_holding":0,"opening_serial":5819577,"opening_ir_um":64842136,"position_reliable":1,"spatial_phase":0,"decision_us":1164267793,"consumption_id":5831084,"ir_seq":11572}
2026-09-30T14:59:18.057	ngr/loco/9950011/mm/marker	{"event":"TARGET_CONFIRMED","hall_serial":5819580,"mm":3,"target":3,"dir":-1,"ir_um":64842136,"median5":1828,"reference":1898,"ir_distance_holding":0,"opening_serial":5819577,"opening_ir_um":64842136,"position_reliable":1,"spatial_phase":0,"decision_us":1164267793,"consumption_id":5831084,"ir_seq":11572}
2026-09-30T14:59:18.057	ngr/loco/9950011/nav/evidence	{"event":"SPATIAL_CLEARANCE","hall_serial":5819580,"mm":3,"target":2,"dir":-1,"ir_um":64842136,"median5":0,"reference":1898,"ir_distance_holding":0,"opening_serial":5819577,"opening_ir_um":64842136,"position_reliable":1,"spatial_phase":1,"decision_us":1164267793,"consumption_id":5831084,"ir_seq":11572}
2026-09-30T14:59:18.847	ngr/loco/9950011/state/lowvolt	0
2026-09-30T14:59:18.849	ngr/loco/9950011/telem/voltage	16.29
2026-09-30T14:59:18.849	ngr/loco/9950011/telem/current	0.35
2026-09-30T14:59:18.849	ngr/loco/9950011/telem/power	5.74
2026-09-30T14:59:18.998	ngr/loco/9950011/state/loopstat	{"build":"NAVI_EYES_WIDE_OPEN_INTEGRATED_R2","mm":3,"target":2,"dir":-1,"target_distance_mm":330,"target_polarity":-1,"position_reliable":1,"reference_ready":1,"reference":1898,"median5":0,"hall_support":0,"spatial_phase":1,"ir_applicable":1,"ir_distance_state":"HALL_IR_READY","ir_health_fault":6,"ir_readiness":3,"ir_boot":"761B38FCC6F727BE","ir_epoch":1,"ir_epoch_active":1,"ir_seq":11581,"ir_pulses":6718,"ir_reason":1,"ir_age_ms":72,"ir_span":63,"ir_gap":1,"ir_sat":0,"ir_abort":540,"ir_inferred_added":0,"ir_inferred_removed":0,"ir_calibration":0,"hall_seen":5824324,"ir_seen":11512,"hall_q_drop":0,"ir_q_drop":0,"ir_invalid":12004,"nsr_hall_drop":1,"nsr_ir_drop":0,"nsr_navi_drop":0,"nsr_native_drop":168,"event_drop":0,"pwm0_ir_motion":0,"confirmed":61,"missed":152,"pwm":90,"auto":1,"running":1,"estop":0,"lowvolt":0,"ir_stationary_pwm_warning":1,"pub_drop":0}
2026-09-30T14:59:19.002	ngr/loco/9950011/state/trace	{"consumption_drop":334,"action_drop":0,"command_queue_drop":0,"lossless":false}
2026-09-30T14:59:19.002	ngr/loco/9950011/state/nav	{"state":"NORMAL","mm":3,"target":2,"dir":-1,"session_dir":"CCW","position_reliable":1,"ir_distance_state":"HALL_IR_READY","reference_ready":1,"boot_reference":"PROVISIONAL_OR_SPATIAL","authority":"NAVI_EWO"}
2026-09-30T14:59:19.008	ngr/loco/9950011/telem/ir	{"ir_valid":1,"ir_mmps":0.000,"ir_coupled":0,"ir_speed_reason":"STOPPED","ir_applicable":1,"ir_reason":1,"ir_seq":11581,"ir_pulses":6718,"ir_gap":1,"ir_sat":0,"ir_abort":540,"authority":"NAVI_EWO"}
2026-09-30T14:59:19.008	ngr/loco/9950011/telem/speed	{"ir_valid":1,"ir_mmps":0.000,"ir_coupled":0,"ir_speed_reason":"STOPPED","ir_applicable":1,"ir_reason":1,"ir_seq":11581,"ir_pulses":6718,"ir_gap":1,"ir_sat":0,"ir_abort":540,"authority":"NAVI_EWO"}
2026-09-30T14:59:19.008	ngr/loco/9950011/diag/ir_link	{"radio_ready":1,"seen":23516,"source_mac":"38:18:2B:30:8C:2C","paired_mac":"38:18:2B:30:8C:2C","paired_for_display_only":1,"coupled":0,"invalid_wire":12004,"queue_drop":0}
2026-09-30T14:59:19.009	ngr/loco/9950011/state/throttle	90
2026-09-30T14:59:19.009	ngr/loco/9950011/state/direction	2
2026-09-30T14:59:19.009	ngr/loco/9950011/state/auto	1
2026-09-30T14:59:19.013	ngr/loco/9950011/state/estop	0
2026-09-30T14:59:19.013	ngr/loco/9950011/state/nav_ready	1
2026-09-30T14:59:19.996	ngr/loco/9950011/state/loopstat	{"build":"NAVI_EYES_WIDE_OPEN_INTEGRATED_R2","mm":3,"target":2,"dir":-1,"target_distance_mm":330,"target_polarity":-1,"position_reliable":1,"reference_ready":1,"reference":1898,"median5":0,"hall_support":0,"spatial_phase":1,"ir_applicable":1,"ir_distance_state":"HALL_IR_READY","ir_health_fault":6,"ir_readiness":3,"ir_boot":"761B38FCC6F727BE","ir_epoch":1,"ir_epoch_active":1,"ir_seq":11591,"ir_pulses":6718,"ir_reason":1,"ir_age_ms":73,"ir_span":95,"ir_gap":1,"ir_sat":0,"ir_abort":541,"ir_inferred_added":0,"ir_inferred_removed":0,"ir_calibration":0,"hall_seen":5829328,"ir_seen":11522,"hall_q_drop":0,"ir_q_drop":0,"ir_invalid":12014,"nsr_hall_drop":1,"nsr_ir_drop":0,"nsr_navi_drop":0,"nsr_native_drop":168,"event_drop":0,"pwm0_ir_motion":0,"confirmed":61,"missed":152,"pwm":90,"auto":1,"running":1,"estop":0,"lowvolt":0,"ir_stationary_pwm_warning":1,"pub_drop":0}
2026-09-30T14:59:19.999	ngr/loco/9950011/state/trace	{"consumption_drop":334,"action_drop":0,"command_queue_drop":0,"lossless":false}
2026-09-30T14:59:20.002	ngr/loco/9950011/state/nav	{"state":"NORMAL","mm":3,"target":2,"dir":-1,"session_dir":"CCW","position_reliable":1,"ir_distance_state":"HALL_IR_READY","reference_ready":1,"boot_reference":"PROVISIONAL_OR_SPATIAL","authority":"NAVI_EWO"}
2026-09-30T14:59:20.003	ngr/loco/9950011/telem/ir	{"ir_valid":1,"ir_mmps":0.000,"ir_coupled":0,"ir_speed_reason":"STOPPED","ir_applicable":1,"ir_reason":1,"ir_seq":11591,"ir_pulses":6718,"ir_gap":1,"ir_sat":0,"ir_abort":541,"authority":"NAVI_EWO"}
2026-09-30T14:59:20.003	ngr/loco/9950011/telem/speed	{"ir_valid":1,"ir_mmps":0.000,"ir_coupled":0,"ir_speed_reason":"STOPPED","ir_applicable":1,"ir_reason":1,"ir_seq":11591,"ir_pulses":6718,"ir_gap":1,"ir_sat":0,"ir_abort":541,"authority":"NAVI_EWO"}
2026-09-30T14:59:20.006	ngr/loco/9950011/diag/ir_link	{"radio_ready":1,"seen":23536,"source_mac":"38:18:2B:30:8C:2C","paired_mac":"38:18:2B:30:8C:2C","paired_for_display_only":1,"coupled":0,"invalid_wire":12014,"queue_drop":0}
2026-09-30T14:59:20.007	ngr/loco/9950011/state/throttle	90
2026-09-30T14:59:20.007	ngr/loco/9950011/state/direction	2
2026-09-30T14:59:20.007	ngr/loco/9950011/state/auto	1
2026-09-30T14:59:20.009	ngr/loco/9950011/state/estop	0
2026-09-30T14:59:20.009	ngr/loco/9950011/state/nav_ready	1
2026-09-30T14:59:21.006	ngr/loco/9950011/state/loopstat	{"build":"NAVI_EYES_WIDE_OPEN_INTEGRATED_R2","mm":3,"target":2,"dir":-1,"target_distance_mm":330,"target_polarity":-1,"position_reliable":1,"reference_ready":1,"reference":1898,"median5":0,"hall_support":0,"spatial_phase":1,"ir_applicable":1,"ir_distance_state":"HALL_IR_READY","ir_health_fault":0,"ir_readiness":2,"ir_boot":"761B38FCC6F727BE","ir_epoch":1,"ir_epoch_active":1,"ir_seq":11601,"ir_pulses":6718,"ir_reason":5,"ir_age_ms":56,"ir_span":351,"ir_gap":1,"ir_sat":0,"ir_abort":541,"ir_inferred_added":0,"ir_inferred_removed":0,"ir_calibration":0,"hall_seen":5834328,"ir_seen":11532,"hall_q_drop":0,"ir_q_drop":0,"ir_invalid":12025,"nsr_hall_drop":1,"nsr_ir_drop":0,"nsr_navi_drop":0,"nsr_native_drop":168,"event_drop":0,"pwm0_ir_motion":0,"confirmed":61,"missed":152,"pwm":90,"auto":1,"running":1,"estop":0,"lowvolt":0,"ir_stationary_pwm_warning":1,"pub_drop":0}
2026-09-30T14:59:21.014	ngr/loco/9950011/state/trace	{"consumption_drop":334,"action_drop":0,"command_queue_drop":0,"lossless":false}
2026-09-30T14:59:21.014	ngr/loco/9950011/state/nav	{"state":"NORMAL","mm":3,"target":2,"dir":-1,"session_dir":"CCW","position_reliable":1,"ir_distance_state":"HALL_IR_READY","reference_ready":1,"boot_reference":"PROVISIONAL_OR_SPATIAL","authority":"NAVI_EWO"}
2026-09-30T14:59:21.015	ngr/loco/9950011/telem/ir	{"ir_valid":1,"ir_mmps":0.000,"ir_coupled":0,"ir_speed_reason":"STOPPED","ir_applicable":1,"ir_reason":5,"ir_seq":11601,"ir_pulses":6718,"ir_gap":1,"ir_sat":0,"ir_abort":541,"authority":"NAVI_EWO"}
2026-09-30T14:59:21.015	ngr/loco/9950011/telem/speed	{"ir_valid":1,"ir_mmps":0.000,"ir_coupled":0,"ir_speed_reason":"STOPPED","ir_applicable":1,"ir_reason":5,"ir_seq":11601,"ir_pulses":6718,"ir_gap":1,"ir_sat":0,"ir_abort":541,"authority":"NAVI_EWO"}
2026-09-30T14:59:21.018	ngr/loco/9950011/diag/ir_link	{"radio_ready":1,"seen":23557,"source_mac":"38:18:2B:30:8C:2C","paired_mac":"38:18:2B:30:8C:2C","paired_for_display_only":1,"coupled":0,"invalid_wire":12025,"queue_drop":0}
2026-09-30T14:59:21.019	ngr/loco/9950011/state/throttle	90
2026-09-30T14:59:21.019	ngr/loco/9950011/state/direction	2
2026-09-30T14:59:21.019	ngr/loco/9950011/state/auto	1
2026-09-30T14:59:21.019	ngr/loco/9950011/state/estop	0
2026-09-30T14:59:21.019	ngr/loco/9950011/state/nav_ready	1
2026-09-30T14:59:21.651	ngr/loco/9950011/state/connectivity	{"wifi":1,"ip":"192.168.68.72","rssi":-56,"mqtt":1,"mqtt_state":0,"broker":"192.168.68.142","ir_radio":1,"ir_seen":23569,"ir_coupled":0,"navi_sync":1,"udp_failures":176}
2026-09-30T14:59:21.997	ngr/loco/9950011/state/loopstat	{"build":"NAVI_EYES_WIDE_OPEN_INTEGRATED_R2","mm":3,"target":2,"dir":-1,"target_distance_mm":330,"target_polarity":-1,"position_reliable":1,"reference_ready":1,"reference":1898,"median5":0,"hall_support":0,"spatial_phase":1,"ir_applicable":1,"ir_distance_state":"HALL_IR_READY","ir_health_fault":0,"ir_readiness":2,"ir_boot":"761B38FCC6F727BE","ir_epoch":1,"ir_epoch_active":1,"ir_seq":11611,"ir_pulses":6718,"ir_reason":5,"ir_age_ms":54,"ir_span":335,"ir_gap":1,"ir_sat":0,"ir_abort":542,"ir_inferred_added":0,"ir_inferred_removed":0,"ir_calibration":0,"hall_seen":5839329,"ir_seen":11541,"hall_q_drop":0,"ir_q_drop":0,"ir_invalid":12035,"nsr_hall_drop":1,"nsr_ir_drop":0,"nsr_navi_drop":0,"nsr_native_drop":168,"event_drop":0,"pwm0_ir_motion":0,"confirmed":61,"missed":152,"pwm":90,"auto":1,"running":1,"estop":0,"lowvolt":0,"ir_stationary_pwm_warning":1,"pub_drop":0}
2026-09-30T14:59:22.002	ngr/loco/9950011/state/trace	{"consumption_drop":334,"action_drop":0,"command_queue_drop":0,"lossless":false}
2026-09-30T14:59:22.011	ngr/loco/9950011/state/nav	{"state":"NORMAL","mm":3,"target":2,"dir":-1,"session_dir":"CCW","position_reliable":1,"ir_distance_state":"HALL_IR_READY","reference_ready":1,"boot_reference":"PROVISIONAL_OR_SPATIAL","authority":"NAVI_EWO"}
2026-09-30T14:59:22.011	ngr/loco/9950011/telem/ir	{"ir_valid":1,"ir_mmps":0.000,"ir_coupled":0,"ir_speed_reason":"STOPPED","ir_applicable":1,"ir_reason":5,"ir_seq":11611,"ir_pulses":6718,"ir_gap":1,"ir_sat":0,"ir_abort":542,"authority":"NAVI_EWO"}
2026-09-30T14:59:22.011	ngr/loco/9950011/telem/speed	{"ir_valid":1,"ir_mmps":0.000,"ir_coupled":0,"ir_speed_reason":"STOPPED","ir_applicable":1,"ir_reason":5,"ir_seq":11611,"ir_pulses":6718,"ir_gap":1,"ir_sat":0,"ir_abort":542,"authority":"NAVI_EWO"}
2026-09-30T14:59:22.012	ngr/loco/9950011/diag/ir_link	{"radio_ready":1,"seen":23576,"source_mac":"38:18:2B:30:8C:2C","paired_mac":"38:18:2B:30:8C:2C","paired_for_display_only":1,"coupled":0,"invalid_wire":12035,"queue_drop":0}
2026-09-30T14:59:22.012	ngr/loco/9950011/state/throttle	90
2026-09-30T14:59:22.012	ngr/loco/9950011/state/direction	2
2026-09-30T14:59:22.012	ngr/loco/9950011/state/auto	1
2026-09-30T14:59:22.012	ngr/loco/9950011/state/estop	0
2026-09-30T14:59:22.014	ngr/loco/9950011/state/nav_ready	1
2026-09-30T14:59:23.005	ngr/loco/9950011/state/loopstat	{"build":"NAVI_EYES_WIDE_OPEN_INTEGRATED_R2","mm":3,"target":2,"dir":-1,"target_distance_mm":330,"target_polarity":-1,"position_reliable":1,"reference_ready":1,"reference":1898,"median5":0,"hall_support":0,"spatial_phase":1,"ir_applicable":1,"ir_distance_state":"HALL_IR_READY","ir_health_fault":6,"ir_readiness":3,"ir_boot":"761B38FCC6F727BE","ir_epoch":1,"ir_epoch_active":1,"ir_seq":11621,"ir_pulses":6718,"ir_reason":1,"ir_age_ms":59,"ir_span":255,"ir_gap":1,"ir_sat":0,"ir_abort":543,"ir_inferred_added":0,"ir_inferred_removed":0,"ir_calibration":0,"hall_seen":5844330,"ir_seen":11551,"hall_q_drop":0,"ir_q_drop":0,"ir_invalid":12045,"nsr_hall_drop":1,"nsr_ir_drop":0,"nsr_navi_drop":0,"nsr_native_drop":168,"event_drop":0,"pwm0_ir_motion":0,"confirmed":61,"missed":152,"pwm":90,"auto":1,"running":1,"estop":0,"lowvolt":0,"ir_stationary_pwm_warning":1,"pub_drop":0}
2026-09-30T14:59:23.012	ngr/loco/9950011/state/trace	{"consumption_drop":334,"action_drop":0,"command_queue_drop":0,"lossless":false}
2026-09-30T14:59:23.012	ngr/loco/9950011/state/nav	{"state":"NORMAL","mm":3,"target":2,"dir":-1,"session_dir":"CCW","position_reliable":1,"ir_distance_state":"HALL_IR_READY","reference_ready":1,"boot_reference":"PROVISIONAL_OR_SPATIAL","authority":"NAVI_EWO"}
2026-09-30T14:59:23.012	ngr/loco/9950011/telem/ir	{"ir_valid":1,"ir_mmps":0.000,"ir_coupled":0,"ir_speed_reason":"STOPPED","ir_applicable":1,"ir_reason":1,"ir_seq":11621,"ir_pulses":6718,"ir_gap":1,"ir_sat":0,"ir_abort":543,"authority":"NAVI_EWO"}
2026-09-30T14:59:23.013	ngr/loco/9950011/telem/speed	{"ir_valid":1,"ir_mmps":0.000,"ir_coupled":0,"ir_speed_reason":"STOPPED","ir_applicable":1,"ir_reason":1,"ir_seq":11621,"ir_pulses":6718,"ir_gap":1,"ir_sat":0,"ir_abort":543,"authority":"NAVI_EWO"}
2026-09-30T14:59:23.013	ngr/loco/9950011/diag/ir_link	{"radio_ready":1,"seen":23596,"source_mac":"38:18:2B:30:8C:2C","paired_mac":"38:18:2B:30:8C:2C","paired_for_display_only":1,"coupled":0,"invalid_wire":12045,"queue_drop":0}
2026-09-30T14:59:23.013	ngr/loco/9950011/state/throttle	90
2026-09-30T14:59:23.013	ngr/loco/9950011/state/direction	2
2026-09-30T14:59:23.013	ngr/loco/9950011/state/auto	1
2026-09-30T14:59:23.013	ngr/loco/9950011/state/estop	0
2026-09-30T14:59:23.014	ngr/loco/9950011/state/nav_ready	1
2026-09-30T14:59:23.854	ngr/loco/9950011/state/lowvolt	0
2026-09-30T14:59:23.858	ngr/loco/9950011/telem/voltage	16.32
2026-09-30T14:59:23.859	ngr/loco/9950011/telem/current	0.27
2026-09-30T14:59:23.859	ngr/loco/9950011/telem/power	6.37
2026-09-30T14:59:23.999	ngr/loco/9950011/state/loopstat	{"build":"NAVI_EYES_WIDE_OPEN_INTEGRATED_R2","mm":3,"target":2,"dir":-1,"target_distance_mm":330,"target_polarity":-1,"position_reliable":1,"reference_ready":1,"reference":1898,"median5":0,"hall_support":0,"spatial_phase":1,"ir_applicable":1,"ir_distance_state":"HALL_IR_READY","ir_health_fault":0,"ir_readiness":2,"ir_boot":"761B38FCC6F727BE","ir_epoch":1,"ir_epoch_active":1,"ir_seq":11631,"ir_pulses":6718,"ir_reason":5,"ir_age_ms":62,"ir_span":223,"ir_gap":1,"ir_sat":0,"ir_abort":544,"ir_inferred_added":0,"ir_inferred_removed":0,"ir_calibration":0,"hall_seen":5849335,"ir_seen":11561,"hall_q_drop":0,"ir_q_drop":0,"ir_invalid":12056,"nsr_hall_drop":1,"nsr_ir_drop":0,"nsr_navi_drop":0,"nsr_native_drop":168,"event_drop":0,"pwm0_ir_motion":0,"confirmed":61,"missed":152,"pwm":90,"auto":1,"running":1,"estop":0,"lowvolt":0,"ir_stationary_pwm_warning":1,"pub_drop":0}
2026-09-30T14:59:24.043	ngr/loco/9950011/state/trace	{"consumption_drop":334,"action_drop":0,"command_queue_drop":0,"lossless":false}
2026-09-30T14:59:24.043	ngr/loco/9950011/state/nav	{"state":"NORMAL","mm":3,"target":2,"dir":-1,"session_dir":"CCW","position_reliable":1,"ir_distance_state":"HALL_IR_READY","reference_ready":1,"boot_reference":"PROVISIONAL_OR_SPATIAL","authority":"NAVI_EWO"}
2026-09-30T14:59:24.044	ngr/loco/9950011/telem/ir	{"ir_valid":1,"ir_mmps":0.000,"ir_coupled":0,"ir_speed_reason":"STOPPED","ir_applicable":1,"ir_reason":5,"ir_seq":11631,"ir_pulses":6718,"ir_gap":1,"ir_sat":0,"ir_abort":544,"authority":"NAVI_EWO"}
2026-09-30T14:59:24.044	ngr/loco/9950011/telem/speed	{"ir_valid":1,"ir_mmps":0.000,"ir_coupled":0,"ir_speed_reason":"STOPPED","ir_applicable":1,"ir_reason":5,"ir_seq":11631,"ir_pulses":6718,"ir_gap":1,"ir_sat":0,"ir_abort":544,"authority":"NAVI_EWO"}
2026-09-30T14:59:24.044	ngr/loco/9950011/diag/ir_link	{"radio_ready":1,"seen":23617,"source_mac":"38:18:2B:30:8C:2C","paired_mac":"38:18:2B:30:8C:2C","paired_for_display_only":1,"coupled":0,"invalid_wire":12056,"queue_drop":0}
2026-09-30T14:59:24.044	ngr/loco/9950011/state/throttle	90
2026-09-30T14:59:24.044	ngr/loco/9950011/state/direction	2
2026-09-30T14:59:24.045	ngr/loco/9950011/state/auto	1
2026-09-30T14:59:24.045	ngr/loco/9950011/state/estop	0
2026-09-30T14:59:24.045	ngr/loco/9950011/state/nav_ready	1
2026-09-30T14:59:25.009	ngr/loco/9950011/state/loopstat	{"build":"NAVI_EYES_WIDE_OPEN_INTEGRATED_R2","mm":3,"target":2,"dir":-1,"target_distance_mm":330,"target_polarity":-1,"position_reliable":1,"reference_ready":1,"reference":1898,"median5":0,"hall_support":0,"spatial_phase":1,"ir_applicable":1,"ir_distance_state":"HALL_IR_READY","ir_health_fault":0,"ir_readiness":0,"ir_boot":"761B38FCC6F727BE","ir_epoch":1,"ir_epoch_active":1,"ir_seq":11641,"ir_pulses":6719,"ir_reason":6,"ir_age_ms":65,"ir_span":879,"ir_gap":1,"ir_sat":0,"ir_abort":544,"ir_inferred_added":0,"ir_inferred_removed":0,"ir_calibration":0,"hall_seen":5854334,"ir_seen":11571,"hall_q_drop":0,"ir_q_drop":0,"ir_invalid":12066,"nsr_hall_drop":1,"nsr_ir_drop":0,"nsr_navi_drop":0,"nsr_native_drop":168,"event_drop":0,"pwm0_ir_motion":0,"confirmed":61,"missed":152,"pwm":90,"auto":1,"running":1,"estop":0,"lowvolt":0,"ir_stationary_pwm_warning":0,"pub_drop":0}
2026-09-30T14:59:25.011	ngr/loco/9950011/state/trace	{"consumption_drop":334,"action_drop":0,"command_queue_drop":0,"lossless":false}
2026-09-30T14:59:25.012	ngr/loco/9950011/state/nav	{"state":"NORMAL","mm":3,"target":2,"dir":-1,"session_dir":"CCW","position_reliable":1,"ir_distance_state":"HALL_IR_READY","reference_ready":1,"boot_reference":"PROVISIONAL_OR_SPATIAL","authority":"NAVI_EWO"}
2026-09-30T14:59:25.012	ngr/loco/9950011/telem/ir	{"ir_valid":1,"ir_mmps":10.724,"ir_coupled":0,"ir_speed_reason":"MEASURED","ir_applicable":1,"ir_reason":6,"ir_seq":11641,"ir_pulses":6719,"ir_gap":1,"ir_sat":0,"ir_abort":544,"authority":"NAVI_EWO"}
2026-09-30T14:59:25.012	ngr/loco/9950011/telem/speed	{"ir_valid":1,"ir_mmps":10.724,"ir_coupled":0,"ir_speed_reason":"MEASURED","ir_applicable":1,"ir_reason":6,"ir_seq":11641,"ir_pulses":6719,"ir_gap":1,"ir_sat":0,"ir_abort":544,"authority":"NAVI_EWO"}
2026-09-30T14:59:25.012	ngr/loco/9950011/diag/ir_link	{"radio_ready":1,"seen":23637,"source_mac":"38:18:2B:30:8C:2C","paired_mac":"38:18:2B:30:8C:2C","paired_for_display_only":1,"coupled":0,"invalid_wire":12066,"queue_drop":0}
2026-09-30T14:59:25.012	ngr/loco/9950011/state/throttle	90
2026-09-30T14:59:25.013	ngr/loco/9950011/state/direction	2
2026-09-30T14:59:25.013	ngr/loco/9950011/state/auto	1
2026-09-30T14:59:25.013	ngr/loco/9950011/state/estop	0
2026-09-30T14:59:25.013	ngr/loco/9950011/state/nav_ready	1
2026-09-30T14:59:26.013	ngr/loco/9950011/state/loopstat	{"build":"NAVI_EYES_WIDE_OPEN_INTEGRATED_R2","mm":3,"target":2,"dir":-1,"target_distance_mm":330,"target_polarity":-1,"position_reliable":1,"reference_ready":1,"reference":1898,"median5":0,"hall_support":0,"spatial_phase":1,"ir_applicable":1,"ir_distance_state":"HALL_IR_READY","ir_health_fault":0,"ir_readiness":0,"ir_boot":"761B38FCC6F727BE","ir_epoch":1,"ir_epoch_active":1,"ir_seq":11651,"ir_pulses":6720,"ir_reason":6,"ir_age_ms":66,"ir_span":527,"ir_gap":1,"ir_sat":0,"ir_abort":544,"ir_inferred_added":0,"ir_inferred_removed":0,"ir_calibration":0,"hall_seen":5859335,"ir_seen":11581,"hall_q_drop":0,"ir_q_drop":0,"ir_invalid":12077,"nsr_hall_drop":1,"nsr_ir_drop":0,"nsr_navi_drop":0,"nsr_native_drop":168,"event_drop":0,"pwm0_ir_motion":0,"confirmed":61,"missed":152,"pwm":90,"auto":1,"running":1,"estop":0,"lowvolt":0,"ir_stationary_pwm_warning":0,"pub_drop":0}
2026-09-30T14:59:26.018	ngr/loco/9950011/state/trace	{"consumption_drop":334,"action_drop":0,"command_queue_drop":0,"lossless":false}
2026-09-30T14:59:26.018	ngr/loco/9950011/state/nav	{"state":"NORMAL","mm":3,"target":2,"dir":-1,"session_dir":"CCW","position_reliable":1,"ir_distance_state":"HALL_IR_READY","reference_ready":1,"boot_reference":"PROVISIONAL_OR_SPATIAL","authority":"NAVI_EWO"}
2026-09-30T14:59:26.018	ngr/loco/9950011/telem/ir	{"ir_valid":1,"ir_mmps":10.701,"ir_coupled":0,"ir_speed_reason":"MEASURED","ir_applicable":1,"ir_reason":6,"ir_seq":11651,"ir_pulses":6720,"ir_gap":1,"ir_sat":0,"ir_abort":544,"authority":"NAVI_EWO"}
2026-09-30T14:59:26.018	ngr/loco/9950011/telem/speed	{"ir_valid":1,"ir_mmps":10.701,"ir_coupled":0,"ir_speed_reason":"MEASURED","ir_applicable":1,"ir_reason":6,"ir_seq":11651,"ir_pulses":6720,"ir_gap":1,"ir_sat":0,"ir_abort":544,"authority":"NAVI_EWO"}
2026-09-30T14:59:26.019	ngr/loco/9950011/diag/ir_link	{"radio_ready":1,"seen":23658,"source_mac":"38:18:2B:30:8C:2C","paired_mac":"38:18:2B:30:8C:2C","paired_for_display_only":1,"coupled":0,"invalid_wire":12077,"queue_drop":0}
2026-09-30T14:59:26.019	ngr/loco/9950011/state/throttle	90
2026-09-30T14:59:26.019	ngr/loco/9950011/state/direction	2
2026-09-30T14:59:26.019	ngr/loco/9950011/state/auto	1
2026-09-30T14:59:26.019	ngr/loco/9950011/state/estop	0
2026-09-30T14:59:26.019	ngr/loco/9950011/state/nav_ready	1
2026-09-30T14:59:26.660	ngr/loco/9950011/state/connectivity	{"wifi":1,"ip":"192.168.68.72","rssi":-48,"mqtt":1,"mqtt_state":0,"broker":"192.168.68.142","ir_radio":1,"ir_seen":23672,"ir_coupled":0,"navi_sync":1,"udp_failures":176}
2026-09-30T14:59:27.021	ngr/loco/9950011/state/loopstat	{"build":"NAVI_EYES_WIDE_OPEN_INTEGRATED_R2","mm":3,"target":2,"dir":-1,"target_distance_mm":330,"target_polarity":-1,"position_reliable":1,"reference_ready":1,"reference":1898,"median5":0,"hall_support":0,"spatial_phase":1,"ir_applicable":1,"ir_distance_state":"HALL_IR_READY","ir_health_fault":0,"ir_readiness":0,"ir_boot":"761B38FCC6F727BE","ir_epoch":1,"ir_epoch_active":1,"ir_seq":11661,"ir_pulses":6720,"ir_reason":6,"ir_age_ms":66,"ir_span":895,"ir_gap":1,"ir_sat":0,"ir_abort":544,"ir_inferred_added":0,"ir_inferred_removed":0,"ir_calibration":0,"hall_seen":5864334,"ir_seen":11591,"hall_q_drop":0,"ir_q_drop":0,"ir_invalid":12087,"nsr_hall_drop":1,"nsr_ir_drop":0,"nsr_navi_drop":0,"nsr_native_drop":168,"event_drop":0,"pwm0_ir_motion":0,"confirmed":61,"missed":152,"pwm":90,"auto":1,"running":1,"estop":0,"lowvolt":0,"ir_stationary_pwm_warning":1,"pub_drop":0}
2026-09-30T14:59:27.032	ngr/loco/9950011/state/trace	{"consumption_drop":334,"action_drop":0,"command_queue_drop":0,"lossless":false}
2026-09-30T14:59:27.032	ngr/loco/9950011/state/nav	{"state":"NORMAL","mm":3,"target":2,"dir":-1,"session_dir":"CCW","position_reliable":1,"ir_distance_state":"HALL_IR_READY","reference_ready":1,"boot_reference":"PROVISIONAL_OR_SPATIAL","authority":"NAVI_EWO"}
2026-09-30T14:59:27.033	ngr/loco/9950011/telem/ir	{"ir_valid":1,"ir_mmps":0.000,"ir_coupled":0,"ir_speed_reason":"STOPPED","ir_applicable":1,"ir_reason":6,"ir_seq":11661,"ir_pulses":6720,"ir_gap":1,"ir_sat":0,"ir_abort":544,"authority":"NAVI_EWO"}
2026-09-30T14:59:27.033	ngr/loco/9950011/telem/speed	{"ir_valid":1,"ir_mmps":0.000,"ir_coupled":0,"ir_speed_reason":"STOPPED","ir_applicable":1,"ir_reason":6,"ir_seq":11661,"ir_pulses":6720,"ir_gap":1,"ir_sat":0,"ir_abort":544,"authority":"NAVI_EWO"}
2026-09-30T14:59:27.034	ngr/loco/9950011/diag/ir_link	{"radio_ready":1,"seen":23678,"source_mac":"38:18:2B:30:8C:2C","paired_mac":"38:18:2B:30:8C:2C","paired_for_display_only":1,"coupled":0,"invalid_wire":12087,"queue_drop":0}
2026-09-30T14:59:27.035	ngr/loco/9950011/state/throttle	90
2026-09-30T14:59:27.035	ngr/loco/9950011/state/direction	2
2026-09-30T14:59:27.035	ngr/loco/9950011/state/auto	1
2026-09-30T14:59:27.035	ngr/loco/9950011/state/estop	0
2026-09-30T14:59:27.035	ngr/loco/9950011/state/nav_ready	1
2026-09-30T14:59:28.005	ngr/loco/9950011/state/loopstat	{"build":"NAVI_EYES_WIDE_OPEN_INTEGRATED_R2","mm":3,"target":2,"dir":-1,"target_distance_mm":330,"target_polarity":-1,"position_reliable":1,"reference_ready":1,"reference":1898,"median5":0,"hall_support":0,"spatial_phase":1,"ir_applicable":1,"ir_distance_state":"HALL_IR_READY","ir_health_fault":0,"ir_readiness":0,"ir_boot":"761B38FCC6F727BE","ir_epoch":1,"ir_epoch_active":1,"ir_seq":11671,"ir_pulses":6721,"ir_reason":6,"ir_age_ms":69,"ir_span":927,"ir_gap":1,"ir_sat":0,"ir_abort":544,"ir_inferred_added":0,"ir_inferred_removed":0,"ir_calibration":0,"hall_seen":5869334,"ir_seen":11600,"hall_q_drop":0,"ir_q_drop":0,"ir_invalid":12097,"nsr_hall_drop":1,"nsr_ir_drop":0,"nsr_navi_drop":0,"nsr_native_drop":168,"event_drop":0,"pwm0_ir_motion":0,"confirmed":61,"missed":152,"pwm":90,"auto":1,"running":1,"estop":0,"lowvolt":0,"ir_stationary_pwm_warning":0,"pub_drop":0}
2026-09-30T14:59:28.030	ngr/loco/9950011/state/trace	{"consumption_drop":334,"action_drop":0,"command_queue_drop":0,"lossless":false}
2026-09-30T14:59:28.030	ngr/loco/9950011/state/nav	{"state":"NORMAL","mm":3,"target":2,"dir":-1,"session_dir":"CCW","position_reliable":1,"ir_distance_state":"HALL_IR_READY","reference_ready":1,"boot_reference":"PROVISIONAL_OR_SPATIAL","authority":"NAVI_EWO"}
2026-09-30T14:59:28.031	ngr/loco/9950011/telem/ir	{"ir_valid":1,"ir_mmps":10.724,"ir_coupled":0,"ir_speed_reason":"MEASURED","ir_applicable":1,"ir_reason":6,"ir_seq":11671,"ir_pulses":6721,"ir_gap":1,"ir_sat":0,"ir_abort":544,"authority":"NAVI_EWO"}
2026-09-30T14:59:28.031	ngr/loco/9950011/telem/speed	{"ir_valid":1,"ir_mmps":10.724,"ir_coupled":0,"ir_speed_reason":"MEASURED","ir_applicable":1,"ir_reason":6,"ir_seq":11671,"ir_pulses":6721,"ir_gap":1,"ir_sat":0,"ir_abort":544,"authority":"NAVI_EWO"}
2026-09-30T14:59:28.031	ngr/loco/9950011/diag/ir_link	{"radio_ready":1,"seen":23697,"source_mac":"38:18:2B:30:8C:2C","paired_mac":"38:18:2B:30:8C:2C","paired_for_display_only":1,"coupled":0,"invalid_wire":12097,"queue_drop":0}
2026-09-30T14:59:28.031	ngr/loco/9950011/state/throttle	90
2026-09-30T14:59:28.032	ngr/loco/9950011/state/direction	2
2026-09-30T14:59:28.032	ngr/loco/9950011/state/auto	1
2026-09-30T14:59:28.032	ngr/loco/9950011/state/estop	0
2026-09-30T14:59:28.033	ngr/loco/9950011/state/nav_ready	1
2026-09-30T14:59:28.849	ngr/loco/9950011/state/lowvolt	0
2026-09-30T14:59:28.901	ngr/loco/9950011/telem/voltage	16.35
2026-09-30T14:59:28.902	ngr/loco/9950011/telem/current	0.31
2026-09-30T14:59:28.902	ngr/loco/9950011/telem/power	5.13
2026-09-30T14:59:29.008	ngr/loco/9950011/state/loopstat	{"build":"NAVI_EYES_WIDE_OPEN_INTEGRATED_R2","mm":3,"target":2,"dir":-1,"target_distance_mm":330,"target_polarity":-1,"position_reliable":1,"reference_ready":1,"reference":1898,"median5":0,"hall_support":0,"spatial_phase":1,"ir_applicable":1,"ir_distance_state":"HALL_IR_READY","ir_health_fault":0,"ir_readiness":0,"ir_boot":"761B38FCC6F727BE","ir_epoch":1,"ir_epoch_active":1,"ir_seq":11681,"ir_pulses":6721,"ir_reason":6,"ir_age_ms":71,"ir_span":511,"ir_gap":1,"ir_sat":0,"ir_abort":544,"ir_inferred_added":0,"ir_inferred_removed":0,"ir_calibration":0,"hall_seen":5874336,"ir_seen":11610,"hall_q_drop":0,"ir_q_drop":0,"ir_invalid":12108,"nsr_hall_drop":1,"nsr_ir_drop":0,"nsr_navi_drop":0,"nsr_native_drop":168,"event_drop":0,"pwm0_ir_motion":0,"confirmed":61,"missed":152,"pwm":90,"auto":1,"running":1,"estop":0,"lowvolt":0,"ir_stationary_pwm_warning":1,"pub_drop":0}
2026-09-30T14:59:29.011	ngr/loco/9950011/state/trace	{"consumption_drop":334,"action_drop":0,"command_queue_drop":0,"lossless":false}
2026-09-30T14:59:29.011	ngr/loco/9950011/state/nav	{"state":"NORMAL","mm":3,"target":2,"dir":-1,"session_dir":"CCW","position_reliable":1,"ir_distance_state":"HALL_IR_READY","reference_ready":1,"boot_reference":"PROVISIONAL_OR_SPATIAL","authority":"NAVI_EWO"}
2026-09-30T14:59:29.011	ngr/loco/9950011/telem/ir	{"ir_valid":1,"ir_mmps":0.000,"ir_coupled":0,"ir_speed_reason":"STOPPED","ir_applicable":1,"ir_reason":6,"ir_seq":11681,"ir_pulses":6721,"ir_gap":1,"ir_sat":0,"ir_abort":544,"authority":"NAVI_EWO"}
2026-09-30T14:59:29.013	ngr/loco/9950011/telem/speed	{"ir_valid":1,"ir_mmps":0.000,"ir_coupled":0,"ir_speed_reason":"STOPPED","ir_applicable":1,"ir_reason":6,"ir_seq":11681,"ir_pulses":6721,"ir_gap":1,"ir_sat":0,"ir_abort":544,"authority":"NAVI_EWO"}
2026-09-30T14:59:29.013	ngr/loco/9950011/diag/ir_link	{"radio_ready":1,"seen":23718,"source_mac":"38:18:2B:30:8C:2C","paired_mac":"38:18:2B:30:8C:2C","paired_for_display_only":1,"coupled":0,"invalid_wire":12108,"queue_drop":0}
2026-09-30T14:59:29.014	ngr/loco/9950011/state/throttle	90
2026-09-30T14:59:29.015	ngr/loco/9950011/state/direction	2
2026-09-30T14:59:29.015	ngr/loco/9950011/state/auto	1
2026-09-30T14:59:29.015	ngr/loco/9950011/state/estop	0
2026-09-30T14:59:29.017	ngr/loco/9950011/state/nav_ready	1
2026-09-30T14:59:30.014	ngr/loco/9950011/state/loopstat	{"build":"NAVI_EYES_WIDE_OPEN_INTEGRATED_R2","mm":3,"target":2,"dir":-1,"target_distance_mm":330,"target_polarity":-1,"position_reliable":1,"reference_ready":1,"reference":1898,"median5":0,"hall_support":0,"spatial_phase":1,"ir_applicable":1,"ir_distance_state":"HALL_IR_READY","ir_health_fault":0,"ir_readiness":2,"ir_boot":"761B38FCC6F727BE","ir_epoch":1,"ir_epoch_active":1,"ir_seq":11691,"ir_pulses":6722,"ir_reason":5,"ir_age_ms":55,"ir_span":511,"ir_gap":1,"ir_sat":0,"ir_abort":546,"ir_inferred_added":0,"ir_inferred_removed":0,"ir_calibration":0,"hall_seen":5879339,"ir_seen":11620,"hall_q_drop":0,"ir_q_drop":0,"ir_invalid":12117,"nsr_hall_drop":1,"nsr_ir_drop":0,"nsr_navi_drop":0,"nsr_native_drop":168,"event_drop":0,"pwm0_ir_motion":0,"confirmed":61,"missed":152,"pwm":90,"auto":1,"running":1,"estop":0,"lowvolt":0,"ir_stationary_pwm_warning":0,"pub_drop":0}
2026-09-30T14:59:30.017	ngr/loco/9950011/state/trace	{"consumption_drop":334,"action_drop":0,"command_queue_drop":0,"lossless":false}
2026-09-30T14:59:30.018	ngr/loco/9950011/state/nav	{"state":"NORMAL","mm":3,"target":2,"dir":-1,"session_dir":"CCW","position_reliable":1,"ir_distance_state":"HALL_IR_READY","reference_ready":1,"boot_reference":"PROVISIONAL_OR_SPATIAL","authority":"NAVI_EWO"}
2026-09-30T14:59:30.018	ngr/loco/9950011/telem/ir	{"ir_valid":1,"ir_mmps":10.724,"ir_coupled":0,"ir_speed_reason":"MEASURED","ir_applicable":1,"ir_reason":5,"ir_seq":11691,"ir_pulses":6722,"ir_gap":1,"ir_sat":0,"ir_abort":546,"authority":"NAVI_EWO"}
2026-09-30T14:59:30.018	ngr/loco/9950011/telem/speed	{"ir_valid":1,"ir_mmps":10.724,"ir_coupled":0,"ir_speed_reason":"MEASURED","ir_applicable":1,"ir_reason":5,"ir_seq":11691,"ir_pulses":6722,"ir_gap":1,"ir_sat":0,"ir_abort":546,"authority":"NAVI_EWO"}
2026-09-30T14:59:30.018	ngr/loco/9950011/diag/ir_link	{"radio_ready":1,"seen":23737,"source_mac":"38:18:2B:30:8C:2C","paired_mac":"38:18:2B:30:8C:2C","paired_for_display_only":1,"coupled":0,"invalid_wire":12117,"queue_drop":0}
2026-09-30T14:59:30.019	ngr/loco/9950011/state/throttle	90
2026-09-30T14:59:30.019	ngr/loco/9950011/state/direction	2
2026-09-30T14:59:30.019	ngr/loco/9950011/state/auto	1
2026-09-30T14:59:30.019	ngr/loco/9950011/state/estop	0
2026-09-30T14:59:30.019	ngr/loco/9950011/state/nav_ready	1
2026-09-30T14:59:31.001	ngr/loco/9950011/state/loopstat	{"build":"NAVI_EYES_WIDE_OPEN_INTEGRATED_R2","mm":3,"target":2,"dir":-1,"target_distance_mm":330,"target_polarity":-1,"position_reliable":1,"reference_ready":1,"reference":1898,"median5":0,"hall_support":0,"spatial_phase":1,"ir_applicable":1,"ir_distance_state":"HALL_IR_READY","ir_health_fault":0,"ir_readiness":0,"ir_boot":"761B38FCC6F727BE","ir_epoch":1,"ir_epoch_active":1,"ir_seq":11701,"ir_pulses":6723,"ir_reason":6,"ir_age_ms":56,"ir_span":479,"ir_gap":1,"ir_sat":0,"ir_abort":546,"ir_inferred_added":0,"ir_inferred_removed":0,"ir_calibration":0,"hall_seen":5884345,"ir_seen":11630,"hall_q_drop":0,"ir_q_drop":0,"ir_invalid":12128,"nsr_hall_drop":1,"nsr_ir_drop":0,"nsr_navi_drop":0,"nsr_native_drop":168,"event_drop":0,"pwm0_ir_motion":0,"confirmed":61,"missed":152,"pwm":90,"auto":1,"running":1,"estop":0,"lowvolt":0,"ir_stationary_pwm_warning":0,"pub_drop":0}
2026-09-30T14:59:31.005	ngr/loco/9950011/state/trace	{"consumption_drop":334,"action_drop":0,"command_queue_drop":0,"lossless":false}
2026-09-30T14:59:31.005	ngr/loco/9950011/state/nav	{"state":"NORMAL","mm":3,"target":2,"dir":-1,"session_dir":"CCW","position_reliable":1,"ir_distance_state":"HALL_IR_READY","reference_ready":1,"boot_reference":"PROVISIONAL_OR_SPATIAL","authority":"NAVI_EWO"}
2026-09-30T14:59:31.009	ngr/loco/9950011/telem/ir	{"ir_valid":1,"ir_mmps":10.724,"ir_coupled":0,"ir_speed_reason":"MEASURED","ir_applicable":1,"ir_reason":6,"ir_seq":11701,"ir_pulses":6723,"ir_gap":1,"ir_sat":0,"ir_abort":546,"authority":"NAVI_EWO"}
2026-09-30T14:59:31.009	ngr/loco/9950011/telem/speed	{"ir_valid":1,"ir_mmps":10.724,"ir_coupled":0,"ir_speed_reason":"MEASURED","ir_applicable":1,"ir_reason":6,"ir_seq":11701,"ir_pulses":6723,"ir_gap":1,"ir_sat":0,"ir_abort":546,"authority":"NAVI_EWO"}
2026-09-30T14:59:31.010	ngr/loco/9950011/diag/ir_link	{"radio_ready":1,"seen":23758,"source_mac":"38:18:2B:30:8C:2C","paired_mac":"38:18:2B:30:8C:2C","paired_for_display_only":1,"coupled":0,"invalid_wire":12128,"queue_drop":0}
2026-09-30T14:59:31.010	ngr/loco/9950011/state/throttle	90
2026-09-30T14:59:31.010	ngr/loco/9950011/state/direction	2
2026-09-30T14:59:31.021	ngr/loco/9950011/state/auto	1
2026-09-30T14:59:31.021	ngr/loco/9950011/state/estop	0
2026-09-30T14:59:31.021	ngr/loco/9950011/state/nav_ready	1
2026-09-30T14:59:31.660	ngr/loco/9950011/state/connectivity	{"wifi":1,"ip":"192.168.68.72","rssi":-45,"mqtt":1,"mqtt_state":0,"broker":"192.168.68.142","ir_radio":1,"ir_seen":23772,"ir_coupled":0,"navi_sync":1,"udp_failures":176}
2026-09-30T14:59:32.007	ngr/loco/9950011/state/loopstat	{"build":"NAVI_EYES_WIDE_OPEN_INTEGRATED_R2","mm":3,"target":2,"dir":-1,"target_distance_mm":330,"target_polarity":-1,"position_reliable":1,"reference_ready":1,"reference":1898,"median5":0,"hall_support":0,"spatial_phase":1,"ir_applicable":1,"ir_distance_state":"HALL_IR_READY","ir_health_fault":0,"ir_readiness":2,"ir_boot":"761B38FCC6F727BE","ir_epoch":1,"ir_epoch_active":1,"ir_seq":11711,"ir_pulses":6724,"ir_reason":5,"ir_age_ms":72,"ir_span":431,"ir_gap":1,"ir_sat":0,"ir_abort":548,"ir_inferred_added":0,"ir_inferred_removed":0,"ir_calibration":0,"hall_seen":5889349,"ir_seen":11640,"hall_q_drop":0,"ir_q_drop":0,"ir_invalid":12138,"nsr_hall_drop":1,"nsr_ir_drop":0,"nsr_navi_drop":0,"nsr_native_drop":168,"event_drop":0,"pwm0_ir_motion":0,"confirmed":61,"missed":152,"pwm":90,"auto":1,"running":1,"estop":0,"lowvolt":0,"ir_stationary_pwm_warning":0,"pub_drop":0}
2026-09-30T14:59:32.012	ngr/loco/9950011/state/trace	{"consumption_drop":334,"action_drop":0,"command_queue_drop":0,"lossless":false}
2026-09-30T14:59:32.012	ngr/loco/9950011/state/nav	{"state":"NORMAL","mm":3,"target":2,"dir":-1,"session_dir":"CCW","position_reliable":1,"ir_distance_state":"HALL_IR_READY","reference_ready":1,"boot_reference":"PROVISIONAL_OR_SPATIAL","authority":"NAVI_EWO"}
2026-09-30T14:59:32.013	ngr/loco/9950011/telem/ir	{"ir_valid":1,"ir_mmps":10.724,"ir_coupled":0,"ir_speed_reason":"MEASURED","ir_applicable":1,"ir_reason":5,"ir_seq":11711,"ir_pulses":6724,"ir_gap":1,"ir_sat":0,"ir_abort":548,"authority":"NAVI_EWO"}
2026-09-30T14:59:32.013	ngr/loco/9950011/telem/speed	{"ir_valid":1,"ir_mmps":10.724,"ir_coupled":0,"ir_speed_reason":"MEASURED","ir_applicable":1,"ir_reason":5,"ir_seq":11711,"ir_pulses":6724,"ir_gap":1,"ir_sat":0,"ir_abort":548,"authority":"NAVI_EWO"}
2026-09-30T14:59:32.013	ngr/loco/9950011/diag/ir_link	{"radio_ready":1,"seen":23778,"source_mac":"38:18:2B:30:8C:2C","paired_mac":"38:18:2B:30:8C:2C","paired_for_display_only":1,"coupled":0,"invalid_wire":12138,"queue_drop":0}
2026-09-30T14:59:32.014	ngr/loco/9950011/state/throttle	90
2026-09-30T14:59:32.018	ngr/loco/9950011/state/direction	2
2026-09-30T14:59:32.018	ngr/loco/9950011/state/auto	1
2026-09-30T14:59:32.018	ngr/loco/9950011/state/estop	0
2026-09-30T14:59:32.019	ngr/loco/9950011/state/nav_ready	1
2026-09-30T14:59:33.004	ngr/loco/9950011/state/loopstat	{"build":"NAVI_EYES_WIDE_OPEN_INTEGRATED_R2","mm":3,"target":2,"dir":-1,"target_distance_mm":330,"target_polarity":-1,"position_reliable":1,"reference_ready":1,"reference":1898,"median5":0,"hall_support":0,"spatial_phase":1,"ir_applicable":1,"ir_distance_state":"HALL_IR_READY","ir_health_fault":6,"ir_readiness":3,"ir_boot":"761B38FCC6F727BE","ir_epoch":1,"ir_epoch_active":1,"ir_seq":11721,"ir_pulses":6724,"ir_reason":1,"ir_age_ms":61,"ir_span":159,"ir_gap":1,"ir_sat":0,"ir_abort":549,"ir_inferred_added":0,"ir_inferred_removed":0,"ir_calibration":0,"hall_seen":5894349,"ir_seen":11650,"hall_q_drop":0,"ir_q_drop":0,"ir_invalid":12149,"nsr_hall_drop":1,"nsr_ir_drop":0,"nsr_navi_drop":0,"nsr_native_drop":168,"event_drop":0,"pwm0_ir_motion":0,"confirmed":61,"missed":152,"pwm":90,"auto":1,"running":1,"estop":0,"lowvolt":0,"ir_stationary_pwm_warning":1,"pub_drop":0}
2026-09-30T14:59:33.007	ngr/loco/9950011/state/trace	{"consumption_drop":334,"action_drop":0,"command_queue_drop":0,"lossless":false}
2026-09-30T14:59:33.007	ngr/loco/9950011/state/nav	{"state":"NORMAL","mm":3,"target":2,"dir":-1,"session_dir":"CCW","position_reliable":1,"ir_distance_state":"HALL_IR_READY","reference_ready":1,"boot_reference":"PROVISIONAL_OR_SPATIAL","authority":"NAVI_EWO"}
2026-09-30T14:59:33.007	ngr/loco/9950011/telem/ir	{"ir_valid":1,"ir_mmps":0.000,"ir_coupled":0,"ir_speed_reason":"STOPPED","ir_applicable":1,"ir_reason":1,"ir_seq":11721,"ir_pulses":6724,"ir_gap":1,"ir_sat":0,"ir_abort":549,"authority":"NAVI_EWO"}
2026-09-30T14:59:33.009	ngr/loco/9950011/telem/speed	{"ir_valid":1,"ir_mmps":0.000,"ir_coupled":0,"ir_speed_reason":"STOPPED","ir_applicable":1,"ir_reason":1,"ir_seq":11721,"ir_pulses":6724,"ir_gap":1,"ir_sat":0,"ir_abort":549,"authority":"NAVI_EWO"}
2026-09-30T14:59:33.009	ngr/loco/9950011/diag/ir_link	{"radio_ready":1,"seen":23799,"source_mac":"38:18:2B:30:8C:2C","paired_mac":"38:18:2B:30:8C:2C","paired_for_display_only":1,"coupled":0,"invalid_wire":12149,"queue_drop":0}
2026-09-30T14:59:33.010	ngr/loco/9950011/state/throttle	90
2026-09-30T14:59:33.011	ngr/loco/9950011/state/direction	2
2026-09-30T14:59:33.011	ngr/loco/9950011/state/auto	1
2026-09-30T14:59:33.012	ngr/loco/9950011/state/estop	0
2026-09-30T14:59:33.013	ngr/loco/9950011/state/nav_ready	1
2026-09-30T14:59:33.875	ngr/loco/9950011/state/lowvolt	0
2026-09-30T14:59:33.881	ngr/loco/9950011/telem/voltage	16.29
2026-09-30T14:59:33.881	ngr/loco/9950011/telem/current	0.37
2026-09-30T14:59:33.882	ngr/loco/9950011/telem/power	6.03
2026-09-30T14:59:34.006	ngr/loco/9950011/state/loopstat	{"build":"NAVI_EYES_WIDE_OPEN_INTEGRATED_R2","mm":3,"target":2,"dir":-1,"target_distance_mm":330,"target_polarity":-1,"position_reliable":1,"reference_ready":1,"reference":1898,"median5":0,"hall_support":0,"spatial_phase":1,"ir_applicable":1,"ir_distance_state":"HALL_IR_READY","ir_health_fault":6,"ir_readiness":3,"ir_boot":"761B38FCC6F727BE","ir_epoch":1,"ir_epoch_active":1,"ir_seq":11731,"ir_pulses":6725,"ir_reason":1,"ir_age_ms":58,"ir_span":223,"ir_gap":1,"ir_sat":0,"ir_abort":550,"ir_inferred_added":0,"ir_inferred_removed":0,"ir_calibration":0,"hall_seen":5899355,"ir_seen":11660,"hall_q_drop":0,"ir_q_drop":0,"ir_invalid":12159,"nsr_hall_drop":1,"nsr_ir_drop":0,"nsr_navi_drop":0,"nsr_native_drop":168,"event_drop":0,"pwm0_ir_motion":0,"confirmed":61,"missed":152,"pwm":90,"auto":1,"running":1,"estop":0,"lowvolt":0,"ir_stationary_pwm_warning":0,"pub_drop":0}
2026-09-30T14:59:34.022	ngr/loco/9950011/state/trace	{"consumption_drop":334,"action_drop":0,"command_queue_drop":0,"lossless":false}
2026-09-30T14:59:34.023	ngr/loco/9950011/state/nav	{"state":"NORMAL","mm":3,"target":2,"dir":-1,"session_dir":"CCW","position_reliable":1,"ir_distance_state":"HALL_IR_READY","reference_ready":1,"boot_reference":"PROVISIONAL_OR_SPATIAL","authority":"NAVI_EWO"}
2026-09-30T14:59:34.023	ngr/loco/9950011/telem/ir	{"ir_valid":1,"ir_mmps":10.724,"ir_coupled":0,"ir_speed_reason":"MEASURED","ir_applicable":1,"ir_reason":1,"ir_seq":11731,"ir_pulses":6725,"ir_gap":1,"ir_sat":0,"ir_abort":550,"authority":"NAVI_EWO"}
2026-09-30T14:59:34.023	ngr/loco/9950011/telem/speed	{"ir_valid":1,"ir_mmps":10.724,"ir_coupled":0,"ir_speed_reason":"MEASURED","ir_applicable":1,"ir_reason":1,"ir_seq":11731,"ir_pulses":6725,"ir_gap":1,"ir_sat":0,"ir_abort":550,"authority":"NAVI_EWO"}
2026-09-30T14:59:34.024	ngr/loco/9950011/diag/ir_link	{"radio_ready":1,"seen":23819,"source_mac":"38:18:2B:30:8C:2C","paired_mac":"38:18:2B:30:8C:2C","paired_for_display_only":1,"coupled":0,"invalid_wire":12159,"queue_drop":0}
2026-09-30T14:59:34.024	ngr/loco/9950011/state/throttle	90
2026-09-30T14:59:34.024	ngr/loco/9950011/state/direction	2
2026-09-30T14:59:34.033	ngr/loco/9950011/state/auto	1
2026-09-30T14:59:34.034	ngr/loco/9950011/state/estop	0
2026-09-30T14:59:34.034	ngr/loco/9950011/state/nav_ready	1
2026-09-30T14:59:35.010	ngr/loco/9950011/state/loopstat	{"build":"NAVI_EYES_WIDE_OPEN_INTEGRATED_R2","mm":3,"target":2,"dir":-1,"target_distance_mm":330,"target_polarity":-1,"position_reliable":1,"reference_ready":1,"reference":1898,"median5":0,"hall_support":0,"spatial_phase":1,"ir_applicable":1,"ir_distance_state":"HALL_IR_READY","ir_health_fault":6,"ir_readiness":3,"ir_boot":"761B38FCC6F727BE","ir_epoch":1,"ir_epoch_active":1,"ir_seq":11741,"ir_pulses":6725,"ir_reason":1,"ir_age_ms":67,"ir_span":47,"ir_gap":1,"ir_sat":0,"ir_abort":551,"ir_inferred_added":0,"ir_inferred_removed":0,"ir_calibration":0,"hall_seen":5904359,"ir_seen":11670,"hall_q_drop":0,"ir_q_drop":0,"ir_invalid":12169,"nsr_hall_drop":1,"nsr_ir_drop":0,"nsr_navi_drop":0,"nsr_native_drop":168,"event_drop":0,"pwm0_ir_motion":0,"confirmed":61,"missed":152,"pwm":90,"auto":1,"running":1,"estop":0,"lowvolt":0,"ir_stationary_pwm_warning":1,"pub_drop":0}
2026-09-30T14:59:35.056	ngr/loco/9950011/state/trace	{"consumption_drop":334,"action_drop":0,"command_queue_drop":0,"lossless":false}
2026-09-30T14:59:35.056	ngr/loco/9950011/state/nav	{"state":"NORMAL","mm":3,"target":2,"dir":-1,"session_dir":"CCW","position_reliable":1,"ir_distance_state":"HALL_IR_READY","reference_ready":1,"boot_reference":"PROVISIONAL_OR_SPATIAL","authority":"NAVI_EWO"}
2026-09-30T14:59:35.056	ngr/loco/9950011/telem/ir	{"ir_valid":1,"ir_mmps":0.000,"ir_coupled":0,"ir_speed_reason":"STOPPED","ir_applicable":1,"ir_reason":1,"ir_seq":11741,"ir_pulses":6725,"ir_gap":1,"ir_sat":0,"ir_abort":551,"authority":"NAVI_EWO"}
2026-09-30T14:59:35.057	ngr/loco/9950011/telem/speed	{"ir_valid":1,"ir_mmps":0.000,"ir_coupled":0,"ir_speed_reason":"STOPPED","ir_applicable":1,"ir_reason":1,"ir_seq":11741,"ir_pulses":6725,"ir_gap":1,"ir_sat":0,"ir_abort":551,"authority":"NAVI_EWO"}
2026-09-30T14:59:35.057	ngr/loco/9950011/diag/ir_link	{"radio_ready":1,"seen":23839,"source_mac":"38:18:2B:30:8C:2C","paired_mac":"38:18:2B:30:8C:2C","paired_for_display_only":1,"coupled":0,"invalid_wire":12169,"queue_drop":0}
2026-09-30T14:59:35.057	ngr/loco/9950011/state/throttle	90
2026-09-30T14:59:35.057	ngr/loco/9950011/state/direction	2
2026-09-30T14:59:35.057	ngr/loco/9950011/state/auto	1
2026-09-30T14:59:35.057	ngr/loco/9950011/state/estop	0
2026-09-30T14:59:35.057	ngr/loco/9950011/state/nav_ready	1
2026-09-30T14:59:36.007	ngr/loco/9950011/state/loopstat	{"build":"NAVI_EYES_WIDE_OPEN_INTEGRATED_R2","mm":3,"target":2,"dir":-1,"target_distance_mm":330,"target_polarity":-1,"position_reliable":1,"reference_ready":1,"reference":1898,"median5":0,"hall_support":0,"spatial_phase":1,"ir_applicable":1,"ir_distance_state":"HALL_IR_READY","ir_health_fault":0,"ir_readiness":2,"ir_boot":"761B38FCC6F727BE","ir_epoch":1,"ir_epoch_active":1,"ir_seq":11751,"ir_pulses":6725,"ir_reason":5,"ir_age_ms":67,"ir_span":431,"ir_gap":1,"ir_sat":0,"ir_abort":551,"ir_inferred_added":0,"ir_inferred_removed":0,"ir_calibration":0,"hall_seen":5909359,"ir_seen":11680,"hall_q_drop":0,"ir_q_drop":0,"ir_invalid":12180,"nsr_hall_drop":1,"nsr_ir_drop":0,"nsr_navi_drop":0,"nsr_native_drop":168,"event_drop":0,"pwm0_ir_motion":0,"confirmed":61,"missed":152,"pwm":90,"auto":1,"running":1,"estop":0,"lowvolt":0,"ir_stationary_pwm_warning":1,"pub_drop":0}
2026-09-30T14:59:36.019	ngr/loco/9950011/state/trace	{"consumption_drop":334,"action_drop":0,"command_queue_drop":0,"lossless":false}
2026-09-30T14:59:36.022	ngr/loco/9950011/state/nav	{"state":"NORMAL","mm":3,"target":2,"dir":-1,"session_dir":"CCW","position_reliable":1,"ir_distance_state":"HALL_IR_READY","reference_ready":1,"boot_reference":"PROVISIONAL_OR_SPATIAL","authority":"NAVI_EWO"}
2026-09-30T14:59:36.023	ngr/loco/9950011/telem/ir	{"ir_valid":1,"ir_mmps":0.000,"ir_coupled":0,"ir_speed_reason":"STOPPED","ir_applicable":1,"ir_reason":5,"ir_seq":11751,"ir_pulses":6725,"ir_gap":1,"ir_sat":0,"ir_abort":551,"authority":"NAVI_EWO"}
2026-09-30T14:59:36.023	ngr/loco/9950011/telem/speed	{"ir_valid":1,"ir_mmps":0.000,"ir_coupled":0,"ir_speed_reason":"STOPPED","ir_applicable":1,"ir_reason":5,"ir_seq":11751,"ir_pulses":6725,"ir_gap":1,"ir_sat":0,"ir_abort":551,"authority":"NAVI_EWO"}
2026-09-30T14:59:36.023	ngr/loco/9950011/diag/ir_link	{"radio_ready":1,"seen":23860,"source_mac":"38:18:2B:30:8C:2C","paired_mac":"38:18:2B:30:8C:2C","paired_for_display_only":1,"coupled":0,"invalid_wire":12180,"queue_drop":0}
2026-09-30T14:59:36.023	ngr/loco/9950011/state/throttle	90
2026-09-30T14:59:36.023	ngr/loco/9950011/state/direction	2
2026-09-30T14:59:36.023	ngr/loco/9950011/state/auto	1
2026-09-30T14:59:36.024	ngr/loco/9950011/state/estop	0
2026-09-30T14:59:36.024	ngr/loco/9950011/state/nav_ready	1
2026-09-30T14:59:36.665	ngr/loco/9950011/state/connectivity	{"wifi":1,"ip":"192.168.68.72","rssi":-43,"mqtt":1,"mqtt_state":0,"broker":"192.168.68.142","ir_radio":1,"ir_seen":23874,"ir_coupled":0,"navi_sync":1,"udp_failures":176}
2026-09-30T14:59:37.015	ngr/loco/9950011/state/loopstat	{"build":"NAVI_EYES_WIDE_OPEN_INTEGRATED_R2","mm":3,"target":2,"dir":-1,"target_distance_mm":330,"target_polarity":-1,"position_reliable":1,"reference_ready":1,"reference":1898,"median5":0,"hall_support":0,"spatial_phase":1,"ir_applicable":1,"ir_distance_state":"HALL_IR_READY","ir_health_fault":6,"ir_readiness":3,"ir_boot":"761B38FCC6F727BE","ir_epoch":1,"ir_epoch_active":1,"ir_seq":11761,"ir_pulses":6725,"ir_reason":1,"ir_age_ms":71,"ir_span":63,"ir_gap":1,"ir_sat":0,"ir_abort":552,"ir_inferred_added":0,"ir_inferred_removed":0,"ir_calibration":0,"hall_seen":5914360,"ir_seen":11690,"hall_q_drop":0,"ir_q_drop":0,"ir_invalid":12190,"nsr_hall_drop":1,"nsr_ir_drop":0,"nsr_navi_drop":0,"nsr_native_drop":168,"event_drop":0,"pwm0_ir_motion":0,"confirmed":61,"missed":152,"pwm":90,"auto":1,"running":1,"estop":0,"lowvolt":0,"ir_stationary_pwm_warning":1,"pub_drop":0}
2026-09-30T14:59:37.040	ngr/loco/9950011/state/trace	{"consumption_drop":334,"action_drop":0,"command_queue_drop":0,"lossless":false}
2026-09-30T14:59:37.040	ngr/loco/9950011/state/nav	{"state":"NORMAL","mm":3,"target":2,"dir":-1,"session_dir":"CCW","position_reliable":1,"ir_distance_state":"HALL_IR_READY","reference_ready":1,"boot_reference":"PROVISIONAL_OR_SPATIAL","authority":"NAVI_EWO"}
2026-09-30T14:59:37.041	ngr/loco/9950011/telem/ir	{"ir_valid":1,"ir_mmps":0.000,"ir_coupled":0,"ir_speed_reason":"STOPPED","ir_applicable":1,"ir_reason":1,"ir_seq":11761,"ir_pulses":6725,"ir_gap":1,"ir_sat":0,"ir_abort":552,"authority":"NAVI_EWO"}
2026-09-30T14:59:37.041	ngr/loco/9950011/telem/speed	{"ir_valid":1,"ir_mmps":0.000,"ir_coupled":0,"ir_speed_reason":"STOPPED","ir_applicable":1,"ir_reason":1,"ir_seq":11761,"ir_pulses":6725,"ir_gap":1,"ir_sat":0,"ir_abort":552,"authority":"NAVI_EWO"}
2026-09-30T14:59:37.041	ngr/loco/9950011/diag/ir_link	{"radio_ready":1,"seen":23880,"source_mac":"38:18:2B:30:8C:2C","paired_mac":"38:18:2B:30:8C:2C","paired_for_display_only":1,"coupled":0,"invalid_wire":12190,"queue_drop":0}
2026-09-30T14:59:37.041	ngr/loco/9950011/state/throttle	90
2026-09-30T14:59:37.041	ngr/loco/9950011/state/direction	2
2026-09-30T14:59:37.041	ngr/loco/9950011/state/auto	1
2026-09-30T14:59:37.041	ngr/loco/9950011/state/estop	0
2026-09-30T14:59:37.042	ngr/loco/9950011/state/nav_ready	1
2026-09-30T14:59:38.014	ngr/loco/9950011/state/loopstat	{"build":"NAVI_EYES_WIDE_OPEN_INTEGRATED_R2","mm":3,"target":2,"dir":-1,"target_distance_mm":330,"target_polarity":-1,"position_reliable":1,"reference_ready":1,"reference":1898,"median5":0,"hall_support":0,"spatial_phase":1,"ir_applicable":1,"ir_distance_state":"HALL_IR_READY","ir_health_fault":6,"ir_readiness":3,"ir_boot":"761B38FCC6F727BE","ir_epoch":1,"ir_epoch_active":1,"ir_seq":11771,"ir_pulses":6725,"ir_reason":1,"ir_age_ms":71,"ir_span":111,"ir_gap":1,"ir_sat":0,"ir_abort":553,"ir_inferred_added":0,"ir_inferred_removed":0,"ir_calibration":0,"hall_seen":5919360,"ir_seen":11700,"hall_q_drop":0,"ir_q_drop":0,"ir_invalid":12200,"nsr_hall_drop":1,"nsr_ir_drop":0,"nsr_navi_drop":0,"nsr_native_drop":168,"event_drop":0,"pwm0_ir_motion":0,"confirmed":61,"missed":152,"pwm":90,"auto":1,"running":1,"estop":0,"lowvolt":0,"ir_stationary_pwm_warning":1,"pub_drop":0}
2026-09-30T14:59:38.020	ngr/loco/9950011/state/trace	{"consumption_drop":334,"action_drop":0,"command_queue_drop":0,"lossless":false}
2026-09-30T14:59:38.020	ngr/loco/9950011/state/nav	{"state":"NORMAL","mm":3,"target":2,"dir":-1,"session_dir":"CCW","position_reliable":1,"ir_distance_state":"HALL_IR_READY","reference_ready":1,"boot_reference":"PROVISIONAL_OR_SPATIAL","authority":"NAVI_EWO"}
2026-09-30T14:59:38.020	ngr/loco/9950011/telem/ir	{"ir_valid":1,"ir_mmps":0.000,"ir_coupled":0,"ir_speed_reason":"STOPPED","ir_applicable":1,"ir_reason":1,"ir_seq":11771,"ir_pulses":6725,"ir_gap":1,"ir_sat":0,"ir_abort":553,"authority":"NAVI_EWO"}
2026-09-30T14:59:38.020	ngr/loco/9950011/telem/speed	{"ir_valid":1,"ir_mmps":0.000,"ir_coupled":0,"ir_speed_reason":"STOPPED","ir_applicable":1,"ir_reason":1,"ir_seq":11771,"ir_pulses":6725,"ir_gap":1,"ir_sat":0,"ir_abort":553,"authority":"NAVI_EWO"}
2026-09-30T14:59:38.021	ngr/loco/9950011/diag/ir_link	{"radio_ready":1,"seen":23900,"source_mac":"38:18:2B:30:8C:2C","paired_mac":"38:18:2B:30:8C:2C","paired_for_display_only":1,"coupled":0,"invalid_wire":12200,"queue_drop":0}
2026-09-30T14:59:38.021	ngr/loco/9950011/state/throttle	90
2026-09-30T14:59:38.021	ngr/loco/9950011/state/direction	2
2026-09-30T14:59:38.021	ngr/loco/9950011/state/auto	1
2026-09-30T14:59:38.021	ngr/loco/9950011/state/estop	0
2026-09-30T14:59:38.021	ngr/loco/9950011/state/nav_ready	1
2026-09-30T14:59:38.853	ngr/loco/9950011/state/lowvolt	0
2026-09-30T14:59:38.861	ngr/loco/9950011/telem/voltage	16.32
2026-09-30T14:59:38.862	ngr/loco/9950011/telem/current	0.31
2026-09-30T14:59:38.862	ngr/loco/9950011/telem/power	5.12
2026-09-30T14:59:39.016	ngr/loco/9950011/state/loopstat	{"build":"NAVI_EYES_WIDE_OPEN_INTEGRATED_R2","mm":3,"target":2,"dir":-1,"target_distance_mm":330,"target_polarity":-1,"position_reliable":1,"reference_ready":1,"reference":1898,"median5":0,"hall_support":0,"spatial_phase":1,"ir_applicable":1,"ir_distance_state":"HALL_IR_READY","ir_health_fault":6,"ir_readiness":3,"ir_boot":"761B38FCC6F727BE","ir_epoch":1,"ir_epoch_active":1,"ir_seq":11781,"ir_pulses":6725,"ir_reason":1,"ir_age_ms":70,"ir_span":175,"ir_gap":1,"ir_sat":0,"ir_abort":553,"ir_inferred_added":0,"ir_inferred_removed":0,"ir_calibration":0,"hall_seen":5924360,"ir_seen":11710,"hall_q_drop":0,"ir_q_drop":0,"ir_invalid":12210,"nsr_hall_drop":1,"nsr_ir_drop":0,"nsr_navi_drop":0,"nsr_native_drop":168,"event_drop":0,"pwm0_ir_motion":0,"confirmed":61,"missed":152,"pwm":90,"auto":1,"running":1,"estop":0,"lowvolt":0,"ir_stationary_pwm_warning":1,"pub_drop":0}
2026-09-30T14:59:39.021	ngr/loco/9950011/state/trace	{"consumption_drop":334,"action_drop":0,"command_queue_drop":0,"lossless":false}
2026-09-30T14:59:39.021	ngr/loco/9950011/state/nav	{"state":"NORMAL","mm":3,"target":2,"dir":-1,"session_dir":"CCW","position_reliable":1,"ir_distance_state":"HALL_IR_READY","reference_ready":1,"boot_reference":"PROVISIONAL_OR_SPATIAL","authority":"NAVI_EWO"}
2026-09-30T14:59:39.022	ngr/loco/9950011/telem/ir	{"ir_valid":1,"ir_mmps":0.000,"ir_coupled":0,"ir_speed_reason":"STOPPED","ir_applicable":1,"ir_reason":1,"ir_seq":11781,"ir_pulses":6725,"ir_gap":1,"ir_sat":0,"ir_abort":553,"authority":"NAVI_EWO"}
2026-09-30T14:59:39.022	ngr/loco/9950011/telem/speed	{"ir_valid":1,"ir_mmps":0.000,"ir_coupled":0,"ir_speed_reason":"STOPPED","ir_applicable":1,"ir_reason":1,"ir_seq":11781,"ir_pulses":6725,"ir_gap":1,"ir_sat":0,"ir_abort":553,"authority":"NAVI_EWO"}
2026-09-30T14:59:39.022	ngr/loco/9950011/diag/ir_link	{"radio_ready":1,"seen":23920,"source_mac":"38:18:2B:30:8C:2C","paired_mac":"38:18:2B:30:8C:2C","paired_for_display_only":1,"coupled":0,"invalid_wire":12210,"queue_drop":0}
2026-09-30T14:59:39.022	ngr/loco/9950011/state/throttle	90
2026-09-30T14:59:39.022	ngr/loco/9950011/state/direction	2
2026-09-30T14:59:39.023	ngr/loco/9950011/state/auto	1
2026-09-30T14:59:39.023	ngr/loco/9950011/state/estop	0
2026-09-30T14:59:39.025	ngr/loco/9950011/state/nav_ready	1
2026-09-30T14:59:40.009	ngr/loco/9950011/state/loopstat	{"build":"NAVI_EYES_WIDE_OPEN_INTEGRATED_R2","mm":3,"target":2,"dir":-1,"target_distance_mm":330,"target_polarity":-1,"position_reliable":1,"reference_ready":1,"reference":1898,"median5":0,"hall_support":0,"spatial_phase":1,"ir_applicable":1,"ir_distance_state":"HALL_IR_READY","ir_health_fault":0,"ir_readiness":2,"ir_boot":"761B38FCC6F727BE","ir_epoch":1,"ir_epoch_active":1,"ir_seq":11791,"ir_pulses":6726,"ir_reason":5,"ir_age_ms":55,"ir_span":415,"ir_gap":1,"ir_sat":0,"ir_abort":554,"ir_inferred_added":0,"ir_inferred_removed":0,"ir_calibration":0,"hall_seen":5929356,"ir_seen":11720,"hall_q_drop":0,"ir_q_drop":0,"ir_invalid":12221,"nsr_hall_drop":1,"nsr_ir_drop":0,"nsr_navi_drop":0,"nsr_native_drop":168,"event_drop":0,"pwm0_ir_motion":0,"confirmed":61,"missed":152,"pwm":90,"auto":1,"running":1,"estop":0,"lowvolt":0,"ir_stationary_pwm_warning":0,"pub_drop":0}
2026-09-30T14:59:40.016	ngr/loco/9950011/state/trace	{"consumption_drop":334,"action_drop":0,"command_queue_drop":0,"lossless":false}
2026-09-30T14:59:40.016	ngr/loco/9950011/state/nav	{"state":"NORMAL","mm":3,"target":2,"dir":-1,"session_dir":"CCW","position_reliable":1,"ir_distance_state":"HALL_IR_READY","reference_ready":1,"boot_reference":"PROVISIONAL_OR_SPATIAL","authority":"NAVI_EWO"}
2026-09-30T14:59:40.017	ngr/loco/9950011/telem/ir	{"ir_valid":1,"ir_mmps":10.713,"ir_coupled":0,"ir_speed_reason":"MEASURED","ir_applicable":1,"ir_reason":5,"ir_seq":11791,"ir_pulses":6726,"ir_gap":1,"ir_sat":0,"ir_abort":554,"authority":"NAVI_EWO"}
2026-09-30T14:59:40.017	ngr/loco/9950011/telem/speed	{"ir_valid":1,"ir_mmps":10.713,"ir_coupled":0,"ir_speed_reason":"MEASURED","ir_applicable":1,"ir_reason":5,"ir_seq":11791,"ir_pulses":6726,"ir_gap":1,"ir_sat":0,"ir_abort":554,"authority":"NAVI_EWO"}
2026-09-30T14:59:40.017	ngr/loco/9950011/diag/ir_link	{"radio_ready":1,"seen":23941,"source_mac":"38:18:2B:30:8C:2C","paired_mac":"38:18:2B:30:8C:2C","paired_for_display_only":1,"coupled":0,"invalid_wire":12221,"queue_drop":0}
2026-09-30T14:59:40.017	ngr/loco/9950011/state/throttle	90
2026-09-30T14:59:40.018	ngr/loco/9950011/state/direction	2
2026-09-30T14:59:40.018	ngr/loco/9950011/state/auto	1
2026-09-30T14:59:40.018	ngr/loco/9950011/state/estop	0
2026-09-30T14:59:40.018	ngr/loco/9950011/state/nav_ready	1
2026-09-30T14:59:41.011	ngr/loco/9950011/state/loopstat	{"build":"NAVI_EYES_WIDE_OPEN_INTEGRATED_R2","mm":3,"target":2,"dir":-1,"target_distance_mm":330,"target_polarity":-1,"position_reliable":1,"reference_ready":1,"reference":1898,"median5":0,"hall_support":0,"spatial_phase":1,"ir_applicable":1,"ir_distance_state":"HALL_IR_READY","ir_health_fault":0,"ir_readiness":2,"ir_boot":"761B38FCC6F727BE","ir_epoch":1,"ir_epoch_active":1,"ir_seq":11801,"ir_pulses":6726,"ir_reason":5,"ir_age_ms":55,"ir_span":175,"ir_gap":1,"ir_sat":0,"ir_abort":555,"ir_inferred_added":0,"ir_inferred_removed":0,"ir_calibration":0,"hall_seen":5934359,"ir_seen":11730,"hall_q_drop":0,"ir_q_drop":0,"ir_invalid":12231,"nsr_hall_drop":1,"nsr_ir_drop":0,"nsr_navi_drop":0,"nsr_native_drop":168,"event_drop":0,"pwm0_ir_motion":0,"confirmed":61,"missed":152,"pwm":90,"auto":1,"running":1,"estop":0,"lowvolt":0,"ir_stationary_pwm_warning":1,"pub_drop":0}
2026-09-30T14:59:41.015	ngr/loco/9950011/state/trace	{"consumption_drop":334,"action_drop":0,"command_queue_drop":0,"lossless":false}
2026-09-30T14:59:41.015	ngr/loco/9950011/state/nav	{"state":"NORMAL","mm":3,"target":2,"dir":-1,"session_dir":"CCW","position_reliable":1,"ir_distance_state":"HALL_IR_READY","reference_ready":1,"boot_reference":"PROVISIONAL_OR_SPATIAL","authority":"NAVI_EWO"}
2026-09-30T14:59:41.016	ngr/loco/9950011/telem/ir	{"ir_valid":1,"ir_mmps":0.000,"ir_coupled":0,"ir_speed_reason":"STOPPED","ir_applicable":1,"ir_reason":5,"ir_seq":11801,"ir_pulses":6726,"ir_gap":1,"ir_sat":0,"ir_abort":555,"authority":"NAVI_EWO"}
2026-09-30T14:59:41.016	ngr/loco/9950011/telem/speed	{"ir_valid":1,"ir_mmps":0.000,"ir_coupled":0,"ir_speed_reason":"STOPPED","ir_applicable":1,"ir_reason":5,"ir_seq":11801,"ir_pulses":6726,"ir_gap":1,"ir_sat":0,"ir_abort":555,"authority":"NAVI_EWO"}
2026-09-30T14:59:41.016	ngr/loco/9950011/diag/ir_link	{"radio_ready":1,"seen":23961,"source_mac":"38:18:2B:30:8C:2C","paired_mac":"38:18:2B:30:8C:2C","paired_for_display_only":1,"coupled":0,"invalid_wire":12231,"queue_drop":0}
2026-09-30T14:59:41.017	ngr/loco/9950011/state/throttle	90
2026-09-30T14:59:41.019	ngr/loco/9950011/state/direction	2
2026-09-30T14:59:41.019	ngr/loco/9950011/state/auto	1
2026-09-30T14:59:41.019	ngr/loco/9950011/state/estop	0
2026-09-30T14:59:41.019	ngr/loco/9950011/state/nav_ready	1
2026-09-30T14:59:41.685	ngr/loco/9950011/state/connectivity	{"wifi":1,"ip":"192.168.68.72","rssi":-45,"mqtt":1,"mqtt_state":0,"broker":"192.168.68.142","ir_radio":1,"ir_seen":23975,"ir_coupled":0,"navi_sync":1,"udp_failures":183}
2026-09-30T14:59:42.014	ngr/loco/9950011/state/loopstat	{"build":"NAVI_EYES_WIDE_OPEN_INTEGRATED_R2","mm":3,"target":2,"dir":-1,"target_distance_mm":330,"target_polarity":-1,"position_reliable":1,"reference_ready":1,"reference":1898,"median5":0,"hall_support":0,"spatial_phase":1,"ir_applicable":1,"ir_distance_state":"HALL_IR_READY","ir_health_fault":6,"ir_readiness":3,"ir_boot":"761B38FCC6F727BE","ir_epoch":1,"ir_epoch_active":1,"ir_seq":11811,"ir_pulses":6726,"ir_reason":1,"ir_age_ms":59,"ir_span":175,"ir_gap":1,"ir_sat":0,"ir_abort":555,"ir_inferred_added":0,"ir_inferred_removed":0,"ir_calibration":0,"hall_seen":5939359,"ir_seen":11740,"hall_q_drop":0,"ir_q_drop":0,"ir_invalid":12241,"nsr_hall_drop":1,"nsr_ir_drop":0,"nsr_navi_drop":0,"nsr_native_drop":168,"event_drop":0,"pwm0_ir_motion":0,"confirmed":61,"missed":152,"pwm":90,"auto":1,"running":1,"estop":0,"lowvolt":0,"ir_stationary_pwm_warning":1,"pub_drop":0}
2026-09-30T14:59:42.017	ngr/loco/9950011/state/trace	{"consumption_drop":334,"action_drop":0,"command_queue_drop":0,"lossless":false}
2026-09-30T14:59:42.017	ngr/loco/9950011/state/nav	{"state":"NORMAL","mm":3,"target":2,"dir":-1,"session_dir":"CCW","position_reliable":1,"ir_distance_state":"HALL_IR_READY","reference_ready":1,"boot_reference":"PROVISIONAL_OR_SPATIAL","authority":"NAVI_EWO"}
2026-09-30T14:59:42.017	ngr/loco/9950011/telem/ir	{"ir_valid":1,"ir_mmps":0.000,"ir_coupled":0,"ir_speed_reason":"STOPPED","ir_applicable":1,"ir_reason":1,"ir_seq":11811,"ir_pulses":6726,"ir_gap":1,"ir_sat":0,"ir_abort":555,"authority":"NAVI_EWO"}
2026-09-30T14:59:42.017	ngr/loco/9950011/telem/speed	{"ir_valid":1,"ir_mmps":0.000,"ir_coupled":0,"ir_speed_reason":"STOPPED","ir_applicable":1,"ir_reason":1,"ir_seq":11811,"ir_pulses":6726,"ir_gap":1,"ir_sat":0,"ir_abort":555,"authority":"NAVI_EWO"}
2026-09-30T14:59:42.018	ngr/loco/9950011/diag/ir_link	{"radio_ready":1,"seen":23981,"source_mac":"38:18:2B:30:8C:2C","paired_mac":"38:18:2B:30:8C:2C","paired_for_display_only":1,"coupled":0,"invalid_wire":12241,"queue_drop":0}
2026-09-30T14:59:42.018	ngr/loco/9950011/state/throttle	90
2026-09-30T14:59:42.019	ngr/loco/9950011/state/direction	2
2026-09-30T14:59:42.019	ngr/loco/9950011/state/auto	1
2026-09-30T14:59:42.020	ngr/loco/9950011/state/estop	0
2026-09-30T14:59:42.020	ngr/loco/9950011/state/nav_ready	1
2026-09-30T14:59:43.014	ngr/loco/9950011/state/loopstat	{"build":"NAVI_EYES_WIDE_OPEN_INTEGRATED_R2","mm":3,"target":2,"dir":-1,"target_distance_mm":330,"target_polarity":-1,"position_reliable":1,"reference_ready":1,"reference":1898,"median5":0,"hall_support":0,"spatial_phase":1,"ir_applicable":1,"ir_distance_state":"HALL_IR_READY","ir_health_fault":6,"ir_readiness":3,"ir_boot":"761B38FCC6F727BE","ir_epoch":1,"ir_epoch_active":1,"ir_seq":11821,"ir_pulses":6727,"ir_reason":1,"ir_age_ms":58,"ir_span":127,"ir_gap":1,"ir_sat":0,"ir_abort":557,"ir_inferred_added":0,"ir_inferred_removed":0,"ir_calibration":0,"hall_seen":5944359,"ir_seen":11750,"hall_q_drop":0,"ir_q_drop":0,"ir_invalid":12252,"nsr_hall_drop":1,"nsr_ir_drop":0,"nsr_navi_drop":0,"nsr_native_drop":168,"event_drop":0,"pwm0_ir_motion":0,"confirmed":61,"missed":152,"pwm":90,"auto":1,"running":1,"estop":0,"lowvolt":0,"ir_stationary_pwm_warning":0,"pub_drop":0}
2026-09-30T14:59:43.017	ngr/loco/9950011/state/trace	{"consumption_drop":334,"action_drop":0,"command_queue_drop":0,"lossless":false}
2026-09-30T14:59:43.017	ngr/loco/9950011/state/nav	{"state":"NORMAL","mm":3,"target":2,"dir":-1,"session_dir":"CCW","position_reliable":1,"ir_distance_state":"HALL_IR_READY","reference_ready":1,"boot_reference":"PROVISIONAL_OR_SPATIAL","authority":"NAVI_EWO"}
2026-09-30T14:59:43.017	ngr/loco/9950011/telem/ir	{"ir_valid":1,"ir_mmps":10.701,"ir_coupled":0,"ir_speed_reason":"MEASURED","ir_applicable":1,"ir_reason":1,"ir_seq":11821,"ir_pulses":6727,"ir_gap":1,"ir_sat":0,"ir_abort":557,"authority":"NAVI_EWO"}
2026-09-30T14:59:43.017	ngr/loco/9950011/telem/speed	{"ir_valid":1,"ir_mmps":10.701,"ir_coupled":0,"ir_speed_reason":"MEASURED","ir_applicable":1,"ir_reason":1,"ir_seq":11821,"ir_pulses":6727,"ir_gap":1,"ir_sat":0,"ir_abort":557,"authority":"NAVI_EWO"}
2026-09-30T14:59:43.018	ngr/loco/9950011/diag/ir_link	{"radio_ready":1,"seen":24002,"source_mac":"38:18:2B:30:8C:2C","paired_mac":"38:18:2B:30:8C:2C","paired_for_display_only":1,"coupled":0,"invalid_wire":12252,"queue_drop":0}
2026-09-30T14:59:43.018	ngr/loco/9950011/state/throttle	90
2026-09-30T14:59:43.018	ngr/loco/9950011/state/direction	2
2026-09-30T14:59:43.018	ngr/loco/9950011/state/auto	1
2026-09-30T14:59:43.018	ngr/loco/9950011/state/estop	0
2026-09-30T14:59:43.018	ngr/loco/9950011/state/nav_ready	1
2026-09-30T14:59:43.846	ngr/loco/9950011/state/lowvolt	0
2026-09-30T14:59:43.891	ngr/loco/9950011/telem/voltage	16.25
2026-09-30T14:59:43.899	ngr/loco/9950011/telem/current	0.27
2026-09-30T14:59:43.900	ngr/loco/9950011/telem/power	4.10
2026-09-30T14:59:44.011	ngr/loco/9950011/state/loopstat	{"build":"NAVI_EYES_WIDE_OPEN_INTEGRATED_R2","mm":3,"target":2,"dir":-1,"target_distance_mm":330,"target_polarity":-1,"position_reliable":1,"reference_ready":1,"reference":1898,"median5":0,"hall_support":0,"spatial_phase":1,"ir_applicable":1,"ir_distance_state":"HALL_IR_READY","ir_health_fault":0,"ir_readiness":2,"ir_boot":"761B38FCC6F727BE","ir_epoch":1,"ir_epoch_active":1,"ir_seq":11831,"ir_pulses":6727,"ir_reason":5,"ir_age_ms":61,"ir_span":351,"ir_gap":1,"ir_sat":0,"ir_abort":558,"ir_inferred_added":0,"ir_inferred_removed":0,"ir_calibration":0,"hall_seen":5949358,"ir_seen":11760,"hall_q_drop":0,"ir_q_drop":0,"ir_invalid":12262,"nsr_hall_drop":1,"nsr_ir_drop":0,"nsr_navi_drop":0,"nsr_native_drop":168,"event_drop":0,"pwm0_ir_motion":0,"confirmed":61,"missed":152,"pwm":90,"auto":1,"running":1,"estop":0,"lowvolt":0,"ir_stationary_pwm_warning":1,"pub_drop":0}
2026-09-30T14:59:44.018	ngr/loco/9950011/state/trace	{"consumption_drop":334,"action_drop":0,"command_queue_drop":0,"lossless":false}
2026-09-30T14:59:44.018	ngr/loco/9950011/state/nav	{"state":"NORMAL","mm":3,"target":2,"dir":-1,"session_dir":"CCW","position_reliable":1,"ir_distance_state":"HALL_IR_READY","reference_ready":1,"boot_reference":"PROVISIONAL_OR_SPATIAL","authority":"NAVI_EWO"}
2026-09-30T14:59:44.019	ngr/loco/9950011/telem/ir	{"ir_valid":1,"ir_mmps":0.000,"ir_coupled":0,"ir_speed_reason":"STOPPED","ir_applicable":1,"ir_reason":5,"ir_seq":11831,"ir_pulses":6727,"ir_gap":1,"ir_sat":0,"ir_abort":558,"authority":"NAVI_EWO"}
2026-09-30T14:59:44.019	ngr/loco/9950011/telem/speed	{"ir_valid":1,"ir_mmps":0.000,"ir_coupled":0,"ir_speed_reason":"STOPPED","ir_applicable":1,"ir_reason":5,"ir_seq":11831,"ir_pulses":6727,"ir_gap":1,"ir_sat":0,"ir_abort":558,"authority":"NAVI_EWO"}
2026-09-30T14:59:44.019	ngr/loco/9950011/diag/ir_link	{"radio_ready":1,"seen":24022,"source_mac":"38:18:2B:30:8C:2C","paired_mac":"38:18:2B:30:8C:2C","paired_for_display_only":1,"coupled":0,"invalid_wire":12262,"queue_drop":0}
2026-09-30T14:59:44.023	ngr/loco/9950011/state/throttle	90
2026-09-30T14:59:44.023	ngr/loco/9950011/state/direction	2
2026-09-30T14:59:44.024	ngr/loco/9950011/state/auto	1
2026-09-30T14:59:44.024	ngr/loco/9950011/state/estop	0
2026-09-30T14:59:44.024	ngr/loco/9950011/state/nav_ready	1
2026-09-30T14:59:45.010	ngr/loco/9950011/state/loopstat	{"build":"NAVI_EYES_WIDE_OPEN_INTEGRATED_R2","mm":3,"target":2,"dir":-1,"target_distance_mm":330,"target_polarity":-1,"position_reliable":1,"reference_ready":1,"reference":1898,"median5":0,"hall_support":0,"spatial_phase":1,"ir_applicable":1,"ir_distance_state":"HALL_IR_READY","ir_health_fault":0,"ir_readiness":2,"ir_boot":"761B38FCC6F727BE","ir_epoch":1,"ir_epoch_active":1,"ir_seq":11841,"ir_pulses":6728,"ir_reason":5,"ir_age_ms":62,"ir_span":335,"ir_gap":1,"ir_sat":0,"ir_abort":559,"ir_inferred_added":0,"ir_inferred_removed":0,"ir_calibration":0,"hall_seen":5954355,"ir_seen":11770,"hall_q_drop":0,"ir_q_drop":0,"ir_invalid":12273,"nsr_hall_drop":1,"nsr_ir_drop":0,"nsr_navi_drop":0,"nsr_native_drop":168,"event_drop":0,"pwm0_ir_motion":0,"confirmed":61,"missed":152,"pwm":90,"auto":1,"running":1,"estop":0,"lowvolt":0,"ir_stationary_pwm_warning":0,"pub_drop":0}
2026-09-30T14:59:45.013	ngr/loco/9950011/state/trace	{"consumption_drop":334,"action_drop":0,"command_queue_drop":0,"lossless":false}
2026-09-30T14:59:45.013	ngr/loco/9950011/state/nav	{"state":"NORMAL","mm":3,"target":2,"dir":-1,"session_dir":"CCW","position_reliable":1,"ir_distance_state":"HALL_IR_READY","reference_ready":1,"boot_reference":"PROVISIONAL_OR_SPATIAL","authority":"NAVI_EWO"}
2026-09-30T14:59:45.013	ngr/loco/9950011/telem/ir	{"ir_valid":1,"ir_mmps":10.713,"ir_coupled":0,"ir_speed_reason":"MEASURED","ir_applicable":1,"ir_reason":5,"ir_seq":11841,"ir_pulses":6728,"ir_gap":1,"ir_sat":0,"ir_abort":559,"authority":"NAVI_EWO"}
2026-09-30T14:59:45.014	ngr/loco/9950011/telem/speed	{"ir_valid":1,"ir_mmps":10.713,"ir_coupled":0,"ir_speed_reason":"MEASURED","ir_applicable":1,"ir_reason":5,"ir_seq":11841,"ir_pulses":6728,"ir_gap":1,"ir_sat":0,"ir_abort":559,"authority":"NAVI_EWO"}
2026-09-30T14:59:45.014	ngr/loco/9950011/diag/ir_link	{"radio_ready":1,"seen":24043,"source_mac":"38:18:2B:30:8C:2C","paired_mac":"38:18:2B:30:8C:2C","paired_for_display_only":1,"coupled":0,"invalid_wire":12273,"queue_drop":0}
2026-09-30T14:59:45.014	ngr/loco/9950011/state/throttle	90
2026-09-30T14:59:45.014	ngr/loco/9950011/state/direction	2
2026-09-30T14:59:45.014	ngr/loco/9950011/state/auto	1
2026-09-30T14:59:45.015	ngr/loco/9950011/state/estop	0
2026-09-30T14:59:45.015	ngr/loco/9950011/state/nav_ready	1
2026-09-30T14:59:46.006	ngr/loco/9950011/state/loopstat	{"build":"NAVI_EYES_WIDE_OPEN_INTEGRATED_R2","mm":3,"target":2,"dir":-1,"target_distance_mm":330,"target_polarity":-1,"position_reliable":1,"reference_ready":1,"reference":1898,"median5":0,"hall_support":0,"spatial_phase":1,"ir_applicable":1,"ir_distance_state":"HALL_IR_READY","ir_health_fault":0,"ir_readiness":2,"ir_boot":"761B38FCC6F727BE","ir_epoch":1,"ir_epoch_active":1,"ir_seq":11851,"ir_pulses":6728,"ir_reason":5,"ir_age_ms":63,"ir_span":351,"ir_gap":1,"ir_sat":0,"ir_abort":559,"ir_inferred_added":0,"ir_inferred_removed":0,"ir_calibration":0,"hall_seen":5959360,"ir_seen":11780,"hall_q_drop":0,"ir_q_drop":0,"ir_invalid":12283,"nsr_hall_drop":1,"nsr_ir_drop":0,"nsr_navi_drop":0,"nsr_native_drop":168,"event_drop":0,"pwm0_ir_motion":0,"confirmed":61,"missed":152,"pwm":90,"auto":1,"running":1,"estop":0,"lowvolt":0,"ir_stationary_pwm_warning":1,"pub_drop":0}
2026-09-30T14:59:46.011	ngr/loco/9950011/state/trace	{"consumption_drop":334,"action_drop":0,"command_queue_drop":0,"lossless":false}
2026-09-30T14:59:46.014	ngr/loco/9950011/state/nav	{"state":"NORMAL","mm":3,"target":2,"dir":-1,"session_dir":"CCW","position_reliable":1,"ir_distance_state":"HALL_IR_READY","reference_ready":1,"boot_reference":"PROVISIONAL_OR_SPATIAL","authority":"NAVI_EWO"}
2026-09-30T14:59:46.014	ngr/loco/9950011/telem/ir	{"ir_valid":1,"ir_mmps":0.000,"ir_coupled":0,"ir_speed_reason":"STOPPED","ir_applicable":1,"ir_reason":5,"ir_seq":11851,"ir_pulses":6728,"ir_gap":1,"ir_sat":0,"ir_abort":559,"authority":"NAVI_EWO"}
2026-09-30T14:59:46.014	ngr/loco/9950011/telem/speed	{"ir_valid":1,"ir_mmps":0.000,"ir_coupled":0,"ir_speed_reason":"STOPPED","ir_applicable":1,"ir_reason":5,"ir_seq":11851,"ir_pulses":6728,"ir_gap":1,"ir_sat":0,"ir_abort":559,"authority":"NAVI_EWO"}
2026-09-30T14:59:46.014	ngr/loco/9950011/diag/ir_link	{"radio_ready":1,"seen":24063,"source_mac":"38:18:2B:30:8C:2C","paired_mac":"38:18:2B:30:8C:2C","paired_for_display_only":1,"coupled":0,"invalid_wire":12283,"queue_drop":0}
2026-09-30T14:59:46.015	ngr/loco/9950011/state/throttle	90
2026-09-30T14:59:46.015	ngr/loco/9950011/state/direction	2
2026-09-30T14:59:46.016	ngr/loco/9950011/state/auto	1
2026-09-30T14:59:46.016	ngr/loco/9950011/state/estop	0
2026-09-30T14:59:46.016	ngr/loco/9950011/state/nav_ready	1
2026-09-30T14:59:46.351	ngr/loco/9950011/nav/evidence	{"event":"SPATIAL_COLLECT","hall_serial":5961040,"mm":3,"target":2,"dir":-1,"ir_um":64948308,"median5":0,"reference":1898,"ir_distance_holding":0,"opening_serial":5819577,"opening_ir_um":64842136,"position_reliable":1,"spatial_phase":2,"decision_us":1192561726,"consumption_id":5972825,"ir_seq":11855}
2026-09-30T14:59:46.678	ngr/loco/9950011/state/connectivity	{"wifi":1,"ip":"192.168.68.72","rssi":-40,"mqtt":1,"mqtt_state":0,"broker":"192.168.68.142","ir_radio":1,"ir_seen":24077,"ir_coupled":0,"navi_sync":1,"udp_failures":183}
2026-09-30T14:59:47.009	ngr/loco/9950011/state/loopstat	{"build":"NAVI_EYES_WIDE_OPEN_INTEGRATED_R2","mm":3,"target":2,"dir":-1,"target_distance_mm":330,"target_polarity":-1,"position_reliable":1,"reference_ready":1,"reference":1898,"median5":0,"hall_support":0,"spatial_phase":2,"ir_applicable":1,"ir_distance_state":"HALL_IR_READY","ir_health_fault":6,"ir_readiness":3,"ir_boot":"761B38FCC6F727BE","ir_epoch":1,"ir_epoch_active":1,"ir_seq":11861,"ir_pulses":6729,"ir_reason":1,"ir_age_ms":65,"ir_span":143,"ir_gap":1,"ir_sat":0,"ir_abort":560,"ir_inferred_added":0,"ir_inferred_removed":0,"ir_calibration":0,"hall_seen":5964359,"ir_seen":11790,"hall_q_drop":0,"ir_q_drop":0,"ir_invalid":12293,"nsr_hall_drop":1,"nsr_ir_drop":0,"nsr_navi_drop":0,"nsr_native_drop":168,"event_drop":0,"pwm0_ir_motion":0,"confirmed":61,"missed":152,"pwm":90,"auto":1,"running":1,"estop":0,"lowvolt":0,"ir_stationary_pwm_warning":0,"pub_drop":0}
2026-09-30T14:59:47.016	ngr/loco/9950011/state/trace	{"consumption_drop":334,"action_drop":0,"command_queue_drop":0,"lossless":false}
2026-09-30T14:59:47.017	ngr/loco/9950011/state/nav	{"state":"NORMAL","mm":3,"target":2,"dir":-1,"session_dir":"CCW","position_reliable":1,"ir_distance_state":"HALL_IR_READY","reference_ready":1,"boot_reference":"PROVISIONAL_OR_SPATIAL","authority":"NAVI_EWO"}
2026-09-30T14:59:47.017	ngr/loco/9950011/telem/ir	{"ir_valid":1,"ir_mmps":10.724,"ir_coupled":0,"ir_speed_reason":"MEASURED","ir_applicable":1,"ir_reason":1,"ir_seq":11861,"ir_pulses":6729,"ir_gap":1,"ir_sat":0,"ir_abort":560,"authority":"NAVI_EWO"}
2026-09-30T14:59:47.017	ngr/loco/9950011/telem/speed	{"ir_valid":1,"ir_mmps":10.724,"ir_coupled":0,"ir_speed_reason":"MEASURED","ir_applicable":1,"ir_reason":1,"ir_seq":11861,"ir_pulses":6729,"ir_gap":1,"ir_sat":0,"ir_abort":560,"authority":"NAVI_EWO"}
2026-09-30T14:59:47.017	ngr/loco/9950011/diag/ir_link	{"radio_ready":1,"seen":24083,"source_mac":"38:18:2B:30:8C:2C","paired_mac":"38:18:2B:30:8C:2C","paired_for_display_only":1,"coupled":0,"invalid_wire":12293,"queue_drop":0}
2026-09-30T14:59:47.017	ngr/loco/9950011/state/throttle	90
2026-09-30T14:59:47.018	ngr/loco/9950011/state/direction	2
2026-09-30T14:59:47.018	ngr/loco/9950011/state/auto	1
2026-09-30T14:59:47.018	ngr/loco/9950011/state/estop	0
2026-09-30T14:59:47.019	ngr/loco/9950011/state/nav_ready	1
2026-09-30T14:59:48.004	ngr/loco/9950011/state/loopstat	{"build":"NAVI_EYES_WIDE_OPEN_INTEGRATED_R2","mm":3,"target":2,"dir":-1,"target_distance_mm":330,"target_polarity":-1,"position_reliable":1,"reference_ready":1,"reference":1898,"median5":0,"hall_support":0,"spatial_phase":2,"ir_applicable":1,"ir_distance_state":"HALL_IR_READY","ir_health_fault":6,"ir_readiness":3,"ir_boot":"761B38FCC6F727BE","ir_epoch":1,"ir_epoch_active":1,"ir_seq":11871,"ir_pulses":6729,"ir_reason":1,"ir_age_ms":46,"ir_span":255,"ir_gap":1,"ir_sat":0,"ir_abort":561,"ir_inferred_added":0,"ir_inferred_removed":0,"ir_calibration":0,"hall_seen":5969360,"ir_seen":11800,"hall_q_drop":0,"ir_q_drop":0,"ir_invalid":12304,"nsr_hall_drop":1,"nsr_ir_drop":0,"nsr_navi_drop":0,"nsr_native_drop":168,"event_drop":0,"pwm0_ir_motion":0,"confirmed":61,"missed":152,"pwm":90,"auto":1,"running":1,"estop":0,"lowvolt":0,"ir_stationary_pwm_warning":1,"pub_drop":0}
2026-09-30T14:59:48.007	ngr/loco/9950011/state/trace	{"consumption_drop":334,"action_drop":0,"command_queue_drop":0,"lossless":false}
2026-09-30T14:59:48.007	ngr/loco/9950011/state/nav	{"state":"NORMAL","mm":3,"target":2,"dir":-1,"session_dir":"CCW","position_reliable":1,"ir_distance_state":"HALL_IR_READY","reference_ready":1,"boot_reference":"PROVISIONAL_OR_SPATIAL","authority":"NAVI_EWO"}
2026-09-30T14:59:48.013	ngr/loco/9950011/telem/ir	{"ir_valid":1,"ir_mmps":0.000,"ir_coupled":0,"ir_speed_reason":"STOPPED","ir_applicable":1,"ir_reason":1,"ir_seq":11871,"ir_pulses":6729,"ir_gap":1,"ir_sat":0,"ir_abort":561,"authority":"NAVI_EWO"}
2026-09-30T14:59:48.013	ngr/loco/9950011/telem/speed	{"ir_valid":1,"ir_mmps":0.000,"ir_coupled":0,"ir_speed_reason":"STOPPED","ir_applicable":1,"ir_reason":1,"ir_seq":11871,"ir_pulses":6729,"ir_gap":1,"ir_sat":0,"ir_abort":561,"authority":"NAVI_EWO"}
2026-09-30T14:59:48.014	ngr/loco/9950011/diag/ir_link	{"radio_ready":1,"seen":24104,"source_mac":"38:18:2B:30:8C:2C","paired_mac":"38:18:2B:30:8C:2C","paired_for_display_only":1,"coupled":0,"invalid_wire":12304,"queue_drop":0}
2026-09-30T14:59:48.015	ngr/loco/9950011/state/throttle	90
2026-09-30T14:59:48.015	ngr/loco/9950011/state/direction	2
2026-09-30T14:59:48.015	ngr/loco/9950011/state/auto	1
2026-09-30T14:59:48.015	ngr/loco/9950011/state/estop	0
2026-09-30T14:59:48.016	ngr/loco/9950011/state/nav_ready	1
2026-09-30T14:59:48.844	ngr/loco/9950011/state/lowvolt	0
2026-09-30T14:59:48.852	ngr/loco/9950011/telem/voltage	16.27
2026-09-30T14:59:48.852	ngr/loco/9950011/telem/current	0.21
2026-09-30T14:59:48.853	ngr/loco/9950011/telem/power	3.66
2026-09-30T14:59:49.007	ngr/loco/9950011/state/loopstat	{"build":"NAVI_EYES_WIDE_OPEN_INTEGRATED_R2","mm":3,"target":2,"dir":-1,"target_distance_mm":330,"target_polarity":-1,"position_reliable":1,"reference_ready":1,"reference":1898,"median5":0,"hall_support":0,"spatial_phase":2,"ir_applicable":1,"ir_distance_state":"HALL_IR_READY","ir_health_fault":0,"ir_readiness":2,"ir_boot":"761B38FCC6F727BE","ir_epoch":1,"ir_epoch_active":1,"ir_seq":11881,"ir_pulses":6730,"ir_reason":5,"ir_age_ms":48,"ir_span":271,"ir_gap":1,"ir_sat":0,"ir_abort":563,"ir_inferred_added":0,"ir_inferred_removed":0,"ir_calibration":0,"hall_seen":5974359,"ir_seen":11810,"hall_q_drop":0,"ir_q_drop":0,"ir_invalid":12314,"nsr_hall_drop":1,"nsr_ir_drop":0,"nsr_navi_drop":0,"nsr_native_drop":168,"event_drop":0,"pwm0_ir_motion":0,"confirmed":61,"missed":152,"pwm":90,"auto":1,"running":1,"estop":0,"lowvolt":0,"ir_stationary_pwm_warning":0,"pub_drop":0}
2026-09-30T14:59:49.009	ngr/loco/9950011/state/trace	{"consumption_drop":334,"action_drop":0,"command_queue_drop":0,"lossless":false}
2026-09-30T14:59:49.012	ngr/loco/9950011/state/nav	{"state":"NORMAL","mm":3,"target":2,"dir":-1,"session_dir":"CCW","position_reliable":1,"ir_distance_state":"HALL_IR_READY","reference_ready":1,"boot_reference":"PROVISIONAL_OR_SPATIAL","authority":"NAVI_EWO"}
2026-09-30T14:59:49.012	ngr/loco/9950011/telem/ir	{"ir_valid":1,"ir_mmps":10.713,"ir_coupled":0,"ir_speed_reason":"MEASURED","ir_applicable":1,"ir_reason":5,"ir_seq":11881,"ir_pulses":6730,"ir_gap":1,"ir_sat":0,"ir_abort":563,"authority":"NAVI_EWO"}
2026-09-30T14:59:49.012	ngr/loco/9950011/telem/speed	{"ir_valid":1,"ir_mmps":10.713,"ir_coupled":0,"ir_speed_reason":"MEASURED","ir_applicable":1,"ir_reason":5,"ir_seq":11881,"ir_pulses":6730,"ir_gap":1,"ir_sat":0,"ir_abort":563,"authority":"NAVI_EWO"}
2026-09-30T14:59:49.016	ngr/loco/9950011/diag/ir_link	{"radio_ready":1,"seen":24124,"source_mac":"38:18:2B:30:8C:2C","paired_mac":"38:18:2B:30:8C:2C","paired_for_display_only":1,"coupled":0,"invalid_wire":12314,"queue_drop":0}
2026-09-30T14:59:49.017	ngr/loco/9950011/state/throttle	90
2026-09-30T14:59:49.017	ngr/loco/9950011/state/direction	2
2026-09-30T14:59:49.022	ngr/loco/9950011/state/auto	1
2026-09-30T14:59:49.022	ngr/loco/9950011/state/estop	0
2026-09-30T14:59:49.022	ngr/loco/9950011/state/nav_ready	1
2026-09-30T14:59:50.012	ngr/loco/9950011/state/loopstat	{"build":"NAVI_EYES_WIDE_OPEN_INTEGRATED_R2","mm":3,"target":2,"dir":-1,"target_distance_mm":330,"target_polarity":-1,"position_reliable":1,"reference_ready":1,"reference":1898,"median5":0,"hall_support":0,"spatial_phase":2,"ir_applicable":1,"ir_distance_state":"HALL_IR_READY","ir_health_fault":6,"ir_readiness":3,"ir_boot":"761B38FCC6F727BE","ir_epoch":1,"ir_epoch_active":1,"ir_seq":11891,"ir_pulses":6730,"ir_reason":1,"ir_age_ms":49,"ir_span":111,"ir_gap":1,"ir_sat":0,"ir_abort":563,"ir_inferred_added":0,"ir_inferred_removed":0,"ir_calibration":0,"hall_seen":5979359,"ir_seen":11820,"hall_q_drop":0,"ir_q_drop":0,"ir_invalid":12325,"nsr_hall_drop":1,"nsr_ir_drop":0,"nsr_navi_drop":0,"nsr_native_drop":168,"event_drop":0,"pwm0_ir_motion":0,"confirmed":61,"missed":152,"pwm":90,"auto":1,"running":1,"estop":0,"lowvolt":0,"ir_stationary_pwm_warning":1,"pub_drop":0}
2026-09-30T14:59:50.016	ngr/loco/9950011/state/trace	{"consumption_drop":334,"action_drop":0,"command_queue_drop":0,"lossless":false}
2026-09-30T14:59:50.016	ngr/loco/9950011/state/nav	{"state":"NORMAL","mm":3,"target":2,"dir":-1,"session_dir":"CCW","position_reliable":1,"ir_distance_state":"HALL_IR_READY","reference_ready":1,"boot_reference":"PROVISIONAL_OR_SPATIAL","authority":"NAVI_EWO"}
2026-09-30T14:59:50.017	ngr/loco/9950011/telem/ir	{"ir_valid":1,"ir_mmps":0.000,"ir_coupled":0,"ir_speed_reason":"STOPPED","ir_applicable":1,"ir_reason":1,"ir_seq":11891,"ir_pulses":6730,"ir_gap":1,"ir_sat":0,"ir_abort":563,"authority":"NAVI_EWO"}
2026-09-30T14:59:50.017	ngr/loco/9950011/telem/speed	{"ir_valid":1,"ir_mmps":0.000,"ir_coupled":0,"ir_speed_reason":"STOPPED","ir_applicable":1,"ir_reason":1,"ir_seq":11891,"ir_pulses":6730,"ir_gap":1,"ir_sat":0,"ir_abort":563,"authority":"NAVI_EWO"}
2026-09-30T14:59:50.018	ngr/loco/9950011/diag/ir_link	{"radio_ready":1,"seen":24145,"source_mac":"38:18:2B:30:8C:2C","paired_mac":"38:18:2B:30:8C:2C","paired_for_display_only":1,"coupled":0,"invalid_wire":12325,"queue_drop":0}
2026-09-30T14:59:50.018	ngr/loco/9950011/state/throttle	90
2026-09-30T14:59:50.019	ngr/loco/9950011/state/direction	2
2026-09-30T14:59:50.019	ngr/loco/9950011/state/auto	1
2026-09-30T14:59:50.019	ngr/loco/9950011/state/estop	0
2026-09-30T14:59:50.019	ngr/loco/9950011/state/nav_ready	1
2026-09-30T14:59:51.014	ngr/loco/9950011/state/loopstat	{"build":"NAVI_EYES_WIDE_OPEN_INTEGRATED_R2","mm":3,"target":2,"dir":-1,"target_distance_mm":330,"target_polarity":-1,"position_reliable":1,"reference_ready":1,"reference":1898,"median5":0,"hall_support":0,"spatial_phase":2,"ir_applicable":1,"ir_distance_state":"HALL_IR_READY","ir_health_fault":6,"ir_readiness":3,"ir_boot":"761B38FCC6F727BE","ir_epoch":1,"ir_epoch_active":1,"ir_seq":11901,"ir_pulses":6731,"ir_reason":1,"ir_age_ms":55,"ir_span":127,"ir_gap":1,"ir_sat":0,"ir_abort":565,"ir_inferred_added":0,"ir_inferred_removed":0,"ir_calibration":0,"hall_seen":5984360,"ir_seen":11830,"hall_q_drop":0,"ir_q_drop":0,"ir_invalid":12335,"nsr_hall_drop":1,"nsr_ir_drop":0,"nsr_navi_drop":0,"nsr_native_drop":168,"event_drop":0,"pwm0_ir_motion":0,"confirmed":61,"missed":152,"pwm":90,"auto":1,"running":1,"estop":0,"lowvolt":0,"ir_stationary_pwm_warning":0,"pub_drop":0}
2026-09-30T14:59:51.019	ngr/loco/9950011/state/trace	{"consumption_drop":334,"action_drop":0,"command_queue_drop":0,"lossless":false}
2026-09-30T14:59:51.019	ngr/loco/9950011/state/nav	{"state":"NORMAL","mm":3,"target":2,"dir":-1,"session_dir":"CCW","position_reliable":1,"ir_distance_state":"HALL_IR_READY","reference_ready":1,"boot_reference":"PROVISIONAL_OR_SPATIAL","authority":"NAVI_EWO"}
2026-09-30T14:59:51.019	ngr/loco/9950011/telem/ir	{"ir_valid":1,"ir_mmps":10.713,"ir_coupled":0,"ir_speed_reason":"MEASURED","ir_applicable":1,"ir_reason":1,"ir_seq":11901,"ir_pulses":6731,"ir_gap":1,"ir_sat":0,"ir_abort":565,"authority":"NAVI_EWO"}
2026-09-30T14:59:51.019	ngr/loco/9950011/telem/speed	{"ir_valid":1,"ir_mmps":10.713,"ir_coupled":0,"ir_speed_reason":"MEASURED","ir_applicable":1,"ir_reason":1,"ir_seq":11901,"ir_pulses":6731,"ir_gap":1,"ir_sat":0,"ir_abort":565,"authority":"NAVI_EWO"}
2026-09-30T14:59:51.019	ngr/loco/9950011/diag/ir_link	{"radio_ready":1,"seen":24165,"source_mac":"38:18:2B:30:8C:2C","paired_mac":"38:18:2B:30:8C:2C","paired_for_display_only":1,"coupled":0,"invalid_wire":12335,"queue_drop":0}
2026-09-30T14:59:51.021	ngr/loco/9950011/state/throttle	90
2026-09-30T14:59:51.021	ngr/loco/9950011/state/direction	2
2026-09-30T14:59:51.021	ngr/loco/9950011/state/auto	1
2026-09-30T14:59:51.021	ngr/loco/9950011/state/estop	0
2026-09-30T14:59:51.022	ngr/loco/9950011/state/nav_ready	1
2026-09-30T14:59:51.684	ngr/loco/9950011/state/connectivity	{"wifi":1,"ip":"192.168.68.72","rssi":-40,"mqtt":1,"mqtt_state":0,"broker":"192.168.68.142","ir_radio":1,"ir_seen":24179,"ir_coupled":0,"navi_sync":1,"udp_failures":183}
2026-09-30T14:59:52.005	ngr/loco/9950011/state/loopstat	{"build":"NAVI_EYES_WIDE_OPEN_INTEGRATED_R2","mm":3,"target":2,"dir":-1,"target_distance_mm":330,"target_polarity":-1,"position_reliable":1,"reference_ready":1,"reference":1898,"median5":0,"hall_support":0,"spatial_phase":2,"ir_applicable":1,"ir_distance_state":"HALL_IR_READY","ir_health_fault":6,"ir_readiness":3,"ir_boot":"761B38FCC6F727BE","ir_epoch":1,"ir_epoch_active":1,"ir_seq":11911,"ir_pulses":6731,"ir_reason":1,"ir_age_ms":54,"ir_span":223,"ir_gap":1,"ir_sat":0,"ir_abort":565,"ir_inferred_added":0,"ir_inferred_removed":0,"ir_calibration":0,"hall_seen":5989359,"ir_seen":11840,"hall_q_drop":0,"ir_q_drop":0,"ir_invalid":12346,"nsr_hall_drop":1,"nsr_ir_drop":0,"nsr_navi_drop":0,"nsr_native_drop":168,"event_drop":0,"pwm0_ir_motion":0,"confirmed":61,"missed":152,"pwm":90,"auto":1,"running":1,"estop":0,"lowvolt":0,"ir_stationary_pwm_warning":1,"pub_drop":0}
2026-09-30T14:59:52.018	ngr/loco/9950011/state/trace	{"consumption_drop":334,"action_drop":0,"command_queue_drop":0,"lossless":false}
2026-09-30T14:59:52.019	ngr/loco/9950011/state/nav	{"state":"NORMAL","mm":3,"target":2,"dir":-1,"session_dir":"CCW","position_reliable":1,"ir_distance_state":"HALL_IR_READY","reference_ready":1,"boot_reference":"PROVISIONAL_OR_SPATIAL","authority":"NAVI_EWO"}
2026-09-30T14:59:52.019	ngr/loco/9950011/telem/ir	{"ir_valid":1,"ir_mmps":0.000,"ir_coupled":0,"ir_speed_reason":"STOPPED","ir_applicable":1,"ir_reason":1,"ir_seq":11911,"ir_pulses":6731,"ir_gap":1,"ir_sat":0,"ir_abort":565,"authority":"NAVI_EWO"}
2026-09-30T14:59:52.019	ngr/loco/9950011/telem/speed	{"ir_valid":1,"ir_mmps":0.000,"ir_coupled":0,"ir_speed_reason":"STOPPED","ir_applicable":1,"ir_reason":1,"ir_seq":11911,"ir_pulses":6731,"ir_gap":1,"ir_sat":0,"ir_abort":565,"authority":"NAVI_EWO"}
2026-09-30T14:59:52.026	ngr/loco/9950011/diag/ir_link	{"radio_ready":1,"seen":24186,"source_mac":"38:18:2B:30:8C:2C","paired_mac":"38:18:2B:30:8C:2C","paired_for_display_only":1,"coupled":0,"invalid_wire":12346,"queue_drop":0}
2026-09-30T14:59:52.026	ngr/loco/9950011/state/throttle	90
2026-09-30T14:59:52.026	ngr/loco/9950011/state/direction	2
2026-09-30T14:59:52.026	ngr/loco/9950011/state/auto	1
2026-09-30T14:59:52.026	ngr/loco/9950011/state/estop	0
2026-09-30T14:59:52.026	ngr/loco/9950011/state/nav_ready	1
2026-09-30T14:59:53.004	ngr/loco/9950011/state/loopstat	{"build":"NAVI_EYES_WIDE_OPEN_INTEGRATED_R2","mm":3,"target":2,"dir":-1,"target_distance_mm":330,"target_polarity":-1,"position_reliable":1,"reference_ready":1,"reference":1898,"median5":0,"hall_support":0,"spatial_phase":2,"ir_applicable":1,"ir_distance_state":"HALL_IR_READY","ir_health_fault":6,"ir_readiness":3,"ir_boot":"761B38FCC6F727BE","ir_epoch":1,"ir_epoch_active":1,"ir_seq":11921,"ir_pulses":6732,"ir_reason":1,"ir_age_ms":50,"ir_span":271,"ir_gap":1,"ir_sat":0,"ir_abort":566,"ir_inferred_added":0,"ir_inferred_removed":0,"ir_calibration":0,"hall_seen":5994360,"ir_seen":11850,"hall_q_drop":0,"ir_q_drop":0,"ir_invalid":12356,"nsr_hall_drop":1,"nsr_ir_drop":0,"nsr_navi_drop":0,"nsr_native_drop":168,"event_drop":0,"pwm0_ir_motion":0,"confirmed":61,"missed":152,"pwm":90,"auto":1,"running":1,"estop":0,"lowvolt":0,"ir_stationary_pwm_warning":0,"pub_drop":0}
2026-09-30T14:59:53.006	ngr/loco/9950011/state/trace	{"consumption_drop":334,"action_drop":0,"command_queue_drop":0,"lossless":false}
2026-09-30T14:59:53.010	ngr/loco/9950011/state/nav	{"state":"NORMAL","mm":3,"target":2,"dir":-1,"session_dir":"CCW","position_reliable":1,"ir_distance_state":"HALL_IR_READY","reference_ready":1,"boot_reference":"PROVISIONAL_OR_SPATIAL","authority":"NAVI_EWO"}
2026-09-30T14:59:53.010	ngr/loco/9950011/telem/ir	{"ir_valid":1,"ir_mmps":10.724,"ir_coupled":0,"ir_speed_reason":"MEASURED","ir_applicable":1,"ir_reason":1,"ir_seq":11921,"ir_pulses":6732,"ir_gap":1,"ir_sat":0,"ir_abort":566,"authority":"NAVI_EWO"}
2026-09-30T14:59:53.010	ngr/loco/9950011/telem/speed	{"ir_valid":1,"ir_mmps":10.724,"ir_coupled":0,"ir_speed_reason":"MEASURED","ir_applicable":1,"ir_reason":1,"ir_seq":11921,"ir_pulses":6732,"ir_gap":1,"ir_sat":0,"ir_abort":566,"authority":"NAVI_EWO"}
2026-09-30T14:59:53.012	ngr/loco/9950011/diag/ir_link	{"radio_ready":1,"seen":24206,"source_mac":"38:18:2B:30:8C:2C","paired_mac":"38:18:2B:30:8C:2C","paired_for_display_only":1,"coupled":0,"invalid_wire":12356,"queue_drop":0}
2026-09-30T14:59:53.013	ngr/loco/9950011/state/throttle	90
2026-09-30T14:59:53.013	ngr/loco/9950011/state/direction	2
2026-09-30T14:59:53.013	ngr/loco/9950011/state/auto	1
2026-09-30T14:59:53.013	ngr/loco/9950011/state/estop	0
2026-09-30T14:59:53.016	ngr/loco/9950011/state/nav_ready	1
2026-09-30T14:59:53.842	ngr/loco/9950011/state/lowvolt	0
2026-09-30T14:59:53.845	ngr/loco/9950011/telem/voltage	16.41
2026-09-30T14:59:53.849	ngr/loco/9950011/telem/current	0.30
2026-09-30T14:59:53.849	ngr/loco/9950011/telem/power	4.94
2026-09-30T14:59:54.008	ngr/loco/9950011/state/loopstat	{"build":"NAVI_EYES_WIDE_OPEN_INTEGRATED_R2","mm":3,"target":2,"dir":-1,"target_distance_mm":330,"target_polarity":-1,"position_reliable":1,"reference_ready":1,"reference":1898,"median5":0,"hall_support":0,"spatial_phase":2,"ir_applicable":1,"ir_distance_state":"HALL_IR_READY","ir_health_fault":6,"ir_readiness":3,"ir_boot":"761B38FCC6F727BE","ir_epoch":1,"ir_epoch_active":1,"ir_seq":11931,"ir_pulses":6733,"ir_reason":1,"ir_age_ms":37,"ir_span":191,"ir_gap":1,"ir_sat":0,"ir_abort":567,"ir_inferred_added":0,"ir_inferred_removed":0,"ir_calibration":0,"hall_seen":5999358,"ir_seen":11860,"hall_q_drop":0,"ir_q_drop":0,"ir_invalid":12366,"nsr_hall_drop":1,"nsr_ir_drop":0,"nsr_navi_drop":0,"nsr_native_drop":168,"event_drop":0,"pwm0_ir_motion":0,"confirmed":61,"missed":152,"pwm":90,"auto":1,"running":1,"estop":0,"lowvolt":0,"ir_stationary_pwm_warning":0,"pub_drop":0}
2026-09-30T14:59:54.015	ngr/loco/9950011/state/trace	{"consumption_drop":334,"action_drop":0,"command_queue_drop":0,"lossless":false}
2026-09-30T14:59:54.015	ngr/loco/9950011/state/nav	{"state":"NORMAL","mm":3,"target":2,"dir":-1,"session_dir":"CCW","position_reliable":1,"ir_distance_state":"HALL_IR_READY","reference_ready":1,"boot_reference":"PROVISIONAL_OR_SPATIAL","authority":"NAVI_EWO"}
2026-09-30T14:59:54.015	ngr/loco/9950011/telem/ir	{"ir_valid":1,"ir_mmps":10.724,"ir_coupled":0,"ir_speed_reason":"MEASURED","ir_applicable":1,"ir_reason":1,"ir_seq":11931,"ir_pulses":6733,"ir_gap":1,"ir_sat":0,"ir_abort":567,"authority":"NAVI_EWO"}
2026-09-30T14:59:54.017	ngr/loco/9950011/telem/speed	{"ir_valid":1,"ir_mmps":10.724,"ir_coupled":0,"ir_speed_reason":"MEASURED","ir_applicable":1,"ir_reason":1,"ir_seq":11931,"ir_pulses":6733,"ir_gap":1,"ir_sat":0,"ir_abort":567,"authority":"NAVI_EWO"}
2026-09-30T14:59:54.017	ngr/loco/9950011/diag/ir_link	{"radio_ready":1,"seen":24226,"source_mac":"38:18:2B:30:8C:2C","paired_mac":"38:18:2B:30:8C:2C","paired_for_display_only":1,"coupled":0,"invalid_wire":12366,"queue_drop":0}
2026-09-30T14:59:54.017	ngr/loco/9950011/state/throttle	90
2026-09-30T14:59:54.018	ngr/loco/9950011/state/direction	2
2026-09-30T14:59:54.018	ngr/loco/9950011/state/auto	1
2026-09-30T14:59:54.018	ngr/loco/9950011/state/estop	0
2026-09-30T14:59:54.018	ngr/loco/9950011/state/nav_ready	1
2026-09-30T14:59:55.003	ngr/loco/9950011/state/loopstat	{"build":"NAVI_EYES_WIDE_OPEN_INTEGRATED_R2","mm":3,"target":2,"dir":-1,"target_distance_mm":330,"target_polarity":-1,"position_reliable":1,"reference_ready":1,"reference":1898,"median5":0,"hall_support":0,"spatial_phase":2,"ir_applicable":1,"ir_distance_state":"HALL_IR_READY","ir_health_fault":6,"ir_readiness":3,"ir_boot":"761B38FCC6F727BE","ir_epoch":1,"ir_epoch_active":1,"ir_seq":11941,"ir_pulses":6734,"ir_reason":1,"ir_age_ms":38,"ir_span":207,"ir_gap":1,"ir_sat":0,"ir_abort":569,"ir_inferred_added":0,"ir_inferred_removed":0,"ir_calibration":0,"hall_seen":6004355,"ir_seen":11870,"hall_q_drop":0,"ir_q_drop":0,"ir_invalid":12377,"nsr_hall_drop":1,"nsr_ir_drop":0,"nsr_navi_drop":0,"nsr_native_drop":168,"event_drop":0,"pwm0_ir_motion":0,"confirmed":61,"missed":152,"pwm":90,"auto":1,"running":1,"estop":0,"lowvolt":0,"ir_stationary_pwm_warning":0,"pub_drop":0}
2026-09-30T14:59:55.005	ngr/loco/9950011/state/trace	{"consumption_drop":334,"action_drop":0,"command_queue_drop":0,"lossless":false}
2026-09-30T14:59:55.009	ngr/loco/9950011/state/nav	{"state":"NORMAL","mm":3,"target":2,"dir":-1,"session_dir":"CCW","position_reliable":1,"ir_distance_state":"HALL_IR_READY","reference_ready":1,"boot_reference":"PROVISIONAL_OR_SPATIAL","authority":"NAVI_EWO"}
2026-09-30T14:59:55.009	ngr/loco/9950011/telem/ir	{"ir_valid":1,"ir_mmps":10.724,"ir_coupled":0,"ir_speed_reason":"MEASURED","ir_applicable":1,"ir_reason":1,"ir_seq":11941,"ir_pulses":6734,"ir_gap":1,"ir_sat":0,"ir_abort":569,"authority":"NAVI_EWO"}
2026-09-30T14:59:55.015	ngr/loco/9950011/telem/speed	{"ir_valid":1,"ir_mmps":10.724,"ir_coupled":0,"ir_speed_reason":"MEASURED","ir_applicable":1,"ir_reason":1,"ir_seq":11941,"ir_pulses":6734,"ir_gap":1,"ir_sat":0,"ir_abort":569,"authority":"NAVI_EWO"}
2026-09-30T14:59:55.015	ngr/loco/9950011/diag/ir_link	{"radio_ready":1,"seen":24247,"source_mac":"38:18:2B:30:8C:2C","paired_mac":"38:18:2B:30:8C:2C","paired_for_display_only":1,"coupled":0,"invalid_wire":12377,"queue_drop":0}
2026-09-30T14:59:55.015	ngr/loco/9950011/state/throttle	90
2026-09-30T14:59:55.016	ngr/loco/9950011/state/direction	2
2026-09-30T14:59:55.016	ngr/loco/9950011/state/auto	1
2026-09-30T14:59:55.016	ngr/loco/9950011/state/estop	0
2026-09-30T14:59:55.016	ngr/loco/9950011/state/nav_ready	1
2026-09-30T14:59:56.023	ngr/loco/9950011/state/loopstat	{"build":"NAVI_EYES_WIDE_OPEN_INTEGRATED_R2","mm":3,"target":2,"dir":-1,"target_distance_mm":330,"target_polarity":-1,"position_reliable":1,"reference_ready":1,"reference":1898,"median5":0,"hall_support":0,"spatial_phase":2,"ir_applicable":1,"ir_distance_state":"HALL_IR_READY","ir_health_fault":6,"ir_readiness":3,"ir_boot":"761B38FCC6F727BE","ir_epoch":1,"ir_epoch_active":1,"ir_seq":11951,"ir_pulses":6734,"ir_reason":1,"ir_age_ms":40,"ir_span":175,"ir_gap":1,"ir_sat":0,"ir_abort":570,"ir_inferred_added":0,"ir_inferred_removed":0,"ir_calibration":0,"hall_seen":6009359,"ir_seen":11880,"hall_q_drop":0,"ir_q_drop":0,"ir_invalid":12387,"nsr_hall_drop":1,"nsr_ir_drop":0,"nsr_navi_drop":0,"nsr_native_drop":168,"event_drop":0,"pwm0_ir_motion":0,"confirmed":61,"missed":152,"pwm":90,"auto":1,"running":1,"estop":0,"lowvolt":0,"ir_stationary_pwm_warning":1,"pub_drop":0}
2026-09-30T14:59:56.026	ngr/loco/9950011/state/trace	{"consumption_drop":334,"action_drop":0,"command_queue_drop":0,"lossless":false}
2026-09-30T14:59:56.026	ngr/loco/9950011/state/nav	{"state":"NORMAL","mm":3,"target":2,"dir":-1,"session_dir":"CCW","position_reliable":1,"ir_distance_state":"HALL_IR_READY","reference_ready":1,"boot_reference":"PROVISIONAL_OR_SPATIAL","authority":"NAVI_EWO"}
2026-09-30T14:59:56.026	ngr/loco/9950011/telem/ir	{"ir_valid":1,"ir_mmps":0.000,"ir_coupled":0,"ir_speed_reason":"STOPPED","ir_applicable":1,"ir_reason":1,"ir_seq":11951,"ir_pulses":6734,"ir_gap":1,"ir_sat":0,"ir_abort":570,"authority":"NAVI_EWO"}
2026-09-30T14:59:56.026	ngr/loco/9950011/telem/speed	{"ir_valid":1,"ir_mmps":0.000,"ir_coupled":0,"ir_speed_reason":"STOPPED","ir_applicable":1,"ir_reason":1,"ir_seq":11951,"ir_pulses":6734,"ir_gap":1,"ir_sat":0,"ir_abort":570,"authority":"NAVI_EWO"}
2026-09-30T14:59:56.027	ngr/loco/9950011/diag/ir_link	{"radio_ready":1,"seen":24267,"source_mac":"38:18:2B:30:8C:2C","paired_mac":"38:18:2B:30:8C:2C","paired_for_display_only":1,"coupled":0,"invalid_wire":12387,"queue_drop":0}
2026-09-30T14:59:56.027	ngr/loco/9950011/state/throttle	90
2026-09-30T14:59:56.027	ngr/loco/9950011/state/direction	2
2026-09-30T14:59:56.027	ngr/loco/9950011/state/auto	1
2026-09-30T14:59:56.027	ngr/loco/9950011/state/estop	0
2026-09-30T14:59:56.027	ngr/loco/9950011/state/nav_ready	1
2026-09-30T14:59:56.731	ngr/loco/9950011/state/connectivity	{"wifi":1,"ip":"192.168.68.72","rssi":-48,"mqtt":1,"mqtt_state":0,"broker":"192.168.68.142","ir_radio":1,"ir_seen":24281,"ir_coupled":0,"navi_sync":1,"udp_failures":183}
2026-09-30T14:59:57.016	ngr/loco/9950011/state/loopstat	{"build":"NAVI_EYES_WIDE_OPEN_INTEGRATED_R2","mm":3,"target":2,"dir":-1,"target_distance_mm":330,"target_polarity":-1,"position_reliable":1,"reference_ready":1,"reference":1898,"median5":0,"hall_support":0,"spatial_phase":2,"ir_applicable":1,"ir_distance_state":"HALL_IR_READY","ir_health_fault":6,"ir_readiness":3,"ir_boot":"761B38FCC6F727BE","ir_epoch":1,"ir_epoch_active":1,"ir_seq":11961,"ir_pulses":6734,"ir_reason":1,"ir_age_ms":42,"ir_span":111,"ir_gap":1,"ir_sat":0,"ir_abort":571,"ir_inferred_added":0,"ir_inferred_removed":0,"ir_calibration":0,"hall_seen":6014360,"ir_seen":11890,"hall_q_drop":0,"ir_q_drop":0,"ir_invalid":12398,"nsr_hall_drop":1,"nsr_ir_drop":0,"nsr_navi_drop":0,"nsr_native_drop":168,"event_drop":0,"pwm0_ir_motion":0,"confirmed":61,"missed":152,"pwm":90,"auto":1,"running":1,"estop":0,"lowvolt":0,"ir_stationary_pwm_warning":1,"pub_drop":0}
2026-09-30T14:59:57.024	ngr/loco/9950011/state/trace	{"consumption_drop":334,"action_drop":0,"command_queue_drop":0,"lossless":false}
2026-09-30T14:59:57.024	ngr/loco/9950011/state/nav	{"state":"NORMAL","mm":3,"target":2,"dir":-1,"session_dir":"CCW","position_reliable":1,"ir_distance_state":"HALL_IR_READY","reference_ready":1,"boot_reference":"PROVISIONAL_OR_SPATIAL","authority":"NAVI_EWO"}
2026-09-30T14:59:57.025	ngr/loco/9950011/telem/ir	{"ir_valid":1,"ir_mmps":0.000,"ir_coupled":0,"ir_speed_reason":"STOPPED","ir_applicable":1,"ir_reason":1,"ir_seq":11961,"ir_pulses":6734,"ir_gap":1,"ir_sat":0,"ir_abort":571,"authority":"NAVI_EWO"}
2026-09-30T14:59:57.025	ngr/loco/9950011/telem/speed	{"ir_valid":1,"ir_mmps":0.000,"ir_coupled":0,"ir_speed_reason":"STOPPED","ir_applicable":1,"ir_reason":1,"ir_seq":11961,"ir_pulses":6734,"ir_gap":1,"ir_sat":0,"ir_abort":571,"authority":"NAVI_EWO"}
2026-09-30T14:59:57.025	ngr/loco/9950011/diag/ir_link	{"radio_ready":1,"seen":24288,"source_mac":"38:18:2B:30:8C:2C","paired_mac":"38:18:2B:30:8C:2C","paired_for_display_only":1,"coupled":0,"invalid_wire":12398,"queue_drop":0}
2026-09-30T14:59:57.025	ngr/loco/9950011/state/throttle	90
2026-09-30T14:59:57.025	ngr/loco/9950011/state/direction	2
2026-09-30T14:59:57.025	ngr/loco/9950011/state/auto	1
2026-09-30T14:59:57.026	ngr/loco/9950011/state/estop	0
2026-09-30T14:59:57.026	ngr/loco/9950011/state/nav_ready	1
2026-09-30T14:59:58.011	ngr/loco/9950011/state/loopstat	{"build":"NAVI_EYES_WIDE_OPEN_INTEGRATED_R2","mm":3,"target":2,"dir":-1,"target_distance_mm":330,"target_polarity":-1,"position_reliable":1,"reference_ready":1,"reference":1898,"median5":0,"hall_support":0,"spatial_phase":2,"ir_applicable":1,"ir_distance_state":"HALL_IR_READY","ir_health_fault":0,"ir_readiness":2,"ir_boot":"761B38FCC6F727BE","ir_epoch":1,"ir_epoch_active":1,"ir_seq":11971,"ir_pulses":6734,"ir_reason":5,"ir_age_ms":46,"ir_span":223,"ir_gap":1,"ir_sat":0,"ir_abort":572,"ir_inferred_added":0,"ir_inferred_removed":0,"ir_calibration":0,"hall_seen":6019359,"ir_seen":11900,"hall_q_drop":0,"ir_q_drop":0,"ir_invalid":12408,"nsr_hall_drop":1,"nsr_ir_drop":0,"nsr_navi_drop":0,"nsr_native_drop":168,"event_drop":0,"pwm0_ir_motion":0,"confirmed":61,"missed":152,"pwm":90,"auto":1,"running":1,"estop":0,"lowvolt":0,"ir_stationary_pwm_warning":1,"pub_drop":0}
2026-09-30T14:59:58.016	ngr/loco/9950011/state/trace	{"consumption_drop":334,"action_drop":0,"command_queue_drop":0,"lossless":false}
2026-09-30T14:59:58.016	ngr/loco/9950011/state/nav	{"state":"NORMAL","mm":3,"target":2,"dir":-1,"session_dir":"CCW","position_reliable":1,"ir_distance_state":"HALL_IR_READY","reference_ready":1,"boot_reference":"PROVISIONAL_OR_SPATIAL","authority":"NAVI_EWO"}
2026-09-30T14:59:58.016	ngr/loco/9950011/telem/ir	{"ir_valid":1,"ir_mmps":0.000,"ir_coupled":0,"ir_speed_reason":"STOPPED","ir_applicable":1,"ir_reason":5,"ir_seq":11971,"ir_pulses":6734,"ir_gap":1,"ir_sat":0,"ir_abort":572,"authority":"NAVI_EWO"}
2026-09-30T14:59:58.016	ngr/loco/9950011/telem/speed	{"ir_valid":1,"ir_mmps":0.000,"ir_coupled":0,"ir_speed_reason":"STOPPED","ir_applicable":1,"ir_reason":5,"ir_seq":11971,"ir_pulses":6734,"ir_gap":1,"ir_sat":0,"ir_abort":572,"authority":"NAVI_EWO"}
2026-09-30T14:59:58.017	ngr/loco/9950011/diag/ir_link	{"radio_ready":1,"seen":24308,"source_mac":"38:18:2B:30:8C:2C","paired_mac":"38:18:2B:30:8C:2C","paired_for_display_only":1,"coupled":0,"invalid_wire":12408,"queue_drop":0}
2026-09-30T14:59:58.017	ngr/loco/9950011/state/throttle	90
2026-09-30T14:59:58.017	ngr/loco/9950011/state/direction	2
2026-09-30T14:59:58.017	ngr/loco/9950011/state/auto	1
2026-09-30T14:59:58.017	ngr/loco/9950011/state/estop	0
2026-09-30T14:59:58.017	ngr/loco/9950011/state/nav_ready	1
2026-09-30T14:59:58.851	ngr/loco/9950011/state/lowvolt	0
2026-09-30T14:59:58.894	ngr/loco/9950011/telem/voltage	16.35
2026-09-30T14:59:58.894	ngr/loco/9950011/telem/current	0.30
2026-09-30T14:59:58.895	ngr/loco/9950011/telem/power	4.90
2026-09-30T14:59:59.009	ngr/loco/9950011/state/loopstat	{"build":"NAVI_EYES_WIDE_OPEN_INTEGRATED_R2","mm":3,"target":2,"dir":-1,"target_distance_mm":330,"target_polarity":-1,"position_reliable":1,"reference_ready":1,"reference":1898,"median5":0,"hall_support":0,"spatial_phase":2,"ir_applicable":1,"ir_distance_state":"HALL_IR_READY","ir_health_fault":6,"ir_readiness":3,"ir_boot":"761B38FCC6F727BE","ir_epoch":1,"ir_epoch_active":1,"ir_seq":11981,"ir_pulses":6734,"ir_reason":1,"ir_age_ms":43,"ir_span":159,"ir_gap":1,"ir_sat":0,"ir_abort":572,"ir_inferred_added":0,"ir_inferred_removed":0,"ir_calibration":0,"hall_seen":6024360,"ir_seen":11910,"hall_q_drop":0,"ir_q_drop":0,"ir_invalid":12418,"nsr_hall_drop":1,"nsr_ir_drop":0,"nsr_navi_drop":0,"nsr_native_drop":168,"event_drop":0,"pwm0_ir_motion":0,"confirmed":61,"missed":152,"pwm":90,"auto":1,"running":1,"estop":0,"lowvolt":0,"ir_stationary_pwm_warning":1,"pub_drop":0}
2026-09-30T14:59:59.013	ngr/loco/9950011/state/trace	{"consumption_drop":334,"action_drop":0,"command_queue_drop":0,"lossless":false}
2026-09-30T14:59:59.016	ngr/loco/9950011/state/nav	{"state":"NORMAL","mm":3,"target":2,"dir":-1,"session_dir":"CCW","position_reliable":1,"ir_distance_state":"HALL_IR_READY","reference_ready":1,"boot_reference":"PROVISIONAL_OR_SPATIAL","authority":"NAVI_EWO"}
2026-09-30T14:59:59.016	ngr/loco/9950011/telem/ir	{"ir_valid":1,"ir_mmps":0.000,"ir_coupled":0,"ir_speed_reason":"STOPPED","ir_applicable":1,"ir_reason":1,"ir_seq":11981,"ir_pulses":6734,"ir_gap":1,"ir_sat":0,"ir_abort":572,"authority":"NAVI_EWO"}
2026-09-30T14:59:59.016	ngr/loco/9950011/telem/speed	{"ir_valid":1,"ir_mmps":0.000,"ir_coupled":0,"ir_speed_reason":"STOPPED","ir_applicable":1,"ir_reason":1,"ir_seq":11981,"ir_pulses":6734,"ir_gap":1,"ir_sat":0,"ir_abort":572,"authority":"NAVI_EWO"}
2026-09-30T14:59:59.017	ngr/loco/9950011/diag/ir_link	{"radio_ready":1,"seen":24328,"source_mac":"38:18:2B:30:8C:2C","paired_mac":"38:18:2B:30:8C:2C","paired_for_display_only":1,"coupled":0,"invalid_wire":12418,"queue_drop":0}
2026-09-30T14:59:59.017	ngr/loco/9950011/state/throttle	90
2026-09-30T14:59:59.017	ngr/loco/9950011/state/direction	2
2026-09-30T14:59:59.018	ngr/loco/9950011/state/auto	1
2026-09-30T14:59:59.018	ngr/loco/9950011/state/estop	0
2026-09-30T14:59:59.018	ngr/loco/9950011/state/nav_ready	1
2026-09-30T15:00:00.012	ngr/loco/9950011/state/loopstat	{"build":"NAVI_EYES_WIDE_OPEN_INTEGRATED_R2","mm":3,"target":2,"dir":-1,"target_distance_mm":330,"target_polarity":-1,"position_reliable":1,"reference_ready":1,"reference":1898,"median5":0,"hall_support":0,"spatial_phase":2,"ir_applicable":1,"ir_distance_state":"HALL_IR_READY","ir_health_fault":6,"ir_readiness":3,"ir_boot":"761B38FCC6F727BE","ir_epoch":1,"ir_epoch_active":1,"ir_seq":11991,"ir_pulses":6735,"ir_reason":1,"ir_age_ms":46,"ir_span":191,"ir_gap":1,"ir_sat":0,"ir_abort":573,"ir_inferred_added":0,"ir_inferred_removed":0,"ir_calibration":0,"hall_seen":6029360,"ir_seen":11920,"hall_q_drop":0,"ir_q_drop":0,"ir_invalid":12429,"nsr_hall_drop":1,"nsr_ir_drop":0,"nsr_navi_drop":0,"nsr_native_drop":168,"event_drop":0,"pwm0_ir_motion":0,"confirmed":61,"missed":152,"pwm":90,"auto":1,"running":1,"estop":0,"lowvolt":0,"ir_stationary_pwm_warning":0,"pub_drop":0}
2026-09-30T15:00:00.015	ngr/loco/9950011/state/trace	{"consumption_drop":334,"action_drop":0,"command_queue_drop":0,"lossless":false}
2026-09-30T15:00:00.015	ngr/loco/9950011/state/nav	{"state":"NORMAL","mm":3,"target":2,"dir":-1,"session_dir":"CCW","position_reliable":1,"ir_distance_state":"HALL_IR_READY","reference_ready":1,"boot_reference":"PROVISIONAL_OR_SPATIAL","authority":"NAVI_EWO"}
2026-09-30T15:00:00.015	ngr/loco/9950011/telem/ir	{"ir_valid":1,"ir_mmps":10.724,"ir_coupled":0,"ir_speed_reason":"MEASURED","ir_applicable":1,"ir_reason":1,"ir_seq":11991,"ir_pulses":6735,"ir_gap":1,"ir_sat":0,"ir_abort":573,"authority":"NAVI_EWO"}
2026-09-30T15:00:00.016	ngr/loco/9950011/telem/speed	{"ir_valid":1,"ir_mmps":10.724,"ir_coupled":0,"ir_speed_reason":"MEASURED","ir_applicable":1,"ir_reason":1,"ir_seq":11991,"ir_pulses":6735,"ir_gap":1,"ir_sat":0,"ir_abort":573,"authority":"NAVI_EWO"}
2026-09-30T15:00:00.017	ngr/loco/9950011/diag/ir_link	{"radio_ready":1,"seen":24349,"source_mac":"38:18:2B:30:8C:2C","paired_mac":"38:18:2B:30:8C:2C","paired_for_display_only":1,"coupled":0,"invalid_wire":12429,"queue_drop":0}
2026-09-30T15:00:00.017	ngr/loco/9950011/state/throttle	90
2026-09-30T15:00:00.017	ngr/loco/9950011/state/direction	2
2026-09-30T15:00:00.018	ngr/loco/9950011/state/auto	1
2026-09-30T15:00:00.018	ngr/loco/9950011/state/estop	0
2026-09-30T15:00:00.018	ngr/loco/9950011/state/nav_ready	1
2026-09-30T15:00:01.004	ngr/loco/9950011/state/loopstat	{"build":"NAVI_EYES_WIDE_OPEN_INTEGRATED_R2","mm":3,"target":2,"dir":-1,"target_distance_mm":330,"target_polarity":-1,"position_reliable":1,"reference_ready":1,"reference":1898,"median5":0,"hall_support":0,"spatial_phase":2,"ir_applicable":1,"ir_distance_state":"HALL_IR_READY","ir_health_fault":6,"ir_readiness":3,"ir_boot":"761B38FCC6F727BE","ir_epoch":1,"ir_epoch_active":1,"ir_seq":12001,"ir_pulses":6735,"ir_reason":1,"ir_age_ms":50,"ir_span":127,"ir_gap":1,"ir_sat":0,"ir_abort":575,"ir_inferred_added":0,"ir_inferred_removed":0,"ir_calibration":0,"hall_seen":6034356,"ir_seen":11930,"hall_q_drop":0,"ir_q_drop":0,"ir_invalid":12439,"nsr_hall_drop":1,"nsr_ir_drop":0,"nsr_navi_drop":0,"nsr_native_drop":168,"event_drop":0,"pwm0_ir_motion":0,"confirmed":61,"missed":152,"pwm":90,"auto":1,"running":1,"estop":0,"lowvolt":0,"ir_stationary_pwm_warning":1,"pub_drop":0}
2026-09-30T15:00:01.006	ngr/loco/9950011/state/trace	{"consumption_drop":334,"action_drop":0,"command_queue_drop":0,"lossless":false}
2026-09-30T15:00:01.006	ngr/loco/9950011/state/nav	{"state":"NORMAL","mm":3,"target":2,"dir":-1,"session_dir":"CCW","position_reliable":1,"ir_distance_state":"HALL_IR_READY","reference_ready":1,"boot_reference":"PROVISIONAL_OR_SPATIAL","authority":"NAVI_EWO"}
2026-09-30T15:00:01.009	ngr/loco/9950011/telem/ir	{"ir_valid":1,"ir_mmps":0.000,"ir_coupled":0,"ir_speed_reason":"STOPPED","ir_applicable":1,"ir_reason":1,"ir_seq":12001,"ir_pulses":6735,"ir_gap":1,"ir_sat":0,"ir_abort":575,"authority":"NAVI_EWO"}
2026-09-30T15:00:01.009	ngr/loco/9950011/telem/speed	{"ir_valid":1,"ir_mmps":0.000,"ir_coupled":0,"ir_speed_reason":"STOPPED","ir_applicable":1,"ir_reason":1,"ir_seq":12001,"ir_pulses":6735,"ir_gap":1,"ir_sat":0,"ir_abort":575,"authority":"NAVI_EWO"}
2026-09-30T15:00:01.009	ngr/loco/9950011/diag/ir_link	{"radio_ready":1,"seen":24369,"source_mac":"38:18:2B:30:8C:2C","paired_mac":"38:18:2B:30:8C:2C","paired_for_display_only":1,"coupled":0,"invalid_wire":12439,"queue_drop":0}
2026-09-30T15:00:01.011	ngr/loco/9950011/state/throttle	90
2026-09-30T15:00:01.011	ngr/loco/9950011/state/direction	2
2026-09-30T15:00:01.011	ngr/loco/9950011/state/auto	1
2026-09-30T15:00:01.017	ngr/loco/9950011/state/estop	0
2026-09-30T15:00:01.017	ngr/loco/9950011/state/nav_ready	1
2026-09-30T15:00:01.697	ngr/loco/9950011/state/connectivity	{"wifi":1,"ip":"192.168.68.72","rssi":-33,"mqtt":1,"mqtt_state":0,"broker":"192.168.68.142","ir_radio":1,"ir_seen":24384,"ir_coupled":0,"navi_sync":1,"udp_failures":183}
2026-09-30T15:00:02.071	ngr/loco/9950011/state/loopstat	{"build":"NAVI_EYES_WIDE_OPEN_INTEGRATED_R2","mm":3,"target":2,"dir":-1,"target_distance_mm":330,"target_polarity":-1,"position_reliable":1,"reference_ready":1,"reference":1898,"median5":0,"hall_support":0,"spatial_phase":2,"ir_applicable":1,"ir_distance_state":"HALL_IR_READY","ir_health_fault":6,"ir_readiness":3,"ir_boot":"761B38FCC6F727BE","ir_epoch":1,"ir_epoch_active":1,"ir_seq":12011,"ir_pulses":6735,"ir_reason":1,"ir_age_ms":49,"ir_span":143,"ir_gap":1,"ir_sat":0,"ir_abort":576,"ir_inferred_added":0,"ir_inferred_removed":0,"ir_calibration":0,"hall_seen":6039360,"ir_seen":11940,"hall_q_drop":0,"ir_q_drop":0,"ir_invalid":12450,"nsr_hall_drop":1,"nsr_ir_drop":0,"nsr_navi_drop":0,"nsr_native_drop":168,"event_drop":0,"pwm0_ir_motion":0,"confirmed":61,"missed":152,"pwm":90,"auto":1,"running":1,"estop":0,"lowvolt":0,"ir_stationary_pwm_warning":1,"pub_drop":0}
2026-09-30T15:00:02.079	ngr/loco/9950011/state/trace	{"consumption_drop":334,"action_drop":0,"command_queue_drop":0,"lossless":false}
2026-09-30T15:00:02.080	ngr/loco/9950011/state/nav	{"state":"NORMAL","mm":3,"target":2,"dir":-1,"session_dir":"CCW","position_reliable":1,"ir_distance_state":"HALL_IR_READY","reference_ready":1,"boot_reference":"PROVISIONAL_OR_SPATIAL","authority":"NAVI_EWO"}
2026-09-30T15:00:02.080	ngr/loco/9950011/telem/ir	{"ir_valid":1,"ir_mmps":0.000,"ir_coupled":0,"ir_speed_reason":"STOPPED","ir_applicable":1,"ir_reason":1,"ir_seq":12011,"ir_pulses":6735,"ir_gap":1,"ir_sat":0,"ir_abort":576,"authority":"NAVI_EWO"}
2026-09-30T15:00:02.080	ngr/loco/9950011/telem/speed	{"ir_valid":1,"ir_mmps":0.000,"ir_coupled":0,"ir_speed_reason":"STOPPED","ir_applicable":1,"ir_reason":1,"ir_seq":12011,"ir_pulses":6735,"ir_gap":1,"ir_sat":0,"ir_abort":576,"authority":"NAVI_EWO"}
2026-09-30T15:00:02.080	ngr/loco/9950011/diag/ir_link	{"radio_ready":1,"seen":24390,"source_mac":"38:18:2B:30:8C:2C","paired_mac":"38:18:2B:30:8C:2C","paired_for_display_only":1,"coupled":0,"invalid_wire":12450,"queue_drop":0}
2026-09-30T15:00:02.081	ngr/loco/9950011/state/throttle	90
2026-09-30T15:00:02.081	ngr/loco/9950011/state/direction	2
2026-09-30T15:00:02.081	ngr/loco/9950011/state/auto	1
2026-09-30T15:00:02.081	ngr/loco/9950011/state/estop	0
2026-09-30T15:00:02.081	ngr/loco/9950011/state/nav_ready	1
2026-09-30T15:00:03.005	ngr/loco/9950011/state/loopstat	{"build":"NAVI_EYES_WIDE_OPEN_INTEGRATED_R2","mm":3,"target":2,"dir":-1,"target_distance_mm":330,"target_polarity":-1,"position_reliable":1,"reference_ready":1,"reference":1898,"median5":0,"hall_support":0,"spatial_phase":2,"ir_applicable":1,"ir_distance_state":"HALL_IR_READY","ir_health_fault":6,"ir_readiness":3,"ir_boot":"761B38FCC6F727BE","ir_epoch":1,"ir_epoch_active":1,"ir_seq":12021,"ir_pulses":6735,"ir_reason":1,"ir_age_ms":33,"ir_span":47,"ir_gap":1,"ir_sat":0,"ir_abort":577,"ir_inferred_added":0,"ir_inferred_removed":0,"ir_calibration":0,"hall_seen":6044357,"ir_seen":11950,"hall_q_drop":0,"ir_q_drop":0,"ir_invalid":12460,"nsr_hall_drop":1,"nsr_ir_drop":0,"nsr_navi_drop":0,"nsr_native_drop":168,"event_drop":0,"pwm0_ir_motion":0,"confirmed":61,"missed":152,"pwm":90,"auto":1,"running":1,"estop":0,"lowvolt":0,"ir_stationary_pwm_warning":1,"pub_drop":0}
2026-09-30T15:00:03.008	ngr/loco/9950011/state/trace	{"consumption_drop":334,"action_drop":0,"command_queue_drop":0,"lossless":false}
2026-09-30T15:00:03.009	ngr/loco/9950011/state/nav	{"state":"NORMAL","mm":3,"target":2,"dir":-1,"session_dir":"CCW","position_reliable":1,"ir_distance_state":"HALL_IR_READY","reference_ready":1,"boot_reference":"PROVISIONAL_OR_SPATIAL","authority":"NAVI_EWO"}
2026-09-30T15:00:03.009	ngr/loco/9950011/telem/ir	{"ir_valid":1,"ir_mmps":0.000,"ir_coupled":0,"ir_speed_reason":"STOPPED","ir_applicable":1,"ir_reason":1,"ir_seq":12021,"ir_pulses":6735,"ir_gap":1,"ir_sat":0,"ir_abort":577,"authority":"NAVI_EWO"}
2026-09-30T15:00:03.009	ngr/loco/9950011/telem/speed	{"ir_valid":1,"ir_mmps":0.000,"ir_coupled":0,"ir_speed_reason":"STOPPED","ir_applicable":1,"ir_reason":1,"ir_seq":12021,"ir_pulses":6735,"ir_gap":1,"ir_sat":0,"ir_abort":577,"authority":"NAVI_EWO"}
2026-09-30T15:00:03.009	ngr/loco/9950011/diag/ir_link	{"radio_ready":1,"seen":24410,"source_mac":"38:18:2B:30:8C:2C","paired_mac":"38:18:2B:30:8C:2C","paired_for_display_only":1,"coupled":0,"invalid_wire":12460,"queue_drop":0}
2026-09-30T15:00:03.010	ngr/loco/9950011/state/throttle	90
2026-09-30T15:00:03.010	ngr/loco/9950011/state/direction	2
2026-09-30T15:00:03.010	ngr/loco/9950011/state/auto	1
2026-09-30T15:00:03.010	ngr/loco/9950011/state/estop	0
2026-09-30T15:00:03.011	ngr/loco/9950011/state/nav_ready	1
2026-09-30T15:00:03.841	ngr/loco/9950011/state/lowvolt	0
2026-09-30T15:00:03.843	ngr/loco/9950011/telem/voltage	16.39
2026-09-30T15:00:03.847	ngr/loco/9950011/telem/current	0.30
2026-09-30T15:00:03.847	ngr/loco/9950011/telem/power	4.89
2026-09-30T15:00:04.007	ngr/loco/9950011/state/loopstat	{"build":"NAVI_EYES_WIDE_OPEN_INTEGRATED_R2","mm":3,"target":2,"dir":-1,"target_distance_mm":330,"target_polarity":-1,"position_reliable":1,"reference_ready":1,"reference":1898,"median5":0,"hall_support":0,"spatial_phase":2,"ir_applicable":1,"ir_distance_state":"HALL_IR_READY","ir_health_fault":6,"ir_readiness":3,"ir_boot":"761B38FCC6F727BE","ir_epoch":1,"ir_epoch_active":1,"ir_seq":12031,"ir_pulses":6735,"ir_reason":1,"ir_age_ms":34,"ir_span":271,"ir_gap":1,"ir_sat":0,"ir_abort":577,"ir_inferred_added":0,"ir_inferred_removed":0,"ir_calibration":0,"hall_seen":6049358,"ir_seen":11959,"hall_q_drop":0,"ir_q_drop":0,"ir_invalid":12471,"nsr_hall_drop":1,"nsr_ir_drop":0,"nsr_navi_drop":0,"nsr_native_drop":168,"event_drop":0,"pwm0_ir_motion":0,"confirmed":61,"missed":152,"pwm":90,"auto":1,"running":1,"estop":0,"lowvolt":0,"ir_stationary_pwm_warning":1,"pub_drop":0}
2026-09-30T15:00:04.009	ngr/loco/9950011/state/trace	{"consumption_drop":334,"action_drop":0,"command_queue_drop":0,"lossless":false}
2026-09-30T15:00:04.009	ngr/loco/9950011/state/nav	{"state":"NORMAL","mm":3,"target":2,"dir":-1,"session_dir":"CCW","position_reliable":1,"ir_distance_state":"HALL_IR_READY","reference_ready":1,"boot_reference":"PROVISIONAL_OR_SPATIAL","authority":"NAVI_EWO"}
2026-09-30T15:00:04.010	ngr/loco/9950011/telem/ir	{"ir_valid":1,"ir_mmps":0.000,"ir_coupled":0,"ir_speed_reason":"STOPPED","ir_applicable":1,"ir_reason":1,"ir_seq":12031,"ir_pulses":6735,"ir_gap":1,"ir_sat":0,"ir_abort":577,"authority":"NAVI_EWO"}
2026-09-30T15:00:04.011	ngr/loco/9950011/telem/speed	{"ir_valid":1,"ir_mmps":0.000,"ir_coupled":0,"ir_speed_reason":"STOPPED","ir_applicable":1,"ir_reason":1,"ir_seq":12031,"ir_pulses":6735,"ir_gap":1,"ir_sat":0,"ir_abort":577,"authority":"NAVI_EWO"}
2026-09-30T15:00:04.012	ngr/loco/9950011/diag/ir_link	{"radio_ready":1,"seen":24430,"source_mac":"38:18:2B:30:8C:2C","paired_mac":"38:18:2B:30:8C:2C","paired_for_display_only":1,"coupled":0,"invalid_wire":12471,"queue_drop":0}
2026-09-30T15:00:04.012	ngr/loco/9950011/state/throttle	90
2026-09-30T15:00:04.013	ngr/loco/9950011/state/direction	2
2026-09-30T15:00:04.014	ngr/loco/9950011/state/auto	1
2026-09-30T15:00:04.014	ngr/loco/9950011/state/estop	0
2026-09-30T15:00:04.019	ngr/loco/9950011/state/nav_ready	1
2026-09-30T15:00:05.005	ngr/loco/9950011/state/loopstat	{"build":"NAVI_EYES_WIDE_OPEN_INTEGRATED_R2","mm":3,"target":2,"dir":-1,"target_distance_mm":330,"target_polarity":-1,"position_reliable":1,"reference_ready":1,"reference":1898,"median5":0,"hall_support":0,"spatial_phase":2,"ir_applicable":1,"ir_distance_state":"HALL_IR_READY","ir_health_fault":0,"ir_readiness":2,"ir_boot":"761B38FCC6F727BE","ir_epoch":1,"ir_epoch_active":1,"ir_seq":12041,"ir_pulses":6735,"ir_reason":5,"ir_age_ms":37,"ir_span":367,"ir_gap":1,"ir_sat":0,"ir_abort":577,"ir_inferred_added":0,"ir_inferred_removed":0,"ir_calibration":0,"hall_seen":6054355,"ir_seen":11969,"hall_q_drop":0,"ir_q_drop":0,"ir_invalid":12481,"nsr_hall_drop":1,"nsr_ir_drop":0,"nsr_navi_drop":0,"nsr_native_drop":168,"event_drop":0,"pwm0_ir_motion":0,"confirmed":61,"missed":152,"pwm":90,"auto":1,"running":1,"estop":0,"lowvolt":0,"ir_stationary_pwm_warning":1,"pub_drop":0}
2026-09-30T15:00:05.009	ngr/loco/9950011/state/trace	{"consumption_drop":334,"action_drop":0,"command_queue_drop":0,"lossless":false}
2026-09-30T15:00:05.011	ngr/loco/9950011/state/nav	{"state":"NORMAL","mm":3,"target":2,"dir":-1,"session_dir":"CCW","position_reliable":1,"ir_distance_state":"HALL_IR_READY","reference_ready":1,"boot_reference":"PROVISIONAL_OR_SPATIAL","authority":"NAVI_EWO"}
2026-09-30T15:00:05.011	ngr/loco/9950011/telem/ir	{"ir_valid":1,"ir_mmps":0.000,"ir_coupled":0,"ir_speed_reason":"STOPPED","ir_applicable":1,"ir_reason":5,"ir_seq":12041,"ir_pulses":6735,"ir_gap":1,"ir_sat":0,"ir_abort":577,"authority":"NAVI_EWO"}
2026-09-30T15:00:05.011	ngr/loco/9950011/telem/speed	{"ir_valid":1,"ir_mmps":0.000,"ir_coupled":0,"ir_speed_reason":"STOPPED","ir_applicable":1,"ir_reason":5,"ir_seq":12041,"ir_pulses":6735,"ir_gap":1,"ir_sat":0,"ir_abort":577,"authority":"NAVI_EWO"}
2026-09-30T15:00:05.011	ngr/loco/9950011/diag/ir_link	{"radio_ready":1,"seen":24450,"source_mac":"38:18:2B:30:8C:2C","paired_mac":"38:18:2B:30:8C:2C","paired_for_display_only":1,"coupled":0,"invalid_wire":12481,"queue_drop":0}
2026-09-30T15:00:05.012	ngr/loco/9950011/state/throttle	90
2026-09-30T15:00:05.015	ngr/loco/9950011/state/direction	2
2026-09-30T15:00:05.015	ngr/loco/9950011/state/auto	1
2026-09-30T15:00:05.018	ngr/loco/9950011/state/estop	0
2026-09-30T15:00:05.018	ngr/loco/9950011/state/nav_ready	1
2026-09-30T15:00:06.028	ngr/loco/9950011/state/loopstat	{"build":"NAVI_EYES_WIDE_OPEN_INTEGRATED_R2","mm":3,"target":2,"dir":-1,"target_distance_mm":330,"target_polarity":-1,"position_reliable":1,"reference_ready":1,"reference":1898,"median5":0,"hall_support":0,"spatial_phase":2,"ir_applicable":1,"ir_distance_state":"HALL_IR_READY","ir_health_fault":6,"ir_readiness":3,"ir_boot":"761B38FCC6F727BE","ir_epoch":1,"ir_epoch_active":1,"ir_seq":12051,"ir_pulses":6735,"ir_reason":1,"ir_age_ms":35,"ir_span":223,"ir_gap":1,"ir_sat":0,"ir_abort":578,"ir_inferred_added":0,"ir_inferred_removed":0,"ir_calibration":0,"hall_seen":6059359,"ir_seen":11979,"hall_q_drop":0,"ir_q_drop":0,"ir_invalid":12491,"nsr_hall_drop":1,"nsr_ir_drop":0,"nsr_navi_drop":0,"nsr_native_drop":168,"event_drop":0,"pwm0_ir_motion":0,"confirmed":61,"missed":152,"pwm":90,"auto":1,"running":1,"estop":0,"lowvolt":0,"ir_stationary_pwm_warning":1,"pub_drop":0}
2026-09-30T15:00:06.031	ngr/loco/9950011/state/trace	{"consumption_drop":334,"action_drop":0,"command_queue_drop":0,"lossless":false}
2026-09-30T15:00:06.032	ngr/loco/9950011/state/nav	{"state":"NORMAL","mm":3,"target":2,"dir":-1,"session_dir":"CCW","position_reliable":1,"ir_distance_state":"HALL_IR_READY","reference_ready":1,"boot_reference":"PROVISIONAL_OR_SPATIAL","authority":"NAVI_EWO"}
2026-09-30T15:00:06.032	ngr/loco/9950011/telem/ir	{"ir_valid":1,"ir_mmps":0.000,"ir_coupled":0,"ir_speed_reason":"STOPPED","ir_applicable":1,"ir_reason":1,"ir_seq":12051,"ir_pulses":6735,"ir_gap":1,"ir_sat":0,"ir_abort":578,"authority":"NAVI_EWO"}
2026-09-30T15:00:06.033	ngr/loco/9950011/telem/speed	{"ir_valid":1,"ir_mmps":0.000,"ir_coupled":0,"ir_speed_reason":"STOPPED","ir_applicable":1,"ir_reason":1,"ir_seq":12051,"ir_pulses":6735,"ir_gap":1,"ir_sat":0,"ir_abort":578,"authority":"NAVI_EWO"}
2026-09-30T15:00:06.033	ngr/loco/9950011/diag/ir_link	{"radio_ready":1,"seen":24470,"source_mac":"38:18:2B:30:8C:2C","paired_mac":"38:18:2B:30:8C:2C","paired_for_display_only":1,"coupled":0,"invalid_wire":12491,"queue_drop":0}
2026-09-30T15:00:06.034	ngr/loco/9950011/state/throttle	90
2026-09-30T15:00:06.034	ngr/loco/9950011/state/direction	2
2026-09-30T15:00:06.034	ngr/loco/9950011/state/auto	1
2026-09-30T15:00:06.035	ngr/loco/9950011/state/estop	0
2026-09-30T15:00:06.035	ngr/loco/9950011/state/nav_ready	1
2026-09-30T15:00:06.704	ngr/loco/9950011/state/connectivity	{"wifi":1,"ip":"192.168.68.72","rssi":-50,"mqtt":1,"mqtt_state":0,"broker":"192.168.68.142","ir_radio":1,"ir_seen":24485,"ir_coupled":0,"navi_sync":1,"udp_failures":183}
2026-09-30T15:00:07.004	ngr/loco/9950011/state/loopstat	{"build":"NAVI_EYES_WIDE_OPEN_INTEGRATED_R2","mm":3,"target":2,"dir":-1,"target_distance_mm":330,"target_polarity":-1,"position_reliable":1,"reference_ready":1,"reference":1898,"median5":0,"hall_support":0,"spatial_phase":2,"ir_applicable":1,"ir_distance_state":"HALL_IR_READY","ir_health_fault":6,"ir_readiness":3,"ir_boot":"761B38FCC6F727BE","ir_epoch":1,"ir_epoch_active":1,"ir_seq":12061,"ir_pulses":6735,"ir_reason":1,"ir_age_ms":38,"ir_span":207,"ir_gap":1,"ir_sat":0,"ir_abort":579,"ir_inferred_added":0,"ir_inferred_removed":0,"ir_calibration":0,"hall_seen":6064359,"ir_seen":11989,"hall_q_drop":0,"ir_q_drop":0,"ir_invalid":12502,"nsr_hall_drop":1,"nsr_ir_drop":0,"nsr_navi_drop":0,"nsr_native_drop":168,"event_drop":0,"pwm0_ir_motion":0,"confirmed":61,"missed":152,"pwm":90,"auto":1,"running":1,"estop":0,"lowvolt":0,"ir_stationary_pwm_warning":1,"pub_drop":0}
2026-09-30T15:00:07.006	ngr/loco/9950011/state/trace	{"consumption_drop":334,"action_drop":0,"command_queue_drop":0,"lossless":false}
2026-09-30T15:00:07.009	ngr/loco/9950011/state/nav	{"state":"NORMAL","mm":3,"target":2,"dir":-1,"session_dir":"CCW","position_reliable":1,"ir_distance_state":"HALL_IR_READY","reference_ready":1,"boot_reference":"PROVISIONAL_OR_SPATIAL","authority":"NAVI_EWO"}
2026-09-30T15:00:07.009	ngr/loco/9950011/telem/ir	{"ir_valid":1,"ir_mmps":0.000,"ir_coupled":0,"ir_speed_reason":"STOPPED","ir_applicable":1,"ir_reason":1,"ir_seq":12061,"ir_pulses":6735,"ir_gap":1,"ir_sat":0,"ir_abort":579,"authority":"NAVI_EWO"}
2026-09-30T15:00:07.011	ngr/loco/9950011/telem/speed	{"ir_valid":1,"ir_mmps":0.000,"ir_coupled":0,"ir_speed_reason":"STOPPED","ir_applicable":1,"ir_reason":1,"ir_seq":12061,"ir_pulses":6735,"ir_gap":1,"ir_sat":0,"ir_abort":579,"authority":"NAVI_EWO"}
2026-09-30T15:00:07.012	ngr/loco/9950011/diag/ir_link	{"radio_ready":1,"seen":24491,"source_mac":"38:18:2B:30:8C:2C","paired_mac":"38:18:2B:30:8C:2C","paired_for_display_only":1,"coupled":0,"invalid_wire":12502,"queue_drop":0}
2026-09-30T15:00:07.012	ngr/loco/9950011/state/throttle	90
2026-09-30T15:00:07.013	ngr/loco/9950011/state/direction	2
2026-09-30T15:00:07.014	ngr/loco/9950011/state/auto	1
2026-09-30T15:00:07.014	ngr/loco/9950011/state/estop	0
2026-09-30T15:00:07.015	ngr/loco/9950011/state/nav_ready	1
2026-09-30T15:00:08.004	ngr/loco/9950011/state/loopstat	{"build":"NAVI_EYES_WIDE_OPEN_INTEGRATED_R2","mm":3,"target":2,"dir":-1,"target_distance_mm":330,"target_polarity":-1,"position_reliable":1,"reference_ready":1,"reference":1898,"median5":0,"hall_support":0,"spatial_phase":2,"ir_applicable":1,"ir_distance_state":"HALL_IR_READY","ir_health_fault":6,"ir_readiness":3,"ir_boot":"761B38FCC6F727BE","ir_epoch":1,"ir_epoch_active":1,"ir_seq":12071,"ir_pulses":6735,"ir_reason":1,"ir_age_ms":42,"ir_span":239,"ir_gap":1,"ir_sat":0,"ir_abort":580,"ir_inferred_added":0,"ir_inferred_removed":0,"ir_calibration":0,"hall_seen":6069358,"ir_seen":11998,"hall_q_drop":0,"ir_q_drop":0,"ir_invalid":12512,"nsr_hall_drop":1,"nsr_ir_drop":0,"nsr_navi_drop":0,"nsr_native_drop":168,"event_drop":0,"pwm0_ir_motion":0,"confirmed":61,"missed":152,"pwm":90,"auto":1,"running":1,"estop":0,"lowvolt":0,"ir_stationary_pwm_warning":1,"pub_drop":0}
2026-09-30T15:00:08.008	ngr/loco/9950011/state/trace	{"consumption_drop":334,"action_drop":0,"command_queue_drop":0,"lossless":false}
2026-09-30T15:00:08.013	ngr/loco/9950011/state/nav	{"state":"NORMAL","mm":3,"target":2,"dir":-1,"session_dir":"CCW","position_reliable":1,"ir_distance_state":"HALL_IR_READY","reference_ready":1,"boot_reference":"PROVISIONAL_OR_SPATIAL","authority":"NAVI_EWO"}
2026-09-30T15:00:08.013	ngr/loco/9950011/telem/ir	{"ir_valid":1,"ir_mmps":0.000,"ir_coupled":0,"ir_speed_reason":"STOPPED","ir_applicable":1,"ir_reason":1,"ir_seq":12071,"ir_pulses":6735,"ir_gap":1,"ir_sat":0,"ir_abort":580,"authority":"NAVI_EWO"}
2026-09-30T15:00:08.014	ngr/loco/9950011/telem/speed	{"ir_valid":1,"ir_mmps":0.000,"ir_coupled":0,"ir_speed_reason":"STOPPED","ir_applicable":1,"ir_reason":1,"ir_seq":12071,"ir_pulses":6735,"ir_gap":1,"ir_sat":0,"ir_abort":580,"authority":"NAVI_EWO"}
2026-09-30T15:00:08.014	ngr/loco/9950011/diag/ir_link	{"radio_ready":1,"seen":24510,"source_mac":"38:18:2B:30:8C:2C","paired_mac":"38:18:2B:30:8C:2C","paired_for_display_only":1,"coupled":0,"invalid_wire":12512,"queue_drop":0}
2026-09-30T15:00:08.014	ngr/loco/9950011/state/throttle	90
2026-09-30T15:00:08.014	ngr/loco/9950011/state/direction	2
2026-09-30T15:00:08.015	ngr/loco/9950011/state/auto	1
2026-09-30T15:00:08.017	ngr/loco/9950011/state/estop	0
2026-09-30T15:00:08.017	ngr/loco/9950011/state/nav_ready	1
2026-09-30T15:00:08.843	ngr/loco/9950011/state/lowvolt	0
2026-09-30T15:00:08.845	ngr/loco/9950011/telem/voltage	16.36
2026-09-30T15:00:08.846	ngr/loco/9950011/telem/current	0.36
2026-09-30T15:00:08.846	ngr/loco/9950011/telem/power	4.86
2026-09-30T15:00:09.005	ngr/loco/9950011/state/loopstat	{"build":"NAVI_EYES_WIDE_OPEN_INTEGRATED_R2","mm":3,"target":2,"dir":-1,"target_distance_mm":330,"target_polarity":-1,"position_reliable":1,"reference_ready":1,"reference":1898,"median5":0,"hall_support":0,"spatial_phase":2,"ir_applicable":1,"ir_distance_state":"HALL_IR_READY","ir_health_fault":0,"ir_readiness":2,"ir_boot":"761B38FCC6F727BE","ir_epoch":1,"ir_epoch_active":1,"ir_seq":12081,"ir_pulses":6735,"ir_reason":5,"ir_age_ms":42,"ir_span":415,"ir_gap":1,"ir_sat":0,"ir_abort":580,"ir_inferred_added":0,"ir_inferred_removed":0,"ir_calibration":0,"hall_seen":6074360,"ir_seen":12008,"hall_q_drop":0,"ir_q_drop":0,"ir_invalid":12523,"nsr_hall_drop":1,"nsr_ir_drop":0,"nsr_navi_drop":0,"nsr_native_drop":168,"event_drop":0,"pwm0_ir_motion":0,"confirmed":61,"missed":152,"pwm":90,"auto":1,"running":1,"estop":0,"lowvolt":0,"ir_stationary_pwm_warning":1,"pub_drop":0}
2026-09-30T15:00:09.008	ngr/loco/9950011/state/trace	{"consumption_drop":334,"action_drop":0,"command_queue_drop":0,"lossless":false}
2026-09-30T15:00:09.008	ngr/loco/9950011/state/nav	{"state":"NORMAL","mm":3,"target":2,"dir":-1,"session_dir":"CCW","position_reliable":1,"ir_distance_state":"HALL_IR_READY","reference_ready":1,"boot_reference":"PROVISIONAL_OR_SPATIAL","authority":"NAVI_EWO"}
2026-09-30T15:00:09.008	ngr/loco/9950011/telem/ir	{"ir_valid":1,"ir_mmps":0.000,"ir_coupled":0,"ir_speed_reason":"STOPPED","ir_applicable":1,"ir_reason":5,"ir_seq":12081,"ir_pulses":6735,"ir_gap":1,"ir_sat":0,"ir_abort":580,"authority":"NAVI_EWO"}
2026-09-30T15:00:09.009	ngr/loco/9950011/telem/speed	{"ir_valid":1,"ir_mmps":0.000,"ir_coupled":0,"ir_speed_reason":"STOPPED","ir_applicable":1,"ir_reason":5,"ir_seq":12081,"ir_pulses":6735,"ir_gap":1,"ir_sat":0,"ir_abort":580,"authority":"NAVI_EWO"}
2026-09-30T15:00:09.012	ngr/loco/9950011/diag/ir_link	{"radio_ready":1,"seen":24531,"source_mac":"38:18:2B:30:8C:2C","paired_mac":"38:18:2B:30:8C:2C","paired_for_display_only":1,"coupled":0,"invalid_wire":12523,"queue_drop":0}
2026-09-30T15:00:09.012	ngr/loco/9950011/state/throttle	90
2026-09-30T15:00:09.012	ngr/loco/9950011/state/direction	2
2026-09-30T15:00:09.017	ngr/loco/9950011/state/auto	1
2026-09-30T15:00:09.017	ngr/loco/9950011/state/estop	0
2026-09-30T15:00:09.017	ngr/loco/9950011/state/nav_ready	1
2026-09-30T15:00:10.011	ngr/loco/9950011/state/loopstat	{"build":"NAVI_EYES_WIDE_OPEN_INTEGRATED_R2","mm":3,"target":2,"dir":-1,"target_distance_mm":330,"target_polarity":-1,"position_reliable":1,"reference_ready":1,"reference":1898,"median5":0,"hall_support":0,"spatial_phase":2,"ir_applicable":1,"ir_distance_state":"HALL_IR_READY","ir_health_fault":6,"ir_readiness":3,"ir_boot":"761B38FCC6F727BE","ir_epoch":1,"ir_epoch_active":1,"ir_seq":12091,"ir_pulses":6735,"ir_reason":1,"ir_age_ms":46,"ir_span":271,"ir_gap":1,"ir_sat":0,"ir_abort":581,"ir_inferred_added":0,"ir_inferred_removed":0,"ir_calibration":0,"hall_seen":6079356,"ir_seen":12018,"hall_q_drop":0,"ir_q_drop":0,"ir_invalid":12533,"nsr_hall_drop":1,"nsr_ir_drop":0,"nsr_navi_drop":0,"nsr_native_drop":168,"event_drop":0,"pwm0_ir_motion":0,"confirmed":61,"missed":152,"pwm":90,"auto":1,"running":1,"estop":0,"lowvolt":0,"ir_stationary_pwm_warning":1,"pub_drop":0}
2026-09-30T15:00:10.015	ngr/loco/9950011/state/trace	{"consumption_drop":334,"action_drop":0,"command_queue_drop":0,"lossless":false}
2026-09-30T15:00:10.017	ngr/loco/9950011/state/nav	{"state":"NORMAL","mm":3,"target":2,"dir":-1,"session_dir":"CCW","position_reliable":1,"ir_distance_state":"HALL_IR_READY","reference_ready":1,"boot_reference":"PROVISIONAL_OR_SPATIAL","authority":"NAVI_EWO"}
2026-09-30T15:00:10.018	ngr/loco/9950011/telem/ir	{"ir_valid":1,"ir_mmps":0.000,"ir_coupled":0,"ir_speed_reason":"STOPPED","ir_applicable":1,"ir_reason":1,"ir_seq":12091,"ir_pulses":6735,"ir_gap":1,"ir_sat":0,"ir_abort":581,"authority":"NAVI_EWO"}
2026-09-30T15:00:10.018	ngr/loco/9950011/telem/speed	{"ir_valid":1,"ir_mmps":0.000,"ir_coupled":0,"ir_speed_reason":"STOPPED","ir_applicable":1,"ir_reason":1,"ir_seq":12091,"ir_pulses":6735,"ir_gap":1,"ir_sat":0,"ir_abort":581,"authority":"NAVI_EWO"}
2026-09-30T15:00:10.018	ngr/loco/9950011/diag/ir_link	{"radio_ready":1,"seen":24551,"source_mac":"38:18:2B:30:8C:2C","paired_mac":"38:18:2B:30:8C:2C","paired_for_display_only":1,"coupled":0,"invalid_wire":12533,"queue_drop":0}
2026-09-30T15:00:10.020	ngr/loco/9950011/state/throttle	90
2026-09-30T15:00:10.020	ngr/loco/9950011/state/direction	2
2026-09-30T15:00:10.020	ngr/loco/9950011/state/auto	1
2026-09-30T15:00:10.022	ngr/loco/9950011/state/estop	0
2026-09-30T15:00:10.022	ngr/loco/9950011/state/nav_ready	1
2026-09-30T15:00:11.009	ngr/loco/9950011/state/loopstat	{"build":"NAVI_EYES_WIDE_OPEN_INTEGRATED_R2","mm":3,"target":2,"dir":-1,"target_distance_mm":330,"target_polarity":-1,"position_reliable":1,"reference_ready":1,"reference":1898,"median5":0,"hall_support":0,"spatial_phase":2,"ir_applicable":1,"ir_distance_state":"HALL_IR_READY","ir_health_fault":0,"ir_readiness":2,"ir_boot":"761B38FCC6F727BE","ir_epoch":1,"ir_epoch_active":1,"ir_seq":12101,"ir_pulses":6735,"ir_reason":5,"ir_age_ms":46,"ir_span":415,"ir_gap":1,"ir_sat":0,"ir_abort":582,"ir_inferred_added":0,"ir_inferred_removed":0,"ir_calibration":0,"hall_seen":6084360,"ir_seen":12028,"hall_q_drop":0,"ir_q_drop":0,"ir_invalid":12543,"nsr_hall_drop":1,"nsr_ir_drop":0,"nsr_navi_drop":0,"nsr_native_drop":168,"event_drop":0,"pwm0_ir_motion":0,"confirmed":61,"missed":152,"pwm":90,"auto":1,"running":1,"estop":0,"lowvolt":0,"ir_stationary_pwm_warning":1,"pub_drop":0}
2026-09-30T15:00:11.011	ngr/loco/9950011/state/trace	{"consumption_drop":334,"action_drop":0,"command_queue_drop":0,"lossless":false}
2026-09-30T15:00:11.018	ngr/loco/9950011/state/nav	{"state":"NORMAL","mm":3,"target":2,"dir":-1,"session_dir":"CCW","position_reliable":1,"ir_distance_state":"HALL_IR_READY","reference_ready":1,"boot_reference":"PROVISIONAL_OR_SPATIAL","authority":"NAVI_EWO"}
2026-09-30T15:00:11.018	ngr/loco/9950011/telem/ir	{"ir_valid":1,"ir_mmps":0.000,"ir_coupled":0,"ir_speed_reason":"STOPPED","ir_applicable":1,"ir_reason":5,"ir_seq":12101,"ir_pulses":6735,"ir_gap":1,"ir_sat":0,"ir_abort":582,"authority":"NAVI_EWO"}
2026-09-30T15:00:11.018	ngr/loco/9950011/telem/speed	{"ir_valid":1,"ir_mmps":0.000,"ir_coupled":0,"ir_speed_reason":"STOPPED","ir_applicable":1,"ir_reason":5,"ir_seq":12101,"ir_pulses":6735,"ir_gap":1,"ir_sat":0,"ir_abort":582,"authority":"NAVI_EWO"}
2026-09-30T15:00:11.022	ngr/loco/9950011/diag/ir_link	{"radio_ready":1,"seen":24571,"source_mac":"38:18:2B:30:8C:2C","paired_mac":"38:18:2B:30:8C:2C","paired_for_display_only":1,"coupled":0,"invalid_wire":12543,"queue_drop":0}
2026-09-30T15:00:11.022	ngr/loco/9950011/state/throttle	90
2026-09-30T15:00:11.022	ngr/loco/9950011/state/direction	2
2026-09-30T15:00:11.022	ngr/loco/9950011/state/auto	1
2026-09-30T15:00:11.022	ngr/loco/9950011/state/estop	0
2026-09-30T15:00:11.022	ngr/loco/9950011/state/nav_ready	1
2026-09-30T15:00:11.715	ngr/loco/9950011/state/connectivity	{"wifi":1,"ip":"192.168.68.72","rssi":-41,"mqtt":1,"mqtt_state":0,"broker":"192.168.68.142","ir_radio":1,"ir_seen":24586,"ir_coupled":0,"navi_sync":1,"udp_failures":183}
2026-09-30T15:00:12.011	ngr/loco/9950011/state/loopstat	{"build":"NAVI_EYES_WIDE_OPEN_INTEGRATED_R2","mm":3,"target":2,"dir":-1,"target_distance_mm":330,"target_polarity":-1,"position_reliable":1,"reference_ready":1,"reference":1898,"median5":0,"hall_support":0,"spatial_phase":2,"ir_applicable":1,"ir_distance_state":"HALL_IR_READY","ir_health_fault":6,"ir_readiness":3,"ir_boot":"761B38FCC6F727BE","ir_epoch":1,"ir_epoch_active":1,"ir_seq":12111,"ir_pulses":6735,"ir_reason":1,"ir_age_ms":46,"ir_span":207,"ir_gap":1,"ir_sat":0,"ir_abort":583,"ir_inferred_added":0,"ir_inferred_removed":0,"ir_calibration":0,"hall_seen":6089358,"ir_seen":12038,"hall_q_drop":0,"ir_q_drop":0,"ir_invalid":12554,"nsr_hall_drop":1,"nsr_ir_drop":0,"nsr_navi_drop":0,"nsr_native_drop":168,"event_drop":0,"pwm0_ir_motion":0,"confirmed":61,"missed":152,"pwm":90,"auto":1,"running":1,"estop":0,"lowvolt":0,"ir_stationary_pwm_warning":1,"pub_drop":0}
2026-09-30T15:00:12.016	ngr/loco/9950011/state/trace	{"consumption_drop":334,"action_drop":0,"command_queue_drop":0,"lossless":false}
2026-09-30T15:00:12.021	ngr/loco/9950011/state/nav	{"state":"NORMAL","mm":3,"target":2,"dir":-1,"session_dir":"CCW","position_reliable":1,"ir_distance_state":"HALL_IR_READY","reference_ready":1,"boot_reference":"PROVISIONAL_OR_SPATIAL","authority":"NAVI_EWO"}
2026-09-30T15:00:12.021	ngr/loco/9950011/telem/ir	{"ir_valid":1,"ir_mmps":0.000,"ir_coupled":0,"ir_speed_reason":"STOPPED","ir_applicable":1,"ir_reason":1,"ir_seq":12111,"ir_pulses":6735,"ir_gap":1,"ir_sat":0,"ir_abort":583,"authority":"NAVI_EWO"}
2026-09-30T15:00:12.021	ngr/loco/9950011/telem/speed	{"ir_valid":1,"ir_mmps":0.000,"ir_coupled":0,"ir_speed_reason":"STOPPED","ir_applicable":1,"ir_reason":1,"ir_seq":12111,"ir_pulses":6735,"ir_gap":1,"ir_sat":0,"ir_abort":583,"authority":"NAVI_EWO"}
2026-09-30T15:00:12.021	ngr/loco/9950011/diag/ir_link	{"radio_ready":1,"seen":24592,"source_mac":"38:18:2B:30:8C:2C","paired_mac":"38:18:2B:30:8C:2C","paired_for_display_only":1,"coupled":0,"invalid_wire":12554,"queue_drop":0}
2026-09-30T15:00:12.022	ngr/loco/9950011/state/throttle	90
2026-09-30T15:00:12.022	ngr/loco/9950011/state/direction	2
2026-09-30T15:00:12.023	ngr/loco/9950011/state/auto	1
2026-09-30T15:00:12.023	ngr/loco/9950011/state/estop	0
2026-09-30T15:00:12.023	ngr/loco/9950011/state/nav_ready	1
2026-09-30T15:00:13.012	ngr/loco/9950011/state/loopstat	{"build":"NAVI_EYES_WIDE_OPEN_INTEGRATED_R2","mm":3,"target":2,"dir":-1,"target_distance_mm":330,"target_polarity":-1,"position_reliable":1,"reference_ready":1,"reference":1898,"median5":0,"hall_support":0,"spatial_phase":2,"ir_applicable":1,"ir_distance_state":"HALL_IR_READY","ir_health_fault":6,"ir_readiness":3,"ir_boot":"761B38FCC6F727BE","ir_epoch":1,"ir_epoch_active":1,"ir_seq":12121,"ir_pulses":6735,"ir_reason":1,"ir_age_ms":49,"ir_span":143,"ir_gap":1,"ir_sat":0,"ir_abort":584,"ir_inferred_added":0,"ir_inferred_removed":0,"ir_calibration":0,"hall_seen":6094358,"ir_seen":12048,"hall_q_drop":0,"ir_q_drop":0,"ir_invalid":12564,"nsr_hall_drop":1,"nsr_ir_drop":0,"nsr_navi_drop":0,"nsr_native_drop":168,"event_drop":0,"pwm0_ir_motion":0,"confirmed":61,"missed":152,"pwm":90,"auto":1,"running":1,"estop":0,"lowvolt":0,"ir_stationary_pwm_warning":1,"pub_drop":0}
2026-09-30T15:00:13.020	ngr/loco/9950011/state/trace	{"consumption_drop":334,"action_drop":0,"command_queue_drop":0,"lossless":false}
2026-09-30T15:00:13.020	ngr/loco/9950011/state/nav	{"state":"NORMAL","mm":3,"target":2,"dir":-1,"session_dir":"CCW","position_reliable":1,"ir_distance_state":"HALL_IR_READY","reference_ready":1,"boot_reference":"PROVISIONAL_OR_SPATIAL","authority":"NAVI_EWO"}
2026-09-30T15:00:13.021	ngr/loco/9950011/telem/ir	{"ir_valid":1,"ir_mmps":0.000,"ir_coupled":0,"ir_speed_reason":"STOPPED","ir_applicable":1,"ir_reason":1,"ir_seq":12121,"ir_pulses":6735,"ir_gap":1,"ir_sat":0,"ir_abort":584,"authority":"NAVI_EWO"}
2026-09-30T15:00:13.021	ngr/loco/9950011/telem/speed	{"ir_valid":1,"ir_mmps":0.000,"ir_coupled":0,"ir_speed_reason":"STOPPED","ir_applicable":1,"ir_reason":1,"ir_seq":12121,"ir_pulses":6735,"ir_gap":1,"ir_sat":0,"ir_abort":584,"authority":"NAVI_EWO"}
2026-09-30T15:00:13.021	ngr/loco/9950011/diag/ir_link	{"radio_ready":1,"seen":24612,"source_mac":"38:18:2B:30:8C:2C","paired_mac":"38:18:2B:30:8C:2C","paired_for_display_only":1,"coupled":0,"invalid_wire":12564,"queue_drop":0}
2026-09-30T15:00:13.022	ngr/loco/9950011/state/throttle	90
2026-09-30T15:00:13.022	ngr/loco/9950011/state/direction	2
2026-09-30T15:00:13.022	ngr/loco/9950011/state/auto	1
2026-09-30T15:00:13.022	ngr/loco/9950011/state/estop	0
2026-09-30T15:00:13.022	ngr/loco/9950011/state/nav_ready	1
2026-09-30T15:00:13.841	ngr/loco/9950011/state/lowvolt	0
2026-09-30T15:00:13.889	ngr/loco/9950011/telem/voltage	16.33
2026-09-30T15:00:13.889	ngr/loco/9950011/telem/current	0.29
2026-09-30T15:00:13.889	ngr/loco/9950011/telem/power	5.36
2026-09-30T15:00:14.005	ngr/loco/9950011/state/loopstat	{"build":"NAVI_EYES_WIDE_OPEN_INTEGRATED_R2","mm":3,"target":2,"dir":-1,"target_distance_mm":330,"target_polarity":-1,"position_reliable":1,"reference_ready":1,"reference":1898,"median5":0,"hall_support":0,"spatial_phase":2,"ir_applicable":1,"ir_distance_state":"HALL_IR_READY","ir_health_fault":6,"ir_readiness":3,"ir_boot":"761B38FCC6F727BE","ir_epoch":1,"ir_epoch_active":1,"ir_seq":12131,"ir_pulses":6736,"ir_reason":1,"ir_age_ms":30,"ir_span":79,"ir_gap":1,"ir_sat":0,"ir_abort":587,"ir_inferred_added":0,"ir_inferred_removed":0,"ir_calibration":0,"hall_seen":6099359,"ir_seen":12058,"hall_q_drop":0,"ir_q_drop":0,"ir_invalid":12575,"nsr_hall_drop":1,"nsr_ir_drop":0,"nsr_navi_drop":0,"nsr_native_drop":168,"event_drop":0,"pwm0_ir_motion":0,"confirmed":61,"missed":152,"pwm":90,"auto":1,"running":1,"estop":0,"lowvolt":0,"ir_stationary_pwm_warning":0,"pub_drop":0}
2026-09-30T15:00:14.007	ngr/loco/9950011/state/trace	{"consumption_drop":334,"action_drop":0,"command_queue_drop":0,"lossless":false}
2026-09-30T15:00:14.010	ngr/loco/9950011/state/nav	{"state":"NORMAL","mm":3,"target":2,"dir":-1,"session_dir":"CCW","position_reliable":1,"ir_distance_state":"HALL_IR_READY","reference_ready":1,"boot_reference":"PROVISIONAL_OR_SPATIAL","authority":"NAVI_EWO"}
2026-09-30T15:00:14.010	ngr/loco/9950011/telem/ir	{"ir_valid":1,"ir_mmps":10.724,"ir_coupled":0,"ir_speed_reason":"MEASURED","ir_applicable":1,"ir_reason":1,"ir_seq":12131,"ir_pulses":6736,"ir_gap":1,"ir_sat":0,"ir_abort":587,"authority":"NAVI_EWO"}
2026-09-30T15:00:14.011	ngr/loco/9950011/telem/speed	{"ir_valid":1,"ir_mmps":10.724,"ir_coupled":0,"ir_speed_reason":"MEASURED","ir_applicable":1,"ir_reason":1,"ir_seq":12131,"ir_pulses":6736,"ir_gap":1,"ir_sat":0,"ir_abort":587,"authority":"NAVI_EWO"}
2026-09-30T15:00:14.012	ngr/loco/9950011/diag/ir_link	{"radio_ready":1,"seen":24633,"source_mac":"38:18:2B:30:8C:2C","paired_mac":"38:18:2B:30:8C:2C","paired_for_display_only":1,"coupled":0,"invalid_wire":12575,"queue_drop":0}
2026-09-30T15:00:14.012	ngr/loco/9950011/state/throttle	90
2026-09-30T15:00:14.014	ngr/loco/9950011/state/direction	2
2026-09-30T15:00:14.014	ngr/loco/9950011/state/auto	1
2026-09-30T15:00:14.015	ngr/loco/9950011/state/estop	0
2026-09-30T15:00:14.016	ngr/loco/9950011/state/nav_ready	1
2026-09-30T15:00:15.007	ngr/loco/9950011/state/loopstat	{"build":"NAVI_EYES_WIDE_OPEN_INTEGRATED_R2","mm":3,"target":2,"dir":-1,"target_distance_mm":330,"target_polarity":-1,"position_reliable":1,"reference_ready":1,"reference":1898,"median5":0,"hall_support":0,"spatial_phase":2,"ir_applicable":1,"ir_distance_state":"HALL_IR_READY","ir_health_fault":6,"ir_readiness":3,"ir_boot":"761B38FCC6F727BE","ir_epoch":1,"ir_epoch_active":1,"ir_seq":12141,"ir_pulses":6736,"ir_reason":1,"ir_age_ms":34,"ir_span":31,"ir_gap":1,"ir_sat":0,"ir_abort":587,"ir_inferred_added":0,"ir_inferred_removed":0,"ir_calibration":0,"hall_seen":6104360,"ir_seen":12068,"hall_q_drop":0,"ir_q_drop":0,"ir_invalid":12585,"nsr_hall_drop":1,"nsr_ir_drop":0,"nsr_navi_drop":0,"nsr_native_drop":168,"event_drop":0,"pwm0_ir_motion":0,"confirmed":61,"missed":152,"pwm":90,"auto":1,"running":1,"estop":0,"lowvolt":0,"ir_stationary_pwm_warning":1,"pub_drop":0}
2026-09-30T15:00:15.013	ngr/loco/9950011/state/trace	{"consumption_drop":334,"action_drop":0,"command_queue_drop":0,"lossless":false}
2026-09-30T15:00:15.013	ngr/loco/9950011/state/nav	{"state":"NORMAL","mm":3,"target":2,"dir":-1,"session_dir":"CCW","position_reliable":1,"ir_distance_state":"HALL_IR_READY","reference_ready":1,"boot_reference":"PROVISIONAL_OR_SPATIAL","authority":"NAVI_EWO"}
2026-09-30T15:00:15.015	ngr/loco/9950011/telem/ir	{"ir_valid":1,"ir_mmps":0.000,"ir_coupled":0,"ir_speed_reason":"STOPPED","ir_applicable":1,"ir_reason":1,"ir_seq":12141,"ir_pulses":6736,"ir_gap":1,"ir_sat":0,"ir_abort":587,"authority":"NAVI_EWO"}
2026-09-30T15:00:15.016	ngr/loco/9950011/telem/speed	{"ir_valid":1,"ir_mmps":0.000,"ir_coupled":0,"ir_speed_reason":"STOPPED","ir_applicable":1,"ir_reason":1,"ir_seq":12141,"ir_pulses":6736,"ir_gap":1,"ir_sat":0,"ir_abort":587,"authority":"NAVI_EWO"}
2026-09-30T15:00:15.016	ngr/loco/9950011/diag/ir_link	{"radio_ready":1,"seen":24653,"source_mac":"38:18:2B:30:8C:2C","paired_mac":"38:18:2B:30:8C:2C","paired_for_display_only":1,"coupled":0,"invalid_wire":12585,"queue_drop":0}
2026-09-30T15:00:15.016	ngr/loco/9950011/state/throttle	90
2026-09-30T15:00:15.017	ngr/loco/9950011/state/direction	2
2026-09-30T15:00:15.017	ngr/loco/9950011/state/auto	1
2026-09-30T15:00:15.017	ngr/loco/9950011/state/estop	0
2026-09-30T15:00:15.022	ngr/loco/9950011/state/nav_ready	1
2026-09-30T15:00:16.013	ngr/loco/9950011/state/loopstat	{"build":"NAVI_EYES_WIDE_OPEN_INTEGRATED_R2","mm":3,"target":2,"dir":-1,"target_distance_mm":330,"target_polarity":-1,"position_reliable":1,"reference_ready":1,"reference":1898,"median5":0,"hall_support":0,"spatial_phase":2,"ir_applicable":1,"ir_distance_state":"HALL_IR_READY","ir_health_fault":6,"ir_readiness":3,"ir_boot":"761B38FCC6F727BE","ir_epoch":1,"ir_epoch_active":1,"ir_seq":12151,"ir_pulses":6736,"ir_reason":1,"ir_age_ms":32,"ir_span":31,"ir_gap":1,"ir_sat":0,"ir_abort":587,"ir_inferred_added":0,"ir_inferred_removed":0,"ir_calibration":0,"hall_seen":6109359,"ir_seen":12078,"hall_q_drop":0,"ir_q_drop":0,"ir_invalid":12596,"nsr_hall_drop":1,"nsr_ir_drop":0,"nsr_navi_drop":0,"nsr_native_drop":168,"event_drop":0,"pwm0_ir_motion":0,"confirmed":61,"missed":152,"pwm":90,"auto":1,"running":1,"estop":0,"lowvolt":0,"ir_stationary_pwm_warning":1,"pub_drop":0}
2026-09-30T15:00:16.015	ngr/loco/9950011/state/trace	{"consumption_drop":334,"action_drop":0,"command_queue_drop":0,"lossless":false}
2026-09-30T15:00:16.015	ngr/loco/9950011/state/nav	{"state":"NORMAL","mm":3,"target":2,"dir":-1,"session_dir":"CCW","position_reliable":1,"ir_distance_state":"HALL_IR_READY","reference_ready":1,"boot_reference":"PROVISIONAL_OR_SPATIAL","authority":"NAVI_EWO"}
2026-09-30T15:00:16.016	ngr/loco/9950011/telem/ir	{"ir_valid":1,"ir_mmps":0.000,"ir_coupled":0,"ir_speed_reason":"STOPPED","ir_applicable":1,"ir_reason":1,"ir_seq":12151,"ir_pulses":6736,"ir_gap":1,"ir_sat":0,"ir_abort":587,"authority":"NAVI_EWO"}
2026-09-30T15:00:16.016	ngr/loco/9950011/telem/speed	{"ir_valid":1,"ir_mmps":0.000,"ir_coupled":0,"ir_speed_reason":"STOPPED","ir_applicable":1,"ir_reason":1,"ir_seq":12151,"ir_pulses":6736,"ir_gap":1,"ir_sat":0,"ir_abort":587,"authority":"NAVI_EWO"}
2026-09-30T15:00:16.016	ngr/loco/9950011/diag/ir_link	{"radio_ready":1,"seen":24674,"source_mac":"38:18:2B:30:8C:2C","paired_mac":"38:18:2B:30:8C:2C","paired_for_display_only":1,"coupled":0,"invalid_wire":12596,"queue_drop":0}
2026-09-30T15:00:16.016	ngr/loco/9950011/state/throttle	90
2026-09-30T15:00:16.016	ngr/loco/9950011/state/direction	2
2026-09-30T15:00:16.017	ngr/loco/9950011/state/auto	1
2026-09-30T15:00:16.017	ngr/loco/9950011/state/estop	0
2026-09-30T15:00:16.017	ngr/loco/9950011/state/nav_ready	1
2026-09-30T15:00:16.720	ngr/loco/9950011/state/connectivity	{"wifi":1,"ip":"192.168.68.72","rssi":-37,"mqtt":1,"mqtt_state":0,"broker":"192.168.68.142","ir_radio":1,"ir_seen":24688,"ir_coupled":0,"navi_sync":1,"udp_failures":183}
2026-09-30T15:00:17.005	ngr/loco/9950011/state/loopstat	{"build":"NAVI_EYES_WIDE_OPEN_INTEGRATED_R2","mm":3,"target":2,"dir":-1,"target_distance_mm":330,"target_polarity":-1,"position_reliable":1,"reference_ready":1,"reference":1898,"median5":0,"hall_support":0,"spatial_phase":2,"ir_applicable":1,"ir_distance_state":"HALL_IR_READY","ir_health_fault":6,"ir_readiness":3,"ir_boot":"761B38FCC6F727BE","ir_epoch":1,"ir_epoch_active":1,"ir_seq":12161,"ir_pulses":6736,"ir_reason":1,"ir_age_ms":38,"ir_span":31,"ir_gap":1,"ir_sat":0,"ir_abort":587,"ir_inferred_added":0,"ir_inferred_removed":0,"ir_calibration":0,"hall_seen":6114358,"ir_seen":12088,"hall_q_drop":0,"ir_q_drop":0,"ir_invalid":12606,"nsr_hall_drop":1,"nsr_ir_drop":0,"nsr_navi_drop":0,"nsr_native_drop":168,"event_drop":0,"pwm0_ir_motion":0,"confirmed":61,"missed":152,"pwm":90,"auto":1,"running":1,"estop":0,"lowvolt":0,"ir_stationary_pwm_warning":1,"pub_drop":0}
2026-09-30T15:00:17.008	ngr/loco/9950011/state/trace	{"consumption_drop":334,"action_drop":0,"command_queue_drop":0,"lossless":false}
2026-09-30T15:00:17.008	ngr/loco/9950011/state/nav	{"state":"NORMAL","mm":3,"target":2,"dir":-1,"session_dir":"CCW","position_reliable":1,"ir_distance_state":"HALL_IR_READY","reference_ready":1,"boot_reference":"PROVISIONAL_OR_SPATIAL","authority":"NAVI_EWO"}
2026-09-30T15:00:17.008	ngr/loco/9950011/telem/ir	{"ir_valid":1,"ir_mmps":0.000,"ir_coupled":0,"ir_speed_reason":"STOPPED","ir_applicable":1,"ir_reason":1,"ir_seq":12161,"ir_pulses":6736,"ir_gap":1,"ir_sat":0,"ir_abort":587,"authority":"NAVI_EWO"}
2026-09-30T15:00:17.008	ngr/loco/9950011/telem/speed	{"ir_valid":1,"ir_mmps":0.000,"ir_coupled":0,"ir_speed_reason":"STOPPED","ir_applicable":1,"ir_reason":1,"ir_seq":12161,"ir_pulses":6736,"ir_gap":1,"ir_sat":0,"ir_abort":587,"authority":"NAVI_EWO"}
2026-09-30T15:00:17.009	ngr/loco/9950011/diag/ir_link	{"radio_ready":1,"seen":24694,"source_mac":"38:18:2B:30:8C:2C","paired_mac":"38:18:2B:30:8C:2C","paired_for_display_only":1,"coupled":0,"invalid_wire":12606,"queue_drop":0}
2026-09-30T15:00:17.009	ngr/loco/9950011/state/throttle	90
2026-09-30T15:00:17.012	ngr/loco/9950011/state/direction	2
2026-09-30T15:00:17.012	ngr/loco/9950011/state/auto	1
2026-09-30T15:00:17.013	ngr/loco/9950011/state/estop	0
2026-09-30T15:00:17.013	ngr/loco/9950011/state/nav_ready	1
2026-09-30T15:00:18.008	ngr/loco/9950011/state/loopstat	{"build":"NAVI_EYES_WIDE_OPEN_INTEGRATED_R2","mm":3,"target":2,"dir":-1,"target_distance_mm":330,"target_polarity":-1,"position_reliable":1,"reference_ready":1,"reference":1898,"median5":0,"hall_support":0,"spatial_phase":2,"ir_applicable":1,"ir_distance_state":"HALL_IR_READY","ir_health_fault":6,"ir_readiness":3,"ir_boot":"761B38FCC6F727BE","ir_epoch":1,"ir_epoch_active":1,"ir_seq":12171,"ir_pulses":6736,"ir_reason":1,"ir_age_ms":32,"ir_span":31,"ir_gap":1,"ir_sat":0,"ir_abort":587,"ir_inferred_added":0,"ir_inferred_removed":0,"ir_calibration":0,"hall_seen":6119360,"ir_seen":12097,"hall_q_drop":0,"ir_q_drop":0,"ir_invalid":12616,"nsr_hall_drop":1,"nsr_ir_drop":0,"nsr_navi_drop":0,"nsr_native_drop":168,"event_drop":0,"pwm0_ir_motion":0,"confirmed":61,"missed":152,"pwm":90,"auto":1,"running":1,"estop":0,"lowvolt":0,"ir_stationary_pwm_warning":1,"pub_drop":0}
2026-09-30T15:00:18.021	ngr/loco/9950011/state/trace	{"consumption_drop":334,"action_drop":0,"command_queue_drop":0,"lossless":false}
2026-09-30T15:00:18.021	ngr/loco/9950011/state/nav	{"state":"NORMAL","mm":3,"target":2,"dir":-1,"session_dir":"CCW","position_reliable":1,"ir_distance_state":"HALL_IR_READY","reference_ready":1,"boot_reference":"PROVISIONAL_OR_SPATIAL","authority":"NAVI_EWO"}
2026-09-30T15:00:18.024	ngr/loco/9950011/telem/ir	{"ir_valid":1,"ir_mmps":0.000,"ir_coupled":0,"ir_speed_reason":"STOPPED","ir_applicable":1,"ir_reason":1,"ir_seq":12171,"ir_pulses":6736,"ir_gap":1,"ir_sat":0,"ir_abort":587,"authority":"NAVI_EWO"}
2026-09-30T15:00:18.024	ngr/loco/9950011/telem/speed	{"ir_valid":1,"ir_mmps":0.000,"ir_coupled":0,"ir_speed_reason":"STOPPED","ir_applicable":1,"ir_reason":1,"ir_seq":12171,"ir_pulses":6736,"ir_gap":1,"ir_sat":0,"ir_abort":587,"authority":"NAVI_EWO"}
2026-09-30T15:00:18.025	ngr/loco/9950011/diag/ir_link	{"radio_ready":1,"seen":24713,"source_mac":"38:18:2B:30:8C:2C","paired_mac":"38:18:2B:30:8C:2C","paired_for_display_only":1,"coupled":0,"invalid_wire":12616,"queue_drop":0}
2026-09-30T15:00:18.025	ngr/loco/9950011/state/throttle	90
2026-09-30T15:00:18.025	ngr/loco/9950011/state/direction	2
2026-09-30T15:00:18.025	ngr/loco/9950011/state/auto	1
2026-09-30T15:00:18.025	ngr/loco/9950011/state/estop	0
2026-09-30T15:00:18.025	ngr/loco/9950011/state/nav_ready	1
2026-09-30T15:00:18.849	ngr/loco/9950011/state/lowvolt	0
2026-09-30T15:00:18.854	ngr/loco/9950011/telem/voltage	16.37
2026-09-30T15:00:18.854	ngr/loco/9950011/telem/current	0.29
2026-09-30T15:00:18.854	ngr/loco/9950011/telem/power	4.25
2026-09-30T15:00:19.012	ngr/loco/9950011/state/loopstat	{"build":"NAVI_EYES_WIDE_OPEN_INTEGRATED_R2","mm":3,"target":2,"dir":-1,"target_distance_mm":330,"target_polarity":-1,"position_reliable":1,"reference_ready":1,"reference":1898,"median5":0,"hall_support":0,"spatial_phase":2,"ir_applicable":1,"ir_distance_state":"HALL_IR_READY","ir_health_fault":6,"ir_readiness":3,"ir_boot":"761B38FCC6F727BE","ir_epoch":1,"ir_epoch_active":1,"ir_seq":12181,"ir_pulses":6736,"ir_reason":1,"ir_age_ms":38,"ir_span":31,"ir_gap":1,"ir_sat":0,"ir_abort":587,"ir_inferred_added":0,"ir_inferred_removed":0,"ir_calibration":0,"hall_seen":6124359,"ir_seen":12107,"hall_q_drop":0,"ir_q_drop":0,"ir_invalid":12627,"nsr_hall_drop":1,"nsr_ir_drop":0,"nsr_navi_drop":0,"nsr_native_drop":168,"event_drop":0,"pwm0_ir_motion":0,"confirmed":61,"missed":152,"pwm":90,"auto":1,"running":1,"estop":0,"lowvolt":0,"ir_stationary_pwm_warning":1,"pub_drop":0}
2026-09-30T15:00:19.014	ngr/loco/9950011/state/trace	{"consumption_drop":334,"action_drop":0,"command_queue_drop":0,"lossless":false}
2026-09-30T15:00:19.014	ngr/loco/9950011/state/nav	{"state":"NORMAL","mm":3,"target":2,"dir":-1,"session_dir":"CCW","position_reliable":1,"ir_distance_state":"HALL_IR_READY","reference_ready":1,"boot_reference":"PROVISIONAL_OR_SPATIAL","authority":"NAVI_EWO"}
2026-09-30T15:00:19.019	ngr/loco/9950011/telem/ir	{"ir_valid":1,"ir_mmps":0.000,"ir_coupled":0,"ir_speed_reason":"STOPPED","ir_applicable":1,"ir_reason":1,"ir_seq":12181,"ir_pulses":6736,"ir_gap":1,"ir_sat":0,"ir_abort":587,"authority":"NAVI_EWO"}
2026-09-30T15:00:19.020	ngr/loco/9950011/telem/speed	{"ir_valid":1,"ir_mmps":0.000,"ir_coupled":0,"ir_speed_reason":"STOPPED","ir_applicable":1,"ir_reason":1,"ir_seq":12181,"ir_pulses":6736,"ir_gap":1,"ir_sat":0,"ir_abort":587,"authority":"NAVI_EWO"}
2026-09-30T15:00:19.020	ngr/loco/9950011/diag/ir_link	{"radio_ready":1,"seen":24734,"source_mac":"38:18:2B:30:8C:2C","paired_mac":"38:18:2B:30:8C:2C","paired_for_display_only":1,"coupled":0,"invalid_wire":12627,"queue_drop":0}
2026-09-30T15:00:19.021	ngr/loco/9950011/state/throttle	90
2026-09-30T15:00:19.022	ngr/loco/9950011/state/direction	2
2026-09-30T15:00:19.022	ngr/loco/9950011/state/auto	1
2026-09-30T15:00:19.022	ngr/loco/9950011/state/estop	0
2026-09-30T15:00:19.022	ngr/loco/9950011/state/nav_ready	1
2026-09-30T15:00:20.004	ngr/loco/9950011/state/loopstat	{"build":"NAVI_EYES_WIDE_OPEN_INTEGRATED_R2","mm":3,"target":2,"dir":-1,"target_distance_mm":330,"target_polarity":-1,"position_reliable":1,"reference_ready":1,"reference":1898,"median5":0,"hall_support":0,"spatial_phase":2,"ir_applicable":1,"ir_distance_state":"HALL_IR_READY","ir_health_fault":6,"ir_readiness":3,"ir_boot":"761B38FCC6F727BE","ir_epoch":1,"ir_epoch_active":1,"ir_seq":12191,"ir_pulses":6736,"ir_reason":1,"ir_age_ms":42,"ir_span":15,"ir_gap":1,"ir_sat":0,"ir_abort":587,"ir_inferred_added":0,"ir_inferred_removed":0,"ir_calibration":0,"hall_seen":6129359,"ir_seen":12117,"hall_q_drop":0,"ir_q_drop":0,"ir_invalid":12637,"nsr_hall_drop":1,"nsr_ir_drop":0,"nsr_navi_drop":0,"nsr_native_drop":168,"event_drop":0,"pwm0_ir_motion":0,"confirmed":61,"missed":152,"pwm":90,"auto":1,"running":1,"estop":0,"lowvolt":0,"ir_stationary_pwm_warning":1,"pub_drop":0}
2026-09-30T15:00:20.007	ngr/loco/9950011/state/trace	{"consumption_drop":334,"action_drop":0,"command_queue_drop":0,"lossless":false}
2026-09-30T15:00:20.009	ngr/loco/9950011/state/nav	{"state":"NORMAL","mm":3,"target":2,"dir":-1,"session_dir":"CCW","position_reliable":1,"ir_distance_state":"HALL_IR_READY","reference_ready":1,"boot_reference":"PROVISIONAL_OR_SPATIAL","authority":"NAVI_EWO"}
2026-09-30T15:00:20.010	ngr/loco/9950011/telem/ir	{"ir_valid":1,"ir_mmps":0.000,"ir_coupled":0,"ir_speed_reason":"STOPPED","ir_applicable":1,"ir_reason":1,"ir_seq":12191,"ir_pulses":6736,"ir_gap":1,"ir_sat":0,"ir_abort":587,"authority":"NAVI_EWO"}
2026-09-30T15:00:20.010	ngr/loco/9950011/telem/speed	{"ir_valid":1,"ir_mmps":0.000,"ir_coupled":0,"ir_speed_reason":"STOPPED","ir_applicable":1,"ir_reason":1,"ir_seq":12191,"ir_pulses":6736,"ir_gap":1,"ir_sat":0,"ir_abort":587,"authority":"NAVI_EWO"}
2026-09-30T15:00:20.010	ngr/loco/9950011/diag/ir_link	{"radio_ready":1,"seen":24754,"source_mac":"38:18:2B:30:8C:2C","paired_mac":"38:18:2B:30:8C:2C","paired_for_display_only":1,"coupled":0,"invalid_wire":12637,"queue_drop":0}
2026-09-30T15:00:20.011	ngr/loco/9950011/state/throttle	90
2026-09-30T15:00:20.012	ngr/loco/9950011/state/direction	2
2026-09-30T15:00:20.012	ngr/loco/9950011/state/auto	1
2026-09-30T15:00:20.018	ngr/loco/9950011/state/estop	0
2026-09-30T15:00:20.018	ngr/loco/9950011/state/nav_ready	1
2026-09-30T15:00:21.012	ngr/loco/9950011/state/loopstat	{"build":"NAVI_EYES_WIDE_OPEN_INTEGRATED_R2","mm":3,"target":2,"dir":-1,"target_distance_mm":330,"target_polarity":-1,"position_reliable":1,"reference_ready":1,"reference":1898,"median5":0,"hall_support":0,"spatial_phase":2,"ir_applicable":1,"ir_distance_state":"HALL_IR_READY","ir_health_fault":6,"ir_readiness":3,"ir_boot":"761B38FCC6F727BE","ir_epoch":1,"ir_epoch_active":1,"ir_seq":12201,"ir_pulses":6736,"ir_reason":1,"ir_age_ms":42,"ir_span":31,"ir_gap":1,"ir_sat":0,"ir_abort":587,"ir_inferred_added":0,"ir_inferred_removed":0,"ir_calibration":0,"hall_seen":6134360,"ir_seen":12127,"hall_q_drop":0,"ir_q_drop":0,"ir_invalid":12648,"nsr_hall_drop":1,"nsr_ir_drop":0,"nsr_navi_drop":0,"nsr_native_drop":168,"event_drop":0,"pwm0_ir_motion":0,"confirmed":61,"missed":152,"pwm":90,"auto":1,"running":1,"estop":0,"lowvolt":0,"ir_stationary_pwm_warning":1,"pub_drop":0}
2026-09-30T15:00:21.015	ngr/loco/9950011/state/trace	{"consumption_drop":334,"action_drop":0,"command_queue_drop":0,"lossless":false}
2026-09-30T15:00:21.022	ngr/loco/9950011/state/nav	{"state":"NORMAL","mm":3,"target":2,"dir":-1,"session_dir":"CCW","position_reliable":1,"ir_distance_state":"HALL_IR_READY","reference_ready":1,"boot_reference":"PROVISIONAL_OR_SPATIAL","authority":"NAVI_EWO"}
2026-09-30T15:00:21.022	ngr/loco/9950011/telem/ir	{"ir_valid":1,"ir_mmps":0.000,"ir_coupled":0,"ir_speed_reason":"STOPPED","ir_applicable":1,"ir_reason":1,"ir_seq":12201,"ir_pulses":6736,"ir_gap":1,"ir_sat":0,"ir_abort":587,"authority":"NAVI_EWO"}
2026-09-30T15:00:21.022	ngr/loco/9950011/telem/speed	{"ir_valid":1,"ir_mmps":0.000,"ir_coupled":0,"ir_speed_reason":"STOPPED","ir_applicable":1,"ir_reason":1,"ir_seq":12201,"ir_pulses":6736,"ir_gap":1,"ir_sat":0,"ir_abort":587,"authority":"NAVI_EWO"}
2026-09-30T15:00:21.024	ngr/loco/9950011/diag/ir_link	{"radio_ready":1,"seen":24775,"source_mac":"38:18:2B:30:8C:2C","paired_mac":"38:18:2B:30:8C:2C","paired_for_display_only":1,"coupled":0,"invalid_wire":12648,"queue_drop":0}
2026-09-30T15:00:21.024	ngr/loco/9950011/state/throttle	90
2026-09-30T15:00:21.025	ngr/loco/9950011/state/direction	2
2026-09-30T15:00:21.025	ngr/loco/9950011/state/auto	1
2026-09-30T15:00:21.025	ngr/loco/9950011/state/estop	0
2026-09-30T15:00:21.025	ngr/loco/9950011/state/nav_ready	1
2026-09-30T15:00:21.721	ngr/loco/9950011/state/connectivity	{"wifi":1,"ip":"192.168.68.72","rssi":-45,"mqtt":1,"mqtt_state":0,"broker":"192.168.68.142","ir_radio":1,"ir_seen":24789,"ir_coupled":0,"navi_sync":1,"udp_failures":183}
2026-09-30T15:00:22.003	ngr/loco/9950011/state/loopstat	{"build":"NAVI_EYES_WIDE_OPEN_INTEGRATED_R2","mm":3,"target":2,"dir":-1,"target_distance_mm":330,"target_polarity":-1,"position_reliable":1,"reference_ready":1,"reference":1898,"median5":0,"hall_support":0,"spatial_phase":2,"ir_applicable":1,"ir_distance_state":"HALL_IR_READY","ir_health_fault":6,"ir_readiness":3,"ir_boot":"761B38FCC6F727BE","ir_epoch":1,"ir_epoch_active":1,"ir_seq":12211,"ir_pulses":6736,"ir_reason":1,"ir_age_ms":27,"ir_span":15,"ir_gap":1,"ir_sat":0,"ir_abort":587,"ir_inferred_added":0,"ir_inferred_removed":0,"ir_calibration":0,"hall_seen":6139363,"ir_seen":12137,"hall_q_drop":0,"ir_q_drop":0,"ir_invalid":12658,"nsr_hall_drop":1,"nsr_ir_drop":0,"nsr_navi_drop":0,"nsr_native_drop":168,"event_drop":0,"pwm0_ir_motion":0,"confirmed":61,"missed":152,"pwm":90,"auto":1,"running":1,"estop":0,"lowvolt":0,"ir_stationary_pwm_warning":1,"pub_drop":0}
2026-09-30T15:00:22.006	ngr/loco/9950011/state/trace	{"consumption_drop":334,"action_drop":0,"command_queue_drop":0,"lossless":false}
2026-09-30T15:00:22.010	ngr/loco/9950011/state/nav	{"state":"NORMAL","mm":3,"target":2,"dir":-1,"session_dir":"CCW","position_reliable":1,"ir_distance_state":"HALL_IR_READY","reference_ready":1,"boot_reference":"PROVISIONAL_OR_SPATIAL","authority":"NAVI_EWO"}
2026-09-30T15:00:22.010	ngr/loco/9950011/telem/ir	{"ir_valid":1,"ir_mmps":0.000,"ir_coupled":0,"ir_speed_reason":"STOPPED","ir_applicable":1,"ir_reason":1,"ir_seq":12211,"ir_pulses":6736,"ir_gap":1,"ir_sat":0,"ir_abort":587,"authority":"NAVI_EWO"}
2026-09-30T15:00:22.010	ngr/loco/9950011/telem/speed	{"ir_valid":1,"ir_mmps":0.000,"ir_coupled":0,"ir_speed_reason":"STOPPED","ir_applicable":1,"ir_reason":1,"ir_seq":12211,"ir_pulses":6736,"ir_gap":1,"ir_sat":0,"ir_abort":587,"authority":"NAVI_EWO"}
2026-09-30T15:00:22.012	ngr/loco/9950011/diag/ir_link	{"radio_ready":1,"seen":24795,"source_mac":"38:18:2B:30:8C:2C","paired_mac":"38:18:2B:30:8C:2C","paired_for_display_only":1,"coupled":0,"invalid_wire":12658,"queue_drop":0}
2026-09-30T15:00:22.013	ngr/loco/9950011/state/throttle	90
2026-09-30T15:00:22.013	ngr/loco/9950011/state/direction	2
2026-09-30T15:00:22.013	ngr/loco/9950011/state/auto	1
2026-09-30T15:00:22.013	ngr/loco/9950011/state/estop	0
2026-09-30T15:00:22.017	ngr/loco/9950011/state/nav_ready	1
2026-09-30T15:00:23.015	ngr/loco/9950011/state/loopstat	{"build":"NAVI_EYES_WIDE_OPEN_INTEGRATED_R2","mm":3,"target":2,"dir":-1,"target_distance_mm":330,"target_polarity":-1,"position_reliable":1,"reference_ready":1,"reference":1898,"median5":0,"hall_support":0,"spatial_phase":2,"ir_applicable":1,"ir_distance_state":"HALL_IR_READY","ir_health_fault":0,"ir_readiness":2,"ir_boot":"761B38FCC6F727BE","ir_epoch":1,"ir_epoch_active":1,"ir_seq":12221,"ir_pulses":6736,"ir_reason":5,"ir_age_ms":27,"ir_span":623,"ir_gap":1,"ir_sat":0,"ir_abort":587,"ir_inferred_added":0,"ir_inferred_removed":0,"ir_calibration":0,"hall_seen":6144365,"ir_seen":12147,"hall_q_drop":0,"ir_q_drop":0,"ir_invalid":12668,"nsr_hall_drop":1,"nsr_ir_drop":0,"nsr_navi_drop":0,"nsr_native_drop":168,"event_drop":0,"pwm0_ir_motion":0,"confirmed":61,"missed":152,"pwm":90,"auto":1,"running":1,"estop":0,"lowvolt":0,"ir_stationary_pwm_warning":1,"pub_drop":0}
2026-09-30T15:00:23.017	ngr/loco/9950011/state/trace	{"consumption_drop":334,"action_drop":0,"command_queue_drop":0,"lossless":false}
2026-09-30T15:00:23.018	ngr/loco/9950011/state/nav	{"state":"NORMAL","mm":3,"target":2,"dir":-1,"session_dir":"CCW","position_reliable":1,"ir_distance_state":"HALL_IR_READY","reference_ready":1,"boot_reference":"PROVISIONAL_OR_SPATIAL","authority":"NAVI_EWO"}
2026-09-30T15:00:23.018	ngr/loco/9950011/telem/ir	{"ir_valid":1,"ir_mmps":0.000,"ir_coupled":0,"ir_speed_reason":"STOPPED","ir_applicable":1,"ir_reason":5,"ir_seq":12221,"ir_pulses":6736,"ir_gap":1,"ir_sat":0,"ir_abort":587,"authority":"NAVI_EWO"}
2026-09-30T15:00:23.018	ngr/loco/9950011/telem/speed	{"ir_valid":1,"ir_mmps":0.000,"ir_coupled":0,"ir_speed_reason":"STOPPED","ir_applicable":1,"ir_reason":5,"ir_seq":12221,"ir_pulses":6736,"ir_gap":1,"ir_sat":0,"ir_abort":587,"authority":"NAVI_EWO"}
2026-09-30T15:00:23.018	ngr/loco/9950011/diag/ir_link	{"radio_ready":1,"seen":24815,"source_mac":"38:18:2B:30:8C:2C","paired_mac":"38:18:2B:30:8C:2C","paired_for_display_only":1,"coupled":0,"invalid_wire":12668,"queue_drop":0}
2026-09-30T15:00:23.018	ngr/loco/9950011/state/throttle	90
2026-09-30T15:00:23.019	ngr/loco/9950011/state/direction	2
2026-09-30T15:00:23.019	ngr/loco/9950011/state/auto	1
2026-09-30T15:00:23.020	ngr/loco/9950011/state/estop	0
2026-09-30T15:00:23.020	ngr/loco/9950011/state/nav_ready	1
2026-09-30T15:00:23.865	ngr/loco/9950011/state/lowvolt	0
2026-09-30T15:00:23.873	ngr/loco/9950011/telem/voltage	16.38
2026-09-30T15:00:23.873	ngr/loco/9950011/telem/current	0.35
2026-09-30T15:00:23.874	ngr/loco/9950011/telem/power	5.07
2026-09-30T15:00:24.030	ngr/loco/9950011/state/loopstat	{"build":"NAVI_EYES_WIDE_OPEN_INTEGRATED_R2","mm":3,"target":2,"dir":-1,"target_distance_mm":330,"target_polarity":-1,"position_reliable":1,"reference_ready":1,"reference":1898,"median5":0,"hall_support":0,"spatial_phase":2,"ir_applicable":1,"ir_distance_state":"HALL_IR_READY","ir_health_fault":0,"ir_readiness":2,"ir_boot":"761B38FCC6F727BE","ir_epoch":1,"ir_epoch_active":1,"ir_seq":12231,"ir_pulses":6736,"ir_reason":5,"ir_age_ms":28,"ir_span":1039,"ir_gap":1,"ir_sat":0,"ir_abort":587,"ir_inferred_added":0,"ir_inferred_removed":0,"ir_calibration":0,"hall_seen":6149364,"ir_seen":12157,"hall_q_drop":0,"ir_q_drop":0,"ir_invalid":12679,"nsr_hall_drop":1,"nsr_ir_drop":0,"nsr_navi_drop":0,"nsr_native_drop":168,"event_drop":0,"pwm0_ir_motion":0,"confirmed":61,"missed":152,"pwm":90,"auto":1,"running":1,"estop":0,"lowvolt":0,"ir_stationary_pwm_warning":1,"pub_drop":0}
2026-09-30T15:00:24.045	ngr/loco/9950011/state/trace	{"consumption_drop":334,"action_drop":0,"command_queue_drop":0,"lossless":false}
2026-09-30T15:00:24.046	ngr/loco/9950011/state/nav	{"state":"NORMAL","mm":3,"target":2,"dir":-1,"session_dir":"CCW","position_reliable":1,"ir_distance_state":"HALL_IR_READY","reference_ready":1,"boot_reference":"PROVISIONAL_OR_SPATIAL","authority":"NAVI_EWO"}
2026-09-30T15:00:24.046	ngr/loco/9950011/telem/ir	{"ir_valid":1,"ir_mmps":0.000,"ir_coupled":0,"ir_speed_reason":"STOPPED","ir_applicable":1,"ir_reason":5,"ir_seq":12231,"ir_pulses":6736,"ir_gap":1,"ir_sat":0,"ir_abort":587,"authority":"NAVI_EWO"}
2026-09-30T15:00:24.046	ngr/loco/9950011/telem/speed	{"ir_valid":1,"ir_mmps":0.000,"ir_coupled":0,"ir_speed_reason":"STOPPED","ir_applicable":1,"ir_reason":5,"ir_seq":12231,"ir_pulses":6736,"ir_gap":1,"ir_sat":0,"ir_abort":587,"authority":"NAVI_EWO"}
2026-09-30T15:00:24.046	ngr/loco/9950011/diag/ir_link	{"radio_ready":1,"seen":24836,"source_mac":"38:18:2B:30:8C:2C","paired_mac":"38:18:2B:30:8C:2C","paired_for_display_only":1,"coupled":0,"invalid_wire":12679,"queue_drop":0}
2026-09-30T15:00:24.046	ngr/loco/9950011/state/throttle	90
2026-09-30T15:00:24.047	ngr/loco/9950011/state/direction	2
2026-09-30T15:00:24.047	ngr/loco/9950011/state/auto	1
2026-09-30T15:00:24.047	ngr/loco/9950011/state/estop	0
2026-09-30T15:00:24.047	ngr/loco/9950011/state/nav_ready	1
2026-09-30T15:00:25.009	ngr/loco/9950011/state/loopstat	{"build":"NAVI_EYES_WIDE_OPEN_INTEGRATED_R2","mm":3,"target":2,"dir":-1,"target_distance_mm":330,"target_polarity":-1,"position_reliable":1,"reference_ready":1,"reference":1898,"median5":0,"hall_support":0,"spatial_phase":2,"ir_applicable":1,"ir_distance_state":"HALL_IR_READY","ir_health_fault":6,"ir_readiness":3,"ir_boot":"761B38FCC6F727BE","ir_epoch":1,"ir_epoch_active":1,"ir_seq":12241,"ir_pulses":6736,"ir_reason":1,"ir_age_ms":31,"ir_span":15,"ir_gap":1,"ir_sat":0,"ir_abort":588,"ir_inferred_added":0,"ir_inferred_removed":0,"ir_calibration":0,"hall_seen":6154364,"ir_seen":12167,"hall_q_drop":0,"ir_q_drop":0,"ir_invalid":12689,"nsr_hall_drop":1,"nsr_ir_drop":0,"nsr_navi_drop":0,"nsr_native_drop":168,"event_drop":0,"pwm0_ir_motion":0,"confirmed":61,"missed":152,"pwm":90,"auto":1,"running":1,"estop":0,"lowvolt":0,"ir_stationary_pwm_warning":1,"pub_drop":0}
2026-09-30T15:00:25.011	ngr/loco/9950011/state/trace	{"consumption_drop":334,"action_drop":0,"command_queue_drop":0,"lossless":false}
2026-09-30T15:00:25.014	ngr/loco/9950011/state/nav	{"state":"NORMAL","mm":3,"target":2,"dir":-1,"session_dir":"CCW","position_reliable":1,"ir_distance_state":"HALL_IR_READY","reference_ready":1,"boot_reference":"PROVISIONAL_OR_SPATIAL","authority":"NAVI_EWO"}
2026-09-30T15:00:25.014	ngr/loco/9950011/telem/ir	{"ir_valid":1,"ir_mmps":0.000,"ir_coupled":0,"ir_speed_reason":"STOPPED","ir_applicable":1,"ir_reason":1,"ir_seq":12241,"ir_pulses":6736,"ir_gap":1,"ir_sat":0,"ir_abort":588,"authority":"NAVI_EWO"}
2026-09-30T15:00:25.015	ngr/loco/9950011/telem/speed	{"ir_valid":1,"ir_mmps":0.000,"ir_coupled":0,"ir_speed_reason":"STOPPED","ir_applicable":1,"ir_reason":1,"ir_seq":12241,"ir_pulses":6736,"ir_gap":1,"ir_sat":0,"ir_abort":588,"authority":"NAVI_EWO"}
2026-09-30T15:00:25.022	ngr/loco/9950011/diag/ir_link	{"radio_ready":1,"seen":24856,"source_mac":"38:18:2B:30:8C:2C","paired_mac":"38:18:2B:30:8C:2C","paired_for_display_only":1,"coupled":0,"invalid_wire":12689,"queue_drop":0}
2026-09-30T15:00:25.022	ngr/loco/9950011/state/throttle	90
2026-09-30T15:00:25.022	ngr/loco/9950011/state/direction	2
2026-09-30T15:00:25.025	ngr/loco/9950011/state/auto	1
2026-09-30T15:00:25.025	ngr/loco/9950011/state/estop	0
2026-09-30T15:00:25.025	ngr/loco/9950011/state/nav_ready	1
2026-09-30T15:00:26.011	ngr/loco/9950011/state/loopstat	{"build":"NAVI_EYES_WIDE_OPEN_INTEGRATED_R2","mm":3,"target":2,"dir":-1,"target_distance_mm":330,"target_polarity":-1,"position_reliable":1,"reference_ready":1,"reference":1898,"median5":0,"hall_support":0,"spatial_phase":2,"ir_applicable":1,"ir_distance_state":"HALL_IR_READY","ir_health_fault":6,"ir_readiness":3,"ir_boot":"761B38FCC6F727BE","ir_epoch":1,"ir_epoch_active":1,"ir_seq":12251,"ir_pulses":6736,"ir_reason":1,"ir_age_ms":30,"ir_span":47,"ir_gap":1,"ir_sat":0,"ir_abort":588,"ir_inferred_added":0,"ir_inferred_removed":0,"ir_calibration":0,"hall_seen":6159364,"ir_seen":12177,"hall_q_drop":0,"ir_q_drop":0,"ir_invalid":12700,"nsr_hall_drop":1,"nsr_ir_drop":0,"nsr_navi_drop":0,"nsr_native_drop":168,"event_drop":0,"pwm0_ir_motion":0,"confirmed":61,"missed":152,"pwm":90,"auto":1,"running":1,"estop":0,"lowvolt":0,"ir_stationary_pwm_warning":1,"pub_drop":0}
2026-09-30T15:00:26.026	ngr/loco/9950011/state/trace	{"consumption_drop":334,"action_drop":0,"command_queue_drop":0,"lossless":false}
2026-09-30T15:00:26.026	ngr/loco/9950011/state/nav	{"state":"NORMAL","mm":3,"target":2,"dir":-1,"session_dir":"CCW","position_reliable":1,"ir_distance_state":"HALL_IR_READY","reference_ready":1,"boot_reference":"PROVISIONAL_OR_SPATIAL","authority":"NAVI_EWO"}
2026-09-30T15:00:26.027	ngr/loco/9950011/telem/ir	{"ir_valid":1,"ir_mmps":0.000,"ir_coupled":0,"ir_speed_reason":"STOPPED","ir_applicable":1,"ir_reason":1,"ir_seq":12251,"ir_pulses":6736,"ir_gap":1,"ir_sat":0,"ir_abort":588,"authority":"NAVI_EWO"}
2026-09-30T15:00:26.027	ngr/loco/9950011/telem/speed	{"ir_valid":1,"ir_mmps":0.000,"ir_coupled":0,"ir_speed_reason":"STOPPED","ir_applicable":1,"ir_reason":1,"ir_seq":12251,"ir_pulses":6736,"ir_gap":1,"ir_sat":0,"ir_abort":588,"authority":"NAVI_EWO"}
2026-09-30T15:00:26.030	ngr/loco/9950011/diag/ir_link	{"radio_ready":1,"seen":24877,"source_mac":"38:18:2B:30:8C:2C","paired_mac":"38:18:2B:30:8C:2C","paired_for_display_only":1,"coupled":0,"invalid_wire":12700,"queue_drop":0}
2026-09-30T15:00:26.030	ngr/loco/9950011/state/throttle	90
2026-09-30T15:00:26.030	ngr/loco/9950011/state/direction	2
2026-09-30T15:00:26.030	ngr/loco/9950011/state/auto	1
2026-09-30T15:00:26.030	ngr/loco/9950011/state/estop	0
2026-09-30T15:00:26.031	ngr/loco/9950011/state/nav_ready	1
2026-09-30T15:00:26.733	ngr/loco/9950011/state/connectivity	{"wifi":1,"ip":"192.168.68.72","rssi":-42,"mqtt":1,"mqtt_state":0,"broker":"192.168.68.142","ir_radio":1,"ir_seen":24891,"ir_coupled":0,"navi_sync":1,"udp_failures":183}
2026-09-30T15:00:27.004	ngr/loco/9950011/state/loopstat	{"build":"NAVI_EYES_WIDE_OPEN_INTEGRATED_R2","mm":3,"target":2,"dir":-1,"target_distance_mm":330,"target_polarity":-1,"position_reliable":1,"reference_ready":1,"reference":1898,"median5":0,"hall_support":0,"spatial_phase":2,"ir_applicable":1,"ir_distance_state":"HALL_IR_READY","ir_health_fault":6,"ir_readiness":3,"ir_boot":"761B38FCC6F727BE","ir_epoch":1,"ir_epoch_active":1,"ir_seq":12261,"ir_pulses":6736,"ir_reason":1,"ir_age_ms":30,"ir_span":207,"ir_gap":1,"ir_sat":0,"ir_abort":589,"ir_inferred_added":0,"ir_inferred_removed":0,"ir_calibration":0,"hall_seen":6164365,"ir_seen":12187,"hall_q_drop":0,"ir_q_drop":0,"ir_invalid":12710,"nsr_hall_drop":1,"nsr_ir_drop":0,"nsr_navi_drop":0,"nsr_native_drop":168,"event_drop":0,"pwm0_ir_motion":0,"confirmed":61,"missed":152,"pwm":90,"auto":1,"running":1,"estop":0,"lowvolt":0,"ir_stationary_pwm_warning":1,"pub_drop":0}
2026-09-30T15:00:27.008	ngr/loco/9950011/state/trace	{"consumption_drop":334,"action_drop":0,"command_queue_drop":0,"lossless":false}
2026-09-30T15:00:27.013	ngr/loco/9950011/state/nav	{"state":"NORMAL","mm":3,"target":2,"dir":-1,"session_dir":"CCW","position_reliable":1,"ir_distance_state":"HALL_IR_READY","reference_ready":1,"boot_reference":"PROVISIONAL_OR_SPATIAL","authority":"NAVI_EWO"}
2026-09-30T15:00:27.014	ngr/loco/9950011/telem/ir	{"ir_valid":1,"ir_mmps":0.000,"ir_coupled":0,"ir_speed_reason":"STOPPED","ir_applicable":1,"ir_reason":1,"ir_seq":12261,"ir_pulses":6736,"ir_gap":1,"ir_sat":0,"ir_abort":589,"authority":"NAVI_EWO"}
2026-09-30T15:00:27.014	ngr/loco/9950011/telem/speed	{"ir_valid":1,"ir_mmps":0.000,"ir_coupled":0,"ir_speed_reason":"STOPPED","ir_applicable":1,"ir_reason":1,"ir_seq":12261,"ir_pulses":6736,"ir_gap":1,"ir_sat":0,"ir_abort":589,"authority":"NAVI_EWO"}
2026-09-30T15:00:27.014	ngr/loco/9950011/diag/ir_link	{"radio_ready":1,"seen":24897,"source_mac":"38:18:2B:30:8C:2C","paired_mac":"38:18:2B:30:8C:2C","paired_for_display_only":1,"coupled":0,"invalid_wire":12710,"queue_drop":0}
2026-09-30T15:00:27.014	ngr/loco/9950011/state/throttle	90
2026-09-30T15:00:27.014	ngr/loco/9950011/state/direction	2
2026-09-30T15:00:27.015	ngr/loco/9950011/state/auto	1
2026-09-30T15:00:27.015	ngr/loco/9950011/state/estop	0
2026-09-30T15:00:27.016	ngr/loco/9950011/state/nav_ready	1
2026-09-30T15:00:28.006	ngr/loco/9950011/state/loopstat	{"build":"NAVI_EYES_WIDE_OPEN_INTEGRATED_R2","mm":3,"target":2,"dir":-1,"target_distance_mm":330,"target_polarity":-1,"position_reliable":1,"reference_ready":1,"reference":1898,"median5":0,"hall_support":0,"spatial_phase":2,"ir_applicable":1,"ir_distance_state":"HALL_IR_READY","ir_health_fault":6,"ir_readiness":3,"ir_boot":"761B38FCC6F727BE","ir_epoch":1,"ir_epoch_active":1,"ir_seq":12271,"ir_pulses":6736,"ir_reason":1,"ir_age_ms":36,"ir_span":31,"ir_gap":1,"ir_sat":0,"ir_abort":590,"ir_inferred_added":0,"ir_inferred_removed":0,"ir_calibration":0,"hall_seen":6169375,"ir_seen":12197,"hall_q_drop":0,"ir_q_drop":0,"ir_invalid":12721,"nsr_hall_drop":1,"nsr_ir_drop":0,"nsr_navi_drop":0,"nsr_native_drop":168,"event_drop":0,"pwm0_ir_motion":0,"confirmed":61,"missed":152,"pwm":90,"auto":1,"running":1,"estop":0,"lowvolt":0,"ir_stationary_pwm_warning":1,"pub_drop":0}
2026-09-30T15:00:28.011	ngr/loco/9950011/state/trace	{"consumption_drop":334,"action_drop":0,"command_queue_drop":0,"lossless":false}
2026-09-30T15:00:28.011	ngr/loco/9950011/state/nav	{"state":"NORMAL","mm":3,"target":2,"dir":-1,"session_dir":"CCW","position_reliable":1,"ir_distance_state":"HALL_IR_READY","reference_ready":1,"boot_reference":"PROVISIONAL_OR_SPATIAL","authority":"NAVI_EWO"}
2026-09-30T15:00:28.015	ngr/loco/9950011/telem/ir	{"ir_valid":1,"ir_mmps":0.000,"ir_coupled":0,"ir_speed_reason":"STOPPED","ir_applicable":1,"ir_reason":1,"ir_seq":12271,"ir_pulses":6736,"ir_gap":1,"ir_sat":0,"ir_abort":590,"authority":"NAVI_EWO"}
2026-09-30T15:00:28.015	ngr/loco/9950011/telem/speed	{"ir_valid":1,"ir_mmps":0.000,"ir_coupled":0,"ir_speed_reason":"STOPPED","ir_applicable":1,"ir_reason":1,"ir_seq":12271,"ir_pulses":6736,"ir_gap":1,"ir_sat":0,"ir_abort":590,"authority":"NAVI_EWO"}
2026-09-30T15:00:28.015	ngr/loco/9950011/diag/ir_link	{"radio_ready":1,"seen":24918,"source_mac":"38:18:2B:30:8C:2C","paired_mac":"38:18:2B:30:8C:2C","paired_for_display_only":1,"coupled":0,"invalid_wire":12721,"queue_drop":0}
2026-09-30T15:00:28.015	ngr/loco/9950011/state/throttle	90
2026-09-30T15:00:28.015	ngr/loco/9950011/state/direction	2
2026-09-30T15:00:28.016	ngr/loco/9950011/state/auto	1
2026-09-30T15:00:28.016	ngr/loco/9950011/state/estop	0
2026-09-30T15:00:28.032	ngr/loco/9950011/state/nav_ready	1
2026-09-30T15:00:28.853	ngr/loco/9950011/state/lowvolt	0
2026-09-30T15:00:28.899	ngr/loco/9950011/telem/voltage	16.36
2026-09-30T15:00:28.900	ngr/loco/9950011/telem/current	0.29
2026-09-30T15:00:28.900	ngr/loco/9950011/telem/power	3.97
2026-09-30T15:00:29.020	ngr/loco/9950011/state/loopstat	{"build":"NAVI_EYES_WIDE_OPEN_INTEGRATED_R2","mm":3,"target":2,"dir":-1,"target_distance_mm":330,"target_polarity":-1,"position_reliable":1,"reference_ready":1,"reference":1898,"median5":0,"hall_support":0,"spatial_phase":2,"ir_applicable":1,"ir_distance_state":"HALL_IR_READY","ir_health_fault":6,"ir_readiness":3,"ir_boot":"761B38FCC6F727BE","ir_epoch":1,"ir_epoch_active":1,"ir_seq":12281,"ir_pulses":6736,"ir_reason":1,"ir_age_ms":22,"ir_span":31,"ir_gap":1,"ir_sat":0,"ir_abort":590,"ir_inferred_added":0,"ir_inferred_removed":0,"ir_calibration":0,"hall_seen":6174380,"ir_seen":12207,"hall_q_drop":0,"ir_q_drop":0,"ir_invalid":12731,"nsr_hall_drop":1,"nsr_ir_drop":0,"nsr_navi_drop":0,"nsr_native_drop":168,"event_drop":0,"pwm0_ir_motion":0,"confirmed":61,"missed":152,"pwm":90,"auto":1,"running":1,"estop":0,"lowvolt":0,"ir_stationary_pwm_warning":1,"pub_drop":0}
2026-09-30T15:00:29.023	ngr/loco/9950011/state/trace	{"consumption_drop":334,"action_drop":0,"command_queue_drop":0,"lossless":false}
2026-09-30T15:00:29.023	ngr/loco/9950011/state/nav	{"state":"NORMAL","mm":3,"target":2,"dir":-1,"session_dir":"CCW","position_reliable":1,"ir_distance_state":"HALL_IR_READY","reference_ready":1,"boot_reference":"PROVISIONAL_OR_SPATIAL","authority":"NAVI_EWO"}
2026-09-30T15:00:29.023	ngr/loco/9950011/telem/ir	{"ir_valid":1,"ir_mmps":0.000,"ir_coupled":0,"ir_speed_reason":"STOPPED","ir_applicable":1,"ir_reason":1,"ir_seq":12281,"ir_pulses":6736,"ir_gap":1,"ir_sat":0,"ir_abort":590,"authority":"NAVI_EWO"}
2026-09-30T15:00:29.023	ngr/loco/9950011/telem/speed	{"ir_valid":1,"ir_mmps":0.000,"ir_coupled":0,"ir_speed_reason":"STOPPED","ir_applicable":1,"ir_reason":1,"ir_seq":12281,"ir_pulses":6736,"ir_gap":1,"ir_sat":0,"ir_abort":590,"authority":"NAVI_EWO"}
2026-09-30T15:00:29.024	ngr/loco/9950011/diag/ir_link	{"radio_ready":1,"seen":24938,"source_mac":"38:18:2B:30:8C:2C","paired_mac":"38:18:2B:30:8C:2C","paired_for_display_only":1,"coupled":0,"invalid_wire":12731,"queue_drop":0}
2026-09-30T15:00:29.024	ngr/loco/9950011/state/throttle	90
2026-09-30T15:00:29.024	ngr/loco/9950011/state/direction	2
2026-09-30T15:00:29.024	ngr/loco/9950011/state/auto	1
2026-09-30T15:00:29.025	ngr/loco/9950011/state/estop	0
2026-09-30T15:00:29.026	ngr/loco/9950011/state/nav_ready	1
2026-09-30T15:00:30.020	ngr/loco/9950011/state/loopstat	{"build":"NAVI_EYES_WIDE_OPEN_INTEGRATED_R2","mm":3,"target":2,"dir":-1,"target_distance_mm":330,"target_polarity":-1,"position_reliable":1,"reference_ready":1,"reference":1898,"median5":0,"hall_support":0,"spatial_phase":2,"ir_applicable":1,"ir_distance_state":"HALL_IR_READY","ir_health_fault":0,"ir_readiness":2,"ir_boot":"761B38FCC6F727BE","ir_epoch":1,"ir_epoch_active":1,"ir_seq":12291,"ir_pulses":6736,"ir_reason":5,"ir_age_ms":22,"ir_span":127,"ir_gap":1,"ir_sat":0,"ir_abort":590,"ir_inferred_added":0,"ir_inferred_removed":0,"ir_calibration":0,"hall_seen":6179376,"ir_seen":12217,"hall_q_drop":0,"ir_q_drop":0,"ir_invalid":12741,"nsr_hall_drop":1,"nsr_ir_drop":0,"nsr_navi_drop":0,"nsr_native_drop":168,"event_drop":0,"pwm0_ir_motion":0,"confirmed":61,"missed":152,"pwm":90,"auto":1,"running":1,"estop":0,"lowvolt":0,"ir_stationary_pwm_warning":1,"pub_drop":0}
2026-09-30T15:00:30.022	ngr/loco/9950011/state/trace	{"consumption_drop":334,"action_drop":0,"command_queue_drop":0,"lossless":false}
2026-09-30T15:00:30.022	ngr/loco/9950011/state/nav	{"state":"NORMAL","mm":3,"target":2,"dir":-1,"session_dir":"CCW","position_reliable":1,"ir_distance_state":"HALL_IR_READY","reference_ready":1,"boot_reference":"PROVISIONAL_OR_SPATIAL","authority":"NAVI_EWO"}
2026-09-30T15:00:30.023	ngr/loco/9950011/telem/ir	{"ir_valid":1,"ir_mmps":0.000,"ir_coupled":0,"ir_speed_reason":"STOPPED","ir_applicable":1,"ir_reason":5,"ir_seq":12291,"ir_pulses":6736,"ir_gap":1,"ir_sat":0,"ir_abort":590,"authority":"NAVI_EWO"}
2026-09-30T15:00:30.023	ngr/loco/9950011/telem/speed	{"ir_valid":1,"ir_mmps":0.000,"ir_coupled":0,"ir_speed_reason":"STOPPED","ir_applicable":1,"ir_reason":5,"ir_seq":12291,"ir_pulses":6736,"ir_gap":1,"ir_sat":0,"ir_abort":590,"authority":"NAVI_EWO"}
2026-09-30T15:00:30.023	ngr/loco/9950011/diag/ir_link	{"radio_ready":1,"seen":24958,"source_mac":"38:18:2B:30:8C:2C","paired_mac":"38:18:2B:30:8C:2C","paired_for_display_only":1,"coupled":0,"invalid_wire":12741,"queue_drop":0}
2026-09-30T15:00:30.023	ngr/loco/9950011/state/throttle	90
2026-09-30T15:00:30.023	ngr/loco/9950011/state/direction	2
2026-09-30T15:00:30.024	ngr/loco/9950011/state/auto	1
2026-09-30T15:00:30.025	ngr/loco/9950011/state/estop	0
2026-09-30T15:00:30.025	ngr/loco/9950011/state/nav_ready	1
2026-09-30T15:00:31.010	ngr/loco/9950011/state/loopstat	{"build":"NAVI_EYES_WIDE_OPEN_INTEGRATED_R2","mm":3,"target":2,"dir":-1,"target_distance_mm":330,"target_polarity":-1,"position_reliable":1,"reference_ready":1,"reference":1898,"median5":0,"hall_support":0,"spatial_phase":2,"ir_applicable":1,"ir_distance_state":"HALL_IR_READY","ir_health_fault":0,"ir_readiness":2,"ir_boot":"761B38FCC6F727BE","ir_epoch":1,"ir_epoch_active":1,"ir_seq":12301,"ir_pulses":6736,"ir_reason":5,"ir_age_ms":27,"ir_span":927,"ir_gap":1,"ir_sat":0,"ir_abort":590,"ir_inferred_added":0,"ir_inferred_removed":0,"ir_calibration":0,"hall_seen":6184385,"ir_seen":12227,"hall_q_drop":0,"ir_q_drop":0,"ir_invalid":12752,"nsr_hall_drop":1,"nsr_ir_drop":0,"nsr_navi_drop":0,"nsr_native_drop":168,"event_drop":0,"pwm0_ir_motion":0,"confirmed":61,"missed":152,"pwm":90,"auto":1,"running":1,"estop":0,"lowvolt":0,"ir_stationary_pwm_warning":1,"pub_drop":0}
2026-09-30T15:00:31.014	ngr/loco/9950011/state/trace	{"consumption_drop":334,"action_drop":0,"command_queue_drop":0,"lossless":false}
2026-09-30T15:00:31.014	ngr/loco/9950011/state/nav	{"state":"NORMAL","mm":3,"target":2,"dir":-1,"session_dir":"CCW","position_reliable":1,"ir_distance_state":"HALL_IR_READY","reference_ready":1,"boot_reference":"PROVISIONAL_OR_SPATIAL","authority":"NAVI_EWO"}
2026-09-30T15:00:31.014	ngr/loco/9950011/telem/ir	{"ir_valid":1,"ir_mmps":0.000,"ir_coupled":0,"ir_speed_reason":"STOPPED","ir_applicable":1,"ir_reason":5,"ir_seq":12301,"ir_pulses":6736,"ir_gap":1,"ir_sat":0,"ir_abort":590,"authority":"NAVI_EWO"}
2026-09-30T15:00:31.014	ngr/loco/9950011/telem/speed	{"ir_valid":1,"ir_mmps":0.000,"ir_coupled":0,"ir_speed_reason":"STOPPED","ir_applicable":1,"ir_reason":5,"ir_seq":12301,"ir_pulses":6736,"ir_gap":1,"ir_sat":0,"ir_abort":590,"authority":"NAVI_EWO"}
2026-09-30T15:00:31.016	ngr/loco/9950011/diag/ir_link	{"radio_ready":1,"seen":24979,"source_mac":"38:18:2B:30:8C:2C","paired_mac":"38:18:2B:30:8C:2C","paired_for_display_only":1,"coupled":0,"invalid_wire":12752,"queue_drop":0}
2026-09-30T15:00:31.016	ngr/loco/9950011/state/throttle	90
2026-09-30T15:00:31.016	ngr/loco/9950011/state/direction	2
2026-09-30T15:00:31.017	ngr/loco/9950011/state/auto	1
2026-09-30T15:00:31.017	ngr/loco/9950011/state/estop	0
2026-09-30T15:00:31.017	ngr/loco/9950011/state/nav_ready	1
2026-09-30T15:00:31.739	ngr/loco/9950011/state/connectivity	{"wifi":1,"ip":"192.168.68.72","rssi":-40,"mqtt":1,"mqtt_state":0,"broker":"192.168.68.142","ir_radio":1,"ir_seen":24993,"ir_coupled":0,"navi_sync":1,"udp_failures":183}
2026-09-30T15:00:32.017	ngr/loco/9950011/state/loopstat	{"build":"NAVI_EYES_WIDE_OPEN_INTEGRATED_R2","mm":3,"target":2,"dir":-1,"target_distance_mm":330,"target_polarity":-1,"position_reliable":1,"reference_ready":1,"reference":1898,"median5":0,"hall_support":0,"spatial_phase":2,"ir_applicable":1,"ir_distance_state":"HALL_IR_READY","ir_health_fault":6,"ir_readiness":3,"ir_boot":"761B38FCC6F727BE","ir_epoch":1,"ir_epoch_active":1,"ir_seq":12311,"ir_pulses":6736,"ir_reason":1,"ir_age_ms":28,"ir_span":31,"ir_gap":1,"ir_sat":0,"ir_abort":591,"ir_inferred_added":0,"ir_inferred_removed":0,"ir_calibration":0,"hall_seen":6189390,"ir_seen":12237,"hall_q_drop":0,"ir_q_drop":0,"ir_invalid":12762,"nsr_hall_drop":1,"nsr_ir_drop":0,"nsr_navi_drop":0,"nsr_native_drop":168,"event_drop":0,"pwm0_ir_motion":0,"confirmed":61,"missed":152,"pwm":90,"auto":1,"running":1,"estop":0,"lowvolt":0,"ir_stationary_pwm_warning":1,"pub_drop":0}
2026-09-30T15:00:32.019	ngr/loco/9950011/state/trace	{"consumption_drop":334,"action_drop":0,"command_queue_drop":0,"lossless":false}
2026-09-30T15:00:32.020	ngr/loco/9950011/state/nav	{"state":"NORMAL","mm":3,"target":2,"dir":-1,"session_dir":"CCW","position_reliable":1,"ir_distance_state":"HALL_IR_READY","reference_ready":1,"boot_reference":"PROVISIONAL_OR_SPATIAL","authority":"NAVI_EWO"}
2026-09-30T15:00:32.024	ngr/loco/9950011/telem/ir	{"ir_valid":1,"ir_mmps":0.000,"ir_coupled":0,"ir_speed_reason":"STOPPED","ir_applicable":1,"ir_reason":1,"ir_seq":12311,"ir_pulses":6736,"ir_gap":1,"ir_sat":0,"ir_abort":591,"authority":"NAVI_EWO"}
2026-09-30T15:00:32.025	ngr/loco/9950011/telem/speed	{"ir_valid":1,"ir_mmps":0.000,"ir_coupled":0,"ir_speed_reason":"STOPPED","ir_applicable":1,"ir_reason":1,"ir_seq":12311,"ir_pulses":6736,"ir_gap":1,"ir_sat":0,"ir_abort":591,"authority":"NAVI_EWO"}
2026-09-30T15:00:32.025	ngr/loco/9950011/diag/ir_link	{"radio_ready":1,"seen":24999,"source_mac":"38:18:2B:30:8C:2C","paired_mac":"38:18:2B:30:8C:2C","paired_for_display_only":1,"coupled":0,"invalid_wire":12762,"queue_drop":0}
2026-09-30T15:00:32.031	ngr/loco/9950011/state/throttle	90
2026-09-30T15:00:32.031	ngr/loco/9950011/state/direction	2
2026-09-30T15:00:32.031	ngr/loco/9950011/state/auto	1
2026-09-30T15:00:32.031	ngr/loco/9950011/state/estop	0
2026-09-30T15:00:32.032	ngr/loco/9950011/state/nav_ready	1
2026-09-30T15:00:33.018	ngr/loco/9950011/state/loopstat	{"build":"NAVI_EYES_WIDE_OPEN_INTEGRATED_R2","mm":3,"target":2,"dir":-1,"target_distance_mm":330,"target_polarity":-1,"position_reliable":1,"reference_ready":1,"reference":1898,"median5":0,"hall_support":0,"spatial_phase":2,"ir_applicable":1,"ir_distance_state":"HALL_IR_READY","ir_health_fault":0,"ir_readiness":2,"ir_boot":"761B38FCC6F727BE","ir_epoch":1,"ir_epoch_active":1,"ir_seq":12321,"ir_pulses":6736,"ir_reason":5,"ir_age_ms":28,"ir_span":479,"ir_gap":1,"ir_sat":0,"ir_abort":591,"ir_inferred_added":0,"ir_inferred_removed":0,"ir_calibration":0,"hall_seen":6194390,"ir_seen":12247,"hall_q_drop":0,"ir_q_drop":0,"ir_invalid":12773,"nsr_hall_drop":1,"nsr_ir_drop":0,"nsr_navi_drop":0,"nsr_native_drop":168,"event_drop":0,"pwm0_ir_motion":0,"confirmed":61,"missed":152,"pwm":90,"auto":1,"running":1,"estop":0,"lowvolt":0,"ir_stationary_pwm_warning":1,"pub_drop":0}
2026-09-30T15:00:33.020	ngr/loco/9950011/state/trace	{"consumption_drop":334,"action_drop":0,"command_queue_drop":0,"lossless":false}
2026-09-30T15:00:33.024	ngr/loco/9950011/state/nav	{"state":"NORMAL","mm":3,"target":2,"dir":-1,"session_dir":"CCW","position_reliable":1,"ir_distance_state":"HALL_IR_READY","reference_ready":1,"boot_reference":"PROVISIONAL_OR_SPATIAL","authority":"NAVI_EWO"}
2026-09-30T15:00:33.024	ngr/loco/9950011/telem/ir	{"ir_valid":1,"ir_mmps":0.000,"ir_coupled":0,"ir_speed_reason":"STOPPED","ir_applicable":1,"ir_reason":5,"ir_seq":12321,"ir_pulses":6736,"ir_gap":1,"ir_sat":0,"ir_abort":591,"authority":"NAVI_EWO"}
2026-09-30T15:00:33.025	ngr/loco/9950011/telem/speed	{"ir_valid":1,"ir_mmps":0.000,"ir_coupled":0,"ir_speed_reason":"STOPPED","ir_applicable":1,"ir_reason":5,"ir_seq":12321,"ir_pulses":6736,"ir_gap":1,"ir_sat":0,"ir_abort":591,"authority":"NAVI_EWO"}
2026-09-30T15:00:33.041	ngr/loco/9950011/diag/ir_link	{"radio_ready":1,"seen":25020,"source_mac":"38:18:2B:30:8C:2C","paired_mac":"38:18:2B:30:8C:2C","paired_for_display_only":1,"coupled":0,"invalid_wire":12773,"queue_drop":0}
2026-09-30T15:00:33.041	ngr/loco/9950011/state/throttle	90
2026-09-30T15:00:33.041	ngr/loco/9950011/state/direction	2
2026-09-30T15:00:33.041	ngr/loco/9950011/state/auto	1
2026-09-30T15:00:33.042	ngr/loco/9950011/state/estop	0
2026-09-30T15:00:33.043	ngr/loco/9950011/state/nav_ready	1
2026-09-30T15:00:33.845	ngr/loco/9950011/state/lowvolt	0
2026-09-30T15:00:33.858	ngr/loco/9950011/telem/voltage	16.38
2026-09-30T15:00:33.859	ngr/loco/9950011/telem/current	0.27
2026-09-30T15:00:33.859	ngr/loco/9950011/telem/power	4.51
2026-09-30T15:00:34.012	ngr/loco/9950011/state/loopstat	{"build":"NAVI_EYES_WIDE_OPEN_INTEGRATED_R2","mm":3,"target":2,"dir":-1,"target_distance_mm":330,"target_polarity":-1,"position_reliable":1,"reference_ready":1,"reference":1898,"median5":0,"hall_support":0,"spatial_phase":2,"ir_applicable":1,"ir_distance_state":"HALL_IR_READY","ir_health_fault":6,"ir_readiness":3,"ir_boot":"761B38FCC6F727BE","ir_epoch":1,"ir_epoch_active":1,"ir_seq":12331,"ir_pulses":6736,"ir_reason":1,"ir_age_ms":33,"ir_span":31,"ir_gap":1,"ir_sat":0,"ir_abort":592,"ir_inferred_added":0,"ir_inferred_removed":0,"ir_calibration":0,"hall_seen":6199395,"ir_seen":12257,"hall_q_drop":0,"ir_q_drop":0,"ir_invalid":12783,"nsr_hall_drop":1,"nsr_ir_drop":0,"nsr_navi_drop":0,"nsr_native_drop":168,"event_drop":0,"pwm0_ir_motion":0,"confirmed":61,"missed":152,"pwm":90,"auto":1,"running":1,"estop":0,"lowvolt":0,"ir_stationary_pwm_warning":1,"pub_drop":0}
2026-09-30T15:00:34.015	ngr/loco/9950011/state/trace	{"consumption_drop":334,"action_drop":0,"command_queue_drop":0,"lossless":false}
2026-09-30T15:00:34.015	ngr/loco/9950011/state/nav	{"state":"NORMAL","mm":3,"target":2,"dir":-1,"session_dir":"CCW","position_reliable":1,"ir_distance_state":"HALL_IR_READY","reference_ready":1,"boot_reference":"PROVISIONAL_OR_SPATIAL","authority":"NAVI_EWO"}
2026-09-30T15:00:34.015	ngr/loco/9950011/telem/ir	{"ir_valid":1,"ir_mmps":0.000,"ir_coupled":0,"ir_speed_reason":"STOPPED","ir_applicable":1,"ir_reason":1,"ir_seq":12331,"ir_pulses":6736,"ir_gap":1,"ir_sat":0,"ir_abort":592,"authority":"NAVI_EWO"}
2026-09-30T15:00:34.016	ngr/loco/9950011/telem/speed	{"ir_valid":1,"ir_mmps":0.000,"ir_coupled":0,"ir_speed_reason":"STOPPED","ir_applicable":1,"ir_reason":1,"ir_seq":12331,"ir_pulses":6736,"ir_gap":1,"ir_sat":0,"ir_abort":592,"authority":"NAVI_EWO"}
2026-09-30T15:00:34.018	ngr/loco/9950011/diag/ir_link	{"radio_ready":1,"seen":25040,"source_mac":"38:18:2B:30:8C:2C","paired_mac":"38:18:2B:30:8C:2C","paired_for_display_only":1,"coupled":0,"invalid_wire":12783,"queue_drop":0}
2026-09-30T15:00:34.018	ngr/loco/9950011/state/throttle	90
2026-09-30T15:00:34.018	ngr/loco/9950011/state/direction	2
2026-09-30T15:00:34.018	ngr/loco/9950011/state/auto	1
2026-09-30T15:00:34.018	ngr/loco/9950011/state/estop	0
2026-09-30T15:00:34.022	ngr/loco/9950011/state/nav_ready	1
2026-09-30T15:00:35.022	ngr/loco/9950011/state/loopstat	{"build":"NAVI_EYES_WIDE_OPEN_INTEGRATED_R2","mm":3,"target":2,"dir":-1,"target_distance_mm":330,"target_polarity":-1,"position_reliable":1,"reference_ready":1,"reference":1898,"median5":0,"hall_support":0,"spatial_phase":2,"ir_applicable":1,"ir_distance_state":"HALL_IR_READY","ir_health_fault":6,"ir_readiness":3,"ir_boot":"761B38FCC6F727BE","ir_epoch":1,"ir_epoch_active":1,"ir_seq":12341,"ir_pulses":6736,"ir_reason":1,"ir_age_ms":34,"ir_span":15,"ir_gap":1,"ir_sat":0,"ir_abort":592,"ir_inferred_added":0,"ir_inferred_removed":0,"ir_calibration":0,"hall_seen":6204395,"ir_seen":12267,"hall_q_drop":0,"ir_q_drop":0,"ir_invalid":12793,"nsr_hall_drop":1,"nsr_ir_drop":0,"nsr_navi_drop":0,"nsr_native_drop":168,"event_drop":0,"pwm0_ir_motion":0,"confirmed":61,"missed":152,"pwm":90,"auto":1,"running":1,"estop":0,"lowvolt":0,"ir_stationary_pwm_warning":1,"pub_drop":0}
2026-09-30T15:00:35.035	ngr/loco/9950011/state/trace	{"consumption_drop":334,"action_drop":0,"command_queue_drop":0,"lossless":false}
2026-09-30T15:00:35.035	ngr/loco/9950011/state/nav	{"state":"NORMAL","mm":3,"target":2,"dir":-1,"session_dir":"CCW","position_reliable":1,"ir_distance_state":"HALL_IR_READY","reference_ready":1,"boot_reference":"PROVISIONAL_OR_SPATIAL","authority":"NAVI_EWO"}
2026-09-30T15:00:35.035	ngr/loco/9950011/telem/ir	{"ir_valid":1,"ir_mmps":0.000,"ir_coupled":0,"ir_speed_reason":"STOPPED","ir_applicable":1,"ir_reason":1,"ir_seq":12341,"ir_pulses":6736,"ir_gap":1,"ir_sat":0,"ir_abort":592,"authority":"NAVI_EWO"}
2026-09-30T15:00:35.036	ngr/loco/9950011/telem/speed	{"ir_valid":1,"ir_mmps":0.000,"ir_coupled":0,"ir_speed_reason":"STOPPED","ir_applicable":1,"ir_reason":1,"ir_seq":12341,"ir_pulses":6736,"ir_gap":1,"ir_sat":0,"ir_abort":592,"authority":"NAVI_EWO"}
2026-09-30T15:00:35.036	ngr/loco/9950011/diag/ir_link	{"radio_ready":1,"seen":25060,"source_mac":"38:18:2B:30:8C:2C","paired_mac":"38:18:2B:30:8C:2C","paired_for_display_only":1,"coupled":0,"invalid_wire":12793,"queue_drop":0}
2026-09-30T15:00:35.036	ngr/loco/9950011/state/throttle	90
2026-09-30T15:00:35.036	ngr/loco/9950011/state/direction	2
2026-09-30T15:00:35.036	ngr/loco/9950011/state/auto	1
2026-09-30T15:00:35.038	ngr/loco/9950011/state/estop	0
2026-09-30T15:00:35.038	ngr/loco/9950011/state/nav_ready	1
2026-09-30T15:00:36.010	ngr/loco/9950011/state/loopstat	{"build":"NAVI_EYES_WIDE_OPEN_INTEGRATED_R2","mm":3,"target":2,"dir":-1,"target_distance_mm":330,"target_polarity":-1,"position_reliable":1,"reference_ready":1,"reference":1898,"median5":0,"hall_support":0,"spatial_phase":2,"ir_applicable":1,"ir_distance_state":"HALL_IR_READY","ir_health_fault":0,"ir_readiness":2,"ir_boot":"761B38FCC6F727BE","ir_epoch":1,"ir_epoch_active":1,"ir_seq":12351,"ir_pulses":6736,"ir_reason":5,"ir_age_ms":37,"ir_span":255,"ir_gap":1,"ir_sat":0,"ir_abort":592,"ir_inferred_added":0,"ir_inferred_removed":0,"ir_calibration":0,"hall_seen":6209392,"ir_seen":12276,"hall_q_drop":0,"ir_q_drop":0,"ir_invalid":12804,"nsr_hall_drop":1,"nsr_ir_drop":0,"nsr_navi_drop":0,"nsr_native_drop":168,"event_drop":0,"pwm0_ir_motion":0,"confirmed":61,"missed":152,"pwm":90,"auto":1,"running":1,"estop":0,"lowvolt":0,"ir_stationary_pwm_warning":1,"pub_drop":0}
2026-09-30T15:00:36.014	ngr/loco/9950011/state/trace	{"consumption_drop":334,"action_drop":0,"command_queue_drop":0,"lossless":false}
2026-09-30T15:00:36.015	ngr/loco/9950011/state/nav	{"state":"NORMAL","mm":3,"target":2,"dir":-1,"session_dir":"CCW","position_reliable":1,"ir_distance_state":"HALL_IR_READY","reference_ready":1,"boot_reference":"PROVISIONAL_OR_SPATIAL","authority":"NAVI_EWO"}
2026-09-30T15:00:36.015	ngr/loco/9950011/telem/ir	{"ir_valid":1,"ir_mmps":0.000,"ir_coupled":0,"ir_speed_reason":"STOPPED","ir_applicable":1,"ir_reason":5,"ir_seq":12351,"ir_pulses":6736,"ir_gap":1,"ir_sat":0,"ir_abort":592,"authority":"NAVI_EWO"}
2026-09-30T15:00:36.017	ngr/loco/9950011/telem/speed	{"ir_valid":1,"ir_mmps":0.000,"ir_coupled":0,"ir_speed_reason":"STOPPED","ir_applicable":1,"ir_reason":5,"ir_seq":12351,"ir_pulses":6736,"ir_gap":1,"ir_sat":0,"ir_abort":592,"authority":"NAVI_EWO"}
2026-09-30T15:00:36.017	ngr/loco/9950011/diag/ir_link	{"radio_ready":1,"seen":25080,"source_mac":"38:18:2B:30:8C:2C","paired_mac":"38:18:2B:30:8C:2C","paired_for_display_only":1,"coupled":0,"invalid_wire":12804,"queue_drop":0}
2026-09-30T15:00:36.018	ngr/loco/9950011/state/throttle	90
2026-09-30T15:00:36.018	ngr/loco/9950011/state/direction	2
2026-09-30T15:00:36.018	ngr/loco/9950011/state/auto	1
2026-09-30T15:00:36.018	ngr/loco/9950011/state/estop	0
2026-09-30T15:00:36.022	ngr/loco/9950011/state/nav_ready	1
2026-09-30T15:00:36.748	ngr/loco/9950011/state/connectivity	{"wifi":1,"ip":"192.168.68.72","rssi":-43,"mqtt":1,"mqtt_state":0,"broker":"192.168.68.142","ir_radio":1,"ir_seen":25095,"ir_coupled":0,"navi_sync":1,"udp_failures":183}
2026-09-30T15:00:37.018	ngr/loco/9950011/state/loopstat	{"build":"NAVI_EYES_WIDE_OPEN_INTEGRATED_R2","mm":3,"target":2,"dir":-1,"target_distance_mm":330,"target_polarity":-1,"position_reliable":1,"reference_ready":1,"reference":1898,"median5":0,"hall_support":0,"spatial_phase":2,"ir_applicable":1,"ir_distance_state":"HALL_IR_READY","ir_health_fault":6,"ir_readiness":3,"ir_boot":"761B38FCC6F727BE","ir_epoch":1,"ir_epoch_active":1,"ir_seq":12361,"ir_pulses":6736,"ir_reason":1,"ir_age_ms":38,"ir_span":31,"ir_gap":1,"ir_sat":0,"ir_abort":593,"ir_inferred_added":0,"ir_inferred_removed":0,"ir_calibration":0,"hall_seen":6214399,"ir_seen":12286,"hall_q_drop":0,"ir_q_drop":0,"ir_invalid":12814,"nsr_hall_drop":1,"nsr_ir_drop":0,"nsr_navi_drop":0,"nsr_native_drop":168,"event_drop":0,"pwm0_ir_motion":0,"confirmed":61,"missed":152,"pwm":90,"auto":1,"running":1,"estop":0,"lowvolt":0,"ir_stationary_pwm_warning":1,"pub_drop":0}
2026-09-30T15:00:37.026	ngr/loco/9950011/state/trace	{"consumption_drop":334,"action_drop":0,"command_queue_drop":0,"lossless":false}
2026-09-30T15:00:37.026	ngr/loco/9950011/state/nav	{"state":"NORMAL","mm":3,"target":2,"dir":-1,"session_dir":"CCW","position_reliable":1,"ir_distance_state":"HALL_IR_READY","reference_ready":1,"boot_reference":"PROVISIONAL_OR_SPATIAL","authority":"NAVI_EWO"}
2026-09-30T15:00:37.026	ngr/loco/9950011/telem/ir	{"ir_valid":1,"ir_mmps":0.000,"ir_coupled":0,"ir_speed_reason":"STOPPED","ir_applicable":1,"ir_reason":1,"ir_seq":12361,"ir_pulses":6736,"ir_gap":1,"ir_sat":0,"ir_abort":593,"authority":"NAVI_EWO"}
2026-09-30T15:00:37.026	ngr/loco/9950011/telem/speed	{"ir_valid":1,"ir_mmps":0.000,"ir_coupled":0,"ir_speed_reason":"STOPPED","ir_applicable":1,"ir_reason":1,"ir_seq":12361,"ir_pulses":6736,"ir_gap":1,"ir_sat":0,"ir_abort":593,"authority":"NAVI_EWO"}
2026-09-30T15:00:37.027	ngr/loco/9950011/diag/ir_link	{"radio_ready":1,"seen":25100,"source_mac":"38:18:2B:30:8C:2C","paired_mac":"38:18:2B:30:8C:2C","paired_for_display_only":1,"coupled":0,"invalid_wire":12814,"queue_drop":0}
2026-09-30T15:00:37.027	ngr/loco/9950011/state/throttle	90
2026-09-30T15:00:37.027	ngr/loco/9950011/state/direction	2
2026-09-30T15:00:37.027	ngr/loco/9950011/state/auto	1
2026-09-30T15:00:37.027	ngr/loco/9950011/state/estop	0
2026-09-30T15:00:37.033	ngr/loco/9950011/state/nav_ready	1
2026-09-30T15:00:38.012	ngr/loco/9950011/state/loopstat	{"build":"NAVI_EYES_WIDE_OPEN_INTEGRATED_R2","mm":3,"target":2,"dir":-1,"target_distance_mm":330,"target_polarity":-1,"position_reliable":1,"reference_ready":1,"reference":1898,"median5":0,"hall_support":0,"spatial_phase":2,"ir_applicable":1,"ir_distance_state":"HALL_IR_READY","ir_health_fault":6,"ir_readiness":3,"ir_boot":"761B38FCC6F727BE","ir_epoch":1,"ir_epoch_active":1,"ir_seq":12371,"ir_pulses":6736,"ir_reason":1,"ir_age_ms":38,"ir_span":31,"ir_gap":1,"ir_sat":0,"ir_abort":593,"ir_inferred_added":0,"ir_inferred_removed":0,"ir_calibration":0,"hall_seen":6219397,"ir_seen":12296,"hall_q_drop":0,"ir_q_drop":0,"ir_invalid":12825,"nsr_hall_drop":1,"nsr_ir_drop":0,"nsr_navi_drop":0,"nsr_native_drop":168,"event_drop":0,"pwm0_ir_motion":0,"confirmed":61,"missed":152,"pwm":90,"auto":1,"running":1,"estop":0,"lowvolt":0,"ir_stationary_pwm_warning":1,"pub_drop":0}
2026-09-30T15:00:38.015	ngr/loco/9950011/state/trace	{"consumption_drop":334,"action_drop":0,"command_queue_drop":0,"lossless":false}
2026-09-30T15:00:38.015	ngr/loco/9950011/state/nav	{"state":"NORMAL","mm":3,"target":2,"dir":-1,"session_dir":"CCW","position_reliable":1,"ir_distance_state":"HALL_IR_READY","reference_ready":1,"boot_reference":"PROVISIONAL_OR_SPATIAL","authority":"NAVI_EWO"}
2026-09-30T15:00:38.019	ngr/loco/9950011/telem/ir	{"ir_valid":1,"ir_mmps":0.000,"ir_coupled":0,"ir_speed_reason":"STOPPED","ir_applicable":1,"ir_reason":1,"ir_seq":12371,"ir_pulses":6736,"ir_gap":1,"ir_sat":0,"ir_abort":593,"authority":"NAVI_EWO"}
2026-09-30T15:00:38.019	ngr/loco/9950011/telem/speed	{"ir_valid":1,"ir_mmps":0.000,"ir_coupled":0,"ir_speed_reason":"STOPPED","ir_applicable":1,"ir_reason":1,"ir_seq":12371,"ir_pulses":6736,"ir_gap":1,"ir_sat":0,"ir_abort":593,"authority":"NAVI_EWO"}
2026-09-30T15:00:38.020	ngr/loco/9950011/diag/ir_link	{"radio_ready":1,"seen":25121,"source_mac":"38:18:2B:30:8C:2C","paired_mac":"38:18:2B:30:8C:2C","paired_for_display_only":1,"coupled":0,"invalid_wire":12825,"queue_drop":0}
2026-09-30T15:00:38.020	ngr/loco/9950011/state/throttle	90
2026-09-30T15:00:38.021	ngr/loco/9950011/state/direction	2
2026-09-30T15:00:38.021	ngr/loco/9950011/state/auto	1
2026-09-30T15:00:38.021	ngr/loco/9950011/state/estop	0
2026-09-30T15:00:38.022	ngr/loco/9950011/state/nav_ready	1
2026-09-30T15:00:38.846	ngr/loco/9950011/state/lowvolt	0
2026-09-30T15:00:38.851	ngr/loco/9950011/telem/voltage	16.38
2026-09-30T15:00:38.851	ngr/loco/9950011/telem/current	0.34
2026-09-30T15:00:38.851	ngr/loco/9950011/telem/power	5.22
2026-09-30T15:00:39.024	ngr/loco/9950011/state/loopstat	{"build":"NAVI_EYES_WIDE_OPEN_INTEGRATED_R2","mm":3,"target":2,"dir":-1,"target_distance_mm":330,"target_polarity":-1,"position_reliable":1,"reference_ready":1,"reference":1898,"median5":0,"hall_support":0,"spatial_phase":2,"ir_applicable":1,"ir_distance_state":"HALL_IR_READY","ir_health_fault":0,"ir_readiness":2,"ir_boot":"761B38FCC6F727BE","ir_epoch":1,"ir_epoch_active":1,"ir_seq":12381,"ir_pulses":6736,"ir_reason":5,"ir_age_ms":40,"ir_span":911,"ir_gap":1,"ir_sat":0,"ir_abort":593,"ir_inferred_added":0,"ir_inferred_removed":0,"ir_calibration":0,"hall_seen":6224400,"ir_seen":12306,"hall_q_drop":0,"ir_q_drop":0,"ir_invalid":12835,"nsr_hall_drop":1,"nsr_ir_drop":0,"nsr_navi_drop":0,"nsr_native_drop":168,"event_drop":0,"pwm0_ir_motion":0,"confirmed":61,"missed":152,"pwm":90,"auto":1,"running":1,"estop":0,"lowvolt":0,"ir_stationary_pwm_warning":1,"pub_drop":0}
2026-09-30T15:00:39.028	ngr/loco/9950011/state/trace	{"consumption_drop":334,"action_drop":0,"command_queue_drop":0,"lossless":false}
2026-09-30T15:00:39.029	ngr/loco/9950011/state/nav	{"state":"NORMAL","mm":3,"target":2,"dir":-1,"session_dir":"CCW","position_reliable":1,"ir_distance_state":"HALL_IR_READY","reference_ready":1,"boot_reference":"PROVISIONAL_OR_SPATIAL","authority":"NAVI_EWO"}
2026-09-30T15:00:39.029	ngr/loco/9950011/telem/ir	{"ir_valid":1,"ir_mmps":0.000,"ir_coupled":0,"ir_speed_reason":"STOPPED","ir_applicable":1,"ir_reason":5,"ir_seq":12381,"ir_pulses":6736,"ir_gap":1,"ir_sat":0,"ir_abort":593,"authority":"NAVI_EWO"}
2026-09-30T15:00:39.029	ngr/loco/9950011/telem/speed	{"ir_valid":1,"ir_mmps":0.000,"ir_coupled":0,"ir_speed_reason":"STOPPED","ir_applicable":1,"ir_reason":5,"ir_seq":12381,"ir_pulses":6736,"ir_gap":1,"ir_sat":0,"ir_abort":593,"authority":"NAVI_EWO"}
2026-09-30T15:00:39.029	ngr/loco/9950011/diag/ir_link	{"radio_ready":1,"seen":25141,"source_mac":"38:18:2B:30:8C:2C","paired_mac":"38:18:2B:30:8C:2C","paired_for_display_only":1,"coupled":0,"invalid_wire":12835,"queue_drop":0}
2026-09-30T15:00:39.029	ngr/loco/9950011/state/throttle	90
2026-09-30T15:00:39.030	ngr/loco/9950011/state/direction	2
2026-09-30T15:00:39.030	ngr/loco/9950011/state/auto	1
2026-09-30T15:00:39.030	ngr/loco/9950011/state/estop	0
2026-09-30T15:00:39.030	ngr/loco/9950011/state/nav_ready	1
2026-09-30T15:00:40.016	ngr/loco/9950011/state/loopstat	{"build":"NAVI_EYES_WIDE_OPEN_INTEGRATED_R2","mm":3,"target":2,"dir":-1,"target_distance_mm":330,"target_polarity":-1,"position_reliable":1,"reference_ready":1,"reference":1898,"median5":0,"hall_support":0,"spatial_phase":2,"ir_applicable":1,"ir_distance_state":"HALL_IR_READY","ir_health_fault":0,"ir_readiness":2,"ir_boot":"761B38FCC6F727BE","ir_epoch":1,"ir_epoch_active":1,"ir_seq":12391,"ir_pulses":6736,"ir_reason":5,"ir_age_ms":21,"ir_span":1359,"ir_gap":1,"ir_sat":0,"ir_abort":593,"ir_inferred_added":0,"ir_inferred_removed":0,"ir_calibration":0,"hall_seen":6229400,"ir_seen":12316,"hall_q_drop":0,"ir_q_drop":0,"ir_invalid":12846,"nsr_hall_drop":1,"nsr_ir_drop":0,"nsr_navi_drop":0,"nsr_native_drop":168,"event_drop":0,"pwm0_ir_motion":0,"confirmed":61,"missed":152,"pwm":90,"auto":1,"running":1,"estop":0,"lowvolt":0,"ir_stationary_pwm_warning":1,"pub_drop":0}
2026-09-30T15:00:40.018	ngr/loco/9950011/state/trace	{"consumption_drop":334,"action_drop":0,"command_queue_drop":0,"lossless":false}
2026-09-30T15:00:40.020	ngr/loco/9950011/state/nav	{"state":"NORMAL","mm":3,"target":2,"dir":-1,"session_dir":"CCW","position_reliable":1,"ir_distance_state":"HALL_IR_READY","reference_ready":1,"boot_reference":"PROVISIONAL_OR_SPATIAL","authority":"NAVI_EWO"}
2026-09-30T15:00:40.021	ngr/loco/9950011/telem/ir	{"ir_valid":1,"ir_mmps":0.000,"ir_coupled":0,"ir_speed_reason":"STOPPED","ir_applicable":1,"ir_reason":5,"ir_seq":12391,"ir_pulses":6736,"ir_gap":1,"ir_sat":0,"ir_abort":593,"authority":"NAVI_EWO"}
2026-09-30T15:00:40.021	ngr/loco/9950011/telem/speed	{"ir_valid":1,"ir_mmps":0.000,"ir_coupled":0,"ir_speed_reason":"STOPPED","ir_applicable":1,"ir_reason":5,"ir_seq":12391,"ir_pulses":6736,"ir_gap":1,"ir_sat":0,"ir_abort":593,"authority":"NAVI_EWO"}
2026-09-30T15:00:40.023	ngr/loco/9950011/diag/ir_link	{"radio_ready":1,"seen":25162,"source_mac":"38:18:2B:30:8C:2C","paired_mac":"38:18:2B:30:8C:2C","paired_for_display_only":1,"coupled":0,"invalid_wire":12846,"queue_drop":0}
2026-09-30T15:00:40.023	ngr/loco/9950011/state/throttle	90
2026-09-30T15:00:40.023	ngr/loco/9950011/state/direction	2
2026-09-30T15:00:40.025	ngr/loco/9950011/state/auto	1
2026-09-30T15:00:40.025	ngr/loco/9950011/state/estop	0
2026-09-30T15:00:40.025	ngr/loco/9950011/state/nav_ready	1
2026-09-30T15:00:41.013	ngr/loco/9950011/state/loopstat	{"build":"NAVI_EYES_WIDE_OPEN_INTEGRATED_R2","mm":3,"target":2,"dir":-1,"target_distance_mm":330,"target_polarity":-1,"position_reliable":1,"reference_ready":1,"reference":1898,"median5":0,"hall_support":0,"spatial_phase":2,"ir_applicable":1,"ir_distance_state":"HALL_IR_READY","ir_health_fault":6,"ir_readiness":3,"ir_boot":"761B38FCC6F727BE","ir_epoch":1,"ir_epoch_active":1,"ir_seq":12401,"ir_pulses":6736,"ir_reason":1,"ir_age_ms":24,"ir_span":31,"ir_gap":1,"ir_sat":0,"ir_abort":594,"ir_inferred_added":0,"ir_inferred_removed":0,"ir_calibration":0,"hall_seen":6234396,"ir_seen":12325,"hall_q_drop":0,"ir_q_drop":0,"ir_invalid":12856,"nsr_hall_drop":1,"nsr_ir_drop":0,"nsr_navi_drop":0,"nsr_native_drop":168,"event_drop":0,"pwm0_ir_motion":0,"confirmed":61,"missed":152,"pwm":90,"auto":1,"running":1,"estop":0,"lowvolt":0,"ir_stationary_pwm_warning":1,"pub_drop":0}
2026-09-30T15:00:41.015	ngr/loco/9950011/state/trace	{"consumption_drop":334,"action_drop":0,"command_queue_drop":0,"lossless":false}
2026-09-30T15:00:41.015	ngr/loco/9950011/state/nav	{"state":"NORMAL","mm":3,"target":2,"dir":-1,"session_dir":"CCW","position_reliable":1,"ir_distance_state":"HALL_IR_READY","reference_ready":1,"boot_reference":"PROVISIONAL_OR_SPATIAL","authority":"NAVI_EWO"}
2026-09-30T15:00:41.017	ngr/loco/9950011/telem/ir	{"ir_valid":1,"ir_mmps":0.000,"ir_coupled":0,"ir_speed_reason":"STOPPED","ir_applicable":1,"ir_reason":1,"ir_seq":12401,"ir_pulses":6736,"ir_gap":1,"ir_sat":0,"ir_abort":594,"authority":"NAVI_EWO"}
2026-09-30T15:00:41.018	ngr/loco/9950011/telem/speed	{"ir_valid":1,"ir_mmps":0.000,"ir_coupled":0,"ir_speed_reason":"STOPPED","ir_applicable":1,"ir_reason":1,"ir_seq":12401,"ir_pulses":6736,"ir_gap":1,"ir_sat":0,"ir_abort":594,"authority":"NAVI_EWO"}
2026-09-30T15:00:41.018	ngr/loco/9950011/diag/ir_link	{"radio_ready":1,"seen":25181,"source_mac":"38:18:2B:30:8C:2C","paired_mac":"38:18:2B:30:8C:2C","paired_for_display_only":1,"coupled":0,"invalid_wire":12856,"queue_drop":0}
2026-09-30T15:00:41.020	ngr/loco/9950011/state/throttle	90
2026-09-30T15:00:41.020	ngr/loco/9950011/state/direction	2
2026-09-30T15:00:41.020	ngr/loco/9950011/state/auto	1
2026-09-30T15:00:41.026	ngr/loco/9950011/state/estop	0
2026-09-30T15:00:41.027	ngr/loco/9950011/state/nav_ready	1
2026-09-30T15:00:41.752	ngr/loco/9950011/state/connectivity	{"wifi":1,"ip":"192.168.68.72","rssi":-46,"mqtt":1,"mqtt_state":0,"broker":"192.168.68.142","ir_radio":1,"ir_seen":25196,"ir_coupled":0,"navi_sync":1,"udp_failures":183}
2026-09-30T15:00:42.016	ngr/loco/9950011/state/loopstat	{"build":"NAVI_EYES_WIDE_OPEN_INTEGRATED_R2","mm":3,"target":2,"dir":-1,"target_distance_mm":330,"target_polarity":-1,"position_reliable":1,"reference_ready":1,"reference":1898,"median5":0,"hall_support":0,"spatial_phase":2,"ir_applicable":1,"ir_distance_state":"HALL_IR_READY","ir_health_fault":6,"ir_readiness":3,"ir_boot":"761B38FCC6F727BE","ir_epoch":1,"ir_epoch_active":1,"ir_seq":12411,"ir_pulses":6736,"ir_reason":1,"ir_age_ms":25,"ir_span":175,"ir_gap":1,"ir_sat":0,"ir_abort":594,"ir_inferred_added":0,"ir_inferred_removed":0,"ir_calibration":0,"hall_seen":6239399,"ir_seen":12335,"hall_q_drop":0,"ir_q_drop":0,"ir_invalid":12866,"nsr_hall_drop":1,"nsr_ir_drop":0,"nsr_navi_drop":0,"nsr_native_drop":168,"event_drop":0,"pwm0_ir_motion":0,"confirmed":61,"missed":152,"pwm":90,"auto":1,"running":1,"estop":0,"lowvolt":0,"ir_stationary_pwm_warning":1,"pub_drop":0}
2026-09-30T15:00:42.019	ngr/loco/9950011/state/trace	{"consumption_drop":334,"action_drop":0,"command_queue_drop":0,"lossless":false}
2026-09-30T15:00:42.019	ngr/loco/9950011/state/nav	{"state":"NORMAL","mm":3,"target":2,"dir":-1,"session_dir":"CCW","position_reliable":1,"ir_distance_state":"HALL_IR_READY","reference_ready":1,"boot_reference":"PROVISIONAL_OR_SPATIAL","authority":"NAVI_EWO"}
2026-09-30T15:00:42.019	ngr/loco/9950011/telem/ir	{"ir_valid":1,"ir_mmps":0.000,"ir_coupled":0,"ir_speed_reason":"STOPPED","ir_applicable":1,"ir_reason":1,"ir_seq":12411,"ir_pulses":6736,"ir_gap":1,"ir_sat":0,"ir_abort":594,"authority":"NAVI_EWO"}
2026-09-30T15:00:42.019	ngr/loco/9950011/telem/speed	{"ir_valid":1,"ir_mmps":0.000,"ir_coupled":0,"ir_speed_reason":"STOPPED","ir_applicable":1,"ir_reason":1,"ir_seq":12411,"ir_pulses":6736,"ir_gap":1,"ir_sat":0,"ir_abort":594,"authority":"NAVI_EWO"}
2026-09-30T15:00:42.019	ngr/loco/9950011/diag/ir_link	{"radio_ready":1,"seen":25201,"source_mac":"38:18:2B:30:8C:2C","paired_mac":"38:18:2B:30:8C:2C","paired_for_display_only":1,"coupled":0,"invalid_wire":12866,"queue_drop":0}
2026-09-30T15:00:42.028	ngr/loco/9950011/state/throttle	90
2026-09-30T15:00:42.028	ngr/loco/9950011/state/direction	2
2026-09-30T15:00:42.028	ngr/loco/9950011/state/auto	1
2026-09-30T15:00:42.033	ngr/loco/9950011/state/estop	0
2026-09-30T15:00:42.033	ngr/loco/9950011/state/nav_ready	1
2026-09-30T15:00:43.021	ngr/loco/9950011/state/loopstat	{"build":"NAVI_EYES_WIDE_OPEN_INTEGRATED_R2","mm":3,"target":2,"dir":-1,"target_distance_mm":330,"target_polarity":-1,"position_reliable":1,"reference_ready":1,"reference":1898,"median5":0,"hall_support":0,"spatial_phase":2,"ir_applicable":1,"ir_distance_state":"HALL_IR_READY","ir_health_fault":0,"ir_readiness":2,"ir_boot":"761B38FCC6F727BE","ir_epoch":1,"ir_epoch_active":1,"ir_seq":12421,"ir_pulses":6736,"ir_reason":5,"ir_age_ms":30,"ir_span":463,"ir_gap":1,"ir_sat":0,"ir_abort":594,"ir_inferred_added":0,"ir_inferred_removed":0,"ir_calibration":0,"hall_seen":6244399,"ir_seen":12345,"hall_q_drop":0,"ir_q_drop":0,"ir_invalid":12877,"nsr_hall_drop":1,"nsr_ir_drop":0,"nsr_navi_drop":0,"nsr_native_drop":168,"event_drop":0,"pwm0_ir_motion":0,"confirmed":61,"missed":152,"pwm":90,"auto":1,"running":1,"estop":0,"lowvolt":0,"ir_stationary_pwm_warning":1,"pub_drop":0}
2026-09-30T15:00:43.024	ngr/loco/9950011/state/trace	{"consumption_drop":334,"action_drop":0,"command_queue_drop":0,"lossless":false}
2026-09-30T15:00:43.025	ngr/loco/9950011/state/nav	{"state":"NORMAL","mm":3,"target":2,"dir":-1,"session_dir":"CCW","position_reliable":1,"ir_distance_state":"HALL_IR_READY","reference_ready":1,"boot_reference":"PROVISIONAL_OR_SPATIAL","authority":"NAVI_EWO"}
2026-09-30T15:00:43.025	ngr/loco/9950011/telem/ir	{"ir_valid":1,"ir_mmps":0.000,"ir_coupled":0,"ir_speed_reason":"STOPPED","ir_applicable":1,"ir_reason":5,"ir_seq":12421,"ir_pulses":6736,"ir_gap":1,"ir_sat":0,"ir_abort":594,"authority":"NAVI_EWO"}
2026-09-30T15:00:43.025	ngr/loco/9950011/telem/speed	{"ir_valid":1,"ir_mmps":0.000,"ir_coupled":0,"ir_speed_reason":"STOPPED","ir_applicable":1,"ir_reason":5,"ir_seq":12421,"ir_pulses":6736,"ir_gap":1,"ir_sat":0,"ir_abort":594,"authority":"NAVI_EWO"}
2026-09-30T15:00:43.025	ngr/loco/9950011/diag/ir_link	{"radio_ready":1,"seen":25222,"source_mac":"38:18:2B:30:8C:2C","paired_mac":"38:18:2B:30:8C:2C","paired_for_display_only":1,"coupled":0,"invalid_wire":12877,"queue_drop":0}
2026-09-30T15:00:43.025	ngr/loco/9950011/state/throttle	90
2026-09-30T15:00:43.026	ngr/loco/9950011/state/direction	2
2026-09-30T15:00:43.026	ngr/loco/9950011/state/auto	1
2026-09-30T15:00:43.026	ngr/loco/9950011/state/estop	0
2026-09-30T15:00:43.026	ngr/loco/9950011/state/nav_ready	1
2026-09-30T15:00:43.843	ngr/loco/9950011/state/lowvolt	0
2026-09-30T15:00:43.887	ngr/loco/9950011/telem/voltage	16.35
2026-09-30T15:00:43.887	ngr/loco/9950011/telem/current	0.38
2026-09-30T15:00:43.888	ngr/loco/9950011/telem/power	5.95
2026-09-30T15:00:44.011	ngr/loco/9950011/state/loopstat	{"build":"NAVI_EYES_WIDE_OPEN_INTEGRATED_R2","mm":3,"target":2,"dir":-1,"target_distance_mm":330,"target_polarity":-1,"position_reliable":1,"reference_ready":1,"reference":1898,"median5":0,"hall_support":0,"spatial_phase":2,"ir_applicable":1,"ir_distance_state":"HALL_IR_READY","ir_health_fault":6,"ir_readiness":3,"ir_boot":"761B38FCC6F727BE","ir_epoch":1,"ir_epoch_active":1,"ir_seq":12431,"ir_pulses":6736,"ir_reason":1,"ir_age_ms":29,"ir_span":63,"ir_gap":1,"ir_sat":0,"ir_abort":595,"ir_inferred_added":0,"ir_inferred_removed":0,"ir_calibration":0,"hall_seen":6249395,"ir_seen":12355,"hall_q_drop":0,"ir_q_drop":0,"ir_invalid":12887,"nsr_hall_drop":1,"nsr_ir_drop":0,"nsr_navi_drop":0,"nsr_native_drop":168,"event_drop":0,"pwm0_ir_motion":0,"confirmed":61,"missed":152,"pwm":90,"auto":1,"running":1,"estop":0,"lowvolt":0,"ir_stationary_pwm_warning":1,"pub_drop":0}
2026-09-30T15:00:44.013	ngr/loco/9950011/state/trace	{"consumption_drop":334,"action_drop":0,"command_queue_drop":0,"lossless":false}
2026-09-30T15:00:44.014	ngr/loco/9950011/state/nav	{"state":"NORMAL","mm":3,"target":2,"dir":-1,"session_dir":"CCW","position_reliable":1,"ir_distance_state":"HALL_IR_READY","reference_ready":1,"boot_reference":"PROVISIONAL_OR_SPATIAL","authority":"NAVI_EWO"}
2026-09-30T15:00:44.014	ngr/loco/9950011/telem/ir	{"ir_valid":1,"ir_mmps":0.000,"ir_coupled":0,"ir_speed_reason":"STOPPED","ir_applicable":1,"ir_reason":1,"ir_seq":12431,"ir_pulses":6736,"ir_gap":1,"ir_sat":0,"ir_abort":595,"authority":"NAVI_EWO"}
2026-09-30T15:00:44.020	ngr/loco/9950011/telem/speed	{"ir_valid":1,"ir_mmps":0.000,"ir_coupled":0,"ir_speed_reason":"STOPPED","ir_applicable":1,"ir_reason":1,"ir_seq":12431,"ir_pulses":6736,"ir_gap":1,"ir_sat":0,"ir_abort":595,"authority":"NAVI_EWO"}
2026-09-30T15:00:44.020	ngr/loco/9950011/diag/ir_link	{"radio_ready":1,"seen":25242,"source_mac":"38:18:2B:30:8C:2C","paired_mac":"38:18:2B:30:8C:2C","paired_for_display_only":1,"coupled":0,"invalid_wire":12887,"queue_drop":0}
2026-09-30T15:00:44.020	ngr/loco/9950011/state/throttle	90
2026-09-30T15:00:44.024	ngr/loco/9950011/state/direction	2
2026-09-30T15:00:44.025	ngr/loco/9950011/state/auto	1
2026-09-30T15:00:44.025	ngr/loco/9950011/state/estop	0
2026-09-30T15:00:44.026	ngr/loco/9950011/state/nav_ready	1
2026-09-30T15:00:45.012	ngr/loco/9950011/state/loopstat	{"build":"NAVI_EYES_WIDE_OPEN_INTEGRATED_R2","mm":3,"target":2,"dir":-1,"target_distance_mm":330,"target_polarity":-1,"position_reliable":1,"reference_ready":1,"reference":1898,"median5":0,"hall_support":0,"spatial_phase":2,"ir_applicable":1,"ir_distance_state":"HALL_IR_READY","ir_health_fault":6,"ir_readiness":3,"ir_boot":"761B38FCC6F727BE","ir_epoch":1,"ir_epoch_active":1,"ir_seq":12441,"ir_pulses":6736,"ir_reason":1,"ir_age_ms":26,"ir_span":47,"ir_gap":1,"ir_sat":0,"ir_abort":595,"ir_inferred_added":0,"ir_inferred_removed":0,"ir_calibration":0,"hall_seen":6254395,"ir_seen":12365,"hall_q_drop":0,"ir_q_drop":0,"ir_invalid":12898,"nsr_hall_drop":1,"nsr_ir_drop":0,"nsr_navi_drop":0,"nsr_native_drop":168,"event_drop":0,"pwm0_ir_motion":0,"confirmed":61,"missed":152,"pwm":90,"auto":1,"running":1,"estop":0,"lowvolt":0,"ir_stationary_pwm_warning":1,"pub_drop":0}
2026-09-30T15:00:45.014	ngr/loco/9950011/state/trace	{"consumption_drop":334,"action_drop":0,"command_queue_drop":0,"lossless":false}
2026-09-30T15:00:45.016	ngr/loco/9950011/state/nav	{"state":"NORMAL","mm":3,"target":2,"dir":-1,"session_dir":"CCW","position_reliable":1,"ir_distance_state":"HALL_IR_READY","reference_ready":1,"boot_reference":"PROVISIONAL_OR_SPATIAL","authority":"NAVI_EWO"}
2026-09-30T15:00:45.017	ngr/loco/9950011/telem/ir	{"ir_valid":1,"ir_mmps":0.000,"ir_coupled":0,"ir_speed_reason":"STOPPED","ir_applicable":1,"ir_reason":1,"ir_seq":12441,"ir_pulses":6736,"ir_gap":1,"ir_sat":0,"ir_abort":595,"authority":"NAVI_EWO"}
2026-09-30T15:00:45.019	ngr/loco/9950011/telem/speed	{"ir_valid":1,"ir_mmps":0.000,"ir_coupled":0,"ir_speed_reason":"STOPPED","ir_applicable":1,"ir_reason":1,"ir_seq":12441,"ir_pulses":6736,"ir_gap":1,"ir_sat":0,"ir_abort":595,"authority":"NAVI_EWO"}
2026-09-30T15:00:45.019	ngr/loco/9950011/diag/ir_link	{"radio_ready":1,"seen":25263,"source_mac":"38:18:2B:30:8C:2C","paired_mac":"38:18:2B:30:8C:2C","paired_for_display_only":1,"coupled":0,"invalid_wire":12898,"queue_drop":0}
2026-09-30T15:00:45.019	ngr/loco/9950011/state/throttle	90
2026-09-30T15:00:45.021	ngr/loco/9950011/state/direction	2
2026-09-30T15:00:45.021	ngr/loco/9950011/state/auto	1
2026-09-30T15:00:45.023	ngr/loco/9950011/state/estop	0
2026-09-30T15:00:45.023	ngr/loco/9950011/state/nav_ready	1
2026-09-30T15:00:46.023	ngr/loco/9950011/state/loopstat	{"build":"NAVI_EYES_WIDE_OPEN_INTEGRATED_R2","mm":3,"target":2,"dir":-1,"target_distance_mm":330,"target_polarity":-1,"position_reliable":1,"reference_ready":1,"reference":1898,"median5":0,"hall_support":0,"spatial_phase":2,"ir_applicable":1,"ir_distance_state":"HALL_IR_READY","ir_health_fault":6,"ir_readiness":3,"ir_boot":"761B38FCC6F727BE","ir_epoch":1,"ir_epoch_active":1,"ir_seq":12451,"ir_pulses":6736,"ir_reason":1,"ir_age_ms":34,"ir_span":63,"ir_gap":1,"ir_sat":0,"ir_abort":595,"ir_inferred_added":0,"ir_inferred_removed":0,"ir_calibration":0,"hall_seen":6259400,"ir_seen":12375,"hall_q_drop":0,"ir_q_drop":0,"ir_invalid":12908,"nsr_hall_drop":1,"nsr_ir_drop":0,"nsr_navi_drop":0,"nsr_native_drop":168,"event_drop":0,"pwm0_ir_motion":0,"confirmed":61,"missed":152,"pwm":90,"auto":1,"running":1,"estop":0,"lowvolt":0,"ir_stationary_pwm_warning":1,"pub_drop":0}
2026-09-30T15:00:46.026	ngr/loco/9950011/state/trace	{"consumption_drop":334,"action_drop":0,"command_queue_drop":0,"lossless":false}
2026-09-30T15:00:46.026	ngr/loco/9950011/state/nav	{"state":"NORMAL","mm":3,"target":2,"dir":-1,"session_dir":"CCW","position_reliable":1,"ir_distance_state":"HALL_IR_READY","reference_ready":1,"boot_reference":"PROVISIONAL_OR_SPATIAL","authority":"NAVI_EWO"}
2026-09-30T15:00:46.027	ngr/loco/9950011/telem/ir	{"ir_valid":1,"ir_mmps":0.000,"ir_coupled":0,"ir_speed_reason":"STOPPED","ir_applicable":1,"ir_reason":1,"ir_seq":12451,"ir_pulses":6736,"ir_gap":1,"ir_sat":0,"ir_abort":595,"authority":"NAVI_EWO"}
2026-09-30T15:00:46.027	ngr/loco/9950011/telem/speed	{"ir_valid":1,"ir_mmps":0.000,"ir_coupled":0,"ir_speed_reason":"STOPPED","ir_applicable":1,"ir_reason":1,"ir_seq":12451,"ir_pulses":6736,"ir_gap":1,"ir_sat":0,"ir_abort":595,"authority":"NAVI_EWO"}
2026-09-30T15:00:46.027	ngr/loco/9950011/diag/ir_link	{"radio_ready":1,"seen":25283,"source_mac":"38:18:2B:30:8C:2C","paired_mac":"38:18:2B:30:8C:2C","paired_for_display_only":1,"coupled":0,"invalid_wire":12908,"queue_drop":0}
2026-09-30T15:00:46.028	ngr/loco/9950011/state/throttle	90
2026-09-30T15:00:46.028	ngr/loco/9950011/state/direction	2
2026-09-30T15:00:46.029	ngr/loco/9950011/state/auto	1
2026-09-30T15:00:46.029	ngr/loco/9950011/state/estop	0
2026-09-30T15:00:46.029	ngr/loco/9950011/state/nav_ready	1
2026-09-30T15:00:46.758	ngr/loco/9950011/state/connectivity	{"wifi":1,"ip":"192.168.68.72","rssi":-46,"mqtt":1,"mqtt_state":0,"broker":"192.168.68.142","ir_radio":1,"ir_seen":25298,"ir_coupled":0,"navi_sync":1,"udp_failures":183}
2026-09-30T15:00:47.016	ngr/loco/9950011/state/loopstat	{"build":"NAVI_EYES_WIDE_OPEN_INTEGRATED_R2","mm":3,"target":2,"dir":-1,"target_distance_mm":330,"target_polarity":-1,"position_reliable":1,"reference_ready":1,"reference":1898,"median5":0,"hall_support":0,"spatial_phase":2,"ir_applicable":1,"ir_distance_state":"HALL_IR_READY","ir_health_fault":0,"ir_readiness":2,"ir_boot":"761B38FCC6F727BE","ir_epoch":1,"ir_epoch_active":1,"ir_seq":12461,"ir_pulses":6736,"ir_reason":5,"ir_age_ms":33,"ir_span":271,"ir_gap":1,"ir_sat":0,"ir_abort":595,"ir_inferred_added":0,"ir_inferred_removed":0,"ir_calibration":0,"hall_seen":6264398,"ir_seen":12385,"hall_q_drop":0,"ir_q_drop":0,"ir_invalid":12918,"nsr_hall_drop":1,"nsr_ir_drop":0,"nsr_navi_drop":0,"nsr_native_drop":168,"event_drop":0,"pwm0_ir_motion":0,"confirmed":61,"missed":152,"pwm":90,"auto":1,"running":1,"estop":0,"lowvolt":0,"ir_stationary_pwm_warning":1,"pub_drop":0}
2026-09-30T15:00:47.025	ngr/loco/9950011/state/trace	{"consumption_drop":334,"action_drop":0,"command_queue_drop":0,"lossless":false}
2026-09-30T15:00:47.025	ngr/loco/9950011/state/nav	{"state":"NORMAL","mm":3,"target":2,"dir":-1,"session_dir":"CCW","position_reliable":1,"ir_distance_state":"HALL_IR_READY","reference_ready":1,"boot_reference":"PROVISIONAL_OR_SPATIAL","authority":"NAVI_EWO"}
2026-09-30T15:00:47.025	ngr/loco/9950011/telem/ir	{"ir_valid":1,"ir_mmps":0.000,"ir_coupled":0,"ir_speed_reason":"STOPPED","ir_applicable":1,"ir_reason":5,"ir_seq":12461,"ir_pulses":6736,"ir_gap":1,"ir_sat":0,"ir_abort":595,"authority":"NAVI_EWO"}
2026-09-30T15:00:47.026	ngr/loco/9950011/telem/speed	{"ir_valid":1,"ir_mmps":0.000,"ir_coupled":0,"ir_speed_reason":"STOPPED","ir_applicable":1,"ir_reason":5,"ir_seq":12461,"ir_pulses":6736,"ir_gap":1,"ir_sat":0,"ir_abort":595,"authority":"NAVI_EWO"}
2026-09-30T15:00:47.026	ngr/loco/9950011/diag/ir_link	{"radio_ready":1,"seen":25303,"source_mac":"38:18:2B:30:8C:2C","paired_mac":"38:18:2B:30:8C:2C","paired_for_display_only":1,"coupled":0,"invalid_wire":12918,"queue_drop":0}
2026-09-30T15:00:47.034	ngr/loco/9950011/state/throttle	90
2026-09-30T15:00:47.034	ngr/loco/9950011/state/direction	2
2026-09-30T15:00:47.034	ngr/loco/9950011/state/auto	1
2026-09-30T15:00:47.035	ngr/loco/9950011/state/estop	0
2026-09-30T15:00:47.035	ngr/loco/9950011/state/nav_ready	1
2026-09-30T15:00:48.012	ngr/loco/9950011/state/loopstat	{"build":"NAVI_EYES_WIDE_OPEN_INTEGRATED_R2","mm":3,"target":2,"dir":-1,"target_distance_mm":330,"target_polarity":-1,"position_reliable":1,"reference_ready":1,"reference":1898,"median5":0,"hall_support":0,"spatial_phase":2,"ir_applicable":1,"ir_distance_state":"HALL_IR_READY","ir_health_fault":6,"ir_readiness":3,"ir_boot":"761B38FCC6F727BE","ir_epoch":1,"ir_epoch_active":1,"ir_seq":12471,"ir_pulses":6736,"ir_reason":1,"ir_age_ms":18,"ir_span":111,"ir_gap":1,"ir_sat":0,"ir_abort":595,"ir_inferred_added":0,"ir_inferred_removed":0,"ir_calibration":0,"hall_seen":6269400,"ir_seen":12395,"hall_q_drop":0,"ir_q_drop":0,"ir_invalid":12929,"nsr_hall_drop":1,"nsr_ir_drop":0,"nsr_navi_drop":0,"nsr_native_drop":168,"event_drop":0,"pwm0_ir_motion":0,"confirmed":61,"missed":152,"pwm":90,"auto":1,"running":1,"estop":0,"lowvolt":0,"ir_stationary_pwm_warning":1,"pub_drop":0}
2026-09-30T15:00:48.015	ngr/loco/9950011/state/trace	{"consumption_drop":334,"action_drop":0,"command_queue_drop":0,"lossless":false}
2026-09-30T15:00:48.015	ngr/loco/9950011/state/nav	{"state":"NORMAL","mm":3,"target":2,"dir":-1,"session_dir":"CCW","position_reliable":1,"ir_distance_state":"HALL_IR_READY","reference_ready":1,"boot_reference":"PROVISIONAL_OR_SPATIAL","authority":"NAVI_EWO"}
2026-09-30T15:00:48.016	ngr/loco/9950011/telem/ir	{"ir_valid":1,"ir_mmps":0.000,"ir_coupled":0,"ir_speed_reason":"STOPPED","ir_applicable":1,"ir_reason":1,"ir_seq":12471,"ir_pulses":6736,"ir_gap":1,"ir_sat":0,"ir_abort":595,"authority":"NAVI_EWO"}
2026-09-30T15:00:48.016	ngr/loco/9950011/telem/speed	{"ir_valid":1,"ir_mmps":0.000,"ir_coupled":0,"ir_speed_reason":"STOPPED","ir_applicable":1,"ir_reason":1,"ir_seq":12471,"ir_pulses":6736,"ir_gap":1,"ir_sat":0,"ir_abort":595,"authority":"NAVI_EWO"}
2026-09-30T15:00:48.018	ngr/loco/9950011/diag/ir_link	{"radio_ready":1,"seen":25324,"source_mac":"38:18:2B:30:8C:2C","paired_mac":"38:18:2B:30:8C:2C","paired_for_display_only":1,"coupled":0,"invalid_wire":12929,"queue_drop":0}
2026-09-30T15:00:48.018	ngr/loco/9950011/state/throttle	90
2026-09-30T15:00:48.018	ngr/loco/9950011/state/direction	2
2026-09-30T15:00:48.022	ngr/loco/9950011/state/auto	1
2026-09-30T15:00:48.022	ngr/loco/9950011/state/estop	0
2026-09-30T15:00:48.023	ngr/loco/9950011/state/nav_ready	1
2026-09-30T15:00:48.857	ngr/loco/9950011/state/lowvolt	0
2026-09-30T15:00:48.860	ngr/loco/9950011/telem/voltage	16.37
2026-09-30T15:00:48.861	ngr/loco/9950011/telem/current	0.35
2026-09-30T15:00:48.861	ngr/loco/9950011/telem/power	5.77
2026-09-30T15:00:49.023	ngr/loco/9950011/state/loopstat	{"build":"NAVI_EYES_WIDE_OPEN_INTEGRATED_R2","mm":3,"target":2,"dir":-1,"target_distance_mm":330,"target_polarity":-1,"position_reliable":1,"reference_ready":1,"reference":1898,"median5":0,"hall_support":0,"spatial_phase":2,"ir_applicable":1,"ir_distance_state":"HALL_IR_READY","ir_health_fault":6,"ir_readiness":3,"ir_boot":"761B38FCC6F727BE","ir_epoch":1,"ir_epoch_active":1,"ir_seq":12481,"ir_pulses":6736,"ir_reason":1,"ir_age_ms":18,"ir_span":175,"ir_gap":1,"ir_sat":0,"ir_abort":595,"ir_inferred_added":0,"ir_inferred_removed":0,"ir_calibration":0,"hall_seen":6274403,"ir_seen":12404,"hall_q_drop":0,"ir_q_drop":0,"ir_invalid":12939,"nsr_hall_drop":1,"nsr_ir_drop":0,"nsr_navi_drop":0,"nsr_native_drop":168,"event_drop":0,"pwm0_ir_motion":0,"confirmed":61,"missed":152,"pwm":90,"auto":1,"running":1,"estop":0,"lowvolt":0,"ir_stationary_pwm_warning":1,"pub_drop":0}
2026-09-30T15:00:49.026	ngr/loco/9950011/state/trace	{"consumption_drop":334,"action_drop":0,"command_queue_drop":0,"lossless":false}
2026-09-30T15:00:49.026	ngr/loco/9950011/state/nav	{"state":"NORMAL","mm":3,"target":2,"dir":-1,"session_dir":"CCW","position_reliable":1,"ir_distance_state":"HALL_IR_READY","reference_ready":1,"boot_reference":"PROVISIONAL_OR_SPATIAL","authority":"NAVI_EWO"}
2026-09-30T15:00:49.026	ngr/loco/9950011/telem/ir	{"ir_valid":1,"ir_mmps":0.000,"ir_coupled":0,"ir_speed_reason":"STOPPED","ir_applicable":1,"ir_reason":1,"ir_seq":12481,"ir_pulses":6736,"ir_gap":1,"ir_sat":0,"ir_abort":595,"authority":"NAVI_EWO"}
2026-09-30T15:00:49.026	ngr/loco/9950011/telem/speed	{"ir_valid":1,"ir_mmps":0.000,"ir_coupled":0,"ir_speed_reason":"STOPPED","ir_applicable":1,"ir_reason":1,"ir_seq":12481,"ir_pulses":6736,"ir_gap":1,"ir_sat":0,"ir_abort":595,"authority":"NAVI_EWO"}
2026-09-30T15:00:49.027	ngr/loco/9950011/diag/ir_link	{"radio_ready":1,"seen":25343,"source_mac":"38:18:2B:30:8C:2C","paired_mac":"38:18:2B:30:8C:2C","paired_for_display_only":1,"coupled":0,"invalid_wire":12939,"queue_drop":0}
2026-09-30T15:00:49.027	ngr/loco/9950011/state/throttle	90
2026-09-30T15:00:49.030	ngr/loco/9950011/state/direction	2
2026-09-30T15:00:49.031	ngr/loco/9950011/state/auto	1
2026-09-30T15:00:49.031	ngr/loco/9950011/state/estop	0
2026-09-30T15:00:49.032	ngr/loco/9950011/state/nav_ready	1
2026-09-30T15:00:50.017	ngr/loco/9950011/state/loopstat	{"build":"NAVI_EYES_WIDE_OPEN_INTEGRATED_R2","mm":3,"target":2,"dir":-1,"target_distance_mm":330,"target_polarity":-1,"position_reliable":1,"reference_ready":1,"reference":1898,"median5":0,"hall_support":0,"spatial_phase":2,"ir_applicable":1,"ir_distance_state":"HALL_IR_READY","ir_health_fault":0,"ir_readiness":2,"ir_boot":"761B38FCC6F727BE","ir_epoch":1,"ir_epoch_active":1,"ir_seq":12491,"ir_pulses":6737,"ir_reason":5,"ir_age_ms":22,"ir_span":319,"ir_gap":1,"ir_sat":0,"ir_abort":597,"ir_inferred_added":0,"ir_inferred_removed":0,"ir_calibration":0,"hall_seen":6279404,"ir_seen":12414,"hall_q_drop":0,"ir_q_drop":0,"ir_invalid":12950,"nsr_hall_drop":1,"nsr_ir_drop":0,"nsr_navi_drop":0,"nsr_native_drop":168,"event_drop":0,"pwm0_ir_motion":0,"confirmed":61,"missed":152,"pwm":90,"auto":1,"running":1,"estop":0,"lowvolt":0,"ir_stationary_pwm_warning":0,"pub_drop":0}
2026-09-30T15:00:50.020	ngr/loco/9950011/state/trace	{"consumption_drop":334,"action_drop":0,"command_queue_drop":0,"lossless":false}
2026-09-30T15:00:50.021	ngr/loco/9950011/state/nav	{"state":"NORMAL","mm":3,"target":2,"dir":-1,"session_dir":"CCW","position_reliable":1,"ir_distance_state":"HALL_IR_READY","reference_ready":1,"boot_reference":"PROVISIONAL_OR_SPATIAL","authority":"NAVI_EWO"}
2026-09-30T15:00:50.021	ngr/loco/9950011/telem/ir	{"ir_valid":1,"ir_mmps":10.724,"ir_coupled":0,"ir_speed_reason":"MEASURED","ir_applicable":1,"ir_reason":5,"ir_seq":12491,"ir_pulses":6737,"ir_gap":1,"ir_sat":0,"ir_abort":597,"authority":"NAVI_EWO"}
2026-09-30T15:00:50.023	ngr/loco/9950011/telem/speed	{"ir_valid":1,"ir_mmps":10.724,"ir_coupled":0,"ir_speed_reason":"MEASURED","ir_applicable":1,"ir_reason":5,"ir_seq":12491,"ir_pulses":6737,"ir_gap":1,"ir_sat":0,"ir_abort":597,"authority":"NAVI_EWO"}
2026-09-30T15:00:50.023	ngr/loco/9950011/diag/ir_link	{"radio_ready":1,"seen":25364,"source_mac":"38:18:2B:30:8C:2C","paired_mac":"38:18:2B:30:8C:2C","paired_for_display_only":1,"coupled":0,"invalid_wire":12950,"queue_drop":0}
2026-09-30T15:00:50.023	ngr/loco/9950011/state/throttle	90
2026-09-30T15:00:50.025	ngr/loco/9950011/state/direction	2
2026-09-30T15:00:50.025	ngr/loco/9950011/state/auto	1
2026-09-30T15:00:50.025	ngr/loco/9950011/state/estop	0
2026-09-30T15:00:50.028	ngr/loco/9950011/state/nav_ready	1
2026-09-30T15:00:51.015	ngr/loco/9950011/state/loopstat	{"build":"NAVI_EYES_WIDE_OPEN_INTEGRATED_R2","mm":3,"target":2,"dir":-1,"target_distance_mm":330,"target_polarity":-1,"position_reliable":1,"reference_ready":1,"reference":1898,"median5":0,"hall_support":0,"spatial_phase":2,"ir_applicable":1,"ir_distance_state":"HALL_IR_READY","ir_health_fault":6,"ir_readiness":3,"ir_boot":"761B38FCC6F727BE","ir_epoch":1,"ir_epoch_active":1,"ir_seq":12501,"ir_pulses":6737,"ir_reason":1,"ir_age_ms":21,"ir_span":79,"ir_gap":1,"ir_sat":0,"ir_abort":598,"ir_inferred_added":0,"ir_inferred_removed":0,"ir_calibration":0,"hall_seen":6284404,"ir_seen":12424,"hall_q_drop":0,"ir_q_drop":0,"ir_invalid":12960,"nsr_hall_drop":1,"nsr_ir_drop":0,"nsr_navi_drop":0,"nsr_native_drop":168,"event_drop":0,"pwm0_ir_motion":0,"confirmed":61,"missed":152,"pwm":90,"auto":1,"running":1,"estop":0,"lowvolt":0,"ir_stationary_pwm_warning":1,"pub_drop":0}
2026-09-30T15:00:51.017	ngr/loco/9950011/state/trace	{"consumption_drop":334,"action_drop":0,"command_queue_drop":0,"lossless":false}
2026-09-30T15:00:51.018	ngr/loco/9950011/state/nav	{"state":"NORMAL","mm":3,"target":2,"dir":-1,"session_dir":"CCW","position_reliable":1,"ir_distance_state":"HALL_IR_READY","reference_ready":1,"boot_reference":"PROVISIONAL_OR_SPATIAL","authority":"NAVI_EWO"}
2026-09-30T15:00:51.020	ngr/loco/9950011/telem/ir	{"ir_valid":1,"ir_mmps":0.000,"ir_coupled":0,"ir_speed_reason":"STOPPED","ir_applicable":1,"ir_reason":1,"ir_seq":12501,"ir_pulses":6737,"ir_gap":1,"ir_sat":0,"ir_abort":598,"authority":"NAVI_EWO"}
2026-09-30T15:00:51.020	ngr/loco/9950011/telem/speed	{"ir_valid":1,"ir_mmps":0.000,"ir_coupled":0,"ir_speed_reason":"STOPPED","ir_applicable":1,"ir_reason":1,"ir_seq":12501,"ir_pulses":6737,"ir_gap":1,"ir_sat":0,"ir_abort":598,"authority":"NAVI_EWO"}
2026-09-30T15:00:51.020	ngr/loco/9950011/diag/ir_link	{"radio_ready":1,"seen":25384,"source_mac":"38:18:2B:30:8C:2C","paired_mac":"38:18:2B:30:8C:2C","paired_for_display_only":1,"coupled":0,"invalid_wire":12960,"queue_drop":0}
2026-09-30T15:00:51.028	ngr/loco/9950011/state/throttle	90
2026-09-30T15:00:51.028	ngr/loco/9950011/state/direction	2
2026-09-30T15:00:51.029	ngr/loco/9950011/state/auto	1
2026-09-30T15:00:51.029	ngr/loco/9950011/state/estop	0
2026-09-30T15:00:51.031	ngr/loco/9950011/state/nav_ready	1
2026-09-30T15:00:51.763	ngr/loco/9950011/state/connectivity	{"wifi":1,"ip":"192.168.68.72","rssi":-44,"mqtt":1,"mqtt_state":0,"broker":"192.168.68.142","ir_radio":1,"ir_seen":25399,"ir_coupled":0,"navi_sync":1,"udp_failures":183}
2026-09-30T15:00:52.026	ngr/loco/9950011/state/loopstat	{"build":"NAVI_EYES_WIDE_OPEN_INTEGRATED_R2","mm":3,"target":2,"dir":-1,"target_distance_mm":330,"target_polarity":-1,"position_reliable":1,"reference_ready":1,"reference":1898,"median5":0,"hall_support":0,"spatial_phase":2,"ir_applicable":1,"ir_distance_state":"HALL_IR_READY","ir_health_fault":6,"ir_readiness":3,"ir_boot":"761B38FCC6F727BE","ir_epoch":1,"ir_epoch_active":1,"ir_seq":12511,"ir_pulses":6737,"ir_reason":1,"ir_age_ms":22,"ir_span":79,"ir_gap":1,"ir_sat":0,"ir_abort":598,"ir_inferred_added":0,"ir_inferred_removed":0,"ir_calibration":0,"hall_seen":6289400,"ir_seen":12434,"hall_q_drop":0,"ir_q_drop":0,"ir_invalid":12971,"nsr_hall_drop":1,"nsr_ir_drop":0,"nsr_navi_drop":0,"nsr_native_drop":168,"event_drop":0,"pwm0_ir_motion":0,"confirmed":61,"missed":152,"pwm":90,"auto":1,"running":1,"estop":0,"lowvolt":0,"ir_stationary_pwm_warning":1,"pub_drop":0}
2026-09-30T15:00:52.029	ngr/loco/9950011/state/trace	{"consumption_drop":334,"action_drop":0,"command_queue_drop":0,"lossless":false}
2026-09-30T15:00:52.029	ngr/loco/9950011/state/nav	{"state":"NORMAL","mm":3,"target":2,"dir":-1,"session_dir":"CCW","position_reliable":1,"ir_distance_state":"HALL_IR_READY","reference_ready":1,"boot_reference":"PROVISIONAL_OR_SPATIAL","authority":"NAVI_EWO"}
2026-09-30T15:00:52.029	ngr/loco/9950011/telem/ir	{"ir_valid":1,"ir_mmps":0.000,"ir_coupled":0,"ir_speed_reason":"STOPPED","ir_applicable":1,"ir_reason":1,"ir_seq":12511,"ir_pulses":6737,"ir_gap":1,"ir_sat":0,"ir_abort":598,"authority":"NAVI_EWO"}
2026-09-30T15:00:52.029	ngr/loco/9950011/telem/speed	{"ir_valid":1,"ir_mmps":0.000,"ir_coupled":0,"ir_speed_reason":"STOPPED","ir_applicable":1,"ir_reason":1,"ir_seq":12511,"ir_pulses":6737,"ir_gap":1,"ir_sat":0,"ir_abort":598,"authority":"NAVI_EWO"}
2026-09-30T15:00:52.029	ngr/loco/9950011/diag/ir_link	{"radio_ready":1,"seen":25405,"source_mac":"38:18:2B:30:8C:2C","paired_mac":"38:18:2B:30:8C:2C","paired_for_display_only":1,"coupled":0,"invalid_wire":12971,"queue_drop":0}
2026-09-30T15:00:52.030	ngr/loco/9950011/state/throttle	90
2026-09-30T15:00:52.030	ngr/loco/9950011/state/direction	2
2026-09-30T15:00:52.030	ngr/loco/9950011/state/auto	1
2026-09-30T15:00:52.030	ngr/loco/9950011/state/estop	0
2026-09-30T15:00:52.033	ngr/loco/9950011/state/nav_ready	1
2026-09-30T15:00:53.018	ngr/loco/9950011/state/loopstat	{"build":"NAVI_EYES_WIDE_OPEN_INTEGRATED_R2","mm":3,"target":2,"dir":-1,"target_distance_mm":330,"target_polarity":-1,"position_reliable":1,"reference_ready":1,"reference":1898,"median5":0,"hall_support":0,"spatial_phase":2,"ir_applicable":1,"ir_distance_state":"HALL_IR_READY","ir_health_fault":6,"ir_readiness":3,"ir_boot":"761B38FCC6F727BE","ir_epoch":1,"ir_epoch_active":1,"ir_seq":12521,"ir_pulses":6737,"ir_reason":1,"ir_age_ms":26,"ir_span":47,"ir_gap":1,"ir_sat":0,"ir_abort":598,"ir_inferred_added":0,"ir_inferred_removed":0,"ir_calibration":0,"hall_seen":6294405,"ir_seen":12444,"hall_q_drop":0,"ir_q_drop":0,"ir_invalid":12980,"nsr_hall_drop":1,"nsr_ir_drop":0,"nsr_navi_drop":0,"nsr_native_drop":168,"event_drop":0,"pwm0_ir_motion":0,"confirmed":61,"missed":152,"pwm":90,"auto":1,"running":1,"estop":0,"lowvolt":0,"ir_stationary_pwm_warning":1,"pub_drop":0}
2026-09-30T15:00:53.021	ngr/loco/9950011/state/trace	{"consumption_drop":334,"action_drop":0,"command_queue_drop":0,"lossless":false}
2026-09-30T15:00:53.025	ngr/loco/9950011/state/nav	{"state":"NORMAL","mm":3,"target":2,"dir":-1,"session_dir":"CCW","position_reliable":1,"ir_distance_state":"HALL_IR_READY","reference_ready":1,"boot_reference":"PROVISIONAL_OR_SPATIAL","authority":"NAVI_EWO"}
2026-09-30T15:00:53.025	ngr/loco/9950011/telem/ir	{"ir_valid":1,"ir_mmps":0.000,"ir_coupled":0,"ir_speed_reason":"STOPPED","ir_applicable":1,"ir_reason":1,"ir_seq":12521,"ir_pulses":6737,"ir_gap":1,"ir_sat":0,"ir_abort":598,"authority":"NAVI_EWO"}
2026-09-30T15:00:53.025	ngr/loco/9950011/telem/speed	{"ir_valid":1,"ir_mmps":0.000,"ir_coupled":0,"ir_speed_reason":"STOPPED","ir_applicable":1,"ir_reason":1,"ir_seq":12521,"ir_pulses":6737,"ir_gap":1,"ir_sat":0,"ir_abort":598,"authority":"NAVI_EWO"}
2026-09-30T15:00:53.033	ngr/loco/9950011/diag/ir_link	{"radio_ready":1,"seen":25424,"source_mac":"38:18:2B:30:8C:2C","paired_mac":"38:18:2B:30:8C:2C","paired_for_display_only":1,"coupled":0,"invalid_wire":12980,"queue_drop":0}
2026-09-30T15:00:53.033	ngr/loco/9950011/state/throttle	90
2026-09-30T15:00:53.033	ngr/loco/9950011/state/direction	2
2026-09-30T15:00:53.034	ngr/loco/9950011/state/auto	1
2026-09-30T15:00:53.034	ngr/loco/9950011/state/estop	0
2026-09-30T15:00:53.034	ngr/loco/9950011/state/nav_ready	1
2026-09-30T15:00:53.849	ngr/loco/9950011/state/lowvolt	0
2026-09-30T15:00:53.869	ngr/loco/9950011/telem/voltage	16.38
2026-09-30T15:00:53.874	ngr/loco/9950011/telem/current	0.30
2026-09-30T15:00:53.875	ngr/loco/9950011/telem/power	5.56
2026-09-30T15:00:54.016	ngr/loco/9950011/state/loopstat	{"build":"NAVI_EYES_WIDE_OPEN_INTEGRATED_R2","mm":3,"target":2,"dir":-1,"target_distance_mm":330,"target_polarity":-1,"position_reliable":1,"reference_ready":1,"reference":1898,"median5":0,"hall_support":0,"spatial_phase":2,"ir_applicable":1,"ir_distance_state":"HALL_IR_READY","ir_health_fault":6,"ir_readiness":3,"ir_boot":"761B38FCC6F727BE","ir_epoch":1,"ir_epoch_active":1,"ir_seq":12531,"ir_pulses":6737,"ir_reason":1,"ir_age_ms":26,"ir_span":79,"ir_gap":1,"ir_sat":0,"ir_abort":598,"ir_inferred_added":0,"ir_inferred_removed":0,"ir_calibration":0,"hall_seen":6299404,"ir_seen":12454,"hall_q_drop":0,"ir_q_drop":0,"ir_invalid":12990,"nsr_hall_drop":1,"nsr_ir_drop":0,"nsr_navi_drop":0,"nsr_native_drop":168,"event_drop":0,"pwm0_ir_motion":0,"confirmed":61,"missed":152,"pwm":90,"auto":1,"running":1,"estop":0,"lowvolt":0,"ir_stationary_pwm_warning":1,"pub_drop":0}
2026-09-30T15:00:54.019	ngr/loco/9950011/state/trace	{"consumption_drop":334,"action_drop":0,"command_queue_drop":0,"lossless":false}
2026-09-30T15:00:54.019	ngr/loco/9950011/state/nav	{"state":"NORMAL","mm":3,"target":2,"dir":-1,"session_dir":"CCW","position_reliable":1,"ir_distance_state":"HALL_IR_READY","reference_ready":1,"boot_reference":"PROVISIONAL_OR_SPATIAL","authority":"NAVI_EWO"}
2026-09-30T15:00:54.019	ngr/loco/9950011/telem/ir	{"ir_valid":1,"ir_mmps":0.000,"ir_coupled":0,"ir_speed_reason":"STOPPED","ir_applicable":1,"ir_reason":1,"ir_seq":12531,"ir_pulses":6737,"ir_gap":1,"ir_sat":0,"ir_abort":598,"authority":"NAVI_EWO"}
2026-09-30T15:00:54.020	ngr/loco/9950011/telem/speed	{"ir_valid":1,"ir_mmps":0.000,"ir_coupled":0,"ir_speed_reason":"STOPPED","ir_applicable":1,"ir_reason":1,"ir_seq":12531,"ir_pulses":6737,"ir_gap":1,"ir_sat":0,"ir_abort":598,"authority":"NAVI_EWO"}
2026-09-30T15:00:54.020	ngr/loco/9950011/diag/ir_link	{"radio_ready":1,"seen":25444,"source_mac":"38:18:2B:30:8C:2C","paired_mac":"38:18:2B:30:8C:2C","paired_for_display_only":1,"coupled":0,"invalid_wire":12990,"queue_drop":0}
2026-09-30T15:00:54.020	ngr/loco/9950011/state/throttle	90
2026-09-30T15:00:54.020	ngr/loco/9950011/state/direction	2
2026-09-30T15:00:54.021	ngr/loco/9950011/state/auto	1
2026-09-30T15:00:54.021	ngr/loco/9950011/state/estop	0
2026-09-30T15:00:54.021	ngr/loco/9950011/state/nav_ready	1
2026-09-30T15:00:55.018	ngr/loco/9950011/state/loopstat	{"build":"NAVI_EYES_WIDE_OPEN_INTEGRATED_R2","mm":3,"target":2,"dir":-1,"target_distance_mm":330,"target_polarity":-1,"position_reliable":1,"reference_ready":1,"reference":1898,"median5":0,"hall_support":0,"spatial_phase":2,"ir_applicable":1,"ir_distance_state":"HALL_IR_READY","ir_health_fault":6,"ir_readiness":3,"ir_boot":"761B38FCC6F727BE","ir_epoch":1,"ir_epoch_active":1,"ir_seq":12541,"ir_pulses":6737,"ir_reason":1,"ir_age_ms":30,"ir_span":63,"ir_gap":1,"ir_sat":0,"ir_abort":598,"ir_inferred_added":0,"ir_inferred_removed":0,"ir_calibration":0,"hall_seen":6304404,"ir_seen":12464,"hall_q_drop":0,"ir_q_drop":0,"ir_invalid":13001,"nsr_hall_drop":1,"nsr_ir_drop":0,"nsr_navi_drop":0,"nsr_native_drop":168,"event_drop":0,"pwm0_ir_motion":0,"confirmed":61,"missed":152,"pwm":90,"auto":1,"running":1,"estop":0,"lowvolt":0,"ir_stationary_pwm_warning":1,"pub_drop":0}
2026-09-30T15:00:55.020	ngr/loco/9950011/state/trace	{"consumption_drop":334,"action_drop":0,"command_queue_drop":0,"lossless":false}
2026-09-30T15:00:55.021	ngr/loco/9950011/state/nav	{"state":"NORMAL","mm":3,"target":2,"dir":-1,"session_dir":"CCW","position_reliable":1,"ir_distance_state":"HALL_IR_READY","reference_ready":1,"boot_reference":"PROVISIONAL_OR_SPATIAL","authority":"NAVI_EWO"}
2026-09-30T15:00:55.021	ngr/loco/9950011/telem/ir	{"ir_valid":1,"ir_mmps":0.000,"ir_coupled":0,"ir_speed_reason":"STOPPED","ir_applicable":1,"ir_reason":1,"ir_seq":12541,"ir_pulses":6737,"ir_gap":1,"ir_sat":0,"ir_abort":598,"authority":"NAVI_EWO"}
2026-09-30T15:00:55.021	ngr/loco/9950011/telem/speed	{"ir_valid":1,"ir_mmps":0.000,"ir_coupled":0,"ir_speed_reason":"STOPPED","ir_applicable":1,"ir_reason":1,"ir_seq":12541,"ir_pulses":6737,"ir_gap":1,"ir_sat":0,"ir_abort":598,"authority":"NAVI_EWO"}
2026-09-30T15:00:55.021	ngr/loco/9950011/diag/ir_link	{"radio_ready":1,"seen":25465,"source_mac":"38:18:2B:30:8C:2C","paired_mac":"38:18:2B:30:8C:2C","paired_for_display_only":1,"coupled":0,"invalid_wire":13001,"queue_drop":0}
2026-09-30T15:00:55.021	ngr/loco/9950011/state/throttle	90
2026-09-30T15:00:55.023	ngr/loco/9950011/state/direction	2
2026-09-30T15:00:55.023	ngr/loco/9950011/state/auto	1
2026-09-30T15:00:55.023	ngr/loco/9950011/state/estop	0
2026-09-30T15:00:55.025	ngr/loco/9950011/state/nav_ready	1
2026-09-30T15:00:56.018	ngr/loco/9950011/state/loopstat	{"build":"NAVI_EYES_WIDE_OPEN_INTEGRATED_R2","mm":3,"target":2,"dir":-1,"target_distance_mm":330,"target_polarity":-1,"position_reliable":1,"reference_ready":1,"reference":1898,"median5":0,"hall_support":0,"spatial_phase":2,"ir_applicable":1,"ir_distance_state":"HALL_IR_READY","ir_health_fault":6,"ir_readiness":3,"ir_boot":"761B38FCC6F727BE","ir_epoch":1,"ir_epoch_active":1,"ir_seq":12551,"ir_pulses":6737,"ir_reason":1,"ir_age_ms":30,"ir_span":47,"ir_gap":1,"ir_sat":0,"ir_abort":598,"ir_inferred_added":0,"ir_inferred_removed":0,"ir_calibration":0,"hall_seen":6309402,"ir_seen":12474,"hall_q_drop":0,"ir_q_drop":0,"ir_invalid":13011,"nsr_hall_drop":1,"nsr_ir_drop":0,"nsr_navi_drop":0,"nsr_native_drop":168,"event_drop":0,"pwm0_ir_motion":0,"confirmed":61,"missed":152,"pwm":90,"auto":1,"running":1,"estop":0,"lowvolt":0,"ir_stationary_pwm_warning":1,"pub_drop":0}
2026-09-30T15:00:56.022	ngr/loco/9950011/state/trace	{"consumption_drop":334,"action_drop":0,"command_queue_drop":0,"lossless":false}
2026-09-30T15:00:56.022	ngr/loco/9950011/state/nav	{"state":"NORMAL","mm":3,"target":2,"dir":-1,"session_dir":"CCW","position_reliable":1,"ir_distance_state":"HALL_IR_READY","reference_ready":1,"boot_reference":"PROVISIONAL_OR_SPATIAL","authority":"NAVI_EWO"}
2026-09-30T15:00:56.022	ngr/loco/9950011/telem/ir	{"ir_valid":1,"ir_mmps":0.000,"ir_coupled":0,"ir_speed_reason":"STOPPED","ir_applicable":1,"ir_reason":1,"ir_seq":12551,"ir_pulses":6737,"ir_gap":1,"ir_sat":0,"ir_abort":598,"authority":"NAVI_EWO"}
2026-09-30T15:00:56.023	ngr/loco/9950011/telem/speed	{"ir_valid":1,"ir_mmps":0.000,"ir_coupled":0,"ir_speed_reason":"STOPPED","ir_applicable":1,"ir_reason":1,"ir_seq":12551,"ir_pulses":6737,"ir_gap":1,"ir_sat":0,"ir_abort":598,"authority":"NAVI_EWO"}
2026-09-30T15:00:56.023	ngr/loco/9950011/diag/ir_link	{"radio_ready":1,"seen":25485,"source_mac":"38:18:2B:30:8C:2C","paired_mac":"38:18:2B:30:8C:2C","paired_for_display_only":1,"coupled":0,"invalid_wire":13011,"queue_drop":0}
2026-09-30T15:00:56.023	ngr/loco/9950011/state/throttle	90
2026-09-30T15:00:56.023	ngr/loco/9950011/state/direction	2
2026-09-30T15:00:56.023	ngr/loco/9950011/state/auto	1
2026-09-30T15:00:56.030	ngr/loco/9950011/state/estop	0
2026-09-30T15:00:56.030	ngr/loco/9950011/state/nav_ready	1
2026-09-30T15:00:56.765	ngr/loco/9950011/state/connectivity	{"wifi":1,"ip":"192.168.68.72","rssi":-56,"mqtt":1,"mqtt_state":0,"broker":"192.168.68.142","ir_radio":1,"ir_seen":25500,"ir_coupled":0,"navi_sync":1,"udp_failures":183}
2026-09-30T15:00:57.016	ngr/loco/9950011/state/loopstat	{"build":"NAVI_EYES_WIDE_OPEN_INTEGRATED_R2","mm":3,"target":2,"dir":-1,"target_distance_mm":330,"target_polarity":-1,"position_reliable":1,"reference_ready":1,"reference":1898,"median5":0,"hall_support":0,"spatial_phase":2,"ir_applicable":1,"ir_distance_state":"HALL_IR_READY","ir_health_fault":0,"ir_readiness":2,"ir_boot":"761B38FCC6F727BE","ir_epoch":1,"ir_epoch_active":1,"ir_seq":12561,"ir_pulses":6737,"ir_reason":5,"ir_age_ms":30,"ir_span":1039,"ir_gap":1,"ir_sat":0,"ir_abort":598,"ir_inferred_added":0,"ir_inferred_removed":0,"ir_calibration":0,"hall_seen":6314406,"ir_seen":12484,"hall_q_drop":0,"ir_q_drop":0,"ir_invalid":13022,"nsr_hall_drop":1,"nsr_ir_drop":0,"nsr_navi_drop":0,"nsr_native_drop":168,"event_drop":0,"pwm0_ir_motion":0,"confirmed":61,"missed":152,"pwm":90,"auto":1,"running":1,"estop":0,"lowvolt":0,"ir_stationary_pwm_warning":1,"pub_drop":0}
2026-09-30T15:00:57.018	ngr/loco/9950011/state/trace	{"consumption_drop":334,"action_drop":0,"command_queue_drop":0,"lossless":false}
2026-09-30T15:00:57.018	ngr/loco/9950011/state/nav	{"state":"NORMAL","mm":3,"target":2,"dir":-1,"session_dir":"CCW","position_reliable":1,"ir_distance_state":"HALL_IR_READY","reference_ready":1,"boot_reference":"PROVISIONAL_OR_SPATIAL","authority":"NAVI_EWO"}
2026-09-30T15:00:57.019	ngr/loco/9950011/telem/ir	{"ir_valid":1,"ir_mmps":0.000,"ir_coupled":0,"ir_speed_reason":"STOPPED","ir_applicable":1,"ir_reason":5,"ir_seq":12561,"ir_pulses":6737,"ir_gap":1,"ir_sat":0,"ir_abort":598,"authority":"NAVI_EWO"}
2026-09-30T15:00:57.019	ngr/loco/9950011/telem/speed	{"ir_valid":1,"ir_mmps":0.000,"ir_coupled":0,"ir_speed_reason":"STOPPED","ir_applicable":1,"ir_reason":5,"ir_seq":12561,"ir_pulses":6737,"ir_gap":1,"ir_sat":0,"ir_abort":598,"authority":"NAVI_EWO"}
2026-09-30T15:00:57.019	ngr/loco/9950011/diag/ir_link	{"radio_ready":1,"seen":25506,"source_mac":"38:18:2B:30:8C:2C","paired_mac":"38:18:2B:30:8C:2C","paired_for_display_only":1,"coupled":0,"invalid_wire":13022,"queue_drop":0}
2026-09-30T15:00:57.020	ngr/loco/9950011/state/throttle	90
2026-09-30T15:00:57.021	ngr/loco/9950011/state/direction	2
2026-09-30T15:00:57.021	ngr/loco/9950011/state/auto	1
2026-09-30T15:00:57.025	ngr/loco/9950011/state/estop	0
2026-09-30T15:00:57.025	ngr/loco/9950011/state/nav_ready	1
2026-09-30T15:00:58.021	ngr/loco/9950011/state/loopstat	{"build":"NAVI_EYES_WIDE_OPEN_INTEGRATED_R2","mm":3,"target":2,"dir":-1,"target_distance_mm":330,"target_polarity":-1,"position_reliable":1,"reference_ready":1,"reference":1898,"median5":0,"hall_support":0,"spatial_phase":2,"ir_applicable":1,"ir_distance_state":"HALL_IR_READY","ir_health_fault":0,"ir_readiness":2,"ir_boot":"761B38FCC6F727BE","ir_epoch":1,"ir_epoch_active":1,"ir_seq":12571,"ir_pulses":6737,"ir_reason":5,"ir_age_ms":14,"ir_span":127,"ir_gap":1,"ir_sat":0,"ir_abort":598,"ir_inferred_added":0,"ir_inferred_removed":0,"ir_calibration":0,"hall_seen":6319410,"ir_seen":12494,"hall_q_drop":0,"ir_q_drop":0,"ir_invalid":13032,"nsr_hall_drop":1,"nsr_ir_drop":0,"nsr_navi_drop":0,"nsr_native_drop":168,"event_drop":0,"pwm0_ir_motion":0,"confirmed":61,"missed":152,"pwm":90,"auto":1,"running":1,"estop":0,"lowvolt":0,"ir_stationary_pwm_warning":1,"pub_drop":0}
2026-09-30T15:00:58.023	ngr/loco/9950011/state/trace	{"consumption_drop":334,"action_drop":0,"command_queue_drop":0,"lossless":false}
2026-09-30T15:00:58.024	ngr/loco/9950011/state/nav	{"state":"NORMAL","mm":3,"target":2,"dir":-1,"session_dir":"CCW","position_reliable":1,"ir_distance_state":"HALL_IR_READY","reference_ready":1,"boot_reference":"PROVISIONAL_OR_SPATIAL","authority":"NAVI_EWO"}
2026-09-30T15:00:58.026	ngr/loco/9950011/telem/ir	{"ir_valid":1,"ir_mmps":0.000,"ir_coupled":0,"ir_speed_reason":"STOPPED","ir_applicable":1,"ir_reason":5,"ir_seq":12571,"ir_pulses":6737,"ir_gap":1,"ir_sat":0,"ir_abort":598,"authority":"NAVI_EWO"}
2026-09-30T15:00:58.026	ngr/loco/9950011/telem/speed	{"ir_valid":1,"ir_mmps":0.000,"ir_coupled":0,"ir_speed_reason":"STOPPED","ir_applicable":1,"ir_reason":5,"ir_seq":12571,"ir_pulses":6737,"ir_gap":1,"ir_sat":0,"ir_abort":598,"authority":"NAVI_EWO"}
2026-09-30T15:00:58.026	ngr/loco/9950011/diag/ir_link	{"radio_ready":1,"seen":25526,"source_mac":"38:18:2B:30:8C:2C","paired_mac":"38:18:2B:30:8C:2C","paired_for_display_only":1,"coupled":0,"invalid_wire":13032,"queue_drop":0}
2026-09-30T15:00:58.030	ngr/loco/9950011/state/throttle	90
2026-09-30T15:00:58.030	ngr/loco/9950011/state/direction	2
2026-09-30T15:00:58.030	ngr/loco/9950011/state/auto	1
2026-09-30T15:00:58.034	ngr/loco/9950011/state/estop	0
2026-09-30T15:00:58.034	ngr/loco/9950011/state/nav_ready	1
2026-09-30T15:00:58.854	ngr/loco/9950011/state/lowvolt	0
2026-09-30T15:00:58.898	ngr/loco/9950011/telem/voltage	16.38
2026-09-30T15:00:58.899	ngr/loco/9950011/telem/current	0.30
2026-09-30T15:00:58.899	ngr/loco/9950011/telem/power	6.54
2026-09-30T15:00:59.016	ngr/loco/9950011/state/loopstat	{"build":"NAVI_EYES_WIDE_OPEN_INTEGRATED_R2","mm":3,"target":2,"dir":-1,"target_distance_mm":330,"target_polarity":-1,"position_reliable":1,"reference_ready":1,"reference":1898,"median5":0,"hall_support":0,"spatial_phase":2,"ir_applicable":1,"ir_distance_state":"HALL_IR_READY","ir_health_fault":6,"ir_readiness":3,"ir_boot":"761B38FCC6F727BE","ir_epoch":1,"ir_epoch_active":1,"ir_seq":12581,"ir_pulses":6737,"ir_reason":1,"ir_age_ms":15,"ir_span":111,"ir_gap":1,"ir_sat":0,"ir_abort":599,"ir_inferred_added":0,"ir_inferred_removed":0,"ir_calibration":0,"hall_seen":6324414,"ir_seen":12504,"hall_q_drop":0,"ir_q_drop":0,"ir_invalid":13043,"nsr_hall_drop":1,"nsr_ir_drop":0,"nsr_navi_drop":0,"nsr_native_drop":168,"event_drop":0,"pwm0_ir_motion":0,"confirmed":61,"missed":152,"pwm":90,"auto":1,"running":1,"estop":0,"lowvolt":0,"ir_stationary_pwm_warning":1,"pub_drop":0}
2026-09-30T15:00:59.019	ngr/loco/9950011/state/trace	{"consumption_drop":334,"action_drop":0,"command_queue_drop":0,"lossless":false}
2026-09-30T15:00:59.019	ngr/loco/9950011/state/nav	{"state":"NORMAL","mm":3,"target":2,"dir":-1,"session_dir":"CCW","position_reliable":1,"ir_distance_state":"HALL_IR_READY","reference_ready":1,"boot_reference":"PROVISIONAL_OR_SPATIAL","authority":"NAVI_EWO"}
2026-09-30T15:00:59.022	ngr/loco/9950011/telem/ir	{"ir_valid":1,"ir_mmps":0.000,"ir_coupled":0,"ir_speed_reason":"STOPPED","ir_applicable":1,"ir_reason":1,"ir_seq":12581,"ir_pulses":6737,"ir_gap":1,"ir_sat":0,"ir_abort":599,"authority":"NAVI_EWO"}
2026-09-30T15:00:59.022	ngr/loco/9950011/telem/speed	{"ir_valid":1,"ir_mmps":0.000,"ir_coupled":0,"ir_speed_reason":"STOPPED","ir_applicable":1,"ir_reason":1,"ir_seq":12581,"ir_pulses":6737,"ir_gap":1,"ir_sat":0,"ir_abort":599,"authority":"NAVI_EWO"}
2026-09-30T15:00:59.022	ngr/loco/9950011/diag/ir_link	{"radio_ready":1,"seen":25547,"source_mac":"38:18:2B:30:8C:2C","paired_mac":"38:18:2B:30:8C:2C","paired_for_display_only":1,"coupled":0,"invalid_wire":13043,"queue_drop":0}
2026-09-30T15:00:59.032	ngr/loco/9950011/state/throttle	90
2026-09-30T15:00:59.032	ngr/loco/9950011/state/direction	2
2026-09-30T15:00:59.032	ngr/loco/9950011/state/auto	1
2026-09-30T15:00:59.032	ngr/loco/9950011/state/estop	0
2026-09-30T15:00:59.034	ngr/loco/9950011/state/nav_ready	1
2026-09-30T15:01:00.016	ngr/loco/9950011/state/loopstat	{"build":"NAVI_EYES_WIDE_OPEN_INTEGRATED_R2","mm":3,"target":2,"dir":-1,"target_distance_mm":330,"target_polarity":-1,"position_reliable":1,"reference_ready":1,"reference":1898,"median5":0,"hall_support":0,"spatial_phase":2,"ir_applicable":1,"ir_distance_state":"HALL_IR_READY","ir_health_fault":0,"ir_readiness":2,"ir_boot":"761B38FCC6F727BE","ir_epoch":1,"ir_epoch_active":1,"ir_seq":12591,"ir_pulses":6737,"ir_reason":5,"ir_age_ms":19,"ir_span":127,"ir_gap":1,"ir_sat":0,"ir_abort":599,"ir_inferred_added":0,"ir_inferred_removed":0,"ir_calibration":0,"hall_seen":6329415,"ir_seen":12514,"hall_q_drop":0,"ir_q_drop":0,"ir_invalid":13053,"nsr_hall_drop":1,"nsr_ir_drop":0,"nsr_navi_drop":0,"nsr_native_drop":168,"event_drop":0,"pwm0_ir_motion":0,"confirmed":61,"missed":152,"pwm":90,"auto":1,"running":1,"estop":0,"lowvolt":0,"ir_stationary_pwm_warning":1,"pub_drop":0}
2026-09-30T15:01:00.021	ngr/loco/9950011/state/trace	{"consumption_drop":334,"action_drop":0,"command_queue_drop":0,"lossless":false}
2026-09-30T15:01:00.021	ngr/loco/9950011/state/nav	{"state":"NORMAL","mm":3,"target":2,"dir":-1,"session_dir":"CCW","position_reliable":1,"ir_distance_state":"HALL_IR_READY","reference_ready":1,"boot_reference":"PROVISIONAL_OR_SPATIAL","authority":"NAVI_EWO"}
2026-09-30T15:01:00.021	ngr/loco/9950011/telem/ir	{"ir_valid":1,"ir_mmps":0.000,"ir_coupled":0,"ir_speed_reason":"STOPPED","ir_applicable":1,"ir_reason":5,"ir_seq":12591,"ir_pulses":6737,"ir_gap":1,"ir_sat":0,"ir_abort":599,"authority":"NAVI_EWO"}
2026-09-30T15:01:00.022	ngr/loco/9950011/telem/speed	{"ir_valid":1,"ir_mmps":0.000,"ir_coupled":0,"ir_speed_reason":"STOPPED","ir_applicable":1,"ir_reason":5,"ir_seq":12591,"ir_pulses":6737,"ir_gap":1,"ir_sat":0,"ir_abort":599,"authority":"NAVI_EWO"}
2026-09-30T15:01:00.022	ngr/loco/9950011/diag/ir_link	{"radio_ready":1,"seen":25567,"source_mac":"38:18:2B:30:8C:2C","paired_mac":"38:18:2B:30:8C:2C","paired_for_display_only":1,"coupled":0,"invalid_wire":13053,"queue_drop":0}
2026-09-30T15:01:00.022	ngr/loco/9950011/state/throttle	90
2026-09-30T15:01:00.022	ngr/loco/9950011/state/direction	2
2026-09-30T15:01:00.022	ngr/loco/9950011/state/auto	1
2026-09-30T15:01:00.022	ngr/loco/9950011/state/estop	0
2026-09-30T15:01:00.023	ngr/loco/9950011/state/nav_ready	1
2026-09-30T15:01:01.016	ngr/loco/9950011/state/loopstat	{"build":"NAVI_EYES_WIDE_OPEN_INTEGRATED_R2","mm":3,"target":2,"dir":-1,"target_distance_mm":330,"target_polarity":-1,"position_reliable":1,"reference_ready":1,"reference":1898,"median5":0,"hall_support":0,"spatial_phase":2,"ir_applicable":1,"ir_distance_state":"HALL_IR_READY","ir_health_fault":6,"ir_readiness":3,"ir_boot":"761B38FCC6F727BE","ir_epoch":1,"ir_epoch_active":1,"ir_seq":12601,"ir_pulses":6737,"ir_reason":1,"ir_age_ms":21,"ir_span":111,"ir_gap":1,"ir_sat":0,"ir_abort":599,"ir_inferred_added":0,"ir_inferred_removed":0,"ir_calibration":0,"hall_seen":6334425,"ir_seen":12524,"hall_q_drop":0,"ir_q_drop":0,"ir_invalid":13063,"nsr_hall_drop":1,"nsr_ir_drop":0,"nsr_navi_drop":0,"nsr_native_drop":168,"event_drop":0,"pwm0_ir_motion":0,"confirmed":61,"missed":152,"pwm":90,"auto":1,"running":1,"estop":0,"lowvolt":0,"ir_stationary_pwm_warning":1,"pub_drop":0}
2026-09-30T15:01:01.018	ngr/loco/9950011/state/trace	{"consumption_drop":334,"action_drop":0,"command_queue_drop":0,"lossless":false}
2026-09-30T15:01:01.022	ngr/loco/9950011/state/nav	{"state":"NORMAL","mm":3,"target":2,"dir":-1,"session_dir":"CCW","position_reliable":1,"ir_distance_state":"HALL_IR_READY","reference_ready":1,"boot_reference":"PROVISIONAL_OR_SPATIAL","authority":"NAVI_EWO"}
2026-09-30T15:01:01.022	ngr/loco/9950011/telem/ir	{"ir_valid":1,"ir_mmps":0.000,"ir_coupled":0,"ir_speed_reason":"STOPPED","ir_applicable":1,"ir_reason":1,"ir_seq":12601,"ir_pulses":6737,"ir_gap":1,"ir_sat":0,"ir_abort":599,"authority":"NAVI_EWO"}
2026-09-30T15:01:01.024	ngr/loco/9950011/telem/speed	{"ir_valid":1,"ir_mmps":0.000,"ir_coupled":0,"ir_speed_reason":"STOPPED","ir_applicable":1,"ir_reason":1,"ir_seq":12601,"ir_pulses":6737,"ir_gap":1,"ir_sat":0,"ir_abort":599,"authority":"NAVI_EWO"}
2026-09-30T15:01:01.024	ngr/loco/9950011/diag/ir_link	{"radio_ready":1,"seen":25587,"source_mac":"38:18:2B:30:8C:2C","paired_mac":"38:18:2B:30:8C:2C","paired_for_display_only":1,"coupled":0,"invalid_wire":13063,"queue_drop":0}
2026-09-30T15:01:01.025	ngr/loco/9950011/state/throttle	90
2026-09-30T15:01:01.025	ngr/loco/9950011/state/direction	2
2026-09-30T15:01:01.025	ngr/loco/9950011/state/auto	1
2026-09-30T15:01:01.026	ngr/loco/9950011/state/estop	0
2026-09-30T15:01:01.027	ngr/loco/9950011/state/nav_ready	1
2026-09-30T15:01:01.776	ngr/loco/9950011/state/connectivity	{"wifi":1,"ip":"192.168.68.72","rssi":-54,"mqtt":1,"mqtt_state":0,"broker":"192.168.68.142","ir_radio":1,"ir_seen":25602,"ir_coupled":0,"navi_sync":1,"udp_failures":183}
2026-09-30T15:01:02.021	ngr/loco/9950011/state/loopstat	{"build":"NAVI_EYES_WIDE_OPEN_INTEGRATED_R2","mm":3,"target":2,"dir":-1,"target_distance_mm":330,"target_polarity":-1,"position_reliable":1,"reference_ready":1,"reference":1898,"median5":0,"hall_support":0,"spatial_phase":2,"ir_applicable":1,"ir_distance_state":"HALL_IR_READY","ir_health_fault":6,"ir_readiness":3,"ir_boot":"761B38FCC6F727BE","ir_epoch":1,"ir_epoch_active":1,"ir_seq":12611,"ir_pulses":6737,"ir_reason":1,"ir_age_ms":26,"ir_span":47,"ir_gap":1,"ir_sat":0,"ir_abort":599,"ir_inferred_added":0,"ir_inferred_removed":0,"ir_calibration":0,"hall_seen":6339429,"ir_seen":12533,"hall_q_drop":0,"ir_q_drop":0,"ir_invalid":13074,"nsr_hall_drop":1,"nsr_ir_drop":0,"nsr_navi_drop":0,"nsr_native_drop":168,"event_drop":0,"pwm0_ir_motion":0,"confirmed":61,"missed":152,"pwm":90,"auto":1,"running":1,"estop":0,"lowvolt":0,"ir_stationary_pwm_warning":1,"pub_drop":0}
2026-09-30T15:01:02.027	ngr/loco/9950011/state/trace	{"consumption_drop":334,"action_drop":0,"command_queue_drop":0,"lossless":false}
2026-09-30T15:01:02.029	ngr/loco/9950011/state/nav	{"state":"NORMAL","mm":3,"target":2,"dir":-1,"session_dir":"CCW","position_reliable":1,"ir_distance_state":"HALL_IR_READY","reference_ready":1,"boot_reference":"PROVISIONAL_OR_SPATIAL","authority":"NAVI_EWO"}
2026-09-30T15:01:02.030	ngr/loco/9950011/telem/ir	{"ir_valid":1,"ir_mmps":0.000,"ir_coupled":0,"ir_speed_reason":"STOPPED","ir_applicable":1,"ir_reason":1,"ir_seq":12611,"ir_pulses":6737,"ir_gap":1,"ir_sat":0,"ir_abort":599,"authority":"NAVI_EWO"}
2026-09-30T15:01:02.030	ngr/loco/9950011/telem/speed	{"ir_valid":1,"ir_mmps":0.000,"ir_coupled":0,"ir_speed_reason":"STOPPED","ir_applicable":1,"ir_reason":1,"ir_seq":12611,"ir_pulses":6737,"ir_gap":1,"ir_sat":0,"ir_abort":599,"authority":"NAVI_EWO"}
2026-09-30T15:01:02.030	ngr/loco/9950011/diag/ir_link	{"radio_ready":1,"seen":25607,"source_mac":"38:18:2B:30:8C:2C","paired_mac":"38:18:2B:30:8C:2C","paired_for_display_only":1,"coupled":0,"invalid_wire":13074,"queue_drop":0}
2026-09-30T15:01:02.030	ngr/loco/9950011/state/throttle	90
2026-09-30T15:01:02.030	ngr/loco/9950011/state/direction	2
2026-09-30T15:01:02.031	ngr/loco/9950011/state/auto	1
2026-09-30T15:01:02.031	ngr/loco/9950011/state/estop	0
2026-09-30T15:01:02.031	ngr/loco/9950011/state/nav_ready	1
2026-09-30T15:01:03.018	ngr/loco/9950011/state/loopstat	{"build":"NAVI_EYES_WIDE_OPEN_INTEGRATED_R2","mm":3,"target":2,"dir":-1,"target_distance_mm":330,"target_polarity":-1,"position_reliable":1,"reference_ready":1,"reference":1898,"median5":0,"hall_support":0,"spatial_phase":2,"ir_applicable":1,"ir_distance_state":"HALL_IR_READY","ir_health_fault":6,"ir_readiness":3,"ir_boot":"761B38FCC6F727BE","ir_epoch":1,"ir_epoch_active":1,"ir_seq":12621,"ir_pulses":6737,"ir_reason":1,"ir_age_ms":27,"ir_span":47,"ir_gap":1,"ir_sat":0,"ir_abort":599,"ir_inferred_added":0,"ir_inferred_removed":0,"ir_calibration":0,"hall_seen":6344426,"ir_seen":12543,"hall_q_drop":0,"ir_q_drop":0,"ir_invalid":13084,"nsr_hall_drop":1,"nsr_ir_drop":0,"nsr_navi_drop":0,"nsr_native_drop":168,"event_drop":0,"pwm0_ir_motion":0,"confirmed":61,"missed":152,"pwm":90,"auto":1,"running":1,"estop":0,"lowvolt":0,"ir_stationary_pwm_warning":1,"pub_drop":0}
2026-09-30T15:01:03.020	ngr/loco/9950011/state/trace	{"consumption_drop":334,"action_drop":0,"command_queue_drop":0,"lossless":false}
2026-09-30T15:01:03.020	ngr/loco/9950011/state/nav	{"state":"NORMAL","mm":3,"target":2,"dir":-1,"session_dir":"CCW","position_reliable":1,"ir_distance_state":"HALL_IR_READY","reference_ready":1,"boot_reference":"PROVISIONAL_OR_SPATIAL","authority":"NAVI_EWO"}
2026-09-30T15:01:03.022	ngr/loco/9950011/telem/ir	{"ir_valid":1,"ir_mmps":0.000,"ir_coupled":0,"ir_speed_reason":"STOPPED","ir_applicable":1,"ir_reason":1,"ir_seq":12621,"ir_pulses":6737,"ir_gap":1,"ir_sat":0,"ir_abort":599,"authority":"NAVI_EWO"}
2026-09-30T15:01:03.022	ngr/loco/9950011/telem/speed	{"ir_valid":1,"ir_mmps":0.000,"ir_coupled":0,"ir_speed_reason":"STOPPED","ir_applicable":1,"ir_reason":1,"ir_seq":12621,"ir_pulses":6737,"ir_gap":1,"ir_sat":0,"ir_abort":599,"authority":"NAVI_EWO"}
2026-09-30T15:01:03.024	ngr/loco/9950011/diag/ir_link	{"radio_ready":1,"seen":25627,"source_mac":"38:18:2B:30:8C:2C","paired_mac":"38:18:2B:30:8C:2C","paired_for_display_only":1,"coupled":0,"invalid_wire":13084,"queue_drop":0}
2026-09-30T15:01:03.025	ngr/loco/9950011/state/throttle	90
2026-09-30T15:01:03.027	ngr/loco/9950011/state/direction	2
2026-09-30T15:01:03.027	ngr/loco/9950011/state/auto	1
2026-09-30T15:01:03.027	ngr/loco/9950011/state/estop	0
2026-09-30T15:01:03.030	ngr/loco/9950011/state/nav_ready	1
2026-09-30T15:01:03.861	ngr/loco/9950011/state/lowvolt	0
2026-09-30T15:01:03.866	ngr/loco/9950011/telem/voltage	16.36
2026-09-30T15:01:03.866	ngr/loco/9950011/telem/current	0.34
2026-09-30T15:01:03.866	ngr/loco/9950011/telem/power	5.62
2026-09-30T15:01:04.026	ngr/loco/9950011/state/loopstat	{"build":"NAVI_EYES_WIDE_OPEN_INTEGRATED_R2","mm":3,"target":2,"dir":-1,"target_distance_mm":330,"target_polarity":-1,"position_reliable":1,"reference_ready":1,"reference":1898,"median5":0,"hall_support":0,"spatial_phase":2,"ir_applicable":1,"ir_distance_state":"HALL_IR_READY","ir_health_fault":6,"ir_readiness":3,"ir_boot":"761B38FCC6F727BE","ir_epoch":1,"ir_epoch_active":1,"ir_seq":12631,"ir_pulses":6737,"ir_reason":1,"ir_age_ms":26,"ir_span":95,"ir_gap":1,"ir_sat":0,"ir_abort":599,"ir_inferred_added":0,"ir_inferred_removed":0,"ir_calibration":0,"hall_seen":6349429,"ir_seen":12553,"hall_q_drop":0,"ir_q_drop":0,"ir_invalid":13094,"nsr_hall_drop":1,"nsr_ir_drop":0,"nsr_navi_drop":0,"nsr_native_drop":168,"event_drop":0,"pwm0_ir_motion":0,"confirmed":61,"missed":152,"pwm":90,"auto":1,"running":1,"estop":0,"lowvolt":0,"ir_stationary_pwm_warning":1,"pub_drop":0}
2026-09-30T15:01:04.029	ngr/loco/9950011/state/trace	{"consumption_drop":334,"action_drop":0,"command_queue_drop":0,"lossless":false}
2026-09-30T15:01:04.029	ngr/loco/9950011/state/nav	{"state":"NORMAL","mm":3,"target":2,"dir":-1,"session_dir":"CCW","position_reliable":1,"ir_distance_state":"HALL_IR_READY","reference_ready":1,"boot_reference":"PROVISIONAL_OR_SPATIAL","authority":"NAVI_EWO"}
2026-09-30T15:01:04.030	ngr/loco/9950011/telem/ir	{"ir_valid":1,"ir_mmps":0.000,"ir_coupled":0,"ir_speed_reason":"STOPPED","ir_applicable":1,"ir_reason":1,"ir_seq":12631,"ir_pulses":6737,"ir_gap":1,"ir_sat":0,"ir_abort":599,"authority":"NAVI_EWO"}
2026-09-30T15:01:04.038	ngr/loco/9950011/telem/speed	{"ir_valid":1,"ir_mmps":0.000,"ir_coupled":0,"ir_speed_reason":"STOPPED","ir_applicable":1,"ir_reason":1,"ir_seq":12631,"ir_pulses":6737,"ir_gap":1,"ir_sat":0,"ir_abort":599,"authority":"NAVI_EWO"}
2026-09-30T15:01:04.038	ngr/loco/9950011/diag/ir_link	{"radio_ready":1,"seen":25647,"source_mac":"38:18:2B:30:8C:2C","paired_mac":"38:18:2B:30:8C:2C","paired_for_display_only":1,"coupled":0,"invalid_wire":13094,"queue_drop":0}
2026-09-30T15:01:04.039	ngr/loco/9950011/state/throttle	90
2026-09-30T15:01:04.039	ngr/loco/9950011/state/direction	2
2026-09-30T15:01:04.041	ngr/loco/9950011/state/auto	1
2026-09-30T15:01:04.042	ngr/loco/9950011/state/estop	0
2026-09-30T15:01:04.042	ngr/loco/9950011/state/nav_ready	1
2026-09-30T15:01:05.020	ngr/loco/9950011/state/loopstat	{"build":"NAVI_EYES_WIDE_OPEN_INTEGRATED_R2","mm":3,"target":2,"dir":-1,"target_distance_mm":330,"target_polarity":-1,"position_reliable":1,"reference_ready":1,"reference":1898,"median5":0,"hall_support":0,"spatial_phase":2,"ir_applicable":1,"ir_distance_state":"HALL_IR_READY","ir_health_fault":6,"ir_readiness":3,"ir_boot":"761B38FCC6F727BE","ir_epoch":1,"ir_epoch_active":1,"ir_seq":12641,"ir_pulses":6737,"ir_reason":1,"ir_age_ms":29,"ir_span":207,"ir_gap":1,"ir_sat":0,"ir_abort":599,"ir_inferred_added":0,"ir_inferred_removed":0,"ir_calibration":0,"hall_seen":6354429,"ir_seen":12563,"hall_q_drop":0,"ir_q_drop":0,"ir_invalid":13103,"nsr_hall_drop":1,"nsr_ir_drop":0,"nsr_navi_drop":0,"nsr_native_drop":168,"event_drop":0,"pwm0_ir_motion":0,"confirmed":61,"missed":152,"pwm":90,"auto":1,"running":1,"estop":0,"lowvolt":0,"ir_stationary_pwm_warning":1,"pub_drop":0}
2026-09-30T15:01:05.028	ngr/loco/9950011/state/trace	{"consumption_drop":334,"action_drop":0,"command_queue_drop":0,"lossless":false}
2026-09-30T15:01:05.039	ngr/loco/9950011/state/nav	{"state":"NORMAL","mm":3,"target":2,"dir":-1,"session_dir":"CCW","position_reliable":1,"ir_distance_state":"HALL_IR_READY","reference_ready":1,"boot_reference":"PROVISIONAL_OR_SPATIAL","authority":"NAVI_EWO"}
2026-09-30T15:01:05.039	ngr/loco/9950011/telem/ir	{"ir_valid":1,"ir_mmps":0.000,"ir_coupled":0,"ir_speed_reason":"STOPPED","ir_applicable":1,"ir_reason":1,"ir_seq":12641,"ir_pulses":6737,"ir_gap":1,"ir_sat":0,"ir_abort":599,"authority":"NAVI_EWO"}
2026-09-30T15:01:05.039	ngr/loco/9950011/telem/speed	{"ir_valid":1,"ir_mmps":0.000,"ir_coupled":0,"ir_speed_reason":"STOPPED","ir_applicable":1,"ir_reason":1,"ir_seq":12641,"ir_pulses":6737,"ir_gap":1,"ir_sat":0,"ir_abort":599,"authority":"NAVI_EWO"}
2026-09-30T15:01:05.039	ngr/loco/9950011/diag/ir_link	{"radio_ready":1,"seen":25666,"source_mac":"38:18:2B:30:8C:2C","paired_mac":"38:18:2B:30:8C:2C","paired_for_display_only":1,"coupled":0,"invalid_wire":13103,"queue_drop":0}
2026-09-30T15:01:05.040	ngr/loco/9950011/state/throttle	90
2026-09-30T15:01:05.040	ngr/loco/9950011/state/direction	2
2026-09-30T15:01:05.040	ngr/loco/9950011/state/auto	1
2026-09-30T15:01:05.040	ngr/loco/9950011/state/estop	0
2026-09-30T15:01:05.040	ngr/loco/9950011/state/nav_ready	1
2026-09-30T15:01:06.023	ngr/loco/9950011/state/loopstat	{"build":"NAVI_EYES_WIDE_OPEN_INTEGRATED_R2","mm":3,"target":2,"dir":-1,"target_distance_mm":330,"target_polarity":-1,"position_reliable":1,"reference_ready":1,"reference":1898,"median5":0,"hall_support":0,"spatial_phase":2,"ir_applicable":1,"ir_distance_state":"HALL_IR_READY","ir_health_fault":0,"ir_readiness":2,"ir_boot":"761B38FCC6F727BE","ir_epoch":1,"ir_epoch_active":1,"ir_seq":12651,"ir_pulses":6737,"ir_reason":5,"ir_age_ms":11,"ir_span":175,"ir_gap":1,"ir_sat":0,"ir_abort":600,"ir_inferred_added":0,"ir_inferred_removed":0,"ir_calibration":0,"hall_seen":6359430,"ir_seen":12573,"hall_q_drop":0,"ir_q_drop":0,"ir_invalid":13113,"nsr_hall_drop":1,"nsr_ir_drop":0,"nsr_navi_drop":0,"nsr_native_drop":168,"event_drop":0,"pwm0_ir_motion":0,"confirmed":61,"missed":152,"pwm":90,"auto":1,"running":1,"estop":0,"lowvolt":0,"ir_stationary_pwm_warning":1,"pub_drop":0}
2026-09-30T15:01:06.029	ngr/loco/9950011/state/trace	{"consumption_drop":334,"action_drop":0,"command_queue_drop":0,"lossless":false}
2026-09-30T15:01:06.029	ngr/loco/9950011/state/nav	{"state":"NORMAL","mm":3,"target":2,"dir":-1,"session_dir":"CCW","position_reliable":1,"ir_distance_state":"HALL_IR_READY","reference_ready":1,"boot_reference":"PROVISIONAL_OR_SPATIAL","authority":"NAVI_EWO"}
2026-09-30T15:01:06.029	ngr/loco/9950011/telem/ir	{"ir_valid":1,"ir_mmps":0.000,"ir_coupled":0,"ir_speed_reason":"STOPPED","ir_applicable":1,"ir_reason":5,"ir_seq":12651,"ir_pulses":6737,"ir_gap":1,"ir_sat":0,"ir_abort":600,"authority":"NAVI_EWO"}
2026-09-30T15:01:06.029	ngr/loco/9950011/telem/speed	{"ir_valid":1,"ir_mmps":0.000,"ir_coupled":0,"ir_speed_reason":"STOPPED","ir_applicable":1,"ir_reason":5,"ir_seq":12651,"ir_pulses":6737,"ir_gap":1,"ir_sat":0,"ir_abort":600,"authority":"NAVI_EWO"}
2026-09-30T15:01:06.030	ngr/loco/9950011/diag/ir_link	{"radio_ready":1,"seen":25686,"source_mac":"38:18:2B:30:8C:2C","paired_mac":"38:18:2B:30:8C:2C","paired_for_display_only":1,"coupled":0,"invalid_wire":13113,"queue_drop":0}
2026-09-30T15:01:06.031	ngr/loco/9950011/state/throttle	90
2026-09-30T15:01:06.031	ngr/loco/9950011/state/direction	2
2026-09-30T15:01:06.031	ngr/loco/9950011/state/auto	1
2026-09-30T15:01:06.031	ngr/loco/9950011/state/estop	0
2026-09-30T15:01:06.032	ngr/loco/9950011/state/nav_ready	1
2026-09-30T15:01:06.777	ngr/loco/9950011/state/connectivity	{"wifi":1,"ip":"192.168.68.72","rssi":-59,"mqtt":1,"mqtt_state":0,"broker":"192.168.68.142","ir_radio":1,"ir_seen":25701,"ir_coupled":0,"navi_sync":1,"udp_failures":183}
2026-09-30T15:01:07.026	ngr/loco/9950011/state/loopstat	{"build":"NAVI_EYES_WIDE_OPEN_INTEGRATED_R2","mm":3,"target":2,"dir":-1,"target_distance_mm":330,"target_polarity":-1,"position_reliable":1,"reference_ready":1,"reference":1898,"median5":0,"hall_support":0,"spatial_phase":2,"ir_applicable":1,"ir_distance_state":"HALL_IR_READY","ir_health_fault":6,"ir_readiness":3,"ir_boot":"761B38FCC6F727BE","ir_epoch":1,"ir_epoch_active":1,"ir_seq":12661,"ir_pulses":6737,"ir_reason":1,"ir_age_ms":15,"ir_span":191,"ir_gap":1,"ir_sat":0,"ir_abort":600,"ir_inferred_added":0,"ir_inferred_removed":0,"ir_calibration":0,"hall_seen":6364429,"ir_seen":12583,"hall_q_drop":0,"ir_q_drop":0,"ir_invalid":13124,"nsr_hall_drop":1,"nsr_ir_drop":0,"nsr_navi_drop":0,"nsr_native_drop":168,"event_drop":0,"pwm0_ir_motion":0,"confirmed":61,"missed":152,"pwm":90,"auto":1,"running":1,"estop":0,"lowvolt":0,"ir_stationary_pwm_warning":1,"pub_drop":0}
2026-09-30T15:01:07.028	ngr/loco/9950011/state/trace	{"consumption_drop":334,"action_drop":0,"command_queue_drop":0,"lossless":false}
2026-09-30T15:01:07.031	ngr/loco/9950011/state/nav	{"state":"NORMAL","mm":3,"target":2,"dir":-1,"session_dir":"CCW","position_reliable":1,"ir_distance_state":"HALL_IR_READY","reference_ready":1,"boot_reference":"PROVISIONAL_OR_SPATIAL","authority":"NAVI_EWO"}
2026-09-30T15:01:07.031	ngr/loco/9950011/telem/ir	{"ir_valid":1,"ir_mmps":0.000,"ir_coupled":0,"ir_speed_reason":"STOPPED","ir_applicable":1,"ir_reason":1,"ir_seq":12661,"ir_pulses":6737,"ir_gap":1,"ir_sat":0,"ir_abort":600,"authority":"NAVI_EWO"}
2026-09-30T15:01:07.031	ngr/loco/9950011/telem/speed	{"ir_valid":1,"ir_mmps":0.000,"ir_coupled":0,"ir_speed_reason":"STOPPED","ir_applicable":1,"ir_reason":1,"ir_seq":12661,"ir_pulses":6737,"ir_gap":1,"ir_sat":0,"ir_abort":600,"authority":"NAVI_EWO"}
2026-09-30T15:01:07.035	ngr/loco/9950011/diag/ir_link	{"radio_ready":1,"seen":25707,"source_mac":"38:18:2B:30:8C:2C","paired_mac":"38:18:2B:30:8C:2C","paired_for_display_only":1,"coupled":0,"invalid_wire":13124,"queue_drop":0}
2026-09-30T15:01:07.035	ngr/loco/9950011/state/throttle	90
2026-09-30T15:01:07.036	ngr/loco/9950011/state/direction	2
2026-09-30T15:01:07.036	ngr/loco/9950011/state/auto	1
2026-09-30T15:01:07.036	ngr/loco/9950011/state/estop	0
2026-09-30T15:01:07.037	ngr/loco/9950011/state/nav_ready	1
2026-09-30T15:01:08.025	ngr/loco/9950011/state/loopstat	{"build":"NAVI_EYES_WIDE_OPEN_INTEGRATED_R2","mm":3,"target":2,"dir":-1,"target_distance_mm":330,"target_polarity":-1,"position_reliable":1,"reference_ready":1,"reference":1898,"median5":0,"hall_support":0,"spatial_phase":2,"ir_applicable":1,"ir_distance_state":"HALL_IR_READY","ir_health_fault":0,"ir_readiness":2,"ir_boot":"761B38FCC6F727BE","ir_epoch":1,"ir_epoch_active":1,"ir_seq":12671,"ir_pulses":6737,"ir_reason":5,"ir_age_ms":13,"ir_span":159,"ir_gap":1,"ir_sat":0,"ir_abort":601,"ir_inferred_added":0,"ir_inferred_removed":0,"ir_calibration":0,"hall_seen":6369429,"ir_seen":12593,"hall_q_drop":0,"ir_q_drop":0,"ir_invalid":13134,"nsr_hall_drop":1,"nsr_ir_drop":0,"nsr_navi_drop":0,"nsr_native_drop":168,"event_drop":0,"pwm0_ir_motion":0,"confirmed":61,"missed":152,"pwm":90,"auto":1,"running":1,"estop":0,"lowvolt":0,"ir_stationary_pwm_warning":1,"pub_drop":0}
2026-09-30T15:01:08.054	ngr/loco/9950011/state/trace	{"consumption_drop":334,"action_drop":0,"command_queue_drop":0,"lossless":false}
2026-09-30T15:01:08.054	ngr/loco/9950011/state/nav	{"state":"NORMAL","mm":3,"target":2,"dir":-1,"session_dir":"CCW","position_reliable":1,"ir_distance_state":"HALL_IR_READY","reference_ready":1,"boot_reference":"PROVISIONAL_OR_SPATIAL","authority":"NAVI_EWO"}
2026-09-30T15:01:08.054	ngr/loco/9950011/telem/ir	{"ir_valid":1,"ir_mmps":0.000,"ir_coupled":0,"ir_speed_reason":"STOPPED","ir_applicable":1,"ir_reason":5,"ir_seq":12671,"ir_pulses":6737,"ir_gap":1,"ir_sat":0,"ir_abort":601,"authority":"NAVI_EWO"}
2026-09-30T15:01:08.054	ngr/loco/9950011/telem/speed	{"ir_valid":1,"ir_mmps":0.000,"ir_coupled":0,"ir_speed_reason":"STOPPED","ir_applicable":1,"ir_reason":5,"ir_seq":12671,"ir_pulses":6737,"ir_gap":1,"ir_sat":0,"ir_abort":601,"authority":"NAVI_EWO"}
2026-09-30T15:01:08.054	ngr/loco/9950011/diag/ir_link	{"radio_ready":1,"seen":25727,"source_mac":"38:18:2B:30:8C:2C","paired_mac":"38:18:2B:30:8C:2C","paired_for_display_only":1,"coupled":0,"invalid_wire":13134,"queue_drop":0}
2026-09-30T15:01:08.055	ngr/loco/9950011/state/throttle	90
2026-09-30T15:01:08.055	ngr/loco/9950011/state/direction	2
2026-09-30T15:01:08.055	ngr/loco/9950011/state/auto	1
2026-09-30T15:01:08.055	ngr/loco/9950011/state/estop	0
2026-09-30T15:01:08.055	ngr/loco/9950011/state/nav_ready	1
2026-09-30T15:01:08.852	ngr/loco/9950011/state/lowvolt	0
2026-09-30T15:01:08.855	ngr/loco/9950011/telem/voltage	16.39
2026-09-30T15:01:08.855	ngr/loco/9950011/telem/current	0.22
2026-09-30T15:01:08.855	ngr/loco/9950011/telem/power	4.18
2026-09-30T15:01:09.027	ngr/loco/9950011/state/loopstat	{"build":"NAVI_EYES_WIDE_OPEN_INTEGRATED_R2","mm":3,"target":2,"dir":-1,"target_distance_mm":330,"target_polarity":-1,"position_reliable":1,"reference_ready":1,"reference":1898,"median5":0,"hall_support":0,"spatial_phase":2,"ir_applicable":1,"ir_distance_state":"HALL_IR_READY","ir_health_fault":6,"ir_readiness":3,"ir_boot":"761B38FCC6F727BE","ir_epoch":1,"ir_epoch_active":1,"ir_seq":12681,"ir_pulses":6737,"ir_reason":1,"ir_age_ms":30,"ir_span":79,"ir_gap":1,"ir_sat":0,"ir_abort":601,"ir_inferred_added":0,"ir_inferred_removed":0,"ir_calibration":0,"hall_seen":6374433,"ir_seen":12603,"hall_q_drop":0,"ir_q_drop":0,"ir_invalid":13145,"nsr_hall_drop":1,"nsr_ir_drop":0,"nsr_navi_drop":0,"nsr_native_drop":168,"event_drop":0,"pwm0_ir_motion":0,"confirmed":61,"missed":152,"pwm":90,"auto":1,"running":1,"estop":0,"lowvolt":0,"ir_stationary_pwm_warning":1,"pub_drop":0}
2026-09-30T15:01:09.031	ngr/loco/9950011/state/trace	{"consumption_drop":334,"action_drop":0,"command_queue_drop":0,"lossless":false}
2026-09-30T15:01:09.031	ngr/loco/9950011/state/nav	{"state":"NORMAL","mm":3,"target":2,"dir":-1,"session_dir":"CCW","position_reliable":1,"ir_distance_state":"HALL_IR_READY","reference_ready":1,"boot_reference":"PROVISIONAL_OR_SPATIAL","authority":"NAVI_EWO"}
2026-09-30T15:01:09.031	ngr/loco/9950011/telem/ir	{"ir_valid":1,"ir_mmps":0.000,"ir_coupled":0,"ir_speed_reason":"STOPPED","ir_applicable":1,"ir_reason":1,"ir_seq":12681,"ir_pulses":6737,"ir_gap":1,"ir_sat":0,"ir_abort":601,"authority":"NAVI_EWO"}
2026-09-30T15:01:09.031	ngr/loco/9950011/telem/speed	{"ir_valid":1,"ir_mmps":0.000,"ir_coupled":0,"ir_speed_reason":"STOPPED","ir_applicable":1,"ir_reason":1,"ir_seq":12681,"ir_pulses":6737,"ir_gap":1,"ir_sat":0,"ir_abort":601,"authority":"NAVI_EWO"}
2026-09-30T15:01:09.032	ngr/loco/9950011/diag/ir_link	{"radio_ready":1,"seen":25748,"source_mac":"38:18:2B:30:8C:2C","paired_mac":"38:18:2B:30:8C:2C","paired_for_display_only":1,"coupled":0,"invalid_wire":13145,"queue_drop":0}
2026-09-30T15:01:09.032	ngr/loco/9950011/state/throttle	90
2026-09-30T15:01:09.032	ngr/loco/9950011/state/direction	2
2026-09-30T15:01:09.032	ngr/loco/9950011/state/auto	1
2026-09-30T15:01:09.032	ngr/loco/9950011/state/estop	0
2026-09-30T15:01:09.033	ngr/loco/9950011/state/nav_ready	1
2026-09-30T15:01:10.026	ngr/loco/9950011/state/loopstat	{"build":"NAVI_EYES_WIDE_OPEN_INTEGRATED_R2","mm":3,"target":2,"dir":-1,"target_distance_mm":330,"target_polarity":-1,"position_reliable":1,"reference_ready":1,"reference":1898,"median5":0,"hall_support":0,"spatial_phase":2,"ir_applicable":1,"ir_distance_state":"HALL_IR_READY","ir_health_fault":6,"ir_readiness":3,"ir_boot":"761B38FCC6F727BE","ir_epoch":1,"ir_epoch_active":1,"ir_seq":12691,"ir_pulses":6737,"ir_reason":1,"ir_age_ms":20,"ir_span":63,"ir_gap":1,"ir_sat":0,"ir_abort":601,"ir_inferred_added":0,"ir_inferred_removed":0,"ir_calibration":0,"hall_seen":6379434,"ir_seen":12613,"hall_q_drop":0,"ir_q_drop":0,"ir_invalid":13155,"nsr_hall_drop":1,"nsr_ir_drop":0,"nsr_navi_drop":0,"nsr_native_drop":168,"event_drop":0,"pwm0_ir_motion":0,"confirmed":61,"missed":152,"pwm":90,"auto":1,"running":1,"estop":0,"lowvolt":0,"ir_stationary_pwm_warning":1,"pub_drop":0}
2026-09-30T15:01:10.028	ngr/loco/9950011/state/trace	{"consumption_drop":334,"action_drop":0,"command_queue_drop":0,"lossless":false}
2026-09-30T15:01:10.032	ngr/loco/9950011/state/nav	{"state":"NORMAL","mm":3,"target":2,"dir":-1,"session_dir":"CCW","position_reliable":1,"ir_distance_state":"HALL_IR_READY","reference_ready":1,"boot_reference":"PROVISIONAL_OR_SPATIAL","authority":"NAVI_EWO"}
2026-09-30T15:01:10.032	ngr/loco/9950011/telem/ir	{"ir_valid":1,"ir_mmps":0.000,"ir_coupled":0,"ir_speed_reason":"STOPPED","ir_applicable":1,"ir_reason":1,"ir_seq":12691,"ir_pulses":6737,"ir_gap":1,"ir_sat":0,"ir_abort":601,"authority":"NAVI_EWO"}
2026-09-30T15:01:10.033	ngr/loco/9950011/telem/speed	{"ir_valid":1,"ir_mmps":0.000,"ir_coupled":0,"ir_speed_reason":"STOPPED","ir_applicable":1,"ir_reason":1,"ir_seq":12691,"ir_pulses":6737,"ir_gap":1,"ir_sat":0,"ir_abort":601,"authority":"NAVI_EWO"}
2026-09-30T15:01:10.035	ngr/loco/9950011/diag/ir_link	{"radio_ready":1,"seen":25768,"source_mac":"38:18:2B:30:8C:2C","paired_mac":"38:18:2B:30:8C:2C","paired_for_display_only":1,"coupled":0,"invalid_wire":13155,"queue_drop":0}
2026-09-30T15:01:10.035	ngr/loco/9950011/state/throttle	90
2026-09-30T15:01:10.035	ngr/loco/9950011/state/direction	2
2026-09-30T15:01:10.035	ngr/loco/9950011/state/auto	1
2026-09-30T15:01:10.035	ngr/loco/9950011/state/estop	0
2026-09-30T15:01:10.038	ngr/loco/9950011/state/nav_ready	1
2026-09-30T15:01:11.047	ngr/loco/9950011/state/loopstat	{"build":"NAVI_EYES_WIDE_OPEN_INTEGRATED_R2","mm":3,"target":2,"dir":-1,"target_distance_mm":330,"target_polarity":-1,"position_reliable":1,"reference_ready":1,"reference":1898,"median5":0,"hall_support":0,"spatial_phase":2,"ir_applicable":1,"ir_distance_state":"HALL_IR_READY","ir_health_fault":6,"ir_readiness":3,"ir_boot":"761B38FCC6F727BE","ir_epoch":1,"ir_epoch_active":1,"ir_seq":12701,"ir_pulses":6737,"ir_reason":1,"ir_age_ms":19,"ir_span":223,"ir_gap":1,"ir_sat":0,"ir_abort":601,"ir_inferred_added":0,"ir_inferred_removed":0,"ir_calibration":0,"hall_seen":6384435,"ir_seen":12623,"hall_q_drop":0,"ir_q_drop":0,"ir_invalid":13166,"nsr_hall_drop":1,"nsr_ir_drop":0,"nsr_navi_drop":0,"nsr_native_drop":168,"event_drop":0,"pwm0_ir_motion":0,"confirmed":61,"missed":152,"pwm":90,"auto":1,"running":1,"estop":0,"lowvolt":0,"ir_stationary_pwm_warning":1,"pub_drop":0}
2026-09-30T15:01:11.054	ngr/loco/9950011/state/trace	{"consumption_drop":334,"action_drop":0,"command_queue_drop":0,"lossless":false}
2026-09-30T15:01:11.054	ngr/loco/9950011/state/nav	{"state":"NORMAL","mm":3,"target":2,"dir":-1,"session_dir":"CCW","position_reliable":1,"ir_distance_state":"HALL_IR_READY","reference_ready":1,"boot_reference":"PROVISIONAL_OR_SPATIAL","authority":"NAVI_EWO"}
2026-09-30T15:01:11.054	ngr/loco/9950011/telem/ir	{"ir_valid":1,"ir_mmps":0.000,"ir_coupled":0,"ir_speed_reason":"STOPPED","ir_applicable":1,"ir_reason":1,"ir_seq":12701,"ir_pulses":6737,"ir_gap":1,"ir_sat":0,"ir_abort":601,"authority":"NAVI_EWO"}
2026-09-30T15:01:11.054	ngr/loco/9950011/telem/speed	{"ir_valid":1,"ir_mmps":0.000,"ir_coupled":0,"ir_speed_reason":"STOPPED","ir_applicable":1,"ir_reason":1,"ir_seq":12701,"ir_pulses":6737,"ir_gap":1,"ir_sat":0,"ir_abort":601,"authority":"NAVI_EWO"}
2026-09-30T15:01:11.054	ngr/loco/9950011/diag/ir_link	{"radio_ready":1,"seen":25789,"source_mac":"38:18:2B:30:8C:2C","paired_mac":"38:18:2B:30:8C:2C","paired_for_display_only":1,"coupled":0,"invalid_wire":13166,"queue_drop":0}
2026-09-30T15:01:11.055	ngr/loco/9950011/state/throttle	90
2026-09-30T15:01:11.055	ngr/loco/9950011/state/direction	2
2026-09-30T15:01:11.055	ngr/loco/9950011/state/auto	1
2026-09-30T15:01:11.055	ngr/loco/9950011/state/estop	0
2026-09-30T15:01:11.055	ngr/loco/9950011/state/nav_ready	1
2026-09-30T15:01:11.778	ngr/loco/9950011/state/connectivity	{"wifi":1,"ip":"192.168.68.72","rssi":-49,"mqtt":1,"mqtt_state":0,"broker":"192.168.68.142","ir_radio":1,"ir_seen":25804,"ir_coupled":0,"navi_sync":1,"udp_failures":183}
2026-09-30T15:01:12.026	ngr/loco/9950011/state/loopstat	{"build":"NAVI_EYES_WIDE_OPEN_INTEGRATED_R2","mm":3,"target":2,"dir":-1,"target_distance_mm":330,"target_polarity":-1,"position_reliable":1,"reference_ready":1,"reference":1898,"median5":0,"hall_support":0,"spatial_phase":2,"ir_applicable":1,"ir_distance_state":"HALL_IR_READY","ir_health_fault":6,"ir_readiness":3,"ir_boot":"761B38FCC6F727BE","ir_epoch":1,"ir_epoch_active":1,"ir_seq":12711,"ir_pulses":6737,"ir_reason":1,"ir_age_ms":25,"ir_span":47,"ir_gap":1,"ir_sat":0,"ir_abort":602,"ir_inferred_added":0,"ir_inferred_removed":0,"ir_calibration":0,"hall_seen":6389439,"ir_seen":12633,"hall_q_drop":0,"ir_q_drop":0,"ir_invalid":13176,"nsr_hall_drop":1,"nsr_ir_drop":0,"nsr_navi_drop":0,"nsr_native_drop":168,"event_drop":0,"pwm0_ir_motion":0,"confirmed":61,"missed":152,"pwm":90,"auto":1,"running":1,"estop":0,"lowvolt":0,"ir_stationary_pwm_warning":1,"pub_drop":0}
2026-09-30T15:01:12.028	ngr/loco/9950011/state/trace	{"consumption_drop":334,"action_drop":0,"command_queue_drop":0,"lossless":false}
2026-09-30T15:01:12.028	ngr/loco/9950011/state/nav	{"state":"NORMAL","mm":3,"target":2,"dir":-1,"session_dir":"CCW","position_reliable":1,"ir_distance_state":"HALL_IR_READY","reference_ready":1,"boot_reference":"PROVISIONAL_OR_SPATIAL","authority":"NAVI_EWO"}
2026-09-30T15:01:12.031	ngr/loco/9950011/telem/ir	{"ir_valid":1,"ir_mmps":0.000,"ir_coupled":0,"ir_speed_reason":"STOPPED","ir_applicable":1,"ir_reason":1,"ir_seq":12711,"ir_pulses":6737,"ir_gap":1,"ir_sat":0,"ir_abort":602,"authority":"NAVI_EWO"}
2026-09-30T15:01:12.031	ngr/loco/9950011/telem/speed	{"ir_valid":1,"ir_mmps":0.000,"ir_coupled":0,"ir_speed_reason":"STOPPED","ir_applicable":1,"ir_reason":1,"ir_seq":12711,"ir_pulses":6737,"ir_gap":1,"ir_sat":0,"ir_abort":602,"authority":"NAVI_EWO"}
2026-09-30T15:01:12.031	ngr/loco/9950011/diag/ir_link	{"radio_ready":1,"seen":25809,"source_mac":"38:18:2B:30:8C:2C","paired_mac":"38:18:2B:30:8C:2C","paired_for_display_only":1,"coupled":0,"invalid_wire":13176,"queue_drop":0}
2026-09-30T15:01:12.033	ngr/loco/9950011/state/throttle	90
2026-09-30T15:01:12.033	ngr/loco/9950011/state/direction	2
2026-09-30T15:01:12.033	ngr/loco/9950011/state/auto	1
2026-09-30T15:01:12.039	ngr/loco/9950011/state/estop	0
2026-09-30T15:01:12.039	ngr/loco/9950011/state/nav_ready	1
2026-09-30T15:01:13.025	ngr/loco/9950011/state/loopstat	{"build":"NAVI_EYES_WIDE_OPEN_INTEGRATED_R2","mm":3,"target":2,"dir":-1,"target_distance_mm":330,"target_polarity":-1,"position_reliable":1,"reference_ready":1,"reference":1898,"median5":0,"hall_support":0,"spatial_phase":2,"ir_applicable":1,"ir_distance_state":"HALL_IR_READY","ir_health_fault":0,"ir_readiness":2,"ir_boot":"761B38FCC6F727BE","ir_epoch":1,"ir_epoch_active":1,"ir_seq":12721,"ir_pulses":6737,"ir_reason":5,"ir_age_ms":24,"ir_span":143,"ir_gap":1,"ir_sat":0,"ir_abort":603,"ir_inferred_added":0,"ir_inferred_removed":0,"ir_calibration":0,"hall_seen":6394435,"ir_seen":12643,"hall_q_drop":0,"ir_q_drop":0,"ir_invalid":13186,"nsr_hall_drop":1,"nsr_ir_drop":0,"nsr_navi_drop":0,"nsr_native_drop":168,"event_drop":0,"pwm0_ir_motion":0,"confirmed":61,"missed":152,"pwm":90,"auto":1,"running":1,"estop":0,"lowvolt":0,"ir_stationary_pwm_warning":1,"pub_drop":0}
2026-09-30T15:01:13.027	ngr/loco/9950011/state/trace	{"consumption_drop":334,"action_drop":0,"command_queue_drop":0,"lossless":false}
2026-09-30T15:01:13.028	ngr/loco/9950011/state/nav	{"state":"NORMAL","mm":3,"target":2,"dir":-1,"session_dir":"CCW","position_reliable":1,"ir_distance_state":"HALL_IR_READY","reference_ready":1,"boot_reference":"PROVISIONAL_OR_SPATIAL","authority":"NAVI_EWO"}
2026-09-30T15:01:13.028	ngr/loco/9950011/telem/ir	{"ir_valid":1,"ir_mmps":0.000,"ir_coupled":0,"ir_speed_reason":"STOPPED","ir_applicable":1,"ir_reason":5,"ir_seq":12721,"ir_pulses":6737,"ir_gap":1,"ir_sat":0,"ir_abort":603,"authority":"NAVI_EWO"}
2026-09-30T15:01:13.029	ngr/loco/9950011/telem/speed	{"ir_valid":1,"ir_mmps":0.000,"ir_coupled":0,"ir_speed_reason":"STOPPED","ir_applicable":1,"ir_reason":5,"ir_seq":12721,"ir_pulses":6737,"ir_gap":1,"ir_sat":0,"ir_abort":603,"authority":"NAVI_EWO"}
2026-09-30T15:01:13.029	ngr/loco/9950011/diag/ir_link	{"radio_ready":1,"seen":25829,"source_mac":"38:18:2B:30:8C:2C","paired_mac":"38:18:2B:30:8C:2C","paired_for_display_only":1,"coupled":0,"invalid_wire":13186,"queue_drop":0}
2026-09-30T15:01:13.029	ngr/loco/9950011/state/throttle	90
2026-09-30T15:01:13.030	ngr/loco/9950011/state/direction	2
2026-09-30T15:01:13.030	ngr/loco/9950011/state/auto	1
2026-09-30T15:01:13.030	ngr/loco/9950011/state/estop	0
2026-09-30T15:01:13.030	ngr/loco/9950011/state/nav_ready	1
2026-09-30T15:01:13.845	ngr/loco/9950011/state/lowvolt	0
2026-09-30T15:01:13.896	ngr/loco/9950011/telem/voltage	16.37
2026-09-30T15:01:13.896	ngr/loco/9950011/telem/current	0.28
2026-09-30T15:01:13.897	ngr/loco/9950011/telem/power	5.53
2026-09-30T15:01:14.020	ngr/loco/9950011/state/loopstat	{"build":"NAVI_EYES_WIDE_OPEN_INTEGRATED_R2","mm":3,"target":2,"dir":-1,"target_distance_mm":330,"target_polarity":-1,"position_reliable":1,"reference_ready":1,"reference":1898,"median5":0,"hall_support":0,"spatial_phase":2,"ir_applicable":1,"ir_distance_state":"HALL_IR_READY","ir_health_fault":0,"ir_readiness":2,"ir_boot":"761B38FCC6F727BE","ir_epoch":1,"ir_epoch_active":1,"ir_seq":12731,"ir_pulses":6737,"ir_reason":5,"ir_age_ms":9,"ir_span":159,"ir_gap":1,"ir_sat":0,"ir_abort":603,"ir_inferred_added":0,"ir_inferred_removed":0,"ir_calibration":0,"hall_seen":6399439,"ir_seen":12653,"hall_q_drop":0,"ir_q_drop":0,"ir_invalid":13196,"nsr_hall_drop":1,"nsr_ir_drop":0,"nsr_navi_drop":0,"nsr_native_drop":168,"event_drop":0,"pwm0_ir_motion":0,"confirmed":61,"missed":152,"pwm":90,"auto":1,"running":1,"estop":0,"lowvolt":0,"ir_stationary_pwm_warning":1,"pub_drop":0}
2026-09-30T15:01:14.023	ngr/loco/9950011/state/trace	{"consumption_drop":334,"action_drop":0,"command_queue_drop":0,"lossless":false}
2026-09-30T15:01:14.025	ngr/loco/9950011/state/nav	{"state":"NORMAL","mm":3,"target":2,"dir":-1,"session_dir":"CCW","position_reliable":1,"ir_distance_state":"HALL_IR_READY","reference_ready":1,"boot_reference":"PROVISIONAL_OR_SPATIAL","authority":"NAVI_EWO"}
2026-09-30T15:01:14.026	ngr/loco/9950011/telem/ir	{"ir_valid":1,"ir_mmps":0.000,"ir_coupled":0,"ir_speed_reason":"STOPPED","ir_applicable":1,"ir_reason":5,"ir_seq":12731,"ir_pulses":6737,"ir_gap":1,"ir_sat":0,"ir_abort":603,"authority":"NAVI_EWO"}
2026-09-30T15:01:14.026	ngr/loco/9950011/telem/speed	{"ir_valid":1,"ir_mmps":0.000,"ir_coupled":0,"ir_speed_reason":"STOPPED","ir_applicable":1,"ir_reason":5,"ir_seq":12731,"ir_pulses":6737,"ir_gap":1,"ir_sat":0,"ir_abort":603,"authority":"NAVI_EWO"}
2026-09-30T15:01:14.027	ngr/loco/9950011/diag/ir_link	{"radio_ready":1,"seen":25849,"source_mac":"38:18:2B:30:8C:2C","paired_mac":"38:18:2B:30:8C:2C","paired_for_display_only":1,"coupled":0,"invalid_wire":13196,"queue_drop":0}
2026-09-30T15:01:14.028	ngr/loco/9950011/state/throttle	90
2026-09-30T15:01:14.028	ngr/loco/9950011/state/direction	2
2026-09-30T15:01:14.030	ngr/loco/9950011/state/auto	1
2026-09-30T15:01:14.030	ngr/loco/9950011/state/estop	0
2026-09-30T15:01:14.031	ngr/loco/9950011/state/nav_ready	1
2026-09-30T15:01:15.023	ngr/loco/9950011/state/loopstat	{"build":"NAVI_EYES_WIDE_OPEN_INTEGRATED_R2","mm":3,"target":2,"dir":-1,"target_distance_mm":330,"target_polarity":-1,"position_reliable":1,"reference_ready":1,"reference":1898,"median5":0,"hall_support":0,"spatial_phase":2,"ir_applicable":1,"ir_distance_state":"HALL_IR_READY","ir_health_fault":6,"ir_readiness":3,"ir_boot":"761B38FCC6F727BE","ir_epoch":1,"ir_epoch_active":1,"ir_seq":12741,"ir_pulses":6737,"ir_reason":1,"ir_age_ms":9,"ir_span":31,"ir_gap":1,"ir_sat":0,"ir_abort":603,"ir_inferred_added":0,"ir_inferred_removed":0,"ir_calibration":0,"hall_seen":6404439,"ir_seen":12663,"hall_q_drop":0,"ir_q_drop":0,"ir_invalid":13206,"nsr_hall_drop":1,"nsr_ir_drop":0,"nsr_navi_drop":0,"nsr_native_drop":168,"event_drop":0,"pwm0_ir_motion":0,"confirmed":61,"missed":152,"pwm":90,"auto":1,"running":1,"estop":0,"lowvolt":0,"ir_stationary_pwm_warning":1,"pub_drop":0}
2026-09-30T15:01:15.028	ngr/loco/9950011/state/trace	{"consumption_drop":334,"action_drop":0,"command_queue_drop":0,"lossless":false}
2026-09-30T15:01:15.028	ngr/loco/9950011/state/nav	{"state":"NORMAL","mm":3,"target":2,"dir":-1,"session_dir":"CCW","position_reliable":1,"ir_distance_state":"HALL_IR_READY","reference_ready":1,"boot_reference":"PROVISIONAL_OR_SPATIAL","authority":"NAVI_EWO"}
2026-09-30T15:01:15.034	ngr/loco/9950011/telem/ir	{"ir_valid":1,"ir_mmps":0.000,"ir_coupled":0,"ir_speed_reason":"STOPPED","ir_applicable":1,"ir_reason":1,"ir_seq":12741,"ir_pulses":6737,"ir_gap":1,"ir_sat":0,"ir_abort":603,"authority":"NAVI_EWO"}
2026-09-30T15:01:15.035	ngr/loco/9950011/telem/speed	{"ir_valid":1,"ir_mmps":0.000,"ir_coupled":0,"ir_speed_reason":"STOPPED","ir_applicable":1,"ir_reason":1,"ir_seq":12741,"ir_pulses":6737,"ir_gap":1,"ir_sat":0,"ir_abort":603,"authority":"NAVI_EWO"}
2026-09-30T15:01:15.035	ngr/loco/9950011/diag/ir_link	{"radio_ready":1,"seen":25869,"source_mac":"38:18:2B:30:8C:2C","paired_mac":"38:18:2B:30:8C:2C","paired_for_display_only":1,"coupled":0,"invalid_wire":13206,"queue_drop":0}
2026-09-30T15:01:15.035	ngr/loco/9950011/state/throttle	90
2026-09-30T15:01:15.036	ngr/loco/9950011/state/direction	2
2026-09-30T15:01:15.036	ngr/loco/9950011/state/auto	1
2026-09-30T15:01:15.039	ngr/loco/9950011/state/estop	0
2026-09-30T15:01:15.039	ngr/loco/9950011/state/nav_ready	1
2026-09-30T15:01:16.021	ngr/loco/9950011/state/loopstat	{"build":"NAVI_EYES_WIDE_OPEN_INTEGRATED_R2","mm":3,"target":2,"dir":-1,"target_distance_mm":330,"target_polarity":-1,"position_reliable":1,"reference_ready":1,"reference":1898,"median5":0,"hall_support":0,"spatial_phase":2,"ir_applicable":1,"ir_distance_state":"HALL_IR_READY","ir_health_fault":6,"ir_readiness":3,"ir_boot":"761B38FCC6F727BE","ir_epoch":1,"ir_epoch_active":1,"ir_seq":12751,"ir_pulses":6737,"ir_reason":1,"ir_age_ms":12,"ir_span":47,"ir_gap":1,"ir_sat":0,"ir_abort":603,"ir_inferred_added":0,"ir_inferred_removed":0,"ir_calibration":0,"hall_seen":6409440,"ir_seen":12673,"hall_q_drop":0,"ir_q_drop":0,"ir_invalid":13217,"nsr_hall_drop":1,"nsr_ir_drop":0,"nsr_navi_drop":0,"nsr_native_drop":168,"event_drop":0,"pwm0_ir_motion":0,"confirmed":61,"missed":152,"pwm":90,"auto":1,"running":1,"estop":0,"lowvolt":0,"ir_stationary_pwm_warning":1,"pub_drop":0}
2026-09-30T15:01:16.023	ngr/loco/9950011/state/trace	{"consumption_drop":334,"action_drop":0,"command_queue_drop":0,"lossless":false}
2026-09-30T15:01:16.026	ngr/loco/9950011/state/nav	{"state":"NORMAL","mm":3,"target":2,"dir":-1,"session_dir":"CCW","position_reliable":1,"ir_distance_state":"HALL_IR_READY","reference_ready":1,"boot_reference":"PROVISIONAL_OR_SPATIAL","authority":"NAVI_EWO"}
2026-09-30T15:01:16.027	ngr/loco/9950011/telem/ir	{"ir_valid":1,"ir_mmps":0.000,"ir_coupled":0,"ir_speed_reason":"STOPPED","ir_applicable":1,"ir_reason":1,"ir_seq":12751,"ir_pulses":6737,"ir_gap":1,"ir_sat":0,"ir_abort":603,"authority":"NAVI_EWO"}
2026-09-30T15:01:16.027	ngr/loco/9950011/telem/speed	{"ir_valid":1,"ir_mmps":0.000,"ir_coupled":0,"ir_speed_reason":"STOPPED","ir_applicable":1,"ir_reason":1,"ir_seq":12751,"ir_pulses":6737,"ir_gap":1,"ir_sat":0,"ir_abort":603,"authority":"NAVI_EWO"}
2026-09-30T15:01:16.028	ngr/loco/9950011/diag/ir_link	{"radio_ready":1,"seen":25890,"source_mac":"38:18:2B:30:8C:2C","paired_mac":"38:18:2B:30:8C:2C","paired_for_display_only":1,"coupled":0,"invalid_wire":13217,"queue_drop":0}
2026-09-30T15:01:16.028	ngr/loco/9950011/state/throttle	90
2026-09-30T15:01:16.029	ngr/loco/9950011/state/direction	2
2026-09-30T15:01:16.029	ngr/loco/9950011/state/auto	1
2026-09-30T15:01:16.030	ngr/loco/9950011/state/estop	0
2026-09-30T15:01:16.032	ngr/loco/9950011/state/nav_ready	1
2026-09-30T15:01:16.785	ngr/loco/9950011/state/connectivity	{"wifi":1,"ip":"192.168.68.72","rssi":-51,"mqtt":1,"mqtt_state":0,"broker":"192.168.68.142","ir_radio":1,"ir_seen":25905,"ir_coupled":0,"navi_sync":1,"udp_failures":183}
2026-09-30T15:01:17.024	ngr/loco/9950011/state/loopstat	{"build":"NAVI_EYES_WIDE_OPEN_INTEGRATED_R2","mm":3,"target":2,"dir":-1,"target_distance_mm":330,"target_polarity":-1,"position_reliable":1,"reference_ready":1,"reference":1898,"median5":0,"hall_support":0,"spatial_phase":2,"ir_applicable":1,"ir_distance_state":"HALL_IR_READY","ir_health_fault":6,"ir_readiness":3,"ir_boot":"761B38FCC6F727BE","ir_epoch":1,"ir_epoch_active":1,"ir_seq":12761,"ir_pulses":6737,"ir_reason":1,"ir_age_ms":11,"ir_span":95,"ir_gap":1,"ir_sat":0,"ir_abort":603,"ir_inferred_added":0,"ir_inferred_removed":0,"ir_calibration":0,"hall_seen":6414435,"ir_seen":12683,"hall_q_drop":0,"ir_q_drop":0,"ir_invalid":13227,"nsr_hall_drop":1,"nsr_ir_drop":0,"nsr_navi_drop":0,"nsr_native_drop":168,"event_drop":0,"pwm0_ir_motion":0,"confirmed":61,"missed":152,"pwm":90,"auto":1,"running":1,"estop":0,"lowvolt":0,"ir_stationary_pwm_warning":1,"pub_drop":0}
2026-09-30T15:01:17.030	ngr/loco/9950011/state/trace	{"consumption_drop":334,"action_drop":0,"command_queue_drop":0,"lossless":false}
2026-09-30T15:01:17.031	ngr/loco/9950011/state/nav	{"state":"NORMAL","mm":3,"target":2,"dir":-1,"session_dir":"CCW","position_reliable":1,"ir_distance_state":"HALL_IR_READY","reference_ready":1,"boot_reference":"PROVISIONAL_OR_SPATIAL","authority":"NAVI_EWO"}
2026-09-30T15:01:17.031	ngr/loco/9950011/telem/ir	{"ir_valid":1,"ir_mmps":0.000,"ir_coupled":0,"ir_speed_reason":"STOPPED","ir_applicable":1,"ir_reason":1,"ir_seq":12761,"ir_pulses":6737,"ir_gap":1,"ir_sat":0,"ir_abort":603,"authority":"NAVI_EWO"}
2026-09-30T15:01:17.032	ngr/loco/9950011/telem/speed	{"ir_valid":1,"ir_mmps":0.000,"ir_coupled":0,"ir_speed_reason":"STOPPED","ir_applicable":1,"ir_reason":1,"ir_seq":12761,"ir_pulses":6737,"ir_gap":1,"ir_sat":0,"ir_abort":603,"authority":"NAVI_EWO"}
2026-09-30T15:01:17.037	ngr/loco/9950011/diag/ir_link	{"radio_ready":1,"seen":25910,"source_mac":"38:18:2B:30:8C:2C","paired_mac":"38:18:2B:30:8C:2C","paired_for_display_only":1,"coupled":0,"invalid_wire":13227,"queue_drop":0}
2026-09-30T15:01:17.037	ngr/loco/9950011/state/throttle	90
2026-09-30T15:01:17.037	ngr/loco/9950011/state/direction	2
2026-09-30T15:01:17.038	ngr/loco/9950011/state/auto	1
2026-09-30T15:01:17.038	ngr/loco/9950011/state/estop	0
2026-09-30T15:01:17.038	ngr/loco/9950011/state/nav_ready	1
2026-09-30T15:01:18.023	ngr/loco/9950011/state/loopstat	{"build":"NAVI_EYES_WIDE_OPEN_INTEGRATED_R2","mm":3,"target":2,"dir":-1,"target_distance_mm":330,"target_polarity":-1,"position_reliable":1,"reference_ready":1,"reference":1898,"median5":0,"hall_support":0,"spatial_phase":2,"ir_applicable":1,"ir_distance_state":"HALL_IR_READY","ir_health_fault":6,"ir_readiness":3,"ir_boot":"761B38FCC6F727BE","ir_epoch":1,"ir_epoch_active":1,"ir_seq":12771,"ir_pulses":6737,"ir_reason":1,"ir_age_ms":13,"ir_span":159,"ir_gap":1,"ir_sat":0,"ir_abort":603,"ir_inferred_added":0,"ir_inferred_removed":0,"ir_calibration":0,"hall_seen":6419439,"ir_seen":12693,"hall_q_drop":0,"ir_q_drop":0,"ir_invalid":13237,"nsr_hall_drop":1,"nsr_ir_drop":0,"nsr_navi_drop":0,"nsr_native_drop":168,"event_drop":0,"pwm0_ir_motion":0,"confirmed":61,"missed":152,"pwm":90,"auto":1,"running":1,"estop":0,"lowvolt":0,"ir_stationary_pwm_warning":1,"pub_drop":0}
2026-09-30T15:01:18.026	ngr/loco/9950011/state/trace	{"consumption_drop":334,"action_drop":0,"command_queue_drop":0,"lossless":false}
2026-09-30T15:01:18.026	ngr/loco/9950011/state/nav	{"state":"NORMAL","mm":3,"target":2,"dir":-1,"session_dir":"CCW","position_reliable":1,"ir_distance_state":"HALL_IR_READY","reference_ready":1,"boot_reference":"PROVISIONAL_OR_SPATIAL","authority":"NAVI_EWO"}
2026-09-30T15:01:18.026	ngr/loco/9950011/telem/ir	{"ir_valid":1,"ir_mmps":0.000,"ir_coupled":0,"ir_speed_reason":"STOPPED","ir_applicable":1,"ir_reason":1,"ir_seq":12771,"ir_pulses":6737,"ir_gap":1,"ir_sat":0,"ir_abort":603,"authority":"NAVI_EWO"}
2026-09-30T15:01:18.027	ngr/loco/9950011/telem/speed	{"ir_valid":1,"ir_mmps":0.000,"ir_coupled":0,"ir_speed_reason":"STOPPED","ir_applicable":1,"ir_reason":1,"ir_seq":12771,"ir_pulses":6737,"ir_gap":1,"ir_sat":0,"ir_abort":603,"authority":"NAVI_EWO"}
2026-09-30T15:01:18.027	ngr/loco/9950011/diag/ir_link	{"radio_ready":1,"seen":25930,"source_mac":"38:18:2B:30:8C:2C","paired_mac":"38:18:2B:30:8C:2C","paired_for_display_only":1,"coupled":0,"invalid_wire":13237,"queue_drop":0}
