2026-08-26T14:05:23-0700	ngr/loco/9950012/alert	{"level":"CLEAR","reason":"STATUS","loco":"9950012","uptime_ms":5165629,"nav":"NORMAL","moving":0,"pwm":0,"est_mm_s":133,"dir":"CCW","session_dir":"CCW","mdir":"FWD","rear":39,"front":34,"env":1500,"lc_mm":39,"last_confirmed_landmark":"","age_ms":314715,"since":0,"dead_reckoned_mm":39,"candidate_mm":-1,"viable":[],"lostm":0,"lost_ms":0,"agree":1366,"disagree":25,"losts":1,"auto":0}
2026-08-26T14:05:23-0700	ngr/loco/9950012/state/throttle	0
2026-08-26T14:05:23-0700	ngr/loco/9950012/state/direction	2
2026-08-26T14:05:23-0700	ngr/loco/9950012/state/estop	0
2026-08-26T14:05:23-0700	ngr/loco/9950012/state/auto	0
2026-08-26T14:05:23-0700	ngr/loco/9950012/state/session_direction	CCW
2026-08-26T14:05:23-0700	ngr/loco/9950012/state/start_interval	040-041
2026-08-26T14:05:23-0700	ngr/loco/9950012/state/start_mm	39
2026-08-26T14:05:23-0700	ngr/loco/9950012/state/nav_ready	1
2026-08-26T14:05:23-0700	ngr/loco/9950012/state/brake	0
2026-08-26T14:05:23-0700	ngr/loco/9950012/state/must_hold_eligible	0
2026-08-26T14:05:23-0700	ngr/loco/9950012/state/lowvolt	0
2026-08-26T14:05:23-0700	ngr/loco/9950012/state/bootid	{"sketch":"QUORUM_1_12C","loco":"9950012","deadband":25,"entry_margin":13,"min_peak":35,"floor_ms":40,"baseline":"median_128_at_500ms","quorum_trigger":3,"quorum_margin":2,"quorum_max":12}
2026-08-26T14:05:23-0700	ngr/loco/9950012/online	0
2026-08-26T14:05:23-0700	ngr/loco/9950012/telem/voltage	15.13
2026-08-26T14:05:23-0700	ngr/loco/9950012/telem/current	0.21
2026-08-26T14:05:23-0700	ngr/loco/9950012/telem/power	3.09
2026-08-26T14:05:56-0700	ngr/loco/9950012/alert	{"level":"UNSET","reason":"STATUS","loco":"9950012","uptime_ms":2433,"nav":"UNSET","moving":0,"pwm":0,"est_mm_s":0,"dir":"UNSET","session_dir":"UNSET","mdir":"FWD","rear":0,"front":0,"env":0,"lc_mm":-1,"last_confirmed_landmark":"","age_ms":0,"since":0,"dead_reckoned_mm":0,"candidate_mm":-1,"viable":[],"lostm":0,"lost_ms":0,"agree":0,"disagree":0,"losts":0,"auto":0}
2026-08-26T14:05:56-0700	ngr/loco/9950012/state/throttle	0
2026-08-26T14:05:56-0700	ngr/loco/9950012/state/direction	2
2026-08-26T14:05:56-0700	ngr/loco/9950012/state/estop	0
2026-08-26T14:05:56-0700	ngr/loco/9950012/state/auto	0
2026-08-26T14:05:56-0700	ngr/loco/9950012/state/session_direction	UNSET
2026-08-26T14:05:56-0700	ngr/loco/9950012/state/start_interval	000-000
2026-08-26T14:05:56-0700	ngr/loco/9950012/state/start_mm	0
2026-08-26T14:05:56-0700	ngr/loco/9950012/state/nav_ready	0
2026-08-26T14:05:56-0700	ngr/loco/9950012/state/loopstat	{"loop_max_gap_ms":2433,"hall_task_max_gap_ms":82,"hall_task_age_ms":0,"baseline":1799,"raw":1795,"delta":-4,"queue_drops":0,"floor_rejects":0,"queue_high_water":0,"mqtt_connect_ms":0,"mqtt_attempts":0,"pub_drops":0,"pub_queue_hw":9,"cmd_drops":0,"pub_per_s":9,"marker_pub_drops":0,"marker_pub_hw":0,"nav":"UNSET","mm":0,"miss_streak":0,"pwm":0,"lost_markers":0,"lost_ms":0,"motor_dir":"FWD"}
2026-08-26T14:05:56-0700	ngr/loco/9950012/alert	{"level":"UNSET","reason":"STATUS","loco":"9950012","uptime_ms":3433,"nav":"UNSET","moving":0,"pwm":0,"est_mm_s":0,"dir":"UNSET","session_dir":"UNSET","mdir":"FWD","rear":0,"front":0,"env":0,"lc_mm":-1,"last_confirmed_landmark":"","age_ms":0,"since":0,"dead_reckoned_mm":0,"candidate_mm":-1,"viable":[],"lostm":0,"lost_ms":0,"agree":0,"disagree":0,"losts":0,"auto":0}
2026-08-26T14:05:56-0700	ngr/loco/9950012/state/loopstat	{"loop_max_gap_ms":34,"hall_task_max_gap_ms":5,"hall_task_age_ms":1,"baseline":1799,"raw":1795,"delta":-4,"queue_drops":0,"floor_rejects":0,"queue_high_water":0,"mqtt_connect_ms":0,"mqtt_attempts":0,"pub_drops":0,"pub_queue_hw":11,"cmd_drops":0,"pub_per_s":1,"marker_pub_drops":0,"marker_pub_hw":0,"nav":"UNSET","mm":0,"miss_streak":0,"pwm":0,"lost_markers":0,"lost_ms":0,"motor_dir":"FWD"}
2026-08-26T14:05:56-0700	ngr/loco/9950012/alert	{"level":"UNSET","reason":"STATUS","loco":"9950012","uptime_ms":4433,"nav":"UNSET","moving":0,"pwm":0,"est_mm_s":0,"dir":"UNSET","session_dir":"UNSET","mdir":"FWD","rear":0,"front":0,"env":0,"lc_mm":-1,"last_confirmed_landmark":"","age_ms":0,"since":0,"dead_reckoned_mm":0,"candidate_mm":-1,"viable":[],"lostm":0,"lost_ms":0,"agree":0,"disagree":0,"losts":0,"auto":0}
2026-08-26T14:05:56-0700	ngr/loco/9950012/state/loopstat	{"loop_max_gap_ms":23,"hall_task_max_gap_ms":3,"hall_task_age_ms":1,"baseline":1799,"raw":1796,"delta":-3,"queue_drops":0,"floor_rejects":0,"queue_high_water":0,"mqtt_connect_ms":0,"mqtt_attempts":1,"pub_drops":0,"pub_queue_hw":13,"cmd_drops":0,"pub_per_s":1,"marker_pub_drops":0,"marker_pub_hw":0,"nav":"UNSET","mm":0,"miss_streak":0,"pwm":0,"lost_markers":0,"lost_ms":0,"motor_dir":"FWD"}
2026-08-26T14:05:56-0700	ngr/loco/9950012/telem/voltage	15.16
2026-08-26T14:05:56-0700	ngr/loco/9950012/telem/current	0.20
2026-08-26T14:05:56-0700	ngr/loco/9950012/telem/power	3.06
2026-08-26T14:05:56-0700	ngr/loco/9950012/online	1
2026-08-26T14:05:56-0700	ngr/loco/9950012/state/throttle	0
2026-08-26T14:05:56-0700	ngr/loco/9950012/state/direction	2
2026-08-26T14:05:56-0700	ngr/loco/9950012/state/brake	0
2026-08-26T14:05:56-0700	ngr/loco/9950012/state/estop	0
2026-08-26T14:05:56-0700	ngr/loco/9950012/state/auto	0
2026-08-26T14:05:56-0700	ngr/loco/9950012/state/session_direction	UNSET
2026-08-26T14:05:56-0700	ngr/loco/9950012/state/start_interval	000-000
2026-08-26T14:05:56-0700	ngr/loco/9950012/state/start_mm	0
2026-08-26T14:05:56-0700	ngr/loco/9950012/state/must_hold_eligible	0
2026-08-26T14:05:56-0700	ngr/loco/9950012/state/nav_ready	0
2026-08-26T14:05:56-0700	ngr/loco/9950012/state/lowvolt	0
2026-08-26T14:05:56-0700	ngr/loco/9950012/state/bootid	{"sketch":"QUORUM_1_12C","loco":"9950012","deadband":25,"entry_margin":13,"min_peak":35,"floor_ms":40,"baseline":"median_128_at_500ms","quorum_trigger":3,"quorum_margin":2,"quorum_max":12}
2026-08-26T14:05:56-0700	ngr/loco/9950012/alert	{"level":"UNSET","reason":"MQTT_CONNECT","loco":"9950012","uptime_ms":5138,"nav":"UNSET","moving":0,"pwm":0,"est_mm_s":0,"dir":"UNSET","session_dir":"UNSET","mdir":"FWD","rear":0,"front":0,"env":0,"lc_mm":-1,"last_confirmed_landmark":"","age_ms":0,"since":0,"dead_reckoned_mm":0,"candidate_mm":-1,"viable":[],"lostm":0,"lost_ms":0,"agree":0,"disagree":0,"losts":0,"auto":0}
2026-08-26T14:05:56-0700	ngr/loco/9950012/state/loopstat	{"loop_max_gap_ms":4,"hall_task_max_gap_ms":2,"hall_task_age_ms":1,"baseline":1799,"raw":1796,"delta":-3,"queue_drops":0,"floor_rejects":0,"queue_high_water":0,"mqtt_connect_ms":771,"mqtt_attempts":1,"pub_drops":0,"pub_queue_hw":31,"cmd_drops":0,"pub_per_s":17,"marker_pub_drops":0,"marker_pub_hw":0,"nav":"UNSET","mm":0,"miss_streak":0,"pwm":0,"lost_markers":0,"lost_ms":0,"motor_dir":"FWD"}
2026-08-26T14:05:56-0700	ngr/loco/9950012/alert	{"level":"UNSET","reason":"STATUS","loco":"9950012","uptime_ms":6138,"nav":"UNSET","moving":0,"pwm":0,"est_mm_s":0,"dir":"UNSET","session_dir":"UNSET","mdir":"FWD","rear":0,"front":0,"env":0,"lc_mm":-1,"last_confirmed_landmark":"","age_ms":0,"since":0,"dead_reckoned_mm":0,"candidate_mm":-1,"viable":[],"lostm":0,"lost_ms":0,"agree":0,"disagree":0,"losts":0,"auto":0}
2026-08-26T14:05:57-0700	ngr/loco/9950012/state/loopstat	{"loop_max_gap_ms":23,"hall_task_max_gap_ms":2,"hall_task_age_ms":1,"baseline":1799,"raw":1796,"delta":-3,"queue_drops":0,"floor_rejects":0,"queue_high_water":0,"mqtt_connect_ms":771,"mqtt_attempts":1,"pub_drops":0,"pub_queue_hw":1,"cmd_drops":0,"pub_per_s":1,"marker_pub_drops":0,"marker_pub_hw":0,"nav":"UNSET","mm":0,"miss_streak":0,"pwm":0,"lost_markers":0,"lost_ms":0,"motor_dir":"FWD"}
2026-08-26T14:05:57-0700	ngr/loco/9950012/alert	{"level":"UNSET","reason":"STATUS","loco":"9950012","uptime_ms":7138,"nav":"UNSET","moving":0,"pwm":0,"est_mm_s":0,"dir":"UNSET","session_dir":"UNSET","mdir":"FWD","rear":0,"front":0,"env":0,"lc_mm":-1,"last_confirmed_landmark":"","age_ms":0,"since":0,"dead_reckoned_mm":0,"candidate_mm":-1,"viable":[],"lostm":0,"lost_ms":0,"agree":0,"disagree":0,"losts":0,"auto":0}
2026-08-26T14:05:58-0700	ngr/loco/9950012/state/loopstat	{"loop_max_gap_ms":23,"hall_task_max_gap_ms":2,"hall_task_age_ms":1,"baseline":1799,"raw":1797,"delta":-2,"queue_drops":0,"floor_rejects":0,"queue_high_water":0,"mqtt_connect_ms":771,"mqtt_attempts":1,"pub_drops":0,"pub_queue_hw":1,"cmd_drops":0,"pub_per_s":1,"marker_pub_drops":0,"marker_pub_hw":0,"nav":"UNSET","mm":0,"miss_streak":0,"pwm":0,"lost_markers":0,"lost_ms":0,"motor_dir":"FWD"}
2026-08-26T14:05:58-0700	ngr/loco/9950012/alert	{"level":"UNSET","reason":"STATUS","loco":"9950012","uptime_ms":8138,"nav":"UNSET","moving":0,"pwm":0,"est_mm_s":0,"dir":"UNSET","session_dir":"UNSET","mdir":"FWD","rear":0,"front":0,"env":0,"lc_mm":-1,"last_confirmed_landmark":"","age_ms":0,"since":0,"dead_reckoned_mm":0,"candidate_mm":-1,"viable":[],"lostm":0,"lost_ms":0,"agree":0,"disagree":0,"losts":0,"auto":0}
2026-08-26T14:05:59-0700	ngr/loco/9950012/state/loopstat	{"loop_max_gap_ms":23,"hall_task_max_gap_ms":2,"hall_task_age_ms":1,"baseline":1799,"raw":1796,"delta":-3,"queue_drops":0,"floor_rejects":0,"queue_high_water":0,"mqtt_connect_ms":771,"mqtt_attempts":1,"pub_drops":0,"pub_queue_hw":1,"cmd_drops":0,"pub_per_s":1,"marker_pub_drops":0,"marker_pub_hw":0,"nav":"UNSET","mm":0,"miss_streak":0,"pwm":0,"lost_markers":0,"lost_ms":0,"motor_dir":"FWD"}
2026-08-26T14:05:59-0700	ngr/loco/9950012/alert	{"level":"UNSET","reason":"STATUS","loco":"9950012","uptime_ms":9138,"nav":"UNSET","moving":0,"pwm":0,"est_mm_s":0,"dir":"UNSET","session_dir":"UNSET","mdir":"FWD","rear":0,"front":0,"env":0,"lc_mm":-1,"last_confirmed_landmark":"","age_ms":0,"since":0,"dead_reckoned_mm":0,"candidate_mm":-1,"viable":[],"lostm":0,"lost_ms":0,"agree":0,"disagree":0,"losts":0,"auto":0}
2026-08-26T14:06:00-0700	ngr/loco/9950012/state/loopstat	{"loop_max_gap_ms":23,"hall_task_max_gap_ms":2,"hall_task_age_ms":1,"baseline":1799,"raw":1794,"delta":-5,"queue_drops":0,"floor_rejects":0,"queue_high_water":0,"mqtt_connect_ms":771,"mqtt_attempts":1,"pub_drops":0,"pub_queue_hw":1,"cmd_drops":0,"pub_per_s":1,"marker_pub_drops":0,"marker_pub_hw":0,"nav":"UNSET","mm":0,"miss_streak":0,"pwm":0,"lost_markers":0,"lost_ms":0,"motor_dir":"FWD"}
2026-08-26T14:06:00-0700	ngr/loco/9950012/telem/voltage	15.16
2026-08-26T14:06:00-0700	ngr/loco/9950012/telem/current	0.18
2026-08-26T14:06:00-0700	ngr/loco/9950012/telem/power	2.74
2026-08-26T14:06:00-0700	ngr/loco/9950012/alert	{"level":"UNSET","reason":"STATUS","loco":"9950012","uptime_ms":10138,"nav":"UNSET","moving":0,"pwm":0,"est_mm_s":0,"dir":"UNSET","session_dir":"UNSET","mdir":"FWD","rear":0,"front":0,"env":0,"lc_mm":-1,"last_confirmed_landmark":"","age_ms":0,"since":0,"dead_reckoned_mm":0,"candidate_mm":-1,"viable":[],"lostm":0,"lost_ms":0,"agree":0,"disagree":0,"losts":0,"auto":0}
2026-08-26T14:06:01-0700	ngr/loco/9950012/state/loopstat	{"loop_max_gap_ms":23,"hall_task_max_gap_ms":2,"hall_task_age_ms":1,"baseline":1799,"raw":1796,"delta":-3,"queue_drops":0,"floor_rejects":0,"queue_high_water":0,"mqtt_connect_ms":771,"mqtt_attempts":1,"pub_drops":0,"pub_queue_hw":3,"cmd_drops":0,"pub_per_s":4,"marker_pub_drops":0,"marker_pub_hw":0,"nav":"UNSET","mm":0,"miss_streak":0,"pwm":0,"lost_markers":0,"lost_ms":0,"motor_dir":"FWD"}
2026-08-26T14:06:01-0700	ngr/loco/9950012/alert	{"level":"UNSET","reason":"STATUS","loco":"9950012","uptime_ms":11138,"nav":"UNSET","moving":0,"pwm":0,"est_mm_s":0,"dir":"UNSET","session_dir":"UNSET","mdir":"FWD","rear":0,"front":0,"env":0,"lc_mm":-1,"last_confirmed_landmark":"","age_ms":0,"since":0,"dead_reckoned_mm":0,"candidate_mm":-1,"viable":[],"lostm":0,"lost_ms":0,"agree":0,"disagree":0,"losts":0,"auto":0}
2026-08-26T14:06:02-0700	ngr/loco/9950012/state/loopstat	{"loop_max_gap_ms":22,"hall_task_max_gap_ms":2,"hall_task_age_ms":1,"baseline":1799,"raw":1797,"delta":-2,"queue_drops":0,"floor_rejects":0,"queue_high_water":0,"mqtt_connect_ms":771,"mqtt_attempts":1,"pub_drops":0,"pub_queue_hw":1,"cmd_drops":0,"pub_per_s":1,"marker_pub_drops":0,"marker_pub_hw":0,"nav":"UNSET","mm":0,"miss_streak":0,"pwm":0,"lost_markers":0,"lost_ms":0,"motor_dir":"FWD"}
2026-08-26T14:06:02-0700	ngr/loco/9950012/alert	{"level":"UNSET","reason":"STATUS","loco":"9950012","uptime_ms":12138,"nav":"UNSET","moving":0,"pwm":0,"est_mm_s":0,"dir":"UNSET","session_dir":"UNSET","mdir":"FWD","rear":0,"front":0,"env":0,"lc_mm":-1,"last_confirmed_landmark":"","age_ms":0,"since":0,"dead_reckoned_mm":0,"candidate_mm":-1,"viable":[],"lostm":0,"lost_ms":0,"agree":0,"disagree":0,"losts":0,"auto":0}
2026-08-26T14:06:03-0700	ngr/loco/9950012/state/loopstat	{"loop_max_gap_ms":23,"hall_task_max_gap_ms":2,"hall_task_age_ms":1,"baseline":1799,"raw":1796,"delta":-3,"queue_drops":0,"floor_rejects":0,"queue_high_water":0,"mqtt_connect_ms":771,"mqtt_attempts":1,"pub_drops":0,"pub_queue_hw":1,"cmd_drops":0,"pub_per_s":1,"marker_pub_drops":0,"marker_pub_hw":0,"nav":"UNSET","mm":0,"miss_streak":0,"pwm":0,"lost_markers":0,"lost_ms":0,"motor_dir":"FWD"}
2026-08-26T14:06:03-0700	ngr/loco/9950012/alert	{"level":"UNSET","reason":"STATUS","loco":"9950012","uptime_ms":13138,"nav":"UNSET","moving":0,"pwm":0,"est_mm_s":0,"dir":"UNSET","session_dir":"UNSET","mdir":"FWD","rear":0,"front":0,"env":0,"lc_mm":-1,"last_confirmed_landmark":"","age_ms":0,"since":0,"dead_reckoned_mm":0,"candidate_mm":-1,"viable":[],"lostm":0,"lost_ms":0,"agree":0,"disagree":0,"losts":0,"auto":0}
2026-08-26T14:06:04-0700	ngr/loco/9950012/state/loopstat	{"loop_max_gap_ms":22,"hall_task_max_gap_ms":2,"hall_task_age_ms":1,"baseline":1799,"raw":1798,"delta":-1,"queue_drops":0,"floor_rejects":0,"queue_high_water":0,"mqtt_connect_ms":771,"mqtt_attempts":1,"pub_drops":0,"pub_queue_hw":1,"cmd_drops":0,"pub_per_s":1,"marker_pub_drops":0,"marker_pub_hw":0,"nav":"UNSET","mm":0,"miss_streak":0,"pwm":0,"lost_markers":0,"lost_ms":0,"motor_dir":"FWD"}
2026-08-26T14:06:04-0700	ngr/loco/9950012/alert	{"level":"UNSET","reason":"STATUS","loco":"9950012","uptime_ms":14138,"nav":"UNSET","moving":0,"pwm":0,"est_mm_s":0,"dir":"UNSET","session_dir":"UNSET","mdir":"FWD","rear":0,"front":0,"env":0,"lc_mm":-1,"last_confirmed_landmark":"","age_ms":0,"since":0,"dead_reckoned_mm":0,"candidate_mm":-1,"viable":[],"lostm":0,"lost_ms":0,"agree":0,"disagree":0,"losts":0,"auto":0}
2026-08-26T14:06:05-0700	ngr/loco/9950012/state/loopstat	{"loop_max_gap_ms":23,"hall_task_max_gap_ms":2,"hall_task_age_ms":1,"baseline":1799,"raw":1797,"delta":-2,"queue_drops":0,"floor_rejects":0,"queue_high_water":0,"mqtt_connect_ms":771,"mqtt_attempts":1,"pub_drops":0,"pub_queue_hw":1,"cmd_drops":0,"pub_per_s":1,"marker_pub_drops":0,"marker_pub_hw":0,"nav":"UNSET","mm":0,"miss_streak":0,"pwm":0,"lost_markers":0,"lost_ms":0,"motor_dir":"FWD"}
2026-08-26T14:06:05-0700	ngr/loco/9950012/telem/voltage	15.16
2026-08-26T14:06:05-0700	ngr/loco/9950012/telem/current	0.21
2026-08-26T14:06:05-0700	ngr/loco/9950012/telem/power	2.94
2026-08-26T14:06:05-0700	ngr/loco/9950012/alert	{"level":"UNSET","reason":"STATUS","loco":"9950012","uptime_ms":15138,"nav":"UNSET","moving":0,"pwm":0,"est_mm_s":0,"dir":"UNSET","session_dir":"UNSET","mdir":"FWD","rear":0,"front":0,"env":0,"lc_mm":-1,"last_confirmed_landmark":"","age_ms":0,"since":0,"dead_reckoned_mm":0,"candidate_mm":-1,"viable":[],"lostm":0,"lost_ms":0,"agree":0,"disagree":0,"losts":0,"auto":0}
2026-08-26T14:06:06-0700	ngr/loco/9950012/state/loopstat	{"loop_max_gap_ms":23,"hall_task_max_gap_ms":3,"hall_task_age_ms":1,"baseline":1799,"raw":1795,"delta":-4,"queue_drops":0,"floor_rejects":0,"queue_high_water":0,"mqtt_connect_ms":771,"mqtt_attempts":1,"pub_drops":0,"pub_queue_hw":3,"cmd_drops":0,"pub_per_s":4,"marker_pub_drops":0,"marker_pub_hw":0,"nav":"UNSET","mm":0,"miss_streak":0,"pwm":0,"lost_markers":0,"lost_ms":0,"motor_dir":"FWD"}
2026-08-26T14:06:06-0700	ngr/loco/9950012/alert	{"level":"UNSET","reason":"STATUS","loco":"9950012","uptime_ms":16138,"nav":"UNSET","moving":0,"pwm":0,"est_mm_s":0,"dir":"UNSET","session_dir":"UNSET","mdir":"FWD","rear":0,"front":0,"env":0,"lc_mm":-1,"last_confirmed_landmark":"","age_ms":0,"since":0,"dead_reckoned_mm":0,"candidate_mm":-1,"viable":[],"lostm":0,"lost_ms":0,"agree":0,"disagree":0,"losts":0,"auto":0}
2026-08-26T14:06:07-0700	ngr/loco/9950012/state/loopstat	{"loop_max_gap_ms":23,"hall_task_max_gap_ms":2,"hall_task_age_ms":1,"baseline":1799,"raw":1797,"delta":-2,"queue_drops":0,"floor_rejects":0,"queue_high_water":0,"mqtt_connect_ms":771,"mqtt_attempts":1,"pub_drops":0,"pub_queue_hw":1,"cmd_drops":0,"pub_per_s":1,"marker_pub_drops":0,"marker_pub_hw":0,"nav":"UNSET","mm":0,"miss_streak":0,"pwm":0,"lost_markers":0,"lost_ms":0,"motor_dir":"FWD"}
2026-08-26T14:06:07-0700	ngr/loco/9950012/alert	{"level":"UNSET","reason":"STATUS","loco":"9950012","uptime_ms":17138,"nav":"UNSET","moving":0,"pwm":0,"est_mm_s":0,"dir":"UNSET","session_dir":"UNSET","mdir":"FWD","rear":0,"front":0,"env":0,"lc_mm":-1,"last_confirmed_landmark":"","age_ms":0,"since":0,"dead_reckoned_mm":0,"candidate_mm":-1,"viable":[],"lostm":0,"lost_ms":0,"agree":0,"disagree":0,"losts":0,"auto":0}
2026-08-26T14:06:08-0700	ngr/loco/9950012/state/loopstat	{"loop_max_gap_ms":23,"hall_task_max_gap_ms":2,"hall_task_age_ms":1,"baseline":1799,"raw":1796,"delta":-3,"queue_drops":0,"floor_rejects":0,"queue_high_water":0,"mqtt_connect_ms":771,"mqtt_attempts":1,"pub_drops":0,"pub_queue_hw":1,"cmd_drops":0,"pub_per_s":1,"marker_pub_drops":0,"marker_pub_hw":0,"nav":"UNSET","mm":0,"miss_streak":0,"pwm":0,"lost_markers":0,"lost_ms":0,"motor_dir":"FWD"}
2026-08-26T14:06:08-0700	ngr/loco/9950012/alert	{"level":"UNSET","reason":"STATUS","loco":"9950012","uptime_ms":18138,"nav":"UNSET","moving":0,"pwm":0,"est_mm_s":0,"dir":"UNSET","session_dir":"UNSET","mdir":"FWD","rear":0,"front":0,"env":0,"lc_mm":-1,"last_confirmed_landmark":"","age_ms":0,"since":0,"dead_reckoned_mm":0,"candidate_mm":-1,"viable":[],"lostm":0,"lost_ms":0,"agree":0,"disagree":0,"losts":0,"auto":0}
2026-08-26T14:06:09-0700	ngr/loco/9950012/state/loopstat	{"loop_max_gap_ms":23,"hall_task_max_gap_ms":2,"hall_task_age_ms":1,"baseline":1799,"raw":1797,"delta":-2,"queue_drops":0,"floor_rejects":0,"queue_high_water":0,"mqtt_connect_ms":771,"mqtt_attempts":1,"pub_drops":0,"pub_queue_hw":1,"cmd_drops":0,"pub_per_s":1,"marker_pub_drops":0,"marker_pub_hw":0,"nav":"UNSET","mm":0,"miss_streak":0,"pwm":0,"lost_markers":0,"lost_ms":0,"motor_dir":"FWD"}
2026-08-26T14:06:09-0700	ngr/loco/9950012/alert	{"level":"UNSET","reason":"STATUS","loco":"9950012","uptime_ms":19138,"nav":"UNSET","moving":0,"pwm":0,"est_mm_s":0,"dir":"UNSET","session_dir":"UNSET","mdir":"FWD","rear":0,"front":0,"env":0,"lc_mm":-1,"last_confirmed_landmark":"","age_ms":0,"since":0,"dead_reckoned_mm":0,"candidate_mm":-1,"viable":[],"lostm":0,"lost_ms":0,"agree":0,"disagree":0,"losts":0,"auto":0}
2026-08-26T14:06:10-0700	ngr/loco/9950012/state/loopstat	{"loop_max_gap_ms":22,"hall_task_max_gap_ms":3,"hall_task_age_ms":1,"baseline":1799,"raw":1795,"delta":-4,"queue_drops":0,"floor_rejects":0,"queue_high_water":0,"mqtt_connect_ms":771,"mqtt_attempts":1,"pub_drops":0,"pub_queue_hw":1,"cmd_drops":0,"pub_per_s":1,"marker_pub_drops":0,"marker_pub_hw":0,"nav":"UNSET","mm":0,"miss_streak":0,"pwm":0,"lost_markers":0,"lost_ms":0,"motor_dir":"FWD"}
2026-08-26T14:06:10-0700	ngr/loco/9950012/telem/voltage	15.16
2026-08-26T14:06:10-0700	ngr/loco/9950012/telem/current	0.19
2026-08-26T14:06:10-0700	ngr/loco/9950012/telem/power	2.96
2026-08-26T14:06:10-0700	ngr/loco/9950012/alert	{"level":"UNSET","reason":"STATUS","loco":"9950012","uptime_ms":20138,"nav":"UNSET","moving":0,"pwm":0,"est_mm_s":0,"dir":"UNSET","session_dir":"UNSET","mdir":"FWD","rear":0,"front":0,"env":0,"lc_mm":-1,"last_confirmed_landmark":"","age_ms":0,"since":0,"dead_reckoned_mm":0,"candidate_mm":-1,"viable":[],"lostm":0,"lost_ms":0,"agree":0,"disagree":0,"losts":0,"auto":0}
2026-08-26T14:06:11-0700	ngr/loco/9950012/state/loopstat	{"loop_max_gap_ms":22,"hall_task_max_gap_ms":3,"hall_task_age_ms":1,"baseline":1799,"raw":1795,"delta":-4,"queue_drops":0,"floor_rejects":0,"queue_high_water":0,"mqtt_connect_ms":771,"mqtt_attempts":1,"pub_drops":0,"pub_queue_hw":3,"cmd_drops":0,"pub_per_s":4,"marker_pub_drops":0,"marker_pub_hw":0,"nav":"UNSET","mm":0,"miss_streak":0,"pwm":0,"lost_markers":0,"lost_ms":0,"motor_dir":"FWD"}
2026-08-26T14:06:11-0700	ngr/loco/9950012/alert	{"level":"UNSET","reason":"STATUS","loco":"9950012","uptime_ms":21138,"nav":"UNSET","moving":0,"pwm":0,"est_mm_s":0,"dir":"UNSET","session_dir":"UNSET","mdir":"FWD","rear":0,"front":0,"env":0,"lc_mm":-1,"last_confirmed_landmark":"","age_ms":0,"since":0,"dead_reckoned_mm":0,"candidate_mm":-1,"viable":[],"lostm":0,"lost_ms":0,"agree":0,"disagree":0,"losts":0,"auto":0}
2026-08-26T14:06:12-0700	ngr/loco/9950012/state/loopstat	{"loop_max_gap_ms":22,"hall_task_max_gap_ms":2,"hall_task_age_ms":1,"baseline":1799,"raw":1798,"delta":-1,"queue_drops":0,"floor_rejects":0,"queue_high_water":0,"mqtt_connect_ms":771,"mqtt_attempts":1,"pub_drops":0,"pub_queue_hw":1,"cmd_drops":0,"pub_per_s":1,"marker_pub_drops":0,"marker_pub_hw":0,"nav":"UNSET","mm":0,"miss_streak":0,"pwm":0,"lost_markers":0,"lost_ms":0,"motor_dir":"FWD"}
2026-08-26T14:06:12-0700	ngr/loco/9950012/alert	{"level":"UNSET","reason":"STATUS","loco":"9950012","uptime_ms":22138,"nav":"UNSET","moving":0,"pwm":0,"est_mm_s":0,"dir":"UNSET","session_dir":"UNSET","mdir":"FWD","rear":0,"front":0,"env":0,"lc_mm":-1,"last_confirmed_landmark":"","age_ms":0,"since":0,"dead_reckoned_mm":0,"candidate_mm":-1,"viable":[],"lostm":0,"lost_ms":0,"agree":0,"disagree":0,"losts":0,"auto":0}
2026-08-26T14:06:13-0700	ngr/loco/9950012/state/loopstat	{"loop_max_gap_ms":23,"hall_task_max_gap_ms":2,"hall_task_age_ms":1,"baseline":1799,"raw":1796,"delta":-3,"queue_drops":0,"floor_rejects":0,"queue_high_water":0,"mqtt_connect_ms":771,"mqtt_attempts":1,"pub_drops":0,"pub_queue_hw":1,"cmd_drops":0,"pub_per_s":1,"marker_pub_drops":0,"marker_pub_hw":0,"nav":"UNSET","mm":0,"miss_streak":0,"pwm":0,"lost_markers":0,"lost_ms":0,"motor_dir":"FWD"}
2026-08-26T14:06:13-0700	ngr/loco/9950012/alert	{"level":"UNSET","reason":"STATUS","loco":"9950012","uptime_ms":23138,"nav":"UNSET","moving":0,"pwm":0,"est_mm_s":0,"dir":"UNSET","session_dir":"UNSET","mdir":"FWD","rear":0,"front":0,"env":0,"lc_mm":-1,"last_confirmed_landmark":"","age_ms":0,"since":0,"dead_reckoned_mm":0,"candidate_mm":-1,"viable":[],"lostm":0,"lost_ms":0,"agree":0,"disagree":0,"losts":0,"auto":0}
2026-08-26T14:06:14-0700	ngr/loco/9950012/state/loopstat	{"loop_max_gap_ms":22,"hall_task_max_gap_ms":2,"hall_task_age_ms":1,"baseline":1799,"raw":1796,"delta":-3,"queue_drops":0,"floor_rejects":0,"queue_high_water":0,"mqtt_connect_ms":771,"mqtt_attempts":1,"pub_drops":0,"pub_queue_hw":1,"cmd_drops":0,"pub_per_s":1,"marker_pub_drops":0,"marker_pub_hw":0,"nav":"UNSET","mm":0,"miss_streak":0,"pwm":0,"lost_markers":0,"lost_ms":0,"motor_dir":"FWD"}
2026-08-26T14:06:14-0700	ngr/loco/9950012/alert	{"level":"UNSET","reason":"STATUS","loco":"9950012","uptime_ms":24138,"nav":"UNSET","moving":0,"pwm":0,"est_mm_s":0,"dir":"UNSET","session_dir":"UNSET","mdir":"FWD","rear":0,"front":0,"env":0,"lc_mm":-1,"last_confirmed_landmark":"","age_ms":0,"since":0,"dead_reckoned_mm":0,"candidate_mm":-1,"viable":[],"lostm":0,"lost_ms":0,"agree":0,"disagree":0,"losts":0,"auto":0}
2026-08-26T14:06:15-0700	ngr/loco/9950012/state/loopstat	{"loop_max_gap_ms":23,"hall_task_max_gap_ms":2,"hall_task_age_ms":1,"baseline":1799,"raw":1797,"delta":-2,"queue_drops":0,"floor_rejects":0,"queue_high_water":0,"mqtt_connect_ms":771,"mqtt_attempts":1,"pub_drops":0,"pub_queue_hw":1,"cmd_drops":0,"pub_per_s":1,"marker_pub_drops":0,"marker_pub_hw":0,"nav":"UNSET","mm":0,"miss_streak":0,"pwm":0,"lost_markers":0,"lost_ms":0,"motor_dir":"FWD"}
2026-08-26T14:06:15-0700	ngr/loco/9950012/telem/voltage	15.17
2026-08-26T14:06:15-0700	ngr/loco/9950012/telem/current	0.23
2026-08-26T14:06:15-0700	ngr/loco/9950012/telem/power	3.07
2026-08-26T14:06:15-0700	ngr/loco/9950012/alert	{"level":"UNSET","reason":"STATUS","loco":"9950012","uptime_ms":25138,"nav":"UNSET","moving":0,"pwm":0,"est_mm_s":0,"dir":"UNSET","session_dir":"UNSET","mdir":"FWD","rear":0,"front":0,"env":0,"lc_mm":-1,"last_confirmed_landmark":"","age_ms":0,"since":0,"dead_reckoned_mm":0,"candidate_mm":-1,"viable":[],"lostm":0,"lost_ms":0,"agree":0,"disagree":0,"losts":0,"auto":0}
2026-08-26T14:06:16-0700	ngr/loco/9950012/state/loopstat	{"loop_max_gap_ms":23,"hall_task_max_gap_ms":3,"hall_task_age_ms":1,"baseline":1799,"raw":1798,"delta":-1,"queue_drops":0,"floor_rejects":0,"queue_high_water":0,"mqtt_connect_ms":771,"mqtt_attempts":1,"pub_drops":0,"pub_queue_hw":3,"cmd_drops":0,"pub_per_s":4,"marker_pub_drops":0,"marker_pub_hw":0,"nav":"UNSET","mm":0,"miss_streak":0,"pwm":0,"lost_markers":0,"lost_ms":0,"motor_dir":"FWD"}
2026-08-26T14:06:16-0700	ngr/loco/9950012/alert	{"level":"UNSET","reason":"STATUS","loco":"9950012","uptime_ms":26138,"nav":"UNSET","moving":0,"pwm":0,"est_mm_s":0,"dir":"UNSET","session_dir":"UNSET","mdir":"FWD","rear":0,"front":0,"env":0,"lc_mm":-1,"last_confirmed_landmark":"","age_ms":0,"since":0,"dead_reckoned_mm":0,"candidate_mm":-1,"viable":[],"lostm":0,"lost_ms":0,"agree":0,"disagree":0,"losts":0,"auto":0}
2026-08-26T14:06:17-0700	ngr/loco/9950012/state/loopstat	{"loop_max_gap_ms":22,"hall_task_max_gap_ms":2,"hall_task_age_ms":1,"baseline":1799,"raw":1797,"delta":-2,"queue_drops":0,"floor_rejects":0,"queue_high_water":0,"mqtt_connect_ms":771,"mqtt_attempts":1,"pub_drops":0,"pub_queue_hw":1,"cmd_drops":0,"pub_per_s":1,"marker_pub_drops":0,"marker_pub_hw":0,"nav":"UNSET","mm":0,"miss_streak":0,"pwm":0,"lost_markers":0,"lost_ms":0,"motor_dir":"FWD"}
2026-08-26T14:06:17-0700	ngr/loco/9950012/alert	{"level":"UNSET","reason":"STATUS","loco":"9950012","uptime_ms":27138,"nav":"UNSET","moving":0,"pwm":0,"est_mm_s":0,"dir":"UNSET","session_dir":"UNSET","mdir":"FWD","rear":0,"front":0,"env":0,"lc_mm":-1,"last_confirmed_landmark":"","age_ms":0,"since":0,"dead_reckoned_mm":0,"candidate_mm":-1,"viable":[],"lostm":0,"lost_ms":0,"agree":0,"disagree":0,"losts":0,"auto":0}
2026-08-26T14:06:18-0700	ngr/loco/9950012/state/loopstat	{"loop_max_gap_ms":23,"hall_task_max_gap_ms":2,"hall_task_age_ms":1,"baseline":1799,"raw":1797,"delta":-2,"queue_drops":0,"floor_rejects":0,"queue_high_water":0,"mqtt_connect_ms":771,"mqtt_attempts":1,"pub_drops":0,"pub_queue_hw":1,"cmd_drops":0,"pub_per_s":1,"marker_pub_drops":0,"marker_pub_hw":0,"nav":"UNSET","mm":0,"miss_streak":0,"pwm":0,"lost_markers":0,"lost_ms":0,"motor_dir":"FWD"}
2026-08-26T14:06:18-0700	ngr/loco/9950012/alert	{"level":"UNSET","reason":"STATUS","loco":"9950012","uptime_ms":28138,"nav":"UNSET","moving":0,"pwm":0,"est_mm_s":0,"dir":"UNSET","session_dir":"UNSET","mdir":"FWD","rear":0,"front":0,"env":0,"lc_mm":-1,"last_confirmed_landmark":"","age_ms":0,"since":0,"dead_reckoned_mm":0,"candidate_mm":-1,"viable":[],"lostm":0,"lost_ms":0,"agree":0,"disagree":0,"losts":0,"auto":0}
2026-08-26T14:06:19-0700	ngr/loco/9950012/state/loopstat	{"loop_max_gap_ms":23,"hall_task_max_gap_ms":2,"hall_task_age_ms":1,"baseline":1799,"raw":1796,"delta":-3,"queue_drops":0,"floor_rejects":0,"queue_high_water":0,"mqtt_connect_ms":771,"mqtt_attempts":1,"pub_drops":0,"pub_queue_hw":1,"cmd_drops":0,"pub_per_s":1,"marker_pub_drops":0,"marker_pub_hw":0,"nav":"UNSET","mm":0,"miss_streak":0,"pwm":0,"lost_markers":0,"lost_ms":0,"motor_dir":"FWD"}
2026-08-26T14:06:19-0700	ngr/loco/9950012/alert	{"level":"UNSET","reason":"STATUS","loco":"9950012","uptime_ms":29138,"nav":"UNSET","moving":0,"pwm":0,"est_mm_s":0,"dir":"UNSET","session_dir":"UNSET","mdir":"FWD","rear":0,"front":0,"env":0,"lc_mm":-1,"last_confirmed_landmark":"","age_ms":0,"since":0,"dead_reckoned_mm":0,"candidate_mm":-1,"viable":[],"lostm":0,"lost_ms":0,"agree":0,"disagree":0,"losts":0,"auto":0}
2026-08-26T14:06:20-0700	ngr/loco/9950012/state/loopstat	{"loop_max_gap_ms":23,"hall_task_max_gap_ms":2,"hall_task_age_ms":1,"baseline":1799,"raw":1795,"delta":-4,"queue_drops":0,"floor_rejects":0,"queue_high_water":0,"mqtt_connect_ms":771,"mqtt_attempts":1,"pub_drops":0,"pub_queue_hw":1,"cmd_drops":0,"pub_per_s":1,"marker_pub_drops":0,"marker_pub_hw":0,"nav":"UNSET","mm":0,"miss_streak":0,"pwm":0,"lost_markers":0,"lost_ms":0,"motor_dir":"FWD"}
2026-08-26T14:06:20-0700	ngr/loco/9950012/telem/voltage	15.16
2026-08-26T14:06:20-0700	ngr/loco/9950012/telem/current	0.19
2026-08-26T14:06:20-0700	ngr/loco/9950012/telem/power	2.90
2026-08-26T14:06:20-0700	ngr/loco/9950012/alert	{"level":"UNSET","reason":"STATUS","loco":"9950012","uptime_ms":30138,"nav":"UNSET","moving":0,"pwm":0,"est_mm_s":0,"dir":"UNSET","session_dir":"UNSET","mdir":"FWD","rear":0,"front":0,"env":0,"lc_mm":-1,"last_confirmed_landmark":"","age_ms":0,"since":0,"dead_reckoned_mm":0,"candidate_mm":-1,"viable":[],"lostm":0,"lost_ms":0,"agree":0,"disagree":0,"losts":0,"auto":0}
2026-08-26T14:06:21-0700	ngr/loco/9950012/state/loopstat	{"loop_max_gap_ms":23,"hall_task_max_gap_ms":3,"hall_task_age_ms":1,"baseline":1799,"raw":1797,"delta":-2,"queue_drops":0,"floor_rejects":0,"queue_high_water":0,"mqtt_connect_ms":771,"mqtt_attempts":1,"pub_drops":0,"pub_queue_hw":3,"cmd_drops":0,"pub_per_s":4,"marker_pub_drops":0,"marker_pub_hw":0,"nav":"UNSET","mm":0,"miss_streak":0,"pwm":0,"lost_markers":0,"lost_ms":0,"motor_dir":"FWD"}
2026-08-26T14:06:21-0700	ngr/loco/9950012/alert	{"level":"UNSET","reason":"STATUS","loco":"9950012","uptime_ms":31138,"nav":"UNSET","moving":0,"pwm":0,"est_mm_s":0,"dir":"UNSET","session_dir":"UNSET","mdir":"FWD","rear":0,"front":0,"env":0,"lc_mm":-1,"last_confirmed_landmark":"","age_ms":0,"since":0,"dead_reckoned_mm":0,"candidate_mm":-1,"viable":[],"lostm":0,"lost_ms":0,"agree":0,"disagree":0,"losts":0,"auto":0}
2026-08-26T14:06:22-0700	ngr/loco/9950012/state/loopstat	{"loop_max_gap_ms":23,"hall_task_max_gap_ms":2,"hall_task_age_ms":1,"baseline":1799,"raw":1797,"delta":-2,"queue_drops":0,"floor_rejects":0,"queue_high_water":0,"mqtt_connect_ms":771,"mqtt_attempts":1,"pub_drops":0,"pub_queue_hw":1,"cmd_drops":0,"pub_per_s":1,"marker_pub_drops":0,"marker_pub_hw":0,"nav":"UNSET","mm":0,"miss_streak":0,"pwm":0,"lost_markers":0,"lost_ms":0,"motor_dir":"FWD"}
2026-08-26T14:06:22-0700	ngr/loco/9950012/alert	{"level":"UNSET","reason":"STATUS","loco":"9950012","uptime_ms":32138,"nav":"UNSET","moving":0,"pwm":0,"est_mm_s":0,"dir":"UNSET","session_dir":"UNSET","mdir":"FWD","rear":0,"front":0,"env":0,"lc_mm":-1,"last_confirmed_landmark":"","age_ms":0,"since":0,"dead_reckoned_mm":0,"candidate_mm":-1,"viable":[],"lostm":0,"lost_ms":0,"agree":0,"disagree":0,"losts":0,"auto":0}
2026-08-26T14:06:23-0700	ngr/loco/9950012/state/loopstat	{"loop_max_gap_ms":22,"hall_task_max_gap_ms":2,"hall_task_age_ms":1,"baseline":1799,"raw":1797,"delta":-2,"queue_drops":0,"floor_rejects":0,"queue_high_water":0,"mqtt_connect_ms":771,"mqtt_attempts":1,"pub_drops":0,"pub_queue_hw":1,"cmd_drops":0,"pub_per_s":1,"marker_pub_drops":0,"marker_pub_hw":0,"nav":"UNSET","mm":0,"miss_streak":0,"pwm":0,"lost_markers":0,"lost_ms":0,"motor_dir":"FWD"}
2026-08-26T14:06:23-0700	ngr/loco/9950012/alert	{"level":"UNSET","reason":"STATUS","loco":"9950012","uptime_ms":33138,"nav":"UNSET","moving":0,"pwm":0,"est_mm_s":0,"dir":"UNSET","session_dir":"UNSET","mdir":"FWD","rear":0,"front":0,"env":0,"lc_mm":-1,"last_confirmed_landmark":"","age_ms":0,"since":0,"dead_reckoned_mm":0,"candidate_mm":-1,"viable":[],"lostm":0,"lost_ms":0,"agree":0,"disagree":0,"losts":0,"auto":0}
2026-08-26T14:06:24-0700	ngr/loco/9950012/state/loopstat	{"loop_max_gap_ms":22,"hall_task_max_gap_ms":2,"hall_task_age_ms":1,"baseline":1799,"raw":1797,"delta":-2,"queue_drops":0,"floor_rejects":0,"queue_high_water":0,"mqtt_connect_ms":771,"mqtt_attempts":1,"pub_drops":0,"pub_queue_hw":1,"cmd_drops":0,"pub_per_s":1,"marker_pub_drops":0,"marker_pub_hw":0,"nav":"UNSET","mm":0,"miss_streak":0,"pwm":0,"lost_markers":0,"lost_ms":0,"motor_dir":"FWD"}
2026-08-26T14:06:24-0700	ngr/loco/9950012/alert	{"level":"UNSET","reason":"STATUS","loco":"9950012","uptime_ms":34138,"nav":"UNSET","moving":0,"pwm":0,"est_mm_s":0,"dir":"UNSET","session_dir":"UNSET","mdir":"FWD","rear":0,"front":0,"env":0,"lc_mm":-1,"last_confirmed_landmark":"","age_ms":0,"since":0,"dead_reckoned_mm":0,"candidate_mm":-1,"viable":[],"lostm":0,"lost_ms":0,"agree":0,"disagree":0,"losts":0,"auto":0}
2026-08-26T14:06:25-0700	ngr/loco/9950012/state/loopstat	{"loop_max_gap_ms":23,"hall_task_max_gap_ms":2,"hall_task_age_ms":1,"baseline":1799,"raw":1797,"delta":-2,"queue_drops":0,"floor_rejects":0,"queue_high_water":0,"mqtt_connect_ms":771,"mqtt_attempts":1,"pub_drops":0,"pub_queue_hw":1,"cmd_drops":0,"pub_per_s":1,"marker_pub_drops":0,"marker_pub_hw":0,"nav":"UNSET","mm":0,"miss_streak":0,"pwm":0,"lost_markers":0,"lost_ms":0,"motor_dir":"FWD"}
2026-08-26T14:06:25-0700	ngr/loco/9950012/telem/voltage	15.16
2026-08-26T14:06:25-0700	ngr/loco/9950012/telem/current	0.18
2026-08-26T14:06:25-0700	ngr/loco/9950012/telem/power	3.00
2026-08-26T14:06:25-0700	ngr/loco/9950012/alert	{"level":"UNSET","reason":"STATUS","loco":"9950012","uptime_ms":35138,"nav":"UNSET","moving":0,"pwm":0,"est_mm_s":0,"dir":"UNSET","session_dir":"UNSET","mdir":"FWD","rear":0,"front":0,"env":0,"lc_mm":-1,"last_confirmed_landmark":"","age_ms":0,"since":0,"dead_reckoned_mm":0,"candidate_mm":-1,"viable":[],"lostm":0,"lost_ms":0,"agree":0,"disagree":0,"losts":0,"auto":0}
2026-08-26T14:06:26-0700	ngr/loco/9950012/state/loopstat	{"loop_max_gap_ms":22,"hall_task_max_gap_ms":3,"hall_task_age_ms":1,"baseline":1799,"raw":1797,"delta":-2,"queue_drops":0,"floor_rejects":0,"queue_high_water":0,"mqtt_connect_ms":771,"mqtt_attempts":1,"pub_drops":0,"pub_queue_hw":3,"cmd_drops":0,"pub_per_s":4,"marker_pub_drops":0,"marker_pub_hw":0,"nav":"UNSET","mm":0,"miss_streak":0,"pwm":0,"lost_markers":0,"lost_ms":0,"motor_dir":"FWD"}
2026-08-26T14:06:26-0700	ngr/loco/9950012/alert	{"level":"UNSET","reason":"STATUS","loco":"9950012","uptime_ms":36138,"nav":"UNSET","moving":0,"pwm":0,"est_mm_s":0,"dir":"UNSET","session_dir":"UNSET","mdir":"FWD","rear":0,"front":0,"env":0,"lc_mm":-1,"last_confirmed_landmark":"","age_ms":0,"since":0,"dead_reckoned_mm":0,"candidate_mm":-1,"viable":[],"lostm":0,"lost_ms":0,"agree":0,"disagree":0,"losts":0,"auto":0}
2026-08-26T14:06:27-0700	ngr/loco/9950012/state/loopstat	{"loop_max_gap_ms":23,"hall_task_max_gap_ms":2,"hall_task_age_ms":1,"baseline":1799,"raw":1797,"delta":-2,"queue_drops":0,"floor_rejects":0,"queue_high_water":0,"mqtt_connect_ms":771,"mqtt_attempts":1,"pub_drops":0,"pub_queue_hw":1,"cmd_drops":0,"pub_per_s":1,"marker_pub_drops":0,"marker_pub_hw":0,"nav":"UNSET","mm":0,"miss_streak":0,"pwm":0,"lost_markers":0,"lost_ms":0,"motor_dir":"FWD"}
2026-08-26T14:06:27-0700	ngr/loco/9950012/alert	{"level":"UNSET","reason":"STATUS","loco":"9950012","uptime_ms":37138,"nav":"UNSET","moving":0,"pwm":0,"est_mm_s":0,"dir":"UNSET","session_dir":"UNSET","mdir":"FWD","rear":0,"front":0,"env":0,"lc_mm":-1,"last_confirmed_landmark":"","age_ms":0,"since":0,"dead_reckoned_mm":0,"candidate_mm":-1,"viable":[],"lostm":0,"lost_ms":0,"agree":0,"disagree":0,"losts":0,"auto":0}
2026-08-26T14:06:28-0700	ngr/loco/9950012/state/loopstat	{"loop_max_gap_ms":22,"hall_task_max_gap_ms":2,"hall_task_age_ms":1,"baseline":1799,"raw":1796,"delta":-3,"queue_drops":0,"floor_rejects":0,"queue_high_water":0,"mqtt_connect_ms":771,"mqtt_attempts":1,"pub_drops":0,"pub_queue_hw":1,"cmd_drops":0,"pub_per_s":1,"marker_pub_drops":0,"marker_pub_hw":0,"nav":"UNSET","mm":0,"miss_streak":0,"pwm":0,"lost_markers":0,"lost_ms":0,"motor_dir":"FWD"}
2026-08-26T14:06:28-0700	ngr/loco/9950012/alert	{"level":"UNSET","reason":"STATUS","loco":"9950012","uptime_ms":38138,"nav":"UNSET","moving":0,"pwm":0,"est_mm_s":0,"dir":"UNSET","session_dir":"UNSET","mdir":"FWD","rear":0,"front":0,"env":0,"lc_mm":-1,"last_confirmed_landmark":"","age_ms":0,"since":0,"dead_reckoned_mm":0,"candidate_mm":-1,"viable":[],"lostm":0,"lost_ms":0,"agree":0,"disagree":0,"losts":0,"auto":0}
2026-08-26T14:06:29-0700	ngr/loco/9950012/state/loopstat	{"loop_max_gap_ms":22,"hall_task_max_gap_ms":2,"hall_task_age_ms":1,"baseline":1799,"raw":1796,"delta":-3,"queue_drops":0,"floor_rejects":0,"queue_high_water":0,"mqtt_connect_ms":771,"mqtt_attempts":1,"pub_drops":0,"pub_queue_hw":1,"cmd_drops":0,"pub_per_s":1,"marker_pub_drops":0,"marker_pub_hw":0,"nav":"UNSET","mm":0,"miss_streak":0,"pwm":0,"lost_markers":0,"lost_ms":0,"motor_dir":"FWD"}
2026-08-26T14:06:29-0700	ngr/loco/9950012/alert	{"level":"UNSET","reason":"STATUS","loco":"9950012","uptime_ms":39138,"nav":"UNSET","moving":0,"pwm":0,"est_mm_s":0,"dir":"UNSET","session_dir":"UNSET","mdir":"FWD","rear":0,"front":0,"env":0,"lc_mm":-1,"last_confirmed_landmark":"","age_ms":0,"since":0,"dead_reckoned_mm":0,"candidate_mm":-1,"viable":[],"lostm":0,"lost_ms":0,"agree":0,"disagree":0,"losts":0,"auto":0}
2026-08-26T14:06:30-0700	ngr/loco/9950012/state/loopstat	{"loop_max_gap_ms":23,"hall_task_max_gap_ms":2,"hall_task_age_ms":1,"baseline":1799,"raw":1796,"delta":-3,"queue_drops":0,"floor_rejects":0,"queue_high_water":0,"mqtt_connect_ms":771,"mqtt_attempts":1,"pub_drops":0,"pub_queue_hw":1,"cmd_drops":0,"pub_per_s":1,"marker_pub_drops":0,"marker_pub_hw":0,"nav":"UNSET","mm":0,"miss_streak":0,"pwm":0,"lost_markers":0,"lost_ms":0,"motor_dir":"FWD"}
2026-08-26T14:06:30-0700	ngr/loco/9950012/telem/voltage	15.15
2026-08-26T14:06:30-0700	ngr/loco/9950012/telem/current	0.19
2026-08-26T14:06:30-0700	ngr/loco/9950012/telem/power	2.93
2026-08-26T14:06:30-0700	ngr/loco/9950012/alert	{"level":"UNSET","reason":"STATUS","loco":"9950012","uptime_ms":40138,"nav":"UNSET","moving":0,"pwm":0,"est_mm_s":0,"dir":"UNSET","session_dir":"UNSET","mdir":"FWD","rear":0,"front":0,"env":0,"lc_mm":-1,"last_confirmed_landmark":"","age_ms":0,"since":0,"dead_reckoned_mm":0,"candidate_mm":-1,"viable":[],"lostm":0,"lost_ms":0,"agree":0,"disagree":0,"losts":0,"auto":0}
2026-08-26T14:06:31-0700	ngr/loco/9950012/state/loopstat	{"loop_max_gap_ms":23,"hall_task_max_gap_ms":3,"hall_task_age_ms":1,"baseline":1799,"raw":1797,"delta":-2,"queue_drops":0,"floor_rejects":0,"queue_high_water":0,"mqtt_connect_ms":771,"mqtt_attempts":1,"pub_drops":0,"pub_queue_hw":3,"cmd_drops":0,"pub_per_s":4,"marker_pub_drops":0,"marker_pub_hw":0,"nav":"UNSET","mm":0,"miss_streak":0,"pwm":0,"lost_markers":0,"lost_ms":0,"motor_dir":"FWD"}
2026-08-26T14:06:31-0700	ngr/loco/9950012/alert	{"level":"UNSET","reason":"STATUS","loco":"9950012","uptime_ms":41138,"nav":"UNSET","moving":0,"pwm":0,"est_mm_s":0,"dir":"UNSET","session_dir":"UNSET","mdir":"FWD","rear":0,"front":0,"env":0,"lc_mm":-1,"last_confirmed_landmark":"","age_ms":0,"since":0,"dead_reckoned_mm":0,"candidate_mm":-1,"viable":[],"lostm":0,"lost_ms":0,"agree":0,"disagree":0,"losts":0,"auto":0}
2026-08-26T14:06:32-0700	ngr/loco/9950012/state/loopstat	{"loop_max_gap_ms":22,"hall_task_max_gap_ms":2,"hall_task_age_ms":1,"baseline":1799,"raw":1794,"delta":-5,"queue_drops":0,"floor_rejects":0,"queue_high_water":0,"mqtt_connect_ms":771,"mqtt_attempts":1,"pub_drops":0,"pub_queue_hw":1,"cmd_drops":0,"pub_per_s":1,"marker_pub_drops":0,"marker_pub_hw":0,"nav":"UNSET","mm":0,"miss_streak":0,"pwm":0,"lost_markers":0,"lost_ms":0,"motor_dir":"FWD"}
2026-08-26T14:06:32-0700	ngr/loco/9950012/alert	{"level":"UNSET","reason":"STATUS","loco":"9950012","uptime_ms":42138,"nav":"UNSET","moving":0,"pwm":0,"est_mm_s":0,"dir":"UNSET","session_dir":"UNSET","mdir":"FWD","rear":0,"front":0,"env":0,"lc_mm":-1,"last_confirmed_landmark":"","age_ms":0,"since":0,"dead_reckoned_mm":0,"candidate_mm":-1,"viable":[],"lostm":0,"lost_ms":0,"agree":0,"disagree":0,"losts":0,"auto":0}
2026-08-26T14:06:33-0700	ngr/loco/9950012/state/loopstat	{"loop_max_gap_ms":23,"hall_task_max_gap_ms":2,"hall_task_age_ms":1,"baseline":1799,"raw":1796,"delta":-3,"queue_drops":0,"floor_rejects":0,"queue_high_water":0,"mqtt_connect_ms":771,"mqtt_attempts":1,"pub_drops":0,"pub_queue_hw":1,"cmd_drops":0,"pub_per_s":1,"marker_pub_drops":0,"marker_pub_hw":0,"nav":"UNSET","mm":0,"miss_streak":0,"pwm":0,"lost_markers":0,"lost_ms":0,"motor_dir":"FWD"}
2026-08-26T14:06:33-0700	ngr/loco/9950012/alert	{"level":"UNSET","reason":"STATUS","loco":"9950012","uptime_ms":43138,"nav":"UNSET","moving":0,"pwm":0,"est_mm_s":0,"dir":"UNSET","session_dir":"UNSET","mdir":"FWD","rear":0,"front":0,"env":0,"lc_mm":-1,"last_confirmed_landmark":"","age_ms":0,"since":0,"dead_reckoned_mm":0,"candidate_mm":-1,"viable":[],"lostm":0,"lost_ms":0,"agree":0,"disagree":0,"losts":0,"auto":0}
2026-08-26T14:06:34-0700	ngr/loco/9950012/state/loopstat	{"loop_max_gap_ms":23,"hall_task_max_gap_ms":2,"hall_task_age_ms":1,"baseline":1799,"raw":1798,"delta":-1,"queue_drops":0,"floor_rejects":0,"queue_high_water":0,"mqtt_connect_ms":771,"mqtt_attempts":1,"pub_drops":0,"pub_queue_hw":1,"cmd_drops":0,"pub_per_s":1,"marker_pub_drops":0,"marker_pub_hw":0,"nav":"UNSET","mm":0,"miss_streak":0,"pwm":0,"lost_markers":0,"lost_ms":0,"motor_dir":"FWD"}
2026-08-26T14:06:34-0700	ngr/loco/9950012/alert	{"level":"UNSET","reason":"STATUS","loco":"9950012","uptime_ms":44138,"nav":"UNSET","moving":0,"pwm":0,"est_mm_s":0,"dir":"UNSET","session_dir":"UNSET","mdir":"FWD","rear":0,"front":0,"env":0,"lc_mm":-1,"last_confirmed_landmark":"","age_ms":0,"since":0,"dead_reckoned_mm":0,"candidate_mm":-1,"viable":[],"lostm":0,"lost_ms":0,"agree":0,"disagree":0,"losts":0,"auto":0}
2026-08-26T14:06:35-0700	ngr/loco/9950012/state/loopstat	{"loop_max_gap_ms":23,"hall_task_max_gap_ms":2,"hall_task_age_ms":1,"baseline":1799,"raw":1797,"delta":-2,"queue_drops":0,"floor_rejects":0,"queue_high_water":0,"mqtt_connect_ms":771,"mqtt_attempts":1,"pub_drops":0,"pub_queue_hw":1,"cmd_drops":0,"pub_per_s":1,"marker_pub_drops":0,"marker_pub_hw":0,"nav":"UNSET","mm":0,"miss_streak":0,"pwm":0,"lost_markers":0,"lost_ms":0,"motor_dir":"FWD"}
2026-08-26T14:06:35-0700	ngr/loco/9950012/telem/voltage	15.16
2026-08-26T14:06:35-0700	ngr/loco/9950012/telem/current	0.20
2026-08-26T14:06:35-0700	ngr/loco/9950012/telem/power	3.18
2026-08-26T14:06:35-0700	ngr/loco/9950012/alert	{"level":"UNSET","reason":"STATUS","loco":"9950012","uptime_ms":45138,"nav":"UNSET","moving":0,"pwm":0,"est_mm_s":0,"dir":"UNSET","session_dir":"UNSET","mdir":"FWD","rear":0,"front":0,"env":0,"lc_mm":-1,"last_confirmed_landmark":"","age_ms":0,"since":0,"dead_reckoned_mm":0,"candidate_mm":-1,"viable":[],"lostm":0,"lost_ms":0,"agree":0,"disagree":0,"losts":0,"auto":0}
2026-08-26T14:06:36-0700	ngr/loco/9950012/state/loopstat	{"loop_max_gap_ms":23,"hall_task_max_gap_ms":2,"hall_task_age_ms":1,"baseline":1799,"raw":1796,"delta":-3,"queue_drops":0,"floor_rejects":0,"queue_high_water":0,"mqtt_connect_ms":771,"mqtt_attempts":1,"pub_drops":0,"pub_queue_hw":3,"cmd_drops":0,"pub_per_s":4,"marker_pub_drops":0,"marker_pub_hw":0,"nav":"UNSET","mm":0,"miss_streak":0,"pwm":0,"lost_markers":0,"lost_ms":0,"motor_dir":"FWD"}
2026-08-26T14:06:36-0700	ngr/loco/9950012/alert	{"level":"UNSET","reason":"STATUS","loco":"9950012","uptime_ms":46138,"nav":"UNSET","moving":0,"pwm":0,"est_mm_s":0,"dir":"UNSET","session_dir":"UNSET","mdir":"FWD","rear":0,"front":0,"env":0,"lc_mm":-1,"last_confirmed_landmark":"","age_ms":0,"since":0,"dead_reckoned_mm":0,"candidate_mm":-1,"viable":[],"lostm":0,"lost_ms":0,"agree":0,"disagree":0,"losts":0,"auto":0}
2026-08-26T14:06:37-0700	ngr/loco/9950012/state/loopstat	{"loop_max_gap_ms":23,"hall_task_max_gap_ms":2,"hall_task_age_ms":1,"baseline":1799,"raw":1797,"delta":-2,"queue_drops":0,"floor_rejects":0,"queue_high_water":0,"mqtt_connect_ms":771,"mqtt_attempts":1,"pub_drops":0,"pub_queue_hw":1,"cmd_drops":0,"pub_per_s":1,"marker_pub_drops":0,"marker_pub_hw":0,"nav":"UNSET","mm":0,"miss_streak":0,"pwm":0,"lost_markers":0,"lost_ms":0,"motor_dir":"FWD"}
2026-08-26T14:06:37-0700	ngr/loco/9950012/alert	{"level":"UNSET","reason":"STATUS","loco":"9950012","uptime_ms":47138,"nav":"UNSET","moving":0,"pwm":0,"est_mm_s":0,"dir":"UNSET","session_dir":"UNSET","mdir":"FWD","rear":0,"front":0,"env":0,"lc_mm":-1,"last_confirmed_landmark":"","age_ms":0,"since":0,"dead_reckoned_mm":0,"candidate_mm":-1,"viable":[],"lostm":0,"lost_ms":0,"agree":0,"disagree":0,"losts":0,"auto":0}
2026-08-26T14:06:38-0700	ngr/loco/9950012/state/loopstat	{"loop_max_gap_ms":23,"hall_task_max_gap_ms":2,"hall_task_age_ms":1,"baseline":1799,"raw":1795,"delta":-4,"queue_drops":0,"floor_rejects":0,"queue_high_water":0,"mqtt_connect_ms":771,"mqtt_attempts":1,"pub_drops":0,"pub_queue_hw":1,"cmd_drops":0,"pub_per_s":1,"marker_pub_drops":0,"marker_pub_hw":0,"nav":"UNSET","mm":0,"miss_streak":0,"pwm":0,"lost_markers":0,"lost_ms":0,"motor_dir":"FWD"}
2026-08-26T14:06:38-0700	ngr/loco/9950012/alert	{"level":"UNSET","reason":"STATUS","loco":"9950012","uptime_ms":48138,"nav":"UNSET","moving":0,"pwm":0,"est_mm_s":0,"dir":"UNSET","session_dir":"UNSET","mdir":"FWD","rear":0,"front":0,"env":0,"lc_mm":-1,"last_confirmed_landmark":"","age_ms":0,"since":0,"dead_reckoned_mm":0,"candidate_mm":-1,"viable":[],"lostm":0,"lost_ms":0,"agree":0,"disagree":0,"losts":0,"auto":0}
2026-08-26T14:06:39-0700	ngr/loco/9950012/state/loopstat	{"loop_max_gap_ms":22,"hall_task_max_gap_ms":2,"hall_task_age_ms":1,"baseline":1799,"raw":1796,"delta":-3,"queue_drops":0,"floor_rejects":0,"queue_high_water":0,"mqtt_connect_ms":771,"mqtt_attempts":1,"pub_drops":0,"pub_queue_hw":1,"cmd_drops":0,"pub_per_s":1,"marker_pub_drops":0,"marker_pub_hw":0,"nav":"UNSET","mm":0,"miss_streak":0,"pwm":0,"lost_markers":0,"lost_ms":0,"motor_dir":"FWD"}
2026-08-26T14:06:39-0700	ngr/loco/9950012/alert	{"level":"UNSET","reason":"STATUS","loco":"9950012","uptime_ms":49138,"nav":"UNSET","moving":0,"pwm":0,"est_mm_s":0,"dir":"UNSET","session_dir":"UNSET","mdir":"FWD","rear":0,"front":0,"env":0,"lc_mm":-1,"last_confirmed_landmark":"","age_ms":0,"since":0,"dead_reckoned_mm":0,"candidate_mm":-1,"viable":[],"lostm":0,"lost_ms":0,"agree":0,"disagree":0,"losts":0,"auto":0}
2026-08-26T14:06:40-0700	ngr/loco/9950012/state/loopstat	{"loop_max_gap_ms":23,"hall_task_max_gap_ms":2,"hall_task_age_ms":1,"baseline":1799,"raw":1794,"delta":-5,"queue_drops":0,"floor_rejects":0,"queue_high_water":0,"mqtt_connect_ms":771,"mqtt_attempts":1,"pub_drops":0,"pub_queue_hw":1,"cmd_drops":0,"pub_per_s":1,"marker_pub_drops":0,"marker_pub_hw":0,"nav":"UNSET","mm":0,"miss_streak":0,"pwm":0,"lost_markers":0,"lost_ms":0,"motor_dir":"FWD"}
2026-08-26T14:06:40-0700	ngr/loco/9950012/telem/voltage	15.16
2026-08-26T14:06:40-0700	ngr/loco/9950012/telem/current	0.21
2026-08-26T14:06:40-0700	ngr/loco/9950012/telem/power	3.13
2026-08-26T14:06:40-0700	ngr/loco/9950012/alert	{"level":"UNSET","reason":"STATUS","loco":"9950012","uptime_ms":50138,"nav":"UNSET","moving":0,"pwm":0,"est_mm_s":0,"dir":"UNSET","session_dir":"UNSET","mdir":"FWD","rear":0,"front":0,"env":0,"lc_mm":-1,"last_confirmed_landmark":"","age_ms":0,"since":0,"dead_reckoned_mm":0,"candidate_mm":-1,"viable":[],"lostm":0,"lost_ms":0,"agree":0,"disagree":0,"losts":0,"auto":0}
2026-08-26T14:06:41-0700	ngr/loco/9950012/state/loopstat	{"loop_max_gap_ms":23,"hall_task_max_gap_ms":2,"hall_task_age_ms":1,"baseline":1799,"raw":1795,"delta":-4,"queue_drops":0,"floor_rejects":0,"queue_high_water":0,"mqtt_connect_ms":771,"mqtt_attempts":1,"pub_drops":0,"pub_queue_hw":3,"cmd_drops":0,"pub_per_s":4,"marker_pub_drops":0,"marker_pub_hw":0,"nav":"UNSET","mm":0,"miss_streak":0,"pwm":0,"lost_markers":0,"lost_ms":0,"motor_dir":"FWD"}
2026-08-26T14:06:41-0700	ngr/loco/9950012/alert	{"level":"UNSET","reason":"STATUS","loco":"9950012","uptime_ms":51138,"nav":"UNSET","moving":0,"pwm":0,"est_mm_s":0,"dir":"UNSET","session_dir":"UNSET","mdir":"FWD","rear":0,"front":0,"env":0,"lc_mm":-1,"last_confirmed_landmark":"","age_ms":0,"since":0,"dead_reckoned_mm":0,"candidate_mm":-1,"viable":[],"lostm":0,"lost_ms":0,"agree":0,"disagree":0,"losts":0,"auto":0}
2026-08-26T14:06:42-0700	ngr/loco/9950012/state/loopstat	{"loop_max_gap_ms":23,"hall_task_max_gap_ms":2,"hall_task_age_ms":1,"baseline":1799,"raw":1795,"delta":-4,"queue_drops":0,"floor_rejects":0,"queue_high_water":0,"mqtt_connect_ms":771,"mqtt_attempts":1,"pub_drops":0,"pub_queue_hw":1,"cmd_drops":0,"pub_per_s":1,"marker_pub_drops":0,"marker_pub_hw":0,"nav":"UNSET","mm":0,"miss_streak":0,"pwm":0,"lost_markers":0,"lost_ms":0,"motor_dir":"FWD"}
2026-08-26T14:06:42-0700	ngr/loco/9950012/alert	{"level":"UNSET","reason":"STATUS","loco":"9950012","uptime_ms":52138,"nav":"UNSET","moving":0,"pwm":0,"est_mm_s":0,"dir":"UNSET","session_dir":"UNSET","mdir":"FWD","rear":0,"front":0,"env":0,"lc_mm":-1,"last_confirmed_landmark":"","age_ms":0,"since":0,"dead_reckoned_mm":0,"candidate_mm":-1,"viable":[],"lostm":0,"lost_ms":0,"agree":0,"disagree":0,"losts":0,"auto":0}
2026-08-26T14:06:43-0700	ngr/loco/9950012/state/loopstat	{"loop_max_gap_ms":23,"hall_task_max_gap_ms":3,"hall_task_age_ms":1,"baseline":1799,"raw":1797,"delta":-2,"queue_drops":0,"floor_rejects":0,"queue_high_water":0,"mqtt_connect_ms":771,"mqtt_attempts":1,"pub_drops":0,"pub_queue_hw":1,"cmd_drops":0,"pub_per_s":1,"marker_pub_drops":0,"marker_pub_hw":0,"nav":"UNSET","mm":0,"miss_streak":0,"pwm":0,"lost_markers":0,"lost_ms":0,"motor_dir":"FWD"}
2026-08-26T14:06:43-0700	ngr/loco/9950012/alert	{"level":"UNSET","reason":"STATUS","loco":"9950012","uptime_ms":53138,"nav":"UNSET","moving":0,"pwm":0,"est_mm_s":0,"dir":"UNSET","session_dir":"UNSET","mdir":"FWD","rear":0,"front":0,"env":0,"lc_mm":-1,"last_confirmed_landmark":"","age_ms":0,"since":0,"dead_reckoned_mm":0,"candidate_mm":-1,"viable":[],"lostm":0,"lost_ms":0,"agree":0,"disagree":0,"losts":0,"auto":0}
2026-08-26T14:06:44-0700	ngr/loco/9950012/state/loopstat	{"loop_max_gap_ms":23,"hall_task_max_gap_ms":2,"hall_task_age_ms":1,"baseline":1799,"raw":1796,"delta":-3,"queue_drops":0,"floor_rejects":0,"queue_high_water":0,"mqtt_connect_ms":771,"mqtt_attempts":1,"pub_drops":0,"pub_queue_hw":1,"cmd_drops":0,"pub_per_s":1,"marker_pub_drops":0,"marker_pub_hw":0,"nav":"UNSET","mm":0,"miss_streak":0,"pwm":0,"lost_markers":0,"lost_ms":0,"motor_dir":"FWD"}
2026-08-26T14:06:44-0700	ngr/loco/9950012/alert	{"level":"UNSET","reason":"STATUS","loco":"9950012","uptime_ms":54138,"nav":"UNSET","moving":0,"pwm":0,"est_mm_s":0,"dir":"UNSET","session_dir":"UNSET","mdir":"FWD","rear":0,"front":0,"env":0,"lc_mm":-1,"last_confirmed_landmark":"","age_ms":0,"since":0,"dead_reckoned_mm":0,"candidate_mm":-1,"viable":[],"lostm":0,"lost_ms":0,"agree":0,"disagree":0,"losts":0,"auto":0}
2026-08-26T14:06:45-0700	ngr/loco/9950012/state/loopstat	{"loop_max_gap_ms":22,"hall_task_max_gap_ms":2,"hall_task_age_ms":1,"baseline":1799,"raw":1795,"delta":-4,"queue_drops":0,"floor_rejects":0,"queue_high_water":0,"mqtt_connect_ms":771,"mqtt_attempts":1,"pub_drops":0,"pub_queue_hw":1,"cmd_drops":0,"pub_per_s":1,"marker_pub_drops":0,"marker_pub_hw":0,"nav":"UNSET","mm":0,"miss_streak":0,"pwm":0,"lost_markers":0,"lost_ms":0,"motor_dir":"FWD"}
2026-08-26T14:06:45-0700	ngr/loco/9950012/telem/voltage	15.16
2026-08-26T14:06:45-0700	ngr/loco/9950012/telem/current	0.19
2026-08-26T14:06:45-0700	ngr/loco/9950012/telem/power	2.91
2026-08-26T14:06:45-0700	ngr/loco/9950012/alert	{"level":"UNSET","reason":"STATUS","loco":"9950012","uptime_ms":55138,"nav":"UNSET","moving":0,"pwm":0,"est_mm_s":0,"dir":"UNSET","session_dir":"UNSET","mdir":"FWD","rear":0,"front":0,"env":0,"lc_mm":-1,"last_confirmed_landmark":"","age_ms":0,"since":0,"dead_reckoned_mm":0,"candidate_mm":-1,"viable":[],"lostm":0,"lost_ms":0,"agree":0,"disagree":0,"losts":0,"auto":0}
2026-08-26T14:06:46-0700	ngr/loco/9950012/state/loopstat	{"loop_max_gap_ms":22,"hall_task_max_gap_ms":2,"hall_task_age_ms":1,"baseline":1799,"raw":1796,"delta":-3,"queue_drops":0,"floor_rejects":0,"queue_high_water":0,"mqtt_connect_ms":771,"mqtt_attempts":1,"pub_drops":0,"pub_queue_hw":3,"cmd_drops":0,"pub_per_s":4,"marker_pub_drops":0,"marker_pub_hw":0,"nav":"UNSET","mm":0,"miss_streak":0,"pwm":0,"lost_markers":0,"lost_ms":0,"motor_dir":"FWD"}
2026-08-26T14:06:46-0700	ngr/loco/9950012/alert	{"level":"UNSET","reason":"STATUS","loco":"9950012","uptime_ms":56138,"nav":"UNSET","moving":0,"pwm":0,"est_mm_s":0,"dir":"UNSET","session_dir":"UNSET","mdir":"FWD","rear":0,"front":0,"env":0,"lc_mm":-1,"last_confirmed_landmark":"","age_ms":0,"since":0,"dead_reckoned_mm":0,"candidate_mm":-1,"viable":[],"lostm":0,"lost_ms":0,"agree":0,"disagree":0,"losts":0,"auto":0}
2026-08-26T14:06:47-0700	ngr/loco/9950012/state/loopstat	{"loop_max_gap_ms":22,"hall_task_max_gap_ms":2,"hall_task_age_ms":1,"baseline":1799,"raw":1797,"delta":-2,"queue_drops":0,"floor_rejects":0,"queue_high_water":0,"mqtt_connect_ms":771,"mqtt_attempts":1,"pub_drops":0,"pub_queue_hw":1,"cmd_drops":0,"pub_per_s":1,"marker_pub_drops":0,"marker_pub_hw":0,"nav":"UNSET","mm":0,"miss_streak":0,"pwm":0,"lost_markers":0,"lost_ms":0,"motor_dir":"FWD"}
2026-08-26T14:06:47-0700	ngr/loco/9950012/alert	{"level":"UNSET","reason":"STATUS","loco":"9950012","uptime_ms":57138,"nav":"UNSET","moving":0,"pwm":0,"est_mm_s":0,"dir":"UNSET","session_dir":"UNSET","mdir":"FWD","rear":0,"front":0,"env":0,"lc_mm":-1,"last_confirmed_landmark":"","age_ms":0,"since":0,"dead_reckoned_mm":0,"candidate_mm":-1,"viable":[],"lostm":0,"lost_ms":0,"agree":0,"disagree":0,"losts":0,"auto":0}
2026-08-26T14:06:48-0700	ngr/loco/9950012/state/loopstat	{"loop_max_gap_ms":22,"hall_task_max_gap_ms":2,"hall_task_age_ms":1,"baseline":1799,"raw":1795,"delta":-4,"queue_drops":0,"floor_rejects":0,"queue_high_water":0,"mqtt_connect_ms":771,"mqtt_attempts":1,"pub_drops":0,"pub_queue_hw":1,"cmd_drops":0,"pub_per_s":1,"marker_pub_drops":0,"marker_pub_hw":0,"nav":"UNSET","mm":0,"miss_streak":0,"pwm":0,"lost_markers":0,"lost_ms":0,"motor_dir":"FWD"}
2026-08-26T14:06:48-0700	ngr/loco/9950012/alert	{"level":"UNSET","reason":"STATUS","loco":"9950012","uptime_ms":58138,"nav":"UNSET","moving":0,"pwm":0,"est_mm_s":0,"dir":"UNSET","session_dir":"UNSET","mdir":"FWD","rear":0,"front":0,"env":0,"lc_mm":-1,"last_confirmed_landmark":"","age_ms":0,"since":0,"dead_reckoned_mm":0,"candidate_mm":-1,"viable":[],"lostm":0,"lost_ms":0,"agree":0,"disagree":0,"losts":0,"auto":0}
2026-08-26T14:06:49-0700	ngr/loco/9950012/state/loopstat	{"loop_max_gap_ms":22,"hall_task_max_gap_ms":2,"hall_task_age_ms":1,"baseline":1799,"raw":1795,"delta":-4,"queue_drops":0,"floor_rejects":0,"queue_high_water":0,"mqtt_connect_ms":771,"mqtt_attempts":1,"pub_drops":0,"pub_queue_hw":1,"cmd_drops":0,"pub_per_s":1,"marker_pub_drops":0,"marker_pub_hw":0,"nav":"UNSET","mm":0,"miss_streak":0,"pwm":0,"lost_markers":0,"lost_ms":0,"motor_dir":"FWD"}
2026-08-26T14:06:49-0700	ngr/loco/9950012/alert	{"level":"UNSET","reason":"STATUS","loco":"9950012","uptime_ms":59138,"nav":"UNSET","moving":0,"pwm":0,"est_mm_s":0,"dir":"UNSET","session_dir":"UNSET","mdir":"FWD","rear":0,"front":0,"env":0,"lc_mm":-1,"last_confirmed_landmark":"","age_ms":0,"since":0,"dead_reckoned_mm":0,"candidate_mm":-1,"viable":[],"lostm":0,"lost_ms":0,"agree":0,"disagree":0,"losts":0,"auto":0}
2026-08-26T14:06:50-0700	ngr/loco/9950012/state/loopstat	{"loop_max_gap_ms":23,"hall_task_max_gap_ms":2,"hall_task_age_ms":1,"baseline":1799,"raw":1796,"delta":-3,"queue_drops":0,"floor_rejects":0,"queue_high_water":0,"mqtt_connect_ms":771,"mqtt_attempts":1,"pub_drops":0,"pub_queue_hw":1,"cmd_drops":0,"pub_per_s":1,"marker_pub_drops":0,"marker_pub_hw":0,"nav":"UNSET","mm":0,"miss_streak":0,"pwm":0,"lost_markers":0,"lost_ms":0,"motor_dir":"FWD"}
2026-08-26T14:06:50-0700	ngr/loco/9950012/telem/voltage	15.16
2026-08-26T14:06:50-0700	ngr/loco/9950012/telem/current	0.22
2026-08-26T14:06:50-0700	ngr/loco/9950012/telem/power	3.04
2026-08-26T14:06:50-0700	ngr/loco/9950012/alert	{"level":"UNSET","reason":"STATUS","loco":"9950012","uptime_ms":60138,"nav":"UNSET","moving":0,"pwm":0,"est_mm_s":0,"dir":"UNSET","session_dir":"UNSET","mdir":"FWD","rear":0,"front":0,"env":0,"lc_mm":-1,"last_confirmed_landmark":"","age_ms":0,"since":0,"dead_reckoned_mm":0,"candidate_mm":-1,"viable":[],"lostm":0,"lost_ms":0,"agree":0,"disagree":0,"losts":0,"auto":0}
2026-08-26T14:06:51-0700	ngr/loco/9950012/state/loopstat	{"loop_max_gap_ms":23,"hall_task_max_gap_ms":2,"hall_task_age_ms":1,"baseline":1799,"raw":1800,"delta":1,"queue_drops":0,"floor_rejects":0,"queue_high_water":0,"mqtt_connect_ms":771,"mqtt_attempts":1,"pub_drops":0,"pub_queue_hw":3,"cmd_drops":0,"pub_per_s":4,"marker_pub_drops":0,"marker_pub_hw":0,"nav":"UNSET","mm":0,"miss_streak":0,"pwm":0,"lost_markers":0,"lost_ms":0,"motor_dir":"FWD"}
2026-08-26T14:06:51-0700	ngr/loco/9950012/alert	{"level":"UNSET","reason":"STATUS","loco":"9950012","uptime_ms":61138,"nav":"UNSET","moving":0,"pwm":0,"est_mm_s":0,"dir":"UNSET","session_dir":"UNSET","mdir":"FWD","rear":0,"front":0,"env":0,"lc_mm":-1,"last_confirmed_landmark":"","age_ms":0,"since":0,"dead_reckoned_mm":0,"candidate_mm":-1,"viable":[],"lostm":0,"lost_ms":0,"agree":0,"disagree":0,"losts":0,"auto":0}
2026-08-26T14:06:52-0700	ngr/loco/9950012/state/loopstat	{"loop_max_gap_ms":22,"hall_task_max_gap_ms":2,"hall_task_age_ms":1,"baseline":1799,"raw":1796,"delta":-3,"queue_drops":0,"floor_rejects":0,"queue_high_water":0,"mqtt_connect_ms":771,"mqtt_attempts":1,"pub_drops":0,"pub_queue_hw":1,"cmd_drops":0,"pub_per_s":1,"marker_pub_drops":0,"marker_pub_hw":0,"nav":"UNSET","mm":0,"miss_streak":0,"pwm":0,"lost_markers":0,"lost_ms":0,"motor_dir":"FWD"}
2026-08-26T14:06:52-0700	ngr/loco/9950012/alert	{"level":"UNSET","reason":"STATUS","loco":"9950012","uptime_ms":62138,"nav":"UNSET","moving":0,"pwm":0,"est_mm_s":0,"dir":"UNSET","session_dir":"UNSET","mdir":"FWD","rear":0,"front":0,"env":0,"lc_mm":-1,"last_confirmed_landmark":"","age_ms":0,"since":0,"dead_reckoned_mm":0,"candidate_mm":-1,"viable":[],"lostm":0,"lost_ms":0,"agree":0,"disagree":0,"losts":0,"auto":0}
2026-08-26T14:06:53-0700	ngr/loco/9950012/state/loopstat	{"loop_max_gap_ms":23,"hall_task_max_gap_ms":2,"hall_task_age_ms":1,"baseline":1799,"raw":1795,"delta":-4,"queue_drops":0,"floor_rejects":0,"queue_high_water":0,"mqtt_connect_ms":771,"mqtt_attempts":1,"pub_drops":0,"pub_queue_hw":1,"cmd_drops":0,"pub_per_s":1,"marker_pub_drops":0,"marker_pub_hw":0,"nav":"UNSET","mm":0,"miss_streak":0,"pwm":0,"lost_markers":0,"lost_ms":0,"motor_dir":"FWD"}
2026-08-26T14:06:53-0700	ngr/loco/9950012/alert	{"level":"UNSET","reason":"STATUS","loco":"9950012","uptime_ms":63138,"nav":"UNSET","moving":0,"pwm":0,"est_mm_s":0,"dir":"UNSET","session_dir":"UNSET","mdir":"FWD","rear":0,"front":0,"env":0,"lc_mm":-1,"last_confirmed_landmark":"","age_ms":0,"since":0,"dead_reckoned_mm":0,"candidate_mm":-1,"viable":[],"lostm":0,"lost_ms":0,"agree":0,"disagree":0,"losts":0,"auto":0}
2026-08-26T14:06:54-0700	ngr/loco/9950012/state/loopstat	{"loop_max_gap_ms":23,"hall_task_max_gap_ms":2,"hall_task_age_ms":1,"baseline":1799,"raw":1797,"delta":-2,"queue_drops":0,"floor_rejects":0,"queue_high_water":0,"mqtt_connect_ms":771,"mqtt_attempts":1,"pub_drops":0,"pub_queue_hw":1,"cmd_drops":0,"pub_per_s":1,"marker_pub_drops":0,"marker_pub_hw":0,"nav":"UNSET","mm":0,"miss_streak":0,"pwm":0,"lost_markers":0,"lost_ms":0,"motor_dir":"FWD"}
2026-08-26T14:06:54-0700	ngr/loco/9950012/alert	{"level":"UNSET","reason":"STATUS","loco":"9950012","uptime_ms":64138,"nav":"UNSET","moving":0,"pwm":0,"est_mm_s":0,"dir":"UNSET","session_dir":"UNSET","mdir":"FWD","rear":0,"front":0,"env":0,"lc_mm":-1,"last_confirmed_landmark":"","age_ms":0,"since":0,"dead_reckoned_mm":0,"candidate_mm":-1,"viable":[],"lostm":0,"lost_ms":0,"agree":0,"disagree":0,"losts":0,"auto":0}
2026-08-26T14:06:55-0700	ngr/loco/9950012/state/loopstat	{"loop_max_gap_ms":23,"hall_task_max_gap_ms":2,"hall_task_age_ms":1,"baseline":1799,"raw":1797,"delta":-2,"queue_drops":0,"floor_rejects":0,"queue_high_water":0,"mqtt_connect_ms":771,"mqtt_attempts":1,"pub_drops":0,"pub_queue_hw":1,"cmd_drops":0,"pub_per_s":1,"marker_pub_drops":0,"marker_pub_hw":0,"nav":"UNSET","mm":0,"miss_streak":0,"pwm":0,"lost_markers":0,"lost_ms":0,"motor_dir":"FWD"}
2026-08-26T14:06:55-0700	ngr/loco/9950012/telem/voltage	15.16
2026-08-26T14:06:55-0700	ngr/loco/9950012/telem/current	0.19
2026-08-26T14:06:55-0700	ngr/loco/9950012/telem/power	2.94
2026-08-26T14:06:55-0700	ngr/loco/9950012/alert	{"level":"UNSET","reason":"STATUS","loco":"9950012","uptime_ms":65138,"nav":"UNSET","moving":0,"pwm":0,"est_mm_s":0,"dir":"UNSET","session_dir":"UNSET","mdir":"FWD","rear":0,"front":0,"env":0,"lc_mm":-1,"last_confirmed_landmark":"","age_ms":0,"since":0,"dead_reckoned_mm":0,"candidate_mm":-1,"viable":[],"lostm":0,"lost_ms":0,"agree":0,"disagree":0,"losts":0,"auto":0}
2026-08-26T14:06:56-0700	ngr/loco/9950012/state/loopstat	{"loop_max_gap_ms":23,"hall_task_max_gap_ms":2,"hall_task_age_ms":1,"baseline":1799,"raw":1798,"delta":-1,"queue_drops":0,"floor_rejects":0,"queue_high_water":0,"mqtt_connect_ms":771,"mqtt_attempts":1,"pub_drops":0,"pub_queue_hw":3,"cmd_drops":0,"pub_per_s":4,"marker_pub_drops":0,"marker_pub_hw":0,"nav":"UNSET","mm":0,"miss_streak":0,"pwm":0,"lost_markers":0,"lost_ms":0,"motor_dir":"FWD"}
2026-08-26T14:06:56-0700	ngr/loco/9950012/alert	{"level":"UNSET","reason":"STATUS","loco":"9950012","uptime_ms":66138,"nav":"UNSET","moving":0,"pwm":0,"est_mm_s":0,"dir":"UNSET","session_dir":"UNSET","mdir":"FWD","rear":0,"front":0,"env":0,"lc_mm":-1,"last_confirmed_landmark":"","age_ms":0,"since":0,"dead_reckoned_mm":0,"candidate_mm":-1,"viable":[],"lostm":0,"lost_ms":0,"agree":0,"disagree":0,"losts":0,"auto":0}
2026-08-26T14:06:57-0700	ngr/loco/9950012/state/loopstat	{"loop_max_gap_ms":23,"hall_task_max_gap_ms":2,"hall_task_age_ms":1,"baseline":1799,"raw":1796,"delta":-3,"queue_drops":0,"floor_rejects":0,"queue_high_water":0,"mqtt_connect_ms":771,"mqtt_attempts":1,"pub_drops":0,"pub_queue_hw":1,"cmd_drops":0,"pub_per_s":1,"marker_pub_drops":0,"marker_pub_hw":0,"nav":"UNSET","mm":0,"miss_streak":0,"pwm":0,"lost_markers":0,"lost_ms":0,"motor_dir":"FWD"}
2026-08-26T14:06:57-0700	ngr/loco/9950012/alert	{"level":"UNSET","reason":"STATUS","loco":"9950012","uptime_ms":67138,"nav":"UNSET","moving":0,"pwm":0,"est_mm_s":0,"dir":"UNSET","session_dir":"UNSET","mdir":"FWD","rear":0,"front":0,"env":0,"lc_mm":-1,"last_confirmed_landmark":"","age_ms":0,"since":0,"dead_reckoned_mm":0,"candidate_mm":-1,"viable":[],"lostm":0,"lost_ms":0,"agree":0,"disagree":0,"losts":0,"auto":0}
2026-08-26T14:06:58-0700	ngr/loco/9950012/state/loopstat	{"loop_max_gap_ms":22,"hall_task_max_gap_ms":2,"hall_task_age_ms":1,"baseline":1799,"raw":1797,"delta":-2,"queue_drops":0,"floor_rejects":0,"queue_high_water":0,"mqtt_connect_ms":771,"mqtt_attempts":1,"pub_drops":0,"pub_queue_hw":1,"cmd_drops":0,"pub_per_s":1,"marker_pub_drops":0,"marker_pub_hw":0,"nav":"UNSET","mm":0,"miss_streak":0,"pwm":0,"lost_markers":0,"lost_ms":0,"motor_dir":"FWD"}
2026-08-26T14:06:58-0700	ngr/loco/9950012/alert	{"level":"UNSET","reason":"STATUS","loco":"9950012","uptime_ms":68138,"nav":"UNSET","moving":0,"pwm":0,"est_mm_s":0,"dir":"UNSET","session_dir":"UNSET","mdir":"FWD","rear":0,"front":0,"env":0,"lc_mm":-1,"last_confirmed_landmark":"","age_ms":0,"since":0,"dead_reckoned_mm":0,"candidate_mm":-1,"viable":[],"lostm":0,"lost_ms":0,"agree":0,"disagree":0,"losts":0,"auto":0}
2026-08-26T14:06:59-0700	ngr/loco/9950012/state/loopstat	{"loop_max_gap_ms":22,"hall_task_max_gap_ms":2,"hall_task_age_ms":1,"baseline":1799,"raw":1797,"delta":-2,"queue_drops":0,"floor_rejects":0,"queue_high_water":0,"mqtt_connect_ms":771,"mqtt_attempts":1,"pub_drops":0,"pub_queue_hw":1,"cmd_drops":0,"pub_per_s":1,"marker_pub_drops":0,"marker_pub_hw":0,"nav":"UNSET","mm":0,"miss_streak":0,"pwm":0,"lost_markers":0,"lost_ms":0,"motor_dir":"FWD"}
2026-08-26T14:06:59-0700	ngr/loco/9950012/alert	{"level":"UNSET","reason":"STATUS","loco":"9950012","uptime_ms":69138,"nav":"UNSET","moving":0,"pwm":0,"est_mm_s":0,"dir":"UNSET","session_dir":"UNSET","mdir":"FWD","rear":0,"front":0,"env":0,"lc_mm":-1,"last_confirmed_landmark":"","age_ms":0,"since":0,"dead_reckoned_mm":0,"candidate_mm":-1,"viable":[],"lostm":0,"lost_ms":0,"agree":0,"disagree":0,"losts":0,"auto":0}
2026-08-26T14:07:00-0700	ngr/loco/9950012/state/loopstat	{"loop_max_gap_ms":23,"hall_task_max_gap_ms":2,"hall_task_age_ms":1,"baseline":1799,"raw":1798,"delta":-1,"queue_drops":0,"floor_rejects":0,"queue_high_water":0,"mqtt_connect_ms":771,"mqtt_attempts":1,"pub_drops":0,"pub_queue_hw":1,"cmd_drops":0,"pub_per_s":1,"marker_pub_drops":0,"marker_pub_hw":0,"nav":"UNSET","mm":0,"miss_streak":0,"pwm":0,"lost_markers":0,"lost_ms":0,"motor_dir":"FWD"}
2026-08-26T14:07:00-0700	ngr/loco/9950012/telem/voltage	15.14
2026-08-26T14:07:00-0700	ngr/loco/9950012/telem/current	0.19
2026-08-26T14:07:00-0700	ngr/loco/9950012/telem/power	3.03
2026-08-26T14:07:00-0700	ngr/loco/9950012/alert	{"level":"UNSET","reason":"STATUS","loco":"9950012","uptime_ms":70138,"nav":"UNSET","moving":0,"pwm":0,"est_mm_s":0,"dir":"UNSET","session_dir":"UNSET","mdir":"FWD","rear":0,"front":0,"env":0,"lc_mm":-1,"last_confirmed_landmark":"","age_ms":0,"since":0,"dead_reckoned_mm":0,"candidate_mm":-1,"viable":[],"lostm":0,"lost_ms":0,"agree":0,"disagree":0,"losts":0,"auto":0}
2026-08-26T14:07:01-0700	ngr/loco/9950012/state/loopstat	{"loop_max_gap_ms":23,"hall_task_max_gap_ms":3,"hall_task_age_ms":1,"baseline":1799,"raw":1796,"delta":-3,"queue_drops":0,"floor_rejects":0,"queue_high_water":0,"mqtt_connect_ms":771,"mqtt_attempts":1,"pub_drops":0,"pub_queue_hw":3,"cmd_drops":0,"pub_per_s":4,"marker_pub_drops":0,"marker_pub_hw":0,"nav":"UNSET","mm":0,"miss_streak":0,"pwm":0,"lost_markers":0,"lost_ms":0,"motor_dir":"FWD"}
2026-08-26T14:07:01-0700	ngr/loco/9950012/alert	{"level":"UNSET","reason":"STATUS","loco":"9950012","uptime_ms":71138,"nav":"UNSET","moving":0,"pwm":0,"est_mm_s":0,"dir":"UNSET","session_dir":"UNSET","mdir":"FWD","rear":0,"front":0,"env":0,"lc_mm":-1,"last_confirmed_landmark":"","age_ms":0,"since":0,"dead_reckoned_mm":0,"candidate_mm":-1,"viable":[],"lostm":0,"lost_ms":0,"agree":0,"disagree":0,"losts":0,"auto":0}
2026-08-26T14:07:02-0700	ngr/loco/9950012/state/loopstat	{"loop_max_gap_ms":23,"hall_task_max_gap_ms":2,"hall_task_age_ms":1,"baseline":1799,"raw":1798,"delta":-1,"queue_drops":0,"floor_rejects":0,"queue_high_water":0,"mqtt_connect_ms":771,"mqtt_attempts":1,"pub_drops":0,"pub_queue_hw":1,"cmd_drops":0,"pub_per_s":1,"marker_pub_drops":0,"marker_pub_hw":0,"nav":"UNSET","mm":0,"miss_streak":0,"pwm":0,"lost_markers":0,"lost_ms":0,"motor_dir":"FWD"}
2026-08-26T14:07:02-0700	ngr/loco/9950012/alert	{"level":"UNSET","reason":"STATUS","loco":"9950012","uptime_ms":72138,"nav":"UNSET","moving":0,"pwm":0,"est_mm_s":0,"dir":"UNSET","session_dir":"UNSET","mdir":"FWD","rear":0,"front":0,"env":0,"lc_mm":-1,"last_confirmed_landmark":"","age_ms":0,"since":0,"dead_reckoned_mm":0,"candidate_mm":-1,"viable":[],"lostm":0,"lost_ms":0,"agree":0,"disagree":0,"losts":0,"auto":0}
2026-08-26T14:07:03-0700	ngr/loco/9950012/state/loopstat	{"loop_max_gap_ms":22,"hall_task_max_gap_ms":2,"hall_task_age_ms":1,"baseline":1799,"raw":1798,"delta":-1,"queue_drops":0,"floor_rejects":0,"queue_high_water":0,"mqtt_connect_ms":771,"mqtt_attempts":1,"pub_drops":0,"pub_queue_hw":1,"cmd_drops":0,"pub_per_s":1,"marker_pub_drops":0,"marker_pub_hw":0,"nav":"UNSET","mm":0,"miss_streak":0,"pwm":0,"lost_markers":0,"lost_ms":0,"motor_dir":"FWD"}
2026-08-26T14:07:03-0700	ngr/loco/9950012/alert	{"level":"UNSET","reason":"STATUS","loco":"9950012","uptime_ms":73138,"nav":"UNSET","moving":0,"pwm":0,"est_mm_s":0,"dir":"UNSET","session_dir":"UNSET","mdir":"FWD","rear":0,"front":0,"env":0,"lc_mm":-1,"last_confirmed_landmark":"","age_ms":0,"since":0,"dead_reckoned_mm":0,"candidate_mm":-1,"viable":[],"lostm":0,"lost_ms":0,"agree":0,"disagree":0,"losts":0,"auto":0}
2026-08-26T14:07:04-0700	ngr/loco/9950012/state/loopstat	{"loop_max_gap_ms":23,"hall_task_max_gap_ms":2,"hall_task_age_ms":1,"baseline":1799,"raw":1799,"delta":0,"queue_drops":0,"floor_rejects":0,"queue_high_water":0,"mqtt_connect_ms":771,"mqtt_attempts":1,"pub_drops":0,"pub_queue_hw":1,"cmd_drops":0,"pub_per_s":1,"marker_pub_drops":0,"marker_pub_hw":0,"nav":"UNSET","mm":0,"miss_streak":0,"pwm":0,"lost_markers":0,"lost_ms":0,"motor_dir":"FWD"}
2026-08-26T14:07:04-0700	ngr/loco/9950012/alert	{"level":"UNSET","reason":"STATUS","loco":"9950012","uptime_ms":74138,"nav":"UNSET","moving":0,"pwm":0,"est_mm_s":0,"dir":"UNSET","session_dir":"UNSET","mdir":"FWD","rear":0,"front":0,"env":0,"lc_mm":-1,"last_confirmed_landmark":"","age_ms":0,"since":0,"dead_reckoned_mm":0,"candidate_mm":-1,"viable":[],"lostm":0,"lost_ms":0,"agree":0,"disagree":0,"losts":0,"auto":0}
2026-08-26T14:07:05-0700	ngr/loco/9950012/state/loopstat	{"loop_max_gap_ms":23,"hall_task_max_gap_ms":2,"hall_task_age_ms":1,"baseline":1799,"raw":1796,"delta":-3,"queue_drops":0,"floor_rejects":0,"queue_high_water":0,"mqtt_connect_ms":771,"mqtt_attempts":1,"pub_drops":0,"pub_queue_hw":1,"cmd_drops":0,"pub_per_s":1,"marker_pub_drops":0,"marker_pub_hw":0,"nav":"UNSET","mm":0,"miss_streak":0,"pwm":0,"lost_markers":0,"lost_ms":0,"motor_dir":"FWD"}
2026-08-26T14:07:05-0700	ngr/loco/9950012/telem/voltage	15.16
2026-08-26T14:07:05-0700	ngr/loco/9950012/telem/current	0.20
2026-08-26T14:07:05-0700	ngr/loco/9950012/telem/power	3.18
2026-08-26T14:07:05-0700	ngr/loco/9950012/alert	{"level":"UNSET","reason":"STATUS","loco":"9950012","uptime_ms":75138,"nav":"UNSET","moving":0,"pwm":0,"est_mm_s":0,"dir":"UNSET","session_dir":"UNSET","mdir":"FWD","rear":0,"front":0,"env":0,"lc_mm":-1,"last_confirmed_landmark":"","age_ms":0,"since":0,"dead_reckoned_mm":0,"candidate_mm":-1,"viable":[],"lostm":0,"lost_ms":0,"agree":0,"disagree":0,"losts":0,"auto":0}
2026-08-26T14:07:06-0700	ngr/loco/9950012/state/loopstat	{"loop_max_gap_ms":23,"hall_task_max_gap_ms":2,"hall_task_age_ms":1,"baseline":1799,"raw":1799,"delta":0,"queue_drops":0,"floor_rejects":0,"queue_high_water":0,"mqtt_connect_ms":771,"mqtt_attempts":1,"pub_drops":0,"pub_queue_hw":3,"cmd_drops":0,"pub_per_s":4,"marker_pub_drops":0,"marker_pub_hw":0,"nav":"UNSET","mm":0,"miss_streak":0,"pwm":0,"lost_markers":0,"lost_ms":0,"motor_dir":"FWD"}
2026-08-26T14:07:06-0700	ngr/loco/9950012/alert	{"level":"UNSET","reason":"STATUS","loco":"9950012","uptime_ms":76138,"nav":"UNSET","moving":0,"pwm":0,"est_mm_s":0,"dir":"UNSET","session_dir":"UNSET","mdir":"FWD","rear":0,"front":0,"env":0,"lc_mm":-1,"last_confirmed_landmark":"","age_ms":0,"since":0,"dead_reckoned_mm":0,"candidate_mm":-1,"viable":[],"lostm":0,"lost_ms":0,"agree":0,"disagree":0,"losts":0,"auto":0}
2026-08-26T14:07:07-0700	ngr/loco/9950012/state/loopstat	{"loop_max_gap_ms":22,"hall_task_max_gap_ms":2,"hall_task_age_ms":1,"baseline":1799,"raw":1797,"delta":-2,"queue_drops":0,"floor_rejects":0,"queue_high_water":0,"mqtt_connect_ms":771,"mqtt_attempts":1,"pub_drops":0,"pub_queue_hw":1,"cmd_drops":0,"pub_per_s":1,"marker_pub_drops":0,"marker_pub_hw":0,"nav":"UNSET","mm":0,"miss_streak":0,"pwm":0,"lost_markers":0,"lost_ms":0,"motor_dir":"FWD"}
2026-08-26T14:07:07-0700	ngr/loco/9950012/alert	{"level":"UNSET","reason":"STATUS","loco":"9950012","uptime_ms":77138,"nav":"UNSET","moving":0,"pwm":0,"est_mm_s":0,"dir":"UNSET","session_dir":"UNSET","mdir":"FWD","rear":0,"front":0,"env":0,"lc_mm":-1,"last_confirmed_landmark":"","age_ms":0,"since":0,"dead_reckoned_mm":0,"candidate_mm":-1,"viable":[],"lostm":0,"lost_ms":0,"agree":0,"disagree":0,"losts":0,"auto":0}
2026-08-26T14:07:08-0700	ngr/loco/9950012/state/loopstat	{"loop_max_gap_ms":23,"hall_task_max_gap_ms":2,"hall_task_age_ms":1,"baseline":1799,"raw":1796,"delta":-3,"queue_drops":0,"floor_rejects":0,"queue_high_water":0,"mqtt_connect_ms":771,"mqtt_attempts":1,"pub_drops":0,"pub_queue_hw":1,"cmd_drops":0,"pub_per_s":1,"marker_pub_drops":0,"marker_pub_hw":0,"nav":"UNSET","mm":0,"miss_streak":0,"pwm":0,"lost_markers":0,"lost_ms":0,"motor_dir":"FWD"}
2026-08-26T14:07:08-0700	ngr/loco/9950012/alert	{"level":"UNSET","reason":"STATUS","loco":"9950012","uptime_ms":78138,"nav":"UNSET","moving":0,"pwm":0,"est_mm_s":0,"dir":"UNSET","session_dir":"UNSET","mdir":"FWD","rear":0,"front":0,"env":0,"lc_mm":-1,"last_confirmed_landmark":"","age_ms":0,"since":0,"dead_reckoned_mm":0,"candidate_mm":-1,"viable":[],"lostm":0,"lost_ms":0,"agree":0,"disagree":0,"losts":0,"auto":0}
2026-08-26T14:07:09-0700	ngr/loco/9950012/state/loopstat	{"loop_max_gap_ms":23,"hall_task_max_gap_ms":2,"hall_task_age_ms":1,"baseline":1799,"raw":1797,"delta":-2,"queue_drops":0,"floor_rejects":0,"queue_high_water":0,"mqtt_connect_ms":771,"mqtt_attempts":1,"pub_drops":0,"pub_queue_hw":1,"cmd_drops":0,"pub_per_s":1,"marker_pub_drops":0,"marker_pub_hw":0,"nav":"UNSET","mm":0,"miss_streak":0,"pwm":0,"lost_markers":0,"lost_ms":0,"motor_dir":"FWD"}
2026-08-26T14:07:09-0700	ngr/loco/9950012/alert	{"level":"UNSET","reason":"STATUS","loco":"9950012","uptime_ms":79138,"nav":"UNSET","moving":0,"pwm":0,"est_mm_s":0,"dir":"UNSET","session_dir":"UNSET","mdir":"FWD","rear":0,"front":0,"env":0,"lc_mm":-1,"last_confirmed_landmark":"","age_ms":0,"since":0,"dead_reckoned_mm":0,"candidate_mm":-1,"viable":[],"lostm":0,"lost_ms":0,"agree":0,"disagree":0,"losts":0,"auto":0}
2026-08-26T14:07:10-0700	ngr/loco/9950012/state/loopstat	{"loop_max_gap_ms":23,"hall_task_max_gap_ms":2,"hall_task_age_ms":1,"baseline":1799,"raw":1797,"delta":-2,"queue_drops":0,"floor_rejects":0,"queue_high_water":0,"mqtt_connect_ms":771,"mqtt_attempts":1,"pub_drops":0,"pub_queue_hw":1,"cmd_drops":0,"pub_per_s":1,"marker_pub_drops":0,"marker_pub_hw":0,"nav":"UNSET","mm":0,"miss_streak":0,"pwm":0,"lost_markers":0,"lost_ms":0,"motor_dir":"FWD"}
2026-08-26T14:07:10-0700	ngr/loco/9950012/telem/voltage	15.15
2026-08-26T14:07:10-0700	ngr/loco/9950012/telem/current	0.19
2026-08-26T14:07:10-0700	ngr/loco/9950012/telem/power	2.95
2026-08-26T14:07:10-0700	ngr/loco/9950012/alert	{"level":"UNSET","reason":"STATUS","loco":"9950012","uptime_ms":80138,"nav":"UNSET","moving":0,"pwm":0,"est_mm_s":0,"dir":"UNSET","session_dir":"UNSET","mdir":"FWD","rear":0,"front":0,"env":0,"lc_mm":-1,"last_confirmed_landmark":"","age_ms":0,"since":0,"dead_reckoned_mm":0,"candidate_mm":-1,"viable":[],"lostm":0,"lost_ms":0,"agree":0,"disagree":0,"losts":0,"auto":0}
2026-08-26T14:07:11-0700	ngr/loco/9950012/state/loopstat	{"loop_max_gap_ms":23,"hall_task_max_gap_ms":2,"hall_task_age_ms":1,"baseline":1799,"raw":1797,"delta":-2,"queue_drops":0,"floor_rejects":0,"queue_high_water":0,"mqtt_connect_ms":771,"mqtt_attempts":1,"pub_drops":0,"pub_queue_hw":3,"cmd_drops":0,"pub_per_s":4,"marker_pub_drops":0,"marker_pub_hw":0,"nav":"UNSET","mm":0,"miss_streak":0,"pwm":0,"lost_markers":0,"lost_ms":0,"motor_dir":"FWD"}
2026-08-26T14:07:11-0700	ngr/loco/9950012/alert	{"level":"UNSET","reason":"STATUS","loco":"9950012","uptime_ms":81138,"nav":"UNSET","moving":0,"pwm":0,"est_mm_s":0,"dir":"UNSET","session_dir":"UNSET","mdir":"FWD","rear":0,"front":0,"env":0,"lc_mm":-1,"last_confirmed_landmark":"","age_ms":0,"since":0,"dead_reckoned_mm":0,"candidate_mm":-1,"viable":[],"lostm":0,"lost_ms":0,"agree":0,"disagree":0,"losts":0,"auto":0}
2026-08-26T14:07:12-0700	ngr/loco/9950012/state/loopstat	{"loop_max_gap_ms":23,"hall_task_max_gap_ms":2,"hall_task_age_ms":1,"baseline":1799,"raw":1799,"delta":0,"queue_drops":0,"floor_rejects":0,"queue_high_water":0,"mqtt_connect_ms":771,"mqtt_attempts":1,"pub_drops":0,"pub_queue_hw":1,"cmd_drops":0,"pub_per_s":1,"marker_pub_drops":0,"marker_pub_hw":0,"nav":"UNSET","mm":0,"miss_streak":0,"pwm":0,"lost_markers":0,"lost_ms":0,"motor_dir":"FWD"}
2026-08-26T14:07:12-0700	ngr/loco/9950012/alert	{"level":"UNSET","reason":"STATUS","loco":"9950012","uptime_ms":82138,"nav":"UNSET","moving":0,"pwm":0,"est_mm_s":0,"dir":"UNSET","session_dir":"UNSET","mdir":"FWD","rear":0,"front":0,"env":0,"lc_mm":-1,"last_confirmed_landmark":"","age_ms":0,"since":0,"dead_reckoned_mm":0,"candidate_mm":-1,"viable":[],"lostm":0,"lost_ms":0,"agree":0,"disagree":0,"losts":0,"auto":0}
2026-08-26T14:07:13-0700	ngr/loco/9950012/state/loopstat	{"loop_max_gap_ms":22,"hall_task_max_gap_ms":2,"hall_task_age_ms":1,"baseline":1799,"raw":1798,"delta":-1,"queue_drops":0,"floor_rejects":0,"queue_high_water":0,"mqtt_connect_ms":771,"mqtt_attempts":1,"pub_drops":0,"pub_queue_hw":1,"cmd_drops":0,"pub_per_s":1,"marker_pub_drops":0,"marker_pub_hw":0,"nav":"UNSET","mm":0,"miss_streak":0,"pwm":0,"lost_markers":0,"lost_ms":0,"motor_dir":"FWD"}
2026-08-26T14:07:13-0700	ngr/loco/9950012/alert	{"level":"UNSET","reason":"STATUS","loco":"9950012","uptime_ms":83138,"nav":"UNSET","moving":0,"pwm":0,"est_mm_s":0,"dir":"UNSET","session_dir":"UNSET","mdir":"FWD","rear":0,"front":0,"env":0,"lc_mm":-1,"last_confirmed_landmark":"","age_ms":0,"since":0,"dead_reckoned_mm":0,"candidate_mm":-1,"viable":[],"lostm":0,"lost_ms":0,"agree":0,"disagree":0,"losts":0,"auto":0}
2026-08-26T14:07:14-0700	ngr/loco/9950012/state/loopstat	{"loop_max_gap_ms":23,"hall_task_max_gap_ms":2,"hall_task_age_ms":1,"baseline":1799,"raw":1797,"delta":-2,"queue_drops":0,"floor_rejects":0,"queue_high_water":0,"mqtt_connect_ms":771,"mqtt_attempts":1,"pub_drops":0,"pub_queue_hw":1,"cmd_drops":0,"pub_per_s":1,"marker_pub_drops":0,"marker_pub_hw":0,"nav":"UNSET","mm":0,"miss_streak":0,"pwm":0,"lost_markers":0,"lost_ms":0,"motor_dir":"FWD"}
2026-08-26T14:07:14-0700	ngr/loco/9950012/alert	{"level":"UNSET","reason":"STATUS","loco":"9950012","uptime_ms":84138,"nav":"UNSET","moving":0,"pwm":0,"est_mm_s":0,"dir":"UNSET","session_dir":"UNSET","mdir":"FWD","rear":0,"front":0,"env":0,"lc_mm":-1,"last_confirmed_landmark":"","age_ms":0,"since":0,"dead_reckoned_mm":0,"candidate_mm":-1,"viable":[],"lostm":0,"lost_ms":0,"agree":0,"disagree":0,"losts":0,"auto":0}
2026-08-26T14:07:15-0700	ngr/loco/9950012/state/loopstat	{"loop_max_gap_ms":23,"hall_task_max_gap_ms":2,"hall_task_age_ms":1,"baseline":1799,"raw":1799,"delta":0,"queue_drops":0,"floor_rejects":0,"queue_high_water":0,"mqtt_connect_ms":771,"mqtt_attempts":1,"pub_drops":0,"pub_queue_hw":1,"cmd_drops":0,"pub_per_s":1,"marker_pub_drops":0,"marker_pub_hw":0,"nav":"UNSET","mm":0,"miss_streak":0,"pwm":0,"lost_markers":0,"lost_ms":0,"motor_dir":"FWD"}
2026-08-26T14:07:15-0700	ngr/loco/9950012/telem/voltage	15.14
2026-08-26T14:07:15-0700	ngr/loco/9950012/telem/current	0.21
2026-08-26T14:07:15-0700	ngr/loco/9950012/telem/power	3.12
2026-08-26T14:07:15-0700	ngr/loco/9950012/alert	{"level":"UNSET","reason":"STATUS","loco":"9950012","uptime_ms":85138,"nav":"UNSET","moving":0,"pwm":0,"est_mm_s":0,"dir":"UNSET","session_dir":"UNSET","mdir":"FWD","rear":0,"front":0,"env":0,"lc_mm":-1,"last_confirmed_landmark":"","age_ms":0,"since":0,"dead_reckoned_mm":0,"candidate_mm":-1,"viable":[],"lostm":0,"lost_ms":0,"agree":0,"disagree":0,"losts":0,"auto":0}
2026-08-26T14:07:16-0700	ngr/loco/9950012/state/loopstat	{"loop_max_gap_ms":23,"hall_task_max_gap_ms":2,"hall_task_age_ms":1,"baseline":1799,"raw":1797,"delta":-2,"queue_drops":0,"floor_rejects":0,"queue_high_water":0,"mqtt_connect_ms":771,"mqtt_attempts":1,"pub_drops":0,"pub_queue_hw":3,"cmd_drops":0,"pub_per_s":4,"marker_pub_drops":0,"marker_pub_hw":0,"nav":"UNSET","mm":0,"miss_streak":0,"pwm":0,"lost_markers":0,"lost_ms":0,"motor_dir":"FWD"}
2026-08-26T14:07:16-0700	ngr/loco/9950012/alert	{"level":"UNSET","reason":"STATUS","loco":"9950012","uptime_ms":86138,"nav":"UNSET","moving":0,"pwm":0,"est_mm_s":0,"dir":"UNSET","session_dir":"UNSET","mdir":"FWD","rear":0,"front":0,"env":0,"lc_mm":-1,"last_confirmed_landmark":"","age_ms":0,"since":0,"dead_reckoned_mm":0,"candidate_mm":-1,"viable":[],"lostm":0,"lost_ms":0,"agree":0,"disagree":0,"losts":0,"auto":0}
2026-08-26T14:07:17-0700	ngr/loco/9950012/state/loopstat	{"loop_max_gap_ms":23,"hall_task_max_gap_ms":2,"hall_task_age_ms":1,"baseline":1799,"raw":1798,"delta":-1,"queue_drops":0,"floor_rejects":0,"queue_high_water":0,"mqtt_connect_ms":771,"mqtt_attempts":1,"pub_drops":0,"pub_queue_hw":1,"cmd_drops":0,"pub_per_s":1,"marker_pub_drops":0,"marker_pub_hw":0,"nav":"UNSET","mm":0,"miss_streak":0,"pwm":0,"lost_markers":0,"lost_ms":0,"motor_dir":"FWD"}
2026-08-26T14:07:17-0700	ngr/loco/9950012/alert	{"level":"UNSET","reason":"STATUS","loco":"9950012","uptime_ms":87138,"nav":"UNSET","moving":0,"pwm":0,"est_mm_s":0,"dir":"UNSET","session_dir":"UNSET","mdir":"FWD","rear":0,"front":0,"env":0,"lc_mm":-1,"last_confirmed_landmark":"","age_ms":0,"since":0,"dead_reckoned_mm":0,"candidate_mm":-1,"viable":[],"lostm":0,"lost_ms":0,"agree":0,"disagree":0,"losts":0,"auto":0}
2026-08-26T14:07:18-0700	ngr/loco/9950012/state/loopstat	{"loop_max_gap_ms":23,"hall_task_max_gap_ms":2,"hall_task_age_ms":1,"baseline":1799,"raw":1798,"delta":-1,"queue_drops":0,"floor_rejects":0,"queue_high_water":0,"mqtt_connect_ms":771,"mqtt_attempts":1,"pub_drops":0,"pub_queue_hw":1,"cmd_drops":0,"pub_per_s":1,"marker_pub_drops":0,"marker_pub_hw":0,"nav":"UNSET","mm":0,"miss_streak":0,"pwm":0,"lost_markers":0,"lost_ms":0,"motor_dir":"FWD"}
2026-08-26T14:07:18-0700	ngr/loco/9950012/alert	{"level":"UNSET","reason":"STATUS","loco":"9950012","uptime_ms":88138,"nav":"UNSET","moving":0,"pwm":0,"est_mm_s":0,"dir":"UNSET","session_dir":"UNSET","mdir":"FWD","rear":0,"front":0,"env":0,"lc_mm":-1,"last_confirmed_landmark":"","age_ms":0,"since":0,"dead_reckoned_mm":0,"candidate_mm":-1,"viable":[],"lostm":0,"lost_ms":0,"agree":0,"disagree":0,"losts":0,"auto":0}
2026-08-26T14:07:19-0700	ngr/loco/9950012/state/loopstat	{"loop_max_gap_ms":22,"hall_task_max_gap_ms":3,"hall_task_age_ms":1,"baseline":1799,"raw":1798,"delta":-1,"queue_drops":0,"floor_rejects":0,"queue_high_water":0,"mqtt_connect_ms":771,"mqtt_attempts":1,"pub_drops":0,"pub_queue_hw":1,"cmd_drops":0,"pub_per_s":1,"marker_pub_drops":0,"marker_pub_hw":0,"nav":"UNSET","mm":0,"miss_streak":0,"pwm":0,"lost_markers":0,"lost_ms":0,"motor_dir":"FWD"}
2026-08-26T14:07:19-0700	ngr/loco/9950012/alert	{"level":"UNSET","reason":"STATUS","loco":"9950012","uptime_ms":89138,"nav":"UNSET","moving":0,"pwm":0,"est_mm_s":0,"dir":"UNSET","session_dir":"UNSET","mdir":"FWD","rear":0,"front":0,"env":0,"lc_mm":-1,"last_confirmed_landmark":"","age_ms":0,"since":0,"dead_reckoned_mm":0,"candidate_mm":-1,"viable":[],"lostm":0,"lost_ms":0,"agree":0,"disagree":0,"losts":0,"auto":0}
2026-08-26T14:07:20-0700	ngr/loco/9950012/state/loopstat	{"loop_max_gap_ms":22,"hall_task_max_gap_ms":2,"hall_task_age_ms":1,"baseline":1799,"raw":1797,"delta":-2,"queue_drops":0,"floor_rejects":0,"queue_high_water":0,"mqtt_connect_ms":771,"mqtt_attempts":1,"pub_drops":0,"pub_queue_hw":1,"cmd_drops":0,"pub_per_s":1,"marker_pub_drops":0,"marker_pub_hw":0,"nav":"UNSET","mm":0,"miss_streak":0,"pwm":0,"lost_markers":0,"lost_ms":0,"motor_dir":"FWD"}
2026-08-26T14:07:20-0700	ngr/loco/9950012/telem/voltage	15.14
2026-08-26T14:07:20-0700	ngr/loco/9950012/telem/current	0.18
2026-08-26T14:07:20-0700	ngr/loco/9950012/telem/power	2.80
2026-08-26T14:07:20-0700	ngr/loco/9950012/alert	{"level":"UNSET","reason":"STATUS","loco":"9950012","uptime_ms":90138,"nav":"UNSET","moving":0,"pwm":0,"est_mm_s":0,"dir":"UNSET","session_dir":"UNSET","mdir":"FWD","rear":0,"front":0,"env":0,"lc_mm":-1,"last_confirmed_landmark":"","age_ms":0,"since":0,"dead_reckoned_mm":0,"candidate_mm":-1,"viable":[],"lostm":0,"lost_ms":0,"agree":0,"disagree":0,"losts":0,"auto":0}
2026-08-26T14:07:21-0700	ngr/loco/9950012/state/loopstat	{"loop_max_gap_ms":23,"hall_task_max_gap_ms":3,"hall_task_age_ms":1,"baseline":1799,"raw":1799,"delta":0,"queue_drops":0,"floor_rejects":0,"queue_high_water":0,"mqtt_connect_ms":771,"mqtt_attempts":1,"pub_drops":0,"pub_queue_hw":3,"cmd_drops":0,"pub_per_s":4,"marker_pub_drops":0,"marker_pub_hw":0,"nav":"UNSET","mm":0,"miss_streak":0,"pwm":0,"lost_markers":0,"lost_ms":0,"motor_dir":"FWD"}
2026-08-26T14:07:21-0700	ngr/loco/9950012/alert	{"level":"UNSET","reason":"STATUS","loco":"9950012","uptime_ms":91138,"nav":"UNSET","moving":0,"pwm":0,"est_mm_s":0,"dir":"UNSET","session_dir":"UNSET","mdir":"FWD","rear":0,"front":0,"env":0,"lc_mm":-1,"last_confirmed_landmark":"","age_ms":0,"since":0,"dead_reckoned_mm":0,"candidate_mm":-1,"viable":[],"lostm":0,"lost_ms":0,"agree":0,"disagree":0,"losts":0,"auto":0}
2026-08-26T14:07:22-0700	ngr/loco/9950012/state/loopstat	{"loop_max_gap_ms":22,"hall_task_max_gap_ms":2,"hall_task_age_ms":1,"baseline":1799,"raw":1797,"delta":-2,"queue_drops":0,"floor_rejects":0,"queue_high_water":0,"mqtt_connect_ms":771,"mqtt_attempts":1,"pub_drops":0,"pub_queue_hw":1,"cmd_drops":0,"pub_per_s":1,"marker_pub_drops":0,"marker_pub_hw":0,"nav":"UNSET","mm":0,"miss_streak":0,"pwm":0,"lost_markers":0,"lost_ms":0,"motor_dir":"FWD"}
2026-08-26T14:07:22-0700	ngr/loco/9950012/alert	{"level":"UNSET","reason":"STATUS","loco":"9950012","uptime_ms":92138,"nav":"UNSET","moving":0,"pwm":0,"est_mm_s":0,"dir":"UNSET","session_dir":"UNSET","mdir":"FWD","rear":0,"front":0,"env":0,"lc_mm":-1,"last_confirmed_landmark":"","age_ms":0,"since":0,"dead_reckoned_mm":0,"candidate_mm":-1,"viable":[],"lostm":0,"lost_ms":0,"agree":0,"disagree":0,"losts":0,"auto":0}
2026-08-26T14:07:23-0700	ngr/loco/9950012/state/loopstat	{"loop_max_gap_ms":22,"hall_task_max_gap_ms":2,"hall_task_age_ms":1,"baseline":1799,"raw":1798,"delta":-1,"queue_drops":0,"floor_rejects":0,"queue_high_water":0,"mqtt_connect_ms":771,"mqtt_attempts":1,"pub_drops":0,"pub_queue_hw":1,"cmd_drops":0,"pub_per_s":1,"marker_pub_drops":0,"marker_pub_hw":0,"nav":"UNSET","mm":0,"miss_streak":0,"pwm":0,"lost_markers":0,"lost_ms":0,"motor_dir":"FWD"}
2026-08-26T14:07:23-0700	ngr/loco/9950012/alert	{"level":"UNSET","reason":"STATUS","loco":"9950012","uptime_ms":93138,"nav":"UNSET","moving":0,"pwm":0,"est_mm_s":0,"dir":"UNSET","session_dir":"UNSET","mdir":"FWD","rear":0,"front":0,"env":0,"lc_mm":-1,"last_confirmed_landmark":"","age_ms":0,"since":0,"dead_reckoned_mm":0,"candidate_mm":-1,"viable":[],"lostm":0,"lost_ms":0,"agree":0,"disagree":0,"losts":0,"auto":0}
2026-08-26T14:07:24-0700	ngr/loco/9950012/state/loopstat	{"loop_max_gap_ms":22,"hall_task_max_gap_ms":2,"hall_task_age_ms":1,"baseline":1799,"raw":1797,"delta":-2,"queue_drops":0,"floor_rejects":0,"queue_high_water":0,"mqtt_connect_ms":771,"mqtt_attempts":1,"pub_drops":0,"pub_queue_hw":1,"cmd_drops":0,"pub_per_s":1,"marker_pub_drops":0,"marker_pub_hw":0,"nav":"UNSET","mm":0,"miss_streak":0,"pwm":0,"lost_markers":0,"lost_ms":0,"motor_dir":"FWD"}
2026-08-26T14:07:24-0700	ngr/loco/9950012/alert	{"level":"UNSET","reason":"STATUS","loco":"9950012","uptime_ms":94138,"nav":"UNSET","moving":0,"pwm":0,"est_mm_s":0,"dir":"UNSET","session_dir":"UNSET","mdir":"FWD","rear":0,"front":0,"env":0,"lc_mm":-1,"last_confirmed_landmark":"","age_ms":0,"since":0,"dead_reckoned_mm":0,"candidate_mm":-1,"viable":[],"lostm":0,"lost_ms":0,"agree":0,"disagree":0,"losts":0,"auto":0}
2026-08-26T14:07:25-0700	ngr/loco/9950012/state/loopstat	{"loop_max_gap_ms":22,"hall_task_max_gap_ms":2,"hall_task_age_ms":1,"baseline":1799,"raw":1796,"delta":-3,"queue_drops":0,"floor_rejects":0,"queue_high_water":0,"mqtt_connect_ms":771,"mqtt_attempts":1,"pub_drops":0,"pub_queue_hw":1,"cmd_drops":0,"pub_per_s":1,"marker_pub_drops":0,"marker_pub_hw":0,"nav":"UNSET","mm":0,"miss_streak":0,"pwm":0,"lost_markers":0,"lost_ms":0,"motor_dir":"FWD"}
2026-08-26T14:07:25-0700	ngr/loco/9950012/telem/voltage	15.14
2026-08-26T14:07:25-0700	ngr/loco/9950012/telem/current	0.22
2026-08-26T14:07:25-0700	ngr/loco/9950012/telem/power	3.40
2026-08-26T14:07:25-0700	ngr/loco/9950012/alert	{"level":"UNSET","reason":"STATUS","loco":"9950012","uptime_ms":95138,"nav":"UNSET","moving":0,"pwm":0,"est_mm_s":0,"dir":"UNSET","session_dir":"UNSET","mdir":"FWD","rear":0,"front":0,"env":0,"lc_mm":-1,"last_confirmed_landmark":"","age_ms":0,"since":0,"dead_reckoned_mm":0,"candidate_mm":-1,"viable":[],"lostm":0,"lost_ms":0,"agree":0,"disagree":0,"losts":0,"auto":0}
2026-08-26T14:07:26-0700	ngr/loco/9950012/state/loopstat	{"loop_max_gap_ms":23,"hall_task_max_gap_ms":2,"hall_task_age_ms":1,"baseline":1799,"raw":1798,"delta":-1,"queue_drops":0,"floor_rejects":0,"queue_high_water":0,"mqtt_connect_ms":771,"mqtt_attempts":1,"pub_drops":0,"pub_queue_hw":3,"cmd_drops":0,"pub_per_s":4,"marker_pub_drops":0,"marker_pub_hw":0,"nav":"UNSET","mm":0,"miss_streak":0,"pwm":0,"lost_markers":0,"lost_ms":0,"motor_dir":"FWD"}
2026-08-26T14:07:26-0700	ngr/loco/9950012/alert	{"level":"UNSET","reason":"STATUS","loco":"9950012","uptime_ms":96138,"nav":"UNSET","moving":0,"pwm":0,"est_mm_s":0,"dir":"UNSET","session_dir":"UNSET","mdir":"FWD","rear":0,"front":0,"env":0,"lc_mm":-1,"last_confirmed_landmark":"","age_ms":0,"since":0,"dead_reckoned_mm":0,"candidate_mm":-1,"viable":[],"lostm":0,"lost_ms":0,"agree":0,"disagree":0,"losts":0,"auto":0}
2026-08-26T14:07:27-0700	ngr/loco/9950012/state/loopstat	{"loop_max_gap_ms":23,"hall_task_max_gap_ms":2,"hall_task_age_ms":1,"baseline":1799,"raw":1798,"delta":-1,"queue_drops":0,"floor_rejects":0,"queue_high_water":0,"mqtt_connect_ms":771,"mqtt_attempts":1,"pub_drops":0,"pub_queue_hw":1,"cmd_drops":0,"pub_per_s":1,"marker_pub_drops":0,"marker_pub_hw":0,"nav":"UNSET","mm":0,"miss_streak":0,"pwm":0,"lost_markers":0,"lost_ms":0,"motor_dir":"FWD"}
2026-08-26T14:07:27-0700	ngr/loco/9950012/alert	{"level":"UNSET","reason":"STATUS","loco":"9950012","uptime_ms":97138,"nav":"UNSET","moving":0,"pwm":0,"est_mm_s":0,"dir":"UNSET","session_dir":"UNSET","mdir":"FWD","rear":0,"front":0,"env":0,"lc_mm":-1,"last_confirmed_landmark":"","age_ms":0,"since":0,"dead_reckoned_mm":0,"candidate_mm":-1,"viable":[],"lostm":0,"lost_ms":0,"agree":0,"disagree":0,"losts":0,"auto":0}
2026-08-26T14:07:28-0700	ngr/loco/9950012/state/loopstat	{"loop_max_gap_ms":23,"hall_task_max_gap_ms":2,"hall_task_age_ms":1,"baseline":1799,"raw":1797,"delta":-2,"queue_drops":0,"floor_rejects":0,"queue_high_water":0,"mqtt_connect_ms":771,"mqtt_attempts":1,"pub_drops":0,"pub_queue_hw":1,"cmd_drops":0,"pub_per_s":1,"marker_pub_drops":0,"marker_pub_hw":0,"nav":"UNSET","mm":0,"miss_streak":0,"pwm":0,"lost_markers":0,"lost_ms":0,"motor_dir":"FWD"}
2026-08-26T14:07:28-0700	ngr/loco/9950012/alert	{"level":"UNSET","reason":"STATUS","loco":"9950012","uptime_ms":98138,"nav":"UNSET","moving":0,"pwm":0,"est_mm_s":0,"dir":"UNSET","session_dir":"UNSET","mdir":"FWD","rear":0,"front":0,"env":0,"lc_mm":-1,"last_confirmed_landmark":"","age_ms":0,"since":0,"dead_reckoned_mm":0,"candidate_mm":-1,"viable":[],"lostm":0,"lost_ms":0,"agree":0,"disagree":0,"losts":0,"auto":0}
2026-08-26T14:07:29-0700	ngr/loco/9950012/state/loopstat	{"loop_max_gap_ms":23,"hall_task_max_gap_ms":2,"hall_task_age_ms":1,"baseline":1799,"raw":1797,"delta":-2,"queue_drops":0,"floor_rejects":0,"queue_high_water":0,"mqtt_connect_ms":771,"mqtt_attempts":1,"pub_drops":0,"pub_queue_hw":1,"cmd_drops":0,"pub_per_s":1,"marker_pub_drops":0,"marker_pub_hw":0,"nav":"UNSET","mm":0,"miss_streak":0,"pwm":0,"lost_markers":0,"lost_ms":0,"motor_dir":"FWD"}
2026-08-26T14:07:29-0700	ngr/loco/9950012/alert	{"level":"UNSET","reason":"STATUS","loco":"9950012","uptime_ms":99138,"nav":"UNSET","moving":0,"pwm":0,"est_mm_s":0,"dir":"UNSET","session_dir":"UNSET","mdir":"FWD","rear":0,"front":0,"env":0,"lc_mm":-1,"last_confirmed_landmark":"","age_ms":0,"since":0,"dead_reckoned_mm":0,"candidate_mm":-1,"viable":[],"lostm":0,"lost_ms":0,"agree":0,"disagree":0,"losts":0,"auto":0}
2026-08-26T14:07:30-0700	ngr/loco/9950012/state/loopstat	{"loop_max_gap_ms":23,"hall_task_max_gap_ms":2,"hall_task_age_ms":1,"baseline":1799,"raw":1796,"delta":-3,"queue_drops":0,"floor_rejects":0,"queue_high_water":0,"mqtt_connect_ms":771,"mqtt_attempts":1,"pub_drops":0,"pub_queue_hw":1,"cmd_drops":0,"pub_per_s":1,"marker_pub_drops":0,"marker_pub_hw":0,"nav":"UNSET","mm":0,"miss_streak":0,"pwm":0,"lost_markers":0,"lost_ms":0,"motor_dir":"FWD"}
2026-08-26T14:07:30-0700	ngr/loco/9950012/telem/voltage	15.14
2026-08-26T14:07:30-0700	ngr/loco/9950012/telem/current	0.22
2026-08-26T14:07:30-0700	ngr/loco/9950012/telem/power	3.31
2026-08-26T14:07:30-0700	ngr/loco/9950012/alert	{"level":"UNSET","reason":"STATUS","loco":"9950012","uptime_ms":100138,"nav":"UNSET","moving":0,"pwm":0,"est_mm_s":0,"dir":"UNSET","session_dir":"UNSET","mdir":"FWD","rear":0,"front":0,"env":0,"lc_mm":-1,"last_confirmed_landmark":"","age_ms":0,"since":0,"dead_reckoned_mm":0,"candidate_mm":-1,"viable":[],"lostm":0,"lost_ms":0,"agree":0,"disagree":0,"losts":0,"auto":0}
2026-08-26T14:07:31-0700	ngr/loco/9950012/state/loopstat	{"loop_max_gap_ms":22,"hall_task_max_gap_ms":3,"hall_task_age_ms":1,"baseline":1799,"raw":1797,"delta":-2,"queue_drops":0,"floor_rejects":0,"queue_high_water":0,"mqtt_connect_ms":771,"mqtt_attempts":1,"pub_drops":0,"pub_queue_hw":3,"cmd_drops":0,"pub_per_s":4,"marker_pub_drops":0,"marker_pub_hw":0,"nav":"UNSET","mm":0,"miss_streak":0,"pwm":0,"lost_markers":0,"lost_ms":0,"motor_dir":"FWD"}
2026-08-26T14:07:31-0700	ngr/loco/9950012/alert	{"level":"UNSET","reason":"STATUS","loco":"9950012","uptime_ms":101138,"nav":"UNSET","moving":0,"pwm":0,"est_mm_s":0,"dir":"UNSET","session_dir":"UNSET","mdir":"FWD","rear":0,"front":0,"env":0,"lc_mm":-1,"last_confirmed_landmark":"","age_ms":0,"since":0,"dead_reckoned_mm":0,"candidate_mm":-1,"viable":[],"lostm":0,"lost_ms":0,"agree":0,"disagree":0,"losts":0,"auto":0}
2026-08-26T14:07:32-0700	ngr/loco/9950012/state/loopstat	{"loop_max_gap_ms":22,"hall_task_max_gap_ms":2,"hall_task_age_ms":1,"baseline":1799,"raw":1799,"delta":0,"queue_drops":0,"floor_rejects":0,"queue_high_water":0,"mqtt_connect_ms":771,"mqtt_attempts":1,"pub_drops":0,"pub_queue_hw":1,"cmd_drops":0,"pub_per_s":1,"marker_pub_drops":0,"marker_pub_hw":0,"nav":"UNSET","mm":0,"miss_streak":0,"pwm":0,"lost_markers":0,"lost_ms":0,"motor_dir":"FWD"}
2026-08-26T14:07:32-0700	ngr/loco/9950012/alert	{"level":"UNSET","reason":"STATUS","loco":"9950012","uptime_ms":102138,"nav":"UNSET","moving":0,"pwm":0,"est_mm_s":0,"dir":"UNSET","session_dir":"UNSET","mdir":"FWD","rear":0,"front":0,"env":0,"lc_mm":-1,"last_confirmed_landmark":"","age_ms":0,"since":0,"dead_reckoned_mm":0,"candidate_mm":-1,"viable":[],"lostm":0,"lost_ms":0,"agree":0,"disagree":0,"losts":0,"auto":0}
2026-08-26T14:07:33-0700	ngr/loco/9950012/state/loopstat	{"loop_max_gap_ms":23,"hall_task_max_gap_ms":2,"hall_task_age_ms":1,"baseline":1799,"raw":1798,"delta":-1,"queue_drops":0,"floor_rejects":0,"queue_high_water":0,"mqtt_connect_ms":771,"mqtt_attempts":1,"pub_drops":0,"pub_queue_hw":1,"cmd_drops":0,"pub_per_s":1,"marker_pub_drops":0,"marker_pub_hw":0,"nav":"UNSET","mm":0,"miss_streak":0,"pwm":0,"lost_markers":0,"lost_ms":0,"motor_dir":"FWD"}
2026-08-26T14:07:33-0700	ngr/loco/9950012/alert	{"level":"UNSET","reason":"STATUS","loco":"9950012","uptime_ms":103138,"nav":"UNSET","moving":0,"pwm":0,"est_mm_s":0,"dir":"UNSET","session_dir":"UNSET","mdir":"FWD","rear":0,"front":0,"env":0,"lc_mm":-1,"last_confirmed_landmark":"","age_ms":0,"since":0,"dead_reckoned_mm":0,"candidate_mm":-1,"viable":[],"lostm":0,"lost_ms":0,"agree":0,"disagree":0,"losts":0,"auto":0}
2026-08-26T14:07:34-0700	ngr/loco/9950012/state/loopstat	{"loop_max_gap_ms":22,"hall_task_max_gap_ms":2,"hall_task_age_ms":1,"baseline":1799,"raw":1796,"delta":-3,"queue_drops":0,"floor_rejects":0,"queue_high_water":0,"mqtt_connect_ms":771,"mqtt_attempts":1,"pub_drops":0,"pub_queue_hw":1,"cmd_drops":0,"pub_per_s":1,"marker_pub_drops":0,"marker_pub_hw":0,"nav":"UNSET","mm":0,"miss_streak":0,"pwm":0,"lost_markers":0,"lost_ms":0,"motor_dir":"FWD"}
2026-08-26T14:07:34-0700	ngr/loco/9950012/alert	{"level":"UNSET","reason":"STATUS","loco":"9950012","uptime_ms":104138,"nav":"UNSET","moving":0,"pwm":0,"est_mm_s":0,"dir":"UNSET","session_dir":"UNSET","mdir":"FWD","rear":0,"front":0,"env":0,"lc_mm":-1,"last_confirmed_landmark":"","age_ms":0,"since":0,"dead_reckoned_mm":0,"candidate_mm":-1,"viable":[],"lostm":0,"lost_ms":0,"agree":0,"disagree":0,"losts":0,"auto":0}
2026-08-26T14:07:35-0700	ngr/loco/9950012/state/loopstat	{"loop_max_gap_ms":23,"hall_task_max_gap_ms":2,"hall_task_age_ms":1,"baseline":1799,"raw":1798,"delta":-1,"queue_drops":0,"floor_rejects":0,"queue_high_water":0,"mqtt_connect_ms":771,"mqtt_attempts":1,"pub_drops":0,"pub_queue_hw":1,"cmd_drops":0,"pub_per_s":1,"marker_pub_drops":0,"marker_pub_hw":0,"nav":"UNSET","mm":0,"miss_streak":0,"pwm":0,"lost_markers":0,"lost_ms":0,"motor_dir":"FWD"}
2026-08-26T14:07:35-0700	ngr/loco/9950012/telem/voltage	15.13
2026-08-26T14:07:35-0700	ngr/loco/9950012/telem/current	0.21
2026-08-26T14:07:35-0700	ngr/loco/9950012/telem/power	3.48
2026-08-26T14:07:35-0700	ngr/loco/9950012/alert	{"level":"UNSET","reason":"STATUS","loco":"9950012","uptime_ms":105138,"nav":"UNSET","moving":0,"pwm":0,"est_mm_s":0,"dir":"UNSET","session_dir":"UNSET","mdir":"FWD","rear":0,"front":0,"env":0,"lc_mm":-1,"last_confirmed_landmark":"","age_ms":0,"since":0,"dead_reckoned_mm":0,"candidate_mm":-1,"viable":[],"lostm":0,"lost_ms":0,"agree":0,"disagree":0,"losts":0,"auto":0}
2026-08-26T14:07:36-0700	ngr/loco/9950012/state/loopstat	{"loop_max_gap_ms":23,"hall_task_max_gap_ms":3,"hall_task_age_ms":1,"baseline":1799,"raw":1799,"delta":0,"queue_drops":0,"floor_rejects":0,"queue_high_water":0,"mqtt_connect_ms":771,"mqtt_attempts":1,"pub_drops":0,"pub_queue_hw":3,"cmd_drops":0,"pub_per_s":4,"marker_pub_drops":0,"marker_pub_hw":0,"nav":"UNSET","mm":0,"miss_streak":0,"pwm":0,"lost_markers":0,"lost_ms":0,"motor_dir":"FWD"}
2026-08-26T14:07:36-0700	ngr/loco/9950012/alert	{"level":"UNSET","reason":"STATUS","loco":"9950012","uptime_ms":106138,"nav":"UNSET","moving":0,"pwm":0,"est_mm_s":0,"dir":"UNSET","session_dir":"UNSET","mdir":"FWD","rear":0,"front":0,"env":0,"lc_mm":-1,"last_confirmed_landmark":"","age_ms":0,"since":0,"dead_reckoned_mm":0,"candidate_mm":-1,"viable":[],"lostm":0,"lost_ms":0,"agree":0,"disagree":0,"losts":0,"auto":0}
2026-08-26T14:07:37-0700	ngr/loco/9950012/state/loopstat	{"loop_max_gap_ms":23,"hall_task_max_gap_ms":2,"hall_task_age_ms":1,"baseline":1799,"raw":1798,"delta":-1,"queue_drops":0,"floor_rejects":0,"queue_high_water":0,"mqtt_connect_ms":771,"mqtt_attempts":1,"pub_drops":0,"pub_queue_hw":1,"cmd_drops":0,"pub_per_s":1,"marker_pub_drops":0,"marker_pub_hw":0,"nav":"UNSET","mm":0,"miss_streak":0,"pwm":0,"lost_markers":0,"lost_ms":0,"motor_dir":"FWD"}
2026-08-26T14:07:37-0700	ngr/loco/9950012/alert	{"level":"UNSET","reason":"STATUS","loco":"9950012","uptime_ms":107138,"nav":"UNSET","moving":0,"pwm":0,"est_mm_s":0,"dir":"UNSET","session_dir":"UNSET","mdir":"FWD","rear":0,"front":0,"env":0,"lc_mm":-1,"last_confirmed_landmark":"","age_ms":0,"since":0,"dead_reckoned_mm":0,"candidate_mm":-1,"viable":[],"lostm":0,"lost_ms":0,"agree":0,"disagree":0,"losts":0,"auto":0}
2026-08-26T14:07:38-0700	ngr/loco/9950012/state/loopstat	{"loop_max_gap_ms":23,"hall_task_max_gap_ms":2,"hall_task_age_ms":1,"baseline":1799,"raw":1797,"delta":-2,"queue_drops":0,"floor_rejects":0,"queue_high_water":0,"mqtt_connect_ms":771,"mqtt_attempts":1,"pub_drops":0,"pub_queue_hw":1,"cmd_drops":0,"pub_per_s":1,"marker_pub_drops":0,"marker_pub_hw":0,"nav":"UNSET","mm":0,"miss_streak":0,"pwm":0,"lost_markers":0,"lost_ms":0,"motor_dir":"FWD"}
2026-08-26T14:07:38-0700	ngr/loco/9950012/alert	{"level":"UNSET","reason":"STATUS","loco":"9950012","uptime_ms":108138,"nav":"UNSET","moving":0,"pwm":0,"est_mm_s":0,"dir":"UNSET","session_dir":"UNSET","mdir":"FWD","rear":0,"front":0,"env":0,"lc_mm":-1,"last_confirmed_landmark":"","age_ms":0,"since":0,"dead_reckoned_mm":0,"candidate_mm":-1,"viable":[],"lostm":0,"lost_ms":0,"agree":0,"disagree":0,"losts":0,"auto":0}
2026-08-26T14:07:39-0700	ngr/loco/9950012/state/loopstat	{"loop_max_gap_ms":22,"hall_task_max_gap_ms":3,"hall_task_age_ms":1,"baseline":1799,"raw":1799,"delta":0,"queue_drops":0,"floor_rejects":0,"queue_high_water":0,"mqtt_connect_ms":771,"mqtt_attempts":1,"pub_drops":0,"pub_queue_hw":1,"cmd_drops":0,"pub_per_s":1,"marker_pub_drops":0,"marker_pub_hw":0,"nav":"UNSET","mm":0,"miss_streak":0,"pwm":0,"lost_markers":0,"lost_ms":0,"motor_dir":"FWD"}
2026-08-26T14:07:39-0700	ngr/loco/9950012/alert	{"level":"UNSET","reason":"STATUS","loco":"9950012","uptime_ms":109138,"nav":"UNSET","moving":0,"pwm":0,"est_mm_s":0,"dir":"UNSET","session_dir":"UNSET","mdir":"FWD","rear":0,"front":0,"env":0,"lc_mm":-1,"last_confirmed_landmark":"","age_ms":0,"since":0,"dead_reckoned_mm":0,"candidate_mm":-1,"viable":[],"lostm":0,"lost_ms":0,"agree":0,"disagree":0,"losts":0,"auto":0}
2026-08-26T14:07:40-0700	ngr/loco/9950012/state/loopstat	{"loop_max_gap_ms":22,"hall_task_max_gap_ms":3,"hall_task_age_ms":1,"baseline":1799,"raw":1801,"delta":2,"queue_drops":0,"floor_rejects":0,"queue_high_water":0,"mqtt_connect_ms":771,"mqtt_attempts":1,"pub_drops":0,"pub_queue_hw":1,"cmd_drops":0,"pub_per_s":1,"marker_pub_drops":0,"marker_pub_hw":0,"nav":"UNSET","mm":0,"miss_streak":0,"pwm":0,"lost_markers":0,"lost_ms":0,"motor_dir":"FWD"}
2026-08-26T14:07:40-0700	ngr/loco/9950012/telem/voltage	15.14
2026-08-26T14:07:40-0700	ngr/loco/9950012/telem/current	0.20
2026-08-26T14:07:40-0700	ngr/loco/9950012/telem/power	3.03
2026-08-26T14:07:40-0700	ngr/loco/9950012/alert	{"level":"UNSET","reason":"STATUS","loco":"9950012","uptime_ms":110138,"nav":"UNSET","moving":0,"pwm":0,"est_mm_s":0,"dir":"UNSET","session_dir":"UNSET","mdir":"FWD","rear":0,"front":0,"env":0,"lc_mm":-1,"last_confirmed_landmark":"","age_ms":0,"since":0,"dead_reckoned_mm":0,"candidate_mm":-1,"viable":[],"lostm":0,"lost_ms":0,"agree":0,"disagree":0,"losts":0,"auto":0}
2026-08-26T14:07:41-0700	ngr/loco/9950012/state/loopstat	{"loop_max_gap_ms":22,"hall_task_max_gap_ms":2,"hall_task_age_ms":1,"baseline":1799,"raw":1800,"delta":1,"queue_drops":0,"floor_rejects":0,"queue_high_water":0,"mqtt_connect_ms":771,"mqtt_attempts":1,"pub_drops":0,"pub_queue_hw":3,"cmd_drops":0,"pub_per_s":4,"marker_pub_drops":0,"marker_pub_hw":0,"nav":"UNSET","mm":0,"miss_streak":0,"pwm":0,"lost_markers":0,"lost_ms":0,"motor_dir":"FWD"}
2026-08-26T14:07:41-0700	ngr/loco/9950012/alert	{"level":"UNSET","reason":"STATUS","loco":"9950012","uptime_ms":111138,"nav":"UNSET","moving":0,"pwm":0,"est_mm_s":0,"dir":"UNSET","session_dir":"UNSET","mdir":"FWD","rear":0,"front":0,"env":0,"lc_mm":-1,"last_confirmed_landmark":"","age_ms":0,"since":0,"dead_reckoned_mm":0,"candidate_mm":-1,"viable":[],"lostm":0,"lost_ms":0,"agree":0,"disagree":0,"losts":0,"auto":0}
2026-08-26T14:07:42-0700	ngr/loco/9950012/state/loopstat	{"loop_max_gap_ms":23,"hall_task_max_gap_ms":2,"hall_task_age_ms":1,"baseline":1799,"raw":1799,"delta":0,"queue_drops":0,"floor_rejects":0,"queue_high_water":0,"mqtt_connect_ms":771,"mqtt_attempts":1,"pub_drops":0,"pub_queue_hw":1,"cmd_drops":0,"pub_per_s":1,"marker_pub_drops":0,"marker_pub_hw":0,"nav":"UNSET","mm":0,"miss_streak":0,"pwm":0,"lost_markers":0,"lost_ms":0,"motor_dir":"FWD"}
2026-08-26T14:07:42-0700	ngr/loco/9950012/alert	{"level":"UNSET","reason":"STATUS","loco":"9950012","uptime_ms":112138,"nav":"UNSET","moving":0,"pwm":0,"est_mm_s":0,"dir":"UNSET","session_dir":"UNSET","mdir":"FWD","rear":0,"front":0,"env":0,"lc_mm":-1,"last_confirmed_landmark":"","age_ms":0,"since":0,"dead_reckoned_mm":0,"candidate_mm":-1,"viable":[],"lostm":0,"lost_ms":0,"agree":0,"disagree":0,"losts":0,"auto":0}
2026-08-26T14:07:43-0700	ngr/loco/9950012/state/loopstat	{"loop_max_gap_ms":22,"hall_task_max_gap_ms":2,"hall_task_age_ms":1,"baseline":1799,"raw":1798,"delta":-1,"queue_drops":0,"floor_rejects":0,"queue_high_water":0,"mqtt_connect_ms":771,"mqtt_attempts":1,"pub_drops":0,"pub_queue_hw":1,"cmd_drops":0,"pub_per_s":1,"marker_pub_drops":0,"marker_pub_hw":0,"nav":"UNSET","mm":0,"miss_streak":0,"pwm":0,"lost_markers":0,"lost_ms":0,"motor_dir":"FWD"}
2026-08-26T14:07:43-0700	ngr/loco/9950012/alert	{"level":"UNSET","reason":"STATUS","loco":"9950012","uptime_ms":113138,"nav":"UNSET","moving":0,"pwm":0,"est_mm_s":0,"dir":"UNSET","session_dir":"UNSET","mdir":"FWD","rear":0,"front":0,"env":0,"lc_mm":-1,"last_confirmed_landmark":"","age_ms":0,"since":0,"dead_reckoned_mm":0,"candidate_mm":-1,"viable":[],"lostm":0,"lost_ms":0,"agree":0,"disagree":0,"losts":0,"auto":0}
2026-08-26T14:07:44-0700	ngr/loco/9950012/state/loopstat	{"loop_max_gap_ms":22,"hall_task_max_gap_ms":2,"hall_task_age_ms":1,"baseline":1799,"raw":1798,"delta":-1,"queue_drops":0,"floor_rejects":0,"queue_high_water":0,"mqtt_connect_ms":771,"mqtt_attempts":1,"pub_drops":0,"pub_queue_hw":1,"cmd_drops":0,"pub_per_s":1,"marker_pub_drops":0,"marker_pub_hw":0,"nav":"UNSET","mm":0,"miss_streak":0,"pwm":0,"lost_markers":0,"lost_ms":0,"motor_dir":"FWD"}
2026-08-26T14:07:44-0700	ngr/loco/9950012/alert	{"level":"UNSET","reason":"STATUS","loco":"9950012","uptime_ms":114138,"nav":"UNSET","moving":0,"pwm":0,"est_mm_s":0,"dir":"UNSET","session_dir":"UNSET","mdir":"FWD","rear":0,"front":0,"env":0,"lc_mm":-1,"last_confirmed_landmark":"","age_ms":0,"since":0,"dead_reckoned_mm":0,"candidate_mm":-1,"viable":[],"lostm":0,"lost_ms":0,"agree":0,"disagree":0,"losts":0,"auto":0}
2026-08-26T14:07:45-0700	ngr/loco/9950012/state/loopstat	{"loop_max_gap_ms":22,"hall_task_max_gap_ms":2,"hall_task_age_ms":1,"baseline":1799,"raw":1797,"delta":-2,"queue_drops":0,"floor_rejects":0,"queue_high_water":0,"mqtt_connect_ms":771,"mqtt_attempts":1,"pub_drops":0,"pub_queue_hw":1,"cmd_drops":0,"pub_per_s":1,"marker_pub_drops":0,"marker_pub_hw":0,"nav":"UNSET","mm":0,"miss_streak":0,"pwm":0,"lost_markers":0,"lost_ms":0,"motor_dir":"FWD"}
2026-08-26T14:07:45-0700	ngr/loco/9950012/telem/voltage	15.13
2026-08-26T14:07:45-0700	ngr/loco/9950012/telem/current	0.20
2026-08-26T14:07:45-0700	ngr/loco/9950012/telem/power	3.02
2026-08-26T14:07:45-0700	ngr/loco/9950012/alert	{"level":"UNSET","reason":"STATUS","loco":"9950012","uptime_ms":115138,"nav":"UNSET","moving":0,"pwm":0,"est_mm_s":0,"dir":"UNSET","session_dir":"UNSET","mdir":"FWD","rear":0,"front":0,"env":0,"lc_mm":-1,"last_confirmed_landmark":"","age_ms":0,"since":0,"dead_reckoned_mm":0,"candidate_mm":-1,"viable":[],"lostm":0,"lost_ms":0,"agree":0,"disagree":0,"losts":0,"auto":0}
2026-08-26T14:07:46-0700	ngr/loco/9950012/state/loopstat	{"loop_max_gap_ms":22,"hall_task_max_gap_ms":2,"hall_task_age_ms":1,"baseline":1799,"raw":1797,"delta":-2,"queue_drops":0,"floor_rejects":0,"queue_high_water":0,"mqtt_connect_ms":771,"mqtt_attempts":1,"pub_drops":0,"pub_queue_hw":3,"cmd_drops":0,"pub_per_s":4,"marker_pub_drops":0,"marker_pub_hw":0,"nav":"UNSET","mm":0,"miss_streak":0,"pwm":0,"lost_markers":0,"lost_ms":0,"motor_dir":"FWD"}
2026-08-26T14:07:46-0700	ngr/loco/9950012/alert	{"level":"UNSET","reason":"STATUS","loco":"9950012","uptime_ms":116138,"nav":"UNSET","moving":0,"pwm":0,"est_mm_s":0,"dir":"UNSET","session_dir":"UNSET","mdir":"FWD","rear":0,"front":0,"env":0,"lc_mm":-1,"last_confirmed_landmark":"","age_ms":0,"since":0,"dead_reckoned_mm":0,"candidate_mm":-1,"viable":[],"lostm":0,"lost_ms":0,"agree":0,"disagree":0,"losts":0,"auto":0}
2026-08-26T14:07:47-0700	ngr/loco/9950012/state/loopstat	{"loop_max_gap_ms":22,"hall_task_max_gap_ms":2,"hall_task_age_ms":1,"baseline":1799,"raw":1798,"delta":-1,"queue_drops":0,"floor_rejects":0,"queue_high_water":0,"mqtt_connect_ms":771,"mqtt_attempts":1,"pub_drops":0,"pub_queue_hw":1,"cmd_drops":0,"pub_per_s":1,"marker_pub_drops":0,"marker_pub_hw":0,"nav":"UNSET","mm":0,"miss_streak":0,"pwm":0,"lost_markers":0,"lost_ms":0,"motor_dir":"FWD"}
2026-08-26T14:07:47-0700	ngr/loco/9950012/alert	{"level":"UNSET","reason":"STATUS","loco":"9950012","uptime_ms":117138,"nav":"UNSET","moving":0,"pwm":0,"est_mm_s":0,"dir":"UNSET","session_dir":"UNSET","mdir":"FWD","rear":0,"front":0,"env":0,"lc_mm":-1,"last_confirmed_landmark":"","age_ms":0,"since":0,"dead_reckoned_mm":0,"candidate_mm":-1,"viable":[],"lostm":0,"lost_ms":0,"agree":0,"disagree":0,"losts":0,"auto":0}
2026-08-26T14:07:48-0700	ngr/loco/9950012/state/loopstat	{"loop_max_gap_ms":22,"hall_task_max_gap_ms":2,"hall_task_age_ms":1,"baseline":1799,"raw":1799,"delta":0,"queue_drops":0,"floor_rejects":0,"queue_high_water":0,"mqtt_connect_ms":771,"mqtt_attempts":1,"pub_drops":0,"pub_queue_hw":1,"cmd_drops":0,"pub_per_s":1,"marker_pub_drops":0,"marker_pub_hw":0,"nav":"UNSET","mm":0,"miss_streak":0,"pwm":0,"lost_markers":0,"lost_ms":0,"motor_dir":"FWD"}
2026-08-26T14:07:48-0700	ngr/loco/9950012/alert	{"level":"UNSET","reason":"STATUS","loco":"9950012","uptime_ms":118138,"nav":"UNSET","moving":0,"pwm":0,"est_mm_s":0,"dir":"UNSET","session_dir":"UNSET","mdir":"FWD","rear":0,"front":0,"env":0,"lc_mm":-1,"last_confirmed_landmark":"","age_ms":0,"since":0,"dead_reckoned_mm":0,"candidate_mm":-1,"viable":[],"lostm":0,"lost_ms":0,"agree":0,"disagree":0,"losts":0,"auto":0}
2026-08-26T14:07:49-0700	ngr/loco/9950012/state/loopstat	{"loop_max_gap_ms":23,"hall_task_max_gap_ms":2,"hall_task_age_ms":1,"baseline":1799,"raw":1798,"delta":-1,"queue_drops":0,"floor_rejects":0,"queue_high_water":0,"mqtt_connect_ms":771,"mqtt_attempts":1,"pub_drops":0,"pub_queue_hw":1,"cmd_drops":0,"pub_per_s":1,"marker_pub_drops":0,"marker_pub_hw":0,"nav":"UNSET","mm":0,"miss_streak":0,"pwm":0,"lost_markers":0,"lost_ms":0,"motor_dir":"FWD"}
2026-08-26T14:07:49-0700	ngr/loco/9950012/alert	{"level":"UNSET","reason":"STATUS","loco":"9950012","uptime_ms":119138,"nav":"UNSET","moving":0,"pwm":0,"est_mm_s":0,"dir":"UNSET","session_dir":"UNSET","mdir":"FWD","rear":0,"front":0,"env":0,"lc_mm":-1,"last_confirmed_landmark":"","age_ms":0,"since":0,"dead_reckoned_mm":0,"candidate_mm":-1,"viable":[],"lostm":0,"lost_ms":0,"agree":0,"disagree":0,"losts":0,"auto":0}
2026-08-26T14:07:50-0700	ngr/loco/9950012/state/loopstat	{"loop_max_gap_ms":22,"hall_task_max_gap_ms":2,"hall_task_age_ms":1,"baseline":1799,"raw":1800,"delta":1,"queue_drops":0,"floor_rejects":0,"queue_high_water":0,"mqtt_connect_ms":771,"mqtt_attempts":1,"pub_drops":0,"pub_queue_hw":1,"cmd_drops":0,"pub_per_s":1,"marker_pub_drops":0,"marker_pub_hw":0,"nav":"UNSET","mm":0,"miss_streak":0,"pwm":0,"lost_markers":0,"lost_ms":0,"motor_dir":"FWD"}
2026-08-26T14:07:50-0700	ngr/loco/9950012/telem/voltage	15.14
2026-08-26T14:07:50-0700	ngr/loco/9950012/telem/current	0.20
2026-08-26T14:07:50-0700	ngr/loco/9950012/telem/power	3.03
2026-08-26T14:07:50-0700	ngr/loco/9950012/alert	{"level":"UNSET","reason":"STATUS","loco":"9950012","uptime_ms":120138,"nav":"UNSET","moving":0,"pwm":0,"est_mm_s":0,"dir":"UNSET","session_dir":"UNSET","mdir":"FWD","rear":0,"front":0,"env":0,"lc_mm":-1,"last_confirmed_landmark":"","age_ms":0,"since":0,"dead_reckoned_mm":0,"candidate_mm":-1,"viable":[],"lostm":0,"lost_ms":0,"agree":0,"disagree":0,"losts":0,"auto":0}
2026-08-26T14:07:51-0700	ngr/loco/9950012/state/loopstat	{"loop_max_gap_ms":22,"hall_task_max_gap_ms":3,"hall_task_age_ms":1,"baseline":1799,"raw":1798,"delta":-1,"queue_drops":0,"floor_rejects":0,"queue_high_water":0,"mqtt_connect_ms":771,"mqtt_attempts":1,"pub_drops":0,"pub_queue_hw":3,"cmd_drops":0,"pub_per_s":4,"marker_pub_drops":0,"marker_pub_hw":0,"nav":"UNSET","mm":0,"miss_streak":0,"pwm":0,"lost_markers":0,"lost_ms":0,"motor_dir":"FWD"}
2026-08-26T14:07:51-0700	ngr/loco/9950012/alert	{"level":"UNSET","reason":"STATUS","loco":"9950012","uptime_ms":121138,"nav":"UNSET","moving":0,"pwm":0,"est_mm_s":0,"dir":"UNSET","session_dir":"UNSET","mdir":"FWD","rear":0,"front":0,"env":0,"lc_mm":-1,"last_confirmed_landmark":"","age_ms":0,"since":0,"dead_reckoned_mm":0,"candidate_mm":-1,"viable":[],"lostm":0,"lost_ms":0,"agree":0,"disagree":0,"losts":0,"auto":0}
2026-08-26T14:07:52-0700	ngr/loco/9950012/state/loopstat	{"loop_max_gap_ms":23,"hall_task_max_gap_ms":2,"hall_task_age_ms":1,"baseline":1799,"raw":1797,"delta":-2,"queue_drops":0,"floor_rejects":0,"queue_high_water":0,"mqtt_connect_ms":771,"mqtt_attempts":1,"pub_drops":0,"pub_queue_hw":1,"cmd_drops":0,"pub_per_s":1,"marker_pub_drops":0,"marker_pub_hw":0,"nav":"UNSET","mm":0,"miss_streak":0,"pwm":0,"lost_markers":0,"lost_ms":0,"motor_dir":"FWD"}
2026-08-26T14:07:52-0700	ngr/loco/9950012/alert	{"level":"UNSET","reason":"STATUS","loco":"9950012","uptime_ms":122138,"nav":"UNSET","moving":0,"pwm":0,"est_mm_s":0,"dir":"UNSET","session_dir":"UNSET","mdir":"FWD","rear":0,"front":0,"env":0,"lc_mm":-1,"last_confirmed_landmark":"","age_ms":0,"since":0,"dead_reckoned_mm":0,"candidate_mm":-1,"viable":[],"lostm":0,"lost_ms":0,"agree":0,"disagree":0,"losts":0,"auto":0}
2026-08-26T14:07:53-0700	ngr/loco/9950012/state/loopstat	{"loop_max_gap_ms":23,"hall_task_max_gap_ms":2,"hall_task_age_ms":1,"baseline":1799,"raw":1799,"delta":0,"queue_drops":0,"floor_rejects":0,"queue_high_water":0,"mqtt_connect_ms":771,"mqtt_attempts":1,"pub_drops":0,"pub_queue_hw":1,"cmd_drops":0,"pub_per_s":1,"marker_pub_drops":0,"marker_pub_hw":0,"nav":"UNSET","mm":0,"miss_streak":0,"pwm":0,"lost_markers":0,"lost_ms":0,"motor_dir":"FWD"}
2026-08-26T14:07:53-0700	ngr/loco/9950012/alert	{"level":"UNSET","reason":"STATUS","loco":"9950012","uptime_ms":123138,"nav":"UNSET","moving":0,"pwm":0,"est_mm_s":0,"dir":"UNSET","session_dir":"UNSET","mdir":"FWD","rear":0,"front":0,"env":0,"lc_mm":-1,"last_confirmed_landmark":"","age_ms":0,"since":0,"dead_reckoned_mm":0,"candidate_mm":-1,"viable":[],"lostm":0,"lost_ms":0,"agree":0,"disagree":0,"losts":0,"auto":0}
2026-08-26T14:07:54-0700	ngr/loco/9950012/state/loopstat	{"loop_max_gap_ms":22,"hall_task_max_gap_ms":2,"hall_task_age_ms":1,"baseline":1799,"raw":1798,"delta":-1,"queue_drops":0,"floor_rejects":0,"queue_high_water":0,"mqtt_connect_ms":771,"mqtt_attempts":1,"pub_drops":0,"pub_queue_hw":1,"cmd_drops":0,"pub_per_s":1,"marker_pub_drops":0,"marker_pub_hw":0,"nav":"UNSET","mm":0,"miss_streak":0,"pwm":0,"lost_markers":0,"lost_ms":0,"motor_dir":"FWD"}
2026-08-26T14:07:54-0700	ngr/loco/9950012/alert	{"level":"UNSET","reason":"STATUS","loco":"9950012","uptime_ms":124138,"nav":"UNSET","moving":0,"pwm":0,"est_mm_s":0,"dir":"UNSET","session_dir":"UNSET","mdir":"FWD","rear":0,"front":0,"env":0,"lc_mm":-1,"last_confirmed_landmark":"","age_ms":0,"since":0,"dead_reckoned_mm":0,"candidate_mm":-1,"viable":[],"lostm":0,"lost_ms":0,"agree":0,"disagree":0,"losts":0,"auto":0}
2026-08-26T14:07:55-0700	ngr/loco/9950012/state/loopstat	{"loop_max_gap_ms":23,"hall_task_max_gap_ms":2,"hall_task_age_ms":2,"baseline":1799,"raw":1799,"delta":0,"queue_drops":0,"floor_rejects":0,"queue_high_water":0,"mqtt_connect_ms":771,"mqtt_attempts":1,"pub_drops":0,"pub_queue_hw":1,"cmd_drops":0,"pub_per_s":1,"marker_pub_drops":0,"marker_pub_hw":0,"nav":"UNSET","mm":0,"miss_streak":0,"pwm":0,"lost_markers":0,"lost_ms":0,"motor_dir":"FWD"}
2026-08-26T14:07:55-0700	ngr/loco/9950012/telem/voltage	15.14
2026-08-26T14:07:55-0700	ngr/loco/9950012/telem/current	0.20
2026-08-26T14:07:55-0700	ngr/loco/9950012/telem/power	3.19
2026-08-26T14:07:55-0700	ngr/loco/9950012/alert	{"level":"UNSET","reason":"STATUS","loco":"9950012","uptime_ms":125138,"nav":"UNSET","moving":0,"pwm":0,"est_mm_s":0,"dir":"UNSET","session_dir":"UNSET","mdir":"FWD","rear":0,"front":0,"env":0,"lc_mm":-1,"last_confirmed_landmark":"","age_ms":0,"since":0,"dead_reckoned_mm":0,"candidate_mm":-1,"viable":[],"lostm":0,"lost_ms":0,"agree":0,"disagree":0,"losts":0,"auto":0}
2026-08-26T14:07:56-0700	ngr/loco/9950012/state/loopstat	{"loop_max_gap_ms":23,"hall_task_max_gap_ms":2,"hall_task_age_ms":1,"baseline":1799,"raw":1797,"delta":-2,"queue_drops":0,"floor_rejects":0,"queue_high_water":0,"mqtt_connect_ms":771,"mqtt_attempts":1,"pub_drops":0,"pub_queue_hw":3,"cmd_drops":0,"pub_per_s":4,"marker_pub_drops":0,"marker_pub_hw":0,"nav":"UNSET","mm":0,"miss_streak":0,"pwm":0,"lost_markers":0,"lost_ms":0,"motor_dir":"FWD"}
2026-08-26T14:07:56-0700	ngr/loco/9950012/alert	{"level":"UNSET","reason":"STATUS","loco":"9950012","uptime_ms":126138,"nav":"UNSET","moving":0,"pwm":0,"est_mm_s":0,"dir":"UNSET","session_dir":"UNSET","mdir":"FWD","rear":0,"front":0,"env":0,"lc_mm":-1,"last_confirmed_landmark":"","age_ms":0,"since":0,"dead_reckoned_mm":0,"candidate_mm":-1,"viable":[],"lostm":0,"lost_ms":0,"agree":0,"disagree":0,"losts":0,"auto":0}
2026-08-26T14:07:57-0700	ngr/loco/9950012/state/loopstat	{"loop_max_gap_ms":22,"hall_task_max_gap_ms":2,"hall_task_age_ms":1,"baseline":1799,"raw":1797,"delta":-2,"queue_drops":0,"floor_rejects":0,"queue_high_water":0,"mqtt_connect_ms":771,"mqtt_attempts":1,"pub_drops":0,"pub_queue_hw":1,"cmd_drops":0,"pub_per_s":1,"marker_pub_drops":0,"marker_pub_hw":0,"nav":"UNSET","mm":0,"miss_streak":0,"pwm":0,"lost_markers":0,"lost_ms":0,"motor_dir":"FWD"}
2026-08-26T14:07:57-0700	ngr/loco/9950012/alert	{"level":"UNSET","reason":"STATUS","loco":"9950012","uptime_ms":127138,"nav":"UNSET","moving":0,"pwm":0,"est_mm_s":0,"dir":"UNSET","session_dir":"UNSET","mdir":"FWD","rear":0,"front":0,"env":0,"lc_mm":-1,"last_confirmed_landmark":"","age_ms":0,"since":0,"dead_reckoned_mm":0,"candidate_mm":-1,"viable":[],"lostm":0,"lost_ms":0,"agree":0,"disagree":0,"losts":0,"auto":0}
2026-08-26T14:07:58-0700	ngr/loco/9950012/state/loopstat	{"loop_max_gap_ms":23,"hall_task_max_gap_ms":2,"hall_task_age_ms":1,"baseline":1799,"raw":1798,"delta":-1,"queue_drops":0,"floor_rejects":0,"queue_high_water":0,"mqtt_connect_ms":771,"mqtt_attempts":1,"pub_drops":0,"pub_queue_hw":1,"cmd_drops":0,"pub_per_s":1,"marker_pub_drops":0,"marker_pub_hw":0,"nav":"UNSET","mm":0,"miss_streak":0,"pwm":0,"lost_markers":0,"lost_ms":0,"motor_dir":"FWD"}
2026-08-26T14:07:58-0700	ngr/loco/9950012/alert	{"level":"UNSET","reason":"STATUS","loco":"9950012","uptime_ms":128138,"nav":"UNSET","moving":0,"pwm":0,"est_mm_s":0,"dir":"UNSET","session_dir":"UNSET","mdir":"FWD","rear":0,"front":0,"env":0,"lc_mm":-1,"last_confirmed_landmark":"","age_ms":0,"since":0,"dead_reckoned_mm":0,"candidate_mm":-1,"viable":[],"lostm":0,"lost_ms":0,"agree":0,"disagree":0,"losts":0,"auto":0}
2026-08-26T14:07:59-0700	ngr/loco/9950012/state/loopstat	{"loop_max_gap_ms":23,"hall_task_max_gap_ms":2,"hall_task_age_ms":1,"baseline":1799,"raw":1799,"delta":0,"queue_drops":0,"floor_rejects":0,"queue_high_water":0,"mqtt_connect_ms":771,"mqtt_attempts":1,"pub_drops":0,"pub_queue_hw":1,"cmd_drops":0,"pub_per_s":1,"marker_pub_drops":0,"marker_pub_hw":0,"nav":"UNSET","mm":0,"miss_streak":0,"pwm":0,"lost_markers":0,"lost_ms":0,"motor_dir":"FWD"}
2026-08-26T14:07:59-0700	ngr/loco/9950012/alert	{"level":"UNSET","reason":"STATUS","loco":"9950012","uptime_ms":129138,"nav":"UNSET","moving":0,"pwm":0,"est_mm_s":0,"dir":"UNSET","session_dir":"UNSET","mdir":"FWD","rear":0,"front":0,"env":0,"lc_mm":-1,"last_confirmed_landmark":"","age_ms":0,"since":0,"dead_reckoned_mm":0,"candidate_mm":-1,"viable":[],"lostm":0,"lost_ms":0,"agree":0,"disagree":0,"losts":0,"auto":0}
2026-08-26T14:08:00-0700	ngr/loco/9950012/state/loopstat	{"loop_max_gap_ms":22,"hall_task_max_gap_ms":2,"hall_task_age_ms":1,"baseline":1799,"raw":1798,"delta":-1,"queue_drops":0,"floor_rejects":0,"queue_high_water":0,"mqtt_connect_ms":771,"mqtt_attempts":1,"pub_drops":0,"pub_queue_hw":1,"cmd_drops":0,"pub_per_s":1,"marker_pub_drops":0,"marker_pub_hw":0,"nav":"UNSET","mm":0,"miss_streak":0,"pwm":0,"lost_markers":0,"lost_ms":0,"motor_dir":"FWD"}
2026-08-26T14:08:00-0700	ngr/loco/9950012/telem/voltage	15.13
2026-08-26T14:08:00-0700	ngr/loco/9950012/telem/current	0.19
2026-08-26T14:08:00-0700	ngr/loco/9950012/telem/power	2.91
2026-08-26T14:08:00-0700	ngr/loco/9950012/alert	{"level":"UNSET","reason":"STATUS","loco":"9950012","uptime_ms":130138,"nav":"UNSET","moving":0,"pwm":0,"est_mm_s":0,"dir":"UNSET","session_dir":"UNSET","mdir":"FWD","rear":0,"front":0,"env":0,"lc_mm":-1,"last_confirmed_landmark":"","age_ms":0,"since":0,"dead_reckoned_mm":0,"candidate_mm":-1,"viable":[],"lostm":0,"lost_ms":0,"agree":0,"disagree":0,"losts":0,"auto":0}
2026-08-26T14:08:01-0700	ngr/loco/9950012/state/loopstat	{"loop_max_gap_ms":23,"hall_task_max_gap_ms":2,"hall_task_age_ms":1,"baseline":1799,"raw":1799,"delta":0,"queue_drops":0,"floor_rejects":0,"queue_high_water":0,"mqtt_connect_ms":771,"mqtt_attempts":1,"pub_drops":0,"pub_queue_hw":3,"cmd_drops":0,"pub_per_s":4,"marker_pub_drops":0,"marker_pub_hw":0,"nav":"UNSET","mm":0,"miss_streak":0,"pwm":0,"lost_markers":0,"lost_ms":0,"motor_dir":"FWD"}
2026-08-26T14:08:01-0700	ngr/loco/9950012/alert	{"level":"UNSET","reason":"STATUS","loco":"9950012","uptime_ms":131138,"nav":"UNSET","moving":0,"pwm":0,"est_mm_s":0,"dir":"UNSET","session_dir":"UNSET","mdir":"FWD","rear":0,"front":0,"env":0,"lc_mm":-1,"last_confirmed_landmark":"","age_ms":0,"since":0,"dead_reckoned_mm":0,"candidate_mm":-1,"viable":[],"lostm":0,"lost_ms":0,"agree":0,"disagree":0,"losts":0,"auto":0}
2026-08-26T14:08:02-0700	ngr/loco/9950012/state/loopstat	{"loop_max_gap_ms":22,"hall_task_max_gap_ms":2,"hall_task_age_ms":1,"baseline":1799,"raw":1799,"delta":0,"queue_drops":0,"floor_rejects":0,"queue_high_water":0,"mqtt_connect_ms":771,"mqtt_attempts":1,"pub_drops":0,"pub_queue_hw":1,"cmd_drops":0,"pub_per_s":1,"marker_pub_drops":0,"marker_pub_hw":0,"nav":"UNSET","mm":0,"miss_streak":0,"pwm":0,"lost_markers":0,"lost_ms":0,"motor_dir":"FWD"}
2026-08-26T14:08:02-0700	ngr/loco/9950012/alert	{"level":"UNSET","reason":"STATUS","loco":"9950012","uptime_ms":132138,"nav":"UNSET","moving":0,"pwm":0,"est_mm_s":0,"dir":"UNSET","session_dir":"UNSET","mdir":"FWD","rear":0,"front":0,"env":0,"lc_mm":-1,"last_confirmed_landmark":"","age_ms":0,"since":0,"dead_reckoned_mm":0,"candidate_mm":-1,"viable":[],"lostm":0,"lost_ms":0,"agree":0,"disagree":0,"losts":0,"auto":0}
2026-08-26T14:08:03-0700	ngr/loco/9950012/state/loopstat	{"loop_max_gap_ms":22,"hall_task_max_gap_ms":3,"hall_task_age_ms":1,"baseline":1799,"raw":1798,"delta":-1,"queue_drops":0,"floor_rejects":0,"queue_high_water":0,"mqtt_connect_ms":771,"mqtt_attempts":1,"pub_drops":0,"pub_queue_hw":1,"cmd_drops":0,"pub_per_s":1,"marker_pub_drops":0,"marker_pub_hw":0,"nav":"UNSET","mm":0,"miss_streak":0,"pwm":0,"lost_markers":0,"lost_ms":0,"motor_dir":"FWD"}
2026-08-26T14:08:03-0700	ngr/loco/9950012/alert	{"level":"UNSET","reason":"STATUS","loco":"9950012","uptime_ms":133138,"nav":"UNSET","moving":0,"pwm":0,"est_mm_s":0,"dir":"UNSET","session_dir":"UNSET","mdir":"FWD","rear":0,"front":0,"env":0,"lc_mm":-1,"last_confirmed_landmark":"","age_ms":0,"since":0,"dead_reckoned_mm":0,"candidate_mm":-1,"viable":[],"lostm":0,"lost_ms":0,"agree":0,"disagree":0,"losts":0,"auto":0}
2026-08-26T14:08:04-0700	ngr/loco/9950012/state/loopstat	{"loop_max_gap_ms":23,"hall_task_max_gap_ms":2,"hall_task_age_ms":1,"baseline":1799,"raw":1800,"delta":1,"queue_drops":0,"floor_rejects":0,"queue_high_water":0,"mqtt_connect_ms":771,"mqtt_attempts":1,"pub_drops":0,"pub_queue_hw":1,"cmd_drops":0,"pub_per_s":1,"marker_pub_drops":0,"marker_pub_hw":0,"nav":"UNSET","mm":0,"miss_streak":0,"pwm":0,"lost_markers":0,"lost_ms":0,"motor_dir":"FWD"}
2026-08-26T14:08:04-0700	ngr/loco/9950012/alert	{"level":"UNSET","reason":"STATUS","loco":"9950012","uptime_ms":134138,"nav":"UNSET","moving":0,"pwm":0,"est_mm_s":0,"dir":"UNSET","session_dir":"UNSET","mdir":"FWD","rear":0,"front":0,"env":0,"lc_mm":-1,"last_confirmed_landmark":"","age_ms":0,"since":0,"dead_reckoned_mm":0,"candidate_mm":-1,"viable":[],"lostm":0,"lost_ms":0,"agree":0,"disagree":0,"losts":0,"auto":0}
2026-08-26T14:08:05-0700	ngr/loco/9950012/state/loopstat	{"loop_max_gap_ms":22,"hall_task_max_gap_ms":2,"hall_task_age_ms":1,"baseline":1799,"raw":1799,"delta":0,"queue_drops":0,"floor_rejects":0,"queue_high_water":0,"mqtt_connect_ms":771,"mqtt_attempts":1,"pub_drops":0,"pub_queue_hw":1,"cmd_drops":0,"pub_per_s":1,"marker_pub_drops":0,"marker_pub_hw":0,"nav":"UNSET","mm":0,"miss_streak":0,"pwm":0,"lost_markers":0,"lost_ms":0,"motor_dir":"FWD"}
2026-08-26T14:08:05-0700	ngr/loco/9950012/telem/voltage	15.14
2026-08-26T14:08:05-0700	ngr/loco/9950012/telem/current	0.24
2026-08-26T14:08:05-0700	ngr/loco/9950012/telem/power	3.07
2026-08-26T14:08:05-0700	ngr/loco/9950012/alert	{"level":"UNSET","reason":"STATUS","loco":"9950012","uptime_ms":135138,"nav":"UNSET","moving":0,"pwm":0,"est_mm_s":0,"dir":"UNSET","session_dir":"UNSET","mdir":"FWD","rear":0,"front":0,"env":0,"lc_mm":-1,"last_confirmed_landmark":"","age_ms":0,"since":0,"dead_reckoned_mm":0,"candidate_mm":-1,"viable":[],"lostm":0,"lost_ms":0,"agree":0,"disagree":0,"losts":0,"auto":0}
2026-08-26T14:08:06-0700	ngr/loco/9950012/state/loopstat	{"loop_max_gap_ms":23,"hall_task_max_gap_ms":2,"hall_task_age_ms":1,"baseline":1799,"raw":1797,"delta":-2,"queue_drops":0,"floor_rejects":0,"queue_high_water":0,"mqtt_connect_ms":771,"mqtt_attempts":1,"pub_drops":0,"pub_queue_hw":3,"cmd_drops":0,"pub_per_s":4,"marker_pub_drops":0,"marker_pub_hw":0,"nav":"UNSET","mm":0,"miss_streak":0,"pwm":0,"lost_markers":0,"lost_ms":0,"motor_dir":"FWD"}
2026-08-26T14:08:06-0700	ngr/loco/9950012/alert	{"level":"UNSET","reason":"STATUS","loco":"9950012","uptime_ms":136138,"nav":"UNSET","moving":0,"pwm":0,"est_mm_s":0,"dir":"UNSET","session_dir":"UNSET","mdir":"FWD","rear":0,"front":0,"env":0,"lc_mm":-1,"last_confirmed_landmark":"","age_ms":0,"since":0,"dead_reckoned_mm":0,"candidate_mm":-1,"viable":[],"lostm":0,"lost_ms":0,"agree":0,"disagree":0,"losts":0,"auto":0}
2026-08-26T14:08:07-0700	ngr/loco/9950012/state/loopstat	{"loop_max_gap_ms":22,"hall_task_max_gap_ms":3,"hall_task_age_ms":1,"baseline":1799,"raw":1800,"delta":1,"queue_drops":0,"floor_rejects":0,"queue_high_water":0,"mqtt_connect_ms":771,"mqtt_attempts":1,"pub_drops":0,"pub_queue_hw":1,"cmd_drops":0,"pub_per_s":1,"marker_pub_drops":0,"marker_pub_hw":0,"nav":"UNSET","mm":0,"miss_streak":0,"pwm":0,"lost_markers":0,"lost_ms":0,"motor_dir":"FWD"}
2026-08-26T14:08:07-0700	ngr/loco/9950012/alert	{"level":"UNSET","reason":"STATUS","loco":"9950012","uptime_ms":137138,"nav":"UNSET","moving":0,"pwm":0,"est_mm_s":0,"dir":"UNSET","session_dir":"UNSET","mdir":"FWD","rear":0,"front":0,"env":0,"lc_mm":-1,"last_confirmed_landmark":"","age_ms":0,"since":0,"dead_reckoned_mm":0,"candidate_mm":-1,"viable":[],"lostm":0,"lost_ms":0,"agree":0,"disagree":0,"losts":0,"auto":0}
2026-08-26T14:08:08-0700	ngr/loco/9950012/state/loopstat	{"loop_max_gap_ms":23,"hall_task_max_gap_ms":2,"hall_task_age_ms":1,"baseline":1799,"raw":1799,"delta":0,"queue_drops":0,"floor_rejects":0,"queue_high_water":0,"mqtt_connect_ms":771,"mqtt_attempts":1,"pub_drops":0,"pub_queue_hw":1,"cmd_drops":0,"pub_per_s":1,"marker_pub_drops":0,"marker_pub_hw":0,"nav":"UNSET","mm":0,"miss_streak":0,"pwm":0,"lost_markers":0,"lost_ms":0,"motor_dir":"FWD"}
2026-08-26T14:08:08-0700	ngr/loco/9950012/alert	{"level":"UNSET","reason":"STATUS","loco":"9950012","uptime_ms":138138,"nav":"UNSET","moving":0,"pwm":0,"est_mm_s":0,"dir":"UNSET","session_dir":"UNSET","mdir":"FWD","rear":0,"front":0,"env":0,"lc_mm":-1,"last_confirmed_landmark":"","age_ms":0,"since":0,"dead_reckoned_mm":0,"candidate_mm":-1,"viable":[],"lostm":0,"lost_ms":0,"agree":0,"disagree":0,"losts":0,"auto":0}
2026-08-26T14:08:09-0700	ngr/loco/9950012/state/loopstat	{"loop_max_gap_ms":23,"hall_task_max_gap_ms":2,"hall_task_age_ms":1,"baseline":1799,"raw":1801,"delta":2,"queue_drops":0,"floor_rejects":0,"queue_high_water":0,"mqtt_connect_ms":771,"mqtt_attempts":1,"pub_drops":0,"pub_queue_hw":1,"cmd_drops":0,"pub_per_s":1,"marker_pub_drops":0,"marker_pub_hw":0,"nav":"UNSET","mm":0,"miss_streak":0,"pwm":0,"lost_markers":0,"lost_ms":0,"motor_dir":"FWD"}
2026-08-26T14:08:09-0700	ngr/loco/9950012/alert	{"level":"UNSET","reason":"STATUS","loco":"9950012","uptime_ms":139138,"nav":"UNSET","moving":0,"pwm":0,"est_mm_s":0,"dir":"UNSET","session_dir":"UNSET","mdir":"FWD","rear":0,"front":0,"env":0,"lc_mm":-1,"last_confirmed_landmark":"","age_ms":0,"since":0,"dead_reckoned_mm":0,"candidate_mm":-1,"viable":[],"lostm":0,"lost_ms":0,"agree":0,"disagree":0,"losts":0,"auto":0}
2026-08-26T14:08:10-0700	ngr/loco/9950012/state/loopstat	{"loop_max_gap_ms":22,"hall_task_max_gap_ms":2,"hall_task_age_ms":1,"baseline":1799,"raw":1796,"delta":-3,"queue_drops":0,"floor_rejects":0,"queue_high_water":0,"mqtt_connect_ms":771,"mqtt_attempts":1,"pub_drops":0,"pub_queue_hw":1,"cmd_drops":0,"pub_per_s":1,"marker_pub_drops":0,"marker_pub_hw":0,"nav":"UNSET","mm":0,"miss_streak":0,"pwm":0,"lost_markers":0,"lost_ms":0,"motor_dir":"FWD"}
2026-08-26T14:08:10-0700	ngr/loco/9950012/telem/voltage	15.13
2026-08-26T14:08:10-0700	ngr/loco/9950012/telem/current	0.21
2026-08-26T14:08:10-0700	ngr/loco/9950012/telem/power	3.18
2026-08-26T14:08:10-0700	ngr/loco/9950012/alert	{"level":"UNSET","reason":"STATUS","loco":"9950012","uptime_ms":140138,"nav":"UNSET","moving":0,"pwm":0,"est_mm_s":0,"dir":"UNSET","session_dir":"UNSET","mdir":"FWD","rear":0,"front":0,"env":0,"lc_mm":-1,"last_confirmed_landmark":"","age_ms":0,"since":0,"dead_reckoned_mm":0,"candidate_mm":-1,"viable":[],"lostm":0,"lost_ms":0,"agree":0,"disagree":0,"losts":0,"auto":0}
2026-08-26T14:08:11-0700	ngr/loco/9950012/state/loopstat	{"loop_max_gap_ms":22,"hall_task_max_gap_ms":3,"hall_task_age_ms":1,"baseline":1799,"raw":1799,"delta":0,"queue_drops":0,"floor_rejects":0,"queue_high_water":0,"mqtt_connect_ms":771,"mqtt_attempts":1,"pub_drops":0,"pub_queue_hw":3,"cmd_drops":0,"pub_per_s":4,"marker_pub_drops":0,"marker_pub_hw":0,"nav":"UNSET","mm":0,"miss_streak":0,"pwm":0,"lost_markers":0,"lost_ms":0,"motor_dir":"FWD"}
2026-08-26T14:08:11-0700	ngr/loco/9950012/alert	{"level":"UNSET","reason":"STATUS","loco":"9950012","uptime_ms":141138,"nav":"UNSET","moving":0,"pwm":0,"est_mm_s":0,"dir":"UNSET","session_dir":"UNSET","mdir":"FWD","rear":0,"front":0,"env":0,"lc_mm":-1,"last_confirmed_landmark":"","age_ms":0,"since":0,"dead_reckoned_mm":0,"candidate_mm":-1,"viable":[],"lostm":0,"lost_ms":0,"agree":0,"disagree":0,"losts":0,"auto":0}
2026-08-26T14:08:12-0700	ngr/loco/9950012/state/loopstat	{"loop_max_gap_ms":22,"hall_task_max_gap_ms":2,"hall_task_age_ms":1,"baseline":1799,"raw":1799,"delta":0,"queue_drops":0,"floor_rejects":0,"queue_high_water":0,"mqtt_connect_ms":771,"mqtt_attempts":1,"pub_drops":0,"pub_queue_hw":1,"cmd_drops":0,"pub_per_s":1,"marker_pub_drops":0,"marker_pub_hw":0,"nav":"UNSET","mm":0,"miss_streak":0,"pwm":0,"lost_markers":0,"lost_ms":0,"motor_dir":"FWD"}
2026-08-26T14:08:12-0700	ngr/loco/9950012/alert	{"level":"UNSET","reason":"STATUS","loco":"9950012","uptime_ms":142138,"nav":"UNSET","moving":0,"pwm":0,"est_mm_s":0,"dir":"UNSET","session_dir":"UNSET","mdir":"FWD","rear":0,"front":0,"env":0,"lc_mm":-1,"last_confirmed_landmark":"","age_ms":0,"since":0,"dead_reckoned_mm":0,"candidate_mm":-1,"viable":[],"lostm":0,"lost_ms":0,"agree":0,"disagree":0,"losts":0,"auto":0}
2026-08-26T14:08:13-0700	ngr/loco/9950012/state/loopstat	{"loop_max_gap_ms":22,"hall_task_max_gap_ms":2,"hall_task_age_ms":1,"baseline":1799,"raw":1794,"delta":-5,"queue_drops":0,"floor_rejects":0,"queue_high_water":0,"mqtt_connect_ms":771,"mqtt_attempts":1,"pub_drops":0,"pub_queue_hw":1,"cmd_drops":0,"pub_per_s":1,"marker_pub_drops":0,"marker_pub_hw":0,"nav":"UNSET","mm":0,"miss_streak":0,"pwm":0,"lost_markers":0,"lost_ms":0,"motor_dir":"FWD"}
2026-08-26T14:08:13-0700	ngr/loco/9950012/alert	{"level":"UNSET","reason":"STATUS","loco":"9950012","uptime_ms":143138,"nav":"UNSET","moving":0,"pwm":0,"est_mm_s":0,"dir":"UNSET","session_dir":"UNSET","mdir":"FWD","rear":0,"front":0,"env":0,"lc_mm":-1,"last_confirmed_landmark":"","age_ms":0,"since":0,"dead_reckoned_mm":0,"candidate_mm":-1,"viable":[],"lostm":0,"lost_ms":0,"agree":0,"disagree":0,"losts":0,"auto":0}
2026-08-26T14:08:14-0700	ngr/loco/9950012/state/loopstat	{"loop_max_gap_ms":22,"hall_task_max_gap_ms":2,"hall_task_age_ms":1,"baseline":1799,"raw":1798,"delta":-1,"queue_drops":0,"floor_rejects":0,"queue_high_water":0,"mqtt_connect_ms":771,"mqtt_attempts":1,"pub_drops":0,"pub_queue_hw":1,"cmd_drops":0,"pub_per_s":1,"marker_pub_drops":0,"marker_pub_hw":0,"nav":"UNSET","mm":0,"miss_streak":0,"pwm":0,"lost_markers":0,"lost_ms":0,"motor_dir":"FWD"}
2026-08-26T14:08:14-0700	ngr/loco/9950012/alert	{"level":"UNSET","reason":"STATUS","loco":"9950012","uptime_ms":144138,"nav":"UNSET","moving":0,"pwm":0,"est_mm_s":0,"dir":"UNSET","session_dir":"UNSET","mdir":"FWD","rear":0,"front":0,"env":0,"lc_mm":-1,"last_confirmed_landmark":"","age_ms":0,"since":0,"dead_reckoned_mm":0,"candidate_mm":-1,"viable":[],"lostm":0,"lost_ms":0,"agree":0,"disagree":0,"losts":0,"auto":0}
2026-08-26T14:08:15-0700	ngr/loco/9950012/state/loopstat	{"loop_max_gap_ms":23,"hall_task_max_gap_ms":2,"hall_task_age_ms":1,"baseline":1799,"raw":1797,"delta":-2,"queue_drops":0,"floor_rejects":0,"queue_high_water":0,"mqtt_connect_ms":771,"mqtt_attempts":1,"pub_drops":0,"pub_queue_hw":1,"cmd_drops":0,"pub_per_s":1,"marker_pub_drops":0,"marker_pub_hw":0,"nav":"UNSET","mm":0,"miss_streak":0,"pwm":0,"lost_markers":0,"lost_ms":0,"motor_dir":"FWD"}
2026-08-26T14:08:15-0700	ngr/loco/9950012/telem/voltage	15.12
2026-08-26T14:08:15-0700	ngr/loco/9950012/telem/current	0.20
2026-08-26T14:08:15-0700	ngr/loco/9950012/telem/power	3.01
2026-08-26T14:08:15-0700	ngr/loco/9950012/alert	{"level":"UNSET","reason":"STATUS","loco":"9950012","uptime_ms":145138,"nav":"UNSET","moving":0,"pwm":0,"est_mm_s":0,"dir":"UNSET","session_dir":"UNSET","mdir":"FWD","rear":0,"front":0,"env":0,"lc_mm":-1,"last_confirmed_landmark":"","age_ms":0,"since":0,"dead_reckoned_mm":0,"candidate_mm":-1,"viable":[],"lostm":0,"lost_ms":0,"agree":0,"disagree":0,"losts":0,"auto":0}
2026-08-26T14:08:16-0700	ngr/loco/9950012/state/loopstat	{"loop_max_gap_ms":22,"hall_task_max_gap_ms":2,"hall_task_age_ms":1,"baseline":1799,"raw":1797,"delta":-2,"queue_drops":0,"floor_rejects":0,"queue_high_water":0,"mqtt_connect_ms":771,"mqtt_attempts":1,"pub_drops":0,"pub_queue_hw":3,"cmd_drops":0,"pub_per_s":4,"marker_pub_drops":0,"marker_pub_hw":0,"nav":"UNSET","mm":0,"miss_streak":0,"pwm":0,"lost_markers":0,"lost_ms":0,"motor_dir":"FWD"}
2026-08-26T14:08:16-0700	ngr/loco/9950012/alert	{"level":"UNSET","reason":"STATUS","loco":"9950012","uptime_ms":146138,"nav":"UNSET","moving":0,"pwm":0,"est_mm_s":0,"dir":"UNSET","session_dir":"UNSET","mdir":"FWD","rear":0,"front":0,"env":0,"lc_mm":-1,"last_confirmed_landmark":"","age_ms":0,"since":0,"dead_reckoned_mm":0,"candidate_mm":-1,"viable":[],"lostm":0,"lost_ms":0,"agree":0,"disagree":0,"losts":0,"auto":0}
2026-08-26T14:08:17-0700	ngr/loco/9950012/state/loopstat	{"loop_max_gap_ms":22,"hall_task_max_gap_ms":2,"hall_task_age_ms":1,"baseline":1799,"raw":1797,"delta":-2,"queue_drops":0,"floor_rejects":0,"queue_high_water":0,"mqtt_connect_ms":771,"mqtt_attempts":1,"pub_drops":0,"pub_queue_hw":1,"cmd_drops":0,"pub_per_s":1,"marker_pub_drops":0,"marker_pub_hw":0,"nav":"UNSET","mm":0,"miss_streak":0,"pwm":0,"lost_markers":0,"lost_ms":0,"motor_dir":"FWD"}
2026-08-26T14:08:17-0700	ngr/loco/9950012/alert	{"level":"UNSET","reason":"STATUS","loco":"9950012","uptime_ms":147138,"nav":"UNSET","moving":0,"pwm":0,"est_mm_s":0,"dir":"UNSET","session_dir":"UNSET","mdir":"FWD","rear":0,"front":0,"env":0,"lc_mm":-1,"last_confirmed_landmark":"","age_ms":0,"since":0,"dead_reckoned_mm":0,"candidate_mm":-1,"viable":[],"lostm":0,"lost_ms":0,"agree":0,"disagree":0,"losts":0,"auto":0}
2026-08-26T14:08:18-0700	ngr/loco/9950012/state/loopstat	{"loop_max_gap_ms":22,"hall_task_max_gap_ms":2,"hall_task_age_ms":1,"baseline":1799,"raw":1797,"delta":-2,"queue_drops":0,"floor_rejects":0,"queue_high_water":0,"mqtt_connect_ms":771,"mqtt_attempts":1,"pub_drops":0,"pub_queue_hw":1,"cmd_drops":0,"pub_per_s":1,"marker_pub_drops":0,"marker_pub_hw":0,"nav":"UNSET","mm":0,"miss_streak":0,"pwm":0,"lost_markers":0,"lost_ms":0,"motor_dir":"FWD"}
2026-08-26T14:08:18-0700	ngr/loco/9950012/alert	{"level":"UNSET","reason":"STATUS","loco":"9950012","uptime_ms":148138,"nav":"UNSET","moving":0,"pwm":0,"est_mm_s":0,"dir":"UNSET","session_dir":"UNSET","mdir":"FWD","rear":0,"front":0,"env":0,"lc_mm":-1,"last_confirmed_landmark":"","age_ms":0,"since":0,"dead_reckoned_mm":0,"candidate_mm":-1,"viable":[],"lostm":0,"lost_ms":0,"agree":0,"disagree":0,"losts":0,"auto":0}
2026-08-26T14:08:19-0700	ngr/loco/9950012/state/loopstat	{"loop_max_gap_ms":23,"hall_task_max_gap_ms":2,"hall_task_age_ms":1,"baseline":1799,"raw":1798,"delta":-1,"queue_drops":0,"floor_rejects":0,"queue_high_water":0,"mqtt_connect_ms":771,"mqtt_attempts":1,"pub_drops":0,"pub_queue_hw":1,"cmd_drops":0,"pub_per_s":1,"marker_pub_drops":0,"marker_pub_hw":0,"nav":"UNSET","mm":0,"miss_streak":0,"pwm":0,"lost_markers":0,"lost_ms":0,"motor_dir":"FWD"}
2026-08-26T14:08:19-0700	ngr/loco/9950012/alert	{"level":"UNSET","reason":"STATUS","loco":"9950012","uptime_ms":149138,"nav":"UNSET","moving":0,"pwm":0,"est_mm_s":0,"dir":"UNSET","session_dir":"UNSET","mdir":"FWD","rear":0,"front":0,"env":0,"lc_mm":-1,"last_confirmed_landmark":"","age_ms":0,"since":0,"dead_reckoned_mm":0,"candidate_mm":-1,"viable":[],"lostm":0,"lost_ms":0,"agree":0,"disagree":0,"losts":0,"auto":0}
2026-08-26T14:08:20-0700	ngr/loco/9950012/state/loopstat	{"loop_max_gap_ms":23,"hall_task_max_gap_ms":2,"hall_task_age_ms":1,"baseline":1799,"raw":1799,"delta":0,"queue_drops":0,"floor_rejects":0,"queue_high_water":0,"mqtt_connect_ms":771,"mqtt_attempts":1,"pub_drops":0,"pub_queue_hw":1,"cmd_drops":0,"pub_per_s":1,"marker_pub_drops":0,"marker_pub_hw":0,"nav":"UNSET","mm":0,"miss_streak":0,"pwm":0,"lost_markers":0,"lost_ms":0,"motor_dir":"FWD"}
2026-08-26T14:08:20-0700	ngr/loco/9950012/telem/voltage	15.13
2026-08-26T14:08:20-0700	ngr/loco/9950012/telem/current	0.21
2026-08-26T14:08:20-0700	ngr/loco/9950012/telem/power	3.04
2026-08-26T14:08:20-0700	ngr/loco/9950012/alert	{"level":"UNSET","reason":"STATUS","loco":"9950012","uptime_ms":150138,"nav":"UNSET","moving":0,"pwm":0,"est_mm_s":0,"dir":"UNSET","session_dir":"UNSET","mdir":"FWD","rear":0,"front":0,"env":0,"lc_mm":-1,"last_confirmed_landmark":"","age_ms":0,"since":0,"dead_reckoned_mm":0,"candidate_mm":-1,"viable":[],"lostm":0,"lost_ms":0,"agree":0,"disagree":0,"losts":0,"auto":0}
2026-08-26T14:08:21-0700	ngr/loco/9950012/state/loopstat	{"loop_max_gap_ms":23,"hall_task_max_gap_ms":2,"hall_task_age_ms":1,"baseline":1799,"raw":1796,"delta":-3,"queue_drops":0,"floor_rejects":0,"queue_high_water":0,"mqtt_connect_ms":771,"mqtt_attempts":1,"pub_drops":0,"pub_queue_hw":3,"cmd_drops":0,"pub_per_s":4,"marker_pub_drops":0,"marker_pub_hw":0,"nav":"UNSET","mm":0,"miss_streak":0,"pwm":0,"lost_markers":0,"lost_ms":0,"motor_dir":"FWD"}
2026-08-26T14:08:21-0700	ngr/loco/9950012/alert	{"level":"UNSET","reason":"STATUS","loco":"9950012","uptime_ms":151138,"nav":"UNSET","moving":0,"pwm":0,"est_mm_s":0,"dir":"UNSET","session_dir":"UNSET","mdir":"FWD","rear":0,"front":0,"env":0,"lc_mm":-1,"last_confirmed_landmark":"","age_ms":0,"since":0,"dead_reckoned_mm":0,"candidate_mm":-1,"viable":[],"lostm":0,"lost_ms":0,"agree":0,"disagree":0,"losts":0,"auto":0}
2026-08-26T14:08:22-0700	ngr/loco/9950012/state/loopstat	{"loop_max_gap_ms":22,"hall_task_max_gap_ms":2,"hall_task_age_ms":1,"baseline":1799,"raw":1798,"delta":-1,"queue_drops":0,"floor_rejects":0,"queue_high_water":0,"mqtt_connect_ms":771,"mqtt_attempts":1,"pub_drops":0,"pub_queue_hw":1,"cmd_drops":0,"pub_per_s":1,"marker_pub_drops":0,"marker_pub_hw":0,"nav":"UNSET","mm":0,"miss_streak":0,"pwm":0,"lost_markers":0,"lost_ms":0,"motor_dir":"FWD"}
2026-08-26T14:08:22-0700	ngr/loco/9950012/alert	{"level":"UNSET","reason":"STATUS","loco":"9950012","uptime_ms":152138,"nav":"UNSET","moving":0,"pwm":0,"est_mm_s":0,"dir":"UNSET","session_dir":"UNSET","mdir":"FWD","rear":0,"front":0,"env":0,"lc_mm":-1,"last_confirmed_landmark":"","age_ms":0,"since":0,"dead_reckoned_mm":0,"candidate_mm":-1,"viable":[],"lostm":0,"lost_ms":0,"agree":0,"disagree":0,"losts":0,"auto":0}
2026-08-26T14:08:23-0700	ngr/loco/9950012/state/loopstat	{"loop_max_gap_ms":23,"hall_task_max_gap_ms":2,"hall_task_age_ms":1,"baseline":1799,"raw":1798,"delta":-1,"queue_drops":0,"floor_rejects":0,"queue_high_water":0,"mqtt_connect_ms":771,"mqtt_attempts":1,"pub_drops":0,"pub_queue_hw":1,"cmd_drops":0,"pub_per_s":1,"marker_pub_drops":0,"marker_pub_hw":0,"nav":"UNSET","mm":0,"miss_streak":0,"pwm":0,"lost_markers":0,"lost_ms":0,"motor_dir":"FWD"}
2026-08-26T14:08:23-0700	ngr/loco/9950012/alert	{"level":"UNSET","reason":"STATUS","loco":"9950012","uptime_ms":153138,"nav":"UNSET","moving":0,"pwm":0,"est_mm_s":0,"dir":"UNSET","session_dir":"UNSET","mdir":"FWD","rear":0,"front":0,"env":0,"lc_mm":-1,"last_confirmed_landmark":"","age_ms":0,"since":0,"dead_reckoned_mm":0,"candidate_mm":-1,"viable":[],"lostm":0,"lost_ms":0,"agree":0,"disagree":0,"losts":0,"auto":0}
2026-08-26T14:08:24-0700	ngr/loco/9950012/state/loopstat	{"loop_max_gap_ms":23,"hall_task_max_gap_ms":3,"hall_task_age_ms":1,"baseline":1799,"raw":1798,"delta":-1,"queue_drops":0,"floor_rejects":0,"queue_high_water":0,"mqtt_connect_ms":771,"mqtt_attempts":1,"pub_drops":0,"pub_queue_hw":1,"cmd_drops":0,"pub_per_s":1,"marker_pub_drops":0,"marker_pub_hw":0,"nav":"UNSET","mm":0,"miss_streak":0,"pwm":0,"lost_markers":0,"lost_ms":0,"motor_dir":"FWD"}
2026-08-26T14:08:24-0700	ngr/loco/9950012/alert	{"level":"UNSET","reason":"STATUS","loco":"9950012","uptime_ms":154138,"nav":"UNSET","moving":0,"pwm":0,"est_mm_s":0,"dir":"UNSET","session_dir":"UNSET","mdir":"FWD","rear":0,"front":0,"env":0,"lc_mm":-1,"last_confirmed_landmark":"","age_ms":0,"since":0,"dead_reckoned_mm":0,"candidate_mm":-1,"viable":[],"lostm":0,"lost_ms":0,"agree":0,"disagree":0,"losts":0,"auto":0}
2026-08-26T14:08:25-0700	ngr/loco/9950012/state/loopstat	{"loop_max_gap_ms":22,"hall_task_max_gap_ms":2,"hall_task_age_ms":1,"baseline":1799,"raw":1800,"delta":1,"queue_drops":0,"floor_rejects":0,"queue_high_water":0,"mqtt_connect_ms":771,"mqtt_attempts":1,"pub_drops":0,"pub_queue_hw":1,"cmd_drops":0,"pub_per_s":1,"marker_pub_drops":0,"marker_pub_hw":0,"nav":"UNSET","mm":0,"miss_streak":0,"pwm":0,"lost_markers":0,"lost_ms":0,"motor_dir":"FWD"}
2026-08-26T14:08:25-0700	ngr/loco/9950012/telem/voltage	15.10
2026-08-26T14:08:25-0700	ngr/loco/9950012/telem/current	0.21
2026-08-26T14:08:25-0700	ngr/loco/9950012/telem/power	3.13
2026-08-26T14:08:25-0700	ngr/loco/9950012/alert	{"level":"UNSET","reason":"STATUS","loco":"9950012","uptime_ms":155138,"nav":"UNSET","moving":0,"pwm":0,"est_mm_s":0,"dir":"UNSET","session_dir":"UNSET","mdir":"FWD","rear":0,"front":0,"env":0,"lc_mm":-1,"last_confirmed_landmark":"","age_ms":0,"since":0,"dead_reckoned_mm":0,"candidate_mm":-1,"viable":[],"lostm":0,"lost_ms":0,"agree":0,"disagree":0,"losts":0,"auto":0}
2026-08-26T14:08:26-0700	ngr/loco/9950012/state/loopstat	{"loop_max_gap_ms":23,"hall_task_max_gap_ms":3,"hall_task_age_ms":1,"baseline":1799,"raw":1798,"delta":-1,"queue_drops":0,"floor_rejects":0,"queue_high_water":0,"mqtt_connect_ms":771,"mqtt_attempts":1,"pub_drops":0,"pub_queue_hw":3,"cmd_drops":0,"pub_per_s":4,"marker_pub_drops":0,"marker_pub_hw":0,"nav":"UNSET","mm":0,"miss_streak":0,"pwm":0,"lost_markers":0,"lost_ms":0,"motor_dir":"FWD"}
2026-08-26T14:08:26-0700	ngr/loco/9950012/alert	{"level":"UNSET","reason":"STATUS","loco":"9950012","uptime_ms":156138,"nav":"UNSET","moving":0,"pwm":0,"est_mm_s":0,"dir":"UNSET","session_dir":"UNSET","mdir":"FWD","rear":0,"front":0,"env":0,"lc_mm":-1,"last_confirmed_landmark":"","age_ms":0,"since":0,"dead_reckoned_mm":0,"candidate_mm":-1,"viable":[],"lostm":0,"lost_ms":0,"agree":0,"disagree":0,"losts":0,"auto":0}
2026-08-26T14:08:27-0700	ngr/loco/9950012/state/loopstat	{"loop_max_gap_ms":23,"hall_task_max_gap_ms":2,"hall_task_age_ms":1,"baseline":1799,"raw":1801,"delta":2,"queue_drops":0,"floor_rejects":0,"queue_high_water":0,"mqtt_connect_ms":771,"mqtt_attempts":1,"pub_drops":0,"pub_queue_hw":1,"cmd_drops":0,"pub_per_s":1,"marker_pub_drops":0,"marker_pub_hw":0,"nav":"UNSET","mm":0,"miss_streak":0,"pwm":0,"lost_markers":0,"lost_ms":0,"motor_dir":"FWD"}
2026-08-26T14:08:27-0700	ngr/loco/9950012/alert	{"level":"UNSET","reason":"STATUS","loco":"9950012","uptime_ms":157138,"nav":"UNSET","moving":0,"pwm":0,"est_mm_s":0,"dir":"UNSET","session_dir":"UNSET","mdir":"FWD","rear":0,"front":0,"env":0,"lc_mm":-1,"last_confirmed_landmark":"","age_ms":0,"since":0,"dead_reckoned_mm":0,"candidate_mm":-1,"viable":[],"lostm":0,"lost_ms":0,"agree":0,"disagree":0,"losts":0,"auto":0}
2026-08-26T14:08:28-0700	ngr/loco/9950012/state/loopstat	{"loop_max_gap_ms":23,"hall_task_max_gap_ms":2,"hall_task_age_ms":1,"baseline":1799,"raw":1798,"delta":-1,"queue_drops":0,"floor_rejects":0,"queue_high_water":0,"mqtt_connect_ms":771,"mqtt_attempts":1,"pub_drops":0,"pub_queue_hw":1,"cmd_drops":0,"pub_per_s":1,"marker_pub_drops":0,"marker_pub_hw":0,"nav":"UNSET","mm":0,"miss_streak":0,"pwm":0,"lost_markers":0,"lost_ms":0,"motor_dir":"FWD"}
2026-08-26T14:08:28-0700	ngr/loco/9950012/alert	{"level":"UNSET","reason":"STATUS","loco":"9950012","uptime_ms":158138,"nav":"UNSET","moving":0,"pwm":0,"est_mm_s":0,"dir":"UNSET","session_dir":"UNSET","mdir":"FWD","rear":0,"front":0,"env":0,"lc_mm":-1,"last_confirmed_landmark":"","age_ms":0,"since":0,"dead_reckoned_mm":0,"candidate_mm":-1,"viable":[],"lostm":0,"lost_ms":0,"agree":0,"disagree":0,"losts":0,"auto":0}
2026-08-26T14:08:29-0700	ngr/loco/9950012/state/loopstat	{"loop_max_gap_ms":23,"hall_task_max_gap_ms":2,"hall_task_age_ms":1,"baseline":1799,"raw":1800,"delta":1,"queue_drops":0,"floor_rejects":0,"queue_high_water":0,"mqtt_connect_ms":771,"mqtt_attempts":1,"pub_drops":0,"pub_queue_hw":1,"cmd_drops":0,"pub_per_s":1,"marker_pub_drops":0,"marker_pub_hw":0,"nav":"UNSET","mm":0,"miss_streak":0,"pwm":0,"lost_markers":0,"lost_ms":0,"motor_dir":"FWD"}
2026-08-26T14:08:29-0700	ngr/loco/9950012/alert	{"level":"UNSET","reason":"STATUS","loco":"9950012","uptime_ms":159138,"nav":"UNSET","moving":0,"pwm":0,"est_mm_s":0,"dir":"UNSET","session_dir":"UNSET","mdir":"FWD","rear":0,"front":0,"env":0,"lc_mm":-1,"last_confirmed_landmark":"","age_ms":0,"since":0,"dead_reckoned_mm":0,"candidate_mm":-1,"viable":[],"lostm":0,"lost_ms":0,"agree":0,"disagree":0,"losts":0,"auto":0}
2026-08-26T14:08:30-0700	ngr/loco/9950012/state/loopstat	{"loop_max_gap_ms":22,"hall_task_max_gap_ms":2,"hall_task_age_ms":1,"baseline":1799,"raw":1800,"delta":1,"queue_drops":0,"floor_rejects":0,"queue_high_water":0,"mqtt_connect_ms":771,"mqtt_attempts":1,"pub_drops":0,"pub_queue_hw":1,"cmd_drops":0,"pub_per_s":1,"marker_pub_drops":0,"marker_pub_hw":0,"nav":"UNSET","mm":0,"miss_streak":0,"pwm":0,"lost_markers":0,"lost_ms":0,"motor_dir":"FWD"}
2026-08-26T14:08:30-0700	ngr/loco/9950012/telem/voltage	15.11
2026-08-26T14:08:30-0700	ngr/loco/9950012/telem/current	0.20
2026-08-26T14:08:30-0700	ngr/loco/9950012/telem/power	3.06
2026-08-26T14:08:30-0700	ngr/loco/9950012/alert	{"level":"UNSET","reason":"STATUS","loco":"9950012","uptime_ms":160138,"nav":"UNSET","moving":0,"pwm":0,"est_mm_s":0,"dir":"UNSET","session_dir":"UNSET","mdir":"FWD","rear":0,"front":0,"env":0,"lc_mm":-1,"last_confirmed_landmark":"","age_ms":0,"since":0,"dead_reckoned_mm":0,"candidate_mm":-1,"viable":[],"lostm":0,"lost_ms":0,"agree":0,"disagree":0,"losts":0,"auto":0}
2026-08-26T14:08:31-0700	ngr/loco/9950012/state/loopstat	{"loop_max_gap_ms":23,"hall_task_max_gap_ms":3,"hall_task_age_ms":1,"baseline":1799,"raw":1799,"delta":0,"queue_drops":0,"floor_rejects":0,"queue_high_water":0,"mqtt_connect_ms":771,"mqtt_attempts":1,"pub_drops":0,"pub_queue_hw":3,"cmd_drops":0,"pub_per_s":4,"marker_pub_drops":0,"marker_pub_hw":0,"nav":"UNSET","mm":0,"miss_streak":0,"pwm":0,"lost_markers":0,"lost_ms":0,"motor_dir":"FWD"}
2026-08-26T14:08:31-0700	ngr/loco/9950012/alert	{"level":"UNSET","reason":"STATUS","loco":"9950012","uptime_ms":161138,"nav":"UNSET","moving":0,"pwm":0,"est_mm_s":0,"dir":"UNSET","session_dir":"UNSET","mdir":"FWD","rear":0,"front":0,"env":0,"lc_mm":-1,"last_confirmed_landmark":"","age_ms":0,"since":0,"dead_reckoned_mm":0,"candidate_mm":-1,"viable":[],"lostm":0,"lost_ms":0,"agree":0,"disagree":0,"losts":0,"auto":0}
2026-08-26T14:08:32-0700	ngr/loco/9950012/state/loopstat	{"loop_max_gap_ms":23,"hall_task_max_gap_ms":2,"hall_task_age_ms":1,"baseline":1799,"raw":1800,"delta":1,"queue_drops":0,"floor_rejects":0,"queue_high_water":0,"mqtt_connect_ms":771,"mqtt_attempts":1,"pub_drops":0,"pub_queue_hw":1,"cmd_drops":0,"pub_per_s":1,"marker_pub_drops":0,"marker_pub_hw":0,"nav":"UNSET","mm":0,"miss_streak":0,"pwm":0,"lost_markers":0,"lost_ms":0,"motor_dir":"FWD"}
2026-08-26T14:08:32-0700	ngr/loco/9950012/alert	{"level":"UNSET","reason":"STATUS","loco":"9950012","uptime_ms":162138,"nav":"UNSET","moving":0,"pwm":0,"est_mm_s":0,"dir":"UNSET","session_dir":"UNSET","mdir":"FWD","rear":0,"front":0,"env":0,"lc_mm":-1,"last_confirmed_landmark":"","age_ms":0,"since":0,"dead_reckoned_mm":0,"candidate_mm":-1,"viable":[],"lostm":0,"lost_ms":0,"agree":0,"disagree":0,"losts":0,"auto":0}
2026-08-26T14:08:33-0700	ngr/loco/9950012/state/loopstat	{"loop_max_gap_ms":23,"hall_task_max_gap_ms":2,"hall_task_age_ms":1,"baseline":1799,"raw":1799,"delta":0,"queue_drops":0,"floor_rejects":0,"queue_high_water":0,"mqtt_connect_ms":771,"mqtt_attempts":1,"pub_drops":0,"pub_queue_hw":1,"cmd_drops":0,"pub_per_s":1,"marker_pub_drops":0,"marker_pub_hw":0,"nav":"UNSET","mm":0,"miss_streak":0,"pwm":0,"lost_markers":0,"lost_ms":0,"motor_dir":"FWD"}
2026-08-26T14:08:33-0700	ngr/loco/9950012/alert	{"level":"UNSET","reason":"STATUS","loco":"9950012","uptime_ms":163138,"nav":"UNSET","moving":0,"pwm":0,"est_mm_s":0,"dir":"UNSET","session_dir":"UNSET","mdir":"FWD","rear":0,"front":0,"env":0,"lc_mm":-1,"last_confirmed_landmark":"","age_ms":0,"since":0,"dead_reckoned_mm":0,"candidate_mm":-1,"viable":[],"lostm":0,"lost_ms":0,"agree":0,"disagree":0,"losts":0,"auto":0}
2026-08-26T14:08:34-0700	ngr/loco/9950012/state/loopstat	{"loop_max_gap_ms":23,"hall_task_max_gap_ms":2,"hall_task_age_ms":1,"baseline":1799,"raw":1799,"delta":0,"queue_drops":0,"floor_rejects":0,"queue_high_water":0,"mqtt_connect_ms":771,"mqtt_attempts":1,"pub_drops":0,"pub_queue_hw":1,"cmd_drops":0,"pub_per_s":1,"marker_pub_drops":0,"marker_pub_hw":0,"nav":"UNSET","mm":0,"miss_streak":0,"pwm":0,"lost_markers":0,"lost_ms":0,"motor_dir":"FWD"}
2026-08-26T14:08:34-0700	ngr/loco/9950012/alert	{"level":"UNSET","reason":"STATUS","loco":"9950012","uptime_ms":164138,"nav":"UNSET","moving":0,"pwm":0,"est_mm_s":0,"dir":"UNSET","session_dir":"UNSET","mdir":"FWD","rear":0,"front":0,"env":0,"lc_mm":-1,"last_confirmed_landmark":"","age_ms":0,"since":0,"dead_reckoned_mm":0,"candidate_mm":-1,"viable":[],"lostm":0,"lost_ms":0,"agree":0,"disagree":0,"losts":0,"auto":0}
2026-08-26T14:08:35-0700	ngr/loco/9950012/state/loopstat	{"loop_max_gap_ms":23,"hall_task_max_gap_ms":2,"hall_task_age_ms":1,"baseline":1799,"raw":1799,"delta":0,"queue_drops":0,"floor_rejects":0,"queue_high_water":0,"mqtt_connect_ms":771,"mqtt_attempts":1,"pub_drops":0,"pub_queue_hw":1,"cmd_drops":0,"pub_per_s":1,"marker_pub_drops":0,"marker_pub_hw":0,"nav":"UNSET","mm":0,"miss_streak":0,"pwm":0,"lost_markers":0,"lost_ms":0,"motor_dir":"FWD"}
2026-08-26T14:08:35-0700	ngr/loco/9950012/telem/voltage	15.12
2026-08-26T14:08:35-0700	ngr/loco/9950012/telem/current	0.21
2026-08-26T14:08:35-0700	ngr/loco/9950012/telem/power	3.12
2026-08-26T14:08:35-0700	ngr/loco/9950012/alert	{"level":"UNSET","reason":"STATUS","loco":"9950012","uptime_ms":165138,"nav":"UNSET","moving":0,"pwm":0,"est_mm_s":0,"dir":"UNSET","session_dir":"UNSET","mdir":"FWD","rear":0,"front":0,"env":0,"lc_mm":-1,"last_confirmed_landmark":"","age_ms":0,"since":0,"dead_reckoned_mm":0,"candidate_mm":-1,"viable":[],"lostm":0,"lost_ms":0,"agree":0,"disagree":0,"losts":0,"auto":0}
2026-08-26T14:08:36-0700	ngr/loco/9950012/state/loopstat	{"loop_max_gap_ms":22,"hall_task_max_gap_ms":2,"hall_task_age_ms":1,"baseline":1799,"raw":1800,"delta":1,"queue_drops":0,"floor_rejects":0,"queue_high_water":0,"mqtt_connect_ms":771,"mqtt_attempts":1,"pub_drops":0,"pub_queue_hw":3,"cmd_drops":0,"pub_per_s":4,"marker_pub_drops":0,"marker_pub_hw":0,"nav":"UNSET","mm":0,"miss_streak":0,"pwm":0,"lost_markers":0,"lost_ms":0,"motor_dir":"FWD"}
2026-08-26T14:08:36-0700	ngr/loco/9950012/alert	{"level":"UNSET","reason":"STATUS","loco":"9950012","uptime_ms":166138,"nav":"UNSET","moving":0,"pwm":0,"est_mm_s":0,"dir":"UNSET","session_dir":"UNSET","mdir":"FWD","rear":0,"front":0,"env":0,"lc_mm":-1,"last_confirmed_landmark":"","age_ms":0,"since":0,"dead_reckoned_mm":0,"candidate_mm":-1,"viable":[],"lostm":0,"lost_ms":0,"agree":0,"disagree":0,"losts":0,"auto":0}
2026-08-26T14:08:37-0700	ngr/loco/9950012/state/loopstat	{"loop_max_gap_ms":23,"hall_task_max_gap_ms":2,"hall_task_age_ms":1,"baseline":1799,"raw":1799,"delta":0,"queue_drops":0,"floor_rejects":0,"queue_high_water":0,"mqtt_connect_ms":771,"mqtt_attempts":1,"pub_drops":0,"pub_queue_hw":1,"cmd_drops":0,"pub_per_s":1,"marker_pub_drops":0,"marker_pub_hw":0,"nav":"UNSET","mm":0,"miss_streak":0,"pwm":0,"lost_markers":0,"lost_ms":0,"motor_dir":"FWD"}
2026-08-26T14:08:37-0700	ngr/loco/9950012/alert	{"level":"UNSET","reason":"STATUS","loco":"9950012","uptime_ms":167138,"nav":"UNSET","moving":0,"pwm":0,"est_mm_s":0,"dir":"UNSET","session_dir":"UNSET","mdir":"FWD","rear":0,"front":0,"env":0,"lc_mm":-1,"last_confirmed_landmark":"","age_ms":0,"since":0,"dead_reckoned_mm":0,"candidate_mm":-1,"viable":[],"lostm":0,"lost_ms":0,"agree":0,"disagree":0,"losts":0,"auto":0}
2026-08-26T14:08:38-0700	ngr/loco/9950012/state/loopstat	{"loop_max_gap_ms":23,"hall_task_max_gap_ms":2,"hall_task_age_ms":1,"baseline":1799,"raw":1800,"delta":1,"queue_drops":0,"floor_rejects":0,"queue_high_water":0,"mqtt_connect_ms":771,"mqtt_attempts":1,"pub_drops":0,"pub_queue_hw":1,"cmd_drops":0,"pub_per_s":1,"marker_pub_drops":0,"marker_pub_hw":0,"nav":"UNSET","mm":0,"miss_streak":0,"pwm":0,"lost_markers":0,"lost_ms":0,"motor_dir":"FWD"}
2026-08-26T14:08:38-0700	ngr/loco/9950012/alert	{"level":"UNSET","reason":"STATUS","loco":"9950012","uptime_ms":168138,"nav":"UNSET","moving":0,"pwm":0,"est_mm_s":0,"dir":"UNSET","session_dir":"UNSET","mdir":"FWD","rear":0,"front":0,"env":0,"lc_mm":-1,"last_confirmed_landmark":"","age_ms":0,"since":0,"dead_reckoned_mm":0,"candidate_mm":-1,"viable":[],"lostm":0,"lost_ms":0,"agree":0,"disagree":0,"losts":0,"auto":0}
2026-08-26T14:08:39-0700	ngr/loco/9950012/state/loopstat	{"loop_max_gap_ms":23,"hall_task_max_gap_ms":2,"hall_task_age_ms":1,"baseline":1799,"raw":1799,"delta":0,"queue_drops":0,"floor_rejects":0,"queue_high_water":0,"mqtt_connect_ms":771,"mqtt_attempts":1,"pub_drops":0,"pub_queue_hw":1,"cmd_drops":0,"pub_per_s":1,"marker_pub_drops":0,"marker_pub_hw":0,"nav":"UNSET","mm":0,"miss_streak":0,"pwm":0,"lost_markers":0,"lost_ms":0,"motor_dir":"FWD"}
2026-08-26T14:08:39-0700	ngr/loco/9950012/alert	{"level":"UNSET","reason":"STATUS","loco":"9950012","uptime_ms":169138,"nav":"UNSET","moving":0,"pwm":0,"est_mm_s":0,"dir":"UNSET","session_dir":"UNSET","mdir":"FWD","rear":0,"front":0,"env":0,"lc_mm":-1,"last_confirmed_landmark":"","age_ms":0,"since":0,"dead_reckoned_mm":0,"candidate_mm":-1,"viable":[],"lostm":0,"lost_ms":0,"agree":0,"disagree":0,"losts":0,"auto":0}
2026-08-26T14:08:40-0700	ngr/loco/9950012/state/loopstat	{"loop_max_gap_ms":23,"hall_task_max_gap_ms":2,"hall_task_age_ms":1,"baseline":1799,"raw":1800,"delta":1,"queue_drops":0,"floor_rejects":0,"queue_high_water":0,"mqtt_connect_ms":771,"mqtt_attempts":1,"pub_drops":0,"pub_queue_hw":1,"cmd_drops":0,"pub_per_s":1,"marker_pub_drops":0,"marker_pub_hw":0,"nav":"UNSET","mm":0,"miss_streak":0,"pwm":0,"lost_markers":0,"lost_ms":0,"motor_dir":"FWD"}
2026-08-26T14:08:40-0700	ngr/loco/9950012/telem/voltage	15.11
2026-08-26T14:08:40-0700	ngr/loco/9950012/telem/current	0.23
2026-08-26T14:08:40-0700	ngr/loco/9950012/telem/power	3.04
2026-08-26T14:08:40-0700	ngr/loco/9950012/alert	{"level":"UNSET","reason":"STATUS","loco":"9950012","uptime_ms":170138,"nav":"UNSET","moving":0,"pwm":0,"est_mm_s":0,"dir":"UNSET","session_dir":"UNSET","mdir":"FWD","rear":0,"front":0,"env":0,"lc_mm":-1,"last_confirmed_landmark":"","age_ms":0,"since":0,"dead_reckoned_mm":0,"candidate_mm":-1,"viable":[],"lostm":0,"lost_ms":0,"agree":0,"disagree":0,"losts":0,"auto":0}
2026-08-26T14:08:41-0700	ngr/loco/9950012/state/loopstat	{"loop_max_gap_ms":23,"hall_task_max_gap_ms":2,"hall_task_age_ms":1,"baseline":1799,"raw":1799,"delta":0,"queue_drops":0,"floor_rejects":0,"queue_high_water":0,"mqtt_connect_ms":771,"mqtt_attempts":1,"pub_drops":0,"pub_queue_hw":3,"cmd_drops":0,"pub_per_s":4,"marker_pub_drops":0,"marker_pub_hw":0,"nav":"UNSET","mm":0,"miss_streak":0,"pwm":0,"lost_markers":0,"lost_ms":0,"motor_dir":"FWD"}
2026-08-26T14:08:41-0700	ngr/loco/9950012/alert	{"level":"UNSET","reason":"STATUS","loco":"9950012","uptime_ms":171138,"nav":"UNSET","moving":0,"pwm":0,"est_mm_s":0,"dir":"UNSET","session_dir":"UNSET","mdir":"FWD","rear":0,"front":0,"env":0,"lc_mm":-1,"last_confirmed_landmark":"","age_ms":0,"since":0,"dead_reckoned_mm":0,"candidate_mm":-1,"viable":[],"lostm":0,"lost_ms":0,"agree":0,"disagree":0,"losts":0,"auto":0}
2026-08-26T14:08:42-0700	ngr/loco/9950012/state/loopstat	{"loop_max_gap_ms":22,"hall_task_max_gap_ms":3,"hall_task_age_ms":1,"baseline":1799,"raw":1799,"delta":0,"queue_drops":0,"floor_rejects":0,"queue_high_water":0,"mqtt_connect_ms":771,"mqtt_attempts":1,"pub_drops":0,"pub_queue_hw":1,"cmd_drops":0,"pub_per_s":1,"marker_pub_drops":0,"marker_pub_hw":0,"nav":"UNSET","mm":0,"miss_streak":0,"pwm":0,"lost_markers":0,"lost_ms":0,"motor_dir":"FWD"}
2026-08-26T14:08:42-0700	ngr/loco/9950012/alert	{"level":"UNSET","reason":"STATUS","loco":"9950012","uptime_ms":172138,"nav":"UNSET","moving":0,"pwm":0,"est_mm_s":0,"dir":"UNSET","session_dir":"UNSET","mdir":"FWD","rear":0,"front":0,"env":0,"lc_mm":-1,"last_confirmed_landmark":"","age_ms":0,"since":0,"dead_reckoned_mm":0,"candidate_mm":-1,"viable":[],"lostm":0,"lost_ms":0,"agree":0,"disagree":0,"losts":0,"auto":0}
2026-08-26T14:08:43-0700	ngr/loco/9950012/state/loopstat	{"loop_max_gap_ms":23,"hall_task_max_gap_ms":2,"hall_task_age_ms":1,"baseline":1799,"raw":1799,"delta":0,"queue_drops":0,"floor_rejects":0,"queue_high_water":0,"mqtt_connect_ms":771,"mqtt_attempts":1,"pub_drops":0,"pub_queue_hw":1,"cmd_drops":0,"pub_per_s":1,"marker_pub_drops":0,"marker_pub_hw":0,"nav":"UNSET","mm":0,"miss_streak":0,"pwm":0,"lost_markers":0,"lost_ms":0,"motor_dir":"FWD"}
2026-08-26T14:08:43-0700	ngr/loco/9950012/alert	{"level":"UNSET","reason":"STATUS","loco":"9950012","uptime_ms":173138,"nav":"UNSET","moving":0,"pwm":0,"est_mm_s":0,"dir":"UNSET","session_dir":"UNSET","mdir":"FWD","rear":0,"front":0,"env":0,"lc_mm":-1,"last_confirmed_landmark":"","age_ms":0,"since":0,"dead_reckoned_mm":0,"candidate_mm":-1,"viable":[],"lostm":0,"lost_ms":0,"agree":0,"disagree":0,"losts":0,"auto":0}
2026-08-26T14:08:44-0700	ngr/loco/9950012/state/loopstat	{"loop_max_gap_ms":22,"hall_task_max_gap_ms":2,"hall_task_age_ms":1,"baseline":1799,"raw":1798,"delta":-1,"queue_drops":0,"floor_rejects":0,"queue_high_water":0,"mqtt_connect_ms":771,"mqtt_attempts":1,"pub_drops":0,"pub_queue_hw":1,"cmd_drops":0,"pub_per_s":1,"marker_pub_drops":0,"marker_pub_hw":0,"nav":"UNSET","mm":0,"miss_streak":0,"pwm":0,"lost_markers":0,"lost_ms":0,"motor_dir":"FWD"}
2026-08-26T14:08:44-0700	ngr/loco/9950012/alert	{"level":"UNSET","reason":"STATUS","loco":"9950012","uptime_ms":174138,"nav":"UNSET","moving":0,"pwm":0,"est_mm_s":0,"dir":"UNSET","session_dir":"UNSET","mdir":"FWD","rear":0,"front":0,"env":0,"lc_mm":-1,"last_confirmed_landmark":"","age_ms":0,"since":0,"dead_reckoned_mm":0,"candidate_mm":-1,"viable":[],"lostm":0,"lost_ms":0,"agree":0,"disagree":0,"losts":0,"auto":0}
2026-08-26T14:08:45-0700	ngr/loco/9950012/state/loopstat	{"loop_max_gap_ms":22,"hall_task_max_gap_ms":2,"hall_task_age_ms":1,"baseline":1799,"raw":1798,"delta":-1,"queue_drops":0,"floor_rejects":0,"queue_high_water":0,"mqtt_connect_ms":771,"mqtt_attempts":1,"pub_drops":0,"pub_queue_hw":1,"cmd_drops":0,"pub_per_s":1,"marker_pub_drops":0,"marker_pub_hw":0,"nav":"UNSET","mm":0,"miss_streak":0,"pwm":0,"lost_markers":0,"lost_ms":0,"motor_dir":"FWD"}
2026-08-26T14:08:45-0700	ngr/loco/9950012/telem/voltage	15.10
2026-08-26T14:08:45-0700	ngr/loco/9950012/telem/current	0.20
2026-08-26T14:08:45-0700	ngr/loco/9950012/telem/power	3.24
2026-08-26T14:08:45-0700	ngr/loco/9950012/alert	{"level":"UNSET","reason":"STATUS","loco":"9950012","uptime_ms":175138,"nav":"UNSET","moving":0,"pwm":0,"est_mm_s":0,"dir":"UNSET","session_dir":"UNSET","mdir":"FWD","rear":0,"front":0,"env":0,"lc_mm":-1,"last_confirmed_landmark":"","age_ms":0,"since":0,"dead_reckoned_mm":0,"candidate_mm":-1,"viable":[],"lostm":0,"lost_ms":0,"agree":0,"disagree":0,"losts":0,"auto":0}
2026-08-26T14:08:46-0700	ngr/loco/9950012/state/loopstat	{"loop_max_gap_ms":22,"hall_task_max_gap_ms":4,"hall_task_age_ms":1,"baseline":1799,"raw":1800,"delta":1,"queue_drops":0,"floor_rejects":0,"queue_high_water":0,"mqtt_connect_ms":771,"mqtt_attempts":1,"pub_drops":0,"pub_queue_hw":3,"cmd_drops":0,"pub_per_s":4,"marker_pub_drops":0,"marker_pub_hw":0,"nav":"UNSET","mm":0,"miss_streak":0,"pwm":0,"lost_markers":0,"lost_ms":0,"motor_dir":"FWD"}
2026-08-26T14:08:46-0700	ngr/loco/9950012/alert	{"level":"UNSET","reason":"STATUS","loco":"9950012","uptime_ms":176138,"nav":"UNSET","moving":0,"pwm":0,"est_mm_s":0,"dir":"UNSET","session_dir":"UNSET","mdir":"FWD","rear":0,"front":0,"env":0,"lc_mm":-1,"last_confirmed_landmark":"","age_ms":0,"since":0,"dead_reckoned_mm":0,"candidate_mm":-1,"viable":[],"lostm":0,"lost_ms":0,"agree":0,"disagree":0,"losts":0,"auto":0}
2026-08-26T14:08:47-0700	ngr/loco/9950012/state/loopstat	{"loop_max_gap_ms":22,"hall_task_max_gap_ms":2,"hall_task_age_ms":1,"baseline":1799,"raw":1799,"delta":0,"queue_drops":0,"floor_rejects":0,"queue_high_water":0,"mqtt_connect_ms":771,"mqtt_attempts":1,"pub_drops":0,"pub_queue_hw":1,"cmd_drops":0,"pub_per_s":1,"marker_pub_drops":0,"marker_pub_hw":0,"nav":"UNSET","mm":0,"miss_streak":0,"pwm":0,"lost_markers":0,"lost_ms":0,"motor_dir":"FWD"}
2026-08-26T14:08:47-0700	ngr/loco/9950012/alert	{"level":"UNSET","reason":"STATUS","loco":"9950012","uptime_ms":177138,"nav":"UNSET","moving":0,"pwm":0,"est_mm_s":0,"dir":"UNSET","session_dir":"UNSET","mdir":"FWD","rear":0,"front":0,"env":0,"lc_mm":-1,"last_confirmed_landmark":"","age_ms":0,"since":0,"dead_reckoned_mm":0,"candidate_mm":-1,"viable":[],"lostm":0,"lost_ms":0,"agree":0,"disagree":0,"losts":0,"auto":0}
2026-08-26T14:08:48-0700	ngr/loco/9950012/state/loopstat	{"loop_max_gap_ms":22,"hall_task_max_gap_ms":2,"hall_task_age_ms":1,"baseline":1799,"raw":1798,"delta":-1,"queue_drops":0,"floor_rejects":0,"queue_high_water":0,"mqtt_connect_ms":771,"mqtt_attempts":1,"pub_drops":0,"pub_queue_hw":1,"cmd_drops":0,"pub_per_s":1,"marker_pub_drops":0,"marker_pub_hw":0,"nav":"UNSET","mm":0,"miss_streak":0,"pwm":0,"lost_markers":0,"lost_ms":0,"motor_dir":"FWD"}
2026-08-26T14:08:48-0700	ngr/loco/9950012/alert	{"level":"UNSET","reason":"STATUS","loco":"9950012","uptime_ms":178138,"nav":"UNSET","moving":0,"pwm":0,"est_mm_s":0,"dir":"UNSET","session_dir":"UNSET","mdir":"FWD","rear":0,"front":0,"env":0,"lc_mm":-1,"last_confirmed_landmark":"","age_ms":0,"since":0,"dead_reckoned_mm":0,"candidate_mm":-1,"viable":[],"lostm":0,"lost_ms":0,"agree":0,"disagree":0,"losts":0,"auto":0}
2026-08-26T14:08:49-0700	ngr/loco/9950012/state/loopstat	{"loop_max_gap_ms":23,"hall_task_max_gap_ms":2,"hall_task_age_ms":1,"baseline":1799,"raw":1799,"delta":0,"queue_drops":0,"floor_rejects":0,"queue_high_water":0,"mqtt_connect_ms":771,"mqtt_attempts":1,"pub_drops":0,"pub_queue_hw":1,"cmd_drops":0,"pub_per_s":1,"marker_pub_drops":0,"marker_pub_hw":0,"nav":"UNSET","mm":0,"miss_streak":0,"pwm":0,"lost_markers":0,"lost_ms":0,"motor_dir":"FWD"}
2026-08-26T14:08:49-0700	ngr/loco/9950012/alert	{"level":"UNSET","reason":"STATUS","loco":"9950012","uptime_ms":179138,"nav":"UNSET","moving":0,"pwm":0,"est_mm_s":0,"dir":"UNSET","session_dir":"UNSET","mdir":"FWD","rear":0,"front":0,"env":0,"lc_mm":-1,"last_confirmed_landmark":"","age_ms":0,"since":0,"dead_reckoned_mm":0,"candidate_mm":-1,"viable":[],"lostm":0,"lost_ms":0,"agree":0,"disagree":0,"losts":0,"auto":0}
2026-08-26T14:08:50-0700	ngr/loco/9950012/state/loopstat	{"loop_max_gap_ms":23,"hall_task_max_gap_ms":2,"hall_task_age_ms":1,"baseline":1799,"raw":1799,"delta":0,"queue_drops":0,"floor_rejects":0,"queue_high_water":0,"mqtt_connect_ms":771,"mqtt_attempts":1,"pub_drops":0,"pub_queue_hw":1,"cmd_drops":0,"pub_per_s":1,"marker_pub_drops":0,"marker_pub_hw":0,"nav":"UNSET","mm":0,"miss_streak":0,"pwm":0,"lost_markers":0,"lost_ms":0,"motor_dir":"FWD"}
2026-08-26T14:08:50-0700	ngr/loco/9950012/telem/voltage	15.10
2026-08-26T14:08:50-0700	ngr/loco/9950012/telem/current	0.22
2026-08-26T14:08:50-0700	ngr/loco/9950012/telem/power	3.39
2026-08-26T14:08:50-0700	ngr/loco/9950012/alert	{"level":"UNSET","reason":"STATUS","loco":"9950012","uptime_ms":180138,"nav":"UNSET","moving":0,"pwm":0,"est_mm_s":0,"dir":"UNSET","session_dir":"UNSET","mdir":"FWD","rear":0,"front":0,"env":0,"lc_mm":-1,"last_confirmed_landmark":"","age_ms":0,"since":0,"dead_reckoned_mm":0,"candidate_mm":-1,"viable":[],"lostm":0,"lost_ms":0,"agree":0,"disagree":0,"losts":0,"auto":0}
2026-08-26T14:08:51-0700	ngr/loco/9950012/state/loopstat	{"loop_max_gap_ms":23,"hall_task_max_gap_ms":2,"hall_task_age_ms":1,"baseline":1799,"raw":1799,"delta":0,"queue_drops":0,"floor_rejects":0,"queue_high_water":0,"mqtt_connect_ms":771,"mqtt_attempts":1,"pub_drops":0,"pub_queue_hw":3,"cmd_drops":0,"pub_per_s":4,"marker_pub_drops":0,"marker_pub_hw":0,"nav":"UNSET","mm":0,"miss_streak":0,"pwm":0,"lost_markers":0,"lost_ms":0,"motor_dir":"FWD"}
2026-08-26T14:08:51-0700	ngr/loco/9950012/alert	{"level":"UNSET","reason":"STATUS","loco":"9950012","uptime_ms":181138,"nav":"UNSET","moving":0,"pwm":0,"est_mm_s":0,"dir":"UNSET","session_dir":"UNSET","mdir":"FWD","rear":0,"front":0,"env":0,"lc_mm":-1,"last_confirmed_landmark":"","age_ms":0,"since":0,"dead_reckoned_mm":0,"candidate_mm":-1,"viable":[],"lostm":0,"lost_ms":0,"agree":0,"disagree":0,"losts":0,"auto":0}
2026-08-26T14:08:52-0700	ngr/loco/9950012/state/loopstat	{"loop_max_gap_ms":22,"hall_task_max_gap_ms":2,"hall_task_age_ms":1,"baseline":1799,"raw":1799,"delta":0,"queue_drops":0,"floor_rejects":0,"queue_high_water":0,"mqtt_connect_ms":771,"mqtt_attempts":1,"pub_drops":0,"pub_queue_hw":1,"cmd_drops":0,"pub_per_s":1,"marker_pub_drops":0,"marker_pub_hw":0,"nav":"UNSET","mm":0,"miss_streak":0,"pwm":0,"lost_markers":0,"lost_ms":0,"motor_dir":"FWD"}
2026-08-26T14:08:52-0700	ngr/loco/9950012/alert	{"level":"UNSET","reason":"STATUS","loco":"9950012","uptime_ms":182138,"nav":"UNSET","moving":0,"pwm":0,"est_mm_s":0,"dir":"UNSET","session_dir":"UNSET","mdir":"FWD","rear":0,"front":0,"env":0,"lc_mm":-1,"last_confirmed_landmark":"","age_ms":0,"since":0,"dead_reckoned_mm":0,"candidate_mm":-1,"viable":[],"lostm":0,"lost_ms":0,"agree":0,"disagree":0,"losts":0,"auto":0}
2026-08-26T14:08:53-0700	ngr/loco/9950012/state/loopstat	{"loop_max_gap_ms":22,"hall_task_max_gap_ms":2,"hall_task_age_ms":1,"baseline":1799,"raw":1799,"delta":0,"queue_drops":0,"floor_rejects":0,"queue_high_water":0,"mqtt_connect_ms":771,"mqtt_attempts":1,"pub_drops":0,"pub_queue_hw":1,"cmd_drops":0,"pub_per_s":1,"marker_pub_drops":0,"marker_pub_hw":0,"nav":"UNSET","mm":0,"miss_streak":0,"pwm":0,"lost_markers":0,"lost_ms":0,"motor_dir":"FWD"}
2026-08-26T14:08:53-0700	ngr/loco/9950012/alert	{"level":"UNSET","reason":"STATUS","loco":"9950012","uptime_ms":183138,"nav":"UNSET","moving":0,"pwm":0,"est_mm_s":0,"dir":"UNSET","session_dir":"UNSET","mdir":"FWD","rear":0,"front":0,"env":0,"lc_mm":-1,"last_confirmed_landmark":"","age_ms":0,"since":0,"dead_reckoned_mm":0,"candidate_mm":-1,"viable":[],"lostm":0,"lost_ms":0,"agree":0,"disagree":0,"losts":0,"auto":0}
2026-08-26T14:08:54-0700	ngr/loco/9950012/state/loopstat	{"loop_max_gap_ms":23,"hall_task_max_gap_ms":3,"hall_task_age_ms":1,"baseline":1799,"raw":1800,"delta":1,"queue_drops":0,"floor_rejects":0,"queue_high_water":0,"mqtt_connect_ms":771,"mqtt_attempts":1,"pub_drops":0,"pub_queue_hw":1,"cmd_drops":0,"pub_per_s":1,"marker_pub_drops":0,"marker_pub_hw":0,"nav":"UNSET","mm":0,"miss_streak":0,"pwm":0,"lost_markers":0,"lost_ms":0,"motor_dir":"FWD"}
2026-08-26T14:08:54-0700	ngr/loco/9950012/alert	{"level":"UNSET","reason":"STATUS","loco":"9950012","uptime_ms":184138,"nav":"UNSET","moving":0,"pwm":0,"est_mm_s":0,"dir":"UNSET","session_dir":"UNSET","mdir":"FWD","rear":0,"front":0,"env":0,"lc_mm":-1,"last_confirmed_landmark":"","age_ms":0,"since":0,"dead_reckoned_mm":0,"candidate_mm":-1,"viable":[],"lostm":0,"lost_ms":0,"agree":0,"disagree":0,"losts":0,"auto":0}
2026-08-26T14:08:55-0700	ngr/loco/9950012/state/loopstat	{"loop_max_gap_ms":23,"hall_task_max_gap_ms":2,"hall_task_age_ms":1,"baseline":1799,"raw":1798,"delta":-1,"queue_drops":0,"floor_rejects":0,"queue_high_water":0,"mqtt_connect_ms":771,"mqtt_attempts":1,"pub_drops":0,"pub_queue_hw":1,"cmd_drops":0,"pub_per_s":1,"marker_pub_drops":0,"marker_pub_hw":0,"nav":"UNSET","mm":0,"miss_streak":0,"pwm":0,"lost_markers":0,"lost_ms":0,"motor_dir":"FWD"}
2026-08-26T14:08:55-0700	ngr/loco/9950012/telem/voltage	15.09
2026-08-26T14:08:55-0700	ngr/loco/9950012/telem/current	0.20
2026-08-26T14:08:55-0700	ngr/loco/9950012/telem/power	3.09
2026-08-26T14:08:55-0700	ngr/loco/9950012/alert	{"level":"UNSET","reason":"STATUS","loco":"9950012","uptime_ms":185138,"nav":"UNSET","moving":0,"pwm":0,"est_mm_s":0,"dir":"UNSET","session_dir":"UNSET","mdir":"FWD","rear":0,"front":0,"env":0,"lc_mm":-1,"last_confirmed_landmark":"","age_ms":0,"since":0,"dead_reckoned_mm":0,"candidate_mm":-1,"viable":[],"lostm":0,"lost_ms":0,"agree":0,"disagree":0,"losts":0,"auto":0}
2026-08-26T14:08:56-0700	ngr/loco/9950012/state/loopstat	{"loop_max_gap_ms":23,"hall_task_max_gap_ms":3,"hall_task_age_ms":1,"baseline":1799,"raw":1799,"delta":0,"queue_drops":0,"floor_rejects":0,"queue_high_water":0,"mqtt_connect_ms":771,"mqtt_attempts":1,"pub_drops":0,"pub_queue_hw":3,"cmd_drops":0,"pub_per_s":4,"marker_pub_drops":0,"marker_pub_hw":0,"nav":"UNSET","mm":0,"miss_streak":0,"pwm":0,"lost_markers":0,"lost_ms":0,"motor_dir":"FWD"}
2026-08-26T14:08:56-0700	ngr/loco/9950012/alert	{"level":"UNSET","reason":"STATUS","loco":"9950012","uptime_ms":186138,"nav":"UNSET","moving":0,"pwm":0,"est_mm_s":0,"dir":"UNSET","session_dir":"UNSET","mdir":"FWD","rear":0,"front":0,"env":0,"lc_mm":-1,"last_confirmed_landmark":"","age_ms":0,"since":0,"dead_reckoned_mm":0,"candidate_mm":-1,"viable":[],"lostm":0,"lost_ms":0,"agree":0,"disagree":0,"losts":0,"auto":0}
2026-08-26T14:08:57-0700	ngr/loco/9950012/state/loopstat	{"loop_max_gap_ms":22,"hall_task_max_gap_ms":2,"hall_task_age_ms":1,"baseline":1799,"raw":1801,"delta":2,"queue_drops":0,"floor_rejects":0,"queue_high_water":0,"mqtt_connect_ms":771,"mqtt_attempts":1,"pub_drops":0,"pub_queue_hw":1,"cmd_drops":0,"pub_per_s":1,"marker_pub_drops":0,"marker_pub_hw":0,"nav":"UNSET","mm":0,"miss_streak":0,"pwm":0,"lost_markers":0,"lost_ms":0,"motor_dir":"FWD"}
2026-08-26T14:08:57-0700	ngr/loco/9950012/alert	{"level":"UNSET","reason":"STATUS","loco":"9950012","uptime_ms":187138,"nav":"UNSET","moving":0,"pwm":0,"est_mm_s":0,"dir":"UNSET","session_dir":"UNSET","mdir":"FWD","rear":0,"front":0,"env":0,"lc_mm":-1,"last_confirmed_landmark":"","age_ms":0,"since":0,"dead_reckoned_mm":0,"candidate_mm":-1,"viable":[],"lostm":0,"lost_ms":0,"agree":0,"disagree":0,"losts":0,"auto":0}
2026-08-26T14:08:58-0700	ngr/loco/9950012/state/loopstat	{"loop_max_gap_ms":23,"hall_task_max_gap_ms":2,"hall_task_age_ms":1,"baseline":1799,"raw":1800,"delta":1,"queue_drops":0,"floor_rejects":0,"queue_high_water":0,"mqtt_connect_ms":771,"mqtt_attempts":1,"pub_drops":0,"pub_queue_hw":1,"cmd_drops":0,"pub_per_s":1,"marker_pub_drops":0,"marker_pub_hw":0,"nav":"UNSET","mm":0,"miss_streak":0,"pwm":0,"lost_markers":0,"lost_ms":0,"motor_dir":"FWD"}
2026-08-26T14:08:58-0700	ngr/loco/9950012/alert	{"level":"UNSET","reason":"STATUS","loco":"9950012","uptime_ms":188138,"nav":"UNSET","moving":0,"pwm":0,"est_mm_s":0,"dir":"UNSET","session_dir":"UNSET","mdir":"FWD","rear":0,"front":0,"env":0,"lc_mm":-1,"last_confirmed_landmark":"","age_ms":0,"since":0,"dead_reckoned_mm":0,"candidate_mm":-1,"viable":[],"lostm":0,"lost_ms":0,"agree":0,"disagree":0,"losts":0,"auto":0}
2026-08-26T14:08:59-0700	ngr/loco/9950012/state/loopstat	{"loop_max_gap_ms":23,"hall_task_max_gap_ms":2,"hall_task_age_ms":1,"baseline":1799,"raw":1799,"delta":0,"queue_drops":0,"floor_rejects":0,"queue_high_water":0,"mqtt_connect_ms":771,"mqtt_attempts":1,"pub_drops":0,"pub_queue_hw":1,"cmd_drops":0,"pub_per_s":1,"marker_pub_drops":0,"marker_pub_hw":0,"nav":"UNSET","mm":0,"miss_streak":0,"pwm":0,"lost_markers":0,"lost_ms":0,"motor_dir":"FWD"}
2026-08-26T14:08:59-0700	ngr/loco/9950012/alert	{"level":"UNSET","reason":"STATUS","loco":"9950012","uptime_ms":189138,"nav":"UNSET","moving":0,"pwm":0,"est_mm_s":0,"dir":"UNSET","session_dir":"UNSET","mdir":"FWD","rear":0,"front":0,"env":0,"lc_mm":-1,"last_confirmed_landmark":"","age_ms":0,"since":0,"dead_reckoned_mm":0,"candidate_mm":-1,"viable":[],"lostm":0,"lost_ms":0,"agree":0,"disagree":0,"losts":0,"auto":0}
2026-08-26T14:09:00-0700	ngr/loco/9950012/state/loopstat	{"loop_max_gap_ms":22,"hall_task_max_gap_ms":2,"hall_task_age_ms":1,"baseline":1799,"raw":1799,"delta":0,"queue_drops":0,"floor_rejects":0,"queue_high_water":0,"mqtt_connect_ms":771,"mqtt_attempts":1,"pub_drops":0,"pub_queue_hw":1,"cmd_drops":0,"pub_per_s":1,"marker_pub_drops":0,"marker_pub_hw":0,"nav":"UNSET","mm":0,"miss_streak":0,"pwm":0,"lost_markers":0,"lost_ms":0,"motor_dir":"FWD"}
2026-08-26T14:09:00-0700	ngr/loco/9950012/telem/voltage	15.10
2026-08-26T14:09:00-0700	ngr/loco/9950012/telem/current	0.20
2026-08-26T14:09:00-0700	ngr/loco/9950012/telem/power	3.05
2026-08-26T14:09:00-0700	ngr/loco/9950012/alert	{"level":"UNSET","reason":"STATUS","loco":"9950012","uptime_ms":190138,"nav":"UNSET","moving":0,"pwm":0,"est_mm_s":0,"dir":"UNSET","session_dir":"UNSET","mdir":"FWD","rear":0,"front":0,"env":0,"lc_mm":-1,"last_confirmed_landmark":"","age_ms":0,"since":0,"dead_reckoned_mm":0,"candidate_mm":-1,"viable":[],"lostm":0,"lost_ms":0,"agree":0,"disagree":0,"losts":0,"auto":0}
2026-08-26T14:09:01-0700	ngr/loco/9950012/state/loopstat	{"loop_max_gap_ms":23,"hall_task_max_gap_ms":2,"hall_task_age_ms":1,"baseline":1799,"raw":1799,"delta":0,"queue_drops":0,"floor_rejects":0,"queue_high_water":0,"mqtt_connect_ms":771,"mqtt_attempts":1,"pub_drops":0,"pub_queue_hw":3,"cmd_drops":0,"pub_per_s":4,"marker_pub_drops":0,"marker_pub_hw":0,"nav":"UNSET","mm":0,"miss_streak":0,"pwm":0,"lost_markers":0,"lost_ms":0,"motor_dir":"FWD"}
2026-08-26T14:09:01-0700	ngr/loco/9950012/alert	{"level":"UNSET","reason":"STATUS","loco":"9950012","uptime_ms":191138,"nav":"UNSET","moving":0,"pwm":0,"est_mm_s":0,"dir":"UNSET","session_dir":"UNSET","mdir":"FWD","rear":0,"front":0,"env":0,"lc_mm":-1,"last_confirmed_landmark":"","age_ms":0,"since":0,"dead_reckoned_mm":0,"candidate_mm":-1,"viable":[],"lostm":0,"lost_ms":0,"agree":0,"disagree":0,"losts":0,"auto":0}
2026-08-26T14:09:02-0700	ngr/loco/9950012/state/loopstat	{"loop_max_gap_ms":23,"hall_task_max_gap_ms":2,"hall_task_age_ms":1,"baseline":1799,"raw":1801,"delta":2,"queue_drops":0,"floor_rejects":0,"queue_high_water":0,"mqtt_connect_ms":771,"mqtt_attempts":1,"pub_drops":0,"pub_queue_hw":1,"cmd_drops":0,"pub_per_s":1,"marker_pub_drops":0,"marker_pub_hw":0,"nav":"UNSET","mm":0,"miss_streak":0,"pwm":0,"lost_markers":0,"lost_ms":0,"motor_dir":"FWD"}
2026-08-26T14:09:02-0700	ngr/loco/9950012/alert	{"level":"UNSET","reason":"STATUS","loco":"9950012","uptime_ms":192138,"nav":"UNSET","moving":0,"pwm":0,"est_mm_s":0,"dir":"UNSET","session_dir":"UNSET","mdir":"FWD","rear":0,"front":0,"env":0,"lc_mm":-1,"last_confirmed_landmark":"","age_ms":0,"since":0,"dead_reckoned_mm":0,"candidate_mm":-1,"viable":[],"lostm":0,"lost_ms":0,"agree":0,"disagree":0,"losts":0,"auto":0}
2026-08-26T14:09:03-0700	ngr/loco/9950012/state/loopstat	{"loop_max_gap_ms":23,"hall_task_max_gap_ms":2,"hall_task_age_ms":1,"baseline":1799,"raw":1800,"delta":1,"queue_drops":0,"floor_rejects":0,"queue_high_water":0,"mqtt_connect_ms":771,"mqtt_attempts":1,"pub_drops":0,"pub_queue_hw":1,"cmd_drops":0,"pub_per_s":1,"marker_pub_drops":0,"marker_pub_hw":0,"nav":"UNSET","mm":0,"miss_streak":0,"pwm":0,"lost_markers":0,"lost_ms":0,"motor_dir":"FWD"}
2026-08-26T14:09:03-0700	ngr/loco/9950012/alert	{"level":"UNSET","reason":"STATUS","loco":"9950012","uptime_ms":193138,"nav":"UNSET","moving":0,"pwm":0,"est_mm_s":0,"dir":"UNSET","session_dir":"UNSET","mdir":"FWD","rear":0,"front":0,"env":0,"lc_mm":-1,"last_confirmed_landmark":"","age_ms":0,"since":0,"dead_reckoned_mm":0,"candidate_mm":-1,"viable":[],"lostm":0,"lost_ms":0,"agree":0,"disagree":0,"losts":0,"auto":0}
2026-08-26T14:09:04-0700	ngr/loco/9950012/state/loopstat	{"loop_max_gap_ms":23,"hall_task_max_gap_ms":3,"hall_task_age_ms":1,"baseline":1799,"raw":1800,"delta":1,"queue_drops":0,"floor_rejects":0,"queue_high_water":0,"mqtt_connect_ms":771,"mqtt_attempts":1,"pub_drops":0,"pub_queue_hw":1,"cmd_drops":0,"pub_per_s":1,"marker_pub_drops":0,"marker_pub_hw":0,"nav":"UNSET","mm":0,"miss_streak":0,"pwm":0,"lost_markers":0,"lost_ms":0,"motor_dir":"FWD"}
2026-08-26T14:09:04-0700	ngr/loco/9950012/cmd/session_direction	CCW
2026-08-26T14:09:04-0700	ngr/loco/9950012/state/nav	{"event":"DIRECTION","state":"UNSET","nav_state":"UNSET","mm":0,"dir":"CCW","motor_dir":"FWD","session_dir":"CCW","miss_streak":0}
2026-08-26T14:09:04-0700	ngr/loco/9950012/state/station	{"event":"RESET","phase":0,"station":"NONE","offset":999,"commanded_pwm":0,"actual_pwm":0,"note":"SESSION_DIRECTION_SET"}
2026-08-26T14:09:04-0700	ngr/loco/9950012/state/nav	{"event":"SESSION_DIRECTION","state":"UNSET","nav_state":"UNSET","mm":0,"dir":"CCW","motor_dir":"FWD","session_dir":"CCW","miss_streak":0}
2026-08-26T14:09:04-0700	ngr/loco/9950012/alert	{"level":"UNSET","reason":"STATUS","loco":"9950012","uptime_ms":194138,"nav":"UNSET","moving":0,"pwm":0,"est_mm_s":0,"dir":"CCW","session_dir":"CCW","mdir":"FWD","rear":0,"front":166,"env":1660,"lc_mm":-1,"last_confirmed_landmark":"","age_ms":0,"since":0,"dead_reckoned_mm":0,"candidate_mm":-1,"viable":[],"lostm":0,"lost_ms":0,"agree":0,"disagree":0,"losts":0,"auto":0}
2026-08-26T14:09:05-0700	ngr/loco/9950012/state/session_direction	CCW
2026-08-26T14:09:05-0700	ngr/loco/9950012/state/loopstat	{"loop_max_gap_ms":34,"hall_task_max_gap_ms":2,"hall_task_age_ms":1,"baseline":1799,"raw":1801,"delta":2,"queue_drops":0,"floor_rejects":0,"queue_high_water":0,"mqtt_connect_ms":771,"mqtt_attempts":1,"pub_drops":0,"pub_queue_hw":1,"cmd_drops":0,"pub_per_s":5,"marker_pub_drops":0,"marker_pub_hw":0,"nav":"UNSET","mm":0,"miss_streak":0,"pwm":0,"lost_markers":0,"lost_ms":0,"motor_dir":"FWD"}
2026-08-26T14:09:05-0700	ngr/loco/9950012/telem/voltage	15.10
2026-08-26T14:09:05-0700	ngr/loco/9950012/telem/current	0.22
2026-08-26T14:09:05-0700	ngr/loco/9950012/telem/power	3.38
2026-08-26T14:09:05-0700	ngr/loco/9950012/alert	{"level":"UNSET","reason":"STATUS","loco":"9950012","uptime_ms":195138,"nav":"UNSET","moving":0,"pwm":0,"est_mm_s":0,"dir":"CCW","session_dir":"CCW","mdir":"FWD","rear":0,"front":166,"env":1660,"lc_mm":-1,"last_confirmed_landmark":"","age_ms":0,"since":0,"dead_reckoned_mm":0,"candidate_mm":-1,"viable":[],"lostm":0,"lost_ms":0,"agree":0,"disagree":0,"losts":0,"auto":0}
2026-08-26T14:09:06-0700	ngr/loco/9950012/state/loopstat	{"loop_max_gap_ms":22,"hall_task_max_gap_ms":2,"hall_task_age_ms":1,"baseline":1799,"raw":1801,"delta":2,"queue_drops":0,"floor_rejects":0,"queue_high_water":0,"mqtt_connect_ms":771,"mqtt_attempts":1,"pub_drops":0,"pub_queue_hw":3,"cmd_drops":0,"pub_per_s":4,"marker_pub_drops":0,"marker_pub_hw":0,"nav":"UNSET","mm":0,"miss_streak":0,"pwm":0,"lost_markers":0,"lost_ms":0,"motor_dir":"FWD"}
2026-08-26T14:09:06-0700	ngr/loco/9950012/alert	{"level":"UNSET","reason":"STATUS","loco":"9950012","uptime_ms":196138,"nav":"UNSET","moving":0,"pwm":0,"est_mm_s":0,"dir":"CCW","session_dir":"CCW","mdir":"FWD","rear":0,"front":166,"env":1660,"lc_mm":-1,"last_confirmed_landmark":"","age_ms":0,"since":0,"dead_reckoned_mm":0,"candidate_mm":-1,"viable":[],"lostm":0,"lost_ms":0,"agree":0,"disagree":0,"losts":0,"auto":0}
2026-08-26T14:09:07-0700	ngr/loco/9950012/state/loopstat	{"loop_max_gap_ms":23,"hall_task_max_gap_ms":2,"hall_task_age_ms":1,"baseline":1799,"raw":1800,"delta":1,"queue_drops":0,"floor_rejects":0,"queue_high_water":0,"mqtt_connect_ms":771,"mqtt_attempts":1,"pub_drops":0,"pub_queue_hw":1,"cmd_drops":0,"pub_per_s":1,"marker_pub_drops":0,"marker_pub_hw":0,"nav":"UNSET","mm":0,"miss_streak":0,"pwm":0,"lost_markers":0,"lost_ms":0,"motor_dir":"FWD"}
2026-08-26T14:09:07-0700	ngr/loco/9950012/alert	{"level":"UNSET","reason":"STATUS","loco":"9950012","uptime_ms":197138,"nav":"UNSET","moving":0,"pwm":0,"est_mm_s":0,"dir":"CCW","session_dir":"CCW","mdir":"FWD","rear":0,"front":166,"env":1660,"lc_mm":-1,"last_confirmed_landmark":"","age_ms":0,"since":0,"dead_reckoned_mm":0,"candidate_mm":-1,"viable":[],"lostm":0,"lost_ms":0,"agree":0,"disagree":0,"losts":0,"auto":0}
2026-08-26T14:09:08-0700	ngr/loco/9950012/state/loopstat	{"loop_max_gap_ms":23,"hall_task_max_gap_ms":3,"hall_task_age_ms":1,"baseline":1799,"raw":1801,"delta":2,"queue_drops":0,"floor_rejects":0,"queue_high_water":0,"mqtt_connect_ms":771,"mqtt_attempts":1,"pub_drops":0,"pub_queue_hw":1,"cmd_drops":0,"pub_per_s":1,"marker_pub_drops":0,"marker_pub_hw":0,"nav":"UNSET","mm":0,"miss_streak":0,"pwm":0,"lost_markers":0,"lost_ms":0,"motor_dir":"FWD"}
2026-08-26T14:09:08-0700	ngr/loco/9950012/alert	{"level":"UNSET","reason":"STATUS","loco":"9950012","uptime_ms":198138,"nav":"UNSET","moving":0,"pwm":0,"est_mm_s":0,"dir":"CCW","session_dir":"CCW","mdir":"FWD","rear":0,"front":166,"env":1660,"lc_mm":-1,"last_confirmed_landmark":"","age_ms":0,"since":0,"dead_reckoned_mm":0,"candidate_mm":-1,"viable":[],"lostm":0,"lost_ms":0,"agree":0,"disagree":0,"losts":0,"auto":0}
2026-08-26T14:09:09-0700	ngr/loco/9950012/state/loopstat	{"loop_max_gap_ms":22,"hall_task_max_gap_ms":2,"hall_task_age_ms":1,"baseline":1799,"raw":1799,"delta":0,"queue_drops":0,"floor_rejects":0,"queue_high_water":0,"mqtt_connect_ms":771,"mqtt_attempts":1,"pub_drops":0,"pub_queue_hw":1,"cmd_drops":0,"pub_per_s":1,"marker_pub_drops":0,"marker_pub_hw":0,"nav":"UNSET","mm":0,"miss_streak":0,"pwm":0,"lost_markers":0,"lost_ms":0,"motor_dir":"FWD"}
2026-08-26T14:09:09-0700	ngr/loco/9950012/alert	{"level":"UNSET","reason":"STATUS","loco":"9950012","uptime_ms":199138,"nav":"UNSET","moving":0,"pwm":0,"est_mm_s":0,"dir":"CCW","session_dir":"CCW","mdir":"FWD","rear":0,"front":166,"env":1660,"lc_mm":-1,"last_confirmed_landmark":"","age_ms":0,"since":0,"dead_reckoned_mm":0,"candidate_mm":-1,"viable":[],"lostm":0,"lost_ms":0,"agree":0,"disagree":0,"losts":0,"auto":0}
2026-08-26T14:09:10-0700	ngr/loco/9950012/state/loopstat	{"loop_max_gap_ms":23,"hall_task_max_gap_ms":2,"hall_task_age_ms":1,"baseline":1799,"raw":1800,"delta":1,"queue_drops":0,"floor_rejects":0,"queue_high_water":0,"mqtt_connect_ms":771,"mqtt_attempts":1,"pub_drops":0,"pub_queue_hw":1,"cmd_drops":0,"pub_per_s":1,"marker_pub_drops":0,"marker_pub_hw":0,"nav":"UNSET","mm":0,"miss_streak":0,"pwm":0,"lost_markers":0,"lost_ms":0,"motor_dir":"FWD"}
2026-08-26T14:09:10-0700	ngr/loco/9950012/cmd/start_interval	040-041
2026-08-26T14:09:10-0700	ngr/loco/9950012/mm/no_quorum	
2026-08-26T14:09:10-0700	ngr/loco/9950012/state/nav	{"event":"DECLARED","state":"NORMAL","nav_state":"NORMAL","mm":41,"dir":"CCW","motor_dir":"FWD","session_dir":"CCW","miss_streak":0}
2026-08-26T14:09:10-0700	ngr/loco/9950012/state/station	{"event":"START_INTERVAL_SET","phase":0,"station":"NONE","offset":0,"commanded_pwm":0,"actual_pwm":0,"note":"CCW_DECLARED_AT_UPPER"}
2026-08-26T14:09:10-0700	ngr/loco/9950012/telem/voltage	15.10
2026-08-26T14:09:10-0700	ngr/loco/9950012/telem/current	0.20
2026-08-26T14:09:10-0700	ngr/loco/9950012/telem/power	3.08
2026-08-26T14:09:10-0700	ngr/loco/9950012/alert	{"level":"CLEAR","reason":"STATUS","loco":"9950012","uptime_ms":200138,"nav":"NORMAL","moving":0,"pwm":0,"est_mm_s":0,"dir":"CCW","session_dir":"CCW","mdir":"FWD","rear":41,"front":36,"env":1500,"lc_mm":41,"last_confirmed_landmark":"","age_ms":232,"since":0,"dead_reckoned_mm":41,"candidate_mm":-1,"viable":[],"lostm":0,"lost_ms":0,"agree":0,"disagree":0,"losts":0,"auto":0}
2026-08-26T14:09:11-0700	ngr/loco/9950012/state/loopstat	{"loop_max_gap_ms":23,"hall_task_max_gap_ms":3,"hall_task_age_ms":1,"baseline":1799,"raw":1800,"delta":1,"queue_drops":0,"floor_rejects":0,"queue_high_water":0,"mqtt_connect_ms":771,"mqtt_attempts":1,"pub_drops":0,"pub_queue_hw":3,"cmd_drops":0,"pub_per_s":6,"marker_pub_drops":0,"marker_pub_hw":0,"nav":"NORMAL","mm":41,"miss_streak":0,"pwm":0,"lost_markers":0,"lost_ms":0,"motor_dir":"FWD"}
2026-08-26T14:09:11-0700	ngr/loco/9950012/state/start_interval	040-041
2026-08-26T14:09:11-0700	ngr/loco/9950012/state/start_mm	41
2026-08-26T14:09:11-0700	ngr/loco/9950012/state/nav_ready	1
2026-08-26T14:09:11-0700	ngr/loco/9950012/alert	{"level":"CLEAR","reason":"STATUS","loco":"9950012","uptime_ms":201138,"nav":"NORMAL","moving":0,"pwm":0,"est_mm_s":0,"dir":"CCW","session_dir":"CCW","mdir":"FWD","rear":41,"front":36,"env":1500,"lc_mm":41,"last_confirmed_landmark":"","age_ms":1232,"since":0,"dead_reckoned_mm":41,"candidate_mm":-1,"viable":[],"lostm":0,"lost_ms":0,"agree":0,"disagree":0,"losts":0,"auto":0}
2026-08-26T14:09:12-0700	ngr/loco/9950012/state/loopstat	{"loop_max_gap_ms":22,"hall_task_max_gap_ms":3,"hall_task_age_ms":1,"baseline":1799,"raw":1799,"delta":0,"queue_drops":0,"floor_rejects":0,"queue_high_water":0,"mqtt_connect_ms":771,"mqtt_attempts":1,"pub_drops":0,"pub_queue_hw":4,"cmd_drops":0,"pub_per_s":4,"marker_pub_drops":0,"marker_pub_hw":0,"nav":"NORMAL","mm":41,"miss_streak":0,"pwm":0,"lost_markers":0,"lost_ms":0,"motor_dir":"FWD"}
2026-08-26T14:09:12-0700	ngr/loco/9950012/alert	{"level":"CLEAR","reason":"STATUS","loco":"9950012","uptime_ms":202138,"nav":"NORMAL","moving":0,"pwm":0,"est_mm_s":0,"dir":"CCW","session_dir":"CCW","mdir":"FWD","rear":41,"front":36,"env":1500,"lc_mm":41,"last_confirmed_landmark":"","age_ms":2232,"since":0,"dead_reckoned_mm":41,"candidate_mm":-1,"viable":[],"lostm":0,"lost_ms":0,"agree":0,"disagree":0,"losts":0,"auto":0}
2026-08-26T14:09:13-0700	ngr/loco/9950012/state/loopstat	{"loop_max_gap_ms":23,"hall_task_max_gap_ms":2,"hall_task_age_ms":1,"baseline":1799,"raw":1798,"delta":-1,"queue_drops":0,"floor_rejects":0,"queue_high_water":0,"mqtt_connect_ms":771,"mqtt_attempts":1,"pub_drops":0,"pub_queue_hw":1,"cmd_drops":0,"pub_per_s":1,"marker_pub_drops":0,"marker_pub_hw":0,"nav":"NORMAL","mm":41,"miss_streak":0,"pwm":0,"lost_markers":0,"lost_ms":0,"motor_dir":"FWD"}
2026-08-26T14:09:13-0700	ngr/loco/9950012/alert	{"level":"CLEAR","reason":"STATUS","loco":"9950012","uptime_ms":203138,"nav":"NORMAL","moving":0,"pwm":0,"est_mm_s":0,"dir":"CCW","session_dir":"CCW","mdir":"FWD","rear":41,"front":36,"env":1500,"lc_mm":41,"last_confirmed_landmark":"","age_ms":3232,"since":0,"dead_reckoned_mm":41,"candidate_mm":-1,"viable":[],"lostm":0,"lost_ms":0,"agree":0,"disagree":0,"losts":0,"auto":0}
2026-08-26T14:09:14-0700	ngr/loco/9950012/state/loopstat	{"loop_max_gap_ms":23,"hall_task_max_gap_ms":2,"hall_task_age_ms":1,"baseline":1799,"raw":1799,"delta":0,"queue_drops":0,"floor_rejects":0,"queue_high_water":0,"mqtt_connect_ms":771,"mqtt_attempts":1,"pub_drops":0,"pub_queue_hw":1,"cmd_drops":0,"pub_per_s":1,"marker_pub_drops":0,"marker_pub_hw":0,"nav":"NORMAL","mm":41,"miss_streak":0,"pwm":0,"lost_markers":0,"lost_ms":0,"motor_dir":"FWD"}
2026-08-26T14:09:14-0700	ngr/loco/9950012/alert	{"level":"CLEAR","reason":"STATUS","loco":"9950012","uptime_ms":204138,"nav":"NORMAL","moving":0,"pwm":0,"est_mm_s":0,"dir":"CCW","session_dir":"CCW","mdir":"FWD","rear":41,"front":36,"env":1500,"lc_mm":41,"last_confirmed_landmark":"","age_ms":4232,"since":0,"dead_reckoned_mm":41,"candidate_mm":-1,"viable":[],"lostm":0,"lost_ms":0,"agree":0,"disagree":0,"losts":0,"auto":0}
2026-08-26T14:09:15-0700	ngr/loco/9950012/state/loopstat	{"loop_max_gap_ms":23,"hall_task_max_gap_ms":2,"hall_task_age_ms":1,"baseline":1799,"raw":1800,"delta":1,"queue_drops":0,"floor_rejects":0,"queue_high_water":0,"mqtt_connect_ms":771,"mqtt_attempts":1,"pub_drops":0,"pub_queue_hw":1,"cmd_drops":0,"pub_per_s":1,"marker_pub_drops":0,"marker_pub_hw":0,"nav":"NORMAL","mm":41,"miss_streak":0,"pwm":0,"lost_markers":0,"lost_ms":0,"motor_dir":"FWD"}
2026-08-26T14:09:15-0700	ngr/loco/9950012/telem/voltage	15.08
2026-08-26T14:09:15-0700	ngr/loco/9950012/telem/current	0.20
2026-08-26T14:09:15-0700	ngr/loco/9950012/telem/power	3.04
2026-08-26T14:09:15-0700	ngr/loco/9950012/alert	{"level":"CLEAR","reason":"STATUS","loco":"9950012","uptime_ms":205138,"nav":"NORMAL","moving":0,"pwm":0,"est_mm_s":0,"dir":"CCW","session_dir":"CCW","mdir":"FWD","rear":41,"front":36,"env":1500,"lc_mm":41,"last_confirmed_landmark":"","age_ms":5232,"since":0,"dead_reckoned_mm":41,"candidate_mm":-1,"viable":[],"lostm":0,"lost_ms":0,"agree":0,"disagree":0,"losts":0,"auto":0}
2026-08-26T14:09:16-0700	ngr/loco/9950012/state/loopstat	{"loop_max_gap_ms":23,"hall_task_max_gap_ms":2,"hall_task_age_ms":1,"baseline":1799,"raw":1802,"delta":3,"queue_drops":0,"floor_rejects":0,"queue_high_water":0,"mqtt_connect_ms":771,"mqtt_attempts":1,"pub_drops":0,"pub_queue_hw":3,"cmd_drops":0,"pub_per_s":4,"marker_pub_drops":0,"marker_pub_hw":0,"nav":"NORMAL","mm":41,"miss_streak":0,"pwm":0,"lost_markers":0,"lost_ms":0,"motor_dir":"FWD"}
2026-08-26T14:09:16-0700	ngr/loco/9950012/alert	{"level":"CLEAR","reason":"STATUS","loco":"9950012","uptime_ms":206138,"nav":"NORMAL","moving":0,"pwm":0,"est_mm_s":0,"dir":"CCW","session_dir":"CCW","mdir":"FWD","rear":41,"front":36,"env":1500,"lc_mm":41,"last_confirmed_landmark":"","age_ms":6232,"since":0,"dead_reckoned_mm":41,"candidate_mm":-1,"viable":[],"lostm":0,"lost_ms":0,"agree":0,"disagree":0,"losts":0,"auto":0}
2026-08-26T14:09:17-0700	ngr/loco/9950012/state/loopstat	{"loop_max_gap_ms":22,"hall_task_max_gap_ms":2,"hall_task_age_ms":1,"baseline":1799,"raw":1799,"delta":0,"queue_drops":0,"floor_rejects":0,"queue_high_water":0,"mqtt_connect_ms":771,"mqtt_attempts":1,"pub_drops":0,"pub_queue_hw":1,"cmd_drops":0,"pub_per_s":1,"marker_pub_drops":0,"marker_pub_hw":0,"nav":"NORMAL","mm":41,"miss_streak":0,"pwm":0,"lost_markers":0,"lost_ms":0,"motor_dir":"FWD"}
2026-08-26T14:09:17-0700	ngr/loco/9950012/cmd/throttle	9
2026-08-26T14:09:17-0700	ngr/loco/9950012/cmd/throttle	12
2026-08-26T14:09:17-0700	ngr/loco/9950012/cmd/throttle	22
2026-08-26T14:09:17-0700	ngr/loco/9950012/cmd/throttle	29
2026-08-26T14:09:17-0700	ngr/loco/9950012/cmd/throttle	41
2026-08-26T14:09:17-0700	ngr/loco/9950012/cmd/throttle	51
2026-08-26T14:09:17-0700	ngr/loco/9950012/cmd/throttle	56
2026-08-26T14:09:17-0700	ngr/loco/9950012/cmd/throttle	59
2026-08-26T14:09:17-0700	ngr/loco/9950012/cmd/throttle	60
2026-08-26T14:09:17-0700	ngr/loco/9950012/cmd/throttle	62
2026-08-26T14:09:17-0700	ngr/loco/9950012/cmd/throttle	64
2026-08-26T14:09:17-0700	ngr/loco/9950012/cmd/throttle	66
2026-08-26T14:09:17-0700	ngr/loco/9950012/cmd/throttle	68
2026-08-26T14:09:17-0700	ngr/loco/9950012/cmd/throttle	69
2026-08-26T14:09:17-0700	ngr/loco/9950012/cmd/throttle	72
2026-08-26T14:09:17-0700	ngr/loco/9950012/cmd/throttle	73
2026-08-26T14:09:17-0700	ngr/loco/9950012/cmd/throttle	75
2026-08-26T14:09:17-0700	ngr/loco/9950012/cmd/throttle	76
2026-08-26T14:09:17-0700	ngr/loco/9950012/alert	{"level":"CLEAR","reason":"STATUS","loco":"9950012","uptime_ms":207138,"nav":"NORMAL","moving":1,"pwm":4,"est_mm_s":0,"dir":"CCW","session_dir":"CCW","mdir":"FWD","rear":41,"front":36,"env":1500,"lc_mm":41,"last_confirmed_landmark":"","age_ms":7232,"since":0,"dead_reckoned_mm":41,"candidate_mm":-1,"viable":[],"lostm":0,"lost_ms":0,"agree":0,"disagree":0,"losts":0,"auto":0}
2026-08-26T14:09:17-0700	ngr/loco/9950012/cmd/throttle	77
2026-08-26T14:09:17-0700	ngr/loco/9950012/cmd/throttle	78
2026-08-26T14:09:17-0700	ngr/loco/9950012/cmd/throttle	79
2026-08-26T14:09:18-0700	ngr/loco/9950012/state/throttle	79
2026-08-26T14:09:18-0700	ngr/loco/9950012/state/loopstat	{"loop_max_gap_ms":23,"hall_task_max_gap_ms":2,"hall_task_age_ms":1,"baseline":1799,"raw":1800,"delta":1,"queue_drops":0,"floor_rejects":0,"queue_high_water":0,"mqtt_connect_ms":771,"mqtt_attempts":1,"pub_drops":0,"pub_queue_hw":1,"cmd_drops":0,"pub_per_s":2,"marker_pub_drops":0,"marker_pub_hw":0,"nav":"NORMAL","mm":41,"miss_streak":0,"pwm":6,"lost_markers":0,"lost_ms":0,"motor_dir":"FWD"}
2026-08-26T14:09:18-0700	ngr/loco/9950012/cmd/throttle	80
2026-08-26T14:09:18-0700	ngr/loco/9950012/cmd/throttle	81
2026-08-26T14:09:18-0700	ngr/loco/9950012/cmd/throttle	82
2026-08-26T14:09:18-0700	ngr/loco/9950012/alert	{"level":"CLEAR","reason":"STATUS","loco":"9950012","uptime_ms":208138,"nav":"NORMAL","moving":1,"pwm":10,"est_mm_s":0,"dir":"CCW","session_dir":"CCW","mdir":"FWD","rear":41,"front":36,"env":1500,"lc_mm":41,"last_confirmed_landmark":"","age_ms":8232,"since":0,"dead_reckoned_mm":41,"candidate_mm":-1,"viable":[],"lostm":0,"lost_ms":0,"agree":0,"disagree":0,"losts":0,"auto":0}
2026-08-26T14:09:18-0700	ngr/loco/9950012/cmd/throttle	83
2026-08-26T14:09:18-0700	ngr/loco/9950012/cmd/throttle	84
2026-08-26T14:09:18-0700	ngr/loco/9950012/cmd/throttle	85
2026-08-26T14:09:19-0700	ngr/loco/9950012/cmd/throttle	86
2026-08-26T14:09:19-0700	ngr/loco/9950012/state/throttle	86
2026-08-26T14:09:19-0700	ngr/loco/9950012/state/loopstat	{"loop_max_gap_ms":33,"hall_task_max_gap_ms":2,"hall_task_age_ms":1,"baseline":1799,"raw":1801,"delta":2,"queue_drops":0,"floor_rejects":0,"queue_high_water":0,"mqtt_connect_ms":771,"mqtt_attempts":1,"pub_drops":0,"pub_queue_hw":1,"cmd_drops":0,"pub_per_s":2,"marker_pub_drops":0,"marker_pub_hw":0,"nav":"NORMAL","mm":41,"miss_streak":0,"pwm":12,"lost_markers":0,"lost_ms":0,"motor_dir":"FWD"}
2026-08-26T14:09:19-0700	ngr/loco/9950012/cmd/throttle	87
2026-08-26T14:09:19-0700	ngr/loco/9950012/cmd/throttle	88
2026-08-26T14:09:19-0700	ngr/loco/9950012/cmd/throttle	89
2026-08-26T14:09:19-0700	ngr/loco/9950012/alert	{"level":"CLEAR","reason":"STATUS","loco":"9950012","uptime_ms":209138,"nav":"NORMAL","moving":1,"pwm":17,"est_mm_s":0,"dir":"CCW","session_dir":"CCW","mdir":"FWD","rear":41,"front":36,"env":1500,"lc_mm":41,"last_confirmed_landmark":"","age_ms":9232,"since":0,"dead_reckoned_mm":41,"candidate_mm":-1,"viable":[],"lostm":0,"lost_ms":0,"agree":0,"disagree":0,"losts":0,"auto":0}
2026-08-26T14:09:19-0700	ngr/loco/9950012/cmd/throttle	90
2026-08-26T14:09:20-0700	ngr/loco/9950012/state/throttle	90
2026-08-26T14:09:20-0700	ngr/loco/9950012/state/loopstat	{"loop_max_gap_ms":34,"hall_task_max_gap_ms":2,"hall_task_age_ms":1,"baseline":1799,"raw":1799,"delta":0,"queue_drops":0,"floor_rejects":0,"queue_high_water":0,"mqtt_connect_ms":771,"mqtt_attempts":1,"pub_drops":0,"pub_queue_hw":1,"cmd_drops":0,"pub_per_s":2,"marker_pub_drops":0,"marker_pub_hw":0,"nav":"NORMAL","mm":41,"miss_streak":0,"pwm":19,"lost_markers":0,"lost_ms":0,"motor_dir":"FWD"}
2026-08-26T14:09:20-0700	ngr/loco/9950012/cmd/throttle	88
2026-08-26T14:09:20-0700	ngr/loco/9950012/cmd/throttle	86
2026-08-26T14:09:20-0700	ngr/loco/9950012/telem/voltage	15.09
2026-08-26T14:09:20-0700	ngr/loco/9950012/telem/current	0.22
2026-08-26T14:09:20-0700	ngr/loco/9950012/telem/power	3.73
2026-08-26T14:09:20-0700	ngr/loco/9950012/alert	{"level":"CLEAR","reason":"STATUS","loco":"9950012","uptime_ms":210138,"nav":"NORMAL","moving":1,"pwm":24,"est_mm_s":0,"dir":"CCW","session_dir":"CCW","mdir":"FWD","rear":41,"front":36,"env":1500,"lc_mm":41,"last_confirmed_landmark":"","age_ms":10232,"since":0,"dead_reckoned_mm":41,"candidate_mm":-1,"viable":[],"lostm":0,"lost_ms":0,"agree":0,"disagree":0,"losts":0,"auto":0}
2026-08-26T14:09:21-0700	ngr/loco/9950012/state/loopstat	{"loop_max_gap_ms":34,"hall_task_max_gap_ms":2,"hall_task_age_ms":1,"baseline":1799,"raw":1800,"delta":1,"queue_drops":0,"floor_rejects":0,"queue_high_water":0,"mqtt_connect_ms":771,"mqtt_attempts":1,"pub_drops":0,"pub_queue_hw":3,"cmd_drops":0,"pub_per_s":4,"marker_pub_drops":0,"marker_pub_hw":0,"nav":"NORMAL","mm":41,"miss_streak":0,"pwm":26,"lost_markers":0,"lost_ms":0,"motor_dir":"FWD"}
2026-08-26T14:09:21-0700	ngr/loco/9950012/state/throttle	86
2026-08-26T14:09:21-0700	ngr/loco/9950012/cmd/throttle	97
2026-08-26T14:09:21-0700	ngr/loco/9950012/cmd/throttle	98
2026-08-26T14:09:21-0700	ngr/loco/9950012/cmd/throttle	100
2026-08-26T14:09:21-0700	ngr/loco/9950012/cmd/throttle	101
2026-08-26T14:09:21-0700	ngr/loco/9950012/alert	{"level":"CLEAR","reason":"STATUS","loco":"9950012","uptime_ms":211138,"nav":"NORMAL","moving":1,"pwm":30,"est_mm_s":0,"dir":"CCW","session_dir":"CCW","mdir":"FWD","rear":41,"front":36,"env":1500,"lc_mm":41,"last_confirmed_landmark":"","age_ms":11232,"since":0,"dead_reckoned_mm":41,"candidate_mm":-1,"viable":[],"lostm":0,"lost_ms":0,"agree":0,"disagree":0,"losts":0,"auto":0}
2026-08-26T14:09:21-0700	ngr/loco/9950012/cmd/throttle	100
2026-08-26T14:09:21-0700	ngr/loco/9950012/cmd/throttle	97
2026-08-26T14:09:22-0700	ngr/loco/9950012/state/loopstat	{"loop_max_gap_ms":33,"hall_task_max_gap_ms":2,"hall_task_age_ms":1,"baseline":1799,"raw":1801,"delta":2,"queue_drops":0,"floor_rejects":0,"queue_high_water":0,"mqtt_connect_ms":771,"mqtt_attempts":1,"pub_drops":0,"pub_queue_hw":2,"cmd_drops":0,"pub_per_s":2,"marker_pub_drops":0,"marker_pub_hw":0,"nav":"NORMAL","mm":41,"miss_streak":0,"pwm":32,"lost_markers":0,"lost_ms":0,"motor_dir":"FWD"}
2026-08-26T14:09:22-0700	ngr/loco/9950012/state/throttle	97
2026-08-26T14:09:22-0700	ngr/loco/9950012/cmd/throttle	96
2026-08-26T14:09:22-0700	ngr/loco/9950012/cmd/throttle	95
2026-08-26T14:09:22-0700	ngr/loco/9950012/cmd/throttle	94
2026-08-26T14:09:22-0700	ngr/loco/9950012/alert	{"level":"CLEAR","reason":"STATUS","loco":"9950012","uptime_ms":212138,"nav":"NORMAL","moving":1,"pwm":37,"est_mm_s":0,"dir":"CCW","session_dir":"CCW","mdir":"FWD","rear":41,"front":36,"env":1500,"lc_mm":41,"last_confirmed_landmark":"","age_ms":12232,"since":0,"dead_reckoned_mm":41,"candidate_mm":-1,"viable":[],"lostm":0,"lost_ms":0,"agree":0,"disagree":0,"losts":0,"auto":0}
2026-08-26T14:09:23-0700	ngr/loco/9950012/cmd/throttle	93
2026-08-26T14:09:23-0700	ngr/loco/9950012/state/throttle	93
2026-08-26T14:09:23-0700	ngr/loco/9950012/state/loopstat	{"loop_max_gap_ms":34,"hall_task_max_gap_ms":2,"hall_task_age_ms":1,"baseline":1799,"raw":1802,"delta":3,"queue_drops":0,"floor_rejects":0,"queue_high_water":0,"mqtt_connect_ms":771,"mqtt_attempts":1,"pub_drops":0,"pub_queue_hw":2,"cmd_drops":0,"pub_per_s":3,"marker_pub_drops":0,"marker_pub_hw":0,"nav":"NORMAL","mm":41,"miss_streak":0,"pwm":39,"lost_markers":0,"lost_ms":0,"motor_dir":"FWD"}
2026-08-26T14:09:23-0700	ngr/loco/9950012/cmd/throttle	92
2026-08-26T14:09:23-0700	ngr/loco/9950012/cmd/throttle	91
2026-08-26T14:09:23-0700	ngr/loco/9950012/alert	{"level":"CLEAR","reason":"STATUS","loco":"9950012","uptime_ms":213138,"nav":"NORMAL","moving":1,"pwm":44,"est_mm_s":0,"dir":"CCW","session_dir":"CCW","mdir":"FWD","rear":41,"front":36,"env":1500,"lc_mm":41,"last_confirmed_landmark":"","age_ms":13232,"since":0,"dead_reckoned_mm":41,"candidate_mm":-1,"viable":[],"lostm":0,"lost_ms":0,"agree":0,"disagree":0,"losts":0,"auto":0}
2026-08-26T14:09:24-0700	ngr/loco/9950012/state/throttle	91
2026-08-26T14:09:24-0700	ngr/loco/9950012/state/loopstat	{"loop_max_gap_ms":34,"hall_task_max_gap_ms":3,"hall_task_age_ms":1,"baseline":1799,"raw":1803,"delta":4,"queue_drops":0,"floor_rejects":0,"queue_high_water":0,"mqtt_connect_ms":771,"mqtt_attempts":1,"pub_drops":0,"pub_queue_hw":1,"cmd_drops":0,"pub_per_s":2,"marker_pub_drops":0,"marker_pub_hw":0,"nav":"NORMAL","mm":41,"miss_streak":0,"pwm":46,"lost_markers":0,"lost_ms":0,"motor_dir":"FWD"}
2026-08-26T14:09:24-0700	ngr/loco/9950012/cmd/throttle	90
2026-08-26T14:09:24-0700	ngr/loco/9950012/alert	{"level":"CLEAR","reason":"STATUS","loco":"9950012","uptime_ms":214138,"nav":"NORMAL","moving":1,"pwm":50,"est_mm_s":0,"dir":"CCW","session_dir":"CCW","mdir":"FWD","rear":41,"front":36,"env":1500,"lc_mm":41,"last_confirmed_landmark":"","age_ms":14232,"since":0,"dead_reckoned_mm":41,"candidate_mm":-1,"viable":[],"lostm":0,"lost_ms":0,"agree":0,"disagree":0,"losts":0,"auto":0}
2026-08-26T14:09:25-0700	ngr/loco/9950012/state/nav	{"event":"AGREE","state":"NORMAL","nav_state":"NORMAL","mm":40,"landmark":"","dir":"CCW","miss_streak":0,"obs":"S","expected":"S","peak":194,"ms":370,"drift":0,"dt":0,"agree":1,"disagree":0,"lost":0,"scores":[0,0,0,0,0,0],"excluded":[false,false,false,false,false,false],"leader":null,"runner_up":null,"margin":0,"motor_dir":"FWD"}
2026-08-26T14:09:25-0700	ngr/loco/9950012/mm/marker	{"mm":40,"landmark":"","obs":"S","peak":194,"ms":370,"drift":0,"dt":0,"timing_gate":"RAMP","dt_expected":0,"dt_conserve_ratio":-1.00,"pwm":49,"v":15.09}
2026-08-26T14:09:25-0700	ngr/loco/9950012/state/throttle	90
2026-08-26T14:09:25-0700	ngr/loco/9950012/state/start_mm	40
2026-08-26T14:09:25-0700	ngr/loco/9950012/state/loopstat	{"loop_max_gap_ms":34,"hall_task_max_gap_ms":2,"hall_task_age_ms":1,"baseline":1799,"raw":1801,"delta":2,"queue_drops":0,"floor_rejects":0,"queue_high_water":1,"mqtt_connect_ms":771,"mqtt_attempts":1,"pub_drops":0,"pub_queue_hw":2,"cmd_drops":0,"pub_per_s":5,"marker_pub_drops":0,"marker_pub_hw":1,"nav":"NORMAL","mm":40,"miss_streak":0,"pwm":52,"lost_markers":0,"lost_ms":0,"motor_dir":"FWD"}
2026-08-26T14:09:25-0700	ngr/loco/9950012/telem/voltage	15.09
2026-08-26T14:09:25-0700	ngr/loco/9950012/telem/current	0.39
2026-08-26T14:09:25-0700	ngr/loco/9950012/telem/power	5.95
2026-08-26T14:09:25-0700	ngr/loco/9950012/alert	{"level":"CLEAR","reason":"STATUS","loco":"9950012","uptime_ms":215138,"nav":"NORMAL","moving":1,"pwm":57,"est_mm_s":0,"dir":"CCW","session_dir":"CCW","mdir":"FWD","rear":40,"front":35,"env":1500,"lc_mm":40,"last_confirmed_landmark":"","age_ms":1164,"since":0,"dead_reckoned_mm":40,"candidate_mm":-1,"viable":[],"lostm":0,"lost_ms":0,"agree":1,"disagree":0,"losts":0,"auto":0}
2026-08-26T14:09:26-0700	ngr/loco/9950012/state/loopstat	{"loop_max_gap_ms":34,"hall_task_max_gap_ms":3,"hall_task_age_ms":1,"baseline":1799,"raw":1801,"delta":2,"queue_drops":0,"floor_rejects":0,"queue_high_water":0,"mqtt_connect_ms":771,"mqtt_attempts":1,"pub_drops":0,"pub_queue_hw":3,"cmd_drops":0,"pub_per_s":4,"marker_pub_drops":0,"marker_pub_hw":0,"nav":"NORMAL","mm":40,"miss_streak":0,"pwm":59,"lost_markers":0,"lost_ms":0,"motor_dir":"FWD"}
2026-08-26T14:09:26-0700	ngr/loco/9950012/alert	{"level":"CLEAR","reason":"STATUS","loco":"9950012","uptime_ms":216138,"nav":"NORMAL","moving":1,"pwm":64,"est_mm_s":0,"dir":"CCW","session_dir":"CCW","mdir":"FWD","rear":40,"front":35,"env":1500,"lc_mm":40,"last_confirmed_landmark":"","age_ms":2164,"since":0,"dead_reckoned_mm":40,"candidate_mm":-1,"viable":[],"lostm":0,"lost_ms":0,"agree":1,"disagree":0,"losts":0,"auto":0}
2026-08-26T14:09:27-0700	ngr/loco/9950012/state/loopstat	{"loop_max_gap_ms":33,"hall_task_max_gap_ms":2,"hall_task_age_ms":1,"baseline":1799,"raw":1661,"delta":-138,"queue_drops":0,"floor_rejects":0,"queue_high_water":0,"mqtt_connect_ms":771,"mqtt_attempts":1,"pub_drops":0,"pub_queue_hw":1,"cmd_drops":0,"pub_per_s":1,"marker_pub_drops":0,"marker_pub_hw":0,"nav":"NORMAL","mm":40,"miss_streak":0,"pwm":66,"lost_markers":0,"lost_ms":0,"motor_dir":"FWD"}
2026-08-26T14:09:27-0700	ngr/loco/9950012/state/nav	{"event":"AGREE","state":"NORMAL","nav_state":"NORMAL","mm":39,"landmark":"","dir":"CCW","miss_streak":0,"obs":"S","expected":"S","peak":192,"ms":248,"drift":0,"dt":2342,"agree":2,"disagree":0,"lost":0,"scores":[0,0,0,0,0,0],"excluded":[false,false,false,false,false,false],"leader":null,"runner_up":null,"margin":0,"motor_dir":"FWD"}
2026-08-26T14:09:27-0700	ngr/loco/9950012/mm/marker	{"mm":39,"landmark":"","obs":"S","peak":192,"ms":248,"drift":0,"dt":2342,"timing_gate":"RAMP","dt_expected":0,"dt_conserve_ratio":-1.00,"pwm":65,"v":15.09}
2026-08-26T14:09:27-0700	ngr/loco/9950012/alert	{"level":"CLEAR","reason":"STATUS","loco":"9950012","uptime_ms":217138,"nav":"NORMAL","moving":1,"pwm":70,"est_mm_s":128,"dir":"CCW","session_dir":"CCW","mdir":"FWD","rear":39,"front":34,"env":1500,"lc_mm":39,"last_confirmed_landmark":"","age_ms":822,"since":0,"dead_reckoned_mm":39,"candidate_mm":-1,"viable":[],"lostm":0,"lost_ms":0,"agree":2,"disagree":0,"losts":0,"auto":0}
2026-08-26T14:09:28-0700	ngr/loco/9950012/state/start_mm	39
2026-08-26T14:09:28-0700	ngr/loco/9950012/state/loopstat	{"loop_max_gap_ms":34,"hall_task_max_gap_ms":2,"hall_task_age_ms":1,"baseline":1799,"raw":1801,"delta":2,"queue_drops":0,"floor_rejects":0,"queue_high_water":1,"mqtt_connect_ms":771,"mqtt_attempts":1,"pub_drops":0,"pub_queue_hw":1,"cmd_drops":0,"pub_per_s":4,"marker_pub_drops":0,"marker_pub_hw":1,"nav":"NORMAL","mm":39,"miss_streak":0,"pwm":72,"lost_markers":0,"lost_ms":0,"motor_dir":"FWD"}
2026-08-26T14:09:28-0700	ngr/loco/9950012/alert	{"level":"CLEAR","reason":"STATUS","loco":"9950012","uptime_ms":218138,"nav":"NORMAL","moving":1,"pwm":77,"est_mm_s":128,"dir":"CCW","session_dir":"CCW","mdir":"FWD","rear":39,"front":34,"env":1500,"lc_mm":39,"last_confirmed_landmark":"","age_ms":1822,"since":0,"dead_reckoned_mm":39,"candidate_mm":-1,"viable":[],"lostm":0,"lost_ms":0,"agree":2,"disagree":0,"losts":0,"auto":0}
2026-08-26T14:09:28-0700	ngr/loco/9950012/state/nav	{"event":"AGREE","state":"NORMAL","nav_state":"NORMAL","mm":38,"landmark":"","dir":"CCW","miss_streak":0,"obs":"S","expected":"S","peak":193,"ms":203,"drift":0,"dt":1657,"agree":3,"disagree":0,"lost":0,"scores":[0,0,0,0,0,0],"excluded":[false,false,false,false,false,false],"leader":null,"runner_up":null,"margin":0,"motor_dir":"FWD"}
2026-08-26T14:09:28-0700	ngr/loco/9950012/mm/marker	{"mm":38,"landmark":"","obs":"S","peak":193,"ms":203,"drift":0,"dt":1657,"timing_gate":"RAMP","dt_expected":0,"dt_conserve_ratio":-1.00,"pwm":76,"v":15.09}
2026-08-26T14:09:29-0700	ngr/loco/9950012/state/start_mm	38
2026-08-26T14:09:29-0700	ngr/loco/9950012/state/loopstat	{"loop_max_gap_ms":33,"hall_task_max_gap_ms":2,"hall_task_age_ms":1,"baseline":1799,"raw":1800,"delta":1,"queue_drops":0,"floor_rejects":0,"queue_high_water":1,"mqtt_connect_ms":771,"mqtt_attempts":1,"pub_drops":0,"pub_queue_hw":1,"cmd_drops":0,"pub_per_s":4,"marker_pub_drops":0,"marker_pub_hw":1,"nav":"NORMAL","mm":38,"miss_streak":0,"pwm":79,"lost_markers":0,"lost_ms":0,"motor_dir":"FWD"}
2026-08-26T14:09:29-0700	ngr/loco/9950012/alert	{"level":"CLEAR","reason":"STATUS","loco":"9950012","uptime_ms":219138,"nav":"NORMAL","moving":1,"pwm":84,"est_mm_s":181,"dir":"CCW","session_dir":"CCW","mdir":"FWD","rear":38,"front":33,"env":1510,"lc_mm":38,"last_confirmed_landmark":"","age_ms":1165,"since":0,"dead_reckoned_mm":38,"candidate_mm":-1,"viable":[],"lostm":0,"lost_ms":0,"agree":3,"disagree":0,"losts":0,"auto":0}
2026-08-26T14:09:30-0700	ngr/loco/9950012/state/loopstat	{"loop_max_gap_ms":33,"hall_task_max_gap_ms":3,"hall_task_age_ms":1,"baseline":1799,"raw":1765,"delta":-34,"queue_drops":0,"floor_rejects":0,"queue_high_water":0,"mqtt_connect_ms":771,"mqtt_attempts":1,"pub_drops":0,"pub_queue_hw":1,"cmd_drops":0,"pub_per_s":1,"marker_pub_drops":0,"marker_pub_hw":0,"nav":"NORMAL","mm":38,"miss_streak":0,"pwm":86,"lost_markers":0,"lost_ms":0,"motor_dir":"FWD"}
2026-08-26T14:09:30-0700	ngr/loco/9950012/state/nav	{"event":"AGREE","state":"NORMAL","nav_state":"NORMAL","mm":37,"landmark":"","dir":"CCW","miss_streak":0,"obs":"S","expected":"S","peak":198,"ms":182,"drift":0,"dt":1345,"agree":4,"disagree":0,"lost":0,"scores":[0,0,0,0,0,0],"excluded":[false,false,false,false,false,false],"leader":null,"runner_up":null,"margin":0,"motor_dir":"FWD"}
2026-08-26T14:09:30-0700	ngr/loco/9950012/mm/marker	{"mm":37,"landmark":"","obs":"S","peak":198,"ms":182,"drift":0,"dt":1345,"timing_gate":"NO_PREV","dt_expected":0,"dt_conserve_ratio":-1.00,"pwm":85,"v":15.09}
2026-08-26T14:09:30-0700	ngr/loco/9950012/telem/voltage	15.06
2026-08-26T14:09:30-0700	ngr/loco/9950012/telem/current	0.34
2026-08-26T14:09:30-0700	ngr/loco/9950012/telem/power	5.09
2026-08-26T14:09:30-0700	ngr/loco/9950012/alert	{"level":"CLEAR","reason":"STATUS","loco":"9950012","uptime_ms":220138,"nav":"NORMAL","moving":1,"pwm":90,"est_mm_s":223,"dir":"CCW","session_dir":"CCW","mdir":"FWD","rear":37,"front":32,"env":1525,"lc_mm":37,"last_confirmed_landmark":"","age_ms":820,"since":0,"dead_reckoned_mm":37,"candidate_mm":-1,"viable":[],"lostm":0,"lost_ms":0,"agree":4,"disagree":0,"losts":0,"auto":0}
2026-08-26T14:09:31-0700	ngr/loco/9950012/state/start_mm	37
2026-08-26T14:09:31-0700	ngr/loco/9950012/state/loopstat	{"loop_max_gap_ms":33,"hall_task_max_gap_ms":2,"hall_task_age_ms":1,"baseline":1799,"raw":1799,"delta":0,"queue_drops":0,"floor_rejects":0,"queue_high_water":1,"mqtt_connect_ms":771,"mqtt_attempts":1,"pub_drops":0,"pub_queue_hw":3,"cmd_drops":0,"pub_per_s":7,"marker_pub_drops":0,"marker_pub_hw":1,"nav":"NORMAL","mm":37,"miss_streak":0,"pwm":90,"lost_markers":0,"lost_ms":0,"motor_dir":"FWD"}
2026-08-26T14:09:31-0700	ngr/loco/9950012/state/nav	{"event":"AGREE","state":"NORMAL","nav_state":"NORMAL","mm":36,"landmark":"","dir":"CCW","miss_streak":0,"obs":"S","expected":"S","peak":185,"ms":151,"drift":0,"dt":1166,"agree":5,"disagree":0,"lost":0,"scores":[0,0,0,0,0,0],"excluded":[false,false,false,false,false,false],"leader":null,"runner_up":null,"margin":0,"motor_dir":"FWD"}
2026-08-26T14:09:31-0700	ngr/loco/9950012/mm/marker	{"mm":36,"landmark":"","obs":"S","peak":185,"ms":151,"drift":0,"dt":1166,"timing_gate":"ACTIVE","dt_expected":1191,"dt_conserve_ratio":2.11,"pwm":90,"v":15.06}
2026-08-26T14:09:31-0700	ngr/loco/9950012/alert	{"level":"CLEAR","reason":"STATUS","loco":"9950012","uptime_ms":221138,"nav":"NORMAL","moving":1,"pwm":90,"est_mm_s":257,"dir":"CCW","session_dir":"CCW","mdir":"FWD","rear":36,"front":31,"env":1545,"lc_mm":36,"last_confirmed_landmark":"","age_ms":654,"since":0,"dead_reckoned_mm":36,"candidate_mm":-1,"viable":[],"lostm":0,"lost_ms":0,"agree":5,"disagree":0,"losts":0,"auto":0}
2026-08-26T14:09:32-0700	ngr/loco/9950012/state/start_mm	36
2026-08-26T14:09:32-0700	ngr/loco/9950012/state/loopstat	{"loop_max_gap_ms":33,"hall_task_max_gap_ms":3,"hall_task_age_ms":1,"baseline":1799,"raw":1792,"delta":-7,"queue_drops":0,"floor_rejects":0,"queue_high_water":0,"mqtt_connect_ms":771,"mqtt_attempts":1,"pub_drops":0,"pub_queue_hw":1,"cmd_drops":0,"pub_per_s":4,"marker_pub_drops":0,"marker_pub_hw":1,"nav":"NORMAL","mm":36,"miss_streak":0,"pwm":90,"lost_markers":0,"lost_ms":0,"motor_dir":"FWD"}
2026-08-26T14:09:32-0700	ngr/loco/9950012/state/nav	{"event":"AGREE","state":"NORMAL","nav_state":"NORMAL","mm":35,"landmark":"","dir":"CCW","miss_streak":0,"obs":"N","expected":"N","peak":183,"ms":155,"drift":0,"dt":1085,"agree":6,"disagree":0,"lost":0,"scores":[0,0,0,0,0,0],"excluded":[false,false,false,false,false,false],"leader":null,"runner_up":null,"margin":0,"motor_dir":"FWD"}
2026-08-26T14:09:32-0700	ngr/loco/9950012/mm/marker	{"mm":35,"landmark":"","obs":"N","peak":183,"ms":155,"drift":0,"dt":1085,"timing_gate":"ACTIVE","dt_expected":1191,"dt_conserve_ratio":1.89,"pwm":90,"v":15.06}
2026-08-26T14:09:32-0700	ngr/loco/9950012/alert	{"level":"CLEAR","reason":"STATUS","loco":"9950012","uptime_ms":222138,"nav":"NORMAL","moving":1,"pwm":90,"est_mm_s":276,"dir":"CCW","session_dir":"CCW","mdir":"FWD","rear":35,"front":30,"env":1575,"lc_mm":35,"last_confirmed_landmark":"","age_ms":569,"since":0,"dead_reckoned_mm":35,"candidate_mm":-1,"viable":[],"lostm":0,"lost_ms":0,"agree":6,"disagree":0,"losts":0,"auto":0}
2026-08-26T14:09:33-0700	ngr/loco/9950012/state/start_mm	35
2026-08-26T14:09:33-0700	ngr/loco/9950012/state/loopstat	{"loop_max_gap_ms":34,"hall_task_max_gap_ms":3,"hall_task_age_ms":1,"baseline":1799,"raw":1796,"delta":-3,"queue_drops":0,"floor_rejects":0,"queue_high_water":1,"mqtt_connect_ms":771,"mqtt_attempts":1,"pub_drops":0,"pub_queue_hw":1,"cmd_drops":0,"pub_per_s":4,"marker_pub_drops":0,"marker_pub_hw":1,"nav":"NORMAL","mm":35,"miss_streak":0,"pwm":90,"lost_markers":0,"lost_ms":0,"motor_dir":"FWD"}
2026-08-26T14:09:33-0700	ngr/loco/9950012/state/nav	{"event":"AGREE","state":"NORMAL","nav_state":"NORMAL","mm":34,"landmark":"","dir":"CCW","miss_streak":0,"obs":"N","expected":"N","peak":208,"ms":161,"drift":0,"dt":1074,"agree":7,"disagree":0,"lost":0,"scores":[0,0,0,0,0,0],"excluded":[false,false,false,false,false,false],"leader":null,"runner_up":null,"margin":0,"motor_dir":"FWD"}
2026-08-26T14:09:33-0700	ngr/loco/9950012/mm/marker	{"mm":34,"landmark":"","obs":"N","peak":208,"ms":161,"drift":0,"dt":1074,"timing_gate":"ACTIVE","dt_expected":1191,"dt_conserve_ratio":1.81,"pwm":90,"v":15.06}
2026-08-26T14:09:33-0700	ngr/loco/9950012/alert	{"level":"CLEAR","reason":"STATUS","loco":"9950012","uptime_ms":223138,"nav":"NORMAL","moving":1,"pwm":90,"est_mm_s":279,"dir":"CCW","session_dir":"CCW","mdir":"FWD","rear":34,"front":29,"env":1590,"lc_mm":34,"last_confirmed_landmark":"","age_ms":495,"since":0,"dead_reckoned_mm":34,"candidate_mm":-1,"viable":[],"lostm":0,"lost_ms":0,"agree":7,"disagree":0,"losts":0,"auto":0}
2026-08-26T14:09:34-0700	ngr/loco/9950012/state/start_mm	34
2026-08-26T14:09:34-0700	ngr/loco/9950012/state/loopstat	{"loop_max_gap_ms":34,"hall_task_max_gap_ms":2,"hall_task_age_ms":1,"baseline":1799,"raw":1801,"delta":2,"queue_drops":0,"floor_rejects":0,"queue_high_water":1,"mqtt_connect_ms":771,"mqtt_attempts":1,"pub_drops":0,"pub_queue_hw":1,"cmd_drops":0,"pub_per_s":4,"marker_pub_drops":0,"marker_pub_hw":1,"nav":"NORMAL","mm":34,"miss_streak":0,"pwm":90,"lost_markers":0,"lost_ms":0,"motor_dir":"FWD"}
2026-08-26T14:09:34-0700	ngr/loco/9950012/state/nav	{"event":"AGREE","state":"NORMAL","nav_state":"NORMAL","mm":33,"landmark":"","dir":"CCW","miss_streak":0,"obs":"S","expected":"S","peak":191,"ms":176,"drift":0,"dt":1316,"agree":8,"disagree":0,"lost":0,"scores":[0,0,0,0,0,0],"excluded":[false,false,false,false,false,false],"leader":null,"runner_up":null,"margin":0,"motor_dir":"FWD"}
2026-08-26T14:09:34-0700	ngr/loco/9950012/mm/marker	{"mm":33,"landmark":"","obs":"S","peak":191,"ms":176,"drift":0,"dt":1316,"timing_gate":"ACTIVE","dt_expected":1191,"dt_conserve_ratio":2.01,"pwm":90,"v":15.06}
2026-08-26T14:09:34-0700	ngr/loco/9950012/alert	{"level":"CLEAR","reason":"STATUS","loco":"9950012","uptime_ms":224158,"nav":"NORMAL","moving":1,"pwm":90,"est_mm_s":235,"dir":"CCW","session_dir":"CCW","mdir":"FWD","rear":33,"front":28,"env":1580,"lc_mm":33,"last_confirmed_landmark":"","age_ms":199,"since":0,"dead_reckoned_mm":33,"candidate_mm":-1,"viable":[],"lostm":0,"lost_ms":0,"agree":8,"disagree":0,"losts":0,"auto":0}
2026-08-26T14:09:35-0700	ngr/loco/9950012/state/start_mm	33
2026-08-26T14:09:35-0700	ngr/loco/9950012/state/loopstat	{"loop_max_gap_ms":56,"hall_task_max_gap_ms":2,"hall_task_age_ms":1,"baseline":1799,"raw":1800,"delta":1,"queue_drops":0,"floor_rejects":0,"queue_high_water":1,"mqtt_connect_ms":771,"mqtt_attempts":1,"pub_drops":0,"pub_queue_hw":1,"cmd_drops":0,"pub_per_s":4,"marker_pub_drops":0,"marker_pub_hw":1,"nav":"NORMAL","mm":33,"miss_streak":0,"pwm":90,"lost_markers":0,"lost_ms":0,"motor_dir":"FWD"}
2026-08-26T14:09:35-0700	ngr/loco/9950012/telem/voltage	15.04
2026-08-26T14:09:35-0700	ngr/loco/9950012/telem/current	0.44
2026-08-26T14:09:35-0700	ngr/loco/9950012/telem/power	6.60
2026-08-26T14:09:35-0700	ngr/loco/9950012/alert	{"level":"CLEAR","reason":"STATUS","loco":"9950012","uptime_ms":225158,"nav":"NORMAL","moving":1,"pwm":90,"est_mm_s":235,"dir":"CCW","session_dir":"CCW","mdir":"FWD","rear":33,"front":28,"env":1580,"lc_mm":33,"last_confirmed_landmark":"","age_ms":1199,"since":0,"dead_reckoned_mm":33,"candidate_mm":-1,"viable":[],"lostm":0,"lost_ms":0,"agree":8,"disagree":0,"losts":0,"auto":0}
2026-08-26T14:09:36-0700	ngr/loco/9950012/state/loopstat	{"loop_max_gap_ms":34,"hall_task_max_gap_ms":3,"hall_task_age_ms":1,"baseline":1799,"raw":1947,"delta":148,"queue_drops":0,"floor_rejects":0,"queue_high_water":0,"mqtt_connect_ms":771,"mqtt_attempts":1,"pub_drops":0,"pub_queue_hw":3,"cmd_drops":0,"pub_per_s":4,"marker_pub_drops":0,"marker_pub_hw":0,"nav":"NORMAL","mm":33,"miss_streak":0,"pwm":90,"lost_markers":0,"lost_ms":0,"motor_dir":"FWD"}
2026-08-26T14:09:36-0700	ngr/loco/9950012/state/nav	{"event":"AGREE","state":"NORMAL","nav_state":"NORMAL","mm":32,"landmark":"","dir":"CCW","miss_streak":0,"obs":"N","expected":"N","peak":184,"ms":189,"drift":0,"dt":1396,"agree":9,"disagree":0,"lost":0,"scores":[0,0,0,0,0,0],"excluded":[false,false,false,false,false,false],"leader":null,"runner_up":null,"margin":0,"motor_dir":"FWD"}
2026-08-26T14:09:36-0700	ngr/loco/9950012/mm/marker	{"mm":32,"landmark":"","obs":"N","peak":184,"ms":189,"drift":0,"dt":1396,"timing_gate":"ACTIVE","dt_expected":1231,"dt_conserve_ratio":2.20,"pwm":90,"v":15.04}
2026-08-26T14:09:36-0700	ngr/loco/9950012/alert	{"level":"CLEAR","reason":"STATUS","loco":"9950012","uptime_ms":226158,"nav":"NORMAL","moving":1,"pwm":90,"est_mm_s":225,"dir":"CCW","session_dir":"CCW","mdir":"FWD","rear":32,"front":27,"env":1565,"lc_mm":32,"last_confirmed_landmark":"","age_ms":803,"since":0,"dead_reckoned_mm":32,"candidate_mm":-1,"viable":[],"lostm":0,"lost_ms":0,"agree":9,"disagree":0,"losts":0,"auto":0}
2026-08-26T14:09:37-0700	ngr/loco/9950012/state/start_mm	32
2026-08-26T14:09:37-0700	ngr/loco/9950012/state/loopstat	{"loop_max_gap_ms":34,"hall_task_max_gap_ms":2,"hall_task_age_ms":1,"baseline":1799,"raw":1801,"delta":2,"queue_drops":0,"floor_rejects":0,"queue_high_water":1,"mqtt_connect_ms":771,"mqtt_attempts":1,"pub_drops":0,"pub_queue_hw":1,"cmd_drops":0,"pub_per_s":4,"marker_pub_drops":0,"marker_pub_hw":1,"nav":"NORMAL","mm":32,"miss_streak":0,"pwm":90,"lost_markers":0,"lost_ms":0,"motor_dir":"FWD"}
2026-08-26T14:09:37-0700	ngr/loco/9950012/state/nav	{"event":"AGREE","state":"NORMAL","nav_state":"NORMAL","mm":31,"landmark":"","dir":"CCW","miss_streak":0,"obs":"N","expected":"N","peak":182,"ms":188,"drift":0,"dt":1500,"agree":10,"disagree":0,"lost":0,"scores":[0,0,0,0,0,0],"excluded":[false,false,false,false,false,false],"leader":null,"runner_up":null,"margin":0,"motor_dir":"FWD"}
2026-08-26T14:09:37-0700	ngr/loco/9950012/mm/marker	{"mm":31,"landmark":"","obs":"N","peak":182,"ms":188,"drift":0,"dt":1500,"timing_gate":"ACTIVE","dt_expected":1250,"dt_conserve_ratio":2.31,"pwm":90,"v":15.04}
2026-08-26T14:09:37-0700	ngr/loco/9950012/alert	{"level":"CLEAR","reason":"STATUS","loco":"9950012","uptime_ms":227158,"nav":"NORMAL","moving":1,"pwm":90,"est_mm_s":213,"dir":"CCW","session_dir":"CCW","mdir":"FWD","rear":31,"front":26,"env":1545,"lc_mm":31,"last_confirmed_landmark":"","age_ms":303,"since":0,"dead_reckoned_mm":31,"candidate_mm":-1,"viable":[],"lostm":0,"lost_ms":0,"agree":10,"disagree":0,"losts":0,"auto":0}
2026-08-26T14:09:38-0700	ngr/loco/9950012/state/loopstat	{"loop_max_gap_ms":34,"hall_task_max_gap_ms":3,"hall_task_age_ms":1,"baseline":1799,"raw":1799,"delta":0,"queue_drops":0,"floor_rejects":0,"queue_high_water":0,"mqtt_connect_ms":771,"mqtt_attempts":1,"pub_drops":0,"pub_queue_hw":1,"cmd_drops":0,"pub_per_s":3,"marker_pub_drops":0,"marker_pub_hw":1,"nav":"NORMAL","mm":31,"miss_streak":0,"pwm":90,"lost_markers":0,"lost_ms":0,"motor_dir":"FWD"}
2026-08-26T14:09:38-0700	ngr/loco/9950012/state/start_mm	31
2026-08-26T14:09:38-0700	ngr/loco/9950012/alert	{"level":"CLEAR","reason":"STATUS","loco":"9950012","uptime_ms":228158,"nav":"NORMAL","moving":1,"pwm":90,"est_mm_s":213,"dir":"CCW","session_dir":"CCW","mdir":"FWD","rear":31,"front":26,"env":1545,"lc_mm":31,"last_confirmed_landmark":"","age_ms":1303,"since":0,"dead_reckoned_mm":31,"candidate_mm":-1,"viable":[],"lostm":0,"lost_ms":0,"agree":10,"disagree":0,"losts":0,"auto":0}
2026-08-26T14:09:39-0700	ngr/loco/9950012/state/loopstat	{"loop_max_gap_ms":34,"hall_task_max_gap_ms":2,"hall_task_age_ms":1,"baseline":1799,"raw":1992,"delta":193,"queue_drops":0,"floor_rejects":0,"queue_high_water":0,"mqtt_connect_ms":771,"mqtt_attempts":1,"pub_drops":0,"pub_queue_hw":2,"cmd_drops":0,"pub_per_s":2,"marker_pub_drops":0,"marker_pub_hw":0,"nav":"NORMAL","mm":31,"miss_streak":0,"pwm":90,"lost_markers":0,"lost_ms":0,"motor_dir":"FWD"}
2026-08-26T14:09:39-0700	ngr/loco/9950012/state/nav	{"event":"AGREE","state":"NORMAL","nav_state":"NORMAL","mm":30,"landmark":"","dir":"CCW","miss_streak":0,"obs":"N","expected":"N","peak":200,"ms":217,"drift":0,"dt":1529,"agree":11,"disagree":0,"lost":0,"scores":[0,0,0,0,0,0],"excluded":[false,false,false,false,false,false],"leader":null,"runner_up":null,"margin":0,"motor_dir":"FWD"}
2026-08-26T14:09:39-0700	ngr/loco/9950012/mm/marker	{"mm":30,"landmark":"","obs":"N","peak":200,"ms":217,"drift":0,"dt":1529,"timing_gate":"ACTIVE","dt_expected":1270,"dt_conserve_ratio":2.38,"pwm":90,"v":15.04}
2026-08-26T14:09:39-0700	ngr/loco/9950012/alert	{"level":"CLEAR","reason":"STATUS","loco":"9950012","uptime_ms":229158,"nav":"NORMAL","moving":1,"pwm":90,"est_mm_s":215,"dir":"CCW","session_dir":"CCW","mdir":"FWD","rear":30,"front":25,"env":1515,"lc_mm":30,"last_confirmed_landmark":"","age_ms":774,"since":0,"dead_reckoned_mm":30,"candidate_mm":-1,"viable":[],"lostm":0,"lost_ms":0,"agree":11,"disagree":0,"losts":0,"auto":0}
2026-08-26T14:09:40-0700	ngr/loco/9950012/state/start_mm	30
2026-08-26T14:09:40-0700	ngr/loco/9950012/state/loopstat	{"loop_max_gap_ms":33,"hall_task_max_gap_ms":2,"hall_task_age_ms":1,"baseline":1799,"raw":1800,"delta":1,"queue_drops":0,"floor_rejects":0,"queue_high_water":1,"mqtt_connect_ms":771,"mqtt_attempts":1,"pub_drops":0,"pub_queue_hw":1,"cmd_drops":0,"pub_per_s":4,"marker_pub_drops":0,"marker_pub_hw":1,"nav":"NORMAL","mm":30,"miss_streak":0,"pwm":90,"lost_markers":0,"lost_ms":0,"motor_dir":"FWD"}
2026-08-26T14:09:40-0700	ngr/loco/9950012/telem/voltage	15.06
2026-08-26T14:09:40-0700	ngr/loco/9950012/telem/current	0.46
2026-08-26T14:09:40-0700	ngr/loco/9950012/telem/power	6.02
2026-08-26T14:09:40-0700	ngr/loco/9950012/state/nav	{"event":"AGREE","state":"NORMAL","nav_state":"NORMAL","mm":29,"landmark":"","dir":"CCW","miss_streak":0,"obs":"N","expected":"N","peak":183,"ms":186,"drift":0,"dt":1578,"agree":12,"disagree":0,"lost":0,"scores":[0,0,0,0,0,0],"excluded":[false,false,false,false,false,false],"leader":null,"runner_up":null,"margin":0,"motor_dir":"FWD"}
2026-08-26T14:09:40-0700	ngr/loco/9950012/mm/marker	{"mm":29,"landmark":"","obs":"N","peak":183,"ms":186,"drift":0,"dt":1578,"timing_gate":"ACTIVE","dt_expected":1310,"dt_conserve_ratio":2.37,"pwm":90,"v":15.06}
2026-08-26T14:09:40-0700	ngr/loco/9950012/alert	{"level":"CLEAR","reason":"STATUS","loco":"9950012","uptime_ms":230171,"nav":"NORMAL","moving":1,"pwm":90,"est_mm_s":199,"dir":"CCW","session_dir":"CCW","mdir":"FWD","rear":29,"front":24,"env":1495,"lc_mm":29,"last_confirmed_landmark":"","age_ms":209,"since":0,"dead_reckoned_mm":29,"candidate_mm":-1,"viable":[],"lostm":0,"lost_ms":0,"agree":12,"disagree":0,"losts":0,"auto":0}
2026-08-26T14:09:41-0700	ngr/loco/9950012/state/start_mm	29
2026-08-26T14:09:41-0700	ngr/loco/9950012/state/loopstat	{"loop_max_gap_ms":56,"hall_task_max_gap_ms":3,"hall_task_age_ms":1,"baseline":1799,"raw":1798,"delta":-1,"queue_drops":0,"floor_rejects":0,"queue_high_water":1,"mqtt_connect_ms":771,"mqtt_attempts":1,"pub_drops":0,"pub_queue_hw":3,"cmd_drops":0,"pub_per_s":7,"marker_pub_drops":0,"marker_pub_hw":1,"nav":"NORMAL","mm":29,"miss_streak":0,"pwm":90,"lost_markers":0,"lost_ms":0,"motor_dir":"FWD"}
2026-08-26T14:09:41-0700	ngr/loco/9950012/alert	{"level":"CLEAR","reason":"STATUS","loco":"9950012","uptime_ms":231171,"nav":"NORMAL","moving":1,"pwm":90,"est_mm_s":199,"dir":"CCW","session_dir":"CCW","mdir":"FWD","rear":29,"front":24,"env":1495,"lc_mm":29,"last_confirmed_landmark":"","age_ms":1209,"since":0,"dead_reckoned_mm":29,"candidate_mm":-1,"viable":[],"lostm":0,"lost_ms":0,"agree":12,"disagree":0,"losts":0,"auto":0}
2026-08-26T14:09:42-0700	ngr/loco/9950012/state/loopstat	{"loop_max_gap_ms":33,"hall_task_max_gap_ms":2,"hall_task_age_ms":1,"baseline":1799,"raw":1940,"delta":141,"queue_drops":0,"floor_rejects":0,"queue_high_water":0,"mqtt_connect_ms":771,"mqtt_attempts":1,"pub_drops":0,"pub_queue_hw":1,"cmd_drops":0,"pub_per_s":1,"marker_pub_drops":0,"marker_pub_hw":0,"nav":"NORMAL","mm":29,"miss_streak":0,"pwm":90,"lost_markers":0,"lost_ms":0,"motor_dir":"FWD"}
2026-08-26T14:09:42-0700	ngr/loco/9950012/state/nav	{"event":"AGREE","state":"NORMAL","nav_state":"NORMAL","mm":28,"landmark":"","dir":"CCW","miss_streak":0,"obs":"N","expected":"N","peak":175,"ms":186,"drift":0,"dt":1394,"agree":13,"disagree":0,"lost":0,"scores":[0,0,0,0,0,0],"excluded":[false,false,false,false,false,false],"leader":null,"runner_up":null,"margin":0,"motor_dir":"FWD"}
2026-08-26T14:09:42-0700	ngr/loco/9950012/mm/marker	{"mm":28,"landmark":"","obs":"N","peak":175,"ms":186,"drift":0,"dt":1394,"timing_gate":"ACTIVE","dt_expected":1250,"dt_conserve_ratio":2.38,"pwm":90,"v":15.06}
2026-08-26T14:09:42-0700	ngr/loco/9950012/alert	{"level":"CLEAR","reason":"STATUS","loco":"9950012","uptime_ms":232171,"nav":"NORMAL","moving":1,"pwm":90,"est_mm_s":215,"dir":"CCW","session_dir":"CCW","mdir":"FWD","rear":28,"front":23,"env":1495,"lc_mm":28,"last_confirmed_landmark":"","age_ms":815,"since":0,"dead_reckoned_mm":28,"candidate_mm":-1,"viable":[],"lostm":0,"lost_ms":0,"agree":13,"disagree":0,"losts":0,"auto":0}
2026-08-26T14:09:43-0700	ngr/loco/9950012/state/loopstat	{"loop_max_gap_ms":34,"hall_task_max_gap_ms":2,"hall_task_age_ms":1,"baseline":1799,"raw":1800,"delta":1,"queue_drops":0,"floor_rejects":0,"queue_high_water":1,"mqtt_connect_ms":771,"mqtt_attempts":1,"pub_drops":0,"pub_queue_hw":1,"cmd_drops":0,"pub_per_s":3,"marker_pub_drops":0,"marker_pub_hw":1,"nav":"NORMAL","mm":28,"miss_streak":0,"pwm":90,"lost_markers":0,"lost_ms":0,"motor_dir":"FWD"}
2026-08-26T14:09:43-0700	ngr/loco/9950012/state/start_mm	28
2026-08-26T14:09:43-0700	ngr/loco/9950012/state/nav	{"event":"AGREE","state":"NORMAL","nav_state":"NORMAL","mm":27,"landmark":"","dir":"CCW","miss_streak":0,"obs":"S","expected":"S","peak":184,"ms":179,"drift":0,"dt":1416,"agree":14,"disagree":0,"lost":0,"scores":[0,0,0,0,0,0],"excluded":[false,false,false,false,false,false],"leader":null,"runner_up":null,"margin":0,"motor_dir":"FWD"}
2026-08-26T14:09:43-0700	ngr/loco/9950012/mm/marker	{"mm":27,"landmark":"","obs":"S","peak":184,"ms":179,"drift":0,"dt":1416,"timing_gate":"ACTIVE","dt_expected":1191,"dt_conserve_ratio":2.36,"pwm":90,"v":15.06}
2026-08-26T14:09:43-0700	ngr/loco/9950012/alert	{"level":"CLEAR","reason":"STATUS","loco":"9950012","uptime_ms":233171,"nav":"NORMAL","moving":1,"pwm":90,"est_mm_s":211,"dir":"CCW","session_dir":"CCW","mdir":"FWD","rear":27,"front":22,"env":1500,"lc_mm":27,"last_confirmed_landmark":"","age_ms":399,"since":0,"dead_reckoned_mm":27,"candidate_mm":-1,"viable":[],"lostm":0,"lost_ms":0,"agree":14,"disagree":0,"losts":0,"auto":0}
2026-08-26T14:09:44-0700	ngr/loco/9950012/state/start_mm	27
2026-08-26T14:09:44-0700	ngr/loco/9950012/state/loopstat	{"loop_max_gap_ms":34,"hall_task_max_gap_ms":2,"hall_task_age_ms":1,"baseline":1799,"raw":1801,"delta":2,"queue_drops":0,"floor_rejects":0,"queue_high_water":1,"mqtt_connect_ms":771,"mqtt_attempts":1,"pub_drops":0,"pub_queue_hw":2,"cmd_drops":0,"pub_per_s":5,"marker_pub_drops":0,"marker_pub_hw":1,"nav":"NORMAL","mm":27,"miss_streak":0,"pwm":90,"lost_markers":0,"lost_ms":0,"motor_dir":"FWD"}
2026-08-26T14:09:44-0700	ngr/loco/9950012/alert	{"level":"CLEAR","reason":"STATUS","loco":"9950012","uptime_ms":234171,"nav":"NORMAL","moving":1,"pwm":90,"est_mm_s":211,"dir":"CCW","session_dir":"CCW","mdir":"FWD","rear":27,"front":22,"env":1500,"lc_mm":27,"last_confirmed_landmark":"","age_ms":1399,"since":0,"dead_reckoned_mm":27,"candidate_mm":-1,"viable":[],"lostm":0,"lost_ms":0,"agree":14,"disagree":0,"losts":0,"auto":0}
2026-08-26T14:09:45-0700	ngr/loco/9950012/state/nav	{"event":"AGREE","state":"NORMAL","nav_state":"NORMAL","mm":26,"landmark":"","dir":"CCW","miss_streak":0,"obs":"S","expected":"S","peak":184,"ms":177,"drift":0,"dt":1354,"agree":15,"disagree":0,"lost":0,"scores":[0,0,0,0,0,0],"excluded":[false,false,false,false,false,false],"leader":null,"runner_up":null,"margin":0,"motor_dir":"FWD"}
2026-08-26T14:09:45-0700	ngr/loco/9950012/mm/marker	{"mm":26,"landmark":"","obs":"S","peak":184,"ms":177,"drift":0,"dt":1354,"timing_gate":"ACTIVE","dt_expected":1191,"dt_conserve_ratio":2.32,"pwm":90,"v":15.06}
2026-08-26T14:09:45-0700	ngr/loco/9950012/state/loopstat	{"loop_max_gap_ms":33,"hall_task_max_gap_ms":2,"hall_task_age_ms":1,"baseline":1799,"raw":1801,"delta":2,"queue_drops":0,"floor_rejects":0,"queue_high_water":1,"mqtt_connect_ms":771,"mqtt_attempts":1,"pub_drops":0,"pub_queue_hw":1,"cmd_drops":0,"pub_per_s":3,"marker_pub_drops":0,"marker_pub_hw":1,"nav":"NORMAL","mm":26,"miss_streak":0,"pwm":90,"lost_markers":0,"lost_ms":0,"motor_dir":"FWD"}
2026-08-26T14:09:45-0700	ngr/loco/9950012/state/start_mm	26
2026-08-26T14:09:45-0700	ngr/loco/9950012/telem/voltage	15.05
2026-08-26T14:09:45-0700	ngr/loco/9950012/telem/current	0.37
2026-08-26T14:09:45-0700	ngr/loco/9950012/telem/power	5.61
2026-08-26T14:09:45-0700	ngr/loco/9950012/alert	{"level":"CLEAR","reason":"STATUS","loco":"9950012","uptime_ms":235171,"nav":"NORMAL","moving":1,"pwm":90,"est_mm_s":221,"dir":"CCW","session_dir":"CCW","mdir":"FWD","rear":26,"front":21,"env":1515,"lc_mm":26,"last_confirmed_landmark":"","age_ms":1045,"since":0,"dead_reckoned_mm":26,"candidate_mm":-1,"viable":[],"lostm":0,"lost_ms":0,"agree":15,"disagree":0,"losts":0,"auto":0}
2026-08-26T14:09:46-0700	ngr/loco/9950012/state/loopstat	{"loop_max_gap_ms":34,"hall_task_max_gap_ms":3,"hall_task_age_ms":1,"baseline":1799,"raw":1856,"delta":57,"queue_drops":0,"floor_rejects":0,"queue_high_water":0,"mqtt_connect_ms":771,"mqtt_attempts":1,"pub_drops":0,"pub_queue_hw":3,"cmd_drops":0,"pub_per_s":5,"marker_pub_drops":0,"marker_pub_hw":0,"nav":"NORMAL","mm":26,"miss_streak":0,"pwm":90,"lost_markers":0,"lost_ms":0,"motor_dir":"FWD"}
2026-08-26T14:09:46-0700	ngr/loco/9950012/state/nav	{"event":"AGREE","state":"NORMAL","nav_state":"NORMAL","mm":25,"landmark":"","dir":"CCW","miss_streak":0,"obs":"N","expected":"N","peak":178,"ms":172,"drift":0,"dt":1205,"agree":16,"disagree":0,"lost":0,"scores":[0,0,0,0,0,0],"excluded":[false,false,false,false,false,false],"leader":null,"runner_up":null,"margin":0,"motor_dir":"FWD"}
2026-08-26T14:09:46-0700	ngr/loco/9950012/mm/marker	{"mm":25,"landmark":"","obs":"N","peak":178,"ms":172,"drift":0,"dt":1205,"timing_gate":"ACTIVE","dt_expected":1191,"dt_conserve_ratio":2.15,"pwm":90,"v":15.05}
2026-08-26T14:09:46-0700	ngr/loco/9950012/alert	{"level":"CLEAR","reason":"STATUS","loco":"9950012","uptime_ms":236171,"nav":"NORMAL","moving":1,"pwm":90,"est_mm_s":248,"dir":"CCW","session_dir":"CCW","mdir":"FWD","rear":25,"front":20,"env":1530,"lc_mm":25,"last_confirmed_landmark":"","age_ms":840,"since":0,"dead_reckoned_mm":25,"candidate_mm":-1,"viable":[],"lostm":0,"lost_ms":0,"agree":16,"disagree":0,"losts":0,"auto":0}
2026-08-26T14:09:47-0700	ngr/loco/9950012/state/start_mm	25
2026-08-26T14:09:47-0700	ngr/loco/9950012/state/loopstat	{"loop_max_gap_ms":34,"hall_task_max_gap_ms":2,"hall_task_age_ms":1,"baseline":1799,"raw":1790,"delta":-9,"queue_drops":0,"floor_rejects":0,"queue_high_water":1,"mqtt_connect_ms":771,"mqtt_attempts":1,"pub_drops":0,"pub_queue_hw":1,"cmd_drops":0,"pub_per_s":4,"marker_pub_drops":0,"marker_pub_hw":1,"nav":"NORMAL","mm":25,"miss_streak":0,"pwm":90,"lost_markers":0,"lost_ms":0,"motor_dir":"FWD"}
2026-08-26T14:09:47-0700	ngr/loco/9950012/state/nav	{"event":"AGREE","state":"NORMAL","nav_state":"NORMAL","mm":24,"landmark":"","dir":"CCW","miss_streak":0,"obs":"N","expected":"N","peak":202,"ms":171,"drift":0,"dt":1175,"agree":17,"disagree":0,"lost":0,"scores":[0,0,0,0,0,0],"excluded":[false,false,false,false,false,false],"leader":null,"runner_up":null,"margin":0,"motor_dir":"FWD"}
2026-08-26T14:09:47-0700	ngr/loco/9950012/mm/marker	{"mm":24,"landmark":"","obs":"N","peak":202,"ms":171,"drift":0,"dt":1175,"timing_gate":"ACTIVE","dt_expected":1191,"dt_conserve_ratio":2.00,"pwm":90,"v":15.05}
2026-08-26T14:09:47-0700	ngr/loco/9950012/alert	{"level":"CLEAR","reason":"STATUS","loco":"9950012","uptime_ms":237171,"nav":"NORMAL","moving":1,"pwm":90,"est_mm_s":251,"dir":"CCW","session_dir":"CCW","mdir":"FWD","rear":24,"front":19,"env":1555,"lc_mm":24,"last_confirmed_landmark":"","age_ms":665,"since":0,"dead_reckoned_mm":24,"candidate_mm":-1,"viable":[],"lostm":0,"lost_ms":0,"agree":17,"disagree":0,"losts":0,"auto":0}
2026-08-26T14:09:48-0700	ngr/loco/9950012/state/start_mm	24
2026-08-26T14:09:48-0700	ngr/loco/9950012/state/loopstat	{"loop_max_gap_ms":33,"hall_task_max_gap_ms":2,"hall_task_age_ms":1,"baseline":1799,"raw":1798,"delta":-1,"queue_drops":0,"floor_rejects":0,"queue_high_water":1,"mqtt_connect_ms":771,"mqtt_attempts":1,"pub_drops":0,"pub_queue_hw":1,"cmd_drops":0,"pub_per_s":4,"marker_pub_drops":0,"marker_pub_hw":1,"nav":"NORMAL","mm":24,"miss_streak":0,"pwm":90,"lost_markers":0,"lost_ms":0,"motor_dir":"FWD"}
2026-08-26T14:09:48-0700	ngr/loco/9950012/state/nav	{"event":"AGREE","state":"NORMAL","nav_state":"NORMAL","mm":23,"landmark":"","dir":"CCW","miss_streak":0,"obs":"N","expected":"N","peak":188,"ms":171,"drift":0,"dt":1229,"agree":18,"disagree":0,"lost":0,"scores":[0,0,0,0,0,0],"excluded":[false,false,false,false,false,false],"leader":null,"runner_up":null,"margin":0,"motor_dir":"FWD"}
2026-08-26T14:09:48-0700	ngr/loco/9950012/mm/marker	{"mm":23,"landmark":"","obs":"N","peak":188,"ms":171,"drift":0,"dt":1229,"timing_gate":"ACTIVE","dt_expected":1171,"dt_conserve_ratio":2.05,"pwm":90,"v":15.05}
2026-08-26T14:09:48-0700	ngr/loco/9950012/alert	{"level":"CLEAR","reason":"STATUS","loco":"9950012","uptime_ms":238171,"nav":"NORMAL","moving":1,"pwm":90,"est_mm_s":244,"dir":"CCW","session_dir":"CCW","mdir":"FWD","rear":23,"front":18,"env":1555,"lc_mm":23,"last_confirmed_landmark":"","age_ms":436,"since":0,"dead_reckoned_mm":23,"candidate_mm":-1,"viable":[],"lostm":0,"lost_ms":0,"agree":18,"disagree":0,"losts":0,"auto":0}
2026-08-26T14:09:49-0700	ngr/loco/9950012/state/loopstat	{"loop_max_gap_ms":33,"hall_task_max_gap_ms":2,"hall_task_age_ms":1,"baseline":1799,"raw":1800,"delta":1,"queue_drops":0,"floor_rejects":0,"queue_high_water":1,"mqtt_connect_ms":771,"mqtt_attempts":1,"pub_drops":0,"pub_queue_hw":1,"cmd_drops":0,"pub_per_s":3,"marker_pub_drops":0,"marker_pub_hw":1,"nav":"NORMAL","mm":23,"miss_streak":0,"pwm":90,"lost_markers":0,"lost_ms":0,"motor_dir":"FWD"}
2026-08-26T14:09:49-0700	ngr/loco/9950012/state/start_mm	23
2026-08-26T14:09:49-0700	ngr/loco/9950012/state/nav	{"event":"AGREE","state":"NORMAL","nav_state":"NORMAL","mm":22,"landmark":"","dir":"CCW","miss_streak":0,"obs":"S","expected":"S","peak":203,"ms":168,"drift":0,"dt":1138,"agree":19,"disagree":0,"lost":0,"scores":[0,0,0,0,0,0],"excluded":[false,false,false,false,false,false],"leader":null,"runner_up":null,"margin":0,"motor_dir":"FWD"}
2026-08-26T14:09:49-0700	ngr/loco/9950012/mm/marker	{"mm":22,"landmark":"","obs":"S","peak":203,"ms":168,"drift":0,"dt":1138,"timing_gate":"ACTIVE","dt_expected":1191,"dt_conserve_ratio":1.99,"pwm":90,"v":15.05}
2026-08-26T14:09:49-0700	ngr/loco/9950012/alert	{"level":"CLEAR","reason":"STATUS","loco":"9950012","uptime_ms":239171,"nav":"NORMAL","moving":1,"pwm":90,"est_mm_s":268,"dir":"CCW","session_dir":"CCW","mdir":"FWD","rear":22,"front":17,"env":1550,"lc_mm":22,"last_confirmed_landmark":"","age_ms":298,"since":0,"dead_reckoned_mm":22,"candidate_mm":-1,"viable":[],"lostm":0,"lost_ms":0,"agree":19,"disagree":0,"losts":0,"auto":0}
2026-08-26T14:09:50-0700	ngr/loco/9950012/state/start_mm	22
2026-08-26T14:09:50-0700	ngr/loco/9950012/state/loopstat	{"loop_max_gap_ms":33,"hall_task_max_gap_ms":3,"hall_task_age_ms":1,"baseline":1799,"raw":1801,"delta":2,"queue_drops":0,"floor_rejects":0,"queue_high_water":1,"mqtt_connect_ms":771,"mqtt_attempts":1,"pub_drops":0,"pub_queue_hw":2,"cmd_drops":0,"pub_per_s":5,"marker_pub_drops":0,"marker_pub_hw":1,"nav":"NORMAL","mm":22,"miss_streak":0,"pwm":90,"lost_markers":0,"lost_ms":0,"motor_dir":"FWD"}
2026-08-26T14:09:50-0700	ngr/loco/9950012/telem/voltage	15.02
2026-08-26T14:09:50-0700	ngr/loco/9950012/telem/current	0.48
2026-08-26T14:09:50-0700	ngr/loco/9950012/telem/power	7.23
2026-08-26T14:09:50-0700	ngr/loco/9950012/alert	{"level":"CLEAR","reason":"STATUS","loco":"9950012","uptime_ms":240171,"nav":"NORMAL","moving":1,"pwm":90,"est_mm_s":268,"dir":"CCW","session_dir":"CCW","mdir":"FWD","rear":22,"front":17,"env":1550,"lc_mm":22,"last_confirmed_landmark":"","age_ms":1298,"since":0,"dead_reckoned_mm":22,"candidate_mm":-1,"viable":[],"lostm":0,"lost_ms":0,"agree":19,"disagree":0,"losts":0,"auto":0}
2026-08-26T14:09:51-0700	ngr/loco/9950012/state/nav	{"event":"AGREE","state":"NORMAL","nav_state":"NORMAL","mm":21,"landmark":"","dir":"CCW","miss_streak":0,"obs":"N","expected":"N","peak":183,"ms":201,"drift":0,"dt":1280,"agree":20,"disagree":0,"lost":0,"scores":[0,0,0,0,0,0],"excluded":[false,false,false,false,false,false],"leader":null,"runner_up":null,"margin":0,"motor_dir":"FWD"}
2026-08-26T14:09:51-0700	ngr/loco/9950012/mm/marker	{"mm":21,"landmark":"","obs":"N","peak":183,"ms":201,"drift":0,"dt":1280,"timing_gate":"ACTIVE","dt_expected":1211,"dt_conserve_ratio":2.00,"pwm":90,"v":15.02}
2026-08-26T14:09:51-0700	ngr/loco/9950012/state/loopstat	{"loop_max_gap_ms":34,"hall_task_max_gap_ms":3,"hall_task_age_ms":1,"baseline":1799,"raw":1798,"delta":-1,"queue_drops":0,"floor_rejects":0,"queue_high_water":1,"mqtt_connect_ms":771,"mqtt_attempts":1,"pub_drops":0,"pub_queue_hw":3,"cmd_drops":0,"pub_per_s":6,"marker_pub_drops":0,"marker_pub_hw":1,"nav":"NORMAL","mm":21,"miss_streak":0,"pwm":90,"lost_markers":0,"lost_ms":0,"motor_dir":"FWD"}
2026-08-26T14:09:51-0700	ngr/loco/9950012/state/start_mm	21
2026-08-26T14:09:51-0700	ngr/loco/9950012/alert	{"level":"CLEAR","reason":"STATUS","loco":"9950012","uptime_ms":241171,"nav":"NORMAL","moving":1,"pwm":90,"est_mm_s":246,"dir":"CCW","session_dir":"CCW","mdir":"FWD","rear":21,"front":16,"env":1545,"lc_mm":21,"last_confirmed_landmark":"","age_ms":1018,"since":0,"dead_reckoned_mm":21,"candidate_mm":-1,"viable":[],"lostm":0,"lost_ms":0,"agree":20,"disagree":0,"losts":0,"auto":0}
2026-08-26T14:09:52-0700	ngr/loco/9950012/state/loopstat	{"loop_max_gap_ms":34,"hall_task_max_gap_ms":2,"hall_task_age_ms":1,"baseline":1799,"raw":1804,"delta":5,"queue_drops":0,"floor_rejects":0,"queue_high_water":0,"mqtt_connect_ms":771,"mqtt_attempts":1,"pub_drops":0,"pub_queue_hw":2,"cmd_drops":0,"pub_per_s":2,"marker_pub_drops":0,"marker_pub_hw":0,"nav":"NORMAL","mm":21,"miss_streak":0,"pwm":90,"lost_markers":0,"lost_ms":0,"motor_dir":"FWD"}
2026-08-26T14:09:52-0700	ngr/loco/9950012/state/nav	{"event":"AGREE","state":"NORMAL","nav_state":"NORMAL","mm":20,"landmark":"","dir":"CCW","miss_streak":0,"obs":"S","expected":"S","peak":195,"ms":175,"drift":0,"dt":1519,"agree":21,"disagree":0,"lost":0,"scores":[0,0,0,0,0,0],"excluded":[false,false,false,false,false,false],"leader":null,"runner_up":null,"margin":0,"motor_dir":"FWD"}
2026-08-26T14:09:52-0700	ngr/loco/9950012/mm/marker	{"mm":20,"landmark":"","obs":"S","peak":195,"ms":175,"drift":0,"dt":1519,"timing_gate":"ACTIVE","dt_expected":1250,"dt_conserve_ratio":2.24,"pwm":90,"v":15.02}
2026-08-26T14:09:52-0700	ngr/loco/9950012/alert	{"level":"CLEAR","reason":"STATUS","loco":"9950012","uptime_ms":242171,"nav":"NORMAL","moving":1,"pwm":90,"est_mm_s":207,"dir":"CCW","session_dir":"CCW","mdir":"FWD","rear":20,"front":15,"env":1555,"lc_mm":20,"last_confirmed_landmark":"","age_ms":499,"since":0,"dead_reckoned_mm":20,"candidate_mm":-1,"viable":[],"lostm":0,"lost_ms":0,"agree":21,"disagree":0,"losts":0,"auto":0}
2026-08-26T14:09:53-0700	ngr/loco/9950012/state/start_mm	20
2026-08-26T14:09:53-0700	ngr/loco/9950012/state/loopstat	{"loop_max_gap_ms":34,"hall_task_max_gap_ms":2,"hall_task_age_ms":1,"baseline":1799,"raw":1803,"delta":4,"queue_drops":0,"floor_rejects":0,"queue_high_water":1,"mqtt_connect_ms":771,"mqtt_attempts":1,"pub_drops":0,"pub_queue_hw":1,"cmd_drops":0,"pub_per_s":4,"marker_pub_drops":0,"marker_pub_hw":1,"nav":"NORMAL","mm":20,"miss_streak":0,"pwm":90,"lost_markers":0,"lost_ms":0,"motor_dir":"FWD"}
2026-08-26T14:09:53-0700	ngr/loco/9950012/state/nav	{"event":"AGREE","state":"NORMAL","nav_state":"NORMAL","mm":19,"landmark":"","dir":"CCW","miss_streak":0,"obs":"S","expected":"S","peak":206,"ms":170,"drift":0,"dt":1254,"agree":22,"disagree":0,"lost":0,"scores":[0,0,0,0,0,0],"excluded":[false,false,false,false,false,false],"leader":null,"runner_up":null,"margin":0,"motor_dir":"FWD"}
2026-08-26T14:09:53-0700	ngr/loco/9950012/mm/marker	{"mm":19,"landmark":"","obs":"S","peak":206,"ms":170,"drift":0,"dt":1254,"timing_gate":"ACTIVE","dt_expected":1250,"dt_conserve_ratio":2.22,"pwm":90,"v":15.02}
2026-08-26T14:09:53-0700	ngr/loco/9950012/alert	{"level":"CLEAR","reason":"STATUS","loco":"9950012","uptime_ms":243171,"nav":"NORMAL","moving":1,"pwm":90,"est_mm_s":255,"dir":"CCW","session_dir":"CCW","mdir":"FWD","rear":19,"front":14,"env":1550,"lc_mm":19,"last_confirmed_landmark":"","age_ms":245,"since":0,"dead_reckoned_mm":19,"candidate_mm":-1,"viable":[],"lostm":0,"lost_ms":0,"agree":22,"disagree":0,"losts":0,"auto":0}
2026-08-26T14:09:54-0700	ngr/loco/9950012/state/start_mm	19
2026-08-26T14:09:54-0700	ngr/loco/9950012/state/loopstat	{"loop_max_gap_ms":34,"hall_task_max_gap_ms":2,"hall_task_age_ms":1,"baseline":1799,"raw":1803,"delta":4,"queue_drops":0,"floor_rejects":0,"queue_high_water":1,"mqtt_connect_ms":771,"mqtt_attempts":1,"pub_drops":0,"pub_queue_hw":1,"cmd_drops":0,"pub_per_s":4,"marker_pub_drops":0,"marker_pub_hw":1,"nav":"NORMAL","mm":19,"miss_streak":0,"pwm":90,"lost_markers":0,"lost_ms":0,"motor_dir":"FWD"}
2026-08-26T14:09:54-0700	ngr/loco/9950012/alert	{"level":"CLEAR","reason":"STATUS","loco":"9950012","uptime_ms":244171,"nav":"NORMAL","moving":1,"pwm":90,"est_mm_s":255,"dir":"CCW","session_dir":"CCW","mdir":"FWD","rear":19,"front":14,"env":1550,"lc_mm":19,"last_confirmed_landmark":"","age_ms":1245,"since":0,"dead_reckoned_mm":19,"candidate_mm":-1,"viable":[],"lostm":0,"lost_ms":0,"agree":22,"disagree":0,"losts":0,"auto":0}
2026-08-26T14:09:54-0700	ngr/loco/9950012/state/nav	{"event":"AGREE","state":"NORMAL","nav_state":"NORMAL","mm":18,"landmark":"","dir":"CCW","miss_streak":0,"obs":"S","expected":"S","peak":207,"ms":161,"drift":0,"dt":1148,"agree":23,"disagree":0,"lost":0,"scores":[0,0,0,0,0,0],"excluded":[false,false,false,false,false,false],"leader":null,"runner_up":null,"margin":0,"motor_dir":"FWD"}
2026-08-26T14:09:54-0700	ngr/loco/9950012/mm/marker	{"mm":18,"landmark":"","obs":"S","peak":207,"ms":161,"drift":0,"dt":1148,"timing_gate":"ACTIVE","dt_expected":1270,"dt_conserve_ratio":1.89,"pwm":90,"v":15.02}
2026-08-26T14:09:55-0700	ngr/loco/9950012/state/start_mm	18
2026-08-26T14:09:55-0700	ngr/loco/9950012/state/loopstat	{"loop_max_gap_ms":34,"hall_task_max_gap_ms":3,"hall_task_age_ms":1,"baseline":1799,"raw":1802,"delta":3,"queue_drops":0,"floor_rejects":0,"queue_high_water":1,"mqtt_connect_ms":771,"mqtt_attempts":1,"pub_drops":0,"pub_queue_hw":1,"cmd_drops":0,"pub_per_s":4,"marker_pub_drops":0,"marker_pub_hw":1,"nav":"NORMAL","mm":18,"miss_streak":0,"pwm":90,"lost_markers":0,"lost_ms":0,"motor_dir":"FWD"}
2026-08-26T14:09:55-0700	ngr/loco/9950012/telem/voltage	15.02
2026-08-26T14:09:55-0700	ngr/loco/9950012/telem/current	0.44
2026-08-26T14:09:55-0700	ngr/loco/9950012/telem/power	6.66
2026-08-26T14:09:55-0700	ngr/loco/9950012/alert	{"level":"CLEAR","reason":"STATUS","loco":"9950012","uptime_ms":245171,"nav":"NORMAL","moving":1,"pwm":90,"est_mm_s":261,"dir":"CCW","session_dir":"CCW","mdir":"FWD","rear":18,"front":13,"env":1565,"lc_mm":18,"last_confirmed_landmark":"","age_ms":1097,"since":0,"dead_reckoned_mm":18,"candidate_mm":-1,"viable":[],"lostm":0,"lost_ms":0,"agree":23,"disagree":0,"losts":0,"auto":0}
2026-08-26T14:09:56-0700	ngr/loco/9950012/state/nav	{"event":"AGREE","state":"NORMAL","nav_state":"NORMAL","mm":17,"landmark":"","dir":"CCW","miss_streak":0,"obs":"N","expected":"N","peak":201,"ms":171,"drift":0,"dt":1176,"agree":24,"disagree":0,"lost":0,"scores":[0,0,0,0,0,0],"excluded":[false,false,false,false,false,false],"leader":null,"runner_up":null,"margin":0,"motor_dir":"FWD"}
2026-08-26T14:09:56-0700	ngr/loco/9950012/mm/marker	{"mm":17,"landmark":"","obs":"N","peak":201,"ms":171,"drift":0,"dt":1176,"timing_gate":"ACTIVE","dt_expected":1191,"dt_conserve_ratio":1.95,"pwm":90,"v":15.02}
2026-08-26T14:09:56-0700	ngr/loco/9950012/state/start_mm	17
2026-08-26T14:09:56-0700	ngr/loco/9950012/state/loopstat	{"loop_max_gap_ms":34,"hall_task_max_gap_ms":3,"hall_task_age_ms":1,"baseline":1799,"raw":1797,"delta":-2,"queue_drops":0,"floor_rejects":0,"queue_high_water":1,"mqtt_connect_ms":771,"mqtt_attempts":1,"pub_drops":0,"pub_queue_hw":3,"cmd_drops":0,"pub_per_s":7,"marker_pub_drops":0,"marker_pub_hw":1,"nav":"NORMAL","mm":17,"miss_streak":0,"pwm":90,"lost_markers":0,"lost_ms":0,"motor_dir":"FWD"}
2026-08-26T14:09:56-0700	ngr/loco/9950012/alert	{"level":"CLEAR","reason":"STATUS","loco":"9950012","uptime_ms":246171,"nav":"NORMAL","moving":1,"pwm":90,"est_mm_s":255,"dir":"CCW","session_dir":"CCW","mdir":"FWD","rear":17,"front":12,"env":1565,"lc_mm":17,"last_confirmed_landmark":"","age_ms":921,"since":0,"dead_reckoned_mm":17,"candidate_mm":-1,"viable":[],"lostm":0,"lost_ms":0,"agree":24,"disagree":0,"losts":0,"auto":0}
2026-08-26T14:09:57-0700	ngr/loco/9950012/state/loopstat	{"loop_max_gap_ms":34,"hall_task_max_gap_ms":3,"hall_task_age_ms":1,"baseline":1799,"raw":1810,"delta":11,"queue_drops":0,"floor_rejects":0,"queue_high_water":0,"mqtt_connect_ms":771,"mqtt_attempts":1,"pub_drops":0,"pub_queue_hw":1,"cmd_drops":0,"pub_per_s":1,"marker_pub_drops":0,"marker_pub_hw":0,"nav":"NORMAL","mm":17,"miss_streak":0,"pwm":90,"lost_markers":0,"lost_ms":0,"motor_dir":"FWD"}
2026-08-26T14:09:57-0700	ngr/loco/9950012/state/nav	{"event":"AGREE","state":"NORMAL","nav_state":"NORMAL","mm":16,"landmark":"","dir":"CCW","miss_streak":0,"obs":"S","expected":"S","peak":187,"ms":161,"drift":0,"dt":1281,"agree":25,"disagree":0,"lost":0,"scores":[0,0,0,0,0,0],"excluded":[false,false,false,false,false,false],"leader":null,"runner_up":null,"margin":0,"motor_dir":"FWD"}
2026-08-26T14:09:57-0700	ngr/loco/9950012/mm/marker	{"mm":16,"landmark":"","obs":"S","peak":187,"ms":161,"drift":0,"dt":1281,"timing_gate":"ACTIVE","dt_expected":1191,"dt_conserve_ratio":2.06,"pwm":90,"v":15.02}
2026-08-26T14:09:57-0700	ngr/loco/9950012/alert	{"level":"CLEAR","reason":"STATUS","loco":"9950012","uptime_ms":247171,"nav":"NORMAL","moving":1,"pwm":90,"est_mm_s":241,"dir":"CCW","session_dir":"CCW","mdir":"FWD","rear":16,"front":11,"env":1545,"lc_mm":16,"last_confirmed_landmark":"","age_ms":640,"since":0,"dead_reckoned_mm":16,"candidate_mm":-1,"viable":[],"lostm":0,"lost_ms":0,"agree":25,"disagree":0,"losts":0,"auto":0}
2026-08-26T14:09:58-0700	ngr/loco/9950012/state/start_mm	16
2026-08-26T14:09:58-0700	ngr/loco/9950012/state/loopstat	{"loop_max_gap_ms":34,"hall_task_max_gap_ms":2,"hall_task_age_ms":1,"baseline":1799,"raw":1801,"delta":2,"queue_drops":0,"floor_rejects":0,"queue_high_water":1,"mqtt_connect_ms":771,"mqtt_attempts":1,"pub_drops":0,"pub_queue_hw":1,"cmd_drops":0,"pub_per_s":4,"marker_pub_drops":0,"marker_pub_hw":1,"nav":"NORMAL","mm":16,"miss_streak":0,"pwm":90,"lost_markers":0,"lost_ms":0,"motor_dir":"FWD"}
2026-08-26T14:09:58-0700	ngr/loco/9950012/state/nav	{"event":"AGREE","state":"NORMAL","nav_state":"NORMAL","mm":15,"landmark":"Patio","dir":"CCW","miss_streak":0,"obs":"S","expected":"S","peak":199,"ms":173,"drift":0,"dt":1336,"agree":26,"disagree":0,"lost":0,"scores":[0,0,0,0,0,0],"excluded":[false,false,false,false,false,false],"leader":null,"runner_up":null,"margin":0,"motor_dir":"FWD"}
2026-08-26T14:09:58-0700	ngr/loco/9950012/mm/marker	{"mm":15,"landmark":"Patio","obs":"S","peak":199,"ms":173,"drift":0,"dt":1336,"timing_gate":"ACTIVE","dt_expected":1231,"dt_conserve_ratio":2.13,"pwm":90,"v":15.02}
2026-08-26T14:09:58-0700	ngr/loco/9950012/alert	{"level":"CLEAR","reason":"STATUS","loco":"9950012","uptime_ms":248171,"nav":"NORMAL","moving":1,"pwm":90,"est_mm_s":243,"dir":"CCW","session_dir":"CCW","mdir":"FWD","rear":15,"front":10,"env":1520,"lc_mm":15,"last_confirmed_landmark":"Patio","age_ms":304,"since":0,"dead_reckoned_mm":15,"candidate_mm":-1,"viable":[],"lostm":0,"lost_ms":0,"agree":26,"disagree":0,"losts":0,"auto":0}
2026-08-26T14:09:59-0700	ngr/loco/9950012/state/start_mm	15
2026-08-26T14:09:59-0700	ngr/loco/9950012/state/loopstat	{"loop_max_gap_ms":33,"hall_task_max_gap_ms":3,"hall_task_age_ms":1,"baseline":1799,"raw":1801,"delta":2,"queue_drops":0,"floor_rejects":0,"queue_high_water":1,"mqtt_connect_ms":771,"mqtt_attempts":1,"pub_drops":0,"pub_queue_hw":1,"cmd_drops":0,"pub_per_s":4,"marker_pub_drops":0,"marker_pub_hw":1,"nav":"NORMAL","mm":15,"miss_streak":0,"pwm":90,"lost_markers":0,"lost_ms":0,"motor_dir":"FWD"}
2026-08-26T14:09:59-0700	ngr/loco/9950012/alert	{"level":"CLEAR","reason":"STATUS","loco":"9950012","uptime_ms":249171,"nav":"NORMAL","moving":1,"pwm":90,"est_mm_s":243,"dir":"CCW","session_dir":"CCW","mdir":"FWD","rear":15,"front":10,"env":1520,"lc_mm":15,"last_confirmed_landmark":"Patio","age_ms":1304,"since":0,"dead_reckoned_mm":15,"candidate_mm":-1,"viable":[],"lostm":0,"lost_ms":0,"agree":26,"disagree":0,"losts":0,"auto":0}
2026-08-26T14:10:00-0700	ngr/loco/9950012/state/loopstat	{"loop_max_gap_ms":34,"hall_task_max_gap_ms":3,"hall_task_age_ms":1,"baseline":1799,"raw":1823,"delta":24,"queue_drops":0,"floor_rejects":0,"queue_high_water":0,"mqtt_connect_ms":771,"mqtt_attempts":1,"pub_drops":0,"pub_queue_hw":1,"cmd_drops":0,"pub_per_s":1,"marker_pub_drops":0,"marker_pub_hw":0,"nav":"NORMAL","mm":15,"miss_streak":0,"pwm":90,"lost_markers":0,"lost_ms":0,"motor_dir":"FWD"}
2026-08-26T14:10:00-0700	ngr/loco/9950012/state/nav	{"event":"AGREE","state":"NORMAL","nav_state":"NORMAL","mm":14,"landmark":"","dir":"CCW","miss_streak":0,"obs":"N","expected":"N","peak":191,"ms":195,"drift":0,"dt":1421,"agree":27,"disagree":0,"lost":0,"scores":[0,0,0,0,0,0],"excluded":[false,false,false,false,false,false],"leader":null,"runner_up":null,"margin":0,"motor_dir":"FWD"}
2026-08-26T14:10:00-0700	ngr/loco/9950012/mm/marker	{"mm":14,"landmark":"","obs":"N","peak":191,"ms":195,"drift":0,"dt":1421,"timing_gate":"ACTIVE","dt_expected":1290,"dt_conserve_ratio":2.14,"pwm":90,"v":15.02}
2026-08-26T14:10:00-0700	ngr/loco/9950012/telem/voltage	15.02
2026-08-26T14:10:00-0700	ngr/loco/9950012/telem/current	0.36
2026-08-26T14:10:00-0700	ngr/loco/9950012/telem/power	5.48
2026-08-26T14:10:00-0700	ngr/loco/9950012/alert	{"level":"CLEAR","reason":"STATUS","loco":"9950012","uptime_ms":250171,"nav":"NORMAL","moving":1,"pwm":90,"est_mm_s":221,"dir":"CCW","session_dir":"CCW","mdir":"FWD","rear":14,"front":9,"env":1500,"lc_mm":14,"last_confirmed_landmark":"","age_ms":883,"since":0,"dead_reckoned_mm":14,"candidate_mm":-1,"viable":[],"lostm":0,"lost_ms":0,"agree":27,"disagree":0,"losts":0,"auto":0}
2026-08-26T14:10:01-0700	ngr/loco/9950012/state/start_mm	14
2026-08-26T14:10:01-0700	ngr/loco/9950012/state/loopstat	{"loop_max_gap_ms":33,"hall_task_max_gap_ms":3,"hall_task_age_ms":1,"baseline":1799,"raw":1797,"delta":-2,"queue_drops":0,"floor_rejects":0,"queue_high_water":0,"mqtt_connect_ms":771,"mqtt_attempts":1,"pub_drops":0,"pub_queue_hw":3,"cmd_drops":0,"pub_per_s":7,"marker_pub_drops":0,"marker_pub_hw":1,"nav":"NORMAL","mm":14,"miss_streak":0,"pwm":90,"lost_markers":0,"lost_ms":0,"motor_dir":"FWD"}
2026-08-26T14:10:01-0700	ngr/loco/9950012/state/nav	{"event":"AGREE","state":"NORMAL","nav_state":"NORMAL","mm":13,"landmark":"","dir":"CCW","miss_streak":0,"obs":"N","expected":"N","peak":195,"ms":175,"drift":0,"dt":1434,"agree":28,"disagree":0,"lost":0,"scores":[0,0,0,0,0,0],"excluded":[false,false,false,false,false,false],"leader":null,"runner_up":null,"margin":0,"motor_dir":"FWD"}
2026-08-26T14:10:01-0700	ngr/loco/9950012/mm/marker	{"mm":13,"landmark":"","obs":"N","peak":195,"ms":175,"drift":0,"dt":1434,"timing_gate":"ACTIVE","dt_expected":1250,"dt_conserve_ratio":2.28,"pwm":90,"v":15.02}
2026-08-26T14:10:01-0700	ngr/loco/9950012/alert	{"level":"CLEAR","reason":"STATUS","loco":"9950012","uptime_ms":251171,"nav":"NORMAL","moving":1,"pwm":90,"est_mm_s":219,"dir":"CCW","session_dir":"CCW","mdir":"FWD","rear":13,"front":8,"env":1485,"lc_mm":13,"last_confirmed_landmark":"","age_ms":449,"since":0,"dead_reckoned_mm":13,"candidate_mm":-1,"viable":[],"lostm":0,"lost_ms":0,"agree":28,"disagree":0,"losts":0,"auto":0}
2026-08-26T14:10:02-0700	ngr/loco/9950012/state/start_mm	13
2026-08-26T14:10:02-0700	ngr/loco/9950012/state/loopstat	{"loop_max_gap_ms":34,"hall_task_max_gap_ms":2,"hall_task_age_ms":1,"baseline":1799,"raw":1799,"delta":0,"queue_drops":0,"floor_rejects":0,"queue_high_water":1,"mqtt_connect_ms":771,"mqtt_attempts":1,"pub_drops":0,"pub_queue_hw":1,"cmd_drops":0,"pub_per_s":4,"marker_pub_drops":0,"marker_pub_hw":1,"nav":"NORMAL","mm":13,"miss_streak":0,"pwm":90,"lost_markers":0,"lost_ms":0,"motor_dir":"FWD"}
2026-08-26T14:10:02-0700	ngr/loco/9950012/state/nav	{"event":"AGREE","state":"NORMAL","nav_state":"NORMAL","mm":12,"landmark":"","dir":"CCW","miss_streak":0,"obs":"N","expected":"N","peak":160,"ms":164,"drift":0,"dt":1209,"agree":29,"disagree":0,"lost":0,"scores":[0,0,0,0,0,0],"excluded":[false,false,false,false,false,false],"leader":null,"runner_up":null,"margin":0,"motor_dir":"FWD"}
2026-08-26T14:10:02-0700	ngr/loco/9950012/mm/marker	{"mm":12,"landmark":"","obs":"N","peak":160,"ms":164,"drift":0,"dt":1209,"timing_gate":"ACTIVE","dt_expected":1250,"dt_conserve_ratio":2.11,"pwm":90,"v":15.02}
2026-08-26T14:10:02-0700	ngr/loco/9950012/alert	{"level":"CLEAR","reason":"STATUS","loco":"9950012","uptime_ms":252171,"nav":"NORMAL","moving":1,"pwm":90,"est_mm_s":248,"dir":"CCW","session_dir":"CCW","mdir":"FWD","rear":12,"front":7,"env":1485,"lc_mm":12,"last_confirmed_landmark":"","age_ms":240,"since":0,"dead_reckoned_mm":12,"candidate_mm":-1,"viable":[],"lostm":0,"lost_ms":0,"agree":29,"disagree":0,"losts":0,"auto":0}
2026-08-26T14:10:03-0700	ngr/loco/9950012/state/start_mm	12
2026-08-26T14:10:03-0700	ngr/loco/9950012/state/loopstat	{"loop_max_gap_ms":33,"hall_task_max_gap_ms":2,"hall_task_age_ms":1,"baseline":1799,"raw":1800,"delta":1,"queue_drops":0,"floor_rejects":0,"queue_high_water":1,"mqtt_connect_ms":771,"mqtt_attempts":1,"pub_drops":0,"pub_queue_hw":1,"cmd_drops":0,"pub_per_s":4,"marker_pub_drops":0,"marker_pub_hw":1,"nav":"NORMAL","mm":12,"miss_streak":0,"pwm":90,"lost_markers":0,"lost_ms":0,"motor_dir":"FWD"}
2026-08-26T14:10:03-0700	ngr/loco/9950012/alert	{"level":"CLEAR","reason":"STATUS","loco":"9950012","uptime_ms":253171,"nav":"NORMAL","moving":1,"pwm":90,"est_mm_s":248,"dir":"CCW","session_dir":"CCW","mdir":"FWD","rear":12,"front":7,"env":1485,"lc_mm":12,"last_confirmed_landmark":"","age_ms":1240,"since":0,"dead_reckoned_mm":12,"candidate_mm":-1,"viable":[],"lostm":0,"lost_ms":0,"agree":29,"disagree":0,"losts":0,"auto":0}
2026-08-26T14:10:03-0700	ngr/loco/9950012/state/nav	{"event":"AGREE","state":"NORMAL","nav_state":"NORMAL","mm":11,"landmark":"","dir":"CCW","miss_streak":0,"obs":"N","expected":"N","peak":190,"ms":162,"drift":0,"dt":1101,"agree":30,"disagree":0,"lost":0,"scores":[0,0,0,0,0,0],"excluded":[false,false,false,false,false,false],"leader":null,"runner_up":null,"margin":0,"motor_dir":"FWD"}
2026-08-26T14:10:03-0700	ngr/loco/9950012/mm/marker	{"mm":11,"landmark":"","obs":"N","peak":190,"ms":162,"drift":0,"dt":1101,"timing_gate":"ACTIVE","dt_expected":1191,"dt_conserve_ratio":1.94,"pwm":90,"v":15.02}
2026-08-26T14:10:04-0700	ngr/loco/9950012/state/loopstat	{"loop_max_gap_ms":34,"hall_task_max_gap_ms":2,"hall_task_age_ms":1,"baseline":1799,"raw":1800,"delta":1,"queue_drops":0,"floor_rejects":0,"queue_high_water":1,"mqtt_connect_ms":771,"mqtt_attempts":1,"pub_drops":0,"pub_queue_hw":1,"cmd_drops":0,"pub_per_s":3,"marker_pub_drops":0,"marker_pub_hw":1,"nav":"NORMAL","mm":11,"miss_streak":0,"pwm":90,"lost_markers":0,"lost_ms":0,"motor_dir":"FWD"}
2026-08-26T14:10:04-0700	ngr/loco/9950012/state/start_mm	11
2026-08-26T14:10:04-0700	ngr/loco/9950012/alert	{"level":"CLEAR","reason":"STATUS","loco":"9950012","uptime_ms":254171,"nav":"NORMAL","moving":1,"pwm":90,"est_mm_s":263,"dir":"CCW","session_dir":"CCW","mdir":"FWD","rear":11,"front":6,"env":1510,"lc_mm":11,"last_confirmed_landmark":"","age_ms":1139,"since":0,"dead_reckoned_mm":11,"candidate_mm":-1,"viable":[],"lostm":0,"lost_ms":0,"agree":30,"disagree":0,"losts":0,"auto":0}
2026-08-26T14:10:05-0700	ngr/loco/9950012/state/nav	{"event":"AGREE","state":"NORMAL","nav_state":"NORMAL","mm":10,"landmark":"","dir":"CCW","miss_streak":0,"obs":"S","expected":"S","peak":198,"ms":156,"drift":0,"dt":1121,"agree":31,"disagree":0,"lost":0,"scores":[0,0,0,0,0,0],"excluded":[false,false,false,false,false,false],"leader":null,"runner_up":null,"margin":0,"motor_dir":"FWD"}
2026-08-26T14:10:05-0700	ngr/loco/9950012/mm/marker	{"mm":10,"landmark":"","obs":"S","peak":198,"ms":156,"drift":0,"dt":1121,"timing_gate":"ACTIVE","dt_expected":1151,"dt_conserve_ratio":1.93,"pwm":90,"v":15.02}
2026-08-26T14:10:05-0700	ngr/loco/9950012/state/start_mm	10
2026-08-26T14:10:05-0700	ngr/loco/9950012/state/loopstat	{"loop_max_gap_ms":34,"hall_task_max_gap_ms":2,"hall_task_age_ms":1,"baseline":1799,"raw":1804,"delta":5,"queue_drops":0,"floor_rejects":0,"queue_high_water":1,"mqtt_connect_ms":771,"mqtt_attempts":1,"pub_drops":0,"pub_queue_hw":2,"cmd_drops":0,"pub_per_s":5,"marker_pub_drops":0,"marker_pub_hw":1,"nav":"NORMAL","mm":10,"miss_streak":0,"pwm":90,"lost_markers":0,"lost_ms":0,"motor_dir":"FWD"}
2026-08-26T14:10:05-0700	ngr/loco/9950012/telem/voltage	15.03
2026-08-26T14:10:05-0700	ngr/loco/9950012/telem/current	0.32
2026-08-26T14:10:05-0700	ngr/loco/9950012/telem/power	4.83
2026-08-26T14:10:05-0700	ngr/loco/9950012/alert	{"level":"CLEAR","reason":"STATUS","loco":"9950012","uptime_ms":255171,"nav":"NORMAL","moving":1,"pwm":90,"est_mm_s":267,"dir":"CCW","session_dir":"CCW","mdir":"FWD","rear":10,"front":5,"env":1540,"lc_mm":10,"last_confirmed_landmark":"","age_ms":1018,"since":0,"dead_reckoned_mm":10,"candidate_mm":-1,"viable":[],"lostm":0,"lost_ms":0,"agree":31,"disagree":0,"losts":0,"auto":0}
2026-08-26T14:10:06-0700	ngr/loco/9950012/state/nav	{"event":"AGREE","state":"NORMAL","nav_state":"NORMAL","mm":9,"landmark":"","dir":"CCW","miss_streak":0,"obs":"S","expected":"S","peak":193,"ms":160,"drift":0,"dt":1118,"agree":32,"disagree":0,"lost":0,"scores":[0,0,0,0,0,0],"excluded":[false,false,false,false,false,false],"leader":null,"runner_up":null,"margin":0,"motor_dir":"FWD"}
2026-08-26T14:10:06-0700	ngr/loco/9950012/mm/marker	{"mm":9,"landmark":"","obs":"S","peak":193,"ms":160,"drift":0,"dt":1118,"timing_gate":"ACTIVE","dt_expected":1191,"dt_conserve_ratio":1.88,"pwm":90,"v":15.03}
2026-08-26T14:10:06-0700	ngr/loco/9950012/state/start_mm	9
2026-08-26T14:10:06-0700	ngr/loco/9950012/state/loopstat	{"loop_max_gap_ms":34,"hall_task_max_gap_ms":3,"hall_task_age_ms":1,"baseline":1799,"raw":1804,"delta":5,"queue_drops":0,"floor_rejects":0,"queue_high_water":1,"mqtt_connect_ms":771,"mqtt_attempts":1,"pub_drops":0,"pub_queue_hw":3,"cmd_drops":0,"pub_per_s":7,"marker_pub_drops":0,"marker_pub_hw":1,"nav":"NORMAL","mm":9,"miss_streak":0,"pwm":90,"lost_markers":0,"lost_ms":0,"motor_dir":"FWD"}
2026-08-26T14:10:06-0700	ngr/loco/9950012/alert	{"level":"CLEAR","reason":"STATUS","loco":"9950012","uptime_ms":256171,"nav":"NORMAL","moving":1,"pwm":90,"est_mm_s":263,"dir":"CCW","session_dir":"CCW","mdir":"FWD","rear":9,"front":4,"env":1570,"lc_mm":9,"last_confirmed_landmark":"","age_ms":900,"since":0,"dead_reckoned_mm":9,"candidate_mm":-1,"viable":[],"lostm":0,"lost_ms":0,"agree":32,"disagree":0,"losts":0,"auto":0}
2026-08-26T14:10:07-0700	ngr/loco/9950012/state/loopstat	{"loop_max_gap_ms":22,"hall_task_max_gap_ms":2,"hall_task_age_ms":1,"baseline":1799,"raw":1566,"delta":-233,"queue_drops":0,"floor_rejects":0,"queue_high_water":0,"mqtt_connect_ms":771,"mqtt_attempts":1,"pub_drops":0,"pub_queue_hw":1,"cmd_drops":0,"pub_per_s":1,"marker_pub_drops":0,"marker_pub_hw":0,"nav":"NORMAL","mm":9,"miss_streak":0,"pwm":90,"lost_markers":0,"lost_ms":0,"motor_dir":"FWD"}
2026-08-26T14:10:07-0700	ngr/loco/9950012/state/nav	{"event":"AGREE","state":"NORMAL","nav_state":"NORMAL","mm":8,"landmark":"","dir":"CCW","miss_streak":0,"obs":"S","expected":"S","peak":240,"ms":156,"drift":0,"dt":1133,"agree":33,"disagree":0,"lost":0,"scores":[0,0,0,0,0,0],"excluded":[false,false,false,false,false,false],"leader":null,"runner_up":null,"margin":0,"motor_dir":"FWD"}
2026-08-26T14:10:07-0700	ngr/loco/9950012/mm/marker	{"mm":8,"landmark":"","obs":"S","peak":240,"ms":156,"drift":0,"dt":1133,"timing_gate":"ACTIVE","dt_expected":1171,"dt_conserve_ratio":1.92,"pwm":90,"v":15.03}
2026-08-26T14:10:07-0700	ngr/loco/9950012/alert	{"level":"CLEAR","reason":"STATUS","loco":"9950012","uptime_ms":257171,"nav":"NORMAL","moving":1,"pwm":90,"est_mm_s":264,"dir":"CCW","session_dir":"CCW","mdir":"FWD","rear":8,"front":3,"env":1585,"lc_mm":8,"last_confirmed_landmark":"","age_ms":767,"since":0,"dead_reckoned_mm":8,"candidate_mm":-1,"viable":[],"lostm":0,"lost_ms":0,"agree":33,"disagree":0,"losts":0,"auto":0}
2026-08-26T14:10:08-0700	ngr/loco/9950012/state/start_mm	8
2026-08-26T14:10:08-0700	ngr/loco/9950012/state/loopstat	{"loop_max_gap_ms":23,"hall_task_max_gap_ms":2,"hall_task_age_ms":1,"baseline":1799,"raw":1805,"delta":6,"queue_drops":0,"floor_rejects":0,"queue_high_water":1,"mqtt_connect_ms":771,"mqtt_attempts":1,"pub_drops":0,"pub_queue_hw":1,"cmd_drops":0,"pub_per_s":4,"marker_pub_drops":0,"marker_pub_hw":1,"nav":"NORMAL","mm":8,"miss_streak":0,"pwm":90,"lost_markers":0,"lost_ms":0,"motor_dir":"FWD"}
2026-08-26T14:10:08-0700	ngr/loco/9950012/state/nav	{"event":"AGREE","state":"NORMAL","nav_state":"NORMAL","mm":7,"landmark":"","dir":"CCW","miss_streak":0,"obs":"S","expected":"S","peak":178,"ms":155,"drift":0,"dt":1191,"agree":34,"disagree":0,"lost":0,"scores":[0,0,0,0,0,0],"excluded":[false,false,false,false,false,false],"leader":null,"runner_up":null,"margin":0,"motor_dir":"FWD"}
2026-08-26T14:10:08-0700	ngr/loco/9950012/mm/marker	{"mm":7,"landmark":"","obs":"S","peak":178,"ms":155,"drift":0,"dt":1191,"timing_gate":"ACTIVE","dt_expected":1191,"dt_conserve_ratio":1.95,"pwm":90,"v":15.03}
2026-08-26T14:10:08-0700	ngr/loco/9950012/alert	{"level":"CLEAR","reason":"STATUS","loco":"9950012","uptime_ms":258171,"nav":"NORMAL","moving":1,"pwm":90,"est_mm_s":251,"dir":"CCW","session_dir":"CCW","mdir":"FWD","rear":7,"front":2,"env":1615,"lc_mm":7,"last_confirmed_landmark":"","age_ms":576,"since":0,"dead_reckoned_mm":7,"candidate_mm":-1,"viable":[],"lostm":0,"lost_ms":0,"agree":34,"disagree":0,"losts":0,"auto":0}
2026-08-26T14:10:09-0700	ngr/loco/9950012/state/start_mm	7
2026-08-26T14:10:09-0700	ngr/loco/9950012/state/loopstat	{"loop_max_gap_ms":23,"hall_task_max_gap_ms":2,"hall_task_age_ms":1,"baseline":1799,"raw":1800,"delta":1,"queue_drops":0,"floor_rejects":0,"queue_high_water":1,"mqtt_connect_ms":771,"mqtt_attempts":1,"pub_drops":0,"pub_queue_hw":1,"cmd_drops":0,"pub_per_s":4,"marker_pub_drops":0,"marker_pub_hw":1,"nav":"NORMAL","mm":7,"miss_streak":0,"pwm":90,"lost_markers":0,"lost_ms":0,"motor_dir":"FWD"}
2026-08-26T14:10:09-0700	ngr/loco/9950012/state/nav	{"event":"AGREE","state":"NORMAL","nav_state":"NORMAL","mm":6,"landmark":"","dir":"CCW","miss_streak":0,"obs":"N","expected":"N","peak":236,"ms":183,"drift":0,"dt":1286,"agree":35,"disagree":0,"lost":0,"scores":[0,0,0,0,0,0],"excluded":[false,false,false,false,false,false],"leader":null,"runner_up":null,"margin":0,"motor_dir":"FWD"}
2026-08-26T14:10:09-0700	ngr/loco/9950012/mm/marker	{"mm":6,"landmark":"","obs":"N","peak":236,"ms":183,"drift":0,"dt":1286,"timing_gate":"ACTIVE","dt_expected":1191,"dt_conserve_ratio":2.08,"pwm":90,"v":15.03}
2026-08-26T14:10:09-0700	ngr/loco/9950012/alert	{"level":"CLEAR","reason":"STATUS","loco":"9950012","uptime_ms":259171,"nav":"NORMAL","moving":1,"pwm":90,"est_mm_s":244,"dir":"CCW","session_dir":"CCW","mdir":"FWD","rear":6,"front":1,"env":1640,"lc_mm":6,"last_confirmed_landmark":"","age_ms":290,"since":0,"dead_reckoned_mm":6,"candidate_mm":-1,"viable":[],"lostm":0,"lost_ms":0,"agree":35,"disagree":0,"losts":0,"auto":0}
2026-08-26T14:10:10-0700	ngr/loco/9950012/state/start_mm	6
2026-08-26T14:10:10-0700	ngr/loco/9950012/state/loopstat	{"loop_max_gap_ms":23,"hall_task_max_gap_ms":2,"hall_task_age_ms":1,"baseline":1799,"raw":1800,"delta":1,"queue_drops":0,"floor_rejects":0,"queue_high_water":1,"mqtt_connect_ms":771,"mqtt_attempts":1,"pub_drops":0,"pub_queue_hw":1,"cmd_drops":0,"pub_per_s":4,"marker_pub_drops":0,"marker_pub_hw":1,"nav":"NORMAL","mm":6,"miss_streak":0,"pwm":90,"lost_markers":0,"lost_ms":0,"motor_dir":"FWD"}
2026-08-26T14:10:10-0700	ngr/loco/9950012/telem/voltage	15.02
2026-08-26T14:10:10-0700	ngr/loco/9950012/telem/current	0.35
2026-08-26T14:10:10-0700	ngr/loco/9950012/telem/power	5.20
2026-08-26T14:10:10-0700	ngr/loco/9950012/alert	{"level":"CLEAR","reason":"STATUS","loco":"9950012","uptime_ms":260171,"nav":"NORMAL","moving":1,"pwm":90,"est_mm_s":244,"dir":"CCW","session_dir":"CCW","mdir":"FWD","rear":6,"front":1,"env":1640,"lc_mm":6,"last_confirmed_landmark":"","age_ms":1290,"since":0,"dead_reckoned_mm":6,"candidate_mm":-1,"viable":[],"lostm":0,"lost_ms":0,"agree":35,"disagree":0,"losts":0,"auto":0}
2026-08-26T14:10:11-0700	ngr/loco/9950012/state/loopstat	{"loop_max_gap_ms":23,"hall_task_max_gap_ms":2,"hall_task_age_ms":1,"baseline":1799,"raw":1954,"delta":155,"queue_drops":0,"floor_rejects":0,"queue_high_water":0,"mqtt_connect_ms":771,"mqtt_attempts":1,"pub_drops":0,"pub_queue_hw":3,"cmd_drops":0,"pub_per_s":4,"marker_pub_drops":0,"marker_pub_hw":0,"nav":"NORMAL","mm":6,"miss_streak":0,"pwm":90,"lost_markers":0,"lost_ms":0,"motor_dir":"FWD"}
2026-08-26T14:10:11-0700	ngr/loco/9950012/state/nav	{"event":"AGREE","state":"NORMAL","nav_state":"NORMAL","mm":5,"landmark":"","dir":"CCW","miss_streak":0,"obs":"N","expected":"N","peak":215,"ms":175,"drift":0,"dt":1475,"agree":36,"disagree":0,"lost":0,"scores":[0,0,0,0,0,0],"excluded":[false,false,false,false,false,false],"leader":null,"runner_up":null,"margin":0,"motor_dir":"FWD"}
2026-08-26T14:10:11-0700	ngr/loco/9950012/mm/marker	{"mm":5,"landmark":"","obs":"N","peak":215,"ms":175,"drift":0,"dt":1475,"timing_gate":"ACTIVE","dt_expected":1250,"dt_conserve_ratio":2.21,"pwm":90,"v":15.02}
2026-08-26T14:10:11-0700	ngr/loco/9950012/alert	{"level":"CLEAR","reason":"STATUS","loco":"9950012","uptime_ms":261171,"nav":"NORMAL","moving":1,"pwm":90,"est_mm_s":223,"dir":"CCW","session_dir":"CCW","mdir":"FWD","rear":5,"front":0,"env":1640,"lc_mm":5,"last_confirmed_landmark":"","age_ms":815,"since":0,"dead_reckoned_mm":5,"candidate_mm":-1,"viable":[],"lostm":0,"lost_ms":0,"agree":36,"disagree":0,"losts":0,"auto":0}
2026-08-26T14:10:12-0700	ngr/loco/9950012/state/start_mm	5
2026-08-26T14:10:12-0700	ngr/loco/9950012/state/loopstat	{"loop_max_gap_ms":23,"hall_task_max_gap_ms":2,"hall_task_age_ms":1,"baseline":1800,"raw":1804,"delta":4,"queue_drops":0,"floor_rejects":0,"queue_high_water":1,"mqtt_connect_ms":771,"mqtt_attempts":1,"pub_drops":0,"pub_queue_hw":1,"cmd_drops":0,"pub_per_s":4,"marker_pub_drops":0,"marker_pub_hw":1,"nav":"NORMAL","mm":5,"miss_streak":0,"pwm":90,"lost_markers":0,"lost_ms":0,"motor_dir":"FWD"}
2026-08-26T14:10:12-0700	ngr/loco/9950012/state/nav	{"event":"AGREE","state":"NORMAL","nav_state":"NORMAL","mm":4,"landmark":"","dir":"CCW","miss_streak":0,"obs":"S","expected":"S","peak":247,"ms":174,"drift":0,"dt":1320,"agree":37,"disagree":0,"lost":0,"scores":[0,0,0,0,0,0],"excluded":[false,false,false,false,false,false],"leader":null,"runner_up":null,"margin":0,"motor_dir":"FWD"}
2026-08-26T14:10:12-0700	ngr/loco/9950012/mm/marker	{"mm":4,"landmark":"","obs":"S","peak":247,"ms":174,"drift":0,"dt":1320,"timing_gate":"ACTIVE","dt_expected":1310,"dt_conserve_ratio":2.13,"pwm":90,"v":15.02}
2026-08-26T14:10:12-0700	ngr/loco/9950012/alert	{"level":"CLEAR","reason":"STATUS","loco":"9950012","uptime_ms":262171,"nav":"NORMAL","moving":1,"pwm":90,"est_mm_s":246,"dir":"CCW","session_dir":"CCW","mdir":"FWD","rear":4,"front":170,"env":1645,"lc_mm":4,"last_confirmed_landmark":"","age_ms":495,"since":0,"dead_reckoned_mm":4,"candidate_mm":-1,"viable":[],"lostm":0,"lost_ms":0,"agree":37,"disagree":0,"losts":0,"auto":0}
2026-08-26T14:10:13-0700	ngr/loco/9950012/state/loopstat	{"loop_max_gap_ms":34,"hall_task_max_gap_ms":3,"hall_task_age_ms":1,"baseline":1800,"raw":1800,"delta":0,"queue_drops":0,"floor_rejects":0,"queue_high_water":0,"mqtt_connect_ms":771,"mqtt_attempts":1,"pub_drops":0,"pub_queue_hw":1,"cmd_drops":0,"pub_per_s":3,"marker_pub_drops":0,"marker_pub_hw":1,"nav":"NORMAL","mm":4,"miss_streak":0,"pwm":90,"lost_markers":0,"lost_ms":0,"motor_dir":"FWD"}
2026-08-26T14:10:13-0700	ngr/loco/9950012/state/start_mm	4
2026-08-26T14:10:13-0700	ngr/loco/9950012/state/nav	{"event":"AGREE","state":"NORMAL","nav_state":"NORMAL","mm":3,"landmark":"","dir":"CCW","miss_streak":0,"obs":"S","expected":"S","peak":266,"ms":181,"drift":0,"dt":1296,"agree":38,"disagree":0,"lost":0,"scores":[0,0,0,0,0,0],"excluded":[false,false,false,false,false,false],"leader":null,"runner_up":null,"margin":0,"motor_dir":"FWD"}
2026-08-26T14:10:13-0700	ngr/loco/9950012/mm/marker	{"mm":3,"landmark":"","obs":"S","peak":266,"ms":181,"drift":0,"dt":1296,"timing_gate":"ACTIVE","dt_expected":1290,"dt_conserve_ratio":2.03,"pwm":90,"v":15.02}
2026-08-26T14:10:13-0700	ngr/loco/9950012/alert	{"level":"CLEAR","reason":"STATUS","loco":"9950012","uptime_ms":263176,"nav":"NORMAL","moving":1,"pwm":90,"est_mm_s":243,"dir":"CCW","session_dir":"CCW","mdir":"FWD","rear":3,"front":169,"env":1660,"lc_mm":3,"last_confirmed_landmark":"","age_ms":204,"since":0,"dead_reckoned_mm":3,"candidate_mm":-1,"viable":[],"lostm":0,"lost_ms":0,"agree":38,"disagree":0,"losts":0,"auto":0}
2026-08-26T14:10:14-0700	ngr/loco/9950012/state/start_mm	3
2026-08-26T14:10:14-0700	ngr/loco/9950012/state/loopstat	{"loop_max_gap_ms":56,"hall_task_max_gap_ms":2,"hall_task_age_ms":1,"baseline":1800,"raw":1803,"delta":3,"queue_drops":0,"floor_rejects":0,"queue_high_water":1,"mqtt_connect_ms":771,"mqtt_attempts":1,"pub_drops":0,"pub_queue_hw":2,"cmd_drops":0,"pub_per_s":5,"marker_pub_drops":0,"marker_pub_hw":1,"nav":"NORMAL","mm":3,"miss_streak":0,"pwm":90,"lost_markers":0,"lost_ms":0,"motor_dir":"FWD"}
2026-08-26T14:10:14-0700	ngr/loco/9950012/alert	{"level":"CLEAR","reason":"STATUS","loco":"9950012","uptime_ms":264176,"nav":"NORMAL","moving":1,"pwm":90,"est_mm_s":243,"dir":"CCW","session_dir":"CCW","mdir":"FWD","rear":3,"front":169,"env":1660,"lc_mm":3,"last_confirmed_landmark":"","age_ms":1204,"since":0,"dead_reckoned_mm":3,"candidate_mm":-1,"viable":[],"lostm":0,"lost_ms":0,"agree":38,"disagree":0,"losts":0,"auto":0}
2026-08-26T14:10:15-0700	ngr/loco/9950012/state/loopstat	{"loop_max_gap_ms":34,"hall_task_max_gap_ms":2,"hall_task_age_ms":1,"baseline":1800,"raw":1790,"delta":-10,"queue_drops":0,"floor_rejects":0,"queue_high_water":0,"mqtt_connect_ms":771,"mqtt_attempts":1,"pub_drops":0,"pub_queue_hw":1,"cmd_drops":0,"pub_per_s":1,"marker_pub_drops":0,"marker_pub_hw":0,"nav":"NORMAL","mm":3,"miss_streak":0,"pwm":90,"lost_markers":0,"lost_ms":0,"motor_dir":"FWD"}
2026-08-26T14:10:15-0700	ngr/loco/9950012/state/nav	{"event":"AGREE","state":"NORMAL","nav_state":"NORMAL","mm":2,"landmark":"","dir":"CCW","miss_streak":0,"obs":"S","expected":"S","peak":247,"ms":169,"drift":0,"dt":1331,"agree":39,"disagree":0,"lost":0,"scores":[0,0,0,0,0,0],"excluded":[false,false,false,false,false,false],"leader":null,"runner_up":null,"margin":0,"motor_dir":"FWD"}
2026-08-26T14:10:15-0700	ngr/loco/9950012/mm/marker	{"mm":2,"landmark":"","obs":"S","peak":247,"ms":169,"drift":0,"dt":1331,"timing_gate":"ACTIVE","dt_expected":1250,"dt_conserve_ratio":2.10,"pwm":90,"v":15.02}
2026-08-26T14:10:15-0700	ngr/loco/9950012/telem/voltage	15.02
2026-08-26T14:10:15-0700	ngr/loco/9950012/telem/current	0.33
2026-08-26T14:10:15-0700	ngr/loco/9950012/telem/power	5.54
2026-08-26T14:10:15-0700	ngr/loco/9950012/alert	{"level":"CLEAR","reason":"STATUS","loco":"9950012","uptime_ms":265176,"nav":"NORMAL","moving":1,"pwm":90,"est_mm_s":247,"dir":"CCW","session_dir":"CCW","mdir":"FWD","rear":2,"front":168,"env":1660,"lc_mm":2,"last_confirmed_landmark":"","age_ms":873,"since":0,"dead_reckoned_mm":2,"candidate_mm":-1,"viable":[],"lostm":0,"lost_ms":0,"agree":39,"disagree":0,"losts":0,"auto":0}
2026-08-26T14:10:16-0700	ngr/loco/9950012/state/start_mm	2
2026-08-26T14:10:16-0700	ngr/loco/9950012/state/loopstat	{"loop_max_gap_ms":34,"hall_task_max_gap_ms":3,"hall_task_age_ms":1,"baseline":1800,"raw":1798,"delta":-2,"queue_drops":0,"floor_rejects":0,"queue_high_water":1,"mqtt_connect_ms":771,"mqtt_attempts":1,"pub_drops":0,"pub_queue_hw":3,"cmd_drops":0,"pub_per_s":7,"marker_pub_drops":0,"marker_pub_hw":1,"nav":"NORMAL","mm":2,"miss_streak":0,"pwm":90,"lost_markers":0,"lost_ms":0,"motor_dir":"FWD"}
2026-08-26T14:10:16-0700	ngr/loco/9950012/state/nav	{"event":"AGREE","state":"NORMAL","nav_state":"NORMAL","mm":1,"landmark":"","dir":"CCW","miss_streak":0,"obs":"N","expected":"N","peak":291,"ms":160,"drift":0,"dt":1319,"agree":40,"disagree":0,"lost":0,"scores":[0,0,0,0,0,0],"excluded":[false,false,false,false,false,false],"leader":null,"runner_up":null,"margin":0,"motor_dir":"FWD"}
2026-08-26T14:10:16-0700	ngr/loco/9950012/mm/marker	{"mm":1,"landmark":"","obs":"N","peak":291,"ms":160,"drift":0,"dt":1319,"timing_gate":"ACTIVE","dt_expected":1310,"dt_conserve_ratio":2.02,"pwm":90,"v":15.02}
2026-08-26T14:10:16-0700	ngr/loco/9950012/alert	{"level":"CLEAR","reason":"STATUS","loco":"9950012","uptime_ms":266176,"nav":"NORMAL","moving":1,"pwm":90,"est_mm_s":257,"dir":"CCW","session_dir":"CCW","mdir":"FWD","rear":1,"front":167,"env":1675,"lc_mm":1,"last_confirmed_landmark":"","age_ms":554,"since":0,"dead_reckoned_mm":1,"candidate_mm":-1,"viable":[],"lostm":0,"lost_ms":0,"agree":40,"disagree":0,"losts":0,"auto":0}
2026-08-26T14:10:17-0700	ngr/loco/9950012/state/start_mm	1
2026-08-26T14:10:17-0700	ngr/loco/9950012/state/loopstat	{"loop_max_gap_ms":33,"hall_task_max_gap_ms":2,"hall_task_age_ms":1,"baseline":1800,"raw":1801,"delta":1,"queue_drops":0,"floor_rejects":0,"queue_high_water":1,"mqtt_connect_ms":771,"mqtt_attempts":1,"pub_drops":0,"pub_queue_hw":1,"cmd_drops":0,"pub_per_s":4,"marker_pub_drops":0,"marker_pub_hw":1,"nav":"NORMAL","mm":1,"miss_streak":0,"pwm":90,"lost_markers":0,"lost_ms":0,"motor_dir":"FWD"}
2026-08-26T14:10:17-0700	ngr/loco/9950012/state/nav	{"event":"AGREE","state":"NORMAL","nav_state":"NORMAL","mm":0,"landmark":"Southpoint","dir":"CCW","miss_streak":0,"obs":"N","expected":"N","peak":212,"ms":165,"drift":0,"dt":1231,"agree":41,"disagree":0,"lost":0,"scores":[0,0,0,0,0,0],"excluded":[false,false,false,false,false,false],"leader":null,"runner_up":null,"margin":0,"motor_dir":"FWD"}
2026-08-26T14:10:17-0700	ngr/loco/9950012/mm/marker	{"mm":0,"landmark":"Southpoint","obs":"N","peak":212,"ms":165,"drift":0,"dt":1231,"timing_gate":"ACTIVE","dt_expected":1350,"dt_conserve_ratio":1.89,"pwm":90,"v":15.02}
2026-08-26T14:10:17-0700	ngr/loco/9950012/alert	{"level":"CLEAR","reason":"STATUS","loco":"9950012","uptime_ms":267176,"nav":"NORMAL","moving":1,"pwm":90,"est_mm_s":268,"dir":"CCW","session_dir":"CCW","mdir":"FWD","rear":0,"front":166,"env":1660,"lc_mm":0,"last_confirmed_landmark":"Southpoint","age_ms":323,"since":0,"dead_reckoned_mm":0,"candidate_mm":-1,"viable":[],"lostm":0,"lost_ms":0,"agree":41,"disagree":0,"losts":0,"auto":0}
2026-08-26T14:10:18-0700	ngr/loco/9950012/state/start_mm	0
2026-08-26T14:10:18-0700	ngr/loco/9950012/state/loopstat	{"loop_max_gap_ms":33,"hall_task_max_gap_ms":2,"hall_task_age_ms":1,"baseline":1800,"raw":1800,"delta":0,"queue_drops":0,"floor_rejects":0,"queue_high_water":1,"mqtt_connect_ms":771,"mqtt_attempts":1,"pub_drops":0,"pub_queue_hw":1,"cmd_drops":0,"pub_per_s":4,"marker_pub_drops":0,"marker_pub_hw":1,"nav":"NORMAL","mm":0,"miss_streak":0,"pwm":90,"lost_markers":0,"lost_ms":0,"motor_dir":"FWD"}
2026-08-26T14:10:18-0700	ngr/loco/9950012/alert	{"level":"CLEAR","reason":"STATUS","loco":"9950012","uptime_ms":268176,"nav":"NORMAL","moving":1,"pwm":90,"est_mm_s":268,"dir":"CCW","session_dir":"CCW","mdir":"FWD","rear":0,"front":166,"env":1660,"lc_mm":0,"last_confirmed_landmark":"Southpoint","age_ms":1323,"since":0,"dead_reckoned_mm":0,"candidate_mm":-1,"viable":[],"lostm":0,"lost_ms":0,"agree":41,"disagree":0,"losts":0,"auto":0}
2026-08-26T14:10:18-0700	ngr/loco/9950012/state/nav	{"event":"AGREE","state":"NORMAL","nav_state":"NORMAL","mm":170,"landmark":"","dir":"CCW","miss_streak":0,"obs":"S","expected":"S","peak":220,"ms":160,"drift":0,"dt":1251,"agree":42,"disagree":0,"lost":0,"scores":[0,0,0,0,0,0],"excluded":[false,false,false,false,false,false],"leader":null,"runner_up":null,"margin":0,"motor_dir":"FWD"}
2026-08-26T14:10:19-0700	ngr/loco/9950012/mm/marker	{"mm":170,"landmark":"","obs":"S","peak":220,"ms":160,"drift":0,"dt":1251,"timing_gate":"ACTIVE","dt_expected":1310,"dt_conserve_ratio":1.89,"pwm":90,"v":15.02}
2026-08-26T14:10:19-0700	ngr/loco/9950012/state/start_mm	170
2026-08-26T14:10:19-0700	ngr/loco/9950012/state/loopstat	{"loop_max_gap_ms":33,"hall_task_max_gap_ms":2,"hall_task_age_ms":1,"baseline":1800,"raw":1801,"delta":1,"queue_drops":0,"floor_rejects":0,"queue_high_water":1,"mqtt_connect_ms":771,"mqtt_attempts":1,"pub_drops":0,"pub_queue_hw":1,"cmd_drops":0,"pub_per_s":4,"marker_pub_drops":0,"marker_pub_hw":1,"nav":"NORMAL","mm":170,"miss_streak":0,"pwm":90,"lost_markers":0,"lost_ms":0,"motor_dir":"FWD"}
2026-08-26T14:10:19-0700	ngr/loco/9950012/alert	{"level":"CLEAR","reason":"STATUS","loco":"9950012","uptime_ms":269176,"nav":"NORMAL","moving":1,"pwm":90,"est_mm_s":263,"dir":"CCW","session_dir":"CCW","mdir":"FWD","rear":170,"front":165,"env":1655,"lc_mm":170,"last_confirmed_landmark":"","age_ms":1072,"since":0,"dead_reckoned_mm":170,"candidate_mm":-1,"viable":[],"lostm":0,"lost_ms":0,"agree":42,"disagree":0,"losts":0,"auto":0}
2026-08-26T14:10:20-0700	ngr/loco/9950012/state/loopstat	{"loop_max_gap_ms":34,"hall_task_max_gap_ms":2,"hall_task_age_ms":1,"baseline":1800,"raw":1955,"delta":155,"queue_drops":0,"floor_rejects":0,"queue_high_water":0,"mqtt_connect_ms":771,"mqtt_attempts":1,"pub_drops":0,"pub_queue_hw":1,"cmd_drops":0,"pub_per_s":1,"marker_pub_drops":0,"marker_pub_hw":0,"nav":"NORMAL","mm":170,"miss_streak":0,"pwm":90,"lost_markers":0,"lost_ms":0,"motor_dir":"FWD"}
2026-08-26T14:10:20-0700	ngr/loco/9950012/state/nav	{"event":"AGREE","state":"NORMAL","nav_state":"NORMAL","mm":169,"landmark":"","dir":"CCW","miss_streak":0,"obs":"N","expected":"N","peak":169,"ms":164,"drift":0,"dt":1281,"agree":43,"disagree":0,"lost":0,"scores":[0,0,0,0,0,0],"excluded":[false,false,false,false,false,false],"leader":null,"runner_up":null,"margin":0,"motor_dir":"FWD"}
2026-08-26T14:10:20-0700	ngr/loco/9950012/mm/marker	{"mm":169,"landmark":"","obs":"N","peak":169,"ms":164,"drift":0,"dt":1281,"timing_gate":"ACTIVE","dt_expected":1310,"dt_conserve_ratio":1.93,"pwm":90,"v":15.02}
2026-08-26T14:10:20-0700	ngr/loco/9950012/telem/voltage	14.99
2026-08-26T14:10:20-0700	ngr/loco/9950012/telem/current	0.37
2026-08-26T14:10:20-0700	ngr/loco/9950012/telem/power	6.41
2026-08-26T14:10:20-0700	ngr/loco/9950012/alert	{"level":"CLEAR","reason":"STATUS","loco":"9950012","uptime_ms":270176,"nav":"NORMAL","moving":1,"pwm":90,"est_mm_s":257,"dir":"CCW","session_dir":"CCW","mdir":"FWD","rear":169,"front":164,"env":1645,"lc_mm":169,"last_confirmed_landmark":"","age_ms":791,"since":0,"dead_reckoned_mm":169,"candidate_mm":-1,"viable":[],"lostm":0,"lost_ms":0,"agree":43,"disagree":0,"losts":0,"auto":0}
2026-08-26T14:10:21-0700	ngr/loco/9950012/state/loopstat	{"loop_max_gap_ms":34,"hall_task_max_gap_ms":3,"hall_task_age_ms":1,"baseline":1800,"raw":1799,"delta":-1,"queue_drops":0,"floor_rejects":0,"queue_high_water":1,"mqtt_connect_ms":771,"mqtt_attempts":1,"pub_drops":0,"pub_queue_hw":3,"cmd_drops":0,"pub_per_s":6,"marker_pub_drops":0,"marker_pub_hw":1,"nav":"NORMAL","mm":169,"miss_streak":0,"pwm":90,"lost_markers":0,"lost_ms":0,"motor_dir":"FWD"}
2026-08-26T14:10:21-0700	ngr/loco/9950012/state/start_mm	169
2026-08-26T14:10:21-0700	ngr/loco/9950012/state/nav	{"event":"AGREE","state":"NORMAL","nav_state":"NORMAL","mm":168,"landmark":"","dir":"CCW","miss_streak":0,"obs":"N","expected":"N","peak":203,"ms":171,"drift":0,"dt":1318,"agree":44,"disagree":0,"lost":0,"scores":[0,0,0,0,0,0],"excluded":[false,false,false,false,false,false],"leader":null,"runner_up":null,"margin":0,"motor_dir":"FWD"}
2026-08-26T14:10:21-0700	ngr/loco/9950012/mm/marker	{"mm":168,"landmark":"","obs":"N","peak":203,"ms":171,"drift":0,"dt":1318,"timing_gate":"ACTIVE","dt_expected":1310,"dt_conserve_ratio":1.98,"pwm":90,"v":14.99}
2026-08-26T14:10:21-0700	ngr/loco/9950012/alert	{"level":"CLEAR","reason":"STATUS","loco":"9950012","uptime_ms":271176,"nav":"NORMAL","moving":1,"pwm":90,"est_mm_s":250,"dir":"CCW","session_dir":"CCW","mdir":"FWD","rear":168,"front":163,"env":1645,"lc_mm":168,"last_confirmed_landmark":"","age_ms":473,"since":0,"dead_reckoned_mm":168,"candidate_mm":-1,"viable":[],"lostm":0,"lost_ms":0,"agree":44,"disagree":0,"losts":0,"auto":0}
2026-08-26T14:10:22-0700	ngr/loco/9950012/state/start_mm	168
2026-08-26T14:10:22-0700	ngr/loco/9950012/state/loopstat	{"loop_max_gap_ms":34,"hall_task_max_gap_ms":2,"hall_task_age_ms":1,"baseline":1801,"raw":1801,"delta":0,"queue_drops":0,"floor_rejects":0,"queue_high_water":1,"mqtt_connect_ms":771,"mqtt_attempts":1,"pub_drops":0,"pub_queue_hw":2,"cmd_drops":0,"pub_per_s":5,"marker_pub_drops":0,"marker_pub_hw":1,"nav":"NORMAL","mm":168,"miss_streak":0,"pwm":90,"lost_markers":0,"lost_ms":0,"motor_dir":"FWD"}
2026-08-26T14:10:22-0700	ngr/loco/9950012/alert	{"level":"CLEAR","reason":"STATUS","loco":"9950012","uptime_ms":272176,"nav":"NORMAL","moving":1,"pwm":90,"est_mm_s":250,"dir":"CCW","session_dir":"CCW","mdir":"FWD","rear":168,"front":163,"env":1645,"lc_mm":168,"last_confirmed_landmark":"","age_ms":1473,"since":0,"dead_reckoned_mm":168,"candidate_mm":-1,"viable":[],"lostm":0,"lost_ms":0,"agree":44,"disagree":0,"losts":0,"auto":0}
2026-08-26T14:10:23-0700	ngr/loco/9950012/state/nav	{"event":"AGREE","state":"NORMAL","nav_state":"NORMAL","mm":167,"landmark":"","dir":"CCW","miss_streak":0,"obs":"N","expected":"N","peak":191,"ms":173,"drift":0,"dt":1479,"agree":45,"disagree":0,"lost":0,"scores":[0,0,0,0,0,0],"excluded":[false,false,false,false,false,false],"leader":null,"runner_up":null,"margin":0,"motor_dir":"FWD"}
2026-08-26T14:10:23-0700	ngr/loco/9950012/mm/marker	{"mm":167,"landmark":"","obs":"N","peak":191,"ms":173,"drift":0,"dt":1479,"timing_gate":"ACTIVE","dt_expected":1310,"dt_conserve_ratio":2.13,"pwm":90,"v":14.99}
2026-08-26T14:10:23-0700	ngr/loco/9950012/state/start_mm	167
2026-08-26T14:10:23-0700	ngr/loco/9950012/state/loopstat	{"loop_max_gap_ms":34,"hall_task_max_gap_ms":2,"hall_task_age_ms":1,"baseline":1801,"raw":1799,"delta":-2,"queue_drops":0,"floor_rejects":0,"queue_high_water":1,"mqtt_connect_ms":771,"mqtt_attempts":1,"pub_drops":0,"pub_queue_hw":1,"cmd_drops":0,"pub_per_s":4,"marker_pub_drops":0,"marker_pub_hw":1,"nav":"NORMAL","mm":167,"miss_streak":0,"pwm":90,"lost_markers":0,"lost_ms":0,"motor_dir":"FWD"}
2026-08-26T14:10:23-0700	ngr/loco/9950012/alert	{"level":"CLEAR","reason":"STATUS","loco":"9950012","uptime_ms":273176,"nav":"NORMAL","moving":1,"pwm":90,"est_mm_s":240,"dir":"CCW","session_dir":"CCW","mdir":"FWD","rear":167,"front":162,"env":1620,"lc_mm":167,"last_confirmed_landmark":"","age_ms":994,"since":0,"dead_reckoned_mm":167,"candidate_mm":-1,"viable":[],"lostm":0,"lost_ms":0,"agree":45,"disagree":0,"losts":0,"auto":0}
2026-08-26T14:10:24-0700	ngr/loco/9950012/state/loopstat	{"loop_max_gap_ms":33,"hall_task_max_gap_ms":2,"hall_task_age_ms":1,"baseline":1801,"raw":1807,"delta":6,"queue_drops":0,"floor_rejects":0,"queue_high_water":0,"mqtt_connect_ms":771,"mqtt_attempts":1,"pub_drops":0,"pub_queue_hw":1,"cmd_drops":0,"pub_per_s":1,"marker_pub_drops":0,"marker_pub_hw":0,"nav":"NORMAL","mm":167,"miss_streak":0,"pwm":90,"lost_markers":0,"lost_ms":0,"motor_dir":"FWD"}
2026-08-26T14:10:24-0700	ngr/loco/9950012/state/nav	{"event":"AGREE","state":"NORMAL","nav_state":"NORMAL","mm":166,"landmark":"","dir":"CCW","miss_streak":0,"obs":"S","expected":"S","peak":186,"ms":201,"drift":0,"dt":1404,"agree":46,"disagree":0,"lost":0,"scores":[0,0,0,0,0,0],"excluded":[false,false,false,false,false,false],"leader":null,"runner_up":null,"margin":0,"motor_dir":"FWD"}
2026-08-26T14:10:24-0700	ngr/loco/9950012/mm/marker	{"mm":166,"landmark":"","obs":"S","peak":186,"ms":201,"drift":0,"dt":1404,"timing_gate":"ACTIVE","dt_expected":1409,"dt_conserve_ratio":2.04,"pwm":90,"v":14.99}
2026-08-26T14:10:24-0700	ngr/loco/9950012/alert	{"level":"CLEAR","reason":"STATUS","loco":"9950012","uptime_ms":274176,"nav":"NORMAL","moving":1,"pwm":90,"est_mm_s":224,"dir":"CCW","session_dir":"CCW","mdir":"FWD","rear":166,"front":161,"env":1610,"lc_mm":166,"last_confirmed_landmark":"","age_ms":590,"since":0,"dead_reckoned_mm":166,"candidate_mm":-1,"viable":[],"lostm":0,"lost_ms":0,"agree":46,"disagree":0,"losts":0,"auto":0}
2026-08-26T14:10:25-0700	ngr/loco/9950012/state/start_mm	166
2026-08-26T14:10:25-0700	ngr/loco/9950012/state/loopstat	{"loop_max_gap_ms":34,"hall_task_max_gap_ms":2,"hall_task_age_ms":1,"baseline":1801,"raw":1802,"delta":1,"queue_drops":0,"floor_rejects":0,"queue_high_water":1,"mqtt_connect_ms":771,"mqtt_attempts":1,"pub_drops":0,"pub_queue_hw":1,"cmd_drops":0,"pub_per_s":4,"marker_pub_drops":0,"marker_pub_hw":1,"nav":"NORMAL","mm":166,"miss_streak":0,"pwm":90,"lost_markers":0,"lost_ms":0,"motor_dir":"FWD"}
2026-08-26T14:10:25-0700	ngr/loco/9950012/telem/voltage	15.02
2026-08-26T14:10:25-0700	ngr/loco/9950012/telem/current	0.22
2026-08-26T14:10:25-0700	ngr/loco/9950012/telem/power	3.34
2026-08-26T14:10:25-0700	ngr/loco/9950012/alert	{"level":"CLEAR","reason":"STATUS","loco":"9950012","uptime_ms":275176,"nav":"NORMAL","moving":1,"pwm":90,"est_mm_s":224,"dir":"CCW","session_dir":"CCW","mdir":"FWD","rear":166,"front":161,"env":1610,"lc_mm":166,"last_confirmed_landmark":"","age_ms":1590,"since":0,"dead_reckoned_mm":166,"candidate_mm":-1,"viable":[],"lostm":0,"lost_ms":0,"agree":46,"disagree":0,"losts":0,"auto":0}
2026-08-26T14:10:25-0700	ngr/loco/9950012/state/nav	{"event":"AGREE","state":"NORMAL","nav_state":"NORMAL","mm":165,"landmark":"","dir":"CCW","miss_streak":0,"obs":"S","expected":"S","peak":210,"ms":172,"drift":0,"dt":1494,"agree":47,"disagree":0,"lost":0,"scores":[0,0,0,0,0,0],"excluded":[false,false,false,false,false,false],"leader":null,"runner_up":null,"margin":0,"motor_dir":"FWD"}
2026-08-26T14:10:26-0700	ngr/loco/9950012/mm/marker	{"mm":165,"landmark":"","obs":"S","peak":210,"ms":172,"drift":0,"dt":1494,"timing_gate":"ACTIVE","dt_expected":1250,"dt_conserve_ratio":2.32,"pwm":90,"v":15.02}
2026-08-26T14:10:26-0700	ngr/loco/9950012/state/start_mm	165
2026-08-26T14:10:26-0700	ngr/loco/9950012/state/loopstat	{"loop_max_gap_ms":34,"hall_task_max_gap_ms":2,"hall_task_age_ms":1,"baseline":1801,"raw":1803,"delta":2,"queue_drops":0,"floor_rejects":0,"queue_high_water":1,"mqtt_connect_ms":771,"mqtt_attempts":1,"pub_drops":0,"pub_queue_hw":3,"cmd_drops":0,"pub_per_s":7,"marker_pub_drops":0,"marker_pub_hw":1,"nav":"NORMAL","mm":165,"miss_streak":0,"pwm":90,"lost_markers":0,"lost_ms":0,"motor_dir":"FWD"}
2026-08-26T14:10:26-0700	ngr/loco/9950012/alert	{"level":"CLEAR","reason":"STATUS","loco":"9950012","uptime_ms":276176,"nav":"NORMAL","moving":1,"pwm":90,"est_mm_s":217,"dir":"CCW","session_dir":"CCW","mdir":"FWD","rear":165,"front":160,"env":1585,"lc_mm":165,"last_confirmed_landmark":"","age_ms":1096,"since":0,"dead_reckoned_mm":165,"candidate_mm":-1,"viable":[],"lostm":0,"lost_ms":0,"agree":47,"disagree":0,"losts":0,"auto":0}
2026-08-26T14:10:27-0700	ngr/loco/9950012/state/loopstat	{"loop_max_gap_ms":33,"hall_task_max_gap_ms":2,"hall_task_age_ms":1,"baseline":1801,"raw":1810,"delta":9,"queue_drops":0,"floor_rejects":0,"queue_high_water":0,"mqtt_connect_ms":771,"mqtt_attempts":1,"pub_drops":0,"pub_queue_hw":1,"cmd_drops":0,"pub_per_s":1,"marker_pub_drops":0,"marker_pub_hw":0,"nav":"NORMAL","mm":165,"miss_streak":0,"pwm":90,"lost_markers":0,"lost_ms":0,"motor_dir":"FWD"}
2026-08-26T14:10:27-0700	ngr/loco/9950012/state/nav	{"event":"AGREE","state":"NORMAL","nav_state":"NORMAL","mm":164,"landmark":"","dir":"CCW","miss_streak":0,"obs":"S","expected":"S","peak":181,"ms":174,"drift":0,"dt":1438,"agree":48,"disagree":0,"lost":0,"scores":[0,0,0,0,0,0],"excluded":[false,false,false,false,false,false],"leader":null,"runner_up":null,"margin":0,"motor_dir":"FWD"}
2026-08-26T14:10:27-0700	ngr/loco/9950012/mm/marker	{"mm":164,"landmark":"","obs":"S","peak":181,"ms":174,"drift":0,"dt":1438,"timing_gate":"ACTIVE","dt_expected":1290,"dt_conserve_ratio":2.27,"pwm":90,"v":15.02}
2026-08-26T14:10:27-0700	ngr/loco/9950012/alert	{"level":"CLEAR","reason":"STATUS","loco":"9950012","uptime_ms":277176,"nav":"NORMAL","moving":1,"pwm":90,"est_mm_s":222,"dir":"CCW","session_dir":"CCW","mdir":"FWD","rear":164,"front":159,"env":1565,"lc_mm":164,"last_confirmed_landmark":"","age_ms":658,"since":0,"dead_reckoned_mm":164,"candidate_mm":-1,"viable":[],"lostm":0,"lost_ms":0,"agree":48,"disagree":0,"losts":0,"auto":0}
2026-08-26T14:10:28-0700	ngr/loco/9950012/state/start_mm	164
2026-08-26T14:10:28-0700	ngr/loco/9950012/state/loopstat	{"loop_max_gap_ms":34,"hall_task_max_gap_ms":2,"hall_task_age_ms":1,"baseline":1801,"raw":1802,"delta":1,"queue_drops":0,"floor_rejects":0,"queue_high_water":1,"mqtt_connect_ms":771,"mqtt_attempts":1,"pub_drops":0,"pub_queue_hw":1,"cmd_drops":0,"pub_per_s":4,"marker_pub_drops":0,"marker_pub_hw":1,"nav":"NORMAL","mm":164,"miss_streak":0,"pwm":90,"lost_markers":0,"lost_ms":0,"motor_dir":"FWD"}
2026-08-26T14:10:28-0700	ngr/loco/9950012/state/nav	{"event":"AGREE","state":"NORMAL","nav_state":"NORMAL","mm":163,"landmark":"","dir":"CCW","miss_streak":0,"obs":"S","expected":"S","peak":181,"ms":172,"drift":0,"dt":1405,"agree":49,"disagree":0,"lost":0,"scores":[0,0,0,0,0,0],"excluded":[false,false,false,false,false,false],"leader":null,"runner_up":null,"margin":0,"motor_dir":"FWD"}
2026-08-26T14:10:28-0700	ngr/loco/9950012/mm/marker	{"mm":163,"landmark":"","obs":"S","peak":181,"ms":172,"drift":0,"dt":1405,"timing_gate":"ACTIVE","dt_expected":1270,"dt_conserve_ratio":2.24,"pwm":90,"v":15.02}
2026-08-26T14:10:28-0700	ngr/loco/9950012/alert	{"level":"CLEAR","reason":"STATUS","loco":"9950012","uptime_ms":278176,"nav":"NORMAL","moving":1,"pwm":90,"est_mm_s":234,"dir":"CCW","session_dir":"CCW","mdir":"FWD","rear":163,"front":158,"env":1555,"lc_mm":163,"last_confirmed_landmark":"","age_ms":253,"since":0,"dead_reckoned_mm":163,"candidate_mm":-1,"viable":[],"lostm":0,"lost_ms":0,"agree":49,"disagree":0,"losts":0,"auto":0}
2026-08-26T14:10:29-0700	ngr/loco/9950012/state/start_mm	163
2026-08-26T14:10:29-0700	ngr/loco/9950012/state/loopstat	{"loop_max_gap_ms":33,"hall_task_max_gap_ms":3,"hall_task_age_ms":1,"baseline":1801,"raw":1802,"delta":1,"queue_drops":0,"floor_rejects":0,"queue_high_water":1,"mqtt_connect_ms":771,"mqtt_attempts":1,"pub_drops":0,"pub_queue_hw":1,"cmd_drops":0,"pub_per_s":4,"marker_pub_drops":0,"marker_pub_hw":1,"nav":"NORMAL","mm":163,"miss_streak":0,"pwm":90,"lost_markers":0,"lost_ms":0,"motor_dir":"FWD"}
2026-08-26T14:10:29-0700	ngr/loco/9950012/alert	{"level":"CLEAR","reason":"STATUS","loco":"9950012","uptime_ms":279176,"nav":"NORMAL","moving":1,"pwm":90,"est_mm_s":234,"dir":"CCW","session_dir":"CCW","mdir":"FWD","rear":163,"front":158,"env":1555,"lc_mm":163,"last_confirmed_landmark":"","age_ms":1253,"since":0,"dead_reckoned_mm":163,"candidate_mm":-1,"viable":[],"lostm":0,"lost_ms":0,"agree":49,"disagree":0,"losts":0,"auto":0}
2026-08-26T14:10:30-0700	ngr/loco/9950012/state/loopstat	{"loop_max_gap_ms":34,"hall_task_max_gap_ms":3,"hall_task_age_ms":1,"baseline":1801,"raw":1935,"delta":134,"queue_drops":0,"floor_rejects":0,"queue_high_water":0,"mqtt_connect_ms":771,"mqtt_attempts":1,"pub_drops":0,"pub_queue_hw":1,"cmd_drops":0,"pub_per_s":1,"marker_pub_drops":0,"marker_pub_hw":0,"nav":"NORMAL","mm":163,"miss_streak":0,"pwm":90,"lost_markers":0,"lost_ms":0,"motor_dir":"FWD"}
2026-08-26T14:10:30-0700	ngr/loco/9950012/state/nav	{"event":"AGREE","state":"NORMAL","nav_state":"NORMAL","mm":162,"landmark":"","dir":"CCW","miss_streak":0,"obs":"N","expected":"N","peak":151,"ms":178,"drift":0,"dt":1449,"agree":50,"disagree":0,"lost":0,"scores":[0,0,0,0,0,0],"excluded":[false,false,false,false,false,false],"leader":null,"runner_up":null,"margin":0,"motor_dir":"FWD"}
2026-08-26T14:10:30-0700	ngr/loco/9950012/mm/marker	{"mm":162,"landmark":"","obs":"N","peak":151,"ms":178,"drift":0,"dt":1449,"timing_gate":"ACTIVE","dt_expected":1310,"dt_conserve_ratio":2.18,"pwm":90,"v":15.02}
2026-08-26T14:10:30-0700	ngr/loco/9950012/telem/voltage	15.02
2026-08-26T14:10:30-0700	ngr/loco/9950012/telem/current	0.40
2026-08-26T14:10:30-0700	ngr/loco/9950012/telem/power	6.00
2026-08-26T14:10:30-0700	ngr/loco/9950012/alert	{"level":"CLEAR","reason":"STATUS","loco":"9950012","uptime_ms":280176,"nav":"NORMAL","moving":1,"pwm":90,"est_mm_s":227,"dir":"CCW","session_dir":"CCW","mdir":"FWD","rear":162,"front":157,"env":1515,"lc_mm":162,"last_confirmed_landmark":"","age_ms":804,"since":0,"dead_reckoned_mm":162,"candidate_mm":-1,"viable":[],"lostm":0,"lost_ms":0,"agree":50,"disagree":0,"losts":0,"auto":0}
2026-08-26T14:10:31-0700	ngr/loco/9950012/state/start_mm	162
2026-08-26T14:10:31-0700	ngr/loco/9950012/state/loopstat	{"loop_max_gap_ms":34,"hall_task_max_gap_ms":4,"hall_task_age_ms":1,"baseline":1800,"raw":1806,"delta":6,"queue_drops":0,"floor_rejects":0,"queue_high_water":1,"mqtt_connect_ms":771,"mqtt_attempts":1,"pub_drops":0,"pub_queue_hw":3,"cmd_drops":0,"pub_per_s":7,"marker_pub_drops":0,"marker_pub_hw":1,"nav":"NORMAL","mm":162,"miss_streak":0,"pwm":90,"lost_markers":0,"lost_ms":0,"motor_dir":"FWD"}
2026-08-26T14:10:31-0700	ngr/loco/9950012/state/nav	{"event":"AGREE","state":"NORMAL","nav_state":"NORMAL","mm":161,"landmark":"","dir":"CCW","miss_streak":0,"obs":"S","expected":"S","peak":164,"ms":160,"drift":0,"dt":1239,"agree":51,"disagree":0,"lost":0,"scores":[0,0,0,0,0,0],"excluded":[false,false,false,false,false,false],"leader":null,"runner_up":null,"margin":0,"motor_dir":"FWD"}
2026-08-26T14:10:31-0700	ngr/loco/9950012/mm/marker	{"mm":161,"landmark":"","obs":"S","peak":164,"ms":160,"drift":0,"dt":1239,"timing_gate":"ACTIVE","dt_expected":1310,"dt_conserve_ratio":2.05,"pwm":90,"v":15.02}
2026-08-26T14:10:31-0700	ngr/loco/9950012/alert	{"level":"CLEAR","reason":"STATUS","loco":"9950012","uptime_ms":281176,"nav":"NORMAL","moving":1,"pwm":90,"est_mm_s":246,"dir":"CCW","session_dir":"CCW","mdir":"FWD","rear":161,"front":156,"env":1530,"lc_mm":161,"last_confirmed_landmark":"","age_ms":565,"since":0,"dead_reckoned_mm":161,"candidate_mm":-1,"viable":[],"lostm":0,"lost_ms":0,"agree":51,"disagree":0,"losts":0,"auto":0}
2026-08-26T14:10:32-0700	ngr/loco/9950012/state/start_mm	161
2026-08-26T14:10:32-0700	ngr/loco/9950012/state/loopstat	{"loop_max_gap_ms":33,"hall_task_max_gap_ms":3,"hall_task_age_ms":1,"baseline":1800,"raw":1802,"delta":2,"queue_drops":0,"floor_rejects":0,"queue_high_water":1,"mqtt_connect_ms":771,"mqtt_attempts":1,"pub_drops":0,"pub_queue_hw":1,"cmd_drops":0,"pub_per_s":4,"marker_pub_drops":0,"marker_pub_hw":1,"nav":"NORMAL","mm":161,"miss_streak":0,"pwm":90,"lost_markers":0,"lost_ms":0,"motor_dir":"FWD"}
2026-08-26T14:10:32-0700	ngr/loco/9950012/state/nav	{"event":"AGREE","state":"NORMAL","nav_state":"NORMAL","mm":160,"landmark":"","dir":"CCW","miss_streak":0,"obs":"N","expected":"N","peak":172,"ms":161,"drift":0,"dt":1341,"agree":52,"disagree":0,"lost":0,"scores":[0,0,0,0,0,0],"excluded":[false,false,false,false,false,false],"leader":null,"runner_up":null,"margin":0,"motor_dir":"FWD"}
2026-08-26T14:10:32-0700	ngr/loco/9950012/mm/marker	{"mm":160,"landmark":"","obs":"N","peak":172,"ms":161,"drift":0,"dt":1341,"timing_gate":"ACTIVE","dt_expected":1211,"dt_conserve_ratio":2.13,"pwm":90,"v":15.02}
2026-08-26T14:10:32-0700	ngr/loco/9950012/alert	{"level":"CLEAR","reason":"STATUS","loco":"9950012","uptime_ms":282176,"nav":"NORMAL","moving":1,"pwm":90,"est_mm_s":223,"dir":"CCW","session_dir":"CCW","mdir":"FWD","rear":160,"front":155,"env":1535,"lc_mm":160,"last_confirmed_landmark":"","age_ms":224,"since":0,"dead_reckoned_mm":160,"candidate_mm":-1,"viable":[],"lostm":0,"lost_ms":0,"agree":52,"disagree":0,"losts":0,"auto":0}
2026-08-26T14:10:33-0700	ngr/loco/9950012/state/start_mm	160
2026-08-26T14:10:33-0700	ngr/loco/9950012/state/loopstat	{"loop_max_gap_ms":34,"hall_task_max_gap_ms":2,"hall_task_age_ms":1,"baseline":1800,"raw":1801,"delta":1,"queue_drops":0,"floor_rejects":0,"queue_high_water":1,"mqtt_connect_ms":771,"mqtt_attempts":1,"pub_drops":0,"pub_queue_hw":1,"cmd_drops":0,"pub_per_s":4,"marker_pub_drops":0,"marker_pub_hw":1,"nav":"NORMAL","mm":160,"miss_streak":0,"pwm":90,"lost_markers":0,"lost_ms":0,"motor_dir":"FWD"}
2026-08-26T14:10:33-0700	ngr/loco/9950012/alert	{"level":"CLEAR","reason":"STATUS","loco":"9950012","uptime_ms":283176,"nav":"NORMAL","moving":1,"pwm":90,"est_mm_s":223,"dir":"CCW","session_dir":"CCW","mdir":"FWD","rear":160,"front":155,"env":1535,"lc_mm":160,"last_confirmed_landmark":"","age_ms":1224,"since":0,"dead_reckoned_mm":160,"candidate_mm":-1,"viable":[],"lostm":0,"lost_ms":0,"agree":52,"disagree":0,"losts":0,"auto":0}
2026-08-26T14:10:34-0700	ngr/loco/9950012/state/nav	{"event":"AGREE","state":"NORMAL","nav_state":"NORMAL","mm":159,"landmark":"","dir":"CCW","miss_streak":0,"obs":"S","expected":"S","peak":175,"ms":163,"drift":0,"dt":1168,"agree":53,"disagree":0,"lost":0,"scores":[0,0,0,0,0,0],"excluded":[false,false,false,false,false,false],"leader":null,"runner_up":null,"margin":0,"motor_dir":"FWD"}
2026-08-26T14:10:34-0700	ngr/loco/9950012/mm/marker	{"mm":159,"landmark":"","obs":"S","peak":175,"ms":163,"drift":0,"dt":1168,"timing_gate":"ACTIVE","dt_expected":1191,"dt_conserve_ratio":2.11,"pwm":90,"v":15.02}
2026-08-26T14:10:34-0700	ngr/loco/9950012/state/start_mm	159
2026-08-26T14:10:34-0700	ngr/loco/9950012/state/loopstat	{"loop_max_gap_ms":34,"hall_task_max_gap_ms":3,"hall_task_age_ms":1,"baseline":1800,"raw":1804,"delta":4,"queue_drops":0,"floor_rejects":0,"queue_high_water":1,"mqtt_connect_ms":771,"mqtt_attempts":1,"pub_drops":0,"pub_queue_hw":1,"cmd_drops":0,"pub_per_s":4,"marker_pub_drops":0,"marker_pub_hw":1,"nav":"NORMAL","mm":159,"miss_streak":0,"pwm":90,"lost_markers":0,"lost_ms":0,"motor_dir":"FWD"}
2026-08-26T14:10:34-0700	ngr/loco/9950012/alert	{"level":"CLEAR","reason":"STATUS","loco":"9950012","uptime_ms":284176,"nav":"NORMAL","moving":1,"pwm":90,"est_mm_s":256,"dir":"CCW","session_dir":"CCW","mdir":"FWD","rear":159,"front":154,"env":1535,"lc_mm":159,"last_confirmed_landmark":"","age_ms":1056,"since":0,"dead_reckoned_mm":159,"candidate_mm":-1,"viable":[],"lostm":0,"lost_ms":0,"agree":53,"disagree":0,"losts":0,"auto":0}
2026-08-26T14:10:35-0700	ngr/loco/9950012/state/loopstat	{"loop_max_gap_ms":34,"hall_task_max_gap_ms":2,"hall_task_age_ms":1,"baseline":1800,"raw":1644,"delta":-156,"queue_drops":0,"floor_rejects":0,"queue_high_water":0,"mqtt_connect_ms":771,"mqtt_attempts":1,"pub_drops":0,"pub_queue_hw":1,"cmd_drops":0,"pub_per_s":1,"marker_pub_drops":0,"marker_pub_hw":0,"nav":"NORMAL","mm":159,"miss_streak":0,"pwm":90,"lost_markers":0,"lost_ms":0,"motor_dir":"FWD"}
2026-08-26T14:10:35-0700	ngr/loco/9950012/state/nav	{"event":"AGREE","state":"NORMAL","nav_state":"NORMAL","mm":158,"landmark":"","dir":"CCW","miss_streak":0,"obs":"S","expected":"S","peak":187,"ms":158,"drift":0,"dt":1264,"agree":54,"disagree":0,"lost":0,"scores":[0,0,0,0,0,0],"excluded":[false,false,false,false,false,false],"leader":null,"runner_up":null,"margin":0,"motor_dir":"FWD"}
2026-08-26T14:10:35-0700	ngr/loco/9950012/mm/marker	{"mm":158,"landmark":"","obs":"S","peak":187,"ms":158,"drift":0,"dt":1264,"timing_gate":"ACTIVE","dt_expected":1191,"dt_conserve_ratio":2.04,"pwm":90,"v":15.02}
2026-08-26T14:10:35-0700	ngr/loco/9950012/telem/voltage	14.99
2026-08-26T14:10:35-0700	ngr/loco/9950012/telem/current	0.32
2026-08-26T14:10:35-0700	ngr/loco/9950012/telem/power	4.73
2026-08-26T14:10:35-0700	ngr/loco/9950012/alert	{"level":"CLEAR","reason":"STATUS","loco":"9950012","uptime_ms":285176,"nav":"NORMAL","moving":1,"pwm":90,"est_mm_s":253,"dir":"CCW","session_dir":"CCW","mdir":"FWD","rear":158,"front":153,"env":1515,"lc_mm":158,"last_confirmed_landmark":"","age_ms":792,"since":0,"dead_reckoned_mm":158,"candidate_mm":-1,"viable":[],"lostm":0,"lost_ms":0,"agree":54,"disagree":0,"losts":0,"auto":0}
2026-08-26T14:10:36-0700	ngr/loco/9950012/state/loopstat	{"loop_max_gap_ms":33,"hall_task_max_gap_ms":2,"hall_task_age_ms":1,"baseline":1800,"raw":1843,"delta":43,"queue_drops":0,"floor_rejects":0,"queue_high_water":1,"mqtt_connect_ms":771,"mqtt_attempts":1,"pub_drops":0,"pub_queue_hw":3,"cmd_drops":0,"pub_per_s":6,"marker_pub_drops":0,"marker_pub_hw":1,"nav":"NORMAL","mm":158,"miss_streak":0,"pwm":90,"lost_markers":0,"lost_ms":0,"motor_dir":"FWD"}
2026-08-26T14:10:36-0700	ngr/loco/9950012/state/start_mm	158
2026-08-26T14:10:36-0700	ngr/loco/9950012/state/nav	{"event":"AGREE","state":"NORMAL","nav_state":"NORMAL","mm":157,"landmark":"Bamboo","dir":"CCW","miss_streak":0,"obs":"N","expected":"N","peak":170,"ms":154,"drift":0,"dt":1079,"agree":55,"disagree":0,"lost":0,"scores":[0,0,0,0,0,0],"excluded":[false,false,false,false,false,false],"leader":null,"runner_up":null,"margin":0,"motor_dir":"FWD"}
2026-08-26T14:10:36-0700	ngr/loco/9950012/mm/marker	{"mm":157,"landmark":"Bamboo","obs":"N","peak":170,"ms":154,"drift":0,"dt":1079,"timing_gate":"ACTIVE","dt_expected":1270,"dt_conserve_ratio":1.84,"pwm":90,"v":14.99}
2026-08-26T14:10:36-0700	ngr/loco/9950012/alert	{"level":"CLEAR","reason":"STATUS","loco":"9950012","uptime_ms":286176,"nav":"NORMAL","moving":1,"pwm":90,"est_mm_s":268,"dir":"CCW","session_dir":"CCW","mdir":"FWD","rear":157,"front":152,"env":1530,"lc_mm":157,"last_confirmed_landmark":"Bamboo","age_ms":713,"since":0,"dead_reckoned_mm":157,"candidate_mm":-1,"viable":[],"lostm":0,"lost_ms":0,"agree":55,"disagree":0,"losts":0,"auto":0}
2026-08-26T14:10:37-0700	ngr/loco/9950012/state/start_mm	157
2026-08-26T14:10:37-0700	ngr/loco/9950012/state/loopstat	{"loop_max_gap_ms":34,"hall_task_max_gap_ms":2,"hall_task_age_ms":1,"baseline":1800,"raw":1804,"delta":4,"queue_drops":0,"floor_rejects":0,"queue_high_water":1,"mqtt_connect_ms":771,"mqtt_attempts":1,"pub_drops":0,"pub_queue_hw":2,"cmd_drops":0,"pub_per_s":5,"marker_pub_drops":0,"marker_pub_hw":1,"nav":"NORMAL","mm":157,"miss_streak":0,"pwm":90,"lost_markers":0,"lost_ms":0,"motor_dir":"FWD"}
2026-08-26T14:10:37-0700	ngr/loco/9950012/state/nav	{"event":"AGREE","state":"NORMAL","nav_state":"NORMAL","mm":156,"landmark":"","dir":"CCW","miss_streak":0,"obs":"S","expected":"S","peak":193,"ms":169,"drift":0,"dt":1252,"agree":56,"disagree":0,"lost":0,"scores":[0,0,0,0,0,0],"excluded":[false,false,false,false,false,false],"leader":null,"runner_up":null,"margin":0,"motor_dir":"FWD"}
2026-08-26T14:10:37-0700	ngr/loco/9950012/mm/marker	{"mm":156,"landmark":"","obs":"S","peak":193,"ms":169,"drift":0,"dt":1252,"timing_gate":"ACTIVE","dt_expected":1151,"dt_conserve_ratio":2.02,"pwm":90,"v":14.99}
2026-08-26T14:10:37-0700	ngr/loco/9950012/alert	{"level":"CLEAR","reason":"STATUS","loco":"9950012","uptime_ms":287176,"nav":"NORMAL","moving":1,"pwm":90,"est_mm_s":255,"dir":"CCW","session_dir":"CCW","mdir":"FWD","rear":156,"front":151,"env":1510,"lc_mm":156,"last_confirmed_landmark":"","age_ms":461,"since":0,"dead_reckoned_mm":156,"candidate_mm":-1,"viable":[],"lostm":0,"lost_ms":0,"agree":56,"disagree":0,"losts":0,"auto":0}
2026-08-26T14:10:38-0700	ngr/loco/9950012/state/start_mm	156
2026-08-26T14:10:38-0700	ngr/loco/9950012/state/loopstat	{"loop_max_gap_ms":34,"hall_task_max_gap_ms":2,"hall_task_age_ms":1,"baseline":1800,"raw":1799,"delta":-1,"queue_drops":0,"floor_rejects":0,"queue_high_water":1,"mqtt_connect_ms":771,"mqtt_attempts":1,"pub_drops":0,"pub_queue_hw":1,"cmd_drops":0,"pub_per_s":4,"marker_pub_drops":0,"marker_pub_hw":1,"nav":"NORMAL","mm":156,"miss_streak":0,"pwm":90,"lost_markers":0,"lost_ms":0,"motor_dir":"FWD"}
2026-08-26T14:10:38-0700	ngr/loco/9950012/state/nav	{"event":"AGREE","state":"NORMAL","nav_state":"NORMAL","mm":155,"landmark":"","dir":"CCW","miss_streak":0,"obs":"N","expected":"N","peak":181,"ms":171,"drift":0,"dt":1228,"agree":57,"disagree":0,"lost":0,"scores":[0,0,0,0,0,0],"excluded":[false,false,false,false,false,false],"leader":null,"runner_up":null,"margin":0,"motor_dir":"FWD"}
2026-08-26T14:10:38-0700	ngr/loco/9950012/mm/marker	{"mm":155,"landmark":"","obs":"N","peak":181,"ms":171,"drift":0,"dt":1228,"timing_gate":"ACTIVE","dt_expected":1270,"dt_conserve_ratio":1.95,"pwm":90,"v":14.99}
2026-08-26T14:10:38-0700	ngr/loco/9950012/alert	{"level":"CLEAR","reason":"STATUS","loco":"9950012","uptime_ms":288176,"nav":"NORMAL","moving":1,"pwm":90,"est_mm_s":248,"dir":"CCW","session_dir":"CCW","mdir":"FWD","rear":155,"front":150,"env":1505,"lc_mm":155,"last_confirmed_landmark":"","age_ms":233,"since":0,"dead_reckoned_mm":155,"candidate_mm":-1,"viable":[],"lostm":0,"lost_ms":0,"agree":57,"disagree":0,"losts":0,"auto":0}
2026-08-26T14:10:39-0700	ngr/loco/9950012/state/start_mm	155
2026-08-26T14:10:39-0700	ngr/loco/9950012/state/loopstat	{"loop_max_gap_ms":34,"hall_task_max_gap_ms":2,"hall_task_age_ms":1,"baseline":1800,"raw":1801,"delta":1,"queue_drops":0,"floor_rejects":0,"queue_high_water":0,"mqtt_connect_ms":771,"mqtt_attempts":1,"pub_drops":0,"pub_queue_hw":1,"cmd_drops":0,"pub_per_s":4,"marker_pub_drops":0,"marker_pub_hw":1,"nav":"NORMAL","mm":155,"miss_streak":0,"pwm":90,"lost_markers":0,"lost_ms":0,"motor_dir":"FWD"}
2026-08-26T14:10:39-0700	ngr/loco/9950012/alert	{"level":"CLEAR","reason":"STATUS","loco":"9950012","uptime_ms":289176,"nav":"NORMAL","moving":1,"pwm":90,"est_mm_s":248,"dir":"CCW","session_dir":"CCW","mdir":"FWD","rear":155,"front":150,"env":1505,"lc_mm":155,"last_confirmed_landmark":"","age_ms":1233,"since":0,"dead_reckoned_mm":155,"candidate_mm":-1,"viable":[],"lostm":0,"lost_ms":0,"agree":57,"disagree":0,"losts":0,"auto":0}
2026-08-26T14:10:39-0700	ngr/loco/9950012/state/nav	{"event":"AGREE","state":"NORMAL","nav_state":"NORMAL","mm":154,"landmark":"","dir":"CCW","miss_streak":0,"obs":"S","expected":"S","peak":171,"ms":156,"drift":0,"dt":1133,"agree":58,"disagree":0,"lost":0,"scores":[0,0,0,0,0,0],"excluded":[false,false,false,false,false,false],"leader":null,"runner_up":null,"margin":0,"motor_dir":"FWD"}
2026-08-26T14:10:39-0700	ngr/loco/9950012/mm/marker	{"mm":154,"landmark":"","obs":"S","peak":171,"ms":156,"drift":0,"dt":1133,"timing_gate":"ACTIVE","dt_expected":1211,"dt_conserve_ratio":1.95,"pwm":90,"v":14.99}
2026-08-26T14:10:40-0700	ngr/loco/9950012/state/start_mm	154
2026-08-26T14:10:40-0700	ngr/loco/9950012/state/loopstat	{"loop_max_gap_ms":33,"hall_task_max_gap_ms":2,"hall_task_age_ms":1,"baseline":1800,"raw":1804,"delta":4,"queue_drops":0,"floor_rejects":0,"queue_high_water":0,"mqtt_connect_ms":771,"mqtt_attempts":1,"pub_drops":0,"pub_queue_hw":1,"cmd_drops":0,"pub_per_s":4,"marker_pub_drops":0,"marker_pub_hw":1,"nav":"NORMAL","mm":154,"miss_streak":0,"pwm":90,"lost_markers":0,"lost_ms":0,"motor_dir":"FWD"}
2026-08-26T14:10:40-0700	ngr/loco/9950012/telem/voltage	14.97
2026-08-26T14:10:40-0700	ngr/loco/9950012/telem/current	0.43
2026-08-26T14:10:40-0700	ngr/loco/9950012/telem/power	6.39
2026-08-26T14:10:40-0700	ngr/loco/9950012/alert	{"level":"CLEAR","reason":"STATUS","loco":"9950012","uptime_ms":290176,"nav":"NORMAL","moving":1,"pwm":90,"est_mm_s":264,"dir":"CCW","session_dir":"CCW","mdir":"FWD","rear":154,"front":149,"env":1505,"lc_mm":154,"last_confirmed_landmark":"","age_ms":1100,"since":0,"dead_reckoned_mm":154,"candidate_mm":-1,"viable":[],"lostm":0,"lost_ms":0,"agree":58,"disagree":0,"losts":0,"auto":0}
2026-08-26T14:10:41-0700	ngr/loco/9950012/state/nav	{"event":"AGREE","state":"NORMAL","nav_state":"NORMAL","mm":153,"landmark":"","dir":"CCW","miss_streak":0,"obs":"N","expected":"N","peak":181,"ms":159,"drift":0,"dt":1126,"agree":59,"disagree":0,"lost":0,"scores":[0,0,0,0,0,0],"excluded":[false,false,false,false,false,false],"leader":null,"runner_up":null,"margin":0,"motor_dir":"FWD"}
2026-08-26T14:10:41-0700	ngr/loco/9950012/mm/marker	{"mm":153,"landmark":"","obs":"N","peak":181,"ms":159,"drift":0,"dt":1126,"timing_gate":"ACTIVE","dt_expected":1191,"dt_conserve_ratio":1.90,"pwm":90,"v":14.97}
2026-08-26T14:10:41-0700	ngr/loco/9950012/state/start_mm	153
2026-08-26T14:10:41-0700	ngr/loco/9950012/state/loopstat	{"loop_max_gap_ms":34,"hall_task_max_gap_ms":3,"hall_task_age_ms":1,"baseline":1800,"raw":1794,"delta":-6,"queue_drops":0,"floor_rejects":0,"queue_high_water":1,"mqtt_connect_ms":771,"mqtt_attempts":1,"pub_drops":0,"pub_queue_hw":3,"cmd_drops":0,"pub_per_s":7,"marker_pub_drops":0,"marker_pub_hw":1,"nav":"NORMAL","mm":153,"miss_streak":0,"pwm":90,"lost_markers":0,"lost_ms":0,"motor_dir":"FWD"}
2026-08-26T14:10:41-0700	ngr/loco/9950012/alert	{"level":"CLEAR","reason":"STATUS","loco":"9950012","uptime_ms":291176,"nav":"NORMAL","moving":1,"pwm":90,"est_mm_s":266,"dir":"CCW","session_dir":"CCW","mdir":"FWD","rear":153,"front":148,"env":1500,"lc_mm":153,"last_confirmed_landmark":"","age_ms":974,"since":0,"dead_reckoned_mm":153,"candidate_mm":-1,"viable":[],"lostm":0,"lost_ms":0,"agree":59,"disagree":0,"losts":0,"auto":0}
2026-08-26T14:10:42-0700	ngr/loco/9950012/state/nav	{"event":"AGREE","state":"NORMAL","nav_state":"NORMAL","mm":152,"landmark":"","dir":"CCW","miss_streak":0,"obs":"N","expected":"N","peak":148,"ms":163,"drift":0,"dt":1082,"agree":60,"disagree":0,"lost":0,"scores":[0,0,0,0,0,0],"excluded":[false,false,false,false,false,false],"leader":null,"runner_up":null,"margin":0,"motor_dir":"FWD"}
2026-08-26T14:10:42-0700	ngr/loco/9950012/mm/marker	{"mm":152,"landmark":"","obs":"N","peak":148,"ms":163,"drift":0,"dt":1082,"timing_gate":"ACTIVE","dt_expected":1191,"dt_conserve_ratio":1.85,"pwm":90,"v":14.97}
2026-08-26T14:10:42-0700	ngr/loco/9950012/state/start_mm	152
2026-08-26T14:10:42-0700	ngr/loco/9950012/state/loopstat	{"loop_max_gap_ms":34,"hall_task_max_gap_ms":2,"hall_task_age_ms":1,"baseline":1800,"raw":1802,"delta":2,"queue_drops":0,"floor_rejects":0,"queue_high_water":1,"mqtt_connect_ms":771,"mqtt_attempts":1,"pub_drops":0,"pub_queue_hw":1,"cmd_drops":0,"pub_per_s":4,"marker_pub_drops":0,"marker_pub_hw":1,"nav":"NORMAL","mm":152,"miss_streak":0,"pwm":90,"lost_markers":0,"lost_ms":0,"motor_dir":"FWD"}
2026-08-26T14:10:42-0700	ngr/loco/9950012/alert	{"level":"CLEAR","reason":"STATUS","loco":"9950012","uptime_ms":292176,"nav":"NORMAL","moving":1,"pwm":90,"est_mm_s":281,"dir":"CCW","session_dir":"CCW","mdir":"FWD","rear":152,"front":147,"env":1495,"lc_mm":152,"last_confirmed_landmark":"","age_ms":892,"since":0,"dead_reckoned_mm":152,"candidate_mm":-1,"viable":[],"lostm":0,"lost_ms":0,"agree":60,"disagree":0,"losts":0,"auto":0}
2026-08-26T14:10:43-0700	ngr/loco/9950012/state/loopstat	{"loop_max_gap_ms":33,"hall_task_max_gap_ms":2,"hall_task_age_ms":1,"baseline":1800,"raw":1791,"delta":-9,"queue_drops":0,"floor_rejects":0,"queue_high_water":0,"mqtt_connect_ms":771,"mqtt_attempts":1,"pub_drops":0,"pub_queue_hw":1,"cmd_drops":0,"pub_per_s":1,"marker_pub_drops":0,"marker_pub_hw":0,"nav":"NORMAL","mm":152,"miss_streak":0,"pwm":90,"lost_markers":0,"lost_ms":0,"motor_dir":"FWD"}
2026-08-26T14:10:43-0700	ngr/loco/9950012/state/nav	{"event":"AGREE","state":"NORMAL","nav_state":"NORMAL","mm":151,"landmark":"","dir":"CCW","miss_streak":0,"obs":"N","expected":"N","peak":170,"ms":166,"drift":1,"dt":1318,"agree":61,"disagree":0,"lost":0,"scores":[0,0,0,0,0,0],"excluded":[false,false,false,false,false,false],"leader":null,"runner_up":null,"margin":0,"motor_dir":"FWD"}
2026-08-26T14:10:43-0700	ngr/loco/9950012/mm/marker	{"mm":151,"landmark":"","obs":"N","peak":170,"ms":166,"drift":1,"dt":1318,"timing_gate":"ACTIVE","dt_expected":1211,"dt_conserve_ratio":1.98,"pwm":90,"v":14.97}
2026-08-26T14:10:43-0700	ngr/loco/9950012/alert	{"level":"CLEAR","reason":"STATUS","loco":"9950012","uptime_ms":293176,"nav":"NORMAL","moving":1,"pwm":90,"est_mm_s":227,"dir":"CCW","session_dir":"CCW","mdir":"FWD","rear":151,"front":146,"env":1500,"lc_mm":151,"last_confirmed_landmark":"","age_ms":574,"since":0,"dead_reckoned_mm":151,"candidate_mm":-1,"viable":[],"lostm":0,"lost_ms":0,"agree":61,"disagree":0,"losts":0,"auto":0}
2026-08-26T14:10:44-0700	ngr/loco/9950012/state/start_mm	151
2026-08-26T14:10:44-0700	ngr/loco/9950012/state/loopstat	{"loop_max_gap_ms":34,"hall_task_max_gap_ms":2,"hall_task_age_ms":1,"baseline":1801,"raw":1803,"delta":2,"queue_drops":0,"floor_rejects":0,"queue_high_water":1,"mqtt_connect_ms":771,"mqtt_attempts":1,"pub_drops":0,"pub_queue_hw":1,"cmd_drops":0,"pub_per_s":4,"marker_pub_drops":0,"marker_pub_hw":1,"nav":"NORMAL","mm":151,"miss_streak":0,"pwm":90,"lost_markers":0,"lost_ms":0,"motor_dir":"FWD"}
2026-08-26T14:10:44-0700	ngr/loco/9950012/state/nav	{"event":"AGREE","state":"NORMAL","nav_state":"NORMAL","mm":150,"landmark":"","dir":"CCW","miss_streak":0,"obs":"S","expected":"S","peak":176,"ms":173,"drift":0,"dt":1275,"agree":62,"disagree":0,"lost":0,"scores":[0,0,0,0,0,0],"excluded":[false,false,false,false,false,false],"leader":null,"runner_up":null,"margin":0,"motor_dir":"FWD"}
2026-08-26T14:10:44-0700	ngr/loco/9950012/mm/marker	{"mm":150,"landmark":"","obs":"S","peak":176,"ms":173,"drift":0,"dt":1275,"timing_gate":"ACTIVE","dt_expected":1191,"dt_conserve_ratio":2.18,"pwm":90,"v":14.97}
2026-08-26T14:10:44-0700	ngr/loco/9950012/alert	{"level":"CLEAR","reason":"STATUS","loco":"9950012","uptime_ms":294176,"nav":"NORMAL","moving":1,"pwm":90,"est_mm_s":235,"dir":"CCW","session_dir":"CCW","mdir":"FWD","rear":150,"front":145,"env":1500,"lc_mm":150,"last_confirmed_landmark":"","age_ms":299,"since":0,"dead_reckoned_mm":150,"candidate_mm":-1,"viable":[],"lostm":0,"lost_ms":0,"agree":62,"disagree":0,"losts":0,"auto":0}
2026-08-26T14:10:45-0700	ngr/loco/9950012/state/start_mm	150
2026-08-26T14:10:45-0700	ngr/loco/9950012/state/loopstat	{"loop_max_gap_ms":34,"hall_task_max_gap_ms":2,"hall_task_age_ms":1,"baseline":1801,"raw":1803,"delta":2,"queue_drops":0,"floor_rejects":0,"queue_high_water":1,"mqtt_connect_ms":771,"mqtt_attempts":1,"pub_drops":0,"pub_queue_hw":1,"cmd_drops":0,"pub_per_s":4,"marker_pub_drops":0,"marker_pub_hw":1,"nav":"NORMAL","mm":150,"miss_streak":0,"pwm":90,"lost_markers":0,"lost_ms":0,"motor_dir":"FWD"}
2026-08-26T14:10:45-0700	ngr/loco/9950012/telem/voltage	14.97
2026-08-26T14:10:45-0700	ngr/loco/9950012/telem/current	0.40
2026-08-26T14:10:45-0700	ngr/loco/9950012/telem/power	5.97
2026-08-26T14:10:45-0700	ngr/loco/9950012/alert	{"level":"CLEAR","reason":"STATUS","loco":"9950012","uptime_ms":295176,"nav":"NORMAL","moving":1,"pwm":90,"est_mm_s":235,"dir":"CCW","session_dir":"CCW","mdir":"FWD","rear":150,"front":145,"env":1500,"lc_mm":150,"last_confirmed_landmark":"","age_ms":1299,"since":0,"dead_reckoned_mm":150,"candidate_mm":-1,"viable":[],"lostm":0,"lost_ms":0,"agree":62,"disagree":0,"losts":0,"auto":0}
2026-08-26T14:10:46-0700	ngr/loco/9950012/state/nav	{"event":"AGREE","state":"NORMAL","nav_state":"NORMAL","mm":149,"landmark":"","dir":"CCW","miss_streak":0,"obs":"N","expected":"N","peak":162,"ms":174,"drift":0,"dt":1262,"agree":63,"disagree":0,"lost":0,"scores":[0,0,0,0,0,0],"excluded":[false,false,false,false,false,false],"leader":null,"runner_up":null,"margin":0,"motor_dir":"FWD"}
2026-08-26T14:10:46-0700	ngr/loco/9950012/mm/marker	{"mm":149,"landmark":"","obs":"N","peak":162,"ms":174,"drift":0,"dt":1262,"timing_gate":"ACTIVE","dt_expected":1191,"dt_conserve_ratio":2.13,"pwm":90,"v":14.97}
2026-08-26T14:10:46-0700	ngr/loco/9950012/state/start_mm	149
2026-08-26T14:10:46-0700	ngr/loco/9950012/state/loopstat	{"loop_max_gap_ms":34,"hall_task_max_gap_ms":2,"hall_task_age_ms":1,"baseline":1801,"raw":1796,"delta":-5,"queue_drops":0,"floor_rejects":0,"queue_high_water":1,"mqtt_connect_ms":771,"mqtt_attempts":1,"pub_drops":0,"pub_queue_hw":3,"cmd_drops":0,"pub_per_s":7,"marker_pub_drops":0,"marker_pub_hw":1,"nav":"NORMAL","mm":149,"miss_streak":0,"pwm":90,"lost_markers":0,"lost_ms":0,"motor_dir":"FWD"}
2026-08-26T14:10:46-0700	ngr/loco/9950012/alert	{"level":"CLEAR","reason":"STATUS","loco":"9950012","uptime_ms":296176,"nav":"NORMAL","moving":1,"pwm":90,"est_mm_s":237,"dir":"CCW","session_dir":"CCW","mdir":"FWD","rear":149,"front":144,"env":1505,"lc_mm":149,"last_confirmed_landmark":"","age_ms":1037,"since":0,"dead_reckoned_mm":149,"candidate_mm":-1,"viable":[],"lostm":0,"lost_ms":0,"agree":63,"disagree":0,"losts":0,"auto":0}
2026-08-26T14:10:47-0700	ngr/loco/9950012/state/loopstat	{"loop_max_gap_ms":34,"hall_task_max_gap_ms":2,"hall_task_age_ms":1,"baseline":1801,"raw":1774,"delta":-27,"queue_drops":0,"floor_rejects":0,"queue_high_water":0,"mqtt_connect_ms":771,"mqtt_attempts":1,"pub_drops":0,"pub_queue_hw":1,"cmd_drops":0,"pub_per_s":1,"marker_pub_drops":0,"marker_pub_hw":0,"nav":"NORMAL","mm":149,"miss_streak":0,"pwm":90,"lost_markers":0,"lost_ms":0,"motor_dir":"FWD"}
2026-08-26T14:10:47-0700	ngr/loco/9950012/state/nav	{"event":"AGREE","state":"NORMAL","nav_state":"NORMAL","mm":148,"landmark":"","dir":"CCW","miss_streak":0,"obs":"S","expected":"S","peak":157,"ms":155,"drift":0,"dt":1196,"agree":64,"disagree":0,"lost":0,"scores":[0,0,0,0,0,0],"excluded":[false,false,false,false,false,false],"leader":null,"runner_up":null,"margin":0,"motor_dir":"FWD"}
2026-08-26T14:10:47-0700	ngr/loco/9950012/mm/marker	{"mm":148,"landmark":"","obs":"S","peak":157,"ms":155,"drift":0,"dt":1196,"timing_gate":"ACTIVE","dt_expected":1191,"dt_conserve_ratio":2.06,"pwm":90,"v":14.97}
2026-08-26T14:10:47-0700	ngr/loco/9950012/alert	{"level":"CLEAR","reason":"STATUS","loco":"9950012","uptime_ms":297176,"nav":"NORMAL","moving":1,"pwm":90,"est_mm_s":246,"dir":"CCW","session_dir":"CCW","mdir":"FWD","rear":148,"front":143,"env":1510,"lc_mm":148,"last_confirmed_landmark":"","age_ms":841,"since":0,"dead_reckoned_mm":148,"candidate_mm":-1,"viable":[],"lostm":0,"lost_ms":0,"agree":64,"disagree":0,"losts":0,"auto":0}
2026-08-26T14:10:48-0700	ngr/loco/9950012/state/start_mm	148
2026-08-26T14:10:48-0700	ngr/loco/9950012/state/loopstat	{"loop_max_gap_ms":34,"hall_task_max_gap_ms":3,"hall_task_age_ms":1,"baseline":1801,"raw":1787,"delta":-14,"queue_drops":0,"floor_rejects":0,"queue_high_water":1,"mqtt_connect_ms":771,"mqtt_attempts":1,"pub_drops":0,"pub_queue_hw":1,"cmd_drops":0,"pub_per_s":4,"marker_pub_drops":0,"marker_pub_hw":1,"nav":"NORMAL","mm":148,"miss_streak":0,"pwm":90,"lost_markers":0,"lost_ms":0,"motor_dir":"FWD"}
2026-08-26T14:10:48-0700	ngr/loco/9950012/state/nav	{"event":"AGREE","state":"NORMAL","nav_state":"NORMAL","mm":147,"landmark":"","dir":"CCW","miss_streak":0,"obs":"N","expected":"N","peak":178,"ms":166,"drift":0,"dt":1222,"agree":65,"disagree":0,"lost":0,"scores":[0,0,0,0,0,0],"excluded":[false,false,false,false,false,false],"leader":null,"runner_up":null,"margin":0,"motor_dir":"FWD"}
2026-08-26T14:10:48-0700	ngr/loco/9950012/mm/marker	{"mm":147,"landmark":"","obs":"N","peak":178,"ms":166,"drift":0,"dt":1222,"timing_gate":"ACTIVE","dt_expected":1171,"dt_conserve_ratio":2.06,"pwm":90,"v":14.97}
2026-08-26T14:10:48-0700	ngr/loco/9950012/alert	{"level":"CLEAR","reason":"STATUS","loco":"9950012","uptime_ms":298176,"nav":"NORMAL","moving":1,"pwm":90,"est_mm_s":245,"dir":"CCW","session_dir":"CCW","mdir":"FWD","rear":147,"front":142,"env":1510,"lc_mm":147,"last_confirmed_landmark":"","age_ms":619,"since":0,"dead_reckoned_mm":147,"candidate_mm":-1,"viable":[],"lostm":0,"lost_ms":0,"agree":65,"disagree":0,"losts":0,"auto":0}
2026-08-26T14:10:49-0700	ngr/loco/9950012/state/start_mm	147
2026-08-26T14:10:49-0700	ngr/loco/9950012/state/loopstat	{"loop_max_gap_ms":34,"hall_task_max_gap_ms":3,"hall_task_age_ms":1,"baseline":1801,"raw":1800,"delta":-1,"queue_drops":0,"floor_rejects":0,"queue_high_water":1,"mqtt_connect_ms":771,"mqtt_attempts":1,"pub_drops":0,"pub_queue_hw":1,"cmd_drops":0,"pub_per_s":4,"marker_pub_drops":0,"marker_pub_hw":1,"nav":"NORMAL","mm":147,"miss_streak":0,"pwm":90,"lost_markers":0,"lost_ms":0,"motor_dir":"FWD"}
2026-08-26T14:10:49-0700	ngr/loco/9950012/state/nav	{"event":"AGREE","state":"NORMAL","nav_state":"NORMAL","mm":146,"landmark":"","dir":"CCW","miss_streak":0,"obs":"N","expected":"N","peak":175,"ms":162,"drift":0,"dt":1193,"agree":66,"disagree":0,"lost":0,"scores":[0,0,0,0,0,0],"excluded":[false,false,false,false,false,false],"leader":null,"runner_up":null,"margin":0,"motor_dir":"FWD"}
2026-08-26T14:10:49-0700	ngr/loco/9950012/mm/marker	{"mm":146,"landmark":"","obs":"N","peak":175,"ms":162,"drift":0,"dt":1193,"timing_gate":"ACTIVE","dt_expected":1191,"dt_conserve_ratio":2.03,"pwm":90,"v":14.97}
2026-08-26T14:10:49-0700	ngr/loco/9950012/alert	{"level":"CLEAR","reason":"STATUS","loco":"9950012","uptime_ms":299176,"nav":"NORMAL","moving":1,"pwm":90,"est_mm_s":255,"dir":"CCW","session_dir":"CCW","mdir":"FWD","rear":146,"front":141,"env":1505,"lc_mm":146,"last_confirmed_landmark":"","age_ms":426,"since":0,"dead_reckoned_mm":146,"candidate_mm":-1,"viable":[],"lostm":0,"lost_ms":0,"agree":66,"disagree":0,"losts":0,"auto":0}
2026-08-26T14:10:50-0700	ngr/loco/9950012/state/start_mm	146
2026-08-26T14:10:50-0700	ngr/loco/9950012/state/loopstat	{"loop_max_gap_ms":33,"hall_task_max_gap_ms":2,"hall_task_age_ms":1,"baseline":1801,"raw":1801,"delta":0,"queue_drops":0,"floor_rejects":0,"queue_high_water":1,"mqtt_connect_ms":771,"mqtt_attempts":1,"pub_drops":0,"pub_queue_hw":1,"cmd_drops":0,"pub_per_s":4,"marker_pub_drops":0,"marker_pub_hw":1,"nav":"NORMAL","mm":146,"miss_streak":0,"pwm":90,"lost_markers":0,"lost_ms":0,"motor_dir":"FWD"}
2026-08-26T14:10:50-0700	ngr/loco/9950012/telem/voltage	14.97
2026-08-26T14:10:50-0700	ngr/loco/9950012/telem/current	0.38
2026-08-26T14:10:50-0700	ngr/loco/9950012/telem/power	5.13
2026-08-26T14:10:50-0700	ngr/loco/9950012/state/nav	{"event":"AGREE","state":"NORMAL","nav_state":"NORMAL","mm":145,"landmark":"","dir":"CCW","miss_streak":0,"obs":"N","expected":"N","peak":166,"ms":172,"drift":0,"dt":1202,"agree":67,"disagree":0,"lost":0,"scores":[0,0,0,0,0,0],"excluded":[false,false,false,false,false,false],"leader":null,"runner_up":null,"margin":0,"motor_dir":"FWD"}
2026-08-26T14:10:50-0700	ngr/loco/9950012/mm/marker	{"mm":145,"landmark":"","obs":"N","peak":166,"ms":172,"drift":0,"dt":1202,"timing_gate":"ACTIVE","dt_expected":1211,"dt_conserve_ratio":1.98,"pwm":90,"v":14.97}
2026-08-26T14:10:50-0700	ngr/loco/9950012/alert	{"level":"CLEAR","reason":"STATUS","loco":"9950012","uptime_ms":300176,"nav":"NORMAL","moving":1,"pwm":90,"est_mm_s":249,"dir":"CCW","session_dir":"CCW","mdir":"FWD","rear":145,"front":140,"env":1505,"lc_mm":145,"last_confirmed_landmark":"","age_ms":224,"since":0,"dead_reckoned_mm":145,"candidate_mm":-1,"viable":[],"lostm":0,"lost_ms":0,"agree":67,"disagree":0,"losts":0,"auto":0}
2026-08-26T14:10:51-0700	ngr/loco/9950012/state/start_mm	145
2026-08-26T14:10:51-0700	ngr/loco/9950012/state/loopstat	{"loop_max_gap_ms":33,"hall_task_max_gap_ms":3,"hall_task_age_ms":1,"baseline":1801,"raw":1799,"delta":-2,"queue_drops":0,"floor_rejects":0,"queue_high_water":0,"mqtt_connect_ms":771,"mqtt_attempts":1,"pub_drops":0,"pub_queue_hw":3,"cmd_drops":0,"pub_per_s":7,"marker_pub_drops":0,"marker_pub_hw":1,"nav":"NORMAL","mm":145,"miss_streak":0,"pwm":90,"lost_markers":0,"lost_ms":0,"motor_dir":"FWD"}
2026-08-26T14:10:51-0700	ngr/loco/9950012/alert	{"level":"CLEAR","reason":"STATUS","loco":"9950012","uptime_ms":301176,"nav":"NORMAL","moving":1,"pwm":90,"est_mm_s":249,"dir":"CCW","session_dir":"CCW","mdir":"FWD","rear":145,"front":140,"env":1505,"lc_mm":145,"last_confirmed_landmark":"","age_ms":1224,"since":0,"dead_reckoned_mm":145,"candidate_mm":-1,"viable":[],"lostm":0,"lost_ms":0,"agree":67,"disagree":0,"losts":0,"auto":0}
2026-08-26T14:10:52-0700	ngr/loco/9950012/state/nav	{"event":"AGREE","state":"NORMAL","nav_state":"NORMAL","mm":144,"landmark":"","dir":"CCW","miss_streak":0,"obs":"N","expected":"N","peak":147,"ms":151,"drift":0,"dt":1303,"agree":68,"disagree":0,"lost":0,"scores":[0,0,0,0,0,0],"excluded":[false,false,false,false,false,false],"leader":null,"runner_up":null,"margin":0,"motor_dir":"FWD"}
2026-08-26T14:10:52-0700	ngr/loco/9950012/mm/marker	{"mm":144,"landmark":"","obs":"N","peak":147,"ms":151,"drift":0,"dt":1303,"timing_gate":"ACTIVE","dt_expected":1191,"dt_conserve_ratio":2.10,"pwm":90,"v":14.97}
2026-08-26T14:10:52-0700	ngr/loco/9950012/state/start_mm	144
2026-08-26T14:10:52-0700	ngr/loco/9950012/state/loopstat	{"loop_max_gap_ms":34,"hall_task_max_gap_ms":2,"hall_task_age_ms":1,"baseline":1801,"raw":1798,"delta":-3,"queue_drops":0,"floor_rejects":0,"queue_high_water":0,"mqtt_connect_ms":771,"mqtt_attempts":1,"pub_drops":0,"pub_queue_hw":1,"cmd_drops":0,"pub_per_s":4,"marker_pub_drops":0,"marker_pub_hw":1,"nav":"NORMAL","mm":144,"miss_streak":0,"pwm":90,"lost_markers":0,"lost_ms":0,"motor_dir":"FWD"}
2026-08-26T14:10:52-0700	ngr/loco/9950012/alert	{"level":"CLEAR","reason":"STATUS","loco":"9950012","uptime_ms":302176,"nav":"NORMAL","moving":1,"pwm":90,"est_mm_s":234,"dir":"CCW","session_dir":"CCW","mdir":"FWD","rear":144,"front":139,"env":1500,"lc_mm":144,"last_confirmed_landmark":"","age_ms":921,"since":0,"dead_reckoned_mm":144,"candidate_mm":-1,"viable":[],"lostm":0,"lost_ms":0,"agree":68,"disagree":0,"losts":0,"auto":0}
2026-08-26T14:10:53-0700	ngr/loco/9950012/state/loopstat	{"loop_max_gap_ms":34,"hall_task_max_gap_ms":2,"hall_task_age_ms":1,"baseline":1801,"raw":1642,"delta":-159,"queue_drops":0,"floor_rejects":0,"queue_high_water":0,"mqtt_connect_ms":771,"mqtt_attempts":1,"pub_drops":0,"pub_queue_hw":1,"cmd_drops":0,"pub_per_s":1,"marker_pub_drops":0,"marker_pub_hw":0,"nav":"NORMAL","mm":144,"miss_streak":0,"pwm":90,"lost_markers":0,"lost_ms":0,"motor_dir":"FWD"}
2026-08-26T14:10:53-0700	ngr/loco/9950012/state/nav	{"event":"AGREE","state":"NORMAL","nav_state":"NORMAL","mm":143,"landmark":"","dir":"CCW","miss_streak":0,"obs":"S","expected":"S","peak":167,"ms":158,"drift":0,"dt":1165,"agree":69,"disagree":0,"lost":0,"scores":[0,0,0,0,0,0],"excluded":[false,false,false,false,false,false],"leader":null,"runner_up":null,"margin":0,"motor_dir":"FWD"}
2026-08-26T14:10:53-0700	ngr/loco/9950012/mm/marker	{"mm":143,"landmark":"","obs":"S","peak":167,"ms":158,"drift":0,"dt":1165,"timing_gate":"ACTIVE","dt_expected":1211,"dt_conserve_ratio":2.04,"pwm":90,"v":14.97}
2026-08-26T14:10:53-0700	ngr/loco/9950012/alert	{"level":"CLEAR","reason":"STATUS","loco":"9950012","uptime_ms":303176,"nav":"NORMAL","moving":1,"pwm":90,"est_mm_s":257,"dir":"CCW","session_dir":"CCW","mdir":"FWD","rear":143,"front":138,"env":1500,"lc_mm":143,"last_confirmed_landmark":"","age_ms":756,"since":0,"dead_reckoned_mm":143,"candidate_mm":-1,"viable":[],"lostm":0,"lost_ms":0,"agree":69,"disagree":0,"losts":0,"auto":0}
2026-08-26T14:10:54-0700	ngr/loco/9950012/state/start_mm	143
2026-08-26T14:10:54-0700	ngr/loco/9950012/state/loopstat	{"loop_max_gap_ms":34,"hall_task_max_gap_ms":2,"hall_task_age_ms":1,"baseline":1801,"raw":1790,"delta":-11,"queue_drops":0,"floor_rejects":0,"queue_high_water":1,"mqtt_connect_ms":771,"mqtt_attempts":1,"pub_drops":0,"pub_queue_hw":1,"cmd_drops":0,"pub_per_s":4,"marker_pub_drops":0,"marker_pub_hw":1,"nav":"NORMAL","mm":143,"miss_streak":0,"pwm":90,"lost_markers":0,"lost_ms":0,"motor_dir":"FWD"}
2026-08-26T14:10:54-0700	ngr/loco/9950012/state/nav	{"event":"AGREE","state":"NORMAL","nav_state":"NORMAL","mm":142,"landmark":"","dir":"CCW","miss_streak":0,"obs":"N","expected":"N","peak":138,"ms":169,"drift":0,"dt":1180,"agree":70,"disagree":0,"lost":0,"scores":[0,0,0,0,0,0],"excluded":[false,false,false,false,false,false],"leader":null,"runner_up":null,"margin":0,"motor_dir":"FWD"}
2026-08-26T14:10:54-0700	ngr/loco/9950012/mm/marker	{"mm":142,"landmark":"","obs":"N","peak":138,"ms":169,"drift":0,"dt":1180,"timing_gate":"ACTIVE","dt_expected":1191,"dt_conserve_ratio":1.97,"pwm":90,"v":14.97}
2026-08-26T14:10:54-0700	ngr/loco/9950012/alert	{"level":"CLEAR","reason":"STATUS","loco":"9950012","uptime_ms":304176,"nav":"NORMAL","moving":1,"pwm":90,"est_mm_s":254,"dir":"CCW","session_dir":"CCW","mdir":"FWD","rear":142,"front":137,"env":1500,"lc_mm":142,"last_confirmed_landmark":"","age_ms":576,"since":0,"dead_reckoned_mm":142,"candidate_mm":-1,"viable":[],"lostm":0,"lost_ms":0,"agree":70,"disagree":0,"losts":0,"auto":0}
2026-08-26T14:10:55-0700	ngr/loco/9950012/state/start_mm	142
2026-08-26T14:10:55-0700	ngr/loco/9950012/state/loopstat	{"loop_max_gap_ms":34,"hall_task_max_gap_ms":3,"hall_task_age_ms":1,"baseline":1801,"raw":1804,"delta":3,"queue_drops":0,"floor_rejects":0,"queue_high_water":1,"mqtt_connect_ms":771,"mqtt_attempts":1,"pub_drops":0,"pub_queue_hw":1,"cmd_drops":0,"pub_per_s":4,"marker_pub_drops":0,"marker_pub_hw":1,"nav":"NORMAL","mm":142,"miss_streak":0,"pwm":90,"lost_markers":0,"lost_ms":0,"motor_dir":"FWD"}
2026-08-26T14:10:55-0700	ngr/loco/9950012/state/nav	{"event":"AGREE","state":"NORMAL","nav_state":"NORMAL","mm":141,"landmark":"","dir":"CCW","miss_streak":0,"obs":"S","expected":"S","peak":147,"ms":169,"drift":0,"dt":1185,"agree":71,"disagree":0,"lost":0,"scores":[0,0,0,0,0,0],"excluded":[false,false,false,false,false,false],"leader":null,"runner_up":null,"margin":0,"motor_dir":"FWD"}
2026-08-26T14:10:55-0700	ngr/loco/9950012/mm/marker	{"mm":141,"landmark":"","obs":"S","peak":147,"ms":169,"drift":0,"dt":1185,"timing_gate":"ACTIVE","dt_expected":1191,"dt_conserve_ratio":1.99,"pwm":90,"v":14.97}
2026-08-26T14:10:55-0700	ngr/loco/9950012/telem/voltage	14.99
2026-08-26T14:10:55-0700	ngr/loco/9950012/telem/current	0.38
2026-08-26T14:10:55-0700	ngr/loco/9950012/telem/power	5.86
2026-08-26T14:10:55-0700	ngr/loco/9950012/alert	{"level":"CLEAR","reason":"STATUS","loco":"9950012","uptime_ms":305176,"nav":"NORMAL","moving":1,"pwm":90,"est_mm_s":253,"dir":"CCW","session_dir":"CCW","mdir":"FWD","rear":141,"front":136,"env":1500,"lc_mm":141,"last_confirmed_landmark":"","age_ms":391,"since":0,"dead_reckoned_mm":141,"candidate_mm":-1,"viable":[],"lostm":0,"lost_ms":0,"agree":71,"disagree":0,"losts":0,"auto":0}
2026-08-26T14:10:56-0700	ngr/loco/9950012/state/start_mm	141
2026-08-26T14:10:56-0700	ngr/loco/9950012/state/loopstat	{"loop_max_gap_ms":34,"hall_task_max_gap_ms":2,"hall_task_age_ms":1,"baseline":1801,"raw":1802,"delta":1,"queue_drops":0,"floor_rejects":0,"queue_high_water":1,"mqtt_connect_ms":771,"mqtt_attempts":1,"pub_drops":0,"pub_queue_hw":3,"cmd_drops":0,"pub_per_s":7,"marker_pub_drops":0,"marker_pub_hw":1,"nav":"NORMAL","mm":141,"miss_streak":0,"pwm":90,"lost_markers":0,"lost_ms":0,"motor_dir":"FWD"}
2026-08-26T14:10:56-0700	ngr/loco/9950012/state/nav	{"event":"AGREE","state":"NORMAL","nav_state":"NORMAL","mm":140,"landmark":"Eastpoint","dir":"CCW","miss_streak":0,"obs":"S","expected":"S","peak":107,"ms":175,"drift":0,"dt":1203,"agree":72,"disagree":0,"lost":0,"scores":[0,0,0,0,0,0],"excluded":[false,false,false,false,false,false],"leader":null,"runner_up":null,"margin":0,"motor_dir":"FWD"}
2026-08-26T14:10:56-0700	ngr/loco/9950012/mm/marker	{"mm":140,"landmark":"Eastpoint","obs":"S","peak":107,"ms":175,"drift":0,"dt":1203,"timing_gate":"ACTIVE","dt_expected":1191,"dt_conserve_ratio":2.00,"pwm":90,"v":14.99}
2026-08-26T14:10:56-0700	ngr/loco/9950012/alert	{"level":"CLEAR","reason":"STATUS","loco":"9950012","uptime_ms":306186,"nav":"NORMAL","moving":1,"pwm":90,"est_mm_s":249,"dir":"CCW","session_dir":"CCW","mdir":"FWD","rear":140,"front":135,"env":1500,"lc_mm":140,"last_confirmed_landmark":"Eastpoint","age_ms":198,"since":0,"dead_reckoned_mm":140,"candidate_mm":-1,"viable":[],"lostm":0,"lost_ms":0,"agree":72,"disagree":0,"losts":0,"auto":0}
2026-08-26T14:10:57-0700	ngr/loco/9950012/state/start_mm	140
2026-08-26T14:10:57-0700	ngr/loco/9950012/state/loopstat	{"loop_max_gap_ms":56,"hall_task_max_gap_ms":2,"hall_task_age_ms":1,"baseline":1801,"raw":1801,"delta":0,"queue_drops":0,"floor_rejects":0,"queue_high_water":1,"mqtt_connect_ms":771,"mqtt_attempts":1,"pub_drops":0,"pub_queue_hw":1,"cmd_drops":0,"pub_per_s":4,"marker_pub_drops":0,"marker_pub_hw":1,"nav":"NORMAL","mm":140,"miss_streak":0,"pwm":90,"lost_markers":0,"lost_ms":0,"motor_dir":"FWD"}
2026-08-26T14:10:57-0700	ngr/loco/9950012/alert	{"level":"CLEAR","reason":"STATUS","loco":"9950012","uptime_ms":307186,"nav":"NORMAL","moving":1,"pwm":90,"est_mm_s":249,"dir":"CCW","session_dir":"CCW","mdir":"FWD","rear":140,"front":135,"env":1500,"lc_mm":140,"last_confirmed_landmark":"Eastpoint","age_ms":1198,"since":0,"dead_reckoned_mm":140,"candidate_mm":-1,"viable":[],"lostm":0,"lost_ms":0,"agree":72,"disagree":0,"losts":0,"auto":0}
2026-08-26T14:10:58-0700	ngr/loco/9950012/state/nav	{"event":"AGREE","state":"NORMAL","nav_state":"NORMAL","mm":139,"landmark":"","dir":"CCW","miss_streak":0,"obs":"S","expected":"S","peak":152,"ms":169,"drift":0,"dt":1208,"agree":73,"disagree":0,"lost":0,"scores":[0,0,0,0,0,0],"excluded":[false,false,false,false,false,false],"leader":null,"runner_up":null,"margin":0,"motor_dir":"FWD"}
2026-08-26T14:10:58-0700	ngr/loco/9950012/mm/marker	{"mm":139,"landmark":"","obs":"S","peak":152,"ms":169,"drift":0,"dt":1208,"timing_gate":"ACTIVE","dt_expected":1191,"dt_conserve_ratio":2.02,"pwm":90,"v":14.99}
2026-08-26T14:10:58-0700	ngr/loco/9950012/state/start_mm	139
2026-08-26T14:10:58-0700	ngr/loco/9950012/state/loopstat	{"loop_max_gap_ms":34,"hall_task_max_gap_ms":2,"hall_task_age_ms":1,"baseline":1801,"raw":1806,"delta":5,"queue_drops":0,"floor_rejects":0,"queue_high_water":1,"mqtt_connect_ms":771,"mqtt_attempts":1,"pub_drops":0,"pub_queue_hw":1,"cmd_drops":0,"pub_per_s":4,"marker_pub_drops":0,"marker_pub_hw":1,"nav":"NORMAL","mm":139,"miss_streak":0,"pwm":90,"lost_markers":0,"lost_ms":0,"motor_dir":"FWD"}
2026-08-26T14:10:58-0700	ngr/loco/9950012/alert	{"level":"CLEAR","reason":"STATUS","loco":"9950012","uptime_ms":308186,"nav":"NORMAL","moving":1,"pwm":90,"est_mm_s":248,"dir":"CCW","session_dir":"CCW","mdir":"FWD","rear":139,"front":134,"env":1500,"lc_mm":139,"last_confirmed_landmark":"","age_ms":990,"since":0,"dead_reckoned_mm":139,"candidate_mm":-1,"viable":[],"lostm":0,"lost_ms":0,"agree":73,"disagree":0,"losts":0,"auto":0}
2026-08-26T14:10:59-0700	ngr/loco/9950012/state/loopstat	{"loop_max_gap_ms":33,"hall_task_max_gap_ms":2,"hall_task_age_ms":1,"baseline":1801,"raw":1696,"delta":-105,"queue_drops":0,"floor_rejects":0,"queue_high_water":0,"mqtt_connect_ms":771,"mqtt_attempts":1,"pub_drops":0,"pub_queue_hw":1,"cmd_drops":0,"pub_per_s":1,"marker_pub_drops":0,"marker_pub_hw":0,"nav":"NORMAL","mm":139,"miss_streak":0,"pwm":90,"lost_markers":0,"lost_ms":0,"motor_dir":"FWD"}
2026-08-26T14:10:59-0700	ngr/loco/9950012/state/nav	{"event":"AGREE","state":"NORMAL","nav_state":"NORMAL","mm":138,"landmark":"","dir":"CCW","miss_streak":0,"obs":"S","expected":"S","peak":157,"ms":168,"drift":0,"dt":1246,"agree":74,"disagree":0,"lost":0,"scores":[0,0,0,0,0,0],"excluded":[false,false,false,false,false,false],"leader":null,"runner_up":null,"margin":0,"motor_dir":"FWD"}
2026-08-26T14:10:59-0700	ngr/loco/9950012/mm/marker	{"mm":138,"landmark":"","obs":"S","peak":157,"ms":168,"drift":0,"dt":1246,"timing_gate":"ACTIVE","dt_expected":1191,"dt_conserve_ratio":2.06,"pwm":90,"v":14.99}
2026-08-26T14:10:59-0700	ngr/loco/9950012/alert	{"level":"CLEAR","reason":"STATUS","loco":"9950012","uptime_ms":309186,"nav":"NORMAL","moving":1,"pwm":90,"est_mm_s":240,"dir":"CCW","session_dir":"CCW","mdir":"FWD","rear":138,"front":133,"env":1500,"lc_mm":138,"last_confirmed_landmark":"","age_ms":744,"since":0,"dead_reckoned_mm":138,"candidate_mm":-1,"viable":[],"lostm":0,"lost_ms":0,"agree":74,"disagree":0,"losts":0,"auto":0}
2026-08-26T14:11:00-0700	ngr/loco/9950012/state/loopstat	{"loop_max_gap_ms":34,"hall_task_max_gap_ms":2,"hall_task_age_ms":1,"baseline":1801,"raw":1807,"delta":6,"queue_drops":0,"floor_rejects":0,"queue_high_water":1,"mqtt_connect_ms":771,"mqtt_attempts":1,"pub_drops":0,"pub_queue_hw":1,"cmd_drops":0,"pub_per_s":3,"marker_pub_drops":0,"marker_pub_hw":1,"nav":"NORMAL","mm":138,"miss_streak":0,"pwm":90,"lost_markers":0,"lost_ms":0,"motor_dir":"FWD"}
2026-08-26T14:11:00-0700	ngr/loco/9950012/state/start_mm	138
2026-08-26T14:11:00-0700	ngr/loco/9950012/state/nav	{"event":"AGREE","state":"NORMAL","nav_state":"NORMAL","mm":137,"landmark":"","dir":"CCW","miss_streak":0,"obs":"S","expected":"S","peak":149,"ms":162,"drift":0,"dt":1238,"agree":75,"disagree":0,"lost":0,"scores":[0,0,0,0,0,0],"excluded":[false,false,false,false,false,false],"leader":null,"runner_up":null,"margin":0,"motor_dir":"FWD"}
2026-08-26T14:11:00-0700	ngr/loco/9950012/mm/marker	{"mm":137,"landmark":"","obs":"S","peak":149,"ms":162,"drift":0,"dt":1238,"timing_gate":"ACTIVE","dt_expected":1191,"dt_conserve_ratio":2.08,"pwm":90,"v":14.99}
2026-08-26T14:11:00-0700	ngr/loco/9950012/telem/voltage	14.98
2026-08-26T14:11:00-0700	ngr/loco/9950012/telem/current	0.39
2026-08-26T14:11:00-0700	ngr/loco/9950012/telem/power	5.68
2026-08-26T14:11:00-0700	ngr/loco/9950012/alert	{"level":"CLEAR","reason":"STATUS","loco":"9950012","uptime_ms":310186,"nav":"NORMAL","moving":1,"pwm":90,"est_mm_s":242,"dir":"CCW","session_dir":"CCW","mdir":"FWD","rear":137,"front":132,"env":1500,"lc_mm":137,"last_confirmed_landmark":"","age_ms":506,"since":0,"dead_reckoned_mm":137,"candidate_mm":-1,"viable":[],"lostm":0,"lost_ms":0,"agree":75,"disagree":0,"losts":0,"auto":0}
2026-08-26T14:11:01-0700	ngr/loco/9950012/state/start_mm	137
2026-08-26T14:11:01-0700	ngr/loco/9950012/state/loopstat	{"loop_max_gap_ms":34,"hall_task_max_gap_ms":3,"hall_task_age_ms":1,"baseline":1801,"raw":1802,"delta":1,"queue_drops":0,"floor_rejects":0,"queue_high_water":1,"mqtt_connect_ms":771,"mqtt_attempts":1,"pub_drops":0,"pub_queue_hw":3,"cmd_drops":0,"pub_per_s":8,"marker_pub_drops":0,"marker_pub_hw":1,"nav":"NORMAL","mm":137,"miss_streak":0,"pwm":90,"lost_markers":0,"lost_ms":0,"motor_dir":"FWD"}
2026-08-26T14:11:01-0700	ngr/loco/9950012/state/nav	{"event":"AGREE","state":"NORMAL","nav_state":"NORMAL","mm":136,"landmark":"","dir":"CCW","miss_streak":0,"obs":"N","expected":"N","peak":165,"ms":163,"drift":0,"dt":1285,"agree":76,"disagree":0,"lost":0,"scores":[0,0,0,0,0,0],"excluded":[false,false,false,false,false,false],"leader":null,"runner_up":null,"margin":0,"motor_dir":"FWD"}
2026-08-26T14:11:01-0700	ngr/loco/9950012/mm/marker	{"mm":136,"landmark":"","obs":"N","peak":165,"ms":163,"drift":0,"dt":1285,"timing_gate":"ACTIVE","dt_expected":1191,"dt_conserve_ratio":2.12,"pwm":90,"v":14.98}
2026-08-26T14:11:01-0700	ngr/loco/9950012/alert	{"level":"CLEAR","reason":"STATUS","loco":"9950012","uptime_ms":311186,"nav":"NORMAL","moving":1,"pwm":90,"est_mm_s":233,"dir":"CCW","session_dir":"CCW","mdir":"FWD","rear":136,"front":131,"env":1500,"lc_mm":136,"last_confirmed_landmark":"","age_ms":221,"since":0,"dead_reckoned_mm":136,"candidate_mm":-1,"viable":[],"lostm":0,"lost_ms":0,"agree":76,"disagree":0,"losts":0,"auto":0}
2026-08-26T14:11:02-0700	ngr/loco/9950012/state/start_mm	136
2026-08-26T14:11:02-0700	ngr/loco/9950012/state/loopstat	{"loop_max_gap_ms":34,"hall_task_max_gap_ms":3,"hall_task_age_ms":1,"baseline":1801,"raw":1800,"delta":-1,"queue_drops":0,"floor_rejects":0,"queue_high_water":1,"mqtt_connect_ms":771,"mqtt_attempts":1,"pub_drops":0,"pub_queue_hw":1,"cmd_drops":0,"pub_per_s":4,"marker_pub_drops":0,"marker_pub_hw":1,"nav":"NORMAL","mm":136,"miss_streak":0,"pwm":90,"lost_markers":0,"lost_ms":0,"motor_dir":"FWD"}
2026-08-26T14:11:02-0700	ngr/loco/9950012/alert	{"level":"CLEAR","reason":"STATUS","loco":"9950012","uptime_ms":312186,"nav":"NORMAL","moving":1,"pwm":90,"est_mm_s":233,"dir":"CCW","session_dir":"CCW","mdir":"FWD","rear":136,"front":131,"env":1500,"lc_mm":136,"last_confirmed_landmark":"","age_ms":1221,"since":0,"dead_reckoned_mm":136,"candidate_mm":-1,"viable":[],"lostm":0,"lost_ms":0,"agree":76,"disagree":0,"losts":0,"auto":0}
2026-08-26T14:11:03-0700	ngr/loco/9950012/state/nav	{"event":"AGREE","state":"NORMAL","nav_state":"NORMAL","mm":135,"landmark":"","dir":"CCW","miss_streak":0,"obs":"N","expected":"N","peak":174,"ms":172,"drift":0,"dt":1245,"agree":77,"disagree":0,"lost":0,"scores":[0,0,0,0,0,0],"excluded":[false,false,false,false,false,false],"leader":null,"runner_up":null,"margin":0,"motor_dir":"FWD"}
2026-08-26T14:11:03-0700	ngr/loco/9950012/mm/marker	{"mm":135,"landmark":"","obs":"N","peak":174,"ms":172,"drift":0,"dt":1245,"timing_gate":"ACTIVE","dt_expected":1191,"dt_conserve_ratio":2.12,"pwm":90,"v":14.98}
2026-08-26T14:11:03-0700	ngr/loco/9950012/state/start_mm	135
2026-08-26T14:11:03-0700	ngr/loco/9950012/state/loopstat	{"loop_max_gap_ms":34,"hall_task_max_gap_ms":2,"hall_task_age_ms":2,"baseline":1801,"raw":1796,"delta":-5,"queue_drops":0,"floor_rejects":0,"queue_high_water":1,"mqtt_connect_ms":771,"mqtt_attempts":1,"pub_drops":0,"pub_queue_hw":1,"cmd_drops":0,"pub_per_s":4,"marker_pub_drops":0,"marker_pub_hw":1,"nav":"NORMAL","mm":135,"miss_streak":0,"pwm":90,"lost_markers":0,"lost_ms":0,"motor_dir":"FWD"}
2026-08-26T14:11:03-0700	ngr/loco/9950012/alert	{"level":"CLEAR","reason":"STATUS","loco":"9950012","uptime_ms":313186,"nav":"NORMAL","moving":1,"pwm":90,"est_mm_s":240,"dir":"CCW","session_dir":"CCW","mdir":"FWD","rear":135,"front":130,"env":1500,"lc_mm":135,"last_confirmed_landmark":"","age_ms":976,"since":0,"dead_reckoned_mm":135,"candidate_mm":-1,"viable":[],"lostm":0,"lost_ms":0,"agree":77,"disagree":0,"losts":0,"auto":0}
2026-08-26T14:11:04-0700	ngr/loco/9950012/state/loopstat	{"loop_max_gap_ms":34,"hall_task_max_gap_ms":2,"hall_task_age_ms":1,"baseline":1801,"raw":1791,"delta":-10,"queue_drops":0,"floor_rejects":0,"queue_high_water":0,"mqtt_connect_ms":771,"mqtt_attempts":1,"pub_drops":0,"pub_queue_hw":1,"cmd_drops":0,"pub_per_s":1,"marker_pub_drops":0,"marker_pub_hw":0,"nav":"NORMAL","mm":135,"miss_streak":0,"pwm":90,"lost_markers":0,"lost_ms":0,"motor_dir":"FWD"}
2026-08-26T14:11:04-0700	ngr/loco/9950012/state/nav	{"event":"AGREE","state":"NORMAL","nav_state":"NORMAL","mm":134,"landmark":"","dir":"CCW","miss_streak":0,"obs":"S","expected":"S","peak":174,"ms":169,"drift":0,"dt":1275,"agree":78,"disagree":0,"lost":0,"scores":[0,0,0,0,0,0],"excluded":[false,false,false,false,false,false],"leader":null,"runner_up":null,"margin":0,"motor_dir":"FWD"}
2026-08-26T14:11:04-0700	ngr/loco/9950012/mm/marker	{"mm":134,"landmark":"","obs":"S","peak":174,"ms":169,"drift":0,"dt":1275,"timing_gate":"ACTIVE","dt_expected":1191,"dt_conserve_ratio":2.12,"pwm":90,"v":14.98}
2026-08-26T14:11:04-0700	ngr/loco/9950012/alert	{"level":"CLEAR","reason":"STATUS","loco":"9950012","uptime_ms":314186,"nav":"NORMAL","moving":1,"pwm":90,"est_mm_s":235,"dir":"CCW","session_dir":"CCW","mdir":"FWD","rear":134,"front":129,"env":1490,"lc_mm":134,"last_confirmed_landmark":"","age_ms":701,"since":0,"dead_reckoned_mm":134,"candidate_mm":-1,"viable":[],"lostm":0,"lost_ms":0,"agree":78,"disagree":0,"losts":0,"auto":0}
2026-08-26T14:11:05-0700	ngr/loco/9950012/state/start_mm	134
2026-08-26T14:11:05-0700	ngr/loco/9950012/state/loopstat	{"loop_max_gap_ms":33,"hall_task_max_gap_ms":2,"hall_task_age_ms":1,"baseline":1801,"raw":1806,"delta":5,"queue_drops":0,"floor_rejects":0,"queue_high_water":1,"mqtt_connect_ms":771,"mqtt_attempts":1,"pub_drops":0,"pub_queue_hw":1,"cmd_drops":0,"pub_per_s":4,"marker_pub_drops":0,"marker_pub_hw":1,"nav":"NORMAL","mm":134,"miss_streak":0,"pwm":90,"lost_markers":0,"lost_ms":0,"motor_dir":"FWD"}
2026-08-26T14:11:05-0700	ngr/loco/9950012/state/nav	{"event":"AGREE","state":"NORMAL","nav_state":"NORMAL","mm":133,"landmark":"","dir":"CCW","miss_streak":0,"obs":"S","expected":"S","peak":156,"ms":170,"drift":0,"dt":1232,"agree":79,"disagree":0,"lost":0,"scores":[0,0,0,0,0,0],"excluded":[false,false,false,false,false,false],"leader":null,"runner_up":null,"margin":0,"motor_dir":"FWD"}
2026-08-26T14:11:05-0700	ngr/loco/9950012/mm/marker	{"mm":133,"landmark":"","obs":"S","peak":156,"ms":170,"drift":0,"dt":1232,"timing_gate":"ACTIVE","dt_expected":1191,"dt_conserve_ratio":2.10,"pwm":90,"v":14.98}
2026-08-26T14:11:05-0700	ngr/loco/9950012/telem/voltage	14.98
2026-08-26T14:11:05-0700	ngr/loco/9950012/telem/current	0.40
2026-08-26T14:11:05-0700	ngr/loco/9950012/telem/power	5.99
2026-08-26T14:11:05-0700	ngr/loco/9950012/alert	{"level":"CLEAR","reason":"STATUS","loco":"9950012","uptime_ms":315186,"nav":"NORMAL","moving":1,"pwm":90,"est_mm_s":243,"dir":"CCW","session_dir":"CCW","mdir":"FWD","rear":133,"front":128,"env":1490,"lc_mm":133,"last_confirmed_landmark":"","age_ms":469,"since":0,"dead_reckoned_mm":133,"candidate_mm":-1,"viable":[],"lostm":0,"lost_ms":0,"agree":79,"disagree":0,"losts":0,"auto":0}
2026-08-26T14:11:06-0700	ngr/loco/9950012/state/start_mm	133
2026-08-26T14:11:06-0700	ngr/loco/9950012/state/loopstat	{"loop_max_gap_ms":34,"hall_task_max_gap_ms":3,"hall_task_age_ms":1,"baseline":1801,"raw":1801,"delta":0,"queue_drops":0,"floor_rejects":0,"queue_high_water":1,"mqtt_connect_ms":771,"mqtt_attempts":1,"pub_drops":0,"pub_queue_hw":3,"cmd_drops":0,"pub_per_s":7,"marker_pub_drops":0,"marker_pub_hw":1,"nav":"NORMAL","mm":133,"miss_streak":0,"pwm":90,"lost_markers":0,"lost_ms":0,"motor_dir":"FWD"}
2026-08-26T14:11:06-0700	ngr/loco/9950012/state/nav	{"event":"AGREE","state":"NORMAL","nav_state":"NORMAL","mm":132,"landmark":"","dir":"CCW","miss_streak":0,"obs":"N","expected":"N","peak":149,"ms":167,"drift":0,"dt":1238,"agree":80,"disagree":0,"lost":0,"scores":[0,0,0,0,0,0],"excluded":[false,false,false,false,false,false],"leader":null,"runner_up":null,"margin":0,"motor_dir":"FWD"}
2026-08-26T14:11:06-0700	ngr/loco/9950012/mm/marker	{"mm":132,"landmark":"","obs":"N","peak":149,"ms":167,"drift":0,"dt":1238,"timing_gate":"ACTIVE","dt_expected":1191,"dt_conserve_ratio":2.07,"pwm":90,"v":14.98}
2026-08-26T14:11:06-0700	ngr/loco/9950012/alert	{"level":"CLEAR","reason":"STATUS","loco":"9950012","uptime_ms":316186,"nav":"NORMAL","moving":1,"pwm":90,"est_mm_s":242,"dir":"CCW","session_dir":"CCW","mdir":"FWD","rear":132,"front":127,"env":1490,"lc_mm":132,"last_confirmed_landmark":"","age_ms":231,"since":0,"dead_reckoned_mm":132,"candidate_mm":-1,"viable":[],"lostm":0,"lost_ms":0,"agree":80,"disagree":0,"losts":0,"auto":0}
2026-08-26T14:11:07-0700	ngr/loco/9950012/state/start_mm	132
2026-08-26T14:11:07-0700	ngr/loco/9950012/state/loopstat	{"loop_max_gap_ms":33,"hall_task_max_gap_ms":2,"hall_task_age_ms":1,"baseline":1801,"raw":1802,"delta":1,"queue_drops":0,"floor_rejects":0,"queue_high_water":1,"mqtt_connect_ms":771,"mqtt_attempts":1,"pub_drops":0,"pub_queue_hw":1,"cmd_drops":0,"pub_per_s":4,"marker_pub_drops":0,"marker_pub_hw":1,"nav":"NORMAL","mm":132,"miss_streak":0,"pwm":90,"lost_markers":0,"lost_ms":0,"motor_dir":"FWD"}
2026-08-26T14:11:07-0700	ngr/loco/9950012/alert	{"level":"CLEAR","reason":"STATUS","loco":"9950012","uptime_ms":317186,"nav":"NORMAL","moving":1,"pwm":90,"est_mm_s":242,"dir":"CCW","session_dir":"CCW","mdir":"FWD","rear":132,"front":127,"env":1490,"lc_mm":132,"last_confirmed_landmark":"","age_ms":1231,"since":0,"dead_reckoned_mm":132,"candidate_mm":-1,"viable":[],"lostm":0,"lost_ms":0,"agree":80,"disagree":0,"losts":0,"auto":0}
2026-08-26T14:11:08-0700	ngr/loco/9950012/state/nav	{"event":"AGREE","state":"NORMAL","nav_state":"NORMAL","mm":131,"landmark":"","dir":"CCW","miss_streak":0,"obs":"N","expected":"N","peak":158,"ms":171,"drift":0,"dt":1203,"agree":81,"disagree":0,"lost":0,"scores":[0,0,0,0,0,0],"excluded":[false,false,false,false,false,false],"leader":null,"runner_up":null,"margin":0,"motor_dir":"FWD"}
2026-08-26T14:11:08-0700	ngr/loco/9950012/mm/marker	{"mm":131,"landmark":"","obs":"N","peak":158,"ms":171,"drift":0,"dt":1203,"timing_gate":"ACTIVE","dt_expected":1191,"dt_conserve_ratio":2.05,"pwm":90,"v":14.98}
2026-08-26T14:11:08-0700	ngr/loco/9950012/state/start_mm	131
2026-08-26T14:11:08-0700	ngr/loco/9950012/state/loopstat	{"loop_max_gap_ms":34,"hall_task_max_gap_ms":2,"hall_task_age_ms":1,"baseline":1801,"raw":1798,"delta":-3,"queue_drops":0,"floor_rejects":0,"queue_high_water":1,"mqtt_connect_ms":771,"mqtt_attempts":1,"pub_drops":0,"pub_queue_hw":1,"cmd_drops":0,"pub_per_s":4,"marker_pub_drops":0,"marker_pub_hw":1,"nav":"NORMAL","mm":131,"miss_streak":0,"pwm":90,"lost_markers":0,"lost_ms":0,"motor_dir":"FWD"}
2026-08-26T14:11:08-0700	ngr/loco/9950012/alert	{"level":"CLEAR","reason":"STATUS","loco":"9950012","uptime_ms":318186,"nav":"NORMAL","moving":1,"pwm":90,"est_mm_s":249,"dir":"CCW","session_dir":"CCW","mdir":"FWD","rear":131,"front":126,"env":1470,"lc_mm":131,"last_confirmed_landmark":"","age_ms":1028,"since":0,"dead_reckoned_mm":131,"candidate_mm":-1,"viable":[],"lostm":0,"lost_ms":0,"agree":81,"disagree":0,"losts":0,"auto":0}
2026-08-26T14:11:09-0700	ngr/loco/9950012/state/loopstat	{"loop_max_gap_ms":33,"hall_task_max_gap_ms":3,"hall_task_age_ms":2,"baseline":1801,"raw":1806,"delta":5,"queue_drops":0,"floor_rejects":0,"queue_high_water":0,"mqtt_connect_ms":771,"mqtt_attempts":1,"pub_drops":0,"pub_queue_hw":1,"cmd_drops":0,"pub_per_s":1,"marker_pub_drops":0,"marker_pub_hw":0,"nav":"NORMAL","mm":131,"miss_streak":0,"pwm":90,"lost_markers":0,"lost_ms":0,"motor_dir":"FWD"}
2026-08-26T14:11:09-0700	ngr/loco/9950012/state/nav	{"event":"AGREE","state":"NORMAL","nav_state":"NORMAL","mm":130,"landmark":"","dir":"CCW","miss_streak":0,"obs":"S","expected":"S","peak":176,"ms":194,"drift":0,"dt":1350,"agree":82,"disagree":0,"lost":0,"scores":[0,0,0,0,0,0],"excluded":[false,false,false,false,false,false],"leader":null,"runner_up":null,"margin":0,"motor_dir":"FWD"}
2026-08-26T14:11:09-0700	ngr/loco/9950012/mm/marker	{"mm":130,"landmark":"","obs":"S","peak":176,"ms":194,"drift":0,"dt":1350,"timing_gate":"ACTIVE","dt_expected":1191,"dt_conserve_ratio":2.14,"pwm":90,"v":14.98}
2026-08-26T14:11:09-0700	ngr/loco/9950012/alert	{"level":"CLEAR","reason":"STATUS","loco":"9950012","uptime_ms":319186,"nav":"NORMAL","moving":1,"pwm":90,"est_mm_s":222,"dir":"CCW","session_dir":"CCW","mdir":"FWD","rear":130,"front":125,"env":1470,"lc_mm":130,"last_confirmed_landmark":"","age_ms":678,"since":0,"dead_reckoned_mm":130,"candidate_mm":-1,"viable":[],"lostm":0,"lost_ms":0,"agree":82,"disagree":0,"losts":0,"auto":0}
2026-08-26T14:11:10-0700	ngr/loco/9950012/state/start_mm	130
2026-08-26T14:11:10-0700	ngr/loco/9950012/state/loopstat	{"loop_max_gap_ms":34,"hall_task_max_gap_ms":2,"hall_task_age_ms":1,"baseline":1801,"raw":1800,"delta":-1,"queue_drops":0,"floor_rejects":0,"queue_high_water":0,"mqtt_connect_ms":771,"mqtt_attempts":1,"pub_drops":0,"pub_queue_hw":1,"cmd_drops":0,"pub_per_s":4,"marker_pub_drops":0,"marker_pub_hw":1,"nav":"NORMAL","mm":130,"miss_streak":0,"pwm":90,"lost_markers":0,"lost_ms":0,"motor_dir":"FWD"}
2026-08-26T14:11:10-0700	ngr/loco/9950012/telem/voltage	14.94
2026-08-26T14:11:10-0700	ngr/loco/9950012/telem/current	0.48
2026-08-26T14:11:10-0700	ngr/loco/9950012/telem/power	7.23
2026-08-26T14:11:10-0700	ngr/loco/9950012/alert	{"level":"CLEAR","reason":"STATUS","loco":"9950012","uptime_ms":320186,"nav":"NORMAL","moving":1,"pwm":90,"est_mm_s":222,"dir":"CCW","session_dir":"CCW","mdir":"FWD","rear":130,"front":125,"env":1470,"lc_mm":130,"last_confirmed_landmark":"","age_ms":1678,"since":0,"dead_reckoned_mm":130,"candidate_mm":-1,"viable":[],"lostm":0,"lost_ms":0,"agree":82,"disagree":0,"losts":0,"auto":0}
2026-08-26T14:11:10-0700	ngr/loco/9950012/state/nav	{"event":"AGREE","state":"NORMAL","nav_state":"NORMAL","mm":129,"landmark":"","dir":"CCW","miss_streak":0,"obs":"N","expected":"N","peak":188,"ms":209,"drift":0,"dt":1514,"agree":83,"disagree":0,"lost":0,"scores":[0,0,0,0,0,0],"excluded":[false,false,false,false,false,false],"leader":null,"runner_up":null,"margin":0,"motor_dir":"FWD"}
2026-08-26T14:11:10-0700	ngr/loco/9950012/mm/marker	{"mm":129,"landmark":"","obs":"N","peak":188,"ms":209,"drift":0,"dt":1514,"timing_gate":"ACTIVE","dt_expected":1191,"dt_conserve_ratio":2.40,"pwm":90,"v":14.94}
2026-08-26T14:11:11-0700	ngr/loco/9950012/state/start_mm	129
2026-08-26T14:11:11-0700	ngr/loco/9950012/state/loopstat	{"loop_max_gap_ms":34,"hall_task_max_gap_ms":2,"hall_task_age_ms":1,"baseline":1801,"raw":1800,"delta":-1,"queue_drops":0,"floor_rejects":0,"queue_high_water":1,"mqtt_connect_ms":771,"mqtt_attempts":1,"pub_drops":0,"pub_queue_hw":3,"cmd_drops":0,"pub_per_s":7,"marker_pub_drops":0,"marker_pub_hw":1,"nav":"NORMAL","mm":129,"miss_streak":0,"pwm":90,"lost_markers":0,"lost_ms":0,"motor_dir":"FWD"}
2026-08-26T14:11:11-0700	ngr/loco/9950012/alert	{"level":"CLEAR","reason":"STATUS","loco":"9950012","uptime_ms":321186,"nav":"NORMAL","moving":1,"pwm":90,"est_mm_s":191,"dir":"CCW","session_dir":"CCW","mdir":"FWD","rear":129,"front":124,"env":1480,"lc_mm":129,"last_confirmed_landmark":"","age_ms":1164,"since":0,"dead_reckoned_mm":129,"candidate_mm":-1,"viable":[],"lostm":0,"lost_ms":0,"agree":83,"disagree":0,"losts":0,"auto":0}
2026-08-26T14:11:12-0700	ngr/loco/9950012/state/loopstat	{"loop_max_gap_ms":33,"hall_task_max_gap_ms":2,"hall_task_age_ms":1,"baseline":1801,"raw":1647,"delta":-154,"queue_drops":0,"floor_rejects":0,"queue_high_water":0,"mqtt_connect_ms":771,"mqtt_attempts":1,"pub_drops":0,"pub_queue_hw":1,"cmd_drops":0,"pub_per_s":1,"marker_pub_drops":0,"marker_pub_hw":0,"nav":"NORMAL","mm":129,"miss_streak":0,"pwm":90,"lost_markers":0,"lost_ms":0,"motor_dir":"FWD"}
2026-08-26T14:11:12-0700	ngr/loco/9950012/state/nav	{"event":"AGREE","state":"NORMAL","nav_state":"NORMAL","mm":128,"landmark":"","dir":"CCW","miss_streak":0,"obs":"S","expected":"S","peak":187,"ms":187,"drift":0,"dt":1386,"agree":84,"disagree":0,"lost":0,"scores":[0,0,0,0,0,0],"excluded":[false,false,false,false,false,false],"leader":null,"runner_up":null,"margin":0,"motor_dir":"FWD"}
2026-08-26T14:11:12-0700	ngr/loco/9950012/mm/marker	{"mm":128,"landmark":"","obs":"S","peak":187,"ms":187,"drift":0,"dt":1386,"timing_gate":"ACTIVE","dt_expected":1151,"dt_conserve_ratio":2.52,"pwm":90,"v":14.94}
2026-08-26T14:11:12-0700	ngr/loco/9950012/alert	{"level":"CLEAR","reason":"STATUS","loco":"9950012","uptime_ms":322186,"nav":"NORMAL","moving":1,"pwm":90,"est_mm_s":216,"dir":"CCW","session_dir":"CCW","mdir":"FWD","rear":128,"front":123,"env":1480,"lc_mm":128,"last_confirmed_landmark":"","age_ms":778,"since":0,"dead_reckoned_mm":128,"candidate_mm":-1,"viable":[],"lostm":0,"lost_ms":0,"agree":84,"disagree":0,"losts":0,"auto":0}
2026-08-26T14:11:13-0700	ngr/loco/9950012/state/start_mm	128
2026-08-26T14:11:13-0700	ngr/loco/9950012/state/loopstat	{"loop_max_gap_ms":33,"hall_task_max_gap_ms":2,"hall_task_age_ms":1,"baseline":1802,"raw":1798,"delta":-4,"queue_drops":0,"floor_rejects":0,"queue_high_water":1,"mqtt_connect_ms":771,"mqtt_attempts":1,"pub_drops":0,"pub_queue_hw":1,"cmd_drops":0,"pub_per_s":4,"marker_pub_drops":0,"marker_pub_hw":1,"nav":"NORMAL","mm":128,"miss_streak":0,"pwm":90,"lost_markers":0,"lost_ms":0,"motor_dir":"FWD"}
2026-08-26T14:11:13-0700	ngr/loco/9950012/state/nav	{"event":"AGREE","state":"NORMAL","nav_state":"NORMAL","mm":127,"landmark":"","dir":"CCW","miss_streak":0,"obs":"N","expected":"N","peak":197,"ms":165,"drift":0,"dt":1282,"agree":85,"disagree":0,"lost":0,"scores":[0,0,0,0,0,0],"excluded":[false,false,false,false,false,false],"leader":null,"runner_up":null,"margin":0,"motor_dir":"FWD"}
2026-08-26T14:11:13-0700	ngr/loco/9950012/mm/marker	{"mm":127,"landmark":"","obs":"N","peak":197,"ms":165,"drift":0,"dt":1282,"timing_gate":"ACTIVE","dt_expected":1191,"dt_conserve_ratio":2.24,"pwm":90,"v":14.94}
2026-08-26T14:11:13-0700	ngr/loco/9950012/alert	{"level":"CLEAR","reason":"STATUS","loco":"9950012","uptime_ms":323186,"nav":"NORMAL","moving":1,"pwm":90,"est_mm_s":234,"dir":"CCW","session_dir":"CCW","mdir":"FWD","rear":127,"front":122,"env":1480,"lc_mm":127,"last_confirmed_landmark":"","age_ms":496,"since":0,"dead_reckoned_mm":127,"candidate_mm":-1,"viable":[],"lostm":0,"lost_ms":0,"agree":85,"disagree":0,"losts":0,"auto":0}
2026-08-26T14:11:14-0700	ngr/loco/9950012/state/loopstat	{"loop_max_gap_ms":34,"hall_task_max_gap_ms":2,"hall_task_age_ms":1,"baseline":1802,"raw":1800,"delta":-2,"queue_drops":0,"floor_rejects":0,"queue_high_water":1,"mqtt_connect_ms":771,"mqtt_attempts":1,"pub_drops":0,"pub_queue_hw":1,"cmd_drops":0,"pub_per_s":3,"marker_pub_drops":0,"marker_pub_hw":1,"nav":"NORMAL","mm":127,"miss_streak":0,"pwm":90,"lost_markers":0,"lost_ms":0,"motor_dir":"FWD"}
2026-08-26T14:11:14-0700	ngr/loco/9950012/state/start_mm	127
2026-08-26T14:11:14-0700	ngr/loco/9950012/state/nav	{"event":"AGREE","state":"NORMAL","nav_state":"NORMAL","mm":126,"landmark":"","dir":"CCW","miss_streak":0,"obs":"N","expected":"N","peak":202,"ms":170,"drift":0,"dt":1075,"agree":86,"disagree":0,"lost":0,"scores":[0,0,0,0,0,0],"excluded":[false,false,false,false,false,false],"leader":null,"runner_up":null,"margin":0,"motor_dir":"FWD"}
2026-08-26T14:11:14-0700	ngr/loco/9950012/mm/marker	{"mm":126,"landmark":"","obs":"N","peak":202,"ms":170,"drift":0,"dt":1075,"timing_gate":"ACTIVE","dt_expected":1191,"dt_conserve_ratio":1.98,"pwm":90,"v":14.94}
2026-08-26T14:11:14-0700	ngr/loco/9950012/alert	{"level":"CLEAR","reason":"STATUS","loco":"9950012","uptime_ms":324186,"nav":"NORMAL","moving":1,"pwm":90,"est_mm_s":260,"dir":"CCW","session_dir":"CCW","mdir":"FWD","rear":126,"front":121,"env":1500,"lc_mm":126,"last_confirmed_landmark":"","age_ms":421,"since":0,"dead_reckoned_mm":126,"candidate_mm":-1,"viable":[],"lostm":0,"lost_ms":0,"agree":86,"disagree":0,"losts":0,"auto":0}
2026-08-26T14:11:15-0700	ngr/loco/9950012/state/start_mm	126
2026-08-26T14:11:15-0700	ngr/loco/9950012/state/loopstat	{"loop_max_gap_ms":33,"hall_task_max_gap_ms":2,"hall_task_age_ms":2,"baseline":1802,"raw":1800,"delta":-2,"queue_drops":0,"floor_rejects":0,"queue_high_water":1,"mqtt_connect_ms":771,"mqtt_attempts":1,"pub_drops":0,"pub_queue_hw":2,"cmd_drops":0,"pub_per_s":5,"marker_pub_drops":0,"marker_pub_hw":1,"nav":"NORMAL","mm":126,"miss_streak":0,"pwm":90,"lost_markers":0,"lost_ms":0,"motor_dir":"FWD"}
2026-08-26T14:11:15-0700	ngr/loco/9950012/telem/voltage	14.97
2026-08-26T14:11:15-0700	ngr/loco/9950012/telem/current	0.35
2026-08-26T14:11:15-0700	ngr/loco/9950012/telem/power	5.53
2026-08-26T14:11:15-0700	ngr/loco/9950012/state/nav	{"event":"AGREE","state":"NORMAL","nav_state":"NORMAL","mm":125,"landmark":"","dir":"CCW","miss_streak":0,"obs":"S","expected":"S","peak":188,"ms":167,"drift":0,"dt":1096,"agree":87,"disagree":0,"lost":0,"scores":[0,0,0,0,0,0],"excluded":[false,false,false,false,false,false],"leader":null,"runner_up":null,"margin":0,"motor_dir":"FWD"}
2026-08-26T14:11:15-0700	ngr/loco/9950012/mm/marker	{"mm":125,"landmark":"","obs":"S","peak":188,"ms":167,"drift":0,"dt":1096,"timing_gate":"ACTIVE","dt_expected":1111,"dt_conserve_ratio":1.95,"pwm":90,"v":14.97}
2026-08-26T14:11:15-0700	ngr/loco/9950012/alert	{"level":"CLEAR","reason":"STATUS","loco":"9950012","uptime_ms":325186,"nav":"NORMAL","moving":1,"pwm":90,"est_mm_s":273,"dir":"CCW","session_dir":"CCW","mdir":"FWD","rear":125,"front":120,"env":1500,"lc_mm":125,"last_confirmed_landmark":"","age_ms":325,"since":0,"dead_reckoned_mm":125,"candidate_mm":-1,"viable":[],"lostm":0,"lost_ms":0,"agree":87,"disagree":0,"losts":0,"auto":0}
2026-08-26T14:11:16-0700	ngr/loco/9950012/state/start_mm	125
2026-08-26T14:11:16-0700	ngr/loco/9950012/state/loopstat	{"loop_max_gap_ms":34,"hall_task_max_gap_ms":3,"hall_task_age_ms":1,"baseline":1802,"raw":1801,"delta":-1,"queue_drops":0,"floor_rejects":0,"queue_high_water":1,"mqtt_connect_ms":771,"mqtt_attempts":1,"pub_drops":0,"pub_queue_hw":3,"cmd_drops":0,"pub_per_s":7,"marker_pub_drops":0,"marker_pub_hw":1,"nav":"NORMAL","mm":125,"miss_streak":0,"pwm":90,"lost_markers":0,"lost_ms":0,"motor_dir":"FWD"}
2026-08-26T14:11:16-0700	ngr/loco/9950012/state/nav	{"event":"AGREE","state":"NORMAL","nav_state":"NORMAL","mm":124,"landmark":"","dir":"CCW","miss_streak":0,"obs":"N","expected":"N","peak":195,"ms":163,"drift":0,"dt":1096,"agree":88,"disagree":0,"lost":0,"scores":[0,0,0,0,0,0],"excluded":[false,false,false,false,false,false],"leader":null,"runner_up":null,"margin":0,"motor_dir":"FWD"}
2026-08-26T14:11:16-0700	ngr/loco/9950012/mm/marker	{"mm":124,"landmark":"","obs":"N","peak":195,"ms":163,"drift":0,"dt":1096,"timing_gate":"ACTIVE","dt_expected":1191,"dt_conserve_ratio":1.84,"pwm":90,"v":14.97}
2026-08-26T14:11:16-0700	ngr/loco/9950012/alert	{"level":"CLEAR","reason":"STATUS","loco":"9950012","uptime_ms":326186,"nav":"NORMAL","moving":1,"pwm":90,"est_mm_s":273,"dir":"CCW","session_dir":"CCW","mdir":"FWD","rear":124,"front":119,"env":1500,"lc_mm":124,"last_confirmed_landmark":"","age_ms":229,"since":0,"dead_reckoned_mm":124,"candidate_mm":-1,"viable":[],"lostm":0,"lost_ms":0,"agree":88,"disagree":0,"losts":0,"auto":0}
2026-08-26T14:11:17-0700	ngr/loco/9950012/state/loopstat	{"loop_max_gap_ms":34,"hall_task_max_gap_ms":2,"hall_task_age_ms":1,"baseline":1802,"raw":1800,"delta":-2,"queue_drops":0,"floor_rejects":0,"queue_high_water":1,"mqtt_connect_ms":771,"mqtt_attempts":1,"pub_drops":0,"pub_queue_hw":1,"cmd_drops":0,"pub_per_s":3,"marker_pub_drops":0,"marker_pub_hw":1,"nav":"NORMAL","mm":124,"miss_streak":0,"pwm":90,"lost_markers":0,"lost_ms":0,"motor_dir":"FWD"}
2026-08-26T14:11:17-0700	ngr/loco/9950012/state/start_mm	124
2026-08-26T14:11:17-0700	ngr/loco/9950012/state/nav	{"event":"AGREE","state":"NORMAL","nav_state":"NORMAL","mm":123,"landmark":"","dir":"CCW","miss_streak":0,"obs":"S","expected":"S","peak":193,"ms":159,"drift":0,"dt":1038,"agree":89,"disagree":0,"lost":0,"scores":[0,0,0,0,0,0],"excluded":[false,false,false,false,false,false],"leader":null,"runner_up":null,"margin":0,"motor_dir":"FWD"}
2026-08-26T14:11:17-0700	ngr/loco/9950012/mm/marker	{"mm":123,"landmark":"","obs":"S","peak":193,"ms":159,"drift":0,"dt":1038,"timing_gate":"ACTIVE","dt_expected":1191,"dt_conserve_ratio":1.79,"pwm":90,"v":14.97}
2026-08-26T14:11:17-0700	ngr/loco/9950012/alert	{"level":"CLEAR","reason":"STATUS","loco":"9950012","uptime_ms":327186,"nav":"NORMAL","moving":1,"pwm":90,"est_mm_s":289,"dir":"CCW","session_dir":"CCW","mdir":"FWD","rear":123,"front":118,"env":1500,"lc_mm":123,"last_confirmed_landmark":"","age_ms":191,"since":0,"dead_reckoned_mm":123,"candidate_mm":-1,"viable":[],"lostm":0,"lost_ms":0,"agree":89,"disagree":0,"losts":0,"auto":0}
2026-08-26T14:11:18-0700	ngr/loco/9950012/state/start_mm	123
2026-08-26T14:11:18-0700	ngr/loco/9950012/state/loopstat	{"loop_max_gap_ms":34,"hall_task_max_gap_ms":2,"hall_task_age_ms":1,"baseline":1802,"raw":1801,"delta":-1,"queue_drops":0,"floor_rejects":0,"queue_high_water":1,"mqtt_connect_ms":771,"mqtt_attempts":1,"pub_drops":0,"pub_queue_hw":2,"cmd_drops":0,"pub_per_s":5,"marker_pub_drops":0,"marker_pub_hw":1,"nav":"NORMAL","mm":123,"miss_streak":0,"pwm":90,"lost_markers":0,"lost_ms":0,"motor_dir":"FWD"}
2026-08-26T14:11:18-0700	ngr/loco/9950012/alert	{"level":"CLEAR","reason":"STATUS","loco":"9950012","uptime_ms":328186,"nav":"NORMAL","moving":1,"pwm":90,"est_mm_s":289,"dir":"CCW","session_dir":"CCW","mdir":"FWD","rear":123,"front":118,"env":1500,"lc_mm":123,"last_confirmed_landmark":"","age_ms":1191,"since":0,"dead_reckoned_mm":123,"candidate_mm":-1,"viable":[],"lostm":0,"lost_ms":0,"agree":89,"disagree":0,"losts":0,"auto":0}
2026-08-26T14:11:18-0700	ngr/loco/9950012/state/nav	{"event":"AGREE","state":"NORMAL","nav_state":"NORMAL","mm":122,"landmark":"","dir":"CCW","miss_streak":0,"obs":"S","expected":"S","peak":190,"ms":164,"drift":0,"dt":1038,"agree":90,"disagree":0,"lost":0,"scores":[0,0,0,0,0,0],"excluded":[false,false,false,false,false,false],"leader":null,"runner_up":null,"margin":0,"motor_dir":"FWD"}
2026-08-26T14:11:18-0700	ngr/loco/9950012/mm/marker	{"mm":122,"landmark":"","obs":"S","peak":190,"ms":164,"drift":0,"dt":1038,"timing_gate":"ACTIVE","dt_expected":1191,"dt_conserve_ratio":1.74,"pwm":90,"v":14.97}
2026-08-26T14:11:19-0700	ngr/loco/9950012/state/start_mm	122
2026-08-26T14:11:19-0700	ngr/loco/9950012/state/loopstat	{"loop_max_gap_ms":33,"hall_task_max_gap_ms":2,"hall_task_age_ms":1,"baseline":1802,"raw":1803,"delta":1,"queue_drops":0,"floor_rejects":0,"queue_high_water":1,"mqtt_connect_ms":771,"mqtt_attempts":1,"pub_drops":0,"pub_queue_hw":1,"cmd_drops":0,"pub_per_s":4,"marker_pub_drops":0,"marker_pub_hw":1,"nav":"NORMAL","mm":122,"miss_streak":0,"pwm":90,"lost_markers":0,"lost_ms":0,"motor_dir":"FWD"}
2026-08-26T14:11:19-0700	ngr/loco/9950012/alert	{"level":"CLEAR","reason":"STATUS","loco":"9950012","uptime_ms":329186,"nav":"NORMAL","moving":1,"pwm":90,"est_mm_s":289,"dir":"CCW","session_dir":"CCW","mdir":"FWD","rear":122,"front":117,"env":1500,"lc_mm":122,"last_confirmed_landmark":"","age_ms":1153,"since":0,"dead_reckoned_mm":122,"candidate_mm":-1,"viable":[],"lostm":0,"lost_ms":0,"agree":90,"disagree":0,"losts":0,"auto":0}
2026-08-26T14:11:19-0700	ngr/loco/9950012/state/nav	{"event":"AGREE","state":"NORMAL","nav_state":"NORMAL","mm":121,"landmark":"","dir":"CCW","miss_streak":0,"obs":"S","expected":"S","peak":229,"ms":161,"drift":0,"dt":1054,"agree":91,"disagree":0,"lost":0,"scores":[0,0,0,0,0,0],"excluded":[false,false,false,false,false,false],"leader":null,"runner_up":null,"margin":0,"motor_dir":"FWD"}
2026-08-26T14:11:20-0700	ngr/loco/9950012/mm/marker	{"mm":121,"landmark":"","obs":"S","peak":229,"ms":161,"drift":0,"dt":1054,"timing_gate":"ACTIVE","dt_expected":1191,"dt_conserve_ratio":1.76,"pwm":90,"v":14.97}
2026-08-26T14:11:20-0700	ngr/loco/9950012/state/start_mm	121
2026-08-26T14:11:20-0700	ngr/loco/9950012/state/loopstat	{"loop_max_gap_ms":34,"hall_task_max_gap_ms":2,"hall_task_age_ms":1,"baseline":1802,"raw":1804,"delta":2,"queue_drops":0,"floor_rejects":0,"queue_high_water":1,"mqtt_connect_ms":771,"mqtt_attempts":1,"pub_drops":0,"pub_queue_hw":1,"cmd_drops":0,"pub_per_s":4,"marker_pub_drops":0,"marker_pub_hw":1,"nav":"NORMAL","mm":121,"miss_streak":0,"pwm":90,"lost_markers":0,"lost_ms":0,"motor_dir":"FWD"}
2026-08-26T14:11:20-0700	ngr/loco/9950012/telem/voltage	14.96
2026-08-26T14:11:20-0700	ngr/loco/9950012/telem/current	0.41
2026-08-26T14:11:20-0700	ngr/loco/9950012/telem/power	6.08
2026-08-26T14:11:20-0700	ngr/loco/9950012/alert	{"level":"CLEAR","reason":"STATUS","loco":"9950012","uptime_ms":330186,"nav":"NORMAL","moving":1,"pwm":90,"est_mm_s":284,"dir":"CCW","session_dir":"CCW","mdir":"FWD","rear":121,"front":116,"env":1500,"lc_mm":121,"last_confirmed_landmark":"","age_ms":1099,"since":0,"dead_reckoned_mm":121,"candidate_mm":-1,"viable":[],"lostm":0,"lost_ms":0,"agree":91,"disagree":0,"losts":0,"auto":0}
2026-08-26T14:11:21-0700	ngr/loco/9950012/state/nav	{"event":"AGREE","state":"NORMAL","nav_state":"NORMAL","mm":120,"landmark":"","dir":"CCW","miss_streak":0,"obs":"N","expected":"N","peak":188,"ms":175,"drift":0,"dt":1173,"agree":92,"disagree":0,"lost":0,"scores":[0,0,0,0,0,0],"excluded":[false,false,false,false,false,false],"leader":null,"runner_up":null,"margin":0,"motor_dir":"FWD"}
2026-08-26T14:11:21-0700	ngr/loco/9950012/mm/marker	{"mm":120,"landmark":"","obs":"N","peak":188,"ms":175,"drift":0,"dt":1173,"timing_gate":"ACTIVE","dt_expected":1191,"dt_conserve_ratio":1.87,"pwm":90,"v":14.96}
2026-08-26T14:11:21-0700	ngr/loco/9950012/state/loopstat	{"loop_max_gap_ms":33,"hall_task_max_gap_ms":2,"hall_task_age_ms":1,"baseline":1802,"raw":1801,"delta":-1,"queue_drops":0,"floor_rejects":0,"queue_high_water":1,"mqtt_connect_ms":771,"mqtt_attempts":1,"pub_drops":0,"pub_queue_hw":3,"cmd_drops":0,"pub_per_s":6,"marker_pub_drops":0,"marker_pub_hw":1,"nav":"NORMAL","mm":120,"miss_streak":0,"pwm":90,"lost_markers":0,"lost_ms":0,"motor_dir":"FWD"}
2026-08-26T14:11:21-0700	ngr/loco/9950012/state/start_mm	120
2026-08-26T14:11:21-0700	ngr/loco/9950012/alert	{"level":"CLEAR","reason":"STATUS","loco":"9950012","uptime_ms":331186,"nav":"NORMAL","moving":1,"pwm":90,"est_mm_s":255,"dir":"CCW","session_dir":"CCW","mdir":"FWD","rear":120,"front":115,"env":1500,"lc_mm":120,"last_confirmed_landmark":"","age_ms":926,"since":0,"dead_reckoned_mm":120,"candidate_mm":-1,"viable":[],"lostm":0,"lost_ms":0,"agree":92,"disagree":0,"losts":0,"auto":0}
2026-08-26T14:11:22-0700	ngr/loco/9950012/state/loopstat	{"loop_max_gap_ms":33,"hall_task_max_gap_ms":3,"hall_task_age_ms":1,"baseline":1802,"raw":1815,"delta":13,"queue_drops":0,"floor_rejects":0,"queue_high_water":0,"mqtt_connect_ms":771,"mqtt_attempts":1,"pub_drops":0,"pub_queue_hw":2,"cmd_drops":0,"pub_per_s":2,"marker_pub_drops":0,"marker_pub_hw":0,"nav":"NORMAL","mm":120,"miss_streak":0,"pwm":90,"lost_markers":0,"lost_ms":0,"motor_dir":"FWD"}
2026-08-26T14:11:22-0700	ngr/loco/9950012/state/nav	{"event":"AGREE","state":"NORMAL","nav_state":"NORMAL","mm":119,"landmark":"","dir":"CCW","miss_streak":0,"obs":"N","expected":"N","peak":199,"ms":161,"drift":0,"dt":1220,"agree":93,"disagree":0,"lost":0,"scores":[0,0,0,0,0,0],"excluded":[false,false,false,false,false,false],"leader":null,"runner_up":null,"margin":0,"motor_dir":"FWD"}
2026-08-26T14:11:22-0700	ngr/loco/9950012/mm/marker	{"mm":119,"landmark":"","obs":"N","peak":199,"ms":161,"drift":0,"dt":1220,"timing_gate":"ACTIVE","dt_expected":1191,"dt_conserve_ratio":2.01,"pwm":90,"v":14.96}
2026-08-26T14:11:22-0700	ngr/loco/9950012/alert	{"level":"CLEAR","reason":"STATUS","loco":"9950012","uptime_ms":332186,"nav":"NORMAL","moving":1,"pwm":90,"est_mm_s":245,"dir":"CCW","session_dir":"CCW","mdir":"FWD","rear":119,"front":114,"env":1500,"lc_mm":119,"last_confirmed_landmark":"","age_ms":706,"since":0,"dead_reckoned_mm":119,"candidate_mm":-1,"viable":[],"lostm":0,"lost_ms":0,"agree":93,"disagree":0,"losts":0,"auto":0}
2026-08-26T14:11:23-0700	ngr/loco/9950012/state/start_mm	119
2026-08-26T14:11:23-0700	ngr/loco/9950012/state/loopstat	{"loop_max_gap_ms":33,"hall_task_max_gap_ms":2,"hall_task_age_ms":1,"baseline":1802,"raw":1799,"delta":-3,"queue_drops":0,"floor_rejects":0,"queue_high_water":1,"mqtt_connect_ms":771,"mqtt_attempts":1,"pub_drops":0,"pub_queue_hw":1,"cmd_drops":0,"pub_per_s":4,"marker_pub_drops":0,"marker_pub_hw":1,"nav":"NORMAL","mm":119,"miss_streak":0,"pwm":90,"lost_markers":0,"lost_ms":0,"motor_dir":"FWD"}
2026-08-26T14:11:23-0700	ngr/loco/9950012/state/nav	{"event":"AGREE","state":"NORMAL","nav_state":"NORMAL","mm":118,"landmark":"","dir":"CCW","miss_streak":0,"obs":"N","expected":"N","peak":189,"ms":148,"drift":0,"dt":1121,"agree":94,"disagree":0,"lost":0,"scores":[0,0,0,0,0,0],"excluded":[false,false,false,false,false,false],"leader":null,"runner_up":null,"margin":0,"motor_dir":"FWD"}
2026-08-26T14:11:23-0700	ngr/loco/9950012/mm/marker	{"mm":118,"landmark":"","obs":"N","peak":189,"ms":148,"drift":0,"dt":1121,"timing_gate":"ACTIVE","dt_expected":1191,"dt_conserve_ratio":1.96,"pwm":90,"v":14.96}
2026-08-26T14:11:23-0700	ngr/loco/9950012/alert	{"level":"CLEAR","reason":"STATUS","loco":"9950012","uptime_ms":333186,"nav":"NORMAL","moving":1,"pwm":90,"est_mm_s":267,"dir":"CCW","session_dir":"CCW","mdir":"FWD","rear":118,"front":113,"env":1500,"lc_mm":118,"last_confirmed_landmark":"","age_ms":585,"since":0,"dead_reckoned_mm":118,"candidate_mm":-1,"viable":[],"lostm":0,"lost_ms":0,"agree":94,"disagree":0,"losts":0,"auto":0}
2026-08-26T14:11:24-0700	ngr/loco/9950012/state/start_mm	118
2026-08-26T14:11:24-0700	ngr/loco/9950012/state/loopstat	{"loop_max_gap_ms":33,"hall_task_max_gap_ms":2,"hall_task_age_ms":1,"baseline":1802,"raw":1802,"delta":0,"queue_drops":0,"floor_rejects":0,"queue_high_water":1,"mqtt_connect_ms":771,"mqtt_attempts":1,"pub_drops":0,"pub_queue_hw":1,"cmd_drops":0,"pub_per_s":4,"marker_pub_drops":0,"marker_pub_hw":1,"nav":"NORMAL","mm":118,"miss_streak":0,"pwm":90,"lost_markers":0,"lost_ms":0,"motor_dir":"FWD"}
2026-08-26T14:11:24-0700	ngr/loco/9950012/state/nav	{"event":"AGREE","state":"NORMAL","nav_state":"NORMAL","mm":117,"landmark":"","dir":"CCW","miss_streak":0,"obs":"S","expected":"S","peak":186,"ms":163,"drift":0,"dt":1086,"agree":95,"disagree":0,"lost":0,"scores":[0,0,0,0,0,0],"excluded":[false,false,false,false,false,false],"leader":null,"runner_up":null,"margin":0,"motor_dir":"FWD"}
2026-08-26T14:11:24-0700	ngr/loco/9950012/mm/marker	{"mm":117,"landmark":"","obs":"S","peak":186,"ms":163,"drift":0,"dt":1086,"timing_gate":"ACTIVE","dt_expected":1191,"dt_conserve_ratio":1.85,"pwm":90,"v":14.96}
2026-08-26T14:11:24-0700	ngr/loco/9950012/alert	{"level":"CLEAR","reason":"STATUS","loco":"9950012","uptime_ms":334186,"nav":"NORMAL","moving":1,"pwm":90,"est_mm_s":276,"dir":"CCW","session_dir":"CCW","mdir":"FWD","rear":117,"front":112,"env":1520,"lc_mm":117,"last_confirmed_landmark":"","age_ms":499,"since":0,"dead_reckoned_mm":117,"candidate_mm":-1,"viable":[],"lostm":0,"lost_ms":0,"agree":95,"disagree":0,"losts":0,"auto":0}
2026-08-26T14:11:25-0700	ngr/loco/9950012/state/start_mm	117
2026-08-26T14:11:25-0700	ngr/loco/9950012/state/loopstat	{"loop_max_gap_ms":33,"hall_task_max_gap_ms":2,"hall_task_age_ms":1,"baseline":1802,"raw":1802,"delta":0,"queue_drops":0,"floor_rejects":0,"queue_high_water":1,"mqtt_connect_ms":771,"mqtt_attempts":1,"pub_drops":0,"pub_queue_hw":1,"cmd_drops":0,"pub_per_s":4,"marker_pub_drops":0,"marker_pub_hw":1,"nav":"NORMAL","mm":117,"miss_streak":0,"pwm":90,"lost_markers":0,"lost_ms":0,"motor_dir":"FWD"}
2026-08-26T14:11:25-0700	ngr/loco/9950012/state/nav	{"event":"AGREE","state":"NORMAL","nav_state":"NORMAL","mm":116,"landmark":"","dir":"CCW","miss_streak":0,"obs":"S","expected":"S","peak":193,"ms":153,"drift":0,"dt":1115,"agree":96,"disagree":0,"lost":0,"scores":[0,0,0,0,0,0],"excluded":[false,false,false,false,false,false],"leader":null,"runner_up":null,"margin":0,"motor_dir":"FWD"}
2026-08-26T14:11:25-0700	ngr/loco/9950012/mm/marker	{"mm":116,"landmark":"","obs":"S","peak":193,"ms":153,"drift":0,"dt":1115,"timing_gate":"ACTIVE","dt_expected":1191,"dt_conserve_ratio":1.85,"pwm":90,"v":14.96}
2026-08-26T14:11:25-0700	ngr/loco/9950012/telem/voltage	15.00
2026-08-26T14:11:25-0700	ngr/loco/9950012/telem/current	0.39
2026-08-26T14:11:25-0700	ngr/loco/9950012/telem/power	6.31
2026-08-26T14:11:25-0700	ngr/loco/9950012/alert	{"level":"CLEAR","reason":"STATUS","loco":"9950012","uptime_ms":335186,"nav":"NORMAL","moving":1,"pwm":90,"est_mm_s":269,"dir":"CCW","session_dir":"CCW","mdir":"FWD","rear":116,"front":111,"env":1540,"lc_mm":116,"last_confirmed_landmark":"","age_ms":384,"since":0,"dead_reckoned_mm":116,"candidate_mm":-1,"viable":[],"lostm":0,"lost_ms":0,"agree":96,"disagree":0,"losts":0,"auto":0}
2026-08-26T14:11:26-0700	ngr/loco/9950012/state/loopstat	{"loop_max_gap_ms":34,"hall_task_max_gap_ms":2,"hall_task_age_ms":1,"baseline":1802,"raw":1801,"delta":-1,"queue_drops":0,"floor_rejects":0,"queue_high_water":0,"mqtt_connect_ms":771,"mqtt_attempts":1,"pub_drops":0,"pub_queue_hw":3,"cmd_drops":0,"pub_per_s":6,"marker_pub_drops":0,"marker_pub_hw":1,"nav":"NORMAL","mm":116,"miss_streak":0,"pwm":90,"lost_markers":0,"lost_ms":0,"motor_dir":"FWD"}
2026-08-26T14:11:26-0700	ngr/loco/9950012/state/start_mm	116
2026-08-26T14:11:26-0700	ngr/loco/9950012/state/nav	{"event":"AGREE","state":"NORMAL","nav_state":"NORMAL","mm":115,"landmark":"","dir":"CCW","miss_streak":0,"obs":"N","expected":"N","peak":197,"ms":158,"drift":0,"dt":1123,"agree":97,"disagree":0,"lost":0,"scores":[0,0,0,0,0,0],"excluded":[false,false,false,false,false,false],"leader":null,"runner_up":null,"margin":0,"motor_dir":"FWD"}
2026-08-26T14:11:26-0700	ngr/loco/9950012/mm/marker	{"mm":115,"landmark":"","obs":"N","peak":197,"ms":158,"drift":0,"dt":1123,"timing_gate":"ACTIVE","dt_expected":1191,"dt_conserve_ratio":1.88,"pwm":90,"v":15.00}
2026-08-26T14:11:26-0700	ngr/loco/9950012/alert	{"level":"CLEAR","reason":"STATUS","loco":"9950012","uptime_ms":336186,"nav":"NORMAL","moving":1,"pwm":90,"est_mm_s":267,"dir":"CCW","session_dir":"CCW","mdir":"FWD","rear":115,"front":110,"env":1540,"lc_mm":115,"last_confirmed_landmark":"","age_ms":261,"since":0,"dead_reckoned_mm":115,"candidate_mm":-1,"viable":[],"lostm":0,"lost_ms":0,"agree":97,"disagree":0,"losts":0,"auto":0}
2026-08-26T14:11:27-0700	ngr/loco/9950012/state/loopstat	{"loop_max_gap_ms":33,"hall_task_max_gap_ms":2,"hall_task_age_ms":1,"baseline":1802,"raw":1798,"delta":-4,"queue_drops":0,"floor_rejects":0,"queue_high_water":1,"mqtt_connect_ms":771,"mqtt_attempts":1,"pub_drops":0,"pub_queue_hw":2,"cmd_drops":0,"pub_per_s":4,"marker_pub_drops":0,"marker_pub_hw":1,"nav":"NORMAL","mm":115,"miss_streak":0,"pwm":90,"lost_markers":0,"lost_ms":0,"motor_dir":"FWD"}
2026-08-26T14:11:27-0700	ngr/loco/9950012/state/start_mm	115
2026-08-26T14:11:27-0700	ngr/loco/9950012/alert	{"level":"CLEAR","reason":"STATUS","loco":"9950012","uptime_ms":337186,"nav":"NORMAL","moving":1,"pwm":90,"est_mm_s":267,"dir":"CCW","session_dir":"CCW","mdir":"FWD","rear":115,"front":110,"env":1540,"lc_mm":115,"last_confirmed_landmark":"","age_ms":1261,"since":0,"dead_reckoned_mm":115,"candidate_mm":-1,"viable":[],"lostm":0,"lost_ms":0,"agree":97,"disagree":0,"losts":0,"auto":0}
2026-08-26T14:11:27-0700	ngr/loco/9950012/state/nav	{"event":"AGREE","state":"NORMAL","nav_state":"NORMAL","mm":114,"landmark":"","dir":"CCW","miss_streak":0,"obs":"S","expected":"S","peak":186,"ms":159,"drift":0,"dt":1124,"agree":98,"disagree":0,"lost":0,"scores":[0,0,0,0,0,0],"excluded":[false,false,false,false,false,false],"leader":null,"runner_up":null,"margin":0,"motor_dir":"FWD"}
2026-08-26T14:11:27-0700	ngr/loco/9950012/mm/marker	{"mm":114,"landmark":"","obs":"S","peak":186,"ms":159,"drift":0,"dt":1124,"timing_gate":"ACTIVE","dt_expected":1191,"dt_conserve_ratio":1.89,"pwm":90,"v":15.00}
2026-08-26T14:11:28-0700	ngr/loco/9950012/state/loopstat	{"loop_max_gap_ms":33,"hall_task_max_gap_ms":2,"hall_task_age_ms":1,"baseline":1802,"raw":1795,"delta":-7,"queue_drops":0,"floor_rejects":0,"queue_high_water":1,"mqtt_connect_ms":771,"mqtt_attempts":1,"pub_drops":0,"pub_queue_hw":2,"cmd_drops":0,"pub_per_s":4,"marker_pub_drops":0,"marker_pub_hw":1,"nav":"NORMAL","mm":114,"miss_streak":0,"pwm":90,"lost_markers":0,"lost_ms":0,"motor_dir":"FWD"}
2026-08-26T14:11:28-0700	ngr/loco/9950012/state/start_mm	114
2026-08-26T14:11:28-0700	ngr/loco/9950012/alert	{"level":"CLEAR","reason":"STATUS","loco":"9950012","uptime_ms":338186,"nav":"NORMAL","moving":1,"pwm":90,"est_mm_s":266,"dir":"CCW","session_dir":"CCW","mdir":"FWD","rear":114,"front":109,"env":1540,"lc_mm":114,"last_confirmed_landmark":"","age_ms":1137,"since":0,"dead_reckoned_mm":114,"candidate_mm":-1,"viable":[],"lostm":0,"lost_ms":0,"agree":98,"disagree":0,"losts":0,"auto":0}
2026-08-26T14:11:29-0700	ngr/loco/9950012/state/nav	{"event":"AGREE","state":"NORMAL","nav_state":"NORMAL","mm":113,"landmark":"","dir":"CCW","miss_streak":0,"obs":"N","expected":"N","peak":181,"ms":158,"drift":0,"dt":1149,"agree":99,"disagree":0,"lost":0,"scores":[0,0,0,0,0,0],"excluded":[false,false,false,false,false,false],"leader":null,"runner_up":null,"margin":0,"motor_dir":"FWD"}
2026-08-26T14:11:29-0700	ngr/loco/9950012/mm/marker	{"mm":113,"landmark":"","obs":"N","peak":181,"ms":158,"drift":0,"dt":1149,"timing_gate":"ACTIVE","dt_expected":1191,"dt_conserve_ratio":1.91,"pwm":90,"v":15.00}
2026-08-26T14:11:29-0700	ngr/loco/9950012/state/start_mm	113
2026-08-26T14:11:29-0700	ngr/loco/9950012/state/loopstat	{"loop_max_gap_ms":33,"hall_task_max_gap_ms":2,"hall_task_age_ms":1,"baseline":1802,"raw":1799,"delta":-3,"queue_drops":0,"floor_rejects":0,"queue_high_water":1,"mqtt_connect_ms":771,"mqtt_attempts":1,"pub_drops":0,"pub_queue_hw":2,"cmd_drops":0,"pub_per_s":5,"marker_pub_drops":0,"marker_pub_hw":1,"nav":"NORMAL","mm":113,"miss_streak":0,"pwm":90,"lost_markers":0,"lost_ms":0,"motor_dir":"FWD"}
2026-08-26T14:11:29-0700	ngr/loco/9950012/alert	{"level":"CLEAR","reason":"STATUS","loco":"9950012","uptime_ms":339186,"nav":"NORMAL","moving":1,"pwm":90,"est_mm_s":261,"dir":"CCW","session_dir":"CCW","mdir":"FWD","rear":113,"front":108,"env":1545,"lc_mm":113,"last_confirmed_landmark":"","age_ms":988,"since":0,"dead_reckoned_mm":113,"candidate_mm":-1,"viable":[],"lostm":0,"lost_ms":0,"agree":99,"disagree":0,"losts":0,"auto":0}
2026-08-26T14:11:30-0700	ngr/loco/9950012/state/loopstat	{"loop_max_gap_ms":34,"hall_task_max_gap_ms":2,"hall_task_age_ms":1,"baseline":1802,"raw":1902,"delta":100,"queue_drops":0,"floor_rejects":0,"queue_high_water":0,"mqtt_connect_ms":771,"mqtt_attempts":1,"pub_drops":0,"pub_queue_hw":1,"cmd_drops":0,"pub_per_s":1,"marker_pub_drops":0,"marker_pub_hw":0,"nav":"NORMAL","mm":113,"miss_streak":0,"pwm":90,"lost_markers":0,"lost_ms":0,"motor_dir":"FWD"}
2026-08-26T14:11:30-0700	ngr/loco/9950012/state/nav	{"event":"AGREE","state":"NORMAL","nav_state":"NORMAL","mm":112,"landmark":"","dir":"CCW","miss_streak":0,"obs":"N","expected":"N","peak":192,"ms":165,"drift":0,"dt":1252,"agree":100,"disagree":0,"lost":0,"scores":[0,0,0,0,0,0],"excluded":[false,false,false,false,false,false],"leader":null,"runner_up":null,"margin":0,"motor_dir":"FWD"}
2026-08-26T14:11:30-0700	ngr/loco/9950012/mm/marker	{"mm":112,"landmark":"","obs":"N","peak":192,"ms":165,"drift":0,"dt":1252,"timing_gate":"ACTIVE","dt_expected":1191,"dt_conserve_ratio":2.02,"pwm":90,"v":15.00}
2026-08-26T14:11:30-0700	ngr/loco/9950012/telem/voltage	14.96
2026-08-26T14:11:30-0700	ngr/loco/9950012/telem/current	0.40
2026-08-26T14:11:30-0700	ngr/loco/9950012/telem/power	5.98
2026-08-26T14:11:30-0700	ngr/loco/9950012/alert	{"level":"CLEAR","reason":"STATUS","loco":"9950012","uptime_ms":340186,"nav":"NORMAL","moving":1,"pwm":90,"est_mm_s":255,"dir":"CCW","session_dir":"CCW","mdir":"FWD","rear":112,"front":107,"env":1525,"lc_mm":112,"last_confirmed_landmark":"","age_ms":736,"since":0,"dead_reckoned_mm":112,"candidate_mm":-1,"viable":[],"lostm":0,"lost_ms":0,"agree":100,"disagree":0,"losts":0,"auto":0}
2026-08-26T14:11:31-0700	ngr/loco/9950012/state/start_mm	112
2026-08-26T14:11:31-0700	ngr/loco/9950012/state/loopstat	{"loop_max_gap_ms":33,"hall_task_max_gap_ms":2,"hall_task_age_ms":1,"baseline":1802,"raw":1800,"delta":-2,"queue_drops":0,"floor_rejects":0,"queue_high_water":1,"mqtt_connect_ms":771,"mqtt_attempts":1,"pub_drops":0,"pub_queue_hw":3,"cmd_drops":0,"pub_per_s":7,"marker_pub_drops":0,"marker_pub_hw":1,"nav":"NORMAL","mm":112,"miss_streak":0,"pwm":90,"lost_markers":0,"lost_ms":0,"motor_dir":"FWD"}
2026-08-26T14:11:31-0700	ngr/loco/9950012/state/nav	{"event":"AGREE","state":"NORMAL","nav_state":"NORMAL","mm":111,"landmark":"","dir":"CCW","miss_streak":0,"obs":"N","expected":"N","peak":185,"ms":175,"drift":0,"dt":1241,"agree":101,"disagree":0,"lost":0,"scores":[0,0,0,0,0,0],"excluded":[false,false,false,false,false,false],"leader":null,"runner_up":null,"margin":0,"motor_dir":"FWD"}
2026-08-26T14:11:31-0700	ngr/loco/9950012/mm/marker	{"mm":111,"landmark":"","obs":"N","peak":185,"ms":175,"drift":0,"dt":1241,"timing_gate":"ACTIVE","dt_expected":1270,"dt_conserve_ratio":1.96,"pwm":90,"v":14.96}
2026-08-26T14:11:31-0700	ngr/loco/9950012/alert	{"level":"CLEAR","reason":"STATUS","loco":"9950012","uptime_ms":341186,"nav":"NORMAL","moving":1,"pwm":90,"est_mm_s":257,"dir":"CCW","session_dir":"CCW","mdir":"FWD","rear":111,"front":106,"env":1505,"lc_mm":111,"last_confirmed_landmark":"","age_ms":495,"since":0,"dead_reckoned_mm":111,"candidate_mm":-1,"viable":[],"lostm":0,"lost_ms":0,"agree":101,"disagree":0,"losts":0,"auto":0}
2026-08-26T14:11:32-0700	ngr/loco/9950012/state/loopstat	{"loop_max_gap_ms":34,"hall_task_max_gap_ms":3,"hall_task_age_ms":1,"baseline":1802,"raw":1803,"delta":1,"queue_drops":0,"floor_rejects":0,"queue_high_water":1,"mqtt_connect_ms":771,"mqtt_attempts":1,"pub_drops":0,"pub_queue_hw":1,"cmd_drops":0,"pub_per_s":3,"marker_pub_drops":0,"marker_pub_hw":1,"nav":"NORMAL","mm":111,"miss_streak":0,"pwm":90,"lost_markers":0,"lost_ms":0,"motor_dir":"FWD"}
2026-08-26T14:11:32-0700	ngr/loco/9950012/state/start_mm	111
2026-08-26T14:11:32-0700	ngr/loco/9950012/alert	{"level":"CLEAR","reason":"STATUS","loco":"9950012","uptime_ms":342186,"nav":"NORMAL","moving":1,"pwm":90,"est_mm_s":257,"dir":"CCW","session_dir":"CCW","mdir":"FWD","rear":111,"front":106,"env":1505,"lc_mm":111,"last_confirmed_landmark":"","age_ms":1495,"since":0,"dead_reckoned_mm":111,"candidate_mm":-1,"viable":[],"lostm":0,"lost_ms":0,"agree":101,"disagree":0,"losts":0,"auto":0}
2026-08-26T14:11:33-0700	ngr/loco/9950012/state/nav	{"event":"AGREE","state":"NORMAL","nav_state":"NORMAL","mm":110,"landmark":"","dir":"CCW","miss_streak":0,"obs":"N","expected":"N","peak":162,"ms":158,"drift":0,"dt":1486,"agree":102,"disagree":0,"lost":0,"scores":[0,0,0,0,0,0],"excluded":[false,false,false,false,false,false],"leader":null,"runner_up":null,"margin":0,"motor_dir":"FWD"}
2026-08-26T14:11:33-0700	ngr/loco/9950012/mm/marker	{"mm":110,"landmark":"","obs":"N","peak":162,"ms":158,"drift":0,"dt":1486,"timing_gate":"ACTIVE","dt_expected":1270,"dt_conserve_ratio":2.15,"pwm":90,"v":14.96}
2026-08-26T14:11:33-0700	ngr/loco/9950012/state/loopstat	{"loop_max_gap_ms":33,"hall_task_max_gap_ms":2,"hall_task_age_ms":1,"baseline":1802,"raw":1796,"delta":-6,"queue_drops":0,"floor_rejects":0,"queue_high_water":1,"mqtt_connect_ms":771,"mqtt_attempts":1,"pub_drops":0,"pub_queue_hw":2,"cmd_drops":0,"pub_per_s":4,"marker_pub_drops":0,"marker_pub_hw":1,"nav":"NORMAL","mm":110,"miss_streak":0,"pwm":90,"lost_markers":0,"lost_ms":0,"motor_dir":"FWD"}
2026-08-26T14:11:33-0700	ngr/loco/9950012/state/start_mm	110
2026-08-26T14:11:33-0700	ngr/loco/9950012/alert	{"level":"CLEAR","reason":"STATUS","loco":"9950012","uptime_ms":343186,"nav":"NORMAL","moving":1,"pwm":90,"est_mm_s":201,"dir":"CCW","session_dir":"CCW","mdir":"FWD","rear":110,"front":105,"env":1505,"lc_mm":110,"last_confirmed_landmark":"","age_ms":1009,"since":0,"dead_reckoned_mm":110,"candidate_mm":-1,"viable":[],"lostm":0,"lost_ms":0,"agree":102,"disagree":0,"losts":0,"auto":0}
2026-08-26T14:11:34-0700	ngr/loco/9950012/state/loopstat	{"loop_max_gap_ms":33,"hall_task_max_gap_ms":3,"hall_task_age_ms":1,"baseline":1802,"raw":1955,"delta":153,"queue_drops":0,"floor_rejects":0,"queue_high_water":0,"mqtt_connect_ms":771,"mqtt_attempts":1,"pub_drops":0,"pub_queue_hw":2,"cmd_drops":0,"pub_per_s":2,"marker_pub_drops":0,"marker_pub_hw":0,"nav":"NORMAL","mm":110,"miss_streak":0,"pwm":90,"lost_markers":0,"lost_ms":0,"motor_dir":"FWD"}
2026-08-26T14:11:34-0700	ngr/loco/9950012/state/nav	{"event":"AGREE","state":"NORMAL","nav_state":"NORMAL","mm":109,"landmark":"","dir":"CCW","miss_streak":0,"obs":"N","expected":"N","peak":155,"ms":163,"drift":0,"dt":1227,"agree":103,"disagree":0,"lost":0,"scores":[0,0,0,0,0,0],"excluded":[false,false,false,false,false,false],"leader":null,"runner_up":null,"margin":0,"motor_dir":"FWD"}
2026-08-26T14:11:34-0700	ngr/loco/9950012/mm/marker	{"mm":109,"landmark":"","obs":"N","peak":155,"ms":163,"drift":0,"dt":1227,"timing_gate":"ACTIVE","dt_expected":1191,"dt_conserve_ratio":2.28,"pwm":90,"v":14.96}
2026-08-26T14:11:34-0700	ngr/loco/9950012/alert	{"level":"CLEAR","reason":"STATUS","loco":"9950012","uptime_ms":344186,"nav":"NORMAL","moving":1,"pwm":90,"est_mm_s":244,"dir":"CCW","session_dir":"CCW","mdir":"FWD","rear":109,"front":104,"env":1505,"lc_mm":109,"last_confirmed_landmark":"","age_ms":782,"since":0,"dead_reckoned_mm":109,"candidate_mm":-1,"viable":[],"lostm":0,"lost_ms":0,"agree":103,"disagree":0,"losts":0,"auto":0}
2026-08-26T14:11:35-0700	ngr/loco/9950012/state/start_mm	109
2026-08-26T14:11:35-0700	ngr/loco/9950012/state/loopstat	{"loop_max_gap_ms":34,"hall_task_max_gap_ms":2,"hall_task_age_ms":1,"baseline":1802,"raw":1792,"delta":-10,"queue_drops":0,"floor_rejects":0,"queue_high_water":1,"mqtt_connect_ms":771,"mqtt_attempts":1,"pub_drops":0,"pub_queue_hw":1,"cmd_drops":0,"pub_per_s":4,"marker_pub_drops":0,"marker_pub_hw":1,"nav":"NORMAL","mm":109,"miss_streak":0,"pwm":90,"lost_markers":0,"lost_ms":0,"motor_dir":"FWD"}
2026-08-26T14:11:35-0700	ngr/loco/9950012/state/nav	{"event":"AGREE","state":"NORMAL","nav_state":"NORMAL","mm":108,"landmark":"","dir":"CCW","miss_streak":0,"obs":"N","expected":"N","peak":162,"ms":152,"drift":0,"dt":1218,"agree":104,"disagree":0,"lost":0,"scores":[0,0,0,0,0,0],"excluded":[false,false,false,false,false,false],"leader":null,"runner_up":null,"margin":0,"motor_dir":"FWD"}
2026-08-26T14:11:35-0700	ngr/loco/9950012/mm/marker	{"mm":108,"landmark":"","obs":"N","peak":162,"ms":152,"drift":0,"dt":1218,"timing_gate":"ACTIVE","dt_expected":1191,"dt_conserve_ratio":2.05,"pwm":90,"v":14.96}
2026-08-26T14:11:35-0700	ngr/loco/9950012/telem/voltage	15.01
2026-08-26T14:11:35-0700	ngr/loco/9950012/telem/current	0.35
2026-08-26T14:11:35-0700	ngr/loco/9950012/telem/power	5.19
2026-08-26T14:11:35-0700	ngr/loco/9950012/alert	{"level":"CLEAR","reason":"STATUS","loco":"9950012","uptime_ms":345186,"nav":"NORMAL","moving":1,"pwm":90,"est_mm_s":250,"dir":"CCW","session_dir":"CCW","mdir":"FWD","rear":108,"front":103,"env":1500,"lc_mm":108,"last_confirmed_landmark":"","age_ms":564,"since":0,"dead_reckoned_mm":108,"candidate_mm":-1,"viable":[],"lostm":0,"lost_ms":0,"agree":104,"disagree":0,"losts":0,"auto":0}
2026-08-26T14:11:36-0700	ngr/loco/9950012/state/start_mm	108
2026-08-26T14:11:36-0700	ngr/loco/9950012/state/loopstat	{"loop_max_gap_ms":33,"hall_task_max_gap_ms":2,"hall_task_age_ms":1,"baseline":1802,"raw":1800,"delta":-2,"queue_drops":0,"floor_rejects":0,"queue_high_water":1,"mqtt_connect_ms":771,"mqtt_attempts":1,"pub_drops":0,"pub_queue_hw":3,"cmd_drops":0,"pub_per_s":7,"marker_pub_drops":0,"marker_pub_hw":1,"nav":"NORMAL","mm":108,"miss_streak":0,"pwm":90,"lost_markers":0,"lost_ms":0,"motor_dir":"FWD"}
2026-08-26T14:11:36-0700	ngr/loco/9950012/state/nav	{"event":"AGREE","state":"NORMAL","nav_state":"NORMAL","mm":107,"landmark":"Arches","dir":"CCW","miss_streak":0,"obs":"N","expected":"N","peak":153,"ms":169,"drift":0,"dt":1139,"agree":105,"disagree":0,"lost":0,"scores":[0,0,0,0,0,0],"excluded":[false,false,false,false,false,false],"leader":null,"runner_up":null,"margin":0,"motor_dir":"FWD"}
2026-08-26T14:11:36-0700	ngr/loco/9950012/mm/marker	{"mm":107,"landmark":"Arches","obs":"N","peak":153,"ms":169,"drift":0,"dt":1139,"timing_gate":"ACTIVE","dt_expected":1211,"dt_conserve_ratio":1.95,"pwm":90,"v":15.01}
2026-08-26T14:11:36-0700	ngr/loco/9950012/alert	{"level":"CLEAR","reason":"STATUS","loco":"9950012","uptime_ms":346186,"nav":"NORMAL","moving":1,"pwm":90,"est_mm_s":263,"dir":"CCW","session_dir":"CCW","mdir":"FWD","rear":107,"front":102,"env":1495,"lc_mm":107,"last_confirmed_landmark":"Arches","age_ms":425,"since":0,"dead_reckoned_mm":107,"candidate_mm":-1,"viable":[],"lostm":0,"lost_ms":0,"agree":105,"disagree":0,"losts":0,"auto":0}
2026-08-26T14:11:37-0700	ngr/loco/9950012/state/loopstat	{"loop_max_gap_ms":33,"hall_task_max_gap_ms":2,"hall_task_age_ms":1,"baseline":1802,"raw":1802,"delta":0,"queue_drops":0,"floor_rejects":0,"queue_high_water":0,"mqtt_connect_ms":771,"mqtt_attempts":1,"pub_drops":0,"pub_queue_hw":1,"cmd_drops":0,"pub_per_s":3,"marker_pub_drops":0,"marker_pub_hw":1,"nav":"NORMAL","mm":107,"miss_streak":0,"pwm":90,"lost_markers":0,"lost_ms":0,"motor_dir":"FWD"}
2026-08-26T14:11:37-0700	ngr/loco/9950012/state/start_mm	107
2026-08-26T14:11:37-0700	ngr/loco/9950012/state/nav	{"event":"AGREE","state":"NORMAL","nav_state":"NORMAL","mm":106,"landmark":"","dir":"CCW","miss_streak":0,"obs":"S","expected":"S","peak":167,"ms":172,"drift":0,"dt":1230,"agree":106,"disagree":0,"lost":0,"scores":[0,0,0,0,0,0],"excluded":[false,false,false,false,false,false],"leader":null,"runner_up":null,"margin":0,"motor_dir":"FWD"}
2026-08-26T14:11:37-0700	ngr/loco/9950012/mm/marker	{"mm":106,"landmark":"","obs":"S","peak":167,"ms":172,"drift":0,"dt":1230,"timing_gate":"ACTIVE","dt_expected":1191,"dt_conserve_ratio":1.99,"pwm":90,"v":15.01}
2026-08-26T14:11:37-0700	ngr/loco/9950012/alert	{"level":"CLEAR","reason":"STATUS","loco":"9950012","uptime_ms":347186,"nav":"NORMAL","moving":1,"pwm":90,"est_mm_s":243,"dir":"CCW","session_dir":"CCW","mdir":"FWD","rear":106,"front":101,"env":1495,"lc_mm":106,"last_confirmed_landmark":"","age_ms":195,"since":0,"dead_reckoned_mm":106,"candidate_mm":-1,"viable":[],"lostm":0,"lost_ms":0,"agree":106,"disagree":0,"losts":0,"auto":0}
2026-08-26T14:11:38-0700	ngr/loco/9950012/state/start_mm	106
2026-08-26T14:11:38-0700	ngr/loco/9950012/state/loopstat	{"loop_max_gap_ms":56,"hall_task_max_gap_ms":3,"hall_task_age_ms":1,"baseline":1802,"raw":1807,"delta":5,"queue_drops":0,"floor_rejects":0,"queue_high_water":1,"mqtt_connect_ms":771,"mqtt_attempts":1,"pub_drops":0,"pub_queue_hw":2,"cmd_drops":0,"pub_per_s":5,"marker_pub_drops":0,"marker_pub_hw":1,"nav":"NORMAL","mm":106,"miss_streak":0,"pwm":90,"lost_markers":0,"lost_ms":0,"motor_dir":"FWD"}
2026-08-26T14:11:38-0700	ngr/loco/9950012/alert	{"level":"CLEAR","reason":"STATUS","loco":"9950012","uptime_ms":348186,"nav":"NORMAL","moving":1,"pwm":90,"est_mm_s":243,"dir":"CCW","session_dir":"CCW","mdir":"FWD","rear":106,"front":101,"env":1495,"lc_mm":106,"last_confirmed_landmark":"","age_ms":1195,"since":0,"dead_reckoned_mm":106,"candidate_mm":-1,"viable":[],"lostm":0,"lost_ms":0,"agree":106,"disagree":0,"losts":0,"auto":0}
2026-08-26T14:11:39-0700	ngr/loco/9950012/state/nav	{"event":"AGREE","state":"NORMAL","nav_state":"NORMAL","mm":105,"landmark":"","dir":"CCW","miss_streak":0,"obs":"S","expected":"S","peak":174,"ms":181,"drift":0,"dt":1239,"agree":107,"disagree":0,"lost":0,"scores":[0,0,0,0,0,0],"excluded":[false,false,false,false,false,false],"leader":null,"runner_up":null,"margin":0,"motor_dir":"FWD"}
2026-08-26T14:11:39-0700	ngr/loco/9950012/mm/marker	{"mm":105,"landmark":"","obs":"S","peak":174,"ms":181,"drift":0,"dt":1239,"timing_gate":"ACTIVE","dt_expected":1191,"dt_conserve_ratio":2.07,"pwm":90,"v":15.01}
2026-08-26T14:11:39-0700	ngr/loco/9950012/state/start_mm	105
2026-08-26T14:11:39-0700	ngr/loco/9950012/state/loopstat	{"loop_max_gap_ms":33,"hall_task_max_gap_ms":2,"hall_task_age_ms":2,"baseline":1802,"raw":1803,"delta":1,"queue_drops":0,"floor_rejects":0,"queue_high_water":0,"mqtt_connect_ms":771,"mqtt_attempts":1,"pub_drops":0,"pub_queue_hw":1,"cmd_drops":0,"pub_per_s":4,"marker_pub_drops":0,"marker_pub_hw":1,"nav":"NORMAL","mm":105,"miss_streak":0,"pwm":90,"lost_markers":0,"lost_ms":0,"motor_dir":"FWD"}
2026-08-26T14:11:39-0700	ngr/loco/9950012/alert	{"level":"CLEAR","reason":"STATUS","loco":"9950012","uptime_ms":349186,"nav":"NORMAL","moving":1,"pwm":90,"est_mm_s":242,"dir":"CCW","session_dir":"CCW","mdir":"FWD","rear":105,"front":100,"env":1495,"lc_mm":105,"last_confirmed_landmark":"","age_ms":956,"since":0,"dead_reckoned_mm":105,"candidate_mm":-1,"viable":[],"lostm":0,"lost_ms":0,"agree":107,"disagree":0,"losts":0,"auto":0}
2026-08-26T14:11:40-0700	ngr/loco/9950012/state/loopstat	{"loop_max_gap_ms":34,"hall_task_max_gap_ms":2,"hall_task_age_ms":1,"baseline":1802,"raw":1758,"delta":-44,"queue_drops":0,"floor_rejects":0,"queue_high_water":0,"mqtt_connect_ms":771,"mqtt_attempts":1,"pub_drops":0,"pub_queue_hw":1,"cmd_drops":0,"pub_per_s":1,"marker_pub_drops":0,"marker_pub_hw":0,"nav":"NORMAL","mm":105,"miss_streak":0,"pwm":90,"lost_markers":0,"lost_ms":0,"motor_dir":"FWD"}
2026-08-26T14:11:40-0700	ngr/loco/9950012/state/nav	{"event":"AGREE","state":"NORMAL","nav_state":"NORMAL","mm":104,"landmark":"","dir":"CCW","miss_streak":0,"obs":"S","expected":"S","peak":165,"ms":173,"drift":0,"dt":1236,"agree":108,"disagree":0,"lost":0,"scores":[0,0,0,0,0,0],"excluded":[false,false,false,false,false,false],"leader":null,"runner_up":null,"margin":0,"motor_dir":"FWD"}
2026-08-26T14:11:40-0700	ngr/loco/9950012/mm/marker	{"mm":104,"landmark":"","obs":"S","peak":165,"ms":173,"drift":0,"dt":1236,"timing_gate":"ACTIVE","dt_expected":1191,"dt_conserve_ratio":2.08,"pwm":90,"v":15.01}
2026-08-26T14:11:40-0700	ngr/loco/9950012/telem/voltage	15.00
2026-08-26T14:11:40-0700	ngr/loco/9950012/telem/current	0.43
2026-08-26T14:11:40-0700	ngr/loco/9950012/telem/power	5.63
2026-08-26T14:11:40-0700	ngr/loco/9950012/alert	{"level":"CLEAR","reason":"STATUS","loco":"9950012","uptime_ms":350186,"nav":"NORMAL","moving":1,"pwm":90,"est_mm_s":242,"dir":"CCW","session_dir":"CCW","mdir":"FWD","rear":104,"front":99,"env":1495,"lc_mm":104,"last_confirmed_landmark":"","age_ms":720,"since":0,"dead_reckoned_mm":104,"candidate_mm":-1,"viable":[],"lostm":0,"lost_ms":0,"agree":108,"disagree":0,"losts":0,"auto":0}
2026-08-26T14:11:41-0700	ngr/loco/9950012/state/start_mm	104
2026-08-26T14:11:41-0700	ngr/loco/9950012/state/loopstat	{"loop_max_gap_ms":34,"hall_task_max_gap_ms":2,"hall_task_age_ms":1,"baseline":1802,"raw":1799,"delta":-3,"queue_drops":0,"floor_rejects":0,"queue_high_water":1,"mqtt_connect_ms":771,"mqtt_attempts":1,"pub_drops":0,"pub_queue_hw":3,"cmd_drops":0,"pub_per_s":7,"marker_pub_drops":0,"marker_pub_hw":1,"nav":"NORMAL","mm":104,"miss_streak":0,"pwm":90,"lost_markers":0,"lost_ms":0,"motor_dir":"FWD"}
2026-08-26T14:11:41-0700	ngr/loco/9950012/state/nav	{"event":"AGREE","state":"NORMAL","nav_state":"NORMAL","mm":103,"landmark":"","dir":"CCW","miss_streak":0,"obs":"N","expected":"N","peak":162,"ms":189,"drift":0,"dt":1307,"agree":109,"disagree":0,"lost":0,"scores":[0,0,0,0,0,0],"excluded":[false,false,false,false,false,false],"leader":null,"runner_up":null,"margin":0,"motor_dir":"FWD"}
2026-08-26T14:11:41-0700	ngr/loco/9950012/mm/marker	{"mm":103,"landmark":"","obs":"N","peak":162,"ms":189,"drift":0,"dt":1307,"timing_gate":"ACTIVE","dt_expected":1191,"dt_conserve_ratio":2.13,"pwm":90,"v":15.00}
2026-08-26T14:11:41-0700	ngr/loco/9950012/alert	{"level":"CLEAR","reason":"STATUS","loco":"9950012","uptime_ms":351186,"nav":"NORMAL","moving":1,"pwm":90,"est_mm_s":229,"dir":"CCW","session_dir":"CCW","mdir":"FWD","rear":103,"front":98,"env":1495,"lc_mm":103,"last_confirmed_landmark":"","age_ms":413,"since":0,"dead_reckoned_mm":103,"candidate_mm":-1,"viable":[],"lostm":0,"lost_ms":0,"agree":109,"disagree":0,"losts":0,"auto":0}
2026-08-26T14:11:42-0700	ngr/loco/9950012/state/start_mm	103
2026-08-26T14:11:42-0700	ngr/loco/9950012/state/loopstat	{"loop_max_gap_ms":34,"hall_task_max_gap_ms":2,"hall_task_age_ms":1,"baseline":1802,"raw":1802,"delta":0,"queue_drops":0,"floor_rejects":0,"queue_high_water":1,"mqtt_connect_ms":771,"mqtt_attempts":1,"pub_drops":0,"pub_queue_hw":1,"cmd_drops":0,"pub_per_s":4,"marker_pub_drops":0,"marker_pub_hw":1,"nav":"NORMAL","mm":103,"miss_streak":0,"pwm":90,"lost_markers":0,"lost_ms":0,"motor_dir":"FWD"}
2026-08-26T14:11:42-0700	ngr/loco/9950012/alert	{"level":"CLEAR","reason":"STATUS","loco":"9950012","uptime_ms":352186,"nav":"NORMAL","moving":1,"pwm":90,"est_mm_s":229,"dir":"CCW","session_dir":"CCW","mdir":"FWD","rear":103,"front":98,"env":1495,"lc_mm":103,"last_confirmed_landmark":"","age_ms":1413,"since":0,"dead_reckoned_mm":103,"candidate_mm":-1,"viable":[],"lostm":0,"lost_ms":0,"agree":109,"disagree":0,"losts":0,"auto":0}
2026-08-26T14:11:42-0700	ngr/loco/9950012/state/nav	{"event":"AGREE","state":"NORMAL","nav_state":"NORMAL","mm":102,"landmark":"","dir":"CCW","miss_streak":0,"obs":"S","expected":"S","peak":253,"ms":204,"drift":0,"dt":1279,"agree":110,"disagree":0,"lost":0,"scores":[0,0,0,0,0,0],"excluded":[false,false,false,false,false,false],"leader":null,"runner_up":null,"margin":0,"motor_dir":"FWD"}
2026-08-26T14:11:43-0700	ngr/loco/9950012/mm/marker	{"mm":102,"landmark":"","obs":"S","peak":253,"ms":204,"drift":0,"dt":1279,"timing_gate":"ACTIVE","dt_expected":1191,"dt_conserve_ratio":2.17,"pwm":90,"v":15.00}
2026-08-26T14:11:43-0700	ngr/loco/9950012/state/start_mm	102
2026-08-26T14:11:43-0700	ngr/loco/9950012/state/loopstat	{"loop_max_gap_ms":34,"hall_task_max_gap_ms":2,"hall_task_age_ms":1,"baseline":1802,"raw":1805,"delta":3,"queue_drops":0,"floor_rejects":0,"queue_high_water":0,"mqtt_connect_ms":771,"mqtt_attempts":1,"pub_drops":0,"pub_queue_hw":1,"cmd_drops":0,"pub_per_s":4,"marker_pub_drops":0,"marker_pub_hw":1,"nav":"NORMAL","mm":102,"miss_streak":0,"pwm":90,"lost_markers":0,"lost_ms":0,"motor_dir":"FWD"}
2026-08-26T14:11:43-0700	ngr/loco/9950012/alert	{"level":"CLEAR","reason":"STATUS","loco":"9950012","uptime_ms":353186,"nav":"NORMAL","moving":1,"pwm":90,"est_mm_s":230,"dir":"CCW","session_dir":"CCW","mdir":"FWD","rear":102,"front":97,"env":1500,"lc_mm":102,"last_confirmed_landmark":"","age_ms":1134,"since":0,"dead_reckoned_mm":102,"candidate_mm":-1,"viable":[],"lostm":0,"lost_ms":0,"agree":110,"disagree":0,"losts":0,"auto":0}
2026-08-26T14:11:44-0700	ngr/loco/9950012/state/loopstat	{"loop_max_gap_ms":33,"hall_task_max_gap_ms":2,"hall_task_age_ms":1,"baseline":1802,"raw":1670,"delta":-132,"queue_drops":0,"floor_rejects":0,"queue_high_water":0,"mqtt_connect_ms":771,"mqtt_attempts":1,"pub_drops":0,"pub_queue_hw":1,"cmd_drops":0,"pub_per_s":1,"marker_pub_drops":0,"marker_pub_hw":0,"nav":"NORMAL","mm":102,"miss_streak":0,"pwm":90,"lost_markers":0,"lost_ms":0,"motor_dir":"FWD"}
2026-08-26T14:11:44-0700	ngr/loco/9950012/state/nav	{"event":"AGREE","state":"NORMAL","nav_state":"NORMAL","mm":101,"landmark":"","dir":"CCW","miss_streak":0,"obs":"S","expected":"S","peak":271,"ms":194,"drift":0,"dt":1281,"agree":111,"disagree":0,"lost":0,"scores":[0,0,0,0,0,0],"excluded":[false,false,false,false,false,false],"leader":null,"runner_up":null,"margin":0,"motor_dir":"FWD"}
2026-08-26T14:11:44-0700	ngr/loco/9950012/mm/marker	{"mm":101,"landmark":"","obs":"S","peak":271,"ms":194,"drift":0,"dt":1281,"timing_gate":"ACTIVE","dt_expected":1171,"dt_conserve_ratio":2.19,"pwm":90,"v":15.00}
2026-08-26T14:11:44-0700	ngr/loco/9950012/alert	{"level":"CLEAR","reason":"STATUS","loco":"9950012","uptime_ms":354186,"nav":"NORMAL","moving":1,"pwm":90,"est_mm_s":234,"dir":"CCW","session_dir":"CCW","mdir":"FWD","rear":101,"front":96,"env":1500,"lc_mm":101,"last_confirmed_landmark":"","age_ms":853,"since":0,"dead_reckoned_mm":101,"candidate_mm":-1,"viable":[],"lostm":0,"lost_ms":0,"agree":111,"disagree":0,"losts":0,"auto":0}
2026-08-26T14:11:45-0700	ngr/loco/9950012/state/start_mm	101
2026-08-26T14:11:45-0700	ngr/loco/9950012/state/loopstat	{"loop_max_gap_ms":34,"hall_task_max_gap_ms":2,"hall_task_age_ms":2,"baseline":1802,"raw":1789,"delta":-13,"queue_drops":0,"floor_rejects":0,"queue_high_water":1,"mqtt_connect_ms":771,"mqtt_attempts":1,"pub_drops":0,"pub_queue_hw":1,"cmd_drops":0,"pub_per_s":4,"marker_pub_drops":0,"marker_pub_hw":1,"nav":"NORMAL","mm":101,"miss_streak":0,"pwm":90,"lost_markers":0,"lost_ms":0,"motor_dir":"FWD"}
2026-08-26T14:11:45-0700	ngr/loco/9950012/state/nav	{"event":"AGREE","state":"NORMAL","nav_state":"NORMAL","mm":100,"landmark":"","dir":"CCW","miss_streak":0,"obs":"N","expected":"N","peak":290,"ms":189,"drift":0,"dt":1248,"agree":112,"disagree":0,"lost":0,"scores":[0,0,0,0,0,0],"excluded":[false,false,false,false,false,false],"leader":null,"runner_up":null,"margin":0,"motor_dir":"FWD"}
2026-08-26T14:11:45-0700	ngr/loco/9950012/mm/marker	{"mm":100,"landmark":"","obs":"N","peak":290,"ms":189,"drift":0,"dt":1248,"timing_gate":"ACTIVE","dt_expected":1191,"dt_conserve_ratio":2.12,"pwm":90,"v":15.00}
2026-08-26T14:11:45-0700	ngr/loco/9950012/telem/voltage	15.01
2026-08-26T14:11:45-0700	ngr/loco/9950012/telem/current	0.35
2026-08-26T14:11:45-0700	ngr/loco/9950012/telem/power	5.27
2026-08-26T14:11:45-0700	ngr/loco/9950012/alert	{"level":"CLEAR","reason":"STATUS","loco":"9950012","uptime_ms":355186,"nav":"NORMAL","moving":1,"pwm":90,"est_mm_s":240,"dir":"CCW","session_dir":"CCW","mdir":"FWD","rear":100,"front":95,"env":1500,"lc_mm":100,"last_confirmed_landmark":"","age_ms":605,"since":0,"dead_reckoned_mm":100,"candidate_mm":-1,"viable":[],"lostm":0,"lost_ms":0,"agree":112,"disagree":0,"losts":0,"auto":0}
2026-08-26T14:11:46-0700	ngr/loco/9950012/state/start_mm	100
2026-08-26T14:11:46-0700	ngr/loco/9950012/state/loopstat	{"loop_max_gap_ms":34,"hall_task_max_gap_ms":3,"hall_task_age_ms":1,"baseline":1802,"raw":1804,"delta":2,"queue_drops":0,"floor_rejects":0,"queue_high_water":1,"mqtt_connect_ms":771,"mqtt_attempts":1,"pub_drops":0,"pub_queue_hw":3,"cmd_drops":0,"pub_per_s":7,"marker_pub_drops":0,"marker_pub_hw":1,"nav":"NORMAL","mm":100,"miss_streak":0,"pwm":90,"lost_markers":0,"lost_ms":0,"motor_dir":"FWD"}
2026-08-26T14:11:46-0700	ngr/loco/9950012/state/nav	{"event":"AGREE","state":"NORMAL","nav_state":"NORMAL","mm":99,"landmark":"","dir":"CCW","miss_streak":0,"obs":"S","expected":"S","peak":284,"ms":190,"drift":0,"dt":1195,"agree":113,"disagree":0,"lost":0,"scores":[0,0,0,0,0,0],"excluded":[false,false,false,false,false,false],"leader":null,"runner_up":null,"margin":0,"motor_dir":"FWD"}
2026-08-26T14:11:46-0700	ngr/loco/9950012/mm/marker	{"mm":99,"landmark":"","obs":"S","peak":284,"ms":190,"drift":0,"dt":1195,"timing_gate":"ACTIVE","dt_expected":1191,"dt_conserve_ratio":2.05,"pwm":90,"v":15.01}
2026-08-26T14:11:46-0700	ngr/loco/9950012/alert	{"level":"CLEAR","reason":"STATUS","loco":"9950012","uptime_ms":356186,"nav":"NORMAL","moving":1,"pwm":90,"est_mm_s":251,"dir":"CCW","session_dir":"CCW","mdir":"FWD","rear":99,"front":94,"env":1500,"lc_mm":99,"last_confirmed_landmark":"","age_ms":410,"since":0,"dead_reckoned_mm":99,"candidate_mm":-1,"viable":[],"lostm":0,"lost_ms":0,"agree":113,"disagree":0,"losts":0,"auto":0}
2026-08-26T14:11:47-0700	ngr/loco/9950012/state/loopstat	{"loop_max_gap_ms":34,"hall_task_max_gap_ms":3,"hall_task_age_ms":1,"baseline":1802,"raw":1804,"delta":2,"queue_drops":0,"floor_rejects":0,"queue_high_water":1,"mqtt_connect_ms":771,"mqtt_attempts":1,"pub_drops":0,"pub_queue_hw":1,"cmd_drops":0,"pub_per_s":3,"marker_pub_drops":0,"marker_pub_hw":1,"nav":"NORMAL","mm":99,"miss_streak":0,"pwm":90,"lost_markers":0,"lost_ms":0,"motor_dir":"FWD"}
2026-08-26T14:11:47-0700	ngr/loco/9950012/state/start_mm	99
2026-08-26T14:11:47-0700	ngr/loco/9950012/state/nav	{"event":"AGREE","state":"NORMAL","nav_state":"NORMAL","mm":98,"landmark":"Northpoint","dir":"CCW","miss_streak":0,"obs":"S","expected":"S","peak":193,"ms":158,"drift":0,"dt":1242,"agree":114,"disagree":0,"lost":0,"scores":[0,0,0,0,0,0],"excluded":[false,false,false,false,false,false],"leader":null,"runner_up":null,"margin":0,"motor_dir":"FWD"}
2026-08-26T14:11:47-0700	ngr/loco/9950012/mm/marker	{"mm":98,"landmark":"Northpoint","obs":"S","peak":193,"ms":158,"drift":0,"dt":1242,"timing_gate":"ACTIVE","dt_expected":1191,"dt_conserve_ratio":2.05,"pwm":90,"v":15.01}
2026-08-26T14:11:47-0700	ngr/loco/9950012/alert	{"level":"CLEAR","reason":"STATUS","loco":"9950012","uptime_ms":357199,"nav":"NORMAL","moving":1,"pwm":90,"est_mm_s":241,"dir":"CCW","session_dir":"CCW","mdir":"FWD","rear":98,"front":93,"env":1500,"lc_mm":98,"last_confirmed_landmark":"Northpoint","age_ms":181,"since":0,"dead_reckoned_mm":98,"candidate_mm":-1,"viable":[],"lostm":0,"lost_ms":0,"agree":114,"disagree":0,"losts":0,"auto":0}
2026-08-26T14:11:48-0700	ngr/loco/9950012/state/start_mm	98
2026-08-26T14:11:48-0700	ngr/loco/9950012/state/loopstat	{"loop_max_gap_ms":56,"hall_task_max_gap_ms":2,"hall_task_age_ms":1,"baseline":1802,"raw":1803,"delta":1,"queue_drops":0,"floor_rejects":0,"queue_high_water":1,"mqtt_connect_ms":771,"mqtt_attempts":1,"pub_drops":0,"pub_queue_hw":2,"cmd_drops":0,"pub_per_s":5,"marker_pub_drops":0,"marker_pub_hw":1,"nav":"NORMAL","mm":98,"miss_streak":0,"pwm":90,"lost_markers":0,"lost_ms":0,"motor_dir":"FWD"}
2026-08-26T14:11:48-0700	ngr/loco/9950012/alert	{"level":"CLEAR","reason":"STATUS","loco":"9950012","uptime_ms":358199,"nav":"NORMAL","moving":1,"pwm":90,"est_mm_s":241,"dir":"CCW","session_dir":"CCW","mdir":"FWD","rear":98,"front":93,"env":1500,"lc_mm":98,"last_confirmed_landmark":"Northpoint","age_ms":1181,"since":0,"dead_reckoned_mm":98,"candidate_mm":-1,"viable":[],"lostm":0,"lost_ms":0,"agree":114,"disagree":0,"losts":0,"auto":0}
2026-08-26T14:11:49-0700	ngr/loco/9950012/state/nav	{"event":"AGREE","state":"NORMAL","nav_state":"NORMAL","mm":97,"landmark":"","dir":"CCW","miss_streak":0,"obs":"N","expected":"N","peak":211,"ms":173,"drift":0,"dt":1144,"agree":115,"disagree":0,"lost":0,"scores":[0,0,0,0,0,0],"excluded":[false,false,false,false,false,false],"leader":null,"runner_up":null,"margin":0,"motor_dir":"FWD"}
2026-08-26T14:11:49-0700	ngr/loco/9950012/mm/marker	{"mm":97,"landmark":"","obs":"N","peak":211,"ms":173,"drift":0,"dt":1144,"timing_gate":"ACTIVE","dt_expected":1191,"dt_conserve_ratio":2.00,"pwm":90,"v":15.01}
2026-08-26T14:11:49-0700	ngr/loco/9950012/state/start_mm	97
2026-08-26T14:11:49-0700	ngr/loco/9950012/state/loopstat	{"loop_max_gap_ms":33,"hall_task_max_gap_ms":2,"hall_task_age_ms":1,"baseline":1802,"raw":1799,"delta":-3,"queue_drops":0,"floor_rejects":0,"queue_high_water":0,"mqtt_connect_ms":771,"mqtt_attempts":1,"pub_drops":0,"pub_queue_hw":1,"cmd_drops":0,"pub_per_s":4,"marker_pub_drops":0,"marker_pub_hw":1,"nav":"NORMAL","mm":97,"miss_streak":0,"pwm":90,"lost_markers":0,"lost_ms":0,"motor_dir":"FWD"}
2026-08-26T14:11:49-0700	ngr/loco/9950012/alert	{"level":"CLEAR","reason":"STATUS","loco":"9950012","uptime_ms":359199,"nav":"NORMAL","moving":1,"pwm":90,"est_mm_s":262,"dir":"CCW","session_dir":"CCW","mdir":"FWD","rear":97,"front":92,"env":1500,"lc_mm":97,"last_confirmed_landmark":"","age_ms":1037,"since":0,"dead_reckoned_mm":97,"candidate_mm":-1,"viable":[],"lostm":0,"lost_ms":0,"agree":115,"disagree":0,"losts":0,"auto":0}
2026-08-26T14:11:50-0700	ngr/loco/9950012/state/loopstat	{"loop_max_gap_ms":34,"hall_task_max_gap_ms":2,"hall_task_age_ms":1,"baseline":1802,"raw":1839,"delta":37,"queue_drops":0,"floor_rejects":0,"queue_high_water":0,"mqtt_connect_ms":771,"mqtt_attempts":1,"pub_drops":0,"pub_queue_hw":1,"cmd_drops":0,"pub_per_s":1,"marker_pub_drops":0,"marker_pub_hw":0,"nav":"NORMAL","mm":97,"miss_streak":0,"pwm":90,"lost_markers":0,"lost_ms":0,"motor_dir":"FWD"}
2026-08-26T14:11:50-0700	ngr/loco/9950012/state/nav	{"event":"AGREE","state":"NORMAL","nav_state":"NORMAL","mm":96,"landmark":"","dir":"CCW","miss_streak":0,"obs":"N","expected":"N","peak":196,"ms":156,"drift":0,"dt":1181,"agree":116,"disagree":0,"lost":0,"scores":[0,0,0,0,0,0],"excluded":[false,false,false,false,false,false],"leader":null,"runner_up":null,"margin":0,"motor_dir":"FWD"}
2026-08-26T14:11:50-0700	ngr/loco/9950012/mm/marker	{"mm":96,"landmark":"","obs":"N","peak":196,"ms":156,"drift":0,"dt":1181,"timing_gate":"ACTIVE","dt_expected":1191,"dt_conserve_ratio":1.95,"pwm":90,"v":15.01}
2026-08-26T14:11:50-0700	ngr/loco/9950012/telem/voltage	15.11
2026-08-26T14:11:50-0700	ngr/loco/9950012/telem/current	0.26
2026-08-26T14:11:50-0700	ngr/loco/9950012/telem/power	4.22
2026-08-26T14:11:50-0700	ngr/loco/9950012/alert	{"level":"CLEAR","reason":"STATUS","loco":"9950012","uptime_ms":360199,"nav":"NORMAL","moving":1,"pwm":90,"est_mm_s":254,"dir":"CCW","session_dir":"CCW","mdir":"FWD","rear":96,"front":91,"env":1500,"lc_mm":96,"last_confirmed_landmark":"","age_ms":856,"since":0,"dead_reckoned_mm":96,"candidate_mm":-1,"viable":[],"lostm":0,"lost_ms":0,"agree":116,"disagree":0,"losts":0,"auto":0}
2026-08-26T14:11:51-0700	ngr/loco/9950012/state/start_mm	96
2026-08-26T14:11:51-0700	ngr/loco/9950012/state/loopstat	{"loop_max_gap_ms":34,"hall_task_max_gap_ms":3,"hall_task_age_ms":1,"baseline":1802,"raw":1718,"delta":-84,"queue_drops":0,"floor_rejects":0,"queue_high_water":1,"mqtt_connect_ms":771,"mqtt_attempts":1,"pub_drops":0,"pub_queue_hw":3,"cmd_drops":0,"pub_per_s":7,"marker_pub_drops":0,"marker_pub_hw":1,"nav":"NORMAL","mm":96,"miss_streak":0,"pwm":90,"lost_markers":0,"lost_ms":0,"motor_dir":"FWD"}
2026-08-26T14:11:51-0700	ngr/loco/9950012/state/nav	{"event":"AGREE","state":"NORMAL","nav_state":"NORMAL","mm":95,"landmark":"","dir":"CCW","miss_streak":0,"obs":"S","expected":"S","peak":207,"ms":155,"drift":0,"dt":1112,"agree":117,"disagree":0,"lost":0,"scores":[0,0,0,0,0,0],"excluded":[false,false,false,false,false,false],"leader":null,"runner_up":null,"margin":0,"motor_dir":"FWD"}
2026-08-26T14:11:51-0700	ngr/loco/9950012/mm/marker	{"mm":95,"landmark":"","obs":"S","peak":207,"ms":155,"drift":0,"dt":1112,"timing_gate":"ACTIVE","dt_expected":1191,"dt_conserve_ratio":1.92,"pwm":90,"v":15.11}
2026-08-26T14:11:51-0700	ngr/loco/9950012/alert	{"level":"CLEAR","reason":"STATUS","loco":"9950012","uptime_ms":361199,"nav":"NORMAL","moving":1,"pwm":90,"est_mm_s":269,"dir":"CCW","session_dir":"CCW","mdir":"FWD","rear":95,"front":90,"env":1500,"lc_mm":95,"last_confirmed_landmark":"","age_ms":744,"since":0,"dead_reckoned_mm":95,"candidate_mm":-1,"viable":[],"lostm":0,"lost_ms":0,"agree":117,"disagree":0,"losts":0,"auto":0}
2026-08-26T14:11:52-0700	ngr/loco/9950012/state/start_mm	95
2026-08-26T14:11:52-0700	ngr/loco/9950012/state/loopstat	{"loop_max_gap_ms":33,"hall_task_max_gap_ms":3,"hall_task_age_ms":1,"baseline":1802,"raw":1788,"delta":-14,"queue_drops":0,"floor_rejects":0,"queue_high_water":1,"mqtt_connect_ms":771,"mqtt_attempts":1,"pub_drops":0,"pub_queue_hw":1,"cmd_drops":0,"pub_per_s":4,"marker_pub_drops":0,"marker_pub_hw":1,"nav":"NORMAL","mm":95,"miss_streak":0,"pwm":90,"lost_markers":0,"lost_ms":0,"motor_dir":"FWD"}
2026-08-26T14:11:52-0700	ngr/loco/9950012/state/nav	{"event":"AGREE","state":"NORMAL","nav_state":"NORMAL","mm":94,"landmark":"","dir":"CCW","miss_streak":0,"obs":"N","expected":"N","peak":187,"ms":165,"drift":0,"dt":1106,"agree":118,"disagree":0,"lost":0,"scores":[0,0,0,0,0,0],"excluded":[false,false,false,false,false,false],"leader":null,"runner_up":null,"margin":0,"motor_dir":"FWD"}
2026-08-26T14:11:52-0700	ngr/loco/9950012/mm/marker	{"mm":94,"landmark":"","obs":"N","peak":187,"ms":165,"drift":0,"dt":1106,"timing_gate":"ACTIVE","dt_expected":1191,"dt_conserve_ratio":1.86,"pwm":90,"v":15.11}
2026-08-26T14:11:52-0700	ngr/loco/9950012/alert	{"level":"CLEAR","reason":"STATUS","loco":"9950012","uptime_ms":362199,"nav":"NORMAL","moving":1,"pwm":90,"est_mm_s":271,"dir":"CCW","session_dir":"CCW","mdir":"FWD","rear":94,"front":89,"env":1500,"lc_mm":94,"last_confirmed_landmark":"","age_ms":638,"since":0,"dead_reckoned_mm":94,"candidate_mm":-1,"viable":[],"lostm":0,"lost_ms":0,"agree":118,"disagree":0,"losts":0,"auto":0}
2026-08-26T14:11:53-0700	ngr/loco/9950012/state/start_mm	94
2026-08-26T14:11:53-0700	ngr/loco/9950012/state/loopstat	{"loop_max_gap_ms":34,"hall_task_max_gap_ms":2,"hall_task_age_ms":1,"baseline":1802,"raw":1808,"delta":6,"queue_drops":0,"floor_rejects":0,"queue_high_water":1,"mqtt_connect_ms":771,"mqtt_attempts":1,"pub_drops":0,"pub_queue_hw":1,"cmd_drops":0,"pub_per_s":4,"marker_pub_drops":0,"marker_pub_hw":1,"nav":"NORMAL","mm":94,"miss_streak":0,"pwm":90,"lost_markers":0,"lost_ms":0,"motor_dir":"FWD"}
2026-08-26T14:11:53-0700	ngr/loco/9950012/state/nav	{"event":"AGREE","state":"NORMAL","nav_state":"NORMAL","mm":93,"landmark":"","dir":"CCW","miss_streak":0,"obs":"S","expected":"S","peak":200,"ms":164,"drift":0,"dt":1111,"agree":119,"disagree":0,"lost":0,"scores":[0,0,0,0,0,0],"excluded":[false,false,false,false,false,false],"leader":null,"runner_up":null,"margin":0,"motor_dir":"FWD"}
2026-08-26T14:11:53-0700	ngr/loco/9950012/mm/marker	{"mm":93,"landmark":"","obs":"S","peak":200,"ms":164,"drift":0,"dt":1111,"timing_gate":"ACTIVE","dt_expected":1191,"dt_conserve_ratio":1.86,"pwm":90,"v":15.11}
2026-08-26T14:11:53-0700	ngr/loco/9950012/alert	{"level":"CLEAR","reason":"STATUS","loco":"9950012","uptime_ms":363199,"nav":"NORMAL","moving":1,"pwm":90,"est_mm_s":270,"dir":"CCW","session_dir":"CCW","mdir":"FWD","rear":93,"front":88,"env":1505,"lc_mm":93,"last_confirmed_landmark":"","age_ms":527,"since":0,"dead_reckoned_mm":93,"candidate_mm":-1,"viable":[],"lostm":0,"lost_ms":0,"agree":119,"disagree":0,"losts":0,"auto":0}
2026-08-26T14:11:54-0700	ngr/loco/9950012/state/start_mm	93
2026-08-26T14:11:54-0700	ngr/loco/9950012/state/loopstat	{"loop_max_gap_ms":33,"hall_task_max_gap_ms":2,"hall_task_age_ms":1,"baseline":1802,"raw":1805,"delta":3,"queue_drops":0,"floor_rejects":0,"queue_high_water":1,"mqtt_connect_ms":771,"mqtt_attempts":1,"pub_drops":0,"pub_queue_hw":1,"cmd_drops":0,"pub_per_s":4,"marker_pub_drops":0,"marker_pub_hw":1,"nav":"NORMAL","mm":93,"miss_streak":0,"pwm":90,"lost_markers":0,"lost_ms":0,"motor_dir":"FWD"}
2026-08-26T14:11:54-0700	ngr/loco/9950012/state/nav	{"event":"AGREE","state":"NORMAL","nav_state":"NORMAL","mm":92,"landmark":"","dir":"CCW","miss_streak":0,"obs":"S","expected":"S","peak":217,"ms":190,"drift":0,"dt":1181,"agree":120,"disagree":0,"lost":0,"scores":[0,0,0,0,0,0],"excluded":[false,false,false,false,false,false],"leader":null,"runner_up":null,"margin":0,"motor_dir":"FWD"}
2026-08-26T14:11:54-0700	ngr/loco/9950012/mm/marker	{"mm":92,"landmark":"","obs":"S","peak":217,"ms":190,"drift":0,"dt":1181,"timing_gate":"ACTIVE","dt_expected":1191,"dt_conserve_ratio":1.92,"pwm":90,"v":15.11}
2026-08-26T14:11:54-0700	ngr/loco/9950012/alert	{"level":"CLEAR","reason":"STATUS","loco":"9950012","uptime_ms":364199,"nav":"NORMAL","moving":1,"pwm":90,"est_mm_s":254,"dir":"CCW","session_dir":"CCW","mdir":"FWD","rear":92,"front":87,"env":1505,"lc_mm":92,"last_confirmed_landmark":"","age_ms":346,"since":0,"dead_reckoned_mm":92,"candidate_mm":-1,"viable":[],"lostm":0,"lost_ms":0,"agree":120,"disagree":0,"losts":0,"auto":0}
2026-08-26T14:11:55-0700	ngr/loco/9950012/state/start_mm	92
2026-08-26T14:11:55-0700	ngr/loco/9950012/state/loopstat	{"loop_max_gap_ms":34,"hall_task_max_gap_ms":2,"hall_task_age_ms":1,"baseline":1802,"raw":1803,"delta":1,"queue_drops":0,"floor_rejects":0,"queue_high_water":1,"mqtt_connect_ms":771,"mqtt_attempts":1,"pub_drops":0,"pub_queue_hw":1,"cmd_drops":0,"pub_per_s":4,"marker_pub_drops":0,"marker_pub_hw":1,"nav":"NORMAL","mm":92,"miss_streak":0,"pwm":90,"lost_markers":0,"lost_ms":0,"motor_dir":"FWD"}
2026-08-26T14:11:55-0700	ngr/loco/9950012/telem/voltage	15.09
2026-08-26T14:11:55-0700	ngr/loco/9950012/telem/current	0.40
2026-08-26T14:11:55-0700	ngr/loco/9950012/telem/power	5.50
2026-08-26T14:11:55-0700	ngr/loco/9950012/alert	{"level":"CLEAR","reason":"STATUS","loco":"9950012","uptime_ms":365199,"nav":"NORMAL","moving":1,"pwm":90,"est_mm_s":254,"dir":"CCW","session_dir":"CCW","mdir":"FWD","rear":92,"front":87,"env":1505,"lc_mm":92,"last_confirmed_landmark":"","age_ms":1346,"since":0,"dead_reckoned_mm":92,"candidate_mm":-1,"viable":[],"lostm":0,"lost_ms":0,"agree":120,"disagree":0,"losts":0,"auto":0}
2026-08-26T14:11:56-0700	ngr/loco/9950012/state/nav	{"event":"AGREE","state":"NORMAL","nav_state":"NORMAL","mm":91,"landmark":"","dir":"CCW","miss_streak":0,"obs":"N","expected":"N","peak":179,"ms":181,"drift":0,"dt":1289,"agree":121,"disagree":0,"lost":0,"scores":[0,0,0,0,0,0],"excluded":[false,false,false,false,false,false],"leader":null,"runner_up":null,"margin":0,"motor_dir":"FWD"}
2026-08-26T14:11:56-0700	ngr/loco/9950012/mm/marker	{"mm":91,"landmark":"","obs":"N","peak":179,"ms":181,"drift":0,"dt":1289,"timing_gate":"ACTIVE","dt_expected":1191,"dt_conserve_ratio":2.07,"pwm":90,"v":15.09}
2026-08-26T14:11:56-0700	ngr/loco/9950012/state/start_mm	91
2026-08-26T14:11:56-0700	ngr/loco/9950012/state/loopstat	{"loop_max_gap_ms":34,"hall_task_max_gap_ms":2,"hall_task_age_ms":1,"baseline":1803,"raw":1800,"delta":-3,"queue_drops":0,"floor_rejects":0,"queue_high_water":1,"mqtt_connect_ms":771,"mqtt_attempts":1,"pub_drops":0,"pub_queue_hw":3,"cmd_drops":0,"pub_per_s":7,"marker_pub_drops":0,"marker_pub_hw":1,"nav":"NORMAL","mm":91,"miss_streak":0,"pwm":90,"lost_markers":0,"lost_ms":0,"motor_dir":"FWD"}
2026-08-26T14:11:56-0700	ngr/loco/9950012/alert	{"level":"CLEAR","reason":"STATUS","loco":"9950012","uptime_ms":366199,"nav":"NORMAL","moving":1,"pwm":90,"est_mm_s":232,"dir":"CCW","session_dir":"CCW","mdir":"FWD","rear":91,"front":86,"env":1505,"lc_mm":91,"last_confirmed_landmark":"","age_ms":1057,"since":0,"dead_reckoned_mm":91,"candidate_mm":-1,"viable":[],"lostm":0,"lost_ms":0,"agree":121,"disagree":0,"losts":0,"auto":0}
2026-08-26T14:11:57-0700	ngr/loco/9950012/state/loopstat	{"loop_max_gap_ms":33,"hall_task_max_gap_ms":2,"hall_task_age_ms":1,"baseline":1803,"raw":1895,"delta":92,"queue_drops":0,"floor_rejects":0,"queue_high_water":0,"mqtt_connect_ms":771,"mqtt_attempts":1,"pub_drops":0,"pub_queue_hw":1,"cmd_drops":0,"pub_per_s":1,"marker_pub_drops":0,"marker_pub_hw":0,"nav":"NORMAL","mm":91,"miss_streak":0,"pwm":90,"lost_markers":0,"lost_ms":0,"motor_dir":"FWD"}
2026-08-26T14:11:57-0700	ngr/loco/9950012/state/nav	{"event":"AGREE","state":"NORMAL","nav_state":"NORMAL","mm":90,"landmark":"","dir":"CCW","miss_streak":0,"obs":"N","expected":"N","peak":186,"ms":187,"drift":0,"dt":1303,"agree":122,"disagree":0,"lost":0,"scores":[0,0,0,0,0,0],"excluded":[false,false,false,false,false,false],"leader":null,"runner_up":null,"margin":0,"motor_dir":"FWD"}
2026-08-26T14:11:57-0700	ngr/loco/9950012/mm/marker	{"mm":90,"landmark":"","obs":"N","peak":186,"ms":187,"drift":0,"dt":1303,"timing_gate":"ACTIVE","dt_expected":1191,"dt_conserve_ratio":2.18,"pwm":90,"v":15.09}
2026-08-26T14:11:57-0700	ngr/loco/9950012/alert	{"level":"CLEAR","reason":"STATUS","loco":"9950012","uptime_ms":367199,"nav":"NORMAL","moving":1,"pwm":90,"est_mm_s":230,"dir":"CCW","session_dir":"CCW","mdir":"FWD","rear":90,"front":85,"env":1535,"lc_mm":90,"last_confirmed_landmark":"","age_ms":754,"since":0,"dead_reckoned_mm":90,"candidate_mm":-1,"viable":[],"lostm":0,"lost_ms":0,"agree":122,"disagree":0,"losts":0,"auto":0}
2026-08-26T14:11:58-0700	ngr/loco/9950012/state/start_mm	90
2026-08-26T14:11:58-0700	ngr/loco/9950012/state/loopstat	{"loop_max_gap_ms":34,"hall_task_max_gap_ms":2,"hall_task_age_ms":1,"baseline":1803,"raw":1802,"delta":-1,"queue_drops":0,"floor_rejects":0,"queue_high_water":1,"mqtt_connect_ms":771,"mqtt_attempts":1,"pub_drops":0,"pub_queue_hw":1,"cmd_drops":0,"pub_per_s":4,"marker_pub_drops":0,"marker_pub_hw":1,"nav":"NORMAL","mm":90,"miss_streak":0,"pwm":90,"lost_markers":0,"lost_ms":0,"motor_dir":"FWD"}
2026-08-26T14:11:58-0700	ngr/loco/9950012/state/nav	{"event":"AGREE","state":"NORMAL","nav_state":"NORMAL","mm":89,"landmark":"","dir":"CCW","miss_streak":0,"obs":"S","expected":"S","peak":217,"ms":181,"drift":0,"dt":1346,"agree":123,"disagree":0,"lost":0,"scores":[0,0,0,0,0,0],"excluded":[false,false,false,false,false,false],"leader":null,"runner_up":null,"margin":0,"motor_dir":"FWD"}
2026-08-26T14:11:58-0700	ngr/loco/9950012/mm/marker	{"mm":89,"landmark":"","obs":"S","peak":217,"ms":181,"drift":0,"dt":1346,"timing_gate":"ACTIVE","dt_expected":1191,"dt_conserve_ratio":2.22,"pwm":90,"v":15.09}
2026-08-26T14:11:58-0700	ngr/loco/9950012/alert	{"level":"CLEAR","reason":"STATUS","loco":"9950012","uptime_ms":368199,"nav":"NORMAL","moving":1,"pwm":90,"est_mm_s":222,"dir":"CCW","session_dir":"CCW","mdir":"FWD","rear":89,"front":84,"env":1535,"lc_mm":89,"last_confirmed_landmark":"","age_ms":408,"since":0,"dead_reckoned_mm":89,"candidate_mm":-1,"viable":[],"lostm":0,"lost_ms":0,"agree":123,"disagree":0,"losts":0,"auto":0}
2026-08-26T14:11:59-0700	ngr/loco/9950012/state/start_mm	89
2026-08-26T14:11:59-0700	ngr/loco/9950012/state/loopstat	{"loop_max_gap_ms":34,"hall_task_max_gap_ms":2,"hall_task_age_ms":1,"baseline":1803,"raw":1803,"delta":0,"queue_drops":0,"floor_rejects":0,"queue_high_water":1,"mqtt_connect_ms":771,"mqtt_attempts":1,"pub_drops":0,"pub_queue_hw":1,"cmd_drops":0,"pub_per_s":4,"marker_pub_drops":0,"marker_pub_hw":1,"nav":"NORMAL","mm":89,"miss_streak":0,"pwm":90,"lost_markers":0,"lost_ms":0,"motor_dir":"FWD"}
2026-08-26T14:11:59-0700	ngr/loco/9950012/alert	{"level":"CLEAR","reason":"STATUS","loco":"9950012","uptime_ms":369199,"nav":"NORMAL","moving":1,"pwm":90,"est_mm_s":222,"dir":"CCW","session_dir":"CCW","mdir":"FWD","rear":89,"front":84,"env":1535,"lc_mm":89,"last_confirmed_landmark":"","age_ms":1408,"since":0,"dead_reckoned_mm":89,"candidate_mm":-1,"viable":[],"lostm":0,"lost_ms":0,"agree":123,"disagree":0,"losts":0,"auto":0}
2026-08-26T14:11:59-0700	ngr/loco/9950012/state/nav	{"event":"AGREE","state":"NORMAL","nav_state":"NORMAL","mm":88,"landmark":"","dir":"CCW","miss_streak":0,"obs":"N","expected":"N","peak":211,"ms":176,"drift":0,"dt":1268,"agree":124,"disagree":0,"lost":0,"scores":[0,0,0,0,0,0],"excluded":[false,false,false,false,false,false],"leader":null,"runner_up":null,"margin":0,"motor_dir":"FWD"}
2026-08-26T14:11:59-0700	ngr/loco/9950012/mm/marker	{"mm":88,"landmark":"","obs":"N","peak":211,"ms":176,"drift":0,"dt":1268,"timing_gate":"ACTIVE","dt_expected":1191,"dt_conserve_ratio":2.19,"pwm":90,"v":15.09}
2026-08-26T14:12:00-0700	ngr/loco/9950012/state/start_mm	88
2026-08-26T14:12:00-0700	ngr/loco/9950012/state/loopstat	{"loop_max_gap_ms":33,"hall_task_max_gap_ms":2,"hall_task_age_ms":1,"baseline":1803,"raw":1800,"delta":-3,"queue_drops":0,"floor_rejects":0,"queue_high_water":1,"mqtt_connect_ms":771,"mqtt_attempts":1,"pub_drops":0,"pub_queue_hw":1,"cmd_drops":0,"pub_per_s":4,"marker_pub_drops":0,"marker_pub_hw":1,"nav":"NORMAL","mm":88,"miss_streak":0,"pwm":90,"lost_markers":0,"lost_ms":0,"motor_dir":"FWD"}
2026-08-26T14:12:00-0700	ngr/loco/9950012/telem/voltage	15.05
2026-08-26T14:12:00-0700	ngr/loco/9950012/telem/current	0.37
2026-08-26T14:12:00-0700	ngr/loco/9950012/telem/power	5.56
2026-08-26T14:12:00-0700	ngr/loco/9950012/alert	{"level":"CLEAR","reason":"STATUS","loco":"9950012","uptime_ms":370199,"nav":"NORMAL","moving":1,"pwm":90,"est_mm_s":240,"dir":"CCW","session_dir":"CCW","mdir":"FWD","rear":88,"front":83,"env":1530,"lc_mm":88,"last_confirmed_landmark":"","age_ms":1140,"since":0,"dead_reckoned_mm":88,"candidate_mm":-1,"viable":[],"lostm":0,"lost_ms":0,"agree":124,"disagree":0,"losts":0,"auto":0}
2026-08-26T14:12:01-0700	ngr/loco/9950012/state/nav	{"event":"AGREE","state":"NORMAL","nav_state":"NORMAL","mm":87,"landmark":"","dir":"CCW","miss_streak":0,"obs":"N","expected":"N","peak":213,"ms":167,"drift":0,"dt":1227,"agree":125,"disagree":0,"lost":0,"scores":[0,0,0,0,0,0],"excluded":[false,false,false,false,false,false],"leader":null,"runner_up":null,"margin":0,"motor_dir":"FWD"}
2026-08-26T14:12:01-0700	ngr/loco/9950012/mm/marker	{"mm":87,"landmark":"","obs":"N","peak":213,"ms":167,"drift":0,"dt":1227,"timing_gate":"ACTIVE","dt_expected":1211,"dt_conserve_ratio":2.06,"pwm":90,"v":15.05}
2026-08-26T14:12:01-0700	ngr/loco/9950012/state/start_mm	87
2026-08-26T14:12:01-0700	ngr/loco/9950012/state/loopstat	{"loop_max_gap_ms":34,"hall_task_max_gap_ms":2,"hall_task_age_ms":0,"baseline":1802,"raw":1800,"delta":-2,"queue_drops":0,"floor_rejects":0,"queue_high_water":1,"mqtt_connect_ms":771,"mqtt_attempts":1,"pub_drops":0,"pub_queue_hw":3,"cmd_drops":0,"pub_per_s":7,"marker_pub_drops":0,"marker_pub_hw":1,"nav":"NORMAL","mm":87,"miss_streak":0,"pwm":90,"lost_markers":0,"lost_ms":0,"motor_dir":"FWD"}
2026-08-26T14:12:01-0700	ngr/loco/9950012/alert	{"level":"CLEAR","reason":"STATUS","loco":"9950012","uptime_ms":371199,"nav":"NORMAL","moving":1,"pwm":90,"est_mm_s":244,"dir":"CCW","session_dir":"CCW","mdir":"FWD","rear":87,"front":82,"env":1535,"lc_mm":87,"last_confirmed_landmark":"","age_ms":913,"since":0,"dead_reckoned_mm":87,"candidate_mm":-1,"viable":[],"lostm":0,"lost_ms":0,"agree":125,"disagree":0,"losts":0,"auto":0}
2026-08-26T14:12:02-0700	ngr/loco/9950012/state/loopstat	{"loop_max_gap_ms":34,"hall_task_max_gap_ms":2,"hall_task_age_ms":1,"baseline":1803,"raw":1719,"delta":-84,"queue_drops":0,"floor_rejects":0,"queue_high_water":0,"mqtt_connect_ms":771,"mqtt_attempts":1,"pub_drops":0,"pub_queue_hw":1,"cmd_drops":0,"pub_per_s":1,"marker_pub_drops":0,"marker_pub_hw":0,"nav":"NORMAL","mm":87,"miss_streak":0,"pwm":90,"lost_markers":0,"lost_ms":0,"motor_dir":"FWD"}
2026-08-26T14:12:02-0700	ngr/loco/9950012/state/nav	{"event":"AGREE","state":"NORMAL","nav_state":"NORMAL","mm":86,"landmark":"","dir":"CCW","miss_streak":0,"obs":"S","expected":"S","peak":179,"ms":171,"drift":0,"dt":1171,"agree":126,"disagree":0,"lost":0,"scores":[0,0,0,0,0,0],"excluded":[false,false,false,false,false,false],"leader":null,"runner_up":null,"margin":0,"motor_dir":"FWD"}
2026-08-26T14:12:02-0700	ngr/loco/9950012/mm/marker	{"mm":86,"landmark":"","obs":"S","peak":179,"ms":171,"drift":0,"dt":1171,"timing_gate":"ACTIVE","dt_expected":1191,"dt_conserve_ratio":2.01,"pwm":90,"v":15.05}
2026-08-26T14:12:02-0700	ngr/loco/9950012/alert	{"level":"CLEAR","reason":"STATUS","loco":"9950012","uptime_ms":372199,"nav":"NORMAL","moving":1,"pwm":90,"est_mm_s":256,"dir":"CCW","session_dir":"CCW","mdir":"FWD","rear":86,"front":81,"env":1535,"lc_mm":86,"last_confirmed_landmark":"","age_ms":742,"since":0,"dead_reckoned_mm":86,"candidate_mm":-1,"viable":[],"lostm":0,"lost_ms":0,"agree":126,"disagree":0,"losts":0,"auto":0}
2026-08-26T14:12:03-0700	ngr/loco/9950012/state/start_mm	86
2026-08-26T14:12:03-0700	ngr/loco/9950012/state/loopstat	{"loop_max_gap_ms":33,"hall_task_max_gap_ms":2,"hall_task_age_ms":1,"baseline":1802,"raw":1807,"delta":5,"queue_drops":0,"floor_rejects":0,"queue_high_water":1,"mqtt_connect_ms":771,"mqtt_attempts":1,"pub_drops":0,"pub_queue_hw":1,"cmd_drops":0,"pub_per_s":4,"marker_pub_drops":0,"marker_pub_hw":1,"nav":"NORMAL","mm":86,"miss_streak":0,"pwm":90,"lost_markers":0,"lost_ms":0,"motor_dir":"FWD"}
2026-08-26T14:12:03-0700	ngr/loco/9950012/state/nav	{"event":"AGREE","state":"NORMAL","nav_state":"NORMAL","mm":85,"landmark":"","dir":"CCW","miss_streak":0,"obs":"S","expected":"S","peak":193,"ms":159,"drift":0,"dt":1255,"agree":127,"disagree":0,"lost":0,"scores":[0,0,0,0,0,0],"excluded":[false,false,false,false,false,false],"leader":null,"runner_up":null,"margin":0,"motor_dir":"FWD"}
2026-08-26T14:12:03-0700	ngr/loco/9950012/mm/marker	{"mm":85,"landmark":"","obs":"S","peak":193,"ms":159,"drift":0,"dt":1255,"timing_gate":"ACTIVE","dt_expected":1191,"dt_conserve_ratio":2.04,"pwm":90,"v":15.05}
2026-08-26T14:12:03-0700	ngr/loco/9950012/alert	{"level":"CLEAR","reason":"STATUS","loco":"9950012","uptime_ms":373199,"nav":"NORMAL","moving":1,"pwm":90,"est_mm_s":262,"dir":"CCW","session_dir":"CCW","mdir":"FWD","rear":85,"front":80,"env":1505,"lc_mm":85,"last_confirmed_landmark":"","age_ms":487,"since":0,"dead_reckoned_mm":85,"candidate_mm":-1,"viable":[],"lostm":0,"lost_ms":0,"agree":127,"disagree":0,"losts":0,"auto":0}
2026-08-26T14:12:04-0700	ngr/loco/9950012/state/start_mm	85
2026-08-26T14:12:04-0700	ngr/loco/9950012/state/loopstat	{"loop_max_gap_ms":34,"hall_task_max_gap_ms":2,"hall_task_age_ms":1,"baseline":1802,"raw":1808,"delta":6,"queue_drops":0,"floor_rejects":0,"queue_high_water":1,"mqtt_connect_ms":771,"mqtt_attempts":1,"pub_drops":0,"pub_queue_hw":1,"cmd_drops":0,"pub_per_s":4,"marker_pub_drops":0,"marker_pub_hw":1,"nav":"NORMAL","mm":85,"miss_streak":0,"pwm":90,"lost_markers":0,"lost_ms":0,"motor_dir":"FWD"}
2026-08-26T14:12:04-0700	ngr/loco/9950012/state/nav	{"event":"AGREE","state":"NORMAL","nav_state":"NORMAL","mm":84,"landmark":"","dir":"CCW","miss_streak":0,"obs":"S","expected":"S","peak":213,"ms":166,"drift":0,"dt":1121,"agree":128,"disagree":0,"lost":0,"scores":[0,0,0,0,0,0],"excluded":[false,false,false,false,false,false],"leader":null,"runner_up":null,"margin":0,"motor_dir":"FWD"}
2026-08-26T14:12:04-0700	ngr/loco/9950012/mm/marker	{"mm":84,"landmark":"","obs":"S","peak":213,"ms":166,"drift":0,"dt":1121,"timing_gate":"ACTIVE","dt_expected":1310,"dt_conserve_ratio":1.81,"pwm":90,"v":15.05}
2026-08-26T14:12:04-0700	ngr/loco/9950012/alert	{"level":"CLEAR","reason":"STATUS","loco":"9950012","uptime_ms":374199,"nav":"NORMAL","moving":1,"pwm":90,"est_mm_s":267,"dir":"CCW","session_dir":"CCW","mdir":"FWD","rear":84,"front":79,"env":1510,"lc_mm":84,"last_confirmed_landmark":"","age_ms":366,"since":0,"dead_reckoned_mm":84,"candidate_mm":-1,"viable":[],"lostm":0,"lost_ms":0,"agree":128,"disagree":0,"losts":0,"auto":0}
2026-08-26T14:12:05-0700	ngr/loco/9950012/state/start_mm	84
2026-08-26T14:12:05-0700	ngr/loco/9950012/state/loopstat	{"loop_max_gap_ms":33,"hall_task_max_gap_ms":2,"hall_task_age_ms":1,"baseline":1803,"raw":1799,"delta":-4,"queue_drops":0,"floor_rejects":0,"queue_high_water":1,"mqtt_connect_ms":771,"mqtt_attempts":1,"pub_drops":0,"pub_queue_hw":1,"cmd_drops":0,"pub_per_s":4,"marker_pub_drops":0,"marker_pub_hw":1,"nav":"NORMAL","mm":84,"miss_streak":0,"pwm":90,"lost_markers":0,"lost_ms":0,"motor_dir":"FWD"}
2026-08-26T14:12:05-0700	ngr/loco/9950012/telem/voltage	15.10
2026-08-26T14:12:05-0700	ngr/loco/9950012/telem/current	0.29
2026-08-26T14:12:05-0700	ngr/loco/9950012/telem/power	4.40
2026-08-26T14:12:05-0700	ngr/loco/9950012/state/nav	{"event":"AGREE","state":"NORMAL","nav_state":"NORMAL","mm":83,"landmark":"","dir":"CCW","miss_streak":0,"obs":"N","expected":"N","peak":198,"ms":163,"drift":0,"dt":1110,"agree":129,"disagree":0,"lost":0,"scores":[0,0,0,0,0,0],"excluded":[false,false,false,false,false,false],"leader":null,"runner_up":null,"margin":0,"motor_dir":"FWD"}
2026-08-26T14:12:05-0700	ngr/loco/9950012/mm/marker	{"mm":83,"landmark":"","obs":"N","peak":198,"ms":163,"drift":0,"dt":1110,"timing_gate":"ACTIVE","dt_expected":1191,"dt_conserve_ratio":1.87,"pwm":90,"v":15.10}
2026-08-26T14:12:05-0700	ngr/loco/9950012/alert	{"level":"CLEAR","reason":"STATUS","loco":"9950012","uptime_ms":375199,"nav":"NORMAL","moving":1,"pwm":90,"est_mm_s":270,"dir":"CCW","session_dir":"CCW","mdir":"FWD","rear":83,"front":78,"env":1510,"lc_mm":83,"last_confirmed_landmark":"","age_ms":256,"since":0,"dead_reckoned_mm":83,"candidate_mm":-1,"viable":[],"lostm":0,"lost_ms":0,"agree":129,"disagree":0,"losts":0,"auto":0}
2026-08-26T14:12:06-0700	ngr/loco/9950012/state/start_mm	83
2026-08-26T14:12:06-0700	ngr/loco/9950012/state/loopstat	{"loop_max_gap_ms":33,"hall_task_max_gap_ms":3,"hall_task_age_ms":1,"baseline":1803,"raw":1802,"delta":-1,"queue_drops":0,"floor_rejects":0,"queue_high_water":1,"mqtt_connect_ms":771,"mqtt_attempts":1,"pub_drops":0,"pub_queue_hw":3,"cmd_drops":0,"pub_per_s":7,"marker_pub_drops":0,"marker_pub_hw":1,"nav":"NORMAL","mm":83,"miss_streak":0,"pwm":90,"lost_markers":0,"lost_ms":0,"motor_dir":"FWD"}
2026-08-26T14:12:06-0700	ngr/loco/9950012/alert	{"level":"CLEAR","reason":"STATUS","loco":"9950012","uptime_ms":376199,"nav":"NORMAL","moving":1,"pwm":90,"est_mm_s":270,"dir":"CCW","session_dir":"CCW","mdir":"FWD","rear":83,"front":78,"env":1510,"lc_mm":83,"last_confirmed_landmark":"","age_ms":1256,"since":0,"dead_reckoned_mm":83,"candidate_mm":-1,"viable":[],"lostm":0,"lost_ms":0,"agree":129,"disagree":0,"losts":0,"auto":0}
2026-08-26T14:12:06-0700	ngr/loco/9950012/state/nav	{"event":"AGREE","state":"NORMAL","nav_state":"NORMAL","mm":82,"landmark":"","dir":"CCW","miss_streak":0,"obs":"N","expected":"N","peak":191,"ms":150,"drift":0,"dt":1106,"agree":130,"disagree":0,"lost":0,"scores":[0,0,0,0,0,0],"excluded":[false,false,false,false,false,false],"leader":null,"runner_up":null,"margin":0,"motor_dir":"FWD"}
2026-08-26T14:12:06-0700	ngr/loco/9950012/mm/marker	{"mm":82,"landmark":"","obs":"N","peak":191,"ms":150,"drift":0,"dt":1106,"timing_gate":"ACTIVE","dt_expected":1191,"dt_conserve_ratio":1.86,"pwm":90,"v":15.10}
2026-08-26T14:12:07-0700	ngr/loco/9950012/state/loopstat	{"loop_max_gap_ms":33,"hall_task_max_gap_ms":3,"hall_task_age_ms":1,"baseline":1803,"raw":1801,"delta":-2,"queue_drops":0,"floor_rejects":0,"queue_high_water":1,"mqtt_connect_ms":771,"mqtt_attempts":1,"pub_drops":0,"pub_queue_hw":1,"cmd_drops":0,"pub_per_s":3,"marker_pub_drops":0,"marker_pub_hw":1,"nav":"NORMAL","mm":82,"miss_streak":0,"pwm":90,"lost_markers":0,"lost_ms":0,"motor_dir":"FWD"}
2026-08-26T14:12:07-0700	ngr/loco/9950012/state/start_mm	82
2026-08-26T14:12:07-0700	ngr/loco/9950012/alert	{"level":"CLEAR","reason":"STATUS","loco":"9950012","uptime_ms":377199,"nav":"NORMAL","moving":1,"pwm":90,"est_mm_s":275,"dir":"CCW","session_dir":"CCW","mdir":"FWD","rear":82,"front":77,"env":1505,"lc_mm":82,"last_confirmed_landmark":"","age_ms":1150,"since":0,"dead_reckoned_mm":82,"candidate_mm":-1,"viable":[],"lostm":0,"lost_ms":0,"agree":130,"disagree":0,"losts":0,"auto":0}
2026-08-26T14:12:08-0700	ngr/loco/9950012/state/nav	{"event":"AGREE","state":"NORMAL","nav_state":"NORMAL","mm":81,"landmark":"","dir":"CCW","miss_streak":0,"obs":"N","expected":"N","peak":205,"ms":153,"drift":0,"dt":1077,"agree":131,"disagree":0,"lost":0,"scores":[0,0,0,0,0,0],"excluded":[false,false,false,false,false,false],"leader":null,"runner_up":null,"margin":0,"motor_dir":"FWD"}
2026-08-26T14:12:08-0700	ngr/loco/9950012/mm/marker	{"mm":81,"landmark":"","obs":"N","peak":205,"ms":153,"drift":0,"dt":1077,"timing_gate":"ACTIVE","dt_expected":1211,"dt_conserve_ratio":1.80,"pwm":90,"v":15.10}
2026-08-26T14:12:08-0700	ngr/loco/9950012/state/start_mm	81
2026-08-26T14:12:08-0700	ngr/loco/9950012/state/loopstat	{"loop_max_gap_ms":33,"hall_task_max_gap_ms":2,"hall_task_age_ms":1,"baseline":1803,"raw":1802,"delta":-1,"queue_drops":0,"floor_rejects":0,"queue_high_water":1,"mqtt_connect_ms":771,"mqtt_attempts":1,"pub_drops":0,"pub_queue_hw":2,"cmd_drops":0,"pub_per_s":5,"marker_pub_drops":0,"marker_pub_hw":1,"nav":"NORMAL","mm":81,"miss_streak":0,"pwm":90,"lost_markers":0,"lost_ms":0,"motor_dir":"FWD"}
2026-08-26T14:12:08-0700	ngr/loco/9950012/alert	{"level":"CLEAR","reason":"STATUS","loco":"9950012","uptime_ms":378199,"nav":"NORMAL","moving":1,"pwm":90,"est_mm_s":278,"dir":"CCW","session_dir":"CCW","mdir":"FWD","rear":81,"front":76,"env":1505,"lc_mm":81,"last_confirmed_landmark":"","age_ms":1073,"since":0,"dead_reckoned_mm":81,"candidate_mm":-1,"viable":[],"lostm":0,"lost_ms":0,"agree":131,"disagree":0,"losts":0,"auto":0}
2026-08-26T14:12:09-0700	ngr/loco/9950012/state/nav	{"event":"AGREE","state":"NORMAL","nav_state":"NORMAL","mm":80,"landmark":"","dir":"CCW","miss_streak":0,"obs":"N","expected":"N","peak":183,"ms":150,"drift":0,"dt":1046,"agree":132,"disagree":0,"lost":0,"scores":[0,0,0,0,0,0],"excluded":[false,false,false,false,false,false],"leader":null,"runner_up":null,"margin":0,"motor_dir":"FWD"}
2026-08-26T14:12:09-0700	ngr/loco/9950012/mm/marker	{"mm":80,"landmark":"","obs":"N","peak":183,"ms":150,"drift":0,"dt":1046,"timing_gate":"ACTIVE","dt_expected":1191,"dt_conserve_ratio":1.78,"pwm":90,"v":15.10}
2026-08-26T14:12:09-0700	ngr/loco/9950012/state/start_mm	80
2026-08-26T14:12:09-0700	ngr/loco/9950012/state/loopstat	{"loop_max_gap_ms":34,"hall_task_max_gap_ms":2,"hall_task_age_ms":1,"baseline":1803,"raw":1798,"delta":-5,"queue_drops":0,"floor_rejects":0,"queue_high_water":1,"mqtt_connect_ms":771,"mqtt_attempts":1,"pub_drops":0,"pub_queue_hw":1,"cmd_drops":0,"pub_per_s":4,"marker_pub_drops":0,"marker_pub_hw":1,"nav":"NORMAL","mm":80,"miss_streak":0,"pwm":90,"lost_markers":0,"lost_ms":0,"motor_dir":"FWD"}
2026-08-26T14:12:09-0700	ngr/loco/9950012/alert	{"level":"CLEAR","reason":"STATUS","loco":"9950012","uptime_ms":379199,"nav":"NORMAL","moving":1,"pwm":90,"est_mm_s":286,"dir":"CCW","session_dir":"CCW","mdir":"FWD","rear":80,"front":75,"env":1505,"lc_mm":80,"last_confirmed_landmark":"","age_ms":1027,"since":0,"dead_reckoned_mm":80,"candidate_mm":-1,"viable":[],"lostm":0,"lost_ms":0,"agree":132,"disagree":0,"losts":0,"auto":0}
2026-08-26T14:12:10-0700	ngr/loco/9950012/state/nav	{"event":"AGREE","state":"NORMAL","nav_state":"NORMAL","mm":79,"landmark":"","dir":"CCW","miss_streak":0,"obs":"S","expected":"S","peak":216,"ms":152,"drift":0,"dt":1021,"agree":133,"disagree":0,"lost":0,"scores":[0,0,0,0,0,0],"excluded":[false,false,false,false,false,false],"leader":null,"runner_up":null,"margin":0,"motor_dir":"FWD"}
2026-08-26T14:12:10-0700	ngr/loco/9950012/mm/marker	{"mm":79,"landmark":"","obs":"S","peak":216,"ms":152,"drift":0,"dt":1021,"timing_gate":"ACTIVE","dt_expected":1191,"dt_conserve_ratio":1.73,"pwm":90,"v":15.10}
2026-08-26T14:12:10-0700	ngr/loco/9950012/state/loopstat	{"loop_max_gap_ms":34,"hall_task_max_gap_ms":2,"hall_task_age_ms":1,"baseline":1803,"raw":1807,"delta":4,"queue_drops":0,"floor_rejects":0,"queue_high_water":1,"mqtt_connect_ms":771,"mqtt_attempts":1,"pub_drops":0,"pub_queue_hw":1,"cmd_drops":0,"pub_per_s":3,"marker_pub_drops":0,"marker_pub_hw":1,"nav":"NORMAL","mm":79,"miss_streak":0,"pwm":90,"lost_markers":0,"lost_ms":0,"motor_dir":"FWD"}
2026-08-26T14:12:10-0700	ngr/loco/9950012/state/start_mm	79
2026-08-26T14:12:10-0700	ngr/loco/9950012/telem/voltage	15.04
2026-08-26T14:12:10-0700	ngr/loco/9950012/telem/current	0.35
2026-08-26T14:12:10-0700	ngr/loco/9950012/telem/power	4.42
2026-08-26T14:12:10-0700	ngr/loco/9950012/alert	{"level":"CLEAR","reason":"STATUS","loco":"9950012","uptime_ms":380199,"nav":"NORMAL","moving":1,"pwm":90,"est_mm_s":298,"dir":"CCW","session_dir":"CCW","mdir":"FWD","rear":79,"front":74,"env":1500,"lc_mm":79,"last_confirmed_landmark":"","age_ms":1006,"since":0,"dead_reckoned_mm":79,"candidate_mm":-1,"viable":[],"lostm":0,"lost_ms":0,"agree":133,"disagree":0,"losts":0,"auto":0}
2026-08-26T14:12:11-0700	ngr/loco/9950012/state/nav	{"event":"AGREE","state":"NORMAL","nav_state":"NORMAL","mm":78,"landmark":"","dir":"CCW","miss_streak":0,"obs":"N","expected":"N","peak":178,"ms":140,"drift":0,"dt":1041,"agree":134,"disagree":0,"lost":0,"scores":[0,0,0,0,0,0],"excluded":[false,false,false,false,false,false],"leader":null,"runner_up":null,"margin":0,"motor_dir":"FWD"}
2026-08-26T14:12:11-0700	ngr/loco/9950012/mm/marker	{"mm":78,"landmark":"","obs":"N","peak":178,"ms":140,"drift":0,"dt":1041,"timing_gate":"ACTIVE","dt_expected":1211,"dt_conserve_ratio":1.70,"pwm":90,"v":15.04}
2026-08-26T14:12:11-0700	ngr/loco/9950012/state/start_mm	78
2026-08-26T14:12:11-0700	ngr/loco/9950012/state/loopstat	{"loop_max_gap_ms":34,"hall_task_max_gap_ms":3,"hall_task_age_ms":1,"baseline":1803,"raw":1798,"delta":-5,"queue_drops":0,"floor_rejects":0,"queue_high_water":1,"mqtt_connect_ms":771,"mqtt_attempts":1,"pub_drops":0,"pub_queue_hw":3,"cmd_drops":0,"pub_per_s":8,"marker_pub_drops":0,"marker_pub_hw":1,"nav":"NORMAL","mm":78,"miss_streak":0,"pwm":90,"lost_markers":0,"lost_ms":0,"motor_dir":"FWD"}
2026-08-26T14:12:11-0700	ngr/loco/9950012/alert	{"level":"CLEAR","reason":"STATUS","loco":"9950012","uptime_ms":381199,"nav":"NORMAL","moving":1,"pwm":90,"est_mm_s":288,"dir":"CCW","session_dir":"CCW","mdir":"FWD","rear":78,"front":73,"env":1500,"lc_mm":78,"last_confirmed_landmark":"","age_ms":965,"since":0,"dead_reckoned_mm":78,"candidate_mm":-1,"viable":[],"lostm":0,"lost_ms":0,"agree":134,"disagree":0,"losts":0,"auto":0}
2026-08-26T14:12:12-0700	ngr/loco/9950012/state/nav	{"event":"AGREE","state":"NORMAL","nav_state":"NORMAL","mm":77,"landmark":"","dir":"CCW","miss_streak":0,"obs":"N","expected":"N","peak":158,"ms":138,"drift":0,"dt":1020,"agree":135,"disagree":0,"lost":0,"scores":[0,0,0,0,0,0],"excluded":[false,false,false,false,false,false],"leader":null,"runner_up":null,"margin":0,"motor_dir":"FWD"}
2026-08-26T14:12:12-0700	ngr/loco/9950012/mm/marker	{"mm":77,"landmark":"","obs":"N","peak":158,"ms":138,"drift":0,"dt":1020,"timing_gate":"ACTIVE","dt_expected":1191,"dt_conserve_ratio":1.73,"pwm":90,"v":15.04}
2026-08-26T14:12:12-0700	ngr/loco/9950012/state/start_mm	77
2026-08-26T14:12:12-0700	ngr/loco/9950012/state/loopstat	{"loop_max_gap_ms":34,"hall_task_max_gap_ms":2,"hall_task_age_ms":1,"baseline":1803,"raw":1797,"delta":-6,"queue_drops":0,"floor_rejects":0,"queue_high_water":1,"mqtt_connect_ms":771,"mqtt_attempts":1,"pub_drops":0,"pub_queue_hw":1,"cmd_drops":0,"pub_per_s":4,"marker_pub_drops":0,"marker_pub_hw":1,"nav":"NORMAL","mm":77,"miss_streak":0,"pwm":90,"lost_markers":0,"lost_ms":0,"motor_dir":"FWD"}
2026-08-26T14:12:12-0700	ngr/loco/9950012/alert	{"level":"CLEAR","reason":"STATUS","loco":"9950012","uptime_ms":382199,"nav":"NORMAL","moving":1,"pwm":90,"est_mm_s":294,"dir":"CCW","session_dir":"CCW","mdir":"FWD","rear":77,"front":72,"env":1500,"lc_mm":77,"last_confirmed_landmark":"","age_ms":945,"since":0,"dead_reckoned_mm":77,"candidate_mm":-1,"viable":[],"lostm":0,"lost_ms":0,"agree":135,"disagree":0,"losts":0,"auto":0}
2026-08-26T14:12:13-0700	ngr/loco/9950012/state/nav	{"event":"AGREE","state":"NORMAL","nav_state":"NORMAL","mm":76,"landmark":"","dir":"CCW","miss_streak":0,"obs":"N","expected":"N","peak":163,"ms":138,"drift":0,"dt":1006,"agree":136,"disagree":0,"lost":0,"scores":[0,0,0,0,0,0],"excluded":[false,false,false,false,false,false],"leader":null,"runner_up":null,"margin":0,"motor_dir":"FWD"}
2026-08-26T14:12:13-0700	ngr/loco/9950012/mm/marker	{"mm":76,"landmark":"","obs":"N","peak":163,"ms":138,"drift":0,"dt":1006,"timing_gate":"ACTIVE","dt_expected":1191,"dt_conserve_ratio":1.70,"pwm":90,"v":15.04}
2026-08-26T14:12:13-0700	ngr/loco/9950012/state/start_mm	76
2026-08-26T14:12:13-0700	ngr/loco/9950012/state/loopstat	{"loop_max_gap_ms":34,"hall_task_max_gap_ms":2,"hall_task_age_ms":1,"baseline":1803,"raw":1798,"delta":-5,"queue_drops":0,"floor_rejects":0,"queue_high_water":1,"mqtt_connect_ms":771,"mqtt_attempts":1,"pub_drops":0,"pub_queue_hw":1,"cmd_drops":0,"pub_per_s":4,"marker_pub_drops":0,"marker_pub_hw":1,"nav":"NORMAL","mm":76,"miss_streak":0,"pwm":90,"lost_markers":0,"lost_ms":0,"motor_dir":"FWD"}
2026-08-26T14:12:13-0700	ngr/loco/9950012/alert	{"level":"CLEAR","reason":"STATUS","loco":"9950012","uptime_ms":383199,"nav":"NORMAL","moving":1,"pwm":90,"est_mm_s":298,"dir":"CCW","session_dir":"CCW","mdir":"FWD","rear":76,"front":71,"env":1495,"lc_mm":76,"last_confirmed_landmark":"","age_ms":939,"since":0,"dead_reckoned_mm":76,"candidate_mm":-1,"viable":[],"lostm":0,"lost_ms":0,"agree":136,"disagree":0,"losts":0,"auto":0}
2026-08-26T14:12:14-0700	ngr/loco/9950012/state/nav	{"event":"AGREE","state":"NORMAL","nav_state":"NORMAL","mm":75,"landmark":"","dir":"CCW","miss_streak":0,"obs":"S","expected":"S","peak":175,"ms":133,"drift":0,"dt":1012,"agree":137,"disagree":0,"lost":0,"scores":[0,0,0,0,0,0],"excluded":[false,false,false,false,false,false],"leader":null,"runner_up":null,"margin":0,"motor_dir":"FWD"}
2026-08-26T14:12:14-0700	ngr/loco/9950012/mm/marker	{"mm":75,"landmark":"","obs":"S","peak":175,"ms":133,"drift":0,"dt":1012,"timing_gate":"ACTIVE","dt_expected":1191,"dt_conserve_ratio":1.69,"pwm":90,"v":15.04}
2026-08-26T14:12:14-0700	ngr/loco/9950012/state/start_mm	75
2026-08-26T14:12:14-0700	ngr/loco/9950012/state/loopstat	{"loop_max_gap_ms":33,"hall_task_max_gap_ms":2,"hall_task_age_ms":1,"baseline":1803,"raw":1807,"delta":4,"queue_drops":0,"floor_rejects":0,"queue_high_water":1,"mqtt_connect_ms":771,"mqtt_attempts":1,"pub_drops":0,"pub_queue_hw":1,"cmd_drops":0,"pub_per_s":4,"marker_pub_drops":0,"marker_pub_hw":1,"nav":"NORMAL","mm":75,"miss_streak":0,"pwm":90,"lost_markers":0,"lost_ms":0,"motor_dir":"FWD"}
2026-08-26T14:12:14-0700	ngr/loco/9950012/alert	{"level":"CLEAR","reason":"STATUS","loco":"9950012","uptime_ms":384199,"nav":"NORMAL","moving":1,"pwm":90,"est_mm_s":296,"dir":"CCW","session_dir":"CCW","mdir":"FWD","rear":75,"front":70,"env":1490,"lc_mm":75,"last_confirmed_landmark":"","age_ms":927,"since":0,"dead_reckoned_mm":75,"candidate_mm":-1,"viable":[],"lostm":0,"lost_ms":0,"agree":137,"disagree":0,"losts":0,"auto":0}
2026-08-26T14:12:15-0700	ngr/loco/9950012/state/nav	{"event":"AGREE","state":"NORMAL","nav_state":"NORMAL","mm":74,"landmark":"","dir":"CCW","miss_streak":0,"obs":"N","expected":"N","peak":179,"ms":142,"drift":0,"dt":983,"agree":138,"disagree":0,"lost":0,"scores":[0,0,0,0,0,0],"excluded":[false,false,false,false,false,false],"leader":null,"runner_up":null,"margin":0,"motor_dir":"FWD"}
2026-08-26T14:12:15-0700	ngr/loco/9950012/mm/marker	{"mm":74,"landmark":"","obs":"N","peak":179,"ms":142,"drift":0,"dt":983,"timing_gate":"ACTIVE","dt_expected":1191,"dt_conserve_ratio":1.67,"pwm":90,"v":15.04}
2026-08-26T14:12:15-0700	ngr/loco/9950012/state/start_mm	74
2026-08-26T14:12:15-0700	ngr/loco/9950012/state/loopstat	{"loop_max_gap_ms":34,"hall_task_max_gap_ms":3,"hall_task_age_ms":1,"baseline":1803,"raw":1800,"delta":-3,"queue_drops":0,"floor_rejects":0,"queue_high_water":1,"mqtt_connect_ms":771,"mqtt_attempts":1,"pub_drops":0,"pub_queue_hw":1,"cmd_drops":0,"pub_per_s":4,"marker_pub_drops":0,"marker_pub_hw":1,"nav":"NORMAL","mm":74,"miss_streak":0,"pwm":90,"lost_markers":0,"lost_ms":0,"motor_dir":"FWD"}
2026-08-26T14:12:15-0700	ngr/loco/9950012/telem/voltage	15.11
2026-08-26T14:12:15-0700	ngr/loco/9950012/telem/current	0.31
2026-08-26T14:12:15-0700	ngr/loco/9950012/telem/power	4.66
2026-08-26T14:12:15-0700	ngr/loco/9950012/alert	{"level":"CLEAR","reason":"STATUS","loco":"9950012","uptime_ms":385199,"nav":"NORMAL","moving":1,"pwm":90,"est_mm_s":305,"dir":"CCW","session_dir":"CCW","mdir":"FWD","rear":74,"front":69,"env":1490,"lc_mm":74,"last_confirmed_landmark":"","age_ms":944,"since":0,"dead_reckoned_mm":74,"candidate_mm":-1,"viable":[],"lostm":0,"lost_ms":0,"agree":138,"disagree":0,"losts":0,"auto":0}
2026-08-26T14:12:16-0700	ngr/loco/9950012/state/nav	{"event":"AGREE","state":"NORMAL","nav_state":"NORMAL","mm":73,"landmark":"","dir":"CCW","miss_streak":0,"obs":"N","expected":"N","peak":164,"ms":143,"drift":0,"dt":1047,"agree":139,"disagree":0,"lost":0,"scores":[0,0,0,0,0,0],"excluded":[false,false,false,false,false,false],"leader":null,"runner_up":null,"margin":0,"motor_dir":"FWD"}
2026-08-26T14:12:16-0700	ngr/loco/9950012/mm/marker	{"mm":73,"landmark":"","obs":"N","peak":164,"ms":143,"drift":0,"dt":1047,"timing_gate":"ACTIVE","dt_expected":1191,"dt_conserve_ratio":1.70,"pwm":90,"v":15.11}
2026-08-26T14:12:16-0700	ngr/loco/9950012/state/start_mm	73
2026-08-26T14:12:16-0700	ngr/loco/9950012/state/loopstat	{"loop_max_gap_ms":33,"hall_task_max_gap_ms":3,"hall_task_age_ms":1,"baseline":1803,"raw":1793,"delta":-10,"queue_drops":0,"floor_rejects":0,"queue_high_water":1,"mqtt_connect_ms":771,"mqtt_attempts":1,"pub_drops":0,"pub_queue_hw":3,"cmd_drops":0,"pub_per_s":7,"marker_pub_drops":0,"marker_pub_hw":1,"nav":"NORMAL","mm":73,"miss_streak":0,"pwm":90,"lost_markers":0,"lost_ms":0,"motor_dir":"FWD"}
2026-08-26T14:12:16-0700	ngr/loco/9950012/alert	{"level":"CLEAR","reason":"STATUS","loco":"9950012","uptime_ms":386199,"nav":"NORMAL","moving":1,"pwm":90,"est_mm_s":286,"dir":"CCW","session_dir":"CCW","mdir":"FWD","rear":73,"front":68,"env":1490,"lc_mm":73,"last_confirmed_landmark":"","age_ms":897,"since":0,"dead_reckoned_mm":73,"candidate_mm":-1,"viable":[],"lostm":0,"lost_ms":0,"agree":139,"disagree":0,"losts":0,"auto":0}
2026-08-26T14:12:17-0700	ngr/loco/9950012/state/loopstat	{"loop_max_gap_ms":33,"hall_task_max_gap_ms":2,"hall_task_age_ms":1,"baseline":1803,"raw":1728,"delta":-75,"queue_drops":0,"floor_rejects":0,"queue_high_water":0,"mqtt_connect_ms":771,"mqtt_attempts":1,"pub_drops":0,"pub_queue_hw":1,"cmd_drops":0,"pub_per_s":1,"marker_pub_drops":0,"marker_pub_hw":0,"nav":"NORMAL","mm":73,"miss_streak":0,"pwm":90,"lost_markers":0,"lost_ms":0,"motor_dir":"FWD"}
2026-08-26T14:12:17-0700	ngr/loco/9950012/state/nav	{"event":"AGREE","state":"NORMAL","nav_state":"NORMAL","mm":72,"landmark":"Westpoint","dir":"CCW","miss_streak":0,"obs":"S","expected":"S","peak":161,"ms":145,"drift":0,"dt":1076,"agree":140,"disagree":0,"lost":0,"scores":[0,0,0,0,0,0],"excluded":[false,false,false,false,false,false],"leader":null,"runner_up":null,"margin":0,"motor_dir":"FWD"}
2026-08-26T14:12:17-0700	ngr/loco/9950012/mm/marker	{"mm":72,"landmark":"Westpoint","obs":"S","peak":161,"ms":145,"drift":0,"dt":1076,"timing_gate":"ACTIVE","dt_expected":1191,"dt_conserve_ratio":1.78,"pwm":90,"v":15.11}
2026-08-26T14:12:17-0700	ngr/loco/9950012/alert	{"level":"CLEAR","reason":"STATUS","loco":"9950012","uptime_ms":387199,"nav":"NORMAL","moving":1,"pwm":90,"est_mm_s":278,"dir":"CCW","session_dir":"CCW","mdir":"FWD","rear":72,"front":67,"env":1495,"lc_mm":72,"last_confirmed_landmark":"Westpoint","age_ms":821,"since":0,"dead_reckoned_mm":72,"candidate_mm":-1,"viable":[],"lostm":0,"lost_ms":0,"agree":140,"disagree":0,"losts":0,"auto":0}
2026-08-26T14:12:18-0700	ngr/loco/9950012/state/loopstat	{"loop_max_gap_ms":34,"hall_task_max_gap_ms":2,"hall_task_age_ms":1,"baseline":1803,"raw":1933,"delta":130,"queue_drops":0,"floor_rejects":0,"queue_high_water":1,"mqtt_connect_ms":771,"mqtt_attempts":1,"pub_drops":0,"pub_queue_hw":1,"cmd_drops":0,"pub_per_s":3,"marker_pub_drops":0,"marker_pub_hw":1,"nav":"NORMAL","mm":72,"miss_streak":0,"pwm":90,"lost_markers":0,"lost_ms":0,"motor_dir":"FWD"}
2026-08-26T14:12:18-0700	ngr/loco/9950012/state/start_mm	72
2026-08-26T14:12:18-0700	ngr/loco/9950012/state/nav	{"event":"AGREE","state":"NORMAL","nav_state":"NORMAL","mm":71,"landmark":"","dir":"CCW","miss_streak":0,"obs":"N","expected":"N","peak":141,"ms":140,"drift":0,"dt":1035,"agree":141,"disagree":0,"lost":0,"scores":[0,0,0,0,0,0],"excluded":[false,false,false,false,false,false],"leader":null,"runner_up":null,"margin":0,"motor_dir":"FWD"}
2026-08-26T14:12:18-0700	ngr/loco/9950012/mm/marker	{"mm":71,"landmark":"","obs":"N","peak":141,"ms":140,"drift":0,"dt":1035,"timing_gate":"ACTIVE","dt_expected":1191,"dt_conserve_ratio":1.77,"pwm":90,"v":15.11}
2026-08-26T14:12:18-0700	ngr/loco/9950012/alert	{"level":"CLEAR","reason":"STATUS","loco":"9950012","uptime_ms":388199,"nav":"NORMAL","moving":1,"pwm":90,"est_mm_s":285,"dir":"CCW","session_dir":"CCW","mdir":"FWD","rear":71,"front":66,"env":1500,"lc_mm":71,"last_confirmed_landmark":"","age_ms":786,"since":0,"dead_reckoned_mm":71,"candidate_mm":-1,"viable":[],"lostm":0,"lost_ms":0,"agree":141,"disagree":0,"losts":0,"auto":0}
2026-08-26T14:12:19-0700	ngr/loco/9950012/state/loopstat	{"loop_max_gap_ms":34,"hall_task_max_gap_ms":2,"hall_task_age_ms":1,"baseline":1803,"raw":1670,"delta":-133,"queue_drops":0,"floor_rejects":0,"queue_high_water":1,"mqtt_connect_ms":771,"mqtt_attempts":1,"pub_drops":0,"pub_queue_hw":2,"cmd_drops":0,"pub_per_s":4,"marker_pub_drops":0,"marker_pub_hw":1,"nav":"NORMAL","mm":71,"miss_streak":0,"pwm":90,"lost_markers":0,"lost_ms":0,"motor_dir":"FWD"}
2026-08-26T14:12:19-0700	ngr/loco/9950012/state/start_mm	71
2026-08-26T14:12:19-0700	ngr/loco/9950012/state/nav	{"event":"AGREE","state":"NORMAL","nav_state":"NORMAL","mm":70,"landmark":"","dir":"CCW","miss_streak":0,"obs":"S","expected":"S","peak":160,"ms":136,"drift":0,"dt":994,"agree":142,"disagree":0,"lost":0,"scores":[0,0,0,0,0,0],"excluded":[false,false,false,false,false,false],"leader":null,"runner_up":null,"margin":0,"motor_dir":"FWD"}
2026-08-26T14:12:19-0700	ngr/loco/9950012/mm/marker	{"mm":70,"landmark":"","obs":"S","peak":160,"ms":136,"drift":0,"dt":994,"timing_gate":"ACTIVE","dt_expected":1171,"dt_conserve_ratio":1.73,"pwm":90,"v":15.11}
2026-08-26T14:12:19-0700	ngr/loco/9950012/alert	{"level":"CLEAR","reason":"STATUS","loco":"9950012","uptime_ms":389199,"nav":"NORMAL","moving":1,"pwm":90,"est_mm_s":296,"dir":"CCW","session_dir":"CCW","mdir":"FWD","rear":70,"front":65,"env":1510,"lc_mm":70,"last_confirmed_landmark":"","age_ms":792,"since":0,"dead_reckoned_mm":70,"candidate_mm":-1,"viable":[],"lostm":0,"lost_ms":0,"agree":142,"disagree":0,"losts":0,"auto":0}
2026-08-26T14:12:20-0700	ngr/loco/9950012/state/start_mm	70
2026-08-26T14:12:20-0700	ngr/loco/9950012/state/loopstat	{"loop_max_gap_ms":34,"hall_task_max_gap_ms":2,"hall_task_age_ms":1,"baseline":1803,"raw":1924,"delta":121,"queue_drops":0,"floor_rejects":0,"queue_high_water":1,"mqtt_connect_ms":771,"mqtt_attempts":1,"pub_drops":0,"pub_queue_hw":2,"cmd_drops":0,"pub_per_s":5,"marker_pub_drops":0,"marker_pub_hw":1,"nav":"NORMAL","mm":70,"miss_streak":0,"pwm":90,"lost_markers":0,"lost_ms":0,"motor_dir":"FWD"}
2026-08-26T14:12:20-0700	ngr/loco/9950012/state/nav	{"event":"AGREE","state":"NORMAL","nav_state":"NORMAL","mm":69,"landmark":"","dir":"CCW","miss_streak":0,"obs":"N","expected":"N","peak":157,"ms":144,"drift":0,"dt":999,"agree":143,"disagree":0,"lost":0,"scores":[0,0,0,0,0,0],"excluded":[false,false,false,false,false,false],"leader":null,"runner_up":null,"margin":0,"motor_dir":"FWD"}
2026-08-26T14:12:20-0700	ngr/loco/9950012/mm/marker	{"mm":69,"landmark":"","obs":"N","peak":157,"ms":144,"drift":0,"dt":999,"timing_gate":"ACTIVE","dt_expected":1171,"dt_conserve_ratio":1.70,"pwm":90,"v":15.11}
2026-08-26T14:12:20-0700	ngr/loco/9950012/telem/voltage	15.08
2026-08-26T14:12:20-0700	ngr/loco/9950012/telem/current	0.33
2026-08-26T14:12:20-0700	ngr/loco/9950012/telem/power	4.97
2026-08-26T14:12:20-0700	ngr/loco/9950012/alert	{"level":"CLEAR","reason":"STATUS","loco":"9950012","uptime_ms":390199,"nav":"NORMAL","moving":1,"pwm":90,"est_mm_s":300,"dir":"CCW","session_dir":"CCW","mdir":"FWD","rear":69,"front":64,"env":1525,"lc_mm":69,"last_confirmed_landmark":"","age_ms":793,"since":0,"dead_reckoned_mm":69,"candidate_mm":-1,"viable":[],"lostm":0,"lost_ms":0,"agree":143,"disagree":0,"losts":0,"auto":0}
2026-08-26T14:12:21-0700	ngr/loco/9950012/state/start_mm	69
2026-08-26T14:12:21-0700	ngr/loco/9950012/state/loopstat	{"loop_max_gap_ms":34,"hall_task_max_gap_ms":2,"hall_task_age_ms":1,"baseline":1803,"raw":1740,"delta":-63,"queue_drops":0,"floor_rejects":0,"queue_high_water":1,"mqtt_connect_ms":771,"mqtt_attempts":1,"pub_drops":0,"pub_queue_hw":3,"cmd_drops":0,"pub_per_s":7,"marker_pub_drops":0,"marker_pub_hw":1,"nav":"NORMAL","mm":69,"miss_streak":0,"pwm":90,"lost_markers":0,"lost_ms":0,"motor_dir":"FWD"}
2026-08-26T14:12:21-0700	ngr/loco/9950012/state/nav	{"event":"AGREE","state":"NORMAL","nav_state":"NORMAL","mm":68,"landmark":"","dir":"CCW","miss_streak":0,"obs":"S","expected":"S","peak":188,"ms":147,"drift":0,"dt":1059,"agree":144,"disagree":0,"lost":0,"scores":[0,0,0,0,0,0],"excluded":[false,false,false,false,false,false],"leader":null,"runner_up":null,"margin":0,"motor_dir":"FWD"}
2026-08-26T14:12:21-0700	ngr/loco/9950012/mm/marker	{"mm":68,"landmark":"","obs":"S","peak":188,"ms":147,"drift":0,"dt":1059,"timing_gate":"ACTIVE","dt_expected":1191,"dt_conserve_ratio":1.73,"pwm":90,"v":15.08}
2026-08-26T14:12:21-0700	ngr/loco/9950012/alert	{"level":"CLEAR","reason":"STATUS","loco":"9950012","uptime_ms":391199,"nav":"NORMAL","moving":1,"pwm":90,"est_mm_s":283,"dir":"CCW","session_dir":"CCW","mdir":"FWD","rear":68,"front":63,"env":1550,"lc_mm":68,"last_confirmed_landmark":"","age_ms":734,"since":0,"dead_reckoned_mm":68,"candidate_mm":-1,"viable":[],"lostm":0,"lost_ms":0,"agree":144,"disagree":0,"losts":0,"auto":0}
2026-08-26T14:12:22-0700	ngr/loco/9950012/state/start_mm	68
2026-08-26T14:12:22-0700	ngr/loco/9950012/state/loopstat	{"loop_max_gap_ms":34,"hall_task_max_gap_ms":2,"hall_task_age_ms":1,"baseline":1803,"raw":1817,"delta":14,"queue_drops":0,"floor_rejects":0,"queue_high_water":1,"mqtt_connect_ms":771,"mqtt_attempts":1,"pub_drops":0,"pub_queue_hw":1,"cmd_drops":0,"pub_per_s":4,"marker_pub_drops":0,"marker_pub_hw":1,"nav":"NORMAL","mm":68,"miss_streak":0,"pwm":90,"lost_markers":0,"lost_ms":0,"motor_dir":"FWD"}
2026-08-26T14:12:22-0700	ngr/loco/9950012/state/nav	{"event":"AGREE","state":"NORMAL","nav_state":"NORMAL","mm":67,"landmark":"","dir":"CCW","miss_streak":0,"obs":"S","expected":"S","peak":146,"ms":152,"drift":0,"dt":1080,"agree":145,"disagree":0,"lost":0,"scores":[0,0,0,0,0,0],"excluded":[false,false,false,false,false,false],"leader":null,"runner_up":null,"margin":0,"motor_dir":"FWD"}
2026-08-26T14:12:22-0700	ngr/loco/9950012/mm/marker	{"mm":67,"landmark":"","obs":"S","peak":146,"ms":152,"drift":0,"dt":1080,"timing_gate":"ACTIVE","dt_expected":1191,"dt_conserve_ratio":1.80,"pwm":90,"v":15.08}
2026-08-26T14:12:22-0700	ngr/loco/9950012/alert	{"level":"CLEAR","reason":"STATUS","loco":"9950012","uptime_ms":392199,"nav":"NORMAL","moving":1,"pwm":90,"est_mm_s":282,"dir":"CCW","session_dir":"CCW","mdir":"FWD","rear":67,"front":62,"env":1560,"lc_mm":67,"last_confirmed_landmark":"","age_ms":654,"since":0,"dead_reckoned_mm":67,"candidate_mm":-1,"viable":[],"lostm":0,"lost_ms":0,"agree":145,"disagree":0,"losts":0,"auto":0}
2026-08-26T14:12:23-0700	ngr/loco/9950012/state/loopstat	{"loop_max_gap_ms":34,"hall_task_max_gap_ms":2,"hall_task_age_ms":1,"baseline":1803,"raw":1796,"delta":-7,"queue_drops":0,"floor_rejects":0,"queue_high_water":1,"mqtt_connect_ms":771,"mqtt_attempts":1,"pub_drops":0,"pub_queue_hw":1,"cmd_drops":0,"pub_per_s":3,"marker_pub_drops":0,"marker_pub_hw":1,"nav":"NORMAL","mm":67,"miss_streak":0,"pwm":90,"lost_markers":0,"lost_ms":0,"motor_dir":"FWD"}
2026-08-26T14:12:23-0700	ngr/loco/9950012/state/start_mm	67
2026-08-26T14:12:23-0700	ngr/loco/9950012/state/nav	{"event":"AGREE","state":"NORMAL","nav_state":"NORMAL","mm":66,"landmark":"","dir":"CCW","miss_streak":0,"obs":"N","expected":"N","peak":174,"ms":149,"drift":0,"dt":1091,"agree":146,"disagree":0,"lost":0,"scores":[0,0,0,0,0,0],"excluded":[false,false,false,false,false,false],"leader":null,"runner_up":null,"margin":0,"motor_dir":"FWD"}
2026-08-26T14:12:23-0700	ngr/loco/9950012/mm/marker	{"mm":66,"landmark":"","obs":"N","peak":174,"ms":149,"drift":0,"dt":1091,"timing_gate":"ACTIVE","dt_expected":1211,"dt_conserve_ratio":1.79,"pwm":90,"v":15.08}
2026-08-26T14:12:23-0700	ngr/loco/9950012/alert	{"level":"CLEAR","reason":"STATUS","loco":"9950012","uptime_ms":393199,"nav":"NORMAL","moving":1,"pwm":90,"est_mm_s":274,"dir":"CCW","session_dir":"CCW","mdir":"FWD","rear":66,"front":61,"env":1580,"lc_mm":66,"last_confirmed_landmark":"","age_ms":563,"since":0,"dead_reckoned_mm":66,"candidate_mm":-1,"viable":[],"lostm":0,"lost_ms":0,"agree":146,"disagree":0,"losts":0,"auto":0}
2026-08-26T14:12:24-0700	ngr/loco/9950012/state/start_mm	66
2026-08-26T14:12:24-0700	ngr/loco/9950012/state/loopstat	{"loop_max_gap_ms":33,"hall_task_max_gap_ms":3,"hall_task_age_ms":1,"baseline":1803,"raw":1805,"delta":2,"queue_drops":0,"floor_rejects":0,"queue_high_water":1,"mqtt_connect_ms":771,"mqtt_attempts":1,"pub_drops":0,"pub_queue_hw":2,"cmd_drops":0,"pub_per_s":5,"marker_pub_drops":0,"marker_pub_hw":1,"nav":"NORMAL","mm":66,"miss_streak":0,"pwm":90,"lost_markers":0,"lost_ms":0,"motor_dir":"FWD"}
2026-08-26T14:12:24-0700	ngr/loco/9950012/state/nav	{"event":"AGREE","state":"NORMAL","nav_state":"NORMAL","mm":65,"landmark":"","dir":"CCW","miss_streak":0,"obs":"N","expected":"N","peak":164,"ms":144,"drift":0,"dt":1089,"agree":147,"disagree":0,"lost":0,"scores":[0,0,0,0,0,0],"excluded":[false,false,false,false,false,false],"leader":null,"runner_up":null,"margin":0,"motor_dir":"FWD"}
2026-08-26T14:12:24-0700	ngr/loco/9950012/mm/marker	{"mm":65,"landmark":"","obs":"N","peak":164,"ms":144,"drift":0,"dt":1089,"timing_gate":"ACTIVE","dt_expected":1191,"dt_conserve_ratio":1.83,"pwm":90,"v":15.08}
2026-08-26T14:12:24-0700	ngr/loco/9950012/alert	{"level":"CLEAR","reason":"STATUS","loco":"9950012","uptime_ms":394199,"nav":"NORMAL","moving":1,"pwm":90,"est_mm_s":280,"dir":"CCW","session_dir":"CCW","mdir":"FWD","rear":65,"front":60,"env":1590,"lc_mm":65,"last_confirmed_landmark":"","age_ms":474,"since":0,"dead_reckoned_mm":65,"candidate_mm":-1,"viable":[],"lostm":0,"lost_ms":0,"agree":147,"disagree":0,"losts":0,"auto":0}
2026-08-26T14:12:25-0700	ngr/loco/9950012/state/start_mm	65
2026-08-26T14:12:25-0700	ngr/loco/9950012/state/loopstat	{"loop_max_gap_ms":34,"hall_task_max_gap_ms":3,"hall_task_age_ms":1,"baseline":1803,"raw":1806,"delta":3,"queue_drops":0,"floor_rejects":0,"queue_high_water":1,"mqtt_connect_ms":771,"mqtt_attempts":1,"pub_drops":0,"pub_queue_hw":1,"cmd_drops":0,"pub_per_s":4,"marker_pub_drops":0,"marker_pub_hw":1,"nav":"NORMAL","mm":65,"miss_streak":0,"pwm":90,"lost_markers":0,"lost_ms":0,"motor_dir":"FWD"}
2026-08-26T14:12:25-0700	ngr/loco/9950012/telem/voltage	15.09
2026-08-26T14:12:25-0700	ngr/loco/9950012/telem/current	0.32
2026-08-26T14:12:25-0700	ngr/loco/9950012/telem/power	4.77
2026-08-26T14:12:25-0700	ngr/loco/9950012/state/nav	{"event":"AGREE","state":"NORMAL","nav_state":"NORMAL","mm":64,"landmark":"","dir":"CCW","miss_streak":0,"obs":"S","expected":"S","peak":273,"ms":194,"drift":0,"dt":1241,"agree":148,"disagree":0,"lost":0,"scores":[0,0,0,0,0,0],"excluded":[false,false,false,false,false,false],"leader":null,"runner_up":null,"margin":0,"motor_dir":"FWD"}
2026-08-26T14:12:25-0700	ngr/loco/9950012/mm/marker	{"mm":64,"landmark":"","obs":"S","peak":273,"ms":194,"drift":0,"dt":1241,"timing_gate":"ACTIVE","dt_expected":1211,"dt_conserve_ratio":1.92,"pwm":90,"v":15.09}
2026-08-26T14:12:25-0700	ngr/loco/9950012/alert	{"level":"CLEAR","reason":"STATUS","loco":"9950012","uptime_ms":395199,"nav":"NORMAL","moving":1,"pwm":90,"est_mm_s":253,"dir":"CCW","session_dir":"CCW","mdir":"FWD","rear":64,"front":59,"env":1575,"lc_mm":64,"last_confirmed_landmark":"","age_ms":233,"since":0,"dead_reckoned_mm":64,"candidate_mm":-1,"viable":[],"lostm":0,"lost_ms":0,"agree":148,"disagree":0,"losts":0,"auto":0}
2026-08-26T14:12:26-0700	ngr/loco/9950012/state/start_mm	64
2026-08-26T14:12:26-0700	ngr/loco/9950012/state/loopstat	{"loop_max_gap_ms":33,"hall_task_max_gap_ms":3,"hall_task_age_ms":1,"baseline":1803,"raw":1805,"delta":2,"queue_drops":0,"floor_rejects":0,"queue_high_water":1,"mqtt_connect_ms":771,"mqtt_attempts":1,"pub_drops":0,"pub_queue_hw":3,"cmd_drops":0,"pub_per_s":7,"marker_pub_drops":0,"marker_pub_hw":1,"nav":"NORMAL","mm":64,"miss_streak":0,"pwm":90,"lost_markers":0,"lost_ms":0,"motor_dir":"FWD"}
2026-08-26T14:12:26-0700	ngr/loco/9950012/alert	{"level":"CLEAR","reason":"STATUS","loco":"9950012","uptime_ms":396199,"nav":"NORMAL","moving":1,"pwm":90,"est_mm_s":253,"dir":"CCW","session_dir":"CCW","mdir":"FWD","rear":64,"front":59,"env":1575,"lc_mm":64,"last_confirmed_landmark":"","age_ms":1233,"since":0,"dead_reckoned_mm":64,"candidate_mm":-1,"viable":[],"lostm":0,"lost_ms":0,"agree":148,"disagree":0,"losts":0,"auto":0}
2026-08-26T14:12:27-0700	ngr/loco/9950012/state/loopstat	{"loop_max_gap_ms":34,"hall_task_max_gap_ms":2,"hall_task_age_ms":1,"baseline":1803,"raw":2043,"delta":240,"queue_drops":0,"floor_rejects":0,"queue_high_water":0,"mqtt_connect_ms":771,"mqtt_attempts":1,"pub_drops":0,"pub_queue_hw":1,"cmd_drops":0,"pub_per_s":1,"marker_pub_drops":0,"marker_pub_hw":0,"nav":"NORMAL","mm":64,"miss_streak":0,"pwm":90,"lost_markers":0,"lost_ms":0,"motor_dir":"FWD"}
2026-08-26T14:12:27-0700	ngr/loco/9950012/state/nav	{"event":"AGREE","state":"NORMAL","nav_state":"NORMAL","mm":63,"landmark":"Grillers","dir":"CCW","miss_streak":0,"obs":"N","expected":"N","peak":289,"ms":195,"drift":0,"dt":1393,"agree":149,"disagree":0,"lost":0,"scores":[0,0,0,0,0,0],"excluded":[false,false,false,false,false,false],"leader":null,"runner_up":null,"margin":0,"motor_dir":"FWD"}
2026-08-26T14:12:27-0700	ngr/loco/9950012/mm/marker	{"mm":63,"landmark":"Grillers","obs":"N","peak":289,"ms":195,"drift":0,"dt":1393,"timing_gate":"ACTIVE","dt_expected":1250,"dt_conserve_ratio":2.11,"pwm":90,"v":15.09}
2026-08-26T14:12:27-0700	ngr/loco/9950012/alert	{"level":"CLEAR","reason":"STATUS","loco":"9950012","uptime_ms":397199,"nav":"NORMAL","moving":1,"pwm":90,"est_mm_s":233,"dir":"CCW","session_dir":"CCW","mdir":"FWD","rear":63,"front":58,"env":1570,"lc_mm":63,"last_confirmed_landmark":"Grillers","age_ms":840,"since":0,"dead_reckoned_mm":63,"candidate_mm":-1,"viable":[],"lostm":0,"lost_ms":0,"agree":149,"disagree":0,"losts":0,"auto":0}
2026-08-26T14:12:28-0700	ngr/loco/9950012/state/start_mm	63
2026-08-26T14:12:28-0700	ngr/loco/9950012/state/loopstat	{"loop_max_gap_ms":34,"hall_task_max_gap_ms":2,"hall_task_age_ms":1,"baseline":1803,"raw":1817,"delta":14,"queue_drops":0,"floor_rejects":0,"queue_high_water":1,"mqtt_connect_ms":771,"mqtt_attempts":1,"pub_drops":0,"pub_queue_hw":1,"cmd_drops":0,"pub_per_s":4,"marker_pub_drops":0,"marker_pub_hw":1,"nav":"NORMAL","mm":63,"miss_streak":0,"pwm":90,"lost_markers":0,"lost_ms":0,"motor_dir":"FWD"}
2026-08-26T14:12:28-0700	ngr/loco/9950012/state/nav	{"event":"AGREE","state":"NORMAL","nav_state":"NORMAL","mm":62,"landmark":"","dir":"CCW","miss_streak":0,"obs":"S","expected":"S","peak":200,"ms":152,"drift":0,"dt":1152,"agree":150,"disagree":0,"lost":0,"scores":[0,0,0,0,0,0],"excluded":[false,false,false,false,false,false],"leader":null,"runner_up":null,"margin":0,"motor_dir":"FWD"}
2026-08-26T14:12:28-0700	ngr/loco/9950012/mm/marker	{"mm":62,"landmark":"","obs":"S","peak":200,"ms":152,"drift":0,"dt":1152,"timing_gate":"ACTIVE","dt_expected":1290,"dt_conserve_ratio":1.97,"pwm":90,"v":15.09}
2026-08-26T14:12:28-0700	ngr/loco/9950012/alert	{"level":"CLEAR","reason":"STATUS","loco":"9950012","uptime_ms":398199,"nav":"NORMAL","moving":1,"pwm":90,"est_mm_s":273,"dir":"CCW","session_dir":"CCW","mdir":"FWD","rear":62,"front":57,"env":1550,"lc_mm":62,"last_confirmed_landmark":"","age_ms":688,"since":0,"dead_reckoned_mm":62,"candidate_mm":-1,"viable":[],"lostm":0,"lost_ms":0,"agree":150,"disagree":0,"losts":0,"auto":0}
2026-08-26T14:12:29-0700	ngr/loco/9950012/state/start_mm	62
2026-08-26T14:12:29-0700	ngr/loco/9950012/state/loopstat	{"loop_max_gap_ms":33,"hall_task_max_gap_ms":2,"hall_task_age_ms":1,"baseline":1803,"raw":1802,"delta":-1,"queue_drops":0,"floor_rejects":0,"queue_high_water":1,"mqtt_connect_ms":771,"mqtt_attempts":1,"pub_drops":0,"pub_queue_hw":1,"cmd_drops":0,"pub_per_s":4,"marker_pub_drops":0,"marker_pub_hw":1,"nav":"NORMAL","mm":62,"miss_streak":0,"pwm":90,"lost_markers":0,"lost_ms":0,"motor_dir":"FWD"}
2026-08-26T14:12:29-0700	ngr/loco/9950012/state/nav	{"event":"AGREE","state":"NORMAL","nav_state":"NORMAL","mm":61,"landmark":"","dir":"CCW","miss_streak":0,"obs":"N","expected":"N","peak":278,"ms":187,"drift":0,"dt":1216,"agree":151,"disagree":0,"lost":0,"scores":[0,0,0,0,0,0],"excluded":[false,false,false,false,false,false],"leader":null,"runner_up":null,"margin":0,"motor_dir":"FWD"}
2026-08-26T14:12:29-0700	ngr/loco/9950012/mm/marker	{"mm":61,"landmark":"","obs":"N","peak":278,"ms":187,"drift":0,"dt":1216,"timing_gate":"ACTIVE","dt_expected":1250,"dt_conserve_ratio":1.89,"pwm":90,"v":15.09}
2026-08-26T14:12:29-0700	ngr/loco/9950012/alert	{"level":"CLEAR","reason":"STATUS","loco":"9950012","uptime_ms":399199,"nav":"NORMAL","moving":1,"pwm":90,"est_mm_s":263,"dir":"CCW","session_dir":"CCW","mdir":"FWD","rear":61,"front":56,"env":1530,"lc_mm":61,"last_confirmed_landmark":"","age_ms":472,"since":0,"dead_reckoned_mm":61,"candidate_mm":-1,"viable":[],"lostm":0,"lost_ms":0,"agree":151,"disagree":0,"losts":0,"auto":0}
2026-08-26T14:12:30-0700	ngr/loco/9950012/state/start_mm	61
2026-08-26T14:12:30-0700	ngr/loco/9950012/state/loopstat	{"loop_max_gap_ms":33,"hall_task_max_gap_ms":2,"hall_task_age_ms":1,"baseline":1803,"raw":1804,"delta":1,"queue_drops":0,"floor_rejects":0,"queue_high_water":0,"mqtt_connect_ms":771,"mqtt_attempts":1,"pub_drops":0,"pub_queue_hw":1,"cmd_drops":0,"pub_per_s":4,"marker_pub_drops":0,"marker_pub_hw":1,"nav":"NORMAL","mm":61,"miss_streak":0,"pwm":90,"lost_markers":0,"lost_ms":0,"motor_dir":"FWD"}
2026-08-26T14:12:30-0700	ngr/loco/9950012/telem/voltage	15.09
2026-08-26T14:12:30-0700	ngr/loco/9950012/telem/current	0.34
2026-08-26T14:12:30-0700	ngr/loco/9950012/telem/power	5.11
2026-08-26T14:12:30-0700	ngr/loco/9950012/alert	{"level":"CLEAR","reason":"STATUS","loco":"9950012","uptime_ms":400199,"nav":"NORMAL","moving":1,"pwm":90,"est_mm_s":263,"dir":"CCW","session_dir":"CCW","mdir":"FWD","rear":61,"front":56,"env":1530,"lc_mm":61,"last_confirmed_landmark":"","age_ms":1472,"since":0,"dead_reckoned_mm":61,"candidate_mm":-1,"viable":[],"lostm":0,"lost_ms":0,"agree":151,"disagree":0,"losts":0,"auto":0}
2026-08-26T14:12:30-0700	ngr/loco/9950012/state/nav	{"event":"AGREE","state":"NORMAL","nav_state":"NORMAL","mm":60,"landmark":"","dir":"CCW","miss_streak":0,"obs":"S","expected":"S","peak":192,"ms":168,"drift":0,"dt":1359,"agree":152,"disagree":0,"lost":0,"scores":[0,0,0,0,0,0],"excluded":[false,false,false,false,false,false],"leader":null,"runner_up":null,"margin":0,"motor_dir":"FWD"}
2026-08-26T14:12:31-0700	ngr/loco/9950012/mm/marker	{"mm":60,"landmark":"","obs":"S","peak":192,"ms":168,"drift":0,"dt":1359,"timing_gate":"ACTIVE","dt_expected":1270,"dt_conserve_ratio":2.03,"pwm":90,"v":15.09}
2026-08-26T14:12:31-0700	ngr/loco/9950012/state/loopstat	{"loop_max_gap_ms":33,"hall_task_max_gap_ms":2,"hall_task_age_ms":1,"baseline":1803,"raw":1805,"delta":2,"queue_drops":0,"floor_rejects":0,"queue_high_water":1,"mqtt_connect_ms":771,"mqtt_attempts":1,"pub_drops":0,"pub_queue_hw":3,"cmd_drops":0,"pub_per_s":6,"marker_pub_drops":0,"marker_pub_hw":1,"nav":"NORMAL","mm":60,"miss_streak":0,"pwm":90,"lost_markers":0,"lost_ms":0,"motor_dir":"FWD"}
2026-08-26T14:12:31-0700	ngr/loco/9950012/state/start_mm	60
2026-08-26T14:12:31-0700	ngr/loco/9950012/alert	{"level":"CLEAR","reason":"STATUS","loco":"9950012","uptime_ms":401199,"nav":"NORMAL","moving":1,"pwm":90,"est_mm_s":231,"dir":"CCW","session_dir":"CCW","mdir":"FWD","rear":60,"front":55,"env":1515,"lc_mm":60,"last_confirmed_landmark":"","age_ms":1113,"since":0,"dead_reckoned_mm":60,"candidate_mm":-1,"viable":[],"lostm":0,"lost_ms":0,"agree":152,"disagree":0,"losts":0,"auto":0}
2026-08-26T14:12:32-0700	ngr/loco/9950012/state/loopstat	{"loop_max_gap_ms":33,"hall_task_max_gap_ms":3,"hall_task_age_ms":1,"baseline":1803,"raw":1821,"delta":18,"queue_drops":0,"floor_rejects":0,"queue_high_water":0,"mqtt_connect_ms":771,"mqtt_attempts":1,"pub_drops":0,"pub_queue_hw":2,"cmd_drops":0,"pub_per_s":2,"marker_pub_drops":0,"marker_pub_hw":0,"nav":"NORMAL","mm":60,"miss_streak":0,"pwm":90,"lost_markers":0,"lost_ms":0,"motor_dir":"FWD"}
2026-08-26T14:12:32-0700	ngr/loco/9950012/state/nav	{"event":"AGREE","state":"NORMAL","nav_state":"NORMAL","mm":59,"landmark":"","dir":"CCW","miss_streak":0,"obs":"N","expected":"N","peak":202,"ms":188,"drift":0,"dt":1400,"agree":153,"disagree":0,"lost":0,"scores":[0,0,0,0,0,0],"excluded":[false,false,false,false,false,false],"leader":null,"runner_up":null,"margin":0,"motor_dir":"FWD"}
2026-08-26T14:12:32-0700	ngr/loco/9950012/mm/marker	{"mm":59,"landmark":"","obs":"N","peak":202,"ms":188,"drift":0,"dt":1400,"timing_gate":"ACTIVE","dt_expected":1250,"dt_conserve_ratio":2.21,"pwm":90,"v":15.09}
2026-08-26T14:12:32-0700	ngr/loco/9950012/alert	{"level":"CLEAR","reason":"STATUS","loco":"9950012","uptime_ms":402199,"nav":"NORMAL","moving":1,"pwm":90,"est_mm_s":214,"dir":"CCW","session_dir":"CCW","mdir":"FWD","rear":59,"front":54,"env":1515,"lc_mm":59,"last_confirmed_landmark":"","age_ms":713,"since":0,"dead_reckoned_mm":59,"candidate_mm":-1,"viable":[],"lostm":0,"lost_ms":0,"agree":153,"disagree":0,"losts":0,"auto":0}
2026-08-26T14:12:33-0700	ngr/loco/9950012/state/start_mm	59
2026-08-26T14:12:33-0700	ngr/loco/9950012/state/loopstat	{"loop_max_gap_ms":33,"hall_task_max_gap_ms":2,"hall_task_age_ms":1,"baseline":1803,"raw":1805,"delta":2,"queue_drops":0,"floor_rejects":0,"queue_high_water":1,"mqtt_connect_ms":771,"mqtt_attempts":1,"pub_drops":0,"pub_queue_hw":1,"cmd_drops":0,"pub_per_s":4,"marker_pub_drops":0,"marker_pub_hw":1,"nav":"NORMAL","mm":59,"miss_streak":0,"pwm":90,"lost_markers":0,"lost_ms":0,"motor_dir":"FWD"}
2026-08-26T14:12:33-0700	ngr/loco/9950012/state/nav	{"event":"AGREE","state":"NORMAL","nav_state":"NORMAL","mm":58,"landmark":"","dir":"CCW","miss_streak":0,"obs":"S","expected":"S","peak":192,"ms":171,"drift":0,"dt":1305,"agree":154,"disagree":0,"lost":0,"scores":[0,0,0,0,0,0],"excluded":[false,false,false,false,false,false],"leader":null,"runner_up":null,"margin":0,"motor_dir":"FWD"}
2026-08-26T14:12:33-0700	ngr/loco/9950012/mm/marker	{"mm":58,"landmark":"","obs":"S","peak":192,"ms":171,"drift":0,"dt":1305,"timing_gate":"ACTIVE","dt_expected":1191,"dt_conserve_ratio":2.27,"pwm":90,"v":15.09}
2026-08-26T14:12:33-0700	ngr/loco/9950012/alert	{"level":"CLEAR","reason":"STATUS","loco":"9950012","uptime_ms":403199,"nav":"NORMAL","moving":1,"pwm":90,"est_mm_s":245,"dir":"CCW","session_dir":"CCW","mdir":"FWD","rear":58,"front":53,"env":1495,"lc_mm":58,"last_confirmed_landmark":"","age_ms":408,"since":0,"dead_reckoned_mm":58,"candidate_mm":-1,"viable":[],"lostm":0,"lost_ms":0,"agree":154,"disagree":0,"losts":0,"auto":0}
2026-08-26T14:12:34-0700	ngr/loco/9950012/state/start_mm	58
2026-08-26T14:12:34-0700	ngr/loco/9950012/state/loopstat	{"loop_max_gap_ms":33,"hall_task_max_gap_ms":2,"hall_task_age_ms":1,"baseline":1803,"raw":1805,"delta":2,"queue_drops":0,"floor_rejects":0,"queue_high_water":1,"mqtt_connect_ms":771,"mqtt_attempts":1,"pub_drops":0,"pub_queue_hw":1,"cmd_drops":0,"pub_per_s":4,"marker_pub_drops":0,"marker_pub_hw":1,"nav":"NORMAL","mm":58,"miss_streak":0,"pwm":90,"lost_markers":0,"lost_ms":0,"motor_dir":"FWD"}
2026-08-26T14:12:34-0700	ngr/loco/9950012/alert	{"level":"CLEAR","reason":"STATUS","loco":"9950012","uptime_ms":404199,"nav":"NORMAL","moving":1,"pwm":90,"est_mm_s":245,"dir":"CCW","session_dir":"CCW","mdir":"FWD","rear":58,"front":53,"env":1495,"lc_mm":58,"last_confirmed_landmark":"","age_ms":1408,"since":0,"dead_reckoned_mm":58,"candidate_mm":-1,"viable":[],"lostm":0,"lost_ms":0,"agree":154,"disagree":0,"losts":0,"auto":0}
2026-08-26T14:12:34-0700	ngr/loco/9950012/state/nav	{"event":"AGREE","state":"NORMAL","nav_state":"NORMAL","mm":57,"landmark":"","dir":"CCW","miss_streak":0,"obs":"S","expected":"S","peak":188,"ms":162,"drift":0,"dt":1252,"agree":155,"disagree":0,"lost":0,"scores":[0,0,0,0,0,0],"excluded":[false,false,false,false,false,false],"leader":null,"runner_up":null,"margin":0,"motor_dir":"FWD"}
2026-08-26T14:12:35-0700	ngr/loco/9950012/mm/marker	{"mm":57,"landmark":"","obs":"S","peak":188,"ms":162,"drift":0,"dt":1252,"timing_gate":"ACTIVE","dt_expected":1270,"dt_conserve_ratio":2.01,"pwm":90,"v":15.09}
2026-08-26T14:12:35-0700	ngr/loco/9950012/state/start_mm	57
2026-08-26T14:12:35-0700	ngr/loco/9950012/state/loopstat	{"loop_max_gap_ms":33,"hall_task_max_gap_ms":2,"hall_task_age_ms":1,"baseline":1803,"raw":1804,"delta":1,"queue_drops":0,"floor_rejects":0,"queue_high_water":1,"mqtt_connect_ms":771,"mqtt_attempts":1,"pub_drops":0,"pub_queue_hw":1,"cmd_drops":0,"pub_per_s":4,"marker_pub_drops":0,"marker_pub_hw":1,"nav":"NORMAL","mm":57,"miss_streak":0,"pwm":90,"lost_markers":0,"lost_ms":0,"motor_dir":"FWD"}
2026-08-26T14:12:35-0700	ngr/loco/9950012/telem/voltage	15.10
2026-08-26T14:12:35-0700	ngr/loco/9950012/telem/current	0.37
2026-08-26T14:12:35-0700	ngr/loco/9950012/telem/power	5.61
2026-08-26T14:12:35-0700	ngr/loco/9950012/alert	{"level":"CLEAR","reason":"STATUS","loco":"9950012","uptime_ms":405199,"nav":"NORMAL","moving":1,"pwm":90,"est_mm_s":235,"dir":"CCW","session_dir":"CCW","mdir":"FWD","rear":57,"front":52,"env":1500,"lc_mm":57,"last_confirmed_landmark":"","age_ms":1156,"since":0,"dead_reckoned_mm":57,"candidate_mm":-1,"viable":[],"lostm":0,"lost_ms":0,"agree":155,"disagree":0,"losts":0,"auto":0}
2026-08-26T14:12:36-0700	ngr/loco/9950012/state/nav	{"event":"AGREE","state":"NORMAL","nav_state":"NORMAL","mm":56,"landmark":"","dir":"CCW","miss_streak":0,"obs":"N","expected":"N","peak":185,"ms":157,"drift":0,"dt":1116,"agree":156,"disagree":0,"lost":0,"scores":[0,0,0,0,0,0],"excluded":[false,false,false,false,false,false],"leader":null,"runner_up":null,"margin":0,"motor_dir":"FWD"}
2026-08-26T14:12:36-0700	ngr/loco/9950012/mm/marker	{"mm":56,"landmark":"","obs":"N","peak":185,"ms":157,"drift":0,"dt":1116,"timing_gate":"ACTIVE","dt_expected":1171,"dt_conserve_ratio":2.02,"pwm":90,"v":15.10}
2026-08-26T14:12:36-0700	ngr/loco/9950012/state/start_mm	56
2026-08-26T14:12:36-0700	ngr/loco/9950012/state/loopstat	{"loop_max_gap_ms":33,"hall_task_max_gap_ms":3,"hall_task_age_ms":1,"baseline":1803,"raw":1803,"delta":0,"queue_drops":0,"floor_rejects":0,"queue_high_water":1,"mqtt_connect_ms":771,"mqtt_attempts":1,"pub_drops":0,"pub_queue_hw":3,"cmd_drops":0,"pub_per_s":7,"marker_pub_drops":0,"marker_pub_hw":1,"nav":"NORMAL","mm":56,"miss_streak":0,"pwm":90,"lost_markers":0,"lost_ms":0,"motor_dir":"FWD"}
2026-08-26T14:12:36-0700	ngr/loco/9950012/alert	{"level":"CLEAR","reason":"STATUS","loco":"9950012","uptime_ms":406199,"nav":"NORMAL","moving":1,"pwm":90,"est_mm_s":268,"dir":"CCW","session_dir":"CCW","mdir":"FWD","rear":56,"front":51,"env":1500,"lc_mm":56,"last_confirmed_landmark":"","age_ms":1040,"since":0,"dead_reckoned_mm":56,"candidate_mm":-1,"viable":[],"lostm":0,"lost_ms":0,"agree":156,"disagree":0,"losts":0,"auto":0}
2026-08-26T14:12:37-0700	ngr/loco/9950012/state/nav	{"event":"AGREE","state":"NORMAL","nav_state":"NORMAL","mm":55,"landmark":"","dir":"CCW","miss_streak":0,"obs":"S","expected":"S","peak":189,"ms":154,"drift":0,"dt":1111,"agree":157,"disagree":0,"lost":0,"scores":[0,0,0,0,0,0],"excluded":[false,false,false,false,false,false],"leader":null,"runner_up":null,"margin":0,"motor_dir":"FWD"}
2026-08-26T14:12:37-0700	ngr/loco/9950012/mm/marker	{"mm":55,"landmark":"","obs":"S","peak":189,"ms":154,"drift":0,"dt":1111,"timing_gate":"ACTIVE","dt_expected":1191,"dt_conserve_ratio":1.87,"pwm":90,"v":15.10}
2026-08-26T14:12:37-0700	ngr/loco/9950012/state/start_mm	55
2026-08-26T14:12:37-0700	ngr/loco/9950012/state/loopstat	{"loop_max_gap_ms":34,"hall_task_max_gap_ms":2,"hall_task_age_ms":1,"baseline":1803,"raw":1807,"delta":4,"queue_drops":0,"floor_rejects":0,"queue_high_water":1,"mqtt_connect_ms":771,"mqtt_attempts":1,"pub_drops":0,"pub_queue_hw":1,"cmd_drops":0,"pub_per_s":4,"marker_pub_drops":0,"marker_pub_hw":1,"nav":"NORMAL","mm":55,"miss_streak":0,"pwm":90,"lost_markers":0,"lost_ms":0,"motor_dir":"FWD"}
2026-08-26T14:12:37-0700	ngr/loco/9950012/alert	{"level":"CLEAR","reason":"STATUS","loco":"9950012","uptime_ms":407199,"nav":"NORMAL","moving":1,"pwm":90,"est_mm_s":270,"dir":"CCW","session_dir":"CCW","mdir":"FWD","rear":55,"front":50,"env":1500,"lc_mm":55,"last_confirmed_landmark":"","age_ms":929,"since":0,"dead_reckoned_mm":55,"candidate_mm":-1,"viable":[],"lostm":0,"lost_ms":0,"agree":157,"disagree":0,"losts":0,"auto":0}
2026-08-26T14:12:38-0700	ngr/loco/9950012/state/loopstat	{"loop_max_gap_ms":33,"hall_task_max_gap_ms":3,"hall_task_age_ms":1,"baseline":1804,"raw":1713,"delta":-91,"queue_drops":0,"floor_rejects":0,"queue_high_water":0,"mqtt_connect_ms":771,"mqtt_attempts":1,"pub_drops":0,"pub_queue_hw":1,"cmd_drops":0,"pub_per_s":1,"marker_pub_drops":0,"marker_pub_hw":0,"nav":"NORMAL","mm":55,"miss_streak":0,"pwm":90,"lost_markers":0,"lost_ms":0,"motor_dir":"FWD"}
2026-08-26T14:12:38-0700	ngr/loco/9950012/state/nav	{"event":"AGREE","state":"NORMAL","nav_state":"NORMAL","mm":54,"landmark":"","dir":"CCW","miss_streak":0,"obs":"S","expected":"S","peak":245,"ms":182,"drift":0,"dt":1074,"agree":158,"disagree":0,"lost":0,"scores":[0,0,0,0,0,0],"excluded":[false,false,false,false,false,false],"leader":null,"runner_up":null,"margin":0,"motor_dir":"FWD"}
2026-08-26T14:12:38-0700	ngr/loco/9950012/mm/marker	{"mm":54,"landmark":"","obs":"S","peak":245,"ms":182,"drift":0,"dt":1074,"timing_gate":"ACTIVE","dt_expected":1191,"dt_conserve_ratio":1.83,"pwm":90,"v":15.10}
2026-08-26T14:12:38-0700	ngr/loco/9950012/alert	{"level":"CLEAR","reason":"STATUS","loco":"9950012","uptime_ms":408199,"nav":"NORMAL","moving":1,"pwm":90,"est_mm_s":279,"dir":"CCW","session_dir":"CCW","mdir":"FWD","rear":54,"front":49,"env":1500,"lc_mm":54,"last_confirmed_landmark":"","age_ms":855,"since":0,"dead_reckoned_mm":54,"candidate_mm":-1,"viable":[],"lostm":0,"lost_ms":0,"agree":158,"disagree":0,"losts":0,"auto":0}
2026-08-26T14:12:39-0700	ngr/loco/9950012/state/start_mm	54
2026-08-26T14:12:39-0700	ngr/loco/9950012/state/loopstat	{"loop_max_gap_ms":33,"hall_task_max_gap_ms":2,"hall_task_age_ms":1,"baseline":1804,"raw":1690,"delta":-114,"queue_drops":0,"floor_rejects":0,"queue_high_water":1,"mqtt_connect_ms":771,"mqtt_attempts":1,"pub_drops":0,"pub_queue_hw":1,"cmd_drops":0,"pub_per_s":4,"marker_pub_drops":0,"marker_pub_hw":1,"nav":"NORMAL","mm":54,"miss_streak":0,"pwm":90,"lost_markers":0,"lost_ms":0,"motor_dir":"FWD"}
2026-08-26T14:12:39-0700	ngr/loco/9950012/state/nav	{"event":"AGREE","state":"NORMAL","nav_state":"NORMAL","mm":53,"landmark":"","dir":"CCW","miss_streak":0,"obs":"S","expected":"S","peak":185,"ms":150,"drift":0,"dt":1106,"agree":159,"disagree":0,"lost":0,"scores":[0,0,0,0,0,0],"excluded":[false,false,false,false,false,false],"leader":null,"runner_up":null,"margin":0,"motor_dir":"FWD"}
2026-08-26T14:12:39-0700	ngr/loco/9950012/mm/marker	{"mm":53,"landmark":"","obs":"S","peak":185,"ms":150,"drift":0,"dt":1106,"timing_gate":"ACTIVE","dt_expected":1191,"dt_conserve_ratio":1.83,"pwm":90,"v":15.10}
2026-08-26T14:12:39-0700	ngr/loco/9950012/alert	{"level":"CLEAR","reason":"STATUS","loco":"9950012","uptime_ms":409199,"nav":"NORMAL","moving":1,"pwm":90,"est_mm_s":271,"dir":"CCW","session_dir":"CCW","mdir":"FWD","rear":53,"front":48,"env":1500,"lc_mm":53,"last_confirmed_landmark":"","age_ms":749,"since":0,"dead_reckoned_mm":53,"candidate_mm":-1,"viable":[],"lostm":0,"lost_ms":0,"agree":159,"disagree":0,"losts":0,"auto":0}
2026-08-26T14:12:40-0700	ngr/loco/9950012/state/start_mm	53
2026-08-26T14:12:40-0700	ngr/loco/9950012/state/loopstat	{"loop_max_gap_ms":34,"hall_task_max_gap_ms":2,"hall_task_age_ms":1,"baseline":1804,"raw":1810,"delta":6,"queue_drops":0,"floor_rejects":0,"queue_high_water":1,"mqtt_connect_ms":771,"mqtt_attempts":1,"pub_drops":0,"pub_queue_hw":1,"cmd_drops":0,"pub_per_s":4,"marker_pub_drops":0,"marker_pub_hw":1,"nav":"NORMAL","mm":53,"miss_streak":0,"pwm":90,"lost_markers":0,"lost_ms":0,"motor_dir":"FWD"}
2026-08-26T14:12:40-0700	ngr/loco/9950012/state/nav	{"event":"AGREE","state":"NORMAL","nav_state":"NORMAL","mm":52,"landmark":"","dir":"CCW","miss_streak":0,"obs":"S","expected":"S","peak":188,"ms":152,"drift":0,"dt":1104,"agree":160,"disagree":0,"lost":0,"scores":[0,0,0,0,0,0],"excluded":[false,false,false,false,false,false],"leader":null,"runner_up":null,"margin":0,"motor_dir":"FWD"}
2026-08-26T14:12:40-0700	ngr/loco/9950012/mm/marker	{"mm":52,"landmark":"","obs":"S","peak":188,"ms":152,"drift":0,"dt":1104,"timing_gate":"ACTIVE","dt_expected":1191,"dt_conserve_ratio":1.85,"pwm":90,"v":15.10}
2026-08-26T14:12:40-0700	ngr/loco/9950012/telem/voltage	15.07
2026-08-26T14:12:40-0700	ngr/loco/9950012/telem/current	0.38
2026-08-26T14:12:40-0700	ngr/loco/9950012/telem/power	5.74
2026-08-26T14:12:40-0700	ngr/loco/9950012/alert	{"level":"CLEAR","reason":"STATUS","loco":"9950012","uptime_ms":410199,"nav":"NORMAL","moving":1,"pwm":90,"est_mm_s":271,"dir":"CCW","session_dir":"CCW","mdir":"FWD","rear":52,"front":47,"env":1500,"lc_mm":52,"last_confirmed_landmark":"","age_ms":645,"since":0,"dead_reckoned_mm":52,"candidate_mm":-1,"viable":[],"lostm":0,"lost_ms":0,"agree":160,"disagree":0,"losts":0,"auto":0}
2026-08-26T14:12:41-0700	ngr/loco/9950012/state/start_mm	52
2026-08-26T14:12:41-0700	ngr/loco/9950012/state/loopstat	{"loop_max_gap_ms":33,"hall_task_max_gap_ms":2,"hall_task_age_ms":1,"baseline":1804,"raw":1800,"delta":-4,"queue_drops":0,"floor_rejects":0,"queue_high_water":1,"mqtt_connect_ms":771,"mqtt_attempts":1,"pub_drops":0,"pub_queue_hw":3,"cmd_drops":0,"pub_per_s":7,"marker_pub_drops":0,"marker_pub_hw":1,"nav":"NORMAL","mm":52,"miss_streak":0,"pwm":90,"lost_markers":0,"lost_ms":0,"motor_dir":"FWD"}
2026-08-26T14:12:41-0700	ngr/loco/9950012/state/nav	{"event":"AGREE","state":"NORMAL","nav_state":"NORMAL","mm":51,"landmark":"","dir":"CCW","miss_streak":0,"obs":"N","expected":"N","peak":172,"ms":156,"drift":0,"dt":1080,"agree":161,"disagree":0,"lost":0,"scores":[0,0,0,0,0,0],"excluded":[false,false,false,false,false,false],"leader":null,"runner_up":null,"margin":0,"motor_dir":"FWD"}
2026-08-26T14:12:41-0700	ngr/loco/9950012/mm/marker	{"mm":51,"landmark":"","obs":"N","peak":172,"ms":156,"drift":0,"dt":1080,"timing_gate":"ACTIVE","dt_expected":1191,"dt_conserve_ratio":1.83,"pwm":90,"v":15.07}
2026-08-26T14:12:41-0700	ngr/loco/9950012/alert	{"level":"CLEAR","reason":"STATUS","loco":"9950012","uptime_ms":411199,"nav":"NORMAL","moving":1,"pwm":90,"est_mm_s":277,"dir":"CCW","session_dir":"CCW","mdir":"FWD","rear":51,"front":46,"env":1500,"lc_mm":51,"last_confirmed_landmark":"","age_ms":565,"since":0,"dead_reckoned_mm":51,"candidate_mm":-1,"viable":[],"lostm":0,"lost_ms":0,"agree":161,"disagree":0,"losts":0,"auto":0}
2026-08-26T14:12:42-0700	ngr/loco/9950012/state/start_mm	51
2026-08-26T14:12:42-0700	ngr/loco/9950012/state/loopstat	{"loop_max_gap_ms":33,"hall_task_max_gap_ms":2,"hall_task_age_ms":1,"baseline":1804,"raw":1805,"delta":1,"queue_drops":0,"floor_rejects":0,"queue_high_water":1,"mqtt_connect_ms":771,"mqtt_attempts":1,"pub_drops":0,"pub_queue_hw":1,"cmd_drops":0,"pub_per_s":4,"marker_pub_drops":0,"marker_pub_hw":1,"nav":"NORMAL","mm":51,"miss_streak":0,"pwm":90,"lost_markers":0,"lost_ms":0,"motor_dir":"FWD"}
2026-08-26T14:12:42-0700	ngr/loco/9950012/state/nav	{"event":"AGREE","state":"NORMAL","nav_state":"NORMAL","mm":50,"landmark":"","dir":"CCW","miss_streak":0,"obs":"S","expected":"S","peak":199,"ms":155,"drift":0,"dt":1098,"agree":162,"disagree":0,"lost":0,"scores":[0,0,0,0,0,0],"excluded":[false,false,false,false,false,false],"leader":null,"runner_up":null,"margin":0,"motor_dir":"FWD"}
2026-08-26T14:12:42-0700	ngr/loco/9950012/mm/marker	{"mm":50,"landmark":"","obs":"S","peak":199,"ms":155,"drift":0,"dt":1098,"timing_gate":"ACTIVE","dt_expected":1191,"dt_conserve_ratio":1.83,"pwm":90,"v":15.07}
2026-08-26T14:12:42-0700	ngr/loco/9950012/alert	{"level":"CLEAR","reason":"STATUS","loco":"9950012","uptime_ms":412199,"nav":"NORMAL","moving":1,"pwm":90,"est_mm_s":273,"dir":"CCW","session_dir":"CCW","mdir":"FWD","rear":50,"front":45,"env":1500,"lc_mm":50,"last_confirmed_landmark":"","age_ms":467,"since":0,"dead_reckoned_mm":50,"candidate_mm":-1,"viable":[],"lostm":0,"lost_ms":0,"agree":162,"disagree":0,"losts":0,"auto":0}
2026-08-26T14:12:43-0700	ngr/loco/9950012/state/start_mm	50
2026-08-26T14:12:43-0700	ngr/loco/9950012/state/loopstat	{"loop_max_gap_ms":33,"hall_task_max_gap_ms":2,"hall_task_age_ms":1,"baseline":1804,"raw":1804,"delta":0,"queue_drops":0,"floor_rejects":0,"queue_high_water":0,"mqtt_connect_ms":771,"mqtt_attempts":1,"pub_drops":0,"pub_queue_hw":1,"cmd_drops":0,"pub_per_s":4,"marker_pub_drops":0,"marker_pub_hw":1,"nav":"NORMAL","mm":50,"miss_streak":0,"pwm":90,"lost_markers":0,"lost_ms":0,"motor_dir":"FWD"}
2026-08-26T14:12:43-0700	ngr/loco/9950012/state/nav	{"event":"AGREE","state":"NORMAL","nav_state":"NORMAL","mm":49,"landmark":"","dir":"CCW","miss_streak":0,"obs":"N","expected":"N","peak":191,"ms":159,"drift":0,"dt":1133,"agree":163,"disagree":0,"lost":0,"scores":[0,0,0,0,0,0],"excluded":[false,false,false,false,false,false],"leader":null,"runner_up":null,"margin":0,"motor_dir":"FWD"}
2026-08-26T14:12:43-0700	ngr/loco/9950012/mm/marker	{"mm":49,"landmark":"","obs":"N","peak":191,"ms":159,"drift":0,"dt":1133,"timing_gate":"ACTIVE","dt_expected":1191,"dt_conserve_ratio":1.87,"pwm":90,"v":15.07}
2026-08-26T14:12:43-0700	ngr/loco/9950012/alert	{"level":"CLEAR","reason":"STATUS","loco":"9950012","uptime_ms":413199,"nav":"NORMAL","moving":1,"pwm":90,"est_mm_s":264,"dir":"CCW","session_dir":"CCW","mdir":"FWD","rear":49,"front":44,"env":1500,"lc_mm":49,"last_confirmed_landmark":"","age_ms":334,"since":0,"dead_reckoned_mm":49,"candidate_mm":-1,"viable":[],"lostm":0,"lost_ms":0,"agree":163,"disagree":0,"losts":0,"auto":0}
2026-08-26T14:12:44-0700	ngr/loco/9950012/state/start_mm	49
2026-08-26T14:12:44-0700	ngr/loco/9950012/state/loopstat	{"loop_max_gap_ms":34,"hall_task_max_gap_ms":2,"hall_task_age_ms":1,"baseline":1804,"raw":1804,"delta":0,"queue_drops":0,"floor_rejects":0,"queue_high_water":1,"mqtt_connect_ms":771,"mqtt_attempts":1,"pub_drops":0,"pub_queue_hw":1,"cmd_drops":0,"pub_per_s":4,"marker_pub_drops":0,"marker_pub_hw":1,"nav":"NORMAL","mm":49,"miss_streak":0,"pwm":90,"lost_markers":0,"lost_ms":0,"motor_dir":"FWD"}
2026-08-26T14:12:44-0700	ngr/loco/9950012/state/nav	{"event":"AGREE","state":"NORMAL","nav_state":"NORMAL","mm":48,"landmark":"","dir":"CCW","miss_streak":0,"obs":"N","expected":"N","peak":183,"ms":157,"drift":0,"dt":1136,"agree":164,"disagree":0,"lost":0,"scores":[0,0,0,0,0,0],"excluded":[false,false,false,false,false,false],"leader":null,"runner_up":null,"margin":0,"motor_dir":"FWD"}
2026-08-26T14:12:44-0700	ngr/loco/9950012/mm/marker	{"mm":48,"landmark":"","obs":"N","peak":183,"ms":157,"drift":0,"dt":1136,"timing_gate":"ACTIVE","dt_expected":1191,"dt_conserve_ratio":1.90,"pwm":90,"v":15.07}
2026-08-26T14:12:44-0700	ngr/loco/9950012/alert	{"level":"CLEAR","reason":"STATUS","loco":"9950012","uptime_ms":414199,"nav":"NORMAL","moving":1,"pwm":90,"est_mm_s":264,"dir":"CCW","session_dir":"CCW","mdir":"FWD","rear":48,"front":43,"env":1500,"lc_mm":48,"last_confirmed_landmark":"","age_ms":198,"since":0,"dead_reckoned_mm":48,"candidate_mm":-1,"viable":[],"lostm":0,"lost_ms":0,"agree":164,"disagree":0,"losts":0,"auto":0}
2026-08-26T14:12:45-0700	ngr/loco/9950012/state/start_mm	48
2026-08-26T14:12:45-0700	ngr/loco/9950012/state/loopstat	{"loop_max_gap_ms":33,"hall_task_max_gap_ms":3,"hall_task_age_ms":1,"baseline":1804,"raw":1807,"delta":3,"queue_drops":0,"floor_rejects":0,"queue_high_water":1,"mqtt_connect_ms":771,"mqtt_attempts":1,"pub_drops":0,"pub_queue_hw":1,"cmd_drops":0,"pub_per_s":4,"marker_pub_drops":0,"marker_pub_hw":1,"nav":"NORMAL","mm":48,"miss_streak":0,"pwm":90,"lost_markers":0,"lost_ms":0,"motor_dir":"FWD"}
2026-08-26T14:12:45-0700	ngr/loco/9950012/telem/voltage	15.10
2026-08-26T14:12:45-0700	ngr/loco/9950012/telem/current	0.39
2026-08-26T14:12:45-0700	ngr/loco/9950012/telem/power	5.86
2026-08-26T14:12:45-0700	ngr/loco/9950012/alert	{"level":"CLEAR","reason":"STATUS","loco":"9950012","uptime_ms":415199,"nav":"NORMAL","moving":1,"pwm":90,"est_mm_s":264,"dir":"CCW","session_dir":"CCW","mdir":"FWD","rear":48,"front":43,"env":1500,"lc_mm":48,"last_confirmed_landmark":"","age_ms":1198,"since":0,"dead_reckoned_mm":48,"candidate_mm":-1,"viable":[],"lostm":0,"lost_ms":0,"agree":164,"disagree":0,"losts":0,"auto":0}
2026-08-26T14:12:46-0700	ngr/loco/9950012/state/nav	{"event":"AGREE","state":"NORMAL","nav_state":"NORMAL","mm":47,"landmark":"","dir":"CCW","miss_streak":0,"obs":"S","expected":"S","peak":188,"ms":157,"drift":0,"dt":1143,"agree":165,"disagree":0,"lost":0,"scores":[0,0,0,0,0,0],"excluded":[false,false,false,false,false,false],"leader":null,"runner_up":null,"margin":0,"motor_dir":"FWD"}
2026-08-26T14:12:46-0700	ngr/loco/9950012/mm/marker	{"mm":47,"landmark":"","obs":"S","peak":188,"ms":157,"drift":0,"dt":1143,"timing_gate":"ACTIVE","dt_expected":1191,"dt_conserve_ratio":1.91,"pwm":90,"v":15.10}
2026-08-26T14:12:46-0700	ngr/loco/9950012/state/start_mm	47
2026-08-26T14:12:46-0700	ngr/loco/9950012/state/loopstat	{"loop_max_gap_ms":34,"hall_task_max_gap_ms":3,"hall_task_age_ms":1,"baseline":1804,"raw":1805,"delta":1,"queue_drops":0,"floor_rejects":0,"queue_high_water":1,"mqtt_connect_ms":771,"mqtt_attempts":1,"pub_drops":0,"pub_queue_hw":3,"cmd_drops":0,"pub_per_s":7,"marker_pub_drops":0,"marker_pub_hw":1,"nav":"NORMAL","mm":47,"miss_streak":0,"pwm":90,"lost_markers":0,"lost_ms":0,"motor_dir":"FWD"}
2026-08-26T14:12:46-0700	ngr/loco/9950012/alert	{"level":"CLEAR","reason":"STATUS","loco":"9950012","uptime_ms":416199,"nav":"NORMAL","moving":1,"pwm":90,"est_mm_s":262,"dir":"CCW","session_dir":"CCW","mdir":"FWD","rear":47,"front":42,"env":1500,"lc_mm":47,"last_confirmed_landmark":"","age_ms":1055,"since":0,"dead_reckoned_mm":47,"candidate_mm":-1,"viable":[],"lostm":0,"lost_ms":0,"agree":165,"disagree":0,"losts":0,"auto":0}
2026-08-26T14:12:47-0700	ngr/loco/9950012/state/nav	{"event":"AGREE","state":"NORMAL","nav_state":"NORMAL","mm":46,"landmark":"","dir":"CCW","miss_streak":0,"obs":"S","expected":"S","peak":208,"ms":161,"drift":0,"dt":1135,"agree":166,"disagree":0,"lost":0,"scores":[0,0,0,0,0,0],"excluded":[false,false,false,false,false,false],"leader":null,"runner_up":null,"margin":0,"motor_dir":"FWD"}
2026-08-26T14:12:47-0700	ngr/loco/9950012/mm/marker	{"mm":46,"landmark":"","obs":"S","peak":208,"ms":161,"drift":0,"dt":1135,"timing_gate":"ACTIVE","dt_expected":1191,"dt_conserve_ratio":1.91,"pwm":90,"v":15.10}
2026-08-26T14:12:47-0700	ngr/loco/9950012/state/loopstat	{"loop_max_gap_ms":33,"hall_task_max_gap_ms":3,"hall_task_age_ms":1,"baseline":1804,"raw":1808,"delta":4,"queue_drops":0,"floor_rejects":0,"queue_high_water":1,"mqtt_connect_ms":771,"mqtt_attempts":1,"pub_drops":0,"pub_queue_hw":1,"cmd_drops":0,"pub_per_s":3,"marker_pub_drops":0,"marker_pub_hw":1,"nav":"NORMAL","mm":46,"miss_streak":0,"pwm":90,"lost_markers":0,"lost_ms":0,"motor_dir":"FWD"}
2026-08-26T14:12:47-0700	ngr/loco/9950012/state/start_mm	46
2026-08-26T14:12:47-0700	ngr/loco/9950012/alert	{"level":"CLEAR","reason":"STATUS","loco":"9950012","uptime_ms":417199,"nav":"NORMAL","moving":1,"pwm":90,"est_mm_s":264,"dir":"CCW","session_dir":"CCW","mdir":"FWD","rear":46,"front":41,"env":1500,"lc_mm":46,"last_confirmed_landmark":"","age_ms":920,"since":0,"dead_reckoned_mm":46,"candidate_mm":-1,"viable":[],"lostm":0,"lost_ms":0,"agree":166,"disagree":0,"losts":0,"auto":0}
2026-08-26T14:12:48-0700	ngr/loco/9950012/state/loopstat	{"loop_max_gap_ms":33,"hall_task_max_gap_ms":2,"hall_task_age_ms":1,"baseline":1804,"raw":1652,"delta":-152,"queue_drops":0,"floor_rejects":0,"queue_high_water":0,"mqtt_connect_ms":771,"mqtt_attempts":1,"pub_drops":0,"pub_queue_hw":2,"cmd_drops":0,"pub_per_s":2,"marker_pub_drops":0,"marker_pub_hw":0,"nav":"NORMAL","mm":46,"miss_streak":0,"pwm":90,"lost_markers":0,"lost_ms":0,"motor_dir":"FWD"}
2026-08-26T14:12:48-0700	ngr/loco/9950012/state/nav	{"event":"AGREE","state":"NORMAL","nav_state":"NORMAL","mm":45,"landmark":"","dir":"CCW","miss_streak":0,"obs":"S","expected":"S","peak":193,"ms":160,"drift":0,"dt":1162,"agree":167,"disagree":0,"lost":0,"scores":[0,0,0,0,0,0],"excluded":[false,false,false,false,false,false],"leader":null,"runner_up":null,"margin":0,"motor_dir":"FWD"}
2026-08-26T14:12:48-0700	ngr/loco/9950012/mm/marker	{"mm":45,"landmark":"","obs":"S","peak":193,"ms":160,"drift":0,"dt":1162,"timing_gate":"ACTIVE","dt_expected":1191,"dt_conserve_ratio":1.93,"pwm":90,"v":15.10}
2026-08-26T14:12:48-0700	ngr/loco/9950012/alert	{"level":"CLEAR","reason":"STATUS","loco":"9950012","uptime_ms":418199,"nav":"NORMAL","moving":1,"pwm":90,"est_mm_s":258,"dir":"CCW","session_dir":"CCW","mdir":"FWD","rear":45,"front":40,"env":1500,"lc_mm":45,"last_confirmed_landmark":"","age_ms":758,"since":0,"dead_reckoned_mm":45,"candidate_mm":-1,"viable":[],"lostm":0,"lost_ms":0,"agree":167,"disagree":0,"losts":0,"auto":0}
2026-08-26T14:12:49-0700	ngr/loco/9950012/state/start_mm	45
2026-08-26T14:12:49-0700	ngr/loco/9950012/state/loopstat	{"loop_max_gap_ms":34,"hall_task_max_gap_ms":2,"hall_task_age_ms":1,"baseline":1804,"raw":1798,"delta":-6,"queue_drops":0,"floor_rejects":0,"queue_high_water":1,"mqtt_connect_ms":771,"mqtt_attempts":1,"pub_drops":0,"pub_queue_hw":1,"cmd_drops":0,"pub_per_s":4,"marker_pub_drops":0,"marker_pub_hw":1,"nav":"NORMAL","mm":45,"miss_streak":0,"pwm":90,"lost_markers":0,"lost_ms":0,"motor_dir":"FWD"}
2026-08-26T14:12:49-0700	ngr/loco/9950012/state/nav	{"event":"AGREE","state":"NORMAL","nav_state":"NORMAL","mm":44,"landmark":"","dir":"CCW","miss_streak":0,"obs":"N","expected":"N","peak":171,"ms":157,"drift":0,"dt":1152,"agree":168,"disagree":0,"lost":0,"scores":[0,0,0,0,0,0],"excluded":[false,false,false,false,false,false],"leader":null,"runner_up":null,"margin":0,"motor_dir":"FWD"}
2026-08-26T14:12:49-0700	ngr/loco/9950012/mm/marker	{"mm":44,"landmark":"","obs":"N","peak":171,"ms":157,"drift":0,"dt":1152,"timing_gate":"ACTIVE","dt_expected":1191,"dt_conserve_ratio":1.94,"pwm":90,"v":15.10}
2026-08-26T14:12:49-0700	ngr/loco/9950012/alert	{"level":"CLEAR","reason":"STATUS","loco":"9950012","uptime_ms":419199,"nav":"NORMAL","moving":1,"pwm":90,"est_mm_s":260,"dir":"CCW","session_dir":"CCW","mdir":"FWD","rear":44,"front":39,"env":1500,"lc_mm":44,"last_confirmed_landmark":"","age_ms":606,"since":0,"dead_reckoned_mm":44,"candidate_mm":-1,"viable":[],"lostm":0,"lost_ms":0,"agree":168,"disagree":0,"losts":0,"auto":0}
2026-08-26T14:12:50-0700	ngr/loco/9950012/state/start_mm	44
2026-08-26T14:12:50-0700	ngr/loco/9950012/state/loopstat	{"loop_max_gap_ms":33,"hall_task_max_gap_ms":2,"hall_task_age_ms":1,"baseline":1804,"raw":1805,"delta":1,"queue_drops":0,"floor_rejects":0,"queue_high_water":1,"mqtt_connect_ms":771,"mqtt_attempts":1,"pub_drops":0,"pub_queue_hw":1,"cmd_drops":0,"pub_per_s":4,"marker_pub_drops":0,"marker_pub_hw":1,"nav":"NORMAL","mm":44,"miss_streak":0,"pwm":90,"lost_markers":0,"lost_ms":0,"motor_dir":"FWD"}
2026-08-26T14:12:50-0700	ngr/loco/9950012/state/nav	{"event":"AGREE","state":"NORMAL","nav_state":"NORMAL","mm":43,"landmark":"","dir":"CCW","miss_streak":0,"obs":"S","expected":"S","peak":183,"ms":163,"drift":0,"dt":1145,"agree":169,"disagree":0,"lost":0,"scores":[0,0,0,0,0,0],"excluded":[false,false,false,false,false,false],"leader":null,"runner_up":null,"margin":0,"motor_dir":"FWD"}
2026-08-26T14:12:50-0700	ngr/loco/9950012/mm/marker	{"mm":43,"landmark":"","obs":"S","peak":183,"ms":163,"drift":0,"dt":1145,"timing_gate":"ACTIVE","dt_expected":1191,"dt_conserve_ratio":1.93,"pwm":90,"v":15.10}
2026-08-26T14:12:50-0700	ngr/loco/9950012/telem/voltage	15.11
2026-08-26T14:12:50-0700	ngr/loco/9950012/telem/current	0.38
2026-08-26T14:12:50-0700	ngr/loco/9950012/telem/power	5.25
2026-08-26T14:12:50-0700	ngr/loco/9950012/alert	{"level":"CLEAR","reason":"STATUS","loco":"9950012","uptime_ms":420199,"nav":"NORMAL","moving":1,"pwm":90,"est_mm_s":262,"dir":"CCW","session_dir":"CCW","mdir":"FWD","rear":43,"front":38,"env":1500,"lc_mm":43,"last_confirmed_landmark":"","age_ms":461,"since":0,"dead_reckoned_mm":43,"candidate_mm":-1,"viable":[],"lostm":0,"lost_ms":0,"agree":169,"disagree":0,"losts":0,"auto":0}
2026-08-26T14:12:51-0700	ngr/loco/9950012/state/start_mm	43
2026-08-26T14:12:51-0700	ngr/loco/9950012/state/loopstat	{"loop_max_gap_ms":33,"hall_task_max_gap_ms":3,"hall_task_age_ms":1,"baseline":1804,"raw":1804,"delta":0,"queue_drops":0,"floor_rejects":0,"queue_high_water":0,"mqtt_connect_ms":771,"mqtt_attempts":1,"pub_drops":0,"pub_queue_hw":3,"cmd_drops":0,"pub_per_s":7,"marker_pub_drops":0,"marker_pub_hw":1,"nav":"NORMAL","mm":43,"miss_streak":0,"pwm":90,"lost_markers":0,"lost_ms":0,"motor_dir":"FWD"}
2026-08-26T14:12:51-0700	ngr/loco/9950012/state/nav	{"event":"AGREE","state":"NORMAL","nav_state":"NORMAL","mm":42,"landmark":"","dir":"CCW","miss_streak":0,"obs":"N","expected":"N","peak":167,"ms":153,"drift":0,"dt":1177,"agree":170,"disagree":0,"lost":0,"scores":[0,0,0,0,0,0],"excluded":[false,false,false,false,false,false],"leader":null,"runner_up":null,"margin":0,"motor_dir":"FWD"}
2026-08-26T14:12:51-0700	ngr/loco/9950012/mm/marker	{"mm":42,"landmark":"","obs":"N","peak":167,"ms":153,"drift":0,"dt":1177,"timing_gate":"ACTIVE","dt_expected":1191,"dt_conserve_ratio":1.95,"pwm":90,"v":15.11}
2026-08-26T14:12:51-0700	ngr/loco/9950012/alert	{"level":"CLEAR","reason":"STATUS","loco":"9950012","uptime_ms":421199,"nav":"NORMAL","moving":1,"pwm":90,"est_mm_s":254,"dir":"CCW","session_dir":"CCW","mdir":"FWD","rear":42,"front":37,"env":1500,"lc_mm":42,"last_confirmed_landmark":"","age_ms":284,"since":0,"dead_reckoned_mm":42,"candidate_mm":-1,"viable":[],"lostm":0,"lost_ms":0,"agree":170,"disagree":0,"losts":0,"auto":0}
2026-08-26T14:12:52-0700	ngr/loco/9950012/state/start_mm	42
2026-08-26T14:12:52-0700	ngr/loco/9950012/state/loopstat	{"loop_max_gap_ms":34,"hall_task_max_gap_ms":2,"hall_task_age_ms":1,"baseline":1804,"raw":1805,"delta":1,"queue_drops":0,"floor_rejects":0,"queue_high_water":1,"mqtt_connect_ms":771,"mqtt_attempts":1,"pub_drops":0,"pub_queue_hw":1,"cmd_drops":0,"pub_per_s":4,"marker_pub_drops":0,"marker_pub_hw":1,"nav":"NORMAL","mm":42,"miss_streak":0,"pwm":90,"lost_markers":0,"lost_ms":0,"motor_dir":"FWD"}
2026-08-26T14:12:52-0700	ngr/loco/9950012/cmd/throttle	101
2026-08-26T14:12:52-0700	ngr/loco/9950012/cmd/throttle	68
2026-08-26T14:12:52-0700	ngr/loco/9950012/cmd/throttle	60
2026-08-26T14:12:52-0700	ngr/loco/9950012/cmd/throttle	53
2026-08-26T14:12:52-0700	ngr/loco/9950012/cmd/throttle	34
2026-08-26T14:12:52-0700	ngr/loco/9950012/cmd/throttle	30
2026-08-26T14:12:52-0700	ngr/loco/9950012/alert	{"level":"CLEAR","reason":"STATUS","loco":"9950012","uptime_ms":422199,"nav":"NORMAL","moving":1,"pwm":89,"est_mm_s":254,"dir":"CCW","session_dir":"CCW","mdir":"FWD","rear":42,"front":37,"env":1500,"lc_mm":42,"last_confirmed_landmark":"","age_ms":1284,"since":0,"dead_reckoned_mm":42,"candidate_mm":-1,"viable":[],"lostm":0,"lost_ms":0,"agree":170,"disagree":0,"losts":0,"auto":0}
2026-08-26T14:12:52-0700	ngr/loco/9950012/state/nav	{"event":"AGREE","state":"NORMAL","nav_state":"NORMAL","mm":41,"landmark":"","dir":"CCW","miss_streak":0,"obs":"S","expected":"S","peak":189,"ms":163,"drift":0,"dt":1165,"agree":171,"disagree":0,"lost":0,"scores":[0,0,0,0,0,0],"excluded":[false,false,false,false,false,false],"leader":null,"runner_up":null,"margin":0,"motor_dir":"FWD"}
2026-08-26T14:12:52-0700	ngr/loco/9950012/mm/marker	{"mm":41,"landmark":"","obs":"S","peak":189,"ms":163,"drift":0,"dt":1165,"timing_gate":"RAMP","dt_expected":0,"dt_conserve_ratio":-1.00,"pwm":90,"v":15.11}
2026-08-26T14:12:53-0700	ngr/loco/9950012/state/throttle	30
2026-08-26T14:12:53-0700	ngr/loco/9950012/state/start_mm	41
2026-08-26T14:12:53-0700	ngr/loco/9950012/state/loopstat	{"loop_max_gap_ms":34,"hall_task_max_gap_ms":3,"hall_task_age_ms":1,"baseline":1804,"raw":1805,"delta":1,"queue_drops":0,"floor_rejects":0,"queue_high_water":1,"mqtt_connect_ms":771,"mqtt_attempts":1,"pub_drops":0,"pub_queue_hw":2,"cmd_drops":0,"pub_per_s":5,"marker_pub_drops":0,"marker_pub_hw":1,"nav":"NORMAL","mm":41,"miss_streak":0,"pwm":87,"lost_markers":0,"lost_ms":0,"motor_dir":"FWD"}
2026-08-26T14:12:53-0700	ngr/loco/9950012/alert	{"level":"CLEAR","reason":"STATUS","loco":"9950012","uptime_ms":423199,"nav":"NORMAL","moving":1,"pwm":82,"est_mm_s":257,"dir":"CCW","session_dir":"CCW","mdir":"FWD","rear":41,"front":36,"env":1500,"lc_mm":41,"last_confirmed_landmark":"","age_ms":1119,"since":0,"dead_reckoned_mm":41,"candidate_mm":-1,"viable":[],"lostm":0,"lost_ms":0,"agree":171,"disagree":0,"losts":0,"auto":0}
2026-08-26T14:12:54-0700	ngr/loco/9950012/cmd/throttle	32
2026-08-26T14:12:54-0700	ngr/loco/9950012/state/nav	{"event":"AGREE","state":"NORMAL","nav_state":"NORMAL","mm":40,"landmark":"","dir":"CCW","miss_streak":0,"obs":"S","expected":"S","peak":182,"ms":171,"drift":0,"dt":1212,"agree":172,"disagree":0,"lost":0,"scores":[0,0,0,0,0,0],"excluded":[false,false,false,false,false,false],"leader":null,"runner_up":null,"margin":0,"motor_dir":"FWD"}
2026-08-26T14:12:54-0700	ngr/loco/9950012/cmd/throttle	18
2026-08-26T14:12:54-0700	ngr/loco/9950012/mm/marker	{"mm":40,"landmark":"","obs":"S","peak":182,"ms":171,"drift":0,"dt":1212,"timing_gate":"RAMP","dt_expected":0,"dt_conserve_ratio":-1.00,"pwm":82,"v":15.11}
2026-08-26T14:12:54-0700	ngr/loco/9950012/state/start_mm	40
2026-08-26T14:12:54-0700	ngr/loco/9950012/state/loopstat	{"loop_max_gap_ms":33,"hall_task_max_gap_ms":2,"hall_task_age_ms":0,"baseline":1804,"raw":1805,"delta":1,"queue_drops":0,"floor_rejects":0,"queue_high_water":0,"mqtt_connect_ms":771,"mqtt_attempts":1,"pub_drops":0,"pub_queue_hw":1,"cmd_drops":0,"pub_per_s":4,"marker_pub_drops":0,"marker_pub_hw":1,"nav":"NORMAL","mm":40,"miss_streak":0,"pwm":81,"lost_markers":0,"lost_ms":0,"motor_dir":"FWD"}
2026-08-26T14:12:54-0700	ngr/loco/9950012/cmd/throttle	0
2026-08-26T14:12:54-0700	ngr/loco/9950012/alert	{"level":"CLEAR","reason":"STATUS","loco":"9950012","uptime_ms":424199,"nav":"NORMAL","moving":1,"pwm":76,"est_mm_s":247,"dir":"CCW","session_dir":"CCW","mdir":"FWD","rear":40,"front":35,"env":1500,"lc_mm":40,"last_confirmed_landmark":"","age_ms":907,"since":0,"dead_reckoned_mm":40,"candidate_mm":-1,"viable":[],"lostm":0,"lost_ms":0,"agree":172,"disagree":0,"losts":0,"auto":0}
2026-08-26T14:12:55-0700	ngr/loco/9950012/state/throttle	0
2026-08-26T14:12:55-0700	ngr/loco/9950012/state/loopstat	{"loop_max_gap_ms":33,"hall_task_max_gap_ms":2,"hall_task_age_ms":1,"baseline":1804,"raw":1808,"delta":4,"queue_drops":0,"floor_rejects":0,"queue_high_water":0,"mqtt_connect_ms":771,"mqtt_attempts":1,"pub_drops":0,"pub_queue_hw":1,"cmd_drops":0,"pub_per_s":2,"marker_pub_drops":0,"marker_pub_hw":0,"nav":"NORMAL","mm":40,"miss_streak":0,"pwm":74,"lost_markers":0,"lost_ms":0,"motor_dir":"FWD"}
2026-08-26T14:12:55-0700	ngr/loco/9950012/state/nav	{"event":"AGREE","state":"NORMAL","nav_state":"NORMAL","mm":39,"landmark":"","dir":"CCW","miss_streak":0,"obs":"S","expected":"S","peak":190,"ms":201,"drift":0,"dt":1334,"agree":173,"disagree":0,"lost":0,"scores":[0,0,0,0,0,0],"excluded":[false,false,false,false,false,false],"leader":null,"runner_up":null,"margin":0,"motor_dir":"FWD"}
2026-08-26T14:12:55-0700	ngr/loco/9950012/mm/marker	{"mm":39,"landmark":"","obs":"S","peak":190,"ms":201,"drift":0,"dt":1334,"timing_gate":"RAMP","dt_expected":0,"dt_conserve_ratio":-1.00,"pwm":73,"v":15.11}
2026-08-26T14:12:55-0700	ngr/loco/9950012/telem/voltage	15.11
2026-08-26T14:12:55-0700	ngr/loco/9950012/telem/current	0.32
2026-08-26T14:12:55-0700	ngr/loco/9950012/telem/power	4.07
2026-08-26T14:12:55-0700	ngr/loco/9950012/alert	{"level":"CLEAR","reason":"STATUS","loco":"9950012","uptime_ms":425199,"nav":"NORMAL","moving":1,"pwm":69,"est_mm_s":224,"dir":"CCW","session_dir":"CCW","mdir":"FWD","rear":39,"front":34,"env":1500,"lc_mm":39,"last_confirmed_landmark":"","age_ms":573,"since":0,"dead_reckoned_mm":39,"candidate_mm":-1,"viable":[],"lostm":0,"lost_ms":0,"agree":173,"disagree":0,"losts":0,"auto":0}
2026-08-26T14:12:56-0700	ngr/loco/9950012/state/start_mm	39
2026-08-26T14:12:56-0700	ngr/loco/9950012/state/loopstat	{"loop_max_gap_ms":34,"hall_task_max_gap_ms":4,"hall_task_age_ms":1,"baseline":1804,"raw":1805,"delta":1,"queue_drops":0,"floor_rejects":0,"queue_high_water":1,"mqtt_connect_ms":771,"mqtt_attempts":1,"pub_drops":0,"pub_queue_hw":3,"cmd_drops":0,"pub_per_s":7,"marker_pub_drops":0,"marker_pub_hw":1,"nav":"NORMAL","mm":39,"miss_streak":0,"pwm":67,"lost_markers":0,"lost_ms":0,"motor_dir":"FWD"}
2026-08-26T14:12:56-0700	ngr/loco/9950012/alert	{"level":"CLEAR","reason":"STATUS","loco":"9950012","uptime_ms":426199,"nav":"NORMAL","moving":1,"pwm":63,"est_mm_s":224,"dir":"CCW","session_dir":"CCW","mdir":"FWD","rear":39,"front":34,"env":1500,"lc_mm":39,"last_confirmed_landmark":"","age_ms":1573,"since":0,"dead_reckoned_mm":39,"candidate_mm":-1,"viable":[],"lostm":0,"lost_ms":0,"agree":173,"disagree":0,"losts":0,"auto":0}
2026-08-26T14:12:57-0700	ngr/loco/9950012/state/nav	{"event":"AGREE","state":"NORMAL","nav_state":"NORMAL","mm":38,"landmark":"","dir":"CCW","miss_streak":0,"obs":"S","expected":"S","peak":191,"ms":232,"drift":0,"dt":1563,"agree":174,"disagree":0,"lost":0,"scores":[0,0,0,0,0,0],"excluded":[false,false,false,false,false,false],"leader":null,"runner_up":null,"margin":0,"motor_dir":"FWD"}
2026-08-26T14:12:57-0700	ngr/loco/9950012/mm/marker	{"mm":38,"landmark":"","obs":"S","peak":191,"ms":232,"drift":0,"dt":1563,"timing_gate":"RAMP","dt_expected":0,"dt_conserve_ratio":-1.00,"pwm":63,"v":15.11}
2026-08-26T14:12:57-0700	ngr/loco/9950012/state/start_mm	38
2026-08-26T14:12:57-0700	ngr/loco/9950012/state/loopstat	{"loop_max_gap_ms":34,"hall_task_max_gap_ms":3,"hall_task_age_ms":1,"baseline":1804,"raw":1807,"delta":3,"queue_drops":0,"floor_rejects":0,"queue_high_water":1,"mqtt_connect_ms":771,"mqtt_attempts":1,"pub_drops":0,"pub_queue_hw":1,"cmd_drops":0,"pub_per_s":4,"marker_pub_drops":0,"marker_pub_hw":1,"nav":"NORMAL","mm":38,"miss_streak":0,"pwm":61,"lost_markers":0,"lost_ms":0,"motor_dir":"FWD"}
2026-08-26T14:12:57-0700	ngr/loco/9950012/alert	{"level":"CLEAR","reason":"STATUS","loco":"9950012","uptime_ms":427199,"nav":"NORMAL","moving":1,"pwm":56,"est_mm_s":191,"dir":"CCW","session_dir":"CCW","mdir":"FWD","rear":38,"front":33,"env":1510,"lc_mm":38,"last_confirmed_landmark":"","age_ms":1010,"since":0,"dead_reckoned_mm":38,"candidate_mm":-1,"viable":[],"lostm":0,"lost_ms":0,"agree":174,"disagree":0,"losts":0,"auto":0}
2026-08-26T14:12:58-0700	ngr/loco/9950012/state/loopstat	{"loop_max_gap_ms":34,"hall_task_max_gap_ms":2,"hall_task_age_ms":1,"baseline":1804,"raw":1806,"delta":2,"queue_drops":0,"floor_rejects":0,"queue_high_water":0,"mqtt_connect_ms":771,"mqtt_attempts":1,"pub_drops":0,"pub_queue_hw":1,"cmd_drops":0,"pub_per_s":1,"marker_pub_drops":0,"marker_pub_hw":0,"nav":"NORMAL","mm":38,"miss_streak":0,"pwm":54,"lost_markers":0,"lost_ms":0,"motor_dir":"FWD"}
2026-08-26T14:12:58-0700	ngr/loco/9950012/alert	{"level":"CLEAR","reason":"STATUS","loco":"9950012","uptime_ms":428199,"nav":"NORMAL","moving":1,"pwm":49,"est_mm_s":191,"dir":"CCW","session_dir":"CCW","mdir":"FWD","rear":38,"front":33,"env":1510,"lc_mm":38,"last_confirmed_landmark":"","age_ms":2010,"since":0,"dead_reckoned_mm":38,"candidate_mm":-1,"viable":[],"lostm":0,"lost_ms":0,"agree":174,"disagree":0,"losts":0,"auto":0}
2026-08-26T14:12:59-0700	ngr/loco/9950012/state/nav	{"event":"AGREE","state":"NORMAL","nav_state":"NORMAL","mm":37,"landmark":"","dir":"CCW","miss_streak":0,"obs":"S","expected":"S","peak":196,"ms":292,"drift":0,"dt":1867,"agree":175,"disagree":0,"lost":0,"scores":[0,0,0,0,0,0],"excluded":[false,false,false,false,false,false],"leader":null,"runner_up":null,"margin":0,"motor_dir":"FWD"}
2026-08-26T14:12:59-0700	ngr/loco/9950012/mm/marker	{"mm":37,"landmark":"","obs":"S","peak":196,"ms":292,"drift":0,"dt":1867,"timing_gate":"RAMP","dt_expected":0,"dt_conserve_ratio":-1.00,"pwm":50,"v":15.11}
2026-08-26T14:12:59-0700	ngr/loco/9950012/state/loopstat	{"loop_max_gap_ms":34,"hall_task_max_gap_ms":2,"hall_task_age_ms":1,"baseline":1804,"raw":1808,"delta":4,"queue_drops":0,"floor_rejects":0,"queue_high_water":1,"mqtt_connect_ms":771,"mqtt_attempts":1,"pub_drops":0,"pub_queue_hw":1,"cmd_drops":0,"pub_per_s":3,"marker_pub_drops":0,"marker_pub_hw":1,"nav":"NORMAL","mm":37,"miss_streak":0,"pwm":47,"lost_markers":0,"lost_ms":0,"motor_dir":"FWD"}
2026-08-26T14:12:59-0700	ngr/loco/9950012/state/start_mm	37
2026-08-26T14:12:59-0700	ngr/loco/9950012/alert	{"level":"CLEAR","reason":"STATUS","loco":"9950012","uptime_ms":429199,"nav":"NORMAL","moving":1,"pwm":43,"est_mm_s":160,"dir":"CCW","session_dir":"CCW","mdir":"FWD","rear":37,"front":32,"env":1525,"lc_mm":37,"last_confirmed_landmark":"","age_ms":1143,"since":0,"dead_reckoned_mm":37,"candidate_mm":-1,"viable":[],"lostm":0,"lost_ms":0,"agree":175,"disagree":0,"losts":0,"auto":0}
2026-08-26T14:13:00-0700	ngr/loco/9950012/state/loopstat	{"loop_max_gap_ms":34,"hall_task_max_gap_ms":2,"hall_task_age_ms":1,"baseline":1804,"raw":1790,"delta":-14,"queue_drops":0,"floor_rejects":0,"queue_high_water":0,"mqtt_connect_ms":771,"mqtt_attempts":1,"pub_drops":0,"pub_queue_hw":2,"cmd_drops":0,"pub_per_s":2,"marker_pub_drops":0,"marker_pub_hw":0,"nav":"NORMAL","mm":37,"miss_streak":0,"pwm":41,"lost_markers":0,"lost_ms":0,"motor_dir":"FWD"}
2026-08-26T14:13:00-0700	ngr/loco/9950012/telem/voltage	15.12
2026-08-26T14:13:00-0700	ngr/loco/9950012/telem/current	0.28
2026-08-26T14:13:00-0700	ngr/loco/9950012/telem/power	4.24
2026-08-26T14:13:00-0700	ngr/loco/9950012/alert	{"level":"CLEAR","reason":"STATUS","loco":"9950012","uptime_ms":430199,"nav":"NORMAL","moving":1,"pwm":36,"est_mm_s":160,"dir":"CCW","session_dir":"CCW","mdir":"FWD","rear":37,"front":32,"env":1525,"lc_mm":37,"last_confirmed_landmark":"","age_ms":2143,"since":0,"dead_reckoned_mm":37,"candidate_mm":-1,"viable":[],"lostm":0,"lost_ms":0,"agree":175,"disagree":0,"losts":0,"auto":0}
2026-08-26T14:13:01-0700	ngr/loco/9950012/state/loopstat	{"loop_max_gap_ms":33,"hall_task_max_gap_ms":3,"hall_task_age_ms":1,"baseline":1804,"raw":1813,"delta":9,"queue_drops":0,"floor_rejects":0,"queue_high_water":0,"mqtt_connect_ms":771,"mqtt_attempts":1,"pub_drops":0,"pub_queue_hw":3,"cmd_drops":0,"pub_per_s":4,"marker_pub_drops":0,"marker_pub_hw":0,"nav":"NORMAL","mm":37,"miss_streak":0,"pwm":34,"lost_markers":0,"lost_ms":0,"motor_dir":"FWD"}
2026-08-26T14:13:01-0700	ngr/loco/9950012/state/nav	{"event":"AGREE","state":"NORMAL","nav_state":"NORMAL","mm":36,"landmark":"","dir":"CCW","miss_streak":0,"obs":"S","expected":"S","peak":188,"ms":468,"drift":0,"dt":2538,"agree":176,"disagree":0,"lost":0,"scores":[0,0,0,0,0,0],"excluded":[false,false,false,false,false,false],"leader":null,"runner_up":null,"margin":0,"motor_dir":"FWD"}
2026-08-26T14:13:01-0700	ngr/loco/9950012/mm/marker	{"mm":36,"landmark":"","obs":"S","peak":188,"ms":468,"drift":0,"dt":2538,"timing_gate":"LOW_PWM","dt_expected":0,"dt_conserve_ratio":-1.00,"pwm":33,"v":15.12}
2026-08-26T14:13:01-0700	ngr/loco/9950012/alert	{"level":"CLEAR","reason":"STATUS","loco":"9950012","uptime_ms":431199,"nav":"NORMAL","moving":1,"pwm":29,"est_mm_s":118,"dir":"CCW","session_dir":"CCW","mdir":"FWD","rear":36,"front":31,"env":1545,"lc_mm":36,"last_confirmed_landmark":"","age_ms":605,"since":0,"dead_reckoned_mm":36,"candidate_mm":-1,"viable":[],"lostm":0,"lost_ms":0,"agree":176,"disagree":0,"losts":0,"auto":0}
2026-08-26T14:13:02-0700	ngr/loco/9950012/state/start_mm	36
2026-08-26T14:13:02-0700	ngr/loco/9950012/state/loopstat	{"loop_max_gap_ms":34,"hall_task_max_gap_ms":2,"hall_task_age_ms":1,"baseline":1804,"raw":1807,"delta":3,"queue_drops":0,"floor_rejects":0,"queue_high_water":1,"mqtt_connect_ms":771,"mqtt_attempts":1,"pub_drops":0,"pub_queue_hw":1,"cmd_drops":0,"pub_per_s":4,"marker_pub_drops":0,"marker_pub_hw":1,"nav":"NORMAL","mm":36,"miss_streak":0,"pwm":27,"lost_markers":0,"lost_ms":0,"motor_dir":"FWD"}
2026-08-26T14:13:02-0700	ngr/loco/9950012/alert	{"level":"CLEAR","reason":"STATUS","loco":"9950012","uptime_ms":432199,"nav":"NORMAL","moving":1,"pwm":23,"est_mm_s":118,"dir":"CCW","session_dir":"CCW","mdir":"FWD","rear":36,"front":31,"env":1545,"lc_mm":36,"last_confirmed_landmark":"","age_ms":1605,"since":0,"dead_reckoned_mm":36,"candidate_mm":-1,"viable":[],"lostm":0,"lost_ms":0,"agree":176,"disagree":0,"losts":0,"auto":0}
2026-08-26T14:13:03-0700	ngr/loco/9950012/state/loopstat	{"loop_max_gap_ms":33,"hall_task_max_gap_ms":3,"hall_task_age_ms":2,"baseline":1804,"raw":1805,"delta":1,"queue_drops":0,"floor_rejects":0,"queue_high_water":0,"mqtt_connect_ms":771,"mqtt_attempts":1,"pub_drops":0,"pub_queue_hw":1,"cmd_drops":0,"pub_per_s":1,"marker_pub_drops":0,"marker_pub_hw":0,"nav":"NORMAL","mm":36,"miss_streak":0,"pwm":21,"lost_markers":0,"lost_ms":0,"motor_dir":"FWD"}
2026-08-26T14:13:03-0700	ngr/loco/9950012/alert	{"level":"CLEAR","reason":"STATUS","loco":"9950012","uptime_ms":433199,"nav":"NORMAL","moving":1,"pwm":16,"est_mm_s":118,"dir":"CCW","session_dir":"CCW","mdir":"FWD","rear":36,"front":31,"env":1545,"lc_mm":36,"last_confirmed_landmark":"","age_ms":2605,"since":0,"dead_reckoned_mm":36,"candidate_mm":-1,"viable":[],"lostm":0,"lost_ms":0,"agree":176,"disagree":0,"losts":0,"auto":0}
2026-08-26T14:13:04-0700	ngr/loco/9950012/state/loopstat	{"loop_max_gap_ms":33,"hall_task_max_gap_ms":2,"hall_task_age_ms":1,"baseline":1804,"raw":1805,"delta":1,"queue_drops":0,"floor_rejects":0,"queue_high_water":0,"mqtt_connect_ms":771,"mqtt_attempts":1,"pub_drops":0,"pub_queue_hw":1,"cmd_drops":0,"pub_per_s":1,"marker_pub_drops":0,"marker_pub_hw":0,"nav":"NORMAL","mm":36,"miss_streak":0,"pwm":14,"lost_markers":0,"lost_ms":0,"motor_dir":"FWD"}
2026-08-26T14:13:04-0700	ngr/loco/9950012/alert	{"level":"CLEAR","reason":"STATUS","loco":"9950012","uptime_ms":434199,"nav":"NORMAL","moving":1,"pwm":9,"est_mm_s":118,"dir":"CCW","session_dir":"CCW","mdir":"FWD","rear":36,"front":31,"env":1545,"lc_mm":36,"last_confirmed_landmark":"","age_ms":3605,"since":0,"dead_reckoned_mm":36,"candidate_mm":-1,"viable":[],"lostm":0,"lost_ms":0,"agree":176,"disagree":0,"losts":0,"auto":0}
2026-08-26T14:13:05-0700	ngr/loco/9950012/state/loopstat	{"loop_max_gap_ms":34,"hall_task_max_gap_ms":2,"hall_task_age_ms":1,"baseline":1804,"raw":1806,"delta":2,"queue_drops":0,"floor_rejects":0,"queue_high_water":0,"mqtt_connect_ms":771,"mqtt_attempts":1,"pub_drops":0,"pub_queue_hw":1,"cmd_drops":0,"pub_per_s":1,"marker_pub_drops":0,"marker_pub_hw":0,"nav":"NORMAL","mm":36,"miss_streak":0,"pwm":7,"lost_markers":0,"lost_ms":0,"motor_dir":"FWD"}
2026-08-26T14:13:05-0700	ngr/loco/9950012/telem/voltage	15.13
2026-08-26T14:13:05-0700	ngr/loco/9950012/telem/current	0.26
2026-08-26T14:13:05-0700	ngr/loco/9950012/telem/power	3.12
2026-08-26T14:13:05-0700	ngr/loco/9950012/alert	{"level":"CLEAR","reason":"STATUS","loco":"9950012","uptime_ms":435199,"nav":"NORMAL","moving":1,"pwm":3,"est_mm_s":118,"dir":"CCW","session_dir":"CCW","mdir":"FWD","rear":36,"front":31,"env":1545,"lc_mm":36,"last_confirmed_landmark":"","age_ms":4605,"since":0,"dead_reckoned_mm":36,"candidate_mm":-1,"viable":[],"lostm":0,"lost_ms":0,"agree":176,"disagree":0,"losts":0,"auto":0}
2026-08-26T14:13:06-0700	ngr/loco/9950012/state/loopstat	{"loop_max_gap_ms":33,"hall_task_max_gap_ms":2,"hall_task_age_ms":1,"baseline":1804,"raw":1805,"delta":1,"queue_drops":0,"floor_rejects":0,"queue_high_water":0,"mqtt_connect_ms":771,"mqtt_attempts":1,"pub_drops":0,"pub_queue_hw":3,"cmd_drops":0,"pub_per_s":4,"marker_pub_drops":0,"marker_pub_hw":0,"nav":"NORMAL","mm":36,"miss_streak":0,"pwm":1,"lost_markers":0,"lost_ms":0,"motor_dir":"FWD"}
2026-08-26T14:13:06-0700	ngr/loco/9950012/alert	{"level":"CLEAR","reason":"STATUS","loco":"9950012","uptime_ms":436199,"nav":"NORMAL","moving":0,"pwm":0,"est_mm_s":118,"dir":"CCW","session_dir":"CCW","mdir":"FWD","rear":36,"front":31,"env":1545,"lc_mm":36,"last_confirmed_landmark":"","age_ms":5605,"since":0,"dead_reckoned_mm":36,"candidate_mm":-1,"viable":[],"lostm":0,"lost_ms":0,"agree":176,"disagree":0,"losts":0,"auto":0}
2026-08-26T14:13:07-0700	ngr/loco/9950012/state/loopstat	{"loop_max_gap_ms":34,"hall_task_max_gap_ms":3,"hall_task_age_ms":1,"baseline":1804,"raw":1805,"delta":1,"queue_drops":0,"floor_rejects":0,"queue_high_water":0,"mqtt_connect_ms":771,"mqtt_attempts":1,"pub_drops":0,"pub_queue_hw":1,"cmd_drops":0,"pub_per_s":1,"marker_pub_drops":0,"marker_pub_hw":0,"nav":"NORMAL","mm":36,"miss_streak":0,"pwm":0,"lost_markers":0,"lost_ms":0,"motor_dir":"FWD"}
2026-08-26T14:13:07-0700	ngr/loco/9950012/alert	{"level":"CLEAR","reason":"STATUS","loco":"9950012","uptime_ms":437199,"nav":"NORMAL","moving":0,"pwm":0,"est_mm_s":118,"dir":"CCW","session_dir":"CCW","mdir":"FWD","rear":36,"front":31,"env":1545,"lc_mm":36,"last_confirmed_landmark":"","age_ms":6605,"since":0,"dead_reckoned_mm":36,"candidate_mm":-1,"viable":[],"lostm":0,"lost_ms":0,"agree":176,"disagree":0,"losts":0,"auto":0}
2026-08-26T14:13:08-0700	ngr/loco/9950012/state/loopstat	{"loop_max_gap_ms":34,"hall_task_max_gap_ms":2,"hall_task_age_ms":1,"baseline":1804,"raw":1805,"delta":1,"queue_drops":0,"floor_rejects":0,"queue_high_water":0,"mqtt_connect_ms":771,"mqtt_attempts":1,"pub_drops":0,"pub_queue_hw":1,"cmd_drops":0,"pub_per_s":1,"marker_pub_drops":0,"marker_pub_hw":0,"nav":"NORMAL","mm":36,"miss_streak":0,"pwm":0,"lost_markers":0,"lost_ms":0,"motor_dir":"FWD"}
2026-08-26T14:13:08-0700	ngr/loco/9950012/alert	{"level":"CLEAR","reason":"STATUS","loco":"9950012","uptime_ms":438199,"nav":"NORMAL","moving":0,"pwm":0,"est_mm_s":118,"dir":"CCW","session_dir":"CCW","mdir":"FWD","rear":36,"front":31,"env":1545,"lc_mm":36,"last_confirmed_landmark":"","age_ms":7605,"since":0,"dead_reckoned_mm":36,"candidate_mm":-1,"viable":[],"lostm":0,"lost_ms":0,"agree":176,"disagree":0,"losts":0,"auto":0}
2026-08-26T14:13:09-0700	ngr/loco/9950012/state/loopstat	{"loop_max_gap_ms":34,"hall_task_max_gap_ms":2,"hall_task_age_ms":1,"baseline":1804,"raw":1806,"delta":2,"queue_drops":0,"floor_rejects":0,"queue_high_water":0,"mqtt_connect_ms":771,"mqtt_attempts":1,"pub_drops":0,"pub_queue_hw":1,"cmd_drops":0,"pub_per_s":1,"marker_pub_drops":0,"marker_pub_hw":0,"nav":"NORMAL","mm":36,"miss_streak":0,"pwm":0,"lost_markers":0,"lost_ms":0,"motor_dir":"FWD"}
2026-08-26T14:13:09-0700	ngr/loco/9950012/alert	{"level":"CLEAR","reason":"STATUS","loco":"9950012","uptime_ms":439199,"nav":"NORMAL","moving":0,"pwm":0,"est_mm_s":118,"dir":"CCW","session_dir":"CCW","mdir":"FWD","rear":36,"front":31,"env":1545,"lc_mm":36,"last_confirmed_landmark":"","age_ms":8605,"since":0,"dead_reckoned_mm":36,"candidate_mm":-1,"viable":[],"lostm":0,"lost_ms":0,"agree":176,"disagree":0,"losts":0,"auto":0}
2026-08-26T14:13:10-0700	ngr/loco/9950012/state/loopstat	{"loop_max_gap_ms":34,"hall_task_max_gap_ms":2,"hall_task_age_ms":1,"baseline":1804,"raw":1804,"delta":0,"queue_drops":0,"floor_rejects":0,"queue_high_water":0,"mqtt_connect_ms":771,"mqtt_attempts":1,"pub_drops":0,"pub_queue_hw":1,"cmd_drops":0,"pub_per_s":1,"marker_pub_drops":0,"marker_pub_hw":0,"nav":"NORMAL","mm":36,"miss_streak":0,"pwm":0,"lost_markers":0,"lost_ms":0,"motor_dir":"FWD"}
2026-08-26T14:13:10-0700	ngr/loco/9950012/telem/voltage	15.14
2026-08-26T14:13:10-0700	ngr/loco/9950012/telem/current	0.20
2026-08-26T14:13:10-0700	ngr/loco/9950012/telem/power	3.09
2026-08-26T14:13:10-0700	ngr/loco/9950012/alert	{"level":"CLEAR","reason":"STATUS","loco":"9950012","uptime_ms":440199,"nav":"NORMAL","moving":0,"pwm":0,"est_mm_s":118,"dir":"CCW","session_dir":"CCW","mdir":"FWD","rear":36,"front":31,"env":1545,"lc_mm":36,"last_confirmed_landmark":"","age_ms":9605,"since":0,"dead_reckoned_mm":36,"candidate_mm":-1,"viable":[],"lostm":0,"lost_ms":0,"agree":176,"disagree":0,"losts":0,"auto":0}
2026-08-26T14:13:11-0700	ngr/loco/9950012/state/loopstat	{"loop_max_gap_ms":34,"hall_task_max_gap_ms":4,"hall_task_age_ms":1,"baseline":1804,"raw":1804,"delta":0,"queue_drops":0,"floor_rejects":0,"queue_high_water":0,"mqtt_connect_ms":771,"mqtt_attempts":1,"pub_drops":0,"pub_queue_hw":3,"cmd_drops":0,"pub_per_s":4,"marker_pub_drops":0,"marker_pub_hw":0,"nav":"NORMAL","mm":36,"miss_streak":0,"pwm":0,"lost_markers":0,"lost_ms":0,"motor_dir":"FWD"}
2026-08-26T14:13:11-0700	ngr/loco/9950012/alert	{"level":"CLEAR","reason":"STATUS","loco":"9950012","uptime_ms":441199,"nav":"NORMAL","moving":0,"pwm":0,"est_mm_s":118,"dir":"CCW","session_dir":"CCW","mdir":"FWD","rear":36,"front":31,"env":1545,"lc_mm":36,"last_confirmed_landmark":"","age_ms":10605,"since":0,"dead_reckoned_mm":36,"candidate_mm":-1,"viable":[],"lostm":0,"lost_ms":0,"agree":176,"disagree":0,"losts":0,"auto":0}
2026-08-26T14:13:12-0700	ngr/loco/9950012/state/loopstat	{"loop_max_gap_ms":34,"hall_task_max_gap_ms":2,"hall_task_age_ms":1,"baseline":1804,"raw":1806,"delta":2,"queue_drops":0,"floor_rejects":0,"queue_high_water":0,"mqtt_connect_ms":771,"mqtt_attempts":1,"pub_drops":0,"pub_queue_hw":1,"cmd_drops":0,"pub_per_s":1,"marker_pub_drops":0,"marker_pub_hw":0,"nav":"NORMAL","mm":36,"miss_streak":0,"pwm":0,"lost_markers":0,"lost_ms":0,"motor_dir":"FWD"}
2026-08-26T14:13:12-0700	ngr/loco/9950012/alert	{"level":"CLEAR","reason":"STATUS","loco":"9950012","uptime_ms":442199,"nav":"NORMAL","moving":0,"pwm":0,"est_mm_s":118,"dir":"CCW","session_dir":"CCW","mdir":"FWD","rear":36,"front":31,"env":1545,"lc_mm":36,"last_confirmed_landmark":"","age_ms":11605,"since":0,"dead_reckoned_mm":36,"candidate_mm":-1,"viable":[],"lostm":0,"lost_ms":0,"agree":176,"disagree":0,"losts":0,"auto":0}
2026-08-26T14:13:13-0700	ngr/loco/9950012/state/loopstat	{"loop_max_gap_ms":33,"hall_task_max_gap_ms":2,"hall_task_age_ms":1,"baseline":1804,"raw":1805,"delta":1,"queue_drops":0,"floor_rejects":0,"queue_high_water":0,"mqtt_connect_ms":771,"mqtt_attempts":1,"pub_drops":0,"pub_queue_hw":1,"cmd_drops":0,"pub_per_s":1,"marker_pub_drops":0,"marker_pub_hw":0,"nav":"NORMAL","mm":36,"miss_streak":0,"pwm":0,"lost_markers":0,"lost_ms":0,"motor_dir":"FWD"}
2026-08-26T14:13:13-0700	ngr/loco/9950012/alert	{"level":"CLEAR","reason":"STATUS","loco":"9950012","uptime_ms":443199,"nav":"NORMAL","moving":0,"pwm":0,"est_mm_s":118,"dir":"CCW","session_dir":"CCW","mdir":"FWD","rear":36,"front":31,"env":1545,"lc_mm":36,"last_confirmed_landmark":"","age_ms":12605,"since":0,"dead_reckoned_mm":36,"candidate_mm":-1,"viable":[],"lostm":0,"lost_ms":0,"agree":176,"disagree":0,"losts":0,"auto":0}
2026-08-26T14:13:14-0700	ngr/loco/9950012/state/loopstat	{"loop_max_gap_ms":34,"hall_task_max_gap_ms":2,"hall_task_age_ms":1,"baseline":1804,"raw":1804,"delta":0,"queue_drops":0,"floor_rejects":0,"queue_high_water":0,"mqtt_connect_ms":771,"mqtt_attempts":1,"pub_drops":0,"pub_queue_hw":1,"cmd_drops":0,"pub_per_s":1,"marker_pub_drops":0,"marker_pub_hw":0,"nav":"NORMAL","mm":36,"miss_streak":0,"pwm":0,"lost_markers":0,"lost_ms":0,"motor_dir":"FWD"}
2026-08-26T14:13:14-0700	ngr/loco/9950012/alert	{"level":"CLEAR","reason":"STATUS","loco":"9950012","uptime_ms":444199,"nav":"NORMAL","moving":0,"pwm":0,"est_mm_s":118,"dir":"CCW","session_dir":"CCW","mdir":"FWD","rear":36,"front":31,"env":1545,"lc_mm":36,"last_confirmed_landmark":"","age_ms":13605,"since":0,"dead_reckoned_mm":36,"candidate_mm":-1,"viable":[],"lostm":0,"lost_ms":0,"agree":176,"disagree":0,"losts":0,"auto":0}
2026-08-26T14:13:15-0700	ngr/loco/9950012/state/loopstat	{"loop_max_gap_ms":33,"hall_task_max_gap_ms":2,"hall_task_age_ms":1,"baseline":1804,"raw":1806,"delta":2,"queue_drops":0,"floor_rejects":0,"queue_high_water":0,"mqtt_connect_ms":771,"mqtt_attempts":1,"pub_drops":0,"pub_queue_hw":1,"cmd_drops":0,"pub_per_s":1,"marker_pub_drops":0,"marker_pub_hw":0,"nav":"NORMAL","mm":36,"miss_streak":0,"pwm":0,"lost_markers":0,"lost_ms":0,"motor_dir":"FWD"}
2026-08-26T14:13:15-0700	ngr/loco/9950012/telem/voltage	15.13
2026-08-26T14:13:15-0700	ngr/loco/9950012/telem/current	0.22
2026-08-26T14:13:15-0700	ngr/loco/9950012/telem/power	3.36
2026-08-26T14:13:15-0700	ngr/loco/9950012/alert	{"level":"CLEAR","reason":"STATUS","loco":"9950012","uptime_ms":445199,"nav":"NORMAL","moving":0,"pwm":0,"est_mm_s":118,"dir":"CCW","session_dir":"CCW","mdir":"FWD","rear":36,"front":31,"env":1545,"lc_mm":36,"last_confirmed_landmark":"","age_ms":14605,"since":0,"dead_reckoned_mm":36,"candidate_mm":-1,"viable":[],"lostm":0,"lost_ms":0,"agree":176,"disagree":0,"losts":0,"auto":0}
2026-08-26T14:13:16-0700	ngr/loco/9950012/state/loopstat	{"loop_max_gap_ms":33,"hall_task_max_gap_ms":2,"hall_task_age_ms":1,"baseline":1804,"raw":1804,"delta":0,"queue_drops":0,"floor_rejects":0,"queue_high_water":0,"mqtt_connect_ms":771,"mqtt_attempts":1,"pub_drops":0,"pub_queue_hw":2,"cmd_drops":0,"pub_per_s":4,"marker_pub_drops":0,"marker_pub_hw":0,"nav":"NORMAL","mm":36,"miss_streak":0,"pwm":0,"lost_markers":0,"lost_ms":0,"motor_dir":"FWD"}
2026-08-26T14:13:16-0700	ngr/loco/9950012/alert	{"level":"CLEAR","reason":"STATUS","loco":"9950012","uptime_ms":446199,"nav":"NORMAL","moving":0,"pwm":0,"est_mm_s":118,"dir":"CCW","session_dir":"CCW","mdir":"FWD","rear":36,"front":31,"env":1545,"lc_mm":36,"last_confirmed_landmark":"","age_ms":15605,"since":0,"dead_reckoned_mm":36,"candidate_mm":-1,"viable":[],"lostm":0,"lost_ms":0,"agree":176,"disagree":0,"losts":0,"auto":0}
2026-08-26T14:13:17-0700	ngr/loco/9950012/state/loopstat	{"loop_max_gap_ms":33,"hall_task_max_gap_ms":2,"hall_task_age_ms":1,"baseline":1804,"raw":1805,"delta":1,"queue_drops":0,"floor_rejects":0,"queue_high_water":0,"mqtt_connect_ms":771,"mqtt_attempts":1,"pub_drops":0,"pub_queue_hw":1,"cmd_drops":0,"pub_per_s":1,"marker_pub_drops":0,"marker_pub_hw":0,"nav":"NORMAL","mm":36,"miss_streak":0,"pwm":0,"lost_markers":0,"lost_ms":0,"motor_dir":"FWD"}
2026-08-26T14:13:17-0700	ngr/loco/9950012/alert	{"level":"CLEAR","reason":"STATUS","loco":"9950012","uptime_ms":447199,"nav":"NORMAL","moving":0,"pwm":0,"est_mm_s":118,"dir":"CCW","session_dir":"CCW","mdir":"FWD","rear":36,"front":31,"env":1545,"lc_mm":36,"last_confirmed_landmark":"","age_ms":16605,"since":0,"dead_reckoned_mm":36,"candidate_mm":-1,"viable":[],"lostm":0,"lost_ms":0,"agree":176,"disagree":0,"losts":0,"auto":0}
2026-08-26T14:13:18-0700	ngr/loco/9950012/state/loopstat	{"loop_max_gap_ms":33,"hall_task_max_gap_ms":2,"hall_task_age_ms":1,"baseline":1804,"raw":1806,"delta":2,"queue_drops":0,"floor_rejects":0,"queue_high_water":0,"mqtt_connect_ms":771,"mqtt_attempts":1,"pub_drops":0,"pub_queue_hw":1,"cmd_drops":0,"pub_per_s":1,"marker_pub_drops":0,"marker_pub_hw":0,"nav":"NORMAL","mm":36,"miss_streak":0,"pwm":0,"lost_markers":0,"lost_ms":0,"motor_dir":"FWD"}
2026-08-26T14:13:18-0700	ngr/loco/9950012/alert	{"level":"CLEAR","reason":"STATUS","loco":"9950012","uptime_ms":448199,"nav":"NORMAL","moving":0,"pwm":0,"est_mm_s":118,"dir":"CCW","session_dir":"CCW","mdir":"FWD","rear":36,"front":31,"env":1545,"lc_mm":36,"last_confirmed_landmark":"","age_ms":17605,"since":0,"dead_reckoned_mm":36,"candidate_mm":-1,"viable":[],"lostm":0,"lost_ms":0,"agree":176,"disagree":0,"losts":0,"auto":0}
2026-08-26T14:13:19-0700	ngr/loco/9950012/state/loopstat	{"loop_max_gap_ms":34,"hall_task_max_gap_ms":2,"hall_task_age_ms":1,"baseline":1804,"raw":1804,"delta":0,"queue_drops":0,"floor_rejects":0,"queue_high_water":0,"mqtt_connect_ms":771,"mqtt_attempts":1,"pub_drops":0,"pub_queue_hw":1,"cmd_drops":0,"pub_per_s":1,"marker_pub_drops":0,"marker_pub_hw":0,"nav":"NORMAL","mm":36,"miss_streak":0,"pwm":0,"lost_markers":0,"lost_ms":0,"motor_dir":"FWD"}
2026-08-26T14:13:19-0700	ngr/loco/9950012/cmd/throttle	11
2026-08-26T14:13:19-0700	ngr/loco/9950012/cmd/throttle	18
2026-08-26T14:13:19-0700	ngr/loco/9950012/cmd/throttle	38
2026-08-26T14:13:19-0700	ngr/loco/9950012/cmd/throttle	50
2026-08-26T14:13:19-0700	ngr/loco/9950012/cmd/throttle	53
2026-08-26T14:13:19-0700	ngr/loco/9950012/cmd/throttle	58
2026-08-26T14:13:19-0700	ngr/loco/9950012/cmd/throttle	61
2026-08-26T14:13:19-0700	ngr/loco/9950012/alert	{"level":"CLEAR","reason":"STATUS","loco":"9950012","uptime_ms":449199,"nav":"NORMAL","moving":1,"pwm":2,"est_mm_s":118,"dir":"CCW","session_dir":"CCW","mdir":"FWD","rear":36,"front":31,"env":1545,"lc_mm":36,"last_confirmed_landmark":"","age_ms":18605,"since":0,"dead_reckoned_mm":36,"candidate_mm":-1,"viable":[],"lostm":0,"lost_ms":0,"agree":176,"disagree":0,"losts":0,"auto":0}
2026-08-26T14:13:19-0700	ngr/loco/9950012/cmd/throttle	63
2026-08-26T14:13:19-0700	ngr/loco/9950012/cmd/throttle	65
2026-08-26T14:13:19-0700	ngr/loco/9950012/cmd/throttle	67
2026-08-26T14:13:20-0700	ngr/loco/9950012/cmd/throttle	70
2026-08-26T14:13:20-0700	ngr/loco/9950012/cmd/throttle	71
2026-08-26T14:13:20-0700	ngr/loco/9950012/cmd/throttle	73
2026-08-26T14:13:20-0700	ngr/loco/9950012/cmd/throttle	75
2026-08-26T14:13:20-0700	ngr/loco/9950012/cmd/throttle	81
2026-08-26T14:13:20-0700	ngr/loco/9950012/cmd/throttle	85
2026-08-26T14:13:20-0700	ngr/loco/9950012/cmd/throttle	86
2026-08-26T14:13:20-0700	ngr/loco/9950012/state/throttle	73
2026-08-26T14:13:20-0700	ngr/loco/9950012/state/loopstat	{"loop_max_gap_ms":34,"hall_task_max_gap_ms":2,"hall_task_age_ms":1,"baseline":1804,"raw":1804,"delta":0,"queue_drops":0,"floor_rejects":0,"queue_high_water":0,"mqtt_connect_ms":771,"mqtt_attempts":1,"pub_drops":0,"pub_queue_hw":1,"cmd_drops":0,"pub_per_s":2,"marker_pub_drops":0,"marker_pub_hw":0,"nav":"NORMAL","mm":36,"miss_streak":0,"pwm":4,"lost_markers":0,"lost_ms":0,"motor_dir":"FWD"}
2026-08-26T14:13:20-0700	ngr/loco/9950012/cmd/throttle	88
2026-08-26T14:13:20-0700	ngr/loco/9950012/cmd/throttle	91
2026-08-26T14:13:20-0700	ngr/loco/9950012/cmd/throttle	92
2026-08-26T14:13:20-0700	ngr/loco/9950012/cmd/throttle	93
2026-08-26T14:13:20-0700	ngr/loco/9950012/cmd/throttle	94
2026-08-26T14:13:20-0700	ngr/loco/9950012/cmd/throttle	95
2026-08-26T14:13:20-0700	ngr/loco/9950012/telem/voltage	15.09
2026-08-26T14:13:20-0700	ngr/loco/9950012/telem/current	0.22
2026-08-26T14:13:20-0700	ngr/loco/9950012/telem/power	3.71
2026-08-26T14:13:20-0700	ngr/loco/9950012/alert	{"level":"CLEAR","reason":"STATUS","loco":"9950012","uptime_ms":450199,"nav":"NORMAL","moving":1,"pwm":8,"est_mm_s":118,"dir":"CCW","session_dir":"CCW","mdir":"FWD","rear":36,"front":31,"env":1545,"lc_mm":36,"last_confirmed_landmark":"","age_ms":19605,"since":0,"dead_reckoned_mm":36,"candidate_mm":-1,"viable":[],"lostm":0,"lost_ms":0,"agree":176,"disagree":0,"losts":0,"auto":0}
2026-08-26T14:13:21-0700	ngr/loco/9950012/cmd/throttle	94
2026-08-26T14:13:21-0700	ngr/loco/9950012/cmd/throttle	93
2026-08-26T14:13:21-0700	ngr/loco/9950012/cmd/throttle	92
2026-08-26T14:13:21-0700	ngr/loco/9950012/state/throttle	94
2026-08-26T14:13:21-0700	ngr/loco/9950012/state/loopstat	{"loop_max_gap_ms":34,"hall_task_max_gap_ms":2,"hall_task_age_ms":1,"baseline":1804,"raw":1806,"delta":2,"queue_drops":0,"floor_rejects":0,"queue_high_water":0,"mqtt_connect_ms":771,"mqtt_attempts":1,"pub_drops":0,"pub_queue_hw":3,"cmd_drops":0,"pub_per_s":5,"marker_pub_drops":0,"marker_pub_hw":0,"nav":"NORMAL","mm":36,"miss_streak":0,"pwm":10,"lost_markers":0,"lost_ms":0,"motor_dir":"FWD"}
2026-08-26T14:13:21-0700	ngr/loco/9950012/cmd/throttle	91
2026-08-26T14:13:21-0700	ngr/loco/9950012/cmd/throttle	90
2026-08-26T14:13:21-0700	ngr/loco/9950012/cmd/throttle	89
2026-08-26T14:13:21-0700	ngr/loco/9950012/cmd/throttle	88
2026-08-26T14:13:21-0700	ngr/loco/9950012/cmd/throttle	87
2026-08-26T14:13:21-0700	ngr/loco/9950012/cmd/throttle	86
2026-08-26T14:13:21-0700	ngr/loco/9950012/cmd/throttle	85
2026-08-26T14:13:21-0700	ngr/loco/9950012/cmd/throttle	84
2026-08-26T14:13:21-0700	ngr/loco/9950012/alert	{"level":"CLEAR","reason":"STATUS","loco":"9950012","uptime_ms":451199,"nav":"NORMAL","moving":1,"pwm":15,"est_mm_s":118,"dir":"CCW","session_dir":"CCW","mdir":"FWD","rear":36,"front":31,"env":1545,"lc_mm":36,"last_confirmed_landmark":"","age_ms":20605,"since":0,"dead_reckoned_mm":36,"candidate_mm":-1,"viable":[],"lostm":0,"lost_ms":0,"agree":176,"disagree":0,"losts":0,"auto":0}
2026-08-26T14:13:22-0700	ngr/loco/9950012/state/throttle	84
2026-08-26T14:13:22-0700	ngr/loco/9950012/state/loopstat	{"loop_max_gap_ms":34,"hall_task_max_gap_ms":2,"hall_task_age_ms":1,"baseline":1804,"raw":1804,"delta":0,"queue_drops":0,"floor_rejects":0,"queue_high_water":0,"mqtt_connect_ms":771,"mqtt_attempts":1,"pub_drops":0,"pub_queue_hw":1,"cmd_drops":0,"pub_per_s":2,"marker_pub_drops":0,"marker_pub_hw":0,"nav":"NORMAL","mm":36,"miss_streak":0,"pwm":17,"lost_markers":0,"lost_ms":0,"motor_dir":"FWD"}
2026-08-26T14:13:22-0700	ngr/loco/9950012/cmd/throttle	85
2026-08-26T14:13:22-0700	ngr/loco/9950012/cmd/throttle	87
2026-08-26T14:13:22-0700	ngr/loco/9950012/cmd/throttle	88
2026-08-26T14:13:22-0700	ngr/loco/9950012/cmd/throttle	89
2026-08-26T14:13:22-0700	ngr/loco/9950012/alert	{"level":"CLEAR","reason":"STATUS","loco":"9950012","uptime_ms":452199,"nav":"NORMAL","moving":1,"pwm":22,"est_mm_s":118,"dir":"CCW","session_dir":"CCW","mdir":"FWD","rear":36,"front":31,"env":1545,"lc_mm":36,"last_confirmed_landmark":"","age_ms":21605,"since":0,"dead_reckoned_mm":36,"candidate_mm":-1,"viable":[],"lostm":0,"lost_ms":0,"agree":176,"disagree":0,"losts":0,"auto":0}
2026-08-26T14:13:22-0700	ngr/loco/9950012/cmd/throttle	90
2026-08-26T14:13:23-0700	ngr/loco/9950012/cmd/throttle	91
2026-08-26T14:13:23-0700	ngr/loco/9950012/state/throttle	91
2026-08-26T14:13:23-0700	ngr/loco/9950012/state/loopstat	{"loop_max_gap_ms":34,"hall_task_max_gap_ms":3,"hall_task_age_ms":1,"baseline":1804,"raw":1805,"delta":1,"queue_drops":0,"floor_rejects":0,"queue_high_water":0,"mqtt_connect_ms":771,"mqtt_attempts":1,"pub_drops":0,"pub_queue_hw":1,"cmd_drops":0,"pub_per_s":2,"marker_pub_drops":0,"marker_pub_hw":0,"nav":"NORMAL","mm":36,"miss_streak":0,"pwm":24,"lost_markers":0,"lost_ms":0,"motor_dir":"FWD"}
2026-08-26T14:13:23-0700	ngr/loco/9950012/alert	{"level":"CLEAR","reason":"STATUS","loco":"9950012","uptime_ms":453199,"nav":"NORMAL","moving":1,"pwm":28,"est_mm_s":118,"dir":"CCW","session_dir":"CCW","mdir":"FWD","rear":36,"front":31,"env":1545,"lc_mm":36,"last_confirmed_landmark":"","age_ms":22605,"since":0,"dead_reckoned_mm":36,"candidate_mm":-1,"viable":[],"lostm":0,"lost_ms":0,"agree":176,"disagree":0,"losts":0,"auto":0}
2026-08-26T14:13:24-0700	ngr/loco/9950012/state/loopstat	{"loop_max_gap_ms":34,"hall_task_max_gap_ms":3,"hall_task_age_ms":1,"baseline":1804,"raw":1795,"delta":-9,"queue_drops":0,"floor_rejects":0,"queue_high_water":0,"mqtt_connect_ms":771,"mqtt_attempts":1,"pub_drops":0,"pub_queue_hw":1,"cmd_drops":0,"pub_per_s":1,"marker_pub_drops":0,"marker_pub_hw":0,"nav":"NORMAL","mm":36,"miss_streak":0,"pwm":30,"lost_markers":0,"lost_ms":0,"motor_dir":"FWD"}
2026-08-26T14:13:24-0700	ngr/loco/9950012/alert	{"level":"CLEAR","reason":"STATUS","loco":"9950012","uptime_ms":454199,"nav":"NORMAL","moving":1,"pwm":35,"est_mm_s":118,"dir":"CCW","session_dir":"CCW","mdir":"FWD","rear":36,"front":31,"env":1545,"lc_mm":36,"last_confirmed_landmark":"","age_ms":23605,"since":0,"dead_reckoned_mm":36,"candidate_mm":-1,"viable":[],"lostm":0,"lost_ms":0,"agree":176,"disagree":0,"losts":0,"auto":0}
2026-08-26T14:13:24-0700	ngr/loco/9950012/state/nav	{"event":"AGREE","state":"NORMAL","nav_state":"NORMAL","mm":35,"landmark":"","dir":"CCW","miss_streak":0,"obs":"N","expected":"N","peak":189,"ms":472,"drift":0,"dt":23174,"agree":177,"disagree":0,"lost":0,"scores":[0,0,0,0,0,0],"excluded":[false,false,false,false,false,false],"leader":null,"runner_up":null,"margin":0,"motor_dir":"FWD"}
2026-08-26T14:13:25-0700	ngr/loco/9950012/mm/marker	{"mm":35,"landmark":"","obs":"N","peak":189,"ms":472,"drift":0,"dt":23174,"timing_gate":"LOW_PWM","dt_expected":0,"dt_conserve_ratio":-1.00,"pwm":32,"v":15.09}
2026-08-26T14:13:25-0700	ngr/loco/9950012/state/loopstat	{"loop_max_gap_ms":33,"hall_task_max_gap_ms":2,"hall_task_age_ms":1,"baseline":1804,"raw":1802,"delta":-2,"queue_drops":0,"floor_rejects":0,"queue_high_water":1,"mqtt_connect_ms":771,"mqtt_attempts":1,"pub_drops":0,"pub_queue_hw":1,"cmd_drops":0,"pub_per_s":3,"marker_pub_drops":0,"marker_pub_hw":1,"nav":"NORMAL","mm":35,"miss_streak":0,"pwm":37,"lost_markers":0,"lost_ms":0,"motor_dir":"FWD"}
2026-08-26T14:13:25-0700	ngr/loco/9950012/state/start_mm	35
2026-08-26T14:13:25-0700	ngr/loco/9950012/telem/voltage	15.09
2026-08-26T14:13:25-0700	ngr/loco/9950012/telem/current	0.24
2026-08-26T14:13:25-0700	ngr/loco/9950012/telem/power	3.61
2026-08-26T14:13:25-0700	ngr/loco/9950012/alert	{"level":"CLEAR","reason":"STATUS","loco":"9950012","uptime_ms":455199,"nav":"NORMAL","moving":1,"pwm":42,"est_mm_s":12,"dir":"CCW","session_dir":"CCW","mdir":"FWD","rear":35,"front":30,"env":1575,"lc_mm":35,"last_confirmed_landmark":"","age_ms":1431,"since":0,"dead_reckoned_mm":35,"candidate_mm":-1,"viable":[],"lostm":0,"lost_ms":0,"agree":177,"disagree":0,"losts":0,"auto":0}
2026-08-26T14:13:26-0700	ngr/loco/9950012/state/loopstat	{"loop_max_gap_ms":33,"hall_task_max_gap_ms":2,"hall_task_age_ms":1,"baseline":1804,"raw":1804,"delta":0,"queue_drops":0,"floor_rejects":0,"queue_high_water":0,"mqtt_connect_ms":771,"mqtt_attempts":1,"pub_drops":0,"pub_queue_hw":3,"cmd_drops":0,"pub_per_s":5,"marker_pub_drops":0,"marker_pub_hw":0,"nav":"NORMAL","mm":35,"miss_streak":0,"pwm":44,"lost_markers":0,"lost_ms":0,"motor_dir":"FWD"}
2026-08-26T14:13:26-0700	ngr/loco/9950012/alert	{"level":"CLEAR","reason":"STATUS","loco":"9950012","uptime_ms":456199,"nav":"NORMAL","moving":1,"pwm":48,"est_mm_s":12,"dir":"CCW","session_dir":"CCW","mdir":"FWD","rear":35,"front":30,"env":1575,"lc_mm":35,"last_confirmed_landmark":"","age_ms":2431,"since":0,"dead_reckoned_mm":35,"candidate_mm":-1,"viable":[],"lostm":0,"lost_ms":0,"agree":177,"disagree":0,"losts":0,"auto":0}
2026-08-26T14:13:27-0700	ngr/loco/9950012/state/loopstat	{"loop_max_gap_ms":34,"hall_task_max_gap_ms":2,"hall_task_age_ms":1,"baseline":1804,"raw":1805,"delta":1,"queue_drops":0,"floor_rejects":0,"queue_high_water":0,"mqtt_connect_ms":771,"mqtt_attempts":1,"pub_drops":0,"pub_queue_hw":1,"cmd_drops":0,"pub_per_s":1,"marker_pub_drops":0,"marker_pub_hw":0,"nav":"NORMAL","mm":35,"miss_streak":0,"pwm":50,"lost_markers":0,"lost_ms":0,"motor_dir":"FWD"}
2026-08-26T14:13:27-0700	ngr/loco/9950012/state/nav	{"event":"AGREE","state":"NORMAL","nav_state":"NORMAL","mm":34,"landmark":"","dir":"CCW","miss_streak":0,"obs":"N","expected":"N","peak":191,"ms":344,"drift":0,"dt":2764,"agree":178,"disagree":0,"lost":0,"scores":[0,0,0,0,0,0],"excluded":[false,false,false,false,false,false],"leader":null,"runner_up":null,"margin":0,"motor_dir":"FWD"}
2026-08-26T14:13:27-0700	ngr/loco/9950012/mm/marker	{"mm":34,"landmark":"","obs":"N","peak":191,"ms":344,"drift":0,"dt":2764,"timing_gate":"RAMP","dt_expected":0,"dt_conserve_ratio":-1.00,"pwm":51,"v":15.09}
2026-08-26T14:13:27-0700	ngr/loco/9950012/alert	{"level":"CLEAR","reason":"STATUS","loco":"9950012","uptime_ms":457199,"nav":"NORMAL","moving":1,"pwm":55,"est_mm_s":108,"dir":"CCW","session_dir":"CCW","mdir":"FWD","rear":34,"front":29,"env":1590,"lc_mm":34,"last_confirmed_landmark":"","age_ms":667,"since":0,"dead_reckoned_mm":34,"candidate_mm":-1,"viable":[],"lostm":0,"lost_ms":0,"agree":178,"disagree":0,"losts":0,"auto":0}
2026-08-26T14:13:28-0700	ngr/loco/9950012/state/start_mm	34
2026-08-26T14:13:28-0700	ngr/loco/9950012/state/loopstat	{"loop_max_gap_ms":34,"hall_task_max_gap_ms":2,"hall_task_age_ms":1,"baseline":1804,"raw":1803,"delta":-1,"queue_drops":0,"floor_rejects":0,"queue_high_water":1,"mqtt_connect_ms":771,"mqtt_attempts":1,"pub_drops":0,"pub_queue_hw":1,"cmd_drops":0,"pub_per_s":4,"marker_pub_drops":0,"marker_pub_hw":1,"nav":"NORMAL","mm":34,"miss_streak":0,"pwm":57,"lost_markers":0,"lost_ms":0,"motor_dir":"FWD"}
2026-08-26T14:13:28-0700	ngr/loco/9950012/alert	{"level":"CLEAR","reason":"STATUS","loco":"9950012","uptime_ms":458199,"nav":"NORMAL","moving":1,"pwm":62,"est_mm_s":108,"dir":"CCW","session_dir":"CCW","mdir":"FWD","rear":34,"front":29,"env":1590,"lc_mm":34,"last_confirmed_landmark":"","age_ms":1667,"since":0,"dead_reckoned_mm":34,"candidate_mm":-1,"viable":[],"lostm":0,"lost_ms":0,"agree":178,"disagree":0,"losts":0,"auto":0}
2026-08-26T14:13:29-0700	ngr/loco/9950012/state/loopstat	{"loop_max_gap_ms":33,"hall_task_max_gap_ms":2,"hall_task_age_ms":1,"baseline":1804,"raw":1807,"delta":3,"queue_drops":0,"floor_rejects":0,"queue_high_water":0,"mqtt_connect_ms":771,"mqtt_attempts":1,"pub_drops":0,"pub_queue_hw":1,"cmd_drops":0,"pub_per_s":1,"marker_pub_drops":0,"marker_pub_hw":0,"nav":"NORMAL","mm":34,"miss_streak":0,"pwm":64,"lost_markers":0,"lost_ms":0,"motor_dir":"FWD"}
2026-08-26T14:13:29-0700	ngr/loco/9950012/state/nav	{"event":"AGREE","state":"NORMAL","nav_state":"NORMAL","mm":33,"landmark":"","dir":"CCW","miss_streak":0,"obs":"S","expected":"S","peak":187,"ms":240,"drift":0,"dt":2336,"agree":179,"disagree":0,"lost":0,"scores":[0,0,0,0,0,0],"excluded":[false,false,false,false,false,false],"leader":null,"runner_up":null,"margin":0,"motor_dir":"FWD"}
2026-08-26T14:13:29-0700	ngr/loco/9950012/mm/marker	{"mm":33,"landmark":"","obs":"S","peak":187,"ms":240,"drift":0,"dt":2336,"timing_gate":"RAMP","dt_expected":0,"dt_conserve_ratio":-1.00,"pwm":66,"v":15.09}
2026-08-26T14:13:29-0700	ngr/loco/9950012/alert	{"level":"CLEAR","reason":"STATUS","loco":"9950012","uptime_ms":459199,"nav":"NORMAL","moving":1,"pwm":68,"est_mm_s":132,"dir":"CCW","session_dir":"CCW","mdir":"FWD","rear":33,"front":28,"env":1580,"lc_mm":33,"last_confirmed_landmark":"","age_ms":331,"since":0,"dead_reckoned_mm":33,"candidate_mm":-1,"viable":[],"lostm":0,"lost_ms":0,"agree":179,"disagree":0,"losts":0,"auto":0}
2026-08-26T14:13:30-0700	ngr/loco/9950012/state/start_mm	33
2026-08-26T14:13:30-0700	ngr/loco/9950012/state/loopstat	{"loop_max_gap_ms":34,"hall_task_max_gap_ms":2,"hall_task_age_ms":1,"baseline":1804,"raw":1806,"delta":2,"queue_drops":0,"floor_rejects":0,"queue_high_water":1,"mqtt_connect_ms":771,"mqtt_attempts":1,"pub_drops":0,"pub_queue_hw":1,"cmd_drops":0,"pub_per_s":4,"marker_pub_drops":0,"marker_pub_hw":1,"nav":"NORMAL","mm":33,"miss_streak":0,"pwm":70,"lost_markers":0,"lost_ms":0,"motor_dir":"FWD"}
2026-08-26T14:13:30-0700	ngr/loco/9950012/telem/voltage	15.09
2026-08-26T14:13:30-0700	ngr/loco/9950012/telem/current	0.38
2026-08-26T14:13:30-0700	ngr/loco/9950012/telem/power	5.76
2026-08-26T14:13:30-0700	ngr/loco/9950012/alert	{"level":"CLEAR","reason":"STATUS","loco":"9950012","uptime_ms":460199,"nav":"NORMAL","moving":1,"pwm":75,"est_mm_s":132,"dir":"CCW","session_dir":"CCW","mdir":"FWD","rear":33,"front":28,"env":1580,"lc_mm":33,"last_confirmed_landmark":"","age_ms":1331,"since":0,"dead_reckoned_mm":33,"candidate_mm":-1,"viable":[],"lostm":0,"lost_ms":0,"agree":179,"disagree":0,"losts":0,"auto":0}
2026-08-26T14:13:31-0700	ngr/loco/9950012/state/loopstat	{"loop_max_gap_ms":33,"hall_task_max_gap_ms":3,"hall_task_age_ms":1,"baseline":1804,"raw":1802,"delta":-2,"queue_drops":0,"floor_rejects":0,"queue_high_water":0,"mqtt_connect_ms":771,"mqtt_attempts":1,"pub_drops":0,"pub_queue_hw":3,"cmd_drops":0,"pub_per_s":4,"marker_pub_drops":0,"marker_pub_hw":0,"nav":"NORMAL","mm":33,"miss_streak":0,"pwm":77,"lost_markers":0,"lost_ms":0,"motor_dir":"FWD"}
2026-08-26T14:13:31-0700	ngr/loco/9950012/state/nav	{"event":"AGREE","state":"NORMAL","nav_state":"NORMAL","mm":32,"landmark":"","dir":"CCW","miss_streak":0,"obs":"N","expected":"N","peak":189,"ms":218,"drift":0,"dt":1819,"agree":180,"disagree":0,"lost":0,"scores":[0,0,0,0,0,0],"excluded":[false,false,false,false,false,false],"leader":null,"runner_up":null,"margin":0,"motor_dir":"FWD"}
2026-08-26T14:13:31-0700	ngr/loco/9950012/mm/marker	{"mm":32,"landmark":"","obs":"N","peak":189,"ms":218,"drift":0,"dt":1819,"timing_gate":"RAMP","dt_expected":0,"dt_conserve_ratio":-1.00,"pwm":78,"v":15.09}
2026-08-26T14:13:31-0700	ngr/loco/9950012/alert	{"level":"CLEAR","reason":"STATUS","loco":"9950012","uptime_ms":461199,"nav":"NORMAL","moving":1,"pwm":82,"est_mm_s":173,"dir":"CCW","session_dir":"CCW","mdir":"FWD","rear":32,"front":27,"env":1565,"lc_mm":32,"last_confirmed_landmark":"","age_ms":512,"since":0,"dead_reckoned_mm":32,"candidate_mm":-1,"viable":[],"lostm":0,"lost_ms":0,"agree":180,"disagree":0,"losts":0,"auto":0}
2026-08-26T14:13:32-0700	ngr/loco/9950012/state/start_mm	32
2026-08-26T14:13:32-0700	ngr/loco/9950012/state/loopstat	{"loop_max_gap_ms":34,"hall_task_max_gap_ms":3,"hall_task_age_ms":1,"baseline":1804,"raw":1803,"delta":-1,"queue_drops":0,"floor_rejects":0,"queue_high_water":1,"mqtt_connect_ms":771,"mqtt_attempts":1,"pub_drops":0,"pub_queue_hw":1,"cmd_drops":0,"pub_per_s":4,"marker_pub_drops":0,"marker_pub_hw":1,"nav":"NORMAL","mm":32,"miss_streak":0,"pwm":84,"lost_markers":0,"lost_ms":0,"motor_dir":"FWD"}
2026-08-26T14:13:32-0700	ngr/loco/9950012/alert	{"level":"CLEAR","reason":"STATUS","loco":"9950012","uptime_ms":462199,"nav":"NORMAL","moving":1,"pwm":88,"est_mm_s":173,"dir":"CCW","session_dir":"CCW","mdir":"FWD","rear":32,"front":27,"env":1565,"lc_mm":32,"last_confirmed_landmark":"","age_ms":1512,"since":0,"dead_reckoned_mm":32,"candidate_mm":-1,"viable":[],"lostm":0,"lost_ms":0,"agree":180,"disagree":0,"losts":0,"auto":0}
2026-08-26T14:13:33-0700	ngr/loco/9950012/state/loopstat	{"loop_max_gap_ms":33,"hall_task_max_gap_ms":3,"hall_task_age_ms":1,"baseline":1804,"raw":1978,"delta":174,"queue_drops":0,"floor_rejects":0,"queue_high_water":0,"mqtt_connect_ms":771,"mqtt_attempts":1,"pub_drops":0,"pub_queue_hw":1,"cmd_drops":0,"pub_per_s":1,"marker_pub_drops":0,"marker_pub_hw":0,"nav":"NORMAL","mm":32,"miss_streak":0,"pwm":90,"lost_markers":0,"lost_ms":0,"motor_dir":"FWD"}
2026-08-26T14:13:33-0700	ngr/loco/9950012/state/nav	{"event":"AGREE","state":"NORMAL","nav_state":"NORMAL","mm":31,"landmark":"","dir":"CCW","miss_streak":0,"obs":"N","expected":"N","peak":180,"ms":208,"drift":0,"dt":1717,"agree":181,"disagree":0,"lost":0,"scores":[0,0,0,0,0,0],"excluded":[false,false,false,false,false,false],"leader":null,"runner_up":null,"margin":0,"motor_dir":"FWD"}
2026-08-26T14:13:33-0700	ngr/loco/9950012/mm/marker	{"mm":31,"landmark":"","obs":"N","peak":180,"ms":208,"drift":0,"dt":1717,"timing_gate":"NO_PREV","dt_expected":0,"dt_conserve_ratio":-1.00,"pwm":90,"v":15.09}
2026-08-26T14:13:33-0700	ngr/loco/9950012/alert	{"level":"CLEAR","reason":"STATUS","loco":"9950012","uptime_ms":463199,"nav":"NORMAL","moving":1,"pwm":91,"est_mm_s":186,"dir":"CCW","session_dir":"CCW","mdir":"FWD","rear":31,"front":26,"env":1545,"lc_mm":31,"last_confirmed_landmark":"","age_ms":795,"since":0,"dead_reckoned_mm":31,"candidate_mm":-1,"viable":[],"lostm":0,"lost_ms":0,"agree":181,"disagree":0,"losts":0,"auto":0}
2026-08-26T14:13:34-0700	ngr/loco/9950012/state/start_mm	31
2026-08-26T14:13:34-0700	ngr/loco/9950012/state/loopstat	{"loop_max_gap_ms":34,"hall_task_max_gap_ms":2,"hall_task_age_ms":1,"baseline":1804,"raw":1806,"delta":2,"queue_drops":0,"floor_rejects":0,"queue_high_water":1,"mqtt_connect_ms":771,"mqtt_attempts":1,"pub_drops":0,"pub_queue_hw":1,"cmd_drops":0,"pub_per_s":4,"marker_pub_drops":0,"marker_pub_hw":1,"nav":"NORMAL","mm":31,"miss_streak":0,"pwm":91,"lost_markers":0,"lost_ms":0,"motor_dir":"FWD"}
2026-08-26T14:13:34-0700	ngr/loco/9950012/state/nav	{"event":"AGREE","state":"NORMAL","nav_state":"NORMAL","mm":30,"landmark":"","dir":"CCW","miss_streak":0,"obs":"N","expected":"N","peak":210,"ms":216,"drift":0,"dt":1554,"agree":182,"disagree":0,"lost":0,"scores":[0,0,0,0,0,0],"excluded":[false,false,false,false,false,false],"leader":null,"runner_up":null,"margin":0,"motor_dir":"FWD"}
2026-08-26T14:13:34-0700	ngr/loco/9950012/mm/marker	{"mm":30,"landmark":"","obs":"N","peak":210,"ms":216,"drift":0,"dt":1554,"timing_gate":"ACTIVE","dt_expected":1251,"dt_conserve_ratio":2.61,"pwm":91,"v":15.09}
2026-08-26T14:13:34-0700	ngr/loco/9950012/alert	{"level":"CLEAR","reason":"STATUS","loco":"9950012","uptime_ms":464199,"nav":"NORMAL","moving":1,"pwm":91,"est_mm_s":212,"dir":"CCW","session_dir":"CCW","mdir":"FWD","rear":30,"front":25,"env":1515,"lc_mm":30,"last_confirmed_landmark":"","age_ms":241,"since":0,"dead_reckoned_mm":30,"candidate_mm":-1,"viable":[],"lostm":0,"lost_ms":0,"agree":182,"disagree":0,"losts":0,"auto":0}
2026-08-26T14:13:35-0700	ngr/loco/9950012/state/start_mm	30
2026-08-26T14:13:35-0700	ngr/loco/9950012/state/loopstat	{"loop_max_gap_ms":33,"hall_task_max_gap_ms":3,"hall_task_age_ms":1,"baseline":1804,"raw":1805,"delta":1,"queue_drops":0,"floor_rejects":0,"queue_high_water":1,"mqtt_connect_ms":771,"mqtt_attempts":1,"pub_drops":0,"pub_queue_hw":1,"cmd_drops":0,"pub_per_s":4,"marker_pub_drops":0,"marker_pub_hw":1,"nav":"NORMAL","mm":30,"miss_streak":0,"pwm":91,"lost_markers":0,"lost_ms":0,"motor_dir":"FWD"}
2026-08-26T14:13:35-0700	ngr/loco/9950012/telem/voltage	15.07
2026-08-26T14:13:35-0700	ngr/loco/9950012/telem/current	0.44
2026-08-26T14:13:35-0700	ngr/loco/9950012/telem/power	6.67
2026-08-26T14:13:35-0700	ngr/loco/9950012/alert	{"level":"CLEAR","reason":"STATUS","loco":"9950012","uptime_ms":465199,"nav":"NORMAL","moving":1,"pwm":91,"est_mm_s":212,"dir":"CCW","session_dir":"CCW","mdir":"FWD","rear":30,"front":25,"env":1515,"lc_mm":30,"last_confirmed_landmark":"","age_ms":1241,"since":0,"dead_reckoned_mm":30,"candidate_mm":-1,"viable":[],"lostm":0,"lost_ms":0,"agree":182,"disagree":0,"losts":0,"auto":0}
2026-08-26T14:13:36-0700	ngr/loco/9950012/state/loopstat	{"loop_max_gap_ms":33,"hall_task_max_gap_ms":2,"hall_task_age_ms":1,"baseline":1804,"raw":1794,"delta":-10,"queue_drops":0,"floor_rejects":0,"queue_high_water":0,"mqtt_connect_ms":771,"mqtt_attempts":1,"pub_drops":0,"pub_queue_hw":3,"cmd_drops":0,"pub_per_s":4,"marker_pub_drops":0,"marker_pub_hw":0,"nav":"NORMAL","mm":30,"miss_streak":0,"pwm":91,"lost_markers":0,"lost_ms":0,"motor_dir":"FWD"}
2026-08-26T14:13:36-0700	ngr/loco/9950012/state/nav	{"event":"AGREE","state":"NORMAL","nav_state":"NORMAL","mm":29,"landmark":"","dir":"CCW","miss_streak":0,"obs":"N","expected":"N","peak":179,"ms":184,"drift":0,"dt":1585,"agree":183,"disagree":0,"lost":0,"scores":[0,0,0,0,0,0],"excluded":[false,false,false,false,false,false],"leader":null,"runner_up":null,"margin":0,"motor_dir":"FWD"}
2026-08-26T14:13:36-0700	ngr/loco/9950012/mm/marker	{"mm":29,"landmark":"","obs":"N","peak":179,"ms":184,"drift":0,"dt":1585,"timing_gate":"ACTIVE","dt_expected":1290,"dt_conserve_ratio":2.43,"pwm":91,"v":15.07}
2026-08-26T14:13:36-0700	ngr/loco/9950012/alert	{"level":"CLEAR","reason":"STATUS","loco":"9950012","uptime_ms":466199,"nav":"NORMAL","moving":1,"pwm":91,"est_mm_s":198,"dir":"CCW","session_dir":"CCW","mdir":"FWD","rear":29,"front":24,"env":1495,"lc_mm":29,"last_confirmed_landmark":"","age_ms":656,"since":0,"dead_reckoned_mm":29,"candidate_mm":-1,"viable":[],"lostm":0,"lost_ms":0,"agree":183,"disagree":0,"losts":0,"auto":0}
2026-08-26T14:13:37-0700	ngr/loco/9950012/state/loopstat	{"loop_max_gap_ms":33,"hall_task_max_gap_ms":2,"hall_task_age_ms":1,"baseline":1804,"raw":1804,"delta":0,"queue_drops":0,"floor_rejects":0,"queue_high_water":1,"mqtt_connect_ms":771,"mqtt_attempts":1,"pub_drops":0,"pub_queue_hw":1,"cmd_drops":0,"pub_per_s":3,"marker_pub_drops":0,"marker_pub_hw":1,"nav":"NORMAL","mm":29,"miss_streak":0,"pwm":91,"lost_markers":0,"lost_ms":0,"motor_dir":"FWD"}
2026-08-26T14:13:37-0700	ngr/loco/9950012/state/start_mm	29
2026-08-26T14:13:37-0700	ngr/loco/9950012/state/nav	{"event":"AGREE","state":"NORMAL","nav_state":"NORMAL","mm":28,"landmark":"","dir":"CCW","miss_streak":0,"obs":"N","expected":"N","peak":180,"ms":184,"drift":0,"dt":1395,"agree":184,"disagree":0,"lost":0,"scores":[0,0,0,0,0,0],"excluded":[false,false,false,false,false,false],"leader":null,"runner_up":null,"margin":0,"motor_dir":"FWD"}
2026-08-26T14:13:37-0700	ngr/loco/9950012/mm/marker	{"mm":28,"landmark":"","obs":"N","peak":180,"ms":184,"drift":0,"dt":1395,"timing_gate":"ACTIVE","dt_expected":1231,"dt_conserve_ratio":2.42,"pwm":91,"v":15.07}
2026-08-26T14:13:37-0700	ngr/loco/9950012/alert	{"level":"CLEAR","reason":"STATUS","loco":"9950012","uptime_ms":467199,"nav":"NORMAL","moving":1,"pwm":91,"est_mm_s":215,"dir":"CCW","session_dir":"CCW","mdir":"FWD","rear":28,"front":23,"env":1495,"lc_mm":28,"last_confirmed_landmark":"","age_ms":261,"since":0,"dead_reckoned_mm":28,"candidate_mm":-1,"viable":[],"lostm":0,"lost_ms":0,"agree":184,"disagree":0,"losts":0,"auto":0}
2026-08-26T14:13:38-0700	ngr/loco/9950012/state/start_mm	28
2026-08-26T14:13:38-0700	ngr/loco/9950012/state/loopstat	{"loop_max_gap_ms":33,"hall_task_max_gap_ms":2,"hall_task_age_ms":1,"baseline":1804,"raw":1804,"delta":0,"queue_drops":0,"floor_rejects":0,"queue_high_water":1,"mqtt_connect_ms":771,"mqtt_attempts":1,"pub_drops":0,"pub_queue_hw":2,"cmd_drops":0,"pub_per_s":5,"marker_pub_drops":0,"marker_pub_hw":1,"nav":"NORMAL","mm":28,"miss_streak":0,"pwm":91,"lost_markers":0,"lost_ms":0,"motor_dir":"FWD"}
2026-08-26T14:13:38-0700	ngr/loco/9950012/alert	{"level":"CLEAR","reason":"STATUS","loco":"9950012","uptime_ms":468199,"nav":"NORMAL","moving":1,"pwm":91,"est_mm_s":215,"dir":"CCW","session_dir":"CCW","mdir":"FWD","rear":28,"front":23,"env":1495,"lc_mm":28,"last_confirmed_landmark":"","age_ms":1261,"since":0,"dead_reckoned_mm":28,"candidate_mm":-1,"viable":[],"lostm":0,"lost_ms":0,"agree":184,"disagree":0,"losts":0,"auto":0}
2026-08-26T14:13:39-0700	ngr/loco/9950012/state/loopstat	{"loop_max_gap_ms":33,"hall_task_max_gap_ms":2,"hall_task_age_ms":1,"baseline":1804,"raw":1629,"delta":-175,"queue_drops":0,"floor_rejects":0,"queue_high_water":0,"mqtt_connect_ms":771,"mqtt_attempts":1,"pub_drops":0,"pub_queue_hw":1,"cmd_drops":0,"pub_per_s":1,"marker_pub_drops":0,"marker_pub_hw":0,"nav":"NORMAL","mm":28,"miss_streak":0,"pwm":91,"lost_markers":0,"lost_ms":0,"motor_dir":"FWD"}
2026-08-26T14:13:39-0700	ngr/loco/9950012/state/nav	{"event":"AGREE","state":"NORMAL","nav_state":"NORMAL","mm":27,"landmark":"","dir":"CCW","miss_streak":0,"obs":"S","expected":"S","peak":182,"ms":196,"drift":0,"dt":1478,"agree":185,"disagree":0,"lost":0,"scores":[0,0,0,0,0,0],"excluded":[false,false,false,false,false,false],"leader":null,"runner_up":null,"margin":0,"motor_dir":"FWD"}
2026-08-26T14:13:39-0700	ngr/loco/9950012/mm/marker	{"mm":27,"landmark":"","obs":"S","peak":182,"ms":196,"drift":0,"dt":1478,"timing_gate":"ACTIVE","dt_expected":1173,"dt_conserve_ratio":2.45,"pwm":91,"v":15.07}
2026-08-26T14:13:39-0700	ngr/loco/9950012/alert	{"level":"CLEAR","reason":"STATUS","loco":"9950012","uptime_ms":469199,"nav":"NORMAL","moving":1,"pwm":91,"est_mm_s":202,"dir":"CCW","session_dir":"CCW","mdir":"FWD","rear":27,"front":22,"env":1500,"lc_mm":27,"last_confirmed_landmark":"","age_ms":783,"since":0,"dead_reckoned_mm":27,"candidate_mm":-1,"viable":[],"lostm":0,"lost_ms":0,"agree":185,"disagree":0,"losts":0,"auto":0}
2026-08-26T14:13:40-0700	ngr/loco/9950012/state/start_mm	27
2026-08-26T14:13:40-0700	ngr/loco/9950012/state/loopstat	{"loop_max_gap_ms":33,"hall_task_max_gap_ms":2,"hall_task_age_ms":1,"baseline":1804,"raw":1805,"delta":1,"queue_drops":0,"floor_rejects":0,"queue_high_water":1,"mqtt_connect_ms":771,"mqtt_attempts":1,"pub_drops":0,"pub_queue_hw":1,"cmd_drops":0,"pub_per_s":4,"marker_pub_drops":0,"marker_pub_hw":1,"nav":"NORMAL","mm":27,"miss_streak":0,"pwm":91,"lost_markers":0,"lost_ms":0,"motor_dir":"FWD"}
2026-08-26T14:13:40-0700	ngr/loco/9950012/state/nav	{"event":"AGREE","state":"NORMAL","nav_state":"NORMAL","mm":26,"landmark":"","dir":"CCW","miss_streak":0,"obs":"S","expected":"S","peak":185,"ms":167,"drift":0,"dt":1314,"agree":186,"disagree":0,"lost":0,"scores":[0,0,0,0,0,0],"excluded":[false,false,false,false,false,false],"leader":null,"runner_up":null,"margin":0,"motor_dir":"FWD"}
2026-08-26T14:13:40-0700	ngr/loco/9950012/mm/marker	{"mm":26,"landmark":"","obs":"S","peak":185,"ms":167,"drift":0,"dt":1314,"timing_gate":"ACTIVE","dt_expected":1173,"dt_conserve_ratio":2.38,"pwm":91,"v":15.07}
2026-08-26T14:13:40-0700	ngr/loco/9950012/telem/voltage	15.07
2026-08-26T14:13:40-0700	ngr/loco/9950012/telem/current	0.37
2026-08-26T14:13:40-0700	ngr/loco/9950012/telem/power	5.57
2026-08-26T14:13:40-0700	ngr/loco/9950012/alert	{"level":"CLEAR","reason":"STATUS","loco":"9950012","uptime_ms":470199,"nav":"NORMAL","moving":1,"pwm":91,"est_mm_s":228,"dir":"CCW","session_dir":"CCW","mdir":"FWD","rear":26,"front":21,"env":1515,"lc_mm":26,"last_confirmed_landmark":"","age_ms":469,"since":0,"dead_reckoned_mm":26,"candidate_mm":-1,"viable":[],"lostm":0,"lost_ms":0,"agree":186,"disagree":0,"losts":0,"auto":0}
2026-08-26T14:13:41-0700	ngr/loco/9950012/state/start_mm	26
2026-08-26T14:13:41-0700	ngr/loco/9950012/state/loopstat	{"loop_max_gap_ms":34,"hall_task_max_gap_ms":2,"hall_task_age_ms":1,"baseline":1804,"raw":1804,"delta":0,"queue_drops":0,"floor_rejects":0,"queue_high_water":1,"mqtt_connect_ms":771,"mqtt_attempts":1,"pub_drops":0,"pub_queue_hw":3,"cmd_drops":0,"pub_per_s":7,"marker_pub_drops":0,"marker_pub_hw":1,"nav":"NORMAL","mm":26,"miss_streak":0,"pwm":91,"lost_markers":0,"lost_ms":0,"motor_dir":"FWD"}
2026-08-26T14:13:41-0700	ngr/loco/9950012/state/nav	{"event":"AGREE","state":"NORMAL","nav_state":"NORMAL","mm":25,"landmark":"","dir":"CCW","miss_streak":0,"obs":"N","expected":"N","peak":178,"ms":163,"drift":0,"dt":1138,"agree":187,"disagree":0,"lost":0,"scores":[0,0,0,0,0,0],"excluded":[false,false,false,false,false,false],"leader":null,"runner_up":null,"margin":0,"motor_dir":"FWD"}
2026-08-26T14:13:41-0700	ngr/loco/9950012/mm/marker	{"mm":25,"landmark":"","obs":"N","peak":178,"ms":163,"drift":0,"dt":1138,"timing_gate":"ACTIVE","dt_expected":1173,"dt_conserve_ratio":2.09,"pwm":91,"v":15.07}
2026-08-26T14:13:41-0700	ngr/loco/9950012/alert	{"level":"CLEAR","reason":"STATUS","loco":"9950012","uptime_ms":471199,"nav":"NORMAL","moving":1,"pwm":91,"est_mm_s":263,"dir":"CCW","session_dir":"CCW","mdir":"FWD","rear":25,"front":20,"env":1530,"lc_mm":25,"last_confirmed_landmark":"","age_ms":331,"since":0,"dead_reckoned_mm":25,"candidate_mm":-1,"viable":[],"lostm":0,"lost_ms":0,"agree":187,"disagree":0,"losts":0,"auto":0}
2026-08-26T14:13:42-0700	ngr/loco/9950012/state/start_mm	25
2026-08-26T14:13:42-0700	ngr/loco/9950012/state/loopstat	{"loop_max_gap_ms":33,"hall_task_max_gap_ms":3,"hall_task_age_ms":1,"baseline":1805,"raw":1805,"delta":0,"queue_drops":0,"floor_rejects":0,"queue_high_water":1,"mqtt_connect_ms":771,"mqtt_attempts":1,"pub_drops":0,"pub_queue_hw":1,"cmd_drops":0,"pub_per_s":4,"marker_pub_drops":0,"marker_pub_hw":1,"nav":"NORMAL","mm":25,"miss_streak":0,"pwm":91,"lost_markers":0,"lost_ms":0,"motor_dir":"FWD"}
2026-08-26T14:13:42-0700	ngr/loco/9950012/state/nav	{"event":"AGREE","state":"NORMAL","nav_state":"NORMAL","mm":24,"landmark":"","dir":"CCW","miss_streak":0,"obs":"N","expected":"N","peak":196,"ms":160,"drift":0,"dt":1118,"agree":188,"disagree":0,"lost":0,"scores":[0,0,0,0,0,0],"excluded":[false,false,false,false,false,false],"leader":null,"runner_up":null,"margin":0,"motor_dir":"FWD"}
2026-08-26T14:13:42-0700	ngr/loco/9950012/mm/marker	{"mm":24,"landmark":"","obs":"N","peak":196,"ms":160,"drift":0,"dt":1118,"timing_gate":"ACTIVE","dt_expected":1173,"dt_conserve_ratio":1.92,"pwm":91,"v":15.07}
2026-08-26T14:13:42-0700	ngr/loco/9950012/alert	{"level":"CLEAR","reason":"STATUS","loco":"9950012","uptime_ms":472199,"nav":"NORMAL","moving":1,"pwm":91,"est_mm_s":263,"dir":"CCW","session_dir":"CCW","mdir":"FWD","rear":24,"front":19,"env":1555,"lc_mm":24,"last_confirmed_landmark":"","age_ms":213,"since":0,"dead_reckoned_mm":24,"candidate_mm":-1,"viable":[],"lostm":0,"lost_ms":0,"agree":188,"disagree":0,"losts":0,"auto":0}
2026-08-26T14:13:43-0700	ngr/loco/9950012/state/start_mm	24
2026-08-26T14:13:43-0700	ngr/loco/9950012/state/loopstat	{"loop_max_gap_ms":33,"hall_task_max_gap_ms":2,"hall_task_age_ms":1,"baseline":1804,"raw":1794,"delta":-10,"queue_drops":0,"floor_rejects":0,"queue_high_water":1,"mqtt_connect_ms":771,"mqtt_attempts":1,"pub_drops":0,"pub_queue_hw":1,"cmd_drops":0,"pub_per_s":4,"marker_pub_drops":0,"marker_pub_hw":1,"nav":"NORMAL","mm":24,"miss_streak":0,"pwm":91,"lost_markers":0,"lost_ms":0,"motor_dir":"FWD"}
2026-08-26T14:13:43-0700	ngr/loco/9950012/alert	{"level":"CLEAR","reason":"STATUS","loco":"9950012","uptime_ms":473199,"nav":"NORMAL","moving":1,"pwm":91,"est_mm_s":263,"dir":"CCW","session_dir":"CCW","mdir":"FWD","rear":24,"front":19,"env":1555,"lc_mm":24,"last_confirmed_landmark":"","age_ms":1213,"since":0,"dead_reckoned_mm":24,"candidate_mm":-1,"viable":[],"lostm":0,"lost_ms":0,"agree":188,"disagree":0,"losts":0,"auto":0}
2026-08-26T14:13:44-0700	ngr/loco/9950012/state/nav	{"event":"AGREE","state":"NORMAL","nav_state":"NORMAL","mm":23,"landmark":"","dir":"CCW","miss_streak":0,"obs":"N","expected":"N","peak":184,"ms":163,"drift":0,"dt":1182,"agree":189,"disagree":0,"lost":0,"scores":[0,0,0,0,0,0],"excluded":[false,false,false,false,false,false],"leader":null,"runner_up":null,"margin":0,"motor_dir":"FWD"}
2026-08-26T14:13:44-0700	ngr/loco/9950012/mm/marker	{"mm":23,"landmark":"","obs":"N","peak":184,"ms":163,"drift":0,"dt":1182,"timing_gate":"ACTIVE","dt_expected":1153,"dt_conserve_ratio":1.99,"pwm":91,"v":15.07}
2026-08-26T14:13:44-0700	ngr/loco/9950012/state/start_mm	23
2026-08-26T14:13:44-0700	ngr/loco/9950012/state/loopstat	{"loop_max_gap_ms":34,"hall_task_max_gap_ms":2,"hall_task_age_ms":1,"baseline":1804,"raw":1805,"delta":1,"queue_drops":0,"floor_rejects":0,"queue_high_water":1,"mqtt_connect_ms":771,"mqtt_attempts":1,"pub_drops":0,"pub_queue_hw":1,"cmd_drops":0,"pub_per_s":4,"marker_pub_drops":0,"marker_pub_hw":1,"nav":"NORMAL","mm":23,"miss_streak":0,"pwm":91,"lost_markers":0,"lost_ms":0,"motor_dir":"FWD"}
2026-08-26T14:13:44-0700	ngr/loco/9950012/alert	{"level":"CLEAR","reason":"STATUS","loco":"9950012","uptime_ms":474199,"nav":"NORMAL","moving":1,"pwm":91,"est_mm_s":253,"dir":"CCW","session_dir":"CCW","mdir":"FWD","rear":23,"front":18,"env":1555,"lc_mm":23,"last_confirmed_landmark":"","age_ms":1031,"since":0,"dead_reckoned_mm":23,"candidate_mm":-1,"viable":[],"lostm":0,"lost_ms":0,"agree":189,"disagree":0,"losts":0,"auto":0}
2026-08-26T14:13:45-0700	ngr/loco/9950012/state/nav	{"event":"AGREE","state":"NORMAL","nav_state":"NORMAL","mm":22,"landmark":"","dir":"CCW","miss_streak":0,"obs":"S","expected":"S","peak":200,"ms":164,"drift":0,"dt":1090,"agree":190,"disagree":0,"lost":0,"scores":[0,0,0,0,0,0],"excluded":[false,false,false,false,false,false],"leader":null,"runner_up":null,"margin":0,"motor_dir":"FWD"}
2026-08-26T14:13:45-0700	ngr/loco/9950012/mm/marker	{"mm":22,"landmark":"","obs":"S","peak":200,"ms":164,"drift":0,"dt":1090,"timing_gate":"ACTIVE","dt_expected":1173,"dt_conserve_ratio":1.94,"pwm":91,"v":15.07}
2026-08-26T14:13:45-0700	ngr/loco/9950012/state/start_mm	22
2026-08-26T14:13:45-0700	ngr/loco/9950012/state/loopstat	{"loop_max_gap_ms":33,"hall_task_max_gap_ms":2,"hall_task_age_ms":1,"baseline":1805,"raw":1808,"delta":3,"queue_drops":0,"floor_rejects":0,"queue_high_water":1,"mqtt_connect_ms":771,"mqtt_attempts":1,"pub_drops":0,"pub_queue_hw":1,"cmd_drops":0,"pub_per_s":4,"marker_pub_drops":0,"marker_pub_hw":1,"nav":"NORMAL","mm":22,"miss_streak":0,"pwm":91,"lost_markers":0,"lost_ms":0,"motor_dir":"FWD"}
2026-08-26T14:13:45-0700	ngr/loco/9950012/telem/voltage	15.07
2026-08-26T14:13:45-0700	ngr/loco/9950012/telem/current	0.43
2026-08-26T14:13:45-0700	ngr/loco/9950012/telem/power	6.52
2026-08-26T14:13:45-0700	ngr/loco/9950012/alert	{"level":"CLEAR","reason":"STATUS","loco":"9950012","uptime_ms":475199,"nav":"NORMAL","moving":1,"pwm":91,"est_mm_s":279,"dir":"CCW","session_dir":"CCW","mdir":"FWD","rear":22,"front":17,"env":1550,"lc_mm":22,"last_confirmed_landmark":"","age_ms":941,"since":0,"dead_reckoned_mm":22,"candidate_mm":-1,"viable":[],"lostm":0,"lost_ms":0,"agree":190,"disagree":0,"losts":0,"auto":0}
2026-08-26T14:13:46-0700	ngr/loco/9950012/state/loopstat	{"loop_max_gap_ms":34,"hall_task_max_gap_ms":3,"hall_task_age_ms":1,"baseline":1805,"raw":1848,"delta":43,"queue_drops":0,"floor_rejects":0,"queue_high_water":0,"mqtt_connect_ms":771,"mqtt_attempts":1,"pub_drops":0,"pub_queue_hw":3,"cmd_drops":0,"pub_per_s":4,"marker_pub_drops":0,"marker_pub_hw":0,"nav":"NORMAL","mm":22,"miss_streak":0,"pwm":91,"lost_markers":0,"lost_ms":0,"motor_dir":"FWD"}
2026-08-26T14:13:46-0700	ngr/loco/9950012/state/nav	{"event":"AGREE","state":"NORMAL","nav_state":"NORMAL","mm":21,"landmark":"","dir":"CCW","miss_streak":0,"obs":"N","expected":"N","peak":185,"ms":189,"drift":0,"dt":1226,"agree":191,"disagree":0,"lost":0,"scores":[0,0,0,0,0,0],"excluded":[false,false,false,false,false,false],"leader":null,"runner_up":null,"margin":0,"motor_dir":"FWD"}
2026-08-26T14:13:46-0700	ngr/loco/9950012/mm/marker	{"mm":21,"landmark":"","obs":"N","peak":185,"ms":189,"drift":0,"dt":1226,"timing_gate":"ACTIVE","dt_expected":1192,"dt_conserve_ratio":1.94,"pwm":91,"v":15.07}
2026-08-26T14:13:46-0700	ngr/loco/9950012/alert	{"level":"CLEAR","reason":"STATUS","loco":"9950012","uptime_ms":476199,"nav":"NORMAL","moving":1,"pwm":91,"est_mm_s":256,"dir":"CCW","session_dir":"CCW","mdir":"FWD","rear":21,"front":16,"env":1545,"lc_mm":21,"last_confirmed_landmark":"","age_ms":715,"since":0,"dead_reckoned_mm":21,"candidate_mm":-1,"viable":[],"lostm":0,"lost_ms":0,"agree":191,"disagree":0,"losts":0,"auto":0}
2026-08-26T14:13:47-0700	ngr/loco/9950012/state/start_mm	21
2026-08-26T14:13:47-0700	ngr/loco/9950012/state/loopstat	{"loop_max_gap_ms":33,"hall_task_max_gap_ms":2,"hall_task_age_ms":1,"baseline":1805,"raw":1805,"delta":0,"queue_drops":0,"floor_rejects":0,"queue_high_water":1,"mqtt_connect_ms":771,"mqtt_attempts":1,"pub_drops":0,"pub_queue_hw":1,"cmd_drops":0,"pub_per_s":4,"marker_pub_drops":0,"marker_pub_hw":1,"nav":"NORMAL","mm":21,"miss_streak":0,"pwm":91,"lost_markers":0,"lost_ms":0,"motor_dir":"FWD"}
2026-08-26T14:13:47-0700	ngr/loco/9950012/state/nav	{"event":"AGREE","state":"NORMAL","nav_state":"NORMAL","mm":20,"landmark":"","dir":"CCW","miss_streak":0,"obs":"S","expected":"S","peak":198,"ms":170,"drift":0,"dt":1478,"agree":192,"disagree":0,"lost":0,"scores":[0,0,0,0,0,0],"excluded":[false,false,false,false,false,false],"leader":null,"runner_up":null,"margin":0,"motor_dir":"FWD"}
2026-08-26T14:13:47-0700	ngr/loco/9950012/mm/marker	{"mm":20,"landmark":"","obs":"S","peak":198,"ms":170,"drift":0,"dt":1478,"timing_gate":"ACTIVE","dt_expected":1231,"dt_conserve_ratio":2.19,"pwm":91,"v":15.07}
2026-08-26T14:13:47-0700	ngr/loco/9950012/alert	{"level":"CLEAR","reason":"STATUS","loco":"9950012","uptime_ms":477199,"nav":"NORMAL","moving":1,"pwm":91,"est_mm_s":213,"dir":"CCW","session_dir":"CCW","mdir":"FWD","rear":20,"front":15,"env":1555,"lc_mm":20,"last_confirmed_landmark":"","age_ms":237,"since":0,"dead_reckoned_mm":20,"candidate_mm":-1,"viable":[],"lostm":0,"lost_ms":0,"agree":192,"disagree":0,"losts":0,"auto":0}
2026-08-26T14:13:48-0700	ngr/loco/9950012/state/start_mm	20
2026-08-26T14:13:48-0700	ngr/loco/9950012/state/loopstat	{"loop_max_gap_ms":33,"hall_task_max_gap_ms":2,"hall_task_age_ms":1,"baseline":1805,"raw":1806,"delta":1,"queue_drops":0,"floor_rejects":0,"queue_high_water":1,"mqtt_connect_ms":771,"mqtt_attempts":1,"pub_drops":0,"pub_queue_hw":1,"cmd_drops":0,"pub_per_s":4,"marker_pub_drops":0,"marker_pub_hw":1,"nav":"NORMAL","mm":20,"miss_streak":0,"pwm":91,"lost_markers":0,"lost_ms":0,"motor_dir":"FWD"}
2026-08-26T14:13:48-0700	ngr/loco/9950012/alert	{"level":"CLEAR","reason":"STATUS","loco":"9950012","uptime_ms":478199,"nav":"NORMAL","moving":1,"pwm":91,"est_mm_s":213,"dir":"CCW","session_dir":"CCW","mdir":"FWD","rear":20,"front":15,"env":1555,"lc_mm":20,"last_confirmed_landmark":"","age_ms":1237,"since":0,"dead_reckoned_mm":20,"candidate_mm":-1,"viable":[],"lostm":0,"lost_ms":0,"agree":192,"disagree":0,"losts":0,"auto":0}
2026-08-26T14:13:49-0700	ngr/loco/9950012/state/nav	{"event":"AGREE","state":"NORMAL","nav_state":"NORMAL","mm":19,"landmark":"","dir":"CCW","miss_streak":0,"obs":"S","expected":"S","peak":209,"ms":169,"drift":0,"dt":1203,"agree":193,"disagree":0,"lost":0,"scores":[0,0,0,0,0,0],"excluded":[false,false,false,false,false,false],"leader":null,"runner_up":null,"margin":0,"motor_dir":"FWD"}
2026-08-26T14:13:49-0700	ngr/loco/9950012/mm/marker	{"mm":19,"landmark":"","obs":"S","peak":209,"ms":169,"drift":0,"dt":1203,"timing_gate":"ACTIVE","dt_expected":1231,"dt_conserve_ratio":2.18,"pwm":91,"v":15.07}
2026-08-26T14:13:49-0700	ngr/loco/9950012/state/start_mm	19
2026-08-26T14:13:49-0700	ngr/loco/9950012/state/loopstat	{"loop_max_gap_ms":33,"hall_task_max_gap_ms":2,"hall_task_age_ms":1,"baseline":1805,"raw":1805,"delta":0,"queue_drops":0,"floor_rejects":0,"queue_high_water":1,"mqtt_connect_ms":771,"mqtt_attempts":1,"pub_drops":0,"pub_queue_hw":1,"cmd_drops":0,"pub_per_s":4,"marker_pub_drops":0,"marker_pub_hw":1,"nav":"NORMAL","mm":19,"miss_streak":0,"pwm":91,"lost_markers":0,"lost_ms":0,"motor_dir":"FWD"}
2026-08-26T14:13:49-0700	ngr/loco/9950012/alert	{"level":"CLEAR","reason":"STATUS","loco":"9950012","uptime_ms":479199,"nav":"NORMAL","moving":1,"pwm":91,"est_mm_s":266,"dir":"CCW","session_dir":"CCW","mdir":"FWD","rear":19,"front":14,"env":1550,"lc_mm":19,"last_confirmed_landmark":"","age_ms":1034,"since":0,"dead_reckoned_mm":19,"candidate_mm":-1,"viable":[],"lostm":0,"lost_ms":0,"agree":193,"disagree":0,"losts":0,"auto":0}
2026-08-26T14:13:50-0700	ngr/loco/9950012/state/nav	{"event":"AGREE","state":"NORMAL","nav_state":"NORMAL","mm":18,"landmark":"","dir":"CCW","miss_streak":0,"obs":"S","expected":"S","peak":205,"ms":161,"drift":0,"dt":1132,"agree":194,"disagree":0,"lost":0,"scores":[0,0,0,0,0,0],"excluded":[false,false,false,false,false,false],"leader":null,"runner_up":null,"margin":0,"motor_dir":"FWD"}
2026-08-26T14:13:50-0700	ngr/loco/9950012/mm/marker	{"mm":18,"landmark":"","obs":"S","peak":205,"ms":161,"drift":0,"dt":1132,"timing_gate":"ACTIVE","dt_expected":1251,"dt_conserve_ratio":1.87,"pwm":91,"v":15.07}
2026-08-26T14:13:50-0700	ngr/loco/9950012/state/start_mm	18
2026-08-26T14:13:50-0700	ngr/loco/9950012/state/loopstat	{"loop_max_gap_ms":33,"hall_task_max_gap_ms":3,"hall_task_age_ms":1,"baseline":1805,"raw":1806,"delta":1,"queue_drops":0,"floor_rejects":0,"queue_high_water":1,"mqtt_connect_ms":771,"mqtt_attempts":1,"pub_drops":0,"pub_queue_hw":1,"cmd_drops":0,"pub_per_s":4,"marker_pub_drops":0,"marker_pub_hw":1,"nav":"NORMAL","mm":18,"miss_streak":0,"pwm":91,"lost_markers":0,"lost_ms":0,"motor_dir":"FWD"}
2026-08-26T14:13:50-0700	ngr/loco/9950012/telem/voltage	15.09
2026-08-26T14:13:50-0700	ngr/loco/9950012/telem/current	0.38
2026-08-26T14:13:50-0700	ngr/loco/9950012/telem/power	5.91
2026-08-26T14:13:50-0700	ngr/loco/9950012/alert	{"level":"CLEAR","reason":"STATUS","loco":"9950012","uptime_ms":480199,"nav":"NORMAL","moving":1,"pwm":91,"est_mm_s":265,"dir":"CCW","session_dir":"CCW","mdir":"FWD","rear":18,"front":13,"env":1565,"lc_mm":18,"last_confirmed_landmark":"","age_ms":902,"since":0,"dead_reckoned_mm":18,"candidate_mm":-1,"viable":[],"lostm":0,"lost_ms":0,"agree":194,"disagree":0,"losts":0,"auto":0}
2026-08-26T14:13:51-0700	ngr/loco/9950012/state/loopstat	{"loop_max_gap_ms":34,"hall_task_max_gap_ms":2,"hall_task_age_ms":1,"baseline":1805,"raw":1925,"delta":120,"queue_drops":0,"floor_rejects":0,"queue_high_water":0,"mqtt_connect_ms":771,"mqtt_attempts":1,"pub_drops":0,"pub_queue_hw":3,"cmd_drops":0,"pub_per_s":4,"marker_pub_drops":0,"marker_pub_hw":0,"nav":"NORMAL","mm":18,"miss_streak":0,"pwm":91,"lost_markers":0,"lost_ms":0,"motor_dir":"FWD"}
2026-08-26T14:13:51-0700	ngr/loco/9950012/state/nav	{"event":"AGREE","state":"NORMAL","nav_state":"NORMAL","mm":17,"landmark":"","dir":"CCW","miss_streak":0,"obs":"N","expected":"N","peak":196,"ms":165,"drift":0,"dt":1164,"agree":195,"disagree":0,"lost":0,"scores":[0,0,0,0,0,0],"excluded":[false,false,false,false,false,false],"leader":null,"runner_up":null,"margin":0,"motor_dir":"FWD"}
2026-08-26T14:13:51-0700	ngr/loco/9950012/mm/marker	{"mm":17,"landmark":"","obs":"N","peak":196,"ms":165,"drift":0,"dt":1164,"timing_gate":"ACTIVE","dt_expected":1173,"dt_conserve_ratio":1.96,"pwm":91,"v":15.09}
2026-08-26T14:13:51-0700	ngr/loco/9950012/alert	{"level":"CLEAR","reason":"STATUS","loco":"9950012","uptime_ms":481199,"nav":"NORMAL","moving":1,"pwm":91,"est_mm_s":257,"dir":"CCW","session_dir":"CCW","mdir":"FWD","rear":17,"front":12,"env":1565,"lc_mm":17,"last_confirmed_landmark":"","age_ms":738,"since":0,"dead_reckoned_mm":17,"candidate_mm":-1,"viable":[],"lostm":0,"lost_ms":0,"agree":195,"disagree":0,"losts":0,"auto":0}
2026-08-26T14:13:52-0700	ngr/loco/9950012/state/start_mm	17
2026-08-26T14:13:52-0700	ngr/loco/9950012/state/loopstat	{"loop_max_gap_ms":34,"hall_task_max_gap_ms":3,"hall_task_age_ms":1,"baseline":1805,"raw":1807,"delta":2,"queue_drops":0,"floor_rejects":0,"queue_high_water":1,"mqtt_connect_ms":771,"mqtt_attempts":1,"pub_drops":0,"pub_queue_hw":1,"cmd_drops":0,"pub_per_s":4,"marker_pub_drops":0,"marker_pub_hw":1,"nav":"NORMAL","mm":17,"miss_streak":0,"pwm":91,"lost_markers":0,"lost_ms":0,"motor_dir":"FWD"}
2026-08-26T14:13:52-0700	ngr/loco/9950012/state/nav	{"event":"AGREE","state":"NORMAL","nav_state":"NORMAL","mm":16,"landmark":"","dir":"CCW","miss_streak":0,"obs":"S","expected":"S","peak":188,"ms":168,"drift":0,"dt":1257,"agree":196,"disagree":0,"lost":0,"scores":[0,0,0,0,0,0],"excluded":[false,false,false,false,false,false],"leader":null,"runner_up":null,"margin":0,"motor_dir":"FWD"}
2026-08-26T14:13:52-0700	ngr/loco/9950012/mm/marker	{"mm":16,"landmark":"","obs":"S","peak":188,"ms":168,"drift":0,"dt":1257,"timing_gate":"ACTIVE","dt_expected":1173,"dt_conserve_ratio":2.06,"pwm":91,"v":15.09}
2026-08-26T14:13:52-0700	ngr/loco/9950012/alert	{"level":"CLEAR","reason":"STATUS","loco":"9950012","uptime_ms":482199,"nav":"NORMAL","moving":1,"pwm":91,"est_mm_s":246,"dir":"CCW","session_dir":"CCW","mdir":"FWD","rear":16,"front":11,"env":1545,"lc_mm":16,"last_confirmed_landmark":"","age_ms":481,"since":0,"dead_reckoned_mm":16,"candidate_mm":-1,"viable":[],"lostm":0,"lost_ms":0,"agree":196,"disagree":0,"losts":0,"auto":0}
2026-08-26T14:13:53-0700	ngr/loco/9950012/state/start_mm	16
2026-08-26T14:13:53-0700	ngr/loco/9950012/state/loopstat	{"loop_max_gap_ms":34,"hall_task_max_gap_ms":3,"hall_task_age_ms":1,"baseline":1805,"raw":1806,"delta":1,"queue_drops":0,"floor_rejects":0,"queue_high_water":1,"mqtt_connect_ms":771,"mqtt_attempts":1,"pub_drops":0,"pub_queue_hw":1,"cmd_drops":0,"pub_per_s":4,"marker_pub_drops":0,"marker_pub_hw":1,"nav":"NORMAL","mm":16,"miss_streak":0,"pwm":91,"lost_markers":0,"lost_ms":0,"motor_dir":"FWD"}
2026-08-26T14:13:53-0700	ngr/loco/9950012/alert	{"level":"CLEAR","reason":"STATUS","loco":"9950012","uptime_ms":483199,"nav":"NORMAL","moving":1,"pwm":91,"est_mm_s":246,"dir":"CCW","session_dir":"CCW","mdir":"FWD","rear":16,"front":11,"env":1545,"lc_mm":16,"last_confirmed_landmark":"","age_ms":1481,"since":0,"dead_reckoned_mm":16,"candidate_mm":-1,"viable":[],"lostm":0,"lost_ms":0,"agree":196,"disagree":0,"losts":0,"auto":0}
2026-08-26T14:13:53-0700	ngr/loco/9950012/state/nav	{"event":"AGREE","state":"NORMAL","nav_state":"NORMAL","mm":15,"landmark":"Patio","dir":"CCW","miss_streak":0,"obs":"S","expected":"S","peak":199,"ms":175,"drift":0,"dt":1307,"agree":197,"disagree":0,"lost":0,"scores":[0,0,0,0,0,0],"excluded":[false,false,false,false,false,false],"leader":null,"runner_up":null,"margin":0,"motor_dir":"FWD"}
2026-08-26T14:13:53-0700	ngr/loco/9950012/mm/marker	{"mm":15,"landmark":"Patio","obs":"S","peak":199,"ms":175,"drift":0,"dt":1307,"timing_gate":"ACTIVE","dt_expected":1212,"dt_conserve_ratio":2.11,"pwm":91,"v":15.09}
2026-08-26T14:13:54-0700	ngr/loco/9950012/state/start_mm	15
2026-08-26T14:13:54-0700	ngr/loco/9950012/state/loopstat	{"loop_max_gap_ms":33,"hall_task_max_gap_ms":3,"hall_task_age_ms":1,"baseline":1805,"raw":1806,"delta":1,"queue_drops":0,"floor_rejects":0,"queue_high_water":1,"mqtt_connect_ms":771,"mqtt_attempts":1,"pub_drops":0,"pub_queue_hw":1,"cmd_drops":0,"pub_per_s":4,"marker_pub_drops":0,"marker_pub_hw":1,"nav":"NORMAL","mm":15,"miss_streak":0,"pwm":91,"lost_markers":0,"lost_ms":0,"motor_dir":"FWD"}
2026-08-26T14:13:54-0700	ngr/loco/9950012/alert	{"level":"CLEAR","reason":"STATUS","loco":"9950012","uptime_ms":484199,"nav":"NORMAL","moving":1,"pwm":91,"est_mm_s":248,"dir":"CCW","session_dir":"CCW","mdir":"FWD","rear":15,"front":10,"env":1520,"lc_mm":15,"last_confirmed_landmark":"Patio","age_ms":1174,"since":0,"dead_reckoned_mm":15,"candidate_mm":-1,"viable":[],"lostm":0,"lost_ms":0,"agree":197,"disagree":0,"losts":0,"auto":0}
2026-08-26T14:13:55-0700	ngr/loco/9950012/state/loopstat	{"loop_max_gap_ms":33,"hall_task_max_gap_ms":3,"hall_task_age_ms":1,"baseline":1805,"raw":1939,"delta":134,"queue_drops":0,"floor_rejects":0,"queue_high_water":0,"mqtt_connect_ms":771,"mqtt_attempts":1,"pub_drops":0,"pub_queue_hw":1,"cmd_drops":0,"pub_per_s":1,"marker_pub_drops":0,"marker_pub_hw":0,"nav":"NORMAL","mm":15,"miss_streak":0,"pwm":91,"lost_markers":0,"lost_ms":0,"motor_dir":"FWD"}
2026-08-26T14:13:55-0700	ngr/loco/9950012/state/nav	{"event":"AGREE","state":"NORMAL","nav_state":"NORMAL","mm":14,"landmark":"","dir":"CCW","miss_streak":0,"obs":"N","expected":"N","peak":188,"ms":196,"drift":0,"dt":1419,"agree":198,"disagree":0,"lost":0,"scores":[0,0,0,0,0,0],"excluded":[false,false,false,false,false,false],"leader":null,"runner_up":null,"margin":0,"motor_dir":"FWD"}
2026-08-26T14:13:55-0700	ngr/loco/9950012/mm/marker	{"mm":14,"landmark":"","obs":"N","peak":188,"ms":196,"drift":0,"dt":1419,"timing_gate":"ACTIVE","dt_expected":1271,"dt_conserve_ratio":2.14,"pwm":91,"v":15.09}
2026-08-26T14:13:55-0700	ngr/loco/9950012/telem/voltage	15.09
2026-08-26T14:13:55-0700	ngr/loco/9950012/telem/current	0.45
2026-08-26T14:13:55-0700	ngr/loco/9950012/telem/power	6.78
2026-08-26T14:13:55-0700	ngr/loco/9950012/alert	{"level":"CLEAR","reason":"STATUS","loco":"9950012","uptime_ms":485199,"nav":"NORMAL","moving":1,"pwm":91,"est_mm_s":221,"dir":"CCW","session_dir":"CCW","mdir":"FWD","rear":14,"front":9,"env":1500,"lc_mm":14,"last_confirmed_landmark":"","age_ms":755,"since":0,"dead_reckoned_mm":14,"candidate_mm":-1,"viable":[],"lostm":0,"lost_ms":0,"agree":198,"disagree":0,"losts":0,"auto":0}
2026-08-26T14:13:56-0700	ngr/loco/9950012/state/start_mm	14
2026-08-26T14:13:56-0700	ngr/loco/9950012/state/loopstat	{"loop_max_gap_ms":33,"hall_task_max_gap_ms":3,"hall_task_age_ms":1,"baseline":1805,"raw":1804,"delta":-1,"queue_drops":0,"floor_rejects":0,"queue_high_water":1,"mqtt_connect_ms":771,"mqtt_attempts":1,"pub_drops":0,"pub_queue_hw":3,"cmd_drops":0,"pub_per_s":7,"marker_pub_drops":0,"marker_pub_hw":1,"nav":"NORMAL","mm":14,"miss_streak":0,"pwm":91,"lost_markers":0,"lost_ms":0,"motor_dir":"FWD"}
2026-08-26T14:13:56-0700	ngr/loco/9950012/state/nav	{"event":"AGREE","state":"NORMAL","nav_state":"NORMAL","mm":13,"landmark":"","dir":"CCW","miss_streak":0,"obs":"N","expected":"N","peak":191,"ms":178,"drift":0,"dt":1461,"agree":199,"disagree":0,"lost":0,"scores":[0,0,0,0,0,0],"excluded":[false,false,false,false,false,false],"leader":null,"runner_up":null,"margin":0,"motor_dir":"FWD"}
2026-08-26T14:13:56-0700	ngr/loco/9950012/mm/marker	{"mm":13,"landmark":"","obs":"N","peak":191,"ms":178,"drift":0,"dt":1461,"timing_gate":"ACTIVE","dt_expected":1231,"dt_conserve_ratio":2.34,"pwm":91,"v":15.09}
2026-08-26T14:13:56-0700	ngr/loco/9950012/alert	{"level":"CLEAR","reason":"STATUS","loco":"9950012","uptime_ms":486199,"nav":"NORMAL","moving":1,"pwm":91,"est_mm_s":215,"dir":"CCW","session_dir":"CCW","mdir":"FWD","rear":13,"front":8,"env":1485,"lc_mm":13,"last_confirmed_landmark":"","age_ms":294,"since":0,"dead_reckoned_mm":13,"candidate_mm":-1,"viable":[],"lostm":0,"lost_ms":0,"agree":199,"disagree":0,"losts":0,"auto":0}
2026-08-26T14:13:57-0700	ngr/loco/9950012/state/start_mm	13
2026-08-26T14:13:57-0700	ngr/loco/9950012/state/loopstat	{"loop_max_gap_ms":34,"hall_task_max_gap_ms":3,"hall_task_age_ms":1,"baseline":1805,"raw":1803,"delta":-2,"queue_drops":0,"floor_rejects":0,"queue_high_water":1,"mqtt_connect_ms":771,"mqtt_attempts":1,"pub_drops":0,"pub_queue_hw":1,"cmd_drops":0,"pub_per_s":4,"marker_pub_drops":0,"marker_pub_hw":1,"nav":"NORMAL","mm":13,"miss_streak":0,"pwm":91,"lost_markers":0,"lost_ms":0,"motor_dir":"FWD"}
2026-08-26T14:13:57-0700	ngr/loco/9950012/alert	{"level":"CLEAR","reason":"STATUS","loco":"9950012","uptime_ms":487199,"nav":"NORMAL","moving":1,"pwm":91,"est_mm_s":215,"dir":"CCW","session_dir":"CCW","mdir":"FWD","rear":13,"front":8,"env":1485,"lc_mm":13,"last_confirmed_landmark":"","age_ms":1294,"since":0,"dead_reckoned_mm":13,"candidate_mm":-1,"viable":[],"lostm":0,"lost_ms":0,"agree":199,"disagree":0,"losts":0,"auto":0}
2026-08-26T14:13:58-0700	ngr/loco/9950012/state/nav	{"event":"AGREE","state":"NORMAL","nav_state":"NORMAL","mm":12,"landmark":"","dir":"CCW","miss_streak":0,"obs":"N","expected":"N","peak":165,"ms":160,"drift":0,"dt":1267,"agree":200,"disagree":0,"lost":0,"scores":[0,0,0,0,0,0],"excluded":[false,false,false,false,false,false],"leader":null,"runner_up":null,"margin":0,"motor_dir":"FWD"}
2026-08-26T14:13:58-0700	ngr/loco/9950012/mm/marker	{"mm":12,"landmark":"","obs":"N","peak":165,"ms":160,"drift":0,"dt":1267,"timing_gate":"ACTIVE","dt_expected":1231,"dt_conserve_ratio":2.21,"pwm":91,"v":15.09}
2026-08-26T14:13:58-0700	ngr/loco/9950012/state/start_mm	12
2026-08-26T14:13:58-0700	ngr/loco/9950012/state/loopstat	{"loop_max_gap_ms":34,"hall_task_max_gap_ms":3,"hall_task_age_ms":1,"baseline":1805,"raw":1803,"delta":-2,"queue_drops":0,"floor_rejects":0,"queue_high_water":1,"mqtt_connect_ms":771,"mqtt_attempts":1,"pub_drops":0,"pub_queue_hw":1,"cmd_drops":0,"pub_per_s":4,"marker_pub_drops":0,"marker_pub_hw":1,"nav":"NORMAL","mm":12,"miss_streak":0,"pwm":91,"lost_markers":0,"lost_ms":0,"motor_dir":"FWD"}
2026-08-26T14:13:58-0700	ngr/loco/9950012/alert	{"level":"CLEAR","reason":"STATUS","loco":"9950012","uptime_ms":488199,"nav":"NORMAL","moving":1,"pwm":91,"est_mm_s":236,"dir":"CCW","session_dir":"CCW","mdir":"FWD","rear":12,"front":7,"env":1485,"lc_mm":12,"last_confirmed_landmark":"","age_ms":1027,"since":0,"dead_reckoned_mm":12,"candidate_mm":-1,"viable":[],"lostm":0,"lost_ms":0,"agree":200,"disagree":0,"losts":0,"auto":0}
2026-08-26T14:13:59-0700	ngr/loco/9950012/state/nav	{"event":"AGREE","state":"NORMAL","nav_state":"NORMAL","mm":11,"landmark":"","dir":"CCW","miss_streak":0,"obs":"N","expected":"N","peak":184,"ms":153,"drift":0,"dt":1085,"agree":201,"disagree":0,"lost":0,"scores":[0,0,0,0,0,0],"excluded":[false,false,false,false,false,false],"leader":null,"runner_up":null,"margin":0,"motor_dir":"FWD"}
2026-08-26T14:13:59-0700	ngr/loco/9950012/mm/marker	{"mm":11,"landmark":"","obs":"N","peak":184,"ms":153,"drift":0,"dt":1085,"timing_gate":"ACTIVE","dt_expected":1173,"dt_conserve_ratio":2.00,"pwm":91,"v":15.09}
2026-08-26T14:13:59-0700	ngr/loco/9950012/state/start_mm	11
2026-08-26T14:13:59-0700	ngr/loco/9950012/state/loopstat	{"loop_max_gap_ms":33,"hall_task_max_gap_ms":3,"hall_task_age_ms":1,"baseline":1805,"raw":1803,"delta":-2,"queue_drops":0,"floor_rejects":0,"queue_high_water":1,"mqtt_connect_ms":771,"mqtt_attempts":1,"pub_drops":0,"pub_queue_hw":1,"cmd_drops":0,"pub_per_s":4,"marker_pub_drops":0,"marker_pub_hw":1,"nav":"NORMAL","mm":11,"miss_streak":0,"pwm":91,"lost_markers":0,"lost_ms":0,"motor_dir":"FWD"}
2026-08-26T14:13:59-0700	ngr/loco/9950012/alert	{"level":"CLEAR","reason":"STATUS","loco":"9950012","uptime_ms":489199,"nav":"NORMAL","moving":1,"pwm":91,"est_mm_s":267,"dir":"CCW","session_dir":"CCW","mdir":"FWD","rear":11,"front":6,"env":1510,"lc_mm":11,"last_confirmed_landmark":"","age_ms":942,"since":0,"dead_reckoned_mm":11,"candidate_mm":-1,"viable":[],"lostm":0,"lost_ms":0,"agree":201,"disagree":0,"losts":0,"auto":0}
2026-08-26T14:14:00-0700	ngr/loco/9950012/state/nav	{"event":"AGREE","state":"NORMAL","nav_state":"NORMAL","mm":10,"landmark":"","dir":"CCW","miss_streak":0,"obs":"S","expected":"S","peak":194,"ms":153,"drift":0,"dt":1058,"agree":202,"disagree":0,"lost":0,"scores":[0,0,0,0,0,0],"excluded":[false,false,false,false,false,false],"leader":null,"runner_up":null,"margin":0,"motor_dir":"FWD"}
2026-08-26T14:14:00-0700	ngr/loco/9950012/mm/marker	{"mm":10,"landmark":"","obs":"S","peak":194,"ms":153,"drift":0,"dt":1058,"timing_gate":"ACTIVE","dt_expected":1134,"dt_conserve_ratio":1.89,"pwm":91,"v":15.09}
2026-08-26T14:14:00-0700	ngr/loco/9950012/state/start_mm	10
2026-08-26T14:14:00-0700	ngr/loco/9950012/state/loopstat	{"loop_max_gap_ms":34,"hall_task_max_gap_ms":2,"hall_task_age_ms":1,"baseline":1805,"raw":1807,"delta":2,"queue_drops":0,"floor_rejects":0,"queue_high_water":1,"mqtt_connect_ms":771,"mqtt_attempts":1,"pub_drops":0,"pub_queue_hw":1,"cmd_drops":0,"pub_per_s":4,"marker_pub_drops":0,"marker_pub_hw":1,"nav":"NORMAL","mm":10,"miss_streak":0,"pwm":91,"lost_markers":0,"lost_ms":0,"motor_dir":"FWD"}
2026-08-26T14:14:00-0700	ngr/loco/9950012/telem/voltage	15.11
2026-08-26T14:14:00-0700	ngr/loco/9950012/telem/current	0.36
2026-08-26T14:14:00-0700	ngr/loco/9950012/telem/power	5.35
2026-08-26T14:14:00-0700	ngr/loco/9950012/alert	{"level":"CLEAR","reason":"STATUS","loco":"9950012","uptime_ms":490199,"nav":"NORMAL","moving":1,"pwm":91,"est_mm_s":283,"dir":"CCW","session_dir":"CCW","mdir":"FWD","rear":10,"front":5,"env":1540,"lc_mm":10,"last_confirmed_landmark":"","age_ms":884,"since":0,"dead_reckoned_mm":10,"candidate_mm":-1,"viable":[],"lostm":0,"lost_ms":0,"agree":202,"disagree":0,"losts":0,"auto":0}
2026-08-26T14:14:01-0700	ngr/loco/9950012/state/loopstat	{"loop_max_gap_ms":34,"hall_task_max_gap_ms":3,"hall_task_age_ms":1,"baseline":1805,"raw":1700,"delta":-105,"queue_drops":0,"floor_rejects":0,"queue_high_water":0,"mqtt_connect_ms":771,"mqtt_attempts":1,"pub_drops":0,"pub_queue_hw":3,"cmd_drops":0,"pub_per_s":4,"marker_pub_drops":0,"marker_pub_hw":0,"nav":"NORMAL","mm":10,"miss_streak":0,"pwm":91,"lost_markers":0,"lost_ms":0,"motor_dir":"FWD"}
2026-08-26T14:14:01-0700	ngr/loco/9950012/state/nav	{"event":"AGREE","state":"NORMAL","nav_state":"NORMAL","mm":9,"landmark":"","dir":"CCW","miss_streak":0,"obs":"S","expected":"S","peak":191,"ms":157,"drift":0,"dt":1070,"agree":203,"disagree":0,"lost":0,"scores":[0,0,0,0,0,0],"excluded":[false,false,false,false,false,false],"leader":null,"runner_up":null,"margin":0,"motor_dir":"FWD"}
2026-08-26T14:14:01-0700	ngr/loco/9950012/mm/marker	{"mm":9,"landmark":"","obs":"S","peak":191,"ms":157,"drift":0,"dt":1070,"timing_gate":"ACTIVE","dt_expected":1173,"dt_conserve_ratio":1.81,"pwm":91,"v":15.11}
2026-08-26T14:14:01-0700	ngr/loco/9950012/alert	{"level":"CLEAR","reason":"STATUS","loco":"9950012","uptime_ms":491199,"nav":"NORMAL","moving":1,"pwm":91,"est_mm_s":275,"dir":"CCW","session_dir":"CCW","mdir":"FWD","rear":9,"front":4,"env":1570,"lc_mm":9,"last_confirmed_landmark":"","age_ms":814,"since":0,"dead_reckoned_mm":9,"candidate_mm":-1,"viable":[],"lostm":0,"lost_ms":0,"agree":203,"disagree":0,"losts":0,"auto":0}
2026-08-26T14:14:02-0700	ngr/loco/9950012/state/start_mm	9
2026-08-26T14:14:02-0700	ngr/loco/9950012/state/loopstat	{"loop_max_gap_ms":23,"hall_task_max_gap_ms":2,"hall_task_age_ms":1,"baseline":1805,"raw":1706,"delta":-99,"queue_drops":0,"floor_rejects":0,"queue_high_water":1,"mqtt_connect_ms":771,"mqtt_attempts":1,"pub_drops":0,"pub_queue_hw":1,"cmd_drops":0,"pub_per_s":4,"marker_pub_drops":0,"marker_pub_hw":1,"nav":"NORMAL","mm":9,"miss_streak":0,"pwm":91,"lost_markers":0,"lost_ms":0,"motor_dir":"FWD"}
2026-08-26T14:14:02-0700	ngr/loco/9950012/state/nav	{"event":"AGREE","state":"NORMAL","nav_state":"NORMAL","mm":8,"landmark":"","dir":"CCW","miss_streak":0,"obs":"S","expected":"S","peak":238,"ms":155,"drift":0,"dt":1090,"agree":204,"disagree":0,"lost":0,"scores":[0,0,0,0,0,0],"excluded":[false,false,false,false,false,false],"leader":null,"runner_up":null,"margin":0,"motor_dir":"FWD"}
2026-08-26T14:14:02-0700	ngr/loco/9950012/mm/marker	{"mm":8,"landmark":"","obs":"S","peak":238,"ms":155,"drift":0,"dt":1090,"timing_gate":"ACTIVE","dt_expected":1153,"dt_conserve_ratio":1.87,"pwm":91,"v":15.11}
2026-08-26T14:14:02-0700	ngr/loco/9950012/alert	{"level":"CLEAR","reason":"STATUS","loco":"9950012","uptime_ms":492199,"nav":"NORMAL","moving":1,"pwm":91,"est_mm_s":275,"dir":"CCW","session_dir":"CCW","mdir":"FWD","rear":8,"front":3,"env":1585,"lc_mm":8,"last_confirmed_landmark":"","age_ms":724,"since":0,"dead_reckoned_mm":8,"candidate_mm":-1,"viable":[],"lostm":0,"lost_ms":0,"agree":204,"disagree":0,"losts":0,"auto":0}
2026-08-26T14:14:03-0700	ngr/loco/9950012/state/loopstat	{"loop_max_gap_ms":23,"hall_task_max_gap_ms":2,"hall_task_age_ms":1,"baseline":1805,"raw":1808,"delta":3,"queue_drops":0,"floor_rejects":0,"queue_high_water":0,"mqtt_connect_ms":771,"mqtt_attempts":1,"pub_drops":0,"pub_queue_hw":1,"cmd_drops":0,"pub_per_s":3,"marker_pub_drops":0,"marker_pub_hw":1,"nav":"NORMAL","mm":8,"miss_streak":0,"pwm":91,"lost_markers":0,"lost_ms":0,"motor_dir":"FWD"}
2026-08-26T14:14:03-0700	ngr/loco/9950012/state/start_mm	8
2026-08-26T14:14:03-0700	ngr/loco/9950012/state/nav	{"event":"AGREE","state":"NORMAL","nav_state":"NORMAL","mm":7,"landmark":"","dir":"CCW","miss_streak":0,"obs":"S","expected":"S","peak":176,"ms":159,"drift":0,"dt":1155,"agree":205,"disagree":0,"lost":0,"scores":[0,0,0,0,0,0],"excluded":[false,false,false,false,false,false],"leader":null,"runner_up":null,"margin":0,"motor_dir":"FWD"}
2026-08-26T14:14:03-0700	ngr/loco/9950012/mm/marker	{"mm":7,"landmark":"","obs":"S","peak":176,"ms":159,"drift":0,"dt":1155,"timing_gate":"ACTIVE","dt_expected":1173,"dt_conserve_ratio":1.91,"pwm":91,"v":15.11}
2026-08-26T14:14:03-0700	ngr/loco/9950012/alert	{"level":"CLEAR","reason":"STATUS","loco":"9950012","uptime_ms":493199,"nav":"NORMAL","moving":1,"pwm":91,"est_mm_s":259,"dir":"CCW","session_dir":"CCW","mdir":"FWD","rear":7,"front":2,"env":1615,"lc_mm":7,"last_confirmed_landmark":"","age_ms":569,"since":0,"dead_reckoned_mm":7,"candidate_mm":-1,"viable":[],"lostm":0,"lost_ms":0,"agree":205,"disagree":0,"losts":0,"auto":0}
2026-08-26T14:14:04-0700	ngr/loco/9950012/state/start_mm	7
2026-08-26T14:14:04-0700	ngr/loco/9950012/state/loopstat	{"loop_max_gap_ms":23,"hall_task_max_gap_ms":3,"hall_task_age_ms":1,"baseline":1805,"raw":1802,"delta":-3,"queue_drops":0,"floor_rejects":0,"queue_high_water":1,"mqtt_connect_ms":771,"mqtt_attempts":1,"pub_drops":0,"pub_queue_hw":2,"cmd_drops":0,"pub_per_s":5,"marker_pub_drops":0,"marker_pub_hw":1,"nav":"NORMAL","mm":7,"miss_streak":0,"pwm":91,"lost_markers":0,"lost_ms":0,"motor_dir":"FWD"}
2026-08-26T14:14:04-0700	ngr/loco/9950012/state/nav	{"event":"AGREE","state":"NORMAL","nav_state":"NORMAL","mm":6,"landmark":"","dir":"CCW","miss_streak":0,"obs":"N","expected":"N","peak":232,"ms":170,"drift":0,"dt":1258,"agree":206,"disagree":0,"lost":0,"scores":[0,0,0,0,0,0],"excluded":[false,false,false,false,false,false],"leader":null,"runner_up":null,"margin":0,"motor_dir":"FWD"}
2026-08-26T14:14:04-0700	ngr/loco/9950012/mm/marker	{"mm":6,"landmark":"","obs":"N","peak":232,"ms":170,"drift":0,"dt":1258,"timing_gate":"ACTIVE","dt_expected":1173,"dt_conserve_ratio":2.06,"pwm":91,"v":15.11}
2026-08-26T14:14:04-0700	ngr/loco/9950012/alert	{"level":"CLEAR","reason":"STATUS","loco":"9950012","uptime_ms":494199,"nav":"NORMAL","moving":1,"pwm":91,"est_mm_s":250,"dir":"CCW","session_dir":"CCW","mdir":"FWD","rear":6,"front":1,"env":1640,"lc_mm":6,"last_confirmed_landmark":"","age_ms":311,"since":0,"dead_reckoned_mm":6,"candidate_mm":-1,"viable":[],"lostm":0,"lost_ms":0,"agree":206,"disagree":0,"losts":0,"auto":0}
2026-08-26T14:14:05-0700	ngr/loco/9950012/state/start_mm	6
2026-08-26T14:14:05-0700	ngr/loco/9950012/state/loopstat	{"loop_max_gap_ms":23,"hall_task_max_gap_ms":2,"hall_task_age_ms":1,"baseline":1805,"raw":1805,"delta":0,"queue_drops":0,"floor_rejects":0,"queue_high_water":1,"mqtt_connect_ms":771,"mqtt_attempts":1,"pub_drops":0,"pub_queue_hw":1,"cmd_drops":0,"pub_per_s":4,"marker_pub_drops":0,"marker_pub_hw":1,"nav":"NORMAL","mm":6,"miss_streak":0,"pwm":91,"lost_markers":0,"lost_ms":0,"motor_dir":"FWD"}
2026-08-26T14:14:05-0700	ngr/loco/9950012/telem/voltage	15.10
2026-08-26T14:14:05-0700	ngr/loco/9950012/telem/current	0.36
2026-08-26T14:14:05-0700	ngr/loco/9950012/telem/power	3.43
2026-08-26T14:14:05-0700	ngr/loco/9950012/alert	{"level":"CLEAR","reason":"STATUS","loco":"9950012","uptime_ms":495199,"nav":"NORMAL","moving":1,"pwm":91,"est_mm_s":250,"dir":"CCW","session_dir":"CCW","mdir":"FWD","rear":6,"front":1,"env":1640,"lc_mm":6,"last_confirmed_landmark":"","age_ms":1311,"since":0,"dead_reckoned_mm":6,"candidate_mm":-1,"viable":[],"lostm":0,"lost_ms":0,"agree":206,"disagree":0,"losts":0,"auto":0}
2026-08-26T14:14:06-0700	ngr/loco/9950012/state/nav	{"event":"AGREE","state":"NORMAL","nav_state":"NORMAL","mm":5,"landmark":"","dir":"CCW","miss_streak":0,"obs":"N","expected":"N","peak":216,"ms":169,"drift":0,"dt":1434,"agree":207,"disagree":0,"lost":0,"scores":[0,0,0,0,0,0],"excluded":[false,false,false,false,false,false],"leader":null,"runner_up":null,"margin":0,"motor_dir":"FWD"}
2026-08-26T14:14:06-0700	ngr/loco/9950012/state/loopstat	{"loop_max_gap_ms":34,"hall_task_max_gap_ms":3,"hall_task_age_ms":1,"baseline":1805,"raw":1807,"delta":2,"queue_drops":0,"floor_rejects":0,"queue_high_water":0,"mqtt_connect_ms":771,"mqtt_attempts":1,"pub_drops":0,"pub_queue_hw":3,"cmd_drops":0,"pub_per_s":4,"marker_pub_drops":0,"marker_pub_hw":0,"nav":"NORMAL","mm":6,"miss_streak":0,"pwm":91,"lost_markers":0,"lost_ms":0,"motor_dir":"FWD"}
2026-08-26T14:14:06-0700	ngr/loco/9950012/mm/marker	{"mm":5,"landmark":"","obs":"N","peak":216,"ms":169,"drift":0,"dt":1434,"timing_gate":"ACTIVE","dt_expected":1231,"dt_conserve_ratio":2.19,"pwm":91,"v":15.10}
2026-08-26T14:14:06-0700	ngr/loco/9950012/alert	{"level":"CLEAR","reason":"STATUS","loco":"9950012","uptime_ms":496199,"nav":"NORMAL","moving":1,"pwm":91,"est_mm_s":230,"dir":"CCW","session_dir":"CCW","mdir":"FWD","rear":5,"front":0,"env":1640,"lc_mm":5,"last_confirmed_landmark":"","age_ms":877,"since":0,"dead_reckoned_mm":5,"candidate_mm":-1,"viable":[],"lostm":0,"lost_ms":0,"agree":207,"disagree":0,"losts":0,"auto":0}
2026-08-26T14:14:07-0700	ngr/loco/9950012/state/start_mm	5
2026-08-26T14:14:07-0700	ngr/loco/9950012/state/loopstat	{"loop_max_gap_ms":23,"hall_task_max_gap_ms":3,"hall_task_age_ms":1,"baseline":1805,"raw":1810,"delta":5,"queue_drops":0,"floor_rejects":0,"queue_high_water":1,"mqtt_connect_ms":771,"mqtt_attempts":1,"pub_drops":0,"pub_queue_hw":1,"cmd_drops":0,"pub_per_s":4,"marker_pub_drops":0,"marker_pub_hw":1,"nav":"NORMAL","mm":5,"miss_streak":0,"pwm":91,"lost_markers":0,"lost_ms":0,"motor_dir":"FWD"}
2026-08-26T14:14:07-0700	ngr/loco/9950012/state/nav	{"event":"AGREE","state":"NORMAL","nav_state":"NORMAL","mm":4,"landmark":"","dir":"CCW","miss_streak":0,"obs":"S","expected":"S","peak":250,"ms":174,"drift":0,"dt":1297,"agree":208,"disagree":0,"lost":0,"scores":[0,0,0,0,0,0],"excluded":[false,false,false,false,false,false],"leader":null,"runner_up":null,"margin":0,"motor_dir":"FWD"}
2026-08-26T14:14:07-0700	ngr/loco/9950012/mm/marker	{"mm":4,"landmark":"","obs":"S","peak":250,"ms":174,"drift":0,"dt":1297,"timing_gate":"ACTIVE","dt_expected":1290,"dt_conserve_ratio":2.12,"pwm":91,"v":15.10}
2026-08-26T14:14:07-0700	ngr/loco/9950012/alert	{"level":"CLEAR","reason":"STATUS","loco":"9950012","uptime_ms":497199,"nav":"NORMAL","moving":1,"pwm":91,"est_mm_s":250,"dir":"CCW","session_dir":"CCW","mdir":"FWD","rear":4,"front":170,"env":1645,"lc_mm":4,"last_confirmed_landmark":"","age_ms":580,"since":0,"dead_reckoned_mm":4,"candidate_mm":-1,"viable":[],"lostm":0,"lost_ms":0,"agree":208,"disagree":0,"losts":0,"auto":0}
2026-08-26T14:14:08-0700	ngr/loco/9950012/state/start_mm	4
2026-08-26T14:14:08-0700	ngr/loco/9950012/state/loopstat	{"loop_max_gap_ms":33,"hall_task_max_gap_ms":2,"hall_task_age_ms":1,"baseline":1805,"raw":1805,"delta":0,"queue_drops":0,"floor_rejects":0,"queue_high_water":1,"mqtt_connect_ms":771,"mqtt_attempts":1,"pub_drops":0,"pub_queue_hw":1,"cmd_drops":0,"pub_per_s":4,"marker_pub_drops":0,"marker_pub_hw":1,"nav":"NORMAL","mm":4,"miss_streak":0,"pwm":91,"lost_markers":0,"lost_ms":0,"motor_dir":"FWD"}
2026-08-26T14:14:08-0700	ngr/loco/9950012/state/nav	{"event":"AGREE","state":"NORMAL","nav_state":"NORMAL","mm":3,"landmark":"","dir":"CCW","miss_streak":0,"obs":"S","expected":"S","peak":253,"ms":177,"drift":0,"dt":1289,"agree":209,"disagree":0,"lost":0,"scores":[0,0,0,0,0,0],"excluded":[false,false,false,false,false,false],"leader":null,"runner_up":null,"margin":0,"motor_dir":"FWD"}
2026-08-26T14:14:08-0700	ngr/loco/9950012/mm/marker	{"mm":3,"landmark":"","obs":"S","peak":253,"ms":177,"drift":0,"dt":1289,"timing_gate":"ACTIVE","dt_expected":1271,"dt_conserve_ratio":2.03,"pwm":91,"v":15.10}
2026-08-26T14:14:08-0700	ngr/loco/9950012/alert	{"level":"CLEAR","reason":"STATUS","loco":"9950012","uptime_ms":498199,"nav":"NORMAL","moving":1,"pwm":91,"est_mm_s":244,"dir":"CCW","session_dir":"CCW","mdir":"FWD","rear":3,"front":169,"env":1660,"lc_mm":3,"last_confirmed_landmark":"","age_ms":291,"since":0,"dead_reckoned_mm":3,"candidate_mm":-1,"viable":[],"lostm":0,"lost_ms":0,"agree":209,"disagree":0,"losts":0,"auto":0}
2026-08-26T14:14:09-0700	ngr/loco/9950012/state/start_mm	3
2026-08-26T14:14:09-0700	ngr/loco/9950012/state/loopstat	{"loop_max_gap_ms":34,"hall_task_max_gap_ms":2,"hall_task_age_ms":1,"baseline":1805,"raw":1804,"delta":-1,"queue_drops":0,"floor_rejects":0,"queue_high_water":1,"mqtt_connect_ms":771,"mqtt_attempts":1,"pub_drops":0,"pub_queue_hw":1,"cmd_drops":0,"pub_per_s":4,"marker_pub_drops":0,"marker_pub_hw":1,"nav":"NORMAL","mm":3,"miss_streak":0,"pwm":91,"lost_markers":0,"lost_ms":0,"motor_dir":"FWD"}
2026-08-26T14:14:09-0700	ngr/loco/9950012/alert	{"level":"CLEAR","reason":"STATUS","loco":"9950012","uptime_ms":499199,"nav":"NORMAL","moving":1,"pwm":91,"est_mm_s":244,"dir":"CCW","session_dir":"CCW","mdir":"FWD","rear":3,"front":169,"env":1660,"lc_mm":3,"last_confirmed_landmark":"","age_ms":1291,"since":0,"dead_reckoned_mm":3,"candidate_mm":-1,"viable":[],"lostm":0,"lost_ms":0,"agree":209,"disagree":0,"losts":0,"auto":0}
2026-08-26T14:14:10-0700	ngr/loco/9950012/state/nav	{"event":"AGREE","state":"NORMAL","nav_state":"NORMAL","mm":2,"landmark":"","dir":"CCW","miss_streak":0,"obs":"S","expected":"S","peak":242,"ms":166,"drift":0,"dt":1328,"agree":210,"disagree":0,"lost":0,"scores":[0,0,0,0,0,0],"excluded":[false,false,false,false,false,false],"leader":null,"runner_up":null,"margin":0,"motor_dir":"FWD"}
2026-08-26T14:14:10-0700	ngr/loco/9950012/mm/marker	{"mm":2,"landmark":"","obs":"S","peak":242,"ms":166,"drift":0,"dt":1328,"timing_gate":"ACTIVE","dt_expected":1231,"dt_conserve_ratio":2.12,"pwm":91,"v":15.10}
2026-08-26T14:14:10-0700	ngr/loco/9950012/state/start_mm	2
2026-08-26T14:14:10-0700	ngr/loco/9950012/state/loopstat	{"loop_max_gap_ms":33,"hall_task_max_gap_ms":2,"hall_task_age_ms":1,"baseline":1805,"raw":1809,"delta":4,"queue_drops":0,"floor_rejects":0,"queue_high_water":1,"mqtt_connect_ms":771,"mqtt_attempts":1,"pub_drops":0,"pub_queue_hw":1,"cmd_drops":0,"pub_per_s":4,"marker_pub_drops":0,"marker_pub_hw":1,"nav":"NORMAL","mm":2,"miss_streak":0,"pwm":91,"lost_markers":0,"lost_ms":0,"motor_dir":"FWD"}
2026-08-26T14:14:10-0700	ngr/loco/9950012/telem/voltage	15.10
2026-08-26T14:14:10-0700	ngr/loco/9950012/telem/current	0.36
2026-08-26T14:14:10-0700	ngr/loco/9950012/telem/power	5.32
2026-08-26T14:14:10-0700	ngr/loco/9950012/alert	{"level":"CLEAR","reason":"STATUS","loco":"9950012","uptime_ms":500199,"nav":"NORMAL","moving":1,"pwm":91,"est_mm_s":248,"dir":"CCW","session_dir":"CCW","mdir":"FWD","rear":2,"front":168,"env":1660,"lc_mm":2,"last_confirmed_landmark":"","age_ms":963,"since":0,"dead_reckoned_mm":2,"candidate_mm":-1,"viable":[],"lostm":0,"lost_ms":0,"agree":210,"disagree":0,"losts":0,"auto":0}
2026-08-26T14:14:11-0700	ngr/loco/9950012/state/loopstat	{"loop_max_gap_ms":34,"hall_task_max_gap_ms":2,"hall_task_age_ms":1,"baseline":1805,"raw":1792,"delta":-13,"queue_drops":0,"floor_rejects":0,"queue_high_water":0,"mqtt_connect_ms":771,"mqtt_attempts":1,"pub_drops":0,"pub_queue_hw":3,"cmd_drops":0,"pub_per_s":4,"marker_pub_drops":0,"marker_pub_hw":0,"nav":"NORMAL","mm":2,"miss_streak":0,"pwm":91,"lost_markers":0,"lost_ms":0,"motor_dir":"FWD"}
2026-08-26T14:14:11-0700	ngr/loco/9950012/state/nav	{"event":"AGREE","state":"NORMAL","nav_state":"NORMAL","mm":1,"landmark":"","dir":"CCW","miss_streak":0,"obs":"N","expected":"N","peak":285,"ms":156,"drift":0,"dt":1306,"agree":211,"disagree":0,"lost":0,"scores":[0,0,0,0,0,0],"excluded":[false,false,false,false,false,false],"leader":null,"runner_up":null,"margin":0,"motor_dir":"FWD"}
2026-08-26T14:14:11-0700	ngr/loco/9950012/mm/marker	{"mm":1,"landmark":"","obs":"N","peak":285,"ms":156,"drift":0,"dt":1306,"timing_gate":"ACTIVE","dt_expected":1290,"dt_conserve_ratio":2.04,"pwm":91,"v":15.10}
2026-08-26T14:14:11-0700	ngr/loco/9950012/alert	{"level":"CLEAR","reason":"STATUS","loco":"9950012","uptime_ms":501199,"nav":"NORMAL","moving":1,"pwm":91,"est_mm_s":260,"dir":"CCW","session_dir":"CCW","mdir":"FWD","rear":1,"front":167,"env":1675,"lc_mm":1,"last_confirmed_landmark":"","age_ms":657,"since":0,"dead_reckoned_mm":1,"candidate_mm":-1,"viable":[],"lostm":0,"lost_ms":0,"agree":211,"disagree":0,"losts":0,"auto":0}
2026-08-26T14:14:12-0700	ngr/loco/9950012/state/start_mm	1
2026-08-26T14:14:12-0700	ngr/loco/9950012/state/loopstat	{"loop_max_gap_ms":33,"hall_task_max_gap_ms":3,"hall_task_age_ms":1,"baseline":1805,"raw":1805,"delta":0,"queue_drops":0,"floor_rejects":0,"queue_high_water":1,"mqtt_connect_ms":771,"mqtt_attempts":1,"pub_drops":0,"pub_queue_hw":1,"cmd_drops":0,"pub_per_s":4,"marker_pub_drops":0,"marker_pub_hw":1,"nav":"NORMAL","mm":1,"miss_streak":0,"pwm":91,"lost_markers":0,"lost_ms":0,"motor_dir":"FWD"}
2026-08-26T14:14:12-0700	ngr/loco/9950012/state/nav	{"event":"AGREE","state":"NORMAL","nav_state":"NORMAL","mm":0,"landmark":"Southpoint","dir":"CCW","miss_streak":0,"obs":"N","expected":"N","peak":207,"ms":160,"drift":0,"dt":1228,"agree":212,"disagree":0,"lost":0,"scores":[0,0,0,0,0,0],"excluded":[false,false,false,false,false,false],"leader":null,"runner_up":null,"margin":0,"motor_dir":"FWD"}
2026-08-26T14:14:12-0700	ngr/loco/9950012/mm/marker	{"mm":0,"landmark":"Southpoint","obs":"N","peak":207,"ms":160,"drift":0,"dt":1228,"timing_gate":"ACTIVE","dt_expected":1329,"dt_conserve_ratio":1.91,"pwm":91,"v":15.10}
2026-08-26T14:14:12-0700	ngr/loco/9950012/alert	{"level":"CLEAR","reason":"STATUS","loco":"9950012","uptime_ms":502199,"nav":"NORMAL","moving":1,"pwm":91,"est_mm_s":268,"dir":"CCW","session_dir":"CCW","mdir":"FWD","rear":0,"front":166,"env":1660,"lc_mm":0,"last_confirmed_landmark":"Southpoint","age_ms":429,"since":0,"dead_reckoned_mm":0,"candidate_mm":-1,"viable":[],"lostm":0,"lost_ms":0,"agree":212,"disagree":0,"losts":0,"auto":0}
2026-08-26T14:14:13-0700	ngr/loco/9950012/state/start_mm	0
2026-08-26T14:14:13-0700	ngr/loco/9950012/state/loopstat	{"loop_max_gap_ms":34,"hall_task_max_gap_ms":3,"hall_task_age_ms":1,"baseline":1805,"raw":1809,"delta":4,"queue_drops":0,"floor_rejects":0,"queue_high_water":1,"mqtt_connect_ms":771,"mqtt_attempts":1,"pub_drops":0,"pub_queue_hw":1,"cmd_drops":0,"pub_per_s":4,"marker_pub_drops":0,"marker_pub_hw":1,"nav":"NORMAL","mm":0,"miss_streak":0,"pwm":91,"lost_markers":0,"lost_ms":0,"motor_dir":"FWD"}
2026-08-26T14:14:13-0700	ngr/loco/9950012/state/nav	{"event":"AGREE","state":"NORMAL","nav_state":"NORMAL","mm":170,"landmark":"","dir":"CCW","miss_streak":0,"obs":"S","expected":"S","peak":227,"ms":160,"drift":0,"dt":1232,"agree":213,"disagree":0,"lost":0,"scores":[0,0,0,0,0,0],"excluded":[false,false,false,false,false,false],"leader":null,"runner_up":null,"margin":0,"motor_dir":"FWD"}
2026-08-26T14:14:13-0700	ngr/loco/9950012/mm/marker	{"mm":170,"landmark":"","obs":"S","peak":227,"ms":160,"drift":0,"dt":1232,"timing_gate":"ACTIVE","dt_expected":1290,"dt_conserve_ratio":1.91,"pwm":91,"v":15.10}
2026-08-26T14:14:13-0700	ngr/loco/9950012/alert	{"level":"CLEAR","reason":"STATUS","loco":"9950012","uptime_ms":503199,"nav":"NORMAL","moving":1,"pwm":91,"est_mm_s":267,"dir":"CCW","session_dir":"CCW","mdir":"FWD","rear":170,"front":165,"env":1655,"lc_mm":170,"last_confirmed_landmark":"","age_ms":197,"since":0,"dead_reckoned_mm":170,"candidate_mm":-1,"viable":[],"lostm":0,"lost_ms":0,"agree":213,"disagree":0,"losts":0,"auto":0}
2026-08-26T14:14:14-0700	ngr/loco/9950012/state/start_mm	170
2026-08-26T14:14:14-0700	ngr/loco/9950012/state/loopstat	{"loop_max_gap_ms":33,"hall_task_max_gap_ms":2,"hall_task_age_ms":1,"baseline":1805,"raw":1805,"delta":0,"queue_drops":0,"floor_rejects":0,"queue_high_water":1,"mqtt_connect_ms":771,"mqtt_attempts":1,"pub_drops":0,"pub_queue_hw":1,"cmd_drops":0,"pub_per_s":4,"marker_pub_drops":0,"marker_pub_hw":1,"nav":"NORMAL","mm":170,"miss_streak":0,"pwm":91,"lost_markers":0,"lost_ms":0,"motor_dir":"FWD"}
2026-08-26T14:14:14-0700	ngr/loco/9950012/alert	{"level":"CLEAR","reason":"STATUS","loco":"9950012","uptime_ms":504199,"nav":"NORMAL","moving":1,"pwm":91,"est_mm_s":267,"dir":"CCW","session_dir":"CCW","mdir":"FWD","rear":170,"front":165,"env":1655,"lc_mm":170,"last_confirmed_landmark":"","age_ms":1197,"since":0,"dead_reckoned_mm":170,"candidate_mm":-1,"viable":[],"lostm":0,"lost_ms":0,"agree":213,"disagree":0,"losts":0,"auto":0}
2026-08-26T14:14:15-0700	ngr/loco/9950012/state/nav	{"event":"AGREE","state":"NORMAL","nav_state":"NORMAL","mm":169,"landmark":"","dir":"CCW","miss_streak":0,"obs":"N","expected":"N","peak":167,"ms":159,"drift":0,"dt":1259,"agree":214,"disagree":0,"lost":0,"scores":[0,0,0,0,0,0],"excluded":[false,false,false,false,false,false],"leader":null,"runner_up":null,"margin":0,"motor_dir":"FWD"}
2026-08-26T14:14:15-0700	ngr/loco/9950012/mm/marker	{"mm":169,"landmark":"","obs":"N","peak":167,"ms":159,"drift":0,"dt":1259,"timing_gate":"ACTIVE","dt_expected":1290,"dt_conserve_ratio":1.93,"pwm":91,"v":15.10}
2026-08-26T14:14:15-0700	ngr/loco/9950012/state/start_mm	169
2026-08-26T14:14:15-0700	ngr/loco/9950012/state/loopstat	{"loop_max_gap_ms":34,"hall_task_max_gap_ms":3,"hall_task_age_ms":1,"baseline":1805,"raw":1807,"delta":2,"queue_drops":0,"floor_rejects":0,"queue_high_water":1,"mqtt_connect_ms":771,"mqtt_attempts":1,"pub_drops":0,"pub_queue_hw":1,"cmd_drops":0,"pub_per_s":4,"marker_pub_drops":0,"marker_pub_hw":1,"nav":"NORMAL","mm":169,"miss_streak":0,"pwm":91,"lost_markers":0,"lost_ms":0,"motor_dir":"FWD"}
2026-08-26T14:14:15-0700	ngr/loco/9950012/telem/voltage	15.12
2026-08-26T14:14:15-0700	ngr/loco/9950012/telem/current	0.25
2026-08-26T14:14:15-0700	ngr/loco/9950012/telem/power	3.82
2026-08-26T14:14:15-0700	ngr/loco/9950012/alert	{"level":"CLEAR","reason":"STATUS","loco":"9950012","uptime_ms":505199,"nav":"NORMAL","moving":1,"pwm":91,"est_mm_s":262,"dir":"CCW","session_dir":"CCW","mdir":"FWD","rear":169,"front":164,"env":1645,"lc_mm":169,"last_confirmed_landmark":"","age_ms":938,"since":0,"dead_reckoned_mm":169,"candidate_mm":-1,"viable":[],"lostm":0,"lost_ms":0,"agree":214,"disagree":0,"losts":0,"auto":0}
2026-08-26T14:14:16-0700	ngr/loco/9950012/state/loopstat	{"loop_max_gap_ms":34,"hall_task_max_gap_ms":2,"hall_task_age_ms":1,"baseline":1805,"raw":1795,"delta":-10,"queue_drops":0,"floor_rejects":0,"queue_high_water":0,"mqtt_connect_ms":771,"mqtt_attempts":1,"pub_drops":0,"pub_queue_hw":3,"cmd_drops":0,"pub_per_s":4,"marker_pub_drops":0,"marker_pub_hw":0,"nav":"NORMAL","mm":169,"miss_streak":0,"pwm":91,"lost_markers":0,"lost_ms":0,"motor_dir":"FWD"}
2026-08-26T14:14:16-0700	ngr/loco/9950012/state/nav	{"event":"AGREE","state":"NORMAL","nav_state":"NORMAL","mm":168,"landmark":"","dir":"CCW","miss_streak":0,"obs":"N","expected":"N","peak":199,"ms":168,"drift":0,"dt":1316,"agree":215,"disagree":0,"lost":0,"scores":[0,0,0,0,0,0],"excluded":[false,false,false,false,false,false],"leader":null,"runner_up":null,"margin":0,"motor_dir":"FWD"}
2026-08-26T14:14:16-0700	ngr/loco/9950012/mm/marker	{"mm":168,"landmark":"","obs":"N","peak":199,"ms":168,"drift":0,"dt":1316,"timing_gate":"ACTIVE","dt_expected":1290,"dt_conserve_ratio":2.00,"pwm":91,"v":15.12}
2026-08-26T14:14:16-0700	ngr/loco/9950012/alert	{"level":"CLEAR","reason":"STATUS","loco":"9950012","uptime_ms":506199,"nav":"NORMAL","moving":1,"pwm":91,"est_mm_s":250,"dir":"CCW","session_dir":"CCW","mdir":"FWD","rear":168,"front":163,"env":1645,"lc_mm":168,"last_confirmed_landmark":"","age_ms":622,"since":0,"dead_reckoned_mm":168,"candidate_mm":-1,"viable":[],"lostm":0,"lost_ms":0,"agree":215,"disagree":0,"losts":0,"auto":0}
2026-08-26T14:14:17-0700	ngr/loco/9950012/state/loopstat	{"loop_max_gap_ms":34,"hall_task_max_gap_ms":2,"hall_task_age_ms":1,"baseline":1805,"raw":1805,"delta":0,"queue_drops":0,"floor_rejects":0,"queue_high_water":1,"mqtt_connect_ms":771,"mqtt_attempts":1,"pub_drops":0,"pub_queue_hw":1,"cmd_drops":0,"pub_per_s":3,"marker_pub_drops":0,"marker_pub_hw":1,"nav":"NORMAL","mm":168,"miss_streak":0,"pwm":91,"lost_markers":0,"lost_ms":0,"motor_dir":"FWD"}
2026-08-26T14:14:17-0700	ngr/loco/9950012/state/start_mm	168
2026-08-26T14:14:17-0700	ngr/loco/9950012/state/nav	{"event":"AGREE","state":"NORMAL","nav_state":"NORMAL","mm":167,"landmark":"","dir":"CCW","miss_streak":0,"obs":"N","expected":"N","peak":179,"ms":166,"drift":0,"dt":1455,"agree":216,"disagree":0,"lost":0,"scores":[0,0,0,0,0,0],"excluded":[false,false,false,false,false,false],"leader":null,"runner_up":null,"margin":0,"motor_dir":"FWD"}
2026-08-26T14:14:17-0700	ngr/loco/9950012/mm/marker	{"mm":167,"landmark":"","obs":"N","peak":179,"ms":166,"drift":0,"dt":1455,"timing_gate":"ACTIVE","dt_expected":1290,"dt_conserve_ratio":2.15,"pwm":91,"v":15.12}
2026-08-26T14:14:17-0700	ngr/loco/9950012/alert	{"level":"CLEAR","reason":"STATUS","loco":"9950012","uptime_ms":507221,"nav":"NORMAL","moving":1,"pwm":91,"est_mm_s":243,"dir":"CCW","session_dir":"CCW","mdir":"FWD","rear":167,"front":162,"env":1620,"lc_mm":167,"last_confirmed_landmark":"","age_ms":189,"since":0,"dead_reckoned_mm":167,"candidate_mm":-1,"viable":[],"lostm":0,"lost_ms":0,"agree":216,"disagree":0,"losts":0,"auto":0}
2026-08-26T14:14:18-0700	ngr/loco/9950012/state/start_mm	167
2026-08-26T14:14:18-0700	ngr/loco/9950012/state/loopstat	{"loop_max_gap_ms":56,"hall_task_max_gap_ms":3,"hall_task_age_ms":1,"baseline":1805,"raw":1806,"delta":1,"queue_drops":0,"floor_rejects":0,"queue_high_water":1,"mqtt_connect_ms":771,"mqtt_attempts":1,"pub_drops":0,"pub_queue_hw":2,"cmd_drops":0,"pub_per_s":5,"marker_pub_drops":0,"marker_pub_hw":1,"nav":"NORMAL","mm":167,"miss_streak":0,"pwm":91,"lost_markers":0,"lost_ms":0,"motor_dir":"FWD"}
2026-08-26T14:14:18-0700	ngr/loco/9950012/alert	{"level":"CLEAR","reason":"STATUS","loco":"9950012","uptime_ms":508221,"nav":"NORMAL","moving":1,"pwm":91,"est_mm_s":243,"dir":"CCW","session_dir":"CCW","mdir":"FWD","rear":167,"front":162,"env":1620,"lc_mm":167,"last_confirmed_landmark":"","age_ms":1189,"since":0,"dead_reckoned_mm":167,"candidate_mm":-1,"viable":[],"lostm":0,"lost_ms":0,"agree":216,"disagree":0,"losts":0,"auto":0}
2026-08-26T14:14:19-0700	ngr/loco/9950012/state/loopstat	{"loop_max_gap_ms":34,"hall_task_max_gap_ms":2,"hall_task_age_ms":1,"baseline":1805,"raw":1626,"delta":-179,"queue_drops":0,"floor_rejects":0,"queue_high_water":0,"mqtt_connect_ms":771,"mqtt_attempts":1,"pub_drops":0,"pub_queue_hw":1,"cmd_drops":0,"pub_per_s":1,"marker_pub_drops":0,"marker_pub_hw":0,"nav":"NORMAL","mm":167,"miss_streak":0,"pwm":91,"lost_markers":0,"lost_ms":0,"motor_dir":"FWD"}
2026-08-26T14:14:19-0700	ngr/loco/9950012/state/nav	{"event":"AGREE","state":"NORMAL","nav_state":"NORMAL","mm":166,"landmark":"","dir":"CCW","miss_streak":0,"obs":"S","expected":"S","peak":186,"ms":192,"drift":0,"dt":1367,"agree":217,"disagree":0,"lost":0,"scores":[0,0,0,0,0,0],"excluded":[false,false,false,false,false,false],"leader":null,"runner_up":null,"margin":0,"motor_dir":"FWD"}
2026-08-26T14:14:19-0700	ngr/loco/9950012/mm/marker	{"mm":166,"landmark":"","obs":"S","peak":186,"ms":192,"drift":0,"dt":1367,"timing_gate":"ACTIVE","dt_expected":1388,"dt_conserve_ratio":2.03,"pwm":91,"v":15.12}
2026-08-26T14:14:19-0700	ngr/loco/9950012/alert	{"level":"CLEAR","reason":"STATUS","loco":"9950012","uptime_ms":509221,"nav":"NORMAL","moving":1,"pwm":91,"est_mm_s":230,"dir":"CCW","session_dir":"CCW","mdir":"FWD","rear":166,"front":161,"env":1610,"lc_mm":166,"last_confirmed_landmark":"","age_ms":822,"since":0,"dead_reckoned_mm":166,"candidate_mm":-1,"viable":[],"lostm":0,"lost_ms":0,"agree":217,"disagree":0,"losts":0,"auto":0}
2026-08-26T14:14:20-0700	ngr/loco/9950012/state/start_mm	166
2026-08-26T14:14:20-0700	ngr/loco/9950012/state/loopstat	{"loop_max_gap_ms":34,"hall_task_max_gap_ms":2,"hall_task_age_ms":1,"baseline":1805,"raw":1807,"delta":2,"queue_drops":0,"floor_rejects":0,"queue_high_water":1,"mqtt_connect_ms":771,"mqtt_attempts":1,"pub_drops":0,"pub_queue_hw":1,"cmd_drops":0,"pub_per_s":4,"marker_pub_drops":0,"marker_pub_hw":1,"nav":"NORMAL","mm":166,"miss_streak":0,"pwm":91,"lost_markers":0,"lost_ms":0,"motor_dir":"FWD"}
2026-08-26T14:14:20-0700	ngr/loco/9950012/telem/voltage	15.09
2026-08-26T14:14:20-0700	ngr/loco/9950012/telem/current	0.40
2026-08-26T14:14:20-0700	ngr/loco/9950012/telem/power	5.97
2026-08-26T14:14:20-0700	ngr/loco/9950012/state/nav	{"event":"AGREE","state":"NORMAL","nav_state":"NORMAL","mm":165,"landmark":"","dir":"CCW","miss_streak":0,"obs":"S","expected":"S","peak":203,"ms":171,"drift":0,"dt":1467,"agree":218,"disagree":0,"lost":0,"scores":[0,0,0,0,0,0],"excluded":[false,false,false,false,false,false],"leader":null,"runner_up":null,"margin":0,"motor_dir":"FWD"}
2026-08-26T14:14:20-0700	ngr/loco/9950012/mm/marker	{"mm":165,"landmark":"","obs":"S","peak":203,"ms":171,"drift":0,"dt":1467,"timing_gate":"ACTIVE","dt_expected":1231,"dt_conserve_ratio":2.30,"pwm":91,"v":15.09}
2026-08-26T14:14:20-0700	ngr/loco/9950012/alert	{"level":"CLEAR","reason":"STATUS","loco":"9950012","uptime_ms":510221,"nav":"NORMAL","moving":1,"pwm":91,"est_mm_s":221,"dir":"CCW","session_dir":"CCW","mdir":"FWD","rear":165,"front":160,"env":1585,"lc_mm":165,"last_confirmed_landmark":"","age_ms":355,"since":0,"dead_reckoned_mm":165,"candidate_mm":-1,"viable":[],"lostm":0,"lost_ms":0,"agree":218,"disagree":0,"losts":0,"auto":0}
2026-08-26T14:14:21-0700	ngr/loco/9950012/state/loopstat	{"loop_max_gap_ms":34,"hall_task_max_gap_ms":2,"hall_task_age_ms":1,"baseline":1805,"raw":1805,"delta":0,"queue_drops":0,"floor_rejects":0,"queue_high_water":1,"mqtt_connect_ms":771,"mqtt_attempts":1,"pub_drops":0,"pub_queue_hw":3,"cmd_drops":0,"pub_per_s":6,"marker_pub_drops":0,"marker_pub_hw":1,"nav":"NORMAL","mm":165,"miss_streak":0,"pwm":91,"lost_markers":0,"lost_ms":0,"motor_dir":"FWD"}
2026-08-26T14:14:21-0700	ngr/loco/9950012/state/start_mm	165
2026-08-26T14:14:21-0700	ngr/loco/9950012/alert	{"level":"CLEAR","reason":"STATUS","loco":"9950012","uptime_ms":511221,"nav":"NORMAL","moving":1,"pwm":91,"est_mm_s":221,"dir":"CCW","session_dir":"CCW","mdir":"FWD","rear":165,"front":160,"env":1585,"lc_mm":165,"last_confirmed_landmark":"","age_ms":1355,"since":0,"dead_reckoned_mm":165,"candidate_mm":-1,"viable":[],"lostm":0,"lost_ms":0,"agree":218,"disagree":0,"losts":0,"auto":0}
2026-08-26T14:14:22-0700	ngr/loco/9950012/state/nav	{"event":"AGREE","state":"NORMAL","nav_state":"NORMAL","mm":164,"landmark":"","dir":"CCW","miss_streak":0,"obs":"S","expected":"S","peak":180,"ms":172,"drift":0,"dt":1407,"agree":219,"disagree":0,"lost":0,"scores":[0,0,0,0,0,0],"excluded":[false,false,false,false,false,false],"leader":null,"runner_up":null,"margin":0,"motor_dir":"FWD"}
2026-08-26T14:14:22-0700	ngr/loco/9950012/mm/marker	{"mm":164,"landmark":"","obs":"S","peak":180,"ms":172,"drift":0,"dt":1407,"timing_gate":"ACTIVE","dt_expected":1271,"dt_conserve_ratio":2.26,"pwm":91,"v":15.09}
2026-08-26T14:14:22-0700	ngr/loco/9950012/state/start_mm	164
2026-08-26T14:14:22-0700	ngr/loco/9950012/state/loopstat	{"loop_max_gap_ms":33,"hall_task_max_gap_ms":3,"hall_task_age_ms":1,"baseline":1805,"raw":1808,"delta":3,"queue_drops":0,"floor_rejects":0,"queue_high_water":0,"mqtt_connect_ms":771,"mqtt_attempts":1,"pub_drops":0,"pub_queue_hw":2,"cmd_drops":0,"pub_per_s":5,"marker_pub_drops":0,"marker_pub_hw":1,"nav":"NORMAL","mm":164,"miss_streak":0,"pwm":91,"lost_markers":0,"lost_ms":0,"motor_dir":"FWD"}
2026-08-26T14:14:22-0700	ngr/loco/9950012/alert	{"level":"CLEAR","reason":"STATUS","loco":"9950012","uptime_ms":512221,"nav":"NORMAL","moving":1,"pwm":91,"est_mm_s":227,"dir":"CCW","session_dir":"CCW","mdir":"FWD","rear":164,"front":159,"env":1565,"lc_mm":164,"last_confirmed_landmark":"","age_ms":948,"since":0,"dead_reckoned_mm":164,"candidate_mm":-1,"viable":[],"lostm":0,"lost_ms":0,"agree":219,"disagree":0,"losts":0,"auto":0}
2026-08-26T14:14:23-0700	ngr/loco/9950012/state/loopstat	{"loop_max_gap_ms":33,"hall_task_max_gap_ms":2,"hall_task_age_ms":1,"baseline":1805,"raw":1808,"delta":3,"queue_drops":0,"floor_rejects":0,"queue_high_water":0,"mqtt_connect_ms":771,"mqtt_attempts":1,"pub_drops":0,"pub_queue_hw":1,"cmd_drops":0,"pub_per_s":1,"marker_pub_drops":0,"marker_pub_hw":0,"nav":"NORMAL","mm":164,"miss_streak":0,"pwm":91,"lost_markers":0,"lost_ms":0,"motor_dir":"FWD"}
2026-08-26T14:14:23-0700	ngr/loco/9950012/state/nav	{"event":"AGREE","state":"NORMAL","nav_state":"NORMAL","mm":163,"landmark":"","dir":"CCW","miss_streak":0,"obs":"S","expected":"S","peak":179,"ms":173,"drift":0,"dt":1395,"agree":220,"disagree":0,"lost":0,"scores":[0,0,0,0,0,0],"excluded":[false,false,false,false,false,false],"leader":null,"runner_up":null,"margin":0,"motor_dir":"FWD"}
2026-08-26T14:14:23-0700	ngr/loco/9950012/mm/marker	{"mm":163,"landmark":"","obs":"S","peak":179,"ms":173,"drift":0,"dt":1395,"timing_gate":"ACTIVE","dt_expected":1251,"dt_conserve_ratio":2.24,"pwm":91,"v":15.09}
2026-08-26T14:14:23-0700	ngr/loco/9950012/alert	{"level":"CLEAR","reason":"STATUS","loco":"9950012","uptime_ms":513221,"nav":"NORMAL","moving":1,"pwm":91,"est_mm_s":236,"dir":"CCW","session_dir":"CCW","mdir":"FWD","rear":163,"front":158,"env":1555,"lc_mm":163,"last_confirmed_landmark":"","age_ms":553,"since":0,"dead_reckoned_mm":163,"candidate_mm":-1,"viable":[],"lostm":0,"lost_ms":0,"agree":220,"disagree":0,"losts":0,"auto":0}
2026-08-26T14:14:24-0700	ngr/loco/9950012/state/start_mm	163
2026-08-26T14:14:24-0700	ngr/loco/9950012/state/loopstat	{"loop_max_gap_ms":33,"hall_task_max_gap_ms":2,"hall_task_age_ms":1,"baseline":1805,"raw":1807,"delta":2,"queue_drops":0,"floor_rejects":0,"queue_high_water":0,"mqtt_connect_ms":771,"mqtt_attempts":1,"pub_drops":0,"pub_queue_hw":1,"cmd_drops":0,"pub_per_s":4,"marker_pub_drops":0,"marker_pub_hw":1,"nav":"NORMAL","mm":163,"miss_streak":0,"pwm":91,"lost_markers":0,"lost_ms":0,"motor_dir":"FWD"}
2026-08-26T14:14:24-0700	ngr/loco/9950012/alert	{"level":"CLEAR","reason":"STATUS","loco":"9950012","uptime_ms":514221,"nav":"NORMAL","moving":1,"pwm":91,"est_mm_s":236,"dir":"CCW","session_dir":"CCW","mdir":"FWD","rear":163,"front":158,"env":1555,"lc_mm":163,"last_confirmed_landmark":"","age_ms":1553,"since":0,"dead_reckoned_mm":163,"candidate_mm":-1,"viable":[],"lostm":0,"lost_ms":0,"agree":220,"disagree":0,"losts":0,"auto":0}
2026-08-26T14:14:25-0700	ngr/loco/9950012/state/nav	{"event":"AGREE","state":"NORMAL","nav_state":"NORMAL","mm":162,"landmark":"","dir":"CCW","miss_streak":0,"obs":"N","expected":"N","peak":144,"ms":178,"drift":0,"dt":1462,"agree":221,"disagree":0,"lost":0,"scores":[0,0,0,0,0,0],"excluded":[false,false,false,false,false,false],"leader":null,"runner_up":null,"margin":0,"motor_dir":"FWD"}
2026-08-26T14:14:25-0700	ngr/loco/9950012/mm/marker	{"mm":162,"landmark":"","obs":"N","peak":144,"ms":178,"drift":0,"dt":1462,"timing_gate":"ACTIVE","dt_expected":1290,"dt_conserve_ratio":2.21,"pwm":91,"v":15.09}
2026-08-26T14:14:25-0700	ngr/loco/9950012/state/start_mm	162
2026-08-26T14:14:25-0700	ngr/loco/9950012/state/loopstat	{"loop_max_gap_ms":34,"hall_task_max_gap_ms":2,"hall_task_age_ms":1,"baseline":1805,"raw":1805,"delta":0,"queue_drops":0,"floor_rejects":0,"queue_high_water":1,"mqtt_connect_ms":771,"mqtt_attempts":1,"pub_drops":0,"pub_queue_hw":1,"cmd_drops":0,"pub_per_s":4,"marker_pub_drops":0,"marker_pub_hw":1,"nav":"NORMAL","mm":162,"miss_streak":0,"pwm":91,"lost_markers":0,"lost_ms":0,"motor_dir":"FWD"}
2026-08-26T14:14:25-0700	ngr/loco/9950012/telem/voltage	15.09
2026-08-26T14:14:25-0700	ngr/loco/9950012/telem/current	0.43
2026-08-26T14:14:25-0700	ngr/loco/9950012/telem/power	6.56
2026-08-26T14:14:25-0700	ngr/loco/9950012/alert	{"level":"CLEAR","reason":"STATUS","loco":"9950012","uptime_ms":515221,"nav":"NORMAL","moving":1,"pwm":91,"est_mm_s":225,"dir":"CCW","session_dir":"CCW","mdir":"FWD","rear":162,"front":157,"env":1515,"lc_mm":162,"last_confirmed_landmark":"","age_ms":1091,"since":0,"dead_reckoned_mm":162,"candidate_mm":-1,"viable":[],"lostm":0,"lost_ms":0,"agree":221,"disagree":0,"losts":0,"auto":0}
2026-08-26T14:14:26-0700	ngr/loco/9950012/state/loopstat	{"loop_max_gap_ms":34,"hall_task_max_gap_ms":4,"hall_task_age_ms":1,"baseline":1805,"raw":1716,"delta":-89,"queue_drops":0,"floor_rejects":0,"queue_high_water":0,"mqtt_connect_ms":771,"mqtt_attempts":1,"pub_drops":0,"pub_queue_hw":3,"cmd_drops":0,"pub_per_s":4,"marker_pub_drops":0,"marker_pub_hw":0,"nav":"NORMAL","mm":162,"miss_streak":0,"pwm":91,"lost_markers":0,"lost_ms":0,"motor_dir":"FWD"}
2026-08-26T14:14:26-0700	ngr/loco/9950012/state/nav	{"event":"AGREE","state":"NORMAL","nav_state":"NORMAL","mm":161,"landmark":"","dir":"CCW","miss_streak":0,"obs":"S","expected":"S","peak":166,"ms":166,"drift":0,"dt":1248,"agree":222,"disagree":0,"lost":0,"scores":[0,0,0,0,0,0],"excluded":[false,false,false,false,false,false],"leader":null,"runner_up":null,"margin":0,"motor_dir":"FWD"}
2026-08-26T14:14:26-0700	ngr/loco/9950012/mm/marker	{"mm":161,"landmark":"","obs":"S","peak":166,"ms":166,"drift":0,"dt":1248,"timing_gate":"ACTIVE","dt_expected":1290,"dt_conserve_ratio":2.10,"pwm":91,"v":15.09}
2026-08-26T14:14:26-0700	ngr/loco/9950012/alert	{"level":"CLEAR","reason":"STATUS","loco":"9950012","uptime_ms":516221,"nav":"NORMAL","moving":1,"pwm":91,"est_mm_s":244,"dir":"CCW","session_dir":"CCW","mdir":"FWD","rear":161,"front":156,"env":1530,"lc_mm":161,"last_confirmed_landmark":"","age_ms":843,"since":0,"dead_reckoned_mm":161,"candidate_mm":-1,"viable":[],"lostm":0,"lost_ms":0,"agree":222,"disagree":0,"losts":0,"auto":0}
2026-08-26T14:14:27-0700	ngr/loco/9950012/state/start_mm	161
2026-08-26T14:14:27-0700	ngr/loco/9950012/state/loopstat	{"loop_max_gap_ms":34,"hall_task_max_gap_ms":2,"hall_task_age_ms":1,"baseline":1805,"raw":1804,"delta":-1,"queue_drops":0,"floor_rejects":0,"queue_high_water":1,"mqtt_connect_ms":771,"mqtt_attempts":1,"pub_drops":0,"pub_queue_hw":1,"cmd_drops":0,"pub_per_s":4,"marker_pub_drops":0,"marker_pub_hw":1,"nav":"NORMAL","mm":161,"miss_streak":0,"pwm":91,"lost_markers":0,"lost_ms":0,"motor_dir":"FWD"}
2026-08-26T14:14:27-0700	ngr/loco/9950012/state/nav	{"event":"AGREE","state":"NORMAL","nav_state":"NORMAL","mm":160,"landmark":"","dir":"CCW","miss_streak":0,"obs":"N","expected":"N","peak":166,"ms":160,"drift":0,"dt":1359,"agree":223,"disagree":0,"lost":0,"scores":[0,0,0,0,0,0],"excluded":[false,false,false,false,false,false],"leader":null,"runner_up":null,"margin":0,"motor_dir":"FWD"}
2026-08-26T14:14:27-0700	ngr/loco/9950012/mm/marker	{"mm":160,"landmark":"","obs":"N","peak":166,"ms":160,"drift":0,"dt":1359,"timing_gate":"ACTIVE","dt_expected":1192,"dt_conserve_ratio":2.19,"pwm":91,"v":15.09}
2026-08-26T14:14:27-0700	ngr/loco/9950012/alert	{"level":"CLEAR","reason":"STATUS","loco":"9950012","uptime_ms":517221,"nav":"NORMAL","moving":1,"pwm":91,"est_mm_s":220,"dir":"CCW","session_dir":"CCW","mdir":"FWD","rear":160,"front":155,"env":1535,"lc_mm":160,"last_confirmed_landmark":"","age_ms":484,"since":0,"dead_reckoned_mm":160,"candidate_mm":-1,"viable":[],"lostm":0,"lost_ms":0,"agree":223,"disagree":0,"losts":0,"auto":0}
2026-08-26T14:14:28-0700	ngr/loco/9950012/state/start_mm	160
2026-08-26T14:14:28-0700	ngr/loco/9950012/state/loopstat	{"loop_max_gap_ms":34,"hall_task_max_gap_ms":2,"hall_task_age_ms":1,"baseline":1805,"raw":1805,"delta":0,"queue_drops":0,"floor_rejects":0,"queue_high_water":1,"mqtt_connect_ms":771,"mqtt_attempts":1,"pub_drops":0,"pub_queue_hw":1,"cmd_drops":0,"pub_per_s":4,"marker_pub_drops":0,"marker_pub_hw":1,"nav":"NORMAL","mm":160,"miss_streak":0,"pwm":91,"lost_markers":0,"lost_ms":0,"motor_dir":"FWD"}
2026-08-26T14:14:28-0700	ngr/loco/9950012/state/nav	{"event":"AGREE","state":"NORMAL","nav_state":"NORMAL","mm":159,"landmark":"","dir":"CCW","miss_streak":0,"obs":"S","expected":"S","peak":176,"ms":168,"drift":0,"dt":1197,"agree":224,"disagree":0,"lost":0,"scores":[0,0,0,0,0,0],"excluded":[false,false,false,false,false,false],"leader":null,"runner_up":null,"margin":0,"motor_dir":"FWD"}
2026-08-26T14:14:28-0700	ngr/loco/9950012/mm/marker	{"mm":159,"landmark":"","obs":"S","peak":176,"ms":168,"drift":0,"dt":1197,"timing_gate":"ACTIVE","dt_expected":1173,"dt_conserve_ratio":2.18,"pwm":91,"v":15.09}
2026-08-26T14:14:28-0700	ngr/loco/9950012/alert	{"level":"CLEAR","reason":"STATUS","loco":"9950012","uptime_ms":518221,"nav":"NORMAL","moving":1,"pwm":91,"est_mm_s":250,"dir":"CCW","session_dir":"CCW","mdir":"FWD","rear":159,"front":154,"env":1535,"lc_mm":159,"last_confirmed_landmark":"","age_ms":287,"since":0,"dead_reckoned_mm":159,"candidate_mm":-1,"viable":[],"lostm":0,"lost_ms":0,"agree":224,"disagree":0,"losts":0,"auto":0}
2026-08-26T14:14:29-0700	ngr/loco/9950012/state/start_mm	159
2026-08-26T14:14:29-0700	ngr/loco/9950012/state/loopstat	{"loop_max_gap_ms":34,"hall_task_max_gap_ms":2,"hall_task_age_ms":1,"baseline":1805,"raw":1807,"delta":2,"queue_drops":0,"floor_rejects":0,"queue_high_water":0,"mqtt_connect_ms":771,"mqtt_attempts":1,"pub_drops":0,"pub_queue_hw":1,"cmd_drops":0,"pub_per_s":4,"marker_pub_drops":0,"marker_pub_hw":1,"nav":"NORMAL","mm":159,"miss_streak":0,"pwm":91,"lost_markers":0,"lost_ms":0,"motor_dir":"FWD"}
2026-08-26T14:14:29-0700	ngr/loco/9950012/alert	{"level":"CLEAR","reason":"STATUS","loco":"9950012","uptime_ms":519221,"nav":"NORMAL","moving":1,"pwm":91,"est_mm_s":250,"dir":"CCW","session_dir":"CCW","mdir":"FWD","rear":159,"front":154,"env":1535,"lc_mm":159,"last_confirmed_landmark":"","age_ms":1287,"since":0,"dead_reckoned_mm":159,"candidate_mm":-1,"viable":[],"lostm":0,"lost_ms":0,"agree":224,"disagree":0,"losts":0,"auto":0}
2026-08-26T14:14:30-0700	ngr/loco/9950012/state/nav	{"event":"AGREE","state":"NORMAL","nav_state":"NORMAL","mm":158,"landmark":"","dir":"CCW","miss_streak":0,"obs":"S","expected":"S","peak":189,"ms":161,"drift":0,"dt":1302,"agree":225,"disagree":0,"lost":0,"scores":[0,0,0,0,0,0],"excluded":[false,false,false,false,false,false],"leader":null,"runner_up":null,"margin":0,"motor_dir":"FWD"}
2026-08-26T14:14:30-0700	ngr/loco/9950012/mm/marker	{"mm":158,"landmark":"","obs":"S","peak":189,"ms":161,"drift":0,"dt":1302,"timing_gate":"ACTIVE","dt_expected":1173,"dt_conserve_ratio":2.13,"pwm":91,"v":15.09}
2026-08-26T14:14:30-0700	ngr/loco/9950012/state/start_mm	158
2026-08-26T14:14:30-0700	ngr/loco/9950012/state/loopstat	{"loop_max_gap_ms":33,"hall_task_max_gap_ms":3,"hall_task_age_ms":1,"baseline":1805,"raw":1807,"delta":2,"queue_drops":0,"floor_rejects":0,"queue_high_water":1,"mqtt_connect_ms":771,"mqtt_attempts":1,"pub_drops":0,"pub_queue_hw":1,"cmd_drops":0,"pub_per_s":4,"marker_pub_drops":0,"marker_pub_hw":1,"nav":"NORMAL","mm":158,"miss_streak":0,"pwm":91,"lost_markers":0,"lost_ms":0,"motor_dir":"FWD"}
2026-08-26T14:14:30-0700	ngr/loco/9950012/telem/voltage	15.06
2026-08-26T14:14:30-0700	ngr/loco/9950012/telem/current	0.36
2026-08-26T14:14:30-0700	ngr/loco/9950012/telem/power	5.52
2026-08-26T14:14:30-0700	ngr/loco/9950012/alert	{"level":"CLEAR","reason":"STATUS","loco":"9950012","uptime_ms":520221,"nav":"NORMAL","moving":1,"pwm":91,"est_mm_s":245,"dir":"CCW","session_dir":"CCW","mdir":"FWD","rear":158,"front":153,"env":1515,"lc_mm":158,"last_confirmed_landmark":"","age_ms":985,"since":0,"dead_reckoned_mm":158,"candidate_mm":-1,"viable":[],"lostm":0,"lost_ms":0,"agree":225,"disagree":0,"losts":0,"auto":0}
2026-08-26T14:14:31-0700	ngr/loco/9950012/state/nav	{"event":"AGREE","state":"NORMAL","nav_state":"NORMAL","mm":157,"landmark":"Bamboo","dir":"CCW","miss_streak":0,"obs":"N","expected":"N","peak":169,"ms":154,"drift":0,"dt":1086,"agree":226,"disagree":0,"lost":0,"scores":[0,0,0,0,0,0],"excluded":[false,false,false,false,false,false],"leader":null,"runner_up":null,"margin":0,"motor_dir":"FWD"}
2026-08-26T14:14:31-0700	ngr/loco/9950012/mm/marker	{"mm":157,"landmark":"Bamboo","obs":"N","peak":169,"ms":154,"drift":0,"dt":1086,"timing_gate":"ACTIVE","dt_expected":1251,"dt_conserve_ratio":1.91,"pwm":91,"v":15.06}
2026-08-26T14:14:31-0700	ngr/loco/9950012/state/start_mm	157
2026-08-26T14:14:31-0700	ngr/loco/9950012/state/loopstat	{"loop_max_gap_ms":33,"hall_task_max_gap_ms":2,"hall_task_age_ms":1,"baseline":1805,"raw":1807,"delta":2,"queue_drops":0,"floor_rejects":0,"queue_high_water":1,"mqtt_connect_ms":771,"mqtt_attempts":1,"pub_drops":0,"pub_queue_hw":3,"cmd_drops":0,"pub_per_s":7,"marker_pub_drops":0,"marker_pub_hw":1,"nav":"NORMAL","mm":157,"miss_streak":0,"pwm":91,"lost_markers":0,"lost_ms":0,"motor_dir":"FWD"}
2026-08-26T14:14:31-0700	ngr/loco/9950012/alert	{"level":"CLEAR","reason":"STATUS","loco":"9950012","uptime_ms":521221,"nav":"NORMAL","moving":1,"pwm":91,"est_mm_s":267,"dir":"CCW","session_dir":"CCW","mdir":"FWD","rear":157,"front":152,"env":1530,"lc_mm":157,"last_confirmed_landmark":"Bamboo","age_ms":899,"since":0,"dead_reckoned_mm":157,"candidate_mm":-1,"viable":[],"lostm":0,"lost_ms":0,"agree":226,"disagree":0,"losts":0,"auto":0}
2026-08-26T14:14:32-0700	ngr/loco/9950012/state/loopstat	{"loop_max_gap_ms":33,"hall_task_max_gap_ms":2,"hall_task_age_ms":1,"baseline":1805,"raw":1817,"delta":12,"queue_drops":0,"floor_rejects":0,"queue_high_water":0,"mqtt_connect_ms":771,"mqtt_attempts":1,"pub_drops":0,"pub_queue_hw":1,"cmd_drops":0,"pub_per_s":1,"marker_pub_drops":0,"marker_pub_hw":0,"nav":"NORMAL","mm":157,"miss_streak":0,"pwm":91,"lost_markers":0,"lost_ms":0,"motor_dir":"FWD"}
2026-08-26T14:14:32-0700	ngr/loco/9950012/state/nav	{"event":"AGREE","state":"NORMAL","nav_state":"NORMAL","mm":156,"landmark":"","dir":"CCW","miss_streak":0,"obs":"S","expected":"S","peak":199,"ms":171,"drift":0,"dt":1238,"agree":227,"disagree":0,"lost":0,"scores":[0,0,0,0,0,0],"excluded":[false,false,false,false,false,false],"leader":null,"runner_up":null,"margin":0,"motor_dir":"FWD"}
2026-08-26T14:14:32-0700	ngr/loco/9950012/mm/marker	{"mm":156,"landmark":"","obs":"S","peak":199,"ms":171,"drift":0,"dt":1238,"timing_gate":"ACTIVE","dt_expected":1134,"dt_conserve_ratio":2.05,"pwm":91,"v":15.06}
2026-08-26T14:14:32-0700	ngr/loco/9950012/alert	{"level":"CLEAR","reason":"STATUS","loco":"9950012","uptime_ms":522221,"nav":"NORMAL","moving":1,"pwm":91,"est_mm_s":258,"dir":"CCW","session_dir":"CCW","mdir":"FWD","rear":156,"front":151,"env":1510,"lc_mm":156,"last_confirmed_landmark":"","age_ms":661,"since":0,"dead_reckoned_mm":156,"candidate_mm":-1,"viable":[],"lostm":0,"lost_ms":0,"agree":227,"disagree":0,"losts":0,"auto":0}
2026-08-26T14:14:33-0700	ngr/loco/9950012/state/start_mm	156
2026-08-26T14:14:33-0700	ngr/loco/9950012/state/loopstat	{"loop_max_gap_ms":34,"hall_task_max_gap_ms":2,"hall_task_age_ms":1,"baseline":1805,"raw":1802,"delta":-3,"queue_drops":0,"floor_rejects":0,"queue_high_water":1,"mqtt_connect_ms":771,"mqtt_attempts":1,"pub_drops":0,"pub_queue_hw":1,"cmd_drops":0,"pub_per_s":4,"marker_pub_drops":0,"marker_pub_hw":1,"nav":"NORMAL","mm":156,"miss_streak":0,"pwm":91,"lost_markers":0,"lost_ms":0,"motor_dir":"FWD"}
2026-08-26T14:14:33-0700	ngr/loco/9950012/state/nav	{"event":"AGREE","state":"NORMAL","nav_state":"NORMAL","mm":155,"landmark":"","dir":"CCW","miss_streak":0,"obs":"N","expected":"N","peak":184,"ms":168,"drift":0,"dt":1229,"agree":228,"disagree":0,"lost":0,"scores":[0,0,0,0,0,0],"excluded":[false,false,false,false,false,false],"leader":null,"runner_up":null,"margin":0,"motor_dir":"FWD"}
2026-08-26T14:14:33-0700	ngr/loco/9950012/mm/marker	{"mm":155,"landmark":"","obs":"N","peak":184,"ms":168,"drift":0,"dt":1229,"timing_gate":"ACTIVE","dt_expected":1251,"dt_conserve_ratio":1.97,"pwm":91,"v":15.06}
2026-08-26T14:14:33-0700	ngr/loco/9950012/alert	{"level":"CLEAR","reason":"STATUS","loco":"9950012","uptime_ms":523221,"nav":"NORMAL","moving":1,"pwm":91,"est_mm_s":248,"dir":"CCW","session_dir":"CCW","mdir":"FWD","rear":155,"front":150,"env":1505,"lc_mm":155,"last_confirmed_landmark":"","age_ms":432,"since":0,"dead_reckoned_mm":155,"candidate_mm":-1,"viable":[],"lostm":0,"lost_ms":0,"agree":228,"disagree":0,"losts":0,"auto":0}
2026-08-26T14:14:34-0700	ngr/loco/9950012/state/loopstat	{"loop_max_gap_ms":33,"hall_task_max_gap_ms":3,"hall_task_age_ms":1,"baseline":1805,"raw":1806,"delta":1,"queue_drops":0,"floor_rejects":0,"queue_high_water":1,"mqtt_connect_ms":771,"mqtt_attempts":1,"pub_drops":0,"pub_queue_hw":1,"cmd_drops":0,"pub_per_s":3,"marker_pub_drops":0,"marker_pub_hw":1,"nav":"NORMAL","mm":155,"miss_streak":0,"pwm":91,"lost_markers":0,"lost_ms":0,"motor_dir":"FWD"}
2026-08-26T14:14:34-0700	ngr/loco/9950012/state/start_mm	155
2026-08-26T14:14:34-0700	ngr/loco/9950012/state/nav	{"event":"AGREE","state":"NORMAL","nav_state":"NORMAL","mm":154,"landmark":"","dir":"CCW","miss_streak":0,"obs":"S","expected":"S","peak":169,"ms":167,"drift":0,"dt":1187,"agree":229,"disagree":0,"lost":0,"scores":[0,0,0,0,0,0],"excluded":[false,false,false,false,false,false],"leader":null,"runner_up":null,"margin":0,"motor_dir":"FWD"}
2026-08-26T14:14:34-0700	ngr/loco/9950012/mm/marker	{"mm":154,"landmark":"","obs":"S","peak":169,"ms":167,"drift":0,"dt":1187,"timing_gate":"ACTIVE","dt_expected":1192,"dt_conserve_ratio":2.03,"pwm":91,"v":15.06}
2026-08-26T14:14:34-0700	ngr/loco/9950012/alert	{"level":"CLEAR","reason":"STATUS","loco":"9950012","uptime_ms":524221,"nav":"NORMAL","moving":1,"pwm":91,"est_mm_s":252,"dir":"CCW","session_dir":"CCW","mdir":"FWD","rear":154,"front":149,"env":1505,"lc_mm":154,"last_confirmed_landmark":"","age_ms":245,"since":0,"dead_reckoned_mm":154,"candidate_mm":-1,"viable":[],"lostm":0,"lost_ms":0,"agree":229,"disagree":0,"losts":0,"auto":0}
2026-08-26T14:14:35-0700	ngr/loco/9950012/state/start_mm	154
2026-08-26T14:14:35-0700	ngr/loco/9950012/state/loopstat	{"loop_max_gap_ms":33,"hall_task_max_gap_ms":2,"hall_task_age_ms":1,"baseline":1805,"raw":1807,"delta":2,"queue_drops":0,"floor_rejects":0,"queue_high_water":1,"mqtt_connect_ms":771,"mqtt_attempts":1,"pub_drops":0,"pub_queue_hw":2,"cmd_drops":0,"pub_per_s":5,"marker_pub_drops":0,"marker_pub_hw":1,"nav":"NORMAL","mm":154,"miss_streak":0,"pwm":91,"lost_markers":0,"lost_ms":0,"motor_dir":"FWD"}
2026-08-26T14:14:35-0700	ngr/loco/9950012/telem/voltage	15.11
2026-08-26T14:14:35-0700	ngr/loco/9950012/telem/current	0.35
2026-08-26T14:14:35-0700	ngr/loco/9950012/telem/power	5.76
2026-08-26T14:14:35-0700	ngr/loco/9950012/alert	{"level":"CLEAR","reason":"STATUS","loco":"9950012","uptime_ms":525221,"nav":"NORMAL","moving":1,"pwm":91,"est_mm_s":252,"dir":"CCW","session_dir":"CCW","mdir":"FWD","rear":154,"front":149,"env":1505,"lc_mm":154,"last_confirmed_landmark":"","age_ms":1245,"since":0,"dead_reckoned_mm":154,"candidate_mm":-1,"viable":[],"lostm":0,"lost_ms":0,"agree":229,"disagree":0,"losts":0,"auto":0}
2026-08-26T14:14:36-0700	ngr/loco/9950012/state/nav	{"event":"AGREE","state":"NORMAL","nav_state":"NORMAL","mm":153,"landmark":"","dir":"CCW","miss_streak":0,"obs":"N","expected":"N","peak":185,"ms":154,"drift":0,"dt":1139,"agree":230,"disagree":0,"lost":0,"scores":[0,0,0,0,0,0],"excluded":[false,false,false,false,false,false],"leader":null,"runner_up":null,"margin":0,"motor_dir":"FWD"}
2026-08-26T14:14:36-0700	ngr/loco/9950012/mm/marker	{"mm":153,"landmark":"","obs":"N","peak":185,"ms":154,"drift":0,"dt":1139,"timing_gate":"ACTIVE","dt_expected":1173,"dt_conserve_ratio":1.98,"pwm":91,"v":15.11}
2026-08-26T14:14:36-0700	ngr/loco/9950012/state/start_mm	153
2026-08-26T14:14:36-0700	ngr/loco/9950012/state/loopstat	{"loop_max_gap_ms":34,"hall_task_max_gap_ms":3,"hall_task_age_ms":1,"baseline":1805,"raw":1806,"delta":1,"queue_drops":0,"floor_rejects":0,"queue_high_water":1,"mqtt_connect_ms":771,"mqtt_attempts":1,"pub_drops":0,"pub_queue_hw":3,"cmd_drops":0,"pub_per_s":7,"marker_pub_drops":0,"marker_pub_hw":1,"nav":"NORMAL","mm":153,"miss_streak":0,"pwm":91,"lost_markers":0,"lost_ms":0,"motor_dir":"FWD"}
2026-08-26T14:14:36-0700	ngr/loco/9950012/alert	{"level":"CLEAR","reason":"STATUS","loco":"9950012","uptime_ms":526221,"nav":"NORMAL","moving":1,"pwm":91,"est_mm_s":263,"dir":"CCW","session_dir":"CCW","mdir":"FWD","rear":153,"front":148,"env":1500,"lc_mm":153,"last_confirmed_landmark":"","age_ms":1106,"since":0,"dead_reckoned_mm":153,"candidate_mm":-1,"viable":[],"lostm":0,"lost_ms":0,"agree":230,"disagree":0,"losts":0,"auto":0}
2026-08-26T14:14:37-0700	ngr/loco/9950012/state/nav	{"event":"AGREE","state":"NORMAL","nav_state":"NORMAL","mm":152,"landmark":"","dir":"CCW","miss_streak":0,"obs":"N","expected":"N","peak":146,"ms":167,"drift":0,"dt":1063,"agree":231,"disagree":0,"lost":0,"scores":[0,0,0,0,0,0],"excluded":[false,false,false,false,false,false],"leader":null,"runner_up":null,"margin":0,"motor_dir":"FWD"}
2026-08-26T14:14:37-0700	ngr/loco/9950012/mm/marker	{"mm":152,"landmark":"","obs":"N","peak":146,"ms":167,"drift":0,"dt":1063,"timing_gate":"ACTIVE","dt_expected":1173,"dt_conserve_ratio":1.88,"pwm":91,"v":15.11}
2026-08-26T14:14:37-0700	ngr/loco/9950012/state/loopstat	{"loop_max_gap_ms":33,"hall_task_max_gap_ms":2,"hall_task_age_ms":1,"baseline":1805,"raw":1802,"delta":-3,"queue_drops":0,"floor_rejects":0,"queue_high_water":1,"mqtt_connect_ms":771,"mqtt_attempts":1,"pub_drops":0,"pub_queue_hw":1,"cmd_drops":0,"pub_per_s":3,"marker_pub_drops":0,"marker_pub_hw":1,"nav":"NORMAL","mm":152,"miss_streak":0,"pwm":91,"lost_markers":0,"lost_ms":0,"motor_dir":"FWD"}
2026-08-26T14:14:37-0700	ngr/loco/9950012/state/start_mm	152
2026-08-26T14:14:37-0700	ngr/loco/9950012/alert	{"level":"CLEAR","reason":"STATUS","loco":"9950012","uptime_ms":527221,"nav":"NORMAL","moving":1,"pwm":91,"est_mm_s":286,"dir":"CCW","session_dir":"CCW","mdir":"FWD","rear":152,"front":147,"env":1495,"lc_mm":152,"last_confirmed_landmark":"","age_ms":1043,"since":0,"dead_reckoned_mm":152,"candidate_mm":-1,"viable":[],"lostm":0,"lost_ms":0,"agree":231,"disagree":0,"losts":0,"auto":0}
2026-08-26T14:14:38-0700	ngr/loco/9950012/state/loopstat	{"loop_max_gap_ms":34,"hall_task_max_gap_ms":3,"hall_task_age_ms":1,"baseline":1805,"raw":1853,"delta":48,"queue_drops":0,"floor_rejects":0,"queue_high_water":0,"mqtt_connect_ms":771,"mqtt_attempts":1,"pub_drops":0,"pub_queue_hw":2,"cmd_drops":0,"pub_per_s":2,"marker_pub_drops":0,"marker_pub_hw":0,"nav":"NORMAL","mm":152,"miss_streak":0,"pwm":91,"lost_markers":0,"lost_ms":0,"motor_dir":"FWD"}
2026-08-26T14:14:38-0700	ngr/loco/9950012/state/nav	{"event":"AGREE","state":"NORMAL","nav_state":"NORMAL","mm":151,"landmark":"","dir":"CCW","miss_streak":0,"obs":"N","expected":"N","peak":171,"ms":171,"drift":0,"dt":1313,"agree":232,"disagree":0,"lost":0,"scores":[0,0,0,0,0,0],"excluded":[false,false,false,false,false,false],"leader":null,"runner_up":null,"margin":0,"motor_dir":"FWD"}
2026-08-26T14:14:38-0700	ngr/loco/9950012/mm/marker	{"mm":151,"landmark":"","obs":"N","peak":171,"ms":171,"drift":0,"dt":1313,"timing_gate":"ACTIVE","dt_expected":1192,"dt_conserve_ratio":1.99,"pwm":91,"v":15.11}
2026-08-26T14:14:38-0700	ngr/loco/9950012/alert	{"level":"CLEAR","reason":"STATUS","loco":"9950012","uptime_ms":528221,"nav":"NORMAL","moving":1,"pwm":91,"est_mm_s":228,"dir":"CCW","session_dir":"CCW","mdir":"FWD","rear":151,"front":146,"env":1500,"lc_mm":151,"last_confirmed_landmark":"","age_ms":730,"since":0,"dead_reckoned_mm":151,"candidate_mm":-1,"viable":[],"lostm":0,"lost_ms":0,"agree":232,"disagree":0,"losts":0,"auto":0}
2026-08-26T14:14:39-0700	ngr/loco/9950012/state/start_mm	151
2026-08-26T14:14:39-0700	ngr/loco/9950012/state/loopstat	{"loop_max_gap_ms":34,"hall_task_max_gap_ms":2,"hall_task_age_ms":1,"baseline":1805,"raw":1809,"delta":4,"queue_drops":0,"floor_rejects":0,"queue_high_water":1,"mqtt_connect_ms":771,"mqtt_attempts":1,"pub_drops":0,"pub_queue_hw":1,"cmd_drops":0,"pub_per_s":4,"marker_pub_drops":0,"marker_pub_hw":1,"nav":"NORMAL","mm":151,"miss_streak":0,"pwm":91,"lost_markers":0,"lost_ms":0,"motor_dir":"FWD"}
2026-08-26T14:14:39-0700	ngr/loco/9950012/state/nav	{"event":"AGREE","state":"NORMAL","nav_state":"NORMAL","mm":150,"landmark":"","dir":"CCW","miss_streak":0,"obs":"S","expected":"S","peak":174,"ms":185,"drift":0,"dt":1246,"agree":233,"disagree":0,"lost":0,"scores":[0,0,0,0,0,0],"excluded":[false,false,false,false,false,false],"leader":null,"runner_up":null,"margin":0,"motor_dir":"FWD"}
2026-08-26T14:14:39-0700	ngr/loco/9950012/mm/marker	{"mm":150,"landmark":"","obs":"S","peak":174,"ms":185,"drift":0,"dt":1246,"timing_gate":"ACTIVE","dt_expected":1173,"dt_conserve_ratio":2.18,"pwm":91,"v":15.11}
2026-08-26T14:14:39-0700	ngr/loco/9950012/alert	{"level":"CLEAR","reason":"STATUS","loco":"9950012","uptime_ms":529221,"nav":"NORMAL","moving":1,"pwm":91,"est_mm_s":240,"dir":"CCW","session_dir":"CCW","mdir":"FWD","rear":150,"front":145,"env":1500,"lc_mm":150,"last_confirmed_landmark":"","age_ms":484,"since":0,"dead_reckoned_mm":150,"candidate_mm":-1,"viable":[],"lostm":0,"lost_ms":0,"agree":233,"disagree":0,"losts":0,"auto":0}
2026-08-26T14:14:40-0700	ngr/loco/9950012/state/start_mm	150
2026-08-26T14:14:40-0700	ngr/loco/9950012/state/loopstat	{"loop_max_gap_ms":34,"hall_task_max_gap_ms":2,"hall_task_age_ms":1,"baseline":1806,"raw":1806,"delta":0,"queue_drops":0,"floor_rejects":0,"queue_high_water":1,"mqtt_connect_ms":771,"mqtt_attempts":1,"pub_drops":0,"pub_queue_hw":1,"cmd_drops":0,"pub_per_s":4,"marker_pub_drops":0,"marker_pub_hw":1,"nav":"NORMAL","mm":150,"miss_streak":0,"pwm":91,"lost_markers":0,"lost_ms":0,"motor_dir":"FWD"}
2026-08-26T14:14:40-0700	ngr/loco/9950012/telem/voltage	15.09
2026-08-26T14:14:40-0700	ngr/loco/9950012/telem/current	0.37
2026-08-26T14:14:40-0700	ngr/loco/9950012/telem/power	5.64
2026-08-26T14:14:40-0700	ngr/loco/9950012/state/nav	{"event":"AGREE","state":"NORMAL","nav_state":"NORMAL","mm":149,"landmark":"","dir":"CCW","miss_streak":0,"obs":"N","expected":"N","peak":160,"ms":166,"drift":0,"dt":1247,"agree":234,"disagree":0,"lost":0,"scores":[0,0,0,0,0,0],"excluded":[false,false,false,false,false,false],"leader":null,"runner_up":null,"margin":0,"motor_dir":"FWD"}
2026-08-26T14:14:40-0700	ngr/loco/9950012/mm/marker	{"mm":149,"landmark":"","obs":"N","peak":160,"ms":166,"drift":0,"dt":1247,"timing_gate":"ACTIVE","dt_expected":1173,"dt_conserve_ratio":2.12,"pwm":91,"v":15.09}
2026-08-26T14:14:40-0700	ngr/loco/9950012/alert	{"level":"CLEAR","reason":"STATUS","loco":"9950012","uptime_ms":530221,"nav":"NORMAL","moving":1,"pwm":91,"est_mm_s":240,"dir":"CCW","session_dir":"CCW","mdir":"FWD","rear":149,"front":144,"env":1505,"lc_mm":149,"last_confirmed_landmark":"","age_ms":237,"since":0,"dead_reckoned_mm":149,"candidate_mm":-1,"viable":[],"lostm":0,"lost_ms":0,"agree":234,"disagree":0,"losts":0,"auto":0}
2026-08-26T14:14:41-0700	ngr/loco/9950012/state/loopstat	{"loop_max_gap_ms":33,"hall_task_max_gap_ms":2,"hall_task_age_ms":1,"baseline":1806,"raw":1806,"delta":0,"queue_drops":0,"floor_rejects":0,"queue_high_water":1,"mqtt_connect_ms":771,"mqtt_attempts":1,"pub_drops":0,"pub_queue_hw":3,"cmd_drops":0,"pub_per_s":6,"marker_pub_drops":0,"marker_pub_hw":1,"nav":"NORMAL","mm":149,"miss_streak":0,"pwm":91,"lost_markers":0,"lost_ms":0,"motor_dir":"FWD"}
2026-08-26T14:14:41-0700	ngr/loco/9950012/state/start_mm	149
2026-08-26T14:14:41-0700	ngr/loco/9950012/alert	{"level":"CLEAR","reason":"STATUS","loco":"9950012","uptime_ms":531221,"nav":"NORMAL","moving":1,"pwm":91,"est_mm_s":240,"dir":"CCW","session_dir":"CCW","mdir":"FWD","rear":149,"front":144,"env":1505,"lc_mm":149,"last_confirmed_landmark":"","age_ms":1237,"since":0,"dead_reckoned_mm":149,"candidate_mm":-1,"viable":[],"lostm":0,"lost_ms":0,"agree":234,"disagree":0,"losts":0,"auto":0}
2026-08-26T14:14:42-0700	ngr/loco/9950012/state/nav	{"event":"AGREE","state":"NORMAL","nav_state":"NORMAL","mm":148,"landmark":"","dir":"CCW","miss_streak":0,"obs":"S","expected":"S","peak":151,"ms":157,"drift":0,"dt":1174,"agree":235,"disagree":0,"lost":0,"scores":[0,0,0,0,0,0],"excluded":[false,false,false,false,false,false],"leader":null,"runner_up":null,"margin":0,"motor_dir":"FWD"}
2026-08-26T14:14:42-0700	ngr/loco/9950012/mm/marker	{"mm":148,"landmark":"","obs":"S","peak":151,"ms":157,"drift":0,"dt":1174,"timing_gate":"ACTIVE","dt_expected":1173,"dt_conserve_ratio":2.06,"pwm":91,"v":15.09}
2026-08-26T14:14:42-0700	ngr/loco/9950012/state/start_mm	148
2026-08-26T14:14:42-0700	ngr/loco/9950012/state/loopstat	{"loop_max_gap_ms":34,"hall_task_max_gap_ms":2,"hall_task_age_ms":1,"baseline":1806,"raw":1807,"delta":1,"queue_drops":0,"floor_rejects":0,"queue_high_water":1,"mqtt_connect_ms":771,"mqtt_attempts":1,"pub_drops":0,"pub_queue_hw":2,"cmd_drops":0,"pub_per_s":5,"marker_pub_drops":0,"marker_pub_hw":1,"nav":"NORMAL","mm":148,"miss_streak":0,"pwm":91,"lost_markers":0,"lost_ms":0,"motor_dir":"FWD"}
2026-08-26T14:14:42-0700	ngr/loco/9950012/alert	{"level":"CLEAR","reason":"STATUS","loco":"9950012","uptime_ms":532221,"nav":"NORMAL","moving":1,"pwm":91,"est_mm_s":251,"dir":"CCW","session_dir":"CCW","mdir":"FWD","rear":148,"front":143,"env":1510,"lc_mm":148,"last_confirmed_landmark":"","age_ms":1063,"since":0,"dead_reckoned_mm":148,"candidate_mm":-1,"viable":[],"lostm":0,"lost_ms":0,"agree":235,"disagree":0,"losts":0,"auto":0}
2026-08-26T14:14:43-0700	ngr/loco/9950012/state/loopstat	{"loop_max_gap_ms":34,"hall_task_max_gap_ms":3,"hall_task_age_ms":1,"baseline":1806,"raw":1839,"delta":33,"queue_drops":0,"floor_rejects":0,"queue_high_water":0,"mqtt_connect_ms":771,"mqtt_attempts":1,"pub_drops":0,"pub_queue_hw":1,"cmd_drops":0,"pub_per_s":1,"marker_pub_drops":0,"marker_pub_hw":0,"nav":"NORMAL","mm":148,"miss_streak":0,"pwm":91,"lost_markers":0,"lost_ms":0,"motor_dir":"FWD"}
2026-08-26T14:14:43-0700	ngr/loco/9950012/state/nav	{"event":"AGREE","state":"NORMAL","nav_state":"NORMAL","mm":147,"landmark":"","dir":"CCW","miss_streak":0,"obs":"N","expected":"N","peak":174,"ms":159,"drift":0,"dt":1207,"agree":236,"disagree":0,"lost":0,"scores":[0,0,0,0,0,0],"excluded":[false,false,false,false,false,false],"leader":null,"runner_up":null,"margin":0,"motor_dir":"FWD"}
2026-08-26T14:14:43-0700	ngr/loco/9950012/mm/marker	{"mm":147,"landmark":"","obs":"N","peak":174,"ms":159,"drift":0,"dt":1207,"timing_gate":"ACTIVE","dt_expected":1153,"dt_conserve_ratio":2.06,"pwm":91,"v":15.09}
2026-08-26T14:14:43-0700	ngr/loco/9950012/alert	{"level":"CLEAR","reason":"STATUS","loco":"9950012","uptime_ms":533221,"nav":"NORMAL","moving":1,"pwm":91,"est_mm_s":248,"dir":"CCW","session_dir":"CCW","mdir":"FWD","rear":147,"front":142,"env":1510,"lc_mm":147,"last_confirmed_landmark":"","age_ms":856,"since":0,"dead_reckoned_mm":147,"candidate_mm":-1,"viable":[],"lostm":0,"lost_ms":0,"agree":236,"disagree":0,"losts":0,"auto":0}
2026-08-26T14:14:44-0700	ngr/loco/9950012/state/start_mm	147
2026-08-26T14:14:44-0700	ngr/loco/9950012/state/loopstat	{"loop_max_gap_ms":34,"hall_task_max_gap_ms":2,"hall_task_age_ms":1,"baseline":1806,"raw":1793,"delta":-13,"queue_drops":0,"floor_rejects":0,"queue_high_water":1,"mqtt_connect_ms":771,"mqtt_attempts":1,"pub_drops":0,"pub_queue_hw":1,"cmd_drops":0,"pub_per_s":4,"marker_pub_drops":0,"marker_pub_hw":1,"nav":"NORMAL","mm":147,"miss_streak":0,"pwm":91,"lost_markers":0,"lost_ms":0,"motor_dir":"FWD"}
2026-08-26T14:14:44-0700	ngr/loco/9950012/state/nav	{"event":"AGREE","state":"NORMAL","nav_state":"NORMAL","mm":146,"landmark":"","dir":"CCW","miss_streak":0,"obs":"N","expected":"N","peak":165,"ms":158,"drift":0,"dt":1175,"agree":237,"disagree":0,"lost":0,"scores":[0,0,0,0,0,0],"excluded":[false,false,false,false,false,false],"leader":null,"runner_up":null,"margin":0,"motor_dir":"FWD"}
2026-08-26T14:14:44-0700	ngr/loco/9950012/mm/marker	{"mm":146,"landmark":"","obs":"N","peak":165,"ms":158,"drift":0,"dt":1175,"timing_gate":"ACTIVE","dt_expected":1173,"dt_conserve_ratio":2.03,"pwm":91,"v":15.09}
2026-08-26T14:14:44-0700	ngr/loco/9950012/alert	{"level":"CLEAR","reason":"STATUS","loco":"9950012","uptime_ms":534221,"nav":"NORMAL","moving":1,"pwm":91,"est_mm_s":259,"dir":"CCW","session_dir":"CCW","mdir":"FWD","rear":146,"front":141,"env":1505,"lc_mm":146,"last_confirmed_landmark":"","age_ms":681,"since":0,"dead_reckoned_mm":146,"candidate_mm":-1,"viable":[],"lostm":0,"lost_ms":0,"agree":237,"disagree":0,"losts":0,"auto":0}
2026-08-26T14:14:45-0700	ngr/loco/9950012/state/start_mm	146
2026-08-26T14:14:45-0700	ngr/loco/9950012/state/loopstat	{"loop_max_gap_ms":34,"hall_task_max_gap_ms":2,"hall_task_age_ms":1,"baseline":1806,"raw":1802,"delta":-4,"queue_drops":0,"floor_rejects":0,"queue_high_water":1,"mqtt_connect_ms":771,"mqtt_attempts":1,"pub_drops":0,"pub_queue_hw":1,"cmd_drops":0,"pub_per_s":4,"marker_pub_drops":0,"marker_pub_hw":1,"nav":"NORMAL","mm":146,"miss_streak":0,"pwm":91,"lost_markers":0,"lost_ms":0,"motor_dir":"FWD"}
2026-08-26T14:14:45-0700	ngr/loco/9950012/state/nav	{"event":"AGREE","state":"NORMAL","nav_state":"NORMAL","mm":145,"landmark":"","dir":"CCW","miss_streak":0,"obs":"N","expected":"N","peak":164,"ms":162,"drift":0,"dt":1201,"agree":238,"disagree":0,"lost":0,"scores":[0,0,0,0,0,0],"excluded":[false,false,false,false,false,false],"leader":null,"runner_up":null,"margin":0,"motor_dir":"FWD"}
2026-08-26T14:14:45-0700	ngr/loco/9950012/mm/marker	{"mm":145,"landmark":"","obs":"N","peak":164,"ms":162,"drift":0,"dt":1201,"timing_gate":"ACTIVE","dt_expected":1192,"dt_conserve_ratio":1.99,"pwm":91,"v":15.09}
2026-08-26T14:14:45-0700	ngr/loco/9950012/telem/voltage	15.07
2026-08-26T14:14:45-0700	ngr/loco/9950012/telem/current	0.36
2026-08-26T14:14:45-0700	ngr/loco/9950012/telem/power	5.65
2026-08-26T14:14:45-0700	ngr/loco/9950012/alert	{"level":"CLEAR","reason":"STATUS","loco":"9950012","uptime_ms":535221,"nav":"NORMAL","moving":1,"pwm":91,"est_mm_s":249,"dir":"CCW","session_dir":"CCW","mdir":"FWD","rear":145,"front":140,"env":1505,"lc_mm":145,"last_confirmed_landmark":"","age_ms":480,"since":0,"dead_reckoned_mm":145,"candidate_mm":-1,"viable":[],"lostm":0,"lost_ms":0,"agree":238,"disagree":0,"losts":0,"auto":0}
2026-08-26T14:14:46-0700	ngr/loco/9950012/state/start_mm	145
2026-08-26T14:14:46-0700	ngr/loco/9950012/state/loopstat	{"loop_max_gap_ms":33,"hall_task_max_gap_ms":2,"hall_task_age_ms":1,"baseline":1805,"raw":1805,"delta":0,"queue_drops":0,"floor_rejects":0,"queue_high_water":1,"mqtt_connect_ms":771,"mqtt_attempts":1,"pub_drops":0,"pub_queue_hw":3,"cmd_drops":0,"pub_per_s":7,"marker_pub_drops":0,"marker_pub_hw":1,"nav":"NORMAL","mm":145,"miss_streak":0,"pwm":91,"lost_markers":0,"lost_ms":0,"motor_dir":"FWD"}
2026-08-26T14:14:46-0700	ngr/loco/9950012/state/nav	{"event":"AGREE","state":"NORMAL","nav_state":"NORMAL","mm":144,"landmark":"","dir":"CCW","miss_streak":0,"obs":"N","expected":"N","peak":147,"ms":155,"drift":0,"dt":1304,"agree":239,"disagree":0,"lost":0,"scores":[0,0,0,0,0,0],"excluded":[false,false,false,false,false,false],"leader":null,"runner_up":null,"margin":0,"motor_dir":"FWD"}
2026-08-26T14:14:46-0700	ngr/loco/9950012/mm/marker	{"mm":144,"landmark":"","obs":"N","peak":147,"ms":155,"drift":0,"dt":1304,"timing_gate":"ACTIVE","dt_expected":1173,"dt_conserve_ratio":2.14,"pwm":91,"v":15.07}
2026-08-26T14:14:46-0700	ngr/loco/9950012/alert	{"level":"CLEAR","reason":"STATUS","loco":"9950012","uptime_ms":536223,"nav":"NORMAL","moving":1,"pwm":91,"est_mm_s":233,"dir":"CCW","session_dir":"CCW","mdir":"FWD","rear":144,"front":139,"env":1500,"lc_mm":144,"last_confirmed_landmark":"","age_ms":178,"since":0,"dead_reckoned_mm":144,"candidate_mm":-1,"viable":[],"lostm":0,"lost_ms":0,"agree":239,"disagree":0,"losts":0,"auto":0}
2026-08-26T14:14:47-0700	ngr/loco/9950012/state/start_mm	144
2026-08-26T14:14:47-0700	ngr/loco/9950012/state/loopstat	{"loop_max_gap_ms":56,"hall_task_max_gap_ms":3,"hall_task_age_ms":1,"baseline":1805,"raw":1806,"delta":1,"queue_drops":0,"floor_rejects":0,"queue_high_water":1,"mqtt_connect_ms":771,"mqtt_attempts":1,"pub_drops":0,"pub_queue_hw":1,"cmd_drops":0,"pub_per_s":4,"marker_pub_drops":0,"marker_pub_hw":1,"nav":"NORMAL","mm":144,"miss_streak":0,"pwm":91,"lost_markers":0,"lost_ms":0,"motor_dir":"FWD"}
2026-08-26T14:14:47-0700	ngr/loco/9950012/alert	{"level":"CLEAR","reason":"STATUS","loco":"9950012","uptime_ms":537223,"nav":"NORMAL","moving":1,"pwm":91,"est_mm_s":233,"dir":"CCW","session_dir":"CCW","mdir":"FWD","rear":144,"front":139,"env":1500,"lc_mm":144,"last_confirmed_landmark":"","age_ms":1178,"since":0,"dead_reckoned_mm":144,"candidate_mm":-1,"viable":[],"lostm":0,"lost_ms":0,"agree":239,"disagree":0,"losts":0,"auto":0}
2026-08-26T14:14:48-0700	ngr/loco/9950012/state/nav	{"event":"AGREE","state":"NORMAL","nav_state":"NORMAL","mm":143,"landmark":"","dir":"CCW","miss_streak":0,"obs":"S","expected":"S","peak":171,"ms":157,"drift":0,"dt":1179,"agree":240,"disagree":0,"lost":0,"scores":[0,0,0,0,0,0],"excluded":[false,false,false,false,false,false],"leader":null,"runner_up":null,"margin":0,"motor_dir":"FWD"}
2026-08-26T14:14:48-0700	ngr/loco/9950012/mm/marker	{"mm":143,"landmark":"","obs":"S","peak":171,"ms":157,"drift":0,"dt":1179,"timing_gate":"ACTIVE","dt_expected":1192,"dt_conserve_ratio":2.08,"pwm":91,"v":15.07}
2026-08-26T14:14:48-0700	ngr/loco/9950012/state/start_mm	143
2026-08-26T14:14:48-0700	ngr/loco/9950012/state/loopstat	{"loop_max_gap_ms":33,"hall_task_max_gap_ms":2,"hall_task_age_ms":1,"baseline":1806,"raw":1808,"delta":2,"queue_drops":0,"floor_rejects":0,"queue_high_water":1,"mqtt_connect_ms":771,"mqtt_attempts":1,"pub_drops":0,"pub_queue_hw":1,"cmd_drops":0,"pub_per_s":4,"marker_pub_drops":0,"marker_pub_hw":1,"nav":"NORMAL","mm":143,"miss_streak":0,"pwm":91,"lost_markers":0,"lost_ms":0,"motor_dir":"FWD"}
2026-08-26T14:14:48-0700	ngr/loco/9950012/alert	{"level":"CLEAR","reason":"STATUS","loco":"9950012","uptime_ms":538223,"nav":"NORMAL","moving":1,"pwm":91,"est_mm_s":254,"dir":"CCW","session_dir":"CCW","mdir":"FWD","rear":143,"front":138,"env":1500,"lc_mm":143,"last_confirmed_landmark":"","age_ms":999,"since":0,"dead_reckoned_mm":143,"candidate_mm":-1,"viable":[],"lostm":0,"lost_ms":0,"agree":240,"disagree":0,"losts":0,"auto":0}
2026-08-26T14:14:49-0700	ngr/loco/9950012/state/loopstat	{"loop_max_gap_ms":33,"hall_task_max_gap_ms":3,"hall_task_age_ms":1,"baseline":1806,"raw":1900,"delta":94,"queue_drops":0,"floor_rejects":0,"queue_high_water":0,"mqtt_connect_ms":771,"mqtt_attempts":1,"pub_drops":0,"pub_queue_hw":1,"cmd_drops":0,"pub_per_s":1,"marker_pub_drops":0,"marker_pub_hw":0,"nav":"NORMAL","mm":143,"miss_streak":0,"pwm":91,"lost_markers":0,"lost_ms":0,"motor_dir":"FWD"}
2026-08-26T14:14:49-0700	ngr/loco/9950012/state/nav	{"event":"AGREE","state":"NORMAL","nav_state":"NORMAL","mm":142,"landmark":"","dir":"CCW","miss_streak":0,"obs":"N","expected":"N","peak":139,"ms":167,"drift":0,"dt":1179,"agree":241,"disagree":0,"lost":0,"scores":[0,0,0,0,0,0],"excluded":[false,false,false,false,false,false],"leader":null,"runner_up":null,"margin":0,"motor_dir":"FWD"}
2026-08-26T14:14:49-0700	ngr/loco/9950012/mm/marker	{"mm":142,"landmark":"","obs":"N","peak":139,"ms":167,"drift":0,"dt":1179,"timing_gate":"ACTIVE","dt_expected":1173,"dt_conserve_ratio":2.01,"pwm":91,"v":15.07}
2026-08-26T14:14:49-0700	ngr/loco/9950012/alert	{"level":"CLEAR","reason":"STATUS","loco":"9950012","uptime_ms":539223,"nav":"NORMAL","moving":1,"pwm":91,"est_mm_s":254,"dir":"CCW","session_dir":"CCW","mdir":"FWD","rear":142,"front":137,"env":1500,"lc_mm":142,"last_confirmed_landmark":"","age_ms":820,"since":0,"dead_reckoned_mm":142,"candidate_mm":-1,"viable":[],"lostm":0,"lost_ms":0,"agree":241,"disagree":0,"losts":0,"auto":0}
2026-08-26T14:14:50-0700	ngr/loco/9950012/state/start_mm	142
2026-08-26T14:14:50-0700	ngr/loco/9950012/state/loopstat	{"loop_max_gap_ms":34,"hall_task_max_gap_ms":2,"hall_task_age_ms":1,"baseline":1806,"raw":1817,"delta":11,"queue_drops":0,"floor_rejects":0,"queue_high_water":1,"mqtt_connect_ms":771,"mqtt_attempts":1,"pub_drops":0,"pub_queue_hw":1,"cmd_drops":0,"pub_per_s":4,"marker_pub_drops":0,"marker_pub_hw":1,"nav":"NORMAL","mm":142,"miss_streak":0,"pwm":91,"lost_markers":0,"lost_ms":0,"motor_dir":"FWD"}
2026-08-26T14:14:50-0700	ngr/loco/9950012/state/nav	{"event":"AGREE","state":"NORMAL","nav_state":"NORMAL","mm":141,"landmark":"","dir":"CCW","miss_streak":0,"obs":"S","expected":"S","peak":129,"ms":164,"drift":0,"dt":1172,"agree":242,"disagree":0,"lost":0,"scores":[0,0,0,0,0,0],"excluded":[false,false,false,false,false,false],"leader":null,"runner_up":null,"margin":0,"motor_dir":"FWD"}
2026-08-26T14:14:50-0700	ngr/loco/9950012/mm/marker	{"mm":141,"landmark":"","obs":"S","peak":129,"ms":164,"drift":0,"dt":1172,"timing_gate":"ACTIVE","dt_expected":1173,"dt_conserve_ratio":2.00,"pwm":91,"v":15.07}
2026-08-26T14:14:50-0700	ngr/loco/9950012/telem/voltage	15.10
2026-08-26T14:14:50-0700	ngr/loco/9950012/telem/current	0.37
2026-08-26T14:14:50-0700	ngr/loco/9950012/telem/power	5.58
2026-08-26T14:14:50-0700	ngr/loco/9950012/alert	{"level":"CLEAR","reason":"STATUS","loco":"9950012","uptime_ms":540223,"nav":"NORMAL","moving":1,"pwm":91,"est_mm_s":255,"dir":"CCW","session_dir":"CCW","mdir":"FWD","rear":141,"front":136,"env":1500,"lc_mm":141,"last_confirmed_landmark":"","age_ms":648,"since":0,"dead_reckoned_mm":141,"candidate_mm":-1,"viable":[],"lostm":0,"lost_ms":0,"agree":242,"disagree":0,"losts":0,"auto":0}
2026-08-26T14:14:51-0700	ngr/loco/9950012/state/start_mm	141
2026-08-26T14:14:51-0700	ngr/loco/9950012/state/loopstat	{"loop_max_gap_ms":33,"hall_task_max_gap_ms":3,"hall_task_age_ms":1,"baseline":1806,"raw":1808,"delta":2,"queue_drops":0,"floor_rejects":0,"queue_high_water":1,"mqtt_connect_ms":771,"mqtt_attempts":1,"pub_drops":0,"pub_queue_hw":3,"cmd_drops":0,"pub_per_s":7,"marker_pub_drops":0,"marker_pub_hw":1,"nav":"NORMAL","mm":141,"miss_streak":0,"pwm":91,"lost_markers":0,"lost_ms":0,"motor_dir":"FWD"}
2026-08-26T14:14:51-0700	ngr/loco/9950012/state/nav	{"event":"AGREE","state":"NORMAL","nav_state":"NORMAL","mm":140,"landmark":"Eastpoint","dir":"CCW","miss_streak":0,"obs":"S","expected":"S","peak":98,"ms":175,"drift":0,"dt":1178,"agree":243,"disagree":0,"lost":0,"scores":[0,0,0,0,0,0],"excluded":[false,false,false,false,false,false],"leader":null,"runner_up":null,"margin":0,"motor_dir":"FWD"}
2026-08-26T14:14:51-0700	ngr/loco/9950012/mm/marker	{"mm":140,"landmark":"Eastpoint","obs":"S","peak":98,"ms":175,"drift":0,"dt":1178,"timing_gate":"ACTIVE","dt_expected":1173,"dt_conserve_ratio":2.00,"pwm":91,"v":15.10}
2026-08-26T14:14:51-0700	ngr/loco/9950012/alert	{"level":"CLEAR","reason":"STATUS","loco":"9950012","uptime_ms":541223,"nav":"NORMAL","moving":1,"pwm":91,"est_mm_s":254,"dir":"CCW","session_dir":"CCW","mdir":"FWD","rear":140,"front":135,"env":1500,"lc_mm":140,"last_confirmed_landmark":"Eastpoint","age_ms":470,"since":0,"dead_reckoned_mm":140,"candidate_mm":-1,"viable":[],"lostm":0,"lost_ms":0,"agree":243,"disagree":0,"losts":0,"auto":0}
2026-08-26T14:14:52-0700	ngr/loco/9950012/state/start_mm	140
2026-08-26T14:14:52-0700	ngr/loco/9950012/state/loopstat	{"loop_max_gap_ms":34,"hall_task_max_gap_ms":3,"hall_task_age_ms":1,"baseline":1806,"raw":1807,"delta":1,"queue_drops":0,"floor_rejects":0,"queue_high_water":1,"mqtt_connect_ms":771,"mqtt_attempts":1,"pub_drops":0,"pub_queue_hw":1,"cmd_drops":0,"pub_per_s":4,"marker_pub_drops":0,"marker_pub_hw":1,"nav":"NORMAL","mm":140,"miss_streak":0,"pwm":91,"lost_markers":0,"lost_ms":0,"motor_dir":"FWD"}
2026-08-26T14:14:52-0700	ngr/loco/9950012/state/nav	{"event":"AGREE","state":"NORMAL","nav_state":"NORMAL","mm":139,"landmark":"","dir":"CCW","miss_streak":0,"obs":"S","expected":"S","peak":153,"ms":167,"drift":0,"dt":1186,"agree":244,"disagree":0,"lost":0,"scores":[0,0,0,0,0,0],"excluded":[false,false,false,false,false,false],"leader":null,"runner_up":null,"margin":0,"motor_dir":"FWD"}
2026-08-26T14:14:52-0700	ngr/loco/9950012/mm/marker	{"mm":139,"landmark":"","obs":"S","peak":153,"ms":167,"drift":0,"dt":1186,"timing_gate":"ACTIVE","dt_expected":1173,"dt_conserve_ratio":2.01,"pwm":91,"v":15.10}
2026-08-26T14:14:52-0700	ngr/loco/9950012/alert	{"level":"CLEAR","reason":"STATUS","loco":"9950012","uptime_ms":542223,"nav":"NORMAL","moving":1,"pwm":91,"est_mm_s":252,"dir":"CCW","session_dir":"CCW","mdir":"FWD","rear":139,"front":134,"env":1500,"lc_mm":139,"last_confirmed_landmark":"","age_ms":284,"since":0,"dead_reckoned_mm":139,"candidate_mm":-1,"viable":[],"lostm":0,"lost_ms":0,"agree":244,"disagree":0,"losts":0,"auto":0}
2026-08-26T14:14:53-0700	ngr/loco/9950012/state/start_mm	139
2026-08-26T14:14:53-0700	ngr/loco/9950012/state/loopstat	{"loop_max_gap_ms":34,"hall_task_max_gap_ms":2,"hall_task_age_ms":1,"baseline":1806,"raw":1807,"delta":1,"queue_drops":0,"floor_rejects":0,"queue_high_water":1,"mqtt_connect_ms":771,"mqtt_attempts":1,"pub_drops":0,"pub_queue_hw":1,"cmd_drops":0,"pub_per_s":4,"marker_pub_drops":0,"marker_pub_hw":1,"nav":"NORMAL","mm":139,"miss_streak":0,"pwm":91,"lost_markers":0,"lost_ms":0,"motor_dir":"FWD"}
2026-08-26T14:14:53-0700	ngr/loco/9950012/alert	{"level":"CLEAR","reason":"STATUS","loco":"9950012","uptime_ms":543223,"nav":"NORMAL","moving":1,"pwm":91,"est_mm_s":252,"dir":"CCW","session_dir":"CCW","mdir":"FWD","rear":139,"front":134,"env":1500,"lc_mm":139,"last_confirmed_landmark":"","age_ms":1284,"since":0,"dead_reckoned_mm":139,"candidate_mm":-1,"viable":[],"lostm":0,"lost_ms":0,"agree":244,"disagree":0,"losts":0,"auto":0}
2026-08-26T14:14:54-0700	ngr/loco/9950012/state/nav	{"event":"AGREE","state":"NORMAL","nav_state":"NORMAL","mm":138,"landmark":"","dir":"CCW","miss_streak":0,"obs":"S","expected":"S","peak":169,"ms":169,"drift":0,"dt":1227,"agree":245,"disagree":0,"lost":0,"scores":[0,0,0,0,0,0],"excluded":[false,false,false,false,false,false],"leader":null,"runner_up":null,"margin":0,"motor_dir":"FWD"}
2026-08-26T14:14:54-0700	ngr/loco/9950012/mm/marker	{"mm":138,"landmark":"","obs":"S","peak":169,"ms":169,"drift":0,"dt":1227,"timing_gate":"ACTIVE","dt_expected":1173,"dt_conserve_ratio":2.06,"pwm":91,"v":15.10}
2026-08-26T14:14:54-0700	ngr/loco/9950012/state/start_mm	138
2026-08-26T14:14:54-0700	ngr/loco/9950012/state/loopstat	{"loop_max_gap_ms":34,"hall_task_max_gap_ms":2,"hall_task_age_ms":1,"baseline":1806,"raw":1808,"delta":2,"queue_drops":0,"floor_rejects":0,"queue_high_water":1,"mqtt_connect_ms":771,"mqtt_attempts":1,"pub_drops":0,"pub_queue_hw":1,"cmd_drops":0,"pub_per_s":4,"marker_pub_drops":0,"marker_pub_hw":1,"nav":"NORMAL","mm":138,"miss_streak":0,"pwm":91,"lost_markers":0,"lost_ms":0,"motor_dir":"FWD"}
2026-08-26T14:14:54-0700	ngr/loco/9950012/alert	{"level":"CLEAR","reason":"STATUS","loco":"9950012","uptime_ms":544223,"nav":"NORMAL","moving":1,"pwm":91,"est_mm_s":244,"dir":"CCW","session_dir":"CCW","mdir":"FWD","rear":138,"front":133,"env":1500,"lc_mm":138,"last_confirmed_landmark":"","age_ms":1057,"since":0,"dead_reckoned_mm":138,"candidate_mm":-1,"viable":[],"lostm":0,"lost_ms":0,"agree":245,"disagree":0,"losts":0,"auto":0}
2026-08-26T14:14:55-0700	ngr/loco/9950012/state/loopstat	{"loop_max_gap_ms":33,"hall_task_max_gap_ms":3,"hall_task_age_ms":1,"baseline":1806,"raw":1701,"delta":-105,"queue_drops":0,"floor_rejects":0,"queue_high_water":0,"mqtt_connect_ms":771,"mqtt_attempts":1,"pub_drops":0,"pub_queue_hw":1,"cmd_drops":0,"pub_per_s":1,"marker_pub_drops":0,"marker_pub_hw":0,"nav":"NORMAL","mm":138,"miss_streak":0,"pwm":91,"lost_markers":0,"lost_ms":0,"motor_dir":"FWD"}
2026-08-26T14:14:55-0700	ngr/loco/9950012/state/nav	{"event":"AGREE","state":"NORMAL","nav_state":"NORMAL","mm":137,"landmark":"","dir":"CCW","miss_streak":0,"obs":"S","expected":"S","peak":149,"ms":167,"drift":0,"dt":1235,"agree":246,"disagree":0,"lost":0,"scores":[0,0,0,0,0,0],"excluded":[false,false,false,false,false,false],"leader":null,"runner_up":null,"margin":0,"motor_dir":"FWD"}
2026-08-26T14:14:55-0700	ngr/loco/9950012/mm/marker	{"mm":137,"landmark":"","obs":"S","peak":149,"ms":167,"drift":0,"dt":1235,"timing_gate":"ACTIVE","dt_expected":1173,"dt_conserve_ratio":2.10,"pwm":91,"v":15.10}
2026-08-26T14:14:55-0700	ngr/loco/9950012/telem/voltage	15.09
2026-08-26T14:14:55-0700	ngr/loco/9950012/telem/current	0.38
2026-08-26T14:14:55-0700	ngr/loco/9950012/telem/power	6.21
2026-08-26T14:14:55-0700	ngr/loco/9950012/alert	{"level":"CLEAR","reason":"STATUS","loco":"9950012","uptime_ms":545223,"nav":"NORMAL","moving":1,"pwm":91,"est_mm_s":242,"dir":"CCW","session_dir":"CCW","mdir":"FWD","rear":137,"front":132,"env":1500,"lc_mm":137,"last_confirmed_landmark":"","age_ms":822,"since":0,"dead_reckoned_mm":137,"candidate_mm":-1,"viable":[],"lostm":0,"lost_ms":0,"agree":246,"disagree":0,"losts":0,"auto":0}
2026-08-26T14:14:56-0700	ngr/loco/9950012/state/start_mm	137
2026-08-26T14:14:56-0700	ngr/loco/9950012/state/loopstat	{"loop_max_gap_ms":34,"hall_task_max_gap_ms":2,"hall_task_age_ms":1,"baseline":1806,"raw":1797,"delta":-9,"queue_drops":0,"floor_rejects":0,"queue_high_water":1,"mqtt_connect_ms":771,"mqtt_attempts":1,"pub_drops":0,"pub_queue_hw":3,"cmd_drops":0,"pub_per_s":7,"marker_pub_drops":0,"marker_pub_hw":1,"nav":"NORMAL","mm":137,"miss_streak":0,"pwm":91,"lost_markers":0,"lost_ms":0,"motor_dir":"FWD"}
2026-08-26T14:14:56-0700	ngr/loco/9950012/state/nav	{"event":"AGREE","state":"NORMAL","nav_state":"NORMAL","mm":136,"landmark":"","dir":"CCW","miss_streak":0,"obs":"N","expected":"N","peak":160,"ms":163,"drift":0,"dt":1257,"agree":247,"disagree":0,"lost":0,"scores":[0,0,0,0,0,0],"excluded":[false,false,false,false,false,false],"leader":null,"runner_up":null,"margin":0,"motor_dir":"FWD"}
2026-08-26T14:14:56-0700	ngr/loco/9950012/mm/marker	{"mm":136,"landmark":"","obs":"N","peak":160,"ms":163,"drift":0,"dt":1257,"timing_gate":"ACTIVE","dt_expected":1173,"dt_conserve_ratio":2.12,"pwm":91,"v":15.09}
2026-08-26T14:14:56-0700	ngr/loco/9950012/alert	{"level":"CLEAR","reason":"STATUS","loco":"9950012","uptime_ms":546223,"nav":"NORMAL","moving":1,"pwm":91,"est_mm_s":238,"dir":"CCW","session_dir":"CCW","mdir":"FWD","rear":136,"front":131,"env":1500,"lc_mm":136,"last_confirmed_landmark":"","age_ms":565,"since":0,"dead_reckoned_mm":136,"candidate_mm":-1,"viable":[],"lostm":0,"lost_ms":0,"agree":247,"disagree":0,"losts":0,"auto":0}
2026-08-26T14:14:57-0700	ngr/loco/9950012/state/start_mm	136
2026-08-26T14:14:57-0700	ngr/loco/9950012/state/loopstat	{"loop_max_gap_ms":34,"hall_task_max_gap_ms":2,"hall_task_age_ms":1,"baseline":1806,"raw":1806,"delta":0,"queue_drops":0,"floor_rejects":0,"queue_high_water":1,"mqtt_connect_ms":771,"mqtt_attempts":1,"pub_drops":0,"pub_queue_hw":1,"cmd_drops":0,"pub_per_s":4,"marker_pub_drops":0,"marker_pub_hw":1,"nav":"NORMAL","mm":136,"miss_streak":0,"pwm":91,"lost_markers":0,"lost_ms":0,"motor_dir":"FWD"}
2026-08-26T14:14:57-0700	ngr/loco/9950012/state/nav	{"event":"AGREE","state":"NORMAL","nav_state":"NORMAL","mm":135,"landmark":"","dir":"CCW","miss_streak":0,"obs":"N","expected":"N","peak":172,"ms":176,"drift":0,"dt":1241,"agree":248,"disagree":0,"lost":0,"scores":[0,0,0,0,0,0],"excluded":[false,false,false,false,false,false],"leader":null,"runner_up":null,"margin":0,"motor_dir":"FWD"}
2026-08-26T14:14:57-0700	ngr/loco/9950012/mm/marker	{"mm":135,"landmark":"","obs":"N","peak":172,"ms":176,"drift":0,"dt":1241,"timing_gate":"ACTIVE","dt_expected":1173,"dt_conserve_ratio":2.13,"pwm":91,"v":15.09}
2026-08-26T14:14:57-0700	ngr/loco/9950012/alert	{"level":"CLEAR","reason":"STATUS","loco":"9950012","uptime_ms":547223,"nav":"NORMAL","moving":1,"pwm":91,"est_mm_s":241,"dir":"CCW","session_dir":"CCW","mdir":"FWD","rear":135,"front":130,"env":1500,"lc_mm":135,"last_confirmed_landmark":"","age_ms":324,"since":0,"dead_reckoned_mm":135,"candidate_mm":-1,"viable":[],"lostm":0,"lost_ms":0,"agree":248,"disagree":0,"losts":0,"auto":0}
2026-08-26T14:14:58-0700	ngr/loco/9950012/state/start_mm	135
2026-08-26T14:14:58-0700	ngr/loco/9950012/state/loopstat	{"loop_max_gap_ms":34,"hall_task_max_gap_ms":2,"hall_task_age_ms":1,"baseline":1806,"raw":1805,"delta":-1,"queue_drops":0,"floor_rejects":0,"queue_high_water":1,"mqtt_connect_ms":771,"mqtt_attempts":1,"pub_drops":0,"pub_queue_hw":1,"cmd_drops":0,"pub_per_s":4,"marker_pub_drops":0,"marker_pub_hw":1,"nav":"NORMAL","mm":135,"miss_streak":0,"pwm":91,"lost_markers":0,"lost_ms":0,"motor_dir":"FWD"}
2026-08-26T14:14:58-0700	ngr/loco/9950012/alert	{"level":"CLEAR","reason":"STATUS","loco":"9950012","uptime_ms":548223,"nav":"NORMAL","moving":1,"pwm":91,"est_mm_s":241,"dir":"CCW","session_dir":"CCW","mdir":"FWD","rear":135,"front":130,"env":1500,"lc_mm":135,"last_confirmed_landmark":"","age_ms":1324,"since":0,"dead_reckoned_mm":135,"candidate_mm":-1,"viable":[],"lostm":0,"lost_ms":0,"agree":248,"disagree":0,"losts":0,"auto":0}
2026-08-26T14:14:59-0700	ngr/loco/9950012/state/nav	{"event":"AGREE","state":"NORMAL","nav_state":"NORMAL","mm":134,"landmark":"","dir":"CCW","miss_streak":0,"obs":"S","expected":"S","peak":171,"ms":170,"drift":0,"dt":1259,"agree":249,"disagree":0,"lost":0,"scores":[0,0,0,0,0,0],"excluded":[false,false,false,false,false,false],"leader":null,"runner_up":null,"margin":0,"motor_dir":"FWD"}
2026-08-26T14:14:59-0700	ngr/loco/9950012/mm/marker	{"mm":134,"landmark":"","obs":"S","peak":171,"ms":170,"drift":0,"dt":1259,"timing_gate":"ACTIVE","dt_expected":1173,"dt_conserve_ratio":2.13,"pwm":91,"v":15.09}
2026-08-26T14:14:59-0700	ngr/loco/9950012/state/start_mm	134
2026-08-26T14:14:59-0700	ngr/loco/9950012/state/loopstat	{"loop_max_gap_ms":33,"hall_task_max_gap_ms":2,"hall_task_age_ms":1,"baseline":1806,"raw":1808,"delta":2,"queue_drops":0,"floor_rejects":0,"queue_high_water":1,"mqtt_connect_ms":771,"mqtt_attempts":1,"pub_drops":0,"pub_queue_hw":1,"cmd_drops":0,"pub_per_s":4,"marker_pub_drops":0,"marker_pub_hw":1,"nav":"NORMAL","mm":134,"miss_streak":0,"pwm":91,"lost_markers":0,"lost_ms":0,"motor_dir":"FWD"}
2026-08-26T14:14:59-0700	ngr/loco/9950012/alert	{"level":"CLEAR","reason":"STATUS","loco":"9950012","uptime_ms":549223,"nav":"NORMAL","moving":1,"pwm":91,"est_mm_s":238,"dir":"CCW","session_dir":"CCW","mdir":"FWD","rear":134,"front":129,"env":1490,"lc_mm":134,"last_confirmed_landmark":"","age_ms":1065,"since":0,"dead_reckoned_mm":134,"candidate_mm":-1,"viable":[],"lostm":0,"lost_ms":0,"agree":249,"disagree":0,"losts":0,"auto":0}
2026-08-26T14:15:00-0700	ngr/loco/9950012/state/loopstat	{"loop_max_gap_ms":33,"hall_task_max_gap_ms":2,"hall_task_age_ms":1,"baseline":1806,"raw":1726,"delta":-80,"queue_drops":0,"floor_rejects":0,"queue_high_water":0,"mqtt_connect_ms":771,"mqtt_attempts":1,"pub_drops":0,"pub_queue_hw":1,"cmd_drops":0,"pub_per_s":1,"marker_pub_drops":0,"marker_pub_hw":0,"nav":"NORMAL","mm":134,"miss_streak":0,"pwm":91,"lost_markers":0,"lost_ms":0,"motor_dir":"FWD"}
2026-08-26T14:15:00-0700	ngr/loco/9950012/state/nav	{"event":"AGREE","state":"NORMAL","nav_state":"NORMAL","mm":133,"landmark":"","dir":"CCW","miss_streak":0,"obs":"S","expected":"S","peak":156,"ms":171,"drift":0,"dt":1226,"agree":250,"disagree":0,"lost":0,"scores":[0,0,0,0,0,0],"excluded":[false,false,false,false,false,false],"leader":null,"runner_up":null,"margin":0,"motor_dir":"FWD"}
2026-08-26T14:15:00-0700	ngr/loco/9950012/mm/marker	{"mm":133,"landmark":"","obs":"S","peak":156,"ms":171,"drift":0,"dt":1226,"timing_gate":"ACTIVE","dt_expected":1173,"dt_conserve_ratio":2.12,"pwm":91,"v":15.09}
2026-08-26T14:15:00-0700	ngr/loco/9950012/telem/voltage	15.09
2026-08-26T14:15:00-0700	ngr/loco/9950012/telem/current	0.35
2026-08-26T14:15:00-0700	ngr/loco/9950012/telem/power	5.33
2026-08-26T14:15:00-0700	ngr/loco/9950012/alert	{"level":"CLEAR","reason":"STATUS","loco":"9950012","uptime_ms":550223,"nav":"NORMAL","moving":1,"pwm":91,"est_mm_s":244,"dir":"CCW","session_dir":"CCW","mdir":"FWD","rear":133,"front":128,"env":1490,"lc_mm":133,"last_confirmed_landmark":"","age_ms":839,"since":0,"dead_reckoned_mm":133,"candidate_mm":-1,"viable":[],"lostm":0,"lost_ms":0,"agree":250,"disagree":0,"losts":0,"auto":0}
2026-08-26T14:15:01-0700	ngr/loco/9950012/state/start_mm	133
2026-08-26T14:15:01-0700	ngr/loco/9950012/state/loopstat	{"loop_max_gap_ms":33,"hall_task_max_gap_ms":2,"hall_task_age_ms":1,"baseline":1806,"raw":1793,"delta":-13,"queue_drops":0,"floor_rejects":0,"queue_high_water":1,"mqtt_connect_ms":771,"mqtt_attempts":1,"pub_drops":0,"pub_queue_hw":3,"cmd_drops":0,"pub_per_s":7,"marker_pub_drops":0,"marker_pub_hw":1,"nav":"NORMAL","mm":133,"miss_streak":0,"pwm":91,"lost_markers":0,"lost_ms":0,"motor_dir":"FWD"}
2026-08-26T14:15:01-0700	ngr/loco/9950012/state/nav	{"event":"AGREE","state":"NORMAL","nav_state":"NORMAL","mm":132,"landmark":"","dir":"CCW","miss_streak":0,"obs":"N","expected":"N","peak":146,"ms":165,"drift":0,"dt":1229,"agree":251,"disagree":0,"lost":0,"scores":[0,0,0,0,0,0],"excluded":[false,false,false,false,false,false],"leader":null,"runner_up":null,"margin":0,"motor_dir":"FWD"}
2026-08-26T14:15:01-0700	ngr/loco/9950012/mm/marker	{"mm":132,"landmark":"","obs":"N","peak":146,"ms":165,"drift":0,"dt":1229,"timing_gate":"ACTIVE","dt_expected":1173,"dt_conserve_ratio":2.09,"pwm":91,"v":15.09}
2026-08-26T14:15:01-0700	ngr/loco/9950012/alert	{"level":"CLEAR","reason":"STATUS","loco":"9950012","uptime_ms":551223,"nav":"NORMAL","moving":1,"pwm":91,"est_mm_s":244,"dir":"CCW","session_dir":"CCW","mdir":"FWD","rear":132,"front":127,"env":1490,"lc_mm":132,"last_confirmed_landmark":"","age_ms":610,"since":0,"dead_reckoned_mm":132,"candidate_mm":-1,"viable":[],"lostm":0,"lost_ms":0,"agree":251,"disagree":0,"losts":0,"auto":0}
2026-08-26T14:15:02-0700	ngr/loco/9950012/state/start_mm	132
2026-08-26T14:15:02-0700	ngr/loco/9950012/state/loopstat	{"loop_max_gap_ms":34,"hall_task_max_gap_ms":3,"hall_task_age_ms":1,"baseline":1806,"raw":1803,"delta":-3,"queue_drops":0,"floor_rejects":0,"queue_high_water":1,"mqtt_connect_ms":771,"mqtt_attempts":1,"pub_drops":0,"pub_queue_hw":1,"cmd_drops":0,"pub_per_s":4,"marker_pub_drops":0,"marker_pub_hw":1,"nav":"NORMAL","mm":132,"miss_streak":0,"pwm":91,"lost_markers":0,"lost_ms":0,"motor_dir":"FWD"}
2026-08-26T14:15:02-0700	ngr/loco/9950012/state/nav	{"event":"AGREE","state":"NORMAL","nav_state":"NORMAL","mm":131,"landmark":"","dir":"CCW","miss_streak":0,"obs":"N","expected":"N","peak":158,"ms":174,"drift":0,"dt":1197,"agree":252,"disagree":0,"lost":0,"scores":[0,0,0,0,0,0],"excluded":[false,false,false,false,false,false],"leader":null,"runner_up":null,"margin":0,"motor_dir":"FWD"}
2026-08-26T14:15:02-0700	ngr/loco/9950012/mm/marker	{"mm":131,"landmark":"","obs":"N","peak":158,"ms":174,"drift":0,"dt":1197,"timing_gate":"ACTIVE","dt_expected":1173,"dt_conserve_ratio":2.07,"pwm":91,"v":15.09}
2026-08-26T14:15:02-0700	ngr/loco/9950012/alert	{"level":"CLEAR","reason":"STATUS","loco":"9950012","uptime_ms":552223,"nav":"NORMAL","moving":1,"pwm":91,"est_mm_s":250,"dir":"CCW","session_dir":"CCW","mdir":"FWD","rear":131,"front":126,"env":1470,"lc_mm":131,"last_confirmed_landmark":"","age_ms":413,"since":0,"dead_reckoned_mm":131,"candidate_mm":-1,"viable":[],"lostm":0,"lost_ms":0,"agree":252,"disagree":0,"losts":0,"auto":0}
2026-08-26T14:15:03-0700	ngr/loco/9950012/state/start_mm	131
2026-08-26T14:15:03-0700	ngr/loco/9950012/state/loopstat	{"loop_max_gap_ms":33,"hall_task_max_gap_ms":2,"hall_task_age_ms":1,"baseline":1806,"raw":1805,"delta":-1,"queue_drops":0,"floor_rejects":0,"queue_high_water":1,"mqtt_connect_ms":771,"mqtt_attempts":1,"pub_drops":0,"pub_queue_hw":1,"cmd_drops":0,"pub_per_s":4,"marker_pub_drops":0,"marker_pub_hw":1,"nav":"NORMAL","mm":131,"miss_streak":0,"pwm":91,"lost_markers":0,"lost_ms":0,"motor_dir":"FWD"}
2026-08-26T14:15:03-0700	ngr/loco/9950012/alert	{"level":"CLEAR","reason":"STATUS","loco":"9950012","uptime_ms":553223,"nav":"NORMAL","moving":1,"pwm":91,"est_mm_s":250,"dir":"CCW","session_dir":"CCW","mdir":"FWD","rear":131,"front":126,"env":1470,"lc_mm":131,"last_confirmed_landmark":"","age_ms":1413,"since":0,"dead_reckoned_mm":131,"candidate_mm":-1,"viable":[],"lostm":0,"lost_ms":0,"agree":252,"disagree":0,"losts":0,"auto":0}
2026-08-26T14:15:04-0700	ngr/loco/9950012/state/nav	{"event":"AGREE","state":"NORMAL","nav_state":"NORMAL","mm":130,"landmark":"","dir":"CCW","miss_streak":0,"obs":"S","expected":"S","peak":175,"ms":190,"drift":0,"dt":1332,"agree":253,"disagree":0,"lost":0,"scores":[0,0,0,0,0,0],"excluded":[false,false,false,false,false,false],"leader":null,"runner_up":null,"margin":0,"motor_dir":"FWD"}
2026-08-26T14:15:04-0700	ngr/loco/9950012/mm/marker	{"mm":130,"landmark":"","obs":"S","peak":175,"ms":190,"drift":0,"dt":1332,"timing_gate":"ACTIVE","dt_expected":1173,"dt_conserve_ratio":2.16,"pwm":91,"v":15.09}
2026-08-26T14:15:04-0700	ngr/loco/9950012/state/start_mm	130
2026-08-26T14:15:04-0700	ngr/loco/9950012/state/loopstat	{"loop_max_gap_ms":34,"hall_task_max_gap_ms":2,"hall_task_age_ms":1,"baseline":1806,"raw":1811,"delta":5,"queue_drops":0,"floor_rejects":0,"queue_high_water":1,"mqtt_connect_ms":771,"mqtt_attempts":1,"pub_drops":0,"pub_queue_hw":1,"cmd_drops":0,"pub_per_s":4,"marker_pub_drops":0,"marker_pub_hw":1,"nav":"NORMAL","mm":130,"miss_streak":0,"pwm":91,"lost_markers":0,"lost_ms":0,"motor_dir":"FWD"}
2026-08-26T14:15:04-0700	ngr/loco/9950012/alert	{"level":"CLEAR","reason":"STATUS","loco":"9950012","uptime_ms":554223,"nav":"NORMAL","moving":1,"pwm":91,"est_mm_s":225,"dir":"CCW","session_dir":"CCW","mdir":"FWD","rear":130,"front":125,"env":1470,"lc_mm":130,"last_confirmed_landmark":"","age_ms":1081,"since":0,"dead_reckoned_mm":130,"candidate_mm":-1,"viable":[],"lostm":0,"lost_ms":0,"agree":253,"disagree":0,"losts":0,"auto":0}
2026-08-26T14:15:05-0700	ngr/loco/9950012/state/loopstat	{"loop_max_gap_ms":33,"hall_task_max_gap_ms":2,"hall_task_age_ms":1,"baseline":1806,"raw":1786,"delta":-20,"queue_drops":0,"floor_rejects":0,"queue_high_water":0,"mqtt_connect_ms":771,"mqtt_attempts":1,"pub_drops":0,"pub_queue_hw":1,"cmd_drops":0,"pub_per_s":1,"marker_pub_drops":0,"marker_pub_hw":0,"nav":"NORMAL","mm":130,"miss_streak":0,"pwm":91,"lost_markers":0,"lost_ms":0,"motor_dir":"FWD"}
2026-08-26T14:15:05-0700	ngr/loco/9950012/state/nav	{"event":"AGREE","state":"NORMAL","nav_state":"NORMAL","mm":129,"landmark":"","dir":"CCW","miss_streak":0,"obs":"N","expected":"N","peak":188,"ms":193,"drift":0,"dt":1455,"agree":254,"disagree":0,"lost":0,"scores":[0,0,0,0,0,0],"excluded":[false,false,false,false,false,false],"leader":null,"runner_up":null,"margin":0,"motor_dir":"FWD"}
2026-08-26T14:15:05-0700	ngr/loco/9950012/mm/marker	{"mm":129,"landmark":"","obs":"N","peak":188,"ms":193,"drift":0,"dt":1455,"timing_gate":"ACTIVE","dt_expected":1173,"dt_conserve_ratio":2.38,"pwm":91,"v":15.09}
2026-08-26T14:15:05-0700	ngr/loco/9950012/telem/voltage	15.07
2026-08-26T14:15:05-0700	ngr/loco/9950012/telem/current	0.49
2026-08-26T14:15:05-0700	ngr/loco/9950012/telem/power	6.81
2026-08-26T14:15:05-0700	ngr/loco/9950012/alert	{"level":"CLEAR","reason":"STATUS","loco":"9950012","uptime_ms":555223,"nav":"NORMAL","moving":1,"pwm":91,"est_mm_s":199,"dir":"CCW","session_dir":"CCW","mdir":"FWD","rear":129,"front":124,"env":1480,"lc_mm":129,"last_confirmed_landmark":"","age_ms":626,"since":0,"dead_reckoned_mm":129,"candidate_mm":-1,"viable":[],"lostm":0,"lost_ms":0,"agree":254,"disagree":0,"losts":0,"auto":0}
2026-08-26T14:15:06-0700	ngr/loco/9950012/state/start_mm	129
2026-08-26T14:15:06-0700	ngr/loco/9950012/state/loopstat	{"loop_max_gap_ms":33,"hall_task_max_gap_ms":3,"hall_task_age_ms":1,"baseline":1806,"raw":1807,"delta":1,"queue_drops":0,"floor_rejects":0,"queue_high_water":1,"mqtt_connect_ms":771,"mqtt_attempts":1,"pub_drops":0,"pub_queue_hw":3,"cmd_drops":0,"pub_per_s":7,"marker_pub_drops":0,"marker_pub_hw":1,"nav":"NORMAL","mm":129,"miss_streak":0,"pwm":91,"lost_markers":0,"lost_ms":0,"motor_dir":"FWD"}
2026-08-26T14:15:06-0700	ngr/loco/9950012/state/nav	{"event":"AGREE","state":"NORMAL","nav_state":"NORMAL","mm":128,"landmark":"","dir":"CCW","miss_streak":0,"obs":"S","expected":"S","peak":185,"ms":187,"drift":0,"dt":1353,"agree":255,"disagree":0,"lost":0,"scores":[0,0,0,0,0,0],"excluded":[false,false,false,false,false,false],"leader":null,"runner_up":null,"margin":0,"motor_dir":"FWD"}
2026-08-26T14:15:06-0700	ngr/loco/9950012/mm/marker	{"mm":128,"landmark":"","obs":"S","peak":185,"ms":187,"drift":0,"dt":1353,"timing_gate":"ACTIVE","dt_expected":1134,"dt_conserve_ratio":2.48,"pwm":91,"v":15.07}
2026-08-26T14:15:06-0700	ngr/loco/9950012/alert	{"level":"CLEAR","reason":"STATUS","loco":"9950012","uptime_ms":556223,"nav":"NORMAL","moving":1,"pwm":91,"est_mm_s":221,"dir":"CCW","session_dir":"CCW","mdir":"FWD","rear":128,"front":123,"env":1480,"lc_mm":128,"last_confirmed_landmark":"","age_ms":273,"since":0,"dead_reckoned_mm":128,"candidate_mm":-1,"viable":[],"lostm":0,"lost_ms":0,"agree":255,"disagree":0,"losts":0,"auto":0}
2026-08-26T14:15:07-0700	ngr/loco/9950012/state/start_mm	128
2026-08-26T14:15:07-0700	ngr/loco/9950012/state/loopstat	{"loop_max_gap_ms":33,"hall_task_max_gap_ms":2,"hall_task_age_ms":1,"baseline":1806,"raw":1806,"delta":0,"queue_drops":0,"floor_rejects":0,"queue_high_water":1,"mqtt_connect_ms":771,"mqtt_attempts":1,"pub_drops":0,"pub_queue_hw":1,"cmd_drops":0,"pub_per_s":4,"marker_pub_drops":0,"marker_pub_hw":1,"nav":"NORMAL","mm":128,"miss_streak":0,"pwm":91,"lost_markers":0,"lost_ms":0,"motor_dir":"FWD"}
2026-08-26T14:15:07-0700	ngr/loco/9950012/alert	{"level":"CLEAR","reason":"STATUS","loco":"9950012","uptime_ms":557223,"nav":"NORMAL","moving":1,"pwm":91,"est_mm_s":221,"dir":"CCW","session_dir":"CCW","mdir":"FWD","rear":128,"front":123,"env":1480,"lc_mm":128,"last_confirmed_landmark":"","age_ms":1273,"since":0,"dead_reckoned_mm":128,"candidate_mm":-1,"viable":[],"lostm":0,"lost_ms":0,"agree":255,"disagree":0,"losts":0,"auto":0}
2026-08-26T14:15:08-0700	ngr/loco/9950012/state/nav	{"event":"AGREE","state":"NORMAL","nav_state":"NORMAL","mm":127,"landmark":"","dir":"CCW","miss_streak":0,"obs":"N","expected":"N","peak":197,"ms":165,"drift":0,"dt":1299,"agree":256,"disagree":0,"lost":0,"scores":[0,0,0,0,0,0],"excluded":[false,false,false,false,false,false],"leader":null,"runner_up":null,"margin":0,"motor_dir":"FWD"}
2026-08-26T14:15:08-0700	ngr/loco/9950012/mm/marker	{"mm":127,"landmark":"","obs":"N","peak":197,"ms":165,"drift":0,"dt":1299,"timing_gate":"ACTIVE","dt_expected":1173,"dt_conserve_ratio":2.26,"pwm":91,"v":15.07}
2026-08-26T14:15:08-0700	ngr/loco/9950012/state/start_mm	127
2026-08-26T14:15:08-0700	ngr/loco/9950012/state/loopstat	{"loop_max_gap_ms":33,"hall_task_max_gap_ms":2,"hall_task_age_ms":1,"baseline":1806,"raw":1802,"delta":-4,"queue_drops":0,"floor_rejects":0,"queue_high_water":1,"mqtt_connect_ms":771,"mqtt_attempts":1,"pub_drops":0,"pub_queue_hw":1,"cmd_drops":0,"pub_per_s":4,"marker_pub_drops":0,"marker_pub_hw":1,"nav":"NORMAL","mm":127,"miss_streak":0,"pwm":91,"lost_markers":0,"lost_ms":0,"motor_dir":"FWD"}
2026-08-26T14:15:08-0700	ngr/loco/9950012/alert	{"level":"CLEAR","reason":"STATUS","loco":"9950012","uptime_ms":558223,"nav":"NORMAL","moving":1,"pwm":91,"est_mm_s":230,"dir":"CCW","session_dir":"CCW","mdir":"FWD","rear":127,"front":122,"env":1480,"lc_mm":127,"last_confirmed_landmark":"","age_ms":974,"since":0,"dead_reckoned_mm":127,"candidate_mm":-1,"viable":[],"lostm":0,"lost_ms":0,"agree":256,"disagree":0,"losts":0,"auto":0}
2026-08-26T14:15:09-0700	ngr/loco/9950012/state/loopstat	{"loop_max_gap_ms":34,"hall_task_max_gap_ms":4,"hall_task_age_ms":1,"baseline":1806,"raw":1832,"delta":26,"queue_drops":0,"floor_rejects":0,"queue_high_water":0,"mqtt_connect_ms":771,"mqtt_attempts":1,"pub_drops":0,"pub_queue_hw":1,"cmd_drops":0,"pub_per_s":1,"marker_pub_drops":0,"marker_pub_hw":0,"nav":"NORMAL","mm":127,"miss_streak":0,"pwm":91,"lost_markers":0,"lost_ms":0,"motor_dir":"FWD"}
2026-08-26T14:15:09-0700	ngr/loco/9950012/state/nav	{"event":"AGREE","state":"NORMAL","nav_state":"NORMAL","mm":126,"landmark":"","dir":"CCW","miss_streak":0,"obs":"N","expected":"N","peak":202,"ms":183,"drift":0,"dt":1088,"agree":257,"disagree":0,"lost":0,"scores":[0,0,0,0,0,0],"excluded":[false,false,false,false,false,false],"leader":null,"runner_up":null,"margin":0,"motor_dir":"FWD"}
2026-08-26T14:15:09-0700	ngr/loco/9950012/mm/marker	{"mm":126,"landmark":"","obs":"N","peak":202,"ms":183,"drift":0,"dt":1088,"timing_gate":"ACTIVE","dt_expected":1173,"dt_conserve_ratio":2.03,"pwm":91,"v":15.07}
2026-08-26T14:15:09-0700	ngr/loco/9950012/alert	{"level":"CLEAR","reason":"STATUS","loco":"9950012","uptime_ms":559223,"nav":"NORMAL","moving":1,"pwm":91,"est_mm_s":257,"dir":"CCW","session_dir":"CCW","mdir":"FWD","rear":126,"front":121,"env":1500,"lc_mm":126,"last_confirmed_landmark":"","age_ms":886,"since":0,"dead_reckoned_mm":126,"candidate_mm":-1,"viable":[],"lostm":0,"lost_ms":0,"agree":257,"disagree":0,"losts":0,"auto":0}
2026-08-26T14:15:10-0700	ngr/loco/9950012/state/start_mm	126
2026-08-26T14:15:10-0700	ngr/loco/9950012/state/loopstat	{"loop_max_gap_ms":34,"hall_task_max_gap_ms":2,"hall_task_age_ms":1,"baseline":1806,"raw":1618,"delta":-188,"queue_drops":0,"floor_rejects":0,"queue_high_water":0,"mqtt_connect_ms":771,"mqtt_attempts":1,"pub_drops":0,"pub_queue_hw":1,"cmd_drops":0,"pub_per_s":4,"marker_pub_drops":0,"marker_pub_hw":1,"nav":"NORMAL","mm":126,"miss_streak":0,"pwm":91,"lost_markers":0,"lost_ms":0,"motor_dir":"FWD"}
2026-08-26T14:15:10-0700	ngr/loco/9950012/state/nav	{"event":"AGREE","state":"NORMAL","nav_state":"NORMAL","mm":125,"landmark":"","dir":"CCW","miss_streak":0,"obs":"S","expected":"S","peak":190,"ms":163,"drift":0,"dt":1102,"agree":258,"disagree":0,"lost":0,"scores":[0,0,0,0,0,0],"excluded":[false,false,false,false,false,false],"leader":null,"runner_up":null,"margin":0,"motor_dir":"FWD"}
2026-08-26T14:15:10-0700	ngr/loco/9950012/mm/marker	{"mm":125,"landmark":"","obs":"S","peak":190,"ms":163,"drift":0,"dt":1102,"timing_gate":"ACTIVE","dt_expected":1095,"dt_conserve_ratio":2.00,"pwm":91,"v":15.07}
2026-08-26T14:15:10-0700	ngr/loco/9950012/telem/voltage	15.10
2026-08-26T14:15:10-0700	ngr/loco/9950012/telem/current	0.31
2026-08-26T14:15:10-0700	ngr/loco/9950012/telem/power	4.75
2026-08-26T14:15:10-0700	ngr/loco/9950012/alert	{"level":"CLEAR","reason":"STATUS","loco":"9950012","uptime_ms":560223,"nav":"NORMAL","moving":1,"pwm":91,"est_mm_s":272,"dir":"CCW","session_dir":"CCW","mdir":"FWD","rear":125,"front":120,"env":1500,"lc_mm":125,"last_confirmed_landmark":"","age_ms":784,"since":0,"dead_reckoned_mm":125,"candidate_mm":-1,"viable":[],"lostm":0,"lost_ms":0,"agree":258,"disagree":0,"losts":0,"auto":0}
2026-08-26T14:15:11-0700	ngr/loco/9950012/state/start_mm	125
2026-08-26T14:15:11-0700	ngr/loco/9950012/state/loopstat	{"loop_max_gap_ms":34,"hall_task_max_gap_ms":2,"hall_task_age_ms":1,"baseline":1806,"raw":1808,"delta":2,"queue_drops":0,"floor_rejects":0,"queue_high_water":1,"mqtt_connect_ms":771,"mqtt_attempts":1,"pub_drops":0,"pub_queue_hw":3,"cmd_drops":0,"pub_per_s":7,"marker_pub_drops":0,"marker_pub_hw":1,"nav":"NORMAL","mm":125,"miss_streak":0,"pwm":91,"lost_markers":0,"lost_ms":0,"motor_dir":"FWD"}
2026-08-26T14:15:11-0700	ngr/loco/9950012/state/nav	{"event":"AGREE","state":"NORMAL","nav_state":"NORMAL","mm":124,"landmark":"","dir":"CCW","miss_streak":0,"obs":"N","expected":"N","peak":184,"ms":163,"drift":0,"dt":1081,"agree":259,"disagree":0,"lost":0,"scores":[0,0,0,0,0,0],"excluded":[false,false,false,false,false,false],"leader":null,"runner_up":null,"margin":0,"motor_dir":"FWD"}
2026-08-26T14:15:11-0700	ngr/loco/9950012/mm/marker	{"mm":124,"landmark":"","obs":"N","peak":184,"ms":163,"drift":0,"dt":1081,"timing_gate":"ACTIVE","dt_expected":1173,"dt_conserve_ratio":1.86,"pwm":91,"v":15.10}
2026-08-26T14:15:11-0700	ngr/loco/9950012/alert	{"level":"CLEAR","reason":"STATUS","loco":"9950012","uptime_ms":561223,"nav":"NORMAL","moving":1,"pwm":91,"est_mm_s":277,"dir":"CCW","session_dir":"CCW","mdir":"FWD","rear":124,"front":119,"env":1500,"lc_mm":124,"last_confirmed_landmark":"","age_ms":703,"since":0,"dead_reckoned_mm":124,"candidate_mm":-1,"viable":[],"lostm":0,"lost_ms":0,"agree":259,"disagree":0,"losts":0,"auto":0}
2026-08-26T14:15:12-0700	ngr/loco/9950012/state/start_mm	124
2026-08-26T14:15:12-0700	ngr/loco/9950012/state/loopstat	{"loop_max_gap_ms":33,"hall_task_max_gap_ms":3,"hall_task_age_ms":1,"baseline":1806,"raw":1806,"delta":0,"queue_drops":0,"floor_rejects":0,"queue_high_water":1,"mqtt_connect_ms":771,"mqtt_attempts":1,"pub_drops":0,"pub_queue_hw":1,"cmd_drops":0,"pub_per_s":4,"marker_pub_drops":0,"marker_pub_hw":1,"nav":"NORMAL","mm":124,"miss_streak":0,"pwm":91,"lost_markers":0,"lost_ms":0,"motor_dir":"FWD"}
2026-08-26T14:15:12-0700	ngr/loco/9950012/state/nav	{"event":"AGREE","state":"NORMAL","nav_state":"NORMAL","mm":123,"landmark":"","dir":"CCW","miss_streak":0,"obs":"S","expected":"S","peak":189,"ms":156,"drift":0,"dt":1031,"agree":260,"disagree":0,"lost":0,"scores":[0,0,0,0,0,0],"excluded":[false,false,false,false,false,false],"leader":null,"runner_up":null,"margin":0,"motor_dir":"FWD"}
2026-08-26T14:15:12-0700	ngr/loco/9950012/mm/marker	{"mm":123,"landmark":"","obs":"S","peak":189,"ms":156,"drift":0,"dt":1031,"timing_gate":"ACTIVE","dt_expected":1173,"dt_conserve_ratio":1.80,"pwm":91,"v":15.10}
2026-08-26T14:15:12-0700	ngr/loco/9950012/alert	{"level":"CLEAR","reason":"STATUS","loco":"9950012","uptime_ms":562223,"nav":"NORMAL","moving":1,"pwm":91,"est_mm_s":290,"dir":"CCW","session_dir":"CCW","mdir":"FWD","rear":123,"front":118,"env":1500,"lc_mm":123,"last_confirmed_landmark":"","age_ms":672,"since":0,"dead_reckoned_mm":123,"candidate_mm":-1,"viable":[],"lostm":0,"lost_ms":0,"agree":260,"disagree":0,"losts":0,"auto":0}
2026-08-26T14:15:13-0700	ngr/loco/9950012/state/loopstat	{"loop_max_gap_ms":33,"hall_task_max_gap_ms":2,"hall_task_age_ms":1,"baseline":1806,"raw":1814,"delta":8,"queue_drops":0,"floor_rejects":0,"queue_high_water":1,"mqtt_connect_ms":771,"mqtt_attempts":1,"pub_drops":0,"pub_queue_hw":1,"cmd_drops":0,"pub_per_s":3,"marker_pub_drops":0,"marker_pub_hw":1,"nav":"NORMAL","mm":123,"miss_streak":0,"pwm":91,"lost_markers":0,"lost_ms":0,"motor_dir":"FWD"}
2026-08-26T14:15:13-0700	ngr/loco/9950012/state/start_mm	123
2026-08-26T14:15:13-0700	ngr/loco/9950012/state/nav	{"event":"AGREE","state":"NORMAL","nav_state":"NORMAL","mm":122,"landmark":"","dir":"CCW","miss_streak":0,"obs":"S","expected":"S","peak":193,"ms":161,"drift":0,"dt":1027,"agree":261,"disagree":0,"lost":0,"scores":[0,0,0,0,0,0],"excluded":[false,false,false,false,false,false],"leader":null,"runner_up":null,"margin":0,"motor_dir":"FWD"}
2026-08-26T14:15:13-0700	ngr/loco/9950012/mm/marker	{"mm":122,"landmark":"","obs":"S","peak":193,"ms":161,"drift":0,"dt":1027,"timing_gate":"ACTIVE","dt_expected":1173,"dt_conserve_ratio":1.75,"pwm":91,"v":15.10}
2026-08-26T14:15:13-0700	ngr/loco/9950012/alert	{"level":"CLEAR","reason":"STATUS","loco":"9950012","uptime_ms":563223,"nav":"NORMAL","moving":1,"pwm":91,"est_mm_s":292,"dir":"CCW","session_dir":"CCW","mdir":"FWD","rear":122,"front":117,"env":1500,"lc_mm":122,"last_confirmed_landmark":"","age_ms":645,"since":0,"dead_reckoned_mm":122,"candidate_mm":-1,"viable":[],"lostm":0,"lost_ms":0,"agree":261,"disagree":0,"losts":0,"auto":0}
2026-08-26T14:15:14-0700	ngr/loco/9950012/state/start_mm	122
2026-08-26T14:15:14-0700	ngr/loco/9950012/state/loopstat	{"loop_max_gap_ms":33,"hall_task_max_gap_ms":3,"hall_task_age_ms":1,"baseline":1806,"raw":1810,"delta":4,"queue_drops":0,"floor_rejects":0,"queue_high_water":1,"mqtt_connect_ms":771,"mqtt_attempts":1,"pub_drops":0,"pub_queue_hw":2,"cmd_drops":0,"pub_per_s":5,"marker_pub_drops":0,"marker_pub_hw":1,"nav":"NORMAL","mm":122,"miss_streak":0,"pwm":91,"lost_markers":0,"lost_ms":0,"motor_dir":"FWD"}
2026-08-26T14:15:14-0700	ngr/loco/9950012/state/nav	{"event":"AGREE","state":"NORMAL","nav_state":"NORMAL","mm":121,"landmark":"","dir":"CCW","miss_streak":0,"obs":"S","expected":"S","peak":222,"ms":160,"drift":0,"dt":1043,"agree":262,"disagree":0,"lost":0,"scores":[0,0,0,0,0,0],"excluded":[false,false,false,false,false,false],"leader":null,"runner_up":null,"margin":0,"motor_dir":"FWD"}
2026-08-26T14:15:14-0700	ngr/loco/9950012/mm/marker	{"mm":121,"landmark":"","obs":"S","peak":222,"ms":160,"drift":0,"dt":1043,"timing_gate":"ACTIVE","dt_expected":1173,"dt_conserve_ratio":1.76,"pwm":91,"v":15.10}
2026-08-26T14:15:14-0700	ngr/loco/9950012/alert	{"level":"CLEAR","reason":"STATUS","loco":"9950012","uptime_ms":564223,"nav":"NORMAL","moving":1,"pwm":91,"est_mm_s":287,"dir":"CCW","session_dir":"CCW","mdir":"FWD","rear":121,"front":116,"env":1500,"lc_mm":121,"last_confirmed_landmark":"","age_ms":602,"since":0,"dead_reckoned_mm":121,"candidate_mm":-1,"viable":[],"lostm":0,"lost_ms":0,"agree":262,"disagree":0,"losts":0,"auto":0}
2026-08-26T14:15:15-0700	ngr/loco/9950012/state/start_mm	121
2026-08-26T14:15:15-0700	ngr/loco/9950012/state/loopstat	{"loop_max_gap_ms":33,"hall_task_max_gap_ms":2,"hall_task_age_ms":1,"baseline":1806,"raw":1804,"delta":-2,"queue_drops":0,"floor_rejects":0,"queue_high_water":1,"mqtt_connect_ms":771,"mqtt_attempts":1,"pub_drops":0,"pub_queue_hw":1,"cmd_drops":0,"pub_per_s":4,"marker_pub_drops":0,"marker_pub_hw":1,"nav":"NORMAL","mm":121,"miss_streak":0,"pwm":91,"lost_markers":0,"lost_ms":0,"motor_dir":"FWD"}
2026-08-26T14:15:15-0700	ngr/loco/9950012/state/nav	{"event":"AGREE","state":"NORMAL","nav_state":"NORMAL","mm":120,"landmark":"","dir":"CCW","miss_streak":0,"obs":"N","expected":"N","peak":189,"ms":180,"drift":0,"dt":1166,"agree":263,"disagree":0,"lost":0,"scores":[0,0,0,0,0,0],"excluded":[false,false,false,false,false,false],"leader":null,"runner_up":null,"margin":0,"motor_dir":"FWD"}
2026-08-26T14:15:15-0700	ngr/loco/9950012/mm/marker	{"mm":120,"landmark":"","obs":"N","peak":189,"ms":180,"drift":0,"dt":1166,"timing_gate":"ACTIVE","dt_expected":1173,"dt_conserve_ratio":1.88,"pwm":91,"v":15.10}
2026-08-26T14:15:15-0700	ngr/loco/9950012/telem/voltage	15.06
2026-08-26T14:15:15-0700	ngr/loco/9950012/telem/current	0.40
2026-08-26T14:15:15-0700	ngr/loco/9950012/telem/power	6.08
2026-08-26T14:15:15-0700	ngr/loco/9950012/alert	{"level":"CLEAR","reason":"STATUS","loco":"9950012","uptime_ms":565223,"nav":"NORMAL","moving":1,"pwm":91,"est_mm_s":257,"dir":"CCW","session_dir":"CCW","mdir":"FWD","rear":120,"front":115,"env":1500,"lc_mm":120,"last_confirmed_landmark":"","age_ms":436,"since":0,"dead_reckoned_mm":120,"candidate_mm":-1,"viable":[],"lostm":0,"lost_ms":0,"agree":263,"disagree":0,"losts":0,"auto":0}
2026-08-26T14:15:16-0700	ngr/loco/9950012/state/start_mm	120
2026-08-26T14:15:16-0700	ngr/loco/9950012/state/loopstat	{"loop_max_gap_ms":33,"hall_task_max_gap_ms":2,"hall_task_age_ms":1,"baseline":1806,"raw":1806,"delta":0,"queue_drops":0,"floor_rejects":0,"queue_high_water":1,"mqtt_connect_ms":771,"mqtt_attempts":1,"pub_drops":0,"pub_queue_hw":3,"cmd_drops":0,"pub_per_s":7,"marker_pub_drops":0,"marker_pub_hw":1,"nav":"NORMAL","mm":120,"miss_streak":0,"pwm":91,"lost_markers":0,"lost_ms":0,"motor_dir":"FWD"}
2026-08-26T14:15:16-0700	ngr/loco/9950012/state/nav	{"event":"AGREE","state":"NORMAL","nav_state":"NORMAL","mm":119,"landmark":"","dir":"CCW","miss_streak":0,"obs":"N","expected":"N","peak":207,"ms":163,"drift":0,"dt":1224,"agree":264,"disagree":0,"lost":0,"scores":[0,0,0,0,0,0],"excluded":[false,false,false,false,false,false],"leader":null,"runner_up":null,"margin":0,"motor_dir":"FWD"}
2026-08-26T14:15:16-0700	ngr/loco/9950012/mm/marker	{"mm":119,"landmark":"","obs":"N","peak":207,"ms":163,"drift":0,"dt":1224,"timing_gate":"ACTIVE","dt_expected":1173,"dt_conserve_ratio":2.04,"pwm":91,"v":15.06}
2026-08-26T14:15:16-0700	ngr/loco/9950012/alert	{"level":"CLEAR","reason":"STATUS","loco":"9950012","uptime_ms":566223,"nav":"NORMAL","moving":1,"pwm":91,"est_mm_s":245,"dir":"CCW","session_dir":"CCW","mdir":"FWD","rear":119,"front":114,"env":1500,"lc_mm":119,"last_confirmed_landmark":"","age_ms":212,"since":0,"dead_reckoned_mm":119,"candidate_mm":-1,"viable":[],"lostm":0,"lost_ms":0,"agree":264,"disagree":0,"losts":0,"auto":0}
2026-08-26T14:15:17-0700	ngr/loco/9950012/state/start_mm	119
2026-08-26T14:15:17-0700	ngr/loco/9950012/state/loopstat	{"loop_max_gap_ms":34,"hall_task_max_gap_ms":2,"hall_task_age_ms":1,"baseline":1806,"raw":1792,"delta":-14,"queue_drops":0,"floor_rejects":0,"queue_high_water":1,"mqtt_connect_ms":771,"mqtt_attempts":1,"pub_drops":0,"pub_queue_hw":1,"cmd_drops":0,"pub_per_s":4,"marker_pub_drops":0,"marker_pub_hw":1,"nav":"NORMAL","mm":119,"miss_streak":0,"pwm":91,"lost_markers":0,"lost_ms":0,"motor_dir":"FWD"}
2026-08-26T14:15:17-0700	ngr/loco/9950012/alert	{"level":"CLEAR","reason":"STATUS","loco":"9950012","uptime_ms":567223,"nav":"NORMAL","moving":1,"pwm":91,"est_mm_s":245,"dir":"CCW","session_dir":"CCW","mdir":"FWD","rear":119,"front":114,"env":1500,"lc_mm":119,"last_confirmed_landmark":"","age_ms":1212,"since":0,"dead_reckoned_mm":119,"candidate_mm":-1,"viable":[],"lostm":0,"lost_ms":0,"agree":264,"disagree":0,"losts":0,"auto":0}
2026-08-26T14:15:18-0700	ngr/loco/9950012/state/nav	{"event":"AGREE","state":"NORMAL","nav_state":"NORMAL","mm":118,"landmark":"","dir":"CCW","miss_streak":0,"obs":"N","expected":"N","peak":188,"ms":148,"drift":0,"dt":1117,"agree":265,"disagree":0,"lost":0,"scores":[0,0,0,0,0,0],"excluded":[false,false,false,false,false,false],"leader":null,"runner_up":null,"margin":0,"motor_dir":"FWD"}
2026-08-26T14:15:18-0700	ngr/loco/9950012/mm/marker	{"mm":118,"landmark":"","obs":"N","peak":188,"ms":148,"drift":0,"dt":1117,"timing_gate":"ACTIVE","dt_expected":1173,"dt_conserve_ratio":2.00,"pwm":91,"v":15.06}
2026-08-26T14:15:18-0700	ngr/loco/9950012/state/start_mm	118
2026-08-26T14:15:18-0700	ngr/loco/9950012/state/loopstat	{"loop_max_gap_ms":34,"hall_task_max_gap_ms":2,"hall_task_age_ms":1,"baseline":1806,"raw":1806,"delta":0,"queue_drops":0,"floor_rejects":0,"queue_high_water":1,"mqtt_connect_ms":771,"mqtt_attempts":1,"pub_drops":0,"pub_queue_hw":1,"cmd_drops":0,"pub_per_s":4,"marker_pub_drops":0,"marker_pub_hw":1,"nav":"NORMAL","mm":118,"miss_streak":0,"pwm":91,"lost_markers":0,"lost_ms":0,"motor_dir":"FWD"}
2026-08-26T14:15:18-0700	ngr/loco/9950012/alert	{"level":"CLEAR","reason":"STATUS","loco":"9950012","uptime_ms":568223,"nav":"NORMAL","moving":1,"pwm":91,"est_mm_s":268,"dir":"CCW","session_dir":"CCW","mdir":"FWD","rear":118,"front":113,"env":1500,"lc_mm":118,"last_confirmed_landmark":"","age_ms":1095,"since":0,"dead_reckoned_mm":118,"candidate_mm":-1,"viable":[],"lostm":0,"lost_ms":0,"agree":265,"disagree":0,"losts":0,"auto":0}
2026-08-26T14:15:19-0700	ngr/loco/9950012/state/nav	{"event":"AGREE","state":"NORMAL","nav_state":"NORMAL","mm":117,"landmark":"","dir":"CCW","miss_streak":0,"obs":"S","expected":"S","peak":183,"ms":157,"drift":0,"dt":1072,"agree":266,"disagree":0,"lost":0,"scores":[0,0,0,0,0,0],"excluded":[false,false,false,false,false,false],"leader":null,"runner_up":null,"margin":0,"motor_dir":"FWD"}
2026-08-26T14:15:19-0700	ngr/loco/9950012/mm/marker	{"mm":117,"landmark":"","obs":"S","peak":183,"ms":157,"drift":0,"dt":1072,"timing_gate":"ACTIVE","dt_expected":1173,"dt_conserve_ratio":1.87,"pwm":91,"v":15.06}
2026-08-26T14:15:19-0700	ngr/loco/9950012/state/start_mm	117
2026-08-26T14:15:19-0700	ngr/loco/9950012/state/loopstat	{"loop_max_gap_ms":33,"hall_task_max_gap_ms":2,"hall_task_age_ms":1,"baseline":1806,"raw":1807,"delta":1,"queue_drops":0,"floor_rejects":0,"queue_high_water":1,"mqtt_connect_ms":771,"mqtt_attempts":1,"pub_drops":0,"pub_queue_hw":1,"cmd_drops":0,"pub_per_s":4,"marker_pub_drops":0,"marker_pub_hw":1,"nav":"NORMAL","mm":117,"miss_streak":0,"pwm":91,"lost_markers":0,"lost_ms":0,"motor_dir":"FWD"}
2026-08-26T14:15:19-0700	ngr/loco/9950012/alert	{"level":"CLEAR","reason":"STATUS","loco":"9950012","uptime_ms":569223,"nav":"NORMAL","moving":1,"pwm":91,"est_mm_s":279,"dir":"CCW","session_dir":"CCW","mdir":"FWD","rear":117,"front":112,"env":1520,"lc_mm":117,"last_confirmed_landmark":"","age_ms":1023,"since":0,"dead_reckoned_mm":117,"candidate_mm":-1,"viable":[],"lostm":0,"lost_ms":0,"agree":266,"disagree":0,"losts":0,"auto":0}
2026-08-26T14:15:20-0700	ngr/loco/9950012/state/nav	{"event":"AGREE","state":"NORMAL","nav_state":"NORMAL","mm":116,"landmark":"","dir":"CCW","miss_streak":0,"obs":"S","expected":"S","peak":177,"ms":158,"drift":0,"dt":1103,"agree":267,"disagree":0,"lost":0,"scores":[0,0,0,0,0,0],"excluded":[false,false,false,false,false,false],"leader":null,"runner_up":null,"margin":0,"motor_dir":"FWD"}
2026-08-26T14:15:20-0700	ngr/loco/9950012/mm/marker	{"mm":116,"landmark":"","obs":"S","peak":177,"ms":158,"drift":0,"dt":1103,"timing_gate":"ACTIVE","dt_expected":1173,"dt_conserve_ratio":1.85,"pwm":91,"v":15.06}
2026-08-26T14:15:20-0700	ngr/loco/9950012/state/start_mm	116
2026-08-26T14:15:20-0700	ngr/loco/9950012/state/loopstat	{"loop_max_gap_ms":33,"hall_task_max_gap_ms":2,"hall_task_age_ms":1,"baseline":1806,"raw":1806,"delta":0,"queue_drops":0,"floor_rejects":0,"queue_high_water":1,"mqtt_connect_ms":771,"mqtt_attempts":1,"pub_drops":0,"pub_queue_hw":1,"cmd_drops":0,"pub_per_s":4,"marker_pub_drops":0,"marker_pub_hw":1,"nav":"NORMAL","mm":116,"miss_streak":0,"pwm":91,"lost_markers":0,"lost_ms":0,"motor_dir":"FWD"}
2026-08-26T14:15:20-0700	ngr/loco/9950012/telem/voltage	15.08
2026-08-26T14:15:20-0700	ngr/loco/9950012/telem/current	0.38
2026-08-26T14:15:20-0700	ngr/loco/9950012/telem/power	6.52
2026-08-26T14:15:20-0700	ngr/loco/9950012/alert	{"level":"CLEAR","reason":"STATUS","loco":"9950012","uptime_ms":570223,"nav":"NORMAL","moving":1,"pwm":91,"est_mm_s":271,"dir":"CCW","session_dir":"CCW","mdir":"FWD","rear":116,"front":111,"env":1540,"lc_mm":116,"last_confirmed_landmark":"","age_ms":920,"since":0,"dead_reckoned_mm":116,"candidate_mm":-1,"viable":[],"lostm":0,"lost_ms":0,"agree":267,"disagree":0,"losts":0,"auto":0}
2026-08-26T14:15:21-0700	ngr/loco/9950012/state/loopstat	{"loop_max_gap_ms":34,"hall_task_max_gap_ms":2,"hall_task_age_ms":1,"baseline":1806,"raw":1985,"delta":179,"queue_drops":0,"floor_rejects":0,"queue_high_water":0,"mqtt_connect_ms":771,"mqtt_attempts":1,"pub_drops":0,"pub_queue_hw":3,"cmd_drops":0,"pub_per_s":4,"marker_pub_drops":0,"marker_pub_hw":0,"nav":"NORMAL","mm":116,"miss_streak":0,"pwm":91,"lost_markers":0,"lost_ms":0,"motor_dir":"FWD"}
2026-08-26T14:15:21-0700	ngr/loco/9950012/state/nav	{"event":"AGREE","state":"NORMAL","nav_state":"NORMAL","mm":115,"landmark":"","dir":"CCW","miss_streak":0,"obs":"N","expected":"N","peak":195,"ms":158,"drift":0,"dt":1118,"agree":268,"disagree":0,"lost":0,"scores":[0,0,0,0,0,0],"excluded":[false,false,false,false,false,false],"leader":null,"runner_up":null,"margin":0,"motor_dir":"FWD"}
2026-08-26T14:15:21-0700	ngr/loco/9950012/mm/marker	{"mm":115,"landmark":"","obs":"N","peak":195,"ms":158,"drift":0,"dt":1118,"timing_gate":"ACTIVE","dt_expected":1173,"dt_conserve_ratio":1.89,"pwm":91,"v":15.08}
2026-08-26T14:15:21-0700	ngr/loco/9950012/alert	{"level":"CLEAR","reason":"STATUS","loco":"9950012","uptime_ms":571223,"nav":"NORMAL","moving":1,"pwm":91,"est_mm_s":268,"dir":"CCW","session_dir":"CCW","mdir":"FWD","rear":115,"front":110,"env":1540,"lc_mm":115,"last_confirmed_landmark":"","age_ms":802,"since":0,"dead_reckoned_mm":115,"candidate_mm":-1,"viable":[],"lostm":0,"lost_ms":0,"agree":268,"disagree":0,"losts":0,"auto":0}
2026-08-26T14:15:22-0700	ngr/loco/9950012/state/start_mm	115
2026-08-26T14:15:22-0700	ngr/loco/9950012/state/loopstat	{"loop_max_gap_ms":33,"hall_task_max_gap_ms":2,"hall_task_age_ms":1,"baseline":1806,"raw":1813,"delta":7,"queue_drops":0,"floor_rejects":0,"queue_high_water":1,"mqtt_connect_ms":771,"mqtt_attempts":1,"pub_drops":0,"pub_queue_hw":1,"cmd_drops":0,"pub_per_s":4,"marker_pub_drops":0,"marker_pub_hw":1,"nav":"NORMAL","mm":115,"miss_streak":0,"pwm":91,"lost_markers":0,"lost_ms":0,"motor_dir":"FWD"}
2026-08-26T14:15:22-0700	ngr/loco/9950012/state/nav	{"event":"AGREE","state":"NORMAL","nav_state":"NORMAL","mm":114,"landmark":"","dir":"CCW","miss_streak":0,"obs":"S","expected":"S","peak":182,"ms":159,"drift":0,"dt":1111,"agree":269,"disagree":0,"lost":0,"scores":[0,0,0,0,0,0],"excluded":[false,false,false,false,false,false],"leader":null,"runner_up":null,"margin":0,"motor_dir":"FWD"}
2026-08-26T14:15:22-0700	ngr/loco/9950012/mm/marker	{"mm":114,"landmark":"","obs":"S","peak":182,"ms":159,"drift":0,"dt":1111,"timing_gate":"ACTIVE","dt_expected":1173,"dt_conserve_ratio":1.90,"pwm":91,"v":15.08}
2026-08-26T14:15:22-0700	ngr/loco/9950012/alert	{"level":"CLEAR","reason":"STATUS","loco":"9950012","uptime_ms":572223,"nav":"NORMAL","moving":1,"pwm":91,"est_mm_s":270,"dir":"CCW","session_dir":"CCW","mdir":"FWD","rear":114,"front":109,"env":1540,"lc_mm":114,"last_confirmed_landmark":"","age_ms":691,"since":0,"dead_reckoned_mm":114,"candidate_mm":-1,"viable":[],"lostm":0,"lost_ms":0,"agree":269,"disagree":0,"losts":0,"auto":0}
2026-08-26T14:15:23-0700	ngr/loco/9950012/state/start_mm	114
2026-08-26T14:15:23-0700	ngr/loco/9950012/state/loopstat	{"loop_max_gap_ms":34,"hall_task_max_gap_ms":2,"hall_task_age_ms":1,"baseline":1806,"raw":1804,"delta":-2,"queue_drops":0,"floor_rejects":0,"queue_high_water":1,"mqtt_connect_ms":771,"mqtt_attempts":1,"pub_drops":0,"pub_queue_hw":1,"cmd_drops":0,"pub_per_s":4,"marker_pub_drops":0,"marker_pub_hw":1,"nav":"NORMAL","mm":114,"miss_streak":0,"pwm":91,"lost_markers":0,"lost_ms":0,"motor_dir":"FWD"}
2026-08-26T14:15:23-0700	ngr/loco/9950012/state/nav	{"event":"AGREE","state":"NORMAL","nav_state":"NORMAL","mm":113,"landmark":"","dir":"CCW","miss_streak":0,"obs":"N","expected":"N","peak":188,"ms":156,"drift":0,"dt":1143,"agree":270,"disagree":0,"lost":0,"scores":[0,0,0,0,0,0],"excluded":[false,false,false,false,false,false],"leader":null,"runner_up":null,"margin":0,"motor_dir":"FWD"}
2026-08-26T14:15:23-0700	ngr/loco/9950012/mm/marker	{"mm":113,"landmark":"","obs":"N","peak":188,"ms":156,"drift":0,"dt":1143,"timing_gate":"ACTIVE","dt_expected":1173,"dt_conserve_ratio":1.92,"pwm":91,"v":15.08}
2026-08-26T14:15:23-0700	ngr/loco/9950012/alert	{"level":"CLEAR","reason":"STATUS","loco":"9950012","uptime_ms":573223,"nav":"NORMAL","moving":1,"pwm":91,"est_mm_s":262,"dir":"CCW","session_dir":"CCW","mdir":"FWD","rear":113,"front":108,"env":1545,"lc_mm":113,"last_confirmed_landmark":"","age_ms":548,"since":0,"dead_reckoned_mm":113,"candidate_mm":-1,"viable":[],"lostm":0,"lost_ms":0,"agree":270,"disagree":0,"losts":0,"auto":0}
2026-08-26T14:15:24-0700	ngr/loco/9950012/state/start_mm	113
2026-08-26T14:15:24-0700	ngr/loco/9950012/state/loopstat	{"loop_max_gap_ms":34,"hall_task_max_gap_ms":2,"hall_task_age_ms":1,"baseline":1806,"raw":1805,"delta":-1,"queue_drops":0,"floor_rejects":0,"queue_high_water":1,"mqtt_connect_ms":771,"mqtt_attempts":1,"pub_drops":0,"pub_queue_hw":1,"cmd_drops":0,"pub_per_s":4,"marker_pub_drops":0,"marker_pub_hw":1,"nav":"NORMAL","mm":113,"miss_streak":0,"pwm":91,"lost_markers":0,"lost_ms":0,"motor_dir":"FWD"}
2026-08-26T14:15:24-0700	ngr/loco/9950012/state/nav	{"event":"AGREE","state":"NORMAL","nav_state":"NORMAL","mm":112,"landmark":"","dir":"CCW","miss_streak":0,"obs":"N","expected":"N","peak":183,"ms":158,"drift":0,"dt":1243,"agree":271,"disagree":0,"lost":0,"scores":[0,0,0,0,0,0],"excluded":[false,false,false,false,false,false],"leader":null,"runner_up":null,"margin":0,"motor_dir":"FWD"}
2026-08-26T14:15:24-0700	ngr/loco/9950012/mm/marker	{"mm":112,"landmark":"","obs":"N","peak":183,"ms":158,"drift":0,"dt":1243,"timing_gate":"ACTIVE","dt_expected":1173,"dt_conserve_ratio":2.03,"pwm":91,"v":15.08}
2026-08-26T14:15:24-0700	ngr/loco/9950012/alert	{"level":"CLEAR","reason":"STATUS","loco":"9950012","uptime_ms":574223,"nav":"NORMAL","moving":1,"pwm":91,"est_mm_s":257,"dir":"CCW","session_dir":"CCW","mdir":"FWD","rear":112,"front":107,"env":1525,"lc_mm":112,"last_confirmed_landmark":"","age_ms":305,"since":0,"dead_reckoned_mm":112,"candidate_mm":-1,"viable":[],"lostm":0,"lost_ms":0,"agree":271,"disagree":0,"losts":0,"auto":0}
2026-08-26T14:15:25-0700	ngr/loco/9950012/state/start_mm	112
2026-08-26T14:15:25-0700	ngr/loco/9950012/state/loopstat	{"loop_max_gap_ms":33,"hall_task_max_gap_ms":2,"hall_task_age_ms":1,"baseline":1806,"raw":1806,"delta":0,"queue_drops":0,"floor_rejects":0,"queue_high_water":1,"mqtt_connect_ms":771,"mqtt_attempts":1,"pub_drops":0,"pub_queue_hw":1,"cmd_drops":0,"pub_per_s":4,"marker_pub_drops":0,"marker_pub_hw":1,"nav":"NORMAL","mm":112,"miss_streak":0,"pwm":91,"lost_markers":0,"lost_ms":0,"motor_dir":"FWD"}
2026-08-26T14:15:25-0700	ngr/loco/9950012/telem/voltage	15.10
2026-08-26T14:15:25-0700	ngr/loco/9950012/telem/current	0.38
2026-08-26T14:15:25-0700	ngr/loco/9950012/telem/power	6.07
2026-08-26T14:15:25-0700	ngr/loco/9950012/alert	{"level":"CLEAR","reason":"STATUS","loco":"9950012","uptime_ms":575223,"nav":"NORMAL","moving":1,"pwm":91,"est_mm_s":257,"dir":"CCW","session_dir":"CCW","mdir":"FWD","rear":112,"front":107,"env":1525,"lc_mm":112,"last_confirmed_landmark":"","age_ms":1305,"since":0,"dead_reckoned_mm":112,"candidate_mm":-1,"viable":[],"lostm":0,"lost_ms":0,"agree":271,"disagree":0,"losts":0,"auto":0}
2026-08-26T14:15:26-0700	ngr/loco/9950012/state/nav	{"event":"AGREE","state":"NORMAL","nav_state":"NORMAL","mm":111,"landmark":"","dir":"CCW","miss_streak":0,"obs":"N","expected":"N","peak":185,"ms":172,"drift":0,"dt":1220,"agree":272,"disagree":0,"lost":0,"scores":[0,0,0,0,0,0],"excluded":[false,false,false,false,false,false],"leader":null,"runner_up":null,"margin":0,"motor_dir":"FWD"}
2026-08-26T14:15:26-0700	ngr/loco/9950012/mm/marker	{"mm":111,"landmark":"","obs":"N","peak":185,"ms":172,"drift":0,"dt":1220,"timing_gate":"ACTIVE","dt_expected":1251,"dt_conserve_ratio":1.97,"pwm":91,"v":15.10}
2026-08-26T14:15:26-0700	ngr/loco/9950012/state/start_mm	111
2026-08-26T14:15:26-0700	ngr/loco/9950012/state/loopstat	{"loop_max_gap_ms":34,"hall_task_max_gap_ms":3,"hall_task_age_ms":1,"baseline":1806,"raw":1805,"delta":-1,"queue_drops":0,"floor_rejects":0,"queue_high_water":1,"mqtt_connect_ms":771,"mqtt_attempts":1,"pub_drops":0,"pub_queue_hw":3,"cmd_drops":0,"pub_per_s":7,"marker_pub_drops":0,"marker_pub_hw":1,"nav":"NORMAL","mm":111,"miss_streak":0,"pwm":91,"lost_markers":0,"lost_ms":0,"motor_dir":"FWD"}
2026-08-26T14:15:26-0700	ngr/loco/9950012/alert	{"level":"CLEAR","reason":"STATUS","loco":"9950012","uptime_ms":576223,"nav":"NORMAL","moving":1,"pwm":91,"est_mm_s":262,"dir":"CCW","session_dir":"CCW","mdir":"FWD","rear":111,"front":106,"env":1505,"lc_mm":111,"last_confirmed_landmark":"","age_ms":1085,"since":0,"dead_reckoned_mm":111,"candidate_mm":-1,"viable":[],"lostm":0,"lost_ms":0,"agree":272,"disagree":0,"losts":0,"auto":0}
2026-08-26T14:15:27-0700	ngr/loco/9950012/state/loopstat	{"loop_max_gap_ms":34,"hall_task_max_gap_ms":2,"hall_task_age_ms":1,"baseline":1806,"raw":1799,"delta":-7,"queue_drops":0,"floor_rejects":0,"queue_high_water":0,"mqtt_connect_ms":771,"mqtt_attempts":1,"pub_drops":0,"pub_queue_hw":1,"cmd_drops":0,"pub_per_s":1,"marker_pub_drops":0,"marker_pub_hw":0,"nav":"NORMAL","mm":111,"miss_streak":0,"pwm":91,"lost_markers":0,"lost_ms":0,"motor_dir":"FWD"}
2026-08-26T14:15:27-0700	ngr/loco/9950012/state/nav	{"event":"AGREE","state":"NORMAL","nav_state":"NORMAL","mm":110,"landmark":"","dir":"CCW","miss_streak":0,"obs":"N","expected":"N","peak":155,"ms":160,"drift":0,"dt":1461,"agree":273,"disagree":0,"lost":0,"scores":[0,0,0,0,0,0],"excluded":[false,false,false,false,false,false],"leader":null,"runner_up":null,"margin":0,"motor_dir":"FWD"}
2026-08-26T14:15:27-0700	ngr/loco/9950012/mm/marker	{"mm":110,"landmark":"","obs":"N","peak":155,"ms":160,"drift":0,"dt":1461,"timing_gate":"ACTIVE","dt_expected":1251,"dt_conserve_ratio":2.14,"pwm":91,"v":15.10}
2026-08-26T14:15:27-0700	ngr/loco/9950012/alert	{"level":"CLEAR","reason":"STATUS","loco":"9950012","uptime_ms":577223,"nav":"NORMAL","moving":1,"pwm":91,"est_mm_s":205,"dir":"CCW","session_dir":"CCW","mdir":"FWD","rear":110,"front":105,"env":1505,"lc_mm":110,"last_confirmed_landmark":"","age_ms":624,"since":0,"dead_reckoned_mm":110,"candidate_mm":-1,"viable":[],"lostm":0,"lost_ms":0,"agree":273,"disagree":0,"losts":0,"auto":0}
2026-08-26T14:15:28-0700	ngr/loco/9950012/state/loopstat	{"loop_max_gap_ms":34,"hall_task_max_gap_ms":2,"hall_task_age_ms":1,"baseline":1806,"raw":1804,"delta":-2,"queue_drops":0,"floor_rejects":0,"queue_high_water":1,"mqtt_connect_ms":771,"mqtt_attempts":1,"pub_drops":0,"pub_queue_hw":1,"cmd_drops":0,"pub_per_s":3,"marker_pub_drops":0,"marker_pub_hw":1,"nav":"NORMAL","mm":110,"miss_streak":0,"pwm":91,"lost_markers":0,"lost_ms":0,"motor_dir":"FWD"}
2026-08-26T14:15:28-0700	ngr/loco/9950012/state/start_mm	110
2026-08-26T14:15:28-0700	ngr/loco/9950012/state/nav	{"event":"AGREE","state":"NORMAL","nav_state":"NORMAL","mm":109,"landmark":"","dir":"CCW","miss_streak":0,"obs":"N","expected":"N","peak":165,"ms":165,"drift":0,"dt":1234,"agree":274,"disagree":0,"lost":0,"scores":[0,0,0,0,0,0],"excluded":[false,false,false,false,false,false],"leader":null,"runner_up":null,"margin":0,"motor_dir":"FWD"}
2026-08-26T14:15:28-0700	ngr/loco/9950012/mm/marker	{"mm":109,"landmark":"","obs":"N","peak":165,"ms":165,"drift":0,"dt":1234,"timing_gate":"ACTIVE","dt_expected":1173,"dt_conserve_ratio":2.30,"pwm":91,"v":15.10}
2026-08-26T14:15:28-0700	ngr/loco/9950012/alert	{"level":"CLEAR","reason":"STATUS","loco":"9950012","uptime_ms":578223,"nav":"NORMAL","moving":1,"pwm":91,"est_mm_s":243,"dir":"CCW","session_dir":"CCW","mdir":"FWD","rear":109,"front":104,"env":1505,"lc_mm":109,"last_confirmed_landmark":"","age_ms":390,"since":0,"dead_reckoned_mm":109,"candidate_mm":-1,"viable":[],"lostm":0,"lost_ms":0,"agree":274,"disagree":0,"losts":0,"auto":0}
2026-08-26T14:15:29-0700	ngr/loco/9950012/state/start_mm	109
2026-08-26T14:15:29-0700	ngr/loco/9950012/state/loopstat	{"loop_max_gap_ms":33,"hall_task_max_gap_ms":3,"hall_task_age_ms":1,"baseline":1806,"raw":1805,"delta":-1,"queue_drops":0,"floor_rejects":0,"queue_high_water":1,"mqtt_connect_ms":771,"mqtt_attempts":1,"pub_drops":0,"pub_queue_hw":2,"cmd_drops":0,"pub_per_s":5,"marker_pub_drops":0,"marker_pub_hw":1,"nav":"NORMAL","mm":109,"miss_streak":0,"pwm":91,"lost_markers":0,"lost_ms":0,"motor_dir":"FWD"}
2026-08-26T14:15:29-0700	ngr/loco/9950012/alert	{"level":"CLEAR","reason":"STATUS","loco":"9950012","uptime_ms":579223,"nav":"NORMAL","moving":1,"pwm":91,"est_mm_s":243,"dir":"CCW","session_dir":"CCW","mdir":"FWD","rear":109,"front":104,"env":1505,"lc_mm":109,"last_confirmed_landmark":"","age_ms":1390,"since":0,"dead_reckoned_mm":109,"candidate_mm":-1,"viable":[],"lostm":0,"lost_ms":0,"agree":274,"disagree":0,"losts":0,"auto":0}
2026-08-26T14:15:29-0700	ngr/loco/9950012/state/nav	{"event":"AGREE","state":"NORMAL","nav_state":"NORMAL","mm":108,"landmark":"","dir":"CCW","miss_streak":0,"obs":"N","expected":"N","peak":164,"ms":158,"drift":0,"dt":1242,"agree":275,"disagree":0,"lost":0,"scores":[0,0,0,0,0,0],"excluded":[false,false,false,false,false,false],"leader":null,"runner_up":null,"margin":0,"motor_dir":"FWD"}
2026-08-26T14:15:30-0700	ngr/loco/9950012/mm/marker	{"mm":108,"landmark":"","obs":"N","peak":164,"ms":158,"drift":0,"dt":1242,"timing_gate":"ACTIVE","dt_expected":1173,"dt_conserve_ratio":2.11,"pwm":91,"v":15.10}
2026-08-26T14:15:30-0700	ngr/loco/9950012/state/start_mm	108
2026-08-26T14:15:30-0700	ngr/loco/9950012/state/loopstat	{"loop_max_gap_ms":33,"hall_task_max_gap_ms":2,"hall_task_age_ms":1,"baseline":1806,"raw":1804,"delta":-2,"queue_drops":0,"floor_rejects":0,"queue_high_water":1,"mqtt_connect_ms":771,"mqtt_attempts":1,"pub_drops":0,"pub_queue_hw":1,"cmd_drops":0,"pub_per_s":4,"marker_pub_drops":0,"marker_pub_hw":1,"nav":"NORMAL","mm":108,"miss_streak":0,"pwm":91,"lost_markers":0,"lost_ms":0,"motor_dir":"FWD"}
2026-08-26T14:15:30-0700	ngr/loco/9950012/telem/voltage	15.06
2026-08-26T14:15:30-0700	ngr/loco/9950012/telem/current	0.38
2026-08-26T14:15:30-0700	ngr/loco/9950012/telem/power	5.16
2026-08-26T14:15:30-0700	ngr/loco/9950012/alert	{"level":"CLEAR","reason":"STATUS","loco":"9950012","uptime_ms":580223,"nav":"NORMAL","moving":1,"pwm":91,"est_mm_s":245,"dir":"CCW","session_dir":"CCW","mdir":"FWD","rear":108,"front":103,"env":1500,"lc_mm":108,"last_confirmed_landmark":"","age_ms":1148,"since":0,"dead_reckoned_mm":108,"candidate_mm":-1,"viable":[],"lostm":0,"lost_ms":0,"agree":275,"disagree":0,"losts":0,"auto":0}
2026-08-26T14:15:31-0700	ngr/loco/9950012/state/nav	{"event":"AGREE","state":"NORMAL","nav_state":"NORMAL","mm":107,"landmark":"Arches","dir":"CCW","miss_streak":0,"obs":"N","expected":"N","peak":152,"ms":163,"drift":0,"dt":1182,"agree":276,"disagree":0,"lost":0,"scores":[0,0,0,0,0,0],"excluded":[false,false,false,false,false,false],"leader":null,"runner_up":null,"margin":0,"motor_dir":"FWD"}
2026-08-26T14:15:31-0700	ngr/loco/9950012/mm/marker	{"mm":107,"landmark":"Arches","obs":"N","peak":152,"ms":163,"drift":0,"dt":1182,"timing_gate":"ACTIVE","dt_expected":1192,"dt_conserve_ratio":2.03,"pwm":91,"v":15.06}
2026-08-26T14:15:31-0700	ngr/loco/9950012/state/start_mm	107
2026-08-26T14:15:31-0700	ngr/loco/9950012/state/loopstat	{"loop_max_gap_ms":34,"hall_task_max_gap_ms":2,"hall_task_age_ms":1,"baseline":1806,"raw":1802,"delta":-4,"queue_drops":0,"floor_rejects":0,"queue_high_water":1,"mqtt_connect_ms":771,"mqtt_attempts":1,"pub_drops":0,"pub_queue_hw":3,"cmd_drops":0,"pub_per_s":7,"marker_pub_drops":0,"marker_pub_hw":1,"nav":"NORMAL","mm":107,"miss_streak":0,"pwm":91,"lost_markers":0,"lost_ms":0,"motor_dir":"FWD"}
2026-08-26T14:15:31-0700	ngr/loco/9950012/alert	{"level":"CLEAR","reason":"STATUS","loco":"9950012","uptime_ms":581223,"nav":"NORMAL","moving":1,"pwm":91,"est_mm_s":253,"dir":"CCW","session_dir":"CCW","mdir":"FWD","rear":107,"front":102,"env":1495,"lc_mm":107,"last_confirmed_landmark":"Arches","age_ms":966,"since":0,"dead_reckoned_mm":107,"candidate_mm":-1,"viable":[],"lostm":0,"lost_ms":0,"agree":276,"disagree":0,"losts":0,"auto":0}
2026-08-26T14:15:32-0700	ngr/loco/9950012/state/loopstat	{"loop_max_gap_ms":34,"hall_task_max_gap_ms":2,"hall_task_age_ms":1,"baseline":1806,"raw":1727,"delta":-79,"queue_drops":0,"floor_rejects":0,"queue_high_water":0,"mqtt_connect_ms":771,"mqtt_attempts":1,"pub_drops":0,"pub_queue_hw":1,"cmd_drops":0,"pub_per_s":1,"marker_pub_drops":0,"marker_pub_hw":0,"nav":"NORMAL","mm":107,"miss_streak":0,"pwm":91,"lost_markers":0,"lost_ms":0,"motor_dir":"FWD"}
2026-08-26T14:15:32-0700	ngr/loco/9950012/state/nav	{"event":"AGREE","state":"NORMAL","nav_state":"NORMAL","mm":106,"landmark":"","dir":"CCW","miss_streak":0,"obs":"S","expected":"S","peak":162,"ms":172,"drift":0,"dt":1223,"agree":277,"disagree":0,"lost":0,"scores":[0,0,0,0,0,0],"excluded":[false,false,false,false,false,false],"leader":null,"runner_up":null,"margin":0,"motor_dir":"FWD"}
2026-08-26T14:15:32-0700	ngr/loco/9950012/mm/marker	{"mm":106,"landmark":"","obs":"S","peak":162,"ms":172,"drift":0,"dt":1223,"timing_gate":"ACTIVE","dt_expected":1173,"dt_conserve_ratio":2.05,"pwm":91,"v":15.06}
2026-08-26T14:15:32-0700	ngr/loco/9950012/alert	{"level":"CLEAR","reason":"STATUS","loco":"9950012","uptime_ms":582223,"nav":"NORMAL","moving":1,"pwm":91,"est_mm_s":245,"dir":"CCW","session_dir":"CCW","mdir":"FWD","rear":106,"front":101,"env":1495,"lc_mm":106,"last_confirmed_landmark":"","age_ms":743,"since":0,"dead_reckoned_mm":106,"candidate_mm":-1,"viable":[],"lostm":0,"lost_ms":0,"agree":277,"disagree":0,"losts":0,"auto":0}
2026-08-26T14:15:33-0700	ngr/loco/9950012/state/start_mm	106
2026-08-26T14:15:33-0700	ngr/loco/9950012/state/loopstat	{"loop_max_gap_ms":34,"hall_task_max_gap_ms":2,"hall_task_age_ms":1,"baseline":1806,"raw":1811,"delta":5,"queue_drops":0,"floor_rejects":0,"queue_high_water":1,"mqtt_connect_ms":771,"mqtt_attempts":1,"pub_drops":0,"pub_queue_hw":1,"cmd_drops":0,"pub_per_s":4,"marker_pub_drops":0,"marker_pub_hw":1,"nav":"NORMAL","mm":106,"miss_streak":0,"pwm":91,"lost_markers":0,"lost_ms":0,"motor_dir":"FWD"}
2026-08-26T14:15:33-0700	ngr/loco/9950012/state/nav	{"event":"AGREE","state":"NORMAL","nav_state":"NORMAL","mm":105,"landmark":"","dir":"CCW","miss_streak":0,"obs":"S","expected":"S","peak":172,"ms":176,"drift":0,"dt":1226,"agree":278,"disagree":0,"lost":0,"scores":[0,0,0,0,0,0],"excluded":[false,false,false,false,false,false],"leader":null,"runner_up":null,"margin":0,"motor_dir":"FWD"}
2026-08-26T14:15:33-0700	ngr/loco/9950012/mm/marker	{"mm":105,"landmark":"","obs":"S","peak":172,"ms":176,"drift":0,"dt":1226,"timing_gate":"ACTIVE","dt_expected":1173,"dt_conserve_ratio":2.09,"pwm":91,"v":15.06}
2026-08-26T14:15:33-0700	ngr/loco/9950012/alert	{"level":"CLEAR","reason":"STATUS","loco":"9950012","uptime_ms":583223,"nav":"NORMAL","moving":1,"pwm":91,"est_mm_s":244,"dir":"CCW","session_dir":"CCW","mdir":"FWD","rear":105,"front":100,"env":1495,"lc_mm":105,"last_confirmed_landmark":"","age_ms":517,"since":0,"dead_reckoned_mm":105,"candidate_mm":-1,"viable":[],"lostm":0,"lost_ms":0,"agree":278,"disagree":0,"losts":0,"auto":0}
2026-08-26T14:15:34-0700	ngr/loco/9950012/state/start_mm	105
2026-08-26T14:15:34-0700	ngr/loco/9950012/state/loopstat	{"loop_max_gap_ms":34,"hall_task_max_gap_ms":3,"hall_task_age_ms":1,"baseline":1806,"raw":1807,"delta":1,"queue_drops":0,"floor_rejects":0,"queue_high_water":1,"mqtt_connect_ms":771,"mqtt_attempts":1,"pub_drops":0,"pub_queue_hw":1,"cmd_drops":0,"pub_per_s":4,"marker_pub_drops":0,"marker_pub_hw":1,"nav":"NORMAL","mm":105,"miss_streak":0,"pwm":91,"lost_markers":0,"lost_ms":0,"motor_dir":"FWD"}
2026-08-26T14:15:34-0700	ngr/loco/9950012/state/nav	{"event":"AGREE","state":"NORMAL","nav_state":"NORMAL","mm":104,"landmark":"","dir":"CCW","miss_streak":0,"obs":"S","expected":"S","peak":160,"ms":169,"drift":0,"dt":1249,"agree":279,"disagree":0,"lost":0,"scores":[0,0,0,0,0,0],"excluded":[false,false,false,false,false,false],"leader":null,"runner_up":null,"margin":0,"motor_dir":"FWD"}
2026-08-26T14:15:34-0700	ngr/loco/9950012/mm/marker	{"mm":104,"landmark":"","obs":"S","peak":160,"ms":169,"drift":0,"dt":1249,"timing_gate":"ACTIVE","dt_expected":1173,"dt_conserve_ratio":2.11,"pwm":91,"v":15.06}
2026-08-26T14:15:34-0700	ngr/loco/9950012/alert	{"level":"CLEAR","reason":"STATUS","loco":"9950012","uptime_ms":584223,"nav":"NORMAL","moving":1,"pwm":91,"est_mm_s":240,"dir":"CCW","session_dir":"CCW","mdir":"FWD","rear":104,"front":99,"env":1495,"lc_mm":104,"last_confirmed_landmark":"","age_ms":268,"since":0,"dead_reckoned_mm":104,"candidate_mm":-1,"viable":[],"lostm":0,"lost_ms":0,"agree":279,"disagree":0,"losts":0,"auto":0}
2026-08-26T14:15:35-0700	ngr/loco/9950012/state/start_mm	104
2026-08-26T14:15:35-0700	ngr/loco/9950012/state/loopstat	{"loop_max_gap_ms":34,"hall_task_max_gap_ms":2,"hall_task_age_ms":1,"baseline":1806,"raw":1806,"delta":0,"queue_drops":0,"floor_rejects":0,"queue_high_water":1,"mqtt_connect_ms":771,"mqtt_attempts":1,"pub_drops":0,"pub_queue_hw":1,"cmd_drops":0,"pub_per_s":4,"marker_pub_drops":0,"marker_pub_hw":1,"nav":"NORMAL","mm":104,"miss_streak":0,"pwm":91,"lost_markers":0,"lost_ms":0,"motor_dir":"FWD"}
2026-08-26T14:15:35-0700	ngr/loco/9950012/telem/voltage	15.09
2026-08-26T14:15:35-0700	ngr/loco/9950012/telem/current	0.38
2026-08-26T14:15:35-0700	ngr/loco/9950012/telem/power	5.67
2026-08-26T14:15:35-0700	ngr/loco/9950012/alert	{"level":"CLEAR","reason":"STATUS","loco":"9950012","uptime_ms":585223,"nav":"NORMAL","moving":1,"pwm":91,"est_mm_s":240,"dir":"CCW","session_dir":"CCW","mdir":"FWD","rear":104,"front":99,"env":1495,"lc_mm":104,"last_confirmed_landmark":"","age_ms":1268,"since":0,"dead_reckoned_mm":104,"candidate_mm":-1,"viable":[],"lostm":0,"lost_ms":0,"agree":279,"disagree":0,"losts":0,"auto":0}
2026-08-26T14:15:36-0700	ngr/loco/9950012/state/nav	{"event":"AGREE","state":"NORMAL","nav_state":"NORMAL","mm":103,"landmark":"","dir":"CCW","miss_streak":0,"obs":"N","expected":"N","peak":159,"ms":189,"drift":0,"dt":1301,"agree":280,"disagree":0,"lost":0,"scores":[0,0,0,0,0,0],"excluded":[false,false,false,false,false,false],"leader":null,"runner_up":null,"margin":0,"motor_dir":"FWD"}
2026-08-26T14:15:36-0700	ngr/loco/9950012/mm/marker	{"mm":103,"landmark":"","obs":"N","peak":159,"ms":189,"drift":0,"dt":1301,"timing_gate":"ACTIVE","dt_expected":1173,"dt_conserve_ratio":2.17,"pwm":91,"v":15.09}
2026-08-26T14:15:36-0700	ngr/loco/9950012/state/start_mm	103
2026-08-26T14:15:36-0700	ngr/loco/9950012/state/loopstat	{"loop_max_gap_ms":34,"hall_task_max_gap_ms":2,"hall_task_age_ms":1,"baseline":1806,"raw":1805,"delta":-1,"queue_drops":0,"floor_rejects":0,"queue_high_water":1,"mqtt_connect_ms":771,"mqtt_attempts":1,"pub_drops":0,"pub_queue_hw":3,"cmd_drops":0,"pub_per_s":7,"marker_pub_drops":0,"marker_pub_hw":1,"nav":"NORMAL","mm":103,"miss_streak":0,"pwm":91,"lost_markers":0,"lost_ms":0,"motor_dir":"FWD"}
2026-08-26T14:15:36-0700	ngr/loco/9950012/alert	{"level":"CLEAR","reason":"STATUS","loco":"9950012","uptime_ms":586223,"nav":"NORMAL","moving":1,"pwm":91,"est_mm_s":230,"dir":"CCW","session_dir":"CCW","mdir":"FWD","rear":103,"front":98,"env":1495,"lc_mm":103,"last_confirmed_landmark":"","age_ms":967,"since":0,"dead_reckoned_mm":103,"candidate_mm":-1,"viable":[],"lostm":0,"lost_ms":0,"agree":280,"disagree":0,"losts":0,"auto":0}
2026-08-26T14:15:37-0700	ngr/loco/9950012/state/loopstat	{"loop_max_gap_ms":34,"hall_task_max_gap_ms":2,"hall_task_age_ms":1,"baseline":1806,"raw":1824,"delta":18,"queue_drops":0,"floor_rejects":0,"queue_high_water":0,"mqtt_connect_ms":771,"mqtt_attempts":1,"pub_drops":0,"pub_queue_hw":1,"cmd_drops":0,"pub_per_s":1,"marker_pub_drops":0,"marker_pub_hw":0,"nav":"NORMAL","mm":103,"miss_streak":0,"pwm":91,"lost_markers":0,"lost_ms":0,"motor_dir":"FWD"}
2026-08-26T14:15:37-0700	ngr/loco/9950012/state/nav	{"event":"AGREE","state":"NORMAL","nav_state":"NORMAL","mm":102,"landmark":"","dir":"CCW","miss_streak":0,"obs":"S","expected":"S","peak":245,"ms":201,"drift":0,"dt":1298,"agree":281,"disagree":0,"lost":0,"scores":[0,0,0,0,0,0],"excluded":[false,false,false,false,false,false],"leader":null,"runner_up":null,"margin":0,"motor_dir":"FWD"}
2026-08-26T14:15:37-0700	ngr/loco/9950012/mm/marker	{"mm":102,"landmark":"","obs":"S","peak":245,"ms":201,"drift":0,"dt":1298,"timing_gate":"ACTIVE","dt_expected":1173,"dt_conserve_ratio":2.22,"pwm":91,"v":15.09}
2026-08-26T14:15:37-0700	ngr/loco/9950012/alert	{"level":"CLEAR","reason":"STATUS","loco":"9950012","uptime_ms":587223,"nav":"NORMAL","moving":1,"pwm":91,"est_mm_s":227,"dir":"CCW","session_dir":"CCW","mdir":"FWD","rear":102,"front":97,"env":1500,"lc_mm":102,"last_confirmed_landmark":"","age_ms":669,"since":0,"dead_reckoned_mm":102,"candidate_mm":-1,"viable":[],"lostm":0,"lost_ms":0,"agree":281,"disagree":0,"losts":0,"auto":0}
2026-08-26T14:15:38-0700	ngr/loco/9950012/state/start_mm	102
2026-08-26T14:15:38-0700	ngr/loco/9950012/state/loopstat	{"loop_max_gap_ms":34,"hall_task_max_gap_ms":3,"hall_task_age_ms":1,"baseline":1806,"raw":1807,"delta":1,"queue_drops":0,"floor_rejects":0,"queue_high_water":1,"mqtt_connect_ms":771,"mqtt_attempts":1,"pub_drops":0,"pub_queue_hw":1,"cmd_drops":0,"pub_per_s":4,"marker_pub_drops":0,"marker_pub_hw":1,"nav":"NORMAL","mm":102,"miss_streak":0,"pwm":91,"lost_markers":0,"lost_ms":0,"motor_dir":"FWD"}
2026-08-26T14:15:38-0700	ngr/loco/9950012/state/nav	{"event":"AGREE","state":"NORMAL","nav_state":"NORMAL","mm":101,"landmark":"","dir":"CCW","miss_streak":0,"obs":"S","expected":"S","peak":275,"ms":206,"drift":0,"dt":1307,"agree":282,"disagree":0,"lost":0,"scores":[0,0,0,0,0,0],"excluded":[false,false,false,false,false,false],"leader":null,"runner_up":null,"margin":0,"motor_dir":"FWD"}
2026-08-26T14:15:38-0700	ngr/loco/9950012/mm/marker	{"mm":101,"landmark":"","obs":"S","peak":275,"ms":206,"drift":0,"dt":1307,"timing_gate":"ACTIVE","dt_expected":1153,"dt_conserve_ratio":2.26,"pwm":91,"v":15.09}
2026-08-26T14:15:38-0700	ngr/loco/9950012/alert	{"level":"CLEAR","reason":"STATUS","loco":"9950012","uptime_ms":588223,"nav":"NORMAL","moving":1,"pwm":91,"est_mm_s":229,"dir":"CCW","session_dir":"CCW","mdir":"FWD","rear":101,"front":96,"env":1500,"lc_mm":101,"last_confirmed_landmark":"","age_ms":362,"since":0,"dead_reckoned_mm":101,"candidate_mm":-1,"viable":[],"lostm":0,"lost_ms":0,"agree":282,"disagree":0,"losts":0,"auto":0}
2026-08-26T14:15:39-0700	ngr/loco/9950012/state/start_mm	101
2026-08-26T14:15:39-0700	ngr/loco/9950012/state/loopstat	{"loop_max_gap_ms":34,"hall_task_max_gap_ms":2,"hall_task_age_ms":1,"baseline":1806,"raw":1807,"delta":1,"queue_drops":0,"floor_rejects":0,"queue_high_water":1,"mqtt_connect_ms":771,"mqtt_attempts":1,"pub_drops":0,"pub_queue_hw":1,"cmd_drops":0,"pub_per_s":4,"marker_pub_drops":0,"marker_pub_hw":1,"nav":"NORMAL","mm":101,"miss_streak":0,"pwm":91,"lost_markers":0,"lost_ms":0,"motor_dir":"FWD"}
2026-08-26T14:15:39-0700	ngr/loco/9950012/alert	{"level":"CLEAR","reason":"STATUS","loco":"9950012","uptime_ms":589223,"nav":"NORMAL","moving":1,"pwm":91,"est_mm_s":229,"dir":"CCW","session_dir":"CCW","mdir":"FWD","rear":101,"front":96,"env":1500,"lc_mm":101,"last_confirmed_landmark":"","age_ms":1362,"since":0,"dead_reckoned_mm":101,"candidate_mm":-1,"viable":[],"lostm":0,"lost_ms":0,"agree":282,"disagree":0,"losts":0,"auto":0}
2026-08-26T14:15:40-0700	ngr/loco/9950012/state/nav	{"event":"AGREE","state":"NORMAL","nav_state":"NORMAL","mm":100,"landmark":"","dir":"CCW","miss_streak":0,"obs":"N","expected":"N","peak":284,"ms":183,"drift":0,"dt":1266,"agree":283,"disagree":0,"lost":0,"scores":[0,0,0,0,0,0],"excluded":[false,false,false,false,false,false],"leader":null,"runner_up":null,"margin":0,"motor_dir":"FWD"}
2026-08-26T14:15:40-0700	ngr/loco/9950012/mm/marker	{"mm":100,"landmark":"","obs":"N","peak":284,"ms":183,"drift":0,"dt":1266,"timing_gate":"ACTIVE","dt_expected":1173,"dt_conserve_ratio":2.19,"pwm":91,"v":15.09}
2026-08-26T14:15:40-0700	ngr/loco/9950012/state/start_mm	100
2026-08-26T14:15:40-0700	ngr/loco/9950012/state/loopstat	{"loop_max_gap_ms":33,"hall_task_max_gap_ms":3,"hall_task_age_ms":1,"baseline":1806,"raw":1803,"delta":-3,"queue_drops":0,"floor_rejects":0,"queue_high_water":1,"mqtt_connect_ms":771,"mqtt_attempts":1,"pub_drops":0,"pub_queue_hw":1,"cmd_drops":0,"pub_per_s":4,"marker_pub_drops":0,"marker_pub_hw":1,"nav":"NORMAL","mm":100,"miss_streak":0,"pwm":91,"lost_markers":0,"lost_ms":0,"motor_dir":"FWD"}
2026-08-26T14:15:40-0700	ngr/loco/9950012/telem/voltage	15.08
2026-08-26T14:15:40-0700	ngr/loco/9950012/telem/current	0.36
2026-08-26T14:15:40-0700	ngr/loco/9950012/telem/power	5.46
2026-08-26T14:15:40-0700	ngr/loco/9950012/alert	{"level":"CLEAR","reason":"STATUS","loco":"9950012","uptime_ms":590223,"nav":"NORMAL","moving":1,"pwm":91,"est_mm_s":236,"dir":"CCW","session_dir":"CCW","mdir":"FWD","rear":100,"front":95,"env":1500,"lc_mm":100,"last_confirmed_landmark":"","age_ms":1096,"since":0,"dead_reckoned_mm":100,"candidate_mm":-1,"viable":[],"lostm":0,"lost_ms":0,"agree":283,"disagree":0,"losts":0,"auto":0}
2026-08-26T14:15:41-0700	ngr/loco/9950012/state/nav	{"event":"AGREE","state":"NORMAL","nav_state":"NORMAL","mm":99,"landmark":"","dir":"CCW","miss_streak":0,"obs":"S","expected":"S","peak":281,"ms":189,"drift":0,"dt":1174,"agree":284,"disagree":0,"lost":0,"scores":[0,0,0,0,0,0],"excluded":[false,false,false,false,false,false],"leader":null,"runner_up":null,"margin":0,"motor_dir":"FWD"}
2026-08-26T14:15:41-0700	ngr/loco/9950012/mm/marker	{"mm":99,"landmark":"","obs":"S","peak":281,"ms":189,"drift":0,"dt":1174,"timing_gate":"ACTIVE","dt_expected":1173,"dt_conserve_ratio":2.08,"pwm":91,"v":15.08}
2026-08-26T14:15:41-0700	ngr/loco/9950012/state/start_mm	99
2026-08-26T14:15:41-0700	ngr/loco/9950012/state/loopstat	{"loop_max_gap_ms":33,"hall_task_max_gap_ms":2,"hall_task_age_ms":0,"baseline":1806,"raw":1811,"delta":5,"queue_drops":0,"floor_rejects":0,"queue_high_water":1,"mqtt_connect_ms":771,"mqtt_attempts":1,"pub_drops":0,"pub_queue_hw":3,"cmd_drops":0,"pub_per_s":7,"marker_pub_drops":0,"marker_pub_hw":1,"nav":"NORMAL","mm":99,"miss_streak":0,"pwm":91,"lost_markers":0,"lost_ms":0,"motor_dir":"FWD"}
2026-08-26T14:15:41-0700	ngr/loco/9950012/alert	{"level":"CLEAR","reason":"STATUS","loco":"9950012","uptime_ms":591223,"nav":"NORMAL","moving":1,"pwm":91,"est_mm_s":255,"dir":"CCW","session_dir":"CCW","mdir":"FWD","rear":99,"front":94,"env":1500,"lc_mm":99,"last_confirmed_landmark":"","age_ms":922,"since":0,"dead_reckoned_mm":99,"candidate_mm":-1,"viable":[],"lostm":0,"lost_ms":0,"agree":284,"disagree":0,"losts":0,"auto":0}
2026-08-26T14:15:42-0700	ngr/loco/9950012/state/loopstat	{"loop_max_gap_ms":33,"hall_task_max_gap_ms":3,"hall_task_age_ms":1,"baseline":1806,"raw":1807,"delta":1,"queue_drops":0,"floor_rejects":0,"queue_high_water":0,"mqtt_connect_ms":771,"mqtt_attempts":1,"pub_drops":0,"pub_queue_hw":1,"cmd_drops":0,"pub_per_s":1,"marker_pub_drops":0,"marker_pub_hw":0,"nav":"NORMAL","mm":99,"miss_streak":0,"pwm":91,"lost_markers":0,"lost_ms":0,"motor_dir":"FWD"}
2026-08-26T14:15:42-0700	ngr/loco/9950012/state/nav	{"event":"AGREE","state":"NORMAL","nav_state":"NORMAL","mm":98,"landmark":"Northpoint","dir":"CCW","miss_streak":0,"obs":"S","expected":"S","peak":191,"ms":157,"drift":0,"dt":1235,"agree":285,"disagree":0,"lost":0,"scores":[0,0,0,0,0,0],"excluded":[false,false,false,false,false,false],"leader":null,"runner_up":null,"margin":0,"motor_dir":"FWD"}
2026-08-26T14:15:42-0700	ngr/loco/9950012/mm/marker	{"mm":98,"landmark":"Northpoint","obs":"S","peak":191,"ms":157,"drift":0,"dt":1235,"timing_gate":"ACTIVE","dt_expected":1173,"dt_conserve_ratio":2.05,"pwm":91,"v":15.08}
2026-08-26T14:15:42-0700	ngr/loco/9950012/alert	{"level":"CLEAR","reason":"STATUS","loco":"9950012","uptime_ms":592223,"nav":"NORMAL","moving":1,"pwm":91,"est_mm_s":242,"dir":"CCW","session_dir":"CCW","mdir":"FWD","rear":98,"front":93,"env":1500,"lc_mm":98,"last_confirmed_landmark":"Northpoint","age_ms":687,"since":0,"dead_reckoned_mm":98,"candidate_mm":-1,"viable":[],"lostm":0,"lost_ms":0,"agree":285,"disagree":0,"losts":0,"auto":0}
2026-08-26T14:15:43-0700	ngr/loco/9950012/state/start_mm	98
2026-08-26T14:15:43-0700	ngr/loco/9950012/state/loopstat	{"loop_max_gap_ms":34,"hall_task_max_gap_ms":2,"hall_task_age_ms":1,"baseline":1806,"raw":1797,"delta":-9,"queue_drops":0,"floor_rejects":0,"queue_high_water":1,"mqtt_connect_ms":771,"mqtt_attempts":1,"pub_drops":0,"pub_queue_hw":1,"cmd_drops":0,"pub_per_s":4,"marker_pub_drops":0,"marker_pub_hw":1,"nav":"NORMAL","mm":98,"miss_streak":0,"pwm":91,"lost_markers":0,"lost_ms":0,"motor_dir":"FWD"}
2026-08-26T14:15:43-0700	ngr/loco/9950012/state/nav	{"event":"AGREE","state":"NORMAL","nav_state":"NORMAL","mm":97,"landmark":"","dir":"CCW","miss_streak":0,"obs":"N","expected":"N","peak":194,"ms":168,"drift":0,"dt":1144,"agree":286,"disagree":0,"lost":0,"scores":[0,0,0,0,0,0],"excluded":[false,false,false,false,false,false],"leader":null,"runner_up":null,"margin":0,"motor_dir":"FWD"}
2026-08-26T14:15:43-0700	ngr/loco/9950012/mm/marker	{"mm":97,"landmark":"","obs":"N","peak":194,"ms":168,"drift":0,"dt":1144,"timing_gate":"ACTIVE","dt_expected":1173,"dt_conserve_ratio":2.03,"pwm":91,"v":15.08}
2026-08-26T14:15:43-0700	ngr/loco/9950012/alert	{"level":"CLEAR","reason":"STATUS","loco":"9950012","uptime_ms":593223,"nav":"NORMAL","moving":1,"pwm":91,"est_mm_s":262,"dir":"CCW","session_dir":"CCW","mdir":"FWD","rear":97,"front":92,"env":1500,"lc_mm":97,"last_confirmed_landmark":"","age_ms":543,"since":0,"dead_reckoned_mm":97,"candidate_mm":-1,"viable":[],"lostm":0,"lost_ms":0,"agree":286,"disagree":0,"losts":0,"auto":0}
2026-08-26T14:15:44-0700	ngr/loco/9950012/state/loopstat	{"loop_max_gap_ms":34,"hall_task_max_gap_ms":2,"hall_task_age_ms":1,"baseline":1806,"raw":1805,"delta":-1,"queue_drops":0,"floor_rejects":0,"queue_high_water":1,"mqtt_connect_ms":771,"mqtt_attempts":1,"pub_drops":0,"pub_queue_hw":1,"cmd_drops":0,"pub_per_s":3,"marker_pub_drops":0,"marker_pub_hw":1,"nav":"NORMAL","mm":97,"miss_streak":0,"pwm":91,"lost_markers":0,"lost_ms":0,"motor_dir":"FWD"}
2026-08-26T14:15:44-0700	ngr/loco/9950012/state/start_mm	97
2026-08-26T14:15:44-0700	ngr/loco/9950012/state/nav	{"event":"AGREE","state":"NORMAL","nav_state":"NORMAL","mm":96,"landmark":"","dir":"CCW","miss_streak":0,"obs":"N","expected":"N","peak":195,"ms":156,"drift":0,"dt":1170,"agree":287,"disagree":0,"lost":0,"scores":[0,0,0,0,0,0],"excluded":[false,false,false,false,false,false],"leader":null,"runner_up":null,"margin":0,"motor_dir":"FWD"}
2026-08-26T14:15:44-0700	ngr/loco/9950012/mm/marker	{"mm":96,"landmark":"","obs":"N","peak":195,"ms":156,"drift":0,"dt":1170,"timing_gate":"ACTIVE","dt_expected":1173,"dt_conserve_ratio":1.97,"pwm":91,"v":15.08}
2026-08-26T14:15:44-0700	ngr/loco/9950012/alert	{"level":"CLEAR","reason":"STATUS","loco":"9950012","uptime_ms":594223,"nav":"NORMAL","moving":1,"pwm":91,"est_mm_s":256,"dir":"CCW","session_dir":"CCW","mdir":"FWD","rear":96,"front":91,"env":1500,"lc_mm":96,"last_confirmed_landmark":"","age_ms":373,"since":0,"dead_reckoned_mm":96,"candidate_mm":-1,"viable":[],"lostm":0,"lost_ms":0,"agree":287,"disagree":0,"losts":0,"auto":0}
2026-08-26T14:15:45-0700	ngr/loco/9950012/state/start_mm	96
2026-08-26T14:15:45-0700	ngr/loco/9950012/state/loopstat	{"loop_max_gap_ms":33,"hall_task_max_gap_ms":3,"hall_task_age_ms":1,"baseline":1806,"raw":1805,"delta":-1,"queue_drops":0,"floor_rejects":0,"queue_high_water":1,"mqtt_connect_ms":771,"mqtt_attempts":1,"pub_drops":0,"pub_queue_hw":2,"cmd_drops":0,"pub_per_s":5,"marker_pub_drops":0,"marker_pub_hw":1,"nav":"NORMAL","mm":96,"miss_streak":0,"pwm":91,"lost_markers":0,"lost_ms":0,"motor_dir":"FWD"}
2026-08-26T14:15:45-0700	ngr/loco/9950012/telem/voltage	15.09
2026-08-26T14:15:45-0700	ngr/loco/9950012/telem/current	0.33
2026-08-26T14:15:45-0700	ngr/loco/9950012/telem/power	4.92
2026-08-26T14:15:45-0700	ngr/loco/9950012/state/nav	{"event":"AGREE","state":"NORMAL","nav_state":"NORMAL","mm":95,"landmark":"","dir":"CCW","miss_streak":0,"obs":"S","expected":"S","peak":199,"ms":155,"drift":0,"dt":1109,"agree":288,"disagree":0,"lost":0,"scores":[0,0,0,0,0,0],"excluded":[false,false,false,false,false,false],"leader":null,"runner_up":null,"margin":0,"motor_dir":"FWD"}
2026-08-26T14:15:45-0700	ngr/loco/9950012/mm/marker	{"mm":95,"landmark":"","obs":"S","peak":199,"ms":155,"drift":0,"dt":1109,"timing_gate":"ACTIVE","dt_expected":1173,"dt_conserve_ratio":1.94,"pwm":91,"v":15.09}
2026-08-26T14:15:45-0700	ngr/loco/9950012/alert	{"level":"CLEAR","reason":"STATUS","loco":"9950012","uptime_ms":595223,"nav":"NORMAL","moving":1,"pwm":91,"est_mm_s":270,"dir":"CCW","session_dir":"CCW","mdir":"FWD","rear":95,"front":90,"env":1500,"lc_mm":95,"last_confirmed_landmark":"","age_ms":264,"since":0,"dead_reckoned_mm":95,"candidate_mm":-1,"viable":[],"lostm":0,"lost_ms":0,"agree":288,"disagree":0,"losts":0,"auto":0}
2026-08-26T14:15:46-0700	ngr/loco/9950012/state/start_mm	95
2026-08-26T14:15:46-0700	ngr/loco/9950012/state/loopstat	{"loop_max_gap_ms":33,"hall_task_max_gap_ms":2,"hall_task_age_ms":1,"baseline":1806,"raw":1807,"delta":1,"queue_drops":0,"floor_rejects":0,"queue_high_water":0,"mqtt_connect_ms":771,"mqtt_attempts":1,"pub_drops":0,"pub_queue_hw":3,"cmd_drops":0,"pub_per_s":7,"marker_pub_drops":0,"marker_pub_hw":1,"nav":"NORMAL","mm":95,"miss_streak":0,"pwm":91,"lost_markers":0,"lost_ms":0,"motor_dir":"FWD"}
2026-08-26T14:15:46-0700	ngr/loco/9950012/state/nav	{"event":"AGREE","state":"NORMAL","nav_state":"NORMAL","mm":94,"landmark":"","dir":"CCW","miss_streak":0,"obs":"N","expected":"N","peak":184,"ms":165,"drift":0,"dt":1082,"agree":289,"disagree":0,"lost":0,"scores":[0,0,0,0,0,0],"excluded":[false,false,false,false,false,false],"leader":null,"runner_up":null,"margin":0,"motor_dir":"FWD"}
2026-08-26T14:15:46-0700	ngr/loco/9950012/mm/marker	{"mm":94,"landmark":"","obs":"N","peak":184,"ms":165,"drift":0,"dt":1082,"timing_gate":"ACTIVE","dt_expected":1173,"dt_conserve_ratio":1.87,"pwm":91,"v":15.09}
2026-08-26T14:15:46-0700	ngr/loco/9950012/alert	{"level":"CLEAR","reason":"STATUS","loco":"9950012","uptime_ms":596229,"nav":"NORMAL","moving":1,"pwm":91,"est_mm_s":277,"dir":"CCW","session_dir":"CCW","mdir":"FWD","rear":94,"front":89,"env":1500,"lc_mm":94,"last_confirmed_landmark":"","age_ms":188,"since":0,"dead_reckoned_mm":94,"candidate_mm":-1,"viable":[],"lostm":0,"lost_ms":0,"agree":289,"disagree":0,"losts":0,"auto":0}
2026-08-26T14:15:47-0700	ngr/loco/9950012/state/start_mm	94
2026-08-26T14:15:47-0700	ngr/loco/9950012/state/loopstat	{"loop_max_gap_ms":56,"hall_task_max_gap_ms":3,"hall_task_age_ms":1,"baseline":1806,"raw":1807,"delta":1,"queue_drops":0,"floor_rejects":0,"queue_high_water":1,"mqtt_connect_ms":771,"mqtt_attempts":1,"pub_drops":0,"pub_queue_hw":1,"cmd_drops":0,"pub_per_s":4,"marker_pub_drops":0,"marker_pub_hw":1,"nav":"NORMAL","mm":94,"miss_streak":0,"pwm":91,"lost_markers":0,"lost_ms":0,"motor_dir":"FWD"}
2026-08-26T14:15:47-0700	ngr/loco/9950012/alert	{"level":"CLEAR","reason":"STATUS","loco":"9950012","uptime_ms":597229,"nav":"NORMAL","moving":1,"pwm":91,"est_mm_s":277,"dir":"CCW","session_dir":"CCW","mdir":"FWD","rear":94,"front":89,"env":1500,"lc_mm":94,"last_confirmed_landmark":"","age_ms":1188,"since":0,"dead_reckoned_mm":94,"candidate_mm":-1,"viable":[],"lostm":0,"lost_ms":0,"agree":289,"disagree":0,"losts":0,"auto":0}
2026-08-26T14:15:48-0700	ngr/loco/9950012/state/nav	{"event":"AGREE","state":"NORMAL","nav_state":"NORMAL","mm":93,"landmark":"","dir":"CCW","miss_streak":0,"obs":"S","expected":"S","peak":201,"ms":163,"drift":0,"dt":1094,"agree":290,"disagree":0,"lost":0,"scores":[0,0,0,0,0,0],"excluded":[false,false,false,false,false,false],"leader":null,"runner_up":null,"margin":0,"motor_dir":"FWD"}
2026-08-26T14:15:48-0700	ngr/loco/9950012/mm/marker	{"mm":93,"landmark":"","obs":"S","peak":201,"ms":163,"drift":0,"dt":1094,"timing_gate":"ACTIVE","dt_expected":1173,"dt_conserve_ratio":1.85,"pwm":91,"v":15.09}
2026-08-26T14:15:48-0700	ngr/loco/9950012/state/start_mm	93
2026-08-26T14:15:48-0700	ngr/loco/9950012/state/loopstat	{"loop_max_gap_ms":33,"hall_task_max_gap_ms":3,"hall_task_age_ms":1,"baseline":1806,"raw":1807,"delta":1,"queue_drops":0,"floor_rejects":0,"queue_high_water":1,"mqtt_connect_ms":771,"mqtt_attempts":1,"pub_drops":0,"pub_queue_hw":1,"cmd_drops":0,"pub_per_s":4,"marker_pub_drops":0,"marker_pub_hw":1,"nav":"NORMAL","mm":93,"miss_streak":0,"pwm":91,"lost_markers":0,"lost_ms":0,"motor_dir":"FWD"}
2026-08-26T14:15:48-0700	ngr/loco/9950012/alert	{"level":"CLEAR","reason":"STATUS","loco":"9950012","uptime_ms":598229,"nav":"NORMAL","moving":1,"pwm":91,"est_mm_s":274,"dir":"CCW","session_dir":"CCW","mdir":"FWD","rear":93,"front":88,"env":1505,"lc_mm":93,"last_confirmed_landmark":"","age_ms":1094,"since":0,"dead_reckoned_mm":93,"candidate_mm":-1,"viable":[],"lostm":0,"lost_ms":0,"agree":290,"disagree":0,"losts":0,"auto":0}
2026-08-26T14:15:49-0700	ngr/loco/9950012/state/nav	{"event":"AGREE","state":"NORMAL","nav_state":"NORMAL","mm":92,"landmark":"","dir":"CCW","miss_streak":0,"obs":"S","expected":"S","peak":204,"ms":187,"drift":0,"dt":1173,"agree":291,"disagree":0,"lost":0,"scores":[0,0,0,0,0,0],"excluded":[false,false,false,false,false,false],"leader":null,"runner_up":null,"margin":0,"motor_dir":"FWD"}
2026-08-26T14:15:49-0700	ngr/loco/9950012/mm/marker	{"mm":92,"landmark":"","obs":"S","peak":204,"ms":187,"drift":0,"dt":1173,"timing_gate":"ACTIVE","dt_expected":1173,"dt_conserve_ratio":1.93,"pwm":91,"v":15.09}
2026-08-26T14:15:49-0700	ngr/loco/9950012/state/start_mm	92
2026-08-26T14:15:49-0700	ngr/loco/9950012/state/loopstat	{"loop_max_gap_ms":34,"hall_task_max_gap_ms":2,"hall_task_age_ms":1,"baseline":1806,"raw":1806,"delta":0,"queue_drops":0,"floor_rejects":0,"queue_high_water":1,"mqtt_connect_ms":771,"mqtt_attempts":1,"pub_drops":0,"pub_queue_hw":1,"cmd_drops":0,"pub_per_s":4,"marker_pub_drops":0,"marker_pub_hw":1,"nav":"NORMAL","mm":92,"miss_streak":0,"pwm":91,"lost_markers":0,"lost_ms":0,"motor_dir":"FWD"}
2026-08-26T14:15:49-0700	ngr/loco/9950012/alert	{"level":"CLEAR","reason":"STATUS","loco":"9950012","uptime_ms":599229,"nav":"NORMAL","moving":1,"pwm":91,"est_mm_s":255,"dir":"CCW","session_dir":"CCW","mdir":"FWD","rear":92,"front":87,"env":1505,"lc_mm":92,"last_confirmed_landmark":"","age_ms":921,"since":0,"dead_reckoned_mm":92,"candidate_mm":-1,"viable":[],"lostm":0,"lost_ms":0,"agree":291,"disagree":0,"losts":0,"auto":0}
2026-08-26T14:15:50-0700	ngr/loco/9950012/state/loopstat	{"loop_max_gap_ms":34,"hall_task_max_gap_ms":2,"hall_task_age_ms":1,"baseline":1806,"raw":1791,"delta":-15,"queue_drops":0,"floor_rejects":0,"queue_high_water":0,"mqtt_connect_ms":771,"mqtt_attempts":1,"pub_drops":0,"pub_queue_hw":1,"cmd_drops":0,"pub_per_s":1,"marker_pub_drops":0,"marker_pub_hw":0,"nav":"NORMAL","mm":92,"miss_streak":0,"pwm":91,"lost_markers":0,"lost_ms":0,"motor_dir":"FWD"}
2026-08-26T14:15:50-0700	ngr/loco/9950012/state/nav	{"event":"AGREE","state":"NORMAL","nav_state":"NORMAL","mm":91,"landmark":"","dir":"CCW","miss_streak":0,"obs":"N","expected":"N","peak":177,"ms":182,"drift":0,"dt":1260,"agree":292,"disagree":0,"lost":0,"scores":[0,0,0,0,0,0],"excluded":[false,false,false,false,false,false],"leader":null,"runner_up":null,"margin":0,"motor_dir":"FWD"}
2026-08-26T14:15:50-0700	ngr/loco/9950012/mm/marker	{"mm":91,"landmark":"","obs":"N","peak":177,"ms":182,"drift":0,"dt":1260,"timing_gate":"ACTIVE","dt_expected":1173,"dt_conserve_ratio":2.07,"pwm":91,"v":15.09}
2026-08-26T14:15:50-0700	ngr/loco/9950012/telem/voltage	15.07
2026-08-26T14:15:50-0700	ngr/loco/9950012/telem/current	0.30
2026-08-26T14:15:50-0700	ngr/loco/9950012/telem/power	4.30
2026-08-26T14:15:50-0700	ngr/loco/9950012/alert	{"level":"CLEAR","reason":"STATUS","loco":"9950012","uptime_ms":600229,"nav":"NORMAL","moving":1,"pwm":91,"est_mm_s":238,"dir":"CCW","session_dir":"CCW","mdir":"FWD","rear":91,"front":86,"env":1505,"lc_mm":91,"last_confirmed_landmark":"","age_ms":661,"since":0,"dead_reckoned_mm":91,"candidate_mm":-1,"viable":[],"lostm":0,"lost_ms":0,"agree":292,"disagree":0,"losts":0,"auto":0}
2026-08-26T14:15:51-0700	ngr/loco/9950012/state/start_mm	91
2026-08-26T14:15:51-0700	ngr/loco/9950012/state/loopstat	{"loop_max_gap_ms":33,"hall_task_max_gap_ms":2,"hall_task_age_ms":1,"baseline":1806,"raw":1804,"delta":-2,"queue_drops":0,"floor_rejects":0,"queue_high_water":1,"mqtt_connect_ms":771,"mqtt_attempts":1,"pub_drops":0,"pub_queue_hw":3,"cmd_drops":0,"pub_per_s":7,"marker_pub_drops":0,"marker_pub_hw":1,"nav":"NORMAL","mm":91,"miss_streak":0,"pwm":91,"lost_markers":0,"lost_ms":0,"motor_dir":"FWD"}
2026-08-26T14:15:51-0700	ngr/loco/9950012/state/nav	{"event":"AGREE","state":"NORMAL","nav_state":"NORMAL","mm":90,"landmark":"","dir":"CCW","miss_streak":0,"obs":"N","expected":"N","peak":185,"ms":186,"drift":0,"dt":1303,"agree":293,"disagree":0,"lost":0,"scores":[0,0,0,0,0,0],"excluded":[false,false,false,false,false,false],"leader":null,"runner_up":null,"margin":0,"motor_dir":"FWD"}
2026-08-26T14:15:51-0700	ngr/loco/9950012/mm/marker	{"mm":90,"landmark":"","obs":"N","peak":185,"ms":186,"drift":0,"dt":1303,"timing_gate":"ACTIVE","dt_expected":1173,"dt_conserve_ratio":2.18,"pwm":91,"v":15.07}
2026-08-26T14:15:51-0700	ngr/loco/9950012/alert	{"level":"CLEAR","reason":"STATUS","loco":"9950012","uptime_ms":601229,"nav":"NORMAL","moving":1,"pwm":91,"est_mm_s":230,"dir":"CCW","session_dir":"CCW","mdir":"FWD","rear":90,"front":85,"env":1535,"lc_mm":90,"last_confirmed_landmark":"","age_ms":358,"since":0,"dead_reckoned_mm":90,"candidate_mm":-1,"viable":[],"lostm":0,"lost_ms":0,"agree":293,"disagree":0,"losts":0,"auto":0}
2026-08-26T14:15:52-0700	ngr/loco/9950012/state/start_mm	90
2026-08-26T14:15:52-0700	ngr/loco/9950012/state/loopstat	{"loop_max_gap_ms":34,"hall_task_max_gap_ms":3,"hall_task_age_ms":1,"baseline":1806,"raw":1806,"delta":0,"queue_drops":0,"floor_rejects":0,"queue_high_water":0,"mqtt_connect_ms":771,"mqtt_attempts":1,"pub_drops":0,"pub_queue_hw":1,"cmd_drops":0,"pub_per_s":4,"marker_pub_drops":0,"marker_pub_hw":1,"nav":"NORMAL","mm":90,"miss_streak":0,"pwm":91,"lost_markers":0,"lost_ms":0,"motor_dir":"FWD"}
2026-08-26T14:15:52-0700	ngr/loco/9950012/alert	{"level":"CLEAR","reason":"STATUS","loco":"9950012","uptime_ms":602229,"nav":"NORMAL","moving":1,"pwm":91,"est_mm_s":230,"dir":"CCW","session_dir":"CCW","mdir":"FWD","rear":90,"front":85,"env":1535,"lc_mm":90,"last_confirmed_landmark":"","age_ms":1358,"since":0,"dead_reckoned_mm":90,"candidate_mm":-1,"viable":[],"lostm":0,"lost_ms":0,"agree":293,"disagree":0,"losts":0,"auto":0}
2026-08-26T14:15:53-0700	ngr/loco/9950012/state/nav	{"event":"AGREE","state":"NORMAL","nav_state":"NORMAL","mm":89,"landmark":"","dir":"CCW","miss_streak":0,"obs":"S","expected":"S","peak":216,"ms":179,"drift":0,"dt":1348,"agree":294,"disagree":0,"lost":0,"scores":[0,0,0,0,0,0],"excluded":[false,false,false,false,false,false],"leader":null,"runner_up":null,"margin":0,"motor_dir":"FWD"}
2026-08-26T14:15:53-0700	ngr/loco/9950012/mm/marker	{"mm":89,"landmark":"","obs":"S","peak":216,"ms":179,"drift":0,"dt":1348,"timing_gate":"ACTIVE","dt_expected":1173,"dt_conserve_ratio":2.26,"pwm":91,"v":15.07}
2026-08-26T14:15:53-0700	ngr/loco/9950012/state/start_mm	89
2026-08-26T14:15:53-0700	ngr/loco/9950012/state/loopstat	{"loop_max_gap_ms":34,"hall_task_max_gap_ms":2,"hall_task_age_ms":1,"baseline":1806,"raw":1808,"delta":2,"queue_drops":0,"floor_rejects":0,"queue_high_water":1,"mqtt_connect_ms":771,"mqtt_attempts":1,"pub_drops":0,"pub_queue_hw":1,"cmd_drops":0,"pub_per_s":4,"marker_pub_drops":0,"marker_pub_hw":1,"nav":"NORMAL","mm":89,"miss_streak":0,"pwm":91,"lost_markers":0,"lost_ms":0,"motor_dir":"FWD"}
2026-08-26T14:15:53-0700	ngr/loco/9950012/alert	{"level":"CLEAR","reason":"STATUS","loco":"9950012","uptime_ms":603229,"nav":"NORMAL","moving":1,"pwm":91,"est_mm_s":222,"dir":"CCW","session_dir":"CCW","mdir":"FWD","rear":89,"front":84,"env":1535,"lc_mm":89,"last_confirmed_landmark":"","age_ms":1010,"since":0,"dead_reckoned_mm":89,"candidate_mm":-1,"viable":[],"lostm":0,"lost_ms":0,"agree":294,"disagree":0,"losts":0,"auto":0}
2026-08-26T14:15:54-0700	ngr/loco/9950012/state/loopstat	{"loop_max_gap_ms":34,"hall_task_max_gap_ms":2,"hall_task_age_ms":1,"baseline":1806,"raw":1957,"delta":151,"queue_drops":0,"floor_rejects":0,"queue_high_water":0,"mqtt_connect_ms":771,"mqtt_attempts":1,"pub_drops":0,"pub_queue_hw":1,"cmd_drops":0,"pub_per_s":1,"marker_pub_drops":0,"marker_pub_hw":0,"nav":"NORMAL","mm":89,"miss_streak":0,"pwm":91,"lost_markers":0,"lost_ms":0,"motor_dir":"FWD"}
2026-08-26T14:15:54-0700	ngr/loco/9950012/state/nav	{"event":"AGREE","state":"NORMAL","nav_state":"NORMAL","mm":88,"landmark":"","dir":"CCW","miss_streak":0,"obs":"N","expected":"N","peak":210,"ms":181,"drift":0,"dt":1262,"agree":295,"disagree":0,"lost":0,"scores":[0,0,0,0,0,0],"excluded":[false,false,false,false,false,false],"leader":null,"runner_up":null,"margin":0,"motor_dir":"FWD"}
2026-08-26T14:15:54-0700	ngr/loco/9950012/mm/marker	{"mm":88,"landmark":"","obs":"N","peak":210,"ms":181,"drift":0,"dt":1262,"timing_gate":"ACTIVE","dt_expected":1173,"dt_conserve_ratio":2.22,"pwm":91,"v":15.07}
2026-08-26T14:15:54-0700	ngr/loco/9950012/alert	{"level":"CLEAR","reason":"STATUS","loco":"9950012","uptime_ms":604229,"nav":"NORMAL","moving":1,"pwm":91,"est_mm_s":241,"dir":"CCW","session_dir":"CCW","mdir":"FWD","rear":88,"front":83,"env":1530,"lc_mm":88,"last_confirmed_landmark":"","age_ms":748,"since":0,"dead_reckoned_mm":88,"candidate_mm":-1,"viable":[],"lostm":0,"lost_ms":0,"agree":295,"disagree":0,"losts":0,"auto":0}
2026-08-26T14:15:55-0700	ngr/loco/9950012/state/loopstat	{"loop_max_gap_ms":33,"hall_task_max_gap_ms":2,"hall_task_age_ms":1,"baseline":1806,"raw":1797,"delta":-9,"queue_drops":0,"floor_rejects":0,"queue_high_water":1,"mqtt_connect_ms":771,"mqtt_attempts":1,"pub_drops":0,"pub_queue_hw":1,"cmd_drops":0,"pub_per_s":3,"marker_pub_drops":0,"marker_pub_hw":1,"nav":"NORMAL","mm":88,"miss_streak":0,"pwm":91,"lost_markers":0,"lost_ms":0,"motor_dir":"FWD"}
2026-08-26T14:15:55-0700	ngr/loco/9950012/state/start_mm	88
2026-08-26T14:15:55-0700	ngr/loco/9950012/state/nav	{"event":"AGREE","state":"NORMAL","nav_state":"NORMAL","mm":87,"landmark":"","dir":"CCW","miss_streak":0,"obs":"N","expected":"N","peak":205,"ms":167,"drift":0,"dt":1247,"agree":296,"disagree":0,"lost":0,"scores":[0,0,0,0,0,0],"excluded":[false,false,false,false,false,false],"leader":null,"runner_up":null,"margin":0,"motor_dir":"FWD"}
2026-08-26T14:15:55-0700	ngr/loco/9950012/mm/marker	{"mm":87,"landmark":"","obs":"N","peak":205,"ms":167,"drift":0,"dt":1247,"timing_gate":"ACTIVE","dt_expected":1192,"dt_conserve_ratio":2.10,"pwm":91,"v":15.07}
2026-08-26T14:15:55-0700	ngr/loco/9950012/telem/voltage	15.07
2026-08-26T14:15:55-0700	ngr/loco/9950012/telem/current	0.36
2026-08-26T14:15:55-0700	ngr/loco/9950012/telem/power	5.76
2026-08-26T14:15:55-0700	ngr/loco/9950012/alert	{"level":"CLEAR","reason":"STATUS","loco":"9950012","uptime_ms":605229,"nav":"NORMAL","moving":1,"pwm":91,"est_mm_s":240,"dir":"CCW","session_dir":"CCW","mdir":"FWD","rear":87,"front":82,"env":1535,"lc_mm":87,"last_confirmed_landmark":"","age_ms":501,"since":0,"dead_reckoned_mm":87,"candidate_mm":-1,"viable":[],"lostm":0,"lost_ms":0,"agree":296,"disagree":0,"losts":0,"auto":0}
2026-08-26T14:15:56-0700	ngr/loco/9950012/state/start_mm	87
2026-08-26T14:15:56-0700	ngr/loco/9950012/state/loopstat	{"loop_max_gap_ms":34,"hall_task_max_gap_ms":2,"hall_task_age_ms":1,"baseline":1806,"raw":1807,"delta":1,"queue_drops":0,"floor_rejects":0,"queue_high_water":1,"mqtt_connect_ms":771,"mqtt_attempts":1,"pub_drops":0,"pub_queue_hw":3,"cmd_drops":0,"pub_per_s":8,"marker_pub_drops":0,"marker_pub_hw":1,"nav":"NORMAL","mm":87,"miss_streak":0,"pwm":91,"lost_markers":0,"lost_ms":0,"motor_dir":"FWD"}
2026-08-26T14:15:56-0700	ngr/loco/9950012/state/nav	{"event":"AGREE","state":"NORMAL","nav_state":"NORMAL","mm":86,"landmark":"","dir":"CCW","miss_streak":0,"obs":"S","expected":"S","peak":177,"ms":169,"drift":0,"dt":1159,"agree":297,"disagree":0,"lost":0,"scores":[0,0,0,0,0,0],"excluded":[false,false,false,false,false,false],"leader":null,"runner_up":null,"margin":0,"motor_dir":"FWD"}
2026-08-26T14:15:56-0700	ngr/loco/9950012/mm/marker	{"mm":86,"landmark":"","obs":"S","peak":177,"ms":169,"drift":0,"dt":1159,"timing_gate":"ACTIVE","dt_expected":1173,"dt_conserve_ratio":2.05,"pwm":91,"v":15.07}
2026-08-26T14:15:56-0700	ngr/loco/9950012/alert	{"level":"CLEAR","reason":"STATUS","loco":"9950012","uptime_ms":606229,"nav":"NORMAL","moving":1,"pwm":91,"est_mm_s":258,"dir":"CCW","session_dir":"CCW","mdir":"FWD","rear":86,"front":81,"env":1535,"lc_mm":86,"last_confirmed_landmark":"","age_ms":342,"since":0,"dead_reckoned_mm":86,"candidate_mm":-1,"viable":[],"lostm":0,"lost_ms":0,"agree":297,"disagree":0,"losts":0,"auto":0}
2026-08-26T14:15:57-0700	ngr/loco/9950012/state/start_mm	86
2026-08-26T14:15:57-0700	ngr/loco/9950012/state/loopstat	{"loop_max_gap_ms":33,"hall_task_max_gap_ms":2,"hall_task_age_ms":1,"baseline":1806,"raw":1807,"delta":1,"queue_drops":0,"floor_rejects":0,"queue_high_water":1,"mqtt_connect_ms":771,"mqtt_attempts":1,"pub_drops":0,"pub_queue_hw":1,"cmd_drops":0,"pub_per_s":4,"marker_pub_drops":0,"marker_pub_hw":1,"nav":"NORMAL","mm":86,"miss_streak":0,"pwm":91,"lost_markers":0,"lost_ms":0,"motor_dir":"FWD"}
2026-08-26T14:15:57-0700	ngr/loco/9950012/alert	{"level":"CLEAR","reason":"STATUS","loco":"9950012","uptime_ms":607229,"nav":"NORMAL","moving":1,"pwm":91,"est_mm_s":258,"dir":"CCW","session_dir":"CCW","mdir":"FWD","rear":86,"front":81,"env":1535,"lc_mm":86,"last_confirmed_landmark":"","age_ms":1342,"since":0,"dead_reckoned_mm":86,"candidate_mm":-1,"viable":[],"lostm":0,"lost_ms":0,"agree":297,"disagree":0,"losts":0,"auto":0}
2026-08-26T14:15:58-0700	ngr/loco/9950012/state/nav	{"event":"AGREE","state":"NORMAL","nav_state":"NORMAL","mm":85,"landmark":"","dir":"CCW","miss_streak":0,"obs":"S","expected":"S","peak":192,"ms":160,"drift":0,"dt":1253,"agree":298,"disagree":0,"lost":0,"scores":[0,0,0,0,0,0],"excluded":[false,false,false,false,false,false],"leader":null,"runner_up":null,"margin":0,"motor_dir":"FWD"}
2026-08-26T14:15:58-0700	ngr/loco/9950012/mm/marker	{"mm":85,"landmark":"","obs":"S","peak":192,"ms":160,"drift":0,"dt":1253,"timing_gate":"ACTIVE","dt_expected":1173,"dt_conserve_ratio":2.06,"pwm":91,"v":15.07}
2026-08-26T14:15:58-0700	ngr/loco/9950012/state/start_mm	85
2026-08-26T14:15:58-0700	ngr/loco/9950012/state/loopstat	{"loop_max_gap_ms":34,"hall_task_max_gap_ms":2,"hall_task_age_ms":1,"baseline":1806,"raw":1808,"delta":2,"queue_drops":0,"floor_rejects":0,"queue_high_water":1,"mqtt_connect_ms":771,"mqtt_attempts":1,"pub_drops":0,"pub_queue_hw":1,"cmd_drops":0,"pub_per_s":4,"marker_pub_drops":0,"marker_pub_hw":1,"nav":"NORMAL","mm":85,"miss_streak":0,"pwm":91,"lost_markers":0,"lost_ms":0,"motor_dir":"FWD"}
2026-08-26T14:15:58-0700	ngr/loco/9950012/alert	{"level":"CLEAR","reason":"STATUS","loco":"9950012","uptime_ms":608229,"nav":"NORMAL","moving":1,"pwm":91,"est_mm_s":263,"dir":"CCW","session_dir":"CCW","mdir":"FWD","rear":85,"front":80,"env":1505,"lc_mm":85,"last_confirmed_landmark":"","age_ms":1089,"since":0,"dead_reckoned_mm":85,"candidate_mm":-1,"viable":[],"lostm":0,"lost_ms":0,"agree":298,"disagree":0,"losts":0,"auto":0}
2026-08-26T14:15:59-0700	ngr/loco/9950012/state/nav	{"event":"AGREE","state":"NORMAL","nav_state":"NORMAL","mm":84,"landmark":"","dir":"CCW","miss_streak":0,"obs":"S","expected":"S","peak":210,"ms":163,"drift":0,"dt":1124,"agree":299,"disagree":0,"lost":0,"scores":[0,0,0,0,0,0],"excluded":[false,false,false,false,false,false],"leader":null,"runner_up":null,"margin":0,"motor_dir":"FWD"}
2026-08-26T14:15:59-0700	ngr/loco/9950012/mm/marker	{"mm":84,"landmark":"","obs":"S","peak":210,"ms":163,"drift":0,"dt":1124,"timing_gate":"ACTIVE","dt_expected":1290,"dt_conserve_ratio":1.84,"pwm":91,"v":15.07}
2026-08-26T14:15:59-0700	ngr/loco/9950012/state/loopstat	{"loop_max_gap_ms":33,"hall_task_max_gap_ms":2,"hall_task_age_ms":1,"baseline":1806,"raw":1809,"delta":3,"queue_drops":0,"floor_rejects":0,"queue_high_water":1,"mqtt_connect_ms":771,"mqtt_attempts":1,"pub_drops":0,"pub_queue_hw":1,"cmd_drops":0,"pub_per_s":3,"marker_pub_drops":0,"marker_pub_hw":1,"nav":"NORMAL","mm":84,"miss_streak":0,"pwm":91,"lost_markers":0,"lost_ms":0,"motor_dir":"FWD"}
2026-08-26T14:15:59-0700	ngr/loco/9950012/state/start_mm	84
2026-08-26T14:15:59-0700	ngr/loco/9950012/alert	{"level":"CLEAR","reason":"STATUS","loco":"9950012","uptime_ms":609229,"nav":"NORMAL","moving":1,"pwm":91,"est_mm_s":266,"dir":"CCW","session_dir":"CCW","mdir":"FWD","rear":84,"front":79,"env":1510,"lc_mm":84,"last_confirmed_landmark":"","age_ms":965,"since":0,"dead_reckoned_mm":84,"candidate_mm":-1,"viable":[],"lostm":0,"lost_ms":0,"agree":299,"disagree":0,"losts":0,"auto":0}
2026-08-26T14:16:00-0700	ngr/loco/9950012/state/nav	{"event":"AGREE","state":"NORMAL","nav_state":"NORMAL","mm":83,"landmark":"","dir":"CCW","miss_streak":0,"obs":"N","expected":"N","peak":193,"ms":156,"drift":0,"dt":1086,"agree":300,"disagree":0,"lost":0,"scores":[0,0,0,0,0,0],"excluded":[false,false,false,false,false,false],"leader":null,"runner_up":null,"margin":0,"motor_dir":"FWD"}
2026-08-26T14:16:00-0700	ngr/loco/9950012/mm/marker	{"mm":83,"landmark":"","obs":"N","peak":193,"ms":156,"drift":0,"dt":1086,"timing_gate":"ACTIVE","dt_expected":1173,"dt_conserve_ratio":1.88,"pwm":91,"v":15.07}
2026-08-26T14:16:00-0700	ngr/loco/9950012/state/start_mm	83
2026-08-26T14:16:00-0700	ngr/loco/9950012/state/loopstat	{"loop_max_gap_ms":33,"hall_task_max_gap_ms":2,"hall_task_age_ms":1,"baseline":1806,"raw":1806,"delta":0,"queue_drops":0,"floor_rejects":0,"queue_high_water":1,"mqtt_connect_ms":771,"mqtt_attempts":1,"pub_drops":0,"pub_queue_hw":2,"cmd_drops":0,"pub_per_s":5,"marker_pub_drops":0,"marker_pub_hw":1,"nav":"NORMAL","mm":83,"miss_streak":0,"pwm":91,"lost_markers":0,"lost_ms":0,"motor_dir":"FWD"}
2026-08-26T14:16:00-0700	ngr/loco/9950012/telem/voltage	15.10
2026-08-26T14:16:00-0700	ngr/loco/9950012/telem/current	0.31
2026-08-26T14:16:00-0700	ngr/loco/9950012/telem/power	4.53
2026-08-26T14:16:00-0700	ngr/loco/9950012/alert	{"level":"CLEAR","reason":"STATUS","loco":"9950012","uptime_ms":610229,"nav":"NORMAL","moving":1,"pwm":91,"est_mm_s":276,"dir":"CCW","session_dir":"CCW","mdir":"FWD","rear":83,"front":78,"env":1510,"lc_mm":83,"last_confirmed_landmark":"","age_ms":879,"since":0,"dead_reckoned_mm":83,"candidate_mm":-1,"viable":[],"lostm":0,"lost_ms":0,"agree":300,"disagree":0,"losts":0,"auto":0}
2026-08-26T14:16:01-0700	ngr/loco/9950012/state/loopstat	{"loop_max_gap_ms":33,"hall_task_max_gap_ms":2,"hall_task_age_ms":1,"baseline":1806,"raw":1934,"delta":128,"queue_drops":0,"floor_rejects":0,"queue_high_water":0,"mqtt_connect_ms":771,"mqtt_attempts":1,"pub_drops":0,"pub_queue_hw":3,"cmd_drops":0,"pub_per_s":4,"marker_pub_drops":0,"marker_pub_hw":0,"nav":"NORMAL","mm":83,"miss_streak":0,"pwm":91,"lost_markers":0,"lost_ms":0,"motor_dir":"FWD"}
2026-08-26T14:16:01-0700	ngr/loco/9950012/state/nav	{"event":"AGREE","state":"NORMAL","nav_state":"NORMAL","mm":82,"landmark":"","dir":"CCW","miss_streak":0,"obs":"N","expected":"N","peak":190,"ms":155,"drift":0,"dt":1088,"agree":301,"disagree":0,"lost":0,"scores":[0,0,0,0,0,0],"excluded":[false,false,false,false,false,false],"leader":null,"runner_up":null,"margin":0,"motor_dir":"FWD"}
2026-08-26T14:16:01-0700	ngr/loco/9950012/mm/marker	{"mm":82,"landmark":"","obs":"N","peak":190,"ms":155,"drift":0,"dt":1088,"timing_gate":"ACTIVE","dt_expected":1173,"dt_conserve_ratio":1.85,"pwm":91,"v":15.10}
2026-08-26T14:16:01-0700	ngr/loco/9950012/alert	{"level":"CLEAR","reason":"STATUS","loco":"9950012","uptime_ms":611229,"nav":"NORMAL","moving":1,"pwm":91,"est_mm_s":280,"dir":"CCW","session_dir":"CCW","mdir":"FWD","rear":82,"front":77,"env":1505,"lc_mm":82,"last_confirmed_landmark":"","age_ms":791,"since":0,"dead_reckoned_mm":82,"candidate_mm":-1,"viable":[],"lostm":0,"lost_ms":0,"agree":301,"disagree":0,"losts":0,"auto":0}
2026-08-26T14:16:02-0700	ngr/loco/9950012/state/start_mm	82
2026-08-26T14:16:02-0700	ngr/loco/9950012/state/loopstat	{"loop_max_gap_ms":33,"hall_task_max_gap_ms":3,"hall_task_age_ms":1,"baseline":1806,"raw":1988,"delta":182,"queue_drops":0,"floor_rejects":0,"queue_high_water":1,"mqtt_connect_ms":771,"mqtt_attempts":1,"pub_drops":0,"pub_queue_hw":1,"cmd_drops":0,"pub_per_s":4,"marker_pub_drops":0,"marker_pub_hw":1,"nav":"NORMAL","mm":82,"miss_streak":0,"pwm":91,"lost_markers":0,"lost_ms":0,"motor_dir":"FWD"}
2026-08-26T14:16:02-0700	ngr/loco/9950012/state/nav	{"event":"AGREE","state":"NORMAL","nav_state":"NORMAL","mm":81,"landmark":"","dir":"CCW","miss_streak":0,"obs":"N","expected":"N","peak":204,"ms":156,"drift":0,"dt":1049,"agree":302,"disagree":0,"lost":0,"scores":[0,0,0,0,0,0],"excluded":[false,false,false,false,false,false],"leader":null,"runner_up":null,"margin":0,"motor_dir":"FWD"}
2026-08-26T14:16:02-0700	ngr/loco/9950012/mm/marker	{"mm":81,"landmark":"","obs":"N","peak":204,"ms":156,"drift":0,"dt":1049,"timing_gate":"ACTIVE","dt_expected":1192,"dt_conserve_ratio":1.79,"pwm":91,"v":15.10}
2026-08-26T14:16:02-0700	ngr/loco/9950012/alert	{"level":"CLEAR","reason":"STATUS","loco":"9950012","uptime_ms":612229,"nav":"NORMAL","moving":1,"pwm":91,"est_mm_s":285,"dir":"CCW","session_dir":"CCW","mdir":"FWD","rear":81,"front":76,"env":1505,"lc_mm":81,"last_confirmed_landmark":"","age_ms":742,"since":0,"dead_reckoned_mm":81,"candidate_mm":-1,"viable":[],"lostm":0,"lost_ms":0,"agree":302,"disagree":0,"losts":0,"auto":0}
2026-08-26T14:16:03-0700	ngr/loco/9950012/state/start_mm	81
2026-08-26T14:16:03-0700	ngr/loco/9950012/state/loopstat	{"loop_max_gap_ms":33,"hall_task_max_gap_ms":2,"hall_task_age_ms":1,"baseline":1806,"raw":1845,"delta":39,"queue_drops":0,"floor_rejects":0,"queue_high_water":1,"mqtt_connect_ms":771,"mqtt_attempts":1,"pub_drops":0,"pub_queue_hw":1,"cmd_drops":0,"pub_per_s":4,"marker_pub_drops":0,"marker_pub_hw":1,"nav":"NORMAL","mm":81,"miss_streak":0,"pwm":91,"lost_markers":0,"lost_ms":0,"motor_dir":"FWD"}
2026-08-26T14:16:03-0700	ngr/loco/9950012/state/nav	{"event":"AGREE","state":"NORMAL","nav_state":"NORMAL","mm":80,"landmark":"","dir":"CCW","miss_streak":0,"obs":"N","expected":"N","peak":184,"ms":148,"drift":0,"dt":1041,"agree":303,"disagree":0,"lost":0,"scores":[0,0,0,0,0,0],"excluded":[false,false,false,false,false,false],"leader":null,"runner_up":null,"margin":0,"motor_dir":"FWD"}
2026-08-26T14:16:03-0700	ngr/loco/9950012/mm/marker	{"mm":80,"landmark":"","obs":"N","peak":184,"ms":148,"drift":0,"dt":1041,"timing_gate":"ACTIVE","dt_expected":1173,"dt_conserve_ratio":1.78,"pwm":91,"v":15.10}
2026-08-26T14:16:03-0700	ngr/loco/9950012/alert	{"level":"CLEAR","reason":"STATUS","loco":"9950012","uptime_ms":613229,"nav":"NORMAL","moving":1,"pwm":91,"est_mm_s":288,"dir":"CCW","session_dir":"CCW","mdir":"FWD","rear":80,"front":75,"env":1505,"lc_mm":80,"last_confirmed_landmark":"","age_ms":701,"since":0,"dead_reckoned_mm":80,"candidate_mm":-1,"viable":[],"lostm":0,"lost_ms":0,"agree":303,"disagree":0,"losts":0,"auto":0}
2026-08-26T14:16:04-0700	ngr/loco/9950012/state/start_mm	80
2026-08-26T14:16:04-0700	ngr/loco/9950012/state/loopstat	{"loop_max_gap_ms":34,"hall_task_max_gap_ms":3,"hall_task_age_ms":1,"baseline":1806,"raw":1820,"delta":14,"queue_drops":0,"floor_rejects":0,"queue_high_water":1,"mqtt_connect_ms":771,"mqtt_attempts":1,"pub_drops":0,"pub_queue_hw":1,"cmd_drops":0,"pub_per_s":4,"marker_pub_drops":0,"marker_pub_hw":1,"nav":"NORMAL","mm":80,"miss_streak":0,"pwm":91,"lost_markers":0,"lost_ms":0,"motor_dir":"FWD"}
2026-08-26T14:16:04-0700	ngr/loco/9950012/state/nav	{"event":"AGREE","state":"NORMAL","nav_state":"NORMAL","mm":79,"landmark":"","dir":"CCW","miss_streak":0,"obs":"S","expected":"S","peak":217,"ms":146,"drift":0,"dt":1042,"agree":304,"disagree":0,"lost":0,"scores":[0,0,0,0,0,0],"excluded":[false,false,false,false,false,false],"leader":null,"runner_up":null,"margin":0,"motor_dir":"FWD"}
2026-08-26T14:16:04-0700	ngr/loco/9950012/mm/marker	{"mm":79,"landmark":"","obs":"S","peak":217,"ms":146,"drift":0,"dt":1042,"timing_gate":"ACTIVE","dt_expected":1173,"dt_conserve_ratio":1.78,"pwm":91,"v":15.10}
2026-08-26T14:16:04-0700	ngr/loco/9950012/alert	{"level":"CLEAR","reason":"STATUS","loco":"9950012","uptime_ms":614229,"nav":"NORMAL","moving":1,"pwm":91,"est_mm_s":292,"dir":"CCW","session_dir":"CCW","mdir":"FWD","rear":79,"front":74,"env":1500,"lc_mm":79,"last_confirmed_landmark":"","age_ms":659,"since":0,"dead_reckoned_mm":79,"candidate_mm":-1,"viable":[],"lostm":0,"lost_ms":0,"agree":304,"disagree":0,"losts":0,"auto":0}
2026-08-26T14:16:05-0700	ngr/loco/9950012/state/start_mm	79
2026-08-26T14:16:05-0700	ngr/loco/9950012/state/loopstat	{"loop_max_gap_ms":34,"hall_task_max_gap_ms":2,"hall_task_age_ms":1,"baseline":1806,"raw":1792,"delta":-14,"queue_drops":0,"floor_rejects":0,"queue_high_water":1,"mqtt_connect_ms":771,"mqtt_attempts":1,"pub_drops":0,"pub_queue_hw":1,"cmd_drops":0,"pub_per_s":4,"marker_pub_drops":0,"marker_pub_hw":1,"nav":"NORMAL","mm":79,"miss_streak":0,"pwm":91,"lost_markers":0,"lost_ms":0,"motor_dir":"FWD"}
2026-08-26T14:16:05-0700	ngr/loco/9950012/state/nav	{"event":"AGREE","state":"NORMAL","nav_state":"NORMAL","mm":78,"landmark":"","dir":"CCW","miss_streak":0,"obs":"N","expected":"N","peak":176,"ms":140,"drift":0,"dt":1002,"agree":305,"disagree":0,"lost":0,"scores":[0,0,0,0,0,0],"excluded":[false,false,false,false,false,false],"leader":null,"runner_up":null,"margin":0,"motor_dir":"FWD"}
2026-08-26T14:16:05-0700	ngr/loco/9950012/mm/marker	{"mm":78,"landmark":"","obs":"N","peak":176,"ms":140,"drift":0,"dt":1002,"timing_gate":"ACTIVE","dt_expected":1192,"dt_conserve_ratio":1.71,"pwm":91,"v":15.10}
2026-08-26T14:16:05-0700	ngr/loco/9950012/telem/voltage	15.09
2026-08-26T14:16:05-0700	ngr/loco/9950012/telem/current	0.34
2026-08-26T14:16:05-0700	ngr/loco/9950012/telem/power	5.13
2026-08-26T14:16:05-0700	ngr/loco/9950012/alert	{"level":"CLEAR","reason":"STATUS","loco":"9950012","uptime_ms":615229,"nav":"NORMAL","moving":1,"pwm":91,"est_mm_s":299,"dir":"CCW","session_dir":"CCW","mdir":"FWD","rear":78,"front":73,"env":1500,"lc_mm":78,"last_confirmed_landmark":"","age_ms":657,"since":0,"dead_reckoned_mm":78,"candidate_mm":-1,"viable":[],"lostm":0,"lost_ms":0,"agree":305,"disagree":0,"losts":0,"auto":0}
2026-08-26T14:16:06-0700	ngr/loco/9950012/state/start_mm	78
2026-08-26T14:16:06-0700	ngr/loco/9950012/state/loopstat	{"loop_max_gap_ms":34,"hall_task_max_gap_ms":3,"hall_task_age_ms":1,"baseline":1806,"raw":1795,"delta":-11,"queue_drops":0,"floor_rejects":0,"queue_high_water":1,"mqtt_connect_ms":771,"mqtt_attempts":1,"pub_drops":0,"pub_queue_hw":3,"cmd_drops":0,"pub_per_s":7,"marker_pub_drops":0,"marker_pub_hw":1,"nav":"NORMAL","mm":78,"miss_streak":0,"pwm":91,"lost_markers":0,"lost_ms":0,"motor_dir":"FWD"}
2026-08-26T14:16:06-0700	ngr/loco/9950012/state/nav	{"event":"AGREE","state":"NORMAL","nav_state":"NORMAL","mm":77,"landmark":"","dir":"CCW","miss_streak":0,"obs":"N","expected":"N","peak":157,"ms":138,"drift":0,"dt":1019,"agree":306,"disagree":0,"lost":0,"scores":[0,0,0,0,0,0],"excluded":[false,false,false,false,false,false],"leader":null,"runner_up":null,"margin":0,"motor_dir":"FWD"}
2026-08-26T14:16:06-0700	ngr/loco/9950012/mm/marker	{"mm":77,"landmark":"","obs":"N","peak":157,"ms":138,"drift":0,"dt":1019,"timing_gate":"ACTIVE","dt_expected":1173,"dt_conserve_ratio":1.72,"pwm":91,"v":15.09}
2026-08-26T14:16:06-0700	ngr/loco/9950012/alert	{"level":"CLEAR","reason":"STATUS","loco":"9950012","uptime_ms":616229,"nav":"NORMAL","moving":1,"pwm":91,"est_mm_s":294,"dir":"CCW","session_dir":"CCW","mdir":"FWD","rear":77,"front":72,"env":1500,"lc_mm":77,"last_confirmed_landmark":"","age_ms":638,"since":0,"dead_reckoned_mm":77,"candidate_mm":-1,"viable":[],"lostm":0,"lost_ms":0,"agree":306,"disagree":0,"losts":0,"auto":0}
2026-08-26T14:16:07-0700	ngr/loco/9950012/state/start_mm	77
2026-08-26T14:16:07-0700	ngr/loco/9950012/state/loopstat	{"loop_max_gap_ms":34,"hall_task_max_gap_ms":3,"hall_task_age_ms":1,"baseline":1806,"raw":1795,"delta":-11,"queue_drops":0,"floor_rejects":0,"queue_high_water":1,"mqtt_connect_ms":771,"mqtt_attempts":1,"pub_drops":0,"pub_queue_hw":1,"cmd_drops":0,"pub_per_s":4,"marker_pub_drops":0,"marker_pub_hw":1,"nav":"NORMAL","mm":77,"miss_streak":0,"pwm":91,"lost_markers":0,"lost_ms":0,"motor_dir":"FWD"}
2026-08-26T14:16:07-0700	ngr/loco/9950012/state/nav	{"event":"AGREE","state":"NORMAL","nav_state":"NORMAL","mm":76,"landmark":"","dir":"CCW","miss_streak":0,"obs":"N","expected":"N","peak":161,"ms":143,"drift":0,"dt":982,"agree":307,"disagree":0,"lost":0,"scores":[0,0,0,0,0,0],"excluded":[false,false,false,false,false,false],"leader":null,"runner_up":null,"margin":0,"motor_dir":"FWD"}
2026-08-26T14:16:07-0700	ngr/loco/9950012/mm/marker	{"mm":76,"landmark":"","obs":"N","peak":161,"ms":143,"drift":0,"dt":982,"timing_gate":"ACTIVE","dt_expected":1173,"dt_conserve_ratio":1.71,"pwm":91,"v":15.09}
2026-08-26T14:16:07-0700	ngr/loco/9950012/alert	{"level":"CLEAR","reason":"STATUS","loco":"9950012","uptime_ms":617229,"nav":"NORMAL","moving":1,"pwm":91,"est_mm_s":305,"dir":"CCW","session_dir":"CCW","mdir":"FWD","rear":76,"front":71,"env":1495,"lc_mm":76,"last_confirmed_landmark":"","age_ms":656,"since":0,"dead_reckoned_mm":76,"candidate_mm":-1,"viable":[],"lostm":0,"lost_ms":0,"agree":307,"disagree":0,"losts":0,"auto":0}
2026-08-26T14:16:08-0700	ngr/loco/9950012/state/start_mm	76
2026-08-26T14:16:08-0700	ngr/loco/9950012/state/loopstat	{"loop_max_gap_ms":34,"hall_task_max_gap_ms":2,"hall_task_age_ms":1,"baseline":1806,"raw":1820,"delta":14,"queue_drops":0,"floor_rejects":0,"queue_high_water":1,"mqtt_connect_ms":771,"mqtt_attempts":1,"pub_drops":0,"pub_queue_hw":1,"cmd_drops":0,"pub_per_s":4,"marker_pub_drops":0,"marker_pub_hw":1,"nav":"NORMAL","mm":76,"miss_streak":0,"pwm":91,"lost_markers":0,"lost_ms":0,"motor_dir":"FWD"}
2026-08-26T14:16:08-0700	ngr/loco/9950012/state/nav	{"event":"AGREE","state":"NORMAL","nav_state":"NORMAL","mm":75,"landmark":"","dir":"CCW","miss_streak":0,"obs":"S","expected":"S","peak":170,"ms":139,"drift":0,"dt":1008,"agree":308,"disagree":0,"lost":0,"scores":[0,0,0,0,0,0],"excluded":[false,false,false,false,false,false],"leader":null,"runner_up":null,"margin":0,"motor_dir":"FWD"}
2026-08-26T14:16:08-0700	ngr/loco/9950012/mm/marker	{"mm":75,"landmark":"","obs":"S","peak":170,"ms":139,"drift":0,"dt":1008,"timing_gate":"ACTIVE","dt_expected":1173,"dt_conserve_ratio":1.70,"pwm":91,"v":15.09}
2026-08-26T14:16:08-0700	ngr/loco/9950012/alert	{"level":"CLEAR","reason":"STATUS","loco":"9950012","uptime_ms":618229,"nav":"NORMAL","moving":1,"pwm":91,"est_mm_s":297,"dir":"CCW","session_dir":"CCW","mdir":"FWD","rear":75,"front":70,"env":1490,"lc_mm":75,"last_confirmed_landmark":"","age_ms":648,"since":0,"dead_reckoned_mm":75,"candidate_mm":-1,"viable":[],"lostm":0,"lost_ms":0,"agree":308,"disagree":0,"losts":0,"auto":0}
2026-08-26T14:16:09-0700	ngr/loco/9950012/state/start_mm	75
2026-08-26T14:16:09-0700	ngr/loco/9950012/state/loopstat	{"loop_max_gap_ms":34,"hall_task_max_gap_ms":2,"hall_task_age_ms":1,"baseline":1806,"raw":1796,"delta":-10,"queue_drops":0,"floor_rejects":0,"queue_high_water":1,"mqtt_connect_ms":771,"mqtt_attempts":1,"pub_drops":0,"pub_queue_hw":1,"cmd_drops":0,"pub_per_s":4,"marker_pub_drops":0,"marker_pub_hw":1,"nav":"NORMAL","mm":75,"miss_streak":0,"pwm":91,"lost_markers":0,"lost_ms":0,"motor_dir":"FWD"}
2026-08-26T14:16:09-0700	ngr/loco/9950012/state/nav	{"event":"AGREE","state":"NORMAL","nav_state":"NORMAL","mm":74,"landmark":"","dir":"CCW","miss_streak":0,"obs":"N","expected":"N","peak":168,"ms":140,"drift":0,"dt":978,"agree":309,"disagree":0,"lost":0,"scores":[0,0,0,0,0,0],"excluded":[false,false,false,false,false,false],"leader":null,"runner_up":null,"margin":0,"motor_dir":"FWD"}
2026-08-26T14:16:09-0700	ngr/loco/9950012/mm/marker	{"mm":74,"landmark":"","obs":"N","peak":168,"ms":140,"drift":0,"dt":978,"timing_gate":"ACTIVE","dt_expected":1173,"dt_conserve_ratio":1.69,"pwm":91,"v":15.09}
2026-08-26T14:16:09-0700	ngr/loco/9950012/alert	{"level":"CLEAR","reason":"STATUS","loco":"9950012","uptime_ms":619229,"nav":"NORMAL","moving":1,"pwm":91,"est_mm_s":306,"dir":"CCW","session_dir":"CCW","mdir":"FWD","rear":74,"front":69,"env":1490,"lc_mm":74,"last_confirmed_landmark":"","age_ms":670,"since":0,"dead_reckoned_mm":74,"candidate_mm":-1,"viable":[],"lostm":0,"lost_ms":0,"agree":309,"disagree":0,"losts":0,"auto":0}
2026-08-26T14:16:10-0700	ngr/loco/9950012/state/start_mm	74
2026-08-26T14:16:10-0700	ngr/loco/9950012/state/loopstat	{"loop_max_gap_ms":34,"hall_task_max_gap_ms":2,"hall_task_age_ms":1,"baseline":1806,"raw":1793,"delta":-13,"queue_drops":0,"floor_rejects":0,"queue_high_water":1,"mqtt_connect_ms":771,"mqtt_attempts":1,"pub_drops":0,"pub_queue_hw":1,"cmd_drops":0,"pub_per_s":4,"marker_pub_drops":0,"marker_pub_hw":1,"nav":"NORMAL","mm":74,"miss_streak":0,"pwm":91,"lost_markers":0,"lost_ms":0,"motor_dir":"FWD"}
2026-08-26T14:16:10-0700	ngr/loco/9950012/state/nav	{"event":"AGREE","state":"NORMAL","nav_state":"NORMAL","mm":73,"landmark":"","dir":"CCW","miss_streak":0,"obs":"N","expected":"N","peak":163,"ms":141,"drift":0,"dt":1052,"agree":310,"disagree":0,"lost":0,"scores":[0,0,0,0,0,0],"excluded":[false,false,false,false,false,false],"leader":null,"runner_up":null,"margin":0,"motor_dir":"FWD"}
2026-08-26T14:16:10-0700	ngr/loco/9950012/mm/marker	{"mm":73,"landmark":"","obs":"N","peak":163,"ms":141,"drift":0,"dt":1052,"timing_gate":"ACTIVE","dt_expected":1173,"dt_conserve_ratio":1.73,"pwm":91,"v":15.09}
2026-08-26T14:16:10-0700	ngr/loco/9950012/telem/voltage	15.08
2026-08-26T14:16:10-0700	ngr/loco/9950012/telem/current	0.34
2026-08-26T14:16:10-0700	ngr/loco/9950012/telem/power	5.18
2026-08-26T14:16:10-0700	ngr/loco/9950012/alert	{"level":"CLEAR","reason":"STATUS","loco":"9950012","uptime_ms":620229,"nav":"NORMAL","moving":1,"pwm":91,"est_mm_s":285,"dir":"CCW","session_dir":"CCW","mdir":"FWD","rear":73,"front":68,"env":1490,"lc_mm":73,"last_confirmed_landmark":"","age_ms":618,"since":0,"dead_reckoned_mm":73,"candidate_mm":-1,"viable":[],"lostm":0,"lost_ms":0,"agree":310,"disagree":0,"losts":0,"auto":0}
2026-08-26T14:16:11-0700	ngr/loco/9950012/state/start_mm	73
2026-08-26T14:16:11-0700	ngr/loco/9950012/state/loopstat	{"loop_max_gap_ms":33,"hall_task_max_gap_ms":2,"hall_task_age_ms":1,"baseline":1806,"raw":1809,"delta":3,"queue_drops":0,"floor_rejects":0,"queue_high_water":1,"mqtt_connect_ms":771,"mqtt_attempts":1,"pub_drops":0,"pub_queue_hw":3,"cmd_drops":0,"pub_per_s":7,"marker_pub_drops":0,"marker_pub_hw":1,"nav":"NORMAL","mm":73,"miss_streak":0,"pwm":91,"lost_markers":0,"lost_ms":0,"motor_dir":"FWD"}
2026-08-26T14:16:11-0700	ngr/loco/9950012/state/nav	{"event":"AGREE","state":"NORMAL","nav_state":"NORMAL","mm":72,"landmark":"Westpoint","dir":"CCW","miss_streak":0,"obs":"S","expected":"S","peak":160,"ms":161,"drift":0,"dt":1085,"agree":311,"disagree":0,"lost":0,"scores":[0,0,0,0,0,0],"excluded":[false,false,false,false,false,false],"leader":null,"runner_up":null,"margin":0,"motor_dir":"FWD"}
2026-08-26T14:16:11-0700	ngr/loco/9950012/mm/marker	{"mm":72,"landmark":"Westpoint","obs":"S","peak":160,"ms":161,"drift":0,"dt":1085,"timing_gate":"ACTIVE","dt_expected":1173,"dt_conserve_ratio":1.82,"pwm":91,"v":15.08}
2026-08-26T14:16:11-0700	ngr/loco/9950012/alert	{"level":"CLEAR","reason":"STATUS","loco":"9950012","uptime_ms":621229,"nav":"NORMAL","moving":1,"pwm":91,"est_mm_s":276,"dir":"CCW","session_dir":"CCW","mdir":"FWD","rear":72,"front":67,"env":1495,"lc_mm":72,"last_confirmed_landmark":"Westpoint","age_ms":533,"since":0,"dead_reckoned_mm":72,"candidate_mm":-1,"viable":[],"lostm":0,"lost_ms":0,"agree":311,"disagree":0,"losts":0,"auto":0}
2026-08-26T14:16:12-0700	ngr/loco/9950012/state/start_mm	72
2026-08-26T14:16:12-0700	ngr/loco/9950012/state/loopstat	{"loop_max_gap_ms":34,"hall_task_max_gap_ms":2,"hall_task_age_ms":1,"baseline":1806,"raw":1804,"delta":-2,"queue_drops":0,"floor_rejects":0,"queue_high_water":1,"mqtt_connect_ms":771,"mqtt_attempts":1,"pub_drops":0,"pub_queue_hw":1,"cmd_drops":0,"pub_per_s":4,"marker_pub_drops":0,"marker_pub_hw":1,"nav":"NORMAL","mm":72,"miss_streak":0,"pwm":91,"lost_markers":0,"lost_ms":0,"motor_dir":"FWD"}
2026-08-26T14:16:12-0700	ngr/loco/9950012/state/nav	{"event":"AGREE","state":"NORMAL","nav_state":"NORMAL","mm":71,"landmark":"","dir":"CCW","miss_streak":0,"obs":"N","expected":"N","peak":150,"ms":153,"drift":0,"dt":1026,"agree":312,"disagree":0,"lost":0,"scores":[0,0,0,0,0,0],"excluded":[false,false,false,false,false,false],"leader":null,"runner_up":null,"margin":0,"motor_dir":"FWD"}
2026-08-26T14:16:12-0700	ngr/loco/9950012/mm/marker	{"mm":71,"landmark":"","obs":"N","peak":150,"ms":153,"drift":0,"dt":1026,"timing_gate":"ACTIVE","dt_expected":1173,"dt_conserve_ratio":1.80,"pwm":91,"v":15.08}
2026-08-26T14:16:12-0700	ngr/loco/9950012/alert	{"level":"CLEAR","reason":"STATUS","loco":"9950012","uptime_ms":622229,"nav":"NORMAL","moving":1,"pwm":91,"est_mm_s":287,"dir":"CCW","session_dir":"CCW","mdir":"FWD","rear":71,"front":66,"env":1500,"lc_mm":71,"last_confirmed_landmark":"","age_ms":507,"since":0,"dead_reckoned_mm":71,"candidate_mm":-1,"viable":[],"lostm":0,"lost_ms":0,"agree":312,"disagree":0,"losts":0,"auto":0}
2026-08-26T14:16:13-0700	ngr/loco/9950012/state/start_mm	71
2026-08-26T14:16:13-0700	ngr/loco/9950012/state/loopstat	{"loop_max_gap_ms":34,"hall_task_max_gap_ms":3,"hall_task_age_ms":1,"baseline":1806,"raw":1808,"delta":2,"queue_drops":0,"floor_rejects":0,"queue_high_water":1,"mqtt_connect_ms":771,"mqtt_attempts":1,"pub_drops":0,"pub_queue_hw":1,"cmd_drops":0,"pub_per_s":4,"marker_pub_drops":0,"marker_pub_hw":1,"nav":"NORMAL","mm":71,"miss_streak":0,"pwm":91,"lost_markers":0,"lost_ms":0,"motor_dir":"FWD"}
2026-08-26T14:16:13-0700	ngr/loco/9950012/state/nav	{"event":"AGREE","state":"NORMAL","nav_state":"NORMAL","mm":70,"landmark":"","dir":"CCW","miss_streak":0,"obs":"S","expected":"S","peak":167,"ms":133,"drift":0,"dt":975,"agree":313,"disagree":0,"lost":0,"scores":[0,0,0,0,0,0],"excluded":[false,false,false,false,false,false],"leader":null,"runner_up":null,"margin":0,"motor_dir":"FWD"}
2026-08-26T14:16:13-0700	ngr/loco/9950012/mm/marker	{"mm":70,"landmark":"","obs":"S","peak":167,"ms":133,"drift":0,"dt":975,"timing_gate":"ACTIVE","dt_expected":1153,"dt_conserve_ratio":1.73,"pwm":91,"v":15.08}
2026-08-26T14:16:13-0700	ngr/loco/9950012/alert	{"level":"CLEAR","reason":"STATUS","loco":"9950012","uptime_ms":623229,"nav":"NORMAL","moving":1,"pwm":91,"est_mm_s":302,"dir":"CCW","session_dir":"CCW","mdir":"FWD","rear":70,"front":65,"env":1510,"lc_mm":70,"last_confirmed_landmark":"","age_ms":532,"since":0,"dead_reckoned_mm":70,"candidate_mm":-1,"viable":[],"lostm":0,"lost_ms":0,"agree":313,"disagree":0,"losts":0,"auto":0}
2026-08-26T14:16:14-0700	ngr/loco/9950012/state/start_mm	70
2026-08-26T14:16:14-0700	ngr/loco/9950012/state/loopstat	{"loop_max_gap_ms":34,"hall_task_max_gap_ms":3,"hall_task_age_ms":1,"baseline":1806,"raw":1801,"delta":-5,"queue_drops":0,"floor_rejects":0,"queue_high_water":1,"mqtt_connect_ms":771,"mqtt_attempts":1,"pub_drops":0,"pub_queue_hw":1,"cmd_drops":0,"pub_per_s":4,"marker_pub_drops":0,"marker_pub_hw":1,"nav":"NORMAL","mm":70,"miss_streak":0,"pwm":91,"lost_markers":0,"lost_ms":0,"motor_dir":"FWD"}
2026-08-26T14:16:14-0700	ngr/loco/9950012/state/nav	{"event":"AGREE","state":"NORMAL","nav_state":"NORMAL","mm":69,"landmark":"","dir":"CCW","miss_streak":0,"obs":"N","expected":"N","peak":157,"ms":146,"drift":0,"dt":990,"agree":314,"disagree":0,"lost":0,"scores":[0,0,0,0,0,0],"excluded":[false,false,false,false,false,false],"leader":null,"runner_up":null,"margin":0,"motor_dir":"FWD"}
2026-08-26T14:16:14-0700	ngr/loco/9950012/mm/marker	{"mm":69,"landmark":"","obs":"N","peak":157,"ms":146,"drift":0,"dt":990,"timing_gate":"ACTIVE","dt_expected":1153,"dt_conserve_ratio":1.70,"pwm":91,"v":15.08}
2026-08-26T14:16:14-0700	ngr/loco/9950012/alert	{"level":"CLEAR","reason":"STATUS","loco":"9950012","uptime_ms":624229,"nav":"NORMAL","moving":1,"pwm":91,"est_mm_s":303,"dir":"CCW","session_dir":"CCW","mdir":"FWD","rear":69,"front":64,"env":1525,"lc_mm":69,"last_confirmed_landmark":"","age_ms":542,"since":0,"dead_reckoned_mm":69,"candidate_mm":-1,"viable":[],"lostm":0,"lost_ms":0,"agree":314,"disagree":0,"losts":0,"auto":0}
2026-08-26T14:16:15-0700	ngr/loco/9950012/state/loopstat	{"loop_max_gap_ms":34,"hall_task_max_gap_ms":4,"hall_task_age_ms":1,"baseline":1806,"raw":1809,"delta":3,"queue_drops":0,"floor_rejects":0,"queue_high_water":1,"mqtt_connect_ms":771,"mqtt_attempts":1,"pub_drops":0,"pub_queue_hw":1,"cmd_drops":0,"pub_per_s":3,"marker_pub_drops":0,"marker_pub_hw":1,"nav":"NORMAL","mm":69,"miss_streak":0,"pwm":91,"lost_markers":0,"lost_ms":0,"motor_dir":"FWD"}
2026-08-26T14:16:15-0700	ngr/loco/9950012/state/start_mm	69
2026-08-26T14:16:15-0700	ngr/loco/9950012/state/nav	{"event":"AGREE","state":"NORMAL","nav_state":"NORMAL","mm":68,"landmark":"","dir":"CCW","miss_streak":0,"obs":"S","expected":"S","peak":173,"ms":145,"drift":0,"dt":1048,"agree":315,"disagree":0,"lost":0,"scores":[0,0,0,0,0,0],"excluded":[false,false,false,false,false,false],"leader":null,"runner_up":null,"margin":0,"motor_dir":"FWD"}
2026-08-26T14:16:15-0700	ngr/loco/9950012/mm/marker	{"mm":68,"landmark":"","obs":"S","peak":173,"ms":145,"drift":0,"dt":1048,"timing_gate":"ACTIVE","dt_expected":1173,"dt_conserve_ratio":1.74,"pwm":91,"v":15.08}
2026-08-26T14:16:15-0700	ngr/loco/9950012/telem/voltage	15.07
2026-08-26T14:16:15-0700	ngr/loco/9950012/telem/current	0.34
2026-08-26T14:16:15-0700	ngr/loco/9950012/telem/power	5.30
2026-08-26T14:16:15-0700	ngr/loco/9950012/alert	{"level":"CLEAR","reason":"STATUS","loco":"9950012","uptime_ms":625229,"nav":"NORMAL","moving":1,"pwm":91,"est_mm_s":286,"dir":"CCW","session_dir":"CCW","mdir":"FWD","rear":68,"front":63,"env":1550,"lc_mm":68,"last_confirmed_landmark":"","age_ms":494,"since":0,"dead_reckoned_mm":68,"candidate_mm":-1,"viable":[],"lostm":0,"lost_ms":0,"agree":315,"disagree":0,"losts":0,"auto":0}
2026-08-26T14:16:16-0700	ngr/loco/9950012/state/start_mm	68
2026-08-26T14:16:16-0700	ngr/loco/9950012/state/loopstat	{"loop_max_gap_ms":33,"hall_task_max_gap_ms":3,"hall_task_age_ms":1,"baseline":1806,"raw":1808,"delta":2,"queue_drops":0,"floor_rejects":0,"queue_high_water":1,"mqtt_connect_ms":771,"mqtt_attempts":1,"pub_drops":0,"pub_queue_hw":3,"cmd_drops":0,"pub_per_s":8,"marker_pub_drops":0,"marker_pub_hw":1,"nav":"NORMAL","mm":68,"miss_streak":0,"pwm":91,"lost_markers":0,"lost_ms":0,"motor_dir":"FWD"}
2026-08-26T14:16:16-0700	ngr/loco/9950012/state/nav	{"event":"AGREE","state":"NORMAL","nav_state":"NORMAL","mm":67,"landmark":"","dir":"CCW","miss_streak":0,"obs":"S","expected":"S","peak":151,"ms":149,"drift":0,"dt":1070,"agree":316,"disagree":0,"lost":0,"scores":[0,0,0,0,0,0],"excluded":[false,false,false,false,false,false],"leader":null,"runner_up":null,"margin":0,"motor_dir":"FWD"}
2026-08-26T14:16:16-0700	ngr/loco/9950012/mm/marker	{"mm":67,"landmark":"","obs":"S","peak":151,"ms":149,"drift":0,"dt":1070,"timing_gate":"ACTIVE","dt_expected":1173,"dt_conserve_ratio":1.81,"pwm":91,"v":15.07}
2026-08-26T14:16:16-0700	ngr/loco/9950012/alert	{"level":"CLEAR","reason":"STATUS","loco":"9950012","uptime_ms":626229,"nav":"NORMAL","moving":1,"pwm":91,"est_mm_s":285,"dir":"CCW","session_dir":"CCW","mdir":"FWD","rear":67,"front":62,"env":1560,"lc_mm":67,"last_confirmed_landmark":"","age_ms":424,"since":0,"dead_reckoned_mm":67,"candidate_mm":-1,"viable":[],"lostm":0,"lost_ms":0,"agree":316,"disagree":0,"losts":0,"auto":0}
2026-08-26T14:16:17-0700	ngr/loco/9950012/state/start_mm	67
2026-08-26T14:16:17-0700	ngr/loco/9950012/state/loopstat	{"loop_max_gap_ms":34,"hall_task_max_gap_ms":2,"hall_task_age_ms":1,"baseline":1806,"raw":1807,"delta":1,"queue_drops":0,"floor_rejects":0,"queue_high_water":1,"mqtt_connect_ms":771,"mqtt_attempts":1,"pub_drops":0,"pub_queue_hw":1,"cmd_drops":0,"pub_per_s":4,"marker_pub_drops":0,"marker_pub_hw":1,"nav":"NORMAL","mm":67,"miss_streak":0,"pwm":91,"lost_markers":0,"lost_ms":0,"motor_dir":"FWD"}
2026-08-26T14:16:17-0700	ngr/loco/9950012/state/nav	{"event":"AGREE","state":"NORMAL","nav_state":"NORMAL","mm":66,"landmark":"","dir":"CCW","miss_streak":0,"obs":"N","expected":"N","peak":179,"ms":145,"drift":0,"dt":1076,"agree":317,"disagree":0,"lost":0,"scores":[0,0,0,0,0,0],"excluded":[false,false,false,false,false,false],"leader":null,"runner_up":null,"margin":0,"motor_dir":"FWD"}
2026-08-26T14:16:17-0700	ngr/loco/9950012/mm/marker	{"mm":66,"landmark":"","obs":"N","peak":179,"ms":145,"drift":0,"dt":1076,"timing_gate":"ACTIVE","dt_expected":1192,"dt_conserve_ratio":1.80,"pwm":91,"v":15.07}
2026-08-26T14:16:17-0700	ngr/loco/9950012/alert	{"level":"CLEAR","reason":"STATUS","loco":"9950012","uptime_ms":627229,"nav":"NORMAL","moving":1,"pwm":91,"est_mm_s":278,"dir":"CCW","session_dir":"CCW","mdir":"FWD","rear":66,"front":61,"env":1580,"lc_mm":66,"last_confirmed_landmark":"","age_ms":348,"since":0,"dead_reckoned_mm":66,"candidate_mm":-1,"viable":[],"lostm":0,"lost_ms":0,"agree":317,"disagree":0,"losts":0,"auto":0}
2026-08-26T14:16:18-0700	ngr/loco/9950012/state/loopstat	{"loop_max_gap_ms":34,"hall_task_max_gap_ms":3,"hall_task_age_ms":1,"baseline":1806,"raw":1806,"delta":0,"queue_drops":0,"floor_rejects":0,"queue_high_water":1,"mqtt_connect_ms":771,"mqtt_attempts":1,"pub_drops":0,"pub_queue_hw":1,"cmd_drops":0,"pub_per_s":3,"marker_pub_drops":0,"marker_pub_hw":1,"nav":"NORMAL","mm":66,"miss_streak":0,"pwm":91,"lost_markers":0,"lost_ms":0,"motor_dir":"FWD"}
2026-08-26T14:16:18-0700	ngr/loco/9950012/state/start_mm	66
2026-08-26T14:16:18-0700	ngr/loco/9950012/state/nav	{"event":"AGREE","state":"NORMAL","nav_state":"NORMAL","mm":65,"landmark":"","dir":"CCW","miss_streak":0,"obs":"N","expected":"N","peak":158,"ms":147,"drift":0,"dt":1067,"agree":318,"disagree":0,"lost":0,"scores":[0,0,0,0,0,0],"excluded":[false,false,false,false,false,false],"leader":null,"runner_up":null,"margin":0,"motor_dir":"FWD"}
2026-08-26T14:16:18-0700	ngr/loco/9950012/mm/marker	{"mm":65,"landmark":"","obs":"N","peak":158,"ms":147,"drift":0,"dt":1067,"timing_gate":"ACTIVE","dt_expected":1173,"dt_conserve_ratio":1.83,"pwm":91,"v":15.07}
2026-08-26T14:16:18-0700	ngr/loco/9950012/alert	{"level":"CLEAR","reason":"STATUS","loco":"9950012","uptime_ms":628229,"nav":"NORMAL","moving":1,"pwm":91,"est_mm_s":285,"dir":"CCW","session_dir":"CCW","mdir":"FWD","rear":65,"front":60,"env":1590,"lc_mm":65,"last_confirmed_landmark":"","age_ms":281,"since":0,"dead_reckoned_mm":65,"candidate_mm":-1,"viable":[],"lostm":0,"lost_ms":0,"agree":318,"disagree":0,"losts":0,"auto":0}
2026-08-26T14:16:19-0700	ngr/loco/9950012/state/loopstat	{"loop_max_gap_ms":34,"hall_task_max_gap_ms":3,"hall_task_age_ms":1,"baseline":1806,"raw":1807,"delta":1,"queue_drops":0,"floor_rejects":0,"queue_high_water":1,"mqtt_connect_ms":771,"mqtt_attempts":1,"pub_drops":0,"pub_queue_hw":2,"cmd_drops":0,"pub_per_s":4,"marker_pub_drops":0,"marker_pub_hw":1,"nav":"NORMAL","mm":65,"miss_streak":0,"pwm":91,"lost_markers":0,"lost_ms":0,"motor_dir":"FWD"}
2026-08-26T14:16:19-0700	ngr/loco/9950012/state/start_mm	65
2026-08-26T14:16:19-0700	ngr/loco/9950012/alert	{"level":"CLEAR","reason":"STATUS","loco":"9950012","uptime_ms":629229,"nav":"NORMAL","moving":1,"pwm":91,"est_mm_s":285,"dir":"CCW","session_dir":"CCW","mdir":"FWD","rear":65,"front":60,"env":1590,"lc_mm":65,"last_confirmed_landmark":"","age_ms":1281,"since":0,"dead_reckoned_mm":65,"candidate_mm":-1,"viable":[],"lostm":0,"lost_ms":0,"agree":318,"disagree":0,"losts":0,"auto":0}
2026-08-26T14:16:20-0700	ngr/loco/9950012/state/nav	{"event":"AGREE","state":"NORMAL","nav_state":"NORMAL","mm":64,"landmark":"","dir":"CCW","miss_streak":0,"obs":"S","expected":"S","peak":282,"ms":183,"drift":0,"dt":1248,"agree":319,"disagree":0,"lost":0,"scores":[0,0,0,0,0,0],"excluded":[false,false,false,false,false,false],"leader":null,"runner_up":null,"margin":0,"motor_dir":"FWD"}
2026-08-26T14:16:20-0700	ngr/loco/9950012/mm/marker	{"mm":64,"landmark":"","obs":"S","peak":282,"ms":183,"drift":0,"dt":1248,"timing_gate":"ACTIVE","dt_expected":1192,"dt_conserve_ratio":1.94,"pwm":91,"v":15.07}
2026-08-26T14:16:20-0700	ngr/loco/9950012/state/loopstat	{"loop_max_gap_ms":33,"hall_task_max_gap_ms":4,"hall_task_age_ms":1,"baseline":1806,"raw":1809,"delta":3,"queue_drops":0,"floor_rejects":0,"queue_high_water":1,"mqtt_connect_ms":771,"mqtt_attempts":1,"pub_drops":0,"pub_queue_hw":2,"cmd_drops":0,"pub_per_s":4,"marker_pub_drops":0,"marker_pub_hw":1,"nav":"NORMAL","mm":64,"miss_streak":0,"pwm":91,"lost_markers":0,"lost_ms":0,"motor_dir":"FWD"}
2026-08-26T14:16:20-0700	ngr/loco/9950012/state/start_mm	64
2026-08-26T14:16:20-0700	ngr/loco/9950012/telem/voltage	15.06
2026-08-26T14:16:20-0700	ngr/loco/9950012/telem/current	0.38
2026-08-26T14:16:20-0700	ngr/loco/9950012/telem/power	6.71
2026-08-26T14:16:20-0700	ngr/loco/9950012/alert	{"level":"CLEAR","reason":"STATUS","loco":"9950012","uptime_ms":630229,"nav":"NORMAL","moving":1,"pwm":91,"est_mm_s":252,"dir":"CCW","session_dir":"CCW","mdir":"FWD","rear":64,"front":59,"env":1575,"lc_mm":64,"last_confirmed_landmark":"","age_ms":1033,"since":0,"dead_reckoned_mm":64,"candidate_mm":-1,"viable":[],"lostm":0,"lost_ms":0,"agree":319,"disagree":0,"losts":0,"auto":0}
2026-08-26T14:16:21-0700	ngr/loco/9950012/state/loopstat	{"loop_max_gap_ms":34,"hall_task_max_gap_ms":2,"hall_task_age_ms":1,"baseline":1806,"raw":1786,"delta":-20,"queue_drops":0,"floor_rejects":0,"queue_high_water":0,"mqtt_connect_ms":771,"mqtt_attempts":1,"pub_drops":0,"pub_queue_hw":3,"cmd_drops":0,"pub_per_s":5,"marker_pub_drops":0,"marker_pub_hw":0,"nav":"NORMAL","mm":64,"miss_streak":0,"pwm":91,"lost_markers":0,"lost_ms":0,"motor_dir":"FWD"}
2026-08-26T14:16:21-0700	ngr/loco/9950012/state/nav	{"event":"AGREE","state":"NORMAL","nav_state":"NORMAL","mm":63,"landmark":"Grillers","dir":"CCW","miss_streak":0,"obs":"N","expected":"N","peak":283,"ms":194,"drift":0,"dt":1366,"agree":320,"disagree":0,"lost":0,"scores":[0,0,0,0,0,0],"excluded":[false,false,false,false,false,false],"leader":null,"runner_up":null,"margin":0,"motor_dir":"FWD"}
2026-08-26T14:16:21-0700	ngr/loco/9950012/mm/marker	{"mm":63,"landmark":"Grillers","obs":"N","peak":283,"ms":194,"drift":0,"dt":1366,"timing_gate":"ACTIVE","dt_expected":1231,"dt_conserve_ratio":2.12,"pwm":91,"v":15.06}
2026-08-26T14:16:21-0700	ngr/loco/9950012/alert	{"level":"CLEAR","reason":"STATUS","loco":"9950012","uptime_ms":631229,"nav":"NORMAL","moving":1,"pwm":91,"est_mm_s":237,"dir":"CCW","session_dir":"CCW","mdir":"FWD","rear":63,"front":58,"env":1570,"lc_mm":63,"last_confirmed_landmark":"Grillers","age_ms":667,"since":0,"dead_reckoned_mm":63,"candidate_mm":-1,"viable":[],"lostm":0,"lost_ms":0,"agree":320,"disagree":0,"losts":0,"auto":0}
2026-08-26T14:16:22-0700	ngr/loco/9950012/state/start_mm	63
2026-08-26T14:16:22-0700	ngr/loco/9950012/state/loopstat	{"loop_max_gap_ms":33,"hall_task_max_gap_ms":2,"hall_task_age_ms":1,"baseline":1806,"raw":1807,"delta":1,"queue_drops":0,"floor_rejects":0,"queue_high_water":1,"mqtt_connect_ms":771,"mqtt_attempts":1,"pub_drops":0,"pub_queue_hw":1,"cmd_drops":0,"pub_per_s":4,"marker_pub_drops":0,"marker_pub_hw":1,"nav":"NORMAL","mm":63,"miss_streak":0,"pwm":91,"lost_markers":0,"lost_ms":0,"motor_dir":"FWD"}
2026-08-26T14:16:22-0700	ngr/loco/9950012/state/nav	{"event":"AGREE","state":"NORMAL","nav_state":"NORMAL","mm":62,"landmark":"","dir":"CCW","miss_streak":0,"obs":"S","expected":"S","peak":188,"ms":152,"drift":0,"dt":1160,"agree":321,"disagree":0,"lost":0,"scores":[0,0,0,0,0,0],"excluded":[false,false,false,false,false,false],"leader":null,"runner_up":null,"margin":0,"motor_dir":"FWD"}
2026-08-26T14:16:22-0700	ngr/loco/9950012/mm/marker	{"mm":62,"landmark":"","obs":"S","peak":188,"ms":152,"drift":0,"dt":1160,"timing_gate":"ACTIVE","dt_expected":1271,"dt_conserve_ratio":1.99,"pwm":91,"v":15.06}
2026-08-26T14:16:22-0700	ngr/loco/9950012/alert	{"level":"CLEAR","reason":"STATUS","loco":"9950012","uptime_ms":632229,"nav":"NORMAL","moving":1,"pwm":91,"est_mm_s":271,"dir":"CCW","session_dir":"CCW","mdir":"FWD","rear":62,"front":57,"env":1550,"lc_mm":62,"last_confirmed_landmark":"","age_ms":507,"since":0,"dead_reckoned_mm":62,"candidate_mm":-1,"viable":[],"lostm":0,"lost_ms":0,"agree":321,"disagree":0,"losts":0,"auto":0}
2026-08-26T14:16:23-0700	ngr/loco/9950012/state/start_mm	62
2026-08-26T14:16:23-0700	ngr/loco/9950012/state/loopstat	{"loop_max_gap_ms":33,"hall_task_max_gap_ms":2,"hall_task_age_ms":1,"baseline":1806,"raw":1807,"delta":1,"queue_drops":0,"floor_rejects":0,"queue_high_water":1,"mqtt_connect_ms":771,"mqtt_attempts":1,"pub_drops":0,"pub_queue_hw":1,"cmd_drops":0,"pub_per_s":4,"marker_pub_drops":0,"marker_pub_hw":1,"nav":"NORMAL","mm":62,"miss_streak":0,"pwm":91,"lost_markers":0,"lost_ms":0,"motor_dir":"FWD"}
2026-08-26T14:16:23-0700	ngr/loco/9950012/state/nav	{"event":"AGREE","state":"NORMAL","nav_state":"NORMAL","mm":61,"landmark":"","dir":"CCW","miss_streak":0,"obs":"N","expected":"N","peak":265,"ms":190,"drift":0,"dt":1225,"agree":322,"disagree":0,"lost":0,"scores":[0,0,0,0,0,0],"excluded":[false,false,false,false,false,false],"leader":null,"runner_up":null,"margin":0,"motor_dir":"FWD"}
2026-08-26T14:16:23-0700	ngr/loco/9950012/mm/marker	{"mm":61,"landmark":"","obs":"N","peak":265,"ms":190,"drift":0,"dt":1225,"timing_gate":"ACTIVE","dt_expected":1231,"dt_conserve_ratio":1.94,"pwm":91,"v":15.06}
2026-08-26T14:16:23-0700	ngr/loco/9950012/alert	{"level":"CLEAR","reason":"STATUS","loco":"9950012","uptime_ms":633229,"nav":"NORMAL","moving":1,"pwm":91,"est_mm_s":261,"dir":"CCW","session_dir":"CCW","mdir":"FWD","rear":61,"front":56,"env":1530,"lc_mm":61,"last_confirmed_landmark":"","age_ms":282,"since":0,"dead_reckoned_mm":61,"candidate_mm":-1,"viable":[],"lostm":0,"lost_ms":0,"agree":322,"disagree":0,"losts":0,"auto":0}
2026-08-26T14:16:24-0700	ngr/loco/9950012/state/start_mm	61
2026-08-26T14:16:24-0700	ngr/loco/9950012/state/loopstat	{"loop_max_gap_ms":34,"hall_task_max_gap_ms":2,"hall_task_age_ms":1,"baseline":1806,"raw":1804,"delta":-2,"queue_drops":0,"floor_rejects":0,"queue_high_water":1,"mqtt_connect_ms":771,"mqtt_attempts":1,"pub_drops":0,"pub_queue_hw":1,"cmd_drops":0,"pub_per_s":4,"marker_pub_drops":0,"marker_pub_hw":1,"nav":"NORMAL","mm":61,"miss_streak":0,"pwm":91,"lost_markers":0,"lost_ms":0,"motor_dir":"FWD"}
2026-08-26T14:16:24-0700	ngr/loco/9950012/alert	{"level":"CLEAR","reason":"STATUS","loco":"9950012","uptime_ms":634229,"nav":"NORMAL","moving":1,"pwm":91,"est_mm_s":261,"dir":"CCW","session_dir":"CCW","mdir":"FWD","rear":61,"front":56,"env":1530,"lc_mm":61,"last_confirmed_landmark":"","age_ms":1282,"since":0,"dead_reckoned_mm":61,"candidate_mm":-1,"viable":[],"lostm":0,"lost_ms":0,"agree":322,"disagree":0,"losts":0,"auto":0}
2026-08-26T14:16:25-0700	ngr/loco/9950012/state/nav	{"event":"AGREE","state":"NORMAL","nav_state":"NORMAL","mm":60,"landmark":"","dir":"CCW","miss_streak":0,"obs":"S","expected":"S","peak":187,"ms":172,"drift":0,"dt":1362,"agree":323,"disagree":0,"lost":0,"scores":[0,0,0,0,0,0],"excluded":[false,false,false,false,false,false],"leader":null,"runner_up":null,"margin":0,"motor_dir":"FWD"}
2026-08-26T14:16:25-0700	ngr/loco/9950012/mm/marker	{"mm":60,"landmark":"","obs":"S","peak":187,"ms":172,"drift":0,"dt":1362,"timing_gate":"ACTIVE","dt_expected":1251,"dt_conserve_ratio":2.07,"pwm":91,"v":15.06}
2026-08-26T14:16:25-0700	ngr/loco/9950012/state/loopstat	{"loop_max_gap_ms":34,"hall_task_max_gap_ms":2,"hall_task_age_ms":1,"baseline":1806,"raw":1810,"delta":4,"queue_drops":0,"floor_rejects":0,"queue_high_water":1,"mqtt_connect_ms":771,"mqtt_attempts":1,"pub_drops":0,"pub_queue_hw":1,"cmd_drops":0,"pub_per_s":3,"marker_pub_drops":0,"marker_pub_hw":1,"nav":"NORMAL","mm":60,"miss_streak":0,"pwm":91,"lost_markers":0,"lost_ms":0,"motor_dir":"FWD"}
2026-08-26T14:16:25-0700	ngr/loco/9950012/state/start_mm	60
2026-08-26T14:16:25-0700	ngr/loco/9950012/telem/voltage	15.10
2026-08-26T14:16:25-0700	ngr/loco/9950012/telem/current	0.28
2026-08-26T14:16:25-0700	ngr/loco/9950012/telem/power	4.23
2026-08-26T14:16:25-0700	ngr/loco/9950012/alert	{"level":"CLEAR","reason":"STATUS","loco":"9950012","uptime_ms":635229,"nav":"NORMAL","moving":1,"pwm":91,"est_mm_s":231,"dir":"CCW","session_dir":"CCW","mdir":"FWD","rear":60,"front":55,"env":1515,"lc_mm":60,"last_confirmed_landmark":"","age_ms":920,"since":0,"dead_reckoned_mm":60,"candidate_mm":-1,"viable":[],"lostm":0,"lost_ms":0,"agree":323,"disagree":0,"losts":0,"auto":0}
2026-08-26T14:16:26-0700	ngr/loco/9950012/state/loopstat	{"loop_max_gap_ms":33,"hall_task_max_gap_ms":2,"hall_task_age_ms":1,"baseline":1806,"raw":1804,"delta":-2,"queue_drops":0,"floor_rejects":0,"queue_high_water":0,"mqtt_connect_ms":771,"mqtt_attempts":1,"pub_drops":0,"pub_queue_hw":3,"cmd_drops":0,"pub_per_s":5,"marker_pub_drops":0,"marker_pub_hw":0,"nav":"NORMAL","mm":60,"miss_streak":0,"pwm":91,"lost_markers":0,"lost_ms":0,"motor_dir":"FWD"}
2026-08-26T14:16:26-0700	ngr/loco/9950012/state/nav	{"event":"AGREE","state":"NORMAL","nav_state":"NORMAL","mm":59,"landmark":"","dir":"CCW","miss_streak":0,"obs":"N","expected":"N","peak":202,"ms":198,"drift":0,"dt":1403,"agree":324,"disagree":0,"lost":0,"scores":[0,0,0,0,0,0],"excluded":[false,false,false,false,false,false],"leader":null,"runner_up":null,"margin":0,"motor_dir":"FWD"}
2026-08-26T14:16:26-0700	ngr/loco/9950012/mm/marker	{"mm":59,"landmark":"","obs":"N","peak":202,"ms":198,"drift":0,"dt":1403,"timing_gate":"ACTIVE","dt_expected":1231,"dt_conserve_ratio":2.24,"pwm":91,"v":15.10}
2026-08-26T14:16:26-0700	ngr/loco/9950012/alert	{"level":"CLEAR","reason":"STATUS","loco":"9950012","uptime_ms":636229,"nav":"NORMAL","moving":1,"pwm":91,"est_mm_s":213,"dir":"CCW","session_dir":"CCW","mdir":"FWD","rear":59,"front":54,"env":1515,"lc_mm":59,"last_confirmed_landmark":"","age_ms":517,"since":0,"dead_reckoned_mm":59,"candidate_mm":-1,"viable":[],"lostm":0,"lost_ms":0,"agree":324,"disagree":0,"losts":0,"auto":0}
2026-08-26T14:16:27-0700	ngr/loco/9950012/state/start_mm	59
2026-08-26T14:16:27-0700	ngr/loco/9950012/state/loopstat	{"loop_max_gap_ms":34,"hall_task_max_gap_ms":2,"hall_task_age_ms":1,"baseline":1806,"raw":1807,"delta":1,"queue_drops":0,"floor_rejects":0,"queue_high_water":1,"mqtt_connect_ms":771,"mqtt_attempts":1,"pub_drops":0,"pub_queue_hw":1,"cmd_drops":0,"pub_per_s":4,"marker_pub_drops":0,"marker_pub_hw":1,"nav":"NORMAL","mm":59,"miss_streak":0,"pwm":91,"lost_markers":0,"lost_ms":0,"motor_dir":"FWD"}
2026-08-26T14:16:27-0700	ngr/loco/9950012/state/nav	{"event":"AGREE","state":"NORMAL","nav_state":"NORMAL","mm":58,"landmark":"","dir":"CCW","miss_streak":0,"obs":"S","expected":"S","peak":192,"ms":171,"drift":0,"dt":1326,"agree":325,"disagree":0,"lost":0,"scores":[0,0,0,0,0,0],"excluded":[false,false,false,false,false,false],"leader":null,"runner_up":null,"margin":0,"motor_dir":"FWD"}
2026-08-26T14:16:27-0700	ngr/loco/9950012/mm/marker	{"mm":58,"landmark":"","obs":"S","peak":192,"ms":171,"drift":0,"dt":1326,"timing_gate":"ACTIVE","dt_expected":1173,"dt_conserve_ratio":2.33,"pwm":91,"v":15.10}
2026-08-26T14:16:27-0700	ngr/loco/9950012/alert	{"level":"CLEAR","reason":"STATUS","loco":"9950012","uptime_ms":637232,"nav":"NORMAL","moving":1,"pwm":91,"est_mm_s":241,"dir":"CCW","session_dir":"CCW","mdir":"FWD","rear":58,"front":53,"env":1495,"lc_mm":58,"last_confirmed_landmark":"","age_ms":194,"since":0,"dead_reckoned_mm":58,"candidate_mm":-1,"viable":[],"lostm":0,"lost_ms":0,"agree":325,"disagree":0,"losts":0,"auto":0}
2026-08-26T14:16:28-0700	ngr/loco/9950012/state/loopstat	{"loop_max_gap_ms":56,"hall_task_max_gap_ms":2,"hall_task_age_ms":1,"baseline":1806,"raw":1807,"delta":1,"queue_drops":0,"floor_rejects":0,"queue_high_water":1,"mqtt_connect_ms":771,"mqtt_attempts":1,"pub_drops":0,"pub_queue_hw":1,"cmd_drops":0,"pub_per_s":3,"marker_pub_drops":0,"marker_pub_hw":1,"nav":"NORMAL","mm":58,"miss_streak":0,"pwm":91,"lost_markers":0,"lost_ms":0,"motor_dir":"FWD"}
2026-08-26T14:16:28-0700	ngr/loco/9950012/state/start_mm	58
2026-08-26T14:16:28-0700	ngr/loco/9950012/alert	{"level":"CLEAR","reason":"STATUS","loco":"9950012","uptime_ms":638232,"nav":"NORMAL","moving":1,"pwm":91,"est_mm_s":241,"dir":"CCW","session_dir":"CCW","mdir":"FWD","rear":58,"front":53,"env":1495,"lc_mm":58,"last_confirmed_landmark":"","age_ms":1194,"since":0,"dead_reckoned_mm":58,"candidate_mm":-1,"viable":[],"lostm":0,"lost_ms":0,"agree":325,"disagree":0,"losts":0,"auto":0}
2026-08-26T14:16:29-0700	ngr/loco/9950012/state/nav	{"event":"AGREE","state":"NORMAL","nav_state":"NORMAL","mm":57,"landmark":"","dir":"CCW","miss_streak":0,"obs":"S","expected":"S","peak":191,"ms":161,"drift":0,"dt":1265,"agree":326,"disagree":0,"lost":0,"scores":[0,0,0,0,0,0],"excluded":[false,false,false,false,false,false],"leader":null,"runner_up":null,"margin":0,"motor_dir":"FWD"}
2026-08-26T14:16:29-0700	ngr/loco/9950012/mm/marker	{"mm":57,"landmark":"","obs":"S","peak":191,"ms":161,"drift":0,"dt":1265,"timing_gate":"ACTIVE","dt_expected":1251,"dt_conserve_ratio":2.07,"pwm":91,"v":15.10}
2026-08-26T14:16:29-0700	ngr/loco/9950012/state/start_mm	57
2026-08-26T14:16:29-0700	ngr/loco/9950012/state/loopstat	{"loop_max_gap_ms":33,"hall_task_max_gap_ms":2,"hall_task_age_ms":1,"baseline":1806,"raw":1809,"delta":3,"queue_drops":0,"floor_rejects":0,"queue_high_water":1,"mqtt_connect_ms":771,"mqtt_attempts":1,"pub_drops":0,"pub_queue_hw":2,"cmd_drops":0,"pub_per_s":5,"marker_pub_drops":0,"marker_pub_hw":1,"nav":"NORMAL","mm":57,"miss_streak":0,"pwm":91,"lost_markers":0,"lost_ms":0,"motor_dir":"FWD"}
2026-08-26T14:16:29-0700	ngr/loco/9950012/alert	{"level":"CLEAR","reason":"STATUS","loco":"9950012","uptime_ms":639232,"nav":"NORMAL","moving":1,"pwm":91,"est_mm_s":233,"dir":"CCW","session_dir":"CCW","mdir":"FWD","rear":57,"front":52,"env":1500,"lc_mm":57,"last_confirmed_landmark":"","age_ms":929,"since":0,"dead_reckoned_mm":57,"candidate_mm":-1,"viable":[],"lostm":0,"lost_ms":0,"agree":326,"disagree":0,"losts":0,"auto":0}
2026-08-26T14:16:30-0700	ngr/loco/9950012/state/loopstat	{"loop_max_gap_ms":33,"hall_task_max_gap_ms":2,"hall_task_age_ms":1,"baseline":1806,"raw":1983,"delta":177,"queue_drops":0,"floor_rejects":0,"queue_high_water":0,"mqtt_connect_ms":771,"mqtt_attempts":1,"pub_drops":0,"pub_queue_hw":1,"cmd_drops":0,"pub_per_s":1,"marker_pub_drops":0,"marker_pub_hw":0,"nav":"NORMAL","mm":57,"miss_streak":0,"pwm":91,"lost_markers":0,"lost_ms":0,"motor_dir":"FWD"}
2026-08-26T14:16:30-0700	ngr/loco/9950012/state/nav	{"event":"AGREE","state":"NORMAL","nav_state":"NORMAL","mm":56,"landmark":"","dir":"CCW","miss_streak":0,"obs":"N","expected":"N","peak":180,"ms":160,"drift":0,"dt":1149,"agree":327,"disagree":0,"lost":0,"scores":[0,0,0,0,0,0],"excluded":[false,false,false,false,false,false],"leader":null,"runner_up":null,"margin":0,"motor_dir":"FWD"}
2026-08-26T14:16:30-0700	ngr/loco/9950012/mm/marker	{"mm":56,"landmark":"","obs":"N","peak":180,"ms":160,"drift":0,"dt":1149,"timing_gate":"ACTIVE","dt_expected":1153,"dt_conserve_ratio":2.09,"pwm":91,"v":15.10}
2026-08-26T14:16:30-0700	ngr/loco/9950012/telem/voltage	15.07
2026-08-26T14:16:30-0700	ngr/loco/9950012/telem/current	0.36
2026-08-26T14:16:30-0700	ngr/loco/9950012/telem/power	5.71
2026-08-26T14:16:30-0700	ngr/loco/9950012/alert	{"level":"CLEAR","reason":"STATUS","loco":"9950012","uptime_ms":640232,"nav":"NORMAL","moving":1,"pwm":91,"est_mm_s":261,"dir":"CCW","session_dir":"CCW","mdir":"FWD","rear":56,"front":51,"env":1500,"lc_mm":56,"last_confirmed_landmark":"","age_ms":780,"since":0,"dead_reckoned_mm":56,"candidate_mm":-1,"viable":[],"lostm":0,"lost_ms":0,"agree":327,"disagree":0,"losts":0,"auto":0}
2026-08-26T14:16:31-0700	ngr/loco/9950012/state/start_mm	56
2026-08-26T14:16:31-0700	ngr/loco/9950012/state/loopstat	{"loop_max_gap_ms":33,"hall_task_max_gap_ms":3,"hall_task_age_ms":1,"baseline":1806,"raw":1815,"delta":9,"queue_drops":0,"floor_rejects":0,"queue_high_water":1,"mqtt_connect_ms":771,"mqtt_attempts":1,"pub_drops":0,"pub_queue_hw":3,"cmd_drops":0,"pub_per_s":7,"marker_pub_drops":0,"marker_pub_hw":1,"nav":"NORMAL","mm":56,"miss_streak":0,"pwm":91,"lost_markers":0,"lost_ms":0,"motor_dir":"FWD"}
2026-08-26T14:16:31-0700	ngr/loco/9950012/state/nav	{"event":"AGREE","state":"NORMAL","nav_state":"NORMAL","mm":55,"landmark":"","dir":"CCW","miss_streak":0,"obs":"S","expected":"S","peak":191,"ms":155,"drift":0,"dt":1138,"agree":328,"disagree":0,"lost":0,"scores":[0,0,0,0,0,0],"excluded":[false,false,false,false,false,false],"leader":null,"runner_up":null,"margin":0,"motor_dir":"FWD"}
2026-08-26T14:16:31-0700	ngr/loco/9950012/mm/marker	{"mm":55,"landmark":"","obs":"S","peak":191,"ms":155,"drift":0,"dt":1138,"timing_gate":"ACTIVE","dt_expected":1173,"dt_conserve_ratio":1.95,"pwm":91,"v":15.07}
2026-08-26T14:16:31-0700	ngr/loco/9950012/alert	{"level":"CLEAR","reason":"STATUS","loco":"9950012","uptime_ms":641232,"nav":"NORMAL","moving":1,"pwm":91,"est_mm_s":263,"dir":"CCW","session_dir":"CCW","mdir":"FWD","rear":55,"front":50,"env":1500,"lc_mm":55,"last_confirmed_landmark":"","age_ms":642,"since":0,"dead_reckoned_mm":55,"candidate_mm":-1,"viable":[],"lostm":0,"lost_ms":0,"agree":328,"disagree":0,"losts":0,"auto":0}
2026-08-26T14:16:32-0700	ngr/loco/9950012/state/start_mm	55
2026-08-26T14:16:32-0700	ngr/loco/9950012/state/loopstat	{"loop_max_gap_ms":34,"hall_task_max_gap_ms":2,"hall_task_age_ms":1,"baseline":1806,"raw":1810,"delta":4,"queue_drops":0,"floor_rejects":0,"queue_high_water":1,"mqtt_connect_ms":771,"mqtt_attempts":1,"pub_drops":0,"pub_queue_hw":1,"cmd_drops":0,"pub_per_s":4,"marker_pub_drops":0,"marker_pub_hw":1,"nav":"NORMAL","mm":55,"miss_streak":0,"pwm":91,"lost_markers":0,"lost_ms":0,"motor_dir":"FWD"}
2026-08-26T14:16:32-0700	ngr/loco/9950012/state/nav	{"event":"AGREE","state":"NORMAL","nav_state":"NORMAL","mm":54,"landmark":"","dir":"CCW","miss_streak":0,"obs":"S","expected":"S","peak":244,"ms":180,"drift":0,"dt":1081,"agree":329,"disagree":0,"lost":0,"scores":[0,0,0,0,0,0],"excluded":[false,false,false,false,false,false],"leader":null,"runner_up":null,"margin":0,"motor_dir":"FWD"}
2026-08-26T14:16:32-0700	ngr/loco/9950012/mm/marker	{"mm":54,"landmark":"","obs":"S","peak":244,"ms":180,"drift":0,"dt":1081,"timing_gate":"ACTIVE","dt_expected":1173,"dt_conserve_ratio":1.89,"pwm":91,"v":15.07}
2026-08-26T14:16:32-0700	ngr/loco/9950012/alert	{"level":"CLEAR","reason":"STATUS","loco":"9950012","uptime_ms":642232,"nav":"NORMAL","moving":1,"pwm":91,"est_mm_s":277,"dir":"CCW","session_dir":"CCW","mdir":"FWD","rear":54,"front":49,"env":1500,"lc_mm":54,"last_confirmed_landmark":"","age_ms":561,"since":0,"dead_reckoned_mm":54,"candidate_mm":-1,"viable":[],"lostm":0,"lost_ms":0,"agree":329,"disagree":0,"losts":0,"auto":0}
2026-08-26T14:16:33-0700	ngr/loco/9950012/state/start_mm	54
2026-08-26T14:16:33-0700	ngr/loco/9950012/state/loopstat	{"loop_max_gap_ms":33,"hall_task_max_gap_ms":3,"hall_task_age_ms":1,"baseline":1806,"raw":1808,"delta":2,"queue_drops":0,"floor_rejects":0,"queue_high_water":1,"mqtt_connect_ms":771,"mqtt_attempts":1,"pub_drops":0,"pub_queue_hw":1,"cmd_drops":0,"pub_per_s":4,"marker_pub_drops":0,"marker_pub_hw":1,"nav":"NORMAL","mm":54,"miss_streak":0,"pwm":91,"lost_markers":0,"lost_ms":0,"motor_dir":"FWD"}
2026-08-26T14:16:33-0700	ngr/loco/9950012/state/nav	{"event":"AGREE","state":"NORMAL","nav_state":"NORMAL","mm":53,"landmark":"","dir":"CCW","miss_streak":0,"obs":"S","expected":"S","peak":173,"ms":147,"drift":0,"dt":1106,"agree":330,"disagree":0,"lost":0,"scores":[0,0,0,0,0,0],"excluded":[false,false,false,false,false,false],"leader":null,"runner_up":null,"margin":0,"motor_dir":"FWD"}
2026-08-26T14:16:33-0700	ngr/loco/9950012/mm/marker	{"mm":53,"landmark":"","obs":"S","peak":173,"ms":147,"drift":0,"dt":1106,"timing_gate":"ACTIVE","dt_expected":1173,"dt_conserve_ratio":1.86,"pwm":91,"v":15.07}
2026-08-26T14:16:33-0700	ngr/loco/9950012/alert	{"level":"CLEAR","reason":"STATUS","loco":"9950012","uptime_ms":643232,"nav":"NORMAL","moving":1,"pwm":91,"est_mm_s":271,"dir":"CCW","session_dir":"CCW","mdir":"FWD","rear":53,"front":48,"env":1500,"lc_mm":53,"last_confirmed_landmark":"","age_ms":455,"since":0,"dead_reckoned_mm":53,"candidate_mm":-1,"viable":[],"lostm":0,"lost_ms":0,"agree":330,"disagree":0,"losts":0,"auto":0}
2026-08-26T14:16:34-0700	ngr/loco/9950012/state/start_mm	53
2026-08-26T14:16:34-0700	ngr/loco/9950012/state/loopstat	{"loop_max_gap_ms":33,"hall_task_max_gap_ms":2,"hall_task_age_ms":1,"baseline":1807,"raw":1808,"delta":1,"queue_drops":0,"floor_rejects":0,"queue_high_water":1,"mqtt_connect_ms":771,"mqtt_attempts":1,"pub_drops":0,"pub_queue_hw":1,"cmd_drops":0,"pub_per_s":4,"marker_pub_drops":0,"marker_pub_hw":1,"nav":"NORMAL","mm":53,"miss_streak":0,"pwm":91,"lost_markers":0,"lost_ms":0,"motor_dir":"FWD"}
2026-08-26T14:16:34-0700	ngr/loco/9950012/state/nav	{"event":"AGREE","state":"NORMAL","nav_state":"NORMAL","mm":52,"landmark":"","dir":"CCW","miss_streak":0,"obs":"S","expected":"S","peak":187,"ms":153,"drift":0,"dt":1092,"agree":331,"disagree":0,"lost":0,"scores":[0,0,0,0,0,0],"excluded":[false,false,false,false,false,false],"leader":null,"runner_up":null,"margin":0,"motor_dir":"FWD"}
2026-08-26T14:16:34-0700	ngr/loco/9950012/mm/marker	{"mm":52,"landmark":"","obs":"S","peak":187,"ms":153,"drift":0,"dt":1092,"timing_gate":"ACTIVE","dt_expected":1173,"dt_conserve_ratio":1.87,"pwm":91,"v":15.07}
2026-08-26T14:16:34-0700	ngr/loco/9950012/alert	{"level":"CLEAR","reason":"STATUS","loco":"9950012","uptime_ms":644232,"nav":"NORMAL","moving":1,"pwm":91,"est_mm_s":274,"dir":"CCW","session_dir":"CCW","mdir":"FWD","rear":52,"front":47,"env":1500,"lc_mm":52,"last_confirmed_landmark":"","age_ms":363,"since":0,"dead_reckoned_mm":52,"candidate_mm":-1,"viable":[],"lostm":0,"lost_ms":0,"agree":331,"disagree":0,"losts":0,"auto":0}
2026-08-26T14:16:35-0700	ngr/loco/9950012/state/start_mm	52
2026-08-26T14:16:35-0700	ngr/loco/9950012/state/loopstat	{"loop_max_gap_ms":34,"hall_task_max_gap_ms":4,"hall_task_age_ms":1,"baseline":1807,"raw":1805,"delta":-2,"queue_drops":0,"floor_rejects":0,"queue_high_water":1,"mqtt_connect_ms":771,"mqtt_attempts":1,"pub_drops":0,"pub_queue_hw":1,"cmd_drops":0,"pub_per_s":4,"marker_pub_drops":0,"marker_pub_hw":1,"nav":"NORMAL","mm":52,"miss_streak":0,"pwm":91,"lost_markers":0,"lost_ms":0,"motor_dir":"FWD"}
2026-08-26T14:16:35-0700	ngr/loco/9950012/telem/voltage	15.08
2026-08-26T14:16:35-0700	ngr/loco/9950012/telem/current	0.31
2026-08-26T14:16:35-0700	ngr/loco/9950012/telem/power	4.71
2026-08-26T14:16:35-0700	ngr/loco/9950012/state/nav	{"event":"AGREE","state":"NORMAL","nav_state":"NORMAL","mm":51,"landmark":"","dir":"CCW","miss_streak":0,"obs":"N","expected":"N","peak":169,"ms":156,"drift":0,"dt":1069,"agree":332,"disagree":0,"lost":0,"scores":[0,0,0,0,0,0],"excluded":[false,false,false,false,false,false],"leader":null,"runner_up":null,"margin":0,"motor_dir":"FWD"}
2026-08-26T14:16:35-0700	ngr/loco/9950012/mm/marker	{"mm":51,"landmark":"","obs":"N","peak":169,"ms":156,"drift":0,"dt":1069,"timing_gate":"ACTIVE","dt_expected":1173,"dt_conserve_ratio":1.84,"pwm":91,"v":15.08}
2026-08-26T14:16:35-0700	ngr/loco/9950012/alert	{"level":"CLEAR","reason":"STATUS","loco":"9950012","uptime_ms":645232,"nav":"NORMAL","moving":1,"pwm":91,"est_mm_s":280,"dir":"CCW","session_dir":"CCW","mdir":"FWD","rear":51,"front":46,"env":1500,"lc_mm":51,"last_confirmed_landmark":"","age_ms":294,"since":0,"dead_reckoned_mm":51,"candidate_mm":-1,"viable":[],"lostm":0,"lost_ms":0,"agree":332,"disagree":0,"losts":0,"auto":0}
2026-08-26T14:16:36-0700	ngr/loco/9950012/state/start_mm	51
2026-08-26T14:16:36-0700	ngr/loco/9950012/state/loopstat	{"loop_max_gap_ms":33,"hall_task_max_gap_ms":2,"hall_task_age_ms":1,"baseline":1807,"raw":1807,"delta":0,"queue_drops":0,"floor_rejects":0,"queue_high_water":1,"mqtt_connect_ms":771,"mqtt_attempts":1,"pub_drops":0,"pub_queue_hw":3,"cmd_drops":0,"pub_per_s":7,"marker_pub_drops":0,"marker_pub_hw":1,"nav":"NORMAL","mm":51,"miss_streak":0,"pwm":91,"lost_markers":0,"lost_ms":0,"motor_dir":"FWD"}
2026-08-26T14:16:36-0700	ngr/loco/9950012/state/nav	{"event":"AGREE","state":"NORMAL","nav_state":"NORMAL","mm":50,"landmark":"","dir":"CCW","miss_streak":0,"obs":"S","expected":"S","peak":189,"ms":154,"drift":0,"dt":1094,"agree":333,"disagree":0,"lost":0,"scores":[0,0,0,0,0,0],"excluded":[false,false,false,false,false,false],"leader":null,"runner_up":null,"margin":0,"motor_dir":"FWD"}
2026-08-26T14:16:36-0700	ngr/loco/9950012/mm/marker	{"mm":50,"landmark":"","obs":"S","peak":189,"ms":154,"drift":0,"dt":1094,"timing_gate":"ACTIVE","dt_expected":1173,"dt_conserve_ratio":1.84,"pwm":91,"v":15.08}
2026-08-26T14:16:36-0700	ngr/loco/9950012/alert	{"level":"CLEAR","reason":"STATUS","loco":"9950012","uptime_ms":646232,"nav":"NORMAL","moving":1,"pwm":91,"est_mm_s":274,"dir":"CCW","session_dir":"CCW","mdir":"FWD","rear":50,"front":45,"env":1500,"lc_mm":50,"last_confirmed_landmark":"","age_ms":200,"since":0,"dead_reckoned_mm":50,"candidate_mm":-1,"viable":[],"lostm":0,"lost_ms":0,"agree":333,"disagree":0,"losts":0,"auto":0}
2026-08-26T14:16:37-0700	ngr/loco/9950012/state/start_mm	50
2026-08-26T14:16:37-0700	ngr/loco/9950012/state/loopstat	{"loop_max_gap_ms":34,"hall_task_max_gap_ms":2,"hall_task_age_ms":1,"baseline":1807,"raw":1807,"delta":0,"queue_drops":0,"floor_rejects":0,"queue_high_water":1,"mqtt_connect_ms":771,"mqtt_attempts":1,"pub_drops":0,"pub_queue_hw":1,"cmd_drops":0,"pub_per_s":4,"marker_pub_drops":0,"marker_pub_hw":1,"nav":"NORMAL","mm":50,"miss_streak":0,"pwm":91,"lost_markers":0,"lost_ms":0,"motor_dir":"FWD"}
2026-08-26T14:16:37-0700	ngr/loco/9950012/alert	{"level":"CLEAR","reason":"STATUS","loco":"9950012","uptime_ms":647232,"nav":"NORMAL","moving":1,"pwm":91,"est_mm_s":274,"dir":"CCW","session_dir":"CCW","mdir":"FWD","rear":50,"front":45,"env":1500,"lc_mm":50,"last_confirmed_landmark":"","age_ms":1200,"since":0,"dead_reckoned_mm":50,"candidate_mm":-1,"viable":[],"lostm":0,"lost_ms":0,"agree":333,"disagree":0,"losts":0,"auto":0}
2026-08-26T14:16:38-0700	ngr/loco/9950012/state/nav	{"event":"AGREE","state":"NORMAL","nav_state":"NORMAL","mm":49,"landmark":"","dir":"CCW","miss_streak":0,"obs":"N","expected":"N","peak":189,"ms":158,"drift":0,"dt":1122,"agree":334,"disagree":0,"lost":0,"scores":[0,0,0,0,0,0],"excluded":[false,false,false,false,false,false],"leader":null,"runner_up":null,"margin":0,"motor_dir":"FWD"}
2026-08-26T14:16:38-0700	ngr/loco/9950012/mm/marker	{"mm":49,"landmark":"","obs":"N","peak":189,"ms":158,"drift":0,"dt":1122,"timing_gate":"ACTIVE","dt_expected":1173,"dt_conserve_ratio":1.89,"pwm":91,"v":15.08}
2026-08-26T14:16:38-0700	ngr/loco/9950012/state/start_mm	49
2026-08-26T14:16:38-0700	ngr/loco/9950012/state/loopstat	{"loop_max_gap_ms":34,"hall_task_max_gap_ms":2,"hall_task_age_ms":1,"baseline":1807,"raw":1806,"delta":-1,"queue_drops":0,"floor_rejects":0,"queue_high_water":1,"mqtt_connect_ms":771,"mqtt_attempts":1,"pub_drops":0,"pub_queue_hw":1,"cmd_drops":0,"pub_per_s":4,"marker_pub_drops":0,"marker_pub_hw":1,"nav":"NORMAL","mm":49,"miss_streak":0,"pwm":91,"lost_markers":0,"lost_ms":0,"motor_dir":"FWD"}
2026-08-26T14:16:38-0700	ngr/loco/9950012/alert	{"level":"CLEAR","reason":"STATUS","loco":"9950012","uptime_ms":648232,"nav":"NORMAL","moving":1,"pwm":91,"est_mm_s":267,"dir":"CCW","session_dir":"CCW","mdir":"FWD","rear":49,"front":44,"env":1500,"lc_mm":49,"last_confirmed_landmark":"","age_ms":1078,"since":0,"dead_reckoned_mm":49,"candidate_mm":-1,"viable":[],"lostm":0,"lost_ms":0,"agree":334,"disagree":0,"losts":0,"auto":0}
2026-08-26T14:16:39-0700	ngr/loco/9950012/state/nav	{"event":"AGREE","state":"NORMAL","nav_state":"NORMAL","mm":48,"landmark":"","dir":"CCW","miss_streak":0,"obs":"N","expected":"N","peak":182,"ms":157,"drift":0,"dt":1132,"agree":335,"disagree":0,"lost":0,"scores":[0,0,0,0,0,0],"excluded":[false,false,false,false,false,false],"leader":null,"runner_up":null,"margin":0,"motor_dir":"FWD"}
2026-08-26T14:16:39-0700	ngr/loco/9950012/mm/marker	{"mm":48,"landmark":"","obs":"N","peak":182,"ms":157,"drift":0,"dt":1132,"timing_gate":"ACTIVE","dt_expected":1173,"dt_conserve_ratio":1.92,"pwm":91,"v":15.08}
2026-08-26T14:16:39-0700	ngr/loco/9950012/state/start_mm	48
2026-08-26T14:16:39-0700	ngr/loco/9950012/state/loopstat	{"loop_max_gap_ms":33,"hall_task_max_gap_ms":3,"hall_task_age_ms":1,"baseline":1807,"raw":1805,"delta":-2,"queue_drops":0,"floor_rejects":0,"queue_high_water":1,"mqtt_connect_ms":771,"mqtt_attempts":1,"pub_drops":0,"pub_queue_hw":1,"cmd_drops":0,"pub_per_s":4,"marker_pub_drops":0,"marker_pub_hw":1,"nav":"NORMAL","mm":48,"miss_streak":0,"pwm":91,"lost_markers":0,"lost_ms":0,"motor_dir":"FWD"}
2026-08-26T14:16:39-0700	ngr/loco/9950012/alert	{"level":"CLEAR","reason":"STATUS","loco":"9950012","uptime_ms":649232,"nav":"NORMAL","moving":1,"pwm":91,"est_mm_s":265,"dir":"CCW","session_dir":"CCW","mdir":"FWD","rear":48,"front":43,"env":1500,"lc_mm":48,"last_confirmed_landmark":"","age_ms":946,"since":0,"dead_reckoned_mm":48,"candidate_mm":-1,"viable":[],"lostm":0,"lost_ms":0,"agree":335,"disagree":0,"losts":0,"auto":0}
2026-08-26T14:16:40-0700	ngr/loco/9950012/state/loopstat	{"loop_max_gap_ms":34,"hall_task_max_gap_ms":3,"hall_task_age_ms":1,"baseline":1807,"raw":1694,"delta":-113,"queue_drops":0,"floor_rejects":0,"queue_high_water":0,"mqtt_connect_ms":771,"mqtt_attempts":1,"pub_drops":0,"pub_queue_hw":1,"cmd_drops":0,"pub_per_s":1,"marker_pub_drops":0,"marker_pub_hw":0,"nav":"NORMAL","mm":48,"miss_streak":0,"pwm":91,"lost_markers":0,"lost_ms":0,"motor_dir":"FWD"}
2026-08-26T14:16:40-0700	ngr/loco/9950012/state/nav	{"event":"AGREE","state":"NORMAL","nav_state":"NORMAL","mm":47,"landmark":"","dir":"CCW","miss_streak":0,"obs":"S","expected":"S","peak":191,"ms":158,"drift":0,"dt":1139,"agree":336,"disagree":0,"lost":0,"scores":[0,0,0,0,0,0],"excluded":[false,false,false,false,false,false],"leader":null,"runner_up":null,"margin":0,"motor_dir":"FWD"}
2026-08-26T14:16:40-0700	ngr/loco/9950012/mm/marker	{"mm":47,"landmark":"","obs":"S","peak":191,"ms":158,"drift":0,"dt":1139,"timing_gate":"ACTIVE","dt_expected":1173,"dt_conserve_ratio":1.94,"pwm":91,"v":15.08}
2026-08-26T14:16:40-0700	ngr/loco/9950012/telem/voltage	15.09
2026-08-26T14:16:40-0700	ngr/loco/9950012/telem/current	0.38
2026-08-26T14:16:40-0700	ngr/loco/9950012/telem/power	5.43
2026-08-26T14:16:40-0700	ngr/loco/9950012/alert	{"level":"CLEAR","reason":"STATUS","loco":"9950012","uptime_ms":650232,"nav":"NORMAL","moving":1,"pwm":91,"est_mm_s":263,"dir":"CCW","session_dir":"CCW","mdir":"FWD","rear":47,"front":42,"env":1500,"lc_mm":47,"last_confirmed_landmark":"","age_ms":807,"since":0,"dead_reckoned_mm":47,"candidate_mm":-1,"viable":[],"lostm":0,"lost_ms":0,"agree":336,"disagree":0,"losts":0,"auto":0}
2026-08-26T14:16:41-0700	ngr/loco/9950012/state/start_mm	47
2026-08-26T14:16:41-0700	ngr/loco/9950012/state/loopstat	{"loop_max_gap_ms":34,"hall_task_max_gap_ms":3,"hall_task_age_ms":1,"baseline":1807,"raw":1819,"delta":12,"queue_drops":0,"floor_rejects":0,"queue_high_water":1,"mqtt_connect_ms":771,"mqtt_attempts":1,"pub_drops":0,"pub_queue_hw":3,"cmd_drops":0,"pub_per_s":7,"marker_pub_drops":0,"marker_pub_hw":1,"nav":"NORMAL","mm":47,"miss_streak":0,"pwm":91,"lost_markers":0,"lost_ms":0,"motor_dir":"FWD"}
2026-08-26T14:16:41-0700	ngr/loco/9950012/state/nav	{"event":"AGREE","state":"NORMAL","nav_state":"NORMAL","mm":46,"landmark":"","dir":"CCW","miss_streak":0,"obs":"S","expected":"S","peak":198,"ms":160,"drift":0,"dt":1133,"agree":337,"disagree":0,"lost":0,"scores":[0,0,0,0,0,0],"excluded":[false,false,false,false,false,false],"leader":null,"runner_up":null,"margin":0,"motor_dir":"FWD"}
2026-08-26T14:16:41-0700	ngr/loco/9950012/mm/marker	{"mm":46,"landmark":"","obs":"S","peak":198,"ms":160,"drift":0,"dt":1133,"timing_gate":"ACTIVE","dt_expected":1173,"dt_conserve_ratio":1.94,"pwm":91,"v":15.09}
2026-08-26T14:16:41-0700	ngr/loco/9950012/alert	{"level":"CLEAR","reason":"STATUS","loco":"9950012","uptime_ms":651232,"nav":"NORMAL","moving":1,"pwm":91,"est_mm_s":264,"dir":"CCW","session_dir":"CCW","mdir":"FWD","rear":46,"front":41,"env":1500,"lc_mm":46,"last_confirmed_landmark":"","age_ms":674,"since":0,"dead_reckoned_mm":46,"candidate_mm":-1,"viable":[],"lostm":0,"lost_ms":0,"agree":337,"disagree":0,"losts":0,"auto":0}
2026-08-26T14:16:42-0700	ngr/loco/9950012/state/start_mm	46
2026-08-26T14:16:42-0700	ngr/loco/9950012/state/loopstat	{"loop_max_gap_ms":34,"hall_task_max_gap_ms":3,"hall_task_age_ms":1,"baseline":1807,"raw":1807,"delta":0,"queue_drops":0,"floor_rejects":0,"queue_high_water":1,"mqtt_connect_ms":771,"mqtt_attempts":1,"pub_drops":0,"pub_queue_hw":1,"cmd_drops":0,"pub_per_s":4,"marker_pub_drops":0,"marker_pub_hw":1,"nav":"NORMAL","mm":46,"miss_streak":0,"pwm":91,"lost_markers":0,"lost_ms":0,"motor_dir":"FWD"}
2026-08-26T14:16:42-0700	ngr/loco/9950012/state/nav	{"event":"AGREE","state":"NORMAL","nav_state":"NORMAL","mm":45,"landmark":"","dir":"CCW","miss_streak":0,"obs":"S","expected":"S","peak":202,"ms":161,"drift":0,"dt":1161,"agree":338,"disagree":0,"lost":0,"scores":[0,0,0,0,0,0],"excluded":[false,false,false,false,false,false],"leader":null,"runner_up":null,"margin":0,"motor_dir":"FWD"}
2026-08-26T14:16:42-0700	ngr/loco/9950012/mm/marker	{"mm":45,"landmark":"","obs":"S","peak":202,"ms":161,"drift":0,"dt":1161,"timing_gate":"ACTIVE","dt_expected":1173,"dt_conserve_ratio":1.96,"pwm":91,"v":15.09}
2026-08-26T14:16:42-0700	ngr/loco/9950012/alert	{"level":"CLEAR","reason":"STATUS","loco":"9950012","uptime_ms":652232,"nav":"NORMAL","moving":1,"pwm":91,"est_mm_s":258,"dir":"CCW","session_dir":"CCW","mdir":"FWD","rear":45,"front":40,"env":1500,"lc_mm":45,"last_confirmed_landmark":"","age_ms":513,"since":0,"dead_reckoned_mm":45,"candidate_mm":-1,"viable":[],"lostm":0,"lost_ms":0,"agree":338,"disagree":0,"losts":0,"auto":0}
2026-08-26T14:16:43-0700	ngr/loco/9950012/cmd/throttle	73
2026-08-26T14:16:43-0700	ngr/loco/9950012/cmd/throttle	55
2026-08-26T14:16:43-0700	ngr/loco/9950012/cmd/throttle	43
2026-08-26T14:16:43-0700	ngr/loco/9950012/cmd/throttle	30
2026-08-26T14:16:43-0700	ngr/loco/9950012/cmd/throttle	17
2026-08-26T14:16:43-0700	ngr/loco/9950012/cmd/throttle	0
2026-08-26T14:16:43-0700	ngr/loco/9950012/state/throttle	30
2026-08-26T14:16:43-0700	ngr/loco/9950012/state/start_mm	45
2026-08-26T14:16:43-0700	ngr/loco/9950012/state/loopstat	{"loop_max_gap_ms":34,"hall_task_max_gap_ms":2,"hall_task_age_ms":1,"baseline":1807,"raw":1807,"delta":0,"queue_drops":0,"floor_rejects":0,"queue_high_water":1,"mqtt_connect_ms":771,"mqtt_attempts":1,"pub_drops":0,"pub_queue_hw":2,"cmd_drops":0,"pub_per_s":5,"marker_pub_drops":0,"marker_pub_hw":1,"nav":"NORMAL","mm":45,"miss_streak":0,"pwm":89,"lost_markers":0,"lost_ms":0,"motor_dir":"FWD"}
2026-08-26T14:16:43-0700	ngr/loco/9950012/state/nav	{"event":"AGREE","state":"NORMAL","nav_state":"NORMAL","mm":44,"landmark":"","dir":"CCW","miss_streak":0,"obs":"N","expected":"N","peak":172,"ms":162,"drift":0,"dt":1158,"agree":339,"disagree":0,"lost":0,"scores":[0,0,0,0,0,0],"excluded":[false,false,false,false,false,false],"leader":null,"runner_up":null,"margin":0,"motor_dir":"FWD"}
2026-08-26T14:16:43-0700	ngr/loco/9950012/mm/marker	{"mm":44,"landmark":"","obs":"N","peak":172,"ms":162,"drift":0,"dt":1158,"timing_gate":"RAMP","dt_expected":0,"dt_conserve_ratio":-1.00,"pwm":87,"v":15.09}
2026-08-26T14:16:43-0700	ngr/loco/9950012/alert	{"level":"CLEAR","reason":"STATUS","loco":"9950012","uptime_ms":653232,"nav":"NORMAL","moving":1,"pwm":84,"est_mm_s":259,"dir":"CCW","session_dir":"CCW","mdir":"FWD","rear":44,"front":39,"env":1500,"lc_mm":44,"last_confirmed_landmark":"","age_ms":355,"since":0,"dead_reckoned_mm":44,"candidate_mm":-1,"viable":[],"lostm":0,"lost_ms":0,"agree":339,"disagree":0,"losts":0,"auto":0}
2026-08-26T14:16:44-0700	ngr/loco/9950012/state/throttle	0
2026-08-26T14:16:44-0700	ngr/loco/9950012/state/start_mm	44
2026-08-26T14:16:44-0700	ngr/loco/9950012/state/loopstat	{"loop_max_gap_ms":33,"hall_task_max_gap_ms":2,"hall_task_age_ms":1,"baseline":1807,"raw":1807,"delta":0,"queue_drops":0,"floor_rejects":0,"queue_high_water":1,"mqtt_connect_ms":771,"mqtt_attempts":1,"pub_drops":0,"pub_queue_hw":2,"cmd_drops":0,"pub_per_s":5,"marker_pub_drops":0,"marker_pub_hw":1,"nav":"NORMAL","mm":44,"miss_streak":0,"pwm":82,"lost_markers":0,"lost_ms":0,"motor_dir":"FWD"}
2026-08-26T14:16:44-0700	ngr/loco/9950012/alert	{"level":"CLEAR","reason":"STATUS","loco":"9950012","uptime_ms":654232,"nav":"NORMAL","moving":1,"pwm":78,"est_mm_s":259,"dir":"CCW","session_dir":"CCW","mdir":"FWD","rear":44,"front":39,"env":1500,"lc_mm":44,"last_confirmed_landmark":"","age_ms":1355,"since":0,"dead_reckoned_mm":44,"candidate_mm":-1,"viable":[],"lostm":0,"lost_ms":0,"agree":339,"disagree":0,"losts":0,"auto":0}
2026-08-26T14:16:45-0700	ngr/loco/9950012/state/nav	{"event":"AGREE","state":"NORMAL","nav_state":"NORMAL","mm":43,"landmark":"","dir":"CCW","miss_streak":0,"obs":"S","expected":"S","peak":181,"ms":183,"drift":0,"dt":1253,"agree":340,"disagree":0,"lost":0,"scores":[0,0,0,0,0,0],"excluded":[false,false,false,false,false,false],"leader":null,"runner_up":null,"margin":0,"motor_dir":"FWD"}
2026-08-26T14:16:45-0700	ngr/loco/9950012/mm/marker	{"mm":43,"landmark":"","obs":"S","peak":181,"ms":183,"drift":0,"dt":1253,"timing_gate":"RAMP","dt_expected":0,"dt_conserve_ratio":-1.00,"pwm":78,"v":15.09}
2026-08-26T14:16:45-0700	ngr/loco/9950012/state/start_mm	43
2026-08-26T14:16:45-0700	ngr/loco/9950012/state/loopstat	{"loop_max_gap_ms":33,"hall_task_max_gap_ms":3,"hall_task_age_ms":1,"baseline":1807,"raw":1807,"delta":0,"queue_drops":0,"floor_rejects":0,"queue_high_water":1,"mqtt_connect_ms":771,"mqtt_attempts":1,"pub_drops":0,"pub_queue_hw":1,"cmd_drops":0,"pub_per_s":4,"marker_pub_drops":0,"marker_pub_hw":1,"nav":"NORMAL","mm":43,"miss_streak":0,"pwm":76,"lost_markers":0,"lost_ms":0,"motor_dir":"FWD"}
2026-08-26T14:16:45-0700	ngr/loco/9950012/telem/voltage	15.09
2026-08-26T14:16:45-0700	ngr/loco/9950012/telem/current	0.35
2026-08-26T14:16:45-0700	ngr/loco/9950012/telem/power	5.30
2026-08-26T14:16:45-0700	ngr/loco/9950012/alert	{"level":"CLEAR","reason":"STATUS","loco":"9950012","uptime_ms":655232,"nav":"NORMAL","moving":1,"pwm":71,"est_mm_s":239,"dir":"CCW","session_dir":"CCW","mdir":"FWD","rear":43,"front":38,"env":1500,"lc_mm":43,"last_confirmed_landmark":"","age_ms":1102,"since":0,"dead_reckoned_mm":43,"candidate_mm":-1,"viable":[],"lostm":0,"lost_ms":0,"agree":340,"disagree":0,"losts":0,"auto":0}
2026-08-26T14:16:46-0700	ngr/loco/9950012/state/loopstat	{"loop_max_gap_ms":33,"hall_task_max_gap_ms":3,"hall_task_age_ms":1,"baseline":1807,"raw":1794,"delta":-13,"queue_drops":0,"floor_rejects":0,"queue_high_water":0,"mqtt_connect_ms":771,"mqtt_attempts":1,"pub_drops":0,"pub_queue_hw":3,"cmd_drops":0,"pub_per_s":4,"marker_pub_drops":0,"marker_pub_hw":0,"nav":"NORMAL","mm":43,"miss_streak":0,"pwm":69,"lost_markers":0,"lost_ms":0,"motor_dir":"FWD"}
2026-08-26T14:16:46-0700	ngr/loco/9950012/state/nav	{"event":"AGREE","state":"NORMAL","nav_state":"NORMAL","mm":42,"landmark":"","dir":"CCW","miss_streak":0,"obs":"N","expected":"N","peak":164,"ms":201,"drift":0,"dt":1465,"agree":341,"disagree":0,"lost":0,"scores":[0,0,0,0,0,0],"excluded":[false,false,false,false,false,false],"leader":null,"runner_up":null,"margin":0,"motor_dir":"FWD"}
2026-08-26T14:16:46-0700	ngr/loco/9950012/mm/marker	{"mm":42,"landmark":"","obs":"N","peak":164,"ms":201,"drift":0,"dt":1465,"timing_gate":"RAMP","dt_expected":0,"dt_conserve_ratio":-1.00,"pwm":69,"v":15.09}
2026-08-26T14:16:46-0700	ngr/loco/9950012/alert	{"level":"CLEAR","reason":"STATUS","loco":"9950012","uptime_ms":656232,"nav":"NORMAL","moving":1,"pwm":64,"est_mm_s":204,"dir":"CCW","session_dir":"CCW","mdir":"FWD","rear":42,"front":37,"env":1500,"lc_mm":42,"last_confirmed_landmark":"","age_ms":637,"since":0,"dead_reckoned_mm":42,"candidate_mm":-1,"viable":[],"lostm":0,"lost_ms":0,"agree":341,"disagree":0,"losts":0,"auto":0}
2026-08-26T14:16:47-0700	ngr/loco/9950012/state/loopstat	{"loop_max_gap_ms":34,"hall_task_max_gap_ms":2,"hall_task_age_ms":1,"baseline":1807,"raw":1807,"delta":0,"queue_drops":0,"floor_rejects":0,"queue_high_water":1,"mqtt_connect_ms":771,"mqtt_attempts":1,"pub_drops":0,"pub_queue_hw":1,"cmd_drops":0,"pub_per_s":3,"marker_pub_drops":0,"marker_pub_hw":1,"nav":"NORMAL","mm":42,"miss_streak":0,"pwm":62,"lost_markers":0,"lost_ms":0,"motor_dir":"FWD"}
2026-08-26T14:16:47-0700	ngr/loco/9950012/state/start_mm	42
2026-08-26T14:16:47-0700	ngr/loco/9950012/alert	{"level":"CLEAR","reason":"STATUS","loco":"9950012","uptime_ms":657232,"nav":"NORMAL","moving":1,"pwm":58,"est_mm_s":204,"dir":"CCW","session_dir":"CCW","mdir":"FWD","rear":42,"front":37,"env":1500,"lc_mm":42,"last_confirmed_landmark":"","age_ms":1637,"since":0,"dead_reckoned_mm":42,"candidate_mm":-1,"viable":[],"lostm":0,"lost_ms":0,"agree":341,"disagree":0,"losts":0,"auto":0}
2026-08-26T14:16:48-0700	ngr/loco/9950012/state/loopstat	{"loop_max_gap_ms":33,"hall_task_max_gap_ms":3,"hall_task_age_ms":1,"baseline":1807,"raw":1632,"delta":-175,"queue_drops":0,"floor_rejects":0,"queue_high_water":0,"mqtt_connect_ms":771,"mqtt_attempts":1,"pub_drops":0,"pub_queue_hw":2,"cmd_drops":0,"pub_per_s":2,"marker_pub_drops":0,"marker_pub_hw":0,"nav":"NORMAL","mm":42,"miss_streak":0,"pwm":56,"lost_markers":0,"lost_ms":0,"motor_dir":"FWD"}
2026-08-26T14:16:48-0700	ngr/loco/9950012/state/nav	{"event":"AGREE","state":"NORMAL","nav_state":"NORMAL","mm":41,"landmark":"","dir":"CCW","miss_streak":0,"obs":"S","expected":"S","peak":191,"ms":269,"drift":0,"dt":1786,"agree":342,"disagree":0,"lost":0,"scores":[0,0,0,0,0,0],"excluded":[false,false,false,false,false,false],"leader":null,"runner_up":null,"margin":0,"motor_dir":"FWD"}
2026-08-26T14:16:48-0700	ngr/loco/9950012/mm/marker	{"mm":41,"landmark":"","obs":"S","peak":191,"ms":269,"drift":0,"dt":1786,"timing_gate":"RAMP","dt_expected":0,"dt_conserve_ratio":-1.00,"pwm":57,"v":15.09}
2026-08-26T14:16:48-0700	ngr/loco/9950012/alert	{"level":"CLEAR","reason":"STATUS","loco":"9950012","uptime_ms":658232,"nav":"NORMAL","moving":1,"pwm":51,"est_mm_s":167,"dir":"CCW","session_dir":"CCW","mdir":"FWD","rear":41,"front":36,"env":1500,"lc_mm":41,"last_confirmed_landmark":"","age_ms":851,"since":0,"dead_reckoned_mm":41,"candidate_mm":-1,"viable":[],"lostm":0,"lost_ms":0,"agree":342,"disagree":0,"losts":0,"auto":0}
2026-08-26T14:16:49-0700	ngr/loco/9950012/state/start_mm	41
2026-08-26T14:16:49-0700	ngr/loco/9950012/state/loopstat	{"loop_max_gap_ms":34,"hall_task_max_gap_ms":2,"hall_task_age_ms":1,"baseline":1807,"raw":1807,"delta":0,"queue_drops":0,"floor_rejects":0,"queue_high_water":1,"mqtt_connect_ms":771,"mqtt_attempts":1,"pub_drops":0,"pub_queue_hw":1,"cmd_drops":0,"pub_per_s":4,"marker_pub_drops":0,"marker_pub_hw":1,"nav":"NORMAL","mm":41,"miss_streak":0,"pwm":49,"lost_markers":0,"lost_ms":0,"motor_dir":"FWD"}
2026-08-26T14:16:49-0700	ngr/loco/9950012/alert	{"level":"CLEAR","reason":"STATUS","loco":"9950012","uptime_ms":659232,"nav":"NORMAL","moving":1,"pwm":44,"est_mm_s":167,"dir":"CCW","session_dir":"CCW","mdir":"FWD","rear":41,"front":36,"env":1500,"lc_mm":41,"last_confirmed_landmark":"","age_ms":1851,"since":0,"dead_reckoned_mm":41,"candidate_mm":-1,"viable":[],"lostm":0,"lost_ms":0,"agree":342,"disagree":0,"losts":0,"auto":0}
2026-08-26T14:16:50-0700	ngr/loco/9950012/state/loopstat	{"loop_max_gap_ms":34,"hall_task_max_gap_ms":4,"hall_task_age_ms":1,"baseline":1807,"raw":1810,"delta":3,"queue_drops":0,"floor_rejects":0,"queue_high_water":0,"mqtt_connect_ms":771,"mqtt_attempts":1,"pub_drops":0,"pub_queue_hw":1,"cmd_drops":0,"pub_per_s":1,"marker_pub_drops":0,"marker_pub_hw":0,"nav":"NORMAL","mm":41,"miss_streak":0,"pwm":42,"lost_markers":0,"lost_ms":0,"motor_dir":"FWD"}
2026-08-26T14:16:50-0700	ngr/loco/9950012/telem/voltage	15.10
2026-08-26T14:16:50-0700	ngr/loco/9950012/telem/current	0.27
2026-08-26T14:16:50-0700	ngr/loco/9950012/telem/power	4.02
2026-08-26T14:16:50-0700	ngr/loco/9950012/alert	{"level":"CLEAR","reason":"STATUS","loco":"9950012","uptime_ms":660232,"nav":"NORMAL","moving":1,"pwm":38,"est_mm_s":167,"dir":"CCW","session_dir":"CCW","mdir":"FWD","rear":41,"front":36,"env":1500,"lc_mm":41,"last_confirmed_landmark":"","age_ms":2851,"since":0,"dead_reckoned_mm":41,"candidate_mm":-1,"viable":[],"lostm":0,"lost_ms":0,"agree":342,"disagree":0,"losts":0,"auto":0}
2026-08-26T14:16:51-0700	ngr/loco/9950012/state/nav	{"event":"AGREE","state":"NORMAL","nav_state":"NORMAL","mm":40,"landmark":"","dir":"CCW","miss_streak":0,"obs":"S","expected":"S","peak":194,"ms":434,"drift":0,"dt":2473,"agree":343,"disagree":0,"lost":0,"scores":[0,0,0,0,0,0],"excluded":[false,false,false,false,false,false],"leader":null,"runner_up":null,"margin":0,"motor_dir":"FWD"}
2026-08-26T14:16:51-0700	ngr/loco/9950012/mm/marker	{"mm":40,"landmark":"","obs":"S","peak":194,"ms":434,"drift":0,"dt":2473,"timing_gate":"RAMP","dt_expected":0,"dt_conserve_ratio":-1.00,"pwm":40,"v":15.10}
2026-08-26T14:16:51-0700	ngr/loco/9950012/state/start_mm	40
2026-08-26T14:16:51-0700	ngr/loco/9950012/state/loopstat	{"loop_max_gap_ms":34,"hall_task_max_gap_ms":2,"hall_task_age_ms":1,"baseline":1807,"raw":1810,"delta":3,"queue_drops":0,"floor_rejects":0,"queue_high_water":1,"mqtt_connect_ms":771,"mqtt_attempts":1,"pub_drops":0,"pub_queue_hw":3,"cmd_drops":0,"pub_per_s":7,"marker_pub_drops":0,"marker_pub_hw":1,"nav":"NORMAL","mm":40,"miss_streak":0,"pwm":36,"lost_markers":0,"lost_ms":0,"motor_dir":"FWD"}
2026-08-26T14:16:51-0700	ngr/loco/9950012/alert	{"level":"CLEAR","reason":"STATUS","loco":"9950012","uptime_ms":661232,"nav":"NORMAL","moving":1,"pwm":31,"est_mm_s":121,"dir":"CCW","session_dir":"CCW","mdir":"FWD","rear":40,"front":35,"env":1500,"lc_mm":40,"last_confirmed_landmark":"","age_ms":1378,"since":0,"dead_reckoned_mm":40,"candidate_mm":-1,"viable":[],"lostm":0,"lost_ms":0,"agree":343,"disagree":0,"losts":0,"auto":0}
2026-08-26T14:16:52-0700	ngr/loco/9950012/state/loopstat	{"loop_max_gap_ms":34,"hall_task_max_gap_ms":3,"hall_task_age_ms":1,"baseline":1807,"raw":1807,"delta":0,"queue_drops":0,"floor_rejects":0,"queue_high_water":0,"mqtt_connect_ms":771,"mqtt_attempts":1,"pub_drops":0,"pub_queue_hw":1,"cmd_drops":0,"pub_per_s":1,"marker_pub_drops":0,"marker_pub_hw":0,"nav":"NORMAL","mm":40,"miss_streak":0,"pwm":29,"lost_markers":0,"lost_ms":0,"motor_dir":"FWD"}
2026-08-26T14:16:52-0700	ngr/loco/9950012/alert	{"level":"CLEAR","reason":"STATUS","loco":"9950012","uptime_ms":662232,"nav":"NORMAL","moving":1,"pwm":24,"est_mm_s":121,"dir":"CCW","session_dir":"CCW","mdir":"FWD","rear":40,"front":35,"env":1500,"lc_mm":40,"last_confirmed_landmark":"","age_ms":2378,"since":0,"dead_reckoned_mm":40,"candidate_mm":-1,"viable":[],"lostm":0,"lost_ms":0,"agree":343,"disagree":0,"losts":0,"auto":0}
2026-08-26T14:16:53-0700	ngr/loco/9950012/state/loopstat	{"loop_max_gap_ms":33,"hall_task_max_gap_ms":2,"hall_task_age_ms":1,"baseline":1807,"raw":1810,"delta":3,"queue_drops":0,"floor_rejects":0,"queue_high_water":0,"mqtt_connect_ms":771,"mqtt_attempts":1,"pub_drops":0,"pub_queue_hw":1,"cmd_drops":0,"pub_per_s":1,"marker_pub_drops":0,"marker_pub_hw":0,"nav":"NORMAL","mm":40,"miss_streak":0,"pwm":22,"lost_markers":0,"lost_ms":0,"motor_dir":"FWD"}
2026-08-26T14:16:53-0700	ngr/loco/9950012/alert	{"level":"CLEAR","reason":"STATUS","loco":"9950012","uptime_ms":663232,"nav":"NORMAL","moving":1,"pwm":18,"est_mm_s":121,"dir":"CCW","session_dir":"CCW","mdir":"FWD","rear":40,"front":35,"env":1500,"lc_mm":40,"last_confirmed_landmark":"","age_ms":3378,"since":0,"dead_reckoned_mm":40,"candidate_mm":-1,"viable":[],"lostm":0,"lost_ms":0,"agree":343,"disagree":0,"losts":0,"auto":0}
2026-08-26T14:16:54-0700	ngr/loco/9950012/state/loopstat	{"loop_max_gap_ms":33,"hall_task_max_gap_ms":2,"hall_task_age_ms":1,"baseline":1807,"raw":1807,"delta":0,"queue_drops":0,"floor_rejects":0,"queue_high_water":0,"mqtt_connect_ms":771,"mqtt_attempts":1,"pub_drops":0,"pub_queue_hw":1,"cmd_drops":0,"pub_per_s":1,"marker_pub_drops":0,"marker_pub_hw":0,"nav":"NORMAL","mm":40,"miss_streak":0,"pwm":16,"lost_markers":0,"lost_ms":0,"motor_dir":"FWD"}
2026-08-26T14:16:54-0700	ngr/loco/9950012/alert	{"level":"CLEAR","reason":"STATUS","loco":"9950012","uptime_ms":664232,"nav":"NORMAL","moving":1,"pwm":11,"est_mm_s":121,"dir":"CCW","session_dir":"CCW","mdir":"FWD","rear":40,"front":35,"env":1500,"lc_mm":40,"last_confirmed_landmark":"","age_ms":4378,"since":0,"dead_reckoned_mm":40,"candidate_mm":-1,"viable":[],"lostm":0,"lost_ms":0,"agree":343,"disagree":0,"losts":0,"auto":0}
2026-08-26T14:16:55-0700	ngr/loco/9950012/state/loopstat	{"loop_max_gap_ms":33,"hall_task_max_gap_ms":2,"hall_task_age_ms":1,"baseline":1807,"raw":1808,"delta":1,"queue_drops":0,"floor_rejects":0,"queue_high_water":0,"mqtt_connect_ms":771,"mqtt_attempts":1,"pub_drops":0,"pub_queue_hw":1,"cmd_drops":0,"pub_per_s":1,"marker_pub_drops":0,"marker_pub_hw":0,"nav":"NORMAL","mm":40,"miss_streak":0,"pwm":9,"lost_markers":0,"lost_ms":0,"motor_dir":"FWD"}
2026-08-26T14:16:55-0700	ngr/loco/9950012/telem/voltage	15.10
2026-08-26T14:16:55-0700	ngr/loco/9950012/telem/current	0.23
2026-08-26T14:16:55-0700	ngr/loco/9950012/telem/power	3.35
2026-08-26T14:16:55-0700	ngr/loco/9950012/alert	{"level":"CLEAR","reason":"STATUS","loco":"9950012","uptime_ms":665232,"nav":"NORMAL","moving":1,"pwm":4,"est_mm_s":121,"dir":"CCW","session_dir":"CCW","mdir":"FWD","rear":40,"front":35,"env":1500,"lc_mm":40,"last_confirmed_landmark":"","age_ms":5378,"since":0,"dead_reckoned_mm":40,"candidate_mm":-1,"viable":[],"lostm":0,"lost_ms":0,"agree":343,"disagree":0,"losts":0,"auto":0}
2026-08-26T14:16:56-0700	ngr/loco/9950012/state/loopstat	{"loop_max_gap_ms":34,"hall_task_max_gap_ms":2,"hall_task_age_ms":1,"baseline":1807,"raw":1807,"delta":0,"queue_drops":0,"floor_rejects":0,"queue_high_water":0,"mqtt_connect_ms":771,"mqtt_attempts":1,"pub_drops":0,"pub_queue_hw":3,"cmd_drops":0,"pub_per_s":4,"marker_pub_drops":0,"marker_pub_hw":0,"nav":"NORMAL","mm":40,"miss_streak":0,"pwm":2,"lost_markers":0,"lost_ms":0,"motor_dir":"FWD"}
2026-08-26T14:16:56-0700	ngr/loco/9950012/alert	{"level":"CLEAR","reason":"STATUS","loco":"9950012","uptime_ms":666232,"nav":"NORMAL","moving":0,"pwm":0,"est_mm_s":121,"dir":"CCW","session_dir":"CCW","mdir":"FWD","rear":40,"front":35,"env":1500,"lc_mm":40,"last_confirmed_landmark":"","age_ms":6378,"since":0,"dead_reckoned_mm":40,"candidate_mm":-1,"viable":[],"lostm":0,"lost_ms":0,"agree":343,"disagree":0,"losts":0,"auto":0}
2026-08-26T14:16:57-0700	ngr/loco/9950012/state/loopstat	{"loop_max_gap_ms":33,"hall_task_max_gap_ms":2,"hall_task_age_ms":1,"baseline":1807,"raw":1807,"delta":0,"queue_drops":0,"floor_rejects":0,"queue_high_water":0,"mqtt_connect_ms":771,"mqtt_attempts":1,"pub_drops":0,"pub_queue_hw":1,"cmd_drops":0,"pub_per_s":1,"marker_pub_drops":0,"marker_pub_hw":0,"nav":"NORMAL","mm":40,"miss_streak":0,"pwm":0,"lost_markers":0,"lost_ms":0,"motor_dir":"FWD"}
2026-08-26T14:16:57-0700	ngr/loco/9950012/alert	{"level":"CLEAR","reason":"STATUS","loco":"9950012","uptime_ms":667232,"nav":"NORMAL","moving":0,"pwm":0,"est_mm_s":121,"dir":"CCW","session_dir":"CCW","mdir":"FWD","rear":40,"front":35,"env":1500,"lc_mm":40,"last_confirmed_landmark":"","age_ms":7378,"since":0,"dead_reckoned_mm":40,"candidate_mm":-1,"viable":[],"lostm":0,"lost_ms":0,"agree":343,"disagree":0,"losts":0,"auto":0}
2026-08-26T14:16:58-0700	ngr/loco/9950012/state/loopstat	{"loop_max_gap_ms":33,"hall_task_max_gap_ms":3,"hall_task_age_ms":1,"baseline":1807,"raw":1807,"delta":0,"queue_drops":0,"floor_rejects":0,"queue_high_water":0,"mqtt_connect_ms":771,"mqtt_attempts":1,"pub_drops":0,"pub_queue_hw":1,"cmd_drops":0,"pub_per_s":1,"marker_pub_drops":0,"marker_pub_hw":0,"nav":"NORMAL","mm":40,"miss_streak":0,"pwm":0,"lost_markers":0,"lost_ms":0,"motor_dir":"FWD"}
2026-08-26T14:16:58-0700	ngr/loco/9950012/alert	{"level":"CLEAR","reason":"STATUS","loco":"9950012","uptime_ms":668232,"nav":"NORMAL","moving":0,"pwm":0,"est_mm_s":121,"dir":"CCW","session_dir":"CCW","mdir":"FWD","rear":40,"front":35,"env":1500,"lc_mm":40,"last_confirmed_landmark":"","age_ms":8378,"since":0,"dead_reckoned_mm":40,"candidate_mm":-1,"viable":[],"lostm":0,"lost_ms":0,"agree":343,"disagree":0,"losts":0,"auto":0}
2026-08-26T14:16:59-0700	ngr/loco/9950012/state/loopstat	{"loop_max_gap_ms":34,"hall_task_max_gap_ms":3,"hall_task_age_ms":1,"baseline":1807,"raw":1807,"delta":0,"queue_drops":0,"floor_rejects":0,"queue_high_water":0,"mqtt_connect_ms":771,"mqtt_attempts":1,"pub_drops":0,"pub_queue_hw":1,"cmd_drops":0,"pub_per_s":1,"marker_pub_drops":0,"marker_pub_hw":0,"nav":"NORMAL","mm":40,"miss_streak":0,"pwm":0,"lost_markers":0,"lost_ms":0,"motor_dir":"FWD"}
2026-08-26T14:16:59-0700	ngr/loco/9950012/alert	{"level":"CLEAR","reason":"STATUS","loco":"9950012","uptime_ms":669232,"nav":"NORMAL","moving":0,"pwm":0,"est_mm_s":121,"dir":"CCW","session_dir":"CCW","mdir":"FWD","rear":40,"front":35,"env":1500,"lc_mm":40,"last_confirmed_landmark":"","age_ms":9378,"since":0,"dead_reckoned_mm":40,"candidate_mm":-1,"viable":[],"lostm":0,"lost_ms":0,"agree":343,"disagree":0,"losts":0,"auto":0}
2026-08-26T14:17:00-0700	ngr/loco/9950012/state/loopstat	{"loop_max_gap_ms":33,"hall_task_max_gap_ms":2,"hall_task_age_ms":1,"baseline":1807,"raw":1807,"delta":0,"queue_drops":0,"floor_rejects":0,"queue_high_water":0,"mqtt_connect_ms":771,"mqtt_attempts":1,"pub_drops":0,"pub_queue_hw":1,"cmd_drops":0,"pub_per_s":1,"marker_pub_drops":0,"marker_pub_hw":0,"nav":"NORMAL","mm":40,"miss_streak":0,"pwm":0,"lost_markers":0,"lost_ms":0,"motor_dir":"FWD"}
2026-08-26T14:17:00-0700	ngr/loco/9950012/telem/voltage	15.10
2026-08-26T14:17:00-0700	ngr/loco/9950012/telem/current	0.20
2026-08-26T14:17:00-0700	ngr/loco/9950012/telem/power	3.00
2026-08-26T14:17:00-0700	ngr/loco/9950012/alert	{"level":"CLEAR","reason":"STATUS","loco":"9950012","uptime_ms":670232,"nav":"NORMAL","moving":0,"pwm":0,"est_mm_s":121,"dir":"CCW","session_dir":"CCW","mdir":"FWD","rear":40,"front":35,"env":1500,"lc_mm":40,"last_confirmed_landmark":"","age_ms":10378,"since":0,"dead_reckoned_mm":40,"candidate_mm":-1,"viable":[],"lostm":0,"lost_ms":0,"agree":343,"disagree":0,"losts":0,"auto":0}
2026-08-26T14:17:01-0700	ngr/loco/9950012/state/loopstat	{"loop_max_gap_ms":33,"hall_task_max_gap_ms":2,"hall_task_age_ms":1,"baseline":1807,"raw":1807,"delta":0,"queue_drops":0,"floor_rejects":0,"queue_high_water":0,"mqtt_connect_ms":771,"mqtt_attempts":1,"pub_drops":0,"pub_queue_hw":3,"cmd_drops":0,"pub_per_s":4,"marker_pub_drops":0,"marker_pub_hw":0,"nav":"NORMAL","mm":40,"miss_streak":0,"pwm":0,"lost_markers":0,"lost_ms":0,"motor_dir":"FWD"}
2026-08-26T14:17:01-0700	ngr/loco/9950012/alert	{"level":"CLEAR","reason":"STATUS","loco":"9950012","uptime_ms":671232,"nav":"NORMAL","moving":0,"pwm":0,"est_mm_s":121,"dir":"CCW","session_dir":"CCW","mdir":"FWD","rear":40,"front":35,"env":1500,"lc_mm":40,"last_confirmed_landmark":"","age_ms":11378,"since":0,"dead_reckoned_mm":40,"candidate_mm":-1,"viable":[],"lostm":0,"lost_ms":0,"agree":343,"disagree":0,"losts":0,"auto":0}
2026-08-26T14:17:02-0700	ngr/loco/9950012/state/loopstat	{"loop_max_gap_ms":33,"hall_task_max_gap_ms":2,"hall_task_age_ms":1,"baseline":1807,"raw":1808,"delta":1,"queue_drops":0,"floor_rejects":0,"queue_high_water":0,"mqtt_connect_ms":771,"mqtt_attempts":1,"pub_drops":0,"pub_queue_hw":1,"cmd_drops":0,"pub_per_s":1,"marker_pub_drops":0,"marker_pub_hw":0,"nav":"NORMAL","mm":40,"miss_streak":0,"pwm":0,"lost_markers":0,"lost_ms":0,"motor_dir":"FWD"}
2026-08-26T14:17:02-0700	ngr/loco/9950012/alert	{"level":"CLEAR","reason":"STATUS","loco":"9950012","uptime_ms":672232,"nav":"NORMAL","moving":0,"pwm":0,"est_mm_s":121,"dir":"CCW","session_dir":"CCW","mdir":"FWD","rear":40,"front":35,"env":1500,"lc_mm":40,"last_confirmed_landmark":"","age_ms":12378,"since":0,"dead_reckoned_mm":40,"candidate_mm":-1,"viable":[],"lostm":0,"lost_ms":0,"agree":343,"disagree":0,"losts":0,"auto":0}
2026-08-26T14:17:03-0700	ngr/loco/9950012/state/loopstat	{"loop_max_gap_ms":33,"hall_task_max_gap_ms":2,"hall_task_age_ms":1,"baseline":1807,"raw":1806,"delta":-1,"queue_drops":0,"floor_rejects":0,"queue_high_water":0,"mqtt_connect_ms":771,"mqtt_attempts":1,"pub_drops":0,"pub_queue_hw":1,"cmd_drops":0,"pub_per_s":1,"marker_pub_drops":0,"marker_pub_hw":0,"nav":"NORMAL","mm":40,"miss_streak":0,"pwm":0,"lost_markers":0,"lost_ms":0,"motor_dir":"FWD"}
2026-08-26T14:17:03-0700	ngr/loco/9950012/alert	{"level":"CLEAR","reason":"STATUS","loco":"9950012","uptime_ms":673232,"nav":"NORMAL","moving":0,"pwm":0,"est_mm_s":121,"dir":"CCW","session_dir":"CCW","mdir":"FWD","rear":40,"front":35,"env":1500,"lc_mm":40,"last_confirmed_landmark":"","age_ms":13378,"since":0,"dead_reckoned_mm":40,"candidate_mm":-1,"viable":[],"lostm":0,"lost_ms":0,"agree":343,"disagree":0,"losts":0,"auto":0}
2026-08-26T14:17:04-0700	ngr/loco/9950012/state/loopstat	{"loop_max_gap_ms":34,"hall_task_max_gap_ms":2,"hall_task_age_ms":1,"baseline":1807,"raw":1808,"delta":1,"queue_drops":0,"floor_rejects":0,"queue_high_water":0,"mqtt_connect_ms":771,"mqtt_attempts":1,"pub_drops":0,"pub_queue_hw":1,"cmd_drops":0,"pub_per_s":1,"marker_pub_drops":0,"marker_pub_hw":0,"nav":"NORMAL","mm":40,"miss_streak":0,"pwm":0,"lost_markers":0,"lost_ms":0,"motor_dir":"FWD"}
2026-08-26T14:17:04-0700	ngr/loco/9950012/alert	{"level":"CLEAR","reason":"STATUS","loco":"9950012","uptime_ms":674232,"nav":"NORMAL","moving":0,"pwm":0,"est_mm_s":121,"dir":"CCW","session_dir":"CCW","mdir":"FWD","rear":40,"front":35,"env":1500,"lc_mm":40,"last_confirmed_landmark":"","age_ms":14378,"since":0,"dead_reckoned_mm":40,"candidate_mm":-1,"viable":[],"lostm":0,"lost_ms":0,"agree":343,"disagree":0,"losts":0,"auto":0}
2026-08-26T14:17:05-0700	ngr/loco/9950012/state/loopstat	{"loop_max_gap_ms":33,"hall_task_max_gap_ms":2,"hall_task_age_ms":1,"baseline":1807,"raw":1807,"delta":0,"queue_drops":0,"floor_rejects":0,"queue_high_water":0,"mqtt_connect_ms":771,"mqtt_attempts":1,"pub_drops":0,"pub_queue_hw":1,"cmd_drops":0,"pub_per_s":1,"marker_pub_drops":0,"marker_pub_hw":0,"nav":"NORMAL","mm":40,"miss_streak":0,"pwm":0,"lost_markers":0,"lost_ms":0,"motor_dir":"FWD"}
2026-08-26T14:17:05-0700	ngr/loco/9950012/telem/voltage	15.08
2026-08-26T14:17:05-0700	ngr/loco/9950012/telem/current	0.21
2026-08-26T14:17:05-0700	ngr/loco/9950012/telem/power	3.10
2026-08-26T14:17:05-0700	ngr/loco/9950012/alert	{"level":"CLEAR","reason":"STATUS","loco":"9950012","uptime_ms":675232,"nav":"NORMAL","moving":0,"pwm":0,"est_mm_s":121,"dir":"CCW","session_dir":"CCW","mdir":"FWD","rear":40,"front":35,"env":1500,"lc_mm":40,"last_confirmed_landmark":"","age_ms":15378,"since":0,"dead_reckoned_mm":40,"candidate_mm":-1,"viable":[],"lostm":0,"lost_ms":0,"agree":343,"disagree":0,"losts":0,"auto":0}
2026-08-26T14:17:06-0700	ngr/loco/9950012/state/loopstat	{"loop_max_gap_ms":34,"hall_task_max_gap_ms":3,"hall_task_age_ms":1,"baseline":1807,"raw":1808,"delta":1,"queue_drops":0,"floor_rejects":0,"queue_high_water":0,"mqtt_connect_ms":771,"mqtt_attempts":1,"pub_drops":0,"pub_queue_hw":3,"cmd_drops":0,"pub_per_s":4,"marker_pub_drops":0,"marker_pub_hw":0,"nav":"NORMAL","mm":40,"miss_streak":0,"pwm":0,"lost_markers":0,"lost_ms":0,"motor_dir":"FWD"}
2026-08-26T14:17:06-0700	ngr/loco/9950012/alert	{"level":"CLEAR","reason":"STATUS","loco":"9950012","uptime_ms":676232,"nav":"NORMAL","moving":0,"pwm":0,"est_mm_s":121,"dir":"CCW","session_dir":"CCW","mdir":"FWD","rear":40,"front":35,"env":1500,"lc_mm":40,"last_confirmed_landmark":"","age_ms":16378,"since":0,"dead_reckoned_mm":40,"candidate_mm":-1,"viable":[],"lostm":0,"lost_ms":0,"agree":343,"disagree":0,"losts":0,"auto":0}
2026-08-26T14:17:07-0700	ngr/loco/9950012/state/loopstat	{"loop_max_gap_ms":33,"hall_task_max_gap_ms":2,"hall_task_age_ms":1,"baseline":1807,"raw":1807,"delta":0,"queue_drops":0,"floor_rejects":0,"queue_high_water":0,"mqtt_connect_ms":771,"mqtt_attempts":1,"pub_drops":0,"pub_queue_hw":1,"cmd_drops":0,"pub_per_s":1,"marker_pub_drops":0,"marker_pub_hw":0,"nav":"NORMAL","mm":40,"miss_streak":0,"pwm":0,"lost_markers":0,"lost_ms":0,"motor_dir":"FWD"}
2026-08-26T14:17:07-0700	ngr/loco/9950012/alert	{"level":"CLEAR","reason":"STATUS","loco":"9950012","uptime_ms":677232,"nav":"NORMAL","moving":0,"pwm":0,"est_mm_s":121,"dir":"CCW","session_dir":"CCW","mdir":"FWD","rear":40,"front":35,"env":1500,"lc_mm":40,"last_confirmed_landmark":"","age_ms":17378,"since":0,"dead_reckoned_mm":40,"candidate_mm":-1,"viable":[],"lostm":0,"lost_ms":0,"agree":343,"disagree":0,"losts":0,"auto":0}
2026-08-26T14:17:08-0700	ngr/loco/9950012/state/loopstat	{"loop_max_gap_ms":34,"hall_task_max_gap_ms":2,"hall_task_age_ms":1,"baseline":1807,"raw":1807,"delta":0,"queue_drops":0,"floor_rejects":0,"queue_high_water":0,"mqtt_connect_ms":771,"mqtt_attempts":1,"pub_drops":0,"pub_queue_hw":1,"cmd_drops":0,"pub_per_s":1,"marker_pub_drops":0,"marker_pub_hw":0,"nav":"NORMAL","mm":40,"miss_streak":0,"pwm":0,"lost_markers":0,"lost_ms":0,"motor_dir":"FWD"}
2026-08-26T14:17:08-0700	ngr/loco/9950012/alert	{"level":"CLEAR","reason":"STATUS","loco":"9950012","uptime_ms":678232,"nav":"NORMAL","moving":0,"pwm":0,"est_mm_s":121,"dir":"CCW","session_dir":"CCW","mdir":"FWD","rear":40,"front":35,"env":1500,"lc_mm":40,"last_confirmed_landmark":"","age_ms":18378,"since":0,"dead_reckoned_mm":40,"candidate_mm":-1,"viable":[],"lostm":0,"lost_ms":0,"agree":343,"disagree":0,"losts":0,"auto":0}
2026-08-26T14:17:09-0700	ngr/loco/9950012/state/loopstat	{"loop_max_gap_ms":34,"hall_task_max_gap_ms":2,"hall_task_age_ms":1,"baseline":1807,"raw":1808,"delta":1,"queue_drops":0,"floor_rejects":0,"queue_high_water":0,"mqtt_connect_ms":771,"mqtt_attempts":1,"pub_drops":0,"pub_queue_hw":1,"cmd_drops":0,"pub_per_s":1,"marker_pub_drops":0,"marker_pub_hw":0,"nav":"NORMAL","mm":40,"miss_streak":0,"pwm":0,"lost_markers":0,"lost_ms":0,"motor_dir":"FWD"}
2026-08-26T14:17:09-0700	ngr/loco/9950012/alert	{"level":"CLEAR","reason":"STATUS","loco":"9950012","uptime_ms":679232,"nav":"NORMAL","moving":0,"pwm":0,"est_mm_s":121,"dir":"CCW","session_dir":"CCW","mdir":"FWD","rear":40,"front":35,"env":1500,"lc_mm":40,"last_confirmed_landmark":"","age_ms":19378,"since":0,"dead_reckoned_mm":40,"candidate_mm":-1,"viable":[],"lostm":0,"lost_ms":0,"agree":343,"disagree":0,"losts":0,"auto":0}
2026-08-26T14:17:10-0700	ngr/loco/9950012/state/loopstat	{"loop_max_gap_ms":33,"hall_task_max_gap_ms":2,"hall_task_age_ms":1,"baseline":1807,"raw":1807,"delta":0,"queue_drops":0,"floor_rejects":0,"queue_high_water":0,"mqtt_connect_ms":771,"mqtt_attempts":1,"pub_drops":0,"pub_queue_hw":1,"cmd_drops":0,"pub_per_s":1,"marker_pub_drops":0,"marker_pub_hw":0,"nav":"NORMAL","mm":40,"miss_streak":0,"pwm":0,"lost_markers":0,"lost_ms":0,"motor_dir":"FWD"}
2026-08-26T14:17:10-0700	ngr/loco/9950012/telem/voltage	15.10
2026-08-26T14:17:10-0700	ngr/loco/9950012/telem/current	0.21
2026-08-26T14:17:10-0700	ngr/loco/9950012/telem/power	3.27
2026-08-26T14:17:10-0700	ngr/loco/9950012/alert	{"level":"CLEAR","reason":"STATUS","loco":"9950012","uptime_ms":680232,"nav":"NORMAL","moving":0,"pwm":0,"est_mm_s":121,"dir":"CCW","session_dir":"CCW","mdir":"FWD","rear":40,"front":35,"env":1500,"lc_mm":40,"last_confirmed_landmark":"","age_ms":20378,"since":0,"dead_reckoned_mm":40,"candidate_mm":-1,"viable":[],"lostm":0,"lost_ms":0,"agree":343,"disagree":0,"losts":0,"auto":0}
2026-08-26T14:17:11-0700	ngr/loco/9950012/state/loopstat	{"loop_max_gap_ms":33,"hall_task_max_gap_ms":2,"hall_task_age_ms":1,"baseline":1807,"raw":1806,"delta":-1,"queue_drops":0,"floor_rejects":0,"queue_high_water":0,"mqtt_connect_ms":771,"mqtt_attempts":1,"pub_drops":0,"pub_queue_hw":3,"cmd_drops":0,"pub_per_s":4,"marker_pub_drops":0,"marker_pub_hw":0,"nav":"NORMAL","mm":40,"miss_streak":0,"pwm":0,"lost_markers":0,"lost_ms":0,"motor_dir":"FWD"}
2026-08-26T14:17:11-0700	ngr/loco/9950012/alert	{"level":"CLEAR","reason":"STATUS","loco":"9950012","uptime_ms":681232,"nav":"NORMAL","moving":0,"pwm":0,"est_mm_s":121,"dir":"CCW","session_dir":"CCW","mdir":"FWD","rear":40,"front":35,"env":1500,"lc_mm":40,"last_confirmed_landmark":"","age_ms":21378,"since":0,"dead_reckoned_mm":40,"candidate_mm":-1,"viable":[],"lostm":0,"lost_ms":0,"agree":343,"disagree":0,"losts":0,"auto":0}
2026-08-26T14:17:12-0700	ngr/loco/9950012/state/loopstat	{"loop_max_gap_ms":33,"hall_task_max_gap_ms":2,"hall_task_age_ms":1,"baseline":1807,"raw":1807,"delta":0,"queue_drops":0,"floor_rejects":0,"queue_high_water":0,"mqtt_connect_ms":771,"mqtt_attempts":1,"pub_drops":0,"pub_queue_hw":1,"cmd_drops":0,"pub_per_s":1,"marker_pub_drops":0,"marker_pub_hw":0,"nav":"NORMAL","mm":40,"miss_streak":0,"pwm":0,"lost_markers":0,"lost_ms":0,"motor_dir":"FWD"}
2026-08-26T14:17:12-0700	ngr/loco/9950012/alert	{"level":"CLEAR","reason":"STATUS","loco":"9950012","uptime_ms":682232,"nav":"NORMAL","moving":0,"pwm":0,"est_mm_s":121,"dir":"CCW","session_dir":"CCW","mdir":"FWD","rear":40,"front":35,"env":1500,"lc_mm":40,"last_confirmed_landmark":"","age_ms":22378,"since":0,"dead_reckoned_mm":40,"candidate_mm":-1,"viable":[],"lostm":0,"lost_ms":0,"agree":343,"disagree":0,"losts":0,"auto":0}
2026-08-26T14:17:13-0700	ngr/loco/9950012/state/loopstat	{"loop_max_gap_ms":34,"hall_task_max_gap_ms":2,"hall_task_age_ms":1,"baseline":1807,"raw":1807,"delta":0,"queue_drops":0,"floor_rejects":0,"queue_high_water":0,"mqtt_connect_ms":771,"mqtt_attempts":1,"pub_drops":0,"pub_queue_hw":1,"cmd_drops":0,"pub_per_s":1,"marker_pub_drops":0,"marker_pub_hw":0,"nav":"NORMAL","mm":40,"miss_streak":0,"pwm":0,"lost_markers":0,"lost_ms":0,"motor_dir":"FWD"}
2026-08-26T14:17:13-0700	ngr/loco/9950012/alert	{"level":"CLEAR","reason":"STATUS","loco":"9950012","uptime_ms":683232,"nav":"NORMAL","moving":0,"pwm":0,"est_mm_s":121,"dir":"CCW","session_dir":"CCW","mdir":"FWD","rear":40,"front":35,"env":1500,"lc_mm":40,"last_confirmed_landmark":"","age_ms":23378,"since":0,"dead_reckoned_mm":40,"candidate_mm":-1,"viable":[],"lostm":0,"lost_ms":0,"agree":343,"disagree":0,"losts":0,"auto":0}
2026-08-26T14:17:14-0700	ngr/loco/9950012/state/loopstat	{"loop_max_gap_ms":33,"hall_task_max_gap_ms":2,"hall_task_age_ms":1,"baseline":1807,"raw":1806,"delta":-1,"queue_drops":0,"floor_rejects":0,"queue_high_water":0,"mqtt_connect_ms":771,"mqtt_attempts":1,"pub_drops":0,"pub_queue_hw":1,"cmd_drops":0,"pub_per_s":1,"marker_pub_drops":0,"marker_pub_hw":0,"nav":"NORMAL","mm":40,"miss_streak":0,"pwm":0,"lost_markers":0,"lost_ms":0,"motor_dir":"FWD"}
2026-08-26T14:17:14-0700	ngr/loco/9950012/alert	{"level":"CLEAR","reason":"STATUS","loco":"9950012","uptime_ms":684232,"nav":"NORMAL","moving":0,"pwm":0,"est_mm_s":121,"dir":"CCW","session_dir":"CCW","mdir":"FWD","rear":40,"front":35,"env":1500,"lc_mm":40,"last_confirmed_landmark":"","age_ms":24378,"since":0,"dead_reckoned_mm":40,"candidate_mm":-1,"viable":[],"lostm":0,"lost_ms":0,"agree":343,"disagree":0,"losts":0,"auto":0}
2026-08-26T14:17:15-0700	ngr/loco/9950012/state/loopstat	{"loop_max_gap_ms":33,"hall_task_max_gap_ms":3,"hall_task_age_ms":1,"baseline":1807,"raw":1806,"delta":-1,"queue_drops":0,"floor_rejects":0,"queue_high_water":0,"mqtt_connect_ms":771,"mqtt_attempts":1,"pub_drops":0,"pub_queue_hw":1,"cmd_drops":0,"pub_per_s":1,"marker_pub_drops":0,"marker_pub_hw":0,"nav":"NORMAL","mm":40,"miss_streak":0,"pwm":0,"lost_markers":0,"lost_ms":0,"motor_dir":"FWD"}
2026-08-26T14:17:15-0700	ngr/loco/9950012/telem/voltage	15.09
2026-08-26T14:17:15-0700	ngr/loco/9950012/telem/current	0.20
2026-08-26T14:17:15-0700	ngr/loco/9950012/telem/power	3.15
2026-08-26T14:17:15-0700	ngr/loco/9950012/alert	{"level":"CLEAR","reason":"STATUS","loco":"9950012","uptime_ms":685232,"nav":"NORMAL","moving":0,"pwm":0,"est_mm_s":121,"dir":"CCW","session_dir":"CCW","mdir":"FWD","rear":40,"front":35,"env":1500,"lc_mm":40,"last_confirmed_landmark":"","age_ms":25378,"since":0,"dead_reckoned_mm":40,"candidate_mm":-1,"viable":[],"lostm":0,"lost_ms":0,"agree":343,"disagree":0,"losts":0,"auto":0}
2026-08-26T14:17:16-0700	ngr/loco/9950012/state/loopstat	{"loop_max_gap_ms":34,"hall_task_max_gap_ms":2,"hall_task_age_ms":1,"baseline":1807,"raw":1807,"delta":0,"queue_drops":0,"floor_rejects":0,"queue_high_water":0,"mqtt_connect_ms":771,"mqtt_attempts":1,"pub_drops":0,"pub_queue_hw":2,"cmd_drops":0,"pub_per_s":4,"marker_pub_drops":0,"marker_pub_hw":0,"nav":"NORMAL","mm":40,"miss_streak":0,"pwm":0,"lost_markers":0,"lost_ms":0,"motor_dir":"FWD"}
2026-08-26T14:17:16-0700	ngr/loco/9950012/alert	{"level":"CLEAR","reason":"STATUS","loco":"9950012","uptime_ms":686232,"nav":"NORMAL","moving":0,"pwm":0,"est_mm_s":121,"dir":"CCW","session_dir":"CCW","mdir":"FWD","rear":40,"front":35,"env":1500,"lc_mm":40,"last_confirmed_landmark":"","age_ms":26378,"since":0,"dead_reckoned_mm":40,"candidate_mm":-1,"viable":[],"lostm":0,"lost_ms":0,"agree":343,"disagree":0,"losts":0,"auto":0}
2026-08-26T14:17:17-0700	ngr/loco/9950012/state/loopstat	{"loop_max_gap_ms":33,"hall_task_max_gap_ms":2,"hall_task_age_ms":1,"baseline":1807,"raw":1806,"delta":-1,"queue_drops":0,"floor_rejects":0,"queue_high_water":0,"mqtt_connect_ms":771,"mqtt_attempts":1,"pub_drops":0,"pub_queue_hw":1,"cmd_drops":0,"pub_per_s":1,"marker_pub_drops":0,"marker_pub_hw":0,"nav":"NORMAL","mm":40,"miss_streak":0,"pwm":0,"lost_markers":0,"lost_ms":0,"motor_dir":"FWD"}
2026-08-26T14:17:17-0700	ngr/loco/9950012/alert	{"level":"CLEAR","reason":"STATUS","loco":"9950012","uptime_ms":687232,"nav":"NORMAL","moving":0,"pwm":0,"est_mm_s":121,"dir":"CCW","session_dir":"CCW","mdir":"FWD","rear":40,"front":35,"env":1500,"lc_mm":40,"last_confirmed_landmark":"","age_ms":27378,"since":0,"dead_reckoned_mm":40,"candidate_mm":-1,"viable":[],"lostm":0,"lost_ms":0,"agree":343,"disagree":0,"losts":0,"auto":0}
2026-08-26T14:17:18-0700	ngr/loco/9950012/state/loopstat	{"loop_max_gap_ms":34,"hall_task_max_gap_ms":2,"hall_task_age_ms":1,"baseline":1807,"raw":1807,"delta":0,"queue_drops":0,"floor_rejects":0,"queue_high_water":0,"mqtt_connect_ms":771,"mqtt_attempts":1,"pub_drops":0,"pub_queue_hw":1,"cmd_drops":0,"pub_per_s":1,"marker_pub_drops":0,"marker_pub_hw":0,"nav":"NORMAL","mm":40,"miss_streak":0,"pwm":0,"lost_markers":0,"lost_ms":0,"motor_dir":"FWD"}
2026-08-26T14:17:18-0700	ngr/loco/9950012/alert	{"level":"CLEAR","reason":"STATUS","loco":"9950012","uptime_ms":688232,"nav":"NORMAL","moving":0,"pwm":0,"est_mm_s":121,"dir":"CCW","session_dir":"CCW","mdir":"FWD","rear":40,"front":35,"env":1500,"lc_mm":40,"last_confirmed_landmark":"","age_ms":28378,"since":0,"dead_reckoned_mm":40,"candidate_mm":-1,"viable":[],"lostm":0,"lost_ms":0,"agree":343,"disagree":0,"losts":0,"auto":0}
2026-08-26T14:17:19-0700	ngr/loco/9950012/state/loopstat	{"loop_max_gap_ms":34,"hall_task_max_gap_ms":2,"hall_task_age_ms":1,"baseline":1807,"raw":1807,"delta":0,"queue_drops":0,"floor_rejects":0,"queue_high_water":0,"mqtt_connect_ms":771,"mqtt_attempts":1,"pub_drops":0,"pub_queue_hw":1,"cmd_drops":0,"pub_per_s":1,"marker_pub_drops":0,"marker_pub_hw":0,"nav":"NORMAL","mm":40,"miss_streak":0,"pwm":0,"lost_markers":0,"lost_ms":0,"motor_dir":"FWD"}
2026-08-26T14:17:19-0700	ngr/loco/9950012/alert	{"level":"CLEAR","reason":"STATUS","loco":"9950012","uptime_ms":689232,"nav":"NORMAL","moving":0,"pwm":0,"est_mm_s":121,"dir":"CCW","session_dir":"CCW","mdir":"FWD","rear":40,"front":35,"env":1500,"lc_mm":40,"last_confirmed_landmark":"","age_ms":29378,"since":0,"dead_reckoned_mm":40,"candidate_mm":-1,"viable":[],"lostm":0,"lost_ms":0,"agree":343,"disagree":0,"losts":0,"auto":0}
2026-08-26T14:17:20-0700	ngr/loco/9950012/state/loopstat	{"loop_max_gap_ms":33,"hall_task_max_gap_ms":2,"hall_task_age_ms":1,"baseline":1807,"raw":1806,"delta":-1,"queue_drops":0,"floor_rejects":0,"queue_high_water":0,"mqtt_connect_ms":771,"mqtt_attempts":1,"pub_drops":0,"pub_queue_hw":1,"cmd_drops":0,"pub_per_s":1,"marker_pub_drops":0,"marker_pub_hw":0,"nav":"NORMAL","mm":40,"miss_streak":0,"pwm":0,"lost_markers":0,"lost_ms":0,"motor_dir":"FWD"}
2026-08-26T14:17:20-0700	ngr/loco/9950012/telem/voltage	15.09
2026-08-26T14:17:20-0700	ngr/loco/9950012/telem/current	0.20
2026-08-26T14:17:20-0700	ngr/loco/9950012/telem/power	3.08
2026-08-26T14:17:20-0700	ngr/loco/9950012/alert	{"level":"CLEAR","reason":"STATUS","loco":"9950012","uptime_ms":690232,"nav":"NORMAL","moving":0,"pwm":0,"est_mm_s":121,"dir":"CCW","session_dir":"CCW","mdir":"FWD","rear":40,"front":35,"env":1500,"lc_mm":40,"last_confirmed_landmark":"","age_ms":30378,"since":0,"dead_reckoned_mm":40,"candidate_mm":-1,"viable":[],"lostm":0,"lost_ms":0,"agree":343,"disagree":0,"losts":0,"auto":0}
2026-08-26T14:17:21-0700	ngr/loco/9950012/state/loopstat	{"loop_max_gap_ms":33,"hall_task_max_gap_ms":3,"hall_task_age_ms":1,"baseline":1807,"raw":1807,"delta":0,"queue_drops":0,"floor_rejects":0,"queue_high_water":0,"mqtt_connect_ms":771,"mqtt_attempts":1,"pub_drops":0,"pub_queue_hw":3,"cmd_drops":0,"pub_per_s":4,"marker_pub_drops":0,"marker_pub_hw":0,"nav":"NORMAL","mm":40,"miss_streak":0,"pwm":0,"lost_markers":0,"lost_ms":0,"motor_dir":"FWD"}
2026-08-26T14:17:21-0700	ngr/loco/9950012/alert	{"level":"CLEAR","reason":"STATUS","loco":"9950012","uptime_ms":691232,"nav":"NORMAL","moving":0,"pwm":0,"est_mm_s":121,"dir":"CCW","session_dir":"CCW","mdir":"FWD","rear":40,"front":35,"env":1500,"lc_mm":40,"last_confirmed_landmark":"","age_ms":31378,"since":0,"dead_reckoned_mm":40,"candidate_mm":-1,"viable":[],"lostm":0,"lost_ms":0,"agree":343,"disagree":0,"losts":0,"auto":0}
2026-08-26T14:17:22-0700	ngr/loco/9950012/state/loopstat	{"loop_max_gap_ms":34,"hall_task_max_gap_ms":2,"hall_task_age_ms":1,"baseline":1807,"raw":1805,"delta":-2,"queue_drops":0,"floor_rejects":0,"queue_high_water":0,"mqtt_connect_ms":771,"mqtt_attempts":1,"pub_drops":0,"pub_queue_hw":1,"cmd_drops":0,"pub_per_s":1,"marker_pub_drops":0,"marker_pub_hw":0,"nav":"NORMAL","mm":40,"miss_streak":0,"pwm":0,"lost_markers":0,"lost_ms":0,"motor_dir":"FWD"}
2026-08-26T14:17:22-0700	ngr/loco/9950012/alert	{"level":"CLEAR","reason":"STATUS","loco":"9950012","uptime_ms":692232,"nav":"NORMAL","moving":0,"pwm":0,"est_mm_s":121,"dir":"CCW","session_dir":"CCW","mdir":"FWD","rear":40,"front":35,"env":1500,"lc_mm":40,"last_confirmed_landmark":"","age_ms":32378,"since":0,"dead_reckoned_mm":40,"candidate_mm":-1,"viable":[],"lostm":0,"lost_ms":0,"agree":343,"disagree":0,"losts":0,"auto":0}
2026-08-26T14:17:23-0700	ngr/loco/9950012/state/loopstat	{"loop_max_gap_ms":33,"hall_task_max_gap_ms":2,"hall_task_age_ms":1,"baseline":1807,"raw":1808,"delta":1,"queue_drops":0,"floor_rejects":0,"queue_high_water":0,"mqtt_connect_ms":771,"mqtt_attempts":1,"pub_drops":0,"pub_queue_hw":1,"cmd_drops":0,"pub_per_s":1,"marker_pub_drops":0,"marker_pub_hw":0,"nav":"NORMAL","mm":40,"miss_streak":0,"pwm":0,"lost_markers":0,"lost_ms":0,"motor_dir":"FWD"}
2026-08-26T14:17:23-0700	ngr/loco/9950012/alert	{"level":"CLEAR","reason":"STATUS","loco":"9950012","uptime_ms":693232,"nav":"NORMAL","moving":0,"pwm":0,"est_mm_s":121,"dir":"CCW","session_dir":"CCW","mdir":"FWD","rear":40,"front":35,"env":1500,"lc_mm":40,"last_confirmed_landmark":"","age_ms":33378,"since":0,"dead_reckoned_mm":40,"candidate_mm":-1,"viable":[],"lostm":0,"lost_ms":0,"agree":343,"disagree":0,"losts":0,"auto":0}
2026-08-26T14:17:24-0700	ngr/loco/9950012/state/loopstat	{"loop_max_gap_ms":33,"hall_task_max_gap_ms":2,"hall_task_age_ms":1,"baseline":1807,"raw":1807,"delta":0,"queue_drops":0,"floor_rejects":0,"queue_high_water":0,"mqtt_connect_ms":771,"mqtt_attempts":1,"pub_drops":0,"pub_queue_hw":1,"cmd_drops":0,"pub_per_s":1,"marker_pub_drops":0,"marker_pub_hw":0,"nav":"NORMAL","mm":40,"miss_streak":0,"pwm":0,"lost_markers":0,"lost_ms":0,"motor_dir":"FWD"}
2026-08-26T14:17:24-0700	ngr/loco/9950012/alert	{"level":"CLEAR","reason":"STATUS","loco":"9950012","uptime_ms":694232,"nav":"NORMAL","moving":0,"pwm":0,"est_mm_s":121,"dir":"CCW","session_dir":"CCW","mdir":"FWD","rear":40,"front":35,"env":1500,"lc_mm":40,"last_confirmed_landmark":"","age_ms":34378,"since":0,"dead_reckoned_mm":40,"candidate_mm":-1,"viable":[],"lostm":0,"lost_ms":0,"agree":343,"disagree":0,"losts":0,"auto":0}
2026-08-26T14:17:25-0700	ngr/loco/9950012/state/loopstat	{"loop_max_gap_ms":34,"hall_task_max_gap_ms":2,"hall_task_age_ms":1,"baseline":1807,"raw":1808,"delta":1,"queue_drops":0,"floor_rejects":0,"queue_high_water":0,"mqtt_connect_ms":771,"mqtt_attempts":1,"pub_drops":0,"pub_queue_hw":1,"cmd_drops":0,"pub_per_s":1,"marker_pub_drops":0,"marker_pub_hw":0,"nav":"NORMAL","mm":40,"miss_streak":0,"pwm":0,"lost_markers":0,"lost_ms":0,"motor_dir":"FWD"}
2026-08-26T14:17:25-0700	ngr/loco/9950012/telem/voltage	15.11
2026-08-26T14:17:25-0700	ngr/loco/9950012/telem/current	0.20
2026-08-26T14:17:25-0700	ngr/loco/9950012/telem/power	2.98
2026-08-26T14:17:25-0700	ngr/loco/9950012/alert	{"level":"CLEAR","reason":"STATUS","loco":"9950012","uptime_ms":695232,"nav":"NORMAL","moving":0,"pwm":0,"est_mm_s":121,"dir":"CCW","session_dir":"CCW","mdir":"FWD","rear":40,"front":35,"env":1500,"lc_mm":40,"last_confirmed_landmark":"","age_ms":35378,"since":0,"dead_reckoned_mm":40,"candidate_mm":-1,"viable":[],"lostm":0,"lost_ms":0,"agree":343,"disagree":0,"losts":0,"auto":0}
2026-08-26T14:17:26-0700	ngr/loco/9950012/state/loopstat	{"loop_max_gap_ms":33,"hall_task_max_gap_ms":2,"hall_task_age_ms":1,"baseline":1807,"raw":1807,"delta":0,"queue_drops":0,"floor_rejects":0,"queue_high_water":0,"mqtt_connect_ms":771,"mqtt_attempts":1,"pub_drops":0,"pub_queue_hw":3,"cmd_drops":0,"pub_per_s":4,"marker_pub_drops":0,"marker_pub_hw":0,"nav":"NORMAL","mm":40,"miss_streak":0,"pwm":0,"lost_markers":0,"lost_ms":0,"motor_dir":"FWD"}
2026-08-26T14:17:26-0700	ngr/loco/9950012/alert	{"level":"CLEAR","reason":"STATUS","loco":"9950012","uptime_ms":696232,"nav":"NORMAL","moving":0,"pwm":0,"est_mm_s":121,"dir":"CCW","session_dir":"CCW","mdir":"FWD","rear":40,"front":35,"env":1500,"lc_mm":40,"last_confirmed_landmark":"","age_ms":36378,"since":0,"dead_reckoned_mm":40,"candidate_mm":-1,"viable":[],"lostm":0,"lost_ms":0,"agree":343,"disagree":0,"losts":0,"auto":0}
2026-08-26T14:17:27-0700	ngr/loco/9950012/state/loopstat	{"loop_max_gap_ms":33,"hall_task_max_gap_ms":2,"hall_task_age_ms":1,"baseline":1807,"raw":1807,"delta":0,"queue_drops":0,"floor_rejects":0,"queue_high_water":0,"mqtt_connect_ms":771,"mqtt_attempts":1,"pub_drops":0,"pub_queue_hw":1,"cmd_drops":0,"pub_per_s":1,"marker_pub_drops":0,"marker_pub_hw":0,"nav":"NORMAL","mm":40,"miss_streak":0,"pwm":0,"lost_markers":0,"lost_ms":0,"motor_dir":"FWD"}
2026-08-26T14:17:27-0700	ngr/loco/9950012/alert	{"level":"CLEAR","reason":"STATUS","loco":"9950012","uptime_ms":697232,"nav":"NORMAL","moving":0,"pwm":0,"est_mm_s":121,"dir":"CCW","session_dir":"CCW","mdir":"FWD","rear":40,"front":35,"env":1500,"lc_mm":40,"last_confirmed_landmark":"","age_ms":37378,"since":0,"dead_reckoned_mm":40,"candidate_mm":-1,"viable":[],"lostm":0,"lost_ms":0,"agree":343,"disagree":0,"losts":0,"auto":0}
2026-08-26T14:17:28-0700	ngr/loco/9950012/state/loopstat	{"loop_max_gap_ms":34,"hall_task_max_gap_ms":2,"hall_task_age_ms":1,"baseline":1807,"raw":1807,"delta":0,"queue_drops":0,"floor_rejects":0,"queue_high_water":0,"mqtt_connect_ms":771,"mqtt_attempts":1,"pub_drops":0,"pub_queue_hw":1,"cmd_drops":0,"pub_per_s":1,"marker_pub_drops":0,"marker_pub_hw":0,"nav":"NORMAL","mm":40,"miss_streak":0,"pwm":0,"lost_markers":0,"lost_ms":0,"motor_dir":"FWD"}
2026-08-26T14:17:28-0700	ngr/loco/9950012/alert	{"level":"CLEAR","reason":"STATUS","loco":"9950012","uptime_ms":698232,"nav":"NORMAL","moving":0,"pwm":0,"est_mm_s":121,"dir":"CCW","session_dir":"CCW","mdir":"FWD","rear":40,"front":35,"env":1500,"lc_mm":40,"last_confirmed_landmark":"","age_ms":38378,"since":0,"dead_reckoned_mm":40,"candidate_mm":-1,"viable":[],"lostm":0,"lost_ms":0,"agree":343,"disagree":0,"losts":0,"auto":0}
2026-08-26T14:17:29-0700	ngr/loco/9950012/state/loopstat	{"loop_max_gap_ms":33,"hall_task_max_gap_ms":2,"hall_task_age_ms":1,"baseline":1807,"raw":1805,"delta":-2,"queue_drops":0,"floor_rejects":0,"queue_high_water":0,"mqtt_connect_ms":771,"mqtt_attempts":1,"pub_drops":0,"pub_queue_hw":1,"cmd_drops":0,"pub_per_s":1,"marker_pub_drops":0,"marker_pub_hw":0,"nav":"NORMAL","mm":40,"miss_streak":0,"pwm":0,"lost_markers":0,"lost_ms":0,"motor_dir":"FWD"}
2026-08-26T14:17:29-0700	ngr/loco/9950012/alert	{"level":"CLEAR","reason":"STATUS","loco":"9950012","uptime_ms":699232,"nav":"NORMAL","moving":0,"pwm":0,"est_mm_s":121,"dir":"CCW","session_dir":"CCW","mdir":"FWD","rear":40,"front":35,"env":1500,"lc_mm":40,"last_confirmed_landmark":"","age_ms":39378,"since":0,"dead_reckoned_mm":40,"candidate_mm":-1,"viable":[],"lostm":0,"lost_ms":0,"agree":343,"disagree":0,"losts":0,"auto":0}
2026-08-26T14:17:30-0700	ngr/loco/9950012/state/loopstat	{"loop_max_gap_ms":33,"hall_task_max_gap_ms":2,"hall_task_age_ms":1,"baseline":1807,"raw":1807,"delta":0,"queue_drops":0,"floor_rejects":0,"queue_high_water":0,"mqtt_connect_ms":771,"mqtt_attempts":1,"pub_drops":0,"pub_queue_hw":1,"cmd_drops":0,"pub_per_s":1,"marker_pub_drops":0,"marker_pub_hw":0,"nav":"NORMAL","mm":40,"miss_streak":0,"pwm":0,"lost_markers":0,"lost_ms":0,"motor_dir":"FWD"}
2026-08-26T14:17:30-0700	ngr/loco/9950012/telem/voltage	15.11
2026-08-26T14:17:30-0700	ngr/loco/9950012/telem/current	0.20
2026-08-26T14:17:30-0700	ngr/loco/9950012/telem/power	2.97
2026-08-26T14:17:30-0700	ngr/loco/9950012/alert	{"level":"CLEAR","reason":"STATUS","loco":"9950012","uptime_ms":700232,"nav":"NORMAL","moving":0,"pwm":0,"est_mm_s":121,"dir":"CCW","session_dir":"CCW","mdir":"FWD","rear":40,"front":35,"env":1500,"lc_mm":40,"last_confirmed_landmark":"","age_ms":40378,"since":0,"dead_reckoned_mm":40,"candidate_mm":-1,"viable":[],"lostm":0,"lost_ms":0,"agree":343,"disagree":0,"losts":0,"auto":0}
2026-08-26T14:17:31-0700	ngr/loco/9950012/state/loopstat	{"loop_max_gap_ms":33,"hall_task_max_gap_ms":3,"hall_task_age_ms":1,"baseline":1807,"raw":1807,"delta":0,"queue_drops":0,"floor_rejects":0,"queue_high_water":0,"mqtt_connect_ms":771,"mqtt_attempts":1,"pub_drops":0,"pub_queue_hw":3,"cmd_drops":0,"pub_per_s":4,"marker_pub_drops":0,"marker_pub_hw":0,"nav":"NORMAL","mm":40,"miss_streak":0,"pwm":0,"lost_markers":0,"lost_ms":0,"motor_dir":"FWD"}
2026-08-26T14:17:31-0700	ngr/loco/9950012/alert	{"level":"CLEAR","reason":"STATUS","loco":"9950012","uptime_ms":701232,"nav":"NORMAL","moving":0,"pwm":0,"est_mm_s":121,"dir":"CCW","session_dir":"CCW","mdir":"FWD","rear":40,"front":35,"env":1500,"lc_mm":40,"last_confirmed_landmark":"","age_ms":41378,"since":0,"dead_reckoned_mm":40,"candidate_mm":-1,"viable":[],"lostm":0,"lost_ms":0,"agree":343,"disagree":0,"losts":0,"auto":0}
2026-08-26T14:17:32-0700	ngr/loco/9950012/state/loopstat	{"loop_max_gap_ms":33,"hall_task_max_gap_ms":2,"hall_task_age_ms":1,"baseline":1807,"raw":1806,"delta":-1,"queue_drops":0,"floor_rejects":0,"queue_high_water":0,"mqtt_connect_ms":771,"mqtt_attempts":1,"pub_drops":0,"pub_queue_hw":1,"cmd_drops":0,"pub_per_s":1,"marker_pub_drops":0,"marker_pub_hw":0,"nav":"NORMAL","mm":40,"miss_streak":0,"pwm":0,"lost_markers":0,"lost_ms":0,"motor_dir":"FWD"}
2026-08-26T14:17:32-0700	ngr/loco/9950012/alert	{"level":"CLEAR","reason":"STATUS","loco":"9950012","uptime_ms":702232,"nav":"NORMAL","moving":0,"pwm":0,"est_mm_s":121,"dir":"CCW","session_dir":"CCW","mdir":"FWD","rear":40,"front":35,"env":1500,"lc_mm":40,"last_confirmed_landmark":"","age_ms":42378,"since":0,"dead_reckoned_mm":40,"candidate_mm":-1,"viable":[],"lostm":0,"lost_ms":0,"agree":343,"disagree":0,"losts":0,"auto":0}
2026-08-26T14:17:33-0700	ngr/loco/9950012/state/loopstat	{"loop_max_gap_ms":33,"hall_task_max_gap_ms":2,"hall_task_age_ms":1,"baseline":1807,"raw":1808,"delta":1,"queue_drops":0,"floor_rejects":0,"queue_high_water":0,"mqtt_connect_ms":771,"mqtt_attempts":1,"pub_drops":0,"pub_queue_hw":1,"cmd_drops":0,"pub_per_s":1,"marker_pub_drops":0,"marker_pub_hw":0,"nav":"NORMAL","mm":40,"miss_streak":0,"pwm":0,"lost_markers":0,"lost_ms":0,"motor_dir":"FWD"}
2026-08-26T14:17:33-0700	ngr/loco/9950012/alert	{"level":"CLEAR","reason":"STATUS","loco":"9950012","uptime_ms":703232,"nav":"NORMAL","moving":0,"pwm":0,"est_mm_s":121,"dir":"CCW","session_dir":"CCW","mdir":"FWD","rear":40,"front":35,"env":1500,"lc_mm":40,"last_confirmed_landmark":"","age_ms":43378,"since":0,"dead_reckoned_mm":40,"candidate_mm":-1,"viable":[],"lostm":0,"lost_ms":0,"agree":343,"disagree":0,"losts":0,"auto":0}
2026-08-26T14:17:34-0700	ngr/loco/9950012/state/loopstat	{"loop_max_gap_ms":33,"hall_task_max_gap_ms":2,"hall_task_age_ms":1,"baseline":1807,"raw":1806,"delta":-1,"queue_drops":0,"floor_rejects":0,"queue_high_water":0,"mqtt_connect_ms":771,"mqtt_attempts":1,"pub_drops":0,"pub_queue_hw":1,"cmd_drops":0,"pub_per_s":1,"marker_pub_drops":0,"marker_pub_hw":0,"nav":"NORMAL","mm":40,"miss_streak":0,"pwm":0,"lost_markers":0,"lost_ms":0,"motor_dir":"FWD"}
2026-08-26T14:17:34-0700	ngr/loco/9950012/alert	{"level":"CLEAR","reason":"STATUS","loco":"9950012","uptime_ms":704232,"nav":"NORMAL","moving":0,"pwm":0,"est_mm_s":121,"dir":"CCW","session_dir":"CCW","mdir":"FWD","rear":40,"front":35,"env":1500,"lc_mm":40,"last_confirmed_landmark":"","age_ms":44378,"since":0,"dead_reckoned_mm":40,"candidate_mm":-1,"viable":[],"lostm":0,"lost_ms":0,"agree":343,"disagree":0,"losts":0,"auto":0}
2026-08-26T14:17:35-0700	ngr/loco/9950012/state/loopstat	{"loop_max_gap_ms":34,"hall_task_max_gap_ms":2,"hall_task_age_ms":1,"baseline":1807,"raw":1807,"delta":0,"queue_drops":0,"floor_rejects":0,"queue_high_water":0,"mqtt_connect_ms":771,"mqtt_attempts":1,"pub_drops":0,"pub_queue_hw":1,"cmd_drops":0,"pub_per_s":1,"marker_pub_drops":0,"marker_pub_hw":0,"nav":"NORMAL","mm":40,"miss_streak":0,"pwm":0,"lost_markers":0,"lost_ms":0,"motor_dir":"FWD"}
2026-08-26T14:17:35-0700	ngr/loco/9950012/telem/voltage	15.10
2026-08-26T14:17:35-0700	ngr/loco/9950012/telem/current	0.20
2026-08-26T14:17:35-0700	ngr/loco/9950012/telem/power	2.98
2026-08-26T14:17:35-0700	ngr/loco/9950012/alert	{"level":"CLEAR","reason":"STATUS","loco":"9950012","uptime_ms":705232,"nav":"NORMAL","moving":0,"pwm":0,"est_mm_s":121,"dir":"CCW","session_dir":"CCW","mdir":"FWD","rear":40,"front":35,"env":1500,"lc_mm":40,"last_confirmed_landmark":"","age_ms":45378,"since":0,"dead_reckoned_mm":40,"candidate_mm":-1,"viable":[],"lostm":0,"lost_ms":0,"agree":343,"disagree":0,"losts":0,"auto":0}
2026-08-26T14:17:36-0700	ngr/loco/9950012/state/loopstat	{"loop_max_gap_ms":34,"hall_task_max_gap_ms":2,"hall_task_age_ms":1,"baseline":1807,"raw":1808,"delta":1,"queue_drops":0,"floor_rejects":0,"queue_high_water":0,"mqtt_connect_ms":771,"mqtt_attempts":1,"pub_drops":0,"pub_queue_hw":3,"cmd_drops":0,"pub_per_s":4,"marker_pub_drops":0,"marker_pub_hw":0,"nav":"NORMAL","mm":40,"miss_streak":0,"pwm":0,"lost_markers":0,"lost_ms":0,"motor_dir":"FWD"}
2026-08-26T14:17:36-0700	ngr/loco/9950012/alert	{"level":"CLEAR","reason":"STATUS","loco":"9950012","uptime_ms":706232,"nav":"NORMAL","moving":0,"pwm":0,"est_mm_s":121,"dir":"CCW","session_dir":"CCW","mdir":"FWD","rear":40,"front":35,"env":1500,"lc_mm":40,"last_confirmed_landmark":"","age_ms":46378,"since":0,"dead_reckoned_mm":40,"candidate_mm":-1,"viable":[],"lostm":0,"lost_ms":0,"agree":343,"disagree":0,"losts":0,"auto":0}
2026-08-26T14:17:37-0700	ngr/loco/9950012/state/loopstat	{"loop_max_gap_ms":34,"hall_task_max_gap_ms":2,"hall_task_age_ms":1,"baseline":1807,"raw":1807,"delta":0,"queue_drops":0,"floor_rejects":0,"queue_high_water":0,"mqtt_connect_ms":771,"mqtt_attempts":1,"pub_drops":0,"pub_queue_hw":1,"cmd_drops":0,"pub_per_s":1,"marker_pub_drops":0,"marker_pub_hw":0,"nav":"NORMAL","mm":40,"miss_streak":0,"pwm":0,"lost_markers":0,"lost_ms":0,"motor_dir":"FWD"}
2026-08-26T14:17:37-0700	ngr/loco/9950012/alert	{"level":"CLEAR","reason":"STATUS","loco":"9950012","uptime_ms":707232,"nav":"NORMAL","moving":0,"pwm":0,"est_mm_s":121,"dir":"CCW","session_dir":"CCW","mdir":"FWD","rear":40,"front":35,"env":1500,"lc_mm":40,"last_confirmed_landmark":"","age_ms":47378,"since":0,"dead_reckoned_mm":40,"candidate_mm":-1,"viable":[],"lostm":0,"lost_ms":0,"agree":343,"disagree":0,"losts":0,"auto":0}
2026-08-26T14:17:38-0700	ngr/loco/9950012/state/loopstat	{"loop_max_gap_ms":33,"hall_task_max_gap_ms":2,"hall_task_age_ms":1,"baseline":1807,"raw":1807,"delta":0,"queue_drops":0,"floor_rejects":0,"queue_high_water":0,"mqtt_connect_ms":771,"mqtt_attempts":1,"pub_drops":0,"pub_queue_hw":1,"cmd_drops":0,"pub_per_s":1,"marker_pub_drops":0,"marker_pub_hw":0,"nav":"NORMAL","mm":40,"miss_streak":0,"pwm":0,"lost_markers":0,"lost_ms":0,"motor_dir":"FWD"}
2026-08-26T14:17:38-0700	ngr/loco/9950012/alert	{"level":"CLEAR","reason":"STATUS","loco":"9950012","uptime_ms":708232,"nav":"NORMAL","moving":0,"pwm":0,"est_mm_s":121,"dir":"CCW","session_dir":"CCW","mdir":"FWD","rear":40,"front":35,"env":1500,"lc_mm":40,"last_confirmed_landmark":"","age_ms":48378,"since":0,"dead_reckoned_mm":40,"candidate_mm":-1,"viable":[],"lostm":0,"lost_ms":0,"agree":343,"disagree":0,"losts":0,"auto":0}
2026-08-26T14:17:39-0700	ngr/loco/9950012/state/loopstat	{"loop_max_gap_ms":33,"hall_task_max_gap_ms":2,"hall_task_age_ms":1,"baseline":1807,"raw":1806,"delta":-1,"queue_drops":0,"floor_rejects":0,"queue_high_water":0,"mqtt_connect_ms":771,"mqtt_attempts":1,"pub_drops":0,"pub_queue_hw":1,"cmd_drops":0,"pub_per_s":1,"marker_pub_drops":0,"marker_pub_hw":0,"nav":"NORMAL","mm":40,"miss_streak":0,"pwm":0,"lost_markers":0,"lost_ms":0,"motor_dir":"FWD"}
2026-08-26T14:17:39-0700	ngr/loco/9950012/alert	{"level":"CLEAR","reason":"STATUS","loco":"9950012","uptime_ms":709232,"nav":"NORMAL","moving":0,"pwm":0,"est_mm_s":121,"dir":"CCW","session_dir":"CCW","mdir":"FWD","rear":40,"front":35,"env":1500,"lc_mm":40,"last_confirmed_landmark":"","age_ms":49378,"since":0,"dead_reckoned_mm":40,"candidate_mm":-1,"viable":[],"lostm":0,"lost_ms":0,"agree":343,"disagree":0,"losts":0,"auto":0}
2026-08-26T14:17:40-0700	ngr/loco/9950012/state/loopstat	{"loop_max_gap_ms":34,"hall_task_max_gap_ms":2,"hall_task_age_ms":1,"baseline":1807,"raw":1807,"delta":0,"queue_drops":0,"floor_rejects":0,"queue_high_water":0,"mqtt_connect_ms":771,"mqtt_attempts":1,"pub_drops":0,"pub_queue_hw":1,"cmd_drops":0,"pub_per_s":1,"marker_pub_drops":0,"marker_pub_hw":0,"nav":"NORMAL","mm":40,"miss_streak":0,"pwm":0,"lost_markers":0,"lost_ms":0,"motor_dir":"FWD"}
2026-08-26T14:17:40-0700	ngr/loco/9950012/telem/voltage	15.10
2026-08-26T14:17:40-0700	ngr/loco/9950012/telem/current	0.20
2026-08-26T14:17:40-0700	ngr/loco/9950012/telem/power	3.08
2026-08-26T14:17:40-0700	ngr/loco/9950012/alert	{"level":"CLEAR","reason":"STATUS","loco":"9950012","uptime_ms":710232,"nav":"NORMAL","moving":0,"pwm":0,"est_mm_s":121,"dir":"CCW","session_dir":"CCW","mdir":"FWD","rear":40,"front":35,"env":1500,"lc_mm":40,"last_confirmed_landmark":"","age_ms":50378,"since":0,"dead_reckoned_mm":40,"candidate_mm":-1,"viable":[],"lostm":0,"lost_ms":0,"agree":343,"disagree":0,"losts":0,"auto":0}
2026-08-26T14:17:41-0700	ngr/loco/9950012/state/loopstat	{"loop_max_gap_ms":33,"hall_task_max_gap_ms":2,"hall_task_age_ms":1,"baseline":1807,"raw":1802,"delta":-5,"queue_drops":0,"floor_rejects":0,"queue_high_water":0,"mqtt_connect_ms":771,"mqtt_attempts":1,"pub_drops":0,"pub_queue_hw":3,"cmd_drops":0,"pub_per_s":4,"marker_pub_drops":0,"marker_pub_hw":0,"nav":"NORMAL","mm":40,"miss_streak":0,"pwm":0,"lost_markers":0,"lost_ms":0,"motor_dir":"FWD"}
2026-08-26T14:17:41-0700	ngr/loco/9950012/alert	{"level":"CLEAR","reason":"STATUS","loco":"9950012","uptime_ms":711232,"nav":"NORMAL","moving":0,"pwm":0,"est_mm_s":121,"dir":"CCW","session_dir":"CCW","mdir":"FWD","rear":40,"front":35,"env":1500,"lc_mm":40,"last_confirmed_landmark":"","age_ms":51378,"since":0,"dead_reckoned_mm":40,"candidate_mm":-1,"viable":[],"lostm":0,"lost_ms":0,"agree":343,"disagree":0,"losts":0,"auto":0}
2026-08-26T14:17:42-0700	ngr/loco/9950012/state/loopstat	{"loop_max_gap_ms":33,"hall_task_max_gap_ms":2,"hall_task_age_ms":1,"baseline":1807,"raw":1807,"delta":0,"queue_drops":0,"floor_rejects":0,"queue_high_water":0,"mqtt_connect_ms":771,"mqtt_attempts":1,"pub_drops":0,"pub_queue_hw":1,"cmd_drops":0,"pub_per_s":1,"marker_pub_drops":0,"marker_pub_hw":0,"nav":"NORMAL","mm":40,"miss_streak":0,"pwm":0,"lost_markers":0,"lost_ms":0,"motor_dir":"FWD"}
2026-08-26T14:17:42-0700	ngr/loco/9950012/alert	{"level":"CLEAR","reason":"STATUS","loco":"9950012","uptime_ms":712232,"nav":"NORMAL","moving":0,"pwm":0,"est_mm_s":121,"dir":"CCW","session_dir":"CCW","mdir":"FWD","rear":40,"front":35,"env":1500,"lc_mm":40,"last_confirmed_landmark":"","age_ms":52378,"since":0,"dead_reckoned_mm":40,"candidate_mm":-1,"viable":[],"lostm":0,"lost_ms":0,"agree":343,"disagree":0,"losts":0,"auto":0}
2026-08-26T14:17:43-0700	ngr/loco/9950012/state/loopstat	{"loop_max_gap_ms":33,"hall_task_max_gap_ms":2,"hall_task_age_ms":1,"baseline":1807,"raw":1807,"delta":0,"queue_drops":0,"floor_rejects":0,"queue_high_water":0,"mqtt_connect_ms":771,"mqtt_attempts":1,"pub_drops":0,"pub_queue_hw":1,"cmd_drops":0,"pub_per_s":1,"marker_pub_drops":0,"marker_pub_hw":0,"nav":"NORMAL","mm":40,"miss_streak":0,"pwm":0,"lost_markers":0,"lost_ms":0,"motor_dir":"FWD"}
2026-08-26T14:17:43-0700	ngr/loco/9950012/alert	{"level":"CLEAR","reason":"STATUS","loco":"9950012","uptime_ms":713232,"nav":"NORMAL","moving":0,"pwm":0,"est_mm_s":121,"dir":"CCW","session_dir":"CCW","mdir":"FWD","rear":40,"front":35,"env":1500,"lc_mm":40,"last_confirmed_landmark":"","age_ms":53378,"since":0,"dead_reckoned_mm":40,"candidate_mm":-1,"viable":[],"lostm":0,"lost_ms":0,"agree":343,"disagree":0,"losts":0,"auto":0}
2026-08-26T14:17:44-0700	ngr/loco/9950012/state/loopstat	{"loop_max_gap_ms":33,"hall_task_max_gap_ms":3,"hall_task_age_ms":1,"baseline":1807,"raw":1807,"delta":0,"queue_drops":0,"floor_rejects":0,"queue_high_water":0,"mqtt_connect_ms":771,"mqtt_attempts":1,"pub_drops":0,"pub_queue_hw":1,"cmd_drops":0,"pub_per_s":1,"marker_pub_drops":0,"marker_pub_hw":0,"nav":"NORMAL","mm":40,"miss_streak":0,"pwm":0,"lost_markers":0,"lost_ms":0,"motor_dir":"FWD"}
2026-08-26T14:17:44-0700	ngr/loco/9950012/alert	{"level":"CLEAR","reason":"STATUS","loco":"9950012","uptime_ms":714232,"nav":"NORMAL","moving":0,"pwm":0,"est_mm_s":121,"dir":"CCW","session_dir":"CCW","mdir":"FWD","rear":40,"front":35,"env":1500,"lc_mm":40,"last_confirmed_landmark":"","age_ms":54378,"since":0,"dead_reckoned_mm":40,"candidate_mm":-1,"viable":[],"lostm":0,"lost_ms":0,"agree":343,"disagree":0,"losts":0,"auto":0}
2026-08-26T14:17:45-0700	ngr/loco/9950012/state/loopstat	{"loop_max_gap_ms":33,"hall_task_max_gap_ms":2,"hall_task_age_ms":1,"baseline":1807,"raw":1807,"delta":0,"queue_drops":0,"floor_rejects":0,"queue_high_water":0,"mqtt_connect_ms":771,"mqtt_attempts":1,"pub_drops":0,"pub_queue_hw":1,"cmd_drops":0,"pub_per_s":1,"marker_pub_drops":0,"marker_pub_hw":0,"nav":"NORMAL","mm":40,"miss_streak":0,"pwm":0,"lost_markers":0,"lost_ms":0,"motor_dir":"FWD"}
2026-08-26T14:17:45-0700	ngr/loco/9950012/telem/voltage	15.09
2026-08-26T14:17:45-0700	ngr/loco/9950012/telem/current	0.23
2026-08-26T14:17:45-0700	ngr/loco/9950012/telem/power	3.41
2026-08-26T14:17:45-0700	ngr/loco/9950012/alert	{"level":"CLEAR","reason":"STATUS","loco":"9950012","uptime_ms":715232,"nav":"NORMAL","moving":0,"pwm":0,"est_mm_s":121,"dir":"CCW","session_dir":"CCW","mdir":"FWD","rear":40,"front":35,"env":1500,"lc_mm":40,"last_confirmed_landmark":"","age_ms":55378,"since":0,"dead_reckoned_mm":40,"candidate_mm":-1,"viable":[],"lostm":0,"lost_ms":0,"agree":343,"disagree":0,"losts":0,"auto":0}
2026-08-26T14:17:46-0700	ngr/loco/9950012/state/loopstat	{"loop_max_gap_ms":33,"hall_task_max_gap_ms":2,"hall_task_age_ms":1,"baseline":1807,"raw":1806,"delta":-1,"queue_drops":0,"floor_rejects":0,"queue_high_water":0,"mqtt_connect_ms":771,"mqtt_attempts":1,"pub_drops":0,"pub_queue_hw":3,"cmd_drops":0,"pub_per_s":4,"marker_pub_drops":0,"marker_pub_hw":0,"nav":"NORMAL","mm":40,"miss_streak":0,"pwm":0,"lost_markers":0,"lost_ms":0,"motor_dir":"FWD"}
2026-08-26T14:17:46-0700	ngr/loco/9950012/alert	{"level":"CLEAR","reason":"STATUS","loco":"9950012","uptime_ms":716232,"nav":"NORMAL","moving":0,"pwm":0,"est_mm_s":121,"dir":"CCW","session_dir":"CCW","mdir":"FWD","rear":40,"front":35,"env":1500,"lc_mm":40,"last_confirmed_landmark":"","age_ms":56378,"since":0,"dead_reckoned_mm":40,"candidate_mm":-1,"viable":[],"lostm":0,"lost_ms":0,"agree":343,"disagree":0,"losts":0,"auto":0}
2026-08-26T14:17:47-0700	ngr/loco/9950012/state/loopstat	{"loop_max_gap_ms":34,"hall_task_max_gap_ms":2,"hall_task_age_ms":1,"baseline":1807,"raw":1807,"delta":0,"queue_drops":0,"floor_rejects":0,"queue_high_water":0,"mqtt_connect_ms":771,"mqtt_attempts":1,"pub_drops":0,"pub_queue_hw":1,"cmd_drops":0,"pub_per_s":1,"marker_pub_drops":0,"marker_pub_hw":0,"nav":"NORMAL","mm":40,"miss_streak":0,"pwm":0,"lost_markers":0,"lost_ms":0,"motor_dir":"FWD"}
2026-08-26T14:17:47-0700	ngr/loco/9950012/alert	{"level":"CLEAR","reason":"STATUS","loco":"9950012","uptime_ms":717232,"nav":"NORMAL","moving":0,"pwm":0,"est_mm_s":121,"dir":"CCW","session_dir":"CCW","mdir":"FWD","rear":40,"front":35,"env":1500,"lc_mm":40,"last_confirmed_landmark":"","age_ms":57378,"since":0,"dead_reckoned_mm":40,"candidate_mm":-1,"viable":[],"lostm":0,"lost_ms":0,"agree":343,"disagree":0,"losts":0,"auto":0}
2026-08-26T14:17:48-0700	ngr/loco/9950012/state/loopstat	{"loop_max_gap_ms":34,"hall_task_max_gap_ms":2,"hall_task_age_ms":1,"baseline":1807,"raw":1806,"delta":-1,"queue_drops":0,"floor_rejects":0,"queue_high_water":0,"mqtt_connect_ms":771,"mqtt_attempts":1,"pub_drops":0,"pub_queue_hw":1,"cmd_drops":0,"pub_per_s":1,"marker_pub_drops":0,"marker_pub_hw":0,"nav":"NORMAL","mm":40,"miss_streak":0,"pwm":0,"lost_markers":0,"lost_ms":0,"motor_dir":"FWD"}
2026-08-26T14:17:48-0700	ngr/loco/9950012/alert	{"level":"CLEAR","reason":"STATUS","loco":"9950012","uptime_ms":718232,"nav":"NORMAL","moving":0,"pwm":0,"est_mm_s":121,"dir":"CCW","session_dir":"CCW","mdir":"FWD","rear":40,"front":35,"env":1500,"lc_mm":40,"last_confirmed_landmark":"","age_ms":58378,"since":0,"dead_reckoned_mm":40,"candidate_mm":-1,"viable":[],"lostm":0,"lost_ms":0,"agree":343,"disagree":0,"losts":0,"auto":0}
2026-08-26T14:17:49-0700	ngr/loco/9950012/state/loopstat	{"loop_max_gap_ms":33,"hall_task_max_gap_ms":2,"hall_task_age_ms":1,"baseline":1807,"raw":1806,"delta":-1,"queue_drops":0,"floor_rejects":0,"queue_high_water":0,"mqtt_connect_ms":771,"mqtt_attempts":1,"pub_drops":0,"pub_queue_hw":1,"cmd_drops":0,"pub_per_s":1,"marker_pub_drops":0,"marker_pub_hw":0,"nav":"NORMAL","mm":40,"miss_streak":0,"pwm":0,"lost_markers":0,"lost_ms":0,"motor_dir":"FWD"}
2026-08-26T14:17:49-0700	ngr/loco/9950012/alert	{"level":"CLEAR","reason":"STATUS","loco":"9950012","uptime_ms":719232,"nav":"NORMAL","moving":0,"pwm":0,"est_mm_s":121,"dir":"CCW","session_dir":"CCW","mdir":"FWD","rear":40,"front":35,"env":1500,"lc_mm":40,"last_confirmed_landmark":"","age_ms":59378,"since":0,"dead_reckoned_mm":40,"candidate_mm":-1,"viable":[],"lostm":0,"lost_ms":0,"agree":343,"disagree":0,"losts":0,"auto":0}
2026-08-26T14:17:50-0700	ngr/loco/9950012/state/loopstat	{"loop_max_gap_ms":34,"hall_task_max_gap_ms":2,"hall_task_age_ms":1,"baseline":1807,"raw":1807,"delta":0,"queue_drops":0,"floor_rejects":0,"queue_high_water":0,"mqtt_connect_ms":771,"mqtt_attempts":1,"pub_drops":0,"pub_queue_hw":1,"cmd_drops":0,"pub_per_s":1,"marker_pub_drops":0,"marker_pub_hw":0,"nav":"NORMAL","mm":40,"miss_streak":0,"pwm":0,"lost_markers":0,"lost_ms":0,"motor_dir":"FWD"}
2026-08-26T14:17:50-0700	ngr/loco/9950012/telem/voltage	15.10
2026-08-26T14:17:50-0700	ngr/loco/9950012/telem/current	0.20
2026-08-26T14:17:50-0700	ngr/loco/9950012/telem/power	3.02
2026-08-26T14:17:50-0700	ngr/loco/9950012/alert	{"level":"CLEAR","reason":"STATUS","loco":"9950012","uptime_ms":720232,"nav":"NORMAL","moving":0,"pwm":0,"est_mm_s":121,"dir":"CCW","session_dir":"CCW","mdir":"FWD","rear":40,"front":35,"env":1500,"lc_mm":40,"last_confirmed_landmark":"","age_ms":60378,"since":0,"dead_reckoned_mm":40,"candidate_mm":-1,"viable":[],"lostm":0,"lost_ms":0,"agree":343,"disagree":0,"losts":0,"auto":0}
2026-08-26T14:17:51-0700	ngr/loco/9950012/state/loopstat	{"loop_max_gap_ms":33,"hall_task_max_gap_ms":2,"hall_task_age_ms":1,"baseline":1807,"raw":1807,"delta":0,"queue_drops":0,"floor_rejects":0,"queue_high_water":0,"mqtt_connect_ms":771,"mqtt_attempts":1,"pub_drops":0,"pub_queue_hw":3,"cmd_drops":0,"pub_per_s":4,"marker_pub_drops":0,"marker_pub_hw":0,"nav":"NORMAL","mm":40,"miss_streak":0,"pwm":0,"lost_markers":0,"lost_ms":0,"motor_dir":"FWD"}
2026-08-26T14:17:51-0700	ngr/loco/9950012/alert	{"level":"CLEAR","reason":"STATUS","loco":"9950012","uptime_ms":721232,"nav":"NORMAL","moving":0,"pwm":0,"est_mm_s":121,"dir":"CCW","session_dir":"CCW","mdir":"FWD","rear":40,"front":35,"env":1500,"lc_mm":40,"last_confirmed_landmark":"","age_ms":61378,"since":0,"dead_reckoned_mm":40,"candidate_mm":-1,"viable":[],"lostm":0,"lost_ms":0,"agree":343,"disagree":0,"losts":0,"auto":0}
2026-08-26T14:17:52-0700	ngr/loco/9950012/state/loopstat	{"loop_max_gap_ms":33,"hall_task_max_gap_ms":2,"hall_task_age_ms":1,"baseline":1807,"raw":1807,"delta":0,"queue_drops":0,"floor_rejects":0,"queue_high_water":0,"mqtt_connect_ms":771,"mqtt_attempts":1,"pub_drops":0,"pub_queue_hw":1,"cmd_drops":0,"pub_per_s":1,"marker_pub_drops":0,"marker_pub_hw":0,"nav":"NORMAL","mm":40,"miss_streak":0,"pwm":0,"lost_markers":0,"lost_ms":0,"motor_dir":"FWD"}
2026-08-26T14:17:52-0700	ngr/loco/9950012/alert	{"level":"CLEAR","reason":"STATUS","loco":"9950012","uptime_ms":722232,"nav":"NORMAL","moving":0,"pwm":0,"est_mm_s":121,"dir":"CCW","session_dir":"CCW","mdir":"FWD","rear":40,"front":35,"env":1500,"lc_mm":40,"last_confirmed_landmark":"","age_ms":62378,"since":0,"dead_reckoned_mm":40,"candidate_mm":-1,"viable":[],"lostm":0,"lost_ms":0,"agree":343,"disagree":0,"losts":0,"auto":0}
2026-08-26T14:17:53-0700	ngr/loco/9950012/state/loopstat	{"loop_max_gap_ms":33,"hall_task_max_gap_ms":2,"hall_task_age_ms":1,"baseline":1807,"raw":1808,"delta":1,"queue_drops":0,"floor_rejects":0,"queue_high_water":0,"mqtt_connect_ms":771,"mqtt_attempts":1,"pub_drops":0,"pub_queue_hw":1,"cmd_drops":0,"pub_per_s":1,"marker_pub_drops":0,"marker_pub_hw":0,"nav":"NORMAL","mm":40,"miss_streak":0,"pwm":0,"lost_markers":0,"lost_ms":0,"motor_dir":"FWD"}
2026-08-26T14:17:53-0700	ngr/loco/9950012/alert	{"level":"CLEAR","reason":"STATUS","loco":"9950012","uptime_ms":723232,"nav":"NORMAL","moving":0,"pwm":0,"est_mm_s":121,"dir":"CCW","session_dir":"CCW","mdir":"FWD","rear":40,"front":35,"env":1500,"lc_mm":40,"last_confirmed_landmark":"","age_ms":63378,"since":0,"dead_reckoned_mm":40,"candidate_mm":-1,"viable":[],"lostm":0,"lost_ms":0,"agree":343,"disagree":0,"losts":0,"auto":0}
2026-08-26T14:17:54-0700	ngr/loco/9950012/state/loopstat	{"loop_max_gap_ms":33,"hall_task_max_gap_ms":3,"hall_task_age_ms":1,"baseline":1807,"raw":1808,"delta":1,"queue_drops":0,"floor_rejects":0,"queue_high_water":0,"mqtt_connect_ms":771,"mqtt_attempts":1,"pub_drops":0,"pub_queue_hw":1,"cmd_drops":0,"pub_per_s":1,"marker_pub_drops":0,"marker_pub_hw":0,"nav":"NORMAL","mm":40,"miss_streak":0,"pwm":0,"lost_markers":0,"lost_ms":0,"motor_dir":"FWD"}
2026-08-26T14:17:54-0700	ngr/loco/9950012/alert	{"level":"CLEAR","reason":"STATUS","loco":"9950012","uptime_ms":724232,"nav":"NORMAL","moving":0,"pwm":0,"est_mm_s":121,"dir":"CCW","session_dir":"CCW","mdir":"FWD","rear":40,"front":35,"env":1500,"lc_mm":40,"last_confirmed_landmark":"","age_ms":64378,"since":0,"dead_reckoned_mm":40,"candidate_mm":-1,"viable":[],"lostm":0,"lost_ms":0,"agree":343,"disagree":0,"losts":0,"auto":0}
2026-08-26T14:17:55-0700	ngr/loco/9950012/state/loopstat	{"loop_max_gap_ms":33,"hall_task_max_gap_ms":2,"hall_task_age_ms":1,"baseline":1807,"raw":1807,"delta":0,"queue_drops":0,"floor_rejects":0,"queue_high_water":0,"mqtt_connect_ms":771,"mqtt_attempts":1,"pub_drops":0,"pub_queue_hw":1,"cmd_drops":0,"pub_per_s":1,"marker_pub_drops":0,"marker_pub_hw":0,"nav":"NORMAL","mm":40,"miss_streak":0,"pwm":0,"lost_markers":0,"lost_ms":0,"motor_dir":"FWD"}
2026-08-26T14:17:55-0700	ngr/loco/9950012/telem/voltage	15.10
2026-08-26T14:17:55-0700	ngr/loco/9950012/telem/current	0.20
2026-08-26T14:17:55-0700	ngr/loco/9950012/telem/power	3.06
2026-08-26T14:17:55-0700	ngr/loco/9950012/alert	{"level":"CLEAR","reason":"STATUS","loco":"9950012","uptime_ms":725232,"nav":"NORMAL","moving":0,"pwm":0,"est_mm_s":121,"dir":"CCW","session_dir":"CCW","mdir":"FWD","rear":40,"front":35,"env":1500,"lc_mm":40,"last_confirmed_landmark":"","age_ms":65378,"since":0,"dead_reckoned_mm":40,"candidate_mm":-1,"viable":[],"lostm":0,"lost_ms":0,"agree":343,"disagree":0,"losts":0,"auto":0}
2026-08-26T14:17:56-0700	ngr/loco/9950012/state/loopstat	{"loop_max_gap_ms":34,"hall_task_max_gap_ms":3,"hall_task_age_ms":1,"baseline":1807,"raw":1807,"delta":0,"queue_drops":0,"floor_rejects":0,"queue_high_water":0,"mqtt_connect_ms":771,"mqtt_attempts":1,"pub_drops":0,"pub_queue_hw":3,"cmd_drops":0,"pub_per_s":4,"marker_pub_drops":0,"marker_pub_hw":0,"nav":"NORMAL","mm":40,"miss_streak":0,"pwm":0,"lost_markers":0,"lost_ms":0,"motor_dir":"FWD"}
2026-08-26T14:17:56-0700	ngr/loco/9950012/alert	{"level":"CLEAR","reason":"STATUS","loco":"9950012","uptime_ms":726232,"nav":"NORMAL","moving":0,"pwm":0,"est_mm_s":121,"dir":"CCW","session_dir":"CCW","mdir":"FWD","rear":40,"front":35,"env":1500,"lc_mm":40,"last_confirmed_landmark":"","age_ms":66378,"since":0,"dead_reckoned_mm":40,"candidate_mm":-1,"viable":[],"lostm":0,"lost_ms":0,"agree":343,"disagree":0,"losts":0,"auto":0}
2026-08-26T14:17:57-0700	ngr/loco/9950012/state/loopstat	{"loop_max_gap_ms":33,"hall_task_max_gap_ms":2,"hall_task_age_ms":1,"baseline":1807,"raw":1805,"delta":-2,"queue_drops":0,"floor_rejects":0,"queue_high_water":0,"mqtt_connect_ms":771,"mqtt_attempts":1,"pub_drops":0,"pub_queue_hw":1,"cmd_drops":0,"pub_per_s":1,"marker_pub_drops":0,"marker_pub_hw":0,"nav":"NORMAL","mm":40,"miss_streak":0,"pwm":0,"lost_markers":0,"lost_ms":0,"motor_dir":"FWD"}
2026-08-26T14:17:57-0700	ngr/loco/9950012/alert	{"level":"CLEAR","reason":"STATUS","loco":"9950012","uptime_ms":727232,"nav":"NORMAL","moving":0,"pwm":0,"est_mm_s":121,"dir":"CCW","session_dir":"CCW","mdir":"FWD","rear":40,"front":35,"env":1500,"lc_mm":40,"last_confirmed_landmark":"","age_ms":67378,"since":0,"dead_reckoned_mm":40,"candidate_mm":-1,"viable":[],"lostm":0,"lost_ms":0,"agree":343,"disagree":0,"losts":0,"auto":0}
2026-08-26T14:17:58-0700	ngr/loco/9950012/state/loopstat	{"loop_max_gap_ms":34,"hall_task_max_gap_ms":2,"hall_task_age_ms":1,"baseline":1807,"raw":1806,"delta":-1,"queue_drops":0,"floor_rejects":0,"queue_high_water":0,"mqtt_connect_ms":771,"mqtt_attempts":1,"pub_drops":0,"pub_queue_hw":1,"cmd_drops":0,"pub_per_s":1,"marker_pub_drops":0,"marker_pub_hw":0,"nav":"NORMAL","mm":40,"miss_streak":0,"pwm":0,"lost_markers":0,"lost_ms":0,"motor_dir":"FWD"}
2026-08-26T14:17:58-0700	ngr/loco/9950012/alert	{"level":"CLEAR","reason":"STATUS","loco":"9950012","uptime_ms":728232,"nav":"NORMAL","moving":0,"pwm":0,"est_mm_s":121,"dir":"CCW","session_dir":"CCW","mdir":"FWD","rear":40,"front":35,"env":1500,"lc_mm":40,"last_confirmed_landmark":"","age_ms":68378,"since":0,"dead_reckoned_mm":40,"candidate_mm":-1,"viable":[],"lostm":0,"lost_ms":0,"agree":343,"disagree":0,"losts":0,"auto":0}
2026-08-26T14:17:59-0700	ngr/loco/9950012/state/loopstat	{"loop_max_gap_ms":33,"hall_task_max_gap_ms":2,"hall_task_age_ms":1,"baseline":1807,"raw":1807,"delta":0,"queue_drops":0,"floor_rejects":0,"queue_high_water":0,"mqtt_connect_ms":771,"mqtt_attempts":1,"pub_drops":0,"pub_queue_hw":1,"cmd_drops":0,"pub_per_s":1,"marker_pub_drops":0,"marker_pub_hw":0,"nav":"NORMAL","mm":40,"miss_streak":0,"pwm":0,"lost_markers":0,"lost_ms":0,"motor_dir":"FWD"}
2026-08-26T14:17:59-0700	ngr/loco/9950012/alert	{"level":"CLEAR","reason":"STATUS","loco":"9950012","uptime_ms":729232,"nav":"NORMAL","moving":0,"pwm":0,"est_mm_s":121,"dir":"CCW","session_dir":"CCW","mdir":"FWD","rear":40,"front":35,"env":1500,"lc_mm":40,"last_confirmed_landmark":"","age_ms":69378,"since":0,"dead_reckoned_mm":40,"candidate_mm":-1,"viable":[],"lostm":0,"lost_ms":0,"agree":343,"disagree":0,"losts":0,"auto":0}
2026-08-26T14:18:00-0700	ngr/loco/9950012/state/loopstat	{"loop_max_gap_ms":33,"hall_task_max_gap_ms":2,"hall_task_age_ms":1,"baseline":1807,"raw":1806,"delta":-1,"queue_drops":0,"floor_rejects":0,"queue_high_water":0,"mqtt_connect_ms":771,"mqtt_attempts":1,"pub_drops":0,"pub_queue_hw":1,"cmd_drops":0,"pub_per_s":1,"marker_pub_drops":0,"marker_pub_hw":0,"nav":"NORMAL","mm":40,"miss_streak":0,"pwm":0,"lost_markers":0,"lost_ms":0,"motor_dir":"FWD"}
2026-08-26T14:18:00-0700	ngr/loco/9950012/telem/voltage	15.10
2026-08-26T14:18:00-0700	ngr/loco/9950012/telem/current	0.21
2026-08-26T14:18:00-0700	ngr/loco/9950012/telem/power	3.12
2026-08-26T14:18:00-0700	ngr/loco/9950012/alert	{"level":"CLEAR","reason":"STATUS","loco":"9950012","uptime_ms":730232,"nav":"NORMAL","moving":0,"pwm":0,"est_mm_s":121,"dir":"CCW","session_dir":"CCW","mdir":"FWD","rear":40,"front":35,"env":1500,"lc_mm":40,"last_confirmed_landmark":"","age_ms":70378,"since":0,"dead_reckoned_mm":40,"candidate_mm":-1,"viable":[],"lostm":0,"lost_ms":0,"agree":343,"disagree":0,"losts":0,"auto":0}
2026-08-26T14:18:01-0700	ngr/loco/9950012/state/loopstat	{"loop_max_gap_ms":33,"hall_task_max_gap_ms":2,"hall_task_age_ms":1,"baseline":1807,"raw":1807,"delta":0,"queue_drops":0,"floor_rejects":0,"queue_high_water":0,"mqtt_connect_ms":771,"mqtt_attempts":1,"pub_drops":0,"pub_queue_hw":3,"cmd_drops":0,"pub_per_s":4,"marker_pub_drops":0,"marker_pub_hw":0,"nav":"NORMAL","mm":40,"miss_streak":0,"pwm":0,"lost_markers":0,"lost_ms":0,"motor_dir":"FWD"}
2026-08-26T14:18:01-0700	ngr/loco/9950012/alert	{"level":"CLEAR","reason":"STATUS","loco":"9950012","uptime_ms":731232,"nav":"NORMAL","moving":0,"pwm":0,"est_mm_s":121,"dir":"CCW","session_dir":"CCW","mdir":"FWD","rear":40,"front":35,"env":1500,"lc_mm":40,"last_confirmed_landmark":"","age_ms":71378,"since":0,"dead_reckoned_mm":40,"candidate_mm":-1,"viable":[],"lostm":0,"lost_ms":0,"agree":343,"disagree":0,"losts":0,"auto":0}
2026-08-26T14:18:02-0700	ngr/loco/9950012/state/loopstat	{"loop_max_gap_ms":34,"hall_task_max_gap_ms":2,"hall_task_age_ms":1,"baseline":1807,"raw":1808,"delta":1,"queue_drops":0,"floor_rejects":0,"queue_high_water":0,"mqtt_connect_ms":771,"mqtt_attempts":1,"pub_drops":0,"pub_queue_hw":1,"cmd_drops":0,"pub_per_s":1,"marker_pub_drops":0,"marker_pub_hw":0,"nav":"NORMAL","mm":40,"miss_streak":0,"pwm":0,"lost_markers":0,"lost_ms":0,"motor_dir":"FWD"}
2026-08-26T14:18:02-0700	ngr/loco/9950012/alert	{"level":"CLEAR","reason":"STATUS","loco":"9950012","uptime_ms":732232,"nav":"NORMAL","moving":0,"pwm":0,"est_mm_s":121,"dir":"CCW","session_dir":"CCW","mdir":"FWD","rear":40,"front":35,"env":1500,"lc_mm":40,"last_confirmed_landmark":"","age_ms":72378,"since":0,"dead_reckoned_mm":40,"candidate_mm":-1,"viable":[],"lostm":0,"lost_ms":0,"agree":343,"disagree":0,"losts":0,"auto":0}
2026-08-26T14:18:03-0700	ngr/loco/9950012/state/loopstat	{"loop_max_gap_ms":33,"hall_task_max_gap_ms":2,"hall_task_age_ms":1,"baseline":1807,"raw":1807,"delta":0,"queue_drops":0,"floor_rejects":0,"queue_high_water":0,"mqtt_connect_ms":771,"mqtt_attempts":1,"pub_drops":0,"pub_queue_hw":1,"cmd_drops":0,"pub_per_s":1,"marker_pub_drops":0,"marker_pub_hw":0,"nav":"NORMAL","mm":40,"miss_streak":0,"pwm":0,"lost_markers":0,"lost_ms":0,"motor_dir":"FWD"}
2026-08-26T14:18:03-0700	ngr/loco/9950012/alert	{"level":"CLEAR","reason":"STATUS","loco":"9950012","uptime_ms":733232,"nav":"NORMAL","moving":0,"pwm":0,"est_mm_s":121,"dir":"CCW","session_dir":"CCW","mdir":"FWD","rear":40,"front":35,"env":1500,"lc_mm":40,"last_confirmed_landmark":"","age_ms":73378,"since":0,"dead_reckoned_mm":40,"candidate_mm":-1,"viable":[],"lostm":0,"lost_ms":0,"agree":343,"disagree":0,"losts":0,"auto":0}
2026-08-26T14:18:04-0700	ngr/loco/9950012/state/loopstat	{"loop_max_gap_ms":33,"hall_task_max_gap_ms":2,"hall_task_age_ms":1,"baseline":1807,"raw":1805,"delta":-2,"queue_drops":0,"floor_rejects":0,"queue_high_water":0,"mqtt_connect_ms":771,"mqtt_attempts":1,"pub_drops":0,"pub_queue_hw":1,"cmd_drops":0,"pub_per_s":1,"marker_pub_drops":0,"marker_pub_hw":0,"nav":"NORMAL","mm":40,"miss_streak":0,"pwm":0,"lost_markers":0,"lost_ms":0,"motor_dir":"FWD"}
2026-08-26T14:18:04-0700	ngr/loco/9950012/alert	{"level":"CLEAR","reason":"STATUS","loco":"9950012","uptime_ms":734232,"nav":"NORMAL","moving":0,"pwm":0,"est_mm_s":121,"dir":"CCW","session_dir":"CCW","mdir":"FWD","rear":40,"front":35,"env":1500,"lc_mm":40,"last_confirmed_landmark":"","age_ms":74378,"since":0,"dead_reckoned_mm":40,"candidate_mm":-1,"viable":[],"lostm":0,"lost_ms":0,"agree":343,"disagree":0,"losts":0,"auto":0}
2026-08-26T14:18:05-0700	ngr/loco/9950012/state/loopstat	{"loop_max_gap_ms":34,"hall_task_max_gap_ms":2,"hall_task_age_ms":1,"baseline":1807,"raw":1807,"delta":0,"queue_drops":0,"floor_rejects":0,"queue_high_water":0,"mqtt_connect_ms":771,"mqtt_attempts":1,"pub_drops":0,"pub_queue_hw":1,"cmd_drops":0,"pub_per_s":1,"marker_pub_drops":0,"marker_pub_hw":0,"nav":"NORMAL","mm":40,"miss_streak":0,"pwm":0,"lost_markers":0,"lost_ms":0,"motor_dir":"FWD"}
2026-08-26T14:18:05-0700	ngr/loco/9950012/telem/voltage	15.10
2026-08-26T14:18:05-0700	ngr/loco/9950012/telem/current	0.21
2026-08-26T14:18:05-0700	ngr/loco/9950012/telem/power	3.19
2026-08-26T14:18:05-0700	ngr/loco/9950012/alert	{"level":"CLEAR","reason":"STATUS","loco":"9950012","uptime_ms":735232,"nav":"NORMAL","moving":0,"pwm":0,"est_mm_s":121,"dir":"CCW","session_dir":"CCW","mdir":"FWD","rear":40,"front":35,"env":1500,"lc_mm":40,"last_confirmed_landmark":"","age_ms":75378,"since":0,"dead_reckoned_mm":40,"candidate_mm":-1,"viable":[],"lostm":0,"lost_ms":0,"agree":343,"disagree":0,"losts":0,"auto":0}
2026-08-26T14:18:06-0700	ngr/loco/9950012/state/loopstat	{"loop_max_gap_ms":34,"hall_task_max_gap_ms":2,"hall_task_age_ms":1,"baseline":1807,"raw":1806,"delta":-1,"queue_drops":0,"floor_rejects":0,"queue_high_water":0,"mqtt_connect_ms":771,"mqtt_attempts":1,"pub_drops":0,"pub_queue_hw":3,"cmd_drops":0,"pub_per_s":4,"marker_pub_drops":0,"marker_pub_hw":0,"nav":"NORMAL","mm":40,"miss_streak":0,"pwm":0,"lost_markers":0,"lost_ms":0,"motor_dir":"FWD"}
2026-08-26T14:18:06-0700	ngr/loco/9950012/alert	{"level":"CLEAR","reason":"STATUS","loco":"9950012","uptime_ms":736232,"nav":"NORMAL","moving":0,"pwm":0,"est_mm_s":121,"dir":"CCW","session_dir":"CCW","mdir":"FWD","rear":40,"front":35,"env":1500,"lc_mm":40,"last_confirmed_landmark":"","age_ms":76378,"since":0,"dead_reckoned_mm":40,"candidate_mm":-1,"viable":[],"lostm":0,"lost_ms":0,"agree":343,"disagree":0,"losts":0,"auto":0}
2026-08-26T14:18:07-0700	ngr/loco/9950012/state/loopstat	{"loop_max_gap_ms":34,"hall_task_max_gap_ms":2,"hall_task_age_ms":1,"baseline":1807,"raw":1807,"delta":0,"queue_drops":0,"floor_rejects":0,"queue_high_water":0,"mqtt_connect_ms":771,"mqtt_attempts":1,"pub_drops":0,"pub_queue_hw":1,"cmd_drops":0,"pub_per_s":1,"marker_pub_drops":0,"marker_pub_hw":0,"nav":"NORMAL","mm":40,"miss_streak":0,"pwm":0,"lost_markers":0,"lost_ms":0,"motor_dir":"FWD"}
2026-08-26T14:18:07-0700	ngr/loco/9950012/alert	{"level":"CLEAR","reason":"STATUS","loco":"9950012","uptime_ms":737232,"nav":"NORMAL","moving":0,"pwm":0,"est_mm_s":121,"dir":"CCW","session_dir":"CCW","mdir":"FWD","rear":40,"front":35,"env":1500,"lc_mm":40,"last_confirmed_landmark":"","age_ms":77378,"since":0,"dead_reckoned_mm":40,"candidate_mm":-1,"viable":[],"lostm":0,"lost_ms":0,"agree":343,"disagree":0,"losts":0,"auto":0}
2026-08-26T14:18:08-0700	ngr/loco/9950012/state/loopstat	{"loop_max_gap_ms":33,"hall_task_max_gap_ms":2,"hall_task_age_ms":1,"baseline":1807,"raw":1809,"delta":2,"queue_drops":0,"floor_rejects":0,"queue_high_water":0,"mqtt_connect_ms":771,"mqtt_attempts":1,"pub_drops":0,"pub_queue_hw":1,"cmd_drops":0,"pub_per_s":1,"marker_pub_drops":0,"marker_pub_hw":0,"nav":"NORMAL","mm":40,"miss_streak":0,"pwm":0,"lost_markers":0,"lost_ms":0,"motor_dir":"FWD"}
2026-08-26T14:18:08-0700	ngr/loco/9950012/alert	{"level":"CLEAR","reason":"STATUS","loco":"9950012","uptime_ms":738232,"nav":"NORMAL","moving":0,"pwm":0,"est_mm_s":121,"dir":"CCW","session_dir":"CCW","mdir":"FWD","rear":40,"front":35,"env":1500,"lc_mm":40,"last_confirmed_landmark":"","age_ms":78378,"since":0,"dead_reckoned_mm":40,"candidate_mm":-1,"viable":[],"lostm":0,"lost_ms":0,"agree":343,"disagree":0,"losts":0,"auto":0}
2026-08-26T14:18:09-0700	ngr/loco/9950012/state/loopstat	{"loop_max_gap_ms":33,"hall_task_max_gap_ms":2,"hall_task_age_ms":1,"baseline":1807,"raw":1808,"delta":1,"queue_drops":0,"floor_rejects":0,"queue_high_water":0,"mqtt_connect_ms":771,"mqtt_attempts":1,"pub_drops":0,"pub_queue_hw":1,"cmd_drops":0,"pub_per_s":1,"marker_pub_drops":0,"marker_pub_hw":0,"nav":"NORMAL","mm":40,"miss_streak":0,"pwm":0,"lost_markers":0,"lost_ms":0,"motor_dir":"FWD"}
2026-08-26T14:18:09-0700	ngr/loco/9950012/alert	{"level":"CLEAR","reason":"STATUS","loco":"9950012","uptime_ms":739232,"nav":"NORMAL","moving":0,"pwm":0,"est_mm_s":121,"dir":"CCW","session_dir":"CCW","mdir":"FWD","rear":40,"front":35,"env":1500,"lc_mm":40,"last_confirmed_landmark":"","age_ms":79378,"since":0,"dead_reckoned_mm":40,"candidate_mm":-1,"viable":[],"lostm":0,"lost_ms":0,"agree":343,"disagree":0,"losts":0,"auto":0}
2026-08-26T14:18:10-0700	ngr/loco/9950012/state/loopstat	{"loop_max_gap_ms":33,"hall_task_max_gap_ms":2,"hall_task_age_ms":1,"baseline":1807,"raw":1806,"delta":-1,"queue_drops":0,"floor_rejects":0,"queue_high_water":0,"mqtt_connect_ms":771,"mqtt_attempts":1,"pub_drops":0,"pub_queue_hw":1,"cmd_drops":0,"pub_per_s":1,"marker_pub_drops":0,"marker_pub_hw":0,"nav":"NORMAL","mm":40,"miss_streak":0,"pwm":0,"lost_markers":0,"lost_ms":0,"motor_dir":"FWD"}
2026-08-26T14:18:10-0700	ngr/loco/9950012/telem/voltage	15.10
2026-08-26T14:18:10-0700	ngr/loco/9950012/telem/current	0.21
2026-08-26T14:18:10-0700	ngr/loco/9950012/telem/power	3.15
2026-08-26T14:18:10-0700	ngr/loco/9950012/alert	{"level":"CLEAR","reason":"STATUS","loco":"9950012","uptime_ms":740232,"nav":"NORMAL","moving":0,"pwm":0,"est_mm_s":121,"dir":"CCW","session_dir":"CCW","mdir":"FWD","rear":40,"front":35,"env":1500,"lc_mm":40,"last_confirmed_landmark":"","age_ms":80378,"since":0,"dead_reckoned_mm":40,"candidate_mm":-1,"viable":[],"lostm":0,"lost_ms":0,"agree":343,"disagree":0,"losts":0,"auto":0}
2026-08-26T14:18:11-0700	ngr/loco/9950012/state/loopstat	{"loop_max_gap_ms":34,"hall_task_max_gap_ms":3,"hall_task_age_ms":1,"baseline":1807,"raw":1808,"delta":1,"queue_drops":0,"floor_rejects":0,"queue_high_water":0,"mqtt_connect_ms":771,"mqtt_attempts":1,"pub_drops":0,"pub_queue_hw":3,"cmd_drops":0,"pub_per_s":4,"marker_pub_drops":0,"marker_pub_hw":0,"nav":"NORMAL","mm":40,"miss_streak":0,"pwm":0,"lost_markers":0,"lost_ms":0,"motor_dir":"FWD"}
2026-08-26T14:18:11-0700	ngr/loco/9950012/alert	{"level":"CLEAR","reason":"STATUS","loco":"9950012","uptime_ms":741232,"nav":"NORMAL","moving":0,"pwm":0,"est_mm_s":121,"dir":"CCW","session_dir":"CCW","mdir":"FWD","rear":40,"front":35,"env":1500,"lc_mm":40,"last_confirmed_landmark":"","age_ms":81378,"since":0,"dead_reckoned_mm":40,"candidate_mm":-1,"viable":[],"lostm":0,"lost_ms":0,"agree":343,"disagree":0,"losts":0,"auto":0}
2026-08-26T14:18:12-0700	ngr/loco/9950012/state/loopstat	{"loop_max_gap_ms":34,"hall_task_max_gap_ms":2,"hall_task_age_ms":1,"baseline":1807,"raw":1805,"delta":-2,"queue_drops":0,"floor_rejects":0,"queue_high_water":0,"mqtt_connect_ms":771,"mqtt_attempts":1,"pub_drops":0,"pub_queue_hw":1,"cmd_drops":0,"pub_per_s":1,"marker_pub_drops":0,"marker_pub_hw":0,"nav":"NORMAL","mm":40,"miss_streak":0,"pwm":0,"lost_markers":0,"lost_ms":0,"motor_dir":"FWD"}
