2026-08-26T11:13:20.010	ngr/loco/9950012/alert	{"level":"CLEAR","reason":"STATUS","loco":"9950012","uptime_ms":832195,"nav":"NORMAL","moving":0,"pwm":0,"est_mm_s":100,"dir":"CW","session_dir":"CW","mdir":"FWD","rear":40,"front":45,"env":1500,"lc_mm":40,"last_confirmed_landmark":"","age_ms":174221,"since":0,"dead_reckoned_mm":40,"candidate_mm":-1,"viable":[],"lostm":0,"lost_ms":0,"agree":166,"disagree":3,"losts":0,"auto":0}
2026-08-26T11:13:21.009	ngr/loco/9950012/alert	{"level":"CLEAR","reason":"STATUS","loco":"9950012","uptime_ms":833195,"nav":"NORMAL","moving":0,"pwm":0,"est_mm_s":100,"dir":"CW","session_dir":"CW","mdir":"FWD","rear":40,"front":45,"env":1500,"lc_mm":40,"last_confirmed_landmark":"","age_ms":175221,"since":0,"dead_reckoned_mm":40,"candidate_mm":-1,"viable":[],"lostm":0,"lost_ms":0,"agree":166,"disagree":3,"losts":0,"auto":0}
2026-08-26T11:13:22.009	ngr/loco/9950012/alert	{"level":"CLEAR","reason":"STATUS","loco":"9950012","uptime_ms":834195,"nav":"NORMAL","moving":0,"pwm":0,"est_mm_s":100,"dir":"CW","session_dir":"CW","mdir":"FWD","rear":40,"front":45,"env":1500,"lc_mm":40,"last_confirmed_landmark":"","age_ms":176221,"since":0,"dead_reckoned_mm":40,"candidate_mm":-1,"viable":[],"lostm":0,"lost_ms":0,"agree":166,"disagree":3,"losts":0,"auto":0}
2026-08-26T11:13:23.010	ngr/loco/9950012/alert	{"level":"CLEAR","reason":"STATUS","loco":"9950012","uptime_ms":835195,"nav":"NORMAL","moving":0,"pwm":0,"est_mm_s":100,"dir":"CW","session_dir":"CW","mdir":"FWD","rear":40,"front":45,"env":1500,"lc_mm":40,"last_confirmed_landmark":"","age_ms":177221,"since":0,"dead_reckoned_mm":40,"candidate_mm":-1,"viable":[],"lostm":0,"lost_ms":0,"agree":166,"disagree":3,"losts":0,"auto":0}
2026-08-26T11:13:24.009	ngr/loco/9950012/alert	{"level":"CLEAR","reason":"STATUS","loco":"9950012","uptime_ms":836195,"nav":"NORMAL","moving":0,"pwm":0,"est_mm_s":100,"dir":"CW","session_dir":"CW","mdir":"FWD","rear":40,"front":45,"env":1500,"lc_mm":40,"last_confirmed_landmark":"","age_ms":178221,"since":0,"dead_reckoned_mm":40,"candidate_mm":-1,"viable":[],"lostm":0,"lost_ms":0,"agree":166,"disagree":3,"losts":0,"auto":0}
2026-08-26T11:13:25.012	ngr/loco/9950012/alert	{"level":"CLEAR","reason":"STATUS","loco":"9950012","uptime_ms":837195,"nav":"NORMAL","moving":0,"pwm":0,"est_mm_s":100,"dir":"CW","session_dir":"CW","mdir":"FWD","rear":40,"front":45,"env":1500,"lc_mm":40,"last_confirmed_landmark":"","age_ms":179221,"since":0,"dead_reckoned_mm":40,"candidate_mm":-1,"viable":[],"lostm":0,"lost_ms":0,"agree":166,"disagree":3,"losts":0,"auto":0}
2026-08-26T11:13:26.038	ngr/loco/9950012/alert	{"level":"CLEAR","reason":"STATUS","loco":"9950012","uptime_ms":838195,"nav":"NORMAL","moving":0,"pwm":0,"est_mm_s":100,"dir":"CW","session_dir":"CW","mdir":"FWD","rear":40,"front":45,"env":1500,"lc_mm":40,"last_confirmed_landmark":"","age_ms":180221,"since":0,"dead_reckoned_mm":40,"candidate_mm":-1,"viable":[],"lostm":0,"lost_ms":0,"agree":166,"disagree":3,"losts":0,"auto":0}
2026-08-26T11:13:27.009	ngr/loco/9950012/alert	{"level":"CLEAR","reason":"STATUS","loco":"9950012","uptime_ms":839195,"nav":"NORMAL","moving":0,"pwm":0,"est_mm_s":100,"dir":"CW","session_dir":"CW","mdir":"FWD","rear":40,"front":45,"env":1500,"lc_mm":40,"last_confirmed_landmark":"","age_ms":181221,"since":0,"dead_reckoned_mm":40,"candidate_mm":-1,"viable":[],"lostm":0,"lost_ms":0,"agree":166,"disagree":3,"losts":0,"auto":0}
2026-08-26T11:13:28.010	ngr/loco/9950012/alert	{"level":"CLEAR","reason":"STATUS","loco":"9950012","uptime_ms":840195,"nav":"NORMAL","moving":0,"pwm":0,"est_mm_s":100,"dir":"CW","session_dir":"CW","mdir":"FWD","rear":40,"front":45,"env":1500,"lc_mm":40,"last_confirmed_landmark":"","age_ms":182221,"since":0,"dead_reckoned_mm":40,"candidate_mm":-1,"viable":[],"lostm":0,"lost_ms":0,"agree":166,"disagree":3,"losts":0,"auto":0}
2026-08-26T11:13:29.013	ngr/loco/9950012/alert	{"level":"CLEAR","reason":"STATUS","loco":"9950012","uptime_ms":841195,"nav":"NORMAL","moving":0,"pwm":0,"est_mm_s":100,"dir":"CW","session_dir":"CW","mdir":"FWD","rear":40,"front":45,"env":1500,"lc_mm":40,"last_confirmed_landmark":"","age_ms":183221,"since":0,"dead_reckoned_mm":40,"candidate_mm":-1,"viable":[],"lostm":0,"lost_ms":0,"agree":166,"disagree":3,"losts":0,"auto":0}
2026-08-26T11:13:30.009	ngr/loco/9950012/alert	{"level":"CLEAR","reason":"STATUS","loco":"9950012","uptime_ms":842195,"nav":"NORMAL","moving":0,"pwm":0,"est_mm_s":100,"dir":"CW","session_dir":"CW","mdir":"FWD","rear":40,"front":45,"env":1500,"lc_mm":40,"last_confirmed_landmark":"","age_ms":184221,"since":0,"dead_reckoned_mm":40,"candidate_mm":-1,"viable":[],"lostm":0,"lost_ms":0,"agree":166,"disagree":3,"losts":0,"auto":0}
2026-08-26T11:13:31.014	ngr/loco/9950012/alert	{"level":"CLEAR","reason":"STATUS","loco":"9950012","uptime_ms":843195,"nav":"NORMAL","moving":0,"pwm":0,"est_mm_s":100,"dir":"CW","session_dir":"CW","mdir":"FWD","rear":40,"front":45,"env":1500,"lc_mm":40,"last_confirmed_landmark":"","age_ms":185221,"since":0,"dead_reckoned_mm":40,"candidate_mm":-1,"viable":[],"lostm":0,"lost_ms":0,"agree":166,"disagree":3,"losts":0,"auto":0}
2026-08-26T11:13:32.009	ngr/loco/9950012/alert	{"level":"CLEAR","reason":"STATUS","loco":"9950012","uptime_ms":844195,"nav":"NORMAL","moving":0,"pwm":0,"est_mm_s":100,"dir":"CW","session_dir":"CW","mdir":"FWD","rear":40,"front":45,"env":1500,"lc_mm":40,"last_confirmed_landmark":"","age_ms":186221,"since":0,"dead_reckoned_mm":40,"candidate_mm":-1,"viable":[],"lostm":0,"lost_ms":0,"agree":166,"disagree":3,"losts":0,"auto":0}
2026-08-26T11:13:33.009	ngr/loco/9950012/alert	{"level":"CLEAR","reason":"STATUS","loco":"9950012","uptime_ms":845195,"nav":"NORMAL","moving":0,"pwm":0,"est_mm_s":100,"dir":"CW","session_dir":"CW","mdir":"FWD","rear":40,"front":45,"env":1500,"lc_mm":40,"last_confirmed_landmark":"","age_ms":187221,"since":0,"dead_reckoned_mm":40,"candidate_mm":-1,"viable":[],"lostm":0,"lost_ms":0,"agree":166,"disagree":3,"losts":0,"auto":0}
2026-08-26T11:13:34.011	ngr/loco/9950012/alert	{"level":"CLEAR","reason":"STATUS","loco":"9950012","uptime_ms":846195,"nav":"NORMAL","moving":0,"pwm":0,"est_mm_s":100,"dir":"CW","session_dir":"CW","mdir":"FWD","rear":40,"front":45,"env":1500,"lc_mm":40,"last_confirmed_landmark":"","age_ms":188221,"since":0,"dead_reckoned_mm":40,"candidate_mm":-1,"viable":[],"lostm":0,"lost_ms":0,"agree":166,"disagree":3,"losts":0,"auto":0}
2026-08-26T11:13:35.016	ngr/loco/9950012/alert	{"level":"CLEAR","reason":"STATUS","loco":"9950012","uptime_ms":847195,"nav":"NORMAL","moving":0,"pwm":0,"est_mm_s":100,"dir":"CW","session_dir":"CW","mdir":"FWD","rear":40,"front":45,"env":1500,"lc_mm":40,"last_confirmed_landmark":"","age_ms":189221,"since":0,"dead_reckoned_mm":40,"candidate_mm":-1,"viable":[],"lostm":0,"lost_ms":0,"agree":166,"disagree":3,"losts":0,"auto":0}
2026-08-26T11:13:36.009	ngr/loco/9950012/alert	{"level":"CLEAR","reason":"STATUS","loco":"9950012","uptime_ms":848195,"nav":"NORMAL","moving":0,"pwm":0,"est_mm_s":100,"dir":"CW","session_dir":"CW","mdir":"FWD","rear":40,"front":45,"env":1500,"lc_mm":40,"last_confirmed_landmark":"","age_ms":190221,"since":0,"dead_reckoned_mm":40,"candidate_mm":-1,"viable":[],"lostm":0,"lost_ms":0,"agree":166,"disagree":3,"losts":0,"auto":0}
2026-08-26T11:13:37.007	ngr/loco/9950012/alert	{"level":"CLEAR","reason":"STATUS","loco":"9950012","uptime_ms":849195,"nav":"NORMAL","moving":0,"pwm":0,"est_mm_s":100,"dir":"CW","session_dir":"CW","mdir":"FWD","rear":40,"front":45,"env":1500,"lc_mm":40,"last_confirmed_landmark":"","age_ms":191221,"since":0,"dead_reckoned_mm":40,"candidate_mm":-1,"viable":[],"lostm":0,"lost_ms":0,"agree":166,"disagree":3,"losts":0,"auto":0}
2026-08-26T11:13:38.011	ngr/loco/9950012/alert	{"level":"CLEAR","reason":"STATUS","loco":"9950012","uptime_ms":850195,"nav":"NORMAL","moving":0,"pwm":0,"est_mm_s":100,"dir":"CW","session_dir":"CW","mdir":"FWD","rear":40,"front":45,"env":1500,"lc_mm":40,"last_confirmed_landmark":"","age_ms":192221,"since":0,"dead_reckoned_mm":40,"candidate_mm":-1,"viable":[],"lostm":0,"lost_ms":0,"agree":166,"disagree":3,"losts":0,"auto":0}
2026-08-26T11:13:39.008	ngr/loco/9950012/alert	{"level":"CLEAR","reason":"STATUS","loco":"9950012","uptime_ms":851195,"nav":"NORMAL","moving":0,"pwm":0,"est_mm_s":100,"dir":"CW","session_dir":"CW","mdir":"FWD","rear":40,"front":45,"env":1500,"lc_mm":40,"last_confirmed_landmark":"","age_ms":193221,"since":0,"dead_reckoned_mm":40,"candidate_mm":-1,"viable":[],"lostm":0,"lost_ms":0,"agree":166,"disagree":3,"losts":0,"auto":0}
2026-08-26T11:13:40.015	ngr/loco/9950012/alert	{"level":"CLEAR","reason":"STATUS","loco":"9950012","uptime_ms":852195,"nav":"NORMAL","moving":0,"pwm":0,"est_mm_s":100,"dir":"CW","session_dir":"CW","mdir":"FWD","rear":40,"front":45,"env":1500,"lc_mm":40,"last_confirmed_landmark":"","age_ms":194221,"since":0,"dead_reckoned_mm":40,"candidate_mm":-1,"viable":[],"lostm":0,"lost_ms":0,"agree":166,"disagree":3,"losts":0,"auto":0}
2026-08-26T11:13:41.027	ngr/loco/9950012/alert	{"level":"CLEAR","reason":"STATUS","loco":"9950012","uptime_ms":853195,"nav":"NORMAL","moving":0,"pwm":0,"est_mm_s":100,"dir":"CW","session_dir":"CW","mdir":"FWD","rear":40,"front":45,"env":1500,"lc_mm":40,"last_confirmed_landmark":"","age_ms":195221,"since":0,"dead_reckoned_mm":40,"candidate_mm":-1,"viable":[],"lostm":0,"lost_ms":0,"agree":166,"disagree":3,"losts":0,"auto":0}
2026-08-26T11:13:42.014	ngr/loco/9950012/alert	{"level":"CLEAR","reason":"STATUS","loco":"9950012","uptime_ms":854195,"nav":"NORMAL","moving":0,"pwm":0,"est_mm_s":100,"dir":"CW","session_dir":"CW","mdir":"FWD","rear":40,"front":45,"env":1500,"lc_mm":40,"last_confirmed_landmark":"","age_ms":196221,"since":0,"dead_reckoned_mm":40,"candidate_mm":-1,"viable":[],"lostm":0,"lost_ms":0,"agree":166,"disagree":3,"losts":0,"auto":0}
2026-08-26T11:13:43.014	ngr/loco/9950012/alert	{"level":"CLEAR","reason":"STATUS","loco":"9950012","uptime_ms":855195,"nav":"NORMAL","moving":0,"pwm":0,"est_mm_s":100,"dir":"CW","session_dir":"CW","mdir":"FWD","rear":40,"front":45,"env":1500,"lc_mm":40,"last_confirmed_landmark":"","age_ms":197221,"since":0,"dead_reckoned_mm":40,"candidate_mm":-1,"viable":[],"lostm":0,"lost_ms":0,"agree":166,"disagree":3,"losts":0,"auto":0}
2026-08-26T11:13:44.020	ngr/loco/9950012/alert	{"level":"CLEAR","reason":"STATUS","loco":"9950012","uptime_ms":856195,"nav":"NORMAL","moving":0,"pwm":0,"est_mm_s":100,"dir":"CW","session_dir":"CW","mdir":"FWD","rear":40,"front":45,"env":1500,"lc_mm":40,"last_confirmed_landmark":"","age_ms":198221,"since":0,"dead_reckoned_mm":40,"candidate_mm":-1,"viable":[],"lostm":0,"lost_ms":0,"agree":166,"disagree":3,"losts":0,"auto":0}
2026-08-26T11:13:45.012	ngr/loco/9950012/alert	{"level":"CLEAR","reason":"STATUS","loco":"9950012","uptime_ms":857195,"nav":"NORMAL","moving":0,"pwm":0,"est_mm_s":100,"dir":"CW","session_dir":"CW","mdir":"FWD","rear":40,"front":45,"env":1500,"lc_mm":40,"last_confirmed_landmark":"","age_ms":199221,"since":0,"dead_reckoned_mm":40,"candidate_mm":-1,"viable":[],"lostm":0,"lost_ms":0,"agree":166,"disagree":3,"losts":0,"auto":0}
2026-08-26T11:13:46.010	ngr/loco/9950012/alert	{"level":"CLEAR","reason":"STATUS","loco":"9950012","uptime_ms":858195,"nav":"NORMAL","moving":0,"pwm":0,"est_mm_s":100,"dir":"CW","session_dir":"CW","mdir":"FWD","rear":40,"front":45,"env":1500,"lc_mm":40,"last_confirmed_landmark":"","age_ms":200221,"since":0,"dead_reckoned_mm":40,"candidate_mm":-1,"viable":[],"lostm":0,"lost_ms":0,"agree":166,"disagree":3,"losts":0,"auto":0}
2026-08-26T11:13:47.013	ngr/loco/9950012/alert	{"level":"CLEAR","reason":"STATUS","loco":"9950012","uptime_ms":859195,"nav":"NORMAL","moving":0,"pwm":0,"est_mm_s":100,"dir":"CW","session_dir":"CW","mdir":"FWD","rear":40,"front":45,"env":1500,"lc_mm":40,"last_confirmed_landmark":"","age_ms":201221,"since":0,"dead_reckoned_mm":40,"candidate_mm":-1,"viable":[],"lostm":0,"lost_ms":0,"agree":166,"disagree":3,"losts":0,"auto":0}
2026-08-26T11:13:48.009	ngr/loco/9950012/alert	{"level":"CLEAR","reason":"STATUS","loco":"9950012","uptime_ms":860195,"nav":"NORMAL","moving":0,"pwm":0,"est_mm_s":100,"dir":"CW","session_dir":"CW","mdir":"FWD","rear":40,"front":45,"env":1500,"lc_mm":40,"last_confirmed_landmark":"","age_ms":202221,"since":0,"dead_reckoned_mm":40,"candidate_mm":-1,"viable":[],"lostm":0,"lost_ms":0,"agree":166,"disagree":3,"losts":0,"auto":0}
2026-08-26T11:13:49.011	ngr/loco/9950012/alert	{"level":"CLEAR","reason":"STATUS","loco":"9950012","uptime_ms":861195,"nav":"NORMAL","moving":0,"pwm":0,"est_mm_s":100,"dir":"CW","session_dir":"CW","mdir":"FWD","rear":40,"front":45,"env":1500,"lc_mm":40,"last_confirmed_landmark":"","age_ms":203221,"since":0,"dead_reckoned_mm":40,"candidate_mm":-1,"viable":[],"lostm":0,"lost_ms":0,"agree":166,"disagree":3,"losts":0,"auto":0}
2026-08-26T11:13:50.009	ngr/loco/9950012/alert	{"level":"CLEAR","reason":"STATUS","loco":"9950012","uptime_ms":862195,"nav":"NORMAL","moving":0,"pwm":0,"est_mm_s":100,"dir":"CW","session_dir":"CW","mdir":"FWD","rear":40,"front":45,"env":1500,"lc_mm":40,"last_confirmed_landmark":"","age_ms":204221,"since":0,"dead_reckoned_mm":40,"candidate_mm":-1,"viable":[],"lostm":0,"lost_ms":0,"agree":166,"disagree":3,"losts":0,"auto":0}
2026-08-26T11:13:51.008	ngr/loco/9950012/alert	{"level":"CLEAR","reason":"STATUS","loco":"9950012","uptime_ms":863195,"nav":"NORMAL","moving":0,"pwm":0,"est_mm_s":100,"dir":"CW","session_dir":"CW","mdir":"FWD","rear":40,"front":45,"env":1500,"lc_mm":40,"last_confirmed_landmark":"","age_ms":205221,"since":0,"dead_reckoned_mm":40,"candidate_mm":-1,"viable":[],"lostm":0,"lost_ms":0,"agree":166,"disagree":3,"losts":0,"auto":0}
2026-08-26T11:13:52.008	ngr/loco/9950012/alert	{"level":"CLEAR","reason":"STATUS","loco":"9950012","uptime_ms":864195,"nav":"NORMAL","moving":0,"pwm":0,"est_mm_s":100,"dir":"CW","session_dir":"CW","mdir":"FWD","rear":40,"front":45,"env":1500,"lc_mm":40,"last_confirmed_landmark":"","age_ms":206221,"since":0,"dead_reckoned_mm":40,"candidate_mm":-1,"viable":[],"lostm":0,"lost_ms":0,"agree":166,"disagree":3,"losts":0,"auto":0}
2026-08-26T11:13:53.011	ngr/loco/9950012/alert	{"level":"CLEAR","reason":"STATUS","loco":"9950012","uptime_ms":865195,"nav":"NORMAL","moving":0,"pwm":0,"est_mm_s":100,"dir":"CW","session_dir":"CW","mdir":"FWD","rear":40,"front":45,"env":1500,"lc_mm":40,"last_confirmed_landmark":"","age_ms":207221,"since":0,"dead_reckoned_mm":40,"candidate_mm":-1,"viable":[],"lostm":0,"lost_ms":0,"agree":166,"disagree":3,"losts":0,"auto":0}
2026-08-26T11:13:54.011	ngr/loco/9950012/alert	{"level":"CLEAR","reason":"STATUS","loco":"9950012","uptime_ms":866195,"nav":"NORMAL","moving":0,"pwm":0,"est_mm_s":100,"dir":"CW","session_dir":"CW","mdir":"FWD","rear":40,"front":45,"env":1500,"lc_mm":40,"last_confirmed_landmark":"","age_ms":208221,"since":0,"dead_reckoned_mm":40,"candidate_mm":-1,"viable":[],"lostm":0,"lost_ms":0,"agree":166,"disagree":3,"losts":0,"auto":0}
2026-08-26T11:13:55.030	ngr/loco/9950012/alert	{"level":"CLEAR","reason":"STATUS","loco":"9950012","uptime_ms":867195,"nav":"NORMAL","moving":0,"pwm":0,"est_mm_s":100,"dir":"CW","session_dir":"CW","mdir":"FWD","rear":40,"front":45,"env":1500,"lc_mm":40,"last_confirmed_landmark":"","age_ms":209221,"since":0,"dead_reckoned_mm":40,"candidate_mm":-1,"viable":[],"lostm":0,"lost_ms":0,"agree":166,"disagree":3,"losts":0,"auto":0}
2026-08-26T11:13:56.012	ngr/loco/9950012/alert	{"level":"CLEAR","reason":"STATUS","loco":"9950012","uptime_ms":868195,"nav":"NORMAL","moving":0,"pwm":0,"est_mm_s":100,"dir":"CW","session_dir":"CW","mdir":"FWD","rear":40,"front":45,"env":1500,"lc_mm":40,"last_confirmed_landmark":"","age_ms":210221,"since":0,"dead_reckoned_mm":40,"candidate_mm":-1,"viable":[],"lostm":0,"lost_ms":0,"agree":166,"disagree":3,"losts":0,"auto":0}
2026-08-26T11:13:57.017	ngr/loco/9950012/alert	{"level":"CLEAR","reason":"STATUS","loco":"9950012","uptime_ms":869195,"nav":"NORMAL","moving":0,"pwm":0,"est_mm_s":100,"dir":"CW","session_dir":"CW","mdir":"FWD","rear":40,"front":45,"env":1500,"lc_mm":40,"last_confirmed_landmark":"","age_ms":211221,"since":0,"dead_reckoned_mm":40,"candidate_mm":-1,"viable":[],"lostm":0,"lost_ms":0,"agree":166,"disagree":3,"losts":0,"auto":0}
2026-08-26T11:13:58.013	ngr/loco/9950012/alert	{"level":"CLEAR","reason":"STATUS","loco":"9950012","uptime_ms":870195,"nav":"NORMAL","moving":0,"pwm":0,"est_mm_s":100,"dir":"CW","session_dir":"CW","mdir":"FWD","rear":40,"front":45,"env":1500,"lc_mm":40,"last_confirmed_landmark":"","age_ms":212221,"since":0,"dead_reckoned_mm":40,"candidate_mm":-1,"viable":[],"lostm":0,"lost_ms":0,"agree":166,"disagree":3,"losts":0,"auto":0}
2026-08-26T11:13:59.017	ngr/loco/9950012/alert	{"level":"CLEAR","reason":"STATUS","loco":"9950012","uptime_ms":871195,"nav":"NORMAL","moving":0,"pwm":0,"est_mm_s":100,"dir":"CW","session_dir":"CW","mdir":"FWD","rear":40,"front":45,"env":1500,"lc_mm":40,"last_confirmed_landmark":"","age_ms":213221,"since":0,"dead_reckoned_mm":40,"candidate_mm":-1,"viable":[],"lostm":0,"lost_ms":0,"agree":166,"disagree":3,"losts":0,"auto":0}
2026-08-26T11:14:00.012	ngr/loco/9950012/alert	{"level":"CLEAR","reason":"STATUS","loco":"9950012","uptime_ms":872195,"nav":"NORMAL","moving":0,"pwm":0,"est_mm_s":100,"dir":"CW","session_dir":"CW","mdir":"FWD","rear":40,"front":45,"env":1500,"lc_mm":40,"last_confirmed_landmark":"","age_ms":214221,"since":0,"dead_reckoned_mm":40,"candidate_mm":-1,"viable":[],"lostm":0,"lost_ms":0,"agree":166,"disagree":3,"losts":0,"auto":0}
2026-08-26T11:14:01.011	ngr/loco/9950012/alert	{"level":"CLEAR","reason":"STATUS","loco":"9950012","uptime_ms":873195,"nav":"NORMAL","moving":0,"pwm":0,"est_mm_s":100,"dir":"CW","session_dir":"CW","mdir":"FWD","rear":40,"front":45,"env":1500,"lc_mm":40,"last_confirmed_landmark":"","age_ms":215221,"since":0,"dead_reckoned_mm":40,"candidate_mm":-1,"viable":[],"lostm":0,"lost_ms":0,"agree":166,"disagree":3,"losts":0,"auto":0}
2026-08-26T11:14:02.014	ngr/loco/9950012/alert	{"level":"CLEAR","reason":"STATUS","loco":"9950012","uptime_ms":874195,"nav":"NORMAL","moving":1,"pwm":4,"est_mm_s":100,"dir":"CW","session_dir":"CW","mdir":"FWD","rear":40,"front":45,"env":1500,"lc_mm":40,"last_confirmed_landmark":"","age_ms":216221,"since":0,"dead_reckoned_mm":40,"candidate_mm":-1,"viable":[],"lostm":0,"lost_ms":0,"agree":166,"disagree":3,"losts":0,"auto":1}
2026-08-26T11:14:03.010	ngr/loco/9950012/alert	{"level":"CLEAR","reason":"STATUS","loco":"9950012","uptime_ms":875195,"nav":"NORMAL","moving":1,"pwm":10,"est_mm_s":100,"dir":"CW","session_dir":"CW","mdir":"FWD","rear":40,"front":45,"env":1500,"lc_mm":40,"last_confirmed_landmark":"","age_ms":217221,"since":0,"dead_reckoned_mm":40,"candidate_mm":-1,"viable":[],"lostm":0,"lost_ms":0,"agree":166,"disagree":3,"losts":0,"auto":1}
2026-08-26T11:14:04.010	ngr/loco/9950012/alert	{"level":"CLEAR","reason":"STATUS","loco":"9950012","uptime_ms":876195,"nav":"NORMAL","moving":1,"pwm":17,"est_mm_s":100,"dir":"CW","session_dir":"CW","mdir":"FWD","rear":40,"front":45,"env":1500,"lc_mm":40,"last_confirmed_landmark":"","age_ms":218221,"since":0,"dead_reckoned_mm":40,"candidate_mm":-1,"viable":[],"lostm":0,"lost_ms":0,"agree":166,"disagree":3,"losts":0,"auto":1}
2026-08-26T11:14:05.012	ngr/loco/9950012/alert	{"level":"CLEAR","reason":"STATUS","loco":"9950012","uptime_ms":877195,"nav":"NORMAL","moving":1,"pwm":24,"est_mm_s":100,"dir":"CW","session_dir":"CW","mdir":"FWD","rear":40,"front":45,"env":1500,"lc_mm":40,"last_confirmed_landmark":"","age_ms":219221,"since":0,"dead_reckoned_mm":40,"candidate_mm":-1,"viable":[],"lostm":0,"lost_ms":0,"agree":166,"disagree":3,"losts":0,"auto":1}
2026-08-26T11:14:06.010	ngr/loco/9950012/alert	{"level":"CLEAR","reason":"STATUS","loco":"9950012","uptime_ms":878195,"nav":"NORMAL","moving":1,"pwm":30,"est_mm_s":100,"dir":"CW","session_dir":"CW","mdir":"FWD","rear":40,"front":45,"env":1500,"lc_mm":40,"last_confirmed_landmark":"","age_ms":220221,"since":0,"dead_reckoned_mm":40,"candidate_mm":-1,"viable":[],"lostm":0,"lost_ms":0,"agree":166,"disagree":3,"losts":0,"auto":1}
2026-08-26T11:14:07.014	ngr/loco/9950012/alert	{"level":"CLEAR","reason":"STATUS","loco":"9950012","uptime_ms":879195,"nav":"NORMAL","moving":1,"pwm":37,"est_mm_s":100,"dir":"CW","session_dir":"CW","mdir":"FWD","rear":40,"front":45,"env":1500,"lc_mm":40,"last_confirmed_landmark":"","age_ms":221221,"since":0,"dead_reckoned_mm":40,"candidate_mm":-1,"viable":[],"lostm":0,"lost_ms":0,"agree":166,"disagree":3,"losts":0,"auto":1}
2026-08-26T11:14:08.010	ngr/loco/9950012/alert	{"level":"CLEAR","reason":"STATUS","loco":"9950012","uptime_ms":880195,"nav":"NORMAL","moving":1,"pwm":44,"est_mm_s":0,"dir":"CW","session_dir":"CW","mdir":"FWD","rear":41,"front":46,"env":1500,"lc_mm":41,"last_confirmed_landmark":"","age_ms":776,"since":0,"dead_reckoned_mm":41,"candidate_mm":-1,"viable":[],"lostm":0,"lost_ms":0,"agree":167,"disagree":3,"losts":0,"auto":1}
2026-08-26T11:14:09.009	ngr/loco/9950012/alert	{"level":"CLEAR","reason":"STATUS","loco":"9950012","uptime_ms":881195,"nav":"NORMAL","moving":1,"pwm":50,"est_mm_s":0,"dir":"CW","session_dir":"CW","mdir":"FWD","rear":41,"front":46,"env":1500,"lc_mm":41,"last_confirmed_landmark":"","age_ms":1776,"since":0,"dead_reckoned_mm":41,"candidate_mm":-1,"viable":[],"lostm":0,"lost_ms":0,"agree":167,"disagree":3,"losts":0,"auto":1}
2026-08-26T11:14:10.010	ngr/loco/9950012/alert	{"level":"CLEAR","reason":"STATUS","loco":"9950012","uptime_ms":882195,"nav":"NORMAL","moving":1,"pwm":57,"est_mm_s":0,"dir":"CW","session_dir":"CW","mdir":"FWD","rear":41,"front":46,"env":1500,"lc_mm":41,"last_confirmed_landmark":"","age_ms":2776,"since":0,"dead_reckoned_mm":41,"candidate_mm":-1,"viable":[],"lostm":0,"lost_ms":0,"agree":167,"disagree":3,"losts":0,"auto":1}
2026-08-26T11:14:11.009	ngr/loco/9950012/alert	{"level":"CLEAR","reason":"STATUS","loco":"9950012","uptime_ms":883195,"nav":"NORMAL","moving":1,"pwm":64,"est_mm_s":112,"dir":"CW","session_dir":"CW","mdir":"FWD","rear":42,"front":47,"env":1500,"lc_mm":42,"last_confirmed_landmark":"","age_ms":1099,"since":0,"dead_reckoned_mm":42,"candidate_mm":-1,"viable":[],"lostm":0,"lost_ms":0,"agree":168,"disagree":3,"losts":0,"auto":1}
2026-08-26T11:14:12.015	ngr/loco/9950012/alert	{"level":"CLEAR","reason":"STATUS","loco":"9950012","uptime_ms":884195,"nav":"NORMAL","moving":1,"pwm":70,"est_mm_s":179,"dir":"CW","session_dir":"CW","mdir":"FWD","rear":43,"front":48,"env":1500,"lc_mm":43,"last_confirmed_landmark":"","age_ms":426,"since":0,"dead_reckoned_mm":43,"candidate_mm":-1,"viable":[],"lostm":0,"lost_ms":0,"agree":169,"disagree":3,"losts":0,"auto":1}
2026-08-26T11:14:13.010	ngr/loco/9950012/alert	{"level":"CLEAR","reason":"STATUS","loco":"9950012","uptime_ms":885195,"nav":"NORMAL","moving":1,"pwm":77,"est_mm_s":179,"dir":"CW","session_dir":"CW","mdir":"FWD","rear":43,"front":48,"env":1500,"lc_mm":43,"last_confirmed_landmark":"","age_ms":1426,"since":0,"dead_reckoned_mm":43,"candidate_mm":-1,"viable":[],"lostm":0,"lost_ms":0,"agree":169,"disagree":3,"losts":0,"auto":1}
2026-08-26T11:14:14.011	ngr/loco/9950012/alert	{"level":"CLEAR","reason":"STATUS","loco":"9950012","uptime_ms":886195,"nav":"NORMAL","moving":1,"pwm":84,"est_mm_s":219,"dir":"CW","session_dir":"CW","mdir":"FWD","rear":44,"front":49,"env":1500,"lc_mm":44,"last_confirmed_landmark":"","age_ms":1059,"since":0,"dead_reckoned_mm":44,"candidate_mm":-1,"viable":[],"lostm":0,"lost_ms":0,"agree":170,"disagree":3,"losts":0,"auto":1}
2026-08-26T11:14:15.010	ngr/loco/9950012/alert	{"level":"CLEAR","reason":"STATUS","loco":"9950012","uptime_ms":887195,"nav":"NORMAL","moving":1,"pwm":90,"est_mm_s":249,"dir":"CW","session_dir":"CW","mdir":"FWD","rear":45,"front":50,"env":1500,"lc_mm":45,"last_confirmed_landmark":"","age_ms":856,"since":0,"dead_reckoned_mm":45,"candidate_mm":-1,"viable":[],"lostm":0,"lost_ms":0,"agree":171,"disagree":3,"losts":0,"auto":1}
2026-08-26T11:14:16.007	ngr/loco/9950012/alert	{"level":"CLEAR","reason":"STATUS","loco":"9950012","uptime_ms":888195,"nav":"NORMAL","moving":1,"pwm":90,"est_mm_s":273,"dir":"CW","session_dir":"CW","mdir":"FWD","rear":46,"front":51,"env":1500,"lc_mm":46,"last_confirmed_landmark":"","age_ms":758,"since":0,"dead_reckoned_mm":46,"candidate_mm":-1,"viable":[],"lostm":0,"lost_ms":0,"agree":172,"disagree":3,"losts":0,"auto":1}
2026-08-26T11:14:17.014	ngr/loco/9950012/alert	{"level":"CLEAR","reason":"STATUS","loco":"9950012","uptime_ms":889195,"nav":"NORMAL","moving":1,"pwm":90,"est_mm_s":289,"dir":"CW","session_dir":"CW","mdir":"FWD","rear":47,"front":52,"env":1500,"lc_mm":47,"last_confirmed_landmark":"","age_ms":720,"since":0,"dead_reckoned_mm":47,"candidate_mm":-1,"viable":[],"lostm":0,"lost_ms":0,"agree":173,"disagree":3,"losts":0,"auto":1}
2026-08-26T11:14:18.014	ngr/loco/9950012/alert	{"level":"CLEAR","reason":"STATUS","loco":"9950012","uptime_ms":890195,"nav":"NORMAL","moving":1,"pwm":90,"est_mm_s":285,"dir":"CW","session_dir":"CW","mdir":"FWD","rear":48,"front":53,"env":1500,"lc_mm":48,"last_confirmed_landmark":"","age_ms":668,"since":0,"dead_reckoned_mm":48,"candidate_mm":-1,"viable":[],"lostm":0,"lost_ms":0,"agree":174,"disagree":3,"losts":0,"auto":1}
2026-08-26T11:14:19.011	ngr/loco/9950012/alert	{"level":"CLEAR","reason":"STATUS","loco":"9950012","uptime_ms":891195,"nav":"NORMAL","moving":1,"pwm":90,"est_mm_s":274,"dir":"CW","session_dir":"CW","mdir":"FWD","rear":49,"front":54,"env":1500,"lc_mm":49,"last_confirmed_landmark":"","age_ms":574,"since":0,"dead_reckoned_mm":49,"candidate_mm":-1,"viable":[],"lostm":0,"lost_ms":0,"agree":175,"disagree":3,"losts":0,"auto":1}
2026-08-26T11:14:20.011	ngr/loco/9950012/alert	{"level":"CLEAR","reason":"STATUS","loco":"9950012","uptime_ms":892195,"nav":"NORMAL","moving":1,"pwm":90,"est_mm_s":271,"dir":"CW","session_dir":"CW","mdir":"FWD","rear":50,"front":55,"env":1500,"lc_mm":50,"last_confirmed_landmark":"","age_ms":469,"since":0,"dead_reckoned_mm":50,"candidate_mm":-1,"viable":[],"lostm":0,"lost_ms":0,"agree":176,"disagree":3,"losts":0,"auto":1}
2026-08-26T11:14:21.012	ngr/loco/9950012/alert	{"level":"CLEAR","reason":"STATUS","loco":"9950012","uptime_ms":893195,"nav":"NORMAL","moving":1,"pwm":90,"est_mm_s":271,"dir":"CW","session_dir":"CW","mdir":"FWD","rear":51,"front":56,"env":1500,"lc_mm":51,"last_confirmed_landmark":"","age_ms":364,"since":0,"dead_reckoned_mm":51,"candidate_mm":-1,"viable":[],"lostm":0,"lost_ms":0,"agree":177,"disagree":3,"losts":0,"auto":1}
2026-08-26T11:14:22.010	ngr/loco/9950012/alert	{"level":"CLEAR","reason":"STATUS","loco":"9950012","uptime_ms":894195,"nav":"NORMAL","moving":1,"pwm":90,"est_mm_s":282,"dir":"CW","session_dir":"CW","mdir":"FWD","rear":52,"front":57,"env":1500,"lc_mm":52,"last_confirmed_landmark":"","age_ms":303,"since":0,"dead_reckoned_mm":52,"candidate_mm":-1,"viable":[],"lostm":0,"lost_ms":0,"agree":178,"disagree":3,"losts":0,"auto":1}
2026-08-26T11:14:23.011	ngr/loco/9950012/alert	{"level":"CLEAR","reason":"STATUS","loco":"9950012","uptime_ms":895195,"nav":"NORMAL","moving":1,"pwm":90,"est_mm_s":271,"dir":"CW","session_dir":"CW","mdir":"FWD","rear":53,"front":58,"env":1495,"lc_mm":53,"last_confirmed_landmark":"","age_ms":199,"since":0,"dead_reckoned_mm":53,"candidate_mm":-1,"viable":[],"lostm":0,"lost_ms":0,"agree":179,"disagree":3,"losts":0,"auto":1}
2026-08-26T11:14:24.013	ngr/loco/9950012/alert	{"level":"CLEAR","reason":"STATUS","loco":"9950012","uptime_ms":896195,"nav":"NORMAL","moving":1,"pwm":88,"est_mm_s":271,"dir":"CW","session_dir":"CW","mdir":"FWD","rear":53,"front":58,"env":1495,"lc_mm":53,"last_confirmed_landmark":"","age_ms":1199,"since":0,"dead_reckoned_mm":53,"candidate_mm":-1,"viable":[],"lostm":0,"lost_ms":0,"agree":179,"disagree":3,"losts":0,"auto":1}
2026-08-26T11:14:25.013	ngr/loco/9950012/alert	{"level":"CLEAR","reason":"STATUS","loco":"9950012","uptime_ms":897195,"nav":"NORMAL","moving":1,"pwm":84,"est_mm_s":270,"dir":"CW","session_dir":"CW","mdir":"FWD","rear":54,"front":59,"env":1515,"lc_mm":54,"last_confirmed_landmark":"","age_ms":1090,"since":0,"dead_reckoned_mm":54,"candidate_mm":-1,"viable":[],"lostm":0,"lost_ms":0,"agree":180,"disagree":3,"losts":0,"auto":1}
2026-08-26T11:14:26.011	ngr/loco/9950012/alert	{"level":"CLEAR","reason":"STATUS","loco":"9950012","uptime_ms":898195,"nav":"NORMAL","moving":1,"pwm":81,"est_mm_s":255,"dir":"CW","session_dir":"CW","mdir":"FWD","rear":55,"front":60,"env":1515,"lc_mm":55,"last_confirmed_landmark":"","age_ms":915,"since":0,"dead_reckoned_mm":55,"candidate_mm":-1,"viable":[],"lostm":0,"lost_ms":0,"agree":181,"disagree":3,"losts":0,"auto":1}
2026-08-26T11:14:27.011	ngr/loco/9950012/alert	{"level":"CLEAR","reason":"STATUS","loco":"9950012","uptime_ms":899195,"nav":"NORMAL","moving":1,"pwm":78,"est_mm_s":240,"dir":"CW","session_dir":"CW","mdir":"FWD","rear":56,"front":61,"env":1530,"lc_mm":56,"last_confirmed_landmark":"","age_ms":669,"since":0,"dead_reckoned_mm":56,"candidate_mm":-1,"viable":[],"lostm":0,"lost_ms":0,"agree":182,"disagree":3,"losts":0,"auto":1}
2026-08-26T11:14:28.011	ngr/loco/9950012/alert	{"level":"CLEAR","reason":"STATUS","loco":"9950012","uptime_ms":900195,"nav":"NORMAL","moving":1,"pwm":76,"est_mm_s":223,"dir":"CW","session_dir":"CW","mdir":"FWD","rear":57,"front":62,"env":1550,"lc_mm":57,"last_confirmed_landmark":"","age_ms":328,"since":0,"dead_reckoned_mm":57,"candidate_mm":-1,"viable":[],"lostm":0,"lost_ms":0,"agree":183,"disagree":3,"losts":0,"auto":1}
2026-08-26T11:14:29.014	ngr/loco/9950012/alert	{"level":"CLEAR","reason":"STATUS","loco":"9950012","uptime_ms":901195,"nav":"NORMAL","moving":1,"pwm":73,"est_mm_s":223,"dir":"CW","session_dir":"CW","mdir":"FWD","rear":57,"front":62,"env":1550,"lc_mm":57,"last_confirmed_landmark":"","age_ms":1328,"since":0,"dead_reckoned_mm":57,"candidate_mm":-1,"viable":[],"lostm":0,"lost_ms":0,"agree":183,"disagree":3,"losts":0,"auto":1}
2026-08-26T11:14:30.015	ngr/loco/9950012/alert	{"level":"CLEAR","reason":"STATUS","loco":"9950012","uptime_ms":902195,"nav":"NORMAL","moving":1,"pwm":72,"est_mm_s":188,"dir":"CW","session_dir":"CW","mdir":"FWD","rear":58,"front":63,"env":1570,"lc_mm":58,"last_confirmed_landmark":"","age_ms":764,"since":0,"dead_reckoned_mm":58,"candidate_mm":-1,"viable":[],"lostm":0,"lost_ms":0,"agree":184,"disagree":3,"losts":0,"auto":1}
2026-08-26T11:14:31.009	ngr/loco/9950012/alert	{"level":"CLEAR","reason":"STATUS","loco":"9950012","uptime_ms":903195,"nav":"NORMAL","moving":1,"pwm":72,"est_mm_s":188,"dir":"CW","session_dir":"CW","mdir":"FWD","rear":58,"front":63,"env":1570,"lc_mm":58,"last_confirmed_landmark":"","age_ms":1764,"since":0,"dead_reckoned_mm":58,"candidate_mm":-1,"viable":[],"lostm":0,"lost_ms":0,"agree":184,"disagree":3,"losts":0,"auto":1}
2026-08-26T11:14:32.010	ngr/loco/9950012/alert	{"level":"CLEAR","reason":"STATUS","loco":"9950012","uptime_ms":904195,"nav":"NORMAL","moving":1,"pwm":72,"est_mm_s":189,"dir":"CW","session_dir":"CW","mdir":"FWD","rear":59,"front":64,"env":1575,"lc_mm":59,"last_confirmed_landmark":"","age_ms":1074,"since":0,"dead_reckoned_mm":59,"candidate_mm":-1,"viable":[],"lostm":0,"lost_ms":0,"agree":185,"disagree":3,"losts":0,"auto":1}
2026-08-26T11:14:33.013	ngr/loco/9950012/alert	{"level":"CLEAR","reason":"STATUS","loco":"9950012","uptime_ms":905195,"nav":"NORMAL","moving":1,"pwm":72,"est_mm_s":189,"dir":"CW","session_dir":"CW","mdir":"FWD","rear":59,"front":64,"env":1575,"lc_mm":59,"last_confirmed_landmark":"","age_ms":2074,"since":0,"dead_reckoned_mm":59,"candidate_mm":-1,"viable":[],"lostm":0,"lost_ms":0,"agree":185,"disagree":3,"losts":0,"auto":1}
2026-08-26T11:14:34.008	ngr/loco/9950012/alert	{"level":"CLEAR","reason":"STATUS","loco":"9950012","uptime_ms":906195,"nav":"NORMAL","moving":1,"pwm":72,"est_mm_s":147,"dir":"CW","session_dir":"CW","mdir":"FWD","rear":60,"front":65,"env":1590,"lc_mm":60,"last_confirmed_landmark":"","age_ms":1034,"since":0,"dead_reckoned_mm":60,"candidate_mm":-1,"viable":[],"lostm":0,"lost_ms":0,"agree":186,"disagree":3,"losts":0,"auto":1}
2026-08-26T11:14:35.011	ngr/loco/9950012/alert	{"level":"CLEAR","reason":"STATUS","loco":"9950012","uptime_ms":907195,"nav":"NORMAL","moving":1,"pwm":72,"est_mm_s":147,"dir":"CW","session_dir":"CW","mdir":"FWD","rear":60,"front":65,"env":1590,"lc_mm":60,"last_confirmed_landmark":"","age_ms":2034,"since":0,"dead_reckoned_mm":60,"candidate_mm":-1,"viable":[],"lostm":0,"lost_ms":0,"agree":186,"disagree":3,"losts":0,"auto":1}
2026-08-26T11:14:36.010	ngr/loco/9950012/alert	{"level":"CLEAR","reason":"STATUS","loco":"9950012","uptime_ms":908195,"nav":"NORMAL","moving":1,"pwm":72,"est_mm_s":160,"dir":"CW","session_dir":"CW","mdir":"FWD","rear":61,"front":66,"env":1580,"lc_mm":61,"last_confirmed_landmark":"","age_ms":1075,"since":0,"dead_reckoned_mm":61,"candidate_mm":-1,"viable":[],"lostm":0,"lost_ms":0,"agree":187,"disagree":3,"losts":0,"auto":1}
2026-08-26T11:14:37.011	ngr/loco/9950012/alert	{"level":"CLEAR","reason":"STATUS","loco":"9950012","uptime_ms":909195,"nav":"NORMAL","moving":1,"pwm":72,"est_mm_s":160,"dir":"CW","session_dir":"CW","mdir":"FWD","rear":61,"front":66,"env":1580,"lc_mm":61,"last_confirmed_landmark":"","age_ms":2075,"since":0,"dead_reckoned_mm":61,"candidate_mm":-1,"viable":[],"lostm":0,"lost_ms":0,"agree":187,"disagree":3,"losts":0,"auto":1}
2026-08-26T11:14:38.022	ngr/loco/9950012/alert	{"level":"CLEAR","reason":"STATUS","loco":"9950012","uptime_ms":910195,"nav":"NORMAL","moving":1,"pwm":72,"est_mm_s":151,"dir":"CW","session_dir":"CW","mdir":"FWD","rear":62,"front":67,"env":1560,"lc_mm":62,"last_confirmed_landmark":"","age_ms":964,"since":0,"dead_reckoned_mm":62,"candidate_mm":-1,"viable":[],"lostm":0,"lost_ms":0,"agree":188,"disagree":3,"losts":0,"auto":1}
2026-08-26T11:14:39.009	ngr/loco/9950012/alert	{"level":"CLEAR","reason":"STATUS","loco":"9950012","uptime_ms":911195,"nav":"NORMAL","moving":1,"pwm":72,"est_mm_s":151,"dir":"CW","session_dir":"CW","mdir":"FWD","rear":62,"front":67,"env":1560,"lc_mm":62,"last_confirmed_landmark":"","age_ms":1964,"since":0,"dead_reckoned_mm":62,"candidate_mm":-1,"viable":[],"lostm":0,"lost_ms":0,"agree":188,"disagree":3,"losts":0,"auto":1}
2026-08-26T11:14:40.012	ngr/loco/9950012/alert	{"level":"CLEAR","reason":"STATUS","loco":"9950012","uptime_ms":912195,"nav":"NORMAL","moving":1,"pwm":69,"est_mm_s":165,"dir":"CW","session_dir":"CW","mdir":"FWD","rear":63,"front":68,"env":1550,"lc_mm":63,"last_confirmed_landmark":"Grillers","age_ms":1056,"since":0,"dead_reckoned_mm":63,"candidate_mm":-1,"viable":[],"lostm":0,"lost_ms":0,"agree":189,"disagree":3,"losts":0,"auto":1}
2026-08-26T11:14:41.024	ngr/loco/9950012/alert	{"level":"CLEAR","reason":"STATUS","loco":"9950012","uptime_ms":913195,"nav":"NORMAL","moving":1,"pwm":64,"est_mm_s":165,"dir":"CW","session_dir":"CW","mdir":"FWD","rear":63,"front":68,"env":1550,"lc_mm":63,"last_confirmed_landmark":"Grillers","age_ms":2056,"since":0,"dead_reckoned_mm":63,"candidate_mm":-1,"viable":[],"lostm":0,"lost_ms":0,"agree":189,"disagree":3,"losts":0,"auto":1}
2026-08-26T11:14:42.021	ngr/loco/9950012/alert	{"level":"CLEAR","reason":"STATUS","loco":"9950012","uptime_ms":914195,"nav":"NORMAL","moving":1,"pwm":59,"est_mm_s":147,"dir":"CW","session_dir":"CW","mdir":"FWD","rear":64,"front":69,"env":1525,"lc_mm":64,"last_confirmed_landmark":"","age_ms":848,"since":0,"dead_reckoned_mm":64,"candidate_mm":-1,"viable":[],"lostm":0,"lost_ms":0,"agree":190,"disagree":3,"losts":0,"auto":1}
2026-08-26T11:14:43.015	ngr/loco/9950012/alert	{"level":"CLEAR","reason":"STATUS","loco":"9950012","uptime_ms":915195,"nav":"NORMAL","moving":1,"pwm":54,"est_mm_s":147,"dir":"CW","session_dir":"CW","mdir":"FWD","rear":64,"front":69,"env":1525,"lc_mm":64,"last_confirmed_landmark":"","age_ms":1848,"since":0,"dead_reckoned_mm":64,"candidate_mm":-1,"viable":[],"lostm":0,"lost_ms":0,"agree":190,"disagree":3,"losts":0,"auto":1}
2026-08-26T11:14:44.010	ngr/loco/9950012/alert	{"level":"CLEAR","reason":"STATUS","loco":"9950012","uptime_ms":916195,"nav":"NORMAL","moving":1,"pwm":49,"est_mm_s":147,"dir":"CW","session_dir":"CW","mdir":"FWD","rear":64,"front":69,"env":1525,"lc_mm":64,"last_confirmed_landmark":"","age_ms":2848,"since":0,"dead_reckoned_mm":64,"candidate_mm":-1,"viable":[],"lostm":0,"lost_ms":0,"agree":190,"disagree":3,"losts":0,"auto":1}
2026-08-26T11:14:45.011	ngr/loco/9950012/alert	{"level":"CLEAR","reason":"STATUS","loco":"9950012","uptime_ms":917195,"nav":"NORMAL","moving":1,"pwm":44,"est_mm_s":147,"dir":"CW","session_dir":"CW","mdir":"FWD","rear":64,"front":69,"env":1525,"lc_mm":64,"last_confirmed_landmark":"","age_ms":3848,"since":0,"dead_reckoned_mm":64,"candidate_mm":-1,"viable":[],"lostm":0,"lost_ms":0,"agree":190,"disagree":3,"losts":0,"auto":1}
2026-08-26T11:14:46.010	ngr/loco/9950012/alert	{"level":"CLEAR","reason":"STATUS","loco":"9950012","uptime_ms":918195,"nav":"NORMAL","moving":1,"pwm":39,"est_mm_s":147,"dir":"CW","session_dir":"CW","mdir":"FWD","rear":64,"front":69,"env":1525,"lc_mm":64,"last_confirmed_landmark":"","age_ms":4848,"since":0,"dead_reckoned_mm":64,"candidate_mm":-1,"viable":[],"lostm":0,"lost_ms":0,"agree":190,"disagree":3,"losts":0,"auto":1}
2026-08-26T11:14:47.012	ngr/loco/9950012/alert	{"level":"CLEAR","reason":"STATUS","loco":"9950012","uptime_ms":919195,"nav":"NORMAL","moving":1,"pwm":34,"est_mm_s":147,"dir":"CW","session_dir":"CW","mdir":"FWD","rear":64,"front":69,"env":1525,"lc_mm":64,"last_confirmed_landmark":"","age_ms":5848,"since":0,"dead_reckoned_mm":64,"candidate_mm":-1,"viable":[],"lostm":0,"lost_ms":0,"agree":190,"disagree":3,"losts":0,"auto":1}
2026-08-26T11:14:48.012	ngr/loco/9950012/alert	{"level":"CLEAR","reason":"STATUS","loco":"9950012","uptime_ms":920195,"nav":"NORMAL","moving":1,"pwm":29,"est_mm_s":147,"dir":"CW","session_dir":"CW","mdir":"FWD","rear":64,"front":69,"env":1525,"lc_mm":64,"last_confirmed_landmark":"","age_ms":6848,"since":0,"dead_reckoned_mm":64,"candidate_mm":-1,"viable":[],"lostm":0,"lost_ms":0,"agree":190,"disagree":3,"losts":0,"auto":1}
2026-08-26T11:14:49.015	ngr/loco/9950012/alert	{"level":"CLEAR","reason":"STATUS","loco":"9950012","uptime_ms":921195,"nav":"NORMAL","moving":1,"pwm":24,"est_mm_s":147,"dir":"CW","session_dir":"CW","mdir":"FWD","rear":64,"front":69,"env":1525,"lc_mm":64,"last_confirmed_landmark":"","age_ms":7848,"since":0,"dead_reckoned_mm":64,"candidate_mm":-1,"viable":[],"lostm":0,"lost_ms":0,"agree":190,"disagree":3,"losts":0,"auto":1}
2026-08-26T11:14:50.011	ngr/loco/9950012/alert	{"level":"CLEAR","reason":"STATUS","loco":"9950012","uptime_ms":922195,"nav":"NORMAL","moving":1,"pwm":19,"est_mm_s":147,"dir":"CW","session_dir":"CW","mdir":"FWD","rear":64,"front":69,"env":1525,"lc_mm":64,"last_confirmed_landmark":"","age_ms":8848,"since":0,"dead_reckoned_mm":64,"candidate_mm":-1,"viable":[],"lostm":0,"lost_ms":0,"agree":190,"disagree":3,"losts":0,"auto":1}
2026-08-26T11:14:51.013	ngr/loco/9950012/alert	{"level":"CLEAR","reason":"STATUS","loco":"9950012","uptime_ms":923195,"nav":"NORMAL","moving":1,"pwm":14,"est_mm_s":147,"dir":"CW","session_dir":"CW","mdir":"FWD","rear":64,"front":69,"env":1525,"lc_mm":64,"last_confirmed_landmark":"","age_ms":9848,"since":0,"dead_reckoned_mm":64,"candidate_mm":-1,"viable":[],"lostm":0,"lost_ms":0,"agree":190,"disagree":3,"losts":0,"auto":1}
2026-08-26T11:14:52.023	ngr/loco/9950012/alert	{"level":"CLEAR","reason":"STATUS","loco":"9950012","uptime_ms":924195,"nav":"NORMAL","moving":1,"pwm":9,"est_mm_s":147,"dir":"CW","session_dir":"CW","mdir":"FWD","rear":64,"front":69,"env":1525,"lc_mm":64,"last_confirmed_landmark":"","age_ms":10848,"since":0,"dead_reckoned_mm":64,"candidate_mm":-1,"viable":[],"lostm":0,"lost_ms":0,"agree":190,"disagree":3,"losts":0,"auto":1}
2026-08-26T11:14:53.009	ngr/loco/9950012/alert	{"level":"CLEAR","reason":"STATUS","loco":"9950012","uptime_ms":925195,"nav":"NORMAL","moving":1,"pwm":4,"est_mm_s":147,"dir":"CW","session_dir":"CW","mdir":"FWD","rear":64,"front":69,"env":1525,"lc_mm":64,"last_confirmed_landmark":"","age_ms":11848,"since":0,"dead_reckoned_mm":64,"candidate_mm":-1,"viable":[],"lostm":0,"lost_ms":0,"agree":190,"disagree":3,"losts":0,"auto":1}
2026-08-26T11:14:54.014	ngr/loco/9950012/alert	{"level":"CLEAR","reason":"STATUS","loco":"9950012","uptime_ms":926195,"nav":"NORMAL","moving":0,"pwm":0,"est_mm_s":147,"dir":"CW","session_dir":"CW","mdir":"FWD","rear":64,"front":69,"env":1525,"lc_mm":64,"last_confirmed_landmark":"","age_ms":12848,"since":0,"dead_reckoned_mm":64,"candidate_mm":-1,"viable":[],"lostm":0,"lost_ms":0,"agree":190,"disagree":3,"losts":0,"auto":1}
2026-08-26T11:14:55.028	ngr/loco/9950012/alert	{"level":"CLEAR","reason":"STATUS","loco":"9950012","uptime_ms":927195,"nav":"NORMAL","moving":0,"pwm":0,"est_mm_s":147,"dir":"CW","session_dir":"CW","mdir":"FWD","rear":64,"front":69,"env":1525,"lc_mm":64,"last_confirmed_landmark":"","age_ms":13848,"since":0,"dead_reckoned_mm":64,"candidate_mm":-1,"viable":[],"lostm":0,"lost_ms":0,"agree":190,"disagree":3,"losts":0,"auto":1}
2026-08-26T11:14:56.016	ngr/loco/9950012/alert	{"level":"CLEAR","reason":"STATUS","loco":"9950012","uptime_ms":928195,"nav":"NORMAL","moving":0,"pwm":0,"est_mm_s":147,"dir":"CW","session_dir":"CW","mdir":"FWD","rear":64,"front":69,"env":1525,"lc_mm":64,"last_confirmed_landmark":"","age_ms":14848,"since":0,"dead_reckoned_mm":64,"candidate_mm":-1,"viable":[],"lostm":0,"lost_ms":0,"agree":190,"disagree":3,"losts":0,"auto":1}
2026-08-26T11:14:57.012	ngr/loco/9950012/alert	{"level":"CLEAR","reason":"STATUS","loco":"9950012","uptime_ms":929195,"nav":"NORMAL","moving":0,"pwm":0,"est_mm_s":147,"dir":"CW","session_dir":"CW","mdir":"FWD","rear":64,"front":69,"env":1525,"lc_mm":64,"last_confirmed_landmark":"","age_ms":15848,"since":0,"dead_reckoned_mm":64,"candidate_mm":-1,"viable":[],"lostm":0,"lost_ms":0,"agree":190,"disagree":3,"losts":0,"auto":1}
2026-08-26T11:14:58.009	ngr/loco/9950012/alert	{"level":"CLEAR","reason":"STATUS","loco":"9950012","uptime_ms":930195,"nav":"NORMAL","moving":0,"pwm":0,"est_mm_s":147,"dir":"CW","session_dir":"CW","mdir":"FWD","rear":64,"front":69,"env":1525,"lc_mm":64,"last_confirmed_landmark":"","age_ms":16848,"since":0,"dead_reckoned_mm":64,"candidate_mm":-1,"viable":[],"lostm":0,"lost_ms":0,"agree":190,"disagree":3,"losts":0,"auto":1}
2026-08-26T11:14:59.009	ngr/loco/9950012/alert	{"level":"CLEAR","reason":"STATUS","loco":"9950012","uptime_ms":931195,"nav":"NORMAL","moving":0,"pwm":0,"est_mm_s":147,"dir":"CW","session_dir":"CW","mdir":"FWD","rear":64,"front":69,"env":1525,"lc_mm":64,"last_confirmed_landmark":"","age_ms":17848,"since":0,"dead_reckoned_mm":64,"candidate_mm":-1,"viable":[],"lostm":0,"lost_ms":0,"agree":190,"disagree":3,"losts":0,"auto":1}
2026-08-26T11:15:00.009	ngr/loco/9950012/alert	{"level":"CLEAR","reason":"STATUS","loco":"9950012","uptime_ms":932195,"nav":"NORMAL","moving":0,"pwm":0,"est_mm_s":147,"dir":"CW","session_dir":"CW","mdir":"FWD","rear":64,"front":69,"env":1525,"lc_mm":64,"last_confirmed_landmark":"","age_ms":18848,"since":0,"dead_reckoned_mm":64,"candidate_mm":-1,"viable":[],"lostm":0,"lost_ms":0,"agree":190,"disagree":3,"losts":0,"auto":1}
2026-08-26T11:15:01.012	ngr/loco/9950012/alert	{"level":"CLEAR","reason":"STATUS","loco":"9950012","uptime_ms":933195,"nav":"NORMAL","moving":0,"pwm":0,"est_mm_s":147,"dir":"CW","session_dir":"CW","mdir":"FWD","rear":64,"front":69,"env":1525,"lc_mm":64,"last_confirmed_landmark":"","age_ms":19848,"since":0,"dead_reckoned_mm":64,"candidate_mm":-1,"viable":[],"lostm":0,"lost_ms":0,"agree":190,"disagree":3,"losts":0,"auto":1}
2026-08-26T11:15:02.010	ngr/loco/9950012/alert	{"level":"CLEAR","reason":"STATUS","loco":"9950012","uptime_ms":934195,"nav":"NORMAL","moving":0,"pwm":0,"est_mm_s":147,"dir":"CW","session_dir":"CW","mdir":"FWD","rear":64,"front":69,"env":1525,"lc_mm":64,"last_confirmed_landmark":"","age_ms":20848,"since":0,"dead_reckoned_mm":64,"candidate_mm":-1,"viable":[],"lostm":0,"lost_ms":0,"agree":190,"disagree":3,"losts":0,"auto":1}
2026-08-26T11:15:03.012	ngr/loco/9950012/alert	{"level":"CLEAR","reason":"STATUS","loco":"9950012","uptime_ms":935195,"nav":"NORMAL","moving":0,"pwm":0,"est_mm_s":147,"dir":"CW","session_dir":"CW","mdir":"FWD","rear":64,"front":69,"env":1525,"lc_mm":64,"last_confirmed_landmark":"","age_ms":21848,"since":0,"dead_reckoned_mm":64,"candidate_mm":-1,"viable":[],"lostm":0,"lost_ms":0,"agree":190,"disagree":3,"losts":0,"auto":1}
2026-08-26T11:15:04.015	ngr/loco/9950012/alert	{"level":"CLEAR","reason":"STATUS","loco":"9950012","uptime_ms":936195,"nav":"NORMAL","moving":0,"pwm":0,"est_mm_s":147,"dir":"CW","session_dir":"CW","mdir":"FWD","rear":64,"front":69,"env":1525,"lc_mm":64,"last_confirmed_landmark":"","age_ms":22848,"since":0,"dead_reckoned_mm":64,"candidate_mm":-1,"viable":[],"lostm":0,"lost_ms":0,"agree":190,"disagree":3,"losts":0,"auto":1}
2026-08-26T11:15:05.008	ngr/loco/9950012/alert	{"level":"CLEAR","reason":"STATUS","loco":"9950012","uptime_ms":937195,"nav":"NORMAL","moving":0,"pwm":0,"est_mm_s":147,"dir":"CW","session_dir":"CW","mdir":"FWD","rear":64,"front":69,"env":1525,"lc_mm":64,"last_confirmed_landmark":"","age_ms":23848,"since":0,"dead_reckoned_mm":64,"candidate_mm":-1,"viable":[],"lostm":0,"lost_ms":0,"agree":190,"disagree":3,"losts":0,"auto":1}
2026-08-26T11:15:06.008	ngr/loco/9950012/alert	{"level":"CLEAR","reason":"STATUS","loco":"9950012","uptime_ms":938195,"nav":"NORMAL","moving":0,"pwm":0,"est_mm_s":147,"dir":"CW","session_dir":"CW","mdir":"FWD","rear":64,"front":69,"env":1525,"lc_mm":64,"last_confirmed_landmark":"","age_ms":24848,"since":0,"dead_reckoned_mm":64,"candidate_mm":-1,"viable":[],"lostm":0,"lost_ms":0,"agree":190,"disagree":3,"losts":0,"auto":1}
2026-08-26T11:15:07.011	ngr/loco/9950012/alert	{"level":"CLEAR","reason":"STATUS","loco":"9950012","uptime_ms":939195,"nav":"NORMAL","moving":0,"pwm":0,"est_mm_s":147,"dir":"CW","session_dir":"CW","mdir":"FWD","rear":64,"front":69,"env":1525,"lc_mm":64,"last_confirmed_landmark":"","age_ms":25848,"since":0,"dead_reckoned_mm":64,"candidate_mm":-1,"viable":[],"lostm":0,"lost_ms":0,"agree":190,"disagree":3,"losts":0,"auto":1}
2026-08-26T11:15:08.013	ngr/loco/9950012/alert	{"level":"CLEAR","reason":"STATUS","loco":"9950012","uptime_ms":940195,"nav":"NORMAL","moving":0,"pwm":0,"est_mm_s":147,"dir":"CW","session_dir":"CW","mdir":"FWD","rear":64,"front":69,"env":1525,"lc_mm":64,"last_confirmed_landmark":"","age_ms":26848,"since":0,"dead_reckoned_mm":64,"candidate_mm":-1,"viable":[],"lostm":0,"lost_ms":0,"agree":190,"disagree":3,"losts":0,"auto":1}
2026-08-26T11:15:09.011	ngr/loco/9950012/alert	{"level":"CLEAR","reason":"STATUS","loco":"9950012","uptime_ms":941195,"nav":"NORMAL","moving":1,"pwm":3,"est_mm_s":147,"dir":"CW","session_dir":"CW","mdir":"FWD","rear":64,"front":69,"env":1525,"lc_mm":64,"last_confirmed_landmark":"","age_ms":27848,"since":0,"dead_reckoned_mm":64,"candidate_mm":-1,"viable":[],"lostm":0,"lost_ms":0,"agree":190,"disagree":3,"losts":0,"auto":1}
2026-08-26T11:15:10.011	ngr/loco/9950012/alert	{"level":"CLEAR","reason":"STATUS","loco":"9950012","uptime_ms":942195,"nav":"NORMAL","moving":1,"pwm":10,"est_mm_s":147,"dir":"CW","session_dir":"CW","mdir":"FWD","rear":64,"front":69,"env":1525,"lc_mm":64,"last_confirmed_landmark":"","age_ms":28848,"since":0,"dead_reckoned_mm":64,"candidate_mm":-1,"viable":[],"lostm":0,"lost_ms":0,"agree":190,"disagree":3,"losts":0,"auto":1}
2026-08-26T11:15:11.015	ngr/loco/9950012/alert	{"level":"CLEAR","reason":"STATUS","loco":"9950012","uptime_ms":943195,"nav":"NORMAL","moving":1,"pwm":16,"est_mm_s":147,"dir":"CW","session_dir":"CW","mdir":"FWD","rear":64,"front":69,"env":1525,"lc_mm":64,"last_confirmed_landmark":"","age_ms":29848,"since":0,"dead_reckoned_mm":64,"candidate_mm":-1,"viable":[],"lostm":0,"lost_ms":0,"agree":190,"disagree":3,"losts":0,"auto":1}
2026-08-26T11:15:12.009	ngr/loco/9950012/alert	{"level":"CLEAR","reason":"STATUS","loco":"9950012","uptime_ms":944195,"nav":"NORMAL","moving":1,"pwm":23,"est_mm_s":147,"dir":"CW","session_dir":"CW","mdir":"FWD","rear":64,"front":69,"env":1525,"lc_mm":64,"last_confirmed_landmark":"","age_ms":30848,"since":0,"dead_reckoned_mm":64,"candidate_mm":-1,"viable":[],"lostm":0,"lost_ms":0,"agree":190,"disagree":3,"losts":0,"auto":1}
2026-08-26T11:15:13.012	ngr/loco/9950012/alert	{"level":"CLEAR","reason":"STATUS","loco":"9950012","uptime_ms":945195,"nav":"NORMAL","moving":1,"pwm":30,"est_mm_s":147,"dir":"CW","session_dir":"CW","mdir":"FWD","rear":64,"front":69,"env":1525,"lc_mm":64,"last_confirmed_landmark":"","age_ms":31848,"since":0,"dead_reckoned_mm":64,"candidate_mm":-1,"viable":[],"lostm":0,"lost_ms":0,"agree":190,"disagree":3,"losts":0,"auto":1}
2026-08-26T11:15:14.013	ngr/loco/9950012/alert	{"level":"CLEAR","reason":"STATUS","loco":"9950012","uptime_ms":946195,"nav":"NORMAL","moving":1,"pwm":36,"est_mm_s":147,"dir":"CW","session_dir":"CW","mdir":"FWD","rear":64,"front":69,"env":1525,"lc_mm":64,"last_confirmed_landmark":"","age_ms":32848,"since":0,"dead_reckoned_mm":64,"candidate_mm":-1,"viable":[],"lostm":0,"lost_ms":0,"agree":190,"disagree":3,"losts":0,"auto":1}
2026-08-26T11:15:15.040	ngr/loco/9950012/alert	{"level":"CLEAR","reason":"STATUS","loco":"9950012","uptime_ms":947215,"nav":"NORMAL","moving":1,"pwm":43,"est_mm_s":9,"dir":"CW","session_dir":"CW","mdir":"FWD","rear":65,"front":70,"env":1510,"lc_mm":65,"last_confirmed_landmark":"","age_ms":852,"since":0,"dead_reckoned_mm":65,"candidate_mm":-1,"viable":[],"lostm":0,"lost_ms":0,"agree":191,"disagree":3,"losts":0,"auto":1}
2026-08-26T11:15:16.030	ngr/loco/9950012/alert	{"level":"CLEAR","reason":"STATUS","loco":"9950012","uptime_ms":948215,"nav":"NORMAL","moving":1,"pwm":50,"est_mm_s":9,"dir":"CW","session_dir":"CW","mdir":"FWD","rear":65,"front":70,"env":1510,"lc_mm":65,"last_confirmed_landmark":"","age_ms":1852,"since":0,"dead_reckoned_mm":65,"candidate_mm":-1,"viable":[],"lostm":0,"lost_ms":0,"agree":191,"disagree":3,"losts":0,"auto":1}
2026-08-26T11:15:17.033	ngr/loco/9950012/alert	{"level":"CLEAR","reason":"STATUS","loco":"9950012","uptime_ms":949215,"nav":"NORMAL","moving":1,"pwm":56,"est_mm_s":9,"dir":"CW","session_dir":"CW","mdir":"FWD","rear":65,"front":70,"env":1510,"lc_mm":65,"last_confirmed_landmark":"","age_ms":2852,"since":0,"dead_reckoned_mm":65,"candidate_mm":-1,"viable":[],"lostm":0,"lost_ms":0,"agree":191,"disagree":3,"losts":0,"auto":1}
2026-08-26T11:15:18.033	ngr/loco/9950012/alert	{"level":"CLEAR","reason":"STATUS","loco":"9950012","uptime_ms":950215,"nav":"NORMAL","moving":1,"pwm":63,"est_mm_s":9,"dir":"CW","session_dir":"CW","mdir":"FWD","rear":65,"front":70,"env":1510,"lc_mm":65,"last_confirmed_landmark":"","age_ms":3852,"since":0,"dead_reckoned_mm":65,"candidate_mm":-1,"viable":[],"lostm":0,"lost_ms":0,"agree":191,"disagree":3,"losts":0,"auto":1}
2026-08-26T11:15:19.030	ngr/loco/9950012/alert	{"level":"CLEAR","reason":"STATUS","loco":"9950012","uptime_ms":951215,"nav":"NORMAL","moving":1,"pwm":106,"est_mm_s":75,"dir":"CW","session_dir":"CW","mdir":"FWD","rear":66,"front":71,"env":1500,"lc_mm":66,"last_confirmed_landmark":"","age_ms":819,"since":0,"dead_reckoned_mm":66,"candidate_mm":-1,"viable":[],"lostm":0,"lost_ms":0,"agree":192,"disagree":3,"losts":0,"auto":1}
2026-08-26T11:15:20.032	ngr/loco/9950012/alert	{"level":"CLEAR","reason":"STATUS","loco":"9950012","uptime_ms":952215,"nav":"NORMAL","moving":1,"pwm":120,"est_mm_s":219,"dir":"CW","session_dir":"CW","mdir":"FWD","rear":67,"front":72,"env":1495,"lc_mm":67,"last_confirmed_landmark":"","age_ms":454,"since":0,"dead_reckoned_mm":67,"candidate_mm":-1,"viable":[],"lostm":0,"lost_ms":0,"agree":193,"disagree":3,"losts":0,"auto":1}
2026-08-26T11:15:21.033	ngr/loco/9950012/alert	{"level":"CLEAR","reason":"STATUS","loco":"9950012","uptime_ms":953215,"nav":"NORMAL","moving":1,"pwm":120,"est_mm_s":323,"dir":"CW","session_dir":"CW","mdir":"FWD","rear":68,"front":73,"env":1490,"lc_mm":68,"last_confirmed_landmark":"","age_ms":510,"since":0,"dead_reckoned_mm":68,"candidate_mm":-1,"viable":[],"lostm":0,"lost_ms":0,"agree":194,"disagree":3,"losts":0,"auto":1}
2026-08-26T11:15:22.032	ngr/loco/9950012/alert	{"level":"CLEAR","reason":"STATUS","loco":"9950012","uptime_ms":954215,"nav":"NORMAL","moving":1,"pwm":120,"est_mm_s":322,"dir":"CW","session_dir":"CW","mdir":"FWD","rear":69,"front":74,"env":1490,"lc_mm":69,"last_confirmed_landmark":"","age_ms":579,"since":0,"dead_reckoned_mm":69,"candidate_mm":-1,"viable":[],"lostm":0,"lost_ms":0,"agree":195,"disagree":3,"losts":0,"auto":1}
2026-08-26T11:15:23.029	ngr/loco/9950012/alert	{"level":"CLEAR","reason":"STATUS","loco":"9950012","uptime_ms":955215,"nav":"NORMAL","moving":1,"pwm":120,"est_mm_s":325,"dir":"CW","session_dir":"CW","mdir":"FWD","rear":70,"front":75,"env":1490,"lc_mm":70,"last_confirmed_landmark":"","age_ms":656,"since":0,"dead_reckoned_mm":70,"candidate_mm":-1,"viable":[],"lostm":0,"lost_ms":0,"agree":196,"disagree":3,"losts":0,"auto":1}
2026-08-26T11:15:24.032	ngr/loco/9950012/alert	{"level":"CLEAR","reason":"STATUS","loco":"9950012","uptime_ms":956215,"nav":"NORMAL","moving":1,"pwm":120,"est_mm_s":316,"dir":"CW","session_dir":"CW","mdir":"FWD","rear":71,"front":76,"env":1495,"lc_mm":71,"last_confirmed_landmark":"","age_ms":724,"since":0,"dead_reckoned_mm":71,"candidate_mm":-1,"viable":[],"lostm":0,"lost_ms":0,"agree":197,"disagree":3,"losts":0,"auto":1}
2026-08-26T11:15:25.029	ngr/loco/9950012/alert	{"level":"CLEAR","reason":"STATUS","loco":"9950012","uptime_ms":957215,"nav":"NORMAL","moving":1,"pwm":120,"est_mm_s":325,"dir":"CW","session_dir":"CW","mdir":"FWD","rear":72,"front":77,"env":1500,"lc_mm":72,"last_confirmed_landmark":"Westpoint","age_ms":818,"since":0,"dead_reckoned_mm":72,"candidate_mm":-1,"viable":[],"lostm":0,"lost_ms":0,"agree":198,"disagree":3,"losts":0,"auto":1}
2026-08-26T11:15:26.031	ngr/loco/9950012/alert	{"level":"CLEAR","reason":"STATUS","loco":"9950012","uptime_ms":958215,"nav":"NORMAL","moving":1,"pwm":120,"est_mm_s":335,"dir":"CW","session_dir":"CW","mdir":"FWD","rear":73,"front":78,"env":1500,"lc_mm":73,"last_confirmed_landmark":"","age_ms":923,"since":0,"dead_reckoned_mm":73,"candidate_mm":-1,"viable":[],"lostm":0,"lost_ms":0,"agree":199,"disagree":3,"losts":0,"auto":1}
2026-08-26T11:15:27.043	ngr/loco/9950012/alert	{"level":"CLEAR","reason":"STATUS","loco":"9950012","uptime_ms":959215,"nav":"NORMAL","moving":1,"pwm":120,"est_mm_s":295,"dir":"CW","session_dir":"CW","mdir":"FWD","rear":74,"front":79,"env":1500,"lc_mm":74,"last_confirmed_landmark":"","age_ms":907,"since":0,"dead_reckoned_mm":74,"candidate_mm":-1,"viable":[],"lostm":0,"lost_ms":0,"agree":200,"disagree":3,"losts":0,"auto":1}
2026-08-26T11:15:28.032	ngr/loco/9950012/alert	{"level":"CLEAR","reason":"STATUS","loco":"9950012","uptime_ms":960215,"nav":"NORMAL","moving":1,"pwm":120,"est_mm_s":255,"dir":"CW","session_dir":"CW","mdir":"FWD","rear":75,"front":80,"env":1505,"lc_mm":75,"last_confirmed_landmark":"","age_ms":733,"since":0,"dead_reckoned_mm":75,"candidate_mm":-1,"viable":[],"lostm":0,"lost_ms":0,"agree":201,"disagree":3,"losts":0,"auto":1}
2026-08-26T11:15:29.032	ngr/loco/9950012/alert	{"level":"CLEAR","reason":"STATUS","loco":"9950012","uptime_ms":961215,"nav":"NORMAL","moving":1,"pwm":120,"est_mm_s":268,"dir":"CW","session_dir":"CW","mdir":"FWD","rear":76,"front":81,"env":1505,"lc_mm":76,"last_confirmed_landmark":"","age_ms":614,"since":0,"dead_reckoned_mm":76,"candidate_mm":-1,"viable":[],"lostm":0,"lost_ms":0,"agree":202,"disagree":3,"losts":0,"auto":1}
2026-08-26T11:15:30.047	ngr/loco/9950012/alert	{"level":"CLEAR","reason":"STATUS","loco":"9950012","uptime_ms":962215,"nav":"NORMAL","moving":1,"pwm":120,"est_mm_s":284,"dir":"CW","session_dir":"CW","mdir":"FWD","rear":77,"front":82,"env":1505,"lc_mm":77,"last_confirmed_landmark":"","age_ms":561,"since":0,"dead_reckoned_mm":77,"candidate_mm":-1,"viable":[],"lostm":0,"lost_ms":0,"agree":203,"disagree":3,"losts":0,"auto":1}
2026-08-26T11:15:31.032	ngr/loco/9950012/alert	{"level":"CLEAR","reason":"STATUS","loco":"9950012","uptime_ms":963215,"nav":"NORMAL","moving":1,"pwm":120,"est_mm_s":303,"dir":"CW","session_dir":"CW","mdir":"FWD","rear":78,"front":83,"env":1510,"lc_mm":78,"last_confirmed_landmark":"","age_ms":574,"since":0,"dead_reckoned_mm":78,"candidate_mm":-1,"viable":[],"lostm":0,"lost_ms":0,"agree":204,"disagree":3,"losts":0,"auto":1}
2026-08-26T11:15:32.032	ngr/loco/9950012/alert	{"level":"CLEAR","reason":"STATUS","loco":"9950012","uptime_ms":964215,"nav":"NORMAL","moving":1,"pwm":120,"est_mm_s":322,"dir":"CW","session_dir":"CW","mdir":"FWD","rear":79,"front":84,"env":1510,"lc_mm":79,"last_confirmed_landmark":"","age_ms":643,"since":0,"dead_reckoned_mm":79,"candidate_mm":-1,"viable":[],"lostm":0,"lost_ms":0,"agree":205,"disagree":3,"losts":0,"auto":1}
2026-08-26T11:15:33.032	ngr/loco/9950012/alert	{"level":"CLEAR","reason":"STATUS","loco":"9950012","uptime_ms":965215,"nav":"NORMAL","moving":1,"pwm":120,"est_mm_s":327,"dir":"CW","session_dir":"CW","mdir":"FWD","rear":80,"front":85,"env":1505,"lc_mm":80,"last_confirmed_landmark":"","age_ms":712,"since":0,"dead_reckoned_mm":80,"candidate_mm":-1,"viable":[],"lostm":0,"lost_ms":0,"agree":206,"disagree":3,"losts":0,"auto":1}
2026-08-26T11:15:34.029	ngr/loco/9950012/alert	{"level":"CLEAR","reason":"STATUS","loco":"9950012","uptime_ms":966215,"nav":"NORMAL","moving":1,"pwm":91,"est_mm_s":334,"dir":"CW","session_dir":"CW","mdir":"FWD","rear":81,"front":86,"env":1535,"lc_mm":81,"last_confirmed_landmark":"","age_ms":816,"since":0,"dead_reckoned_mm":81,"candidate_mm":-1,"viable":[],"lostm":0,"lost_ms":0,"agree":207,"disagree":3,"losts":0,"auto":1}
2026-08-26T11:15:35.029	ngr/loco/9950012/alert	{"level":"CLEAR","reason":"STATUS","loco":"9950012","uptime_ms":967215,"nav":"NORMAL","moving":1,"pwm":90,"est_mm_s":292,"dir":"CW","session_dir":"CW","mdir":"FWD","rear":82,"front":87,"env":1535,"lc_mm":82,"last_confirmed_landmark":"","age_ms":790,"since":0,"dead_reckoned_mm":82,"candidate_mm":-1,"viable":[],"lostm":0,"lost_ms":0,"agree":208,"disagree":3,"losts":0,"auto":1}
2026-08-26T11:15:36.030	ngr/loco/9950012/alert	{"level":"CLEAR","reason":"STATUS","loco":"9950012","uptime_ms":968215,"nav":"NORMAL","moving":1,"pwm":90,"est_mm_s":206,"dir":"CW","session_dir":"CW","mdir":"FWD","rear":83,"front":88,"env":1530,"lc_mm":83,"last_confirmed_landmark":"","age_ms":311,"since":0,"dead_reckoned_mm":83,"candidate_mm":-1,"viable":[],"lostm":0,"lost_ms":0,"agree":209,"disagree":3,"losts":0,"auto":1}
2026-08-26T11:15:37.030	ngr/loco/9950012/alert	{"level":"CLEAR","reason":"STATUS","loco":"9950012","uptime_ms":969215,"nav":"NORMAL","moving":1,"pwm":90,"est_mm_s":206,"dir":"CW","session_dir":"CW","mdir":"FWD","rear":83,"front":88,"env":1530,"lc_mm":83,"last_confirmed_landmark":"","age_ms":1311,"since":0,"dead_reckoned_mm":83,"candidate_mm":-1,"viable":[],"lostm":0,"lost_ms":0,"agree":209,"disagree":3,"losts":0,"auto":1}
2026-08-26T11:15:38.033	ngr/loco/9950012/alert	{"level":"CLEAR","reason":"STATUS","loco":"9950012","uptime_ms":970215,"nav":"NORMAL","moving":1,"pwm":90,"est_mm_s":227,"dir":"CW","session_dir":"CW","mdir":"FWD","rear":84,"front":89,"env":1535,"lc_mm":84,"last_confirmed_landmark":"","age_ms":993,"since":0,"dead_reckoned_mm":84,"candidate_mm":-1,"viable":[],"lostm":0,"lost_ms":0,"agree":210,"disagree":3,"losts":0,"auto":1}
2026-08-26T11:15:39.029	ngr/loco/9950012/alert	{"level":"CLEAR","reason":"STATUS","loco":"9950012","uptime_ms":971215,"nav":"NORMAL","moving":1,"pwm":90,"est_mm_s":213,"dir":"CW","session_dir":"CW","mdir":"FWD","rear":85,"front":90,"env":1535,"lc_mm":85,"last_confirmed_landmark":"","age_ms":585,"since":0,"dead_reckoned_mm":85,"candidate_mm":-1,"viable":[],"lostm":0,"lost_ms":0,"agree":211,"disagree":3,"losts":0,"auto":1}
2026-08-26T11:15:40.031	ngr/loco/9950012/alert	{"level":"CLEAR","reason":"STATUS","loco":"9950012","uptime_ms":972215,"nav":"NORMAL","moving":1,"pwm":90,"est_mm_s":247,"dir":"CW","session_dir":"CW","mdir":"FWD","rear":86,"front":91,"env":1505,"lc_mm":86,"last_confirmed_landmark":"","age_ms":254,"since":0,"dead_reckoned_mm":86,"candidate_mm":-1,"viable":[],"lostm":0,"lost_ms":0,"agree":212,"disagree":3,"losts":0,"auto":1}
2026-08-26T11:15:41.036	ngr/loco/9950012/alert	{"level":"CLEAR","reason":"STATUS","loco":"9950012","uptime_ms":973215,"nav":"NORMAL","moving":1,"pwm":90,"est_mm_s":247,"dir":"CW","session_dir":"CW","mdir":"FWD","rear":86,"front":91,"env":1505,"lc_mm":86,"last_confirmed_landmark":"","age_ms":1254,"since":0,"dead_reckoned_mm":86,"candidate_mm":-1,"viable":[],"lostm":0,"lost_ms":0,"agree":212,"disagree":3,"losts":0,"auto":1}
2026-08-26T11:15:42.031	ngr/loco/9950012/alert	{"level":"CLEAR","reason":"STATUS","loco":"9950012","uptime_ms":974215,"nav":"NORMAL","moving":1,"pwm":90,"est_mm_s":243,"dir":"CW","session_dir":"CW","mdir":"FWD","rear":87,"front":92,"env":1505,"lc_mm":87,"last_confirmed_landmark":"","age_ms":1020,"since":0,"dead_reckoned_mm":87,"candidate_mm":-1,"viable":[],"lostm":0,"lost_ms":0,"agree":213,"disagree":3,"losts":0,"auto":1}
2026-08-26T11:15:43.035	ngr/loco/9950012/alert	{"level":"CLEAR","reason":"STATUS","loco":"9950012","uptime_ms":975215,"nav":"NORMAL","moving":1,"pwm":90,"est_mm_s":241,"dir":"CW","session_dir":"CW","mdir":"FWD","rear":88,"front":93,"env":1505,"lc_mm":88,"last_confirmed_landmark":"","age_ms":780,"since":0,"dead_reckoned_mm":88,"candidate_mm":-1,"viable":[],"lostm":0,"lost_ms":0,"agree":214,"disagree":3,"losts":0,"auto":1}
2026-08-26T11:15:44.033	ngr/loco/9950012/alert	{"level":"CLEAR","reason":"STATUS","loco":"9950012","uptime_ms":976215,"nav":"NORMAL","moving":1,"pwm":90,"est_mm_s":264,"dir":"CW","session_dir":"CW","mdir":"FWD","rear":89,"front":94,"env":1500,"lc_mm":89,"last_confirmed_landmark":"","age_ms":628,"since":0,"dead_reckoned_mm":89,"candidate_mm":-1,"viable":[],"lostm":0,"lost_ms":0,"agree":215,"disagree":3,"losts":0,"auto":1}
2026-08-26T11:15:45.033	ngr/loco/9950012/alert	{"level":"CLEAR","reason":"STATUS","loco":"9950012","uptime_ms":977215,"nav":"NORMAL","moving":1,"pwm":90,"est_mm_s":278,"dir":"CW","session_dir":"CW","mdir":"FWD","rear":90,"front":95,"env":1500,"lc_mm":90,"last_confirmed_landmark":"","age_ms":551,"since":0,"dead_reckoned_mm":90,"candidate_mm":-1,"viable":[],"lostm":0,"lost_ms":0,"agree":216,"disagree":3,"losts":0,"auto":1}
2026-08-26T11:15:46.031	ngr/loco/9950012/alert	{"level":"CLEAR","reason":"STATUS","loco":"9950012","uptime_ms":978215,"nav":"NORMAL","moving":1,"pwm":90,"est_mm_s":274,"dir":"CW","session_dir":"CW","mdir":"FWD","rear":91,"front":96,"env":1500,"lc_mm":91,"last_confirmed_landmark":"","age_ms":459,"since":0,"dead_reckoned_mm":91,"candidate_mm":-1,"viable":[],"lostm":0,"lost_ms":0,"agree":217,"disagree":3,"losts":0,"auto":1}
2026-08-26T11:15:47.030	ngr/loco/9950012/alert	{"level":"CLEAR","reason":"STATUS","loco":"9950012","uptime_ms":979215,"nav":"NORMAL","moving":1,"pwm":90,"est_mm_s":258,"dir":"CW","session_dir":"CW","mdir":"FWD","rear":92,"front":97,"env":1500,"lc_mm":92,"last_confirmed_landmark":"","age_ms":299,"since":0,"dead_reckoned_mm":92,"candidate_mm":-1,"viable":[],"lostm":0,"lost_ms":0,"agree":218,"disagree":3,"losts":0,"auto":1}
2026-08-26T11:15:48.032	ngr/loco/9950012/alert	{"level":"CLEAR","reason":"STATUS","loco":"9950012","uptime_ms":980215,"nav":"NORMAL","moving":1,"pwm":90,"est_mm_s":258,"dir":"CW","session_dir":"CW","mdir":"FWD","rear":92,"front":97,"env":1500,"lc_mm":92,"last_confirmed_landmark":"","age_ms":1299,"since":0,"dead_reckoned_mm":92,"candidate_mm":-1,"viable":[],"lostm":0,"lost_ms":0,"agree":218,"disagree":3,"losts":0,"auto":1}
2026-08-26T11:15:49.034	ngr/loco/9950012/alert	{"level":"CLEAR","reason":"STATUS","loco":"9950012","uptime_ms":981215,"nav":"NORMAL","moving":1,"pwm":90,"est_mm_s":250,"dir":"CW","session_dir":"CW","mdir":"FWD","rear":93,"front":98,"env":1500,"lc_mm":93,"last_confirmed_landmark":"","age_ms":1100,"since":0,"dead_reckoned_mm":93,"candidate_mm":-1,"viable":[],"lostm":0,"lost_ms":0,"agree":219,"disagree":3,"losts":0,"auto":1}
2026-08-26T11:15:50.033	ngr/loco/9950012/alert	{"level":"CLEAR","reason":"STATUS","loco":"9950012","uptime_ms":982215,"nav":"NORMAL","moving":1,"pwm":90,"est_mm_s":243,"dir":"CW","session_dir":"CW","mdir":"FWD","rear":94,"front":99,"env":1500,"lc_mm":94,"last_confirmed_landmark":"","age_ms":866,"since":0,"dead_reckoned_mm":94,"candidate_mm":-1,"viable":[],"lostm":0,"lost_ms":0,"agree":220,"disagree":3,"losts":0,"auto":1}
2026-08-26T11:15:51.029	ngr/loco/9950012/alert	{"level":"CLEAR","reason":"STATUS","loco":"9950012","uptime_ms":983215,"nav":"NORMAL","moving":1,"pwm":90,"est_mm_s":244,"dir":"CW","session_dir":"CW","mdir":"FWD","rear":95,"front":100,"env":1500,"lc_mm":95,"last_confirmed_landmark":"","age_ms":637,"since":0,"dead_reckoned_mm":95,"candidate_mm":-1,"viable":[],"lostm":0,"lost_ms":0,"agree":221,"disagree":3,"losts":0,"auto":1}
2026-08-26T11:15:52.029	ngr/loco/9950012/alert	{"level":"CLEAR","reason":"STATUS","loco":"9950012","uptime_ms":984215,"nav":"NORMAL","moving":1,"pwm":90,"est_mm_s":259,"dir":"CW","session_dir":"CW","mdir":"FWD","rear":96,"front":101,"env":1500,"lc_mm":96,"last_confirmed_landmark":"","age_ms":479,"since":0,"dead_reckoned_mm":96,"candidate_mm":-1,"viable":[],"lostm":0,"lost_ms":0,"agree":222,"disagree":3,"losts":0,"auto":1}
2026-08-26T11:15:53.034	ngr/loco/9950012/alert	{"level":"CLEAR","reason":"STATUS","loco":"9950012","uptime_ms":985215,"nav":"NORMAL","moving":1,"pwm":89,"est_mm_s":251,"dir":"CW","session_dir":"CW","mdir":"FWD","rear":97,"front":102,"env":1500,"lc_mm":97,"last_confirmed_landmark":"","age_ms":284,"since":0,"dead_reckoned_mm":97,"candidate_mm":-1,"viable":[],"lostm":0,"lost_ms":0,"agree":223,"disagree":3,"losts":0,"auto":1}
2026-08-26T11:15:54.034	ngr/loco/9950012/alert	{"level":"CLEAR","reason":"STATUS","loco":"9950012","uptime_ms":986215,"nav":"NORMAL","moving":1,"pwm":85,"est_mm_s":251,"dir":"CW","session_dir":"CW","mdir":"FWD","rear":97,"front":102,"env":1500,"lc_mm":97,"last_confirmed_landmark":"","age_ms":1284,"since":0,"dead_reckoned_mm":97,"candidate_mm":-1,"viable":[],"lostm":0,"lost_ms":0,"agree":223,"disagree":3,"losts":0,"auto":1}
2026-08-26T11:15:55.031	ngr/loco/9950012/alert	{"level":"CLEAR","reason":"STATUS","loco":"9950012","uptime_ms":987215,"nav":"NORMAL","moving":1,"pwm":80,"est_mm_s":258,"dir":"CW","session_dir":"CW","mdir":"FWD","rear":98,"front":103,"env":1495,"lc_mm":98,"last_confirmed_landmark":"Northpoint","age_ms":1124,"since":0,"dead_reckoned_mm":98,"candidate_mm":-1,"viable":[],"lostm":0,"lost_ms":0,"agree":224,"disagree":3,"losts":0,"auto":1}
2026-08-26T11:15:56.039	ngr/loco/9950012/alert	{"level":"CLEAR","reason":"STATUS","loco":"9950012","uptime_ms":988215,"nav":"NORMAL","moving":1,"pwm":75,"est_mm_s":227,"dir":"CW","session_dir":"CW","mdir":"FWD","rear":99,"front":104,"env":1495,"lc_mm":99,"last_confirmed_landmark":"","age_ms":803,"since":0,"dead_reckoned_mm":99,"candidate_mm":-1,"viable":[],"lostm":0,"lost_ms":0,"agree":225,"disagree":3,"losts":0,"auto":1}
2026-08-26T11:15:57.032	ngr/loco/9950012/alert	{"level":"CLEAR","reason":"STATUS","loco":"9950012","uptime_ms":989215,"nav":"NORMAL","moving":1,"pwm":71,"est_mm_s":215,"dir":"CW","session_dir":"CW","mdir":"FWD","rear":100,"front":105,"env":1495,"lc_mm":100,"last_confirmed_landmark":"","age_ms":409,"since":0,"dead_reckoned_mm":100,"candidate_mm":-1,"viable":[],"lostm":0,"lost_ms":0,"agree":226,"disagree":3,"losts":0,"auto":1}
2026-08-26T11:15:58.034	ngr/loco/9950012/alert	{"level":"CLEAR","reason":"STATUS","loco":"9950012","uptime_ms":990215,"nav":"NORMAL","moving":1,"pwm":67,"est_mm_s":215,"dir":"CW","session_dir":"CW","mdir":"FWD","rear":100,"front":105,"env":1495,"lc_mm":100,"last_confirmed_landmark":"","age_ms":1409,"since":0,"dead_reckoned_mm":100,"candidate_mm":-1,"viable":[],"lostm":0,"lost_ms":0,"agree":226,"disagree":3,"losts":0,"auto":1}
2026-08-26T11:15:59.032	ngr/loco/9950012/alert	{"level":"CLEAR","reason":"STATUS","loco":"9950012","uptime_ms":991215,"nav":"NORMAL","moving":1,"pwm":62,"est_mm_s":207,"dir":"CW","session_dir":"CW","mdir":"FWD","rear":101,"front":106,"env":1495,"lc_mm":101,"last_confirmed_landmark":"","age_ms":962,"since":0,"dead_reckoned_mm":101,"candidate_mm":-1,"viable":[],"lostm":0,"lost_ms":0,"agree":227,"disagree":3,"losts":0,"auto":1}
2026-08-26T11:16:00.032	ngr/loco/9950012/alert	{"level":"CLEAR","reason":"STATUS","loco":"9950012","uptime_ms":992215,"nav":"NORMAL","moving":1,"pwm":61,"est_mm_s":207,"dir":"CW","session_dir":"CW","mdir":"FWD","rear":101,"front":106,"env":1495,"lc_mm":101,"last_confirmed_landmark":"","age_ms":1962,"since":0,"dead_reckoned_mm":101,"candidate_mm":-1,"viable":[],"lostm":0,"lost_ms":0,"agree":227,"disagree":3,"losts":0,"auto":1}
2026-08-26T11:16:01.037	ngr/loco/9950012/alert	{"level":"CLEAR","reason":"STATUS","loco":"9950012","uptime_ms":993215,"nav":"NORMAL","moving":1,"pwm":60,"est_mm_s":173,"dir":"CW","session_dir":"CW","mdir":"FWD","rear":102,"front":107,"env":1495,"lc_mm":102,"last_confirmed_landmark":"","age_ms":1235,"since":0,"dead_reckoned_mm":102,"candidate_mm":-1,"viable":[],"lostm":0,"lost_ms":0,"agree":228,"disagree":3,"losts":0,"auto":1}
2026-08-26T11:16:02.032	ngr/loco/9950012/alert	{"level":"CLEAR","reason":"STATUS","loco":"9950012","uptime_ms":994215,"nav":"NORMAL","moving":1,"pwm":60,"est_mm_s":191,"dir":"CW","session_dir":"CW","mdir":"FWD","rear":103,"front":108,"env":1500,"lc_mm":103,"last_confirmed_landmark":"","age_ms":693,"since":0,"dead_reckoned_mm":103,"candidate_mm":-1,"viable":[],"lostm":0,"lost_ms":0,"agree":229,"disagree":3,"losts":0,"auto":1}
2026-08-26T11:16:03.034	ngr/loco/9950012/alert	{"level":"CLEAR","reason":"STATUS","loco":"9950012","uptime_ms":995215,"nav":"NORMAL","moving":1,"pwm":60,"est_mm_s":191,"dir":"CW","session_dir":"CW","mdir":"FWD","rear":103,"front":108,"env":1500,"lc_mm":103,"last_confirmed_landmark":"","age_ms":1693,"since":0,"dead_reckoned_mm":103,"candidate_mm":-1,"viable":[],"lostm":0,"lost_ms":0,"agree":229,"disagree":3,"losts":0,"auto":1}
2026-08-26T11:16:04.033	ngr/loco/9950012/alert	{"level":"CLEAR","reason":"STATUS","loco":"9950012","uptime_ms":996215,"nav":"NORMAL","moving":1,"pwm":60,"est_mm_s":178,"dir":"CW","session_dir":"CW","mdir":"FWD","rear":104,"front":109,"env":1505,"lc_mm":104,"last_confirmed_landmark":"","age_ms":1016,"since":0,"dead_reckoned_mm":104,"candidate_mm":-1,"viable":[],"lostm":0,"lost_ms":0,"agree":230,"disagree":3,"losts":0,"auto":1}
2026-08-26T11:16:05.038	ngr/loco/9950012/alert	{"level":"CLEAR","reason":"STATUS","loco":"9950012","uptime_ms":997215,"nav":"NORMAL","moving":1,"pwm":60,"est_mm_s":178,"dir":"CW","session_dir":"CW","mdir":"FWD","rear":104,"front":109,"env":1505,"lc_mm":104,"last_confirmed_landmark":"","age_ms":2016,"since":0,"dead_reckoned_mm":104,"candidate_mm":-1,"viable":[],"lostm":0,"lost_ms":0,"agree":230,"disagree":3,"losts":0,"auto":1}
2026-08-26T11:16:06.031	ngr/loco/9950012/alert	{"level":"CLEAR","reason":"STATUS","loco":"9950012","uptime_ms":998215,"nav":"NORMAL","moving":1,"pwm":60,"est_mm_s":163,"dir":"CW","session_dir":"CW","mdir":"FWD","rear":105,"front":110,"env":1505,"lc_mm":105,"last_confirmed_landmark":"","age_ms":1182,"since":0,"dead_reckoned_mm":105,"candidate_mm":-1,"viable":[],"lostm":0,"lost_ms":0,"agree":231,"disagree":3,"losts":0,"auto":1}
2026-08-26T11:16:07.032	ngr/loco/9950012/alert	{"level":"CLEAR","reason":"STATUS","loco":"9950012","uptime_ms":999215,"nav":"NORMAL","moving":1,"pwm":60,"est_mm_s":163,"dir":"CW","session_dir":"CW","mdir":"FWD","rear":105,"front":110,"env":1505,"lc_mm":105,"last_confirmed_landmark":"","age_ms":2182,"since":0,"dead_reckoned_mm":105,"candidate_mm":-1,"viable":[],"lostm":0,"lost_ms":0,"agree":231,"disagree":3,"losts":0,"auto":1}
2026-08-26T11:16:08.033	ngr/loco/9950012/alert	{"level":"CLEAR","reason":"STATUS","loco":"9950012","uptime_ms":1000215,"nav":"NORMAL","moving":1,"pwm":60,"est_mm_s":150,"dir":"CW","session_dir":"CW","mdir":"FWD","rear":106,"front":111,"env":1505,"lc_mm":106,"last_confirmed_landmark":"","age_ms":1183,"since":0,"dead_reckoned_mm":106,"candidate_mm":-1,"viable":[],"lostm":0,"lost_ms":0,"agree":232,"disagree":3,"losts":0,"auto":1}
2026-08-26T11:16:09.032	ngr/loco/9950012/alert	{"level":"CLEAR","reason":"STATUS","loco":"9950012","uptime_ms":1001215,"nav":"NORMAL","moving":1,"pwm":60,"est_mm_s":150,"dir":"CW","session_dir":"CW","mdir":"FWD","rear":106,"front":111,"env":1505,"lc_mm":106,"last_confirmed_landmark":"","age_ms":2183,"since":0,"dead_reckoned_mm":106,"candidate_mm":-1,"viable":[],"lostm":0,"lost_ms":0,"agree":232,"disagree":3,"losts":0,"auto":1}
2026-08-26T11:16:10.033	ngr/loco/9950012/alert	{"level":"CLEAR","reason":"STATUS","loco":"9950012","uptime_ms":1002215,"nav":"NORMAL","moving":1,"pwm":60,"est_mm_s":143,"dir":"CW","session_dir":"CW","mdir":"FWD","rear":107,"front":112,"env":1525,"lc_mm":107,"last_confirmed_landmark":"Arches","age_ms":1095,"since":0,"dead_reckoned_mm":107,"candidate_mm":-1,"viable":[],"lostm":0,"lost_ms":0,"agree":233,"disagree":3,"losts":0,"auto":1}
2026-08-26T11:16:11.032	ngr/loco/9950012/alert	{"level":"CLEAR","reason":"STATUS","loco":"9950012","uptime_ms":1003215,"nav":"NORMAL","moving":1,"pwm":60,"est_mm_s":143,"dir":"CW","session_dir":"CW","mdir":"FWD","rear":107,"front":112,"env":1525,"lc_mm":107,"last_confirmed_landmark":"Arches","age_ms":2095,"since":0,"dead_reckoned_mm":107,"candidate_mm":-1,"viable":[],"lostm":0,"lost_ms":0,"agree":233,"disagree":3,"losts":0,"auto":1}
2026-08-26T11:16:12.034	ngr/loco/9950012/alert	{"level":"CLEAR","reason":"STATUS","loco":"9950012","uptime_ms":1004215,"nav":"NORMAL","moving":1,"pwm":57,"est_mm_s":136,"dir":"CW","session_dir":"CW","mdir":"FWD","rear":108,"front":113,"env":1545,"lc_mm":108,"last_confirmed_landmark":"","age_ms":894,"since":0,"dead_reckoned_mm":108,"candidate_mm":-1,"viable":[],"lostm":0,"lost_ms":0,"agree":234,"disagree":3,"losts":0,"auto":1}
2026-08-26T11:16:13.032	ngr/loco/9950012/alert	{"level":"CLEAR","reason":"STATUS","loco":"9950012","uptime_ms":1005215,"nav":"NORMAL","moving":1,"pwm":52,"est_mm_s":136,"dir":"CW","session_dir":"CW","mdir":"FWD","rear":108,"front":113,"env":1545,"lc_mm":108,"last_confirmed_landmark":"","age_ms":1894,"since":0,"dead_reckoned_mm":108,"candidate_mm":-1,"viable":[],"lostm":0,"lost_ms":0,"agree":234,"disagree":3,"losts":0,"auto":1}
2026-08-26T11:16:14.036	ngr/loco/9950012/alert	{"level":"CLEAR","reason":"STATUS","loco":"9950012","uptime_ms":1006215,"nav":"NORMAL","moving":1,"pwm":47,"est_mm_s":136,"dir":"CW","session_dir":"CW","mdir":"FWD","rear":108,"front":113,"env":1545,"lc_mm":108,"last_confirmed_landmark":"","age_ms":2894,"since":0,"dead_reckoned_mm":108,"candidate_mm":-1,"viable":[],"lostm":0,"lost_ms":0,"agree":234,"disagree":3,"losts":0,"auto":1}
2026-08-26T11:16:15.035	ngr/loco/9950012/alert	{"level":"CLEAR","reason":"STATUS","loco":"9950012","uptime_ms":1007215,"nav":"NORMAL","moving":1,"pwm":42,"est_mm_s":103,"dir":"CW","session_dir":"CW","mdir":"FWD","rear":109,"front":114,"env":1540,"lc_mm":109,"last_confirmed_landmark":"","age_ms":953,"since":0,"dead_reckoned_mm":109,"candidate_mm":-1,"viable":[],"lostm":0,"lost_ms":0,"agree":235,"disagree":3,"losts":0,"auto":1}
2026-08-26T11:16:16.033	ngr/loco/9950012/alert	{"level":"CLEAR","reason":"STATUS","loco":"9950012","uptime_ms":1008215,"nav":"NORMAL","moving":1,"pwm":37,"est_mm_s":103,"dir":"CW","session_dir":"CW","mdir":"FWD","rear":109,"front":114,"env":1540,"lc_mm":109,"last_confirmed_landmark":"","age_ms":1953,"since":0,"dead_reckoned_mm":109,"candidate_mm":-1,"viable":[],"lostm":0,"lost_ms":0,"agree":235,"disagree":3,"losts":0,"auto":1}
2026-08-26T11:16:17.032	ngr/loco/9950012/alert	{"level":"CLEAR","reason":"STATUS","loco":"9950012","uptime_ms":1009215,"nav":"NORMAL","moving":1,"pwm":32,"est_mm_s":103,"dir":"CW","session_dir":"CW","mdir":"FWD","rear":109,"front":114,"env":1540,"lc_mm":109,"last_confirmed_landmark":"","age_ms":2953,"since":0,"dead_reckoned_mm":109,"candidate_mm":-1,"viable":[],"lostm":0,"lost_ms":0,"agree":235,"disagree":3,"losts":0,"auto":1}
2026-08-26T11:16:18.034	ngr/loco/9950012/alert	{"level":"CLEAR","reason":"STATUS","loco":"9950012","uptime_ms":1010215,"nav":"NORMAL","moving":1,"pwm":27,"est_mm_s":103,"dir":"CW","session_dir":"CW","mdir":"FWD","rear":109,"front":114,"env":1540,"lc_mm":109,"last_confirmed_landmark":"","age_ms":3953,"since":0,"dead_reckoned_mm":109,"candidate_mm":-1,"viable":[],"lostm":0,"lost_ms":0,"agree":235,"disagree":3,"losts":0,"auto":1}
2026-08-26T11:16:19.032	ngr/loco/9950012/alert	{"level":"CLEAR","reason":"STATUS","loco":"9950012","uptime_ms":1011215,"nav":"NORMAL","moving":1,"pwm":22,"est_mm_s":103,"dir":"CW","session_dir":"CW","mdir":"FWD","rear":109,"front":114,"env":1540,"lc_mm":109,"last_confirmed_landmark":"","age_ms":4953,"since":0,"dead_reckoned_mm":109,"candidate_mm":-1,"viable":[],"lostm":0,"lost_ms":0,"agree":235,"disagree":3,"losts":0,"auto":1}
2026-08-26T11:16:20.034	ngr/loco/9950012/alert	{"level":"CLEAR","reason":"STATUS","loco":"9950012","uptime_ms":1012215,"nav":"NORMAL","moving":1,"pwm":17,"est_mm_s":103,"dir":"CW","session_dir":"CW","mdir":"FWD","rear":109,"front":114,"env":1540,"lc_mm":109,"last_confirmed_landmark":"","age_ms":5953,"since":0,"dead_reckoned_mm":109,"candidate_mm":-1,"viable":[],"lostm":0,"lost_ms":0,"agree":235,"disagree":3,"losts":0,"auto":1}
2026-08-26T11:16:21.033	ngr/loco/9950012/alert	{"level":"CLEAR","reason":"STATUS","loco":"9950012","uptime_ms":1013215,"nav":"NORMAL","moving":1,"pwm":12,"est_mm_s":103,"dir":"CW","session_dir":"CW","mdir":"FWD","rear":109,"front":114,"env":1540,"lc_mm":109,"last_confirmed_landmark":"","age_ms":6953,"since":0,"dead_reckoned_mm":109,"candidate_mm":-1,"viable":[],"lostm":0,"lost_ms":0,"agree":235,"disagree":3,"losts":0,"auto":1}
2026-08-26T11:16:22.032	ngr/loco/9950012/alert	{"level":"CLEAR","reason":"STATUS","loco":"9950012","uptime_ms":1014215,"nav":"NORMAL","moving":1,"pwm":7,"est_mm_s":103,"dir":"CW","session_dir":"CW","mdir":"FWD","rear":109,"front":114,"env":1540,"lc_mm":109,"last_confirmed_landmark":"","age_ms":7953,"since":0,"dead_reckoned_mm":109,"candidate_mm":-1,"viable":[],"lostm":0,"lost_ms":0,"agree":235,"disagree":3,"losts":0,"auto":1}
2026-08-26T11:16:23.034	ngr/loco/9950012/alert	{"level":"CLEAR","reason":"STATUS","loco":"9950012","uptime_ms":1015215,"nav":"NORMAL","moving":1,"pwm":2,"est_mm_s":103,"dir":"CW","session_dir":"CW","mdir":"FWD","rear":109,"front":114,"env":1540,"lc_mm":109,"last_confirmed_landmark":"","age_ms":8953,"since":0,"dead_reckoned_mm":109,"candidate_mm":-1,"viable":[],"lostm":0,"lost_ms":0,"agree":235,"disagree":3,"losts":0,"auto":1}
2026-08-26T11:16:24.032	ngr/loco/9950012/alert	{"level":"CLEAR","reason":"STATUS","loco":"9950012","uptime_ms":1016215,"nav":"NORMAL","moving":0,"pwm":0,"est_mm_s":103,"dir":"CW","session_dir":"CW","mdir":"FWD","rear":109,"front":114,"env":1540,"lc_mm":109,"last_confirmed_landmark":"","age_ms":9953,"since":0,"dead_reckoned_mm":109,"candidate_mm":-1,"viable":[],"lostm":0,"lost_ms":0,"agree":235,"disagree":3,"losts":0,"auto":1}
2026-08-26T11:16:25.032	ngr/loco/9950012/alert	{"level":"CLEAR","reason":"STATUS","loco":"9950012","uptime_ms":1017215,"nav":"NORMAL","moving":0,"pwm":0,"est_mm_s":103,"dir":"CW","session_dir":"CW","mdir":"FWD","rear":109,"front":114,"env":1540,"lc_mm":109,"last_confirmed_landmark":"","age_ms":10953,"since":0,"dead_reckoned_mm":109,"candidate_mm":-1,"viable":[],"lostm":0,"lost_ms":0,"agree":235,"disagree":3,"losts":0,"auto":1}
2026-08-26T11:16:26.041	ngr/loco/9950012/alert	{"level":"CLEAR","reason":"STATUS","loco":"9950012","uptime_ms":1018215,"nav":"NORMAL","moving":0,"pwm":0,"est_mm_s":103,"dir":"CW","session_dir":"CW","mdir":"FWD","rear":109,"front":114,"env":1540,"lc_mm":109,"last_confirmed_landmark":"","age_ms":11953,"since":0,"dead_reckoned_mm":109,"candidate_mm":-1,"viable":[],"lostm":0,"lost_ms":0,"agree":235,"disagree":3,"losts":0,"auto":1}
2026-08-26T11:16:27.030	ngr/loco/9950012/alert	{"level":"CLEAR","reason":"STATUS","loco":"9950012","uptime_ms":1019215,"nav":"NORMAL","moving":0,"pwm":0,"est_mm_s":103,"dir":"CW","session_dir":"CW","mdir":"FWD","rear":109,"front":114,"env":1540,"lc_mm":109,"last_confirmed_landmark":"","age_ms":12953,"since":0,"dead_reckoned_mm":109,"candidate_mm":-1,"viable":[],"lostm":0,"lost_ms":0,"agree":235,"disagree":3,"losts":0,"auto":1}
2026-08-26T11:16:28.032	ngr/loco/9950012/alert	{"level":"CLEAR","reason":"STATUS","loco":"9950012","uptime_ms":1020215,"nav":"NORMAL","moving":0,"pwm":0,"est_mm_s":103,"dir":"CW","session_dir":"CW","mdir":"FWD","rear":109,"front":114,"env":1540,"lc_mm":109,"last_confirmed_landmark":"","age_ms":13953,"since":0,"dead_reckoned_mm":109,"candidate_mm":-1,"viable":[],"lostm":0,"lost_ms":0,"agree":235,"disagree":3,"losts":0,"auto":1}
2026-08-26T11:16:29.033	ngr/loco/9950012/alert	{"level":"CLEAR","reason":"STATUS","loco":"9950012","uptime_ms":1021215,"nav":"NORMAL","moving":0,"pwm":0,"est_mm_s":103,"dir":"CW","session_dir":"CW","mdir":"FWD","rear":109,"front":114,"env":1540,"lc_mm":109,"last_confirmed_landmark":"","age_ms":14953,"since":0,"dead_reckoned_mm":109,"candidate_mm":-1,"viable":[],"lostm":0,"lost_ms":0,"agree":235,"disagree":3,"losts":0,"auto":1}
2026-08-26T11:16:30.034	ngr/loco/9950012/alert	{"level":"CLEAR","reason":"STATUS","loco":"9950012","uptime_ms":1022215,"nav":"NORMAL","moving":0,"pwm":0,"est_mm_s":103,"dir":"CW","session_dir":"CW","mdir":"FWD","rear":109,"front":114,"env":1540,"lc_mm":109,"last_confirmed_landmark":"","age_ms":15953,"since":0,"dead_reckoned_mm":109,"candidate_mm":-1,"viable":[],"lostm":0,"lost_ms":0,"agree":235,"disagree":3,"losts":0,"auto":1}
2026-08-26T11:16:31.036	ngr/loco/9950012/alert	{"level":"CLEAR","reason":"STATUS","loco":"9950012","uptime_ms":1023215,"nav":"NORMAL","moving":0,"pwm":0,"est_mm_s":103,"dir":"CW","session_dir":"CW","mdir":"FWD","rear":109,"front":114,"env":1540,"lc_mm":109,"last_confirmed_landmark":"","age_ms":16953,"since":0,"dead_reckoned_mm":109,"candidate_mm":-1,"viable":[],"lostm":0,"lost_ms":0,"agree":235,"disagree":3,"losts":0,"auto":1}
2026-08-26T11:16:32.034	ngr/loco/9950012/alert	{"level":"CLEAR","reason":"STATUS","loco":"9950012","uptime_ms":1024215,"nav":"NORMAL","moving":0,"pwm":0,"est_mm_s":103,"dir":"CW","session_dir":"CW","mdir":"FWD","rear":109,"front":114,"env":1540,"lc_mm":109,"last_confirmed_landmark":"","age_ms":17953,"since":0,"dead_reckoned_mm":109,"candidate_mm":-1,"viable":[],"lostm":0,"lost_ms":0,"agree":235,"disagree":3,"losts":0,"auto":1}
2026-08-26T11:16:33.033	ngr/loco/9950012/alert	{"level":"CLEAR","reason":"STATUS","loco":"9950012","uptime_ms":1025215,"nav":"NORMAL","moving":0,"pwm":0,"est_mm_s":103,"dir":"CW","session_dir":"CW","mdir":"FWD","rear":109,"front":114,"env":1540,"lc_mm":109,"last_confirmed_landmark":"","age_ms":18953,"since":0,"dead_reckoned_mm":109,"candidate_mm":-1,"viable":[],"lostm":0,"lost_ms":0,"agree":235,"disagree":3,"losts":0,"auto":1}
2026-08-26T11:16:34.032	ngr/loco/9950012/alert	{"level":"CLEAR","reason":"STATUS","loco":"9950012","uptime_ms":1026215,"nav":"NORMAL","moving":0,"pwm":0,"est_mm_s":103,"dir":"CW","session_dir":"CW","mdir":"FWD","rear":109,"front":114,"env":1540,"lc_mm":109,"last_confirmed_landmark":"","age_ms":19953,"since":0,"dead_reckoned_mm":109,"candidate_mm":-1,"viable":[],"lostm":0,"lost_ms":0,"agree":235,"disagree":3,"losts":0,"auto":1}
2026-08-26T11:16:35.036	ngr/loco/9950012/alert	{"level":"CLEAR","reason":"STATUS","loco":"9950012","uptime_ms":1027215,"nav":"NORMAL","moving":0,"pwm":0,"est_mm_s":103,"dir":"CW","session_dir":"CW","mdir":"FWD","rear":109,"front":114,"env":1540,"lc_mm":109,"last_confirmed_landmark":"","age_ms":20953,"since":0,"dead_reckoned_mm":109,"candidate_mm":-1,"viable":[],"lostm":0,"lost_ms":0,"agree":235,"disagree":3,"losts":0,"auto":1}
2026-08-26T11:16:36.032	ngr/loco/9950012/alert	{"level":"CLEAR","reason":"STATUS","loco":"9950012","uptime_ms":1028215,"nav":"NORMAL","moving":0,"pwm":0,"est_mm_s":103,"dir":"CW","session_dir":"CW","mdir":"FWD","rear":109,"front":114,"env":1540,"lc_mm":109,"last_confirmed_landmark":"","age_ms":21953,"since":0,"dead_reckoned_mm":109,"candidate_mm":-1,"viable":[],"lostm":0,"lost_ms":0,"agree":235,"disagree":3,"losts":0,"auto":1}
2026-08-26T11:16:37.038	ngr/loco/9950012/alert	{"level":"CLEAR","reason":"STATUS","loco":"9950012","uptime_ms":1029215,"nav":"NORMAL","moving":0,"pwm":0,"est_mm_s":103,"dir":"CW","session_dir":"CW","mdir":"FWD","rear":109,"front":114,"env":1540,"lc_mm":109,"last_confirmed_landmark":"","age_ms":22953,"since":0,"dead_reckoned_mm":109,"candidate_mm":-1,"viable":[],"lostm":0,"lost_ms":0,"agree":235,"disagree":3,"losts":0,"auto":1}
2026-08-26T11:16:38.036	ngr/loco/9950012/alert	{"level":"CLEAR","reason":"STATUS","loco":"9950012","uptime_ms":1030215,"nav":"NORMAL","moving":0,"pwm":0,"est_mm_s":103,"dir":"CW","session_dir":"CW","mdir":"FWD","rear":109,"front":114,"env":1540,"lc_mm":109,"last_confirmed_landmark":"","age_ms":23953,"since":0,"dead_reckoned_mm":109,"candidate_mm":-1,"viable":[],"lostm":0,"lost_ms":0,"agree":235,"disagree":3,"losts":0,"auto":1}
2026-08-26T11:16:39.035	ngr/loco/9950012/alert	{"level":"CLEAR","reason":"STATUS","loco":"9950012","uptime_ms":1031215,"nav":"NORMAL","moving":1,"pwm":5,"est_mm_s":103,"dir":"CW","session_dir":"CW","mdir":"FWD","rear":109,"front":114,"env":1540,"lc_mm":109,"last_confirmed_landmark":"","age_ms":24953,"since":0,"dead_reckoned_mm":109,"candidate_mm":-1,"viable":[],"lostm":0,"lost_ms":0,"agree":235,"disagree":3,"losts":0,"auto":1}
2026-08-26T11:16:40.033	ngr/loco/9950012/alert	{"level":"CLEAR","reason":"STATUS","loco":"9950012","uptime_ms":1032215,"nav":"NORMAL","moving":1,"pwm":11,"est_mm_s":103,"dir":"CW","session_dir":"CW","mdir":"FWD","rear":109,"front":114,"env":1540,"lc_mm":109,"last_confirmed_landmark":"","age_ms":25953,"since":0,"dead_reckoned_mm":109,"candidate_mm":-1,"viable":[],"lostm":0,"lost_ms":0,"agree":235,"disagree":3,"losts":0,"auto":1}
2026-08-26T11:16:41.035	ngr/loco/9950012/alert	{"level":"CLEAR","reason":"STATUS","loco":"9950012","uptime_ms":1033215,"nav":"NORMAL","moving":1,"pwm":18,"est_mm_s":103,"dir":"CW","session_dir":"CW","mdir":"FWD","rear":109,"front":114,"env":1540,"lc_mm":109,"last_confirmed_landmark":"","age_ms":26953,"since":0,"dead_reckoned_mm":109,"candidate_mm":-1,"viable":[],"lostm":0,"lost_ms":0,"agree":235,"disagree":3,"losts":0,"auto":1}
2026-08-26T11:16:42.034	ngr/loco/9950012/alert	{"level":"CLEAR","reason":"STATUS","loco":"9950012","uptime_ms":1034215,"nav":"NORMAL","moving":1,"pwm":25,"est_mm_s":103,"dir":"CW","session_dir":"CW","mdir":"FWD","rear":109,"front":114,"env":1540,"lc_mm":109,"last_confirmed_landmark":"","age_ms":27953,"since":0,"dead_reckoned_mm":109,"candidate_mm":-1,"viable":[],"lostm":0,"lost_ms":0,"agree":235,"disagree":3,"losts":0,"auto":1}
2026-08-26T11:16:43.035	ngr/loco/9950012/alert	{"level":"CLEAR","reason":"STATUS","loco":"9950012","uptime_ms":1035215,"nav":"NORMAL","moving":1,"pwm":31,"est_mm_s":103,"dir":"CW","session_dir":"CW","mdir":"FWD","rear":109,"front":114,"env":1540,"lc_mm":109,"last_confirmed_landmark":"","age_ms":28953,"since":0,"dead_reckoned_mm":109,"candidate_mm":-1,"viable":[],"lostm":0,"lost_ms":0,"agree":235,"disagree":3,"losts":0,"auto":1}
2026-08-26T11:16:44.032	ngr/loco/9950012/alert	{"level":"CLEAR","reason":"STATUS","loco":"9950012","uptime_ms":1036215,"nav":"NORMAL","moving":1,"pwm":38,"est_mm_s":103,"dir":"CW","session_dir":"CW","mdir":"FWD","rear":109,"front":114,"env":1540,"lc_mm":109,"last_confirmed_landmark":"","age_ms":29953,"since":0,"dead_reckoned_mm":109,"candidate_mm":-1,"viable":[],"lostm":0,"lost_ms":0,"agree":235,"disagree":3,"losts":0,"auto":1}
2026-08-26T11:16:45.035	ngr/loco/9950012/alert	{"level":"CLEAR","reason":"STATUS","loco":"9950012","uptime_ms":1037215,"nav":"NORMAL","moving":1,"pwm":45,"est_mm_s":9,"dir":"CW","session_dir":"CW","mdir":"FWD","rear":110,"front":115,"env":1540,"lc_mm":110,"last_confirmed_landmark":"","age_ms":666,"since":0,"dead_reckoned_mm":110,"candidate_mm":-1,"viable":[],"lostm":0,"lost_ms":0,"agree":236,"disagree":3,"losts":0,"auto":1}
2026-08-26T11:16:46.034	ngr/loco/9950012/alert	{"level":"CLEAR","reason":"STATUS","loco":"9950012","uptime_ms":1038215,"nav":"NORMAL","moving":1,"pwm":51,"est_mm_s":9,"dir":"CW","session_dir":"CW","mdir":"FWD","rear":110,"front":115,"env":1540,"lc_mm":110,"last_confirmed_landmark":"","age_ms":1666,"since":0,"dead_reckoned_mm":110,"candidate_mm":-1,"viable":[],"lostm":0,"lost_ms":0,"agree":236,"disagree":3,"losts":0,"auto":1}
2026-08-26T11:16:47.034	ngr/loco/9950012/alert	{"level":"CLEAR","reason":"STATUS","loco":"9950012","uptime_ms":1039215,"nav":"NORMAL","moving":1,"pwm":58,"est_mm_s":9,"dir":"CW","session_dir":"CW","mdir":"FWD","rear":110,"front":115,"env":1540,"lc_mm":110,"last_confirmed_landmark":"","age_ms":2666,"since":0,"dead_reckoned_mm":110,"candidate_mm":-1,"viable":[],"lostm":0,"lost_ms":0,"agree":236,"disagree":3,"losts":0,"auto":1}
2026-08-26T11:16:48.038	ngr/loco/9950012/alert	{"level":"CLEAR","reason":"STATUS","loco":"9950012","uptime_ms":1040215,"nav":"NORMAL","moving":1,"pwm":65,"est_mm_s":9,"dir":"CW","session_dir":"CW","mdir":"FWD","rear":110,"front":115,"env":1540,"lc_mm":110,"last_confirmed_landmark":"","age_ms":3666,"since":0,"dead_reckoned_mm":110,"candidate_mm":-1,"viable":[],"lostm":0,"lost_ms":0,"agree":236,"disagree":3,"losts":0,"auto":1}
2026-08-26T11:16:49.032	ngr/loco/9950012/alert	{"level":"CLEAR","reason":"STATUS","loco":"9950012","uptime_ms":1041215,"nav":"NORMAL","moving":1,"pwm":71,"est_mm_s":86,"dir":"CW","session_dir":"CW","mdir":"FWD","rear":111,"front":116,"env":1540,"lc_mm":111,"last_confirmed_landmark":"","age_ms":1190,"since":0,"dead_reckoned_mm":111,"candidate_mm":-1,"viable":[],"lostm":0,"lost_ms":0,"agree":237,"disagree":3,"losts":0,"auto":1}
2026-08-26T11:16:50.038	ngr/loco/9950012/alert	{"level":"CLEAR","reason":"STATUS","loco":"9950012","uptime_ms":1042215,"nav":"NORMAL","moving":1,"pwm":78,"est_mm_s":165,"dir":"CW","session_dir":"CW","mdir":"FWD","rear":112,"front":117,"env":1520,"lc_mm":112,"last_confirmed_landmark":"","age_ms":260,"since":0,"dead_reckoned_mm":112,"candidate_mm":-1,"viable":[],"lostm":0,"lost_ms":0,"agree":238,"disagree":3,"losts":0,"auto":1}
2026-08-26T11:16:51.041	ngr/loco/9950012/alert	{"level":"CLEAR","reason":"STATUS","loco":"9950012","uptime_ms":1043215,"nav":"NORMAL","moving":1,"pwm":85,"est_mm_s":165,"dir":"CW","session_dir":"CW","mdir":"FWD","rear":112,"front":117,"env":1520,"lc_mm":112,"last_confirmed_landmark":"","age_ms":1260,"since":0,"dead_reckoned_mm":112,"candidate_mm":-1,"viable":[],"lostm":0,"lost_ms":0,"agree":238,"disagree":3,"losts":0,"auto":1}
2026-08-26T11:16:52.032	ngr/loco/9950012/alert	{"level":"CLEAR","reason":"STATUS","loco":"9950012","uptime_ms":1044215,"nav":"NORMAL","moving":1,"pwm":90,"est_mm_s":209,"dir":"CW","session_dir":"CW","mdir":"FWD","rear":113,"front":118,"env":1500,"lc_mm":113,"last_confirmed_landmark":"","age_ms":734,"since":0,"dead_reckoned_mm":113,"candidate_mm":-1,"viable":[],"lostm":0,"lost_ms":0,"agree":239,"disagree":3,"losts":0,"auto":1}
2026-08-26T11:16:53.036	ngr/loco/9950012/alert	{"level":"CLEAR","reason":"STATUS","loco":"9950012","uptime_ms":1045215,"nav":"NORMAL","moving":1,"pwm":90,"est_mm_s":265,"dir":"CW","session_dir":"CW","mdir":"FWD","rear":114,"front":119,"env":1500,"lc_mm":114,"last_confirmed_landmark":"","age_ms":605,"since":0,"dead_reckoned_mm":114,"candidate_mm":-1,"viable":[],"lostm":0,"lost_ms":0,"agree":240,"disagree":3,"losts":0,"auto":1}
2026-08-26T11:16:54.047	ngr/loco/9950012/alert	{"level":"CLEAR","reason":"STATUS","loco":"9950012","uptime_ms":1046215,"nav":"NORMAL","moving":1,"pwm":90,"est_mm_s":272,"dir":"CW","session_dir":"CW","mdir":"FWD","rear":115,"front":120,"env":1500,"lc_mm":115,"last_confirmed_landmark":"","age_ms":504,"since":0,"dead_reckoned_mm":115,"candidate_mm":-1,"viable":[],"lostm":0,"lost_ms":0,"agree":241,"disagree":3,"losts":0,"auto":1}
2026-08-26T11:16:55.035	ngr/loco/9950012/alert	{"level":"CLEAR","reason":"STATUS","loco":"9950012","uptime_ms":1047215,"nav":"NORMAL","moving":1,"pwm":90,"est_mm_s":254,"dir":"CW","session_dir":"CW","mdir":"FWD","rear":116,"front":121,"env":1500,"lc_mm":116,"last_confirmed_landmark":"","age_ms":325,"since":0,"dead_reckoned_mm":116,"candidate_mm":-1,"viable":[],"lostm":0,"lost_ms":0,"agree":242,"disagree":3,"losts":0,"auto":1}
2026-08-26T11:16:56.035	ngr/loco/9950012/alert	{"level":"CLEAR","reason":"STATUS","loco":"9950012","uptime_ms":1048215,"nav":"NORMAL","moving":1,"pwm":90,"est_mm_s":254,"dir":"CW","session_dir":"CW","mdir":"FWD","rear":116,"front":121,"env":1500,"lc_mm":116,"last_confirmed_landmark":"","age_ms":1325,"since":0,"dead_reckoned_mm":116,"candidate_mm":-1,"viable":[],"lostm":0,"lost_ms":0,"agree":242,"disagree":3,"losts":0,"auto":1}
2026-08-26T11:16:57.033	ngr/loco/9950012/alert	{"level":"CLEAR","reason":"STATUS","loco":"9950012","uptime_ms":1049215,"nav":"NORMAL","moving":1,"pwm":90,"est_mm_s":256,"dir":"CW","session_dir":"CW","mdir":"FWD","rear":117,"front":122,"env":1500,"lc_mm":117,"last_confirmed_landmark":"","age_ms":1157,"since":0,"dead_reckoned_mm":117,"candidate_mm":-1,"viable":[],"lostm":0,"lost_ms":0,"agree":243,"disagree":3,"losts":0,"auto":1}
2026-08-26T11:16:58.036	ngr/loco/9950012/alert	{"level":"CLEAR","reason":"STATUS","loco":"9950012","uptime_ms":1050215,"nav":"NORMAL","moving":1,"pwm":90,"est_mm_s":254,"dir":"CW","session_dir":"CW","mdir":"FWD","rear":118,"front":123,"env":1500,"lc_mm":118,"last_confirmed_landmark":"","age_ms":979,"since":0,"dead_reckoned_mm":118,"candidate_mm":-1,"viable":[],"lostm":0,"lost_ms":0,"agree":244,"disagree":3,"losts":0,"auto":1}
2026-08-26T11:16:59.032	ngr/loco/9950012/alert	{"level":"CLEAR","reason":"STATUS","loco":"9950012","uptime_ms":1051215,"nav":"NORMAL","moving":1,"pwm":90,"est_mm_s":254,"dir":"CW","session_dir":"CW","mdir":"FWD","rear":119,"front":124,"env":1500,"lc_mm":119,"last_confirmed_landmark":"","age_ms":799,"since":0,"dead_reckoned_mm":119,"candidate_mm":-1,"viable":[],"lostm":0,"lost_ms":0,"agree":245,"disagree":3,"losts":0,"auto":1}
2026-08-26T11:17:00.035	ngr/loco/9950012/alert	{"level":"CLEAR","reason":"STATUS","loco":"9950012","uptime_ms":1052215,"nav":"NORMAL","moving":1,"pwm":90,"est_mm_s":279,"dir":"CW","session_dir":"CW","mdir":"FWD","rear":120,"front":125,"env":1500,"lc_mm":120,"last_confirmed_landmark":"","age_ms":724,"since":0,"dead_reckoned_mm":120,"candidate_mm":-1,"viable":[],"lostm":0,"lost_ms":0,"agree":246,"disagree":3,"losts":0,"auto":1}
2026-08-26T11:17:01.032	ngr/loco/9950012/alert	{"level":"CLEAR","reason":"STATUS","loco":"9950012","uptime_ms":1053215,"nav":"NORMAL","moving":1,"pwm":90,"est_mm_s":278,"dir":"CW","session_dir":"CW","mdir":"FWD","rear":121,"front":126,"env":1500,"lc_mm":121,"last_confirmed_landmark":"","age_ms":645,"since":0,"dead_reckoned_mm":121,"candidate_mm":-1,"viable":[],"lostm":0,"lost_ms":0,"agree":247,"disagree":3,"losts":0,"auto":1}
2026-08-26T11:17:02.035	ngr/loco/9950012/alert	{"level":"CLEAR","reason":"STATUS","loco":"9950012","uptime_ms":1054215,"nav":"NORMAL","moving":1,"pwm":90,"est_mm_s":310,"dir":"CW","session_dir":"CW","mdir":"FWD","rear":122,"front":127,"env":1480,"lc_mm":122,"last_confirmed_landmark":"","age_ms":679,"since":0,"dead_reckoned_mm":122,"candidate_mm":-1,"viable":[],"lostm":0,"lost_ms":0,"agree":248,"disagree":3,"losts":0,"auto":1}
2026-08-26T11:17:03.032	ngr/loco/9950012/alert	{"level":"CLEAR","reason":"STATUS","loco":"9950012","uptime_ms":1055215,"nav":"NORMAL","moving":1,"pwm":90,"est_mm_s":302,"dir":"CW","session_dir":"CW","mdir":"FWD","rear":123,"front":128,"env":1480,"lc_mm":123,"last_confirmed_landmark":"","age_ms":687,"since":0,"dead_reckoned_mm":123,"candidate_mm":-1,"viable":[],"lostm":0,"lost_ms":0,"agree":249,"disagree":3,"losts":0,"auto":1}
2026-08-26T11:17:04.034	ngr/loco/9950012/alert	{"level":"CLEAR","reason":"STATUS","loco":"9950012","uptime_ms":1056215,"nav":"NORMAL","moving":1,"pwm":90,"est_mm_s":300,"dir":"CW","session_dir":"CW","mdir":"FWD","rear":124,"front":129,"env":1480,"lc_mm":124,"last_confirmed_landmark":"","age_ms":688,"since":0,"dead_reckoned_mm":124,"candidate_mm":-1,"viable":[],"lostm":0,"lost_ms":0,"agree":250,"disagree":3,"losts":0,"auto":1}
2026-08-26T11:17:05.031	ngr/loco/9950012/alert	{"level":"CLEAR","reason":"STATUS","loco":"9950012","uptime_ms":1057215,"nav":"NORMAL","moving":1,"pwm":90,"est_mm_s":274,"dir":"CW","session_dir":"CW","mdir":"FWD","rear":125,"front":130,"env":1470,"lc_mm":125,"last_confirmed_landmark":"","age_ms":594,"since":0,"dead_reckoned_mm":125,"candidate_mm":-1,"viable":[],"lostm":0,"lost_ms":0,"agree":251,"disagree":3,"losts":0,"auto":1}
2026-08-26T11:17:06.035	ngr/loco/9950012/alert	{"level":"CLEAR","reason":"STATUS","loco":"9950012","uptime_ms":1058215,"nav":"NORMAL","moving":1,"pwm":90,"est_mm_s":284,"dir":"CW","session_dir":"CW","mdir":"FWD","rear":126,"front":131,"env":1470,"lc_mm":126,"last_confirmed_landmark":"","age_ms":541,"since":0,"dead_reckoned_mm":126,"candidate_mm":-1,"viable":[],"lostm":0,"lost_ms":0,"agree":252,"disagree":3,"losts":0,"auto":1}
2026-08-26T11:17:07.034	ngr/loco/9950012/alert	{"level":"CLEAR","reason":"STATUS","loco":"9950012","uptime_ms":1059215,"nav":"NORMAL","moving":1,"pwm":90,"est_mm_s":272,"dir":"CW","session_dir":"CW","mdir":"FWD","rear":127,"front":132,"env":1490,"lc_mm":127,"last_confirmed_landmark":"","age_ms":512,"since":0,"dead_reckoned_mm":127,"candidate_mm":-1,"viable":[],"lostm":0,"lost_ms":0,"agree":253,"disagree":3,"losts":0,"auto":1}
2026-08-26T11:17:08.044	ngr/loco/9950012/alert	{"level":"CLEAR","reason":"STATUS","loco":"9950012","uptime_ms":1060215,"nav":"NORMAL","moving":1,"pwm":90,"est_mm_s":237,"dir":"CW","session_dir":"CW","mdir":"FWD","rear":128,"front":133,"env":1490,"lc_mm":128,"last_confirmed_landmark":"","age_ms":248,"since":0,"dead_reckoned_mm":128,"candidate_mm":-1,"viable":[],"lostm":0,"lost_ms":0,"agree":254,"disagree":3,"losts":0,"auto":1}
2026-08-26T11:17:09.031	ngr/loco/9950012/alert	{"level":"CLEAR","reason":"STATUS","loco":"9950012","uptime_ms":1061215,"nav":"NORMAL","moving":1,"pwm":90,"est_mm_s":237,"dir":"CW","session_dir":"CW","mdir":"FWD","rear":128,"front":133,"env":1490,"lc_mm":128,"last_confirmed_landmark":"","age_ms":1248,"since":0,"dead_reckoned_mm":128,"candidate_mm":-1,"viable":[],"lostm":0,"lost_ms":0,"agree":254,"disagree":3,"losts":0,"auto":1}
2026-08-26T11:17:10.033	ngr/loco/9950012/alert	{"level":"CLEAR","reason":"STATUS","loco":"9950012","uptime_ms":1062215,"nav":"NORMAL","moving":1,"pwm":90,"est_mm_s":271,"dir":"CW","session_dir":"CW","mdir":"FWD","rear":129,"front":134,"env":1490,"lc_mm":129,"last_confirmed_landmark":"","age_ms":1143,"since":0,"dead_reckoned_mm":129,"candidate_mm":-1,"viable":[],"lostm":0,"lost_ms":0,"agree":255,"disagree":3,"losts":0,"auto":1}
2026-08-26T11:17:11.035	ngr/loco/9950012/alert	{"level":"CLEAR","reason":"STATUS","loco":"9950012","uptime_ms":1063215,"nav":"NORMAL","moving":1,"pwm":90,"est_mm_s":232,"dir":"CW","session_dir":"CW","mdir":"FWD","rear":130,"front":135,"env":1500,"lc_mm":130,"last_confirmed_landmark":"","age_ms":897,"since":0,"dead_reckoned_mm":130,"candidate_mm":-1,"viable":[],"lostm":0,"lost_ms":0,"agree":256,"disagree":3,"losts":0,"auto":1}
2026-08-26T11:17:12.035	ngr/loco/9950012/alert	{"level":"CLEAR","reason":"STATUS","loco":"9950012","uptime_ms":1064215,"nav":"NORMAL","moving":1,"pwm":90,"est_mm_s":257,"dir":"CW","session_dir":"CW","mdir":"FWD","rear":131,"front":136,"env":1500,"lc_mm":131,"last_confirmed_landmark":"","age_ms":734,"since":0,"dead_reckoned_mm":131,"candidate_mm":-1,"viable":[],"lostm":0,"lost_ms":0,"agree":257,"disagree":3,"losts":0,"auto":1}
2026-08-26T11:17:13.033	ngr/loco/9950012/alert	{"level":"CLEAR","reason":"STATUS","loco":"9950012","uptime_ms":1065215,"nav":"NORMAL","moving":1,"pwm":90,"est_mm_s":287,"dir":"CW","session_dir":"CW","mdir":"FWD","rear":132,"front":137,"env":1500,"lc_mm":132,"last_confirmed_landmark":"","age_ms":691,"since":0,"dead_reckoned_mm":132,"candidate_mm":-1,"viable":[],"lostm":0,"lost_ms":0,"agree":258,"disagree":3,"losts":0,"auto":1}
2026-08-26T11:17:14.033	ngr/loco/9950012/alert	{"level":"CLEAR","reason":"STATUS","loco":"9950012","uptime_ms":1066215,"nav":"NORMAL","moving":1,"pwm":90,"est_mm_s":295,"dir":"CW","session_dir":"CW","mdir":"FWD","rear":133,"front":138,"env":1500,"lc_mm":133,"last_confirmed_landmark":"","age_ms":676,"since":0,"dead_reckoned_mm":133,"candidate_mm":-1,"viable":[],"lostm":0,"lost_ms":0,"agree":259,"disagree":3,"losts":0,"auto":1}
2026-08-26T11:17:15.031	ngr/loco/9950012/alert	{"level":"CLEAR","reason":"STATUS","loco":"9950012","uptime_ms":1067215,"nav":"NORMAL","moving":1,"pwm":90,"est_mm_s":296,"dir":"CW","session_dir":"CW","mdir":"FWD","rear":134,"front":139,"env":1500,"lc_mm":134,"last_confirmed_landmark":"","age_ms":663,"since":0,"dead_reckoned_mm":134,"candidate_mm":-1,"viable":[],"lostm":0,"lost_ms":0,"agree":260,"disagree":3,"losts":0,"auto":1}
2026-08-26T11:17:16.036	ngr/loco/9950012/alert	{"level":"CLEAR","reason":"STATUS","loco":"9950012","uptime_ms":1068215,"nav":"NORMAL","moving":1,"pwm":90,"est_mm_s":290,"dir":"CW","session_dir":"CW","mdir":"FWD","rear":135,"front":140,"env":1500,"lc_mm":135,"last_confirmed_landmark":"","age_ms":629,"since":0,"dead_reckoned_mm":135,"candidate_mm":-1,"viable":[],"lostm":0,"lost_ms":0,"agree":261,"disagree":3,"losts":0,"auto":1}
2026-08-26T11:17:17.036	ngr/loco/9950012/alert	{"level":"CLEAR","reason":"STATUS","loco":"9950012","uptime_ms":1069215,"nav":"NORMAL","moving":1,"pwm":90,"est_mm_s":290,"dir":"CW","session_dir":"CW","mdir":"FWD","rear":136,"front":141,"env":1500,"lc_mm":136,"last_confirmed_landmark":"","age_ms":596,"since":0,"dead_reckoned_mm":136,"candidate_mm":-1,"viable":[],"lostm":0,"lost_ms":0,"agree":262,"disagree":3,"losts":0,"auto":1}
2026-08-26T11:17:18.043	ngr/loco/9950012/alert	{"level":"CLEAR","reason":"STATUS","loco":"9950012","uptime_ms":1070215,"nav":"NORMAL","moving":1,"pwm":90,"est_mm_s":287,"dir":"CW","session_dir":"CW","mdir":"FWD","rear":137,"front":142,"env":1500,"lc_mm":137,"last_confirmed_landmark":"","age_ms":554,"since":0,"dead_reckoned_mm":137,"candidate_mm":-1,"viable":[],"lostm":0,"lost_ms":0,"agree":263,"disagree":3,"losts":0,"auto":1}
2026-08-26T11:17:19.035	ngr/loco/9950012/alert	{"level":"CLEAR","reason":"STATUS","loco":"9950012","uptime_ms":1071215,"nav":"NORMAL","moving":1,"pwm":90,"est_mm_s":271,"dir":"CW","session_dir":"CW","mdir":"FWD","rear":138,"front":143,"env":1500,"lc_mm":138,"last_confirmed_landmark":"","age_ms":448,"since":0,"dead_reckoned_mm":138,"candidate_mm":-1,"viable":[],"lostm":0,"lost_ms":0,"agree":264,"disagree":3,"losts":0,"auto":1}
2026-08-26T11:17:20.033	ngr/loco/9950012/alert	{"level":"CLEAR","reason":"STATUS","loco":"9950012","uptime_ms":1072215,"nav":"NORMAL","moving":1,"pwm":90,"est_mm_s":264,"dir":"CW","session_dir":"CW","mdir":"FWD","rear":139,"front":144,"env":1500,"lc_mm":139,"last_confirmed_landmark":"","age_ms":313,"since":0,"dead_reckoned_mm":139,"candidate_mm":-1,"viable":[],"lostm":0,"lost_ms":0,"agree":265,"disagree":3,"losts":0,"auto":1}
2026-08-26T11:17:21.035	ngr/loco/9950012/alert	{"level":"CLEAR","reason":"STATUS","loco":"9950012","uptime_ms":1073215,"nav":"NORMAL","moving":1,"pwm":90,"est_mm_s":280,"dir":"CW","session_dir":"CW","mdir":"FWD","rear":140,"front":145,"env":1505,"lc_mm":140,"last_confirmed_landmark":"Eastpoint","age_ms":245,"since":0,"dead_reckoned_mm":140,"candidate_mm":-1,"viable":[],"lostm":0,"lost_ms":0,"agree":266,"disagree":3,"losts":0,"auto":1}
2026-08-26T11:17:22.057	ngr/loco/9950012/alert	{"level":"CLEAR","reason":"STATUS","loco":"9950012","uptime_ms":1074223,"nav":"NORMAL","moving":1,"pwm":90,"est_mm_s":278,"dir":"CW","session_dir":"CW","mdir":"FWD","rear":141,"front":146,"env":1505,"lc_mm":141,"last_confirmed_landmark":"","age_ms":174,"since":0,"dead_reckoned_mm":141,"candidate_mm":-1,"viable":[],"lostm":0,"lost_ms":0,"agree":267,"disagree":3,"losts":0,"auto":1}
2026-08-26T11:17:23.043	ngr/loco/9950012/alert	{"level":"CLEAR","reason":"STATUS","loco":"9950012","uptime_ms":1075223,"nav":"NORMAL","moving":1,"pwm":90,"est_mm_s":278,"dir":"CW","session_dir":"CW","mdir":"FWD","rear":141,"front":146,"env":1505,"lc_mm":141,"last_confirmed_landmark":"","age_ms":1174,"since":0,"dead_reckoned_mm":141,"candidate_mm":-1,"viable":[],"lostm":0,"lost_ms":0,"agree":267,"disagree":3,"losts":0,"auto":1}
2026-08-26T11:17:24.040	ngr/loco/9950012/alert	{"level":"CLEAR","reason":"STATUS","loco":"9950012","uptime_ms":1076223,"nav":"NORMAL","moving":1,"pwm":90,"est_mm_s":276,"dir":"CW","session_dir":"CW","mdir":"FWD","rear":142,"front":147,"env":1510,"lc_mm":142,"last_confirmed_landmark":"","age_ms":1090,"since":0,"dead_reckoned_mm":142,"candidate_mm":-1,"viable":[],"lostm":0,"lost_ms":0,"agree":268,"disagree":3,"losts":0,"auto":1}
2026-08-26T11:17:25.046	ngr/loco/9950012/alert	{"level":"CLEAR","reason":"STATUS","loco":"9950012","uptime_ms":1077223,"nav":"NORMAL","moving":1,"pwm":90,"est_mm_s":271,"dir":"CW","session_dir":"CW","mdir":"FWD","rear":143,"front":148,"env":1510,"lc_mm":143,"last_confirmed_landmark":"","age_ms":985,"since":0,"dead_reckoned_mm":143,"candidate_mm":-1,"viable":[],"lostm":0,"lost_ms":0,"agree":269,"disagree":3,"losts":0,"auto":1}
2026-08-26T11:17:26.070	ngr/loco/9950012/alert	{"level":"CLEAR","reason":"STATUS","loco":"9950012","uptime_ms":1078223,"nav":"NORMAL","moving":1,"pwm":90,"est_mm_s":252,"dir":"CW","session_dir":"CW","mdir":"FWD","rear":144,"front":149,"env":1505,"lc_mm":144,"last_confirmed_landmark":"","age_ms":797,"since":0,"dead_reckoned_mm":144,"candidate_mm":-1,"viable":[],"lostm":0,"lost_ms":0,"agree":270,"disagree":3,"losts":0,"auto":1}
2026-08-26T11:17:27.045	ngr/loco/9950012/alert	{"level":"CLEAR","reason":"STATUS","loco":"9950012","uptime_ms":1079223,"nav":"NORMAL","moving":1,"pwm":90,"est_mm_s":241,"dir":"CW","session_dir":"CW","mdir":"FWD","rear":145,"front":150,"env":1500,"lc_mm":145,"last_confirmed_landmark":"","age_ms":532,"since":0,"dead_reckoned_mm":145,"candidate_mm":-1,"viable":[],"lostm":0,"lost_ms":0,"agree":271,"disagree":3,"losts":0,"auto":1}
2026-08-26T11:17:28.039	ngr/loco/9950012/alert	{"level":"CLEAR","reason":"STATUS","loco":"9950012","uptime_ms":1080223,"nav":"NORMAL","moving":1,"pwm":90,"est_mm_s":249,"dir":"CW","session_dir":"CW","mdir":"FWD","rear":146,"front":151,"env":1500,"lc_mm":146,"last_confirmed_landmark":"","age_ms":329,"since":0,"dead_reckoned_mm":146,"candidate_mm":-1,"viable":[],"lostm":0,"lost_ms":0,"agree":272,"disagree":3,"losts":0,"auto":1}
2026-08-26T11:17:29.048	ngr/loco/9950012/alert	{"level":"CLEAR","reason":"STATUS","loco":"9950012","uptime_ms":1081223,"nav":"NORMAL","moving":1,"pwm":90,"est_mm_s":249,"dir":"CW","session_dir":"CW","mdir":"FWD","rear":146,"front":151,"env":1500,"lc_mm":146,"last_confirmed_landmark":"","age_ms":1329,"since":0,"dead_reckoned_mm":146,"candidate_mm":-1,"viable":[],"lostm":0,"lost_ms":0,"agree":272,"disagree":3,"losts":0,"auto":1}
2026-08-26T11:17:30.040	ngr/loco/9950012/alert	{"level":"CLEAR","reason":"STATUS","loco":"9950012","uptime_ms":1082223,"nav":"NORMAL","moving":1,"pwm":86,"est_mm_s":255,"dir":"CW","session_dir":"CW","mdir":"FWD","rear":147,"front":152,"env":1495,"lc_mm":147,"last_confirmed_landmark":"","age_ms":1133,"since":0,"dead_reckoned_mm":147,"candidate_mm":-1,"viable":[],"lostm":0,"lost_ms":0,"agree":273,"disagree":3,"losts":0,"auto":1}
2026-08-26T11:17:31.043	ngr/loco/9950012/alert	{"level":"CLEAR","reason":"STATUS","loco":"9950012","uptime_ms":1083223,"nav":"NORMAL","moving":1,"pwm":80,"est_mm_s":246,"dir":"CW","session_dir":"CW","mdir":"FWD","rear":148,"front":153,"env":1500,"lc_mm":148,"last_confirmed_landmark":"","age_ms":916,"since":0,"dead_reckoned_mm":148,"candidate_mm":-1,"viable":[],"lostm":0,"lost_ms":0,"agree":274,"disagree":3,"losts":0,"auto":1}
2026-08-26T11:17:32.039	ngr/loco/9950012/alert	{"level":"CLEAR","reason":"STATUS","loco":"9950012","uptime_ms":1084223,"nav":"NORMAL","moving":1,"pwm":75,"est_mm_s":244,"dir":"CW","session_dir":"CW","mdir":"FWD","rear":149,"front":154,"env":1505,"lc_mm":149,"last_confirmed_landmark":"","age_ms":707,"since":0,"dead_reckoned_mm":149,"candidate_mm":-1,"viable":[],"lostm":0,"lost_ms":0,"agree":275,"disagree":3,"losts":0,"auto":1}
2026-08-26T11:17:33.042	ngr/loco/9950012/alert	{"level":"CLEAR","reason":"STATUS","loco":"9950012","uptime_ms":1085223,"nav":"NORMAL","moving":1,"pwm":71,"est_mm_s":224,"dir":"CW","session_dir":"CW","mdir":"FWD","rear":150,"front":155,"env":1505,"lc_mm":150,"last_confirmed_landmark":"","age_ms":370,"since":0,"dead_reckoned_mm":150,"candidate_mm":-1,"viable":[],"lostm":0,"lost_ms":0,"agree":276,"disagree":3,"losts":0,"auto":1}
2026-08-26T11:17:34.042	ngr/loco/9950012/alert	{"level":"CLEAR","reason":"STATUS","loco":"9950012","uptime_ms":1086223,"nav":"NORMAL","moving":1,"pwm":67,"est_mm_s":224,"dir":"CW","session_dir":"CW","mdir":"FWD","rear":150,"front":155,"env":1505,"lc_mm":150,"last_confirmed_landmark":"","age_ms":1370,"since":0,"dead_reckoned_mm":150,"candidate_mm":-1,"viable":[],"lostm":0,"lost_ms":0,"agree":276,"disagree":3,"losts":0,"auto":1}
2026-08-26T11:17:35.043	ngr/loco/9950012/alert	{"level":"CLEAR","reason":"STATUS","loco":"9950012","uptime_ms":1087223,"nav":"NORMAL","moving":1,"pwm":63,"est_mm_s":190,"dir":"CW","session_dir":"CW","mdir":"FWD","rear":151,"front":156,"env":1510,"lc_mm":151,"last_confirmed_landmark":"","age_ms":796,"since":0,"dead_reckoned_mm":151,"candidate_mm":-1,"viable":[],"lostm":0,"lost_ms":0,"agree":277,"disagree":3,"losts":0,"auto":1}
2026-08-26T11:17:36.043	ngr/loco/9950012/alert	{"level":"CLEAR","reason":"STATUS","loco":"9950012","uptime_ms":1088223,"nav":"NORMAL","moving":1,"pwm":61,"est_mm_s":190,"dir":"CW","session_dir":"CW","mdir":"FWD","rear":151,"front":156,"env":1510,"lc_mm":151,"last_confirmed_landmark":"","age_ms":1796,"since":0,"dead_reckoned_mm":151,"candidate_mm":-1,"viable":[],"lostm":0,"lost_ms":0,"agree":277,"disagree":3,"losts":0,"auto":1}
2026-08-26T11:17:37.044	ngr/loco/9950012/alert	{"level":"CLEAR","reason":"STATUS","loco":"9950012","uptime_ms":1089223,"nav":"NORMAL","moving":1,"pwm":60,"est_mm_s":154,"dir":"CW","session_dir":"CW","mdir":"FWD","rear":152,"front":157,"env":1530,"lc_mm":152,"last_confirmed_landmark":"","age_ms":849,"since":0,"dead_reckoned_mm":152,"candidate_mm":-1,"viable":[],"lostm":0,"lost_ms":0,"agree":278,"disagree":3,"losts":0,"auto":1}
2026-08-26T11:17:38.046	ngr/loco/9950012/alert	{"level":"CLEAR","reason":"STATUS","loco":"9950012","uptime_ms":1090223,"nav":"NORMAL","moving":1,"pwm":60,"est_mm_s":154,"dir":"CW","session_dir":"CW","mdir":"FWD","rear":152,"front":157,"env":1530,"lc_mm":152,"last_confirmed_landmark":"","age_ms":1849,"since":0,"dead_reckoned_mm":152,"candidate_mm":-1,"viable":[],"lostm":0,"lost_ms":0,"agree":278,"disagree":3,"losts":0,"auto":1}
2026-08-26T11:17:39.052	ngr/loco/9950012/alert	{"level":"CLEAR","reason":"STATUS","loco":"9950012","uptime_ms":1091223,"nav":"NORMAL","moving":1,"pwm":60,"est_mm_s":174,"dir":"CW","session_dir":"CW","mdir":"FWD","rear":153,"front":158,"env":1515,"lc_mm":153,"last_confirmed_landmark":"","age_ms":1098,"since":0,"dead_reckoned_mm":153,"candidate_mm":-1,"viable":[],"lostm":0,"lost_ms":0,"agree":279,"disagree":3,"losts":0,"auto":1}
2026-08-26T11:17:40.041	ngr/loco/9950012/alert	{"level":"CLEAR","reason":"STATUS","loco":"9950012","uptime_ms":1092223,"nav":"NORMAL","moving":1,"pwm":60,"est_mm_s":174,"dir":"CW","session_dir":"CW","mdir":"FWD","rear":153,"front":158,"env":1515,"lc_mm":153,"last_confirmed_landmark":"","age_ms":2098,"since":0,"dead_reckoned_mm":153,"candidate_mm":-1,"viable":[],"lostm":0,"lost_ms":0,"agree":279,"disagree":3,"losts":0,"auto":1}
2026-08-26T11:17:41.049	ngr/loco/9950012/alert	{"level":"CLEAR","reason":"STATUS","loco":"9950012","uptime_ms":1093223,"nav":"NORMAL","moving":1,"pwm":60,"est_mm_s":159,"dir":"CW","session_dir":"CW","mdir":"FWD","rear":154,"front":159,"env":1535,"lc_mm":154,"last_confirmed_landmark":"","age_ms":1212,"since":0,"dead_reckoned_mm":154,"candidate_mm":-1,"viable":[],"lostm":0,"lost_ms":0,"agree":280,"disagree":3,"losts":0,"auto":1}
2026-08-26T11:17:42.040	ngr/loco/9950012/alert	{"level":"CLEAR","reason":"STATUS","loco":"9950012","uptime_ms":1094223,"nav":"NORMAL","moving":1,"pwm":60,"est_mm_s":159,"dir":"CW","session_dir":"CW","mdir":"FWD","rear":154,"front":159,"env":1535,"lc_mm":154,"last_confirmed_landmark":"","age_ms":2212,"since":0,"dead_reckoned_mm":154,"candidate_mm":-1,"viable":[],"lostm":0,"lost_ms":0,"agree":280,"disagree":3,"losts":0,"auto":1}
2026-08-26T11:17:43.044	ngr/loco/9950012/alert	{"level":"CLEAR","reason":"STATUS","loco":"9950012","uptime_ms":1095223,"nav":"NORMAL","moving":1,"pwm":60,"est_mm_s":151,"dir":"CW","session_dir":"CW","mdir":"FWD","rear":155,"front":160,"env":1535,"lc_mm":155,"last_confirmed_landmark":"","age_ms":1234,"since":0,"dead_reckoned_mm":155,"candidate_mm":-1,"viable":[],"lostm":0,"lost_ms":0,"agree":281,"disagree":3,"losts":0,"auto":1}
2026-08-26T11:17:44.052	ngr/loco/9950012/alert	{"level":"CLEAR","reason":"STATUS","loco":"9950012","uptime_ms":1096223,"nav":"NORMAL","moving":1,"pwm":60,"est_mm_s":151,"dir":"CW","session_dir":"CW","mdir":"FWD","rear":155,"front":160,"env":1535,"lc_mm":155,"last_confirmed_landmark":"","age_ms":2234,"since":0,"dead_reckoned_mm":155,"candidate_mm":-1,"viable":[],"lostm":0,"lost_ms":0,"agree":281,"disagree":3,"losts":0,"auto":1}
2026-08-26T11:17:45.043	ngr/loco/9950012/alert	{"level":"CLEAR","reason":"STATUS","loco":"9950012","uptime_ms":1097223,"nav":"NORMAL","moving":1,"pwm":60,"est_mm_s":139,"dir":"CW","session_dir":"CW","mdir":"FWD","rear":156,"front":161,"env":1530,"lc_mm":156,"last_confirmed_landmark":"","age_ms":1043,"since":0,"dead_reckoned_mm":156,"candidate_mm":-1,"viable":[],"lostm":0,"lost_ms":0,"agree":282,"disagree":3,"losts":0,"auto":1}
2026-08-26T11:17:46.041	ngr/loco/9950012/alert	{"level":"CLEAR","reason":"STATUS","loco":"9950012","uptime_ms":1098223,"nav":"NORMAL","moving":1,"pwm":60,"est_mm_s":139,"dir":"CW","session_dir":"CW","mdir":"FWD","rear":156,"front":161,"env":1530,"lc_mm":156,"last_confirmed_landmark":"","age_ms":2043,"since":0,"dead_reckoned_mm":156,"candidate_mm":-1,"viable":[],"lostm":0,"lost_ms":0,"agree":282,"disagree":3,"losts":0,"auto":1}
2026-08-26T11:17:47.043	ngr/loco/9950012/alert	{"level":"CLEAR","reason":"STATUS","loco":"9950012","uptime_ms":1099223,"nav":"NORMAL","moving":1,"pwm":60,"est_mm_s":125,"dir":"CW","session_dir":"CW","mdir":"FWD","rear":157,"front":162,"env":1515,"lc_mm":157,"last_confirmed_landmark":"Bamboo","age_ms":492,"since":0,"dead_reckoned_mm":157,"candidate_mm":-1,"viable":[],"lostm":0,"lost_ms":0,"agree":283,"disagree":3,"losts":0,"auto":1}
2026-08-26T11:17:48.056	ngr/loco/9950012/alert	{"level":"CLEAR","reason":"STATUS","loco":"9950012","uptime_ms":1100223,"nav":"NORMAL","moving":1,"pwm":55,"est_mm_s":125,"dir":"CW","session_dir":"CW","mdir":"FWD","rear":157,"front":162,"env":1515,"lc_mm":157,"last_confirmed_landmark":"Bamboo","age_ms":1492,"since":0,"dead_reckoned_mm":157,"candidate_mm":-1,"viable":[],"lostm":0,"lost_ms":0,"agree":283,"disagree":3,"losts":0,"auto":1}
2026-08-26T11:17:49.046	ngr/loco/9950012/alert	{"level":"CLEAR","reason":"STATUS","loco":"9950012","uptime_ms":1101223,"nav":"NORMAL","moving":1,"pwm":50,"est_mm_s":141,"dir":"CW","session_dir":"CW","mdir":"FWD","rear":158,"front":163,"env":1555,"lc_mm":158,"last_confirmed_landmark":"","age_ms":444,"since":0,"dead_reckoned_mm":158,"candidate_mm":-1,"viable":[],"lostm":0,"lost_ms":0,"agree":284,"disagree":3,"losts":0,"auto":1}
2026-08-26T11:17:50.043	ngr/loco/9950012/alert	{"level":"CLEAR","reason":"STATUS","loco":"9950012","uptime_ms":1102223,"nav":"NORMAL","moving":1,"pwm":45,"est_mm_s":141,"dir":"CW","session_dir":"CW","mdir":"FWD","rear":158,"front":163,"env":1555,"lc_mm":158,"last_confirmed_landmark":"","age_ms":1444,"since":0,"dead_reckoned_mm":158,"candidate_mm":-1,"viable":[],"lostm":0,"lost_ms":0,"agree":284,"disagree":3,"losts":0,"auto":1}
2026-08-26T11:17:51.043	ngr/loco/9950012/alert	{"level":"CLEAR","reason":"STATUS","loco":"9950012","uptime_ms":1103223,"nav":"NORMAL","moving":1,"pwm":40,"est_mm_s":141,"dir":"CW","session_dir":"CW","mdir":"FWD","rear":158,"front":163,"env":1555,"lc_mm":158,"last_confirmed_landmark":"","age_ms":2444,"since":0,"dead_reckoned_mm":158,"candidate_mm":-1,"viable":[],"lostm":0,"lost_ms":0,"agree":284,"disagree":3,"losts":0,"auto":1}
2026-08-26T11:17:52.042	ngr/loco/9950012/alert	{"level":"CLEAR","reason":"STATUS","loco":"9950012","uptime_ms":1104223,"nav":"NORMAL","moving":1,"pwm":35,"est_mm_s":109,"dir":"CW","session_dir":"CW","mdir":"FWD","rear":159,"front":164,"env":1565,"lc_mm":159,"last_confirmed_landmark":"","age_ms":533,"since":0,"dead_reckoned_mm":159,"candidate_mm":-1,"viable":[],"lostm":0,"lost_ms":0,"agree":285,"disagree":3,"losts":0,"auto":1}
2026-08-26T11:17:53.042	ngr/loco/9950012/alert	{"level":"CLEAR","reason":"STATUS","loco":"9950012","uptime_ms":1105223,"nav":"NORMAL","moving":1,"pwm":30,"est_mm_s":109,"dir":"CW","session_dir":"CW","mdir":"FWD","rear":159,"front":164,"env":1565,"lc_mm":159,"last_confirmed_landmark":"","age_ms":1533,"since":0,"dead_reckoned_mm":159,"candidate_mm":-1,"viable":[],"lostm":0,"lost_ms":0,"agree":285,"disagree":3,"losts":0,"auto":1}
2026-08-26T11:17:54.048	ngr/loco/9950012/alert	{"level":"CLEAR","reason":"STATUS","loco":"9950012","uptime_ms":1106223,"nav":"NORMAL","moving":1,"pwm":25,"est_mm_s":109,"dir":"CW","session_dir":"CW","mdir":"FWD","rear":159,"front":164,"env":1565,"lc_mm":159,"last_confirmed_landmark":"","age_ms":2533,"since":0,"dead_reckoned_mm":159,"candidate_mm":-1,"viable":[],"lostm":0,"lost_ms":0,"agree":285,"disagree":3,"losts":0,"auto":1}
2026-08-26T11:17:55.047	ngr/loco/9950012/alert	{"level":"CLEAR","reason":"STATUS","loco":"9950012","uptime_ms":1107223,"nav":"NORMAL","moving":1,"pwm":20,"est_mm_s":109,"dir":"CW","session_dir":"CW","mdir":"FWD","rear":159,"front":164,"env":1565,"lc_mm":159,"last_confirmed_landmark":"","age_ms":3533,"since":0,"dead_reckoned_mm":159,"candidate_mm":-1,"viable":[],"lostm":0,"lost_ms":0,"agree":285,"disagree":3,"losts":0,"auto":1}
2026-08-26T11:17:56.047	ngr/loco/9950012/alert	{"level":"CLEAR","reason":"STATUS","loco":"9950012","uptime_ms":1108223,"nav":"NORMAL","moving":1,"pwm":15,"est_mm_s":109,"dir":"CW","session_dir":"CW","mdir":"FWD","rear":159,"front":164,"env":1565,"lc_mm":159,"last_confirmed_landmark":"","age_ms":4533,"since":0,"dead_reckoned_mm":159,"candidate_mm":-1,"viable":[],"lostm":0,"lost_ms":0,"agree":285,"disagree":3,"losts":0,"auto":1}
2026-08-26T11:17:57.043	ngr/loco/9950012/alert	{"level":"CLEAR","reason":"STATUS","loco":"9950012","uptime_ms":1109223,"nav":"NORMAL","moving":1,"pwm":10,"est_mm_s":109,"dir":"CW","session_dir":"CW","mdir":"FWD","rear":159,"front":164,"env":1565,"lc_mm":159,"last_confirmed_landmark":"","age_ms":5533,"since":0,"dead_reckoned_mm":159,"candidate_mm":-1,"viable":[],"lostm":0,"lost_ms":0,"agree":285,"disagree":3,"losts":0,"auto":1}
2026-08-26T11:17:58.044	ngr/loco/9950012/alert	{"level":"CLEAR","reason":"STATUS","loco":"9950012","uptime_ms":1110223,"nav":"NORMAL","moving":1,"pwm":5,"est_mm_s":109,"dir":"CW","session_dir":"CW","mdir":"FWD","rear":159,"front":164,"env":1565,"lc_mm":159,"last_confirmed_landmark":"","age_ms":6533,"since":0,"dead_reckoned_mm":159,"candidate_mm":-1,"viable":[],"lostm":0,"lost_ms":0,"agree":285,"disagree":3,"losts":0,"auto":1}
2026-08-26T11:17:59.046	ngr/loco/9950012/alert	{"level":"CLEAR","reason":"STATUS","loco":"9950012","uptime_ms":1111223,"nav":"NORMAL","moving":0,"pwm":0,"est_mm_s":109,"dir":"CW","session_dir":"CW","mdir":"FWD","rear":159,"front":164,"env":1565,"lc_mm":159,"last_confirmed_landmark":"","age_ms":7533,"since":0,"dead_reckoned_mm":159,"candidate_mm":-1,"viable":[],"lostm":0,"lost_ms":0,"agree":285,"disagree":3,"losts":0,"auto":1}
2026-08-26T11:18:00.042	ngr/loco/9950012/alert	{"level":"CLEAR","reason":"STATUS","loco":"9950012","uptime_ms":1112223,"nav":"NORMAL","moving":0,"pwm":0,"est_mm_s":109,"dir":"CW","session_dir":"CW","mdir":"FWD","rear":159,"front":164,"env":1565,"lc_mm":159,"last_confirmed_landmark":"","age_ms":8533,"since":0,"dead_reckoned_mm":159,"candidate_mm":-1,"viable":[],"lostm":0,"lost_ms":0,"agree":285,"disagree":3,"losts":0,"auto":1}
2026-08-26T11:18:01.047	ngr/loco/9950012/alert	{"level":"CLEAR","reason":"STATUS","loco":"9950012","uptime_ms":1113223,"nav":"NORMAL","moving":0,"pwm":0,"est_mm_s":109,"dir":"CW","session_dir":"CW","mdir":"FWD","rear":159,"front":164,"env":1565,"lc_mm":159,"last_confirmed_landmark":"","age_ms":9533,"since":0,"dead_reckoned_mm":159,"candidate_mm":-1,"viable":[],"lostm":0,"lost_ms":0,"agree":285,"disagree":3,"losts":0,"auto":1}
2026-08-26T11:18:02.043	ngr/loco/9950012/alert	{"level":"CLEAR","reason":"STATUS","loco":"9950012","uptime_ms":1114223,"nav":"NORMAL","moving":0,"pwm":0,"est_mm_s":109,"dir":"CW","session_dir":"CW","mdir":"FWD","rear":159,"front":164,"env":1565,"lc_mm":159,"last_confirmed_landmark":"","age_ms":10533,"since":0,"dead_reckoned_mm":159,"candidate_mm":-1,"viable":[],"lostm":0,"lost_ms":0,"agree":285,"disagree":3,"losts":0,"auto":1}
2026-08-26T11:18:03.048	ngr/loco/9950012/alert	{"level":"CLEAR","reason":"STATUS","loco":"9950012","uptime_ms":1115223,"nav":"NORMAL","moving":0,"pwm":0,"est_mm_s":109,"dir":"CW","session_dir":"CW","mdir":"FWD","rear":159,"front":164,"env":1565,"lc_mm":159,"last_confirmed_landmark":"","age_ms":11533,"since":0,"dead_reckoned_mm":159,"candidate_mm":-1,"viable":[],"lostm":0,"lost_ms":0,"agree":285,"disagree":3,"losts":0,"auto":1}
2026-08-26T11:18:04.041	ngr/loco/9950012/alert	{"level":"CLEAR","reason":"STATUS","loco":"9950012","uptime_ms":1116223,"nav":"NORMAL","moving":0,"pwm":0,"est_mm_s":109,"dir":"CW","session_dir":"CW","mdir":"FWD","rear":159,"front":164,"env":1565,"lc_mm":159,"last_confirmed_landmark":"","age_ms":12533,"since":0,"dead_reckoned_mm":159,"candidate_mm":-1,"viable":[],"lostm":0,"lost_ms":0,"agree":285,"disagree":3,"losts":0,"auto":1}
2026-08-26T11:18:05.046	ngr/loco/9950012/alert	{"level":"CLEAR","reason":"STATUS","loco":"9950012","uptime_ms":1117223,"nav":"NORMAL","moving":0,"pwm":0,"est_mm_s":109,"dir":"CW","session_dir":"CW","mdir":"FWD","rear":159,"front":164,"env":1565,"lc_mm":159,"last_confirmed_landmark":"","age_ms":13533,"since":0,"dead_reckoned_mm":159,"candidate_mm":-1,"viable":[],"lostm":0,"lost_ms":0,"agree":285,"disagree":3,"losts":0,"auto":1}
2026-08-26T11:18:06.047	ngr/loco/9950012/alert	{"level":"CLEAR","reason":"STATUS","loco":"9950012","uptime_ms":1118223,"nav":"NORMAL","moving":0,"pwm":0,"est_mm_s":109,"dir":"CW","session_dir":"CW","mdir":"FWD","rear":159,"front":164,"env":1565,"lc_mm":159,"last_confirmed_landmark":"","age_ms":14533,"since":0,"dead_reckoned_mm":159,"candidate_mm":-1,"viable":[],"lostm":0,"lost_ms":0,"agree":285,"disagree":3,"losts":0,"auto":1}
2026-08-26T11:18:07.044	ngr/loco/9950012/alert	{"level":"CLEAR","reason":"STATUS","loco":"9950012","uptime_ms":1119223,"nav":"NORMAL","moving":0,"pwm":0,"est_mm_s":109,"dir":"CW","session_dir":"CW","mdir":"FWD","rear":159,"front":164,"env":1565,"lc_mm":159,"last_confirmed_landmark":"","age_ms":15533,"since":0,"dead_reckoned_mm":159,"candidate_mm":-1,"viable":[],"lostm":0,"lost_ms":0,"agree":285,"disagree":3,"losts":0,"auto":1}
2026-08-26T11:18:08.050	ngr/loco/9950012/alert	{"level":"CLEAR","reason":"STATUS","loco":"9950012","uptime_ms":1120223,"nav":"NORMAL","moving":0,"pwm":0,"est_mm_s":109,"dir":"CW","session_dir":"CW","mdir":"FWD","rear":159,"front":164,"env":1565,"lc_mm":159,"last_confirmed_landmark":"","age_ms":16533,"since":0,"dead_reckoned_mm":159,"candidate_mm":-1,"viable":[],"lostm":0,"lost_ms":0,"agree":285,"disagree":3,"losts":0,"auto":1}
2026-08-26T11:18:09.042	ngr/loco/9950012/alert	{"level":"CLEAR","reason":"STATUS","loco":"9950012","uptime_ms":1121223,"nav":"NORMAL","moving":0,"pwm":0,"est_mm_s":109,"dir":"CW","session_dir":"CW","mdir":"FWD","rear":159,"front":164,"env":1565,"lc_mm":159,"last_confirmed_landmark":"","age_ms":17533,"since":0,"dead_reckoned_mm":159,"candidate_mm":-1,"viable":[],"lostm":0,"lost_ms":0,"agree":285,"disagree":3,"losts":0,"auto":1}
2026-08-26T11:18:10.048	ngr/loco/9950012/alert	{"level":"CLEAR","reason":"STATUS","loco":"9950012","uptime_ms":1122223,"nav":"NORMAL","moving":0,"pwm":0,"est_mm_s":109,"dir":"CW","session_dir":"CW","mdir":"FWD","rear":159,"front":164,"env":1565,"lc_mm":159,"last_confirmed_landmark":"","age_ms":18533,"since":0,"dead_reckoned_mm":159,"candidate_mm":-1,"viable":[],"lostm":0,"lost_ms":0,"agree":285,"disagree":3,"losts":0,"auto":1}
2026-08-26T11:18:11.043	ngr/loco/9950012/alert	{"level":"CLEAR","reason":"STATUS","loco":"9950012","uptime_ms":1123223,"nav":"NORMAL","moving":0,"pwm":0,"est_mm_s":109,"dir":"CW","session_dir":"CW","mdir":"FWD","rear":159,"front":164,"env":1565,"lc_mm":159,"last_confirmed_landmark":"","age_ms":19533,"since":0,"dead_reckoned_mm":159,"candidate_mm":-1,"viable":[],"lostm":0,"lost_ms":0,"agree":285,"disagree":3,"losts":0,"auto":1}
2026-08-26T11:18:12.043	ngr/loco/9950012/alert	{"level":"CLEAR","reason":"STATUS","loco":"9950012","uptime_ms":1124223,"nav":"NORMAL","moving":0,"pwm":0,"est_mm_s":109,"dir":"CW","session_dir":"CW","mdir":"FWD","rear":159,"front":164,"env":1565,"lc_mm":159,"last_confirmed_landmark":"","age_ms":20533,"since":0,"dead_reckoned_mm":159,"candidate_mm":-1,"viable":[],"lostm":0,"lost_ms":0,"agree":285,"disagree":3,"losts":0,"auto":1}
2026-08-26T11:18:13.041	ngr/loco/9950012/alert	{"level":"CLEAR","reason":"STATUS","loco":"9950012","uptime_ms":1125223,"nav":"NORMAL","moving":0,"pwm":0,"est_mm_s":109,"dir":"CW","session_dir":"CW","mdir":"FWD","rear":159,"front":164,"env":1565,"lc_mm":159,"last_confirmed_landmark":"","age_ms":21533,"since":0,"dead_reckoned_mm":159,"candidate_mm":-1,"viable":[],"lostm":0,"lost_ms":0,"agree":285,"disagree":3,"losts":0,"auto":1}
2026-08-26T11:18:14.045	ngr/loco/9950012/alert	{"level":"CLEAR","reason":"STATUS","loco":"9950012","uptime_ms":1126223,"nav":"NORMAL","moving":1,"pwm":2,"est_mm_s":109,"dir":"CW","session_dir":"CW","mdir":"FWD","rear":159,"front":164,"env":1565,"lc_mm":159,"last_confirmed_landmark":"","age_ms":22533,"since":0,"dead_reckoned_mm":159,"candidate_mm":-1,"viable":[],"lostm":0,"lost_ms":0,"agree":285,"disagree":3,"losts":0,"auto":1}
2026-08-26T11:18:15.042	ngr/loco/9950012/alert	{"level":"CLEAR","reason":"STATUS","loco":"9950012","uptime_ms":1127223,"nav":"NORMAL","moving":1,"pwm":8,"est_mm_s":109,"dir":"CW","session_dir":"CW","mdir":"FWD","rear":159,"front":164,"env":1565,"lc_mm":159,"last_confirmed_landmark":"","age_ms":23533,"since":0,"dead_reckoned_mm":159,"candidate_mm":-1,"viable":[],"lostm":0,"lost_ms":0,"agree":285,"disagree":3,"losts":0,"auto":1}
2026-08-26T11:18:16.041	ngr/loco/9950012/alert	{"level":"CLEAR","reason":"STATUS","loco":"9950012","uptime_ms":1128223,"nav":"NORMAL","moving":1,"pwm":15,"est_mm_s":109,"dir":"CW","session_dir":"CW","mdir":"FWD","rear":159,"front":164,"env":1565,"lc_mm":159,"last_confirmed_landmark":"","age_ms":24533,"since":0,"dead_reckoned_mm":159,"candidate_mm":-1,"viable":[],"lostm":0,"lost_ms":0,"agree":285,"disagree":3,"losts":0,"auto":1}
2026-08-26T11:18:17.050	ngr/loco/9950012/alert	{"level":"CLEAR","reason":"STATUS","loco":"9950012","uptime_ms":1129223,"nav":"NORMAL","moving":1,"pwm":22,"est_mm_s":109,"dir":"CW","session_dir":"CW","mdir":"FWD","rear":159,"front":164,"env":1565,"lc_mm":159,"last_confirmed_landmark":"","age_ms":25533,"since":0,"dead_reckoned_mm":159,"candidate_mm":-1,"viable":[],"lostm":0,"lost_ms":0,"agree":285,"disagree":3,"losts":0,"auto":1}
2026-08-26T11:18:18.074	ngr/loco/9950012/alert	{"level":"CLEAR","reason":"STATUS","loco":"9950012","uptime_ms":1130223,"nav":"NORMAL","moving":1,"pwm":28,"est_mm_s":109,"dir":"CW","session_dir":"CW","mdir":"FWD","rear":159,"front":164,"env":1565,"lc_mm":159,"last_confirmed_landmark":"","age_ms":26533,"since":0,"dead_reckoned_mm":159,"candidate_mm":-1,"viable":[],"lostm":0,"lost_ms":0,"agree":285,"disagree":3,"losts":0,"auto":1}
2026-08-26T11:18:19.043	ngr/loco/9950012/alert	{"level":"CLEAR","reason":"STATUS","loco":"9950012","uptime_ms":1131223,"nav":"NORMAL","moving":1,"pwm":35,"est_mm_s":109,"dir":"CW","session_dir":"CW","mdir":"FWD","rear":159,"front":164,"env":1565,"lc_mm":159,"last_confirmed_landmark":"","age_ms":27533,"since":0,"dead_reckoned_mm":159,"candidate_mm":-1,"viable":[],"lostm":0,"lost_ms":0,"agree":285,"disagree":3,"losts":0,"auto":1}
2026-08-26T11:18:20.046	ngr/loco/9950012/alert	{"level":"CLEAR","reason":"STATUS","loco":"9950012","uptime_ms":1132223,"nav":"NORMAL","moving":1,"pwm":42,"est_mm_s":109,"dir":"CW","session_dir":"CW","mdir":"FWD","rear":159,"front":164,"env":1565,"lc_mm":159,"last_confirmed_landmark":"","age_ms":28533,"since":0,"dead_reckoned_mm":159,"candidate_mm":-1,"viable":[],"lostm":0,"lost_ms":0,"agree":285,"disagree":3,"losts":0,"auto":1}
2026-08-26T11:18:21.041	ngr/loco/9950012/alert	{"level":"CLEAR","reason":"STATUS","loco":"9950012","uptime_ms":1133223,"nav":"NORMAL","moving":1,"pwm":48,"est_mm_s":10,"dir":"CW","session_dir":"CW","mdir":"FWD","rear":160,"front":165,"env":1585,"lc_mm":160,"last_confirmed_landmark":"","age_ms":1015,"since":0,"dead_reckoned_mm":160,"candidate_mm":-1,"viable":[],"lostm":0,"lost_ms":0,"agree":286,"disagree":3,"losts":0,"auto":1}
2026-08-26T11:18:22.044	ngr/loco/9950012/alert	{"level":"CLEAR","reason":"STATUS","loco":"9950012","uptime_ms":1134223,"nav":"NORMAL","moving":1,"pwm":55,"est_mm_s":10,"dir":"CW","session_dir":"CW","mdir":"FWD","rear":160,"front":165,"env":1585,"lc_mm":160,"last_confirmed_landmark":"","age_ms":2015,"since":0,"dead_reckoned_mm":160,"candidate_mm":-1,"viable":[],"lostm":0,"lost_ms":0,"agree":286,"disagree":3,"losts":0,"auto":1}
2026-08-26T11:18:23.045	ngr/loco/9950012/alert	{"level":"CLEAR","reason":"STATUS","loco":"9950012","uptime_ms":1135223,"nav":"NORMAL","moving":1,"pwm":62,"est_mm_s":10,"dir":"CW","session_dir":"CW","mdir":"FWD","rear":160,"front":165,"env":1585,"lc_mm":160,"last_confirmed_landmark":"","age_ms":3015,"since":0,"dead_reckoned_mm":160,"candidate_mm":-1,"viable":[],"lostm":0,"lost_ms":0,"agree":286,"disagree":3,"losts":0,"auto":1}
2026-08-26T11:18:24.050	ngr/loco/9950012/alert	{"level":"CLEAR","reason":"STATUS","loco":"9950012","uptime_ms":1136223,"nav":"NORMAL","moving":1,"pwm":68,"est_mm_s":99,"dir":"CW","session_dir":"CW","mdir":"FWD","rear":161,"front":166,"env":1610,"lc_mm":161,"last_confirmed_landmark":"","age_ms":991,"since":0,"dead_reckoned_mm":161,"candidate_mm":-1,"viable":[],"lostm":0,"lost_ms":0,"agree":287,"disagree":3,"losts":0,"auto":1}
2026-08-26T11:18:25.041	ngr/loco/9950012/alert	{"level":"CLEAR","reason":"STATUS","loco":"9950012","uptime_ms":1137223,"nav":"NORMAL","moving":1,"pwm":75,"est_mm_s":99,"dir":"CW","session_dir":"CW","mdir":"FWD","rear":161,"front":166,"env":1610,"lc_mm":161,"last_confirmed_landmark":"","age_ms":1991,"since":0,"dead_reckoned_mm":161,"candidate_mm":-1,"viable":[],"lostm":0,"lost_ms":0,"agree":287,"disagree":3,"losts":0,"auto":1}
2026-08-26T11:18:26.045	ngr/loco/9950012/alert	{"level":"CLEAR","reason":"STATUS","loco":"9950012","uptime_ms":1138223,"nav":"NORMAL","moving":1,"pwm":81,"est_mm_s":166,"dir":"CW","session_dir":"CW","mdir":"FWD","rear":162,"front":167,"env":1620,"lc_mm":162,"last_confirmed_landmark":"","age_ms":1163,"since":0,"dead_reckoned_mm":162,"candidate_mm":-1,"viable":[],"lostm":0,"lost_ms":0,"agree":288,"disagree":3,"losts":0,"auto":1}
2026-08-26T11:18:27.043	ngr/loco/9950012/alert	{"level":"CLEAR","reason":"STATUS","loco":"9950012","uptime_ms":1139223,"nav":"NORMAL","moving":1,"pwm":88,"est_mm_s":198,"dir":"CW","session_dir":"CW","mdir":"FWD","rear":163,"front":168,"env":1645,"lc_mm":163,"last_confirmed_landmark":"","age_ms":500,"since":0,"dead_reckoned_mm":163,"candidate_mm":-1,"viable":[],"lostm":0,"lost_ms":0,"agree":289,"disagree":3,"losts":0,"auto":1}
2026-08-26T11:18:28.043	ngr/loco/9950012/alert	{"level":"CLEAR","reason":"STATUS","loco":"9950012","uptime_ms":1140223,"nav":"NORMAL","moving":1,"pwm":90,"est_mm_s":198,"dir":"CW","session_dir":"CW","mdir":"FWD","rear":163,"front":168,"env":1645,"lc_mm":163,"last_confirmed_landmark":"","age_ms":1500,"since":0,"dead_reckoned_mm":163,"candidate_mm":-1,"viable":[],"lostm":0,"lost_ms":0,"agree":289,"disagree":3,"losts":0,"auto":1}
2026-08-26T11:18:29.044	ngr/loco/9950012/alert	{"level":"CLEAR","reason":"STATUS","loco":"9950012","uptime_ms":1141223,"nav":"NORMAL","moving":1,"pwm":90,"est_mm_s":222,"dir":"CW","session_dir":"CW","mdir":"FWD","rear":164,"front":169,"env":1645,"lc_mm":164,"last_confirmed_landmark":"","age_ms":1018,"since":0,"dead_reckoned_mm":164,"candidate_mm":-1,"viable":[],"lostm":0,"lost_ms":0,"agree":290,"disagree":3,"losts":0,"auto":1}
2026-08-26T11:18:30.042	ngr/loco/9950012/alert	{"level":"CLEAR","reason":"STATUS","loco":"9950012","uptime_ms":1142223,"nav":"NORMAL","moving":1,"pwm":90,"est_mm_s":231,"dir":"CW","session_dir":"CW","mdir":"FWD","rear":165,"front":170,"env":1655,"lc_mm":165,"last_confirmed_landmark":"","age_ms":635,"since":0,"dead_reckoned_mm":165,"candidate_mm":-1,"viable":[],"lostm":0,"lost_ms":0,"agree":291,"disagree":3,"losts":0,"auto":1}
2026-08-26T11:18:31.046	ngr/loco/9950012/alert	{"level":"CLEAR","reason":"STATUS","loco":"9950012","uptime_ms":1143223,"nav":"NORMAL","moving":1,"pwm":90,"est_mm_s":229,"dir":"CW","session_dir":"CW","mdir":"FWD","rear":166,"front":0,"env":1660,"lc_mm":166,"last_confirmed_landmark":"","age_ms":218,"since":0,"dead_reckoned_mm":166,"candidate_mm":-1,"viable":[],"lostm":0,"lost_ms":0,"agree":292,"disagree":3,"losts":0,"auto":1}
2026-08-26T11:18:32.043	ngr/loco/9950012/alert	{"level":"CLEAR","reason":"STATUS","loco":"9950012","uptime_ms":1144223,"nav":"NORMAL","moving":1,"pwm":90,"est_mm_s":229,"dir":"CW","session_dir":"CW","mdir":"FWD","rear":166,"front":0,"env":1660,"lc_mm":166,"last_confirmed_landmark":"","age_ms":1218,"since":0,"dead_reckoned_mm":166,"candidate_mm":-1,"viable":[],"lostm":0,"lost_ms":0,"agree":292,"disagree":3,"losts":0,"auto":1}
2026-08-26T11:18:33.045	ngr/loco/9950012/alert	{"level":"CLEAR","reason":"STATUS","loco":"9950012","uptime_ms":1145223,"nav":"NORMAL","moving":1,"pwm":90,"est_mm_s":231,"dir":"CW","session_dir":"CW","mdir":"FWD","rear":167,"front":1,"env":1675,"lc_mm":167,"last_confirmed_landmark":"","age_ms":858,"since":0,"dead_reckoned_mm":167,"candidate_mm":-1,"viable":[],"lostm":0,"lost_ms":0,"agree":293,"disagree":3,"losts":0,"auto":1}
2026-08-26T11:18:34.057	ngr/loco/9950012/alert	{"level":"CLEAR","reason":"STATUS","loco":"9950012","uptime_ms":1146223,"nav":"NORMAL","moving":1,"pwm":90,"est_mm_s":216,"dir":"CW","session_dir":"CW","mdir":"FWD","rear":168,"front":2,"env":1660,"lc_mm":168,"last_confirmed_landmark":"","age_ms":215,"since":0,"dead_reckoned_mm":168,"candidate_mm":-1,"viable":[],"lostm":0,"lost_ms":0,"agree":294,"disagree":3,"losts":0,"auto":1}
2026-08-26T11:18:35.047	ngr/loco/9950012/alert	{"level":"CLEAR","reason":"STATUS","loco":"9950012","uptime_ms":1147223,"nav":"NORMAL","moving":1,"pwm":90,"est_mm_s":216,"dir":"CW","session_dir":"CW","mdir":"FWD","rear":168,"front":2,"env":1660,"lc_mm":168,"last_confirmed_landmark":"","age_ms":1215,"since":0,"dead_reckoned_mm":168,"candidate_mm":-1,"viable":[],"lostm":0,"lost_ms":0,"agree":294,"disagree":3,"losts":0,"auto":1}
2026-08-26T11:18:36.042	ngr/loco/9950012/alert	{"level":"CLEAR","reason":"STATUS","loco":"9950012","uptime_ms":1148223,"nav":"NORMAL","moving":1,"pwm":90,"est_mm_s":233,"dir":"CW","session_dir":"CW","mdir":"FWD","rear":169,"front":3,"env":1660,"lc_mm":169,"last_confirmed_landmark":"","age_ms":799,"since":0,"dead_reckoned_mm":169,"candidate_mm":-1,"viable":[],"lostm":0,"lost_ms":0,"agree":295,"disagree":3,"losts":0,"auto":1}
2026-08-26T11:18:37.044	ngr/loco/9950012/alert	{"level":"CLEAR","reason":"STATUS","loco":"9950012","uptime_ms":1149223,"nav":"NORMAL","moving":1,"pwm":90,"est_mm_s":249,"dir":"CW","session_dir":"CW","mdir":"FWD","rear":170,"front":4,"env":1645,"lc_mm":170,"last_confirmed_landmark":"","age_ms":474,"since":0,"dead_reckoned_mm":170,"candidate_mm":-1,"viable":[],"lostm":0,"lost_ms":0,"agree":296,"disagree":3,"losts":0,"auto":1}
2026-08-26T11:18:38.071	ngr/loco/9950012/alert	{"level":"CLEAR","reason":"STATUS","loco":"9950012","uptime_ms":1150228,"nav":"NORMAL","moving":1,"pwm":90,"est_mm_s":256,"dir":"CW","session_dir":"CW","mdir":"FWD","rear":0,"front":5,"env":1640,"lc_mm":0,"last_confirmed_landmark":"Southpoint","age_ms":191,"since":0,"dead_reckoned_mm":0,"candidate_mm":-1,"viable":[],"lostm":0,"lost_ms":0,"agree":297,"disagree":3,"losts":0,"auto":1}
2026-08-26T11:18:39.057	ngr/loco/9950012/alert	{"level":"CLEAR","reason":"STATUS","loco":"9950012","uptime_ms":1151228,"nav":"NORMAL","moving":1,"pwm":90,"est_mm_s":256,"dir":"CW","session_dir":"CW","mdir":"FWD","rear":0,"front":5,"env":1640,"lc_mm":0,"last_confirmed_landmark":"Southpoint","age_ms":1191,"since":0,"dead_reckoned_mm":0,"candidate_mm":-1,"viable":[],"lostm":0,"lost_ms":0,"agree":297,"disagree":3,"losts":0,"auto":1}
2026-08-26T11:18:40.053	ngr/loco/9950012/alert	{"level":"CLEAR","reason":"STATUS","loco":"9950012","uptime_ms":1152228,"nav":"NORMAL","moving":1,"pwm":90,"est_mm_s":252,"dir":"CW","session_dir":"CW","mdir":"FWD","rear":1,"front":6,"env":1640,"lc_mm":1,"last_confirmed_landmark":"","age_ms":884,"since":0,"dead_reckoned_mm":1,"candidate_mm":-1,"viable":[],"lostm":0,"lost_ms":0,"agree":298,"disagree":3,"losts":0,"auto":1}
2026-08-26T11:18:41.051	ngr/loco/9950012/alert	{"level":"CLEAR","reason":"STATUS","loco":"9950012","uptime_ms":1153228,"nav":"NORMAL","moving":1,"pwm":90,"est_mm_s":229,"dir":"CW","session_dir":"CW","mdir":"FWD","rear":2,"front":7,"env":1615,"lc_mm":2,"last_confirmed_landmark":"","age_ms":403,"since":0,"dead_reckoned_mm":2,"candidate_mm":-1,"viable":[],"lostm":0,"lost_ms":0,"agree":299,"disagree":3,"losts":0,"auto":1}
2026-08-26T11:18:42.050	ngr/loco/9950012/alert	{"level":"CLEAR","reason":"STATUS","loco":"9950012","uptime_ms":1154228,"nav":"NORMAL","moving":1,"pwm":90,"est_mm_s":229,"dir":"CW","session_dir":"CW","mdir":"FWD","rear":2,"front":7,"env":1615,"lc_mm":2,"last_confirmed_landmark":"","age_ms":1403,"since":0,"dead_reckoned_mm":2,"candidate_mm":-1,"viable":[],"lostm":0,"lost_ms":0,"agree":299,"disagree":3,"losts":0,"auto":1}
2026-08-26T11:18:43.049	ngr/loco/9950012/alert	{"level":"CLEAR","reason":"STATUS","loco":"9950012","uptime_ms":1155228,"nav":"NORMAL","moving":1,"pwm":90,"est_mm_s":190,"dir":"CW","session_dir":"CW","mdir":"FWD","rear":3,"front":8,"env":1585,"lc_mm":3,"last_confirmed_landmark":"","age_ms":673,"since":0,"dead_reckoned_mm":3,"candidate_mm":-1,"viable":[],"lostm":0,"lost_ms":0,"agree":300,"disagree":3,"losts":0,"auto":1}
2026-08-26T11:18:44.050	ngr/loco/9950012/alert	{"level":"CLEAR","reason":"STATUS","loco":"9950012","uptime_ms":1156228,"nav":"NORMAL","moving":1,"pwm":90,"est_mm_s":217,"dir":"CW","session_dir":"CW","mdir":"FWD","rear":4,"front":9,"env":1570,"lc_mm":4,"last_confirmed_landmark":"","age_ms":226,"since":0,"dead_reckoned_mm":4,"candidate_mm":-1,"viable":[],"lostm":0,"lost_ms":0,"agree":301,"disagree":3,"losts":0,"auto":1}
2026-08-26T11:18:45.049	ngr/loco/9950012/alert	{"level":"CLEAR","reason":"STATUS","loco":"9950012","uptime_ms":1157228,"nav":"NORMAL","moving":1,"pwm":90,"est_mm_s":217,"dir":"CW","session_dir":"CW","mdir":"FWD","rear":4,"front":9,"env":1570,"lc_mm":4,"last_confirmed_landmark":"","age_ms":1226,"since":0,"dead_reckoned_mm":4,"candidate_mm":-1,"viable":[],"lostm":0,"lost_ms":0,"agree":301,"disagree":3,"losts":0,"auto":1}
2026-08-26T11:18:46.050	ngr/loco/9950012/alert	{"level":"CLEAR","reason":"STATUS","loco":"9950012","uptime_ms":1158228,"nav":"NORMAL","moving":1,"pwm":87,"est_mm_s":229,"dir":"CW","session_dir":"CW","mdir":"FWD","rear":5,"front":10,"env":1540,"lc_mm":5,"last_confirmed_landmark":"","age_ms":809,"since":0,"dead_reckoned_mm":5,"candidate_mm":-1,"viable":[],"lostm":0,"lost_ms":0,"agree":302,"disagree":3,"losts":0,"auto":1}
2026-08-26T11:18:47.052	ngr/loco/9950012/alert	{"level":"CLEAR","reason":"STATUS","loco":"9950012","uptime_ms":1159228,"nav":"NORMAL","moving":1,"pwm":84,"est_mm_s":223,"dir":"CW","session_dir":"CW","mdir":"FWD","rear":6,"front":11,"env":1510,"lc_mm":6,"last_confirmed_landmark":"","age_ms":334,"since":0,"dead_reckoned_mm":6,"candidate_mm":-1,"viable":[],"lostm":0,"lost_ms":0,"agree":303,"disagree":3,"losts":0,"auto":1}
2026-08-26T11:18:48.047	ngr/loco/9950012/alert	{"level":"CLEAR","reason":"STATUS","loco":"9950012","uptime_ms":1160228,"nav":"NORMAL","moving":1,"pwm":79,"est_mm_s":223,"dir":"CW","session_dir":"CW","mdir":"FWD","rear":6,"front":11,"env":1510,"lc_mm":6,"last_confirmed_landmark":"","age_ms":1334,"since":0,"dead_reckoned_mm":6,"candidate_mm":-1,"viable":[],"lostm":0,"lost_ms":0,"agree":303,"disagree":3,"losts":0,"auto":1}
2026-08-26T11:18:49.047	ngr/loco/9950012/alert	{"level":"CLEAR","reason":"STATUS","loco":"9950012","uptime_ms":1161228,"nav":"NORMAL","moving":1,"pwm":75,"est_mm_s":199,"dir":"CW","session_dir":"CW","mdir":"FWD","rear":7,"front":12,"env":1485,"lc_mm":7,"last_confirmed_landmark":"","age_ms":754,"since":0,"dead_reckoned_mm":7,"candidate_mm":-1,"viable":[],"lostm":0,"lost_ms":0,"agree":304,"disagree":3,"losts":0,"auto":1}
2026-08-26T11:18:50.050	ngr/loco/9950012/alert	{"level":"CLEAR","reason":"STATUS","loco":"9950012","uptime_ms":1162228,"nav":"NORMAL","moving":1,"pwm":73,"est_mm_s":199,"dir":"CW","session_dir":"CW","mdir":"FWD","rear":7,"front":12,"env":1485,"lc_mm":7,"last_confirmed_landmark":"","age_ms":1754,"since":0,"dead_reckoned_mm":7,"candidate_mm":-1,"viable":[],"lostm":0,"lost_ms":0,"agree":304,"disagree":3,"losts":0,"auto":1}
2026-08-26T11:18:51.050	ngr/loco/9950012/alert	{"level":"CLEAR","reason":"STATUS","loco":"9950012","uptime_ms":1163228,"nav":"NORMAL","moving":1,"pwm":68,"est_mm_s":176,"dir":"CW","session_dir":"CW","mdir":"FWD","rear":8,"front":13,"env":1485,"lc_mm":8,"last_confirmed_landmark":"","age_ms":1055,"since":0,"dead_reckoned_mm":8,"candidate_mm":-1,"viable":[],"lostm":0,"lost_ms":0,"agree":305,"disagree":3,"losts":0,"auto":1}
2026-08-26T11:18:52.050	ngr/loco/9950012/alert	{"level":"CLEAR","reason":"STATUS","loco":"9950012","uptime_ms":1164228,"nav":"NORMAL","moving":1,"pwm":65,"est_mm_s":187,"dir":"CW","session_dir":"CW","mdir":"FWD","rear":9,"front":14,"env":1500,"lc_mm":9,"last_confirmed_landmark":"","age_ms":459,"since":0,"dead_reckoned_mm":9,"candidate_mm":-1,"viable":[],"lostm":0,"lost_ms":0,"agree":306,"disagree":3,"losts":0,"auto":1}
2026-08-26T11:18:53.047	ngr/loco/9950012/alert	{"level":"CLEAR","reason":"STATUS","loco":"9950012","uptime_ms":1165228,"nav":"NORMAL","moving":1,"pwm":61,"est_mm_s":187,"dir":"CW","session_dir":"CW","mdir":"FWD","rear":9,"front":14,"env":1500,"lc_mm":9,"last_confirmed_landmark":"","age_ms":1459,"since":0,"dead_reckoned_mm":9,"candidate_mm":-1,"viable":[],"lostm":0,"lost_ms":0,"agree":306,"disagree":3,"losts":0,"auto":1}
2026-08-26T11:18:54.048	ngr/loco/9950012/alert	{"level":"CLEAR","reason":"STATUS","loco":"9950012","uptime_ms":1166228,"nav":"NORMAL","moving":1,"pwm":60,"est_mm_s":164,"dir":"CW","session_dir":"CW","mdir":"FWD","rear":10,"front":15,"env":1520,"lc_mm":10,"last_confirmed_landmark":"","age_ms":663,"since":0,"dead_reckoned_mm":10,"candidate_mm":-1,"viable":[],"lostm":0,"lost_ms":0,"agree":307,"disagree":3,"losts":0,"auto":1}
2026-08-26T11:18:55.050	ngr/loco/9950012/alert	{"level":"CLEAR","reason":"STATUS","loco":"9950012","uptime_ms":1167228,"nav":"NORMAL","moving":1,"pwm":60,"est_mm_s":164,"dir":"CW","session_dir":"CW","mdir":"FWD","rear":10,"front":15,"env":1520,"lc_mm":10,"last_confirmed_landmark":"","age_ms":1663,"since":0,"dead_reckoned_mm":10,"candidate_mm":-1,"viable":[],"lostm":0,"lost_ms":0,"agree":307,"disagree":3,"losts":0,"auto":1}
2026-08-26T11:18:56.046	ngr/loco/9950012/alert	{"level":"CLEAR","reason":"STATUS","loco":"9950012","uptime_ms":1168228,"nav":"NORMAL","moving":1,"pwm":60,"est_mm_s":135,"dir":"CW","session_dir":"CW","mdir":"FWD","rear":11,"front":16,"env":1545,"lc_mm":11,"last_confirmed_landmark":"","age_ms":448,"since":0,"dead_reckoned_mm":11,"candidate_mm":-1,"viable":[],"lostm":0,"lost_ms":0,"agree":308,"disagree":3,"losts":0,"auto":1}
2026-08-26T11:18:57.048	ngr/loco/9950012/alert	{"level":"CLEAR","reason":"STATUS","loco":"9950012","uptime_ms":1169228,"nav":"NORMAL","moving":1,"pwm":60,"est_mm_s":135,"dir":"CW","session_dir":"CW","mdir":"FWD","rear":11,"front":16,"env":1545,"lc_mm":11,"last_confirmed_landmark":"","age_ms":1448,"since":0,"dead_reckoned_mm":11,"candidate_mm":-1,"viable":[],"lostm":0,"lost_ms":0,"agree":308,"disagree":3,"losts":0,"auto":1}
2026-08-26T11:18:58.068	ngr/loco/9950012/alert	{"level":"CLEAR","reason":"STATUS","loco":"9950012","uptime_ms":1170240,"nav":"NORMAL","moving":1,"pwm":60,"est_mm_s":135,"dir":"CW","session_dir":"CW","mdir":"FWD","rear":12,"front":17,"env":1565,"lc_mm":12,"last_confirmed_landmark":"","age_ms":325,"since":0,"dead_reckoned_mm":12,"candidate_mm":-1,"viable":[],"lostm":0,"lost_ms":0,"agree":309,"disagree":3,"losts":0,"auto":1}
2026-08-26T11:18:59.060	ngr/loco/9950012/alert	{"level":"CLEAR","reason":"STATUS","loco":"9950012","uptime_ms":1171240,"nav":"NORMAL","moving":1,"pwm":60,"est_mm_s":135,"dir":"CW","session_dir":"CW","mdir":"FWD","rear":12,"front":17,"env":1565,"lc_mm":12,"last_confirmed_landmark":"","age_ms":1325,"since":0,"dead_reckoned_mm":12,"candidate_mm":-1,"viable":[],"lostm":0,"lost_ms":0,"agree":309,"disagree":3,"losts":0,"auto":1}
2026-08-26T11:19:00.059	ngr/loco/9950012/alert	{"level":"CLEAR","reason":"STATUS","loco":"9950012","uptime_ms":1172240,"nav":"NORMAL","moving":1,"pwm":60,"est_mm_s":150,"dir":"CW","session_dir":"CW","mdir":"FWD","rear":13,"front":18,"env":1565,"lc_mm":13,"last_confirmed_landmark":"","age_ms":325,"since":0,"dead_reckoned_mm":13,"candidate_mm":-1,"viable":[],"lostm":0,"lost_ms":0,"agree":310,"disagree":3,"losts":0,"auto":1}
2026-08-26T11:19:01.058	ngr/loco/9950012/alert	{"level":"CLEAR","reason":"STATUS","loco":"9950012","uptime_ms":1173240,"nav":"NORMAL","moving":1,"pwm":60,"est_mm_s":150,"dir":"CW","session_dir":"CW","mdir":"FWD","rear":13,"front":18,"env":1565,"lc_mm":13,"last_confirmed_landmark":"","age_ms":1325,"since":0,"dead_reckoned_mm":13,"candidate_mm":-1,"viable":[],"lostm":0,"lost_ms":0,"agree":310,"disagree":3,"losts":0,"auto":1}
2026-08-26T11:19:02.063	ngr/loco/9950012/alert	{"level":"CLEAR","reason":"STATUS","loco":"9950012","uptime_ms":1174240,"nav":"NORMAL","moving":1,"pwm":60,"est_mm_s":150,"dir":"CW","session_dir":"CW","mdir":"FWD","rear":13,"front":18,"env":1565,"lc_mm":13,"last_confirmed_landmark":"","age_ms":2325,"since":0,"dead_reckoned_mm":13,"candidate_mm":-1,"viable":[],"lostm":0,"lost_ms":0,"agree":310,"disagree":3,"losts":0,"auto":1}
2026-08-26T11:19:03.061	ngr/loco/9950012/alert	{"level":"CLEAR","reason":"STATUS","loco":"9950012","uptime_ms":1175240,"nav":"NORMAL","moving":1,"pwm":60,"est_mm_s":151,"dir":"CW","session_dir":"CW","mdir":"FWD","rear":14,"front":19,"env":1550,"lc_mm":14,"last_confirmed_landmark":"","age_ms":1245,"since":0,"dead_reckoned_mm":14,"candidate_mm":-1,"viable":[],"lostm":0,"lost_ms":0,"agree":311,"disagree":3,"losts":0,"auto":1}
2026-08-26T11:19:04.061	ngr/loco/9950012/alert	{"level":"CLEAR","reason":"STATUS","loco":"9950012","uptime_ms":1176240,"nav":"NORMAL","moving":1,"pwm":60,"est_mm_s":151,"dir":"CW","session_dir":"CW","mdir":"FWD","rear":14,"front":19,"env":1550,"lc_mm":14,"last_confirmed_landmark":"","age_ms":2245,"since":0,"dead_reckoned_mm":14,"candidate_mm":-1,"viable":[],"lostm":0,"lost_ms":0,"agree":311,"disagree":3,"losts":0,"auto":1}
2026-08-26T11:19:05.060	ngr/loco/9950012/alert	{"level":"CLEAR","reason":"STATUS","loco":"9950012","uptime_ms":1177240,"nav":"NORMAL","moving":1,"pwm":60,"est_mm_s":130,"dir":"CW","session_dir":"CW","mdir":"FWD","rear":15,"front":20,"env":1555,"lc_mm":15,"last_confirmed_landmark":"Patio","age_ms":838,"since":0,"dead_reckoned_mm":15,"candidate_mm":-1,"viable":[],"lostm":0,"lost_ms":0,"agree":312,"disagree":3,"losts":0,"auto":1}
2026-08-26T11:19:06.058	ngr/loco/9950012/alert	{"level":"CLEAR","reason":"STATUS","loco":"9950012","uptime_ms":1178240,"nav":"NORMAL","moving":1,"pwm":60,"est_mm_s":130,"dir":"CW","session_dir":"CW","mdir":"FWD","rear":15,"front":20,"env":1555,"lc_mm":15,"last_confirmed_landmark":"Patio","age_ms":1838,"since":0,"dead_reckoned_mm":15,"candidate_mm":-1,"viable":[],"lostm":0,"lost_ms":0,"agree":312,"disagree":3,"losts":0,"auto":1}
2026-08-26T11:19:07.065	ngr/loco/9950012/alert	{"level":"CLEAR","reason":"STATUS","loco":"9950012","uptime_ms":1179240,"nav":"NORMAL","moving":1,"pwm":60,"est_mm_s":129,"dir":"CW","session_dir":"CW","mdir":"FWD","rear":16,"front":21,"env":1545,"lc_mm":16,"last_confirmed_landmark":"","age_ms":321,"since":0,"dead_reckoned_mm":16,"candidate_mm":-1,"viable":[],"lostm":0,"lost_ms":0,"agree":313,"disagree":3,"losts":0,"auto":1}
2026-08-26T11:19:08.061	ngr/loco/9950012/alert	{"level":"CLEAR","reason":"STATUS","loco":"9950012","uptime_ms":1180240,"nav":"NORMAL","moving":1,"pwm":55,"est_mm_s":129,"dir":"CW","session_dir":"CW","mdir":"FWD","rear":16,"front":21,"env":1545,"lc_mm":16,"last_confirmed_landmark":"","age_ms":1321,"since":0,"dead_reckoned_mm":16,"candidate_mm":-1,"viable":[],"lostm":0,"lost_ms":0,"agree":313,"disagree":3,"losts":0,"auto":1}
2026-08-26T11:19:09.062	ngr/loco/9950012/alert	{"level":"CLEAR","reason":"STATUS","loco":"9950012","uptime_ms":1181240,"nav":"NORMAL","moving":1,"pwm":50,"est_mm_s":129,"dir":"CW","session_dir":"CW","mdir":"FWD","rear":16,"front":21,"env":1545,"lc_mm":16,"last_confirmed_landmark":"","age_ms":2321,"since":0,"dead_reckoned_mm":16,"candidate_mm":-1,"viable":[],"lostm":0,"lost_ms":0,"agree":313,"disagree":3,"losts":0,"auto":1}
2026-08-26T11:19:10.062	ngr/loco/9950012/alert	{"level":"CLEAR","reason":"STATUS","loco":"9950012","uptime_ms":1182240,"nav":"NORMAL","moving":1,"pwm":45,"est_mm_s":130,"dir":"CW","session_dir":"CW","mdir":"FWD","rear":17,"front":22,"env":1550,"lc_mm":17,"last_confirmed_landmark":"","age_ms":938,"since":0,"dead_reckoned_mm":17,"candidate_mm":-1,"viable":[],"lostm":0,"lost_ms":0,"agree":314,"disagree":3,"losts":0,"auto":1}
2026-08-26T11:19:11.061	ngr/loco/9950012/alert	{"level":"CLEAR","reason":"STATUS","loco":"9950012","uptime_ms":1183240,"nav":"NORMAL","moving":1,"pwm":40,"est_mm_s":130,"dir":"CW","session_dir":"CW","mdir":"FWD","rear":17,"front":22,"env":1550,"lc_mm":17,"last_confirmed_landmark":"","age_ms":1938,"since":0,"dead_reckoned_mm":17,"candidate_mm":-1,"viable":[],"lostm":0,"lost_ms":0,"agree":314,"disagree":3,"losts":0,"auto":1}
2026-08-26T11:19:12.060	ngr/loco/9950012/alert	{"level":"CLEAR","reason":"STATUS","loco":"9950012","uptime_ms":1184240,"nav":"NORMAL","moving":1,"pwm":35,"est_mm_s":130,"dir":"CW","session_dir":"CW","mdir":"FWD","rear":17,"front":22,"env":1550,"lc_mm":17,"last_confirmed_landmark":"","age_ms":2938,"since":0,"dead_reckoned_mm":17,"candidate_mm":-1,"viable":[],"lostm":0,"lost_ms":0,"agree":314,"disagree":3,"losts":0,"auto":1}
2026-08-26T11:19:13.060	ngr/loco/9950012/alert	{"level":"CLEAR","reason":"STATUS","loco":"9950012","uptime_ms":1185240,"nav":"NORMAL","moving":1,"pwm":30,"est_mm_s":130,"dir":"CW","session_dir":"CW","mdir":"FWD","rear":17,"front":22,"env":1550,"lc_mm":17,"last_confirmed_landmark":"","age_ms":3938,"since":0,"dead_reckoned_mm":17,"candidate_mm":-1,"viable":[],"lostm":0,"lost_ms":0,"agree":314,"disagree":3,"losts":0,"auto":1}
2026-08-26T11:19:14.061	ngr/loco/9950012/alert	{"level":"CLEAR","reason":"STATUS","loco":"9950012","uptime_ms":1186240,"nav":"NORMAL","moving":1,"pwm":25,"est_mm_s":130,"dir":"CW","session_dir":"CW","mdir":"FWD","rear":17,"front":22,"env":1550,"lc_mm":17,"last_confirmed_landmark":"","age_ms":4938,"since":0,"dead_reckoned_mm":17,"candidate_mm":-1,"viable":[],"lostm":0,"lost_ms":0,"agree":314,"disagree":3,"losts":0,"auto":1}
2026-08-26T11:19:15.063	ngr/loco/9950012/alert	{"level":"CLEAR","reason":"STATUS","loco":"9950012","uptime_ms":1187240,"nav":"NORMAL","moving":1,"pwm":20,"est_mm_s":130,"dir":"CW","session_dir":"CW","mdir":"FWD","rear":17,"front":22,"env":1550,"lc_mm":17,"last_confirmed_landmark":"","age_ms":5938,"since":0,"dead_reckoned_mm":17,"candidate_mm":-1,"viable":[],"lostm":0,"lost_ms":0,"agree":314,"disagree":3,"losts":0,"auto":1}
2026-08-26T11:19:16.061	ngr/loco/9950012/alert	{"level":"CLEAR","reason":"STATUS","loco":"9950012","uptime_ms":1188240,"nav":"NORMAL","moving":1,"pwm":15,"est_mm_s":130,"dir":"CW","session_dir":"CW","mdir":"FWD","rear":17,"front":22,"env":1550,"lc_mm":17,"last_confirmed_landmark":"","age_ms":6938,"since":0,"dead_reckoned_mm":17,"candidate_mm":-1,"viable":[],"lostm":0,"lost_ms":0,"agree":314,"disagree":3,"losts":0,"auto":1}
2026-08-26T11:19:17.061	ngr/loco/9950012/alert	{"level":"CLEAR","reason":"STATUS","loco":"9950012","uptime_ms":1189240,"nav":"NORMAL","moving":1,"pwm":10,"est_mm_s":130,"dir":"CW","session_dir":"CW","mdir":"FWD","rear":17,"front":22,"env":1550,"lc_mm":17,"last_confirmed_landmark":"","age_ms":7938,"since":0,"dead_reckoned_mm":17,"candidate_mm":-1,"viable":[],"lostm":0,"lost_ms":0,"agree":314,"disagree":3,"losts":0,"auto":1}
2026-08-26T11:19:18.065	ngr/loco/9950012/alert	{"level":"CLEAR","reason":"STATUS","loco":"9950012","uptime_ms":1190240,"nav":"NORMAL","moving":1,"pwm":5,"est_mm_s":130,"dir":"CW","session_dir":"CW","mdir":"FWD","rear":17,"front":22,"env":1550,"lc_mm":17,"last_confirmed_landmark":"","age_ms":8938,"since":0,"dead_reckoned_mm":17,"candidate_mm":-1,"viable":[],"lostm":0,"lost_ms":0,"agree":314,"disagree":3,"losts":0,"auto":1}
2026-08-26T11:19:19.065	ngr/loco/9950012/alert	{"level":"CLEAR","reason":"STATUS","loco":"9950012","uptime_ms":1191240,"nav":"NORMAL","moving":0,"pwm":0,"est_mm_s":130,"dir":"CW","session_dir":"CW","mdir":"FWD","rear":17,"front":22,"env":1550,"lc_mm":17,"last_confirmed_landmark":"","age_ms":9938,"since":0,"dead_reckoned_mm":17,"candidate_mm":-1,"viable":[],"lostm":0,"lost_ms":0,"agree":314,"disagree":3,"losts":0,"auto":1}
2026-08-26T11:19:20.063	ngr/loco/9950012/alert	{"level":"CLEAR","reason":"STATUS","loco":"9950012","uptime_ms":1192240,"nav":"NORMAL","moving":0,"pwm":0,"est_mm_s":130,"dir":"CW","session_dir":"CW","mdir":"FWD","rear":17,"front":22,"env":1550,"lc_mm":17,"last_confirmed_landmark":"","age_ms":10938,"since":0,"dead_reckoned_mm":17,"candidate_mm":-1,"viable":[],"lostm":0,"lost_ms":0,"agree":314,"disagree":3,"losts":0,"auto":1}
2026-08-26T11:19:21.060	ngr/loco/9950012/alert	{"level":"CLEAR","reason":"STATUS","loco":"9950012","uptime_ms":1193240,"nav":"NORMAL","moving":0,"pwm":0,"est_mm_s":130,"dir":"CW","session_dir":"CW","mdir":"FWD","rear":17,"front":22,"env":1550,"lc_mm":17,"last_confirmed_landmark":"","age_ms":11938,"since":0,"dead_reckoned_mm":17,"candidate_mm":-1,"viable":[],"lostm":0,"lost_ms":0,"agree":314,"disagree":3,"losts":0,"auto":1}
2026-08-26T11:19:22.065	ngr/loco/9950012/alert	{"level":"CLEAR","reason":"STATUS","loco":"9950012","uptime_ms":1194240,"nav":"NORMAL","moving":0,"pwm":0,"est_mm_s":130,"dir":"CW","session_dir":"CW","mdir":"FWD","rear":17,"front":22,"env":1550,"lc_mm":17,"last_confirmed_landmark":"","age_ms":12938,"since":0,"dead_reckoned_mm":17,"candidate_mm":-1,"viable":[],"lostm":0,"lost_ms":0,"agree":314,"disagree":3,"losts":0,"auto":1}
2026-08-26T11:19:23.065	ngr/loco/9950012/alert	{"level":"CLEAR","reason":"STATUS","loco":"9950012","uptime_ms":1195240,"nav":"NORMAL","moving":0,"pwm":0,"est_mm_s":130,"dir":"CW","session_dir":"CW","mdir":"FWD","rear":17,"front":22,"env":1550,"lc_mm":17,"last_confirmed_landmark":"","age_ms":13938,"since":0,"dead_reckoned_mm":17,"candidate_mm":-1,"viable":[],"lostm":0,"lost_ms":0,"agree":314,"disagree":3,"losts":0,"auto":1}
2026-08-26T11:19:24.060	ngr/loco/9950012/alert	{"level":"CLEAR","reason":"STATUS","loco":"9950012","uptime_ms":1196240,"nav":"NORMAL","moving":0,"pwm":0,"est_mm_s":130,"dir":"CW","session_dir":"CW","mdir":"FWD","rear":17,"front":22,"env":1550,"lc_mm":17,"last_confirmed_landmark":"","age_ms":14938,"since":0,"dead_reckoned_mm":17,"candidate_mm":-1,"viable":[],"lostm":0,"lost_ms":0,"agree":314,"disagree":3,"losts":0,"auto":1}
2026-08-26T11:19:25.060	ngr/loco/9950012/alert	{"level":"CLEAR","reason":"STATUS","loco":"9950012","uptime_ms":1197240,"nav":"NORMAL","moving":0,"pwm":0,"est_mm_s":130,"dir":"CW","session_dir":"CW","mdir":"FWD","rear":17,"front":22,"env":1550,"lc_mm":17,"last_confirmed_landmark":"","age_ms":15938,"since":0,"dead_reckoned_mm":17,"candidate_mm":-1,"viable":[],"lostm":0,"lost_ms":0,"agree":314,"disagree":3,"losts":0,"auto":1}
2026-08-26T11:19:26.058	ngr/loco/9950012/alert	{"level":"CLEAR","reason":"STATUS","loco":"9950012","uptime_ms":1198240,"nav":"NORMAL","moving":0,"pwm":0,"est_mm_s":130,"dir":"CW","session_dir":"CW","mdir":"FWD","rear":17,"front":22,"env":1550,"lc_mm":17,"last_confirmed_landmark":"","age_ms":16938,"since":0,"dead_reckoned_mm":17,"candidate_mm":-1,"viable":[],"lostm":0,"lost_ms":0,"agree":314,"disagree":3,"losts":0,"auto":1}
2026-08-26T11:19:27.062	ngr/loco/9950012/alert	{"level":"CLEAR","reason":"STATUS","loco":"9950012","uptime_ms":1199240,"nav":"NORMAL","moving":0,"pwm":0,"est_mm_s":130,"dir":"CW","session_dir":"CW","mdir":"FWD","rear":17,"front":22,"env":1550,"lc_mm":17,"last_confirmed_landmark":"","age_ms":17938,"since":0,"dead_reckoned_mm":17,"candidate_mm":-1,"viable":[],"lostm":0,"lost_ms":0,"agree":314,"disagree":3,"losts":0,"auto":1}
2026-08-26T11:19:28.061	ngr/loco/9950012/alert	{"level":"CLEAR","reason":"STATUS","loco":"9950012","uptime_ms":1200240,"nav":"NORMAL","moving":0,"pwm":0,"est_mm_s":130,"dir":"CW","session_dir":"CW","mdir":"FWD","rear":17,"front":22,"env":1550,"lc_mm":17,"last_confirmed_landmark":"","age_ms":18938,"since":0,"dead_reckoned_mm":17,"candidate_mm":-1,"viable":[],"lostm":0,"lost_ms":0,"agree":314,"disagree":3,"losts":0,"auto":1}
2026-08-26T11:19:29.062	ngr/loco/9950012/alert	{"level":"CLEAR","reason":"STATUS","loco":"9950012","uptime_ms":1201240,"nav":"NORMAL","moving":0,"pwm":0,"est_mm_s":130,"dir":"CW","session_dir":"CW","mdir":"FWD","rear":17,"front":22,"env":1550,"lc_mm":17,"last_confirmed_landmark":"","age_ms":19938,"since":0,"dead_reckoned_mm":17,"candidate_mm":-1,"viable":[],"lostm":0,"lost_ms":0,"agree":314,"disagree":3,"losts":0,"auto":1}
2026-08-26T11:19:30.063	ngr/loco/9950012/alert	{"level":"CLEAR","reason":"STATUS","loco":"9950012","uptime_ms":1202240,"nav":"NORMAL","moving":0,"pwm":0,"est_mm_s":130,"dir":"CW","session_dir":"CW","mdir":"FWD","rear":17,"front":22,"env":1550,"lc_mm":17,"last_confirmed_landmark":"","age_ms":20938,"since":0,"dead_reckoned_mm":17,"candidate_mm":-1,"viable":[],"lostm":0,"lost_ms":0,"agree":314,"disagree":3,"losts":0,"auto":1}
2026-08-26T11:19:31.062	ngr/loco/9950012/alert	{"level":"CLEAR","reason":"STATUS","loco":"9950012","uptime_ms":1203240,"nav":"NORMAL","moving":0,"pwm":0,"est_mm_s":130,"dir":"CW","session_dir":"CW","mdir":"FWD","rear":17,"front":22,"env":1550,"lc_mm":17,"last_confirmed_landmark":"","age_ms":21938,"since":0,"dead_reckoned_mm":17,"candidate_mm":-1,"viable":[],"lostm":0,"lost_ms":0,"agree":314,"disagree":3,"losts":0,"auto":1}
2026-08-26T11:19:32.063	ngr/loco/9950012/alert	{"level":"CLEAR","reason":"STATUS","loco":"9950012","uptime_ms":1204240,"nav":"NORMAL","moving":0,"pwm":0,"est_mm_s":130,"dir":"CW","session_dir":"CW","mdir":"FWD","rear":17,"front":22,"env":1550,"lc_mm":17,"last_confirmed_landmark":"","age_ms":22938,"since":0,"dead_reckoned_mm":17,"candidate_mm":-1,"viable":[],"lostm":0,"lost_ms":0,"agree":314,"disagree":3,"losts":0,"auto":1}
2026-08-26T11:19:33.059	ngr/loco/9950012/alert	{"level":"CLEAR","reason":"STATUS","loco":"9950012","uptime_ms":1205240,"nav":"NORMAL","moving":0,"pwm":0,"est_mm_s":130,"dir":"CW","session_dir":"CW","mdir":"FWD","rear":17,"front":22,"env":1550,"lc_mm":17,"last_confirmed_landmark":"","age_ms":23938,"since":0,"dead_reckoned_mm":17,"candidate_mm":-1,"viable":[],"lostm":0,"lost_ms":0,"agree":314,"disagree":3,"losts":0,"auto":1}
2026-08-26T11:19:34.065	ngr/loco/9950012/alert	{"level":"CLEAR","reason":"STATUS","loco":"9950012","uptime_ms":1206240,"nav":"NORMAL","moving":1,"pwm":1,"est_mm_s":130,"dir":"CW","session_dir":"CW","mdir":"FWD","rear":17,"front":22,"env":1550,"lc_mm":17,"last_confirmed_landmark":"","age_ms":24938,"since":0,"dead_reckoned_mm":17,"candidate_mm":-1,"viable":[],"lostm":0,"lost_ms":0,"agree":314,"disagree":3,"losts":0,"auto":1}
2026-08-26T11:19:35.064	ngr/loco/9950012/alert	{"level":"CLEAR","reason":"STATUS","loco":"9950012","uptime_ms":1207240,"nav":"NORMAL","moving":1,"pwm":8,"est_mm_s":130,"dir":"CW","session_dir":"CW","mdir":"FWD","rear":17,"front":22,"env":1550,"lc_mm":17,"last_confirmed_landmark":"","age_ms":25938,"since":0,"dead_reckoned_mm":17,"candidate_mm":-1,"viable":[],"lostm":0,"lost_ms":0,"agree":314,"disagree":3,"losts":0,"auto":1}
2026-08-26T11:19:36.061	ngr/loco/9950012/alert	{"level":"CLEAR","reason":"STATUS","loco":"9950012","uptime_ms":1208240,"nav":"NORMAL","moving":1,"pwm":14,"est_mm_s":130,"dir":"CW","session_dir":"CW","mdir":"FWD","rear":17,"front":22,"env":1550,"lc_mm":17,"last_confirmed_landmark":"","age_ms":26938,"since":0,"dead_reckoned_mm":17,"candidate_mm":-1,"viable":[],"lostm":0,"lost_ms":0,"agree":314,"disagree":3,"losts":0,"auto":1}
2026-08-26T11:19:37.064	ngr/loco/9950012/alert	{"level":"CLEAR","reason":"STATUS","loco":"9950012","uptime_ms":1209240,"nav":"NORMAL","moving":1,"pwm":21,"est_mm_s":130,"dir":"CW","session_dir":"CW","mdir":"FWD","rear":17,"front":22,"env":1550,"lc_mm":17,"last_confirmed_landmark":"","age_ms":27938,"since":0,"dead_reckoned_mm":17,"candidate_mm":-1,"viable":[],"lostm":0,"lost_ms":0,"agree":314,"disagree":3,"losts":0,"auto":1}
2026-08-26T11:19:38.064	ngr/loco/9950012/alert	{"level":"CLEAR","reason":"STATUS","loco":"9950012","uptime_ms":1210240,"nav":"NORMAL","moving":1,"pwm":28,"est_mm_s":130,"dir":"CW","session_dir":"CW","mdir":"FWD","rear":17,"front":22,"env":1550,"lc_mm":17,"last_confirmed_landmark":"","age_ms":28938,"since":0,"dead_reckoned_mm":17,"candidate_mm":-1,"viable":[],"lostm":0,"lost_ms":0,"agree":314,"disagree":3,"losts":0,"auto":1}
2026-08-26T11:19:39.063	ngr/loco/9950012/alert	{"level":"CLEAR","reason":"STATUS","loco":"9950012","uptime_ms":1211240,"nav":"NORMAL","moving":1,"pwm":34,"est_mm_s":130,"dir":"CW","session_dir":"CW","mdir":"FWD","rear":17,"front":22,"env":1550,"lc_mm":17,"last_confirmed_landmark":"","age_ms":29938,"since":0,"dead_reckoned_mm":17,"candidate_mm":-1,"viable":[],"lostm":0,"lost_ms":0,"agree":314,"disagree":3,"losts":0,"auto":1}
2026-08-26T11:19:40.064	ngr/loco/9950012/alert	{"level":"CLEAR","reason":"STATUS","loco":"9950012","uptime_ms":1212240,"nav":"NORMAL","moving":1,"pwm":41,"est_mm_s":130,"dir":"CW","session_dir":"CW","mdir":"FWD","rear":17,"front":22,"env":1550,"lc_mm":17,"last_confirmed_landmark":"","age_ms":30938,"since":0,"dead_reckoned_mm":17,"candidate_mm":-1,"viable":[],"lostm":0,"lost_ms":0,"agree":314,"disagree":3,"losts":0,"auto":1}
2026-08-26T11:19:41.065	ngr/loco/9950012/alert	{"level":"CLEAR","reason":"STATUS","loco":"9950012","uptime_ms":1213240,"nav":"NORMAL","moving":1,"pwm":48,"est_mm_s":72,"dir":"CW","session_dir":"CW","mdir":"FWD","rear":18,"front":23,"env":1555,"lc_mm":18,"last_confirmed_landmark":"","age_ms":27785,"since":0,"dead_reckoned_mm":18,"candidate_mm":-1,"viable":[],"lostm":0,"lost_ms":0,"agree":315,"disagree":3,"losts":0,"auto":1}
2026-08-26T11:19:42.063	ngr/loco/9950012/alert	{"level":"CLEAR","reason":"STATUS","loco":"9950012","uptime_ms":1214240,"nav":"NORMAL","moving":1,"pwm":54,"est_mm_s":72,"dir":"CW","session_dir":"CW","mdir":"FWD","rear":18,"front":23,"env":1555,"lc_mm":18,"last_confirmed_landmark":"","age_ms":28785,"since":0,"dead_reckoned_mm":18,"candidate_mm":-1,"viable":[],"lostm":0,"lost_ms":0,"agree":315,"disagree":3,"losts":0,"auto":1}
2026-08-26T11:19:43.059	ngr/loco/9950012/alert	{"level":"CLEAR","reason":"STATUS","loco":"9950012","uptime_ms":1215240,"nav":"NORMAL","moving":1,"pwm":61,"est_mm_s":10,"dir":"CW","session_dir":"CW","mdir":"FWD","rear":19,"front":24,"env":1555,"lc_mm":19,"last_confirmed_landmark":"","age_ms":495,"since":0,"dead_reckoned_mm":19,"candidate_mm":-1,"viable":[],"lostm":0,"lost_ms":0,"agree":316,"disagree":3,"losts":0,"auto":1}
2026-08-26T11:19:44.065	ngr/loco/9950012/alert	{"level":"CLEAR","reason":"STATUS","loco":"9950012","uptime_ms":1216240,"nav":"NORMAL","moving":1,"pwm":68,"est_mm_s":10,"dir":"CW","session_dir":"CW","mdir":"FWD","rear":19,"front":24,"env":1555,"lc_mm":19,"last_confirmed_landmark":"","age_ms":1495,"since":0,"dead_reckoned_mm":19,"candidate_mm":-1,"viable":[],"lostm":0,"lost_ms":0,"agree":316,"disagree":3,"losts":0,"auto":1}
2026-08-26T11:19:45.062	ngr/loco/9950012/alert	{"level":"CLEAR","reason":"STATUS","loco":"9950012","uptime_ms":1217240,"nav":"NORMAL","moving":1,"pwm":74,"est_mm_s":175,"dir":"CW","session_dir":"CW","mdir":"FWD","rear":20,"front":25,"env":1530,"lc_mm":20,"last_confirmed_landmark":"","age_ms":669,"since":0,"dead_reckoned_mm":20,"candidate_mm":-1,"viable":[],"lostm":0,"lost_ms":0,"agree":317,"disagree":3,"losts":0,"auto":1}
2026-08-26T11:19:46.064	ngr/loco/9950012/alert	{"level":"CLEAR","reason":"STATUS","loco":"9950012","uptime_ms":1218240,"nav":"NORMAL","moving":1,"pwm":81,"est_mm_s":175,"dir":"CW","session_dir":"CW","mdir":"FWD","rear":20,"front":25,"env":1530,"lc_mm":20,"last_confirmed_landmark":"","age_ms":1669,"since":0,"dead_reckoned_mm":20,"candidate_mm":-1,"viable":[],"lostm":0,"lost_ms":0,"agree":317,"disagree":3,"losts":0,"auto":1}
2026-08-26T11:19:47.073	ngr/loco/9950012/alert	{"level":"CLEAR","reason":"STATUS","loco":"9950012","uptime_ms":1219240,"nav":"NORMAL","moving":1,"pwm":88,"est_mm_s":205,"dir":"CW","session_dir":"CW","mdir":"FWD","rear":21,"front":26,"env":1515,"lc_mm":21,"last_confirmed_landmark":"","age_ms":1133,"since":0,"dead_reckoned_mm":21,"candidate_mm":-1,"viable":[],"lostm":0,"lost_ms":0,"agree":318,"disagree":3,"losts":0,"auto":1}
2026-08-26T11:19:48.063	ngr/loco/9950012/alert	{"level":"CLEAR","reason":"STATUS","loco":"9950012","uptime_ms":1220240,"nav":"NORMAL","moving":1,"pwm":90,"est_mm_s":249,"dir":"CW","session_dir":"CW","mdir":"FWD","rear":22,"front":27,"env":1500,"lc_mm":22,"last_confirmed_landmark":"","age_ms":871,"since":0,"dead_reckoned_mm":22,"candidate_mm":-1,"viable":[],"lostm":0,"lost_ms":0,"agree":319,"disagree":3,"losts":0,"auto":1}
2026-08-26T11:19:49.062	ngr/loco/9950012/alert	{"level":"CLEAR","reason":"STATUS","loco":"9950012","uptime_ms":1221240,"nav":"NORMAL","moving":1,"pwm":90,"est_mm_s":289,"dir":"CW","session_dir":"CW","mdir":"FWD","rear":23,"front":28,"env":1495,"lc_mm":23,"last_confirmed_landmark":"","age_ms":816,"since":0,"dead_reckoned_mm":23,"candidate_mm":-1,"viable":[],"lostm":0,"lost_ms":0,"agree":320,"disagree":3,"losts":0,"auto":1}
2026-08-26T11:19:50.065	ngr/loco/9950012/alert	{"level":"CLEAR","reason":"STATUS","loco":"9950012","uptime_ms":1222240,"nav":"NORMAL","moving":1,"pwm":90,"est_mm_s":277,"dir":"CW","session_dir":"CW","mdir":"FWD","rear":24,"front":29,"env":1495,"lc_mm":24,"last_confirmed_landmark":"","age_ms":733,"since":0,"dead_reckoned_mm":24,"candidate_mm":-1,"viable":[],"lostm":0,"lost_ms":0,"agree":321,"disagree":3,"losts":0,"auto":1}
2026-08-26T11:19:51.072	ngr/loco/9950012/alert	{"level":"CLEAR","reason":"STATUS","loco":"9950012","uptime_ms":1223240,"nav":"NORMAL","moving":1,"pwm":90,"est_mm_s":294,"dir":"CW","session_dir":"CW","mdir":"FWD","rear":25,"front":30,"env":1515,"lc_mm":25,"last_confirmed_landmark":"","age_ms":730,"since":0,"dead_reckoned_mm":25,"candidate_mm":-1,"viable":[],"lostm":0,"lost_ms":0,"agree":322,"disagree":3,"losts":0,"auto":1}
2026-08-26T11:19:52.063	ngr/loco/9950012/alert	{"level":"CLEAR","reason":"STATUS","loco":"9950012","uptime_ms":1224240,"nav":"NORMAL","moving":1,"pwm":90,"est_mm_s":305,"dir":"CW","session_dir":"CW","mdir":"FWD","rear":26,"front":31,"env":1545,"lc_mm":26,"last_confirmed_landmark":"","age_ms":747,"since":0,"dead_reckoned_mm":26,"candidate_mm":-1,"viable":[],"lostm":0,"lost_ms":0,"agree":323,"disagree":3,"losts":0,"auto":1}
2026-08-26T11:19:53.064	ngr/loco/9950012/alert	{"level":"CLEAR","reason":"STATUS","loco":"9950012","uptime_ms":1225240,"nav":"NORMAL","moving":1,"pwm":90,"est_mm_s":280,"dir":"CW","session_dir":"CW","mdir":"FWD","rear":27,"front":32,"env":1565,"lc_mm":27,"last_confirmed_landmark":"","age_ms":677,"since":0,"dead_reckoned_mm":27,"candidate_mm":-1,"viable":[],"lostm":0,"lost_ms":0,"agree":324,"disagree":3,"losts":0,"auto":1}
2026-08-26T11:19:54.059	ngr/loco/9950012/alert	{"level":"CLEAR","reason":"STATUS","loco":"9950012","uptime_ms":1226240,"nav":"NORMAL","moving":1,"pwm":90,"est_mm_s":272,"dir":"CW","session_dir":"CW","mdir":"FWD","rear":28,"front":33,"env":1580,"lc_mm":28,"last_confirmed_landmark":"","age_ms":578,"since":0,"dead_reckoned_mm":28,"candidate_mm":-1,"viable":[],"lostm":0,"lost_ms":0,"agree":325,"disagree":3,"losts":0,"auto":1}
2026-08-26T11:19:55.075	ngr/loco/9950012/alert	{"level":"CLEAR","reason":"STATUS","loco":"9950012","uptime_ms":1227240,"nav":"NORMAL","moving":1,"pwm":90,"est_mm_s":261,"dir":"CW","session_dir":"CW","mdir":"FWD","rear":29,"front":34,"env":1590,"lc_mm":29,"last_confirmed_landmark":"","age_ms":431,"since":0,"dead_reckoned_mm":29,"candidate_mm":-1,"viable":[],"lostm":0,"lost_ms":0,"agree":326,"disagree":3,"losts":0,"auto":1}
2026-08-26T11:19:56.065	ngr/loco/9950012/alert	{"level":"CLEAR","reason":"STATUS","loco":"9950012","uptime_ms":1228240,"nav":"NORMAL","moving":1,"pwm":90,"est_mm_s":259,"dir":"CW","session_dir":"CW","mdir":"FWD","rear":30,"front":35,"env":1575,"lc_mm":30,"last_confirmed_landmark":"","age_ms":215,"since":0,"dead_reckoned_mm":30,"candidate_mm":-1,"viable":[],"lostm":0,"lost_ms":0,"agree":327,"disagree":3,"losts":0,"auto":1}
2026-08-26T11:19:57.062	ngr/loco/9950012/alert	{"level":"CLEAR","reason":"STATUS","loco":"9950012","uptime_ms":1229240,"nav":"NORMAL","moving":1,"pwm":90,"est_mm_s":259,"dir":"CW","session_dir":"CW","mdir":"FWD","rear":30,"front":35,"env":1575,"lc_mm":30,"last_confirmed_landmark":"","age_ms":1215,"since":0,"dead_reckoned_mm":30,"candidate_mm":-1,"viable":[],"lostm":0,"lost_ms":0,"agree":327,"disagree":3,"losts":0,"auto":1}
2026-08-26T11:19:58.064	ngr/loco/9950012/alert	{"level":"CLEAR","reason":"STATUS","loco":"9950012","uptime_ms":1230240,"nav":"NORMAL","moving":1,"pwm":90,"est_mm_s":248,"dir":"CW","session_dir":"CW","mdir":"FWD","rear":31,"front":36,"env":1545,"lc_mm":31,"last_confirmed_landmark":"","age_ms":886,"since":0,"dead_reckoned_mm":31,"candidate_mm":-1,"viable":[],"lostm":0,"lost_ms":0,"agree":328,"disagree":3,"losts":0,"auto":1}
2026-08-26T11:19:59.062	ngr/loco/9950012/alert	{"level":"CLEAR","reason":"STATUS","loco":"9950012","uptime_ms":1231240,"nav":"NORMAL","moving":1,"pwm":90,"est_mm_s":236,"dir":"CW","session_dir":"CW","mdir":"FWD","rear":32,"front":37,"env":1525,"lc_mm":32,"last_confirmed_landmark":"","age_ms":531,"since":0,"dead_reckoned_mm":32,"candidate_mm":-1,"viable":[],"lostm":0,"lost_ms":0,"agree":329,"disagree":3,"losts":0,"auto":1}
2026-08-26T11:20:00.088	ngr/loco/9950012/alert	{"level":"CLEAR","reason":"STATUS","loco":"9950012","uptime_ms":1232245,"nav":"NORMAL","moving":1,"pwm":90,"est_mm_s":234,"dir":"CW","session_dir":"CW","mdir":"FWD","rear":33,"front":38,"env":1510,"lc_mm":33,"last_confirmed_landmark":"","age_ms":193,"since":0,"dead_reckoned_mm":33,"candidate_mm":-1,"viable":[],"lostm":0,"lost_ms":0,"agree":330,"disagree":3,"losts":0,"auto":1}
2026-08-26T11:20:01.073	ngr/loco/9950012/alert	{"level":"CLEAR","reason":"STATUS","loco":"9950012","uptime_ms":1233245,"nav":"NORMAL","moving":1,"pwm":90,"est_mm_s":234,"dir":"CW","session_dir":"CW","mdir":"FWD","rear":33,"front":38,"env":1510,"lc_mm":33,"last_confirmed_landmark":"","age_ms":1193,"since":0,"dead_reckoned_mm":33,"candidate_mm":-1,"viable":[],"lostm":0,"lost_ms":0,"agree":330,"disagree":3,"losts":0,"auto":1}
2026-08-26T11:20:02.064	ngr/loco/9950012/alert	{"level":"CLEAR","reason":"STATUS","loco":"9950012","uptime_ms":1234245,"nav":"NORMAL","moving":1,"pwm":90,"est_mm_s":244,"dir":"CW","session_dir":"CW","mdir":"FWD","rear":34,"front":39,"env":1500,"lc_mm":34,"last_confirmed_landmark":"","age_ms":923,"since":0,"dead_reckoned_mm":34,"candidate_mm":-1,"viable":[],"lostm":0,"lost_ms":0,"agree":331,"disagree":3,"losts":0,"auto":0}
2026-08-26T11:20:03.068	ngr/loco/9950012/alert	{"level":"CLEAR","reason":"STATUS","loco":"9950012","uptime_ms":1235245,"nav":"NORMAL","moving":1,"pwm":83,"est_mm_s":259,"dir":"CW","session_dir":"CW","mdir":"FWD","rear":35,"front":40,"env":1500,"lc_mm":35,"last_confirmed_landmark":"","age_ms":768,"since":0,"dead_reckoned_mm":35,"candidate_mm":-1,"viable":[],"lostm":0,"lost_ms":0,"agree":332,"disagree":3,"losts":0,"auto":0}
2026-08-26T11:20:04.070	ngr/loco/9950012/alert	{"level":"CLEAR","reason":"STATUS","loco":"9950012","uptime_ms":1236245,"nav":"NORMAL","moving":1,"pwm":76,"est_mm_s":244,"dir":"CW","session_dir":"CW","mdir":"FWD","rear":36,"front":41,"env":1500,"lc_mm":36,"last_confirmed_landmark":"","age_ms":542,"since":0,"dead_reckoned_mm":36,"candidate_mm":-1,"viable":[],"lostm":0,"lost_ms":0,"agree":333,"disagree":3,"losts":0,"auto":0}
2026-08-26T11:20:05.067	ngr/loco/9950012/alert	{"level":"CLEAR","reason":"STATUS","loco":"9950012","uptime_ms":1237245,"nav":"NORMAL","moving":1,"pwm":70,"est_mm_s":244,"dir":"CW","session_dir":"CW","mdir":"FWD","rear":36,"front":41,"env":1500,"lc_mm":36,"last_confirmed_landmark":"","age_ms":1542,"since":0,"dead_reckoned_mm":36,"candidate_mm":-1,"viable":[],"lostm":0,"lost_ms":0,"agree":333,"disagree":3,"losts":0,"auto":0}
2026-08-26T11:20:06.066	ngr/loco/9950012/alert	{"level":"CLEAR","reason":"STATUS","loco":"9950012","uptime_ms":1238245,"nav":"NORMAL","moving":1,"pwm":63,"est_mm_s":219,"dir":"CW","session_dir":"CW","mdir":"FWD","rear":37,"front":42,"env":1500,"lc_mm":37,"last_confirmed_landmark":"","age_ms":1176,"since":0,"dead_reckoned_mm":37,"candidate_mm":-1,"viable":[],"lostm":0,"lost_ms":0,"agree":334,"disagree":3,"losts":0,"auto":0}
2026-08-26T11:20:07.066	ngr/loco/9950012/alert	{"level":"CLEAR","reason":"STATUS","loco":"9950012","uptime_ms":1239245,"nav":"NORMAL","moving":1,"pwm":56,"est_mm_s":193,"dir":"CW","session_dir":"CW","mdir":"FWD","rear":38,"front":43,"env":1500,"lc_mm":38,"last_confirmed_landmark":"","age_ms":629,"since":0,"dead_reckoned_mm":38,"candidate_mm":-1,"viable":[],"lostm":0,"lost_ms":0,"agree":335,"disagree":3,"losts":0,"auto":0}
2026-08-26T11:20:08.068	ngr/loco/9950012/alert	{"level":"CLEAR","reason":"STATUS","loco":"9950012","uptime_ms":1240245,"nav":"NORMAL","moving":1,"pwm":50,"est_mm_s":193,"dir":"CW","session_dir":"CW","mdir":"FWD","rear":38,"front":43,"env":1500,"lc_mm":38,"last_confirmed_landmark":"","age_ms":1629,"since":0,"dead_reckoned_mm":38,"candidate_mm":-1,"viable":[],"lostm":0,"lost_ms":0,"agree":335,"disagree":3,"losts":0,"auto":0}
2026-08-26T11:20:09.070	ngr/loco/9950012/alert	{"level":"CLEAR","reason":"STATUS","loco":"9950012","uptime_ms":1241245,"nav":"NORMAL","moving":1,"pwm":43,"est_mm_s":149,"dir":"CW","session_dir":"CW","mdir":"FWD","rear":39,"front":44,"env":1500,"lc_mm":39,"last_confirmed_landmark":"","age_ms":626,"since":0,"dead_reckoned_mm":39,"candidate_mm":-1,"viable":[],"lostm":0,"lost_ms":0,"agree":336,"disagree":3,"losts":0,"auto":0}
2026-08-26T11:20:10.068	ngr/loco/9950012/alert	{"level":"CLEAR","reason":"STATUS","loco":"9950012","uptime_ms":1242245,"nav":"NORMAL","moving":1,"pwm":36,"est_mm_s":149,"dir":"CW","session_dir":"CW","mdir":"FWD","rear":39,"front":44,"env":1500,"lc_mm":39,"last_confirmed_landmark":"","age_ms":1626,"since":0,"dead_reckoned_mm":39,"candidate_mm":-1,"viable":[],"lostm":0,"lost_ms":0,"agree":336,"disagree":3,"losts":0,"auto":0}
2026-08-26T11:20:11.065	ngr/loco/9950012/alert	{"level":"CLEAR","reason":"STATUS","loco":"9950012","uptime_ms":1243245,"nav":"NORMAL","moving":1,"pwm":30,"est_mm_s":149,"dir":"CW","session_dir":"CW","mdir":"FWD","rear":39,"front":44,"env":1500,"lc_mm":39,"last_confirmed_landmark":"","age_ms":2626,"since":0,"dead_reckoned_mm":39,"candidate_mm":-1,"viable":[],"lostm":0,"lost_ms":0,"agree":336,"disagree":3,"losts":0,"auto":0}
2026-08-26T11:20:12.068	ngr/loco/9950012/alert	{"level":"CLEAR","reason":"STATUS","loco":"9950012","uptime_ms":1244245,"nav":"NORMAL","moving":1,"pwm":23,"est_mm_s":149,"dir":"CW","session_dir":"CW","mdir":"FWD","rear":39,"front":44,"env":1500,"lc_mm":39,"last_confirmed_landmark":"","age_ms":3626,"since":0,"dead_reckoned_mm":39,"candidate_mm":-1,"viable":[],"lostm":0,"lost_ms":0,"agree":336,"disagree":3,"losts":0,"auto":0}
2026-08-26T11:20:13.072	ngr/loco/9950012/alert	{"level":"CLEAR","reason":"STATUS","loco":"9950012","uptime_ms":1245245,"nav":"NORMAL","moving":1,"pwm":16,"est_mm_s":84,"dir":"CW","session_dir":"CW","mdir":"FWD","rear":40,"front":45,"env":1500,"lc_mm":40,"last_confirmed_landmark":"","age_ms":1089,"since":0,"dead_reckoned_mm":40,"candidate_mm":-1,"viable":[],"lostm":0,"lost_ms":0,"agree":337,"disagree":3,"losts":0,"auto":0}
2026-08-26T11:20:14.073	ngr/loco/9950012/alert	{"level":"CLEAR","reason":"STATUS","loco":"9950012","uptime_ms":1246245,"nav":"NORMAL","moving":1,"pwm":10,"est_mm_s":84,"dir":"CW","session_dir":"CW","mdir":"FWD","rear":40,"front":45,"env":1500,"lc_mm":40,"last_confirmed_landmark":"","age_ms":2089,"since":0,"dead_reckoned_mm":40,"candidate_mm":-1,"viable":[],"lostm":0,"lost_ms":0,"agree":337,"disagree":3,"losts":0,"auto":0}
2026-08-26T11:20:15.068	ngr/loco/9950012/alert	{"level":"CLEAR","reason":"STATUS","loco":"9950012","uptime_ms":1247245,"nav":"NORMAL","moving":1,"pwm":3,"est_mm_s":84,"dir":"CW","session_dir":"CW","mdir":"FWD","rear":40,"front":45,"env":1500,"lc_mm":40,"last_confirmed_landmark":"","age_ms":3089,"since":0,"dead_reckoned_mm":40,"candidate_mm":-1,"viable":[],"lostm":0,"lost_ms":0,"agree":337,"disagree":3,"losts":0,"auto":0}
2026-08-26T11:20:16.065	ngr/loco/9950012/alert	{"level":"CLEAR","reason":"STATUS","loco":"9950012","uptime_ms":1248245,"nav":"NORMAL","moving":0,"pwm":0,"est_mm_s":84,"dir":"CW","session_dir":"CW","mdir":"FWD","rear":40,"front":45,"env":1500,"lc_mm":40,"last_confirmed_landmark":"","age_ms":4089,"since":0,"dead_reckoned_mm":40,"candidate_mm":-1,"viable":[],"lostm":0,"lost_ms":0,"agree":337,"disagree":3,"losts":0,"auto":0}
2026-08-26T11:20:17.065	ngr/loco/9950012/alert	{"level":"CLEAR","reason":"STATUS","loco":"9950012","uptime_ms":1249245,"nav":"NORMAL","moving":0,"pwm":0,"est_mm_s":84,"dir":"CW","session_dir":"CW","mdir":"FWD","rear":40,"front":45,"env":1500,"lc_mm":40,"last_confirmed_landmark":"","age_ms":5089,"since":0,"dead_reckoned_mm":40,"candidate_mm":-1,"viable":[],"lostm":0,"lost_ms":0,"agree":337,"disagree":3,"losts":0,"auto":0}
2026-08-26T11:20:18.065	ngr/loco/9950012/alert	{"level":"CLEAR","reason":"STATUS","loco":"9950012","uptime_ms":1250245,"nav":"NORMAL","moving":0,"pwm":0,"est_mm_s":84,"dir":"CW","session_dir":"CW","mdir":"FWD","rear":40,"front":45,"env":1500,"lc_mm":40,"last_confirmed_landmark":"","age_ms":6089,"since":0,"dead_reckoned_mm":40,"candidate_mm":-1,"viable":[],"lostm":0,"lost_ms":0,"agree":337,"disagree":3,"losts":0,"auto":0}
2026-08-26T11:20:19.068	ngr/loco/9950012/alert	{"level":"CLEAR","reason":"STATUS","loco":"9950012","uptime_ms":1251245,"nav":"NORMAL","moving":0,"pwm":0,"est_mm_s":84,"dir":"CW","session_dir":"CW","mdir":"FWD","rear":40,"front":45,"env":1500,"lc_mm":40,"last_confirmed_landmark":"","age_ms":7089,"since":0,"dead_reckoned_mm":40,"candidate_mm":-1,"viable":[],"lostm":0,"lost_ms":0,"agree":337,"disagree":3,"losts":0,"auto":0}
2026-08-26T11:20:20.066	ngr/loco/9950012/alert	{"level":"CLEAR","reason":"STATUS","loco":"9950012","uptime_ms":1252245,"nav":"NORMAL","moving":0,"pwm":0,"est_mm_s":84,"dir":"CW","session_dir":"CW","mdir":"FWD","rear":40,"front":45,"env":1500,"lc_mm":40,"last_confirmed_landmark":"","age_ms":8089,"since":0,"dead_reckoned_mm":40,"candidate_mm":-1,"viable":[],"lostm":0,"lost_ms":0,"agree":337,"disagree":3,"losts":0,"auto":0}
2026-08-26T11:20:21.069	ngr/loco/9950012/alert	{"level":"CLEAR","reason":"STATUS","loco":"9950012","uptime_ms":1253245,"nav":"NORMAL","moving":0,"pwm":0,"est_mm_s":84,"dir":"CW","session_dir":"CW","mdir":"FWD","rear":40,"front":45,"env":1500,"lc_mm":40,"last_confirmed_landmark":"","age_ms":9089,"since":0,"dead_reckoned_mm":40,"candidate_mm":-1,"viable":[],"lostm":0,"lost_ms":0,"agree":337,"disagree":3,"losts":0,"auto":0}
2026-08-26T11:20:22.066	ngr/loco/9950012/alert	{"level":"CLEAR","reason":"STATUS","loco":"9950012","uptime_ms":1254245,"nav":"NORMAL","moving":0,"pwm":0,"est_mm_s":84,"dir":"CW","session_dir":"CW","mdir":"FWD","rear":40,"front":45,"env":1500,"lc_mm":40,"last_confirmed_landmark":"","age_ms":10089,"since":0,"dead_reckoned_mm":40,"candidate_mm":-1,"viable":[],"lostm":0,"lost_ms":0,"agree":337,"disagree":3,"losts":0,"auto":0}
2026-08-26T11:20:23.070	ngr/loco/9950012/alert	{"level":"CLEAR","reason":"STATUS","loco":"9950012","uptime_ms":1255245,"nav":"NORMAL","moving":0,"pwm":0,"est_mm_s":84,"dir":"CW","session_dir":"CW","mdir":"FWD","rear":40,"front":45,"env":1500,"lc_mm":40,"last_confirmed_landmark":"","age_ms":11089,"since":0,"dead_reckoned_mm":40,"candidate_mm":-1,"viable":[],"lostm":0,"lost_ms":0,"agree":337,"disagree":3,"losts":0,"auto":0}
2026-08-26T11:20:24.067	ngr/loco/9950012/alert	{"level":"CLEAR","reason":"STATUS","loco":"9950012","uptime_ms":1256245,"nav":"NORMAL","moving":0,"pwm":0,"est_mm_s":84,"dir":"CW","session_dir":"CW","mdir":"FWD","rear":40,"front":45,"env":1500,"lc_mm":40,"last_confirmed_landmark":"","age_ms":12089,"since":0,"dead_reckoned_mm":40,"candidate_mm":-1,"viable":[],"lostm":0,"lost_ms":0,"agree":337,"disagree":3,"losts":0,"auto":0}
2026-08-26T11:20:25.065	ngr/loco/9950012/alert	{"level":"CLEAR","reason":"STATUS","loco":"9950012","uptime_ms":1257245,"nav":"NORMAL","moving":0,"pwm":0,"est_mm_s":84,"dir":"CW","session_dir":"CW","mdir":"FWD","rear":40,"front":45,"env":1500,"lc_mm":40,"last_confirmed_landmark":"","age_ms":13089,"since":0,"dead_reckoned_mm":40,"candidate_mm":-1,"viable":[],"lostm":0,"lost_ms":0,"agree":337,"disagree":3,"losts":0,"auto":0}
2026-08-26T11:20:26.067	ngr/loco/9950012/alert	{"level":"CLEAR","reason":"STATUS","loco":"9950012","uptime_ms":1258245,"nav":"NORMAL","moving":0,"pwm":0,"est_mm_s":84,"dir":"CW","session_dir":"CW","mdir":"FWD","rear":40,"front":45,"env":1500,"lc_mm":40,"last_confirmed_landmark":"","age_ms":14089,"since":0,"dead_reckoned_mm":40,"candidate_mm":-1,"viable":[],"lostm":0,"lost_ms":0,"agree":337,"disagree":3,"losts":0,"auto":0}
2026-08-26T11:20:27.066	ngr/loco/9950012/alert	{"level":"CLEAR","reason":"STATUS","loco":"9950012","uptime_ms":1259245,"nav":"NORMAL","moving":0,"pwm":0,"est_mm_s":84,"dir":"CW","session_dir":"CW","mdir":"FWD","rear":40,"front":45,"env":1500,"lc_mm":40,"last_confirmed_landmark":"","age_ms":15089,"since":0,"dead_reckoned_mm":40,"candidate_mm":-1,"viable":[],"lostm":0,"lost_ms":0,"agree":337,"disagree":3,"losts":0,"auto":0}
2026-08-26T11:20:28.067	ngr/loco/9950012/alert	{"level":"CLEAR","reason":"STATUS","loco":"9950012","uptime_ms":1260245,"nav":"NORMAL","moving":0,"pwm":0,"est_mm_s":84,"dir":"CW","session_dir":"CW","mdir":"FWD","rear":40,"front":45,"env":1500,"lc_mm":40,"last_confirmed_landmark":"","age_ms":16089,"since":0,"dead_reckoned_mm":40,"candidate_mm":-1,"viable":[],"lostm":0,"lost_ms":0,"agree":337,"disagree":3,"losts":0,"auto":0}
2026-08-26T11:20:29.068	ngr/loco/9950012/alert	{"level":"CLEAR","reason":"STATUS","loco":"9950012","uptime_ms":1261245,"nav":"NORMAL","moving":0,"pwm":0,"est_mm_s":84,"dir":"CW","session_dir":"CW","mdir":"FWD","rear":40,"front":45,"env":1500,"lc_mm":40,"last_confirmed_landmark":"","age_ms":17089,"since":0,"dead_reckoned_mm":40,"candidate_mm":-1,"viable":[],"lostm":0,"lost_ms":0,"agree":337,"disagree":3,"losts":0,"auto":0}
2026-08-26T11:20:30.067	ngr/loco/9950012/alert	{"level":"CLEAR","reason":"STATUS","loco":"9950012","uptime_ms":1262245,"nav":"NORMAL","moving":0,"pwm":0,"est_mm_s":84,"dir":"CW","session_dir":"CW","mdir":"FWD","rear":40,"front":45,"env":1500,"lc_mm":40,"last_confirmed_landmark":"","age_ms":18089,"since":0,"dead_reckoned_mm":40,"candidate_mm":-1,"viable":[],"lostm":0,"lost_ms":0,"agree":337,"disagree":3,"losts":0,"auto":0}
2026-08-26T11:20:31.066	ngr/loco/9950012/alert	{"level":"CLEAR","reason":"STATUS","loco":"9950012","uptime_ms":1263245,"nav":"NORMAL","moving":0,"pwm":0,"est_mm_s":84,"dir":"CW","session_dir":"CW","mdir":"FWD","rear":40,"front":45,"env":1500,"lc_mm":40,"last_confirmed_landmark":"","age_ms":19089,"since":0,"dead_reckoned_mm":40,"candidate_mm":-1,"viable":[],"lostm":0,"lost_ms":0,"agree":337,"disagree":3,"losts":0,"auto":0}
2026-08-26T11:20:32.065	ngr/loco/9950012/alert	{"level":"CLEAR","reason":"STATUS","loco":"9950012","uptime_ms":1264245,"nav":"NORMAL","moving":0,"pwm":0,"est_mm_s":84,"dir":"CW","session_dir":"CW","mdir":"FWD","rear":40,"front":45,"env":1500,"lc_mm":40,"last_confirmed_landmark":"","age_ms":20089,"since":0,"dead_reckoned_mm":40,"candidate_mm":-1,"viable":[],"lostm":0,"lost_ms":0,"agree":337,"disagree":3,"losts":0,"auto":0}
2026-08-26T11:20:33.070	ngr/loco/9950012/alert	{"level":"CLEAR","reason":"STATUS","loco":"9950012","uptime_ms":1265245,"nav":"NORMAL","moving":0,"pwm":0,"est_mm_s":84,"dir":"CW","session_dir":"CW","mdir":"FWD","rear":40,"front":45,"env":1500,"lc_mm":40,"last_confirmed_landmark":"","age_ms":21089,"since":0,"dead_reckoned_mm":40,"candidate_mm":-1,"viable":[],"lostm":0,"lost_ms":0,"agree":337,"disagree":3,"losts":0,"auto":0}
2026-08-26T11:20:34.073	ngr/loco/9950012/alert	{"level":"CLEAR","reason":"STATUS","loco":"9950012","uptime_ms":1266245,"nav":"NORMAL","moving":0,"pwm":0,"est_mm_s":84,"dir":"CW","session_dir":"CW","mdir":"FWD","rear":40,"front":45,"env":1500,"lc_mm":40,"last_confirmed_landmark":"","age_ms":22089,"since":0,"dead_reckoned_mm":40,"candidate_mm":-1,"viable":[],"lostm":0,"lost_ms":0,"agree":337,"disagree":3,"losts":0,"auto":0}
2026-08-26T11:20:35.068	ngr/loco/9950012/alert	{"level":"CLEAR","reason":"STATUS","loco":"9950012","uptime_ms":1267245,"nav":"NORMAL","moving":0,"pwm":0,"est_mm_s":84,"dir":"CW","session_dir":"CW","mdir":"FWD","rear":40,"front":45,"env":1500,"lc_mm":40,"last_confirmed_landmark":"","age_ms":23089,"since":0,"dead_reckoned_mm":40,"candidate_mm":-1,"viable":[],"lostm":0,"lost_ms":0,"agree":337,"disagree":3,"losts":0,"auto":0}
2026-08-26T11:20:36.071	ngr/loco/9950012/alert	{"level":"CLEAR","reason":"STATUS","loco":"9950012","uptime_ms":1268245,"nav":"NORMAL","moving":0,"pwm":0,"est_mm_s":84,"dir":"CW","session_dir":"CW","mdir":"FWD","rear":40,"front":45,"env":1500,"lc_mm":40,"last_confirmed_landmark":"","age_ms":24089,"since":0,"dead_reckoned_mm":40,"candidate_mm":-1,"viable":[],"lostm":0,"lost_ms":0,"agree":337,"disagree":3,"losts":0,"auto":0}
2026-08-26T11:20:37.069	ngr/loco/9950012/alert	{"level":"CLEAR","reason":"STATUS","loco":"9950012","uptime_ms":1269245,"nav":"NORMAL","moving":0,"pwm":0,"est_mm_s":84,"dir":"CW","session_dir":"CW","mdir":"FWD","rear":40,"front":45,"env":1500,"lc_mm":40,"last_confirmed_landmark":"","age_ms":25089,"since":0,"dead_reckoned_mm":40,"candidate_mm":-1,"viable":[],"lostm":0,"lost_ms":0,"agree":337,"disagree":3,"losts":0,"auto":0}
2026-08-26T11:20:38.068	ngr/loco/9950012/alert	{"level":"CLEAR","reason":"STATUS","loco":"9950012","uptime_ms":1270245,"nav":"NORMAL","moving":0,"pwm":0,"est_mm_s":84,"dir":"CW","session_dir":"CW","mdir":"FWD","rear":40,"front":45,"env":1500,"lc_mm":40,"last_confirmed_landmark":"","age_ms":26089,"since":0,"dead_reckoned_mm":40,"candidate_mm":-1,"viable":[],"lostm":0,"lost_ms":0,"agree":337,"disagree":3,"losts":0,"auto":0}
2026-08-26T11:20:39.067	ngr/loco/9950012/alert	{"level":"CLEAR","reason":"STATUS","loco":"9950012","uptime_ms":1271245,"nav":"NORMAL","moving":0,"pwm":0,"est_mm_s":84,"dir":"CW","session_dir":"CW","mdir":"FWD","rear":40,"front":45,"env":1500,"lc_mm":40,"last_confirmed_landmark":"","age_ms":27089,"since":0,"dead_reckoned_mm":40,"candidate_mm":-1,"viable":[],"lostm":0,"lost_ms":0,"agree":337,"disagree":3,"losts":0,"auto":0}
2026-08-26T11:20:40.071	ngr/loco/9950012/alert	{"level":"CLEAR","reason":"STATUS","loco":"9950012","uptime_ms":1272245,"nav":"NORMAL","moving":0,"pwm":0,"est_mm_s":84,"dir":"CW","session_dir":"CW","mdir":"FWD","rear":40,"front":45,"env":1500,"lc_mm":40,"last_confirmed_landmark":"","age_ms":28089,"since":0,"dead_reckoned_mm":40,"candidate_mm":-1,"viable":[],"lostm":0,"lost_ms":0,"agree":337,"disagree":3,"losts":0,"auto":0}
2026-08-26T11:20:41.069	ngr/loco/9950012/alert	{"level":"CLEAR","reason":"STATUS","loco":"9950012","uptime_ms":1273245,"nav":"NORMAL","moving":0,"pwm":0,"est_mm_s":84,"dir":"CW","session_dir":"CW","mdir":"FWD","rear":40,"front":45,"env":1500,"lc_mm":40,"last_confirmed_landmark":"","age_ms":29089,"since":0,"dead_reckoned_mm":40,"candidate_mm":-1,"viable":[],"lostm":0,"lost_ms":0,"agree":337,"disagree":3,"losts":0,"auto":0}
2026-08-26T11:20:42.073	ngr/loco/9950012/alert	{"level":"CLEAR","reason":"STATUS","loco":"9950012","uptime_ms":1274245,"nav":"NORMAL","moving":0,"pwm":0,"est_mm_s":84,"dir":"CW","session_dir":"CW","mdir":"FWD","rear":40,"front":45,"env":1500,"lc_mm":40,"last_confirmed_landmark":"","age_ms":30089,"since":0,"dead_reckoned_mm":40,"candidate_mm":-1,"viable":[],"lostm":0,"lost_ms":0,"agree":337,"disagree":3,"losts":0,"auto":0}
2026-08-26T11:20:43.065	ngr/loco/9950012/alert	{"level":"CLEAR","reason":"STATUS","loco":"9950012","uptime_ms":1275245,"nav":"NORMAL","moving":0,"pwm":0,"est_mm_s":84,"dir":"CW","session_dir":"CW","mdir":"FWD","rear":40,"front":45,"env":1500,"lc_mm":40,"last_confirmed_landmark":"","age_ms":31089,"since":0,"dead_reckoned_mm":40,"candidate_mm":-1,"viable":[],"lostm":0,"lost_ms":0,"agree":337,"disagree":3,"losts":0,"auto":0}
2026-08-26T11:20:44.081	ngr/loco/9950012/alert	{"level":"CLEAR","reason":"STATUS","loco":"9950012","uptime_ms":1276245,"nav":"NORMAL","moving":0,"pwm":0,"est_mm_s":84,"dir":"CW","session_dir":"CW","mdir":"FWD","rear":40,"front":45,"env":1500,"lc_mm":40,"last_confirmed_landmark":"","age_ms":32089,"since":0,"dead_reckoned_mm":40,"candidate_mm":-1,"viable":[],"lostm":0,"lost_ms":0,"agree":337,"disagree":3,"losts":0,"auto":0}
2026-08-26T11:20:45.066	ngr/loco/9950012/alert	{"level":"CLEAR","reason":"STATUS","loco":"9950012","uptime_ms":1277245,"nav":"NORMAL","moving":0,"pwm":0,"est_mm_s":84,"dir":"CW","session_dir":"CW","mdir":"FWD","rear":40,"front":45,"env":1500,"lc_mm":40,"last_confirmed_landmark":"","age_ms":33089,"since":0,"dead_reckoned_mm":40,"candidate_mm":-1,"viable":[],"lostm":0,"lost_ms":0,"agree":337,"disagree":3,"losts":0,"auto":0}
2026-08-26T11:20:46.066	ngr/loco/9950012/alert	{"level":"CLEAR","reason":"STATUS","loco":"9950012","uptime_ms":1278245,"nav":"NORMAL","moving":0,"pwm":0,"est_mm_s":84,"dir":"CW","session_dir":"CW","mdir":"FWD","rear":40,"front":45,"env":1500,"lc_mm":40,"last_confirmed_landmark":"","age_ms":34089,"since":0,"dead_reckoned_mm":40,"candidate_mm":-1,"viable":[],"lostm":0,"lost_ms":0,"agree":337,"disagree":3,"losts":0,"auto":0}
2026-08-26T11:20:47.065	ngr/loco/9950012/alert	{"level":"CLEAR","reason":"STATUS","loco":"9950012","uptime_ms":1279245,"nav":"NORMAL","moving":0,"pwm":0,"est_mm_s":84,"dir":"CW","session_dir":"CW","mdir":"FWD","rear":40,"front":45,"env":1500,"lc_mm":40,"last_confirmed_landmark":"","age_ms":35089,"since":0,"dead_reckoned_mm":40,"candidate_mm":-1,"viable":[],"lostm":0,"lost_ms":0,"agree":337,"disagree":3,"losts":0,"auto":0}
2026-08-26T11:20:48.066	ngr/loco/9950012/alert	{"level":"CLEAR","reason":"STATUS","loco":"9950012","uptime_ms":1280245,"nav":"NORMAL","moving":0,"pwm":0,"est_mm_s":84,"dir":"CW","session_dir":"CW","mdir":"FWD","rear":40,"front":45,"env":1500,"lc_mm":40,"last_confirmed_landmark":"","age_ms":36089,"since":0,"dead_reckoned_mm":40,"candidate_mm":-1,"viable":[],"lostm":0,"lost_ms":0,"agree":337,"disagree":3,"losts":0,"auto":0}
2026-08-26T11:20:49.067	ngr/loco/9950012/alert	{"level":"CLEAR","reason":"STATUS","loco":"9950012","uptime_ms":1281245,"nav":"NORMAL","moving":0,"pwm":0,"est_mm_s":84,"dir":"CW","session_dir":"CW","mdir":"FWD","rear":40,"front":45,"env":1500,"lc_mm":40,"last_confirmed_landmark":"","age_ms":37089,"since":0,"dead_reckoned_mm":40,"candidate_mm":-1,"viable":[],"lostm":0,"lost_ms":0,"agree":337,"disagree":3,"losts":0,"auto":0}
2026-08-26T11:20:50.066	ngr/loco/9950012/alert	{"level":"CLEAR","reason":"STATUS","loco":"9950012","uptime_ms":1282245,"nav":"NORMAL","moving":0,"pwm":0,"est_mm_s":84,"dir":"CW","session_dir":"CW","mdir":"FWD","rear":40,"front":45,"env":1500,"lc_mm":40,"last_confirmed_landmark":"","age_ms":38089,"since":0,"dead_reckoned_mm":40,"candidate_mm":-1,"viable":[],"lostm":0,"lost_ms":0,"agree":337,"disagree":3,"losts":0,"auto":0}
2026-08-26T11:20:51.070	ngr/loco/9950012/alert	{"level":"CLEAR","reason":"STATUS","loco":"9950012","uptime_ms":1283245,"nav":"NORMAL","moving":0,"pwm":0,"est_mm_s":84,"dir":"CW","session_dir":"CW","mdir":"FWD","rear":40,"front":45,"env":1500,"lc_mm":40,"last_confirmed_landmark":"","age_ms":39089,"since":0,"dead_reckoned_mm":40,"candidate_mm":-1,"viable":[],"lostm":0,"lost_ms":0,"agree":337,"disagree":3,"losts":0,"auto":0}
2026-08-26T11:20:52.069	ngr/loco/9950012/alert	{"level":"CLEAR","reason":"STATUS","loco":"9950012","uptime_ms":1284245,"nav":"NORMAL","moving":0,"pwm":0,"est_mm_s":84,"dir":"CW","session_dir":"CW","mdir":"FWD","rear":40,"front":45,"env":1500,"lc_mm":40,"last_confirmed_landmark":"","age_ms":40089,"since":0,"dead_reckoned_mm":40,"candidate_mm":-1,"viable":[],"lostm":0,"lost_ms":0,"agree":337,"disagree":3,"losts":0,"auto":0}
2026-08-26T11:20:53.067	ngr/loco/9950012/alert	{"level":"CLEAR","reason":"STATUS","loco":"9950012","uptime_ms":1285245,"nav":"NORMAL","moving":0,"pwm":0,"est_mm_s":84,"dir":"CW","session_dir":"CW","mdir":"FWD","rear":40,"front":45,"env":1500,"lc_mm":40,"last_confirmed_landmark":"","age_ms":41089,"since":0,"dead_reckoned_mm":40,"candidate_mm":-1,"viable":[],"lostm":0,"lost_ms":0,"agree":337,"disagree":3,"losts":0,"auto":0}
2026-08-26T11:20:54.068	ngr/loco/9950012/alert	{"level":"CLEAR","reason":"STATUS","loco":"9950012","uptime_ms":1286245,"nav":"NORMAL","moving":0,"pwm":0,"est_mm_s":84,"dir":"CW","session_dir":"CW","mdir":"FWD","rear":40,"front":45,"env":1500,"lc_mm":40,"last_confirmed_landmark":"","age_ms":42089,"since":0,"dead_reckoned_mm":40,"candidate_mm":-1,"viable":[],"lostm":0,"lost_ms":0,"agree":337,"disagree":3,"losts":0,"auto":0}
2026-08-26T11:20:55.068	ngr/loco/9950012/alert	{"level":"CLEAR","reason":"STATUS","loco":"9950012","uptime_ms":1287245,"nav":"NORMAL","moving":0,"pwm":0,"est_mm_s":84,"dir":"CW","session_dir":"CW","mdir":"FWD","rear":40,"front":45,"env":1500,"lc_mm":40,"last_confirmed_landmark":"","age_ms":43089,"since":0,"dead_reckoned_mm":40,"candidate_mm":-1,"viable":[],"lostm":0,"lost_ms":0,"agree":337,"disagree":3,"losts":0,"auto":0}
2026-08-26T11:20:56.069	ngr/loco/9950012/alert	{"level":"CLEAR","reason":"STATUS","loco":"9950012","uptime_ms":1288245,"nav":"NORMAL","moving":0,"pwm":0,"est_mm_s":84,"dir":"CW","session_dir":"CW","mdir":"FWD","rear":40,"front":45,"env":1500,"lc_mm":40,"last_confirmed_landmark":"","age_ms":44089,"since":0,"dead_reckoned_mm":40,"candidate_mm":-1,"viable":[],"lostm":0,"lost_ms":0,"agree":337,"disagree":3,"losts":0,"auto":0}
2026-08-26T11:20:57.070	ngr/loco/9950012/alert	{"level":"CLEAR","reason":"STATUS","loco":"9950012","uptime_ms":1289245,"nav":"NORMAL","moving":0,"pwm":0,"est_mm_s":84,"dir":"CW","session_dir":"CW","mdir":"FWD","rear":40,"front":45,"env":1500,"lc_mm":40,"last_confirmed_landmark":"","age_ms":45089,"since":0,"dead_reckoned_mm":40,"candidate_mm":-1,"viable":[],"lostm":0,"lost_ms":0,"agree":337,"disagree":3,"losts":0,"auto":0}
2026-08-26T11:20:58.069	ngr/loco/9950012/alert	{"level":"CLEAR","reason":"STATUS","loco":"9950012","uptime_ms":1290245,"nav":"NORMAL","moving":0,"pwm":0,"est_mm_s":84,"dir":"CW","session_dir":"CW","mdir":"FWD","rear":40,"front":45,"env":1500,"lc_mm":40,"last_confirmed_landmark":"","age_ms":46089,"since":0,"dead_reckoned_mm":40,"candidate_mm":-1,"viable":[],"lostm":0,"lost_ms":0,"agree":337,"disagree":3,"losts":0,"auto":0}
2026-08-26T11:20:59.071	ngr/loco/9950012/alert	{"level":"CLEAR","reason":"STATUS","loco":"9950012","uptime_ms":1291245,"nav":"NORMAL","moving":0,"pwm":0,"est_mm_s":84,"dir":"CW","session_dir":"CW","mdir":"FWD","rear":40,"front":45,"env":1500,"lc_mm":40,"last_confirmed_landmark":"","age_ms":47089,"since":0,"dead_reckoned_mm":40,"candidate_mm":-1,"viable":[],"lostm":0,"lost_ms":0,"agree":337,"disagree":3,"losts":0,"auto":0}
2026-08-26T11:21:00.070	ngr/loco/9950012/alert	{"level":"CLEAR","reason":"STATUS","loco":"9950012","uptime_ms":1292245,"nav":"NORMAL","moving":0,"pwm":0,"est_mm_s":84,"dir":"CW","session_dir":"CW","mdir":"FWD","rear":40,"front":45,"env":1500,"lc_mm":40,"last_confirmed_landmark":"","age_ms":48089,"since":0,"dead_reckoned_mm":40,"candidate_mm":-1,"viable":[],"lostm":0,"lost_ms":0,"agree":337,"disagree":3,"losts":0,"auto":0}
2026-08-26T11:21:01.070	ngr/loco/9950012/alert	{"level":"CLEAR","reason":"STATUS","loco":"9950012","uptime_ms":1293245,"nav":"NORMAL","moving":0,"pwm":0,"est_mm_s":84,"dir":"CW","session_dir":"CW","mdir":"FWD","rear":40,"front":45,"env":1500,"lc_mm":40,"last_confirmed_landmark":"","age_ms":49089,"since":0,"dead_reckoned_mm":40,"candidate_mm":-1,"viable":[],"lostm":0,"lost_ms":0,"agree":337,"disagree":3,"losts":0,"auto":0}
2026-08-26T11:21:02.066	ngr/loco/9950012/alert	{"level":"CLEAR","reason":"STATUS","loco":"9950012","uptime_ms":1294245,"nav":"NORMAL","moving":0,"pwm":0,"est_mm_s":84,"dir":"CW","session_dir":"CW","mdir":"FWD","rear":40,"front":45,"env":1500,"lc_mm":40,"last_confirmed_landmark":"","age_ms":50089,"since":0,"dead_reckoned_mm":40,"candidate_mm":-1,"viable":[],"lostm":0,"lost_ms":0,"agree":337,"disagree":3,"losts":0,"auto":0}
2026-08-26T11:21:03.067	ngr/loco/9950012/alert	{"level":"CLEAR","reason":"STATUS","loco":"9950012","uptime_ms":1295245,"nav":"NORMAL","moving":0,"pwm":0,"est_mm_s":84,"dir":"CW","session_dir":"CW","mdir":"FWD","rear":40,"front":45,"env":1500,"lc_mm":40,"last_confirmed_landmark":"","age_ms":51089,"since":0,"dead_reckoned_mm":40,"candidate_mm":-1,"viable":[],"lostm":0,"lost_ms":0,"agree":337,"disagree":3,"losts":0,"auto":0}
2026-08-26T11:21:04.066	ngr/loco/9950012/alert	{"level":"CLEAR","reason":"STATUS","loco":"9950012","uptime_ms":1296245,"nav":"NORMAL","moving":0,"pwm":0,"est_mm_s":84,"dir":"CW","session_dir":"CW","mdir":"FWD","rear":40,"front":45,"env":1500,"lc_mm":40,"last_confirmed_landmark":"","age_ms":52089,"since":0,"dead_reckoned_mm":40,"candidate_mm":-1,"viable":[],"lostm":0,"lost_ms":0,"agree":337,"disagree":3,"losts":0,"auto":0}
2026-08-26T11:21:05.068	ngr/loco/9950012/alert	{"level":"CLEAR","reason":"STATUS","loco":"9950012","uptime_ms":1297245,"nav":"NORMAL","moving":0,"pwm":0,"est_mm_s":84,"dir":"CW","session_dir":"CW","mdir":"FWD","rear":40,"front":45,"env":1500,"lc_mm":40,"last_confirmed_landmark":"","age_ms":53089,"since":0,"dead_reckoned_mm":40,"candidate_mm":-1,"viable":[],"lostm":0,"lost_ms":0,"agree":337,"disagree":3,"losts":0,"auto":0}
2026-08-26T11:21:06.070	ngr/loco/9950012/alert	{"level":"CLEAR","reason":"STATUS","loco":"9950012","uptime_ms":1298245,"nav":"NORMAL","moving":0,"pwm":0,"est_mm_s":84,"dir":"CW","session_dir":"CW","mdir":"FWD","rear":40,"front":45,"env":1500,"lc_mm":40,"last_confirmed_landmark":"","age_ms":54089,"since":0,"dead_reckoned_mm":40,"candidate_mm":-1,"viable":[],"lostm":0,"lost_ms":0,"agree":337,"disagree":3,"losts":0,"auto":0}
2026-08-26T11:21:07.074	ngr/loco/9950012/alert	{"level":"CLEAR","reason":"STATUS","loco":"9950012","uptime_ms":1299245,"nav":"NORMAL","moving":0,"pwm":0,"est_mm_s":84,"dir":"CW","session_dir":"CW","mdir":"FWD","rear":40,"front":45,"env":1500,"lc_mm":40,"last_confirmed_landmark":"","age_ms":55089,"since":0,"dead_reckoned_mm":40,"candidate_mm":-1,"viable":[],"lostm":0,"lost_ms":0,"agree":337,"disagree":3,"losts":0,"auto":0}
2026-08-26T11:21:08.070	ngr/loco/9950012/alert	{"level":"CLEAR","reason":"STATUS","loco":"9950012","uptime_ms":1300245,"nav":"NORMAL","moving":0,"pwm":0,"est_mm_s":84,"dir":"CW","session_dir":"CW","mdir":"FWD","rear":40,"front":45,"env":1500,"lc_mm":40,"last_confirmed_landmark":"","age_ms":56089,"since":0,"dead_reckoned_mm":40,"candidate_mm":-1,"viable":[],"lostm":0,"lost_ms":0,"agree":337,"disagree":3,"losts":0,"auto":0}
2026-08-26T11:21:09.068	ngr/loco/9950012/alert	{"level":"CLEAR","reason":"STATUS","loco":"9950012","uptime_ms":1301245,"nav":"NORMAL","moving":0,"pwm":0,"est_mm_s":84,"dir":"CW","session_dir":"CW","mdir":"FWD","rear":40,"front":45,"env":1500,"lc_mm":40,"last_confirmed_landmark":"","age_ms":57089,"since":0,"dead_reckoned_mm":40,"candidate_mm":-1,"viable":[],"lostm":0,"lost_ms":0,"agree":337,"disagree":3,"losts":0,"auto":0}
2026-08-26T11:21:10.092	ngr/loco/9950012/alert	{"level":"CLEAR","reason":"STATUS","loco":"9950012","uptime_ms":1302245,"nav":"NORMAL","moving":0,"pwm":0,"est_mm_s":84,"dir":"CW","session_dir":"CW","mdir":"FWD","rear":40,"front":45,"env":1500,"lc_mm":40,"last_confirmed_landmark":"","age_ms":58089,"since":0,"dead_reckoned_mm":40,"candidate_mm":-1,"viable":[],"lostm":0,"lost_ms":0,"agree":337,"disagree":3,"losts":0,"auto":0}
2026-08-26T11:21:11.071	ngr/loco/9950012/alert	{"level":"CLEAR","reason":"STATUS","loco":"9950012","uptime_ms":1303245,"nav":"NORMAL","moving":0,"pwm":0,"est_mm_s":84,"dir":"CW","session_dir":"CW","mdir":"FWD","rear":40,"front":45,"env":1500,"lc_mm":40,"last_confirmed_landmark":"","age_ms":59089,"since":0,"dead_reckoned_mm":40,"candidate_mm":-1,"viable":[],"lostm":0,"lost_ms":0,"agree":337,"disagree":3,"losts":0,"auto":0}
2026-08-26T11:21:12.068	ngr/loco/9950012/alert	{"level":"CLEAR","reason":"STATUS","loco":"9950012","uptime_ms":1304245,"nav":"NORMAL","moving":0,"pwm":0,"est_mm_s":84,"dir":"CW","session_dir":"CW","mdir":"FWD","rear":40,"front":45,"env":1500,"lc_mm":40,"last_confirmed_landmark":"","age_ms":60089,"since":0,"dead_reckoned_mm":40,"candidate_mm":-1,"viable":[],"lostm":0,"lost_ms":0,"agree":337,"disagree":3,"losts":0,"auto":0}
2026-08-26T11:21:13.068	ngr/loco/9950012/alert	{"level":"CLEAR","reason":"STATUS","loco":"9950012","uptime_ms":1305245,"nav":"NORMAL","moving":0,"pwm":0,"est_mm_s":84,"dir":"CW","session_dir":"CW","mdir":"FWD","rear":40,"front":45,"env":1500,"lc_mm":40,"last_confirmed_landmark":"","age_ms":61089,"since":0,"dead_reckoned_mm":40,"candidate_mm":-1,"viable":[],"lostm":0,"lost_ms":0,"agree":337,"disagree":3,"losts":0,"auto":0}
2026-08-26T11:21:14.069	ngr/loco/9950012/alert	{"level":"CLEAR","reason":"STATUS","loco":"9950012","uptime_ms":1306245,"nav":"NORMAL","moving":0,"pwm":0,"est_mm_s":84,"dir":"CW","session_dir":"CW","mdir":"FWD","rear":40,"front":45,"env":1500,"lc_mm":40,"last_confirmed_landmark":"","age_ms":62089,"since":0,"dead_reckoned_mm":40,"candidate_mm":-1,"viable":[],"lostm":0,"lost_ms":0,"agree":337,"disagree":3,"losts":0,"auto":0}
2026-08-26T11:21:15.066	ngr/loco/9950012/alert	{"level":"CLEAR","reason":"STATUS","loco":"9950012","uptime_ms":1307245,"nav":"NORMAL","moving":0,"pwm":0,"est_mm_s":84,"dir":"CW","session_dir":"CW","mdir":"FWD","rear":40,"front":45,"env":1500,"lc_mm":40,"last_confirmed_landmark":"","age_ms":63089,"since":0,"dead_reckoned_mm":40,"candidate_mm":-1,"viable":[],"lostm":0,"lost_ms":0,"agree":337,"disagree":3,"losts":0,"auto":0}
2026-08-26T11:21:16.068	ngr/loco/9950012/alert	{"level":"CLEAR","reason":"STATUS","loco":"9950012","uptime_ms":1308245,"nav":"NORMAL","moving":0,"pwm":0,"est_mm_s":84,"dir":"CW","session_dir":"CW","mdir":"FWD","rear":40,"front":45,"env":1500,"lc_mm":40,"last_confirmed_landmark":"","age_ms":64089,"since":0,"dead_reckoned_mm":40,"candidate_mm":-1,"viable":[],"lostm":0,"lost_ms":0,"agree":337,"disagree":3,"losts":0,"auto":0}
2026-08-26T11:21:17.069	ngr/loco/9950012/alert	{"level":"CLEAR","reason":"STATUS","loco":"9950012","uptime_ms":1309245,"nav":"NORMAL","moving":0,"pwm":0,"est_mm_s":84,"dir":"CW","session_dir":"CW","mdir":"FWD","rear":40,"front":45,"env":1500,"lc_mm":40,"last_confirmed_landmark":"","age_ms":65089,"since":0,"dead_reckoned_mm":40,"candidate_mm":-1,"viable":[],"lostm":0,"lost_ms":0,"agree":337,"disagree":3,"losts":0,"auto":0}
2026-08-26T11:21:18.068	ngr/loco/9950012/alert	{"level":"CLEAR","reason":"STATUS","loco":"9950012","uptime_ms":1310245,"nav":"NORMAL","moving":0,"pwm":0,"est_mm_s":84,"dir":"CW","session_dir":"CW","mdir":"FWD","rear":40,"front":45,"env":1500,"lc_mm":40,"last_confirmed_landmark":"","age_ms":66089,"since":0,"dead_reckoned_mm":40,"candidate_mm":-1,"viable":[],"lostm":0,"lost_ms":0,"agree":337,"disagree":3,"losts":0,"auto":0}
2026-08-26T11:21:19.072	ngr/loco/9950012/alert	{"level":"CLEAR","reason":"STATUS","loco":"9950012","uptime_ms":1311245,"nav":"NORMAL","moving":0,"pwm":0,"est_mm_s":84,"dir":"CW","session_dir":"CW","mdir":"FWD","rear":40,"front":45,"env":1500,"lc_mm":40,"last_confirmed_landmark":"","age_ms":67089,"since":0,"dead_reckoned_mm":40,"candidate_mm":-1,"viable":[],"lostm":0,"lost_ms":0,"agree":337,"disagree":3,"losts":0,"auto":0}
