1786500520.349502634 ngr/loco/9950011/state/brake 0
1786500520.362522573 ngr/loco/9950011/state/start_mm 52
1786500520.363307297 ngr/loco/9950011/state/must_hold_eligible 0
1786500520.363472914 ngr/loco/9950011/state/bootid {"sketch":"QUORUM_1_13","loco":"9950011","deadband":25,"entry_margin":13,"min_peak":35,"floor_ms":40,"baseline":"median_128_at_500ms","quorum_trigger":3,"quorum_margin":2,"quorum_max":12}
1786500520.363551064 ngr/loco/9950011/state/nav_ready 1
1786500520.363637179 ngr/loco/9950011/state/throttle 0
1786500520.363699992 ngr/loco/9950011/state/direction 2
1786500520.363760712 ngr/loco/9950011/state/estop 0
1786500520.363821320 ngr/loco/9950011/state/auto 0
1786500520.363882391 ngr/loco/9950011/state/session_direction CCW
1786500520.363942944 ngr/loco/9950011/state/start_interval 036-037
1786500520.364007980 ngr/loco/9950011/state/lowvolt 0
1786500520.367474738 ngr/loco/9950011/profile/status {"loco_id": "9950011", "service_online": true, "published_at": "2026-08-12T02:04:33.678021+00:00", "cw": {"available": true, "version": 4, "run_count": 4, "updated": "2026-07-02T05:58:25.299011+00:00", "loco_event": null, "loco_source": null, "loco_ver": null, "loco_event_ts": null}, "ccw": {"available": true, "version": 1, "run_count": 1, "updated": "2026-07-02T02:37:38.911911+00:00", "loco_event": null, "loco_source": null, "loco_ver": null, "loco_event_ts": null}}
1786500520.367796433 ngr/loco/9950011/status/online 1
1786500520.367979129 ngr/loco/9950011/alert {"level":"CLEAR","reason":"STATUS","loco":"9950011","uptime_ms":519727,"nav":"NORMAL","moving":1,"pwm":15,"est_mm_s":122,"dir":"CCW","session_dir":"CCW","mdir":"FWD","rear":52,"front":47,"env":1500,"lc_mm":52,"last_confirmed_landmark":"","age_ms":4883,"since":0,"dead_reckoned_mm":52,"candidate_mm":-1,"viable":[],"lostm":0,"lost_ms":0,"agree":309,"disagree":2,"losts":0,"auto":0}
1786500520.368041886 ngr/loco/9950011/online 0
1786500520.368115572 ngr/loco/9950011/telem/voltage 14.80
1786500520.368176032 ngr/loco/9950011/telem/current 0.22
1786500520.368247106 ngr/loco/9950011/telem/power 3.24
1786500520.368307474 ngr/loco/9950012/online 0
1786500520.368386402 ngr/loco/9950012/state/bootid {"sketch":"QUORUM_1_6","loco":"9950012","deadband":25,"entry_margin":13,"min_peak":35,"floor_ms":40,"baseline":"median_128_at_500ms","quorum_trigger":3,"quorum_margin":2,"quorum_max":12}
1786500520.368451419 ngr/loco/9950012/state/throttle 100
1786500520.368516714 ngr/loco/9950012/state/direction 2
1786500520.368580619 ngr/loco/9950012/state/estop 0
1786500520.368646655 ngr/loco/9950012/state/auto 1
1786500520.368707115 ngr/loco/9950012/state/session_direction CCW
1786500520.368767483 ngr/loco/9950012/state/start_interval 044-045
1786500520.368833296 ngr/loco/9950012/state/start_mm 10
1786500520.368898387 ngr/loco/9950012/state/nav_ready 1
1786500520.368984336 ngr/loco/9950012/state/brake 0
1786500520.369052557 ngr/loco/9950012/state/must_hold_eligible 0
1786500520.369141543 ngr/loco/9950012/alert {"level":"CLEAR","reason":"STATUS","loco":"9950012","uptime_ms":929256,"nav":"NORMAL","moving":1,"pwm":100,"est_mm_s":284,"dir":"CCW","session_dir":"CCW","mdir":"FWD","rear":10,"front":5,"env":1540,"lc_mm":10,"last_confirmed_landmark":"","age_ms":378,"since":0,"dead_reckoned_mm":10,"candidate_mm":-1,"viable":[],"lostm":0,"lost_ms":0,"agree":201,"disagree":7,"losts":0,"auto":1}
1786500520.369266224 ngr/loco/9950012/profile/status {"loco_id": "9950012", "service_online": true, "published_at": "2026-08-12T02:04:34.312395+00:00", "cw": {"available": false, "version": null, "run_count": null, "updated": null, "loco_event": null, "loco_source": null, "loco_ver": null, "loco_event_ts": null}, "ccw": {"available": false, "version": null, "run_count": null, "updated": null, "loco_event": null, "loco_source": null, "loco_ver": null, "loco_event_ts": null}}
1786500520.369639192 ngr/spoke/IR_SPEED_SENSOR/status/online 0
1786500520.561186946 ngr/loco/9950011/alert {"level":"UNSET","reason":"STATUS","loco":"9950011","uptime_ms":2426,"nav":"UNSET","moving":0,"pwm":0,"est_mm_s":0,"dir":"UNSET","session_dir":"UNSET","mdir":"FWD","rear":0,"front":0,"env":0,"lc_mm":-1,"last_confirmed_landmark":"","age_ms":0,"since":0,"dead_reckoned_mm":0,"candidate_mm":-1,"viable":[],"lostm":0,"lost_ms":0,"agree":0,"disagree":0,"losts":0,"auto":0}
1786500520.576562963 ngr/loco/9950011/state/throttle 0
1786500520.579629728 ngr/loco/9950011/state/direction 2
1786500520.579755297 ngr/loco/9950011/state/estop 0
1786500520.579823982 ngr/loco/9950011/state/auto 0
1786500520.579889758 ngr/loco/9950011/state/session_direction UNSET
1786500520.579952423 ngr/loco/9950011/state/start_interval 000-000
1786500520.580253780 ngr/loco/9950011/state/start_mm 0
1786500520.599897171 ngr/loco/9950011/state/nav_ready 0
1786500520.614641932 ngr/loco/9950011/state/loopstat {"loop_max_gap_ms":2426,"hall_task_max_gap_ms":70,"hall_task_age_ms":1,"baseline":1902,"raw":1898,"delta":-4,"queue_drops":0,"floor_rejects":0,"queue_high_water":0,"mqtt_connect_ms":0,"mqtt_attempts":0,"pub_drops":0,"pub_queue_hw":9,"cmd_drops":0,"pub_per_s":9,"marker_pub_drops":0,"marker_pub_hw":0,"nav":"UNSET","mm":0,"miss_streak":0,"pwm":0,"lost_markers":0,"lost_ms":0,"motor_dir":"FWD"}
1786500520.617936829 ngr/loco/9950011/alert {"level":"UNSET","reason":"STATUS","loco":"9950011","uptime_ms":3426,"nav":"UNSET","moving":0,"pwm":0,"est_mm_s":0,"dir":"UNSET","session_dir":"UNSET","mdir":"FWD","rear":0,"front":0,"env":0,"lc_mm":-1,"last_confirmed_landmark":"","age_ms":0,"since":0,"dead_reckoned_mm":0,"candidate_mm":-1,"viable":[],"lostm":0,"lost_ms":0,"agree":0,"disagree":0,"losts":0,"auto":0}
1786500520.618967821 ngr/loco/9950011/state/loopstat {"loop_max_gap_ms":34,"hall_task_max_gap_ms":6,"hall_task_age_ms":1,"baseline":1902,"raw":1900,"delta":-2,"queue_drops":0,"floor_rejects":0,"queue_high_water":0,"mqtt_connect_ms":0,"mqtt_attempts":0,"pub_drops":0,"pub_queue_hw":11,"cmd_drops":0,"pub_per_s":1,"marker_pub_drops":0,"marker_pub_hw":0,"nav":"UNSET","mm":0,"miss_streak":0,"pwm":0,"lost_markers":0,"lost_ms":0,"motor_dir":"FWD"}
1786500520.619077072 ngr/loco/9950011/online 1
1786500520.619148702 ngr/loco/9950011/state/throttle 0
1786500520.619230204 ngr/loco/9950011/state/direction 2
1786500520.620358499 ngr/loco/9950011/state/brake 0
1786500520.680156031 ngr/loco/9950011/state/estop 0
1786500520.687835631 ngr/loco/9950011/state/auto 0
1786500520.688403779 ngr/loco/9950011/state/session_direction UNSET
1786500520.688483541 ngr/loco/9950011/state/start_interval 000-000
1786500520.688556745 ngr/loco/9950011/state/start_mm 0
1786500520.688636544 ngr/loco/9950011/state/must_hold_eligible 0
1786500520.688706432 ngr/loco/9950011/state/nav_ready 0
1786500520.688769282 ngr/loco/9950011/state/lowvolt 0
1786500520.688892944 ngr/loco/9950011/state/bootid {"sketch":"QUORUM_1_13","loco":"9950011","deadband":25,"entry_margin":13,"min_peak":35,"floor_ms":40,"baseline":"median_128_at_500ms","quorum_trigger":3,"quorum_margin":2,"quorum_max":12}
1786500520.689186169 ngr/loco/9950011/alert {"level":"UNSET","reason":"MQTT_CONNECT","loco":"9950011","uptime_ms":3758,"nav":"UNSET","moving":0,"pwm":0,"est_mm_s":0,"dir":"UNSET","session_dir":"UNSET","mdir":"FWD","rear":0,"front":0,"env":0,"lc_mm":-1,"last_confirmed_landmark":"","age_ms":0,"since":0,"dead_reckoned_mm":0,"candidate_mm":-1,"viable":[],"lostm":0,"lost_ms":0,"agree":0,"disagree":0,"losts":0,"auto":0}
1786500521.178980934 ngr/loco/9950011/state/loopstat {"loop_max_gap_ms":1,"hall_task_max_gap_ms":3,"hall_task_age_ms":1,"baseline":1902,"raw":1898,"delta":-4,"queue_drops":0,"floor_rejects":0,"queue_high_water":0,"mqtt_connect_ms":176,"mqtt_attempts":1,"pub_drops":0,"pub_queue_hw":26,"cmd_drops":0,"pub_per_s":14,"marker_pub_drops":0,"marker_pub_hw":0,"nav":"UNSET","mm":0,"miss_streak":0,"pwm":0,"lost_markers":0,"lost_ms":0,"motor_dir":"FWD"}
1786500521.475018897 ngr/loco/9950011/alert {"level":"UNSET","reason":"STATUS","loco":"9950011","uptime_ms":4758,"nav":"UNSET","moving":0,"pwm":0,"est_mm_s":0,"dir":"UNSET","session_dir":"UNSET","mdir":"FWD","rear":0,"front":0,"env":0,"lc_mm":-1,"last_confirmed_landmark":"","age_ms":0,"since":0,"dead_reckoned_mm":0,"candidate_mm":-1,"viable":[],"lostm":0,"lost_ms":0,"agree":0,"disagree":0,"losts":0,"auto":0}
1786500521.711144384 ngr/loco/9950011/telem/voltage 15.14
1786500521.724099731 ngr/loco/9950011/telem/current 0.18
1786500521.726858610 ngr/loco/9950011/telem/power 2.73
1786500522.176462123 ngr/loco/9950011/state/loopstat {"loop_max_gap_ms":22,"hall_task_max_gap_ms":2,"hall_task_age_ms":1,"baseline":1902,"raw":1899,"delta":-3,"queue_drops":0,"floor_rejects":0,"queue_high_water":0,"mqtt_connect_ms":176,"mqtt_attempts":1,"pub_drops":0,"pub_queue_hw":3,"cmd_drops":0,"pub_per_s":4,"marker_pub_drops":0,"marker_pub_hw":0,"nav":"UNSET","mm":0,"miss_streak":0,"pwm":0,"lost_markers":0,"lost_ms":0,"motor_dir":"FWD"}
1786500522.529191684 ngr/loco/9950011/alert {"level":"UNSET","reason":"STATUS","loco":"9950011","uptime_ms":5758,"nav":"UNSET","moving":0,"pwm":0,"est_mm_s":0,"dir":"UNSET","session_dir":"UNSET","mdir":"FWD","rear":0,"front":0,"env":0,"lc_mm":-1,"last_confirmed_landmark":"","age_ms":0,"since":0,"dead_reckoned_mm":0,"candidate_mm":-1,"viable":[],"lostm":0,"lost_ms":0,"agree":0,"disagree":0,"losts":0,"auto":0}
1786500523.170995689 ngr/loco/9950011/state/loopstat {"loop_max_gap_ms":23,"hall_task_max_gap_ms":2,"hall_task_age_ms":1,"baseline":1902,"raw":1900,"delta":-2,"queue_drops":0,"floor_rejects":0,"queue_high_water":0,"mqtt_connect_ms":176,"mqtt_attempts":1,"pub_drops":0,"pub_queue_hw":1,"cmd_drops":0,"pub_per_s":1,"marker_pub_drops":0,"marker_pub_hw":0,"nav":"UNSET","mm":0,"miss_streak":0,"pwm":0,"lost_markers":0,"lost_ms":0,"motor_dir":"FWD"}
1786500523.468777335 ngr/loco/9950011/alert {"level":"UNSET","reason":"STATUS","loco":"9950011","uptime_ms":6758,"nav":"UNSET","moving":0,"pwm":0,"est_mm_s":0,"dir":"UNSET","session_dir":"UNSET","mdir":"FWD","rear":0,"front":0,"env":0,"lc_mm":-1,"last_confirmed_landmark":"","age_ms":0,"since":0,"dead_reckoned_mm":0,"candidate_mm":-1,"viable":[],"lostm":0,"lost_ms":0,"agree":0,"disagree":0,"losts":0,"auto":0}
1786500524.192272443 ngr/loco/9950011/state/loopstat {"loop_max_gap_ms":23,"hall_task_max_gap_ms":2,"hall_task_age_ms":1,"baseline":1902,"raw":1900,"delta":-2,"queue_drops":0,"floor_rejects":0,"queue_high_water":0,"mqtt_connect_ms":176,"mqtt_attempts":1,"pub_drops":0,"pub_queue_hw":1,"cmd_drops":0,"pub_per_s":1,"marker_pub_drops":0,"marker_pub_hw":0,"nav":"UNSET","mm":0,"miss_streak":0,"pwm":0,"lost_markers":0,"lost_ms":0,"motor_dir":"FWD"}
1786500524.490331600 ngr/loco/9950011/alert {"level":"UNSET","reason":"STATUS","loco":"9950011","uptime_ms":7758,"nav":"UNSET","moving":0,"pwm":0,"est_mm_s":0,"dir":"UNSET","session_dir":"UNSET","mdir":"FWD","rear":0,"front":0,"env":0,"lc_mm":-1,"last_confirmed_landmark":"","age_ms":0,"since":0,"dead_reckoned_mm":0,"candidate_mm":-1,"viable":[],"lostm":0,"lost_ms":0,"agree":0,"disagree":0,"losts":0,"auto":0}
1786500525.181586416 ngr/loco/9950011/state/loopstat {"loop_max_gap_ms":23,"hall_task_max_gap_ms":2,"hall_task_age_ms":1,"baseline":1902,"raw":1899,"delta":-3,"queue_drops":0,"floor_rejects":0,"queue_high_water":0,"mqtt_connect_ms":176,"mqtt_attempts":1,"pub_drops":0,"pub_queue_hw":1,"cmd_drops":0,"pub_per_s":1,"marker_pub_drops":0,"marker_pub_hw":0,"nav":"UNSET","mm":0,"miss_streak":0,"pwm":0,"lost_markers":0,"lost_ms":0,"motor_dir":"FWD"}
1786500525.486641180 ngr/loco/9950011/alert {"level":"UNSET","reason":"STATUS","loco":"9950011","uptime_ms":8758,"nav":"UNSET","moving":0,"pwm":0,"est_mm_s":0,"dir":"UNSET","session_dir":"UNSET","mdir":"FWD","rear":0,"front":0,"env":0,"lc_mm":-1,"last_confirmed_landmark":"","age_ms":0,"since":0,"dead_reckoned_mm":0,"candidate_mm":-1,"viable":[],"lostm":0,"lost_ms":0,"agree":0,"disagree":0,"losts":0,"auto":0}
1786500526.175268283 ngr/loco/9950011/state/loopstat {"loop_max_gap_ms":23,"hall_task_max_gap_ms":2,"hall_task_age_ms":1,"baseline":1902,"raw":1900,"delta":-2,"queue_drops":0,"floor_rejects":0,"queue_high_water":0,"mqtt_connect_ms":176,"mqtt_attempts":1,"pub_drops":0,"pub_queue_hw":1,"cmd_drops":0,"pub_per_s":1,"marker_pub_drops":0,"marker_pub_hw":0,"nav":"UNSET","mm":0,"miss_streak":0,"pwm":0,"lost_markers":0,"lost_ms":0,"motor_dir":"FWD"}
1786500526.492755713 ngr/loco/9950011/alert {"level":"UNSET","reason":"STATUS","loco":"9950011","uptime_ms":9758,"nav":"UNSET","moving":0,"pwm":0,"est_mm_s":0,"dir":"UNSET","session_dir":"UNSET","mdir":"FWD","rear":0,"front":0,"env":0,"lc_mm":-1,"last_confirmed_landmark":"","age_ms":0,"since":0,"dead_reckoned_mm":0,"candidate_mm":-1,"viable":[],"lostm":0,"lost_ms":0,"agree":0,"disagree":0,"losts":0,"auto":0}
1786500526.711340036 ngr/loco/9950011/telem/voltage 15.14
1786500526.720462817 ngr/loco/9950011/telem/current 0.19
1786500526.721820611 ngr/loco/9950011/telem/power 2.87
1786500527.171884450 ngr/loco/9950011/state/loopstat {"loop_max_gap_ms":23,"hall_task_max_gap_ms":2,"hall_task_age_ms":1,"baseline":1902,"raw":1900,"delta":-2,"queue_drops":0,"floor_rejects":0,"queue_high_water":0,"mqtt_connect_ms":176,"mqtt_attempts":1,"pub_drops":0,"pub_queue_hw":3,"cmd_drops":0,"pub_per_s":4,"marker_pub_drops":0,"marker_pub_hw":0,"nav":"UNSET","mm":0,"miss_streak":0,"pwm":0,"lost_markers":0,"lost_ms":0,"motor_dir":"FWD"}
1786500527.476025830 ngr/loco/9950011/alert {"level":"UNSET","reason":"STATUS","loco":"9950011","uptime_ms":10758,"nav":"UNSET","moving":0,"pwm":0,"est_mm_s":0,"dir":"UNSET","session_dir":"UNSET","mdir":"FWD","rear":0,"front":0,"env":0,"lc_mm":-1,"last_confirmed_landmark":"","age_ms":0,"since":0,"dead_reckoned_mm":0,"candidate_mm":-1,"viable":[],"lostm":0,"lost_ms":0,"agree":0,"disagree":0,"losts":0,"auto":0}
1786500528.173308591 ngr/loco/9950011/state/loopstat {"loop_max_gap_ms":23,"hall_task_max_gap_ms":2,"hall_task_age_ms":1,"baseline":1902,"raw":1899,"delta":-3,"queue_drops":0,"floor_rejects":0,"queue_high_water":0,"mqtt_connect_ms":176,"mqtt_attempts":1,"pub_drops":0,"pub_queue_hw":1,"cmd_drops":0,"pub_per_s":1,"marker_pub_drops":0,"marker_pub_hw":0,"nav":"UNSET","mm":0,"miss_streak":0,"pwm":0,"lost_markers":0,"lost_ms":0,"motor_dir":"FWD"}
1786500528.542181055 ngr/loco/9950011/alert {"level":"UNSET","reason":"STATUS","loco":"9950011","uptime_ms":11758,"nav":"UNSET","moving":0,"pwm":0,"est_mm_s":0,"dir":"UNSET","session_dir":"UNSET","mdir":"FWD","rear":0,"front":0,"env":0,"lc_mm":-1,"last_confirmed_landmark":"","age_ms":0,"since":0,"dead_reckoned_mm":0,"candidate_mm":-1,"viable":[],"lostm":0,"lost_ms":0,"agree":0,"disagree":0,"losts":0,"auto":0}
1786500529.215375567 ngr/loco/9950011/state/loopstat {"loop_max_gap_ms":23,"hall_task_max_gap_ms":2,"hall_task_age_ms":1,"baseline":1902,"raw":1899,"delta":-3,"queue_drops":0,"floor_rejects":0,"queue_high_water":0,"mqtt_connect_ms":176,"mqtt_attempts":1,"pub_drops":0,"pub_queue_hw":1,"cmd_drops":0,"pub_per_s":1,"marker_pub_drops":0,"marker_pub_hw":0,"nav":"UNSET","mm":0,"miss_streak":0,"pwm":0,"lost_markers":0,"lost_ms":0,"motor_dir":"FWD"}
1786500529.501608579 ngr/loco/9950011/alert {"level":"UNSET","reason":"STATUS","loco":"9950011","uptime_ms":12758,"nav":"UNSET","moving":0,"pwm":0,"est_mm_s":0,"dir":"UNSET","session_dir":"UNSET","mdir":"FWD","rear":0,"front":0,"env":0,"lc_mm":-1,"last_confirmed_landmark":"","age_ms":0,"since":0,"dead_reckoned_mm":0,"candidate_mm":-1,"viable":[],"lostm":0,"lost_ms":0,"agree":0,"disagree":0,"losts":0,"auto":0}
1786500530.189517817 ngr/loco/9950011/state/loopstat {"loop_max_gap_ms":23,"hall_task_max_gap_ms":2,"hall_task_age_ms":1,"baseline":1902,"raw":1900,"delta":-2,"queue_drops":0,"floor_rejects":0,"queue_high_water":0,"mqtt_connect_ms":176,"mqtt_attempts":1,"pub_drops":0,"pub_queue_hw":1,"cmd_drops":0,"pub_per_s":1,"marker_pub_drops":0,"marker_pub_hw":0,"nav":"UNSET","mm":0,"miss_streak":0,"pwm":0,"lost_markers":0,"lost_ms":0,"motor_dir":"FWD"}
1786500530.541651454 ngr/loco/9950011/alert {"level":"UNSET","reason":"STATUS","loco":"9950011","uptime_ms":13758,"nav":"UNSET","moving":0,"pwm":0,"est_mm_s":0,"dir":"UNSET","session_dir":"UNSET","mdir":"FWD","rear":0,"front":0,"env":0,"lc_mm":-1,"last_confirmed_landmark":"","age_ms":0,"since":0,"dead_reckoned_mm":0,"candidate_mm":-1,"viable":[],"lostm":0,"lost_ms":0,"agree":0,"disagree":0,"losts":0,"auto":0}
1786500531.208516484 ngr/loco/9950011/state/loopstat {"loop_max_gap_ms":23,"hall_task_max_gap_ms":2,"hall_task_age_ms":1,"baseline":1902,"raw":1900,"delta":-2,"queue_drops":0,"floor_rejects":0,"queue_high_water":0,"mqtt_connect_ms":176,"mqtt_attempts":1,"pub_drops":0,"pub_queue_hw":1,"cmd_drops":0,"pub_per_s":1,"marker_pub_drops":0,"marker_pub_hw":0,"nav":"UNSET","mm":0,"miss_streak":0,"pwm":0,"lost_markers":0,"lost_ms":0,"motor_dir":"FWD"}
1786500531.596975597 ngr/loco/9950011/alert {"level":"UNSET","reason":"STATUS","loco":"9950011","uptime_ms":14758,"nav":"UNSET","moving":0,"pwm":0,"est_mm_s":0,"dir":"UNSET","session_dir":"UNSET","mdir":"FWD","rear":0,"front":0,"env":0,"lc_mm":-1,"last_confirmed_landmark":"","age_ms":0,"since":0,"dead_reckoned_mm":0,"candidate_mm":-1,"viable":[],"lostm":0,"lost_ms":0,"agree":0,"disagree":0,"losts":0,"auto":0}
1786500531.775683823 ngr/loco/9950011/telem/voltage 15.14
1786500531.784850030 ngr/loco/9950011/telem/current 0.18
1786500531.785499661 ngr/loco/9950011/telem/power 2.74
1786500532.195754748 ngr/loco/9950011/state/loopstat {"loop_max_gap_ms":23,"hall_task_max_gap_ms":3,"hall_task_age_ms":1,"baseline":1902,"raw":1898,"delta":-4,"queue_drops":0,"floor_rejects":0,"queue_high_water":0,"mqtt_connect_ms":176,"mqtt_attempts":1,"pub_drops":0,"pub_queue_hw":3,"cmd_drops":0,"pub_per_s":4,"marker_pub_drops":0,"marker_pub_hw":0,"nav":"UNSET","mm":0,"miss_streak":0,"pwm":0,"lost_markers":0,"lost_ms":0,"motor_dir":"FWD"}
1786500532.513557257 ngr/loco/9950011/alert {"level":"UNSET","reason":"STATUS","loco":"9950011","uptime_ms":15758,"nav":"UNSET","moving":0,"pwm":0,"est_mm_s":0,"dir":"UNSET","session_dir":"UNSET","mdir":"FWD","rear":0,"front":0,"env":0,"lc_mm":-1,"last_confirmed_landmark":"","age_ms":0,"since":0,"dead_reckoned_mm":0,"candidate_mm":-1,"viable":[],"lostm":0,"lost_ms":0,"agree":0,"disagree":0,"losts":0,"auto":0}
1786500533.171721048 ngr/loco/9950011/state/loopstat {"loop_max_gap_ms":22,"hall_task_max_gap_ms":2,"hall_task_age_ms":1,"baseline":1902,"raw":1899,"delta":-3,"queue_drops":0,"floor_rejects":0,"queue_high_water":0,"mqtt_connect_ms":176,"mqtt_attempts":1,"pub_drops":0,"pub_queue_hw":1,"cmd_drops":0,"pub_per_s":1,"marker_pub_drops":0,"marker_pub_hw":0,"nav":"UNSET","mm":0,"miss_streak":0,"pwm":0,"lost_markers":0,"lost_ms":0,"motor_dir":"FWD"}
1786500533.481276906 ngr/loco/9950011/alert {"level":"UNSET","reason":"STATUS","loco":"9950011","uptime_ms":16758,"nav":"UNSET","moving":0,"pwm":0,"est_mm_s":0,"dir":"UNSET","session_dir":"UNSET","mdir":"FWD","rear":0,"front":0,"env":0,"lc_mm":-1,"last_confirmed_landmark":"","age_ms":0,"since":0,"dead_reckoned_mm":0,"candidate_mm":-1,"viable":[],"lostm":0,"lost_ms":0,"agree":0,"disagree":0,"losts":0,"auto":0}
1786500534.170419205 ngr/loco/9950011/state/loopstat {"loop_max_gap_ms":23,"hall_task_max_gap_ms":2,"hall_task_age_ms":1,"baseline":1902,"raw":1901,"delta":-1,"queue_drops":0,"floor_rejects":0,"queue_high_water":0,"mqtt_connect_ms":176,"mqtt_attempts":1,"pub_drops":0,"pub_queue_hw":1,"cmd_drops":0,"pub_per_s":1,"marker_pub_drops":0,"marker_pub_hw":0,"nav":"UNSET","mm":0,"miss_streak":0,"pwm":0,"lost_markers":0,"lost_ms":0,"motor_dir":"FWD"}
1786500534.483687633 ngr/loco/9950011/alert {"level":"UNSET","reason":"STATUS","loco":"9950011","uptime_ms":17758,"nav":"UNSET","moving":0,"pwm":0,"est_mm_s":0,"dir":"UNSET","session_dir":"UNSET","mdir":"FWD","rear":0,"front":0,"env":0,"lc_mm":-1,"last_confirmed_landmark":"","age_ms":0,"since":0,"dead_reckoned_mm":0,"candidate_mm":-1,"viable":[],"lostm":0,"lost_ms":0,"agree":0,"disagree":0,"losts":0,"auto":0}
1786500535.197313467 ngr/loco/9950011/state/loopstat {"loop_max_gap_ms":22,"hall_task_max_gap_ms":2,"hall_task_age_ms":1,"baseline":1902,"raw":1898,"delta":-4,"queue_drops":0,"floor_rejects":0,"queue_high_water":0,"mqtt_connect_ms":176,"mqtt_attempts":1,"pub_drops":0,"pub_queue_hw":1,"cmd_drops":0,"pub_per_s":1,"marker_pub_drops":0,"marker_pub_hw":0,"nav":"UNSET","mm":0,"miss_streak":0,"pwm":0,"lost_markers":0,"lost_ms":0,"motor_dir":"FWD"}
1786500535.492254593 ngr/loco/9950011/alert {"level":"UNSET","reason":"STATUS","loco":"9950011","uptime_ms":18758,"nav":"UNSET","moving":0,"pwm":0,"est_mm_s":0,"dir":"UNSET","session_dir":"UNSET","mdir":"FWD","rear":0,"front":0,"env":0,"lc_mm":-1,"last_confirmed_landmark":"","age_ms":0,"since":0,"dead_reckoned_mm":0,"candidate_mm":-1,"viable":[],"lostm":0,"lost_ms":0,"agree":0,"disagree":0,"losts":0,"auto":0}
1786500536.223578059 ngr/loco/9950011/state/loopstat {"loop_max_gap_ms":23,"hall_task_max_gap_ms":2,"hall_task_age_ms":1,"baseline":1902,"raw":1899,"delta":-3,"queue_drops":0,"floor_rejects":0,"queue_high_water":0,"mqtt_connect_ms":176,"mqtt_attempts":1,"pub_drops":0,"pub_queue_hw":1,"cmd_drops":0,"pub_per_s":1,"marker_pub_drops":0,"marker_pub_hw":0,"nav":"UNSET","mm":0,"miss_streak":0,"pwm":0,"lost_markers":0,"lost_ms":0,"motor_dir":"FWD"}
1786500536.548031931 ngr/loco/9950011/alert {"level":"UNSET","reason":"STATUS","loco":"9950011","uptime_ms":19758,"nav":"UNSET","moving":0,"pwm":0,"est_mm_s":0,"dir":"UNSET","session_dir":"UNSET","mdir":"FWD","rear":0,"front":0,"env":0,"lc_mm":-1,"last_confirmed_landmark":"","age_ms":0,"since":0,"dead_reckoned_mm":0,"candidate_mm":-1,"viable":[],"lostm":0,"lost_ms":0,"agree":0,"disagree":0,"losts":0,"auto":0}
1786500536.727266082 ngr/loco/9950011/telem/voltage 15.13
1786500536.744598424 ngr/loco/9950011/telem/current 0.18
1786500536.747823184 ngr/loco/9950011/telem/power 2.83
1786500537.196402604 ngr/loco/9950011/state/loopstat {"loop_max_gap_ms":23,"hall_task_max_gap_ms":3,"hall_task_age_ms":1,"baseline":1902,"raw":1899,"delta":-3,"queue_drops":0,"floor_rejects":0,"queue_high_water":0,"mqtt_connect_ms":176,"mqtt_attempts":1,"pub_drops":0,"pub_queue_hw":3,"cmd_drops":0,"pub_per_s":4,"marker_pub_drops":0,"marker_pub_hw":0,"nav":"UNSET","mm":0,"miss_streak":0,"pwm":0,"lost_markers":0,"lost_ms":0,"motor_dir":"FWD"}
1786500537.480242441 ngr/loco/9950011/alert {"level":"UNSET","reason":"STATUS","loco":"9950011","uptime_ms":20758,"nav":"UNSET","moving":0,"pwm":0,"est_mm_s":0,"dir":"UNSET","session_dir":"UNSET","mdir":"FWD","rear":0,"front":0,"env":0,"lc_mm":-1,"last_confirmed_landmark":"","age_ms":0,"since":0,"dead_reckoned_mm":0,"candidate_mm":-1,"viable":[],"lostm":0,"lost_ms":0,"agree":0,"disagree":0,"losts":0,"auto":0}
1786500538.176144611 ngr/loco/9950011/state/loopstat {"loop_max_gap_ms":23,"hall_task_max_gap_ms":2,"hall_task_age_ms":1,"baseline":1902,"raw":1899,"delta":-3,"queue_drops":0,"floor_rejects":0,"queue_high_water":0,"mqtt_connect_ms":176,"mqtt_attempts":1,"pub_drops":0,"pub_queue_hw":1,"cmd_drops":0,"pub_per_s":1,"marker_pub_drops":0,"marker_pub_hw":0,"nav":"UNSET","mm":0,"miss_streak":0,"pwm":0,"lost_markers":0,"lost_ms":0,"motor_dir":"FWD"}
1786500538.490929412 ngr/loco/9950011/alert {"level":"UNSET","reason":"STATUS","loco":"9950011","uptime_ms":21758,"nav":"UNSET","moving":0,"pwm":0,"est_mm_s":0,"dir":"UNSET","session_dir":"UNSET","mdir":"FWD","rear":0,"front":0,"env":0,"lc_mm":-1,"last_confirmed_landmark":"","age_ms":0,"since":0,"dead_reckoned_mm":0,"candidate_mm":-1,"viable":[],"lostm":0,"lost_ms":0,"agree":0,"disagree":0,"losts":0,"auto":0}
1786500539.179882017 ngr/loco/9950011/state/loopstat {"loop_max_gap_ms":23,"hall_task_max_gap_ms":2,"hall_task_age_ms":1,"baseline":1902,"raw":1901,"delta":-1,"queue_drops":0,"floor_rejects":0,"queue_high_water":0,"mqtt_connect_ms":176,"mqtt_attempts":1,"pub_drops":0,"pub_queue_hw":1,"cmd_drops":0,"pub_per_s":1,"marker_pub_drops":0,"marker_pub_hw":0,"nav":"UNSET","mm":0,"miss_streak":0,"pwm":0,"lost_markers":0,"lost_ms":0,"motor_dir":"FWD"}
1786500539.486678915 ngr/loco/9950011/alert {"level":"UNSET","reason":"STATUS","loco":"9950011","uptime_ms":22758,"nav":"UNSET","moving":0,"pwm":0,"est_mm_s":0,"dir":"UNSET","session_dir":"UNSET","mdir":"FWD","rear":0,"front":0,"env":0,"lc_mm":-1,"last_confirmed_landmark":"","age_ms":0,"since":0,"dead_reckoned_mm":0,"candidate_mm":-1,"viable":[],"lostm":0,"lost_ms":0,"agree":0,"disagree":0,"losts":0,"auto":0}
1786500540.200788728 ngr/loco/9950011/state/loopstat {"loop_max_gap_ms":23,"hall_task_max_gap_ms":2,"hall_task_age_ms":1,"baseline":1902,"raw":1900,"delta":-2,"queue_drops":0,"floor_rejects":0,"queue_high_water":0,"mqtt_connect_ms":176,"mqtt_attempts":1,"pub_drops":0,"pub_queue_hw":1,"cmd_drops":0,"pub_per_s":1,"marker_pub_drops":0,"marker_pub_hw":0,"nav":"UNSET","mm":0,"miss_streak":0,"pwm":0,"lost_markers":0,"lost_ms":0,"motor_dir":"FWD"}
1786500540.531436934 ngr/loco/9950011/alert {"level":"UNSET","reason":"STATUS","loco":"9950011","uptime_ms":23758,"nav":"UNSET","moving":0,"pwm":0,"est_mm_s":0,"dir":"UNSET","session_dir":"UNSET","mdir":"FWD","rear":0,"front":0,"env":0,"lc_mm":-1,"last_confirmed_landmark":"","age_ms":0,"since":0,"dead_reckoned_mm":0,"candidate_mm":-1,"viable":[],"lostm":0,"lost_ms":0,"agree":0,"disagree":0,"losts":0,"auto":0}
1786500541.199313376 ngr/loco/9950011/state/loopstat {"loop_max_gap_ms":23,"hall_task_max_gap_ms":2,"hall_task_age_ms":1,"baseline":1902,"raw":1901,"delta":-1,"queue_drops":0,"floor_rejects":0,"queue_high_water":0,"mqtt_connect_ms":176,"mqtt_attempts":1,"pub_drops":0,"pub_queue_hw":1,"cmd_drops":0,"pub_per_s":1,"marker_pub_drops":0,"marker_pub_hw":0,"nav":"UNSET","mm":0,"miss_streak":0,"pwm":0,"lost_markers":0,"lost_ms":0,"motor_dir":"FWD"}
1786500541.504480079 ngr/loco/9950011/alert {"level":"UNSET","reason":"STATUS","loco":"9950011","uptime_ms":24758,"nav":"UNSET","moving":0,"pwm":0,"est_mm_s":0,"dir":"UNSET","session_dir":"UNSET","mdir":"FWD","rear":0,"front":0,"env":0,"lc_mm":-1,"last_confirmed_landmark":"","age_ms":0,"since":0,"dead_reckoned_mm":0,"candidate_mm":-1,"viable":[],"lostm":0,"lost_ms":0,"agree":0,"disagree":0,"losts":0,"auto":0}
1786500541.718219180 ngr/loco/9950011/telem/voltage 15.13
1786500541.730887563 ngr/loco/9950011/telem/current 0.18
1786500541.733060217 ngr/loco/9950011/telem/power 2.77
1786500542.179644100 ngr/loco/9950011/state/loopstat {"loop_max_gap_ms":23,"hall_task_max_gap_ms":2,"hall_task_age_ms":1,"baseline":1902,"raw":1902,"delta":0,"queue_drops":0,"floor_rejects":0,"queue_high_water":0,"mqtt_connect_ms":176,"mqtt_attempts":1,"pub_drops":0,"pub_queue_hw":3,"cmd_drops":0,"pub_per_s":4,"marker_pub_drops":0,"marker_pub_hw":0,"nav":"UNSET","mm":0,"miss_streak":0,"pwm":0,"lost_markers":0,"lost_ms":0,"motor_dir":"FWD"}
1786500542.474692570 ngr/loco/9950011/alert {"level":"UNSET","reason":"STATUS","loco":"9950011","uptime_ms":25758,"nav":"UNSET","moving":0,"pwm":0,"est_mm_s":0,"dir":"UNSET","session_dir":"UNSET","mdir":"FWD","rear":0,"front":0,"env":0,"lc_mm":-1,"last_confirmed_landmark":"","age_ms":0,"since":0,"dead_reckoned_mm":0,"candidate_mm":-1,"viable":[],"lostm":0,"lost_ms":0,"agree":0,"disagree":0,"losts":0,"auto":0}
1786500543.176487693 ngr/loco/9950011/state/loopstat {"loop_max_gap_ms":23,"hall_task_max_gap_ms":2,"hall_task_age_ms":1,"baseline":1902,"raw":1901,"delta":-1,"queue_drops":0,"floor_rejects":0,"queue_high_water":0,"mqtt_connect_ms":176,"mqtt_attempts":1,"pub_drops":0,"pub_queue_hw":1,"cmd_drops":0,"pub_per_s":1,"marker_pub_drops":0,"marker_pub_hw":0,"nav":"UNSET","mm":0,"miss_streak":0,"pwm":0,"lost_markers":0,"lost_ms":0,"motor_dir":"FWD"}
1786500543.494276648 ngr/loco/9950011/alert {"level":"UNSET","reason":"STATUS","loco":"9950011","uptime_ms":26758,"nav":"UNSET","moving":0,"pwm":0,"est_mm_s":0,"dir":"UNSET","session_dir":"UNSET","mdir":"FWD","rear":0,"front":0,"env":0,"lc_mm":-1,"last_confirmed_landmark":"","age_ms":0,"since":0,"dead_reckoned_mm":0,"candidate_mm":-1,"viable":[],"lostm":0,"lost_ms":0,"agree":0,"disagree":0,"losts":0,"auto":0}
1786500544.172382513 ngr/loco/9950011/state/loopstat {"loop_max_gap_ms":23,"hall_task_max_gap_ms":2,"hall_task_age_ms":1,"baseline":1902,"raw":1899,"delta":-3,"queue_drops":0,"floor_rejects":0,"queue_high_water":0,"mqtt_connect_ms":176,"mqtt_attempts":1,"pub_drops":0,"pub_queue_hw":1,"cmd_drops":0,"pub_per_s":1,"marker_pub_drops":0,"marker_pub_hw":0,"nav":"UNSET","mm":0,"miss_streak":0,"pwm":0,"lost_markers":0,"lost_ms":0,"motor_dir":"FWD"}
1786500544.500491875 ngr/loco/9950011/alert {"level":"UNSET","reason":"STATUS","loco":"9950011","uptime_ms":27758,"nav":"UNSET","moving":0,"pwm":0,"est_mm_s":0,"dir":"UNSET","session_dir":"UNSET","mdir":"FWD","rear":0,"front":0,"env":0,"lc_mm":-1,"last_confirmed_landmark":"","age_ms":0,"since":0,"dead_reckoned_mm":0,"candidate_mm":-1,"viable":[],"lostm":0,"lost_ms":0,"agree":0,"disagree":0,"losts":0,"auto":0}
1786500545.175644559 ngr/loco/9950011/state/loopstat {"loop_max_gap_ms":22,"hall_task_max_gap_ms":2,"hall_task_age_ms":1,"baseline":1902,"raw":1899,"delta":-3,"queue_drops":0,"floor_rejects":0,"queue_high_water":0,"mqtt_connect_ms":176,"mqtt_attempts":1,"pub_drops":0,"pub_queue_hw":1,"cmd_drops":0,"pub_per_s":1,"marker_pub_drops":0,"marker_pub_hw":0,"nav":"UNSET","mm":0,"miss_streak":0,"pwm":0,"lost_markers":0,"lost_ms":0,"motor_dir":"FWD"}
1786500545.484019324 ngr/loco/9950011/alert {"level":"UNSET","reason":"STATUS","loco":"9950011","uptime_ms":28758,"nav":"UNSET","moving":0,"pwm":0,"est_mm_s":0,"dir":"UNSET","session_dir":"UNSET","mdir":"FWD","rear":0,"front":0,"env":0,"lc_mm":-1,"last_confirmed_landmark":"","age_ms":0,"since":0,"dead_reckoned_mm":0,"candidate_mm":-1,"viable":[],"lostm":0,"lost_ms":0,"agree":0,"disagree":0,"losts":0,"auto":0}
1786500546.174257744 ngr/loco/9950011/state/loopstat {"loop_max_gap_ms":23,"hall_task_max_gap_ms":2,"hall_task_age_ms":1,"baseline":1902,"raw":1898,"delta":-4,"queue_drops":0,"floor_rejects":0,"queue_high_water":0,"mqtt_connect_ms":176,"mqtt_attempts":1,"pub_drops":0,"pub_queue_hw":1,"cmd_drops":0,"pub_per_s":1,"marker_pub_drops":0,"marker_pub_hw":0,"nav":"UNSET","mm":0,"miss_streak":0,"pwm":0,"lost_markers":0,"lost_ms":0,"motor_dir":"FWD"}
1786500546.487543979 ngr/loco/9950011/alert {"level":"UNSET","reason":"STATUS","loco":"9950011","uptime_ms":29758,"nav":"UNSET","moving":0,"pwm":0,"est_mm_s":0,"dir":"UNSET","session_dir":"UNSET","mdir":"FWD","rear":0,"front":0,"env":0,"lc_mm":-1,"last_confirmed_landmark":"","age_ms":0,"since":0,"dead_reckoned_mm":0,"candidate_mm":-1,"viable":[],"lostm":0,"lost_ms":0,"agree":0,"disagree":0,"losts":0,"auto":0}
1786500546.716849978 ngr/loco/9950011/telem/voltage 15.11
1786500546.728281244 ngr/loco/9950011/telem/current 0.18
1786500546.730483678 ngr/loco/9950011/telem/power 2.71
1786500547.175279783 ngr/loco/9950011/state/loopstat {"loop_max_gap_ms":23,"hall_task_max_gap_ms":2,"hall_task_age_ms":1,"baseline":1902,"raw":1900,"delta":-2,"queue_drops":0,"floor_rejects":0,"queue_high_water":0,"mqtt_connect_ms":176,"mqtt_attempts":1,"pub_drops":0,"pub_queue_hw":3,"cmd_drops":0,"pub_per_s":4,"marker_pub_drops":0,"marker_pub_hw":0,"nav":"UNSET","mm":0,"miss_streak":0,"pwm":0,"lost_markers":0,"lost_ms":0,"motor_dir":"FWD"}
1786500547.479282975 ngr/loco/9950011/alert {"level":"UNSET","reason":"STATUS","loco":"9950011","uptime_ms":30758,"nav":"UNSET","moving":0,"pwm":0,"est_mm_s":0,"dir":"UNSET","session_dir":"UNSET","mdir":"FWD","rear":0,"front":0,"env":0,"lc_mm":-1,"last_confirmed_landmark":"","age_ms":0,"since":0,"dead_reckoned_mm":0,"candidate_mm":-1,"viable":[],"lostm":0,"lost_ms":0,"agree":0,"disagree":0,"losts":0,"auto":0}
1786500548.177366503 ngr/loco/9950011/state/loopstat {"loop_max_gap_ms":23,"hall_task_max_gap_ms":2,"hall_task_age_ms":1,"baseline":1902,"raw":1902,"delta":0,"queue_drops":0,"floor_rejects":0,"queue_high_water":0,"mqtt_connect_ms":176,"mqtt_attempts":1,"pub_drops":0,"pub_queue_hw":1,"cmd_drops":0,"pub_per_s":1,"marker_pub_drops":0,"marker_pub_hw":0,"nav":"UNSET","mm":0,"miss_streak":0,"pwm":0,"lost_markers":0,"lost_ms":0,"motor_dir":"FWD"}
1786500548.497516690 ngr/loco/9950011/alert {"level":"UNSET","reason":"STATUS","loco":"9950011","uptime_ms":31758,"nav":"UNSET","moving":0,"pwm":0,"est_mm_s":0,"dir":"UNSET","session_dir":"UNSET","mdir":"FWD","rear":0,"front":0,"env":0,"lc_mm":-1,"last_confirmed_landmark":"","age_ms":0,"since":0,"dead_reckoned_mm":0,"candidate_mm":-1,"viable":[],"lostm":0,"lost_ms":0,"agree":0,"disagree":0,"losts":0,"auto":0}
1786500549.172003829 ngr/loco/9950011/state/loopstat {"loop_max_gap_ms":23,"hall_task_max_gap_ms":2,"hall_task_age_ms":1,"baseline":1902,"raw":1899,"delta":-3,"queue_drops":0,"floor_rejects":0,"queue_high_water":0,"mqtt_connect_ms":176,"mqtt_attempts":1,"pub_drops":0,"pub_queue_hw":1,"cmd_drops":0,"pub_per_s":1,"marker_pub_drops":0,"marker_pub_hw":0,"nav":"UNSET","mm":0,"miss_streak":0,"pwm":0,"lost_markers":0,"lost_ms":0,"motor_dir":"FWD"}
1786500549.475961808 ngr/loco/9950011/alert {"level":"UNSET","reason":"STATUS","loco":"9950011","uptime_ms":32758,"nav":"UNSET","moving":0,"pwm":0,"est_mm_s":0,"dir":"UNSET","session_dir":"UNSET","mdir":"FWD","rear":0,"front":0,"env":0,"lc_mm":-1,"last_confirmed_landmark":"","age_ms":0,"since":0,"dead_reckoned_mm":0,"candidate_mm":-1,"viable":[],"lostm":0,"lost_ms":0,"agree":0,"disagree":0,"losts":0,"auto":0}
1786500550.174984322 ngr/loco/9950011/state/loopstat {"loop_max_gap_ms":23,"hall_task_max_gap_ms":2,"hall_task_age_ms":1,"baseline":1902,"raw":1901,"delta":-1,"queue_drops":0,"floor_rejects":0,"queue_high_water":0,"mqtt_connect_ms":176,"mqtt_attempts":1,"pub_drops":0,"pub_queue_hw":1,"cmd_drops":0,"pub_per_s":1,"marker_pub_drops":0,"marker_pub_hw":0,"nav":"UNSET","mm":0,"miss_streak":0,"pwm":0,"lost_markers":0,"lost_ms":0,"motor_dir":"FWD"}
1786500550.487265813 ngr/loco/9950011/alert {"level":"UNSET","reason":"STATUS","loco":"9950011","uptime_ms":33758,"nav":"UNSET","moving":0,"pwm":0,"est_mm_s":0,"dir":"UNSET","session_dir":"UNSET","mdir":"FWD","rear":0,"front":0,"env":0,"lc_mm":-1,"last_confirmed_landmark":"","age_ms":0,"since":0,"dead_reckoned_mm":0,"candidate_mm":-1,"viable":[],"lostm":0,"lost_ms":0,"agree":0,"disagree":0,"losts":0,"auto":0}
1786500551.174563770 ngr/loco/9950011/state/loopstat {"loop_max_gap_ms":23,"hall_task_max_gap_ms":2,"hall_task_age_ms":1,"baseline":1902,"raw":1901,"delta":-1,"queue_drops":0,"floor_rejects":0,"queue_high_water":0,"mqtt_connect_ms":176,"mqtt_attempts":1,"pub_drops":0,"pub_queue_hw":1,"cmd_drops":0,"pub_per_s":1,"marker_pub_drops":0,"marker_pub_hw":0,"nav":"UNSET","mm":0,"miss_streak":0,"pwm":0,"lost_markers":0,"lost_ms":0,"motor_dir":"FWD"}
1786500551.489213099 ngr/loco/9950011/alert {"level":"UNSET","reason":"STATUS","loco":"9950011","uptime_ms":34758,"nav":"UNSET","moving":0,"pwm":0,"est_mm_s":0,"dir":"UNSET","session_dir":"UNSET","mdir":"FWD","rear":0,"front":0,"env":0,"lc_mm":-1,"last_confirmed_landmark":"","age_ms":0,"since":0,"dead_reckoned_mm":0,"candidate_mm":-1,"viable":[],"lostm":0,"lost_ms":0,"agree":0,"disagree":0,"losts":0,"auto":0}
1786500551.712974935 ngr/loco/9950011/telem/voltage 15.11
1786500551.718662147 ngr/loco/9950011/telem/current 0.17
1786500551.719515806 ngr/loco/9950011/telem/power 2.33
1786500552.177621006 ngr/loco/9950011/state/loopstat {"loop_max_gap_ms":23,"hall_task_max_gap_ms":2,"hall_task_age_ms":1,"baseline":1902,"raw":1902,"delta":0,"queue_drops":0,"floor_rejects":0,"queue_high_water":0,"mqtt_connect_ms":176,"mqtt_attempts":1,"pub_drops":0,"pub_queue_hw":3,"cmd_drops":0,"pub_per_s":4,"marker_pub_drops":0,"marker_pub_hw":0,"nav":"UNSET","mm":0,"miss_streak":0,"pwm":0,"lost_markers":0,"lost_ms":0,"motor_dir":"FWD"}
1786500552.498411707 ngr/loco/9950011/alert {"level":"UNSET","reason":"STATUS","loco":"9950011","uptime_ms":35758,"nav":"UNSET","moving":0,"pwm":0,"est_mm_s":0,"dir":"UNSET","session_dir":"UNSET","mdir":"FWD","rear":0,"front":0,"env":0,"lc_mm":-1,"last_confirmed_landmark":"","age_ms":0,"since":0,"dead_reckoned_mm":0,"candidate_mm":-1,"viable":[],"lostm":0,"lost_ms":0,"agree":0,"disagree":0,"losts":0,"auto":0}
1786500553.175352452 ngr/loco/9950011/state/loopstat {"loop_max_gap_ms":23,"hall_task_max_gap_ms":2,"hall_task_age_ms":1,"baseline":1902,"raw":1900,"delta":-2,"queue_drops":0,"floor_rejects":0,"queue_high_water":0,"mqtt_connect_ms":176,"mqtt_attempts":1,"pub_drops":0,"pub_queue_hw":1,"cmd_drops":0,"pub_per_s":1,"marker_pub_drops":0,"marker_pub_hw":0,"nav":"UNSET","mm":0,"miss_streak":0,"pwm":0,"lost_markers":0,"lost_ms":0,"motor_dir":"FWD"}
1786500553.493324720 ngr/loco/9950011/alert {"level":"UNSET","reason":"STATUS","loco":"9950011","uptime_ms":36758,"nav":"UNSET","moving":0,"pwm":0,"est_mm_s":0,"dir":"UNSET","session_dir":"UNSET","mdir":"FWD","rear":0,"front":0,"env":0,"lc_mm":-1,"last_confirmed_landmark":"","age_ms":0,"since":0,"dead_reckoned_mm":0,"candidate_mm":-1,"viable":[],"lostm":0,"lost_ms":0,"agree":0,"disagree":0,"losts":0,"auto":0}
1786500554.175412003 ngr/loco/9950011/state/loopstat {"loop_max_gap_ms":23,"hall_task_max_gap_ms":2,"hall_task_age_ms":1,"baseline":1902,"raw":1901,"delta":-1,"queue_drops":0,"floor_rejects":0,"queue_high_water":0,"mqtt_connect_ms":176,"mqtt_attempts":1,"pub_drops":0,"pub_queue_hw":1,"cmd_drops":0,"pub_per_s":1,"marker_pub_drops":0,"marker_pub_hw":0,"nav":"UNSET","mm":0,"miss_streak":0,"pwm":0,"lost_markers":0,"lost_ms":0,"motor_dir":"FWD"}
1786500554.488562827 ngr/loco/9950011/alert {"level":"UNSET","reason":"STATUS","loco":"9950011","uptime_ms":37758,"nav":"UNSET","moving":0,"pwm":0,"est_mm_s":0,"dir":"UNSET","session_dir":"UNSET","mdir":"FWD","rear":0,"front":0,"env":0,"lc_mm":-1,"last_confirmed_landmark":"","age_ms":0,"since":0,"dead_reckoned_mm":0,"candidate_mm":-1,"viable":[],"lostm":0,"lost_ms":0,"agree":0,"disagree":0,"losts":0,"auto":0}
1786500555.179635011 ngr/loco/9950011/state/loopstat {"loop_max_gap_ms":23,"hall_task_max_gap_ms":2,"hall_task_age_ms":1,"baseline":1902,"raw":1902,"delta":0,"queue_drops":0,"floor_rejects":0,"queue_high_water":0,"mqtt_connect_ms":176,"mqtt_attempts":1,"pub_drops":0,"pub_queue_hw":1,"cmd_drops":0,"pub_per_s":1,"marker_pub_drops":0,"marker_pub_hw":0,"nav":"UNSET","mm":0,"miss_streak":0,"pwm":0,"lost_markers":0,"lost_ms":0,"motor_dir":"FWD"}
1786500555.480355568 ngr/loco/9950011/alert {"level":"UNSET","reason":"STATUS","loco":"9950011","uptime_ms":38758,"nav":"UNSET","moving":0,"pwm":0,"est_mm_s":0,"dir":"UNSET","session_dir":"UNSET","mdir":"FWD","rear":0,"front":0,"env":0,"lc_mm":-1,"last_confirmed_landmark":"","age_ms":0,"since":0,"dead_reckoned_mm":0,"candidate_mm":-1,"viable":[],"lostm":0,"lost_ms":0,"agree":0,"disagree":0,"losts":0,"auto":0}
1786500556.177088527 ngr/loco/9950011/state/loopstat {"loop_max_gap_ms":22,"hall_task_max_gap_ms":2,"hall_task_age_ms":1,"baseline":1902,"raw":1900,"delta":-2,"queue_drops":0,"floor_rejects":0,"queue_high_water":0,"mqtt_connect_ms":176,"mqtt_attempts":1,"pub_drops":0,"pub_queue_hw":1,"cmd_drops":0,"pub_per_s":1,"marker_pub_drops":0,"marker_pub_hw":0,"nav":"UNSET","mm":0,"miss_streak":0,"pwm":0,"lost_markers":0,"lost_ms":0,"motor_dir":"FWD"}
1786500556.484960336 ngr/loco/9950011/alert {"level":"UNSET","reason":"STATUS","loco":"9950011","uptime_ms":39758,"nav":"UNSET","moving":0,"pwm":0,"est_mm_s":0,"dir":"UNSET","session_dir":"UNSET","mdir":"FWD","rear":0,"front":0,"env":0,"lc_mm":-1,"last_confirmed_landmark":"","age_ms":0,"since":0,"dead_reckoned_mm":0,"candidate_mm":-1,"viable":[],"lostm":0,"lost_ms":0,"agree":0,"disagree":0,"losts":0,"auto":0}
1786500556.723071244 ngr/loco/9950011/telem/voltage 15.07
1786500556.735221000 ngr/loco/9950011/telem/current 0.20
1786500556.736803448 ngr/loco/9950011/telem/power 2.97
1786500557.182049929 ngr/loco/9950011/state/loopstat {"loop_max_gap_ms":23,"hall_task_max_gap_ms":2,"hall_task_age_ms":1,"baseline":1902,"raw":1902,"delta":0,"queue_drops":0,"floor_rejects":0,"queue_high_water":0,"mqtt_connect_ms":176,"mqtt_attempts":1,"pub_drops":0,"pub_queue_hw":3,"cmd_drops":0,"pub_per_s":4,"marker_pub_drops":0,"marker_pub_hw":0,"nav":"UNSET","mm":0,"miss_streak":0,"pwm":0,"lost_markers":0,"lost_ms":0,"motor_dir":"FWD"}
1786500557.484743558 ngr/loco/9950011/alert {"level":"UNSET","reason":"STATUS","loco":"9950011","uptime_ms":40758,"nav":"UNSET","moving":0,"pwm":0,"est_mm_s":0,"dir":"UNSET","session_dir":"UNSET","mdir":"FWD","rear":0,"front":0,"env":0,"lc_mm":-1,"last_confirmed_landmark":"","age_ms":0,"since":0,"dead_reckoned_mm":0,"candidate_mm":-1,"viable":[],"lostm":0,"lost_ms":0,"agree":0,"disagree":0,"losts":0,"auto":0}
1786500558.182996934 ngr/loco/9950011/state/loopstat {"loop_max_gap_ms":23,"hall_task_max_gap_ms":2,"hall_task_age_ms":1,"baseline":1902,"raw":1902,"delta":0,"queue_drops":0,"floor_rejects":0,"queue_high_water":0,"mqtt_connect_ms":176,"mqtt_attempts":1,"pub_drops":0,"pub_queue_hw":1,"cmd_drops":0,"pub_per_s":1,"marker_pub_drops":0,"marker_pub_hw":0,"nav":"UNSET","mm":0,"miss_streak":0,"pwm":0,"lost_markers":0,"lost_ms":0,"motor_dir":"FWD"}
1786500558.487739155 ngr/loco/9950011/alert {"level":"UNSET","reason":"STATUS","loco":"9950011","uptime_ms":41758,"nav":"UNSET","moving":0,"pwm":0,"est_mm_s":0,"dir":"UNSET","session_dir":"UNSET","mdir":"FWD","rear":0,"front":0,"env":0,"lc_mm":-1,"last_confirmed_landmark":"","age_ms":0,"since":0,"dead_reckoned_mm":0,"candidate_mm":-1,"viable":[],"lostm":0,"lost_ms":0,"agree":0,"disagree":0,"losts":0,"auto":0}
1786500559.177645921 ngr/loco/9950011/state/loopstat {"loop_max_gap_ms":22,"hall_task_max_gap_ms":2,"hall_task_age_ms":1,"baseline":1902,"raw":1901,"delta":-1,"queue_drops":0,"floor_rejects":0,"queue_high_water":0,"mqtt_connect_ms":176,"mqtt_attempts":1,"pub_drops":0,"pub_queue_hw":1,"cmd_drops":0,"pub_per_s":1,"marker_pub_drops":0,"marker_pub_hw":0,"nav":"UNSET","mm":0,"miss_streak":0,"pwm":0,"lost_markers":0,"lost_ms":0,"motor_dir":"FWD"}
1786500559.476300584 ngr/loco/9950011/alert {"level":"UNSET","reason":"STATUS","loco":"9950011","uptime_ms":42758,"nav":"UNSET","moving":0,"pwm":0,"est_mm_s":0,"dir":"UNSET","session_dir":"UNSET","mdir":"FWD","rear":0,"front":0,"env":0,"lc_mm":-1,"last_confirmed_landmark":"","age_ms":0,"since":0,"dead_reckoned_mm":0,"candidate_mm":-1,"viable":[],"lostm":0,"lost_ms":0,"agree":0,"disagree":0,"losts":0,"auto":0}
1786500560.176652025 ngr/loco/9950011/state/loopstat {"loop_max_gap_ms":22,"hall_task_max_gap_ms":2,"hall_task_age_ms":1,"baseline":1902,"raw":1901,"delta":-1,"queue_drops":0,"floor_rejects":0,"queue_high_water":0,"mqtt_connect_ms":176,"mqtt_attempts":1,"pub_drops":0,"pub_queue_hw":1,"cmd_drops":0,"pub_per_s":1,"marker_pub_drops":0,"marker_pub_hw":0,"nav":"UNSET","mm":0,"miss_streak":0,"pwm":0,"lost_markers":0,"lost_ms":0,"motor_dir":"FWD"}
1786500560.489063060 ngr/loco/9950011/alert {"level":"UNSET","reason":"STATUS","loco":"9950011","uptime_ms":43758,"nav":"UNSET","moving":0,"pwm":0,"est_mm_s":0,"dir":"UNSET","session_dir":"UNSET","mdir":"FWD","rear":0,"front":0,"env":0,"lc_mm":-1,"last_confirmed_landmark":"","age_ms":0,"since":0,"dead_reckoned_mm":0,"candidate_mm":-1,"viable":[],"lostm":0,"lost_ms":0,"agree":0,"disagree":0,"losts":0,"auto":0}
1786500561.180614855 ngr/loco/9950011/state/loopstat {"loop_max_gap_ms":23,"hall_task_max_gap_ms":2,"hall_task_age_ms":1,"baseline":1902,"raw":1901,"delta":-1,"queue_drops":0,"floor_rejects":0,"queue_high_water":0,"mqtt_connect_ms":176,"mqtt_attempts":1,"pub_drops":0,"pub_queue_hw":1,"cmd_drops":0,"pub_per_s":1,"marker_pub_drops":0,"marker_pub_hw":0,"nav":"UNSET","mm":0,"miss_streak":0,"pwm":0,"lost_markers":0,"lost_ms":0,"motor_dir":"FWD"}
1786500561.499838546 ngr/loco/9950011/alert {"level":"UNSET","reason":"STATUS","loco":"9950011","uptime_ms":44758,"nav":"UNSET","moving":0,"pwm":0,"est_mm_s":0,"dir":"UNSET","session_dir":"UNSET","mdir":"FWD","rear":0,"front":0,"env":0,"lc_mm":-1,"last_confirmed_landmark":"","age_ms":0,"since":0,"dead_reckoned_mm":0,"candidate_mm":-1,"viable":[],"lostm":0,"lost_ms":0,"agree":0,"disagree":0,"losts":0,"auto":0}
1786500561.767368980 ngr/loco/9950011/telem/voltage 15.09
1786500561.780367557 ngr/loco/9950011/telem/current 0.14
1786500561.780547773 ngr/loco/9950011/telem/power 2.16
1786500562.194369576 ngr/loco/9950011/state/loopstat {"loop_max_gap_ms":23,"hall_task_max_gap_ms":3,"hall_task_age_ms":1,"baseline":1902,"raw":1898,"delta":-4,"queue_drops":0,"floor_rejects":0,"queue_high_water":0,"mqtt_connect_ms":176,"mqtt_attempts":1,"pub_drops":0,"pub_queue_hw":3,"cmd_drops":0,"pub_per_s":4,"marker_pub_drops":0,"marker_pub_hw":0,"nav":"UNSET","mm":0,"miss_streak":0,"pwm":0,"lost_markers":0,"lost_ms":0,"motor_dir":"FWD"}
1786500562.528222373 ngr/loco/9950011/alert {"level":"UNSET","reason":"STATUS","loco":"9950011","uptime_ms":45758,"nav":"UNSET","moving":0,"pwm":0,"est_mm_s":0,"dir":"UNSET","session_dir":"UNSET","mdir":"FWD","rear":0,"front":0,"env":0,"lc_mm":-1,"last_confirmed_landmark":"","age_ms":0,"since":0,"dead_reckoned_mm":0,"candidate_mm":-1,"viable":[],"lostm":0,"lost_ms":0,"agree":0,"disagree":0,"losts":0,"auto":0}
1786500563.200812200 ngr/loco/9950011/state/loopstat {"loop_max_gap_ms":23,"hall_task_max_gap_ms":1,"hall_task_age_ms":1,"baseline":1902,"raw":1905,"delta":3,"queue_drops":0,"floor_rejects":0,"queue_high_water":0,"mqtt_connect_ms":176,"mqtt_attempts":1,"pub_drops":0,"pub_queue_hw":1,"cmd_drops":0,"pub_per_s":1,"marker_pub_drops":0,"marker_pub_hw":0,"nav":"UNSET","mm":0,"miss_streak":0,"pwm":0,"lost_markers":0,"lost_ms":0,"motor_dir":"FWD"}
1786500563.509553628 ngr/loco/9950011/alert {"level":"UNSET","reason":"STATUS","loco":"9950011","uptime_ms":46758,"nav":"UNSET","moving":0,"pwm":0,"est_mm_s":0,"dir":"UNSET","session_dir":"UNSET","mdir":"FWD","rear":0,"front":0,"env":0,"lc_mm":-1,"last_confirmed_landmark":"","age_ms":0,"since":0,"dead_reckoned_mm":0,"candidate_mm":-1,"viable":[],"lostm":0,"lost_ms":0,"agree":0,"disagree":0,"losts":0,"auto":0}
1786500564.202603336 ngr/loco/9950011/state/loopstat {"loop_max_gap_ms":22,"hall_task_max_gap_ms":2,"hall_task_age_ms":1,"baseline":1902,"raw":1900,"delta":-2,"queue_drops":0,"floor_rejects":0,"queue_high_water":0,"mqtt_connect_ms":176,"mqtt_attempts":1,"pub_drops":0,"pub_queue_hw":1,"cmd_drops":0,"pub_per_s":1,"marker_pub_drops":0,"marker_pub_hw":0,"nav":"UNSET","mm":0,"miss_streak":0,"pwm":0,"lost_markers":0,"lost_ms":0,"motor_dir":"FWD"}
1786500564.503117451 ngr/loco/9950011/alert {"level":"UNSET","reason":"STATUS","loco":"9950011","uptime_ms":47758,"nav":"UNSET","moving":0,"pwm":0,"est_mm_s":0,"dir":"UNSET","session_dir":"UNSET","mdir":"FWD","rear":0,"front":0,"env":0,"lc_mm":-1,"last_confirmed_landmark":"","age_ms":0,"since":0,"dead_reckoned_mm":0,"candidate_mm":-1,"viable":[],"lostm":0,"lost_ms":0,"agree":0,"disagree":0,"losts":0,"auto":0}
1786500565.179923443 ngr/loco/9950011/state/loopstat {"loop_max_gap_ms":23,"hall_task_max_gap_ms":2,"hall_task_age_ms":1,"baseline":1902,"raw":1900,"delta":-2,"queue_drops":0,"floor_rejects":0,"queue_high_water":0,"mqtt_connect_ms":176,"mqtt_attempts":1,"pub_drops":0,"pub_queue_hw":1,"cmd_drops":0,"pub_per_s":1,"marker_pub_drops":0,"marker_pub_hw":0,"nav":"UNSET","mm":0,"miss_streak":0,"pwm":0,"lost_markers":0,"lost_ms":0,"motor_dir":"FWD"}
1786500565.494649691 ngr/loco/9950011/alert {"level":"UNSET","reason":"STATUS","loco":"9950011","uptime_ms":48758,"nav":"UNSET","moving":0,"pwm":0,"est_mm_s":0,"dir":"UNSET","session_dir":"UNSET","mdir":"FWD","rear":0,"front":0,"env":0,"lc_mm":-1,"last_confirmed_landmark":"","age_ms":0,"since":0,"dead_reckoned_mm":0,"candidate_mm":-1,"viable":[],"lostm":0,"lost_ms":0,"agree":0,"disagree":0,"losts":0,"auto":0}
1786500566.177600402 ngr/loco/9950011/state/loopstat {"loop_max_gap_ms":23,"hall_task_max_gap_ms":2,"hall_task_age_ms":1,"baseline":1902,"raw":1900,"delta":-2,"queue_drops":0,"floor_rejects":0,"queue_high_water":0,"mqtt_connect_ms":176,"mqtt_attempts":1,"pub_drops":0,"pub_queue_hw":1,"cmd_drops":0,"pub_per_s":1,"marker_pub_drops":0,"marker_pub_hw":0,"nav":"UNSET","mm":0,"miss_streak":0,"pwm":0,"lost_markers":0,"lost_ms":0,"motor_dir":"FWD"}
1786500566.487010563 ngr/loco/9950011/alert {"level":"UNSET","reason":"STATUS","loco":"9950011","uptime_ms":49758,"nav":"UNSET","moving":0,"pwm":0,"est_mm_s":0,"dir":"UNSET","session_dir":"UNSET","mdir":"FWD","rear":0,"front":0,"env":0,"lc_mm":-1,"last_confirmed_landmark":"","age_ms":0,"since":0,"dead_reckoned_mm":0,"candidate_mm":-1,"viable":[],"lostm":0,"lost_ms":0,"agree":0,"disagree":0,"losts":0,"auto":0}
1786500566.718107528 ngr/loco/9950011/telem/voltage 15.09
1786500566.725647084 ngr/loco/9950011/telem/current 0.13
1786500566.726376184 ngr/loco/9950011/telem/power 2.22
1786500567.175923043 ngr/loco/9950011/state/loopstat {"loop_max_gap_ms":23,"hall_task_max_gap_ms":2,"hall_task_age_ms":1,"baseline":1902,"raw":1901,"delta":-1,"queue_drops":0,"floor_rejects":0,"queue_high_water":0,"mqtt_connect_ms":176,"mqtt_attempts":1,"pub_drops":0,"pub_queue_hw":3,"cmd_drops":0,"pub_per_s":4,"marker_pub_drops":0,"marker_pub_hw":0,"nav":"UNSET","mm":0,"miss_streak":0,"pwm":0,"lost_markers":0,"lost_ms":0,"motor_dir":"FWD"}
1786500567.480456951 ngr/loco/9950011/alert {"level":"UNSET","reason":"STATUS","loco":"9950011","uptime_ms":50758,"nav":"UNSET","moving":0,"pwm":0,"est_mm_s":0,"dir":"UNSET","session_dir":"UNSET","mdir":"FWD","rear":0,"front":0,"env":0,"lc_mm":-1,"last_confirmed_landmark":"","age_ms":0,"since":0,"dead_reckoned_mm":0,"candidate_mm":-1,"viable":[],"lostm":0,"lost_ms":0,"agree":0,"disagree":0,"losts":0,"auto":0}
1786500568.177598766 ngr/loco/9950011/state/loopstat {"loop_max_gap_ms":23,"hall_task_max_gap_ms":2,"hall_task_age_ms":1,"baseline":1902,"raw":1901,"delta":-1,"queue_drops":0,"floor_rejects":0,"queue_high_water":0,"mqtt_connect_ms":176,"mqtt_attempts":1,"pub_drops":0,"pub_queue_hw":1,"cmd_drops":0,"pub_per_s":1,"marker_pub_drops":0,"marker_pub_hw":0,"nav":"UNSET","mm":0,"miss_streak":0,"pwm":0,"lost_markers":0,"lost_ms":0,"motor_dir":"FWD"}
1786500568.511526936 ngr/loco/9950011/alert {"level":"UNSET","reason":"STATUS","loco":"9950011","uptime_ms":51758,"nav":"UNSET","moving":0,"pwm":0,"est_mm_s":0,"dir":"UNSET","session_dir":"UNSET","mdir":"FWD","rear":0,"front":0,"env":0,"lc_mm":-1,"last_confirmed_landmark":"","age_ms":0,"since":0,"dead_reckoned_mm":0,"candidate_mm":-1,"viable":[],"lostm":0,"lost_ms":0,"agree":0,"disagree":0,"losts":0,"auto":0}
1786500569.181418862 ngr/loco/9950011/state/loopstat {"loop_max_gap_ms":23,"hall_task_max_gap_ms":2,"hall_task_age_ms":1,"baseline":1902,"raw":1901,"delta":-1,"queue_drops":0,"floor_rejects":0,"queue_high_water":0,"mqtt_connect_ms":176,"mqtt_attempts":1,"pub_drops":0,"pub_queue_hw":1,"cmd_drops":0,"pub_per_s":1,"marker_pub_drops":0,"marker_pub_hw":0,"nav":"UNSET","mm":0,"miss_streak":0,"pwm":0,"lost_markers":0,"lost_ms":0,"motor_dir":"FWD"}
1786500569.488791370 ngr/loco/9950011/alert {"level":"UNSET","reason":"STATUS","loco":"9950011","uptime_ms":52758,"nav":"UNSET","moving":0,"pwm":0,"est_mm_s":0,"dir":"UNSET","session_dir":"UNSET","mdir":"FWD","rear":0,"front":0,"env":0,"lc_mm":-1,"last_confirmed_landmark":"","age_ms":0,"since":0,"dead_reckoned_mm":0,"candidate_mm":-1,"viable":[],"lostm":0,"lost_ms":0,"agree":0,"disagree":0,"losts":0,"auto":0}
1786500570.180662930 ngr/loco/9950011/state/loopstat {"loop_max_gap_ms":22,"hall_task_max_gap_ms":2,"hall_task_age_ms":1,"baseline":1902,"raw":1901,"delta":-1,"queue_drops":0,"floor_rejects":0,"queue_high_water":0,"mqtt_connect_ms":176,"mqtt_attempts":1,"pub_drops":0,"pub_queue_hw":1,"cmd_drops":0,"pub_per_s":1,"marker_pub_drops":0,"marker_pub_hw":0,"nav":"UNSET","mm":0,"miss_streak":0,"pwm":0,"lost_markers":0,"lost_ms":0,"motor_dir":"FWD"}
1786500570.486587377 ngr/loco/9950011/alert {"level":"UNSET","reason":"STATUS","loco":"9950011","uptime_ms":53758,"nav":"UNSET","moving":0,"pwm":0,"est_mm_s":0,"dir":"UNSET","session_dir":"UNSET","mdir":"FWD","rear":0,"front":0,"env":0,"lc_mm":-1,"last_confirmed_landmark":"","age_ms":0,"since":0,"dead_reckoned_mm":0,"candidate_mm":-1,"viable":[],"lostm":0,"lost_ms":0,"agree":0,"disagree":0,"losts":0,"auto":0}
1786500571.178802328 ngr/loco/9950011/state/loopstat {"loop_max_gap_ms":23,"hall_task_max_gap_ms":2,"hall_task_age_ms":1,"baseline":1902,"raw":1900,"delta":-2,"queue_drops":0,"floor_rejects":0,"queue_high_water":0,"mqtt_connect_ms":176,"mqtt_attempts":1,"pub_drops":0,"pub_queue_hw":1,"cmd_drops":0,"pub_per_s":1,"marker_pub_drops":0,"marker_pub_hw":0,"nav":"UNSET","mm":0,"miss_streak":0,"pwm":0,"lost_markers":0,"lost_ms":0,"motor_dir":"FWD"}
1786500571.488691878 ngr/loco/9950011/alert {"level":"UNSET","reason":"STATUS","loco":"9950011","uptime_ms":54758,"nav":"UNSET","moving":0,"pwm":0,"est_mm_s":0,"dir":"UNSET","session_dir":"UNSET","mdir":"FWD","rear":0,"front":0,"env":0,"lc_mm":-1,"last_confirmed_landmark":"","age_ms":0,"since":0,"dead_reckoned_mm":0,"candidate_mm":-1,"viable":[],"lostm":0,"lost_ms":0,"agree":0,"disagree":0,"losts":0,"auto":0}
1786500571.737554966 ngr/loco/9950011/telem/voltage 15.12
1786500571.761581710 ngr/loco/9950011/telem/current 0.18
1786500571.766818041 ngr/loco/9950011/telem/power 2.77
1786500572.177005448 ngr/loco/9950011/state/loopstat {"loop_max_gap_ms":23,"hall_task_max_gap_ms":2,"hall_task_age_ms":1,"baseline":1902,"raw":1902,"delta":0,"queue_drops":0,"floor_rejects":0,"queue_high_water":0,"mqtt_connect_ms":176,"mqtt_attempts":1,"pub_drops":0,"pub_queue_hw":3,"cmd_drops":0,"pub_per_s":4,"marker_pub_drops":0,"marker_pub_hw":0,"nav":"UNSET","mm":0,"miss_streak":0,"pwm":0,"lost_markers":0,"lost_ms":0,"motor_dir":"FWD"}
1786500572.495241864 ngr/loco/9950011/alert {"level":"UNSET","reason":"STATUS","loco":"9950011","uptime_ms":55758,"nav":"UNSET","moving":0,"pwm":0,"est_mm_s":0,"dir":"UNSET","session_dir":"UNSET","mdir":"FWD","rear":0,"front":0,"env":0,"lc_mm":-1,"last_confirmed_landmark":"","age_ms":0,"since":0,"dead_reckoned_mm":0,"candidate_mm":-1,"viable":[],"lostm":0,"lost_ms":0,"agree":0,"disagree":0,"losts":0,"auto":0}
1786500573.177036417 ngr/loco/9950011/state/loopstat {"loop_max_gap_ms":22,"hall_task_max_gap_ms":2,"hall_task_age_ms":1,"baseline":1902,"raw":1896,"delta":-6,"queue_drops":0,"floor_rejects":0,"queue_high_water":0,"mqtt_connect_ms":176,"mqtt_attempts":1,"pub_drops":0,"pub_queue_hw":1,"cmd_drops":0,"pub_per_s":1,"marker_pub_drops":0,"marker_pub_hw":0,"nav":"UNSET","mm":0,"miss_streak":0,"pwm":0,"lost_markers":0,"lost_ms":0,"motor_dir":"FWD"}
1786500573.495985520 ngr/loco/9950011/alert {"level":"UNSET","reason":"STATUS","loco":"9950011","uptime_ms":56758,"nav":"UNSET","moving":0,"pwm":0,"est_mm_s":0,"dir":"UNSET","session_dir":"UNSET","mdir":"FWD","rear":0,"front":0,"env":0,"lc_mm":-1,"last_confirmed_landmark":"","age_ms":0,"since":0,"dead_reckoned_mm":0,"candidate_mm":-1,"viable":[],"lostm":0,"lost_ms":0,"agree":0,"disagree":0,"losts":0,"auto":0}
1786500574.181091222 ngr/loco/9950011/state/loopstat {"loop_max_gap_ms":23,"hall_task_max_gap_ms":2,"hall_task_age_ms":1,"baseline":1902,"raw":1901,"delta":-1,"queue_drops":0,"floor_rejects":0,"queue_high_water":0,"mqtt_connect_ms":176,"mqtt_attempts":1,"pub_drops":0,"pub_queue_hw":1,"cmd_drops":0,"pub_per_s":1,"marker_pub_drops":0,"marker_pub_hw":0,"nav":"UNSET","mm":0,"miss_streak":0,"pwm":0,"lost_markers":0,"lost_ms":0,"motor_dir":"FWD"}
1786500574.497093964 ngr/loco/9950011/alert {"level":"UNSET","reason":"STATUS","loco":"9950011","uptime_ms":57758,"nav":"UNSET","moving":0,"pwm":0,"est_mm_s":0,"dir":"UNSET","session_dir":"UNSET","mdir":"FWD","rear":0,"front":0,"env":0,"lc_mm":-1,"last_confirmed_landmark":"","age_ms":0,"since":0,"dead_reckoned_mm":0,"candidate_mm":-1,"viable":[],"lostm":0,"lost_ms":0,"agree":0,"disagree":0,"losts":0,"auto":0}
1786500575.189061778 ngr/loco/9950011/state/loopstat {"loop_max_gap_ms":22,"hall_task_max_gap_ms":2,"hall_task_age_ms":1,"baseline":1902,"raw":1902,"delta":0,"queue_drops":0,"floor_rejects":0,"queue_high_water":0,"mqtt_connect_ms":176,"mqtt_attempts":1,"pub_drops":0,"pub_queue_hw":1,"cmd_drops":0,"pub_per_s":1,"marker_pub_drops":0,"marker_pub_hw":0,"nav":"UNSET","mm":0,"miss_streak":0,"pwm":0,"lost_markers":0,"lost_ms":0,"motor_dir":"FWD"}
1786500575.498793174 ngr/loco/9950011/alert {"level":"UNSET","reason":"STATUS","loco":"9950011","uptime_ms":58758,"nav":"UNSET","moving":0,"pwm":0,"est_mm_s":0,"dir":"UNSET","session_dir":"UNSET","mdir":"FWD","rear":0,"front":0,"env":0,"lc_mm":-1,"last_confirmed_landmark":"","age_ms":0,"since":0,"dead_reckoned_mm":0,"candidate_mm":-1,"viable":[],"lostm":0,"lost_ms":0,"agree":0,"disagree":0,"losts":0,"auto":0}
1786500576.195546804 ngr/loco/9950011/state/loopstat {"loop_max_gap_ms":23,"hall_task_max_gap_ms":2,"hall_task_age_ms":1,"baseline":1902,"raw":1901,"delta":-1,"queue_drops":0,"floor_rejects":0,"queue_high_water":0,"mqtt_connect_ms":176,"mqtt_attempts":1,"pub_drops":0,"pub_queue_hw":1,"cmd_drops":0,"pub_per_s":1,"marker_pub_drops":0,"marker_pub_hw":0,"nav":"UNSET","mm":0,"miss_streak":0,"pwm":0,"lost_markers":0,"lost_ms":0,"motor_dir":"FWD"}
1786500576.489407452 ngr/loco/9950011/alert {"level":"UNSET","reason":"STATUS","loco":"9950011","uptime_ms":59758,"nav":"UNSET","moving":0,"pwm":0,"est_mm_s":0,"dir":"UNSET","session_dir":"UNSET","mdir":"FWD","rear":0,"front":0,"env":0,"lc_mm":-1,"last_confirmed_landmark":"","age_ms":0,"since":0,"dead_reckoned_mm":0,"candidate_mm":-1,"viable":[],"lostm":0,"lost_ms":0,"agree":0,"disagree":0,"losts":0,"auto":0}
1786500576.745582501 ngr/loco/9950011/telem/voltage 15.10
1786500576.766184080 ngr/loco/9950011/telem/current 0.19
1786500576.770427340 ngr/loco/9950011/telem/power 2.78
1786500577.190552363 ngr/loco/9950011/state/loopstat {"loop_max_gap_ms":22,"hall_task_max_gap_ms":2,"hall_task_age_ms":1,"baseline":1902,"raw":1900,"delta":-2,"queue_drops":0,"floor_rejects":0,"queue_high_water":0,"mqtt_connect_ms":176,"mqtt_attempts":1,"pub_drops":0,"pub_queue_hw":3,"cmd_drops":0,"pub_per_s":4,"marker_pub_drops":0,"marker_pub_hw":0,"nav":"UNSET","mm":0,"miss_streak":0,"pwm":0,"lost_markers":0,"lost_ms":0,"motor_dir":"FWD"}
1786500577.488422735 ngr/loco/9950011/alert {"level":"UNSET","reason":"STATUS","loco":"9950011","uptime_ms":60758,"nav":"UNSET","moving":0,"pwm":0,"est_mm_s":0,"dir":"UNSET","session_dir":"UNSET","mdir":"FWD","rear":0,"front":0,"env":0,"lc_mm":-1,"last_confirmed_landmark":"","age_ms":0,"since":0,"dead_reckoned_mm":0,"candidate_mm":-1,"viable":[],"lostm":0,"lost_ms":0,"agree":0,"disagree":0,"losts":0,"auto":0}
1786500578.191183014 ngr/loco/9950011/state/loopstat {"loop_max_gap_ms":23,"hall_task_max_gap_ms":2,"hall_task_age_ms":1,"baseline":1902,"raw":1900,"delta":-2,"queue_drops":0,"floor_rejects":0,"queue_high_water":0,"mqtt_connect_ms":176,"mqtt_attempts":1,"pub_drops":0,"pub_queue_hw":1,"cmd_drops":0,"pub_per_s":1,"marker_pub_drops":0,"marker_pub_hw":0,"nav":"UNSET","mm":0,"miss_streak":0,"pwm":0,"lost_markers":0,"lost_ms":0,"motor_dir":"FWD"}
1786500578.499858599 ngr/loco/9950011/alert {"level":"UNSET","reason":"STATUS","loco":"9950011","uptime_ms":61758,"nav":"UNSET","moving":0,"pwm":0,"est_mm_s":0,"dir":"UNSET","session_dir":"UNSET","mdir":"FWD","rear":0,"front":0,"env":0,"lc_mm":-1,"last_confirmed_landmark":"","age_ms":0,"since":0,"dead_reckoned_mm":0,"candidate_mm":-1,"viable":[],"lostm":0,"lost_ms":0,"agree":0,"disagree":0,"losts":0,"auto":0}
1786500579.199659096 ngr/loco/9950011/state/loopstat {"loop_max_gap_ms":23,"hall_task_max_gap_ms":2,"hall_task_age_ms":1,"baseline":1902,"raw":1902,"delta":0,"queue_drops":0,"floor_rejects":0,"queue_high_water":0,"mqtt_connect_ms":176,"mqtt_attempts":1,"pub_drops":0,"pub_queue_hw":1,"cmd_drops":0,"pub_per_s":1,"marker_pub_drops":0,"marker_pub_hw":0,"nav":"UNSET","mm":0,"miss_streak":0,"pwm":0,"lost_markers":0,"lost_ms":0,"motor_dir":"FWD"}
1786500579.489405549 ngr/loco/9950011/alert {"level":"UNSET","reason":"STATUS","loco":"9950011","uptime_ms":62758,"nav":"UNSET","moving":0,"pwm":0,"est_mm_s":0,"dir":"UNSET","session_dir":"UNSET","mdir":"FWD","rear":0,"front":0,"env":0,"lc_mm":-1,"last_confirmed_landmark":"","age_ms":0,"since":0,"dead_reckoned_mm":0,"candidate_mm":-1,"viable":[],"lostm":0,"lost_ms":0,"agree":0,"disagree":0,"losts":0,"auto":0}
1786500580.183090406 ngr/loco/9950011/state/loopstat {"loop_max_gap_ms":23,"hall_task_max_gap_ms":2,"hall_task_age_ms":1,"baseline":1902,"raw":1900,"delta":-2,"queue_drops":0,"floor_rejects":0,"queue_high_water":0,"mqtt_connect_ms":176,"mqtt_attempts":1,"pub_drops":0,"pub_queue_hw":1,"cmd_drops":0,"pub_per_s":1,"marker_pub_drops":0,"marker_pub_hw":0,"nav":"UNSET","mm":0,"miss_streak":0,"pwm":0,"lost_markers":0,"lost_ms":0,"motor_dir":"FWD"}
1786500580.508521660 ngr/loco/9950011/alert {"level":"UNSET","reason":"STATUS","loco":"9950011","uptime_ms":63758,"nav":"UNSET","moving":0,"pwm":0,"est_mm_s":0,"dir":"UNSET","session_dir":"UNSET","mdir":"FWD","rear":0,"front":0,"env":0,"lc_mm":-1,"last_confirmed_landmark":"","age_ms":0,"since":0,"dead_reckoned_mm":0,"candidate_mm":-1,"viable":[],"lostm":0,"lost_ms":0,"agree":0,"disagree":0,"losts":0,"auto":0}
1786500581.148900026 ngr/loco/9950011/cmd/session_direction CCW
1786500581.196571838 ngr/loco/9950011/state/nav {"event":"DIRECTION","state":"UNSET","nav_state":"UNSET","mm":0,"dir":"CCW","motor_dir":"FWD","session_dir":"CCW","miss_streak":0}
1786500581.250159122 ngr/loco/9950011/state/station {"event":"RESET","phase":0,"station":"NONE","offset":999,"commanded_pwm":0,"actual_pwm":0,"note":"SESSION_DIRECTION_SET"}
1786500581.255424965 ngr/loco/9950011/state/nav {"event":"SESSION_DIRECTION","state":"UNSET","nav_state":"UNSET","mm":0,"dir":"CCW","motor_dir":"FWD","session_dir":"CCW","miss_streak":0}
1786500581.257063846 ngr/loco/9950011/state/session_direction CCW
1786500581.257312752 ngr/loco/9950011/state/loopstat {"loop_max_gap_ms":22,"hall_task_max_gap_ms":2,"hall_task_age_ms":0,"baseline":1902,"raw":1900,"delta":-2,"queue_drops":0,"floor_rejects":0,"queue_high_water":0,"mqtt_connect_ms":176,"mqtt_attempts":1,"pub_drops":0,"pub_queue_hw":1,"cmd_drops":0,"pub_per_s":5,"marker_pub_drops":0,"marker_pub_hw":0,"nav":"UNSET","mm":0,"miss_streak":0,"pwm":0,"lost_markers":0,"lost_ms":0,"motor_dir":"FWD"}
1786500581.496216018 ngr/loco/9950011/alert {"level":"UNSET","reason":"STATUS","loco":"9950011","uptime_ms":64758,"nav":"UNSET","moving":0,"pwm":0,"est_mm_s":0,"dir":"CCW","session_dir":"CCW","mdir":"FWD","rear":0,"front":166,"env":1660,"lc_mm":-1,"last_confirmed_landmark":"","age_ms":0,"since":0,"dead_reckoned_mm":0,"candidate_mm":-1,"viable":[],"lostm":0,"lost_ms":0,"agree":0,"disagree":0,"losts":0,"auto":0}
1786500581.730764440 ngr/loco/9950011/telem/voltage 15.11
1786500581.747303945 ngr/loco/9950011/telem/current 0.18
1786500581.750008405 ngr/loco/9950011/telem/power 2.74
1786500582.211179305 ngr/loco/9950011/state/loopstat {"loop_max_gap_ms":34,"hall_task_max_gap_ms":2,"hall_task_age_ms":1,"baseline":1902,"raw":1901,"delta":-1,"queue_drops":0,"floor_rejects":0,"queue_high_water":0,"mqtt_connect_ms":176,"mqtt_attempts":1,"pub_drops":0,"pub_queue_hw":3,"cmd_drops":0,"pub_per_s":4,"marker_pub_drops":0,"marker_pub_hw":0,"nav":"UNSET","mm":0,"miss_streak":0,"pwm":0,"lost_markers":0,"lost_ms":0,"motor_dir":"FWD"}
1786500582.495608915 ngr/loco/9950011/alert {"level":"UNSET","reason":"STATUS","loco":"9950011","uptime_ms":65758,"nav":"UNSET","moving":0,"pwm":0,"est_mm_s":0,"dir":"CCW","session_dir":"CCW","mdir":"FWD","rear":0,"front":166,"env":1660,"lc_mm":-1,"last_confirmed_landmark":"","age_ms":0,"since":0,"dead_reckoned_mm":0,"candidate_mm":-1,"viable":[],"lostm":0,"lost_ms":0,"agree":0,"disagree":0,"losts":0,"auto":0}
1786500583.213307229 ngr/loco/9950011/state/loopstat {"loop_max_gap_ms":22,"hall_task_max_gap_ms":1,"hall_task_age_ms":1,"baseline":1902,"raw":1901,"delta":-1,"queue_drops":0,"floor_rejects":0,"queue_high_water":0,"mqtt_connect_ms":176,"mqtt_attempts":1,"pub_drops":0,"pub_queue_hw":1,"cmd_drops":0,"pub_per_s":1,"marker_pub_drops":0,"marker_pub_hw":0,"nav":"UNSET","mm":0,"miss_streak":0,"pwm":0,"lost_markers":0,"lost_ms":0,"motor_dir":"FWD"}
1786500583.498847265 ngr/loco/9950011/alert {"level":"UNSET","reason":"STATUS","loco":"9950011","uptime_ms":66758,"nav":"UNSET","moving":0,"pwm":0,"est_mm_s":0,"dir":"CCW","session_dir":"CCW","mdir":"FWD","rear":0,"front":166,"env":1660,"lc_mm":-1,"last_confirmed_landmark":"","age_ms":0,"since":0,"dead_reckoned_mm":0,"candidate_mm":-1,"viable":[],"lostm":0,"lost_ms":0,"agree":0,"disagree":0,"losts":0,"auto":0}
1786500584.217197250 ngr/loco/9950011/state/loopstat {"loop_max_gap_ms":23,"hall_task_max_gap_ms":2,"hall_task_age_ms":1,"baseline":1902,"raw":1901,"delta":-1,"queue_drops":0,"floor_rejects":0,"queue_high_water":0,"mqtt_connect_ms":176,"mqtt_attempts":1,"pub_drops":0,"pub_queue_hw":1,"cmd_drops":0,"pub_per_s":1,"marker_pub_drops":0,"marker_pub_hw":0,"nav":"UNSET","mm":0,"miss_streak":0,"pwm":0,"lost_markers":0,"lost_ms":0,"motor_dir":"FWD"}
1786500584.506231214 ngr/loco/9950011/alert {"level":"UNSET","reason":"STATUS","loco":"9950011","uptime_ms":67758,"nav":"UNSET","moving":0,"pwm":0,"est_mm_s":0,"dir":"CCW","session_dir":"CCW","mdir":"FWD","rear":0,"front":166,"env":1660,"lc_mm":-1,"last_confirmed_landmark":"","age_ms":0,"since":0,"dead_reckoned_mm":0,"candidate_mm":-1,"viable":[],"lostm":0,"lost_ms":0,"agree":0,"disagree":0,"losts":0,"auto":0}
1786500585.213545115 ngr/loco/9950011/state/loopstat {"loop_max_gap_ms":23,"hall_task_max_gap_ms":2,"hall_task_age_ms":1,"baseline":1902,"raw":1901,"delta":-1,"queue_drops":0,"floor_rejects":0,"queue_high_water":0,"mqtt_connect_ms":176,"mqtt_attempts":1,"pub_drops":0,"pub_queue_hw":1,"cmd_drops":0,"pub_per_s":1,"marker_pub_drops":0,"marker_pub_hw":0,"nav":"UNSET","mm":0,"miss_streak":0,"pwm":0,"lost_markers":0,"lost_ms":0,"motor_dir":"FWD"}
1786500585.523017823 ngr/loco/9950011/alert {"level":"UNSET","reason":"STATUS","loco":"9950011","uptime_ms":68758,"nav":"UNSET","moving":0,"pwm":0,"est_mm_s":0,"dir":"CCW","session_dir":"CCW","mdir":"FWD","rear":0,"front":166,"env":1660,"lc_mm":-1,"last_confirmed_landmark":"","age_ms":0,"since":0,"dead_reckoned_mm":0,"candidate_mm":-1,"viable":[],"lostm":0,"lost_ms":0,"agree":0,"disagree":0,"losts":0,"auto":0}
1786500586.249086297 ngr/loco/9950011/state/loopstat {"loop_max_gap_ms":23,"hall_task_max_gap_ms":2,"hall_task_age_ms":1,"baseline":1902,"raw":1901,"delta":-1,"queue_drops":0,"floor_rejects":0,"queue_high_water":0,"mqtt_connect_ms":176,"mqtt_attempts":1,"pub_drops":0,"pub_queue_hw":1,"cmd_drops":0,"pub_per_s":1,"marker_pub_drops":0,"marker_pub_hw":0,"nav":"UNSET","mm":0,"miss_streak":0,"pwm":0,"lost_markers":0,"lost_ms":0,"motor_dir":"FWD"}
1786500586.515279244 ngr/loco/9950011/alert {"level":"UNSET","reason":"STATUS","loco":"9950011","uptime_ms":69758,"nav":"UNSET","moving":0,"pwm":0,"est_mm_s":0,"dir":"CCW","session_dir":"CCW","mdir":"FWD","rear":0,"front":166,"env":1660,"lc_mm":-1,"last_confirmed_landmark":"","age_ms":0,"since":0,"dead_reckoned_mm":0,"candidate_mm":-1,"viable":[],"lostm":0,"lost_ms":0,"agree":0,"disagree":0,"losts":0,"auto":0}
1786500586.762465163 ngr/loco/9950011/telem/voltage 15.10
1786500586.779404557 ngr/loco/9950011/telem/current 0.18
1786500586.780438772 ngr/loco/9950011/telem/power 2.74
1786500587.275936103 ngr/loco/9950011/state/loopstat {"loop_max_gap_ms":22,"hall_task_max_gap_ms":3,"hall_task_age_ms":1,"baseline":1902,"raw":1902,"delta":0,"queue_drops":0,"floor_rejects":0,"queue_high_water":0,"mqtt_connect_ms":176,"mqtt_attempts":1,"pub_drops":0,"pub_queue_hw":3,"cmd_drops":0,"pub_per_s":4,"marker_pub_drops":0,"marker_pub_hw":0,"nav":"UNSET","mm":0,"miss_streak":0,"pwm":0,"lost_markers":0,"lost_ms":0,"motor_dir":"FWD"}
1786500587.546604042 ngr/loco/9950011/alert {"level":"UNSET","reason":"STATUS","loco":"9950011","uptime_ms":70758,"nav":"UNSET","moving":0,"pwm":0,"est_mm_s":0,"dir":"CCW","session_dir":"CCW","mdir":"FWD","rear":0,"front":166,"env":1660,"lc_mm":-1,"last_confirmed_landmark":"","age_ms":0,"since":0,"dead_reckoned_mm":0,"candidate_mm":-1,"viable":[],"lostm":0,"lost_ms":0,"agree":0,"disagree":0,"losts":0,"auto":0}
1786500588.259576969 ngr/loco/9950011/state/loopstat {"loop_max_gap_ms":23,"hall_task_max_gap_ms":2,"hall_task_age_ms":1,"baseline":1902,"raw":1898,"delta":-4,"queue_drops":0,"floor_rejects":0,"queue_high_water":0,"mqtt_connect_ms":176,"mqtt_attempts":1,"pub_drops":0,"pub_queue_hw":1,"cmd_drops":0,"pub_per_s":1,"marker_pub_drops":0,"marker_pub_hw":0,"nav":"UNSET","mm":0,"miss_streak":0,"pwm":0,"lost_markers":0,"lost_ms":0,"motor_dir":"FWD"}
1786500588.522169869 ngr/loco/9950011/alert {"level":"UNSET","reason":"STATUS","loco":"9950011","uptime_ms":71758,"nav":"UNSET","moving":0,"pwm":0,"est_mm_s":0,"dir":"CCW","session_dir":"CCW","mdir":"FWD","rear":0,"front":166,"env":1660,"lc_mm":-1,"last_confirmed_landmark":"","age_ms":0,"since":0,"dead_reckoned_mm":0,"candidate_mm":-1,"viable":[],"lostm":0,"lost_ms":0,"agree":0,"disagree":0,"losts":0,"auto":0}
1786500589.233377009 ngr/loco/9950011/state/loopstat {"loop_max_gap_ms":22,"hall_task_max_gap_ms":2,"hall_task_age_ms":1,"baseline":1902,"raw":1900,"delta":-2,"queue_drops":0,"floor_rejects":0,"queue_high_water":0,"mqtt_connect_ms":176,"mqtt_attempts":1,"pub_drops":0,"pub_queue_hw":1,"cmd_drops":0,"pub_per_s":1,"marker_pub_drops":0,"marker_pub_hw":0,"nav":"UNSET","mm":0,"miss_streak":0,"pwm":0,"lost_markers":0,"lost_ms":0,"motor_dir":"FWD"}
1786500589.370201813 ngr/loco/9950011/cmd/start_interval 117-118
1786500589.412253457 ngr/loco/9950011/mm/no_quorum 
1786500589.476810575 ngr/loco/9950011/state/nav {"event":"DECLARED","state":"NORMAL","nav_state":"NORMAL","mm":118,"dir":"CCW","motor_dir":"FWD","session_dir":"CCW","miss_streak":0}
1786500589.484476268 ngr/loco/9950011/state/station {"event":"START_INTERVAL_SET","phase":0,"station":"NONE","offset":0,"commanded_pwm":0,"actual_pwm":0,"note":"CCW_DECLARED_AT_UPPER"}
1786500589.507736213 ngr/loco/9950011/alert {"level":"CLEAR","reason":"STATUS","loco":"9950011","uptime_ms":72758,"nav":"NORMAL","moving":0,"pwm":0,"est_mm_s":0,"dir":"CCW","session_dir":"CCW","mdir":"FWD","rear":118,"front":113,"env":1500,"lc_mm":118,"last_confirmed_landmark":"","age_ms":90,"since":0,"dead_reckoned_mm":118,"candidate_mm":-1,"viable":[],"lostm":0,"lost_ms":0,"agree":0,"disagree":0,"losts":0,"auto":0}
1786500590.214254941 ngr/loco/9950011/state/loopstat {"loop_max_gap_ms":34,"hall_task_max_gap_ms":2,"hall_task_age_ms":1,"baseline":1902,"raw":1901,"delta":-1,"queue_drops":0,"floor_rejects":0,"queue_high_water":0,"mqtt_connect_ms":176,"mqtt_attempts":1,"pub_drops":0,"pub_queue_hw":1,"cmd_drops":0,"pub_per_s":3,"marker_pub_drops":0,"marker_pub_hw":0,"nav":"NORMAL","mm":118,"miss_streak":0,"pwm":0,"lost_markers":0,"lost_ms":0,"motor_dir":"FWD"}
1786500590.227131281 ngr/loco/9950011/state/start_interval 117-118
1786500590.229877534 ngr/loco/9950011/state/start_mm 118
1786500590.230077727 ngr/loco/9950011/state/nav_ready 1
1786500590.494857270 ngr/loco/9950011/alert {"level":"CLEAR","reason":"STATUS","loco":"9950011","uptime_ms":73758,"nav":"NORMAL","moving":0,"pwm":0,"est_mm_s":0,"dir":"CCW","session_dir":"CCW","mdir":"FWD","rear":118,"front":113,"env":1500,"lc_mm":118,"last_confirmed_landmark":"","age_ms":1090,"since":0,"dead_reckoned_mm":118,"candidate_mm":-1,"viable":[],"lostm":0,"lost_ms":0,"agree":0,"disagree":0,"losts":0,"auto":0}
1786500590.806834190 ngr/loco/9950011/cmd/direction 2
1786500590.850971087 ngr/loco/9950011/state/nav {"event":"DIRECTION","state":"NORMAL","nav_state":"NORMAL","mm":118,"dir":"CCW","motor_dir":"FWD","session_dir":"CCW","miss_streak":0}
1786500591.214042312 ngr/loco/9950011/state/loopstat {"loop_max_gap_ms":33,"hall_task_max_gap_ms":2,"hall_task_age_ms":1,"baseline":1902,"raw":1899,"delta":-3,"queue_drops":0,"floor_rejects":0,"queue_high_water":0,"mqtt_connect_ms":176,"mqtt_attempts":1,"pub_drops":0,"pub_queue_hw":4,"cmd_drops":0,"pub_per_s":5,"marker_pub_drops":0,"marker_pub_hw":0,"nav":"NORMAL","mm":118,"miss_streak":0,"pwm":0,"lost_markers":0,"lost_ms":0,"motor_dir":"FWD"}
1786500591.486206378 ngr/loco/9950011/alert {"level":"CLEAR","reason":"STATUS","loco":"9950011","uptime_ms":74758,"nav":"NORMAL","moving":0,"pwm":0,"est_mm_s":0,"dir":"CCW","session_dir":"CCW","mdir":"FWD","rear":118,"front":113,"env":1500,"lc_mm":118,"last_confirmed_landmark":"","age_ms":2090,"since":0,"dead_reckoned_mm":118,"candidate_mm":-1,"viable":[],"lostm":0,"lost_ms":0,"agree":0,"disagree":0,"losts":0,"auto":0}
1786500591.746426426 ngr/loco/9950011/telem/voltage 15.10
1786500591.757383759 ngr/loco/9950011/telem/current 0.18
1786500591.759976434 ngr/loco/9950011/telem/power 2.76
1786500592.119488245 ngr/loco/9950011/cmd/throttle 4
1786500592.211319255 ngr/loco/9950011/state/throttle 4
1786500592.233096696 ngr/loco/9950011/state/loopstat {"loop_max_gap_ms":34,"hall_task_max_gap_ms":2,"hall_task_age_ms":1,"baseline":1902,"raw":1902,"delta":0,"queue_drops":0,"floor_rejects":0,"queue_high_water":0,"mqtt_connect_ms":176,"mqtt_attempts":1,"pub_drops":0,"pub_queue_hw":3,"cmd_drops":0,"pub_per_s":5,"marker_pub_drops":0,"marker_pub_hw":0,"nav":"NORMAL","mm":118,"miss_streak":0,"pwm":0,"lost_markers":0,"lost_ms":0,"motor_dir":"FWD"}
1786500592.316359493 ngr/loco/9950011/cmd/throttle 39
1786500592.492451023 ngr/loco/9950011/alert {"level":"CLEAR","reason":"STATUS","loco":"9950011","uptime_ms":75758,"nav":"NORMAL","moving":1,"pwm":2,"est_mm_s":0,"dir":"CCW","session_dir":"CCW","mdir":"FWD","rear":118,"front":113,"env":1500,"lc_mm":118,"last_confirmed_landmark":"","age_ms":3090,"since":0,"dead_reckoned_mm":118,"candidate_mm":-1,"viable":[],"lostm":0,"lost_ms":0,"agree":0,"disagree":0,"losts":0,"auto":0}
1786500592.668372531 ngr/loco/9950011/cmd/throttle 50
1786500592.920848051 ngr/loco/9950011/cmd/throttle 67
1786500593.125168653 ngr/loco/9950011/cmd/throttle 73
1786500593.206984774 ngr/loco/9950011/state/throttle 73
1786500593.232205141 ngr/loco/9950011/state/loopstat {"loop_max_gap_ms":34,"hall_task_max_gap_ms":2,"hall_task_age_ms":1,"baseline":1902,"raw":1901,"delta":-1,"queue_drops":0,"floor_rejects":0,"queue_high_water":0,"mqtt_connect_ms":176,"mqtt_attempts":1,"pub_drops":0,"pub_queue_hw":1,"cmd_drops":0,"pub_per_s":2,"marker_pub_drops":0,"marker_pub_hw":0,"nav":"NORMAL","mm":118,"miss_streak":0,"pwm":7,"lost_markers":0,"lost_ms":0,"motor_dir":"FWD"}
1786500593.312610986 ngr/loco/9950011/cmd/throttle 75
1786500593.496945916 ngr/loco/9950011/alert {"level":"CLEAR","reason":"STATUS","loco":"9950011","uptime_ms":76758,"nav":"NORMAL","moving":1,"pwm":9,"est_mm_s":0,"dir":"CCW","session_dir":"CCW","mdir":"FWD","rear":118,"front":113,"env":1500,"lc_mm":118,"last_confirmed_landmark":"","age_ms":4090,"since":0,"dead_reckoned_mm":118,"candidate_mm":-1,"viable":[],"lostm":0,"lost_ms":0,"agree":0,"disagree":0,"losts":0,"auto":0}
1786500593.680482261 ngr/loco/9950011/cmd/throttle 76
1786500593.923605804 ngr/loco/9950011/cmd/throttle 82
1786500594.084729141 ngr/loco/9950011/cmd/throttle 84
1786500594.217118720 ngr/loco/9950011/state/throttle 84
1786500594.234623976 ngr/loco/9950011/state/loopstat {"loop_max_gap_ms":33,"hall_task_max_gap_ms":2,"hall_task_age_ms":1,"baseline":1902,"raw":1903,"delta":1,"queue_drops":0,"floor_rejects":0,"queue_high_water":0,"mqtt_connect_ms":176,"mqtt_attempts":1,"pub_drops":0,"pub_queue_hw":1,"cmd_drops":0,"pub_per_s":2,"marker_pub_drops":0,"marker_pub_hw":0,"nav":"NORMAL","mm":118,"miss_streak":0,"pwm":14,"lost_markers":0,"lost_ms":0,"motor_dir":"FWD"}
1786500594.274173776 ngr/loco/9950011/cmd/throttle 85
1786500594.496438696 ngr/loco/9950011/alert {"level":"CLEAR","reason":"STATUS","loco":"9950011","uptime_ms":77758,"nav":"NORMAL","moving":1,"pwm":15,"est_mm_s":0,"dir":"CCW","session_dir":"CCW","mdir":"FWD","rear":118,"front":113,"env":1500,"lc_mm":118,"last_confirmed_landmark":"","age_ms":5090,"since":0,"dead_reckoned_mm":118,"candidate_mm":-1,"viable":[],"lostm":0,"lost_ms":0,"agree":0,"disagree":0,"losts":0,"auto":0}
1786500594.527619195 ngr/loco/9950011/cmd/throttle 86
1786500594.932376873 ngr/loco/9950011/cmd/throttle 90
1786500595.129526658 ngr/loco/9950011/cmd/throttle 91
1786500595.211629662 ngr/loco/9950011/state/throttle 91
1786500595.269639083 ngr/loco/9950011/state/loopstat {"loop_max_gap_ms":33,"hall_task_max_gap_ms":2,"hall_task_age_ms":1,"baseline":1902,"raw":1902,"delta":0,"queue_drops":0,"floor_rejects":0,"queue_high_water":0,"mqtt_connect_ms":176,"mqtt_attempts":1,"pub_drops":0,"pub_queue_hw":1,"cmd_drops":0,"pub_per_s":2,"marker_pub_drops":0,"marker_pub_hw":0,"nav":"NORMAL","mm":118,"miss_streak":0,"pwm":20,"lost_markers":0,"lost_ms":0,"motor_dir":"FWD"}
1786500595.492116543 ngr/loco/9950011/alert {"level":"CLEAR","reason":"STATUS","loco":"9950011","uptime_ms":78758,"nav":"NORMAL","moving":1,"pwm":22,"est_mm_s":0,"dir":"CCW","session_dir":"CCW","mdir":"FWD","rear":118,"front":113,"env":1500,"lc_mm":118,"last_confirmed_landmark":"","age_ms":6090,"since":0,"dead_reckoned_mm":118,"candidate_mm":-1,"viable":[],"lostm":0,"lost_ms":0,"agree":0,"disagree":0,"losts":0,"auto":0}
1786500596.216045496 ngr/loco/9950011/state/loopstat {"loop_max_gap_ms":33,"hall_task_max_gap_ms":2,"hall_task_age_ms":1,"baseline":1902,"raw":1902,"delta":0,"queue_drops":0,"floor_rejects":0,"queue_high_water":0,"mqtt_connect_ms":176,"mqtt_attempts":1,"pub_drops":0,"pub_queue_hw":1,"cmd_drops":0,"pub_per_s":1,"marker_pub_drops":0,"marker_pub_hw":0,"nav":"NORMAL","mm":118,"miss_streak":0,"pwm":27,"lost_markers":0,"lost_ms":0,"motor_dir":"FWD"}
1786500596.504149586 ngr/loco/9950011/alert {"level":"CLEAR","reason":"STATUS","loco":"9950011","uptime_ms":79758,"nav":"NORMAL","moving":1,"pwm":29,"est_mm_s":0,"dir":"CCW","session_dir":"CCW","mdir":"FWD","rear":118,"front":113,"env":1500,"lc_mm":118,"last_confirmed_landmark":"","age_ms":7090,"since":0,"dead_reckoned_mm":118,"candidate_mm":-1,"viable":[],"lostm":0,"lost_ms":0,"agree":0,"disagree":0,"losts":0,"auto":0}
1786500596.720556571 ngr/loco/9950011/telem/voltage 15.10
1786500596.739965554 ngr/loco/9950011/telem/current 0.20
1786500596.743882922 ngr/loco/9950011/telem/power 3.57
1786500597.238705666 ngr/loco/9950011/state/loopstat {"loop_max_gap_ms":34,"hall_task_max_gap_ms":2,"hall_task_age_ms":1,"baseline":1902,"raw":1899,"delta":-3,"queue_drops":0,"floor_rejects":0,"queue_high_water":0,"mqtt_connect_ms":176,"mqtt_attempts":1,"pub_drops":0,"pub_queue_hw":3,"cmd_drops":0,"pub_per_s":4,"marker_pub_drops":0,"marker_pub_hw":0,"nav":"NORMAL","mm":118,"miss_streak":0,"pwm":34,"lost_markers":0,"lost_ms":0,"motor_dir":"FWD"}
1786500597.554779521 ngr/loco/9950011/alert {"level":"CLEAR","reason":"STATUS","loco":"9950011","uptime_ms":80758,"nav":"NORMAL","moving":1,"pwm":35,"est_mm_s":0,"dir":"CCW","session_dir":"CCW","mdir":"FWD","rear":118,"front":113,"env":1500,"lc_mm":118,"last_confirmed_landmark":"","age_ms":8090,"since":0,"dead_reckoned_mm":118,"candidate_mm":-1,"viable":[],"lostm":0,"lost_ms":0,"agree":0,"disagree":0,"losts":0,"auto":0}
1786500598.215673228 ngr/loco/9950011/state/loopstat {"loop_max_gap_ms":34,"hall_task_max_gap_ms":2,"hall_task_age_ms":1,"baseline":1902,"raw":1901,"delta":-1,"queue_drops":0,"floor_rejects":0,"queue_high_water":0,"mqtt_connect_ms":176,"mqtt_attempts":1,"pub_drops":0,"pub_queue_hw":1,"cmd_drops":0,"pub_per_s":1,"marker_pub_drops":0,"marker_pub_hw":0,"nav":"NORMAL","mm":118,"miss_streak":0,"pwm":40,"lost_markers":0,"lost_ms":0,"motor_dir":"FWD"}
1786500598.485045453 ngr/loco/9950011/alert {"level":"CLEAR","reason":"STATUS","loco":"9950011","uptime_ms":81758,"nav":"NORMAL","moving":1,"pwm":42,"est_mm_s":0,"dir":"CCW","session_dir":"CCW","mdir":"FWD","rear":118,"front":113,"env":1500,"lc_mm":118,"last_confirmed_landmark":"","age_ms":9090,"since":0,"dead_reckoned_mm":118,"candidate_mm":-1,"viable":[],"lostm":0,"lost_ms":0,"agree":0,"disagree":0,"losts":0,"auto":0}
1786500599.213435476 ngr/loco/9950011/state/loopstat {"loop_max_gap_ms":33,"hall_task_max_gap_ms":2,"hall_task_age_ms":1,"baseline":1902,"raw":1882,"delta":-20,"queue_drops":0,"floor_rejects":0,"queue_high_water":0,"mqtt_connect_ms":176,"mqtt_attempts":1,"pub_drops":0,"pub_queue_hw":1,"cmd_drops":0,"pub_per_s":1,"marker_pub_drops":0,"marker_pub_hw":0,"nav":"NORMAL","mm":118,"miss_streak":0,"pwm":47,"lost_markers":0,"lost_ms":0,"motor_dir":"FWD"}
1786500599.497541296 ngr/loco/9950011/alert {"level":"CLEAR","reason":"STATUS","loco":"9950011","uptime_ms":82758,"nav":"NORMAL","moving":1,"pwm":49,"est_mm_s":0,"dir":"CCW","session_dir":"CCW","mdir":"FWD","rear":118,"front":113,"env":1500,"lc_mm":118,"last_confirmed_landmark":"","age_ms":10090,"since":0,"dead_reckoned_mm":118,"candidate_mm":-1,"viable":[],"lostm":0,"lost_ms":0,"agree":0,"disagree":0,"losts":0,"auto":0}
1786500599.797434579 ngr/loco/9950011/state/nav {"event":"AGREE","state":"NORMAL","nav_state":"NORMAL","mm":117,"landmark":"","dir":"CCW","miss_streak":0,"obs":"S","expected":"S","peak":139,"ms":516,"drift":0,"dt":0,"agree":1,"disagree":0,"lost":0,"scores":[0,0,0,0,0,0],"excluded":[false,false,false,false,false,false],"leader":null,"runner_up":null,"margin":0,"motor_dir":"FWD"}
1786500599.831101857 ngr/loco/9950011/mm/marker {"mm":117,"landmark":"","obs":"S","peak":139,"ms":516,"drift":0,"dt":0,"timing_gate":"RAMP","dt_expected":0,"dt_conserve_ratio":-1.00,"pwm":47,"v":15.10}
1786500600.223755913 ngr/loco/9950011/state/start_mm 117
1786500600.237451696 ngr/loco/9950011/state/loopstat {"loop_max_gap_ms":33,"hall_task_max_gap_ms":2,"hall_task_age_ms":1,"baseline":1902,"raw":1905,"delta":3,"queue_drops":0,"floor_rejects":0,"queue_high_water":1,"mqtt_connect_ms":176,"mqtt_attempts":1,"pub_drops":0,"pub_queue_hw":1,"cmd_drops":0,"pub_per_s":4,"marker_pub_drops":0,"marker_pub_hw":1,"nav":"NORMAL","mm":117,"miss_streak":0,"pwm":54,"lost_markers":0,"lost_ms":0,"motor_dir":"FWD"}
1786500600.512552566 ngr/loco/9950011/alert {"level":"CLEAR","reason":"STATUS","loco":"9950011","uptime_ms":83758,"nav":"NORMAL","moving":1,"pwm":55,"est_mm_s":0,"dir":"CCW","session_dir":"CCW","mdir":"FWD","rear":117,"front":112,"env":1520,"lc_mm":117,"last_confirmed_landmark":"","age_ms":1197,"since":0,"dead_reckoned_mm":117,"candidate_mm":-1,"viable":[],"lostm":0,"lost_ms":0,"agree":1,"disagree":0,"losts":0,"auto":0}
1786500601.209059392 ngr/loco/9950011/state/loopstat {"loop_max_gap_ms":33,"hall_task_max_gap_ms":2,"hall_task_age_ms":1,"baseline":1902,"raw":1892,"delta":-10,"queue_drops":0,"floor_rejects":0,"queue_high_water":0,"mqtt_connect_ms":176,"mqtt_attempts":1,"pub_drops":0,"pub_queue_hw":1,"cmd_drops":0,"pub_per_s":1,"marker_pub_drops":0,"marker_pub_hw":0,"nav":"NORMAL","mm":117,"miss_streak":0,"pwm":60,"lost_markers":0,"lost_ms":0,"motor_dir":"FWD"}
1786500601.503309967 ngr/loco/9950011/alert {"level":"CLEAR","reason":"STATUS","loco":"9950011","uptime_ms":84758,"nav":"NORMAL","moving":1,"pwm":62,"est_mm_s":0,"dir":"CCW","session_dir":"CCW","mdir":"FWD","rear":117,"front":112,"env":1520,"lc_mm":117,"last_confirmed_landmark":"","age_ms":2197,"since":0,"dead_reckoned_mm":117,"candidate_mm":-1,"viable":[],"lostm":0,"lost_ms":0,"agree":1,"disagree":0,"losts":0,"auto":0}
1786500601.719743002 ngr/loco/9950011/telem/voltage 15.08
1786500601.733502226 ngr/loco/9950011/telem/current 0.26
1786500601.736283715 ngr/loco/9950011/telem/power 4.54
1786500602.213430973 ngr/loco/9950011/state/loopstat {"loop_max_gap_ms":34,"hall_task_max_gap_ms":2,"hall_task_age_ms":1,"baseline":1902,"raw":1792,"delta":-110,"queue_drops":0,"floor_rejects":0,"queue_high_water":0,"mqtt_connect_ms":176,"mqtt_attempts":1,"pub_drops":0,"pub_queue_hw":3,"cmd_drops":0,"pub_per_s":4,"marker_pub_drops":0,"marker_pub_hw":0,"nav":"NORMAL","mm":117,"miss_streak":0,"pwm":67,"lost_markers":0,"lost_ms":0,"motor_dir":"FWD"}
1786500602.411875043 ngr/loco/9950011/state/nav {"event":"AGREE","state":"NORMAL","nav_state":"NORMAL","mm":116,"landmark":"","dir":"CCW","miss_streak":0,"obs":"S","expected":"S","peak":142,"ms":283,"drift":0,"dt":2839,"agree":2,"disagree":0,"lost":0,"scores":[0,0,0,0,0,0],"excluded":[false,false,false,false,false,false],"leader":null,"runner_up":null,"margin":0,"motor_dir":"FWD"}
1786500602.435794955 ngr/loco/9950011/mm/marker {"mm":116,"landmark":"","obs":"S","peak":142,"ms":283,"drift":0,"dt":2839,"timing_gate":"RAMP","dt_expected":0,"dt_conserve_ratio":-1.00,"pwm":66,"v":15.08}
1786500602.487168211 ngr/loco/9950011/alert {"level":"CLEAR","reason":"STATUS","loco":"9950011","uptime_ms":85758,"nav":"NORMAL","moving":1,"pwm":69,"est_mm_s":105,"dir":"CCW","session_dir":"CCW","mdir":"FWD","rear":116,"front":111,"env":1540,"lc_mm":116,"last_confirmed_landmark":"","age_ms":358,"since":0,"dead_reckoned_mm":116,"candidate_mm":-1,"viable":[],"lostm":0,"lost_ms":0,"agree":2,"disagree":0,"losts":0,"auto":0}
1786500603.215090682 ngr/loco/9950011/state/start_mm 116
1786500603.225499052 ngr/loco/9950011/state/loopstat {"loop_max_gap_ms":34,"hall_task_max_gap_ms":2,"hall_task_age_ms":1,"baseline":1902,"raw":1901,"delta":-1,"queue_drops":0,"floor_rejects":0,"queue_high_water":1,"mqtt_connect_ms":176,"mqtt_attempts":1,"pub_drops":0,"pub_queue_hw":1,"cmd_drops":0,"pub_per_s":4,"marker_pub_drops":0,"marker_pub_hw":1,"nav":"NORMAL","mm":116,"miss_streak":0,"pwm":74,"lost_markers":0,"lost_ms":0,"motor_dir":"FWD"}
1786500603.506983482 ngr/loco/9950011/alert {"level":"CLEAR","reason":"STATUS","loco":"9950011","uptime_ms":86758,"nav":"NORMAL","moving":1,"pwm":75,"est_mm_s":105,"dir":"CCW","session_dir":"CCW","mdir":"FWD","rear":116,"front":111,"env":1540,"lc_mm":116,"last_confirmed_landmark":"","age_ms":1358,"since":0,"dead_reckoned_mm":116,"candidate_mm":-1,"viable":[],"lostm":0,"lost_ms":0,"agree":2,"disagree":0,"losts":0,"auto":0}
1786500604.217393730 ngr/loco/9950011/state/loopstat {"loop_max_gap_ms":34,"hall_task_max_gap_ms":2,"hall_task_age_ms":1,"baseline":1902,"raw":1941,"delta":39,"queue_drops":0,"floor_rejects":0,"queue_high_water":0,"mqtt_connect_ms":176,"mqtt_attempts":1,"pub_drops":0,"pub_queue_hw":1,"cmd_drops":0,"pub_per_s":1,"marker_pub_drops":0,"marker_pub_hw":0,"nav":"NORMAL","mm":116,"miss_streak":0,"pwm":80,"lost_markers":0,"lost_ms":0,"motor_dir":"FWD"}
1786500604.245445118 ngr/loco/9950011/state/nav {"event":"AGREE","state":"NORMAL","nav_state":"NORMAL","mm":115,"landmark":"","dir":"CCW","miss_streak":0,"obs":"N","expected":"N","peak":156,"ms":210,"drift":0,"dt":1913,"agree":3,"disagree":0,"lost":0,"scores":[0,0,0,0,0,0],"excluded":[false,false,false,false,false,false],"leader":null,"runner_up":null,"margin":0,"motor_dir":"FWD"}
1786500604.265220568 ngr/loco/9950011/mm/marker {"mm":115,"landmark":"","obs":"N","peak":156,"ms":210,"drift":0,"dt":1913,"timing_gate":"RAMP","dt_expected":0,"dt_conserve_ratio":-1.00,"pwm":79,"v":15.08}
1786500604.487783709 ngr/loco/9950011/alert {"level":"CLEAR","reason":"STATUS","loco":"9950011","uptime_ms":87758,"nav":"NORMAL","moving":1,"pwm":82,"est_mm_s":156,"dir":"CCW","session_dir":"CCW","mdir":"FWD","rear":115,"front":110,"env":1540,"lc_mm":115,"last_confirmed_landmark":"","age_ms":445,"since":0,"dead_reckoned_mm":115,"candidate_mm":-1,"viable":[],"lostm":0,"lost_ms":0,"agree":3,"disagree":0,"losts":0,"auto":0}
1786500605.217003166 ngr/loco/9950011/state/start_mm 115
1786500605.231513416 ngr/loco/9950011/state/loopstat {"loop_max_gap_ms":34,"hall_task_max_gap_ms":2,"hall_task_age_ms":1,"baseline":1902,"raw":1900,"delta":-2,"queue_drops":0,"floor_rejects":0,"queue_high_water":1,"mqtt_connect_ms":176,"mqtt_attempts":1,"pub_drops":0,"pub_queue_hw":1,"cmd_drops":0,"pub_per_s":4,"marker_pub_drops":0,"marker_pub_hw":1,"nav":"NORMAL","mm":115,"miss_streak":0,"pwm":87,"lost_markers":0,"lost_ms":0,"motor_dir":"FWD"}
1786500605.499307351 ngr/loco/9950011/alert {"level":"CLEAR","reason":"STATUS","loco":"9950011","uptime_ms":88758,"nav":"NORMAL","moving":1,"pwm":89,"est_mm_s":156,"dir":"CCW","session_dir":"CCW","mdir":"FWD","rear":115,"front":110,"env":1540,"lc_mm":115,"last_confirmed_landmark":"","age_ms":1445,"since":0,"dead_reckoned_mm":115,"candidate_mm":-1,"viable":[],"lostm":0,"lost_ms":0,"agree":3,"disagree":0,"losts":0,"auto":0}
1786500605.722769514 ngr/loco/9950011/state/nav {"event":"AGREE","state":"NORMAL","nav_state":"NORMAL","mm":114,"landmark":"","dir":"CCW","miss_streak":0,"obs":"S","expected":"S","peak":138,"ms":186,"drift":0,"dt":1503,"agree":4,"disagree":0,"lost":0,"scores":[0,0,0,0,0,0],"excluded":[false,false,false,false,false,false],"leader":null,"runner_up":null,"margin":0,"motor_dir":"FWD"}
1786500605.746987367 ngr/loco/9950011/mm/marker {"mm":114,"landmark":"","obs":"S","peak":138,"ms":186,"drift":0,"dt":1503,"timing_gate":"NO_PREV","dt_expected":0,"dt_conserve_ratio":-1.00,"pwm":89,"v":15.08}
1786500606.212691299 ngr/loco/9950011/state/start_mm 114
1786500606.220587531 ngr/loco/9950011/state/loopstat {"loop_max_gap_ms":33,"hall_task_max_gap_ms":2,"hall_task_age_ms":1,"baseline":1902,"raw":1900,"delta":-2,"queue_drops":0,"floor_rejects":0,"queue_high_water":1,"mqtt_connect_ms":176,"mqtt_attempts":1,"pub_drops":0,"pub_queue_hw":1,"cmd_drops":0,"pub_per_s":4,"marker_pub_drops":0,"marker_pub_hw":1,"nav":"NORMAL","mm":114,"miss_streak":0,"pwm":91,"lost_markers":0,"lost_ms":0,"motor_dir":"FWD"}
1786500606.492231452 ngr/loco/9950011/alert {"level":"CLEAR","reason":"STATUS","loco":"9950011","uptime_ms":89758,"nav":"NORMAL","moving":1,"pwm":91,"est_mm_s":199,"dir":"CCW","session_dir":"CCW","mdir":"FWD","rear":114,"front":109,"env":1540,"lc_mm":114,"last_confirmed_landmark":"","age_ms":942,"since":0,"dead_reckoned_mm":114,"candidate_mm":-1,"viable":[],"lostm":0,"lost_ms":0,"agree":4,"disagree":0,"losts":0,"auto":0}
1786500606.736948977 ngr/loco/9950011/telem/voltage 15.08
1786500606.757099439 ngr/loco/9950011/telem/current 0.29
1786500606.761242486 ngr/loco/9950011/telem/power 4.39
1786500607.041628549 ngr/loco/9950011/state/nav {"event":"AGREE","state":"NORMAL","nav_state":"NORMAL","mm":113,"landmark":"","dir":"CCW","miss_streak":0,"obs":"N","expected":"N","peak":139,"ms":171,"drift":0,"dt":1332,"agree":5,"disagree":0,"lost":0,"scores":[0,0,0,0,0,0],"excluded":[false,false,false,false,false,false],"leader":null,"runner_up":null,"margin":0,"motor_dir":"FWD"}
1786500607.062154559 ngr/loco/9950011/mm/marker {"mm":113,"landmark":"","obs":"N","peak":139,"ms":171,"drift":0,"dt":1332,"timing_gate":"ACTIVE","dt_expected":1173,"dt_conserve_ratio":2.42,"pwm":91,"v":15.08}
1786500607.213095240 ngr/loco/9950011/state/start_mm 113
1786500607.227435077 ngr/loco/9950011/state/loopstat {"loop_max_gap_ms":33,"hall_task_max_gap_ms":2,"hall_task_age_ms":1,"baseline":1902,"raw":1896,"delta":-6,"queue_drops":0,"floor_rejects":0,"queue_high_water":1,"mqtt_connect_ms":176,"mqtt_attempts":1,"pub_drops":0,"pub_queue_hw":3,"cmd_drops":0,"pub_per_s":7,"marker_pub_drops":0,"marker_pub_hw":1,"nav":"NORMAL","mm":113,"miss_streak":0,"pwm":91,"lost_markers":0,"lost_ms":0,"motor_dir":"FWD"}
1786500607.495460990 ngr/loco/9950011/alert {"level":"CLEAR","reason":"STATUS","loco":"9950011","uptime_ms":90758,"nav":"NORMAL","moving":1,"pwm":91,"est_mm_s":225,"dir":"CCW","session_dir":"CCW","mdir":"FWD","rear":113,"front":108,"env":1545,"lc_mm":113,"last_confirmed_landmark":"","age_ms":610,"since":0,"dead_reckoned_mm":113,"candidate_mm":-1,"viable":[],"lostm":0,"lost_ms":0,"agree":5,"disagree":0,"losts":0,"auto":0}
1786500608.245238629 ngr/loco/9950011/state/loopstat {"loop_max_gap_ms":33,"hall_task_max_gap_ms":2,"hall_task_age_ms":1,"baseline":1902,"raw":1900,"delta":-2,"queue_drops":0,"floor_rejects":0,"queue_high_water":0,"mqtt_connect_ms":176,"mqtt_attempts":1,"pub_drops":0,"pub_queue_hw":1,"cmd_drops":0,"pub_per_s":1,"marker_pub_drops":0,"marker_pub_hw":0,"nav":"NORMAL","mm":113,"miss_streak":0,"pwm":91,"lost_markers":0,"lost_ms":0,"motor_dir":"FWD"}
1786500608.500890038 ngr/loco/9950011/alert {"level":"CLEAR","reason":"STATUS","loco":"9950011","uptime_ms":91758,"nav":"NORMAL","moving":1,"pwm":91,"est_mm_s":225,"dir":"CCW","session_dir":"CCW","mdir":"FWD","rear":113,"front":108,"env":1545,"lc_mm":113,"last_confirmed_landmark":"","age_ms":1610,"since":0,"dead_reckoned_mm":113,"candidate_mm":-1,"viable":[],"lostm":0,"lost_ms":0,"agree":5,"disagree":0,"losts":0,"auto":0}
1786500608.533381358 ngr/loco/9950011/state/nav {"event":"AGREE","state":"NORMAL","nav_state":"NORMAL","mm":112,"landmark":"","dir":"CCW","miss_streak":0,"obs":"N","expected":"N","peak":147,"ms":189,"drift":0,"dt":1446,"agree":6,"disagree":0,"lost":0,"scores":[0,0,0,0,0,0],"excluded":[false,false,false,false,false,false],"leader":null,"runner_up":null,"margin":0,"motor_dir":"FWD"}
1786500608.541595319 ngr/loco/9950011/mm/marker {"mm":112,"landmark":"","obs":"N","peak":147,"ms":189,"drift":0,"dt":1446,"timing_gate":"ACTIVE","dt_expected":1173,"dt_conserve_ratio":2.37,"pwm":91,"v":15.08}
1786500609.224940080 ngr/loco/9950011/state/start_mm 112
1786500609.238271186 ngr/loco/9950011/state/loopstat {"loop_max_gap_ms":33,"hall_task_max_gap_ms":2,"hall_task_age_ms":1,"baseline":1902,"raw":1901,"delta":-1,"queue_drops":0,"floor_rejects":0,"queue_high_water":1,"mqtt_connect_ms":176,"mqtt_attempts":1,"pub_drops":0,"pub_queue_hw":1,"cmd_drops":0,"pub_per_s":4,"marker_pub_drops":0,"marker_pub_hw":1,"nav":"NORMAL","mm":112,"miss_streak":0,"pwm":91,"lost_markers":0,"lost_ms":0,"motor_dir":"FWD"}
1786500609.531423206 ngr/loco/9950011/alert {"level":"CLEAR","reason":"STATUS","loco":"9950011","uptime_ms":92758,"nav":"NORMAL","moving":1,"pwm":91,"est_mm_s":221,"dir":"CCW","session_dir":"CCW","mdir":"FWD","rear":112,"front":107,"env":1525,"lc_mm":112,"last_confirmed_landmark":"","age_ms":1164,"since":0,"dead_reckoned_mm":112,"candidate_mm":-1,"viable":[],"lostm":0,"lost_ms":0,"agree":6,"disagree":0,"losts":0,"auto":0}
1786500610.036986467 ngr/loco/9950011/state/nav {"event":"AGREE","state":"NORMAL","nav_state":"NORMAL","mm":111,"landmark":"","dir":"CCW","miss_streak":0,"obs":"N","expected":"N","peak":141,"ms":170,"drift":0,"dt":1478,"agree":7,"disagree":0,"lost":0,"scores":[0,0,0,0,0,0],"excluded":[false,false,false,false,false,false],"leader":null,"runner_up":null,"margin":0,"motor_dir":"FWD"}
1786500610.072321548 ngr/loco/9950011/mm/marker {"mm":111,"landmark":"","obs":"N","peak":141,"ms":170,"drift":0,"dt":1478,"timing_gate":"ACTIVE","dt_expected":1251,"dt_conserve_ratio":2.34,"pwm":91,"v":15.08}
1786500610.259187112 ngr/loco/9950011/state/loopstat {"loop_max_gap_ms":33,"hall_task_max_gap_ms":2,"hall_task_age_ms":1,"baseline":1902,"raw":1900,"delta":-2,"queue_drops":0,"floor_rejects":0,"queue_high_water":1,"mqtt_connect_ms":176,"mqtt_attempts":1,"pub_drops":0,"pub_queue_hw":1,"cmd_drops":0,"pub_per_s":3,"marker_pub_drops":0,"marker_pub_hw":1,"nav":"NORMAL","mm":111,"miss_streak":0,"pwm":91,"lost_markers":0,"lost_ms":0,"motor_dir":"FWD"}
1786500610.354541329 ngr/loco/9950011/state/start_mm 111
1786500610.504006389 ngr/loco/9950011/alert {"level":"CLEAR","reason":"STATUS","loco":"9950011","uptime_ms":93758,"nav":"NORMAL","moving":1,"pwm":91,"est_mm_s":216,"dir":"CCW","session_dir":"CCW","mdir":"FWD","rear":111,"front":106,"env":1505,"lc_mm":111,"last_confirmed_landmark":"","age_ms":686,"since":0,"dead_reckoned_mm":111,"candidate_mm":-1,"viable":[],"lostm":0,"lost_ms":0,"agree":7,"disagree":0,"losts":0,"auto":0}
1786500611.219960924 ngr/loco/9950011/state/loopstat {"loop_max_gap_ms":34,"hall_task_max_gap_ms":2,"hall_task_age_ms":1,"baseline":1902,"raw":1932,"delta":30,"queue_drops":0,"floor_rejects":0,"queue_high_water":0,"mqtt_connect_ms":176,"mqtt_attempts":1,"pub_drops":0,"pub_queue_hw":2,"cmd_drops":0,"pub_per_s":2,"marker_pub_drops":0,"marker_pub_hw":0,"nav":"NORMAL","mm":111,"miss_streak":0,"pwm":91,"lost_markers":0,"lost_ms":0,"motor_dir":"FWD"}
1786500611.382326114 ngr/loco/9950011/state/nav {"event":"AGREE","state":"NORMAL","nav_state":"NORMAL","mm":110,"landmark":"","dir":"CCW","miss_streak":0,"obs":"N","expected":"N","peak":132,"ms":156,"drift":0,"dt":1426,"agree":8,"disagree":0,"lost":0,"scores":[0,0,0,0,0,0],"excluded":[false,false,false,false,false,false],"leader":null,"runner_up":null,"margin":0,"motor_dir":"FWD"}
1786500611.435843219 ngr/loco/9950011/mm/marker {"mm":110,"landmark":"","obs":"N","peak":132,"ms":156,"drift":0,"dt":1426,"timing_gate":"ACTIVE","dt_expected":1251,"dt_conserve_ratio":2.32,"pwm":91,"v":15.08}
1786500611.487305625 ngr/loco/9950011/alert {"level":"CLEAR","reason":"STATUS","loco":"9950011","uptime_ms":94758,"nav":"NORMAL","moving":1,"pwm":91,"est_mm_s":210,"dir":"CCW","session_dir":"CCW","mdir":"FWD","rear":110,"front":105,"env":1505,"lc_mm":110,"last_confirmed_landmark":"","age_ms":260,"since":0,"dead_reckoned_mm":110,"candidate_mm":-1,"viable":[],"lostm":0,"lost_ms":0,"agree":8,"disagree":0,"losts":0,"auto":0}
1786500611.733125820 ngr/loco/9950011/telem/voltage 15.05
1786500611.771945701 ngr/loco/9950011/telem/current 0.28
1786500611.778844104 ngr/loco/9950011/telem/power 4.61
1786500612.216249625 ngr/loco/9950011/state/loopstat {"loop_max_gap_ms":34,"hall_task_max_gap_ms":2,"hall_task_age_ms":1,"baseline":1902,"raw":1898,"delta":-4,"queue_drops":0,"floor_rejects":0,"queue_high_water":1,"mqtt_connect_ms":176,"mqtt_attempts":1,"pub_drops":0,"pub_queue_hw":3,"cmd_drops":0,"pub_per_s":6,"marker_pub_drops":0,"marker_pub_hw":1,"nav":"NORMAL","mm":110,"miss_streak":0,"pwm":91,"lost_markers":0,"lost_ms":0,"motor_dir":"FWD"}
1786500612.226124399 ngr/loco/9950011/state/start_mm 110
1786500612.490960956 ngr/loco/9950011/alert {"level":"CLEAR","reason":"STATUS","loco":"9950011","uptime_ms":95758,"nav":"NORMAL","moving":1,"pwm":91,"est_mm_s":210,"dir":"CCW","session_dir":"CCW","mdir":"FWD","rear":110,"front":105,"env":1505,"lc_mm":110,"last_confirmed_landmark":"","age_ms":1260,"since":0,"dead_reckoned_mm":110,"candidate_mm":-1,"viable":[],"lostm":0,"lost_ms":0,"agree":8,"disagree":0,"losts":0,"auto":0}
1786500612.619345099 ngr/loco/9950011/state/nav {"event":"AGREE","state":"NORMAL","nav_state":"NORMAL","mm":109,"landmark":"","dir":"CCW","miss_streak":0,"obs":"N","expected":"N","peak":140,"ms":168,"drift":0,"dt":1226,"agree":9,"disagree":0,"lost":0,"scores":[0,0,0,0,0,0],"excluded":[false,false,false,false,false,false],"leader":null,"runner_up":null,"margin":0,"motor_dir":"FWD"}
1786500612.641194646 ngr/loco/9950011/mm/marker {"mm":109,"landmark":"","obs":"N","peak":140,"ms":168,"drift":0,"dt":1226,"timing_gate":"ACTIVE","dt_expected":1173,"dt_conserve_ratio":2.26,"pwm":91,"v":15.05}
1786500613.215807978 ngr/loco/9950011/state/start_mm 109
1786500613.229866257 ngr/loco/9950011/state/loopstat {"loop_max_gap_ms":33,"hall_task_max_gap_ms":2,"hall_task_age_ms":1,"baseline":1902,"raw":1897,"delta":-5,"queue_drops":0,"floor_rejects":1,"queue_high_water":1,"mqtt_connect_ms":176,"mqtt_attempts":1,"pub_drops":0,"pub_queue_hw":2,"cmd_drops":0,"pub_per_s":5,"marker_pub_drops":0,"marker_pub_hw":1,"nav":"NORMAL","mm":109,"miss_streak":0,"pwm":91,"lost_markers":0,"lost_ms":0,"motor_dir":"FWD"}
1786500613.507558047 ngr/loco/9950011/alert {"level":"CLEAR","reason":"STATUS","loco":"9950011","uptime_ms":96758,"nav":"NORMAL","moving":1,"pwm":91,"est_mm_s":244,"dir":"CCW","session_dir":"CCW","mdir":"FWD","rear":109,"front":104,"env":1505,"lc_mm":109,"last_confirmed_landmark":"","age_ms":1034,"since":0,"dead_reckoned_mm":109,"candidate_mm":-1,"viable":[],"lostm":0,"lost_ms":0,"agree":9,"disagree":0,"losts":0,"auto":0}
1786500613.898454853 ngr/loco/9950011/state/nav {"event":"AGREE","state":"NORMAL","nav_state":"NORMAL","mm":108,"landmark":"","dir":"CCW","miss_streak":0,"obs":"N","expected":"N","peak":130,"ms":167,"drift":0,"dt":1285,"agree":10,"disagree":0,"lost":0,"scores":[0,0,0,0,0,0],"excluded":[false,false,false,false,false,false],"leader":null,"runner_up":null,"margin":0,"motor_dir":"FWD"}
1786500613.921602977 ngr/loco/9950011/mm/marker {"mm":108,"landmark":"","obs":"N","peak":130,"ms":167,"drift":0,"dt":1285,"timing_gate":"ACTIVE","dt_expected":1173,"dt_conserve_ratio":2.14,"pwm":91,"v":15.05}
1786500614.210999166 ngr/loco/9950011/state/start_mm 108
1786500614.219856738 ngr/loco/9950011/state/loopstat {"loop_max_gap_ms":33,"hall_task_max_gap_ms":2,"hall_task_age_ms":1,"baseline":1902,"raw":1899,"delta":-3,"queue_drops":0,"floor_rejects":1,"queue_high_water":1,"mqtt_connect_ms":176,"mqtt_attempts":1,"pub_drops":0,"pub_queue_hw":1,"cmd_drops":0,"pub_per_s":4,"marker_pub_drops":0,"marker_pub_hw":1,"nav":"NORMAL","mm":108,"miss_streak":0,"pwm":91,"lost_markers":0,"lost_ms":0,"motor_dir":"FWD"}
1786500614.498603546 ngr/loco/9950011/alert {"level":"CLEAR","reason":"STATUS","loco":"9950011","uptime_ms":97758,"nav":"NORMAL","moving":1,"pwm":91,"est_mm_s":237,"dir":"CCW","session_dir":"CCW","mdir":"FWD","rear":108,"front":103,"env":1500,"lc_mm":108,"last_confirmed_landmark":"","age_ms":749,"since":0,"dead_reckoned_mm":108,"candidate_mm":-1,"viable":[],"lostm":0,"lost_ms":0,"agree":10,"disagree":0,"losts":0,"auto":0}
1786500615.151950045 ngr/loco/9950011/state/nav {"event":"AGREE","state":"NORMAL","nav_state":"NORMAL","mm":107,"landmark":"Arches","dir":"CCW","miss_streak":0,"obs":"N","expected":"N","peak":131,"ms":183,"drift":0,"dt":1223,"agree":11,"disagree":0,"lost":0,"scores":[0,0,0,0,0,0],"excluded":[false,false,false,false,false,false],"leader":null,"runner_up":null,"margin":0,"motor_dir":"FWD"}
1786500615.172046388 ngr/loco/9950011/mm/marker {"mm":107,"landmark":"Arches","obs":"N","peak":131,"ms":183,"drift":0,"dt":1223,"timing_gate":"ACTIVE","dt_expected":1192,"dt_conserve_ratio":2.10,"pwm":91,"v":15.05}
1786500615.224549674 ngr/loco/9950011/state/start_mm 107
1786500615.289026893 ngr/loco/9950011/state/loopstat {"loop_max_gap_ms":34,"hall_task_max_gap_ms":2,"hall_task_age_ms":1,"baseline":1902,"raw":1879,"delta":-23,"queue_drops":0,"floor_rejects":1,"queue_high_water":1,"mqtt_connect_ms":176,"mqtt_attempts":1,"pub_drops":0,"pub_queue_hw":1,"cmd_drops":0,"pub_per_s":4,"marker_pub_drops":0,"marker_pub_hw":1,"nav":"NORMAL","mm":107,"miss_streak":0,"pwm":91,"lost_markers":0,"lost_ms":0,"motor_dir":"FWD"}
1786500615.538286802 ngr/loco/9950011/alert {"level":"CLEAR","reason":"STATUS","loco":"9950011","uptime_ms":98758,"nav":"NORMAL","moving":1,"pwm":91,"est_mm_s":245,"dir":"CCW","session_dir":"CCW","mdir":"FWD","rear":107,"front":102,"env":1495,"lc_mm":107,"last_confirmed_landmark":"Arches","age_ms":526,"since":0,"dead_reckoned_mm":107,"candidate_mm":-1,"viable":[],"lostm":0,"lost_ms":0,"agree":11,"disagree":0,"losts":0,"auto":0}
1786500616.260197976 ngr/loco/9950011/state/loopstat {"loop_max_gap_ms":33,"hall_task_max_gap_ms":2,"hall_task_age_ms":1,"baseline":1902,"raw":1891,"delta":-11,"queue_drops":0,"floor_rejects":1,"queue_high_water":0,"mqtt_connect_ms":176,"mqtt_attempts":1,"pub_drops":0,"pub_queue_hw":1,"cmd_drops":0,"pub_per_s":1,"marker_pub_drops":0,"marker_pub_hw":0,"nav":"NORMAL","mm":107,"miss_streak":0,"pwm":91,"lost_markers":0,"lost_ms":0,"motor_dir":"FWD"}
1786500616.467153509 ngr/loco/9950011/state/nav {"event":"AGREE","state":"NORMAL","nav_state":"NORMAL","mm":106,"landmark":"","dir":"CCW","miss_streak":0,"obs":"S","expected":"S","peak":140,"ms":185,"drift":0,"dt":1316,"agree":12,"disagree":0,"lost":0,"scores":[0,0,0,0,0,0],"excluded":[false,false,false,false,false,false],"leader":null,"runner_up":null,"margin":0,"motor_dir":"FWD"}
1786500616.492435323 ngr/loco/9950011/mm/marker {"mm":106,"landmark":"","obs":"S","peak":140,"ms":185,"drift":0,"dt":1316,"timing_gate":"ACTIVE","dt_expected":1173,"dt_conserve_ratio":2.16,"pwm":91,"v":15.05}
1786500616.496273250 ngr/loco/9950011/alert {"level":"CLEAR","reason":"STATUS","loco":"9950011","uptime_ms":99758,"nav":"NORMAL","moving":1,"pwm":91,"est_mm_s":227,"dir":"CCW","session_dir":"CCW","mdir":"FWD","rear":106,"front":101,"env":1495,"lc_mm":106,"last_confirmed_landmark":"","age_ms":210,"since":0,"dead_reckoned_mm":106,"candidate_mm":-1,"viable":[],"lostm":0,"lost_ms":0,"agree":12,"disagree":0,"losts":0,"auto":0}
1786500616.788847793 ngr/loco/9950011/telem/voltage 15.08
1786500616.803390522 ngr/loco/9950011/telem/current 0.27
1786500616.806701094 ngr/loco/9950011/telem/power 5.46
1786500617.220738732 ngr/loco/9950011/state/start_mm 106
1786500617.263983498 ngr/loco/9950011/state/loopstat {"loop_max_gap_ms":33,"hall_task_max_gap_ms":2,"hall_task_age_ms":1,"baseline":1902,"raw":1900,"delta":-2,"queue_drops":0,"floor_rejects":1,"queue_high_water":1,"mqtt_connect_ms":176,"mqtt_attempts":1,"pub_drops":0,"pub_queue_hw":3,"cmd_drops":0,"pub_per_s":7,"marker_pub_drops":0,"marker_pub_hw":1,"nav":"NORMAL","mm":106,"miss_streak":0,"pwm":91,"lost_markers":0,"lost_ms":0,"motor_dir":"FWD"}
1786500617.564286720 ngr/loco/9950011/alert {"level":"CLEAR","reason":"STATUS","loco":"9950011","uptime_ms":100758,"nav":"NORMAL","moving":1,"pwm":91,"est_mm_s":227,"dir":"CCW","session_dir":"CCW","mdir":"FWD","rear":106,"front":101,"env":1495,"lc_mm":106,"last_confirmed_landmark":"","age_ms":1210,"since":0,"dead_reckoned_mm":106,"candidate_mm":-1,"viable":[],"lostm":0,"lost_ms":0,"agree":12,"disagree":0,"losts":0,"auto":0}
1786500617.789142114 ngr/loco/9950011/state/nav {"event":"AGREE","state":"NORMAL","nav_state":"NORMAL","mm":105,"landmark":"","dir":"CCW","miss_streak":0,"obs":"S","expected":"S","peak":145,"ms":185,"drift":0,"dt":1278,"agree":13,"disagree":0,"lost":0,"scores":[0,0,0,0,0,0],"excluded":[false,false,false,false,false,false],"leader":null,"runner_up":null,"margin":0,"motor_dir":"FWD"}
1786500617.901022973 ngr/loco/9950011/mm/marker {"mm":105,"landmark":"","obs":"S","peak":145,"ms":185,"drift":0,"dt":1278,"timing_gate":"ACTIVE","dt_expected":1173,"dt_conserve_ratio":2.21,"pwm":91,"v":15.08}
1786500618.225596272 ngr/loco/9950011/state/start_mm 105
1786500618.255585051 ngr/loco/9950011/state/loopstat {"loop_max_gap_ms":33,"hall_task_max_gap_ms":2,"hall_task_age_ms":1,"baseline":1902,"raw":1901,"delta":-1,"queue_drops":0,"floor_rejects":1,"queue_high_water":1,"mqtt_connect_ms":176,"mqtt_attempts":1,"pub_drops":0,"pub_queue_hw":1,"cmd_drops":0,"pub_per_s":4,"marker_pub_drops":0,"marker_pub_hw":1,"nav":"NORMAL","mm":105,"miss_streak":0,"pwm":91,"lost_markers":0,"lost_ms":0,"motor_dir":"FWD"}
1786500618.523594508 ngr/loco/9950011/alert {"level":"CLEAR","reason":"STATUS","loco":"9950011","uptime_ms":101758,"nav":"NORMAL","moving":1,"pwm":91,"est_mm_s":234,"dir":"CCW","session_dir":"CCW","mdir":"FWD","rear":105,"front":100,"env":1495,"lc_mm":105,"last_confirmed_landmark":"","age_ms":932,"since":0,"dead_reckoned_mm":105,"candidate_mm":-1,"viable":[],"lostm":0,"lost_ms":0,"agree":13,"disagree":0,"losts":0,"auto":0}
1786500619.081554319 ngr/loco/9950011/state/nav {"event":"AGREE","state":"NORMAL","nav_state":"NORMAL","mm":104,"landmark":"","dir":"CCW","miss_streak":0,"obs":"S","expected":"S","peak":133,"ms":185,"drift":0,"dt":1287,"agree":14,"disagree":0,"lost":0,"scores":[0,0,0,0,0,0],"excluded":[false,false,false,false,false,false],"leader":null,"runner_up":null,"margin":0,"motor_dir":"FWD"}
1786500619.120296055 ngr/loco/9950011/mm/marker {"mm":104,"landmark":"","obs":"S","peak":133,"ms":185,"drift":0,"dt":1287,"timing_gate":"ACTIVE","dt_expected":1173,"dt_conserve_ratio":2.19,"pwm":91,"v":15.08}
1786500619.257172020 ngr/loco/9950011/state/start_mm 104
1786500619.336972245 ngr/loco/9950011/state/loopstat {"loop_max_gap_ms":34,"hall_task_max_gap_ms":3,"hall_task_age_ms":1,"baseline":1902,"raw":1904,"delta":2,"queue_drops":0,"floor_rejects":1,"queue_high_water":1,"mqtt_connect_ms":176,"mqtt_attempts":1,"pub_drops":0,"pub_queue_hw":1,"cmd_drops":0,"pub_per_s":4,"marker_pub_drops":0,"marker_pub_hw":1,"nav":"NORMAL","mm":104,"miss_streak":0,"pwm":91,"lost_markers":0,"lost_ms":0,"motor_dir":"FWD"}
1786500619.557480354 ngr/loco/9950011/alert {"level":"CLEAR","reason":"STATUS","loco":"9950011","uptime_ms":102758,"nav":"NORMAL","moving":1,"pwm":91,"est_mm_s":233,"dir":"CCW","session_dir":"CCW","mdir":"FWD","rear":104,"front":99,"env":1495,"lc_mm":104,"last_confirmed_landmark":"","age_ms":645,"since":0,"dead_reckoned_mm":104,"candidate_mm":-1,"viable":[],"lostm":0,"lost_ms":0,"agree":14,"disagree":0,"losts":0,"auto":0}
1786500620.288378604 ngr/loco/9950011/state/loopstat {"loop_max_gap_ms":34,"hall_task_max_gap_ms":2,"hall_task_age_ms":1,"baseline":1902,"raw":1993,"delta":91,"queue_drops":0,"floor_rejects":1,"queue_high_water":0,"mqtt_connect_ms":176,"mqtt_attempts":1,"pub_drops":0,"pub_queue_hw":1,"cmd_drops":0,"pub_per_s":1,"marker_pub_drops":0,"marker_pub_hw":0,"nav":"NORMAL","mm":104,"miss_streak":0,"pwm":91,"lost_markers":0,"lost_ms":0,"motor_dir":"FWD"}
1786500620.392209390 ngr/loco/9950011/state/nav {"event":"AGREE","state":"NORMAL","nav_state":"NORMAL","mm":103,"landmark":"","dir":"CCW","miss_streak":0,"obs":"N","expected":"N","peak":140,"ms":180,"drift":0,"dt":1333,"agree":15,"disagree":0,"lost":0,"scores":[0,0,0,0,0,0],"excluded":[false,false,false,false,false,false],"leader":null,"runner_up":null,"margin":0,"motor_dir":"FWD"}
1786500620.465804149 ngr/loco/9950011/mm/marker {"mm":103,"landmark":"","obs":"N","peak":140,"ms":180,"drift":0,"dt":1333,"timing_gate":"ACTIVE","dt_expected":1173,"dt_conserve_ratio":2.23,"pwm":91,"v":15.08}
1786500620.569030092 ngr/loco/9950011/alert {"level":"CLEAR","reason":"STATUS","loco":"9950011","uptime_ms":103758,"nav":"NORMAL","moving":1,"pwm":91,"est_mm_s":225,"dir":"CCW","session_dir":"CCW","mdir":"FWD","rear":103,"front":98,"env":1495,"lc_mm":103,"last_confirmed_landmark":"","age_ms":312,"since":0,"dead_reckoned_mm":103,"candidate_mm":-1,"viable":[],"lostm":0,"lost_ms":0,"agree":15,"disagree":0,"losts":0,"auto":0}
1786500621.235942941 ngr/loco/9950011/state/loopstat {"loop_max_gap_ms":34,"hall_task_max_gap_ms":3,"hall_task_age_ms":1,"baseline":1902,"raw":1903,"delta":1,"queue_drops":0,"floor_rejects":1,"queue_high_water":1,"mqtt_connect_ms":176,"mqtt_attempts":1,"pub_drops":0,"pub_queue_hw":1,"cmd_drops":0,"pub_per_s":3,"marker_pub_drops":0,"marker_pub_hw":1,"nav":"NORMAL","mm":103,"miss_streak":0,"pwm":91,"lost_markers":0,"lost_ms":0,"motor_dir":"FWD"}
1786500621.293205630 ngr/loco/9950011/state/start_mm 103
1786500621.570491099 ngr/loco/9950011/alert {"level":"CLEAR","reason":"STATUS","loco":"9950011","uptime_ms":104758,"nav":"NORMAL","moving":1,"pwm":91,"est_mm_s":225,"dir":"CCW","session_dir":"CCW","mdir":"FWD","rear":103,"front":98,"env":1495,"lc_mm":103,"last_confirmed_landmark":"","age_ms":1312,"since":0,"dead_reckoned_mm":103,"candidate_mm":-1,"viable":[],"lostm":0,"lost_ms":0,"agree":15,"disagree":0,"losts":0,"auto":0}
1786500621.757395800 ngr/loco/9950011/state/nav {"event":"AGREE","state":"NORMAL","nav_state":"NORMAL","mm":102,"landmark":"","dir":"CCW","miss_streak":0,"obs":"S","expected":"S","peak":248,"ms":228,"drift":0,"dt":1328,"agree":16,"disagree":0,"lost":0,"scores":[0,0,0,0,0,0],"excluded":[false,false,false,false,false,false],"leader":null,"runner_up":null,"margin":0,"motor_dir":"FWD"}
1786500621.815153042 ngr/loco/9950011/telem/voltage 15.04
1786500621.869425408 ngr/loco/9950011/telem/current 0.30
1786500621.887073834 ngr/loco/9950011/telem/power 4.48
1786500621.898054613 ngr/loco/9950011/mm/marker {"mm":102,"landmark":"","obs":"S","peak":248,"ms":228,"drift":0,"dt":1328,"timing_gate":"ACTIVE","dt_expected":1173,"dt_conserve_ratio":2.27,"pwm":91,"v":15.04}
1786500622.237642560 ngr/loco/9950011/state/start_mm 102
1786500622.257411777 ngr/loco/9950011/state/loopstat {"loop_max_gap_ms":34,"hall_task_max_gap_ms":3,"hall_task_age_ms":1,"baseline":1902,"raw":1904,"delta":2,"queue_drops":0,"floor_rejects":1,"queue_high_water":1,"mqtt_connect_ms":176,"mqtt_attempts":1,"pub_drops":0,"pub_queue_hw":3,"cmd_drops":0,"pub_per_s":8,"marker_pub_drops":0,"marker_pub_hw":1,"nav":"NORMAL","mm":102,"miss_streak":0,"pwm":91,"lost_markers":0,"lost_ms":0,"motor_dir":"FWD"}
1786500622.528624831 ngr/loco/9950011/alert {"level":"CLEAR","reason":"STATUS","loco":"9950011","uptime_ms":105758,"nav":"NORMAL","moving":1,"pwm":91,"est_mm_s":222,"dir":"CCW","session_dir":"CCW","mdir":"FWD","rear":102,"front":97,"env":1500,"lc_mm":102,"last_confirmed_landmark":"","age_ms":984,"since":0,"dead_reckoned_mm":102,"candidate_mm":-1,"viable":[],"lostm":0,"lost_ms":0,"agree":16,"disagree":0,"losts":0,"auto":0}
1786500623.232128795 ngr/loco/9950011/state/nav {"event":"AGREE","state":"NORMAL","nav_state":"NORMAL","mm":101,"landmark":"","dir":"CCW","miss_streak":0,"obs":"S","expected":"S","peak":144,"ms":177,"drift":0,"dt":1381,"agree":17,"disagree":0,"lost":0,"scores":[0,0,0,0,0,0],"excluded":[false,false,false,false,false,false],"leader":null,"runner_up":null,"margin":0,"motor_dir":"FWD"}
1786500623.262751160 ngr/loco/9950011/mm/marker {"mm":101,"landmark":"","obs":"S","peak":144,"ms":177,"drift":0,"dt":1381,"timing_gate":"ACTIVE","dt_expected":1153,"dt_conserve_ratio":2.35,"pwm":91,"v":15.04}
1786500623.283220254 ngr/loco/9950011/state/start_mm 101
1786500623.329110158 ngr/loco/9950011/state/loopstat {"loop_max_gap_ms":34,"hall_task_max_gap_ms":2,"hall_task_age_ms":1,"baseline":1902,"raw":1908,"delta":6,"queue_drops":0,"floor_rejects":1,"queue_high_water":1,"mqtt_connect_ms":176,"mqtt_attempts":1,"pub_drops":0,"pub_queue_hw":1,"cmd_drops":0,"pub_per_s":4,"marker_pub_drops":0,"marker_pub_hw":1,"nav":"NORMAL","mm":101,"miss_streak":0,"pwm":91,"lost_markers":0,"lost_ms":0,"motor_dir":"FWD"}
1786500623.529634105 ngr/loco/9950011/alert {"level":"CLEAR","reason":"STATUS","loco":"9950011","uptime_ms":106758,"nav":"NORMAL","moving":1,"pwm":91,"est_mm_s":217,"dir":"CCW","session_dir":"CCW","mdir":"FWD","rear":101,"front":96,"env":1500,"lc_mm":101,"last_confirmed_landmark":"","age_ms":603,"since":0,"dead_reckoned_mm":101,"candidate_mm":-1,"viable":[],"lostm":0,"lost_ms":0,"agree":17,"disagree":0,"losts":0,"auto":0}
1786500624.287375892 ngr/loco/9950011/state/loopstat {"loop_max_gap_ms":34,"hall_task_max_gap_ms":2,"hall_task_age_ms":1,"baseline":1902,"raw":2046,"delta":144,"queue_drops":0,"floor_rejects":1,"queue_high_water":0,"mqtt_connect_ms":176,"mqtt_attempts":1,"pub_drops":0,"pub_queue_hw":1,"cmd_drops":0,"pub_per_s":1,"marker_pub_drops":0,"marker_pub_hw":0,"nav":"NORMAL","mm":101,"miss_streak":0,"pwm":91,"lost_markers":0,"lost_ms":0,"motor_dir":"FWD"}
1786500624.418319826 ngr/loco/9950011/state/nav {"event":"AGREE","state":"NORMAL","nav_state":"NORMAL","mm":100,"landmark":"","dir":"CCW","miss_streak":0,"obs":"N","expected":"N","peak":144,"ms":164,"drift":0,"dt":1261,"agree":18,"disagree":0,"lost":0,"scores":[0,0,0,0,0,0],"excluded":[false,false,false,false,false,false],"leader":null,"runner_up":null,"margin":0,"motor_dir":"FWD"}
1786500624.451717856 ngr/loco/9950011/mm/marker {"mm":100,"landmark":"","obs":"N","peak":144,"ms":164,"drift":0,"dt":1261,"timing_gate":"ACTIVE","dt_expected":1173,"dt_conserve_ratio":2.25,"pwm":91,"v":15.04}
1786500624.517176313 ngr/loco/9950011/alert {"level":"CLEAR","reason":"STATUS","loco":"9950011","uptime_ms":107758,"nav":"NORMAL","moving":1,"pwm":91,"est_mm_s":237,"dir":"CCW","session_dir":"CCW","mdir":"FWD","rear":100,"front":95,"env":1500,"lc_mm":100,"last_confirmed_landmark":"","age_ms":342,"since":0,"dead_reckoned_mm":100,"candidate_mm":-1,"viable":[],"lostm":0,"lost_ms":0,"agree":18,"disagree":0,"losts":0,"auto":0}
1786500625.327785265 ngr/loco/9950011/state/start_mm 100
1786500625.335711121 ngr/loco/9950011/state/loopstat {"loop_max_gap_ms":33,"hall_task_max_gap_ms":2,"hall_task_age_ms":1,"baseline":1902,"raw":1902,"delta":0,"queue_drops":0,"floor_rejects":1,"queue_high_water":1,"mqtt_connect_ms":176,"mqtt_attempts":1,"pub_drops":0,"pub_queue_hw":1,"cmd_drops":0,"pub_per_s":4,"marker_pub_drops":0,"marker_pub_hw":1,"nav":"NORMAL","mm":100,"miss_streak":0,"pwm":91,"lost_markers":0,"lost_ms":0,"motor_dir":"FWD"}
1786500625.549125157 ngr/loco/9950011/alert {"level":"CLEAR","reason":"STATUS","loco":"9950011","uptime_ms":108758,"nav":"NORMAL","moving":1,"pwm":91,"est_mm_s":237,"dir":"CCW","session_dir":"CCW","mdir":"FWD","rear":100,"front":95,"env":1500,"lc_mm":100,"last_confirmed_landmark":"","age_ms":1342,"since":0,"dead_reckoned_mm":100,"candidate_mm":-1,"viable":[],"lostm":0,"lost_ms":0,"agree":18,"disagree":0,"losts":0,"auto":0}
1786500625.695894668 ngr/loco/9950011/state/nav {"event":"AGREE","state":"NORMAL","nav_state":"NORMAL","mm":99,"landmark":"","dir":"CCW","miss_streak":0,"obs":"S","expected":"S","peak":218,"ms":185,"drift":0,"dt":1199,"agree":19,"disagree":0,"lost":0,"scores":[0,0,0,0,0,0],"excluded":[false,false,false,false,false,false],"leader":null,"runner_up":null,"margin":0,"motor_dir":"FWD"}
1786500625.709062134 ngr/loco/9950011/mm/marker {"mm":99,"landmark":"","obs":"S","peak":218,"ms":185,"drift":0,"dt":1199,"timing_gate":"ACTIVE","dt_expected":1173,"dt_conserve_ratio":2.10,"pwm":91,"v":15.04}
1786500626.214956402 ngr/loco/9950011/state/start_mm 99
1786500626.228108303 ngr/loco/9950011/state/loopstat {"loop_max_gap_ms":34,"hall_task_max_gap_ms":2,"hall_task_age_ms":1,"baseline":1902,"raw":1900,"delta":-2,"queue_drops":0,"floor_rejects":1,"queue_high_water":1,"mqtt_connect_ms":176,"mqtt_attempts":1,"pub_drops":0,"pub_queue_hw":1,"cmd_drops":0,"pub_per_s":4,"marker_pub_drops":0,"marker_pub_hw":1,"nav":"NORMAL","mm":99,"miss_streak":0,"pwm":91,"lost_markers":0,"lost_ms":0,"motor_dir":"FWD"}
1786500626.495271866 ngr/loco/9950011/alert {"level":"CLEAR","reason":"STATUS","loco":"9950011","uptime_ms":109758,"nav":"NORMAL","moving":1,"pwm":91,"est_mm_s":250,"dir":"CCW","session_dir":"CCW","mdir":"FWD","rear":99,"front":94,"env":1500,"lc_mm":99,"last_confirmed_landmark":"","age_ms":1143,"since":0,"dead_reckoned_mm":99,"candidate_mm":-1,"viable":[],"lostm":0,"lost_ms":0,"agree":19,"disagree":0,"losts":0,"auto":0}
1786500626.727911319 ngr/loco/9950011/telem/voltage 15.08
1786500626.736915617 ngr/loco/9950011/telem/current 0.33
1786500626.738786888 ngr/loco/9950011/telem/power 4.92
1786500626.779582250 ngr/loco/9950011/state/nav {"event":"AGREE","state":"NORMAL","nav_state":"NORMAL","mm":98,"landmark":"Northpoint","dir":"CCW","miss_streak":0,"obs":"S","expected":"S","peak":161,"ms":183,"drift":0,"dt":1215,"agree":20,"disagree":0,"lost":0,"scores":[0,0,0,0,0,0],"excluded":[false,false,false,false,false,false],"leader":null,"runner_up":null,"margin":0,"motor_dir":"FWD"}
1786500626.786684144 ngr/loco/9950011/mm/marker {"mm":98,"landmark":"Northpoint","obs":"S","peak":161,"ms":183,"drift":0,"dt":1215,"timing_gate":"ACTIVE","dt_expected":1173,"dt_conserve_ratio":2.06,"pwm":91,"v":15.08}
1786500627.220842540 ngr/loco/9950011/state/loopstat {"loop_max_gap_ms":34,"hall_task_max_gap_ms":3,"hall_task_age_ms":1,"baseline":1902,"raw":1902,"delta":0,"queue_drops":0,"floor_rejects":1,"queue_high_water":1,"mqtt_connect_ms":176,"mqtt_attempts":1,"pub_drops":0,"pub_queue_hw":3,"cmd_drops":0,"pub_per_s":6,"marker_pub_drops":0,"marker_pub_hw":1,"nav":"NORMAL","mm":98,"miss_streak":0,"pwm":91,"lost_markers":0,"lost_ms":0,"motor_dir":"FWD"}
1786500627.228987484 ngr/loco/9950011/state/start_mm 98
1786500627.500604787 ngr/loco/9950011/alert {"level":"CLEAR","reason":"STATUS","loco":"9950011","uptime_ms":110758,"nav":"NORMAL","moving":1,"pwm":91,"est_mm_s":246,"dir":"CCW","session_dir":"CCW","mdir":"FWD","rear":98,"front":93,"env":1500,"lc_mm":98,"last_confirmed_landmark":"Northpoint","age_ms":928,"since":0,"dead_reckoned_mm":98,"candidate_mm":-1,"viable":[],"lostm":0,"lost_ms":0,"agree":20,"disagree":0,"losts":0,"auto":0}
1786500627.923898039 ngr/loco/9950011/state/nav {"event":"AGREE","state":"NORMAL","nav_state":"NORMAL","mm":97,"landmark":"","dir":"CCW","miss_streak":0,"obs":"N","expected":"N","peak":158,"ms":177,"drift":0,"dt":1195,"agree":21,"disagree":0,"lost":0,"scores":[0,0,0,0,0,0],"excluded":[false,false,false,false,false,false],"leader":null,"runner_up":null,"margin":0,"motor_dir":"FWD"}
1786500627.945518355 ngr/loco/9950011/mm/marker {"mm":97,"landmark":"","obs":"N","peak":158,"ms":177,"drift":0,"dt":1195,"timing_gate":"ACTIVE","dt_expected":1173,"dt_conserve_ratio":2.05,"pwm":91,"v":15.08}
1786500628.210771530 ngr/loco/9950011/state/loopstat {"loop_max_gap_ms":33,"hall_task_max_gap_ms":2,"hall_task_age_ms":1,"baseline":1902,"raw":1894,"delta":-8,"queue_drops":0,"floor_rejects":1,"queue_high_water":1,"mqtt_connect_ms":176,"mqtt_attempts":1,"pub_drops":0,"pub_queue_hw":2,"cmd_drops":0,"pub_per_s":4,"marker_pub_drops":0,"marker_pub_hw":1,"nav":"NORMAL","mm":97,"miss_streak":0,"pwm":91,"lost_markers":0,"lost_ms":0,"motor_dir":"FWD"}
1786500628.222519252 ngr/loco/9950011/state/start_mm 97
1786500628.493637851 ngr/loco/9950011/alert {"level":"CLEAR","reason":"STATUS","loco":"9950011","uptime_ms":111758,"nav":"NORMAL","moving":1,"pwm":91,"est_mm_s":251,"dir":"CCW","session_dir":"CCW","mdir":"FWD","rear":97,"front":92,"env":1500,"lc_mm":97,"last_confirmed_landmark":"","age_ms":733,"since":0,"dead_reckoned_mm":97,"candidate_mm":-1,"viable":[],"lostm":0,"lost_ms":0,"agree":21,"disagree":0,"losts":0,"auto":0}
1786500629.184811623 ngr/loco/9950011/state/nav {"event":"AGREE","state":"NORMAL","nav_state":"NORMAL","mm":96,"landmark":"","dir":"CCW","miss_streak":0,"obs":"N","expected":"N","peak":161,"ms":192,"drift":0,"dt":1215,"agree":22,"disagree":0,"lost":0,"scores":[0,0,0,0,0,0],"excluded":[false,false,false,false,false,false],"leader":null,"runner_up":null,"margin":0,"motor_dir":"FWD"}
1786500629.198164319 ngr/loco/9950011/mm/marker {"mm":96,"landmark":"","obs":"N","peak":161,"ms":192,"drift":0,"dt":1215,"timing_gate":"ACTIVE","dt_expected":1173,"dt_conserve_ratio":2.05,"pwm":91,"v":15.08}
1786500629.229106723 ngr/loco/9950011/state/start_mm 96
1786500629.252918686 ngr/loco/9950011/state/loopstat {"loop_max_gap_ms":34,"hall_task_max_gap_ms":3,"hall_task_age_ms":1,"baseline":1902,"raw":1880,"delta":-22,"queue_drops":0,"floor_rejects":1,"queue_high_water":1,"mqtt_connect_ms":176,"mqtt_attempts":1,"pub_drops":0,"pub_queue_hw":2,"cmd_drops":0,"pub_per_s":5,"marker_pub_drops":0,"marker_pub_hw":1,"nav":"NORMAL","mm":96,"miss_streak":0,"pwm":91,"lost_markers":0,"lost_ms":0,"motor_dir":"FWD"}
1786500629.513264597 ngr/loco/9950011/alert {"level":"CLEAR","reason":"STATUS","loco":"9950011","uptime_ms":112758,"nav":"NORMAL","moving":1,"pwm":91,"est_mm_s":246,"dir":"CCW","session_dir":"CCW","mdir":"FWD","rear":96,"front":91,"env":1500,"lc_mm":96,"last_confirmed_landmark":"","age_ms":518,"since":0,"dead_reckoned_mm":96,"candidate_mm":-1,"viable":[],"lostm":0,"lost_ms":0,"agree":22,"disagree":0,"losts":0,"auto":0}
1786500630.269546533 ngr/loco/9950011/state/loopstat {"loop_max_gap_ms":34,"hall_task_max_gap_ms":2,"hall_task_age_ms":1,"baseline":1902,"raw":1771,"delta":-131,"queue_drops":0,"floor_rejects":1,"queue_high_water":0,"mqtt_connect_ms":176,"mqtt_attempts":1,"pub_drops":0,"pub_queue_hw":1,"cmd_drops":0,"pub_per_s":1,"marker_pub_drops":0,"marker_pub_hw":0,"nav":"NORMAL","mm":96,"miss_streak":0,"pwm":91,"lost_markers":0,"lost_ms":0,"motor_dir":"FWD"}
1786500630.396957309 ngr/loco/9950011/state/nav {"event":"AGREE","state":"NORMAL","nav_state":"NORMAL","mm":95,"landmark":"","dir":"CCW","miss_streak":0,"obs":"S","expected":"S","peak":185,"ms":168,"drift":0,"dt":1193,"agree":23,"disagree":0,"lost":0,"scores":[0,0,0,0,0,0],"excluded":[false,false,false,false,false,false],"leader":null,"runner_up":null,"margin":0,"motor_dir":"FWD"}
1786500630.422044891 ngr/loco/9950011/mm/marker {"mm":95,"landmark":"","obs":"S","peak":185,"ms":168,"drift":0,"dt":1193,"timing_gate":"ACTIVE","dt_expected":1173,"dt_conserve_ratio":2.05,"pwm":91,"v":15.08}
1786500630.505121421 ngr/loco/9950011/alert {"level":"CLEAR","reason":"STATUS","loco":"9950011","uptime_ms":113758,"nav":"NORMAL","moving":1,"pwm":91,"est_mm_s":251,"dir":"CCW","session_dir":"CCW","mdir":"FWD","rear":95,"front":90,"env":1500,"lc_mm":95,"last_confirmed_landmark":"","age_ms":325,"since":0,"dead_reckoned_mm":95,"candidate_mm":-1,"viable":[],"lostm":0,"lost_ms":0,"agree":23,"disagree":0,"losts":0,"auto":0}
1786500631.215218875 ngr/loco/9950011/state/start_mm 95
1786500631.222727292 ngr/loco/9950011/state/loopstat {"loop_max_gap_ms":33,"hall_task_max_gap_ms":2,"hall_task_age_ms":1,"baseline":1902,"raw":1903,"delta":1,"queue_drops":0,"floor_rejects":2,"queue_high_water":1,"mqtt_connect_ms":176,"mqtt_attempts":1,"pub_drops":0,"pub_queue_hw":1,"cmd_drops":0,"pub_per_s":4,"marker_pub_drops":0,"marker_pub_hw":1,"nav":"NORMAL","mm":95,"miss_streak":0,"pwm":91,"lost_markers":0,"lost_ms":0,"motor_dir":"FWD"}
1786500631.504214458 ngr/loco/9950011/state/nav {"event":"AGREE","state":"NORMAL","nav_state":"NORMAL","mm":94,"landmark":"","dir":"CCW","miss_streak":0,"obs":"N","expected":"N","peak":163,"ms":168,"drift":0,"dt":1156,"agree":24,"disagree":0,"lost":0,"scores":[0,0,0,0,0,0],"excluded":[false,false,false,false,false,false],"leader":null,"runner_up":null,"margin":0,"motor_dir":"FWD"}
1786500631.527034386 ngr/loco/9950011/mm/marker {"mm":94,"landmark":"","obs":"N","peak":163,"ms":168,"drift":0,"dt":1156,"timing_gate":"ACTIVE","dt_expected":1173,"dt_conserve_ratio":2.00,"pwm":91,"v":15.08}
1786500631.533871271 ngr/loco/9950011/alert {"level":"CLEAR","reason":"STATUS","loco":"9950011","uptime_ms":114780,"nav":"NORMAL","moving":1,"pwm":91,"est_mm_s":259,"dir":"CCW","session_dir":"CCW","mdir":"FWD","rear":94,"front":89,"env":1500,"lc_mm":94,"last_confirmed_landmark":"","age_ms":191,"since":0,"dead_reckoned_mm":94,"candidate_mm":-1,"viable":[],"lostm":0,"lost_ms":0,"agree":24,"disagree":0,"losts":0,"auto":0}
1786500631.733381435 ngr/loco/9950011/telem/voltage 15.07
1786500631.751089822 ngr/loco/9950011/telem/current 0.29
1786500631.753425320 ngr/loco/9950011/telem/power 5.32
1786500632.215271133 ngr/loco/9950011/state/loopstat {"loop_max_gap_ms":56,"hall_task_max_gap_ms":3,"hall_task_age_ms":1,"baseline":1902,"raw":1902,"delta":0,"queue_drops":0,"floor_rejects":2,"queue_high_water":1,"mqtt_connect_ms":176,"mqtt_attempts":1,"pub_drops":0,"pub_queue_hw":3,"cmd_drops":0,"pub_per_s":6,"marker_pub_drops":0,"marker_pub_hw":1,"nav":"NORMAL","mm":94,"miss_streak":0,"pwm":91,"lost_markers":0,"lost_ms":0,"motor_dir":"FWD"}
1786500632.233239019 ngr/loco/9950011/state/start_mm 94
1786500632.517354898 ngr/loco/9950011/alert {"level":"CLEAR","reason":"STATUS","loco":"9950011","uptime_ms":115780,"nav":"NORMAL","moving":1,"pwm":91,"est_mm_s":259,"dir":"CCW","session_dir":"CCW","mdir":"FWD","rear":94,"front":89,"env":1500,"lc_mm":94,"last_confirmed_landmark":"","age_ms":1191,"since":0,"dead_reckoned_mm":94,"candidate_mm":-1,"viable":[],"lostm":0,"lost_ms":0,"agree":24,"disagree":0,"losts":0,"auto":0}
1786500632.677391196 ngr/loco/9950011/state/nav {"event":"AGREE","state":"NORMAL","nav_state":"NORMAL","mm":93,"landmark":"","dir":"CCW","miss_streak":0,"obs":"S","expected":"S","peak":165,"ms":183,"drift":0,"dt":1171,"agree":25,"disagree":0,"lost":0,"scores":[0,0,0,0,0,0],"excluded":[false,false,false,false,false,false],"leader":null,"runner_up":null,"margin":0,"motor_dir":"FWD"}
1786500632.691128687 ngr/loco/9950011/mm/marker {"mm":93,"landmark":"","obs":"S","peak":165,"ms":183,"drift":0,"dt":1171,"timing_gate":"ACTIVE","dt_expected":1173,"dt_conserve_ratio":1.98,"pwm":91,"v":15.07}
1786500633.217290107 ngr/loco/9950011/state/start_mm 93
1786500633.228378360 ngr/loco/9950011/state/loopstat {"loop_max_gap_ms":34,"hall_task_max_gap_ms":2,"hall_task_age_ms":1,"baseline":1902,"raw":1901,"delta":-1,"queue_drops":0,"floor_rejects":2,"queue_high_water":1,"mqtt_connect_ms":176,"mqtt_attempts":1,"pub_drops":0,"pub_queue_hw":2,"cmd_drops":0,"pub_per_s":5,"marker_pub_drops":0,"marker_pub_hw":1,"nav":"NORMAL","mm":93,"miss_streak":0,"pwm":91,"lost_markers":0,"lost_ms":0,"motor_dir":"FWD"}
1786500633.508413586 ngr/loco/9950011/alert {"level":"CLEAR","reason":"STATUS","loco":"9950011","uptime_ms":116780,"nav":"NORMAL","moving":1,"pwm":91,"est_mm_s":256,"dir":"CCW","session_dir":"CCW","mdir":"FWD","rear":93,"front":88,"env":1505,"lc_mm":93,"last_confirmed_landmark":"","age_ms":1020,"since":0,"dead_reckoned_mm":93,"candidate_mm":-1,"viable":[],"lostm":0,"lost_ms":0,"agree":25,"disagree":0,"losts":0,"auto":0}
1786500633.935015330 ngr/loco/9950011/state/nav {"event":"AGREE","state":"NORMAL","nav_state":"NORMAL","mm":92,"landmark":"","dir":"CCW","miss_streak":0,"obs":"S","expected":"S","peak":168,"ms":200,"drift":0,"dt":1249,"agree":26,"disagree":0,"lost":0,"scores":[0,0,0,0,0,0],"excluded":[false,false,false,false,false,false],"leader":null,"runner_up":null,"margin":0,"motor_dir":"FWD"}
1786500633.951524596 ngr/loco/9950011/mm/marker {"mm":92,"landmark":"","obs":"S","peak":168,"ms":200,"drift":0,"dt":1249,"timing_gate":"ACTIVE","dt_expected":1173,"dt_conserve_ratio":2.06,"pwm":91,"v":15.07}
1786500634.216732270 ngr/loco/9950011/state/start_mm 92
1786500634.228612060 ngr/loco/9950011/state/loopstat {"loop_max_gap_ms":34,"hall_task_max_gap_ms":2,"hall_task_age_ms":1,"baseline":1902,"raw":1903,"delta":1,"queue_drops":0,"floor_rejects":2,"queue_high_water":1,"mqtt_connect_ms":176,"mqtt_attempts":1,"pub_drops":0,"pub_queue_hw":1,"cmd_drops":0,"pub_per_s":4,"marker_pub_drops":0,"marker_pub_hw":1,"nav":"NORMAL","mm":92,"miss_streak":0,"pwm":91,"lost_markers":0,"lost_ms":0,"motor_dir":"FWD"}
1786500634.536749033 ngr/loco/9950011/alert {"level":"CLEAR","reason":"STATUS","loco":"9950011","uptime_ms":117780,"nav":"NORMAL","moving":1,"pwm":91,"est_mm_s":240,"dir":"CCW","session_dir":"CCW","mdir":"FWD","rear":92,"front":87,"env":1505,"lc_mm":92,"last_confirmed_landmark":"","age_ms":771,"since":0,"dead_reckoned_mm":92,"candidate_mm":-1,"viable":[],"lostm":0,"lost_ms":0,"agree":26,"disagree":0,"losts":0,"auto":0}
1786500635.227188539 ngr/loco/9950011/state/loopstat {"loop_max_gap_ms":34,"hall_task_max_gap_ms":2,"hall_task_age_ms":1,"baseline":1902,"raw":2013,"delta":111,"queue_drops":0,"floor_rejects":2,"queue_high_water":0,"mqtt_connect_ms":176,"mqtt_attempts":1,"pub_drops":0,"pub_queue_hw":1,"cmd_drops":0,"pub_per_s":1,"marker_pub_drops":0,"marker_pub_hw":0,"nav":"NORMAL","mm":92,"miss_streak":0,"pwm":91,"lost_markers":0,"lost_ms":0,"motor_dir":"FWD"}
1786500635.280983436 ngr/loco/9950011/state/nav {"event":"AGREE","state":"NORMAL","nav_state":"NORMAL","mm":91,"landmark":"","dir":"CCW","miss_streak":0,"obs":"N","expected":"N","peak":153,"ms":199,"drift":0,"dt":1351,"agree":27,"disagree":0,"lost":0,"scores":[0,0,0,0,0,0],"excluded":[false,false,false,false,false,false],"leader":null,"runner_up":null,"margin":0,"motor_dir":"FWD"}
1786500635.302491686 ngr/loco/9950011/mm/marker {"mm":91,"landmark":"","obs":"N","peak":153,"ms":199,"drift":0,"dt":1351,"timing_gate":"ACTIVE","dt_expected":1173,"dt_conserve_ratio":2.22,"pwm":91,"v":15.07}
1786500635.537226253 ngr/loco/9950011/alert {"level":"CLEAR","reason":"STATUS","loco":"9950011","uptime_ms":118780,"nav":"NORMAL","moving":1,"pwm":91,"est_mm_s":222,"dir":"CCW","session_dir":"CCW","mdir":"FWD","rear":91,"front":86,"env":1505,"lc_mm":91,"last_confirmed_landmark":"","age_ms":420,"since":0,"dead_reckoned_mm":91,"candidate_mm":-1,"viable":[],"lostm":0,"lost_ms":0,"agree":27,"disagree":0,"losts":0,"auto":0}
1786500636.215662615 ngr/loco/9950011/state/start_mm 91
1786500636.229527555 ngr/loco/9950011/state/loopstat {"loop_max_gap_ms":34,"hall_task_max_gap_ms":2,"hall_task_age_ms":1,"baseline":1902,"raw":1901,"delta":-1,"queue_drops":0,"floor_rejects":2,"queue_high_water":1,"mqtt_connect_ms":176,"mqtt_attempts":1,"pub_drops":0,"pub_queue_hw":1,"cmd_drops":0,"pub_per_s":4,"marker_pub_drops":0,"marker_pub_hw":1,"nav":"NORMAL","mm":91,"miss_streak":0,"pwm":91,"lost_markers":0,"lost_ms":0,"motor_dir":"FWD"}
1786500636.514681465 ngr/loco/9950011/alert {"level":"CLEAR","reason":"STATUS","loco":"9950011","uptime_ms":119780,"nav":"NORMAL","moving":1,"pwm":91,"est_mm_s":222,"dir":"CCW","session_dir":"CCW","mdir":"FWD","rear":91,"front":86,"env":1505,"lc_mm":91,"last_confirmed_landmark":"","age_ms":1420,"since":0,"dead_reckoned_mm":91,"candidate_mm":-1,"viable":[],"lostm":0,"lost_ms":0,"agree":27,"disagree":0,"losts":0,"auto":0}
1786500636.694363402 ngr/loco/9950011/state/nav {"event":"AGREE","state":"NORMAL","nav_state":"NORMAL","mm":90,"landmark":"","dir":"CCW","miss_streak":0,"obs":"N","expected":"N","peak":151,"ms":198,"drift":0,"dt":1392,"agree":28,"disagree":0,"lost":0,"scores":[0,0,0,0,0,0],"excluded":[false,false,false,false,false,false],"leader":null,"runner_up":null,"margin":0,"motor_dir":"FWD"}
1786500636.709639446 ngr/loco/9950011/mm/marker {"mm":90,"landmark":"","obs":"N","peak":151,"ms":198,"drift":0,"dt":1392,"timing_gate":"ACTIVE","dt_expected":1173,"dt_conserve_ratio":2.34,"pwm":91,"v":15.07}
1786500636.732310709 ngr/loco/9950011/telem/voltage 15.07
1786500636.736812677 ngr/loco/9950011/telem/current 0.33
1786500636.737073758 ngr/loco/9950011/telem/power 4.68
1786500637.218234595 ngr/loco/9950011/state/start_mm 90
1786500637.232324514 ngr/loco/9950011/state/loopstat {"loop_max_gap_ms":34,"hall_task_max_gap_ms":3,"hall_task_age_ms":1,"baseline":1902,"raw":1898,"delta":-4,"queue_drops":0,"floor_rejects":2,"queue_high_water":1,"mqtt_connect_ms":176,"mqtt_attempts":1,"pub_drops":0,"pub_queue_hw":3,"cmd_drops":0,"pub_per_s":7,"marker_pub_drops":0,"marker_pub_hw":1,"nav":"NORMAL","mm":90,"miss_streak":0,"pwm":91,"lost_markers":0,"lost_ms":0,"motor_dir":"FWD"}
1786500637.519660558 ngr/loco/9950011/alert {"level":"CLEAR","reason":"STATUS","loco":"9950011","uptime_ms":120780,"nav":"NORMAL","moving":1,"pwm":91,"est_mm_s":215,"dir":"CCW","session_dir":"CCW","mdir":"FWD","rear":90,"front":85,"env":1535,"lc_mm":90,"last_confirmed_landmark":"","age_ms":1028,"since":0,"dead_reckoned_mm":90,"candidate_mm":-1,"viable":[],"lostm":0,"lost_ms":0,"agree":28,"disagree":0,"losts":0,"auto":0}
1786500638.060549755 ngr/loco/9950011/state/nav {"event":"AGREE","state":"NORMAL","nav_state":"NORMAL","mm":89,"landmark":"","dir":"CCW","miss_streak":0,"obs":"S","expected":"S","peak":178,"ms":187,"drift":0,"dt":1398,"agree":29,"disagree":0,"lost":0,"scores":[0,0,0,0,0,0],"excluded":[false,false,false,false,false,false],"leader":null,"runner_up":null,"margin":0,"motor_dir":"FWD"}
1786500638.086189383 ngr/loco/9950011/mm/marker {"mm":89,"landmark":"","obs":"S","peak":178,"ms":187,"drift":0,"dt":1398,"timing_gate":"ACTIVE","dt_expected":1173,"dt_conserve_ratio":2.38,"pwm":91,"v":15.07}
1786500638.214303549 ngr/loco/9950011/state/start_mm 89
1786500638.226021707 ngr/loco/9950011/state/loopstat {"loop_max_gap_ms":34,"hall_task_max_gap_ms":2,"hall_task_age_ms":1,"baseline":1902,"raw":1906,"delta":4,"queue_drops":0,"floor_rejects":3,"queue_high_water":1,"mqtt_connect_ms":176,"mqtt_attempts":1,"pub_drops":0,"pub_queue_hw":1,"cmd_drops":0,"pub_per_s":4,"marker_pub_drops":0,"marker_pub_hw":1,"nav":"NORMAL","mm":89,"miss_streak":0,"pwm":91,"lost_markers":0,"lost_ms":0,"motor_dir":"FWD"}
1786500638.557094847 ngr/loco/9950011/alert {"level":"CLEAR","reason":"STATUS","loco":"9950011","uptime_ms":121780,"nav":"NORMAL","moving":1,"pwm":91,"est_mm_s":214,"dir":"CCW","session_dir":"CCW","mdir":"FWD","rear":89,"front":84,"env":1535,"lc_mm":89,"last_confirmed_landmark":"","age_ms":630,"since":0,"dead_reckoned_mm":89,"candidate_mm":-1,"viable":[],"lostm":0,"lost_ms":0,"agree":29,"disagree":0,"losts":0,"auto":0}
1786500639.219024211 ngr/loco/9950011/state/loopstat {"loop_max_gap_ms":34,"hall_task_max_gap_ms":3,"hall_task_age_ms":1,"baseline":1902,"raw":2074,"delta":172,"queue_drops":0,"floor_rejects":3,"queue_high_water":0,"mqtt_connect_ms":176,"mqtt_attempts":1,"pub_drops":0,"pub_queue_hw":1,"cmd_drops":0,"pub_per_s":1,"marker_pub_drops":0,"marker_pub_hw":0,"nav":"NORMAL","mm":89,"miss_streak":0,"pwm":91,"lost_markers":0,"lost_ms":0,"motor_dir":"FWD"}
1786500639.309294112 ngr/loco/9950011/state/nav {"event":"AGREE","state":"NORMAL","nav_state":"NORMAL","mm":88,"landmark":"","dir":"CCW","miss_streak":0,"obs":"N","expected":"N","peak":176,"ms":182,"drift":0,"dt":1253,"agree":30,"disagree":0,"lost":0,"scores":[0,0,0,0,0,0],"excluded":[false,false,false,false,false,false],"leader":null,"runner_up":null,"margin":0,"motor_dir":"FWD"}
1786500639.327002984 ngr/loco/9950011/mm/marker {"mm":88,"landmark":"","obs":"N","peak":176,"ms":182,"drift":0,"dt":1253,"timing_gate":"ACTIVE","dt_expected":1173,"dt_conserve_ratio":2.26,"pwm":91,"v":15.07}
1786500639.556201889 ngr/loco/9950011/alert {"level":"CLEAR","reason":"STATUS","loco":"9950011","uptime_ms":122780,"nav":"NORMAL","moving":1,"pwm":91,"est_mm_s":243,"dir":"CCW","session_dir":"CCW","mdir":"FWD","rear":88,"front":83,"env":1530,"lc_mm":88,"last_confirmed_landmark":"","age_ms":377,"since":0,"dead_reckoned_mm":88,"candidate_mm":-1,"viable":[],"lostm":0,"lost_ms":0,"agree":30,"disagree":0,"losts":0,"auto":0}
1786500640.223073932 ngr/loco/9950011/state/start_mm 88
1786500640.275008574 ngr/loco/9950011/state/loopstat {"loop_max_gap_ms":34,"hall_task_max_gap_ms":2,"hall_task_age_ms":1,"baseline":1902,"raw":1899,"delta":-3,"queue_drops":0,"floor_rejects":3,"queue_high_water":1,"mqtt_connect_ms":176,"mqtt_attempts":1,"pub_drops":0,"pub_queue_hw":1,"cmd_drops":0,"pub_per_s":4,"marker_pub_drops":0,"marker_pub_hw":1,"nav":"NORMAL","mm":88,"miss_streak":0,"pwm":91,"lost_markers":0,"lost_ms":0,"motor_dir":"FWD"}
1786500640.512780305 ngr/loco/9950011/alert {"level":"CLEAR","reason":"STATUS","loco":"9950011","uptime_ms":123780,"nav":"NORMAL","moving":1,"pwm":91,"est_mm_s":243,"dir":"CCW","session_dir":"CCW","mdir":"FWD","rear":88,"front":83,"env":1530,"lc_mm":88,"last_confirmed_landmark":"","age_ms":1377,"since":0,"dead_reckoned_mm":88,"candidate_mm":-1,"viable":[],"lostm":0,"lost_ms":0,"agree":30,"disagree":0,"losts":0,"auto":0}
1786500640.564387822 ngr/loco/9950011/state/nav {"event":"AGREE","state":"NORMAL","nav_state":"NORMAL","mm":87,"landmark":"","dir":"CCW","miss_streak":0,"obs":"N","expected":"N","peak":173,"ms":173,"drift":0,"dt":1221,"agree":31,"disagree":0,"lost":0,"scores":[0,0,0,0,0,0],"excluded":[false,false,false,false,false,false],"leader":null,"runner_up":null,"margin":0,"motor_dir":"FWD"}
1786500640.569135509 ngr/loco/9950011/mm/marker {"mm":87,"landmark":"","obs":"N","peak":173,"ms":173,"drift":0,"dt":1221,"timing_gate":"ACTIVE","dt_expected":1192,"dt_conserve_ratio":2.07,"pwm":91,"v":15.07}
1786500641.224534912 ngr/loco/9950011/state/loopstat {"loop_max_gap_ms":34,"hall_task_max_gap_ms":2,"hall_task_age_ms":1,"baseline":1902,"raw":1903,"delta":1,"queue_drops":0,"floor_rejects":3,"queue_high_water":1,"mqtt_connect_ms":176,"mqtt_attempts":1,"pub_drops":0,"pub_queue_hw":1,"cmd_drops":0,"pub_per_s":3,"marker_pub_drops":0,"marker_pub_hw":1,"nav":"NORMAL","mm":87,"miss_streak":0,"pwm":91,"lost_markers":0,"lost_ms":0,"motor_dir":"FWD"}
1786500641.235850070 ngr/loco/9950011/state/start_mm 87
1786500641.509572197 ngr/loco/9950011/alert {"level":"CLEAR","reason":"STATUS","loco":"9950011","uptime_ms":124780,"nav":"NORMAL","moving":1,"pwm":91,"est_mm_s":245,"dir":"CCW","session_dir":"CCW","mdir":"FWD","rear":87,"front":82,"env":1535,"lc_mm":87,"last_confirmed_landmark":"","age_ms":1156,"since":0,"dead_reckoned_mm":87,"candidate_mm":-1,"viable":[],"lostm":0,"lost_ms":0,"agree":31,"disagree":0,"losts":0,"auto":0}
1786500641.726447339 ngr/loco/9950011/telem/voltage 15.06
1786500641.740041756 ngr/loco/9950011/telem/current 0.34
1786500641.745343273 ngr/loco/9950011/telem/power 5.61
1786500641.757799099 ngr/loco/9950011/state/nav {"event":"AGREE","state":"NORMAL","nav_state":"NORMAL","mm":86,"landmark":"","dir":"CCW","miss_streak":0,"obs":"S","expected":"S","peak":161,"ms":197,"drift":0,"dt":1204,"agree":32,"disagree":0,"lost":0,"scores":[0,0,0,0,0,0],"excluded":[false,false,false,false,false,false],"leader":null,"runner_up":null,"margin":0,"motor_dir":"FWD"}
1786500641.769649198 ngr/loco/9950011/mm/marker {"mm":86,"landmark":"","obs":"S","peak":161,"ms":197,"drift":0,"dt":1204,"timing_gate":"ACTIVE","dt_expected":1173,"dt_conserve_ratio":2.07,"pwm":91,"v":15.06}
1786500642.220319934 ngr/loco/9950011/state/start_mm 86
1786500642.231671517 ngr/loco/9950011/state/loopstat {"loop_max_gap_ms":34,"hall_task_max_gap_ms":3,"hall_task_age_ms":1,"baseline":1902,"raw":1901,"delta":-1,"queue_drops":0,"floor_rejects":3,"queue_high_water":1,"mqtt_connect_ms":176,"mqtt_attempts":1,"pub_drops":0,"pub_queue_hw":3,"cmd_drops":0,"pub_per_s":8,"marker_pub_drops":0,"marker_pub_hw":1,"nav":"NORMAL","mm":86,"miss_streak":0,"pwm":91,"lost_markers":0,"lost_ms":0,"motor_dir":"FWD"}
1786500642.533418278 ngr/loco/9950011/alert {"level":"CLEAR","reason":"STATUS","loco":"9950011","uptime_ms":125780,"nav":"NORMAL","moving":1,"pwm":91,"est_mm_s":249,"dir":"CCW","session_dir":"CCW","mdir":"FWD","rear":86,"front":81,"env":1535,"lc_mm":86,"last_confirmed_landmark":"","age_ms":952,"since":0,"dead_reckoned_mm":86,"candidate_mm":-1,"viable":[],"lostm":0,"lost_ms":0,"agree":32,"disagree":0,"losts":0,"auto":0}
1786500643.134554567 ngr/loco/9950011/state/nav {"event":"AGREE","state":"NORMAL","nav_state":"NORMAL","mm":85,"landmark":"","dir":"CCW","miss_streak":0,"obs":"S","expected":"S","peak":164,"ms":186,"drift":0,"dt":1393,"agree":33,"disagree":0,"lost":0,"scores":[0,0,0,0,0,0],"excluded":[false,false,false,false,false,false],"leader":null,"runner_up":null,"margin":0,"motor_dir":"FWD"}
1786500643.160499184 ngr/loco/9950011/mm/marker {"mm":85,"landmark":"","obs":"S","peak":164,"ms":186,"drift":0,"dt":1393,"timing_gate":"ACTIVE","dt_expected":1173,"dt_conserve_ratio":2.21,"pwm":91,"v":15.06}
1786500643.213653855 ngr/loco/9950011/state/start_mm 85
1786500643.225050012 ngr/loco/9950011/state/loopstat {"loop_max_gap_ms":33,"hall_task_max_gap_ms":3,"hall_task_age_ms":1,"baseline":1902,"raw":1922,"delta":20,"queue_drops":0,"floor_rejects":3,"queue_high_water":1,"mqtt_connect_ms":176,"mqtt_attempts":1,"pub_drops":0,"pub_queue_hw":1,"cmd_drops":0,"pub_per_s":4,"marker_pub_drops":0,"marker_pub_hw":1,"nav":"NORMAL","mm":85,"miss_streak":0,"pwm":91,"lost_markers":0,"lost_ms":0,"motor_dir":"FWD"}
1786500643.522516541 ngr/loco/9950011/alert {"level":"CLEAR","reason":"STATUS","loco":"9950011","uptime_ms":126780,"nav":"NORMAL","moving":1,"pwm":91,"est_mm_s":236,"dir":"CCW","session_dir":"CCW","mdir":"FWD","rear":85,"front":80,"env":1505,"lc_mm":85,"last_confirmed_landmark":"","age_ms":559,"since":0,"dead_reckoned_mm":85,"candidate_mm":-1,"viable":[],"lostm":0,"lost_ms":0,"agree":33,"disagree":0,"losts":0,"auto":0}
1786500644.223074144 ngr/loco/9950011/state/loopstat {"loop_max_gap_ms":34,"hall_task_max_gap_ms":2,"hall_task_age_ms":1,"baseline":1902,"raw":1805,"delta":-97,"queue_drops":0,"floor_rejects":3,"queue_high_water":0,"mqtt_connect_ms":176,"mqtt_attempts":1,"pub_drops":0,"pub_queue_hw":1,"cmd_drops":0,"pub_per_s":1,"marker_pub_drops":0,"marker_pub_hw":0,"nav":"NORMAL","mm":85,"miss_streak":0,"pwm":91,"lost_markers":0,"lost_ms":0,"motor_dir":"FWD"}
1786500644.357112496 ngr/loco/9950011/state/nav {"event":"AGREE","state":"NORMAL","nav_state":"NORMAL","mm":84,"landmark":"","dir":"CCW","miss_streak":0,"obs":"S","expected":"S","peak":180,"ms":197,"drift":0,"dt":1212,"agree":34,"disagree":0,"lost":0,"scores":[0,0,0,0,0,0],"excluded":[false,false,false,false,false,false],"leader":null,"runner_up":null,"margin":0,"motor_dir":"FWD"}
1786500644.374675296 ngr/loco/9950011/mm/marker {"mm":84,"landmark":"","obs":"S","peak":180,"ms":197,"drift":0,"dt":1212,"timing_gate":"ACTIVE","dt_expected":1290,"dt_conserve_ratio":2.02,"pwm":91,"v":15.06}
1786500644.513644566 ngr/loco/9950011/alert {"level":"CLEAR","reason":"STATUS","loco":"9950011","uptime_ms":127780,"nav":"NORMAL","moving":1,"pwm":91,"est_mm_s":247,"dir":"CCW","session_dir":"CCW","mdir":"FWD","rear":84,"front":79,"env":1510,"lc_mm":84,"last_confirmed_landmark":"","age_ms":347,"since":0,"dead_reckoned_mm":84,"candidate_mm":-1,"viable":[],"lostm":0,"lost_ms":0,"agree":34,"disagree":0,"losts":0,"auto":0}
1786500645.217090120 ngr/loco/9950011/state/start_mm 84
1786500645.229815986 ngr/loco/9950011/state/loopstat {"loop_max_gap_ms":34,"hall_task_max_gap_ms":2,"hall_task_age_ms":1,"baseline":1902,"raw":1911,"delta":9,"queue_drops":0,"floor_rejects":3,"queue_high_water":1,"mqtt_connect_ms":176,"mqtt_attempts":1,"pub_drops":0,"pub_queue_hw":1,"cmd_drops":0,"pub_per_s":4,"marker_pub_drops":0,"marker_pub_hw":1,"nav":"NORMAL","mm":84,"miss_streak":0,"pwm":91,"lost_markers":0,"lost_ms":0,"motor_dir":"FWD"}
1786500645.513051453 ngr/loco/9950011/state/nav {"event":"AGREE","state":"NORMAL","nav_state":"NORMAL","mm":83,"landmark":"","dir":"CCW","miss_streak":0,"obs":"N","expected":"N","peak":165,"ms":160,"drift":0,"dt":1183,"agree":35,"disagree":0,"lost":0,"scores":[0,0,0,0,0,0],"excluded":[false,false,false,false,false,false],"leader":null,"runner_up":null,"margin":0,"motor_dir":"FWD"}
1786500645.543292348 ngr/loco/9950011/mm/marker {"mm":83,"landmark":"","obs":"N","peak":165,"ms":160,"drift":0,"dt":1183,"timing_gate":"ACTIVE","dt_expected":1173,"dt_conserve_ratio":2.04,"pwm":91,"v":15.06}
1786500645.547371387 ngr/loco/9950011/alert {"level":"CLEAR","reason":"STATUS","loco":"9950011","uptime_ms":128799,"nav":"NORMAL","moving":1,"pwm":91,"est_mm_s":253,"dir":"CCW","session_dir":"CCW","mdir":"FWD","rear":83,"front":78,"env":1510,"lc_mm":83,"last_confirmed_landmark":"","age_ms":183,"since":0,"dead_reckoned_mm":83,"candidate_mm":-1,"viable":[],"lostm":0,"lost_ms":0,"agree":35,"disagree":0,"losts":0,"auto":0}
1786500646.217642334 ngr/loco/9950011/state/start_mm 83
1786500646.233192872 ngr/loco/9950011/state/loopstat {"loop_max_gap_ms":56,"hall_task_max_gap_ms":3,"hall_task_age_ms":1,"baseline":1902,"raw":1901,"delta":-1,"queue_drops":0,"floor_rejects":3,"queue_high_water":1,"mqtt_connect_ms":176,"mqtt_attempts":1,"pub_drops":0,"pub_queue_hw":1,"cmd_drops":0,"pub_per_s":4,"marker_pub_drops":0,"marker_pub_hw":1,"nav":"NORMAL","mm":83,"miss_streak":0,"pwm":91,"lost_markers":0,"lost_ms":0,"motor_dir":"FWD"}
1786500646.583685723 ngr/loco/9950011/alert {"level":"CLEAR","reason":"STATUS","loco":"9950011","uptime_ms":129799,"nav":"NORMAL","moving":1,"pwm":91,"est_mm_s":253,"dir":"CCW","session_dir":"CCW","mdir":"FWD","rear":83,"front":78,"env":1510,"lc_mm":83,"last_confirmed_landmark":"","age_ms":1183,"since":0,"dead_reckoned_mm":83,"candidate_mm":-1,"viable":[],"lostm":0,"lost_ms":0,"agree":35,"disagree":0,"losts":0,"auto":0}
1786500646.685069386 ngr/loco/9950011/state/nav {"event":"AGREE","state":"NORMAL","nav_state":"NORMAL","mm":82,"landmark":"","dir":"CCW","miss_streak":0,"obs":"N","expected":"N","peak":162,"ms":166,"drift":0,"dt":1165,"agree":36,"disagree":0,"lost":0,"scores":[0,0,0,0,0,0],"excluded":[false,false,false,false,false,false],"leader":null,"runner_up":null,"margin":0,"motor_dir":"FWD"}
1786500646.695803521 ngr/loco/9950011/mm/marker {"mm":82,"landmark":"","obs":"N","peak":162,"ms":166,"drift":0,"dt":1165,"timing_gate":"ACTIVE","dt_expected":1173,"dt_conserve_ratio":2.00,"pwm":91,"v":15.06}
1786500646.738855531 ngr/loco/9950011/telem/voltage 15.09
1786500646.753582935 ngr/loco/9950011/telem/current 0.27
1786500646.756823614 ngr/loco/9950011/telem/power 4.01
1786500647.219005210 ngr/loco/9950011/state/start_mm 82
1786500647.231854541 ngr/loco/9950011/state/loopstat {"loop_max_gap_ms":34,"hall_task_max_gap_ms":2,"hall_task_age_ms":1,"baseline":1902,"raw":1900,"delta":-2,"queue_drops":0,"floor_rejects":3,"queue_high_water":1,"mqtt_connect_ms":176,"mqtt_attempts":1,"pub_drops":0,"pub_queue_hw":3,"cmd_drops":0,"pub_per_s":7,"marker_pub_drops":0,"marker_pub_hw":1,"nav":"NORMAL","mm":82,"miss_streak":0,"pwm":91,"lost_markers":0,"lost_ms":0,"motor_dir":"FWD"}
1786500647.538478843 ngr/loco/9950011/alert {"level":"CLEAR","reason":"STATUS","loco":"9950011","uptime_ms":130799,"nav":"NORMAL","moving":1,"pwm":91,"est_mm_s":261,"dir":"CCW","session_dir":"CCW","mdir":"FWD","rear":82,"front":77,"env":1505,"lc_mm":82,"last_confirmed_landmark":"","age_ms":1018,"since":0,"dead_reckoned_mm":82,"candidate_mm":-1,"viable":[],"lostm":0,"lost_ms":0,"agree":36,"disagree":0,"losts":0,"auto":0}
1786500647.779274380 ngr/loco/9950011/state/nav {"event":"AGREE","state":"NORMAL","nav_state":"NORMAL","mm":81,"landmark":"","dir":"CCW","miss_streak":0,"obs":"N","expected":"N","peak":175,"ms":166,"drift":0,"dt":1105,"agree":37,"disagree":0,"lost":0,"scores":[0,0,0,0,0,0],"excluded":[false,false,false,false,false,false],"leader":null,"runner_up":null,"margin":0,"motor_dir":"FWD"}
1786500647.806520465 ngr/loco/9950011/mm/marker {"mm":81,"landmark":"","obs":"N","peak":175,"ms":166,"drift":0,"dt":1105,"timing_gate":"ACTIVE","dt_expected":1192,"dt_conserve_ratio":1.90,"pwm":91,"v":15.09}
1786500648.219152037 ngr/loco/9950011/state/start_mm 81
1786500648.232937451 ngr/loco/9950011/state/loopstat {"loop_max_gap_ms":33,"hall_task_max_gap_ms":2,"hall_task_age_ms":1,"baseline":1902,"raw":1898,"delta":-4,"queue_drops":0,"floor_rejects":3,"queue_high_water":1,"mqtt_connect_ms":176,"mqtt_attempts":1,"pub_drops":0,"pub_queue_hw":1,"cmd_drops":0,"pub_per_s":4,"marker_pub_drops":0,"marker_pub_hw":1,"nav":"NORMAL","mm":81,"miss_streak":0,"pwm":91,"lost_markers":0,"lost_ms":0,"motor_dir":"FWD"}
1786500648.523356782 ngr/loco/9950011/alert {"level":"CLEAR","reason":"STATUS","loco":"9950011","uptime_ms":131799,"nav":"NORMAL","moving":1,"pwm":91,"est_mm_s":271,"dir":"CCW","session_dir":"CCW","mdir":"FWD","rear":81,"front":76,"env":1505,"lc_mm":81,"last_confirmed_landmark":"","age_ms":913,"since":0,"dead_reckoned_mm":81,"candidate_mm":-1,"viable":[],"lostm":0,"lost_ms":0,"agree":37,"disagree":0,"losts":0,"auto":0}
1786500648.959160463 ngr/loco/9950011/state/nav {"event":"AGREE","state":"NORMAL","nav_state":"NORMAL","mm":80,"landmark":"","dir":"CCW","miss_streak":0,"obs":"N","expected":"N","peak":151,"ms":166,"drift":0,"dt":1136,"agree":38,"disagree":0,"lost":0,"scores":[0,0,0,0,0,0],"excluded":[false,false,false,false,false,false],"leader":null,"runner_up":null,"margin":0,"motor_dir":"FWD"}
1786500648.989641435 ngr/loco/9950011/mm/marker {"mm":80,"landmark":"","obs":"N","peak":151,"ms":166,"drift":0,"dt":1136,"timing_gate":"ACTIVE","dt_expected":1173,"dt_conserve_ratio":1.91,"pwm":91,"v":15.09}
1786500649.059437917 ngr/loco/9950011/state/nav {"event":"PHANTOM_REJECTED","state":"NORMAL","mm":80,"streak":0,"scores":[0,0,0,0,0,0],"excluded":[false,false,false,false,false,false],"leader":null,"runner_up":null,"margin":0,"eval":0,"viable":[],"dt":195,"prev_dt":1136,"sum":1331,"expected":1173,"ratio":1.13}
1786500649.077164103 ngr/loco/9950011/mm/marker {"mm":80,"landmark":"","obs":"S","peak":39,"ms":69,"drift":0,"dt":195,"timing_gate":"ACTIVE","dt_expected":1173,"dt_conserve_ratio":1.13,"pwm":91,"v":15.09}
1786500649.244541334 ngr/loco/9950011/state/loopstat {"loop_max_gap_ms":33,"hall_task_max_gap_ms":2,"hall_task_age_ms":1,"baseline":1902,"raw":1899,"delta":-3,"queue_drops":0,"floor_rejects":3,"queue_high_water":1,"mqtt_connect_ms":176,"mqtt_attempts":1,"pub_drops":0,"pub_queue_hw":1,"cmd_drops":0,"pub_per_s":5,"marker_pub_drops":0,"marker_pub_hw":1,"nav":"NORMAL","mm":80,"miss_streak":0,"pwm":91,"lost_markers":0,"lost_ms":0,"motor_dir":"FWD"}
1786500649.257244695 ngr/loco/9950011/state/start_mm 80
1786500649.558966419 ngr/loco/9950011/alert {"level":"CLEAR","reason":"STATUS","loco":"9950011","uptime_ms":132799,"nav":"NORMAL","moving":1,"pwm":91,"est_mm_s":1538,"dir":"CCW","session_dir":"CCW","mdir":"FWD","rear":80,"front":75,"env":1505,"lc_mm":80,"last_confirmed_landmark":"","age_ms":777,"since":0,"dead_reckoned_mm":80,"candidate_mm":-1,"viable":[],"lostm":0,"lost_ms":0,"agree":38,"disagree":0,"losts":0,"auto":0}
1786500650.116351821 ngr/loco/9950011/state/nav {"event":"AGREE","state":"NORMAL","nav_state":"NORMAL","mm":79,"landmark":"","dir":"CCW","miss_streak":0,"obs":"S","expected":"S","peak":179,"ms":167,"drift":0,"dt":969,"agree":39,"disagree":0,"lost":0,"scores":[0,0,0,0,0,0],"excluded":[false,false,false,false,false,false],"leader":null,"runner_up":null,"margin":0,"motor_dir":"FWD"}
1786500650.183626624 ngr/loco/9950011/mm/marker {"mm":79,"landmark":"","obs":"S","peak":179,"ms":167,"drift":0,"dt":969,"timing_gate":"ACTIVE","dt_expected":1173,"dt_conserve_ratio":1.79,"pwm":91,"v":15.09}
1786500650.248253198 ngr/loco/9950011/state/start_mm 79
1786500650.258516623 ngr/loco/9950011/state/loopstat {"loop_max_gap_ms":34,"hall_task_max_gap_ms":2,"hall_task_age_ms":1,"baseline":1901,"raw":1910,"delta":9,"queue_drops":0,"floor_rejects":3,"queue_high_water":1,"mqtt_connect_ms":176,"mqtt_attempts":1,"pub_drops":0,"pub_queue_hw":2,"cmd_drops":0,"pub_per_s":5,"marker_pub_drops":0,"marker_pub_hw":1,"nav":"NORMAL","mm":79,"miss_streak":0,"pwm":91,"lost_markers":0,"lost_ms":0,"motor_dir":"FWD"}
1786500650.564378800 ngr/loco/9950011/alert {"level":"CLEAR","reason":"STATUS","loco":"9950011","uptime_ms":133799,"nav":"NORMAL","moving":1,"pwm":91,"est_mm_s":314,"dir":"CCW","session_dir":"CCW","mdir":"FWD","rear":79,"front":74,"env":1500,"lc_mm":79,"last_confirmed_landmark":"","age_ms":613,"since":0,"dead_reckoned_mm":79,"candidate_mm":-1,"viable":[],"lostm":0,"lost_ms":0,"agree":39,"disagree":0,"losts":0,"auto":0}
1786500651.198936682 ngr/loco/9950011/state/nav {"event":"AGREE","state":"NORMAL","nav_state":"NORMAL","mm":78,"landmark":"","dir":"CCW","miss_streak":0,"obs":"N","expected":"N","peak":146,"ms":159,"drift":0,"dt":1120,"agree":40,"disagree":0,"lost":0,"scores":[0,0,0,0,0,0],"excluded":[false,false,false,false,false,false],"leader":null,"runner_up":null,"margin":0,"motor_dir":"FWD"}
1786500651.214687707 ngr/loco/9950011/mm/marker {"mm":78,"landmark":"","obs":"N","peak":146,"ms":159,"drift":0,"dt":1120,"timing_gate":"ACTIVE","dt_expected":1192,"dt_conserve_ratio":1.75,"pwm":91,"v":15.09}
1786500651.221190351 ngr/loco/9950011/state/start_mm 78
1786500651.223152627 ngr/loco/9950011/state/loopstat {"loop_max_gap_ms":34,"hall_task_max_gap_ms":2,"hall_task_age_ms":1,"baseline":1901,"raw":1877,"delta":-24,"queue_drops":0,"floor_rejects":3,"queue_high_water":1,"mqtt_connect_ms":176,"mqtt_attempts":1,"pub_drops":0,"pub_queue_hw":1,"cmd_drops":0,"pub_per_s":4,"marker_pub_drops":0,"marker_pub_hw":1,"nav":"NORMAL","mm":78,"miss_streak":0,"pwm":91,"lost_markers":0,"lost_ms":0,"motor_dir":"FWD"}
1786500651.551505580 ngr/loco/9950011/alert {"level":"CLEAR","reason":"STATUS","loco":"9950011","uptime_ms":134799,"nav":"NORMAL","moving":1,"pwm":91,"est_mm_s":267,"dir":"CCW","session_dir":"CCW","mdir":"FWD","rear":78,"front":73,"env":1500,"lc_mm":78,"last_confirmed_landmark":"","age_ms":493,"since":0,"dead_reckoned_mm":78,"candidate_mm":-1,"viable":[],"lostm":0,"lost_ms":0,"agree":40,"disagree":0,"losts":0,"auto":0}
1786500651.740796761 ngr/loco/9950011/telem/voltage 15.08
1786500651.757391402 ngr/loco/9950011/telem/current 0.21
1786500651.760924584 ngr/loco/9950011/telem/power 3.15
1786500652.217417638 ngr/loco/9950011/state/loopstat {"loop_max_gap_ms":34,"hall_task_max_gap_ms":3,"hall_task_age_ms":1,"baseline":1901,"raw":2030,"delta":129,"queue_drops":0,"floor_rejects":4,"queue_high_water":0,"mqtt_connect_ms":176,"mqtt_attempts":1,"pub_drops":0,"pub_queue_hw":3,"cmd_drops":0,"pub_per_s":4,"marker_pub_drops":0,"marker_pub_hw":0,"nav":"NORMAL","mm":78,"miss_streak":0,"pwm":91,"lost_markers":0,"lost_ms":0,"motor_dir":"FWD"}
1786500652.302831631 ngr/loco/9950011/state/nav {"event":"AGREE","state":"NORMAL","nav_state":"NORMAL","mm":77,"landmark":"","dir":"CCW","miss_streak":0,"obs":"N","expected":"N","peak":131,"ms":157,"drift":0,"dt":1117,"agree":41,"disagree":0,"lost":0,"scores":[0,0,0,0,0,0],"excluded":[false,false,false,false,false,false],"leader":null,"runner_up":null,"margin":0,"motor_dir":"FWD"}
1786500652.321103774 ngr/loco/9950011/mm/marker {"mm":77,"landmark":"","obs":"N","peak":131,"ms":157,"drift":0,"dt":1117,"timing_gate":"ACTIVE","dt_expected":1173,"dt_conserve_ratio":1.91,"pwm":91,"v":15.08}
1786500652.524580182 ngr/loco/9950011/alert {"level":"CLEAR","reason":"STATUS","loco":"9950011","uptime_ms":135799,"nav":"NORMAL","moving":1,"pwm":91,"est_mm_s":268,"dir":"CCW","session_dir":"CCW","mdir":"FWD","rear":77,"front":72,"env":1500,"lc_mm":77,"last_confirmed_landmark":"","age_ms":376,"since":0,"dead_reckoned_mm":77,"candidate_mm":-1,"viable":[],"lostm":0,"lost_ms":0,"agree":41,"disagree":0,"losts":0,"auto":0}
1786500653.224332135 ngr/loco/9950011/state/loopstat {"loop_max_gap_ms":34,"hall_task_max_gap_ms":2,"hall_task_age_ms":1,"baseline":1901,"raw":1936,"delta":35,"queue_drops":0,"floor_rejects":4,"queue_high_water":1,"mqtt_connect_ms":176,"mqtt_attempts":1,"pub_drops":0,"pub_queue_hw":1,"cmd_drops":0,"pub_per_s":3,"marker_pub_drops":0,"marker_pub_hw":1,"nav":"NORMAL","mm":77,"miss_streak":0,"pwm":91,"lost_markers":0,"lost_ms":0,"motor_dir":"FWD"}
1786500653.243305539 ngr/loco/9950011/state/start_mm 77
1786500653.384529961 ngr/loco/9950011/state/nav {"event":"AGREE","state":"NORMAL","nav_state":"NORMAL","mm":76,"landmark":"","dir":"CCW","miss_streak":0,"obs":"N","expected":"N","peak":134,"ms":147,"drift":0,"dt":1084,"agree":42,"disagree":0,"lost":0,"scores":[0,0,0,0,0,0],"excluded":[false,false,false,false,false,false],"leader":null,"runner_up":null,"margin":0,"motor_dir":"FWD"}
1786500653.405417913 ngr/loco/9950011/mm/marker {"mm":76,"landmark":"","obs":"N","peak":134,"ms":147,"drift":0,"dt":1084,"timing_gate":"ACTIVE","dt_expected":1173,"dt_conserve_ratio":1.88,"pwm":91,"v":15.08}
1786500653.529472376 ngr/loco/9950011/alert {"level":"CLEAR","reason":"STATUS","loco":"9950011","uptime_ms":136799,"nav":"NORMAL","moving":1,"pwm":91,"est_mm_s":276,"dir":"CCW","session_dir":"CCW","mdir":"FWD","rear":76,"front":71,"env":1495,"lc_mm":76,"last_confirmed_landmark":"","age_ms":292,"since":0,"dead_reckoned_mm":76,"candidate_mm":-1,"viable":[],"lostm":0,"lost_ms":0,"agree":42,"disagree":0,"losts":0,"auto":0}
1786500654.219833201 ngr/loco/9950011/state/start_mm 76
1786500654.231810046 ngr/loco/9950011/state/loopstat {"loop_max_gap_ms":34,"hall_task_max_gap_ms":2,"hall_task_age_ms":1,"baseline":1901,"raw":1902,"delta":1,"queue_drops":0,"floor_rejects":4,"queue_high_water":1,"mqtt_connect_ms":176,"mqtt_attempts":1,"pub_drops":0,"pub_queue_hw":2,"cmd_drops":0,"pub_per_s":5,"marker_pub_drops":0,"marker_pub_hw":1,"nav":"NORMAL","mm":76,"miss_streak":0,"pwm":91,"lost_markers":0,"lost_ms":0,"motor_dir":"FWD"}
1786500654.495690130 ngr/loco/9950011/state/nav {"event":"AGREE","state":"NORMAL","nav_state":"NORMAL","mm":75,"landmark":"","dir":"CCW","miss_streak":0,"obs":"S","expected":"S","peak":151,"ms":150,"drift":0,"dt":1092,"agree":43,"disagree":0,"lost":0,"scores":[0,0,0,0,0,0],"excluded":[false,false,false,false,false,false],"leader":null,"runner_up":null,"margin":0,"motor_dir":"FWD"}
1786500654.511409227 ngr/loco/9950011/mm/marker {"mm":75,"landmark":"","obs":"S","peak":151,"ms":150,"drift":0,"dt":1092,"timing_gate":"ACTIVE","dt_expected":1173,"dt_conserve_ratio":1.85,"pwm":91,"v":15.08}
1786500654.541584453 ngr/loco/9950011/alert {"level":"CLEAR","reason":"STATUS","loco":"9950011","uptime_ms":137799,"nav":"NORMAL","moving":1,"pwm":91,"est_mm_s":274,"dir":"CCW","session_dir":"CCW","mdir":"FWD","rear":75,"front":70,"env":1490,"lc_mm":75,"last_confirmed_landmark":"","age_ms":200,"since":0,"dead_reckoned_mm":75,"candidate_mm":-1,"viable":[],"lostm":0,"lost_ms":0,"agree":43,"disagree":0,"losts":0,"auto":0}
1786500655.221565979 ngr/loco/9950011/state/start_mm 75
1786500655.238218527 ngr/loco/9950011/state/loopstat {"loop_max_gap_ms":33,"hall_task_max_gap_ms":2,"hall_task_age_ms":1,"baseline":1901,"raw":1900,"delta":-1,"queue_drops":0,"floor_rejects":4,"queue_high_water":1,"mqtt_connect_ms":176,"mqtt_attempts":1,"pub_drops":0,"pub_queue_hw":1,"cmd_drops":0,"pub_per_s":4,"marker_pub_drops":0,"marker_pub_hw":1,"nav":"NORMAL","mm":75,"miss_streak":0,"pwm":91,"lost_markers":0,"lost_ms":0,"motor_dir":"FWD"}
1786500655.530072435 ngr/loco/9950011/state/nav {"event":"AGREE","state":"NORMAL","nav_state":"NORMAL","mm":74,"landmark":"","dir":"CCW","miss_streak":0,"obs":"N","expected":"N","peak":143,"ms":150,"drift":0,"dt":1037,"agree":44,"disagree":0,"lost":0,"scores":[0,0,0,0,0,0],"excluded":[false,false,false,false,false,false],"leader":null,"runner_up":null,"margin":0,"motor_dir":"FWD"}
1786500655.608584514 ngr/loco/9950011/mm/marker {"mm":74,"landmark":"","obs":"N","peak":143,"ms":150,"drift":0,"dt":1037,"timing_gate":"ACTIVE","dt_expected":1173,"dt_conserve_ratio":1.81,"pwm":91,"v":15.08}
1786500655.617620584 ngr/loco/9950011/alert {"level":"CLEAR","reason":"STATUS","loco":"9950011","uptime_ms":138809,"nav":"NORMAL","moving":1,"pwm":91,"est_mm_s":289,"dir":"CCW","session_dir":"CCW","mdir":"FWD","rear":74,"front":69,"env":1490,"lc_mm":74,"last_confirmed_landmark":"","age_ms":173,"since":0,"dead_reckoned_mm":74,"candidate_mm":-1,"viable":[],"lostm":0,"lost_ms":0,"agree":44,"disagree":0,"losts":0,"auto":0}
1786500656.220887159 ngr/loco/9950011/state/start_mm 74
1786500656.237577704 ngr/loco/9950011/state/loopstat {"loop_max_gap_ms":56,"hall_task_max_gap_ms":2,"hall_task_age_ms":1,"baseline":1901,"raw":1900,"delta":-1,"queue_drops":0,"floor_rejects":4,"queue_high_water":1,"mqtt_connect_ms":176,"mqtt_attempts":1,"pub_drops":0,"pub_queue_hw":1,"cmd_drops":0,"pub_per_s":4,"marker_pub_drops":0,"marker_pub_hw":1,"nav":"NORMAL","mm":74,"miss_streak":0,"pwm":91,"lost_markers":0,"lost_ms":0,"motor_dir":"FWD"}
1786500656.539005754 ngr/loco/9950011/alert {"level":"CLEAR","reason":"STATUS","loco":"9950011","uptime_ms":139809,"nav":"NORMAL","moving":1,"pwm":91,"est_mm_s":289,"dir":"CCW","session_dir":"CCW","mdir":"FWD","rear":74,"front":69,"env":1490,"lc_mm":74,"last_confirmed_landmark":"","age_ms":1173,"since":0,"dead_reckoned_mm":74,"candidate_mm":-1,"viable":[],"lostm":0,"lost_ms":0,"agree":44,"disagree":0,"losts":0,"auto":0}
1786500656.650296951 ngr/loco/9950011/state/nav {"event":"AGREE","state":"NORMAL","nav_state":"NORMAL","mm":73,"landmark":"","dir":"CCW","miss_streak":0,"obs":"N","expected":"N","peak":147,"ms":155,"drift":0,"dt":1135,"agree":45,"disagree":0,"lost":0,"scores":[0,0,0,0,0,0],"excluded":[false,false,false,false,false,false],"leader":null,"runner_up":null,"margin":0,"motor_dir":"FWD"}
1786500656.680770738 ngr/loco/9950011/mm/marker {"mm":73,"landmark":"","obs":"N","peak":147,"ms":155,"drift":0,"dt":1135,"timing_gate":"ACTIVE","dt_expected":1173,"dt_conserve_ratio":1.85,"pwm":91,"v":15.08}
1786500656.742906902 ngr/loco/9950011/telem/voltage 15.08
1786500656.756045233 ngr/loco/9950011/telem/current 0.26
1786500656.759278325 ngr/loco/9950011/telem/power 3.99
1786500657.255661710 ngr/loco/9950011/state/start_mm 73
1786500657.273293909 ngr/loco/9950011/state/loopstat {"loop_max_gap_ms":34,"hall_task_max_gap_ms":3,"hall_task_age_ms":1,"baseline":1901,"raw":1901,"delta":0,"queue_drops":0,"floor_rejects":4,"queue_high_water":1,"mqtt_connect_ms":176,"mqtt_attempts":1,"pub_drops":0,"pub_queue_hw":3,"cmd_drops":0,"pub_per_s":7,"marker_pub_drops":0,"marker_pub_hw":1,"nav":"NORMAL","mm":73,"miss_streak":0,"pwm":91,"lost_markers":0,"lost_ms":0,"motor_dir":"FWD"}
1786500657.561103092 ngr/loco/9950011/alert {"level":"CLEAR","reason":"STATUS","loco":"9950011","uptime_ms":140809,"nav":"NORMAL","moving":1,"pwm":91,"est_mm_s":264,"dir":"CCW","session_dir":"CCW","mdir":"FWD","rear":73,"front":68,"env":1490,"lc_mm":73,"last_confirmed_landmark":"","age_ms":1038,"since":0,"dead_reckoned_mm":73,"candidate_mm":-1,"viable":[],"lostm":0,"lost_ms":0,"agree":45,"disagree":0,"losts":0,"auto":0}
1786500657.916847947 ngr/loco/9950011/state/nav {"event":"AGREE","state":"NORMAL","nav_state":"NORMAL","mm":72,"landmark":"Westpoint","dir":"CCW","miss_streak":0,"obs":"S","expected":"S","peak":130,"ms":163,"drift":0,"dt":1194,"agree":46,"disagree":0,"lost":0,"scores":[0,0,0,0,0,0],"excluded":[false,false,false,false,false,false],"leader":null,"runner_up":null,"margin":0,"motor_dir":"FWD"}
1786500658.020742405 ngr/loco/9950011/mm/marker {"mm":72,"landmark":"Westpoint","obs":"S","peak":130,"ms":163,"drift":0,"dt":1194,"timing_gate":"ACTIVE","dt_expected":1173,"dt_conserve_ratio":1.99,"pwm":91,"v":15.08}
1786500658.217044184 ngr/loco/9950011/state/start_mm 72
1786500658.228073333 ngr/loco/9950011/state/loopstat {"loop_max_gap_ms":34,"hall_task_max_gap_ms":2,"hall_task_age_ms":1,"baseline":1901,"raw":1904,"delta":3,"queue_drops":0,"floor_rejects":4,"queue_high_water":1,"mqtt_connect_ms":176,"mqtt_attempts":1,"pub_drops":0,"pub_queue_hw":1,"cmd_drops":0,"pub_per_s":4,"marker_pub_drops":0,"marker_pub_hw":1,"nav":"NORMAL","mm":72,"miss_streak":0,"pwm":91,"lost_markers":0,"lost_ms":0,"motor_dir":"FWD"}
1786500658.554147575 ngr/loco/9950011/alert {"level":"CLEAR","reason":"STATUS","loco":"9950011","uptime_ms":141809,"nav":"NORMAL","moving":1,"pwm":91,"est_mm_s":251,"dir":"CCW","session_dir":"CCW","mdir":"FWD","rear":72,"front":67,"env":1495,"lc_mm":72,"last_confirmed_landmark":"Westpoint","age_ms":844,"since":0,"dead_reckoned_mm":72,"candidate_mm":-1,"viable":[],"lostm":0,"lost_ms":0,"agree":46,"disagree":0,"losts":0,"auto":0}
1786500658.982880726 ngr/loco/9950011/state/nav {"event":"AGREE","state":"NORMAL","nav_state":"NORMAL","mm":71,"landmark":"","dir":"CCW","miss_streak":0,"obs":"N","expected":"N","peak":128,"ms":150,"drift":0,"dt":1135,"agree":47,"disagree":0,"lost":0,"scores":[0,0,0,0,0,0],"excluded":[false,false,false,false,false,false],"leader":null,"runner_up":null,"margin":0,"motor_dir":"FWD"}
1786500659.000681860 ngr/loco/9950011/mm/marker {"mm":71,"landmark":"","obs":"N","peak":128,"ms":150,"drift":0,"dt":1135,"timing_gate":"ACTIVE","dt_expected":1173,"dt_conserve_ratio":1.99,"pwm":91,"v":15.08}
1786500659.219950186 ngr/loco/9950011/state/start_mm 71
1786500659.231956327 ngr/loco/9950011/state/loopstat {"loop_max_gap_ms":33,"hall_task_max_gap_ms":2,"hall_task_age_ms":1,"baseline":1901,"raw":1899,"delta":-2,"queue_drops":0,"floor_rejects":4,"queue_high_water":1,"mqtt_connect_ms":176,"mqtt_attempts":1,"pub_drops":0,"pub_queue_hw":1,"cmd_drops":0,"pub_per_s":4,"marker_pub_drops":0,"marker_pub_hw":1,"nav":"NORMAL","mm":71,"miss_streak":0,"pwm":91,"lost_markers":0,"lost_ms":0,"motor_dir":"FWD"}
1786500659.555100470 ngr/loco/9950011/alert {"level":"CLEAR","reason":"STATUS","loco":"9950011","uptime_ms":142809,"nav":"NORMAL","moving":1,"pwm":91,"est_mm_s":259,"dir":"CCW","session_dir":"CCW","mdir":"FWD","rear":71,"front":66,"env":1500,"lc_mm":71,"last_confirmed_landmark":"","age_ms":709,"since":0,"dead_reckoned_mm":71,"candidate_mm":-1,"viable":[],"lostm":0,"lost_ms":0,"agree":47,"disagree":0,"losts":0,"auto":0}
1786500660.044221187 ngr/loco/9950011/state/nav {"event":"AGREE","state":"NORMAL","nav_state":"NORMAL","mm":70,"landmark":"","dir":"CCW","miss_streak":0,"obs":"S","expected":"S","peak":134,"ms":144,"drift":0,"dt":1076,"agree":48,"disagree":0,"lost":0,"scores":[0,0,0,0,0,0],"excluded":[false,false,false,false,false,false],"leader":null,"runner_up":null,"margin":0,"motor_dir":"FWD"}
1786500660.072110218 ngr/loco/9950011/mm/marker {"mm":70,"landmark":"","obs":"S","peak":134,"ms":144,"drift":0,"dt":1076,"timing_gate":"ACTIVE","dt_expected":1153,"dt_conserve_ratio":1.92,"pwm":91,"v":15.08}
1786500660.215222646 ngr/loco/9950011/state/start_mm 70
1786500660.228188777 ngr/loco/9950011/state/loopstat {"loop_max_gap_ms":33,"hall_task_max_gap_ms":2,"hall_task_age_ms":1,"baseline":1901,"raw":1906,"delta":5,"queue_drops":0,"floor_rejects":4,"queue_high_water":1,"mqtt_connect_ms":176,"mqtt_attempts":1,"pub_drops":0,"pub_queue_hw":1,"cmd_drops":0,"pub_per_s":4,"marker_pub_drops":0,"marker_pub_hw":1,"nav":"NORMAL","mm":70,"miss_streak":0,"pwm":91,"lost_markers":0,"lost_ms":0,"motor_dir":"FWD"}
1786500660.536817559 ngr/loco/9950011/alert {"level":"CLEAR","reason":"STATUS","loco":"9950011","uptime_ms":143809,"nav":"NORMAL","moving":1,"pwm":91,"est_mm_s":274,"dir":"CCW","session_dir":"CCW","mdir":"FWD","rear":70,"front":65,"env":1510,"lc_mm":70,"last_confirmed_landmark":"","age_ms":633,"since":0,"dead_reckoned_mm":70,"candidate_mm":-1,"viable":[],"lostm":0,"lost_ms":0,"agree":48,"disagree":0,"losts":0,"auto":0}
1786500661.100375304 ngr/loco/9950011/state/nav {"event":"AGREE","state":"NORMAL","nav_state":"NORMAL","mm":69,"landmark":"","dir":"CCW","miss_streak":0,"obs":"N","expected":"N","peak":135,"ms":151,"drift":0,"dt":1047,"agree":49,"disagree":0,"lost":0,"scores":[0,0,0,0,0,0],"excluded":[false,false,false,false,false,false],"leader":null,"runner_up":null,"margin":0,"motor_dir":"FWD"}
1786500661.123254857 ngr/loco/9950011/mm/marker {"mm":69,"landmark":"","obs":"N","peak":135,"ms":151,"drift":0,"dt":1047,"timing_gate":"ACTIVE","dt_expected":1153,"dt_conserve_ratio":1.84,"pwm":91,"v":15.08}
1786500661.216548897 ngr/loco/9950011/state/start_mm 69
1786500661.227665839 ngr/loco/9950011/state/loopstat {"loop_max_gap_ms":33,"hall_task_max_gap_ms":2,"hall_task_age_ms":1,"baseline":1901,"raw":1888,"delta":-13,"queue_drops":0,"floor_rejects":4,"queue_high_water":1,"mqtt_connect_ms":176,"mqtt_attempts":1,"pub_drops":0,"pub_queue_hw":1,"cmd_drops":0,"pub_per_s":4,"marker_pub_drops":0,"marker_pub_hw":1,"nav":"NORMAL","mm":69,"miss_streak":0,"pwm":91,"lost_markers":0,"lost_ms":0,"motor_dir":"FWD"}
1786500661.540802331 ngr/loco/9950011/alert {"level":"CLEAR","reason":"STATUS","loco":"9950011","uptime_ms":144809,"nav":"NORMAL","moving":1,"pwm":91,"est_mm_s":286,"dir":"CCW","session_dir":"CCW","mdir":"FWD","rear":69,"front":64,"env":1525,"lc_mm":69,"last_confirmed_landmark":"","age_ms":586,"since":0,"dead_reckoned_mm":69,"candidate_mm":-1,"viable":[],"lostm":0,"lost_ms":0,"agree":49,"disagree":0,"losts":0,"auto":0}
1786500661.746840822 ngr/loco/9950011/telem/voltage 15.07
1786500661.756533396 ngr/loco/9950011/telem/current 0.26
1786500661.757393825 ngr/loco/9950011/telem/power 4.23
1786500662.219374159 ngr/loco/9950011/state/loopstat {"loop_max_gap_ms":34,"hall_task_max_gap_ms":2,"hall_task_age_ms":1,"baseline":1901,"raw":1904,"delta":3,"queue_drops":0,"floor_rejects":4,"queue_high_water":0,"mqtt_connect_ms":176,"mqtt_attempts":1,"pub_drops":0,"pub_queue_hw":3,"cmd_drops":0,"pub_per_s":4,"marker_pub_drops":0,"marker_pub_hw":0,"nav":"NORMAL","mm":69,"miss_streak":0,"pwm":91,"lost_markers":0,"lost_ms":0,"motor_dir":"FWD"}
1786500662.230691319 ngr/loco/9950011/state/nav {"event":"AGREE","state":"NORMAL","nav_state":"NORMAL","mm":68,"landmark":"","dir":"CCW","miss_streak":0,"obs":"S","expected":"S","peak":143,"ms":158,"drift":0,"dt":1111,"agree":50,"disagree":0,"lost":0,"scores":[0,0,0,0,0,0],"excluded":[false,false,false,false,false,false],"leader":null,"runner_up":null,"margin":0,"motor_dir":"FWD"}
1786500662.239994114 ngr/loco/9950011/mm/marker {"mm":68,"landmark":"","obs":"S","peak":143,"ms":158,"drift":0,"dt":1111,"timing_gate":"ACTIVE","dt_expected":1173,"dt_conserve_ratio":1.84,"pwm":91,"v":15.07}
1786500662.557943545 ngr/loco/9950011/alert {"level":"CLEAR","reason":"STATUS","loco":"9950011","uptime_ms":145809,"nav":"NORMAL","moving":1,"pwm":91,"est_mm_s":270,"dir":"CCW","session_dir":"CCW","mdir":"FWD","rear":68,"front":63,"env":1550,"lc_mm":68,"last_confirmed_landmark":"","age_ms":475,"since":0,"dead_reckoned_mm":68,"candidate_mm":-1,"viable":[],"lostm":0,"lost_ms":0,"agree":50,"disagree":0,"losts":0,"auto":0}
1786500663.223660416 ngr/loco/9950011/state/start_mm 68
1786500663.237249127 ngr/loco/9950011/state/loopstat {"loop_max_gap_ms":33,"hall_task_max_gap_ms":2,"hall_task_age_ms":1,"baseline":1901,"raw":1853,"delta":-48,"queue_drops":0,"floor_rejects":4,"queue_high_water":1,"mqtt_connect_ms":176,"mqtt_attempts":1,"pub_drops":0,"pub_queue_hw":1,"cmd_drops":0,"pub_per_s":4,"marker_pub_drops":0,"marker_pub_hw":1,"nav":"NORMAL","mm":68,"miss_streak":0,"pwm":91,"lost_markers":0,"lost_ms":0,"motor_dir":"FWD"}
1786500663.372808334 ngr/loco/9950011/state/nav {"event":"AGREE","state":"NORMAL","nav_state":"NORMAL","mm":67,"landmark":"","dir":"CCW","miss_streak":0,"obs":"S","expected":"S","peak":127,"ms":166,"drift":0,"dt":1147,"agree":51,"disagree":0,"lost":0,"scores":[0,0,0,0,0,0],"excluded":[false,false,false,false,false,false],"leader":null,"runner_up":null,"margin":0,"motor_dir":"FWD"}
1786500663.390292114 ngr/loco/9950011/mm/marker {"mm":67,"landmark":"","obs":"S","peak":127,"ms":166,"drift":0,"dt":1147,"timing_gate":"ACTIVE","dt_expected":1173,"dt_conserve_ratio":1.92,"pwm":91,"v":15.07}
1786500663.554820903 ngr/loco/9950011/alert {"level":"CLEAR","reason":"STATUS","loco":"9950011","uptime_ms":146809,"nav":"NORMAL","moving":1,"pwm":91,"est_mm_s":265,"dir":"CCW","session_dir":"CCW","mdir":"FWD","rear":67,"front":62,"env":1560,"lc_mm":67,"last_confirmed_landmark":"","age_ms":328,"since":0,"dead_reckoned_mm":67,"candidate_mm":-1,"viable":[],"lostm":0,"lost_ms":0,"agree":51,"disagree":0,"losts":0,"auto":0}
1786500664.224819043 ngr/loco/9950011/state/start_mm 67
1786500664.237089280 ngr/loco/9950011/state/loopstat {"loop_max_gap_ms":34,"hall_task_max_gap_ms":3,"hall_task_age_ms":1,"baseline":1901,"raw":1900,"delta":-1,"queue_drops":0,"floor_rejects":4,"queue_high_water":1,"mqtt_connect_ms":176,"mqtt_attempts":1,"pub_drops":0,"pub_queue_hw":1,"cmd_drops":0,"pub_per_s":4,"marker_pub_drops":0,"marker_pub_hw":1,"nav":"NORMAL","mm":67,"miss_streak":0,"pwm":91,"lost_markers":0,"lost_ms":0,"motor_dir":"FWD"}
1786500664.522270451 ngr/loco/9950011/state/nav {"event":"AGREE","state":"NORMAL","nav_state":"NORMAL","mm":66,"landmark":"","dir":"CCW","miss_streak":0,"obs":"N","expected":"N","peak":145,"ms":153,"drift":0,"dt":1163,"agree":52,"disagree":0,"lost":0,"scores":[0,0,0,0,0,0],"excluded":[false,false,false,false,false,false],"leader":null,"runner_up":null,"margin":0,"motor_dir":"FWD"}
1786500664.544165487 ngr/loco/9950011/mm/marker {"mm":66,"landmark":"","obs":"N","peak":145,"ms":153,"drift":0,"dt":1163,"timing_gate":"ACTIVE","dt_expected":1192,"dt_conserve_ratio":1.94,"pwm":91,"v":15.07}
1786500664.553514947 ngr/loco/9950011/alert {"level":"CLEAR","reason":"STATUS","loco":"9950011","uptime_ms":147820,"nav":"NORMAL","moving":1,"pwm":91,"est_mm_s":257,"dir":"CCW","session_dir":"CCW","mdir":"FWD","rear":66,"front":61,"env":1580,"lc_mm":66,"last_confirmed_landmark":"","age_ms":176,"since":0,"dead_reckoned_mm":66,"candidate_mm":-1,"viable":[],"lostm":0,"lost_ms":0,"agree":52,"disagree":0,"losts":0,"auto":0}
1786500665.223525659 ngr/loco/9950011/state/loopstat {"loop_max_gap_ms":56,"hall_task_max_gap_ms":2,"hall_task_age_ms":1,"baseline":1901,"raw":1893,"delta":-8,"queue_drops":0,"floor_rejects":4,"queue_high_water":1,"mqtt_connect_ms":176,"mqtt_attempts":1,"pub_drops":0,"pub_queue_hw":1,"cmd_drops":0,"pub_per_s":3,"marker_pub_drops":0,"marker_pub_hw":1,"nav":"NORMAL","mm":66,"miss_streak":0,"pwm":91,"lost_markers":0,"lost_ms":0,"motor_dir":"FWD"}
1786500665.240094588 ngr/loco/9950011/state/start_mm 66
1786500665.551583682 ngr/loco/9950011/alert {"level":"CLEAR","reason":"STATUS","loco":"9950011","uptime_ms":148820,"nav":"NORMAL","moving":1,"pwm":91,"est_mm_s":257,"dir":"CCW","session_dir":"CCW","mdir":"FWD","rear":66,"front":61,"env":1580,"lc_mm":66,"last_confirmed_landmark":"","age_ms":1176,"since":0,"dead_reckoned_mm":66,"candidate_mm":-1,"viable":[],"lostm":0,"lost_ms":0,"agree":52,"disagree":0,"losts":0,"auto":0}
1786500665.668278506 ngr/loco/9950011/state/nav {"event":"AGREE","state":"NORMAL","nav_state":"NORMAL","mm":65,"landmark":"","dir":"CCW","miss_streak":0,"obs":"N","expected":"N","peak":130,"ms":164,"drift":0,"dt":1128,"agree":53,"disagree":0,"lost":0,"scores":[0,0,0,0,0,0],"excluded":[false,false,false,false,false,false],"leader":null,"runner_up":null,"margin":0,"motor_dir":"FWD"}
1786500665.684856973 ngr/loco/9950011/mm/marker {"mm":65,"landmark":"","obs":"N","peak":130,"ms":164,"drift":0,"dt":1128,"timing_gate":"ACTIVE","dt_expected":1173,"dt_conserve_ratio":1.95,"pwm":91,"v":15.07}
1786500666.221501910 ngr/loco/9950011/state/loopstat {"loop_max_gap_ms":34,"hall_task_max_gap_ms":2,"hall_task_age_ms":1,"baseline":1901,"raw":1901,"delta":0,"queue_drops":0,"floor_rejects":4,"queue_high_water":1,"mqtt_connect_ms":176,"mqtt_attempts":1,"pub_drops":0,"pub_queue_hw":2,"cmd_drops":0,"pub_per_s":4,"marker_pub_drops":0,"marker_pub_hw":1,"nav":"NORMAL","mm":65,"miss_streak":0,"pwm":91,"lost_markers":0,"lost_ms":0,"motor_dir":"FWD"}
1786500666.232883006 ngr/loco/9950011/state/start_mm 65
1786500666.548390230 ngr/loco/9950011/alert {"level":"CLEAR","reason":"STATUS","loco":"9950011","uptime_ms":149820,"nav":"NORMAL","moving":1,"pwm":91,"est_mm_s":270,"dir":"CCW","session_dir":"CCW","mdir":"FWD","rear":65,"front":60,"env":1590,"lc_mm":65,"last_confirmed_landmark":"","age_ms":1048,"since":0,"dead_reckoned_mm":65,"candidate_mm":-1,"viable":[],"lostm":0,"lost_ms":0,"agree":53,"disagree":0,"losts":0,"auto":0}
1786500666.729471195 ngr/loco/9950011/telem/voltage 15.07
1786500666.742208003 ngr/loco/9950011/telem/current 0.39
1786500666.744792435 ngr/loco/9950011/telem/power 4.55
1786500667.023451109 ngr/loco/9950011/state/nav {"event":"AGREE","state":"NORMAL","nav_state":"NORMAL","mm":64,"landmark":"","dir":"CCW","miss_streak":0,"obs":"S","expected":"S","peak":122,"ms":176,"drift":0,"dt":1343,"agree":54,"disagree":0,"lost":0,"scores":[0,0,0,0,0,0],"excluded":[false,false,false,false,false,false],"leader":null,"runner_up":null,"margin":0,"motor_dir":"FWD"}
1786500667.042514303 ngr/loco/9950011/mm/marker {"mm":64,"landmark":"","obs":"S","peak":122,"ms":176,"drift":0,"dt":1343,"timing_gate":"ACTIVE","dt_expected":1192,"dt_conserve_ratio":2.07,"pwm":91,"v":15.07}
1786500667.215647496 ngr/loco/9950011/state/start_mm 64
1786500667.228952720 ngr/loco/9950011/state/loopstat {"loop_max_gap_ms":33,"hall_task_max_gap_ms":2,"hall_task_age_ms":1,"baseline":1901,"raw":1900,"delta":-1,"queue_drops":0,"floor_rejects":4,"queue_high_water":1,"mqtt_connect_ms":176,"mqtt_attempts":1,"pub_drops":0,"pub_queue_hw":3,"cmd_drops":0,"pub_per_s":8,"marker_pub_drops":0,"marker_pub_hw":1,"nav":"NORMAL","mm":64,"miss_streak":0,"pwm":91,"lost_markers":0,"lost_ms":0,"motor_dir":"FWD"}
1786500667.553280661 ngr/loco/9950011/alert {"level":"CLEAR","reason":"STATUS","loco":"9950011","uptime_ms":150820,"nav":"NORMAL","moving":1,"pwm":91,"est_mm_s":234,"dir":"CCW","session_dir":"CCW","mdir":"FWD","rear":64,"front":59,"env":1575,"lc_mm":64,"last_confirmed_landmark":"","age_ms":705,"since":0,"dead_reckoned_mm":64,"candidate_mm":-1,"viable":[],"lostm":0,"lost_ms":0,"agree":54,"disagree":0,"losts":0,"auto":0}
1786500668.220571742 ngr/loco/9950011/state/loopstat {"loop_max_gap_ms":34,"hall_task_max_gap_ms":2,"hall_task_age_ms":1,"baseline":1901,"raw":1921,"delta":20,"queue_drops":0,"floor_rejects":4,"queue_high_water":0,"mqtt_connect_ms":176,"mqtt_attempts":1,"pub_drops":0,"pub_queue_hw":1,"cmd_drops":0,"pub_per_s":1,"marker_pub_drops":0,"marker_pub_hw":0,"nav":"NORMAL","mm":64,"miss_streak":0,"pwm":91,"lost_markers":0,"lost_ms":0,"motor_dir":"FWD"}
1786500668.443013221 ngr/loco/9950011/state/nav {"event":"AGREE","state":"NORMAL","nav_state":"NORMAL","mm":63,"landmark":"Grillers","dir":"CCW","miss_streak":0,"obs":"N","expected":"N","peak":151,"ms":185,"drift":1,"dt":1399,"agree":55,"disagree":0,"lost":0,"scores":[0,0,0,0,0,0],"excluded":[false,false,false,false,false,false],"leader":null,"runner_up":null,"margin":0,"motor_dir":"FWD"}
1786500668.458957209 ngr/loco/9950011/mm/marker {"mm":63,"landmark":"Grillers","obs":"N","peak":151,"ms":185,"drift":1,"dt":1399,"timing_gate":"ACTIVE","dt_expected":1231,"dt_conserve_ratio":2.23,"pwm":91,"v":15.07}
1786500668.561547600 ngr/loco/9950011/alert {"level":"CLEAR","reason":"STATUS","loco":"9950011","uptime_ms":151820,"nav":"NORMAL","moving":1,"pwm":91,"est_mm_s":232,"dir":"CCW","session_dir":"CCW","mdir":"FWD","rear":63,"front":58,"env":1570,"lc_mm":63,"last_confirmed_landmark":"Grillers","age_ms":306,"since":0,"dead_reckoned_mm":63,"candidate_mm":-1,"viable":[],"lostm":0,"lost_ms":0,"agree":55,"disagree":0,"losts":0,"auto":0}
1786500669.225333679 ngr/loco/9950011/state/start_mm 63
1786500669.240204996 ngr/loco/9950011/state/loopstat {"loop_max_gap_ms":34,"hall_task_max_gap_ms":2,"hall_task_age_ms":1,"baseline":1902,"raw":1901,"delta":-1,"queue_drops":0,"floor_rejects":4,"queue_high_water":0,"mqtt_connect_ms":176,"mqtt_attempts":1,"pub_drops":0,"pub_queue_hw":1,"cmd_drops":0,"pub_per_s":4,"marker_pub_drops":0,"marker_pub_hw":1,"nav":"NORMAL","mm":63,"miss_streak":0,"pwm":91,"lost_markers":0,"lost_ms":0,"motor_dir":"FWD"}
1786500669.571753913 ngr/loco/9950011/alert {"level":"CLEAR","reason":"STATUS","loco":"9950011","uptime_ms":152820,"nav":"NORMAL","moving":1,"pwm":91,"est_mm_s":232,"dir":"CCW","session_dir":"CCW","mdir":"FWD","rear":63,"front":58,"env":1570,"lc_mm":63,"last_confirmed_landmark":"Grillers","age_ms":1306,"since":0,"dead_reckoned_mm":63,"candidate_mm":-1,"viable":[],"lostm":0,"lost_ms":0,"agree":55,"disagree":0,"losts":0,"auto":0}
1786500669.792974719 ngr/loco/9950011/state/nav {"event":"AGREE","state":"NORMAL","nav_state":"NORMAL","mm":62,"landmark":"","dir":"CCW","miss_streak":0,"obs":"S","expected":"S","peak":127,"ms":172,"drift":0,"dt":1337,"agree":56,"disagree":0,"lost":0,"scores":[0,0,0,0,0,0],"excluded":[false,false,false,false,false,false],"leader":null,"runner_up":null,"margin":0,"motor_dir":"FWD"}
1786500669.808486684 ngr/loco/9950011/mm/marker {"mm":62,"landmark":"","obs":"S","peak":127,"ms":172,"drift":0,"dt":1337,"timing_gate":"ACTIVE","dt_expected":1271,"dt_conserve_ratio":2.15,"pwm":91,"v":15.07}
1786500670.250908113 ngr/loco/9950011/state/start_mm 62
1786500670.284250161 ngr/loco/9950011/state/loopstat {"loop_max_gap_ms":34,"hall_task_max_gap_ms":2,"hall_task_age_ms":1,"baseline":1902,"raw":1902,"delta":0,"queue_drops":0,"floor_rejects":4,"queue_high_water":1,"mqtt_connect_ms":176,"mqtt_attempts":1,"pub_drops":0,"pub_queue_hw":1,"cmd_drops":0,"pub_per_s":4,"marker_pub_drops":0,"marker_pub_hw":1,"nav":"NORMAL","mm":62,"miss_streak":0,"pwm":91,"lost_markers":0,"lost_ms":0,"motor_dir":"FWD"}
1786500670.588780521 ngr/loco/9950011/alert {"level":"CLEAR","reason":"STATUS","loco":"9950011","uptime_ms":153820,"nav":"NORMAL","moving":1,"pwm":91,"est_mm_s":235,"dir":"CCW","session_dir":"CCW","mdir":"FWD","rear":62,"front":57,"env":1550,"lc_mm":62,"last_confirmed_landmark":"","age_ms":969,"since":0,"dead_reckoned_mm":62,"candidate_mm":-1,"viable":[],"lostm":0,"lost_ms":0,"agree":56,"disagree":0,"losts":0,"auto":0}
1786500671.249232882 ngr/loco/9950011/state/nav {"event":"AGREE","state":"NORMAL","nav_state":"NORMAL","mm":61,"landmark":"","dir":"CCW","miss_streak":0,"obs":"N","expected":"N","peak":158,"ms":194,"drift":0,"dt":1395,"agree":57,"disagree":0,"lost":0,"scores":[0,0,0,0,0,0],"excluded":[false,false,false,false,false,false],"leader":null,"runner_up":null,"margin":0,"motor_dir":"FWD"}
1786500671.293547243 ngr/loco/9950011/mm/marker {"mm":61,"landmark":"","obs":"N","peak":158,"ms":194,"drift":0,"dt":1395,"timing_gate":"ACTIVE","dt_expected":1231,"dt_conserve_ratio":2.22,"pwm":91,"v":15.07}
1786500671.323732860 ngr/loco/9950011/state/start_mm 61
1786500671.327422069 ngr/loco/9950011/state/loopstat {"loop_max_gap_ms":33,"hall_task_max_gap_ms":2,"hall_task_age_ms":1,"baseline":1901,"raw":1885,"delta":-16,"queue_drops":0,"floor_rejects":4,"queue_high_water":1,"mqtt_connect_ms":176,"mqtt_attempts":1,"pub_drops":0,"pub_queue_hw":1,"cmd_drops":0,"pub_per_s":4,"marker_pub_drops":0,"marker_pub_hw":1,"nav":"NORMAL","mm":61,"miss_streak":0,"pwm":91,"lost_markers":0,"lost_ms":0,"motor_dir":"FWD"}
1786500671.581784845 ngr/loco/9950011/alert {"level":"CLEAR","reason":"STATUS","loco":"9950011","uptime_ms":154820,"nav":"NORMAL","moving":1,"pwm":91,"est_mm_s":229,"dir":"CCW","session_dir":"CCW","mdir":"FWD","rear":61,"front":56,"env":1530,"lc_mm":61,"last_confirmed_landmark":"","age_ms":574,"since":0,"dead_reckoned_mm":61,"candidate_mm":-1,"viable":[],"lostm":0,"lost_ms":0,"agree":57,"disagree":0,"losts":0,"auto":0}
1786500671.762215007 ngr/loco/9950011/telem/voltage 15.06
1786500671.791758439 ngr/loco/9950011/telem/current 0.32
1786500671.793451938 ngr/loco/9950011/telem/power 4.83
1786500672.287419315 ngr/loco/9950011/state/loopstat {"loop_max_gap_ms":34,"hall_task_max_gap_ms":3,"hall_task_age_ms":1,"baseline":1901,"raw":1902,"delta":1,"queue_drops":0,"floor_rejects":4,"queue_high_water":0,"mqtt_connect_ms":176,"mqtt_attempts":1,"pub_drops":0,"pub_queue_hw":3,"cmd_drops":0,"pub_per_s":4,"marker_pub_drops":0,"marker_pub_hw":0,"nav":"NORMAL","mm":61,"miss_streak":0,"pwm":91,"lost_markers":0,"lost_ms":0,"motor_dir":"FWD"}
1786500672.606634403 ngr/loco/9950011/alert {"level":"CLEAR","reason":"STATUS","loco":"9950011","uptime_ms":155820,"nav":"NORMAL","moving":1,"pwm":91,"est_mm_s":229,"dir":"CCW","session_dir":"CCW","mdir":"FWD","rear":61,"front":56,"env":1530,"lc_mm":61,"last_confirmed_landmark":"","age_ms":1574,"since":0,"dead_reckoned_mm":61,"candidate_mm":-1,"viable":[],"lostm":0,"lost_ms":0,"agree":57,"disagree":0,"losts":0,"auto":0}
1786500672.709517295 ngr/loco/9950011/state/nav {"event":"AGREE","state":"NORMAL","nav_state":"NORMAL","mm":60,"landmark":"","dir":"CCW","miss_streak":0,"obs":"S","expected":"S","peak":144,"ms":199,"drift":0,"dt":1501,"agree":58,"disagree":0,"lost":0,"scores":[0,0,0,0,0,0],"excluded":[false,false,false,false,false,false],"leader":null,"runner_up":null,"margin":0,"motor_dir":"FWD"}
1786500672.728372535 ngr/loco/9950011/mm/marker {"mm":60,"landmark":"","obs":"S","peak":144,"ms":199,"drift":0,"dt":1501,"timing_gate":"ACTIVE","dt_expected":1251,"dt_conserve_ratio":2.31,"pwm":91,"v":15.06}
1786500673.235289189 ngr/loco/9950011/state/loopstat {"loop_max_gap_ms":33,"hall_task_max_gap_ms":2,"hall_task_age_ms":1,"baseline":1901,"raw":1901,"delta":0,"queue_drops":0,"floor_rejects":4,"queue_high_water":1,"mqtt_connect_ms":176,"mqtt_attempts":1,"pub_drops":0,"pub_queue_hw":1,"cmd_drops":0,"pub_per_s":3,"marker_pub_drops":0,"marker_pub_hw":1,"nav":"NORMAL","mm":60,"miss_streak":0,"pwm":91,"lost_markers":0,"lost_ms":0,"motor_dir":"FWD"}
1786500673.247137284 ngr/loco/9950011/state/start_mm 60
1786500673.544798334 ngr/loco/9950011/alert {"level":"CLEAR","reason":"STATUS","loco":"9950011","uptime_ms":156820,"nav":"NORMAL","moving":1,"pwm":91,"est_mm_s":209,"dir":"CCW","session_dir":"CCW","mdir":"FWD","rear":60,"front":55,"env":1515,"lc_mm":60,"last_confirmed_landmark":"","age_ms":1073,"since":0,"dead_reckoned_mm":60,"candidate_mm":-1,"viable":[],"lostm":0,"lost_ms":0,"agree":58,"disagree":0,"losts":0,"auto":0}
1786500674.182103941 ngr/loco/9950011/state/nav {"event":"AGREE","state":"NORMAL","nav_state":"NORMAL","mm":59,"landmark":"","dir":"CCW","miss_streak":0,"obs":"N","expected":"N","peak":157,"ms":188,"drift":0,"dt":1513,"agree":59,"disagree":0,"lost":0,"scores":[0,0,0,0,0,0],"excluded":[false,false,false,false,false,false],"leader":null,"runner_up":null,"margin":0,"motor_dir":"FWD"}
1786500674.197562047 ngr/loco/9950011/mm/marker {"mm":59,"landmark":"","obs":"N","peak":157,"ms":188,"drift":0,"dt":1513,"timing_gate":"ACTIVE","dt_expected":1231,"dt_conserve_ratio":2.45,"pwm":91,"v":15.06}
1786500674.216573754 ngr/loco/9950011/state/loopstat {"loop_max_gap_ms":33,"hall_task_max_gap_ms":2,"hall_task_age_ms":1,"baseline":1901,"raw":1884,"delta":-17,"queue_drops":0,"floor_rejects":4,"queue_high_water":1,"mqtt_connect_ms":176,"mqtt_attempts":1,"pub_drops":0,"pub_queue_hw":2,"cmd_drops":0,"pub_per_s":4,"marker_pub_drops":0,"marker_pub_hw":1,"nav":"NORMAL","mm":59,"miss_streak":0,"pwm":91,"lost_markers":0,"lost_ms":0,"motor_dir":"FWD"}
1786500674.226352649 ngr/loco/9950011/state/start_mm 59
1786500674.580627425 ngr/loco/9950011/alert {"level":"CLEAR","reason":"STATUS","loco":"9950011","uptime_ms":157820,"nav":"NORMAL","moving":1,"pwm":91,"est_mm_s":198,"dir":"CCW","session_dir":"CCW","mdir":"FWD","rear":59,"front":54,"env":1515,"lc_mm":59,"last_confirmed_landmark":"","age_ms":560,"since":0,"dead_reckoned_mm":59,"candidate_mm":-1,"viable":[],"lostm":0,"lost_ms":0,"agree":59,"disagree":0,"losts":0,"auto":0}
1786500675.220647848 ngr/loco/9950011/state/loopstat {"loop_max_gap_ms":33,"hall_task_max_gap_ms":2,"hall_task_age_ms":1,"baseline":1901,"raw":1902,"delta":1,"queue_drops":0,"floor_rejects":4,"queue_high_water":0,"mqtt_connect_ms":176,"mqtt_attempts":1,"pub_drops":0,"pub_queue_hw":2,"cmd_drops":0,"pub_per_s":2,"marker_pub_drops":0,"marker_pub_hw":0,"nav":"NORMAL","mm":59,"miss_streak":0,"pwm":91,"lost_markers":0,"lost_ms":0,"motor_dir":"FWD"}
1786500675.552649772 ngr/loco/9950011/alert {"level":"CLEAR","reason":"STATUS","loco":"9950011","uptime_ms":158820,"nav":"NORMAL","moving":1,"pwm":91,"est_mm_s":198,"dir":"CCW","session_dir":"CCW","mdir":"FWD","rear":59,"front":54,"env":1515,"lc_mm":59,"last_confirmed_landmark":"","age_ms":1560,"since":0,"dead_reckoned_mm":59,"candidate_mm":-1,"viable":[],"lostm":0,"lost_ms":0,"agree":59,"disagree":0,"losts":0,"auto":0}
1786500675.630084049 ngr/loco/9950011/state/nav {"event":"AGREE","state":"NORMAL","nav_state":"NORMAL","mm":58,"landmark":"","dir":"CCW","miss_streak":0,"obs":"S","expected":"S","peak":150,"ms":190,"drift":0,"dt":1430,"agree":60,"disagree":0,"lost":0,"scores":[0,0,0,0,0,0],"excluded":[false,false,false,false,false,false],"leader":null,"runner_up":null,"margin":0,"motor_dir":"FWD"}
1786500675.668515691 ngr/loco/9950011/mm/marker {"mm":58,"landmark":"","obs":"S","peak":150,"ms":190,"drift":0,"dt":1430,"timing_gate":"ACTIVE","dt_expected":1173,"dt_conserve_ratio":2.51,"pwm":91,"v":15.06}
1786500676.222236575 ngr/loco/9950011/state/start_mm 58
1786500676.228197084 ngr/loco/9950011/state/loopstat {"loop_max_gap_ms":34,"hall_task_max_gap_ms":2,"hall_task_age_ms":1,"baseline":1901,"raw":1902,"delta":1,"queue_drops":0,"floor_rejects":4,"queue_high_water":1,"mqtt_connect_ms":176,"mqtt_attempts":1,"pub_drops":0,"pub_queue_hw":1,"cmd_drops":0,"pub_per_s":4,"marker_pub_drops":0,"marker_pub_hw":1,"nav":"NORMAL","mm":58,"miss_streak":0,"pwm":91,"lost_markers":0,"lost_ms":0,"motor_dir":"FWD"}
1786500676.544198036 ngr/loco/9950011/alert {"level":"CLEAR","reason":"STATUS","loco":"9950011","uptime_ms":159820,"nav":"NORMAL","moving":1,"pwm":91,"est_mm_s":223,"dir":"CCW","session_dir":"CCW","mdir":"FWD","rear":58,"front":53,"env":1495,"lc_mm":58,"last_confirmed_landmark":"","age_ms":1130,"since":0,"dead_reckoned_mm":58,"candidate_mm":-1,"viable":[],"lostm":0,"lost_ms":0,"agree":60,"disagree":0,"losts":0,"auto":0}
1786500676.731760044 ngr/loco/9950011/telem/voltage 15.06
1786500676.740920308 ngr/loco/9950011/telem/current 0.29
1786500676.742764298 ngr/loco/9950011/telem/power 3.75
1786500676.965453490 ngr/loco/9950011/state/nav {"event":"AGREE","state":"NORMAL","nav_state":"NORMAL","mm":57,"landmark":"","dir":"CCW","miss_streak":0,"obs":"S","expected":"S","peak":152,"ms":171,"drift":0,"dt":1350,"agree":61,"disagree":0,"lost":0,"scores":[0,0,0,0,0,0],"excluded":[false,false,false,false,false,false],"leader":null,"runner_up":null,"margin":0,"motor_dir":"FWD"}
1786500677.007016556 ngr/loco/9950011/mm/marker {"mm":57,"landmark":"","obs":"S","peak":152,"ms":171,"drift":0,"dt":1350,"timing_gate":"ACTIVE","dt_expected":1251,"dt_conserve_ratio":2.22,"pwm":91,"v":15.06}
1786500677.218105518 ngr/loco/9950011/state/start_mm 57
1786500677.230795598 ngr/loco/9950011/state/loopstat {"loop_max_gap_ms":34,"hall_task_max_gap_ms":3,"hall_task_age_ms":1,"baseline":1901,"raw":1903,"delta":2,"queue_drops":0,"floor_rejects":4,"queue_high_water":1,"mqtt_connect_ms":176,"mqtt_attempts":1,"pub_drops":0,"pub_queue_hw":3,"cmd_drops":0,"pub_per_s":7,"marker_pub_drops":0,"marker_pub_hw":1,"nav":"NORMAL","mm":57,"miss_streak":0,"pwm":91,"lost_markers":0,"lost_ms":0,"motor_dir":"FWD"}
1786500677.546742464 ngr/loco/9950011/alert {"level":"CLEAR","reason":"STATUS","loco":"9950011","uptime_ms":160820,"nav":"NORMAL","moving":1,"pwm":91,"est_mm_s":218,"dir":"CCW","session_dir":"CCW","mdir":"FWD","rear":57,"front":52,"env":1500,"lc_mm":57,"last_confirmed_landmark":"","age_ms":780,"since":0,"dead_reckoned_mm":57,"candidate_mm":-1,"viable":[],"lostm":0,"lost_ms":0,"agree":61,"disagree":0,"losts":0,"auto":0}
1786500678.172000127 ngr/loco/9950011/state/nav {"event":"AGREE","state":"NORMAL","nav_state":"NORMAL","mm":56,"landmark":"","dir":"CCW","miss_streak":0,"obs":"N","expected":"N","peak":137,"ms":164,"drift":0,"dt":1238,"agree":62,"disagree":0,"lost":0,"scores":[0,0,0,0,0,0],"excluded":[false,false,false,false,false,false],"leader":null,"runner_up":null,"margin":0,"motor_dir":"FWD"}
1786500678.187815061 ngr/loco/9950011/mm/marker {"mm":56,"landmark":"","obs":"N","peak":137,"ms":164,"drift":0,"dt":1238,"timing_gate":"ACTIVE","dt_expected":1153,"dt_conserve_ratio":2.24,"pwm":91,"v":15.06}
1786500678.216991537 ngr/loco/9950011/state/start_mm 56
1786500678.227434441 ngr/loco/9950011/state/loopstat {"loop_max_gap_ms":33,"hall_task_max_gap_ms":2,"hall_task_age_ms":1,"baseline":1901,"raw":1885,"delta":-16,"queue_drops":0,"floor_rejects":4,"queue_high_water":1,"mqtt_connect_ms":176,"mqtt_attempts":1,"pub_drops":0,"pub_queue_hw":1,"cmd_drops":0,"pub_per_s":4,"marker_pub_drops":0,"marker_pub_hw":1,"nav":"NORMAL","mm":56,"miss_streak":0,"pwm":91,"lost_markers":0,"lost_ms":0,"motor_dir":"FWD"}
1786500678.563339328 ngr/loco/9950011/alert {"level":"CLEAR","reason":"STATUS","loco":"9950011","uptime_ms":161820,"nav":"NORMAL","moving":1,"pwm":91,"est_mm_s":242,"dir":"CCW","session_dir":"CCW","mdir":"FWD","rear":56,"front":51,"env":1500,"lc_mm":56,"last_confirmed_landmark":"","age_ms":542,"since":0,"dead_reckoned_mm":56,"candidate_mm":-1,"viable":[],"lostm":0,"lost_ms":0,"agree":62,"disagree":0,"losts":0,"auto":0}
1786500679.219829970 ngr/loco/9950011/state/loopstat {"loop_max_gap_ms":34,"hall_task_max_gap_ms":2,"hall_task_age_ms":1,"baseline":1901,"raw":1882,"delta":-19,"queue_drops":0,"floor_rejects":4,"queue_high_water":0,"mqtt_connect_ms":176,"mqtt_attempts":1,"pub_drops":0,"pub_queue_hw":1,"cmd_drops":0,"pub_per_s":1,"marker_pub_drops":0,"marker_pub_hw":0,"nav":"NORMAL","mm":56,"miss_streak":0,"pwm":91,"lost_markers":0,"lost_ms":0,"motor_dir":"FWD"}
1786500679.413545968 ngr/loco/9950011/state/nav {"event":"AGREE","state":"NORMAL","nav_state":"NORMAL","mm":55,"landmark":"","dir":"CCW","miss_streak":0,"obs":"S","expected":"S","peak":149,"ms":170,"drift":0,"dt":1234,"agree":63,"disagree":0,"lost":0,"scores":[0,0,0,0,0,0],"excluded":[false,false,false,false,false,false],"leader":null,"runner_up":null,"margin":0,"motor_dir":"FWD"}
1786500679.457352062 ngr/loco/9950011/mm/marker {"mm":55,"landmark":"","obs":"S","peak":149,"ms":170,"drift":0,"dt":1234,"timing_gate":"ACTIVE","dt_expected":1173,"dt_conserve_ratio":2.11,"pwm":91,"v":15.06}
1786500679.561617382 ngr/loco/9950011/alert {"level":"CLEAR","reason":"STATUS","loco":"9950011","uptime_ms":162820,"nav":"NORMAL","moving":1,"pwm":91,"est_mm_s":243,"dir":"CCW","session_dir":"CCW","mdir":"FWD","rear":55,"front":50,"env":1500,"lc_mm":55,"last_confirmed_landmark":"","age_ms":308,"since":0,"dead_reckoned_mm":55,"candidate_mm":-1,"viable":[],"lostm":0,"lost_ms":0,"agree":63,"disagree":0,"losts":0,"auto":0}
1786500680.220594092 ngr/loco/9950011/state/start_mm 55
1786500680.233890250 ngr/loco/9950011/state/loopstat {"loop_max_gap_ms":33,"hall_task_max_gap_ms":2,"hall_task_age_ms":1,"baseline":1901,"raw":1900,"delta":-1,"queue_drops":0,"floor_rejects":4,"queue_high_water":1,"mqtt_connect_ms":176,"mqtt_attempts":1,"pub_drops":0,"pub_queue_hw":1,"cmd_drops":0,"pub_per_s":4,"marker_pub_drops":0,"marker_pub_hw":1,"nav":"NORMAL","mm":55,"miss_streak":0,"pwm":91,"lost_markers":0,"lost_ms":0,"motor_dir":"FWD"}
1786500680.550904433 ngr/loco/9950011/alert {"level":"CLEAR","reason":"STATUS","loco":"9950011","uptime_ms":163820,"nav":"NORMAL","moving":1,"pwm":91,"est_mm_s":243,"dir":"CCW","session_dir":"CCW","mdir":"FWD","rear":55,"front":50,"env":1500,"lc_mm":55,"last_confirmed_landmark":"","age_ms":1308,"since":0,"dead_reckoned_mm":55,"candidate_mm":-1,"viable":[],"lostm":0,"lost_ms":0,"agree":63,"disagree":0,"losts":0,"auto":0}
1786500680.619562223 ngr/loco/9950011/state/nav {"event":"AGREE","state":"NORMAL","nav_state":"NORMAL","mm":54,"landmark":"","dir":"CCW","miss_streak":0,"obs":"S","expected":"S","peak":198,"ms":193,"drift":0,"dt":1187,"agree":64,"disagree":0,"lost":0,"scores":[0,0,0,0,0,0],"excluded":[false,false,false,false,false,false],"leader":null,"runner_up":null,"margin":0,"motor_dir":"FWD"}
1786500680.649222225 ngr/loco/9950011/mm/marker {"mm":54,"landmark":"","obs":"S","peak":198,"ms":193,"drift":0,"dt":1187,"timing_gate":"ACTIVE","dt_expected":1173,"dt_conserve_ratio":2.06,"pwm":91,"v":15.06}
1786500680.720229714 ngr/loco/9950011/cmd/throttle 77
1786500680.988003799 ngr/loco/9950011/cmd/throttle 0
1786500681.227108912 ngr/loco/9950011/state/throttle 0
1786500681.236701830 ngr/loco/9950011/state/start_mm 54
1786500681.238501278 ngr/loco/9950011/state/loopstat {"loop_max_gap_ms":34,"hall_task_max_gap_ms":2,"hall_task_age_ms":1,"baseline":1902,"raw":1903,"delta":1,"queue_drops":0,"floor_rejects":4,"queue_high_water":1,"mqtt_connect_ms":176,"mqtt_attempts":1,"pub_drops":0,"pub_queue_hw":2,"cmd_drops":0,"pub_per_s":5,"marker_pub_drops":0,"marker_pub_hw":1,"nav":"NORMAL","mm":54,"miss_streak":0,"pwm":88,"lost_markers":0,"lost_ms":0,"motor_dir":"FWD"}
1786500681.546929810 ngr/loco/9950011/alert {"level":"CLEAR","reason":"STATUS","loco":"9950011","uptime_ms":164820,"nav":"NORMAL","moving":1,"pwm":86,"est_mm_s":252,"dir":"CCW","session_dir":"CCW","mdir":"FWD","rear":54,"front":49,"env":1500,"lc_mm":54,"last_confirmed_landmark":"","age_ms":1121,"since":0,"dead_reckoned_mm":54,"candidate_mm":-1,"viable":[],"lostm":0,"lost_ms":0,"agree":64,"disagree":0,"losts":0,"auto":0}
1786500681.735109599 ngr/loco/9950011/telem/voltage 15.08
1786500681.742899680 ngr/loco/9950011/telem/current 0.32
1786500681.744728963 ngr/loco/9950011/telem/power 4.90
1786500681.898335012 ngr/loco/9950011/state/nav {"event":"AGREE","state":"NORMAL","nav_state":"NORMAL","mm":53,"landmark":"","dir":"CCW","miss_streak":0,"obs":"S","expected":"S","peak":132,"ms":180,"drift":0,"dt":1277,"agree":65,"disagree":0,"lost":0,"scores":[0,0,0,0,0,0],"excluded":[false,false,false,false,false,false],"leader":null,"runner_up":null,"margin":0,"motor_dir":"FWD"}
1786500681.915192281 ngr/loco/9950011/mm/marker {"mm":53,"landmark":"","obs":"S","peak":132,"ms":180,"drift":0,"dt":1277,"timing_gate":"RAMP","dt_expected":0,"dt_conserve_ratio":-1.00,"pwm":85,"v":15.08}
1786500682.221579018 ngr/loco/9950011/state/loopstat {"loop_max_gap_ms":34,"hall_task_max_gap_ms":3,"hall_task_age_ms":1,"baseline":1901,"raw":1898,"delta":-3,"queue_drops":0,"floor_rejects":4,"queue_high_water":1,"mqtt_connect_ms":176,"mqtt_attempts":1,"pub_drops":0,"pub_queue_hw":3,"cmd_drops":0,"pub_per_s":6,"marker_pub_drops":0,"marker_pub_hw":1,"nav":"NORMAL","mm":53,"miss_streak":0,"pwm":81,"lost_markers":0,"lost_ms":0,"motor_dir":"FWD"}
1786500682.232190889 ngr/loco/9950011/state/start_mm 53
1786500682.564213234 ngr/loco/9950011/alert {"level":"CLEAR","reason":"STATUS","loco":"9950011","uptime_ms":165820,"nav":"NORMAL","moving":1,"pwm":79,"est_mm_s":234,"dir":"CCW","session_dir":"CCW","mdir":"FWD","rear":53,"front":48,"env":1500,"lc_mm":53,"last_confirmed_landmark":"","age_ms":844,"since":0,"dead_reckoned_mm":53,"candidate_mm":-1,"viable":[],"lostm":0,"lost_ms":0,"agree":65,"disagree":0,"losts":0,"auto":0}
1786500683.219822165 ngr/loco/9950011/state/loopstat {"loop_max_gap_ms":33,"hall_task_max_gap_ms":2,"hall_task_age_ms":1,"baseline":1901,"raw":1770,"delta":-131,"queue_drops":0,"floor_rejects":4,"queue_high_water":0,"mqtt_connect_ms":176,"mqtt_attempts":1,"pub_drops":0,"pub_queue_hw":2,"cmd_drops":0,"pub_per_s":2,"marker_pub_drops":0,"marker_pub_hw":0,"nav":"NORMAL","mm":53,"miss_streak":0,"pwm":75,"lost_markers":0,"lost_ms":0,"motor_dir":"FWD"}
1786500683.319954039 ngr/loco/9950011/state/nav {"event":"AGREE","state":"NORMAL","nav_state":"NORMAL","mm":52,"landmark":"","dir":"CCW","miss_streak":0,"obs":"S","expected":"S","peak":140,"ms":209,"drift":0,"dt":1408,"agree":66,"disagree":0,"lost":0,"scores":[0,0,0,0,0,0],"excluded":[false,false,false,false,false,false],"leader":null,"runner_up":null,"margin":0,"motor_dir":"FWD"}
1786500683.338129670 ngr/loco/9950011/mm/marker {"mm":52,"landmark":"","obs":"S","peak":140,"ms":209,"drift":0,"dt":1408,"timing_gate":"RAMP","dt_expected":0,"dt_conserve_ratio":-1.00,"pwm":75,"v":15.08}
1786500683.553474586 ngr/loco/9950011/alert {"level":"CLEAR","reason":"STATUS","loco":"9950011","uptime_ms":166820,"nav":"NORMAL","moving":1,"pwm":72,"est_mm_s":213,"dir":"CCW","session_dir":"CCW","mdir":"FWD","rear":52,"front":47,"env":1500,"lc_mm":52,"last_confirmed_landmark":"","age_ms":436,"since":0,"dead_reckoned_mm":52,"candidate_mm":-1,"viable":[],"lostm":0,"lost_ms":0,"agree":66,"disagree":0,"losts":0,"auto":0}
1786500684.222566530 ngr/loco/9950011/state/start_mm 52
1786500684.235541650 ngr/loco/9950011/state/loopstat {"loop_max_gap_ms":34,"hall_task_max_gap_ms":2,"hall_task_age_ms":1,"baseline":1901,"raw":1900,"delta":-1,"queue_drops":0,"floor_rejects":4,"queue_high_water":0,"mqtt_connect_ms":176,"mqtt_attempts":1,"pub_drops":0,"pub_queue_hw":1,"cmd_drops":0,"pub_per_s":4,"marker_pub_drops":0,"marker_pub_hw":1,"nav":"NORMAL","mm":52,"miss_streak":0,"pwm":68,"lost_markers":0,"lost_ms":0,"motor_dir":"FWD"}
1786500684.546253970 ngr/loco/9950011/alert {"level":"CLEAR","reason":"STATUS","loco":"9950011","uptime_ms":167820,"nav":"NORMAL","moving":1,"pwm":66,"est_mm_s":213,"dir":"CCW","session_dir":"CCW","mdir":"FWD","rear":52,"front":47,"env":1500,"lc_mm":52,"last_confirmed_landmark":"","age_ms":1436,"since":0,"dead_reckoned_mm":52,"candidate_mm":-1,"viable":[],"lostm":0,"lost_ms":0,"agree":66,"disagree":0,"losts":0,"auto":0}
1786500684.994278334 ngr/loco/9950011/state/nav {"event":"AGREE","state":"NORMAL","nav_state":"NORMAL","mm":51,"landmark":"","dir":"CCW","miss_streak":0,"obs":"N","expected":"N","peak":133,"ms":239,"drift":0,"dt":1641,"agree":67,"disagree":0,"lost":0,"scores":[0,0,0,0,0,0],"excluded":[false,false,false,false,false,false],"leader":null,"runner_up":null,"margin":0,"motor_dir":"FWD"}
1786500685.017021728 ngr/loco/9950011/mm/marker {"mm":51,"landmark":"","obs":"N","peak":133,"ms":239,"drift":0,"dt":1641,"timing_gate":"RAMP","dt_expected":0,"dt_conserve_ratio":-1.00,"pwm":64,"v":15.08}
1786500685.220535173 ngr/loco/9950011/state/start_mm 51
1786500685.230987542 ngr/loco/9950011/state/loopstat {"loop_max_gap_ms":34,"hall_task_max_gap_ms":2,"hall_task_age_ms":1,"baseline":1901,"raw":1894,"delta":-7,"queue_drops":0,"floor_rejects":4,"queue_high_water":1,"mqtt_connect_ms":176,"mqtt_attempts":1,"pub_drops":0,"pub_queue_hw":1,"cmd_drops":0,"pub_per_s":4,"marker_pub_drops":0,"marker_pub_hw":1,"nav":"NORMAL","mm":51,"miss_streak":0,"pwm":61,"lost_markers":0,"lost_ms":0,"motor_dir":"FWD"}
1786500685.546931301 ngr/loco/9950011/alert {"level":"CLEAR","reason":"STATUS","loco":"9950011","uptime_ms":168820,"nav":"NORMAL","moving":1,"pwm":59,"est_mm_s":182,"dir":"CCW","session_dir":"CCW","mdir":"FWD","rear":51,"front":46,"env":1500,"lc_mm":51,"last_confirmed_landmark":"","age_ms":795,"since":0,"dead_reckoned_mm":51,"candidate_mm":-1,"viable":[],"lostm":0,"lost_ms":0,"agree":67,"disagree":0,"losts":0,"auto":0}
1786500686.222986503 ngr/loco/9950011/state/loopstat {"loop_max_gap_ms":33,"hall_task_max_gap_ms":2,"hall_task_age_ms":1,"baseline":1901,"raw":1901,"delta":0,"queue_drops":0,"floor_rejects":4,"queue_high_water":0,"mqtt_connect_ms":176,"mqtt_attempts":1,"pub_drops":0,"pub_queue_hw":1,"cmd_drops":0,"pub_per_s":1,"marker_pub_drops":0,"marker_pub_hw":0,"nav":"NORMAL","mm":51,"miss_streak":0,"pwm":55,"lost_markers":0,"lost_ms":0,"motor_dir":"FWD"}
1786500686.562288924 ngr/loco/9950011/alert {"level":"CLEAR","reason":"STATUS","loco":"9950011","uptime_ms":169820,"nav":"NORMAL","moving":1,"pwm":52,"est_mm_s":182,"dir":"CCW","session_dir":"CCW","mdir":"FWD","rear":51,"front":46,"env":1500,"lc_mm":51,"last_confirmed_landmark":"","age_ms":1795,"since":0,"dead_reckoned_mm":51,"candidate_mm":-1,"viable":[],"lostm":0,"lost_ms":0,"agree":67,"disagree":0,"losts":0,"auto":0}
1786500686.732512266 ngr/loco/9950011/telem/voltage 15.10
1786500686.758991055 ngr/loco/9950011/telem/current 0.24
1786500686.766061178 ngr/loco/9950011/telem/power 3.59
1786500687.218862042 ngr/loco/9950011/state/loopstat {"loop_max_gap_ms":33,"hall_task_max_gap_ms":2,"hall_task_age_ms":1,"baseline":1901,"raw":1831,"delta":-70,"queue_drops":0,"floor_rejects":4,"queue_high_water":0,"mqtt_connect_ms":176,"mqtt_attempts":1,"pub_drops":0,"pub_queue_hw":3,"cmd_drops":0,"pub_per_s":4,"marker_pub_drops":0,"marker_pub_hw":0,"nav":"NORMAL","mm":51,"miss_streak":0,"pwm":48,"lost_markers":0,"lost_ms":0,"motor_dir":"FWD"}
1786500687.308177949 ngr/loco/9950011/state/nav {"event":"AGREE","state":"NORMAL","nav_state":"NORMAL","mm":50,"landmark":"","dir":"CCW","miss_streak":0,"obs":"S","expected":"S","peak":143,"ms":384,"drift":0,"dt":2169,"agree":68,"disagree":0,"lost":0,"scores":[0,0,0,0,0,0],"excluded":[false,false,false,false,false,false],"leader":null,"runner_up":null,"margin":0,"motor_dir":"FWD"}
1786500687.323719735 ngr/loco/9950011/mm/marker {"mm":50,"landmark":"","obs":"S","peak":143,"ms":384,"drift":0,"dt":2169,"timing_gate":"RAMP","dt_expected":0,"dt_conserve_ratio":-1.00,"pwm":50,"v":15.10}
1786500687.560276786 ngr/loco/9950011/alert {"level":"CLEAR","reason":"STATUS","loco":"9950011","uptime_ms":170820,"nav":"NORMAL","moving":1,"pwm":46,"est_mm_s":138,"dir":"CCW","session_dir":"CCW","mdir":"FWD","rear":50,"front":45,"env":1500,"lc_mm":50,"last_confirmed_landmark":"","age_ms":626,"since":0,"dead_reckoned_mm":50,"candidate_mm":-1,"viable":[],"lostm":0,"lost_ms":0,"agree":68,"disagree":0,"losts":0,"auto":0}
1786500688.222598531 ngr/loco/9950011/state/start_mm 50
1786500688.236079699 ngr/loco/9950011/state/loopstat {"loop_max_gap_ms":33,"hall_task_max_gap_ms":2,"hall_task_age_ms":1,"baseline":1901,"raw":1902,"delta":1,"queue_drops":0,"floor_rejects":4,"queue_high_water":1,"mqtt_connect_ms":176,"mqtt_attempts":1,"pub_drops":0,"pub_queue_hw":1,"cmd_drops":0,"pub_per_s":4,"marker_pub_drops":0,"marker_pub_hw":1,"nav":"NORMAL","mm":50,"miss_streak":0,"pwm":41,"lost_markers":0,"lost_ms":0,"motor_dir":"FWD"}
1786500688.558259726 ngr/loco/9950011/alert {"level":"CLEAR","reason":"STATUS","loco":"9950011","uptime_ms":171820,"nav":"NORMAL","moving":1,"pwm":39,"est_mm_s":138,"dir":"CCW","session_dir":"CCW","mdir":"FWD","rear":50,"front":45,"env":1500,"lc_mm":50,"last_confirmed_landmark":"","age_ms":1626,"since":0,"dead_reckoned_mm":50,"candidate_mm":-1,"viable":[],"lostm":0,"lost_ms":0,"agree":68,"disagree":0,"losts":0,"auto":0}
1786500689.221040841 ngr/loco/9950011/state/loopstat {"loop_max_gap_ms":34,"hall_task_max_gap_ms":3,"hall_task_age_ms":1,"baseline":1901,"raw":1902,"delta":1,"queue_drops":0,"floor_rejects":4,"queue_high_water":0,"mqtt_connect_ms":176,"mqtt_attempts":1,"pub_drops":0,"pub_queue_hw":1,"cmd_drops":0,"pub_per_s":1,"marker_pub_drops":0,"marker_pub_hw":0,"nav":"NORMAL","mm":50,"miss_streak":0,"pwm":35,"lost_markers":0,"lost_ms":0,"motor_dir":"FWD"}
1786500689.544969055 ngr/loco/9950011/alert {"level":"CLEAR","reason":"STATUS","loco":"9950011","uptime_ms":172820,"nav":"NORMAL","moving":1,"pwm":32,"est_mm_s":138,"dir":"CCW","session_dir":"CCW","mdir":"FWD","rear":50,"front":45,"env":1500,"lc_mm":50,"last_confirmed_landmark":"","age_ms":2626,"since":0,"dead_reckoned_mm":50,"candidate_mm":-1,"viable":[],"lostm":0,"lost_ms":0,"agree":68,"disagree":0,"losts":0,"auto":0}
1786500690.222175231 ngr/loco/9950011/state/loopstat {"loop_max_gap_ms":34,"hall_task_max_gap_ms":2,"hall_task_age_ms":1,"baseline":1901,"raw":1900,"delta":-1,"queue_drops":0,"floor_rejects":4,"queue_high_water":0,"mqtt_connect_ms":176,"mqtt_attempts":1,"pub_drops":0,"pub_queue_hw":1,"cmd_drops":0,"pub_per_s":1,"marker_pub_drops":0,"marker_pub_hw":0,"nav":"NORMAL","mm":50,"miss_streak":0,"pwm":28,"lost_markers":0,"lost_ms":0,"motor_dir":"FWD"}
1786500690.552135816 ngr/loco/9950011/alert {"level":"CLEAR","reason":"STATUS","loco":"9950011","uptime_ms":173820,"nav":"NORMAL","moving":1,"pwm":26,"est_mm_s":138,"dir":"CCW","session_dir":"CCW","mdir":"FWD","rear":50,"front":45,"env":1500,"lc_mm":50,"last_confirmed_landmark":"","age_ms":3626,"since":0,"dead_reckoned_mm":50,"candidate_mm":-1,"viable":[],"lostm":0,"lost_ms":0,"agree":68,"disagree":0,"losts":0,"auto":0}
1786500691.222862839 ngr/loco/9950011/state/loopstat {"loop_max_gap_ms":33,"hall_task_max_gap_ms":2,"hall_task_age_ms":1,"baseline":1901,"raw":1893,"delta":-8,"queue_drops":0,"floor_rejects":4,"queue_high_water":0,"mqtt_connect_ms":176,"mqtt_attempts":1,"pub_drops":0,"pub_queue_hw":1,"cmd_drops":0,"pub_per_s":1,"marker_pub_drops":0,"marker_pub_hw":0,"nav":"NORMAL","mm":50,"miss_streak":0,"pwm":21,"lost_markers":0,"lost_ms":0,"motor_dir":"FWD"}
1786500691.554190468 ngr/loco/9950011/alert {"level":"CLEAR","reason":"STATUS","loco":"9950011","uptime_ms":174820,"nav":"NORMAL","moving":1,"pwm":19,"est_mm_s":138,"dir":"CCW","session_dir":"CCW","mdir":"FWD","rear":50,"front":45,"env":1500,"lc_mm":50,"last_confirmed_landmark":"","age_ms":4626,"since":0,"dead_reckoned_mm":50,"candidate_mm":-1,"viable":[],"lostm":0,"lost_ms":0,"agree":68,"disagree":0,"losts":0,"auto":0}
1786500691.729146293 ngr/loco/9950011/telem/voltage 15.08
1786500691.739676359 ngr/loco/9950011/telem/current 0.19
1786500691.741820016 ngr/loco/9950011/telem/power 2.79
1786500692.220006443 ngr/loco/9950011/state/loopstat {"loop_max_gap_ms":33,"hall_task_max_gap_ms":2,"hall_task_age_ms":1,"baseline":1901,"raw":1902,"delta":1,"queue_drops":0,"floor_rejects":4,"queue_high_water":0,"mqtt_connect_ms":176,"mqtt_attempts":1,"pub_drops":0,"pub_queue_hw":3,"cmd_drops":0,"pub_per_s":4,"marker_pub_drops":0,"marker_pub_hw":0,"nav":"NORMAL","mm":50,"miss_streak":0,"pwm":15,"lost_markers":0,"lost_ms":0,"motor_dir":"FWD"}
1786500692.546786651 ngr/loco/9950011/alert {"level":"CLEAR","reason":"STATUS","loco":"9950011","uptime_ms":175820,"nav":"NORMAL","moving":1,"pwm":12,"est_mm_s":138,"dir":"CCW","session_dir":"CCW","mdir":"FWD","rear":50,"front":45,"env":1500,"lc_mm":50,"last_confirmed_landmark":"","age_ms":5626,"since":0,"dead_reckoned_mm":50,"candidate_mm":-1,"viable":[],"lostm":0,"lost_ms":0,"agree":68,"disagree":0,"losts":0,"auto":0}
1786500693.267474452 ngr/loco/9950011/state/loopstat {"loop_max_gap_ms":33,"hall_task_max_gap_ms":2,"hall_task_age_ms":1,"baseline":1901,"raw":1899,"delta":-2,"queue_drops":0,"floor_rejects":4,"queue_high_water":0,"mqtt_connect_ms":176,"mqtt_attempts":1,"pub_drops":0,"pub_queue_hw":1,"cmd_drops":0,"pub_per_s":1,"marker_pub_drops":0,"marker_pub_hw":0,"nav":"NORMAL","mm":50,"miss_streak":0,"pwm":8,"lost_markers":0,"lost_ms":0,"motor_dir":"FWD"}
1786500693.593206491 ngr/loco/9950011/alert {"level":"CLEAR","reason":"STATUS","loco":"9950011","uptime_ms":176820,"nav":"NORMAL","moving":1,"pwm":6,"est_mm_s":138,"dir":"CCW","session_dir":"CCW","mdir":"FWD","rear":50,"front":45,"env":1500,"lc_mm":50,"last_confirmed_landmark":"","age_ms":6626,"since":0,"dead_reckoned_mm":50,"candidate_mm":-1,"viable":[],"lostm":0,"lost_ms":0,"agree":68,"disagree":0,"losts":0,"auto":0}
1786500694.245792280 ngr/loco/9950011/state/loopstat {"loop_max_gap_ms":34,"hall_task_max_gap_ms":2,"hall_task_age_ms":1,"baseline":1901,"raw":1897,"delta":-4,"queue_drops":0,"floor_rejects":4,"queue_high_water":0,"mqtt_connect_ms":176,"mqtt_attempts":1,"pub_drops":0,"pub_queue_hw":1,"cmd_drops":0,"pub_per_s":1,"marker_pub_drops":0,"marker_pub_hw":0,"nav":"NORMAL","mm":50,"miss_streak":0,"pwm":1,"lost_markers":0,"lost_ms":0,"motor_dir":"FWD"}
1786500694.594347444 ngr/loco/9950011/alert {"level":"CLEAR","reason":"STATUS","loco":"9950011","uptime_ms":177820,"nav":"NORMAL","moving":0,"pwm":0,"est_mm_s":138,"dir":"CCW","session_dir":"CCW","mdir":"FWD","rear":50,"front":45,"env":1500,"lc_mm":50,"last_confirmed_landmark":"","age_ms":7626,"since":0,"dead_reckoned_mm":50,"candidate_mm":-1,"viable":[],"lostm":0,"lost_ms":0,"agree":68,"disagree":0,"losts":0,"auto":0}
1786500695.228696460 ngr/loco/9950011/state/loopstat {"loop_max_gap_ms":34,"hall_task_max_gap_ms":2,"hall_task_age_ms":1,"baseline":1901,"raw":1900,"delta":-1,"queue_drops":0,"floor_rejects":4,"queue_high_water":0,"mqtt_connect_ms":176,"mqtt_attempts":1,"pub_drops":0,"pub_queue_hw":1,"cmd_drops":0,"pub_per_s":1,"marker_pub_drops":0,"marker_pub_hw":0,"nav":"NORMAL","mm":50,"miss_streak":0,"pwm":0,"lost_markers":0,"lost_ms":0,"motor_dir":"FWD"}
1786500695.556956077 ngr/loco/9950011/alert {"level":"CLEAR","reason":"STATUS","loco":"9950011","uptime_ms":178820,"nav":"NORMAL","moving":0,"pwm":0,"est_mm_s":138,"dir":"CCW","session_dir":"CCW","mdir":"FWD","rear":50,"front":45,"env":1500,"lc_mm":50,"last_confirmed_landmark":"","age_ms":8626,"since":0,"dead_reckoned_mm":50,"candidate_mm":-1,"viable":[],"lostm":0,"lost_ms":0,"agree":68,"disagree":0,"losts":0,"auto":0}
1786500696.221588927 ngr/loco/9950011/state/loopstat {"loop_max_gap_ms":34,"hall_task_max_gap_ms":2,"hall_task_age_ms":1,"baseline":1901,"raw":1900,"delta":-1,"queue_drops":0,"floor_rejects":4,"queue_high_water":0,"mqtt_connect_ms":176,"mqtt_attempts":1,"pub_drops":0,"pub_queue_hw":1,"cmd_drops":0,"pub_per_s":1,"marker_pub_drops":0,"marker_pub_hw":0,"nav":"NORMAL","mm":50,"miss_streak":0,"pwm":0,"lost_markers":0,"lost_ms":0,"motor_dir":"FWD"}
1786500696.548063837 ngr/loco/9950011/alert {"level":"CLEAR","reason":"STATUS","loco":"9950011","uptime_ms":179820,"nav":"NORMAL","moving":0,"pwm":0,"est_mm_s":138,"dir":"CCW","session_dir":"CCW","mdir":"FWD","rear":50,"front":45,"env":1500,"lc_mm":50,"last_confirmed_landmark":"","age_ms":9626,"since":0,"dead_reckoned_mm":50,"candidate_mm":-1,"viable":[],"lostm":0,"lost_ms":0,"agree":68,"disagree":0,"losts":0,"auto":0}
1786500696.735162972 ngr/loco/9950011/telem/voltage 15.10
1786500696.747533658 ngr/loco/9950011/telem/current 0.18
1786500696.749653570 ngr/loco/9950011/telem/power 2.72
1786500697.216945905 ngr/loco/9950011/state/loopstat {"loop_max_gap_ms":34,"hall_task_max_gap_ms":2,"hall_task_age_ms":1,"baseline":1901,"raw":1900,"delta":-1,"queue_drops":0,"floor_rejects":4,"queue_high_water":0,"mqtt_connect_ms":176,"mqtt_attempts":1,"pub_drops":0,"pub_queue_hw":3,"cmd_drops":0,"pub_per_s":4,"marker_pub_drops":0,"marker_pub_hw":0,"nav":"NORMAL","mm":50,"miss_streak":0,"pwm":0,"lost_markers":0,"lost_ms":0,"motor_dir":"FWD"}
1786500697.545360910 ngr/loco/9950011/alert {"level":"CLEAR","reason":"STATUS","loco":"9950011","uptime_ms":180820,"nav":"NORMAL","moving":0,"pwm":0,"est_mm_s":138,"dir":"CCW","session_dir":"CCW","mdir":"FWD","rear":50,"front":45,"env":1500,"lc_mm":50,"last_confirmed_landmark":"","age_ms":10626,"since":0,"dead_reckoned_mm":50,"candidate_mm":-1,"viable":[],"lostm":0,"lost_ms":0,"agree":68,"disagree":0,"losts":0,"auto":0}
1786500698.226863369 ngr/loco/9950011/state/loopstat {"loop_max_gap_ms":34,"hall_task_max_gap_ms":2,"hall_task_age_ms":1,"baseline":1901,"raw":1900,"delta":-1,"queue_drops":0,"floor_rejects":4,"queue_high_water":0,"mqtt_connect_ms":176,"mqtt_attempts":1,"pub_drops":0,"pub_queue_hw":1,"cmd_drops":0,"pub_per_s":1,"marker_pub_drops":0,"marker_pub_hw":0,"nav":"NORMAL","mm":50,"miss_streak":0,"pwm":0,"lost_markers":0,"lost_ms":0,"motor_dir":"FWD"}
1786500698.579494763 ngr/loco/9950011/alert {"level":"CLEAR","reason":"STATUS","loco":"9950011","uptime_ms":181820,"nav":"NORMAL","moving":0,"pwm":0,"est_mm_s":138,"dir":"CCW","session_dir":"CCW","mdir":"FWD","rear":50,"front":45,"env":1500,"lc_mm":50,"last_confirmed_landmark":"","age_ms":11626,"since":0,"dead_reckoned_mm":50,"candidate_mm":-1,"viable":[],"lostm":0,"lost_ms":0,"agree":68,"disagree":0,"losts":0,"auto":0}
1786500699.223443074 ngr/loco/9950011/state/loopstat {"loop_max_gap_ms":34,"hall_task_max_gap_ms":2,"hall_task_age_ms":1,"baseline":1901,"raw":1899,"delta":-2,"queue_drops":0,"floor_rejects":4,"queue_high_water":0,"mqtt_connect_ms":176,"mqtt_attempts":1,"pub_drops":0,"pub_queue_hw":1,"cmd_drops":0,"pub_per_s":1,"marker_pub_drops":0,"marker_pub_hw":0,"nav":"NORMAL","mm":50,"miss_streak":0,"pwm":0,"lost_markers":0,"lost_ms":0,"motor_dir":"FWD"}
1786500699.567481213 ngr/loco/9950011/alert {"level":"CLEAR","reason":"STATUS","loco":"9950011","uptime_ms":182820,"nav":"NORMAL","moving":0,"pwm":0,"est_mm_s":138,"dir":"CCW","session_dir":"CCW","mdir":"FWD","rear":50,"front":45,"env":1500,"lc_mm":50,"last_confirmed_landmark":"","age_ms":12626,"since":0,"dead_reckoned_mm":50,"candidate_mm":-1,"viable":[],"lostm":0,"lost_ms":0,"agree":68,"disagree":0,"losts":0,"auto":0}
1786500700.226714635 ngr/loco/9950011/state/loopstat {"loop_max_gap_ms":34,"hall_task_max_gap_ms":2,"hall_task_age_ms":1,"baseline":1901,"raw":1901,"delta":0,"queue_drops":0,"floor_rejects":4,"queue_high_water":0,"mqtt_connect_ms":176,"mqtt_attempts":1,"pub_drops":0,"pub_queue_hw":1,"cmd_drops":0,"pub_per_s":1,"marker_pub_drops":0,"marker_pub_hw":0,"nav":"NORMAL","mm":50,"miss_streak":0,"pwm":0,"lost_markers":0,"lost_ms":0,"motor_dir":"FWD"}
1786500700.547508349 ngr/loco/9950011/alert {"level":"CLEAR","reason":"STATUS","loco":"9950011","uptime_ms":183820,"nav":"NORMAL","moving":0,"pwm":0,"est_mm_s":138,"dir":"CCW","session_dir":"CCW","mdir":"FWD","rear":50,"front":45,"env":1500,"lc_mm":50,"last_confirmed_landmark":"","age_ms":13626,"since":0,"dead_reckoned_mm":50,"candidate_mm":-1,"viable":[],"lostm":0,"lost_ms":0,"agree":68,"disagree":0,"losts":0,"auto":0}
1786500701.219859742 ngr/loco/9950011/state/loopstat {"loop_max_gap_ms":33,"hall_task_max_gap_ms":2,"hall_task_age_ms":1,"baseline":1901,"raw":1900,"delta":-1,"queue_drops":0,"floor_rejects":4,"queue_high_water":0,"mqtt_connect_ms":176,"mqtt_attempts":1,"pub_drops":0,"pub_queue_hw":1,"cmd_drops":0,"pub_per_s":1,"marker_pub_drops":0,"marker_pub_hw":0,"nav":"NORMAL","mm":50,"miss_streak":0,"pwm":0,"lost_markers":0,"lost_ms":0,"motor_dir":"FWD"}
1786500701.546083112 ngr/loco/9950011/alert {"level":"CLEAR","reason":"STATUS","loco":"9950011","uptime_ms":184820,"nav":"NORMAL","moving":0,"pwm":0,"est_mm_s":138,"dir":"CCW","session_dir":"CCW","mdir":"FWD","rear":50,"front":45,"env":1500,"lc_mm":50,"last_confirmed_landmark":"","age_ms":14626,"since":0,"dead_reckoned_mm":50,"candidate_mm":-1,"viable":[],"lostm":0,"lost_ms":0,"agree":68,"disagree":0,"losts":0,"auto":0}
1786500701.731763740 ngr/loco/9950011/telem/voltage 15.10
1786500701.740419933 ngr/loco/9950011/telem/current 0.14
1786500701.743020826 ngr/loco/9950011/telem/power 2.18
1786500702.220785741 ngr/loco/9950011/state/loopstat {"loop_max_gap_ms":34,"hall_task_max_gap_ms":3,"hall_task_age_ms":1,"baseline":1901,"raw":1900,"delta":-1,"queue_drops":0,"floor_rejects":4,"queue_high_water":0,"mqtt_connect_ms":176,"mqtt_attempts":1,"pub_drops":0,"pub_queue_hw":3,"cmd_drops":0,"pub_per_s":4,"marker_pub_drops":0,"marker_pub_hw":0,"nav":"NORMAL","mm":50,"miss_streak":0,"pwm":0,"lost_markers":0,"lost_ms":0,"motor_dir":"FWD"}
1786500702.567411386 ngr/loco/9950011/alert {"level":"CLEAR","reason":"STATUS","loco":"9950011","uptime_ms":185820,"nav":"NORMAL","moving":0,"pwm":0,"est_mm_s":138,"dir":"CCW","session_dir":"CCW","mdir":"FWD","rear":50,"front":45,"env":1500,"lc_mm":50,"last_confirmed_landmark":"","age_ms":15626,"since":0,"dead_reckoned_mm":50,"candidate_mm":-1,"viable":[],"lostm":0,"lost_ms":0,"agree":68,"disagree":0,"losts":0,"auto":0}
1786500703.225118338 ngr/loco/9950011/state/loopstat {"loop_max_gap_ms":34,"hall_task_max_gap_ms":2,"hall_task_age_ms":1,"baseline":1901,"raw":1900,"delta":-1,"queue_drops":0,"floor_rejects":4,"queue_high_water":0,"mqtt_connect_ms":176,"mqtt_attempts":1,"pub_drops":0,"pub_queue_hw":1,"cmd_drops":0,"pub_per_s":1,"marker_pub_drops":0,"marker_pub_hw":0,"nav":"NORMAL","mm":50,"miss_streak":0,"pwm":0,"lost_markers":0,"lost_ms":0,"motor_dir":"FWD"}
1786500703.553191964 ngr/loco/9950011/alert {"level":"CLEAR","reason":"STATUS","loco":"9950011","uptime_ms":186820,"nav":"NORMAL","moving":0,"pwm":0,"est_mm_s":138,"dir":"CCW","session_dir":"CCW","mdir":"FWD","rear":50,"front":45,"env":1500,"lc_mm":50,"last_confirmed_landmark":"","age_ms":16626,"since":0,"dead_reckoned_mm":50,"candidate_mm":-1,"viable":[],"lostm":0,"lost_ms":0,"agree":68,"disagree":0,"losts":0,"auto":0}
1786500704.222556733 ngr/loco/9950011/state/loopstat {"loop_max_gap_ms":34,"hall_task_max_gap_ms":2,"hall_task_age_ms":1,"baseline":1901,"raw":1901,"delta":0,"queue_drops":0,"floor_rejects":4,"queue_high_water":0,"mqtt_connect_ms":176,"mqtt_attempts":1,"pub_drops":0,"pub_queue_hw":1,"cmd_drops":0,"pub_per_s":1,"marker_pub_drops":0,"marker_pub_hw":0,"nav":"NORMAL","mm":50,"miss_streak":0,"pwm":0,"lost_markers":0,"lost_ms":0,"motor_dir":"FWD"}
1786500704.547023517 ngr/loco/9950011/alert {"level":"CLEAR","reason":"STATUS","loco":"9950011","uptime_ms":187820,"nav":"NORMAL","moving":0,"pwm":0,"est_mm_s":138,"dir":"CCW","session_dir":"CCW","mdir":"FWD","rear":50,"front":45,"env":1500,"lc_mm":50,"last_confirmed_landmark":"","age_ms":17626,"since":0,"dead_reckoned_mm":50,"candidate_mm":-1,"viable":[],"lostm":0,"lost_ms":0,"agree":68,"disagree":0,"losts":0,"auto":0}
1786500705.223521240 ngr/loco/9950011/state/loopstat {"loop_max_gap_ms":34,"hall_task_max_gap_ms":2,"hall_task_age_ms":1,"baseline":1901,"raw":1901,"delta":0,"queue_drops":0,"floor_rejects":4,"queue_high_water":0,"mqtt_connect_ms":176,"mqtt_attempts":1,"pub_drops":0,"pub_queue_hw":1,"cmd_drops":0,"pub_per_s":1,"marker_pub_drops":0,"marker_pub_hw":0,"nav":"NORMAL","mm":50,"miss_streak":0,"pwm":0,"lost_markers":0,"lost_ms":0,"motor_dir":"FWD"}
1786500705.547672446 ngr/loco/9950011/alert {"level":"CLEAR","reason":"STATUS","loco":"9950011","uptime_ms":188820,"nav":"NORMAL","moving":0,"pwm":0,"est_mm_s":138,"dir":"CCW","session_dir":"CCW","mdir":"FWD","rear":50,"front":45,"env":1500,"lc_mm":50,"last_confirmed_landmark":"","age_ms":18626,"since":0,"dead_reckoned_mm":50,"candidate_mm":-1,"viable":[],"lostm":0,"lost_ms":0,"agree":68,"disagree":0,"losts":0,"auto":0}
1786500706.222731444 ngr/loco/9950011/state/loopstat {"loop_max_gap_ms":34,"hall_task_max_gap_ms":2,"hall_task_age_ms":1,"baseline":1901,"raw":1899,"delta":-2,"queue_drops":0,"floor_rejects":4,"queue_high_water":0,"mqtt_connect_ms":176,"mqtt_attempts":1,"pub_drops":0,"pub_queue_hw":1,"cmd_drops":0,"pub_per_s":1,"marker_pub_drops":0,"marker_pub_hw":0,"nav":"NORMAL","mm":50,"miss_streak":0,"pwm":0,"lost_markers":0,"lost_ms":0,"motor_dir":"FWD"}
1786500706.568617817 ngr/loco/9950011/alert {"level":"CLEAR","reason":"STATUS","loco":"9950011","uptime_ms":189820,"nav":"NORMAL","moving":0,"pwm":0,"est_mm_s":138,"dir":"CCW","session_dir":"CCW","mdir":"FWD","rear":50,"front":45,"env":1500,"lc_mm":50,"last_confirmed_landmark":"","age_ms":19626,"since":0,"dead_reckoned_mm":50,"candidate_mm":-1,"viable":[],"lostm":0,"lost_ms":0,"agree":68,"disagree":0,"losts":0,"auto":0}
1786500706.732287751 ngr/loco/9950011/telem/voltage 15.11
1786500706.748448659 ngr/loco/9950011/telem/current 0.18
1786500706.751588519 ngr/loco/9950011/telem/power 2.76
1786500707.226473843 ngr/loco/9950011/state/loopstat {"loop_max_gap_ms":34,"hall_task_max_gap_ms":2,"hall_task_age_ms":1,"baseline":1901,"raw":1901,"delta":0,"queue_drops":0,"floor_rejects":4,"queue_high_water":0,"mqtt_connect_ms":176,"mqtt_attempts":1,"pub_drops":0,"pub_queue_hw":3,"cmd_drops":0,"pub_per_s":4,"marker_pub_drops":0,"marker_pub_hw":0,"nav":"NORMAL","mm":50,"miss_streak":0,"pwm":0,"lost_markers":0,"lost_ms":0,"motor_dir":"FWD"}
1786500707.554525770 ngr/loco/9950011/alert {"level":"CLEAR","reason":"STATUS","loco":"9950011","uptime_ms":190820,"nav":"NORMAL","moving":0,"pwm":0,"est_mm_s":138,"dir":"CCW","session_dir":"CCW","mdir":"FWD","rear":50,"front":45,"env":1500,"lc_mm":50,"last_confirmed_landmark":"","age_ms":20626,"since":0,"dead_reckoned_mm":50,"candidate_mm":-1,"viable":[],"lostm":0,"lost_ms":0,"agree":68,"disagree":0,"losts":0,"auto":0}
1786500708.234266918 ngr/loco/9950011/state/loopstat {"loop_max_gap_ms":34,"hall_task_max_gap_ms":2,"hall_task_age_ms":1,"baseline":1901,"raw":1902,"delta":1,"queue_drops":0,"floor_rejects":4,"queue_high_water":0,"mqtt_connect_ms":176,"mqtt_attempts":1,"pub_drops":0,"pub_queue_hw":1,"cmd_drops":0,"pub_per_s":1,"marker_pub_drops":0,"marker_pub_hw":0,"nav":"NORMAL","mm":50,"miss_streak":0,"pwm":0,"lost_markers":0,"lost_ms":0,"motor_dir":"FWD"}
1786500708.549620255 ngr/loco/9950011/alert {"level":"CLEAR","reason":"STATUS","loco":"9950011","uptime_ms":191820,"nav":"NORMAL","moving":0,"pwm":0,"est_mm_s":138,"dir":"CCW","session_dir":"CCW","mdir":"FWD","rear":50,"front":45,"env":1500,"lc_mm":50,"last_confirmed_landmark":"","age_ms":21626,"since":0,"dead_reckoned_mm":50,"candidate_mm":-1,"viable":[],"lostm":0,"lost_ms":0,"agree":68,"disagree":0,"losts":0,"auto":0}
1786500709.222267739 ngr/loco/9950011/state/loopstat {"loop_max_gap_ms":33,"hall_task_max_gap_ms":2,"hall_task_age_ms":1,"baseline":1901,"raw":1901,"delta":0,"queue_drops":0,"floor_rejects":4,"queue_high_water":0,"mqtt_connect_ms":176,"mqtt_attempts":1,"pub_drops":0,"pub_queue_hw":1,"cmd_drops":0,"pub_per_s":1,"marker_pub_drops":0,"marker_pub_hw":0,"nav":"NORMAL","mm":50,"miss_streak":0,"pwm":0,"lost_markers":0,"lost_ms":0,"motor_dir":"FWD"}
1786500709.551204114 ngr/loco/9950011/alert {"level":"CLEAR","reason":"STATUS","loco":"9950011","uptime_ms":192820,"nav":"NORMAL","moving":0,"pwm":0,"est_mm_s":138,"dir":"CCW","session_dir":"CCW","mdir":"FWD","rear":50,"front":45,"env":1500,"lc_mm":50,"last_confirmed_landmark":"","age_ms":22626,"since":0,"dead_reckoned_mm":50,"candidate_mm":-1,"viable":[],"lostm":0,"lost_ms":0,"agree":68,"disagree":0,"losts":0,"auto":0}
1786500710.226891732 ngr/loco/9950011/state/loopstat {"loop_max_gap_ms":34,"hall_task_max_gap_ms":2,"hall_task_age_ms":1,"baseline":1901,"raw":1902,"delta":1,"queue_drops":0,"floor_rejects":4,"queue_high_water":0,"mqtt_connect_ms":176,"mqtt_attempts":1,"pub_drops":0,"pub_queue_hw":1,"cmd_drops":0,"pub_per_s":1,"marker_pub_drops":0,"marker_pub_hw":0,"nav":"NORMAL","mm":50,"miss_streak":0,"pwm":0,"lost_markers":0,"lost_ms":0,"motor_dir":"FWD"}
1786500710.563788682 ngr/loco/9950011/alert {"level":"CLEAR","reason":"STATUS","loco":"9950011","uptime_ms":193820,"nav":"NORMAL","moving":0,"pwm":0,"est_mm_s":138,"dir":"CCW","session_dir":"CCW","mdir":"FWD","rear":50,"front":45,"env":1500,"lc_mm":50,"last_confirmed_landmark":"","age_ms":23626,"since":0,"dead_reckoned_mm":50,"candidate_mm":-1,"viable":[],"lostm":0,"lost_ms":0,"agree":68,"disagree":0,"losts":0,"auto":0}
1786500711.221648798 ngr/loco/9950011/state/loopstat {"loop_max_gap_ms":34,"hall_task_max_gap_ms":2,"hall_task_age_ms":1,"baseline":1901,"raw":1901,"delta":0,"queue_drops":0,"floor_rejects":4,"queue_high_water":0,"mqtt_connect_ms":176,"mqtt_attempts":1,"pub_drops":0,"pub_queue_hw":1,"cmd_drops":0,"pub_per_s":1,"marker_pub_drops":0,"marker_pub_hw":0,"nav":"NORMAL","mm":50,"miss_streak":0,"pwm":0,"lost_markers":0,"lost_ms":0,"motor_dir":"FWD"}
1786500711.566516026 ngr/loco/9950011/alert {"level":"CLEAR","reason":"STATUS","loco":"9950011","uptime_ms":194820,"nav":"NORMAL","moving":0,"pwm":0,"est_mm_s":138,"dir":"CCW","session_dir":"CCW","mdir":"FWD","rear":50,"front":45,"env":1500,"lc_mm":50,"last_confirmed_landmark":"","age_ms":24626,"since":0,"dead_reckoned_mm":50,"candidate_mm":-1,"viable":[],"lostm":0,"lost_ms":0,"agree":68,"disagree":0,"losts":0,"auto":0}
1786500711.732225307 ngr/loco/9950011/telem/voltage 15.10
1786500711.755624733 ngr/loco/9950011/telem/current 0.19
1786500711.762756774 ngr/loco/9950011/telem/power 2.80
1786500712.222483191 ngr/loco/9950011/state/loopstat {"loop_max_gap_ms":34,"hall_task_max_gap_ms":2,"hall_task_age_ms":1,"baseline":1901,"raw":1902,"delta":1,"queue_drops":0,"floor_rejects":4,"queue_high_water":0,"mqtt_connect_ms":176,"mqtt_attempts":1,"pub_drops":0,"pub_queue_hw":3,"cmd_drops":0,"pub_per_s":4,"marker_pub_drops":0,"marker_pub_hw":0,"nav":"NORMAL","mm":50,"miss_streak":0,"pwm":0,"lost_markers":0,"lost_ms":0,"motor_dir":"FWD"}
1786500712.547945146 ngr/loco/9950011/alert {"level":"CLEAR","reason":"STATUS","loco":"9950011","uptime_ms":195820,"nav":"NORMAL","moving":0,"pwm":0,"est_mm_s":138,"dir":"CCW","session_dir":"CCW","mdir":"FWD","rear":50,"front":45,"env":1500,"lc_mm":50,"last_confirmed_landmark":"","age_ms":25626,"since":0,"dead_reckoned_mm":50,"candidate_mm":-1,"viable":[],"lostm":0,"lost_ms":0,"agree":68,"disagree":0,"losts":0,"auto":0}
1786500713.280006360 ngr/loco/9950011/state/loopstat {"loop_max_gap_ms":33,"hall_task_max_gap_ms":2,"hall_task_age_ms":1,"baseline":1901,"raw":1899,"delta":-2,"queue_drops":0,"floor_rejects":4,"queue_high_water":0,"mqtt_connect_ms":176,"mqtt_attempts":1,"pub_drops":0,"pub_queue_hw":1,"cmd_drops":0,"pub_per_s":1,"marker_pub_drops":0,"marker_pub_hw":0,"nav":"NORMAL","mm":50,"miss_streak":0,"pwm":0,"lost_markers":0,"lost_ms":0,"motor_dir":"FWD"}
1786500713.615809075 ngr/loco/9950011/alert {"level":"CLEAR","reason":"STATUS","loco":"9950011","uptime_ms":196820,"nav":"NORMAL","moving":0,"pwm":0,"est_mm_s":138,"dir":"CCW","session_dir":"CCW","mdir":"FWD","rear":50,"front":45,"env":1500,"lc_mm":50,"last_confirmed_landmark":"","age_ms":26626,"since":0,"dead_reckoned_mm":50,"candidate_mm":-1,"viable":[],"lostm":0,"lost_ms":0,"agree":68,"disagree":0,"losts":0,"auto":0}
1786500714.276861140 ngr/loco/9950011/state/loopstat {"loop_max_gap_ms":33,"hall_task_max_gap_ms":2,"hall_task_age_ms":1,"baseline":1901,"raw":1901,"delta":0,"queue_drops":0,"floor_rejects":4,"queue_high_water":0,"mqtt_connect_ms":176,"mqtt_attempts":1,"pub_drops":0,"pub_queue_hw":1,"cmd_drops":0,"pub_per_s":1,"marker_pub_drops":0,"marker_pub_hw":0,"nav":"NORMAL","mm":50,"miss_streak":0,"pwm":0,"lost_markers":0,"lost_ms":0,"motor_dir":"FWD"}
1786500714.603453089 ngr/loco/9950011/alert {"level":"CLEAR","reason":"STATUS","loco":"9950011","uptime_ms":197820,"nav":"NORMAL","moving":0,"pwm":0,"est_mm_s":138,"dir":"CCW","session_dir":"CCW","mdir":"FWD","rear":50,"front":45,"env":1500,"lc_mm":50,"last_confirmed_landmark":"","age_ms":27626,"since":0,"dead_reckoned_mm":50,"candidate_mm":-1,"viable":[],"lostm":0,"lost_ms":0,"agree":68,"disagree":0,"losts":0,"auto":0}
1786500715.247622748 ngr/loco/9950011/state/loopstat {"loop_max_gap_ms":34,"hall_task_max_gap_ms":2,"hall_task_age_ms":1,"baseline":1901,"raw":1898,"delta":-3,"queue_drops":0,"floor_rejects":4,"queue_high_water":0,"mqtt_connect_ms":176,"mqtt_attempts":1,"pub_drops":0,"pub_queue_hw":1,"cmd_drops":0,"pub_per_s":1,"marker_pub_drops":0,"marker_pub_hw":0,"nav":"NORMAL","mm":50,"miss_streak":0,"pwm":0,"lost_markers":0,"lost_ms":0,"motor_dir":"FWD"}
1786500715.581290201 ngr/loco/9950011/alert {"level":"CLEAR","reason":"STATUS","loco":"9950011","uptime_ms":198820,"nav":"NORMAL","moving":0,"pwm":0,"est_mm_s":138,"dir":"CCW","session_dir":"CCW","mdir":"FWD","rear":50,"front":45,"env":1500,"lc_mm":50,"last_confirmed_landmark":"","age_ms":28626,"since":0,"dead_reckoned_mm":50,"candidate_mm":-1,"viable":[],"lostm":0,"lost_ms":0,"agree":68,"disagree":0,"losts":0,"auto":0}
1786500716.221202442 ngr/loco/9950011/state/loopstat {"loop_max_gap_ms":34,"hall_task_max_gap_ms":2,"hall_task_age_ms":1,"baseline":1901,"raw":1899,"delta":-2,"queue_drops":0,"floor_rejects":4,"queue_high_water":0,"mqtt_connect_ms":176,"mqtt_attempts":1,"pub_drops":0,"pub_queue_hw":1,"cmd_drops":0,"pub_per_s":1,"marker_pub_drops":0,"marker_pub_hw":0,"nav":"NORMAL","mm":50,"miss_streak":0,"pwm":0,"lost_markers":0,"lost_ms":0,"motor_dir":"FWD"}
1786500716.545017083 ngr/loco/9950011/alert {"level":"CLEAR","reason":"STATUS","loco":"9950011","uptime_ms":199820,"nav":"NORMAL","moving":0,"pwm":0,"est_mm_s":138,"dir":"CCW","session_dir":"CCW","mdir":"FWD","rear":50,"front":45,"env":1500,"lc_mm":50,"last_confirmed_landmark":"","age_ms":29626,"since":0,"dead_reckoned_mm":50,"candidate_mm":-1,"viable":[],"lostm":0,"lost_ms":0,"agree":68,"disagree":0,"losts":0,"auto":0}
1786500716.768462450 ngr/loco/9950011/telem/voltage 15.11
1786500716.778476209 ngr/loco/9950011/telem/current 0.18
1786500716.780133597 ngr/loco/9950011/telem/power 2.81
1786500717.247783112 ngr/loco/9950011/state/loopstat {"loop_max_gap_ms":34,"hall_task_max_gap_ms":2,"hall_task_age_ms":1,"baseline":1901,"raw":1900,"delta":-1,"queue_drops":0,"floor_rejects":4,"queue_high_water":0,"mqtt_connect_ms":176,"mqtt_attempts":1,"pub_drops":0,"pub_queue_hw":3,"cmd_drops":0,"pub_per_s":4,"marker_pub_drops":0,"marker_pub_hw":0,"nav":"NORMAL","mm":50,"miss_streak":0,"pwm":0,"lost_markers":0,"lost_ms":0,"motor_dir":"FWD"}
1786500717.579919854 ngr/loco/9950011/alert {"level":"CLEAR","reason":"STATUS","loco":"9950011","uptime_ms":200820,"nav":"NORMAL","moving":0,"pwm":0,"est_mm_s":138,"dir":"CCW","session_dir":"CCW","mdir":"FWD","rear":50,"front":45,"env":1500,"lc_mm":50,"last_confirmed_landmark":"","age_ms":30626,"since":0,"dead_reckoned_mm":50,"candidate_mm":-1,"viable":[],"lostm":0,"lost_ms":0,"agree":68,"disagree":0,"losts":0,"auto":0}
1786500718.219988932 ngr/loco/9950011/state/loopstat {"loop_max_gap_ms":34,"hall_task_max_gap_ms":2,"hall_task_age_ms":1,"baseline":1901,"raw":1901,"delta":0,"queue_drops":0,"floor_rejects":4,"queue_high_water":0,"mqtt_connect_ms":176,"mqtt_attempts":1,"pub_drops":0,"pub_queue_hw":1,"cmd_drops":0,"pub_per_s":1,"marker_pub_drops":0,"marker_pub_hw":0,"nav":"NORMAL","mm":50,"miss_streak":0,"pwm":0,"lost_markers":0,"lost_ms":0,"motor_dir":"FWD"}
1786500718.584138105 ngr/loco/9950011/alert {"level":"CLEAR","reason":"STATUS","loco":"9950011","uptime_ms":201820,"nav":"NORMAL","moving":0,"pwm":0,"est_mm_s":138,"dir":"CCW","session_dir":"CCW","mdir":"FWD","rear":50,"front":45,"env":1500,"lc_mm":50,"last_confirmed_landmark":"","age_ms":31626,"since":0,"dead_reckoned_mm":50,"candidate_mm":-1,"viable":[],"lostm":0,"lost_ms":0,"agree":68,"disagree":0,"losts":0,"auto":0}
1786500719.223965596 ngr/loco/9950011/state/loopstat {"loop_max_gap_ms":34,"hall_task_max_gap_ms":2,"hall_task_age_ms":1,"baseline":1901,"raw":1900,"delta":-1,"queue_drops":0,"floor_rejects":4,"queue_high_water":0,"mqtt_connect_ms":176,"mqtt_attempts":1,"pub_drops":0,"pub_queue_hw":1,"cmd_drops":0,"pub_per_s":1,"marker_pub_drops":0,"marker_pub_hw":0,"nav":"NORMAL","mm":50,"miss_streak":0,"pwm":0,"lost_markers":0,"lost_ms":0,"motor_dir":"FWD"}
1786500719.561412140 ngr/loco/9950011/alert {"level":"CLEAR","reason":"STATUS","loco":"9950011","uptime_ms":202820,"nav":"NORMAL","moving":0,"pwm":0,"est_mm_s":138,"dir":"CCW","session_dir":"CCW","mdir":"FWD","rear":50,"front":45,"env":1500,"lc_mm":50,"last_confirmed_landmark":"","age_ms":32626,"since":0,"dead_reckoned_mm":50,"candidate_mm":-1,"viable":[],"lostm":0,"lost_ms":0,"agree":68,"disagree":0,"losts":0,"auto":0}
1786500720.222117936 ngr/loco/9950011/state/loopstat {"loop_max_gap_ms":33,"hall_task_max_gap_ms":2,"hall_task_age_ms":1,"baseline":1901,"raw":1900,"delta":-1,"queue_drops":0,"floor_rejects":4,"queue_high_water":0,"mqtt_connect_ms":176,"mqtt_attempts":1,"pub_drops":0,"pub_queue_hw":1,"cmd_drops":0,"pub_per_s":1,"marker_pub_drops":0,"marker_pub_hw":0,"nav":"NORMAL","mm":50,"miss_streak":0,"pwm":0,"lost_markers":0,"lost_ms":0,"motor_dir":"FWD"}
1786500720.546031745 ngr/loco/9950011/alert {"level":"CLEAR","reason":"STATUS","loco":"9950011","uptime_ms":203820,"nav":"NORMAL","moving":0,"pwm":0,"est_mm_s":138,"dir":"CCW","session_dir":"CCW","mdir":"FWD","rear":50,"front":45,"env":1500,"lc_mm":50,"last_confirmed_landmark":"","age_ms":33626,"since":0,"dead_reckoned_mm":50,"candidate_mm":-1,"viable":[],"lostm":0,"lost_ms":0,"agree":68,"disagree":0,"losts":0,"auto":0}
1786500721.229337271 ngr/loco/9950011/state/loopstat {"loop_max_gap_ms":34,"hall_task_max_gap_ms":2,"hall_task_age_ms":1,"baseline":1901,"raw":1901,"delta":0,"queue_drops":0,"floor_rejects":4,"queue_high_water":0,"mqtt_connect_ms":176,"mqtt_attempts":1,"pub_drops":0,"pub_queue_hw":1,"cmd_drops":0,"pub_per_s":1,"marker_pub_drops":0,"marker_pub_hw":0,"nav":"NORMAL","mm":50,"miss_streak":0,"pwm":0,"lost_markers":0,"lost_ms":0,"motor_dir":"FWD"}
1786500721.551492569 ngr/loco/9950011/alert {"level":"CLEAR","reason":"STATUS","loco":"9950011","uptime_ms":204820,"nav":"NORMAL","moving":0,"pwm":0,"est_mm_s":138,"dir":"CCW","session_dir":"CCW","mdir":"FWD","rear":50,"front":45,"env":1500,"lc_mm":50,"last_confirmed_landmark":"","age_ms":34626,"since":0,"dead_reckoned_mm":50,"candidate_mm":-1,"viable":[],"lostm":0,"lost_ms":0,"agree":68,"disagree":0,"losts":0,"auto":0}
1786500721.737031351 ngr/loco/9950011/telem/voltage 15.11
1786500721.750045945 ngr/loco/9950011/telem/current 0.19
1786500721.752344900 ngr/loco/9950011/telem/power 2.81
1786500722.251932953 ngr/loco/9950011/state/loopstat {"loop_max_gap_ms":34,"hall_task_max_gap_ms":2,"hall_task_age_ms":1,"baseline":1901,"raw":1898,"delta":-3,"queue_drops":0,"floor_rejects":4,"queue_high_water":0,"mqtt_connect_ms":176,"mqtt_attempts":1,"pub_drops":0,"pub_queue_hw":3,"cmd_drops":0,"pub_per_s":4,"marker_pub_drops":0,"marker_pub_hw":0,"nav":"NORMAL","mm":50,"miss_streak":0,"pwm":0,"lost_markers":0,"lost_ms":0,"motor_dir":"FWD"}
1786500722.553234608 ngr/loco/9950011/alert {"level":"CLEAR","reason":"STATUS","loco":"9950011","uptime_ms":205820,"nav":"NORMAL","moving":0,"pwm":0,"est_mm_s":138,"dir":"CCW","session_dir":"CCW","mdir":"FWD","rear":50,"front":45,"env":1500,"lc_mm":50,"last_confirmed_landmark":"","age_ms":35626,"since":0,"dead_reckoned_mm":50,"candidate_mm":-1,"viable":[],"lostm":0,"lost_ms":0,"agree":68,"disagree":0,"losts":0,"auto":0}
1786500723.236403579 ngr/loco/9950011/state/loopstat {"loop_max_gap_ms":34,"hall_task_max_gap_ms":2,"hall_task_age_ms":1,"baseline":1901,"raw":1901,"delta":0,"queue_drops":0,"floor_rejects":4,"queue_high_water":0,"mqtt_connect_ms":176,"mqtt_attempts":1,"pub_drops":0,"pub_queue_hw":1,"cmd_drops":0,"pub_per_s":1,"marker_pub_drops":0,"marker_pub_hw":0,"nav":"NORMAL","mm":50,"miss_streak":0,"pwm":0,"lost_markers":0,"lost_ms":0,"motor_dir":"FWD"}
1786500723.559244367 ngr/loco/9950011/alert {"level":"CLEAR","reason":"STATUS","loco":"9950011","uptime_ms":206820,"nav":"NORMAL","moving":0,"pwm":0,"est_mm_s":138,"dir":"CCW","session_dir":"CCW","mdir":"FWD","rear":50,"front":45,"env":1500,"lc_mm":50,"last_confirmed_landmark":"","age_ms":36626,"since":0,"dead_reckoned_mm":50,"candidate_mm":-1,"viable":[],"lostm":0,"lost_ms":0,"agree":68,"disagree":0,"losts":0,"auto":0}
1786500724.224590905 ngr/loco/9950011/state/loopstat {"loop_max_gap_ms":33,"hall_task_max_gap_ms":2,"hall_task_age_ms":1,"baseline":1901,"raw":1901,"delta":0,"queue_drops":0,"floor_rejects":4,"queue_high_water":0,"mqtt_connect_ms":176,"mqtt_attempts":1,"pub_drops":0,"pub_queue_hw":1,"cmd_drops":0,"pub_per_s":1,"marker_pub_drops":0,"marker_pub_hw":0,"nav":"NORMAL","mm":50,"miss_streak":0,"pwm":0,"lost_markers":0,"lost_ms":0,"motor_dir":"FWD"}
1786500724.553139128 ngr/loco/9950011/alert {"level":"CLEAR","reason":"STATUS","loco":"9950011","uptime_ms":207820,"nav":"NORMAL","moving":0,"pwm":0,"est_mm_s":138,"dir":"CCW","session_dir":"CCW","mdir":"FWD","rear":50,"front":45,"env":1500,"lc_mm":50,"last_confirmed_landmark":"","age_ms":37626,"since":0,"dead_reckoned_mm":50,"candidate_mm":-1,"viable":[],"lostm":0,"lost_ms":0,"agree":68,"disagree":0,"losts":0,"auto":0}
1786500725.219776074 ngr/loco/9950011/state/loopstat {"loop_max_gap_ms":34,"hall_task_max_gap_ms":2,"hall_task_age_ms":1,"baseline":1901,"raw":1900,"delta":-1,"queue_drops":0,"floor_rejects":4,"queue_high_water":0,"mqtt_connect_ms":176,"mqtt_attempts":1,"pub_drops":0,"pub_queue_hw":1,"cmd_drops":0,"pub_per_s":1,"marker_pub_drops":0,"marker_pub_hw":0,"nav":"NORMAL","mm":50,"miss_streak":0,"pwm":0,"lost_markers":0,"lost_ms":0,"motor_dir":"FWD"}
1786500725.549031755 ngr/loco/9950011/alert {"level":"CLEAR","reason":"STATUS","loco":"9950011","uptime_ms":208820,"nav":"NORMAL","moving":0,"pwm":0,"est_mm_s":138,"dir":"CCW","session_dir":"CCW","mdir":"FWD","rear":50,"front":45,"env":1500,"lc_mm":50,"last_confirmed_landmark":"","age_ms":38626,"since":0,"dead_reckoned_mm":50,"candidate_mm":-1,"viable":[],"lostm":0,"lost_ms":0,"agree":68,"disagree":0,"losts":0,"auto":0}
1786500726.221132149 ngr/loco/9950011/state/loopstat {"loop_max_gap_ms":34,"hall_task_max_gap_ms":2,"hall_task_age_ms":1,"baseline":1901,"raw":1901,"delta":0,"queue_drops":0,"floor_rejects":4,"queue_high_water":0,"mqtt_connect_ms":176,"mqtt_attempts":1,"pub_drops":0,"pub_queue_hw":1,"cmd_drops":0,"pub_per_s":1,"marker_pub_drops":0,"marker_pub_hw":0,"nav":"NORMAL","mm":50,"miss_streak":0,"pwm":0,"lost_markers":0,"lost_ms":0,"motor_dir":"FWD"}
1786500726.552976489 ngr/loco/9950011/alert {"level":"CLEAR","reason":"STATUS","loco":"9950011","uptime_ms":209820,"nav":"NORMAL","moving":0,"pwm":0,"est_mm_s":138,"dir":"CCW","session_dir":"CCW","mdir":"FWD","rear":50,"front":45,"env":1500,"lc_mm":50,"last_confirmed_landmark":"","age_ms":39626,"since":0,"dead_reckoned_mm":50,"candidate_mm":-1,"viable":[],"lostm":0,"lost_ms":0,"agree":68,"disagree":0,"losts":0,"auto":0}
1786500726.733283331 ngr/loco/9950011/telem/voltage 15.11
1786500726.744466203 ngr/loco/9950011/telem/current 0.18
1786500726.746727839 ngr/loco/9950011/telem/power 2.74
1786500727.278395886 ngr/loco/9950011/state/loopstat {"loop_max_gap_ms":34,"hall_task_max_gap_ms":2,"hall_task_age_ms":1,"baseline":1901,"raw":1899,"delta":-2,"queue_drops":0,"floor_rejects":4,"queue_high_water":0,"mqtt_connect_ms":176,"mqtt_attempts":1,"pub_drops":0,"pub_queue_hw":3,"cmd_drops":0,"pub_per_s":4,"marker_pub_drops":0,"marker_pub_hw":0,"nav":"NORMAL","mm":50,"miss_streak":0,"pwm":0,"lost_markers":0,"lost_ms":0,"motor_dir":"FWD"}
1786500727.593578361 ngr/loco/9950011/alert {"level":"CLEAR","reason":"STATUS","loco":"9950011","uptime_ms":210820,"nav":"NORMAL","moving":0,"pwm":0,"est_mm_s":138,"dir":"CCW","session_dir":"CCW","mdir":"FWD","rear":50,"front":45,"env":1500,"lc_mm":50,"last_confirmed_landmark":"","age_ms":40626,"since":0,"dead_reckoned_mm":50,"candidate_mm":-1,"viable":[],"lostm":0,"lost_ms":0,"agree":68,"disagree":0,"losts":0,"auto":0}
1786500728.225208993 ngr/loco/9950011/state/loopstat {"loop_max_gap_ms":33,"hall_task_max_gap_ms":2,"hall_task_age_ms":1,"baseline":1901,"raw":1900,"delta":-1,"queue_drops":0,"floor_rejects":4,"queue_high_water":0,"mqtt_connect_ms":176,"mqtt_attempts":1,"pub_drops":0,"pub_queue_hw":1,"cmd_drops":0,"pub_per_s":1,"marker_pub_drops":0,"marker_pub_hw":0,"nav":"NORMAL","mm":50,"miss_streak":0,"pwm":0,"lost_markers":0,"lost_ms":0,"motor_dir":"FWD"}
1786500728.549950011 ngr/loco/9950011/alert {"level":"CLEAR","reason":"STATUS","loco":"9950011","uptime_ms":211820,"nav":"NORMAL","moving":0,"pwm":0,"est_mm_s":138,"dir":"CCW","session_dir":"CCW","mdir":"FWD","rear":50,"front":45,"env":1500,"lc_mm":50,"last_confirmed_landmark":"","age_ms":41626,"since":0,"dead_reckoned_mm":50,"candidate_mm":-1,"viable":[],"lostm":0,"lost_ms":0,"agree":68,"disagree":0,"losts":0,"auto":0}
1786500729.235074345 ngr/loco/9950011/state/loopstat {"loop_max_gap_ms":34,"hall_task_max_gap_ms":2,"hall_task_age_ms":1,"baseline":1901,"raw":1899,"delta":-2,"queue_drops":0,"floor_rejects":4,"queue_high_water":0,"mqtt_connect_ms":176,"mqtt_attempts":1,"pub_drops":0,"pub_queue_hw":1,"cmd_drops":0,"pub_per_s":1,"marker_pub_drops":0,"marker_pub_hw":0,"nav":"NORMAL","mm":50,"miss_streak":0,"pwm":0,"lost_markers":0,"lost_ms":0,"motor_dir":"FWD"}
1786500729.557490852 ngr/loco/9950011/alert {"level":"CLEAR","reason":"STATUS","loco":"9950011","uptime_ms":212820,"nav":"NORMAL","moving":0,"pwm":0,"est_mm_s":138,"dir":"CCW","session_dir":"CCW","mdir":"FWD","rear":50,"front":45,"env":1500,"lc_mm":50,"last_confirmed_landmark":"","age_ms":42626,"since":0,"dead_reckoned_mm":50,"candidate_mm":-1,"viable":[],"lostm":0,"lost_ms":0,"agree":68,"disagree":0,"losts":0,"auto":0}
1786500730.224223509 ngr/loco/9950011/state/loopstat {"loop_max_gap_ms":34,"hall_task_max_gap_ms":2,"hall_task_age_ms":1,"baseline":1901,"raw":1899,"delta":-2,"queue_drops":0,"floor_rejects":4,"queue_high_water":0,"mqtt_connect_ms":176,"mqtt_attempts":1,"pub_drops":0,"pub_queue_hw":1,"cmd_drops":0,"pub_per_s":1,"marker_pub_drops":0,"marker_pub_hw":0,"nav":"NORMAL","mm":50,"miss_streak":0,"pwm":0,"lost_markers":0,"lost_ms":0,"motor_dir":"FWD"}
1786500730.554294561 ngr/loco/9950011/alert {"level":"CLEAR","reason":"STATUS","loco":"9950011","uptime_ms":213820,"nav":"NORMAL","moving":0,"pwm":0,"est_mm_s":138,"dir":"CCW","session_dir":"CCW","mdir":"FWD","rear":50,"front":45,"env":1500,"lc_mm":50,"last_confirmed_landmark":"","age_ms":43626,"since":0,"dead_reckoned_mm":50,"candidate_mm":-1,"viable":[],"lostm":0,"lost_ms":0,"agree":68,"disagree":0,"losts":0,"auto":0}
1786500731.241376686 ngr/loco/9950011/state/loopstat {"loop_max_gap_ms":34,"hall_task_max_gap_ms":2,"hall_task_age_ms":1,"baseline":1901,"raw":1903,"delta":2,"queue_drops":0,"floor_rejects":4,"queue_high_water":0,"mqtt_connect_ms":176,"mqtt_attempts":1,"pub_drops":0,"pub_queue_hw":1,"cmd_drops":0,"pub_per_s":1,"marker_pub_drops":0,"marker_pub_hw":0,"nav":"NORMAL","mm":50,"miss_streak":0,"pwm":0,"lost_markers":0,"lost_ms":0,"motor_dir":"FWD"}
1786500731.561555453 ngr/loco/9950011/alert {"level":"CLEAR","reason":"STATUS","loco":"9950011","uptime_ms":214820,"nav":"NORMAL","moving":0,"pwm":0,"est_mm_s":138,"dir":"CCW","session_dir":"CCW","mdir":"FWD","rear":50,"front":45,"env":1500,"lc_mm":50,"last_confirmed_landmark":"","age_ms":44626,"since":0,"dead_reckoned_mm":50,"candidate_mm":-1,"viable":[],"lostm":0,"lost_ms":0,"agree":68,"disagree":0,"losts":0,"auto":0}
1786500731.741033556 ngr/loco/9950011/telem/voltage 15.10
1786500731.752583931 ngr/loco/9950011/telem/current 0.18
1786500731.754477408 ngr/loco/9950011/telem/power 2.76
1786500732.227263854 ngr/loco/9950011/state/loopstat {"loop_max_gap_ms":34,"hall_task_max_gap_ms":2,"hall_task_age_ms":1,"baseline":1901,"raw":1901,"delta":0,"queue_drops":0,"floor_rejects":4,"queue_high_water":0,"mqtt_connect_ms":176,"mqtt_attempts":1,"pub_drops":0,"pub_queue_hw":3,"cmd_drops":0,"pub_per_s":4,"marker_pub_drops":0,"marker_pub_hw":0,"nav":"NORMAL","mm":50,"miss_streak":0,"pwm":0,"lost_markers":0,"lost_ms":0,"motor_dir":"FWD"}
1786500732.553550700 ngr/loco/9950011/alert {"level":"CLEAR","reason":"STATUS","loco":"9950011","uptime_ms":215820,"nav":"NORMAL","moving":0,"pwm":0,"est_mm_s":138,"dir":"CCW","session_dir":"CCW","mdir":"FWD","rear":50,"front":45,"env":1500,"lc_mm":50,"last_confirmed_landmark":"","age_ms":45626,"since":0,"dead_reckoned_mm":50,"candidate_mm":-1,"viable":[],"lostm":0,"lost_ms":0,"agree":68,"disagree":0,"losts":0,"auto":0}
1786500733.226341079 ngr/loco/9950011/state/loopstat {"loop_max_gap_ms":33,"hall_task_max_gap_ms":2,"hall_task_age_ms":1,"baseline":1901,"raw":1899,"delta":-2,"queue_drops":0,"floor_rejects":4,"queue_high_water":0,"mqtt_connect_ms":176,"mqtt_attempts":1,"pub_drops":0,"pub_queue_hw":1,"cmd_drops":0,"pub_per_s":1,"marker_pub_drops":0,"marker_pub_hw":0,"nav":"NORMAL","mm":50,"miss_streak":0,"pwm":0,"lost_markers":0,"lost_ms":0,"motor_dir":"FWD"}
1786500733.550133594 ngr/loco/9950011/alert {"level":"CLEAR","reason":"STATUS","loco":"9950011","uptime_ms":216820,"nav":"NORMAL","moving":0,"pwm":0,"est_mm_s":138,"dir":"CCW","session_dir":"CCW","mdir":"FWD","rear":50,"front":45,"env":1500,"lc_mm":50,"last_confirmed_landmark":"","age_ms":46626,"since":0,"dead_reckoned_mm":50,"candidate_mm":-1,"viable":[],"lostm":0,"lost_ms":0,"agree":68,"disagree":0,"losts":0,"auto":0}
1786500734.223482015 ngr/loco/9950011/state/loopstat {"loop_max_gap_ms":33,"hall_task_max_gap_ms":2,"hall_task_age_ms":1,"baseline":1901,"raw":1900,"delta":-1,"queue_drops":0,"floor_rejects":4,"queue_high_water":0,"mqtt_connect_ms":176,"mqtt_attempts":1,"pub_drops":0,"pub_queue_hw":1,"cmd_drops":0,"pub_per_s":1,"marker_pub_drops":0,"marker_pub_hw":0,"nav":"NORMAL","mm":50,"miss_streak":0,"pwm":0,"lost_markers":0,"lost_ms":0,"motor_dir":"FWD"}
1786500734.551822935 ngr/loco/9950011/alert {"level":"CLEAR","reason":"STATUS","loco":"9950011","uptime_ms":217820,"nav":"NORMAL","moving":0,"pwm":0,"est_mm_s":138,"dir":"CCW","session_dir":"CCW","mdir":"FWD","rear":50,"front":45,"env":1500,"lc_mm":50,"last_confirmed_landmark":"","age_ms":47626,"since":0,"dead_reckoned_mm":50,"candidate_mm":-1,"viable":[],"lostm":0,"lost_ms":0,"agree":68,"disagree":0,"losts":0,"auto":0}
1786500735.219021787 ngr/loco/9950011/state/loopstat {"loop_max_gap_ms":33,"hall_task_max_gap_ms":2,"hall_task_age_ms":1,"baseline":1901,"raw":1900,"delta":-1,"queue_drops":0,"floor_rejects":4,"queue_high_water":0,"mqtt_connect_ms":176,"mqtt_attempts":1,"pub_drops":0,"pub_queue_hw":1,"cmd_drops":0,"pub_per_s":1,"marker_pub_drops":0,"marker_pub_hw":0,"nav":"NORMAL","mm":50,"miss_streak":0,"pwm":0,"lost_markers":0,"lost_ms":0,"motor_dir":"FWD"}
1786500735.546583193 ngr/loco/9950011/alert {"level":"CLEAR","reason":"STATUS","loco":"9950011","uptime_ms":218820,"nav":"NORMAL","moving":0,"pwm":0,"est_mm_s":138,"dir":"CCW","session_dir":"CCW","mdir":"FWD","rear":50,"front":45,"env":1500,"lc_mm":50,"last_confirmed_landmark":"","age_ms":48626,"since":0,"dead_reckoned_mm":50,"candidate_mm":-1,"viable":[],"lostm":0,"lost_ms":0,"agree":68,"disagree":0,"losts":0,"auto":0}
1786500736.224225726 ngr/loco/9950011/state/loopstat {"loop_max_gap_ms":33,"hall_task_max_gap_ms":2,"hall_task_age_ms":1,"baseline":1901,"raw":1900,"delta":-1,"queue_drops":0,"floor_rejects":4,"queue_high_water":0,"mqtt_connect_ms":176,"mqtt_attempts":1,"pub_drops":0,"pub_queue_hw":1,"cmd_drops":0,"pub_per_s":1,"marker_pub_drops":0,"marker_pub_hw":0,"nav":"NORMAL","mm":50,"miss_streak":0,"pwm":0,"lost_markers":0,"lost_ms":0,"motor_dir":"FWD"}
1786500736.550828286 ngr/loco/9950011/alert {"level":"CLEAR","reason":"STATUS","loco":"9950011","uptime_ms":219820,"nav":"NORMAL","moving":0,"pwm":0,"est_mm_s":138,"dir":"CCW","session_dir":"CCW","mdir":"FWD","rear":50,"front":45,"env":1500,"lc_mm":50,"last_confirmed_landmark":"","age_ms":49626,"since":0,"dead_reckoned_mm":50,"candidate_mm":-1,"viable":[],"lostm":0,"lost_ms":0,"agree":68,"disagree":0,"losts":0,"auto":0}
1786500736.731118761 ngr/loco/9950011/telem/voltage 15.11
1786500736.741952105 ngr/loco/9950011/telem/current 0.18
1786500736.744637824 ngr/loco/9950011/telem/power 2.75
1786500737.221035152 ngr/loco/9950011/state/loopstat {"loop_max_gap_ms":33,"hall_task_max_gap_ms":2,"hall_task_age_ms":1,"baseline":1901,"raw":1901,"delta":0,"queue_drops":0,"floor_rejects":4,"queue_high_water":0,"mqtt_connect_ms":176,"mqtt_attempts":1,"pub_drops":0,"pub_queue_hw":3,"cmd_drops":0,"pub_per_s":4,"marker_pub_drops":0,"marker_pub_hw":0,"nav":"NORMAL","mm":50,"miss_streak":0,"pwm":0,"lost_markers":0,"lost_ms":0,"motor_dir":"FWD"}
1786500737.547791730 ngr/loco/9950011/alert {"level":"CLEAR","reason":"STATUS","loco":"9950011","uptime_ms":220820,"nav":"NORMAL","moving":0,"pwm":0,"est_mm_s":138,"dir":"CCW","session_dir":"CCW","mdir":"FWD","rear":50,"front":45,"env":1500,"lc_mm":50,"last_confirmed_landmark":"","age_ms":50626,"since":0,"dead_reckoned_mm":50,"candidate_mm":-1,"viable":[],"lostm":0,"lost_ms":0,"agree":68,"disagree":0,"losts":0,"auto":0}
1786500738.244685717 ngr/loco/9950011/state/loopstat {"loop_max_gap_ms":34,"hall_task_max_gap_ms":2,"hall_task_age_ms":1,"baseline":1901,"raw":1898,"delta":-3,"queue_drops":0,"floor_rejects":4,"queue_high_water":0,"mqtt_connect_ms":176,"mqtt_attempts":1,"pub_drops":0,"pub_queue_hw":1,"cmd_drops":0,"pub_per_s":1,"marker_pub_drops":0,"marker_pub_hw":0,"nav":"NORMAL","mm":50,"miss_streak":0,"pwm":0,"lost_markers":0,"lost_ms":0,"motor_dir":"FWD"}
1786500738.574575378 ngr/loco/9950011/alert {"level":"CLEAR","reason":"STATUS","loco":"9950011","uptime_ms":221820,"nav":"NORMAL","moving":0,"pwm":0,"est_mm_s":138,"dir":"CCW","session_dir":"CCW","mdir":"FWD","rear":50,"front":45,"env":1500,"lc_mm":50,"last_confirmed_landmark":"","age_ms":51626,"since":0,"dead_reckoned_mm":50,"candidate_mm":-1,"viable":[],"lostm":0,"lost_ms":0,"agree":68,"disagree":0,"losts":0,"auto":0}
1786500739.264242662 ngr/loco/9950011/state/loopstat {"loop_max_gap_ms":34,"hall_task_max_gap_ms":2,"hall_task_age_ms":1,"baseline":1901,"raw":1901,"delta":0,"queue_drops":0,"floor_rejects":4,"queue_high_water":0,"mqtt_connect_ms":176,"mqtt_attempts":1,"pub_drops":0,"pub_queue_hw":1,"cmd_drops":0,"pub_per_s":1,"marker_pub_drops":0,"marker_pub_hw":0,"nav":"NORMAL","mm":50,"miss_streak":0,"pwm":0,"lost_markers":0,"lost_ms":0,"motor_dir":"FWD"}
1786500739.583013147 ngr/loco/9950011/alert {"level":"CLEAR","reason":"STATUS","loco":"9950011","uptime_ms":222820,"nav":"NORMAL","moving":0,"pwm":0,"est_mm_s":138,"dir":"CCW","session_dir":"CCW","mdir":"FWD","rear":50,"front":45,"env":1500,"lc_mm":50,"last_confirmed_landmark":"","age_ms":52626,"since":0,"dead_reckoned_mm":50,"candidate_mm":-1,"viable":[],"lostm":0,"lost_ms":0,"agree":68,"disagree":0,"losts":0,"auto":0}
1786500740.269416780 ngr/loco/9950011/state/loopstat {"loop_max_gap_ms":34,"hall_task_max_gap_ms":2,"hall_task_age_ms":1,"baseline":1901,"raw":1900,"delta":-1,"queue_drops":0,"floor_rejects":4,"queue_high_water":0,"mqtt_connect_ms":176,"mqtt_attempts":1,"pub_drops":0,"pub_queue_hw":1,"cmd_drops":0,"pub_per_s":1,"marker_pub_drops":0,"marker_pub_hw":0,"nav":"NORMAL","mm":50,"miss_streak":0,"pwm":0,"lost_markers":0,"lost_ms":0,"motor_dir":"FWD"}
1786500740.589814285 ngr/loco/9950011/alert {"level":"CLEAR","reason":"STATUS","loco":"9950011","uptime_ms":223820,"nav":"NORMAL","moving":0,"pwm":0,"est_mm_s":138,"dir":"CCW","session_dir":"CCW","mdir":"FWD","rear":50,"front":45,"env":1500,"lc_mm":50,"last_confirmed_landmark":"","age_ms":53626,"since":0,"dead_reckoned_mm":50,"candidate_mm":-1,"viable":[],"lostm":0,"lost_ms":0,"agree":68,"disagree":0,"losts":0,"auto":0}
1786500741.215503236 ngr/loco/9950011/state/loopstat {"loop_max_gap_ms":34,"hall_task_max_gap_ms":2,"hall_task_age_ms":1,"baseline":1901,"raw":1899,"delta":-2,"queue_drops":0,"floor_rejects":4,"queue_high_water":0,"mqtt_connect_ms":176,"mqtt_attempts":1,"pub_drops":0,"pub_queue_hw":1,"cmd_drops":0,"pub_per_s":1,"marker_pub_drops":0,"marker_pub_hw":0,"nav":"NORMAL","mm":50,"miss_streak":0,"pwm":0,"lost_markers":0,"lost_ms":0,"motor_dir":"FWD"}
1786500741.541276028 ngr/loco/9950011/alert {"level":"CLEAR","reason":"STATUS","loco":"9950011","uptime_ms":224820,"nav":"NORMAL","moving":0,"pwm":0,"est_mm_s":138,"dir":"CCW","session_dir":"CCW","mdir":"FWD","rear":50,"front":45,"env":1500,"lc_mm":50,"last_confirmed_landmark":"","age_ms":54626,"since":0,"dead_reckoned_mm":50,"candidate_mm":-1,"viable":[],"lostm":0,"lost_ms":0,"agree":68,"disagree":0,"losts":0,"auto":0}
1786500741.723172499 ngr/loco/9950011/telem/voltage 15.10
1786500741.735660912 ngr/loco/9950011/telem/current 0.18
1786500741.738415976 ngr/loco/9950011/telem/power 2.67
1786500742.222312003 ngr/loco/9950011/state/loopstat {"loop_max_gap_ms":34,"hall_task_max_gap_ms":2,"hall_task_age_ms":1,"baseline":1901,"raw":1900,"delta":-1,"queue_drops":0,"floor_rejects":4,"queue_high_water":0,"mqtt_connect_ms":176,"mqtt_attempts":1,"pub_drops":0,"pub_queue_hw":3,"cmd_drops":0,"pub_per_s":4,"marker_pub_drops":0,"marker_pub_hw":0,"nav":"NORMAL","mm":50,"miss_streak":0,"pwm":0,"lost_markers":0,"lost_ms":0,"motor_dir":"FWD"}
1786500742.543196089 ngr/loco/9950011/alert {"level":"CLEAR","reason":"STATUS","loco":"9950011","uptime_ms":225820,"nav":"NORMAL","moving":0,"pwm":0,"est_mm_s":138,"dir":"CCW","session_dir":"CCW","mdir":"FWD","rear":50,"front":45,"env":1500,"lc_mm":50,"last_confirmed_landmark":"","age_ms":55626,"since":0,"dead_reckoned_mm":50,"candidate_mm":-1,"viable":[],"lostm":0,"lost_ms":0,"agree":68,"disagree":0,"losts":0,"auto":0}
1786500743.235398135 ngr/loco/9950011/state/loopstat {"loop_max_gap_ms":34,"hall_task_max_gap_ms":2,"hall_task_age_ms":1,"baseline":1901,"raw":1901,"delta":0,"queue_drops":0,"floor_rejects":4,"queue_high_water":0,"mqtt_connect_ms":176,"mqtt_attempts":1,"pub_drops":0,"pub_queue_hw":1,"cmd_drops":0,"pub_per_s":1,"marker_pub_drops":0,"marker_pub_hw":0,"nav":"NORMAL","mm":50,"miss_streak":0,"pwm":0,"lost_markers":0,"lost_ms":0,"motor_dir":"FWD"}
1786500743.544683681 ngr/loco/9950011/alert {"level":"CLEAR","reason":"STATUS","loco":"9950011","uptime_ms":226820,"nav":"NORMAL","moving":0,"pwm":0,"est_mm_s":138,"dir":"CCW","session_dir":"CCW","mdir":"FWD","rear":50,"front":45,"env":1500,"lc_mm":50,"last_confirmed_landmark":"","age_ms":56626,"since":0,"dead_reckoned_mm":50,"candidate_mm":-1,"viable":[],"lostm":0,"lost_ms":0,"agree":68,"disagree":0,"losts":0,"auto":0}
1786500744.265172685 ngr/loco/9950011/state/loopstat {"loop_max_gap_ms":34,"hall_task_max_gap_ms":2,"hall_task_age_ms":1,"baseline":1901,"raw":1899,"delta":-2,"queue_drops":0,"floor_rejects":4,"queue_high_water":0,"mqtt_connect_ms":176,"mqtt_attempts":1,"pub_drops":0,"pub_queue_hw":1,"cmd_drops":0,"pub_per_s":1,"marker_pub_drops":0,"marker_pub_hw":0,"nav":"NORMAL","mm":50,"miss_streak":0,"pwm":0,"lost_markers":0,"lost_ms":0,"motor_dir":"FWD"}
1786500744.547479524 ngr/loco/9950011/alert {"level":"CLEAR","reason":"STATUS","loco":"9950011","uptime_ms":227820,"nav":"NORMAL","moving":0,"pwm":0,"est_mm_s":138,"dir":"CCW","session_dir":"CCW","mdir":"FWD","rear":50,"front":45,"env":1500,"lc_mm":50,"last_confirmed_landmark":"","age_ms":57626,"since":0,"dead_reckoned_mm":50,"candidate_mm":-1,"viable":[],"lostm":0,"lost_ms":0,"agree":68,"disagree":0,"losts":0,"auto":0}
1786500745.265387656 ngr/loco/9950011/state/loopstat {"loop_max_gap_ms":34,"hall_task_max_gap_ms":2,"hall_task_age_ms":1,"baseline":1901,"raw":1900,"delta":-1,"queue_drops":0,"floor_rejects":4,"queue_high_water":0,"mqtt_connect_ms":176,"mqtt_attempts":1,"pub_drops":0,"pub_queue_hw":1,"cmd_drops":0,"pub_per_s":1,"marker_pub_drops":0,"marker_pub_hw":0,"nav":"NORMAL","mm":50,"miss_streak":0,"pwm":0,"lost_markers":0,"lost_ms":0,"motor_dir":"FWD"}
1786500745.540984334 ngr/loco/9950011/alert {"level":"CLEAR","reason":"STATUS","loco":"9950011","uptime_ms":228820,"nav":"NORMAL","moving":0,"pwm":0,"est_mm_s":138,"dir":"CCW","session_dir":"CCW","mdir":"FWD","rear":50,"front":45,"env":1500,"lc_mm":50,"last_confirmed_landmark":"","age_ms":58626,"since":0,"dead_reckoned_mm":50,"candidate_mm":-1,"viable":[],"lostm":0,"lost_ms":0,"agree":68,"disagree":0,"losts":0,"auto":0}
1786500746.215961822 ngr/loco/9950011/state/loopstat {"loop_max_gap_ms":34,"hall_task_max_gap_ms":2,"hall_task_age_ms":1,"baseline":1901,"raw":1897,"delta":-4,"queue_drops":0,"floor_rejects":4,"queue_high_water":0,"mqtt_connect_ms":176,"mqtt_attempts":1,"pub_drops":0,"pub_queue_hw":1,"cmd_drops":0,"pub_per_s":1,"marker_pub_drops":0,"marker_pub_hw":0,"nav":"NORMAL","mm":50,"miss_streak":0,"pwm":0,"lost_markers":0,"lost_ms":0,"motor_dir":"FWD"}
1786500746.541020993 ngr/loco/9950011/alert {"level":"CLEAR","reason":"STATUS","loco":"9950011","uptime_ms":229820,"nav":"NORMAL","moving":0,"pwm":0,"est_mm_s":138,"dir":"CCW","session_dir":"CCW","mdir":"FWD","rear":50,"front":45,"env":1500,"lc_mm":50,"last_confirmed_landmark":"","age_ms":59626,"since":0,"dead_reckoned_mm":50,"candidate_mm":-1,"viable":[],"lostm":0,"lost_ms":0,"agree":68,"disagree":0,"losts":0,"auto":0}
1786500746.724950369 ngr/loco/9950011/telem/voltage 15.10
1786500746.731171834 ngr/loco/9950011/telem/current 0.18
1786500746.732202963 ngr/loco/9950011/telem/power 2.72
1786500747.249429576 ngr/loco/9950011/state/loopstat {"loop_max_gap_ms":34,"hall_task_max_gap_ms":2,"hall_task_age_ms":1,"baseline":1901,"raw":1900,"delta":-1,"queue_drops":0,"floor_rejects":4,"queue_high_water":0,"mqtt_connect_ms":176,"mqtt_attempts":1,"pub_drops":0,"pub_queue_hw":3,"cmd_drops":0,"pub_per_s":4,"marker_pub_drops":0,"marker_pub_hw":0,"nav":"NORMAL","mm":50,"miss_streak":0,"pwm":0,"lost_markers":0,"lost_ms":0,"motor_dir":"FWD"}
1786500747.577383317 ngr/loco/9950011/alert {"level":"CLEAR","reason":"STATUS","loco":"9950011","uptime_ms":230820,"nav":"NORMAL","moving":0,"pwm":0,"est_mm_s":138,"dir":"CCW","session_dir":"CCW","mdir":"FWD","rear":50,"front":45,"env":1500,"lc_mm":50,"last_confirmed_landmark":"","age_ms":60626,"since":0,"dead_reckoned_mm":50,"candidate_mm":-1,"viable":[],"lostm":0,"lost_ms":0,"agree":68,"disagree":0,"losts":0,"auto":0}
1786500748.271584317 ngr/loco/9950011/state/loopstat {"loop_max_gap_ms":34,"hall_task_max_gap_ms":2,"hall_task_age_ms":1,"baseline":1901,"raw":1901,"delta":0,"queue_drops":0,"floor_rejects":4,"queue_high_water":0,"mqtt_connect_ms":176,"mqtt_attempts":1,"pub_drops":0,"pub_queue_hw":1,"cmd_drops":0,"pub_per_s":1,"marker_pub_drops":0,"marker_pub_hw":0,"nav":"NORMAL","mm":50,"miss_streak":0,"pwm":0,"lost_markers":0,"lost_ms":0,"motor_dir":"FWD"}
1786500748.612224793 ngr/loco/9950011/alert {"level":"CLEAR","reason":"STATUS","loco":"9950011","uptime_ms":231820,"nav":"NORMAL","moving":0,"pwm":0,"est_mm_s":138,"dir":"CCW","session_dir":"CCW","mdir":"FWD","rear":50,"front":45,"env":1500,"lc_mm":50,"last_confirmed_landmark":"","age_ms":61626,"since":0,"dead_reckoned_mm":50,"candidate_mm":-1,"viable":[],"lostm":0,"lost_ms":0,"agree":68,"disagree":0,"losts":0,"auto":0}
1786500749.266180022 ngr/loco/9950011/state/loopstat {"loop_max_gap_ms":34,"hall_task_max_gap_ms":2,"hall_task_age_ms":1,"baseline":1901,"raw":1901,"delta":0,"queue_drops":0,"floor_rejects":4,"queue_high_water":0,"mqtt_connect_ms":176,"mqtt_attempts":1,"pub_drops":0,"pub_queue_hw":1,"cmd_drops":0,"pub_per_s":1,"marker_pub_drops":0,"marker_pub_hw":0,"nav":"NORMAL","mm":50,"miss_streak":0,"pwm":0,"lost_markers":0,"lost_ms":0,"motor_dir":"FWD"}
1786500749.600208535 ngr/loco/9950011/alert {"level":"CLEAR","reason":"STATUS","loco":"9950011","uptime_ms":232820,"nav":"NORMAL","moving":0,"pwm":0,"est_mm_s":138,"dir":"CCW","session_dir":"CCW","mdir":"FWD","rear":50,"front":45,"env":1500,"lc_mm":50,"last_confirmed_landmark":"","age_ms":62626,"since":0,"dead_reckoned_mm":50,"candidate_mm":-1,"viable":[],"lostm":0,"lost_ms":0,"agree":68,"disagree":0,"losts":0,"auto":0}
1786500750.249865485 ngr/loco/9950011/state/loopstat {"loop_max_gap_ms":34,"hall_task_max_gap_ms":2,"hall_task_age_ms":1,"baseline":1901,"raw":1901,"delta":0,"queue_drops":0,"floor_rejects":4,"queue_high_water":0,"mqtt_connect_ms":176,"mqtt_attempts":1,"pub_drops":0,"pub_queue_hw":1,"cmd_drops":0,"pub_per_s":1,"marker_pub_drops":0,"marker_pub_hw":0,"nav":"NORMAL","mm":50,"miss_streak":0,"pwm":0,"lost_markers":0,"lost_ms":0,"motor_dir":"FWD"}
