ngr/loco/9950011/state/brake 0
ngr/loco/9950011/state/start_mm 159
ngr/loco/9950011/state/must_hold_eligible 0
ngr/loco/9950011/state/bootid {"sketch":"QUORUM_1_7","loco":"9950011","deadband":25,"entry_margin":13,"min_peak":35,"floor_ms":40,"baseline":"median_128_at_500ms","quorum_trigger":3,"quorum_margin":2,"quorum_max":12}
ngr/loco/9950011/state/nav_ready 0
ngr/loco/9950011/state/throttle 0
ngr/loco/9950011/state/direction 0
ngr/loco/9950011/state/estop 0
ngr/loco/9950011/state/auto 0
ngr/loco/9950011/state/session_direction CCW
ngr/loco/9950011/state/start_interval 040-041
ngr/loco/9950011/state/lowvolt 0
ngr/loco/9950011/profile/status {"loco_id": "9950011", "service_online": true, "published_at": "2026-08-04T15:41:05.783772+00:00", "cw": {"available": true, "version": 4, "run_count": 4, "updated": "2026-07-02T05:58:25.299011+00:00", "loco_event": null, "loco_source": null, "loco_ver": null, "loco_event_ts": null}, "ccw": {"available": true, "version": 1, "run_count": 1, "updated": "2026-07-02T02:37:38.911911+00:00", "loco_event": null, "loco_source": null, "loco_ver": null, "loco_event_ts": null}}
ngr/loco/9950011/status/online 1
ngr/loco/9950011/alert {"level":"NO_QUORUM","reason":"STATUS","loco":"9950011","uptime_ms":487643,"nav":"NO_QUORUM","moving":0,"pwm":0,"est_mm_s":282,"dir":"CW","session_dir":"CCW","mdir":"REV","rear":44,"front":164,"env":52150,"lc_mm":44,"last_confirmed_landmark":"","age_ms":184507,"since":316,"dead_reckoned_mm":159,"candidate_mm":-1,"viable":[],"lostm":304,"lost_ms":182001,"agree":16,"disagree":15,"losts":2,"auto":0}
ngr/loco/9950011/online 1
ngr/loco/9950011/telem/voltage 15.25
ngr/loco/9950011/telem/current 0.18
ngr/loco/9950011/telem/power 2.75
ngr/loco/9950011/mm/no_quorum {"e":"NO_QUORUM","mm":56,"lm":"","since":12,"dir":"CW","sc":[4,4,4,4,5,4],"ex":[0,0,0,0,0,0],"ld":3,"ru":-1,"mg":1,"ev":12,"ring":[["N",45],["N",46],["N",47],["N",48],["N",49],["N",50],["N",51],["N",52],["N",53],["N",54],["N",55],["N",56]]}
ngr/loco/9950011/mm/marker {"mm":160,"landmark":"","obs":"S","peak":66,"ms":3560,"drift":4,"dt":425,"timing_gate":"LOW_PWM","dt_expected":0,"dt_conserve_ratio":-1.00,"pwm":0,"v":15.25}
ngr/loco/9950011/mm/marker {"mm":161,"landmark":"","obs":"N","peak":48,"ms":114,"drift":0,"dt":3597,"timing_gate":"LOW_PWM","dt_expected":0,"dt_conserve_ratio":-1.00,"pwm":0,"v":15.25}
ngr/loco/9950011/mm/marker {"mm":162,"landmark":"","obs":"N","peak":64,"ms":40,"drift":0,"dt":191,"timing_gate":"LOW_PWM","dt_expected":0,"dt_conserve_ratio":-1.00,"pwm":0,"v":15.25}
ngr/loco/9950011/state/start_mm 162
ngr/loco/9950011/state/loopstat {"loop_max_gap_ms":33,"hall_task_max_gap_ms":2,"hall_task_age_ms":1,"baseline":1509,"raw":1467,"delta":-42,"queue_drops":0,"floor_rejects":1065,"queue_high_water":1,"mqtt_connect_ms":89,"mqtt_attempts":1,"pub_drops":0,"pub_queue_hw":1,"cmd_drops":0,"pub_per_s":5,"marker_pub_drops":0,"marker_pub_hw":1,"nav":"NO_QUORUM","mm":162,"miss_streak":0,"pwm":0,"lost_markers":307,"lost_ms":182878,"motor_dir":"REV"}
ngr/loco/9950011/alert {"level":"NO_QUORUM","reason":"STATUS","loco":"9950011","uptime_ms":488643,"nav":"NO_QUORUM","moving":0,"pwm":0,"est_mm_s":1596,"dir":"CW","session_dir":"CCW","mdir":"REV","rear":44,"front":167,"env":52150,"lc_mm":44,"last_confirmed_landmark":"","age_ms":185507,"since":319,"dead_reckoned_mm":162,"candidate_mm":-1,"viable":[],"lostm":307,"lost_ms":183001,"agree":16,"disagree":15,"losts":2,"auto":0}
ngr/loco/9950011/mm/marker {"mm":163,"landmark":"","obs":"N","peak":40,"ms":726,"drift":0,"dt":84,"timing_gate":"LOW_PWM","dt_expected":0,"dt_conserve_ratio":-1.00,"pwm":0,"v":15.25}
ngr/loco/9950011/mm/marker {"mm":164,"landmark":"","obs":"N","peak":60,"ms":47,"drift":0,"dt":732,"timing_gate":"LOW_PWM","dt_expected":0,"dt_conserve_ratio":-1.00,"pwm":0,"v":15.25}
ngr/loco/9950011/state/start_mm 164
ngr/loco/9950011/state/loopstat {"loop_max_gap_ms":33,"hall_task_max_gap_ms":2,"hall_task_age_ms":1,"baseline":1509,"raw":1527,"delta":18,"queue_drops":0,"floor_rejects":1068,"queue_high_water":1,"mqtt_connect_ms":89,"mqtt_attempts":1,"pub_drops":0,"pub_queue_hw":1,"cmd_drops":0,"pub_per_s":4,"marker_pub_drops":0,"marker_pub_hw":1,"nav":"NO_QUORUM","mm":164,"miss_streak":0,"pwm":0,"lost_markers":309,"lost_ms":183878,"motor_dir":"REV"}
ngr/loco/9950011/alert {"level":"NO_QUORUM","reason":"STATUS","loco":"9950011","uptime_ms":489643,"nav":"NO_QUORUM","moving":0,"pwm":0,"est_mm_s":450,"dir":"CW","session_dir":"CCW","mdir":"REV","rear":44,"front":169,"env":52150,"lc_mm":44,"last_confirmed_landmark":"","age_ms":186507,"since":321,"dead_reckoned_mm":164,"candidate_mm":-1,"viable":[],"lostm":309,"lost_ms":184001,"agree":16,"disagree":15,"losts":2,"auto":0}
ngr/loco/9950011/mm/marker {"mm":165,"landmark":"","obs":"N","peak":50,"ms":291,"drift":0,"dt":583,"timing_gate":"LOW_PWM","dt_expected":0,"dt_conserve_ratio":-1.00,"pwm":0,"v":15.25}
ngr/loco/9950011/telem/voltage 15.28
ngr/loco/9950011/telem/current 0.17
ngr/loco/9950011/telem/power 2.65
ngr/loco/9950011/mm/marker {"mm":166,"landmark":"","obs":"N","peak":55,"ms":216,"drift":0,"dt":607,"timing_gate":"LOW_PWM","dt_expected":0,"dt_conserve_ratio":-1.00,"pwm":0,"v":15.28}
ngr/loco/9950011/mm/marker {"mm":167,"landmark":"","obs":"N","peak":54,"ms":145,"drift":0,"dt":227,"timing_gate":"LOW_PWM","dt_expected":0,"dt_conserve_ratio":-1.00,"pwm":0,"v":15.28}
ngr/loco/9950011/state/start_mm 167
ngr/loco/9950011/state/loopstat {"loop_max_gap_ms":34,"hall_task_max_gap_ms":2,"hall_task_age_ms":1,"baseline":1510,"raw":1527,"delta":17,"queue_drops":0,"floor_rejects":1072,"queue_high_water":1,"mqtt_connect_ms":89,"mqtt_attempts":1,"pub_drops":0,"pub_queue_hw":3,"cmd_drops":0,"pub_per_s":8,"marker_pub_drops":0,"marker_pub_hw":1,"nav":"NO_QUORUM","mm":167,"miss_streak":0,"pwm":0,"lost_markers":312,"lost_ms":184878,"motor_dir":"REV"}
ngr/loco/9950011/mm/marker {"mm":168,"landmark":"","obs":"N","peak":50,"ms":45,"drift":0,"dt":297,"timing_gate":"LOW_PWM","dt_expected":0,"dt_conserve_ratio":-1.00,"pwm":0,"v":15.28}
ngr/loco/9950011/alert {"level":"NO_QUORUM","reason":"STATUS","loco":"9950011","uptime_ms":490643,"nav":"NO_QUORUM","moving":0,"pwm":0,"est_mm_s":1195,"dir":"CW","session_dir":"CCW","mdir":"REV","rear":44,"front":2,"env":52150,"lc_mm":44,"last_confirmed_landmark":"","age_ms":187507,"since":325,"dead_reckoned_mm":168,"candidate_mm":-1,"viable":[],"lostm":313,"lost_ms":185001,"agree":16,"disagree":15,"losts":2,"auto":0}
ngr/loco/9950011/mm/marker {"mm":169,"landmark":"","obs":"N","peak":51,"ms":41,"drift":0,"dt":121,"timing_gate":"LOW_PWM","dt_expected":0,"dt_conserve_ratio":-1.00,"pwm":0,"v":15.28}
ngr/loco/9950011/mm/marker {"mm":170,"landmark":"","obs":"N","peak":57,"ms":80,"drift":0,"dt":101,"timing_gate":"LOW_PWM","dt_expected":0,"dt_conserve_ratio":-1.00,"pwm":0,"v":15.28}
ngr/loco/9950011/mm/marker {"mm":0,"landmark":"Southpoint","obs":"N","peak":66,"ms":185,"drift":1,"dt":86,"timing_gate":"LOW_PWM","dt_expected":0,"dt_conserve_ratio":-1.00,"pwm":0,"v":15.28}
ngr/loco/9950011/mm/marker {"mm":1,"landmark":"","obs":"N","peak":58,"ms":500,"drift":0,"dt":214,"timing_gate":"LOW_PWM","dt_expected":0,"dt_conserve_ratio":-1.00,"pwm":0,"v":15.28}
ngr/loco/9950011/mm/marker {"mm":2,"landmark":"","obs":"N","peak":81,"ms":1196,"drift":1,"dt":514,"timing_gate":"LOW_PWM","dt_expected":0,"dt_conserve_ratio":-1.00,"pwm":0,"v":15.28}
ngr/loco/9950011/state/loopstat {"loop_max_gap_ms":33,"hall_task_max_gap_ms":1,"hall_task_age_ms":1,"baseline":1511,"raw":1541,"delta":30,"queue_drops":0,"floor_rejects":1072,"queue_high_water":1,"mqtt_connect_ms":89,"mqtt_attempts":1,"pub_drops":0,"pub_queue_hw":1,"cmd_drops":0,"pub_per_s":5,"marker_pub_drops":0,"marker_pub_hw":1,"nav":"NO_QUORUM","mm":0,"miss_streak":0,"pwm":0,"lost_markers":316,"lost_ms":185878,"motor_dir":"REV"}
ngr/loco/9950011/state/start_mm 0
ngr/loco/9950011/alert {"level":"NO_QUORUM","reason":"STATUS","loco":"9950011","uptime_ms":491643,"nav":"NO_QUORUM","moving":0,"pwm":0,"est_mm_s":1542,"dir":"CW","session_dir":"CCW","mdir":"REV","rear":44,"front":6,"env":52150,"lc_mm":44,"last_confirmed_landmark":"","age_ms":188507,"since":329,"dead_reckoned_mm":1,"candidate_mm":-1,"viable":[],"lostm":317,"lost_ms":186001,"agree":16,"disagree":15,"losts":2,"auto":0}
ngr/loco/9950011/state/loopstat {"loop_max_gap_ms":33,"hall_task_max_gap_ms":2,"hall_task_age_ms":1,"baseline":1512,"raw":1554,"delta":42,"queue_drops":0,"floor_rejects":1072,"queue_high_water":1,"mqtt_connect_ms":89,"mqtt_attempts":1,"pub_drops":0,"pub_queue_hw":3,"cmd_drops":0,"pub_per_s":3,"marker_pub_drops":0,"marker_pub_hw":2,"nav":"NO_QUORUM","mm":1,"miss_streak":0,"pwm":0,"lost_markers":317,"lost_ms":186878,"motor_dir":"REV"}
ngr/loco/9950011/state/start_mm 1
ngr/loco/9950011/alert {"level":"NO_QUORUM","reason":"STATUS","loco":"9950011","uptime_ms":492643,"nav":"NO_QUORUM","moving":0,"pwm":0,"est_mm_s":1542,"dir":"CW","session_dir":"CCW","mdir":"REV","rear":44,"front":6,"env":52150,"lc_mm":44,"last_confirmed_landmark":"","age_ms":189507,"since":329,"dead_reckoned_mm":1,"candidate_mm":-1,"viable":[],"lostm":317,"lost_ms":187001,"agree":16,"disagree":15,"losts":2,"auto":0}
ngr/loco/9950011/mm/marker {"mm":3,"landmark":"","obs":"N","peak":80,"ms":296,"drift":0,"dt":1292,"timing_gate":"LOW_PWM","dt_expected":0,"dt_conserve_ratio":-1.00,"pwm":0,"v":15.28}
ngr/loco/9950011/mm/marker {"mm":4,"landmark":"","obs":"N","peak":69,"ms":78,"drift":0,"dt":301,"timing_gate":"LOW_PWM","dt_expected":0,"dt_conserve_ratio":-1.00,"pwm":0,"v":15.28}
ngr/loco/9950011/state/start_mm 4
ngr/loco/9950011/state/loopstat {"loop_max_gap_ms":33,"hall_task_max_gap_ms":2,"hall_task_age_ms":1,"baseline":1512,"raw":1537,"delta":25,"queue_drops":0,"floor_rejects":1072,"queue_high_water":1,"mqtt_connect_ms":89,"mqtt_attempts":1,"pub_drops":0,"pub_queue_hw":6,"cmd_drops":0,"pub_per_s":6,"marker_pub_drops":0,"marker_pub_hw":3,"nav":"NO_QUORUM","mm":4,"miss_streak":0,"pwm":0,"lost_markers":320,"lost_ms":187878,"motor_dir":"REV"}
ngr/loco/9950011/alert {"level":"NO_QUORUM","reason":"STATUS","loco":"9950011","uptime_ms":493643,"nav":"NO_QUORUM","moving":0,"pwm":0,"est_mm_s":1046,"dir":"CW","session_dir":"CCW","mdir":"REV","rear":44,"front":9,"env":52150,"lc_mm":44,"last_confirmed_landmark":"","age_ms":190507,"since":332,"dead_reckoned_mm":4,"candidate_mm":-1,"viable":[],"lostm":320,"lost_ms":188001,"agree":16,"disagree":15,"losts":2,"auto":0}
ngr/loco/9950011/state/loopstat {"loop_max_gap_ms":33,"hall_task_max_gap_ms":2,"hall_task_age_ms":1,"baseline":1513,"raw":1533,"delta":20,"queue_drops":0,"floor_rejects":1072,"queue_high_water":0,"mqtt_connect_ms":89,"mqtt_attempts":1,"pub_drops":0,"pub_queue_hw":1,"cmd_drops":0,"pub_per_s":1,"marker_pub_drops":0,"marker_pub_hw":0,"nav":"NO_QUORUM","mm":4,"miss_streak":0,"pwm":0,"lost_markers":320,"lost_ms":188878,"motor_dir":"REV"}
ngr/loco/9950011/alert {"level":"NO_QUORUM","reason":"STATUS","loco":"9950011","uptime_ms":494643,"nav":"NO_QUORUM","moving":0,"pwm":0,"est_mm_s":1046,"dir":"CW","session_dir":"CCW","mdir":"REV","rear":44,"front":9,"env":52150,"lc_mm":44,"last_confirmed_landmark":"","age_ms":191507,"since":332,"dead_reckoned_mm":4,"candidate_mm":-1,"viable":[],"lostm":320,"lost_ms":189001,"agree":16,"disagree":15,"losts":2,"auto":0}
ngr/loco/9950011/mm/marker {"mm":5,"landmark":"","obs":"N","peak":86,"ms":1572,"drift":1,"dt":84,"timing_gate":"LOW_PWM","dt_expected":0,"dt_conserve_ratio":-1.00,"pwm":0,"v":15.28}
ngr/loco/9950011/mm/marker {"mm":6,"landmark":"","obs":"N","peak":51,"ms":100,"drift":1,"dt":1576,"timing_gate":"LOW_PWM","dt_expected":0,"dt_conserve_ratio":-1.00,"pwm":0,"v":15.28}
ngr/loco/9950011/mm/marker {"mm":7,"landmark":"","obs":"N","peak":56,"ms":75,"drift":0,"dt":108,"timing_gate":"LOW_PWM","dt_expected":0,"dt_conserve_ratio":-1.00,"pwm":0,"v":15.28}
ngr/loco/9950011/telem/voltage 15.26
ngr/loco/9950011/telem/current 0.18
ngr/loco/9950011/telem/power 2.71
ngr/loco/9950011/mm/marker {"mm":8,"landmark":"","obs":"N","peak":81,"ms":251,"drift":0,"dt":108,"timing_gate":"LOW_PWM","dt_expected":0,"dt_conserve_ratio":-1.00,"pwm":0,"v":15.26}
ngr/loco/9950011/mm/marker {"mm":9,"landmark":"","obs":"N","peak":55,"ms":74,"drift":0,"dt":258,"timing_gate":"LOW_PWM","dt_expected":0,"dt_conserve_ratio":-1.00,"pwm":0,"v":15.26}
ngr/loco/9950011/mm/marker {"mm":10,"landmark":"","obs":"N","peak":55,"ms":43,"drift":0,"dt":80,"timing_gate":"LOW_PWM","dt_expected":0,"dt_conserve_ratio":-1.00,"pwm":0,"v":15.26}
ngr/loco/9950011/state/start_mm 10
ngr/loco/9950011/state/loopstat {"loop_max_gap_ms":33,"hall_task_max_gap_ms":3,"hall_task_age_ms":1,"baseline":1514,"raw":1528,"delta":14,"queue_drops":0,"floor_rejects":1075,"queue_high_water":1,"mqtt_connect_ms":89,"mqtt_attempts":1,"pub_drops":0,"pub_queue_hw":3,"cmd_drops":0,"pub_per_s":11,"marker_pub_drops":0,"marker_pub_hw":1,"nav":"NO_QUORUM","mm":10,"miss_streak":0,"pwm":0,"lost_markers":326,"lost_ms":189878,"motor_dir":"REV"}
ngr/loco/9950011/mm/marker {"mm":11,"landmark":"","obs":"N","peak":70,"ms":67,"drift":0,"dt":158,"timing_gate":"LOW_PWM","dt_expected":0,"dt_conserve_ratio":-1.00,"pwm":0,"v":15.26}
ngr/loco/9950011/alert {"level":"NO_QUORUM","reason":"STATUS","loco":"9950011","uptime_ms":495643,"nav":"NO_QUORUM","moving":0,"pwm":0,"est_mm_s":1898,"dir":"CW","session_dir":"CCW","mdir":"REV","rear":44,"front":16,"env":52150,"lc_mm":44,"last_confirmed_landmark":"","age_ms":192507,"since":339,"dead_reckoned_mm":11,"candidate_mm":-1,"viable":[],"lostm":327,"lost_ms":190001,"agree":16,"disagree":15,"losts":2,"auto":0}
ngr/loco/9950011/mm/marker {"mm":12,"landmark":"","obs":"N","peak":50,"ms":379,"drift":0,"dt":80,"timing_gate":"LOW_PWM","dt_expected":0,"dt_conserve_ratio":-1.00,"pwm":0,"v":15.26}
ngr/loco/9950011/mm/marker {"mm":13,"landmark":"","obs":"N","peak":44,"ms":41,"drift":0,"dt":666,"timing_gate":"LOW_PWM","dt_expected":0,"dt_conserve_ratio":-1.00,"pwm":0,"v":15.26}
ngr/loco/9950011/state/loopstat {"loop_max_gap_ms":34,"hall_task_max_gap_ms":3,"hall_task_age_ms":1,"baseline":1514,"raw":1534,"delta":20,"queue_drops":0,"floor_rejects":1076,"queue_high_water":1,"mqtt_connect_ms":89,"mqtt_attempts":1,"pub_drops":0,"pub_queue_hw":1,"cmd_drops":0,"pub_per_s":4,"marker_pub_drops":0,"marker_pub_hw":1,"nav":"NO_QUORUM","mm":13,"miss_streak":0,"pwm":0,"lost_markers":329,"lost_ms":190878,"motor_dir":"REV"}
ngr/loco/9950011/state/start_mm 13
ngr/loco/9950011/mm/marker {"mm":14,"landmark":"","obs":"N","peak":58,"ms":74,"drift":0,"dt":204,"timing_gate":"LOW_PWM","dt_expected":0,"dt_conserve_ratio":-1.00,"pwm":0,"v":15.26}
ngr/loco/9950011/alert {"level":"NO_QUORUM","reason":"STATUS","loco":"9950011","uptime_ms":496643,"nav":"NO_QUORUM","moving":0,"pwm":0,"est_mm_s":1544,"dir":"CW","session_dir":"CCW","mdir":"REV","rear":44,"front":19,"env":52150,"lc_mm":44,"last_confirmed_landmark":"","age_ms":193507,"since":342,"dead_reckoned_mm":14,"candidate_mm":-1,"viable":[],"lostm":330,"lost_ms":191001,"agree":16,"disagree":15,"losts":2,"auto":0}
ngr/loco/9950011/mm/marker {"mm":15,"landmark":"Patio","obs":"N","peak":55,"ms":241,"drift":0,"dt":98,"timing_gate":"LOW_PWM","dt_expected":0,"dt_conserve_ratio":-1.00,"pwm":0,"v":15.26}
ngr/loco/9950011/mm/marker {"mm":16,"landmark":"","obs":"N","peak":57,"ms":64,"drift":0,"dt":489,"timing_gate":"LOW_PWM","dt_expected":0,"dt_conserve_ratio":-1.00,"pwm":0,"v":15.26}
ngr/loco/9950011/mm/marker {"mm":17,"landmark":"","obs":"N","peak":46,"ms":58,"drift":0,"dt":124,"timing_gate":"LOW_PWM","dt_expected":0,"dt_conserve_ratio":-1.00,"pwm":0,"v":15.26}
ngr/loco/9950011/mm/marker {"mm":18,"landmark":"","obs":"N","peak":45,"ms":171,"drift":1,"dt":83,"timing_gate":"LOW_PWM","dt_expected":0,"dt_conserve_ratio":-1.00,"pwm":0,"v":15.26}
ngr/loco/9950011/state/start_mm 18
ngr/loco/9950011/state/loopstat {"loop_max_gap_ms":34,"hall_task_max_gap_ms":2,"hall_task_age_ms":1,"baseline":1515,"raw":1535,"delta":20,"queue_drops":0,"floor_rejects":1076,"queue_high_water":1,"mqtt_connect_ms":89,"mqtt_attempts":1,"pub_drops":0,"pub_queue_hw":2,"cmd_drops":0,"pub_per_s":8,"marker_pub_drops":0,"marker_pub_hw":1,"nav":"NO_QUORUM","mm":18,"miss_streak":0,"pwm":0,"lost_markers":334,"lost_ms":191878,"motor_dir":"REV"}
ngr/loco/9950011/alert {"level":"NO_QUORUM","reason":"STATUS","loco":"9950011","uptime_ms":497643,"nav":"NO_QUORUM","moving":0,"pwm":0,"est_mm_s":3614,"dir":"CW","session_dir":"CCW","mdir":"REV","rear":44,"front":23,"env":52150,"lc_mm":44,"last_confirmed_landmark":"","age_ms":194507,"since":346,"dead_reckoned_mm":18,"candidate_mm":-1,"viable":[],"lostm":334,"lost_ms":192001,"agree":16,"disagree":15,"losts":2,"auto":0}
ngr/loco/9950011/mm/marker {"mm":19,"landmark":"","obs":"N","peak":64,"ms":145,"drift":0,"dt":426,"timing_gate":"LOW_PWM","dt_expected":0,"dt_conserve_ratio":-1.00,"pwm":0,"v":15.26}
ngr/loco/9950011/mm/marker {"mm":20,"landmark":"","obs":"N","peak":70,"ms":122,"drift":0,"dt":174,"timing_gate":"LOW_PWM","dt_expected":0,"dt_conserve_ratio":-1.00,"pwm":0,"v":15.26}
ngr/loco/9950011/mm/marker {"mm":21,"landmark":"","obs":"N","peak":71,"ms":69,"drift":0,"dt":148,"timing_gate":"LOW_PWM","dt_expected":0,"dt_conserve_ratio":-1.00,"pwm":0,"v":15.26}
ngr/loco/9950011/mm/marker {"mm":22,"landmark":"","obs":"N","peak":62,"ms":634,"drift":0,"dt":200,"timing_gate":"LOW_PWM","dt_expected":0,"dt_conserve_ratio":-1.00,"pwm":0,"v":15.26}
ngr/loco/9950011/state/start_mm 21
ngr/loco/9950011/state/loopstat {"loop_max_gap_ms":33,"hall_task_max_gap_ms":2,"hall_task_age_ms":1,"baseline":1515,"raw":1540,"delta":25,"queue_drops":0,"floor_rejects":1079,"queue_high_water":1,"mqtt_connect_ms":89,"mqtt_attempts":1,"pub_drops":0,"pub_queue_hw":1,"cmd_drops":0,"pub_per_s":5,"marker_pub_drops":0,"marker_pub_hw":2,"nav":"NO_QUORUM","mm":21,"miss_streak":0,"pwm":0,"lost_markers":337,"lost_ms":192878,"motor_dir":"REV"}
ngr/loco/9950011/alert {"level":"NO_QUORUM","reason":"STATUS","loco":"9950011","uptime_ms":498643,"nav":"NO_QUORUM","moving":0,"pwm":0,"est_mm_s":2128,"dir":"CW","session_dir":"CCW","mdir":"REV","rear":44,"front":26,"env":52150,"lc_mm":44,"last_confirmed_landmark":"","age_ms":195507,"since":349,"dead_reckoned_mm":21,"candidate_mm":-1,"viable":[],"lostm":337,"lost_ms":193001,"agree":16,"disagree":15,"losts":2,"auto":0}
ngr/loco/9950011/mm/marker {"mm":23,"landmark":"","obs":"N","peak":69,"ms":90,"drift":0,"dt":749,"timing_gate":"LOW_PWM","dt_expected":0,"dt_conserve_ratio":-1.00,"pwm":0,"v":15.26}
ngr/loco/9950011/state/start_mm 23
ngr/loco/9950011/state/loopstat {"loop_max_gap_ms":33,"hall_task_max_gap_ms":2,"hall_task_age_ms":1,"baseline":1515,"raw":1523,"delta":8,"queue_drops":0,"floor_rejects":1079,"queue_high_water":1,"mqtt_connect_ms":89,"mqtt_attempts":1,"pub_drops":0,"pub_queue_hw":3,"cmd_drops":0,"pub_per_s":4,"marker_pub_drops":0,"marker_pub_hw":3,"nav":"NO_QUORUM","mm":23,"miss_streak":0,"pwm":0,"lost_markers":339,"lost_ms":193878,"motor_dir":"REV"}
ngr/loco/9950011/mm/marker {"mm":24,"landmark":"","obs":"N","peak":75,"ms":557,"drift":0,"dt":92,"timing_gate":"LOW_PWM","dt_expected":0,"dt_conserve_ratio":-1.00,"pwm":0,"v":15.26}
ngr/loco/9950011/alert {"level":"NO_QUORUM","reason":"STATUS","loco":"9950011","uptime_ms":499643,"nav":"NO_QUORUM","moving":0,"pwm":0,"est_mm_s":3260,"dir":"CW","session_dir":"CCW","mdir":"REV","rear":44,"front":29,"env":52150,"lc_mm":44,"last_confirmed_landmark":"","age_ms":196507,"since":352,"dead_reckoned_mm":24,"candidate_mm":-1,"viable":[],"lostm":340,"lost_ms":194001,"agree":16,"disagree":15,"losts":2,"auto":0}
ngr/loco/9950011/mm/marker {"mm":25,"landmark":"","obs":"N","peak":61,"ms":97,"drift":0,"dt":561,"timing_gate":"LOW_PWM","dt_expected":0,"dt_conserve_ratio":-1.00,"pwm":0,"v":15.26}
ngr/loco/9950011/mm/marker {"mm":26,"landmark":"","obs":"N","peak":64,"ms":49,"drift":0,"dt":105,"timing_gate":"LOW_PWM","dt_expected":0,"dt_conserve_ratio":-1.00,"pwm":0,"v":15.26}
ngr/loco/9950011/mm/marker {"mm":27,"landmark":"","obs":"N","peak":39,"ms":56,"drift":0,"dt":131,"timing_gate":"LOW_PWM","dt_expected":0,"dt_conserve_ratio":-1.00,"pwm":0,"v":15.26}
ngr/loco/9950011/mm/marker {"mm":28,"landmark":"","obs":"N","peak":48,"ms":67,"drift":0,"dt":60,"timing_gate":"LOW_PWM","dt_expected":0,"dt_conserve_ratio":-1.00,"pwm":0,"v":15.26}
ngr/loco/9950011/telem/voltage 15.27
ngr/loco/9950011/telem/current 0.18
ngr/loco/9950011/telem/power 2.79
ngr/loco/9950011/state/start_mm 28
ngr/loco/9950011/state/loopstat {"loop_max_gap_ms":33,"hall_task_max_gap_ms":2,"hall_task_age_ms":1,"baseline":1515,"raw":1547,"delta":32,"queue_drops":0,"floor_rejects":1080,"queue_high_water":1,"mqtt_connect_ms":89,"mqtt_attempts":1,"pub_drops":0,"pub_queue_hw":3,"cmd_drops":0,"pub_per_s":10,"marker_pub_drops":0,"marker_pub_hw":1,"nav":"NO_QUORUM","mm":28,"miss_streak":0,"pwm":0,"lost_markers":344,"lost_ms":194878,"motor_dir":"REV"}
ngr/loco/9950011/alert {"level":"NO_QUORUM","reason":"STATUS","loco":"9950011","uptime_ms":500643,"nav":"NO_QUORUM","moving":0,"pwm":0,"est_mm_s":5000,"dir":"CW","session_dir":"CCW","mdir":"REV","rear":44,"front":33,"env":52150,"lc_mm":44,"last_confirmed_landmark":"","age_ms":197507,"since":356,"dead_reckoned_mm":28,"candidate_mm":-1,"viable":[],"lostm":344,"lost_ms":195001,"agree":16,"disagree":15,"losts":2,"auto":0}
ngr/loco/9950011/mm/marker {"mm":29,"landmark":"","obs":"N","peak":95,"ms":802,"drift":0,"dt":86,"timing_gate":"LOW_PWM","dt_expected":0,"dt_conserve_ratio":-1.00,"pwm":0,"v":15.27}
ngr/loco/9950011/mm/marker {"mm":30,"landmark":"","obs":"N","peak":41,"ms":97,"drift":2,"dt":808,"timing_gate":"LOW_PWM","dt_expected":0,"dt_conserve_ratio":-1.00,"pwm":0,"v":15.27}
ngr/loco/9950011/mm/marker {"mm":31,"landmark":"","obs":"N","peak":65,"ms":42,"drift":0,"dt":128,"timing_gate":"LOW_PWM","dt_expected":0,"dt_conserve_ratio":-1.00,"pwm":0,"v":15.27}
ngr/loco/9950011/state/start_mm 31
ngr/loco/9950011/state/loopstat {"loop_max_gap_ms":33,"hall_task_max_gap_ms":2,"hall_task_age_ms":1,"baseline":1518,"raw":1524,"delta":6,"queue_drops":0,"floor_rejects":1083,"queue_high_water":1,"mqtt_connect_ms":89,"mqtt_attempts":1,"pub_drops":0,"pub_queue_hw":1,"cmd_drops":0,"pub_per_s":5,"marker_pub_drops":0,"marker_pub_hw":1,"nav":"NO_QUORUM","mm":31,"miss_streak":0,"pwm":0,"lost_markers":347,"lost_ms":195878,"motor_dir":"REV"}
ngr/loco/9950011/mm/marker {"mm":32,"landmark":"","obs":"N","peak":62,"ms":40,"drift":0,"dt":656,"timing_gate":"LOW_PWM","dt_expected":0,"dt_conserve_ratio":-1.00,"pwm":0,"v":15.27}
ngr/loco/9950011/alert {"level":"NO_QUORUM","reason":"STATUS","loco":"9950011","uptime_ms":501643,"nav":"NO_QUORUM","moving":0,"pwm":0,"est_mm_s":487,"dir":"CW","session_dir":"CCW","mdir":"REV","rear":44,"front":37,"env":52150,"lc_mm":44,"last_confirmed_landmark":"","age_ms":198507,"since":360,"dead_reckoned_mm":32,"candidate_mm":-1,"viable":[],"lostm":348,"lost_ms":196001,"agree":16,"disagree":15,"losts":2,"auto":0}
ngr/loco/9950011/mm/marker {"mm":33,"landmark":"","obs":"S","peak":49,"ms":42,"drift":0,"dt":208,"timing_gate":"LOW_PWM","dt_expected":0,"dt_conserve_ratio":-1.00,"pwm":0,"v":15.27}
ngr/loco/9950011/state/start_mm 33
ngr/loco/9950011/state/loopstat {"loop_max_gap_ms":33,"hall_task_max_gap_ms":2,"hall_task_age_ms":1,"baseline":1518,"raw":1528,"delta":10,"queue_drops":0,"floor_rejects":1085,"queue_high_water":1,"mqtt_connect_ms":89,"mqtt_attempts":1,"pub_drops":0,"pub_queue_hw":1,"cmd_drops":0,"pub_per_s":4,"marker_pub_drops":0,"marker_pub_hw":1,"nav":"NO_QUORUM","mm":33,"miss_streak":0,"pwm":0,"lost_markers":349,"lost_ms":196878,"motor_dir":"REV"}
ngr/loco/9950011/alert {"level":"NO_QUORUM","reason":"STATUS","loco":"9950011","uptime_ms":502643,"nav":"NO_QUORUM","moving":0,"pwm":0,"est_mm_s":1514,"dir":"CW","session_dir":"CCW","mdir":"REV","rear":44,"front":38,"env":52150,"lc_mm":44,"last_confirmed_landmark":"","age_ms":199507,"since":361,"dead_reckoned_mm":33,"candidate_mm":-1,"viable":[],"lostm":349,"lost_ms":197001,"agree":16,"disagree":15,"losts":2,"auto":0}
ngr/loco/9950011/mm/marker {"mm":34,"landmark":"","obs":"N","peak":60,"ms":251,"drift":2,"dt":802,"timing_gate":"LOW_PWM","dt_expected":0,"dt_conserve_ratio":-1.00,"pwm":0,"v":15.27}
ngr/loco/9950011/mm/marker {"mm":35,"landmark":"","obs":"N","peak":68,"ms":43,"drift":0,"dt":832,"timing_gate":"LOW_PWM","dt_expected":0,"dt_conserve_ratio":-1.00,"pwm":0,"v":15.27}
ngr/loco/9950011/state/start_mm 35
ngr/loco/9950011/state/loopstat {"loop_max_gap_ms":33,"hall_task_max_gap_ms":2,"hall_task_age_ms":1,"baseline":1520,"raw":1527,"delta":7,"queue_drops":0,"floor_rejects":1087,"queue_high_water":1,"mqtt_connect_ms":89,"mqtt_attempts":1,"pub_drops":0,"pub_queue_hw":1,"cmd_drops":0,"pub_per_s":4,"marker_pub_drops":0,"marker_pub_hw":1,"nav":"NO_QUORUM","mm":35,"miss_streak":0,"pwm":0,"lost_markers":351,"lost_ms":197878,"motor_dir":"REV"}
ngr/loco/9950011/alert {"level":"NO_QUORUM","reason":"STATUS","loco":"9950011","uptime_ms":503643,"nav":"NO_QUORUM","moving":0,"pwm":0,"est_mm_s":360,"dir":"CW","session_dir":"CCW","mdir":"REV","rear":44,"front":40,"env":52150,"lc_mm":44,"last_confirmed_landmark":"","age_ms":200507,"since":363,"dead_reckoned_mm":35,"candidate_mm":-1,"viable":[],"lostm":351,"lost_ms":198001,"agree":16,"disagree":15,"losts":2,"auto":0}
ngr/loco/9950011/state/loopstat {"loop_max_gap_ms":34,"hall_task_max_gap_ms":3,"hall_task_age_ms":1,"baseline":1521,"raw":1527,"delta":6,"queue_drops":0,"floor_rejects":1090,"queue_high_water":0,"mqtt_connect_ms":89,"mqtt_attempts":1,"pub_drops":0,"pub_queue_hw":1,"cmd_drops":0,"pub_per_s":1,"marker_pub_drops":0,"marker_pub_hw":0,"nav":"NO_QUORUM","mm":35,"miss_streak":0,"pwm":0,"lost_markers":351,"lost_ms":198878,"motor_dir":"REV"}
ngr/loco/9950011/mm/marker {"mm":36,"landmark":"","obs":"S","peak":85,"ms":60,"drift":0,"dt":1127,"timing_gate":"LOW_PWM","dt_expected":0,"dt_conserve_ratio":-1.00,"pwm":0,"v":15.27}
ngr/loco/9950011/alert {"level":"NO_QUORUM","reason":"STATUS","loco":"9950011","uptime_ms":504643,"nav":"NO_QUORUM","moving":0,"pwm":0,"est_mm_s":266,"dir":"CW","session_dir":"CCW","mdir":"REV","rear":44,"front":41,"env":52150,"lc_mm":44,"last_confirmed_landmark":"","age_ms":201507,"since":364,"dead_reckoned_mm":36,"candidate_mm":-1,"viable":[],"lostm":352,"lost_ms":199001,"agree":16,"disagree":15,"losts":2,"auto":0}
ngr/loco/9950011/mm/marker {"mm":37,"landmark":"","obs":"N","peak":67,"ms":53,"drift":0,"dt":70,"timing_gate":"LOW_PWM","dt_expected":0,"dt_conserve_ratio":-1.00,"pwm":0,"v":15.27}
ngr/loco/9950011/mm/marker {"mm":38,"landmark":"","obs":"N","peak":48,"ms":40,"drift":0,"dt":210,"timing_gate":"LOW_PWM","dt_expected":0,"dt_conserve_ratio":-1.00,"pwm":0,"v":15.27}
ngr/loco/9950011/mm/marker {"mm":39,"landmark":"","obs":"N","peak":54,"ms":56,"drift":0,"dt":45,"timing_gate":"LOW_PWM","dt_expected":0,"dt_conserve_ratio":-1.00,"pwm":0,"v":15.27}
ngr/loco/9950011/mm/marker {"mm":40,"landmark":"","obs":"N","peak":49,"ms":43,"drift":0,"dt":62,"timing_gate":"LOW_PWM","dt_expected":0,"dt_conserve_ratio":-1.00,"pwm":0,"v":15.27}
ngr/loco/9950011/telem/voltage 15.25
ngr/loco/9950011/telem/current 0.18
ngr/loco/9950011/telem/power 2.75
ngr/loco/9950011/mm/marker {"mm":41,"landmark":"","obs":"N","peak":50,"ms":55,"drift":0,"dt":48,"timing_gate":"LOW_PWM","dt_expected":0,"dt_conserve_ratio":-1.00,"pwm":0,"v":15.25}
ngr/loco/9950011/mm/marker {"mm":42,"landmark":"","obs":"N","peak":44,"ms":71,"drift":0,"dt":435,"timing_gate":"LOW_PWM","dt_expected":0,"dt_conserve_ratio":-1.00,"pwm":0,"v":15.25}
ngr/loco/9950011/state/loopstat {"loop_max_gap_ms":33,"hall_task_max_gap_ms":2,"hall_task_age_ms":1,"baseline":1521,"raw":1531,"delta":10,"queue_drops":0,"floor_rejects":1097,"queue_high_water":1,"mqtt_connect_ms":89,"mqtt_attempts":1,"pub_drops":0,"pub_queue_hw":3,"cmd_drops":0,"pub_per_s":11,"marker_pub_drops":0,"marker_pub_hw":1,"nav":"NO_QUORUM","mm":42,"miss_streak":0,"pwm":0,"lost_markers":358,"lost_ms":199878,"motor_dir":"REV"}
ngr/loco/9950011/state/start_mm 42
ngr/loco/9950011/mm/marker {"mm":43,"landmark":"","obs":"N","peak":52,"ms":54,"drift":0,"dt":79,"timing_gate":"LOW_PWM","dt_expected":0,"dt_conserve_ratio":-1.00,"pwm":0,"v":15.25}
ngr/loco/9950011/alert {"level":"NO_QUORUM","reason":"STATUS","loco":"9950011","uptime_ms":505643,"nav":"NO_QUORUM","moving":0,"pwm":0,"est_mm_s":3797,"dir":"CW","session_dir":"CCW","mdir":"REV","rear":44,"front":48,"env":52150,"lc_mm":44,"last_confirmed_landmark":"","age_ms":202507,"since":371,"dead_reckoned_mm":43,"candidate_mm":-1,"viable":[],"lostm":359,"lost_ms":200001,"agree":16,"disagree":15,"losts":2,"auto":0}
ngr/loco/9950011/mm/marker {"mm":44,"landmark":"","obs":"N","peak":45,"ms":44,"drift":0,"dt":177,"timing_gate":"LOW_PWM","dt_expected":0,"dt_conserve_ratio":-1.00,"pwm":0,"v":15.25}
ngr/loco/9950011/state/loopstat {"loop_max_gap_ms":33,"hall_task_max_gap_ms":2,"hall_task_age_ms":1,"baseline":1523,"raw":1528,"delta":5,"queue_drops":0,"floor_rejects":1105,"queue_high_water":1,"mqtt_connect_ms":89,"mqtt_attempts":1,"pub_drops":0,"pub_queue_hw":2,"cmd_drops":0,"pub_per_s":4,"marker_pub_drops":0,"marker_pub_hw":1,"nav":"NO_QUORUM","mm":44,"miss_streak":0,"pwm":0,"lost_markers":360,"lost_ms":200878,"motor_dir":"REV"}
ngr/loco/9950011/state/start_mm 44
ngr/loco/9950011/alert {"level":"NO_QUORUM","reason":"STATUS","loco":"9950011","uptime_ms":506643,"nav":"NO_QUORUM","moving":0,"pwm":0,"est_mm_s":1694,"dir":"CW","session_dir":"CCW","mdir":"REV","rear":44,"front":49,"env":52150,"lc_mm":44,"last_confirmed_landmark":"","age_ms":203507,"since":372,"dead_reckoned_mm":44,"candidate_mm":-1,"viable":[],"lostm":360,"lost_ms":201001,"agree":16,"disagree":15,"losts":2,"auto":0}
ngr/loco/9950011/mm/marker {"mm":45,"landmark":"","obs":"S","peak":85,"ms":536,"drift":0,"dt":1105,"timing_gate":"LOW_PWM","dt_expected":0,"dt_conserve_ratio":-1.00,"pwm":0,"v":15.25}
ngr/loco/9950011/state/start_mm 45
ngr/loco/9950011/state/loopstat {"loop_max_gap_ms":34,"hall_task_max_gap_ms":2,"hall_task_age_ms":1,"baseline":1523,"raw":1513,"delta":-10,"queue_drops":0,"floor_rejects":1108,"queue_high_water":1,"mqtt_connect_ms":89,"mqtt_attempts":1,"pub_drops":0,"pub_queue_hw":2,"cmd_drops":0,"pub_per_s":4,"marker_pub_drops":0,"marker_pub_hw":1,"nav":"NO_QUORUM","mm":45,"miss_streak":0,"pwm":0,"lost_markers":361,"lost_ms":201878,"motor_dir":"REV"}
ngr/loco/9950011/alert {"level":"NO_QUORUM","reason":"STATUS","loco":"9950011","uptime_ms":507643,"nav":"NO_QUORUM","moving":0,"pwm":0,"est_mm_s":271,"dir":"CW","session_dir":"CCW","mdir":"REV","rear":44,"front":50,"env":52150,"lc_mm":44,"last_confirmed_landmark":"","age_ms":204507,"since":373,"dead_reckoned_mm":45,"candidate_mm":-1,"viable":[],"lostm":361,"lost_ms":202001,"agree":16,"disagree":15,"losts":2,"auto":0}
ngr/loco/9950011/state/loopstat {"loop_max_gap_ms":33,"hall_task_max_gap_ms":2,"hall_task_age_ms":1,"baseline":1523,"raw":1527,"delta":4,"queue_drops":0,"floor_rejects":1112,"queue_high_water":0,"mqtt_connect_ms":89,"mqtt_attempts":1,"pub_drops":0,"pub_queue_hw":1,"cmd_drops":0,"pub_per_s":1,"marker_pub_drops":0,"marker_pub_hw":0,"nav":"NO_QUORUM","mm":45,"miss_streak":0,"pwm":0,"lost_markers":361,"lost_ms":202878,"motor_dir":"REV"}
ngr/loco/9950011/alert {"level":"NO_QUORUM","reason":"STATUS","loco":"9950011","uptime_ms":508643,"nav":"NO_QUORUM","moving":0,"pwm":0,"est_mm_s":271,"dir":"CW","session_dir":"CCW","mdir":"REV","rear":44,"front":50,"env":52150,"lc_mm":44,"last_confirmed_landmark":"","age_ms":205507,"since":373,"dead_reckoned_mm":45,"candidate_mm":-1,"viable":[],"lostm":361,"lost_ms":203001,"agree":16,"disagree":15,"losts":2,"auto":0}
ngr/loco/9950011/state/loopstat {"loop_max_gap_ms":33,"hall_task_max_gap_ms":1,"hall_task_age_ms":1,"baseline":1523,"raw":1532,"delta":9,"queue_drops":0,"floor_rejects":1113,"queue_high_water":0,"mqtt_connect_ms":89,"mqtt_attempts":1,"pub_drops":0,"pub_queue_hw":1,"cmd_drops":0,"pub_per_s":1,"marker_pub_drops":0,"marker_pub_hw":0,"nav":"NO_QUORUM","mm":45,"miss_streak":0,"pwm":0,"lost_markers":361,"lost_ms":203878,"motor_dir":"REV"}
ngr/loco/9950011/alert {"level":"NO_QUORUM","reason":"STATUS","loco":"9950011","uptime_ms":509643,"nav":"NO_QUORUM","moving":0,"pwm":0,"est_mm_s":271,"dir":"CW","session_dir":"CCW","mdir":"REV","rear":44,"front":50,"env":52150,"lc_mm":44,"last_confirmed_landmark":"","age_ms":206507,"since":373,"dead_reckoned_mm":45,"candidate_mm":-1,"viable":[],"lostm":361,"lost_ms":204001,"agree":16,"disagree":15,"losts":2,"auto":0}
ngr/loco/9950011/mm/marker {"mm":46,"landmark":"","obs":"N","peak":50,"ms":53,"drift":0,"dt":2852,"timing_gate":"LOW_PWM","dt_expected":0,"dt_conserve_ratio":-1.00,"pwm":0,"v":15.25}
ngr/loco/9950011/telem/voltage 15.26
ngr/loco/9950011/telem/current 0.18
ngr/loco/9950011/telem/power 2.74
ngr/loco/9950011/mm/marker {"mm":47,"landmark":"","obs":"S","peak":90,"ms":545,"drift":0,"dt":287,"timing_gate":"LOW_PWM","dt_expected":0,"dt_conserve_ratio":-1.00,"pwm":0,"v":15.26}
ngr/loco/9950011/state/start_mm 47
ngr/loco/9950011/state/loopstat {"loop_max_gap_ms":33,"hall_task_max_gap_ms":2,"hall_task_age_ms":1,"baseline":1524,"raw":1531,"delta":7,"queue_drops":0,"floor_rejects":1115,"queue_high_water":1,"mqtt_connect_ms":89,"mqtt_attempts":1,"pub_drops":0,"pub_queue_hw":3,"cmd_drops":0,"pub_per_s":7,"marker_pub_drops":0,"marker_pub_hw":1,"nav":"NO_QUORUM","mm":47,"miss_streak":0,"pwm":0,"lost_markers":363,"lost_ms":204878,"motor_dir":"REV"}
ngr/loco/9950011/alert {"level":"NO_QUORUM","reason":"STATUS","loco":"9950011","uptime_ms":510643,"nav":"NO_QUORUM","moving":0,"pwm":0,"est_mm_s":1045,"dir":"CW","session_dir":"CCW","mdir":"REV","rear":44,"front":52,"env":52150,"lc_mm":44,"last_confirmed_landmark":"","age_ms":207507,"since":375,"dead_reckoned_mm":47,"candidate_mm":-1,"viable":[],"lostm":363,"lost_ms":205001,"agree":16,"disagree":15,"losts":2,"auto":0}
ngr/loco/9950011/mm/marker {"mm":48,"landmark":"","obs":"N","peak":75,"ms":141,"drift":0,"dt":713,"timing_gate":"LOW_PWM","dt_expected":0,"dt_conserve_ratio":-1.00,"pwm":0,"v":15.26}
ngr/loco/9950011/mm/marker {"mm":49,"landmark":"","obs":"S","peak":49,"ms":56,"drift":-1,"dt":148,"timing_gate":"LOW_PWM","dt_expected":0,"dt_conserve_ratio":-1.00,"pwm":0,"v":15.26}
ngr/loco/9950011/state/start_mm 49
ngr/loco/9950011/state/loopstat {"loop_max_gap_ms":33,"hall_task_max_gap_ms":2,"hall_task_age_ms":1,"baseline":1523,"raw":1525,"delta":2,"queue_drops":0,"floor_rejects":1119,"queue_high_water":1,"mqtt_connect_ms":89,"mqtt_attempts":1,"pub_drops":0,"pub_queue_hw":1,"cmd_drops":0,"pub_per_s":4,"marker_pub_drops":0,"marker_pub_hw":1,"nav":"NO_QUORUM","mm":49,"miss_streak":0,"pwm":0,"lost_markers":365,"lost_ms":205878,"motor_dir":"REV"}
ngr/loco/9950011/alert {"level":"NO_QUORUM","reason":"STATUS","loco":"9950011","uptime_ms":511643,"nav":"NO_QUORUM","moving":0,"pwm":0,"est_mm_s":2027,"dir":"CW","session_dir":"CCW","mdir":"REV","rear":44,"front":54,"env":52150,"lc_mm":44,"last_confirmed_landmark":"","age_ms":208507,"since":377,"dead_reckoned_mm":49,"candidate_mm":-1,"viable":[],"lostm":365,"lost_ms":206001,"agree":16,"disagree":15,"losts":2,"auto":0}
ngr/loco/9950011/mm/marker {"mm":50,"landmark":"","obs":"S","peak":57,"ms":376,"drift":0,"dt":849,"timing_gate":"LOW_PWM","dt_expected":0,"dt_conserve_ratio":-1.00,"pwm":0,"v":15.26}
ngr/loco/9950011/mm/marker {"mm":51,"landmark":"","obs":"S","peak":51,"ms":87,"drift":0,"dt":392,"timing_gate":"LOW_PWM","dt_expected":0,"dt_conserve_ratio":-1.00,"pwm":0,"v":15.26}
ngr/loco/9950011/state/loopstat {"loop_max_gap_ms":33,"hall_task_max_gap_ms":2,"hall_task_age_ms":1,"baseline":1523,"raw":1547,"delta":24,"queue_drops":0,"floor_rejects":1121,"queue_high_water":1,"mqtt_connect_ms":89,"mqtt_attempts":1,"pub_drops":0,"pub_queue_hw":1,"cmd_drops":0,"pub_per_s":3,"marker_pub_drops":0,"marker_pub_hw":1,"nav":"NO_QUORUM","mm":51,"miss_streak":0,"pwm":0,"lost_markers":367,"lost_ms":206878,"motor_dir":"REV"}
ngr/loco/9950011/state/start_mm 51
ngr/loco/9950011/alert {"level":"NO_QUORUM","reason":"STATUS","loco":"9950011","uptime_ms":512643,"nav":"NO_QUORUM","moving":0,"pwm":0,"est_mm_s":765,"dir":"CW","session_dir":"CCW","mdir":"REV","rear":44,"front":56,"env":52150,"lc_mm":44,"last_confirmed_landmark":"","age_ms":209507,"since":379,"dead_reckoned_mm":51,"candidate_mm":-1,"viable":[],"lostm":367,"lost_ms":207001,"agree":16,"disagree":15,"losts":2,"auto":0}
ngr/loco/9950011/mm/marker {"mm":52,"landmark":"","obs":"N","peak":59,"ms":128,"drift":0,"dt":611,"timing_gate":"LOW_PWM","dt_expected":0,"dt_conserve_ratio":-1.00,"pwm":0,"v":15.26}
ngr/loco/9950011/mm/marker {"mm":53,"landmark":"","obs":"N","peak":56,"ms":230,"drift":0,"dt":136,"timing_gate":"LOW_PWM","dt_expected":0,"dt_conserve_ratio":-1.00,"pwm":0,"v":15.26}
ngr/loco/9950011/mm/marker {"mm":54,"landmark":"","obs":"N","peak":60,"ms":52,"drift":0,"dt":267,"timing_gate":"LOW_PWM","dt_expected":0,"dt_conserve_ratio":-1.00,"pwm":0,"v":15.26}
ngr/loco/9950011/state/loopstat {"loop_max_gap_ms":34,"hall_task_max_gap_ms":1,"hall_task_age_ms":1,"baseline":1523,"raw":1481,"delta":-42,"queue_drops":0,"floor_rejects":1122,"queue_high_water":1,"mqtt_connect_ms":89,"mqtt_attempts":1,"pub_drops":0,"pub_queue_hw":2,"cmd_drops":0,"pub_per_s":5,"marker_pub_drops":0,"marker_pub_hw":1,"nav":"NO_QUORUM","mm":54,"miss_streak":0,"pwm":0,"lost_markers":370,"lost_ms":207878,"motor_dir":"REV"}
ngr/loco/9950011/state/start_mm 54
ngr/loco/9950011/alert {"level":"NO_QUORUM","reason":"STATUS","loco":"9950011","uptime_ms":513643,"nav":"NO_QUORUM","moving":0,"pwm":0,"est_mm_s":1123,"dir":"CW","session_dir":"CCW","mdir":"REV","rear":44,"front":59,"env":52150,"lc_mm":44,"last_confirmed_landmark":"","age_ms":210507,"since":382,"dead_reckoned_mm":54,"candidate_mm":-1,"viable":[],"lostm":370,"lost_ms":208001,"agree":16,"disagree":15,"losts":2,"auto":0}
ngr/loco/9950011/mm/marker {"mm":55,"landmark":"","obs":"N","peak":43,"ms":518,"drift":0,"dt":148,"timing_gate":"LOW_PWM","dt_expected":0,"dt_conserve_ratio":-1.00,"pwm":0,"v":15.26}
ngr/loco/9950011/mm/marker {"mm":56,"landmark":"","obs":"N","peak":80,"ms":52,"drift":0,"dt":751,"timing_gate":"LOW_PWM","dt_expected":0,"dt_conserve_ratio":-1.00,"pwm":0,"v":15.26}
ngr/loco/9950011/mm/marker {"mm":57,"landmark":"","obs":"N","peak":71,"ms":48,"drift":0,"dt":72,"timing_gate":"LOW_PWM","dt_expected":0,"dt_conserve_ratio":-1.00,"pwm":0,"v":15.26}
ngr/loco/9950011/mm/marker {"mm":58,"landmark":"","obs":"N","peak":54,"ms":64,"drift":0,"dt":161,"timing_gate":"LOW_PWM","dt_expected":0,"dt_conserve_ratio":-1.00,"pwm":0,"v":15.26}
ngr/loco/9950011/mm/marker {"mm":59,"landmark":"","obs":"N","peak":56,"ms":189,"drift":0,"dt":107,"timing_gate":"LOW_PWM","dt_expected":0,"dt_conserve_ratio":-1.00,"pwm":0,"v":15.26}
ngr/loco/9950011/state/loopstat {"loop_max_gap_ms":34,"hall_task_max_gap_ms":2,"hall_task_age_ms":1,"baseline":1523,"raw":1535,"delta":12,"queue_drops":0,"floor_rejects":1124,"queue_high_water":1,"mqtt_connect_ms":89,"mqtt_attempts":1,"pub_drops":0,"pub_queue_hw":2,"cmd_drops":0,"pub_per_s":7,"marker_pub_drops":0,"marker_pub_hw":1,"nav":"NO_QUORUM","mm":59,"miss_streak":0,"pwm":0,"lost_markers":375,"lost_ms":208878,"motor_dir":"REV"}
ngr/loco/9950011/state/start_mm 59
ngr/loco/9950011/mm/marker {"mm":60,"landmark":"","obs":"N","peak":80,"ms":46,"drift":0,"dt":236,"timing_gate":"LOW_PWM","dt_expected":0,"dt_conserve_ratio":-1.00,"pwm":0,"v":15.26}
ngr/loco/9950011/mm/marker {"mm":61,"landmark":"","obs":"N","peak":51,"ms":45,"drift":0,"dt":53,"timing_gate":"LOW_PWM","dt_expected":0,"dt_conserve_ratio":-1.00,"pwm":0,"v":15.26}
ngr/loco/9950011/alert {"level":"NO_QUORUM","reason":"STATUS","loco":"9950011","uptime_ms":514643,"nav":"NO_QUORUM","moving":0,"pwm":0,"est_mm_s":5943,"dir":"CW","session_dir":"CCW","mdir":"REV","rear":44,"front":66,"env":52150,"lc_mm":44,"last_confirmed_landmark":"","age_ms":211507,"since":389,"dead_reckoned_mm":61,"candidate_mm":-1,"viable":[],"lostm":377,"lost_ms":209001,"agree":16,"disagree":15,"losts":2,"auto":0}
ngr/loco/9950011/mm/marker {"mm":62,"landmark":"","obs":"S","peak":70,"ms":138,"drift":0,"dt":177,"timing_gate":"LOW_PWM","dt_expected":0,"dt_conserve_ratio":-1.00,"pwm":0,"v":15.26}
ngr/loco/9950011/telem/voltage 15.26
ngr/loco/9950011/telem/current 0.18
ngr/loco/9950011/telem/power 2.77
ngr/loco/9950011/state/loopstat {"loop_max_gap_ms":33,"hall_task_max_gap_ms":3,"hall_task_age_ms":1,"baseline":1523,"raw":1517,"delta":-6,"queue_drops":0,"floor_rejects":1129,"queue_high_water":1,"mqtt_connect_ms":89,"mqtt_attempts":1,"pub_drops":0,"pub_queue_hw":3,"cmd_drops":0,"pub_per_s":8,"marker_pub_drops":0,"marker_pub_hw":1,"nav":"NO_QUORUM","mm":62,"miss_streak":0,"pwm":0,"lost_markers":378,"lost_ms":209878,"motor_dir":"REV"}
ngr/loco/9950011/state/start_mm 62
ngr/loco/9950011/alert {"level":"NO_QUORUM","reason":"STATUS","loco":"9950011","uptime_ms":515643,"nav":"NO_QUORUM","moving":0,"pwm":0,"est_mm_s":1807,"dir":"CW","session_dir":"CCW","mdir":"REV","rear":44,"front":67,"env":52150,"lc_mm":44,"last_confirmed_landmark":"","age_ms":212507,"since":390,"dead_reckoned_mm":62,"candidate_mm":-1,"viable":[],"lostm":378,"lost_ms":210001,"agree":16,"disagree":15,"losts":2,"auto":0}
ngr/loco/9950011/mm/marker {"mm":63,"landmark":"Grillers","obs":"N","peak":49,"ms":247,"drift":0,"dt":965,"timing_gate":"LOW_PWM","dt_expected":0,"dt_conserve_ratio":-1.00,"pwm":0,"v":15.26}
ngr/loco/9950011/online 0
ngr/loco/9950011/alert {"level":"UNSET","reason":"STATUS","loco":"9950011","uptime_ms":2431,"nav":"UNSET","moving":0,"pwm":0,"est_mm_s":0,"dir":"UNSET","session_dir":"UNSET","mdir":"FWD","rear":0,"front":0,"env":0,"lc_mm":-1,"last_confirmed_landmark":"","age_ms":0,"since":0,"dead_reckoned_mm":0,"candidate_mm":-1,"viable":[],"lostm":0,"lost_ms":0,"agree":0,"disagree":0,"losts":0,"auto":0}
ngr/loco/9950011/state/throttle 0
ngr/loco/9950011/state/direction 2
ngr/loco/9950011/state/estop 0
ngr/loco/9950011/state/auto 0
ngr/loco/9950011/state/session_direction UNSET
ngr/loco/9950011/state/start_interval 000-000
ngr/loco/9950011/state/start_mm 0
ngr/loco/9950011/state/nav_ready 0
ngr/loco/9950011/state/loopstat {"loop_max_gap_ms":2430,"hall_task_max_gap_ms":84,"hall_task_age_ms":0,"baseline":1699,"raw":1567,"delta":-132,"queue_drops":0,"floor_rejects":0,"queue_high_water":0,"mqtt_connect_ms":0,"mqtt_attempts":0,"pub_drops":0,"pub_queue_hw":9,"cmd_drops":0,"pub_per_s":9,"marker_pub_drops":0,"marker_pub_hw":0,"nav":"UNSET","mm":0,"miss_streak":0,"pwm":0,"lost_markers":0,"lost_ms":0,"motor_dir":"FWD"}
ngr/loco/9950011/alert {"level":"UNSET","reason":"STATUS","loco":"9950011","uptime_ms":3430,"nav":"UNSET","moving":0,"pwm":0,"est_mm_s":0,"dir":"UNSET","session_dir":"UNSET","mdir":"FWD","rear":0,"front":0,"env":0,"lc_mm":-1,"last_confirmed_landmark":"","age_ms":0,"since":0,"dead_reckoned_mm":0,"candidate_mm":-1,"viable":[],"lostm":0,"lost_ms":0,"agree":0,"disagree":0,"losts":0,"auto":0}
ngr/loco/9950011/state/loopstat {"loop_max_gap_ms":34,"hall_task_max_gap_ms":6,"hall_task_age_ms":1,"baseline":1699,"raw":1460,"delta":-239,"queue_drops":0,"floor_rejects":0,"queue_high_water":0,"mqtt_connect_ms":0,"mqtt_attempts":0,"pub_drops":0,"pub_queue_hw":11,"cmd_drops":0,"pub_per_s":1,"marker_pub_drops":0,"marker_pub_hw":0,"nav":"UNSET","mm":0,"miss_streak":0,"pwm":0,"lost_markers":0,"lost_ms":0,"motor_dir":"FWD"}
ngr/loco/9950011/online 1
ngr/loco/9950011/state/throttle 0
ngr/loco/9950011/state/direction 2
ngr/loco/9950011/state/brake 0
ngr/loco/9950011/state/estop 0
ngr/loco/9950011/state/auto 0
ngr/loco/9950011/state/session_direction UNSET
ngr/loco/9950011/state/start_interval 000-000
ngr/loco/9950011/state/start_mm 0
ngr/loco/9950011/state/must_hold_eligible 0
ngr/loco/9950011/state/nav_ready 0
ngr/loco/9950011/state/lowvolt 0
ngr/loco/9950011/state/bootid {"sketch":"QUORUM_1_7","loco":"9950011","deadband":25,"entry_margin":13,"min_peak":35,"floor_ms":40,"baseline":"median_128_at_500ms","quorum_trigger":3,"quorum_margin":2,"quorum_max":12}
ngr/loco/9950011/alert {"level":"UNSET","reason":"MQTT_CONNECT","loco":"9950011","uptime_ms":3790,"nav":"UNSET","moving":0,"pwm":0,"est_mm_s":0,"dir":"UNSET","session_dir":"UNSET","mdir":"FWD","rear":0,"front":0,"env":0,"lc_mm":-1,"last_confirmed_landmark":"","age_ms":0,"since":0,"dead_reckoned_mm":0,"candidate_mm":-1,"viable":[],"lostm":0,"lost_ms":0,"agree":0,"disagree":0,"losts":0,"auto":0}
ngr/loco/9950011/state/loopstat {"loop_max_gap_ms":1,"hall_task_max_gap_ms":3,"hall_task_age_ms":1,"baseline":1699,"raw":1462,"delta":-237,"queue_drops":0,"floor_rejects":0,"queue_high_water":0,"mqtt_connect_ms":116,"mqtt_attempts":1,"pub_drops":0,"pub_queue_hw":26,"cmd_drops":0,"pub_per_s":14,"marker_pub_drops":0,"marker_pub_hw":0,"nav":"UNSET","mm":0,"miss_streak":0,"pwm":0,"lost_markers":0,"lost_ms":0,"motor_dir":"FWD"}
ngr/loco/9950011/alert {"level":"UNSET","reason":"STATUS","loco":"9950011","uptime_ms":4790,"nav":"UNSET","moving":0,"pwm":0,"est_mm_s":0,"dir":"UNSET","session_dir":"UNSET","mdir":"FWD","rear":0,"front":0,"env":0,"lc_mm":-1,"last_confirmed_landmark":"","age_ms":0,"since":0,"dead_reckoned_mm":0,"candidate_mm":-1,"viable":[],"lostm":0,"lost_ms":0,"agree":0,"disagree":0,"losts":0,"auto":0}
ngr/loco/9950011/telem/voltage 15.26
ngr/loco/9950011/telem/current 0.18
ngr/loco/9950011/telem/power 2.80
ngr/loco/9950011/state/loopstat {"loop_max_gap_ms":23,"hall_task_max_gap_ms":3,"hall_task_age_ms":1,"baseline":1699,"raw":1524,"delta":-175,"queue_drops":0,"floor_rejects":0,"queue_high_water":0,"mqtt_connect_ms":116,"mqtt_attempts":1,"pub_drops":0,"pub_queue_hw":3,"cmd_drops":0,"pub_per_s":4,"marker_pub_drops":0,"marker_pub_hw":0,"nav":"UNSET","mm":0,"miss_streak":0,"pwm":0,"lost_markers":0,"lost_ms":0,"motor_dir":"FWD"}
ngr/loco/9950011/alert {"level":"UNSET","reason":"STATUS","loco":"9950011","uptime_ms":5790,"nav":"UNSET","moving":0,"pwm":0,"est_mm_s":0,"dir":"UNSET","session_dir":"UNSET","mdir":"FWD","rear":0,"front":0,"env":0,"lc_mm":-1,"last_confirmed_landmark":"","age_ms":0,"since":0,"dead_reckoned_mm":0,"candidate_mm":-1,"viable":[],"lostm":0,"lost_ms":0,"agree":0,"disagree":0,"losts":0,"auto":0}
ngr/loco/9950011/state/loopstat {"loop_max_gap_ms":23,"hall_task_max_gap_ms":2,"hall_task_age_ms":1,"baseline":1699,"raw":1537,"delta":-162,"queue_drops":0,"floor_rejects":0,"queue_high_water":0,"mqtt_connect_ms":116,"mqtt_attempts":1,"pub_drops":0,"pub_queue_hw":1,"cmd_drops":0,"pub_per_s":1,"marker_pub_drops":0,"marker_pub_hw":0,"nav":"UNSET","mm":0,"miss_streak":0,"pwm":0,"lost_markers":0,"lost_ms":0,"motor_dir":"FWD"}
ngr/loco/9950011/alert {"level":"UNSET","reason":"STATUS","loco":"9950011","uptime_ms":6790,"nav":"UNSET","moving":0,"pwm":0,"est_mm_s":0,"dir":"UNSET","session_dir":"UNSET","mdir":"FWD","rear":0,"front":0,"env":0,"lc_mm":-1,"last_confirmed_landmark":"","age_ms":0,"since":0,"dead_reckoned_mm":0,"candidate_mm":-1,"viable":[],"lostm":0,"lost_ms":0,"agree":0,"disagree":0,"losts":0,"auto":0}
ngr/loco/9950011/state/loopstat {"loop_max_gap_ms":22,"hall_task_max_gap_ms":2,"hall_task_age_ms":1,"baseline":1699,"raw":1518,"delta":-181,"queue_drops":0,"floor_rejects":0,"queue_high_water":0,"mqtt_connect_ms":116,"mqtt_attempts":1,"pub_drops":0,"pub_queue_hw":1,"cmd_drops":0,"pub_per_s":1,"marker_pub_drops":0,"marker_pub_hw":0,"nav":"UNSET","mm":0,"miss_streak":0,"pwm":0,"lost_markers":0,"lost_ms":0,"motor_dir":"FWD"}
ngr/loco/9950011/alert {"level":"UNSET","reason":"STATUS","loco":"9950011","uptime_ms":7790,"nav":"UNSET","moving":0,"pwm":0,"est_mm_s":0,"dir":"UNSET","session_dir":"UNSET","mdir":"FWD","rear":0,"front":0,"env":0,"lc_mm":-1,"last_confirmed_landmark":"","age_ms":0,"since":0,"dead_reckoned_mm":0,"candidate_mm":-1,"viable":[],"lostm":0,"lost_ms":0,"agree":0,"disagree":0,"losts":0,"auto":0}
ngr/loco/9950011/state/loopstat {"loop_max_gap_ms":23,"hall_task_max_gap_ms":2,"hall_task_age_ms":1,"baseline":1699,"raw":1512,"delta":-187,"queue_drops":0,"floor_rejects":0,"queue_high_water":0,"mqtt_connect_ms":116,"mqtt_attempts":1,"pub_drops":0,"pub_queue_hw":1,"cmd_drops":0,"pub_per_s":1,"marker_pub_drops":0,"marker_pub_hw":0,"nav":"UNSET","mm":0,"miss_streak":0,"pwm":0,"lost_markers":0,"lost_ms":0,"motor_dir":"FWD"}
ngr/loco/9950011/alert {"level":"UNSET","reason":"STATUS","loco":"9950011","uptime_ms":8790,"nav":"UNSET","moving":0,"pwm":0,"est_mm_s":0,"dir":"UNSET","session_dir":"UNSET","mdir":"FWD","rear":0,"front":0,"env":0,"lc_mm":-1,"last_confirmed_landmark":"","age_ms":0,"since":0,"dead_reckoned_mm":0,"candidate_mm":-1,"viable":[],"lostm":0,"lost_ms":0,"agree":0,"disagree":0,"losts":0,"auto":0}
ngr/loco/9950011/state/loopstat {"loop_max_gap_ms":22,"hall_task_max_gap_ms":2,"hall_task_age_ms":1,"baseline":1699,"raw":1514,"delta":-185,"queue_drops":0,"floor_rejects":0,"queue_high_water":0,"mqtt_connect_ms":116,"mqtt_attempts":1,"pub_drops":0,"pub_queue_hw":1,"cmd_drops":0,"pub_per_s":1,"marker_pub_drops":0,"marker_pub_hw":0,"nav":"UNSET","mm":0,"miss_streak":0,"pwm":0,"lost_markers":0,"lost_ms":0,"motor_dir":"FWD"}
ngr/loco/9950011/alert {"level":"UNSET","reason":"STATUS","loco":"9950011","uptime_ms":9790,"nav":"UNSET","moving":0,"pwm":0,"est_mm_s":0,"dir":"UNSET","session_dir":"UNSET","mdir":"FWD","rear":0,"front":0,"env":0,"lc_mm":-1,"last_confirmed_landmark":"","age_ms":0,"since":0,"dead_reckoned_mm":0,"candidate_mm":-1,"viable":[],"lostm":0,"lost_ms":0,"agree":0,"disagree":0,"losts":0,"auto":0}
ngr/loco/9950011/telem/voltage 15.26
ngr/loco/9950011/telem/current 0.18
ngr/loco/9950011/telem/power 2.77
ngr/loco/9950011/state/loopstat {"loop_max_gap_ms":23,"hall_task_max_gap_ms":2,"hall_task_age_ms":1,"baseline":1699,"raw":1429,"delta":-270,"queue_drops":0,"floor_rejects":0,"queue_high_water":0,"mqtt_connect_ms":116,"mqtt_attempts":1,"pub_drops":0,"pub_queue_hw":3,"cmd_drops":0,"pub_per_s":4,"marker_pub_drops":0,"marker_pub_hw":0,"nav":"UNSET","mm":0,"miss_streak":0,"pwm":0,"lost_markers":0,"lost_ms":0,"motor_dir":"FWD"}
ngr/loco/9950011/alert {"level":"UNSET","reason":"STATUS","loco":"9950011","uptime_ms":10790,"nav":"UNSET","moving":0,"pwm":0,"est_mm_s":0,"dir":"UNSET","session_dir":"UNSET","mdir":"FWD","rear":0,"front":0,"env":0,"lc_mm":-1,"last_confirmed_landmark":"","age_ms":0,"since":0,"dead_reckoned_mm":0,"candidate_mm":-1,"viable":[],"lostm":0,"lost_ms":0,"agree":0,"disagree":0,"losts":0,"auto":0}
ngr/loco/9950011/state/loopstat {"loop_max_gap_ms":22,"hall_task_max_gap_ms":2,"hall_task_age_ms":1,"baseline":1699,"raw":1429,"delta":-270,"queue_drops":0,"floor_rejects":0,"queue_high_water":0,"mqtt_connect_ms":116,"mqtt_attempts":1,"pub_drops":0,"pub_queue_hw":1,"cmd_drops":0,"pub_per_s":1,"marker_pub_drops":0,"marker_pub_hw":0,"nav":"UNSET","mm":0,"miss_streak":0,"pwm":0,"lost_markers":0,"lost_ms":0,"motor_dir":"FWD"}
ngr/loco/9950011/alert {"level":"UNSET","reason":"STATUS","loco":"9950011","uptime_ms":11790,"nav":"UNSET","moving":0,"pwm":0,"est_mm_s":0,"dir":"UNSET","session_dir":"UNSET","mdir":"FWD","rear":0,"front":0,"env":0,"lc_mm":-1,"last_confirmed_landmark":"","age_ms":0,"since":0,"dead_reckoned_mm":0,"candidate_mm":-1,"viable":[],"lostm":0,"lost_ms":0,"agree":0,"disagree":0,"losts":0,"auto":0}
ngr/loco/9950011/state/loopstat {"loop_max_gap_ms":22,"hall_task_max_gap_ms":2,"hall_task_age_ms":1,"baseline":1699,"raw":1430,"delta":-269,"queue_drops":0,"floor_rejects":0,"queue_high_water":0,"mqtt_connect_ms":116,"mqtt_attempts":1,"pub_drops":0,"pub_queue_hw":1,"cmd_drops":0,"pub_per_s":1,"marker_pub_drops":0,"marker_pub_hw":0,"nav":"UNSET","mm":0,"miss_streak":0,"pwm":0,"lost_markers":0,"lost_ms":0,"motor_dir":"FWD"}
ngr/loco/9950011/alert {"level":"UNSET","reason":"STATUS","loco":"9950011","uptime_ms":12790,"nav":"UNSET","moving":0,"pwm":0,"est_mm_s":0,"dir":"UNSET","session_dir":"UNSET","mdir":"FWD","rear":0,"front":0,"env":0,"lc_mm":-1,"last_confirmed_landmark":"","age_ms":0,"since":0,"dead_reckoned_mm":0,"candidate_mm":-1,"viable":[],"lostm":0,"lost_ms":0,"agree":0,"disagree":0,"losts":0,"auto":0}
ngr/loco/9950011/state/loopstat {"loop_max_gap_ms":23,"hall_task_max_gap_ms":2,"hall_task_age_ms":1,"baseline":1699,"raw":1457,"delta":-242,"queue_drops":0,"floor_rejects":0,"queue_high_water":0,"mqtt_connect_ms":116,"mqtt_attempts":1,"pub_drops":0,"pub_queue_hw":1,"cmd_drops":0,"pub_per_s":1,"marker_pub_drops":0,"marker_pub_hw":0,"nav":"UNSET","mm":0,"miss_streak":0,"pwm":0,"lost_markers":0,"lost_ms":0,"motor_dir":"FWD"}
ngr/loco/9950011/alert {"level":"UNSET","reason":"STATUS","loco":"9950011","uptime_ms":13790,"nav":"UNSET","moving":0,"pwm":0,"est_mm_s":0,"dir":"UNSET","session_dir":"UNSET","mdir":"FWD","rear":0,"front":0,"env":0,"lc_mm":-1,"last_confirmed_landmark":"","age_ms":0,"since":0,"dead_reckoned_mm":0,"candidate_mm":-1,"viable":[],"lostm":0,"lost_ms":0,"agree":0,"disagree":0,"losts":0,"auto":0}
ngr/loco/9950011/state/loopstat {"loop_max_gap_ms":22,"hall_task_max_gap_ms":2,"hall_task_age_ms":1,"baseline":1699,"raw":1464,"delta":-235,"queue_drops":0,"floor_rejects":0,"queue_high_water":0,"mqtt_connect_ms":116,"mqtt_attempts":1,"pub_drops":0,"pub_queue_hw":1,"cmd_drops":0,"pub_per_s":1,"marker_pub_drops":0,"marker_pub_hw":0,"nav":"UNSET","mm":0,"miss_streak":0,"pwm":0,"lost_markers":0,"lost_ms":0,"motor_dir":"FWD"}
ngr/loco/9950011/alert {"level":"UNSET","reason":"STATUS","loco":"9950011","uptime_ms":14790,"nav":"UNSET","moving":0,"pwm":0,"est_mm_s":0,"dir":"UNSET","session_dir":"UNSET","mdir":"FWD","rear":0,"front":0,"env":0,"lc_mm":-1,"last_confirmed_landmark":"","age_ms":0,"since":0,"dead_reckoned_mm":0,"candidate_mm":-1,"viable":[],"lostm":0,"lost_ms":0,"agree":0,"disagree":0,"losts":0,"auto":0}
ngr/loco/9950011/telem/voltage 15.27
ngr/loco/9950011/telem/current 0.19
ngr/loco/9950011/telem/power 2.87
ngr/loco/9950011/state/loopstat {"loop_max_gap_ms":22,"hall_task_max_gap_ms":2,"hall_task_age_ms":1,"baseline":1699,"raw":1462,"delta":-237,"queue_drops":0,"floor_rejects":0,"queue_high_water":0,"mqtt_connect_ms":116,"mqtt_attempts":1,"pub_drops":0,"pub_queue_hw":3,"cmd_drops":0,"pub_per_s":4,"marker_pub_drops":0,"marker_pub_hw":0,"nav":"UNSET","mm":0,"miss_streak":0,"pwm":0,"lost_markers":0,"lost_ms":0,"motor_dir":"FWD"}
ngr/loco/9950011/alert {"level":"UNSET","reason":"STATUS","loco":"9950011","uptime_ms":15790,"nav":"UNSET","moving":0,"pwm":0,"est_mm_s":0,"dir":"UNSET","session_dir":"UNSET","mdir":"FWD","rear":0,"front":0,"env":0,"lc_mm":-1,"last_confirmed_landmark":"","age_ms":0,"since":0,"dead_reckoned_mm":0,"candidate_mm":-1,"viable":[],"lostm":0,"lost_ms":0,"agree":0,"disagree":0,"losts":0,"auto":0}
ngr/loco/9950011/state/loopstat {"loop_max_gap_ms":22,"hall_task_max_gap_ms":2,"hall_task_age_ms":1,"baseline":1699,"raw":1480,"delta":-219,"queue_drops":0,"floor_rejects":0,"queue_high_water":0,"mqtt_connect_ms":116,"mqtt_attempts":1,"pub_drops":0,"pub_queue_hw":1,"cmd_drops":0,"pub_per_s":1,"marker_pub_drops":0,"marker_pub_hw":0,"nav":"UNSET","mm":0,"miss_streak":0,"pwm":0,"lost_markers":0,"lost_ms":0,"motor_dir":"FWD"}
ngr/loco/9950011/alert {"level":"UNSET","reason":"STATUS","loco":"9950011","uptime_ms":16790,"nav":"UNSET","moving":0,"pwm":0,"est_mm_s":0,"dir":"UNSET","session_dir":"UNSET","mdir":"FWD","rear":0,"front":0,"env":0,"lc_mm":-1,"last_confirmed_landmark":"","age_ms":0,"since":0,"dead_reckoned_mm":0,"candidate_mm":-1,"viable":[],"lostm":0,"lost_ms":0,"agree":0,"disagree":0,"losts":0,"auto":0}
ngr/loco/9950011/state/loopstat {"loop_max_gap_ms":23,"hall_task_max_gap_ms":2,"hall_task_age_ms":1,"baseline":1699,"raw":1454,"delta":-245,"queue_drops":0,"floor_rejects":0,"queue_high_water":0,"mqtt_connect_ms":116,"mqtt_attempts":1,"pub_drops":0,"pub_queue_hw":1,"cmd_drops":0,"pub_per_s":1,"marker_pub_drops":0,"marker_pub_hw":0,"nav":"UNSET","mm":0,"miss_streak":0,"pwm":0,"lost_markers":0,"lost_ms":0,"motor_dir":"FWD"}
ngr/loco/9950011/alert {"level":"UNSET","reason":"STATUS","loco":"9950011","uptime_ms":17790,"nav":"UNSET","moving":0,"pwm":0,"est_mm_s":0,"dir":"UNSET","session_dir":"UNSET","mdir":"FWD","rear":0,"front":0,"env":0,"lc_mm":-1,"last_confirmed_landmark":"","age_ms":0,"since":0,"dead_reckoned_mm":0,"candidate_mm":-1,"viable":[],"lostm":0,"lost_ms":0,"agree":0,"disagree":0,"losts":0,"auto":0}
ngr/loco/9950011/state/loopstat {"loop_max_gap_ms":23,"hall_task_max_gap_ms":2,"hall_task_age_ms":1,"baseline":1699,"raw":1476,"delta":-223,"queue_drops":0,"floor_rejects":0,"queue_high_water":0,"mqtt_connect_ms":116,"mqtt_attempts":1,"pub_drops":0,"pub_queue_hw":1,"cmd_drops":0,"pub_per_s":1,"marker_pub_drops":0,"marker_pub_hw":0,"nav":"UNSET","mm":0,"miss_streak":0,"pwm":0,"lost_markers":0,"lost_ms":0,"motor_dir":"FWD"}
ngr/loco/9950011/alert {"level":"UNSET","reason":"STATUS","loco":"9950011","uptime_ms":18790,"nav":"UNSET","moving":0,"pwm":0,"est_mm_s":0,"dir":"UNSET","session_dir":"UNSET","mdir":"FWD","rear":0,"front":0,"env":0,"lc_mm":-1,"last_confirmed_landmark":"","age_ms":0,"since":0,"dead_reckoned_mm":0,"candidate_mm":-1,"viable":[],"lostm":0,"lost_ms":0,"agree":0,"disagree":0,"losts":0,"auto":0}
ngr/loco/9950011/state/loopstat {"loop_max_gap_ms":23,"hall_task_max_gap_ms":2,"hall_task_age_ms":1,"baseline":1699,"raw":1452,"delta":-247,"queue_drops":0,"floor_rejects":0,"queue_high_water":0,"mqtt_connect_ms":116,"mqtt_attempts":1,"pub_drops":0,"pub_queue_hw":1,"cmd_drops":0,"pub_per_s":1,"marker_pub_drops":0,"marker_pub_hw":0,"nav":"UNSET","mm":0,"miss_streak":0,"pwm":0,"lost_markers":0,"lost_ms":0,"motor_dir":"FWD"}
ngr/loco/9950011/alert {"level":"UNSET","reason":"STATUS","loco":"9950011","uptime_ms":19790,"nav":"UNSET","moving":0,"pwm":0,"est_mm_s":0,"dir":"UNSET","session_dir":"UNSET","mdir":"FWD","rear":0,"front":0,"env":0,"lc_mm":-1,"last_confirmed_landmark":"","age_ms":0,"since":0,"dead_reckoned_mm":0,"candidate_mm":-1,"viable":[],"lostm":0,"lost_ms":0,"agree":0,"disagree":0,"losts":0,"auto":0}
ngr/loco/9950011/telem/voltage 15.28
ngr/loco/9950011/telem/current 0.18
ngr/loco/9950011/telem/power 2.75
ngr/loco/9950011/state/loopstat {"loop_max_gap_ms":22,"hall_task_max_gap_ms":2,"hall_task_age_ms":1,"baseline":1699,"raw":1481,"delta":-218,"queue_drops":0,"floor_rejects":0,"queue_high_water":0,"mqtt_connect_ms":116,"mqtt_attempts":1,"pub_drops":0,"pub_queue_hw":3,"cmd_drops":0,"pub_per_s":4,"marker_pub_drops":0,"marker_pub_hw":0,"nav":"UNSET","mm":0,"miss_streak":0,"pwm":0,"lost_markers":0,"lost_ms":0,"motor_dir":"FWD"}
ngr/loco/9950011/alert {"level":"UNSET","reason":"STATUS","loco":"9950011","uptime_ms":20790,"nav":"UNSET","moving":0,"pwm":0,"est_mm_s":0,"dir":"UNSET","session_dir":"UNSET","mdir":"FWD","rear":0,"front":0,"env":0,"lc_mm":-1,"last_confirmed_landmark":"","age_ms":0,"since":0,"dead_reckoned_mm":0,"candidate_mm":-1,"viable":[],"lostm":0,"lost_ms":0,"agree":0,"disagree":0,"losts":0,"auto":0}
ngr/loco/9950011/state/loopstat {"loop_max_gap_ms":23,"hall_task_max_gap_ms":2,"hall_task_age_ms":1,"baseline":1699,"raw":1455,"delta":-244,"queue_drops":0,"floor_rejects":0,"queue_high_water":0,"mqtt_connect_ms":116,"mqtt_attempts":1,"pub_drops":0,"pub_queue_hw":1,"cmd_drops":0,"pub_per_s":1,"marker_pub_drops":0,"marker_pub_hw":0,"nav":"UNSET","mm":0,"miss_streak":0,"pwm":0,"lost_markers":0,"lost_ms":0,"motor_dir":"FWD"}
ngr/loco/9950011/alert {"level":"UNSET","reason":"STATUS","loco":"9950011","uptime_ms":21790,"nav":"UNSET","moving":0,"pwm":0,"est_mm_s":0,"dir":"UNSET","session_dir":"UNSET","mdir":"FWD","rear":0,"front":0,"env":0,"lc_mm":-1,"last_confirmed_landmark":"","age_ms":0,"since":0,"dead_reckoned_mm":0,"candidate_mm":-1,"viable":[],"lostm":0,"lost_ms":0,"agree":0,"disagree":0,"losts":0,"auto":0}
ngr/loco/9950011/state/loopstat {"loop_max_gap_ms":23,"hall_task_max_gap_ms":2,"hall_task_age_ms":1,"baseline":1699,"raw":1461,"delta":-238,"queue_drops":0,"floor_rejects":0,"queue_high_water":0,"mqtt_connect_ms":116,"mqtt_attempts":1,"pub_drops":0,"pub_queue_hw":1,"cmd_drops":0,"pub_per_s":1,"marker_pub_drops":0,"marker_pub_hw":0,"nav":"UNSET","mm":0,"miss_streak":0,"pwm":0,"lost_markers":0,"lost_ms":0,"motor_dir":"FWD"}
ngr/loco/9950011/alert {"level":"UNSET","reason":"STATUS","loco":"9950011","uptime_ms":22790,"nav":"UNSET","moving":0,"pwm":0,"est_mm_s":0,"dir":"UNSET","session_dir":"UNSET","mdir":"FWD","rear":0,"front":0,"env":0,"lc_mm":-1,"last_confirmed_landmark":"","age_ms":0,"since":0,"dead_reckoned_mm":0,"candidate_mm":-1,"viable":[],"lostm":0,"lost_ms":0,"agree":0,"disagree":0,"losts":0,"auto":0}
ngr/loco/9950011/state/loopstat {"loop_max_gap_ms":22,"hall_task_max_gap_ms":2,"hall_task_age_ms":1,"baseline":1699,"raw":1449,"delta":-250,"queue_drops":0,"floor_rejects":0,"queue_high_water":0,"mqtt_connect_ms":116,"mqtt_attempts":1,"pub_drops":0,"pub_queue_hw":1,"cmd_drops":0,"pub_per_s":1,"marker_pub_drops":0,"marker_pub_hw":0,"nav":"UNSET","mm":0,"miss_streak":0,"pwm":0,"lost_markers":0,"lost_ms":0,"motor_dir":"FWD"}
ngr/loco/9950011/alert {"level":"UNSET","reason":"STATUS","loco":"9950011","uptime_ms":23790,"nav":"UNSET","moving":0,"pwm":0,"est_mm_s":0,"dir":"UNSET","session_dir":"UNSET","mdir":"FWD","rear":0,"front":0,"env":0,"lc_mm":-1,"last_confirmed_landmark":"","age_ms":0,"since":0,"dead_reckoned_mm":0,"candidate_mm":-1,"viable":[],"lostm":0,"lost_ms":0,"agree":0,"disagree":0,"losts":0,"auto":0}
ngr/loco/9950011/state/loopstat {"loop_max_gap_ms":23,"hall_task_max_gap_ms":2,"hall_task_age_ms":1,"baseline":1699,"raw":1454,"delta":-245,"queue_drops":0,"floor_rejects":0,"queue_high_water":0,"mqtt_connect_ms":116,"mqtt_attempts":1,"pub_drops":0,"pub_queue_hw":1,"cmd_drops":0,"pub_per_s":1,"marker_pub_drops":0,"marker_pub_hw":0,"nav":"UNSET","mm":0,"miss_streak":0,"pwm":0,"lost_markers":0,"lost_ms":0,"motor_dir":"FWD"}
ngr/loco/9950011/alert {"level":"UNSET","reason":"STATUS","loco":"9950011","uptime_ms":24790,"nav":"UNSET","moving":0,"pwm":0,"est_mm_s":0,"dir":"UNSET","session_dir":"UNSET","mdir":"FWD","rear":0,"front":0,"env":0,"lc_mm":-1,"last_confirmed_landmark":"","age_ms":0,"since":0,"dead_reckoned_mm":0,"candidate_mm":-1,"viable":[],"lostm":0,"lost_ms":0,"agree":0,"disagree":0,"losts":0,"auto":0}
ngr/loco/9950011/telem/voltage 15.29
ngr/loco/9950011/telem/current 0.21
ngr/loco/9950011/telem/power 3.18
ngr/loco/9950011/state/loopstat {"loop_max_gap_ms":22,"hall_task_max_gap_ms":2,"hall_task_age_ms":1,"baseline":1699,"raw":1475,"delta":-224,"queue_drops":0,"floor_rejects":0,"queue_high_water":0,"mqtt_connect_ms":116,"mqtt_attempts":1,"pub_drops":0,"pub_queue_hw":3,"cmd_drops":0,"pub_per_s":4,"marker_pub_drops":0,"marker_pub_hw":0,"nav":"UNSET","mm":0,"miss_streak":0,"pwm":0,"lost_markers":0,"lost_ms":0,"motor_dir":"FWD"}
ngr/loco/9950011/alert {"level":"UNSET","reason":"STATUS","loco":"9950011","uptime_ms":25790,"nav":"UNSET","moving":0,"pwm":0,"est_mm_s":0,"dir":"UNSET","session_dir":"UNSET","mdir":"FWD","rear":0,"front":0,"env":0,"lc_mm":-1,"last_confirmed_landmark":"","age_ms":0,"since":0,"dead_reckoned_mm":0,"candidate_mm":-1,"viable":[],"lostm":0,"lost_ms":0,"agree":0,"disagree":0,"losts":0,"auto":0}
ngr/loco/9950011/state/loopstat {"loop_max_gap_ms":22,"hall_task_max_gap_ms":2,"hall_task_age_ms":1,"baseline":1699,"raw":1476,"delta":-223,"queue_drops":0,"floor_rejects":0,"queue_high_water":0,"mqtt_connect_ms":116,"mqtt_attempts":1,"pub_drops":0,"pub_queue_hw":1,"cmd_drops":0,"pub_per_s":1,"marker_pub_drops":0,"marker_pub_hw":0,"nav":"UNSET","mm":0,"miss_streak":0,"pwm":0,"lost_markers":0,"lost_ms":0,"motor_dir":"FWD"}
ngr/loco/9950011/alert {"level":"UNSET","reason":"STATUS","loco":"9950011","uptime_ms":26790,"nav":"UNSET","moving":0,"pwm":0,"est_mm_s":0,"dir":"UNSET","session_dir":"UNSET","mdir":"FWD","rear":0,"front":0,"env":0,"lc_mm":-1,"last_confirmed_landmark":"","age_ms":0,"since":0,"dead_reckoned_mm":0,"candidate_mm":-1,"viable":[],"lostm":0,"lost_ms":0,"agree":0,"disagree":0,"losts":0,"auto":0}
ngr/loco/9950011/state/loopstat {"loop_max_gap_ms":23,"hall_task_max_gap_ms":2,"hall_task_age_ms":1,"baseline":1699,"raw":1440,"delta":-259,"queue_drops":0,"floor_rejects":0,"queue_high_water":0,"mqtt_connect_ms":116,"mqtt_attempts":1,"pub_drops":0,"pub_queue_hw":1,"cmd_drops":0,"pub_per_s":1,"marker_pub_drops":0,"marker_pub_hw":0,"nav":"UNSET","mm":0,"miss_streak":0,"pwm":0,"lost_markers":0,"lost_ms":0,"motor_dir":"FWD"}
ngr/loco/9950011/alert {"level":"UNSET","reason":"STATUS","loco":"9950011","uptime_ms":27790,"nav":"UNSET","moving":0,"pwm":0,"est_mm_s":0,"dir":"UNSET","session_dir":"UNSET","mdir":"FWD","rear":0,"front":0,"env":0,"lc_mm":-1,"last_confirmed_landmark":"","age_ms":0,"since":0,"dead_reckoned_mm":0,"candidate_mm":-1,"viable":[],"lostm":0,"lost_ms":0,"agree":0,"disagree":0,"losts":0,"auto":0}
ngr/loco/9950011/state/loopstat {"loop_max_gap_ms":23,"hall_task_max_gap_ms":2,"hall_task_age_ms":1,"baseline":1699,"raw":1442,"delta":-257,"queue_drops":0,"floor_rejects":0,"queue_high_water":0,"mqtt_connect_ms":116,"mqtt_attempts":1,"pub_drops":0,"pub_queue_hw":1,"cmd_drops":0,"pub_per_s":1,"marker_pub_drops":0,"marker_pub_hw":0,"nav":"UNSET","mm":0,"miss_streak":0,"pwm":0,"lost_markers":0,"lost_ms":0,"motor_dir":"FWD"}
ngr/loco/9950011/alert {"level":"UNSET","reason":"STATUS","loco":"9950011","uptime_ms":28790,"nav":"UNSET","moving":0,"pwm":0,"est_mm_s":0,"dir":"UNSET","session_dir":"UNSET","mdir":"FWD","rear":0,"front":0,"env":0,"lc_mm":-1,"last_confirmed_landmark":"","age_ms":0,"since":0,"dead_reckoned_mm":0,"candidate_mm":-1,"viable":[],"lostm":0,"lost_ms":0,"agree":0,"disagree":0,"losts":0,"auto":0}
ngr/loco/9950011/state/loopstat {"loop_max_gap_ms":22,"hall_task_max_gap_ms":2,"hall_task_age_ms":1,"baseline":1699,"raw":1458,"delta":-241,"queue_drops":0,"floor_rejects":0,"queue_high_water":0,"mqtt_connect_ms":116,"mqtt_attempts":1,"pub_drops":0,"pub_queue_hw":1,"cmd_drops":0,"pub_per_s":1,"marker_pub_drops":0,"marker_pub_hw":0,"nav":"UNSET","mm":0,"miss_streak":0,"pwm":0,"lost_markers":0,"lost_ms":0,"motor_dir":"FWD"}
ngr/loco/9950011/alert {"level":"UNSET","reason":"STATUS","loco":"9950011","uptime_ms":29790,"nav":"UNSET","moving":0,"pwm":0,"est_mm_s":0,"dir":"UNSET","session_dir":"UNSET","mdir":"FWD","rear":0,"front":0,"env":0,"lc_mm":-1,"last_confirmed_landmark":"","age_ms":0,"since":0,"dead_reckoned_mm":0,"candidate_mm":-1,"viable":[],"lostm":0,"lost_ms":0,"agree":0,"disagree":0,"losts":0,"auto":0}
ngr/loco/9950011/telem/voltage 15.27
ngr/loco/9950011/telem/current 0.18
ngr/loco/9950011/telem/power 2.78
ngr/loco/9950011/state/loopstat {"loop_max_gap_ms":23,"hall_task_max_gap_ms":2,"hall_task_age_ms":1,"baseline":1699,"raw":1414,"delta":-285,"queue_drops":0,"floor_rejects":0,"queue_high_water":0,"mqtt_connect_ms":116,"mqtt_attempts":1,"pub_drops":0,"pub_queue_hw":3,"cmd_drops":0,"pub_per_s":4,"marker_pub_drops":0,"marker_pub_hw":0,"nav":"UNSET","mm":0,"miss_streak":0,"pwm":0,"lost_markers":0,"lost_ms":0,"motor_dir":"FWD"}
ngr/loco/9950011/alert {"level":"UNSET","reason":"STATUS","loco":"9950011","uptime_ms":30790,"nav":"UNSET","moving":0,"pwm":0,"est_mm_s":0,"dir":"UNSET","session_dir":"UNSET","mdir":"FWD","rear":0,"front":0,"env":0,"lc_mm":-1,"last_confirmed_landmark":"","age_ms":0,"since":0,"dead_reckoned_mm":0,"candidate_mm":-1,"viable":[],"lostm":0,"lost_ms":0,"agree":0,"disagree":0,"losts":0,"auto":0}
ngr/loco/9950011/state/loopstat {"loop_max_gap_ms":22,"hall_task_max_gap_ms":1,"hall_task_age_ms":1,"baseline":1699,"raw":1399,"delta":-300,"queue_drops":0,"floor_rejects":0,"queue_high_water":0,"mqtt_connect_ms":116,"mqtt_attempts":1,"pub_drops":0,"pub_queue_hw":1,"cmd_drops":0,"pub_per_s":1,"marker_pub_drops":0,"marker_pub_hw":0,"nav":"UNSET","mm":0,"miss_streak":0,"pwm":0,"lost_markers":0,"lost_ms":0,"motor_dir":"FWD"}
ngr/loco/9950011/alert {"level":"UNSET","reason":"STATUS","loco":"9950011","uptime_ms":31790,"nav":"UNSET","moving":0,"pwm":0,"est_mm_s":0,"dir":"UNSET","session_dir":"UNSET","mdir":"FWD","rear":0,"front":0,"env":0,"lc_mm":-1,"last_confirmed_landmark":"","age_ms":0,"since":0,"dead_reckoned_mm":0,"candidate_mm":-1,"viable":[],"lostm":0,"lost_ms":0,"agree":0,"disagree":0,"losts":0,"auto":0}
ngr/loco/9950011/state/loopstat {"loop_max_gap_ms":22,"hall_task_max_gap_ms":1,"hall_task_age_ms":1,"baseline":1699,"raw":1440,"delta":-259,"queue_drops":0,"floor_rejects":0,"queue_high_water":0,"mqtt_connect_ms":116,"mqtt_attempts":1,"pub_drops":0,"pub_queue_hw":1,"cmd_drops":0,"pub_per_s":1,"marker_pub_drops":0,"marker_pub_hw":0,"nav":"UNSET","mm":0,"miss_streak":0,"pwm":0,"lost_markers":0,"lost_ms":0,"motor_dir":"FWD"}
ngr/loco/9950011/alert {"level":"UNSET","reason":"STATUS","loco":"9950011","uptime_ms":32790,"nav":"UNSET","moving":0,"pwm":0,"est_mm_s":0,"dir":"UNSET","session_dir":"UNSET","mdir":"FWD","rear":0,"front":0,"env":0,"lc_mm":-1,"last_confirmed_landmark":"","age_ms":0,"since":0,"dead_reckoned_mm":0,"candidate_mm":-1,"viable":[],"lostm":0,"lost_ms":0,"agree":0,"disagree":0,"losts":0,"auto":0}
ngr/loco/9950011/state/loopstat {"loop_max_gap_ms":23,"hall_task_max_gap_ms":2,"hall_task_age_ms":1,"baseline":1699,"raw":1458,"delta":-241,"queue_drops":0,"floor_rejects":0,"queue_high_water":0,"mqtt_connect_ms":116,"mqtt_attempts":1,"pub_drops":0,"pub_queue_hw":1,"cmd_drops":0,"pub_per_s":1,"marker_pub_drops":0,"marker_pub_hw":0,"nav":"UNSET","mm":0,"miss_streak":0,"pwm":0,"lost_markers":0,"lost_ms":0,"motor_dir":"FWD"}
ngr/loco/9950011/alert {"level":"UNSET","reason":"STATUS","loco":"9950011","uptime_ms":33790,"nav":"UNSET","moving":0,"pwm":0,"est_mm_s":0,"dir":"UNSET","session_dir":"UNSET","mdir":"FWD","rear":0,"front":0,"env":0,"lc_mm":-1,"last_confirmed_landmark":"","age_ms":0,"since":0,"dead_reckoned_mm":0,"candidate_mm":-1,"viable":[],"lostm":0,"lost_ms":0,"agree":0,"disagree":0,"losts":0,"auto":0}
ngr/loco/9950011/mm/marker {"mm":0,"landmark":"Southpoint","obs":"S","peak":352,"ms":35521,"drift":-191,"dt":0,"timing_gate":"NO_POSITION","dt_expected":0,"dt_conserve_ratio":-1.00,"pwm":0,"v":15.28}
ngr/loco/9950011/state/loopstat {"loop_max_gap_ms":23,"hall_task_max_gap_ms":1,"hall_task_age_ms":1,"baseline":1516,"raw":1506,"delta":-10,"queue_drops":0,"floor_rejects":0,"queue_high_water":0,"mqtt_connect_ms":116,"mqtt_attempts":1,"pub_drops":0,"pub_queue_hw":12,"cmd_drops":0,"pub_per_s":1,"marker_pub_drops":0,"marker_pub_hw":0,"nav":"UNSET","mm":0,"miss_streak":0,"pwm":0,"lost_markers":0,"lost_ms":0,"motor_dir":"FWD"}
ngr/loco/9950011/state/loopstat {"loop_max_gap_ms":23,"hall_task_max_gap_ms":2,"hall_task_age_ms":1,"baseline":1486,"raw":1425,"delta":-61,"queue_drops":0,"floor_rejects":3,"queue_high_water":1,"mqtt_connect_ms":116,"mqtt_attempts":1,"pub_drops":0,"pub_queue_hw":22,"cmd_drops":0,"pub_per_s":3,"marker_pub_drops":0,"marker_pub_hw":9,"nav":"UNSET","mm":0,"miss_streak":0,"pwm":0,"lost_markers":0,"lost_ms":0,"motor_dir":"FWD"}
ngr/loco/9950011/alert {"level":"UNSET","reason":"STATUS","loco":"9950011","uptime_ms":42790,"nav":"UNSET","moving":0,"pwm":0,"est_mm_s":0,"dir":"UNSET","session_dir":"UNSET","mdir":"FWD","rear":0,"front":0,"env":0,"lc_mm":-1,"last_confirmed_landmark":"","age_ms":0,"since":0,"dead_reckoned_mm":0,"candidate_mm":-1,"viable":[],"lostm":0,"lost_ms":0,"agree":0,"disagree":0,"losts":0,"auto":0}
ngr/loco/9950011/online 0
ngr/loco/9950011/mm/marker {"mm":0,"landmark":"Southpoint","obs":"S","peak":39,"ms":62,"drift":0,"dt":35815,"timing_gate":"NO_POSITION","dt_expected":0,"dt_conserve_ratio":-1.00,"pwm":0,"v":15.28}
ngr/loco/9950011/mm/marker {"mm":0,"landmark":"Southpoint","obs":"S","peak":75,"ms":1176,"drift":-2,"dt":74,"timing_gate":"NO_POSITION","dt_expected":0,"dt_conserve_ratio":-1.00,"pwm":0,"v":15.28}
ngr/loco/9950011/mm/marker {"mm":0,"landmark":"Southpoint","obs":"S","peak":63,"ms":294,"drift":0,"dt":1215,"timing_gate":"NO_POSITION","dt_expected":0,"dt_conserve_ratio":-1.00,"pwm":0,"v":15.28}
ngr/loco/9950011/mm/marker {"mm":0,"landmark":"Southpoint","obs":"S","peak":54,"ms":108,"drift":-1,"dt":315,"timing_gate":"NO_POSITION","dt_expected":0,"dt_conserve_ratio":-1.00,"pwm":0,"v":15.28}
ngr/loco/9950011/mm/marker {"mm":0,"landmark":"Southpoint","obs":"S","peak":78,"ms":1303,"drift":-14,"dt":114,"timing_gate":"NO_POSITION","dt_expected":0,"dt_conserve_ratio":-1.00,"pwm":0,"v":15.28}
ngr/loco/9950011/mm/marker {"mm":0,"landmark":"Southpoint","obs":"S","peak":41,"ms":68,"drift":0,"dt":1319,"timing_gate":"NO_POSITION","dt_expected":0,"dt_conserve_ratio":-1.00,"pwm":0,"v":15.28}
ngr/loco/9950011/mm/marker {"mm":0,"landmark":"Southpoint","obs":"S","peak":58,"ms":106,"drift":-4,"dt":148,"timing_gate":"NO_POSITION","dt_expected":0,"dt_conserve_ratio":-1.00,"pwm":0,"v":15.28}
ngr/loco/9950011/mm/marker {"mm":0,"landmark":"Southpoint","obs":"S","peak":44,"ms":233,"drift":0,"dt":262,"timing_gate":"NO_POSITION","dt_expected":0,"dt_conserve_ratio":-1.00,"pwm":0,"v":15.28}
ngr/loco/9950011/state/loopstat {"loop_max_gap_ms":22,"hall_task_max_gap_ms":1,"hall_task_age_ms":1,"baseline":1470,"raw":1455,"delta":-15,"queue_drops":0,"floor_rejects":13,"queue_high_water":0,"mqtt_connect_ms":116,"mqtt_attempts":1,"pub_drops":7,"pub_queue_hw":32,"cmd_drops":0,"pub_per_s":1,"marker_pub_drops":0,"marker_pub_hw":0,"nav":"UNSET","mm":0,"miss_streak":0,"pwm":0,"lost_markers":0,"lost_ms":0,"motor_dir":"FWD"}
ngr/loco/9950011/alert {"level":"UNSET","reason":"STATUS","loco":"9950011","uptime_ms":49790,"nav":"UNSET","moving":0,"pwm":0,"est_mm_s":0,"dir":"UNSET","session_dir":"UNSET","mdir":"FWD","rear":0,"front":0,"env":0,"lc_mm":-1,"last_confirmed_landmark":"","age_ms":0,"since":0,"dead_reckoned_mm":0,"candidate_mm":-1,"viable":[],"lostm":0,"lost_ms":0,"agree":0,"disagree":0,"losts":0,"auto":0}
ngr/loco/9950011/telem/voltage 15.29
ngr/loco/9950011/telem/current 0.18
ngr/loco/9950011/mm/marker {"mm":0,"landmark":"Southpoint","obs":"S","peak":54,"ms":78,"drift":0,"dt":306,"timing_gate":"NO_POSITION","dt_expected":0,"dt_conserve_ratio":-1.00,"pwm":0,"v":15.28}
ngr/loco/9950011/mm/marker {"mm":0,"landmark":"Southpoint","obs":"S","peak":76,"ms":1285,"drift":-2,"dt":207,"timing_gate":"NO_POSITION","dt_expected":0,"dt_conserve_ratio":-1.00,"pwm":0,"v":15.28}
ngr/loco/9950011/mm/marker {"mm":0,"landmark":"Southpoint","obs":"N","peak":87,"ms":60,"drift":0,"dt":1313,"timing_gate":"NO_POSITION","dt_expected":0,"dt_conserve_ratio":-1.00,"pwm":0,"v":15.28}
ngr/loco/9950011/mm/marker {"mm":0,"landmark":"Southpoint","obs":"S","peak":45,"ms":41,"drift":0,"dt":1551,"timing_gate":"NO_POSITION","dt_expected":0,"dt_conserve_ratio":-1.00,"pwm":0,"v":15.30}
ngr/loco/9950011/mm/marker {"mm":0,"landmark":"Southpoint","obs":"S","peak":44,"ms":97,"drift":0,"dt":161,"timing_gate":"NO_POSITION","dt_expected":0,"dt_conserve_ratio":-1.00,"pwm":0,"v":15.30}
ngr/loco/9950011/mm/marker {"mm":0,"landmark":"Southpoint","obs":"S","peak":57,"ms":173,"drift":-4,"dt":548,"timing_gate":"NO_POSITION","dt_expected":0,"dt_conserve_ratio":-1.00,"pwm":0,"v":15.30}
ngr/loco/9950011/mm/marker {"mm":0,"landmark":"Southpoint","obs":"S","peak":39,"ms":83,"drift":-4,"dt":1110,"timing_gate":"NO_POSITION","dt_expected":0,"dt_conserve_ratio":-1.00,"pwm":0,"v":15.30}
ngr/loco/9950011/mm/marker {"mm":0,"landmark":"Southpoint","obs":"S","peak":59,"ms":824,"drift":-2,"dt":2876,"timing_gate":"NO_POSITION","dt_expected":0,"dt_conserve_ratio":-1.00,"pwm":0,"v":15.29}
ngr/loco/9950011/telem/power 2.80
ngr/loco/9950011/state/loopstat {"loop_max_gap_ms":23,"hall_task_max_gap_ms":1,"hall_task_age_ms":1,"baseline":1468,"raw":1443,"delta":-25,"queue_drops":0,"floor_rejects":15,"queue_high_water":0,"mqtt_connect_ms":116,"mqtt_attempts":1,"pub_drops":11,"pub_queue_hw":32,"cmd_drops":0,"pub_per_s":4,"marker_pub_drops":0,"marker_pub_hw":0,"nav":"UNSET","mm":0,"miss_streak":0,"pwm":0,"lost_markers":0,"lost_ms":0,"motor_dir":"FWD"}
ngr/loco/9950011/alert {"level":"UNSET","reason":"STATUS","loco":"9950011","uptime_ms":50790,"nav":"UNSET","moving":0,"pwm":0,"est_mm_s":0,"dir":"UNSET","session_dir":"UNSET","mdir":"FWD","rear":0,"front":0,"env":0,"lc_mm":-1,"last_confirmed_landmark":"","age_ms":0,"since":0,"dead_reckoned_mm":0,"candidate_mm":-1,"viable":[],"lostm":0,"lost_ms":0,"agree":0,"disagree":0,"losts":0,"auto":0}
ngr/loco/9950011/state/loopstat {"loop_max_gap_ms":23,"hall_task_max_gap_ms":1,"hall_task_age_ms":1,"baseline":1468,"raw":1491,"delta":23,"queue_drops":0,"floor_rejects":16,"queue_high_water":1,"mqtt_connect_ms":116,"mqtt_attempts":1,"pub_drops":13,"pub_queue_hw":32,"cmd_drops":0,"pub_per_s":5,"marker_pub_drops":0,"marker_pub_hw":19,"nav":"UNSET","mm":0,"miss_streak":0,"pwm":0,"lost_markers":0,"lost_ms":0,"motor_dir":"FWD"}
ngr/loco/9950011/mm/marker {"mm":0,"landmark":"Southpoint","obs":"S","peak":57,"ms":102,"drift":0,"dt":832,"timing_gate":"NO_POSITION","dt_expected":0,"dt_conserve_ratio":-1.00,"pwm":0,"v":15.29}
ngr/loco/9950011/mm/marker {"mm":0,"landmark":"Southpoint","obs":"S","peak":47,"ms":98,"drift":0,"dt":246,"timing_gate":"NO_POSITION","dt_expected":0,"dt_conserve_ratio":-1.00,"pwm":0,"v":15.29}
ngr/loco/9950011/mm/marker {"mm":0,"landmark":"Southpoint","obs":"S","peak":44,"ms":96,"drift":0,"dt":155,"timing_gate":"NO_POSITION","dt_expected":0,"dt_conserve_ratio":-1.00,"pwm":0,"v":15.29}
ngr/loco/9950011/mm/marker {"mm":0,"landmark":"Southpoint","obs":"N","peak":74,"ms":330,"drift":0,"dt":313,"timing_gate":"NO_POSITION","dt_expected":0,"dt_conserve_ratio":-1.00,"pwm":0,"v":15.29}
ngr/loco/9950011/mm/marker {"mm":0,"landmark":"Southpoint","obs":"N","peak":47,"ms":86,"drift":0,"dt":344,"timing_gate":"NO_POSITION","dt_expected":0,"dt_conserve_ratio":-1.00,"pwm":0,"v":15.29}
ngr/loco/9950011/mm/marker {"mm":0,"landmark":"Southpoint","obs":"S","peak":63,"ms":572,"drift":-1,"dt":156,"timing_gate":"NO_POSITION","dt_expected":0,"dt_conserve_ratio":-1.00,"pwm":0,"v":15.29}
ngr/loco/9950011/mm/marker {"mm":0,"landmark":"Southpoint","obs":"S","peak":50,"ms":97,"drift":-1,"dt":1589,"timing_gate":"NO_POSITION","dt_expected":0,"dt_conserve_ratio":-1.00,"pwm":0,"v":15.29}
ngr/loco/9950011/mm/marker {"mm":0,"landmark":"Southpoint","obs":"S","peak":63,"ms":577,"drift":-1,"dt":382,"timing_gate":"NO_POSITION","dt_expected":0,"dt_conserve_ratio":-1.00,"pwm":0,"v":15.29}
ngr/loco/9950011/alert {"level":"UNSET","reason":"STATUS","loco":"9950011","uptime_ms":51790,"nav":"UNSET","moving":0,"pwm":0,"est_mm_s":0,"dir":"UNSET","session_dir":"UNSET","mdir":"FWD","rear":0,"front":0,"env":0,"lc_mm":-1,"last_confirmed_landmark":"","age_ms":0,"since":0,"dead_reckoned_mm":0,"candidate_mm":-1,"viable":[],"lostm":0,"lost_ms":0,"agree":0,"disagree":0,"losts":0,"auto":0}
ngr/loco/9950011/state/loopstat {"loop_max_gap_ms":22,"hall_task_max_gap_ms":1,"hall_task_age_ms":1,"baseline":1466,"raw":1461,"delta":-5,"queue_drops":0,"floor_rejects":16,"queue_high_water":1,"mqtt_connect_ms":116,"mqtt_attempts":1,"pub_drops":15,"pub_queue_hw":32,"cmd_drops":0,"pub_per_s":4,"marker_pub_drops":0,"marker_pub_hw":22,"nav":"UNSET","mm":0,"miss_streak":0,"pwm":0,"lost_markers":0,"lost_ms":0,"motor_dir":"FWD"}
ngr/loco/9950011/alert {"level":"UNSET","reason":"STATUS","loco":"9950011","uptime_ms":52790,"nav":"UNSET","moving":0,"pwm":0,"est_mm_s":0,"dir":"UNSET","session_dir":"UNSET","mdir":"FWD","rear":0,"front":0,"env":0,"lc_mm":-1,"last_confirmed_landmark":"","age_ms":0,"since":0,"dead_reckoned_mm":0,"candidate_mm":-1,"viable":[],"lostm":0,"lost_ms":0,"agree":0,"disagree":0,"losts":0,"auto":0}
ngr/loco/9950011/state/loopstat {"loop_max_gap_ms":23,"hall_task_max_gap_ms":1,"hall_task_age_ms":1,"baseline":1465,"raw":1458,"delta":-7,"queue_drops":0,"floor_rejects":17,"queue_high_water":1,"mqtt_connect_ms":116,"mqtt_attempts":1,"pub_drops":17,"pub_queue_hw":32,"cmd_drops":0,"pub_per_s":2,"marker_pub_drops":0,"marker_pub_hw":23,"nav":"UNSET","mm":0,"miss_streak":0,"pwm":0,"lost_markers":0,"lost_ms":0,"motor_dir":"FWD"}
ngr/loco/9950011/mm/marker {"mm":0,"landmark":"Southpoint","obs":"S","peak":61,"ms":241,"drift":-1,"dt":600,"timing_gate":"NO_POSITION","dt_expected":0,"dt_conserve_ratio":-1.00,"pwm":0,"v":15.29}
ngr/loco/9950011/mm/marker {"mm":0,"landmark":"Southpoint","obs":"S","peak":47,"ms":137,"drift":0,"dt":309,"timing_gate":"NO_POSITION","dt_expected":0,"dt_conserve_ratio":-1.00,"pwm":0,"v":15.29}
ngr/loco/9950011/mm/marker {"mm":0,"landmark":"Southpoint","obs":"S","peak":75,"ms":427,"drift":0,"dt":309,"timing_gate":"NO_POSITION","dt_expected":0,"dt_conserve_ratio":-1.00,"pwm":0,"v":15.28}
ngr/loco/9950011/mm/marker {"mm":0,"landmark":"Southpoint","obs":"S","peak":45,"ms":123,"drift":0,"dt":458,"timing_gate":"NO_POSITION","dt_expected":0,"dt_conserve_ratio":-1.00,"pwm":0,"v":15.28}
ngr/loco/9950011/mm/marker {"mm":0,"landmark":"Southpoint","obs":"N","peak":45,"ms":208,"drift":0,"dt":164,"timing_gate":"NO_POSITION","dt_expected":0,"dt_conserve_ratio":-1.00,"pwm":0,"v":15.28}
ngr/loco/9950011/mm/marker {"mm":0,"landmark":"Southpoint","obs":"S","peak":45,"ms":74,"drift":0,"dt":392,"timing_gate":"NO_POSITION","dt_expected":0,"dt_conserve_ratio":-1.00,"pwm":0,"v":15.28}
ngr/loco/9950011/mm/marker {"mm":0,"landmark":"Southpoint","obs":"S","peak":47,"ms":230,"drift":0,"dt":110,"timing_gate":"NO_POSITION","dt_expected":0,"dt_conserve_ratio":-1.00,"pwm":0,"v":15.28}
ngr/loco/9950011/mm/marker {"mm":0,"landmark":"Southpoint","obs":"S","peak":43,"ms":77,"drift":-1,"dt":251,"timing_gate":"NO_POSITION","dt_expected":0,"dt_conserve_ratio":-1.00,"pwm":0,"v":15.28}
ngr/loco/9950011/alert {"level":"UNSET","reason":"STATUS","loco":"9950011","uptime_ms":53790,"nav":"UNSET","moving":0,"pwm":0,"est_mm_s":0,"dir":"UNSET","session_dir":"UNSET","mdir":"FWD","rear":0,"front":0,"env":0,"lc_mm":-1,"last_confirmed_landmark":"","age_ms":0,"since":0,"dead_reckoned_mm":0,"candidate_mm":-1,"viable":[],"lostm":0,"lost_ms":0,"agree":0,"disagree":0,"losts":0,"auto":0}
ngr/loco/9950011/state/loopstat {"loop_max_gap_ms":22,"hall_task_max_gap_ms":2,"hall_task_age_ms":1,"baseline":1463,"raw":1434,"delta":-29,"queue_drops":0,"floor_rejects":17,"queue_high_water":1,"mqtt_connect_ms":116,"mqtt_attempts":1,"pub_drops":19,"pub_queue_hw":32,"cmd_drops":0,"pub_per_s":2,"marker_pub_drops":0,"marker_pub_hw":24,"nav":"UNSET","mm":0,"miss_streak":0,"pwm":0,"lost_markers":0,"lost_ms":0,"motor_dir":"FWD"}
ngr/loco/9950011/alert {"level":"UNSET","reason":"STATUS","loco":"9950011","uptime_ms":54790,"nav":"UNSET","moving":0,"pwm":0,"est_mm_s":0,"dir":"UNSET","session_dir":"UNSET","mdir":"FWD","rear":0,"front":0,"env":0,"lc_mm":-1,"last_confirmed_landmark":"","age_ms":0,"since":0,"dead_reckoned_mm":0,"candidate_mm":-1,"viable":[],"lostm":0,"lost_ms":0,"agree":0,"disagree":0,"losts":0,"auto":0}
ngr/loco/9950011/telem/voltage 15.28
ngr/loco/9950011/mm/marker {"mm":0,"landmark":"Southpoint","obs":"S","peak":58,"ms":366,"drift":-1,"dt":294,"timing_gate":"NO_POSITION","dt_expected":0,"dt_conserve_ratio":-1.00,"pwm":0,"v":15.28}
ngr/loco/9950011/mm/marker {"mm":0,"landmark":"Southpoint","obs":"N","peak":95,"ms":79,"drift":0,"dt":368,"timing_gate":"NO_POSITION","dt_expected":0,"dt_conserve_ratio":-1.00,"pwm":0,"v":15.28}
ngr/loco/9950011/mm/marker {"mm":0,"landmark":"Southpoint","obs":"N","peak":42,"ms":63,"drift":0,"dt":1500,"timing_gate":"NO_POSITION","dt_expected":0,"dt_conserve_ratio":-1.00,"pwm":0,"v":15.28}
ngr/loco/9950011/telem/current 0.19
ngr/loco/9950011/telem/power 2.88
ngr/loco/9950011/online 1
ngr/loco/9950011/state/throttle 0
ngr/loco/9950011/state/direction 2
ngr/loco/9950011/state/brake 0
ngr/loco/9950011/state/estop 0
ngr/loco/9950011/state/auto 0
ngr/loco/9950011/state/session_direction UNSET
ngr/loco/9950011/state/start_interval 000-000
ngr/loco/9950011/state/start_mm 0
ngr/loco/9950011/state/must_hold_eligible 0
ngr/loco/9950011/state/nav_ready 0
ngr/loco/9950011/state/lowvolt 0
ngr/loco/9950011/state/bootid {"sketch":"QUORUM_1_7","loco":"9950011","deadband":25,"entry_margin":13,"min_peak":35,"floor_ms":40,"baseline":"median_128_at_500ms","quorum_trigger":3,"quorum_margin":2,"quorum_max":12}
ngr/loco/9950011/alert {"level":"UNSET","reason":"MQTT_CONNECT","loco":"9950011","uptime_ms":55021,"nav":"UNSET","moving":0,"pwm":0,"est_mm_s":0,"dir":"UNSET","session_dir":"UNSET","mdir":"FWD","rear":0,"front":0,"env":0,"lc_mm":-1,"last_confirmed_landmark":"","age_ms":0,"since":0,"dead_reckoned_mm":0,"candidate_mm":-1,"viable":[],"lostm":0,"lost_ms":0,"agree":0,"disagree":0,"losts":0,"auto":0}
ngr/loco/9950011/state/loopstat {"loop_max_gap_ms":23,"hall_task_max_gap_ms":3,"hall_task_age_ms":1,"baseline":1463,"raw":1445,"delta":-18,"queue_drops":0,"floor_rejects":18,"queue_high_water":1,"mqtt_connect_ms":33,"mqtt_attempts":2,"pub_drops":31,"pub_queue_hw":32,"cmd_drops":0,"pub_per_s":21,"marker_pub_drops":0,"marker_pub_hw":26,"nav":"UNSET","mm":0,"miss_streak":0,"pwm":0,"lost_markers":0,"lost_ms":0,"motor_dir":"FWD"}
ngr/loco/9950011/alert {"level":"UNSET","reason":"STATUS","loco":"9950011","uptime_ms":56021,"nav":"UNSET","moving":0,"pwm":0,"est_mm_s":0,"dir":"UNSET","session_dir":"UNSET","mdir":"FWD","rear":0,"front":0,"env":0,"lc_mm":-1,"last_confirmed_landmark":"","age_ms":0,"since":0,"dead_reckoned_mm":0,"candidate_mm":-1,"viable":[],"lostm":0,"lost_ms":0,"agree":0,"disagree":0,"losts":0,"auto":0}
ngr/loco/9950011/state/loopstat {"loop_max_gap_ms":23,"hall_task_max_gap_ms":2,"hall_task_age_ms":1,"baseline":1461,"raw":1463,"delta":2,"queue_drops":0,"floor_rejects":18,"queue_high_water":1,"mqtt_connect_ms":33,"mqtt_attempts":2,"pub_drops":31,"pub_queue_hw":30,"cmd_drops":0,"pub_per_s":6,"marker_pub_drops":0,"marker_pub_hw":17,"nav":"UNSET","mm":0,"miss_streak":0,"pwm":0,"lost_markers":0,"lost_ms":0,"motor_dir":"FWD"}
ngr/loco/9950011/alert {"level":"UNSET","reason":"STATUS","loco":"9950011","uptime_ms":57021,"nav":"UNSET","moving":0,"pwm":0,"est_mm_s":0,"dir":"UNSET","session_dir":"UNSET","mdir":"FWD","rear":0,"front":0,"env":0,"lc_mm":-1,"last_confirmed_landmark":"","age_ms":0,"since":0,"dead_reckoned_mm":0,"candidate_mm":-1,"viable":[],"lostm":0,"lost_ms":0,"agree":0,"disagree":0,"losts":0,"auto":0}
ngr/loco/9950011/state/loopstat {"loop_max_gap_ms":23,"hall_task_max_gap_ms":3,"hall_task_age_ms":1,"baseline":1460,"raw":1461,"delta":1,"queue_drops":0,"floor_rejects":21,"queue_high_water":1,"mqtt_connect_ms":33,"mqtt_attempts":2,"pub_drops":31,"pub_queue_hw":24,"cmd_drops":0,"pub_per_s":3,"marker_pub_drops":0,"marker_pub_hw":18,"nav":"UNSET","mm":0,"miss_streak":0,"pwm":0,"lost_markers":0,"lost_ms":0,"motor_dir":"FWD"}
ngr/loco/9950011/alert {"level":"UNSET","reason":"STATUS","loco":"9950011","uptime_ms":58021,"nav":"UNSET","moving":0,"pwm":0,"est_mm_s":0,"dir":"UNSET","session_dir":"UNSET","mdir":"FWD","rear":0,"front":0,"env":0,"lc_mm":-1,"last_confirmed_landmark":"","age_ms":0,"since":0,"dead_reckoned_mm":0,"candidate_mm":-1,"viable":[],"lostm":0,"lost_ms":0,"agree":0,"disagree":0,"losts":0,"auto":0}
ngr/loco/9950011/state/loopstat {"loop_max_gap_ms":23,"hall_task_max_gap_ms":2,"hall_task_age_ms":1,"baseline":1459,"raw":1444,"delta":-15,"queue_drops":0,"floor_rejects":21,"queue_high_water":0,"mqtt_connect_ms":33,"mqtt_attempts":2,"pub_drops":31,"pub_queue_hw":26,"cmd_drops":0,"pub_per_s":1,"marker_pub_drops":0,"marker_pub_hw":0,"nav":"UNSET","mm":0,"miss_streak":0,"pwm":0,"lost_markers":0,"lost_ms":0,"motor_dir":"FWD"}
ngr/loco/9950011/mm/marker {"mm":0,"landmark":"Southpoint","obs":"S","peak":65,"ms":187,"drift":0,"dt":192,"timing_gate":"NO_POSITION","dt_expected":0,"dt_conserve_ratio":-1.00,"pwm":0,"v":15.28}
ngr/loco/9950011/cmd/session_direction CCW
ngr/loco/9950011/alert {"level":"UNSET","reason":"STATUS","loco":"9950011","uptime_ms":59021,"nav":"UNSET","moving":0,"pwm":0,"est_mm_s":0,"dir":"UNSET","session_dir":"UNSET","mdir":"FWD","rear":0,"front":0,"env":0,"lc_mm":-1,"last_confirmed_landmark":"","age_ms":0,"since":0,"dead_reckoned_mm":0,"candidate_mm":-1,"viable":[],"lostm":0,"lost_ms":0,"agree":0,"disagree":0,"losts":0,"auto":0}
ngr/loco/9950011/mm/marker {"mm":0,"landmark":"Southpoint","obs":"S","peak":51,"ms":105,"drift":-1,"dt":694,"timing_gate":"NO_POSITION","dt_expected":0,"dt_conserve_ratio":-1.00,"pwm":0,"v":15.28}
ngr/loco/9950011/state/loopstat {"loop_max_gap_ms":23,"hall_task_max_gap_ms":2,"hall_task_age_ms":1,"baseline":1458,"raw":1447,"delta":-11,"queue_drops":0,"floor_rejects":26,"queue_high_water":1,"mqtt_connect_ms":33,"mqtt_attempts":2,"pub_drops":31,"pub_queue_hw":1,"cmd_drops":0,"pub_per_s":4,"marker_pub_drops":0,"marker_pub_hw":7,"nav":"UNSET","mm":0,"miss_streak":0,"pwm":0,"lost_markers":0,"lost_ms":0,"motor_dir":"FWD"}
ngr/loco/9950011/mm/marker {"mm":0,"landmark":"Southpoint","obs":"S","peak":58,"ms":64,"drift":0,"dt":179,"timing_gate":"NO_POSITION","dt_expected":0,"dt_conserve_ratio":-1.00,"pwm":0,"v":15.28}
ngr/loco/9950011/mm/marker {"mm":0,"landmark":"Southpoint","obs":"S","peak":53,"ms":46,"drift":0,"dt":80,"timing_gate":"NO_POSITION","dt_expected":0,"dt_conserve_ratio":-1.00,"pwm":0,"v":15.28}
ngr/loco/9950011/mm/marker {"mm":0,"landmark":"Southpoint","obs":"S","peak":62,"ms":80,"drift":0,"dt":125,"timing_gate":"NO_POSITION","dt_expected":0,"dt_conserve_ratio":-1.00,"pwm":0,"v":15.28}
ngr/loco/9950011/telem/voltage 15.26
ngr/loco/9950011/telem/current 0.18
ngr/loco/9950011/telem/power 2.76
ngr/loco/9950011/alert {"level":"UNSET","reason":"STATUS","loco":"9950011","uptime_ms":60021,"nav":"UNSET","moving":0,"pwm":0,"est_mm_s":0,"dir":"UNSET","session_dir":"UNSET","mdir":"FWD","rear":0,"front":0,"env":0,"lc_mm":-1,"last_confirmed_landmark":"","age_ms":0,"since":0,"dead_reckoned_mm":0,"candidate_mm":-1,"viable":[],"lostm":0,"lost_ms":0,"agree":0,"disagree":0,"losts":0,"auto":0}
ngr/loco/9950011/mm/marker {"mm":0,"landmark":"Southpoint","obs":"S","peak":56,"ms":81,"drift":0,"dt":628,"timing_gate":"NO_POSITION","dt_expected":0,"dt_conserve_ratio":-1.00,"pwm":0,"v":15.26}
ngr/loco/9950011/state/loopstat {"loop_max_gap_ms":23,"hall_task_max_gap_ms":2,"hall_task_age_ms":1,"baseline":1457,"raw":1416,"delta":-41,"queue_drops":0,"floor_rejects":30,"queue_high_water":1,"mqtt_connect_ms":33,"mqtt_attempts":2,"pub_drops":31,"pub_queue_hw":3,"cmd_drops":0,"pub_per_s":8,"marker_pub_drops":0,"marker_pub_hw":1,"nav":"UNSET","mm":0,"miss_streak":0,"pwm":0,"lost_markers":0,"lost_ms":0,"motor_dir":"FWD"}
ngr/loco/9950011/mm/marker {"mm":0,"landmark":"Southpoint","obs":"S","peak":69,"ms":179,"drift":0,"dt":87,"timing_gate":"NO_POSITION","dt_expected":0,"dt_conserve_ratio":-1.00,"pwm":0,"v":15.26}
ngr/loco/9950011/alert {"level":"UNSET","reason":"STATUS","loco":"9950011","uptime_ms":61021,"nav":"UNSET","moving":0,"pwm":0,"est_mm_s":0,"dir":"UNSET","session_dir":"UNSET","mdir":"FWD","rear":0,"front":0,"env":0,"lc_mm":-1,"last_confirmed_landmark":"","age_ms":0,"since":0,"dead_reckoned_mm":0,"candidate_mm":-1,"viable":[],"lostm":0,"lost_ms":0,"agree":0,"disagree":0,"losts":0,"auto":0}
ngr/loco/9950011/state/loopstat {"loop_max_gap_ms":23,"hall_task_max_gap_ms":2,"hall_task_age_ms":1,"baseline":1455,"raw":1421,"delta":-34,"queue_drops":0,"floor_rejects":31,"queue_high_water":1,"mqtt_connect_ms":33,"mqtt_attempts":2,"pub_drops":31,"pub_queue_hw":1,"cmd_drops":0,"pub_per_s":3,"marker_pub_drops":0,"marker_pub_hw":1,"nav":"UNSET","mm":0,"miss_streak":0,"pwm":0,"lost_markers":0,"lost_ms":0,"motor_dir":"FWD"}
ngr/loco/9950011/alert {"level":"UNSET","reason":"STATUS","loco":"9950011","uptime_ms":62021,"nav":"UNSET","moving":0,"pwm":0,"est_mm_s":0,"dir":"UNSET","session_dir":"UNSET","mdir":"FWD","rear":0,"front":0,"env":0,"lc_mm":-1,"last_confirmed_landmark":"","age_ms":0,"since":0,"dead_reckoned_mm":0,"candidate_mm":-1,"viable":[],"lostm":0,"lost_ms":0,"agree":0,"disagree":0,"losts":0,"auto":0}
ngr/loco/9950011/state/loopstat {"loop_max_gap_ms":22,"hall_task_max_gap_ms":2,"hall_task_age_ms":1,"baseline":1454,"raw":1449,"delta":-5,"queue_drops":0,"floor_rejects":34,"queue_high_water":1,"mqtt_connect_ms":33,"mqtt_attempts":2,"pub_drops":31,"pub_queue_hw":2,"cmd_drops":0,"pub_per_s":5,"marker_pub_drops":0,"marker_pub_hw":5,"nav":"UNSET","mm":0,"miss_streak":0,"pwm":0,"lost_markers":0,"lost_ms":0,"motor_dir":"FWD"}
ngr/loco/9950011/cmd/session_direction CCW
ngr/loco/9950011/mm/marker {"mm":0,"landmark":"Southpoint","obs":"S","peak":38,"ms":54,"drift":0,"dt":712,"timing_gate":"NO_POSITION","dt_expected":0,"dt_conserve_ratio":-1.00,"pwm":0,"v":15.26}
ngr/loco/9950011/mm/marker {"mm":0,"landmark":"Southpoint","obs":"S","peak":80,"ms":340,"drift":-1,"dt":94,"timing_gate":"NO_POSITION","dt_expected":0,"dt_conserve_ratio":-1.00,"pwm":0,"v":15.26}
ngr/loco/9950011/mm/marker {"mm":0,"landmark":"Southpoint","obs":"S","peak":47,"ms":168,"drift":0,"dt":423,"timing_gate":"NO_POSITION","dt_expected":0,"dt_conserve_ratio":-1.00,"pwm":0,"v":15.26}
ngr/loco/9950011/mm/marker {"mm":0,"landmark":"Southpoint","obs":"S","peak":57,"ms":163,"drift":0,"dt":453,"timing_gate":"NO_POSITION","dt_expected":0,"dt_conserve_ratio":-1.00,"pwm":0,"v":15.26}
ngr/loco/9950011/mm/marker {"mm":0,"landmark":"Southpoint","obs":"S","peak":49,"ms":59,"drift":0,"dt":264,"timing_gate":"NO_POSITION","dt_expected":0,"dt_conserve_ratio":-1.00,"pwm":0,"v":15.26}
ngr/loco/9950011/mm/marker {"mm":0,"landmark":"Southpoint","obs":"S","peak":39,"ms":56,"drift":0,"dt":319,"timing_gate":"NO_POSITION","dt_expected":0,"dt_conserve_ratio":-1.00,"pwm":0,"v":15.26}
ngr/loco/9950011/mm/marker {"mm":0,"landmark":"Southpoint","obs":"S","peak":43,"ms":75,"drift":0,"dt":184,"timing_gate":"NO_POSITION","dt_expected":0,"dt_conserve_ratio":-1.00,"pwm":0,"v":15.26}
ngr/loco/9950011/mm/marker {"mm":0,"landmark":"Southpoint","obs":"N","peak":40,"ms":51,"drift":0,"dt":240,"timing_gate":"NO_POSITION","dt_expected":0,"dt_conserve_ratio":-1.00,"pwm":0,"v":15.26}
ngr/loco/9950011/alert {"level":"UNSET","reason":"STATUS","loco":"9950011","uptime_ms":63021,"nav":"UNSET","moving":0,"pwm":0,"est_mm_s":0,"dir":"UNSET","session_dir":"UNSET","mdir":"FWD","rear":0,"front":0,"env":0,"lc_mm":-1,"last_confirmed_landmark":"","age_ms":0,"since":0,"dead_reckoned_mm":0,"candidate_mm":-1,"viable":[],"lostm":0,"lost_ms":0,"agree":0,"disagree":0,"losts":0,"auto":0}
ngr/loco/9950011/state/loopstat {"loop_max_gap_ms":22,"hall_task_max_gap_ms":2,"hall_task_age_ms":1,"baseline":1454,"raw":1496,"delta":42,"queue_drops":0,"floor_rejects":35,"queue_high_water":1,"mqtt_connect_ms":33,"mqtt_attempts":2,"pub_drops":31,"pub_queue_hw":4,"cmd_drops":0,"pub_per_s":5,"marker_pub_drops":0,"marker_pub_hw":9,"nav":"UNSET","mm":0,"miss_streak":0,"pwm":0,"lost_markers":0,"lost_ms":0,"motor_dir":"FWD"}
ngr/loco/9950011/alert {"level":"UNSET","reason":"STATUS","loco":"9950011","uptime_ms":64021,"nav":"UNSET","moving":0,"pwm":0,"est_mm_s":0,"dir":"UNSET","session_dir":"UNSET","mdir":"FWD","rear":0,"front":0,"env":0,"lc_mm":-1,"last_confirmed_landmark":"","age_ms":0,"since":0,"dead_reckoned_mm":0,"candidate_mm":-1,"viable":[],"lostm":0,"lost_ms":0,"agree":0,"disagree":0,"losts":0,"auto":0}
ngr/loco/9950011/state/loopstat {"loop_max_gap_ms":23,"hall_task_max_gap_ms":1,"hall_task_age_ms":1,"baseline":1454,"raw":1423,"delta":-31,"queue_drops":0,"floor_rejects":36,"queue_high_water":1,"mqtt_connect_ms":33,"mqtt_attempts":2,"pub_drops":31,"pub_queue_hw":6,"cmd_drops":0,"pub_per_s":2,"marker_pub_drops":0,"marker_pub_hw":10,"nav":"UNSET","mm":0,"miss_streak":0,"pwm":0,"lost_markers":0,"lost_ms":0,"motor_dir":"FWD"}
ngr/loco/9950011/mm/marker {"mm":0,"landmark":"Southpoint","obs":"N","peak":54,"ms":137,"drift":0,"dt":129,"timing_gate":"NO_POSITION","dt_expected":0,"dt_conserve_ratio":-1.00,"pwm":0,"v":15.26}
ngr/loco/9950011/mm/marker {"mm":0,"landmark":"Southpoint","obs":"N","peak":109,"ms":165,"drift":0,"dt":150,"timing_gate":"NO_POSITION","dt_expected":0,"dt_conserve_ratio":-1.00,"pwm":0,"v":15.26}
ngr/loco/9950011/mm/marker {"mm":0,"landmark":"Southpoint","obs":"S","peak":48,"ms":150,"drift":0,"dt":1023,"timing_gate":"NO_POSITION","dt_expected":0,"dt_conserve_ratio":-1.00,"pwm":0,"v":15.26}
ngr/loco/9950011/mm/marker {"mm":0,"landmark":"Southpoint","obs":"S","peak":39,"ms":42,"drift":0,"dt":1853,"timing_gate":"NO_POSITION","dt_expected":0,"dt_conserve_ratio":-1.00,"pwm":0,"v":15.27}
ngr/loco/9950011/mm/marker {"mm":0,"landmark":"Southpoint","obs":"N","peak":42,"ms":58,"drift":0,"dt":64,"timing_gate":"NO_POSITION","dt_expected":0,"dt_conserve_ratio":-1.00,"pwm":0,"v":15.27}
ngr/loco/9950011/mm/marker {"mm":0,"landmark":"Southpoint","obs":"S","peak":59,"ms":244,"drift":0,"dt":396,"timing_gate":"NO_POSITION","dt_expected":0,"dt_conserve_ratio":-1.00,"pwm":0,"v":15.27}
ngr/loco/9950011/mm/marker {"mm":0,"landmark":"Southpoint","obs":"S","peak":55,"ms":83,"drift":0,"dt":285,"timing_gate":"NO_POSITION","dt_expected":0,"dt_conserve_ratio":-1.00,"pwm":0,"v":15.27}
ngr/loco/9950011/mm/marker {"mm":0,"landmark":"Southpoint","obs":"S","peak":63,"ms":98,"drift":0,"dt":146,"timing_gate":"NO_POSITION","dt_expected":0,"dt_conserve_ratio":-1.00,"pwm":0,"v":15.27}
ngr/loco/9950011/telem/voltage 15.27
ngr/loco/9950011/telem/current 0.18
ngr/loco/9950011/telem/power 2.76
ngr/loco/9950011/alert {"level":"UNSET","reason":"STATUS","loco":"9950011","uptime_ms":65021,"nav":"UNSET","moving":0,"pwm":0,"est_mm_s":0,"dir":"UNSET","session_dir":"UNSET","mdir":"FWD","rear":0,"front":0,"env":0,"lc_mm":-1,"last_confirmed_landmark":"","age_ms":0,"since":0,"dead_reckoned_mm":0,"candidate_mm":-1,"viable":[],"lostm":0,"lost_ms":0,"agree":0,"disagree":0,"losts":0,"auto":0}
ngr/loco/9950011/mm/marker {"mm":0,"landmark":"Southpoint","obs":"S","peak":43,"ms":143,"drift":0,"dt":248,"timing_gate":"NO_POSITION","dt_expected":0,"dt_conserve_ratio":-1.00,"pwm":0,"v":15.27}
ngr/loco/9950011/mm/marker {"mm":0,"landmark":"Southpoint","obs":"S","peak":39,"ms":62,"drift":0,"dt":166,"timing_gate":"NO_POSITION","dt_expected":0,"dt_conserve_ratio":-1.00,"pwm":0,"v":15.27}
ngr/loco/9950011/mm/marker {"mm":0,"landmark":"Southpoint","obs":"S","peak":64,"ms":265,"drift":0,"dt":119,"timing_gate":"NO_POSITION","dt_expected":0,"dt_conserve_ratio":-1.00,"pwm":0,"v":15.27}
ngr/loco/9950011/mm/marker {"mm":0,"landmark":"Southpoint","obs":"S","peak":49,"ms":56,"drift":0,"dt":306,"timing_gate":"NO_POSITION","dt_expected":0,"dt_conserve_ratio":-1.00,"pwm":0,"v":15.27}
ngr/loco/9950011/mm/marker {"mm":0,"landmark":"Southpoint","obs":"N","peak":38,"ms":42,"drift":0,"dt":565,"timing_gate":"NO_POSITION","dt_expected":0,"dt_conserve_ratio":-1.00,"pwm":0,"v":15.27}
ngr/loco/9950011/mm/marker {"mm":0,"landmark":"Southpoint","obs":"N","peak":38,"ms":77,"drift":0,"dt":93,"timing_gate":"NO_POSITION","dt_expected":0,"dt_conserve_ratio":-1.00,"pwm":0,"v":15.27}
ngr/loco/9950011/mm/marker {"mm":0,"landmark":"Southpoint","obs":"S","peak":52,"ms":83,"drift":0,"dt":768,"timing_gate":"NO_POSITION","dt_expected":0,"dt_conserve_ratio":-1.00,"pwm":0,"v":15.27}
ngr/loco/9950011/mm/marker {"mm":0,"landmark":"Southpoint","obs":"S","peak":46,"ms":91,"drift":0,"dt":108,"timing_gate":"NO_POSITION","dt_expected":0,"dt_conserve_ratio":-1.00,"pwm":0,"v":15.27}
ngr/loco/9950011/state/loopstat {"loop_max_gap_ms":22,"hall_task_max_gap_ms":2,"hall_task_age_ms":1,"baseline":1454,"raw":1450,"delta":-4,"queue_drops":0,"floor_rejects":38,"queue_high_water":1,"mqtt_connect_ms":33,"mqtt_attempts":2,"pub_drops":31,"pub_queue_hw":11,"cmd_drops":0,"pub_per_s":5,"marker_pub_drops":0,"marker_pub_hw":11,"nav":"UNSET","mm":0,"miss_streak":0,"pwm":0,"lost_markers":0,"lost_ms":0,"motor_dir":"FWD"}
ngr/loco/9950011/alert {"level":"UNSET","reason":"STATUS","loco":"9950011","uptime_ms":66021,"nav":"UNSET","moving":0,"pwm":0,"est_mm_s":0,"dir":"UNSET","session_dir":"UNSET","mdir":"FWD","rear":0,"front":0,"env":0,"lc_mm":-1,"last_confirmed_landmark":"","age_ms":0,"since":0,"dead_reckoned_mm":0,"candidate_mm":-1,"viable":[],"lostm":0,"lost_ms":0,"agree":0,"disagree":0,"losts":0,"auto":0}
ngr/loco/9950011/state/loopstat {"loop_max_gap_ms":23,"hall_task_max_gap_ms":1,"hall_task_age_ms":1,"baseline":1453,"raw":1459,"delta":6,"queue_drops":0,"floor_rejects":40,"queue_high_water":1,"mqtt_connect_ms":33,"mqtt_attempts":2,"pub_drops":31,"pub_queue_hw":13,"cmd_drops":0,"pub_per_s":3,"marker_pub_drops":0,"marker_pub_hw":13,"nav":"UNSET","mm":0,"miss_streak":0,"pwm":0,"lost_markers":0,"lost_ms":0,"motor_dir":"FWD"}
ngr/loco/9950011/alert {"level":"UNSET","reason":"STATUS","loco":"9950011","uptime_ms":67021,"nav":"UNSET","moving":0,"pwm":0,"est_mm_s":0,"dir":"UNSET","session_dir":"UNSET","mdir":"FWD","rear":0,"front":0,"env":0,"lc_mm":-1,"last_confirmed_landmark":"","age_ms":0,"since":0,"dead_reckoned_mm":0,"candidate_mm":-1,"viable":[],"lostm":0,"lost_ms":0,"agree":0,"disagree":0,"losts":0,"auto":0}
ngr/loco/9950011/mm/marker {"mm":0,"landmark":"Southpoint","obs":"N","peak":48,"ms":59,"drift":0,"dt":717,"timing_gate":"NO_POSITION","dt_expected":0,"dt_conserve_ratio":-1.00,"pwm":0,"v":15.28}
ngr/loco/9950011/mm/marker {"mm":0,"landmark":"Southpoint","obs":"S","peak":57,"ms":76,"drift":0,"dt":0,"timing_gate":"NO_POSITION","dt_expected":0,"dt_conserve_ratio":-1.00,"pwm":0,"v":15.28}
ngr/loco/9950011/mm/marker {"mm":0,"landmark":"Southpoint","obs":"S","peak":42,"ms":145,"drift":0,"dt":205,"timing_gate":"NO_POSITION","dt_expected":0,"dt_conserve_ratio":-1.00,"pwm":0,"v":15.28}
ngr/loco/9950011/mm/marker {"mm":0,"landmark":"Southpoint","obs":"N","peak":68,"ms":300,"drift":0,"dt":433,"timing_gate":"NO_POSITION","dt_expected":0,"dt_conserve_ratio":-1.00,"pwm":0,"v":15.28}
ngr/loco/9950011/mm/marker {"mm":0,"landmark":"Southpoint","obs":"N","peak":110,"ms":183,"drift":0,"dt":494,"timing_gate":"NO_POSITION","dt_expected":0,"dt_conserve_ratio":-1.00,"pwm":0,"v":15.28}
ngr/loco/9950011/mm/marker {"mm":0,"landmark":"Southpoint","obs":"N","peak":44,"ms":46,"drift":0,"dt":294,"timing_gate":"NO_POSITION","dt_expected":0,"dt_conserve_ratio":-1.00,"pwm":0,"v":15.28}
ngr/loco/9950011/mm/marker {"mm":0,"landmark":"Southpoint","obs":"N","peak":75,"ms":229,"drift":0,"dt":241,"timing_gate":"NO_POSITION","dt_expected":0,"dt_conserve_ratio":-1.00,"pwm":0,"v":15.28}
ngr/loco/9950011/mm/marker {"mm":0,"landmark":"Southpoint","obs":"N","peak":99,"ms":515,"drift":0,"dt":277,"timing_gate":"NO_POSITION","dt_expected":0,"dt_conserve_ratio":-1.00,"pwm":0,"v":15.28}
ngr/loco/9950011/state/loopstat {"loop_max_gap_ms":22,"hall_task_max_gap_ms":1,"hall_task_age_ms":1,"baseline":1452,"raw":1433,"delta":-19,"queue_drops":0,"floor_rejects":42,"queue_high_water":1,"mqtt_connect_ms":33,"mqtt_attempts":2,"pub_drops":31,"pub_queue_hw":15,"cmd_drops":0,"pub_per_s":4,"marker_pub_drops":0,"marker_pub_hw":16,"nav":"UNSET","mm":0,"miss_streak":0,"pwm":0,"lost_markers":0,"lost_ms":0,"motor_dir":"FWD"}
ngr/loco/9950011/alert {"level":"UNSET","reason":"STATUS","loco":"9950011","uptime_ms":68021,"nav":"UNSET","moving":0,"pwm":0,"est_mm_s":0,"dir":"UNSET","session_dir":"UNSET","mdir":"FWD","rear":0,"front":0,"env":0,"lc_mm":-1,"last_confirmed_landmark":"","age_ms":0,"since":0,"dead_reckoned_mm":0,"candidate_mm":-1,"viable":[],"lostm":0,"lost_ms":0,"agree":0,"disagree":0,"losts":0,"auto":0}
ngr/loco/9950011/state/loopstat {"loop_max_gap_ms":23,"hall_task_max_gap_ms":1,"hall_task_age_ms":1,"baseline":1452,"raw":1450,"delta":-2,"queue_drops":0,"floor_rejects":45,"queue_high_water":1,"mqtt_connect_ms":33,"mqtt_attempts":2,"pub_drops":31,"pub_queue_hw":17,"cmd_drops":0,"pub_per_s":5,"marker_pub_drops":0,"marker_pub_hw":20,"nav":"UNSET","mm":0,"miss_streak":0,"pwm":0,"lost_markers":0,"lost_ms":0,"motor_dir":"FWD"}
ngr/loco/9950011/alert {"level":"UNSET","reason":"STATUS","loco":"9950011","uptime_ms":69021,"nav":"UNSET","moving":0,"pwm":0,"est_mm_s":0,"dir":"UNSET","session_dir":"UNSET","mdir":"FWD","rear":0,"front":0,"env":0,"lc_mm":-1,"last_confirmed_landmark":"","age_ms":0,"since":0,"dead_reckoned_mm":0,"candidate_mm":-1,"viable":[],"lostm":0,"lost_ms":0,"agree":0,"disagree":0,"losts":0,"auto":0}
ngr/loco/9950011/mm/marker {"mm":0,"landmark":"Southpoint","obs":"N","peak":57,"ms":453,"drift":0,"dt":1144,"timing_gate":"NO_POSITION","dt_expected":0,"dt_conserve_ratio":-1.00,"pwm":0,"v":15.28}
ngr/loco/9950011/mm/marker {"mm":0,"landmark":"Southpoint","obs":"N","peak":65,"ms":322,"drift":0,"dt":499,"timing_gate":"NO_POSITION","dt_expected":0,"dt_conserve_ratio":-1.00,"pwm":0,"v":15.28}
ngr/loco/9950011/mm/marker {"mm":0,"landmark":"Southpoint","obs":"N","peak":103,"ms":494,"drift":0,"dt":347,"timing_gate":"NO_POSITION","dt_expected":0,"dt_conserve_ratio":-1.00,"pwm":0,"v":15.28}
ngr/loco/9950011/state/loopstat {"loop_max_gap_ms":23,"hall_task_max_gap_ms":2,"hall_task_age_ms":1,"baseline":1452,"raw":1401,"delta":-51,"queue_drops":0,"floor_rejects":50,"queue_high_water":1,"mqtt_connect_ms":33,"mqtt_attempts":2,"pub_drops":31,"pub_queue_hw":19,"cmd_drops":0,"pub_per_s":3,"marker_pub_drops":0,"marker_pub_hw":22,"nav":"UNSET","mm":0,"miss_streak":0,"pwm":0,"lost_markers":0,"lost_ms":0,"motor_dir":"FWD"}
ngr/loco/9950011/telem/voltage 15.28
ngr/loco/9950011/telem/current 0.18
ngr/loco/9950011/telem/power 2.69
ngr/loco/9950011/alert {"level":"UNSET","reason":"STATUS","loco":"9950011","uptime_ms":70021,"nav":"UNSET","moving":0,"pwm":0,"est_mm_s":0,"dir":"UNSET","session_dir":"UNSET","mdir":"FWD","rear":0,"front":0,"env":0,"lc_mm":-1,"last_confirmed_landmark":"","age_ms":0,"since":0,"dead_reckoned_mm":0,"candidate_mm":-1,"viable":[],"lostm":0,"lost_ms":0,"agree":0,"disagree":0,"losts":0,"auto":0}
ngr/loco/9950011/state/loopstat {"loop_max_gap_ms":23,"hall_task_max_gap_ms":2,"hall_task_age_ms":1,"baseline":1451,"raw":1442,"delta":-9,"queue_drops":0,"floor_rejects":53,"queue_high_water":1,"mqtt_connect_ms":33,"mqtt_attempts":2,"pub_drops":31,"pub_queue_hw":24,"cmd_drops":0,"pub_per_s":7,"marker_pub_drops":0,"marker_pub_hw":25,"nav":"UNSET","mm":0,"miss_streak":0,"pwm":0,"lost_markers":0,"lost_ms":0,"motor_dir":"FWD"}
ngr/loco/9950011/state/nav {"event":"DIRECTION","state":"UNSET","nav_state":"UNSET","mm":0,"dir":"CCW","motor_dir":"FWD","session_dir":"CCW","miss_streak":0}
ngr/loco/9950011/state/station {"event":"RESET","phase":0,"station":"NONE","offset":999,"commanded_pwm":0,"actual_pwm":0,"note":"SESSION_DIRECTION_SET"}
ngr/loco/9950011/state/nav {"event":"SESSION_DIRECTION","state":"UNSET","nav_state":"UNSET","mm":0,"dir":"CCW","motor_dir":"FWD","session_dir":"CCW","miss_streak":0}
ngr/loco/9950011/alert {"level":"UNSET","reason":"STATUS","loco":"9950011","uptime_ms":71021,"nav":"UNSET","moving":0,"pwm":0,"est_mm_s":1609,"dir":"CCW","session_dir":"CCW","mdir":"FWD","rear":0,"front":166,"env":1660,"lc_mm":-1,"last_confirmed_landmark":"","age_ms":0,"since":0,"dead_reckoned_mm":0,"candidate_mm":-1,"viable":[],"lostm":0,"lost_ms":0,"agree":0,"disagree":0,"losts":0,"auto":0}
ngr/loco/9950011/state/session_direction CCW
ngr/loco/9950011/state/loopstat {"loop_max_gap_ms":34,"hall_task_max_gap_ms":2,"hall_task_age_ms":1,"baseline":1451,"raw":1476,"delta":25,"queue_drops":0,"floor_rejects":57,"queue_high_water":1,"mqtt_connect_ms":33,"mqtt_attempts":2,"pub_drops":31,"pub_queue_hw":25,"cmd_drops":0,"pub_per_s":7,"marker_pub_drops":0,"marker_pub_hw":19,"nav":"UNSET","mm":0,"miss_streak":0,"pwm":0,"lost_markers":0,"lost_ms":0,"motor_dir":"FWD"}
ngr/loco/9950011/alert {"level":"UNSET","reason":"STATUS","loco":"9950011","uptime_ms":72021,"nav":"UNSET","moving":0,"pwm":0,"est_mm_s":668,"dir":"CCW","session_dir":"CCW","mdir":"FWD","rear":0,"front":166,"env":1660,"lc_mm":-1,"last_confirmed_landmark":"","age_ms":0,"since":0,"dead_reckoned_mm":0,"candidate_mm":-1,"viable":[],"lostm":0,"lost_ms":0,"agree":0,"disagree":0,"losts":0,"auto":0}
ngr/loco/9950011/state/loopstat {"loop_max_gap_ms":23,"hall_task_max_gap_ms":2,"hall_task_age_ms":1,"baseline":1451,"raw":1483,"delta":32,"queue_drops":0,"floor_rejects":58,"queue_high_water":1,"mqtt_connect_ms":33,"mqtt_attempts":2,"pub_drops":31,"pub_queue_hw":25,"cmd_drops":0,"pub_per_s":4,"marker_pub_drops":0,"marker_pub_hw":22,"nav":"UNSET","mm":0,"miss_streak":0,"pwm":0,"lost_markers":0,"lost_ms":0,"motor_dir":"FWD"}
ngr/loco/9950011/alert {"level":"UNSET","reason":"STATUS","loco":"9950011","uptime_ms":73021,"nav":"UNSET","moving":0,"pwm":0,"est_mm_s":1369,"dir":"CCW","session_dir":"CCW","mdir":"FWD","rear":0,"front":166,"env":1660,"lc_mm":-1,"last_confirmed_landmark":"","age_ms":0,"since":0,"dead_reckoned_mm":0,"candidate_mm":-1,"viable":[],"lostm":0,"lost_ms":0,"agree":0,"disagree":0,"losts":0,"auto":0}
ngr/loco/9950011/state/loopstat {"loop_max_gap_ms":22,"hall_task_max_gap_ms":2,"hall_task_age_ms":1,"baseline":1451,"raw":1443,"delta":-8,"queue_drops":0,"floor_rejects":58,"queue_high_water":1,"mqtt_connect_ms":33,"mqtt_attempts":2,"pub_drops":31,"pub_queue_hw":27,"cmd_drops":0,"pub_per_s":3,"marker_pub_drops":0,"marker_pub_hw":24,"nav":"UNSET","mm":0,"miss_streak":0,"pwm":0,"lost_markers":0,"lost_ms":0,"motor_dir":"FWD"}
ngr/loco/9950011/alert {"level":"UNSET","reason":"STATUS","loco":"9950011","uptime_ms":74021,"nav":"UNSET","moving":0,"pwm":0,"est_mm_s":1191,"dir":"CCW","session_dir":"CCW","mdir":"FWD","rear":0,"front":166,"env":1660,"lc_mm":-1,"last_confirmed_landmark":"","age_ms":0,"since":0,"dead_reckoned_mm":0,"candidate_mm":-1,"viable":[],"lostm":0,"lost_ms":0,"agree":0,"disagree":0,"losts":0,"auto":0}
ngr/loco/9950011/state/loopstat {"loop_max_gap_ms":23,"hall_task_max_gap_ms":1,"hall_task_age_ms":1,"baseline":1451,"raw":1486,"delta":35,"queue_drops":0,"floor_rejects":59,"queue_high_water":1,"mqtt_connect_ms":33,"mqtt_attempts":2,"pub_drops":31,"pub_queue_hw":29,"cmd_drops":0,"pub_per_s":2,"marker_pub_drops":0,"marker_pub_hw":25,"nav":"UNSET","mm":0,"miss_streak":0,"pwm":0,"lost_markers":0,"lost_ms":0,"motor_dir":"FWD"}
ngr/loco/9950011/state/nav {"event":"DIRECTION","state":"UNSET","nav_state":"UNSET","mm":0,"dir":"CCW","motor_dir":"FWD","session_dir":"CCW","miss_streak":0}
ngr/loco/9950011/state/nav {"event":"SESSION_DIRECTION","state":"UNSET","nav_state":"UNSET","mm":0,"dir":"CCW","motor_dir":"FWD","session_dir":"CCW","miss_streak":0}
ngr/loco/9950011/telem/voltage 15.28
ngr/loco/9950011/telem/current 0.18
ngr/loco/9950011/telem/power 2.80
ngr/loco/9950011/alert {"level":"UNSET","reason":"STATUS","loco":"9950011","uptime_ms":75021,"nav":"UNSET","moving":0,"pwm":0,"est_mm_s":661,"dir":"CCW","session_dir":"CCW","mdir":"FWD","rear":0,"front":166,"env":1660,"lc_mm":-1,"last_confirmed_landmark":"","age_ms":0,"since":0,"dead_reckoned_mm":0,"candidate_mm":-1,"viable":[],"lostm":0,"lost_ms":0,"agree":0,"disagree":0,"losts":0,"auto":0}
ngr/loco/9950011/mm/marker {"mm":0,"landmark":"Southpoint","obs":"N","peak":99,"ms":90,"drift":0,"dt":677,"timing_gate":"NO_POSITION","dt_expected":0,"dt_conserve_ratio":-1.00,"pwm":0,"v":15.28}
ngr/loco/9950011/state/loopstat {"loop_max_gap_ms":22,"hall_task_max_gap_ms":3,"hall_task_age_ms":1,"baseline":1451,"raw":1432,"delta":-19,"queue_drops":0,"floor_rejects":62,"queue_high_water":1,"mqtt_connect_ms":33,"mqtt_attempts":2,"pub_drops":31,"pub_queue_hw":28,"cmd_drops":0,"pub_per_s":9,"marker_pub_drops":0,"marker_pub_hw":26,"nav":"UNSET","mm":0,"miss_streak":0,"pwm":0,"lost_markers":0,"lost_ms":0,"motor_dir":"FWD"}
ngr/loco/9950011/alert {"level":"UNSET","reason":"STATUS","loco":"9950011","uptime_ms":76021,"nav":"UNSET","moving":0,"pwm":0,"est_mm_s":487,"dir":"CCW","session_dir":"CCW","mdir":"FWD","rear":0,"front":166,"env":1660,"lc_mm":-1,"last_confirmed_landmark":"","age_ms":0,"since":0,"dead_reckoned_mm":0,"candidate_mm":-1,"viable":[],"lostm":0,"lost_ms":0,"agree":0,"disagree":0,"losts":0,"auto":0}
ngr/loco/9950011/mm/marker {"mm":0,"landmark":"Southpoint","obs":"N","peak":90,"ms":636,"drift":1,"dt":417,"timing_gate":"NO_POSITION","dt_expected":0,"dt_conserve_ratio":-1.00,"pwm":0,"v":15.28}
ngr/loco/9950011/state/loopstat {"loop_max_gap_ms":23,"hall_task_max_gap_ms":2,"hall_task_age_ms":1,"baseline":1452,"raw":1461,"delta":9,"queue_drops":0,"floor_rejects":65,"queue_high_water":0,"mqtt_connect_ms":33,"mqtt_attempts":2,"pub_drops":31,"pub_queue_hw":1,"cmd_drops":0,"pub_per_s":2,"marker_pub_drops":0,"marker_pub_hw":1,"nav":"UNSET","mm":0,"miss_streak":0,"pwm":0,"lost_markers":0,"lost_ms":0,"motor_dir":"FWD"}
ngr/loco/9950011/mm/marker {"mm":0,"landmark":"Southpoint","obs":"N","peak":81,"ms":156,"drift":0,"dt":703,"timing_gate":"NO_POSITION","dt_expected":0,"dt_conserve_ratio":-1.00,"pwm":0,"v":15.28}
ngr/loco/9950011/alert {"level":"UNSET","reason":"STATUS","loco":"9950011","uptime_ms":77021,"nav":"UNSET","moving":0,"pwm":0,"est_mm_s":469,"dir":"CCW","session_dir":"CCW","mdir":"FWD","rear":0,"front":166,"env":1660,"lc_mm":-1,"last_confirmed_landmark":"","age_ms":0,"since":0,"dead_reckoned_mm":0,"candidate_mm":-1,"viable":[],"lostm":0,"lost_ms":0,"agree":0,"disagree":0,"losts":0,"auto":0}
ngr/loco/9950011/state/loopstat {"loop_max_gap_ms":23,"hall_task_max_gap_ms":2,"hall_task_age_ms":1,"baseline":1453,"raw":1504,"delta":51,"queue_drops":0,"floor_rejects":67,"queue_high_water":1,"mqtt_connect_ms":33,"mqtt_attempts":2,"pub_drops":31,"pub_queue_hw":1,"cmd_drops":0,"pub_per_s":2,"marker_pub_drops":0,"marker_pub_hw":1,"nav":"UNSET","mm":0,"miss_streak":0,"pwm":0,"lost_markers":0,"lost_ms":0,"motor_dir":"FWD"}
ngr/loco/9950011/alert {"level":"UNSET","reason":"STATUS","loco":"9950011","uptime_ms":78021,"nav":"UNSET","moving":0,"pwm":0,"est_mm_s":469,"dir":"CCW","session_dir":"CCW","mdir":"FWD","rear":0,"front":166,"env":1660,"lc_mm":-1,"last_confirmed_landmark":"","age_ms":0,"since":0,"dead_reckoned_mm":0,"candidate_mm":-1,"viable":[],"lostm":0,"lost_ms":0,"agree":0,"disagree":0,"losts":0,"auto":0}
ngr/loco/9950011/state/loopstat {"loop_max_gap_ms":23,"hall_task_max_gap_ms":2,"hall_task_age_ms":1,"baseline":1453,"raw":1516,"delta":63,"queue_drops":0,"floor_rejects":67,"queue_high_water":0,"mqtt_connect_ms":33,"mqtt_attempts":2,"pub_drops":31,"pub_queue_hw":1,"cmd_drops":0,"pub_per_s":1,"marker_pub_drops":0,"marker_pub_hw":0,"nav":"UNSET","mm":0,"miss_streak":0,"pwm":0,"lost_markers":0,"lost_ms":0,"motor_dir":"FWD"}
ngr/loco/9950011/mm/marker {"mm":0,"landmark":"Southpoint","obs":"N","peak":111,"ms":2084,"drift":1,"dt":437,"timing_gate":"NO_POSITION","dt_expected":0,"dt_conserve_ratio":-1.00,"pwm":0,"v":15.28}
ngr/loco/9950011/alert {"level":"UNSET","reason":"STATUS","loco":"9950011","uptime_ms":79021,"nav":"UNSET","moving":0,"pwm":0,"est_mm_s":755,"dir":"CCW","session_dir":"CCW","mdir":"FWD","rear":0,"front":166,"env":1660,"lc_mm":-1,"last_confirmed_landmark":"","age_ms":0,"since":0,"dead_reckoned_mm":0,"candidate_mm":-1,"viable":[],"lostm":0,"lost_ms":0,"agree":0,"disagree":0,"losts":0,"auto":0}
ngr/loco/9950011/state/loopstat {"loop_max_gap_ms":22,"hall_task_max_gap_ms":2,"hall_task_age_ms":1,"baseline":1453,"raw":1425,"delta":-28,"queue_drops":0,"floor_rejects":70,"queue_high_water":0,"mqtt_connect_ms":33,"mqtt_attempts":2,"pub_drops":31,"pub_queue_hw":1,"cmd_drops":0,"pub_per_s":2,"marker_pub_drops":0,"marker_pub_hw":1,"nav":"UNSET","mm":0,"miss_streak":0,"pwm":0,"lost_markers":0,"lost_ms":0,"motor_dir":"FWD"}
ngr/loco/9950011/mm/marker {"mm":0,"landmark":"Southpoint","obs":"S","peak":42,"ms":52,"drift":0,"dt":2641,"timing_gate":"NO_POSITION","dt_expected":0,"dt_conserve_ratio":-1.00,"pwm":0,"v":15.28}
ngr/loco/9950011/telem/voltage 15.30
ngr/loco/9950011/telem/current 0.18
ngr/loco/9950011/telem/power 2.83
ngr/loco/9950011/alert {"level":"UNSET","reason":"STATUS","loco":"9950011","uptime_ms":80021,"nav":"UNSET","moving":0,"pwm":0,"est_mm_s":124,"dir":"CCW","session_dir":"CCW","mdir":"FWD","rear":0,"front":166,"env":1660,"lc_mm":-1,"last_confirmed_landmark":"","age_ms":0,"since":0,"dead_reckoned_mm":0,"candidate_mm":-1,"viable":[],"lostm":0,"lost_ms":0,"agree":0,"disagree":0,"losts":0,"auto":0}
ngr/loco/9950011/mm/marker {"mm":0,"landmark":"Southpoint","obs":"N","peak":104,"ms":535,"drift":0,"dt":176,"timing_gate":"NO_POSITION","dt_expected":0,"dt_conserve_ratio":-1.00,"pwm":0,"v":15.30}
ngr/loco/9950011/mm/marker {"mm":0,"landmark":"Southpoint","obs":"N","peak":38,"ms":49,"drift":0,"dt":541,"timing_gate":"NO_POSITION","dt_expected":0,"dt_conserve_ratio":-1.00,"pwm":0,"v":15.30}
ngr/loco/9950011/mm/marker {"mm":0,"landmark":"Southpoint","obs":"N","peak":60,"ms":116,"drift":0,"dt":59,"timing_gate":"NO_POSITION","dt_expected":0,"dt_conserve_ratio":-1.00,"pwm":0,"v":15.30}
ngr/loco/9950011/mm/marker {"mm":0,"landmark":"Southpoint","obs":"N","peak":41,"ms":69,"drift":0,"dt":145,"timing_gate":"NO_POSITION","dt_expected":0,"dt_conserve_ratio":-1.00,"pwm":0,"v":15.30}
ngr/loco/9950011/state/loopstat {"loop_max_gap_ms":23,"hall_task_max_gap_ms":2,"hall_task_age_ms":1,"baseline":1453,"raw":1466,"delta":13,"queue_drops":0,"floor_rejects":70,"queue_high_water":1,"mqtt_connect_ms":33,"mqtt_attempts":2,"pub_drops":31,"pub_queue_hw":3,"cmd_drops":0,"pub_per_s":9,"marker_pub_drops":0,"marker_pub_hw":1,"nav":"UNSET","mm":0,"miss_streak":0,"pwm":0,"lost_markers":0,"lost_ms":0,"motor_dir":"FWD"}
ngr/loco/9950011/alert {"level":"UNSET","reason":"STATUS","loco":"9950011","uptime_ms":81021,"nav":"UNSET","moving":0,"pwm":0,"est_mm_s":1392,"dir":"CCW","session_dir":"CCW","mdir":"FWD","rear":0,"front":166,"env":1660,"lc_mm":-1,"last_confirmed_landmark":"","age_ms":0,"since":0,"dead_reckoned_mm":0,"candidate_mm":-1,"viable":[],"lostm":0,"lost_ms":0,"agree":0,"disagree":0,"losts":0,"auto":0}
ngr/loco/9950011/state/loopstat {"loop_max_gap_ms":23,"hall_task_max_gap_ms":1,"hall_task_age_ms":1,"baseline":1454,"raw":1485,"delta":31,"queue_drops":0,"floor_rejects":73,"queue_high_water":1,"mqtt_connect_ms":33,"mqtt_attempts":2,"pub_drops":31,"pub_queue_hw":1,"cmd_drops":0,"pub_per_s":3,"marker_pub_drops":0,"marker_pub_hw":2,"nav":"UNSET","mm":0,"miss_streak":0,"pwm":0,"lost_markers":0,"lost_ms":0,"motor_dir":"FWD"}
ngr/loco/9950011/alert {"level":"UNSET","reason":"STATUS","loco":"9950011","uptime_ms":82021,"nav":"UNSET","moving":0,"pwm":0,"est_mm_s":616,"dir":"CCW","session_dir":"CCW","mdir":"FWD","rear":0,"front":166,"env":1660,"lc_mm":-1,"last_confirmed_landmark":"","age_ms":0,"since":0,"dead_reckoned_mm":0,"candidate_mm":-1,"viable":[],"lostm":0,"lost_ms":0,"agree":0,"disagree":0,"losts":0,"auto":0}
ngr/loco/9950011/mm/marker {"mm":0,"landmark":"Southpoint","obs":"N","peak":39,"ms":41,"drift":0,"dt":237,"timing_gate":"NO_POSITION","dt_expected":0,"dt_conserve_ratio":-1.00,"pwm":0,"v":15.30}
ngr/loco/9950011/mm/marker {"mm":0,"landmark":"Southpoint","obs":"N","peak":68,"ms":385,"drift":1,"dt":55,"timing_gate":"NO_POSITION","dt_expected":0,"dt_conserve_ratio":-1.00,"pwm":0,"v":15.30}
ngr/loco/9950011/mm/marker {"mm":0,"landmark":"Southpoint","obs":"S","peak":41,"ms":515,"drift":0,"dt":400,"timing_gate":"NO_POSITION","dt_expected":0,"dt_conserve_ratio":-1.00,"pwm":0,"v":15.30}
ngr/loco/9950011/mm/marker {"mm":0,"landmark":"Southpoint","obs":"N","peak":60,"ms":182,"drift":0,"dt":535,"timing_gate":"NO_POSITION","dt_expected":0,"dt_conserve_ratio":-1.00,"pwm":0,"v":15.30}
ngr/loco/9950011/mm/marker {"mm":0,"landmark":"Southpoint","obs":"N","peak":58,"ms":201,"drift":0,"dt":443,"timing_gate":"NO_POSITION","dt_expected":0,"dt_conserve_ratio":-1.00,"pwm":0,"v":15.30}
ngr/loco/9950011/mm/marker {"mm":0,"landmark":"Southpoint","obs":"N","peak":70,"ms":431,"drift":0,"dt":206,"timing_gate":"NO_POSITION","dt_expected":0,"dt_conserve_ratio":-1.00,"pwm":0,"v":15.30}
ngr/loco/9950011/mm/marker {"mm":0,"landmark":"Southpoint","obs":"N","peak":50,"ms":48,"drift":0,"dt":447,"timing_gate":"NO_POSITION","dt_expected":0,"dt_conserve_ratio":-1.00,"pwm":0,"v":15.30}
ngr/loco/9950011/mm/marker {"mm":0,"landmark":"Southpoint","obs":"N","peak":93,"ms":135,"drift":0,"dt":127,"timing_gate":"NO_POSITION","dt_expected":0,"dt_conserve_ratio":-1.00,"pwm":0,"v":15.30}
ngr/loco/9950011/state/loopstat {"loop_max_gap_ms":23,"hall_task_max_gap_ms":1,"hall_task_age_ms":1,"baseline":1454,"raw":1466,"delta":12,"queue_drops":0,"floor_rejects":74,"queue_high_water":1,"mqtt_connect_ms":33,"mqtt_attempts":2,"pub_drops":31,"pub_queue_hw":3,"cmd_drops":0,"pub_per_s":4,"marker_pub_drops":0,"marker_pub_hw":5,"nav":"UNSET","mm":0,"miss_streak":0,"pwm":0,"lost_markers":0,"lost_ms":0,"motor_dir":"FWD"}
ngr/loco/9950011/alert {"level":"UNSET","reason":"STATUS","loco":"9950011","uptime_ms":83021,"nav":"UNSET","moving":0,"pwm":0,"est_mm_s":2598,"dir":"CCW","session_dir":"CCW","mdir":"FWD","rear":0,"front":166,"env":1660,"lc_mm":-1,"last_confirmed_landmark":"","age_ms":0,"since":0,"dead_reckoned_mm":0,"candidate_mm":-1,"viable":[],"lostm":0,"lost_ms":0,"agree":0,"disagree":0,"losts":0,"auto":0}
ngr/loco/9950011/state/loopstat {"loop_max_gap_ms":23,"hall_task_max_gap_ms":2,"hall_task_age_ms":1,"baseline":1454,"raw":1494,"delta":40,"queue_drops":0,"floor_rejects":74,"queue_high_water":1,"mqtt_connect_ms":33,"mqtt_attempts":2,"pub_drops":31,"pub_queue_hw":5,"cmd_drops":0,"pub_per_s":5,"marker_pub_drops":0,"marker_pub_hw":9,"nav":"UNSET","mm":0,"miss_streak":0,"pwm":0,"lost_markers":0,"lost_ms":0,"motor_dir":"FWD"}
ngr/loco/9950011/mm/marker {"mm":0,"landmark":"Southpoint","obs":"N","peak":72,"ms":439,"drift":0,"dt":156,"timing_gate":"NO_POSITION","dt_expected":0,"dt_conserve_ratio":-1.00,"pwm":0,"v":15.30}
ngr/loco/9950011/mm/marker {"mm":0,"landmark":"Southpoint","obs":"N","peak":56,"ms":250,"drift":0,"dt":462,"timing_gate":"NO_POSITION","dt_expected":0,"dt_conserve_ratio":-1.00,"pwm":0,"v":15.30}
ngr/loco/9950011/mm/marker {"mm":0,"landmark":"Southpoint","obs":"N","peak":51,"ms":122,"drift":0,"dt":307,"timing_gate":"NO_POSITION","dt_expected":0,"dt_conserve_ratio":-1.00,"pwm":0,"v":15.30}
ngr/loco/9950011/alert {"level":"UNSET","reason":"STATUS","loco":"9950011","uptime_ms":84021,"nav":"UNSET","moving":0,"pwm":0,"est_mm_s":1074,"dir":"CCW","session_dir":"CCW","mdir":"FWD","rear":0,"front":166,"env":1660,"lc_mm":-1,"last_confirmed_landmark":"","age_ms":0,"since":0,"dead_reckoned_mm":0,"candidate_mm":-1,"viable":[],"lostm":0,"lost_ms":0,"agree":0,"disagree":0,"losts":0,"auto":0}
ngr/loco/9950011/state/loopstat {"loop_max_gap_ms":23,"hall_task_max_gap_ms":3,"hall_task_age_ms":1,"baseline":1454,"raw":1527,"delta":73,"queue_drops":0,"floor_rejects":74,"queue_high_water":1,"mqtt_connect_ms":33,"mqtt_attempts":2,"pub_drops":31,"pub_queue_hw":1,"cmd_drops":0,"pub_per_s":3,"marker_pub_drops":0,"marker_pub_hw":11,"nav":"UNSET","mm":0,"miss_streak":0,"pwm":0,"lost_markers":0,"lost_ms":0,"motor_dir":"FWD"}
ngr/loco/9950011/telem/voltage 15.30
ngr/loco/9950011/telem/current 0.18
ngr/loco/9950011/telem/power 2.74
ngr/loco/9950011/alert {"level":"UNSET","reason":"STATUS","loco":"9950011","uptime_ms":85021,"nav":"UNSET","moving":0,"pwm":0,"est_mm_s":1074,"dir":"CCW","session_dir":"CCW","mdir":"FWD","rear":0,"front":166,"env":1660,"lc_mm":-1,"last_confirmed_landmark":"","age_ms":0,"since":0,"dead_reckoned_mm":0,"candidate_mm":-1,"viable":[],"lostm":0,"lost_ms":0,"agree":0,"disagree":0,"losts":0,"auto":0}
ngr/loco/9950011/mm/marker {"mm":0,"landmark":"Southpoint","obs":"N","peak":136,"ms":1370,"drift":0,"dt":139,"timing_gate":"NO_POSITION","dt_expected":0,"dt_conserve_ratio":-1.00,"pwm":0,"v":15.30}
ngr/loco/9950011/mm/marker {"mm":0,"landmark":"Southpoint","obs":"N","peak":66,"ms":82,"drift":1,"dt":1375,"timing_gate":"NO_POSITION","dt_expected":0,"dt_conserve_ratio":-1.00,"pwm":0,"v":15.30}
ngr/loco/9950011/state/loopstat {"loop_max_gap_ms":23,"hall_task_max_gap_ms":2,"hall_task_age_ms":1,"baseline":1455,"raw":1504,"delta":49,"queue_drops":0,"floor_rejects":74,"queue_high_water":1,"mqtt_connect_ms":33,"mqtt_attempts":2,"pub_drops":31,"pub_queue_hw":3,"cmd_drops":0,"pub_per_s":6,"marker_pub_drops":0,"marker_pub_hw":1,"nav":"UNSET","mm":0,"miss_streak":0,"pwm":0,"lost_markers":0,"lost_ms":0,"motor_dir":"FWD"}
ngr/loco/9950011/mm/marker {"mm":0,"landmark":"Southpoint","obs":"N","peak":100,"ms":173,"drift":0,"dt":87,"timing_gate":"NO_POSITION","dt_expected":0,"dt_conserve_ratio":-1.00,"pwm":0,"v":15.30}
ngr/loco/9950011/mm/marker {"mm":0,"landmark":"Southpoint","obs":"N","peak":39,"ms":45,"drift":0,"dt":179,"timing_gate":"NO_POSITION","dt_expected":0,"dt_conserve_ratio":-1.00,"pwm":0,"v":15.30}
ngr/loco/9950011/mm/marker {"mm":0,"landmark":"Southpoint","obs":"N","peak":68,"ms":127,"drift":0,"dt":105,"timing_gate":"NO_POSITION","dt_expected":0,"dt_conserve_ratio":-1.00,"pwm":0,"v":15.30}
ngr/loco/9950011/alert {"level":"UNSET","reason":"STATUS","loco":"9950011","uptime_ms":86021,"nav":"UNSET","moving":0,"pwm":0,"est_mm_s":3142,"dir":"CCW","session_dir":"CCW","mdir":"FWD","rear":0,"front":166,"env":1660,"lc_mm":-1,"last_confirmed_landmark":"","age_ms":0,"since":0,"dead_reckoned_mm":0,"candidate_mm":-1,"viable":[],"lostm":0,"lost_ms":0,"agree":0,"disagree":0,"losts":0,"auto":0}
ngr/loco/9950011/mm/marker {"mm":0,"landmark":"Southpoint","obs":"N","peak":86,"ms":433,"drift":2,"dt":162,"timing_gate":"NO_POSITION","dt_expected":0,"dt_conserve_ratio":-1.00,"pwm":0,"v":15.30}
ngr/loco/9950011/state/loopstat {"loop_max_gap_ms":23,"hall_task_max_gap_ms":2,"hall_task_age_ms":1,"baseline":1457,"raw":1472,"delta":15,"queue_drops":0,"floor_rejects":75,"queue_high_water":1,"mqtt_connect_ms":33,"mqtt_attempts":2,"pub_drops":31,"pub_queue_hw":1,"cmd_drops":0,"pub_per_s":5,"marker_pub_drops":0,"marker_pub_hw":1,"nav":"UNSET","mm":0,"miss_streak":0,"pwm":0,"lost_markers":0,"lost_ms":0,"motor_dir":"FWD"}
ngr/loco/9950011/mm/marker {"mm":0,"landmark":"Southpoint","obs":"N","peak":81,"ms":617,"drift":0,"dt":439,"timing_gate":"NO_POSITION","dt_expected":0,"dt_conserve_ratio":-1.00,"pwm":0,"v":15.30}
ngr/loco/9950011/mm/marker {"mm":0,"landmark":"Southpoint","obs":"N","peak":39,"ms":110,"drift":0,"dt":621,"timing_gate":"NO_POSITION","dt_expected":0,"dt_conserve_ratio":-1.00,"pwm":0,"v":15.30}
ngr/loco/9950011/alert {"level":"UNSET","reason":"STATUS","loco":"9950011","uptime_ms":87021,"nav":"UNSET","moving":0,"pwm":0,"est_mm_s":531,"dir":"CCW","session_dir":"CCW","mdir":"FWD","rear":0,"front":166,"env":1660,"lc_mm":-1,"last_confirmed_landmark":"","age_ms":0,"since":0,"dead_reckoned_mm":0,"candidate_mm":-1,"viable":[],"lostm":0,"lost_ms":0,"agree":0,"disagree":0,"losts":0,"auto":0}
ngr/loco/9950011/mm/marker {"mm":0,"landmark":"Southpoint","obs":"S","peak":40,"ms":228,"drift":0,"dt":124,"timing_gate":"NO_POSITION","dt_expected":0,"dt_conserve_ratio":-1.00,"pwm":0,"v":15.30}
ngr/loco/9950011/mm/marker {"mm":0,"landmark":"Southpoint","obs":"S","peak":45,"ms":55,"drift":0,"dt":250,"timing_gate":"NO_POSITION","dt_expected":0,"dt_conserve_ratio":-1.00,"pwm":0,"v":15.30}
ngr/loco/9950011/mm/marker {"mm":0,"landmark":"Southpoint","obs":"N","peak":90,"ms":162,"drift":0,"dt":63,"timing_gate":"NO_POSITION","dt_expected":0,"dt_conserve_ratio":-1.00,"pwm":0,"v":15.30}
ngr/loco/9950011/state/loopstat {"loop_max_gap_ms":22,"hall_task_max_gap_ms":3,"hall_task_age_ms":1,"baseline":1457,"raw":1473,"delta":16,"queue_drops":0,"floor_rejects":75,"queue_high_water":1,"mqtt_connect_ms":33,"mqtt_attempts":2,"pub_drops":31,"pub_queue_hw":1,"cmd_drops":0,"pub_per_s":6,"marker_pub_drops":0,"marker_pub_hw":1,"nav":"UNSET","mm":0,"miss_streak":0,"pwm":0,"lost_markers":0,"lost_ms":0,"motor_dir":"FWD"}
ngr/loco/9950011/mm/marker {"mm":0,"landmark":"Southpoint","obs":"N","peak":71,"ms":254,"drift":0,"dt":223,"timing_gate":"NO_POSITION","dt_expected":0,"dt_conserve_ratio":-1.00,"pwm":0,"v":15.30}
ngr/loco/9950011/mm/marker {"mm":0,"landmark":"Southpoint","obs":"N","peak":68,"ms":42,"drift":0,"dt":258,"timing_gate":"NO_POSITION","dt_expected":0,"dt_conserve_ratio":-1.00,"pwm":0,"v":15.30}
ngr/loco/9950011/mm/marker {"mm":0,"landmark":"Southpoint","obs":"N","peak":97,"ms":171,"drift":1,"dt":48,"timing_gate":"NO_POSITION","dt_expected":0,"dt_conserve_ratio":-1.00,"pwm":0,"v":15.30}
ngr/loco/9950011/alert {"level":"UNSET","reason":"STATUS","loco":"9950011","uptime_ms":88021,"nav":"UNSET","moving":0,"pwm":0,"est_mm_s":6875,"dir":"CCW","session_dir":"CCW","mdir":"FWD","rear":0,"front":166,"env":1660,"lc_mm":-1,"last_confirmed_landmark":"","age_ms":0,"since":0,"dead_reckoned_mm":0,"candidate_mm":-1,"viable":[],"lostm":0,"lost_ms":0,"agree":0,"disagree":0,"losts":0,"auto":0}
ngr/loco/9950011/mm/marker {"mm":0,"landmark":"Southpoint","obs":"N","peak":82,"ms":147,"drift":0,"dt":178,"timing_gate":"NO_POSITION","dt_expected":0,"dt_conserve_ratio":-1.00,"pwm":0,"v":15.30}
ngr/loco/9950011/mm/marker {"mm":0,"landmark":"Southpoint","obs":"N","peak":50,"ms":62,"drift":0,"dt":364,"timing_gate":"NO_POSITION","dt_expected":0,"dt_conserve_ratio":-1.00,"pwm":0,"v":15.30}
ngr/loco/9950011/state/loopstat {"loop_max_gap_ms":23,"hall_task_max_gap_ms":2,"hall_task_age_ms":1,"baseline":1459,"raw":1470,"delta":11,"queue_drops":0,"floor_rejects":79,"queue_high_water":1,"mqtt_connect_ms":33,"mqtt_attempts":2,"pub_drops":31,"pub_queue_hw":1,"cmd_drops":0,"pub_per_s":6,"marker_pub_drops":0,"marker_pub_hw":1,"nav":"UNSET","mm":0,"miss_streak":0,"pwm":0,"lost_markers":0,"lost_ms":0,"motor_dir":"FWD"}
ngr/loco/9950011/cmd/start_interval 037-038
ngr/loco/9950011/mm/marker {"mm":0,"landmark":"Southpoint","obs":"N","peak":43,"ms":58,"drift":0,"dt":96,"timing_gate":"NO_POSITION","dt_expected":0,"dt_conserve_ratio":-1.00,"pwm":0,"v":15.30}
ngr/loco/9950011/mm/marker {"mm":0,"landmark":"Southpoint","obs":"N","peak":87,"ms":90,"drift":0,"dt":66,"timing_gate":"NO_POSITION","dt_expected":0,"dt_conserve_ratio":-1.00,"pwm":0,"v":15.30}
ngr/loco/9950011/mm/marker {"mm":0,"landmark":"Southpoint","obs":"N","peak":48,"ms":49,"drift":0,"dt":216,"timing_gate":"NO_POSITION","dt_expected":0,"dt_conserve_ratio":-1.00,"pwm":0,"v":15.30}
ngr/loco/9950011/mm/marker {"mm":0,"landmark":"Southpoint","obs":"N","peak":71,"ms":59,"drift":0,"dt":118,"timing_gate":"NO_POSITION","dt_expected":0,"dt_conserve_ratio":-1.00,"pwm":0,"v":15.30}
ngr/loco/9950011/alert {"level":"UNSET","reason":"STATUS","loco":"9950011","uptime_ms":89021,"nav":"UNSET","moving":0,"pwm":0,"est_mm_s":2796,"dir":"CCW","session_dir":"CCW","mdir":"FWD","rear":0,"front":166,"env":1660,"lc_mm":-1,"last_confirmed_landmark":"","age_ms":0,"since":0,"dead_reckoned_mm":0,"candidate_mm":-1,"viable":[],"lostm":0,"lost_ms":0,"agree":0,"disagree":0,"losts":0,"auto":0}
ngr/loco/9950011/mm/marker {"mm":0,"landmark":"Southpoint","obs":"N","peak":91,"ms":311,"drift":0,"dt":81,"timing_gate":"NO_POSITION","dt_expected":0,"dt_conserve_ratio":-1.00,"pwm":0,"v":15.30}
ngr/loco/9950011/mm/marker {"mm":0,"landmark":"Southpoint","obs":"N","peak":63,"ms":101,"drift":1,"dt":361,"timing_gate":"NO_POSITION","dt_expected":0,"dt_conserve_ratio":-1.00,"pwm":0,"v":15.30}
ngr/loco/9950011/state/loopstat {"loop_max_gap_ms":23,"hall_task_max_gap_ms":2,"hall_task_age_ms":1,"baseline":1460,"raw":1514,"delta":54,"queue_drops":0,"floor_rejects":79,"queue_high_water":1,"mqtt_connect_ms":33,"mqtt_attempts":2,"pub_drops":31,"pub_queue_hw":1,"cmd_drops":0,"pub_per_s":7,"marker_pub_drops":0,"marker_pub_hw":1,"nav":"UNSET","mm":0,"miss_streak":0,"pwm":0,"lost_markers":0,"lost_ms":0,"motor_dir":"FWD"}
ngr/loco/9950011/mm/marker {"mm":0,"landmark":"Southpoint","obs":"N","peak":99,"ms":351,"drift":0,"dt":160,"timing_gate":"NO_POSITION","dt_expected":0,"dt_conserve_ratio":-1.00,"pwm":0,"v":15.30}
ngr/loco/9950011/mm/marker {"mm":0,"landmark":"Southpoint","obs":"N","peak":64,"ms":91,"drift":0,"dt":363,"timing_gate":"NO_POSITION","dt_expected":0,"dt_conserve_ratio":-1.00,"pwm":0,"v":15.30}
ngr/loco/9950011/telem/voltage 15.26
ngr/loco/9950011/telem/current 0.18
ngr/loco/9950011/telem/power 2.76
ngr/loco/9950011/alert {"level":"UNSET","reason":"STATUS","loco":"9950011","uptime_ms":90021,"nav":"UNSET","moving":0,"pwm":0,"est_mm_s":909,"dir":"CCW","session_dir":"CCW","mdir":"FWD","rear":0,"front":166,"env":1660,"lc_mm":-1,"last_confirmed_landmark":"","age_ms":0,"since":0,"dead_reckoned_mm":0,"candidate_mm":-1,"viable":[],"lostm":0,"lost_ms":0,"agree":0,"disagree":0,"losts":0,"auto":0}
ngr/loco/9950011/mm/marker {"mm":0,"landmark":"Southpoint","obs":"N","peak":92,"ms":387,"drift":0,"dt":108,"timing_gate":"NO_POSITION","dt_expected":0,"dt_conserve_ratio":-1.00,"pwm":0,"v":15.26}
ngr/loco/9950011/mm/marker {"mm":0,"landmark":"Southpoint","obs":"N","peak":58,"ms":48,"drift":0,"dt":472,"timing_gate":"NO_POSITION","dt_expected":0,"dt_conserve_ratio":-1.00,"pwm":0,"v":15.26}
ngr/loco/9950011/mm/marker {"mm":0,"landmark":"Southpoint","obs":"N","peak":61,"ms":321,"drift":0,"dt":127,"timing_gate":"NO_POSITION","dt_expected":0,"dt_conserve_ratio":-1.00,"pwm":0,"v":15.26}
ngr/loco/9950011/mm/marker {"mm":0,"landmark":"Southpoint","obs":"N","peak":65,"ms":155,"drift":0,"dt":365,"timing_gate":"NO_POSITION","dt_expected":0,"dt_conserve_ratio":-1.00,"pwm":0,"v":15.26}
ngr/loco/9950011/mm/marker {"mm":0,"landmark":"Southpoint","obs":"N","peak":74,"ms":59,"drift":0,"dt":286,"timing_gate":"NO_POSITION","dt_expected":0,"dt_conserve_ratio":-1.00,"pwm":0,"v":15.26}
ngr/loco/9950011/mm/marker {"mm":0,"landmark":"Southpoint","obs":"N","peak":75,"ms":162,"drift":0,"dt":189,"timing_gate":"NO_POSITION","dt_expected":0,"dt_conserve_ratio":-1.00,"pwm":0,"v":15.26}
ngr/loco/9950011/mm/marker {"mm":0,"landmark":"Southpoint","obs":"N","peak":99,"ms":972,"drift":0,"dt":265,"timing_gate":"NO_POSITION","dt_expected":0,"dt_conserve_ratio":-1.00,"pwm":0,"v":15.26}
ngr/loco/9950011/state/loopstat {"loop_max_gap_ms":23,"hall_task_max_gap_ms":2,"hall_task_age_ms":1,"baseline":1460,"raw":1483,"delta":23,"queue_drops":0,"floor_rejects":79,"queue_high_water":1,"mqtt_connect_ms":33,"mqtt_attempts":2,"pub_drops":31,"pub_queue_hw":3,"cmd_drops":0,"pub_per_s":8,"marker_pub_drops":0,"marker_pub_hw":2,"nav":"UNSET","mm":0,"miss_streak":0,"pwm":0,"lost_markers":0,"lost_ms":0,"motor_dir":"FWD"}
ngr/loco/9950011/alert {"level":"UNSET","reason":"STATUS","loco":"9950011","uptime_ms":91021,"nav":"UNSET","moving":0,"pwm":0,"est_mm_s":2598,"dir":"CCW","session_dir":"CCW","mdir":"FWD","rear":0,"front":166,"env":1660,"lc_mm":-1,"last_confirmed_landmark":"","age_ms":0,"since":0,"dead_reckoned_mm":0,"candidate_mm":-1,"viable":[],"lostm":0,"lost_ms":0,"agree":0,"disagree":0,"losts":0,"auto":0}
ngr/loco/9950011/state/loopstat {"loop_max_gap_ms":22,"hall_task_max_gap_ms":2,"hall_task_age_ms":1,"baseline":1461,"raw":1492,"delta":31,"queue_drops":0,"floor_rejects":80,"queue_high_water":1,"mqtt_connect_ms":33,"mqtt_attempts":2,"pub_drops":31,"pub_queue_hw":2,"cmd_drops":0,"pub_per_s":4,"marker_pub_drops":0,"marker_pub_hw":5,"nav":"UNSET","mm":0,"miss_streak":0,"pwm":0,"lost_markers":0,"lost_ms":0,"motor_dir":"FWD"}
ngr/loco/9950011/alert {"level":"UNSET","reason":"STATUS","loco":"9950011","uptime_ms":92021,"nav":"UNSET","moving":0,"pwm":0,"est_mm_s":1746,"dir":"CCW","session_dir":"CCW","mdir":"FWD","rear":0,"front":166,"env":1660,"lc_mm":-1,"last_confirmed_landmark":"","age_ms":0,"since":0,"dead_reckoned_mm":0,"candidate_mm":-1,"viable":[],"lostm":0,"lost_ms":0,"agree":0,"disagree":0,"losts":0,"auto":0}
ngr/loco/9950011/state/loopstat {"loop_max_gap_ms":23,"hall_task_max_gap_ms":1,"hall_task_age_ms":1,"baseline":1461,"raw":1492,"delta":31,"queue_drops":0,"floor_rejects":80,"queue_high_water":1,"mqtt_connect_ms":33,"mqtt_attempts":2,"pub_drops":31,"pub_queue_hw":4,"cmd_drops":0,"pub_per_s":2,"marker_pub_drops":0,"marker_pub_hw":6,"nav":"UNSET","mm":0,"miss_streak":0,"pwm":0,"lost_markers":0,"lost_ms":0,"motor_dir":"FWD"}
ngr/loco/9950011/state/nav {"event":"DECLARED","state":"NORMAL","nav_state":"NORMAL","mm":38,"dir":"CCW","motor_dir":"FWD","session_dir":"CCW","miss_streak":0}
ngr/loco/9950011/state/station {"event":"START_INTERVAL_SET","phase":0,"station":"NONE","offset":0,"commanded_pwm":0,"actual_pwm":0,"note":"CCW_DECLARED_AT_UPPER"}
ngr/loco/9950011/alert {"level":"CLEAR","reason":"STATUS","loco":"9950011","uptime_ms":93030,"nav":"NORMAL","moving":0,"pwm":0,"est_mm_s":1132,"dir":"CCW","session_dir":"CCW","mdir":"FWD","rear":38,"front":33,"env":1510,"lc_mm":38,"last_confirmed_landmark":"","age_ms":22,"since":0,"dead_reckoned_mm":38,"candidate_mm":-1,"viable":[],"lostm":0,"lost_ms":0,"agree":0,"disagree":0,"losts":0,"auto":0}
ngr/loco/9950011/mm/no_quorum (null)
ngr/loco/9950011/state/start_interval 037-038
ngr/loco/9950011/state/start_mm 38
ngr/loco/9950011/state/nav_ready 1
ngr/loco/9950011/state/loopstat {"loop_max_gap_ms":56,"hall_task_max_gap_ms":3,"hall_task_age_ms":1,"baseline":1464,"raw":1486,"delta":22,"queue_drops":0,"floor_rejects":80,"queue_high_water":1,"mqtt_connect_ms":33,"mqtt_attempts":2,"pub_drops":31,"pub_queue_hw":3,"cmd_drops":0,"pub_per_s":7,"marker_pub_drops":0,"marker_pub_hw":7,"nav":"NORMAL","mm":38,"miss_streak":0,"pwm":0,"lost_markers":0,"lost_ms":0,"motor_dir":"FWD"}
ngr/loco/9950011/state/nav {"event":"DISAGREE","state":"NORMAL","nav_state":"NORMAL","mm":37,"landmark":"","dir":"CCW","miss_streak":0,"obs":"N","expected":"S","peak":127,"ms":853,"drift":3,"dt":0,"agree":0,"disagree":1,"lost":0,"scores":[0,0,0,0,0,0],"excluded":[false,false,false,false,false,false],"leader":null,"runner_up":null,"margin":0,"motor_dir":"FWD"}
ngr/loco/9950011/mm/marker {"mm":37,"landmark":"","obs":"N","peak":127,"ms":853,"drift":3,"dt":0,"timing_gate":"LOW_PWM","dt_expected":0,"dt_conserve_ratio":-1.00,"pwm":0,"v":15.26}
ngr/loco/9950011/state/nav {"event":"DISAGREE","state":"NORMAL","nav_state":"NORMAL","mm":36,"landmark":"","dir":"CCW","miss_streak":1,"obs":"N","expected":"S","peak":90,"ms":1258,"drift":1,"dt":916,"agree":0,"disagree":2,"lost":0,"scores":[0,0,0,0,0,0],"excluded":[false,false,false,false,false,false],"leader":null,"runner_up":null,"margin":0,"motor_dir":"FWD"}
ngr/loco/9950011/mm/marker {"mm":36,"landmark":"","obs":"N","peak":90,"ms":1258,"drift":1,"dt":916,"timing_gate":"LOW_PWM","dt_expected":0,"dt_conserve_ratio":-1.00,"pwm":0,"v":15.26}
ngr/loco/9950011/state/nav {"event":"AGREE","state":"NORMAL","nav_state":"NORMAL","mm":35,"landmark":"","dir":"CCW","miss_streak":2,"obs":"N","expected":"N","peak":45,"ms":117,"drift":0,"dt":1445,"agree":1,"disagree":2,"lost":0,"scores":[0,0,0,0,0,0],"excluded":[false,false,false,false,false,false],"leader":null,"runner_up":null,"margin":0,"motor_dir":"FWD"}
ngr/loco/9950011/mm/marker {"mm":35,"landmark":"","obs":"N","peak":45,"ms":117,"drift":0,"dt":1445,"timing_gate":"LOW_PWM","dt_expected":0,"dt_conserve_ratio":-1.00,"pwm":0,"v":15.28}
ngr/loco/9950011/alert {"level":"CLEAR","reason":"STATUS","loco":"9950011","uptime_ms":94030,"nav":"NORMAL","moving":0,"pwm":0,"est_mm_s":0,"dir":"CCW","session_dir":"CCW","mdir":"FWD","rear":38,"front":32,"env":1825,"lc_mm":38,"last_confirmed_landmark":"","age_ms":1022,"since":1,"dead_reckoned_mm":37,"candidate_mm":-1,"viable":[],"lostm":0,"lost_ms":0,"agree":0,"disagree":1,"losts":0,"auto":0}
ngr/loco/9950011/state/start_mm 37
ngr/loco/9950011/state/loopstat {"loop_max_gap_ms":23,"hall_task_max_gap_ms":2,"hall_task_age_ms":1,"baseline":1465,"raw":1507,"delta":42,"queue_drops":0,"floor_rejects":80,"queue_high_water":0,"mqtt_connect_ms":33,"mqtt_attempts":2,"pub_drops":31,"pub_queue_hw":4,"cmd_drops":0,"pub_per_s":4,"marker_pub_drops":0,"marker_pub_hw":2,"nav":"NORMAL","mm":37,"miss_streak":1,"pwm":0,"lost_markers":0,"lost_ms":0,"motor_dir":"FWD"}
ngr/loco/9950011/telem/voltage 15.28
ngr/loco/9950011/telem/current 0.16
ngr/loco/9950011/telem/power 2.36
ngr/loco/9950011/alert {"level":"CLEAR","reason":"STATUS","loco":"9950011","uptime_ms":95030,"nav":"NORMAL","moving":0,"pwm":0,"est_mm_s":327,"dir":"CCW","session_dir":"CCW","mdir":"FWD","rear":38,"front":31,"env":2145,"lc_mm":38,"last_confirmed_landmark":"","age_ms":2022,"since":2,"dead_reckoned_mm":36,"candidate_mm":-1,"viable":[],"lostm":0,"lost_ms":0,"agree":0,"disagree":2,"losts":0,"auto":0}
ngr/loco/9950011/state/loopstat {"loop_max_gap_ms":34,"hall_task_max_gap_ms":2,"hall_task_age_ms":1,"baseline":1465,"raw":1479,"delta":14,"queue_drops":0,"floor_rejects":82,"queue_high_water":1,"mqtt_connect_ms":33,"mqtt_attempts":2,"pub_drops":31,"pub_queue_hw":9,"cmd_drops":0,"pub_per_s":8,"marker_pub_drops":0,"marker_pub_hw":6,"nav":"NORMAL","mm":35,"miss_streak":0,"pwm":0,"lost_markers":0,"lost_ms":0,"motor_dir":"FWD"}
ngr/loco/9950011/state/start_mm 35
ngr/loco/9950011/state/nav {"event":"AGREE","state":"NORMAL","nav_state":"NORMAL","mm":34,"landmark":"","dir":"CCW","miss_streak":0,"obs":"N","expected":"N","peak":83,"ms":48,"drift":0,"dt":441,"agree":2,"disagree":2,"lost":0,"scores":[0,0,0,0,0,0],"excluded":[false,false,false,false,false,false],"leader":null,"runner_up":null,"margin":0,"motor_dir":"FWD"}
ngr/loco/9950011/mm/marker {"mm":34,"landmark":"","obs":"N","peak":83,"ms":48,"drift":0,"dt":441,"timing_gate":"LOW_PWM","dt_expected":0,"dt_conserve_ratio":-1.00,"pwm":0,"v":15.28}
ngr/loco/9950011/state/nav {"event":"DISAGREE","state":"NORMAL","nav_state":"NORMAL","mm":33,"landmark":"","dir":"CCW","miss_streak":0,"obs":"N","expected":"S","peak":64,"ms":48,"drift":0,"dt":487,"agree":2,"disagree":3,"lost":0,"scores":[0,0,0,0,0,0],"excluded":[false,false,false,false,false,false],"leader":null,"runner_up":null,"margin":0,"motor_dir":"FWD"}
ngr/loco/9950011/mm/marker {"mm":33,"landmark":"","obs":"N","peak":64,"ms":48,"drift":0,"dt":487,"timing_gate":"LOW_PWM","dt_expected":0,"dt_conserve_ratio":-1.00,"pwm":0,"v":15.28}
ngr/loco/9950011/alert {"level":"CLEAR","reason":"STATUS","loco":"9950011","uptime_ms":96030,"nav":"NORMAL","moving":0,"pwm":0,"est_mm_s":636,"dir":"CCW","session_dir":"CCW","mdir":"FWD","rear":34,"front":28,"env":1890,"lc_mm":34,"last_confirmed_landmark":"","age_ms":585,"since":1,"dead_reckoned_mm":33,"candidate_mm":-1,"viable":[],"lostm":0,"lost_ms":0,"agree":2,"disagree":3,"losts":0,"auto":0}
ngr/loco/9950011/state/nav {"event":"AGREE","state":"NORMAL","nav_state":"NORMAL","mm":32,"landmark":"","dir":"CCW","miss_streak":1,"obs":"N","expected":"N","peak":78,"ms":44,"drift":0,"dt":123,"agree":3,"disagree":3,"lost":0,"scores":[0,0,0,0,0,0],"excluded":[false,false,false,false,false,false],"leader":null,"runner_up":null,"margin":0,"motor_dir":"FWD"}
ngr/loco/9950011/mm/marker {"mm":32,"landmark":"","obs":"N","peak":78,"ms":44,"drift":0,"dt":123,"timing_gate":"LOW_PWM","dt_expected":0,"dt_conserve_ratio":-1.00,"pwm":0,"v":15.28}
ngr/loco/9950011/state/nav {"event":"AGREE","state":"NORMAL","nav_state":"NORMAL","mm":31,"landmark":"","dir":"CCW","miss_streak":0,"obs":"N","expected":"N","peak":76,"ms":53,"drift":0,"dt":68,"agree":4,"disagree":3,"lost":0,"scores":[0,0,0,0,0,0],"excluded":[false,false,false,false,false,false],"leader":null,"runner_up":null,"margin":0,"motor_dir":"FWD"}
ngr/loco/9950011/mm/marker {"mm":31,"landmark":"","obs":"N","peak":76,"ms":53,"drift":0,"dt":68,"timing_gate":"LOW_PWM","dt_expected":0,"dt_conserve_ratio":-1.00,"pwm":0,"v":15.28}
ngr/loco/9950011/state/start_mm 31
ngr/loco/9950011/state/loopstat {"loop_max_gap_ms":23,"hall_task_max_gap_ms":3,"hall_task_age_ms":1,"baseline":1465,"raw":1474,"delta":9,"queue_drops":0,"floor_rejects":91,"queue_high_water":1,"mqtt_connect_ms":33,"mqtt_attempts":2,"pub_drops":31,"pub_queue_hw":8,"cmd_drops":0,"pub_per_s":11,"marker_pub_drops":0,"marker_pub_hw":1,"nav":"NORMAL","mm":31,"miss_streak":0,"pwm":0,"lost_markers":0,"lost_ms":0,"motor_dir":"FWD"}
ngr/loco/9950011/alert {"level":"CLEAR","reason":"STATUS","loco":"9950011","uptime_ms":97030,"nav":"NORMAL","moving":0,"pwm":0,"est_mm_s":4705,"dir":"CCW","session_dir":"CCW","mdir":"FWD","rear":31,"front":26,"env":1545,"lc_mm":31,"last_confirmed_landmark":"","age_ms":907,"since":0,"dead_reckoned_mm":31,"candidate_mm":-1,"viable":[],"lostm":0,"lost_ms":0,"agree":4,"disagree":3,"losts":0,"auto":0}
ngr/loco/9950011/state/loopstat {"loop_max_gap_ms":34,"hall_task_max_gap_ms":2,"hall_task_age_ms":1,"baseline":1465,"raw":1451,"delta":-14,"queue_drops":0,"floor_rejects":93,"queue_high_water":0,"mqtt_connect_ms":33,"mqtt_attempts":2,"pub_drops":31,"pub_queue_hw":1,"cmd_drops":0,"pub_per_s":1,"marker_pub_drops":0,"marker_pub_hw":0,"nav":"NORMAL","mm":31,"miss_streak":0,"pwm":0,"lost_markers":0,"lost_ms":0,"motor_dir":"FWD"}
ngr/loco/9950011/state/nav {"event":"AGREE","state":"NORMAL","nav_state":"NORMAL","mm":30,"landmark":"","dir":"CCW","miss_streak":0,"obs":"N","expected":"N","peak":46,"ms":45,"drift":0,"dt":1534,"agree":5,"disagree":3,"lost":0,"scores":[0,0,0,0,0,0],"excluded":[false,false,false,false,false,false],"leader":null,"runner_up":null,"margin":0,"motor_dir":"FWD"}
ngr/loco/9950011/mm/marker {"mm":30,"landmark":"","obs":"N","peak":46,"ms":45,"drift":0,"dt":1534,"timing_gate":"LOW_PWM","dt_expected":0,"dt_conserve_ratio":-1.00,"pwm":0,"v":15.28}
ngr/loco/9950011/state/nav {"event":"AGREE","state":"NORMAL","nav_state":"NORMAL","mm":29,"landmark":"","dir":"CCW","miss_streak":0,"obs":"N","expected":"N","peak":51,"ms":61,"drift":0,"dt":82,"agree":6,"disagree":3,"lost":0,"scores":[0,0,0,0,0,0],"excluded":[false,false,false,false,false,false],"leader":null,"runner_up":null,"margin":0,"motor_dir":"FWD"}
ngr/loco/9950011/mm/marker {"mm":29,"landmark":"","obs":"N","peak":51,"ms":61,"drift":0,"dt":82,"timing_gate":"LOW_PWM","dt_expected":0,"dt_conserve_ratio":-1.00,"pwm":0,"v":15.28}
ngr/loco/9950011/cmd/direction 2
ngr/loco/9950011/cmd/throttle 2
ngr/loco/9950011/cmd/throttle 4
ngr/loco/9950011/cmd/throttle 8
ngr/loco/9950011/cmd/throttle 40
ngr/loco/9950011/cmd/throttle 44
ngr/loco/9950011/cmd/throttle 49
ngr/loco/9950011/cmd/throttle 55
ngr/loco/9950011/cmd/throttle 57
ngr/loco/9950011/cmd/throttle 58
ngr/loco/9950011/cmd/throttle 59
ngr/loco/9950011/cmd/throttle 60
ngr/loco/9950011/cmd/throttle 62
ngr/loco/9950011/cmd/throttle 68
ngr/loco/9950011/cmd/throttle 74
ngr/loco/9950011/cmd/throttle 76
ngr/loco/9950011/cmd/throttle 77
ngr/loco/9950011/cmd/throttle 78
ngr/loco/9950011/cmd/throttle 79
ngr/loco/9950011/cmd/throttle 80
ngr/loco/9950011/cmd/throttle 81
ngr/loco/9950011/cmd/throttle 82
ngr/loco/9950011/cmd/throttle 83
ngr/loco/9950011/cmd/throttle 84
ngr/loco/9950011/state/nav {"event":"AGREE","state":"NORMAL","nav_state":"NORMAL","mm":28,"landmark":"","dir":"CCW","miss_streak":0,"obs":"N","expected":"N","peak":59,"ms":45,"drift":0,"dt":225,"agree":7,"disagree":3,"lost":0,"scores":[0,0,0,0,0,0],"excluded":[false,false,false,false,false,false],"leader":null,"runner_up":null,"margin":0,"motor_dir":"FWD"}
ngr/loco/9950011/mm/marker {"mm":28,"landmark":"","obs":"N","peak":59,"ms":45,"drift":0,"dt":225,"timing_gate":"LOW_PWM","dt_expected":0,"dt_conserve_ratio":-1.00,"pwm":0,"v":15.28}
ngr/loco/9950011/state/nav {"event":"DISAGREE","state":"NORMAL","nav_state":"NORMAL","mm":27,"landmark":"","dir":"CCW","miss_streak":0,"obs":"N","expected":"S","peak":43,"ms":81,"drift":0,"dt":57,"agree":7,"disagree":4,"lost":0,"scores":[0,0,0,0,0,0],"excluded":[false,false,false,false,false,false],"leader":null,"runner_up":null,"margin":0,"motor_dir":"FWD"}
ngr/loco/9950011/mm/marker {"mm":27,"landmark":"","obs":"N","peak":43,"ms":81,"drift":0,"dt":57,"timing_gate":"LOW_PWM","dt_expected":0,"dt_conserve_ratio":-1.00,"pwm":0,"v":15.28}
ngr/loco/9950011/state/nav {"event":"AGREE","state":"NORMAL","nav_state":"NORMAL","mm":26,"landmark":"","dir":"CCW","miss_streak":1,"obs":"S","expected":"S","peak":67,"ms":50,"drift":0,"dt":126,"agree":8,"disagree":4,"lost":0,"scores":[0,0,0,0,0,0],"excluded":[false,false,false,false,false,false],"leader":null,"runner_up":null,"margin":0,"motor_dir":"FWD"}
ngr/loco/9950011/mm/marker {"mm":26,"landmark":"","obs":"S","peak":67,"ms":50,"drift":0,"dt":126,"timing_gate":"LOW_PWM","dt_expected":0,"dt_conserve_ratio":-1.00,"pwm":0,"v":15.28}
ngr/loco/9950011/alert {"level":"CLEAR","reason":"STATUS","loco":"9950011","uptime_ms":98032,"nav":"NORMAL","moving":0,"pwm":0,"est_mm_s":1333,"dir":"CCW","session_dir":"CCW","mdir":"FWD","rear":28,"front":23,"env":1495,"lc_mm":28,"last_confirmed_landmark":"","age_ms":68,"since":0,"dead_reckoned_mm":28,"candidate_mm":-1,"viable":[],"lostm":0,"lost_ms":0,"agree":7,"disagree":3,"losts":0,"auto":0}
ngr/loco/9950011/state/loopstat {"loop_max_gap_ms":56,"hall_task_max_gap_ms":1,"hall_task_age_ms":1,"baseline":1466,"raw":1442,"delta":-24,"queue_drops":0,"floor_rejects":94,"queue_high_water":1,"mqtt_connect_ms":33,"mqtt_attempts":2,"pub_drops":31,"pub_queue_hw":1,"cmd_drops":0,"pub_per_s":11,"marker_pub_drops":0,"marker_pub_hw":6,"nav":"NORMAL","mm":26,"miss_streak":0,"pwm":0,"lost_markers":0,"lost_ms":0,"motor_dir":"FWD"}
ngr/loco/9950011/state/start_mm 26
ngr/loco/9950011/state/nav {"event":"DISAGREE","state":"NORMAL","nav_state":"NORMAL","mm":25,"landmark":"","dir":"CCW","miss_streak":0,"obs":"S","expected":"N","peak":46,"ms":82,"drift":0,"dt":312,"agree":8,"disagree":5,"lost":0,"scores":[0,0,0,0,0,0],"excluded":[false,false,false,false,false,false],"leader":null,"runner_up":null,"margin":0,"motor_dir":"FWD"}
ngr/loco/9950011/mm/marker {"mm":25,"landmark":"","obs":"S","peak":46,"ms":82,"drift":0,"dt":312,"timing_gate":"LOW_PWM","dt_expected":0,"dt_conserve_ratio":-1.00,"pwm":0,"v":15.28}
ngr/loco/9950011/alert {"level":"CLEAR","reason":"STATUS","loco":"9950011","uptime_ms":99032,"nav":"NORMAL","moving":0,"pwm":0,"est_mm_s":961,"dir":"CCW","session_dir":"CCW","mdir":"FWD","rear":26,"front":20,"env":1830,"lc_mm":26,"last_confirmed_landmark":"","age_ms":885,"since":1,"dead_reckoned_mm":25,"candidate_mm":-1,"viable":[],"lostm":0,"lost_ms":0,"agree":8,"disagree":5,"losts":0,"auto":0}
ngr/loco/9950011/telem/power 2.11
ngr/loco/9950011/state/loopstat {"loop_max_gap_ms":34,"hall_task_max_gap_ms":1,"hall_task_age_ms":1,"baseline":1465,"raw":1488,"delta":23,"queue_drops":0,"floor_rejects":120,"queue_high_water":0,"mqtt_connect_ms":33,"mqtt_attempts":2,"pub_drops":31,"pub_queue_hw":31,"cmd_drops":0,"pub_per_s":4,"marker_pub_drops":0,"marker_pub_hw":37,"nav":"EVALUATING","mm":6,"miss_streak":3,"pwm":0,"lost_markers":0,"lost_ms":0,"motor_dir":"FWD"}
ngr/loco/9950011/alert {"level":"EVALUATING","reason":"STATUS","loco":"9950011","uptime_ms":108034,"nav":"EVALUATING","moving":0,"pwm":0,"est_mm_s":2142,"dir":"CCW","session_dir":"CCW","mdir":"FWD","rear":11,"front":0,"env":3480,"lc_mm":11,"last_confirmed_landmark":"","age_ms":4032,"since":6,"dead_reckoned_mm":5,"candidate_mm":1,"viable":[-1,0,1,2,3,4],"lostm":0,"lost_ms":0,"agree":13,"disagree":11,"losts":0,"auto":0}
ngr/loco/9950011/state/start_mm 2
ngr/loco/9950011/mm/no_quorum {"e":"NO_QUORUM","mm":170,"lm":"","since":12,"dir":"CCW","sc":[5,4,5,6,7,7],"ex":[0,0,0,0,0,0],"ld":3,"ru":4,"mg":0,"ev":12,"ring":[["N",10],["N",9],["N",8],["N",7],["N",6],["N",5],["N",4],["N",3],["N",2],["N",1],["N",0],["N",170]]}
ngr/loco/9950011/state/nav {"event":"DISAGREE","state":"NORMAL","nav_state":"NORMAL","mm":24,"landmark":"","dir":"CCW","miss_streak":1,"obs":"S","expected":"N","peak":60,"ms":129,"drift":0,"dt":842,"agree":8,"disagree":6,"lost":0,"scores":[0,0,0,0,0,0],"excluded":[false,false,false,false,false,false],"leader":null,"runner_up":null,"margin":0,"motor_dir":"FWD"}
ngr/loco/9950011/mm/marker {"mm":24,"landmark":"","obs":"S","peak":60,"ms":129,"drift":0,"dt":842,"timing_gate":"LOW_PWM","dt_expected":0,"dt_conserve_ratio":-1.00,"pwm":0,"v":15.28}
ngr/loco/9950011/state/nav {"event":"DISAGREE","state":"NORMAL","nav_state":"NORMAL","mm":23,"landmark":"","dir":"CCW","miss_streak":2,"obs":"S","expected":"N","peak":67,"ms":279,"drift":-1,"dt":283,"agree":8,"disagree":7,"lost":0,"scores":[0,0,0,0,0,0],"excluded":[false,false,false,false,false,false],"leader":null,"runner_up":null,"margin":0,"motor_dir":"FWD"}
ngr/loco/9950011/state/nav {"event":"QUORUM_OPEN","state":"EVALUATING","mm":23,"streak":3,"scores":[0,0,0,0,0,0],"excluded":[false,false,false,false,false,false],"leader":null,"runner_up":null,"margin":0,"eval":0,"viable":[]}
ngr/loco/9950011/state/nav {"event":"QUORUM_TIED","state":"EVALUATING","mm":23,"streak":3,"scores":[1,0,1,1,2,2],"excluded":[false,false,false,false,false,false],"leader":3,"runner_up":4,"margin":0,"eval":3,"viable":[-1,1,2,3,4]}
ngr/loco/9950011/mm/marker {"mm":23,"landmark":"","obs":"S","peak":67,"ms":279,"drift":-1,"dt":283,"timing_gate":"LOW_PWM","dt_expected":0,"dt_conserve_ratio":-1.00,"pwm":0,"v":15.28}
ngr/loco/9950011/state/nav {"event":"QUORUM_TIED","state":"EVALUATING","mm":22,"streak":3,"scores":[1,1,1,2,3,3],"excluded":[false,false,false,false,false,false],"leader":3,"runner_up":4,"margin":0,"eval":4,"viable":[2,3,4]}
ngr/loco/9950011/mm/marker {"mm":22,"landmark":"","obs":"S","peak":74,"ms":437,"drift":0,"dt":407,"timing_gate":"LOW_PWM","dt_expected":0,"dt_conserve_ratio":-1.00,"pwm":0,"v":15.28}
ngr/loco/9950011/state/loopstat {"loop_max_gap_ms":34,"hall_task_max_gap_ms":1,"hall_task_age_ms":1,"baseline":1465,"raw":1462,"delta":-3,"queue_drops":0,"floor_rejects":122,"queue_high_water":1,"mqtt_connect_ms":33,"mqtt_attempts":2,"pub_drops":33,"pub_queue_hw":32,"cmd_drops":0,"pub_per_s":10,"marker_pub_drops":0,"marker_pub_hw":45,"nav":"EVALUATING","mm":2,"miss_streak":3,"pwm":0,"lost_markers":0,"lost_ms":0,"motor_dir":"FWD"}
ngr/loco/9950011/alert {"level":"EVALUATING","reason":"STATUS","loco":"9950011","uptime_ms":109034,"nav":"EVALUATING","moving":0,"pwm":0,"est_mm_s":3367,"dir":"CCW","session_dir":"CCW","mdir":"FWD","rear":11,"front":168,"env":4470,"lc_mm":11,"last_confirmed_landmark":"","age_ms":5032,"since":9,"dead_reckoned_mm":2,"candidate_mm":169,"viable":[2,3,4],"lostm":0,"lost_ms":0,"agree":13,"disagree":11,"losts":0,"auto":0}
ngr/loco/9950011/state/loopstat {"loop_max_gap_ms":33,"hall_task_max_gap_ms":2,"hall_task_age_ms":1,"baseline":1465,"raw":1478,"delta":13,"queue_drops":0,"floor_rejects":126,"queue_high_water":0,"mqtt_connect_ms":33,"mqtt_attempts":2,"pub_drops":35,"pub_queue_hw":32,"cmd_drops":0,"pub_per_s":1,"marker_pub_drops":0,"marker_pub_hw":0,"nav":"EVALUATING","mm":2,"miss_streak":3,"pwm":0,"lost_markers":0,"lost_ms":0,"motor_dir":"FWD"}
ngr/loco/9950011/telem/voltage 15.29
ngr/loco/9950011/state/nav {"event":"QUORUM_TIED","state":"EVALUATING","mm":21,"streak":3,"scores":[2,1,2,3,4,3],"excluded":[false,false,false,false,false,false],"leader":3,"runner_up":2,"margin":1,"eval":5,"viable":[2,3,4]}
ngr/loco/9950011/mm/marker {"mm":21,"landmark":"","obs":"S","peak":60,"ms":248,"drift":0,"dt":517,"timing_gate":"LOW_PWM","dt_expected":0,"dt_conserve_ratio":-1.00,"pwm":0,"v":15.28}
ngr/loco/9950011/state/nav {"event":"QUORUM_ADOPTED","state":"EVALUATING","mm":17,"streak":3,"scores":[3,1,2,3,5,3],"excluded":[false,false,false,false,false,false],"leader":3,"runner_up":-1,"margin":2,"eval":6,"viable":[3],"old_mm":20,"new_mm":17,"offset":3}
ngr/loco/9950011/mm/marker {"mm":17,"landmark":"","obs":"N","peak":64,"ms":220,"drift":0,"dt":1101,"timing_gate":"LOW_PWM","dt_expected":0,"dt_conserve_ratio":-1.00,"pwm":0,"v":15.28}
ngr/loco/9950011/state/nav {"event":"AGREE","state":"NORMAL","nav_state":"NORMAL","mm":16,"landmark":"","dir":"CCW","miss_streak":0,"obs":"S","expected":"S","peak":43,"ms":51,"drift":0,"dt":939,"agree":9,"disagree":7,"lost":0,"scores":[0,0,0,0,0,0],"excluded":[false,false,false,false,false,false],"leader":null,"runner_up":null,"margin":0,"motor_dir":"FWD"}
ngr/loco/9950011/state/nav {"event":"QUORUM_CLOSED","state":"NORMAL","mm":16,"streak":0,"scores":[0,0,0,0,0,0],"excluded":[false,false,false,false,false,false],"leader":null,"runner_up":null,"margin":0,"eval":0,"viable":[]}
ngr/loco/9950011/mm/marker {"mm":16,"landmark":"","obs":"S","peak":43,"ms":51,"drift":0,"dt":939,"timing_gate":"LOW_PWM","dt_expected":0,"dt_conserve_ratio":-1.00,"pwm":0,"v":15.28}
ngr/loco/9950011/state/nav {"event":"DISAGREE","state":"NORMAL","nav_state":"NORMAL","mm":15,"landmark":"Patio","dir":"CCW","miss_streak":0,"obs":"N","expected":"S","peak":40,"ms":63,"drift":0,"dt":548,"agree":9,"disagree":8,"lost":0,"scores":[0,0,0,0,0,0],"excluded":[false,false,false,false,false,false],"leader":null,"runner_up":null,"margin":0,"motor_dir":"FWD"}
ngr/loco/9950011/telem/current 0.18
ngr/loco/9950011/telem/power 2.76
ngr/loco/9950011/alert {"level":"EVALUATING","reason":"STATUS","loco":"9950011","uptime_ms":110034,"nav":"EVALUATING","moving":0,"pwm":0,"est_mm_s":3367,"dir":"CCW","session_dir":"CCW","mdir":"FWD","rear":11,"front":168,"env":4470,"lc_mm":11,"last_confirmed_landmark":"","age_ms":6032,"since":9,"dead_reckoned_mm":2,"candidate_mm":169,"viable":[2,3,4],"lostm":0,"lost_ms":0,"agree":13,"disagree":11,"losts":0,"auto":0}
ngr/loco/9950011/state/loopstat {"loop_max_gap_ms":34,"hall_task_max_gap_ms":1,"hall_task_age_ms":1,"baseline":1465,"raw":1474,"delta":9,"queue_drops":0,"floor_rejects":129,"queue_high_water":0,"mqtt_connect_ms":33,"mqtt_attempts":2,"pub_drops":39,"pub_queue_hw":32,"cmd_drops":0,"pub_per_s":4,"marker_pub_drops":0,"marker_pub_hw":0,"nav":"EVALUATING","mm":2,"miss_streak":3,"pwm":0,"lost_markers":0,"lost_ms":0,"motor_dir":"FWD"}
ngr/loco/9950011/mm/marker {"mm":15,"landmark":"Patio","obs":"N","peak":40,"ms":63,"drift":0,"dt":548,"timing_gate":"LOW_PWM","dt_expected":0,"dt_conserve_ratio":-1.00,"pwm":0,"v":15.28}
ngr/loco/9950011/state/nav {"event":"AGREE","state":"NORMAL","nav_state":"NORMAL","mm":14,"landmark":"","dir":"CCW","miss_streak":1,"obs":"N","expected":"N","peak":38,"ms":46,"drift":0,"dt":84,"agree":10,"disagree":8,"lost":0,"scores":[0,0,0,0,0,0],"excluded":[false,false,false,false,false,false],"leader":null,"runner_up":null,"margin":0,"motor_dir":"FWD"}
ngr/loco/9950011/mm/marker {"mm":14,"landmark":"","obs":"N","peak":38,"ms":46,"drift":0,"dt":84,"timing_gate":"LOW_PWM","dt_expected":0,"dt_conserve_ratio":-1.00,"pwm":0,"v":15.28}
ngr/loco/9950011/state/nav {"event":"AGREE","state":"NORMAL","nav_state":"NORMAL","mm":13,"landmark":"","dir":"CCW","miss_streak":0,"obs":"N","expected":"N","peak":47,"ms":43,"drift":0,"dt":501,"agree":11,"disagree":8,"lost":0,"scores":[0,0,0,0,0,0],"excluded":[false,false,false,false,false,false],"leader":null,"runner_up":null,"margin":0,"motor_dir":"FWD"}
ngr/loco/9950011/mm/marker {"mm":13,"landmark":"","obs":"N","peak":47,"ms":43,"drift":0,"dt":501,"timing_gate":"LOW_PWM","dt_expected":0,"dt_conserve_ratio":-1.00,"pwm":0,"v":15.28}
ngr/loco/9950011/state/nav {"event":"AGREE","state":"NORMAL","nav_state":"NORMAL","mm":12,"landmark":"","dir":"CCW","miss_streak":0,"obs":"N","expected":"N","peak":47,"ms":40,"drift":0,"dt":249,"agree":12,"disagree":8,"lost":0,"scores":[0,0,0,0,0,0],"excluded":[false,false,false,false,false,false],"leader":null,"runner_up":null,"margin":0,"motor_dir":"FWD"}
ngr/loco/9950011/mm/marker {"mm":12,"landmark":"","obs":"N","peak":47,"ms":40,"drift":0,"dt":249,"timing_gate":"LOW_PWM","dt_expected":0,"dt_conserve_ratio":-1.00,"pwm":0,"v":15.28}
ngr/loco/9950011/state/nav {"event":"AGREE","state":"NORMAL","nav_state":"NORMAL","mm":11,"landmark":"","dir":"CCW","miss_streak":0,"obs":"N","expected":"N","peak":45,"ms":45,"drift":0,"dt":72,"agree":13,"disagree":8,"lost":0,"scores":[0,0,0,0,0,0],"excluded":[false,false,false,false,false,false],"leader":null,"runner_up":null,"margin":0,"motor_dir":"FWD"}
ngr/loco/9950011/alert {"level":"EVALUATING","reason":"STATUS","loco":"9950011","uptime_ms":111034,"nav":"EVALUATING","moving":0,"pwm":0,"est_mm_s":126,"dir":"CCW","session_dir":"CCW","mdir":"FWD","rear":11,"front":167,"env":4825,"lc_mm":11,"last_confirmed_landmark":"","age_ms":7032,"since":10,"dead_reckoned_mm":1,"candidate_mm":168,"viable":[3,4],"lostm":0,"lost_ms":0,"agree":13,"disagree":11,"losts":0,"auto":0}
ngr/loco/9950011/state/start_mm 1
ngr/loco/9950011/state/loopstat {"loop_max_gap_ms":33,"hall_task_max_gap_ms":1,"hall_task_age_ms":1,"baseline":1465,"raw":1487,"delta":22,"queue_drops":0,"floor_rejects":134,"queue_high_water":1,"mqtt_connect_ms":33,"mqtt_attempts":2,"pub_drops":42,"pub_queue_hw":32,"cmd_drops":0,"pub_per_s":4,"marker_pub_drops":0,"marker_pub_hw":47,"nav":"EVALUATING","mm":1,"miss_streak":3,"pwm":0,"lost_markers":0,"lost_ms":0,"motor_dir":"FWD"}
ngr/loco/9950011/alert {"level":"EVALUATING","reason":"STATUS","loco":"9950011","uptime_ms":112034,"nav":"EVALUATING","moving":0,"pwm":0,"est_mm_s":126,"dir":"CCW","session_dir":"CCW","mdir":"FWD","rear":11,"front":167,"env":4825,"lc_mm":11,"last_confirmed_landmark":"","age_ms":8032,"since":10,"dead_reckoned_mm":1,"candidate_mm":168,"viable":[3,4],"lostm":0,"lost_ms":0,"agree":13,"disagree":11,"losts":0,"auto":0}
ngr/loco/9950011/mm/marker {"mm":11,"landmark":"","obs":"N","peak":45,"ms":45,"drift":0,"dt":72,"timing_gate":"LOW_PWM","dt_expected":0,"dt_conserve_ratio":-1.00,"pwm":0,"v":15.28}
ngr/loco/9950011/state/nav {"event":"DISAGREE","state":"NORMAL","nav_state":"NORMAL","mm":10,"landmark":"","dir":"CCW","miss_streak":0,"obs":"N","expected":"S","peak":65,"ms":170,"drift":0,"dt":283,"agree":13,"disagree":9,"lost":0,"scores":[0,0,0,0,0,0],"excluded":[false,false,false,false,false,false],"leader":null,"runner_up":null,"margin":0,"motor_dir":"FWD"}
ngr/loco/9950011/mm/marker {"mm":10,"landmark":"","obs":"N","peak":65,"ms":170,"drift":0,"dt":283,"timing_gate":"LOW_PWM","dt_expected":0,"dt_conserve_ratio":-1.00,"pwm":0,"v":15.28}
ngr/loco/9950011/state/nav {"event":"DISAGREE","state":"NORMAL","nav_state":"NORMAL","mm":9,"landmark":"","dir":"CCW","miss_streak":1,"obs":"N","expected":"S","peak":62,"ms":99,"drift":0,"dt":186,"agree":13,"disagree":10,"lost":0,"scores":[0,0,0,0,0,0],"excluded":[false,false,false,false,false,false],"leader":null,"runner_up":null,"margin":0,"motor_dir":"FWD"}
ngr/loco/9950011/mm/marker {"mm":9,"landmark":"","obs":"N","peak":62,"ms":99,"drift":0,"dt":186,"timing_gate":"LOW_PWM","dt_expected":0,"dt_conserve_ratio":-1.00,"pwm":0,"v":15.28}
ngr/loco/9950011/state/nav {"event":"DISAGREE","state":"NORMAL","nav_state":"NORMAL","mm":8,"landmark":"","dir":"CCW","miss_streak":2,"obs":"N","expected":"S","peak":89,"ms":51,"drift":0,"dt":452,"agree":13,"disagree":11,"lost":0,"scores":[0,0,0,0,0,0],"excluded":[false,false,false,false,false,false],"leader":null,"runner_up":null,"margin":0,"motor_dir":"FWD"}
ngr/loco/9950011/state/nav {"event":"QUORUM_OPEN","state":"EVALUATING","mm":8,"streak":3,"scores":[0,0,0,0,0,0],"excluded":[false,false,false,false,false,false],"leader":null,"runner_up":null,"margin":0,"eval":0,"viable":[]}
ngr/loco/9950011/state/nav {"event":"QUORUM_TIED","state":"EVALUATING","mm":8,"streak":3,"scores":[1,0,0,1,2,2],"excluded":[false,false,false,false,false,false],"leader":3,"runner_up":4,"margin":0,"eval":3,"viable":[-1,2,3,4]}
ngr/loco/9950011/state/loopstat {"loop_max_gap_ms":34,"hall_task_max_gap_ms":1,"hall_task_age_ms":1,"baseline":1466,"raw":1517,"delta":51,"queue_drops":0,"floor_rejects":135,"queue_high_water":0,"mqtt_connect_ms":33,"mqtt_attempts":2,"pub_drops":44,"pub_queue_hw":32,"cmd_drops":0,"pub_per_s":1,"marker_pub_drops":0,"marker_pub_hw":0,"nav":"EVALUATING","mm":1,"miss_streak":3,"pwm":0,"lost_markers":0,"lost_ms":0,"motor_dir":"FWD"}
ngr/loco/9950011/alert {"level":"EVALUATING","reason":"STATUS","loco":"9950011","uptime_ms":113034,"nav":"EVALUATING","moving":0,"pwm":0,"est_mm_s":126,"dir":"CCW","session_dir":"CCW","mdir":"FWD","rear":11,"front":167,"env":4825,"lc_mm":11,"last_confirmed_landmark":"","age_ms":9032,"since":10,"dead_reckoned_mm":1,"candidate_mm":168,"viable":[3,4],"lostm":0,"lost_ms":0,"agree":13,"disagree":11,"losts":0,"auto":0}
ngr/loco/9950011/state/loopstat {"loop_max_gap_ms":33,"hall_task_max_gap_ms":1,"hall_task_age_ms":1,"baseline":1466,"raw":1507,"delta":41,"queue_drops":0,"floor_rejects":135,"queue_high_water":0,"mqtt_connect_ms":33,"mqtt_attempts":2,"pub_drops":46,"pub_queue_hw":32,"cmd_drops":0,"pub_per_s":1,"marker_pub_drops":0,"marker_pub_hw":0,"nav":"EVALUATING","mm":1,"miss_streak":3,"pwm":0,"lost_markers":0,"lost_ms":0,"motor_dir":"FWD"}
ngr/loco/9950011/state/station {"event":"RESET","phase":0,"station":"NONE","offset":999,"commanded_pwm":0,"actual_pwm":0,"note":"NO_QUORUM"}
ngr/loco/9950011/mm/marker {"mm":8,"landmark":"","obs":"N","peak":89,"ms":51,"drift":0,"dt":452,"timing_gate":"LOW_PWM","dt_expected":0,"dt_conserve_ratio":-1.00,"pwm":0,"v":15.28}
ngr/loco/9950011/state/nav {"event":"QUORUM_TIED","state":"EVALUATING","mm":7,"streak":3,"scores":[1,0,1,2,2,2],"excluded":[false,false,false,false,false,false],"leader":2,"runner_up":3,"margin":0,"eval":4,"viable":[-1,1,2,3,4]}
ngr/loco/9950011/mm/marker {"mm":7,"landmark":"","obs":"N","peak":38,"ms":46,"drift":0,"dt":614,"timing_gate":"LOW_PWM","dt_expected":0,"dt_conserve_ratio":-1.00,"pwm":0,"v":15.27}
ngr/loco/9950011/state/nav {"event":"QUORUM_TIED","state":"EVALUATING","mm":6,"streak":3,"scores":[1,1,2,2,2,2],"excluded":[false,false,false,false,false,false],"leader":1,"runner_up":2,"margin":0,"eval":5,"viable":[-1,0,1,2,3,4]}
ngr/loco/9950011/mm/marker {"mm":6,"landmark":"","obs":"N","peak":43,"ms":53,"drift":0,"dt":1849,"timing_gate":"LOW_PWM","dt_expected":0,"dt_conserve_ratio":-1.00,"pwm":0,"v":15.27}
ngr/loco/9950011/state/nav {"event":"QUORUM_TIED","state":"EVALUATING","mm":5,"streak":3,"scores":[2,2,2,2,2,3],"excluded":[false,false,false,false,false,false],"leader":4,"runner_up":-1,"margin":1,"eval":6,"viable":[-1,0,1,2,3,4]}
ngr/loco/9950011/mm/marker {"mm":5,"landmark":"","obs":"N","peak":43,"ms":136,"drift":0,"dt":154,"timing_gate":"LOW_PWM","dt_expected":0,"dt_conserve_ratio":-1.00,"pwm":0,"v":15.27}
ngr/loco/9950011/state/nav {"event":"QUORUM_TIED","state":"EVALUATING","mm":4,"streak":3,"scores":[3,2,2,2,3,4],"excluded":[false,false,false,false,false,false],"leader":4,"runner_up":-1,"margin":1,"eval":7,"viable":[-1,3,4]}
ngr/loco/9950011/alert {"level":"NO_QUORUM","reason":"HARD_BOUND","loco":"9950011","uptime_ms":113865,"nav":"NO_QUORUM","moving":0,"pwm":0,"est_mm_s":152,"dir":"CCW","session_dir":"CCW","mdir":"FWD","rear":11,"front":165,"env":5465,"lc_mm":11,"last_confirmed_landmark":"","age_ms":9863,"since":12,"dead_reckoned_mm":170,"candidate_mm":167,"viable":[2,3,4],"lostm":0,"lost_ms":1,"agree":13,"disagree":11,"losts":1,"auto":0}
ngr/loco/9950011/state/start_mm 169
ngr/loco/9950011/state/nav_ready 0
ngr/loco/9950011/state/loopstat {"loop_max_gap_ms":68,"hall_task_max_gap_ms":1,"hall_task_age_ms":1,"baseline":1467,"raw":1467,"delta":0,"queue_drops":0,"floor_rejects":139,"queue_high_water":1,"mqtt_connect_ms":33,"mqtt_attempts":2,"pub_drops":51,"pub_queue_hw":32,"cmd_drops":0,"pub_per_s":9,"marker_pub_drops":0,"marker_pub_hw":52,"nav":"NO_QUORUM","mm":169,"miss_streak":3,"pwm":0,"lost_markers":1,"lost_ms":614,"motor_dir":"FWD"}
ngr/loco/9950011/mm/marker {"mm":4,"landmark":"","obs":"N","peak":62,"ms":198,"drift":0,"dt":361,"timing_gate":"LOW_PWM","dt_expected":0,"dt_conserve_ratio":-1.00,"pwm":0,"v":15.27}
ngr/loco/9950011/state/nav {"event":"QUORUM_TIED","state":"EVALUATING","mm":3,"streak":3,"scores":[3,2,2,3,4,4],"excluded":[false,false,false,false,false,false],"leader":3,"runner_up":4,"margin":0,"eval":8,"viable":[-1,2,3,4]}
ngr/loco/9950011/mm/marker {"mm":3,"landmark":"","obs":"N","peak":41,"ms":55,"drift":0,"dt":279,"timing_gate":"LOW_PWM","dt_expected":0,"dt_conserve_ratio":-1.00,"pwm":0,"v":15.27}
ngr/loco/9950011/state/nav {"event":"QUORUM_TIED","state":"EVALUATING","mm":2,"streak":3,"scores":[3,2,3,4,4,5],"excluded":[false,false,false,false,false,false],"leader":4,"runner_up":2,"margin":1,"eval":9,"viable":[2,3,4]}
ngr/loco/9950011/mm/marker {"mm":2,"landmark":"","obs":"N","peak":40,"ms":174,"drift":0,"dt":98,"timing_gate":"LOW_PWM","dt_expected":0,"dt_conserve_ratio":-1.00,"pwm":0,"v":15.27}
ngr/loco/9950011/state/nav {"event":"QUORUM_TIED","state":"EVALUATING","mm":1,"streak":3,"scores":[3,3,4,4,5,6],"excluded":[false,false,false,false,false,false],"leader":4,"runner_up":3,"margin":1,"eval":10,"viable":[3,4]}
ngr/loco/9950011/mm/marker {"mm":1,"landmark":"","obs":"N","peak":43,"ms":43,"drift":0,"dt":2694,"timing_gate":"LOW_PWM","dt_expected":0,"dt_conserve_ratio":-1.00,"pwm":0,"v":15.29}
ngr/loco/9950011/state/nav {"event":"QUORUM_TIED","state":"EVALUATING","mm":0,"streak":3,"scores":[4,4,4,5,6,7],"excluded":[false,false,false,false,false,false],"leader":4,"runner_up":3,"margin":1,"eval":11,"viable":[3,4]}
ngr/loco/9950011/alert {"level":"NO_QUORUM","reason":"STATUS","loco":"9950011","uptime_ms":114865,"nav":"NO_QUORUM","moving":0,"pwm":0,"est_mm_s":401,"dir":"CCW","session_dir":"CCW","mdir":"FWD","rear":11,"front":163,"env":6115,"lc_mm":11,"last_confirmed_landmark":"","age_ms":10863,"since":14,"dead_reckoned_mm":168,"candidate_mm":165,"viable":[2,3,4],"lostm":2,"lost_ms":1001,"agree":13,"disagree":11,"losts":1,"auto":0}
ngr/loco/9950011/telem/voltage 15.29
ngr/loco/9950011/telem/current 0.18
ngr/loco/9950011/telem/power 2.82
ngr/loco/9950011/mm/marker {"mm":0,"landmark":"Southpoint","obs":"N","peak":83,"ms":2037,"drift":1,"dt":638,"timing_gate":"LOW_PWM","dt_expected":0,"dt_conserve_ratio":-1.00,"pwm":0,"v":15.29}
ngr/loco/9950011/state/nav {"event":"NO_QUORUM","state":"NO_QUORUM","mm":170,"streak":3,"scores":[5,4,5,6,7,7],"excluded":[false,false,false,false,false,false],"leader":3,"runner_up":4,"margin":0,"eval":12,"viable":[2,3,4],"reason":"HARD_BOUND"}
ngr/loco/9950011/mm/marker {"mm":170,"landmark":"","obs":"N","peak":45,"ms":84,"drift":1,"dt":2170,"timing_gate":"LOW_PWM","dt_expected":0,"dt_conserve_ratio":-1.00,"pwm":0,"v":15.29}
ngr/loco/9950011/mm/marker {"mm":169,"landmark":"","obs":"N","peak":61,"ms":296,"drift":0,"dt":145,"timing_gate":"LOW_PWM","dt_expected":0,"dt_conserve_ratio":-1.00,"pwm":0,"v":15.29}
ngr/loco/9950011/mm/marker {"mm":168,"landmark":"","obs":"N","peak":42,"ms":55,"drift":0,"dt":822,"timing_gate":"LOW_PWM","dt_expected":0,"dt_conserve_ratio":-1.00,"pwm":0,"v":15.29}
ngr/loco/9950011/mm/marker {"mm":167,"landmark":"","obs":"N","peak":50,"ms":67,"drift":0,"dt":115,"timing_gate":"LOW_PWM","dt_expected":0,"dt_conserve_ratio":-1.00,"pwm":0,"v":15.29}
ngr/loco/9950011/mm/marker {"mm":166,"landmark":"","obs":"N","peak":131,"ms":2314,"drift":0,"dt":106,"timing_gate":"LOW_PWM","dt_expected":0,"dt_conserve_ratio":-1.00,"pwm":0,"v":15.29}
ngr/loco/9950011/state/start_mm 167
ngr/loco/9950011/state/loopstat {"loop_max_gap_ms":33,"hall_task_max_gap_ms":1,"hall_task_age_ms":1,"baseline":1467,"raw":1498,"delta":31,"queue_drops":0,"floor_rejects":139,"queue_high_water":1,"mqtt_connect_ms":33,"mqtt_attempts":2,"pub_drops":57,"pub_queue_hw":32,"cmd_drops":0,"pub_per_s":7,"marker_pub_drops":0,"marker_pub_hw":54,"nav":"NO_QUORUM","mm":167,"miss_streak":3,"pwm":0,"lost_markers":3,"lost_ms":1614,"motor_dir":"FWD"}
ngr/loco/9950011/alert {"level":"NO_QUORUM","reason":"STATUS","loco":"9950011","uptime_ms":115865,"nav":"NO_QUORUM","moving":0,"pwm":0,"est_mm_s":3086,"dir":"CCW","session_dir":"CCW","mdir":"FWD","rear":11,"front":162,"env":6445,"lc_mm":11,"last_confirmed_landmark":"","age_ms":11863,"since":15,"dead_reckoned_mm":167,"candidate_mm":164,"viable":[2,3,4],"lostm":3,"lost_ms":2001,"agree":13,"disagree":11,"losts":1,"auto":0}
ngr/loco/9950011/state/loopstat {"loop_max_gap_ms":34,"hall_task_max_gap_ms":2,"hall_task_age_ms":1,"baseline":1467,"raw":1521,"delta":54,"queue_drops":0,"floor_rejects":139,"queue_high_water":0,"mqtt_connect_ms":33,"mqtt_attempts":2,"pub_drops":59,"pub_queue_hw":32,"cmd_drops":0,"pub_per_s":1,"marker_pub_drops":0,"marker_pub_hw":0,"nav":"NO_QUORUM","mm":167,"miss_streak":3,"pwm":0,"lost_markers":3,"lost_ms":2614,"motor_dir":"FWD"}
ngr/loco/9950011/alert {"level":"NO_QUORUM","reason":"STATUS","loco":"9950011","uptime_ms":116865,"nav":"NO_QUORUM","moving":0,"pwm":0,"est_mm_s":3086,"dir":"CCW","session_dir":"CCW","mdir":"FWD","rear":11,"front":162,"env":6445,"lc_mm":11,"last_confirmed_landmark":"","age_ms":12863,"since":15,"dead_reckoned_mm":167,"candidate_mm":164,"viable":[2,3,4],"lostm":3,"lost_ms":3001,"agree":13,"disagree":11,"losts":1,"auto":0}
ngr/loco/9950011/state/nav {"event":"DIRECTION","state":"NO_QUORUM","nav_state":"NO_QUORUM","mm":167,"dir":"CCW","motor_dir":"FWD","session_dir":"CCW","miss_streak":3}
ngr/loco/9950011/state/loopstat {"loop_max_gap_ms":34,"hall_task_max_gap_ms":2,"hall_task_age_ms":1,"baseline":1468,"raw":1474,"delta":6,"queue_drops":0,"floor_rejects":139,"queue_high_water":0,"mqtt_connect_ms":33,"mqtt_attempts":2,"pub_drops":61,"pub_queue_hw":32,"cmd_drops":0,"pub_per_s":3,"marker_pub_drops":0,"marker_pub_hw":7,"nav":"NO_QUORUM","mm":166,"miss_streak":3,"pwm":3,"lost_markers":4,"lost_ms":3614,"motor_dir":"FWD"}
ngr/loco/9950011/state/throttle 60
ngr/loco/9950011/state/start_mm 166
ngr/loco/9950011/mm/marker {"mm":165,"landmark":"","obs":"N","peak":77,"ms":184,"drift":1,"dt":2332,"timing_gate":"LOW_PWM","dt_expected":0,"dt_conserve_ratio":-1.00,"pwm":2,"v":15.29}
ngr/loco/9950011/alert {"level":"NO_QUORUM","reason":"STATUS","loco":"9950011","uptime_ms":117865,"nav":"NO_QUORUM","moving":1,"pwm":6,"est_mm_s":139,"dir":"CCW","session_dir":"CCW","mdir":"FWD","rear":11,"front":160,"env":7050,"lc_mm":11,"last_confirmed_landmark":"","age_ms":13863,"since":17,"dead_reckoned_mm":165,"candidate_mm":162,"viable":[2,3,4],"lostm":5,"lost_ms":4001,"agree":13,"disagree":11,"losts":1,"auto":0}
ngr/loco/9950011/mm/marker {"mm":164,"landmark":"","obs":"N","peak":89,"ms":425,"drift":0,"dt":186,"timing_gate":"LOW_PWM","dt_expected":0,"dt_conserve_ratio":-1.00,"pwm":3,"v":15.29}
ngr/loco/9950011/state/throttle 84
ngr/loco/9950011/state/start_mm 164
ngr/loco/9950011/state/loopstat {"loop_max_gap_ms":33,"hall_task_max_gap_ms":2,"hall_task_age_ms":1,"baseline":1468,"raw":1522,"delta":54,"queue_drops":0,"floor_rejects":139,"queue_high_water":1,"mqtt_connect_ms":33,"mqtt_attempts":2,"pub_drops":61,"pub_queue_hw":3,"cmd_drops":0,"pub_per_s":7,"marker_pub_drops":0,"marker_pub_hw":1,"nav":"NO_QUORUM","mm":164,"miss_streak":3,"pwm":10,"lost_markers":6,"lost_ms":4614,"motor_dir":"FWD"}
ngr/loco/9950011/alert {"level":"NO_QUORUM","reason":"STATUS","loco":"9950011","uptime_ms":118865,"nav":"NO_QUORUM","moving":1,"pwm":12,"est_mm_s":1720,"dir":"CCW","session_dir":"CCW","mdir":"FWD","rear":11,"front":159,"env":7350,"lc_mm":11,"last_confirmed_landmark":"","age_ms":14863,"since":18,"dead_reckoned_mm":164,"candidate_mm":161,"viable":[2,3,4],"lostm":6,"lost_ms":5001,"agree":13,"disagree":11,"losts":1,"auto":0}
ngr/loco/9950011/state/loopstat {"loop_max_gap_ms":33,"hall_task_max_gap_ms":2,"hall_task_age_ms":1,"baseline":1470,"raw":1521,"delta":51,"queue_drops":0,"floor_rejects":139,"queue_high_water":0,"mqtt_connect_ms":33,"mqtt_attempts":2,"pub_drops":61,"pub_queue_hw":1,"cmd_drops":0,"pub_per_s":1,"marker_pub_drops":0,"marker_pub_hw":0,"nav":"NO_QUORUM","mm":164,"miss_streak":3,"pwm":16,"lost_markers":6,"lost_ms":5614,"motor_dir":"FWD"}
ngr/loco/9950011/alert {"level":"NO_QUORUM","reason":"STATUS","loco":"9950011","uptime_ms":119865,"nav":"NO_QUORUM","moving":1,"pwm":19,"est_mm_s":1720,"dir":"CCW","session_dir":"CCW","mdir":"FWD","rear":11,"front":159,"env":7350,"lc_mm":11,"last_confirmed_landmark":"","age_ms":15863,"since":18,"dead_reckoned_mm":164,"candidate_mm":161,"viable":[2,3,4],"lostm":6,"lost_ms":6001,"agree":13,"disagree":11,"losts":1,"auto":0}
ngr/loco/9950011/telem/voltage 15.28
ngr/loco/9950011/telem/current 0.21
ngr/loco/9950011/telem/power 3.26
ngr/loco/9950011/state/loopstat {"loop_max_gap_ms":34,"hall_task_max_gap_ms":1,"hall_task_age_ms":1,"baseline":1472,"raw":1549,"delta":77,"queue_drops":0,"floor_rejects":139,"queue_high_water":0,"mqtt_connect_ms":33,"mqtt_attempts":2,"pub_drops":61,"pub_queue_hw":3,"cmd_drops":0,"pub_per_s":4,"marker_pub_drops":0,"marker_pub_hw":0,"nav":"NO_QUORUM","mm":164,"miss_streak":3,"pwm":23,"lost_markers":6,"lost_ms":6614,"motor_dir":"FWD"}
ngr/loco/9950011/alert {"level":"NO_QUORUM","reason":"STATUS","loco":"9950011","uptime_ms":120865,"nav":"NO_QUORUM","moving":1,"pwm":26,"est_mm_s":1720,"dir":"CCW","session_dir":"CCW","mdir":"FWD","rear":11,"front":159,"env":7350,"lc_mm":11,"last_confirmed_landmark":"","age_ms":16863,"since":18,"dead_reckoned_mm":164,"candidate_mm":161,"viable":[2,3,4],"lostm":6,"lost_ms":7001,"agree":13,"disagree":11,"losts":1,"auto":0}
ngr/loco/9950011/state/loopstat {"loop_max_gap_ms":33,"hall_task_max_gap_ms":2,"hall_task_age_ms":1,"baseline":1473,"raw":1539,"delta":66,"queue_drops":0,"floor_rejects":139,"queue_high_water":0,"mqtt_connect_ms":33,"mqtt_attempts":2,"pub_drops":61,"pub_queue_hw":1,"cmd_drops":0,"pub_per_s":1,"marker_pub_drops":0,"marker_pub_hw":0,"nav":"NO_QUORUM","mm":164,"miss_streak":3,"pwm":30,"lost_markers":6,"lost_ms":7614,"motor_dir":"FWD"}
ngr/loco/9950011/alert {"level":"NO_QUORUM","reason":"STATUS","loco":"9950011","uptime_ms":121865,"nav":"NO_QUORUM","moving":1,"pwm":32,"est_mm_s":1720,"dir":"CCW","session_dir":"CCW","mdir":"FWD","rear":11,"front":159,"env":7350,"lc_mm":11,"last_confirmed_landmark":"","age_ms":17863,"since":18,"dead_reckoned_mm":164,"candidate_mm":161,"viable":[2,3,4],"lostm":6,"lost_ms":8001,"agree":13,"disagree":11,"losts":1,"auto":0}
ngr/loco/9950011/state/loopstat {"loop_max_gap_ms":34,"hall_task_max_gap_ms":2,"hall_task_age_ms":1,"baseline":1473,"raw":1547,"delta":74,"queue_drops":0,"floor_rejects":139,"queue_high_water":0,"mqtt_connect_ms":33,"mqtt_attempts":2,"pub_drops":61,"pub_queue_hw":1,"cmd_drops":0,"pub_per_s":1,"marker_pub_drops":0,"marker_pub_hw":0,"nav":"NO_QUORUM","mm":164,"miss_streak":3,"pwm":36,"lost_markers":6,"lost_ms":8614,"motor_dir":"FWD"}
ngr/loco/9950011/alert {"level":"NO_QUORUM","reason":"STATUS","loco":"9950011","uptime_ms":122865,"nav":"NO_QUORUM","moving":1,"pwm":39,"est_mm_s":1720,"dir":"CCW","session_dir":"CCW","mdir":"FWD","rear":11,"front":159,"env":7350,"lc_mm":11,"last_confirmed_landmark":"","age_ms":18863,"since":18,"dead_reckoned_mm":164,"candidate_mm":161,"viable":[2,3,4],"lostm":6,"lost_ms":9001,"agree":13,"disagree":11,"losts":1,"auto":0}
ngr/loco/9950011/mm/marker {"mm":163,"landmark":"","obs":"N","peak":140,"ms":5101,"drift":7,"dt":432,"timing_gate":"LOW_PWM","dt_expected":0,"dt_conserve_ratio":-1.00,"pwm":6,"v":15.28}
ngr/loco/9950011/mm/marker {"mm":162,"landmark":"","obs":"N","peak":42,"ms":68,"drift":0,"dt":5143,"timing_gate":"RAMP","dt_expected":0,"dt_conserve_ratio":-1.00,"pwm":40,"v":15.28}
ngr/loco/9950011/mm/marker {"mm":161,"landmark":"","obs":"N","peak":68,"ms":151,"drift":0,"dt":73,"timing_gate":"RAMP","dt_expected":0,"dt_conserve_ratio":-1.00,"pwm":41,"v":15.28}
ngr/loco/9950011/mm/marker {"mm":160,"landmark":"","obs":"N","peak":60,"ms":149,"drift":0,"dt":158,"timing_gate":"RAMP","dt_expected":0,"dt_conserve_ratio":-1.00,"pwm":42,"v":15.28}
ngr/loco/9950011/state/loopstat {"loop_max_gap_ms":33,"hall_task_max_gap_ms":2,"hall_task_age_ms":1,"baseline":1475,"raw":1489,"delta":14,"queue_drops":0,"floor_rejects":139,"queue_high_water":1,"mqtt_connect_ms":33,"mqtt_attempts":2,"pub_drops":61,"pub_queue_hw":1,"cmd_drops":0,"pub_per_s":5,"marker_pub_drops":0,"marker_pub_hw":1,"nav":"NO_QUORUM","mm":160,"miss_streak":3,"pwm":43,"lost_markers":10,"lost_ms":9614,"motor_dir":"FWD"}
ngr/loco/9950011/state/start_mm 160
ngr/loco/9950011/mm/marker {"mm":159,"landmark":"","obs":"N","peak":93,"ms":88,"drift":0,"dt":154,"timing_gate":"RAMP","dt_expected":0,"dt_conserve_ratio":-1.00,"pwm":43,"v":15.28}
ngr/loco/9950011/mm/marker {"mm":158,"landmark":"","obs":"N","peak":61,"ms":68,"drift":0,"dt":93,"timing_gate":"RAMP","dt_expected":0,"dt_conserve_ratio":-1.00,"pwm":43,"v":15.28}
ngr/loco/9950011/alert {"level":"NO_QUORUM","reason":"STATUS","loco":"9950011","uptime_ms":123865,"nav":"NO_QUORUM","moving":1,"pwm":46,"est_mm_s":3440,"dir":"CCW","session_dir":"CCW","mdir":"FWD","rear":11,"front":153,"env":9185,"lc_mm":11,"last_confirmed_landmark":"","age_ms":19863,"since":24,"dead_reckoned_mm":158,"candidate_mm":155,"viable":[2,3,4],"lostm":12,"lost_ms":10001,"agree":13,"disagree":11,"losts":1,"auto":0}
ngr/loco/9950011/mm/marker {"mm":157,"landmark":"Bamboo","obs":"N","peak":69,"ms":389,"drift":0,"dt":72,"timing_gate":"RAMP","dt_expected":0,"dt_conserve_ratio":-1.00,"pwm":44,"v":15.28}
ngr/loco/9950011/mm/marker {"mm":156,"landmark":"","obs":"N","peak":50,"ms":41,"drift":0,"dt":455,"timing_gate":"RAMP","dt_expected":0,"dt_conserve_ratio":-1.00,"pwm":47,"v":15.28}
ngr/loco/9950011/mm/marker {"mm":155,"landmark":"","obs":"N","peak":65,"ms":84,"drift":0,"dt":161,"timing_gate":"RAMP","dt_expected":0,"dt_conserve_ratio":-1.00,"pwm":48,"v":15.28}
ngr/loco/9950011/state/start_mm 155
ngr/loco/9950011/state/loopstat {"loop_max_gap_ms":33,"hall_task_max_gap_ms":2,"hall_task_age_ms":1,"baseline":1475,"raw":1418,"delta":-57,"queue_drops":0,"floor_rejects":143,"queue_high_water":1,"mqtt_connect_ms":33,"mqtt_attempts":2,"pub_drops":61,"pub_queue_hw":2,"cmd_drops":0,"pub_per_s":8,"marker_pub_drops":0,"marker_pub_hw":1,"nav":"NO_QUORUM","mm":155,"miss_streak":3,"pwm":50,"lost_markers":15,"lost_ms":10614,"motor_dir":"FWD"}
ngr/loco/9950011/alert {"level":"NO_QUORUM","reason":"STATUS","loco":"9950011","uptime_ms":124865,"nav":"NO_QUORUM","moving":1,"pwm":52,"est_mm_s":1894,"dir":"CCW","session_dir":"CCW","mdir":"FWD","rear":11,"front":150,"env":10090,"lc_mm":11,"last_confirmed_landmark":"","age_ms":20863,"since":27,"dead_reckoned_mm":155,"candidate_mm":152,"viable":[2,3,4],"lostm":15,"lost_ms":11001,"agree":13,"disagree":11,"losts":1,"auto":0}
ngr/loco/9950011/mm/marker {"mm":154,"landmark":"","obs":"S","peak":174,"ms":475,"drift":0,"dt":225,"timing_gate":"RAMP","dt_expected":0,"dt_conserve_ratio":-1.00,"pwm":50,"v":15.28}
ngr/loco/9950011/telem/voltage 15.27
ngr/loco/9950011/telem/current 0.26
ngr/loco/9950011/telem/power 4.03
ngr/loco/9950011/mm/marker {"mm":153,"landmark":"","obs":"N","peak":80,"ms":66,"drift":0,"dt":586,"timing_gate":"RAMP","dt_expected":0,"dt_conserve_ratio":-1.00,"pwm":53,"v":15.27}
ngr/loco/9950011/state/start_mm 153
ngr/loco/9950011/state/loopstat {"loop_max_gap_ms":33,"hall_task_max_gap_ms":2,"hall_task_age_ms":1,"baseline":1475,"raw":1471,"delta":-4,"queue_drops":0,"floor_rejects":146,"queue_high_water":0,"mqtt_connect_ms":33,"mqtt_attempts":2,"pub_drops":61,"pub_queue_hw":3,"cmd_drops":0,"pub_per_s":7,"marker_pub_drops":0,"marker_pub_hw":1,"nav":"NO_QUORUM","mm":153,"miss_streak":3,"pwm":56,"lost_markers":17,"lost_ms":11614,"motor_dir":"FWD"}
ngr/loco/9950011/mm/marker {"mm":152,"landmark":"","obs":"N","peak":113,"ms":68,"drift":0,"dt":444,"timing_gate":"RAMP","dt_expected":0,"dt_conserve_ratio":-1.00,"pwm":56,"v":15.27}
ngr/loco/9950011/alert {"level":"NO_QUORUM","reason":"STATUS","loco":"9950011","uptime_ms":125865,"nav":"NO_QUORUM","moving":1,"pwm":59,"est_mm_s":686,"dir":"CCW","session_dir":"CCW","mdir":"FWD","rear":11,"front":147,"env":10985,"lc_mm":11,"last_confirmed_landmark":"","age_ms":21863,"since":30,"dead_reckoned_mm":152,"candidate_mm":149,"viable":[2,3,4],"lostm":18,"lost_ms":12001,"agree":13,"disagree":11,"losts":1,"auto":0}
ngr/loco/9950011/mm/marker {"mm":151,"landmark":"","obs":"N","peak":98,"ms":233,"drift":1,"dt":215,"timing_gate":"RAMP","dt_expected":0,"dt_conserve_ratio":-1.00,"pwm":58,"v":15.27}
ngr/loco/9950011/mm/marker {"mm":150,"landmark":"","obs":"N","peak":78,"ms":42,"drift":0,"dt":308,"timing_gate":"RAMP","dt_expected":0,"dt_conserve_ratio":-1.00,"pwm":60,"v":15.27}
ngr/loco/9950011/mm/marker {"mm":149,"landmark":"","obs":"N","peak":59,"ms":43,"drift":0,"dt":50,"timing_gate":"RAMP","dt_expected":0,"dt_conserve_ratio":-1.00,"pwm":60,"v":15.27}
ngr/loco/9950011/mm/marker {"mm":148,"landmark":"","obs":"N","peak":71,"ms":56,"drift":0,"dt":47,"timing_gate":"RAMP","dt_expected":0,"dt_conserve_ratio":-1.00,"pwm":61,"v":15.27}
ngr/loco/9950011/mm/marker {"mm":147,"landmark":"","obs":"N","peak":93,"ms":42,"drift":0,"dt":63,"timing_gate":"RAMP","dt_expected":0,"dt_conserve_ratio":-1.00,"pwm":61,"v":15.27}
ngr/loco/9950011/state/start_mm 147
ngr/loco/9950011/state/loopstat {"loop_max_gap_ms":33,"hall_task_max_gap_ms":3,"hall_task_age_ms":1,"baseline":1477,"raw":1445,"delta":-32,"queue_drops":0,"floor_rejects":149,"queue_high_water":1,"mqtt_connect_ms":33,"mqtt_attempts":2,"pub_drops":61,"pub_queue_hw":1,"cmd_drops":0,"pub_per_s":8,"marker_pub_drops":0,"marker_pub_hw":1,"nav":"NO_QUORUM","mm":147,"miss_streak":3,"pwm":63,"lost_markers":23,"lost_ms":12614,"motor_dir":"FWD"}
ngr/loco/9950011/alert {"level":"NO_QUORUM","reason":"STATUS","loco":"9950011","uptime_ms":126865,"nav":"NO_QUORUM","moving":1,"pwm":66,"est_mm_s":4761,"dir":"CCW","session_dir":"CCW","mdir":"FWD","rear":11,"front":142,"env":12495,"lc_mm":11,"last_confirmed_landmark":"","age_ms":22863,"since":35,"dead_reckoned_mm":147,"candidate_mm":144,"viable":[2,3,4],"lostm":23,"lost_ms":13001,"agree":13,"disagree":11,"losts":1,"auto":0}
ngr/loco/9950011/mm/marker {"mm":146,"landmark":"","obs":"N","peak":93,"ms":1214,"drift":1,"dt":48,"timing_gate":"RAMP","dt_expected":0,"dt_conserve_ratio":-1.00,"pwm":61,"v":15.27}
ngr/loco/9950011/state/start_mm 146
ngr/loco/9950011/state/loopstat {"loop_max_gap_ms":34,"hall_task_max_gap_ms":2,"hall_task_age_ms":1,"baseline":1477,"raw":1456,"delta":-21,"queue_drops":0,"floor_rejects":149,"queue_high_water":1,"mqtt_connect_ms":33,"mqtt_attempts":2,"pub_drops":61,"pub_queue_hw":1,"cmd_drops":0,"pub_per_s":3,"marker_pub_drops":0,"marker_pub_hw":1,"nav":"NO_QUORUM","mm":146,"miss_streak":3,"pwm":70,"lost_markers":24,"lost_ms":13614,"motor_dir":"FWD"}
ngr/loco/9950011/alert {"level":"NO_QUORUM","reason":"STATUS","loco":"9950011","uptime_ms":127865,"nav":"NO_QUORUM","moving":1,"pwm":72,"est_mm_s":6354,"dir":"CCW","session_dir":"CCW","mdir":"FWD","rear":11,"front":141,"env":12795,"lc_mm":11,"last_confirmed_landmark":"","age_ms":23863,"since":36,"dead_reckoned_mm":146,"candidate_mm":143,"viable":[2,3,4],"lostm":24,"lost_ms":14001,"agree":13,"disagree":11,"losts":1,"auto":0}
ngr/loco/9950011/state/loopstat {"loop_max_gap_ms":34,"hall_task_max_gap_ms":2,"hall_task_age_ms":1,"baseline":1477,"raw":1446,"delta":-31,"queue_drops":0,"floor_rejects":149,"queue_high_water":0,"mqtt_connect_ms":33,"mqtt_attempts":2,"pub_drops":61,"pub_queue_hw":1,"cmd_drops":0,"pub_per_s":1,"marker_pub_drops":0,"marker_pub_hw":0,"nav":"NO_QUORUM","mm":146,"miss_streak":3,"pwm":76,"lost_markers":24,"lost_ms":14614,"motor_dir":"FWD"}
ngr/loco/9950011/alert {"level":"NO_QUORUM","reason":"STATUS","loco":"9950011","uptime_ms":128865,"nav":"NO_QUORUM","moving":1,"pwm":79,"est_mm_s":6354,"dir":"CCW","session_dir":"CCW","mdir":"FWD","rear":11,"front":141,"env":12795,"lc_mm":11,"last_confirmed_landmark":"","age_ms":24863,"since":36,"dead_reckoned_mm":146,"candidate_mm":143,"viable":[2,3,4],"lostm":24,"lost_ms":15001,"agree":13,"disagree":11,"losts":1,"auto":0}
ngr/loco/9950011/mm/marker {"mm":145,"landmark":"","obs":"S","peak":94,"ms":1452,"drift":0,"dt":1226,"timing_gate":"RAMP","dt_expected":0,"dt_conserve_ratio":-1.00,"pwm":69,"v":15.27}
ngr/loco/9950011/mm/marker {"mm":144,"landmark":"","obs":"N","peak":128,"ms":169,"drift":0,"dt":1458,"timing_gate":"NO_PREV","dt_expected":0,"dt_conserve_ratio":-1.00,"pwm":79,"v":15.27}
ngr/loco/9950011/state/start_mm 144
ngr/loco/9950011/state/loopstat {"loop_max_gap_ms":33,"hall_task_max_gap_ms":2,"hall_task_age_ms":1,"baseline":1477,"raw":1439,"delta":-38,"queue_drops":0,"floor_rejects":149,"queue_high_water":1,"mqtt_connect_ms":33,"mqtt_attempts":2,"pub_drops":61,"pub_queue_hw":1,"cmd_drops":0,"pub_per_s":4,"marker_pub_drops":0,"marker_pub_hw":1,"nav":"NO_QUORUM","mm":144,"miss_streak":3,"pwm":83,"lost_markers":26,"lost_ms":15614,"motor_dir":"FWD"}
ngr/loco/9950011/alert {"level":"NO_QUORUM","reason":"STATUS","loco":"9950011","uptime_ms":129865,"nav":"NO_QUORUM","moving":1,"pwm":84,"est_mm_s":209,"dir":"CCW","session_dir":"CCW","mdir":"FWD","rear":11,"front":139,"env":13395,"lc_mm":11,"last_confirmed_landmark":"","age_ms":25863,"since":38,"dead_reckoned_mm":144,"candidate_mm":141,"viable":[2,3,4],"lostm":26,"lost_ms":16001,"agree":13,"disagree":11,"losts":1,"auto":0}
ngr/loco/9950011/telem/voltage 15.27
ngr/loco/9950011/telem/current 0.30
ngr/loco/9950011/telem/power 4.40
ngr/loco/9950011/state/nav {"event":"PHANTOM_REJECTED","state":"NO_QUORUM","mm":144,"streak":3,"scores":[5,4,5,6,7,7],"excluded":[false,false,false,false,false,false],"leader":3,"runner_up":4,"margin":0,"eval":12,"viable":[2,3,4],"dt":173,"prev_dt":1458,"sum":1631,"expected":1433,"ratio":1.14}
ngr/loco/9950011/mm/marker {"mm":144,"landmark":"","obs":"S","peak":86,"ms":1327,"drift":0,"dt":173,"timing_gate":"ACTIVE","dt_expected":1433,"dt_conserve_ratio":1.14,"pwm":80,"v":15.27}
ngr/loco/9950011/state/loopstat {"loop_max_gap_ms":34,"hall_task_max_gap_ms":2,"hall_task_age_ms":1,"baseline":1477,"raw":1584,"delta":107,"queue_drops":0,"floor_rejects":149,"queue_high_water":0,"mqtt_connect_ms":33,"mqtt_attempts":2,"pub_drops":61,"pub_queue_hw":3,"cmd_drops":0,"pub_per_s":6,"marker_pub_drops":0,"marker_pub_hw":1,"nav":"NO_QUORUM","mm":144,"miss_streak":3,"pwm":84,"lost_markers":26,"lost_ms":16614,"motor_dir":"FWD"}
ngr/loco/9950011/mm/marker {"mm":143,"landmark":"","obs":"N","peak":190,"ms":174,"drift":0,"dt":1333,"timing_gate":"ACTIVE","dt_expected":1335,"dt_conserve_ratio":2.09,"pwm":84,"v":15.27}
ngr/loco/9950011/alert {"level":"NO_QUORUM","reason":"STATUS","loco":"9950011","uptime_ms":130865,"nav":"NO_QUORUM","moving":1,"pwm":84,"est_mm_s":225,"dir":"CCW","session_dir":"CCW","mdir":"FWD","rear":11,"front":138,"env":13695,"lc_mm":11,"last_confirmed_landmark":"","age_ms":26863,"since":39,"dead_reckoned_mm":143,"candidate_mm":140,"viable":[2,3,4],"lostm":27,"lost_ms":17001,"agree":13,"disagree":11,"losts":1,"auto":0}
ngr/loco/9950011/state/start_mm 143
ngr/loco/9950011/state/loopstat {"loop_max_gap_ms":33,"hall_task_max_gap_ms":2,"hall_task_age_ms":1,"baseline":1477,"raw":1427,"delta":-50,"queue_drops":0,"floor_rejects":149,"queue_high_water":1,"mqtt_connect_ms":33,"mqtt_attempts":2,"pub_drops":61,"pub_queue_hw":1,"cmd_drops":0,"pub_per_s":3,"marker_pub_drops":0,"marker_pub_hw":1,"nav":"NO_QUORUM","mm":143,"miss_streak":3,"pwm":84,"lost_markers":27,"lost_ms":17614,"motor_dir":"FWD"}
ngr/loco/9950011/alert {"level":"NO_QUORUM","reason":"STATUS","loco":"9950011","uptime_ms":131865,"nav":"NO_QUORUM","moving":1,"pwm":84,"est_mm_s":225,"dir":"CCW","session_dir":"CCW","mdir":"FWD","rear":11,"front":138,"env":13695,"lc_mm":11,"last_confirmed_landmark":"","age_ms":27863,"since":39,"dead_reckoned_mm":143,"candidate_mm":140,"viable":[2,3,4],"lostm":27,"lost_ms":18001,"agree":13,"disagree":11,"losts":1,"auto":0}
ngr/loco/9950011/state/loopstat {"loop_max_gap_ms":34,"hall_task_max_gap_ms":2,"hall_task_age_ms":1,"baseline":1477,"raw":1437,"delta":-40,"queue_drops":0,"floor_rejects":149,"queue_high_water":0,"mqtt_connect_ms":33,"mqtt_attempts":2,"pub_drops":61,"pub_queue_hw":1,"cmd_drops":0,"pub_per_s":1,"marker_pub_drops":0,"marker_pub_hw":0,"nav":"NO_QUORUM","mm":143,"miss_streak":3,"pwm":84,"lost_markers":27,"lost_ms":18614,"motor_dir":"FWD"}
ngr/loco/9950011/state/nav {"event":"PHANTOM_REJECTED","state":"NO_QUORUM","mm":143,"streak":3,"scores":[5,4,5,6,7,7],"excluded":[false,false,false,false,false,false],"leader":3,"runner_up":4,"margin":0,"eval":12,"viable":[2,3,4],"dt":181,"prev_dt":1333,"sum":1514,"expected":1313,"ratio":1.15}
ngr/loco/9950011/mm/marker {"mm":143,"landmark":"","obs":"N","peak":57,"ms":2127,"drift":0,"dt":181,"timing_gate":"ACTIVE","dt_expected":1313,"dt_conserve_ratio":1.15,"pwm":84,"v":15.27}
ngr/loco/9950011/alert {"level":"NO_QUORUM","reason":"STATUS","loco":"9950011","uptime_ms":132865,"nav":"NO_QUORUM","moving":1,"pwm":84,"est_mm_s":1657,"dir":"CCW","session_dir":"CCW","mdir":"FWD","rear":11,"front":138,"env":13695,"lc_mm":11,"last_confirmed_landmark":"","age_ms":28863,"since":39,"dead_reckoned_mm":143,"candidate_mm":140,"viable":[2,3,4],"lostm":27,"lost_ms":19001,"agree":13,"disagree":11,"losts":1,"auto":0}
ngr/loco/9950011/state/loopstat {"loop_max_gap_ms":34,"hall_task_max_gap_ms":2,"hall_task_age_ms":1,"baseline":1476,"raw":1426,"delta":-50,"queue_drops":0,"floor_rejects":149,"queue_high_water":0,"mqtt_connect_ms":33,"mqtt_attempts":2,"pub_drops":61,"pub_queue_hw":1,"cmd_drops":0,"pub_per_s":3,"marker_pub_drops":0,"marker_pub_hw":1,"nav":"NO_QUORUM","mm":143,"miss_streak":3,"pwm":84,"lost_markers":27,"lost_ms":19614,"motor_dir":"FWD"}
ngr/loco/9950011/mm/marker {"mm":142,"landmark":"","obs":"S","peak":96,"ms":1102,"drift":-1,"dt":2132,"timing_gate":"ACTIVE","dt_expected":1313,"dt_conserve_ratio":2.64,"pwm":84,"v":15.27}
ngr/loco/9950011/cmd/throttle 85
ngr/loco/9950011/cmd/throttle 83
ngr/loco/9950011/alert {"level":"NO_QUORUM","reason":"STATUS","loco":"9950011","uptime_ms":133865,"nav":"NO_QUORUM","moving":1,"pwm":84,"est_mm_s":140,"dir":"CCW","session_dir":"CCW","mdir":"FWD","rear":11,"front":137,"env":13995,"lc_mm":11,"last_confirmed_landmark":"","age_ms":29863,"since":40,"dead_reckoned_mm":142,"candidate_mm":139,"viable":[2,3,4],"lostm":28,"lost_ms":20001,"agree":13,"disagree":11,"losts":1,"auto":0}
ngr/loco/9950011/cmd/throttle 80
ngr/loco/9950011/cmd/throttle 60
ngr/loco/9950011/cmd/throttle 43
ngr/loco/9950011/cmd/throttle 34
ngr/loco/9950011/mm/marker {"mm":141,"landmark":"","obs":"N","peak":193,"ms":192,"drift":1,"dt":1106,"timing_gate":"ACTIVE","dt_expected":1313,"dt_conserve_ratio":2.47,"pwm":84,"v":15.27}
ngr/loco/9950011/cmd/throttle 27
ngr/loco/9950011/cmd/throttle 9
ngr/loco/9950011/cmd/throttle 5
ngr/loco/9950011/cmd/throttle 0
ngr/loco/9950011/state/throttle 0
ngr/loco/9950011/state/start_mm 141
ngr/loco/9950011/state/loopstat {"loop_max_gap_ms":33,"hall_task_max_gap_ms":2,"hall_task_age_ms":1,"baseline":1477,"raw":1454,"delta":-23,"queue_drops":0,"floor_rejects":150,"queue_high_water":1,"mqtt_connect_ms":33,"mqtt_attempts":2,"pub_drops":61,"pub_queue_hw":2,"cmd_drops":0,"pub_per_s":5,"marker_pub_drops":0,"marker_pub_hw":1,"nav":"NO_QUORUM","mm":141,"miss_streak":3,"pwm":82,"lost_markers":29,"lost_ms":20614,"motor_dir":"FWD"}
ngr/loco/9950011/alert {"level":"NO_QUORUM","reason":"STATUS","loco":"9950011","uptime_ms":134865,"nav":"NO_QUORUM","moving":1,"pwm":79,"est_mm_s":271,"dir":"CCW","session_dir":"CCW","mdir":"FWD","rear":11,"front":136,"env":14295,"lc_mm":11,"last_confirmed_landmark":"","age_ms":30863,"since":41,"dead_reckoned_mm":141,"candidate_mm":138,"viable":[2,3,4],"lostm":29,"lost_ms":21001,"agree":13,"disagree":11,"losts":1,"auto":0}
ngr/loco/9950011/mm/marker {"mm":140,"landmark":"Eastpoint","obs":"S","peak":100,"ms":826,"drift":0,"dt":248,"timing_gate":"RAMP","dt_expected":0,"dt_conserve_ratio":-1.00,"pwm":84,"v":15.27}
ngr/loco/9950011/telem/voltage 15.24
ngr/loco/9950011/telem/current 0.37
ngr/loco/9950011/telem/power 5.61
ngr/loco/9950011/mm/marker {"mm":139,"landmark":"","obs":"S","peak":71,"ms":348,"drift":0,"dt":830,"timing_gate":"RAMP","dt_expected":0,"dt_conserve_ratio":-1.00,"pwm":79,"v":15.24}
ngr/loco/9950011/state/loopstat {"loop_max_gap_ms":34,"hall_task_max_gap_ms":2,"hall_task_age_ms":1,"baseline":1476,"raw":1469,"delta":-7,"queue_drops":0,"floor_rejects":150,"queue_high_water":1,"mqtt_connect_ms":33,"mqtt_attempts":2,"pub_drops":61,"pub_queue_hw":3,"cmd_drops":0,"pub_per_s":6,"marker_pub_drops":0,"marker_pub_hw":1,"nav":"NO_QUORUM","mm":139,"miss_streak":3,"pwm":75,"lost_markers":31,"lost_ms":21614,"motor_dir":"FWD"}
ngr/loco/9950011/state/start_mm 139
ngr/loco/9950011/mm/marker {"mm":138,"landmark":"","obs":"S","peak":63,"ms":255,"drift":-1,"dt":374,"timing_gate":"RAMP","dt_expected":0,"dt_conserve_ratio":-1.00,"pwm":76,"v":15.24}
ngr/loco/9950011/mm/marker {"mm":137,"landmark":"","obs":"S","peak":65,"ms":237,"drift":0,"dt":304,"timing_gate":"RAMP","dt_expected":0,"dt_conserve_ratio":-1.00,"pwm":74,"v":15.24}
ngr/loco/9950011/alert {"level":"NO_QUORUM","reason":"STATUS","loco":"9950011","uptime_ms":135865,"nav":"NO_QUORUM","moving":1,"pwm":72,"est_mm_s":986,"dir":"CCW","session_dir":"CCW","mdir":"FWD","rear":11,"front":132,"env":15495,"lc_mm":11,"last_confirmed_landmark":"","age_ms":31863,"since":45,"dead_reckoned_mm":137,"candidate_mm":134,"viable":[2,3,4],"lostm":33,"lost_ms":22001,"agree":13,"disagree":11,"losts":1,"auto":0}
ngr/loco/9950011/mm/marker {"mm":136,"landmark":"","obs":"N","peak":182,"ms":294,"drift":-1,"dt":243,"timing_gate":"RAMP","dt_expected":0,"dt_conserve_ratio":-1.00,"pwm":73,"v":15.24}
ngr/loco/9950011/mm/marker {"mm":135,"landmark":"","obs":"S","peak":72,"ms":284,"drift":0,"dt":299,"timing_gate":"RAMP","dt_expected":0,"dt_conserve_ratio":-1.00,"pwm":71,"v":15.24}
ngr/loco/9950011/mm/marker {"mm":134,"landmark":"","obs":"N","peak":43,"ms":63,"drift":0,"dt":288,"timing_gate":"RAMP","dt_expected":0,"dt_conserve_ratio":-1.00,"pwm":69,"v":15.24}
ngr/loco/9950011/state/start_mm 134
ngr/loco/9950011/state/loopstat {"loop_max_gap_ms":33,"hall_task_max_gap_ms":2,"hall_task_age_ms":1,"baseline":1475,"raw":1483,"delta":8,"queue_drops":0,"floor_rejects":151,"queue_high_water":1,"mqtt_connect_ms":33,"mqtt_attempts":2,"pub_drops":61,"pub_queue_hw":2,"cmd_drops":0,"pub_per_s":8,"marker_pub_drops":0,"marker_pub_hw":1,"nav":"NO_QUORUM","mm":134,"miss_streak":3,"pwm":68,"lost_markers":36,"lost_ms":22614,"motor_dir":"FWD"}
ngr/loco/9950011/mm/marker {"mm":133,"landmark":"","obs":"S","peak":43,"ms":50,"drift":0,"dt":68,"timing_gate":"RAMP","dt_expected":0,"dt_conserve_ratio":-1.00,"pwm":68,"v":15.24}
ngr/loco/9950011/mm/marker {"mm":132,"landmark":"","obs":"N","peak":56,"ms":44,"drift":0,"dt":55,"timing_gate":"RAMP","dt_expected":0,"dt_conserve_ratio":-1.00,"pwm":68,"v":15.24}
ngr/loco/9950011/mm/marker {"mm":131,"landmark":"","obs":"N","peak":55,"ms":54,"drift":0,"dt":52,"timing_gate":"RAMP","dt_expected":0,"dt_conserve_ratio":-1.00,"pwm":68,"v":15.24}
ngr/loco/9950011/mm/marker {"mm":130,"landmark":"","obs":"N","peak":59,"ms":40,"drift":0,"dt":99,"timing_gate":"RAMP","dt_expected":0,"dt_conserve_ratio":-1.00,"pwm":67,"v":15.24}
ngr/loco/9950011/alert {"level":"NO_QUORUM","reason":"STATUS","loco":"9950011","uptime_ms":136865,"nav":"NO_QUORUM","moving":1,"pwm":66,"est_mm_s":3030,"dir":"CCW","session_dir":"CCW","mdir":"FWD","rear":11,"front":125,"env":17565,"lc_mm":11,"last_confirmed_landmark":"","age_ms":32863,"since":52,"dead_reckoned_mm":130,"candidate_mm":127,"viable":[2,3,4],"lostm":40,"lost_ms":23001,"agree":13,"disagree":11,"losts":1,"auto":0}
ngr/loco/9950011/mm/marker {"mm":129,"landmark":"","obs":"N","peak":63,"ms":72,"drift":0,"dt":158,"timing_gate":"RAMP","dt_expected":0,"dt_conserve_ratio":-1.00,"pwm":66,"v":15.24}
ngr/loco/9950011/mm/marker {"mm":128,"landmark":"","obs":"S","peak":40,"ms":147,"drift":0,"dt":482,"timing_gate":"RAMP","dt_expected":0,"dt_conserve_ratio":-1.00,"pwm":63,"v":15.24}
ngr/loco/9950011/state/start_mm 128
ngr/loco/9950011/state/loopstat {"loop_max_gap_ms":33,"hall_task_max_gap_ms":2,"hall_task_age_ms":1,"baseline":1475,"raw":1466,"delta":-9,"queue_drops":0,"floor_rejects":158,"queue_high_water":1,"mqtt_connect_ms":33,"mqtt_attempts":2,"pub_drops":61,"pub_queue_hw":1,"cmd_drops":0,"pub_per_s":8,"marker_pub_drops":0,"marker_pub_hw":1,"nav":"NO_QUORUM","mm":128,"miss_streak":3,"pwm":62,"lost_markers":42,"lost_ms":23614,"motor_dir":"FWD"}
ngr/loco/9950011/mm/marker {"mm":127,"landmark":"","obs":"S","peak":49,"ms":44,"drift":0,"dt":359,"timing_gate":"RAMP","dt_expected":0,"dt_conserve_ratio":-1.00,"pwm":60,"v":15.24}
ngr/loco/9950011/alert {"level":"NO_QUORUM","reason":"STATUS","loco":"9950011","uptime_ms":137865,"nav":"NO_QUORUM","moving":1,"pwm":59,"est_mm_s":835,"dir":"CCW","session_dir":"CCW","mdir":"FWD","rear":11,"front":122,"env":18465,"lc_mm":11,"last_confirmed_landmark":"","age_ms":33863,"since":55,"dead_reckoned_mm":127,"candidate_mm":124,"viable":[2,3,4],"lostm":43,"lost_ms":24001,"agree":13,"disagree":11,"losts":1,"auto":0}
ngr/loco/9950011/mm/marker {"mm":126,"landmark":"","obs":"S","peak":42,"ms":52,"drift":0,"dt":385,"timing_gate":"RAMP","dt_expected":0,"dt_conserve_ratio":-1.00,"pwm":58,"v":15.24}
ngr/loco/9950011/mm/marker {"mm":125,"landmark":"","obs":"N","peak":55,"ms":94,"drift":0,"dt":123,"timing_gate":"RAMP","dt_expected":0,"dt_conserve_ratio":-1.00,"pwm":57,"v":15.24}
ngr/loco/9950011/mm/marker {"mm":124,"landmark":"","obs":"S","peak":54,"ms":177,"drift":0,"dt":99,"timing_gate":"RAMP","dt_expected":0,"dt_conserve_ratio":-1.00,"pwm":56,"v":15.24}
ngr/loco/9950011/state/loopstat {"loop_max_gap_ms":34,"hall_task_max_gap_ms":2,"hall_task_age_ms":1,"baseline":1475,"raw":1459,"delta":-16,"queue_drops":0,"floor_rejects":164,"queue_high_water":1,"mqtt_connect_ms":33,"mqtt_attempts":2,"pub_drops":61,"pub_queue_hw":1,"cmd_drops":0,"pub_per_s":5,"marker_pub_drops":0,"marker_pub_hw":1,"nav":"NO_QUORUM","mm":124,"miss_streak":3,"pwm":55,"lost_markers":46,"lost_ms":24614,"motor_dir":"FWD"}
ngr/loco/9950011/state/start_mm 124
ngr/loco/9950011/alert {"level":"NO_QUORUM","reason":"STATUS","loco":"9950011","uptime_ms":138865,"nav":"NO_QUORUM","moving":1,"pwm":52,"est_mm_s":3030,"dir":"CCW","session_dir":"CCW","mdir":"FWD","rear":11,"front":119,"env":19365,"lc_mm":11,"last_confirmed_landmark":"","age_ms":34863,"since":58,"dead_reckoned_mm":124,"candidate_mm":121,"viable":[2,3,4],"lostm":46,"lost_ms":25001,"agree":13,"disagree":11,"losts":1,"auto":0}
ngr/loco/9950011/mm/marker {"mm":123,"landmark":"","obs":"S","peak":46,"ms":55,"drift":0,"dt":900,"timing_gate":"RAMP","dt_expected":0,"dt_conserve_ratio":-1.00,"pwm":50,"v":15.24}
ngr/loco/9950011/state/start_mm 123
ngr/loco/9950011/state/loopstat {"loop_max_gap_ms":33,"hall_task_max_gap_ms":2,"hall_task_age_ms":1,"baseline":1475,"raw":1493,"delta":18,"queue_drops":0,"floor_rejects":168,"queue_high_water":1,"mqtt_connect_ms":33,"mqtt_attempts":2,"pub_drops":61,"pub_queue_hw":2,"cmd_drops":0,"pub_per_s":4,"marker_pub_drops":0,"marker_pub_hw":1,"nav":"NO_QUORUM","mm":123,"miss_streak":3,"pwm":48,"lost_markers":47,"lost_ms":25614,"motor_dir":"FWD"}
ngr/loco/9950011/alert {"level":"NO_QUORUM","reason":"STATUS","loco":"9950011","uptime_ms":139865,"nav":"NO_QUORUM","moving":1,"pwm":46,"est_mm_s":333,"dir":"CCW","session_dir":"CCW","mdir":"FWD","rear":11,"front":118,"env":19665,"lc_mm":11,"last_confirmed_landmark":"","age_ms":35863,"since":59,"dead_reckoned_mm":123,"candidate_mm":120,"viable":[2,3,4],"lostm":47,"lost_ms":26001,"agree":13,"disagree":11,"losts":1,"auto":0}
ngr/loco/9950011/telem/voltage 15.27
ngr/loco/9950011/telem/current 0.25
ngr/loco/9950011/telem/power 4.50
ngr/loco/9950011/mm/marker {"mm":122,"landmark":"","obs":"N","peak":187,"ms":849,"drift":0,"dt":128,"timing_gate":"RAMP","dt_expected":0,"dt_conserve_ratio":-1.00,"pwm":49,"v":15.27}
ngr/loco/9950011/state/start_mm 122
ngr/loco/9950011/state/loopstat {"loop_max_gap_ms":34,"hall_task_max_gap_ms":2,"hall_task_age_ms":1,"baseline":1475,"raw":1465,"delta":-10,"queue_drops":0,"floor_rejects":171,"queue_high_water":1,"mqtt_connect_ms":33,"mqtt_attempts":2,"pub_drops":61,"pub_queue_hw":3,"cmd_drops":0,"pub_per_s":6,"marker_pub_drops":0,"marker_pub_hw":1,"nav":"NO_QUORUM","mm":122,"miss_streak":3,"pwm":42,"lost_markers":48,"lost_ms":26614,"motor_dir":"FWD"}
ngr/loco/9950011/mm/marker {"mm":121,"landmark":"","obs":"N","peak":52,"ms":143,"drift":0,"dt":1165,"timing_gate":"RAMP","dt_expected":0,"dt_conserve_ratio":-1.00,"pwm":42,"v":15.27}
ngr/loco/9950011/alert {"level":"NO_QUORUM","reason":"STATUS","loco":"9950011","uptime_ms":140865,"nav":"NO_QUORUM","moving":1,"pwm":39,"est_mm_s":257,"dir":"CCW","session_dir":"CCW","mdir":"FWD","rear":11,"front":116,"env":20265,"lc_mm":11,"last_confirmed_landmark":"","age_ms":36863,"since":61,"dead_reckoned_mm":121,"candidate_mm":118,"viable":[2,3,4],"lostm":49,"lost_ms":27001,"agree":13,"disagree":11,"losts":1,"auto":0}
ngr/loco/9950011/mm/marker {"mm":120,"landmark":"","obs":"S","peak":38,"ms":47,"drift":0,"dt":343,"timing_gate":"LOW_PWM","dt_expected":0,"dt_conserve_ratio":-1.00,"pwm":39,"v":15.27}
ngr/loco/9950011/mm/marker {"mm":119,"landmark":"","obs":"S","peak":40,"ms":93,"drift":0,"dt":198,"timing_gate":"LOW_PWM","dt_expected":0,"dt_conserve_ratio":-1.00,"pwm":38,"v":15.27}
ngr/loco/9950011/mm/marker {"mm":118,"landmark":"","obs":"S","peak":42,"ms":42,"drift":0,"dt":122,"timing_gate":"LOW_PWM","dt_expected":0,"dt_conserve_ratio":-1.00,"pwm":37,"v":15.27}
ngr/loco/9950011/mm/marker {"mm":117,"landmark":"","obs":"S","peak":67,"ms":225,"drift":-1,"dt":84,"timing_gate":"LOW_PWM","dt_expected":0,"dt_conserve_ratio":-1.00,"pwm":37,"v":15.27}
ngr/loco/9950011/state/start_mm 117
ngr/loco/9950011/state/loopstat {"loop_max_gap_ms":34,"hall_task_max_gap_ms":2,"hall_task_age_ms":1,"baseline":1474,"raw":1460,"delta":-14,"queue_drops":0,"floor_rejects":174,"queue_high_water":1,"mqtt_connect_ms":33,"mqtt_attempts":2,"pub_drops":61,"pub_queue_hw":1,"cmd_drops":0,"pub_per_s":7,"marker_pub_drops":0,"marker_pub_hw":1,"nav":"NO_QUORUM","mm":117,"miss_streak":3,"pwm":35,"lost_markers":53,"lost_ms":27614,"motor_dir":"FWD"}
ngr/loco/9950011/mm/marker {"mm":116,"landmark":"","obs":"S","peak":41,"ms":103,"drift":0,"dt":230,"timing_gate":"LOW_PWM","dt_expected":0,"dt_conserve_ratio":-1.00,"pwm":35,"v":15.27}
ngr/loco/9950011/mm/marker {"mm":115,"landmark":"","obs":"N","peak":61,"ms":109,"drift":0,"dt":139,"timing_gate":"LOW_PWM","dt_expected":0,"dt_conserve_ratio":-1.00,"pwm":34,"v":15.27}
ngr/loco/9950011/alert {"level":"NO_QUORUM","reason":"STATUS","loco":"9950011","uptime_ms":141865,"nav":"NO_QUORUM","moving":1,"pwm":32,"est_mm_s":2158,"dir":"CCW","session_dir":"CCW","mdir":"FWD","rear":11,"front":110,"env":22105,"lc_mm":11,"last_confirmed_landmark":"","age_ms":37863,"since":67,"dead_reckoned_mm":115,"candidate_mm":112,"viable":[2,3,4],"lostm":55,"lost_ms":28001,"agree":13,"disagree":11,"losts":1,"auto":0}
ngr/loco/9950011/mm/marker {"mm":114,"landmark":"","obs":"N","peak":54,"ms":499,"drift":-1,"dt":141,"timing_gate":"LOW_PWM","dt_expected":0,"dt_conserve_ratio":-1.00,"pwm":33,"v":15.27}
ngr/loco/9950011/mm/marker {"mm":113,"landmark":"","obs":"S","peak":44,"ms":56,"drift":0,"dt":647,"timing_gate":"LOW_PWM","dt_expected":0,"dt_conserve_ratio":-1.00,"pwm":29,"v":15.27}
ngr/loco/9950011/state/start_mm 113
ngr/loco/9950011/state/loopstat {"loop_max_gap_ms":34,"hall_task_max_gap_ms":2,"hall_task_age_ms":1,"baseline":1473,"raw":1461,"delta":-12,"queue_drops":0,"floor_rejects":176,"queue_high_water":1,"mqtt_connect_ms":33,"mqtt_attempts":2,"pub_drops":61,"pub_queue_hw":1,"cmd_drops":0,"pub_per_s":6,"marker_pub_drops":0,"marker_pub_hw":1,"nav":"NO_QUORUM","mm":113,"miss_streak":3,"pwm":28,"lost_markers":57,"lost_ms":28614,"motor_dir":"FWD"}
ngr/loco/9950011/mm/marker {"mm":112,"landmark":"","obs":"N","peak":61,"ms":49,"drift":0,"dt":77,"timing_gate":"LOW_PWM","dt_expected":0,"dt_conserve_ratio":-1.00,"pwm":28,"v":15.27}
ngr/loco/9950011/mm/marker {"mm":111,"landmark":"","obs":"N","peak":91,"ms":95,"drift":0,"dt":57,"timing_gate":"LOW_PWM","dt_expected":0,"dt_conserve_ratio":-1.00,"pwm":28,"v":15.27}
ngr/loco/9950011/mm/marker {"mm":110,"landmark":"","obs":"N","peak":70,"ms":63,"drift":0,"dt":99,"timing_gate":"LOW_PWM","dt_expected":0,"dt_conserve_ratio":-1.00,"pwm":27,"v":15.27}
ngr/loco/9950011/alert {"level":"NO_QUORUM","reason":"STATUS","loco":"9950011","uptime_ms":142865,"nav":"NO_QUORUM","moving":1,"pwm":26,"est_mm_s":3030,"dir":"CCW","session_dir":"CCW","mdir":"FWD","rear":11,"front":105,"env":23610,"lc_mm":11,"last_confirmed_landmark":"","age_ms":38863,"since":72,"dead_reckoned_mm":110,"candidate_mm":107,"viable":[2,3,4],"lostm":60,"lost_ms":29001,"agree":13,"disagree":11,"losts":1,"auto":0}
ngr/loco/9950011/state/loopstat {"loop_max_gap_ms":34,"hall_task_max_gap_ms":2,"hall_task_age_ms":1,"baseline":1473,"raw":1411,"delta":-62,"queue_drops":0,"floor_rejects":177,"queue_high_water":1,"mqtt_connect_ms":33,"mqtt_attempts":2,"pub_drops":61,"pub_queue_hw":1,"cmd_drops":0,"pub_per_s":4,"marker_pub_drops":0,"marker_pub_hw":1,"nav":"NO_QUORUM","mm":110,"miss_streak":3,"pwm":22,"lost_markers":60,"lost_ms":29614,"motor_dir":"FWD"}
ngr/loco/9950011/state/start_mm 110
ngr/loco/9950011/alert {"level":"NO_QUORUM","reason":"STATUS","loco":"9950011","uptime_ms":143865,"nav":"NO_QUORUM","moving":1,"pwm":19,"est_mm_s":3030,"dir":"CCW","session_dir":"CCW","mdir":"FWD","rear":11,"front":105,"env":23610,"lc_mm":11,"last_confirmed_landmark":"","age_ms":39863,"since":72,"dead_reckoned_mm":110,"candidate_mm":107,"viable":[2,3,4],"lostm":60,"lost_ms":30001,"agree":13,"disagree":11,"losts":1,"auto":0}
ngr/loco/9950011/state/loopstat {"loop_max_gap_ms":33,"hall_task_max_gap_ms":2,"hall_task_age_ms":1,"baseline":1472,"raw":1431,"delta":-41,"queue_drops":0,"floor_rejects":177,"queue_high_water":0,"mqtt_connect_ms":33,"mqtt_attempts":2,"pub_drops":61,"pub_queue_hw":2,"cmd_drops":0,"pub_per_s":2,"marker_pub_drops":0,"marker_pub_hw":0,"nav":"NO_QUORUM","mm":110,"miss_streak":3,"pwm":15,"lost_markers":60,"lost_ms":30614,"motor_dir":"FWD"}
ngr/loco/9950011/alert {"level":"NO_QUORUM","reason":"STATUS","loco":"9950011","uptime_ms":144865,"nav":"NO_QUORUM","moving":1,"pwm":12,"est_mm_s":3030,"dir":"CCW","session_dir":"CCW","mdir":"FWD","rear":11,"front":105,"env":23610,"lc_mm":11,"last_confirmed_landmark":"","age_ms":40863,"since":72,"dead_reckoned_mm":110,"candidate_mm":107,"viable":[2,3,4],"lostm":60,"lost_ms":31001,"agree":13,"disagree":11,"losts":1,"auto":0}
ngr/loco/9950011/telem/voltage 15.28
ngr/loco/9950011/telem/current 0.21
ngr/loco/9950011/telem/power 2.42
ngr/loco/9950011/state/loopstat {"loop_max_gap_ms":33,"hall_task_max_gap_ms":2,"hall_task_age_ms":1,"baseline":1471,"raw":1444,"delta":-27,"queue_drops":0,"floor_rejects":177,"queue_high_water":0,"mqtt_connect_ms":33,"mqtt_attempts":2,"pub_drops":61,"pub_queue_hw":3,"cmd_drops":0,"pub_per_s":4,"marker_pub_drops":0,"marker_pub_hw":0,"nav":"NO_QUORUM","mm":110,"miss_streak":3,"pwm":8,"lost_markers":60,"lost_ms":31614,"motor_dir":"FWD"}
ngr/loco/9950011/mm/marker {"mm":109,"landmark":"","obs":"S","peak":112,"ms":3072,"drift":-2,"dt":157,"timing_gate":"LOW_PWM","dt_expected":0,"dt_conserve_ratio":-1.00,"pwm":26,"v":15.28}
ngr/loco/9950011/alert {"level":"NO_QUORUM","reason":"STATUS","loco":"9950011","uptime_ms":145865,"nav":"NO_QUORUM","moving":1,"pwm":6,"est_mm_s":1910,"dir":"CCW","session_dir":"CCW","mdir":"FWD","rear":11,"front":104,"env":23910,"lc_mm":11,"last_confirmed_landmark":"","age_ms":41863,"since":73,"dead_reckoned_mm":109,"candidate_mm":106,"viable":[2,3,4],"lostm":61,"lost_ms":32001,"agree":13,"disagree":11,"losts":1,"auto":0}
ngr/loco/9950011/mm/marker {"mm":108,"landmark":"","obs":"N","peak":44,"ms":131,"drift":0,"dt":3133,"timing_gate":"LOW_PWM","dt_expected":0,"dt_conserve_ratio":-1.00,"pwm":5,"v":15.28}
ngr/loco/9950011/mm/marker {"mm":107,"landmark":"Arches","obs":"S","peak":66,"ms":47,"drift":0,"dt":142,"timing_gate":"LOW_PWM","dt_expected":0,"dt_conserve_ratio":-1.00,"pwm":4,"v":15.28}
ngr/loco/9950011/mm/marker {"mm":106,"landmark":"","obs":"S","peak":57,"ms":214,"drift":0,"dt":53,"timing_gate":"LOW_PWM","dt_expected":0,"dt_conserve_ratio":-1.00,"pwm":4,"v":15.28}
ngr/loco/9950011/mm/marker {"mm":105,"landmark":"","obs":"S","peak":75,"ms":88,"drift":-2,"dt":219,"timing_gate":"LOW_PWM","dt_expected":0,"dt_conserve_ratio":-1.00,"pwm":3,"v":15.28}
ngr/loco/9950011/mm/marker {"mm":104,"landmark":"","obs":"S","peak":59,"ms":55,"drift":0,"dt":96,"timing_gate":"LOW_PWM","dt_expected":0,"dt_conserve_ratio":-1.00,"pwm":2,"v":15.28}
ngr/loco/9950011/state/start_mm 104
ngr/loco/9950011/state/loopstat {"loop_max_gap_ms":33,"hall_task_max_gap_ms":2,"hall_task_age_ms":1,"baseline":1469,"raw":1437,"delta":-32,"queue_drops":0,"floor_rejects":177,"queue_high_water":1,"mqtt_connect_ms":33,"mqtt_attempts":2,"pub_drops":61,"pub_queue_hw":1,"cmd_drops":0,"pub_per_s":8,"marker_pub_drops":0,"marker_pub_hw":1,"nav":"NO_QUORUM","mm":104,"miss_streak":3,"pwm":2,"lost_markers":66,"lost_ms":32614,"motor_dir":"FWD"}
ngr/loco/9950011/mm/marker {"mm":103,"landmark":"","obs":"S","peak":71,"ms":225,"drift":0,"dt":63,"timing_gate":"LOW_PWM","dt_expected":0,"dt_conserve_ratio":-1.00,"pwm":2,"v":15.28}
ngr/loco/9950011/mm/marker {"mm":102,"landmark":"","obs":"S","peak":41,"ms":45,"drift":0,"dt":287,"timing_gate":"LOW_PWM","dt_expected":0,"dt_conserve_ratio":-1.00,"pwm":0,"v":15.28}
ngr/loco/9950011/alert {"level":"NO_QUORUM","reason":"STATUS","loco":"9950011","uptime_ms":146865,"nav":"NO_QUORUM","moving":0,"pwm":0,"est_mm_s":1027,"dir":"CCW","session_dir":"CCW","mdir":"FWD","rear":11,"front":97,"env":26005,"lc_mm":11,"last_confirmed_landmark":"","age_ms":42863,"since":80,"dead_reckoned_mm":102,"candidate_mm":99,"viable":[2,3,4],"lostm":68,"lost_ms":33001,"agree":13,"disagree":11,"losts":1,"auto":0}
ngr/loco/9950011/mm/marker {"mm":101,"landmark":"","obs":"S","peak":70,"ms":87,"drift":0,"dt":212,"timing_gate":"LOW_PWM","dt_expected":0,"dt_conserve_ratio":-1.00,"pwm":0,"v":15.28}
ngr/loco/9950011/mm/marker {"mm":100,"landmark":"","obs":"S","peak":47,"ms":71,"drift":0,"dt":93,"timing_gate":"LOW_PWM","dt_expected":0,"dt_conserve_ratio":-1.00,"pwm":0,"v":15.28}
ngr/loco/9950011/mm/marker {"mm":99,"landmark":"","obs":"S","peak":51,"ms":51,"drift":0,"dt":125,"timing_gate":"LOW_PWM","dt_expected":0,"dt_conserve_ratio":-1.00,"pwm":0,"v":15.28}
ngr/loco/9950011/mm/marker {"mm":98,"landmark":"Northpoint","obs":"S","peak":56,"ms":67,"drift":0,"dt":56,"timing_gate":"LOW_PWM","dt_expected":0,"dt_conserve_ratio":-1.00,"pwm":0,"v":15.28}
ngr/loco/9950011/state/start_mm 98
ngr/loco/9950011/state/loopstat {"loop_max_gap_ms":33,"hall_task_max_gap_ms":2,"hall_task_age_ms":1,"baseline":1468,"raw":1445,"delta":-23,"queue_drops":0,"floor_rejects":182,"queue_high_water":1,"mqtt_connect_ms":33,"mqtt_attempts":2,"pub_drops":61,"pub_queue_hw":1,"cmd_drops":0,"pub_per_s":8,"marker_pub_drops":0,"marker_pub_hw":1,"nav":"NO_QUORUM","mm":98,"miss_streak":3,"pwm":0,"lost_markers":72,"lost_ms":33614,"motor_dir":"FWD"}
ngr/loco/9950011/mm/marker {"mm":97,"landmark":"","obs":"S","peak":50,"ms":78,"drift":0,"dt":230,"timing_gate":"LOW_PWM","dt_expected":0,"dt_conserve_ratio":-1.00,"pwm":0,"v":15.28}
ngr/loco/9950011/mm/marker {"mm":96,"landmark":"","obs":"S","peak":63,"ms":50,"drift":0,"dt":85,"timing_gate":"LOW_PWM","dt_expected":0,"dt_conserve_ratio":-1.00,"pwm":0,"v":15.28}
ngr/loco/9950011/alert {"level":"NO_QUORUM","reason":"STATUS","loco":"9950011","uptime_ms":147865,"nav":"NO_QUORUM","moving":0,"pwm":0,"est_mm_s":3529,"dir":"CCW","session_dir":"CCW","mdir":"FWD","rear":11,"front":91,"env":27805,"lc_mm":11,"last_confirmed_landmark":"","age_ms":43863,"since":86,"dead_reckoned_mm":96,"candidate_mm":93,"viable":[2,3,4],"lostm":74,"lost_ms":34001,"agree":13,"disagree":11,"losts":1,"auto":0}
ngr/loco/9950011/mm/marker {"mm":95,"landmark":"","obs":"S","peak":60,"ms":468,"drift":0,"dt":58,"timing_gate":"LOW_PWM","dt_expected":0,"dt_conserve_ratio":-1.00,"pwm":0,"v":15.28}
ngr/loco/9950011/mm/marker {"mm":94,"landmark":"","obs":"S","peak":69,"ms":243,"drift":0,"dt":474,"timing_gate":"LOW_PWM","dt_expected":0,"dt_conserve_ratio":-1.00,"pwm":0,"v":15.28}
ngr/loco/9950011/mm/marker {"mm":93,"landmark":"","obs":"S","peak":59,"ms":92,"drift":0,"dt":250,"timing_gate":"LOW_PWM","dt_expected":0,"dt_conserve_ratio":-1.00,"pwm":0,"v":15.28}
ngr/loco/9950011/state/start_mm 93
ngr/loco/9950011/state/loopstat {"loop_max_gap_ms":33,"hall_task_max_gap_ms":2,"hall_task_age_ms":1,"baseline":1468,"raw":1482,"delta":14,"queue_drops":0,"floor_rejects":182,"queue_high_water":1,"mqtt_connect_ms":33,"mqtt_attempts":2,"pub_drops":61,"pub_queue_hw":1,"cmd_drops":0,"pub_per_s":7,"marker_pub_drops":0,"marker_pub_hw":1,"nav":"NO_QUORUM","mm":93,"miss_streak":3,"pwm":0,"lost_markers":77,"lost_ms":34614,"motor_dir":"FWD"}
ngr/loco/9950011/alert {"level":"NO_QUORUM","reason":"STATUS","loco":"9950011","uptime_ms":148865,"nav":"NO_QUORUM","moving":0,"pwm":0,"est_mm_s":1200,"dir":"CCW","session_dir":"CCW","mdir":"FWD","rear":11,"front":88,"env":28710,"lc_mm":11,"last_confirmed_landmark":"","age_ms":44863,"since":89,"dead_reckoned_mm":93,"candidate_mm":90,"viable":[2,3,4],"lostm":77,"lost_ms":35001,"agree":13,"disagree":11,"losts":1,"auto":0}
ngr/loco/9950011/mm/marker {"mm":92,"landmark":"","obs":"S","peak":54,"ms":199,"drift":0,"dt":373,"timing_gate":"LOW_PWM","dt_expected":0,"dt_conserve_ratio":-1.00,"pwm":0,"v":15.28}
ngr/loco/9950011/mm/marker {"mm":91,"landmark":"","obs":"S","peak":66,"ms":532,"drift":-1,"dt":216,"timing_gate":"LOW_PWM","dt_expected":0,"dt_conserve_ratio":-1.00,"pwm":0,"v":15.28}
ngr/loco/9950011/state/start_mm 91
ngr/loco/9950011/state/loopstat {"loop_max_gap_ms":33,"hall_task_max_gap_ms":2,"hall_task_age_ms":1,"baseline":1467,"raw":1469,"delta":2,"queue_drops":0,"floor_rejects":185,"queue_high_water":1,"mqtt_connect_ms":33,"mqtt_attempts":2,"pub_drops":61,"pub_queue_hw":1,"cmd_drops":0,"pub_per_s":4,"marker_pub_drops":0,"marker_pub_hw":1,"nav":"NO_QUORUM","mm":91,"miss_streak":3,"pwm":0,"lost_markers":79,"lost_ms":35614,"motor_dir":"FWD"}
ngr/loco/9950011/alert {"level":"NO_QUORUM","reason":"STATUS","loco":"9950011","uptime_ms":149865,"nav":"NO_QUORUM","moving":0,"pwm":0,"est_mm_s":1388,"dir":"CCW","session_dir":"CCW","mdir":"FWD","rear":11,"front":86,"env":29310,"lc_mm":11,"last_confirmed_landmark":"","age_ms":45863,"since":91,"dead_reckoned_mm":91,"candidate_mm":88,"viable":[2,3,4],"lostm":79,"lost_ms":36001,"agree":13,"disagree":11,"losts":1,"auto":0}
ngr/loco/9950011/mm/marker {"mm":90,"landmark":"","obs":"S","peak":46,"ms":52,"drift":0,"dt":1012,"timing_gate":"LOW_PWM","dt_expected":0,"dt_conserve_ratio":-1.00,"pwm":0,"v":15.28}
ngr/loco/9950011/telem/voltage 15.29
ngr/loco/9950011/telem/current 0.18
ngr/loco/9950011/telem/power 2.74
ngr/loco/9950011/state/start_mm 90
ngr/loco/9950011/state/loopstat {"loop_max_gap_ms":34,"hall_task_max_gap_ms":2,"hall_task_age_ms":1,"baseline":1467,"raw":1446,"delta":-21,"queue_drops":0,"floor_rejects":189,"queue_high_water":1,"mqtt_connect_ms":33,"mqtt_attempts":2,"pub_drops":61,"pub_queue_hw":3,"cmd_drops":0,"pub_per_s":6,"marker_pub_drops":0,"marker_pub_hw":1,"nav":"NO_QUORUM","mm":90,"miss_streak":3,"pwm":0,"lost_markers":80,"lost_ms":36614,"motor_dir":"FWD"}
ngr/loco/9950011/mm/marker {"mm":89,"landmark":"","obs":"S","peak":56,"ms":167,"drift":0,"dt":419,"timing_gate":"LOW_PWM","dt_expected":0,"dt_conserve_ratio":-1.00,"pwm":0,"v":15.29}
ngr/loco/9950011/mm/marker {"mm":88,"landmark":"","obs":"S","peak":81,"ms":178,"drift":0,"dt":195,"timing_gate":"LOW_PWM","dt_expected":0,"dt_conserve_ratio":-1.00,"pwm":0,"v":15.29}
ngr/loco/9950011/alert {"level":"NO_QUORUM","reason":"STATUS","loco":"9950011","uptime_ms":150865,"nav":"NO_QUORUM","moving":0,"pwm":0,"est_mm_s":1564,"dir":"CCW","session_dir":"CCW","mdir":"FWD","rear":11,"front":83,"env":30240,"lc_mm":11,"last_confirmed_landmark":"","age_ms":46863,"since":94,"dead_reckoned_mm":88,"candidate_mm":85,"viable":[2,3,4],"lostm":82,"lost_ms":37001,"agree":13,"disagree":11,"losts":1,"auto":0}
ngr/loco/9950011/mm/marker {"mm":87,"landmark":"","obs":"S","peak":41,"ms":93,"drift":0,"dt":367,"timing_gate":"LOW_PWM","dt_expected":0,"dt_conserve_ratio":-1.00,"pwm":0,"v":15.29}
ngr/loco/9950011/mm/marker {"mm":86,"landmark":"","obs":"S","peak":45,"ms":65,"drift":0,"dt":281,"timing_gate":"LOW_PWM","dt_expected":0,"dt_conserve_ratio":-1.00,"pwm":0,"v":15.29}
ngr/loco/9950011/mm/marker {"mm":85,"landmark":"","obs":"N","peak":52,"ms":46,"drift":0,"dt":170,"timing_gate":"LOW_PWM","dt_expected":0,"dt_conserve_ratio":-1.00,"pwm":0,"v":15.29}
ngr/loco/9950011/state/loopstat {"loop_max_gap_ms":34,"hall_task_max_gap_ms":2,"hall_task_age_ms":1,"baseline":1466,"raw":1453,"delta":-13,"queue_drops":0,"floor_rejects":192,"queue_high_water":1,"mqtt_connect_ms":33,"mqtt_attempts":2,"pub_drops":61,"pub_queue_hw":1,"cmd_drops":0,"pub_per_s":6,"marker_pub_drops":0,"marker_pub_hw":1,"nav":"NO_QUORUM","mm":85,"miss_streak":3,"pwm":0,"lost_markers":85,"lost_ms":37614,"motor_dir":"FWD"}
ngr/loco/9950011/state/start_mm 85
ngr/loco/9950011/mm/marker {"mm":84,"landmark":"","obs":"N","peak":38,"ms":59,"drift":0,"dt":116,"timing_gate":"LOW_PWM","dt_expected":0,"dt_conserve_ratio":-1.00,"pwm":0,"v":15.29}
ngr/loco/9950011/mm/marker {"mm":83,"landmark":"","obs":"S","peak":76,"ms":89,"drift":0,"dt":171,"timing_gate":"LOW_PWM","dt_expected":0,"dt_conserve_ratio":-1.00,"pwm":0,"v":15.29}
ngr/loco/9950011/alert {"level":"NO_QUORUM","reason":"STATUS","loco":"9950011","uptime_ms":151865,"nav":"NO_QUORUM","moving":0,"pwm":0,"est_mm_s":1754,"dir":"CCW","session_dir":"CCW","mdir":"FWD","rear":11,"front":78,"env":31750,"lc_mm":11,"last_confirmed_landmark":"","age_ms":47863,"since":99,"dead_reckoned_mm":83,"candidate_mm":80,"viable":[2,3,4],"lostm":87,"lost_ms":38001,"agree":13,"disagree":11,"losts":1,"auto":0}
ngr/loco/9950011/mm/marker {"mm":82,"landmark":"","obs":"S","peak":42,"ms":58,"drift":0,"dt":435,"timing_gate":"LOW_PWM","dt_expected":0,"dt_conserve_ratio":-1.00,"pwm":0,"v":15.29}
ngr/loco/9950011/state/loopstat {"loop_max_gap_ms":34,"hall_task_max_gap_ms":2,"hall_task_age_ms":1,"baseline":1464,"raw":1441,"delta":-23,"queue_drops":0,"floor_rejects":193,"queue_high_water":1,"mqtt_connect_ms":33,"mqtt_attempts":2,"pub_drops":61,"pub_queue_hw":2,"cmd_drops":0,"pub_per_s":5,"marker_pub_drops":0,"marker_pub_hw":1,"nav":"NO_QUORUM","mm":82,"miss_streak":3,"pwm":0,"lost_markers":88,"lost_ms":38614,"motor_dir":"FWD"}
ngr/loco/9950011/state/start_mm 82
ngr/loco/9950011/mm/marker {"mm":81,"landmark":"","obs":"S","peak":96,"ms":609,"drift":-1,"dt":64,"timing_gate":"LOW_PWM","dt_expected":0,"dt_conserve_ratio":-1.00,"pwm":0,"v":15.29}
ngr/loco/9950011/alert {"level":"NO_QUORUM","reason":"STATUS","loco":"9950011","uptime_ms":152865,"nav":"NO_QUORUM","moving":0,"pwm":0,"est_mm_s":4687,"dir":"CCW","session_dir":"CCW","mdir":"FWD","rear":11,"front":76,"env":32350,"lc_mm":11,"last_confirmed_landmark":"","age_ms":48863,"since":101,"dead_reckoned_mm":81,"candidate_mm":78,"viable":[2,3,4],"lostm":89,"lost_ms":39001,"agree":13,"disagree":11,"losts":1,"auto":0}
ngr/loco/9950011/mm/marker {"mm":80,"landmark":"","obs":"S","peak":71,"ms":294,"drift":0,"dt":640,"timing_gate":"LOW_PWM","dt_expected":0,"dt_conserve_ratio":-1.00,"pwm":0,"v":15.29}
ngr/loco/9950011/mm/marker {"mm":79,"landmark":"","obs":"S","peak":78,"ms":318,"drift":-1,"dt":332,"timing_gate":"LOW_PWM","dt_expected":0,"dt_conserve_ratio":-1.00,"pwm":0,"v":15.29}
ngr/loco/9950011/state/loopstat {"loop_max_gap_ms":33,"hall_task_max_gap_ms":2,"hall_task_age_ms":1,"baseline":1463,"raw":1462,"delta":-1,"queue_drops":0,"floor_rejects":194,"queue_high_water":1,"mqtt_connect_ms":33,"mqtt_attempts":2,"pub_drops":61,"pub_queue_hw":2,"cmd_drops":0,"pub_per_s":5,"marker_pub_drops":0,"marker_pub_hw":1,"nav":"NO_QUORUM","mm":79,"miss_streak":3,"pwm":0,"lost_markers":91,"lost_ms":39614,"motor_dir":"FWD"}
ngr/loco/9950011/state/start_mm 79
ngr/loco/9950011/mm/marker {"mm":78,"landmark":"","obs":"N","peak":47,"ms":94,"drift":0,"dt":469,"timing_gate":"LOW_PWM","dt_expected":0,"dt_conserve_ratio":-1.00,"pwm":0,"v":15.29}
ngr/loco/9950011/alert {"level":"NO_QUORUM","reason":"STATUS","loco":"9950011","uptime_ms":153865,"nav":"NO_QUORUM","moving":0,"pwm":0,"est_mm_s":639,"dir":"CCW","session_dir":"CCW","mdir":"FWD","rear":11,"front":73,"env":33250,"lc_mm":11,"last_confirmed_landmark":"","age_ms":49863,"since":104,"dead_reckoned_mm":78,"candidate_mm":75,"viable":[2,3,4],"lostm":92,"lost_ms":40001,"agree":13,"disagree":11,"losts":1,"auto":0}
ngr/loco/9950011/mm/marker {"mm":77,"landmark":"","obs":"S","peak":57,"ms":125,"drift":0,"dt":235,"timing_gate":"LOW_PWM","dt_expected":0,"dt_conserve_ratio":-1.00,"pwm":0,"v":15.29}
ngr/loco/9950011/mm/marker {"mm":76,"landmark":"","obs":"S","peak":72,"ms":301,"drift":0,"dt":130,"timing_gate":"LOW_PWM","dt_expected":0,"dt_conserve_ratio":-1.00,"pwm":0,"v":15.29}
ngr/loco/9950011/state/start_mm 76
ngr/loco/9950011/state/loopstat {"loop_max_gap_ms":33,"hall_task_max_gap_ms":2,"hall_task_age_ms":1,"baseline":1463,"raw":1449,"delta":-14,"queue_drops":0,"floor_rejects":198,"queue_high_water":1,"mqtt_connect_ms":33,"mqtt_attempts":2,"pub_drops":61,"pub_queue_hw":2,"cmd_drops":0,"pub_per_s":6,"marker_pub_drops":0,"marker_pub_hw":1,"nav":"NO_QUORUM","mm":76,"miss_streak":3,"pwm":0,"lost_markers":94,"lost_ms":40614,"motor_dir":"FWD"}
ngr/loco/9950011/alert {"level":"NO_QUORUM","reason":"STATUS","loco":"9950011","uptime_ms":154865,"nav":"NO_QUORUM","moving":0,"pwm":0,"est_mm_s":2307,"dir":"CCW","session_dir":"CCW","mdir":"FWD","rear":11,"front":71,"env":33845,"lc_mm":11,"last_confirmed_landmark":"","age_ms":50863,"since":106,"dead_reckoned_mm":76,"candidate_mm":73,"viable":[2,3,4],"lostm":94,"lost_ms":41001,"agree":13,"disagree":11,"losts":1,"auto":0}
ngr/loco/9950011/telem/voltage 15.27
ngr/loco/9950011/telem/current 0.18
ngr/loco/9950011/telem/power 2.79
ngr/loco/9950011/mm/marker {"mm":75,"landmark":"","obs":"S","peak":38,"ms":41,"drift":0,"dt":1055,"timing_gate":"LOW_PWM","dt_expected":0,"dt_conserve_ratio":-1.00,"pwm":0,"v":15.27}
ngr/loco/9950011/state/start_mm 75
ngr/loco/9950011/state/loopstat {"loop_max_gap_ms":33,"hall_task_max_gap_ms":2,"hall_task_age_ms":1,"baseline":1463,"raw":1466,"delta":3,"queue_drops":0,"floor_rejects":204,"queue_high_water":0,"mqtt_connect_ms":33,"mqtt_attempts":2,"pub_drops":61,"pub_queue_hw":3,"cmd_drops":0,"pub_per_s":6,"marker_pub_drops":0,"marker_pub_hw":1,"nav":"NO_QUORUM","mm":75,"miss_streak":3,"pwm":0,"lost_markers":95,"lost_ms":41614,"motor_dir":"FWD"}
ngr/loco/9950011/mm/marker {"mm":74,"landmark":"","obs":"S","peak":43,"ms":45,"drift":0,"dt":455,"timing_gate":"LOW_PWM","dt_expected":0,"dt_conserve_ratio":-1.00,"pwm":0,"v":15.27}
ngr/loco/9950011/mm/marker {"mm":73,"landmark":"","obs":"S","peak":64,"ms":45,"drift":0,"dt":205,"timing_gate":"LOW_PWM","dt_expected":0,"dt_conserve_ratio":-1.00,"pwm":0,"v":15.27}
ngr/loco/9950011/alert {"level":"NO_QUORUM","reason":"STATUS","loco":"9950011","uptime_ms":155865,"nav":"NO_QUORUM","moving":0,"pwm":0,"est_mm_s":1463,"dir":"CCW","session_dir":"CCW","mdir":"FWD","rear":11,"front":68,"env":34740,"lc_mm":11,"last_confirmed_landmark":"","age_ms":51863,"since":109,"dead_reckoned_mm":73,"candidate_mm":70,"viable":[2,3,4],"lostm":97,"lost_ms":42001,"agree":13,"disagree":11,"losts":1,"auto":0}
ngr/loco/9950011/state/start_mm 73
ngr/loco/9950011/state/loopstat {"loop_max_gap_ms":33,"hall_task_max_gap_ms":2,"hall_task_age_ms":1,"baseline":1462,"raw":1462,"delta":0,"queue_drops":0,"floor_rejects":212,"queue_high_water":1,"mqtt_connect_ms":33,"mqtt_attempts":2,"pub_drops":61,"pub_queue_hw":1,"cmd_drops":0,"pub_per_s":4,"marker_pub_drops":0,"marker_pub_hw":1,"nav":"NO_QUORUM","mm":73,"miss_streak":3,"pwm":0,"lost_markers":97,"lost_ms":42614,"motor_dir":"FWD"}
ngr/loco/9950011/alert {"level":"NO_QUORUM","reason":"STATUS","loco":"9950011","uptime_ms":156865,"nav":"NO_QUORUM","moving":0,"pwm":0,"est_mm_s":1463,"dir":"CCW","session_dir":"CCW","mdir":"FWD","rear":11,"front":68,"env":34740,"lc_mm":11,"last_confirmed_landmark":"","age_ms":52863,"since":109,"dead_reckoned_mm":73,"candidate_mm":70,"viable":[2,3,4],"lostm":97,"lost_ms":43001,"agree":13,"disagree":11,"losts":1,"auto":0}
ngr/loco/9950011/mm/marker {"mm":72,"landmark":"Westpoint","obs":"S","peak":45,"ms":158,"drift":0,"dt":1226,"timing_gate":"LOW_PWM","dt_expected":0,"dt_conserve_ratio":-1.00,"pwm":0,"v":15.27}
ngr/loco/9950011/mm/marker {"mm":71,"landmark":"","obs":"S","peak":71,"ms":86,"drift":0,"dt":165,"timing_gate":"LOW_PWM","dt_expected":0,"dt_conserve_ratio":-1.00,"pwm":0,"v":15.27}
ngr/loco/9950011/state/start_mm 71
ngr/loco/9950011/state/loopstat {"loop_max_gap_ms":33,"hall_task_max_gap_ms":2,"hall_task_age_ms":1,"baseline":1461,"raw":1451,"delta":-10,"queue_drops":0,"floor_rejects":217,"queue_high_water":1,"mqtt_connect_ms":33,"mqtt_attempts":2,"pub_drops":61,"pub_queue_hw":1,"cmd_drops":0,"pub_per_s":4,"marker_pub_drops":0,"marker_pub_hw":1,"nav":"NO_QUORUM","mm":71,"miss_streak":3,"pwm":0,"lost_markers":99,"lost_ms":43614,"motor_dir":"FWD"}
ngr/loco/9950011/alert {"level":"NO_QUORUM","reason":"STATUS","loco":"9950011","uptime_ms":157865,"nav":"NO_QUORUM","moving":0,"pwm":0,"est_mm_s":1787,"dir":"CCW","session_dir":"CCW","mdir":"FWD","rear":11,"front":66,"env":35345,"lc_mm":11,"last_confirmed_landmark":"","age_ms":53863,"since":111,"dead_reckoned_mm":71,"candidate_mm":68,"viable":[2,3,4],"lostm":99,"lost_ms":44001,"agree":13,"disagree":11,"losts":1,"auto":0}
ngr/loco/9950011/state/loopstat {"loop_max_gap_ms":34,"hall_task_max_gap_ms":2,"hall_task_age_ms":1,"baseline":1461,"raw":1427,"delta":-34,"queue_drops":0,"floor_rejects":219,"queue_high_water":0,"mqtt_connect_ms":33,"mqtt_attempts":2,"pub_drops":61,"pub_queue_hw":1,"cmd_drops":0,"pub_per_s":1,"marker_pub_drops":0,"marker_pub_hw":0,"nav":"NO_QUORUM","mm":71,"miss_streak":3,"pwm":0,"lost_markers":99,"lost_ms":44614,"motor_dir":"FWD"}
ngr/loco/9950011/alert {"level":"NO_QUORUM","reason":"STATUS","loco":"9950011","uptime_ms":158865,"nav":"NO_QUORUM","moving":0,"pwm":0,"est_mm_s":1787,"dir":"CCW","session_dir":"CCW","mdir":"FWD","rear":11,"front":66,"env":35345,"lc_mm":11,"last_confirmed_landmark":"","age_ms":54863,"since":111,"dead_reckoned_mm":71,"candidate_mm":68,"viable":[2,3,4],"lostm":99,"lost_ms":45001,"agree":13,"disagree":11,"losts":1,"auto":0}
ngr/loco/9950011/state/loopstat {"loop_max_gap_ms":33,"hall_task_max_gap_ms":2,"hall_task_age_ms":1,"baseline":1461,"raw":1434,"delta":-27,"queue_drops":0,"floor_rejects":219,"queue_high_water":0,"mqtt_connect_ms":33,"mqtt_attempts":2,"pub_drops":61,"pub_queue_hw":1,"cmd_drops":0,"pub_per_s":1,"marker_pub_drops":0,"marker_pub_hw":0,"nav":"NO_QUORUM","mm":71,"miss_streak":3,"pwm":0,"lost_markers":99,"lost_ms":45614,"motor_dir":"FWD"}
ngr/loco/9950011/mm/marker {"mm":70,"landmark":"","obs":"S","peak":86,"ms":1714,"drift":0,"dt":1023,"timing_gate":"LOW_PWM","dt_expected":0,"dt_conserve_ratio":-1.00,"pwm":0,"v":15.27}
ngr/loco/9950011/alert {"level":"NO_QUORUM","reason":"STATUS","loco":"9950011","uptime_ms":159865,"nav":"NO_QUORUM","moving":0,"pwm":0,"est_mm_s":288,"dir":"CCW","session_dir":"CCW","mdir":"FWD","rear":11,"front":65,"env":35650,"lc_mm":11,"last_confirmed_landmark":"","age_ms":55863,"since":112,"dead_reckoned_mm":70,"candidate_mm":67,"viable":[2,3,4],"lostm":100,"lost_ms":46001,"agree":13,"disagree":11,"losts":1,"auto":0}
ngr/loco/9950011/telem/voltage 15.28
ngr/loco/9950011/telem/current 0.18
ngr/loco/9950011/telem/power 2.73
ngr/loco/9950011/mm/marker {"mm":69,"landmark":"","obs":"S","peak":75,"ms":275,"drift":0,"dt":1732,"timing_gate":"LOW_PWM","dt_expected":0,"dt_conserve_ratio":-1.00,"pwm":0,"v":15.28}
ngr/loco/9950011/state/start_mm 69
ngr/loco/9950011/state/loopstat {"loop_max_gap_ms":34,"hall_task_max_gap_ms":3,"hall_task_age_ms":1,"baseline":1460,"raw":1421,"delta":-39,"queue_drops":0,"floor_rejects":219,"queue_high_water":1,"mqtt_connect_ms":33,"mqtt_attempts":2,"pub_drops":61,"pub_queue_hw":3,"cmd_drops":0,"pub_per_s":7,"marker_pub_drops":0,"marker_pub_hw":1,"nav":"NO_QUORUM","mm":69,"miss_streak":3,"pwm":0,"lost_markers":101,"lost_ms":46614,"motor_dir":"FWD"}
ngr/loco/9950011/mm/marker {"mm":68,"landmark":"","obs":"S","peak":71,"ms":561,"drift":0,"dt":281,"timing_gate":"LOW_PWM","dt_expected":0,"dt_conserve_ratio":-1.00,"pwm":0,"v":15.28}
ngr/loco/9950011/mm/marker {"mm":67,"landmark":"","obs":"S","peak":58,"ms":115,"drift":0,"dt":569,"timing_gate":"LOW_PWM","dt_expected":0,"dt_conserve_ratio":-1.00,"pwm":0,"v":15.28}
ngr/loco/9950011/alert {"level":"NO_QUORUM","reason":"STATUS","loco":"9950011","uptime_ms":160865,"nav":"NO_QUORUM","moving":0,"pwm":0,"est_mm_s":536,"dir":"CCW","session_dir":"CCW","mdir":"FWD","rear":11,"front":62,"env":36605,"lc_mm":11,"last_confirmed_landmark":"","age_ms":56863,"since":115,"dead_reckoned_mm":67,"candidate_mm":64,"viable":[2,3,4],"lostm":103,"lost_ms":47001,"agree":13,"disagree":11,"losts":1,"auto":0}
ngr/loco/9950011/state/start_mm 67
ngr/loco/9950011/state/loopstat {"loop_max_gap_ms":34,"hall_task_max_gap_ms":2,"hall_task_age_ms":1,"baseline":1458,"raw":1422,"delta":-36,"queue_drops":0,"floor_rejects":219,"queue_high_water":1,"mqtt_connect_ms":33,"mqtt_attempts":2,"pub_drops":61,"pub_queue_hw":1,"cmd_drops":0,"pub_per_s":4,"marker_pub_drops":0,"marker_pub_hw":1,"nav":"NO_QUORUM","mm":67,"miss_streak":3,"pwm":0,"lost_markers":103,"lost_ms":47614,"motor_dir":"FWD"}
ngr/loco/9950011/mm/marker {"mm":66,"landmark":"","obs":"S","peak":103,"ms":867,"drift":-2,"dt":123,"timing_gate":"LOW_PWM","dt_expected":0,"dt_conserve_ratio":-1.00,"pwm":0,"v":15.28}
ngr/loco/9950011/mm/marker {"mm":65,"landmark":"","obs":"S","peak":50,"ms":40,"drift":0,"dt":871,"timing_gate":"LOW_PWM","dt_expected":0,"dt_conserve_ratio":-1.00,"pwm":0,"v":15.28}
ngr/loco/9950011/alert {"level":"NO_QUORUM","reason":"STATUS","loco":"9950011","uptime_ms":161865,"nav":"NO_QUORUM","moving":0,"pwm":0,"est_mm_s":350,"dir":"CCW","session_dir":"CCW","mdir":"FWD","rear":11,"front":60,"env":37240,"lc_mm":11,"last_confirmed_landmark":"","age_ms":57863,"since":117,"dead_reckoned_mm":65,"candidate_mm":62,"viable":[2,3,4],"lostm":105,"lost_ms":48001,"agree":13,"disagree":11,"losts":1,"auto":0}
ngr/loco/9950011/mm/marker {"mm":64,"landmark":"","obs":"S","peak":38,"ms":46,"drift":0,"dt":586,"timing_gate":"LOW_PWM","dt_expected":0,"dt_conserve_ratio":-1.00,"pwm":0,"v":15.28}
ngr/loco/9950011/state/start_mm 64
ngr/loco/9950011/state/loopstat {"loop_max_gap_ms":34,"hall_task_max_gap_ms":2,"hall_task_age_ms":1,"baseline":1458,"raw":1467,"delta":9,"queue_drops":0,"floor_rejects":223,"queue_high_water":1,"mqtt_connect_ms":33,"mqtt_attempts":2,"pub_drops":61,"pub_queue_hw":1,"cmd_drops":0,"pub_per_s":5,"marker_pub_drops":0,"marker_pub_hw":1,"nav":"NO_QUORUM","mm":64,"miss_streak":3,"pwm":0,"lost_markers":106,"lost_ms":48614,"motor_dir":"FWD"}
ngr/loco/9950011/alert {"level":"NO_QUORUM","reason":"STATUS","loco":"9950011","uptime_ms":162865,"nav":"NO_QUORUM","moving":0,"pwm":0,"est_mm_s":537,"dir":"CCW","session_dir":"CCW","mdir":"FWD","rear":11,"front":59,"env":37540,"lc_mm":11,"last_confirmed_landmark":"","age_ms":58863,"since":118,"dead_reckoned_mm":64,"candidate_mm":61,"viable":[2,3,4],"lostm":106,"lost_ms":49001,"agree":13,"disagree":11,"losts":1,"auto":0}
ngr/loco/9950011/mm/marker {"mm":63,"landmark":"Grillers","obs":"N","peak":41,"ms":44,"drift":0,"dt":790,"timing_gate":"LOW_PWM","dt_expected":0,"dt_conserve_ratio":-1.00,"pwm":0,"v":15.28}
ngr/loco/9950011/mm/marker {"mm":62,"landmark":"","obs":"N","peak":72,"ms":40,"drift":0,"dt":102,"timing_gate":"LOW_PWM","dt_expected":0,"dt_conserve_ratio":-1.00,"pwm":0,"v":15.28}
ngr/loco/9950011/state/start_mm 62
ngr/loco/9950011/state/loopstat {"loop_max_gap_ms":33,"hall_task_max_gap_ms":2,"hall_task_age_ms":1,"baseline":1460,"raw":1431,"delta":-29,"queue_drops":0,"floor_rejects":229,"queue_high_water":0,"mqtt_connect_ms":33,"mqtt_attempts":2,"pub_drops":61,"pub_queue_hw":1,"cmd_drops":0,"pub_per_s":4,"marker_pub_drops":0,"marker_pub_hw":1,"nav":"NO_QUORUM","mm":62,"miss_streak":3,"pwm":0,"lost_markers":108,"lost_ms":49614,"motor_dir":"FWD"}
ngr/loco/9950011/alert {"level":"NO_QUORUM","reason":"STATUS","loco":"9950011","uptime_ms":163865,"nav":"NO_QUORUM","moving":0,"pwm":0,"est_mm_s":3088,"dir":"CCW","session_dir":"CCW","mdir":"FWD","rear":11,"front":57,"env":38155,"lc_mm":11,"last_confirmed_landmark":"","age_ms":59863,"since":120,"dead_reckoned_mm":62,"candidate_mm":59,"viable":[2,3,4],"lostm":108,"lost_ms":50001,"agree":13,"disagree":11,"losts":1,"auto":0}
ngr/loco/9950011/state/loopstat {"loop_max_gap_ms":33,"hall_task_max_gap_ms":2,"hall_task_age_ms":1,"baseline":1460,"raw":1416,"delta":-44,"queue_drops":0,"floor_rejects":231,"queue_high_water":0,"mqtt_connect_ms":33,"mqtt_attempts":2,"pub_drops":61,"pub_queue_hw":1,"cmd_drops":0,"pub_per_s":1,"marker_pub_drops":0,"marker_pub_hw":0,"nav":"NO_QUORUM","mm":62,"miss_streak":3,"pwm":0,"lost_markers":108,"lost_ms":50614,"motor_dir":"FWD"}
ngr/loco/9950011/alert {"level":"NO_QUORUM","reason":"STATUS","loco":"9950011","uptime_ms":164865,"nav":"NO_QUORUM","moving":0,"pwm":0,"est_mm_s":3088,"dir":"CCW","session_dir":"CCW","mdir":"FWD","rear":11,"front":57,"env":38155,"lc_mm":11,"last_confirmed_landmark":"","age_ms":60863,"since":120,"dead_reckoned_mm":62,"candidate_mm":59,"viable":[2,3,4],"lostm":108,"lost_ms":51001,"agree":13,"disagree":11,"losts":1,"auto":0}
ngr/loco/9950011/telem/voltage 15.28
ngr/loco/9950011/telem/current 0.18
ngr/loco/9950011/telem/power 2.80
ngr/loco/9950011/mm/marker {"mm":61,"landmark":"","obs":"S","peak":85,"ms":1456,"drift":0,"dt":511,"timing_gate":"LOW_PWM","dt_expected":0,"dt_conserve_ratio":-1.00,"pwm":0,"v":15.28}
ngr/loco/9950011/mm/marker {"mm":60,"landmark":"","obs":"S","peak":43,"ms":83,"drift":0,"dt":1530,"timing_gate":"LOW_PWM","dt_expected":0,"dt_conserve_ratio":-1.00,"pwm":0,"v":15.28}
ngr/loco/9950011/mm/marker {"mm":59,"landmark":"","obs":"S","peak":66,"ms":74,"drift":-2,"dt":91,"timing_gate":"LOW_PWM","dt_expected":0,"dt_conserve_ratio":-1.00,"pwm":0,"v":15.28}
ngr/loco/9950011/state/start_mm 59
ngr/loco/9950011/state/loopstat {"loop_max_gap_ms":34,"hall_task_max_gap_ms":2,"hall_task_age_ms":1,"baseline":1458,"raw":1452,"delta":-6,"queue_drops":0,"floor_rejects":231,"queue_high_water":1,"mqtt_connect_ms":33,"mqtt_attempts":2,"pub_drops":61,"pub_queue_hw":3,"cmd_drops":0,"pub_per_s":8,"marker_pub_drops":0,"marker_pub_hw":1,"nav":"NO_QUORUM","mm":59,"miss_streak":3,"pwm":0,"lost_markers":111,"lost_ms":51614,"motor_dir":"FWD"}
ngr/loco/9950011/mm/marker {"mm":58,"landmark":"","obs":"S","peak":63,"ms":233,"drift":0,"dt":120,"timing_gate":"LOW_PWM","dt_expected":0,"dt_conserve_ratio":-1.00,"pwm":0,"v":15.28}
ngr/loco/9950011/alert {"level":"NO_QUORUM","reason":"STATUS","loco":"9950011","uptime_ms":165865,"nav":"NO_QUORUM","moving":0,"pwm":0,"est_mm_s":2666,"dir":"CCW","session_dir":"CCW","mdir":"FWD","rear":11,"front":53,"env":39355,"lc_mm":11,"last_confirmed_landmark":"","age_ms":61863,"since":124,"dead_reckoned_mm":58,"candidate_mm":55,"viable":[2,3,4],"lostm":112,"lost_ms":52001,"agree":13,"disagree":11,"losts":1,"auto":0}
ngr/loco/9950011/mm/marker {"mm":57,"landmark":"","obs":"S","peak":55,"ms":394,"drift":0,"dt":238,"timing_gate":"LOW_PWM","dt_expected":0,"dt_conserve_ratio":-1.00,"pwm":0,"v":15.28}
ngr/loco/9950011/state/start_mm 57
ngr/loco/9950011/state/loopstat {"loop_max_gap_ms":33,"hall_task_max_gap_ms":2,"hall_task_age_ms":1,"baseline":1458,"raw":1438,"delta":-20,"queue_drops":0,"floor_rejects":234,"queue_high_water":1,"mqtt_connect_ms":33,"mqtt_attempts":2,"pub_drops":61,"pub_queue_hw":1,"cmd_drops":0,"pub_per_s":4,"marker_pub_drops":0,"marker_pub_hw":1,"nav":"NO_QUORUM","mm":57,"miss_streak":3,"pwm":0,"lost_markers":113,"lost_ms":52614,"motor_dir":"FWD"}
ngr/loco/9950011/alert {"level":"NO_QUORUM","reason":"STATUS","loco":"9950011","uptime_ms":166865,"nav":"NO_QUORUM","moving":0,"pwm":0,"est_mm_s":1239,"dir":"CCW","session_dir":"CCW","mdir":"FWD","rear":11,"front":52,"env":39655,"lc_mm":11,"last_confirmed_landmark":"","age_ms":62863,"since":125,"dead_reckoned_mm":57,"candidate_mm":54,"viable":[2,3,4],"lostm":113,"lost_ms":53001,"agree":13,"disagree":11,"losts":1,"auto":0}
ngr/loco/9950011/mm/marker {"mm":56,"landmark":"","obs":"S","peak":77,"ms":589,"drift":0,"dt":1205,"timing_gate":"LOW_PWM","dt_expected":0,"dt_conserve_ratio":-1.00,"pwm":0,"v":15.28}
ngr/loco/9950011/state/start_mm 56
ngr/loco/9950011/state/loopstat {"loop_max_gap_ms":33,"hall_task_max_gap_ms":2,"hall_task_age_ms":1,"baseline":1457,"raw":1439,"delta":-18,"queue_drops":0,"floor_rejects":236,"queue_high_water":0,"mqtt_connect_ms":33,"mqtt_attempts":2,"pub_drops":61,"pub_queue_hw":1,"cmd_drops":0,"pub_per_s":3,"marker_pub_drops":0,"marker_pub_hw":1,"nav":"NO_QUORUM","mm":56,"miss_streak":3,"pwm":0,"lost_markers":114,"lost_ms":53614,"motor_dir":"FWD"}
ngr/loco/9950011/mm/marker {"mm":55,"landmark":"","obs":"S","peak":44,"ms":51,"drift":0,"dt":628,"timing_gate":"LOW_PWM","dt_expected":0,"dt_conserve_ratio":-1.00,"pwm":0,"v":15.28}
ngr/loco/9950011/alert {"level":"NO_QUORUM","reason":"STATUS","loco":"9950011","uptime_ms":167865,"nav":"NO_QUORUM","moving":0,"pwm":0,"est_mm_s":477,"dir":"CCW","session_dir":"CCW","mdir":"FWD","rear":11,"front":50,"env":40255,"lc_mm":11,"last_confirmed_landmark":"","age_ms":63863,"since":127,"dead_reckoned_mm":55,"candidate_mm":52,"viable":[2,3,4],"lostm":115,"lost_ms":54001,"agree":13,"disagree":11,"losts":1,"auto":0}
ngr/loco/9950011/mm/marker {"mm":54,"landmark":"","obs":"N","peak":42,"ms":443,"drift":0,"dt":61,"timing_gate":"LOW_PWM","dt_expected":0,"dt_conserve_ratio":-1.00,"pwm":0,"v":15.28}
ngr/loco/9950011/mm/marker {"mm":53,"landmark":"","obs":"S","peak":44,"ms":146,"drift":0,"dt":732,"timing_gate":"LOW_PWM","dt_expected":0,"dt_conserve_ratio":-1.00,"pwm":0,"v":15.28}
ngr/loco/9950011/state/start_mm 53
ngr/loco/9950011/state/loopstat {"loop_max_gap_ms":33,"hall_task_max_gap_ms":2,"hall_task_age_ms":1,"baseline":1457,"raw":1433,"delta":-24,"queue_drops":0,"floor_rejects":239,"queue_high_water":1,"mqtt_connect_ms":33,"mqtt_attempts":2,"pub_drops":61,"pub_queue_hw":1,"cmd_drops":0,"pub_per_s":5,"marker_pub_drops":0,"marker_pub_hw":1,"nav":"NO_QUORUM","mm":53,"miss_streak":3,"pwm":0,"lost_markers":117,"lost_ms":54614,"motor_dir":"FWD"}
ngr/loco/9950011/mm/marker {"mm":52,"landmark":"","obs":"S","peak":53,"ms":95,"drift":0,"dt":205,"timing_gate":"LOW_PWM","dt_expected":0,"dt_conserve_ratio":-1.00,"pwm":0,"v":15.28}
ngr/loco/9950011/mm/marker {"mm":51,"landmark":"","obs":"S","peak":52,"ms":193,"drift":0,"dt":107,"timing_gate":"LOW_PWM","dt_expected":0,"dt_conserve_ratio":-1.00,"pwm":0,"v":15.28}
ngr/loco/9950011/alert {"level":"NO_QUORUM","reason":"STATUS","loco":"9950011","uptime_ms":168865,"nav":"NO_QUORUM","moving":0,"pwm":0,"est_mm_s":2803,"dir":"CCW","session_dir":"CCW","mdir":"FWD","rear":11,"front":46,"env":41455,"lc_mm":11,"last_confirmed_landmark":"","age_ms":64863,"since":131,"dead_reckoned_mm":51,"candidate_mm":48,"viable":[2,3,4],"lostm":119,"lost_ms":55001,"agree":13,"disagree":11,"losts":1,"auto":0}
ngr/loco/9950011/mm/marker {"mm":50,"landmark":"","obs":"S","peak":52,"ms":358,"drift":0,"dt":198,"timing_gate":"LOW_PWM","dt_expected":0,"dt_conserve_ratio":-1.00,"pwm":0,"v":15.28}
ngr/loco/9950011/state/start_mm 50
ngr/loco/9950011/state/loopstat {"loop_max_gap_ms":34,"hall_task_max_gap_ms":2,"hall_task_age_ms":1,"baseline":1457,"raw":1430,"delta":-27,"queue_drops":0,"floor_rejects":240,"queue_high_water":1,"mqtt_connect_ms":33,"mqtt_attempts":2,"pub_drops":61,"pub_queue_hw":1,"cmd_drops":0,"pub_per_s":5,"marker_pub_drops":0,"marker_pub_hw":1,"nav":"NO_QUORUM","mm":50,"miss_streak":3,"pwm":0,"lost_markers":120,"lost_ms":55614,"motor_dir":"FWD"}
ngr/loco/9950011/mm/marker {"mm":49,"landmark":"","obs":"S","peak":51,"ms":142,"drift":0,"dt":671,"timing_gate":"LOW_PWM","dt_expected":0,"dt_conserve_ratio":-1.00,"pwm":0,"v":15.28}
ngr/loco/9950011/mm/marker {"mm":48,"landmark":"","obs":"S","peak":50,"ms":157,"drift":0,"dt":151,"timing_gate":"LOW_PWM","dt_expected":0,"dt_conserve_ratio":-1.00,"pwm":0,"v":15.28}
ngr/loco/9950011/alert {"level":"NO_QUORUM","reason":"STATUS","loco":"9950011","uptime_ms":169865,"nav":"NO_QUORUM","moving":0,"pwm":0,"est_mm_s":1986,"dir":"CCW","session_dir":"CCW","mdir":"FWD","rear":11,"front":43,"env":42355,"lc_mm":11,"last_confirmed_landmark":"","age_ms":65863,"since":134,"dead_reckoned_mm":48,"candidate_mm":45,"viable":[2,3,4],"lostm":122,"lost_ms":56001,"agree":13,"disagree":11,"losts":1,"auto":0}
ngr/loco/9950011/mm/marker {"mm":47,"landmark":"","obs":"S","peak":65,"ms":173,"drift":-2,"dt":171,"timing_gate":"LOW_PWM","dt_expected":0,"dt_conserve_ratio":-1.00,"pwm":0,"v":15.28}
ngr/loco/9950011/telem/voltage 15.29
ngr/loco/9950011/telem/current 0.18
ngr/loco/9950011/telem/power 2.76
ngr/loco/9950011/mm/marker {"mm":46,"landmark":"","obs":"S","peak":56,"ms":45,"drift":0,"dt":237,"timing_gate":"LOW_PWM","dt_expected":0,"dt_conserve_ratio":-1.00,"pwm":0,"v":15.29}
ngr/loco/9950011/mm/marker {"mm":45,"landmark":"","obs":"N","peak":46,"ms":127,"drift":0,"dt":49,"timing_gate":"LOW_PWM","dt_expected":0,"dt_conserve_ratio":-1.00,"pwm":0,"v":15.29}
ngr/loco/9950011/state/start_mm 45
ngr/loco/9950011/state/loopstat {"loop_max_gap_ms":34,"hall_task_max_gap_ms":2,"hall_task_age_ms":1,"baseline":1454,"raw":1425,"delta":-29,"queue_drops":0,"floor_rejects":241,"queue_high_water":1,"mqtt_connect_ms":33,"mqtt_attempts":2,"pub_drops":61,"pub_queue_hw":3,"cmd_drops":0,"pub_per_s":10,"marker_pub_drops":0,"marker_pub_hw":1,"nav":"NO_QUORUM","mm":45,"miss_streak":3,"pwm":0,"lost_markers":125,"lost_ms":56614,"motor_dir":"FWD"}
ngr/loco/9950011/mm/marker {"mm":44,"landmark":"","obs":"S","peak":64,"ms":464,"drift":-1,"dt":131,"timing_gate":"LOW_PWM","dt_expected":0,"dt_conserve_ratio":-1.00,"pwm":0,"v":15.29}
ngr/loco/9950011/alert {"level":"NO_QUORUM","reason":"STATUS","loco":"9950011","uptime_ms":170865,"nav":"NO_QUORUM","moving":0,"pwm":0,"est_mm_s":2290,"dir":"CCW","session_dir":"CCW","mdir":"FWD","rear":11,"front":39,"env":43555,"lc_mm":11,"last_confirmed_landmark":"","age_ms":66863,"since":138,"dead_reckoned_mm":44,"candidate_mm":41,"viable":[2,3,4],"lostm":126,"lost_ms":57001,"agree":13,"disagree":11,"losts":1,"auto":0}
ngr/loco/9950011/mm/marker {"mm":43,"landmark":"","obs":"S","peak":62,"ms":243,"drift":-1,"dt":472,"timing_gate":"LOW_PWM","dt_expected":0,"dt_conserve_ratio":-1.00,"pwm":0,"v":15.29}
ngr/loco/9950011/state/start_mm 43
ngr/loco/9950011/state/loopstat {"loop_max_gap_ms":34,"hall_task_max_gap_ms":2,"hall_task_age_ms":1,"baseline":1453,"raw":1381,"delta":-72,"queue_drops":0,"floor_rejects":241,"queue_high_water":0,"mqtt_connect_ms":33,"mqtt_attempts":2,"pub_drops":61,"pub_queue_hw":1,"cmd_drops":0,"pub_per_s":4,"marker_pub_drops":0,"marker_pub_hw":1,"nav":"NO_QUORUM","mm":43,"miss_streak":3,"pwm":0,"lost_markers":127,"lost_ms":57614,"motor_dir":"FWD"}
ngr/loco/9950011/alert {"level":"NO_QUORUM","reason":"STATUS","loco":"9950011","uptime_ms":171865,"nav":"NO_QUORUM","moving":0,"pwm":0,"est_mm_s":635,"dir":"CCW","session_dir":"CCW","mdir":"FWD","rear":11,"front":38,"env":43855,"lc_mm":11,"last_confirmed_landmark":"","age_ms":67863,"since":139,"dead_reckoned_mm":43,"candidate_mm":40,"viable":[2,3,4],"lostm":127,"lost_ms":58001,"agree":13,"disagree":11,"losts":1,"auto":0}
ngr/loco/9950011/mm/marker {"mm":42,"landmark":"","obs":"S","peak":109,"ms":1230,"drift":0,"dt":269,"timing_gate":"LOW_PWM","dt_expected":0,"dt_conserve_ratio":-1.00,"pwm":0,"v":15.29}
ngr/loco/9950011/mm/marker {"mm":41,"landmark":"","obs":"S","peak":56,"ms":108,"drift":0,"dt":1237,"timing_gate":"LOW_PWM","dt_expected":0,"dt_conserve_ratio":-1.00,"pwm":0,"v":15.29}
ngr/loco/9950011/mm/marker {"mm":40,"landmark":"","obs":"N","peak":75,"ms":49,"drift":0,"dt":139,"timing_gate":"LOW_PWM","dt_expected":0,"dt_conserve_ratio":-1.00,"pwm":0,"v":15.29}
ngr/loco/9950011/state/start_mm 40
ngr/loco/9950011/state/loopstat {"loop_max_gap_ms":34,"hall_task_max_gap_ms":2,"hall_task_age_ms":1,"baseline":1453,"raw":1458,"delta":5,"queue_drops":0,"floor_rejects":242,"queue_high_water":1,"mqtt_connect_ms":33,"mqtt_attempts":2,"pub_drops":61,"pub_queue_hw":1,"cmd_drops":0,"pub_per_s":5,"marker_pub_drops":0,"marker_pub_hw":1,"nav":"NO_QUORUM","mm":40,"miss_streak":3,"pwm":0,"lost_markers":130,"lost_ms":58614,"motor_dir":"FWD"}
ngr/loco/9950011/mm/marker {"mm":39,"landmark":"","obs":"N","peak":63,"ms":45,"drift":0,"dt":159,"timing_gate":"LOW_PWM","dt_expected":0,"dt_conserve_ratio":-1.00,"pwm":0,"v":15.29}
ngr/loco/9950011/alert {"level":"NO_QUORUM","reason":"STATUS","loco":"9950011","uptime_ms":172865,"nav":"NO_QUORUM","moving":0,"pwm":0,"est_mm_s":1886,"dir":"CCW","session_dir":"CCW","mdir":"FWD","rear":11,"front":34,"env":45055,"lc_mm":11,"last_confirmed_landmark":"","age_ms":68863,"since":143,"dead_reckoned_mm":39,"candidate_mm":36,"viable":[2,3,4],"lostm":131,"lost_ms":59001,"agree":13,"disagree":11,"losts":1,"auto":0}
ngr/loco/9950011/mm/marker {"mm":38,"landmark":"","obs":"S","peak":45,"ms":42,"drift":0,"dt":410,"timing_gate":"LOW_PWM","dt_expected":0,"dt_conserve_ratio":-1.00,"pwm":0,"v":15.29}
ngr/loco/9950011/mm/marker {"mm":37,"landmark":"","obs":"S","peak":40,"ms":68,"drift":0,"dt":57,"timing_gate":"LOW_PWM","dt_expected":0,"dt_conserve_ratio":-1.00,"pwm":0,"v":15.29}
ngr/loco/9950011/mm/marker {"mm":36,"landmark":"","obs":"S","peak":46,"ms":73,"drift":0,"dt":371,"timing_gate":"LOW_PWM","dt_expected":0,"dt_conserve_ratio":-1.00,"pwm":0,"v":15.29}
ngr/loco/9950011/mm/marker {"mm":35,"landmark":"","obs":"S","peak":66,"ms":74,"drift":0,"dt":91,"timing_gate":"LOW_PWM","dt_expected":0,"dt_conserve_ratio":-1.00,"pwm":0,"v":15.29}
ngr/loco/9950011/state/start_mm 35
ngr/loco/9950011/state/loopstat {"loop_max_gap_ms":33,"hall_task_max_gap_ms":2,"hall_task_age_ms":1,"baseline":1452,"raw":1447,"delta":-5,"queue_drops":0,"floor_rejects":246,"queue_high_water":1,"mqtt_connect_ms":33,"mqtt_attempts":2,"pub_drops":61,"pub_queue_hw":1,"cmd_drops":0,"pub_per_s":7,"marker_pub_drops":0,"marker_pub_hw":1,"nav":"NO_QUORUM","mm":35,"miss_streak":3,"pwm":0,"lost_markers":135,"lost_ms":59614,"motor_dir":"FWD"}
ngr/loco/9950011/alert {"level":"NO_QUORUM","reason":"STATUS","loco":"9950011","uptime_ms":173865,"nav":"NO_QUORUM","moving":0,"pwm":0,"est_mm_s":3296,"dir":"CCW","session_dir":"CCW","mdir":"FWD","rear":11,"front":30,"env":46330,"lc_mm":11,"last_confirmed_landmark":"","age_ms":69863,"since":147,"dead_reckoned_mm":35,"candidate_mm":32,"viable":[2,3,4],"lostm":135,"lost_ms":60001,"agree":13,"disagree":11,"losts":1,"auto":0}
ngr/loco/9950011/mm/marker {"mm":34,"landmark":"","obs":"S","peak":47,"ms":76,"drift":0,"dt":449,"timing_gate":"LOW_PWM","dt_expected":0,"dt_conserve_ratio":-1.00,"pwm":0,"v":15.29}
ngr/loco/9950011/mm/marker {"mm":33,"landmark":"","obs":"S","peak":69,"ms":136,"drift":-1,"dt":352,"timing_gate":"LOW_PWM","dt_expected":0,"dt_conserve_ratio":-1.00,"pwm":0,"v":15.29}
ngr/loco/9950011/state/start_mm 33
ngr/loco/9950011/state/loopstat {"loop_max_gap_ms":33,"hall_task_max_gap_ms":2,"hall_task_age_ms":1,"baseline":1451,"raw":1447,"delta":-4,"queue_drops":0,"floor_rejects":250,"queue_high_water":1,"mqtt_connect_ms":33,"mqtt_attempts":2,"pub_drops":61,"pub_queue_hw":1,"cmd_drops":0,"pub_per_s":4,"marker_pub_drops":0,"marker_pub_hw":1,"nav":"NO_QUORUM","mm":33,"miss_streak":3,"pwm":0,"lost_markers":137,"lost_ms":60614,"motor_dir":"FWD"}
ngr/loco/9950011/mm/marker {"mm":32,"landmark":"","obs":"S","peak":54,"ms":55,"drift":0,"dt":284,"timing_gate":"LOW_PWM","dt_expected":0,"dt_conserve_ratio":-1.00,"pwm":0,"v":15.29}
ngr/loco/9950011/mm/marker {"mm":31,"landmark":"","obs":"S","peak":64,"ms":92,"drift":0,"dt":59,"timing_gate":"LOW_PWM","dt_expected":0,"dt_conserve_ratio":-1.00,"pwm":0,"v":15.29}
ngr/loco/9950011/alert {"level":"NO_QUORUM","reason":"STATUS","loco":"9950011","uptime_ms":174865,"nav":"NO_QUORUM","moving":0,"pwm":0,"est_mm_s":5423,"dir":"CCW","session_dir":"CCW","mdir":"FWD","rear":11,"front":26,"env":47545,"lc_mm":11,"last_confirmed_landmark":"","age_ms":70863,"since":151,"dead_reckoned_mm":31,"candidate_mm":28,"viable":[2,3,4],"lostm":139,"lost_ms":61001,"agree":13,"disagree":11,"losts":1,"auto":0}
ngr/loco/9950011/telem/voltage 15.28
ngr/loco/9950011/telem/current 0.18
ngr/loco/9950011/telem/power 2.81
ngr/loco/9950011/mm/marker {"mm":30,"landmark":"","obs":"S","peak":81,"ms":43,"drift":0,"dt":486,"timing_gate":"LOW_PWM","dt_expected":0,"dt_conserve_ratio":-1.00,"pwm":0,"v":15.28}
ngr/loco/9950011/mm/marker {"mm":29,"landmark":"","obs":"S","peak":42,"ms":59,"drift":0,"dt":304,"timing_gate":"LOW_PWM","dt_expected":0,"dt_conserve_ratio":-1.00,"pwm":0,"v":15.28}
ngr/loco/9950011/state/loopstat {"loop_max_gap_ms":34,"hall_task_max_gap_ms":2,"hall_task_age_ms":1,"baseline":1450,"raw":1423,"delta":-27,"queue_drops":0,"floor_rejects":255,"queue_high_water":1,"mqtt_connect_ms":33,"mqtt_attempts":2,"pub_drops":61,"pub_queue_hw":3,"cmd_drops":0,"pub_per_s":8,"marker_pub_drops":0,"marker_pub_hw":1,"nav":"NO_QUORUM","mm":29,"miss_streak":3,"pwm":0,"lost_markers":141,"lost_ms":61614,"motor_dir":"FWD"}
ngr/loco/9950011/state/start_mm 29
ngr/loco/9950011/mm/marker {"mm":28,"landmark":"","obs":"S","peak":73,"ms":176,"drift":0,"dt":151,"timing_gate":"LOW_PWM","dt_expected":0,"dt_conserve_ratio":-1.00,"pwm":0,"v":15.28}
ngr/loco/9950011/mm/marker {"mm":27,"landmark":"","obs":"S","peak":75,"ms":122,"drift":0,"dt":181,"timing_gate":"LOW_PWM","dt_expected":0,"dt_conserve_ratio":-1.00,"pwm":0,"v":15.28}
ngr/loco/9950011/mm/marker {"mm":26,"landmark":"","obs":"S","peak":48,"ms":68,"drift":-1,"dt":128,"timing_gate":"LOW_PWM","dt_expected":0,"dt_conserve_ratio":-1.00,"pwm":0,"v":15.28}
ngr/loco/9950011/alert {"level":"NO_QUORUM","reason":"STATUS","loco":"9950011","uptime_ms":175865,"nav":"NO_QUORUM","moving":0,"pwm":0,"est_mm_s":2343,"dir":"CCW","session_dir":"CCW","mdir":"FWD","rear":11,"front":21,"env":49060,"lc_mm":11,"last_confirmed_landmark":"","age_ms":71863,"since":156,"dead_reckoned_mm":26,"candidate_mm":23,"viable":[2,3,4],"lostm":144,"lost_ms":62001,"agree":13,"disagree":11,"losts":1,"auto":0}
ngr/loco/9950011/mm/marker {"mm":25,"landmark":"","obs":"S","peak":48,"ms":69,"drift":0,"dt":74,"timing_gate":"LOW_PWM","dt_expected":0,"dt_conserve_ratio":-1.00,"pwm":0,"v":15.28}
ngr/loco/9950011/state/loopstat {"loop_max_gap_ms":33,"hall_task_max_gap_ms":2,"hall_task_age_ms":1,"baseline":1449,"raw":1402,"delta":-47,"queue_drops":0,"floor_rejects":255,"queue_high_water":1,"mqtt_connect_ms":33,"mqtt_attempts":2,"pub_drops":61,"pub_queue_hw":2,"cmd_drops":0,"pub_per_s":6,"marker_pub_drops":0,"marker_pub_hw":1,"nav":"NO_QUORUM","mm":25,"miss_streak":3,"pwm":0,"lost_markers":145,"lost_ms":62614,"motor_dir":"FWD"}
ngr/loco/9950011/state/start_mm 25
ngr/loco/9950011/mm/marker {"mm":24,"landmark":"","obs":"S","peak":93,"ms":645,"drift":0,"dt":89,"timing_gate":"LOW_PWM","dt_expected":0,"dt_conserve_ratio":-1.00,"pwm":0,"v":15.28}
ngr/loco/9950011/mm/marker {"mm":23,"landmark":"","obs":"S","peak":58,"ms":66,"drift":0,"dt":661,"timing_gate":"LOW_PWM","dt_expected":0,"dt_conserve_ratio":-1.00,"pwm":0,"v":15.28}
ngr/loco/9950011/alert {"level":"NO_QUORUM","reason":"STATUS","loco":"9950011","uptime_ms":176865,"nav":"NO_QUORUM","moving":0,"pwm":0,"est_mm_s":453,"dir":"CCW","session_dir":"CCW","mdir":"FWD","rear":11,"front":18,"env":49995,"lc_mm":11,"last_confirmed_landmark":"","age_ms":72863,"since":159,"dead_reckoned_mm":23,"candidate_mm":20,"viable":[2,3,4],"lostm":147,"lost_ms":63001,"agree":13,"disagree":11,"losts":1,"auto":0}
ngr/loco/9950011/mm/marker {"mm":22,"landmark":"","obs":"N","peak":41,"ms":41,"drift":0,"dt":577,"timing_gate":"LOW_PWM","dt_expected":0,"dt_conserve_ratio":-1.00,"pwm":0,"v":15.28}
ngr/loco/9950011/mm/marker {"mm":21,"landmark":"","obs":"N","peak":58,"ms":59,"drift":0,"dt":47,"timing_gate":"LOW_PWM","dt_expected":0,"dt_conserve_ratio":-1.00,"pwm":0,"v":15.28}
ngr/loco/9950011/state/start_mm 21
ngr/loco/9950011/state/loopstat {"loop_max_gap_ms":34,"hall_task_max_gap_ms":2,"hall_task_age_ms":1,"baseline":1449,"raw":1444,"delta":-5,"queue_drops":0,"floor_rejects":260,"queue_high_water":1,"mqtt_connect_ms":33,"mqtt_attempts":2,"pub_drops":61,"pub_queue_hw":2,"cmd_drops":0,"pub_per_s":7,"marker_pub_drops":0,"marker_pub_hw":1,"nav":"NO_QUORUM","mm":21,"miss_streak":3,"pwm":0,"lost_markers":149,"lost_ms":63614,"motor_dir":"FWD"}
ngr/loco/9950011/alert {"level":"NO_QUORUM","reason":"STATUS","loco":"9950011","uptime_ms":177865,"nav":"NO_QUORUM","moving":0,"pwm":0,"est_mm_s":6702,"dir":"CCW","session_dir":"CCW","mdir":"FWD","rear":11,"front":16,"env":50605,"lc_mm":11,"last_confirmed_landmark":"","age_ms":73863,"since":161,"dead_reckoned_mm":21,"candidate_mm":18,"viable":[2,3,4],"lostm":149,"lost_ms":64001,"agree":13,"disagree":11,"losts":1,"auto":0}
ngr/loco/9950011/state/loopstat {"loop_max_gap_ms":34,"hall_task_max_gap_ms":2,"hall_task_age_ms":1,"baseline":1449,"raw":1418,"delta":-31,"queue_drops":0,"floor_rejects":260,"queue_high_water":0,"mqtt_connect_ms":33,"mqtt_attempts":2,"pub_drops":61,"pub_queue_hw":1,"cmd_drops":0,"pub_per_s":1,"marker_pub_drops":0,"marker_pub_hw":0,"nav":"NO_QUORUM","mm":21,"miss_streak":3,"pwm":0,"lost_markers":149,"lost_ms":64614,"motor_dir":"FWD"}
ngr/loco/9950011/alert {"level":"NO_QUORUM","reason":"STATUS","loco":"9950011","uptime_ms":178865,"nav":"NO_QUORUM","moving":0,"pwm":0,"est_mm_s":6702,"dir":"CCW","session_dir":"CCW","mdir":"FWD","rear":11,"front":16,"env":50605,"lc_mm":11,"last_confirmed_landmark":"","age_ms":74863,"since":161,"dead_reckoned_mm":21,"candidate_mm":18,"viable":[2,3,4],"lostm":149,"lost_ms":65001,"agree":13,"disagree":11,"losts":1,"auto":0}
ngr/loco/9950011/mm/marker {"mm":20,"landmark":"","obs":"N","peak":92,"ms":1497,"drift":0,"dt":252,"timing_gate":"LOW_PWM","dt_expected":0,"dt_conserve_ratio":-1.00,"pwm":0,"v":15.28}
ngr/loco/9950011/state/start_mm 20
ngr/loco/9950011/state/loopstat {"loop_max_gap_ms":34,"hall_task_max_gap_ms":1,"hall_task_age_ms":1,"baseline":1447,"raw":1451,"delta":4,"queue_drops":0,"floor_rejects":263,"queue_high_water":1,"mqtt_connect_ms":33,"mqtt_attempts":2,"pub_drops":61,"pub_queue_hw":1,"cmd_drops":0,"pub_per_s":3,"marker_pub_drops":0,"marker_pub_hw":1,"nav":"NO_QUORUM","mm":20,"miss_streak":3,"pwm":0,"lost_markers":150,"lost_ms":65614,"motor_dir":"FWD"}
ngr/loco/9950011/alert {"level":"NO_QUORUM","reason":"STATUS","loco":"9950011","uptime_ms":179865,"nav":"NO_QUORUM","moving":0,"pwm":0,"est_mm_s":1250,"dir":"CCW","session_dir":"CCW","mdir":"FWD","rear":11,"front":15,"env":50930,"lc_mm":11,"last_confirmed_landmark":"","age_ms":75863,"since":162,"dead_reckoned_mm":20,"candidate_mm":17,"viable":[2,3,4],"lostm":150,"lost_ms":66001,"agree":13,"disagree":11,"losts":1,"auto":0}
ngr/loco/9950011/mm/marker {"mm":19,"landmark":"","obs":"S","peak":49,"ms":163,"drift":-1,"dt":2238,"timing_gate":"LOW_PWM","dt_expected":0,"dt_conserve_ratio":-1.00,"pwm":0,"v":15.28}
ngr/loco/9950011/telem/voltage 15.28
ngr/loco/9950011/telem/current 0.18
ngr/loco/9950011/telem/power 2.78
ngr/loco/9950011/mm/marker {"mm":18,"landmark":"","obs":"S","peak":54,"ms":237,"drift":0,"dt":201,"timing_gate":"LOW_PWM","dt_expected":0,"dt_conserve_ratio":-1.00,"pwm":0,"v":15.28}
ngr/loco/9950011/state/start_mm 18
ngr/loco/9950011/state/loopstat {"loop_max_gap_ms":34,"hall_task_max_gap_ms":2,"hall_task_age_ms":1,"baseline":1446,"raw":1383,"delta":-63,"queue_drops":0,"floor_rejects":263,"queue_high_water":1,"mqtt_connect_ms":33,"mqtt_attempts":2,"pub_drops":61,"pub_queue_hw":3,"cmd_drops":0,"pub_per_s":7,"marker_pub_drops":0,"marker_pub_hw":1,"nav":"NO_QUORUM","mm":18,"miss_streak":3,"pwm":0,"lost_markers":152,"lost_ms":66614,"motor_dir":"FWD"}
ngr/loco/9950011/alert {"level":"NO_QUORUM","reason":"STATUS","loco":"9950011","uptime_ms":180865,"nav":"NO_QUORUM","moving":0,"pwm":0,"est_mm_s":1492,"dir":"CCW","session_dir":"CCW","mdir":"FWD","rear":11,"front":13,"env":51560,"lc_mm":11,"last_confirmed_landmark":"","age_ms":76863,"since":164,"dead_reckoned_mm":18,"candidate_mm":15,"viable":[2,3,4],"lostm":152,"lost_ms":67001,"agree":13,"disagree":11,"losts":1,"auto":0}
ngr/loco/9950011/mm/marker {"mm":17,"landmark":"","obs":"S","peak":125,"ms":818,"drift":-1,"dt":420,"timing_gate":"LOW_PWM","dt_expected":0,"dt_conserve_ratio":-1.00,"pwm":0,"v":15.28}
ngr/loco/9950011/state/start_mm 17
ngr/loco/9950011/state/loopstat {"loop_max_gap_ms":34,"hall_task_max_gap_ms":2,"hall_task_age_ms":1,"baseline":1445,"raw":1368,"delta":-77,"queue_drops":0,"floor_rejects":264,"queue_high_water":0,"mqtt_connect_ms":33,"mqtt_attempts":2,"pub_drops":61,"pub_queue_hw":1,"cmd_drops":0,"pub_per_s":3,"marker_pub_drops":0,"marker_pub_hw":1,"nav":"NO_QUORUM","mm":17,"miss_streak":3,"pwm":0,"lost_markers":153,"lost_ms":67614,"motor_dir":"FWD"}
ngr/loco/9950011/mm/marker {"mm":16,"landmark":"","obs":"S","peak":96,"ms":419,"drift":0,"dt":875,"timing_gate":"LOW_PWM","dt_expected":0,"dt_conserve_ratio":-1.00,"pwm":0,"v":15.28}
ngr/loco/9950011/alert {"level":"NO_QUORUM","reason":"STATUS","loco":"9950011","uptime_ms":181865,"nav":"NO_QUORUM","moving":0,"pwm":0,"est_mm_s":354,"dir":"CCW","session_dir":"CCW","mdir":"FWD","rear":11,"front":11,"env":52150,"lc_mm":11,"last_confirmed_landmark":"","age_ms":77863,"since":166,"dead_reckoned_mm":16,"candidate_mm":13,"viable":[2,3,4],"lostm":154,"lost_ms":68001,"agree":13,"disagree":11,"losts":1,"auto":0}
ngr/loco/9950011/state/start_mm 16
ngr/loco/9950011/state/loopstat {"loop_max_gap_ms":34,"hall_task_max_gap_ms":2,"hall_task_age_ms":1,"baseline":1444,"raw":1376,"delta":-68,"queue_drops":0,"floor_rejects":264,"queue_high_water":1,"mqtt_connect_ms":33,"mqtt_attempts":2,"pub_drops":61,"pub_queue_hw":1,"cmd_drops":0,"pub_per_s":3,"marker_pub_drops":0,"marker_pub_hw":1,"nav":"NO_QUORUM","mm":16,"miss_streak":3,"pwm":0,"lost_markers":154,"lost_ms":68614,"motor_dir":"FWD"}
ngr/loco/9950011/mm/marker {"mm":15,"landmark":"Patio","obs":"S","peak":115,"ms":789,"drift":-1,"dt":521,"timing_gate":"LOW_PWM","dt_expected":0,"dt_conserve_ratio":-1.00,"pwm":0,"v":15.28}
ngr/loco/9950011/mm/marker {"mm":14,"landmark":"","obs":"S","peak":63,"ms":53,"drift":0,"dt":824,"timing_gate":"LOW_PWM","dt_expected":0,"dt_conserve_ratio":-1.00,"pwm":0,"v":15.28}
ngr/loco/9950011/alert {"level":"NO_QUORUM","reason":"STATUS","loco":"9950011","uptime_ms":182865,"nav":"NO_QUORUM","moving":0,"pwm":0,"est_mm_s":382,"dir":"CCW","session_dir":"CCW","mdir":"FWD","rear":11,"front":9,"env":52150,"lc_mm":11,"last_confirmed_landmark":"","age_ms":78863,"since":168,"dead_reckoned_mm":14,"candidate_mm":11,"viable":[2,3,4],"lostm":156,"lost_ms":69001,"agree":13,"disagree":11,"losts":1,"auto":0}
ngr/loco/9950011/mm/marker {"mm":13,"landmark":"","obs":"N","peak":44,"ms":126,"drift":0,"dt":304,"timing_gate":"LOW_PWM","dt_expected":0,"dt_conserve_ratio":-1.00,"pwm":0,"v":15.28}
ngr/loco/9950011/mm/marker {"mm":12,"landmark":"","obs":"S","peak":65,"ms":220,"drift":0,"dt":173,"timing_gate":"LOW_PWM","dt_expected":0,"dt_conserve_ratio":-1.00,"pwm":0,"v":15.28}
ngr/loco/9950011/state/loopstat {"loop_max_gap_ms":34,"hall_task_max_gap_ms":2,"hall_task_age_ms":1,"baseline":1442,"raw":1396,"delta":-46,"queue_drops":0,"floor_rejects":267,"queue_high_water":1,"mqtt_connect_ms":33,"mqtt_attempts":2,"pub_drops":61,"pub_queue_hw":1,"cmd_drops":0,"pub_per_s":5,"marker_pub_drops":0,"marker_pub_hw":1,"nav":"NO_QUORUM","mm":12,"miss_streak":3,"pwm":0,"lost_markers":158,"lost_ms":69614,"motor_dir":"FWD"}
ngr/loco/9950011/state/start_mm 12
ngr/loco/9950011/alert {"level":"NO_QUORUM","reason":"STATUS","loco":"9950011","uptime_ms":183865,"nav":"NO_QUORUM","moving":0,"pwm":0,"est_mm_s":1734,"dir":"CCW","session_dir":"CCW","mdir":"FWD","rear":11,"front":7,"env":52150,"lc_mm":11,"last_confirmed_landmark":"","age_ms":79863,"since":170,"dead_reckoned_mm":12,"candidate_mm":9,"viable":[2,3,4],"lostm":158,"lost_ms":70001,"agree":13,"disagree":11,"losts":1,"auto":0}
ngr/loco/9950011/state/loopstat {"loop_max_gap_ms":33,"hall_task_max_gap_ms":2,"hall_task_age_ms":1,"baseline":1442,"raw":1420,"delta":-22,"queue_drops":0,"floor_rejects":267,"queue_high_water":0,"mqtt_connect_ms":33,"mqtt_attempts":2,"pub_drops":61,"pub_queue_hw":2,"cmd_drops":0,"pub_per_s":2,"marker_pub_drops":0,"marker_pub_hw":0,"nav":"NO_QUORUM","mm":12,"miss_streak":3,"pwm":0,"lost_markers":158,"lost_ms":70614,"motor_dir":"FWD"}
ngr/loco/9950011/alert {"level":"NO_QUORUM","reason":"STATUS","loco":"9950011","uptime_ms":184865,"nav":"NO_QUORUM","moving":0,"pwm":0,"est_mm_s":1734,"dir":"CCW","session_dir":"CCW","mdir":"FWD","rear":11,"front":7,"env":52150,"lc_mm":11,"last_confirmed_landmark":"","age_ms":80863,"since":170,"dead_reckoned_mm":12,"candidate_mm":9,"viable":[2,3,4],"lostm":158,"lost_ms":71001,"agree":13,"disagree":11,"losts":1,"auto":0}
ngr/loco/9950011/telem/voltage 15.30
ngr/loco/9950011/telem/current 0.18
ngr/loco/9950011/telem/power 2.80
ngr/loco/9950011/state/loopstat {"loop_max_gap_ms":33,"hall_task_max_gap_ms":2,"hall_task_age_ms":1,"baseline":1441,"raw":1416,"delta":-25,"queue_drops":0,"floor_rejects":267,"queue_high_water":0,"mqtt_connect_ms":33,"mqtt_attempts":2,"pub_drops":61,"pub_queue_hw":3,"cmd_drops":0,"pub_per_s":4,"marker_pub_drops":0,"marker_pub_hw":0,"nav":"NO_QUORUM","mm":12,"miss_streak":3,"pwm":0,"lost_markers":158,"lost_ms":71614,"motor_dir":"FWD"}
ngr/loco/9950011/alert {"level":"NO_QUORUM","reason":"STATUS","loco":"9950011","uptime_ms":185865,"nav":"NO_QUORUM","moving":0,"pwm":0,"est_mm_s":1734,"dir":"CCW","session_dir":"CCW","mdir":"FWD","rear":11,"front":7,"env":52150,"lc_mm":11,"last_confirmed_landmark":"","age_ms":81863,"since":170,"dead_reckoned_mm":12,"candidate_mm":9,"viable":[2,3,4],"lostm":158,"lost_ms":72001,"agree":13,"disagree":11,"losts":1,"auto":0}
ngr/loco/9950011/state/loopstat {"loop_max_gap_ms":34,"hall_task_max_gap_ms":2,"hall_task_age_ms":1,"baseline":1440,"raw":1385,"delta":-55,"queue_drops":0,"floor_rejects":267,"queue_high_water":0,"mqtt_connect_ms":33,"mqtt_attempts":2,"pub_drops":61,"pub_queue_hw":1,"cmd_drops":0,"pub_per_s":1,"marker_pub_drops":0,"marker_pub_hw":0,"nav":"NO_QUORUM","mm":12,"miss_streak":3,"pwm":0,"lost_markers":158,"lost_ms":72614,"motor_dir":"FWD"}
ngr/loco/9950011/mm/marker {"mm":11,"landmark":"","obs":"S","peak":102,"ms":3408,"drift":-4,"dt":248,"timing_gate":"LOW_PWM","dt_expected":0,"dt_conserve_ratio":-1.00,"pwm":0,"v":15.30}
ngr/loco/9950011/alert {"level":"NO_QUORUM","reason":"STATUS","loco":"9950011","uptime_ms":186865,"nav":"NO_QUORUM","moving":0,"pwm":0,"est_mm_s":1169,"dir":"CCW","session_dir":"CCW","mdir":"FWD","rear":11,"front":6,"env":52150,"lc_mm":11,"last_confirmed_landmark":"","age_ms":82863,"since":171,"dead_reckoned_mm":11,"candidate_mm":8,"viable":[2,3,4],"lostm":159,"lost_ms":73001,"agree":13,"disagree":11,"losts":1,"auto":0}
ngr/loco/9950011/mm/marker {"mm":10,"landmark":"","obs":"S","peak":92,"ms":519,"drift":0,"dt":3455,"timing_gate":"LOW_PWM","dt_expected":0,"dt_conserve_ratio":-1.00,"pwm":0,"v":15.30}
ngr/loco/9950011/state/start_mm 10
ngr/loco/9950011/state/loopstat {"loop_max_gap_ms":33,"hall_task_max_gap_ms":2,"hall_task_age_ms":1,"baseline":1439,"raw":1365,"delta":-74,"queue_drops":0,"floor_rejects":268,"queue_high_water":0,"mqtt_connect_ms":33,"mqtt_attempts":2,"pub_drops":61,"pub_queue_hw":1,"cmd_drops":0,"pub_per_s":4,"marker_pub_drops":0,"marker_pub_hw":1,"nav":"NO_QUORUM","mm":10,"miss_streak":3,"pwm":0,"lost_markers":160,"lost_ms":73614,"motor_dir":"FWD"}
ngr/loco/9950011/alert {"level":"NO_QUORUM","reason":"STATUS","loco":"9950011","uptime_ms":187865,"nav":"NO_QUORUM","moving":0,"pwm":0,"est_mm_s":86,"dir":"CCW","session_dir":"CCW","mdir":"FWD","rear":11,"front":5,"env":52150,"lc_mm":11,"last_confirmed_landmark":"","age_ms":83863,"since":172,"dead_reckoned_mm":10,"candidate_mm":7,"viable":[2,3,4],"lostm":160,"lost_ms":74001,"agree":13,"disagree":11,"losts":1,"auto":0}
ngr/loco/9950011/state/loopstat {"loop_max_gap_ms":33,"hall_task_max_gap_ms":2,"hall_task_age_ms":1,"baseline":1438,"raw":1412,"delta":-26,"queue_drops":0,"floor_rejects":268,"queue_high_water":0,"mqtt_connect_ms":33,"mqtt_attempts":2,"pub_drops":61,"pub_queue_hw":1,"cmd_drops":0,"pub_per_s":1,"marker_pub_drops":0,"marker_pub_hw":0,"nav":"NO_QUORUM","mm":10,"miss_streak":3,"pwm":0,"lost_markers":160,"lost_ms":74614,"motor_dir":"FWD"}
ngr/loco/9950011/mm/marker {"mm":9,"landmark":"","obs":"N","peak":59,"ms":1279,"drift":-2,"dt":527,"timing_gate":"LOW_PWM","dt_expected":0,"dt_conserve_ratio":-1.00,"pwm":0,"v":15.30}
ngr/loco/9950011/alert {"level":"NO_QUORUM","reason":"STATUS","loco":"9950011","uptime_ms":188865,"nav":"NO_QUORUM","moving":0,"pwm":0,"est_mm_s":559,"dir":"CCW","session_dir":"CCW","mdir":"FWD","rear":11,"front":4,"env":52150,"lc_mm":11,"last_confirmed_landmark":"","age_ms":84863,"since":173,"dead_reckoned_mm":9,"candidate_mm":6,"viable":[2,3,4],"lostm":161,"lost_ms":75001,"agree":13,"disagree":11,"losts":1,"auto":0}
ngr/loco/9950011/mm/marker {"mm":8,"landmark":"","obs":"S","peak":64,"ms":396,"drift":0,"dt":1475,"timing_gate":"LOW_PWM","dt_expected":0,"dt_conserve_ratio":-1.00,"pwm":0,"v":15.30}
ngr/loco/9950011/state/start_mm 8
ngr/loco/9950011/state/loopstat {"loop_max_gap_ms":34,"hall_task_max_gap_ms":2,"hall_task_age_ms":1,"baseline":1437,"raw":1391,"delta":-46,"queue_drops":0,"floor_rejects":270,"queue_high_water":1,"mqtt_connect_ms":33,"mqtt_attempts":2,"pub_drops":61,"pub_queue_hw":1,"cmd_drops":0,"pub_per_s":4,"marker_pub_drops":0,"marker_pub_hw":1,"nav":"NO_QUORUM","mm":8,"miss_streak":3,"pwm":0,"lost_markers":162,"lost_ms":75614,"motor_dir":"FWD"}
ngr/loco/9950011/mm/marker {"mm":7,"landmark":"","obs":"S","peak":85,"ms":496,"drift":-1,"dt":494,"timing_gate":"LOW_PWM","dt_expected":0,"dt_conserve_ratio":-1.00,"pwm":0,"v":15.30}
ngr/loco/9950011/alert {"level":"NO_QUORUM","reason":"STATUS","loco":"9950011","uptime_ms":189865,"nav":"NO_QUORUM","moving":0,"pwm":0,"est_mm_s":607,"dir":"CCW","session_dir":"CCW","mdir":"FWD","rear":11,"front":2,"env":52150,"lc_mm":11,"last_confirmed_landmark":"","age_ms":85863,"since":175,"dead_reckoned_mm":7,"candidate_mm":4,"viable":[2,3,4],"lostm":163,"lost_ms":76001,"agree":13,"disagree":11,"losts":1,"auto":0}
ngr/loco/9950011/telem/voltage 15.28
ngr/loco/9950011/telem/current 0.18
ngr/loco/9950011/telem/power 2.82
ngr/loco/9950011/mm/marker {"mm":6,"landmark":"","obs":"S","peak":89,"ms":387,"drift":0,"dt":501,"timing_gate":"LOW_PWM","dt_expected":0,"dt_conserve_ratio":-1.00,"pwm":0,"v":15.28}
ngr/loco/9950011/state/start_mm 6
ngr/loco/9950011/state/loopstat {"loop_max_gap_ms":34,"hall_task_max_gap_ms":2,"hall_task_age_ms":1,"baseline":1435,"raw":1399,"delta":-36,"queue_drops":0,"floor_rejects":270,"queue_high_water":1,"mqtt_connect_ms":33,"mqtt_attempts":2,"pub_drops":61,"pub_queue_hw":3,"cmd_drops":0,"pub_per_s":7,"marker_pub_drops":0,"marker_pub_hw":1,"nav":"NO_QUORUM","mm":6,"miss_streak":3,"pwm":0,"lost_markers":164,"lost_ms":76614,"motor_dir":"FWD"}
ngr/loco/9950011/mm/marker {"mm":5,"landmark":"","obs":"S","peak":78,"ms":492,"drift":-2,"dt":393,"timing_gate":"LOW_PWM","dt_expected":0,"dt_conserve_ratio":-1.00,"pwm":0,"v":15.28}
ngr/loco/9950011/alert {"level":"NO_QUORUM","reason":"STATUS","loco":"9950011","uptime_ms":190865,"nav":"NO_QUORUM","moving":0,"pwm":0,"est_mm_s":839,"dir":"CCW","session_dir":"CCW","mdir":"FWD","rear":11,"front":0,"env":52150,"lc_mm":11,"last_confirmed_landmark":"","age_ms":86863,"since":177,"dead_reckoned_mm":5,"candidate_mm":2,"viable":[2,3,4],"lostm":165,"lost_ms":77001,"agree":13,"disagree":11,"losts":1,"auto":0}
ngr/loco/9950011/mm/marker {"mm":4,"landmark":"","obs":"S","peak":61,"ms":69,"drift":0,"dt":704,"timing_gate":"LOW_PWM","dt_expected":0,"dt_conserve_ratio":-1.00,"pwm":0,"v":15.28}
ngr/loco/9950011/mm/marker {"mm":3,"landmark":"","obs":"N","peak":48,"ms":70,"drift":0,"dt":77,"timing_gate":"LOW_PWM","dt_expected":0,"dt_conserve_ratio":-1.00,"pwm":0,"v":15.28}
ngr/loco/9950011/mm/marker {"mm":2,"landmark":"","obs":"S","peak":38,"ms":66,"drift":0,"dt":81,"timing_gate":"LOW_PWM","dt_expected":0,"dt_conserve_ratio":-1.00,"pwm":0,"v":15.28}
ngr/loco/9950011/mm/marker {"mm":1,"landmark":"","obs":"S","peak":52,"ms":139,"drift":0,"dt":73,"timing_gate":"LOW_PWM","dt_expected":0,"dt_conserve_ratio":-1.00,"pwm":0,"v":15.28}
ngr/loco/9950011/mm/marker {"mm":0,"landmark":"Southpoint","obs":"S","peak":43,"ms":75,"drift":0,"dt":190,"timing_gate":"LOW_PWM","dt_expected":0,"dt_conserve_ratio":-1.00,"pwm":0,"v":15.28}
ngr/loco/9950011/mm/marker {"mm":170,"landmark":"","obs":"S","peak":50,"ms":51,"drift":0,"dt":81,"timing_gate":"LOW_PWM","dt_expected":0,"dt_conserve_ratio":-1.00,"pwm":0,"v":15.28}
ngr/loco/9950011/state/loopstat {"loop_max_gap_ms":34,"hall_task_max_gap_ms":2,"hall_task_age_ms":1,"baseline":1435,"raw":1435,"delta":0,"queue_drops":0,"floor_rejects":271,"queue_high_water":1,"mqtt_connect_ms":33,"mqtt_attempts":2,"pub_drops":61,"pub_queue_hw":1,"cmd_drops":0,"pub_per_s":8,"marker_pub_drops":0,"marker_pub_hw":1,"nav":"NO_QUORUM","mm":170,"miss_streak":3,"pwm":0,"lost_markers":171,"lost_ms":77614,"motor_dir":"FWD"}
ngr/loco/9950011/state/start_mm 170
ngr/loco/9950011/mm/marker {"mm":169,"landmark":"","obs":"S","peak":44,"ms":81,"drift":0,"dt":63,"timing_gate":"LOW_PWM","dt_expected":0,"dt_conserve_ratio":-1.00,"pwm":0,"v":15.28}
ngr/loco/9950011/mm/marker {"mm":168,"landmark":"","obs":"N","peak":49,"ms":61,"drift":0,"dt":91,"timing_gate":"LOW_PWM","dt_expected":0,"dt_conserve_ratio":-1.00,"pwm":0,"v":15.28}
ngr/loco/9950011/mm/marker {"mm":167,"landmark":"","obs":"N","peak":43,"ms":50,"drift":0,"dt":77,"timing_gate":"LOW_PWM","dt_expected":0,"dt_conserve_ratio":-1.00,"pwm":0,"v":15.28}
ngr/loco/9950011/mm/marker {"mm":166,"landmark":"","obs":"S","peak":72,"ms":84,"drift":0,"dt":118,"timing_gate":"LOW_PWM","dt_expected":0,"dt_conserve_ratio":-1.00,"pwm":0,"v":15.28}
ngr/loco/9950011/mm/marker {"mm":165,"landmark":"","obs":"N","peak":39,"ms":44,"drift":0,"dt":92,"timing_gate":"LOW_PWM","dt_expected":0,"dt_conserve_ratio":-1.00,"pwm":0,"v":15.28}
ngr/loco/9950011/alert {"level":"NO_QUORUM","reason":"STATUS","loco":"9950011","uptime_ms":191865,"nav":"NO_QUORUM","moving":0,"pwm":0,"est_mm_s":3532,"dir":"CCW","session_dir":"CCW","mdir":"FWD","rear":11,"front":160,"env":52150,"lc_mm":11,"last_confirmed_landmark":"","age_ms":87863,"since":188,"dead_reckoned_mm":165,"candidate_mm":162,"viable":[2,3,4],"lostm":176,"lost_ms":78001,"agree":13,"disagree":11,"losts":1,"auto":0}
ngr/loco/9950011/state/start_mm 165
ngr/loco/9950011/state/loopstat {"loop_max_gap_ms":34,"hall_task_max_gap_ms":2,"hall_task_age_ms":1,"baseline":1434,"raw":1419,"delta":-15,"queue_drops":0,"floor_rejects":276,"queue_high_water":1,"mqtt_connect_ms":33,"mqtt_attempts":2,"pub_drops":61,"pub_queue_hw":2,"cmd_drops":0,"pub_per_s":8,"marker_pub_drops":0,"marker_pub_hw":1,"nav":"NO_QUORUM","mm":165,"miss_streak":3,"pwm":0,"lost_markers":176,"lost_ms":78614,"motor_dir":"FWD"}
ngr/loco/9950011/mm/marker {"mm":164,"landmark":"","obs":"N","peak":59,"ms":46,"drift":0,"dt":713,"timing_gate":"LOW_PWM","dt_expected":0,"dt_conserve_ratio":-1.00,"pwm":0,"v":15.28}
ngr/loco/9950011/alert {"level":"NO_QUORUM","reason":"STATUS","loco":"9950011","uptime_ms":192865,"nav":"NO_QUORUM","moving":0,"pwm":0,"est_mm_s":448,"dir":"CCW","session_dir":"CCW","mdir":"FWD","rear":11,"front":159,"env":52150,"lc_mm":11,"last_confirmed_landmark":"","age_ms":88863,"since":189,"dead_reckoned_mm":164,"candidate_mm":161,"viable":[2,3,4],"lostm":177,"lost_ms":79001,"agree":13,"disagree":11,"losts":1,"auto":0}
ngr/loco/9950011/mm/marker {"mm":163,"landmark":"","obs":"N","peak":56,"ms":102,"drift":0,"dt":478,"timing_gate":"LOW_PWM","dt_expected":0,"dt_conserve_ratio":-1.00,"pwm":0,"v":15.28}
ngr/loco/9950011/mm/marker {"mm":162,"landmark":"","obs":"N","peak":40,"ms":95,"drift":0,"dt":340,"timing_gate":"LOW_PWM","dt_expected":0,"dt_conserve_ratio":-1.00,"pwm":0,"v":15.28}
ngr/loco/9950011/state/loopstat {"loop_max_gap_ms":34,"hall_task_max_gap_ms":2,"hall_task_age_ms":1,"baseline":1434,"raw":1462,"delta":28,"queue_drops":0,"floor_rejects":285,"queue_high_water":1,"mqtt_connect_ms":33,"mqtt_attempts":2,"pub_drops":61,"pub_queue_hw":1,"cmd_drops":0,"pub_per_s":4,"marker_pub_drops":0,"marker_pub_hw":1,"nav":"NO_QUORUM","mm":162,"miss_streak":3,"pwm":0,"lost_markers":179,"lost_ms":79614,"motor_dir":"FWD"}
ngr/loco/9950011/state/start_mm 162
ngr/loco/9950011/alert {"level":"NO_QUORUM","reason":"STATUS","loco":"9950011","uptime_ms":193865,"nav":"NO_QUORUM","moving":0,"pwm":0,"est_mm_s":970,"dir":"CCW","session_dir":"CCW","mdir":"FWD","rear":11,"front":157,"env":52150,"lc_mm":11,"last_confirmed_landmark":"","age_ms":89863,"since":191,"dead_reckoned_mm":162,"candidate_mm":159,"viable":[2,3,4],"lostm":179,"lost_ms":80001,"agree":13,"disagree":11,"losts":1,"auto":0}
ngr/loco/9950011/state/loopstat {"loop_max_gap_ms":34,"hall_task_max_gap_ms":2,"hall_task_age_ms":1,"baseline":1434,"raw":1461,"delta":27,"queue_drops":0,"floor_rejects":285,"queue_high_water":0,"mqtt_connect_ms":33,"mqtt_attempts":2,"pub_drops":61,"pub_queue_hw":2,"cmd_drops":0,"pub_per_s":2,"marker_pub_drops":0,"marker_pub_hw":0,"nav":"NO_QUORUM","mm":162,"miss_streak":3,"pwm":0,"lost_markers":179,"lost_ms":80614,"motor_dir":"FWD"}
ngr/loco/9950011/mm/marker {"mm":161,"landmark":"","obs":"N","peak":92,"ms":1419,"drift":0,"dt":102,"timing_gate":"LOW_PWM","dt_expected":0,"dt_conserve_ratio":-1.00,"pwm":0,"v":15.28}
ngr/loco/9950011/alert {"level":"NO_QUORUM","reason":"STATUS","loco":"9950011","uptime_ms":194865,"nav":"NO_QUORUM","moving":0,"pwm":0,"est_mm_s":2990,"dir":"CCW","session_dir":"CCW","mdir":"FWD","rear":11,"front":156,"env":52150,"lc_mm":11,"last_confirmed_landmark":"","age_ms":90863,"since":192,"dead_reckoned_mm":161,"candidate_mm":158,"viable":[2,3,4],"lostm":180,"lost_ms":81001,"agree":13,"disagree":11,"losts":1,"auto":0}
ngr/loco/9950011/telem/voltage 15.28
ngr/loco/9950011/telem/current 0.18
ngr/loco/9950011/telem/power 2.74
ngr/loco/9950011/state/loopstat {"loop_max_gap_ms":34,"hall_task_max_gap_ms":2,"hall_task_age_ms":1,"baseline":1434,"raw":1376,"delta":-58,"queue_drops":0,"floor_rejects":285,"queue_high_water":0,"mqtt_connect_ms":33,"mqtt_attempts":2,"pub_drops":61,"pub_queue_hw":3,"cmd_drops":0,"pub_per_s":5,"marker_pub_drops":0,"marker_pub_hw":1,"nav":"NO_QUORUM","mm":161,"miss_streak":3,"pwm":0,"lost_markers":180,"lost_ms":81614,"motor_dir":"FWD"}
ngr/loco/9950011/state/start_mm 161
ngr/loco/9950011/mm/marker {"mm":160,"landmark":"","obs":"S","peak":76,"ms":921,"drift":0,"dt":1424,"timing_gate":"LOW_PWM","dt_expected":0,"dt_conserve_ratio":-1.00,"pwm":0,"v":15.28}
ngr/loco/9950011/alert {"level":"NO_QUORUM","reason":"STATUS","loco":"9950011","uptime_ms":195865,"nav":"NO_QUORUM","moving":0,"pwm":0,"est_mm_s":210,"dir":"CCW","session_dir":"CCW","mdir":"FWD","rear":11,"front":155,"env":52150,"lc_mm":11,"last_confirmed_landmark":"","age_ms":91863,"since":193,"dead_reckoned_mm":160,"candidate_mm":157,"viable":[2,3,4],"lostm":181,"lost_ms":82001,"agree":13,"disagree":11,"losts":1,"auto":0}
ngr/loco/9950011/state/start_mm 160
ngr/loco/9950011/state/loopstat {"loop_max_gap_ms":34,"hall_task_max_gap_ms":2,"hall_task_age_ms":1,"baseline":1434,"raw":1408,"delta":-26,"queue_drops":0,"floor_rejects":289,"queue_high_water":0,"mqtt_connect_ms":33,"mqtt_attempts":2,"pub_drops":61,"pub_queue_hw":2,"cmd_drops":0,"pub_per_s":4,"marker_pub_drops":0,"marker_pub_hw":1,"nav":"NO_QUORUM","mm":160,"miss_streak":3,"pwm":0,"lost_markers":181,"lost_ms":82614,"motor_dir":"FWD"}
ngr/loco/9950011/alert {"level":"NO_QUORUM","reason":"STATUS","loco":"9950011","uptime_ms":196865,"nav":"NO_QUORUM","moving":0,"pwm":0,"est_mm_s":210,"dir":"CCW","session_dir":"CCW","mdir":"FWD","rear":11,"front":155,"env":52150,"lc_mm":11,"last_confirmed_landmark":"","age_ms":92863,"since":193,"dead_reckoned_mm":160,"candidate_mm":157,"viable":[2,3,4],"lostm":181,"lost_ms":83001,"agree":13,"disagree":11,"losts":1,"auto":0}
ngr/loco/9950011/state/loopstat {"loop_max_gap_ms":33,"hall_task_max_gap_ms":2,"hall_task_age_ms":1,"baseline":1433,"raw":1405,"delta":-28,"queue_drops":0,"floor_rejects":291,"queue_high_water":0,"mqtt_connect_ms":33,"mqtt_attempts":2,"pub_drops":61,"pub_queue_hw":1,"cmd_drops":0,"pub_per_s":1,"marker_pub_drops":0,"marker_pub_hw":0,"nav":"NO_QUORUM","mm":160,"miss_streak":3,"pwm":0,"lost_markers":181,"lost_ms":83614,"motor_dir":"FWD"}
ngr/loco/9950011/mm/marker {"mm":159,"landmark":"","obs":"S","peak":73,"ms":914,"drift":0,"dt":2021,"timing_gate":"LOW_PWM","dt_expected":0,"dt_conserve_ratio":-1.00,"pwm":0,"v":15.28}
ngr/loco/9950011/alert {"level":"NO_QUORUM","reason":"STATUS","loco":"9950011","uptime_ms":197865,"nav":"NO_QUORUM","moving":0,"pwm":0,"est_mm_s":148,"dir":"CCW","session_dir":"CCW","mdir":"FWD","rear":11,"front":154,"env":52150,"lc_mm":11,"last_confirmed_landmark":"","age_ms":93863,"since":194,"dead_reckoned_mm":159,"candidate_mm":156,"viable":[2,3,4],"lostm":182,"lost_ms":84001,"agree":13,"disagree":11,"losts":1,"auto":0}
ngr/loco/9950011/mm/marker {"mm":158,"landmark":"","obs":"N","peak":43,"ms":57,"drift":0,"dt":984,"timing_gate":"LOW_PWM","dt_expected":0,"dt_conserve_ratio":-1.00,"pwm":0,"v":15.28}
ngr/loco/9950011/mm/marker {"mm":157,"landmark":"Bamboo","obs":"S","peak":42,"ms":104,"drift":0,"dt":280,"timing_gate":"LOW_PWM","dt_expected":0,"dt_conserve_ratio":-1.00,"pwm":0,"v":15.28}
ngr/loco/9950011/mm/marker {"mm":156,"landmark":"","obs":"S","peak":48,"ms":47,"drift":0,"dt":110,"timing_gate":"LOW_PWM","dt_expected":0,"dt_conserve_ratio":-1.00,"pwm":0,"v":15.28}
ngr/loco/9950011/state/start_mm 156
ngr/loco/9950011/state/loopstat {"loop_max_gap_ms":34,"hall_task_max_gap_ms":2,"hall_task_age_ms":1,"baseline":1432,"raw":1403,"delta":-29,"queue_drops":0,"floor_rejects":295,"queue_high_water":1,"mqtt_connect_ms":33,"mqtt_attempts":2,"pub_drops":61,"pub_queue_hw":1,"cmd_drops":0,"pub_per_s":6,"marker_pub_drops":0,"marker_pub_hw":1,"nav":"NO_QUORUM","mm":156,"miss_streak":3,"pwm":0,"lost_markers":185,"lost_ms":84614,"motor_dir":"FWD"}
ngr/loco/9950011/alert {"level":"NO_QUORUM","reason":"STATUS","loco":"9950011","uptime_ms":198865,"nav":"NO_QUORUM","moving":0,"pwm":0,"est_mm_s":2909,"dir":"CCW","session_dir":"CCW","mdir":"FWD","rear":11,"front":151,"env":52150,"lc_mm":11,"last_confirmed_landmark":"","age_ms":94863,"since":197,"dead_reckoned_mm":156,"candidate_mm":153,"viable":[2,3,4],"lostm":185,"lost_ms":85001,"agree":13,"disagree":11,"losts":1,"auto":0}
ngr/loco/9950011/mm/marker {"mm":155,"landmark":"","obs":"N","peak":47,"ms":882,"drift":-1,"dt":245,"timing_gate":"LOW_PWM","dt_expected":0,"dt_conserve_ratio":-1.00,"pwm":0,"v":15.28}
ngr/loco/9950011/state/loopstat {"loop_max_gap_ms":34,"hall_task_max_gap_ms":2,"hall_task_age_ms":1,"baseline":1431,"raw":1414,"delta":-17,"queue_drops":0,"floor_rejects":296,"queue_high_water":0,"mqtt_connect_ms":33,"mqtt_attempts":2,"pub_drops":61,"pub_queue_hw":1,"cmd_drops":0,"pub_per_s":2,"marker_pub_drops":0,"marker_pub_hw":1,"nav":"NO_QUORUM","mm":155,"miss_streak":3,"pwm":0,"lost_markers":186,"lost_ms":85614,"motor_dir":"FWD"}
ngr/loco/9950011/state/start_mm 155
ngr/loco/9950011/mm/marker {"mm":154,"landmark":"","obs":"S","peak":59,"ms":275,"drift":0,"dt":994,"timing_gate":"LOW_PWM","dt_expected":0,"dt_conserve_ratio":-1.00,"pwm":0,"v":15.28}
ngr/loco/9950011/alert {"level":"NO_QUORUM","reason":"STATUS","loco":"9950011","uptime_ms":199865,"nav":"NO_QUORUM","moving":0,"pwm":0,"est_mm_s":301,"dir":"CCW","session_dir":"CCW","mdir":"FWD","rear":11,"front":149,"env":52150,"lc_mm":11,"last_confirmed_landmark":"","age_ms":95863,"since":199,"dead_reckoned_mm":154,"candidate_mm":151,"viable":[2,3,4],"lostm":187,"lost_ms":86001,"agree":13,"disagree":11,"losts":1,"auto":0}
ngr/loco/9950011/mm/marker {"mm":153,"landmark":"","obs":"S","peak":46,"ms":53,"drift":0,"dt":341,"timing_gate":"LOW_PWM","dt_expected":0,"dt_conserve_ratio":-1.00,"pwm":0,"v":15.28}
ngr/loco/9950011/mm/marker {"mm":152,"landmark":"","obs":"S","peak":67,"ms":107,"drift":0,"dt":53,"timing_gate":"LOW_PWM","dt_expected":0,"dt_conserve_ratio":-1.00,"pwm":0,"v":15.28}
ngr/loco/9950011/telem/voltage 15.28
ngr/loco/9950011/telem/current 0.17
ngr/loco/9950011/telem/power 2.49
ngr/loco/9950011/mm/marker {"mm":151,"landmark":"","obs":"S","peak":54,"ms":89,"drift":0,"dt":115,"timing_gate":"LOW_PWM","dt_expected":0,"dt_conserve_ratio":-1.00,"pwm":0,"v":15.28}
ngr/loco/9950011/state/loopstat {"loop_max_gap_ms":34,"hall_task_max_gap_ms":2,"hall_task_age_ms":1,"baseline":1431,"raw":1410,"delta":-21,"queue_drops":0,"floor_rejects":296,"queue_high_water":1,"mqtt_connect_ms":33,"mqtt_attempts":2,"pub_drops":61,"pub_queue_hw":3,"cmd_drops":0,"pub_per_s":9,"marker_pub_drops":0,"marker_pub_hw":1,"nav":"NO_QUORUM","mm":151,"miss_streak":3,"pwm":0,"lost_markers":190,"lost_ms":86614,"motor_dir":"FWD"}
ngr/loco/9950011/state/start_mm 151
ngr/loco/9950011/mm/marker {"mm":150,"landmark":"","obs":"S","peak":74,"ms":724,"drift":0,"dt":102,"timing_gate":"LOW_PWM","dt_expected":0,"dt_conserve_ratio":-1.00,"pwm":0,"v":15.28}
ngr/loco/9950011/alert {"level":"NO_QUORUM","reason":"STATUS","loco":"9950011","uptime_ms":200865,"nav":"NO_QUORUM","moving":0,"pwm":0,"est_mm_s":2941,"dir":"CCW","session_dir":"CCW","mdir":"FWD","rear":11,"front":145,"env":52150,"lc_mm":11,"last_confirmed_landmark":"","age_ms":96863,"since":203,"dead_reckoned_mm":150,"candidate_mm":147,"viable":[2,3,4],"lostm":191,"lost_ms":87001,"agree":13,"disagree":11,"losts":1,"auto":0}
ngr/loco/9950011/state/loopstat {"loop_max_gap_ms":33,"hall_task_max_gap_ms":2,"hall_task_age_ms":1,"baseline":1430,"raw":1401,"delta":-29,"queue_drops":0,"floor_rejects":296,"queue_high_water":0,"mqtt_connect_ms":33,"mqtt_attempts":2,"pub_drops":61,"pub_queue_hw":2,"cmd_drops":0,"pub_per_s":3,"marker_pub_drops":0,"marker_pub_hw":1,"nav":"NO_QUORUM","mm":150,"miss_streak":3,"pwm":0,"lost_markers":191,"lost_ms":87614,"motor_dir":"FWD"}
ngr/loco/9950011/state/start_mm 150
ngr/loco/9950011/mm/marker {"mm":149,"landmark":"","obs":"S","peak":58,"ms":571,"drift":0,"dt":974,"timing_gate":"LOW_PWM","dt_expected":0,"dt_conserve_ratio":-1.00,"pwm":0,"v":15.28}
ngr/loco/9950011/mm/marker {"mm":148,"landmark":"","obs":"S","peak":42,"ms":158,"drift":0,"dt":572,"timing_gate":"LOW_PWM","dt_expected":0,"dt_conserve_ratio":-1.00,"pwm":0,"v":15.28}
ngr/loco/9950011/alert {"level":"NO_QUORUM","reason":"STATUS","loco":"9950011","uptime_ms":201865,"nav":"NO_QUORUM","moving":0,"pwm":0,"est_mm_s":515,"dir":"CCW","session_dir":"CCW","mdir":"FWD","rear":11,"front":143,"env":52150,"lc_mm":11,"last_confirmed_landmark":"","age_ms":97863,"since":205,"dead_reckoned_mm":148,"candidate_mm":145,"viable":[2,3,4],"lostm":193,"lost_ms":88001,"agree":13,"disagree":11,"losts":1,"auto":0}
ngr/loco/9950011/mm/marker {"mm":147,"landmark":"","obs":"S","peak":69,"ms":164,"drift":-1,"dt":163,"timing_gate":"LOW_PWM","dt_expected":0,"dt_conserve_ratio":-1.00,"pwm":0,"v":15.28}
ngr/loco/9950011/mm/marker {"mm":146,"landmark":"","obs":"S","peak":66,"ms":239,"drift":0,"dt":240,"timing_gate":"LOW_PWM","dt_expected":0,"dt_conserve_ratio":-1.00,"pwm":0,"v":15.28}
ngr/loco/9950011/state/start_mm 146
ngr/loco/9950011/state/loopstat {"loop_max_gap_ms":34,"hall_task_max_gap_ms":2,"hall_task_age_ms":1,"baseline":1429,"raw":1361,"delta":-68,"queue_drops":0,"floor_rejects":296,"queue_high_water":1,"mqtt_connect_ms":33,"mqtt_attempts":2,"pub_drops":61,"pub_queue_hw":2,"cmd_drops":0,"pub_per_s":7,"marker_pub_drops":0,"marker_pub_hw":1,"nav":"NO_QUORUM","mm":146,"miss_streak":3,"pwm":0,"lost_markers":195,"lost_ms":88614,"motor_dir":"FWD"}
ngr/loco/9950011/alert {"level":"NO_QUORUM","reason":"STATUS","loco":"9950011","uptime_ms":202865,"nav":"NO_QUORUM","moving":0,"pwm":0,"est_mm_s":1270,"dir":"CCW","session_dir":"CCW","mdir":"FWD","rear":11,"front":141,"env":52150,"lc_mm":11,"last_confirmed_landmark":"","age_ms":98863,"since":207,"dead_reckoned_mm":146,"candidate_mm":143,"viable":[2,3,4],"lostm":195,"lost_ms":89001,"agree":13,"disagree":11,"losts":1,"auto":0}
ngr/loco/9950011/mm/marker {"mm":145,"landmark":"","obs":"S","peak":92,"ms":744,"drift":-1,"dt":247,"timing_gate":"LOW_PWM","dt_expected":0,"dt_conserve_ratio":-1.00,"pwm":0,"v":15.28}
ngr/loco/9950011/state/start_mm 145
ngr/loco/9950011/state/loopstat {"loop_max_gap_ms":33,"hall_task_max_gap_ms":2,"hall_task_age_ms":1,"baseline":1428,"raw":1376,"delta":-52,"queue_drops":0,"floor_rejects":296,"queue_high_water":1,"mqtt_connect_ms":33,"mqtt_attempts":2,"pub_drops":61,"pub_queue_hw":1,"cmd_drops":0,"pub_per_s":3,"marker_pub_drops":0,"marker_pub_hw":1,"nav":"NO_QUORUM","mm":145,"miss_streak":3,"pwm":0,"lost_markers":196,"lost_ms":89614,"motor_dir":"FWD"}
ngr/loco/9950011/alert {"level":"NO_QUORUM","reason":"STATUS","loco":"9950011","uptime_ms":203865,"nav":"NO_QUORUM","moving":0,"pwm":0,"est_mm_s":1214,"dir":"CCW","session_dir":"CCW","mdir":"FWD","rear":11,"front":140,"env":52150,"lc_mm":11,"last_confirmed_landmark":"","age_ms":99863,"since":208,"dead_reckoned_mm":145,"candidate_mm":142,"viable":[2,3,4],"lostm":196,"lost_ms":90001,"agree":13,"disagree":11,"losts":1,"auto":0}
ngr/loco/9950011/mm/marker {"mm":144,"landmark":"","obs":"S","peak":108,"ms":1240,"drift":0,"dt":749,"timing_gate":"LOW_PWM","dt_expected":0,"dt_conserve_ratio":-1.00,"pwm":0,"v":15.28}
ngr/loco/9950011/mm/marker {"mm":143,"landmark":"","obs":"N","peak":73,"ms":50,"drift":0,"dt":1255,"timing_gate":"LOW_PWM","dt_expected":0,"dt_conserve_ratio":-1.00,"pwm":0,"v":15.28}
ngr/loco/9950011/state/start_mm 143
ngr/loco/9950011/state/loopstat {"loop_max_gap_ms":34,"hall_task_max_gap_ms":2,"hall_task_age_ms":1,"baseline":1428,"raw":1467,"delta":39,"queue_drops":0,"floor_rejects":298,"queue_high_water":1,"mqtt_connect_ms":33,"mqtt_attempts":2,"pub_drops":61,"pub_queue_hw":1,"cmd_drops":0,"pub_per_s":4,"marker_pub_drops":0,"marker_pub_hw":1,"nav":"NO_QUORUM","mm":143,"miss_streak":3,"pwm":0,"lost_markers":198,"lost_ms":90614,"motor_dir":"FWD"}
ngr/loco/9950011/mm/marker {"mm":142,"landmark":"","obs":"N","peak":70,"ms":145,"drift":0,"dt":109,"timing_gate":"LOW_PWM","dt_expected":0,"dt_conserve_ratio":-1.00,"pwm":0,"v":15.28}
ngr/loco/9950011/alert {"level":"NO_QUORUM","reason":"STATUS","loco":"9950011","uptime_ms":204865,"nav":"NO_QUORUM","moving":0,"pwm":0,"est_mm_s":2752,"dir":"CCW","session_dir":"CCW","mdir":"FWD","rear":11,"front":137,"env":52150,"lc_mm":11,"last_confirmed_landmark":"","age_ms":100863,"since":211,"dead_reckoned_mm":142,"candidate_mm":139,"viable":[2,3,4],"lostm":199,"lost_ms":91001,"agree":13,"disagree":11,"losts":1,"auto":0}
ngr/loco/9950011/telem/voltage 15.29
ngr/loco/9950011/telem/current 0.18
ngr/loco/9950011/telem/power 2.77
ngr/loco/9950011/mm/marker {"mm":141,"landmark":"","obs":"S","peak":61,"ms":143,"drift":0,"dt":593,"timing_gate":"LOW_PWM","dt_expected":0,"dt_conserve_ratio":-1.00,"pwm":0,"v":15.29}
ngr/loco/9950011/mm/marker {"mm":140,"landmark":"Eastpoint","obs":"S","peak":50,"ms":73,"drift":0,"dt":226,"timing_gate":"LOW_PWM","dt_expected":0,"dt_conserve_ratio":-1.00,"pwm":0,"v":15.29}
ngr/loco/9950011/state/start_mm 140
ngr/loco/9950011/state/loopstat {"loop_max_gap_ms":34,"hall_task_max_gap_ms":2,"hall_task_age_ms":1,"baseline":1427,"raw":1409,"delta":-18,"queue_drops":0,"floor_rejects":302,"queue_high_water":1,"mqtt_connect_ms":33,"mqtt_attempts":2,"pub_drops":61,"pub_queue_hw":3,"cmd_drops":0,"pub_per_s":8,"marker_pub_drops":0,"marker_pub_hw":1,"nav":"NO_QUORUM","mm":140,"miss_streak":3,"pwm":0,"lost_markers":201,"lost_ms":91614,"motor_dir":"FWD"}
ngr/loco/9950011/alert {"level":"NO_QUORUM","reason":"STATUS","loco":"9950011","uptime_ms":205865,"nav":"NO_QUORUM","moving":0,"pwm":0,"est_mm_s":1327,"dir":"CCW","session_dir":"CCW","mdir":"FWD","rear":11,"front":135,"env":52150,"lc_mm":11,"last_confirmed_landmark":"","age_ms":101863,"since":213,"dead_reckoned_mm":140,"candidate_mm":137,"viable":[2,3,4],"lostm":201,"lost_ms":92001,"agree":13,"disagree":11,"losts":1,"auto":0}
ngr/loco/9950011/state/loopstat {"loop_max_gap_ms":34,"hall_task_max_gap_ms":2,"hall_task_age_ms":1,"baseline":1427,"raw":1357,"delta":-70,"queue_drops":0,"floor_rejects":302,"queue_high_water":0,"mqtt_connect_ms":33,"mqtt_attempts":2,"pub_drops":61,"pub_queue_hw":1,"cmd_drops":0,"pub_per_s":1,"marker_pub_drops":0,"marker_pub_hw":0,"nav":"NO_QUORUM","mm":140,"miss_streak":3,"pwm":0,"lost_markers":201,"lost_ms":92614,"motor_dir":"FWD"}
ngr/loco/9950011/alert {"level":"NO_QUORUM","reason":"STATUS","loco":"9950011","uptime_ms":206865,"nav":"NO_QUORUM","moving":0,"pwm":0,"est_mm_s":1327,"dir":"CCW","session_dir":"CCW","mdir":"FWD","rear":11,"front":135,"env":52150,"lc_mm":11,"last_confirmed_landmark":"","age_ms":102863,"since":213,"dead_reckoned_mm":140,"candidate_mm":137,"viable":[2,3,4],"lostm":201,"lost_ms":93001,"agree":13,"disagree":11,"losts":1,"auto":0}
ngr/loco/9950011/state/loopstat {"loop_max_gap_ms":33,"hall_task_max_gap_ms":2,"hall_task_age_ms":1,"baseline":1425,"raw":1389,"delta":-36,"queue_drops":0,"floor_rejects":302,"queue_high_water":0,"mqtt_connect_ms":33,"mqtt_attempts":2,"pub_drops":61,"pub_queue_hw":1,"cmd_drops":0,"pub_per_s":1,"marker_pub_drops":0,"marker_pub_hw":0,"nav":"NO_QUORUM","mm":140,"miss_streak":3,"pwm":0,"lost_markers":201,"lost_ms":93614,"motor_dir":"FWD"}
ngr/loco/9950011/alert {"level":"NO_QUORUM","reason":"STATUS","loco":"9950011","uptime_ms":207865,"nav":"NO_QUORUM","moving":0,"pwm":0,"est_mm_s":1327,"dir":"CCW","session_dir":"CCW","mdir":"FWD","rear":11,"front":135,"env":52150,"lc_mm":11,"last_confirmed_landmark":"","age_ms":103863,"since":213,"dead_reckoned_mm":140,"candidate_mm":137,"viable":[2,3,4],"lostm":201,"lost_ms":94001,"agree":13,"disagree":11,"losts":1,"auto":0}
ngr/loco/9950011/mm/marker {"mm":139,"landmark":"","obs":"S","peak":104,"ms":2987,"drift":-2,"dt":205,"timing_gate":"LOW_PWM","dt_expected":0,"dt_conserve_ratio":-1.00,"pwm":0,"v":15.29}
ngr/loco/9950011/state/start_mm 139
ngr/loco/9950011/state/loopstat {"loop_max_gap_ms":33,"hall_task_max_gap_ms":2,"hall_task_age_ms":1,"baseline":1425,"raw":1398,"delta":-27,"queue_drops":0,"floor_rejects":303,"queue_high_water":1,"mqtt_connect_ms":33,"mqtt_attempts":2,"pub_drops":61,"pub_queue_hw":1,"cmd_drops":0,"pub_per_s":3,"marker_pub_drops":0,"marker_pub_hw":1,"nav":"NO_QUORUM","mm":139,"miss_streak":3,"pwm":0,"lost_markers":202,"lost_ms":94614,"motor_dir":"FWD"}
ngr/loco/9950011/mm/marker {"mm":138,"landmark":"","obs":"S","peak":46,"ms":47,"drift":0,"dt":3384,"timing_gate":"LOW_PWM","dt_expected":0,"dt_conserve_ratio":-1.00,"pwm":0,"v":15.29}
ngr/loco/9950011/alert {"level":"NO_QUORUM","reason":"STATUS","loco":"9950011","uptime_ms":208865,"nav":"NO_QUORUM","moving":0,"pwm":0,"est_mm_s":88,"dir":"CCW","session_dir":"CCW","mdir":"FWD","rear":11,"front":133,"env":52150,"lc_mm":11,"last_confirmed_landmark":"","age_ms":104863,"since":215,"dead_reckoned_mm":138,"candidate_mm":135,"viable":[2,3,4],"lostm":203,"lost_ms":95001,"agree":13,"disagree":11,"losts":1,"auto":0}
ngr/loco/9950011/mm/marker {"mm":137,"landmark":"","obs":"S","peak":51,"ms":109,"drift":0,"dt":52,"timing_gate":"LOW_PWM","dt_expected":0,"dt_conserve_ratio":-1.00,"pwm":0,"v":15.29}
ngr/loco/9950011/mm/marker {"mm":136,"landmark":"","obs":"S","peak":76,"ms":161,"drift":0,"dt":114,"timing_gate":"LOW_PWM","dt_expected":0,"dt_conserve_ratio":-1.00,"pwm":0,"v":15.29}
ngr/loco/9950011/mm/marker {"mm":135,"landmark":"","obs":"S","peak":48,"ms":57,"drift":-2,"dt":337,"timing_gate":"LOW_PWM","dt_expected":0,"dt_conserve_ratio":-1.00,"pwm":0,"v":15.29}
ngr/loco/9950011/state/loopstat {"loop_max_gap_ms":33,"hall_task_max_gap_ms":2,"hall_task_age_ms":1,"baseline":1423,"raw":1402,"delta":-21,"queue_drops":0,"floor_rejects":306,"queue_high_water":1,"mqtt_connect_ms":33,"mqtt_attempts":2,"pub_drops":61,"pub_queue_hw":1,"cmd_drops":0,"pub_per_s":5,"marker_pub_drops":0,"marker_pub_hw":1,"nav":"NO_QUORUM","mm":135,"miss_streak":3,"pwm":0,"lost_markers":206,"lost_ms":95614,"motor_dir":"FWD"}
ngr/loco/9950011/state/start_mm 135
ngr/loco/9950011/mm/marker {"mm":134,"landmark":"","obs":"S","peak":49,"ms":136,"drift":0,"dt":303,"timing_gate":"LOW_PWM","dt_expected":0,"dt_conserve_ratio":-1.00,"pwm":0,"v":15.29}
ngr/loco/9950011/mm/marker {"mm":133,"landmark":"","obs":"N","peak":52,"ms":41,"drift":0,"dt":144,"timing_gate":"LOW_PWM","dt_expected":0,"dt_conserve_ratio":-1.00,"pwm":0,"v":15.29}
ngr/loco/9950011/alert {"level":"NO_QUORUM","reason":"STATUS","loco":"9950011","uptime_ms":209865,"nav":"NO_QUORUM","moving":0,"pwm":0,"est_mm_s":2083,"dir":"CCW","session_dir":"CCW","mdir":"FWD","rear":11,"front":128,"env":52150,"lc_mm":11,"last_confirmed_landmark":"","age_ms":105863,"since":220,"dead_reckoned_mm":133,"candidate_mm":130,"viable":[2,3,4],"lostm":208,"lost_ms":96001,"agree":13,"disagree":11,"losts":1,"auto":0}
ngr/loco/9950011/telem/voltage 15.28
ngr/loco/9950011/telem/current 0.19
ngr/loco/9950011/telem/power 2.98
ngr/loco/9950011/mm/marker {"mm":132,"landmark":"","obs":"S","peak":84,"ms":227,"drift":0,"dt":135,"timing_gate":"LOW_PWM","dt_expected":0,"dt_conserve_ratio":-1.00,"pwm":0,"v":15.28}
ngr/loco/9950011/state/loopstat {"loop_max_gap_ms":33,"hall_task_max_gap_ms":2,"hall_task_age_ms":1,"baseline":1420,"raw":1363,"delta":-57,"queue_drops":0,"floor_rejects":307,"queue_high_water":1,"mqtt_connect_ms":33,"mqtt_attempts":2,"pub_drops":61,"pub_queue_hw":3,"cmd_drops":0,"pub_per_s":8,"marker_pub_drops":0,"marker_pub_hw":1,"nav":"NO_QUORUM","mm":132,"miss_streak":3,"pwm":0,"lost_markers":209,"lost_ms":96614,"motor_dir":"FWD"}
ngr/loco/9950011/state/start_mm 132
ngr/loco/9950011/alert {"level":"NO_QUORUM","reason":"STATUS","loco":"9950011","uptime_ms":210865,"nav":"NO_QUORUM","moving":0,"pwm":0,"est_mm_s":2222,"dir":"CCW","session_dir":"CCW","mdir":"FWD","rear":11,"front":127,"env":52150,"lc_mm":11,"last_confirmed_landmark":"","age_ms":106863,"since":221,"dead_reckoned_mm":132,"candidate_mm":129,"viable":[2,3,4],"lostm":209,"lost_ms":97001,"agree":13,"disagree":11,"losts":1,"auto":0}
ngr/loco/9950011/mm/marker {"mm":131,"landmark":"","obs":"S","peak":92,"ms":983,"drift":-3,"dt":242,"timing_gate":"LOW_PWM","dt_expected":0,"dt_conserve_ratio":-1.00,"pwm":0,"v":15.28}
ngr/loco/9950011/mm/marker {"mm":130,"landmark":"","obs":"S","peak":55,"ms":81,"drift":0,"dt":1018,"timing_gate":"LOW_PWM","dt_expected":0,"dt_conserve_ratio":-1.00,"pwm":0,"v":15.28}
ngr/loco/9950011/state/start_mm 130
ngr/loco/9950011/state/loopstat {"loop_max_gap_ms":33,"hall_task_max_gap_ms":2,"hall_task_age_ms":1,"baseline":1418,"raw":1378,"delta":-40,"queue_drops":0,"floor_rejects":308,"queue_high_water":1,"mqtt_connect_ms":33,"mqtt_attempts":2,"pub_drops":61,"pub_queue_hw":2,"cmd_drops":0,"pub_per_s":5,"marker_pub_drops":0,"marker_pub_hw":1,"nav":"NO_QUORUM","mm":130,"miss_streak":3,"pwm":0,"lost_markers":211,"lost_ms":97614,"motor_dir":"FWD"}
ngr/loco/9950011/mm/marker {"mm":129,"landmark":"","obs":"N","peak":60,"ms":496,"drift":-1,"dt":88,"timing_gate":"LOW_PWM","dt_expected":0,"dt_conserve_ratio":-1.00,"pwm":0,"v":15.28}
ngr/loco/9950011/alert {"level":"NO_QUORUM","reason":"STATUS","loco":"9950011","uptime_ms":211865,"nav":"NO_QUORUM","moving":0,"pwm":0,"est_mm_s":3295,"dir":"CCW","session_dir":"CCW","mdir":"FWD","rear":11,"front":124,"env":52150,"lc_mm":11,"last_confirmed_landmark":"","age_ms":107863,"since":224,"dead_reckoned_mm":129,"candidate_mm":126,"viable":[2,3,4],"lostm":212,"lost_ms":98001,"agree":13,"disagree":11,"losts":1,"auto":0}
ngr/loco/9950011/mm/marker {"mm":128,"landmark":"","obs":"S","peak":61,"ms":151,"drift":0,"dt":718,"timing_gate":"LOW_PWM","dt_expected":0,"dt_conserve_ratio":-1.00,"pwm":0,"v":15.28}
ngr/loco/9950011/mm/marker {"mm":127,"landmark":"","obs":"N","peak":67,"ms":58,"drift":0,"dt":218,"timing_gate":"LOW_PWM","dt_expected":0,"dt_conserve_ratio":-1.00,"pwm":0,"v":15.28}
ngr/loco/9950011/mm/marker {"mm":126,"landmark":"","obs":"N","peak":65,"ms":60,"drift":0,"dt":64,"timing_gate":"LOW_PWM","dt_expected":0,"dt_conserve_ratio":-1.00,"pwm":0,"v":15.28}
ngr/loco/9950011/state/start_mm 126
ngr/loco/9950011/state/loopstat {"loop_max_gap_ms":33,"hall_task_max_gap_ms":2,"hall_task_age_ms":1,"baseline":1417,"raw":1436,"delta":19,"queue_drops":0,"floor_rejects":311,"queue_high_water":1,"mqtt_connect_ms":33,"mqtt_attempts":2,"pub_drops":61,"pub_queue_hw":1,"cmd_drops":0,"pub_per_s":6,"marker_pub_drops":0,"marker_pub_hw":1,"nav":"NO_QUORUM","mm":126,"miss_streak":3,"pwm":0,"lost_markers":215,"lost_ms":98614,"motor_dir":"FWD"}
ngr/loco/9950011/mm/marker {"mm":125,"landmark":"","obs":"N","peak":87,"ms":213,"drift":0,"dt":84,"timing_gate":"LOW_PWM","dt_expected":0,"dt_conserve_ratio":-1.00,"pwm":0,"v":15.28}
ngr/loco/9950011/mm/marker {"mm":124,"landmark":"","obs":"N","peak":69,"ms":66,"drift":0,"dt":219,"timing_gate":"LOW_PWM","dt_expected":0,"dt_conserve_ratio":-1.00,"pwm":0,"v":15.28}
ngr/loco/9950011/mm/marker {"mm":123,"landmark":"","obs":"N","peak":64,"ms":53,"drift":0,"dt":72,"timing_gate":"LOW_PWM","dt_expected":0,"dt_conserve_ratio":-1.00,"pwm":0,"v":15.28}
ngr/loco/9950011/alert {"level":"NO_QUORUM","reason":"STATUS","loco":"9950011","uptime_ms":212865,"nav":"NO_QUORUM","moving":0,"pwm":0,"est_mm_s":4166,"dir":"CCW","session_dir":"CCW","mdir":"FWD","rear":11,"front":118,"env":52150,"lc_mm":11,"last_confirmed_landmark":"","age_ms":108863,"since":230,"dead_reckoned_mm":123,"candidate_mm":120,"viable":[2,3,4],"lostm":218,"lost_ms":99001,"agree":13,"disagree":11,"losts":1,"auto":0}
ngr/loco/9950011/mm/marker {"mm":122,"landmark":"","obs":"N","peak":53,"ms":73,"drift":0,"dt":237,"timing_gate":"LOW_PWM","dt_expected":0,"dt_conserve_ratio":-1.00,"pwm":0,"v":15.28}
ngr/loco/9950011/state/start_mm 122
ngr/loco/9950011/state/loopstat {"loop_max_gap_ms":34,"hall_task_max_gap_ms":2,"hall_task_age_ms":1,"baseline":1417,"raw":1401,"delta":-16,"queue_drops":0,"floor_rejects":315,"queue_high_water":1,"mqtt_connect_ms":33,"mqtt_attempts":2,"pub_drops":61,"pub_queue_hw":1,"cmd_drops":0,"pub_per_s":6,"marker_pub_drops":0,"marker_pub_hw":1,"nav":"NO_QUORUM","mm":122,"miss_streak":3,"pwm":0,"lost_markers":219,"lost_ms":99614,"motor_dir":"FWD"}
ngr/loco/9950011/mm/marker {"mm":121,"landmark":"","obs":"N","peak":52,"ms":41,"drift":0,"dt":635,"timing_gate":"LOW_PWM","dt_expected":0,"dt_conserve_ratio":-1.00,"pwm":0,"v":15.28}
ngr/loco/9950011/alert {"level":"NO_QUORUM","reason":"STATUS","loco":"9950011","uptime_ms":213865,"nav":"NO_QUORUM","moving":0,"pwm":0,"est_mm_s":472,"dir":"CCW","session_dir":"CCW","mdir":"FWD","rear":11,"front":116,"env":52150,"lc_mm":11,"last_confirmed_landmark":"","age_ms":109863,"since":232,"dead_reckoned_mm":121,"candidate_mm":118,"viable":[2,3,4],"lostm":220,"lost_ms":100001,"agree":13,"disagree":11,"losts":1,"auto":0}
ngr/loco/9950011/mm/marker {"mm":120,"landmark":"","obs":"N","peak":81,"ms":322,"drift":0,"dt":161,"timing_gate":"LOW_PWM","dt_expected":0,"dt_conserve_ratio":-1.00,"pwm":0,"v":15.28}
ngr/loco/9950011/mm/marker {"mm":119,"landmark":"","obs":"S","peak":69,"ms":439,"drift":-1,"dt":328,"timing_gate":"LOW_PWM","dt_expected":0,"dt_conserve_ratio":-1.00,"pwm":0,"v":15.28}
ngr/loco/9950011/state/loopstat {"loop_max_gap_ms":33,"hall_task_max_gap_ms":2,"hall_task_age_ms":1,"baseline":1416,"raw":1407,"delta":-9,"queue_drops":0,"floor_rejects":317,"queue_high_water":1,"mqtt_connect_ms":33,"mqtt_attempts":2,"pub_drops":61,"pub_queue_hw":1,"cmd_drops":0,"pub_per_s":4,"marker_pub_drops":0,"marker_pub_hw":1,"nav":"NO_QUORUM","mm":119,"miss_streak":3,"pwm":0,"lost_markers":222,"lost_ms":100614,"motor_dir":"FWD"}
ngr/loco/9950011/state/start_mm 119
ngr/loco/9950011/mm/marker {"mm":118,"landmark":"","obs":"S","peak":62,"ms":100,"drift":0,"dt":524,"timing_gate":"LOW_PWM","dt_expected":0,"dt_conserve_ratio":-1.00,"pwm":0,"v":15.28}
ngr/loco/9950011/alert {"level":"NO_QUORUM","reason":"STATUS","loco":"9950011","uptime_ms":214865,"nav":"NO_QUORUM","moving":0,"pwm":0,"est_mm_s":572,"dir":"CCW","session_dir":"CCW","mdir":"FWD","rear":11,"front":113,"env":52150,"lc_mm":11,"last_confirmed_landmark":"","age_ms":110863,"since":235,"dead_reckoned_mm":118,"candidate_mm":115,"viable":[2,3,4],"lostm":223,"lost_ms":101001,"agree":13,"disagree":11,"losts":1,"auto":0}
ngr/loco/9950011/telem/voltage 15.28
ngr/loco/9950011/telem/current 0.18
ngr/loco/9950011/telem/power 2.78
ngr/loco/9950011/mm/marker {"mm":117,"landmark":"","obs":"S","peak":82,"ms":162,"drift":0,"dt":441,"timing_gate":"LOW_PWM","dt_expected":0,"dt_conserve_ratio":-1.00,"pwm":0,"v":15.28}
ngr/loco/9950011/mm/marker {"mm":116,"landmark":"","obs":"N","peak":48,"ms":58,"drift":0,"dt":271,"timing_gate":"LOW_PWM","dt_expected":0,"dt_conserve_ratio":-1.00,"pwm":0,"v":15.28}
ngr/loco/9950011/mm/marker {"mm":115,"landmark":"","obs":"N","peak":61,"ms":40,"drift":0,"dt":62,"timing_gate":"LOW_PWM","dt_expected":0,"dt_conserve_ratio":-1.00,"pwm":0,"v":15.28}
ngr/loco/9950011/state/start_mm 115
ngr/loco/9950011/state/loopstat {"loop_max_gap_ms":34,"hall_task_max_gap_ms":2,"hall_task_age_ms":1,"baseline":1416,"raw":1439,"delta":23,"queue_drops":0,"floor_rejects":320,"queue_high_water":1,"mqtt_connect_ms":33,"mqtt_attempts":2,"pub_drops":61,"pub_queue_hw":3,"cmd_drops":0,"pub_per_s":10,"marker_pub_drops":0,"marker_pub_hw":1,"nav":"NO_QUORUM","mm":115,"miss_streak":3,"pwm":0,"lost_markers":226,"lost_ms":101614,"motor_dir":"FWD"}
ngr/loco/9950011/mm/marker {"mm":114,"landmark":"","obs":"N","peak":70,"ms":256,"drift":0,"dt":76,"timing_gate":"LOW_PWM","dt_expected":0,"dt_conserve_ratio":-1.00,"pwm":0,"v":15.28}
ngr/loco/9950011/mm/marker {"mm":113,"landmark":"","obs":"N","peak":60,"ms":45,"drift":0,"dt":264,"timing_gate":"LOW_PWM","dt_expected":0,"dt_conserve_ratio":-1.00,"pwm":0,"v":15.28}
ngr/loco/9950011/mm/marker {"mm":112,"landmark":"","obs":"N","peak":49,"ms":46,"drift":0,"dt":52,"timing_gate":"LOW_PWM","dt_expected":0,"dt_conserve_ratio":-1.00,"pwm":0,"v":15.28}
ngr/loco/9950011/alert {"level":"NO_QUORUM","reason":"STATUS","loco":"9950011","uptime_ms":215865,"nav":"NO_QUORUM","moving":0,"pwm":0,"est_mm_s":6153,"dir":"CCW","session_dir":"CCW","mdir":"FWD","rear":11,"front":107,"env":52150,"lc_mm":11,"last_confirmed_landmark":"","age_ms":111863,"since":241,"dead_reckoned_mm":112,"candidate_mm":109,"viable":[2,3,4],"lostm":229,"lost_ms":102001,"agree":13,"disagree":11,"losts":1,"auto":0}
ngr/loco/9950011/mm/marker {"mm":111,"landmark":"","obs":"S","peak":60,"ms":44,"drift":0,"dt":681,"timing_gate":"LOW_PWM","dt_expected":0,"dt_conserve_ratio":-1.00,"pwm":0,"v":15.28}
ngr/loco/9950011/state/loopstat {"loop_max_gap_ms":33,"hall_task_max_gap_ms":2,"hall_task_age_ms":1,"baseline":1416,"raw":1393,"delta":-23,"queue_drops":0,"floor_rejects":322,"queue_high_water":1,"mqtt_connect_ms":33,"mqtt_attempts":2,"pub_drops":61,"pub_queue_hw":1,"cmd_drops":0,"pub_per_s":5,"marker_pub_drops":0,"marker_pub_hw":1,"nav":"NO_QUORUM","mm":111,"miss_streak":3,"pwm":0,"lost_markers":230,"lost_ms":102614,"motor_dir":"FWD"}
ngr/loco/9950011/state/start_mm 111
ngr/loco/9950011/mm/marker {"mm":110,"landmark":"","obs":"S","peak":57,"ms":123,"drift":0,"dt":130,"timing_gate":"LOW_PWM","dt_expected":0,"dt_conserve_ratio":-1.00,"pwm":0,"v":15.28}
ngr/loco/9950011/alert {"level":"NO_QUORUM","reason":"STATUS","loco":"9950011","uptime_ms":216865,"nav":"NO_QUORUM","moving":0,"pwm":0,"est_mm_s":2307,"dir":"CCW","session_dir":"CCW","mdir":"FWD","rear":11,"front":105,"env":52150,"lc_mm":11,"last_confirmed_landmark":"","age_ms":112863,"since":243,"dead_reckoned_mm":110,"candidate_mm":107,"viable":[2,3,4],"lostm":231,"lost_ms":103001,"agree":13,"disagree":11,"losts":1,"auto":0}
ngr/loco/9950011/mm/marker {"mm":109,"landmark":"","obs":"N","peak":40,"ms":477,"drift":0,"dt":128,"timing_gate":"LOW_PWM","dt_expected":0,"dt_conserve_ratio":-1.00,"pwm":0,"v":15.28}
ngr/loco/9950011/mm/marker {"mm":108,"landmark":"","obs":"S","peak":49,"ms":193,"drift":0,"dt":663,"timing_gate":"LOW_PWM","dt_expected":0,"dt_conserve_ratio":-1.00,"pwm":0,"v":15.28}
ngr/loco/9950011/state/start_mm 108
ngr/loco/9950011/state/loopstat {"loop_max_gap_ms":34,"hall_task_max_gap_ms":2,"hall_task_age_ms":1,"baseline":1416,"raw":1420,"delta":4,"queue_drops":0,"floor_rejects":323,"queue_high_water":1,"mqtt_connect_ms":33,"mqtt_attempts":2,"pub_drops":61,"pub_queue_hw":2,"cmd_drops":0,"pub_per_s":6,"marker_pub_drops":0,"marker_pub_hw":1,"nav":"NO_QUORUM","mm":108,"miss_streak":3,"pwm":0,"lost_markers":233,"lost_ms":103614,"motor_dir":"FWD"}
ngr/loco/9950011/mm/marker {"mm":107,"landmark":"Arches","obs":"N","peak":47,"ms":126,"drift":0,"dt":199,"timing_gate":"LOW_PWM","dt_expected":0,"dt_conserve_ratio":-1.00,"pwm":0,"v":15.28}
ngr/loco/9950011/alert {"level":"NO_QUORUM","reason":"STATUS","loco":"9950011","uptime_ms":217865,"nav":"NO_QUORUM","moving":0,"pwm":0,"est_mm_s":1507,"dir":"CCW","session_dir":"CCW","mdir":"FWD","rear":11,"front":102,"env":52150,"lc_mm":11,"last_confirmed_landmark":"","age_ms":113863,"since":246,"dead_reckoned_mm":107,"candidate_mm":104,"viable":[2,3,4],"lostm":234,"lost_ms":104001,"agree":13,"disagree":11,"losts":1,"auto":0}
ngr/loco/9950011/mm/marker {"mm":106,"landmark":"","obs":"S","peak":64,"ms":835,"drift":-1,"dt":127,"timing_gate":"LOW_PWM","dt_expected":0,"dt_conserve_ratio":-1.00,"pwm":0,"v":15.28}
ngr/loco/9950011/state/loopstat {"loop_max_gap_ms":33,"hall_task_max_gap_ms":2,"hall_task_age_ms":1,"baseline":1415,"raw":1401,"delta":-14,"queue_drops":0,"floor_rejects":324,"queue_high_water":1,"mqtt_connect_ms":33,"mqtt_attempts":2,"pub_drops":61,"pub_queue_hw":1,"cmd_drops":0,"pub_per_s":3,"marker_pub_drops":0,"marker_pub_hw":1,"nav":"NO_QUORUM","mm":106,"miss_streak":3,"pwm":0,"lost_markers":235,"lost_ms":104614,"motor_dir":"FWD"}
ngr/loco/9950011/state/start_mm 106
ngr/loco/9950011/mm/marker {"mm":105,"landmark":"","obs":"N","peak":69,"ms":102,"drift":0,"dt":911,"timing_gate":"LOW_PWM","dt_expected":0,"dt_conserve_ratio":-1.00,"pwm":0,"v":15.28}
ngr/loco/9950011/alert {"level":"NO_QUORUM","reason":"STATUS","loco":"9950011","uptime_ms":218865,"nav":"NO_QUORUM","moving":0,"pwm":0,"est_mm_s":329,"dir":"CCW","session_dir":"CCW","mdir":"FWD","rear":11,"front":100,"env":52150,"lc_mm":11,"last_confirmed_landmark":"","age_ms":114863,"since":248,"dead_reckoned_mm":105,"candidate_mm":102,"viable":[2,3,4],"lostm":236,"lost_ms":105001,"agree":13,"disagree":11,"losts":1,"auto":0}
ngr/loco/9950011/mm/marker {"mm":104,"landmark":"","obs":"S","peak":77,"ms":421,"drift":0,"dt":107,"timing_gate":"LOW_PWM","dt_expected":0,"dt_conserve_ratio":-1.00,"pwm":0,"v":15.28}
ngr/loco/9950011/mm/marker {"mm":103,"landmark":"","obs":"S","peak":51,"ms":72,"drift":0,"dt":708,"timing_gate":"LOW_PWM","dt_expected":0,"dt_conserve_ratio":-1.00,"pwm":0,"v":15.28}
ngr/loco/9950011/state/start_mm 103
ngr/loco/9950011/state/loopstat {"loop_max_gap_ms":34,"hall_task_max_gap_ms":2,"hall_task_age_ms":1,"baseline":1415,"raw":1391,"delta":-24,"queue_drops":0,"floor_rejects":325,"queue_high_water":1,"mqtt_connect_ms":33,"mqtt_attempts":2,"pub_drops":61,"pub_queue_hw":2,"cmd_drops":0,"pub_per_s":6,"marker_pub_drops":0,"marker_pub_hw":1,"nav":"NO_QUORUM","mm":103,"miss_streak":3,"pwm":0,"lost_markers":238,"lost_ms":105614,"motor_dir":"FWD"}
ngr/loco/9950011/mm/marker {"mm":102,"landmark":"","obs":"S","peak":54,"ms":137,"drift":0,"dt":76,"timing_gate":"LOW_PWM","dt_expected":0,"dt_conserve_ratio":-1.00,"pwm":0,"v":15.28}
ngr/loco/9950011/alert {"level":"NO_QUORUM","reason":"STATUS","loco":"9950011","uptime_ms":219865,"nav":"NO_QUORUM","moving":0,"pwm":0,"est_mm_s":3881,"dir":"CCW","session_dir":"CCW","mdir":"FWD","rear":11,"front":97,"env":52150,"lc_mm":11,"last_confirmed_landmark":"","age_ms":115863,"since":251,"dead_reckoned_mm":102,"candidate_mm":99,"viable":[2,3,4],"lostm":239,"lost_ms":106001,"agree":13,"disagree":11,"losts":1,"auto":0}
ngr/loco/9950011/telem/voltage 15.28
ngr/loco/9950011/telem/current 0.18
ngr/loco/9950011/telem/power 2.76
ngr/loco/9950011/mm/marker {"mm":101,"landmark":"","obs":"S","peak":42,"ms":43,"drift":0,"dt":661,"timing_gate":"LOW_PWM","dt_expected":0,"dt_conserve_ratio":-1.00,"pwm":0,"v":15.28}
ngr/loco/9950011/mm/marker {"mm":100,"landmark":"","obs":"N","peak":63,"ms":83,"drift":0,"dt":49,"timing_gate":"LOW_PWM","dt_expected":0,"dt_conserve_ratio":-1.00,"pwm":0,"v":15.28}
ngr/loco/9950011/state/start_mm 100
ngr/loco/9950011/state/loopstat {"loop_max_gap_ms":33,"hall_task_max_gap_ms":2,"hall_task_age_ms":1,"baseline":1415,"raw":1413,"delta":-2,"queue_drops":0,"floor_rejects":330,"queue_high_water":1,"mqtt_connect_ms":33,"mqtt_attempts":2,"pub_drops":61,"pub_queue_hw":3,"cmd_drops":0,"pub_per_s":8,"marker_pub_drops":0,"marker_pub_hw":1,"nav":"NO_QUORUM","mm":100,"miss_streak":3,"pwm":0,"lost_markers":241,"lost_ms":106614,"motor_dir":"FWD"}
ngr/loco/9950011/alert {"level":"NO_QUORUM","reason":"STATUS","loco":"9950011","uptime_ms":220865,"nav":"NO_QUORUM","moving":0,"pwm":0,"est_mm_s":6122,"dir":"CCW","session_dir":"CCW","mdir":"FWD","rear":11,"front":95,"env":52150,"lc_mm":11,"last_confirmed_landmark":"","age_ms":116863,"since":253,"dead_reckoned_mm":100,"candidate_mm":97,"viable":[2,3,4],"lostm":241,"lost_ms":107001,"agree":13,"disagree":11,"losts":1,"auto":0}
ngr/loco/9950011/mm/marker {"mm":99,"landmark":"","obs":"S","peak":49,"ms":328,"drift":-1,"dt":537,"timing_gate":"LOW_PWM","dt_expected":0,"dt_conserve_ratio":-1.00,"pwm":0,"v":15.28}
ngr/loco/9950011/mm/marker {"mm":98,"landmark":"Northpoint","obs":"N","peak":80,"ms":57,"drift":0,"dt":433,"timing_gate":"LOW_PWM","dt_expected":0,"dt_conserve_ratio":-1.00,"pwm":0,"v":15.28}
ngr/loco/9950011/state/loopstat {"loop_max_gap_ms":33,"hall_task_max_gap_ms":2,"hall_task_age_ms":1,"baseline":1414,"raw":1386,"delta":-28,"queue_drops":0,"floor_rejects":334,"queue_high_water":1,"mqtt_connect_ms":33,"mqtt_attempts":2,"pub_drops":61,"pub_queue_hw":1,"cmd_drops":0,"pub_per_s":3,"marker_pub_drops":0,"marker_pub_hw":1,"nav":"NO_QUORUM","mm":98,"miss_streak":3,"pwm":0,"lost_markers":243,"lost_ms":107614,"motor_dir":"FWD"}
ngr/loco/9950011/state/start_mm 98
ngr/loco/9950011/mm/marker {"mm":97,"landmark":"","obs":"S","peak":58,"ms":48,"drift":0,"dt":413,"timing_gate":"LOW_PWM","dt_expected":0,"dt_conserve_ratio":-1.00,"pwm":0,"v":15.28}
ngr/loco/9950011/alert {"level":"NO_QUORUM","reason":"STATUS","loco":"9950011","uptime_ms":221865,"nav":"NO_QUORUM","moving":0,"pwm":0,"est_mm_s":726,"dir":"CCW","session_dir":"CCW","mdir":"FWD","rear":11,"front":92,"env":52150,"lc_mm":11,"last_confirmed_landmark":"","age_ms":117863,"since":256,"dead_reckoned_mm":97,"candidate_mm":94,"viable":[2,3,4],"lostm":244,"lost_ms":108001,"agree":13,"disagree":11,"losts":1,"auto":0}
ngr/loco/9950011/mm/marker {"mm":96,"landmark":"","obs":"S","peak":82,"ms":508,"drift":-1,"dt":81,"timing_gate":"LOW_PWM","dt_expected":0,"dt_conserve_ratio":-1.00,"pwm":0,"v":15.28}
ngr/loco/9950011/state/loopstat {"loop_max_gap_ms":33,"hall_task_max_gap_ms":2,"hall_task_age_ms":1,"baseline":1413,"raw":1421,"delta":8,"queue_drops":0,"floor_rejects":335,"queue_high_water":1,"mqtt_connect_ms":33,"mqtt_attempts":2,"pub_drops":61,"pub_queue_hw":2,"cmd_drops":0,"pub_per_s":4,"marker_pub_drops":0,"marker_pub_hw":1,"nav":"NO_QUORUM","mm":96,"miss_streak":3,"pwm":0,"lost_markers":245,"lost_ms":108614,"motor_dir":"FWD"}
ngr/loco/9950011/state/start_mm 96
ngr/loco/9950011/mm/marker {"mm":95,"landmark":"","obs":"N","peak":79,"ms":595,"drift":0,"dt":618,"timing_gate":"LOW_PWM","dt_expected":0,"dt_conserve_ratio":-1.00,"pwm":0,"v":15.28}
ngr/loco/9950011/mm/marker {"mm":94,"landmark":"","obs":"N","peak":73,"ms":72,"drift":0,"dt":599,"timing_gate":"LOW_PWM","dt_expected":0,"dt_conserve_ratio":-1.00,"pwm":0,"v":15.28}
ngr/loco/9950011/alert {"level":"NO_QUORUM","reason":"STATUS","loco":"9950011","uptime_ms":222865,"nav":"NO_QUORUM","moving":0,"pwm":0,"est_mm_s":500,"dir":"CCW","session_dir":"CCW","mdir":"FWD","rear":11,"front":89,"env":52150,"lc_mm":11,"last_confirmed_landmark":"","age_ms":118863,"since":259,"dead_reckoned_mm":94,"candidate_mm":91,"viable":[2,3,4],"lostm":247,"lost_ms":109001,"agree":13,"disagree":11,"losts":1,"auto":0}
ngr/loco/9950011/mm/marker {"mm":93,"landmark":"","obs":"N","peak":58,"ms":41,"drift":0,"dt":251,"timing_gate":"LOW_PWM","dt_expected":0,"dt_conserve_ratio":-1.00,"pwm":0,"v":15.28}
ngr/loco/9950011/state/start_mm 93
ngr/loco/9950011/state/loopstat {"loop_max_gap_ms":34,"hall_task_max_gap_ms":2,"hall_task_age_ms":1,"baseline":1413,"raw":1371,"delta":-42,"queue_drops":0,"floor_rejects":338,"queue_high_water":1,"mqtt_connect_ms":33,"mqtt_attempts":2,"pub_drops":61,"pub_queue_hw":2,"cmd_drops":0,"pub_per_s":6,"marker_pub_drops":0,"marker_pub_hw":1,"nav":"NO_QUORUM","mm":93,"miss_streak":3,"pwm":0,"lost_markers":248,"lost_ms":109614,"motor_dir":"FWD"}
ngr/loco/9950011/alert {"level":"NO_QUORUM","reason":"STATUS","loco":"9950011","uptime_ms":223865,"nav":"NO_QUORUM","moving":0,"pwm":0,"est_mm_s":1195,"dir":"CCW","session_dir":"CCW","mdir":"FWD","rear":11,"front":88,"env":52150,"lc_mm":11,"last_confirmed_landmark":"","age_ms":119863,"since":260,"dead_reckoned_mm":93,"candidate_mm":90,"viable":[2,3,4],"lostm":248,"lost_ms":110001,"agree":13,"disagree":11,"losts":1,"auto":0}
ngr/loco/9950011/mm/marker {"mm":92,"landmark":"","obs":"S","peak":118,"ms":741,"drift":-1,"dt":270,"timing_gate":"LOW_PWM","dt_expected":0,"dt_conserve_ratio":-1.00,"pwm":0,"v":15.28}
ngr/loco/9950011/mm/marker {"mm":91,"landmark":"","obs":"N","peak":48,"ms":81,"drift":0,"dt":745,"timing_gate":"LOW_PWM","dt_expected":0,"dt_conserve_ratio":-1.00,"pwm":0,"v":15.28}
ngr/loco/9950011/mm/marker {"mm":90,"landmark":"","obs":"S","peak":43,"ms":100,"drift":0,"dt":134,"timing_gate":"LOW_PWM","dt_expected":0,"dt_conserve_ratio":-1.00,"pwm":0,"v":15.28}
ngr/loco/9950011/mm/marker {"mm":89,"landmark":"","obs":"S","peak":70,"ms":111,"drift":0,"dt":115,"timing_gate":"LOW_PWM","dt_expected":0,"dt_conserve_ratio":-1.00,"pwm":0,"v":15.28}
ngr/loco/9950011/state/loopstat {"loop_max_gap_ms":34,"hall_task_max_gap_ms":2,"hall_task_age_ms":1,"baseline":1412,"raw":1411,"delta":-1,"queue_drops":0,"floor_rejects":340,"queue_high_water":1,"mqtt_connect_ms":33,"mqtt_attempts":2,"pub_drops":61,"pub_queue_hw":1,"cmd_drops":0,"pub_per_s":5,"marker_pub_drops":0,"marker_pub_hw":1,"nav":"NO_QUORUM","mm":89,"miss_streak":3,"pwm":0,"lost_markers":252,"lost_ms":110614,"motor_dir":"FWD"}
ngr/loco/9950011/state/start_mm 89
ngr/loco/9950011/mm/marker {"mm":88,"landmark":"","obs":"N","peak":49,"ms":49,"drift":0,"dt":260,"timing_gate":"LOW_PWM","dt_expected":0,"dt_conserve_ratio":-1.00,"pwm":0,"v":15.28}
ngr/loco/9950011/alert {"level":"NO_QUORUM","reason":"STATUS","loco":"9950011","uptime_ms":224865,"nav":"NO_QUORUM","moving":0,"pwm":0,"est_mm_s":1173,"dir":"CCW","session_dir":"CCW","mdir":"FWD","rear":11,"front":83,"env":52150,"lc_mm":11,"last_confirmed_landmark":"","age_ms":120863,"since":265,"dead_reckoned_mm":88,"candidate_mm":85,"viable":[2,3,4],"lostm":253,"lost_ms":111001,"agree":13,"disagree":11,"losts":1,"auto":0}
ngr/loco/9950011/mm/marker {"mm":87,"landmark":"","obs":"S","peak":56,"ms":155,"drift":-1,"dt":251,"timing_gate":"LOW_PWM","dt_expected":0,"dt_conserve_ratio":-1.00,"pwm":0,"v":15.28}
ngr/loco/9950011/telem/voltage 15.28
ngr/loco/9950011/telem/current 0.18
ngr/loco/9950011/telem/power 2.80
ngr/loco/9950011/mm/marker {"mm":86,"landmark":"","obs":"S","peak":38,"ms":65,"drift":0,"dt":168,"timing_gate":"LOW_PWM","dt_expected":0,"dt_conserve_ratio":-1.00,"pwm":0,"v":15.28}
ngr/loco/9950011/mm/marker {"mm":85,"landmark":"","obs":"N","peak":61,"ms":87,"drift":0,"dt":78,"timing_gate":"LOW_PWM","dt_expected":0,"dt_conserve_ratio":-1.00,"pwm":0,"v":15.28}
ngr/loco/9950011/mm/marker {"mm":84,"landmark":"","obs":"S","peak":53,"ms":156,"drift":-1,"dt":202,"timing_gate":"LOW_PWM","dt_expected":0,"dt_conserve_ratio":-1.00,"pwm":0,"v":15.28}
ngr/loco/9950011/state/loopstat {"loop_max_gap_ms":33,"hall_task_max_gap_ms":2,"hall_task_age_ms":1,"baseline":1410,"raw":1390,"delta":-20,"queue_drops":0,"floor_rejects":342,"queue_high_water":1,"mqtt_connect_ms":33,"mqtt_attempts":2,"pub_drops":61,"pub_queue_hw":3,"cmd_drops":0,"pub_per_s":10,"marker_pub_drops":0,"marker_pub_hw":1,"nav":"NO_QUORUM","mm":84,"miss_streak":3,"pwm":0,"lost_markers":257,"lost_ms":111614,"motor_dir":"FWD"}
ngr/loco/9950011/state/start_mm 84
ngr/loco/9950011/mm/marker {"mm":83,"landmark":"","obs":"S","peak":45,"ms":61,"drift":0,"dt":250,"timing_gate":"LOW_PWM","dt_expected":0,"dt_conserve_ratio":-1.00,"pwm":0,"v":15.28}
ngr/loco/9950011/mm/marker {"mm":82,"landmark":"","obs":"N","peak":59,"ms":40,"drift":0,"dt":267,"timing_gate":"LOW_PWM","dt_expected":0,"dt_conserve_ratio":-1.00,"pwm":0,"v":15.28}
ngr/loco/9950011/alert {"level":"NO_QUORUM","reason":"STATUS","loco":"9950011","uptime_ms":225865,"nav":"NO_QUORUM","moving":0,"pwm":0,"est_mm_s":1142,"dir":"CCW","session_dir":"CCW","mdir":"FWD","rear":11,"front":77,"env":52150,"lc_mm":11,"last_confirmed_landmark":"","age_ms":121863,"since":271,"dead_reckoned_mm":82,"candidate_mm":79,"viable":[2,3,4],"lostm":259,"lost_ms":112001,"agree":13,"disagree":11,"losts":1,"auto":0}
ngr/loco/9950011/mm/marker {"mm":81,"landmark":"","obs":"N","peak":56,"ms":561,"drift":-1,"dt":102,"timing_gate":"LOW_PWM","dt_expected":0,"dt_conserve_ratio":-1.00,"pwm":0,"v":15.28}
ngr/loco/9950011/state/start_mm 81
ngr/loco/9950011/state/loopstat {"loop_max_gap_ms":33,"hall_task_max_gap_ms":3,"hall_task_age_ms":1,"baseline":1409,"raw":1386,"delta":-23,"queue_drops":0,"floor_rejects":343,"queue_high_water":1,"mqtt_connect_ms":33,"mqtt_attempts":2,"pub_drops":61,"pub_queue_hw":2,"cmd_drops":0,"pub_per_s":6,"marker_pub_drops":0,"marker_pub_hw":1,"nav":"NO_QUORUM","mm":81,"miss_streak":3,"pwm":0,"lost_markers":260,"lost_ms":112614,"motor_dir":"FWD"}
ngr/loco/9950011/mm/marker {"mm":80,"landmark":"","obs":"S","peak":44,"ms":87,"drift":0,"dt":603,"timing_gate":"LOW_PWM","dt_expected":0,"dt_conserve_ratio":-1.00,"pwm":0,"v":15.28}
ngr/loco/9950011/mm/marker {"mm":79,"landmark":"","obs":"N","peak":63,"ms":138,"drift":0,"dt":173,"timing_gate":"LOW_PWM","dt_expected":0,"dt_conserve_ratio":-1.00,"pwm":0,"v":15.28}
ngr/loco/9950011/alert {"level":"NO_QUORUM","reason":"STATUS","loco":"9950011","uptime_ms":226865,"nav":"NO_QUORUM","moving":0,"pwm":0,"est_mm_s":1763,"dir":"CCW","session_dir":"CCW","mdir":"FWD","rear":11,"front":74,"env":52150,"lc_mm":11,"last_confirmed_landmark":"","age_ms":122863,"since":274,"dead_reckoned_mm":79,"candidate_mm":76,"viable":[2,3,4],"lostm":262,"lost_ms":113001,"agree":13,"disagree":11,"losts":1,"auto":0}
ngr/loco/9950011/mm/marker {"mm":78,"landmark":"","obs":"N","peak":61,"ms":73,"drift":0,"dt":144,"timing_gate":"LOW_PWM","dt_expected":0,"dt_conserve_ratio":-1.00,"pwm":0,"v":15.28}
ngr/loco/9950011/mm/marker {"mm":77,"landmark":"","obs":"N","peak":64,"ms":84,"drift":0,"dt":188,"timing_gate":"LOW_PWM","dt_expected":0,"dt_conserve_ratio":-1.00,"pwm":0,"v":15.28}
ngr/loco/9950011/mm/marker {"mm":76,"landmark":"","obs":"N","peak":54,"ms":57,"drift":0,"dt":92,"timing_gate":"LOW_PWM","dt_expected":0,"dt_conserve_ratio":-1.00,"pwm":0,"v":15.28}
ngr/loco/9950011/mm/marker {"mm":75,"landmark":"","obs":"N","peak":42,"ms":65,"drift":0,"dt":307,"timing_gate":"LOW_PWM","dt_expected":0,"dt_conserve_ratio":-1.00,"pwm":0,"v":15.28}
ngr/loco/9950011/state/start_mm 75
ngr/loco/9950011/state/loopstat {"loop_max_gap_ms":33,"hall_task_max_gap_ms":2,"hall_task_age_ms":1,"baseline":1408,"raw":1407,"delta":-1,"queue_drops":0,"floor_rejects":347,"queue_high_water":1,"mqtt_connect_ms":33,"mqtt_attempts":2,"pub_drops":61,"pub_queue_hw":1,"cmd_drops":0,"pub_per_s":8,"marker_pub_drops":0,"marker_pub_hw":1,"nav":"NO_QUORUM","mm":75,"miss_streak":3,"pwm":0,"lost_markers":266,"lost_ms":113614,"motor_dir":"FWD"}
ngr/loco/9950011/mm/marker {"mm":74,"landmark":"","obs":"S","peak":39,"ms":74,"drift":0,"dt":95,"timing_gate":"LOW_PWM","dt_expected":0,"dt_conserve_ratio":-1.00,"pwm":0,"v":15.28}
ngr/loco/9950011/mm/marker {"mm":73,"landmark":"","obs":"S","peak":50,"ms":40,"drift":0,"dt":79,"timing_gate":"LOW_PWM","dt_expected":0,"dt_conserve_ratio":-1.00,"pwm":0,"v":15.28}
ngr/loco/9950011/alert {"level":"NO_QUORUM","reason":"STATUS","loco":"9950011","uptime_ms":227865,"nav":"NO_QUORUM","moving":0,"pwm":0,"est_mm_s":3797,"dir":"CCW","session_dir":"CCW","mdir":"FWD","rear":11,"front":68,"env":52150,"lc_mm":11,"last_confirmed_landmark":"","age_ms":123863,"since":280,"dead_reckoned_mm":73,"candidate_mm":70,"viable":[2,3,4],"lostm":268,"lost_ms":114001,"agree":13,"disagree":11,"losts":1,"auto":0}
ngr/loco/9950011/mm/marker {"mm":72,"landmark":"Westpoint","obs":"S","peak":52,"ms":177,"drift":-2,"dt":153,"timing_gate":"LOW_PWM","dt_expected":0,"dt_conserve_ratio":-1.00,"pwm":0,"v":15.28}
ngr/loco/9950011/mm/marker {"mm":71,"landmark":"","obs":"N","peak":68,"ms":94,"drift":0,"dt":187,"timing_gate":"LOW_PWM","dt_expected":0,"dt_conserve_ratio":-1.00,"pwm":0,"v":15.28}
ngr/loco/9950011/mm/marker {"mm":70,"landmark":"","obs":"N","peak":55,"ms":121,"drift":0,"dt":194,"timing_gate":"LOW_PWM","dt_expected":0,"dt_conserve_ratio":-1.00,"pwm":0,"v":15.28}
ngr/loco/9950011/mm/marker {"mm":69,"landmark":"","obs":"N","peak":53,"ms":42,"drift":0,"dt":127,"timing_gate":"LOW_PWM","dt_expected":0,"dt_conserve_ratio":-1.00,"pwm":0,"v":15.28}
ngr/loco/9950011/mm/marker {"mm":68,"landmark":"","obs":"N","peak":46,"ms":82,"drift":0,"dt":97,"timing_gate":"LOW_PWM","dt_expected":0,"dt_conserve_ratio":-1.00,"pwm":0,"v":15.28}
ngr/loco/9950011/state/start_mm 68
ngr/loco/9950011/state/loopstat {"loop_max_gap_ms":34,"hall_task_max_gap_ms":2,"hall_task_age_ms":1,"baseline":1406,"raw":1436,"delta":30,"queue_drops":0,"floor_rejects":350,"queue_high_water":1,"mqtt_connect_ms":33,"mqtt_attempts":2,"pub_drops":61,"pub_queue_hw":1,"cmd_drops":0,"pub_per_s":9,"marker_pub_drops":0,"marker_pub_hw":1,"nav":"NO_QUORUM","mm":68,"miss_streak":3,"pwm":0,"lost_markers":273,"lost_ms":114614,"motor_dir":"FWD"}
ngr/loco/9950011/mm/marker {"mm":67,"landmark":"","obs":"N","peak":67,"ms":97,"drift":0,"dt":103,"timing_gate":"LOW_PWM","dt_expected":0,"dt_conserve_ratio":-1.00,"pwm":0,"v":15.28}
ngr/loco/9950011/mm/marker {"mm":66,"landmark":"","obs":"N","peak":59,"ms":75,"drift":0,"dt":121,"timing_gate":"LOW_PWM","dt_expected":0,"dt_conserve_ratio":-1.00,"pwm":0,"v":15.28}
ngr/loco/9950011/mm/marker {"mm":65,"landmark":"","obs":"N","peak":57,"ms":43,"drift":0,"dt":79,"timing_gate":"LOW_PWM","dt_expected":0,"dt_conserve_ratio":-1.00,"pwm":0,"v":15.28}
ngr/loco/9950011/mm/marker {"mm":64,"landmark":"","obs":"S","peak":44,"ms":52,"drift":0,"dt":48,"timing_gate":"LOW_PWM","dt_expected":0,"dt_conserve_ratio":-1.00,"pwm":0,"v":15.28}
ngr/loco/9950011/mm/marker {"mm":63,"landmark":"Grillers","obs":"N","peak":69,"ms":93,"drift":0,"dt":57,"timing_gate":"LOW_PWM","dt_expected":0,"dt_conserve_ratio":-1.00,"pwm":0,"v":15.28}
ngr/loco/9950011/alert {"level":"NO_QUORUM","reason":"STATUS","loco":"9950011","uptime_ms":228865,"nav":"NO_QUORUM","moving":0,"pwm":0,"est_mm_s":5701,"dir":"CCW","session_dir":"CCW","mdir":"FWD","rear":11,"front":58,"env":52150,"lc_mm":11,"last_confirmed_landmark":"","age_ms":124863,"since":290,"dead_reckoned_mm":63,"candidate_mm":60,"viable":[2,3,4],"lostm":278,"lost_ms":115001,"agree":13,"disagree":11,"losts":1,"auto":0}
ngr/loco/9950011/mm/marker {"mm":62,"landmark":"","obs":"S","peak":47,"ms":47,"drift":0,"dt":120,"timing_gate":"LOW_PWM","dt_expected":0,"dt_conserve_ratio":-1.00,"pwm":0,"v":15.28}
ngr/loco/9950011/mm/marker {"mm":61,"landmark":"","obs":"N","peak":44,"ms":46,"drift":0,"dt":127,"timing_gate":"LOW_PWM","dt_expected":0,"dt_conserve_ratio":-1.00,"pwm":0,"v":15.28}
ngr/loco/9950011/mm/marker {"mm":60,"landmark":"","obs":"N","peak":75,"ms":80,"drift":0,"dt":54,"timing_gate":"LOW_PWM","dt_expected":0,"dt_conserve_ratio":-1.00,"pwm":0,"v":15.28}
ngr/loco/9950011/mm/marker {"mm":59,"landmark":"","obs":"S","peak":54,"ms":135,"drift":0,"dt":87,"timing_gate":"LOW_PWM","dt_expected":0,"dt_conserve_ratio":-1.00,"pwm":0,"v":15.28}
ngr/loco/9950011/state/start_mm 59
ngr/loco/9950011/state/loopstat {"loop_max_gap_ms":34,"hall_task_max_gap_ms":2,"hall_task_age_ms":1,"baseline":1405,"raw":1384,"delta":-21,"queue_drops":0,"floor_rejects":351,"queue_high_water":1,"mqtt_connect_ms":33,"mqtt_attempts":2,"pub_drops":61,"pub_queue_hw":1,"cmd_drops":0,"pub_per_s":11,"marker_pub_drops":0,"marker_pub_hw":1,"nav":"NO_QUORUM","mm":59,"miss_streak":3,"pwm":0,"lost_markers":282,"lost_ms":115614,"motor_dir":"FWD"}
ngr/loco/9950011/mm/marker {"mm":58,"landmark":"","obs":"S","peak":40,"ms":47,"drift":0,"dt":350,"timing_gate":"LOW_PWM","dt_expected":0,"dt_conserve_ratio":-1.00,"pwm":0,"v":15.28}
ngr/loco/9950011/mm/marker {"mm":57,"landmark":"","obs":"N","peak":71,"ms":118,"drift":0,"dt":249,"timing_gate":"LOW_PWM","dt_expected":0,"dt_conserve_ratio":-1.00,"pwm":0,"v":15.28}
ngr/loco/9950011/alert {"level":"NO_QUORUM","reason":"STATUS","loco":"9950011","uptime_ms":229865,"nav":"NO_QUORUM","moving":0,"pwm":0,"est_mm_s":1184,"dir":"CCW","session_dir":"CCW","mdir":"FWD","rear":11,"front":52,"env":52150,"lc_mm":11,"last_confirmed_landmark":"","age_ms":125863,"since":296,"dead_reckoned_mm":57,"candidate_mm":54,"viable":[2,3,4],"lostm":284,"lost_ms":116001,"agree":13,"disagree":11,"losts":1,"auto":0}
ngr/loco/9950011/telem/voltage 15.28
ngr/loco/9950011/telem/current 0.18
ngr/loco/9950011/telem/power 2.76
ngr/loco/9950011/mm/marker {"mm":56,"landmark":"","obs":"S","peak":53,"ms":153,"drift":0,"dt":268,"timing_gate":"LOW_PWM","dt_expected":0,"dt_conserve_ratio":-1.00,"pwm":0,"v":15.28}
ngr/loco/9950011/cmd/throttle 4
ngr/loco/9950011/cmd/throttle 7
ngr/loco/9950011/cmd/throttle 12
ngr/loco/9950011/mm/marker {"mm":55,"landmark":"","obs":"N","peak":54,"ms":111,"drift":0,"dt":161,"timing_gate":"LOW_PWM","dt_expected":0,"dt_conserve_ratio":-1.00,"pwm":0,"v":15.28}
ngr/loco/9950011/cmd/throttle 28
ngr/loco/9950011/cmd/throttle 32
ngr/loco/9950011/cmd/throttle 36
ngr/loco/9950011/cmd/throttle 40
ngr/loco/9950011/cmd/throttle 42
ngr/loco/9950011/state/throttle 12
ngr/loco/9950011/cmd/throttle 43
ngr/loco/9950011/state/start_mm 55
ngr/loco/9950011/state/loopstat {"loop_max_gap_ms":34,"hall_task_max_gap_ms":2,"hall_task_age_ms":1,"baseline":1405,"raw":1424,"delta":19,"queue_drops":0,"floor_rejects":354,"queue_high_water":1,"mqtt_connect_ms":33,"mqtt_attempts":2,"pub_drops":61,"pub_queue_hw":3,"cmd_drops":0,"pub_per_s":10,"marker_pub_drops":0,"marker_pub_hw":1,"nav":"NO_QUORUM","mm":55,"miss_streak":3,"pwm":1,"lost_markers":286,"lost_ms":116614,"motor_dir":"FWD"}
ngr/loco/9950011/mm/marker {"mm":54,"landmark":"","obs":"N","peak":97,"ms":298,"drift":0,"dt":133,"timing_gate":"LOW_PWM","dt_expected":0,"dt_conserve_ratio":-1.00,"pwm":0,"v":15.28}
ngr/loco/9950011/mm/marker {"mm":53,"landmark":"","obs":"N","peak":74,"ms":59,"drift":0,"dt":301,"timing_gate":"LOW_PWM","dt_expected":0,"dt_conserve_ratio":-1.00,"pwm":2,"v":15.28}
ngr/loco/9950011/cmd/throttle 44
ngr/loco/9950011/cmd/throttle 45
ngr/loco/9950011/mm/marker {"mm":52,"landmark":"","obs":"N","peak":62,"ms":125,"drift":0,"dt":63,"timing_gate":"LOW_PWM","dt_expected":0,"dt_conserve_ratio":-1.00,"pwm":2,"v":15.28}
ngr/loco/9950011/cmd/throttle 47
ngr/loco/9950011/cmd/throttle 49
ngr/loco/9950011/cmd/throttle 50
ngr/loco/9950011/cmd/throttle 53
ngr/loco/9950011/alert {"level":"NO_QUORUM","reason":"STATUS","loco":"9950011","uptime_ms":230865,"nav":"NO_QUORUM","moving":1,"pwm":4,"est_mm_s":4761,"dir":"CCW","session_dir":"CCW","mdir":"FWD","rear":11,"front":47,"env":52150,"lc_mm":11,"last_confirmed_landmark":"","age_ms":126863,"since":301,"dead_reckoned_mm":52,"candidate_mm":49,"viable":[2,3,4],"lostm":289,"lost_ms":117001,"agree":13,"disagree":11,"losts":1,"auto":0}
ngr/loco/9950011/cmd/throttle 55
ngr/loco/9950011/cmd/throttle 56
ngr/loco/9950011/cmd/throttle 58
ngr/loco/9950011/mm/marker {"mm":51,"landmark":"","obs":"N","peak":90,"ms":209,"drift":0,"dt":133,"timing_gate":"LOW_PWM","dt_expected":0,"dt_conserve_ratio":-1.00,"pwm":3,"v":15.28}
ngr/loco/9950011/cmd/throttle 59
ngr/loco/9950011/cmd/throttle 61
ngr/loco/9950011/cmd/throttle 62
ngr/loco/9950011/cmd/throttle 64
ngr/loco/9950011/cmd/throttle 67
ngr/loco/9950011/cmd/throttle 68
ngr/loco/9950011/mm/marker {"mm":50,"landmark":"","obs":"N","peak":93,"ms":251,"drift":0,"dt":212,"timing_gate":"LOW_PWM","dt_expected":0,"dt_conserve_ratio":-1.00,"pwm":5,"v":15.28}
ngr/loco/9950011/state/throttle 68
ngr/loco/9950011/state/start_mm 50
ngr/loco/9950011/state/loopstat {"loop_max_gap_ms":33,"hall_task_max_gap_ms":2,"hall_task_age_ms":1,"baseline":1405,"raw":1453,"delta":48,"queue_drops":0,"floor_rejects":355,"queue_high_water":1,"mqtt_connect_ms":33,"mqtt_attempts":2,"pub_drops":61,"pub_queue_hw":2,"cmd_drops":0,"pub_per_s":8,"marker_pub_drops":0,"marker_pub_hw":1,"nav":"NO_QUORUM","mm":50,"miss_streak":3,"pwm":8,"lost_markers":291,"lost_ms":117614,"motor_dir":"FWD"}
ngr/loco/9950011/mm/marker {"mm":49,"landmark":"","obs":"N","peak":102,"ms":300,"drift":0,"dt":313,"timing_gate":"LOW_PWM","dt_expected":0,"dt_conserve_ratio":-1.00,"pwm":7,"v":15.28}
ngr/loco/9950011/cmd/throttle 69
ngr/loco/9950011/cmd/throttle 70
ngr/loco/9950011/cmd/throttle 71
ngr/loco/9950011/cmd/throttle 77
ngr/loco/9950011/mm/marker {"mm":48,"landmark":"","obs":"N","peak":75,"ms":114,"drift":0,"dt":304,"timing_gate":"LOW_PWM","dt_expected":0,"dt_conserve_ratio":-1.00,"pwm":9,"v":15.28}
ngr/loco/9950011/mm/marker {"mm":47,"landmark":"","obs":"N","peak":44,"ms":82,"drift":0,"dt":127,"timing_gate":"LOW_PWM","dt_expected":0,"dt_conserve_ratio":-1.00,"pwm":10,"v":15.28}
ngr/loco/9950011/alert {"level":"NO_QUORUM","reason":"STATUS","loco":"9950011","uptime_ms":231865,"nav":"NO_QUORUM","moving":1,"pwm":11,"est_mm_s":2362,"dir":"CCW","session_dir":"CCW","mdir":"FWD","rear":11,"front":42,"env":52150,"lc_mm":11,"last_confirmed_landmark":"","age_ms":127863,"since":306,"dead_reckoned_mm":47,"candidate_mm":44,"viable":[2,3,4],"lostm":294,"lost_ms":118001,"agree":13,"disagree":11,"losts":1,"auto":0}
ngr/loco/9950011/mm/marker {"mm":46,"landmark":"","obs":"N","peak":47,"ms":62,"drift":0,"dt":158,"timing_gate":"LOW_PWM","dt_expected":0,"dt_conserve_ratio":-1.00,"pwm":11,"v":15.28}
ngr/loco/9950011/mm/marker {"mm":45,"landmark":"","obs":"N","peak":102,"ms":109,"drift":0,"dt":232,"timing_gate":"LOW_PWM","dt_expected":0,"dt_conserve_ratio":-1.00,"pwm":12,"v":15.28}
ngr/loco/9950011/cmd/throttle 78
ngr/loco/9950011/mm/marker {"mm":44,"landmark":"","obs":"S","peak":38,"ms":105,"drift":0,"dt":116,"timing_gate":"LOW_PWM","dt_expected":0,"dt_conserve_ratio":-1.00,"pwm":13,"v":15.28}
ngr/loco/9950011/cmd/throttle 80
ngr/loco/9950011/cmd/throttle 82
ngr/loco/9950011/cmd/throttle 85
ngr/loco/9950011/cmd/throttle 91
ngr/loco/9950011/state/throttle 85
ngr/loco/9950011/state/start_mm 44
ngr/loco/9950011/cmd/throttle 92
ngr/loco/9950011/state/loopstat {"loop_max_gap_ms":33,"hall_task_max_gap_ms":2,"hall_task_age_ms":1,"baseline":1404,"raw":1385,"delta":-19,"queue_drops":0,"floor_rejects":358,"queue_high_water":1,"mqtt_connect_ms":33,"mqtt_attempts":2,"pub_drops":61,"pub_queue_hw":2,"cmd_drops":0,"pub_per_s":9,"marker_pub_drops":0,"marker_pub_hw":1,"nav":"NO_QUORUM","mm":44,"miss_streak":3,"pwm":15,"lost_markers":297,"lost_ms":118614,"motor_dir":"FWD"}
ngr/loco/9950011/mm/marker {"mm":43,"landmark":"","obs":"N","peak":94,"ms":88,"drift":0,"dt":249,"timing_gate":"LOW_PWM","dt_expected":0,"dt_conserve_ratio":-1.00,"pwm":15,"v":15.28}
ngr/loco/9950011/cmd/throttle 93
ngr/loco/9950011/mm/marker {"mm":42,"landmark":"","obs":"S","peak":42,"ms":149,"drift":0,"dt":93,"timing_gate":"LOW_PWM","dt_expected":0,"dt_conserve_ratio":-1.00,"pwm":15,"v":15.28}
ngr/loco/9950011/cmd/throttle 99
ngr/loco/9950011/alert {"level":"NO_QUORUM","reason":"STATUS","loco":"9950011","uptime_ms":232865,"nav":"NO_QUORUM","moving":1,"pwm":17,"est_mm_s":3225,"dir":"CCW","session_dir":"CCW","mdir":"FWD","rear":11,"front":37,"env":52150,"lc_mm":11,"last_confirmed_landmark":"","age_ms":128863,"since":311,"dead_reckoned_mm":42,"candidate_mm":39,"viable":[2,3,4],"lostm":299,"lost_ms":119001,"agree":13,"disagree":11,"losts":1,"auto":0}
ngr/loco/9950011/mm/marker {"mm":41,"landmark":"","obs":"N","peak":84,"ms":303,"drift":0,"dt":156,"timing_gate":"LOW_PWM","dt_expected":0,"dt_conserve_ratio":-1.00,"pwm":16,"v":15.28}
ngr/loco/9950011/cmd/throttle 104
ngr/loco/9950011/mm/marker {"mm":40,"landmark":"","obs":"N","peak":98,"ms":49,"drift":0,"dt":314,"timing_gate":"LOW_PWM","dt_expected":0,"dt_conserve_ratio":-1.00,"pwm":19,"v":15.28}
ngr/loco/9950011/mm/marker {"mm":39,"landmark":"","obs":"N","peak":42,"ms":87,"drift":0,"dt":107,"timing_gate":"LOW_PWM","dt_expected":0,"dt_conserve_ratio":-1.00,"pwm":19,"v":15.28}
ngr/loco/9950011/mm/marker {"mm":38,"landmark":"","obs":"S","peak":74,"ms":81,"drift":0,"dt":104,"timing_gate":"LOW_PWM","dt_expected":0,"dt_conserve_ratio":-1.00,"pwm":20,"v":15.28}
ngr/loco/9950011/mm/marker {"mm":37,"landmark":"","obs":"N","peak":57,"ms":43,"drift":0,"dt":105,"timing_gate":"LOW_PWM","dt_expected":0,"dt_conserve_ratio":-1.00,"pwm":21,"v":15.28}
ngr/loco/9950011/state/throttle 104
ngr/loco/9950011/state/start_mm 37
ngr/loco/9950011/state/loopstat {"loop_max_gap_ms":34,"hall_task_max_gap_ms":3,"hall_task_age_ms":1,"baseline":1404,"raw":1410,"delta":6,"queue_drops":0,"floor_rejects":358,"queue_high_water":1,"mqtt_connect_ms":33,"mqtt_attempts":2,"pub_drops":61,"pub_queue_hw":2,"cmd_drops":0,"pub_per_s":10,"marker_pub_drops":0,"marker_pub_hw":1,"nav":"NO_QUORUM","mm":37,"miss_streak":3,"pwm":21,"lost_markers":304,"lost_ms":119614,"motor_dir":"FWD"}
ngr/loco/9950011/cmd/throttle 103
ngr/loco/9950011/mm/marker {"mm":36,"landmark":"","obs":"N","peak":101,"ms":72,"drift":0,"dt":91,"timing_gate":"LOW_PWM","dt_expected":0,"dt_conserve_ratio":-1.00,"pwm":21,"v":15.28}
ngr/loco/9950011/mm/marker {"mm":35,"landmark":"","obs":"N","peak":65,"ms":130,"drift":0,"dt":122,"timing_gate":"LOW_PWM","dt_expected":0,"dt_conserve_ratio":-1.00,"pwm":22,"v":15.28}
ngr/loco/9950011/alert {"level":"NO_QUORUM","reason":"STATUS","loco":"9950011","uptime_ms":233865,"nav":"NO_QUORUM","moving":1,"pwm":24,"est_mm_s":2459,"dir":"CCW","session_dir":"CCW","mdir":"FWD","rear":11,"front":30,"env":52150,"lc_mm":11,"last_confirmed_landmark":"","age_ms":129863,"since":318,"dead_reckoned_mm":35,"candidate_mm":32,"viable":[2,3,4],"lostm":306,"lost_ms":120001,"agree":13,"disagree":11,"losts":1,"auto":0}
ngr/loco/9950011/mm/marker {"mm":34,"landmark":"","obs":"N","peak":84,"ms":82,"drift":-1,"dt":245,"timing_gate":"LOW_PWM","dt_expected":0,"dt_conserve_ratio":-1.00,"pwm":24,"v":15.28}
ngr/loco/9950011/mm/marker {"mm":33,"landmark":"","obs":"N","peak":54,"ms":61,"drift":0,"dt":347,"timing_gate":"LOW_PWM","dt_expected":0,"dt_conserve_ratio":-1.00,"pwm":26,"v":15.28}
ngr/loco/9950011/state/throttle 103
ngr/loco/9950011/state/start_mm 33
ngr/loco/9950011/state/loopstat {"loop_max_gap_ms":33,"hall_task_max_gap_ms":3,"hall_task_age_ms":1,"baseline":1403,"raw":1370,"delta":-33,"queue_drops":0,"floor_rejects":361,"queue_high_water":1,"mqtt_connect_ms":33,"mqtt_attempts":2,"pub_drops":61,"pub_queue_hw":2,"cmd_drops":0,"pub_per_s":7,"marker_pub_drops":0,"marker_pub_hw":1,"nav":"NO_QUORUM","mm":33,"miss_streak":3,"pwm":28,"lost_markers":308,"lost_ms":120614,"motor_dir":"FWD"}
ngr/loco/9950011/mm/marker {"mm":32,"landmark":"","obs":"N","peak":70,"ms":336,"drift":0,"dt":69,"timing_gate":"LOW_PWM","dt_expected":0,"dt_conserve_ratio":-1.00,"pwm":26,"v":15.28}
ngr/loco/9950011/mm/marker {"mm":31,"landmark":"","obs":"N","peak":66,"ms":108,"drift":0,"dt":389,"timing_gate":"LOW_PWM","dt_expected":0,"dt_conserve_ratio":-1.00,"pwm":29,"v":15.28}
ngr/loco/9950011/mm/marker {"mm":30,"landmark":"","obs":"N","peak":57,"ms":70,"drift":0,"dt":125,"timing_gate":"LOW_PWM","dt_expected":0,"dt_conserve_ratio":-1.00,"pwm":30,"v":15.28}
ngr/loco/9950011/alert {"level":"NO_QUORUM","reason":"STATUS","loco":"9950011","uptime_ms":234865,"nav":"NO_QUORUM","moving":1,"pwm":31,"est_mm_s":2640,"dir":"CCW","session_dir":"CCW","mdir":"FWD","rear":11,"front":25,"env":52150,"lc_mm":11,"last_confirmed_landmark":"","age_ms":130863,"since":323,"dead_reckoned_mm":30,"candidate_mm":27,"viable":[2,3,4],"lostm":311,"lost_ms":121001,"agree":13,"disagree":11,"losts":1,"auto":0}
ngr/loco/9950011/mm/marker {"mm":29,"landmark":"","obs":"N","peak":53,"ms":100,"drift":0,"dt":78,"timing_gate":"LOW_PWM","dt_expected":0,"dt_conserve_ratio":-1.00,"pwm":30,"v":15.28}
ngr/loco/9950011/telem/voltage 15.27
ngr/loco/9950011/telem/current 0.23
ngr/loco/9950011/telem/power 3.55
ngr/loco/9950011/mm/marker {"mm":28,"landmark":"","obs":"N","peak":71,"ms":122,"drift":0,"dt":204,"timing_gate":"LOW_PWM","dt_expected":0,"dt_conserve_ratio":-1.00,"pwm":32,"v":15.27}
ngr/loco/9950011/mm/marker {"mm":27,"landmark":"","obs":"N","peak":45,"ms":233,"drift":0,"dt":164,"timing_gate":"LOW_PWM","dt_expected":0,"dt_conserve_ratio":-1.00,"pwm":33,"v":15.27}
ngr/loco/9950011/state/start_mm 27
ngr/loco/9950011/state/loopstat {"loop_max_gap_ms":34,"hall_task_max_gap_ms":2,"hall_task_age_ms":1,"baseline":1402,"raw":1424,"delta":22,"queue_drops":0,"floor_rejects":363,"queue_high_water":1,"mqtt_connect_ms":33,"mqtt_attempts":2,"pub_drops":61,"pub_queue_hw":3,"cmd_drops":0,"pub_per_s":11,"marker_pub_drops":0,"marker_pub_hw":1,"nav":"NO_QUORUM","mm":27,"miss_streak":3,"pwm":35,"lost_markers":314,"lost_ms":121614,"motor_dir":"FWD"}
ngr/loco/9950011/alert {"level":"NO_QUORUM","reason":"STATUS","loco":"9950011","uptime_ms":235865,"nav":"NO_QUORUM","moving":1,"pwm":37,"est_mm_s":1829,"dir":"CCW","session_dir":"CCW","mdir":"FWD","rear":11,"front":22,"env":52150,"lc_mm":11,"last_confirmed_landmark":"","age_ms":131863,"since":326,"dead_reckoned_mm":27,"candidate_mm":24,"viable":[2,3,4],"lostm":314,"lost_ms":122001,"agree":13,"disagree":11,"losts":1,"auto":0}
ngr/loco/9950011/mm/marker {"mm":26,"landmark":"","obs":"S","peak":70,"ms":718,"drift":0,"dt":442,"timing_gate":"LOW_PWM","dt_expected":0,"dt_conserve_ratio":-1.00,"pwm":36,"v":15.27}
ngr/loco/9950011/state/start_mm 26
ngr/loco/9950011/state/loopstat {"loop_max_gap_ms":33,"hall_task_max_gap_ms":3,"hall_task_age_ms":1,"baseline":1402,"raw":1398,"delta":-4,"queue_drops":0,"floor_rejects":366,"queue_high_water":0,"mqtt_connect_ms":33,"mqtt_attempts":2,"pub_drops":61,"pub_queue_hw":1,"cmd_drops":0,"pub_per_s":3,"marker_pub_drops":0,"marker_pub_hw":1,"nav":"NO_QUORUM","mm":26,"miss_streak":3,"pwm":41,"lost_markers":315,"lost_ms":122614,"motor_dir":"FWD"}
ngr/loco/9950011/alert {"level":"NO_QUORUM","reason":"STATUS","loco":"9950011","uptime_ms":236865,"nav":"NO_QUORUM","moving":1,"pwm":44,"est_mm_s":678,"dir":"CCW","session_dir":"CCW","mdir":"FWD","rear":11,"front":21,"env":52150,"lc_mm":11,"last_confirmed_landmark":"","age_ms":132863,"since":327,"dead_reckoned_mm":26,"candidate_mm":23,"viable":[2,3,4],"lostm":315,"lost_ms":123001,"agree":13,"disagree":11,"losts":1,"auto":0}
ngr/loco/9950011/mm/marker {"mm":25,"landmark":"","obs":"N","peak":60,"ms":544,"drift":0,"dt":841,"timing_gate":"RAMP","dt_expected":0,"dt_conserve_ratio":-1.00,"pwm":41,"v":15.27}
ngr/loco/9950011/state/start_mm 25
ngr/loco/9950011/state/loopstat {"loop_max_gap_ms":33,"hall_task_max_gap_ms":2,"hall_task_age_ms":1,"baseline":1401,"raw":1373,"delta":-28,"queue_drops":0,"floor_rejects":366,"queue_high_water":0,"mqtt_connect_ms":33,"mqtt_attempts":2,"pub_drops":61,"pub_queue_hw":1,"cmd_drops":0,"pub_per_s":3,"marker_pub_drops":0,"marker_pub_hw":1,"nav":"NO_QUORUM","mm":25,"miss_streak":3,"pwm":48,"lost_markers":316,"lost_ms":123614,"motor_dir":"FWD"}
ngr/loco/9950011/mm/marker {"mm":24,"landmark":"","obs":"S","peak":95,"ms":519,"drift":-1,"dt":551,"timing_gate":"RAMP","dt_expected":0,"dt_conserve_ratio":-1.00,"pwm":45,"v":15.27}
ngr/loco/9950011/alert {"level":"NO_QUORUM","reason":"STATUS","loco":"9950011","uptime_ms":237865,"nav":"NO_QUORUM","moving":1,"pwm":51,"est_mm_s":535,"dir":"CCW","session_dir":"CCW","mdir":"FWD","rear":11,"front":19,"env":52150,"lc_mm":11,"last_confirmed_landmark":"","age_ms":133863,"since":329,"dead_reckoned_mm":24,"candidate_mm":21,"viable":[2,3,4],"lostm":317,"lost_ms":124001,"agree":13,"disagree":11,"losts":1,"auto":0}
ngr/loco/9950011/state/start_mm 24
ngr/loco/9950011/state/loopstat {"loop_max_gap_ms":34,"hall_task_max_gap_ms":2,"hall_task_age_ms":1,"baseline":1398,"raw":1391,"delta":-7,"queue_drops":0,"floor_rejects":366,"queue_high_water":0,"mqtt_connect_ms":33,"mqtt_attempts":2,"pub_drops":61,"pub_queue_hw":1,"cmd_drops":0,"pub_per_s":3,"marker_pub_drops":0,"marker_pub_hw":1,"nav":"NO_QUORUM","mm":24,"miss_streak":3,"pwm":55,"lost_markers":317,"lost_ms":124614,"motor_dir":"FWD"}
ngr/loco/9950011/mm/marker {"mm":23,"landmark":"","obs":"S","peak":92,"ms":1163,"drift":-3,"dt":544,"timing_gate":"RAMP","dt_expected":0,"dt_conserve_ratio":-1.00,"pwm":49,"v":15.27}
ngr/loco/9950011/alert {"level":"NO_QUORUM","reason":"STATUS","loco":"9950011","uptime_ms":238865,"nav":"NO_QUORUM","moving":1,"pwm":57,"est_mm_s":551,"dir":"CCW","session_dir":"CCW","mdir":"FWD","rear":11,"front":18,"env":52150,"lc_mm":11,"last_confirmed_landmark":"","age_ms":134863,"since":330,"dead_reckoned_mm":23,"candidate_mm":20,"viable":[2,3,4],"lostm":318,"lost_ms":125001,"agree":13,"disagree":11,"losts":1,"auto":0}
ngr/loco/9950011/mm/marker {"mm":22,"landmark":"","obs":"S","peak":76,"ms":397,"drift":0,"dt":1168,"timing_gate":"RAMP","dt_expected":0,"dt_conserve_ratio":-1.00,"pwm":56,"v":15.27}
ngr/loco/9950011/state/start_mm 22
ngr/loco/9950011/state/loopstat {"loop_max_gap_ms":34,"hall_task_max_gap_ms":2,"hall_task_age_ms":1,"baseline":1397,"raw":1364,"delta":-33,"queue_drops":0,"floor_rejects":367,"queue_high_water":1,"mqtt_connect_ms":33,"mqtt_attempts":2,"pub_drops":61,"pub_queue_hw":1,"cmd_drops":0,"pub_per_s":4,"marker_pub_drops":0,"marker_pub_hw":1,"nav":"NO_QUORUM","mm":22,"miss_streak":3,"pwm":61,"lost_markers":319,"lost_ms":125614,"motor_dir":"FWD"}
ngr/loco/9950011/alert {"level":"NO_QUORUM","reason":"STATUS","loco":"9950011","uptime_ms":239865,"nav":"NO_QUORUM","moving":1,"pwm":64,"est_mm_s":261,"dir":"CCW","session_dir":"CCW","mdir":"FWD","rear":11,"front":17,"env":52150,"lc_mm":11,"last_confirmed_landmark":"","age_ms":135863,"since":331,"dead_reckoned_mm":22,"candidate_mm":19,"viable":[2,3,4],"lostm":319,"lost_ms":126001,"agree":13,"disagree":11,"losts":1,"auto":0}
ngr/loco/9950011/telem/voltage 15.24
ngr/loco/9950011/telem/current 0.33
ngr/loco/9950011/telem/power 5.00
ngr/loco/9950011/mm/marker {"mm":21,"landmark":"","obs":"S","peak":127,"ms":1259,"drift":-3,"dt":440,"timing_gate":"RAMP","dt_expected":0,"dt_conserve_ratio":-1.00,"pwm":59,"v":15.24}
ngr/loco/9950011/state/start_mm 21
ngr/loco/9950011/state/loopstat {"loop_max_gap_ms":33,"hall_task_max_gap_ms":2,"hall_task_age_ms":1,"baseline":1395,"raw":1406,"delta":11,"queue_drops":0,"floor_rejects":367,"queue_high_water":1,"mqtt_connect_ms":33,"mqtt_attempts":2,"pub_drops":61,"pub_queue_hw":3,"cmd_drops":0,"pub_per_s":6,"marker_pub_drops":0,"marker_pub_hw":1,"nav":"NO_QUORUM","mm":21,"miss_streak":3,"pwm":68,"lost_markers":320,"lost_ms":126614,"motor_dir":"FWD"}
ngr/loco/9950011/mm/marker {"mm":20,"landmark":"","obs":"N","peak":174,"ms":260,"drift":0,"dt":1306,"timing_gate":"RAMP","dt_expected":0,"dt_conserve_ratio":-1.00,"pwm":68,"v":15.24}
ngr/loco/9950011/alert {"level":"NO_QUORUM","reason":"STATUS","loco":"9950011","uptime_ms":240865,"nav":"NO_QUORUM","moving":1,"pwm":71,"est_mm_s":241,"dir":"CCW","session_dir":"CCW","mdir":"FWD","rear":11,"front":15,"env":52150,"lc_mm":11,"last_confirmed_landmark":"","age_ms":136863,"since":333,"dead_reckoned_mm":20,"candidate_mm":17,"viable":[2,3,4],"lostm":321,"lost_ms":127001,"agree":13,"disagree":11,"losts":1,"auto":0}
ngr/loco/9950011/state/loopstat {"loop_max_gap_ms":33,"hall_task_max_gap_ms":2,"hall_task_age_ms":1,"baseline":1395,"raw":1322,"delta":-73,"queue_drops":0,"floor_rejects":368,"queue_high_water":1,"mqtt_connect_ms":33,"mqtt_attempts":2,"pub_drops":61,"pub_queue_hw":1,"cmd_drops":0,"pub_per_s":2,"marker_pub_drops":0,"marker_pub_hw":1,"nav":"NO_QUORUM","mm":20,"miss_streak":3,"pwm":75,"lost_markers":321,"lost_ms":127614,"motor_dir":"FWD"}
ngr/loco/9950011/state/start_mm 20
ngr/loco/9950011/alert {"level":"NO_QUORUM","reason":"STATUS","loco":"9950011","uptime_ms":241865,"nav":"NO_QUORUM","moving":1,"pwm":77,"est_mm_s":241,"dir":"CCW","session_dir":"CCW","mdir":"FWD","rear":11,"front":15,"env":52150,"lc_mm":11,"last_confirmed_landmark":"","age_ms":137863,"since":333,"dead_reckoned_mm":20,"candidate_mm":17,"viable":[2,3,4],"lostm":321,"lost_ms":128001,"agree":13,"disagree":11,"losts":1,"auto":0}
ngr/loco/9950011/mm/marker {"mm":19,"landmark":"","obs":"N","peak":43,"ms":1635,"drift":-1,"dt":267,"timing_gate":"RAMP","dt_expected":0,"dt_conserve_ratio":-1.00,"pwm":70,"v":15.24}
ngr/loco/9950011/state/start_mm 19
ngr/loco/9950011/state/loopstat {"loop_max_gap_ms":33,"hall_task_max_gap_ms":3,"hall_task_age_ms":1,"baseline":1394,"raw":1347,"delta":-47,"queue_drops":0,"floor_rejects":368,"queue_high_water":1,"mqtt_connect_ms":33,"mqtt_attempts":2,"pub_drops":61,"pub_queue_hw":2,"cmd_drops":0,"pub_per_s":4,"marker_pub_drops":0,"marker_pub_hw":1,"nav":"NO_QUORUM","mm":19,"miss_streak":3,"pwm":81,"lost_markers":322,"lost_ms":128614,"motor_dir":"FWD"}
ngr/loco/9950011/mm/marker {"mm":18,"landmark":"","obs":"S","peak":90,"ms":256,"drift":0,"dt":1639,"timing_gate":"RAMP","dt_expected":0,"dt_conserve_ratio":-1.00,"pwm":81,"v":15.24}
ngr/loco/9950011/alert {"level":"NO_QUORUM","reason":"STATUS","loco":"9950011","uptime_ms":242865,"nav":"NO_QUORUM","moving":1,"pwm":84,"est_mm_s":183,"dir":"CCW","session_dir":"CCW","mdir":"FWD","rear":11,"front":13,"env":52150,"lc_mm":11,"last_confirmed_landmark":"","age_ms":138863,"since":335,"dead_reckoned_mm":18,"candidate_mm":15,"viable":[2,3,4],"lostm":323,"lost_ms":129001,"agree":13,"disagree":11,"losts":1,"auto":0}
ngr/loco/9950011/mm/marker {"mm":17,"landmark":"","obs":"N","peak":120,"ms":192,"drift":0,"dt":475,"timing_gate":"RAMP","dt_expected":0,"dt_conserve_ratio":-1.00,"pwm":84,"v":15.24}
ngr/loco/9950011/state/loopstat {"loop_max_gap_ms":33,"hall_task_max_gap_ms":2,"hall_task_age_ms":1,"baseline":1393,"raw":1331,"delta":-62,"queue_drops":0,"floor_rejects":370,"queue_high_water":1,"mqtt_connect_ms":33,"mqtt_attempts":2,"pub_drops":61,"pub_queue_hw":1,"cmd_drops":0,"pub_per_s":3,"marker_pub_drops":0,"marker_pub_hw":1,"nav":"NO_QUORUM","mm":17,"miss_streak":3,"pwm":88,"lost_markers":324,"lost_ms":129614,"motor_dir":"FWD"}
ngr/loco/9950011/state/start_mm 17
ngr/loco/9950011/alert {"level":"NO_QUORUM","reason":"STATUS","loco":"9950011","uptime_ms":243865,"nav":"NO_QUORUM","moving":1,"pwm":91,"est_mm_s":631,"dir":"CCW","session_dir":"CCW","mdir":"FWD","rear":11,"front":12,"env":52150,"lc_mm":11,"last_confirmed_landmark":"","age_ms":139863,"since":336,"dead_reckoned_mm":17,"candidate_mm":14,"viable":[2,3,4],"lostm":324,"lost_ms":130001,"agree":13,"disagree":11,"losts":1,"auto":0}
ngr/loco/9950011/state/loopstat {"loop_max_gap_ms":33,"hall_task_max_gap_ms":2,"hall_task_age_ms":1,"baseline":1392,"raw":1333,"delta":-59,"queue_drops":0,"floor_rejects":370,"queue_high_water":0,"mqtt_connect_ms":33,"mqtt_attempts":2,"pub_drops":61,"pub_queue_hw":2,"cmd_drops":0,"pub_per_s":2,"marker_pub_drops":0,"marker_pub_hw":0,"nav":"NO_QUORUM","mm":17,"miss_streak":3,"pwm":95,"lost_markers":324,"lost_ms":130614,"motor_dir":"FWD"}
ngr/loco/9950011/alert {"level":"NO_QUORUM","reason":"STATUS","loco":"9950011","uptime_ms":244865,"nav":"NO_QUORUM","moving":1,"pwm":97,"est_mm_s":631,"dir":"CCW","session_dir":"CCW","mdir":"FWD","rear":11,"front":12,"env":52150,"lc_mm":11,"last_confirmed_landmark":"","age_ms":140863,"since":336,"dead_reckoned_mm":17,"candidate_mm":14,"viable":[2,3,4],"lostm":324,"lost_ms":131001,"agree":13,"disagree":11,"losts":1,"auto":0}
ngr/loco/9950011/telem/voltage 15.24
ngr/loco/9950011/telem/current 0.37
ngr/loco/9950011/telem/power 5.83
ngr/loco/9950011/state/loopstat {"loop_max_gap_ms":34,"hall_task_max_gap_ms":2,"hall_task_age_ms":1,"baseline":1392,"raw":1342,"delta":-50,"queue_drops":0,"floor_rejects":370,"queue_high_water":0,"mqtt_connect_ms":33,"mqtt_attempts":2,"pub_drops":61,"pub_queue_hw":3,"cmd_drops":0,"pub_per_s":4,"marker_pub_drops":0,"marker_pub_hw":0,"nav":"NO_QUORUM","mm":17,"miss_streak":3,"pwm":101,"lost_markers":324,"lost_ms":131614,"motor_dir":"FWD"}
ngr/loco/9950011/alert {"level":"NO_QUORUM","reason":"STATUS","loco":"9950011","uptime_ms":245865,"nav":"NO_QUORUM","moving":1,"pwm":103,"est_mm_s":631,"dir":"CCW","session_dir":"CCW","mdir":"FWD","rear":11,"front":12,"env":52150,"lc_mm":11,"last_confirmed_landmark":"","age_ms":141863,"since":336,"dead_reckoned_mm":17,"candidate_mm":14,"viable":[2,3,4],"lostm":324,"lost_ms":132001,"agree":13,"disagree":11,"losts":1,"auto":0}
ngr/loco/9950011/state/loopstat {"loop_max_gap_ms":33,"hall_task_max_gap_ms":2,"hall_task_age_ms":1,"baseline":1392,"raw":1276,"delta":-116,"queue_drops":0,"floor_rejects":370,"queue_high_water":0,"mqtt_connect_ms":33,"mqtt_attempts":2,"pub_drops":61,"pub_queue_hw":1,"cmd_drops":0,"pub_per_s":1,"marker_pub_drops":0,"marker_pub_hw":0,"nav":"NO_QUORUM","mm":17,"miss_streak":3,"pwm":103,"lost_markers":324,"lost_ms":132614,"motor_dir":"FWD"}
ngr/loco/9950011/alert {"level":"NO_QUORUM","reason":"STATUS","loco":"9950011","uptime_ms":246865,"nav":"NO_QUORUM","moving":1,"pwm":103,"est_mm_s":631,"dir":"CCW","session_dir":"CCW","mdir":"FWD","rear":11,"front":12,"env":52150,"lc_mm":11,"last_confirmed_landmark":"","age_ms":142863,"since":336,"dead_reckoned_mm":17,"candidate_mm":14,"viable":[2,3,4],"lostm":324,"lost_ms":133001,"agree":13,"disagree":11,"losts":1,"auto":0}
ngr/loco/9950011/state/loopstat {"loop_max_gap_ms":34,"hall_task_max_gap_ms":1,"hall_task_age_ms":1,"baseline":1392,"raw":1452,"delta":60,"queue_drops":0,"floor_rejects":370,"queue_high_water":0,"mqtt_connect_ms":33,"mqtt_attempts":2,"pub_drops":61,"pub_queue_hw":1,"cmd_drops":0,"pub_per_s":1,"marker_pub_drops":0,"marker_pub_hw":0,"nav":"NO_QUORUM","mm":17,"miss_streak":3,"pwm":103,"lost_markers":324,"lost_ms":133614,"motor_dir":"FWD"}
ngr/loco/9950011/alert {"level":"NO_QUORUM","reason":"STATUS","loco":"9950011","uptime_ms":247865,"nav":"NO_QUORUM","moving":1,"pwm":103,"est_mm_s":631,"dir":"CCW","session_dir":"CCW","mdir":"FWD","rear":11,"front":12,"env":52150,"lc_mm":11,"last_confirmed_landmark":"","age_ms":143863,"since":336,"dead_reckoned_mm":17,"candidate_mm":14,"viable":[2,3,4],"lostm":324,"lost_ms":134001,"agree":13,"disagree":11,"losts":1,"auto":0}
ngr/loco/9950011/mm/marker {"mm":16,"landmark":"","obs":"S","peak":242,"ms":5190,"drift":-2,"dt":198,"timing_gate":"RAMP","dt_expected":0,"dt_conserve_ratio":-1.00,"pwm":85,"v":15.24}
ngr/loco/9950011/state/start_mm 16
ngr/loco/9950011/state/loopstat {"loop_max_gap_ms":34,"hall_task_max_gap_ms":2,"hall_task_age_ms":1,"baseline":1392,"raw":1292,"delta":-100,"queue_drops":0,"floor_rejects":370,"queue_high_water":1,"mqtt_connect_ms":33,"mqtt_attempts":2,"pub_drops":61,"pub_queue_hw":1,"cmd_drops":0,"pub_per_s":3,"marker_pub_drops":0,"marker_pub_hw":1,"nav":"NO_QUORUM","mm":16,"miss_streak":3,"pwm":103,"lost_markers":325,"lost_ms":134614,"motor_dir":"FWD"}
ngr/loco/9950011/alert {"level":"NO_QUORUM","reason":"STATUS","loco":"9950011","uptime_ms":248865,"nav":"NO_QUORUM","moving":1,"pwm":103,"est_mm_s":1565,"dir":"CCW","session_dir":"CCW","mdir":"FWD","rear":11,"front":11,"env":52150,"lc_mm":11,"last_confirmed_landmark":"","age_ms":144863,"since":337,"dead_reckoned_mm":16,"candidate_mm":13,"viable":[2,3,4],"lostm":325,"lost_ms":135001,"agree":13,"disagree":11,"losts":1,"auto":0}
ngr/loco/9950011/state/loopstat {"loop_max_gap_ms":33,"hall_task_max_gap_ms":2,"hall_task_age_ms":1,"baseline":1392,"raw":1446,"delta":54,"queue_drops":0,"floor_rejects":370,"queue_high_water":0,"mqtt_connect_ms":33,"mqtt_attempts":2,"pub_drops":61,"pub_queue_hw":1,"cmd_drops":0,"pub_per_s":1,"marker_pub_drops":0,"marker_pub_hw":0,"nav":"NO_QUORUM","mm":16,"miss_streak":3,"pwm":103,"lost_markers":325,"lost_ms":135614,"motor_dir":"FWD"}
ngr/loco/9950011/alert {"level":"NO_QUORUM","reason":"STATUS","loco":"9950011","uptime_ms":249865,"nav":"NO_QUORUM","moving":1,"pwm":103,"est_mm_s":1565,"dir":"CCW","session_dir":"CCW","mdir":"FWD","rear":11,"front":11,"env":52150,"lc_mm":11,"last_confirmed_landmark":"","age_ms":145863,"since":337,"dead_reckoned_mm":16,"candidate_mm":13,"viable":[2,3,4],"lostm":325,"lost_ms":136001,"agree":13,"disagree":11,"losts":1,"auto":0}
ngr/loco/9950011/telem/voltage 15.22
ngr/loco/9950011/telem/current 0.38
ngr/loco/9950011/telem/power 5.42
ngr/loco/9950011/state/loopstat {"loop_max_gap_ms":33,"hall_task_max_gap_ms":3,"hall_task_age_ms":1,"baseline":1392,"raw":1317,"delta":-75,"queue_drops":0,"floor_rejects":370,"queue_high_water":0,"mqtt_connect_ms":33,"mqtt_attempts":2,"pub_drops":61,"pub_queue_hw":3,"cmd_drops":0,"pub_per_s":4,"marker_pub_drops":0,"marker_pub_hw":0,"nav":"NO_QUORUM","mm":16,"miss_streak":3,"pwm":103,"lost_markers":325,"lost_ms":136614,"motor_dir":"FWD"}
ngr/loco/9950011/alert {"level":"NO_QUORUM","reason":"STATUS","loco":"9950011","uptime_ms":250865,"nav":"NO_QUORUM","moving":1,"pwm":103,"est_mm_s":1565,"dir":"CCW","session_dir":"CCW","mdir":"FWD","rear":11,"front":11,"env":52150,"lc_mm":11,"last_confirmed_landmark":"","age_ms":146863,"since":337,"dead_reckoned_mm":16,"candidate_mm":13,"viable":[2,3,4],"lostm":325,"lost_ms":137001,"agree":13,"disagree":11,"losts":1,"auto":0}
ngr/loco/9950011/mm/marker {"mm":15,"landmark":"Patio","obs":"N","peak":123,"ms":3018,"drift":0,"dt":5192,"timing_gate":"NO_PREV","dt_expected":0,"dt_conserve_ratio":-1.00,"pwm":103,"v":15.22}
ngr/loco/9950011/state/start_mm 15
ngr/loco/9950011/state/loopstat {"loop_max_gap_ms":34,"hall_task_max_gap_ms":2,"hall_task_age_ms":1,"baseline":1392,"raw":1389,"delta":-3,"queue_drops":0,"floor_rejects":372,"queue_high_water":1,"mqtt_connect_ms":33,"mqtt_attempts":2,"pub_drops":61,"pub_queue_hw":1,"cmd_drops":0,"pub_per_s":3,"marker_pub_drops":0,"marker_pub_hw":1,"nav":"NO_QUORUM","mm":15,"miss_streak":3,"pwm":103,"lost_markers":326,"lost_ms":137614,"motor_dir":"FWD"}
ngr/loco/9950011/mm/marker {"mm":14,"landmark":"","obs":"N","peak":71,"ms":339,"drift":0,"dt":3104,"timing_gate":"ACTIVE","dt_expected":1074,"dt_conserve_ratio":7.72,"pwm":103,"v":15.22}
ngr/loco/9950011/alert {"level":"NO_QUORUM","reason":"STATUS","loco":"9950011","uptime_ms":251865,"nav":"NO_QUORUM","moving":1,"pwm":103,"est_mm_s":101,"dir":"CCW","session_dir":"CCW","mdir":"FWD","rear":11,"front":9,"env":52150,"lc_mm":11,"last_confirmed_landmark":"","age_ms":147863,"since":339,"dead_reckoned_mm":14,"candidate_mm":11,"viable":[2,3,4],"lostm":327,"lost_ms":138001,"agree":13,"disagree":11,"losts":1,"auto":0}
ngr/loco/9950011/mm/marker {"mm":13,"landmark":"","obs":"N","peak":163,"ms":320,"drift":0,"dt":377,"timing_gate":"ACTIVE","dt_expected":1041,"dt_conserve_ratio":3.34,"pwm":103,"v":15.22}
ngr/loco/9950011/mm/marker {"mm":12,"landmark":"","obs":"N","peak":58,"ms":66,"drift":0,"dt":325,"timing_gate":"ACTIVE","dt_expected":1041,"dt_conserve_ratio":0.67,"pwm":103,"v":15.22}
ngr/loco/9950011/mm/marker {"mm":11,"landmark":"","obs":"N","peak":46,"ms":96,"drift":1,"dt":253,"timing_gate":"ACTIVE","dt_expected":991,"dt_conserve_ratio":0.58,"pwm":103,"v":15.22}
ngr/loco/9950011/state/start_mm 11
ngr/loco/9950011/state/loopstat {"loop_max_gap_ms":33,"hall_task_max_gap_ms":2,"hall_task_age_ms":1,"baseline":1393,"raw":1360,"delta":-33,"queue_drops":0,"floor_rejects":375,"queue_high_water":1,"mqtt_connect_ms":33,"mqtt_attempts":2,"pub_drops":61,"pub_queue_hw":1,"cmd_drops":0,"pub_per_s":6,"marker_pub_drops":0,"marker_pub_hw":1,"nav":"NO_QUORUM","mm":11,"miss_streak":3,"pwm":103,"lost_markers":330,"lost_ms":138614,"motor_dir":"FWD"}
ngr/loco/9950011/alert {"level":"NO_QUORUM","reason":"STATUS","loco":"9950011","uptime_ms":252865,"nav":"NO_QUORUM","moving":1,"pwm":103,"est_mm_s":1146,"dir":"CCW","session_dir":"CCW","mdir":"FWD","rear":11,"front":6,"env":52150,"lc_mm":11,"last_confirmed_landmark":"","age_ms":148863,"since":342,"dead_reckoned_mm":11,"candidate_mm":8,"viable":[2,3,4],"lostm":330,"lost_ms":139001,"agree":13,"disagree":11,"losts":1,"auto":0}
ngr/loco/9950011/state/loopstat {"loop_max_gap_ms":34,"hall_task_max_gap_ms":2,"hall_task_age_ms":1,"baseline":1392,"raw":1345,"delta":-47,"queue_drops":0,"floor_rejects":375,"queue_high_water":0,"mqtt_connect_ms":33,"mqtt_attempts":2,"pub_drops":61,"pub_queue_hw":1,"cmd_drops":0,"pub_per_s":1,"marker_pub_drops":0,"marker_pub_hw":0,"nav":"NO_QUORUM","mm":11,"miss_streak":3,"pwm":103,"lost_markers":330,"lost_ms":139614,"motor_dir":"FWD"}
ngr/loco/9950011/alert {"level":"NO_QUORUM","reason":"STATUS","loco":"9950011","uptime_ms":253865,"nav":"NO_QUORUM","moving":1,"pwm":103,"est_mm_s":1146,"dir":"CCW","session_dir":"CCW","mdir":"FWD","rear":11,"front":6,"env":52150,"lc_mm":11,"last_confirmed_landmark":"","age_ms":149863,"since":342,"dead_reckoned_mm":11,"candidate_mm":8,"viable":[2,3,4],"lostm":330,"lost_ms":140001,"agree":13,"disagree":11,"losts":1,"auto":0}
ngr/loco/9950011/mm/marker {"mm":10,"landmark":"","obs":"S","peak":232,"ms":1787,"drift":-1,"dt":102,"timing_gate":"ACTIVE","dt_expected":958,"dt_conserve_ratio":0.37,"pwm":103,"v":15.22}
ngr/loco/9950011/state/start_mm 10
ngr/loco/9950011/state/loopstat {"loop_max_gap_ms":33,"hall_task_max_gap_ms":2,"hall_task_age_ms":1,"baseline":1392,"raw":1303,"delta":-89,"queue_drops":0,"floor_rejects":375,"queue_high_water":0,"mqtt_connect_ms":33,"mqtt_attempts":2,"pub_drops":61,"pub_queue_hw":1,"cmd_drops":0,"pub_per_s":3,"marker_pub_drops":0,"marker_pub_hw":1,"nav":"NO_QUORUM","mm":10,"miss_streak":3,"pwm":103,"lost_markers":331,"lost_ms":140614,"motor_dir":"FWD"}
ngr/loco/9950011/alert {"level":"NO_QUORUM","reason":"STATUS","loco":"9950011","uptime_ms":254865,"nav":"NO_QUORUM","moving":1,"pwm":103,"est_mm_s":2941,"dir":"CCW","session_dir":"CCW","mdir":"FWD","rear":11,"front":5,"env":52150,"lc_mm":11,"last_confirmed_landmark":"","age_ms":150863,"since":343,"dead_reckoned_mm":10,"candidate_mm":7,"viable":[2,3,4],"lostm":331,"lost_ms":141001,"agree":13,"disagree":11,"losts":1,"auto":0}
ngr/loco/9950011/telem/voltage 15.24
ngr/loco/9950011/telem/current 0.41
ngr/loco/9950011/telem/power 6.22
ngr/loco/9950011/state/loopstat {"loop_max_gap_ms":33,"hall_task_max_gap_ms":2,"hall_task_age_ms":1,"baseline":1390,"raw":1331,"delta":-59,"queue_drops":0,"floor_rejects":375,"queue_high_water":0,"mqtt_connect_ms":33,"mqtt_attempts":2,"pub_drops":61,"pub_queue_hw":3,"cmd_drops":0,"pub_per_s":4,"marker_pub_drops":0,"marker_pub_hw":0,"nav":"NO_QUORUM","mm":10,"miss_streak":3,"pwm":103,"lost_markers":331,"lost_ms":141614,"motor_dir":"FWD"}
ngr/loco/9950011/alert {"level":"NO_QUORUM","reason":"STATUS","loco":"9950011","uptime_ms":255865,"nav":"NO_QUORUM","moving":1,"pwm":103,"est_mm_s":2941,"dir":"CCW","session_dir":"CCW","mdir":"FWD","rear":11,"front":5,"env":52150,"lc_mm":11,"last_confirmed_landmark":"","age_ms":151863,"since":343,"dead_reckoned_mm":10,"candidate_mm":7,"viable":[2,3,4],"lostm":331,"lost_ms":142001,"agree":13,"disagree":11,"losts":1,"auto":0}
ngr/loco/9950011/mm/marker {"mm":9,"landmark":"","obs":"S","peak":244,"ms":2016,"drift":-2,"dt":1807,"timing_gate":"ACTIVE","dt_expected":991,"dt_conserve_ratio":1.92,"pwm":103,"v":15.24}
ngr/loco/9950011/state/start_mm 9
ngr/loco/9950011/state/loopstat {"loop_max_gap_ms":33,"hall_task_max_gap_ms":2,"hall_task_age_ms":1,"baseline":1389,"raw":1418,"delta":29,"queue_drops":0,"floor_rejects":375,"queue_high_water":1,"mqtt_connect_ms":33,"mqtt_attempts":2,"pub_drops":61,"pub_queue_hw":1,"cmd_drops":0,"pub_per_s":3,"marker_pub_drops":0,"marker_pub_hw":1,"nav":"NO_QUORUM","mm":9,"miss_streak":3,"pwm":103,"lost_markers":332,"lost_ms":142614,"motor_dir":"FWD"}
ngr/loco/9950011/alert {"level":"NO_QUORUM","reason":"STATUS","loco":"9950011","uptime_ms":256865,"nav":"NO_QUORUM","moving":1,"pwm":103,"est_mm_s":163,"dir":"CCW","session_dir":"CCW","mdir":"FWD","rear":11,"front":4,"env":52150,"lc_mm":11,"last_confirmed_landmark":"","age_ms":152863,"since":344,"dead_reckoned_mm":9,"candidate_mm":6,"viable":[2,3,4],"lostm":332,"lost_ms":143001,"agree":13,"disagree":11,"losts":1,"auto":0}
ngr/loco/9950011/state/loopstat {"loop_max_gap_ms":34,"hall_task_max_gap_ms":3,"hall_task_age_ms":1,"baseline":1388,"raw":1343,"delta":-45,"queue_drops":0,"floor_rejects":375,"queue_high_water":0,"mqtt_connect_ms":33,"mqtt_attempts":2,"pub_drops":61,"pub_queue_hw":1,"cmd_drops":0,"pub_per_s":1,"marker_pub_drops":0,"marker_pub_hw":0,"nav":"NO_QUORUM","mm":9,"miss_streak":3,"pwm":103,"lost_markers":332,"lost_ms":143614,"motor_dir":"FWD"}
ngr/loco/9950011/mm/marker {"mm":8,"landmark":"","obs":"N","peak":179,"ms":1356,"drift":-2,"dt":2054,"timing_gate":"ACTIVE","dt_expected":975,"dt_conserve_ratio":3.96,"pwm":103,"v":15.24}
ngr/loco/9950011/alert {"level":"NO_QUORUM","reason":"STATUS","loco":"9950011","uptime_ms":257865,"nav":"NO_QUORUM","moving":1,"pwm":103,"est_mm_s":146,"dir":"CCW","session_dir":"CCW","mdir":"FWD","rear":11,"front":3,"env":52150,"lc_mm":11,"last_confirmed_landmark":"","age_ms":153863,"since":345,"dead_reckoned_mm":8,"candidate_mm":5,"viable":[2,3,4],"lostm":333,"lost_ms":144001,"agree":13,"disagree":11,"losts":1,"auto":0}
ngr/loco/9950011/mm/marker {"mm":7,"landmark":"","obs":"N","peak":83,"ms":322,"drift":0,"dt":1411,"timing_gate":"ACTIVE","dt_expected":991,"dt_conserve_ratio":3.49,"pwm":103,"v":15.24}
ngr/loco/9950011/state/start_mm 7
ngr/loco/9950011/state/loopstat {"loop_max_gap_ms":34,"hall_task_max_gap_ms":2,"hall_task_age_ms":1,"baseline":1386,"raw":1381,"delta":-5,"queue_drops":0,"floor_rejects":376,"queue_high_water":1,"mqtt_connect_ms":33,"mqtt_attempts":2,"pub_drops":61,"pub_queue_hw":1,"cmd_drops":0,"pub_per_s":4,"marker_pub_drops":0,"marker_pub_hw":1,"nav":"NO_QUORUM","mm":7,"miss_streak":3,"pwm":103,"lost_markers":334,"lost_ms":144614,"motor_dir":"FWD"}
ngr/loco/9950011/mm/marker {"mm":6,"landmark":"","obs":"S","peak":86,"ms":485,"drift":-2,"dt":405,"timing_gate":"ACTIVE","dt_expected":991,"dt_conserve_ratio":1.83,"pwm":103,"v":15.24}
ngr/loco/9950011/state/nav {"event":"PHANTOM_REJECTED","state":"NO_QUORUM","mm":6,"streak":3,"scores":[5,4,5,6,7,7],"excluded":[false,false,false,false,false,false],"leader":3,"runner_up":4,"margin":0,"eval":12,"viable":[2,3,4],"dt":540,"prev_dt":405,"sum":945,"expected":1041,"ratio":0.91}
ngr/loco/9950011/mm/marker {"mm":6,"landmark":"","obs":"N","peak":58,"ms":147,"drift":0,"dt":540,"timing_gate":"ACTIVE","dt_expected":1041,"dt_conserve_ratio":0.91,"pwm":103,"v":15.24}
ngr/loco/9950011/mm/marker {"mm":5,"landmark":"","obs":"N","peak":60,"ms":43,"drift":-1,"dt":153,"timing_gate":"ACTIVE","dt_expected":1041,"dt_conserve_ratio":0.54,"pwm":103,"v":15.24}
ngr/loco/9950011/alert {"level":"NO_QUORUM","reason":"STATUS","loco":"9950011","uptime_ms":258865,"nav":"NO_QUORUM","moving":1,"pwm":103,"est_mm_s":2156,"dir":"CCW","session_dir":"CCW","mdir":"FWD","rear":11,"front":0,"env":52150,"lc_mm":11,"last_confirmed_landmark":"","age_ms":154863,"since":348,"dead_reckoned_mm":5,"candidate_mm":2,"viable":[2,3,4],"lostm":336,"lost_ms":145001,"agree":13,"disagree":11,"losts":1,"auto":0}
ngr/loco/9950011/mm/marker {"mm":4,"landmark":"","obs":"S","peak":82,"ms":257,"drift":0,"dt":71,"timing_gate":"ACTIVE","dt_expected":1090,"dt_conserve_ratio":0.21,"pwm":103,"v":15.24}
ngr/loco/9950011/state/start_mm 4
ngr/loco/9950011/state/loopstat {"loop_max_gap_ms":33,"hall_task_max_gap_ms":2,"hall_task_age_ms":1,"baseline":1385,"raw":1368,"delta":-17,"queue_drops":0,"floor_rejects":376,"queue_high_water":1,"mqtt_connect_ms":33,"mqtt_attempts":2,"pub_drops":61,"pub_queue_hw":1,"cmd_drops":0,"pub_per_s":7,"marker_pub_drops":0,"marker_pub_hw":1,"nav":"NO_QUORUM","mm":4,"miss_streak":3,"pwm":103,"lost_markers":337,"lost_ms":145614,"motor_dir":"FWD"}
ngr/loco/9950011/mm/marker {"mm":3,"landmark":"","obs":"N","peak":74,"ms":636,"drift":0,"dt":287,"timing_gate":"ACTIVE","dt_expected":1074,"dt_conserve_ratio":0.33,"pwm":103,"v":15.24}
ngr/loco/9950011/alert {"level":"NO_QUORUM","reason":"STATUS","loco":"9950011","uptime_ms":259865,"nav":"NO_QUORUM","moving":1,"pwm":103,"est_mm_s":1097,"dir":"CCW","session_dir":"CCW","mdir":"FWD","rear":11,"front":169,"env":52150,"lc_mm":11,"last_confirmed_landmark":"","age_ms":155863,"since":350,"dead_reckoned_mm":3,"candidate_mm":0,"viable":[2,3,4],"lostm":338,"lost_ms":146001,"agree":13,"disagree":11,"losts":1,"auto":0}
ngr/loco/9950011/state/nav {"event":"PHANTOM_REJECTED","state":"NO_QUORUM","mm":3,"streak":3,"scores":[5,4,5,6,7,7],"excluded":[false,false,false,false,false,false],"leader":3,"runner_up":4,"margin":0,"eval":12,"viable":[2,3,4],"dt":640,"prev_dt":287,"sum":927,"expected":1041,"ratio":0.89}
ngr/loco/9950011/mm/marker {"mm":3,"landmark":"","obs":"N","peak":56,"ms":137,"drift":0,"dt":640,"timing_gate":"ACTIVE","dt_expected":1041,"dt_conserve_ratio":0.89,"pwm":103,"v":15.24}
ngr/loco/9950011/telem/voltage 15.22
ngr/loco/9950011/telem/current 0.40
ngr/loco/9950011/telem/power 5.67
ngr/loco/9950011/state/start_mm 3
ngr/loco/9950011/state/loopstat {"loop_max_gap_ms":33,"hall_task_max_gap_ms":2,"hall_task_age_ms":1,"baseline":1384,"raw":1315,"delta":-69,"queue_drops":0,"floor_rejects":376,"queue_high_water":0,"mqtt_connect_ms":33,"mqtt_attempts":2,"pub_drops":61,"pub_queue_hw":3,"cmd_drops":0,"pub_per_s":8,"marker_pub_drops":0,"marker_pub_hw":1,"nav":"NO_QUORUM","mm":3,"miss_streak":3,"pwm":103,"lost_markers":338,"lost_ms":146614,"motor_dir":"FWD"}
ngr/loco/9950011/alert {"level":"NO_QUORUM","reason":"STATUS","loco":"9950011","uptime_ms":260865,"nav":"NO_QUORUM","moving":1,"pwm":103,"est_mm_s":492,"dir":"CCW","session_dir":"CCW","mdir":"FWD","rear":11,"front":169,"env":52150,"lc_mm":11,"last_confirmed_landmark":"","age_ms":156863,"since":350,"dead_reckoned_mm":3,"candidate_mm":0,"viable":[2,3,4],"lostm":338,"lost_ms":147001,"agree":13,"disagree":11,"losts":1,"auto":0}
ngr/loco/9950011/mm/marker {"mm":2,"landmark":"","obs":"S","peak":119,"ms":1112,"drift":-2,"dt":161,"timing_gate":"ACTIVE","dt_expected":1041,"dt_conserve_ratio":0.43,"pwm":103,"v":15.22}
ngr/loco/9950011/state/start_mm 2
ngr/loco/9950011/state/loopstat {"loop_max_gap_ms":34,"hall_task_max_gap_ms":2,"hall_task_age_ms":1,"baseline":1382,"raw":1370,"delta":-12,"queue_drops":0,"floor_rejects":376,"queue_high_water":1,"mqtt_connect_ms":33,"mqtt_attempts":2,"pub_drops":61,"pub_queue_hw":1,"cmd_drops":0,"pub_per_s":3,"marker_pub_drops":0,"marker_pub_hw":1,"nav":"NO_QUORUM","mm":2,"miss_streak":3,"pwm":103,"lost_markers":339,"lost_ms":147614,"motor_dir":"FWD"}
ngr/loco/9950011/alert {"level":"NO_QUORUM","reason":"STATUS","loco":"9950011","uptime_ms":261865,"nav":"NO_QUORUM","moving":1,"pwm":103,"est_mm_s":2049,"dir":"CCW","session_dir":"CCW","mdir":"FWD","rear":11,"front":168,"env":52150,"lc_mm":11,"last_confirmed_landmark":"","age_ms":157863,"since":351,"dead_reckoned_mm":2,"candidate_mm":170,"viable":[2,3,4],"lostm":339,"lost_ms":148001,"agree":13,"disagree":11,"losts":1,"auto":0}
ngr/loco/9950011/state/loopstat {"loop_max_gap_ms":34,"hall_task_max_gap_ms":2,"hall_task_age_ms":1,"baseline":1381,"raw":1257,"delta":-124,"queue_drops":0,"floor_rejects":376,"queue_high_water":0,"mqtt_connect_ms":33,"mqtt_attempts":2,"pub_drops":61,"pub_queue_hw":1,"cmd_drops":0,"pub_per_s":1,"marker_pub_drops":0,"marker_pub_hw":0,"nav":"NO_QUORUM","mm":2,"miss_streak":3,"pwm":103,"lost_markers":339,"lost_ms":148614,"motor_dir":"FWD"}
ngr/loco/9950011/alert {"level":"NO_QUORUM","reason":"STATUS","loco":"9950011","uptime_ms":262865,"nav":"NO_QUORUM","moving":1,"pwm":103,"est_mm_s":2049,"dir":"CCW","session_dir":"CCW","mdir":"FWD","rear":11,"front":168,"env":52150,"lc_mm":11,"last_confirmed_landmark":"","age_ms":158863,"since":351,"dead_reckoned_mm":2,"candidate_mm":170,"viable":[2,3,4],"lostm":339,"lost_ms":149001,"agree":13,"disagree":11,"losts":1,"auto":0}
ngr/loco/9950011/state/nav {"event":"PHANTOM_REJECTED","state":"NO_QUORUM","mm":2,"streak":3,"scores":[5,4,5,6,7,7],"excluded":[false,false,false,false,false,false],"leader":3,"runner_up":4,"margin":0,"eval":12,"viable":[2,3,4],"dt":1119,"prev_dt":161,"sum":1280,"expected":1091,"ratio":1.17}
ngr/loco/9950011/mm/marker {"mm":2,"landmark":"","obs":"S","peak":228,"ms":2041,"drift":-2,"dt":1119,"timing_gate":"ACTIVE","dt_expected":1090,"dt_conserve_ratio":1.17,"pwm":103,"v":15.22}
ngr/loco/9950011/state/loopstat {"loop_max_gap_ms":33,"hall_task_max_gap_ms":2,"hall_task_age_ms":1,"baseline":1381,"raw":1231,"delta":-150,"queue_drops":0,"floor_rejects":376,"queue_high_water":0,"mqtt_connect_ms":33,"mqtt_attempts":2,"pub_drops":61,"pub_queue_hw":1,"cmd_drops":0,"pub_per_s":3,"marker_pub_drops":0,"marker_pub_hw":1,"nav":"NO_QUORUM","mm":2,"miss_streak":3,"pwm":103,"lost_markers":339,"lost_ms":149614,"motor_dir":"FWD"}
ngr/loco/9950011/alert {"level":"NO_QUORUM","reason":"STATUS","loco":"9950011","uptime_ms":263865,"nav":"NO_QUORUM","moving":1,"pwm":103,"est_mm_s":294,"dir":"CCW","session_dir":"CCW","mdir":"FWD","rear":11,"front":168,"env":52150,"lc_mm":11,"last_confirmed_landmark":"","age_ms":159863,"since":351,"dead_reckoned_mm":2,"candidate_mm":170,"viable":[2,3,4],"lostm":339,"lost_ms":150001,"agree":13,"disagree":11,"losts":1,"auto":0}
ngr/loco/9950011/state/loopstat {"loop_max_gap_ms":34,"hall_task_max_gap_ms":2,"hall_task_age_ms":1,"baseline":1380,"raw":1309,"delta":-71,"queue_drops":0,"floor_rejects":376,"queue_high_water":0,"mqtt_connect_ms":33,"mqtt_attempts":2,"pub_drops":61,"pub_queue_hw":1,"cmd_drops":0,"pub_per_s":1,"marker_pub_drops":0,"marker_pub_hw":0,"nav":"NO_QUORUM","mm":2,"miss_streak":3,"pwm":103,"lost_markers":339,"lost_ms":150614,"motor_dir":"FWD"}
ngr/loco/9950011/alert {"level":"NO_QUORUM","reason":"STATUS","loco":"9950011","uptime_ms":264865,"nav":"NO_QUORUM","moving":1,"pwm":103,"est_mm_s":294,"dir":"CCW","session_dir":"CCW","mdir":"FWD","rear":11,"front":168,"env":52150,"lc_mm":11,"last_confirmed_landmark":"","age_ms":160863,"since":351,"dead_reckoned_mm":2,"candidate_mm":170,"viable":[2,3,4],"lostm":339,"lost_ms":151001,"agree":13,"disagree":11,"losts":1,"auto":0}
ngr/loco/9950011/telem/voltage 15.25
ngr/loco/9950011/telem/current 0.33
ngr/loco/9950011/telem/power 5.06
ngr/loco/9950011/state/loopstat {"loop_max_gap_ms":34,"hall_task_max_gap_ms":2,"hall_task_age_ms":1,"baseline":1379,"raw":1309,"delta":-70,"queue_drops":0,"floor_rejects":376,"queue_high_water":0,"mqtt_connect_ms":33,"mqtt_attempts":2,"pub_drops":61,"pub_queue_hw":3,"cmd_drops":0,"pub_per_s":4,"marker_pub_drops":0,"marker_pub_hw":0,"nav":"NO_QUORUM","mm":2,"miss_streak":3,"pwm":103,"lost_markers":339,"lost_ms":151614,"motor_dir":"FWD"}
ngr/loco/9950011/alert {"level":"NO_QUORUM","reason":"STATUS","loco":"9950011","uptime_ms":265865,"nav":"NO_QUORUM","moving":1,"pwm":103,"est_mm_s":294,"dir":"CCW","session_dir":"CCW","mdir":"FWD","rear":11,"front":168,"env":52150,"lc_mm":11,"last_confirmed_landmark":"","age_ms":161863,"since":351,"dead_reckoned_mm":2,"candidate_mm":170,"viable":[2,3,4],"lostm":339,"lost_ms":152001,"agree":13,"disagree":11,"losts":1,"auto":0}
ngr/loco/9950011/state/loopstat {"loop_max_gap_ms":33,"hall_task_max_gap_ms":2,"hall_task_age_ms":1,"baseline":1378,"raw":1275,"delta":-103,"queue_drops":0,"floor_rejects":376,"queue_high_water":0,"mqtt_connect_ms":33,"mqtt_attempts":2,"pub_drops":61,"pub_queue_hw":1,"cmd_drops":0,"pub_per_s":1,"marker_pub_drops":0,"marker_pub_hw":0,"nav":"NO_QUORUM","mm":2,"miss_streak":3,"pwm":103,"lost_markers":339,"lost_ms":152614,"motor_dir":"FWD"}
ngr/loco/9950011/alert {"level":"NO_QUORUM","reason":"STATUS","loco":"9950011","uptime_ms":266865,"nav":"NO_QUORUM","moving":1,"pwm":103,"est_mm_s":294,"dir":"CCW","session_dir":"CCW","mdir":"FWD","rear":11,"front":168,"env":52150,"lc_mm":11,"last_confirmed_landmark":"","age_ms":162863,"since":351,"dead_reckoned_mm":2,"candidate_mm":170,"viable":[2,3,4],"lostm":339,"lost_ms":153001,"agree":13,"disagree":11,"losts":1,"auto":0}
ngr/loco/9950011/state/loopstat {"loop_max_gap_ms":33,"hall_task_max_gap_ms":2,"hall_task_age_ms":1,"baseline":1378,"raw":1285,"delta":-93,"queue_drops":0,"floor_rejects":376,"queue_high_water":0,"mqtt_connect_ms":33,"mqtt_attempts":2,"pub_drops":61,"pub_queue_hw":1,"cmd_drops":0,"pub_per_s":1,"marker_pub_drops":0,"marker_pub_hw":0,"nav":"NO_QUORUM","mm":2,"miss_streak":3,"pwm":103,"lost_markers":339,"lost_ms":153614,"motor_dir":"FWD"}
ngr/loco/9950011/alert {"level":"NO_QUORUM","reason":"STATUS","loco":"9950011","uptime_ms":267865,"nav":"NO_QUORUM","moving":1,"pwm":103,"est_mm_s":294,"dir":"CCW","session_dir":"CCW","mdir":"FWD","rear":11,"front":168,"env":52150,"lc_mm":11,"last_confirmed_landmark":"","age_ms":163863,"since":351,"dead_reckoned_mm":2,"candidate_mm":170,"viable":[2,3,4],"lostm":339,"lost_ms":154001,"agree":13,"disagree":11,"losts":1,"auto":0}
ngr/loco/9950011/state/loopstat {"loop_max_gap_ms":33,"hall_task_max_gap_ms":2,"hall_task_age_ms":1,"baseline":1375,"raw":1294,"delta":-81,"queue_drops":0,"floor_rejects":376,"queue_high_water":0,"mqtt_connect_ms":33,"mqtt_attempts":2,"pub_drops":61,"pub_queue_hw":1,"cmd_drops":0,"pub_per_s":1,"marker_pub_drops":0,"marker_pub_hw":0,"nav":"NO_QUORUM","mm":2,"miss_streak":3,"pwm":103,"lost_markers":339,"lost_ms":154614,"motor_dir":"FWD"}
ngr/loco/9950011/alert {"level":"NO_QUORUM","reason":"STATUS","loco":"9950011","uptime_ms":268865,"nav":"NO_QUORUM","moving":1,"pwm":103,"est_mm_s":294,"dir":"CCW","session_dir":"CCW","mdir":"FWD","rear":11,"front":168,"env":52150,"lc_mm":11,"last_confirmed_landmark":"","age_ms":164863,"since":351,"dead_reckoned_mm":2,"candidate_mm":170,"viable":[2,3,4],"lostm":339,"lost_ms":155001,"agree":13,"disagree":11,"losts":1,"auto":0}
ngr/loco/9950011/state/loopstat {"loop_max_gap_ms":33,"hall_task_max_gap_ms":2,"hall_task_age_ms":1,"baseline":1374,"raw":1268,"delta":-106,"queue_drops":0,"floor_rejects":376,"queue_high_water":0,"mqtt_connect_ms":33,"mqtt_attempts":2,"pub_drops":61,"pub_queue_hw":1,"cmd_drops":0,"pub_per_s":1,"marker_pub_drops":0,"marker_pub_hw":0,"nav":"NO_QUORUM","mm":2,"miss_streak":3,"pwm":103,"lost_markers":339,"lost_ms":155614,"motor_dir":"FWD"}
ngr/loco/9950011/alert {"level":"NO_QUORUM","reason":"STATUS","loco":"9950011","uptime_ms":269865,"nav":"NO_QUORUM","moving":1,"pwm":103,"est_mm_s":294,"dir":"CCW","session_dir":"CCW","mdir":"FWD","rear":11,"front":168,"env":52150,"lc_mm":11,"last_confirmed_landmark":"","age_ms":165863,"since":351,"dead_reckoned_mm":2,"candidate_mm":170,"viable":[2,3,4],"lostm":339,"lost_ms":156001,"agree":13,"disagree":11,"losts":1,"auto":0}
ngr/loco/9950011/telem/voltage 15.24
ngr/loco/9950011/telem/current 0.36
ngr/loco/9950011/telem/power 5.59
ngr/loco/9950011/state/loopstat {"loop_max_gap_ms":33,"hall_task_max_gap_ms":2,"hall_task_age_ms":1,"baseline":1375,"raw":1303,"delta":-72,"queue_drops":0,"floor_rejects":376,"queue_high_water":0,"mqtt_connect_ms":33,"mqtt_attempts":2,"pub_drops":61,"pub_queue_hw":3,"cmd_drops":0,"pub_per_s":4,"marker_pub_drops":0,"marker_pub_hw":0,"nav":"NO_QUORUM","mm":2,"miss_streak":3,"pwm":103,"lost_markers":339,"lost_ms":156614,"motor_dir":"FWD"}
ngr/loco/9950011/alert {"level":"NO_QUORUM","reason":"STATUS","loco":"9950011","uptime_ms":270865,"nav":"NO_QUORUM","moving":1,"pwm":103,"est_mm_s":294,"dir":"CCW","session_dir":"CCW","mdir":"FWD","rear":11,"front":168,"env":52150,"lc_mm":11,"last_confirmed_landmark":"","age_ms":166863,"since":351,"dead_reckoned_mm":2,"candidate_mm":170,"viable":[2,3,4],"lostm":339,"lost_ms":157001,"agree":13,"disagree":11,"losts":1,"auto":0}
ngr/loco/9950011/state/loopstat {"loop_max_gap_ms":33,"hall_task_max_gap_ms":2,"hall_task_age_ms":1,"baseline":1374,"raw":1293,"delta":-81,"queue_drops":0,"floor_rejects":376,"queue_high_water":0,"mqtt_connect_ms":33,"mqtt_attempts":2,"pub_drops":61,"pub_queue_hw":1,"cmd_drops":0,"pub_per_s":1,"marker_pub_drops":0,"marker_pub_hw":0,"nav":"NO_QUORUM","mm":2,"miss_streak":3,"pwm":103,"lost_markers":339,"lost_ms":157614,"motor_dir":"FWD"}
ngr/loco/9950011/mm/marker {"mm":1,"landmark":"","obs":"N","peak":159,"ms":8485,"drift":-7,"dt":2047,"timing_gate":"ACTIVE","dt_expected":1090,"dt_conserve_ratio":2.02,"pwm":103,"v":15.24}
ngr/loco/9950011/alert {"level":"NO_QUORUM","reason":"STATUS","loco":"9950011","uptime_ms":271865,"nav":"NO_QUORUM","moving":1,"pwm":103,"est_mm_s":166,"dir":"CCW","session_dir":"CCW","mdir":"FWD","rear":11,"front":167,"env":52150,"lc_mm":11,"last_confirmed_landmark":"","age_ms":167863,"since":352,"dead_reckoned_mm":1,"candidate_mm":169,"viable":[2,3,4],"lostm":340,"lost_ms":158001,"agree":13,"disagree":11,"losts":1,"auto":0}
ngr/loco/9950011/state/loopstat {"loop_max_gap_ms":34,"hall_task_max_gap_ms":2,"hall_task_age_ms":1,"baseline":1367,"raw":1231,"delta":-136,"queue_drops":0,"floor_rejects":376,"queue_high_water":1,"mqtt_connect_ms":33,"mqtt_attempts":2,"pub_drops":61,"pub_queue_hw":1,"cmd_drops":0,"pub_per_s":2,"marker_pub_drops":0,"marker_pub_hw":1,"nav":"NO_QUORUM","mm":1,"miss_streak":3,"pwm":103,"lost_markers":340,"lost_ms":158614,"motor_dir":"FWD"}
ngr/loco/9950011/state/start_mm 1
ngr/loco/9950011/alert {"level":"NO_QUORUM","reason":"STATUS","loco":"9950011","uptime_ms":272865,"nav":"NO_QUORUM","moving":1,"pwm":103,"est_mm_s":166,"dir":"CCW","session_dir":"CCW","mdir":"FWD","rear":11,"front":167,"env":52150,"lc_mm":11,"last_confirmed_landmark":"","age_ms":168863,"since":352,"dead_reckoned_mm":1,"candidate_mm":169,"viable":[2,3,4],"lostm":340,"lost_ms":159001,"agree":13,"disagree":11,"losts":1,"auto":0}
ngr/loco/9950011/state/loopstat {"loop_max_gap_ms":33,"hall_task_max_gap_ms":2,"hall_task_age_ms":1,"baseline":1365,"raw":1302,"delta":-63,"queue_drops":0,"floor_rejects":376,"queue_high_water":0,"mqtt_connect_ms":33,"mqtt_attempts":2,"pub_drops":61,"pub_queue_hw":2,"cmd_drops":0,"pub_per_s":2,"marker_pub_drops":0,"marker_pub_hw":0,"nav":"NO_QUORUM","mm":1,"miss_streak":3,"pwm":103,"lost_markers":340,"lost_ms":159614,"motor_dir":"FWD"}
ngr/loco/9950011/alert {"level":"NO_QUORUM","reason":"STATUS","loco":"9950011","uptime_ms":273865,"nav":"NO_QUORUM","moving":1,"pwm":103,"est_mm_s":166,"dir":"CCW","session_dir":"CCW","mdir":"FWD","rear":11,"front":167,"env":52150,"lc_mm":11,"last_confirmed_landmark":"","age_ms":169863,"since":352,"dead_reckoned_mm":1,"candidate_mm":169,"viable":[2,3,4],"lostm":340,"lost_ms":160001,"agree":13,"disagree":11,"losts":1,"auto":0}
ngr/loco/9950011/state/loopstat {"loop_max_gap_ms":33,"hall_task_max_gap_ms":2,"hall_task_age_ms":1,"baseline":1362,"raw":1296,"delta":-66,"queue_drops":0,"floor_rejects":376,"queue_high_water":0,"mqtt_connect_ms":33,"mqtt_attempts":2,"pub_drops":61,"pub_queue_hw":1,"cmd_drops":0,"pub_per_s":1,"marker_pub_drops":0,"marker_pub_hw":0,"nav":"NO_QUORUM","mm":1,"miss_streak":3,"pwm":103,"lost_markers":340,"lost_ms":160614,"motor_dir":"FWD"}
ngr/loco/9950011/alert {"level":"NO_QUORUM","reason":"STATUS","loco":"9950011","uptime_ms":274865,"nav":"NO_QUORUM","moving":1,"pwm":103,"est_mm_s":166,"dir":"CCW","session_dir":"CCW","mdir":"FWD","rear":11,"front":167,"env":52150,"lc_mm":11,"last_confirmed_landmark":"","age_ms":170863,"since":352,"dead_reckoned_mm":1,"candidate_mm":169,"viable":[2,3,4],"lostm":340,"lost_ms":161001,"agree":13,"disagree":11,"losts":1,"auto":0}
ngr/loco/9950011/telem/voltage 15.22
ngr/loco/9950011/telem/current 0.41
ngr/loco/9950011/telem/power 4.95
ngr/loco/9950011/state/loopstat {"loop_max_gap_ms":34,"hall_task_max_gap_ms":2,"hall_task_age_ms":1,"baseline":1360,"raw":1244,"delta":-116,"queue_drops":0,"floor_rejects":376,"queue_high_water":0,"mqtt_connect_ms":33,"mqtt_attempts":2,"pub_drops":61,"pub_queue_hw":3,"cmd_drops":0,"pub_per_s":4,"marker_pub_drops":0,"marker_pub_hw":0,"nav":"NO_QUORUM","mm":1,"miss_streak":3,"pwm":103,"lost_markers":340,"lost_ms":161614,"motor_dir":"FWD"}
ngr/loco/9950011/alert {"level":"NO_QUORUM","reason":"STATUS","loco":"9950011","uptime_ms":275865,"nav":"NO_QUORUM","moving":1,"pwm":103,"est_mm_s":166,"dir":"CCW","session_dir":"CCW","mdir":"FWD","rear":11,"front":167,"env":52150,"lc_mm":11,"last_confirmed_landmark":"","age_ms":171863,"since":352,"dead_reckoned_mm":1,"candidate_mm":169,"viable":[2,3,4],"lostm":340,"lost_ms":162001,"agree":13,"disagree":11,"losts":1,"auto":0}
ngr/loco/9950011/state/loopstat {"loop_max_gap_ms":33,"hall_task_max_gap_ms":2,"hall_task_age_ms":1,"baseline":1359,"raw":1223,"delta":-136,"queue_drops":0,"floor_rejects":376,"queue_high_water":0,"mqtt_connect_ms":33,"mqtt_attempts":2,"pub_drops":61,"pub_queue_hw":1,"cmd_drops":0,"pub_per_s":1,"marker_pub_drops":0,"marker_pub_hw":0,"nav":"NO_QUORUM","mm":1,"miss_streak":3,"pwm":103,"lost_markers":340,"lost_ms":162614,"motor_dir":"FWD"}
ngr/loco/9950011/alert {"level":"NO_QUORUM","reason":"STATUS","loco":"9950011","uptime_ms":276865,"nav":"NO_QUORUM","moving":1,"pwm":103,"est_mm_s":166,"dir":"CCW","session_dir":"CCW","mdir":"FWD","rear":11,"front":167,"env":52150,"lc_mm":11,"last_confirmed_landmark":"","age_ms":172863,"since":352,"dead_reckoned_mm":1,"candidate_mm":169,"viable":[2,3,4],"lostm":340,"lost_ms":163001,"agree":13,"disagree":11,"losts":1,"auto":0}
ngr/loco/9950011/mm/marker {"mm":0,"landmark":"Southpoint","obs":"S","peak":309,"ms":5809,"drift":-16,"dt":8505,"timing_gate":"ACTIVE","dt_expected":1123,"dt_conserve_ratio":9.39,"pwm":103,"v":15.22}
ngr/loco/9950011/state/loopstat {"loop_max_gap_ms":33,"hall_task_max_gap_ms":2,"hall_task_age_ms":1,"baseline":1358,"raw":1223,"delta":-135,"queue_drops":0,"floor_rejects":376,"queue_high_water":0,"mqtt_connect_ms":33,"mqtt_attempts":2,"pub_drops":61,"pub_queue_hw":1,"cmd_drops":0,"pub_per_s":2,"marker_pub_drops":0,"marker_pub_hw":1,"nav":"NO_QUORUM","mm":0,"miss_streak":3,"pwm":103,"lost_markers":341,"lost_ms":163614,"motor_dir":"FWD"}
ngr/loco/9950011/state/start_mm 0
ngr/loco/9950011/alert {"level":"NO_QUORUM","reason":"STATUS","loco":"9950011","uptime_ms":277865,"nav":"NO_QUORUM","moving":1,"pwm":103,"est_mm_s":38,"dir":"CCW","session_dir":"CCW","mdir":"FWD","rear":11,"front":166,"env":52150,"lc_mm":11,"last_confirmed_landmark":"","age_ms":173863,"since":353,"dead_reckoned_mm":0,"candidate_mm":168,"viable":[2,3,4],"lostm":341,"lost_ms":164001,"agree":13,"disagree":11,"losts":1,"auto":0}
ngr/loco/9950011/state/loopstat {"loop_max_gap_ms":33,"hall_task_max_gap_ms":2,"hall_task_age_ms":1,"baseline":1358,"raw":1371,"delta":13,"queue_drops":0,"floor_rejects":376,"queue_high_water":0,"mqtt_connect_ms":33,"mqtt_attempts":2,"pub_drops":61,"pub_queue_hw":2,"cmd_drops":0,"pub_per_s":2,"marker_pub_drops":0,"marker_pub_hw":0,"nav":"NO_QUORUM","mm":0,"miss_streak":3,"pwm":103,"lost_markers":341,"lost_ms":164614,"motor_dir":"FWD"}
ngr/loco/9950011/mm/marker {"mm":170,"landmark":"","obs":"N","peak":111,"ms":1070,"drift":0,"dt":5813,"timing_gate":"ACTIVE","dt_expected":1090,"dt_conserve_ratio":13.12,"pwm":103,"v":15.22}
ngr/loco/9950011/mm/marker {"mm":169,"landmark":"","obs":"S","peak":174,"ms":131,"drift":0,"dt":1084,"timing_gate":"ACTIVE","dt_expected":1090,"dt_conserve_ratio":6.32,"pwm":103,"v":15.22}
ngr/loco/9950011/alert {"level":"NO_QUORUM","reason":"STATUS","loco":"9950011","uptime_ms":278865,"nav":"NO_QUORUM","moving":1,"pwm":103,"est_mm_s":304,"dir":"CCW","session_dir":"CCW","mdir":"FWD","rear":11,"front":164,"env":52150,"lc_mm":11,"last_confirmed_landmark":"","age_ms":174863,"since":355,"dead_reckoned_mm":169,"candidate_mm":166,"viable":[2,3,4],"lostm":343,"lost_ms":165001,"agree":13,"disagree":11,"losts":1,"auto":0}
ngr/loco/9950011/state/start_mm 169
ngr/loco/9950011/state/loopstat {"loop_max_gap_ms":34,"hall_task_max_gap_ms":2,"hall_task_age_ms":1,"baseline":1358,"raw":1428,"delta":70,"queue_drops":0,"floor_rejects":376,"queue_high_water":1,"mqtt_connect_ms":33,"mqtt_attempts":2,"pub_drops":61,"pub_queue_hw":1,"cmd_drops":0,"pub_per_s":4,"marker_pub_drops":0,"marker_pub_hw":1,"nav":"NO_QUORUM","mm":169,"miss_streak":3,"pwm":103,"lost_markers":343,"lost_ms":165614,"motor_dir":"FWD"}
ngr/loco/9950011/alert {"level":"NO_QUORUM","reason":"STATUS","loco":"9950011","uptime_ms":279865,"nav":"NO_QUORUM","moving":1,"pwm":103,"est_mm_s":304,"dir":"CCW","session_dir":"CCW","mdir":"FWD","rear":11,"front":164,"env":52150,"lc_mm":11,"last_confirmed_landmark":"","age_ms":175863,"since":355,"dead_reckoned_mm":169,"candidate_mm":166,"viable":[2,3,4],"lostm":343,"lost_ms":166001,"agree":13,"disagree":11,"losts":1,"auto":0}
ngr/loco/9950011/telem/voltage 15.23
ngr/loco/9950011/telem/current 0.31
ngr/loco/9950011/telem/power 4.72
ngr/loco/9950011/state/loopstat {"loop_max_gap_ms":33,"hall_task_max_gap_ms":2,"hall_task_age_ms":1,"baseline":1358,"raw":1389,"delta":31,"queue_drops":0,"floor_rejects":376,"queue_high_water":0,"mqtt_connect_ms":33,"mqtt_attempts":2,"pub_drops":61,"pub_queue_hw":3,"cmd_drops":0,"pub_per_s":4,"marker_pub_drops":0,"marker_pub_hw":0,"nav":"NO_QUORUM","mm":169,"miss_streak":3,"pwm":103,"lost_markers":343,"lost_ms":166614,"motor_dir":"FWD"}
ngr/loco/9950011/alert {"level":"NO_QUORUM","reason":"STATUS","loco":"9950011","uptime_ms":280865,"nav":"NO_QUORUM","moving":1,"pwm":103,"est_mm_s":304,"dir":"CCW","session_dir":"CCW","mdir":"FWD","rear":11,"front":164,"env":52150,"lc_mm":11,"last_confirmed_landmark":"","age_ms":176863,"since":355,"dead_reckoned_mm":169,"candidate_mm":166,"viable":[2,3,4],"lostm":343,"lost_ms":167001,"agree":13,"disagree":11,"losts":1,"auto":0}
ngr/loco/9950011/state/loopstat {"loop_max_gap_ms":33,"hall_task_max_gap_ms":2,"hall_task_age_ms":1,"baseline":1358,"raw":1422,"delta":64,"queue_drops":0,"floor_rejects":376,"queue_high_water":0,"mqtt_connect_ms":33,"mqtt_attempts":2,"pub_drops":61,"pub_queue_hw":1,"cmd_drops":0,"pub_per_s":1,"marker_pub_drops":0,"marker_pub_hw":0,"nav":"NO_QUORUM","mm":169,"miss_streak":3,"pwm":103,"lost_markers":343,"lost_ms":167614,"motor_dir":"FWD"}
ngr/loco/9950011/alert {"level":"NO_QUORUM","reason":"STATUS","loco":"9950011","uptime_ms":281865,"nav":"NO_QUORUM","moving":1,"pwm":103,"est_mm_s":304,"dir":"CCW","session_dir":"CCW","mdir":"FWD","rear":11,"front":164,"env":52150,"lc_mm":11,"last_confirmed_landmark":"","age_ms":177863,"since":355,"dead_reckoned_mm":169,"candidate_mm":166,"viable":[2,3,4],"lostm":343,"lost_ms":168001,"agree":13,"disagree":11,"losts":1,"auto":0}
ngr/loco/9950011/state/loopstat {"loop_max_gap_ms":33,"hall_task_max_gap_ms":2,"hall_task_age_ms":1,"baseline":1358,"raw":1520,"delta":162,"queue_drops":0,"floor_rejects":376,"queue_high_water":0,"mqtt_connect_ms":33,"mqtt_attempts":2,"pub_drops":61,"pub_queue_hw":1,"cmd_drops":0,"pub_per_s":1,"marker_pub_drops":0,"marker_pub_hw":0,"nav":"NO_QUORUM","mm":169,"miss_streak":3,"pwm":103,"lost_markers":343,"lost_ms":168614,"motor_dir":"FWD"}
ngr/loco/9950011/alert {"level":"NO_QUORUM","reason":"STATUS","loco":"9950011","uptime_ms":282865,"nav":"NO_QUORUM","moving":1,"pwm":103,"est_mm_s":304,"dir":"CCW","session_dir":"CCW","mdir":"FWD","rear":11,"front":164,"env":52150,"lc_mm":11,"last_confirmed_landmark":"","age_ms":178863,"since":355,"dead_reckoned_mm":169,"candidate_mm":166,"viable":[2,3,4],"lostm":343,"lost_ms":169001,"agree":13,"disagree":11,"losts":1,"auto":0}
ngr/loco/9950011/state/loopstat {"loop_max_gap_ms":33,"hall_task_max_gap_ms":2,"hall_task_age_ms":1,"baseline":1358,"raw":1396,"delta":38,"queue_drops":0,"floor_rejects":376,"queue_high_water":0,"mqtt_connect_ms":33,"mqtt_attempts":2,"pub_drops":61,"pub_queue_hw":1,"cmd_drops":0,"pub_per_s":1,"marker_pub_drops":0,"marker_pub_hw":0,"nav":"NO_QUORUM","mm":169,"miss_streak":3,"pwm":103,"lost_markers":343,"lost_ms":169614,"motor_dir":"FWD"}
ngr/loco/9950011/alert {"level":"NO_QUORUM","reason":"STATUS","loco":"9950011","uptime_ms":283865,"nav":"NO_QUORUM","moving":1,"pwm":103,"est_mm_s":304,"dir":"CCW","session_dir":"CCW","mdir":"FWD","rear":11,"front":164,"env":52150,"lc_mm":11,"last_confirmed_landmark":"","age_ms":179863,"since":355,"dead_reckoned_mm":169,"candidate_mm":166,"viable":[2,3,4],"lostm":343,"lost_ms":170001,"agree":13,"disagree":11,"losts":1,"auto":0}
ngr/loco/9950011/state/nav {"event":"PHANTOM_REJECTED","state":"NO_QUORUM","mm":169,"streak":3,"scores":[5,4,5,6,7,7],"excluded":[false,false,false,false,false,false],"leader":3,"runner_up":4,"margin":0,"eval":12,"viable":[2,3,4],"dt":136,"prev_dt":1084,"sum":1220,"expected":1091,"ratio":1.12}
ngr/loco/9950011/mm/marker {"mm":169,"landmark":"","obs":"N","peak":271,"ms":5501,"drift":-1,"dt":136,"timing_gate":"ACTIVE","dt_expected":1090,"dt_conserve_ratio":1.12,"pwm":103,"v":15.23}
ngr/loco/9950011/state/loopstat {"loop_max_gap_ms":33,"hall_task_max_gap_ms":2,"hall_task_age_ms":1,"baseline":1357,"raw":1393,"delta":36,"queue_drops":0,"floor_rejects":376,"queue_high_water":1,"mqtt_connect_ms":33,"mqtt_attempts":2,"pub_drops":61,"pub_queue_hw":1,"cmd_drops":0,"pub_per_s":3,"marker_pub_drops":0,"marker_pub_hw":1,"nav":"NO_QUORUM","mm":169,"miss_streak":3,"pwm":103,"lost_markers":343,"lost_ms":170614,"motor_dir":"FWD"}
ngr/loco/9950011/alert {"level":"NO_QUORUM","reason":"STATUS","loco":"9950011","uptime_ms":284865,"nav":"NO_QUORUM","moving":1,"pwm":103,"est_mm_s":2426,"dir":"CCW","session_dir":"CCW","mdir":"FWD","rear":11,"front":164,"env":52150,"lc_mm":11,"last_confirmed_landmark":"","age_ms":180863,"since":355,"dead_reckoned_mm":169,"candidate_mm":166,"viable":[2,3,4],"lostm":343,"lost_ms":171001,"agree":13,"disagree":11,"losts":1,"auto":0}
ngr/loco/9950011/telem/voltage 15.23
ngr/loco/9950011/telem/current 0.41
ngr/loco/9950011/telem/power 6.33
ngr/loco/9950011/state/loopstat {"loop_max_gap_ms":33,"hall_task_max_gap_ms":2,"hall_task_age_ms":1,"baseline":1357,"raw":1355,"delta":-2,"queue_drops":0,"floor_rejects":376,"queue_high_water":0,"mqtt_connect_ms":33,"mqtt_attempts":2,"pub_drops":61,"pub_queue_hw":3,"cmd_drops":0,"pub_per_s":4,"marker_pub_drops":0,"marker_pub_hw":0,"nav":"NO_QUORUM","mm":169,"miss_streak":3,"pwm":103,"lost_markers":343,"lost_ms":171614,"motor_dir":"FWD"}
ngr/loco/9950011/mm/marker {"mm":168,"landmark":"","obs":"N","peak":137,"ms":1355,"drift":0,"dt":5507,"timing_gate":"ACTIVE","dt_expected":1090,"dt_conserve_ratio":6.04,"pwm":103,"v":15.23}
ngr/loco/9950011/mm/marker {"mm":167,"landmark":"","obs":"N","peak":70,"ms":47,"drift":0,"dt":1363,"timing_gate":"ACTIVE","dt_expected":1090,"dt_conserve_ratio":6.30,"pwm":103,"v":15.23}
ngr/loco/9950011/alert {"level":"NO_QUORUM","reason":"STATUS","loco":"9950011","uptime_ms":285865,"nav":"NO_QUORUM","moving":1,"pwm":103,"est_mm_s":260,"dir":"CCW","session_dir":"CCW","mdir":"FWD","rear":11,"front":162,"env":52150,"lc_mm":11,"last_confirmed_landmark":"","age_ms":181863,"since":357,"dead_reckoned_mm":167,"candidate_mm":164,"viable":[2,3,4],"lostm":345,"lost_ms":172001,"agree":13,"disagree":11,"losts":1,"auto":0}
ngr/loco/9950011/state/start_mm 167
ngr/loco/9950011/state/loopstat {"loop_max_gap_ms":33,"hall_task_max_gap_ms":2,"hall_task_age_ms":1,"baseline":1357,"raw":1236,"delta":-121,"queue_drops":0,"floor_rejects":377,"queue_high_water":1,"mqtt_connect_ms":33,"mqtt_attempts":2,"pub_drops":61,"pub_queue_hw":1,"cmd_drops":0,"pub_per_s":4,"marker_pub_drops":0,"marker_pub_hw":1,"nav":"NO_QUORUM","mm":167,"miss_streak":3,"pwm":103,"lost_markers":345,"lost_ms":172614,"motor_dir":"FWD"}
ngr/loco/9950011/state/nav {"event":"PHANTOM_REJECTED","state":"NO_QUORUM","mm":167,"streak":3,"scores":[5,4,5,6,7,7],"excluded":[false,false,false,false,false,false],"leader":3,"runner_up":4,"margin":0,"eval":12,"viable":[2,3,4],"dt":123,"prev_dt":1363,"sum":1486,"expected":1174,"ratio":1.27}
ngr/loco/9950011/mm/marker {"mm":167,"landmark":"","obs":"N","peak":120,"ms":893,"drift":0,"dt":123,"timing_gate":"ACTIVE","dt_expected":1173,"dt_conserve_ratio":1.27,"pwm":103,"v":15.23}
ngr/loco/9950011/alert {"level":"NO_QUORUM","reason":"STATUS","loco":"9950011","uptime_ms":286865,"nav":"NO_QUORUM","moving":1,"pwm":103,"est_mm_s":2886,"dir":"CCW","session_dir":"CCW","mdir":"FWD","rear":11,"front":162,"env":52150,"lc_mm":11,"last_confirmed_landmark":"","age_ms":182863,"since":357,"dead_reckoned_mm":167,"candidate_mm":164,"viable":[2,3,4],"lostm":345,"lost_ms":173001,"agree":13,"disagree":11,"losts":1,"auto":0}
ngr/loco/9950011/state/loopstat {"loop_max_gap_ms":33,"hall_task_max_gap_ms":2,"hall_task_age_ms":1,"baseline":1357,"raw":1232,"delta":-125,"queue_drops":0,"floor_rejects":377,"queue_high_water":1,"mqtt_connect_ms":33,"mqtt_attempts":2,"pub_drops":61,"pub_queue_hw":1,"cmd_drops":0,"pub_per_s":3,"marker_pub_drops":0,"marker_pub_hw":1,"nav":"NO_QUORUM","mm":167,"miss_streak":3,"pwm":103,"lost_markers":345,"lost_ms":173614,"motor_dir":"FWD"}
ngr/loco/9950011/alert {"level":"NO_QUORUM","reason":"STATUS","loco":"9950011","uptime_ms":287865,"nav":"NO_QUORUM","moving":1,"pwm":103,"est_mm_s":2886,"dir":"CCW","session_dir":"CCW","mdir":"FWD","rear":11,"front":162,"env":52150,"lc_mm":11,"last_confirmed_landmark":"","age_ms":183863,"since":357,"dead_reckoned_mm":167,"candidate_mm":164,"viable":[2,3,4],"lostm":345,"lost_ms":174001,"agree":13,"disagree":11,"losts":1,"auto":0}
ngr/loco/9950011/state/loopstat {"loop_max_gap_ms":33,"hall_task_max_gap_ms":2,"hall_task_age_ms":1,"baseline":1356,"raw":1086,"delta":-270,"queue_drops":0,"floor_rejects":377,"queue_high_water":0,"mqtt_connect_ms":33,"mqtt_attempts":2,"pub_drops":61,"pub_queue_hw":1,"cmd_drops":0,"pub_per_s":1,"marker_pub_drops":0,"marker_pub_hw":0,"nav":"NO_QUORUM","mm":167,"miss_streak":3,"pwm":103,"lost_markers":345,"lost_ms":174614,"motor_dir":"FWD"}
ngr/loco/9950011/alert {"level":"NO_QUORUM","reason":"STATUS","loco":"9950011","uptime_ms":288865,"nav":"NO_QUORUM","moving":1,"pwm":103,"est_mm_s":2886,"dir":"CCW","session_dir":"CCW","mdir":"FWD","rear":11,"front":162,"env":52150,"lc_mm":11,"last_confirmed_landmark":"","age_ms":184863,"since":357,"dead_reckoned_mm":167,"candidate_mm":164,"viable":[2,3,4],"lostm":345,"lost_ms":175001,"agree":13,"disagree":11,"losts":1,"auto":0}
ngr/loco/9950011/state/loopstat {"loop_max_gap_ms":33,"hall_task_max_gap_ms":2,"hall_task_age_ms":1,"baseline":1351,"raw":1082,"delta":-269,"queue_drops":0,"floor_rejects":377,"queue_high_water":0,"mqtt_connect_ms":33,"mqtt_attempts":2,"pub_drops":61,"pub_queue_hw":1,"cmd_drops":0,"pub_per_s":1,"marker_pub_drops":0,"marker_pub_hw":0,"nav":"NO_QUORUM","mm":167,"miss_streak":3,"pwm":103,"lost_markers":345,"lost_ms":175614,"motor_dir":"FWD"}
ngr/loco/9950011/alert {"level":"NO_QUORUM","reason":"STATUS","loco":"9950011","uptime_ms":289865,"nav":"NO_QUORUM","moving":1,"pwm":103,"est_mm_s":2886,"dir":"CCW","session_dir":"CCW","mdir":"FWD","rear":11,"front":162,"env":52150,"lc_mm":11,"last_confirmed_landmark":"","age_ms":185863,"since":357,"dead_reckoned_mm":167,"candidate_mm":164,"viable":[2,3,4],"lostm":345,"lost_ms":176001,"agree":13,"disagree":11,"losts":1,"auto":0}
ngr/loco/9950011/telem/voltage 15.23
ngr/loco/9950011/telem/current 0.40
ngr/loco/9950011/telem/power 5.89
ngr/loco/9950011/state/loopstat {"loop_max_gap_ms":33,"hall_task_max_gap_ms":2,"hall_task_age_ms":1,"baseline":1349,"raw":1025,"delta":-324,"queue_drops":0,"floor_rejects":377,"queue_high_water":0,"mqtt_connect_ms":33,"mqtt_attempts":2,"pub_drops":61,"pub_queue_hw":3,"cmd_drops":0,"pub_per_s":4,"marker_pub_drops":0,"marker_pub_hw":0,"nav":"NO_QUORUM","mm":167,"miss_streak":3,"pwm":103,"lost_markers":345,"lost_ms":176614,"motor_dir":"FWD"}
ngr/loco/9950011/alert {"level":"NO_QUORUM","reason":"STATUS","loco":"9950011","uptime_ms":290865,"nav":"NO_QUORUM","moving":1,"pwm":103,"est_mm_s":2886,"dir":"CCW","session_dir":"CCW","mdir":"FWD","rear":11,"front":162,"env":52150,"lc_mm":11,"last_confirmed_landmark":"","age_ms":186863,"since":357,"dead_reckoned_mm":167,"candidate_mm":164,"viable":[2,3,4],"lostm":345,"lost_ms":177001,"agree":13,"disagree":11,"losts":1,"auto":0}
ngr/loco/9950011/state/loopstat {"loop_max_gap_ms":33,"hall_task_max_gap_ms":2,"hall_task_age_ms":1,"baseline":1348,"raw":1157,"delta":-191,"queue_drops":0,"floor_rejects":377,"queue_high_water":0,"mqtt_connect_ms":33,"mqtt_attempts":2,"pub_drops":61,"pub_queue_hw":1,"cmd_drops":0,"pub_per_s":1,"marker_pub_drops":0,"marker_pub_hw":0,"nav":"NO_QUORUM","mm":167,"miss_streak":3,"pwm":103,"lost_markers":345,"lost_ms":177614,"motor_dir":"FWD"}
ngr/loco/9950011/alert {"level":"NO_QUORUM","reason":"STATUS","loco":"9950011","uptime_ms":291865,"nav":"NO_QUORUM","moving":1,"pwm":103,"est_mm_s":2886,"dir":"CCW","session_dir":"CCW","mdir":"FWD","rear":11,"front":162,"env":52150,"lc_mm":11,"last_confirmed_landmark":"","age_ms":187863,"since":357,"dead_reckoned_mm":167,"candidate_mm":164,"viable":[2,3,4],"lostm":345,"lost_ms":178001,"agree":13,"disagree":11,"losts":1,"auto":0}
ngr/loco/9950011/state/loopstat {"loop_max_gap_ms":34,"hall_task_max_gap_ms":2,"hall_task_age_ms":1,"baseline":1346,"raw":942,"delta":-404,"queue_drops":0,"floor_rejects":377,"queue_high_water":0,"mqtt_connect_ms":33,"mqtt_attempts":2,"pub_drops":61,"pub_queue_hw":1,"cmd_drops":0,"pub_per_s":1,"marker_pub_drops":0,"marker_pub_hw":0,"nav":"NO_QUORUM","mm":167,"miss_streak":3,"pwm":103,"lost_markers":345,"lost_ms":178614,"motor_dir":"FWD"}
ngr/loco/9950011/alert {"level":"NO_QUORUM","reason":"STATUS","loco":"9950011","uptime_ms":292865,"nav":"NO_QUORUM","moving":1,"pwm":103,"est_mm_s":2886,"dir":"CCW","session_dir":"CCW","mdir":"FWD","rear":11,"front":162,"env":52150,"lc_mm":11,"last_confirmed_landmark":"","age_ms":188863,"since":357,"dead_reckoned_mm":167,"candidate_mm":164,"viable":[2,3,4],"lostm":345,"lost_ms":179001,"agree":13,"disagree":11,"losts":1,"auto":0}
ngr/loco/9950011/state/loopstat {"loop_max_gap_ms":34,"hall_task_max_gap_ms":2,"hall_task_age_ms":1,"baseline":1343,"raw":1123,"delta":-220,"queue_drops":0,"floor_rejects":377,"queue_high_water":0,"mqtt_connect_ms":33,"mqtt_attempts":2,"pub_drops":61,"pub_queue_hw":1,"cmd_drops":0,"pub_per_s":1,"marker_pub_drops":0,"marker_pub_hw":0,"nav":"NO_QUORUM","mm":167,"miss_streak":3,"pwm":103,"lost_markers":345,"lost_ms":179614,"motor_dir":"FWD"}
ngr/loco/9950011/alert {"level":"NO_QUORUM","reason":"STATUS","loco":"9950011","uptime_ms":293865,"nav":"NO_QUORUM","moving":1,"pwm":103,"est_mm_s":2886,"dir":"CCW","session_dir":"CCW","mdir":"FWD","rear":11,"front":162,"env":52150,"lc_mm":11,"last_confirmed_landmark":"","age_ms":189863,"since":357,"dead_reckoned_mm":167,"candidate_mm":164,"viable":[2,3,4],"lostm":345,"lost_ms":180001,"agree":13,"disagree":11,"losts":1,"auto":0}
ngr/loco/9950011/state/loopstat {"loop_max_gap_ms":34,"hall_task_max_gap_ms":2,"hall_task_age_ms":1,"baseline":1342,"raw":961,"delta":-381,"queue_drops":0,"floor_rejects":377,"queue_high_water":0,"mqtt_connect_ms":33,"mqtt_attempts":2,"pub_drops":61,"pub_queue_hw":1,"cmd_drops":0,"pub_per_s":1,"marker_pub_drops":0,"marker_pub_hw":0,"nav":"NO_QUORUM","mm":167,"miss_streak":3,"pwm":103,"lost_markers":345,"lost_ms":180614,"motor_dir":"FWD"}
ngr/loco/9950011/alert {"level":"NO_QUORUM","reason":"STATUS","loco":"9950011","uptime_ms":294865,"nav":"NO_QUORUM","moving":1,"pwm":103,"est_mm_s":2886,"dir":"CCW","session_dir":"CCW","mdir":"FWD","rear":11,"front":162,"env":52150,"lc_mm":11,"last_confirmed_landmark":"","age_ms":190863,"since":357,"dead_reckoned_mm":167,"candidate_mm":164,"viable":[2,3,4],"lostm":345,"lost_ms":181001,"agree":13,"disagree":11,"losts":1,"auto":0}
ngr/loco/9950011/telem/voltage 15.25
ngr/loco/9950011/telem/current 0.35
ngr/loco/9950011/telem/power 4.99
ngr/loco/9950011/state/loopstat {"loop_max_gap_ms":33,"hall_task_max_gap_ms":2,"hall_task_age_ms":1,"baseline":1334,"raw":1037,"delta":-297,"queue_drops":0,"floor_rejects":377,"queue_high_water":0,"mqtt_connect_ms":33,"mqtt_attempts":2,"pub_drops":61,"pub_queue_hw":3,"cmd_drops":0,"pub_per_s":4,"marker_pub_drops":0,"marker_pub_hw":0,"nav":"NO_QUORUM","mm":167,"miss_streak":3,"pwm":103,"lost_markers":345,"lost_ms":181614,"motor_dir":"FWD"}
ngr/loco/9950011/alert {"level":"NO_QUORUM","reason":"STATUS","loco":"9950011","uptime_ms":295865,"nav":"NO_QUORUM","moving":1,"pwm":103,"est_mm_s":2886,"dir":"CCW","session_dir":"CCW","mdir":"FWD","rear":11,"front":162,"env":52150,"lc_mm":11,"last_confirmed_landmark":"","age_ms":191863,"since":357,"dead_reckoned_mm":167,"candidate_mm":164,"viable":[2,3,4],"lostm":345,"lost_ms":182001,"agree":13,"disagree":11,"losts":1,"auto":0}
ngr/loco/9950011/state/loopstat {"loop_max_gap_ms":33,"hall_task_max_gap_ms":2,"hall_task_age_ms":1,"baseline":1331,"raw":1146,"delta":-185,"queue_drops":0,"floor_rejects":377,"queue_high_water":0,"mqtt_connect_ms":33,"mqtt_attempts":2,"pub_drops":61,"pub_queue_hw":1,"cmd_drops":0,"pub_per_s":1,"marker_pub_drops":0,"marker_pub_hw":0,"nav":"NO_QUORUM","mm":167,"miss_streak":3,"pwm":103,"lost_markers":345,"lost_ms":182614,"motor_dir":"FWD"}
ngr/loco/9950011/alert {"level":"NO_QUORUM","reason":"STATUS","loco":"9950011","uptime_ms":296865,"nav":"NO_QUORUM","moving":1,"pwm":103,"est_mm_s":2886,"dir":"CCW","session_dir":"CCW","mdir":"FWD","rear":11,"front":162,"env":52150,"lc_mm":11,"last_confirmed_landmark":"","age_ms":192863,"since":357,"dead_reckoned_mm":167,"candidate_mm":164,"viable":[2,3,4],"lostm":345,"lost_ms":183001,"agree":13,"disagree":11,"losts":1,"auto":0}
ngr/loco/9950011/state/loopstat {"loop_max_gap_ms":33,"hall_task_max_gap_ms":2,"hall_task_age_ms":1,"baseline":1329,"raw":1035,"delta":-294,"queue_drops":0,"floor_rejects":377,"queue_high_water":0,"mqtt_connect_ms":33,"mqtt_attempts":2,"pub_drops":61,"pub_queue_hw":1,"cmd_drops":0,"pub_per_s":1,"marker_pub_drops":0,"marker_pub_hw":0,"nav":"NO_QUORUM","mm":167,"miss_streak":3,"pwm":103,"lost_markers":345,"lost_ms":183614,"motor_dir":"FWD"}
ngr/loco/9950011/alert {"level":"NO_QUORUM","reason":"STATUS","loco":"9950011","uptime_ms":297865,"nav":"NO_QUORUM","moving":1,"pwm":103,"est_mm_s":2886,"dir":"CCW","session_dir":"CCW","mdir":"FWD","rear":11,"front":162,"env":52150,"lc_mm":11,"last_confirmed_landmark":"","age_ms":193863,"since":357,"dead_reckoned_mm":167,"candidate_mm":164,"viable":[2,3,4],"lostm":345,"lost_ms":184001,"agree":13,"disagree":11,"losts":1,"auto":0}
ngr/loco/9950011/state/loopstat {"loop_max_gap_ms":33,"hall_task_max_gap_ms":2,"hall_task_age_ms":1,"baseline":1326,"raw":1145,"delta":-181,"queue_drops":0,"floor_rejects":377,"queue_high_water":0,"mqtt_connect_ms":33,"mqtt_attempts":2,"pub_drops":61,"pub_queue_hw":1,"cmd_drops":0,"pub_per_s":1,"marker_pub_drops":0,"marker_pub_hw":0,"nav":"NO_QUORUM","mm":167,"miss_streak":3,"pwm":103,"lost_markers":345,"lost_ms":184614,"motor_dir":"FWD"}
ngr/loco/9950011/alert {"level":"NO_QUORUM","reason":"STATUS","loco":"9950011","uptime_ms":298865,"nav":"NO_QUORUM","moving":1,"pwm":103,"est_mm_s":2886,"dir":"CCW","session_dir":"CCW","mdir":"FWD","rear":11,"front":162,"env":52150,"lc_mm":11,"last_confirmed_landmark":"","age_ms":194863,"since":357,"dead_reckoned_mm":167,"candidate_mm":164,"viable":[2,3,4],"lostm":345,"lost_ms":185001,"agree":13,"disagree":11,"losts":1,"auto":0}
ngr/loco/9950011/mm/marker {"mm":166,"landmark":"","obs":"N","peak":119,"ms":12812,"drift":-31,"dt":898,"timing_gate":"ACTIVE","dt_expected":1173,"dt_conserve_ratio":1.93,"pwm":103,"v":15.25}
ngr/loco/9950011/state/loopstat {"loop_max_gap_ms":33,"hall_task_max_gap_ms":2,"hall_task_age_ms":1,"baseline":1326,"raw":1215,"delta":-111,"queue_drops":0,"floor_rejects":377,"queue_high_water":0,"mqtt_connect_ms":33,"mqtt_attempts":2,"pub_drops":61,"pub_queue_hw":1,"cmd_drops":0,"pub_per_s":2,"marker_pub_drops":0,"marker_pub_hw":1,"nav":"NO_QUORUM","mm":166,"miss_streak":3,"pwm":103,"lost_markers":346,"lost_ms":185614,"motor_dir":"FWD"}
ngr/loco/9950011/state/start_mm 166
ngr/loco/9950011/alert {"level":"NO_QUORUM","reason":"STATUS","loco":"9950011","uptime_ms":299865,"nav":"NO_QUORUM","moving":1,"pwm":103,"est_mm_s":350,"dir":"CCW","session_dir":"CCW","mdir":"FWD","rear":11,"front":161,"env":52150,"lc_mm":11,"last_confirmed_landmark":"","age_ms":195863,"since":358,"dead_reckoned_mm":166,"candidate_mm":163,"viable":[2,3,4],"lostm":346,"lost_ms":186001,"agree":13,"disagree":11,"losts":1,"auto":0}
ngr/loco/9950011/telem/voltage 15.24
ngr/loco/9950011/telem/current 0.33
ngr/loco/9950011/telem/power 5.10
ngr/loco/9950011/state/loopstat {"loop_max_gap_ms":33,"hall_task_max_gap_ms":2,"hall_task_age_ms":1,"baseline":1323,"raw":1306,"delta":-17,"queue_drops":0,"floor_rejects":377,"queue_high_water":0,"mqtt_connect_ms":33,"mqtt_attempts":2,"pub_drops":61,"pub_queue_hw":3,"cmd_drops":0,"pub_per_s":5,"marker_pub_drops":0,"marker_pub_hw":0,"nav":"NO_QUORUM","mm":166,"miss_streak":3,"pwm":103,"lost_markers":346,"lost_ms":186614,"motor_dir":"FWD"}
ngr/loco/9950011/alert {"level":"NO_QUORUM","reason":"STATUS","loco":"9950011","uptime_ms":300865,"nav":"NO_QUORUM","moving":1,"pwm":103,"est_mm_s":350,"dir":"CCW","session_dir":"CCW","mdir":"FWD","rear":11,"front":161,"env":52150,"lc_mm":11,"last_confirmed_landmark":"","age_ms":196863,"since":358,"dead_reckoned_mm":166,"candidate_mm":163,"viable":[2,3,4],"lostm":346,"lost_ms":187001,"agree":13,"disagree":11,"losts":1,"auto":0}
ngr/loco/9950011/state/loopstat {"loop_max_gap_ms":34,"hall_task_max_gap_ms":2,"hall_task_age_ms":1,"baseline":1321,"raw":1165,"delta":-156,"queue_drops":0,"floor_rejects":377,"queue_high_water":0,"mqtt_connect_ms":33,"mqtt_attempts":2,"pub_drops":61,"pub_queue_hw":1,"cmd_drops":0,"pub_per_s":1,"marker_pub_drops":0,"marker_pub_hw":0,"nav":"NO_QUORUM","mm":166,"miss_streak":3,"pwm":103,"lost_markers":346,"lost_ms":187614,"motor_dir":"FWD"}
ngr/loco/9950011/alert {"level":"NO_QUORUM","reason":"STATUS","loco":"9950011","uptime_ms":301865,"nav":"NO_QUORUM","moving":1,"pwm":103,"est_mm_s":350,"dir":"CCW","session_dir":"CCW","mdir":"FWD","rear":11,"front":161,"env":52150,"lc_mm":11,"last_confirmed_landmark":"","age_ms":197863,"since":358,"dead_reckoned_mm":166,"candidate_mm":163,"viable":[2,3,4],"lostm":346,"lost_ms":188001,"agree":13,"disagree":11,"losts":1,"auto":0}
ngr/loco/9950011/state/loopstat {"loop_max_gap_ms":34,"hall_task_max_gap_ms":2,"hall_task_age_ms":1,"baseline":1318,"raw":1154,"delta":-164,"queue_drops":0,"floor_rejects":377,"queue_high_water":0,"mqtt_connect_ms":33,"mqtt_attempts":2,"pub_drops":61,"pub_queue_hw":1,"cmd_drops":0,"pub_per_s":1,"marker_pub_drops":0,"marker_pub_hw":0,"nav":"NO_QUORUM","mm":166,"miss_streak":3,"pwm":103,"lost_markers":346,"lost_ms":188614,"motor_dir":"FWD"}
ngr/loco/9950011/alert {"level":"NO_QUORUM","reason":"STATUS","loco":"9950011","uptime_ms":302865,"nav":"NO_QUORUM","moving":1,"pwm":103,"est_mm_s":350,"dir":"CCW","session_dir":"CCW","mdir":"FWD","rear":11,"front":161,"env":52150,"lc_mm":11,"last_confirmed_landmark":"","age_ms":198863,"since":358,"dead_reckoned_mm":166,"candidate_mm":163,"viable":[2,3,4],"lostm":346,"lost_ms":189001,"agree":13,"disagree":11,"losts":1,"auto":0}
ngr/loco/9950011/state/loopstat {"loop_max_gap_ms":33,"hall_task_max_gap_ms":2,"hall_task_age_ms":1,"baseline":1317,"raw":1120,"delta":-197,"queue_drops":0,"floor_rejects":377,"queue_high_water":0,"mqtt_connect_ms":33,"mqtt_attempts":2,"pub_drops":61,"pub_queue_hw":1,"cmd_drops":0,"pub_per_s":1,"marker_pub_drops":0,"marker_pub_hw":0,"nav":"NO_QUORUM","mm":166,"miss_streak":3,"pwm":103,"lost_markers":346,"lost_ms":189614,"motor_dir":"FWD"}
ngr/loco/9950011/alert {"level":"NO_QUORUM","reason":"STATUS","loco":"9950011","uptime_ms":303865,"nav":"NO_QUORUM","moving":1,"pwm":103,"est_mm_s":350,"dir":"CCW","session_dir":"CCW","mdir":"FWD","rear":11,"front":161,"env":52150,"lc_mm":11,"last_confirmed_landmark":"","age_ms":199863,"since":358,"dead_reckoned_mm":166,"candidate_mm":163,"viable":[2,3,4],"lostm":346,"lost_ms":190001,"agree":13,"disagree":11,"losts":1,"auto":0}
ngr/loco/9950011/state/loopstat {"loop_max_gap_ms":34,"hall_task_max_gap_ms":2,"hall_task_age_ms":1,"baseline":1314,"raw":1113,"delta":-201,"queue_drops":0,"floor_rejects":377,"queue_high_water":0,"mqtt_connect_ms":33,"mqtt_attempts":2,"pub_drops":61,"pub_queue_hw":1,"cmd_drops":0,"pub_per_s":1,"marker_pub_drops":0,"marker_pub_hw":0,"nav":"NO_QUORUM","mm":166,"miss_streak":3,"pwm":103,"lost_markers":346,"lost_ms":190614,"motor_dir":"FWD"}
ngr/loco/9950011/alert {"level":"NO_QUORUM","reason":"STATUS","loco":"9950011","uptime_ms":304865,"nav":"NO_QUORUM","moving":1,"pwm":103,"est_mm_s":350,"dir":"CCW","session_dir":"CCW","mdir":"FWD","rear":11,"front":161,"env":52150,"lc_mm":11,"last_confirmed_landmark":"","age_ms":200863,"since":358,"dead_reckoned_mm":166,"candidate_mm":163,"viable":[2,3,4],"lostm":346,"lost_ms":191001,"agree":13,"disagree":11,"losts":1,"auto":0}
ngr/loco/9950011/telem/voltage 15.24
ngr/loco/9950011/telem/current 0.32
ngr/loco/9950011/telem/power 5.82
ngr/loco/9950011/state/loopstat {"loop_max_gap_ms":34,"hall_task_max_gap_ms":2,"hall_task_age_ms":1,"baseline":1303,"raw":1152,"delta":-151,"queue_drops":0,"floor_rejects":377,"queue_high_water":0,"mqtt_connect_ms":33,"mqtt_attempts":2,"pub_drops":61,"pub_queue_hw":3,"cmd_drops":0,"pub_per_s":4,"marker_pub_drops":0,"marker_pub_hw":0,"nav":"NO_QUORUM","mm":166,"miss_streak":3,"pwm":103,"lost_markers":346,"lost_ms":191614,"motor_dir":"FWD"}
ngr/loco/9950011/alert {"level":"NO_QUORUM","reason":"STATUS","loco":"9950011","uptime_ms":305865,"nav":"NO_QUORUM","moving":1,"pwm":103,"est_mm_s":350,"dir":"CCW","session_dir":"CCW","mdir":"FWD","rear":11,"front":161,"env":52150,"lc_mm":11,"last_confirmed_landmark":"","age_ms":201863,"since":358,"dead_reckoned_mm":166,"candidate_mm":163,"viable":[2,3,4],"lostm":346,"lost_ms":192001,"agree":13,"disagree":11,"losts":1,"auto":0}
ngr/loco/9950011/state/loopstat {"loop_max_gap_ms":33,"hall_task_max_gap_ms":2,"hall_task_age_ms":1,"baseline":1301,"raw":1179,"delta":-122,"queue_drops":0,"floor_rejects":377,"queue_high_water":0,"mqtt_connect_ms":33,"mqtt_attempts":2,"pub_drops":61,"pub_queue_hw":1,"cmd_drops":0,"pub_per_s":1,"marker_pub_drops":0,"marker_pub_hw":0,"nav":"NO_QUORUM","mm":166,"miss_streak":3,"pwm":103,"lost_markers":346,"lost_ms":192614,"motor_dir":"FWD"}
ngr/loco/9950011/alert {"level":"NO_QUORUM","reason":"STATUS","loco":"9950011","uptime_ms":306865,"nav":"NO_QUORUM","moving":1,"pwm":103,"est_mm_s":350,"dir":"CCW","session_dir":"CCW","mdir":"FWD","rear":11,"front":161,"env":52150,"lc_mm":11,"last_confirmed_landmark":"","age_ms":202863,"since":358,"dead_reckoned_mm":166,"candidate_mm":163,"viable":[2,3,4],"lostm":346,"lost_ms":193001,"agree":13,"disagree":11,"losts":1,"auto":0}
ngr/loco/9950011/state/loopstat {"loop_max_gap_ms":33,"hall_task_max_gap_ms":2,"hall_task_age_ms":1,"baseline":1298,"raw":1099,"delta":-199,"queue_drops":0,"floor_rejects":377,"queue_high_water":0,"mqtt_connect_ms":33,"mqtt_attempts":2,"pub_drops":61,"pub_queue_hw":1,"cmd_drops":0,"pub_per_s":1,"marker_pub_drops":0,"marker_pub_hw":0,"nav":"NO_QUORUM","mm":166,"miss_streak":3,"pwm":103,"lost_markers":346,"lost_ms":193614,"motor_dir":"FWD"}
ngr/loco/9950011/alert {"level":"NO_QUORUM","reason":"STATUS","loco":"9950011","uptime_ms":307865,"nav":"NO_QUORUM","moving":1,"pwm":103,"est_mm_s":350,"dir":"CCW","session_dir":"CCW","mdir":"FWD","rear":11,"front":161,"env":52150,"lc_mm":11,"last_confirmed_landmark":"","age_ms":203863,"since":358,"dead_reckoned_mm":166,"candidate_mm":163,"viable":[2,3,4],"lostm":346,"lost_ms":194001,"agree":13,"disagree":11,"losts":1,"auto":0}
ngr/loco/9950011/state/loopstat {"loop_max_gap_ms":34,"hall_task_max_gap_ms":1,"hall_task_age_ms":1,"baseline":1296,"raw":1035,"delta":-261,"queue_drops":0,"floor_rejects":377,"queue_high_water":0,"mqtt_connect_ms":33,"mqtt_attempts":2,"pub_drops":61,"pub_queue_hw":1,"cmd_drops":0,"pub_per_s":1,"marker_pub_drops":0,"marker_pub_hw":0,"nav":"NO_QUORUM","mm":166,"miss_streak":3,"pwm":103,"lost_markers":346,"lost_ms":194614,"motor_dir":"FWD"}
ngr/loco/9950011/alert {"level":"NO_QUORUM","reason":"STATUS","loco":"9950011","uptime_ms":308865,"nav":"NO_QUORUM","moving":1,"pwm":103,"est_mm_s":350,"dir":"CCW","session_dir":"CCW","mdir":"FWD","rear":11,"front":161,"env":52150,"lc_mm":11,"last_confirmed_landmark":"","age_ms":204863,"since":358,"dead_reckoned_mm":166,"candidate_mm":163,"viable":[2,3,4],"lostm":346,"lost_ms":195001,"agree":13,"disagree":11,"losts":1,"auto":0}
ngr/loco/9950011/state/loopstat {"loop_max_gap_ms":33,"hall_task_max_gap_ms":2,"hall_task_age_ms":1,"baseline":1294,"raw":1032,"delta":-262,"queue_drops":0,"floor_rejects":377,"queue_high_water":0,"mqtt_connect_ms":33,"mqtt_attempts":2,"pub_drops":61,"pub_queue_hw":1,"cmd_drops":0,"pub_per_s":1,"marker_pub_drops":0,"marker_pub_hw":0,"nav":"NO_QUORUM","mm":166,"miss_streak":3,"pwm":103,"lost_markers":346,"lost_ms":195614,"motor_dir":"FWD"}
ngr/loco/9950011/alert {"level":"NO_QUORUM","reason":"STATUS","loco":"9950011","uptime_ms":309865,"nav":"NO_QUORUM","moving":1,"pwm":103,"est_mm_s":350,"dir":"CCW","session_dir":"CCW","mdir":"FWD","rear":11,"front":161,"env":52150,"lc_mm":11,"last_confirmed_landmark":"","age_ms":205863,"since":358,"dead_reckoned_mm":166,"candidate_mm":163,"viable":[2,3,4],"lostm":346,"lost_ms":196001,"agree":13,"disagree":11,"losts":1,"auto":0}
ngr/loco/9950011/telem/voltage 15.22
ngr/loco/9950011/telem/current 0.30
ngr/loco/9950011/telem/power 5.46
ngr/loco/9950011/state/loopstat {"loop_max_gap_ms":33,"hall_task_max_gap_ms":2,"hall_task_age_ms":1,"baseline":1293,"raw":905,"delta":-388,"queue_drops":0,"floor_rejects":377,"queue_high_water":0,"mqtt_connect_ms":33,"mqtt_attempts":2,"pub_drops":61,"pub_queue_hw":3,"cmd_drops":0,"pub_per_s":4,"marker_pub_drops":0,"marker_pub_hw":0,"nav":"NO_QUORUM","mm":166,"miss_streak":3,"pwm":103,"lost_markers":346,"lost_ms":196614,"motor_dir":"FWD"}
ngr/loco/9950011/alert {"level":"NO_QUORUM","reason":"STATUS","loco":"9950011","uptime_ms":310865,"nav":"NO_QUORUM","moving":1,"pwm":103,"est_mm_s":350,"dir":"CCW","session_dir":"CCW","mdir":"FWD","rear":11,"front":161,"env":52150,"lc_mm":11,"last_confirmed_landmark":"","age_ms":206863,"since":358,"dead_reckoned_mm":166,"candidate_mm":163,"viable":[2,3,4],"lostm":346,"lost_ms":197001,"agree":13,"disagree":11,"losts":1,"auto":0}
ngr/loco/9950011/state/loopstat {"loop_max_gap_ms":33,"hall_task_max_gap_ms":2,"hall_task_age_ms":1,"baseline":1284,"raw":1060,"delta":-224,"queue_drops":0,"floor_rejects":377,"queue_high_water":0,"mqtt_connect_ms":33,"mqtt_attempts":2,"pub_drops":61,"pub_queue_hw":1,"cmd_drops":0,"pub_per_s":1,"marker_pub_drops":0,"marker_pub_hw":0,"nav":"NO_QUORUM","mm":166,"miss_streak":3,"pwm":103,"lost_markers":346,"lost_ms":197614,"motor_dir":"FWD"}
ngr/loco/9950011/alert {"level":"NO_QUORUM","reason":"STATUS","loco":"9950011","uptime_ms":311865,"nav":"NO_QUORUM","moving":1,"pwm":103,"est_mm_s":350,"dir":"CCW","session_dir":"CCW","mdir":"FWD","rear":11,"front":161,"env":52150,"lc_mm":11,"last_confirmed_landmark":"","age_ms":207863,"since":358,"dead_reckoned_mm":166,"candidate_mm":163,"viable":[2,3,4],"lostm":346,"lost_ms":198001,"agree":13,"disagree":11,"losts":1,"auto":0}
ngr/loco/9950011/state/loopstat {"loop_max_gap_ms":33,"hall_task_max_gap_ms":1,"hall_task_age_ms":1,"baseline":1277,"raw":1065,"delta":-212,"queue_drops":0,"floor_rejects":377,"queue_high_water":0,"mqtt_connect_ms":33,"mqtt_attempts":2,"pub_drops":61,"pub_queue_hw":1,"cmd_drops":0,"pub_per_s":1,"marker_pub_drops":0,"marker_pub_hw":0,"nav":"NO_QUORUM","mm":166,"miss_streak":3,"pwm":103,"lost_markers":346,"lost_ms":198614,"motor_dir":"FWD"}
ngr/loco/9950011/alert {"level":"NO_QUORUM","reason":"STATUS","loco":"9950011","uptime_ms":312865,"nav":"NO_QUORUM","moving":1,"pwm":103,"est_mm_s":350,"dir":"CCW","session_dir":"CCW","mdir":"FWD","rear":11,"front":161,"env":52150,"lc_mm":11,"last_confirmed_landmark":"","age_ms":208863,"since":358,"dead_reckoned_mm":166,"candidate_mm":163,"viable":[2,3,4],"lostm":346,"lost_ms":199001,"agree":13,"disagree":11,"losts":1,"auto":0}
ngr/loco/9950011/state/loopstat {"loop_max_gap_ms":34,"hall_task_max_gap_ms":2,"hall_task_age_ms":1,"baseline":1273,"raw":1047,"delta":-226,"queue_drops":0,"floor_rejects":377,"queue_high_water":0,"mqtt_connect_ms":33,"mqtt_attempts":2,"pub_drops":61,"pub_queue_hw":1,"cmd_drops":0,"pub_per_s":1,"marker_pub_drops":0,"marker_pub_hw":0,"nav":"NO_QUORUM","mm":166,"miss_streak":3,"pwm":103,"lost_markers":346,"lost_ms":199614,"motor_dir":"FWD"}
ngr/loco/9950011/alert {"level":"NO_QUORUM","reason":"STATUS","loco":"9950011","uptime_ms":313865,"nav":"NO_QUORUM","moving":1,"pwm":103,"est_mm_s":350,"dir":"CCW","session_dir":"CCW","mdir":"FWD","rear":11,"front":161,"env":52150,"lc_mm":11,"last_confirmed_landmark":"","age_ms":209863,"since":358,"dead_reckoned_mm":166,"candidate_mm":163,"viable":[2,3,4],"lostm":346,"lost_ms":200001,"agree":13,"disagree":11,"losts":1,"auto":0}
ngr/loco/9950011/state/loopstat {"loop_max_gap_ms":33,"hall_task_max_gap_ms":2,"hall_task_age_ms":1,"baseline":1269,"raw":1104,"delta":-165,"queue_drops":0,"floor_rejects":377,"queue_high_water":0,"mqtt_connect_ms":33,"mqtt_attempts":2,"pub_drops":61,"pub_queue_hw":1,"cmd_drops":0,"pub_per_s":1,"marker_pub_drops":0,"marker_pub_hw":0,"nav":"NO_QUORUM","mm":166,"miss_streak":3,"pwm":103,"lost_markers":346,"lost_ms":200614,"motor_dir":"FWD"}
ngr/loco/9950011/alert {"level":"NO_QUORUM","reason":"STATUS","loco":"9950011","uptime_ms":314865,"nav":"NO_QUORUM","moving":1,"pwm":103,"est_mm_s":350,"dir":"CCW","session_dir":"CCW","mdir":"FWD","rear":11,"front":161,"env":52150,"lc_mm":11,"last_confirmed_landmark":"","age_ms":210863,"since":358,"dead_reckoned_mm":166,"candidate_mm":163,"viable":[2,3,4],"lostm":346,"lost_ms":201001,"agree":13,"disagree":11,"losts":1,"auto":0}
ngr/loco/9950011/telem/voltage 15.23
ngr/loco/9950011/telem/current 0.29
ngr/loco/9950011/telem/power 4.46
ngr/loco/9950011/state/loopstat {"loop_max_gap_ms":34,"hall_task_max_gap_ms":3,"hall_task_age_ms":1,"baseline":1261,"raw":1024,"delta":-237,"queue_drops":0,"floor_rejects":377,"queue_high_water":0,"mqtt_connect_ms":33,"mqtt_attempts":2,"pub_drops":61,"pub_queue_hw":3,"cmd_drops":0,"pub_per_s":4,"marker_pub_drops":0,"marker_pub_hw":0,"nav":"NO_QUORUM","mm":166,"miss_streak":3,"pwm":103,"lost_markers":346,"lost_ms":201614,"motor_dir":"FWD"}
ngr/loco/9950011/alert {"level":"NO_QUORUM","reason":"STATUS","loco":"9950011","uptime_ms":315865,"nav":"NO_QUORUM","moving":1,"pwm":103,"est_mm_s":350,"dir":"CCW","session_dir":"CCW","mdir":"FWD","rear":11,"front":161,"env":52150,"lc_mm":11,"last_confirmed_landmark":"","age_ms":211863,"since":358,"dead_reckoned_mm":166,"candidate_mm":163,"viable":[2,3,4],"lostm":346,"lost_ms":202001,"agree":13,"disagree":11,"losts":1,"auto":0}
ngr/loco/9950011/state/loopstat {"loop_max_gap_ms":33,"hall_task_max_gap_ms":2,"hall_task_age_ms":1,"baseline":1250,"raw":1041,"delta":-209,"queue_drops":0,"floor_rejects":377,"queue_high_water":0,"mqtt_connect_ms":33,"mqtt_attempts":2,"pub_drops":61,"pub_queue_hw":1,"cmd_drops":0,"pub_per_s":1,"marker_pub_drops":0,"marker_pub_hw":0,"nav":"NO_QUORUM","mm":166,"miss_streak":3,"pwm":103,"lost_markers":346,"lost_ms":202614,"motor_dir":"FWD"}
ngr/loco/9950011/alert {"level":"NO_QUORUM","reason":"STATUS","loco":"9950011","uptime_ms":316865,"nav":"NO_QUORUM","moving":1,"pwm":103,"est_mm_s":350,"dir":"CCW","session_dir":"CCW","mdir":"FWD","rear":11,"front":161,"env":52150,"lc_mm":11,"last_confirmed_landmark":"","age_ms":212863,"since":358,"dead_reckoned_mm":166,"candidate_mm":163,"viable":[2,3,4],"lostm":346,"lost_ms":203001,"agree":13,"disagree":11,"losts":1,"auto":0}
ngr/loco/9950011/state/loopstat {"loop_max_gap_ms":33,"hall_task_max_gap_ms":2,"hall_task_age_ms":1,"baseline":1234,"raw":1026,"delta":-208,"queue_drops":0,"floor_rejects":377,"queue_high_water":0,"mqtt_connect_ms":33,"mqtt_attempts":2,"pub_drops":61,"pub_queue_hw":1,"cmd_drops":0,"pub_per_s":1,"marker_pub_drops":0,"marker_pub_hw":0,"nav":"NO_QUORUM","mm":166,"miss_streak":3,"pwm":103,"lost_markers":346,"lost_ms":203614,"motor_dir":"FWD"}
ngr/loco/9950011/alert {"level":"NO_QUORUM","reason":"STATUS","loco":"9950011","uptime_ms":317865,"nav":"NO_QUORUM","moving":1,"pwm":103,"est_mm_s":350,"dir":"CCW","session_dir":"CCW","mdir":"FWD","rear":11,"front":161,"env":52150,"lc_mm":11,"last_confirmed_landmark":"","age_ms":213863,"since":358,"dead_reckoned_mm":166,"candidate_mm":163,"viable":[2,3,4],"lostm":346,"lost_ms":204001,"agree":13,"disagree":11,"losts":1,"auto":0}
ngr/loco/9950011/state/loopstat {"loop_max_gap_ms":33,"hall_task_max_gap_ms":1,"hall_task_age_ms":1,"baseline":1228,"raw":1061,"delta":-167,"queue_drops":0,"floor_rejects":377,"queue_high_water":0,"mqtt_connect_ms":33,"mqtt_attempts":2,"pub_drops":61,"pub_queue_hw":1,"cmd_drops":0,"pub_per_s":1,"marker_pub_drops":0,"marker_pub_hw":0,"nav":"NO_QUORUM","mm":166,"miss_streak":3,"pwm":103,"lost_markers":346,"lost_ms":204614,"motor_dir":"FWD"}
ngr/loco/9950011/alert {"level":"NO_QUORUM","reason":"STATUS","loco":"9950011","uptime_ms":318865,"nav":"NO_QUORUM","moving":1,"pwm":103,"est_mm_s":350,"dir":"CCW","session_dir":"CCW","mdir":"FWD","rear":11,"front":161,"env":52150,"lc_mm":11,"last_confirmed_landmark":"","age_ms":214863,"since":358,"dead_reckoned_mm":166,"candidate_mm":163,"viable":[2,3,4],"lostm":346,"lost_ms":205001,"agree":13,"disagree":11,"losts":1,"auto":0}
ngr/loco/9950011/state/loopstat {"loop_max_gap_ms":33,"hall_task_max_gap_ms":2,"hall_task_age_ms":1,"baseline":1212,"raw":1021,"delta":-191,"queue_drops":0,"floor_rejects":377,"queue_high_water":0,"mqtt_connect_ms":33,"mqtt_attempts":2,"pub_drops":61,"pub_queue_hw":1,"cmd_drops":0,"pub_per_s":1,"marker_pub_drops":0,"marker_pub_hw":0,"nav":"NO_QUORUM","mm":166,"miss_streak":3,"pwm":103,"lost_markers":346,"lost_ms":205614,"motor_dir":"FWD"}
ngr/loco/9950011/alert {"level":"NO_QUORUM","reason":"STATUS","loco":"9950011","uptime_ms":319865,"nav":"NO_QUORUM","moving":1,"pwm":103,"est_mm_s":350,"dir":"CCW","session_dir":"CCW","mdir":"FWD","rear":11,"front":161,"env":52150,"lc_mm":11,"last_confirmed_landmark":"","age_ms":215863,"since":358,"dead_reckoned_mm":166,"candidate_mm":163,"viable":[2,3,4],"lostm":346,"lost_ms":206001,"agree":13,"disagree":11,"losts":1,"auto":0}
ngr/loco/9950011/telem/voltage 15.24
ngr/loco/9950011/telem/current 0.33
ngr/loco/9950011/telem/power 5.06
ngr/loco/9950011/state/loopstat {"loop_max_gap_ms":33,"hall_task_max_gap_ms":2,"hall_task_age_ms":1,"baseline":1171,"raw":971,"delta":-200,"queue_drops":0,"floor_rejects":377,"queue_high_water":0,"mqtt_connect_ms":33,"mqtt_attempts":2,"pub_drops":61,"pub_queue_hw":3,"cmd_drops":0,"pub_per_s":4,"marker_pub_drops":0,"marker_pub_hw":0,"nav":"NO_QUORUM","mm":166,"miss_streak":3,"pwm":103,"lost_markers":346,"lost_ms":206614,"motor_dir":"FWD"}
ngr/loco/9950011/alert {"level":"NO_QUORUM","reason":"STATUS","loco":"9950011","uptime_ms":320865,"nav":"NO_QUORUM","moving":1,"pwm":103,"est_mm_s":350,"dir":"CCW","session_dir":"CCW","mdir":"FWD","rear":11,"front":161,"env":52150,"lc_mm":11,"last_confirmed_landmark":"","age_ms":216863,"since":358,"dead_reckoned_mm":166,"candidate_mm":163,"viable":[2,3,4],"lostm":346,"lost_ms":207001,"agree":13,"disagree":11,"losts":1,"auto":0}
ngr/loco/9950011/state/loopstat {"loop_max_gap_ms":33,"hall_task_max_gap_ms":2,"hall_task_age_ms":1,"baseline":1163,"raw":998,"delta":-165,"queue_drops":0,"floor_rejects":377,"queue_high_water":0,"mqtt_connect_ms":33,"mqtt_attempts":2,"pub_drops":61,"pub_queue_hw":1,"cmd_drops":0,"pub_per_s":1,"marker_pub_drops":0,"marker_pub_hw":0,"nav":"NO_QUORUM","mm":166,"miss_streak":3,"pwm":103,"lost_markers":346,"lost_ms":207614,"motor_dir":"FWD"}
ngr/loco/9950011/alert {"level":"NO_QUORUM","reason":"STATUS","loco":"9950011","uptime_ms":321865,"nav":"NO_QUORUM","moving":1,"pwm":103,"est_mm_s":350,"dir":"CCW","session_dir":"CCW","mdir":"FWD","rear":11,"front":161,"env":52150,"lc_mm":11,"last_confirmed_landmark":"","age_ms":217863,"since":358,"dead_reckoned_mm":166,"candidate_mm":163,"viable":[2,3,4],"lostm":346,"lost_ms":208001,"agree":13,"disagree":11,"losts":1,"auto":0}
ngr/loco/9950011/state/loopstat {"loop_max_gap_ms":34,"hall_task_max_gap_ms":2,"hall_task_age_ms":1,"baseline":1157,"raw":1061,"delta":-96,"queue_drops":0,"floor_rejects":377,"queue_high_water":0,"mqtt_connect_ms":33,"mqtt_attempts":2,"pub_drops":61,"pub_queue_hw":1,"cmd_drops":0,"pub_per_s":1,"marker_pub_drops":0,"marker_pub_hw":0,"nav":"NO_QUORUM","mm":166,"miss_streak":3,"pwm":103,"lost_markers":346,"lost_ms":208614,"motor_dir":"FWD"}
ngr/loco/9950011/alert {"level":"NO_QUORUM","reason":"STATUS","loco":"9950011","uptime_ms":322865,"nav":"NO_QUORUM","moving":1,"pwm":103,"est_mm_s":350,"dir":"CCW","session_dir":"CCW","mdir":"FWD","rear":11,"front":161,"env":52150,"lc_mm":11,"last_confirmed_landmark":"","age_ms":218863,"since":358,"dead_reckoned_mm":166,"candidate_mm":163,"viable":[2,3,4],"lostm":346,"lost_ms":209001,"agree":13,"disagree":11,"losts":1,"auto":0}
ngr/loco/9950011/state/loopstat {"loop_max_gap_ms":33,"hall_task_max_gap_ms":2,"hall_task_age_ms":1,"baseline":1152,"raw":1019,"delta":-133,"queue_drops":0,"floor_rejects":377,"queue_high_water":0,"mqtt_connect_ms":33,"mqtt_attempts":2,"pub_drops":61,"pub_queue_hw":1,"cmd_drops":0,"pub_per_s":1,"marker_pub_drops":0,"marker_pub_hw":0,"nav":"NO_QUORUM","mm":166,"miss_streak":3,"pwm":103,"lost_markers":346,"lost_ms":209614,"motor_dir":"FWD"}
ngr/loco/9950011/alert {"level":"NO_QUORUM","reason":"STATUS","loco":"9950011","uptime_ms":323865,"nav":"NO_QUORUM","moving":1,"pwm":103,"est_mm_s":350,"dir":"CCW","session_dir":"CCW","mdir":"FWD","rear":11,"front":161,"env":52150,"lc_mm":11,"last_confirmed_landmark":"","age_ms":219863,"since":358,"dead_reckoned_mm":166,"candidate_mm":163,"viable":[2,3,4],"lostm":346,"lost_ms":210001,"agree":13,"disagree":11,"losts":1,"auto":0}
ngr/loco/9950011/mm/marker {"mm":165,"landmark":"","obs":"S","peak":609,"ms":24895,"drift":-178,"dt":12831,"timing_gate":"ACTIVE","dt_expected":1041,"dt_conserve_ratio":13.18,"pwm":103,"v":15.24}
ngr/loco/9950011/state/loopstat {"loop_max_gap_ms":33,"hall_task_max_gap_ms":2,"hall_task_age_ms":1,"baseline":1144,"raw":1101,"delta":-43,"queue_drops":0,"floor_rejects":377,"queue_high_water":1,"mqtt_connect_ms":33,"mqtt_attempts":2,"pub_drops":61,"pub_queue_hw":1,"cmd_drops":0,"pub_per_s":2,"marker_pub_drops":0,"marker_pub_hw":1,"nav":"NO_QUORUM","mm":165,"miss_streak":3,"pwm":103,"lost_markers":347,"lost_ms":210614,"motor_dir":"FWD"}
ngr/loco/9950011/state/start_mm 165
ngr/loco/9950011/alert {"level":"NO_QUORUM","reason":"STATUS","loco":"9950011","uptime_ms":324865,"nav":"NO_QUORUM","moving":1,"pwm":103,"est_mm_s":25,"dir":"CCW","session_dir":"CCW","mdir":"FWD","rear":11,"front":160,"env":52150,"lc_mm":11,"last_confirmed_landmark":"","age_ms":220863,"since":359,"dead_reckoned_mm":165,"candidate_mm":162,"viable":[2,3,4],"lostm":347,"lost_ms":211001,"agree":13,"disagree":11,"losts":1,"auto":0}
ngr/loco/9950011/telem/voltage 15.23
ngr/loco/9950011/telem/current 0.39
ngr/loco/9950011/telem/power 6.42
ngr/loco/9950011/state/loopstat {"loop_max_gap_ms":33,"hall_task_max_gap_ms":3,"hall_task_age_ms":1,"baseline":1139,"raw":1068,"delta":-71,"queue_drops":0,"floor_rejects":377,"queue_high_water":0,"mqtt_connect_ms":33,"mqtt_attempts":2,"pub_drops":61,"pub_queue_hw":3,"cmd_drops":0,"pub_per_s":5,"marker_pub_drops":0,"marker_pub_hw":0,"nav":"NO_QUORUM","mm":165,"miss_streak":3,"pwm":103,"lost_markers":347,"lost_ms":211614,"motor_dir":"FWD"}
ngr/loco/9950011/mm/marker {"mm":164,"landmark":"","obs":"N","peak":45,"ms":1423,"drift":-9,"dt":24937,"timing_gate":"ACTIVE","dt_expected":1074,"dt_conserve_ratio":35.15,"pwm":103,"v":15.23}
ngr/loco/9950011/alert {"level":"NO_QUORUM","reason":"STATUS","loco":"9950011","uptime_ms":325865,"nav":"NO_QUORUM","moving":1,"pwm":103,"est_mm_s":12,"dir":"CCW","session_dir":"CCW","mdir":"FWD","rear":11,"front":159,"env":52150,"lc_mm":11,"last_confirmed_landmark":"","age_ms":221863,"since":360,"dead_reckoned_mm":164,"candidate_mm":161,"viable":[2,3,4],"lostm":348,"lost_ms":212001,"agree":13,"disagree":11,"losts":1,"auto":0}
ngr/loco/9950011/state/start_mm 164
ngr/loco/9950011/state/loopstat {"loop_max_gap_ms":33,"hall_task_max_gap_ms":2,"hall_task_age_ms":1,"baseline":1134,"raw":1210,"delta":76,"queue_drops":0,"floor_rejects":377,"queue_high_water":1,"mqtt_connect_ms":33,"mqtt_attempts":2,"pub_drops":61,"pub_queue_hw":1,"cmd_drops":0,"pub_per_s":3,"marker_pub_drops":0,"marker_pub_hw":1,"nav":"NO_QUORUM","mm":164,"miss_streak":3,"pwm":103,"lost_markers":348,"lost_ms":212614,"motor_dir":"FWD"}
ngr/loco/9950011/alert {"level":"NO_QUORUM","reason":"STATUS","loco":"9950011","uptime_ms":326865,"nav":"NO_QUORUM","moving":1,"pwm":103,"est_mm_s":12,"dir":"CCW","session_dir":"CCW","mdir":"FWD","rear":11,"front":159,"env":52150,"lc_mm":11,"last_confirmed_landmark":"","age_ms":222863,"since":360,"dead_reckoned_mm":164,"candidate_mm":161,"viable":[2,3,4],"lostm":348,"lost_ms":213001,"agree":13,"disagree":11,"losts":1,"auto":0}
ngr/loco/9950011/state/loopstat {"loop_max_gap_ms":33,"hall_task_max_gap_ms":2,"hall_task_age_ms":1,"baseline":1130,"raw":1085,"delta":-45,"queue_drops":0,"floor_rejects":377,"queue_high_water":0,"mqtt_connect_ms":33,"mqtt_attempts":2,"pub_drops":61,"pub_queue_hw":1,"cmd_drops":0,"pub_per_s":1,"marker_pub_drops":0,"marker_pub_hw":0,"nav":"NO_QUORUM","mm":164,"miss_streak":3,"pwm":103,"lost_markers":348,"lost_ms":213614,"motor_dir":"FWD"}
ngr/loco/9950011/alert {"level":"NO_QUORUM","reason":"STATUS","loco":"9950011","uptime_ms":327865,"nav":"NO_QUORUM","moving":1,"pwm":103,"est_mm_s":12,"dir":"CCW","session_dir":"CCW","mdir":"FWD","rear":11,"front":159,"env":52150,"lc_mm":11,"last_confirmed_landmark":"","age_ms":223863,"since":360,"dead_reckoned_mm":164,"candidate_mm":161,"viable":[2,3,4],"lostm":348,"lost_ms":214001,"agree":13,"disagree":11,"losts":1,"auto":0}
ngr/loco/9950011/state/loopstat {"loop_max_gap_ms":33,"hall_task_max_gap_ms":2,"hall_task_age_ms":1,"baseline":1123,"raw":1027,"delta":-96,"queue_drops":0,"floor_rejects":377,"queue_high_water":0,"mqtt_connect_ms":33,"mqtt_attempts":2,"pub_drops":61,"pub_queue_hw":1,"cmd_drops":0,"pub_per_s":1,"marker_pub_drops":0,"marker_pub_hw":0,"nav":"NO_QUORUM","mm":164,"miss_streak":3,"pwm":103,"lost_markers":348,"lost_ms":214614,"motor_dir":"FWD"}
ngr/loco/9950011/alert {"level":"NO_QUORUM","reason":"STATUS","loco":"9950011","uptime_ms":328865,"nav":"NO_QUORUM","moving":1,"pwm":103,"est_mm_s":12,"dir":"CCW","session_dir":"CCW","mdir":"FWD","rear":11,"front":159,"env":52150,"lc_mm":11,"last_confirmed_landmark":"","age_ms":224863,"since":360,"dead_reckoned_mm":164,"candidate_mm":161,"viable":[2,3,4],"lostm":348,"lost_ms":215001,"agree":13,"disagree":11,"losts":1,"auto":0}
ngr/loco/9950011/state/loopstat {"loop_max_gap_ms":33,"hall_task_max_gap_ms":1,"hall_task_age_ms":1,"baseline":1117,"raw":1078,"delta":-39,"queue_drops":0,"floor_rejects":377,"queue_high_water":0,"mqtt_connect_ms":33,"mqtt_attempts":2,"pub_drops":61,"pub_queue_hw":1,"cmd_drops":0,"pub_per_s":1,"marker_pub_drops":0,"marker_pub_hw":0,"nav":"NO_QUORUM","mm":164,"miss_streak":3,"pwm":103,"lost_markers":348,"lost_ms":215614,"motor_dir":"FWD"}
ngr/loco/9950011/alert {"level":"NO_QUORUM","reason":"STATUS","loco":"9950011","uptime_ms":329865,"nav":"NO_QUORUM","moving":1,"pwm":103,"est_mm_s":12,"dir":"CCW","session_dir":"CCW","mdir":"FWD","rear":11,"front":159,"env":52150,"lc_mm":11,"last_confirmed_landmark":"","age_ms":225863,"since":360,"dead_reckoned_mm":164,"candidate_mm":161,"viable":[2,3,4],"lostm":348,"lost_ms":216001,"agree":13,"disagree":11,"losts":1,"auto":0}
ngr/loco/9950011/telem/voltage 15.24
ngr/loco/9950011/telem/current 0.36
ngr/loco/9950011/telem/power 4.94
ngr/loco/9950011/state/loopstat {"loop_max_gap_ms":33,"hall_task_max_gap_ms":2,"hall_task_age_ms":1,"baseline":1110,"raw":1053,"delta":-57,"queue_drops":0,"floor_rejects":377,"queue_high_water":0,"mqtt_connect_ms":33,"mqtt_attempts":2,"pub_drops":61,"pub_queue_hw":3,"cmd_drops":0,"pub_per_s":4,"marker_pub_drops":0,"marker_pub_hw":0,"nav":"NO_QUORUM","mm":164,"miss_streak":3,"pwm":103,"lost_markers":348,"lost_ms":216614,"motor_dir":"FWD"}
ngr/loco/9950011/alert {"level":"NO_QUORUM","reason":"STATUS","loco":"9950011","uptime_ms":330865,"nav":"NO_QUORUM","moving":1,"pwm":103,"est_mm_s":12,"dir":"CCW","session_dir":"CCW","mdir":"FWD","rear":11,"front":159,"env":52150,"lc_mm":11,"last_confirmed_landmark":"","age_ms":226863,"since":360,"dead_reckoned_mm":164,"candidate_mm":161,"viable":[2,3,4],"lostm":348,"lost_ms":217001,"agree":13,"disagree":11,"losts":1,"auto":0}
ngr/loco/9950011/state/loopstat {"loop_max_gap_ms":33,"hall_task_max_gap_ms":2,"hall_task_age_ms":1,"baseline":1108,"raw":1063,"delta":-45,"queue_drops":0,"floor_rejects":377,"queue_high_water":0,"mqtt_connect_ms":33,"mqtt_attempts":2,"pub_drops":61,"pub_queue_hw":1,"cmd_drops":0,"pub_per_s":1,"marker_pub_drops":0,"marker_pub_hw":0,"nav":"NO_QUORUM","mm":164,"miss_streak":3,"pwm":103,"lost_markers":348,"lost_ms":217614,"motor_dir":"FWD"}
ngr/loco/9950011/alert {"level":"NO_QUORUM","reason":"STATUS","loco":"9950011","uptime_ms":331865,"nav":"NO_QUORUM","moving":1,"pwm":103,"est_mm_s":12,"dir":"CCW","session_dir":"CCW","mdir":"FWD","rear":11,"front":159,"env":52150,"lc_mm":11,"last_confirmed_landmark":"","age_ms":227863,"since":360,"dead_reckoned_mm":164,"candidate_mm":161,"viable":[2,3,4],"lostm":348,"lost_ms":218001,"agree":13,"disagree":11,"losts":1,"auto":0}
ngr/loco/9950011/state/loopstat {"loop_max_gap_ms":33,"hall_task_max_gap_ms":2,"hall_task_age_ms":1,"baseline":1104,"raw":1025,"delta":-79,"queue_drops":0,"floor_rejects":377,"queue_high_water":0,"mqtt_connect_ms":33,"mqtt_attempts":2,"pub_drops":61,"pub_queue_hw":1,"cmd_drops":0,"pub_per_s":1,"marker_pub_drops":0,"marker_pub_hw":0,"nav":"NO_QUORUM","mm":164,"miss_streak":3,"pwm":103,"lost_markers":348,"lost_ms":218614,"motor_dir":"FWD"}
ngr/loco/9950011/alert {"level":"NO_QUORUM","reason":"STATUS","loco":"9950011","uptime_ms":332865,"nav":"NO_QUORUM","moving":1,"pwm":103,"est_mm_s":12,"dir":"CCW","session_dir":"CCW","mdir":"FWD","rear":11,"front":159,"env":52150,"lc_mm":11,"last_confirmed_landmark":"","age_ms":228863,"since":360,"dead_reckoned_mm":164,"candidate_mm":161,"viable":[2,3,4],"lostm":348,"lost_ms":219001,"agree":13,"disagree":11,"losts":1,"auto":0}
ngr/loco/9950011/state/loopstat {"loop_max_gap_ms":33,"hall_task_max_gap_ms":2,"hall_task_age_ms":1,"baseline":1101,"raw":880,"delta":-221,"queue_drops":0,"floor_rejects":377,"queue_high_water":0,"mqtt_connect_ms":33,"mqtt_attempts":2,"pub_drops":61,"pub_queue_hw":1,"cmd_drops":0,"pub_per_s":1,"marker_pub_drops":0,"marker_pub_hw":0,"nav":"NO_QUORUM","mm":164,"miss_streak":3,"pwm":103,"lost_markers":348,"lost_ms":219614,"motor_dir":"FWD"}
ngr/loco/9950011/alert {"level":"NO_QUORUM","reason":"STATUS","loco":"9950011","uptime_ms":333865,"nav":"NO_QUORUM","moving":1,"pwm":103,"est_mm_s":12,"dir":"CCW","session_dir":"CCW","mdir":"FWD","rear":11,"front":159,"env":52150,"lc_mm":11,"last_confirmed_landmark":"","age_ms":229863,"since":360,"dead_reckoned_mm":164,"candidate_mm":161,"viable":[2,3,4],"lostm":348,"lost_ms":220001,"agree":13,"disagree":11,"losts":1,"auto":0}
ngr/loco/9950011/state/loopstat {"loop_max_gap_ms":34,"hall_task_max_gap_ms":2,"hall_task_age_ms":1,"baseline":1100,"raw":837,"delta":-263,"queue_drops":0,"floor_rejects":377,"queue_high_water":0,"mqtt_connect_ms":33,"mqtt_attempts":2,"pub_drops":61,"pub_queue_hw":1,"cmd_drops":0,"pub_per_s":1,"marker_pub_drops":0,"marker_pub_hw":0,"nav":"NO_QUORUM","mm":164,"miss_streak":3,"pwm":103,"lost_markers":348,"lost_ms":220614,"motor_dir":"FWD"}
ngr/loco/9950011/alert {"level":"NO_QUORUM","reason":"STATUS","loco":"9950011","uptime_ms":334865,"nav":"NO_QUORUM","moving":1,"pwm":103,"est_mm_s":12,"dir":"CCW","session_dir":"CCW","mdir":"FWD","rear":11,"front":159,"env":52150,"lc_mm":11,"last_confirmed_landmark":"","age_ms":230863,"since":360,"dead_reckoned_mm":164,"candidate_mm":161,"viable":[2,3,4],"lostm":348,"lost_ms":221001,"agree":13,"disagree":11,"losts":1,"auto":0}
ngr/loco/9950011/telem/voltage 15.23
ngr/loco/9950011/telem/current 0.34
ngr/loco/9950011/telem/power 6.04
ngr/loco/9950011/state/loopstat {"loop_max_gap_ms":33,"hall_task_max_gap_ms":2,"hall_task_age_ms":1,"baseline":1094,"raw":1060,"delta":-34,"queue_drops":0,"floor_rejects":377,"queue_high_water":0,"mqtt_connect_ms":33,"mqtt_attempts":2,"pub_drops":61,"pub_queue_hw":3,"cmd_drops":0,"pub_per_s":4,"marker_pub_drops":0,"marker_pub_hw":0,"nav":"NO_QUORUM","mm":164,"miss_streak":3,"pwm":103,"lost_markers":348,"lost_ms":221614,"motor_dir":"FWD"}
ngr/loco/9950011/alert {"level":"NO_QUORUM","reason":"STATUS","loco":"9950011","uptime_ms":335865,"nav":"NO_QUORUM","moving":1,"pwm":103,"est_mm_s":12,"dir":"CCW","session_dir":"CCW","mdir":"FWD","rear":11,"front":159,"env":52150,"lc_mm":11,"last_confirmed_landmark":"","age_ms":231863,"since":360,"dead_reckoned_mm":164,"candidate_mm":161,"viable":[2,3,4],"lostm":348,"lost_ms":222001,"agree":13,"disagree":11,"losts":1,"auto":0}
ngr/loco/9950011/state/loopstat {"loop_max_gap_ms":33,"hall_task_max_gap_ms":2,"hall_task_age_ms":1,"baseline":1079,"raw":1022,"delta":-57,"queue_drops":0,"floor_rejects":377,"queue_high_water":0,"mqtt_connect_ms":33,"mqtt_attempts":2,"pub_drops":61,"pub_queue_hw":1,"cmd_drops":0,"pub_per_s":1,"marker_pub_drops":0,"marker_pub_hw":0,"nav":"NO_QUORUM","mm":164,"miss_streak":3,"pwm":103,"lost_markers":348,"lost_ms":222614,"motor_dir":"FWD"}
ngr/loco/9950011/alert {"level":"NO_QUORUM","reason":"STATUS","loco":"9950011","uptime_ms":336865,"nav":"NO_QUORUM","moving":1,"pwm":103,"est_mm_s":12,"dir":"CCW","session_dir":"CCW","mdir":"FWD","rear":11,"front":159,"env":52150,"lc_mm":11,"last_confirmed_landmark":"","age_ms":232863,"since":360,"dead_reckoned_mm":164,"candidate_mm":161,"viable":[2,3,4],"lostm":348,"lost_ms":223001,"agree":13,"disagree":11,"losts":1,"auto":0}
ngr/loco/9950011/cmd/throttle 105
ngr/loco/9950011/cmd/throttle 110
ngr/loco/9950011/cmd/throttle 118
ngr/loco/9950011/cmd/throttle 136
ngr/loco/9950011/cmd/throttle 139
ngr/loco/9950011/cmd/throttle 140
ngr/loco/9950011/cmd/throttle 141
ngr/loco/9950011/cmd/throttle 142
ngr/loco/9950011/state/loopstat {"loop_max_gap_ms":33,"hall_task_max_gap_ms":2,"hall_task_age_ms":1,"baseline":1078,"raw":1061,"delta":-17,"queue_drops":0,"floor_rejects":377,"queue_high_water":0,"mqtt_connect_ms":33,"mqtt_attempts":2,"pub_drops":61,"pub_queue_hw":1,"cmd_drops":0,"pub_per_s":1,"marker_pub_drops":0,"marker_pub_hw":0,"nav":"NO_QUORUM","mm":164,"miss_streak":3,"pwm":106,"lost_markers":348,"lost_ms":223614,"motor_dir":"FWD"}
ngr/loco/9950011/state/throttle 142
ngr/loco/9950011/cmd/throttle 145
ngr/loco/9950011/cmd/throttle 156
ngr/loco/9950011/cmd/throttle 161
ngr/loco/9950011/cmd/throttle 167
ngr/loco/9950011/cmd/throttle 168
ngr/loco/9950011/mm/marker {"mm":163,"landmark":"","obs":"N","peak":156,"ms":11917,"drift":-61,"dt":1427,"timing_gate":"ACTIVE","dt_expected":1057,"dt_conserve_ratio":24.92,"pwm":103,"v":15.23}
ngr/loco/9950011/alert {"level":"NO_QUORUM","reason":"STATUS","loco":"9950011","uptime_ms":337865,"nav":"NO_QUORUM","moving":1,"pwm":108,"est_mm_s":231,"dir":"CCW","session_dir":"CCW","mdir":"FWD","rear":11,"front":158,"env":52150,"lc_mm":11,"last_confirmed_landmark":"","age_ms":233863,"since":361,"dead_reckoned_mm":163,"candidate_mm":160,"viable":[2,3,4],"lostm":349,"lost_ms":224001,"agree":13,"disagree":11,"losts":1,"auto":0}
ngr/loco/9950011/cmd/throttle 169
ngr/loco/9950011/cmd/throttle 170
ngr/loco/9950011/cmd/throttle 172
ngr/loco/9950011/cmd/throttle 175
ngr/loco/9950011/state/loopstat {"loop_max_gap_ms":33,"hall_task_max_gap_ms":2,"hall_task_age_ms":1,"baseline":1074,"raw":990,"delta":-84,"queue_drops":0,"floor_rejects":377,"queue_high_water":0,"mqtt_connect_ms":33,"mqtt_attempts":2,"pub_drops":61,"pub_queue_hw":2,"cmd_drops":0,"pub_per_s":3,"marker_pub_drops":0,"marker_pub_hw":1,"nav":"NO_QUORUM","mm":163,"miss_streak":3,"pwm":112,"lost_markers":349,"lost_ms":224614,"motor_dir":"FWD"}
ngr/loco/9950011/state/throttle 170
ngr/loco/9950011/state/start_mm 163
ngr/loco/9950011/cmd/throttle 180
ngr/loco/9950011/mm/marker {"mm":162,"landmark":"","obs":"S","peak":195,"ms":973,"drift":-4,"dt":11921,"timing_gate":"RAMP","dt_expected":0,"dt_conserve_ratio":-1.00,"pwm":107,"v":15.23}
ngr/loco/9950011/cmd/throttle 179
ngr/loco/9950011/alert {"level":"NO_QUORUM","reason":"STATUS","loco":"9950011","uptime_ms":338865,"nav":"NO_QUORUM","moving":1,"pwm":115,"est_mm_s":27,"dir":"CCW","session_dir":"CCW","mdir":"FWD","rear":11,"front":157,"env":52150,"lc_mm":11,"last_confirmed_landmark":"","age_ms":234863,"since":362,"dead_reckoned_mm":162,"candidate_mm":159,"viable":[2,3,4],"lostm":350,"lost_ms":225001,"agree":13,"disagree":11,"losts":1,"auto":0}
ngr/loco/9950011/cmd/throttle 178
ngr/loco/9950011/cmd/throttle 177
ngr/loco/9950011/cmd/throttle 176
ngr/loco/9950011/state/throttle 176
ngr/loco/9950011/state/start_mm 162
ngr/loco/9950011/state/loopstat {"loop_max_gap_ms":33,"hall_task_max_gap_ms":2,"hall_task_age_ms":1,"baseline":1074,"raw":1042,"delta":-32,"queue_drops":0,"floor_rejects":380,"queue_high_water":1,"mqtt_connect_ms":33,"mqtt_attempts":2,"pub_drops":61,"pub_queue_hw":3,"cmd_drops":0,"pub_per_s":6,"marker_pub_drops":0,"marker_pub_hw":1,"nav":"NO_QUORUM","mm":162,"miss_streak":3,"pwm":119,"lost_markers":350,"lost_ms":225614,"motor_dir":"FWD"}
ngr/loco/9950011/mm/marker {"mm":161,"landmark":"","obs":"N","peak":38,"ms":188,"drift":0,"dt":1658,"timing_gate":"RAMP","dt_expected":0,"dt_conserve_ratio":-1.00,"pwm":118,"v":15.23}
ngr/loco/9950011/mm/marker {"mm":160,"landmark":"","obs":"S","peak":41,"ms":40,"drift":0,"dt":393,"timing_gate":"RAMP","dt_expected":0,"dt_conserve_ratio":-1.00,"pwm":121,"v":15.23}
ngr/loco/9950011/alert {"level":"NO_QUORUM","reason":"STATUS","loco":"9950011","uptime_ms":339865,"nav":"NO_QUORUM","moving":1,"pwm":122,"est_mm_s":763,"dir":"CCW","session_dir":"CCW","mdir":"FWD","rear":11,"front":155,"env":52150,"lc_mm":11,"last_confirmed_landmark":"","age_ms":235863,"since":364,"dead_reckoned_mm":160,"candidate_mm":157,"viable":[2,3,4],"lostm":352,"lost_ms":226001,"agree":13,"disagree":11,"losts":1,"auto":0}
ngr/loco/9950011/telem/voltage 15.24
ngr/loco/9950011/telem/current 0.32
ngr/loco/9950011/telem/power 5.23
ngr/loco/9950011/mm/marker {"mm":159,"landmark":"","obs":"N","peak":52,"ms":67,"drift":0,"dt":351,"timing_gate":"RAMP","dt_expected":0,"dt_conserve_ratio":-1.00,"pwm":123,"v":15.24}
ngr/loco/9950011/mm/marker {"mm":158,"landmark":"","obs":"N","peak":154,"ms":126,"drift":-1,"dt":137,"timing_gate":"RAMP","dt_expected":0,"dt_conserve_ratio":-1.00,"pwm":124,"v":15.24}
ngr/loco/9950011/mm/marker {"mm":157,"landmark":"Bamboo","obs":"S","peak":50,"ms":80,"drift":0,"dt":170,"timing_gate":"RAMP","dt_expected":0,"dt_conserve_ratio":-1.00,"pwm":125,"v":15.24}
ngr/loco/9950011/state/start_mm 157
ngr/loco/9950011/state/loopstat {"loop_max_gap_ms":33,"hall_task_max_gap_ms":2,"hall_task_age_ms":1,"baseline":1073,"raw":1067,"delta":-6,"queue_drops":0,"floor_rejects":384,"queue_high_water":1,"mqtt_connect_ms":33,"mqtt_attempts":2,"pub_drops":61,"pub_queue_hw":3,"cmd_drops":0,"pub_per_s":10,"marker_pub_drops":0,"marker_pub_hw":1,"nav":"NO_QUORUM","mm":157,"miss_streak":3,"pwm":126,"lost_markers":355,"lost_ms":226614,"motor_dir":"FWD"}
ngr/loco/9950011/mm/marker {"mm":156,"landmark":"","obs":"N","peak":48,"ms":78,"drift":0,"dt":98,"timing_gate":"RAMP","dt_expected":0,"dt_conserve_ratio":-1.00,"pwm":126,"v":15.24}
ngr/loco/9950011/alert {"level":"NO_QUORUM","reason":"STATUS","loco":"9950011","uptime_ms":340865,"nav":"NO_QUORUM","moving":1,"pwm":128,"est_mm_s":3265,"dir":"CCW","session_dir":"CCW","mdir":"FWD","rear":11,"front":151,"env":52150,"lc_mm":11,"last_confirmed_landmark":"","age_ms":236863,"since":368,"dead_reckoned_mm":156,"candidate_mm":153,"viable":[2,3,4],"lostm":356,"lost_ms":227001,"agree":13,"disagree":11,"losts":1,"auto":0}
ngr/loco/9950011/mm/marker {"mm":155,"landmark":"","obs":"S","peak":170,"ms":133,"drift":0,"dt":538,"timing_gate":"RAMP","dt_expected":0,"dt_conserve_ratio":-1.00,"pwm":129,"v":15.24}
ngr/loco/9950011/state/start_mm 155
ngr/loco/9950011/state/loopstat {"loop_max_gap_ms":33,"hall_task_max_gap_ms":2,"hall_task_age_ms":1,"baseline":1072,"raw":1055,"delta":-17,"queue_drops":0,"floor_rejects":387,"queue_high_water":1,"mqtt_connect_ms":33,"mqtt_attempts":2,"pub_drops":61,"pub_queue_hw":1,"cmd_drops":0,"pub_per_s":4,"marker_pub_drops":0,"marker_pub_hw":1,"nav":"NO_QUORUM","mm":155,"miss_streak":3,"pwm":132,"lost_markers":357,"lost_ms":227614,"motor_dir":"FWD"}
ngr/loco/9950011/mm/marker {"mm":154,"landmark":"","obs":"S","peak":49,"ms":104,"drift":0,"dt":474,"timing_gate":"RAMP","dt_expected":0,"dt_conserve_ratio":-1.00,"pwm":132,"v":15.24}
ngr/loco/9950011/mm/marker {"mm":153,"landmark":"","obs":"S","peak":38,"ms":64,"drift":0,"dt":108,"timing_gate":"RAMP","dt_expected":0,"dt_conserve_ratio":-1.00,"pwm":133,"v":15.24}
ngr/loco/9950011/alert {"level":"NO_QUORUM","reason":"STATUS","loco":"9950011","uptime_ms":341865,"nav":"NO_QUORUM","moving":1,"pwm":135,"est_mm_s":2777,"dir":"CCW","session_dir":"CCW","mdir":"FWD","rear":11,"front":148,"env":52150,"lc_mm":11,"last_confirmed_landmark":"","age_ms":237863,"since":371,"dead_reckoned_mm":153,"candidate_mm":150,"viable":[2,3,4],"lostm":359,"lost_ms":228001,"agree":13,"disagree":11,"losts":1,"auto":0}
ngr/loco/9950011/mm/marker {"mm":152,"landmark":"","obs":"N","peak":142,"ms":127,"drift":0,"dt":192,"timing_gate":"RAMP","dt_expected":0,"dt_conserve_ratio":-1.00,"pwm":134,"v":15.24}
ngr/loco/9950011/state/start_mm 152
ngr/loco/9950011/state/loopstat {"loop_max_gap_ms":33,"hall_task_max_gap_ms":2,"hall_task_age_ms":1,"baseline":1071,"raw":1074,"delta":3,"queue_drops":0,"floor_rejects":389,"queue_high_water":1,"mqtt_connect_ms":33,"mqtt_attempts":2,"pub_drops":61,"pub_queue_hw":1,"cmd_drops":0,"pub_per_s":5,"marker_pub_drops":0,"marker_pub_hw":1,"nav":"NO_QUORUM","mm":152,"miss_streak":3,"pwm":139,"lost_markers":360,"lost_ms":228614,"motor_dir":"FWD"}
ngr/loco/9950011/mm/marker {"mm":151,"landmark":"","obs":"N","peak":176,"ms":167,"drift":0,"dt":756,"timing_gate":"RAMP","dt_expected":0,"dt_conserve_ratio":-1.00,"pwm":139,"v":15.24}
ngr/loco/9950011/alert {"level":"NO_QUORUM","reason":"STATUS","loco":"9950011","uptime_ms":342865,"nav":"NO_QUORUM","moving":1,"pwm":142,"est_mm_s":396,"dir":"CCW","session_dir":"CCW","mdir":"FWD","rear":11,"front":146,"env":52150,"lc_mm":11,"last_confirmed_landmark":"","age_ms":238863,"since":373,"dead_reckoned_mm":151,"candidate_mm":148,"viable":[2,3,4],"lostm":361,"lost_ms":229001,"agree":13,"disagree":11,"losts":1,"auto":0}
ngr/loco/9950011/mm/marker {"mm":150,"landmark":"","obs":"N","peak":38,"ms":40,"drift":0,"dt":556,"timing_gate":"RAMP","dt_expected":0,"dt_conserve_ratio":-1.00,"pwm":143,"v":15.24}
ngr/loco/9950011/mm/marker {"mm":149,"landmark":"","obs":"N","peak":43,"ms":51,"drift":0,"dt":63,"timing_gate":"RAMP","dt_expected":0,"dt_conserve_ratio":-1.00,"pwm":144,"v":15.24}
ngr/loco/9950011/mm/marker {"mm":148,"landmark":"","obs":"N","peak":56,"ms":84,"drift":0,"dt":55,"timing_gate":"RAMP","dt_expected":0,"dt_conserve_ratio":-1.00,"pwm":144,"v":15.24}
ngr/loco/9950011/state/start_mm 148
ngr/loco/9950011/state/loopstat {"loop_max_gap_ms":34,"hall_task_max_gap_ms":2,"hall_task_age_ms":1,"baseline":1070,"raw":1143,"delta":73,"queue_drops":0,"floor_rejects":396,"queue_high_water":1,"mqtt_connect_ms":33,"mqtt_attempts":2,"pub_drops":61,"pub_queue_hw":1,"cmd_drops":0,"pub_per_s":6,"marker_pub_drops":0,"marker_pub_hw":1,"nav":"NO_QUORUM","mm":148,"miss_streak":3,"pwm":146,"lost_markers":364,"lost_ms":229614,"motor_dir":"FWD"}
ngr/loco/9950011/mm/marker {"mm":147,"landmark":"","obs":"N","peak":174,"ms":126,"drift":0,"dt":180,"timing_gate":"RAMP","dt_expected":0,"dt_conserve_ratio":-1.00,"pwm":145,"v":15.24}
ngr/loco/9950011/alert {"level":"NO_QUORUM","reason":"STATUS","loco":"9950011","uptime_ms":343865,"nav":"NO_QUORUM","moving":1,"pwm":148,"est_mm_s":1666,"dir":"CCW","session_dir":"CCW","mdir":"FWD","rear":11,"front":142,"env":52150,"lc_mm":11,"last_confirmed_landmark":"","age_ms":239863,"since":377,"dead_reckoned_mm":147,"candidate_mm":144,"viable":[2,3,4],"lostm":365,"lost_ms":230001,"agree":13,"disagree":11,"losts":1,"auto":0}
ngr/loco/9950011/mm/marker {"mm":146,"landmark":"","obs":"N","peak":180,"ms":116,"drift":0,"dt":770,"timing_gate":"RAMP","dt_expected":0,"dt_conserve_ratio":-1.00,"pwm":150,"v":15.24}
ngr/loco/9950011/state/start_mm 146
ngr/loco/9950011/state/loopstat {"loop_max_gap_ms":33,"hall_task_max_gap_ms":2,"hall_task_age_ms":1,"baseline":1069,"raw":1104,"delta":35,"queue_drops":0,"floor_rejects":399,"queue_high_water":1,"mqtt_connect_ms":33,"mqtt_attempts":2,"pub_drops":61,"pub_queue_hw":1,"cmd_drops":0,"pub_per_s":4,"marker_pub_drops":0,"marker_pub_hw":1,"nav":"NO_QUORUM","mm":146,"miss_streak":3,"pwm":152,"lost_markers":366,"lost_ms":230614,"motor_dir":"FWD"}
ngr/loco/9950011/mm/marker {"mm":145,"landmark":"","obs":"N","peak":103,"ms":52,"drift":0,"dt":321,"timing_gate":"RAMP","dt_expected":0,"dt_conserve_ratio":-1.00,"pwm":152,"v":15.24}
ngr/loco/9950011/alert {"level":"NO_QUORUM","reason":"STATUS","loco":"9950011","uptime_ms":344865,"nav":"NO_QUORUM","moving":1,"pwm":155,"est_mm_s":934,"dir":"CCW","session_dir":"CCW","mdir":"FWD","rear":11,"front":140,"env":52150,"lc_mm":11,"last_confirmed_landmark":"","age_ms":240863,"since":379,"dead_reckoned_mm":145,"candidate_mm":142,"viable":[2,3,4],"lostm":367,"lost_ms":231001,"agree":13,"disagree":11,"losts":1,"auto":0}
ngr/loco/9950011/mm/marker {"mm":144,"landmark":"","obs":"N","peak":145,"ms":107,"drift":0,"dt":338,"timing_gate":"RAMP","dt_expected":0,"dt_conserve_ratio":-1.00,"pwm":155,"v":15.24}
ngr/loco/9950011/mm/marker {"mm":143,"landmark":"","obs":"S","peak":40,"ms":45,"drift":0,"dt":108,"timing_gate":"RAMP","dt_expected":0,"dt_conserve_ratio":-1.00,"pwm":155,"v":15.24}
ngr/loco/9950011/telem/voltage 15.23
ngr/loco/9950011/telem/current 0.41
ngr/loco/9950011/telem/power 6.27
ngr/loco/9950011/mm/marker {"mm":142,"landmark":"","obs":"N","peak":56,"ms":65,"drift":0,"dt":366,"timing_gate":"RAMP","dt_expected":0,"dt_conserve_ratio":-1.00,"pwm":158,"v":15.23}
ngr/loco/9950011/state/loopstat {"loop_max_gap_ms":33,"hall_task_max_gap_ms":3,"hall_task_age_ms":1,"baseline":1069,"raw":1110,"delta":41,"queue_drops":0,"floor_rejects":404,"queue_high_water":1,"mqtt_connect_ms":33,"mqtt_attempts":2,"pub_drops":61,"pub_queue_hw":3,"cmd_drops":0,"pub_per_s":8,"marker_pub_drops":0,"marker_pub_hw":1,"nav":"NO_QUORUM","mm":142,"miss_streak":3,"pwm":159,"lost_markers":370,"lost_ms":231614,"motor_dir":"FWD"}
ngr/loco/9950011/state/start_mm 142
ngr/loco/9950011/mm/marker {"mm":141,"landmark":"","obs":"N","peak":195,"ms":118,"drift":0,"dt":174,"timing_gate":"RAMP","dt_expected":0,"dt_conserve_ratio":-1.00,"pwm":159,"v":15.23}
ngr/loco/9950011/alert {"level":"NO_QUORUM","reason":"STATUS","loco":"9950011","uptime_ms":345865,"nav":"NO_QUORUM","moving":1,"pwm":162,"est_mm_s":1724,"dir":"CCW","session_dir":"CCW","mdir":"FWD","rear":11,"front":136,"env":52150,"lc_mm":11,"last_confirmed_landmark":"","age_ms":241863,"since":383,"dead_reckoned_mm":141,"candidate_mm":138,"viable":[2,3,4],"lostm":371,"lost_ms":232001,"agree":13,"disagree":11,"losts":1,"auto":0}
ngr/loco/9950011/mm/marker {"mm":140,"landmark":"Eastpoint","obs":"N","peak":71,"ms":214,"drift":-1,"dt":227,"timing_gate":"RAMP","dt_expected":0,"dt_conserve_ratio":-1.00,"pwm":160,"v":15.23}
ngr/loco/9950011/mm/marker {"mm":139,"landmark":"","obs":"S","peak":51,"ms":60,"drift":0,"dt":273,"timing_gate":"RAMP","dt_expected":0,"dt_conserve_ratio":-1.00,"pwm":162,"v":15.23}
ngr/loco/9950011/mm/marker {"mm":138,"landmark":"","obs":"N","peak":173,"ms":344,"drift":0,"dt":68,"timing_gate":"RAMP","dt_expected":0,"dt_conserve_ratio":-1.00,"pwm":163,"v":15.23}
ngr/loco/9950011/state/start_mm 138
ngr/loco/9950011/state/loopstat {"loop_max_gap_ms":33,"hall_task_max_gap_ms":3,"hall_task_age_ms":1,"baseline":1068,"raw":1076,"delta":8,"queue_drops":0,"floor_rejects":406,"queue_high_water":1,"mqtt_connect_ms":33,"mqtt_attempts":2,"pub_drops":61,"pub_queue_hw":2,"cmd_drops":0,"pub_per_s":7,"marker_pub_drops":0,"marker_pub_hw":1,"nav":"NO_QUORUM","mm":138,"miss_streak":3,"pwm":166,"lost_markers":374,"lost_ms":232614,"motor_dir":"FWD"}
ngr/loco/9950011/mm/marker {"mm":137,"landmark":"","obs":"N","peak":101,"ms":129,"drift":0,"dt":414,"timing_gate":"NO_PREV","dt_expected":0,"dt_conserve_ratio":-1.00,"pwm":166,"v":15.23}
ngr/loco/9950011/alert {"level":"NO_QUORUM","reason":"STATUS","loco":"9950011","uptime_ms":346865,"nav":"NO_QUORUM","moving":1,"pwm":168,"est_mm_s":724,"dir":"CCW","session_dir":"CCW","mdir":"FWD","rear":11,"front":132,"env":52150,"lc_mm":11,"last_confirmed_landmark":"","age_ms":242863,"since":387,"dead_reckoned_mm":137,"candidate_mm":134,"viable":[2,3,4],"lostm":375,"lost_ms":233001,"agree":13,"disagree":11,"losts":1,"auto":0}
ngr/loco/9950011/state/start_mm 137
ngr/loco/9950011/state/loopstat {"loop_max_gap_ms":34,"hall_task_max_gap_ms":2,"hall_task_age_ms":1,"baseline":1067,"raw":1102,"delta":35,"queue_drops":0,"floor_rejects":407,"queue_high_water":1,"mqtt_connect_ms":33,"mqtt_attempts":2,"pub_drops":61,"pub_queue_hw":1,"cmd_drops":0,"pub_per_s":3,"marker_pub_drops":0,"marker_pub_hw":1,"nav":"NO_QUORUM","mm":137,"miss_streak":3,"pwm":172,"lost_markers":375,"lost_ms":233614,"motor_dir":"FWD"}
ngr/loco/9950011/state/nav {"event":"PHANTOM_REJECTED","state":"NO_QUORUM","mm":137,"streak":3,"scores":[5,4,5,6,7,7],"excluded":[false,false,false,false,false,false],"leader":3,"runner_up":4,"margin":0,"eval":12,"viable":[2,3,4],"dt":198,"prev_dt":414,"sum":612,"expected":543,"ratio":1.13}
ngr/loco/9950011/mm/marker {"mm":137,"landmark":"","obs":"N","peak":73,"ms":889,"drift":-1,"dt":198,"timing_gate":"ACTIVE","dt_expected":543,"dt_conserve_ratio":1.13,"pwm":167,"v":15.23}
ngr/loco/9950011/mm/marker {"mm":136,"landmark":"","obs":"N","peak":67,"ms":180,"drift":0,"dt":890,"timing_gate":"ACTIVE","dt_expected":521,"dt_conserve_ratio":2.50,"pwm":173,"v":15.23}
ngr/loco/9950011/alert {"level":"NO_QUORUM","reason":"STATUS","loco":"9950011","uptime_ms":347865,"nav":"NO_QUORUM","moving":1,"pwm":175,"est_mm_s":337,"dir":"CCW","session_dir":"CCW","mdir":"FWD","rear":11,"front":131,"env":52150,"lc_mm":11,"last_confirmed_landmark":"","age_ms":243863,"since":388,"dead_reckoned_mm":136,"candidate_mm":133,"viable":[2,3,4],"lostm":376,"lost_ms":234001,"agree":13,"disagree":11,"losts":1,"auto":0}
ngr/loco/9950011/mm/marker {"mm":135,"landmark":"","obs":"N","peak":67,"ms":544,"drift":1,"dt":188,"timing_gate":"ACTIVE","dt_expected":517,"dt_conserve_ratio":2.08,"pwm":174,"v":15.23}
ngr/loco/9950011/state/loopstat {"loop_max_gap_ms":33,"hall_task_max_gap_ms":2,"hall_task_age_ms":1,"baseline":1068,"raw":1181,"delta":113,"queue_drops":0,"floor_rejects":407,"queue_high_water":1,"mqtt_connect_ms":33,"mqtt_attempts":2,"pub_drops":61,"pub_queue_hw":1,"cmd_drops":0,"pub_per_s":5,"marker_pub_drops":0,"marker_pub_hw":1,"nav":"NO_QUORUM","mm":135,"miss_streak":3,"pwm":176,"lost_markers":377,"lost_ms":234614,"motor_dir":"FWD"}
ngr/loco/9950011/state/start_mm 135
ngr/loco/9950011/mm/marker {"mm":134,"landmark":"","obs":"N","peak":198,"ms":285,"drift":0,"dt":557,"timing_gate":"ACTIVE","dt_expected":510,"dt_conserve_ratio":1.46,"pwm":176,"v":15.23}
ngr/loco/9950011/mm/marker {"mm":133,"landmark":"","obs":"N","peak":63,"ms":74,"drift":0,"dt":287,"timing_gate":"ACTIVE","dt_expected":510,"dt_conserve_ratio":1.65,"pwm":176,"v":15.23}
ngr/loco/9950011/state/nav {"event":"PHANTOM_REJECTED","state":"NO_QUORUM","mm":133,"streak":3,"scores":[5,4,5,6,7,7],"excluded":[false,false,false,false,false,false],"leader":3,"runner_up":4,"margin":0,"eval":12,"viable":[2,3,4],"dt":104,"prev_dt":287,"sum":391,"expected":511,"ratio":0.77}
ngr/loco/9950011/mm/marker {"mm":133,"landmark":"","obs":"N","peak":56,"ms":155,"drift":0,"dt":104,"timing_gate":"ACTIVE","dt_expected":510,"dt_conserve_ratio":0.77,"pwm":176,"v":15.23}
ngr/loco/9950011/alert {"level":"NO_QUORUM","reason":"STATUS","loco":"9950011","uptime_ms":348865,"nav":"NO_QUORUM","moving":1,"pwm":176,"est_mm_s":2884,"dir":"CCW","session_dir":"CCW","mdir":"FWD","rear":11,"front":128,"env":52150,"lc_mm":11,"last_confirmed_landmark":"","age_ms":244863,"since":391,"dead_reckoned_mm":133,"candidate_mm":130,"viable":[2,3,4],"lostm":379,"lost_ms":235001,"agree":13,"disagree":11,"losts":1,"auto":0}
ngr/loco/9950011/state/nav {"event":"PHANTOM_REJECTED","state":"NO_QUORUM","mm":133,"streak":3,"scores":[5,4,5,6,7,7],"excluded":[false,false,false,false,false,false],"leader":3,"runner_up":4,"margin":0,"eval":12,"viable":[2,3,4],"dt":198,"prev_dt":287,"sum":485,"expected":511,"ratio":0.95}
ngr/loco/9950011/mm/marker {"mm":133,"landmark":"","obs":"N","peak":46,"ms":47,"drift":0,"dt":198,"timing_gate":"ACTIVE","dt_expected":510,"dt_conserve_ratio":0.95,"pwm":176,"v":15.23}
ngr/loco/9950011/mm/marker {"mm":132,"landmark":"","obs":"N","peak":45,"ms":86,"drift":0,"dt":60,"timing_gate":"ACTIVE","dt_expected":510,"dt_conserve_ratio":0.68,"pwm":176,"v":15.23}
ngr/loco/9950011/state/start_mm 132
ngr/loco/9950011/state/loopstat {"loop_max_gap_ms":33,"hall_task_max_gap_ms":2,"hall_task_age_ms":1,"baseline":1068,"raw":1119,"delta":51,"queue_drops":0,"floor_rejects":407,"queue_high_water":1,"mqtt_connect_ms":33,"mqtt_attempts":2,"pub_drops":61,"pub_queue_hw":2,"cmd_drops":0,"pub_per_s":10,"marker_pub_drops":0,"marker_pub_hw":1,"nav":"NO_QUORUM","mm":132,"miss_streak":3,"pwm":176,"lost_markers":380,"lost_ms":235614,"motor_dir":"FWD"}
ngr/loco/9950011/alert {"level":"NO_QUORUM","reason":"STATUS","loco":"9950011","uptime_ms":349865,"nav":"NO_QUORUM","moving":1,"pwm":176,"est_mm_s":5000,"dir":"CCW","session_dir":"CCW","mdir":"FWD","rear":11,"front":127,"env":52150,"lc_mm":11,"last_confirmed_landmark":"","age_ms":245863,"since":392,"dead_reckoned_mm":132,"candidate_mm":129,"viable":[2,3,4],"lostm":380,"lost_ms":236001,"agree":13,"disagree":11,"losts":1,"auto":0}
ngr/loco/9950011/mm/marker {"mm":131,"landmark":"","obs":"N","peak":85,"ms":940,"drift":0,"dt":93,"timing_gate":"ACTIVE","dt_expected":510,"dt_conserve_ratio":0.30,"pwm":176,"v":15.23}
ngr/loco/9950011/telem/voltage 15.20
ngr/loco/9950011/telem/current 0.48
ngr/loco/9950011/telem/power 7.32
ngr/loco/9950011/mm/marker {"mm":130,"landmark":"","obs":"S","peak":61,"ms":69,"drift":0,"dt":1097,"timing_gate":"ACTIVE","dt_expected":510,"dt_conserve_ratio":2.33,"pwm":176,"v":15.20}
ngr/loco/9950011/mm/marker {"mm":129,"landmark":"","obs":"N","peak":166,"ms":93,"drift":0,"dt":84,"timing_gate":"ACTIVE","dt_expected":510,"dt_conserve_ratio":2.31,"pwm":176,"v":15.20}
ngr/loco/9950011/mm/marker {"mm":128,"landmark":"","obs":"S","peak":55,"ms":47,"drift":-1,"dt":98,"timing_gate":"ACTIVE","dt_expected":493,"dt_conserve_ratio":0.37,"pwm":176,"v":15.20}
ngr/loco/9950011/state/start_mm 128
ngr/loco/9950011/state/loopstat {"loop_max_gap_ms":33,"hall_task_max_gap_ms":3,"hall_task_age_ms":1,"baseline":1067,"raw":1080,"delta":13,"queue_drops":0,"floor_rejects":408,"queue_high_water":1,"mqtt_connect_ms":33,"mqtt_attempts":2,"pub_drops":61,"pub_queue_hw":3,"cmd_drops":0,"pub_per_s":9,"marker_pub_drops":0,"marker_pub_hw":1,"nav":"NO_QUORUM","mm":128,"miss_streak":3,"pwm":176,"lost_markers":384,"lost_ms":236614,"motor_dir":"FWD"}
ngr/loco/9950011/state/nav {"event":"PHANTOM_REJECTED","state":"NO_QUORUM","mm":128,"streak":3,"scores":[5,4,5,6,7,7],"excluded":[false,false,false,false,false,false],"leader":3,"runner_up":4,"margin":0,"eval":12,"viable":[2,3,4],"dt":395,"prev_dt":98,"sum":493,"expected":511,"ratio":0.96}
ngr/loco/9950011/mm/marker {"mm":128,"landmark":"","obs":"N","peak":44,"ms":139,"drift":0,"dt":395,"timing_gate":"ACTIVE","dt_expected":510,"dt_conserve_ratio":0.96,"pwm":176,"v":15.20}
ngr/loco/9950011/alert {"level":"NO_QUORUM","reason":"STATUS","loco":"9950011","uptime_ms":350865,"nav":"NO_QUORUM","moving":1,"pwm":176,"est_mm_s":759,"dir":"CCW","session_dir":"CCW","mdir":"FWD","rear":11,"front":123,"env":52150,"lc_mm":11,"last_confirmed_landmark":"","age_ms":246863,"since":396,"dead_reckoned_mm":128,"candidate_mm":125,"viable":[2,3,4],"lostm":384,"lost_ms":237001,"agree":13,"disagree":11,"losts":1,"auto":0}
ngr/loco/9950011/mm/marker {"mm":127,"landmark":"","obs":"N","peak":70,"ms":64,"drift":0,"dt":153,"timing_gate":"ACTIVE","dt_expected":510,"dt_conserve_ratio":0.49,"pwm":176,"v":15.20}
ngr/loco/9950011/state/nav {"event":"PHANTOM_REJECTED","state":"NO_QUORUM","mm":127,"streak":3,"scores":[5,4,5,6,7,7],"excluded":[false,false,false,false,false,false],"leader":3,"runner_up":4,"margin":0,"eval":12,"viable":[2,3,4],"dt":374,"prev_dt":153,"sum":527,"expected":511,"ratio":1.03}
ngr/loco/9950011/mm/marker {"mm":127,"landmark":"","obs":"N","peak":40,"ms":56,"drift":0,"dt":374,"timing_gate":"ACTIVE","dt_expected":510,"dt_conserve_ratio":1.03,"pwm":176,"v":15.20}
ngr/loco/9950011/state/loopstat {"loop_max_gap_ms":34,"hall_task_max_gap_ms":3,"hall_task_age_ms":1,"baseline":1066,"raw":1081,"delta":15,"queue_drops":0,"floor_rejects":411,"queue_high_water":1,"mqtt_connect_ms":33,"mqtt_attempts":2,"pub_drops":61,"pub_queue_hw":1,"cmd_drops":0,"pub_per_s":6,"marker_pub_drops":0,"marker_pub_hw":1,"nav":"NO_QUORUM","mm":127,"miss_streak":3,"pwm":176,"lost_markers":385,"lost_ms":237614,"motor_dir":"FWD"}
ngr/loco/9950011/state/start_mm 127
ngr/loco/9950011/alert {"level":"NO_QUORUM","reason":"STATUS","loco":"9950011","uptime_ms":351865,"nav":"NO_QUORUM","moving":1,"pwm":176,"est_mm_s":802,"dir":"CCW","session_dir":"CCW","mdir":"FWD","rear":11,"front":122,"env":52150,"lc_mm":11,"last_confirmed_landmark":"","age_ms":247863,"since":397,"dead_reckoned_mm":127,"candidate_mm":124,"viable":[2,3,4],"lostm":385,"lost_ms":238001,"agree":13,"disagree":11,"losts":1,"auto":0}
ngr/loco/9950011/mm/marker {"mm":126,"landmark":"","obs":"S","peak":183,"ms":630,"drift":0,"dt":63,"timing_gate":"ACTIVE","dt_expected":510,"dt_conserve_ratio":0.42,"pwm":176,"v":15.20}
ngr/loco/9950011/mm/marker {"mm":125,"landmark":"","obs":"N","peak":192,"ms":528,"drift":0,"dt":640,"timing_gate":"ACTIVE","dt_expected":476,"dt_conserve_ratio":1.47,"pwm":176,"v":15.20}
ngr/loco/9950011/state/start_mm 125
ngr/loco/9950011/state/loopstat {"loop_max_gap_ms":33,"hall_task_max_gap_ms":2,"hall_task_age_ms":1,"baseline":1067,"raw":1075,"delta":8,"queue_drops":0,"floor_rejects":411,"queue_high_water":1,"mqtt_connect_ms":33,"mqtt_attempts":2,"pub_drops":61,"pub_queue_hw":2,"cmd_drops":0,"pub_per_s":5,"marker_pub_drops":0,"marker_pub_hw":1,"nav":"NO_QUORUM","mm":125,"miss_streak":3,"pwm":176,"lost_markers":387,"lost_ms":238614,"motor_dir":"FWD"}
ngr/loco/9950011/mm/marker {"mm":124,"landmark":"","obs":"S","peak":43,"ms":88,"drift":0,"dt":532,"timing_gate":"ACTIVE","dt_expected":510,"dt_conserve_ratio":2.29,"pwm":176,"v":15.20}
ngr/loco/9950011/alert {"level":"NO_QUORUM","reason":"STATUS","loco":"9950011","uptime_ms":352865,"nav":"NO_QUORUM","moving":1,"pwm":176,"est_mm_s":563,"dir":"CCW","session_dir":"CCW","mdir":"FWD","rear":11,"front":119,"env":52150,"lc_mm":11,"last_confirmed_landmark":"","age_ms":248863,"since":400,"dead_reckoned_mm":124,"candidate_mm":121,"viable":[2,3,4],"lostm":388,"lost_ms":239001,"agree":13,"disagree":11,"losts":1,"auto":0}
ngr/loco/9950011/mm/marker {"mm":123,"landmark":"","obs":"N","peak":69,"ms":402,"drift":0,"dt":216,"timing_gate":"ACTIVE","dt_expected":510,"dt_conserve_ratio":1.46,"pwm":176,"v":15.20}
ngr/loco/9950011/state/loopstat {"loop_max_gap_ms":33,"hall_task_max_gap_ms":2,"hall_task_age_ms":1,"baseline":1067,"raw":1109,"delta":42,"queue_drops":0,"floor_rejects":414,"queue_high_water":1,"mqtt_connect_ms":33,"mqtt_attempts":2,"pub_drops":61,"pub_queue_hw":1,"cmd_drops":0,"pub_per_s":3,"marker_pub_drops":0,"marker_pub_hw":1,"nav":"NO_QUORUM","mm":123,"miss_streak":3,"pwm":176,"lost_markers":389,"lost_ms":239614,"motor_dir":"FWD"}
ngr/loco/9950011/state/start_mm 123
ngr/loco/9950011/mm/marker {"mm":122,"landmark":"","obs":"N","peak":187,"ms":137,"drift":0,"dt":725,"timing_gate":"ACTIVE","dt_expected":510,"dt_conserve_ratio":1.84,"pwm":176,"v":15.20}
ngr/loco/9950011/alert {"level":"NO_QUORUM","reason":"STATUS","loco":"9950011","uptime_ms":353865,"nav":"NO_QUORUM","moving":1,"pwm":176,"est_mm_s":413,"dir":"CCW","session_dir":"CCW","mdir":"FWD","rear":11,"front":117,"env":52150,"lc_mm":11,"last_confirmed_landmark":"","age_ms":249863,"since":402,"dead_reckoned_mm":122,"candidate_mm":119,"viable":[2,3,4],"lostm":390,"lost_ms":240001,"agree":13,"disagree":11,"losts":1,"auto":0}
ngr/loco/9950011/mm/marker {"mm":121,"landmark":"","obs":"N","peak":78,"ms":624,"drift":0,"dt":180,"timing_gate":"ACTIVE","dt_expected":510,"dt_conserve_ratio":1.77,"pwm":176,"v":15.20}
ngr/loco/9950011/mm/marker {"mm":120,"landmark":"","obs":"N","peak":72,"ms":187,"drift":1,"dt":704,"timing_gate":"ACTIVE","dt_expected":510,"dt_conserve_ratio":1.73,"pwm":176,"v":15.20}
ngr/loco/9950011/state/start_mm 120
ngr/loco/9950011/state/loopstat {"loop_max_gap_ms":34,"hall_task_max_gap_ms":3,"hall_task_age_ms":1,"baseline":1068,"raw":1056,"delta":-12,"queue_drops":0,"floor_rejects":415,"queue_high_water":1,"mqtt_connect_ms":33,"mqtt_attempts":2,"pub_drops":61,"pub_queue_hw":2,"cmd_drops":0,"pub_per_s":6,"marker_pub_drops":0,"marker_pub_hw":1,"nav":"NO_QUORUM","mm":120,"miss_streak":3,"pwm":176,"lost_markers":392,"lost_ms":240614,"motor_dir":"FWD"}
ngr/loco/9950011/mm/marker {"mm":119,"landmark":"","obs":"S","peak":162,"ms":117,"drift":0,"dt":195,"timing_gate":"ACTIVE","dt_expected":510,"dt_conserve_ratio":1.76,"pwm":176,"v":15.20}
ngr/loco/9950011/mm/marker {"mm":118,"landmark":"","obs":"N","peak":65,"ms":52,"drift":0,"dt":118,"timing_gate":"ACTIVE","dt_expected":510,"dt_conserve_ratio":0.61,"pwm":176,"v":15.20}
ngr/loco/9950011/alert {"level":"NO_QUORUM","reason":"STATUS","loco":"9950011","uptime_ms":354865,"nav":"NO_QUORUM","moving":1,"pwm":176,"est_mm_s":2542,"dir":"CCW","session_dir":"CCW","mdir":"FWD","rear":11,"front":113,"env":52150,"lc_mm":11,"last_confirmed_landmark":"","age_ms":250863,"since":406,"dead_reckoned_mm":118,"candidate_mm":115,"viable":[2,3,4],"lostm":394,"lost_ms":241001,"agree":13,"disagree":11,"losts":1,"auto":0}
ngr/loco/9950011/state/nav {"event":"PHANTOM_REJECTED","state":"NO_QUORUM","mm":118,"streak":3,"scores":[5,4,5,6,7,7],"excluded":[false,false,false,false,false,false],"leader":3,"runner_up":4,"margin":0,"eval":12,"viable":[2,3,4],"dt":270,"prev_dt":118,"sum":388,"expected":511,"ratio":0.76}
ngr/loco/9950011/mm/marker {"mm":118,"landmark":"","obs":"S","peak":41,"ms":48,"drift":0,"dt":270,"timing_gate":"ACTIVE","dt_expected":510,"dt_conserve_ratio":0.76,"pwm":176,"v":15.20}
ngr/loco/9950011/telem/voltage 15.20
ngr/loco/9950011/telem/current 0.49
ngr/loco/9950011/telem/power 7.51
ngr/loco/9950011/mm/marker {"mm":117,"landmark":"","obs":"N","peak":181,"ms":127,"drift":0,"dt":161,"timing_gate":"ACTIVE","dt_expected":510,"dt_conserve_ratio":0.55,"pwm":176,"v":15.20}
ngr/loco/9950011/state/nav {"event":"PHANTOM_REJECTED","state":"NO_QUORUM","mm":117,"streak":3,"scores":[5,4,5,6,7,7],"excluded":[false,false,false,false,false,false],"leader":3,"runner_up":4,"margin":0,"eval":12,"viable":[2,3,4],"dt":212,"prev_dt":161,"sum":373,"expected":511,"ratio":0.73}
ngr/loco/9950011/mm/marker {"mm":117,"landmark":"","obs":"N","peak":48,"ms":119,"drift":0,"dt":212,"timing_gate":"ACTIVE","dt_expected":510,"dt_conserve_ratio":0.73,"pwm":176,"v":15.20}
ngr/loco/9950011/state/loopstat {"loop_max_gap_ms":33,"hall_task_max_gap_ms":2,"hall_task_age_ms":1,"baseline":1069,"raw":1102,"delta":33,"queue_drops":0,"floor_rejects":416,"queue_high_water":1,"mqtt_connect_ms":33,"mqtt_attempts":2,"pub_drops":61,"pub_queue_hw":3,"cmd_drops":0,"pub_per_s":11,"marker_pub_drops":0,"marker_pub_hw":1,"nav":"NO_QUORUM","mm":117,"miss_streak":3,"pwm":176,"lost_markers":395,"lost_ms":241614,"motor_dir":"FWD"}
ngr/loco/9950011/state/start_mm 117
ngr/loco/9950011/alert {"level":"NO_QUORUM","reason":"STATUS","loco":"9950011","uptime_ms":355865,"nav":"NO_QUORUM","moving":1,"pwm":176,"est_mm_s":1415,"dir":"CCW","session_dir":"CCW","mdir":"FWD","rear":11,"front":112,"env":52150,"lc_mm":11,"last_confirmed_landmark":"","age_ms":251863,"since":407,"dead_reckoned_mm":117,"candidate_mm":114,"viable":[2,3,4],"lostm":395,"lost_ms":242001,"agree":13,"disagree":11,"losts":1,"auto":0}
ngr/loco/9950011/state/loopstat {"loop_max_gap_ms":33,"hall_task_max_gap_ms":2,"hall_task_age_ms":1,"baseline":1070,"raw":1146,"delta":76,"queue_drops":0,"floor_rejects":416,"queue_high_water":0,"mqtt_connect_ms":33,"mqtt_attempts":2,"pub_drops":61,"pub_queue_hw":2,"cmd_drops":0,"pub_per_s":2,"marker_pub_drops":0,"marker_pub_hw":0,"nav":"NO_QUORUM","mm":117,"miss_streak":3,"pwm":176,"lost_markers":395,"lost_ms":242614,"motor_dir":"FWD"}
ngr/loco/9950011/alert {"level":"NO_QUORUM","reason":"STATUS","loco":"9950011","uptime_ms":356865,"nav":"NO_QUORUM","moving":1,"pwm":176,"est_mm_s":1415,"dir":"CCW","session_dir":"CCW","mdir":"FWD","rear":11,"front":112,"env":52150,"lc_mm":11,"last_confirmed_landmark":"","age_ms":252863,"since":407,"dead_reckoned_mm":117,"candidate_mm":114,"viable":[2,3,4],"lostm":395,"lost_ms":243001,"agree":13,"disagree":11,"losts":1,"auto":0}
ngr/loco/9950011/state/loopstat {"loop_max_gap_ms":33,"hall_task_max_gap_ms":2,"hall_task_age_ms":1,"baseline":1070,"raw":1121,"delta":51,"queue_drops":0,"floor_rejects":416,"queue_high_water":0,"mqtt_connect_ms":33,"mqtt_attempts":2,"pub_drops":61,"pub_queue_hw":1,"cmd_drops":0,"pub_per_s":1,"marker_pub_drops":0,"marker_pub_hw":0,"nav":"NO_QUORUM","mm":117,"miss_streak":3,"pwm":176,"lost_markers":395,"lost_ms":243614,"motor_dir":"FWD"}
ngr/loco/9950011/alert {"level":"NO_QUORUM","reason":"STATUS","loco":"9950011","uptime_ms":357865,"nav":"NO_QUORUM","moving":1,"pwm":176,"est_mm_s":1415,"dir":"CCW","session_dir":"CCW","mdir":"FWD","rear":11,"front":112,"env":52150,"lc_mm":11,"last_confirmed_landmark":"","age_ms":253863,"since":407,"dead_reckoned_mm":117,"candidate_mm":114,"viable":[2,3,4],"lostm":395,"lost_ms":244001,"agree":13,"disagree":11,"losts":1,"auto":0}
ngr/loco/9950011/state/loopstat {"loop_max_gap_ms":34,"hall_task_max_gap_ms":2,"hall_task_age_ms":1,"baseline":1071,"raw":1072,"delta":1,"queue_drops":0,"floor_rejects":416,"queue_high_water":0,"mqtt_connect_ms":33,"mqtt_attempts":2,"pub_drops":61,"pub_queue_hw":1,"cmd_drops":0,"pub_per_s":1,"marker_pub_drops":0,"marker_pub_hw":0,"nav":"NO_QUORUM","mm":117,"miss_streak":3,"pwm":176,"lost_markers":395,"lost_ms":244614,"motor_dir":"FWD"}
ngr/loco/9950011/alert {"level":"NO_QUORUM","reason":"STATUS","loco":"9950011","uptime_ms":358865,"nav":"NO_QUORUM","moving":1,"pwm":176,"est_mm_s":1415,"dir":"CCW","session_dir":"CCW","mdir":"FWD","rear":11,"front":112,"env":52150,"lc_mm":11,"last_confirmed_landmark":"","age_ms":254863,"since":407,"dead_reckoned_mm":117,"candidate_mm":114,"viable":[2,3,4],"lostm":395,"lost_ms":245001,"agree":13,"disagree":11,"losts":1,"auto":0}
ngr/loco/9950011/state/loopstat {"loop_max_gap_ms":34,"hall_task_max_gap_ms":2,"hall_task_age_ms":1,"baseline":1072,"raw":1157,"delta":85,"queue_drops":0,"floor_rejects":416,"queue_high_water":0,"mqtt_connect_ms":33,"mqtt_attempts":2,"pub_drops":61,"pub_queue_hw":1,"cmd_drops":0,"pub_per_s":1,"marker_pub_drops":0,"marker_pub_hw":0,"nav":"NO_QUORUM","mm":117,"miss_streak":3,"pwm":176,"lost_markers":395,"lost_ms":245614,"motor_dir":"FWD"}
ngr/loco/9950011/alert {"level":"NO_QUORUM","reason":"STATUS","loco":"9950011","uptime_ms":359865,"nav":"NO_QUORUM","moving":1,"pwm":176,"est_mm_s":1415,"dir":"CCW","session_dir":"CCW","mdir":"FWD","rear":11,"front":112,"env":52150,"lc_mm":11,"last_confirmed_landmark":"","age_ms":255863,"since":407,"dead_reckoned_mm":117,"candidate_mm":114,"viable":[2,3,4],"lostm":395,"lost_ms":246001,"agree":13,"disagree":11,"losts":1,"auto":0}
ngr/loco/9950011/telem/voltage 15.23
ngr/loco/9950011/telem/current 0.35
ngr/loco/9950011/telem/power 5.34
ngr/loco/9950011/state/loopstat {"loop_max_gap_ms":34,"hall_task_max_gap_ms":1,"hall_task_age_ms":1,"baseline":1072,"raw":1098,"delta":26,"queue_drops":0,"floor_rejects":416,"queue_high_water":0,"mqtt_connect_ms":33,"mqtt_attempts":2,"pub_drops":61,"pub_queue_hw":3,"cmd_drops":0,"pub_per_s":4,"marker_pub_drops":0,"marker_pub_hw":0,"nav":"NO_QUORUM","mm":117,"miss_streak":3,"pwm":176,"lost_markers":395,"lost_ms":246614,"motor_dir":"FWD"}
ngr/loco/9950011/mm/marker {"mm":116,"landmark":"","obs":"N","peak":261,"ms":5253,"drift":3,"dt":121,"timing_gate":"ACTIVE","dt_expected":510,"dt_conserve_ratio":0.55,"pwm":176,"v":15.23}
ngr/loco/9950011/alert {"level":"NO_QUORUM","reason":"STATUS","loco":"9950011","uptime_ms":360865,"nav":"NO_QUORUM","moving":1,"pwm":176,"est_mm_s":2479,"dir":"CCW","session_dir":"CCW","mdir":"FWD","rear":11,"front":111,"env":52150,"lc_mm":11,"last_confirmed_landmark":"","age_ms":256863,"since":408,"dead_reckoned_mm":116,"candidate_mm":113,"viable":[2,3,4],"lostm":396,"lost_ms":247001,"agree":13,"disagree":11,"losts":1,"auto":0}
ngr/loco/9950011/state/start_mm 116
ngr/loco/9950011/state/loopstat {"loop_max_gap_ms":33,"hall_task_max_gap_ms":2,"hall_task_age_ms":1,"baseline":1072,"raw":1120,"delta":48,"queue_drops":0,"floor_rejects":416,"queue_high_water":1,"mqtt_connect_ms":33,"mqtt_attempts":2,"pub_drops":61,"pub_queue_hw":1,"cmd_drops":0,"pub_per_s":3,"marker_pub_drops":0,"marker_pub_hw":1,"nav":"NO_QUORUM","mm":116,"miss_streak":3,"pwm":176,"lost_markers":396,"lost_ms":247614,"motor_dir":"FWD"}
ngr/loco/9950011/alert {"level":"NO_QUORUM","reason":"STATUS","loco":"9950011","uptime_ms":361865,"nav":"NO_QUORUM","moving":1,"pwm":176,"est_mm_s":2479,"dir":"CCW","session_dir":"CCW","mdir":"FWD","rear":11,"front":111,"env":52150,"lc_mm":11,"last_confirmed_landmark":"","age_ms":257863,"since":408,"dead_reckoned_mm":116,"candidate_mm":113,"viable":[2,3,4],"lostm":396,"lost_ms":248001,"agree":13,"disagree":11,"losts":1,"auto":0}
ngr/loco/9950011/state/loopstat {"loop_max_gap_ms":34,"hall_task_max_gap_ms":2,"hall_task_age_ms":2,"baseline":1073,"raw":1152,"delta":79,"queue_drops":0,"floor_rejects":416,"queue_high_water":0,"mqtt_connect_ms":33,"mqtt_attempts":2,"pub_drops":61,"pub_queue_hw":1,"cmd_drops":0,"pub_per_s":1,"marker_pub_drops":0,"marker_pub_hw":0,"nav":"NO_QUORUM","mm":116,"miss_streak":3,"pwm":176,"lost_markers":396,"lost_ms":248614,"motor_dir":"FWD"}
ngr/loco/9950011/alert {"level":"NO_QUORUM","reason":"STATUS","loco":"9950011","uptime_ms":362865,"nav":"NO_QUORUM","moving":1,"pwm":176,"est_mm_s":2479,"dir":"CCW","session_dir":"CCW","mdir":"FWD","rear":11,"front":111,"env":52150,"lc_mm":11,"last_confirmed_landmark":"","age_ms":258863,"since":408,"dead_reckoned_mm":116,"candidate_mm":113,"viable":[2,3,4],"lostm":396,"lost_ms":249001,"agree":13,"disagree":11,"losts":1,"auto":0}
ngr/loco/9950011/state/loopstat {"loop_max_gap_ms":33,"hall_task_max_gap_ms":2,"hall_task_age_ms":1,"baseline":1073,"raw":1111,"delta":38,"queue_drops":0,"floor_rejects":416,"queue_high_water":0,"mqtt_connect_ms":33,"mqtt_attempts":2,"pub_drops":61,"pub_queue_hw":1,"cmd_drops":0,"pub_per_s":1,"marker_pub_drops":0,"marker_pub_hw":0,"nav":"NO_QUORUM","mm":116,"miss_streak":3,"pwm":176,"lost_markers":396,"lost_ms":249614,"motor_dir":"FWD"}
ngr/loco/9950011/alert {"level":"NO_QUORUM","reason":"STATUS","loco":"9950011","uptime_ms":363865,"nav":"NO_QUORUM","moving":1,"pwm":176,"est_mm_s":2479,"dir":"CCW","session_dir":"CCW","mdir":"FWD","rear":11,"front":111,"env":52150,"lc_mm":11,"last_confirmed_landmark":"","age_ms":259863,"since":408,"dead_reckoned_mm":116,"candidate_mm":113,"viable":[2,3,4],"lostm":396,"lost_ms":250001,"agree":13,"disagree":11,"losts":1,"auto":0}
ngr/loco/9950011/mm/marker {"mm":115,"landmark":"","obs":"N","peak":224,"ms":3812,"drift":1,"dt":5301,"timing_gate":"ACTIVE","dt_expected":510,"dt_conserve_ratio":10.61,"pwm":176,"v":15.23}
ngr/loco/9950011/state/start_mm 115
ngr/loco/9950011/state/loopstat {"loop_max_gap_ms":33,"hall_task_max_gap_ms":2,"hall_task_age_ms":1,"baseline":1073,"raw":1093,"delta":20,"queue_drops":0,"floor_rejects":416,"queue_high_water":0,"mqtt_connect_ms":33,"mqtt_attempts":2,"pub_drops":61,"pub_queue_hw":1,"cmd_drops":0,"pub_per_s":3,"marker_pub_drops":0,"marker_pub_hw":1,"nav":"NO_QUORUM","mm":115,"miss_streak":3,"pwm":176,"lost_markers":397,"lost_ms":250614,"motor_dir":"FWD"}
ngr/loco/9950011/mm/marker {"mm":114,"landmark":"","obs":"N","peak":47,"ms":59,"drift":0,"dt":3835,"timing_gate":"ACTIVE","dt_expected":510,"dt_conserve_ratio":17.88,"pwm":176,"v":15.23}
ngr/loco/9950011/mm/marker {"mm":113,"landmark":"","obs":"N","peak":183,"ms":246,"drift":0,"dt":65,"timing_gate":"ACTIVE","dt_expected":510,"dt_conserve_ratio":7.63,"pwm":176,"v":15.23}
ngr/loco/9950011/alert {"level":"NO_QUORUM","reason":"STATUS","loco":"9950011","uptime_ms":364865,"nav":"NO_QUORUM","moving":1,"pwm":176,"est_mm_s":4615,"dir":"CCW","session_dir":"CCW","mdir":"FWD","rear":11,"front":108,"env":52150,"lc_mm":11,"last_confirmed_landmark":"","age_ms":260863,"since":411,"dead_reckoned_mm":113,"candidate_mm":110,"viable":[2,3,4],"lostm":399,"lost_ms":251001,"agree":13,"disagree":11,"losts":1,"auto":0}
ngr/loco/9950011/telem/voltage 15.22
ngr/loco/9950011/telem/current 0.38
ngr/loco/9950011/telem/power 5.46
ngr/loco/9950011/state/nav {"event":"PHANTOM_REJECTED","state":"NO_QUORUM","mm":113,"streak":3,"scores":[5,4,5,6,7,7],"excluded":[false,false,false,false,false,false],"leader":3,"runner_up":4,"margin":0,"eval":12,"viable":[2,3,4],"dt":307,"prev_dt":65,"sum":372,"expected":511,"ratio":0.73}
ngr/loco/9950011/mm/marker {"mm":113,"landmark":"","obs":"N","peak":74,"ms":180,"drift":0,"dt":307,"timing_gate":"ACTIVE","dt_expected":510,"dt_conserve_ratio":0.73,"pwm":176,"v":15.22}
ngr/loco/9950011/mm/marker {"mm":112,"landmark":"","obs":"N","peak":65,"ms":74,"drift":0,"dt":182,"timing_gate":"ACTIVE","dt_expected":510,"dt_conserve_ratio":0.48,"pwm":176,"v":15.22}
ngr/loco/9950011/mm/marker {"mm":111,"landmark":"","obs":"S","peak":145,"ms":81,"drift":0,"dt":110,"timing_gate":"ACTIVE","dt_expected":544,"dt_conserve_ratio":0.54,"pwm":176,"v":15.22}
ngr/loco/9950011/mm/marker {"mm":110,"landmark":"","obs":"N","peak":60,"ms":53,"drift":0,"dt":87,"timing_gate":"ACTIVE","dt_expected":544,"dt_conserve_ratio":0.36,"pwm":176,"v":15.22}
ngr/loco/9950011/mm/marker {"mm":109,"landmark":"","obs":"N","peak":49,"ms":45,"drift":0,"dt":165,"timing_gate":"ACTIVE","dt_expected":510,"dt_conserve_ratio":0.49,"pwm":176,"v":15.22}
ngr/loco/9950011/state/start_mm 109
ngr/loco/9950011/state/loopstat {"loop_max_gap_ms":33,"hall_task_max_gap_ms":2,"hall_task_age_ms":1,"baseline":1073,"raw":1051,"delta":-22,"queue_drops":0,"floor_rejects":417,"queue_high_water":1,"mqtt_connect_ms":33,"mqtt_attempts":2,"pub_drops":61,"pub_queue_hw":3,"cmd_drops":0,"pub_per_s":13,"marker_pub_drops":0,"marker_pub_hw":1,"nav":"NO_QUORUM","mm":109,"miss_streak":3,"pwm":176,"lost_markers":403,"lost_ms":251614,"motor_dir":"FWD"}
ngr/loco/9950011/mm/marker {"mm":108,"landmark":"","obs":"N","peak":57,"ms":140,"drift":0,"dt":73,"timing_gate":"ACTIVE","dt_expected":510,"dt_conserve_ratio":0.47,"pwm":176,"v":15.22}
ngr/loco/9950011/cmd/throttle 86
ngr/loco/9950011/mm/marker {"mm":107,"landmark":"Arches","obs":"N","peak":148,"ms":123,"drift":0,"dt":162,"timing_gate":"ACTIVE","dt_expected":519,"dt_conserve_ratio":0.45,"pwm":176,"v":15.22}
ngr/loco/9950011/alert {"level":"NO_QUORUM","reason":"STATUS","loco":"9950011","uptime_ms":365865,"nav":"NO_QUORUM","moving":1,"pwm":175,"est_mm_s":1851,"dir":"CCW","session_dir":"CCW","mdir":"FWD","rear":11,"front":102,"env":52150,"lc_mm":11,"last_confirmed_landmark":"","age_ms":261863,"since":417,"dead_reckoned_mm":107,"candidate_mm":104,"viable":[2,3,4],"lostm":405,"lost_ms":252001,"agree":13,"disagree":11,"losts":1,"auto":0}
ngr/loco/9950011/mm/marker {"mm":106,"landmark":"","obs":"N","peak":44,"ms":101,"drift":0,"dt":195,"timing_gate":"RAMP","dt_expected":0,"dt_conserve_ratio":-1.00,"pwm":175,"v":15.22}
ngr/loco/9950011/mm/marker {"mm":105,"landmark":"","obs":"N","peak":38,"ms":174,"drift":0,"dt":245,"timing_gate":"RAMP","dt_expected":0,"dt_conserve_ratio":-1.00,"pwm":174,"v":15.22}
ngr/loco/9950011/mm/marker {"mm":104,"landmark":"","obs":"N","peak":45,"ms":85,"drift":0,"dt":181,"timing_gate":"RAMP","dt_expected":0,"dt_conserve_ratio":-1.00,"pwm":173,"v":15.22}
ngr/loco/9950011/state/throttle 86
ngr/loco/9950011/state/start_mm 104
ngr/loco/9950011/state/loopstat {"loop_max_gap_ms":33,"hall_task_max_gap_ms":3,"hall_task_age_ms":1,"baseline":1073,"raw":1088,"delta":15,"queue_drops":0,"floor_rejects":420,"queue_high_water":1,"mqtt_connect_ms":33,"mqtt_attempts":2,"pub_drops":61,"pub_queue_hw":2,"cmd_drops":0,"pub_per_s":8,"marker_pub_drops":0,"marker_pub_hw":1,"nav":"NO_QUORUM","mm":104,"miss_streak":3,"pwm":171,"lost_markers":408,"lost_ms":252614,"motor_dir":"FWD"}
ngr/loco/9950011/mm/marker {"mm":103,"landmark":"","obs":"N","peak":51,"ms":128,"drift":0,"dt":210,"timing_gate":"RAMP","dt_expected":0,"dt_conserve_ratio":-1.00,"pwm":171,"v":15.22}
ngr/loco/9950011/mm/marker {"mm":102,"landmark":"","obs":"N","peak":39,"ms":41,"drift":0,"dt":164,"timing_gate":"RAMP","dt_expected":0,"dt_conserve_ratio":-1.00,"pwm":170,"v":15.22}
ngr/loco/9950011/mm/marker {"mm":101,"landmark":"","obs":"N","peak":171,"ms":97,"drift":0,"dt":56,"timing_gate":"RAMP","dt_expected":0,"dt_conserve_ratio":-1.00,"pwm":170,"v":15.22}
ngr/loco/9950011/alert {"level":"NO_QUORUM","reason":"STATUS","loco":"9950011","uptime_ms":366865,"nav":"NO_QUORUM","moving":1,"pwm":169,"est_mm_s":5357,"dir":"CCW","session_dir":"CCW","mdir":"FWD","rear":11,"front":96,"env":52150,"lc_mm":11,"last_confirmed_landmark":"","age_ms":262863,"since":423,"dead_reckoned_mm":101,"candidate_mm":98,"viable":[2,3,4],"lostm":411,"lost_ms":253001,"agree":13,"disagree":11,"losts":1,"auto":0}
ngr/loco/9950011/mm/marker {"mm":100,"landmark":"","obs":"N","peak":42,"ms":65,"drift":0,"dt":177,"timing_gate":"RAMP","dt_expected":0,"dt_conserve_ratio":-1.00,"pwm":169,"v":15.22}
ngr/loco/9950011/mm/marker {"mm":99,"landmark":"","obs":"S","peak":43,"ms":225,"drift":0,"dt":133,"timing_gate":"RAMP","dt_expected":0,"dt_conserve_ratio":-1.00,"pwm":168,"v":15.22}
ngr/loco/9950011/mm/marker {"mm":98,"landmark":"Northpoint","obs":"S","peak":151,"ms":229,"drift":0,"dt":230,"timing_gate":"RAMP","dt_expected":0,"dt_conserve_ratio":-1.00,"pwm":166,"v":15.22}
ngr/loco/9950011/state/start_mm 98
ngr/loco/9950011/state/loopstat {"loop_max_gap_ms":33,"hall_task_max_gap_ms":2,"hall_task_age_ms":1,"baseline":1073,"raw":1082,"delta":9,"queue_drops":0,"floor_rejects":421,"queue_high_water":1,"mqtt_connect_ms":33,"mqtt_attempts":2,"pub_drops":61,"pub_queue_hw":1,"cmd_drops":0,"pub_per_s":8,"marker_pub_drops":0,"marker_pub_hw":1,"nav":"NO_QUORUM","mm":98,"miss_streak":3,"pwm":165,"lost_markers":414,"lost_ms":253614,"motor_dir":"FWD"}
ngr/loco/9950011/mm/marker {"mm":97,"landmark":"","obs":"N","peak":58,"ms":59,"drift":0,"dt":272,"timing_gate":"RAMP","dt_expected":0,"dt_conserve_ratio":-1.00,"pwm":164,"v":15.22}
ngr/loco/9950011/mm/marker {"mm":96,"landmark":"","obs":"N","peak":56,"ms":178,"drift":0,"dt":97,"timing_gate":"RAMP","dt_expected":0,"dt_conserve_ratio":-1.00,"pwm":164,"v":15.22}
ngr/loco/9950011/alert {"level":"NO_QUORUM","reason":"STATUS","loco":"9950011","uptime_ms":367865,"nav":"NO_QUORUM","moving":1,"pwm":162,"est_mm_s":3092,"dir":"CCW","session_dir":"CCW","mdir":"FWD","rear":11,"front":91,"env":52150,"lc_mm":11,"last_confirmed_landmark":"","age_ms":263863,"since":428,"dead_reckoned_mm":96,"candidate_mm":93,"viable":[2,3,4],"lostm":416,"lost_ms":254001,"agree":13,"disagree":11,"losts":1,"auto":0}
ngr/loco/9950011/mm/marker {"mm":95,"landmark":"","obs":"S","peak":289,"ms":417,"drift":0,"dt":183,"timing_gate":"RAMP","dt_expected":0,"dt_conserve_ratio":-1.00,"pwm":163,"v":15.22}
ngr/loco/9950011/mm/marker {"mm":94,"landmark":"","obs":"N","peak":184,"ms":142,"drift":0,"dt":542,"timing_gate":"RAMP","dt_expected":0,"dt_conserve_ratio":-1.00,"pwm":159,"v":15.22}
ngr/loco/9950011/state/loopstat {"loop_max_gap_ms":33,"hall_task_max_gap_ms":2,"hall_task_age_ms":1,"baseline":1073,"raw":1080,"delta":7,"queue_drops":0,"floor_rejects":422,"queue_high_water":1,"mqtt_connect_ms":33,"mqtt_attempts":2,"pub_drops":61,"pub_queue_hw":1,"cmd_drops":0,"pub_per_s":4,"marker_pub_drops":0,"marker_pub_hw":1,"nav":"NO_QUORUM","mm":95,"miss_streak":3,"pwm":158,"lost_markers":417,"lost_ms":254614,"motor_dir":"FWD"}
ngr/loco/9950011/state/start_mm 95
ngr/loco/9950011/mm/marker {"mm":93,"landmark":"","obs":"N","peak":67,"ms":211,"drift":0,"dt":175,"timing_gate":"RAMP","dt_expected":0,"dt_conserve_ratio":-1.00,"pwm":158,"v":15.22}
ngr/loco/9950011/alert {"level":"NO_QUORUM","reason":"STATUS","loco":"9950011","uptime_ms":368865,"nav":"NO_QUORUM","moving":1,"pwm":155,"est_mm_s":1714,"dir":"CCW","session_dir":"CCW","mdir":"FWD","rear":11,"front":88,"env":52150,"lc_mm":11,"last_confirmed_landmark":"","age_ms":264863,"since":431,"dead_reckoned_mm":93,"candidate_mm":90,"viable":[2,3,4],"lostm":419,"lost_ms":255001,"agree":13,"disagree":11,"losts":1,"auto":0}
ngr/loco/9950011/mm/marker {"mm":92,"landmark":"","obs":"N","peak":176,"ms":510,"drift":0,"dt":337,"timing_gate":"RAMP","dt_expected":0,"dt_conserve_ratio":-1.00,"pwm":155,"v":15.22}
ngr/loco/9950011/state/start_mm 92
ngr/loco/9950011/state/loopstat {"loop_max_gap_ms":34,"hall_task_max_gap_ms":2,"hall_task_age_ms":1,"baseline":1073,"raw":1079,"delta":6,"queue_drops":0,"floor_rejects":423,"queue_high_water":1,"mqtt_connect_ms":33,"mqtt_attempts":2,"pub_drops":61,"pub_queue_hw":2,"cmd_drops":0,"pub_per_s":6,"marker_pub_drops":0,"marker_pub_hw":1,"nav":"NO_QUORUM","mm":92,"miss_streak":3,"pwm":151,"lost_markers":420,"lost_ms":255614,"motor_dir":"FWD"}
ngr/loco/9950011/mm/marker {"mm":91,"landmark":"","obs":"N","peak":52,"ms":110,"drift":0,"dt":633,"timing_gate":"RAMP","dt_expected":0,"dt_conserve_ratio":-1.00,"pwm":151,"v":15.22}
ngr/loco/9950011/alert {"level":"NO_QUORUM","reason":"STATUS","loco":"9950011","uptime_ms":369865,"nav":"NO_QUORUM","moving":1,"pwm":149,"est_mm_s":473,"dir":"CCW","session_dir":"CCW","mdir":"FWD","rear":11,"front":86,"env":52150,"lc_mm":11,"last_confirmed_landmark":"","age_ms":265863,"since":433,"dead_reckoned_mm":91,"candidate_mm":88,"viable":[2,3,4],"lostm":421,"lost_ms":256001,"agree":13,"disagree":11,"losts":1,"auto":0}
ngr/loco/9950011/telem/voltage 15.20
ngr/loco/9950011/telem/current 0.42
ngr/loco/9950011/telem/power 6.46
ngr/loco/9950011/state/loopstat {"loop_max_gap_ms":33,"hall_task_max_gap_ms":3,"hall_task_age_ms":1,"baseline":1073,"raw":1124,"delta":51,"queue_drops":0,"floor_rejects":423,"queue_high_water":1,"mqtt_connect_ms":33,"mqtt_attempts":2,"pub_drops":61,"pub_queue_hw":3,"cmd_drops":0,"pub_per_s":5,"marker_pub_drops":0,"marker_pub_hw":1,"nav":"NO_QUORUM","mm":91,"miss_streak":3,"pwm":145,"lost_markers":421,"lost_ms":256614,"motor_dir":"FWD"}
ngr/loco/9950011/state/start_mm 91
ngr/loco/9950011/alert {"level":"NO_QUORUM","reason":"STATUS","loco":"9950011","uptime_ms":370865,"nav":"NO_QUORUM","moving":1,"pwm":142,"est_mm_s":473,"dir":"CCW","session_dir":"CCW","mdir":"FWD","rear":11,"front":86,"env":52150,"lc_mm":11,"last_confirmed_landmark":"","age_ms":266863,"since":433,"dead_reckoned_mm":91,"candidate_mm":88,"viable":[2,3,4],"lostm":421,"lost_ms":257001,"agree":13,"disagree":11,"losts":1,"auto":0}
ngr/loco/9950011/mm/marker {"mm":90,"landmark":"","obs":"S","peak":287,"ms":1728,"drift":0,"dt":164,"timing_gate":"RAMP","dt_expected":0,"dt_conserve_ratio":-1.00,"pwm":150,"v":15.20}
ngr/loco/9950011/state/start_mm 90
ngr/loco/9950011/state/loopstat {"loop_max_gap_ms":33,"hall_task_max_gap_ms":3,"hall_task_age_ms":1,"baseline":1073,"raw":1080,"delta":7,"queue_drops":0,"floor_rejects":424,"queue_high_water":0,"mqtt_connect_ms":33,"mqtt_attempts":2,"pub_drops":61,"pub_queue_hw":2,"cmd_drops":0,"pub_per_s":4,"marker_pub_drops":0,"marker_pub_hw":1,"nav":"NO_QUORUM","mm":90,"miss_streak":3,"pwm":138,"lost_markers":422,"lost_ms":257614,"motor_dir":"FWD"}
ngr/loco/9950011/mm/marker {"mm":89,"landmark":"","obs":"N","peak":54,"ms":45,"drift":0,"dt":1973,"timing_gate":"RAMP","dt_expected":0,"dt_conserve_ratio":-1.00,"pwm":137,"v":15.20}
ngr/loco/9950011/mm/marker {"mm":88,"landmark":"","obs":"N","peak":86,"ms":73,"drift":0,"dt":53,"timing_gate":"RAMP","dt_expected":0,"dt_conserve_ratio":-1.00,"pwm":137,"v":15.20}
ngr/loco/9950011/alert {"level":"NO_QUORUM","reason":"STATUS","loco":"9950011","uptime_ms":371865,"nav":"NO_QUORUM","moving":1,"pwm":135,"est_mm_s":5754,"dir":"CCW","session_dir":"CCW","mdir":"FWD","rear":11,"front":83,"env":52150,"lc_mm":11,"last_confirmed_landmark":"","age_ms":267863,"since":436,"dead_reckoned_mm":88,"candidate_mm":85,"viable":[2,3,4],"lostm":424,"lost_ms":258001,"agree":13,"disagree":11,"losts":1,"auto":0}
ngr/loco/9950011/mm/marker {"mm":87,"landmark":"","obs":"N","peak":186,"ms":163,"drift":0,"dt":197,"timing_gate":"RAMP","dt_expected":0,"dt_conserve_ratio":-1.00,"pwm":135,"v":15.20}
ngr/loco/9950011/mm/marker {"mm":86,"landmark":"","obs":"N","peak":45,"ms":80,"drift":0,"dt":481,"timing_gate":"RAMP","dt_expected":0,"dt_conserve_ratio":-1.00,"pwm":132,"v":15.20}
ngr/loco/9950011/state/loopstat {"loop_max_gap_ms":34,"hall_task_max_gap_ms":3,"hall_task_age_ms":1,"baseline":1073,"raw":1095,"delta":22,"queue_drops":0,"floor_rejects":429,"queue_high_water":1,"mqtt_connect_ms":33,"mqtt_attempts":2,"pub_drops":61,"pub_queue_hw":1,"cmd_drops":0,"pub_per_s":5,"marker_pub_drops":0,"marker_pub_hw":1,"nav":"NO_QUORUM","mm":86,"miss_streak":3,"pwm":131,"lost_markers":426,"lost_ms":258614,"motor_dir":"FWD"}
ngr/loco/9950011/state/start_mm 86
ngr/loco/9950011/mm/marker {"mm":85,"landmark":"","obs":"N","peak":101,"ms":293,"drift":0,"dt":84,"timing_gate":"RAMP","dt_expected":0,"dt_conserve_ratio":-1.00,"pwm":132,"v":15.20}
ngr/loco/9950011/mm/marker {"mm":84,"landmark":"","obs":"S","peak":176,"ms":111,"drift":-1,"dt":304,"timing_gate":"RAMP","dt_expected":0,"dt_conserve_ratio":-1.00,"pwm":130,"v":15.20}
ngr/loco/9950011/alert {"level":"NO_QUORUM","reason":"STATUS","loco":"9950011","uptime_ms":372865,"nav":"NO_QUORUM","moving":1,"pwm":129,"est_mm_s":986,"dir":"CCW","session_dir":"CCW","mdir":"FWD","rear":11,"front":79,"env":52150,"lc_mm":11,"last_confirmed_landmark":"","age_ms":268863,"since":440,"dead_reckoned_mm":84,"candidate_mm":81,"viable":[2,3,4],"lostm":428,"lost_ms":259001,"agree":13,"disagree":11,"losts":1,"auto":0}
ngr/loco/9950011/mm/marker {"mm":83,"landmark":"","obs":"N","peak":74,"ms":613,"drift":1,"dt":116,"timing_gate":"RAMP","dt_expected":0,"dt_conserve_ratio":-1.00,"pwm":129,"v":15.20}
ngr/loco/9950011/state/start_mm 83
ngr/loco/9950011/state/loopstat {"loop_max_gap_ms":33,"hall_task_max_gap_ms":2,"hall_task_age_ms":1,"baseline":1073,"raw":1086,"delta":13,"queue_drops":0,"floor_rejects":429,"queue_high_water":1,"mqtt_connect_ms":33,"mqtt_attempts":2,"pub_drops":61,"pub_queue_hw":2,"cmd_drops":0,"pub_per_s":6,"marker_pub_drops":0,"marker_pub_hw":1,"nav":"NO_QUORUM","mm":83,"miss_streak":3,"pwm":125,"lost_markers":429,"lost_ms":259614,"motor_dir":"FWD"}
ngr/loco/9950011/mm/marker {"mm":82,"landmark":"","obs":"N","peak":76,"ms":99,"drift":0,"dt":630,"timing_gate":"RAMP","dt_expected":0,"dt_conserve_ratio":-1.00,"pwm":125,"v":15.20}
ngr/loco/9950011/alert {"level":"NO_QUORUM","reason":"STATUS","loco":"9950011","uptime_ms":373865,"nav":"NO_QUORUM","moving":1,"pwm":122,"est_mm_s":484,"dir":"CCW","session_dir":"CCW","mdir":"FWD","rear":11,"front":77,"env":52150,"lc_mm":11,"last_confirmed_landmark":"","age_ms":269863,"since":442,"dead_reckoned_mm":82,"candidate_mm":79,"viable":[2,3,4],"lostm":430,"lost_ms":260001,"agree":13,"disagree":11,"losts":1,"auto":0}
ngr/loco/9950011/mm/marker {"mm":81,"landmark":"","obs":"N","peak":209,"ms":753,"drift":0,"dt":106,"timing_gate":"RAMP","dt_expected":0,"dt_conserve_ratio":-1.00,"pwm":124,"v":15.20}
ngr/loco/9950011/state/start_mm 81
ngr/loco/9950011/state/loopstat {"loop_max_gap_ms":33,"hall_task_max_gap_ms":2,"hall_task_age_ms":1,"baseline":1073,"raw":1089,"delta":16,"queue_drops":0,"floor_rejects":429,"queue_high_water":1,"mqtt_connect_ms":33,"mqtt_attempts":2,"pub_drops":61,"pub_queue_hw":1,"cmd_drops":0,"pub_per_s":4,"marker_pub_drops":0,"marker_pub_hw":1,"nav":"NO_QUORUM","mm":81,"miss_streak":3,"pwm":118,"lost_markers":431,"lost_ms":260614,"motor_dir":"FWD"}
ngr/loco/9950011/mm/marker {"mm":80,"landmark":"","obs":"N","peak":72,"ms":397,"drift":0,"dt":777,"timing_gate":"RAMP","dt_expected":0,"dt_conserve_ratio":-1.00,"pwm":119,"v":15.20}
ngr/loco/9950011/mm/marker {"mm":79,"landmark":"","obs":"N","peak":42,"ms":50,"drift":1,"dt":414,"timing_gate":"RAMP","dt_expected":0,"dt_conserve_ratio":-1.00,"pwm":116,"v":15.20}
ngr/loco/9950011/alert {"level":"NO_QUORUM","reason":"STATUS","loco":"9950011","uptime_ms":374865,"nav":"NO_QUORUM","moving":1,"pwm":115,"est_mm_s":736,"dir":"CCW","session_dir":"CCW","mdir":"FWD","rear":11,"front":74,"env":52150,"lc_mm":11,"last_confirmed_landmark":"","age_ms":270863,"since":445,"dead_reckoned_mm":79,"candidate_mm":76,"viable":[2,3,4],"lostm":433,"lost_ms":261001,"agree":13,"disagree":11,"losts":1,"auto":0}
ngr/loco/9950011/mm/marker {"mm":78,"landmark":"","obs":"N","peak":55,"ms":74,"drift":0,"dt":64,"timing_gate":"RAMP","dt_expected":0,"dt_conserve_ratio":-1.00,"pwm":116,"v":15.20}
ngr/loco/9950011/telem/voltage 15.24
ngr/loco/9950011/telem/current 0.37
ngr/loco/9950011/telem/power 5.57
ngr/loco/9950011/mm/marker {"mm":77,"landmark":"","obs":"N","peak":78,"ms":80,"drift":0,"dt":193,"timing_gate":"RAMP","dt_expected":0,"dt_conserve_ratio":-1.00,"pwm":114,"v":15.24}
ngr/loco/9950011/state/loopstat {"loop_max_gap_ms":33,"hall_task_max_gap_ms":2,"hall_task_age_ms":1,"baseline":1074,"raw":949,"delta":-125,"queue_drops":0,"floor_rejects":432,"queue_high_water":1,"mqtt_connect_ms":33,"mqtt_attempts":2,"pub_drops":61,"pub_queue_hw":3,"cmd_drops":0,"pub_per_s":8,"marker_pub_drops":0,"marker_pub_hw":1,"nav":"NO_QUORUM","mm":77,"miss_streak":3,"pwm":111,"lost_markers":435,"lost_ms":261614,"motor_dir":"FWD"}
ngr/loco/9950011/state/start_mm 77
ngr/loco/9950011/mm/marker {"mm":76,"landmark":"","obs":"S","peak":199,"ms":158,"drift":0,"dt":413,"timing_gate":"RAMP","dt_expected":0,"dt_conserve_ratio":-1.00,"pwm":111,"v":15.24}
ngr/loco/9950011/mm/marker {"mm":75,"landmark":"","obs":"N","peak":47,"ms":53,"drift":0,"dt":163,"timing_gate":"RAMP","dt_expected":0,"dt_conserve_ratio":-1.00,"pwm":110,"v":15.24}
ngr/loco/9950011/mm/marker {"mm":74,"landmark":"","obs":"N","peak":66,"ms":155,"drift":0,"dt":74,"timing_gate":"RAMP","dt_expected":0,"dt_conserve_ratio":-1.00,"pwm":110,"v":15.24}
ngr/loco/9950011/alert {"level":"NO_QUORUM","reason":"STATUS","loco":"9950011","uptime_ms":375865,"nav":"NO_QUORUM","moving":1,"pwm":109,"est_mm_s":4054,"dir":"CCW","session_dir":"CCW","mdir":"FWD","rear":11,"front":69,"env":52150,"lc_mm":11,"last_confirmed_landmark":"","age_ms":271863,"since":450,"dead_reckoned_mm":74,"candidate_mm":71,"viable":[2,3,4],"lostm":438,"lost_ms":262001,"agree":13,"disagree":11,"losts":1,"auto":0}
ngr/loco/9950011/mm/marker {"mm":73,"landmark":"","obs":"N","peak":81,"ms":207,"drift":0,"dt":161,"timing_gate":"RAMP","dt_expected":0,"dt_conserve_ratio":-1.00,"pwm":109,"v":15.24}
ngr/loco/9950011/mm/marker {"mm":72,"landmark":"Westpoint","obs":"N","peak":73,"ms":48,"drift":0,"dt":250,"timing_gate":"RAMP","dt_expected":0,"dt_conserve_ratio":-1.00,"pwm":107,"v":15.24}
ngr/loco/9950011/mm/marker {"mm":71,"landmark":"","obs":"N","peak":66,"ms":164,"drift":0,"dt":57,"timing_gate":"RAMP","dt_expected":0,"dt_conserve_ratio":-1.00,"pwm":107,"v":15.24}
ngr/loco/9950011/mm/marker {"mm":70,"landmark":"","obs":"N","peak":71,"ms":44,"drift":0,"dt":166,"timing_gate":"RAMP","dt_expected":0,"dt_conserve_ratio":-1.00,"pwm":106,"v":15.24}
ngr/loco/9950011/state/loopstat {"loop_max_gap_ms":33,"hall_task_max_gap_ms":2,"hall_task_age_ms":1,"baseline":1074,"raw":1239,"delta":165,"queue_drops":0,"floor_rejects":433,"queue_high_water":1,"mqtt_connect_ms":33,"mqtt_attempts":2,"pub_drops":61,"pub_queue_hw":2,"cmd_drops":0,"pub_per_s":9,"marker_pub_drops":0,"marker_pub_hw":1,"nav":"NO_QUORUM","mm":70,"miss_streak":3,"pwm":105,"lost_markers":442,"lost_ms":262614,"motor_dir":"FWD"}
ngr/loco/9950011/state/start_mm 70
ngr/loco/9950011/mm/marker {"mm":69,"landmark":"","obs":"N","peak":181,"ms":197,"drift":0,"dt":51,"timing_gate":"RAMP","dt_expected":0,"dt_conserve_ratio":-1.00,"pwm":105,"v":15.24}
ngr/loco/9950011/alert {"level":"NO_QUORUM","reason":"STATUS","loco":"9950011","uptime_ms":376865,"nav":"NO_QUORUM","moving":1,"pwm":102,"est_mm_s":5882,"dir":"CCW","session_dir":"CCW","mdir":"FWD","rear":11,"front":64,"env":52150,"lc_mm":11,"last_confirmed_landmark":"","age_ms":272863,"since":455,"dead_reckoned_mm":69,"candidate_mm":66,"viable":[2,3,4],"lostm":443,"lost_ms":263001,"agree":13,"disagree":11,"losts":1,"auto":0}
ngr/loco/9950011/mm/marker {"mm":68,"landmark":"","obs":"N","peak":48,"ms":43,"drift":0,"dt":566,"timing_gate":"RAMP","dt_expected":0,"dt_conserve_ratio":-1.00,"pwm":102,"v":15.24}
ngr/loco/9950011/mm/marker {"mm":67,"landmark":"","obs":"N","peak":65,"ms":60,"drift":0,"dt":383,"timing_gate":"RAMP","dt_expected":0,"dt_conserve_ratio":-1.00,"pwm":99,"v":15.24}
ngr/loco/9950011/state/start_mm 67
ngr/loco/9950011/state/loopstat {"loop_max_gap_ms":34,"hall_task_max_gap_ms":2,"hall_task_age_ms":1,"baseline":1074,"raw":1001,"delta":-73,"queue_drops":0,"floor_rejects":439,"queue_high_water":1,"mqtt_connect_ms":33,"mqtt_attempts":2,"pub_drops":61,"pub_queue_hw":2,"cmd_drops":0,"pub_per_s":6,"marker_pub_drops":0,"marker_pub_hw":1,"nav":"NO_QUORUM","mm":67,"miss_streak":3,"pwm":98,"lost_markers":445,"lost_ms":263614,"motor_dir":"FWD"}
ngr/loco/9950011/mm/marker {"mm":66,"landmark":"","obs":"S","peak":187,"ms":177,"drift":0,"dt":124,"timing_gate":"RAMP","dt_expected":0,"dt_conserve_ratio":-1.00,"pwm":98,"v":15.24}
ngr/loco/9950011/mm/marker {"mm":65,"landmark":"","obs":"N","peak":62,"ms":75,"drift":0,"dt":189,"timing_gate":"RAMP","dt_expected":0,"dt_conserve_ratio":-1.00,"pwm":97,"v":15.24}
ngr/loco/9950011/mm/marker {"mm":64,"landmark":"","obs":"N","peak":67,"ms":57,"drift":0,"dt":88,"timing_gate":"NO_PREV","dt_expected":0,"dt_conserve_ratio":-1.00,"pwm":96,"v":15.24}
ngr/loco/9950011/mm/marker {"mm":63,"landmark":"Grillers","obs":"N","peak":59,"ms":56,"drift":2,"dt":64,"timing_gate":"ACTIVE","dt_expected":1144,"dt_conserve_ratio":0.13,"pwm":96,"v":15.24}
ngr/loco/9950011/alert {"level":"NO_QUORUM","reason":"STATUS","loco":"9950011","uptime_ms":377865,"nav":"NO_QUORUM","moving":1,"pwm":95,"est_mm_s":5078,"dir":"CCW","session_dir":"CCW","mdir":"FWD","rear":11,"front":58,"env":52150,"lc_mm":11,"last_confirmed_landmark":"","age_ms":273863,"since":461,"dead_reckoned_mm":63,"candidate_mm":60,"viable":[2,3,4],"lostm":449,"lost_ms":264001,"agree":13,"disagree":11,"losts":1,"auto":0}
ngr/loco/9950011/mm/marker {"mm":62,"landmark":"","obs":"N","peak":51,"ms":68,"drift":0,"dt":63,"timing_gate":"ACTIVE","dt_expected":1197,"dt_conserve_ratio":0.11,"pwm":95,"v":15.24}
ngr/loco/9950011/mm/marker {"mm":61,"landmark":"","obs":"N","peak":78,"ms":158,"drift":0,"dt":339,"timing_gate":"ACTIVE","dt_expected":1195,"dt_conserve_ratio":0.34,"pwm":93,"v":15.24}
ngr/loco/9950011/state/start_mm 61
ngr/loco/9950011/state/loopstat {"loop_max_gap_ms":33,"hall_task_max_gap_ms":2,"hall_task_age_ms":1,"baseline":1076,"raw":1085,"delta":9,"queue_drops":0,"floor_rejects":440,"queue_high_water":1,"mqtt_connect_ms":33,"mqtt_attempts":2,"pub_drops":61,"pub_queue_hw":1,"cmd_drops":0,"pub_per_s":8,"marker_pub_drops":0,"marker_pub_hw":1,"nav":"NO_QUORUM","mm":61,"miss_streak":3,"pwm":91,"lost_markers":451,"lost_ms":264614,"motor_dir":"FWD"}
ngr/loco/9950011/mm/marker {"mm":60,"landmark":"","obs":"N","peak":62,"ms":156,"drift":0,"dt":219,"timing_gate":"ACTIVE","dt_expected":1232,"dt_conserve_ratio":0.45,"pwm":92,"v":15.24}
ngr/loco/9950011/mm/marker {"mm":59,"landmark":"","obs":"N","peak":48,"ms":233,"drift":0,"dt":163,"timing_gate":"ACTIVE","dt_expected":1231,"dt_conserve_ratio":0.31,"pwm":91,"v":15.24}
ngr/loco/9950011/alert {"level":"NO_QUORUM","reason":"STATUS","loco":"9950011","uptime_ms":378865,"nav":"NO_QUORUM","moving":1,"pwm":89,"est_mm_s":1840,"dir":"CCW","session_dir":"CCW","mdir":"FWD","rear":11,"front":54,"env":52150,"lc_mm":11,"last_confirmed_landmark":"","age_ms":274863,"since":465,"dead_reckoned_mm":59,"candidate_mm":56,"viable":[2,3,4],"lostm":453,"lost_ms":265001,"agree":13,"disagree":11,"losts":1,"auto":0}
ngr/loco/9950011/mm/marker {"mm":58,"landmark":"","obs":"N","peak":67,"ms":49,"drift":0,"dt":298,"timing_gate":"ACTIVE","dt_expected":1210,"dt_conserve_ratio":0.38,"pwm":89,"v":15.24}
ngr/loco/9950011/mm/marker {"mm":57,"landmark":"","obs":"N","peak":53,"ms":53,"drift":0,"dt":237,"timing_gate":"ACTIVE","dt_expected":1332,"dt_conserve_ratio":0.40,"pwm":87,"v":15.24}
ngr/loco/9950011/mm/marker {"mm":56,"landmark":"","obs":"N","peak":39,"ms":50,"drift":0,"dt":60,"timing_gate":"ACTIVE","dt_expected":1228,"dt_conserve_ratio":0.24,"pwm":87,"v":15.24}
ngr/loco/9950011/mm/marker {"mm":55,"landmark":"","obs":"N","peak":38,"ms":45,"drift":0,"dt":57,"timing_gate":"ACTIVE","dt_expected":1270,"dt_conserve_ratio":0.09,"pwm":86,"v":15.24}
ngr/loco/9950011/mm/marker {"mm":54,"landmark":"","obs":"N","peak":71,"ms":63,"drift":0,"dt":57,"timing_gate":"ACTIVE","dt_expected":1270,"dt_conserve_ratio":0.09,"pwm":86,"v":15.24}
ngr/loco/9950011/mm/marker {"mm":53,"landmark":"","obs":"N","peak":71,"ms":88,"drift":0,"dt":69,"timing_gate":"ACTIVE","dt_expected":1270,"dt_conserve_ratio":0.10,"pwm":86,"v":15.24}
ngr/loco/9950011/state/start_mm 53
ngr/loco/9950011/state/loopstat {"loop_max_gap_ms":33,"hall_task_max_gap_ms":2,"hall_task_age_ms":1,"baseline":1076,"raw":1098,"delta":22,"queue_drops":0,"floor_rejects":444,"queue_high_water":1,"mqtt_connect_ms":33,"mqtt_attempts":2,"pub_drops":61,"pub_queue_hw":1,"cmd_drops":0,"pub_per_s":10,"marker_pub_drops":0,"marker_pub_hw":1,"nav":"NO_QUORUM","mm":53,"miss_streak":3,"pwm":86,"lost_markers":459,"lost_ms":265614,"motor_dir":"FWD"}
ngr/loco/9950011/mm/marker {"mm":52,"landmark":"","obs":"N","peak":53,"ms":52,"drift":0,"dt":221,"timing_gate":"ACTIVE","dt_expected":1270,"dt_conserve_ratio":0.23,"pwm":86,"v":15.24}
ngr/loco/9950011/mm/marker {"mm":51,"landmark":"","obs":"N","peak":65,"ms":186,"drift":0,"dt":56,"timing_gate":"ACTIVE","dt_expected":1270,"dt_conserve_ratio":0.22,"pwm":86,"v":15.24}
ngr/loco/9950011/alert {"level":"NO_QUORUM","reason":"STATUS","loco":"9950011","uptime_ms":379865,"nav":"NO_QUORUM","moving":1,"pwm":86,"est_mm_s":5357,"dir":"CCW","session_dir":"CCW","mdir":"FWD","rear":11,"front":46,"env":52150,"lc_mm":11,"last_confirmed_landmark":"","age_ms":275863,"since":473,"dead_reckoned_mm":51,"candidate_mm":48,"viable":[2,3,4],"lostm":461,"lost_ms":266001,"agree":13,"disagree":11,"losts":1,"auto":0}
ngr/loco/9950011/mm/marker {"mm":50,"landmark":"","obs":"N","peak":75,"ms":110,"drift":1,"dt":192,"timing_gate":"ACTIVE","dt_expected":1270,"dt_conserve_ratio":0.20,"pwm":86,"v":15.24}
ngr/loco/9950011/telem/voltage 15.25
ngr/loco/9950011/telem/current 0.34
ngr/loco/9950011/telem/power 4.64
ngr/loco/9950011/mm/marker {"mm":49,"landmark":"","obs":"N","peak":45,"ms":168,"drift":0,"dt":115,"timing_gate":"ACTIVE","dt_expected":1270,"dt_conserve_ratio":0.24,"pwm":86,"v":15.25}
ngr/loco/9950011/mm/marker {"mm":48,"landmark":"","obs":"N","peak":77,"ms":209,"drift":0,"dt":215,"timing_gate":"ACTIVE","dt_expected":1270,"dt_conserve_ratio":0.26,"pwm":86,"v":15.25}
ngr/loco/9950011/mm/marker {"mm":47,"landmark":"","obs":"N","peak":46,"ms":74,"drift":0,"dt":217,"timing_gate":"ACTIVE","dt_expected":1270,"dt_conserve_ratio":0.34,"pwm":86,"v":15.25}
ngr/loco/9950011/state/start_mm 47
ngr/loco/9950011/state/loopstat {"loop_max_gap_ms":34,"hall_task_max_gap_ms":3,"hall_task_age_ms":1,"baseline":1077,"raw":1074,"delta":-3,"queue_drops":0,"floor_rejects":447,"queue_high_water":1,"mqtt_connect_ms":33,"mqtt_attempts":2,"pub_drops":61,"pub_queue_hw":3,"cmd_drops":0,"pub_per_s":11,"marker_pub_drops":0,"marker_pub_hw":1,"nav":"NO_QUORUM","mm":47,"miss_streak":3,"pwm":86,"lost_markers":465,"lost_ms":266614,"motor_dir":"FWD"}
ngr/loco/9950011/mm/marker {"mm":46,"landmark":"","obs":"N","peak":49,"ms":58,"drift":0,"dt":119,"timing_gate":"ACTIVE","dt_expected":1270,"dt_conserve_ratio":0.26,"pwm":86,"v":15.25}
ngr/loco/9950011/mm/marker {"mm":45,"landmark":"","obs":"N","peak":61,"ms":49,"drift":0,"dt":65,"timing_gate":"ACTIVE","dt_expected":1270,"dt_conserve_ratio":0.14,"pwm":86,"v":15.25}
ngr/loco/9950011/mm/marker {"mm":44,"landmark":"","obs":"N","peak":40,"ms":42,"drift":0,"dt":61,"timing_gate":"ACTIVE","dt_expected":1270,"dt_conserve_ratio":0.10,"pwm":86,"v":15.25}
ngr/loco/9950011/alert {"level":"NO_QUORUM","reason":"STATUS","loco":"9950011","uptime_ms":380865,"nav":"NO_QUORUM","moving":1,"pwm":86,"est_mm_s":4918,"dir":"CCW","session_dir":"CCW","mdir":"FWD","rear":11,"front":39,"env":52150,"lc_mm":11,"last_confirmed_landmark":"","age_ms":276863,"since":480,"dead_reckoned_mm":44,"candidate_mm":41,"viable":[2,3,4],"lostm":468,"lost_ms":267001,"agree":13,"disagree":11,"losts":1,"auto":0}
ngr/loco/9950011/mm/marker {"mm":43,"landmark":"","obs":"N","peak":62,"ms":43,"drift":0,"dt":259,"timing_gate":"ACTIVE","dt_expected":1270,"dt_conserve_ratio":0.25,"pwm":86,"v":15.25}
ngr/loco/9950011/mm/marker {"mm":42,"landmark":"","obs":"S","peak":169,"ms":168,"drift":0,"dt":370,"timing_gate":"ACTIVE","dt_expected":1270,"dt_conserve_ratio":0.50,"pwm":86,"v":15.25}
ngr/loco/9950011/state/start_mm 42
ngr/loco/9950011/state/loopstat {"loop_max_gap_ms":34,"hall_task_max_gap_ms":2,"hall_task_age_ms":1,"baseline":1077,"raw":1081,"delta":4,"queue_drops":0,"floor_rejects":452,"queue_high_water":1,"mqtt_connect_ms":33,"mqtt_attempts":2,"pub_drops":61,"pub_queue_hw":1,"cmd_drops":0,"pub_per_s":7,"marker_pub_drops":0,"marker_pub_hw":1,"nav":"NO_QUORUM","mm":42,"miss_streak":3,"pwm":86,"lost_markers":470,"lost_ms":267614,"motor_dir":"FWD"}
ngr/loco/9950011/alert {"level":"NO_QUORUM","reason":"STATUS","loco":"9950011","uptime_ms":381865,"nav":"NO_QUORUM","moving":1,"pwm":86,"est_mm_s":810,"dir":"CCW","session_dir":"CCW","mdir":"FWD","rear":11,"front":37,"env":52150,"lc_mm":11,"last_confirmed_landmark":"","age_ms":277863,"since":482,"dead_reckoned_mm":42,"candidate_mm":39,"viable":[2,3,4],"lostm":470,"lost_ms":268001,"agree":13,"disagree":11,"losts":1,"auto":0}
ngr/loco/9950011/state/nav {"event":"PHANTOM_REJECTED","state":"NO_QUORUM","mm":42,"streak":3,"scores":[5,4,5,6,7,7],"excluded":[false,false,false,false,false,false],"leader":3,"runner_up":4,"margin":0,"eval":12,"viable":[2,3,4],"dt":636,"prev_dt":370,"sum":1006,"expected":1270,"ratio":0.79}
ngr/loco/9950011/mm/marker {"mm":42,"landmark":"","obs":"N","peak":50,"ms":52,"drift":0,"dt":636,"timing_gate":"ACTIVE","dt_expected":1270,"dt_conserve_ratio":0.79,"pwm":86,"v":15.25}
ngr/loco/9950011/state/loopstat {"loop_max_gap_ms":33,"hall_task_max_gap_ms":2,"hall_task_age_ms":1,"baseline":1077,"raw":1067,"delta":-10,"queue_drops":0,"floor_rejects":460,"queue_high_water":0,"mqtt_connect_ms":33,"mqtt_attempts":2,"pub_drops":61,"pub_queue_hw":1,"cmd_drops":0,"pub_per_s":3,"marker_pub_drops":0,"marker_pub_hw":1,"nav":"NO_QUORUM","mm":42,"miss_streak":3,"pwm":86,"lost_markers":470,"lost_ms":268614,"motor_dir":"FWD"}
ngr/loco/9950011/state/nav {"event":"PHANTOM_REJECTED","state":"NO_QUORUM","mm":42,"streak":3,"scores":[5,4,5,6,7,7],"excluded":[false,false,false,false,false,false],"leader":3,"runner_up":4,"margin":0,"eval":12,"viable":[2,3,4],"dt":624,"prev_dt":370,"sum":994,"expected":1270,"ratio":0.78}
ngr/loco/9950011/mm/marker {"mm":42,"landmark":"","obs":"N","peak":174,"ms":197,"drift":0,"dt":624,"timing_gate":"ACTIVE","dt_expected":1270,"dt_conserve_ratio":0.78,"pwm":86,"v":15.25}
ngr/loco/9950011/alert {"level":"NO_QUORUM","reason":"STATUS","loco":"9950011","uptime_ms":382865,"nav":"NO_QUORUM","moving":1,"pwm":86,"est_mm_s":480,"dir":"CCW","session_dir":"CCW","mdir":"FWD","rear":11,"front":37,"env":52150,"lc_mm":11,"last_confirmed_landmark":"","age_ms":278863,"since":482,"dead_reckoned_mm":42,"candidate_mm":39,"viable":[2,3,4],"lostm":470,"lost_ms":269001,"agree":13,"disagree":11,"losts":1,"auto":0}
ngr/loco/9950011/state/loopstat {"loop_max_gap_ms":33,"hall_task_max_gap_ms":2,"hall_task_age_ms":1,"baseline":1077,"raw":1069,"delta":-8,"queue_drops":0,"floor_rejects":463,"queue_high_water":1,"mqtt_connect_ms":33,"mqtt_attempts":2,"pub_drops":61,"pub_queue_hw":1,"cmd_drops":0,"pub_per_s":3,"marker_pub_drops":0,"marker_pub_hw":1,"nav":"NO_QUORUM","mm":42,"miss_streak":3,"pwm":86,"lost_markers":470,"lost_ms":269614,"motor_dir":"FWD"}
ngr/loco/9950011/alert {"level":"NO_QUORUM","reason":"STATUS","loco":"9950011","uptime_ms":383865,"nav":"NO_QUORUM","moving":1,"pwm":86,"est_mm_s":480,"dir":"CCW","session_dir":"CCW","mdir":"FWD","rear":11,"front":37,"env":52150,"lc_mm":11,"last_confirmed_landmark":"","age_ms":279863,"since":482,"dead_reckoned_mm":42,"candidate_mm":39,"viable":[2,3,4],"lostm":470,"lost_ms":270001,"agree":13,"disagree":11,"losts":1,"auto":0}
ngr/loco/9950011/mm/marker {"mm":41,"landmark":"","obs":"S","peak":179,"ms":220,"drift":0,"dt":1303,"timing_gate":"ACTIVE","dt_expected":1270,"dt_conserve_ratio":1.32,"pwm":86,"v":15.25}
ngr/loco/9950011/state/nav {"event":"PHANTOM_REJECTED","state":"NO_QUORUM","mm":41,"streak":3,"scores":[5,4,5,6,7,7],"excluded":[false,false,false,false,false,false],"leader":3,"runner_up":4,"margin":0,"eval":12,"viable":[2,3,4],"dt":287,"prev_dt":1303,"sum":1590,"expected":1270,"ratio":1.25}
ngr/loco/9950011/mm/marker {"mm":41,"landmark":"","obs":"S","peak":38,"ms":44,"drift":0,"dt":287,"timing_gate":"ACTIVE","dt_expected":1270,"dt_conserve_ratio":1.25,"pwm":86,"v":15.25}
ngr/loco/9950011/state/nav {"event":"PHANTOM_REJECTED","state":"NO_QUORUM","mm":41,"streak":3,"scores":[5,4,5,6,7,7],"excluded":[false,false,false,false,false,false],"leader":3,"runner_up":4,"margin":0,"eval":12,"viable":[2,3,4],"dt":99,"prev_dt":1303,"sum":1402,"expected":1270,"ratio":1.10}
ngr/loco/9950011/mm/marker {"mm":41,"landmark":"","obs":"N","peak":50,"ms":55,"drift":0,"dt":99,"timing_gate":"ACTIVE","dt_expected":1270,"dt_conserve_ratio":1.10,"pwm":86,"v":15.25}
ngr/loco/9950011/state/loopstat {"loop_max_gap_ms":33,"hall_task_max_gap_ms":2,"hall_task_age_ms":1,"baseline":1077,"raw":1088,"delta":11,"queue_drops":0,"floor_rejects":468,"queue_high_water":1,"mqtt_connect_ms":33,"mqtt_attempts":2,"pub_drops":61,"pub_queue_hw":1,"cmd_drops":0,"pub_per_s":6,"marker_pub_drops":0,"marker_pub_hw":1,"nav":"NO_QUORUM","mm":41,"miss_streak":3,"pwm":86,"lost_markers":471,"lost_ms":270614,"motor_dir":"FWD"}
ngr/loco/9950011/state/start_mm 41
ngr/loco/9950011/alert {"level":"NO_QUORUM","reason":"STATUS","loco":"9950011","uptime_ms":384865,"nav":"NO_QUORUM","moving":1,"pwm":86,"est_mm_s":3030,"dir":"CCW","session_dir":"CCW","mdir":"FWD","rear":11,"front":36,"env":52150,"lc_mm":11,"last_confirmed_landmark":"","age_ms":280863,"since":483,"dead_reckoned_mm":41,"candidate_mm":38,"viable":[2,3,4],"lostm":471,"lost_ms":271001,"agree":13,"disagree":11,"losts":1,"auto":0}
ngr/loco/9950011/mm/marker {"mm":40,"landmark":"","obs":"N","peak":44,"ms":49,"drift":0,"dt":680,"timing_gate":"ACTIVE","dt_expected":1270,"dt_conserve_ratio":1.56,"pwm":86,"v":15.25}
ngr/loco/9950011/telem/voltage 15.22
ngr/loco/9950011/telem/current 0.31
ngr/loco/9950011/telem/power 4.75
ngr/loco/9950011/state/nav {"event":"PHANTOM_REJECTED","state":"NO_QUORUM","mm":40,"streak":3,"scores":[5,4,5,6,7,7],"excluded":[false,false,false,false,false,false],"leader":3,"runner_up":4,"margin":0,"eval":12,"viable":[2,3,4],"dt":271,"prev_dt":680,"sum":951,"expected":1270,"ratio":0.75}
ngr/loco/9950011/mm/marker {"mm":40,"landmark":"","obs":"N","peak":182,"ms":254,"drift":0,"dt":271,"timing_gate":"ACTIVE","dt_expected":1270,"dt_conserve_ratio":0.75,"pwm":86,"v":15.22}
ngr/loco/9950011/state/start_mm 40
ngr/loco/9950011/state/loopstat {"loop_max_gap_ms":33,"hall_task_max_gap_ms":2,"hall_task_age_ms":1,"baseline":1077,"raw":1079,"delta":2,"queue_drops":0,"floor_rejects":473,"queue_high_water":1,"mqtt_connect_ms":33,"mqtt_attempts":2,"pub_drops":61,"pub_queue_hw":3,"cmd_drops":0,"pub_per_s":9,"marker_pub_drops":0,"marker_pub_hw":1,"nav":"NO_QUORUM","mm":40,"miss_streak":3,"pwm":86,"lost_markers":472,"lost_ms":271614,"motor_dir":"FWD"}
ngr/loco/9950011/state/nav {"event":"PHANTOM_REJECTED","state":"NO_QUORUM","mm":40,"streak":3,"scores":[5,4,5,6,7,7],"excluded":[false,false,false,false,false,false],"leader":3,"runner_up":4,"margin":0,"eval":12,"viable":[2,3,4],"dt":302,"prev_dt":680,"sum":982,"expected":1270,"ratio":0.77}
ngr/loco/9950011/mm/marker {"mm":40,"landmark":"","obs":"N","peak":54,"ms":44,"drift":0,"dt":302,"timing_gate":"ACTIVE","dt_expected":1270,"dt_conserve_ratio":0.77,"pwm":86,"v":15.22}
ngr/loco/9950011/mm/marker {"mm":39,"landmark":"","obs":"N","peak":46,"ms":45,"drift":0,"dt":189,"timing_gate":"ACTIVE","dt_expected":1270,"dt_conserve_ratio":0.68,"pwm":86,"v":15.22}
ngr/loco/9950011/alert {"level":"NO_QUORUM","reason":"STATUS","loco":"9950011","uptime_ms":385865,"nav":"NO_QUORUM","moving":1,"pwm":86,"est_mm_s":1587,"dir":"CCW","session_dir":"CCW","mdir":"FWD","rear":11,"front":34,"env":52150,"lc_mm":11,"last_confirmed_landmark":"","age_ms":281863,"since":485,"dead_reckoned_mm":39,"candidate_mm":36,"viable":[2,3,4],"lostm":473,"lost_ms":272001,"agree":13,"disagree":11,"losts":1,"auto":0}
ngr/loco/9950011/state/start_mm 39
ngr/loco/9950011/state/loopstat {"loop_max_gap_ms":33,"hall_task_max_gap_ms":2,"hall_task_age_ms":1,"baseline":1078,"raw":1161,"delta":83,"queue_drops":0,"floor_rejects":481,"queue_high_water":1,"mqtt_connect_ms":33,"mqtt_attempts":2,"pub_drops":61,"pub_queue_hw":1,"cmd_drops":0,"pub_per_s":5,"marker_pub_drops":0,"marker_pub_hw":1,"nav":"NO_QUORUM","mm":39,"miss_streak":3,"pwm":86,"lost_markers":473,"lost_ms":272614,"motor_dir":"FWD"}
ngr/loco/9950011/state/nav {"event":"PHANTOM_REJECTED","state":"NO_QUORUM","mm":39,"streak":3,"scores":[5,4,5,6,7,7],"excluded":[false,false,false,false,false,false],"leader":3,"runner_up":4,"margin":0,"eval":12,"viable":[2,3,4],"dt":724,"prev_dt":189,"sum":913,"expected":1270,"ratio":0.72}
ngr/loco/9950011/mm/marker {"mm":39,"landmark":"","obs":"N","peak":211,"ms":356,"drift":0,"dt":724,"timing_gate":"ACTIVE","dt_expected":1270,"dt_conserve_ratio":0.72,"pwm":86,"v":15.22}
ngr/loco/9950011/mm/marker {"mm":38,"landmark":"","obs":"N","peak":53,"ms":65,"drift":0,"dt":357,"timing_gate":"ACTIVE","dt_expected":1270,"dt_conserve_ratio":0.43,"pwm":86,"v":15.22}
ngr/loco/9950011/alert {"level":"NO_QUORUM","reason":"STATUS","loco":"9950011","uptime_ms":386865,"nav":"NO_QUORUM","moving":1,"pwm":86,"est_mm_s":840,"dir":"CCW","session_dir":"CCW","mdir":"FWD","rear":11,"front":33,"env":52150,"lc_mm":11,"last_confirmed_landmark":"","age_ms":282863,"since":486,"dead_reckoned_mm":38,"candidate_mm":35,"viable":[2,3,4],"lostm":474,"lost_ms":273001,"agree":13,"disagree":11,"losts":1,"auto":0}
ngr/loco/9950011/mm/marker {"mm":37,"landmark":"","obs":"N","peak":51,"ms":68,"drift":0,"dt":155,"timing_gate":"ACTIVE","dt_expected":1270,"dt_conserve_ratio":0.40,"pwm":86,"v":15.22}
ngr/loco/9950011/state/loopstat {"loop_max_gap_ms":33,"hall_task_max_gap_ms":2,"hall_task_age_ms":1,"baseline":1078,"raw":1081,"delta":3,"queue_drops":0,"floor_rejects":487,"queue_high_water":1,"mqtt_connect_ms":33,"mqtt_attempts":2,"pub_drops":61,"pub_queue_hw":1,"cmd_drops":0,"pub_per_s":5,"marker_pub_drops":0,"marker_pub_hw":1,"nav":"NO_QUORUM","mm":37,"miss_streak":3,"pwm":86,"lost_markers":475,"lost_ms":273614,"motor_dir":"FWD"}
ngr/loco/9950011/state/start_mm 37
ngr/loco/9950011/mm/marker {"mm":36,"landmark":"","obs":"N","peak":56,"ms":54,"drift":0,"dt":608,"timing_gate":"ACTIVE","dt_expected":1270,"dt_conserve_ratio":0.60,"pwm":86,"v":15.22}
ngr/loco/9950011/alert {"level":"NO_QUORUM","reason":"STATUS","loco":"9950011","uptime_ms":387865,"nav":"NO_QUORUM","moving":1,"pwm":86,"est_mm_s":493,"dir":"CCW","session_dir":"CCW","mdir":"FWD","rear":11,"front":31,"env":52150,"lc_mm":11,"last_confirmed_landmark":"","age_ms":283863,"since":488,"dead_reckoned_mm":36,"candidate_mm":33,"viable":[2,3,4],"lostm":476,"lost_ms":274001,"agree":13,"disagree":11,"losts":1,"auto":0}
ngr/loco/9950011/state/nav {"event":"PHANTOM_REJECTED","state":"NO_QUORUM","mm":36,"streak":3,"scores":[5,4,5,6,7,7],"excluded":[false,false,false,false,false,false],"leader":3,"runner_up":4,"margin":0,"eval":12,"viable":[2,3,4],"dt":308,"prev_dt":608,"sum":916,"expected":1270,"ratio":0.72}
ngr/loco/9950011/mm/marker {"mm":36,"landmark":"","obs":"S","peak":190,"ms":178,"drift":0,"dt":308,"timing_gate":"ACTIVE","dt_expected":1270,"dt_conserve_ratio":0.72,"pwm":86,"v":15.22}
ngr/loco/9950011/mm/marker {"mm":35,"landmark":"","obs":"N","peak":69,"ms":52,"drift":0,"dt":186,"timing_gate":"ACTIVE","dt_expected":1270,"dt_conserve_ratio":0.63,"pwm":86,"v":15.22}
ngr/loco/9950011/mm/marker {"mm":34,"landmark":"","obs":"N","peak":52,"ms":46,"drift":0,"dt":229,"timing_gate":"ACTIVE","dt_expected":1270,"dt_conserve_ratio":0.33,"pwm":86,"v":15.22}
ngr/loco/9950011/cmd/throttle 85
ngr/loco/9950011/mm/marker {"mm":33,"landmark":"","obs":"N","peak":62,"ms":63,"drift":0,"dt":204,"timing_gate":"ACTIVE","dt_expected":1270,"dt_conserve_ratio":0.34,"pwm":86,"v":15.22}
ngr/loco/9950011/state/loopstat {"loop_max_gap_ms":33,"hall_task_max_gap_ms":2,"hall_task_age_ms":1,"baseline":1078,"raw":1097,"delta":19,"queue_drops":0,"floor_rejects":492,"queue_high_water":1,"mqtt_connect_ms":33,"mqtt_attempts":2,"pub_drops":61,"pub_queue_hw":2,"cmd_drops":0,"pub_per_s":8,"marker_pub_drops":0,"marker_pub_hw":1,"nav":"NO_QUORUM","mm":33,"miss_streak":3,"pwm":86,"lost_markers":479,"lost_ms":274614,"motor_dir":"FWD"}
ngr/loco/9950011/state/throttle 85
ngr/loco/9950011/state/start_mm 33
ngr/loco/9950011/cmd/throttle 84
ngr/loco/9950011/mm/marker {"mm":32,"landmark":"","obs":"N","peak":55,"ms":77,"drift":0,"dt":98,"timing_gate":"ACTIVE","dt_expected":1312,"dt_conserve_ratio":0.23,"pwm":86,"v":15.22}
ngr/loco/9950011/cmd/throttle 83
ngr/loco/9950011/cmd/throttle 82
ngr/loco/9950011/cmd/throttle 81
ngr/loco/9950011/cmd/throttle 80
ngr/loco/9950011/cmd/throttle 77
ngr/loco/9950011/cmd/throttle 73
ngr/loco/9950011/cmd/throttle 71
ngr/loco/9950011/mm/marker {"mm":31,"landmark":"","obs":"N","peak":63,"ms":108,"drift":0,"dt":191,"timing_gate":"ACTIVE","dt_expected":1379,"dt_conserve_ratio":0.21,"pwm":84,"v":15.22}
ngr/loco/9950011/cmd/throttle 66
ngr/loco/9950011/cmd/throttle 64
ngr/loco/9950011/cmd/throttle 61
ngr/loco/9950011/cmd/throttle 53
ngr/loco/9950011/cmd/throttle 49
ngr/loco/9950011/alert {"level":"NO_QUORUM","reason":"STATUS","loco":"9950011","uptime_ms":388865,"nav":"NO_QUORUM","moving":1,"pwm":83,"est_mm_s":1675,"dir":"CCW","session_dir":"CCW","mdir":"FWD","rear":11,"front":26,"env":52150,"lc_mm":11,"last_confirmed_landmark":"","age_ms":284863,"since":493,"dead_reckoned_mm":31,"candidate_mm":28,"viable":[2,3,4],"lostm":481,"lost_ms":275001,"agree":13,"disagree":11,"losts":1,"auto":0}
ngr/loco/9950011/cmd/throttle 38
ngr/loco/9950011/cmd/throttle 32
ngr/loco/9950011/mm/marker {"mm":30,"landmark":"","obs":"N","peak":44,"ms":102,"drift":0,"dt":180,"timing_gate":"RAMP","dt_expected":0,"dt_conserve_ratio":-1.00,"pwm":83,"v":15.22}
ngr/loco/9950011/cmd/throttle 21
ngr/loco/9950011/cmd/throttle 0
ngr/loco/9950011/mm/marker {"mm":29,"landmark":"","obs":"S","peak":199,"ms":209,"drift":0,"dt":220,"timing_gate":"RAMP","dt_expected":0,"dt_conserve_ratio":-1.00,"pwm":82,"v":15.22}
ngr/loco/9950011/state/throttle 21
ngr/loco/9950011/state/start_mm 29
ngr/loco/9950011/state/loopstat {"loop_max_gap_ms":33,"hall_task_max_gap_ms":2,"hall_task_age_ms":1,"baseline":1078,"raw":1084,"delta":6,"queue_drops":0,"floor_rejects":497,"queue_high_water":1,"mqtt_connect_ms":33,"mqtt_attempts":2,"pub_drops":61,"pub_queue_hw":3,"cmd_drops":0,"pub_per_s":9,"marker_pub_drops":0,"marker_pub_hw":1,"nav":"NO_QUORUM","mm":29,"miss_streak":3,"pwm":79,"lost_markers":483,"lost_ms":275614,"motor_dir":"FWD"}
ngr/loco/9950011/mm/marker {"mm":28,"landmark":"","obs":"N","peak":40,"ms":44,"drift":0,"dt":539,"timing_gate":"RAMP","dt_expected":0,"dt_conserve_ratio":-1.00,"pwm":78,"v":15.22}
ngr/loco/9950011/alert {"level":"NO_QUORUM","reason":"STATUS","loco":"9950011","uptime_ms":389865,"nav":"NO_QUORUM","moving":1,"pwm":76,"est_mm_s":556,"dir":"CCW","session_dir":"CCW","mdir":"FWD","rear":11,"front":23,"env":52150,"lc_mm":11,"last_confirmed_landmark":"","age_ms":285863,"since":496,"dead_reckoned_mm":28,"candidate_mm":25,"viable":[2,3,4],"lostm":484,"lost_ms":276001,"agree":13,"disagree":11,"losts":1,"auto":0}
ngr/loco/9950011/mm/marker {"mm":27,"landmark":"","obs":"S","peak":47,"ms":40,"drift":0,"dt":214,"timing_gate":"RAMP","dt_expected":0,"dt_conserve_ratio":-1.00,"pwm":77,"v":15.22}
ngr/loco/9950011/telem/voltage 15.25
ngr/loco/9950011/telem/current 0.33
ngr/loco/9950011/telem/power 5.38
ngr/loco/9950011/state/throttle 0
ngr/loco/9950011/state/start_mm 27
ngr/loco/9950011/state/loopstat {"loop_max_gap_ms":33,"hall_task_max_gap_ms":2,"hall_task_age_ms":1,"baseline":1078,"raw":1045,"delta":-33,"queue_drops":0,"floor_rejects":500,"queue_high_water":1,"mqtt_connect_ms":33,"mqtt_attempts":2,"pub_drops":61,"pub_queue_hw":3,"cmd_drops":0,"pub_per_s":8,"marker_pub_drops":0,"marker_pub_hw":1,"nav":"NO_QUORUM","mm":27,"miss_streak":3,"pwm":72,"lost_markers":485,"lost_ms":276614,"motor_dir":"FWD"}
ngr/loco/9950011/alert {"level":"NO_QUORUM","reason":"STATUS","loco":"9950011","uptime_ms":390865,"nav":"NO_QUORUM","moving":1,"pwm":70,"est_mm_s":1401,"dir":"CCW","session_dir":"CCW","mdir":"FWD","rear":11,"front":22,"env":52150,"lc_mm":11,"last_confirmed_landmark":"","age_ms":286863,"since":497,"dead_reckoned_mm":27,"candidate_mm":24,"viable":[2,3,4],"lostm":485,"lost_ms":277001,"agree":13,"disagree":11,"losts":1,"auto":0}
ngr/loco/9950011/mm/marker {"mm":26,"landmark":"","obs":"S","peak":200,"ms":937,"drift":0,"dt":107,"timing_gate":"RAMP","dt_expected":0,"dt_conserve_ratio":-1.00,"pwm":76,"v":15.25}
ngr/loco/9950011/state/start_mm 26
ngr/loco/9950011/state/loopstat {"loop_max_gap_ms":33,"hall_task_max_gap_ms":2,"hall_task_age_ms":1,"baseline":1078,"raw":1059,"delta":-19,"queue_drops":0,"floor_rejects":500,"queue_high_water":1,"mqtt_connect_ms":33,"mqtt_attempts":2,"pub_drops":61,"pub_queue_hw":1,"cmd_drops":0,"pub_per_s":3,"marker_pub_drops":0,"marker_pub_hw":1,"nav":"NO_QUORUM","mm":26,"miss_streak":3,"pwm":66,"lost_markers":486,"lost_ms":277614,"motor_dir":"FWD"}
ngr/loco/9950011/mm/marker {"mm":25,"landmark":"","obs":"S","peak":49,"ms":589,"drift":0,"dt":955,"timing_gate":"RAMP","dt_expected":0,"dt_conserve_ratio":-1.00,"pwm":70,"v":15.25}
ngr/loco/9950011/mm/marker {"mm":24,"landmark":"","obs":"S","peak":45,"ms":348,"drift":0,"dt":592,"timing_gate":"RAMP","dt_expected":0,"dt_conserve_ratio":-1.00,"pwm":66,"v":15.25}
ngr/loco/9950011/alert {"level":"NO_QUORUM","reason":"STATUS","loco":"9950011","uptime_ms":391865,"nav":"NO_QUORUM","moving":1,"pwm":63,"est_mm_s":498,"dir":"CCW","session_dir":"CCW","mdir":"FWD","rear":11,"front":19,"env":52150,"lc_mm":11,"last_confirmed_landmark":"","age_ms":287863,"since":500,"dead_reckoned_mm":24,"candidate_mm":21,"viable":[2,3,4],"lostm":488,"lost_ms":278001,"agree":13,"disagree":11,"losts":1,"auto":0}
ngr/loco/9950011/state/start_mm 24
ngr/loco/9950011/state/loopstat {"loop_max_gap_ms":33,"hall_task_max_gap_ms":3,"hall_task_age_ms":1,"baseline":1078,"raw":1051,"delta":-27,"queue_drops":0,"floor_rejects":500,"queue_high_water":0,"mqtt_connect_ms":33,"mqtt_attempts":2,"pub_drops":61,"pub_queue_hw":1,"cmd_drops":0,"pub_per_s":4,"marker_pub_drops":0,"marker_pub_hw":1,"nav":"NO_QUORUM","mm":24,"miss_streak":3,"pwm":59,"lost_markers":488,"lost_ms":278614,"motor_dir":"FWD"}
ngr/loco/9950011/mm/marker {"mm":23,"landmark":"","obs":"S","peak":44,"ms":683,"drift":0,"dt":356,"timing_gate":"RAMP","dt_expected":0,"dt_conserve_ratio":-1.00,"pwm":63,"v":15.25}
ngr/loco/9950011/mm/marker {"mm":22,"landmark":"","obs":"N","peak":172,"ms":293,"drift":1,"dt":697,"timing_gate":"RAMP","dt_expected":0,"dt_conserve_ratio":-1.00,"pwm":59,"v":15.25}
ngr/loco/9950011/alert {"level":"NO_QUORUM","reason":"STATUS","loco":"9950011","uptime_ms":392865,"nav":"NO_QUORUM","moving":1,"pwm":56,"est_mm_s":437,"dir":"CCW","session_dir":"CCW","mdir":"FWD","rear":11,"front":17,"env":52150,"lc_mm":11,"last_confirmed_landmark":"","age_ms":288863,"since":502,"dead_reckoned_mm":22,"candidate_mm":19,"viable":[2,3,4],"lostm":490,"lost_ms":279001,"agree":13,"disagree":11,"losts":1,"auto":0}
ngr/loco/9950011/mm/marker {"mm":21,"landmark":"","obs":"S","peak":45,"ms":215,"drift":0,"dt":301,"timing_gate":"RAMP","dt_expected":0,"dt_conserve_ratio":-1.00,"pwm":57,"v":15.25}
ngr/loco/9950011/state/start_mm 21
ngr/loco/9950011/state/loopstat {"loop_max_gap_ms":33,"hall_task_max_gap_ms":2,"hall_task_age_ms":1,"baseline":1079,"raw":1071,"delta":-8,"queue_drops":0,"floor_rejects":501,"queue_high_water":1,"mqtt_connect_ms":33,"mqtt_attempts":2,"pub_drops":61,"pub_queue_hw":1,"cmd_drops":0,"pub_per_s":5,"marker_pub_drops":0,"marker_pub_hw":1,"nav":"NO_QUORUM","mm":21,"miss_streak":3,"pwm":52,"lost_markers":491,"lost_ms":279614,"motor_dir":"FWD"}
ngr/loco/9950011/alert {"level":"NO_QUORUM","reason":"STATUS","loco":"9950011","uptime_ms":393865,"nav":"NO_QUORUM","moving":1,"pwm":50,"est_mm_s":1046,"dir":"CCW","session_dir":"CCW","mdir":"FWD","rear":11,"front":16,"env":52150,"lc_mm":11,"last_confirmed_landmark":"","age_ms":289863,"since":503,"dead_reckoned_mm":21,"candidate_mm":18,"viable":[2,3,4],"lostm":491,"lost_ms":280001,"agree":13,"disagree":11,"losts":1,"auto":0}
ngr/loco/9950011/state/loopstat {"loop_max_gap_ms":34,"hall_task_max_gap_ms":3,"hall_task_age_ms":1,"baseline":1079,"raw":1087,"delta":8,"queue_drops":0,"floor_rejects":503,"queue_high_water":0,"mqtt_connect_ms":33,"mqtt_attempts":2,"pub_drops":61,"pub_queue_hw":1,"cmd_drops":0,"pub_per_s":1,"marker_pub_drops":0,"marker_pub_hw":0,"nav":"NO_QUORUM","mm":21,"miss_streak":3,"pwm":46,"lost_markers":491,"lost_ms":280614,"motor_dir":"FWD"}
ngr/loco/9950011/alert {"level":"NO_QUORUM","reason":"STATUS","loco":"9950011","uptime_ms":394865,"nav":"NO_QUORUM","moving":1,"pwm":43,"est_mm_s":1046,"dir":"CCW","session_dir":"CCW","mdir":"FWD","rear":11,"front":16,"env":52150,"lc_mm":11,"last_confirmed_landmark":"","age_ms":290863,"since":503,"dead_reckoned_mm":21,"candidate_mm":18,"viable":[2,3,4],"lostm":491,"lost_ms":281001,"agree":13,"disagree":11,"losts":1,"auto":0}
ngr/loco/9950011/telem/voltage 15.26
ngr/loco/9950011/telem/current 0.23
ngr/loco/9950011/telem/power 3.56
ngr/loco/9950011/mm/marker {"mm":20,"landmark":"","obs":"N","peak":72,"ms":768,"drift":0,"dt":1840,"timing_gate":"RAMP","dt_expected":0,"dt_conserve_ratio":-1.00,"pwm":44,"v":15.26}
ngr/loco/9950011/state/loopstat {"loop_max_gap_ms":33,"hall_task_max_gap_ms":2,"hall_task_age_ms":1,"baseline":1079,"raw":1093,"delta":14,"queue_drops":0,"floor_rejects":504,"queue_high_water":0,"mqtt_connect_ms":33,"mqtt_attempts":2,"pub_drops":61,"pub_queue_hw":3,"cmd_drops":0,"pub_per_s":5,"marker_pub_drops":0,"marker_pub_hw":1,"nav":"NO_QUORUM","mm":20,"miss_streak":3,"pwm":39,"lost_markers":492,"lost_ms":281614,"motor_dir":"FWD"}
ngr/loco/9950011/state/start_mm 20
ngr/loco/9950011/mm/marker {"mm":19,"landmark":"","obs":"N","peak":48,"ms":53,"drift":0,"dt":774,"timing_gate":"LOW_PWM","dt_expected":0,"dt_conserve_ratio":-1.00,"pwm":39,"v":15.26}
ngr/loco/9950011/alert {"level":"NO_QUORUM","reason":"STATUS","loco":"9950011","uptime_ms":395865,"nav":"NO_QUORUM","moving":1,"pwm":36,"est_mm_s":413,"dir":"CCW","session_dir":"CCW","mdir":"FWD","rear":11,"front":14,"env":52150,"lc_mm":11,"last_confirmed_landmark":"","age_ms":291863,"since":505,"dead_reckoned_mm":19,"candidate_mm":16,"viable":[2,3,4],"lostm":493,"lost_ms":282001,"agree":13,"disagree":11,"losts":1,"auto":0}
ngr/loco/9950011/mm/marker {"mm":18,"landmark":"","obs":"S","peak":151,"ms":527,"drift":0,"dt":128,"timing_gate":"LOW_PWM","dt_expected":0,"dt_conserve_ratio":-1.00,"pwm":38,"v":15.26}
ngr/loco/9950011/state/start_mm 18
ngr/loco/9950011/state/loopstat {"loop_max_gap_ms":33,"hall_task_max_gap_ms":2,"hall_task_age_ms":1,"baseline":1079,"raw":1132,"delta":53,"queue_drops":0,"floor_rejects":505,"queue_high_water":0,"mqtt_connect_ms":33,"mqtt_attempts":2,"pub_drops":61,"pub_queue_hw":2,"cmd_drops":0,"pub_per_s":5,"marker_pub_drops":0,"marker_pub_hw":1,"nav":"NO_QUORUM","mm":18,"miss_streak":3,"pwm":32,"lost_markers":494,"lost_ms":282614,"motor_dir":"FWD"}
ngr/loco/9950011/alert {"level":"NO_QUORUM","reason":"STATUS","loco":"9950011","uptime_ms":396865,"nav":"NO_QUORUM","moving":1,"pwm":30,"est_mm_s":2343,"dir":"CCW","session_dir":"CCW","mdir":"FWD","rear":11,"front":13,"env":52150,"lc_mm":11,"last_confirmed_landmark":"","age_ms":292863,"since":506,"dead_reckoned_mm":18,"candidate_mm":15,"viable":[2,3,4],"lostm":494,"lost_ms":283001,"agree":13,"disagree":11,"losts":1,"auto":0}
ngr/loco/9950011/mm/marker {"mm":17,"landmark":"","obs":"N","peak":118,"ms":816,"drift":1,"dt":641,"timing_gate":"LOW_PWM","dt_expected":0,"dt_conserve_ratio":-1.00,"pwm":34,"v":15.26}
ngr/loco/9950011/state/loopstat {"loop_max_gap_ms":34,"hall_task_max_gap_ms":2,"hall_task_age_ms":1,"baseline":1080,"raw":1070,"delta":-10,"queue_drops":0,"floor_rejects":507,"queue_high_water":1,"mqtt_connect_ms":33,"mqtt_attempts":2,"pub_drops":61,"pub_queue_hw":1,"cmd_drops":0,"pub_per_s":2,"marker_pub_drops":0,"marker_pub_hw":1,"nav":"NO_QUORUM","mm":17,"miss_streak":3,"pwm":26,"lost_markers":495,"lost_ms":283614,"motor_dir":"FWD"}
ngr/loco/9950011/state/start_mm 17
ngr/loco/9950011/alert {"level":"NO_QUORUM","reason":"STATUS","loco":"9950011","uptime_ms":397865,"nav":"NO_QUORUM","moving":1,"pwm":23,"est_mm_s":468,"dir":"CCW","session_dir":"CCW","mdir":"FWD","rear":11,"front":12,"env":52150,"lc_mm":11,"last_confirmed_landmark":"","age_ms":293863,"since":507,"dead_reckoned_mm":17,"candidate_mm":14,"viable":[2,3,4],"lostm":495,"lost_ms":284001,"agree":13,"disagree":11,"losts":1,"auto":0}
ngr/loco/9950011/state/loopstat {"loop_max_gap_ms":33,"hall_task_max_gap_ms":2,"hall_task_age_ms":1,"baseline":1080,"raw":1066,"delta":-14,"queue_drops":0,"floor_rejects":509,"queue_high_water":0,"mqtt_connect_ms":33,"mqtt_attempts":2,"pub_drops":61,"pub_queue_hw":2,"cmd_drops":0,"pub_per_s":2,"marker_pub_drops":0,"marker_pub_hw":0,"nav":"NO_QUORUM","mm":17,"miss_streak":3,"pwm":19,"lost_markers":495,"lost_ms":284614,"motor_dir":"FWD"}
ngr/loco/9950011/alert {"level":"NO_QUORUM","reason":"STATUS","loco":"9950011","uptime_ms":398865,"nav":"NO_QUORUM","moving":1,"pwm":16,"est_mm_s":468,"dir":"CCW","session_dir":"CCW","mdir":"FWD","rear":11,"front":12,"env":52150,"lc_mm":11,"last_confirmed_landmark":"","age_ms":294863,"since":507,"dead_reckoned_mm":17,"candidate_mm":14,"viable":[2,3,4],"lostm":495,"lost_ms":285001,"agree":13,"disagree":11,"losts":1,"auto":0}
ngr/loco/9950011/state/loopstat {"loop_max_gap_ms":33,"hall_task_max_gap_ms":2,"hall_task_age_ms":1,"baseline":1080,"raw":1100,"delta":20,"queue_drops":0,"floor_rejects":510,"queue_high_water":0,"mqtt_connect_ms":33,"mqtt_attempts":2,"pub_drops":61,"pub_queue_hw":1,"cmd_drops":0,"pub_per_s":1,"marker_pub_drops":0,"marker_pub_hw":0,"nav":"NO_QUORUM","mm":17,"miss_streak":3,"pwm":12,"lost_markers":495,"lost_ms":285614,"motor_dir":"FWD"}
ngr/loco/9950011/mm/marker {"mm":16,"landmark":"","obs":"N","peak":56,"ms":170,"drift":0,"dt":3111,"timing_gate":"LOW_PWM","dt_expected":0,"dt_conserve_ratio":-1.00,"pwm":13,"v":15.26}
ngr/loco/9950011/mm/marker {"mm":15,"landmark":"Patio","obs":"N","peak":46,"ms":63,"drift":0,"dt":325,"timing_gate":"LOW_PWM","dt_expected":0,"dt_conserve_ratio":-1.00,"pwm":11,"v":15.26}
ngr/loco/9950011/alert {"level":"NO_QUORUM","reason":"STATUS","loco":"9950011","uptime_ms":399865,"nav":"NO_QUORUM","moving":1,"pwm":10,"est_mm_s":1000,"dir":"CCW","session_dir":"CCW","mdir":"FWD","rear":11,"front":10,"env":52150,"lc_mm":11,"last_confirmed_landmark":"","age_ms":295863,"since":509,"dead_reckoned_mm":15,"candidate_mm":12,"viable":[2,3,4],"lostm":497,"lost_ms":286001,"agree":13,"disagree":11,"losts":1,"auto":0}
ngr/loco/9950011/telem/voltage 15.25
ngr/loco/9950011/telem/current 0.17
ngr/loco/9950011/telem/power 2.65
ngr/loco/9950011/state/loopstat {"loop_max_gap_ms":33,"hall_task_max_gap_ms":3,"hall_task_age_ms":1,"baseline":1083,"raw":1090,"delta":7,"queue_drops":0,"floor_rejects":513,"queue_high_water":1,"mqtt_connect_ms":33,"mqtt_attempts":2,"pub_drops":61,"pub_queue_hw":3,"cmd_drops":0,"pub_per_s":6,"marker_pub_drops":0,"marker_pub_hw":1,"nav":"NO_QUORUM","mm":15,"miss_streak":3,"pwm":6,"lost_markers":497,"lost_ms":286614,"motor_dir":"FWD"}
ngr/loco/9950011/state/start_mm 15
ngr/loco/9950011/alert {"level":"NO_QUORUM","reason":"STATUS","loco":"9950011","uptime_ms":400865,"nav":"NO_QUORUM","moving":1,"pwm":3,"est_mm_s":1000,"dir":"CCW","session_dir":"CCW","mdir":"FWD","rear":11,"front":10,"env":52150,"lc_mm":11,"last_confirmed_landmark":"","age_ms":296863,"since":509,"dead_reckoned_mm":15,"candidate_mm":12,"viable":[2,3,4],"lostm":497,"lost_ms":287001,"agree":13,"disagree":11,"losts":1,"auto":0}
ngr/loco/9950011/state/loopstat {"loop_max_gap_ms":33,"hall_task_max_gap_ms":2,"hall_task_age_ms":1,"baseline":1083,"raw":1080,"delta":-3,"queue_drops":0,"floor_rejects":513,"queue_high_water":0,"mqtt_connect_ms":33,"mqtt_attempts":2,"pub_drops":61,"pub_queue_hw":2,"cmd_drops":0,"pub_per_s":2,"marker_pub_drops":0,"marker_pub_hw":0,"nav":"NO_QUORUM","mm":15,"miss_streak":3,"pwm":0,"lost_markers":497,"lost_ms":287614,"motor_dir":"FWD"}
ngr/loco/9950011/alert {"level":"NO_QUORUM","reason":"STATUS","loco":"9950011","uptime_ms":401865,"nav":"NO_QUORUM","moving":0,"pwm":0,"est_mm_s":1000,"dir":"CCW","session_dir":"CCW","mdir":"FWD","rear":11,"front":10,"env":52150,"lc_mm":11,"last_confirmed_landmark":"","age_ms":297863,"since":509,"dead_reckoned_mm":15,"candidate_mm":12,"viable":[2,3,4],"lostm":497,"lost_ms":288001,"agree":13,"disagree":11,"losts":1,"auto":0}
ngr/loco/9950011/state/loopstat {"loop_max_gap_ms":33,"hall_task_max_gap_ms":2,"hall_task_age_ms":1,"baseline":1083,"raw":1071,"delta":-12,"queue_drops":0,"floor_rejects":513,"queue_high_water":0,"mqtt_connect_ms":33,"mqtt_attempts":2,"pub_drops":61,"pub_queue_hw":1,"cmd_drops":0,"pub_per_s":1,"marker_pub_drops":0,"marker_pub_hw":0,"nav":"NO_QUORUM","mm":15,"miss_streak":3,"pwm":0,"lost_markers":497,"lost_ms":288614,"motor_dir":"FWD"}
ngr/loco/9950011/mm/marker {"mm":14,"landmark":"","obs":"S","peak":55,"ms":112,"drift":0,"dt":2845,"timing_gate":"LOW_PWM","dt_expected":0,"dt_conserve_ratio":-1.00,"pwm":0,"v":15.25}
ngr/loco/9950011/alert {"level":"NO_QUORUM","reason":"STATUS","loco":"9950011","uptime_ms":402865,"nav":"NO_QUORUM","moving":0,"pwm":0,"est_mm_s":110,"dir":"CCW","session_dir":"CCW","mdir":"FWD","rear":11,"front":9,"env":52150,"lc_mm":11,"last_confirmed_landmark":"","age_ms":298863,"since":510,"dead_reckoned_mm":14,"candidate_mm":11,"viable":[2,3,4],"lostm":498,"lost_ms":289001,"agree":13,"disagree":11,"losts":1,"auto":0}
ngr/loco/9950011/state/loopstat {"loop_max_gap_ms":33,"hall_task_max_gap_ms":2,"hall_task_age_ms":1,"baseline":1083,"raw":1076,"delta":-7,"queue_drops":0,"floor_rejects":514,"queue_high_water":1,"mqtt_connect_ms":33,"mqtt_attempts":2,"pub_drops":61,"pub_queue_hw":1,"cmd_drops":0,"pub_per_s":2,"marker_pub_drops":0,"marker_pub_hw":1,"nav":"NO_QUORUM","mm":14,"miss_streak":3,"pwm":0,"lost_markers":498,"lost_ms":289614,"motor_dir":"FWD"}
ngr/loco/9950011/state/start_mm 14
ngr/loco/9950011/alert {"level":"NO_QUORUM","reason":"STATUS","loco":"9950011","uptime_ms":403865,"nav":"NO_QUORUM","moving":0,"pwm":0,"est_mm_s":110,"dir":"CCW","session_dir":"CCW","mdir":"FWD","rear":11,"front":9,"env":52150,"lc_mm":11,"last_confirmed_landmark":"","age_ms":299863,"since":510,"dead_reckoned_mm":14,"candidate_mm":11,"viable":[2,3,4],"lostm":498,"lost_ms":290001,"agree":13,"disagree":11,"losts":1,"auto":0}
ngr/loco/9950011/state/loopstat {"loop_max_gap_ms":34,"hall_task_max_gap_ms":3,"hall_task_age_ms":1,"baseline":1083,"raw":1079,"delta":-4,"queue_drops":0,"floor_rejects":515,"queue_high_water":0,"mqtt_connect_ms":33,"mqtt_attempts":2,"pub_drops":61,"pub_queue_hw":2,"cmd_drops":0,"pub_per_s":2,"marker_pub_drops":0,"marker_pub_hw":0,"nav":"NO_QUORUM","mm":14,"miss_streak":3,"pwm":0,"lost_markers":498,"lost_ms":290614,"motor_dir":"FWD"}
ngr/loco/9950011/alert {"level":"NO_QUORUM","reason":"STATUS","loco":"9950011","uptime_ms":404865,"nav":"NO_QUORUM","moving":0,"pwm":0,"est_mm_s":110,"dir":"CCW","session_dir":"CCW","mdir":"FWD","rear":11,"front":9,"env":52150,"lc_mm":11,"last_confirmed_landmark":"","age_ms":300863,"since":510,"dead_reckoned_mm":14,"candidate_mm":11,"viable":[2,3,4],"lostm":498,"lost_ms":291001,"agree":13,"disagree":11,"losts":1,"auto":0}
ngr/loco/9950011/telem/voltage 15.28
ngr/loco/9950011/telem/current 0.18
ngr/loco/9950011/telem/power 2.80
ngr/loco/9950011/state/loopstat {"loop_max_gap_ms":33,"hall_task_max_gap_ms":2,"hall_task_age_ms":1,"baseline":1083,"raw":1090,"delta":7,"queue_drops":0,"floor_rejects":515,"queue_high_water":0,"mqtt_connect_ms":33,"mqtt_attempts":2,"pub_drops":61,"pub_queue_hw":3,"cmd_drops":0,"pub_per_s":4,"marker_pub_drops":0,"marker_pub_hw":0,"nav":"NO_QUORUM","mm":14,"miss_streak":3,"pwm":0,"lost_markers":498,"lost_ms":291614,"motor_dir":"FWD"}
ngr/loco/9950011/alert {"level":"NO_QUORUM","reason":"STATUS","loco":"9950011","uptime_ms":405865,"nav":"NO_QUORUM","moving":0,"pwm":0,"est_mm_s":110,"dir":"CCW","session_dir":"CCW","mdir":"FWD","rear":11,"front":9,"env":52150,"lc_mm":11,"last_confirmed_landmark":"","age_ms":301863,"since":510,"dead_reckoned_mm":14,"candidate_mm":11,"viable":[2,3,4],"lostm":498,"lost_ms":292001,"agree":13,"disagree":11,"losts":1,"auto":0}
ngr/loco/9950011/state/loopstat {"loop_max_gap_ms":33,"hall_task_max_gap_ms":2,"hall_task_age_ms":1,"baseline":1083,"raw":1079,"delta":-4,"queue_drops":0,"floor_rejects":516,"queue_high_water":0,"mqtt_connect_ms":33,"mqtt_attempts":2,"pub_drops":61,"pub_queue_hw":1,"cmd_drops":0,"pub_per_s":1,"marker_pub_drops":0,"marker_pub_hw":0,"nav":"NO_QUORUM","mm":14,"miss_streak":3,"pwm":0,"lost_markers":498,"lost_ms":292614,"motor_dir":"FWD"}
ngr/loco/9950011/alert {"level":"NO_QUORUM","reason":"STATUS","loco":"9950011","uptime_ms":406865,"nav":"NO_QUORUM","moving":0,"pwm":0,"est_mm_s":110,"dir":"CCW","session_dir":"CCW","mdir":"FWD","rear":11,"front":9,"env":52150,"lc_mm":11,"last_confirmed_landmark":"","age_ms":302863,"since":510,"dead_reckoned_mm":14,"candidate_mm":11,"viable":[2,3,4],"lostm":498,"lost_ms":293001,"agree":13,"disagree":11,"losts":1,"auto":0}
ngr/loco/9950011/state/loopstat {"loop_max_gap_ms":33,"hall_task_max_gap_ms":1,"hall_task_age_ms":1,"baseline":1084,"raw":1080,"delta":-4,"queue_drops":0,"floor_rejects":517,"queue_high_water":0,"mqtt_connect_ms":33,"mqtt_attempts":2,"pub_drops":61,"pub_queue_hw":1,"cmd_drops":0,"pub_per_s":1,"marker_pub_drops":0,"marker_pub_hw":0,"nav":"NO_QUORUM","mm":14,"miss_streak":3,"pwm":0,"lost_markers":498,"lost_ms":293614,"motor_dir":"FWD"}
ngr/loco/9950011/alert {"level":"NO_QUORUM","reason":"STATUS","loco":"9950011","uptime_ms":407865,"nav":"NO_QUORUM","moving":0,"pwm":0,"est_mm_s":110,"dir":"CCW","session_dir":"CCW","mdir":"FWD","rear":11,"front":9,"env":52150,"lc_mm":11,"last_confirmed_landmark":"","age_ms":303863,"since":510,"dead_reckoned_mm":14,"candidate_mm":11,"viable":[2,3,4],"lostm":498,"lost_ms":294001,"agree":13,"disagree":11,"losts":1,"auto":0}
ngr/loco/9950011/state/loopstat {"loop_max_gap_ms":33,"hall_task_max_gap_ms":1,"hall_task_age_ms":1,"baseline":1084,"raw":1078,"delta":-6,"queue_drops":0,"floor_rejects":517,"queue_high_water":0,"mqtt_connect_ms":33,"mqtt_attempts":2,"pub_drops":61,"pub_queue_hw":1,"cmd_drops":0,"pub_per_s":1,"marker_pub_drops":0,"marker_pub_hw":0,"nav":"NO_QUORUM","mm":14,"miss_streak":3,"pwm":0,"lost_markers":498,"lost_ms":294614,"motor_dir":"FWD"}
ngr/loco/9950011/online 0
Timed out
