source_session,sample_seq,t_ms,t_us,dt_us,raw,baseline,pwm_actual,pwm_commanded,direction,flags,nav_mm,nav_direction,station_phase,gap_before
C3B93D0B,1116929,1117307.399,1117307399,999,1936,1935,66,60,FWD,13,57,1,APPROACH,0
C3B93D0B,1116930,1117308.400,1117308400,1001,1937,1935,66,60,FWD,13,57,1,APPROACH,0
C3B93D0B,1116931,1117309.399,1117309399,999,1936,1935,66,60,FWD,13,57,1,APPROACH,0
C3B93D0B,1116932,1117310.400,1117310400,1001,1936,1935,66,60,FWD,13,57,1,APPROACH,0
C3B93D0B,1116933,1117311.399,1117311399,999,1937,1935,66,60,FWD,13,57,1,APPROACH,0
C3B93D0B,1116934,1117312.400,1117312400,1001,1936,1935,66,60,FWD,13,57,1,APPROACH,0
C3B93D0B,1116935,1117313.399,1117313399,999,1938,1935,66,60,FWD,13,57,1,APPROACH,0
C3B93D0B,1116936,1117314.401,1117314401,1002,1936,1935,66,60,FWD,13,57,1,APPROACH,0
C3B93D0B,1116937,1117315.399,1117315399,998,1938,1935,66,60,FWD,13,57,1,APPROACH,0
C3B93D0B,1116938,1117316.400,1117316400,1001,1936,1935,66,60,FWD,13,57,1,APPROACH,0
C3B93D0B,1116939,1117317.399,1117317399,999,1936,1935,66,60,FWD,13,57,1,APPROACH,0
C3B93D0B,1116940,1117318.400,1117318400,1001,1936,1935,66,60,FWD,13,57,1,APPROACH,0
C3B93D0B,1116941,1117319.399,1117319399,999,1936,1935,66,60,FWD,13,57,1,APPROACH,0
C3B93D0B,1116942,1117320.400,1117320400,1001,1936,1935,66,60,FWD,13,57,1,APPROACH,0
C3B93D0B,1116943,1117321.399,1117321399,999,1936,1935,66,60,FWD,13,57,1,APPROACH,0
C3B93D0B,1116944,1117322.400,1117322400,1001,1936,1935,66,60,FWD,13,57,1,APPROACH,0
C3B93D0B,1116945,1117323.399,1117323399,999,1936,1935,66,60,FWD,13,57,1,APPROACH,0
C3B93D0B,1116946,1117324.401,1117324401,1002,1936,1935,66,60,FWD,13,57,1,APPROACH,0
C3B93D0B,1116947,1117325.399,1117325399,998,1936,1935,66,60,FWD,13,57,1,APPROACH,0
C3B93D0B,1116948,1117326.400,1117326400,1001,1936,1935,66,60,FWD,13,57,1,APPROACH,0
C3B93D0B,1116949,1117327.399,1117327399,999,1936,1935,66,60,FWD,13,57,1,APPROACH,0
C3B93D0B,1116950,1117328.400,1117328400,1001,1936,1935,66,60,FWD,13,57,1,APPROACH,0
C3B93D0B,1116951,1117329.399,1117329399,999,1936,1935,66,60,FWD,13,57,1,APPROACH,0
C3B93D0B,1116952,1117330.400,1117330400,1001,1936,1935,66,60,FWD,13,57,1,APPROACH,0
C3B93D0B,1116953,1117331.399,1117331399,999,1936,1935,66,60,FWD,13,57,1,APPROACH,0
C3B93D0B,1116954,1117332.400,1117332400,1001,1936,1935,66,60,FWD,13,57,1,APPROACH,0
C3B93D0B,1116955,1117333.399,1117333399,999,1936,1935,66,60,FWD,13,57,1,APPROACH,0
C3B93D0B,1116956,1117334.401,1117334401,1002,1936,1935,66,60,FWD,13,57,1,APPROACH,0
C3B93D0B,1116957,1117335.738,1117335738,1337,1936,1935,66,60,FWD,45,57,1,APPROACH,0
C3B93D0B,1116958,1117336.400,1117336400,662,1936,1935,66,60,FWD,13,57,1,APPROACH,0
C3B93D0B,1116959,1117337.659,1117337659,1259,1936,1935,66,60,FWD,45,57,1,APPROACH,0
C3B93D0B,1116960,1117338.807,1117338807,1148,1936,1935,66,60,FWD,13,57,1,APPROACH,0
C3B93D0B,1116961,1117339.399,1117339399,592,1936,1935,66,60,FWD,13,57,1,APPROACH,0
C3B93D0B,1116962,1117340.400,1117340400,1001,1936,1935,66,60,FWD,13,57,1,APPROACH,0
C3B93D0B,1116963,1117341.399,1117341399,999,1936,1935,66,60,FWD,13,57,1,APPROACH,0
C3B93D0B,1116964,1117342.515,1117342515,1116,1936,1935,66,60,FWD,13,57,1,APPROACH,0
C3B93D0B,1116965,1117343.399,1117343399,884,1936,1935,66,60,FWD,13,57,1,APPROACH,0
C3B93D0B,1116966,1117344.403,1117344403,1004,1947,1935,66,60,FWD,13,57,1,APPROACH,0
C3B93D0B,1116967,1117345.399,1117345399,996,1949,1935,66,60,FWD,13,57,1,APPROACH,0
C3B93D0B,1116968,1117346.400,1117346400,1001,1949,1935,66,60,FWD,13,57,1,APPROACH,0
C3B93D0B,1116969,1117347.399,1117347399,999,1947,1935,66,60,FWD,13,57,1,APPROACH,0
C3B93D0B,1116970,1117348.400,1117348400,1001,1946,1935,66,60,FWD,13,57,1,APPROACH,0
C3B93D0B,1116971,1117349.399,1117349399,999,1947,1935,66,60,FWD,13,57,1,APPROACH,0
C3B93D0B,1116972,1117350.400,1117350400,1001,1944,1935,66,60,FWD,13,57,1,APPROACH,0
C3B93D0B,1116973,1117351.399,1117351399,999,1945,1935,66,60,FWD,13,57,1,APPROACH,0
C3B93D0B,1116974,1117352.400,1117352400,1001,1948,1935,66,60,FWD,13,57,1,APPROACH,0
C3B93D0B,1116975,1117353.399,1117353399,999,1947,1935,66,60,FWD,13,57,1,APPROACH,0
C3B93D0B,1116976,1117354.401,1117354401,1002,1946,1935,66,60,FWD,13,57,1,APPROACH,0
C3B93D0B,1116977,1117355.399,1117355399,998,1946,1935,66,60,FWD,13,57,1,APPROACH,0
C3B93D0B,1116978,1117356.400,1117356400,1001,1943,1935,66,60,FWD,13,57,1,APPROACH,0
C3B93D0B,1116979,1117357.399,1117357399,999,1946,1935,66,60,FWD,13,57,1,APPROACH,0
C3B93D0B,1116980,1117358.400,1117358400,1001,1945,1935,66,60,FWD,13,57,1,APPROACH,0
C3B93D0B,1116981,1117359.399,1117359399,999,1944,1935,66,60,FWD,13,57,1,APPROACH,0
C3B93D0B,1116982,1117360.400,1117360400,1001,1943,1935,66,60,FWD,13,57,1,APPROACH,0
C3B93D0B,1116983,1117361.399,1117361399,999,1943,1935,66,60,FWD,13,57,1,APPROACH,0
C3B93D0B,1116984,1117362.400,1117362400,1001,1946,1935,66,60,FWD,13,57,1,APPROACH,0
C3B93D0B,1116985,1117363.399,1117363399,999,1946,1935,66,60,FWD,13,57,1,APPROACH,0
C3B93D0B,1116986,1117364.401,1117364401,1002,1946,1935,66,60,FWD,13,57,1,APPROACH,0
C3B93D0B,1116987,1117365.399,1117365399,998,1943,1935,66,60,FWD,13,57,1,APPROACH,0
C3B93D0B,1116988,1117366.400,1117366400,1001,1943,1935,66,60,FWD,13,57,1,APPROACH,0
C3B93D0B,1116989,1117367.399,1117367399,999,1946,1935,66,60,FWD,13,57,1,APPROACH,0
C3B93D0B,1116990,1117368.400,1117368400,1001,1943,1935,66,60,FWD,13,57,1,APPROACH,0
C3B93D0B,1116991,1117369.399,1117369399,999,1945,1935,66,60,FWD,13,57,1,APPROACH,0
C3B93D0B,1116992,1117370.400,1117370400,1001,1943,1935,66,60,FWD,13,57,1,APPROACH,0
C3B93D0B,1116993,1117371.399,1117371399,999,1946,1935,66,60,FWD,13,57,1,APPROACH,0
C3B93D0B,1116994,1117372.400,1117372400,1001,1942,1935,66,60,FWD,13,57,1,APPROACH,0
C3B93D0B,1116995,1117373.399,1117373399,999,1945,1935,66,60,FWD,13,57,1,APPROACH,0
C3B93D0B,1116996,1117374.401,1117374401,1002,1943,1935,66,60,FWD,13,57,1,APPROACH,0
C3B93D0B,1116997,1117375.400,1117375400,999,1945,1935,66,60,FWD,13,57,1,APPROACH,0
C3B93D0B,1116998,1117376.400,1117376400,1000,1943,1935,66,60,FWD,13,57,1,APPROACH,0
C3B93D0B,1116999,1117377.399,1117377399,999,1943,1935,66,60,FWD,13,57,1,APPROACH,0
C3B93D0B,1117000,1117378.513,1117378513,1114,1943,1935,66,60,FWD,13,57,1,APPROACH,0
C3B93D0B,1117001,1117379.607,1117379607,1094,1943,1935,66,60,FWD,13,57,1,APPROACH,0
C3B93D0B,1117002,1117380.400,1117380400,793,1943,1935,66,60,FWD,13,57,1,APPROACH,0
C3B93D0B,1117003,1117381.399,1117381399,999,1943,1935,66,60,FWD,13,57,1,APPROACH,0
C3B93D0B,1117004,1117382.400,1117382400,1001,1943,1935,66,60,FWD,13,57,1,APPROACH,0
C3B93D0B,1117005,1117383.399,1117383399,999,1945,1935,66,60,FWD,13,57,1,APPROACH,0
C3B93D0B,1117006,1117384.401,1117384401,1002,1944,1935,66,60,FWD,13,57,1,APPROACH,0
C3B93D0B,1117007,1117386.259,1117386259,1858,1929,1935,66,60,FWD,45,57,1,APPROACH,0
C3B93D0B,1117008,1117386.886,1117386886,627,1933,1935,66,60,FWD,13,57,1,APPROACH,0
C3B93D0B,1117009,1117387.400,1117387400,514,1933,1935,66,60,FWD,13,57,1,APPROACH,0
C3B93D0B,1117010,1117388.399,1117388399,999,1933,1935,66,60,FWD,13,57,1,APPROACH,0
C3B93D0B,1117011,1117389.400,1117389400,1001,1935,1935,66,60,FWD,13,57,1,APPROACH,0
C3B93D0B,1117012,1117390.399,1117390399,999,1936,1935,66,60,FWD,13,57,1,APPROACH,0
C3B93D0B,1117013,1117391.400,1117391400,1001,1936,1935,66,60,FWD,13,57,1,APPROACH,0
C3B93D0B,1117014,1117392.399,1117392399,999,1936,1935,66,60,FWD,13,57,1,APPROACH,0
C3B93D0B,1117015,1117393.400,1117393400,1001,1936,1935,66,60,FWD,13,57,1,APPROACH,0
C3B93D0B,1117016,1117394.400,1117394400,1000,1935,1935,66,60,FWD,13,57,1,APPROACH,0
C3B93D0B,1117017,1117395.400,1117395400,1000,1935,1935,66,60,FWD,13,57,1,APPROACH,0
C3B93D0B,1117018,1117396.399,1117396399,999,1936,1935,66,60,FWD,13,57,1,APPROACH,0
C3B93D0B,1117019,1117397.400,1117397400,1001,1935,1935,66,60,FWD,13,57,1,APPROACH,0
C3B93D0B,1117020,1117398.399,1117398399,999,1936,1935,66,60,FWD,13,57,1,APPROACH,0
C3B93D0B,1117021,1117399.400,1117399400,1001,1934,1935,66,60,FWD,13,57,1,APPROACH,0
C3B93D0B,1117022,1117400.399,1117400399,999,1936,1935,66,60,FWD,13,57,1,APPROACH,0
C3B93D0B,1117023,1117401.400,1117401400,1001,1935,1935,66,60,FWD,13,57,1,APPROACH,0
C3B93D0B,1117024,1117402.399,1117402399,999,1935,1935,66,60,FWD,13,57,1,APPROACH,0
C3B93D0B,1117025,1117403.400,1117403400,1001,1936,1935,66,60,FWD,13,57,1,APPROACH,0
C3B93D0B,1117026,1117404.400,1117404400,1000,1935,1935,66,60,FWD,13,57,1,APPROACH,0
C3B93D0B,1117027,1117405.400,1117405400,1000,1935,1935,66,60,FWD,13,57,1,APPROACH,0
C3B93D0B,1117028,1117406.399,1117406399,999,1933,1935,66,60,FWD,13,57,1,APPROACH,0
C3B93D0B,1117029,1117407.400,1117407400,1001,1936,1935,66,60,FWD,13,57,1,APPROACH,0
C3B93D0B,1117030,1117408.399,1117408399,999,1936,1935,66,60,FWD,13,57,1,APPROACH,0
C3B93D0B,1117031,1117409.400,1117409400,1001,1935,1935,66,60,FWD,13,57,1,APPROACH,0
C3B93D0B,1117032,1117410.399,1117410399,999,1935,1935,66,60,FWD,13,57,1,APPROACH,0
C3B93D0B,1117033,1117411.400,1117411400,1001,1935,1935,66,60,FWD,13,57,1,APPROACH,0
C3B93D0B,1117034,1117412.399,1117412399,999,1936,1935,66,60,FWD,13,57,1,APPROACH,0
C3B93D0B,1117035,1117413.400,1117413400,1001,1936,1935,66,60,FWD,13,57,1,APPROACH,0
C3B93D0B,1117036,1117414.400,1117414400,1000,1935,1935,66,60,FWD,13,57,1,APPROACH,0
C3B93D0B,1117037,1117415.400,1117415400,1000,1934,1935,66,60,FWD,13,57,1,APPROACH,0
C3B93D0B,1117038,1117416.399,1117416399,999,1936,1935,66,60,FWD,13,57,1,APPROACH,0
C3B93D0B,1117039,1117417.400,1117417400,1001,1936,1935,66,60,FWD,13,57,1,APPROACH,0
C3B93D0B,1117040,1117418.399,1117418399,999,1935,1935,66,60,FWD,13,57,1,APPROACH,0
C3B93D0B,1117041,1117419.400,1117419400,1001,1935,1935,66,60,FWD,13,57,1,APPROACH,0
C3B93D0B,1117042,1117420.399,1117420399,999,1936,1935,66,60,FWD,13,57,1,APPROACH,0
C3B93D0B,1117043,1117421.400,1117421400,1001,1935,1935,66,60,FWD,13,57,1,APPROACH,0
C3B93D0B,1117044,1117422.399,1117422399,999,1936,1935,66,60,FWD,13,57,1,APPROACH,0
C3B93D0B,1117045,1117423.400,1117423400,1001,1936,1935,66,60,FWD,13,57,1,APPROACH,0
C3B93D0B,1117046,1117424.400,1117424400,1000,1936,1935,66,60,FWD,13,57,1,APPROACH,0
C3B93D0B,1117047,1117425.400,1117425400,1000,1935,1935,66,60,FWD,13,57,1,APPROACH,0
C3B93D0B,1117048,1117426.399,1117426399,999,1935,1935,66,60,FWD,13,57,1,APPROACH,0
C3B93D0B,1117049,1117427.400,1117427400,1001,1935,1935,66,60,FWD,13,57,1,APPROACH,0
C3B93D0B,1117050,1117428.399,1117428399,999,1935,1935,66,60,FWD,13,57,1,APPROACH,0
C3B93D0B,1117051,1117429.400,1117429400,1001,1936,1935,66,60,FWD,13,57,1,APPROACH,0
C3B93D0B,1117052,1117430.399,1117430399,999,1935,1935,66,60,FWD,13,57,1,APPROACH,0
C3B93D0B,1117053,1117431.400,1117431400,1001,1936,1935,66,60,FWD,13,57,1,APPROACH,0
C3B93D0B,1117054,1117432.399,1117432399,999,1935,1935,66,60,FWD,13,57,1,APPROACH,0
C3B93D0B,1117055,1117433.400,1117433400,1001,1936,1935,66,60,FWD,13,57,1,APPROACH,0
C3B93D0B,1117056,1117434.501,1117434501,1101,1936,1935,66,60,FWD,13,57,1,APPROACH,0
C3B93D0B,1117057,1117435.400,1117435400,899,1936,1935,66,60,FWD,13,57,1,APPROACH,0
C3B93D0B,1117058,1117436.399,1117436399,999,1935,1935,66,60,FWD,13,57,1,APPROACH,0
C3B93D0B,1117059,1117437.540,1117437540,1141,1935,1935,66,60,FWD,13,57,1,APPROACH,0
C3B93D0B,1117060,1117438.399,1117438399,859,1936,1935,66,60,FWD,13,57,1,APPROACH,0
C3B93D0B,1117061,1117440.091,1117440091,1692,1936,1935,66,60,FWD,45,57,1,APPROACH,0
C3B93D0B,1117062,1117440.410,1117440410,319,1936,1935,66,60,FWD,13,57,1,APPROACH,0
C3B93D0B,1117063,1117441.400,1117441400,990,1935,1935,66,60,FWD,13,57,1,APPROACH,0
C3B93D0B,1117064,1117442.399,1117442399,999,1935,1935,66,60,FWD,13,57,1,APPROACH,0
C3B93D0B,1117065,1117443.400,1117443400,1001,1935,1935,66,60,FWD,13,57,1,APPROACH,0
C3B93D0B,1117066,1117444.400,1117444400,1000,1936,1935,66,60,FWD,13,57,1,APPROACH,0
C3B93D0B,1117067,1117445.400,1117445400,1000,1936,1935,66,60,FWD,13,57,1,APPROACH,0
C3B93D0B,1117068,1117446.851,1117446851,1451,1936,1935,66,60,FWD,45,57,1,APPROACH,0
C3B93D0B,1117069,1117447.400,1117447400,549,1935,1935,66,60,FWD,13,57,1,APPROACH,0
C3B93D0B,1117070,1117448.399,1117448399,999,1934,1935,66,60,FWD,13,57,1,APPROACH,0
C3B93D0B,1117071,1117449.400,1117449400,1001,1935,1935,66,60,FWD,13,57,1,APPROACH,0
C3B93D0B,1117072,1117450.399,1117450399,999,1935,1935,66,60,FWD,13,57,1,APPROACH,0
C3B93D0B,1117073,1117451.400,1117451400,1001,1935,1935,66,60,FWD,13,57,1,APPROACH,0
C3B93D0B,1117074,1117452.399,1117452399,999,1936,1935,66,60,FWD,13,57,1,APPROACH,0
C3B93D0B,1117075,1117453.730,1117453730,1331,1935,1935,66,60,FWD,45,57,1,APPROACH,0
C3B93D0B,1117076,1117454.400,1117454400,670,1935,1935,66,60,FWD,13,57,1,APPROACH,0
C3B93D0B,1117077,1117455.400,1117455400,1000,1935,1935,66,60,FWD,13,57,1,APPROACH,0
C3B93D0B,1117078,1117456.483,1117456483,1083,1936,1935,66,60,FWD,13,57,1,APPROACH,0
C3B93D0B,1117079,1117457.400,1117457400,917,1935,1935,66,60,FWD,13,57,1,APPROACH,0
C3B93D0B,1117080,1117458.399,1117458399,999,1936,1935,66,60,FWD,13,57,1,APPROACH,0
C3B93D0B,1117081,1117459.420,1117459420,1021,1935,1935,65,60,FWD,13,57,1,APPROACH,0
C3B93D0B,1117082,1117460.399,1117460399,979,1936,1935,65,60,FWD,13,57,1,APPROACH,0
C3B93D0B,1117083,1117461.400,1117461400,1001,1933,1935,65,60,FWD,13,57,1,APPROACH,0
C3B93D0B,1117084,1117462.399,1117462399,999,1935,1935,65,60,FWD,13,57,1,APPROACH,0
C3B93D0B,1117085,1117463.400,1117463400,1001,1936,1935,65,60,FWD,13,57,1,APPROACH,0
C3B93D0B,1117086,1117464.400,1117464400,1000,1935,1935,65,60,FWD,13,57,1,APPROACH,0
C3B93D0B,1117087,1117465.400,1117465400,1000,1935,1935,65,60,FWD,13,57,1,APPROACH,0
C3B93D0B,1117088,1117466.399,1117466399,999,1935,1935,65,60,FWD,13,57,1,APPROACH,0
C3B93D0B,1117089,1117467.622,1117467622,1223,1935,1935,65,60,FWD,13,57,1,APPROACH,0
C3B93D0B,1117090,1117468.399,1117468399,777,1935,1935,65,60,FWD,13,57,1,APPROACH,0
C3B93D0B,1117091,1117469.400,1117469400,1001,1936,1935,65,60,FWD,13,57,1,APPROACH,0
C3B93D0B,1117092,1117470.399,1117470399,999,1936,1935,65,60,FWD,13,57,1,APPROACH,0
C3B93D0B,1117093,1117471.400,1117471400,1001,1935,1935,65,60,FWD,13,57,1,APPROACH,0
C3B93D0B,1117094,1117472.631,1117472631,1231,1947,1935,65,60,FWD,13,57,1,APPROACH,0
C3B93D0B,1117095,1117473.400,1117473400,769,1947,1935,65,60,FWD,13,57,1,APPROACH,0
C3B93D0B,1117096,1117474.400,1117474400,1000,1946,1935,65,60,FWD,13,57,1,APPROACH,0
C3B93D0B,1117097,1117475.400,1117475400,1000,1942,1935,65,60,FWD,13,57,1,APPROACH,0
C3B93D0B,1117098,1117476.399,1117476399,999,1942,1935,65,60,FWD,13,57,1,APPROACH,0
C3B93D0B,1117099,1117477.400,1117477400,1001,1943,1935,65,60,FWD,13,57,1,APPROACH,0
C3B93D0B,1117100,1117478.399,1117478399,999,1945,1935,65,60,FWD,13,57,1,APPROACH,0
C3B93D0B,1117101,1117479.400,1117479400,1001,1942,1935,65,60,FWD,13,57,1,APPROACH,0
C3B93D0B,1117102,1117480.399,1117480399,999,1942,1935,65,60,FWD,13,57,1,APPROACH,0
C3B93D0B,1117103,1117481.400,1117481400,1001,1943,1935,65,60,FWD,13,57,1,APPROACH,0
C3B93D0B,1117104,1117482.399,1117482399,999,1942,1935,65,60,FWD,13,57,1,APPROACH,0
C3B93D0B,1117105,1117483.400,1117483400,1001,1942,1935,65,60,FWD,13,57,1,APPROACH,0
C3B93D0B,1117106,1117484.400,1117484400,1000,1943,1935,65,60,FWD,13,57,1,APPROACH,0
C3B93D0B,1117107,1117486.258,1117486258,1858,1931,1935,65,60,FWD,45,57,1,APPROACH,0
C3B93D0B,1117108,1117486.936,1117486936,678,1932,1935,65,60,FWD,13,57,1,APPROACH,0
C3B93D0B,1117109,1117487.400,1117487400,464,1935,1935,65,60,FWD,13,57,1,APPROACH,0
C3B93D0B,1117110,1117488.399,1117488399,999,1933,1935,65,60,FWD,13,57,1,APPROACH,0
C3B93D0B,1117111,1117489.400,1117489400,1001,1935,1935,65,60,FWD,13,57,1,APPROACH,0
C3B93D0B,1117112,1117490.399,1117490399,999,1934,1935,65,60,FWD,13,57,1,APPROACH,0
C3B93D0B,1117113,1117491.400,1117491400,1001,1935,1935,65,60,FWD,13,57,1,APPROACH,0
C3B93D0B,1117114,1117492.399,1117492399,999,1936,1935,65,60,FWD,13,57,1,APPROACH,0
C3B93D0B,1117115,1117493.400,1117493400,1001,1935,1935,65,60,FWD,13,57,1,APPROACH,0
C3B93D0B,1117116,1117494.400,1117494400,1000,1933,1935,65,60,FWD,13,57,1,APPROACH,0
C3B93D0B,1117117,1117495.400,1117495400,1000,1933,1935,65,60,FWD,13,57,1,APPROACH,0
C3B93D0B,1117118,1117496.399,1117496399,999,1934,1935,65,60,FWD,13,57,1,APPROACH,0
C3B93D0B,1117119,1117497.400,1117497400,1001,1935,1935,65,60,FWD,13,57,1,APPROACH,0
C3B93D0B,1117120,1117498.399,1117498399,999,1936,1935,65,60,FWD,13,57,1,APPROACH,0
C3B93D0B,1117121,1117499.400,1117499400,1001,1934,1935,65,60,FWD,13,57,1,APPROACH,0
C3B93D0B,1117122,1117500.399,1117500399,999,1934,1935,65,60,FWD,13,57,1,APPROACH,0
C3B93D0B,1117123,1117501.400,1117501400,1001,1935,1935,65,60,FWD,13,57,1,APPROACH,0
C3B93D0B,1117124,1117502.399,1117502399,999,1934,1935,65,60,FWD,13,57,1,APPROACH,0
C3B93D0B,1117125,1117503.400,1117503400,1001,1934,1935,65,60,FWD,13,57,1,APPROACH,0
C3B93D0B,1117126,1117504.400,1117504400,1000,1935,1935,65,60,FWD,13,57,1,APPROACH,0
C3B93D0B,1117127,1117505.400,1117505400,1000,1935,1935,65,60,FWD,13,57,1,APPROACH,0
C3B93D0B,1117128,1117506.399,1117506399,999,1936,1935,65,60,FWD,13,57,1,APPROACH,0
C3B93D0B,1117129,1117507.400,1117507400,1001,1935,1935,65,60,FWD,13,57,1,APPROACH,0
C3B93D0B,1117130,1117508.399,1117508399,999,1936,1935,65,60,FWD,13,57,1,APPROACH,0
C3B93D0B,1117131,1117509.400,1117509400,1001,1935,1935,65,60,FWD,13,57,1,APPROACH,0
C3B93D0B,1117132,1117510.399,1117510399,999,1935,1935,65,60,FWD,13,57,1,APPROACH,0
C3B93D0B,1117133,1117511.400,1117511400,1001,1935,1935,65,60,FWD,13,57,1,APPROACH,0
C3B93D0B,1117134,1117512.399,1117512399,999,1935,1935,65,60,FWD,13,57,1,APPROACH,0
C3B93D0B,1117135,1117513.400,1117513400,1001,1935,1935,65,60,FWD,13,57,1,APPROACH,0
C3B93D0B,1117136,1117514.400,1117514400,1000,1935,1935,65,60,FWD,13,57,1,APPROACH,0
C3B93D0B,1117137,1117515.400,1117515400,1000,1934,1935,65,60,FWD,13,57,1,APPROACH,0
C3B93D0B,1117138,1117516.399,1117516399,999,1934,1935,65,60,FWD,13,57,1,APPROACH,0
C3B93D0B,1117139,1117517.400,1117517400,1001,1934,1935,65,60,FWD,13,57,1,APPROACH,0
C3B93D0B,1117140,1117518.399,1117518399,999,1934,1935,65,60,FWD,13,57,1,APPROACH,0
C3B93D0B,1117141,1117519.400,1117519400,1001,1934,1935,65,60,FWD,13,57,1,APPROACH,0
C3B93D0B,1117142,1117520.399,1117520399,999,1933,1935,65,60,FWD,13,57,1,APPROACH,0
C3B93D0B,1117143,1117521.400,1117521400,1001,1935,1935,65,60,FWD,13,57,1,APPROACH,0
C3B93D0B,1117144,1117522.399,1117522399,999,1934,1935,65,60,FWD,13,57,1,APPROACH,0
C3B93D0B,1117145,1117523.400,1117523400,1001,1935,1935,65,60,FWD,13,57,1,APPROACH,0
C3B93D0B,1117146,1117524.400,1117524400,1000,1935,1935,65,60,FWD,13,57,1,APPROACH,0
C3B93D0B,1117147,1117525.400,1117525400,1000,1935,1935,65,60,FWD,13,57,1,APPROACH,0
C3B93D0B,1117148,1117526.399,1117526399,999,1935,1935,65,60,FWD,13,57,1,APPROACH,0
C3B93D0B,1117149,1117527.400,1117527400,1001,1935,1935,65,60,FWD,13,57,1,APPROACH,0
C3B93D0B,1117150,1117528.399,1117528399,999,1933,1935,65,60,FWD,13,57,1,APPROACH,0
C3B93D0B,1117151,1117529.400,1117529400,1001,1934,1935,65,60,FWD,13,57,1,APPROACH,0
C3B93D0B,1117152,1117530.399,1117530399,999,1934,1935,65,60,FWD,13,57,1,APPROACH,0
C3B93D0B,1117153,1117531.400,1117531400,1001,1935,1935,65,60,FWD,13,57,1,APPROACH,0
C3B93D0B,1117154,1117532.399,1117532399,999,1934,1935,65,60,FWD,13,57,1,APPROACH,0
C3B93D0B,1117155,1117533.400,1117533400,1001,1935,1935,65,60,FWD,13,57,1,APPROACH,0
C3B93D0B,1117156,1117534.400,1117534400,1000,1934,1935,65,60,FWD,13,57,1,APPROACH,0
C3B93D0B,1117157,1117535.400,1117535400,1000,1935,1935,65,60,FWD,13,57,1,APPROACH,0
C3B93D0B,1117158,1117536.399,1117536399,999,1933,1935,65,60,FWD,13,57,1,APPROACH,0
C3B93D0B,1117159,1117537.570,1117537570,1171,1935,1935,65,60,FWD,13,57,1,APPROACH,0
C3B93D0B,1117160,1117538.399,1117538399,829,1935,1935,65,60,FWD,13,57,1,APPROACH,0
C3B93D0B,1117161,1117539.400,1117539400,1001,1936,1935,65,60,FWD,13,57,1,APPROACH,0
C3B93D0B,1117162,1117540.399,1117540399,999,1935,1935,65,60,FWD,13,57,1,APPROACH,0
C3B93D0B,1117163,1117541.400,1117541400,1001,1934,1935,65,60,FWD,13,57,1,APPROACH,0
C3B93D0B,1117164,1117542.403,1117542403,1003,1934,1935,65,60,FWD,13,57,1,APPROACH,0
C3B93D0B,1117165,1117543.508,1117543508,1105,1934,1935,65,60,FWD,13,57,1,APPROACH,0
C3B93D0B,1117166,1117544.400,1117544400,892,1936,1935,65,60,FWD,13,57,1,APPROACH,0
C3B93D0B,1117167,1117545.400,1117545400,1000,1934,1935,65,60,FWD,13,57,1,APPROACH,0
C3B93D0B,1117168,1117546.399,1117546399,999,1933,1935,65,60,FWD,13,57,1,APPROACH,0
C3B93D0B,1117169,1117547.400,1117547400,1001,1933,1935,65,60,FWD,13,57,1,APPROACH,0
C3B93D0B,1117170,1117548.410,1117548410,1010,1945,1935,65,60,FWD,13,57,1,APPROACH,0
C3B93D0B,1117171,1117549.400,1117549400,990,1946,1935,65,60,FWD,13,57,1,APPROACH,0
C3B93D0B,1117172,1117550.399,1117550399,999,1945,1935,65,60,FWD,13,57,1,APPROACH,0
C3B93D0B,1117173,1117551.400,1117551400,1001,1945,1935,65,60,FWD,13,57,1,APPROACH,0
C3B93D0B,1117174,1117552.399,1117552399,999,1943,1935,65,60,FWD,13,57,1,APPROACH,0
C3B93D0B,1117175,1117553.400,1117553400,1001,1942,1935,65,60,FWD,13,57,1,APPROACH,0
C3B93D0B,1117176,1117554.400,1117554400,1000,1942,1935,65,60,FWD,13,57,1,APPROACH,0
C3B93D0B,1117177,1117555.400,1117555400,1000,1943,1935,65,60,FWD,13,57,1,APPROACH,0
C3B93D0B,1117178,1117556.399,1117556399,999,1942,1935,65,60,FWD,13,57,1,APPROACH,0
C3B93D0B,1117179,1117557.400,1117557400,1001,1943,1935,65,60,FWD,13,57,1,APPROACH,0
C3B93D0B,1117180,1117558.399,1117558399,999,1945,1935,65,60,FWD,13,57,1,APPROACH,0
C3B93D0B,1117181,1117559.400,1117559400,1001,1942,1935,65,60,FWD,13,57,1,APPROACH,0
C3B93D0B,1117182,1117560.399,1117560399,999,1943,1935,65,60,FWD,13,57,1,APPROACH,0
C3B93D0B,1117183,1117561.400,1117561400,1001,1939,1935,65,60,FWD,13,57,1,APPROACH,0
C3B93D0B,1117184,1117562.399,1117562399,999,1942,1935,65,60,FWD,13,57,1,APPROACH,0
C3B93D0B,1117185,1117563.400,1117563400,1001,1941,1935,65,60,FWD,13,57,1,APPROACH,0
C3B93D0B,1117186,1117564.400,1117564400,1000,1943,1935,65,60,FWD,13,57,1,APPROACH,0
C3B93D0B,1117187,1117565.400,1117565400,1000,1941,1935,65,60,FWD,13,57,1,APPROACH,0
C3B93D0B,1117188,1117566.399,1117566399,999,1941,1935,65,60,FWD,13,57,1,APPROACH,0
C3B93D0B,1117189,1117567.400,1117567400,1001,1942,1935,65,60,FWD,13,57,1,APPROACH,0
C3B93D0B,1117190,1117568.399,1117568399,999,1943,1935,65,60,FWD,13,57,1,APPROACH,0
C3B93D0B,1117191,1117569.400,1117569400,1001,1943,1935,65,60,FWD,13,57,1,APPROACH,0
C3B93D0B,1117192,1117570.399,1117570399,999,1943,1935,65,60,FWD,13,57,1,APPROACH,0
C3B93D0B,1117193,1117571.400,1117571400,1001,1943,1935,65,60,FWD,13,57,1,APPROACH,0
C3B93D0B,1117194,1117572.399,1117572399,999,1940,1935,65,60,FWD,13,57,1,APPROACH,0
C3B93D0B,1117195,1117573.400,1117573400,1001,1941,1935,65,60,FWD,13,57,1,APPROACH,0
C3B93D0B,1117196,1117574.400,1117574400,1000,1941,1935,65,60,FWD,13,57,1,APPROACH,0
C3B93D0B,1117197,1117575.400,1117575400,1000,1940,1935,65,60,FWD,13,57,1,APPROACH,0
C3B93D0B,1117198,1117576.399,1117576399,999,1942,1935,65,60,FWD,13,57,1,APPROACH,0
C3B93D0B,1117199,1117577.400,1117577400,1001,1941,1935,65,60,FWD,13,57,1,APPROACH,0
C3B93D0B,1117200,1117578.399,1117578399,999,1941,1935,65,60,FWD,13,57,1,APPROACH,0
C3B93D0B,1117201,1117579.400,1117579400,1001,1942,1935,65,60,FWD,13,57,1,APPROACH,0
C3B93D0B,1117202,1117580.399,1117580399,999,1942,1935,65,60,FWD,13,57,1,APPROACH,0
C3B93D0B,1117203,1117581.400,1117581400,1001,1941,1935,65,60,FWD,13,57,1,APPROACH,0
C3B93D0B,1117204,1117582.399,1117582399,999,1941,1935,65,60,FWD,13,57,1,APPROACH,0
C3B93D0B,1117205,1117583.400,1117583400,1001,1940,1935,65,60,FWD,13,57,1,APPROACH,0
C3B93D0B,1117206,1117584.400,1117584400,1000,1940,1935,65,60,FWD,13,57,1,APPROACH,0
C3B93D0B,1117207,1117586.217,1117586217,1817,1927,1935,65,60,FWD,45,57,1,APPROACH,0
C3B93D0B,1117208,1117586.872,1117586872,655,1931,1935,65,60,FWD,13,57,1,APPROACH,0
C3B93D0B,1117209,1117587.400,1117587400,528,1931,1935,65,60,FWD,13,57,1,APPROACH,0
C3B93D0B,1117210,1117588.399,1117588399,999,1933,1935,65,60,FWD,13,57,1,APPROACH,0
C3B93D0B,1117211,1117589.400,1117589400,1001,1932,1935,65,60,FWD,13,57,1,APPROACH,0
C3B93D0B,1117212,1117590.399,1117590399,999,1931,1935,65,60,FWD,13,57,1,APPROACH,0
C3B93D0B,1117213,1117591.400,1117591400,1001,1934,1935,65,60,FWD,13,57,1,APPROACH,0
C3B93D0B,1117214,1117592.524,1117592524,1124,1932,1935,65,60,FWD,13,57,1,APPROACH,0
C3B93D0B,1117215,1117593.400,1117593400,876,1934,1935,65,60,FWD,13,57,1,APPROACH,0
C3B93D0B,1117216,1117594.400,1117594400,1000,1935,1935,65,60,FWD,13,57,1,APPROACH,0
C3B93D0B,1117217,1117595.400,1117595400,1000,1933,1935,65,60,FWD,13,57,1,APPROACH,0
C3B93D0B,1117218,1117596.399,1117596399,999,1933,1935,65,60,FWD,13,57,1,APPROACH,0
C3B93D0B,1117219,1117597.400,1117597400,1001,1934,1935,65,60,FWD,13,57,1,APPROACH,0
C3B93D0B,1117220,1117598.399,1117598399,999,1935,1935,65,60,FWD,13,57,1,APPROACH,0
C3B93D0B,1117221,1117599.400,1117599400,1001,1935,1935,65,60,FWD,13,57,1,APPROACH,0
C3B93D0B,1117222,1117600.399,1117600399,999,1935,1935,65,60,FWD,13,57,1,APPROACH,0
C3B93D0B,1117223,1117601.400,1117601400,1001,1934,1935,65,60,FWD,13,57,1,APPROACH,0
C3B93D0B,1117224,1117602.399,1117602399,999,1935,1935,65,60,FWD,13,57,1,APPROACH,0
C3B93D0B,1117225,1117603.400,1117603400,1001,1935,1935,65,60,FWD,13,57,1,APPROACH,0
C3B93D0B,1117226,1117604.400,1117604400,1000,1931,1935,65,60,FWD,13,57,1,APPROACH,0
C3B93D0B,1117227,1117605.400,1117605400,1000,1936,1935,65,60,FWD,13,57,1,APPROACH,0
C3B93D0B,1117228,1117606.399,1117606399,999,1935,1935,65,60,FWD,13,57,1,APPROACH,0
C3B93D0B,1117229,1117607.400,1117607400,1001,1934,1935,65,60,FWD,13,57,1,APPROACH,0
C3B93D0B,1117230,1117608.399,1117608399,999,1933,1935,65,60,FWD,13,57,1,APPROACH,0
C3B93D0B,1117231,1117609.400,1117609400,1001,1934,1935,65,60,FWD,13,57,1,APPROACH,0
C3B93D0B,1117232,1117610.399,1117610399,999,1936,1935,65,60,FWD,13,57,1,APPROACH,0
C3B93D0B,1117233,1117611.400,1117611400,1001,1934,1935,65,60,FWD,13,57,1,APPROACH,0
C3B93D0B,1117234,1117612.399,1117612399,999,1934,1935,65,60,FWD,13,57,1,APPROACH,0
C3B93D0B,1117235,1117613.400,1117613400,1001,1931,1935,65,60,FWD,13,57,1,APPROACH,0
C3B93D0B,1117236,1117614.400,1117614400,1000,1934,1935,65,60,FWD,13,57,1,APPROACH,0
C3B93D0B,1117237,1117615.400,1117615400,1000,1935,1935,65,60,FWD,13,57,1,APPROACH,0
C3B93D0B,1117238,1117616.399,1117616399,999,1935,1935,65,60,FWD,13,57,1,APPROACH,0
C3B93D0B,1117239,1117617.400,1117617400,1001,1933,1935,65,60,FWD,13,57,1,APPROACH,0
C3B93D0B,1117240,1117618.399,1117618399,999,1936,1935,65,60,FWD,13,57,1,APPROACH,0
C3B93D0B,1117241,1117619.400,1117619400,1001,1934,1935,65,60,FWD,13,57,1,APPROACH,0
C3B93D0B,1117242,1117620.399,1117620399,999,1934,1935,65,60,FWD,13,57,1,APPROACH,0
C3B93D0B,1117243,1117621.400,1117621400,1001,1935,1935,65,60,FWD,13,57,1,APPROACH,0
C3B93D0B,1117244,1117622.399,1117622399,999,1935,1935,65,60,FWD,13,57,1,APPROACH,0
C3B93D0B,1117245,1117623.400,1117623400,1001,1934,1935,65,60,FWD,13,57,1,APPROACH,0
C3B93D0B,1117246,1117624.400,1117624400,1000,1935,1935,65,60,FWD,13,57,1,APPROACH,0
C3B93D0B,1117247,1117625.400,1117625400,1000,1935,1935,65,60,FWD,13,57,1,APPROACH,0
C3B93D0B,1117248,1117626.399,1117626399,999,1934,1935,65,60,FWD,13,57,1,APPROACH,0
C3B93D0B,1117249,1117627.400,1117627400,1001,1934,1935,65,60,FWD,13,57,1,APPROACH,0
C3B93D0B,1117250,1117628.399,1117628399,999,1935,1935,65,60,FWD,13,57,1,APPROACH,0
C3B93D0B,1117251,1117629.400,1117629400,1001,1934,1935,65,60,FWD,13,57,1,APPROACH,0
C3B93D0B,1117252,1117630.399,1117630399,999,1936,1935,65,60,FWD,13,57,1,APPROACH,0
C3B93D0B,1117253,1117631.400,1117631400,1001,1934,1935,65,60,FWD,13,57,1,APPROACH,0
C3B93D0B,1117254,1117632.399,1117632399,999,1934,1935,65,60,FWD,13,57,1,APPROACH,0
C3B93D0B,1117255,1117633.400,1117633400,1001,1935,1935,65,60,FWD,13,57,1,APPROACH,0
C3B93D0B,1117256,1117634.400,1117634400,1000,1935,1935,65,60,FWD,13,57,1,APPROACH,0
C3B93D0B,1117257,1117635.400,1117635400,1000,1936,1935,65,60,FWD,13,57,1,APPROACH,0
C3B93D0B,1117258,1117636.399,1117636399,999,1935,1935,65,60,FWD,13,57,1,APPROACH,0
C3B93D0B,1117259,1117637.519,1117637519,1120,1933,1935,65,60,FWD,13,57,1,APPROACH,0
C3B93D0B,1117260,1117638.399,1117638399,880,1935,1935,65,60,FWD,13,57,1,APPROACH,0
C3B93D0B,1117261,1117639.400,1117639400,1001,1935,1935,65,60,FWD,13,57,1,APPROACH,0
C3B93D0B,1117262,1117640.399,1117640399,999,1936,1935,65,60,FWD,13,57,1,APPROACH,0
C3B93D0B,1117263,1117641.400,1117641400,1001,1933,1935,65,60,FWD,13,57,1,APPROACH,0
C3B93D0B,1117264,1117642.399,1117642399,999,1935,1935,65,60,FWD,13,57,1,APPROACH,0
C3B93D0B,1117265,1117643.400,1117643400,1001,1936,1935,65,60,FWD,13,57,1,APPROACH,0
C3B93D0B,1117266,1117644.814,1117644814,1414,1943,1935,65,60,FWD,45,57,1,APPROACH,0
C3B93D0B,1117267,1117645.400,1117645400,586,1945,1935,65,60,FWD,13,57,1,APPROACH,0
C3B93D0B,1117268,1117646.399,1117646399,999,1945,1935,65,60,FWD,13,57,1,APPROACH,0
C3B93D0B,1117269,1117647.400,1117647400,1001,1942,1935,65,60,FWD,13,57,1,APPROACH,0
C3B93D0B,1117270,1117648.399,1117648399,999,1943,1935,65,60,FWD,13,57,1,APPROACH,0
C3B93D0B,1117271,1117649.400,1117649400,1001,1942,1935,65,60,FWD,13,57,1,APPROACH,0
C3B93D0B,1117272,1117650.399,1117650399,999,1942,1935,65,60,FWD,13,57,1,APPROACH,0
C3B93D0B,1117273,1117651.400,1117651400,1001,1942,1935,65,60,FWD,13,57,1,APPROACH,0
C3B93D0B,1117274,1117652.399,1117652399,999,1942,1935,65,60,FWD,13,57,1,APPROACH,0
C3B93D0B,1117275,1117653.400,1117653400,1001,1942,1935,65,60,FWD,13,57,1,APPROACH,0
C3B93D0B,1117276,1117654.400,1117654400,1000,1941,1935,65,60,FWD,13,57,1,APPROACH,0
C3B93D0B,1117277,1117655.400,1117655400,1000,1939,1935,65,60,FWD,13,57,1,APPROACH,0
C3B93D0B,1117278,1117656.399,1117656399,999,1942,1935,65,60,FWD,13,57,1,APPROACH,0
C3B93D0B,1117279,1117657.400,1117657400,1001,1941,1935,65,60,FWD,13,57,1,APPROACH,0
C3B93D0B,1117280,1117658.399,1117658399,999,1943,1935,65,60,FWD,13,57,1,APPROACH,0
C3B93D0B,1117281,1117659.400,1117659400,1001,1939,1935,65,60,FWD,13,57,1,APPROACH,0
C3B93D0B,1117282,1117660.399,1117660399,999,1939,1935,65,60,FWD,13,57,1,APPROACH,0
C3B93D0B,1117283,1117661.400,1117661400,1001,1941,1935,65,60,FWD,13,57,1,APPROACH,0
C3B93D0B,1117284,1117662.399,1117662399,999,1941,1935,65,60,FWD,13,57,1,APPROACH,0
C3B93D0B,1117285,1117663.400,1117663400,1001,1939,1935,65,60,FWD,13,57,1,APPROACH,0
C3B93D0B,1117286,1117664.400,1117664400,1000,1940,1935,65,60,FWD,13,57,1,APPROACH,0
C3B93D0B,1117287,1117665.400,1117665400,1000,1941,1935,65,60,FWD,13,57,1,APPROACH,0
C3B93D0B,1117288,1117666.399,1117666399,999,1941,1935,65,60,FWD,13,57,1,APPROACH,0
C3B93D0B,1117289,1117667.400,1117667400,1001,1941,1935,65,60,FWD,13,57,1,APPROACH,0
C3B93D0B,1117290,1117668.399,1117668399,999,1940,1935,65,60,FWD,13,57,1,APPROACH,0
C3B93D0B,1117291,1117669.400,1117669400,1001,1939,1935,65,60,FWD,13,57,1,APPROACH,0
C3B93D0B,1117292,1117670.399,1117670399,999,1942,1935,65,60,FWD,13,57,1,APPROACH,0
C3B93D0B,1117293,1117671.400,1117671400,1001,1941,1935,65,60,FWD,13,57,1,APPROACH,0
C3B93D0B,1117294,1117672.399,1117672399,999,1942,1935,65,60,FWD,13,57,1,APPROACH,0
C3B93D0B,1117295,1117673.400,1117673400,1001,1941,1935,65,60,FWD,13,57,1,APPROACH,0
C3B93D0B,1117296,1117674.400,1117674400,1000,1942,1935,65,60,FWD,13,57,1,APPROACH,0
C3B93D0B,1117297,1117675.400,1117675400,1000,1941,1935,65,60,FWD,13,57,1,APPROACH,0
C3B93D0B,1117298,1117676.399,1117676399,999,1943,1935,65,60,FWD,13,57,1,APPROACH,0
C3B93D0B,1117299,1117677.400,1117677400,1001,1941,1935,65,60,FWD,13,57,1,APPROACH,0
C3B93D0B,1117300,1117678.399,1117678399,999,1942,1935,65,60,FWD,13,57,1,APPROACH,0
C3B93D0B,1117301,1117679.400,1117679400,1001,1942,1935,65,60,FWD,13,57,1,APPROACH,0
C3B93D0B,1117302,1117680.399,1117680399,999,1940,1935,65,60,FWD,13,57,1,APPROACH,0
C3B93D0B,1117303,1117681.400,1117681400,1001,1941,1935,65,60,FWD,13,57,1,APPROACH,0
C3B93D0B,1117304,1117682.399,1117682399,999,1941,1935,65,60,FWD,13,57,1,APPROACH,0
C3B93D0B,1117305,1117683.400,1117683400,1001,1940,1935,65,60,FWD,13,57,1,APPROACH,0
C3B93D0B,1117306,1117684.400,1117684400,1000,1941,1935,65,60,FWD,13,57,1,APPROACH,0
C3B93D0B,1117307,1117686.231,1117686231,1831,1930,1935,65,60,FWD,45,57,1,APPROACH,0
C3B93D0B,1117308,1117686.770,1117686770,539,1933,1935,65,60,FWD,13,57,1,APPROACH,0
C3B93D0B,1117309,1117687.400,1117687400,630,1929,1935,65,60,FWD,13,57,1,APPROACH,0
C3B93D0B,1117310,1117688.402,1117688402,1002,1931,1935,65,60,FWD,13,57,1,APPROACH,0
C3B93D0B,1117311,1117689.400,1117689400,998,1935,1935,65,60,FWD,13,57,1,APPROACH,0
C3B93D0B,1117312,1117690.399,1117690399,999,1932,1935,65,60,FWD,13,57,1,APPROACH,0
C3B93D0B,1117313,1117691.400,1117691400,1001,1931,1935,65,60,FWD,13,57,1,APPROACH,0
C3B93D0B,1117314,1117692.399,1117692399,999,1934,1935,65,60,FWD,13,57,1,APPROACH,0
C3B93D0B,1117315,1117693.400,1117693400,1001,1932,1935,65,60,FWD,13,57,1,APPROACH,0
C3B93D0B,1117316,1117694.400,1117694400,1000,1934,1935,65,60,FWD,13,57,1,APPROACH,0
C3B93D0B,1117317,1117695.400,1117695400,1000,1931,1935,65,60,FWD,13,57,1,APPROACH,0
C3B93D0B,1117318,1117696.399,1117696399,999,1935,1935,65,60,FWD,13,57,1,APPROACH,0
C3B93D0B,1117319,1117697.400,1117697400,1001,1933,1935,65,60,FWD,13,57,1,APPROACH,0
C3B93D0B,1117320,1117698.399,1117698399,999,1935,1935,65,60,FWD,13,57,1,APPROACH,0
C3B93D0B,1117321,1117699.400,1117699400,1001,1932,1935,65,60,FWD,13,57,1,APPROACH,0
C3B93D0B,1117322,1117700.399,1117700399,999,1934,1935,65,60,FWD,13,57,1,APPROACH,0
C3B93D0B,1117323,1117701.400,1117701400,1001,1935,1935,65,60,FWD,13,57,1,APPROACH,0
C3B93D0B,1117324,1117702.399,1117702399,999,1935,1935,65,60,FWD,13,57,1,APPROACH,0
C3B93D0B,1117325,1117703.400,1117703400,1001,1932,1935,65,60,FWD,13,57,1,APPROACH,0
C3B93D0B,1117326,1117704.400,1117704400,1000,1935,1935,65,60,FWD,13,57,1,APPROACH,0
C3B93D0B,1117327,1117705.400,1117705400,1000,1934,1935,65,60,FWD,13,57,1,APPROACH,0
C3B93D0B,1117328,1117706.399,1117706399,999,1934,1935,65,60,FWD,13,57,1,APPROACH,0
C3B93D0B,1117329,1117707.400,1117707400,1001,1934,1935,65,60,FWD,13,57,1,APPROACH,0
C3B93D0B,1117330,1117708.399,1117708399,999,1933,1935,65,60,FWD,13,57,1,APPROACH,0
C3B93D0B,1117331,1117709.400,1117709400,1001,1934,1935,65,60,FWD,13,57,1,APPROACH,0
C3B93D0B,1117332,1117710.399,1117710399,999,1934,1935,65,60,FWD,13,57,1,APPROACH,0
C3B93D0B,1117333,1117711.400,1117711400,1001,1933,1935,65,60,FWD,13,57,1,APPROACH,0
C3B93D0B,1117334,1117712.399,1117712399,999,1932,1935,65,60,FWD,13,57,1,APPROACH,0
C3B93D0B,1117335,1117713.400,1117713400,1001,1933,1935,65,60,FWD,13,57,1,APPROACH,0
C3B93D0B,1117336,1117714.400,1117714400,1000,1934,1935,65,60,FWD,13,57,1,APPROACH,0
C3B93D0B,1117337,1117715.400,1117715400,1000,1934,1935,65,60,FWD,13,57,1,APPROACH,0
C3B93D0B,1117338,1117716.399,1117716399,999,1935,1935,65,60,FWD,13,57,1,APPROACH,0
C3B93D0B,1117339,1117717.400,1117717400,1001,1932,1935,65,60,FWD,13,57,1,APPROACH,0
C3B93D0B,1117340,1117718.399,1117718399,999,1934,1935,65,60,FWD,13,57,1,APPROACH,0
C3B93D0B,1117341,1117719.400,1117719400,1001,1933,1935,65,60,FWD,13,57,1,APPROACH,0
C3B93D0B,1117342,1117720.399,1117720399,999,1935,1935,65,60,FWD,13,57,1,APPROACH,0
C3B93D0B,1117343,1117721.400,1117721400,1001,1935,1935,65,60,FWD,13,57,1,APPROACH,0
C3B93D0B,1117344,1117722.399,1117722399,999,1934,1935,65,60,FWD,13,57,1,APPROACH,0
C3B93D0B,1117345,1117723.400,1117723400,1001,1933,1935,65,60,FWD,13,57,1,APPROACH,0
C3B93D0B,1117346,1117724.400,1117724400,1000,1933,1935,65,60,FWD,13,57,1,APPROACH,0
C3B93D0B,1117347,1117725.400,1117725400,1000,1933,1935,65,60,FWD,13,57,1,APPROACH,0
C3B93D0B,1117348,1117726.399,1117726399,999,1934,1935,65,60,FWD,13,57,1,APPROACH,0
C3B93D0B,1117349,1117727.400,1117727400,1001,1935,1935,65,60,FWD,13,57,1,APPROACH,0
C3B93D0B,1117350,1117728.399,1117728399,999,1933,1935,65,60,FWD,13,57,1,APPROACH,0
C3B93D0B,1117351,1117729.400,1117729400,1001,1935,1935,65,60,FWD,13,57,1,APPROACH,0
C3B93D0B,1117352,1117730.399,1117730399,999,1931,1935,65,60,FWD,13,57,1,APPROACH,0
C3B93D0B,1117353,1117731.400,1117731400,1001,1933,1935,65,60,FWD,13,57,1,APPROACH,0
C3B93D0B,1117354,1117732.399,1117732399,999,1934,1935,65,60,FWD,13,57,1,APPROACH,0
C3B93D0B,1117355,1117733.400,1117733400,1001,1935,1935,65,60,FWD,13,57,1,APPROACH,0
C3B93D0B,1117356,1117734.400,1117734400,1000,1933,1935,65,60,FWD,13,57,1,APPROACH,0
C3B93D0B,1117357,1117735.400,1117735400,1000,1934,1935,65,60,FWD,13,57,1,APPROACH,0
C3B93D0B,1117358,1117736.402,1117736402,1002,1935,1935,65,60,FWD,13,57,1,APPROACH,0
C3B93D0B,1117359,1117737.400,1117737400,998,1934,1935,65,60,FWD,13,57,1,APPROACH,0
C3B93D0B,1117360,1117738.399,1117738399,999,1934,1935,65,60,FWD,13,57,1,APPROACH,0
C3B93D0B,1117361,1117739.400,1117739400,1001,1935,1935,65,60,FWD,13,57,1,APPROACH,0
C3B93D0B,1117362,1117740.399,1117740399,999,1934,1935,65,60,FWD,13,57,1,APPROACH,0
C3B93D0B,1117363,1117741.504,1117741504,1105,1935,1935,65,60,FWD,13,57,1,APPROACH,0
C3B93D0B,1117364,1117742.399,1117742399,895,1934,1935,65,60,FWD,13,57,1,APPROACH,0
C3B93D0B,1117365,1117743.400,1117743400,1001,1933,1935,65,60,FWD,13,57,1,APPROACH,0
C3B93D0B,1117366,1117744.399,1117744399,999,1933,1935,65,60,FWD,13,57,1,APPROACH,0
C3B93D0B,1117367,1117745.401,1117745401,1002,1935,1935,65,60,FWD,13,57,1,APPROACH,0
C3B93D0B,1117368,1117746.981,1117746981,1580,1935,1935,65,60,FWD,45,57,1,APPROACH,0
C3B93D0B,1117369,1117747.400,1117747400,419,1935,1935,65,60,FWD,13,57,1,APPROACH,0
C3B93D0B,1117370,1117748.399,1117748399,999,1934,1935,65,60,FWD,13,57,1,APPROACH,0
C3B93D0B,1117371,1117749.400,1117749400,1001,1934,1935,65,60,FWD,13,57,1,APPROACH,0
C3B93D0B,1117372,1117750.399,1117750399,999,1934,1935,65,60,FWD,13,57,1,APPROACH,0
C3B93D0B,1117373,1117751.400,1117751400,1001,1934,1935,65,60,FWD,13,57,1,APPROACH,0
C3B93D0B,1117374,1117752.399,1117752399,999,1934,1935,65,60,FWD,13,57,1,APPROACH,0
C3B93D0B,1117375,1117753.400,1117753400,1001,1934,1935,65,60,FWD,13,57,1,APPROACH,0
C3B93D0B,1117376,1117754.399,1117754399,999,1935,1935,65,60,FWD,13,57,1,APPROACH,0
C3B93D0B,1117377,1117755.401,1117755401,1002,1936,1935,65,60,FWD,13,57,1,APPROACH,0
C3B93D0B,1117378,1117756.399,1117756399,998,1935,1935,65,60,FWD,13,57,1,APPROACH,0
C3B93D0B,1117379,1117757.400,1117757400,1001,1935,1935,65,60,FWD,13,57,1,APPROACH,0
C3B93D0B,1117380,1117758.399,1117758399,999,1936,1935,65,60,FWD,13,57,1,APPROACH,0
C3B93D0B,1117381,1117759.400,1117759400,1001,1934,1935,65,60,FWD,13,57,1,APPROACH,0
C3B93D0B,1117382,1117760.399,1117760399,999,1934,1935,65,60,FWD,13,57,1,APPROACH,0
C3B93D0B,1117383,1117761.400,1117761400,1001,1935,1935,65,60,FWD,13,57,1,APPROACH,0
C3B93D0B,1117384,1117762.399,1117762399,999,1935,1935,65,60,FWD,13,57,1,APPROACH,0
C3B93D0B,1117385,1117763.400,1117763400,1001,1935,1935,65,60,FWD,13,57,1,APPROACH,0
C3B93D0B,1117386,1117764.399,1117764399,999,1935,1935,65,60,FWD,13,57,1,APPROACH,0
C3B93D0B,1117387,1117765.401,1117765401,1002,1936,1935,65,60,FWD,13,57,1,APPROACH,0
C3B93D0B,1117388,1117766.399,1117766399,998,1933,1935,65,60,FWD,13,57,1,APPROACH,0
C3B93D0B,1117389,1117767.400,1117767400,1001,1935,1935,65,60,FWD,13,57,1,APPROACH,0
C3B93D0B,1117390,1117768.399,1117768399,999,1936,1935,65,60,FWD,13,57,1,APPROACH,0
C3B93D0B,1117391,1117769.400,1117769400,1001,1935,1935,65,60,FWD,13,57,1,APPROACH,0
C3B93D0B,1117392,1117770.399,1117770399,999,1934,1935,65,60,FWD,13,57,1,APPROACH,0
C3B93D0B,1117393,1117771.400,1117771400,1001,1934,1935,65,60,FWD,13,57,1,APPROACH,0
C3B93D0B,1117394,1117772.399,1117772399,999,1934,1935,65,60,FWD,13,57,1,APPROACH,0
C3B93D0B,1117395,1117773.400,1117773400,1001,1934,1935,65,60,FWD,13,57,1,APPROACH,0
C3B93D0B,1117396,1117774.399,1117774399,999,1935,1935,65,60,FWD,13,57,1,APPROACH,0
C3B93D0B,1117397,1117775.401,1117775401,1002,1931,1935,65,60,FWD,13,57,1,APPROACH,0
C3B93D0B,1117398,1117776.399,1117776399,998,1935,1935,65,60,FWD,13,57,1,APPROACH,0
C3B93D0B,1117399,1117777.400,1117777400,1001,1935,1935,65,60,FWD,13,57,1,APPROACH,0
C3B93D0B,1117400,1117778.399,1117778399,999,1934,1935,65,60,FWD,13,57,1,APPROACH,0
C3B93D0B,1117401,1117779.400,1117779400,1001,1934,1935,65,60,FWD,13,57,1,APPROACH,0
C3B93D0B,1117402,1117780.399,1117780399,999,1935,1935,65,60,FWD,13,57,1,APPROACH,0
C3B93D0B,1117403,1117781.400,1117781400,1001,1935,1935,65,60,FWD,13,57,1,APPROACH,0
C3B93D0B,1117404,1117782.399,1117782399,999,1934,1935,65,60,FWD,13,57,1,APPROACH,0
C3B93D0B,1117405,1117783.400,1117783400,1001,1934,1935,65,60,FWD,13,57,1,APPROACH,0
C3B93D0B,1117406,1117784.399,1117784399,999,1935,1935,65,60,FWD,13,57,1,APPROACH,0
C3B93D0B,1117407,1117785.401,1117785401,1002,1934,1935,65,60,FWD,13,57,1,APPROACH,0
C3B93D0B,1117408,1117786.722,1117786722,1321,1931,1935,64,60,FWD,45,57,1,APPROACH,0
C3B93D0B,1117409,1117787.399,1117787399,677,1934,1935,64,60,FWD,13,57,1,APPROACH,0
C3B93D0B,1117410,1117788.400,1117788400,1001,1933,1935,64,60,FWD,13,57,1,APPROACH,0
C3B93D0B,1117411,1117789.399,1117789399,999,1934,1935,64,60,FWD,13,57,1,APPROACH,0
C3B93D0B,1117412,1117790.400,1117790400,1001,1934,1935,64,60,FWD,13,57,1,APPROACH,0
C3B93D0B,1117413,1117791.399,1117791399,999,1933,1935,64,60,FWD,13,57,1,APPROACH,0
C3B93D0B,1117414,1117792.400,1117792400,1001,1933,1935,64,60,FWD,13,57,1,APPROACH,0
C3B93D0B,1117415,1117793.399,1117793399,999,1934,1935,64,60,FWD,13,57,1,APPROACH,0
C3B93D0B,1117416,1117794.400,1117794400,1001,1933,1935,64,60,FWD,13,57,1,APPROACH,0
C3B93D0B,1117417,1117795.400,1117795400,1000,1933,1935,64,60,FWD,13,57,1,APPROACH,0
C3B93D0B,1117418,1117796.400,1117796400,1000,1934,1935,64,60,FWD,13,57,1,APPROACH,0
C3B93D0B,1117419,1117797.399,1117797399,999,1933,1935,64,60,FWD,13,57,1,APPROACH,0
C3B93D0B,1117420,1117798.400,1117798400,1001,1935,1935,64,60,FWD,13,57,1,APPROACH,0
C3B93D0B,1117421,1117799.399,1117799399,999,1934,1935,64,60,FWD,13,57,1,APPROACH,0
C3B93D0B,1117422,1117800.400,1117800400,1001,1933,1935,64,60,FWD,13,57,1,APPROACH,0
C3B93D0B,1117423,1117801.399,1117801399,999,1935,1935,64,60,FWD,13,57,1,APPROACH,0
C3B93D0B,1117424,1117802.400,1117802400,1001,1933,1935,64,60,FWD,13,57,1,APPROACH,0
C3B93D0B,1117425,1117803.399,1117803399,999,1935,1935,64,60,FWD,13,57,1,APPROACH,0
C3B93D0B,1117426,1117804.400,1117804400,1001,1934,1935,64,60,FWD,13,57,1,APPROACH,0
C3B93D0B,1117427,1117805.400,1117805400,1000,1936,1935,64,60,FWD,13,57,1,APPROACH,0
C3B93D0B,1117428,1117806.400,1117806400,1000,1934,1935,64,60,FWD,13,57,1,APPROACH,0
C3B93D0B,1117429,1117807.399,1117807399,999,1934,1935,64,60,FWD,13,57,1,APPROACH,0
C3B93D0B,1117430,1117808.400,1117808400,1001,1934,1935,64,60,FWD,13,57,1,APPROACH,0
C3B93D0B,1117431,1117809.399,1117809399,999,1934,1935,64,60,FWD,13,57,1,APPROACH,0
C3B93D0B,1117432,1117810.400,1117810400,1001,1935,1935,64,60,FWD,13,57,1,APPROACH,0
C3B93D0B,1117433,1117811.399,1117811399,999,1934,1935,64,60,FWD,13,57,1,APPROACH,0
C3B93D0B,1117434,1117812.400,1117812400,1001,1933,1935,64,60,FWD,13,57,1,APPROACH,0
C3B93D0B,1117435,1117813.399,1117813399,999,1934,1935,64,60,FWD,13,57,1,APPROACH,0
C3B93D0B,1117436,1117814.400,1117814400,1001,1934,1935,64,60,FWD,13,57,1,APPROACH,0
C3B93D0B,1117437,1117815.400,1117815400,1000,1934,1935,64,60,FWD,13,57,1,APPROACH,0
C3B93D0B,1117438,1117816.400,1117816400,1000,1934,1935,64,60,FWD,13,57,1,APPROACH,0
C3B93D0B,1117439,1117817.399,1117817399,999,1935,1935,64,60,FWD,13,57,1,APPROACH,0
C3B93D0B,1117440,1117818.400,1117818400,1001,1934,1935,64,60,FWD,13,57,1,APPROACH,0
C3B93D0B,1117441,1117819.399,1117819399,999,1935,1935,64,60,FWD,13,57,1,APPROACH,0
C3B93D0B,1117442,1117820.400,1117820400,1001,1933,1935,64,60,FWD,13,57,1,APPROACH,0
C3B93D0B,1117443,1117821.399,1117821399,999,1933,1935,64,60,FWD,13,57,1,APPROACH,0
C3B93D0B,1117444,1117822.400,1117822400,1001,1931,1935,64,60,FWD,13,57,1,APPROACH,0
C3B93D0B,1117445,1117823.399,1117823399,999,1935,1935,64,60,FWD,13,57,1,APPROACH,0
C3B93D0B,1117446,1117824.400,1117824400,1001,1935,1935,64,60,FWD,13,57,1,APPROACH,0
C3B93D0B,1117447,1117825.400,1117825400,1000,1935,1935,64,60,FWD,13,57,1,APPROACH,0
C3B93D0B,1117448,1117826.400,1117826400,1000,1934,1935,64,60,FWD,13,57,1,APPROACH,0
C3B93D0B,1117449,1117827.399,1117827399,999,1935,1935,64,60,FWD,13,57,1,APPROACH,0
C3B93D0B,1117450,1117828.400,1117828400,1001,1935,1935,64,60,FWD,13,57,1,APPROACH,0
C3B93D0B,1117451,1117829.399,1117829399,999,1935,1935,64,60,FWD,13,57,1,APPROACH,0
C3B93D0B,1117452,1117830.400,1117830400,1001,1934,1935,64,60,FWD,13,57,1,APPROACH,0
C3B93D0B,1117453,1117831.399,1117831399,999,1935,1935,64,60,FWD,13,57,1,APPROACH,0
C3B93D0B,1117454,1117832.400,1117832400,1001,1934,1935,64,60,FWD,13,57,1,APPROACH,0
C3B93D0B,1117455,1117833.399,1117833399,999,1933,1935,64,60,FWD,13,57,1,APPROACH,0
C3B93D0B,1117456,1117834.400,1117834400,1001,1935,1935,64,60,FWD,13,57,1,APPROACH,0
C3B93D0B,1117457,1117835.400,1117835400,1000,1934,1935,64,60,FWD,13,57,1,APPROACH,0
C3B93D0B,1117458,1117836.400,1117836400,1000,1934,1935,64,60,FWD,13,57,1,APPROACH,0
C3B93D0B,1117459,1117837.703,1117837703,1303,1934,1935,64,60,FWD,45,57,1,APPROACH,0
C3B93D0B,1117460,1117838.400,1117838400,697,1935,1935,64,60,FWD,13,57,1,APPROACH,0
C3B93D0B,1117461,1117839.462,1117839462,1062,1933,1935,64,60,FWD,13,57,1,APPROACH,0
C3B93D0B,1117462,1117840.400,1117840400,938,1934,1935,64,60,FWD,13,57,1,APPROACH,0
C3B93D0B,1117463,1117841.399,1117841399,999,1934,1935,64,60,FWD,13,57,1,APPROACH,0
C3B93D0B,1117464,1117842.596,1117842596,1197,1934,1935,64,60,FWD,13,57,1,APPROACH,0
C3B93D0B,1117465,1117843.399,1117843399,803,1933,1935,64,60,FWD,13,57,1,APPROACH,0
C3B93D0B,1117466,1117844.400,1117844400,1001,1934,1935,64,60,FWD,13,57,1,APPROACH,0
C3B93D0B,1117467,1117845.400,1117845400,1000,1934,1935,64,60,FWD,13,57,1,APPROACH,0
C3B93D0B,1117468,1117846.400,1117846400,1000,1936,1935,64,60,FWD,13,57,1,APPROACH,0
C3B93D0B,1117469,1117847.399,1117847399,999,1935,1935,64,60,FWD,13,57,1,APPROACH,0
C3B93D0B,1117470,1117848.400,1117848400,1001,1935,1935,64,60,FWD,13,57,1,APPROACH,0
C3B93D0B,1117471,1117849.438,1117849438,1038,1943,1935,64,60,FWD,13,57,1,APPROACH,0
C3B93D0B,1117472,1117850.400,1117850400,962,1943,1935,64,60,FWD,13,57,1,APPROACH,0
C3B93D0B,1117473,1117851.399,1117851399,999,1943,1935,64,60,FWD,13,57,1,APPROACH,0
C3B93D0B,1117474,1117852.400,1117852400,1001,1942,1935,64,60,FWD,13,57,1,APPROACH,0
C3B93D0B,1117475,1117853.399,1117853399,999,1941,1935,64,60,FWD,13,57,1,APPROACH,0
C3B93D0B,1117476,1117854.400,1117854400,1001,1942,1935,64,60,FWD,13,57,1,APPROACH,0
C3B93D0B,1117477,1117855.400,1117855400,1000,1941,1935,64,60,FWD,13,57,1,APPROACH,0
C3B93D0B,1117478,1117856.400,1117856400,1000,1941,1935,64,60,FWD,13,57,1,APPROACH,0
C3B93D0B,1117479,1117857.399,1117857399,999,1941,1935,64,60,FWD,13,57,1,APPROACH,0
C3B93D0B,1117480,1117858.400,1117858400,1001,1941,1935,64,60,FWD,13,57,1,APPROACH,0
C3B93D0B,1117481,1117859.399,1117859399,999,1942,1935,64,60,FWD,13,57,1,APPROACH,0
C3B93D0B,1117482,1117860.400,1117860400,1001,1940,1935,64,60,FWD,13,57,1,APPROACH,0
C3B93D0B,1117483,1117861.399,1117861399,999,1942,1935,64,60,FWD,13,57,1,APPROACH,0
C3B93D0B,1117484,1117862.400,1117862400,1001,1941,1935,64,60,FWD,13,57,1,APPROACH,0
C3B93D0B,1117485,1117863.399,1117863399,999,1942,1935,64,60,FWD,13,57,1,APPROACH,0
C3B93D0B,1117486,1117864.400,1117864400,1001,1941,1935,64,60,FWD,13,57,1,APPROACH,0
C3B93D0B,1117487,1117865.400,1117865400,1000,1941,1935,64,60,FWD,13,57,1,APPROACH,0
C3B93D0B,1117488,1117866.400,1117866400,1000,1939,1935,64,60,FWD,13,57,1,APPROACH,0
C3B93D0B,1117489,1117867.399,1117867399,999,1941,1935,64,60,FWD,13,57,1,APPROACH,0
C3B93D0B,1117490,1117868.400,1117868400,1001,1940,1935,64,60,FWD,13,57,1,APPROACH,0
C3B93D0B,1117491,1117869.399,1117869399,999,1941,1935,64,60,FWD,13,57,1,APPROACH,0
C3B93D0B,1117492,1117870.400,1117870400,1001,1941,1935,64,60,FWD,13,57,1,APPROACH,0
C3B93D0B,1117493,1117871.399,1117871399,999,1941,1935,64,60,FWD,13,57,1,APPROACH,0
C3B93D0B,1117494,1117872.400,1117872400,1001,1939,1935,64,60,FWD,13,57,1,APPROACH,0
C3B93D0B,1117495,1117873.399,1117873399,999,1942,1935,64,60,FWD,13,57,1,APPROACH,0
C3B93D0B,1117496,1117874.400,1117874400,1001,1942,1935,64,60,FWD,13,57,1,APPROACH,0
C3B93D0B,1117497,1117875.400,1117875400,1000,1941,1935,64,60,FWD,13,57,1,APPROACH,0
C3B93D0B,1117498,1117876.400,1117876400,1000,1941,1935,64,60,FWD,13,57,1,APPROACH,0
C3B93D0B,1117499,1117877.399,1117877399,999,1942,1935,64,60,FWD,13,57,1,APPROACH,0
C3B93D0B,1117500,1117878.400,1117878400,1001,1941,1935,64,60,FWD,13,57,1,APPROACH,0
C3B93D0B,1117501,1117879.492,1117879492,1092,1940,1935,64,60,FWD,13,57,1,APPROACH,0
C3B93D0B,1117502,1117880.400,1117880400,908,1940,1935,64,60,FWD,13,57,1,APPROACH,0
C3B93D0B,1117503,1117881.399,1117881399,999,1942,1935,64,60,FWD,13,57,1,APPROACH,0
C3B93D0B,1117504,1117882.400,1117882400,1001,1941,1935,64,60,FWD,13,57,1,APPROACH,0
C3B93D0B,1117505,1117883.399,1117883399,999,1939,1935,64,60,FWD,13,57,1,APPROACH,0
C3B93D0B,1117506,1117884.400,1117884400,1001,1941,1935,64,60,FWD,13,57,1,APPROACH,0
C3B93D0B,1117507,1117885.400,1117885400,1000,1940,1935,64,60,FWD,13,57,1,APPROACH,0
C3B93D0B,1117508,1117887.225,1117887225,1825,1927,1935,64,60,FWD,45,57,1,APPROACH,0
C3B93D0B,1117509,1117887.904,1117887904,679,1933,1935,64,60,FWD,13,57,1,APPROACH,0
C3B93D0B,1117510,1117888.400,1117888400,496,1933,1935,64,60,FWD,13,57,1,APPROACH,0
C3B93D0B,1117511,1117889.399,1117889399,999,1933,1935,64,60,FWD,13,57,1,APPROACH,0
C3B93D0B,1117512,1117890.400,1117890400,1001,1934,1935,64,60,FWD,13,57,1,APPROACH,0
C3B93D0B,1117513,1117891.399,1117891399,999,1935,1935,64,60,FWD,13,57,1,APPROACH,0
C3B93D0B,1117514,1117892.400,1117892400,1001,1931,1935,64,60,FWD,13,57,1,APPROACH,0
C3B93D0B,1117515,1117893.399,1117893399,999,1933,1935,64,60,FWD,13,57,1,APPROACH,0
C3B93D0B,1117516,1117894.400,1117894400,1001,1934,1935,64,60,FWD,13,57,1,APPROACH,0
C3B93D0B,1117517,1117895.400,1117895400,1000,1933,1935,64,60,FWD,13,57,1,APPROACH,0
C3B93D0B,1117518,1117896.400,1117896400,1000,1935,1935,64,60,FWD,13,57,1,APPROACH,0
C3B93D0B,1117519,1117897.399,1117897399,999,1933,1935,64,60,FWD,13,57,1,APPROACH,0
C3B93D0B,1117520,1117898.400,1117898400,1001,1933,1935,64,60,FWD,13,57,1,APPROACH,0
C3B93D0B,1117521,1117899.399,1117899399,999,1932,1935,64,60,FWD,13,57,1,APPROACH,0
C3B93D0B,1117522,1117900.400,1117900400,1001,1935,1935,64,60,FWD,13,57,1,APPROACH,0
C3B93D0B,1117523,1117901.399,1117901399,999,1934,1935,64,60,FWD,13,57,1,APPROACH,0
C3B93D0B,1117524,1117902.400,1117902400,1001,1935,1935,64,60,FWD,13,57,1,APPROACH,0
C3B93D0B,1117525,1117903.399,1117903399,999,1935,1935,64,60,FWD,13,57,1,APPROACH,0
C3B93D0B,1117526,1117904.400,1117904400,1001,1932,1935,64,60,FWD,13,57,1,APPROACH,0
C3B93D0B,1117527,1117905.400,1117905400,1000,1934,1935,64,60,FWD,13,57,1,APPROACH,0
C3B93D0B,1117528,1117906.400,1117906400,1000,1935,1935,64,60,FWD,13,57,1,APPROACH,0
C3B93D0B,1117529,1117907.399,1117907399,999,1934,1935,64,60,FWD,13,57,1,APPROACH,0
C3B93D0B,1117530,1117908.400,1117908400,1001,1934,1935,64,60,FWD,13,57,1,APPROACH,0
C3B93D0B,1117531,1117909.399,1117909399,999,1936,1935,64,60,FWD,13,57,1,APPROACH,0
C3B93D0B,1117532,1117910.400,1117910400,1001,1933,1935,64,60,FWD,13,57,1,APPROACH,0
C3B93D0B,1117533,1117911.399,1117911399,999,1933,1935,64,60,FWD,13,57,1,APPROACH,0
C3B93D0B,1117534,1117912.400,1117912400,1001,1934,1935,64,60,FWD,13,57,1,APPROACH,0
C3B93D0B,1117535,1117913.399,1117913399,999,1934,1935,64,60,FWD,13,57,1,APPROACH,0
C3B93D0B,1117536,1117914.400,1117914400,1001,1934,1935,64,60,FWD,13,57,1,APPROACH,0
C3B93D0B,1117537,1117915.400,1117915400,1000,1935,1935,64,60,FWD,13,57,1,APPROACH,0
C3B93D0B,1117538,1117916.400,1117916400,1000,1934,1935,64,60,FWD,13,57,1,APPROACH,0
C3B93D0B,1117539,1117917.399,1117917399,999,1933,1935,64,60,FWD,13,57,1,APPROACH,0
C3B93D0B,1117540,1117918.400,1117918400,1001,1934,1935,64,60,FWD,13,57,1,APPROACH,0
C3B93D0B,1117541,1117919.399,1117919399,999,1934,1935,64,60,FWD,13,57,1,APPROACH,0
C3B93D0B,1117542,1117920.400,1117920400,1001,1935,1935,64,60,FWD,13,57,1,APPROACH,0
C3B93D0B,1117543,1117921.399,1117921399,999,1934,1935,64,60,FWD,13,57,1,APPROACH,0
C3B93D0B,1117544,1117922.400,1117922400,1001,1934,1935,64,60,FWD,13,57,1,APPROACH,0
C3B93D0B,1117545,1117923.399,1117923399,999,1934,1935,64,60,FWD,13,57,1,APPROACH,0
C3B93D0B,1117546,1117924.400,1117924400,1001,1933,1935,64,60,FWD,13,57,1,APPROACH,0
C3B93D0B,1117547,1117925.400,1117925400,1000,1934,1935,64,60,FWD,13,57,1,APPROACH,0
C3B93D0B,1117548,1117926.400,1117926400,1000,1934,1935,64,60,FWD,13,57,1,APPROACH,0
C3B93D0B,1117549,1117927.399,1117927399,999,1933,1935,64,60,FWD,13,57,1,APPROACH,0
C3B93D0B,1117550,1117928.400,1117928400,1001,1935,1935,64,60,FWD,13,57,1,APPROACH,0
C3B93D0B,1117551,1117929.399,1117929399,999,1933,1935,64,60,FWD,13,57,1,APPROACH,0
C3B93D0B,1117552,1117930.400,1117930400,1001,1933,1935,64,60,FWD,13,57,1,APPROACH,0
C3B93D0B,1117553,1117931.399,1117931399,999,1934,1935,64,60,FWD,13,57,1,APPROACH,0
C3B93D0B,1117554,1117932.400,1117932400,1001,1935,1935,64,60,FWD,13,57,1,APPROACH,0
C3B93D0B,1117555,1117933.399,1117933399,999,1935,1935,64,60,FWD,13,57,1,APPROACH,0
C3B93D0B,1117556,1117934.400,1117934400,1001,1935,1935,64,60,FWD,13,57,1,APPROACH,0
C3B93D0B,1117557,1117935.400,1117935400,1000,1933,1935,64,60,FWD,13,57,1,APPROACH,0
C3B93D0B,1117558,1117936.400,1117936400,1000,1934,1935,64,60,FWD,13,57,1,APPROACH,0
C3B93D0B,1117559,1117937.399,1117937399,999,1934,1935,64,60,FWD,13,57,1,APPROACH,0
C3B93D0B,1117560,1117938.403,1117938403,1004,1933,1935,64,60,FWD,13,57,1,APPROACH,0
C3B93D0B,1117561,1117939.399,1117939399,996,1934,1935,64,60,FWD,13,57,1,APPROACH,0
C3B93D0B,1117562,1117940.400,1117940400,1001,1936,1935,64,60,FWD,13,57,1,APPROACH,0
C3B93D0B,1117563,1117941.399,1117941399,999,1935,1935,64,60,FWD,13,57,1,APPROACH,0
C3B93D0B,1117564,1117942.400,1117942400,1001,1934,1935,64,60,FWD,13,57,1,APPROACH,0
C3B93D0B,1117565,1117943.399,1117943399,999,1934,1935,64,60,FWD,13,57,1,APPROACH,0
C3B93D0B,1117566,1117944.400,1117944400,1001,1933,1935,64,60,FWD,13,57,1,APPROACH,0
C3B93D0B,1117567,1117945.400,1117945400,1000,1932,1935,64,60,FWD,13,57,1,APPROACH,0
C3B93D0B,1117568,1117946.400,1117946400,1000,1932,1935,64,60,FWD,13,57,1,APPROACH,0
C3B93D0B,1117569,1117947.401,1117947401,1001,1935,1935,64,60,FWD,13,57,1,APPROACH,0
C3B93D0B,1117570,1117948.400,1117948400,999,1935,1935,64,60,FWD,13,57,1,APPROACH,0
C3B93D0B,1117571,1117949.399,1117949399,999,1931,1935,64,60,FWD,13,57,1,APPROACH,0
C3B93D0B,1117572,1117950.400,1117950400,1001,1934,1935,64,60,FWD,13,57,1,APPROACH,0
C3B93D0B,1117573,1117951.796,1117951796,1396,1943,1935,64,60,FWD,45,57,1,APPROACH,0
C3B93D0B,1117574,1117952.400,1117952400,604,1942,1935,64,60,FWD,13,57,1,APPROACH,0
C3B93D0B,1117575,1117953.399,1117953399,999,1942,1935,64,60,FWD,13,57,1,APPROACH,0
C3B93D0B,1117576,1117954.400,1117954400,1001,1943,1935,64,60,FWD,13,57,1,APPROACH,0
C3B93D0B,1117577,1117955.400,1117955400,1000,1942,1935,64,60,FWD,13,57,1,APPROACH,0
C3B93D0B,1117578,1117956.400,1117956400,1000,1942,1935,64,60,FWD,13,57,1,APPROACH,0
C3B93D0B,1117579,1117957.399,1117957399,999,1942,1935,64,60,FWD,13,57,1,APPROACH,0
C3B93D0B,1117580,1117958.400,1117958400,1001,1942,1935,64,60,FWD,13,57,1,APPROACH,0
C3B93D0B,1117581,1117959.399,1117959399,999,1939,1935,64,60,FWD,13,57,1,APPROACH,0
C3B93D0B,1117582,1117960.400,1117960400,1001,1939,1935,64,60,FWD,13,57,1,APPROACH,0
C3B93D0B,1117583,1117961.399,1117961399,999,1941,1935,64,60,FWD,13,57,1,APPROACH,0
C3B93D0B,1117584,1117962.400,1117962400,1001,1941,1935,64,60,FWD,13,57,1,APPROACH,0
C3B93D0B,1117585,1117963.399,1117963399,999,1942,1935,64,60,FWD,13,57,1,APPROACH,0
C3B93D0B,1117586,1117964.400,1117964400,1001,1941,1935,64,60,FWD,13,57,1,APPROACH,0
C3B93D0B,1117587,1117965.400,1117965400,1000,1941,1935,64,60,FWD,13,57,1,APPROACH,0
C3B93D0B,1117588,1117966.400,1117966400,1000,1941,1935,64,60,FWD,13,57,1,APPROACH,0
C3B93D0B,1117589,1117967.399,1117967399,999,1940,1935,64,60,FWD,13,57,1,APPROACH,0
C3B93D0B,1117590,1117968.400,1117968400,1001,1943,1935,64,60,FWD,13,57,1,APPROACH,0
C3B93D0B,1117591,1117969.399,1117969399,999,1942,1935,64,60,FWD,13,57,1,APPROACH,0
C3B93D0B,1117592,1117970.400,1117970400,1001,1941,1935,64,60,FWD,13,57,1,APPROACH,0
C3B93D0B,1117593,1117971.399,1117971399,999,1939,1935,64,60,FWD,13,57,1,APPROACH,0
C3B93D0B,1117594,1117972.400,1117972400,1001,1939,1935,64,60,FWD,13,57,1,APPROACH,0
C3B93D0B,1117595,1117973.399,1117973399,999,1940,1935,64,60,FWD,13,57,1,APPROACH,0
C3B93D0B,1117596,1117974.400,1117974400,1001,1941,1935,64,60,FWD,13,57,1,APPROACH,0
C3B93D0B,1117597,1117975.400,1117975400,1000,1940,1935,64,60,FWD,13,57,1,APPROACH,0
C3B93D0B,1117598,1117976.400,1117976400,1000,1938,1935,64,60,FWD,13,57,1,APPROACH,0
C3B93D0B,1117599,1117977.399,1117977399,999,1941,1935,64,60,FWD,13,57,1,APPROACH,0
C3B93D0B,1117600,1117978.400,1117978400,1001,1941,1935,64,60,FWD,13,57,1,APPROACH,0
C3B93D0B,1117601,1117979.399,1117979399,999,1941,1935,64,60,FWD,13,57,1,APPROACH,0
C3B93D0B,1117602,1117980.400,1117980400,1001,1941,1935,64,60,FWD,13,57,1,APPROACH,0
C3B93D0B,1117603,1117981.399,1117981399,999,1940,1935,64,60,FWD,13,57,1,APPROACH,0
C3B93D0B,1117604,1117982.400,1117982400,1001,1941,1935,64,60,FWD,13,57,1,APPROACH,0
C3B93D0B,1117605,1117983.399,1117983399,999,1942,1935,64,60,FWD,13,57,1,APPROACH,0
C3B93D0B,1117606,1117984.400,1117984400,1001,1941,1935,64,60,FWD,13,57,1,APPROACH,0
C3B93D0B,1117607,1117985.400,1117985400,1000,1940,1935,64,60,FWD,13,57,1,APPROACH,0
C3B93D0B,1117608,1117987.228,1117987228,1828,1930,1935,64,60,FWD,45,57,1,APPROACH,0
C3B93D0B,1117609,1117987.879,1117987879,651,1933,1935,64,60,FWD,13,57,1,APPROACH,0
C3B93D0B,1117610,1117988.400,1117988400,521,1930,1935,64,60,FWD,13,57,1,APPROACH,0
C3B93D0B,1117611,1117989.399,1117989399,999,1933,1935,64,60,FWD,13,57,1,APPROACH,0
C3B93D0B,1117612,1117990.400,1117990400,1001,1932,1935,64,60,FWD,13,57,1,APPROACH,0
C3B93D0B,1117613,1117991.399,1117991399,999,1933,1935,64,60,FWD,13,57,1,APPROACH,0
C3B93D0B,1117614,1117992.400,1117992400,1001,1933,1935,64,60,FWD,13,57,1,APPROACH,0
C3B93D0B,1117615,1117993.399,1117993399,999,1933,1935,64,60,FWD,13,57,1,APPROACH,0
C3B93D0B,1117616,1117994.400,1117994400,1001,1933,1935,64,60,FWD,13,57,1,APPROACH,0
C3B93D0B,1117617,1117995.400,1117995400,1000,1934,1935,64,60,FWD,13,57,1,APPROACH,0
C3B93D0B,1117618,1117996.400,1117996400,1000,1933,1935,64,60,FWD,13,57,1,APPROACH,0
C3B93D0B,1117619,1117997.399,1117997399,999,1934,1935,64,60,FWD,13,57,1,APPROACH,0
C3B93D0B,1117620,1117998.400,1117998400,1001,1931,1935,64,60,FWD,13,57,1,APPROACH,0
C3B93D0B,1117621,1117999.399,1117999399,999,1934,1935,64,60,FWD,13,57,1,APPROACH,0
C3B93D0B,1117622,1118000.400,1118000400,1001,1934,1935,64,60,FWD,13,57,1,APPROACH,0
C3B93D0B,1117623,1118001.399,1118001399,999,1934,1935,64,60,FWD,13,57,1,APPROACH,0
C3B93D0B,1117624,1118002.400,1118002400,1001,1935,1935,64,60,FWD,13,57,1,APPROACH,0
C3B93D0B,1117625,1118003.399,1118003399,999,1931,1935,64,60,FWD,13,57,1,APPROACH,0
C3B93D0B,1117626,1118004.400,1118004400,1001,1935,1935,64,60,FWD,13,57,1,APPROACH,0
C3B93D0B,1117627,1118005.400,1118005400,1000,1933,1935,64,60,FWD,13,57,1,APPROACH,0
C3B93D0B,1117628,1118006.400,1118006400,1000,1933,1935,64,60,FWD,13,57,1,APPROACH,0
C3B93D0B,1117629,1118007.399,1118007399,999,1934,1935,64,60,FWD,13,57,1,APPROACH,0
C3B93D0B,1117630,1118008.400,1118008400,1001,1933,1935,64,60,FWD,13,57,1,APPROACH,0
C3B93D0B,1117631,1118009.399,1118009399,999,1933,1935,64,60,FWD,13,57,1,APPROACH,0
C3B93D0B,1117632,1118010.400,1118010400,1001,1933,1935,64,60,FWD,13,57,1,APPROACH,0
C3B93D0B,1117633,1118011.399,1118011399,999,1934,1935,64,60,FWD,13,57,1,APPROACH,0
C3B93D0B,1117634,1118012.400,1118012400,1001,1934,1935,64,60,FWD,13,57,1,APPROACH,0
C3B93D0B,1117635,1118013.399,1118013399,999,1935,1935,64,60,FWD,13,57,1,APPROACH,0
C3B93D0B,1117636,1118014.400,1118014400,1001,1933,1935,64,60,FWD,13,57,1,APPROACH,0
C3B93D0B,1117637,1118015.400,1118015400,1000,1932,1935,64,60,FWD,13,57,1,APPROACH,0
C3B93D0B,1117638,1118016.400,1118016400,1000,1933,1935,64,60,FWD,13,57,1,APPROACH,0
C3B93D0B,1117639,1118017.399,1118017399,999,1933,1935,64,60,FWD,13,57,1,APPROACH,0
C3B93D0B,1117640,1118018.400,1118018400,1001,1935,1935,64,60,FWD,13,57,1,APPROACH,0
C3B93D0B,1117641,1118019.399,1118019399,999,1933,1935,64,60,FWD,13,57,1,APPROACH,0
C3B93D0B,1117642,1118020.400,1118020400,1001,1935,1935,64,60,FWD,13,57,1,APPROACH,0
C3B93D0B,1117643,1118021.399,1118021399,999,1934,1935,64,60,FWD,13,57,1,APPROACH,0
C3B93D0B,1117644,1118022.400,1118022400,1001,1935,1935,64,60,FWD,13,57,1,APPROACH,0
C3B93D0B,1117645,1118023.399,1118023399,999,1934,1935,64,60,FWD,13,57,1,APPROACH,0
C3B93D0B,1117646,1118024.400,1118024400,1001,1934,1935,64,60,FWD,13,57,1,APPROACH,0
C3B93D0B,1117647,1118025.400,1118025400,1000,1934,1935,64,60,FWD,13,57,1,APPROACH,0
C3B93D0B,1117648,1118026.400,1118026400,1000,1934,1935,64,60,FWD,13,57,1,APPROACH,0
C3B93D0B,1117649,1118027.399,1118027399,999,1935,1935,64,60,FWD,13,57,1,APPROACH,0
C3B93D0B,1117650,1118028.400,1118028400,1001,1934,1935,64,60,FWD,13,57,1,APPROACH,0
C3B93D0B,1117651,1118029.399,1118029399,999,1935,1935,64,60,FWD,13,57,1,APPROACH,0
C3B93D0B,1117652,1118030.400,1118030400,1001,1933,1935,64,60,FWD,13,57,1,APPROACH,0
C3B93D0B,1117653,1118031.399,1118031399,999,1934,1935,64,60,FWD,13,57,1,APPROACH,0
C3B93D0B,1117654,1118032.400,1118032400,1001,1934,1935,64,60,FWD,13,57,1,APPROACH,0
C3B93D0B,1117655,1118033.399,1118033399,999,1934,1935,64,60,FWD,13,57,1,APPROACH,0
C3B93D0B,1117656,1118034.400,1118034400,1001,1933,1935,64,60,FWD,13,57,1,APPROACH,0
C3B93D0B,1117657,1118035.400,1118035400,1000,1933,1935,64,60,FWD,13,57,1,APPROACH,0
C3B93D0B,1117658,1118036.400,1118036400,1000,1933,1935,64,60,FWD,13,57,1,APPROACH,0
C3B93D0B,1117659,1118037.399,1118037399,999,1936,1935,64,60,FWD,13,57,1,APPROACH,0
C3B93D0B,1117660,1118038.550,1118038550,1151,1933,1935,64,60,FWD,13,57,1,APPROACH,0
C3B93D0B,1117661,1118039.399,1118039399,849,1934,1935,64,60,FWD,13,57,1,APPROACH,0
C3B93D0B,1117662,1118040.400,1118040400,1001,1935,1935,64,60,FWD,13,57,1,APPROACH,0
C3B93D0B,1117663,1118041.399,1118041399,999,1935,1935,64,60,FWD,13,57,1,APPROACH,0
C3B93D0B,1117664,1118042.400,1118042400,1001,1936,1935,64,60,FWD,13,57,1,APPROACH,0
C3B93D0B,1117665,1118043.399,1118043399,999,1936,1935,64,60,FWD,13,57,1,APPROACH,0
C3B93D0B,1117666,1118044.400,1118044400,1001,1945,1935,64,60,FWD,13,57,1,APPROACH,0
C3B93D0B,1117667,1118045.400,1118045400,1000,1941,1935,64,60,FWD,13,57,1,APPROACH,0
C3B93D0B,1117668,1118046.400,1118046400,1000,1945,1935,64,60,FWD,13,57,1,APPROACH,0
C3B93D0B,1117669,1118047.399,1118047399,999,1942,1935,64,60,FWD,13,57,1,APPROACH,0
C3B93D0B,1117670,1118048.790,1118048790,1391,1934,1935,64,60,FWD,45,57,1,APPROACH,0
C3B93D0B,1117671,1118049.399,1118049399,609,1933,1935,64,60,FWD,13,57,1,APPROACH,0
C3B93D0B,1117672,1118050.399,1118050399,1000,1933,1935,64,60,FWD,13,57,1,APPROACH,0
C3B93D0B,1117673,1118051.400,1118051400,1001,1931,1935,64,60,FWD,13,57,1,APPROACH,0
C3B93D0B,1117674,1118052.399,1118052399,999,1934,1935,64,60,FWD,13,57,1,APPROACH,0
C3B93D0B,1117675,1118054.018,1118054018,1619,1935,1935,64,60,FWD,45,57,1,APPROACH,0
C3B93D0B,1117676,1118054.955,1118054955,937,1933,1935,64,60,FWD,13,57,1,APPROACH,0
C3B93D0B,1117677,1118055.401,1118055401,446,1933,1935,64,60,FWD,13,57,1,APPROACH,0
C3B93D0B,1117678,1118056.400,1118056400,999,1933,1935,64,60,FWD,13,57,1,APPROACH,0
C3B93D0B,1117679,1118057.400,1118057400,1000,1933,1935,64,60,FWD,13,57,1,APPROACH,0
C3B93D0B,1117680,1118058.399,1118058399,999,1933,1935,64,60,FWD,13,57,1,APPROACH,0
C3B93D0B,1117681,1118059.400,1118059400,1001,1932,1935,64,60,FWD,13,57,1,APPROACH,0
C3B93D0B,1117682,1118060.399,1118060399,999,1943,1935,64,60,FWD,13,57,1,APPROACH,0
C3B93D0B,1117683,1118061.400,1118061400,1001,1943,1935,64,60,FWD,13,57,1,APPROACH,0
C3B93D0B,1117684,1118062.399,1118062399,999,1942,1935,64,60,FWD,13,57,1,APPROACH,0
C3B93D0B,1117685,1118063.400,1118063400,1001,1943,1935,64,60,FWD,13,57,1,APPROACH,0
C3B93D0B,1117686,1118064.399,1118064399,999,1942,1935,64,60,FWD,13,57,1,APPROACH,0
C3B93D0B,1117687,1118065.401,1118065401,1002,1941,1935,64,60,FWD,13,57,1,APPROACH,0
C3B93D0B,1117688,1118066.399,1118066399,998,1942,1935,64,60,FWD,13,57,1,APPROACH,0
C3B93D0B,1117689,1118067.400,1118067400,1001,1941,1935,64,60,FWD,13,57,1,APPROACH,0
C3B93D0B,1117690,1118068.399,1118068399,999,1942,1935,64,60,FWD,13,57,1,APPROACH,0
C3B93D0B,1117691,1118069.400,1118069400,1001,1939,1935,64,60,FWD,13,57,1,APPROACH,0
C3B93D0B,1117692,1118070.399,1118070399,999,1940,1935,64,60,FWD,13,57,1,APPROACH,0
C3B93D0B,1117693,1118071.400,1118071400,1001,1939,1935,64,60,FWD,13,57,1,APPROACH,0
C3B93D0B,1117694,1118072.399,1118072399,999,1941,1935,64,60,FWD,13,57,1,APPROACH,0
C3B93D0B,1117695,1118073.400,1118073400,1001,1941,1935,64,60,FWD,13,57,1,APPROACH,0
C3B93D0B,1117696,1118074.399,1118074399,999,1941,1935,64,60,FWD,13,57,1,APPROACH,0
C3B93D0B,1117697,1118075.401,1118075401,1002,1941,1935,64,60,FWD,13,57,1,APPROACH,0
C3B93D0B,1117698,1118076.399,1118076399,998,1941,1935,64,60,FWD,13,57,1,APPROACH,0
C3B93D0B,1117699,1118077.400,1118077400,1001,1941,1935,64,60,FWD,13,57,1,APPROACH,0
C3B93D0B,1117700,1118078.399,1118078399,999,1941,1935,64,60,FWD,13,57,1,APPROACH,0
C3B93D0B,1117701,1118079.400,1118079400,1001,1941,1935,64,60,FWD,13,57,1,APPROACH,0
C3B93D0B,1117702,1118080.399,1118080399,999,1939,1935,64,60,FWD,13,57,1,APPROACH,0
C3B93D0B,1117703,1118081.400,1118081400,1001,1943,1935,64,60,FWD,13,57,1,APPROACH,0
C3B93D0B,1117704,1118082.399,1118082399,999,1940,1935,64,60,FWD,13,57,1,APPROACH,0
C3B93D0B,1117705,1118083.400,1118083400,1001,1940,1935,64,60,FWD,13,57,1,APPROACH,0
C3B93D0B,1117706,1118084.399,1118084399,999,1939,1935,64,60,FWD,13,57,1,APPROACH,0
C3B93D0B,1117707,1118085.401,1118085401,1002,1939,1935,64,60,FWD,13,57,1,APPROACH,0
C3B93D0B,1117708,1118087.237,1118087237,1836,1927,1935,64,60,FWD,45,57,1,APPROACH,0
C3B93D0B,1117709,1118087.897,1118087897,660,1930,1935,64,60,FWD,13,57,1,APPROACH,0
C3B93D0B,1117710,1118088.400,1118088400,503,1929,1935,64,60,FWD,13,57,1,APPROACH,0
C3B93D0B,1117711,1118089.399,1118089399,999,1933,1935,64,60,FWD,13,57,1,APPROACH,0
C3B93D0B,1117712,1118090.400,1118090400,1001,1932,1935,64,60,FWD,13,57,1,APPROACH,0
C3B93D0B,1117713,1118091.399,1118091399,999,1932,1935,64,60,FWD,13,57,1,APPROACH,0
C3B93D0B,1117714,1118092.524,1118092524,1125,1934,1935,64,60,FWD,13,57,1,APPROACH,0
C3B93D0B,1117715,1118093.399,1118093399,875,1933,1935,64,60,FWD,13,57,1,APPROACH,0
C3B93D0B,1117716,1118094.400,1118094400,1001,1934,1935,64,60,FWD,13,57,1,APPROACH,0
C3B93D0B,1117717,1118095.400,1118095400,1000,1935,1935,64,60,FWD,13,57,1,APPROACH,0
C3B93D0B,1117718,1118096.400,1118096400,1000,1933,1935,64,60,FWD,13,57,1,APPROACH,0
C3B93D0B,1117719,1118097.399,1118097399,999,1935,1935,64,60,FWD,13,57,1,APPROACH,0
C3B93D0B,1117720,1118098.400,1118098400,1001,1933,1935,64,60,FWD,13,57,1,APPROACH,0
C3B93D0B,1117721,1118099.399,1118099399,999,1933,1935,64,60,FWD,13,57,1,APPROACH,0
C3B93D0B,1117722,1118100.400,1118100400,1001,1933,1935,64,60,FWD,13,57,1,APPROACH,0
C3B93D0B,1117723,1118101.399,1118101399,999,1934,1935,64,60,FWD,13,57,1,APPROACH,0
C3B93D0B,1117724,1118102.400,1118102400,1001,1933,1935,64,60,FWD,13,57,1,APPROACH,0
C3B93D0B,1117725,1118103.399,1118103399,999,1935,1935,64,60,FWD,13,57,1,APPROACH,0
C3B93D0B,1117726,1118104.400,1118104400,1001,1932,1935,64,60,FWD,13,57,1,APPROACH,0
C3B93D0B,1117727,1118105.400,1118105400,1000,1935,1935,64,60,FWD,13,57,1,APPROACH,0
C3B93D0B,1117728,1118106.400,1118106400,1000,1936,1935,64,60,FWD,13,57,1,APPROACH,0
C3B93D0B,1117729,1118107.399,1118107399,999,1936,1935,64,60,FWD,13,57,1,APPROACH,0
C3B93D0B,1117730,1118108.400,1118108400,1001,1934,1935,64,60,FWD,13,57,1,APPROACH,0
C3B93D0B,1117731,1118109.399,1118109399,999,1934,1935,64,60,FWD,13,57,1,APPROACH,0
C3B93D0B,1117732,1118110.400,1118110400,1001,1933,1935,64,60,FWD,13,57,1,APPROACH,0
C3B93D0B,1117733,1118111.399,1118111399,999,1933,1935,64,60,FWD,13,57,1,APPROACH,0
C3B93D0B,1117734,1118112.400,1118112400,1001,1934,1935,63,60,FWD,13,57,1,APPROACH,0
C3B93D0B,1117735,1118113.399,1118113399,999,1934,1935,63,60,FWD,13,57,1,APPROACH,0
C3B93D0B,1117736,1118114.400,1118114400,1001,1933,1935,63,60,FWD,13,57,1,APPROACH,0
C3B93D0B,1117737,1118115.400,1118115400,1000,1933,1935,63,60,FWD,13,57,1,APPROACH,0
C3B93D0B,1117738,1118116.400,1118116400,1000,1936,1935,63,60,FWD,13,57,1,APPROACH,0
C3B93D0B,1117739,1118117.399,1118117399,999,1933,1935,63,60,FWD,13,57,1,APPROACH,0
C3B93D0B,1117740,1118118.400,1118118400,1001,1932,1935,63,60,FWD,13,57,1,APPROACH,0
C3B93D0B,1117741,1118119.399,1118119399,999,1934,1935,63,60,FWD,13,57,1,APPROACH,0
C3B93D0B,1117742,1118120.400,1118120400,1001,1935,1935,63,60,FWD,13,57,1,APPROACH,0
C3B93D0B,1117743,1118121.399,1118121399,999,1935,1935,63,60,FWD,13,57,1,APPROACH,0
C3B93D0B,1117744,1118122.400,1118122400,1001,1934,1935,63,60,FWD,13,57,1,APPROACH,0
C3B93D0B,1117745,1118123.399,1118123399,999,1934,1935,63,60,FWD,13,57,1,APPROACH,0
C3B93D0B,1117746,1118124.400,1118124400,1001,1933,1935,63,60,FWD,13,57,1,APPROACH,0
C3B93D0B,1117747,1118125.400,1118125400,1000,1934,1935,63,60,FWD,13,57,1,APPROACH,0
C3B93D0B,1117748,1118126.400,1118126400,1000,1934,1935,63,60,FWD,13,57,1,APPROACH,0
C3B93D0B,1117749,1118127.399,1118127399,999,1934,1935,63,60,FWD,13,57,1,APPROACH,0
C3B93D0B,1117750,1118128.400,1118128400,1001,1934,1935,63,60,FWD,13,57,1,APPROACH,0
C3B93D0B,1117751,1118129.399,1118129399,999,1935,1935,63,60,FWD,13,57,1,APPROACH,0
C3B93D0B,1117752,1118130.400,1118130400,1001,1932,1935,63,60,FWD,13,57,1,APPROACH,0
C3B93D0B,1117753,1118131.399,1118131399,999,1933,1935,63,60,FWD,13,57,1,APPROACH,0
C3B93D0B,1117754,1118132.400,1118132400,1001,1935,1935,63,60,FWD,13,57,1,APPROACH,0
C3B93D0B,1117755,1118133.399,1118133399,999,1934,1935,63,60,FWD,13,57,1,APPROACH,0
C3B93D0B,1117756,1118134.400,1118134400,1001,1934,1935,63,60,FWD,13,57,1,APPROACH,0
C3B93D0B,1117757,1118135.400,1118135400,1000,1935,1935,63,60,FWD,13,57,1,APPROACH,0
C3B93D0B,1117758,1118136.400,1118136400,1000,1935,1935,63,60,FWD,13,57,1,APPROACH,0
C3B93D0B,1117759,1118137.399,1118137399,999,1935,1935,63,60,FWD,13,57,1,APPROACH,0
C3B93D0B,1117760,1118138.514,1118138514,1115,1935,1935,63,60,FWD,13,57,1,APPROACH,0
C3B93D0B,1117761,1118139.399,1118139399,885,1936,1935,63,60,FWD,13,57,1,APPROACH,0
C3B93D0B,1117762,1118140.400,1118140400,1001,1936,1935,63,60,FWD,13,57,1,APPROACH,0
C3B93D0B,1117763,1118141.399,1118141399,999,1934,1935,63,60,FWD,13,57,1,APPROACH,0
C3B93D0B,1117764,1118142.400,1118142400,1001,1933,1935,63,60,FWD,13,57,1,APPROACH,0
C3B93D0B,1117765,1118143.399,1118143399,999,1942,1935,63,60,FWD,13,57,1,APPROACH,0
C3B93D0B,1117766,1118144.400,1118144400,1001,1943,1935,63,60,FWD,13,57,1,APPROACH,0
C3B93D0B,1117767,1118145.400,1118145400,1000,1943,1935,63,60,FWD,13,57,1,APPROACH,0
C3B93D0B,1117768,1118146.400,1118146400,1000,1943,1935,63,60,FWD,13,57,1,APPROACH,0
C3B93D0B,1117769,1118147.399,1118147399,999,1943,1935,63,60,FWD,13,57,1,APPROACH,0
C3B93D0B,1117770,1118148.400,1118148400,1001,1943,1935,63,60,FWD,13,57,1,APPROACH,0
C3B93D0B,1117771,1118149.399,1118149399,999,1944,1935,63,60,FWD,13,57,1,APPROACH,0
C3B93D0B,1117772,1118150.400,1118150400,1001,1942,1935,63,60,FWD,13,57,1,APPROACH,0
C3B93D0B,1117773,1118151.399,1118151399,999,1931,1935,63,60,FWD,13,57,1,APPROACH,0
C3B93D0B,1117774,1118152.400,1118152400,1001,1931,1935,63,60,FWD,13,57,1,APPROACH,0
C3B93D0B,1117775,1118153.399,1118153399,999,1934,1935,63,60,FWD,13,57,1,APPROACH,0
C3B93D0B,1117776,1118154.400,1118154400,1001,1935,1935,63,60,FWD,13,57,1,APPROACH,0
C3B93D0B,1117777,1118155.400,1118155400,1000,1932,1935,63,60,FWD,13,57,1,APPROACH,0
C3B93D0B,1117778,1118156.404,1118156404,1004,1933,1935,63,60,FWD,13,57,1,APPROACH,0
C3B93D0B,1117779,1118157.726,1118157726,1322,1934,1935,63,60,FWD,45,57,1,APPROACH,0
C3B93D0B,1117780,1118158.400,1118158400,674,1931,1935,63,60,FWD,13,57,1,APPROACH,0
C3B93D0B,1117781,1118159.399,1118159399,999,1933,1935,63,60,FWD,13,57,1,APPROACH,0
C3B93D0B,1117782,1118160.400,1118160400,1001,1933,1935,63,60,FWD,13,57,1,APPROACH,0
C3B93D0B,1117783,1118161.399,1118161399,999,1933,1935,63,60,FWD,13,57,1,APPROACH,0
C3B93D0B,1117784,1118162.400,1118162400,1001,1933,1935,63,60,FWD,13,57,1,APPROACH,0
C3B93D0B,1117785,1118163.399,1118163399,999,1933,1935,63,60,FWD,13,57,1,APPROACH,0
C3B93D0B,1117786,1118164.403,1118164403,1004,1942,1935,63,60,FWD,13,57,1,APPROACH,0
C3B93D0B,1117787,1118165.400,1118165400,997,1942,1935,63,60,FWD,13,57,1,APPROACH,0
C3B93D0B,1117788,1118166.400,1118166400,1000,1942,1935,63,60,FWD,13,57,1,APPROACH,0
C3B93D0B,1117789,1118167.399,1118167399,999,1941,1935,63,60,FWD,13,57,1,APPROACH,0
C3B93D0B,1117790,1118168.400,1118168400,1001,1942,1935,63,60,FWD,13,57,1,APPROACH,0
C3B93D0B,1117791,1118169.399,1118169399,999,1940,1935,63,60,FWD,13,57,1,APPROACH,0
C3B93D0B,1117792,1118170.400,1118170400,1001,1943,1935,63,60,FWD,13,57,1,APPROACH,0
C3B93D0B,1117793,1118171.399,1118171399,999,1941,1935,63,60,FWD,13,57,1,APPROACH,0
C3B93D0B,1117794,1118172.400,1118172400,1001,1939,1935,63,60,FWD,13,57,1,APPROACH,0
C3B93D0B,1117795,1118173.399,1118173399,999,1940,1935,63,60,FWD,13,57,1,APPROACH,0
C3B93D0B,1117796,1118174.400,1118174400,1001,1941,1935,63,60,FWD,13,57,1,APPROACH,0
C3B93D0B,1117797,1118175.400,1118175400,1000,1941,1935,63,60,FWD,13,57,1,APPROACH,0
C3B93D0B,1117798,1118176.400,1118176400,1000,1939,1935,63,60,FWD,13,57,1,APPROACH,0
C3B93D0B,1117799,1118177.399,1118177399,999,1941,1935,63,60,FWD,13,57,1,APPROACH,0
C3B93D0B,1117800,1118178.400,1118178400,1001,1939,1935,63,60,FWD,13,57,1,APPROACH,0
C3B93D0B,1117801,1118179.399,1118179399,999,1939,1935,63,60,FWD,13,57,1,APPROACH,0
C3B93D0B,1117802,1118180.400,1118180400,1001,1941,1935,63,60,FWD,13,57,1,APPROACH,0
C3B93D0B,1117803,1118181.399,1118181399,999,1942,1935,63,60,FWD,13,57,1,APPROACH,0
C3B93D0B,1117804,1118182.400,1118182400,1001,1942,1935,63,60,FWD,13,57,1,APPROACH,0
C3B93D0B,1117805,1118183.399,1118183399,999,1941,1935,63,60,FWD,13,57,1,APPROACH,0
C3B93D0B,1117806,1118184.400,1118184400,1001,1939,1935,63,60,FWD,13,57,1,APPROACH,0
C3B93D0B,1117807,1118185.400,1118185400,1000,1941,1935,63,60,FWD,13,57,1,APPROACH,0
C3B93D0B,1117808,1118187.231,1118187231,1831,1927,1935,63,60,FWD,45,57,1,APPROACH,0
C3B93D0B,1117809,1118187.905,1118187905,674,1932,1935,63,60,FWD,13,57,1,APPROACH,0
C3B93D0B,1117810,1118188.400,1118188400,495,1931,1935,63,60,FWD,13,57,1,APPROACH,0
C3B93D0B,1117811,1118189.399,1118189399,999,1933,1935,63,60,FWD,13,57,1,APPROACH,0
C3B93D0B,1117812,1118190.400,1118190400,1001,1931,1935,63,60,FWD,13,57,1,APPROACH,0
C3B93D0B,1117813,1118191.399,1118191399,999,1933,1935,63,60,FWD,13,57,1,APPROACH,0
C3B93D0B,1117814,1118192.400,1118192400,1001,1931,1935,63,60,FWD,13,57,1,APPROACH,0
C3B93D0B,1117815,1118193.399,1118193399,999,1933,1935,63,60,FWD,13,57,1,APPROACH,0
C3B93D0B,1117816,1118194.400,1118194400,1001,1933,1935,63,60,FWD,13,57,1,APPROACH,0
C3B93D0B,1117817,1118195.400,1118195400,1000,1934,1935,63,60,FWD,13,57,1,APPROACH,0
C3B93D0B,1117818,1118196.400,1118196400,1000,1933,1935,63,60,FWD,13,57,1,APPROACH,0
C3B93D0B,1117819,1118197.399,1118197399,999,1932,1935,63,60,FWD,13,57,1,APPROACH,0
C3B93D0B,1117820,1118198.400,1118198400,1001,1933,1935,63,60,FWD,13,57,1,APPROACH,0
C3B93D0B,1117821,1118199.399,1118199399,999,1933,1935,63,60,FWD,13,57,1,APPROACH,0
C3B93D0B,1117822,1118200.400,1118200400,1001,1934,1935,63,60,FWD,13,57,1,APPROACH,0
C3B93D0B,1117823,1118201.399,1118201399,999,1933,1935,63,60,FWD,13,57,1,APPROACH,0
C3B93D0B,1117824,1118202.400,1118202400,1001,1934,1935,63,60,FWD,13,57,1,APPROACH,0
C3B93D0B,1117825,1118203.399,1118203399,999,1935,1935,63,60,FWD,13,57,1,APPROACH,0
C3B93D0B,1117826,1118204.400,1118204400,1001,1933,1935,63,60,FWD,13,57,1,APPROACH,0
C3B93D0B,1117827,1118205.400,1118205400,1000,1933,1935,63,60,FWD,13,57,1,APPROACH,0
C3B93D0B,1117828,1118206.400,1118206400,1000,1931,1935,63,60,FWD,13,57,1,APPROACH,0
C3B93D0B,1117829,1118207.399,1118207399,999,1935,1935,63,60,FWD,13,57,1,APPROACH,0
C3B93D0B,1117830,1118208.400,1118208400,1001,1933,1935,63,60,FWD,13,57,1,APPROACH,0
C3B93D0B,1117831,1118209.399,1118209399,999,1933,1935,63,60,FWD,13,57,1,APPROACH,0
C3B93D0B,1117832,1118210.400,1118210400,1001,1934,1935,63,60,FWD,13,57,1,APPROACH,0
C3B93D0B,1117833,1118211.399,1118211399,999,1933,1935,63,60,FWD,13,57,1,APPROACH,0
C3B93D0B,1117834,1118212.400,1118212400,1001,1931,1935,63,60,FWD,13,57,1,APPROACH,0
C3B93D0B,1117835,1118213.399,1118213399,999,1933,1935,63,60,FWD,13,57,1,APPROACH,0
C3B93D0B,1117836,1118214.400,1118214400,1001,1933,1935,63,60,FWD,13,57,1,APPROACH,0
C3B93D0B,1117837,1118215.400,1118215400,1000,1935,1935,63,60,FWD,13,57,1,APPROACH,0
C3B93D0B,1117838,1118216.400,1118216400,1000,1934,1935,63,60,FWD,13,57,1,APPROACH,0
C3B93D0B,1117839,1118217.399,1118217399,999,1933,1935,63,60,FWD,13,57,1,APPROACH,0
C3B93D0B,1117840,1118218.400,1118218400,1001,1932,1935,63,60,FWD,13,57,1,APPROACH,0
C3B93D0B,1117841,1118219.399,1118219399,999,1934,1935,63,60,FWD,13,57,1,APPROACH,0
C3B93D0B,1117842,1118220.400,1118220400,1001,1933,1935,63,60,FWD,13,57,1,APPROACH,0
C3B93D0B,1117843,1118221.399,1118221399,999,1934,1935,63,60,FWD,13,57,1,APPROACH,0
C3B93D0B,1117844,1118222.400,1118222400,1001,1935,1935,63,60,FWD,13,57,1,APPROACH,0
C3B93D0B,1117845,1118223.399,1118223399,999,1935,1935,63,60,FWD,13,57,1,APPROACH,0
C3B93D0B,1117846,1118224.400,1118224400,1001,1935,1935,63,60,FWD,13,57,1,APPROACH,0
C3B93D0B,1117847,1118225.400,1118225400,1000,1935,1935,63,60,FWD,13,57,1,APPROACH,0
C3B93D0B,1117848,1118226.400,1118226400,1000,1936,1935,63,60,FWD,13,57,1,APPROACH,0
C3B93D0B,1117849,1118227.399,1118227399,999,1936,1935,63,60,FWD,13,57,1,APPROACH,0
C3B93D0B,1117850,1118228.400,1118228400,1001,1933,1935,63,60,FWD,13,57,1,APPROACH,0
C3B93D0B,1117851,1118229.399,1118229399,999,1935,1935,63,60,FWD,13,57,1,APPROACH,0
C3B93D0B,1117852,1118230.400,1118230400,1001,1934,1935,63,60,FWD,13,57,1,APPROACH,0
C3B93D0B,1117853,1118231.399,1118231399,999,1933,1935,63,60,FWD,13,57,1,APPROACH,0
C3B93D0B,1117854,1118232.400,1118232400,1001,1933,1935,63,60,FWD,13,57,1,APPROACH,0
C3B93D0B,1117855,1118233.399,1118233399,999,1935,1935,63,60,FWD,13,57,1,APPROACH,0
C3B93D0B,1117856,1118234.400,1118234400,1001,1933,1935,63,60,FWD,13,57,1,APPROACH,0
C3B93D0B,1117857,1118235.400,1118235400,1000,1933,1935,63,60,FWD,13,57,1,APPROACH,0
C3B93D0B,1117858,1118236.400,1118236400,1000,1935,1935,63,60,FWD,13,57,1,APPROACH,0
C3B93D0B,1117859,1118237.399,1118237399,999,1934,1935,63,60,FWD,13,57,1,APPROACH,0
C3B93D0B,1117860,1118238.512,1118238512,1113,1935,1935,63,60,FWD,13,57,1,APPROACH,0
C3B93D0B,1117861,1118239.399,1118239399,887,1933,1935,63,60,FWD,13,57,1,APPROACH,0
C3B93D0B,1117862,1118240.400,1118240400,1001,1934,1935,63,60,FWD,13,57,1,APPROACH,0
C3B93D0B,1117863,1118241.399,1118241399,999,1934,1935,63,60,FWD,13,57,1,APPROACH,0
C3B93D0B,1117864,1118242.400,1118242400,1001,1936,1935,63,60,FWD,13,57,1,APPROACH,0
C3B93D0B,1117865,1118243.399,1118243399,999,1943,1935,63,60,FWD,13,57,1,APPROACH,0
C3B93D0B,1117866,1118244.400,1118244400,1001,1943,1935,63,60,FWD,13,57,1,APPROACH,0
C3B93D0B,1117867,1118245.400,1118245400,1000,1943,1935,63,60,FWD,13,57,1,APPROACH,0
C3B93D0B,1117868,1118246.402,1118246402,1002,1941,1935,63,60,FWD,13,57,1,APPROACH,0
C3B93D0B,1117869,1118247.694,1118247694,1292,1934,1935,63,60,FWD,45,57,1,APPROACH,0
C3B93D0B,1117870,1118248.403,1118248403,709,1931,1935,63,60,FWD,13,57,1,APPROACH,0
C3B93D0B,1117871,1118249.401,1118249401,998,1930,1935,63,60,FWD,13,57,1,APPROACH,0
C3B93D0B,1117872,1118250.400,1118250400,999,1931,1935,63,60,FWD,13,57,1,APPROACH,0
C3B93D0B,1117873,1118251.399,1118251399,999,1934,1935,63,60,FWD,13,57,1,APPROACH,0
C3B93D0B,1117874,1118252.400,1118252400,1001,1932,1935,63,60,FWD,13,57,1,APPROACH,0
C3B93D0B,1117875,1118254.791,1118254791,2391,1933,1935,63,60,FWD,45,57,1,APPROACH,0
C3B93D0B,1117876,1118255.374,1118255374,583,1933,1935,63,60,FWD,13,57,1,APPROACH,0
C3B93D0B,1117877,1118255.625,1118255625,251,1934,1935,63,60,FWD,13,57,1,APPROACH,0
C3B93D0B,1117878,1118256.804,1118256804,1179,1935,1935,63,60,FWD,13,57,1,APPROACH,0
C3B93D0B,1117879,1118257.399,1118257399,595,1935,1935,63,60,FWD,13,57,1,APPROACH,0
C3B93D0B,1117880,1118258.980,1118258980,1581,1935,1935,63,60,FWD,45,57,1,APPROACH,0
C3B93D0B,1117881,1118259.400,1118259400,420,1933,1935,63,60,FWD,13,57,1,APPROACH,0
C3B93D0B,1117882,1118260.400,1118260400,1000,1934,1935,63,60,FWD,13,57,1,APPROACH,0
C3B93D0B,1117883,1118261.399,1118261399,999,1935,1935,63,60,FWD,13,57,1,APPROACH,0
C3B93D0B,1117884,1118262.400,1118262400,1001,1934,1935,63,60,FWD,13,57,1,APPROACH,0
C3B93D0B,1117885,1118263.399,1118263399,999,1934,1935,63,60,FWD,13,57,1,APPROACH,0
C3B93D0B,1117886,1118264.400,1118264400,1001,1933,1935,63,60,FWD,13,57,1,APPROACH,0
C3B93D0B,1117887,1118265.851,1118265851,1451,1933,1935,63,60,FWD,45,57,1,APPROACH,0
C3B93D0B,1117888,1118266.400,1118266400,549,1935,1935,63,60,FWD,13,57,1,APPROACH,0
C3B93D0B,1117889,1118267.399,1118267399,999,1935,1935,63,60,FWD,13,57,1,APPROACH,0
C3B93D0B,1117890,1118268.400,1118268400,1001,1934,1935,63,60,FWD,13,57,1,APPROACH,0
C3B93D0B,1117891,1118269.400,1118269400,1000,1933,1935,63,60,FWD,13,57,1,APPROACH,0
C3B93D0B,1117892,1118270.400,1118270400,1000,1935,1935,63,60,FWD,13,57,1,APPROACH,0
C3B93D0B,1117893,1118271.399,1118271399,999,1935,1935,63,60,FWD,13,57,1,APPROACH,0
C3B93D0B,1117894,1118272.808,1118272808,1409,1935,1935,63,60,FWD,45,57,1,APPROACH,0
C3B93D0B,1117895,1118273.399,1118273399,591,1935,1935,63,60,FWD,13,57,1,APPROACH,0
C3B93D0B,1117896,1118274.400,1118274400,1001,1936,1935,63,60,FWD,13,57,1,APPROACH,0
C3B93D0B,1117897,1118275.399,1118275399,999,1935,1935,63,60,FWD,13,57,1,APPROACH,0
C3B93D0B,1117898,1118276.400,1118276400,1001,1934,1935,63,60,FWD,13,57,1,APPROACH,0
C3B93D0B,1117899,1118277.399,1118277399,999,1934,1935,63,60,FWD,13,57,1,APPROACH,0
C3B93D0B,1117900,1118278.400,1118278400,1001,1935,1935,63,60,FWD,13,57,1,APPROACH,0
C3B93D0B,1117901,1118279.400,1118279400,1000,1933,1935,63,60,FWD,13,57,1,APPROACH,0
C3B93D0B,1117902,1118280.822,1118280822,1422,1933,1935,63,60,FWD,45,57,1,APPROACH,0
C3B93D0B,1117903,1118281.399,1118281399,577,1935,1935,63,60,FWD,13,57,1,APPROACH,0
C3B93D0B,1117904,1118282.400,1118282400,1001,1933,1935,63,60,FWD,13,57,1,APPROACH,0
C3B93D0B,1117905,1118283.399,1118283399,999,1933,1935,63,60,FWD,13,57,1,APPROACH,0
C3B93D0B,1117906,1118284.400,1118284400,1001,1927,1935,63,60,FWD,13,57,1,APPROACH,0
C3B93D0B,1117907,1118285.399,1118285399,999,1933,1935,63,60,FWD,13,57,1,APPROACH,0
C3B93D0B,1117908,1118286.400,1118286400,1001,1936,1935,63,60,FWD,13,57,1,APPROACH,0
C3B93D0B,1117909,1118287.399,1118287399,999,1933,1935,63,60,FWD,13,57,1,APPROACH,0
C3B93D0B,1117910,1118288.400,1118288400,1001,1934,1935,63,60,FWD,13,57,1,APPROACH,0
C3B93D0B,1117911,1118289.400,1118289400,1000,1933,1935,63,60,FWD,13,57,1,APPROACH,0
C3B93D0B,1117912,1118290.400,1118290400,1000,1934,1935,63,60,FWD,13,57,1,APPROACH,0
C3B93D0B,1117913,1118291.399,1118291399,999,1935,1935,63,60,FWD,13,57,1,APPROACH,0
C3B93D0B,1117914,1118292.400,1118292400,1001,1933,1935,63,60,FWD,13,57,1,APPROACH,0
C3B93D0B,1117915,1118293.399,1118293399,999,1934,1935,63,60,FWD,13,57,1,APPROACH,0
C3B93D0B,1117916,1118294.400,1118294400,1001,1935,1935,63,60,FWD,13,57,1,APPROACH,0
C3B93D0B,1117917,1118295.399,1118295399,999,1934,1935,63,60,FWD,13,57,1,APPROACH,0
C3B93D0B,1117918,1118296.400,1118296400,1001,1933,1935,63,60,FWD,13,57,1,APPROACH,0
C3B93D0B,1117919,1118297.399,1118297399,999,1934,1935,63,60,FWD,13,57,1,APPROACH,0
C3B93D0B,1117920,1118298.400,1118298400,1001,1933,1935,63,60,FWD,13,57,1,APPROACH,0
C3B93D0B,1117921,1118299.400,1118299400,1000,1933,1935,63,60,FWD,13,57,1,APPROACH,0
C3B93D0B,1117922,1118300.400,1118300400,1000,1934,1935,63,60,FWD,13,57,1,APPROACH,0
C3B93D0B,1117923,1118301.399,1118301399,999,1935,1935,63,60,FWD,13,57,1,APPROACH,0
C3B93D0B,1117924,1118302.400,1118302400,1001,1933,1935,63,60,FWD,13,57,1,APPROACH,0
C3B93D0B,1117925,1118303.399,1118303399,999,1933,1935,63,60,FWD,13,57,1,APPROACH,0
C3B93D0B,1117926,1118304.400,1118304400,1001,1935,1935,63,60,FWD,13,57,1,APPROACH,0
C3B93D0B,1117927,1118305.399,1118305399,999,1935,1935,63,60,FWD,13,57,1,APPROACH,0
C3B93D0B,1117928,1118306.400,1118306400,1001,1935,1935,63,60,FWD,13,57,1,APPROACH,0
C3B93D0B,1117929,1118307.399,1118307399,999,1934,1935,63,60,FWD,13,57,1,APPROACH,0
C3B93D0B,1117930,1118308.400,1118308400,1001,1935,1935,63,60,FWD,13,57,1,APPROACH,0
C3B93D0B,1117931,1118309.400,1118309400,1000,1933,1935,63,60,FWD,13,57,1,APPROACH,0
C3B93D0B,1117932,1118310.400,1118310400,1000,1933,1935,63,60,FWD,13,57,1,APPROACH,0
C3B93D0B,1117933,1118311.399,1118311399,999,1934,1935,63,60,FWD,13,57,1,APPROACH,0
C3B93D0B,1117934,1118312.400,1118312400,1001,1931,1935,63,60,FWD,13,57,1,APPROACH,0
C3B93D0B,1117935,1118313.399,1118313399,999,1935,1935,63,60,FWD,13,57,1,APPROACH,0
C3B93D0B,1117936,1118314.400,1118314400,1001,1933,1935,63,60,FWD,13,57,1,APPROACH,0
C3B93D0B,1117937,1118315.399,1118315399,999,1935,1935,63,60,FWD,13,57,1,APPROACH,0
C3B93D0B,1117938,1118316.400,1118316400,1001,1933,1935,63,60,FWD,13,57,1,APPROACH,0
C3B93D0B,1117939,1118317.399,1118317399,999,1935,1935,63,60,FWD,13,57,1,APPROACH,0
C3B93D0B,1117940,1118318.400,1118318400,1001,1934,1935,63,60,FWD,13,57,1,APPROACH,0
C3B93D0B,1117941,1118319.400,1118319400,1000,1936,1935,63,60,FWD,13,57,1,APPROACH,0
C3B93D0B,1117942,1118320.400,1118320400,1000,1934,1935,63,60,FWD,13,57,1,APPROACH,0
C3B93D0B,1117943,1118321.399,1118321399,999,1935,1935,63,60,FWD,13,57,1,APPROACH,0
C3B93D0B,1117944,1118322.400,1118322400,1001,1933,1935,63,60,FWD,13,57,1,APPROACH,0
C3B93D0B,1117945,1118323.399,1118323399,999,1935,1935,63,60,FWD,13,57,1,APPROACH,0
C3B93D0B,1117946,1118324.400,1118324400,1001,1935,1935,63,60,FWD,13,57,1,APPROACH,0
C3B93D0B,1117947,1118325.399,1118325399,999,1935,1935,63,60,FWD,13,57,1,APPROACH,0
C3B93D0B,1117948,1118326.400,1118326400,1001,1935,1935,63,60,FWD,13,57,1,APPROACH,0
C3B93D0B,1117949,1118327.399,1118327399,999,1935,1935,63,60,FWD,13,57,1,APPROACH,0
C3B93D0B,1117950,1118328.400,1118328400,1001,1935,1935,63,60,FWD,13,57,1,APPROACH,0
C3B93D0B,1117951,1118329.400,1118329400,1000,1935,1935,63,60,FWD,13,57,1,APPROACH,0
C3B93D0B,1117952,1118330.400,1118330400,1000,1934,1935,63,60,FWD,13,57,1,APPROACH,0
C3B93D0B,1117953,1118331.399,1118331399,999,1936,1935,63,60,FWD,13,57,1,APPROACH,0
C3B93D0B,1117954,1118332.400,1118332400,1001,1934,1935,63,60,FWD,13,57,1,APPROACH,0
C3B93D0B,1117955,1118333.399,1118333399,999,1936,1935,63,60,FWD,13,57,1,APPROACH,0
C3B93D0B,1117956,1118334.400,1118334400,1001,1934,1935,63,60,FWD,13,57,1,APPROACH,0
C3B93D0B,1117957,1118335.402,1118335402,1002,1934,1935,63,60,FWD,13,57,1,APPROACH,0
C3B93D0B,1117958,1118336.400,1118336400,998,1935,1935,63,60,FWD,13,57,1,APPROACH,0
C3B93D0B,1117959,1118337.399,1118337399,999,1935,1935,63,60,FWD,13,57,1,APPROACH,0
C3B93D0B,1117960,1118338.400,1118338400,1001,1936,1935,63,60,FWD,13,57,1,APPROACH,0
C3B93D0B,1117961,1118339.400,1118339400,1000,1933,1935,63,60,FWD,13,57,1,APPROACH,0
C3B93D0B,1117962,1118340.400,1118340400,1000,1934,1935,63,60,FWD,13,57,1,APPROACH,0
C3B93D0B,1117963,1118341.399,1118341399,999,1945,1935,63,60,FWD,13,57,1,APPROACH,0
C3B93D0B,1117964,1118342.545,1118342545,1146,1943,1935,63,60,FWD,13,57,1,APPROACH,0
C3B93D0B,1117965,1118343.399,1118343399,854,1942,1935,63,60,FWD,13,57,1,APPROACH,0
C3B93D0B,1117966,1118344.400,1118344400,1001,1942,1935,63,60,FWD,13,57,1,APPROACH,0
C3B93D0B,1117967,1118345.399,1118345399,999,1941,1935,63,60,FWD,13,57,1,APPROACH,0
C3B93D0B,1117968,1118346.400,1118346400,1001,1941,1935,63,60,FWD,13,57,1,APPROACH,0
C3B93D0B,1117969,1118347.399,1118347399,999,1941,1935,63,60,FWD,13,57,1,APPROACH,0
C3B93D0B,1117970,1118348.400,1118348400,1001,1941,1935,63,60,FWD,13,57,1,APPROACH,0
C3B93D0B,1117971,1118349.400,1118349400,1000,1942,1935,63,60,FWD,13,57,1,APPROACH,0
C3B93D0B,1117972,1118350.400,1118350400,1000,1942,1935,63,60,FWD,13,57,1,APPROACH,0
C3B93D0B,1117973,1118351.399,1118351399,999,1939,1935,63,60,FWD,13,57,1,APPROACH,0
C3B93D0B,1117974,1118352.400,1118352400,1001,1943,1935,63,60,FWD,13,57,1,APPROACH,0
C3B93D0B,1117975,1118353.399,1118353399,999,1941,1935,63,60,FWD,13,57,1,APPROACH,0
C3B93D0B,1117976,1118354.400,1118354400,1001,1942,1935,63,60,FWD,13,57,1,APPROACH,0
C3B93D0B,1117977,1118355.946,1118355946,1546,1930,1935,63,60,FWD,45,57,1,APPROACH,0
C3B93D0B,1117978,1118356.400,1118356400,454,1929,1935,63,60,FWD,13,57,1,APPROACH,0
C3B93D0B,1117979,1118357.399,1118357399,999,1931,1935,63,60,FWD,13,57,1,APPROACH,0
C3B93D0B,1117980,1118358.400,1118358400,1001,1934,1935,63,60,FWD,13,57,1,APPROACH,0
C3B93D0B,1117981,1118359.400,1118359400,1000,1931,1935,63,60,FWD,13,57,1,APPROACH,0
C3B93D0B,1117982,1118361.039,1118361039,1639,1931,1935,63,60,FWD,45,57,1,APPROACH,0
C3B93D0B,1117983,1118361.966,1118361966,927,1932,1935,63,60,FWD,13,57,1,APPROACH,0
C3B93D0B,1117984,1118362.400,1118362400,434,1931,1935,63,60,FWD,13,57,1,APPROACH,0
C3B93D0B,1117985,1118363.399,1118363399,999,1933,1935,63,60,FWD,13,57,1,APPROACH,0
C3B93D0B,1117986,1118364.400,1118364400,1001,1934,1935,63,60,FWD,13,57,1,APPROACH,0
C3B93D0B,1117987,1118365.399,1118365399,999,1934,1935,63,60,FWD,13,57,1,APPROACH,0
C3B93D0B,1117988,1118366.400,1118366400,1001,1936,1935,63,60,FWD,13,57,1,APPROACH,0
C3B93D0B,1117989,1118367.399,1118367399,999,1942,1935,63,60,FWD,13,57,1,APPROACH,0
C3B93D0B,1117990,1118368.400,1118368400,1001,1941,1935,63,60,FWD,13,57,1,APPROACH,0
C3B93D0B,1117991,1118369.400,1118369400,1000,1942,1935,63,60,FWD,13,57,1,APPROACH,0
C3B93D0B,1117992,1118370.400,1118370400,1000,1943,1935,63,60,FWD,13,57,1,APPROACH,0
C3B93D0B,1117993,1118371.399,1118371399,999,1944,1935,63,60,FWD,13,57,1,APPROACH,0
C3B93D0B,1117994,1118372.400,1118372400,1001,1941,1935,63,60,FWD,13,57,1,APPROACH,0
C3B93D0B,1117995,1118373.399,1118373399,999,1940,1935,63,60,FWD,13,57,1,APPROACH,0
C3B93D0B,1117996,1118374.400,1118374400,1001,1941,1935,63,60,FWD,13,57,1,APPROACH,0
C3B93D0B,1117997,1118375.399,1118375399,999,1940,1935,63,60,FWD,13,57,1,APPROACH,0
C3B93D0B,1117998,1118376.400,1118376400,1001,1940,1935,63,60,FWD,13,57,1,APPROACH,0
C3B93D0B,1117999,1118377.399,1118377399,999,1942,1935,63,60,FWD,13,57,1,APPROACH,0
C3B93D0B,1118000,1118378.516,1118378516,1117,1941,1935,63,60,FWD,13,57,1,APPROACH,0
C3B93D0B,1118001,1118379.616,1118379616,1100,1941,1935,63,60,FWD,13,57,1,APPROACH,0
C3B93D0B,1118002,1118381.241,1118381241,1625,1931,1935,63,60,FWD,45,57,1,APPROACH,0
C3B93D0B,1118003,1118381.560,1118381560,319,1929,1935,63,60,FWD,13,57,1,APPROACH,0
C3B93D0B,1118004,1118382.403,1118382403,843,1929,1935,63,60,FWD,13,57,1,APPROACH,0
C3B93D0B,1118005,1118383.399,1118383399,996,1931,1935,63,60,FWD,13,57,1,APPROACH,0
C3B93D0B,1118006,1118384.400,1118384400,1001,1931,1935,63,60,FWD,13,57,1,APPROACH,0
C3B93D0B,1118007,1118385.399,1118385399,999,1933,1935,63,60,FWD,13,57,1,APPROACH,0
C3B93D0B,1118008,1118386.400,1118386400,1001,1933,1935,63,60,FWD,13,57,1,APPROACH,0
C3B93D0B,1118009,1118387.399,1118387399,999,1933,1935,63,60,FWD,13,57,1,APPROACH,0
C3B93D0B,1118010,1118388.400,1118388400,1001,1932,1935,63,60,FWD,13,57,1,APPROACH,0
C3B93D0B,1118011,1118389.400,1118389400,1000,1933,1935,63,60,FWD,13,57,1,APPROACH,0
C3B93D0B,1118012,1118390.400,1118390400,1000,1931,1935,63,60,FWD,13,57,1,APPROACH,0
C3B93D0B,1118013,1118391.399,1118391399,999,1935,1935,63,60,FWD,13,57,1,APPROACH,0
C3B93D0B,1118014,1118392.400,1118392400,1001,1933,1935,63,60,FWD,13,57,1,APPROACH,0
C3B93D0B,1118015,1118393.399,1118393399,999,1933,1935,63,60,FWD,13,57,1,APPROACH,0
C3B93D0B,1118016,1118394.400,1118394400,1001,1935,1935,63,60,FWD,13,57,1,APPROACH,0
C3B93D0B,1118017,1118395.399,1118395399,999,1933,1935,63,60,FWD,13,57,1,APPROACH,0
C3B93D0B,1118018,1118396.400,1118396400,1001,1930,1935,63,60,FWD,13,57,1,APPROACH,0
C3B93D0B,1118019,1118397.399,1118397399,999,1934,1935,63,60,FWD,13,57,1,APPROACH,0
C3B93D0B,1118020,1118398.400,1118398400,1001,1933,1935,63,60,FWD,13,57,1,APPROACH,0
C3B93D0B,1118021,1118399.400,1118399400,1000,1935,1935,63,60,FWD,13,57,1,APPROACH,0
C3B93D0B,1118022,1118400.400,1118400400,1000,1934,1935,63,60,FWD,13,57,1,APPROACH,0
C3B93D0B,1118023,1118401.399,1118401399,999,1932,1935,63,60,FWD,13,57,1,APPROACH,0
C3B93D0B,1118024,1118402.400,1118402400,1001,1934,1935,63,60,FWD,13,57,1,APPROACH,0
C3B93D0B,1118025,1118403.399,1118403399,999,1934,1935,63,60,FWD,13,57,1,APPROACH,0
C3B93D0B,1118026,1118404.400,1118404400,1001,1933,1935,63,60,FWD,13,57,1,APPROACH,0
C3B93D0B,1118027,1118405.399,1118405399,999,1935,1935,63,60,FWD,13,57,1,APPROACH,0
C3B93D0B,1118028,1118406.400,1118406400,1001,1934,1935,63,60,FWD,13,57,1,APPROACH,0
C3B93D0B,1118029,1118407.399,1118407399,999,1935,1935,63,60,FWD,13,57,1,APPROACH,0
C3B93D0B,1118030,1118408.400,1118408400,1001,1935,1935,63,60,FWD,13,57,1,APPROACH,0
C3B93D0B,1118031,1118409.400,1118409400,1000,1933,1935,63,60,FWD,13,57,1,APPROACH,0
C3B93D0B,1118032,1118410.400,1118410400,1000,1935,1935,63,60,FWD,13,57,1,APPROACH,0
C3B93D0B,1118033,1118411.399,1118411399,999,1933,1935,63,60,FWD,13,57,1,APPROACH,0
C3B93D0B,1118034,1118412.400,1118412400,1001,1934,1935,63,60,FWD,13,57,1,APPROACH,0
C3B93D0B,1118035,1118413.399,1118413399,999,1934,1935,63,60,FWD,13,57,1,APPROACH,0
C3B93D0B,1118036,1118414.400,1118414400,1001,1935,1935,63,60,FWD,13,57,1,APPROACH,0
C3B93D0B,1118037,1118415.399,1118415399,999,1934,1935,63,60,FWD,13,57,1,APPROACH,0
C3B93D0B,1118038,1118416.400,1118416400,1001,1933,1935,63,60,FWD,13,57,1,APPROACH,0
C3B93D0B,1118039,1118417.399,1118417399,999,1933,1935,63,60,FWD,13,57,1,APPROACH,0
C3B93D0B,1118040,1118418.400,1118418400,1001,1934,1935,63,60,FWD,13,57,1,APPROACH,0
C3B93D0B,1118041,1118419.400,1118419400,1000,1933,1935,63,60,FWD,13,57,1,APPROACH,0
C3B93D0B,1118042,1118420.400,1118420400,1000,1935,1935,63,60,FWD,13,57,1,APPROACH,0
C3B93D0B,1118043,1118421.399,1118421399,999,1935,1935,63,60,FWD,13,57,1,APPROACH,0
C3B93D0B,1118044,1118422.400,1118422400,1001,1935,1935,63,60,FWD,13,57,1,APPROACH,0
C3B93D0B,1118045,1118423.399,1118423399,999,1935,1935,63,60,FWD,13,57,1,APPROACH,0
C3B93D0B,1118046,1118424.400,1118424400,1001,1934,1935,63,60,FWD,13,57,1,APPROACH,0
C3B93D0B,1118047,1118425.399,1118425399,999,1936,1935,63,60,FWD,13,57,1,APPROACH,0
C3B93D0B,1118048,1118426.400,1118426400,1001,1934,1935,63,60,FWD,13,57,1,APPROACH,0
C3B93D0B,1118049,1118427.399,1118427399,999,1935,1935,63,60,FWD,13,57,1,APPROACH,0
C3B93D0B,1118050,1118428.400,1118428400,1001,1935,1935,63,60,FWD,13,57,1,APPROACH,0
C3B93D0B,1118051,1118429.400,1118429400,1000,1931,1935,63,60,FWD,13,57,1,APPROACH,0
C3B93D0B,1118052,1118430.400,1118430400,1000,1936,1935,63,60,FWD,13,57,1,APPROACH,0
C3B93D0B,1118053,1118431.399,1118431399,999,1934,1935,63,60,FWD,13,57,1,APPROACH,0
C3B93D0B,1118054,1118432.605,1118432605,1206,1935,1935,63,60,FWD,13,57,1,APPROACH,0
C3B93D0B,1118055,1118433.399,1118433399,794,1933,1935,63,60,FWD,13,57,1,APPROACH,0
C3B93D0B,1118056,1118434.400,1118434400,1001,1934,1935,63,60,FWD,13,57,1,APPROACH,0
C3B93D0B,1118057,1118435.399,1118435399,999,1934,1935,63,60,FWD,13,57,1,APPROACH,0
C3B93D0B,1118058,1118436.400,1118436400,1001,1932,1935,63,60,FWD,13,57,1,APPROACH,0
C3B93D0B,1118059,1118437.399,1118437399,999,1933,1935,63,60,FWD,13,57,1,APPROACH,0
C3B93D0B,1118060,1118438.400,1118438400,1001,1933,1935,62,60,FWD,13,57,1,APPROACH,0
C3B93D0B,1118061,1118439.400,1118439400,1000,1934,1935,62,60,FWD,13,57,1,APPROACH,0
C3B93D0B,1118062,1118440.587,1118440587,1187,1943,1935,62,60,FWD,13,57,1,APPROACH,0
C3B93D0B,1118063,1118441.399,1118441399,812,1943,1935,62,60,FWD,13,57,1,APPROACH,0
C3B93D0B,1118064,1118442.400,1118442400,1001,1942,1935,62,60,FWD,13,57,1,APPROACH,0
C3B93D0B,1118065,1118443.399,1118443399,999,1943,1935,62,60,FWD,13,57,1,APPROACH,0
C3B93D0B,1118066,1118444.400,1118444400,1001,1941,1935,62,60,FWD,13,57,1,APPROACH,0
C3B93D0B,1118067,1118445.399,1118445399,999,1943,1935,62,60,FWD,13,57,1,APPROACH,0
C3B93D0B,1118068,1118446.400,1118446400,1001,1942,1935,62,60,FWD,13,57,1,APPROACH,0
C3B93D0B,1118069,1118447.399,1118447399,999,1942,1935,62,60,FWD,13,57,1,APPROACH,0
C3B93D0B,1118070,1118448.400,1118448400,1001,1941,1935,62,60,FWD,13,57,1,APPROACH,0
C3B93D0B,1118071,1118449.400,1118449400,1000,1941,1935,62,60,FWD,13,57,1,APPROACH,0
C3B93D0B,1118072,1118450.400,1118450400,1000,1939,1935,62,60,FWD,13,57,1,APPROACH,0
C3B93D0B,1118073,1118451.399,1118451399,999,1941,1935,62,60,FWD,13,57,1,APPROACH,0
C3B93D0B,1118074,1118452.400,1118452400,1001,1941,1935,62,60,FWD,13,57,1,APPROACH,0
C3B93D0B,1118075,1118453.399,1118453399,999,1942,1935,62,60,FWD,13,57,1,APPROACH,0
C3B93D0B,1118076,1118454.400,1118454400,1001,1942,1935,62,60,FWD,13,57,1,APPROACH,0
C3B93D0B,1118077,1118455.399,1118455399,999,1943,1935,62,60,FWD,13,57,1,APPROACH,0
C3B93D0B,1118078,1118456.400,1118456400,1001,1940,1935,62,60,FWD,13,57,1,APPROACH,0
C3B93D0B,1118079,1118457.399,1118457399,999,1940,1935,62,60,FWD,13,57,1,APPROACH,0
C3B93D0B,1118080,1118458.400,1118458400,1001,1931,1935,62,60,FWD,13,57,1,APPROACH,0
C3B93D0B,1118081,1118459.400,1118459400,1000,1931,1935,62,60,FWD,13,57,1,APPROACH,0
C3B93D0B,1118082,1118460.400,1118460400,1000,1931,1935,62,60,FWD,13,57,1,APPROACH,0
C3B93D0B,1118083,1118461.399,1118461399,999,1935,1935,62,60,FWD,13,57,1,APPROACH,0
C3B93D0B,1118084,1118462.400,1118462400,1001,1933,1935,62,60,FWD,13,57,1,APPROACH,0
C3B93D0B,1118085,1118464.200,1118464200,1800,1942,1935,62,60,FWD,45,57,1,APPROACH,0
C3B93D0B,1118086,1118464.523,1118464523,323,1942,1935,62,60,FWD,13,57,1,APPROACH,0
C3B93D0B,1118087,1118465.399,1118465399,876,1942,1935,62,60,FWD,13,57,1,APPROACH,0
C3B93D0B,1118088,1118466.400,1118466400,1001,1942,1935,62,60,FWD,13,57,1,APPROACH,0
C3B93D0B,1118089,1118467.399,1118467399,999,1943,1935,62,60,FWD,13,57,1,APPROACH,0
C3B93D0B,1118090,1118468.400,1118468400,1001,1941,1935,62,60,FWD,13,57,1,APPROACH,0
C3B93D0B,1118091,1118469.400,1118469400,1000,1941,1935,62,60,FWD,13,57,1,APPROACH,0
C3B93D0B,1118092,1118470.400,1118470400,1000,1941,1935,62,60,FWD,13,57,1,APPROACH,0
C3B93D0B,1118093,1118471.399,1118471399,999,1943,1935,62,60,FWD,13,57,1,APPROACH,0
C3B93D0B,1118094,1118472.400,1118472400,1001,1943,1935,62,60,FWD,13,57,1,APPROACH,0
C3B93D0B,1118095,1118473.399,1118473399,999,1941,1935,62,60,FWD,13,57,1,APPROACH,0
C3B93D0B,1118096,1118474.400,1118474400,1001,1941,1935,62,60,FWD,13,57,1,APPROACH,0
C3B93D0B,1118097,1118475.399,1118475399,999,1941,1935,62,60,FWD,13,57,1,APPROACH,0
C3B93D0B,1118098,1118476.400,1118476400,1001,1941,1935,62,60,FWD,13,57,1,APPROACH,0
C3B93D0B,1118099,1118477.399,1118477399,999,1941,1935,62,60,FWD,13,57,1,APPROACH,0
C3B93D0B,1118100,1118478.400,1118478400,1001,1941,1935,62,60,FWD,13,57,1,APPROACH,0
C3B93D0B,1118101,1118479.400,1118479400,1000,1941,1935,62,60,FWD,13,57,1,APPROACH,0
C3B93D0B,1118102,1118481.209,1118481209,1809,1933,1935,62,60,FWD,45,57,1,APPROACH,0
C3B93D0B,1118103,1118481.519,1118481519,310,1933,1935,62,60,FWD,13,57,1,APPROACH,0
C3B93D0B,1118104,1118482.400,1118482400,881,1933,1935,62,60,FWD,13,57,1,APPROACH,0
C3B93D0B,1118105,1118483.547,1118483547,1147,1931,1935,62,60,FWD,13,57,1,APPROACH,0
C3B93D0B,1118106,1118484.400,1118484400,853,1933,1935,62,60,FWD,13,57,1,APPROACH,0
C3B93D0B,1118107,1118485.400,1118485400,1000,1931,1935,62,60,FWD,13,57,1,APPROACH,0
C3B93D0B,1118108,1118486.400,1118486400,1000,1933,1935,62,60,FWD,13,57,1,APPROACH,0
C3B93D0B,1118109,1118487.399,1118487399,999,1933,1935,62,60,FWD,13,57,1,APPROACH,0
C3B93D0B,1118110,1118488.400,1118488400,1001,1932,1935,62,60,FWD,13,57,1,APPROACH,0
C3B93D0B,1118111,1118489.400,1118489400,1000,1933,1935,62,60,FWD,13,57,1,APPROACH,0
C3B93D0B,1118112,1118490.400,1118490400,1000,1937,1935,62,60,FWD,13,57,1,APPROACH,0
C3B93D0B,1118113,1118491.467,1118491467,1067,1929,1935,62,60,FWD,13,57,1,APPROACH,0
C3B93D0B,1118114,1118492.400,1118492400,933,1935,1935,62,60,FWD,13,57,1,APPROACH,0
C3B93D0B,1118115,1118493.399,1118493399,999,1935,1935,62,60,FWD,13,57,1,APPROACH,0
C3B93D0B,1118116,1118494.400,1118494400,1001,1933,1935,62,60,FWD,13,57,1,APPROACH,0
C3B93D0B,1118117,1118495.399,1118495399,999,1934,1935,62,60,FWD,13,57,1,APPROACH,0
C3B93D0B,1118118,1118496.400,1118496400,1001,1936,1935,62,60,FWD,13,57,1,APPROACH,0
C3B93D0B,1118119,1118497.399,1118497399,999,1935,1935,62,60,FWD,13,57,1,APPROACH,0
C3B93D0B,1118120,1118498.400,1118498400,1001,1932,1935,62,60,FWD,13,57,1,APPROACH,0
C3B93D0B,1118121,1118499.400,1118499400,1000,1935,1935,62,60,FWD,13,57,1,APPROACH,0
C3B93D0B,1118122,1118500.400,1118500400,1000,1934,1935,62,60,FWD,13,57,1,APPROACH,0
C3B93D0B,1118123,1118501.399,1118501399,999,1934,1935,62,60,FWD,13,57,1,APPROACH,0
C3B93D0B,1118124,1118502.400,1118502400,1001,1935,1935,62,60,FWD,13,57,1,APPROACH,0
C3B93D0B,1118125,1118503.399,1118503399,999,1935,1935,62,60,FWD,13,57,1,APPROACH,0
C3B93D0B,1118126,1118504.400,1118504400,1001,1934,1935,62,60,FWD,13,57,1,APPROACH,0
C3B93D0B,1118127,1118505.399,1118505399,999,1933,1935,62,60,FWD,13,57,1,APPROACH,0
C3B93D0B,1118128,1118506.400,1118506400,1001,1934,1935,62,60,FWD,13,57,1,APPROACH,0
C3B93D0B,1118129,1118507.399,1118507399,999,1934,1935,62,60,FWD,13,57,1,APPROACH,0
C3B93D0B,1118130,1118508.400,1118508400,1001,1935,1935,62,60,FWD,13,57,1,APPROACH,0
C3B93D0B,1118131,1118509.400,1118509400,1000,1935,1935,62,60,FWD,13,57,1,APPROACH,0
C3B93D0B,1118132,1118510.400,1118510400,1000,1934,1935,62,60,FWD,13,57,1,APPROACH,0
C3B93D0B,1118133,1118511.399,1118511399,999,1935,1935,62,60,FWD,13,57,1,APPROACH,0
C3B93D0B,1118134,1118512.400,1118512400,1001,1934,1935,62,60,FWD,13,57,1,APPROACH,0
C3B93D0B,1118135,1118513.399,1118513399,999,1935,1935,62,60,FWD,13,57,1,APPROACH,0
C3B93D0B,1118136,1118514.400,1118514400,1001,1935,1935,62,60,FWD,13,57,1,APPROACH,0
C3B93D0B,1118137,1118515.399,1118515399,999,1936,1935,62,60,FWD,13,57,1,APPROACH,0
C3B93D0B,1118138,1118516.400,1118516400,1001,1935,1935,62,60,FWD,13,57,1,APPROACH,0
C3B93D0B,1118139,1118517.399,1118517399,999,1935,1935,62,60,FWD,13,57,1,APPROACH,0
C3B93D0B,1118140,1118518.400,1118518400,1001,1935,1935,62,60,FWD,13,57,1,APPROACH,0
C3B93D0B,1118141,1118519.400,1118519400,1000,1934,1935,62,60,FWD,13,57,1,APPROACH,0
C3B93D0B,1118142,1118520.400,1118520400,1000,1934,1935,62,60,FWD,13,57,1,APPROACH,0
C3B93D0B,1118143,1118521.399,1118521399,999,1935,1935,62,60,FWD,13,57,1,APPROACH,0
C3B93D0B,1118144,1118522.400,1118522400,1001,1934,1935,62,60,FWD,13,57,1,APPROACH,0
C3B93D0B,1118145,1118523.399,1118523399,999,1934,1935,62,60,FWD,13,57,1,APPROACH,0
C3B93D0B,1118146,1118524.400,1118524400,1001,1934,1935,62,60,FWD,13,57,1,APPROACH,0
C3B93D0B,1118147,1118525.399,1118525399,999,1934,1935,62,60,FWD,13,57,1,APPROACH,0
C3B93D0B,1118148,1118526.400,1118526400,1001,1934,1935,62,60,FWD,13,57,1,APPROACH,0
C3B93D0B,1118149,1118527.399,1118527399,999,1936,1935,62,60,FWD,13,57,1,APPROACH,0
C3B93D0B,1118150,1118528.400,1118528400,1001,1934,1935,62,60,FWD,13,57,1,APPROACH,0
C3B93D0B,1118151,1118529.400,1118529400,1000,1933,1935,62,60,FWD,13,57,1,APPROACH,0
C3B93D0B,1118152,1118530.400,1118530400,1000,1934,1935,62,60,FWD,13,57,1,APPROACH,0
C3B93D0B,1118153,1118531.399,1118531399,999,1934,1935,62,60,FWD,13,57,1,APPROACH,0
C3B93D0B,1118154,1118532.400,1118532400,1001,1936,1935,62,60,FWD,13,57,1,APPROACH,0
C3B93D0B,1118155,1118533.399,1118533399,999,1936,1935,62,60,FWD,13,57,1,APPROACH,0
C3B93D0B,1118156,1118534.400,1118534400,1001,1935,1935,62,60,FWD,13,57,1,APPROACH,0
C3B93D0B,1118157,1118535.399,1118535399,999,1935,1935,62,60,FWD,13,57,1,APPROACH,0
C3B93D0B,1118158,1118536.400,1118536400,1001,1934,1935,62,60,FWD,13,57,1,APPROACH,0
C3B93D0B,1118159,1118537.399,1118537399,999,1934,1935,62,60,FWD,13,57,1,APPROACH,0
C3B93D0B,1118160,1118538.400,1118538400,1001,1935,1935,62,60,FWD,13,57,1,APPROACH,0
C3B93D0B,1118161,1118539.400,1118539400,1000,1931,1935,62,60,FWD,13,57,1,APPROACH,0
C3B93D0B,1118162,1118540.400,1118540400,1000,1936,1935,62,60,FWD,13,57,1,APPROACH,0
C3B93D0B,1118163,1118541.399,1118541399,999,1935,1935,62,60,FWD,13,57,1,APPROACH,0
C3B93D0B,1118164,1118542.400,1118542400,1001,1934,1935,62,60,FWD,13,57,1,APPROACH,0
C3B93D0B,1118165,1118543.399,1118543399,999,1935,1935,62,60,FWD,13,57,1,APPROACH,0
C3B93D0B,1118166,1118544.400,1118544400,1001,1935,1935,62,60,FWD,13,57,1,APPROACH,0
C3B93D0B,1118167,1118545.429,1118545429,1029,1935,1935,62,60,FWD,13,57,1,APPROACH,0
C3B93D0B,1118168,1118546.400,1118546400,971,1936,1935,62,60,FWD,13,57,1,APPROACH,0
C3B93D0B,1118169,1118547.399,1118547399,999,1935,1935,62,60,FWD,13,57,1,APPROACH,0
C3B93D0B,1118170,1118548.400,1118548400,1001,1934,1935,62,60,FWD,13,57,1,APPROACH,0
C3B93D0B,1118171,1118549.400,1118549400,1000,1935,1935,62,60,FWD,13,57,1,APPROACH,0
C3B93D0B,1118172,1118550.400,1118550400,1000,1933,1935,62,60,FWD,13,57,1,APPROACH,0
C3B93D0B,1118173,1118551.402,1118551402,1002,1945,1935,62,60,FWD,13,57,1,APPROACH,0
C3B93D0B,1118174,1118552.400,1118552400,998,1943,1935,62,60,FWD,13,57,1,APPROACH,0
C3B93D0B,1118175,1118553.399,1118553399,999,1942,1935,62,60,FWD,13,57,1,APPROACH,0
C3B93D0B,1118176,1118554.400,1118554400,1001,1943,1935,62,60,FWD,13,57,1,APPROACH,0
C3B93D0B,1118177,1118555.399,1118555399,999,1943,1935,62,60,FWD,13,57,1,APPROACH,0
C3B93D0B,1118178,1118556.400,1118556400,1001,1945,1935,62,60,FWD,13,57,1,APPROACH,0
C3B93D0B,1118179,1118557.399,1118557399,999,1941,1935,62,60,FWD,13,57,1,APPROACH,0
C3B93D0B,1118180,1118558.400,1118558400,1001,1942,1935,62,60,FWD,13,57,1,APPROACH,0
C3B93D0B,1118181,1118559.400,1118559400,1000,1943,1935,62,60,FWD,13,57,1,APPROACH,0
C3B93D0B,1118182,1118560.492,1118560492,1092,1931,1935,62,60,FWD,13,57,1,APPROACH,0
C3B93D0B,1118183,1118561.399,1118561399,907,1933,1935,62,60,FWD,13,57,1,APPROACH,0
C3B93D0B,1118184,1118562.400,1118562400,1001,1932,1935,62,60,FWD,13,57,1,APPROACH,0
C3B93D0B,1118185,1118563.399,1118563399,999,1934,1935,62,60,FWD,13,57,1,APPROACH,0
C3B93D0B,1118186,1118564.400,1118564400,1001,1935,1935,62,60,FWD,13,57,1,APPROACH,0
C3B93D0B,1118187,1118565.688,1118565688,1288,1934,1935,62,60,FWD,45,57,1,APPROACH,0
C3B93D0B,1118188,1118566.400,1118566400,712,1934,1935,62,60,FWD,13,57,1,APPROACH,0
C3B93D0B,1118189,1118567.399,1118567399,999,1935,1935,62,60,FWD,13,57,1,APPROACH,0
C3B93D0B,1118190,1118568.593,1118568593,1194,1934,1935,62,60,FWD,13,57,1,APPROACH,0
C3B93D0B,1118191,1118569.400,1118569400,807,1936,1935,62,60,FWD,13,57,1,APPROACH,0
C3B93D0B,1118192,1118570.400,1118570400,1000,1935,1935,62,60,FWD,13,57,1,APPROACH,0
C3B93D0B,1118193,1118571.703,1118571703,1303,1934,1935,62,60,FWD,45,57,1,APPROACH,0
C3B93D0B,1118194,1118572.400,1118572400,697,1935,1935,62,60,FWD,13,57,1,APPROACH,0
C3B93D0B,1118195,1118573.399,1118573399,999,1935,1935,62,60,FWD,13,57,1,APPROACH,0
C3B93D0B,1118196,1118574.400,1118574400,1001,1936,1935,62,60,FWD,13,57,1,APPROACH,0
C3B93D0B,1118197,1118575.399,1118575399,999,1935,1935,62,60,FWD,13,57,1,APPROACH,0
C3B93D0B,1118198,1118576.400,1118576400,1001,1942,1935,62,60,FWD,13,57,1,APPROACH,0
C3B93D0B,1118199,1118577.399,1118577399,999,1946,1935,62,60,FWD,13,57,1,APPROACH,0
C3B93D0B,1118200,1118578.400,1118578400,1001,1942,1935,62,60,FWD,13,57,1,APPROACH,0
C3B93D0B,1118201,1118579.400,1118579400,1000,1942,1935,62,60,FWD,13,57,1,APPROACH,0
C3B93D0B,1118202,1118581.203,1118581203,1803,1933,1935,62,60,FWD,45,57,1,APPROACH,0
C3B93D0B,1118203,1118581.518,1118581518,315,1933,1935,62,60,FWD,13,57,1,APPROACH,0
C3B93D0B,1118204,1118582.400,1118582400,882,1935,1935,62,60,FWD,13,57,1,APPROACH,0
C3B93D0B,1118205,1118583.399,1118583399,999,1934,1935,62,60,FWD,13,57,1,APPROACH,0
C3B93D0B,1118206,1118584.400,1118584400,1001,1933,1935,62,60,FWD,13,57,1,APPROACH,0
C3B93D0B,1118207,1118585.399,1118585399,999,1934,1935,62,60,FWD,13,57,1,APPROACH,0
C3B93D0B,1118208,1118586.400,1118586400,1001,1934,1935,62,60,FWD,13,57,1,APPROACH,0
C3B93D0B,1118209,1118587.399,1118587399,999,1934,1935,62,60,FWD,13,57,1,APPROACH,0
C3B93D0B,1118210,1118588.400,1118588400,1001,1934,1935,62,60,FWD,13,57,1,APPROACH,0
C3B93D0B,1118211,1118589.400,1118589400,1000,1935,1935,62,60,FWD,13,57,1,APPROACH,0
C3B93D0B,1118212,1118590.400,1118590400,1000,1934,1935,62,60,FWD,13,57,1,APPROACH,0
C3B93D0B,1118213,1118591.399,1118591399,999,1934,1935,62,60,FWD,13,57,1,APPROACH,0
C3B93D0B,1118214,1118592.526,1118592526,1127,1936,1935,62,60,FWD,13,57,1,APPROACH,0
C3B93D0B,1118215,1118593.399,1118593399,873,1934,1935,62,60,FWD,13,57,1,APPROACH,0
C3B93D0B,1118216,1118594.400,1118594400,1001,1935,1935,62,60,FWD,13,57,1,APPROACH,0
C3B93D0B,1118217,1118595.399,1118595399,999,1936,1935,62,60,FWD,13,57,1,APPROACH,0
C3B93D0B,1118218,1118596.400,1118596400,1001,1933,1935,62,60,FWD,13,57,1,APPROACH,0
C3B93D0B,1118219,1118597.399,1118597399,999,1936,1935,62,60,FWD,13,57,1,APPROACH,0
C3B93D0B,1118220,1118598.400,1118598400,1001,1935,1935,62,60,FWD,13,57,1,APPROACH,0
C3B93D0B,1118221,1118599.400,1118599400,1000,1935,1935,62,60,FWD,13,57,1,APPROACH,0
C3B93D0B,1118222,1118600.400,1118600400,1000,1935,1935,62,60,FWD,13,57,1,APPROACH,0
C3B93D0B,1118223,1118601.399,1118601399,999,1936,1935,62,60,FWD,13,57,1,APPROACH,0
C3B93D0B,1118224,1118602.400,1118602400,1001,1935,1935,62,60,FWD,13,57,1,APPROACH,0
C3B93D0B,1118225,1118603.399,1118603399,999,1935,1935,62,60,FWD,13,57,1,APPROACH,0
C3B93D0B,1118226,1118604.400,1118604400,1001,1935,1935,62,60,FWD,13,57,1,APPROACH,0
C3B93D0B,1118227,1118605.399,1118605399,999,1935,1935,62,60,FWD,13,57,1,APPROACH,0
C3B93D0B,1118228,1118606.400,1118606400,1001,1934,1935,62,60,FWD,13,57,1,APPROACH,0
C3B93D0B,1118229,1118607.399,1118607399,999,1935,1935,62,60,FWD,13,57,1,APPROACH,0
C3B93D0B,1118230,1118608.400,1118608400,1001,1935,1935,62,60,FWD,13,57,1,APPROACH,0
C3B93D0B,1118231,1118609.400,1118609400,1000,1934,1935,62,60,FWD,13,57,1,APPROACH,0
C3B93D0B,1118232,1118610.400,1118610400,1000,1933,1935,62,60,FWD,13,57,1,APPROACH,0
C3B93D0B,1118233,1118611.399,1118611399,999,1936,1935,62,60,FWD,13,57,1,APPROACH,0
C3B93D0B,1118234,1118612.400,1118612400,1001,1936,1935,62,60,FWD,13,57,1,APPROACH,0
C3B93D0B,1118235,1118613.399,1118613399,999,1936,1935,62,60,FWD,13,57,1,APPROACH,0
C3B93D0B,1118236,1118614.400,1118614400,1001,1935,1935,62,60,FWD,13,57,1,APPROACH,0
C3B93D0B,1118237,1118615.399,1118615399,999,1936,1935,62,60,FWD,13,57,1,APPROACH,0
C3B93D0B,1118238,1118616.400,1118616400,1001,1936,1935,62,60,FWD,13,57,1,APPROACH,0
C3B93D0B,1118239,1118617.399,1118617399,999,1936,1935,62,60,FWD,13,57,1,APPROACH,0
C3B93D0B,1118240,1118618.400,1118618400,1001,1933,1935,62,60,FWD,13,57,1,APPROACH,0
C3B93D0B,1118241,1118619.400,1118619400,1000,1935,1935,62,60,FWD,13,57,1,APPROACH,0
C3B93D0B,1118242,1118620.400,1118620400,1000,1935,1935,62,60,FWD,13,57,1,APPROACH,0
C3B93D0B,1118243,1118621.399,1118621399,999,1934,1935,62,60,FWD,13,57,1,APPROACH,0
C3B93D0B,1118244,1118622.400,1118622400,1001,1935,1935,62,60,FWD,13,57,1,APPROACH,0
C3B93D0B,1118245,1118623.399,1118623399,999,1935,1935,62,60,FWD,13,57,1,APPROACH,0
C3B93D0B,1118246,1118624.400,1118624400,1001,1936,1935,62,60,FWD,13,57,1,APPROACH,0
C3B93D0B,1118247,1118625.399,1118625399,999,1936,1935,62,60,FWD,13,57,1,APPROACH,0
C3B93D0B,1118248,1118626.400,1118626400,1001,1934,1935,62,60,FWD,13,57,1,APPROACH,0
C3B93D0B,1118249,1118627.399,1118627399,999,1934,1935,62,60,FWD,13,57,1,APPROACH,0
C3B93D0B,1118250,1118628.400,1118628400,1001,1935,1935,62,60,FWD,13,57,1,APPROACH,0
C3B93D0B,1118251,1118629.400,1118629400,1000,1935,1935,62,60,FWD,13,57,1,APPROACH,0
C3B93D0B,1118252,1118630.400,1118630400,1000,1935,1935,62,60,FWD,13,57,1,APPROACH,0
C3B93D0B,1118253,1118631.399,1118631399,999,1936,1935,62,60,FWD,13,57,1,APPROACH,0
C3B93D0B,1118254,1118632.400,1118632400,1001,1936,1935,62,60,FWD,13,57,1,APPROACH,0
C3B93D0B,1118255,1118633.399,1118633399,999,1935,1935,62,60,FWD,13,57,1,APPROACH,0
C3B93D0B,1118256,1118634.400,1118634400,1001,1935,1935,62,60,FWD,13,57,1,APPROACH,0
C3B93D0B,1118257,1118635.399,1118635399,999,1934,1935,62,60,FWD,13,57,1,APPROACH,0
C3B93D0B,1118258,1118636.403,1118636403,1004,1935,1935,62,60,FWD,13,57,1,APPROACH,0
C3B93D0B,1118259,1118637.399,1118637399,996,1934,1935,62,60,FWD,13,57,1,APPROACH,0
C3B93D0B,1118260,1118638.400,1118638400,1001,1936,1935,62,60,FWD,13,57,1,APPROACH,0
C3B93D0B,1118261,1118639.403,1118639403,1003,1935,1935,62,60,FWD,13,57,1,APPROACH,0
C3B93D0B,1118262,1118640.400,1118640400,997,1934,1935,62,60,FWD,13,57,1,APPROACH,0
C3B93D0B,1118263,1118641.399,1118641399,999,1936,1935,62,60,FWD,13,57,1,APPROACH,0
C3B93D0B,1118264,1118642.400,1118642400,1001,1936,1935,62,60,FWD,13,57,1,APPROACH,0
C3B93D0B,1118265,1118643.399,1118643399,999,1935,1935,62,60,FWD,13,57,1,APPROACH,0
C3B93D0B,1118266,1118644.400,1118644400,1001,1935,1935,62,60,FWD,13,57,1,APPROACH,0
C3B93D0B,1118267,1118645.402,1118645402,1002,1947,1935,62,60,FWD,13,57,1,APPROACH,0
C3B93D0B,1118268,1118646.400,1118646400,998,1947,1935,62,60,FWD,13,57,1,APPROACH,0
C3B93D0B,1118269,1118647.399,1118647399,999,1945,1935,62,60,FWD,13,57,1,APPROACH,0
C3B93D0B,1118270,1118648.400,1118648400,1001,1943,1935,62,60,FWD,13,57,1,APPROACH,0
C3B93D0B,1118271,1118649.400,1118649400,1000,1943,1935,62,60,FWD,13,57,1,APPROACH,0
C3B93D0B,1118272,1118650.400,1118650400,1000,1943,1935,62,60,FWD,13,57,1,APPROACH,0
C3B93D0B,1118273,1118651.399,1118651399,999,1943,1935,62,60,FWD,13,57,1,APPROACH,0
C3B93D0B,1118274,1118652.400,1118652400,1001,1944,1935,62,60,FWD,13,57,1,APPROACH,0
C3B93D0B,1118275,1118653.399,1118653399,999,1945,1935,62,60,FWD,13,57,1,APPROACH,0
C3B93D0B,1118276,1118654.400,1118654400,1001,1941,1935,62,60,FWD,13,57,1,APPROACH,0
C3B93D0B,1118277,1118655.399,1118655399,999,1942,1935,62,60,FWD,13,57,1,APPROACH,0
C3B93D0B,1118278,1118656.400,1118656400,1001,1943,1935,62,60,FWD,13,57,1,APPROACH,0
C3B93D0B,1118279,1118657.399,1118657399,999,1942,1935,62,60,FWD,13,57,1,APPROACH,0
C3B93D0B,1118280,1118658.400,1118658400,1001,1942,1935,62,60,FWD,13,57,1,APPROACH,0
C3B93D0B,1118281,1118659.400,1118659400,1000,1942,1935,62,60,FWD,13,57,1,APPROACH,0
C3B93D0B,1118282,1118660.400,1118660400,1000,1942,1935,62,60,FWD,13,57,1,APPROACH,0
C3B93D0B,1118283,1118661.399,1118661399,999,1942,1935,62,60,FWD,13,57,1,APPROACH,0
C3B93D0B,1118284,1118662.826,1118662826,1427,1934,1935,62,60,FWD,45,57,1,APPROACH,0
C3B93D0B,1118285,1118663.399,1118663399,573,1933,1935,62,60,FWD,13,57,1,APPROACH,0
C3B93D0B,1118286,1118664.399,1118664399,1000,1934,1935,62,60,FWD,13,57,1,APPROACH,0
C3B93D0B,1118287,1118665.400,1118665400,1001,1933,1935,62,60,FWD,13,57,1,APPROACH,0
C3B93D0B,1118288,1118666.399,1118666399,999,1936,1935,62,60,FWD,13,57,1,APPROACH,0
C3B93D0B,1118289,1118668.147,1118668147,1748,1944,1935,62,60,FWD,45,57,1,APPROACH,0
C3B93D0B,1118290,1118668.470,1118668470,323,1943,1935,62,60,FWD,13,57,1,APPROACH,0
C3B93D0B,1118291,1118669.401,1118669401,931,1943,1935,62,60,FWD,13,57,1,APPROACH,0
C3B93D0B,1118292,1118670.399,1118670399,998,1943,1935,62,60,FWD,13,57,1,APPROACH,0
C3B93D0B,1118293,1118671.400,1118671400,1001,1946,1935,62,60,FWD,13,57,1,APPROACH,0
C3B93D0B,1118294,1118672.399,1118672399,999,1943,1935,62,60,FWD,13,57,1,APPROACH,0
C3B93D0B,1118295,1118673.400,1118673400,1001,1942,1935,62,60,FWD,13,57,1,APPROACH,0
C3B93D0B,1118296,1118674.399,1118674399,999,1943,1935,62,60,FWD,13,57,1,APPROACH,0
C3B93D0B,1118297,1118675.400,1118675400,1001,1942,1935,62,60,FWD,13,57,1,APPROACH,0
C3B93D0B,1118298,1118676.399,1118676399,999,1942,1935,62,60,FWD,13,57,1,APPROACH,0
C3B93D0B,1118299,1118677.400,1118677400,1001,1943,1935,62,60,FWD,13,57,1,APPROACH,0
C3B93D0B,1118300,1118678.399,1118678399,999,1943,1935,62,60,FWD,13,57,1,APPROACH,0
C3B93D0B,1118301,1118679.401,1118679401,1002,1943,1935,62,60,FWD,13,57,1,APPROACH,0
C3B93D0B,1118302,1118681.197,1118681197,1796,1933,1935,62,60,FWD,45,57,1,APPROACH,0
C3B93D0B,1118303,1118681.510,1118681510,313,1927,1935,62,60,FWD,13,57,1,APPROACH,0
C3B93D0B,1118304,1118682.400,1118682400,890,1931,1935,62,60,FWD,13,57,1,APPROACH,0
C3B93D0B,1118305,1118683.399,1118683399,999,1935,1935,62,60,FWD,13,57,1,APPROACH,0
C3B93D0B,1118306,1118684.400,1118684400,1001,1935,1935,62,60,FWD,13,57,1,APPROACH,0
C3B93D0B,1118307,1118685.399,1118685399,999,1935,1935,62,60,FWD,13,57,1,APPROACH,0
C3B93D0B,1118308,1118686.400,1118686400,1001,1936,1935,62,60,FWD,13,57,1,APPROACH,0
C3B93D0B,1118309,1118687.399,1118687399,999,1935,1935,62,60,FWD,13,57,1,APPROACH,0
C3B93D0B,1118310,1118688.400,1118688400,1001,1934,1935,62,60,FWD,13,57,1,APPROACH,0
C3B93D0B,1118311,1118689.400,1118689400,1000,1936,1935,62,60,FWD,13,57,1,APPROACH,0
C3B93D0B,1118312,1118690.400,1118690400,1000,1936,1935,62,60,FWD,13,57,1,APPROACH,0
C3B93D0B,1118313,1118691.399,1118691399,999,1936,1935,62,60,FWD,13,57,1,APPROACH,0
C3B93D0B,1118314,1118692.400,1118692400,1001,1935,1935,62,60,FWD,13,57,1,APPROACH,0
C3B93D0B,1118315,1118693.399,1118693399,999,1935,1935,62,60,FWD,13,57,1,APPROACH,0
C3B93D0B,1118316,1118694.400,1118694400,1001,1936,1935,62,60,FWD,13,57,1,APPROACH,0
C3B93D0B,1118317,1118695.399,1118695399,999,1936,1935,62,60,FWD,13,57,1,APPROACH,0
C3B93D0B,1118318,1118696.400,1118696400,1001,1935,1935,62,60,FWD,13,57,1,APPROACH,0
C3B93D0B,1118319,1118697.399,1118697399,999,1935,1935,62,60,FWD,13,57,1,APPROACH,0
C3B93D0B,1118320,1118698.400,1118698400,1001,1935,1935,62,60,FWD,13,57,1,APPROACH,0
C3B93D0B,1118321,1118699.400,1118699400,1000,1935,1935,62,60,FWD,13,57,1,APPROACH,0
C3B93D0B,1118322,1118700.400,1118700400,1000,1935,1935,62,60,FWD,13,57,1,APPROACH,0
C3B93D0B,1118323,1118701.399,1118701399,999,1935,1935,62,60,FWD,13,57,1,APPROACH,0
C3B93D0B,1118324,1118702.400,1118702400,1001,1935,1935,62,60,FWD,13,57,1,APPROACH,0
C3B93D0B,1118325,1118703.399,1118703399,999,1936,1935,62,60,FWD,13,57,1,APPROACH,0
C3B93D0B,1118326,1118704.400,1118704400,1001,1935,1935,62,60,FWD,13,57,1,APPROACH,0
C3B93D0B,1118327,1118705.399,1118705399,999,1936,1935,62,60,FWD,13,57,1,APPROACH,0
C3B93D0B,1118328,1118706.400,1118706400,1001,1936,1935,62,60,FWD,13,57,1,APPROACH,0
C3B93D0B,1118329,1118707.399,1118707399,999,1936,1935,62,60,FWD,13,57,1,APPROACH,0
C3B93D0B,1118330,1118708.400,1118708400,1001,1936,1935,62,60,FWD,13,57,1,APPROACH,0
C3B93D0B,1118331,1118709.400,1118709400,1000,1935,1935,62,60,FWD,13,57,1,APPROACH,0
C3B93D0B,1118332,1118710.400,1118710400,1000,1934,1935,62,60,FWD,13,57,1,APPROACH,0
C3B93D0B,1118333,1118711.399,1118711399,999,1936,1935,62,60,FWD,13,57,1,APPROACH,0
C3B93D0B,1118334,1118712.400,1118712400,1001,1936,1935,62,60,FWD,13,57,1,APPROACH,0
C3B93D0B,1118335,1118713.399,1118713399,999,1936,1935,62,60,FWD,13,57,1,APPROACH,0
C3B93D0B,1118336,1118714.400,1118714400,1001,1936,1935,62,60,FWD,13,57,1,APPROACH,0
C3B93D0B,1118337,1118715.399,1118715399,999,1936,1935,62,60,FWD,13,57,1,APPROACH,0
C3B93D0B,1118338,1118716.400,1118716400,1001,1936,1935,62,60,FWD,13,57,1,APPROACH,0
C3B93D0B,1118339,1118717.399,1118717399,999,1936,1935,62,60,FWD,13,57,1,APPROACH,0
C3B93D0B,1118340,1118718.400,1118718400,1001,1936,1935,62,60,FWD,13,57,1,APPROACH,0
C3B93D0B,1118341,1118719.400,1118719400,1000,1936,1935,62,60,FWD,13,57,1,APPROACH,0
C3B93D0B,1118342,1118720.400,1118720400,1000,1935,1935,62,60,FWD,13,57,1,APPROACH,0
C3B93D0B,1118343,1118721.399,1118721399,999,1936,1935,62,60,FWD,13,57,1,APPROACH,0
C3B93D0B,1118344,1118722.400,1118722400,1001,1936,1935,62,60,FWD,13,57,1,APPROACH,0
C3B93D0B,1118345,1118723.399,1118723399,999,1936,1935,62,60,FWD,13,57,1,APPROACH,0
C3B93D0B,1118346,1118724.400,1118724400,1001,1936,1935,62,60,FWD,13,57,1,APPROACH,0
C3B93D0B,1118347,1118725.399,1118725399,999,1936,1935,62,60,FWD,13,57,1,APPROACH,0
C3B93D0B,1118348,1118726.400,1118726400,1001,1935,1935,62,60,FWD,13,57,1,APPROACH,0
C3B93D0B,1118349,1118727.399,1118727399,999,1936,1935,62,60,FWD,13,57,1,APPROACH,0
C3B93D0B,1118350,1118728.400,1118728400,1001,1935,1935,62,60,FWD,13,57,1,APPROACH,0
C3B93D0B,1118351,1118729.400,1118729400,1000,1935,1935,62,60,FWD,13,57,1,APPROACH,0
C3B93D0B,1118352,1118730.400,1118730400,1000,1935,1935,62,60,FWD,13,57,1,APPROACH,0
C3B93D0B,1118353,1118731.399,1118731399,999,1936,1935,62,60,FWD,13,57,1,APPROACH,0
C3B93D0B,1118354,1118732.430,1118732430,1031,1936,1935,62,60,FWD,13,57,1,APPROACH,0
C3B93D0B,1118355,1118733.399,1118733399,969,1936,1935,62,60,FWD,13,57,1,APPROACH,0
C3B93D0B,1118356,1118734.400,1118734400,1001,1936,1935,62,60,FWD,13,57,1,APPROACH,0
C3B93D0B,1118357,1118735.399,1118735399,999,1935,1935,62,60,FWD,13,57,1,APPROACH,0
C3B93D0B,1118358,1118736.400,1118736400,1001,1935,1935,62,60,FWD,13,57,1,APPROACH,0
C3B93D0B,1118359,1118737.399,1118737399,999,1936,1935,62,60,FWD,13,57,1,APPROACH,0
C3B93D0B,1118360,1118738.400,1118738400,1001,1936,1935,62,60,FWD,13,57,1,APPROACH,0
C3B93D0B,1118361,1118739.400,1118739400,1000,1936,1935,62,60,FWD,13,57,1,APPROACH,0
C3B93D0B,1118362,1118740.468,1118740468,1068,1943,1935,62,60,FWD,13,57,1,APPROACH,0
C3B93D0B,1118363,1118741.752,1118741752,1284,1935,1935,62,60,FWD,45,57,1,APPROACH,0
C3B93D0B,1118364,1118742.400,1118742400,648,1936,1935,62,60,FWD,13,57,1,APPROACH,0
C3B93D0B,1118365,1118743.399,1118743399,999,1936,1935,62,60,FWD,13,57,1,APPROACH,0
C3B93D0B,1118366,1118744.400,1118744400,1001,1935,1935,62,60,FWD,13,57,1,APPROACH,0
C3B93D0B,1118367,1118745.399,1118745399,999,1936,1935,62,60,FWD,13,57,1,APPROACH,0
C3B93D0B,1118368,1118746.400,1118746400,1001,1936,1935,62,60,FWD,13,57,1,APPROACH,0
C3B93D0B,1118369,1118747.399,1118747399,999,1936,1935,62,60,FWD,13,57,1,APPROACH,0
C3B93D0B,1118370,1118748.400,1118748400,1001,1936,1935,62,60,FWD,13,57,1,APPROACH,0
C3B93D0B,1118371,1118749.399,1118749399,999,1936,1935,62,60,FWD,13,57,1,APPROACH,0
C3B93D0B,1118372,1118750.401,1118750401,1002,1936,1935,62,60,FWD,13,57,1,APPROACH,0
C3B93D0B,1118373,1118751.399,1118751399,998,1936,1935,62,60,FWD,13,57,1,APPROACH,0
C3B93D0B,1118374,1118752.400,1118752400,1001,1936,1935,62,60,FWD,13,57,1,APPROACH,0
C3B93D0B,1118375,1118753.399,1118753399,999,1936,1935,62,60,FWD,13,57,1,APPROACH,0
C3B93D0B,1118376,1118754.400,1118754400,1001,1936,1935,62,60,FWD,13,57,1,APPROACH,0
C3B93D0B,1118377,1118755.399,1118755399,999,1936,1935,62,60,FWD,13,57,1,APPROACH,0
C3B93D0B,1118378,1118756.400,1118756400,1001,1936,1935,62,60,FWD,13,57,1,APPROACH,0
C3B93D0B,1118379,1118757.399,1118757399,999,1936,1935,62,60,FWD,13,57,1,APPROACH,0
C3B93D0B,1118380,1118758.400,1118758400,1001,1936,1935,62,60,FWD,13,57,1,APPROACH,0
C3B93D0B,1118381,1118759.399,1118759399,999,1936,1935,62,60,FWD,13,57,1,APPROACH,0
C3B93D0B,1118382,1118760.401,1118760401,1002,1936,1935,62,60,FWD,13,57,1,APPROACH,0
C3B93D0B,1118383,1118761.399,1118761399,998,1936,1935,62,60,FWD,13,57,1,APPROACH,0
C3B93D0B,1118384,1118762.400,1118762400,1001,1935,1935,62,60,FWD,13,57,1,APPROACH,0
C3B93D0B,1118385,1118763.399,1118763399,999,1936,1935,62,60,FWD,13,57,1,APPROACH,0
C3B93D0B,1118386,1118764.400,1118764400,1001,1936,1935,61,60,FWD,13,57,1,APPROACH,0
C3B93D0B,1118387,1118765.399,1118765399,999,1936,1935,61,60,FWD,13,57,1,APPROACH,0
C3B93D0B,1118388,1118766.400,1118766400,1001,1936,1935,61,60,FWD,13,57,1,APPROACH,0
C3B93D0B,1118389,1118767.399,1118767399,999,1936,1935,61,60,FWD,13,57,1,APPROACH,0
C3B93D0B,1118390,1118768.400,1118768400,1001,1936,1935,61,60,FWD,13,57,1,APPROACH,0
C3B93D0B,1118391,1118769.399,1118769399,999,1936,1935,61,60,FWD,13,57,1,APPROACH,0
C3B93D0B,1118392,1118770.405,1118770405,1006,1935,1935,61,60,FWD,13,57,1,APPROACH,0
C3B93D0B,1118393,1118771.399,1118771399,994,1936,1935,61,60,FWD,13,57,1,APPROACH,0
C3B93D0B,1118394,1118772.400,1118772400,1001,1935,1935,61,60,FWD,13,57,1,APPROACH,0
C3B93D0B,1118395,1118773.399,1118773399,999,1936,1935,61,60,FWD,13,57,1,APPROACH,0
C3B93D0B,1118396,1118774.400,1118774400,1001,1936,1935,61,60,FWD,13,57,1,APPROACH,0
C3B93D0B,1118397,1118775.399,1118775399,999,1936,1935,61,60,FWD,13,57,1,APPROACH,0
C3B93D0B,1118398,1118776.400,1118776400,1001,1936,1935,61,60,FWD,13,57,1,APPROACH,0
C3B93D0B,1118399,1118777.399,1118777399,999,1936,1935,61,60,FWD,13,57,1,APPROACH,0
C3B93D0B,1118400,1118778.400,1118778400,1001,1936,1935,61,60,FWD,13,57,1,APPROACH,0
C3B93D0B,1118401,1118779.399,1118779399,999,1936,1935,61,60,FWD,13,57,1,APPROACH,0
C3B93D0B,1118402,1118780.401,1118780401,1002,1936,1935,61,60,FWD,13,57,1,APPROACH,0
C3B93D0B,1118403,1118781.750,1118781750,1349,1935,1935,61,60,FWD,45,57,1,APPROACH,0
C3B93D0B,1118404,1118782.402,1118782402,652,1936,1935,61,60,FWD,13,57,1,APPROACH,0
C3B93D0B,1118405,1118783.400,1118783400,998,1936,1935,61,60,FWD,13,57,1,APPROACH,0
C3B93D0B,1118406,1118784.399,1118784399,999,1936,1935,61,60,FWD,13,57,1,APPROACH,0
C3B93D0B,1118407,1118785.400,1118785400,1001,1936,1935,61,60,FWD,13,57,1,APPROACH,0
C3B93D0B,1118408,1118786.399,1118786399,999,1936,1935,61,60,FWD,13,57,1,APPROACH,0
C3B93D0B,1118409,1118787.400,1118787400,1001,1936,1935,61,60,FWD,13,57,1,APPROACH,0
C3B93D0B,1118410,1118788.399,1118788399,999,1936,1935,61,60,FWD,13,57,1,APPROACH,0
C3B93D0B,1118411,1118789.400,1118789400,1001,1935,1935,61,60,FWD,13,57,1,APPROACH,0
C3B93D0B,1118412,1118790.400,1118790400,1000,1936,1935,61,60,FWD,13,57,1,APPROACH,0
C3B93D0B,1118413,1118791.400,1118791400,1000,1936,1935,61,60,FWD,13,57,1,APPROACH,0
C3B93D0B,1118414,1118792.399,1118792399,999,1936,1935,61,60,FWD,13,57,1,APPROACH,0
C3B93D0B,1118415,1118793.400,1118793400,1001,1936,1935,61,60,FWD,13,57,1,APPROACH,0
C3B93D0B,1118416,1118794.399,1118794399,999,1936,1935,61,60,FWD,13,57,1,APPROACH,0
C3B93D0B,1118417,1118795.400,1118795400,1001,1936,1935,61,60,FWD,13,57,1,APPROACH,0
C3B93D0B,1118418,1118796.399,1118796399,999,1936,1935,61,60,FWD,13,57,1,APPROACH,0
C3B93D0B,1118419,1118797.400,1118797400,1001,1936,1935,61,60,FWD,13,57,1,APPROACH,0
C3B93D0B,1118420,1118798.399,1118798399,999,1936,1935,61,60,FWD,13,57,1,APPROACH,0
C3B93D0B,1118421,1118799.400,1118799400,1001,1935,1935,61,60,FWD,13,57,1,APPROACH,0
C3B93D0B,1118422,1118800.400,1118800400,1000,1936,1935,61,60,FWD,13,57,1,APPROACH,0
C3B93D0B,1118423,1118801.400,1118801400,1000,1936,1935,61,60,FWD,13,57,1,APPROACH,0
C3B93D0B,1118424,1118802.399,1118802399,999,1936,1935,61,60,FWD,13,57,1,APPROACH,0
C3B93D0B,1118425,1118803.400,1118803400,1001,1936,1935,61,60,FWD,13,57,1,APPROACH,0
C3B93D0B,1118426,1118804.399,1118804399,999,1936,1935,61,60,FWD,13,57,1,APPROACH,0
C3B93D0B,1118427,1118805.400,1118805400,1001,1936,1935,61,60,FWD,13,57,1,APPROACH,0
C3B93D0B,1118428,1118806.399,1118806399,999,1936,1935,61,60,FWD,13,57,1,APPROACH,0
C3B93D0B,1118429,1118807.400,1118807400,1001,1937,1935,61,60,FWD,13,57,1,APPROACH,0
C3B93D0B,1118430,1118808.399,1118808399,999,1936,1935,61,60,FWD,13,57,1,APPROACH,0
C3B93D0B,1118431,1118809.400,1118809400,1001,1936,1935,61,60,FWD,13,57,1,APPROACH,0
C3B93D0B,1118432,1118810.400,1118810400,1000,1936,1935,61,60,FWD,13,57,1,APPROACH,0
C3B93D0B,1118433,1118811.400,1118811400,1000,1936,1935,61,60,FWD,13,57,1,APPROACH,0
C3B93D0B,1118434,1118812.399,1118812399,999,1937,1935,61,60,FWD,13,57,1,APPROACH,0
C3B93D0B,1118435,1118813.400,1118813400,1001,1936,1935,61,60,FWD,13,57,1,APPROACH,0
C3B93D0B,1118436,1118814.399,1118814399,999,1936,1935,61,60,FWD,13,57,1,APPROACH,0
C3B93D0B,1118437,1118815.400,1118815400,1001,1936,1935,61,60,FWD,13,57,1,APPROACH,0
C3B93D0B,1118438,1118816.399,1118816399,999,1936,1935,61,60,FWD,13,57,1,APPROACH,0
C3B93D0B,1118439,1118817.400,1118817400,1001,1936,1935,61,60,FWD,13,57,1,APPROACH,0
C3B93D0B,1118440,1118818.399,1118818399,999,1937,1935,61,60,FWD,13,57,1,APPROACH,0
C3B93D0B,1118441,1118819.400,1118819400,1001,1936,1935,61,60,FWD,13,57,1,APPROACH,0
C3B93D0B,1118442,1118820.400,1118820400,1000,1936,1935,61,60,FWD,13,57,1,APPROACH,0
C3B93D0B,1118443,1118821.400,1118821400,1000,1936,1935,61,60,FWD,13,57,1,APPROACH,0
C3B93D0B,1118444,1118822.399,1118822399,999,1936,1935,61,60,FWD,13,57,1,APPROACH,0
C3B93D0B,1118445,1118823.400,1118823400,1001,1936,1935,61,60,FWD,13,57,1,APPROACH,0
C3B93D0B,1118446,1118824.399,1118824399,999,1937,1935,61,60,FWD,13,57,1,APPROACH,0
C3B93D0B,1118447,1118825.400,1118825400,1001,1936,1935,61,60,FWD,13,57,1,APPROACH,0
C3B93D0B,1118448,1118826.399,1118826399,999,1936,1935,61,60,FWD,13,57,1,APPROACH,0
C3B93D0B,1118449,1118827.400,1118827400,1001,1936,1935,61,60,FWD,13,57,1,APPROACH,0
C3B93D0B,1118450,1118828.399,1118828399,999,1937,1935,61,60,FWD,13,57,1,APPROACH,0
C3B93D0B,1118451,1118829.400,1118829400,1001,1936,1935,61,60,FWD,13,57,1,APPROACH,0
C3B93D0B,1118452,1118830.400,1118830400,1000,1936,1935,61,60,FWD,13,57,1,APPROACH,0
C3B93D0B,1118453,1118831.400,1118831400,1000,1935,1935,61,60,FWD,13,57,1,APPROACH,0
C3B93D0B,1118454,1118832.718,1118832718,1318,1936,1935,61,60,FWD,45,57,1,APPROACH,0
C3B93D0B,1118455,1118833.400,1118833400,682,1936,1935,61,60,FWD,13,57,1,APPROACH,0
C3B93D0B,1118456,1118834.399,1118834399,999,1936,1935,61,60,FWD,13,57,1,APPROACH,0
C3B93D0B,1118457,1118835.400,1118835400,1001,1936,1935,61,60,FWD,13,57,1,APPROACH,0
C3B93D0B,1118458,1118836.399,1118836399,999,1936,1935,61,60,FWD,13,57,1,APPROACH,0
C3B93D0B,1118459,1118837.400,1118837400,1001,1936,1935,61,60,FWD,13,57,1,APPROACH,0
C3B93D0B,1118460,1118838.402,1118838402,1002,1949,1935,61,60,FWD,13,57,1,APPROACH,0
C3B93D0B,1118461,1118839.400,1118839400,998,1947,1935,61,60,FWD,13,57,1,APPROACH,0
C3B93D0B,1118462,1118840.400,1118840400,1000,1947,1935,61,60,FWD,13,57,1,APPROACH,0
C3B93D0B,1118463,1118841.400,1118841400,1000,1946,1935,61,60,FWD,13,57,1,APPROACH,0
C3B93D0B,1118464,1118842.580,1118842580,1180,1946,1935,61,60,FWD,13,57,1,APPROACH,0
C3B93D0B,1118465,1118843.400,1118843400,820,1947,1935,61,60,FWD,13,57,1,APPROACH,0
C3B93D0B,1118466,1118844.399,1118844399,999,1946,1935,61,60,FWD,13,57,1,APPROACH,0
C3B93D0B,1118467,1118845.400,1118845400,1001,1946,1935,61,60,FWD,13,57,1,APPROACH,0
C3B93D0B,1118468,1118846.399,1118846399,999,1947,1935,61,60,FWD,13,57,1,APPROACH,0
C3B93D0B,1118469,1118847.400,1118847400,1001,1945,1935,61,60,FWD,13,57,1,APPROACH,0
C3B93D0B,1118470,1118848.399,1118848399,999,1945,1935,61,60,FWD,13,57,1,APPROACH,0
C3B93D0B,1118471,1118849.400,1118849400,1001,1945,1935,61,60,FWD,13,57,1,APPROACH,0
C3B93D0B,1118472,1118850.400,1118850400,1000,1943,1935,61,60,FWD,13,57,1,APPROACH,0
C3B93D0B,1118473,1118851.400,1118851400,1000,1946,1935,61,60,FWD,13,57,1,APPROACH,0
C3B93D0B,1118474,1118852.399,1118852399,999,1947,1935,61,60,FWD,13,57,1,APPROACH,0
C3B93D0B,1118475,1118853.400,1118853400,1001,1948,1935,61,60,FWD,13,57,1,APPROACH,0
C3B93D0B,1118476,1118854.399,1118854399,999,1946,1935,61,60,FWD,13,57,1,APPROACH,0
C3B93D0B,1118477,1118855.400,1118855400,1001,1945,1935,61,60,FWD,13,57,1,APPROACH,0
C3B93D0B,1118478,1118856.399,1118856399,999,1944,1935,61,60,FWD,13,57,1,APPROACH,0
C3B93D0B,1118479,1118857.400,1118857400,1001,1944,1935,61,60,FWD,13,57,1,APPROACH,0
C3B93D0B,1118480,1118858.399,1118858399,999,1946,1935,61,60,FWD,13,57,1,APPROACH,0
C3B93D0B,1118481,1118859.400,1118859400,1001,1942,1935,61,60,FWD,13,57,1,APPROACH,0
C3B93D0B,1118482,1118860.400,1118860400,1000,1945,1935,61,60,FWD,13,57,1,APPROACH,0
C3B93D0B,1118483,1118861.400,1118861400,1000,1942,1935,61,60,FWD,13,57,1,APPROACH,0
C3B93D0B,1118484,1118862.399,1118862399,999,1946,1935,61,60,FWD,13,57,1,APPROACH,0
C3B93D0B,1118485,1118863.400,1118863400,1001,1945,1935,61,60,FWD,13,57,1,APPROACH,0
C3B93D0B,1118486,1118864.399,1118864399,999,1946,1935,61,60,FWD,13,57,1,APPROACH,0
C3B93D0B,1118487,1118865.400,1118865400,1001,1945,1935,61,60,FWD,13,57,1,APPROACH,0
C3B93D0B,1118488,1118866.399,1118866399,999,1945,1935,61,60,FWD,13,57,1,APPROACH,0
C3B93D0B,1118489,1118867.609,1118867609,1210,1935,1935,61,60,FWD,13,57,1,APPROACH,0
C3B93D0B,1118490,1118868.399,1118868399,790,1936,1935,61,60,FWD,13,57,1,APPROACH,0
C3B93D0B,1118491,1118869.400,1118869400,1001,1936,1935,61,60,FWD,13,57,1,APPROACH,0
C3B93D0B,1118492,1118870.400,1118870400,1000,1935,1935,61,60,FWD,13,57,1,APPROACH,0
C3B93D0B,1118493,1118871.400,1118871400,1000,1936,1935,61,60,FWD,13,57,1,APPROACH,0
C3B93D0B,1118494,1118872.801,1118872801,1401,1946,1935,61,60,FWD,45,57,1,APPROACH,0
C3B93D0B,1118495,1118873.400,1118873400,599,1946,1935,61,60,FWD,13,57,1,APPROACH,0
C3B93D0B,1118496,1118874.399,1118874399,999,1946,1935,61,60,FWD,13,57,1,APPROACH,0
C3B93D0B,1118497,1118875.400,1118875400,1001,1945,1935,61,60,FWD,13,57,1,APPROACH,0
C3B93D0B,1118498,1118876.399,1118876399,999,1946,1935,61,60,FWD,13,57,1,APPROACH,0
C3B93D0B,1118499,1118877.400,1118877400,1001,1942,1935,61,60,FWD,13,57,1,APPROACH,0
C3B93D0B,1118500,1118878.399,1118878399,999,1946,1935,61,60,FWD,13,57,1,APPROACH,0
C3B93D0B,1118501,1118879.514,1118879514,1115,1945,1935,61,60,FWD,13,57,1,APPROACH,0
C3B93D0B,1118502,1118880.400,1118880400,886,1946,1935,61,60,FWD,13,57,1,APPROACH,0
C3B93D0B,1118503,1118882.179,1118882179,1779,1936,1935,61,60,FWD,45,57,1,APPROACH,0
C3B93D0B,1118504,1118882.488,1118882488,309,1935,1935,61,60,FWD,13,57,1,APPROACH,0
C3B93D0B,1118505,1118883.400,1118883400,912,1936,1935,61,60,FWD,13,57,1,APPROACH,0
C3B93D0B,1118506,1118884.500,1118884500,1100,1935,1935,61,60,FWD,13,57,1,APPROACH,0
C3B93D0B,1118507,1118885.400,1118885400,900,1935,1935,61,60,FWD,13,57,1,APPROACH,0
C3B93D0B,1118508,1118886.399,1118886399,999,1935,1935,61,60,FWD,13,57,1,APPROACH,0
C3B93D0B,1118509,1118887.400,1118887400,1001,1935,1935,61,60,FWD,13,57,1,APPROACH,0
C3B93D0B,1118510,1118888.399,1118888399,999,1935,1935,61,60,FWD,13,57,1,APPROACH,0
C3B93D0B,1118511,1118889.400,1118889400,1001,1936,1935,61,60,FWD,13,57,1,APPROACH,0
C3B93D0B,1118512,1118890.400,1118890400,1000,1935,1935,61,60,FWD,13,57,1,APPROACH,0
C3B93D0B,1118513,1118891.400,1118891400,1000,1936,1935,61,60,FWD,13,57,1,APPROACH,0
C3B93D0B,1118514,1118892.399,1118892399,999,1936,1935,61,60,FWD,13,57,1,APPROACH,0
C3B93D0B,1118515,1118893.400,1118893400,1001,1936,1935,61,60,FWD,13,57,1,APPROACH,0
C3B93D0B,1118516,1118894.399,1118894399,999,1935,1935,61,60,FWD,13,57,1,APPROACH,0
C3B93D0B,1118517,1118895.400,1118895400,1001,1936,1935,61,60,FWD,13,57,1,APPROACH,0
C3B93D0B,1118518,1118896.399,1118896399,999,1936,1935,61,60,FWD,13,57,1,APPROACH,0
C3B93D0B,1118519,1118897.400,1118897400,1001,1936,1935,61,60,FWD,13,57,1,APPROACH,0
C3B93D0B,1118520,1118898.399,1118898399,999,1936,1935,61,60,FWD,13,57,1,APPROACH,0
C3B93D0B,1118521,1118899.400,1118899400,1001,1935,1935,61,60,FWD,13,57,1,APPROACH,0
C3B93D0B,1118522,1118900.400,1118900400,1000,1934,1935,61,60,FWD,13,57,1,APPROACH,0
C3B93D0B,1118523,1118901.400,1118901400,1000,1936,1935,61,60,FWD,13,57,1,APPROACH,0
C3B93D0B,1118524,1118902.399,1118902399,999,1936,1935,61,60,FWD,13,57,1,APPROACH,0
C3B93D0B,1118525,1118903.400,1118903400,1001,1936,1935,61,60,FWD,13,57,1,APPROACH,0
C3B93D0B,1118526,1118904.399,1118904399,999,1936,1935,61,60,FWD,13,57,1,APPROACH,0
C3B93D0B,1118527,1118905.400,1118905400,1001,1936,1935,61,60,FWD,13,57,1,APPROACH,0
C3B93D0B,1118528,1118906.399,1118906399,999,1936,1935,61,60,FWD,13,57,1,APPROACH,0
C3B93D0B,1118529,1118907.400,1118907400,1001,1936,1935,61,60,FWD,13,57,1,APPROACH,0
C3B93D0B,1118530,1118908.399,1118908399,999,1936,1935,61,60,FWD,13,57,1,APPROACH,0
C3B93D0B,1118531,1118909.400,1118909400,1001,1936,1935,61,60,FWD,13,57,1,APPROACH,0
C3B93D0B,1118532,1118910.400,1118910400,1000,1935,1935,61,60,FWD,13,57,1,APPROACH,0
C3B93D0B,1118533,1118911.400,1118911400,1000,1936,1935,61,60,FWD,13,57,1,APPROACH,0
C3B93D0B,1118534,1118912.399,1118912399,999,1936,1935,61,60,FWD,13,57,1,APPROACH,0
C3B93D0B,1118535,1118913.400,1118913400,1001,1935,1935,61,60,FWD,13,57,1,APPROACH,0
C3B93D0B,1118536,1118914.399,1118914399,999,1936,1935,61,60,FWD,13,57,1,APPROACH,0
C3B93D0B,1118537,1118915.400,1118915400,1001,1935,1935,61,60,FWD,13,57,1,APPROACH,0
C3B93D0B,1118538,1118916.399,1118916399,999,1936,1935,61,60,FWD,13,57,1,APPROACH,0
C3B93D0B,1118539,1118917.400,1118917400,1001,1935,1935,61,60,FWD,13,57,1,APPROACH,0
C3B93D0B,1118540,1118918.399,1118918399,999,1935,1935,61,60,FWD,13,57,1,APPROACH,0
C3B93D0B,1118541,1118919.400,1118919400,1001,1936,1935,61,60,FWD,13,57,1,APPROACH,0
C3B93D0B,1118542,1118920.400,1118920400,1000,1935,1935,61,60,FWD,13,57,1,APPROACH,0
C3B93D0B,1118543,1118921.400,1118921400,1000,1936,1935,61,60,FWD,13,57,1,APPROACH,0
C3B93D0B,1118544,1118922.399,1118922399,999,1936,1935,61,60,FWD,13,57,1,APPROACH,0
C3B93D0B,1118545,1118923.400,1118923400,1001,1936,1935,61,60,FWD,13,57,1,APPROACH,0
C3B93D0B,1118546,1118924.399,1118924399,999,1935,1935,61,60,FWD,13,57,1,APPROACH,0
C3B93D0B,1118547,1118925.400,1118925400,1001,1934,1935,61,60,FWD,13,57,1,APPROACH,0
C3B93D0B,1118548,1118926.399,1118926399,999,1935,1935,61,60,FWD,13,57,1,APPROACH,0
C3B93D0B,1118549,1118927.400,1118927400,1001,1936,1935,61,60,FWD,13,57,1,APPROACH,0
C3B93D0B,1118550,1118928.399,1118928399,999,1935,1935,61,60,FWD,13,57,1,APPROACH,0
C3B93D0B,1118551,1118929.400,1118929400,1001,1935,1935,61,60,FWD,13,57,1,APPROACH,0
C3B93D0B,1118552,1118930.400,1118930400,1000,1934,1935,61,60,FWD,13,57,1,APPROACH,0
C3B93D0B,1118553,1118931.400,1118931400,1000,1932,1935,61,60,FWD,13,57,1,APPROACH,0
C3B93D0B,1118554,1118932.399,1118932399,999,1933,1935,61,60,FWD,13,57,1,APPROACH,0
C3B93D0B,1118555,1118933.400,1118933400,1001,1934,1935,61,60,FWD,13,57,1,APPROACH,0
C3B93D0B,1118556,1118934.399,1118934399,999,1934,1935,61,60,FWD,13,57,1,APPROACH,0
C3B93D0B,1118557,1118935.400,1118935400,1001,1934,1935,61,60,FWD,13,57,1,APPROACH,0
C3B93D0B,1118558,1118936.399,1118936399,999,1931,1935,61,60,FWD,13,57,1,APPROACH,0
C3B93D0B,1118559,1118937.400,1118937400,1001,1934,1935,61,60,FWD,13,57,1,APPROACH,0
C3B93D0B,1118560,1118938.399,1118938399,999,1933,1935,61,60,FWD,13,57,1,APPROACH,0
C3B93D0B,1118561,1118939.400,1118939400,1001,1934,1935,61,60,FWD,13,57,1,APPROACH,0
C3B93D0B,1118562,1118940.400,1118940400,1000,1931,1935,61,60,FWD,13,57,1,APPROACH,0
C3B93D0B,1118563,1118941.617,1118941617,1217,1941,1935,61,60,FWD,13,57,1,APPROACH,0
C3B93D0B,1118564,1118942.399,1118942399,782,1943,1935,61,60,FWD,13,57,1,APPROACH,0
C3B93D0B,1118565,1118943.400,1118943400,1001,1941,1935,61,60,FWD,13,57,1,APPROACH,0
C3B93D0B,1118566,1118944.399,1118944399,999,1943,1935,61,60,FWD,13,57,1,APPROACH,0
C3B93D0B,1118567,1118945.400,1118945400,1001,1940,1935,61,60,FWD,13,57,1,APPROACH,0
C3B93D0B,1118568,1118946.399,1118946399,999,1940,1935,61,60,FWD,13,57,1,APPROACH,0
C3B93D0B,1118569,1118947.400,1118947400,1001,1938,1935,61,60,FWD,13,57,1,APPROACH,0
C3B93D0B,1118570,1118948.399,1118948399,999,1938,1935,61,60,FWD,13,57,1,APPROACH,0
C3B93D0B,1118571,1118949.400,1118949400,1001,1936,1935,61,60,FWD,13,57,1,APPROACH,0
C3B93D0B,1118572,1118950.400,1118950400,1000,1937,1935,61,60,FWD,13,57,1,APPROACH,0
C3B93D0B,1118573,1118951.400,1118951400,1000,1938,1935,61,60,FWD,13,57,1,APPROACH,0
C3B93D0B,1118574,1118952.399,1118952399,999,1939,1935,61,60,FWD,13,57,1,APPROACH,0
C3B93D0B,1118575,1118953.400,1118953400,1001,1937,1935,61,60,FWD,13,57,1,APPROACH,0
C3B93D0B,1118576,1118954.399,1118954399,999,1937,1935,61,60,FWD,13,57,1,APPROACH,0
C3B93D0B,1118577,1118955.400,1118955400,1001,1937,1935,61,60,FWD,13,57,1,APPROACH,0
C3B93D0B,1118578,1118956.399,1118956399,999,1936,1935,61,60,FWD,13,57,1,APPROACH,0
C3B93D0B,1118579,1118957.400,1118957400,1001,1936,1935,61,60,FWD,13,57,1,APPROACH,0
C3B93D0B,1118580,1118958.399,1118958399,999,1938,1935,61,60,FWD,13,57,1,APPROACH,0
C3B93D0B,1118581,1118959.400,1118959400,1001,1937,1935,61,60,FWD,13,57,1,APPROACH,0
C3B93D0B,1118582,1118960.400,1118960400,1000,1937,1935,61,60,FWD,13,57,1,APPROACH,0
C3B93D0B,1118583,1118961.400,1118961400,1000,1936,1935,61,60,FWD,13,57,1,APPROACH,0
C3B93D0B,1118584,1118962.399,1118962399,999,1936,1935,61,60,FWD,13,57,1,APPROACH,0
C3B93D0B,1118585,1118963.400,1118963400,1001,1936,1935,61,60,FWD,13,57,1,APPROACH,0
C3B93D0B,1118586,1118964.399,1118964399,999,1935,1935,61,60,FWD,13,57,1,APPROACH,0
C3B93D0B,1118587,1118965.400,1118965400,1001,1936,1935,61,60,FWD,13,57,1,APPROACH,0
C3B93D0B,1118588,1118966.399,1118966399,999,1936,1935,61,60,FWD,13,57,1,APPROACH,0
C3B93D0B,1118589,1118967.400,1118967400,1001,1935,1935,61,60,FWD,13,57,1,APPROACH,0
C3B93D0B,1118590,1118968.399,1118968399,999,1936,1935,61,60,FWD,13,57,1,APPROACH,0
C3B93D0B,1118591,1118969.806,1118969806,1407,1925,1935,61,60,FWD,45,57,1,APPROACH,0
C3B93D0B,1118592,1118970.399,1118970399,593,1920,1935,61,60,FWD,13,57,1,APPROACH,0
C3B93D0B,1118593,1118971.399,1118971399,1000,1922,1935,61,60,FWD,13,57,1,APPROACH,0
C3B93D0B,1118594,1118972.400,1118972400,1001,1921,1935,61,60,FWD,13,57,1,APPROACH,0
C3B93D0B,1118595,1118973.399,1118973399,999,1921,1935,61,60,FWD,13,57,1,APPROACH,0
C3B93D0B,1118596,1118975.139,1118975139,1740,1934,1935,61,60,FWD,45,57,1,APPROACH,0
C3B93D0B,1118597,1118975.460,1118975460,321,1933,1935,61,60,FWD,13,57,1,APPROACH,0
C3B93D0B,1118598,1118976.400,1118976400,940,1935,1935,61,60,FWD,13,57,1,APPROACH,0
C3B93D0B,1118599,1118977.399,1118977399,999,1933,1935,61,60,FWD,13,57,1,APPROACH,0
C3B93D0B,1118600,1118978.400,1118978400,1001,1933,1935,61,60,FWD,13,57,1,APPROACH,0
C3B93D0B,1118601,1118979.399,1118979399,999,1931,1935,61,60,FWD,13,57,1,APPROACH,0
C3B93D0B,1118602,1118980.401,1118980401,1002,1930,1935,61,60,FWD,13,57,1,APPROACH,0
C3B93D0B,1118603,1118982.212,1118982212,1811,1917,1935,61,60,FWD,45,57,1,APPROACH,0
C3B93D0B,1118604,1118982.805,1118982805,593,1918,1935,61,60,FWD,13,57,1,APPROACH,0
C3B93D0B,1118605,1118983.400,1118983400,595,1919,1935,61,60,FWD,13,57,1,APPROACH,0
C3B93D0B,1118606,1118984.399,1118984399,999,1917,1935,61,60,FWD,13,57,1,APPROACH,0
C3B93D0B,1118607,1118985.400,1118985400,1001,1917,1935,61,60,FWD,13,57,1,APPROACH,0
C3B93D0B,1118608,1118986.399,1118986399,999,1917,1935,61,60,FWD,13,57,1,APPROACH,0
C3B93D0B,1118609,1118987.400,1118987400,1001,1913,1935,61,60,FWD,13,57,1,APPROACH,0
C3B93D0B,1118610,1118988.399,1118988399,999,1915,1935,61,60,FWD,13,57,1,APPROACH,0
C3B93D0B,1118611,1118989.400,1118989400,1001,1915,1935,61,60,FWD,13,57,1,APPROACH,0
C3B93D0B,1118612,1118990.400,1118990400,1000,1916,1935,61,60,FWD,13,57,1,APPROACH,0
C3B93D0B,1118613,1118991.400,1118991400,1000,1910,1935,61,60,FWD,13,57,1,APPROACH,0
C3B93D0B,1118614,1118992.399,1118992399,999,1914,1935,61,60,FWD,13,57,1,APPROACH,0
C3B93D0B,1118615,1118993.400,1118993400,1001,1911,1935,61,60,FWD,13,57,1,APPROACH,0
C3B93D0B,1118616,1118994.399,1118994399,999,1909,1935,61,60,FWD,13,57,1,APPROACH,0
C3B93D0B,1118617,1118995.400,1118995400,1001,1910,1935,61,60,FWD,13,57,1,APPROACH,0
C3B93D0B,1118618,1118996.399,1118996399,999,1909,1935,61,60,FWD,13,57,1,APPROACH,0
C3B93D0B,1118619,1118997.400,1118997400,1001,1907,1935,61,60,FWD,13,57,1,APPROACH,0
C3B93D0B,1118620,1118998.399,1118998399,999,1909,1935,61,60,FWD,13,57,1,APPROACH,0
C3B93D0B,1118621,1118999.400,1118999400,1001,1907,1935,61,60,FWD,13,57,1,APPROACH,0
C3B93D0B,1118622,1119000.400,1119000400,1000,1906,1935,61,60,FWD,13,57,1,APPROACH,0
C3B93D0B,1118623,1119001.400,1119001400,1000,1905,1935,61,60,FWD,13,57,1,APPROACH,0
C3B93D0B,1118624,1119002.399,1119002399,999,1904,1935,61,60,FWD,13,57,1,APPROACH,0
C3B93D0B,1118625,1119003.400,1119003400,1001,1904,1935,61,60,FWD,13,57,1,APPROACH,0
C3B93D0B,1118626,1119004.399,1119004399,999,1904,1935,61,60,FWD,13,57,1,APPROACH,0
C3B93D0B,1118627,1119005.400,1119005400,1001,1904,1935,61,60,FWD,13,57,1,APPROACH,0
C3B93D0B,1118628,1119006.399,1119006399,999,1903,1935,61,60,FWD,13,57,1,APPROACH,0
C3B93D0B,1118629,1119007.400,1119007400,1001,1903,1935,61,60,FWD,13,57,1,APPROACH,0
C3B93D0B,1118630,1119008.399,1119008399,999,1901,1935,61,60,FWD,13,57,1,APPROACH,0
C3B93D0B,1118631,1119009.400,1119009400,1001,1903,1935,61,60,FWD,13,57,1,APPROACH,0
C3B93D0B,1118632,1119010.400,1119010400,1000,1899,1935,61,60,FWD,13,57,1,APPROACH,0
C3B93D0B,1118633,1119011.400,1119011400,1000,1902,1935,61,60,FWD,13,57,1,APPROACH,0
C3B93D0B,1118634,1119012.399,1119012399,999,1899,1935,61,60,FWD,13,57,1,APPROACH,0
C3B93D0B,1118635,1119013.400,1119013400,1001,1898,1935,61,60,FWD,13,57,1,APPROACH,0
C3B93D0B,1118636,1119014.399,1119014399,999,1895,1935,61,60,FWD,13,57,1,APPROACH,0
C3B93D0B,1118637,1119015.400,1119015400,1001,1893,1935,61,60,FWD,13,57,1,APPROACH,0
C3B93D0B,1118638,1119016.399,1119016399,999,1891,1935,61,60,FWD,13,57,1,APPROACH,0
C3B93D0B,1118639,1119017.400,1119017400,1001,1893,1935,61,60,FWD,13,57,1,APPROACH,0
C3B93D0B,1118640,1119018.399,1119018399,999,1891,1935,61,60,FWD,13,57,1,APPROACH,0
C3B93D0B,1118641,1119019.400,1119019400,1001,1889,1935,61,60,FWD,13,57,1,APPROACH,0
C3B93D0B,1118642,1119020.400,1119020400,1000,1889,1935,61,60,FWD,13,57,1,APPROACH,0
C3B93D0B,1118643,1119021.400,1119021400,1000,1887,1935,61,60,FWD,13,57,1,APPROACH,0
C3B93D0B,1118644,1119022.399,1119022399,999,1885,1935,61,60,FWD,13,57,1,APPROACH,0
C3B93D0B,1118645,1119023.400,1119023400,1001,1885,1935,61,60,FWD,13,57,1,APPROACH,0
C3B93D0B,1118646,1119024.399,1119024399,999,1884,1935,61,60,FWD,13,57,1,APPROACH,0
C3B93D0B,1118647,1119025.400,1119025400,1001,1882,1935,61,60,FWD,13,57,1,APPROACH,0
C3B93D0B,1118648,1119026.399,1119026399,999,1884,1935,61,60,FWD,13,57,1,APPROACH,0
C3B93D0B,1118649,1119027.400,1119027400,1001,1879,1935,61,60,FWD,13,57,1,APPROACH,0
C3B93D0B,1118650,1119028.399,1119028399,999,1879,1935,61,60,FWD,13,57,1,APPROACH,0
C3B93D0B,1118651,1119029.400,1119029400,1001,1875,1935,61,60,FWD,13,57,1,APPROACH,0
C3B93D0B,1118652,1119030.400,1119030400,1000,1875,1935,61,60,FWD,13,57,1,APPROACH,0
C3B93D0B,1118653,1119031.400,1119031400,1000,1873,1935,61,60,FWD,13,57,1,APPROACH,0
C3B93D0B,1118654,1119032.399,1119032399,999,1874,1935,61,60,FWD,13,57,1,APPROACH,0
C3B93D0B,1118655,1119033.403,1119033403,1004,1872,1935,61,60,FWD,13,57,1,APPROACH,0
C3B93D0B,1118656,1119034.399,1119034399,996,1872,1935,61,60,FWD,13,57,1,APPROACH,0
C3B93D0B,1118657,1119035.400,1119035400,1001,1871,1935,61,60,FWD,13,57,1,APPROACH,0
C3B93D0B,1118658,1119036.399,1119036399,999,1870,1935,61,60,FWD,13,57,1,APPROACH,0
C3B93D0B,1118659,1119037.400,1119037400,1001,1870,1935,61,60,FWD,13,57,1,APPROACH,0
C3B93D0B,1118660,1119038.399,1119038399,999,1867,1935,61,60,FWD,13,57,1,APPROACH,0
C3B93D0B,1118661,1119039.537,1119039537,1138,1875,1935,61,60,FWD,13,57,1,APPROACH,0
C3B93D0B,1118662,1119040.400,1119040400,863,1874,1935,61,60,FWD,13,57,1,APPROACH,0
C3B93D0B,1118663,1119041.400,1119041400,1000,1872,1935,61,60,FWD,13,57,1,APPROACH,0
C3B93D0B,1118664,1119042.399,1119042399,999,1872,1935,61,60,FWD,13,57,1,APPROACH,0
C3B93D0B,1118665,1119043.400,1119043400,1001,1870,1935,61,60,FWD,13,57,1,APPROACH,0
C3B93D0B,1118666,1119044.399,1119044399,999,1870,1935,61,60,FWD,13,57,1,APPROACH,0
C3B93D0B,1118667,1119045.400,1119045400,1001,1866,1935,61,60,FWD,13,57,1,APPROACH,0
C3B93D0B,1118668,1119046.399,1119046399,999,1866,1935,61,60,FWD,13,57,1,APPROACH,0
C3B93D0B,1118669,1119047.400,1119047400,1001,1863,1935,61,60,FWD,13,57,1,APPROACH,0
C3B93D0B,1118670,1119048.399,1119048399,999,1861,1935,61,60,FWD,29,57,1,APPROACH,0
C3B93D0B,1118671,1119049.400,1119049400,1001,1858,1935,61,60,FWD,29,57,1,APPROACH,0
C3B93D0B,1118672,1119050.400,1119050400,1000,1856,1935,61,60,FWD,29,57,1,APPROACH,0
C3B93D0B,1118673,1119051.400,1119051400,1000,1856,1935,61,60,FWD,29,57,1,APPROACH,0
C3B93D0B,1118674,1119052.399,1119052399,999,1853,1935,61,60,FWD,29,57,1,APPROACH,0
C3B93D0B,1118675,1119053.400,1119053400,1001,1851,1935,61,60,FWD,29,57,1,APPROACH,0
C3B93D0B,1118676,1119054.399,1119054399,999,1851,1935,61,60,FWD,29,57,1,APPROACH,0
C3B93D0B,1118677,1119055.400,1119055400,1001,1847,1935,61,60,FWD,29,57,1,APPROACH,0
C3B93D0B,1118678,1119056.399,1119056399,999,1847,1935,61,60,FWD,29,57,1,APPROACH,0
C3B93D0B,1118679,1119057.400,1119057400,1001,1846,1935,61,60,FWD,29,57,1,APPROACH,0
C3B93D0B,1118680,1119058.399,1119058399,999,1842,1935,61,60,FWD,29,57,1,APPROACH,0
C3B93D0B,1118681,1119059.400,1119059400,1001,1842,1935,61,60,FWD,29,57,1,APPROACH,0
C3B93D0B,1118682,1119060.400,1119060400,1000,1840,1935,61,60,FWD,29,57,1,APPROACH,0
C3B93D0B,1118683,1119061.400,1119061400,1000,1840,1935,61,60,FWD,29,57,1,APPROACH,0
C3B93D0B,1118684,1119062.399,1119062399,999,1839,1935,61,60,FWD,29,57,1,APPROACH,0
C3B93D0B,1118685,1119063.400,1119063400,1001,1839,1935,61,60,FWD,29,57,1,APPROACH,0
C3B93D0B,1118686,1119064.399,1119064399,999,1837,1935,61,60,FWD,29,57,1,APPROACH,0
C3B93D0B,1118687,1119065.400,1119065400,1001,1835,1935,61,60,FWD,29,57,1,APPROACH,0
C3B93D0B,1118688,1119066.399,1119066399,999,1834,1935,61,60,FWD,29,57,1,APPROACH,0
C3B93D0B,1118689,1119067.400,1119067400,1001,1831,1935,61,60,FWD,29,57,1,APPROACH,0
C3B93D0B,1118690,1119068.399,1119068399,999,1829,1935,61,60,FWD,29,57,1,APPROACH,0
C3B93D0B,1118691,1119069.400,1119069400,1001,1827,1935,61,60,FWD,29,57,1,APPROACH,0
C3B93D0B,1118692,1119070.400,1119070400,1000,1824,1935,61,60,FWD,29,57,1,APPROACH,0
C3B93D0B,1118693,1119071.400,1119071400,1000,1823,1935,61,60,FWD,29,57,1,APPROACH,0
C3B93D0B,1118694,1119072.399,1119072399,999,1808,1935,61,60,FWD,29,57,1,APPROACH,0
C3B93D0B,1118695,1119073.400,1119073400,1001,1808,1935,61,60,FWD,29,57,1,APPROACH,0
C3B93D0B,1118696,1119074.399,1119074399,999,1808,1935,61,60,FWD,29,57,1,APPROACH,0
C3B93D0B,1118697,1119075.400,1119075400,1001,1808,1935,61,60,FWD,29,57,1,APPROACH,0
C3B93D0B,1118698,1119076.399,1119076399,999,1808,1935,61,60,FWD,29,57,1,APPROACH,0
C3B93D0B,1118699,1119077.404,1119077404,1005,1805,1935,61,60,FWD,29,57,1,APPROACH,0
C3B93D0B,1118700,1119078.399,1119078399,995,1805,1935,61,60,FWD,29,57,1,APPROACH,0
C3B93D0B,1118701,1119079.400,1119079400,1001,1801,1935,61,60,FWD,29,57,1,APPROACH,0
C3B93D0B,1118702,1119080.400,1119080400,1000,1801,1935,61,60,FWD,29,57,1,APPROACH,0
C3B93D0B,1118703,1119081.800,1119081800,1400,1798,1935,61,60,FWD,61,57,1,APPROACH,0
C3B93D0B,1118704,1119082.516,1119082516,716,1798,1935,61,60,FWD,29,57,1,APPROACH,0
C3B93D0B,1118705,1119083.400,1119083400,884,1792,1935,61,60,FWD,29,57,1,APPROACH,0
C3B93D0B,1118706,1119084.410,1119084410,1010,1794,1935,61,60,FWD,29,57,1,APPROACH,0
C3B93D0B,1118707,1119085.400,1119085400,990,1792,1935,61,60,FWD,29,57,1,APPROACH,0
C3B93D0B,1118708,1119086.399,1119086399,999,1792,1935,61,60,FWD,29,57,1,APPROACH,0
C3B93D0B,1118709,1119087.400,1119087400,1001,1791,1935,61,60,FWD,29,57,1,APPROACH,0
C3B93D0B,1118710,1119088.399,1119088399,999,1790,1935,61,60,FWD,29,57,1,APPROACH,0
C3B93D0B,1118711,1119089.400,1119089400,1001,1788,1935,60,60,FWD,29,57,1,APPROACH,0
C3B93D0B,1118712,1119090.400,1119090400,1000,1787,1935,60,60,FWD,29,57,1,APPROACH,0
C3B93D0B,1118713,1119091.400,1119091400,1000,1783,1935,60,60,FWD,29,57,1,APPROACH,0
C3B93D0B,1118714,1119092.519,1119092519,1119,1782,1935,60,60,FWD,29,57,1,APPROACH,0
C3B93D0B,1118715,1119093.400,1119093400,881,1783,1935,60,60,FWD,29,57,1,APPROACH,0
C3B93D0B,1118716,1119094.399,1119094399,999,1782,1935,60,60,FWD,29,57,1,APPROACH,0
C3B93D0B,1118717,1119095.400,1119095400,1001,1778,1935,60,60,FWD,29,57,1,APPROACH,0
C3B93D0B,1118718,1119096.399,1119096399,999,1778,1935,60,60,FWD,29,57,1,APPROACH,0
C3B93D0B,1118719,1119097.400,1119097400,1001,1776,1935,60,60,FWD,29,57,1,APPROACH,0
C3B93D0B,1118720,1119098.399,1119098399,999,1776,1935,60,60,FWD,29,57,1,APPROACH,0
C3B93D0B,1118721,1119099.400,1119099400,1001,1775,1935,60,60,FWD,29,57,1,APPROACH,0
C3B93D0B,1118722,1119100.400,1119100400,1000,1775,1935,60,60,FWD,29,57,1,APPROACH,0
C3B93D0B,1118723,1119101.400,1119101400,1000,1775,1935,60,60,FWD,29,57,1,APPROACH,0
C3B93D0B,1118724,1119102.399,1119102399,999,1775,1935,60,60,FWD,29,57,1,APPROACH,0
C3B93D0B,1118725,1119103.400,1119103400,1001,1773,1935,60,60,FWD,29,57,1,APPROACH,0
C3B93D0B,1118726,1119104.399,1119104399,999,1771,1935,60,60,FWD,29,57,1,APPROACH,0
C3B93D0B,1118727,1119105.400,1119105400,1001,1767,1935,60,60,FWD,29,57,1,APPROACH,0
C3B93D0B,1118728,1119106.399,1119106399,999,1769,1935,60,60,FWD,29,57,1,APPROACH,0
C3B93D0B,1118729,1119107.400,1119107400,1001,1767,1935,60,60,FWD,29,57,1,APPROACH,0
C3B93D0B,1118730,1119108.399,1119108399,999,1766,1935,60,60,FWD,29,57,1,APPROACH,0
C3B93D0B,1118731,1119109.400,1119109400,1001,1763,1935,60,60,FWD,29,57,1,APPROACH,0
C3B93D0B,1118732,1119110.400,1119110400,1000,1766,1935,60,60,FWD,29,57,1,APPROACH,0
C3B93D0B,1118733,1119111.400,1119111400,1000,1765,1935,60,60,FWD,29,57,1,APPROACH,0
C3B93D0B,1118734,1119112.399,1119112399,999,1764,1935,60,60,FWD,29,57,1,APPROACH,0
C3B93D0B,1118735,1119113.400,1119113400,1001,1760,1935,60,60,FWD,29,57,1,APPROACH,0
C3B93D0B,1118736,1119114.399,1119114399,999,1760,1935,60,60,FWD,29,57,1,APPROACH,0
C3B93D0B,1118737,1119115.400,1119115400,1001,1761,1935,60,60,FWD,29,57,1,APPROACH,0
C3B93D0B,1118738,1119116.399,1119116399,999,1759,1935,60,60,FWD,29,57,1,APPROACH,0
C3B93D0B,1118739,1119117.400,1119117400,1001,1758,1935,60,60,FWD,29,57,1,APPROACH,0
C3B93D0B,1118740,1119118.399,1119118399,999,1758,1935,60,60,FWD,29,57,1,APPROACH,0
C3B93D0B,1118741,1119119.400,1119119400,1001,1754,1935,60,60,FWD,29,57,1,APPROACH,0
C3B93D0B,1118742,1119120.400,1119120400,1000,1757,1935,60,60,FWD,29,57,1,APPROACH,0
C3B93D0B,1118743,1119121.400,1119121400,1000,1755,1935,60,60,FWD,29,57,1,APPROACH,0
C3B93D0B,1118744,1119122.399,1119122399,999,1756,1935,60,60,FWD,29,57,1,APPROACH,0
C3B93D0B,1118745,1119123.400,1119123400,1001,1754,1935,60,60,FWD,29,57,1,APPROACH,0
C3B93D0B,1118746,1119124.399,1119124399,999,1754,1935,60,60,FWD,29,57,1,APPROACH,0
C3B93D0B,1118747,1119125.400,1119125400,1001,1751,1935,60,60,FWD,29,57,1,APPROACH,0
C3B93D0B,1118748,1119126.399,1119126399,999,1753,1935,60,60,FWD,29,57,1,APPROACH,0
C3B93D0B,1118749,1119127.400,1119127400,1001,1755,1935,60,60,FWD,29,57,1,APPROACH,0
C3B93D0B,1118750,1119128.399,1119128399,999,1750,1935,60,60,FWD,29,57,1,APPROACH,0
C3B93D0B,1118751,1119129.400,1119129400,1001,1751,1935,60,60,FWD,29,57,1,APPROACH,0
C3B93D0B,1118752,1119130.400,1119130400,1000,1750,1935,60,60,FWD,29,57,1,APPROACH,0
C3B93D0B,1118753,1119131.400,1119131400,1000,1749,1935,60,60,FWD,29,57,1,APPROACH,0
C3B93D0B,1118754,1119132.399,1119132399,999,1750,1935,60,60,FWD,29,57,1,APPROACH,0
C3B93D0B,1118755,1119133.400,1119133400,1001,1747,1935,60,60,FWD,29,57,1,APPROACH,0
C3B93D0B,1118756,1119134.707,1119134707,1307,1745,1935,60,60,FWD,61,57,1,APPROACH,0
C3B93D0B,1118757,1119135.400,1119135400,693,1749,1935,60,60,FWD,29,57,1,APPROACH,0
C3B93D0B,1118758,1119136.399,1119136399,999,1746,1935,60,60,FWD,29,57,1,APPROACH,0
C3B93D0B,1118759,1119137.400,1119137400,1001,1746,1935,60,60,FWD,29,57,1,APPROACH,0
C3B93D0B,1118760,1119138.399,1119138399,999,1747,1935,60,60,FWD,29,57,1,APPROACH,0
C3B93D0B,1118761,1119139.400,1119139400,1001,1745,1935,60,60,FWD,29,57,1,APPROACH,0
C3B93D0B,1118762,1119140.400,1119140400,1000,1744,1935,60,60,FWD,29,57,1,APPROACH,0
C3B93D0B,1118763,1119141.400,1119141400,1000,1745,1935,60,60,FWD,29,57,1,APPROACH,0
C3B93D0B,1118764,1119142.402,1119142402,1002,1760,1935,60,60,FWD,29,57,1,APPROACH,0
C3B93D0B,1118765,1119143.400,1119143400,998,1758,1935,60,60,FWD,29,57,1,APPROACH,0
C3B93D0B,1118766,1119144.399,1119144399,999,1759,1935,60,60,FWD,29,57,1,APPROACH,0
C3B93D0B,1118767,1119145.400,1119145400,1001,1759,1935,60,60,FWD,29,57,1,APPROACH,0
C3B93D0B,1118768,1119146.399,1119146399,999,1759,1935,60,60,FWD,29,57,1,APPROACH,0
C3B93D0B,1118769,1119147.400,1119147400,1001,1759,1935,60,60,FWD,29,57,1,APPROACH,0
C3B93D0B,1118770,1119148.399,1119148399,999,1758,1935,60,60,FWD,29,57,1,APPROACH,0
C3B93D0B,1118771,1119149.400,1119149400,1001,1757,1935,60,60,FWD,29,57,1,APPROACH,0
C3B93D0B,1118772,1119150.400,1119150400,1000,1757,1935,60,60,FWD,29,57,1,APPROACH,0
C3B93D0B,1118773,1119151.400,1119151400,1000,1759,1935,60,60,FWD,29,57,1,APPROACH,0
C3B93D0B,1118774,1119152.399,1119152399,999,1758,1935,60,60,FWD,29,57,1,APPROACH,0
C3B93D0B,1118775,1119153.400,1119153400,1001,1759,1935,60,60,FWD,29,57,1,APPROACH,0
C3B93D0B,1118776,1119154.399,1119154399,999,1758,1935,60,60,FWD,29,57,1,APPROACH,0
C3B93D0B,1118777,1119155.400,1119155400,1001,1759,1935,60,60,FWD,29,57,1,APPROACH,0
C3B93D0B,1118778,1119156.399,1119156399,999,1759,1935,60,60,FWD,29,57,1,APPROACH,0
C3B93D0B,1118779,1119157.400,1119157400,1001,1758,1935,60,60,FWD,29,57,1,APPROACH,0
C3B93D0B,1118780,1119158.399,1119158399,999,1760,1935,60,60,FWD,29,57,1,APPROACH,0
C3B93D0B,1118781,1119159.400,1119159400,1001,1759,1935,60,60,FWD,29,57,1,APPROACH,0
C3B93D0B,1118782,1119160.400,1119160400,1000,1759,1935,60,60,FWD,29,57,1,APPROACH,0
C3B93D0B,1118783,1119161.400,1119161400,1000,1760,1935,60,60,FWD,29,57,1,APPROACH,0
C3B93D0B,1118784,1119162.399,1119162399,999,1760,1935,60,60,FWD,29,57,1,APPROACH,0
C3B93D0B,1118785,1119163.400,1119163400,1001,1760,1935,60,60,FWD,29,57,1,APPROACH,0
C3B93D0B,1118786,1119164.399,1119164399,999,1762,1935,60,60,FWD,29,57,1,APPROACH,0
C3B93D0B,1118787,1119165.400,1119165400,1001,1761,1935,60,60,FWD,29,57,1,APPROACH,0
C3B93D0B,1118788,1119166.399,1119166399,999,1763,1935,60,60,FWD,29,57,1,APPROACH,0
C3B93D0B,1118789,1119167.400,1119167400,1001,1761,1935,60,60,FWD,29,57,1,APPROACH,0
C3B93D0B,1118790,1119168.399,1119168399,999,1764,1935,60,60,FWD,29,57,1,APPROACH,0
C3B93D0B,1118791,1119169.400,1119169400,1001,1762,1935,60,60,FWD,29,57,1,APPROACH,0
C3B93D0B,1118792,1119170.400,1119170400,1000,1763,1935,60,60,FWD,29,57,1,APPROACH,0
C3B93D0B,1118793,1119171.400,1119171400,1000,1766,1935,60,60,FWD,29,57,1,APPROACH,0
C3B93D0B,1118794,1119172.399,1119172399,999,1766,1935,60,60,FWD,29,57,1,APPROACH,0
C3B93D0B,1118795,1119173.400,1119173400,1001,1765,1935,60,60,FWD,29,57,1,APPROACH,0
C3B93D0B,1118796,1119174.594,1119174594,1194,1757,1935,60,60,FWD,29,57,1,APPROACH,0
C3B93D0B,1118797,1119175.400,1119175400,806,1755,1935,60,60,FWD,29,57,1,APPROACH,0
C3B93D0B,1118798,1119176.399,1119176399,999,1758,1935,60,60,FWD,29,57,1,APPROACH,0
C3B93D0B,1118799,1119177.400,1119177400,1001,1759,1935,60,60,FWD,29,57,1,APPROACH,0
C3B93D0B,1118800,1119178.399,1119178399,999,1762,1935,60,60,FWD,29,57,1,APPROACH,0
C3B93D0B,1118801,1119179.810,1119179810,1411,1773,1935,60,60,FWD,61,57,1,APPROACH,0
C3B93D0B,1118802,1119180.400,1119180400,590,1774,1935,60,60,FWD,29,57,1,APPROACH,0
C3B93D0B,1118803,1119182.202,1119182202,1802,1760,1935,60,60,FWD,61,57,1,APPROACH,0
C3B93D0B,1118804,1119182.795,1119182795,593,1764,1935,60,60,FWD,29,57,1,APPROACH,0
C3B93D0B,1118805,1119183.400,1119183400,605,1763,1935,60,60,FWD,29,57,1,APPROACH,0
C3B93D0B,1118806,1119184.399,1119184399,999,1766,1935,60,60,FWD,29,57,1,APPROACH,0
C3B93D0B,1118807,1119185.400,1119185400,1001,1767,1935,60,60,FWD,29,57,1,APPROACH,0
C3B93D0B,1118808,1119186.399,1119186399,999,1766,1935,60,60,FWD,29,57,1,APPROACH,0
C3B93D0B,1118809,1119187.400,1119187400,1001,1769,1935,60,60,FWD,29,57,1,APPROACH,0
C3B93D0B,1118810,1119188.399,1119188399,999,1772,1935,60,60,FWD,29,57,1,APPROACH,0
C3B93D0B,1118811,1119189.400,1119189400,1001,1771,1935,60,60,FWD,29,57,1,APPROACH,0
C3B93D0B,1118812,1119190.400,1119190400,1000,1772,1935,60,60,FWD,29,57,1,APPROACH,0
C3B93D0B,1118813,1119191.400,1119191400,1000,1774,1935,60,60,FWD,29,57,1,APPROACH,0
C3B93D0B,1118814,1119192.399,1119192399,999,1775,1935,60,60,FWD,29,57,1,APPROACH,0
C3B93D0B,1118815,1119193.400,1119193400,1001,1776,1935,60,60,FWD,29,57,1,APPROACH,0
C3B93D0B,1118816,1119194.399,1119194399,999,1775,1935,60,60,FWD,29,57,1,APPROACH,0
C3B93D0B,1118817,1119195.400,1119195400,1001,1776,1935,60,60,FWD,29,57,1,APPROACH,0
C3B93D0B,1118818,1119196.399,1119196399,999,1776,1935,60,60,FWD,29,57,1,APPROACH,0
C3B93D0B,1118819,1119197.400,1119197400,1001,1778,1935,60,60,FWD,29,57,1,APPROACH,0
C3B93D0B,1118820,1119198.399,1119198399,999,1778,1935,60,60,FWD,29,57,1,APPROACH,0
C3B93D0B,1118821,1119199.400,1119199400,1001,1780,1935,60,60,FWD,29,57,1,APPROACH,0
C3B93D0B,1118822,1119200.400,1119200400,1000,1782,1935,60,60,FWD,29,57,1,APPROACH,0
C3B93D0B,1118823,1119201.400,1119201400,1000,1782,1935,60,60,FWD,29,57,1,APPROACH,0
C3B93D0B,1118824,1119202.399,1119202399,999,1786,1935,60,60,FWD,29,57,1,APPROACH,0
C3B93D0B,1118825,1119203.400,1119203400,1001,1783,1935,60,60,FWD,29,57,1,APPROACH,0
C3B93D0B,1118826,1119204.399,1119204399,999,1787,1935,60,60,FWD,29,57,1,APPROACH,0
C3B93D0B,1118827,1119205.400,1119205400,1001,1787,1935,60,60,FWD,29,57,1,APPROACH,0
C3B93D0B,1118828,1119206.399,1119206399,999,1791,1935,60,60,FWD,29,57,1,APPROACH,0
C3B93D0B,1118829,1119207.400,1119207400,1001,1790,1935,60,60,FWD,29,57,1,APPROACH,0
C3B93D0B,1118830,1119208.399,1119208399,999,1792,1935,60,60,FWD,29,57,1,APPROACH,0
C3B93D0B,1118831,1119209.400,1119209400,1001,1793,1935,60,60,FWD,29,57,1,APPROACH,0
C3B93D0B,1118832,1119210.400,1119210400,1000,1796,1935,60,60,FWD,29,57,1,APPROACH,0
C3B93D0B,1118833,1119211.400,1119211400,1000,1797,1935,60,60,FWD,29,57,1,APPROACH,0
C3B93D0B,1118834,1119212.399,1119212399,999,1795,1935,60,60,FWD,29,57,1,APPROACH,0
C3B93D0B,1118835,1119213.400,1119213400,1001,1800,1935,60,60,FWD,29,57,1,APPROACH,0
C3B93D0B,1118836,1119214.399,1119214399,999,1799,1935,60,60,FWD,29,57,1,APPROACH,0
C3B93D0B,1118837,1119215.400,1119215400,1001,1803,1935,60,60,FWD,29,57,1,APPROACH,0
C3B93D0B,1118838,1119216.399,1119216399,999,1805,1935,60,60,FWD,29,57,1,APPROACH,0
C3B93D0B,1118839,1119217.400,1119217400,1001,1806,1935,60,60,FWD,29,57,1,APPROACH,0
C3B93D0B,1118840,1119218.399,1119218399,999,1808,1935,60,60,FWD,29,57,1,APPROACH,0
C3B93D0B,1118841,1119219.400,1119219400,1001,1808,1935,60,60,FWD,29,57,1,APPROACH,0
C3B93D0B,1118842,1119220.400,1119220400,1000,1808,1935,60,60,FWD,29,57,1,APPROACH,0
C3B93D0B,1118843,1119221.400,1119221400,1000,1809,1935,60,60,FWD,29,57,1,APPROACH,0
C3B93D0B,1118844,1119222.399,1119222399,999,1810,1935,60,60,FWD,29,57,1,APPROACH,0
C3B93D0B,1118845,1119223.400,1119223400,1001,1810,1935,60,60,FWD,29,57,1,APPROACH,0
C3B93D0B,1118846,1119224.399,1119224399,999,1814,1935,60,60,FWD,29,57,1,APPROACH,0
C3B93D0B,1118847,1119225.400,1119225400,1001,1814,1935,60,60,FWD,29,57,1,APPROACH,0
C3B93D0B,1118848,1119226.399,1119226399,999,1817,1935,60,60,FWD,29,57,1,APPROACH,0
C3B93D0B,1118849,1119227.400,1119227400,1001,1818,1935,60,60,FWD,29,57,1,APPROACH,0
C3B93D0B,1118850,1119228.399,1119228399,999,1820,1935,60,60,FWD,29,57,1,APPROACH,0
C3B93D0B,1118851,1119229.400,1119229400,1001,1823,1935,60,60,FWD,29,57,1,APPROACH,0
C3B93D0B,1118852,1119230.400,1119230400,1000,1823,1935,60,60,FWD,29,57,1,APPROACH,0
C3B93D0B,1118853,1119231.400,1119231400,1000,1826,1935,60,60,FWD,29,57,1,APPROACH,0
C3B93D0B,1118854,1119232.399,1119232399,999,1827,1935,60,60,FWD,29,57,1,APPROACH,0
C3B93D0B,1118855,1119233.403,1119233403,1004,1830,1935,60,60,FWD,29,57,1,APPROACH,0
C3B93D0B,1118856,1119234.399,1119234399,996,1829,1935,60,60,FWD,29,57,1,APPROACH,0
C3B93D0B,1118857,1119235.400,1119235400,1001,1833,1935,60,60,FWD,29,57,1,APPROACH,0
C3B93D0B,1118858,1119236.399,1119236399,999,1835,1935,60,60,FWD,29,57,1,APPROACH,0
C3B93D0B,1118859,1119237.400,1119237400,1001,1837,1935,60,60,FWD,29,57,1,APPROACH,0
C3B93D0B,1118860,1119238.399,1119238399,999,1838,1935,60,60,FWD,29,57,1,APPROACH,0
C3B93D0B,1118861,1119239.400,1119239400,1001,1838,1935,60,60,FWD,29,57,1,APPROACH,0
C3B93D0B,1118862,1119240.400,1119240400,1000,1851,1935,60,60,FWD,29,57,1,APPROACH,0
C3B93D0B,1118863,1119241.400,1119241400,1000,1850,1935,60,60,FWD,29,57,1,APPROACH,0
C3B93D0B,1118864,1119242.399,1119242399,999,1853,1935,60,60,FWD,29,57,1,APPROACH,0
C3B93D0B,1118865,1119243.400,1119243400,1001,1854,1935,60,60,FWD,29,57,1,APPROACH,0
C3B93D0B,1118866,1119244.399,1119244399,999,1856,1935,60,60,FWD,29,57,1,APPROACH,0
C3B93D0B,1118867,1119245.400,1119245400,1001,1857,1935,60,60,FWD,29,57,1,APPROACH,0
C3B93D0B,1118868,1119246.399,1119246399,999,1857,1935,60,60,FWD,29,57,1,APPROACH,0
C3B93D0B,1118869,1119247.400,1119247400,1001,1857,1935,60,60,FWD,29,57,1,APPROACH,0
C3B93D0B,1118870,1119248.399,1119248399,999,1859,1935,60,60,FWD,29,57,1,APPROACH,0
C3B93D0B,1118871,1119249.400,1119249400,1001,1861,1935,60,60,FWD,29,57,1,APPROACH,0
C3B93D0B,1118872,1119250.400,1119250400,1000,1865,1935,60,60,FWD,29,57,1,APPROACH,0
C3B93D0B,1118873,1119251.402,1119251402,1002,1865,1935,60,60,FWD,29,57,1,APPROACH,0
C3B93D0B,1118874,1119252.674,1119252674,1272,1856,1935,60,60,FWD,61,57,1,APPROACH,0
C3B93D0B,1118875,1119253.402,1119253402,728,1855,1935,60,60,FWD,29,57,1,APPROACH,0
C3B93D0B,1118876,1119254.401,1119254401,999,1856,1935,60,60,FWD,29,57,1,APPROACH,0
C3B93D0B,1118877,1119255.400,1119255400,999,1861,1935,60,60,FWD,29,57,1,APPROACH,0
C3B93D0B,1118878,1119257.411,1119257411,2011,1862,1935,60,60,FWD,61,57,1,APPROACH,0
C3B93D0B,1118879,1119257.652,1119257652,241,1863,1935,60,60,FWD,29,57,1,APPROACH,0
C3B93D0B,1118880,1119258.399,1119258399,747,1863,1935,60,60,FWD,29,57,1,APPROACH,0
C3B93D0B,1118881,1119259.643,1119259643,1244,1866,1935,60,60,FWD,29,57,1,APPROACH,0
C3B93D0B,1118882,1119260.917,1119260917,1274,1871,1935,60,60,FWD,61,57,1,APPROACH,0
C3B93D0B,1118883,1119261.400,1119261400,483,1870,1935,60,60,FWD,29,57,1,APPROACH,0
C3B93D0B,1118884,1119262.399,1119262399,999,1872,1935,60,60,FWD,29,57,1,APPROACH,0
C3B93D0B,1118885,1119263.400,1119263400,1001,1872,1935,60,60,FWD,29,57,1,APPROACH,0
C3B93D0B,1118886,1119264.400,1119264400,1000,1872,1935,60,60,FWD,29,57,1,APPROACH,0
C3B93D0B,1118887,1119265.400,1119265400,1000,1874,1935,60,60,FWD,29,57,1,APPROACH,0
C3B93D0B,1118888,1119266.399,1119266399,999,1875,1935,60,60,FWD,29,57,1,APPROACH,0
C3B93D0B,1118889,1119267.400,1119267400,1001,1877,1935,60,60,FWD,29,57,1,APPROACH,0
C3B93D0B,1118890,1119268.399,1119268399,999,1879,1935,60,60,FWD,29,57,1,APPROACH,0
C3B93D0B,1118891,1119269.400,1119269400,1001,1881,1935,60,60,FWD,29,57,1,APPROACH,0
C3B93D0B,1118892,1119270.399,1119270399,999,1883,1935,60,60,FWD,29,57,1,APPROACH,0
C3B93D0B,1118893,1119271.400,1119271400,1001,1882,1935,60,60,FWD,29,57,1,APPROACH,0
C3B93D0B,1118894,1119272.399,1119272399,999,1886,1935,60,60,FWD,29,57,1,APPROACH,0
C3B93D0B,1118895,1119273.400,1119273400,1001,1886,1935,60,60,FWD,29,57,1,APPROACH,0
C3B93D0B,1118896,1119274.400,1119274400,1000,1886,1935,60,60,FWD,29,57,1,APPROACH,0
C3B93D0B,1118897,1119275.400,1119275400,1000,1890,1935,60,60,FWD,29,57,1,APPROACH,0
C3B93D0B,1118898,1119276.529,1119276529,1129,1891,1935,60,60,FWD,29,57,1,APPROACH,0
C3B93D0B,1118899,1119277.400,1119277400,871,1890,1935,60,60,FWD,29,57,1,APPROACH,0
C3B93D0B,1118900,1119278.399,1119278399,999,1893,1935,60,60,FWD,29,57,1,APPROACH,0
C3B93D0B,1118901,1119279.400,1119279400,1001,1895,1935,60,60,FWD,29,57,1,APPROACH,0
C3B93D0B,1118902,1119280.399,1119280399,999,1897,1935,60,60,FWD,29,57,1,APPROACH,0
C3B93D0B,1118903,1119281.958,1119281958,1559,1897,1935,60,60,FWD,61,57,1,APPROACH,0
C3B93D0B,1118904,1119282.399,1119282399,441,1899,1935,60,60,FWD,29,57,1,APPROACH,0
C3B93D0B,1118905,1119283.400,1119283400,1001,1901,1935,60,60,FWD,29,57,1,APPROACH,0
C3B93D0B,1118906,1119284.400,1119284400,1000,1899,1935,60,60,FWD,29,57,1,APPROACH,0
C3B93D0B,1118907,1119285.830,1119285830,1430,1902,1935,60,60,FWD,61,57,1,APPROACH,0
C3B93D0B,1118908,1119286.399,1119286399,569,1902,1935,60,60,FWD,29,57,1,APPROACH,0
C3B93D0B,1118909,1119287.400,1119287400,1001,1904,1935,60,60,FWD,29,57,1,APPROACH,0
C3B93D0B,1118910,1119288.399,1119288399,999,1904,1935,60,60,FWD,29,57,1,APPROACH,0
C3B93D0B,1118911,1119289.400,1119289400,1001,1904,1935,60,60,FWD,29,57,1,APPROACH,0
C3B93D0B,1118912,1119290.399,1119290399,999,1904,1935,60,60,FWD,29,57,1,APPROACH,0
C3B93D0B,1118913,1119291.400,1119291400,1001,1907,1935,60,60,FWD,29,57,1,APPROACH,0
C3B93D0B,1118914,1119292.399,1119292399,999,1909,1935,60,60,FWD,29,57,1,APPROACH,0
C3B93D0B,1118915,1119293.400,1119293400,1001,1907,1935,60,60,FWD,29,57,1,APPROACH,0
C3B93D0B,1118916,1119294.399,1119294399,999,1910,1935,60,60,FWD,29,57,1,APPROACH,0
C3B93D0B,1118917,1119295.401,1119295401,1002,1909,1935,60,60,FWD,29,57,1,APPROACH,0
C3B93D0B,1118918,1119296.399,1119296399,998,1910,1935,60,60,FWD,29,57,1,APPROACH,0
C3B93D0B,1118919,1119297.400,1119297400,1001,1911,1935,60,60,FWD,29,57,1,APPROACH,0
C3B93D0B,1118920,1119298.399,1119298399,999,1911,1935,60,60,FWD,29,57,1,APPROACH,0
C3B93D0B,1118921,1119299.400,1119299400,1001,1914,1935,60,60,FWD,29,57,1,APPROACH,0
C3B93D0B,1118922,1119300.399,1119300399,999,1918,1935,60,60,FWD,29,57,1,APPROACH,0
C3B93D0B,1118923,1119301.400,1119301400,1001,1917,1935,60,60,FWD,29,57,1,APPROACH,0
C3B93D0B,1118924,1119302.399,1119302399,999,1918,1935,60,60,FWD,29,57,1,APPROACH,0
C3B93D0B,1118925,1119303.400,1119303400,1001,1917,1935,60,60,FWD,29,57,1,APPROACH,0
C3B93D0B,1118926,1119304.399,1119304399,999,1920,1935,60,60,FWD,29,57,1,APPROACH,0
C3B93D0B,1118927,1119305.401,1119305401,1002,1919,1935,60,60,FWD,29,57,1,APPROACH,0
C3B93D0B,1118928,1119306.399,1119306399,998,1920,1935,60,60,FWD,13,57,1,APPROACH,0
C3B93D0B,1118929,1119307.400,1119307400,1001,1920,1935,60,60,FWD,13,57,1,APPROACH,0
C3B93D0B,1118930,1119308.399,1119308399,999,1921,1935,60,60,FWD,13,57,1,APPROACH,0
C3B93D0B,1118931,1119309.399,1119309399,1000,1921,1935,60,60,FWD,13,57,1,APPROACH,0
C3B93D0B,1118932,1119310.399,1119310399,1000,1920,1935,60,60,FWD,13,57,1,APPROACH,0
C3B93D0B,1118933,1119311.399,1119311399,1000,1921,1935,60,60,FWD,13,57,1,APPROACH,0
C3B93D0B,1118934,1119312.399,1119312399,1000,1922,1935,60,60,FWD,13,57,1,APPROACH,0
C3B93D0B,1118935,1119313.399,1119313399,1000,1923,1935,60,60,FWD,13,57,1,APPROACH,0
C3B93D0B,1118936,1119314.399,1119314399,1000,1923,1935,60,60,FWD,13,57,1,APPROACH,0
C3B93D0B,1118937,1119315.400,1119315400,1001,1923,1935,60,60,FWD,13,57,1,APPROACH,0
C3B93D0B,1118938,1119316.416,1119316416,1016,1921,1935,60,60,FWD,13,57,1,APPROACH,0
C3B93D0B,1118939,1119317.518,1119317518,1102,1921,1935,60,60,FWD,13,57,1,APPROACH,0
C3B93D0B,1118940,1119320.003,1119320003,2485,1927,1935,60,60,FWD,45,57,1,APPROACH,0
C3B93D0B,1118941,1119320.510,1119320510,507,1927,1935,60,60,FWD,13,57,1,APPROACH,0
C3B93D0B,1118942,1119320.741,1119320741,231,1924,1935,60,60,FWD,13,57,1,APPROACH,0
C3B93D0B,1118943,1119321.436,1119321436,695,1923,1935,60,60,FWD,13,57,1,APPROACH,0
C3B93D0B,1118944,1119322.399,1119322399,963,1927,1935,60,60,FWD,13,57,1,APPROACH,0
C3B93D0B,1118945,1119323.559,1119323559,1160,1929,1935,60,60,FWD,13,57,1,APPROACH,0
C3B93D0B,1118946,1119324.399,1119324399,840,1931,1935,60,60,FWD,13,57,1,APPROACH,0
C3B93D0B,1118947,1119325.399,1119325399,1000,1931,1935,60,60,FWD,13,57,1,APPROACH,0
C3B93D0B,1118948,1119326.399,1119326399,1000,1929,1935,60,60,FWD,13,57,1,APPROACH,0
C3B93D0B,1118949,1119327.399,1119327399,1000,1931,1935,60,60,FWD,13,57,1,APPROACH,0
C3B93D0B,1118950,1119328.400,1119328400,1001,1929,1935,60,60,FWD,13,57,1,APPROACH,0
C3B93D0B,1118951,1119329.399,1119329399,999,1931,1935,60,60,FWD,13,57,1,APPROACH,0
C3B93D0B,1118952,1119330.399,1119330399,1000,1934,1935,60,60,FWD,13,57,1,APPROACH,0
C3B93D0B,1118953,1119331.399,1119331399,1000,1933,1935,60,60,FWD,13,57,1,APPROACH,0
C3B93D0B,1118954,1119332.399,1119332399,1000,1935,1935,60,60,FWD,13,57,1,APPROACH,0
C3B93D0B,1118955,1119333.399,1119333399,1000,1933,1935,60,60,FWD,13,57,1,APPROACH,0
C3B93D0B,1118956,1119334.399,1119334399,1000,1936,1935,60,60,FWD,13,57,1,APPROACH,0
C3B93D0B,1118957,1119335.399,1119335399,1000,1935,1935,60,60,FWD,13,57,1,APPROACH,0
C3B93D0B,1118958,1119336.399,1119336399,1000,1936,1935,60,60,FWD,13,57,1,APPROACH,0
C3B93D0B,1118959,1119337.399,1119337399,1000,1934,1935,60,60,FWD,13,57,1,APPROACH,0
C3B93D0B,1118960,1119338.400,1119338400,1001,1935,1935,60,60,FWD,13,57,1,APPROACH,0
C3B93D0B,1118961,1119339.399,1119339399,999,1936,1935,60,60,FWD,13,57,1,APPROACH,0
C3B93D0B,1118962,1119340.399,1119340399,1000,1936,1935,60,60,FWD,13,57,1,APPROACH,0
C3B93D0B,1118963,1119341.399,1119341399,1000,1935,1935,60,60,FWD,13,57,1,APPROACH,0
C3B93D0B,1118964,1119342.515,1119342515,1116,1936,1935,60,60,FWD,13,57,1,APPROACH,0
C3B93D0B,1118965,1119343.400,1119343400,885,1936,1935,60,60,FWD,13,57,1,APPROACH,0
C3B93D0B,1118966,1119344.399,1119344399,999,1936,1935,60,60,FWD,13,57,1,APPROACH,0
C3B93D0B,1118967,1119345.400,1119345400,1001,1936,1935,60,60,FWD,13,57,1,APPROACH,0
C3B93D0B,1118968,1119346.399,1119346399,999,1936,1935,60,60,FWD,13,57,1,APPROACH,0
C3B93D0B,1118969,1119347.400,1119347400,1001,1936,1935,60,60,FWD,13,57,1,APPROACH,0
C3B93D0B,1118970,1119348.400,1119348400,1000,1936,1935,60,60,FWD,13,57,1,APPROACH,0
C3B93D0B,1118971,1119349.402,1119349402,1002,1936,1935,60,60,FWD,13,57,1,APPROACH,0
C3B93D0B,1118972,1119350.402,1119350402,1000,1936,1935,60,60,FWD,13,57,1,APPROACH,0
C3B93D0B,1118973,1119351.400,1119351400,998,1936,1935,60,60,FWD,13,57,1,APPROACH,0
C3B93D0B,1118974,1119352.434,1119352434,1034,1936,1935,60,60,FWD,13,57,1,APPROACH,0
C3B93D0B,1118975,1119353.794,1119353794,1360,1936,1935,60,60,FWD,45,57,1,APPROACH,0
C3B93D0B,1118976,1119354.399,1119354399,605,1936,1935,60,60,FWD,13,57,1,APPROACH,0
C3B93D0B,1118977,1119355.400,1119355400,1001,1937,1935,60,60,FWD,13,57,1,APPROACH,0
C3B93D0B,1118978,1119356.399,1119356399,999,1936,1935,60,60,FWD,13,57,1,APPROACH,0
C3B93D0B,1118979,1119357.400,1119357400,1001,1936,1935,60,60,FWD,13,57,1,APPROACH,0
C3B93D0B,1118980,1119358.399,1119358399,999,1938,1935,60,60,FWD,13,57,1,APPROACH,0
C3B93D0B,1118981,1119359.401,1119359401,1002,1936,1935,60,60,FWD,13,57,1,APPROACH,0
C3B93D0B,1118982,1119360.399,1119360399,998,1937,1935,60,60,FWD,13,57,1,APPROACH,0
C3B93D0B,1118983,1119361.400,1119361400,1001,1937,1935,60,60,FWD,13,57,1,APPROACH,0
C3B93D0B,1118984,1119362.399,1119362399,999,1936,1935,60,60,FWD,13,57,1,APPROACH,0
C3B93D0B,1118985,1119363.400,1119363400,1001,1937,1935,60,60,FWD,13,57,1,APPROACH,0
C3B93D0B,1118986,1119364.399,1119364399,999,1937,1935,60,60,FWD,13,57,1,APPROACH,0
C3B93D0B,1118987,1119365.400,1119365400,1001,1937,1935,60,60,FWD,13,57,1,APPROACH,0
C3B93D0B,1118988,1119366.399,1119366399,999,1939,1935,60,60,FWD,13,57,1,APPROACH,0
C3B93D0B,1118989,1119367.400,1119367400,1001,1937,1935,60,60,FWD,13,57,1,APPROACH,0
C3B93D0B,1118990,1119368.399,1119368399,999,1939,1935,60,60,FWD,13,57,1,APPROACH,0
C3B93D0B,1118991,1119369.401,1119369401,1002,1938,1935,60,60,FWD,13,57,1,APPROACH,0
C3B93D0B,1118992,1119370.399,1119370399,998,1937,1935,60,60,FWD,13,57,1,APPROACH,0
C3B93D0B,1118993,1119371.400,1119371400,1001,1937,1935,60,60,FWD,13,57,1,APPROACH,0
C3B93D0B,1118994,1119372.399,1119372399,999,1939,1935,60,60,FWD,13,57,1,APPROACH,0
C3B93D0B,1118995,1119373.400,1119373400,1001,1938,1935,60,60,FWD,13,57,1,APPROACH,0
C3B93D0B,1118996,1119374.399,1119374399,999,1938,1935,60,60,FWD,13,57,1,APPROACH,0
C3B93D0B,1118997,1119375.400,1119375400,1001,1939,1935,60,60,FWD,13,57,1,APPROACH,0
C3B93D0B,1118998,1119376.399,1119376399,999,1938,1935,60,60,FWD,13,57,1,APPROACH,0
C3B93D0B,1118999,1119377.400,1119377400,1001,1939,1935,60,60,FWD,13,57,1,APPROACH,0
C3B93D0B,1119000,1119378.513,1119378513,1113,1940,1935,60,60,FWD,13,58,1,ZONE,0
C3B93D0B,1119001,1119379.696,1119379696,1183,1937,1935,60,60,FWD,13,58,1,ZONE,0
C3B93D0B,1119002,1119380.878,1119380878,1182,1937,1935,60,60,FWD,13,58,1,ZONE,0
C3B93D0B,1119003,1119381.459,1119381459,581,1938,1935,60,60,FWD,13,58,1,ZONE,0
C3B93D0B,1119004,1119382.400,1119382400,941,1937,1935,60,60,FWD,13,58,1,ZONE,0
C3B93D0B,1119005,1119383.399,1119383399,999,1939,1935,60,60,FWD,13,58,1,ZONE,0
C3B93D0B,1119006,1119384.404,1119384404,1005,1938,1935,60,60,FWD,13,58,1,ZONE,0
C3B93D0B,1119007,1119385.399,1119385399,995,1938,1935,60,60,FWD,13,58,1,ZONE,0
C3B93D0B,1119008,1119386.400,1119386400,1001,1938,1935,60,60,FWD,13,58,1,ZONE,0
C3B93D0B,1119009,1119387.399,1119387399,999,1940,1935,60,60,FWD,13,58,1,ZONE,0
C3B93D0B,1119010,1119388.400,1119388400,1001,1940,1935,60,60,FWD,13,58,1,ZONE,0
C3B93D0B,1119011,1119389.399,1119389399,999,1938,1935,60,60,FWD,13,58,1,ZONE,0
C3B93D0B,1119012,1119390.401,1119390401,1002,1937,1935,60,60,FWD,13,58,1,ZONE,0
C3B93D0B,1119013,1119391.399,1119391399,998,1941,1935,60,60,FWD,13,58,1,ZONE,0
C3B93D0B,1119014,1119392.400,1119392400,1001,1937,1935,60,60,FWD,13,58,1,ZONE,0
C3B93D0B,1119015,1119393.399,1119393399,999,1939,1935,60,60,FWD,13,58,1,ZONE,0
C3B93D0B,1119016,1119394.400,1119394400,1001,1939,1935,60,60,FWD,13,58,1,ZONE,0
C3B93D0B,1119017,1119395.399,1119395399,999,1939,1935,60,60,FWD,13,58,1,ZONE,0
C3B93D0B,1119018,1119396.400,1119396400,1001,1939,1935,60,60,FWD,13,58,1,ZONE,0
C3B93D0B,1119019,1119397.399,1119397399,999,1938,1935,60,60,FWD,13,58,1,ZONE,0
C3B93D0B,1119020,1119398.400,1119398400,1001,1938,1935,60,60,FWD,13,58,1,ZONE,0
C3B93D0B,1119021,1119399.399,1119399399,999,1939,1935,60,60,FWD,13,58,1,ZONE,0
C3B93D0B,1119022,1119400.401,1119400401,1002,1936,1935,60,60,FWD,13,58,1,ZONE,0
C3B93D0B,1119023,1119401.399,1119401399,998,1939,1935,60,60,FWD,13,58,1,ZONE,0
C3B93D0B,1119024,1119402.400,1119402400,1001,1938,1935,60,60,FWD,13,58,1,ZONE,0
C3B93D0B,1119025,1119403.399,1119403399,999,1938,1935,60,60,FWD,13,58,1,ZONE,0
C3B93D0B,1119026,1119404.400,1119404400,1001,1938,1935,60,60,FWD,13,58,1,ZONE,0
C3B93D0B,1119027,1119405.399,1119405399,999,1939,1935,60,60,FWD,13,58,1,ZONE,0
C3B93D0B,1119028,1119406.400,1119406400,1001,1938,1935,60,60,FWD,13,58,1,ZONE,0
C3B93D0B,1119029,1119407.399,1119407399,999,1937,1935,60,60,FWD,13,58,1,ZONE,0
C3B93D0B,1119030,1119408.400,1119408400,1001,1939,1935,60,60,FWD,13,58,1,ZONE,0
C3B93D0B,1119031,1119409.399,1119409399,999,1939,1935,60,60,FWD,13,58,1,ZONE,0
C3B93D0B,1119032,1119410.401,1119410401,1002,1939,1935,60,60,FWD,13,58,1,ZONE,0
C3B93D0B,1119033,1119411.399,1119411399,998,1938,1935,60,60,FWD,13,58,1,ZONE,0
C3B93D0B,1119034,1119412.400,1119412400,1001,1939,1935,60,60,FWD,13,58,1,ZONE,0
C3B93D0B,1119035,1119413.399,1119413399,999,1939,1935,60,60,FWD,13,58,1,ZONE,0
C3B93D0B,1119036,1119414.400,1119414400,1001,1938,1935,60,60,FWD,13,58,1,ZONE,0
C3B93D0B,1119037,1119415.399,1119415399,999,1938,1935,60,60,FWD,13,58,1,ZONE,0
C3B93D0B,1119038,1119416.400,1119416400,1001,1938,1935,60,60,FWD,13,58,1,ZONE,0
C3B93D0B,1119039,1119417.399,1119417399,999,1939,1935,60,60,FWD,13,58,1,ZONE,0
C3B93D0B,1119040,1119418.400,1119418400,1001,1939,1935,60,60,FWD,13,58,1,ZONE,0
C3B93D0B,1119041,1119419.399,1119419399,999,1937,1935,60,60,FWD,13,58,1,ZONE,0
C3B93D0B,1119042,1119420.401,1119420401,1002,1939,1935,60,60,FWD,13,58,1,ZONE,0
C3B93D0B,1119043,1119421.400,1119421400,999,1939,1935,60,60,FWD,13,58,1,ZONE,0
C3B93D0B,1119044,1119422.400,1119422400,1000,1940,1935,60,60,FWD,13,58,1,ZONE,0
C3B93D0B,1119045,1119423.399,1119423399,999,1937,1935,60,60,FWD,13,58,1,ZONE,0
C3B93D0B,1119046,1119424.400,1119424400,1001,1940,1935,60,60,FWD,13,58,1,ZONE,0
C3B93D0B,1119047,1119425.399,1119425399,999,1938,1935,60,60,FWD,13,58,1,ZONE,0
C3B93D0B,1119048,1119426.400,1119426400,1001,1938,1935,60,60,FWD,13,58,1,ZONE,0
C3B93D0B,1119049,1119427.399,1119427399,999,1938,1935,60,60,FWD,13,58,1,ZONE,0
C3B93D0B,1119050,1119428.400,1119428400,1001,1937,1935,60,60,FWD,13,58,1,ZONE,0
C3B93D0B,1119051,1119429.399,1119429399,999,1940,1935,60,60,FWD,13,58,1,ZONE,0
C3B93D0B,1119052,1119430.401,1119430401,1002,1938,1935,60,60,FWD,13,58,1,ZONE,0
C3B93D0B,1119053,1119431.399,1119431399,998,1937,1935,60,60,FWD,13,58,1,ZONE,0
C3B93D0B,1119054,1119432.508,1119432508,1109,1937,1935,60,60,FWD,13,58,1,ZONE,0
C3B93D0B,1119055,1119433.399,1119433399,891,1939,1935,60,60,FWD,13,58,1,ZONE,0
C3B93D0B,1119056,1119434.400,1119434400,1001,1939,1935,60,60,FWD,13,58,1,ZONE,0
C3B93D0B,1119057,1119435.399,1119435399,999,1941,1935,60,60,FWD,13,58,1,ZONE,0
C3B93D0B,1119058,1119436.400,1119436400,1001,1938,1935,60,60,FWD,13,58,1,ZONE,0
C3B93D0B,1119059,1119437.399,1119437399,999,1939,1935,60,60,FWD,13,58,1,ZONE,0
C3B93D0B,1119060,1119438.403,1119438403,1004,1950,1935,60,60,FWD,13,58,1,ZONE,0
C3B93D0B,1119061,1119439.399,1119439399,996,1951,1935,60,60,FWD,13,58,1,ZONE,0
C3B93D0B,1119062,1119440.401,1119440401,1002,1952,1935,60,60,FWD,13,58,1,ZONE,0
C3B93D0B,1119063,1119441.399,1119441399,998,1950,1935,60,60,FWD,13,58,1,ZONE,0
C3B93D0B,1119064,1119442.400,1119442400,1001,1950,1935,60,60,FWD,13,58,1,ZONE,0
C3B93D0B,1119065,1119443.399,1119443399,999,1950,1935,60,60,FWD,13,58,1,ZONE,0
C3B93D0B,1119066,1119444.400,1119444400,1001,1951,1935,60,60,FWD,13,58,1,ZONE,0
C3B93D0B,1119067,1119445.399,1119445399,999,1950,1935,60,60,FWD,13,58,1,ZONE,0
C3B93D0B,1119068,1119446.400,1119446400,1001,1948,1935,60,60,FWD,13,58,1,ZONE,0
C3B93D0B,1119069,1119447.399,1119447399,999,1949,1935,60,60,FWD,13,58,1,ZONE,0
C3B93D0B,1119070,1119448.400,1119448400,1001,1947,1935,60,60,FWD,13,58,1,ZONE,0
C3B93D0B,1119071,1119449.399,1119449399,999,1950,1935,60,60,FWD,13,58,1,ZONE,0
C3B93D0B,1119072,1119450.401,1119450401,1002,1947,1935,60,60,FWD,13,58,1,ZONE,0
C3B93D0B,1119073,1119451.399,1119451399,998,1947,1935,60,60,FWD,13,58,1,ZONE,0
C3B93D0B,1119074,1119452.400,1119452400,1001,1947,1935,60,60,FWD,13,58,1,ZONE,0
C3B93D0B,1119075,1119453.399,1119453399,999,1949,1935,60,60,FWD,13,58,1,ZONE,0
C3B93D0B,1119076,1119454.400,1119454400,1001,1948,1935,60,60,FWD,13,58,1,ZONE,0
C3B93D0B,1119077,1119455.399,1119455399,999,1949,1935,60,60,FWD,13,58,1,ZONE,0
C3B93D0B,1119078,1119456.400,1119456400,1001,1949,1935,60,60,FWD,13,58,1,ZONE,0
C3B93D0B,1119079,1119457.399,1119457399,999,1949,1935,60,60,FWD,13,58,1,ZONE,0
C3B93D0B,1119080,1119458.400,1119458400,1001,1948,1935,60,60,FWD,13,58,1,ZONE,0
C3B93D0B,1119081,1119459.399,1119459399,999,1950,1935,60,60,FWD,13,58,1,ZONE,0
C3B93D0B,1119082,1119460.401,1119460401,1002,1947,1935,60,60,FWD,13,58,1,ZONE,0
C3B93D0B,1119083,1119461.399,1119461399,998,1949,1935,60,60,FWD,13,58,1,ZONE,0
C3B93D0B,1119084,1119462.400,1119462400,1001,1949,1935,60,60,FWD,13,58,1,ZONE,0
C3B93D0B,1119085,1119463.399,1119463399,999,1949,1935,60,60,FWD,13,58,1,ZONE,0
C3B93D0B,1119086,1119464.400,1119464400,1001,1948,1935,60,60,FWD,13,58,1,ZONE,0
C3B93D0B,1119087,1119465.399,1119465399,999,1947,1935,60,60,FWD,13,58,1,ZONE,0
C3B93D0B,1119088,1119466.400,1119466400,1001,1947,1935,60,60,FWD,13,58,1,ZONE,0
C3B93D0B,1119089,1119467.399,1119467399,999,1949,1935,60,60,FWD,13,58,1,ZONE,0
C3B93D0B,1119090,1119468.400,1119468400,1001,1948,1935,60,60,FWD,13,58,1,ZONE,0
C3B93D0B,1119091,1119469.399,1119469399,999,1947,1935,60,60,FWD,13,58,1,ZONE,0
C3B93D0B,1119092,1119470.401,1119470401,1002,1947,1935,60,60,FWD,13,58,1,ZONE,0
C3B93D0B,1119093,1119471.399,1119471399,998,1947,1935,60,60,FWD,13,58,1,ZONE,0
C3B93D0B,1119094,1119472.400,1119472400,1001,1948,1935,60,60,FWD,13,58,1,ZONE,0
C3B93D0B,1119095,1119473.399,1119473399,999,1947,1935,60,60,FWD,13,58,1,ZONE,0
C3B93D0B,1119096,1119474.400,1119474400,1001,1949,1935,60,60,FWD,13,58,1,ZONE,0
C3B93D0B,1119097,1119475.399,1119475399,999,1947,1935,60,60,FWD,13,58,1,ZONE,0
C3B93D0B,1119098,1119476.400,1119476400,1001,1949,1935,60,60,FWD,13,58,1,ZONE,0
C3B93D0B,1119099,1119477.399,1119477399,999,1949,1935,60,60,FWD,13,58,1,ZONE,0
C3B93D0B,1119100,1119478.400,1119478400,1001,1948,1935,60,60,FWD,13,58,1,ZONE,0
C3B93D0B,1119101,1119479.399,1119479399,999,1947,1935,60,60,FWD,13,58,1,ZONE,0
C3B93D0B,1119102,1119480.401,1119480401,1002,1947,1935,60,60,FWD,13,58,1,ZONE,0
C3B93D0B,1119103,1119482.212,1119482212,1811,1935,1935,60,60,FWD,45,58,1,ZONE,0
C3B93D0B,1119104,1119482.831,1119482831,619,1936,1935,60,60,FWD,13,58,1,ZONE,0
C3B93D0B,1119105,1119483.399,1119483399,568,1936,1935,60,60,FWD,13,58,1,ZONE,0
C3B93D0B,1119106,1119484.400,1119484400,1001,1937,1935,60,60,FWD,13,58,1,ZONE,0
C3B93D0B,1119107,1119485.399,1119485399,999,1936,1935,60,60,FWD,13,58,1,ZONE,0
C3B93D0B,1119108,1119486.693,1119486693,1294,1936,1935,60,60,FWD,45,58,1,ZONE,0
C3B93D0B,1119109,1119487.399,1119487399,706,1937,1935,60,60,FWD,13,58,1,ZONE,0
C3B93D0B,1119110,1119488.400,1119488400,1001,1936,1935,60,60,FWD,13,58,1,ZONE,0
C3B93D0B,1119111,1119489.399,1119489399,999,1936,1935,60,60,FWD,13,58,1,ZONE,0
C3B93D0B,1119112,1119490.401,1119490401,1002,1936,1935,60,60,FWD,13,58,1,ZONE,0
C3B93D0B,1119113,1119491.399,1119491399,998,1937,1935,60,60,FWD,13,58,1,ZONE,0
C3B93D0B,1119114,1119492.400,1119492400,1001,1937,1935,60,60,FWD,13,58,1,ZONE,0
C3B93D0B,1119115,1119493.399,1119493399,999,1936,1935,60,60,FWD,13,58,1,ZONE,0
C3B93D0B,1119116,1119494.400,1119494400,1001,1936,1935,60,60,FWD,13,58,1,ZONE,0
C3B93D0B,1119117,1119495.399,1119495399,999,1937,1935,60,60,FWD,13,58,1,ZONE,0
C3B93D0B,1119118,1119496.400,1119496400,1001,1937,1935,60,60,FWD,13,58,1,ZONE,0
C3B93D0B,1119119,1119497.399,1119497399,999,1937,1935,60,60,FWD,13,58,1,ZONE,0
C3B93D0B,1119120,1119498.400,1119498400,1001,1937,1935,60,60,FWD,13,58,1,ZONE,0
C3B93D0B,1119121,1119499.399,1119499399,999,1937,1935,60,60,FWD,13,58,1,ZONE,0
C3B93D0B,1119122,1119500.401,1119500401,1002,1937,1935,60,60,FWD,13,58,1,ZONE,0
C3B93D0B,1119123,1119501.399,1119501399,998,1938,1935,60,60,FWD,13,58,1,ZONE,0
C3B93D0B,1119124,1119502.400,1119502400,1001,1936,1935,60,60,FWD,13,58,1,ZONE,0
C3B93D0B,1119125,1119503.399,1119503399,999,1936,1935,60,60,FWD,13,58,1,ZONE,0
C3B93D0B,1119126,1119504.400,1119504400,1001,1936,1935,60,60,FWD,13,58,1,ZONE,0
C3B93D0B,1119127,1119505.399,1119505399,999,1936,1935,60,60,FWD,13,58,1,ZONE,0
C3B93D0B,1119128,1119506.400,1119506400,1001,1936,1935,60,60,FWD,13,58,1,ZONE,0
C3B93D0B,1119129,1119507.399,1119507399,999,1936,1935,60,60,FWD,13,58,1,ZONE,0
C3B93D0B,1119130,1119508.400,1119508400,1001,1936,1935,60,60,FWD,13,58,1,ZONE,0
C3B93D0B,1119131,1119509.399,1119509399,999,1937,1935,60,60,FWD,13,58,1,ZONE,0
C3B93D0B,1119132,1119510.401,1119510401,1002,1936,1935,60,60,FWD,13,58,1,ZONE,0
C3B93D0B,1119133,1119511.399,1119511399,998,1936,1935,60,60,FWD,13,58,1,ZONE,0
C3B93D0B,1119134,1119512.400,1119512400,1001,1936,1935,60,60,FWD,13,58,1,ZONE,0
C3B93D0B,1119135,1119513.399,1119513399,999,1936,1935,60,60,FWD,13,58,1,ZONE,0
C3B93D0B,1119136,1119514.400,1119514400,1001,1936,1935,60,60,FWD,13,58,1,ZONE,0
C3B93D0B,1119137,1119515.399,1119515399,999,1937,1935,60,60,FWD,13,58,1,ZONE,0
C3B93D0B,1119138,1119516.400,1119516400,1001,1936,1935,60,60,FWD,13,58,1,ZONE,0
C3B93D0B,1119139,1119517.399,1119517399,999,1937,1935,60,60,FWD,13,58,1,ZONE,0
C3B93D0B,1119140,1119518.400,1119518400,1001,1936,1935,60,60,FWD,13,58,1,ZONE,0
C3B93D0B,1119141,1119519.399,1119519399,999,1936,1935,60,60,FWD,13,58,1,ZONE,0
C3B93D0B,1119142,1119520.401,1119520401,1002,1936,1935,60,60,FWD,13,58,1,ZONE,0
C3B93D0B,1119143,1119521.399,1119521399,998,1936,1935,60,60,FWD,13,58,1,ZONE,0
C3B93D0B,1119144,1119522.400,1119522400,1001,1936,1935,60,60,FWD,13,58,1,ZONE,0
C3B93D0B,1119145,1119523.399,1119523399,999,1936,1935,60,60,FWD,13,58,1,ZONE,0
C3B93D0B,1119146,1119524.400,1119524400,1001,1937,1935,60,60,FWD,13,58,1,ZONE,0
C3B93D0B,1119147,1119525.399,1119525399,999,1936,1935,60,60,FWD,13,58,1,ZONE,0
C3B93D0B,1119148,1119526.400,1119526400,1001,1937,1935,60,60,FWD,13,58,1,ZONE,0
C3B93D0B,1119149,1119527.399,1119527399,999,1937,1935,60,60,FWD,13,58,1,ZONE,0
C3B93D0B,1119150,1119528.400,1119528400,1001,1936,1935,60,60,FWD,13,58,1,ZONE,0
C3B93D0B,1119151,1119529.399,1119529399,999,1936,1935,60,60,FWD,13,58,1,ZONE,0
C3B93D0B,1119152,1119530.401,1119530401,1002,1936,1935,60,60,FWD,13,58,1,ZONE,0
C3B93D0B,1119153,1119531.399,1119531399,998,1936,1935,60,60,FWD,13,58,1,ZONE,0
C3B93D0B,1119154,1119532.400,1119532400,1001,1936,1935,60,60,FWD,13,58,1,ZONE,0
C3B93D0B,1119155,1119533.402,1119533402,1002,1936,1935,60,60,FWD,13,58,1,ZONE,0
C3B93D0B,1119156,1119534.400,1119534400,998,1937,1935,60,60,FWD,13,58,1,ZONE,0
C3B93D0B,1119157,1119535.399,1119535399,999,1936,1935,60,60,FWD,13,58,1,ZONE,0
C3B93D0B,1119158,1119536.400,1119536400,1001,1936,1935,60,60,FWD,13,58,1,ZONE,0
C3B93D0B,1119159,1119537.399,1119537399,999,1937,1935,60,60,FWD,13,58,1,ZONE,0
C3B93D0B,1119160,1119538.400,1119538400,1001,1936,1935,60,60,FWD,13,58,1,ZONE,0
C3B93D0B,1119161,1119539.458,1119539458,1058,1948,1935,60,60,FWD,13,58,1,ZONE,0
C3B93D0B,1119162,1119540.401,1119540401,943,1948,1935,60,60,FWD,13,58,1,ZONE,0
C3B93D0B,1119163,1119541.399,1119541399,998,1949,1935,60,60,FWD,13,58,1,ZONE,0
C3B93D0B,1119164,1119542.400,1119542400,1001,1947,1935,60,60,FWD,13,58,1,ZONE,0
C3B93D0B,1119165,1119543.399,1119543399,999,1948,1935,60,60,FWD,13,58,1,ZONE,0
C3B93D0B,1119166,1119544.400,1119544400,1001,1947,1935,60,60,FWD,13,58,1,ZONE,0
C3B93D0B,1119167,1119545.399,1119545399,999,1947,1935,60,60,FWD,13,58,1,ZONE,0
C3B93D0B,1119168,1119546.400,1119546400,1001,1947,1935,60,60,FWD,13,58,1,ZONE,0
C3B93D0B,1119169,1119547.399,1119547399,999,1947,1935,60,60,FWD,13,58,1,ZONE,0
C3B93D0B,1119170,1119548.400,1119548400,1001,1946,1935,60,60,FWD,13,58,1,ZONE,0
C3B93D0B,1119171,1119549.399,1119549399,999,1947,1935,60,60,FWD,13,58,1,ZONE,0
C3B93D0B,1119172,1119550.401,1119550401,1002,1947,1935,60,60,FWD,13,58,1,ZONE,0
C3B93D0B,1119173,1119551.399,1119551399,998,1947,1935,60,60,FWD,13,58,1,ZONE,0
C3B93D0B,1119174,1119552.400,1119552400,1001,1947,1935,60,60,FWD,13,58,1,ZONE,0
C3B93D0B,1119175,1119553.399,1119553399,999,1947,1935,60,60,FWD,13,58,1,ZONE,0
C3B93D0B,1119176,1119554.400,1119554400,1001,1946,1935,60,60,FWD,13,58,1,ZONE,0
C3B93D0B,1119177,1119555.399,1119555399,999,1946,1935,60,60,FWD,13,58,1,ZONE,0
C3B93D0B,1119178,1119556.400,1119556400,1001,1947,1935,60,60,FWD,13,58,1,ZONE,0
C3B93D0B,1119179,1119557.399,1119557399,999,1945,1935,60,60,FWD,13,58,1,ZONE,0
C3B93D0B,1119180,1119558.400,1119558400,1001,1943,1935,60,60,FWD,13,58,1,ZONE,0
C3B93D0B,1119181,1119559.399,1119559399,999,1946,1935,60,60,FWD,13,58,1,ZONE,0
C3B93D0B,1119182,1119560.401,1119560401,1002,1945,1935,60,60,FWD,13,58,1,ZONE,0
C3B93D0B,1119183,1119561.399,1119561399,998,1946,1935,60,60,FWD,13,58,1,ZONE,0
C3B93D0B,1119184,1119562.400,1119562400,1001,1945,1935,60,60,FWD,13,58,1,ZONE,0
C3B93D0B,1119185,1119563.399,1119563399,999,1945,1935,60,60,FWD,13,58,1,ZONE,0
C3B93D0B,1119186,1119564.400,1119564400,1001,1946,1935,60,60,FWD,13,58,1,ZONE,0
C3B93D0B,1119187,1119565.399,1119565399,999,1943,1935,60,60,FWD,13,58,1,ZONE,0
C3B93D0B,1119188,1119566.400,1119566400,1001,1943,1935,60,60,FWD,13,58,1,ZONE,0
C3B93D0B,1119189,1119567.399,1119567399,999,1947,1935,60,60,FWD,13,58,1,ZONE,0
C3B93D0B,1119190,1119568.400,1119568400,1001,1943,1935,60,60,FWD,13,58,1,ZONE,0
C3B93D0B,1119191,1119569.399,1119569399,999,1942,1935,60,60,FWD,13,58,1,ZONE,0
C3B93D0B,1119192,1119570.401,1119570401,1002,1943,1935,60,60,FWD,13,58,1,ZONE,0
C3B93D0B,1119193,1119571.399,1119571399,998,1943,1935,60,60,FWD,13,58,1,ZONE,0
C3B93D0B,1119194,1119572.400,1119572400,1001,1943,1935,60,60,FWD,13,58,1,ZONE,0
C3B93D0B,1119195,1119573.399,1119573399,999,1943,1935,60,60,FWD,13,58,1,ZONE,0
C3B93D0B,1119196,1119574.400,1119574400,1001,1947,1935,60,60,FWD,13,58,1,ZONE,0
C3B93D0B,1119197,1119575.399,1119575399,999,1945,1935,60,60,FWD,13,58,1,ZONE,0
C3B93D0B,1119198,1119576.400,1119576400,1001,1945,1935,60,60,FWD,13,58,1,ZONE,0
C3B93D0B,1119199,1119577.399,1119577399,999,1943,1935,60,60,FWD,13,58,1,ZONE,0
C3B93D0B,1119200,1119578.400,1119578400,1001,1945,1935,60,60,FWD,13,58,1,ZONE,0
C3B93D0B,1119201,1119579.399,1119579399,999,1946,1935,60,60,FWD,13,58,1,ZONE,0
C3B93D0B,1119202,1119580.401,1119580401,1002,1943,1935,60,60,FWD,13,58,1,ZONE,0
C3B93D0B,1119203,1119582.147,1119582147,1746,1933,1935,60,60,FWD,45,58,1,ZONE,0
C3B93D0B,1119204,1119582.454,1119582454,307,1933,1935,60,60,FWD,13,58,1,ZONE,0
C3B93D0B,1119205,1119583.502,1119583502,1048,1933,1935,60,60,FWD,13,58,1,ZONE,0
C3B93D0B,1119206,1119584.399,1119584399,897,1934,1935,60,60,FWD,13,58,1,ZONE,0
C3B93D0B,1119207,1119585.400,1119585400,1001,1934,1935,60,60,FWD,13,58,1,ZONE,0
C3B93D0B,1119208,1119586.399,1119586399,999,1936,1935,60,60,FWD,13,58,1,ZONE,0
C3B93D0B,1119209,1119587.400,1119587400,1001,1936,1935,60,60,FWD,13,58,1,ZONE,0
C3B93D0B,1119210,1119588.989,1119588989,1589,1935,1935,60,60,FWD,45,58,1,ZONE,0
C3B93D0B,1119211,1119589.400,1119589400,411,1935,1935,60,60,FWD,13,58,1,ZONE,0
C3B93D0B,1119212,1119590.400,1119590400,1000,1935,1935,60,60,FWD,13,58,1,ZONE,0
C3B93D0B,1119213,1119591.400,1119591400,1000,1936,1935,60,60,FWD,13,58,1,ZONE,0
C3B93D0B,1119214,1119592.538,1119592538,1138,1936,1935,60,60,FWD,13,58,1,ZONE,0
C3B93D0B,1119215,1119593.400,1119593400,862,1935,1935,60,60,FWD,13,58,1,ZONE,0
C3B93D0B,1119216,1119594.399,1119594399,999,1936,1935,60,60,FWD,13,58,1,ZONE,0
C3B93D0B,1119217,1119595.400,1119595400,1001,1935,1935,60,60,FWD,13,58,1,ZONE,0
C3B93D0B,1119218,1119596.399,1119596399,999,1934,1935,60,60,FWD,13,58,1,ZONE,0
C3B93D0B,1119219,1119597.400,1119597400,1001,1936,1935,60,60,FWD,13,58,1,ZONE,0
C3B93D0B,1119220,1119598.399,1119598399,999,1936,1935,60,60,FWD,13,58,1,ZONE,0
C3B93D0B,1119221,1119599.400,1119599400,1001,1936,1935,60,60,FWD,13,58,1,ZONE,0
C3B93D0B,1119222,1119600.400,1119600400,1000,1935,1935,60,60,FWD,13,58,1,ZONE,0
C3B93D0B,1119223,1119601.400,1119601400,1000,1936,1935,60,60,FWD,13,58,1,ZONE,0
C3B93D0B,1119224,1119602.399,1119602399,999,1936,1935,60,60,FWD,13,58,1,ZONE,0
C3B93D0B,1119225,1119603.400,1119603400,1001,1936,1935,60,60,FWD,13,58,1,ZONE,0
C3B93D0B,1119226,1119604.399,1119604399,999,1936,1935,60,60,FWD,13,58,1,ZONE,0
C3B93D0B,1119227,1119605.400,1119605400,1001,1935,1935,60,60,FWD,13,58,1,ZONE,0
C3B93D0B,1119228,1119606.399,1119606399,999,1936,1935,60,60,FWD,13,58,1,ZONE,0
C3B93D0B,1119229,1119607.400,1119607400,1001,1936,1935,60,60,FWD,13,58,1,ZONE,0
C3B93D0B,1119230,1119608.399,1119608399,999,1936,1935,60,60,FWD,13,58,1,ZONE,0
C3B93D0B,1119231,1119609.400,1119609400,1001,1936,1935,60,60,FWD,13,58,1,ZONE,0
C3B93D0B,1119232,1119610.400,1119610400,1000,1935,1935,60,60,FWD,13,58,1,ZONE,0
C3B93D0B,1119233,1119611.400,1119611400,1000,1936,1935,60,60,FWD,13,58,1,ZONE,0
C3B93D0B,1119234,1119612.399,1119612399,999,1935,1935,60,60,FWD,13,58,1,ZONE,0
C3B93D0B,1119235,1119613.400,1119613400,1001,1936,1935,60,60,FWD,13,58,1,ZONE,0
C3B93D0B,1119236,1119614.399,1119614399,999,1936,1935,60,60,FWD,13,58,1,ZONE,0
C3B93D0B,1119237,1119615.400,1119615400,1001,1936,1935,60,60,FWD,13,58,1,ZONE,0
C3B93D0B,1119238,1119616.399,1119616399,999,1936,1935,60,60,FWD,13,58,1,ZONE,0
C3B93D0B,1119239,1119617.400,1119617400,1001,1936,1935,60,60,FWD,13,58,1,ZONE,0
C3B93D0B,1119240,1119618.399,1119618399,999,1936,1935,60,60,FWD,13,58,1,ZONE,0
C3B93D0B,1119241,1119619.400,1119619400,1001,1936,1935,60,60,FWD,13,58,1,ZONE,0
C3B93D0B,1119242,1119620.400,1119620400,1000,1935,1935,60,60,FWD,13,58,1,ZONE,0
C3B93D0B,1119243,1119621.400,1119621400,1000,1935,1935,60,60,FWD,13,58,1,ZONE,0
C3B93D0B,1119244,1119622.399,1119622399,999,1936,1935,60,60,FWD,13,58,1,ZONE,0
C3B93D0B,1119245,1119623.400,1119623400,1001,1936,1935,60,60,FWD,13,58,1,ZONE,0
C3B93D0B,1119246,1119624.399,1119624399,999,1935,1935,60,60,FWD,13,58,1,ZONE,0
C3B93D0B,1119247,1119625.400,1119625400,1001,1936,1935,60,60,FWD,13,58,1,ZONE,0
C3B93D0B,1119248,1119626.399,1119626399,999,1936,1935,60,60,FWD,13,58,1,ZONE,0
C3B93D0B,1119249,1119627.400,1119627400,1001,1936,1935,60,60,FWD,13,58,1,ZONE,0
C3B93D0B,1119250,1119628.399,1119628399,999,1936,1935,60,60,FWD,13,58,1,ZONE,0
C3B93D0B,1119251,1119629.400,1119629400,1001,1935,1935,60,60,FWD,13,58,1,ZONE,0
C3B93D0B,1119252,1119630.400,1119630400,1000,1935,1935,60,60,FWD,13,58,1,ZONE,0
C3B93D0B,1119253,1119631.400,1119631400,1000,1936,1935,60,60,FWD,13,58,1,ZONE,0
C3B93D0B,1119254,1119632.399,1119632399,999,1935,1935,60,60,FWD,13,58,1,ZONE,0
C3B93D0B,1119255,1119633.494,1119633494,1095,1935,1935,60,60,FWD,13,58,1,ZONE,0
C3B93D0B,1119256,1119634.399,1119634399,905,1936,1935,60,60,FWD,13,58,1,ZONE,0
C3B93D0B,1119257,1119635.400,1119635400,1001,1936,1935,60,60,FWD,13,58,1,ZONE,0
C3B93D0B,1119258,1119636.399,1119636399,999,1936,1935,60,60,FWD,13,58,1,ZONE,0
C3B93D0B,1119259,1119637.400,1119637400,1001,1935,1935,60,60,FWD,13,58,1,ZONE,0
C3B93D0B,1119260,1119638.399,1119638399,999,1936,1935,60,60,FWD,13,58,1,ZONE,0
C3B93D0B,1119261,1119639.400,1119639400,1001,1936,1935,60,60,FWD,13,58,1,ZONE,0
C3B93D0B,1119262,1119640.400,1119640400,1000,1936,1935,60,60,FWD,13,58,1,ZONE,0
C3B93D0B,1119263,1119641.400,1119641400,1000,1936,1935,60,60,FWD,13,58,1,ZONE,0
C3B93D0B,1119264,1119642.643,1119642643,1243,1945,1935,60,60,FWD,13,58,1,ZONE,0
C3B93D0B,1119265,1119643.400,1119643400,757,1945,1935,60,60,FWD,13,58,1,ZONE,0
C3B93D0B,1119266,1119644.399,1119644399,999,1943,1935,60,60,FWD,13,58,1,ZONE,0
C3B93D0B,1119267,1119645.400,1119645400,1001,1945,1935,60,60,FWD,13,58,1,ZONE,0
C3B93D0B,1119268,1119646.399,1119646399,999,1945,1935,60,60,FWD,13,58,1,ZONE,0
C3B93D0B,1119269,1119647.400,1119647400,1001,1944,1935,60,60,FWD,13,58,1,ZONE,0
C3B93D0B,1119270,1119648.399,1119648399,999,1945,1935,60,60,FWD,13,58,1,ZONE,0
C3B93D0B,1119271,1119649.400,1119649400,1001,1944,1935,60,60,FWD,13,58,1,ZONE,0
C3B93D0B,1119272,1119650.400,1119650400,1000,1942,1935,60,60,FWD,13,58,1,ZONE,0
C3B93D0B,1119273,1119651.400,1119651400,1000,1943,1935,60,60,FWD,13,58,1,ZONE,0
C3B93D0B,1119274,1119652.399,1119652399,999,1945,1935,60,60,FWD,13,58,1,ZONE,0
C3B93D0B,1119275,1119653.400,1119653400,1001,1942,1935,60,60,FWD,13,58,1,ZONE,0
C3B93D0B,1119276,1119654.399,1119654399,999,1942,1935,60,60,FWD,13,58,1,ZONE,0
C3B93D0B,1119277,1119655.400,1119655400,1001,1943,1935,60,60,FWD,13,58,1,ZONE,0
C3B93D0B,1119278,1119656.399,1119656399,999,1943,1935,60,60,FWD,13,58,1,ZONE,0
C3B93D0B,1119279,1119657.400,1119657400,1001,1943,1935,60,60,FWD,13,58,1,ZONE,0
C3B93D0B,1119280,1119658.399,1119658399,999,1943,1935,60,60,FWD,13,58,1,ZONE,0
C3B93D0B,1119281,1119659.400,1119659400,1001,1943,1935,60,60,FWD,13,58,1,ZONE,0
C3B93D0B,1119282,1119660.400,1119660400,1000,1943,1935,60,60,FWD,13,58,1,ZONE,0
C3B93D0B,1119283,1119661.400,1119661400,1000,1942,1935,60,60,FWD,13,58,1,ZONE,0
C3B93D0B,1119284,1119662.399,1119662399,999,1943,1935,60,60,FWD,13,58,1,ZONE,0
C3B93D0B,1119285,1119663.400,1119663400,1001,1943,1935,60,60,FWD,13,58,1,ZONE,0
C3B93D0B,1119286,1119664.399,1119664399,999,1942,1935,60,60,FWD,13,58,1,ZONE,0
C3B93D0B,1119287,1119665.400,1119665400,1001,1942,1935,60,60,FWD,13,58,1,ZONE,0
C3B93D0B,1119288,1119666.399,1119666399,999,1941,1935,60,60,FWD,13,58,1,ZONE,0
C3B93D0B,1119289,1119667.400,1119667400,1001,1941,1935,60,60,FWD,13,58,1,ZONE,0
C3B93D0B,1119290,1119668.399,1119668399,999,1942,1935,60,60,FWD,13,58,1,ZONE,0
C3B93D0B,1119291,1119669.400,1119669400,1001,1942,1935,60,60,FWD,13,58,1,ZONE,0
C3B93D0B,1119292,1119670.400,1119670400,1000,1942,1935,60,60,FWD,13,58,1,ZONE,0
C3B93D0B,1119293,1119671.400,1119671400,1000,1941,1935,60,60,FWD,13,58,1,ZONE,0
C3B93D0B,1119294,1119672.399,1119672399,999,1941,1935,60,60,FWD,13,58,1,ZONE,0
C3B93D0B,1119295,1119673.400,1119673400,1001,1942,1935,60,60,FWD,13,58,1,ZONE,0
C3B93D0B,1119296,1119674.399,1119674399,999,1942,1935,60,60,FWD,13,58,1,ZONE,0
C3B93D0B,1119297,1119675.400,1119675400,1001,1942,1935,60,60,FWD,13,58,1,ZONE,0
C3B93D0B,1119298,1119676.399,1119676399,999,1943,1935,60,60,FWD,13,58,1,ZONE,0
C3B93D0B,1119299,1119677.400,1119677400,1001,1942,1935,60,60,FWD,13,58,1,ZONE,0
C3B93D0B,1119300,1119678.399,1119678399,999,1942,1935,60,60,FWD,13,58,1,ZONE,0
C3B93D0B,1119301,1119679.400,1119679400,1001,1942,1935,60,60,FWD,13,58,1,ZONE,0
C3B93D0B,1119302,1119680.400,1119680400,1000,1941,1935,60,60,FWD,13,58,1,ZONE,0
C3B93D0B,1119303,1119682.140,1119682140,1740,1935,1935,60,60,FWD,45,58,1,ZONE,0
C3B93D0B,1119304,1119682.452,1119682452,312,1930,1935,60,60,FWD,13,58,1,ZONE,0
C3B93D0B,1119305,1119683.403,1119683403,951,1935,1935,60,60,FWD,13,58,1,ZONE,0
C3B93D0B,1119306,1119684.399,1119684399,996,1933,1935,60,60,FWD,13,58,1,ZONE,0
C3B93D0B,1119307,1119685.400,1119685400,1001,1935,1935,60,60,FWD,13,58,1,ZONE,0
C3B93D0B,1119308,1119686.399,1119686399,999,1934,1935,60,60,FWD,13,58,1,ZONE,0
C3B93D0B,1119309,1119687.400,1119687400,1001,1933,1935,60,60,FWD,13,58,1,ZONE,0
C3B93D0B,1119310,1119688.399,1119688399,999,1933,1935,60,60,FWD,13,58,1,ZONE,0
C3B93D0B,1119311,1119689.400,1119689400,1001,1936,1935,60,60,FWD,13,58,1,ZONE,0
C3B93D0B,1119312,1119690.400,1119690400,1000,1935,1935,60,60,FWD,13,58,1,ZONE,0
C3B93D0B,1119313,1119691.404,1119691404,1004,1934,1935,60,60,FWD,13,58,1,ZONE,0
C3B93D0B,1119314,1119692.399,1119692399,995,1934,1935,60,60,FWD,13,58,1,ZONE,0
C3B93D0B,1119315,1119693.400,1119693400,1001,1935,1935,60,60,FWD,13,58,1,ZONE,0
C3B93D0B,1119316,1119694.399,1119694399,999,1934,1935,60,60,FWD,13,58,1,ZONE,0
C3B93D0B,1119317,1119695.400,1119695400,1001,1935,1935,60,60,FWD,13,58,1,ZONE,0
C3B93D0B,1119318,1119696.399,1119696399,999,1934,1935,60,60,FWD,13,58,1,ZONE,0
C3B93D0B,1119319,1119697.400,1119697400,1001,1933,1935,60,60,FWD,13,58,1,ZONE,0
C3B93D0B,1119320,1119698.399,1119698399,999,1936,1935,60,60,FWD,13,58,1,ZONE,0
C3B93D0B,1119321,1119699.400,1119699400,1001,1936,1935,60,60,FWD,13,58,1,ZONE,0
C3B93D0B,1119322,1119700.400,1119700400,1000,1936,1935,60,60,FWD,13,58,1,ZONE,0
C3B93D0B,1119323,1119701.400,1119701400,1000,1936,1935,60,60,FWD,13,58,1,ZONE,0
C3B93D0B,1119324,1119702.399,1119702399,999,1935,1935,60,60,FWD,13,58,1,ZONE,0
C3B93D0B,1119325,1119703.400,1119703400,1001,1935,1935,60,60,FWD,13,58,1,ZONE,0
C3B93D0B,1119326,1119704.399,1119704399,999,1936,1935,60,60,FWD,13,58,1,ZONE,0
C3B93D0B,1119327,1119705.400,1119705400,1001,1935,1935,60,60,FWD,13,58,1,ZONE,0
C3B93D0B,1119328,1119706.399,1119706399,999,1936,1935,60,60,FWD,13,58,1,ZONE,0
C3B93D0B,1119329,1119707.400,1119707400,1001,1935,1935,60,60,FWD,13,58,1,ZONE,0
C3B93D0B,1119330,1119708.399,1119708399,999,1936,1935,60,60,FWD,13,58,1,ZONE,0
C3B93D0B,1119331,1119709.400,1119709400,1001,1934,1935,60,60,FWD,13,58,1,ZONE,0
C3B93D0B,1119332,1119710.400,1119710400,1000,1935,1935,60,60,FWD,13,58,1,ZONE,0
C3B93D0B,1119333,1119711.400,1119711400,1000,1935,1935,60,60,FWD,13,58,1,ZONE,0
C3B93D0B,1119334,1119712.399,1119712399,999,1935,1935,60,60,FWD,13,58,1,ZONE,0
C3B93D0B,1119335,1119713.400,1119713400,1001,1935,1935,60,60,FWD,13,58,1,ZONE,0
C3B93D0B,1119336,1119714.399,1119714399,999,1936,1935,60,60,FWD,13,58,1,ZONE,0
C3B93D0B,1119337,1119715.400,1119715400,1001,1935,1935,60,60,FWD,13,58,1,ZONE,0
C3B93D0B,1119338,1119716.399,1119716399,999,1936,1935,60,60,FWD,13,58,1,ZONE,0
C3B93D0B,1119339,1119717.400,1119717400,1001,1934,1935,60,60,FWD,13,58,1,ZONE,0
C3B93D0B,1119340,1119718.399,1119718399,999,1936,1935,60,60,FWD,13,58,1,ZONE,0
C3B93D0B,1119341,1119719.400,1119719400,1001,1934,1935,60,60,FWD,13,58,1,ZONE,0
C3B93D0B,1119342,1119720.400,1119720400,1000,1933,1935,60,60,FWD,13,58,1,ZONE,0
C3B93D0B,1119343,1119721.400,1119721400,1000,1935,1935,60,60,FWD,13,58,1,ZONE,0
C3B93D0B,1119344,1119722.399,1119722399,999,1935,1935,60,60,FWD,13,58,1,ZONE,0
C3B93D0B,1119345,1119723.400,1119723400,1001,1935,1935,60,60,FWD,13,58,1,ZONE,0
C3B93D0B,1119346,1119724.399,1119724399,999,1934,1935,60,60,FWD,13,58,1,ZONE,0
C3B93D0B,1119347,1119725.400,1119725400,1001,1935,1935,60,60,FWD,13,58,1,ZONE,0
C3B93D0B,1119348,1119726.399,1119726399,999,1935,1935,60,60,FWD,13,58,1,ZONE,0
C3B93D0B,1119349,1119727.400,1119727400,1001,1934,1935,60,60,FWD,13,58,1,ZONE,0
C3B93D0B,1119350,1119728.399,1119728399,999,1936,1935,60,60,FWD,13,58,1,ZONE,0
C3B93D0B,1119351,1119729.400,1119729400,1001,1936,1935,60,60,FWD,13,58,1,ZONE,0
C3B93D0B,1119352,1119730.400,1119730400,1000,1934,1935,60,60,FWD,13,58,1,ZONE,0
C3B93D0B,1119353,1119731.400,1119731400,1000,1933,1935,60,60,FWD,13,58,1,ZONE,0
C3B93D0B,1119354,1119732.399,1119732399,999,1935,1935,60,60,FWD,13,58,1,ZONE,0
C3B93D0B,1119355,1119733.549,1119733549,1150,1933,1935,60,60,FWD,13,58,1,ZONE,0
C3B93D0B,1119356,1119734.399,1119734399,850,1936,1935,60,60,FWD,13,58,1,ZONE,0
C3B93D0B,1119357,1119735.400,1119735400,1001,1934,1935,60,60,FWD,13,58,1,ZONE,0
C3B93D0B,1119358,1119736.399,1119736399,999,1936,1935,60,60,FWD,13,58,1,ZONE,0
C3B93D0B,1119359,1119737.400,1119737400,1001,1936,1935,60,60,FWD,13,58,1,ZONE,0
C3B93D0B,1119360,1119738.399,1119738399,999,1936,1935,60,60,FWD,13,58,1,ZONE,0
C3B93D0B,1119361,1119739.403,1119739403,1004,1946,1935,60,60,FWD,13,58,1,ZONE,0
C3B93D0B,1119362,1119740.400,1119740400,997,1946,1935,60,60,FWD,13,58,1,ZONE,0
C3B93D0B,1119363,1119741.819,1119741819,1419,1940,1935,60,60,FWD,45,58,1,ZONE,0
C3B93D0B,1119364,1119743.060,1119743060,1241,1932,1935,60,60,FWD,13,58,1,ZONE,0
C3B93D0B,1119365,1119743.628,1119743628,568,1932,1935,60,60,FWD,13,58,1,ZONE,0
C3B93D0B,1119366,1119744.399,1119744399,771,1936,1935,60,60,FWD,13,58,1,ZONE,0
C3B93D0B,1119367,1119745.400,1119745400,1001,1934,1935,60,60,FWD,13,58,1,ZONE,0
C3B93D0B,1119368,1119746.399,1119746399,999,1935,1935,60,60,FWD,13,58,1,ZONE,0
C3B93D0B,1119369,1119747.400,1119747400,1001,1934,1935,60,60,FWD,13,58,1,ZONE,0
C3B93D0B,1119370,1119748.399,1119748399,999,1936,1935,60,60,FWD,13,58,1,ZONE,0
C3B93D0B,1119371,1119749.400,1119749400,1001,1933,1935,60,60,FWD,13,58,1,ZONE,0
C3B93D0B,1119372,1119750.399,1119750399,999,1935,1935,60,60,FWD,13,58,1,ZONE,0
C3B93D0B,1119373,1119751.400,1119751400,1001,1934,1935,60,60,FWD,13,58,1,ZONE,0
C3B93D0B,1119374,1119752.400,1119752400,1000,1935,1935,60,60,FWD,13,58,1,ZONE,0
C3B93D0B,1119375,1119753.400,1119753400,1000,1935,1935,60,60,FWD,13,58,1,ZONE,0
C3B93D0B,1119376,1119754.399,1119754399,999,1935,1935,60,60,FWD,13,58,1,ZONE,0
C3B93D0B,1119377,1119755.400,1119755400,1001,1936,1935,60,60,FWD,13,58,1,ZONE,0
C3B93D0B,1119378,1119756.399,1119756399,999,1933,1935,60,60,FWD,13,58,1,ZONE,0
C3B93D0B,1119379,1119757.400,1119757400,1001,1934,1935,60,60,FWD,13,58,1,ZONE,0
C3B93D0B,1119380,1119758.399,1119758399,999,1936,1935,60,60,FWD,13,58,1,ZONE,0
C3B93D0B,1119381,1119759.400,1119759400,1001,1936,1935,60,60,FWD,13,58,1,ZONE,0
C3B93D0B,1119382,1119760.399,1119760399,999,1936,1935,60,60,FWD,13,58,1,ZONE,0
C3B93D0B,1119383,1119761.400,1119761400,1001,1934,1935,60,60,FWD,13,58,1,ZONE,0
C3B93D0B,1119384,1119762.400,1119762400,1000,1935,1935,60,60,FWD,13,58,1,ZONE,0
C3B93D0B,1119385,1119763.400,1119763400,1000,1934,1935,60,60,FWD,13,58,1,ZONE,0
C3B93D0B,1119386,1119764.399,1119764399,999,1933,1935,60,60,FWD,13,58,1,ZONE,0
C3B93D0B,1119387,1119765.400,1119765400,1001,1935,1935,60,60,FWD,13,58,1,ZONE,0
C3B93D0B,1119388,1119766.399,1119766399,999,1933,1935,60,60,FWD,13,58,1,ZONE,0
C3B93D0B,1119389,1119767.400,1119767400,1001,1934,1935,60,60,FWD,13,58,1,ZONE,0
C3B93D0B,1119390,1119768.399,1119768399,999,1936,1935,60,60,FWD,13,58,1,ZONE,0
C3B93D0B,1119391,1119769.400,1119769400,1001,1933,1935,60,60,FWD,13,58,1,ZONE,0
C3B93D0B,1119392,1119770.399,1119770399,999,1936,1935,60,60,FWD,13,58,1,ZONE,0
C3B93D0B,1119393,1119771.400,1119771400,1001,1936,1935,60,60,FWD,13,58,1,ZONE,0
C3B93D0B,1119394,1119772.400,1119772400,1000,1935,1935,60,60,FWD,13,58,1,ZONE,0
C3B93D0B,1119395,1119773.400,1119773400,1000,1935,1935,60,60,FWD,13,58,1,ZONE,0
C3B93D0B,1119396,1119774.399,1119774399,999,1935,1935,60,60,FWD,13,58,1,ZONE,0
C3B93D0B,1119397,1119775.400,1119775400,1001,1934,1935,60,60,FWD,13,58,1,ZONE,0
C3B93D0B,1119398,1119776.399,1119776399,999,1934,1935,60,60,FWD,13,58,1,ZONE,0
C3B93D0B,1119399,1119777.400,1119777400,1001,1935,1935,60,60,FWD,13,58,1,ZONE,0
C3B93D0B,1119400,1119778.399,1119778399,999,1935,1935,60,60,FWD,13,58,1,ZONE,0
C3B93D0B,1119401,1119779.400,1119779400,1001,1933,1935,60,60,FWD,13,58,1,ZONE,0
C3B93D0B,1119402,1119780.399,1119780399,999,1934,1935,60,60,FWD,13,58,1,ZONE,0
C3B93D0B,1119403,1119781.400,1119781400,1001,1935,1935,60,60,FWD,13,58,1,ZONE,0
C3B93D0B,1119404,1119782.400,1119782400,1000,1935,1935,60,60,FWD,13,58,1,ZONE,0
C3B93D0B,1119405,1119783.520,1119783520,1120,1933,1935,60,60,FWD,13,58,1,ZONE,0
C3B93D0B,1119406,1119784.399,1119784399,879,1935,1935,60,60,FWD,13,58,1,ZONE,0
C3B93D0B,1119407,1119785.403,1119785403,1004,1934,1935,60,60,FWD,13,58,1,ZONE,0
C3B93D0B,1119408,1119786.399,1119786399,996,1935,1935,60,60,FWD,13,58,1,ZONE,0
C3B93D0B,1119409,1119787.400,1119787400,1001,1936,1935,60,60,FWD,13,58,1,ZONE,0
C3B93D0B,1119410,1119788.399,1119788399,999,1935,1935,60,60,FWD,13,58,1,ZONE,0
C3B93D0B,1119411,1119789.400,1119789400,1001,1934,1935,60,60,FWD,13,58,1,ZONE,0
C3B93D0B,1119412,1119790.399,1119790399,999,1934,1935,60,60,FWD,13,58,1,ZONE,0
C3B93D0B,1119413,1119791.400,1119791400,1001,1936,1935,60,60,FWD,13,58,1,ZONE,0
C3B93D0B,1119414,1119792.400,1119792400,1000,1936,1935,60,60,FWD,13,58,1,ZONE,0
C3B93D0B,1119415,1119793.681,1119793681,1281,1935,1935,60,60,FWD,45,58,1,ZONE,0
C3B93D0B,1119416,1119794.399,1119794399,718,1935,1935,60,60,FWD,13,58,1,ZONE,0
C3B93D0B,1119417,1119795.400,1119795400,1001,1935,1935,60,60,FWD,13,58,1,ZONE,0
C3B93D0B,1119418,1119796.399,1119796399,999,1935,1935,60,60,FWD,13,58,1,ZONE,0
C3B93D0B,1119419,1119797.400,1119797400,1001,1935,1935,60,60,FWD,13,58,1,ZONE,0
C3B93D0B,1119420,1119798.399,1119798399,999,1935,1935,60,60,FWD,13,58,1,ZONE,0
C3B93D0B,1119421,1119799.400,1119799400,1001,1936,1935,60,60,FWD,13,58,1,ZONE,0
C3B93D0B,1119422,1119800.399,1119800399,999,1936,1935,60,60,FWD,13,58,1,ZONE,0
C3B93D0B,1119423,1119801.400,1119801400,1001,1935,1935,60,60,FWD,13,58,1,ZONE,0
C3B93D0B,1119424,1119802.400,1119802400,1000,1934,1935,60,60,FWD,13,58,1,ZONE,0
C3B93D0B,1119425,1119803.400,1119803400,1000,1935,1935,60,60,FWD,13,58,1,ZONE,0
C3B93D0B,1119426,1119804.399,1119804399,999,1935,1935,60,60,FWD,13,58,1,ZONE,0
C3B93D0B,1119427,1119805.400,1119805400,1001,1935,1935,60,60,FWD,13,58,1,ZONE,0
C3B93D0B,1119428,1119806.399,1119806399,999,1934,1935,60,60,FWD,13,58,1,ZONE,0
C3B93D0B,1119429,1119807.400,1119807400,1001,1933,1935,60,60,FWD,13,58,1,ZONE,0
C3B93D0B,1119430,1119808.399,1119808399,999,1934,1935,60,60,FWD,13,58,1,ZONE,0
C3B93D0B,1119431,1119809.400,1119809400,1001,1934,1935,60,60,FWD,13,58,1,ZONE,0
C3B93D0B,1119432,1119810.399,1119810399,999,1935,1935,60,60,FWD,13,58,1,ZONE,0
C3B93D0B,1119433,1119811.400,1119811400,1001,1934,1935,60,60,FWD,13,58,1,ZONE,0
C3B93D0B,1119434,1119812.400,1119812400,1000,1935,1935,60,60,FWD,13,58,1,ZONE,0
C3B93D0B,1119435,1119813.400,1119813400,1000,1933,1935,60,60,FWD,13,58,1,ZONE,0
C3B93D0B,1119436,1119814.399,1119814399,999,1933,1935,60,60,FWD,13,58,1,ZONE,0
C3B93D0B,1119437,1119815.400,1119815400,1001,1933,1935,60,60,FWD,13,58,1,ZONE,0
C3B93D0B,1119438,1119816.399,1119816399,999,1935,1935,60,60,FWD,13,58,1,ZONE,0
C3B93D0B,1119439,1119817.400,1119817400,1001,1934,1935,60,60,FWD,13,58,1,ZONE,0
C3B93D0B,1119440,1119818.399,1119818399,999,1935,1935,60,60,FWD,13,58,1,ZONE,0
C3B93D0B,1119441,1119819.400,1119819400,1001,1934,1935,60,60,FWD,13,58,1,ZONE,0
C3B93D0B,1119442,1119820.399,1119820399,999,1934,1935,60,60,FWD,13,58,1,ZONE,0
C3B93D0B,1119443,1119821.400,1119821400,1001,1935,1935,60,60,FWD,13,58,1,ZONE,0
C3B93D0B,1119444,1119822.400,1119822400,1000,1933,1935,60,60,FWD,13,58,1,ZONE,0
C3B93D0B,1119445,1119823.400,1119823400,1000,1933,1935,60,60,FWD,13,58,1,ZONE,0
C3B93D0B,1119446,1119824.399,1119824399,999,1934,1935,60,60,FWD,13,58,1,ZONE,0
C3B93D0B,1119447,1119825.400,1119825400,1001,1935,1935,60,60,FWD,13,58,1,ZONE,0
C3B93D0B,1119448,1119826.399,1119826399,999,1935,1935,60,60,FWD,13,58,1,ZONE,0
C3B93D0B,1119449,1119827.400,1119827400,1001,1934,1935,60,60,FWD,13,58,1,ZONE,0
C3B93D0B,1119450,1119828.399,1119828399,999,1935,1935,60,60,FWD,13,58,1,ZONE,0
C3B93D0B,1119451,1119829.400,1119829400,1001,1934,1935,60,60,FWD,13,58,1,ZONE,0
C3B93D0B,1119452,1119830.399,1119830399,999,1934,1935,60,60,FWD,13,58,1,ZONE,0
C3B93D0B,1119453,1119831.400,1119831400,1001,1935,1935,60,60,FWD,13,58,1,ZONE,0
C3B93D0B,1119454,1119832.400,1119832400,1000,1934,1935,60,60,FWD,13,58,1,ZONE,0
C3B93D0B,1119455,1119833.400,1119833400,1000,1935,1935,60,60,FWD,13,58,1,ZONE,0
C3B93D0B,1119456,1119834.399,1119834399,999,1934,1935,60,60,FWD,13,58,1,ZONE,0
C3B93D0B,1119457,1119835.825,1119835825,1426,1934,1935,60,60,FWD,45,58,1,ZONE,0
C3B93D0B,1119458,1119836.399,1119836399,574,1935,1935,60,60,FWD,13,58,1,ZONE,0
C3B93D0B,1119459,1119837.400,1119837400,1001,1933,1935,60,60,FWD,13,58,1,ZONE,0
C3B93D0B,1119460,1119838.399,1119838399,999,1935,1935,60,60,FWD,13,58,1,ZONE,0
C3B93D0B,1119461,1119839.400,1119839400,1001,1935,1935,60,60,FWD,13,58,1,ZONE,0
C3B93D0B,1119462,1119840.406,1119840406,1006,1933,1935,60,60,FWD,13,58,1,ZONE,0
C3B93D0B,1119463,1119841.400,1119841400,994,1933,1935,60,60,FWD,13,58,1,ZONE,0
C3B93D0B,1119464,1119842.567,1119842567,1167,1935,1935,60,60,FWD,13,58,1,ZONE,0
C3B93D0B,1119465,1119843.400,1119843400,833,1935,1935,60,60,FWD,13,58,1,ZONE,0
C3B93D0B,1119466,1119844.399,1119844399,999,1936,1935,60,60,FWD,13,58,1,ZONE,0
C3B93D0B,1119467,1119845.716,1119845716,1317,1943,1935,60,60,FWD,45,58,1,ZONE,0
C3B93D0B,1119468,1119846.399,1119846399,683,1944,1935,60,60,FWD,13,58,1,ZONE,0
C3B93D0B,1119469,1119847.400,1119847400,1001,1942,1935,60,60,FWD,13,58,1,ZONE,0
C3B93D0B,1119470,1119848.399,1119848399,999,1943,1935,60,60,FWD,13,58,1,ZONE,0
C3B93D0B,1119471,1119849.400,1119849400,1001,1942,1935,60,60,FWD,13,58,1,ZONE,0
C3B93D0B,1119472,1119850.399,1119850399,999,1943,1935,60,60,FWD,13,58,1,ZONE,0
C3B93D0B,1119473,1119851.400,1119851400,1001,1941,1935,60,60,FWD,13,58,1,ZONE,0
C3B93D0B,1119474,1119852.400,1119852400,1000,1943,1935,60,60,FWD,13,58,1,ZONE,0
C3B93D0B,1119475,1119853.400,1119853400,1000,1941,1935,60,60,FWD,13,58,1,ZONE,0
C3B93D0B,1119476,1119854.399,1119854399,999,1942,1935,60,60,FWD,13,58,1,ZONE,0
C3B93D0B,1119477,1119855.400,1119855400,1001,1942,1935,60,60,FWD,13,58,1,ZONE,0
C3B93D0B,1119478,1119856.399,1119856399,999,1943,1935,60,60,FWD,13,58,1,ZONE,0
C3B93D0B,1119479,1119857.400,1119857400,1001,1941,1935,60,60,FWD,13,58,1,ZONE,0
C3B93D0B,1119480,1119858.399,1119858399,999,1940,1935,60,60,FWD,13,58,1,ZONE,0
C3B93D0B,1119481,1119859.400,1119859400,1001,1941,1935,60,60,FWD,13,58,1,ZONE,0
C3B93D0B,1119482,1119860.399,1119860399,999,1942,1935,60,60,FWD,13,58,1,ZONE,0
C3B93D0B,1119483,1119861.400,1119861400,1001,1941,1935,60,60,FWD,13,58,1,ZONE,0
C3B93D0B,1119484,1119862.400,1119862400,1000,1941,1935,60,60,FWD,13,58,1,ZONE,0
C3B93D0B,1119485,1119863.400,1119863400,1000,1939,1935,60,60,FWD,13,58,1,ZONE,0
C3B93D0B,1119486,1119864.399,1119864399,999,1940,1935,60,60,FWD,13,58,1,ZONE,0
C3B93D0B,1119487,1119865.400,1119865400,1001,1939,1935,60,60,FWD,13,58,1,ZONE,0
C3B93D0B,1119488,1119866.399,1119866399,999,1941,1935,60,60,FWD,13,58,1,ZONE,0
C3B93D0B,1119489,1119867.400,1119867400,1001,1942,1935,60,60,FWD,13,58,1,ZONE,0
C3B93D0B,1119490,1119868.399,1119868399,999,1941,1935,60,60,FWD,13,58,1,ZONE,0
C3B93D0B,1119491,1119869.400,1119869400,1001,1939,1935,60,60,FWD,13,58,1,ZONE,0
C3B93D0B,1119492,1119870.399,1119870399,999,1941,1935,60,60,FWD,13,58,1,ZONE,0
C3B93D0B,1119493,1119871.400,1119871400,1001,1942,1935,60,60,FWD,13,58,1,ZONE,0
C3B93D0B,1119494,1119872.400,1119872400,1000,1939,1935,60,60,FWD,13,58,1,ZONE,0
C3B93D0B,1119495,1119873.400,1119873400,1000,1941,1935,60,60,FWD,13,58,1,ZONE,0
C3B93D0B,1119496,1119874.399,1119874399,999,1940,1935,60,60,FWD,13,58,1,ZONE,0
C3B93D0B,1119497,1119875.400,1119875400,1001,1939,1935,60,60,FWD,13,58,1,ZONE,0
C3B93D0B,1119498,1119876.399,1119876399,999,1942,1935,60,60,FWD,13,58,1,ZONE,0
C3B93D0B,1119499,1119877.400,1119877400,1001,1940,1935,60,60,FWD,13,58,1,ZONE,0
C3B93D0B,1119500,1119878.399,1119878399,999,1941,1935,60,60,FWD,13,58,1,ZONE,0
C3B93D0B,1119501,1119879.475,1119879475,1076,1939,1935,60,60,FWD,13,58,1,ZONE,0
C3B93D0B,1119502,1119880.399,1119880399,924,1941,1935,60,60,FWD,13,58,1,ZONE,0
C3B93D0B,1119503,1119881.400,1119881400,1001,1940,1935,60,60,FWD,13,58,1,ZONE,0
C3B93D0B,1119504,1119882.400,1119882400,1000,1941,1935,60,60,FWD,13,58,1,ZONE,0
C3B93D0B,1119505,1119884.160,1119884160,1760,1930,1935,60,60,FWD,45,58,1,ZONE,0
C3B93D0B,1119506,1119884.471,1119884471,311,1931,1935,60,60,FWD,13,58,1,ZONE,0
C3B93D0B,1119507,1119885.400,1119885400,929,1929,1935,60,60,FWD,13,58,1,ZONE,0
C3B93D0B,1119508,1119886.399,1119886399,999,1930,1935,60,60,FWD,13,58,1,ZONE,0
C3B93D0B,1119509,1119887.400,1119887400,1001,1931,1935,60,60,FWD,13,58,1,ZONE,0
C3B93D0B,1119510,1119888.399,1119888399,999,1935,1935,60,60,FWD,13,58,1,ZONE,0
C3B93D0B,1119511,1119889.400,1119889400,1001,1934,1935,60,60,FWD,13,58,1,ZONE,0
C3B93D0B,1119512,1119890.513,1119890513,1113,1933,1935,60,60,FWD,13,58,1,ZONE,0
C3B93D0B,1119513,1119891.400,1119891400,887,1933,1935,60,60,FWD,13,58,1,ZONE,0
C3B93D0B,1119514,1119892.400,1119892400,1000,1934,1935,60,60,FWD,13,58,1,ZONE,0
C3B93D0B,1119515,1119893.400,1119893400,1000,1931,1935,60,60,FWD,13,58,1,ZONE,0
C3B93D0B,1119516,1119894.399,1119894399,999,1933,1935,60,60,FWD,13,58,1,ZONE,0
C3B93D0B,1119517,1119896.016,1119896016,1617,1932,1935,60,60,FWD,45,58,1,ZONE,0
C3B93D0B,1119518,1119896.399,1119896399,383,1934,1935,60,60,FWD,13,58,1,ZONE,0
C3B93D0B,1119519,1119897.400,1119897400,1001,1934,1935,60,60,FWD,13,58,1,ZONE,0
C3B93D0B,1119520,1119898.399,1119898399,999,1934,1935,60,60,FWD,13,58,1,ZONE,0
C3B93D0B,1119521,1119899.400,1119899400,1001,1933,1935,60,60,FWD,13,58,1,ZONE,0
C3B93D0B,1119522,1119900.399,1119900399,999,1933,1935,60,60,FWD,13,58,1,ZONE,0
C3B93D0B,1119523,1119901.400,1119901400,1001,1936,1935,60,60,FWD,13,58,1,ZONE,0
C3B93D0B,1119524,1119902.400,1119902400,1000,1934,1935,60,60,FWD,13,58,1,ZONE,0
C3B93D0B,1119525,1119903.400,1119903400,1000,1933,1935,60,60,FWD,13,58,1,ZONE,0
C3B93D0B,1119526,1119904.399,1119904399,999,1934,1935,60,60,FWD,13,58,1,ZONE,0
C3B93D0B,1119527,1119905.400,1119905400,1001,1934,1935,60,60,FWD,13,58,1,ZONE,0
C3B93D0B,1119528,1119906.399,1119906399,999,1933,1935,60,60,FWD,13,58,1,ZONE,0
C3B93D0B,1119529,1119907.400,1119907400,1001,1933,1935,60,60,FWD,13,58,1,ZONE,0
C3B93D0B,1119530,1119908.399,1119908399,999,1935,1935,60,60,FWD,13,58,1,ZONE,0
C3B93D0B,1119531,1119909.400,1119909400,1001,1933,1935,60,60,FWD,13,58,1,ZONE,0
C3B93D0B,1119532,1119910.399,1119910399,999,1933,1935,60,60,FWD,13,58,1,ZONE,0
C3B93D0B,1119533,1119911.400,1119911400,1001,1935,1935,60,60,FWD,13,58,1,ZONE,0
C3B93D0B,1119534,1119912.400,1119912400,1000,1934,1935,60,60,FWD,13,58,1,ZONE,0
C3B93D0B,1119535,1119913.400,1119913400,1000,1933,1935,60,60,FWD,13,58,1,ZONE,0
C3B93D0B,1119536,1119914.399,1119914399,999,1935,1935,60,60,FWD,13,58,1,ZONE,0
C3B93D0B,1119537,1119915.400,1119915400,1001,1934,1935,60,60,FWD,13,58,1,ZONE,0
C3B93D0B,1119538,1119916.399,1119916399,999,1934,1935,60,60,FWD,13,58,1,ZONE,0
C3B93D0B,1119539,1119917.400,1119917400,1001,1935,1935,60,60,FWD,13,58,1,ZONE,0
C3B93D0B,1119540,1119918.399,1119918399,999,1935,1935,60,60,FWD,13,58,1,ZONE,0
C3B93D0B,1119541,1119919.400,1119919400,1001,1933,1935,60,60,FWD,13,58,1,ZONE,0
C3B93D0B,1119542,1119920.399,1119920399,999,1935,1935,60,60,FWD,13,58,1,ZONE,0
C3B93D0B,1119543,1119921.400,1119921400,1001,1933,1935,60,60,FWD,13,58,1,ZONE,0
C3B93D0B,1119544,1119922.400,1119922400,1000,1934,1935,60,60,FWD,13,58,1,ZONE,0
C3B93D0B,1119545,1119923.400,1119923400,1000,1936,1935,60,60,FWD,13,58,1,ZONE,0
C3B93D0B,1119546,1119924.399,1119924399,999,1934,1935,60,60,FWD,13,58,1,ZONE,0
C3B93D0B,1119547,1119925.400,1119925400,1001,1934,1935,60,60,FWD,13,58,1,ZONE,0
C3B93D0B,1119548,1119926.399,1119926399,999,1934,1935,60,60,FWD,13,58,1,ZONE,0
C3B93D0B,1119549,1119927.400,1119927400,1001,1933,1935,60,60,FWD,13,58,1,ZONE,0
C3B93D0B,1119550,1119928.399,1119928399,999,1935,1935,60,60,FWD,13,58,1,ZONE,0
C3B93D0B,1119551,1119929.400,1119929400,1001,1934,1935,60,60,FWD,13,58,1,ZONE,0
C3B93D0B,1119552,1119930.399,1119930399,999,1933,1935,60,60,FWD,13,58,1,ZONE,0
C3B93D0B,1119553,1119931.400,1119931400,1001,1934,1935,60,60,FWD,13,58,1,ZONE,0
C3B93D0B,1119554,1119932.400,1119932400,1000,1934,1935,60,60,FWD,13,58,1,ZONE,0
C3B93D0B,1119555,1119933.400,1119933400,1000,1935,1935,60,60,FWD,13,58,1,ZONE,0
C3B93D0B,1119556,1119934.399,1119934399,999,1934,1935,60,60,FWD,13,58,1,ZONE,0
C3B93D0B,1119557,1119935.400,1119935400,1001,1936,1935,60,60,FWD,13,58,1,ZONE,0
C3B93D0B,1119558,1119936.399,1119936399,999,1935,1935,60,60,FWD,13,58,1,ZONE,0
C3B93D0B,1119559,1119937.400,1119937400,1001,1933,1935,60,60,FWD,13,58,1,ZONE,0
C3B93D0B,1119560,1119938.529,1119938529,1129,1933,1935,60,60,FWD,13,58,1,ZONE,0
C3B93D0B,1119561,1119939.400,1119939400,871,1933,1935,60,60,FWD,13,58,1,ZONE,0
C3B93D0B,1119562,1119940.399,1119940399,999,1934,1935,60,60,FWD,13,58,1,ZONE,0
C3B93D0B,1119563,1119941.400,1119941400,1001,1934,1935,60,60,FWD,13,58,1,ZONE,0
C3B93D0B,1119564,1119942.400,1119942400,1000,1934,1935,60,60,FWD,13,58,1,ZONE,0
C3B93D0B,1119565,1119943.400,1119943400,1000,1936,1935,60,60,FWD,13,58,1,ZONE,0
C3B93D0B,1119566,1119944.399,1119944399,999,1946,1935,60,60,FWD,13,58,1,ZONE,0
C3B93D0B,1119567,1119945.400,1119945400,1001,1942,1935,60,60,FWD,13,58,1,ZONE,0
C3B93D0B,1119568,1119946.399,1119946399,999,1944,1935,60,60,FWD,13,58,1,ZONE,0
C3B93D0B,1119569,1119947.400,1119947400,1001,1941,1935,60,60,FWD,13,58,1,ZONE,0
C3B93D0B,1119570,1119948.399,1119948399,999,1941,1935,60,60,FWD,13,58,1,ZONE,0
C3B93D0B,1119571,1119949.400,1119949400,1001,1943,1935,60,60,FWD,13,58,1,ZONE,0
C3B93D0B,1119572,1119950.399,1119950399,999,1942,1935,60,60,FWD,13,58,1,ZONE,0
C3B93D0B,1119573,1119951.400,1119951400,1001,1942,1935,60,60,FWD,13,58,1,ZONE,0
C3B93D0B,1119574,1119952.400,1119952400,1000,1943,1935,60,60,FWD,13,58,1,ZONE,0
C3B93D0B,1119575,1119953.400,1119953400,1000,1942,1935,60,60,FWD,13,58,1,ZONE,0
C3B93D0B,1119576,1119954.399,1119954399,999,1941,1935,60,60,FWD,13,58,1,ZONE,0
C3B93D0B,1119577,1119955.400,1119955400,1001,1942,1935,60,60,FWD,13,58,1,ZONE,0
C3B93D0B,1119578,1119956.399,1119956399,999,1943,1935,60,60,FWD,13,58,1,ZONE,0
C3B93D0B,1119579,1119957.400,1119957400,1001,1942,1935,60,60,FWD,13,58,1,ZONE,0
C3B93D0B,1119580,1119958.399,1119958399,999,1941,1935,60,60,FWD,13,58,1,ZONE,0
C3B93D0B,1119581,1119959.400,1119959400,1001,1941,1935,60,60,FWD,13,58,1,ZONE,0
C3B93D0B,1119582,1119960.399,1119960399,999,1943,1935,60,60,FWD,13,58,1,ZONE,0
C3B93D0B,1119583,1119961.400,1119961400,1001,1940,1935,60,60,FWD,13,58,1,ZONE,0
C3B93D0B,1119584,1119962.400,1119962400,1000,1939,1935,60,60,FWD,13,58,1,ZONE,0
C3B93D0B,1119585,1119963.400,1119963400,1000,1941,1935,60,60,FWD,13,58,1,ZONE,0
C3B93D0B,1119586,1119964.399,1119964399,999,1939,1935,60,60,FWD,13,58,1,ZONE,0
C3B93D0B,1119587,1119965.400,1119965400,1001,1940,1935,60,60,FWD,13,58,1,ZONE,0
C3B93D0B,1119588,1119966.399,1119966399,999,1940,1935,60,60,FWD,13,58,1,ZONE,0
C3B93D0B,1119589,1119967.400,1119967400,1001,1939,1935,60,60,FWD,13,58,1,ZONE,0
C3B93D0B,1119590,1119968.399,1119968399,999,1941,1935,60,60,FWD,13,58,1,ZONE,0
C3B93D0B,1119591,1119969.400,1119969400,1001,1940,1935,60,60,FWD,13,58,1,ZONE,0
C3B93D0B,1119592,1119970.399,1119970399,999,1940,1935,60,60,FWD,13,58,1,ZONE,0
C3B93D0B,1119593,1119971.400,1119971400,1001,1940,1935,60,60,FWD,13,58,1,ZONE,0
C3B93D0B,1119594,1119972.400,1119972400,1000,1941,1935,60,60,FWD,13,58,1,ZONE,0
C3B93D0B,1119595,1119973.400,1119973400,1000,1940,1935,60,60,FWD,13,58,1,ZONE,0
C3B93D0B,1119596,1119974.399,1119974399,999,1942,1935,60,60,FWD,13,58,1,ZONE,0
C3B93D0B,1119597,1119975.400,1119975400,1001,1940,1935,60,60,FWD,13,58,1,ZONE,0
C3B93D0B,1119598,1119976.399,1119976399,999,1941,1935,60,60,FWD,13,58,1,ZONE,0
C3B93D0B,1119599,1119977.400,1119977400,1001,1942,1935,60,60,FWD,13,58,1,ZONE,0
C3B93D0B,1119600,1119978.399,1119978399,999,1943,1935,60,60,FWD,13,58,1,ZONE,0
C3B93D0B,1119601,1119979.400,1119979400,1001,1939,1935,60,60,FWD,13,58,1,ZONE,0
C3B93D0B,1119602,1119980.399,1119980399,999,1942,1935,60,60,FWD,13,58,1,ZONE,0
C3B93D0B,1119603,1119981.400,1119981400,1001,1941,1935,60,60,FWD,13,58,1,ZONE,0
C3B93D0B,1119604,1119982.400,1119982400,1000,1938,1935,60,60,FWD,13,58,1,ZONE,0
C3B93D0B,1119605,1119984.137,1119984137,1737,1931,1935,60,60,FWD,45,58,1,ZONE,0
C3B93D0B,1119606,1119984.702,1119984702,565,1931,1935,60,60,FWD,13,58,1,ZONE,0
C3B93D0B,1119607,1119985.400,1119985400,698,1931,1935,60,60,FWD,13,58,1,ZONE,0
C3B93D0B,1119608,1119986.399,1119986399,999,1934,1935,60,60,FWD,13,58,1,ZONE,0
C3B93D0B,1119609,1119987.400,1119987400,1001,1931,1935,60,60,FWD,13,58,1,ZONE,0
C3B93D0B,1119610,1119988.399,1119988399,999,1934,1935,60,60,FWD,13,58,1,ZONE,0
C3B93D0B,1119611,1119989.400,1119989400,1001,1931,1935,60,60,FWD,13,58,1,ZONE,0
C3B93D0B,1119612,1119990.399,1119990399,999,1934,1935,60,60,FWD,13,58,1,ZONE,0
C3B93D0B,1119613,1119991.400,1119991400,1001,1933,1935,60,60,FWD,13,58,1,ZONE,0
C3B93D0B,1119614,1119992.400,1119992400,1000,1933,1935,60,60,FWD,13,58,1,ZONE,0
C3B93D0B,1119615,1119993.400,1119993400,1000,1933,1935,60,60,FWD,13,58,1,ZONE,0
C3B93D0B,1119616,1119994.399,1119994399,999,1934,1935,60,60,FWD,13,58,1,ZONE,0
C3B93D0B,1119617,1119995.400,1119995400,1001,1933,1935,60,60,FWD,13,58,1,ZONE,0
C3B93D0B,1119618,1119996.399,1119996399,999,1934,1935,60,60,FWD,13,58,1,ZONE,0
C3B93D0B,1119619,1119997.400,1119997400,1001,1935,1935,60,60,FWD,13,58,1,ZONE,0
C3B93D0B,1119620,1119998.403,1119998403,1003,1935,1935,60,60,FWD,13,58,1,ZONE,0
C3B93D0B,1119621,1119999.400,1119999400,997,1930,1935,60,60,FWD,13,58,1,ZONE,0
C3B93D0B,1119622,1120000.399,1120000399,999,1933,1935,60,60,FWD,13,58,1,ZONE,0
C3B93D0B,1119623,1120001.400,1120001400,1001,1933,1935,60,60,FWD,13,58,1,ZONE,0
C3B93D0B,1119624,1120002.400,1120002400,1000,1934,1935,60,60,FWD,13,58,1,ZONE,0
C3B93D0B,1119625,1120003.400,1120003400,1000,1934,1935,60,60,FWD,13,58,1,ZONE,0
C3B93D0B,1119626,1120004.399,1120004399,999,1933,1935,60,60,FWD,13,58,1,ZONE,0
C3B93D0B,1119627,1120005.400,1120005400,1001,1935,1935,60,60,FWD,13,58,1,ZONE,0
C3B93D0B,1119628,1120006.399,1120006399,999,1934,1935,60,60,FWD,13,58,1,ZONE,0
C3B93D0B,1119629,1120007.400,1120007400,1001,1935,1935,60,60,FWD,13,58,1,ZONE,0
C3B93D0B,1119630,1120008.399,1120008399,999,1933,1935,60,60,FWD,13,58,1,ZONE,0
C3B93D0B,1119631,1120009.400,1120009400,1001,1934,1935,60,60,FWD,13,58,1,ZONE,0
C3B93D0B,1119632,1120010.399,1120010399,999,1936,1935,60,60,FWD,13,58,1,ZONE,0
C3B93D0B,1119633,1120011.400,1120011400,1001,1934,1935,60,60,FWD,13,58,1,ZONE,0
C3B93D0B,1119634,1120012.400,1120012400,1000,1935,1935,60,60,FWD,13,58,1,ZONE,0
C3B93D0B,1119635,1120013.400,1120013400,1000,1934,1935,60,60,FWD,13,58,1,ZONE,0
C3B93D0B,1119636,1120014.399,1120014399,999,1934,1935,60,60,FWD,13,58,1,ZONE,0
C3B93D0B,1119637,1120015.400,1120015400,1001,1935,1935,60,60,FWD,13,58,1,ZONE,0
C3B93D0B,1119638,1120016.399,1120016399,999,1933,1935,60,60,FWD,13,58,1,ZONE,0
C3B93D0B,1119639,1120017.400,1120017400,1001,1934,1935,60,60,FWD,13,58,1,ZONE,0
C3B93D0B,1119640,1120018.399,1120018399,999,1934,1935,60,60,FWD,13,58,1,ZONE,0
C3B93D0B,1119641,1120019.400,1120019400,1001,1934,1935,60,60,FWD,13,58,1,ZONE,0
C3B93D0B,1119642,1120020.399,1120020399,999,1935,1935,60,60,FWD,13,58,1,ZONE,0
C3B93D0B,1119643,1120021.400,1120021400,1001,1933,1935,60,60,FWD,13,58,1,ZONE,0
C3B93D0B,1119644,1120022.400,1120022400,1000,1933,1935,60,60,FWD,13,58,1,ZONE,0
C3B93D0B,1119645,1120023.400,1120023400,1000,1934,1935,60,60,FWD,13,58,1,ZONE,0
C3B93D0B,1119646,1120024.399,1120024399,999,1933,1935,60,60,FWD,13,58,1,ZONE,0
C3B93D0B,1119647,1120025.400,1120025400,1001,1935,1935,60,60,FWD,13,58,1,ZONE,0
C3B93D0B,1119648,1120026.399,1120026399,999,1934,1935,60,60,FWD,13,58,1,ZONE,0
C3B93D0B,1119649,1120027.400,1120027400,1001,1932,1935,60,60,FWD,13,58,1,ZONE,0
C3B93D0B,1119650,1120028.399,1120028399,999,1935,1935,60,60,FWD,13,58,1,ZONE,0
C3B93D0B,1119651,1120029.400,1120029400,1001,1934,1935,60,60,FWD,13,58,1,ZONE,0
C3B93D0B,1119652,1120030.399,1120030399,999,1935,1935,60,60,FWD,13,58,1,ZONE,0
C3B93D0B,1119653,1120031.400,1120031400,1001,1934,1935,60,60,FWD,13,58,1,ZONE,0
C3B93D0B,1119654,1120032.400,1120032400,1000,1933,1935,60,60,FWD,13,58,1,ZONE,0
C3B93D0B,1119655,1120033.400,1120033400,1000,1933,1935,60,60,FWD,13,58,1,ZONE,0
C3B93D0B,1119656,1120034.399,1120034399,999,1935,1935,60,60,FWD,13,58,1,ZONE,0
C3B93D0B,1119657,1120035.400,1120035400,1001,1935,1935,60,60,FWD,13,58,1,ZONE,0
C3B93D0B,1119658,1120036.399,1120036399,999,1935,1935,60,60,FWD,13,58,1,ZONE,0
C3B93D0B,1119659,1120037.400,1120037400,1001,1934,1935,60,60,FWD,13,58,1,ZONE,0
C3B93D0B,1119660,1120038.399,1120038399,999,1934,1935,60,60,FWD,13,58,1,ZONE,0
C3B93D0B,1119661,1120039.400,1120039400,1001,1935,1935,60,60,FWD,13,58,1,ZONE,0
C3B93D0B,1119662,1120040.399,1120040399,999,1933,1935,60,60,FWD,13,58,1,ZONE,0
C3B93D0B,1119663,1120041.400,1120041400,1001,1933,1935,60,60,FWD,13,58,1,ZONE,0
C3B93D0B,1119664,1120042.400,1120042400,1000,1935,1935,60,60,FWD,13,58,1,ZONE,0
C3B93D0B,1119665,1120043.400,1120043400,1000,1935,1935,60,60,FWD,13,58,1,ZONE,0
C3B93D0B,1119666,1120044.399,1120044399,999,1936,1935,60,60,FWD,13,58,1,ZONE,0
C3B93D0B,1119667,1120045.400,1120045400,1001,1934,1935,60,60,FWD,13,58,1,ZONE,0
C3B93D0B,1119668,1120046.399,1120046399,999,1936,1935,60,60,FWD,13,58,1,ZONE,0
C3B93D0B,1119669,1120047.400,1120047400,1001,1935,1935,60,60,FWD,13,58,1,ZONE,0
C3B93D0B,1119670,1120048.399,1120048399,999,1934,1935,60,60,FWD,13,58,1,ZONE,0
C3B93D0B,1119671,1120049.400,1120049400,1001,1934,1935,60,60,FWD,13,58,1,ZONE,0
C3B93D0B,1119672,1120050.461,1120050461,1061,1932,1935,60,60,FWD,13,58,1,ZONE,0
C3B93D0B,1119673,1120051.400,1120051400,939,1931,1935,60,60,FWD,13,58,1,ZONE,0
C3B93D0B,1119674,1120052.400,1120052400,1000,1936,1935,60,60,FWD,13,58,1,ZONE,0
C3B93D0B,1119675,1120053.400,1120053400,1000,1934,1935,60,60,FWD,13,58,1,ZONE,0
C3B93D0B,1119676,1120054.399,1120054399,999,1936,1935,60,60,FWD,13,58,1,ZONE,0
C3B93D0B,1119677,1120055.400,1120055400,1001,1934,1935,60,60,FWD,13,58,1,ZONE,0
C3B93D0B,1119678,1120056.402,1120056402,1002,1947,1935,60,60,FWD,13,58,1,ZONE,0
C3B93D0B,1119679,1120057.400,1120057400,998,1942,1935,60,60,FWD,13,58,1,ZONE,0
C3B93D0B,1119680,1120058.399,1120058399,999,1946,1935,60,60,FWD,13,58,1,ZONE,0
C3B93D0B,1119681,1120059.400,1120059400,1001,1943,1935,60,60,FWD,13,58,1,ZONE,0
C3B93D0B,1119682,1120060.399,1120060399,999,1943,1935,60,60,FWD,13,58,1,ZONE,0
C3B93D0B,1119683,1120061.400,1120061400,1001,1942,1935,60,60,FWD,13,58,1,ZONE,0
C3B93D0B,1119684,1120062.400,1120062400,1000,1941,1935,60,60,FWD,13,58,1,ZONE,0
C3B93D0B,1119685,1120063.400,1120063400,1000,1942,1935,60,60,FWD,13,58,1,ZONE,0
C3B93D0B,1119686,1120064.399,1120064399,999,1942,1935,60,60,FWD,13,58,1,ZONE,0
C3B93D0B,1119687,1120065.400,1120065400,1001,1943,1935,60,60,FWD,13,58,1,ZONE,0
C3B93D0B,1119688,1120066.399,1120066399,999,1943,1935,60,60,FWD,13,58,1,ZONE,0
C3B93D0B,1119689,1120067.400,1120067400,1001,1941,1935,60,60,FWD,13,58,1,ZONE,0
C3B93D0B,1119690,1120068.399,1120068399,999,1943,1935,60,60,FWD,13,58,1,ZONE,0
C3B93D0B,1119691,1120069.400,1120069400,1001,1941,1935,60,60,FWD,13,58,1,ZONE,0
C3B93D0B,1119692,1120070.399,1120070399,999,1943,1935,60,60,FWD,13,58,1,ZONE,0
C3B93D0B,1119693,1120071.400,1120071400,1001,1942,1935,60,60,FWD,13,58,1,ZONE,0
C3B93D0B,1119694,1120072.400,1120072400,1000,1941,1935,60,60,FWD,13,58,1,ZONE,0
C3B93D0B,1119695,1120073.400,1120073400,1000,1941,1935,60,60,FWD,13,58,1,ZONE,0
C3B93D0B,1119696,1120074.399,1120074399,999,1941,1935,60,60,FWD,13,58,1,ZONE,0
C3B93D0B,1119697,1120075.400,1120075400,1001,1942,1935,60,60,FWD,13,58,1,ZONE,0
C3B93D0B,1119698,1120076.399,1120076399,999,1942,1935,60,60,FWD,13,58,1,ZONE,0
C3B93D0B,1119699,1120077.400,1120077400,1001,1941,1935,60,60,FWD,13,58,1,ZONE,0
C3B93D0B,1119700,1120078.399,1120078399,999,1941,1935,60,60,FWD,13,58,1,ZONE,0
C3B93D0B,1119701,1120079.400,1120079400,1001,1941,1935,60,60,FWD,13,58,1,ZONE,0
C3B93D0B,1119702,1120080.399,1120080399,999,1940,1935,60,60,FWD,13,58,1,ZONE,0
C3B93D0B,1119703,1120081.400,1120081400,1001,1941,1935,60,60,FWD,13,58,1,ZONE,0
C3B93D0B,1119704,1120082.400,1120082400,1000,1939,1935,60,60,FWD,13,58,1,ZONE,0
C3B93D0B,1119705,1120084.151,1120084151,1751,1925,1935,60,60,FWD,45,58,1,ZONE,0
C3B93D0B,1119706,1120084.724,1120084724,573,1931,1935,60,60,FWD,13,58,1,ZONE,0
C3B93D0B,1119707,1120085.400,1120085400,676,1933,1935,60,60,FWD,13,58,1,ZONE,0
C3B93D0B,1119708,1120086.399,1120086399,999,1933,1935,60,60,FWD,13,58,1,ZONE,0
C3B93D0B,1119709,1120087.400,1120087400,1001,1933,1935,60,60,FWD,13,58,1,ZONE,0
C3B93D0B,1119710,1120088.399,1120088399,999,1936,1935,60,60,FWD,13,58,1,ZONE,0
C3B93D0B,1119711,1120089.400,1120089400,1001,1935,1935,60,60,FWD,13,58,1,ZONE,0
C3B93D0B,1119712,1120090.399,1120090399,999,1934,1935,60,60,FWD,13,58,1,ZONE,0
C3B93D0B,1119713,1120091.400,1120091400,1001,1933,1935,60,60,FWD,13,58,1,ZONE,0
C3B93D0B,1119714,1120092.528,1120092528,1128,1933,1935,60,60,FWD,13,58,1,ZONE,0
C3B93D0B,1119715,1120093.400,1120093400,872,1934,1935,60,60,FWD,13,58,1,ZONE,0
C3B93D0B,1119716,1120094.399,1120094399,999,1935,1935,60,60,FWD,13,58,1,ZONE,0
C3B93D0B,1119717,1120095.400,1120095400,1001,1930,1935,60,60,FWD,13,58,1,ZONE,0
C3B93D0B,1119718,1120096.399,1120096399,999,1936,1935,60,60,FWD,13,58,1,ZONE,0
C3B93D0B,1119719,1120097.400,1120097400,1001,1936,1935,60,60,FWD,13,58,1,ZONE,0
C3B93D0B,1119720,1120098.399,1120098399,999,1935,1935,60,60,FWD,13,58,1,ZONE,0
C3B93D0B,1119721,1120099.400,1120099400,1001,1934,1935,60,60,FWD,13,58,1,ZONE,0
C3B93D0B,1119722,1120100.676,1120100676,1276,1933,1935,60,60,FWD,45,58,1,ZONE,0
C3B93D0B,1119723,1120101.400,1120101400,724,1935,1935,60,60,FWD,13,58,1,ZONE,0
C3B93D0B,1119724,1120102.400,1120102400,1000,1935,1935,60,60,FWD,13,58,1,ZONE,0
C3B93D0B,1119725,1120103.400,1120103400,1000,1935,1935,60,60,FWD,13,58,1,ZONE,0
C3B93D0B,1119726,1120104.399,1120104399,999,1934,1935,60,60,FWD,13,58,1,ZONE,0
C3B93D0B,1119727,1120105.400,1120105400,1001,1933,1935,60,60,FWD,13,58,1,ZONE,0
C3B93D0B,1119728,1120106.399,1120106399,999,1933,1935,60,60,FWD,13,58,1,ZONE,0
C3B93D0B,1119729,1120107.400,1120107400,1001,1935,1935,60,60,FWD,13,58,1,ZONE,0
C3B93D0B,1119730,1120108.399,1120108399,999,1933,1935,60,60,FWD,13,58,1,ZONE,0
C3B93D0B,1119731,1120109.400,1120109400,1001,1936,1935,60,60,FWD,13,58,1,ZONE,0
C3B93D0B,1119732,1120110.399,1120110399,999,1935,1935,60,60,FWD,13,58,1,ZONE,0
C3B93D0B,1119733,1120111.400,1120111400,1001,1935,1935,60,60,FWD,13,58,1,ZONE,0
C3B93D0B,1119734,1120112.400,1120112400,1000,1932,1935,60,60,FWD,13,58,1,ZONE,0
C3B93D0B,1119735,1120113.400,1120113400,1000,1932,1935,60,60,FWD,13,58,1,ZONE,0
C3B93D0B,1119736,1120114.399,1120114399,999,1934,1935,60,60,FWD,13,58,1,ZONE,0
C3B93D0B,1119737,1120115.400,1120115400,1001,1931,1935,60,60,FWD,13,58,1,ZONE,0
C3B93D0B,1119738,1120116.399,1120116399,999,1934,1935,60,60,FWD,13,58,1,ZONE,0
C3B93D0B,1119739,1120117.400,1120117400,1001,1933,1935,60,60,FWD,13,58,1,ZONE,0
C3B93D0B,1119740,1120118.399,1120118399,999,1935,1935,60,60,FWD,13,58,1,ZONE,0
C3B93D0B,1119741,1120119.400,1120119400,1001,1933,1935,60,60,FWD,13,58,1,ZONE,0
C3B93D0B,1119742,1120120.399,1120120399,999,1936,1935,60,60,FWD,13,58,1,ZONE,0
C3B93D0B,1119743,1120121.400,1120121400,1001,1935,1935,60,60,FWD,13,58,1,ZONE,0
C3B93D0B,1119744,1120122.400,1120122400,1000,1933,1935,60,60,FWD,13,58,1,ZONE,0
C3B93D0B,1119745,1120123.400,1120123400,1000,1936,1935,60,60,FWD,13,58,1,ZONE,0
C3B93D0B,1119746,1120124.399,1120124399,999,1936,1935,60,60,FWD,13,58,1,ZONE,0
C3B93D0B,1119747,1120125.400,1120125400,1001,1936,1935,60,60,FWD,13,58,1,ZONE,0
C3B93D0B,1119748,1120126.399,1120126399,999,1933,1935,60,60,FWD,13,58,1,ZONE,0
C3B93D0B,1119749,1120127.400,1120127400,1001,1934,1935,60,60,FWD,13,58,1,ZONE,0
C3B93D0B,1119750,1120128.399,1120128399,999,1935,1935,60,60,FWD,13,58,1,ZONE,0
C3B93D0B,1119751,1120129.400,1120129400,1001,1931,1935,60,60,FWD,13,58,1,ZONE,0
C3B93D0B,1119752,1120130.399,1120130399,999,1933,1935,60,60,FWD,13,58,1,ZONE,0
C3B93D0B,1119753,1120131.400,1120131400,1001,1933,1935,60,60,FWD,13,58,1,ZONE,0
C3B93D0B,1119754,1120132.400,1120132400,1000,1933,1935,60,60,FWD,13,58,1,ZONE,0
C3B93D0B,1119755,1120133.400,1120133400,1000,1932,1935,60,60,FWD,13,58,1,ZONE,0
C3B93D0B,1119756,1120134.399,1120134399,999,1934,1935,60,60,FWD,13,58,1,ZONE,0
C3B93D0B,1119757,1120135.403,1120135403,1004,1931,1935,60,60,FWD,13,58,1,ZONE,0
C3B93D0B,1119758,1120136.399,1120136399,996,1935,1935,60,60,FWD,13,58,1,ZONE,0
C3B93D0B,1119759,1120137.400,1120137400,1001,1933,1935,60,60,FWD,13,58,1,ZONE,0
C3B93D0B,1119760,1120138.399,1120138399,999,1935,1935,60,60,FWD,13,58,1,ZONE,0
C3B93D0B,1119761,1120139.400,1120139400,1001,1933,1935,60,60,FWD,13,58,1,ZONE,0
C3B93D0B,1119762,1120140.399,1120140399,999,1936,1935,60,60,FWD,13,58,1,ZONE,0
C3B93D0B,1119763,1120141.400,1120141400,1001,1934,1935,60,60,FWD,13,58,1,ZONE,0
C3B93D0B,1119764,1120142.400,1120142400,1000,1935,1935,60,60,FWD,13,58,1,ZONE,0
C3B93D0B,1119765,1120143.400,1120143400,1000,1935,1935,60,60,FWD,13,58,1,ZONE,0
C3B93D0B,1119766,1120144.399,1120144399,999,1935,1935,60,60,FWD,13,58,1,ZONE,0
C3B93D0B,1119767,1120145.400,1120145400,1001,1933,1935,60,60,FWD,13,58,1,ZONE,0
C3B93D0B,1119768,1120146.399,1120146399,999,1934,1935,60,60,FWD,13,58,1,ZONE,0
C3B93D0B,1119769,1120147.400,1120147400,1001,1935,1935,60,60,FWD,13,58,1,ZONE,0
C3B93D0B,1119770,1120148.496,1120148496,1096,1943,1935,60,60,FWD,13,58,1,ZONE,0
C3B93D0B,1119771,1120149.400,1120149400,904,1943,1935,60,60,FWD,13,58,1,ZONE,0
C3B93D0B,1119772,1120150.399,1120150399,999,1943,1935,60,60,FWD,13,58,1,ZONE,0
C3B93D0B,1119773,1120151.400,1120151400,1001,1942,1935,60,60,FWD,13,58,1,ZONE,0
C3B93D0B,1119774,1120152.400,1120152400,1000,1941,1935,60,60,FWD,13,58,1,ZONE,0
C3B93D0B,1119775,1120153.400,1120153400,1000,1941,1935,60,60,FWD,13,58,1,ZONE,0
C3B93D0B,1119776,1120154.399,1120154399,999,1942,1935,60,60,FWD,13,58,1,ZONE,0
C3B93D0B,1119777,1120155.400,1120155400,1001,1939,1935,60,60,FWD,13,58,1,ZONE,0
C3B93D0B,1119778,1120156.399,1120156399,999,1940,1935,60,60,FWD,13,58,1,ZONE,0
C3B93D0B,1119779,1120157.400,1120157400,1001,1942,1935,60,60,FWD,13,58,1,ZONE,0
C3B93D0B,1119780,1120158.399,1120158399,999,1941,1935,60,60,FWD,13,58,1,ZONE,0
C3B93D0B,1119781,1120159.400,1120159400,1001,1940,1935,60,60,FWD,13,58,1,ZONE,0
C3B93D0B,1119782,1120160.399,1120160399,999,1939,1935,60,60,FWD,13,58,1,ZONE,0
C3B93D0B,1119783,1120161.400,1120161400,1001,1941,1935,60,60,FWD,13,58,1,ZONE,0
C3B93D0B,1119784,1120162.400,1120162400,1000,1939,1935,60,60,FWD,13,58,1,ZONE,0
C3B93D0B,1119785,1120163.400,1120163400,1000,1939,1935,60,60,FWD,13,58,1,ZONE,0
C3B93D0B,1119786,1120164.399,1120164399,999,1941,1935,60,60,FWD,13,58,1,ZONE,0
C3B93D0B,1119787,1120165.400,1120165400,1001,1939,1935,60,60,FWD,13,58,1,ZONE,0
C3B93D0B,1119788,1120166.399,1120166399,999,1941,1935,60,60,FWD,13,58,1,ZONE,0
C3B93D0B,1119789,1120167.400,1120167400,1001,1941,1935,60,60,FWD,13,58,1,ZONE,0
C3B93D0B,1119790,1120168.399,1120168399,999,1941,1935,60,60,FWD,13,58,1,ZONE,0
C3B93D0B,1119791,1120169.400,1120169400,1001,1941,1935,60,60,FWD,13,58,1,ZONE,0
C3B93D0B,1119792,1120170.399,1120170399,999,1942,1935,60,60,FWD,13,58,1,ZONE,0
C3B93D0B,1119793,1120171.400,1120171400,1001,1941,1935,60,60,FWD,13,58,1,ZONE,0
C3B93D0B,1119794,1120172.400,1120172400,1000,1942,1935,60,60,FWD,13,58,1,ZONE,0
C3B93D0B,1119795,1120173.400,1120173400,1000,1940,1935,60,60,FWD,13,58,1,ZONE,0
C3B93D0B,1119796,1120174.399,1120174399,999,1942,1935,60,60,FWD,13,58,1,ZONE,0
C3B93D0B,1119797,1120175.400,1120175400,1001,1941,1935,60,60,FWD,13,58,1,ZONE,0
C3B93D0B,1119798,1120176.399,1120176399,999,1941,1935,60,60,FWD,13,58,1,ZONE,0
C3B93D0B,1119799,1120177.400,1120177400,1001,1940,1935,60,60,FWD,13,58,1,ZONE,0
C3B93D0B,1119800,1120178.399,1120178399,999,1941,1935,60,60,FWD,13,58,1,ZONE,0
C3B93D0B,1119801,1120179.400,1120179400,1001,1941,1935,60,60,FWD,13,58,1,ZONE,0
C3B93D0B,1119802,1120180.399,1120180399,999,1941,1935,60,60,FWD,13,58,1,ZONE,0
C3B93D0B,1119803,1120181.400,1120181400,1001,1941,1935,60,60,FWD,13,58,1,ZONE,0
C3B93D0B,1119804,1120182.400,1120182400,1000,1941,1935,60,60,FWD,13,58,1,ZONE,0
C3B93D0B,1119805,1120184.138,1120184138,1738,1931,1935,60,60,FWD,45,58,1,ZONE,0
C3B93D0B,1119806,1120184.445,1120184445,307,1932,1935,60,60,FWD,13,58,1,ZONE,0
C3B93D0B,1119807,1120185.400,1120185400,955,1932,1935,60,60,FWD,13,58,1,ZONE,0
C3B93D0B,1119808,1120186.399,1120186399,999,1931,1935,60,60,FWD,13,58,1,ZONE,0
C3B93D0B,1119809,1120187.400,1120187400,1001,1933,1935,60,60,FWD,13,58,1,ZONE,0
C3B93D0B,1119810,1120188.399,1120188399,999,1933,1935,60,60,FWD,13,58,1,ZONE,0
C3B93D0B,1119811,1120189.400,1120189400,1001,1933,1935,60,60,FWD,13,58,1,ZONE,0
C3B93D0B,1119812,1120190.399,1120190399,999,1934,1935,60,60,FWD,13,58,1,ZONE,0
C3B93D0B,1119813,1120191.400,1120191400,1001,1933,1935,60,60,FWD,13,58,1,ZONE,0
C3B93D0B,1119814,1120192.401,1120192401,1001,1932,1935,60,60,FWD,13,58,1,ZONE,0
C3B93D0B,1119815,1120193.399,1120193399,998,1932,1935,60,60,FWD,13,58,1,ZONE,0
C3B93D0B,1119816,1120194.405,1120194405,1006,1927,1935,60,60,FWD,13,58,1,ZONE,0
C3B93D0B,1119817,1120195.399,1120195399,994,1931,1935,60,60,FWD,13,58,1,ZONE,0
C3B93D0B,1119818,1120196.400,1120196400,1001,1933,1935,60,60,FWD,13,58,1,ZONE,0
C3B93D0B,1119819,1120197.515,1120197515,1115,1933,1935,60,60,FWD,13,58,1,ZONE,0
C3B93D0B,1119820,1120198.400,1120198400,885,1933,1935,60,60,FWD,13,58,1,ZONE,0
C3B93D0B,1119821,1120199.399,1120199399,999,1933,1935,60,60,FWD,13,58,1,ZONE,0
C3B93D0B,1119822,1120200.400,1120200400,1001,1933,1935,60,60,FWD,13,58,1,ZONE,0
C3B93D0B,1119823,1120201.399,1120201399,999,1935,1935,60,60,FWD,13,58,1,ZONE,0
C3B93D0B,1119824,1120203.080,1120203080,1681,1933,1935,60,60,FWD,45,58,1,ZONE,0
C3B93D0B,1119825,1120203.431,1120203431,351,1934,1935,60,60,FWD,13,58,1,ZONE,0
C3B93D0B,1119826,1120205.073,1120205073,1642,1934,1935,60,60,FWD,45,58,1,ZONE,0
C3B93D0B,1119827,1120205.401,1120205401,328,1930,1935,60,60,FWD,13,58,1,ZONE,0
C3B93D0B,1119828,1120208.044,1120208044,2643,1934,1935,60,60,FWD,45,58,1,ZONE,0
C3B93D0B,1119829,1120208.537,1120208537,493,1933,1935,60,60,FWD,13,58,1,ZONE,0
C3B93D0B,1119830,1120209.612,1120209612,1075,1933,1935,60,60,FWD,13,58,1,ZONE,0
C3B93D0B,1119831,1120209.866,1120209866,254,1935,1935,60,60,FWD,13,58,1,ZONE,0
C3B93D0B,1119832,1120210.399,1120210399,533,1935,1935,60,60,FWD,13,58,1,ZONE,0
C3B93D0B,1119833,1120211.400,1120211400,1001,1936,1935,60,60,FWD,13,58,1,ZONE,0
C3B93D0B,1119834,1120212.399,1120212399,999,1931,1935,60,60,FWD,13,58,1,ZONE,0
C3B93D0B,1119835,1120213.400,1120213400,1001,1934,1935,60,60,FWD,13,58,1,ZONE,0
C3B93D0B,1119836,1120214.399,1120214399,999,1934,1935,60,60,FWD,13,58,1,ZONE,0
C3B93D0B,1119837,1120215.401,1120215401,1002,1935,1935,60,60,FWD,13,58,1,ZONE,0
C3B93D0B,1119838,1120216.399,1120216399,998,1935,1935,60,60,FWD,13,58,1,ZONE,0
C3B93D0B,1119839,1120217.400,1120217400,1001,1934,1935,60,60,FWD,13,58,1,ZONE,0
C3B93D0B,1119840,1120218.399,1120218399,999,1935,1935,60,60,FWD,13,58,1,ZONE,0
C3B93D0B,1119841,1120219.400,1120219400,1001,1935,1935,60,60,FWD,13,58,1,ZONE,0
C3B93D0B,1119842,1120220.399,1120220399,999,1935,1935,60,60,FWD,13,58,1,ZONE,0
C3B93D0B,1119843,1120221.400,1120221400,1001,1934,1935,60,60,FWD,13,58,1,ZONE,0
C3B93D0B,1119844,1120222.399,1120222399,999,1935,1935,60,60,FWD,13,58,1,ZONE,0
C3B93D0B,1119845,1120223.400,1120223400,1001,1934,1935,60,60,FWD,13,58,1,ZONE,0
C3B93D0B,1119846,1120224.399,1120224399,999,1934,1935,60,60,FWD,13,58,1,ZONE,0
C3B93D0B,1119847,1120225.401,1120225401,1002,1936,1935,60,60,FWD,13,58,1,ZONE,0
C3B93D0B,1119848,1120226.399,1120226399,998,1935,1935,60,60,FWD,13,58,1,ZONE,0
C3B93D0B,1119849,1120227.400,1120227400,1001,1933,1935,60,60,FWD,13,58,1,ZONE,0
C3B93D0B,1119850,1120228.399,1120228399,999,1935,1935,60,60,FWD,13,58,1,ZONE,0
C3B93D0B,1119851,1120229.400,1120229400,1001,1936,1935,60,60,FWD,13,58,1,ZONE,0
C3B93D0B,1119852,1120230.399,1120230399,999,1933,1935,60,60,FWD,13,58,1,ZONE,0
C3B93D0B,1119853,1120231.400,1120231400,1001,1931,1935,60,60,FWD,13,58,1,ZONE,0
C3B93D0B,1119854,1120232.399,1120232399,999,1934,1935,60,60,FWD,13,58,1,ZONE,0
C3B93D0B,1119855,1120233.400,1120233400,1001,1934,1935,60,60,FWD,13,58,1,ZONE,0
C3B93D0B,1119856,1120234.399,1120234399,999,1936,1935,60,60,FWD,13,58,1,ZONE,0
C3B93D0B,1119857,1120235.401,1120235401,1002,1935,1935,60,60,FWD,13,58,1,ZONE,0
C3B93D0B,1119858,1120236.399,1120236399,998,1935,1935,60,60,FWD,13,58,1,ZONE,0
C3B93D0B,1119859,1120237.400,1120237400,1001,1933,1935,60,60,FWD,13,58,1,ZONE,0
C3B93D0B,1119860,1120238.399,1120238399,999,1933,1935,60,60,FWD,13,58,1,ZONE,0
C3B93D0B,1119861,1120239.400,1120239400,1001,1934,1935,60,60,FWD,13,58,1,ZONE,0
C3B93D0B,1119862,1120240.399,1120240399,999,1933,1935,60,60,FWD,13,58,1,ZONE,0
C3B93D0B,1119863,1120241.400,1120241400,1001,1935,1935,60,60,FWD,13,58,1,ZONE,0
C3B93D0B,1119864,1120242.399,1120242399,999,1935,1935,60,60,FWD,13,58,1,ZONE,0
C3B93D0B,1119865,1120243.400,1120243400,1001,1933,1935,60,60,FWD,13,58,1,ZONE,0
C3B93D0B,1119866,1120244.399,1120244399,999,1936,1935,60,60,FWD,13,58,1,ZONE,0
C3B93D0B,1119867,1120245.401,1120245401,1002,1934,1935,60,60,FWD,13,58,1,ZONE,0
C3B93D0B,1119868,1120246.399,1120246399,998,1935,1935,60,60,FWD,13,58,1,ZONE,0
C3B93D0B,1119869,1120247.400,1120247400,1001,1933,1935,60,60,FWD,13,58,1,ZONE,0
C3B93D0B,1119870,1120248.399,1120248399,999,1934,1935,60,60,FWD,13,58,1,ZONE,0
C3B93D0B,1119871,1120249.400,1120249400,1001,1935,1935,60,60,FWD,13,58,1,ZONE,0
C3B93D0B,1119872,1120250.399,1120250399,999,1934,1935,60,60,FWD,13,58,1,ZONE,0
C3B93D0B,1119873,1120251.400,1120251400,1001,1931,1935,60,60,FWD,13,58,1,ZONE,0
C3B93D0B,1119874,1120252.399,1120252399,999,1934,1935,60,60,FWD,13,58,1,ZONE,0
C3B93D0B,1119875,1120253.400,1120253400,1001,1934,1935,60,60,FWD,13,58,1,ZONE,0
C3B93D0B,1119876,1120254.399,1120254399,999,1935,1935,60,60,FWD,13,58,1,ZONE,0
C3B93D0B,1119877,1120255.401,1120255401,1002,1933,1935,60,60,FWD,13,58,1,ZONE,0
C3B93D0B,1119878,1120256.401,1120256401,1000,1931,1935,60,60,FWD,13,58,1,ZONE,0
C3B93D0B,1119879,1120257.404,1120257404,1003,1934,1935,60,60,FWD,13,58,1,ZONE,0
C3B93D0B,1119880,1120258.402,1120258402,998,1930,1935,60,60,FWD,13,58,1,ZONE,0
C3B93D0B,1119881,1120259.401,1120259401,999,1930,1935,60,60,FWD,13,58,1,ZONE,0
C3B93D0B,1119882,1120261.310,1120261310,1909,1931,1935,60,60,FWD,45,58,1,ZONE,0
C3B93D0B,1119883,1120261.796,1120261796,486,1934,1935,60,60,FWD,13,58,1,ZONE,0
C3B93D0B,1119884,1120263.665,1120263665,1869,1931,1935,60,60,FWD,45,58,1,ZONE,0
C3B93D0B,1119885,1120264.290,1120264290,625,1933,1935,60,60,FWD,13,58,1,ZONE,0
C3B93D0B,1119886,1120264.539,1120264539,249,1934,1935,60,60,FWD,13,58,1,ZONE,0
C3B93D0B,1119887,1120265.622,1120265622,1083,1933,1935,60,60,FWD,13,58,1,ZONE,0
C3B93D0B,1119888,1120266.400,1120266400,778,1934,1935,60,60,FWD,13,58,1,ZONE,0
C3B93D0B,1119889,1120267.399,1120267399,999,1935,1935,60,60,FWD,13,58,1,ZONE,0
C3B93D0B,1119890,1120268.400,1120268400,1001,1933,1935,60,60,FWD,13,58,1,ZONE,0
C3B93D0B,1119891,1120269.399,1120269399,999,1935,1935,60,60,FWD,13,58,1,ZONE,0
C3B93D0B,1119892,1120270.401,1120270401,1002,1932,1935,60,60,FWD,13,58,1,ZONE,0
C3B93D0B,1119893,1120271.399,1120271399,998,1934,1935,60,60,FWD,13,58,1,ZONE,0
C3B93D0B,1119894,1120272.400,1120272400,1001,1933,1935,60,60,FWD,13,58,1,ZONE,0
C3B93D0B,1119895,1120273.399,1120273399,999,1933,1935,60,60,FWD,13,58,1,ZONE,0
C3B93D0B,1119896,1120274.400,1120274400,1001,1935,1935,60,60,FWD,13,58,1,ZONE,0
C3B93D0B,1119897,1120275.399,1120275399,999,1935,1935,60,60,FWD,13,58,1,ZONE,0
C3B93D0B,1119898,1120276.400,1120276400,1001,1935,1935,60,60,FWD,13,58,1,ZONE,0
C3B93D0B,1119899,1120277.399,1120277399,999,1933,1935,60,60,FWD,13,58,1,ZONE,0
C3B93D0B,1119900,1120278.400,1120278400,1001,1935,1935,60,60,FWD,13,58,1,ZONE,0
C3B93D0B,1119901,1120279.399,1120279399,999,1938,1935,60,60,FWD,13,58,1,ZONE,0
C3B93D0B,1119902,1120280.401,1120280401,1002,1933,1935,60,60,FWD,13,58,1,ZONE,0
C3B93D0B,1119903,1120281.785,1120281785,1384,1930,1935,60,60,FWD,45,58,1,ZONE,0
C3B93D0B,1119904,1120282.399,1120282399,614,1934,1935,60,60,FWD,13,58,1,ZONE,0
C3B93D0B,1119905,1120283.400,1120283400,1001,1933,1935,60,60,FWD,13,58,1,ZONE,0
C3B93D0B,1119906,1120284.399,1120284399,999,1931,1935,60,60,FWD,13,58,1,ZONE,0
C3B93D0B,1119907,1120285.400,1120285400,1001,1934,1935,60,60,FWD,13,58,1,ZONE,0
C3B93D0B,1119908,1120286.399,1120286399,999,1935,1935,60,60,FWD,13,58,1,ZONE,0
C3B93D0B,1119909,1120287.400,1120287400,1001,1935,1935,60,60,FWD,13,58,1,ZONE,0
C3B93D0B,1119910,1120288.399,1120288399,999,1932,1935,60,60,FWD,13,58,1,ZONE,0
C3B93D0B,1119911,1120289.400,1120289400,1001,1933,1935,60,60,FWD,13,58,1,ZONE,0
C3B93D0B,1119912,1120290.399,1120290399,999,1934,1935,60,60,FWD,13,58,1,ZONE,0
C3B93D0B,1119913,1120291.401,1120291401,1002,1935,1935,60,60,FWD,13,58,1,ZONE,0
C3B93D0B,1119914,1120292.400,1120292400,999,1935,1935,60,60,FWD,13,58,1,ZONE,0
C3B93D0B,1119915,1120293.400,1120293400,1000,1933,1935,60,60,FWD,13,58,1,ZONE,0
C3B93D0B,1119916,1120294.399,1120294399,999,1935,1935,60,60,FWD,13,58,1,ZONE,0
C3B93D0B,1119917,1120295.400,1120295400,1001,1933,1935,60,60,FWD,13,58,1,ZONE,0
C3B93D0B,1119918,1120296.399,1120296399,999,1935,1935,60,60,FWD,13,58,1,ZONE,0
C3B93D0B,1119919,1120297.400,1120297400,1001,1933,1935,60,60,FWD,13,58,1,ZONE,0
C3B93D0B,1119920,1120298.399,1120298399,999,1934,1935,60,60,FWD,13,58,1,ZONE,0
C3B93D0B,1119921,1120299.400,1120299400,1001,1935,1935,60,60,FWD,13,58,1,ZONE,0
C3B93D0B,1119922,1120300.399,1120300399,999,1933,1935,60,60,FWD,13,58,1,ZONE,0
C3B93D0B,1119923,1120301.401,1120301401,1002,1933,1935,60,60,FWD,13,58,1,ZONE,0
C3B93D0B,1119924,1120302.399,1120302399,998,1933,1935,60,60,FWD,13,58,1,ZONE,0
C3B93D0B,1119925,1120303.400,1120303400,1001,1931,1935,60,60,FWD,13,58,1,ZONE,0
C3B93D0B,1119926,1120304.399,1120304399,999,1934,1935,60,60,FWD,13,58,1,ZONE,0
C3B93D0B,1119927,1120305.404,1120305404,1005,1934,1935,60,60,FWD,13,58,1,ZONE,0
C3B93D0B,1119928,1120306.399,1120306399,995,1933,1935,60,60,FWD,13,58,1,ZONE,0
C3B93D0B,1119929,1120307.400,1120307400,1001,1934,1935,60,60,FWD,13,58,1,ZONE,0
C3B93D0B,1119930,1120308.399,1120308399,999,1935,1935,60,60,FWD,13,58,1,ZONE,0
C3B93D0B,1119931,1120309.400,1120309400,1001,1935,1935,60,60,FWD,13,58,1,ZONE,0
C3B93D0B,1119932,1120310.399,1120310399,999,1935,1935,60,60,FWD,13,58,1,ZONE,0
C3B93D0B,1119933,1120311.401,1120311401,1002,1932,1935,60,60,FWD,13,58,1,ZONE,0
C3B93D0B,1119934,1120312.399,1120312399,998,1935,1935,60,60,FWD,13,58,1,ZONE,0
C3B93D0B,1119935,1120313.400,1120313400,1001,1934,1935,60,60,FWD,13,58,1,ZONE,0
C3B93D0B,1119936,1120314.399,1120314399,999,1935,1935,60,60,FWD,13,58,1,ZONE,0
C3B93D0B,1119937,1120315.400,1120315400,1001,1934,1935,60,60,FWD,13,58,1,ZONE,0
C3B93D0B,1119938,1120316.399,1120316399,999,1935,1935,60,60,FWD,13,58,1,ZONE,0
C3B93D0B,1119939,1120317.400,1120317400,1001,1934,1935,60,60,FWD,13,58,1,ZONE,0
C3B93D0B,1119940,1120318.399,1120318399,999,1934,1935,60,60,FWD,13,58,1,ZONE,0
C3B93D0B,1119941,1120319.400,1120319400,1001,1933,1935,60,60,FWD,13,58,1,ZONE,0
C3B93D0B,1119942,1120320.399,1120320399,999,1934,1935,60,60,FWD,13,58,1,ZONE,0
C3B93D0B,1119943,1120321.401,1120321401,1002,1931,1935,60,60,FWD,13,58,1,ZONE,0
C3B93D0B,1119944,1120322.399,1120322399,998,1934,1935,60,60,FWD,13,58,1,ZONE,0
C3B93D0B,1119945,1120323.400,1120323400,1001,1935,1935,60,60,FWD,13,58,1,ZONE,0
C3B93D0B,1119946,1120324.399,1120324399,999,1934,1935,60,60,FWD,13,58,1,ZONE,0
C3B93D0B,1119947,1120325.400,1120325400,1001,1935,1935,60,60,FWD,13,58,1,ZONE,0
C3B93D0B,1119948,1120326.399,1120326399,999,1934,1935,60,60,FWD,13,58,1,ZONE,0
C3B93D0B,1119949,1120327.400,1120327400,1001,1933,1935,60,60,FWD,13,58,1,ZONE,0
C3B93D0B,1119950,1120328.399,1120328399,999,1934,1935,60,60,FWD,13,58,1,ZONE,0
C3B93D0B,1119951,1120329.400,1120329400,1001,1933,1935,60,60,FWD,13,58,1,ZONE,0
C3B93D0B,1119952,1120330.399,1120330399,999,1934,1935,60,60,FWD,13,58,1,ZONE,0
C3B93D0B,1119953,1120331.401,1120331401,1002,1933,1935,60,60,FWD,13,58,1,ZONE,0
C3B93D0B,1119954,1120332.687,1120332687,1286,1934,1935,60,60,FWD,45,58,1,ZONE,0
C3B93D0B,1119955,1120333.400,1120333400,713,1935,1935,60,60,FWD,13,58,1,ZONE,0
C3B93D0B,1119956,1120334.399,1120334399,999,1934,1935,60,60,FWD,13,58,1,ZONE,0
C3B93D0B,1119957,1120335.400,1120335400,1001,1933,1935,60,60,FWD,13,58,1,ZONE,0
C3B93D0B,1119958,1120336.399,1120336399,999,1934,1935,60,60,FWD,13,58,1,ZONE,0
C3B93D0B,1119959,1120337.400,1120337400,1001,1934,1935,60,60,FWD,13,58,1,ZONE,0
C3B93D0B,1119960,1120338.565,1120338565,1165,1942,1935,60,60,FWD,13,58,1,ZONE,0
C3B93D0B,1119961,1120339.400,1120339400,835,1942,1935,60,60,FWD,13,58,1,ZONE,0
C3B93D0B,1119962,1120340.399,1120340399,999,1945,1935,60,60,FWD,13,58,1,ZONE,0
C3B93D0B,1119963,1120341.401,1120341401,1002,1941,1935,60,60,FWD,13,58,1,ZONE,0
C3B93D0B,1119964,1120342.558,1120342558,1157,1943,1935,60,60,FWD,13,58,1,ZONE,0
C3B93D0B,1119965,1120343.400,1120343400,842,1942,1935,60,60,FWD,13,58,1,ZONE,0
C3B93D0B,1119966,1120344.399,1120344399,999,1942,1935,60,60,FWD,13,58,1,ZONE,0
C3B93D0B,1119967,1120345.400,1120345400,1001,1941,1935,60,60,FWD,13,58,1,ZONE,0
C3B93D0B,1119968,1120346.399,1120346399,999,1942,1935,60,60,FWD,13,58,1,ZONE,0
C3B93D0B,1119969,1120347.400,1120347400,1001,1942,1935,60,60,FWD,13,58,1,ZONE,0
C3B93D0B,1119970,1120348.399,1120348399,999,1942,1935,60,60,FWD,13,58,1,ZONE,0
C3B93D0B,1119971,1120349.400,1120349400,1001,1941,1935,60,60,FWD,13,58,1,ZONE,0
C3B93D0B,1119972,1120350.399,1120350399,999,1941,1935,60,60,FWD,13,58,1,ZONE,0
C3B93D0B,1119973,1120351.401,1120351401,1002,1941,1935,60,60,FWD,13,58,1,ZONE,0
C3B93D0B,1119974,1120352.399,1120352399,998,1942,1935,60,60,FWD,13,58,1,ZONE,0
C3B93D0B,1119975,1120353.400,1120353400,1001,1939,1935,60,60,FWD,13,58,1,ZONE,0
C3B93D0B,1119976,1120354.399,1120354399,999,1941,1935,60,60,FWD,13,58,1,ZONE,0
C3B93D0B,1119977,1120355.400,1120355400,1001,1942,1935,60,60,FWD,13,58,1,ZONE,0
C3B93D0B,1119978,1120356.399,1120356399,999,1940,1935,60,60,FWD,13,58,1,ZONE,0
C3B93D0B,1119979,1120357.400,1120357400,1001,1941,1935,60,60,FWD,13,58,1,ZONE,0
C3B93D0B,1119980,1120358.399,1120358399,999,1939,1935,60,60,FWD,13,58,1,ZONE,0
C3B93D0B,1119981,1120359.400,1120359400,1001,1939,1935,60,60,FWD,13,58,1,ZONE,0
C3B93D0B,1119982,1120360.399,1120360399,999,1940,1935,60,60,FWD,13,58,1,ZONE,0
C3B93D0B,1119983,1120361.401,1120361401,1002,1941,1935,60,60,FWD,13,58,1,ZONE,0
C3B93D0B,1119984,1120362.399,1120362399,998,1941,1935,60,60,FWD,13,58,1,ZONE,0
C3B93D0B,1119985,1120363.400,1120363400,1001,1941,1935,60,60,FWD,13,58,1,ZONE,0
C3B93D0B,1119986,1120364.399,1120364399,999,1941,1935,60,60,FWD,13,58,1,ZONE,0
C3B93D0B,1119987,1120365.400,1120365400,1001,1941,1935,60,60,FWD,13,58,1,ZONE,0
C3B93D0B,1119988,1120366.399,1120366399,999,1942,1935,60,60,FWD,13,58,1,ZONE,0
C3B93D0B,1119989,1120367.400,1120367400,1001,1939,1935,60,60,FWD,13,58,1,ZONE,0
C3B93D0B,1119990,1120368.399,1120368399,999,1941,1935,60,60,FWD,13,58,1,ZONE,0
C3B93D0B,1119991,1120369.400,1120369400,1001,1939,1935,60,60,FWD,13,58,1,ZONE,0
C3B93D0B,1119992,1120370.399,1120370399,999,1942,1935,60,60,FWD,13,58,1,ZONE,0
C3B93D0B,1119993,1120371.401,1120371401,1002,1942,1935,60,60,FWD,13,58,1,ZONE,0
C3B93D0B,1119994,1120372.399,1120372399,998,1940,1935,60,60,FWD,13,58,1,ZONE,0
C3B93D0B,1119995,1120373.400,1120373400,1001,1941,1935,60,60,FWD,13,58,1,ZONE,0
C3B93D0B,1119996,1120374.399,1120374399,999,1941,1935,60,60,FWD,13,58,1,ZONE,0
C3B93D0B,1119997,1120375.400,1120375400,1001,1939,1935,60,60,FWD,13,58,1,ZONE,0
C3B93D0B,1119998,1120376.399,1120376399,999,1940,1935,60,60,FWD,13,58,1,ZONE,0
C3B93D0B,1119999,1120377.400,1120377400,1001,1941,1935,60,60,FWD,13,58,1,ZONE,0
C3B93D0B,1120000,1120378.508,1120378508,1108,1939,1935,60,60,FWD,13,58,1,ZONE,0
C3B93D0B,1120001,1120379.659,1120379659,1151,1939,1935,60,60,FWD,13,58,1,ZONE,0
C3B93D0B,1120002,1120380.399,1120380399,740,1940,1935,60,60,FWD,13,58,1,ZONE,0
C3B93D0B,1120003,1120381.401,1120381401,1002,1939,1935,60,60,FWD,13,58,1,ZONE,0
C3B93D0B,1120004,1120383.224,1120383224,1823,1933,1935,60,60,FWD,45,58,1,ZONE,0
C3B93D0B,1120005,1120383.541,1120383541,317,1931,1935,60,60,FWD,13,58,1,ZONE,0
C3B93D0B,1120006,1120384.400,1120384400,859,1931,1935,60,60,FWD,13,58,1,ZONE,0
C3B93D0B,1120007,1120385.399,1120385399,999,1931,1935,60,60,FWD,13,58,1,ZONE,0
C3B93D0B,1120008,1120386.480,1120386480,1081,1931,1935,60,60,FWD,13,58,1,ZONE,0
C3B93D0B,1120009,1120387.399,1120387399,919,1933,1935,60,60,FWD,13,58,1,ZONE,0
C3B93D0B,1120010,1120388.400,1120388400,1001,1933,1935,60,60,FWD,13,58,1,ZONE,0
C3B93D0B,1120011,1120389.399,1120389399,999,1931,1935,60,60,FWD,13,58,1,ZONE,0
C3B93D0B,1120012,1120390.400,1120390400,1001,1931,1935,60,60,FWD,13,58,1,ZONE,0
C3B93D0B,1120013,1120391.400,1120391400,1000,1933,1935,60,60,FWD,13,58,1,ZONE,0
C3B93D0B,1120014,1120392.400,1120392400,1000,1933,1935,60,60,FWD,13,58,1,ZONE,0
C3B93D0B,1120015,1120393.399,1120393399,999,1933,1935,60,60,FWD,13,58,1,ZONE,0
C3B93D0B,1120016,1120394.400,1120394400,1001,1935,1935,60,60,FWD,13,58,1,ZONE,0
C3B93D0B,1120017,1120395.399,1120395399,999,1931,1935,60,60,FWD,13,58,1,ZONE,0
C3B93D0B,1120018,1120396.400,1120396400,1001,1935,1935,60,60,FWD,13,58,1,ZONE,0
C3B93D0B,1120019,1120397.399,1120397399,999,1933,1935,60,60,FWD,13,58,1,ZONE,0
C3B93D0B,1120020,1120398.400,1120398400,1001,1933,1935,60,60,FWD,13,58,1,ZONE,0
C3B93D0B,1120021,1120399.399,1120399399,999,1934,1935,60,60,FWD,13,58,1,ZONE,0
C3B93D0B,1120022,1120400.400,1120400400,1001,1933,1935,60,60,FWD,13,58,1,ZONE,0
C3B93D0B,1120023,1120401.400,1120401400,1000,1933,1935,60,60,FWD,13,58,1,ZONE,0
C3B93D0B,1120024,1120402.400,1120402400,1000,1935,1935,60,60,FWD,13,58,1,ZONE,0
C3B93D0B,1120025,1120403.399,1120403399,999,1933,1935,60,60,FWD,13,58,1,ZONE,0
C3B93D0B,1120026,1120404.400,1120404400,1001,1931,1935,60,60,FWD,13,58,1,ZONE,0
C3B93D0B,1120027,1120405.399,1120405399,999,1934,1935,60,60,FWD,13,58,1,ZONE,0
C3B93D0B,1120028,1120406.400,1120406400,1001,1934,1935,60,60,FWD,13,58,1,ZONE,0
C3B93D0B,1120029,1120407.682,1120407682,1282,1935,1935,60,60,FWD,45,58,1,ZONE,0
C3B93D0B,1120030,1120408.400,1120408400,718,1931,1935,60,60,FWD,13,58,1,ZONE,0
C3B93D0B,1120031,1120409.399,1120409399,999,1934,1935,60,60,FWD,13,58,1,ZONE,0
C3B93D0B,1120032,1120410.400,1120410400,1001,1934,1935,60,60,FWD,13,58,1,ZONE,0
C3B93D0B,1120033,1120411.400,1120411400,1000,1934,1935,60,60,FWD,13,58,1,ZONE,0
C3B93D0B,1120034,1120412.400,1120412400,1000,1933,1935,60,60,FWD,13,58,1,ZONE,0
C3B93D0B,1120035,1120413.399,1120413399,999,1932,1935,60,60,FWD,13,58,1,ZONE,0
C3B93D0B,1120036,1120414.400,1120414400,1001,1933,1935,60,60,FWD,13,58,1,ZONE,0
C3B93D0B,1120037,1120415.399,1120415399,999,1934,1935,60,60,FWD,13,58,1,ZONE,0
C3B93D0B,1120038,1120416.400,1120416400,1001,1936,1935,60,60,FWD,13,58,1,ZONE,0
C3B93D0B,1120039,1120417.399,1120417399,999,1934,1935,60,60,FWD,13,58,1,ZONE,0
C3B93D0B,1120040,1120418.400,1120418400,1001,1934,1935,60,60,FWD,13,58,1,ZONE,0
C3B93D0B,1120041,1120419.399,1120419399,999,1933,1935,60,60,FWD,13,58,1,ZONE,0
C3B93D0B,1120042,1120420.400,1120420400,1001,1934,1935,60,60,FWD,13,58,1,ZONE,0
C3B93D0B,1120043,1120421.400,1120421400,1000,1934,1935,60,60,FWD,13,58,1,ZONE,0
C3B93D0B,1120044,1120422.400,1120422400,1000,1933,1935,60,60,FWD,13,58,1,ZONE,0
C3B93D0B,1120045,1120423.399,1120423399,999,1933,1935,60,60,FWD,13,58,1,ZONE,0
C3B93D0B,1120046,1120424.400,1120424400,1001,1933,1935,60,60,FWD,13,58,1,ZONE,0
C3B93D0B,1120047,1120425.399,1120425399,999,1933,1935,60,60,FWD,13,58,1,ZONE,0
C3B93D0B,1120048,1120426.400,1120426400,1001,1935,1935,60,60,FWD,13,58,1,ZONE,0
C3B93D0B,1120049,1120427.399,1120427399,999,1935,1935,60,60,FWD,13,58,1,ZONE,0
C3B93D0B,1120050,1120428.400,1120428400,1001,1934,1935,60,60,FWD,13,58,1,ZONE,0
C3B93D0B,1120051,1120429.399,1120429399,999,1933,1935,60,60,FWD,13,58,1,ZONE,0
C3B93D0B,1120052,1120430.400,1120430400,1001,1933,1935,60,60,FWD,13,58,1,ZONE,0
C3B93D0B,1120053,1120431.400,1120431400,1000,1931,1935,60,60,FWD,13,58,1,ZONE,0
C3B93D0B,1120054,1120432.400,1120432400,1000,1934,1935,60,60,FWD,13,58,1,ZONE,0
C3B93D0B,1120055,1120433.399,1120433399,999,1935,1935,60,60,FWD,13,58,1,ZONE,0
C3B93D0B,1120056,1120434.400,1120434400,1001,1934,1935,60,60,FWD,13,58,1,ZONE,0
C3B93D0B,1120057,1120435.399,1120435399,999,1934,1935,60,60,FWD,13,58,1,ZONE,0
C3B93D0B,1120058,1120436.400,1120436400,1001,1933,1935,60,60,FWD,13,58,1,ZONE,0
C3B93D0B,1120059,1120437.426,1120437426,1026,1933,1935,60,60,FWD,13,58,1,ZONE,0
C3B93D0B,1120060,1120438.400,1120438400,974,1932,1935,60,60,FWD,13,58,1,ZONE,0
C3B93D0B,1120061,1120439.399,1120439399,999,1934,1935,60,60,FWD,13,58,1,ZONE,0
C3B93D0B,1120062,1120440.400,1120440400,1001,1933,1935,60,60,FWD,13,58,1,ZONE,0
C3B93D0B,1120063,1120441.400,1120441400,1000,1934,1935,60,60,FWD,13,58,1,ZONE,0
C3B93D0B,1120064,1120442.626,1120442626,1226,1943,1935,60,60,FWD,13,58,1,ZONE,0
C3B93D0B,1120065,1120443.399,1120443399,773,1943,1935,60,60,FWD,13,58,1,ZONE,0
C3B93D0B,1120066,1120444.400,1120444400,1001,1943,1935,60,60,FWD,13,58,1,ZONE,0
C3B93D0B,1120067,1120445.399,1120445399,999,1942,1935,60,60,FWD,13,58,1,ZONE,0
C3B93D0B,1120068,1120446.400,1120446400,1001,1942,1935,60,60,FWD,13,58,1,ZONE,0
C3B93D0B,1120069,1120447.399,1120447399,999,1945,1935,60,60,FWD,13,58,1,ZONE,0
C3B93D0B,1120070,1120448.400,1120448400,1001,1943,1935,60,60,FWD,13,58,1,ZONE,0
C3B93D0B,1120071,1120449.399,1120449399,999,1942,1935,60,60,FWD,13,58,1,ZONE,0
C3B93D0B,1120072,1120450.400,1120450400,1001,1941,1935,60,60,FWD,13,58,1,ZONE,0
C3B93D0B,1120073,1120451.400,1120451400,1000,1939,1935,60,60,FWD,13,58,1,ZONE,0
C3B93D0B,1120074,1120452.400,1120452400,1000,1939,1935,60,60,FWD,13,58,1,ZONE,0
C3B93D0B,1120075,1120453.399,1120453399,999,1941,1935,60,60,FWD,13,58,1,ZONE,0
C3B93D0B,1120076,1120454.400,1120454400,1001,1941,1935,60,60,FWD,13,58,1,ZONE,0
C3B93D0B,1120077,1120455.399,1120455399,999,1941,1935,60,60,FWD,13,58,1,ZONE,0
C3B93D0B,1120078,1120456.400,1120456400,1001,1940,1935,60,60,FWD,13,58,1,ZONE,0
C3B93D0B,1120079,1120457.399,1120457399,999,1940,1935,60,60,FWD,13,58,1,ZONE,0
C3B93D0B,1120080,1120458.400,1120458400,1001,1941,1935,60,60,FWD,13,58,1,ZONE,0
C3B93D0B,1120081,1120459.399,1120459399,999,1941,1935,60,60,FWD,13,58,1,ZONE,0
C3B93D0B,1120082,1120460.400,1120460400,1001,1943,1935,60,60,FWD,13,58,1,ZONE,0
C3B93D0B,1120083,1120461.400,1120461400,1000,1939,1935,60,60,FWD,13,58,1,ZONE,0
C3B93D0B,1120084,1120462.400,1120462400,1000,1939,1935,60,60,FWD,13,58,1,ZONE,0
C3B93D0B,1120085,1120463.399,1120463399,999,1941,1935,60,60,FWD,13,58,1,ZONE,0
C3B93D0B,1120086,1120464.400,1120464400,1001,1940,1935,60,60,FWD,13,58,1,ZONE,0
C3B93D0B,1120087,1120465.399,1120465399,999,1942,1935,60,60,FWD,13,58,1,ZONE,0
C3B93D0B,1120088,1120466.400,1120466400,1001,1941,1935,60,60,FWD,13,58,1,ZONE,0
C3B93D0B,1120089,1120467.399,1120467399,999,1941,1935,60,60,FWD,13,58,1,ZONE,0
C3B93D0B,1120090,1120468.400,1120468400,1001,1941,1935,60,60,FWD,13,58,1,ZONE,0
C3B93D0B,1120091,1120469.399,1120469399,999,1942,1935,60,60,FWD,13,58,1,ZONE,0
C3B93D0B,1120092,1120470.400,1120470400,1001,1939,1935,60,60,FWD,13,58,1,ZONE,0
C3B93D0B,1120093,1120471.400,1120471400,1000,1939,1935,60,60,FWD,13,58,1,ZONE,0
C3B93D0B,1120094,1120472.400,1120472400,1000,1941,1935,60,60,FWD,13,58,1,ZONE,0
C3B93D0B,1120095,1120473.399,1120473399,999,1942,1935,60,60,FWD,13,58,1,ZONE,0
C3B93D0B,1120096,1120474.400,1120474400,1001,1941,1935,60,60,FWD,13,58,1,ZONE,0
C3B93D0B,1120097,1120475.399,1120475399,999,1941,1935,60,60,FWD,13,58,1,ZONE,0
C3B93D0B,1120098,1120476.400,1120476400,1001,1939,1935,60,60,FWD,13,58,1,ZONE,0
C3B93D0B,1120099,1120477.399,1120477399,999,1939,1935,60,60,FWD,13,58,1,ZONE,0
C3B93D0B,1120100,1120478.400,1120478400,1001,1941,1935,60,60,FWD,13,58,1,ZONE,0
C3B93D0B,1120101,1120479.399,1120479399,999,1939,1935,60,60,FWD,13,58,1,ZONE,0
C3B93D0B,1120102,1120480.400,1120480400,1001,1939,1935,60,60,FWD,13,58,1,ZONE,0
C3B93D0B,1120103,1120481.400,1120481400,1000,1939,1935,60,60,FWD,13,58,1,ZONE,0
C3B93D0B,1120104,1120483.153,1120483153,1753,1929,1935,60,60,FWD,45,58,1,ZONE,0
C3B93D0B,1120105,1120483.463,1120483463,310,1931,1935,60,60,FWD,13,58,1,ZONE,0
C3B93D0B,1120106,1120484.400,1120484400,937,1930,1935,60,60,FWD,13,58,1,ZONE,0
C3B93D0B,1120107,1120485.399,1120485399,999,1931,1935,60,60,FWD,13,58,1,ZONE,0
C3B93D0B,1120108,1120486.400,1120486400,1001,1931,1935,60,60,FWD,13,58,1,ZONE,0
C3B93D0B,1120109,1120487.399,1120487399,999,1931,1935,60,60,FWD,13,58,1,ZONE,0
C3B93D0B,1120110,1120488.400,1120488400,1001,1931,1935,60,60,FWD,13,58,1,ZONE,0
C3B93D0B,1120111,1120489.399,1120489399,999,1933,1935,60,60,FWD,13,58,1,ZONE,0
C3B93D0B,1120112,1120490.400,1120490400,1001,1934,1935,60,60,FWD,13,58,1,ZONE,0
C3B93D0B,1120113,1120491.400,1120491400,1000,1932,1935,60,60,FWD,13,58,1,ZONE,0
C3B93D0B,1120114,1120492.400,1120492400,1000,1932,1935,60,60,FWD,13,58,1,ZONE,0
C3B93D0B,1120115,1120493.399,1120493399,999,1933,1935,60,60,FWD,13,58,1,ZONE,0
C3B93D0B,1120116,1120494.400,1120494400,1001,1931,1935,60,60,FWD,13,58,1,ZONE,0
C3B93D0B,1120117,1120495.399,1120495399,999,1933,1935,60,60,FWD,13,58,1,ZONE,0
C3B93D0B,1120118,1120496.400,1120496400,1001,1931,1935,60,60,FWD,13,58,1,ZONE,0
C3B93D0B,1120119,1120497.399,1120497399,999,1934,1935,60,60,FWD,13,58,1,ZONE,0
C3B93D0B,1120120,1120498.400,1120498400,1001,1934,1935,60,60,FWD,13,58,1,ZONE,0
C3B93D0B,1120121,1120499.399,1120499399,999,1933,1935,60,60,FWD,13,58,1,ZONE,0
C3B93D0B,1120122,1120500.400,1120500400,1001,1932,1935,60,60,FWD,13,58,1,ZONE,0
C3B93D0B,1120123,1120501.400,1120501400,1000,1931,1935,60,60,FWD,13,58,1,ZONE,0
C3B93D0B,1120124,1120502.400,1120502400,1000,1933,1935,60,60,FWD,13,58,1,ZONE,0
C3B93D0B,1120125,1120503.399,1120503399,999,1934,1935,60,60,FWD,13,58,1,ZONE,0
C3B93D0B,1120126,1120504.514,1120504514,1115,1933,1935,60,60,FWD,13,58,1,ZONE,0
C3B93D0B,1120127,1120505.399,1120505399,885,1933,1935,60,60,FWD,13,58,1,ZONE,0
C3B93D0B,1120128,1120506.400,1120506400,1001,1933,1935,60,60,FWD,13,58,1,ZONE,0
C3B93D0B,1120129,1120507.399,1120507399,999,1934,1935,60,60,FWD,13,58,1,ZONE,0
C3B93D0B,1120130,1120508.400,1120508400,1001,1931,1935,60,60,FWD,13,58,1,ZONE,0
C3B93D0B,1120131,1120510.005,1120510005,1605,1933,1935,60,60,FWD,45,58,1,ZONE,0
C3B93D0B,1120132,1120510.894,1120510894,889,1931,1935,60,60,FWD,13,58,1,ZONE,0
C3B93D0B,1120133,1120511.400,1120511400,506,1932,1935,60,60,FWD,13,58,1,ZONE,0
C3B93D0B,1120134,1120512.400,1120512400,1000,1930,1935,60,60,FWD,13,58,1,ZONE,0
C3B93D0B,1120135,1120513.399,1120513399,999,1934,1935,60,60,FWD,13,58,1,ZONE,0
C3B93D0B,1120136,1120514.400,1120514400,1001,1933,1935,60,60,FWD,13,58,1,ZONE,0
C3B93D0B,1120137,1120515.399,1120515399,999,1933,1935,60,60,FWD,13,58,1,ZONE,0
C3B93D0B,1120138,1120516.400,1120516400,1001,1933,1935,60,60,FWD,13,58,1,ZONE,0
C3B93D0B,1120139,1120517.399,1120517399,999,1932,1935,60,60,FWD,13,58,1,ZONE,0
C3B93D0B,1120140,1120518.400,1120518400,1001,1934,1935,60,60,FWD,13,58,1,ZONE,0
C3B93D0B,1120141,1120519.399,1120519399,999,1934,1935,60,60,FWD,13,58,1,ZONE,0
C3B93D0B,1120142,1120520.400,1120520400,1001,1934,1935,60,60,FWD,13,58,1,ZONE,0
C3B93D0B,1120143,1120521.400,1120521400,1000,1935,1935,60,60,FWD,13,58,1,ZONE,0
C3B93D0B,1120144,1120522.400,1120522400,1000,1933,1935,60,60,FWD,13,58,1,ZONE,0
C3B93D0B,1120145,1120523.399,1120523399,999,1935,1935,60,60,FWD,13,58,1,ZONE,0
C3B93D0B,1120146,1120524.400,1120524400,1001,1932,1935,60,60,FWD,13,58,1,ZONE,0
C3B93D0B,1120147,1120525.399,1120525399,999,1933,1935,60,60,FWD,13,58,1,ZONE,0
C3B93D0B,1120148,1120526.400,1120526400,1001,1932,1935,60,60,FWD,13,58,1,ZONE,0
C3B93D0B,1120149,1120527.399,1120527399,999,1933,1935,60,60,FWD,13,58,1,ZONE,0
C3B93D0B,1120150,1120528.400,1120528400,1001,1933,1935,60,60,FWD,13,58,1,ZONE,0
C3B93D0B,1120151,1120529.399,1120529399,999,1935,1935,60,60,FWD,13,58,1,ZONE,0
C3B93D0B,1120152,1120530.400,1120530400,1001,1934,1935,60,60,FWD,13,58,1,ZONE,0
C3B93D0B,1120153,1120531.400,1120531400,1000,1933,1935,60,60,FWD,13,58,1,ZONE,0
C3B93D0B,1120154,1120532.400,1120532400,1000,1934,1935,60,60,FWD,13,58,1,ZONE,0
C3B93D0B,1120155,1120533.399,1120533399,999,1936,1935,60,60,FWD,13,58,1,ZONE,0
C3B93D0B,1120156,1120534.400,1120534400,1001,1933,1935,60,60,FWD,13,58,1,ZONE,0
C3B93D0B,1120157,1120535.399,1120535399,999,1933,1935,60,60,FWD,13,58,1,ZONE,0
C3B93D0B,1120158,1120536.400,1120536400,1001,1932,1935,60,60,FWD,13,58,1,ZONE,0
C3B93D0B,1120159,1120537.399,1120537399,999,1934,1935,60,60,FWD,13,58,1,ZONE,0
C3B93D0B,1120160,1120538.400,1120538400,1001,1934,1935,60,60,FWD,13,58,1,ZONE,0
C3B93D0B,1120161,1120539.399,1120539399,999,1933,1935,60,60,FWD,13,58,1,ZONE,0
C3B93D0B,1120162,1120540.400,1120540400,1001,1931,1935,60,60,FWD,13,58,1,ZONE,0
C3B93D0B,1120163,1120541.400,1120541400,1000,1933,1935,60,60,FWD,13,58,1,ZONE,0
C3B93D0B,1120164,1120542.400,1120542400,1000,1933,1935,60,60,FWD,13,58,1,ZONE,0
C3B93D0B,1120165,1120543.399,1120543399,999,1933,1935,60,60,FWD,13,58,1,ZONE,0
C3B93D0B,1120166,1120544.400,1120544400,1001,1931,1935,60,60,FWD,13,58,1,ZONE,0
C3B93D0B,1120167,1120545.399,1120545399,999,1932,1935,60,60,FWD,13,58,1,ZONE,0
C3B93D0B,1120168,1120546.400,1120546400,1001,1934,1935,60,60,FWD,13,58,1,ZONE,0
C3B93D0B,1120169,1120547.399,1120547399,999,1935,1935,60,60,FWD,13,58,1,ZONE,0
C3B93D0B,1120170,1120548.400,1120548400,1001,1934,1935,60,60,FWD,13,58,1,ZONE,0
C3B93D0B,1120171,1120549.399,1120549399,999,1934,1935,60,60,FWD,13,58,1,ZONE,0
C3B93D0B,1120172,1120550.400,1120550400,1001,1934,1935,60,60,FWD,13,58,1,ZONE,0
C3B93D0B,1120173,1120551.400,1120551400,1000,1933,1935,60,60,FWD,13,58,1,ZONE,0
C3B93D0B,1120174,1120552.400,1120552400,1000,1933,1935,60,60,FWD,13,58,1,ZONE,0
C3B93D0B,1120175,1120553.399,1120553399,999,1935,1935,60,60,FWD,13,58,1,ZONE,0
C3B93D0B,1120176,1120554.400,1120554400,1001,1935,1935,60,60,FWD,13,58,1,ZONE,0
C3B93D0B,1120177,1120555.399,1120555399,999,1934,1935,60,60,FWD,13,58,1,ZONE,0
C3B93D0B,1120178,1120556.400,1120556400,1001,1933,1935,60,60,FWD,13,58,1,ZONE,0
C3B93D0B,1120179,1120557.399,1120557399,999,1936,1935,60,60,FWD,13,58,1,ZONE,0
C3B93D0B,1120180,1120558.400,1120558400,1001,1933,1935,60,60,FWD,13,58,1,ZONE,0
C3B93D0B,1120181,1120559.399,1120559399,999,1931,1935,60,60,FWD,13,58,1,ZONE,0
C3B93D0B,1120182,1120560.400,1120560400,1001,1933,1935,60,60,FWD,13,58,1,ZONE,0
C3B93D0B,1120183,1120561.453,1120561453,1053,1935,1935,60,60,FWD,13,58,1,ZONE,0
C3B93D0B,1120184,1120562.400,1120562400,947,1934,1935,60,60,FWD,13,58,1,ZONE,0
C3B93D0B,1120185,1120563.399,1120563399,999,1933,1935,60,60,FWD,13,58,1,ZONE,0
C3B93D0B,1120186,1120564.400,1120564400,1001,1933,1935,60,60,FWD,13,58,1,ZONE,0
C3B93D0B,1120187,1120565.399,1120565399,999,1933,1935,60,60,FWD,13,58,1,ZONE,0
C3B93D0B,1120188,1120566.671,1120566671,1272,1942,1935,60,60,FWD,45,58,1,ZONE,0
C3B93D0B,1120189,1120567.399,1120567399,728,1942,1935,60,60,FWD,13,58,1,ZONE,0
C3B93D0B,1120190,1120568.400,1120568400,1001,1942,1935,60,60,FWD,13,58,1,ZONE,0
C3B93D0B,1120191,1120569.399,1120569399,999,1943,1935,60,60,FWD,13,58,1,ZONE,0
C3B93D0B,1120192,1120570.400,1120570400,1001,1941,1935,60,60,FWD,13,58,1,ZONE,0
C3B93D0B,1120193,1120571.400,1120571400,1000,1938,1935,60,60,FWD,13,58,1,ZONE,0
C3B93D0B,1120194,1120572.400,1120572400,1000,1941,1935,60,60,FWD,13,58,1,ZONE,0
C3B93D0B,1120195,1120573.399,1120573399,999,1941,1935,60,60,FWD,13,58,1,ZONE,0
C3B93D0B,1120196,1120574.400,1120574400,1001,1940,1935,60,60,FWD,13,58,1,ZONE,0
C3B93D0B,1120197,1120575.399,1120575399,999,1941,1935,60,60,FWD,13,58,1,ZONE,0
C3B93D0B,1120198,1120576.400,1120576400,1001,1940,1935,60,60,FWD,13,58,1,ZONE,0
C3B93D0B,1120199,1120577.399,1120577399,999,1941,1935,60,60,FWD,13,58,1,ZONE,0
C3B93D0B,1120200,1120578.400,1120578400,1001,1942,1935,60,60,FWD,13,58,1,ZONE,0
C3B93D0B,1120201,1120579.399,1120579399,999,1941,1935,60,60,FWD,13,58,1,ZONE,0
C3B93D0B,1120202,1120580.400,1120580400,1001,1939,1935,60,60,FWD,13,58,1,ZONE,0
C3B93D0B,1120203,1120581.400,1120581400,1000,1940,1935,60,60,FWD,13,58,1,ZONE,0
C3B93D0B,1120204,1120583.146,1120583146,1746,1929,1935,60,60,FWD,45,58,1,ZONE,0
C3B93D0B,1120205,1120583.467,1120583467,321,1930,1935,60,60,FWD,13,58,1,ZONE,0
C3B93D0B,1120206,1120584.400,1120584400,933,1931,1935,60,60,FWD,13,58,1,ZONE,0
C3B93D0B,1120207,1120585.399,1120585399,999,1931,1935,60,60,FWD,13,58,1,ZONE,0
C3B93D0B,1120208,1120586.400,1120586400,1001,1932,1935,60,60,FWD,13,58,1,ZONE,0
C3B93D0B,1120209,1120587.399,1120587399,999,1934,1935,60,60,FWD,13,58,1,ZONE,0
C3B93D0B,1120210,1120588.400,1120588400,1001,1933,1935,60,60,FWD,13,58,1,ZONE,0
C3B93D0B,1120211,1120589.399,1120589399,999,1932,1935,60,60,FWD,13,58,1,ZONE,0
C3B93D0B,1120212,1120590.400,1120590400,1001,1933,1935,60,60,FWD,13,58,1,ZONE,0
C3B93D0B,1120213,1120591.400,1120591400,1000,1931,1935,60,60,FWD,13,58,1,ZONE,0
C3B93D0B,1120214,1120592.528,1120592528,1128,1932,1935,60,60,FWD,13,58,1,ZONE,0
C3B93D0B,1120215,1120593.399,1120593399,871,1932,1935,60,60,FWD,13,58,1,ZONE,0
C3B93D0B,1120216,1120594.400,1120594400,1001,1933,1935,60,60,FWD,13,58,1,ZONE,0
C3B93D0B,1120217,1120595.399,1120595399,999,1935,1935,60,60,FWD,13,58,1,ZONE,0
C3B93D0B,1120218,1120596.400,1120596400,1001,1934,1935,60,60,FWD,13,58,1,ZONE,0
C3B93D0B,1120219,1120597.399,1120597399,999,1933,1935,60,60,FWD,13,58,1,ZONE,0
C3B93D0B,1120220,1120598.400,1120598400,1001,1932,1935,60,60,FWD,13,58,1,ZONE,0
C3B93D0B,1120221,1120599.399,1120599399,999,1935,1935,60,60,FWD,13,58,1,ZONE,0
C3B93D0B,1120222,1120600.400,1120600400,1001,1933,1935,60,60,FWD,13,58,1,ZONE,0
C3B93D0B,1120223,1120601.400,1120601400,1000,1934,1935,60,60,FWD,13,58,1,ZONE,0
C3B93D0B,1120224,1120602.400,1120602400,1000,1934,1935,60,60,FWD,13,58,1,ZONE,0
C3B93D0B,1120225,1120603.399,1120603399,999,1932,1935,60,60,FWD,13,58,1,ZONE,0
C3B93D0B,1120226,1120604.400,1120604400,1001,1932,1935,60,60,FWD,13,58,1,ZONE,0
C3B93D0B,1120227,1120605.399,1120605399,999,1933,1935,60,60,FWD,13,58,1,ZONE,0
C3B93D0B,1120228,1120606.400,1120606400,1001,1933,1935,60,60,FWD,13,58,1,ZONE,0
C3B93D0B,1120229,1120607.399,1120607399,999,1933,1935,60,60,FWD,13,58,1,ZONE,0
C3B93D0B,1120230,1120608.400,1120608400,1001,1933,1935,60,60,FWD,13,58,1,ZONE,0
C3B93D0B,1120231,1120609.399,1120609399,999,1935,1935,60,60,FWD,13,58,1,ZONE,0
C3B93D0B,1120232,1120610.400,1120610400,1001,1933,1935,60,60,FWD,13,58,1,ZONE,0
C3B93D0B,1120233,1120611.400,1120611400,1000,1933,1935,60,60,FWD,13,58,1,ZONE,0
C3B93D0B,1120234,1120612.404,1120612404,1004,1934,1935,60,60,FWD,13,58,1,ZONE,0
C3B93D0B,1120235,1120613.643,1120613643,1239,1932,1935,60,60,FWD,13,58,1,ZONE,0
C3B93D0B,1120236,1120614.400,1120614400,757,1934,1935,60,60,FWD,13,58,1,ZONE,0
C3B93D0B,1120237,1120615.399,1120615399,999,1933,1935,60,60,FWD,13,58,1,ZONE,0
C3B93D0B,1120238,1120616.400,1120616400,1001,1934,1935,60,60,FWD,13,58,1,ZONE,0
C3B93D0B,1120239,1120617.399,1120617399,999,1933,1935,60,60,FWD,13,58,1,ZONE,0
C3B93D0B,1120240,1120618.400,1120618400,1001,1934,1935,60,60,FWD,13,58,1,ZONE,0
C3B93D0B,1120241,1120619.399,1120619399,999,1934,1935,60,60,FWD,13,58,1,ZONE,0
C3B93D0B,1120242,1120620.400,1120620400,1001,1933,1935,60,60,FWD,13,58,1,ZONE,0
C3B93D0B,1120243,1120621.400,1120621400,1000,1934,1935,60,60,FWD,13,58,1,ZONE,0
C3B93D0B,1120244,1120622.400,1120622400,1000,1932,1935,60,60,FWD,13,58,1,ZONE,0
C3B93D0B,1120245,1120623.399,1120623399,999,1934,1935,60,60,FWD,13,58,1,ZONE,0
C3B93D0B,1120246,1120624.400,1120624400,1001,1934,1935,60,60,FWD,13,58,1,ZONE,0
C3B93D0B,1120247,1120625.399,1120625399,999,1933,1935,60,60,FWD,13,58,1,ZONE,0
C3B93D0B,1120248,1120626.400,1120626400,1001,1934,1935,60,60,FWD,13,58,1,ZONE,0
C3B93D0B,1120249,1120627.399,1120627399,999,1931,1935,60,60,FWD,13,58,1,ZONE,0
C3B93D0B,1120250,1120628.400,1120628400,1001,1933,1935,60,60,FWD,13,58,1,ZONE,0
C3B93D0B,1120251,1120629.399,1120629399,999,1934,1935,60,60,FWD,13,58,1,ZONE,0
C3B93D0B,1120252,1120630.400,1120630400,1001,1934,1935,60,60,FWD,13,58,1,ZONE,0
C3B93D0B,1120253,1120631.400,1120631400,1000,1935,1935,60,60,FWD,13,58,1,ZONE,0
C3B93D0B,1120254,1120632.400,1120632400,1000,1934,1935,60,60,FWD,13,58,1,ZONE,0
C3B93D0B,1120255,1120633.399,1120633399,999,1934,1935,60,60,FWD,13,58,1,ZONE,0
C3B93D0B,1120256,1120634.400,1120634400,1001,1935,1935,60,60,FWD,13,58,1,ZONE,0
C3B93D0B,1120257,1120635.399,1120635399,999,1934,1935,60,60,FWD,13,58,1,ZONE,0
C3B93D0B,1120258,1120636.400,1120636400,1001,1934,1935,60,60,FWD,13,58,1,ZONE,0
C3B93D0B,1120259,1120637.399,1120637399,999,1935,1935,60,60,FWD,13,58,1,ZONE,0
C3B93D0B,1120260,1120638.400,1120638400,1001,1935,1935,60,60,FWD,13,58,1,ZONE,0
C3B93D0B,1120261,1120639.399,1120639399,999,1931,1935,60,60,FWD,13,58,1,ZONE,0
C3B93D0B,1120262,1120640.400,1120640400,1001,1935,1935,60,60,FWD,13,58,1,ZONE,0
C3B93D0B,1120263,1120641.400,1120641400,1000,1935,1935,60,60,FWD,13,58,1,ZONE,0
C3B93D0B,1120264,1120642.400,1120642400,1000,1934,1935,60,60,FWD,13,58,1,ZONE,0
C3B93D0B,1120265,1120643.399,1120643399,999,1933,1935,60,60,FWD,13,58,1,ZONE,0
C3B93D0B,1120266,1120644.400,1120644400,1001,1936,1935,60,60,FWD,13,58,1,ZONE,0
C3B93D0B,1120267,1120645.399,1120645399,999,1936,1935,60,60,FWD,13,58,1,ZONE,0
C3B93D0B,1120268,1120646.400,1120646400,1001,1933,1935,60,60,FWD,13,58,1,ZONE,0
C3B93D0B,1120269,1120647.399,1120647399,999,1934,1935,60,60,FWD,13,58,1,ZONE,0
C3B93D0B,1120270,1120648.400,1120648400,1001,1935,1935,60,60,FWD,13,58,1,ZONE,0
C3B93D0B,1120271,1120649.399,1120649399,999,1934,1935,60,60,FWD,13,58,1,ZONE,0
C3B93D0B,1120272,1120650.400,1120650400,1001,1933,1935,60,60,FWD,13,58,1,ZONE,0
C3B93D0B,1120273,1120651.400,1120651400,1000,1933,1935,60,60,FWD,13,58,1,ZONE,0
C3B93D0B,1120274,1120652.400,1120652400,1000,1933,1935,60,60,FWD,13,58,1,ZONE,0
C3B93D0B,1120275,1120653.399,1120653399,999,1935,1935,60,60,FWD,13,58,1,ZONE,0
C3B93D0B,1120276,1120654.400,1120654400,1001,1933,1935,60,60,FWD,13,58,1,ZONE,0
C3B93D0B,1120277,1120655.399,1120655399,999,1934,1935,60,60,FWD,13,58,1,ZONE,0
C3B93D0B,1120278,1120656.400,1120656400,1001,1932,1935,60,60,FWD,13,58,1,ZONE,0
C3B93D0B,1120279,1120657.399,1120657399,999,1933,1935,60,60,FWD,13,58,1,ZONE,0
C3B93D0B,1120280,1120658.400,1120658400,1001,1933,1935,60,60,FWD,13,58,1,ZONE,0
C3B93D0B,1120281,1120659.399,1120659399,999,1933,1935,60,60,FWD,13,58,1,ZONE,0
C3B93D0B,1120282,1120660.400,1120660400,1001,1933,1935,60,60,FWD,13,58,1,ZONE,0
C3B93D0B,1120283,1120661.400,1120661400,1000,1933,1935,60,60,FWD,13,58,1,ZONE,0
C3B93D0B,1120284,1120662.400,1120662400,1000,1933,1935,60,60,FWD,13,58,1,ZONE,0
C3B93D0B,1120285,1120663.399,1120663399,999,1934,1935,60,60,FWD,13,58,1,ZONE,0
C3B93D0B,1120286,1120664.400,1120664400,1001,1933,1935,60,60,FWD,13,58,1,ZONE,0
C3B93D0B,1120287,1120665.402,1120665402,1002,1934,1935,60,60,FWD,13,58,1,ZONE,0
C3B93D0B,1120288,1120666.400,1120666400,998,1933,1935,60,60,FWD,13,58,1,ZONE,0
C3B93D0B,1120289,1120667.399,1120667399,999,1936,1935,60,60,FWD,13,58,1,ZONE,0
C3B93D0B,1120290,1120668.400,1120668400,1001,1933,1935,60,60,FWD,13,58,1,ZONE,0
C3B93D0B,1120291,1120669.399,1120669399,999,1932,1935,60,60,FWD,13,58,1,ZONE,0
C3B93D0B,1120292,1120670.400,1120670400,1001,1932,1935,60,60,FWD,13,58,1,ZONE,0
C3B93D0B,1120293,1120671.400,1120671400,1000,1934,1935,60,60,FWD,13,58,1,ZONE,0
C3B93D0B,1120294,1120672.400,1120672400,1000,1933,1935,60,60,FWD,13,58,1,ZONE,0
C3B93D0B,1120295,1120673.678,1120673678,1278,1943,1935,60,60,FWD,45,58,1,ZONE,0
C3B93D0B,1120296,1120674.400,1120674400,722,1943,1935,60,60,FWD,13,58,1,ZONE,0
C3B93D0B,1120297,1120675.399,1120675399,999,1942,1935,60,60,FWD,13,58,1,ZONE,0
C3B93D0B,1120298,1120676.400,1120676400,1001,1941,1935,60,60,FWD,13,58,1,ZONE,0
C3B93D0B,1120299,1120677.399,1120677399,999,1942,1935,60,60,FWD,13,58,1,ZONE,0
C3B93D0B,1120300,1120678.400,1120678400,1001,1939,1935,60,60,FWD,13,58,1,ZONE,0
C3B93D0B,1120301,1120679.399,1120679399,999,1941,1935,60,60,FWD,13,58,1,ZONE,0
C3B93D0B,1120302,1120680.400,1120680400,1001,1941,1935,60,60,FWD,13,58,1,ZONE,0
C3B93D0B,1120303,1120681.400,1120681400,1000,1942,1935,60,60,FWD,13,58,1,ZONE,0
C3B93D0B,1120304,1120683.155,1120683155,1755,1932,1935,60,60,FWD,45,58,1,ZONE,0
C3B93D0B,1120305,1120683.470,1120683470,315,1932,1935,60,60,FWD,13,58,1,ZONE,0
C3B93D0B,1120306,1120684.400,1120684400,930,1931,1935,60,60,FWD,13,58,1,ZONE,0
C3B93D0B,1120307,1120685.399,1120685399,999,1931,1935,60,60,FWD,13,58,1,ZONE,0
C3B93D0B,1120308,1120686.403,1120686403,1004,1930,1935,60,60,FWD,13,58,1,ZONE,0
C3B93D0B,1120309,1120687.399,1120687399,996,1931,1935,60,60,FWD,13,58,1,ZONE,0
C3B93D0B,1120310,1120688.400,1120688400,1001,1935,1935,60,60,FWD,13,58,1,ZONE,0
C3B93D0B,1120311,1120689.399,1120689399,999,1934,1935,60,60,FWD,13,58,1,ZONE,0
C3B93D0B,1120312,1120690.400,1120690400,1001,1931,1935,60,60,FWD,13,58,1,ZONE,0
C3B93D0B,1120313,1120691.400,1120691400,1000,1933,1935,60,60,FWD,13,58,1,ZONE,0
C3B93D0B,1120314,1120692.400,1120692400,1000,1933,1935,60,60,FWD,13,58,1,ZONE,0
C3B93D0B,1120315,1120693.399,1120693399,999,1934,1935,60,60,FWD,13,58,1,ZONE,0
C3B93D0B,1120316,1120694.400,1120694400,1001,1933,1935,60,60,FWD,13,58,1,ZONE,0
C3B93D0B,1120317,1120695.399,1120695399,999,1933,1935,60,60,FWD,13,58,1,ZONE,0
C3B93D0B,1120318,1120696.400,1120696400,1001,1933,1935,60,60,FWD,13,58,1,ZONE,0
C3B93D0B,1120319,1120697.399,1120697399,999,1932,1935,60,60,FWD,13,58,1,ZONE,0
C3B93D0B,1120320,1120698.400,1120698400,1001,1929,1935,60,60,FWD,13,58,1,ZONE,0
C3B93D0B,1120321,1120699.399,1120699399,999,1931,1935,60,60,FWD,13,58,1,ZONE,0
C3B93D0B,1120322,1120700.400,1120700400,1001,1933,1935,60,60,FWD,13,58,1,ZONE,0
C3B93D0B,1120323,1120701.400,1120701400,1000,1934,1935,60,60,FWD,13,58,1,ZONE,0
C3B93D0B,1120324,1120702.400,1120702400,1000,1931,1935,60,60,FWD,13,58,1,ZONE,0
C3B93D0B,1120325,1120703.399,1120703399,999,1932,1935,60,60,FWD,13,58,1,ZONE,0
C3B93D0B,1120326,1120704.400,1120704400,1001,1933,1935,60,60,FWD,13,58,1,ZONE,0
C3B93D0B,1120327,1120705.399,1120705399,999,1935,1935,60,60,FWD,13,58,1,ZONE,0
C3B93D0B,1120328,1120706.400,1120706400,1001,1933,1935,60,60,FWD,13,58,1,ZONE,0
C3B93D0B,1120329,1120707.399,1120707399,999,1933,1935,60,60,FWD,13,58,1,ZONE,0
C3B93D0B,1120330,1120708.400,1120708400,1001,1933,1935,60,60,FWD,13,58,1,ZONE,0
C3B93D0B,1120331,1120709.399,1120709399,999,1931,1935,60,60,FWD,13,58,1,ZONE,0
C3B93D0B,1120332,1120710.400,1120710400,1001,1934,1935,60,60,FWD,13,58,1,ZONE,0
C3B93D0B,1120333,1120711.400,1120711400,1000,1931,1935,60,60,FWD,13,58,1,ZONE,0
C3B93D0B,1120334,1120712.400,1120712400,1000,1934,1935,60,60,FWD,13,58,1,ZONE,0
C3B93D0B,1120335,1120713.399,1120713399,999,1933,1935,60,60,FWD,13,58,1,ZONE,0
C3B93D0B,1120336,1120714.700,1120714700,1301,1934,1935,60,60,FWD,45,58,1,ZONE,0
C3B93D0B,1120337,1120715.399,1120715399,699,1935,1935,60,60,FWD,13,58,1,ZONE,0
C3B93D0B,1120338,1120716.400,1120716400,1001,1931,1935,60,60,FWD,13,58,1,ZONE,0
C3B93D0B,1120339,1120717.399,1120717399,999,1934,1935,60,60,FWD,13,58,1,ZONE,0
C3B93D0B,1120340,1120718.400,1120718400,1001,1933,1935,60,60,FWD,13,58,1,ZONE,0
C3B93D0B,1120341,1120719.399,1120719399,999,1931,1935,60,60,FWD,13,58,1,ZONE,0
C3B93D0B,1120342,1120720.400,1120720400,1001,1933,1935,60,60,FWD,13,58,1,ZONE,0
C3B93D0B,1120343,1120721.400,1120721400,1000,1934,1935,60,60,FWD,13,58,1,ZONE,0
C3B93D0B,1120344,1120722.400,1120722400,1000,1931,1935,60,60,FWD,13,58,1,ZONE,0
C3B93D0B,1120345,1120723.399,1120723399,999,1933,1935,60,60,FWD,13,58,1,ZONE,0
C3B93D0B,1120346,1120724.400,1120724400,1001,1932,1935,60,60,FWD,13,58,1,ZONE,0
C3B93D0B,1120347,1120725.399,1120725399,999,1933,1935,60,60,FWD,13,58,1,ZONE,0
C3B93D0B,1120348,1120726.400,1120726400,1001,1934,1935,60,60,FWD,13,58,1,ZONE,0
C3B93D0B,1120349,1120727.399,1120727399,999,1933,1935,60,60,FWD,13,58,1,ZONE,0
C3B93D0B,1120350,1120728.400,1120728400,1001,1932,1935,60,60,FWD,13,58,1,ZONE,0
C3B93D0B,1120351,1120729.399,1120729399,999,1933,1935,60,60,FWD,13,58,1,ZONE,0
C3B93D0B,1120352,1120730.400,1120730400,1001,1931,1935,60,60,FWD,13,58,1,ZONE,0
C3B93D0B,1120353,1120731.400,1120731400,1000,1932,1935,60,60,FWD,13,58,1,ZONE,0
C3B93D0B,1120354,1120732.400,1120732400,1000,1932,1935,60,60,FWD,13,58,1,ZONE,0
C3B93D0B,1120355,1120733.399,1120733399,999,1931,1935,60,60,FWD,13,58,1,ZONE,0
C3B93D0B,1120356,1120734.400,1120734400,1001,1935,1935,60,60,FWD,13,58,1,ZONE,0
C3B93D0B,1120357,1120735.399,1120735399,999,1934,1935,60,60,FWD,13,58,1,ZONE,0
C3B93D0B,1120358,1120736.400,1120736400,1001,1932,1935,60,60,FWD,13,58,1,ZONE,0
C3B93D0B,1120359,1120737.399,1120737399,999,1933,1935,60,60,FWD,13,58,1,ZONE,0
C3B93D0B,1120360,1120738.400,1120738400,1001,1934,1935,60,60,FWD,13,58,1,ZONE,0
C3B93D0B,1120361,1120739.399,1120739399,999,1934,1935,60,60,FWD,13,58,1,ZONE,0
C3B93D0B,1120362,1120740.400,1120740400,1001,1932,1935,60,60,FWD,13,58,1,ZONE,0
C3B93D0B,1120363,1120741.400,1120741400,1000,1933,1935,60,60,FWD,13,58,1,ZONE,0
C3B93D0B,1120364,1120742.400,1120742400,1000,1930,1935,60,60,FWD,13,58,1,ZONE,0
C3B93D0B,1120365,1120743.402,1120743402,1002,1931,1935,60,60,FWD,13,58,1,ZONE,0
C3B93D0B,1120366,1120744.400,1120744400,998,1927,1935,60,60,FWD,13,58,1,ZONE,0
C3B93D0B,1120367,1120745.400,1120745400,1000,1933,1935,60,60,FWD,13,58,1,ZONE,0
C3B93D0B,1120368,1120746.400,1120746400,1000,1932,1935,60,60,FWD,13,58,1,ZONE,0
C3B93D0B,1120369,1120747.399,1120747399,999,1932,1935,60,60,FWD,13,58,1,ZONE,0
C3B93D0B,1120370,1120748.400,1120748400,1001,1932,1935,60,60,FWD,13,58,1,ZONE,0
C3B93D0B,1120371,1120749.399,1120749399,999,1931,1935,60,60,FWD,13,58,1,ZONE,0
C3B93D0B,1120372,1120750.400,1120750400,1001,1934,1935,60,60,FWD,13,58,1,ZONE,0
C3B93D0B,1120373,1120751.399,1120751399,999,1934,1935,60,60,FWD,13,58,1,ZONE,0
C3B93D0B,1120374,1120752.401,1120752401,1002,1931,1935,60,60,FWD,13,58,1,ZONE,0
C3B93D0B,1120375,1120753.399,1120753399,998,1931,1935,60,60,FWD,13,58,1,ZONE,0
C3B93D0B,1120376,1120754.400,1120754400,1001,1931,1935,60,60,FWD,13,58,1,ZONE,0
C3B93D0B,1120377,1120755.399,1120755399,999,1933,1935,60,60,FWD,13,58,1,ZONE,0
C3B93D0B,1120378,1120756.400,1120756400,1001,1934,1935,60,60,FWD,13,58,1,ZONE,0
C3B93D0B,1120379,1120757.399,1120757399,999,1931,1935,60,60,FWD,13,58,1,ZONE,0
C3B93D0B,1120380,1120758.400,1120758400,1001,1931,1935,60,60,FWD,13,58,1,ZONE,0
C3B93D0B,1120381,1120759.399,1120759399,999,1930,1935,60,60,FWD,13,58,1,ZONE,0
C3B93D0B,1120382,1120760.400,1120760400,1001,1931,1935,60,60,FWD,13,58,1,ZONE,0
C3B93D0B,1120383,1120761.399,1120761399,999,1932,1935,60,60,FWD,13,58,1,ZONE,0
C3B93D0B,1120384,1120762.401,1120762401,1002,1933,1935,60,60,FWD,13,58,1,ZONE,0
C3B93D0B,1120385,1120763.399,1120763399,998,1932,1935,60,60,FWD,13,58,1,ZONE,0
C3B93D0B,1120386,1120764.400,1120764400,1001,1934,1935,60,60,FWD,13,58,1,ZONE,0
C3B93D0B,1120387,1120765.399,1120765399,999,1933,1935,60,60,FWD,13,58,1,ZONE,0
C3B93D0B,1120388,1120766.400,1120766400,1001,1934,1935,60,60,FWD,13,58,1,ZONE,0
C3B93D0B,1120389,1120767.399,1120767399,999,1931,1935,60,60,FWD,13,58,1,ZONE,0
C3B93D0B,1120390,1120768.400,1120768400,1001,1933,1935,60,60,FWD,13,58,1,ZONE,0
C3B93D0B,1120391,1120769.399,1120769399,999,1934,1935,60,60,FWD,13,58,1,ZONE,0
C3B93D0B,1120392,1120770.400,1120770400,1001,1933,1935,60,60,FWD,13,58,1,ZONE,0
C3B93D0B,1120393,1120771.399,1120771399,999,1931,1935,60,60,FWD,13,58,1,ZONE,0
C3B93D0B,1120394,1120772.401,1120772401,1002,1933,1935,60,60,FWD,13,58,1,ZONE,0
C3B93D0B,1120395,1120773.399,1120773399,998,1933,1935,60,60,FWD,13,58,1,ZONE,0
C3B93D0B,1120396,1120774.400,1120774400,1001,1931,1935,60,60,FWD,13,58,1,ZONE,0
C3B93D0B,1120397,1120775.399,1120775399,999,1933,1935,60,60,FWD,13,58,1,ZONE,0
C3B93D0B,1120398,1120776.400,1120776400,1001,1931,1935,60,60,FWD,13,58,1,ZONE,0
C3B93D0B,1120399,1120777.399,1120777399,999,1931,1935,60,60,FWD,13,58,1,ZONE,0
C3B93D0B,1120400,1120778.400,1120778400,1001,1933,1935,60,60,FWD,13,58,1,ZONE,0
C3B93D0B,1120401,1120779.399,1120779399,999,1933,1935,60,60,FWD,13,58,1,ZONE,0
C3B93D0B,1120402,1120780.400,1120780400,1001,1931,1935,60,60,FWD,13,58,1,ZONE,0
C3B93D0B,1120403,1120781.399,1120781399,999,1932,1935,60,60,FWD,13,58,1,ZONE,0
C3B93D0B,1120404,1120782.401,1120782401,1002,1931,1935,60,60,FWD,13,58,1,ZONE,0
C3B93D0B,1120405,1120783.548,1120783548,1147,1931,1935,60,60,FWD,13,58,1,ZONE,0
C3B93D0B,1120406,1120784.399,1120784399,851,1933,1935,60,60,FWD,13,58,1,ZONE,0
C3B93D0B,1120407,1120785.400,1120785400,1001,1932,1935,60,60,FWD,13,58,1,ZONE,0
C3B93D0B,1120408,1120786.399,1120786399,999,1933,1935,60,60,FWD,13,58,1,ZONE,0
C3B93D0B,1120409,1120787.400,1120787400,1001,1932,1935,60,60,FWD,13,58,1,ZONE,0
C3B93D0B,1120410,1120788.399,1120788399,999,1934,1935,60,60,FWD,13,58,1,ZONE,0
C3B93D0B,1120411,1120789.400,1120789400,1001,1932,1935,60,60,FWD,13,58,1,ZONE,0
C3B93D0B,1120412,1120790.399,1120790399,999,1933,1935,60,60,FWD,13,58,1,ZONE,0
C3B93D0B,1120413,1120791.400,1120791400,1001,1933,1935,60,60,FWD,13,58,1,ZONE,0
C3B93D0B,1120414,1120792.400,1120792400,1000,1930,1935,60,60,FWD,13,58,1,ZONE,0
C3B93D0B,1120415,1120793.400,1120793400,1000,1933,1935,60,60,FWD,13,58,1,ZONE,0
C3B93D0B,1120416,1120794.399,1120794399,999,1933,1935,60,60,FWD,13,58,1,ZONE,0
C3B93D0B,1120417,1120795.400,1120795400,1001,1931,1935,60,60,FWD,13,58,1,ZONE,0
C3B93D0B,1120418,1120796.399,1120796399,999,1934,1935,60,60,FWD,13,58,1,ZONE,0
C3B93D0B,1120419,1120797.400,1120797400,1001,1932,1935,60,60,FWD,13,58,1,ZONE,0
C3B93D0B,1120420,1120798.399,1120798399,999,1932,1935,60,60,FWD,13,58,1,ZONE,0
C3B93D0B,1120421,1120799.400,1120799400,1001,1934,1935,60,60,FWD,13,58,1,ZONE,0
C3B93D0B,1120422,1120800.399,1120800399,999,1932,1935,60,60,FWD,13,58,1,ZONE,0
C3B93D0B,1120423,1120801.400,1120801400,1001,1931,1935,60,60,FWD,13,58,1,ZONE,0
C3B93D0B,1120424,1120802.400,1120802400,1000,1931,1935,60,60,FWD,13,58,1,ZONE,0
C3B93D0B,1120425,1120803.400,1120803400,1000,1931,1935,60,60,FWD,13,58,1,ZONE,0
C3B93D0B,1120426,1120804.399,1120804399,999,1933,1935,60,60,FWD,13,58,1,ZONE,0
C3B93D0B,1120427,1120805.400,1120805400,1001,1934,1935,60,60,FWD,13,58,1,ZONE,0
C3B93D0B,1120428,1120806.399,1120806399,999,1933,1935,60,60,FWD,13,58,1,ZONE,0
C3B93D0B,1120429,1120807.400,1120807400,1001,1932,1935,60,60,FWD,13,58,1,ZONE,0
C3B93D0B,1120430,1120808.399,1120808399,999,1931,1935,60,60,FWD,13,58,1,ZONE,0
C3B93D0B,1120431,1120809.400,1120809400,1001,1931,1935,60,60,FWD,13,58,1,ZONE,0
C3B93D0B,1120432,1120810.399,1120810399,999,1931,1935,60,60,FWD,13,58,1,ZONE,0
C3B93D0B,1120433,1120811.523,1120811523,1124,1930,1935,60,60,FWD,13,58,1,ZONE,0
C3B93D0B,1120434,1120812.400,1120812400,877,1931,1935,60,60,FWD,13,58,1,ZONE,0
C3B93D0B,1120435,1120813.400,1120813400,1000,1934,1935,60,60,FWD,13,58,1,ZONE,0
C3B93D0B,1120436,1120814.399,1120814399,999,1932,1935,60,60,FWD,13,58,1,ZONE,0
C3B93D0B,1120437,1120815.400,1120815400,1001,1931,1935,60,60,FWD,13,58,1,ZONE,0
C3B93D0B,1120438,1120816.938,1120816938,1538,1931,1935,60,60,FWD,45,58,1,ZONE,0
C3B93D0B,1120439,1120817.400,1120817400,462,1931,1935,60,60,FWD,13,58,1,ZONE,0
C3B93D0B,1120440,1120818.399,1120818399,999,1930,1935,60,60,FWD,13,58,1,ZONE,0
C3B93D0B,1120441,1120819.400,1120819400,1001,1931,1935,60,60,FWD,13,58,1,ZONE,0
C3B93D0B,1120442,1120820.399,1120820399,999,1932,1935,60,60,FWD,13,58,1,ZONE,0
C3B93D0B,1120443,1120821.400,1120821400,1001,1932,1935,60,60,FWD,13,58,1,ZONE,0
C3B93D0B,1120444,1120822.400,1120822400,1000,1934,1935,60,60,FWD,13,58,1,ZONE,0
C3B93D0B,1120445,1120823.400,1120823400,1000,1931,1935,60,60,FWD,13,58,1,ZONE,0
C3B93D0B,1120446,1120824.399,1120824399,999,1932,1935,60,60,FWD,13,58,1,ZONE,0
C3B93D0B,1120447,1120825.400,1120825400,1001,1931,1935,60,60,FWD,13,58,1,ZONE,0
C3B93D0B,1120448,1120826.399,1120826399,999,1933,1935,60,60,FWD,13,58,1,ZONE,0
C3B93D0B,1120449,1120827.400,1120827400,1001,1931,1935,60,60,FWD,13,58,1,ZONE,0
C3B93D0B,1120450,1120828.399,1120828399,999,1933,1935,60,60,FWD,13,58,1,ZONE,0
C3B93D0B,1120451,1120829.400,1120829400,1001,1931,1935,60,60,FWD,13,58,1,ZONE,0
C3B93D0B,1120452,1120830.399,1120830399,999,1933,1935,60,60,FWD,13,58,1,ZONE,0
C3B93D0B,1120453,1120831.400,1120831400,1001,1933,1935,60,60,FWD,13,58,1,ZONE,0
C3B93D0B,1120454,1120832.400,1120832400,1000,1932,1935,60,60,FWD,13,58,1,ZONE,0
C3B93D0B,1120455,1120833.400,1120833400,1000,1933,1935,60,60,FWD,13,58,1,ZONE,0
C3B93D0B,1120456,1120834.399,1120834399,999,1932,1935,60,60,FWD,13,58,1,ZONE,0
C3B93D0B,1120457,1120835.400,1120835400,1001,1933,1935,60,60,FWD,13,58,1,ZONE,0
C3B93D0B,1120458,1120836.399,1120836399,999,1932,1935,60,60,FWD,13,58,1,ZONE,0
C3B93D0B,1120459,1120837.414,1120837414,1015,1932,1935,60,60,FWD,13,58,1,ZONE,0
C3B93D0B,1120460,1120838.399,1120838399,985,1933,1935,60,60,FWD,13,58,1,ZONE,0
C3B93D0B,1120461,1120839.400,1120839400,1001,1931,1935,60,60,FWD,13,58,1,ZONE,0
C3B93D0B,1120462,1120840.399,1120840399,999,1931,1935,60,60,FWD,13,58,1,ZONE,0
C3B93D0B,1120463,1120841.400,1120841400,1001,1933,1935,60,60,FWD,13,58,1,ZONE,0
C3B93D0B,1120464,1120842.904,1120842904,1504,1941,1935,60,60,FWD,45,58,1,ZONE,0
C3B93D0B,1120465,1120843.400,1120843400,496,1944,1935,60,60,FWD,13,58,1,ZONE,0
C3B93D0B,1120466,1120844.399,1120844399,999,1940,1935,60,60,FWD,13,58,1,ZONE,0
C3B93D0B,1120467,1120845.400,1120845400,1001,1940,1935,60,60,FWD,13,58,1,ZONE,0
C3B93D0B,1120468,1120846.399,1120846399,999,1941,1935,60,60,FWD,13,58,1,ZONE,0
C3B93D0B,1120469,1120847.400,1120847400,1001,1939,1935,60,60,FWD,13,58,1,ZONE,0
C3B93D0B,1120470,1120848.399,1120848399,999,1941,1935,60,60,FWD,13,58,1,ZONE,0
C3B93D0B,1120471,1120849.400,1120849400,1001,1939,1935,60,60,FWD,13,58,1,ZONE,0
C3B93D0B,1120472,1120850.399,1120850399,999,1940,1935,60,60,FWD,13,58,1,ZONE,0
C3B93D0B,1120473,1120851.400,1120851400,1001,1939,1935,60,60,FWD,13,58,1,ZONE,0
C3B93D0B,1120474,1120852.400,1120852400,1000,1939,1935,60,60,FWD,13,58,1,ZONE,0
C3B93D0B,1120475,1120853.400,1120853400,1000,1939,1935,60,60,FWD,13,58,1,ZONE,0
C3B93D0B,1120476,1120854.399,1120854399,999,1941,1935,60,60,FWD,13,58,1,ZONE,0
C3B93D0B,1120477,1120855.400,1120855400,1001,1939,1935,60,60,FWD,13,58,1,ZONE,0
C3B93D0B,1120478,1120856.399,1120856399,999,1938,1935,60,60,FWD,13,58,1,ZONE,0
C3B93D0B,1120479,1120857.400,1120857400,1001,1938,1935,60,60,FWD,13,58,1,ZONE,0
C3B93D0B,1120480,1120858.399,1120858399,999,1939,1935,60,60,FWD,13,58,1,ZONE,0
C3B93D0B,1120481,1120859.400,1120859400,1001,1940,1935,60,60,FWD,13,58,1,ZONE,0
C3B93D0B,1120482,1120860.399,1120860399,999,1938,1935,60,60,FWD,13,58,1,ZONE,0
C3B93D0B,1120483,1120861.400,1120861400,1001,1938,1935,60,60,FWD,13,58,1,ZONE,0
C3B93D0B,1120484,1120862.400,1120862400,1000,1937,1935,60,60,FWD,13,58,1,ZONE,0
C3B93D0B,1120485,1120863.400,1120863400,1000,1938,1935,60,60,FWD,13,58,1,ZONE,0
C3B93D0B,1120486,1120864.399,1120864399,999,1939,1935,60,60,FWD,13,58,1,ZONE,0
C3B93D0B,1120487,1120865.400,1120865400,1001,1939,1935,60,60,FWD,13,58,1,ZONE,0
C3B93D0B,1120488,1120866.399,1120866399,999,1938,1935,60,60,FWD,13,58,1,ZONE,0
C3B93D0B,1120489,1120867.400,1120867400,1001,1938,1935,60,60,FWD,13,58,1,ZONE,0
C3B93D0B,1120490,1120868.399,1120868399,999,1940,1935,60,60,FWD,13,58,1,ZONE,0
C3B93D0B,1120491,1120869.400,1120869400,1001,1938,1935,60,60,FWD,13,58,1,ZONE,0
C3B93D0B,1120492,1120870.399,1120870399,999,1939,1935,60,60,FWD,13,58,1,ZONE,0
C3B93D0B,1120493,1120871.400,1120871400,1001,1937,1935,60,60,FWD,13,58,1,ZONE,0
C3B93D0B,1120494,1120872.400,1120872400,1000,1937,1935,60,60,FWD,13,58,1,ZONE,0
C3B93D0B,1120495,1120873.400,1120873400,1000,1937,1935,60,60,FWD,13,58,1,ZONE,0
C3B93D0B,1120496,1120874.399,1120874399,999,1938,1935,60,60,FWD,13,58,1,ZONE,0
C3B93D0B,1120497,1120875.400,1120875400,1001,1937,1935,60,60,FWD,13,58,1,ZONE,0
C3B93D0B,1120498,1120876.399,1120876399,999,1938,1935,60,60,FWD,13,58,1,ZONE,0
C3B93D0B,1120499,1120877.400,1120877400,1001,1938,1935,60,60,FWD,13,58,1,ZONE,0
C3B93D0B,1120500,1120878.399,1120878399,999,1938,1935,60,60,FWD,13,58,1,ZONE,0
C3B93D0B,1120501,1120879.471,1120879471,1072,1938,1935,60,60,FWD,13,58,1,ZONE,0
C3B93D0B,1120502,1120880.399,1120880399,928,1939,1935,60,60,FWD,13,58,1,ZONE,0
C3B93D0B,1120503,1120881.400,1120881400,1001,1938,1935,60,60,FWD,13,58,1,ZONE,0
C3B93D0B,1120504,1120882.400,1120882400,1000,1939,1935,60,60,FWD,13,58,1,ZONE,0
C3B93D0B,1120505,1120884.176,1120884176,1776,1925,1935,60,60,FWD,45,58,1,ZONE,0
C3B93D0B,1120506,1120884.496,1120884496,320,1925,1935,60,60,FWD,13,58,1,ZONE,0
C3B93D0B,1120507,1120885.400,1120885400,904,1926,1935,60,60,FWD,13,58,1,ZONE,0
C3B93D0B,1120508,1120886.399,1120886399,999,1930,1935,60,60,FWD,13,58,1,ZONE,0
C3B93D0B,1120509,1120887.400,1120887400,1001,1929,1935,60,60,FWD,13,58,1,ZONE,0
C3B93D0B,1120510,1120888.399,1120888399,999,1930,1935,60,60,FWD,13,58,1,ZONE,0
C3B93D0B,1120511,1120889.400,1120889400,1001,1930,1935,60,60,FWD,13,58,1,ZONE,0
C3B93D0B,1120512,1120890.399,1120890399,999,1931,1935,60,60,FWD,13,58,1,ZONE,0
C3B93D0B,1120513,1120891.400,1120891400,1001,1931,1935,60,60,FWD,13,58,1,ZONE,0
C3B93D0B,1120514,1120892.400,1120892400,1000,1931,1935,60,60,FWD,13,58,1,ZONE,0
C3B93D0B,1120515,1120893.400,1120893400,1000,1931,1935,60,60,FWD,13,58,1,ZONE,0
C3B93D0B,1120516,1120894.399,1120894399,999,1931,1935,60,60,FWD,13,58,1,ZONE,0
C3B93D0B,1120517,1120895.400,1120895400,1001,1931,1935,60,60,FWD,13,58,1,ZONE,0
C3B93D0B,1120518,1120896.399,1120896399,999,1933,1935,60,60,FWD,13,58,1,ZONE,0
C3B93D0B,1120519,1120897.400,1120897400,1001,1929,1935,60,60,FWD,13,58,1,ZONE,0
C3B93D0B,1120520,1120898.399,1120898399,999,1931,1935,60,60,FWD,13,58,1,ZONE,0
C3B93D0B,1120521,1120899.400,1120899400,1001,1931,1935,60,60,FWD,13,58,1,ZONE,0
C3B93D0B,1120522,1120900.399,1120900399,999,1932,1935,60,60,FWD,13,58,1,ZONE,0
C3B93D0B,1120523,1120901.400,1120901400,1001,1930,1935,60,60,FWD,13,58,1,ZONE,0
C3B93D0B,1120524,1120902.400,1120902400,1000,1929,1935,60,60,FWD,13,58,1,ZONE,0
C3B93D0B,1120525,1120903.400,1120903400,1000,1935,1935,60,60,FWD,13,58,1,ZONE,0
C3B93D0B,1120526,1120904.399,1120904399,999,1935,1935,60,60,FWD,13,58,1,ZONE,0
C3B93D0B,1120527,1120905.400,1120905400,1001,1929,1935,60,60,FWD,13,58,1,ZONE,0
C3B93D0B,1120528,1120906.399,1120906399,999,1931,1935,60,60,FWD,13,58,1,ZONE,0
C3B93D0B,1120529,1120907.400,1120907400,1001,1932,1935,60,60,FWD,13,58,1,ZONE,0
C3B93D0B,1120530,1120908.399,1120908399,999,1933,1935,60,60,FWD,13,58,1,ZONE,0
C3B93D0B,1120531,1120909.400,1120909400,1001,1931,1935,60,60,FWD,13,58,1,ZONE,0
C3B93D0B,1120532,1120910.399,1120910399,999,1930,1935,60,60,FWD,13,58,1,ZONE,0
C3B93D0B,1120533,1120911.400,1120911400,1001,1930,1935,60,60,FWD,13,58,1,ZONE,0
C3B93D0B,1120534,1120912.400,1120912400,1000,1934,1935,60,60,FWD,13,58,1,ZONE,0
C3B93D0B,1120535,1120913.400,1120913400,1000,1934,1935,60,60,FWD,13,58,1,ZONE,0
C3B93D0B,1120536,1120914.399,1120914399,999,1932,1935,60,60,FWD,13,58,1,ZONE,0
C3B93D0B,1120537,1120915.400,1120915400,1001,1932,1935,60,60,FWD,13,58,1,ZONE,0
C3B93D0B,1120538,1120916.399,1120916399,999,1931,1935,60,60,FWD,13,58,1,ZONE,0
C3B93D0B,1120539,1120917.400,1120917400,1001,1930,1935,60,60,FWD,13,58,1,ZONE,0
C3B93D0B,1120540,1120918.399,1120918399,999,1931,1935,60,60,FWD,13,58,1,ZONE,0
C3B93D0B,1120541,1120919.404,1120919404,1005,1931,1935,60,60,FWD,13,58,1,ZONE,0
C3B93D0B,1120542,1120920.399,1120920399,995,1931,1935,60,60,FWD,13,58,1,ZONE,0
C3B93D0B,1120543,1120921.400,1120921400,1001,1930,1935,60,60,FWD,13,58,1,ZONE,0
C3B93D0B,1120544,1120922.400,1120922400,1000,1927,1935,60,60,FWD,13,58,1,ZONE,0
C3B93D0B,1120545,1120923.400,1120923400,1000,1931,1935,60,60,FWD,13,58,1,ZONE,0
C3B93D0B,1120546,1120924.399,1120924399,999,1931,1935,60,60,FWD,13,58,1,ZONE,0
C3B93D0B,1120547,1120925.400,1120925400,1001,1930,1935,60,60,FWD,13,58,1,ZONE,0
C3B93D0B,1120548,1120926.399,1120926399,999,1931,1935,60,60,FWD,13,58,1,ZONE,0
C3B93D0B,1120549,1120927.400,1120927400,1001,1929,1935,60,60,FWD,13,58,1,ZONE,0
C3B93D0B,1120550,1120928.399,1120928399,999,1931,1935,60,60,FWD,13,58,1,ZONE,0
C3B93D0B,1120551,1120929.400,1120929400,1001,1931,1935,60,60,FWD,13,58,1,ZONE,0
C3B93D0B,1120552,1120930.399,1120930399,999,1931,1935,60,60,FWD,13,58,1,ZONE,0
C3B93D0B,1120553,1120931.400,1120931400,1001,1931,1935,60,60,FWD,13,58,1,ZONE,0
C3B93D0B,1120554,1120932.400,1120932400,1000,1931,1935,60,60,FWD,13,58,1,ZONE,0
C3B93D0B,1120555,1120933.400,1120933400,1000,1931,1935,60,60,FWD,13,58,1,ZONE,0
C3B93D0B,1120556,1120934.399,1120934399,999,1931,1935,60,60,FWD,13,58,1,ZONE,0
C3B93D0B,1120557,1120935.403,1120935403,1004,1927,1935,60,60,FWD,13,58,1,ZONE,0
C3B93D0B,1120558,1120936.399,1120936399,996,1933,1935,60,60,FWD,13,58,1,ZONE,0
C3B93D0B,1120559,1120937.400,1120937400,1001,1930,1935,60,60,FWD,13,58,1,ZONE,0
C3B93D0B,1120560,1120938.399,1120938399,999,1930,1935,60,60,FWD,13,58,1,ZONE,0
C3B93D0B,1120561,1120939.400,1120939400,1001,1930,1935,60,60,FWD,13,58,1,ZONE,0
C3B93D0B,1120562,1120940.399,1120940399,999,1931,1935,60,60,FWD,13,58,1,ZONE,0
C3B93D0B,1120563,1120941.403,1120941403,1004,1939,1935,60,60,FWD,13,58,1,ZONE,0
C3B93D0B,1120564,1120942.400,1120942400,997,1939,1935,60,60,FWD,13,58,1,ZONE,0
C3B93D0B,1120565,1120943.400,1120943400,1000,1939,1935,60,60,FWD,13,58,1,ZONE,0
C3B93D0B,1120566,1120944.399,1120944399,999,1939,1935,60,60,FWD,13,58,1,ZONE,0
C3B93D0B,1120567,1120945.400,1120945400,1001,1939,1935,60,60,FWD,13,58,1,ZONE,0
C3B93D0B,1120568,1120946.399,1120946399,999,1939,1935,60,60,FWD,13,58,1,ZONE,0
C3B93D0B,1120569,1120947.400,1120947400,1001,1938,1935,60,60,FWD,13,58,1,ZONE,0
C3B93D0B,1120570,1120948.399,1120948399,999,1937,1935,60,60,FWD,13,58,1,ZONE,0
C3B93D0B,1120571,1120949.400,1120949400,1001,1938,1935,60,60,FWD,13,58,1,ZONE,0
C3B93D0B,1120572,1120950.399,1120950399,999,1939,1935,60,60,FWD,13,58,1,ZONE,0
C3B93D0B,1120573,1120951.400,1120951400,1001,1937,1935,60,60,FWD,13,58,1,ZONE,0
C3B93D0B,1120574,1120952.400,1120952400,1000,1937,1935,60,60,FWD,13,58,1,ZONE,0
C3B93D0B,1120575,1120953.400,1120953400,1000,1938,1935,60,60,FWD,13,58,1,ZONE,0
C3B93D0B,1120576,1120954.399,1120954399,999,1937,1935,60,60,FWD,13,58,1,ZONE,0
C3B93D0B,1120577,1120955.400,1120955400,1001,1938,1935,60,60,FWD,13,58,1,ZONE,0
C3B93D0B,1120578,1120956.399,1120956399,999,1937,1935,60,60,FWD,13,58,1,ZONE,0
C3B93D0B,1120579,1120957.400,1120957400,1001,1936,1935,60,60,FWD,13,58,1,ZONE,0
C3B93D0B,1120580,1120958.399,1120958399,999,1937,1935,60,60,FWD,13,58,1,ZONE,0
C3B93D0B,1120581,1120959.400,1120959400,1001,1936,1935,60,60,FWD,13,58,1,ZONE,0
C3B93D0B,1120582,1120960.399,1120960399,999,1937,1935,60,60,FWD,13,58,1,ZONE,0
C3B93D0B,1120583,1120961.400,1120961400,1001,1937,1935,60,60,FWD,13,58,1,ZONE,0
C3B93D0B,1120584,1120962.400,1120962400,1000,1937,1935,60,60,FWD,13,58,1,ZONE,0
C3B93D0B,1120585,1120963.400,1120963400,1000,1937,1935,60,60,FWD,13,58,1,ZONE,0
C3B93D0B,1120586,1120964.399,1120964399,999,1938,1935,60,60,FWD,13,58,1,ZONE,0
C3B93D0B,1120587,1120965.400,1120965400,1001,1937,1935,60,60,FWD,13,58,1,ZONE,0
C3B93D0B,1120588,1120966.399,1120966399,999,1937,1935,60,60,FWD,13,58,1,ZONE,0
C3B93D0B,1120589,1120967.400,1120967400,1001,1936,1935,60,60,FWD,13,58,1,ZONE,0
C3B93D0B,1120590,1120968.399,1120968399,999,1937,1935,60,60,FWD,13,58,1,ZONE,0
C3B93D0B,1120591,1120969.400,1120969400,1001,1936,1935,60,60,FWD,13,58,1,ZONE,0
C3B93D0B,1120592,1120970.399,1120970399,999,1937,1935,60,60,FWD,13,58,1,ZONE,0
C3B93D0B,1120593,1120971.400,1120971400,1001,1937,1935,60,60,FWD,13,58,1,ZONE,0
C3B93D0B,1120594,1120972.400,1120972400,1000,1936,1935,60,60,FWD,13,58,1,ZONE,0
C3B93D0B,1120595,1120973.400,1120973400,1000,1936,1935,60,60,FWD,13,58,1,ZONE,0
C3B93D0B,1120596,1120974.399,1120974399,999,1937,1935,60,60,FWD,13,58,1,ZONE,0
C3B93D0B,1120597,1120975.400,1120975400,1001,1937,1935,60,60,FWD,13,58,1,ZONE,0
C3B93D0B,1120598,1120976.399,1120976399,999,1936,1935,60,60,FWD,13,58,1,ZONE,0
C3B93D0B,1120599,1120977.400,1120977400,1001,1939,1935,60,60,FWD,13,58,1,ZONE,0
C3B93D0B,1120600,1120978.399,1120978399,999,1936,1935,60,60,FWD,13,58,1,ZONE,0
C3B93D0B,1120601,1120979.400,1120979400,1001,1937,1935,60,60,FWD,13,58,1,ZONE,0
C3B93D0B,1120602,1120980.399,1120980399,999,1936,1935,60,60,FWD,13,58,1,ZONE,0
C3B93D0B,1120603,1120981.400,1120981400,1001,1936,1935,60,60,FWD,13,58,1,ZONE,0
C3B93D0B,1120604,1120982.400,1120982400,1000,1936,1935,60,60,FWD,13,58,1,ZONE,0
C3B93D0B,1120605,1120984.152,1120984152,1752,1924,1935,60,60,FWD,45,58,1,ZONE,0
C3B93D0B,1120606,1120984.722,1120984722,570,1927,1935,60,60,FWD,13,58,1,ZONE,0
C3B93D0B,1120607,1120985.400,1120985400,678,1926,1935,60,60,FWD,13,58,1,ZONE,0
C3B93D0B,1120608,1120986.399,1120986399,999,1927,1935,60,60,FWD,13,58,1,ZONE,0
C3B93D0B,1120609,1120987.400,1120987400,1001,1927,1935,60,60,FWD,13,58,1,ZONE,0
C3B93D0B,1120610,1120988.399,1120988399,999,1927,1935,60,60,FWD,13,58,1,ZONE,0
C3B93D0B,1120611,1120989.400,1120989400,1001,1929,1935,60,60,FWD,13,58,1,ZONE,0
C3B93D0B,1120612,1120990.399,1120990399,999,1928,1935,60,60,FWD,13,58,1,ZONE,0
C3B93D0B,1120613,1120991.400,1120991400,1001,1927,1935,60,60,FWD,13,58,1,ZONE,0
C3B93D0B,1120614,1120992.400,1120992400,1000,1931,1935,60,60,FWD,13,58,1,ZONE,0
C3B93D0B,1120615,1120993.400,1120993400,1000,1930,1935,60,60,FWD,13,58,1,ZONE,0
C3B93D0B,1120616,1120994.399,1120994399,999,1927,1935,60,60,FWD,13,58,1,ZONE,0
C3B93D0B,1120617,1120995.400,1120995400,1001,1927,1935,60,60,FWD,13,58,1,ZONE,0
C3B93D0B,1120618,1120996.399,1120996399,999,1928,1935,60,60,FWD,13,58,1,ZONE,0
C3B93D0B,1120619,1120997.400,1120997400,1001,1927,1935,60,60,FWD,13,58,1,ZONE,0
C3B93D0B,1120620,1120998.399,1120998399,999,1929,1935,60,60,FWD,13,58,1,ZONE,0
C3B93D0B,1120621,1120999.400,1120999400,1001,1930,1935,60,60,FWD,13,58,1,ZONE,0
C3B93D0B,1120622,1121000.399,1121000399,999,1929,1935,60,60,FWD,13,58,1,ZONE,0
C3B93D0B,1120623,1121001.400,1121001400,1001,1926,1935,60,60,FWD,13,58,1,ZONE,0
C3B93D0B,1120624,1121002.400,1121002400,1000,1930,1935,60,60,FWD,13,58,1,ZONE,0
C3B93D0B,1120625,1121003.400,1121003400,1000,1931,1935,60,60,FWD,13,58,1,ZONE,0
C3B93D0B,1120626,1121004.399,1121004399,999,1930,1935,60,60,FWD,13,58,1,ZONE,0
C3B93D0B,1120627,1121005.400,1121005400,1001,1929,1935,60,60,FWD,13,58,1,ZONE,0
C3B93D0B,1120628,1121006.399,1121006399,999,1931,1935,60,60,FWD,13,58,1,ZONE,0
C3B93D0B,1120629,1121007.400,1121007400,1001,1931,1935,60,60,FWD,13,58,1,ZONE,0
C3B93D0B,1120630,1121008.399,1121008399,999,1927,1935,60,60,FWD,13,58,1,ZONE,0
C3B93D0B,1120631,1121009.400,1121009400,1001,1929,1935,60,60,FWD,13,58,1,ZONE,0
C3B93D0B,1120632,1121010.399,1121010399,999,1929,1935,60,60,FWD,13,58,1,ZONE,0
C3B93D0B,1120633,1121011.400,1121011400,1001,1929,1935,60,60,FWD,13,58,1,ZONE,0
C3B93D0B,1120634,1121012.400,1121012400,1000,1930,1935,60,60,FWD,13,58,1,ZONE,0
C3B93D0B,1120635,1121013.400,1121013400,1000,1927,1935,60,60,FWD,13,58,1,ZONE,0
C3B93D0B,1120636,1121014.399,1121014399,999,1929,1935,60,60,FWD,13,58,1,ZONE,0
C3B93D0B,1120637,1121015.400,1121015400,1001,1929,1935,60,60,FWD,13,58,1,ZONE,0
C3B93D0B,1120638,1121016.399,1121016399,999,1930,1935,60,60,FWD,13,58,1,ZONE,0
C3B93D0B,1120639,1121017.400,1121017400,1001,1929,1935,60,60,FWD,13,58,1,ZONE,0
C3B93D0B,1120640,1121018.399,1121018399,999,1929,1935,60,60,FWD,13,58,1,ZONE,0
C3B93D0B,1120641,1121019.400,1121019400,1001,1930,1935,60,60,FWD,13,58,1,ZONE,0
C3B93D0B,1120642,1121020.399,1121020399,999,1927,1935,60,60,FWD,13,58,1,ZONE,0
C3B93D0B,1120643,1121021.691,1121021691,1292,1929,1935,60,60,FWD,45,58,1,ZONE,0
C3B93D0B,1120644,1121022.400,1121022400,709,1929,1935,60,60,FWD,13,58,1,ZONE,0
C3B93D0B,1120645,1121023.400,1121023400,1000,1928,1935,60,60,FWD,13,58,1,ZONE,0
C3B93D0B,1120646,1121024.399,1121024399,999,1930,1935,60,60,FWD,13,58,1,ZONE,0
C3B93D0B,1120647,1121025.400,1121025400,1001,1929,1935,60,60,FWD,13,58,1,ZONE,0
C3B93D0B,1120648,1121026.399,1121026399,999,1930,1935,60,60,FWD,13,58,1,ZONE,0
C3B93D0B,1120649,1121027.400,1121027400,1001,1929,1935,60,60,FWD,13,58,1,ZONE,0
C3B93D0B,1120650,1121028.399,1121028399,999,1928,1935,60,60,FWD,13,58,1,ZONE,0
C3B93D0B,1120651,1121029.400,1121029400,1001,1928,1935,60,60,FWD,13,58,1,ZONE,0
C3B93D0B,1120652,1121030.399,1121030399,999,1929,1935,60,60,FWD,13,58,1,ZONE,0
C3B93D0B,1120653,1121031.400,1121031400,1001,1926,1935,60,60,FWD,13,58,1,ZONE,0
C3B93D0B,1120654,1121032.400,1121032400,1000,1926,1935,60,60,FWD,13,58,1,ZONE,0
C3B93D0B,1120655,1121033.400,1121033400,1000,1929,1935,60,60,FWD,13,58,1,ZONE,0
C3B93D0B,1120656,1121034.399,1121034399,999,1930,1935,60,60,FWD,13,58,1,ZONE,0
C3B93D0B,1120657,1121035.403,1121035403,1004,1929,1935,60,60,FWD,13,58,1,ZONE,0
C3B93D0B,1120658,1121036.399,1121036399,996,1930,1935,60,60,FWD,13,58,1,ZONE,0
C3B93D0B,1120659,1121037.400,1121037400,1001,1930,1935,60,60,FWD,13,58,1,ZONE,0
C3B93D0B,1120660,1121038.399,1121038399,999,1928,1935,60,60,FWD,13,58,1,ZONE,0
C3B93D0B,1120661,1121039.400,1121039400,1001,1929,1935,60,60,FWD,13,58,1,ZONE,0
C3B93D0B,1120662,1121040.399,1121040399,999,1929,1935,60,60,FWD,13,58,1,ZONE,0
C3B93D0B,1120663,1121041.403,1121041403,1004,1939,1935,60,60,FWD,13,58,1,ZONE,0
C3B93D0B,1120664,1121042.400,1121042400,997,1937,1935,60,60,FWD,13,58,1,ZONE,0
C3B93D0B,1120665,1121043.400,1121043400,1000,1938,1935,60,60,FWD,13,58,1,ZONE,0
C3B93D0B,1120666,1121044.399,1121044399,999,1937,1935,60,60,FWD,13,58,1,ZONE,0
C3B93D0B,1120667,1121045.400,1121045400,1001,1937,1935,60,60,FWD,13,58,1,ZONE,0
C3B93D0B,1120668,1121046.399,1121046399,999,1937,1935,60,60,FWD,13,58,1,ZONE,0
C3B93D0B,1120669,1121047.400,1121047400,1001,1936,1935,60,60,FWD,13,58,1,ZONE,0
C3B93D0B,1120670,1121048.399,1121048399,999,1937,1935,60,60,FWD,13,58,1,ZONE,0
C3B93D0B,1120671,1121049.400,1121049400,1001,1938,1935,60,60,FWD,13,58,1,ZONE,0
C3B93D0B,1120672,1121050.399,1121050399,999,1937,1935,60,60,FWD,13,58,1,ZONE,0
C3B93D0B,1120673,1121051.400,1121051400,1001,1938,1935,60,60,FWD,13,58,1,ZONE,0
C3B93D0B,1120674,1121052.400,1121052400,1000,1936,1935,60,60,FWD,13,58,1,ZONE,0
C3B93D0B,1120675,1121053.400,1121053400,1000,1936,1935,60,60,FWD,13,58,1,ZONE,0
C3B93D0B,1120676,1121054.399,1121054399,999,1936,1935,60,60,FWD,13,58,1,ZONE,0
C3B93D0B,1120677,1121055.400,1121055400,1001,1936,1935,60,60,FWD,13,58,1,ZONE,0
C3B93D0B,1120678,1121056.399,1121056399,999,1936,1935,60,60,FWD,13,58,1,ZONE,0
C3B93D0B,1120679,1121057.400,1121057400,1001,1936,1935,60,60,FWD,13,58,1,ZONE,0
C3B93D0B,1120680,1121058.399,1121058399,999,1936,1935,60,60,FWD,13,58,1,ZONE,0
C3B93D0B,1120681,1121059.400,1121059400,1001,1937,1935,60,60,FWD,13,58,1,ZONE,0
C3B93D0B,1120682,1121060.399,1121060399,999,1936,1935,60,60,FWD,13,58,1,ZONE,0
C3B93D0B,1120683,1121061.400,1121061400,1001,1937,1935,60,60,FWD,13,58,1,ZONE,0
C3B93D0B,1120684,1121062.400,1121062400,1000,1936,1935,60,60,FWD,13,58,1,ZONE,0
C3B93D0B,1120685,1121063.400,1121063400,1000,1936,1935,60,60,FWD,13,58,1,ZONE,0
C3B93D0B,1120686,1121064.399,1121064399,999,1936,1935,60,60,FWD,13,58,1,ZONE,0
C3B93D0B,1120687,1121065.400,1121065400,1001,1936,1935,60,60,FWD,13,58,1,ZONE,0
C3B93D0B,1120688,1121066.399,1121066399,999,1936,1935,60,60,FWD,13,58,1,ZONE,0
C3B93D0B,1120689,1121067.400,1121067400,1001,1936,1935,60,60,FWD,13,58,1,ZONE,0
C3B93D0B,1120690,1121068.399,1121068399,999,1937,1935,60,60,FWD,13,58,1,ZONE,0
C3B93D0B,1120691,1121069.400,1121069400,1001,1937,1935,60,60,FWD,13,58,1,ZONE,0
C3B93D0B,1120692,1121070.399,1121070399,999,1936,1935,60,60,FWD,13,58,1,ZONE,0
C3B93D0B,1120693,1121071.400,1121071400,1001,1936,1935,60,60,FWD,13,58,1,ZONE,0
C3B93D0B,1120694,1121072.400,1121072400,1000,1936,1935,60,60,FWD,13,58,1,ZONE,0
C3B93D0B,1120695,1121073.400,1121073400,1000,1936,1935,60,60,FWD,13,58,1,ZONE,0
C3B93D0B,1120696,1121074.399,1121074399,999,1936,1935,60,60,FWD,13,58,1,ZONE,0
C3B93D0B,1120697,1121075.400,1121075400,1001,1936,1935,60,60,FWD,13,58,1,ZONE,0
C3B93D0B,1120698,1121076.399,1121076399,999,1937,1935,60,60,FWD,13,58,1,ZONE,0
C3B93D0B,1120699,1121077.400,1121077400,1001,1936,1935,60,60,FWD,13,58,1,ZONE,0
C3B93D0B,1120700,1121078.399,1121078399,999,1936,1935,60,60,FWD,13,58,1,ZONE,0
C3B93D0B,1120701,1121079.400,1121079400,1001,1936,1935,60,60,FWD,13,58,1,ZONE,0
C3B93D0B,1120702,1121080.399,1121080399,999,1936,1935,60,60,FWD,13,58,1,ZONE,0
C3B93D0B,1120703,1121081.400,1121081400,1001,1936,1935,60,60,FWD,13,58,1,ZONE,0
C3B93D0B,1120704,1121082.400,1121082400,1000,1936,1935,60,60,FWD,13,58,1,ZONE,0
C3B93D0B,1120705,1121084.144,1121084144,1744,1920,1935,60,60,FWD,45,58,1,ZONE,0
C3B93D0B,1120706,1121084.460,1121084460,316,1924,1935,60,60,FWD,13,58,1,ZONE,0
C3B93D0B,1120707,1121085.400,1121085400,940,1931,1935,60,60,FWD,13,58,1,ZONE,0
C3B93D0B,1120708,1121086.399,1121086399,999,1926,1935,60,60,FWD,13,58,1,ZONE,0
C3B93D0B,1120709,1121087.400,1121087400,1001,1925,1935,60,60,FWD,13,58,1,ZONE,0
C3B93D0B,1120710,1121088.399,1121088399,999,1926,1935,60,60,FWD,13,58,1,ZONE,0
C3B93D0B,1120711,1121089.400,1121089400,1001,1926,1935,60,60,FWD,13,58,1,ZONE,0
C3B93D0B,1120712,1121090.399,1121090399,999,1929,1935,60,60,FWD,13,58,1,ZONE,0
C3B93D0B,1120713,1121091.400,1121091400,1001,1927,1935,60,60,FWD,13,58,1,ZONE,0
C3B93D0B,1120714,1121092.539,1121092539,1139,1926,1935,60,60,FWD,13,58,1,ZONE,0
C3B93D0B,1120715,1121093.401,1121093401,862,1926,1935,60,60,FWD,13,58,1,ZONE,0
C3B93D0B,1120716,1121094.399,1121094399,998,1929,1935,60,60,FWD,13,58,1,ZONE,0
C3B93D0B,1120717,1121095.400,1121095400,1001,1927,1935,60,60,FWD,13,58,1,ZONE,0
C3B93D0B,1120718,1121097.176,1121097176,1776,1930,1935,60,60,FWD,45,58,1,ZONE,0
C3B93D0B,1120719,1121097.468,1121097468,292,1925,1935,60,60,FWD,13,58,1,ZONE,0
C3B93D0B,1120720,1121098.399,1121098399,931,1930,1935,60,60,FWD,13,58,1,ZONE,0
C3B93D0B,1120721,1121099.400,1121099400,1001,1927,1935,60,60,FWD,13,58,1,ZONE,0
C3B93D0B,1120722,1121100.399,1121100399,999,1927,1935,60,60,FWD,13,58,1,ZONE,0
C3B93D0B,1120723,1121101.400,1121101400,1001,1928,1935,60,60,FWD,13,58,1,ZONE,0
C3B93D0B,1120724,1121102.399,1121102399,999,1927,1935,60,60,FWD,13,58,1,ZONE,0
C3B93D0B,1120725,1121103.401,1121103401,1002,1927,1935,60,60,FWD,13,58,1,ZONE,0
C3B93D0B,1120726,1121104.399,1121104399,998,1930,1935,60,60,FWD,13,58,1,ZONE,0
C3B93D0B,1120727,1121105.400,1121105400,1001,1929,1935,60,60,FWD,13,58,1,ZONE,0
C3B93D0B,1120728,1121106.399,1121106399,999,1929,1935,60,60,FWD,13,58,1,ZONE,0
C3B93D0B,1120729,1121107.400,1121107400,1001,1930,1935,60,60,FWD,13,58,1,ZONE,0
C3B93D0B,1120730,1121108.399,1121108399,999,1930,1935,60,60,FWD,13,58,1,ZONE,0
C3B93D0B,1120731,1121109.400,1121109400,1001,1931,1935,60,60,FWD,13,58,1,ZONE,0
C3B93D0B,1120732,1121110.399,1121110399,999,1931,1935,60,60,FWD,13,58,1,ZONE,0
C3B93D0B,1120733,1121111.400,1121111400,1001,1930,1935,60,60,FWD,13,58,1,ZONE,0
C3B93D0B,1120734,1121112.399,1121112399,999,1930,1935,60,60,FWD,13,58,1,ZONE,0
C3B93D0B,1120735,1121113.401,1121113401,1002,1929,1935,60,60,FWD,13,58,1,ZONE,0
C3B93D0B,1120736,1121114.399,1121114399,998,1929,1935,60,60,FWD,13,58,1,ZONE,0
C3B93D0B,1120737,1121115.400,1121115400,1001,1929,1935,60,60,FWD,13,58,1,ZONE,0
C3B93D0B,1120738,1121116.399,1121116399,999,1931,1935,60,60,FWD,13,58,1,ZONE,0
C3B93D0B,1120739,1121117.400,1121117400,1001,1930,1935,60,60,FWD,13,58,1,ZONE,0
C3B93D0B,1120740,1121118.545,1121118545,1145,1931,1935,60,60,FWD,13,58,1,ZONE,0
C3B93D0B,1120741,1121119.400,1121119400,855,1930,1935,60,60,FWD,13,58,1,ZONE,0
C3B93D0B,1120742,1121120.399,1121120399,999,1930,1935,60,60,FWD,13,58,1,ZONE,0
C3B93D0B,1120743,1121121.400,1121121400,1001,1931,1935,60,60,FWD,13,58,1,ZONE,0
C3B93D0B,1120744,1121122.399,1121122399,999,1931,1935,60,60,FWD,13,58,1,ZONE,0
C3B93D0B,1120745,1121123.401,1121123401,1002,1930,1935,60,60,FWD,13,58,1,ZONE,0
C3B93D0B,1120746,1121124.399,1121124399,998,1930,1935,60,60,FWD,13,58,1,ZONE,0
C3B93D0B,1120747,1121125.400,1121125400,1001,1931,1935,60,60,FWD,13,58,1,ZONE,0
C3B93D0B,1120748,1121126.399,1121126399,999,1930,1935,60,60,FWD,13,58,1,ZONE,0
C3B93D0B,1120749,1121127.400,1121127400,1001,1931,1935,60,60,FWD,13,58,1,ZONE,0
C3B93D0B,1120750,1121128.399,1121128399,999,1931,1935,60,60,FWD,13,58,1,ZONE,0
C3B93D0B,1120751,1121129.400,1121129400,1001,1930,1935,60,60,FWD,13,58,1,ZONE,0
C3B93D0B,1120752,1121130.399,1121130399,999,1934,1935,60,60,FWD,13,58,1,ZONE,0
C3B93D0B,1120753,1121131.400,1121131400,1001,1933,1935,60,60,FWD,13,58,1,ZONE,0
C3B93D0B,1120754,1121132.399,1121132399,999,1931,1935,60,60,FWD,13,58,1,ZONE,0
C3B93D0B,1120755,1121133.401,1121133401,1002,1932,1935,60,60,FWD,13,58,1,ZONE,0
C3B93D0B,1120756,1121134.399,1121134399,998,1932,1935,60,60,FWD,13,58,1,ZONE,0
C3B93D0B,1120757,1121135.400,1121135400,1001,1931,1935,60,60,FWD,13,58,1,ZONE,0
C3B93D0B,1120758,1121136.399,1121136399,999,1933,1935,60,60,FWD,13,58,1,ZONE,0
C3B93D0B,1120759,1121137.400,1121137400,1001,1931,1935,60,60,FWD,13,58,1,ZONE,0
C3B93D0B,1120760,1121138.399,1121138399,999,1934,1935,60,60,FWD,13,58,1,ZONE,0
C3B93D0B,1120761,1121139.400,1121139400,1001,1931,1935,60,60,FWD,13,58,1,ZONE,0
C3B93D0B,1120762,1121140.399,1121140399,999,1933,1935,60,60,FWD,13,58,1,ZONE,0
C3B93D0B,1120763,1121141.400,1121141400,1001,1933,1935,60,60,FWD,13,58,1,ZONE,0
C3B93D0B,1120764,1121142.399,1121142399,999,1933,1935,60,60,FWD,13,58,1,ZONE,0
C3B93D0B,1120765,1121143.401,1121143401,1002,1933,1935,60,60,FWD,13,58,1,ZONE,0
C3B93D0B,1120766,1121144.399,1121144399,998,1933,1935,60,60,FWD,13,58,1,ZONE,0
C3B93D0B,1120767,1121145.400,1121145400,1001,1934,1935,60,60,FWD,13,58,1,ZONE,0
C3B93D0B,1120768,1121146.399,1121146399,999,1933,1935,60,60,FWD,13,58,1,ZONE,0
C3B93D0B,1120769,1121147.407,1121147407,1008,1934,1935,60,60,FWD,13,58,1,ZONE,0
C3B93D0B,1120770,1121148.399,1121148399,992,1934,1935,60,60,FWD,13,58,1,ZONE,0
C3B93D0B,1120771,1121149.400,1121149400,1001,1935,1935,60,60,FWD,13,58,1,ZONE,0
C3B93D0B,1120772,1121150.399,1121150399,999,1934,1935,60,60,FWD,13,58,1,ZONE,0
C3B93D0B,1120773,1121151.400,1121151400,1001,1936,1935,60,60,FWD,13,58,1,ZONE,0
C3B93D0B,1120774,1121152.399,1121152399,999,1935,1935,60,60,FWD,13,58,1,ZONE,0
C3B93D0B,1120775,1121153.401,1121153401,1002,1936,1935,60,60,FWD,13,58,1,ZONE,0
C3B93D0B,1120776,1121154.399,1121154399,998,1936,1935,60,60,FWD,13,58,1,ZONE,0
C3B93D0B,1120777,1121155.400,1121155400,1001,1936,1935,60,60,FWD,13,58,1,ZONE,0
C3B93D0B,1120778,1121156.399,1121156399,999,1936,1935,60,60,FWD,13,58,1,ZONE,0
C3B93D0B,1120779,1121157.401,1121157401,1002,1946,1935,60,60,FWD,13,58,1,ZONE,0
C3B93D0B,1120780,1121158.399,1121158399,998,1948,1935,60,60,FWD,13,58,1,ZONE,0
C3B93D0B,1120781,1121159.400,1121159400,1001,1949,1935,60,60,FWD,13,58,1,ZONE,0
C3B93D0B,1120782,1121160.399,1121160399,999,1948,1935,60,60,FWD,13,58,1,ZONE,0
C3B93D0B,1120783,1121161.400,1121161400,1001,1947,1935,60,60,FWD,13,58,1,ZONE,0
C3B93D0B,1120784,1121162.399,1121162399,999,1947,1935,60,60,FWD,13,58,1,ZONE,0
C3B93D0B,1120785,1121163.401,1121163401,1002,1948,1935,60,60,FWD,13,58,1,ZONE,0
C3B93D0B,1120786,1121164.399,1121164399,998,1947,1935,60,60,FWD,13,58,1,ZONE,0
C3B93D0B,1120787,1121165.400,1121165400,1001,1947,1935,60,60,FWD,13,58,1,ZONE,0
C3B93D0B,1120788,1121166.399,1121166399,999,1947,1935,60,60,FWD,13,58,1,ZONE,0
C3B93D0B,1120789,1121167.400,1121167400,1001,1949,1935,60,60,FWD,13,58,1,ZONE,0
C3B93D0B,1120790,1121168.399,1121168399,999,1949,1935,60,60,FWD,13,58,1,ZONE,0
C3B93D0B,1120791,1121169.400,1121169400,1001,1948,1935,60,60,FWD,13,58,1,ZONE,0
C3B93D0B,1120792,1121170.399,1121170399,999,1949,1935,60,60,FWD,13,58,1,ZONE,0
C3B93D0B,1120793,1121171.400,1121171400,1001,1949,1935,60,60,FWD,13,58,1,ZONE,0
C3B93D0B,1120794,1121172.399,1121172399,999,1948,1935,60,60,FWD,13,58,1,ZONE,0
C3B93D0B,1120795,1121173.401,1121173401,1002,1951,1935,60,60,FWD,13,58,1,ZONE,0
C3B93D0B,1120796,1121174.399,1121174399,998,1951,1935,60,60,FWD,13,58,1,ZONE,0
C3B93D0B,1120797,1121175.400,1121175400,1001,1951,1935,60,60,FWD,13,58,1,ZONE,0
C3B93D0B,1120798,1121176.399,1121176399,999,1951,1935,60,60,FWD,13,58,1,ZONE,0
C3B93D0B,1120799,1121177.400,1121177400,1001,1950,1935,60,60,FWD,13,58,1,ZONE,0
C3B93D0B,1120800,1121178.399,1121178399,999,1952,1935,60,60,FWD,13,58,1,ZONE,0
C3B93D0B,1120801,1121179.400,1121179400,1001,1952,1935,60,60,FWD,13,58,1,ZONE,0
C3B93D0B,1120802,1121180.399,1121180399,999,1953,1935,60,60,FWD,13,58,1,ZONE,0
C3B93D0B,1120803,1121181.400,1121181400,1001,1953,1935,60,60,FWD,13,58,1,ZONE,0
C3B93D0B,1120804,1121182.399,1121182399,999,1953,1935,60,60,FWD,13,58,1,ZONE,0
C3B93D0B,1120805,1121183.401,1121183401,1002,1953,1935,60,60,FWD,13,58,1,ZONE,0
C3B93D0B,1120806,1121185.235,1121185235,1834,1943,1935,60,60,FWD,45,58,1,ZONE,0
C3B93D0B,1120807,1121185.547,1121185547,312,1936,1935,60,60,FWD,13,58,1,ZONE,0
C3B93D0B,1120808,1121186.400,1121186400,853,1943,1935,60,60,FWD,13,58,1,ZONE,0
C3B93D0B,1120809,1121187.399,1121187399,999,1945,1935,60,60,FWD,13,58,1,ZONE,0
C3B93D0B,1120810,1121188.400,1121188400,1001,1947,1935,60,60,FWD,13,58,1,ZONE,0
C3B93D0B,1120811,1121189.399,1121189399,999,1950,1935,60,60,FWD,13,58,1,ZONE,0
C3B93D0B,1120812,1121190.400,1121190400,1001,1952,1935,60,60,FWD,13,58,1,ZONE,0
C3B93D0B,1120813,1121191.399,1121191399,999,1949,1935,60,60,FWD,13,58,1,ZONE,0
C3B93D0B,1120814,1121192.400,1121192400,1001,1951,1935,60,60,FWD,13,58,1,ZONE,0
C3B93D0B,1120815,1121193.400,1121193400,1000,1952,1935,60,60,FWD,13,58,1,ZONE,0
C3B93D0B,1120816,1121194.400,1121194400,1000,1952,1935,60,60,FWD,13,58,1,ZONE,0
C3B93D0B,1120817,1121195.399,1121195399,999,1951,1935,60,60,FWD,13,58,1,ZONE,0
C3B93D0B,1120818,1121196.400,1121196400,1001,1951,1935,60,60,FWD,13,58,1,ZONE,0
C3B93D0B,1120819,1121197.399,1121197399,999,1953,1935,60,60,FWD,13,58,1,ZONE,0
C3B93D0B,1120820,1121198.400,1121198400,1001,1952,1935,60,60,FWD,13,58,1,ZONE,0
C3B93D0B,1120821,1121199.399,1121199399,999,1955,1935,60,60,FWD,13,58,1,ZONE,0
C3B93D0B,1120822,1121200.400,1121200400,1001,1955,1935,60,60,FWD,13,58,1,ZONE,0
C3B93D0B,1120823,1121201.399,1121201399,999,1955,1935,60,60,FWD,13,58,1,ZONE,0
C3B93D0B,1120824,1121202.400,1121202400,1001,1957,1935,60,60,FWD,13,58,1,ZONE,0
C3B93D0B,1120825,1121203.400,1121203400,1000,1957,1935,60,60,FWD,13,58,1,ZONE,0
C3B93D0B,1120826,1121204.400,1121204400,1000,1959,1935,60,60,FWD,13,58,1,ZONE,0
C3B93D0B,1120827,1121205.399,1121205399,999,1961,1935,60,60,FWD,13,58,1,ZONE,0
C3B93D0B,1120828,1121206.400,1121206400,1001,1962,1935,60,60,FWD,13,58,1,ZONE,0
C3B93D0B,1120829,1121207.399,1121207399,999,1963,1935,60,60,FWD,13,58,1,ZONE,0
C3B93D0B,1120830,1121208.400,1121208400,1001,1963,1935,60,60,FWD,13,58,1,ZONE,0
C3B93D0B,1120831,1121209.399,1121209399,999,1965,1935,60,60,FWD,13,58,1,ZONE,0
C3B93D0B,1120832,1121210.400,1121210400,1001,1966,1935,60,60,FWD,13,58,1,ZONE,0
C3B93D0B,1120833,1121211.399,1121211399,999,1966,1935,60,60,FWD,13,58,1,ZONE,0
C3B93D0B,1120834,1121212.400,1121212400,1001,1967,1935,60,60,FWD,13,58,1,ZONE,0
C3B93D0B,1120835,1121213.400,1121213400,1000,1967,1935,60,60,FWD,13,58,1,ZONE,0
C3B93D0B,1120836,1121214.400,1121214400,1000,1968,1935,60,60,FWD,13,58,1,ZONE,0
C3B93D0B,1120837,1121215.399,1121215399,999,1968,1935,60,60,FWD,13,58,1,ZONE,0
C3B93D0B,1120838,1121216.400,1121216400,1001,1969,1935,60,60,FWD,13,58,1,ZONE,0
C3B93D0B,1120839,1121217.399,1121217399,999,1970,1935,60,60,FWD,13,58,1,ZONE,0
C3B93D0B,1120840,1121218.400,1121218400,1001,1973,1935,60,60,FWD,13,58,1,ZONE,0
C3B93D0B,1120841,1121219.399,1121219399,999,1975,1935,60,60,FWD,13,58,1,ZONE,0
C3B93D0B,1120842,1121220.400,1121220400,1001,1973,1935,60,60,FWD,13,58,1,ZONE,0
C3B93D0B,1120843,1121221.399,1121221399,999,1978,1935,60,60,FWD,13,58,1,ZONE,0
C3B93D0B,1120844,1121222.400,1121222400,1001,1977,1935,60,60,FWD,13,58,1,ZONE,0
C3B93D0B,1120845,1121223.400,1121223400,1000,1979,1935,60,60,FWD,13,58,1,ZONE,0
C3B93D0B,1120846,1121224.400,1121224400,1000,1978,1935,60,60,FWD,13,58,1,ZONE,0
C3B93D0B,1120847,1121225.399,1121225399,999,1979,1935,60,60,FWD,13,58,1,ZONE,0
C3B93D0B,1120848,1121226.404,1121226404,1005,1981,1935,60,60,FWD,13,58,1,ZONE,0
C3B93D0B,1120849,1121227.399,1121227399,995,1982,1935,60,60,FWD,13,58,1,ZONE,0
C3B93D0B,1120850,1121228.400,1121228400,1001,1984,1935,60,60,FWD,13,58,1,ZONE,0
C3B93D0B,1120851,1121229.399,1121229399,999,1985,1935,60,60,FWD,13,58,1,ZONE,0
C3B93D0B,1120852,1121230.400,1121230400,1001,1985,1935,60,60,FWD,13,58,1,ZONE,0
C3B93D0B,1120853,1121231.399,1121231399,999,1986,1935,60,60,FWD,13,58,1,ZONE,0
C3B93D0B,1120854,1121232.400,1121232400,1001,1989,1935,60,60,FWD,13,58,1,ZONE,0
C3B93D0B,1120855,1121233.400,1121233400,1000,1988,1935,60,60,FWD,13,58,1,ZONE,0
C3B93D0B,1120856,1121234.400,1121234400,1000,1991,1935,60,60,FWD,13,58,1,ZONE,0
C3B93D0B,1120857,1121235.399,1121235399,999,1991,1935,60,60,FWD,13,58,1,ZONE,0
C3B93D0B,1120858,1121236.522,1121236522,1123,1997,1935,60,60,FWD,13,58,1,ZONE,0
C3B93D0B,1120859,1121237.399,1121237399,877,1998,1935,60,60,FWD,13,58,1,ZONE,0
C3B93D0B,1120860,1121238.400,1121238400,1001,1998,1935,60,60,FWD,13,58,1,ZONE,0
C3B93D0B,1120861,1121239.399,1121239399,999,2000,1935,60,60,FWD,13,58,1,ZONE,0
C3B93D0B,1120862,1121240.400,1121240400,1001,2000,1935,60,60,FWD,13,58,1,ZONE,0
C3B93D0B,1120863,1121241.399,1121241399,999,2001,1935,60,60,FWD,13,58,1,ZONE,0
C3B93D0B,1120864,1121242.403,1121242403,1004,2013,1935,60,60,FWD,13,58,1,ZONE,0
C3B93D0B,1120865,1121243.400,1121243400,997,2017,1935,60,60,FWD,29,58,1,ZONE,0
C3B93D0B,1120866,1121244.400,1121244400,1000,2017,1935,60,60,FWD,29,58,1,ZONE,0
C3B93D0B,1120867,1121245.399,1121245399,999,2019,1935,60,60,FWD,29,58,1,ZONE,0
C3B93D0B,1120868,1121246.400,1121246400,1001,2020,1935,60,60,FWD,29,58,1,ZONE,0
C3B93D0B,1120869,1121247.399,1121247399,999,2022,1935,60,60,FWD,29,58,1,ZONE,0
C3B93D0B,1120870,1121248.400,1121248400,1001,2025,1935,60,60,FWD,29,58,1,ZONE,0
C3B93D0B,1120871,1121249.399,1121249399,999,2027,1935,60,60,FWD,29,58,1,ZONE,0
C3B93D0B,1120872,1121250.400,1121250400,1001,2029,1935,60,60,FWD,29,58,1,ZONE,0
C3B93D0B,1120873,1121251.399,1121251399,999,2030,1935,60,60,FWD,29,58,1,ZONE,0
C3B93D0B,1120874,1121252.400,1121252400,1001,2031,1935,60,60,FWD,29,58,1,ZONE,0
C3B93D0B,1120875,1121253.400,1121253400,1000,2032,1935,60,60,FWD,29,58,1,ZONE,0
C3B93D0B,1120876,1121254.401,1121254401,1001,2032,1935,60,60,FWD,29,58,1,ZONE,0
C3B93D0B,1120877,1121255.861,1121255861,1460,2018,1935,60,60,FWD,61,58,1,ZONE,0
C3B93D0B,1120878,1121256.550,1121256550,689,2025,1935,60,60,FWD,29,58,1,ZONE,0
C3B93D0B,1120879,1121257.401,1121257401,851,2028,1935,60,60,FWD,29,58,1,ZONE,0
C3B93D0B,1120880,1121258.400,1121258400,999,2028,1935,60,60,FWD,29,58,1,ZONE,0
C3B93D0B,1120881,1121259.400,1121259400,1000,2032,1935,60,60,FWD,29,58,1,ZONE,0
C3B93D0B,1120882,1121260.400,1121260400,1000,2032,1935,60,60,FWD,29,58,1,ZONE,0
C3B93D0B,1120883,1121261.399,1121261399,999,2032,1935,60,60,FWD,29,58,1,ZONE,0
C3B93D0B,1120884,1121262.400,1121262400,1001,2033,1935,60,60,FWD,29,58,1,ZONE,0
C3B93D0B,1120885,1121263.399,1121263399,999,2038,1935,60,60,FWD,29,58,1,ZONE,0
C3B93D0B,1120886,1121264.400,1121264400,1001,2038,1935,60,60,FWD,29,58,1,ZONE,0
C3B93D0B,1120887,1121265.399,1121265399,999,2041,1935,60,60,FWD,29,58,1,ZONE,0
C3B93D0B,1120888,1121266.400,1121266400,1001,2042,1935,60,60,FWD,29,58,1,ZONE,0
C3B93D0B,1120889,1121267.400,1121267400,1000,2046,1935,60,60,FWD,29,58,1,ZONE,0
C3B93D0B,1120890,1121268.400,1121268400,1000,2047,1935,60,60,FWD,29,58,1,ZONE,0
C3B93D0B,1120891,1121269.399,1121269399,999,2054,1935,60,60,FWD,29,58,1,ZONE,0
C3B93D0B,1120892,1121270.400,1121270400,1001,2053,1935,60,60,FWD,29,58,1,ZONE,0
C3B93D0B,1120893,1121271.399,1121271399,999,2057,1935,60,60,FWD,29,58,1,ZONE,0
C3B93D0B,1120894,1121272.400,1121272400,1001,2059,1935,60,60,FWD,29,58,1,ZONE,0
C3B93D0B,1120895,1121273.399,1121273399,999,2062,1935,60,60,FWD,29,58,1,ZONE,0
C3B93D0B,1120896,1121274.400,1121274400,1001,2063,1935,60,60,FWD,29,58,1,ZONE,0
C3B93D0B,1120897,1121275.399,1121275399,999,2064,1935,60,60,FWD,29,58,1,ZONE,0
C3B93D0B,1120898,1121276.400,1121276400,1001,2064,1935,60,60,FWD,29,58,1,ZONE,0
C3B93D0B,1120899,1121277.400,1121277400,1000,2066,1935,60,60,FWD,29,58,1,ZONE,0
C3B93D0B,1120900,1121278.631,1121278631,1231,2064,1935,60,60,FWD,29,58,1,ZONE,0
C3B93D0B,1120901,1121279.399,1121279399,768,2065,1935,60,60,FWD,29,58,1,ZONE,0
C3B93D0B,1120902,1121280.400,1121280400,1001,2070,1935,60,60,FWD,29,58,1,ZONE,0
C3B93D0B,1120903,1121281.399,1121281399,999,2073,1935,60,60,FWD,29,58,1,ZONE,0
C3B93D0B,1120904,1121282.400,1121282400,1001,2075,1935,60,60,FWD,29,58,1,ZONE,0
C3B93D0B,1120905,1121283.399,1121283399,999,2078,1935,60,60,FWD,29,58,1,ZONE,0
C3B93D0B,1120906,1121284.400,1121284400,1001,2080,1935,60,60,FWD,29,58,1,ZONE,0
C3B93D0B,1120907,1121285.399,1121285399,999,2081,1935,60,60,FWD,29,58,1,ZONE,0
C3B93D0B,1120908,1121286.400,1121286400,1001,2081,1935,60,60,FWD,29,58,1,ZONE,0
C3B93D0B,1120909,1121287.400,1121287400,1000,2083,1935,60,60,FWD,29,58,1,ZONE,0
C3B93D0B,1120910,1121288.400,1121288400,1000,2085,1935,60,60,FWD,29,58,1,ZONE,0
C3B93D0B,1120911,1121289.399,1121289399,999,2087,1935,60,60,FWD,29,58,1,ZONE,0
C3B93D0B,1120912,1121290.400,1121290400,1001,2091,1935,60,60,FWD,29,58,1,ZONE,0
C3B93D0B,1120913,1121291.399,1121291399,999,2090,1935,60,60,FWD,29,58,1,ZONE,0
C3B93D0B,1120914,1121292.400,1121292400,1001,2091,1935,60,60,FWD,29,58,1,ZONE,0
C3B93D0B,1120915,1121293.399,1121293399,999,2093,1935,60,60,FWD,29,58,1,ZONE,0
C3B93D0B,1120916,1121294.400,1121294400,1001,2095,1935,60,60,FWD,29,58,1,ZONE,0
C3B93D0B,1120917,1121295.399,1121295399,999,2095,1935,60,60,FWD,29,58,1,ZONE,0
C3B93D0B,1120918,1121296.400,1121296400,1001,2096,1935,60,60,FWD,29,58,1,ZONE,0
C3B93D0B,1120919,1121297.400,1121297400,1000,2097,1935,60,60,FWD,29,58,1,ZONE,0
C3B93D0B,1120920,1121298.400,1121298400,1000,2101,1935,60,60,FWD,29,58,1,ZONE,0
C3B93D0B,1120921,1121299.399,1121299399,999,2100,1935,60,60,FWD,29,58,1,ZONE,0
C3B93D0B,1120922,1121301.851,1121301851,2452,2105,1935,60,60,FWD,61,58,1,ZONE,0
C3B93D0B,1120923,1121302.189,1121302189,338,2105,1935,60,60,FWD,29,58,1,ZONE,0
C3B93D0B,1120924,1121302.425,1121302425,236,2105,1935,60,60,FWD,29,58,1,ZONE,0
C3B93D0B,1120925,1121303.399,1121303399,974,2105,1935,60,60,FWD,29,58,1,ZONE,0
C3B93D0B,1120926,1121304.400,1121304400,1001,2103,1935,60,60,FWD,29,58,1,ZONE,0
C3B93D0B,1120927,1121305.519,1121305519,1119,2105,1935,60,60,FWD,29,58,1,ZONE,0
C3B93D0B,1120928,1121306.403,1121306403,884,2110,1935,60,60,FWD,29,58,1,ZONE,0
C3B93D0B,1120929,1121307.400,1121307400,997,2110,1935,60,60,FWD,29,58,1,ZONE,0
