source_session,sample_seq,t_ms,t_us,dt_us,raw,baseline,pwm_actual,pwm_commanded,direction,flags,nav_mm,nav_direction,station_phase,gap_before
C3B93D0B,2418075,2418453.400,2418453400,1001,1903,1935,90,90,FWD,13,8,-1,IDLE,0
C3B93D0B,2418076,2418454.400,2418454400,1000,1901,1935,90,90,FWD,13,8,-1,IDLE,0
C3B93D0B,2418077,2418455.400,2418455400,1000,1901,1935,90,90,FWD,13,8,-1,IDLE,0
C3B93D0B,2418078,2418456.399,2418456399,999,1901,1935,90,90,FWD,13,8,-1,IDLE,0
C3B93D0B,2418079,2418457.403,2418457403,1004,1910,1935,90,90,FWD,13,8,-1,IDLE,0
C3B93D0B,2418080,2418458.399,2418458399,996,1911,1935,90,90,FWD,13,8,-1,IDLE,0
C3B93D0B,2418081,2418459.400,2418459400,1001,1909,1935,90,90,FWD,13,8,-1,IDLE,0
C3B93D0B,2418082,2418460.399,2418460399,999,1911,1935,90,90,FWD,13,8,-1,IDLE,0
C3B93D0B,2418083,2418461.400,2418461400,1001,1909,1935,90,90,FWD,13,8,-1,IDLE,0
C3B93D0B,2418084,2418462.399,2418462399,999,1911,1935,90,90,FWD,13,8,-1,IDLE,0
C3B93D0B,2418085,2418463.400,2418463400,1001,1911,1935,90,90,FWD,13,8,-1,IDLE,0
C3B93D0B,2418086,2418464.400,2418464400,1000,1908,1935,90,90,FWD,13,8,-1,IDLE,0
C3B93D0B,2418087,2418465.400,2418465400,1000,1907,1935,90,90,FWD,13,8,-1,IDLE,0
C3B93D0B,2418088,2418466.399,2418466399,999,1910,1935,90,90,FWD,13,8,-1,IDLE,0
C3B93D0B,2418089,2418467.400,2418467400,1001,1910,1935,90,90,FWD,13,8,-1,IDLE,0
C3B93D0B,2418090,2418468.399,2418468399,999,1907,1935,90,90,FWD,13,8,-1,IDLE,0
C3B93D0B,2418091,2418469.400,2418469400,1001,1910,1935,90,90,FWD,13,8,-1,IDLE,0
C3B93D0B,2418092,2418470.399,2418470399,999,1909,1935,90,90,FWD,13,8,-1,IDLE,0
C3B93D0B,2418093,2418471.400,2418471400,1001,1907,1935,90,90,FWD,13,8,-1,IDLE,0
C3B93D0B,2418094,2418472.399,2418472399,999,1909,1935,90,90,FWD,13,8,-1,IDLE,0
C3B93D0B,2418095,2418473.400,2418473400,1001,1909,1935,90,90,FWD,13,8,-1,IDLE,0
C3B93D0B,2418096,2418474.400,2418474400,1000,1908,1935,90,90,FWD,13,8,-1,IDLE,0
C3B93D0B,2418097,2418475.400,2418475400,1000,1909,1935,90,90,FWD,13,8,-1,IDLE,0
C3B93D0B,2418098,2418476.399,2418476399,999,1909,1935,90,90,FWD,13,8,-1,IDLE,0
C3B93D0B,2418099,2418477.400,2418477400,1001,1907,1935,90,90,FWD,13,8,-1,IDLE,0
C3B93D0B,2418100,2418478.399,2418478399,999,1909,1935,90,90,FWD,13,8,-1,IDLE,0
C3B93D0B,2418101,2418479.400,2418479400,1001,1907,1935,90,90,FWD,13,8,-1,IDLE,0
C3B93D0B,2418102,2418480.399,2418480399,999,1908,1935,90,90,FWD,13,8,-1,IDLE,0
C3B93D0B,2418103,2418481.400,2418481400,1001,1909,1935,90,90,FWD,13,8,-1,IDLE,0
C3B93D0B,2418104,2418482.399,2418482399,999,1907,1935,90,90,FWD,13,8,-1,IDLE,0
C3B93D0B,2418105,2418483.400,2418483400,1001,1905,1935,90,90,FWD,13,8,-1,IDLE,0
C3B93D0B,2418106,2418484.400,2418484400,1000,1907,1935,90,90,FWD,13,8,-1,IDLE,0
C3B93D0B,2418107,2418486.152,2418486152,1752,1899,1935,90,90,FWD,45,8,-1,IDLE,0
C3B93D0B,2418108,2418486.510,2418486510,358,1899,1935,90,90,FWD,13,8,-1,IDLE,0
C3B93D0B,2418109,2418487.501,2418487501,991,1899,1935,90,90,FWD,13,8,-1,IDLE,0
C3B93D0B,2418110,2418488.399,2418488399,898,1901,1935,90,90,FWD,13,8,-1,IDLE,0
C3B93D0B,2418111,2418489.400,2418489400,1001,1899,1935,90,90,FWD,13,8,-1,IDLE,0
C3B93D0B,2418112,2418490.399,2418490399,999,1900,1935,90,90,FWD,13,8,-1,IDLE,0
C3B93D0B,2418113,2418491.400,2418491400,1001,1899,1935,90,90,FWD,13,8,-1,IDLE,0
C3B93D0B,2418114,2418492.399,2418492399,999,1900,1935,90,90,FWD,13,8,-1,IDLE,0
C3B93D0B,2418115,2418493.400,2418493400,1001,1898,1935,90,90,FWD,13,8,-1,IDLE,0
C3B93D0B,2418116,2418494.400,2418494400,1000,1899,1935,90,90,FWD,13,8,-1,IDLE,0
C3B93D0B,2418117,2418495.400,2418495400,1000,1901,1935,90,90,FWD,13,8,-1,IDLE,0
C3B93D0B,2418118,2418496.399,2418496399,999,1901,1935,90,90,FWD,13,8,-1,IDLE,0
C3B93D0B,2418119,2418497.400,2418497400,1001,1900,1935,90,90,FWD,13,8,-1,IDLE,0
C3B93D0B,2418120,2418498.399,2418498399,999,1901,1935,90,90,FWD,13,8,-1,IDLE,0
C3B93D0B,2418121,2418499.400,2418499400,1001,1903,1935,90,90,FWD,13,8,-1,IDLE,0
C3B93D0B,2418122,2418500.399,2418500399,999,1902,1935,90,90,FWD,13,8,-1,IDLE,0
C3B93D0B,2418123,2418501.400,2418501400,1001,1901,1935,90,90,FWD,13,8,-1,IDLE,0
C3B93D0B,2418124,2418502.399,2418502399,999,1902,1935,90,90,FWD,13,8,-1,IDLE,0
C3B93D0B,2418125,2418503.400,2418503400,1001,1902,1935,90,90,FWD,13,8,-1,IDLE,0
C3B93D0B,2418126,2418504.400,2418504400,1000,1900,1935,90,90,FWD,13,8,-1,IDLE,0
C3B93D0B,2418127,2418505.400,2418505400,1000,1900,1935,90,90,FWD,13,8,-1,IDLE,0
C3B93D0B,2418128,2418506.399,2418506399,999,1902,1935,90,90,FWD,13,8,-1,IDLE,0
C3B93D0B,2418129,2418507.400,2418507400,1001,1899,1935,90,90,FWD,13,8,-1,IDLE,0
C3B93D0B,2418130,2418508.399,2418508399,999,1902,1935,90,90,FWD,13,8,-1,IDLE,0
C3B93D0B,2418131,2418509.400,2418509400,1001,1903,1935,90,90,FWD,13,8,-1,IDLE,0
C3B93D0B,2418132,2418510.399,2418510399,999,1902,1935,90,90,FWD,13,8,-1,IDLE,0
C3B93D0B,2418133,2418511.400,2418511400,1001,1899,1935,90,90,FWD,13,8,-1,IDLE,0
C3B93D0B,2418134,2418512.399,2418512399,999,1902,1935,90,90,FWD,13,8,-1,IDLE,0
C3B93D0B,2418135,2418513.400,2418513400,1001,1901,1935,90,90,FWD,13,8,-1,IDLE,0
C3B93D0B,2418136,2418514.400,2418514400,1000,1902,1935,90,90,FWD,13,8,-1,IDLE,0
C3B93D0B,2418137,2418515.766,2418515766,1366,1903,1935,90,90,FWD,45,8,-1,IDLE,0
C3B93D0B,2418138,2418516.399,2418516399,633,1903,1935,90,90,FWD,13,8,-1,IDLE,0
C3B93D0B,2418139,2418517.400,2418517400,1001,1902,1935,90,90,FWD,13,8,-1,IDLE,0
C3B93D0B,2418140,2418518.399,2418518399,999,1902,1935,90,90,FWD,13,8,-1,IDLE,0
C3B93D0B,2418141,2418519.400,2418519400,1001,1904,1935,90,90,FWD,13,8,-1,IDLE,0
C3B93D0B,2418142,2418520.399,2418520399,999,1901,1935,90,90,FWD,13,8,-1,IDLE,0
C3B93D0B,2418143,2418521.400,2418521400,1001,1902,1935,90,90,FWD,13,8,-1,IDLE,0
C3B93D0B,2418144,2418522.399,2418522399,999,1902,1935,90,90,FWD,13,8,-1,IDLE,0
C3B93D0B,2418145,2418523.400,2418523400,1001,1902,1935,90,90,FWD,13,8,-1,IDLE,0
C3B93D0B,2418146,2418524.400,2418524400,1000,1901,1935,90,90,FWD,13,8,-1,IDLE,0
C3B93D0B,2418147,2418525.400,2418525400,1000,1902,1935,90,90,FWD,13,8,-1,IDLE,0
C3B93D0B,2418148,2418526.399,2418526399,999,1903,1935,90,90,FWD,13,8,-1,IDLE,0
C3B93D0B,2418149,2418527.400,2418527400,1001,1903,1935,90,90,FWD,13,8,-1,IDLE,0
C3B93D0B,2418150,2418528.399,2418528399,999,1903,1935,90,90,FWD,13,8,-1,IDLE,0
C3B93D0B,2418151,2418529.400,2418529400,1001,1901,1935,90,90,FWD,13,8,-1,IDLE,0
C3B93D0B,2418152,2418530.399,2418530399,999,1902,1935,90,90,FWD,13,8,-1,IDLE,0
C3B93D0B,2418153,2418531.400,2418531400,1001,1902,1935,90,90,FWD,13,8,-1,IDLE,0
C3B93D0B,2418154,2418532.399,2418532399,999,1902,1935,90,90,FWD,13,8,-1,IDLE,0
C3B93D0B,2418155,2418533.400,2418533400,1001,1901,1935,90,90,FWD,13,8,-1,IDLE,0
C3B93D0B,2418156,2418534.400,2418534400,1000,1901,1935,90,90,FWD,13,8,-1,IDLE,0
C3B93D0B,2418157,2418535.400,2418535400,1000,1902,1935,90,90,FWD,13,8,-1,IDLE,0
C3B93D0B,2418158,2418536.399,2418536399,999,1901,1935,90,90,FWD,13,8,-1,IDLE,0
C3B93D0B,2418159,2418537.400,2418537400,1001,1901,1935,90,90,FWD,13,8,-1,IDLE,0
C3B93D0B,2418160,2418538.399,2418538399,999,1900,1935,90,90,FWD,13,8,-1,IDLE,0
C3B93D0B,2418161,2418539.400,2418539400,1001,1901,1935,90,90,FWD,13,8,-1,IDLE,0
C3B93D0B,2418162,2418540.399,2418540399,999,1902,1935,90,90,FWD,13,8,-1,IDLE,0
C3B93D0B,2418163,2418541.400,2418541400,1001,1902,1935,90,90,FWD,13,8,-1,IDLE,0
C3B93D0B,2418164,2418542.399,2418542399,999,1903,1935,90,90,FWD,13,8,-1,IDLE,0
C3B93D0B,2418165,2418543.400,2418543400,1001,1902,1935,90,90,FWD,13,8,-1,IDLE,0
C3B93D0B,2418166,2418544.400,2418544400,1000,1903,1935,90,90,FWD,13,8,-1,IDLE,0
C3B93D0B,2418167,2418545.400,2418545400,1000,1901,1935,90,90,FWD,13,8,-1,IDLE,0
C3B93D0B,2418168,2418546.402,2418546402,1002,1911,1935,90,90,FWD,13,8,-1,IDLE,0
C3B93D0B,2418169,2418547.400,2418547400,998,1911,1935,90,90,FWD,13,8,-1,IDLE,0
C3B93D0B,2418170,2418548.399,2418548399,999,1910,1935,90,90,FWD,13,8,-1,IDLE,0
C3B93D0B,2418171,2418549.400,2418549400,1001,1910,1935,90,90,FWD,13,8,-1,IDLE,0
C3B93D0B,2418172,2418550.399,2418550399,999,1911,1935,90,90,FWD,13,8,-1,IDLE,0
C3B93D0B,2418173,2418551.400,2418551400,1001,1910,1935,90,90,FWD,13,8,-1,IDLE,0
C3B93D0B,2418174,2418552.399,2418552399,999,1909,1935,90,90,FWD,13,8,-1,IDLE,0
C3B93D0B,2418175,2418553.400,2418553400,1001,1910,1935,90,90,FWD,13,8,-1,IDLE,0
C3B93D0B,2418176,2418554.400,2418554400,1000,1910,1935,90,90,FWD,13,8,-1,IDLE,0
C3B93D0B,2418177,2418555.400,2418555400,1000,1909,1935,90,90,FWD,13,8,-1,IDLE,0
C3B93D0B,2418178,2418556.399,2418556399,999,1909,1935,90,90,FWD,13,8,-1,IDLE,0
C3B93D0B,2418179,2418557.400,2418557400,1001,1907,1935,90,90,FWD,13,8,-1,IDLE,0
C3B93D0B,2418180,2418558.399,2418558399,999,1910,1935,90,90,FWD,13,8,-1,IDLE,0
C3B93D0B,2418181,2418559.400,2418559400,1001,1909,1935,90,90,FWD,13,8,-1,IDLE,0
C3B93D0B,2418182,2418560.399,2418560399,999,1909,1935,90,90,FWD,13,8,-1,IDLE,0
C3B93D0B,2418183,2418561.400,2418561400,1001,1908,1935,90,90,FWD,13,8,-1,IDLE,0
C3B93D0B,2418184,2418562.399,2418562399,999,1909,1935,90,90,FWD,13,8,-1,IDLE,0
C3B93D0B,2418185,2418563.400,2418563400,1001,1908,1935,90,90,FWD,13,8,-1,IDLE,0
C3B93D0B,2418186,2418564.400,2418564400,1000,1907,1935,90,90,FWD,13,8,-1,IDLE,0
C3B93D0B,2418187,2418565.400,2418565400,1000,1908,1935,90,90,FWD,13,8,-1,IDLE,0
C3B93D0B,2418188,2418566.399,2418566399,999,1909,1935,90,90,FWD,13,8,-1,IDLE,0
C3B93D0B,2418189,2418567.400,2418567400,1001,1909,1935,90,90,FWD,13,8,-1,IDLE,0
C3B93D0B,2418190,2418568.399,2418568399,999,1909,1935,90,90,FWD,13,8,-1,IDLE,0
C3B93D0B,2418191,2418569.400,2418569400,1001,1910,1935,90,90,FWD,13,8,-1,IDLE,0
C3B93D0B,2418192,2418570.399,2418570399,999,1909,1935,90,90,FWD,13,8,-1,IDLE,0
C3B93D0B,2418193,2418571.400,2418571400,1001,1908,1935,90,90,FWD,13,8,-1,IDLE,0
C3B93D0B,2418194,2418572.399,2418572399,999,1910,1935,90,90,FWD,13,8,-1,IDLE,0
C3B93D0B,2418195,2418573.400,2418573400,1001,1909,1935,90,90,FWD,13,8,-1,IDLE,0
C3B93D0B,2418196,2418574.400,2418574400,1000,1908,1935,90,90,FWD,13,8,-1,IDLE,0
C3B93D0B,2418197,2418575.400,2418575400,1000,1908,1935,90,90,FWD,13,8,-1,IDLE,0
C3B93D0B,2418198,2418576.399,2418576399,999,1909,1935,90,90,FWD,13,8,-1,IDLE,0
C3B93D0B,2418199,2418577.400,2418577400,1001,1907,1935,90,90,FWD,13,8,-1,IDLE,0
C3B93D0B,2418200,2418578.399,2418578399,999,1908,1935,90,90,FWD,13,8,-1,IDLE,0
C3B93D0B,2418201,2418579.400,2418579400,1001,1910,1935,90,90,FWD,13,8,-1,IDLE,0
C3B93D0B,2418202,2418580.399,2418580399,999,1907,1935,90,90,FWD,13,8,-1,IDLE,0
C3B93D0B,2418203,2418581.400,2418581400,1001,1909,1935,90,90,FWD,13,8,-1,IDLE,0
C3B93D0B,2418204,2418582.399,2418582399,999,1907,1935,90,90,FWD,13,8,-1,IDLE,0
C3B93D0B,2418205,2418583.400,2418583400,1001,1909,1935,90,90,FWD,13,8,-1,IDLE,0
C3B93D0B,2418206,2418584.400,2418584400,1000,1906,1935,90,90,FWD,13,8,-1,IDLE,0
C3B93D0B,2418207,2418586.134,2418586134,1734,1902,1935,90,90,FWD,45,8,-1,IDLE,0
C3B93D0B,2418208,2418586.491,2418586491,357,1899,1935,90,90,FWD,13,8,-1,IDLE,0
C3B93D0B,2418209,2418587.403,2418587403,912,1901,1935,90,90,FWD,13,8,-1,IDLE,0
C3B93D0B,2418210,2418588.399,2418588399,996,1899,1935,90,90,FWD,13,8,-1,IDLE,0
C3B93D0B,2418211,2418589.400,2418589400,1001,1898,1935,90,90,FWD,13,8,-1,IDLE,0
C3B93D0B,2418212,2418590.399,2418590399,999,1899,1935,90,90,FWD,13,8,-1,IDLE,0
C3B93D0B,2418213,2418591.400,2418591400,1001,1901,1935,90,90,FWD,13,8,-1,IDLE,0
C3B93D0B,2418214,2418592.399,2418592399,999,1902,1935,90,90,FWD,13,8,-1,IDLE,0
C3B93D0B,2418215,2418593.400,2418593400,1001,1899,1935,90,90,FWD,13,8,-1,IDLE,0
C3B93D0B,2418216,2418594.400,2418594400,1000,1902,1935,90,90,FWD,13,8,-1,IDLE,0
C3B93D0B,2418217,2418595.400,2418595400,1000,1903,1935,90,90,FWD,13,8,-1,IDLE,0
C3B93D0B,2418218,2418596.399,2418596399,999,1901,1935,90,90,FWD,13,8,-1,IDLE,0
C3B93D0B,2418219,2418597.400,2418597400,1001,1902,1935,90,90,FWD,13,8,-1,IDLE,0
C3B93D0B,2418220,2418598.399,2418598399,999,1901,1935,90,90,FWD,13,8,-1,IDLE,0
C3B93D0B,2418221,2418599.400,2418599400,1001,1902,1935,90,90,FWD,13,8,-1,IDLE,0
C3B93D0B,2418222,2418600.399,2418600399,999,1903,1935,90,90,FWD,13,8,-1,IDLE,0
C3B93D0B,2418223,2418601.400,2418601400,1001,1901,1935,90,90,FWD,13,8,-1,IDLE,0
C3B93D0B,2418224,2418602.399,2418602399,999,1900,1935,90,90,FWD,13,8,-1,IDLE,0
C3B93D0B,2418225,2418603.400,2418603400,1001,1904,1935,90,90,FWD,13,8,-1,IDLE,0
C3B93D0B,2418226,2418604.400,2418604400,1000,1903,1935,90,90,FWD,13,8,-1,IDLE,0
C3B93D0B,2418227,2418605.400,2418605400,1000,1903,1935,90,90,FWD,13,8,-1,IDLE,0
C3B93D0B,2418228,2418606.399,2418606399,999,1903,1935,90,90,FWD,13,8,-1,IDLE,0
C3B93D0B,2418229,2418607.400,2418607400,1001,1902,1935,90,90,FWD,13,8,-1,IDLE,0
C3B93D0B,2418230,2418608.399,2418608399,999,1902,1935,90,90,FWD,13,8,-1,IDLE,0
C3B93D0B,2418231,2418609.400,2418609400,1001,1902,1935,90,90,FWD,13,8,-1,IDLE,0
C3B93D0B,2418232,2418610.399,2418610399,999,1902,1935,90,90,FWD,13,8,-1,IDLE,0
C3B93D0B,2418233,2418611.400,2418611400,1001,1901,1935,90,90,FWD,13,8,-1,IDLE,0
C3B93D0B,2418234,2418612.603,2418612603,1203,1901,1935,90,90,FWD,13,8,-1,IDLE,0
C3B93D0B,2418235,2418613.400,2418613400,797,1899,1935,90,90,FWD,13,8,-1,IDLE,0
C3B93D0B,2418236,2418614.400,2418614400,1000,1904,1935,90,90,FWD,13,8,-1,IDLE,0
C3B93D0B,2418237,2418615.400,2418615400,1000,1903,1935,90,90,FWD,13,8,-1,IDLE,0
C3B93D0B,2418238,2418616.399,2418616399,999,1902,1935,90,90,FWD,13,8,-1,IDLE,0
C3B93D0B,2418239,2418617.400,2418617400,1001,1901,1935,90,90,FWD,13,8,-1,IDLE,0
C3B93D0B,2418240,2418618.399,2418618399,999,1902,1935,90,90,FWD,13,8,-1,IDLE,0
C3B93D0B,2418241,2418619.400,2418619400,1001,1901,1935,90,90,FWD,13,8,-1,IDLE,0
C3B93D0B,2418242,2418620.985,2418620985,1585,1901,1935,90,90,FWD,45,8,-1,IDLE,0
C3B93D0B,2418243,2418621.400,2418621400,415,1901,1935,90,90,FWD,13,8,-1,IDLE,0
C3B93D0B,2418244,2418622.399,2418622399,999,1903,1935,90,90,FWD,13,8,-1,IDLE,0
C3B93D0B,2418245,2418623.400,2418623400,1001,1904,1935,90,90,FWD,13,8,-1,IDLE,0
C3B93D0B,2418246,2418624.400,2418624400,1000,1903,1935,90,90,FWD,13,8,-1,IDLE,0
C3B93D0B,2418247,2418625.400,2418625400,1000,1902,1935,90,90,FWD,13,8,-1,IDLE,0
C3B93D0B,2418248,2418626.399,2418626399,999,1902,1935,90,90,FWD,13,8,-1,IDLE,0
C3B93D0B,2418249,2418627.400,2418627400,1001,1901,1935,90,90,FWD,13,8,-1,IDLE,0
C3B93D0B,2418250,2418628.399,2418628399,999,1902,1935,90,90,FWD,13,8,-1,IDLE,0
C3B93D0B,2418251,2418629.400,2418629400,1001,1900,1935,90,90,FWD,13,8,-1,IDLE,0
C3B93D0B,2418252,2418630.399,2418630399,999,1902,1935,90,90,FWD,13,8,-1,IDLE,0
C3B93D0B,2418253,2418631.400,2418631400,1001,1902,1935,90,90,FWD,13,8,-1,IDLE,0
C3B93D0B,2418254,2418632.399,2418632399,999,1901,1935,90,90,FWD,13,8,-1,IDLE,0
C3B93D0B,2418255,2418633.400,2418633400,1001,1902,1935,90,90,FWD,13,8,-1,IDLE,0
C3B93D0B,2418256,2418634.400,2418634400,1000,1901,1935,90,90,FWD,13,8,-1,IDLE,0
C3B93D0B,2418257,2418635.400,2418635400,1000,1904,1935,90,90,FWD,13,8,-1,IDLE,0
C3B93D0B,2418258,2418636.399,2418636399,999,1902,1935,90,90,FWD,13,8,-1,IDLE,0
C3B93D0B,2418259,2418637.783,2418637783,1384,1903,1935,90,90,FWD,45,8,-1,IDLE,0
C3B93D0B,2418260,2418638.399,2418638399,616,1901,1935,90,90,FWD,13,8,-1,IDLE,0
C3B93D0B,2418261,2418639.400,2418639400,1001,1902,1935,90,90,FWD,13,8,-1,IDLE,0
C3B93D0B,2418262,2418640.399,2418640399,999,1904,1935,90,90,FWD,13,8,-1,IDLE,0
C3B93D0B,2418263,2418641.400,2418641400,1001,1903,1935,90,90,FWD,13,8,-1,IDLE,0
C3B93D0B,2418264,2418642.399,2418642399,999,1901,1935,90,90,FWD,13,8,-1,IDLE,0
C3B93D0B,2418265,2418643.400,2418643400,1001,1903,1935,90,90,FWD,13,8,-1,IDLE,0
C3B93D0B,2418266,2418644.400,2418644400,1000,1904,1935,90,90,FWD,13,8,-1,IDLE,0
C3B93D0B,2418267,2418645.403,2418645403,1003,1911,1935,90,90,FWD,13,8,-1,IDLE,0
C3B93D0B,2418268,2418646.578,2418646578,1175,1911,1935,90,90,FWD,13,8,-1,IDLE,0
C3B93D0B,2418269,2418647.400,2418647400,822,1910,1935,90,90,FWD,13,8,-1,IDLE,0
C3B93D0B,2418270,2418648.399,2418648399,999,1910,1935,90,90,FWD,13,8,-1,IDLE,0
C3B93D0B,2418271,2418649.400,2418649400,1001,1909,1935,90,90,FWD,13,8,-1,IDLE,0
C3B93D0B,2418272,2418650.399,2418650399,999,1911,1935,90,90,FWD,13,8,-1,IDLE,0
C3B93D0B,2418273,2418651.400,2418651400,1001,1910,1935,90,90,FWD,13,8,-1,IDLE,0
C3B93D0B,2418274,2418652.399,2418652399,999,1909,1935,90,90,FWD,13,8,-1,IDLE,0
C3B93D0B,2418275,2418653.400,2418653400,1001,1909,1935,90,90,FWD,13,8,-1,IDLE,0
C3B93D0B,2418276,2418654.400,2418654400,1000,1910,1935,90,90,FWD,13,8,-1,IDLE,0
C3B93D0B,2418277,2418655.400,2418655400,1000,1910,1935,90,90,FWD,13,8,-1,IDLE,0
C3B93D0B,2418278,2418656.399,2418656399,999,1910,1935,90,90,FWD,13,8,-1,IDLE,0
C3B93D0B,2418279,2418657.400,2418657400,1001,1909,1935,90,90,FWD,13,8,-1,IDLE,0
C3B93D0B,2418280,2418658.399,2418658399,999,1908,1935,90,90,FWD,13,8,-1,IDLE,0
C3B93D0B,2418281,2418659.400,2418659400,1001,1907,1935,90,90,FWD,13,8,-1,IDLE,0
C3B93D0B,2418282,2418660.399,2418660399,999,1909,1935,90,90,FWD,13,8,-1,IDLE,0
C3B93D0B,2418283,2418661.400,2418661400,1001,1910,1935,90,90,FWD,13,8,-1,IDLE,0
C3B93D0B,2418284,2418662.399,2418662399,999,1910,1935,90,90,FWD,13,8,-1,IDLE,0
C3B93D0B,2418285,2418663.400,2418663400,1001,1911,1935,90,90,FWD,13,8,-1,IDLE,0
C3B93D0B,2418286,2418664.400,2418664400,1000,1907,1935,90,90,FWD,13,8,-1,IDLE,0
C3B93D0B,2418287,2418665.400,2418665400,1000,1911,1935,90,90,FWD,13,8,-1,IDLE,0
C3B93D0B,2418288,2418666.399,2418666399,999,1909,1935,90,90,FWD,13,8,-1,IDLE,0
C3B93D0B,2418289,2418667.400,2418667400,1001,1910,1935,90,90,FWD,13,8,-1,IDLE,0
C3B93D0B,2418290,2418668.399,2418668399,999,1908,1935,90,90,FWD,13,8,-1,IDLE,0
C3B93D0B,2418291,2418669.400,2418669400,1001,1909,1935,90,90,FWD,13,8,-1,IDLE,0
C3B93D0B,2418292,2418670.399,2418670399,999,1907,1935,90,90,FWD,13,8,-1,IDLE,0
C3B93D0B,2418293,2418671.400,2418671400,1001,1909,1935,90,90,FWD,13,8,-1,IDLE,0
C3B93D0B,2418294,2418672.399,2418672399,999,1909,1935,90,90,FWD,13,8,-1,IDLE,0
C3B93D0B,2418295,2418673.400,2418673400,1001,1909,1935,90,90,FWD,13,8,-1,IDLE,0
C3B93D0B,2418296,2418674.400,2418674400,1000,1907,1935,90,90,FWD,13,8,-1,IDLE,0
C3B93D0B,2418297,2418675.400,2418675400,1000,1906,1935,90,90,FWD,13,8,-1,IDLE,0
C3B93D0B,2418298,2418676.399,2418676399,999,1909,1935,90,90,FWD,13,8,-1,IDLE,0
C3B93D0B,2418299,2418677.400,2418677400,1001,1907,1935,90,90,FWD,13,8,-1,IDLE,0
C3B93D0B,2418300,2418678.399,2418678399,999,1909,1935,90,90,FWD,13,8,-1,IDLE,0
C3B93D0B,2418301,2418679.400,2418679400,1001,1907,1935,90,90,FWD,13,8,-1,IDLE,0
C3B93D0B,2418302,2418680.399,2418680399,999,1909,1935,90,90,FWD,13,8,-1,IDLE,0
C3B93D0B,2418303,2418681.400,2418681400,1001,1909,1935,90,90,FWD,13,8,-1,IDLE,0
C3B93D0B,2418304,2418682.399,2418682399,999,1907,1935,90,90,FWD,13,8,-1,IDLE,0
C3B93D0B,2418305,2418683.400,2418683400,1001,1907,1935,90,90,FWD,13,8,-1,IDLE,0
C3B93D0B,2418306,2418684.400,2418684400,1000,1907,1935,90,90,FWD,13,8,-1,IDLE,0
C3B93D0B,2418307,2418686.188,2418686188,1788,1896,1935,90,90,FWD,45,8,-1,IDLE,0
C3B93D0B,2418308,2418686.810,2418686810,622,1899,1935,90,90,FWD,13,8,-1,IDLE,0
C3B93D0B,2418309,2418687.400,2418687400,590,1900,1935,90,90,FWD,13,8,-1,IDLE,0
C3B93D0B,2418310,2418688.399,2418688399,999,1900,1935,90,90,FWD,13,8,-1,IDLE,0
C3B93D0B,2418311,2418689.400,2418689400,1001,1902,1935,90,90,FWD,13,8,-1,IDLE,0
C3B93D0B,2418312,2418690.399,2418690399,999,1900,1935,90,90,FWD,13,8,-1,IDLE,0
C3B93D0B,2418313,2418691.400,2418691400,1001,1899,1935,90,90,FWD,13,8,-1,IDLE,0
C3B93D0B,2418314,2418692.399,2418692399,999,1901,1935,90,90,FWD,13,8,-1,IDLE,0
C3B93D0B,2418315,2418693.400,2418693400,1001,1902,1935,90,90,FWD,13,8,-1,IDLE,0
C3B93D0B,2418316,2418694.400,2418694400,1000,1901,1935,90,90,FWD,13,8,-1,IDLE,0
C3B93D0B,2418317,2418695.400,2418695400,1000,1901,1935,90,90,FWD,13,8,-1,IDLE,0
C3B93D0B,2418318,2418696.399,2418696399,999,1903,1935,90,90,FWD,13,8,-1,IDLE,0
C3B93D0B,2418319,2418697.400,2418697400,1001,1901,1935,90,90,FWD,13,8,-1,IDLE,0
C3B93D0B,2418320,2418698.399,2418698399,999,1901,1935,90,90,FWD,13,8,-1,IDLE,0
C3B93D0B,2418321,2418699.400,2418699400,1001,1903,1935,90,90,FWD,13,8,-1,IDLE,0
C3B93D0B,2418322,2418700.399,2418700399,999,1901,1935,90,90,FWD,13,8,-1,IDLE,0
C3B93D0B,2418323,2418701.400,2418701400,1001,1903,1935,90,90,FWD,13,8,-1,IDLE,0
C3B93D0B,2418324,2418702.399,2418702399,999,1899,1935,90,90,FWD,13,8,-1,IDLE,0
C3B93D0B,2418325,2418703.400,2418703400,1001,1901,1935,90,90,FWD,13,8,-1,IDLE,0
C3B93D0B,2418326,2418704.400,2418704400,1000,1902,1935,90,90,FWD,13,8,-1,IDLE,0
C3B93D0B,2418327,2418705.400,2418705400,1000,1902,1935,90,90,FWD,13,8,-1,IDLE,0
C3B93D0B,2418328,2418706.399,2418706399,999,1902,1935,90,90,FWD,13,8,-1,IDLE,0
C3B93D0B,2418329,2418707.400,2418707400,1001,1901,1935,90,90,FWD,13,8,-1,IDLE,0
C3B93D0B,2418330,2418708.399,2418708399,999,1901,1935,90,90,FWD,13,8,-1,IDLE,0
C3B93D0B,2418331,2418709.400,2418709400,1001,1901,1935,90,90,FWD,13,8,-1,IDLE,0
C3B93D0B,2418332,2418710.399,2418710399,999,1903,1935,90,90,FWD,13,8,-1,IDLE,0
C3B93D0B,2418333,2418711.400,2418711400,1001,1902,1935,90,90,FWD,13,8,-1,IDLE,0
C3B93D0B,2418334,2418712.399,2418712399,999,1903,1935,90,90,FWD,13,8,-1,IDLE,0
C3B93D0B,2418335,2418713.400,2418713400,1001,1902,1935,90,90,FWD,13,8,-1,IDLE,0
C3B93D0B,2418336,2418714.511,2418714511,1111,1901,1935,90,90,FWD,13,8,-1,IDLE,0
C3B93D0B,2418337,2418715.400,2418715400,889,1904,1935,90,90,FWD,13,8,-1,IDLE,0
C3B93D0B,2418338,2418716.399,2418716399,999,1899,1935,90,90,FWD,13,8,-1,IDLE,0
C3B93D0B,2418339,2418717.400,2418717400,1001,1901,1935,90,90,FWD,13,8,-1,IDLE,0
C3B93D0B,2418340,2418718.399,2418718399,999,1903,1935,90,90,FWD,13,8,-1,IDLE,0
C3B93D0B,2418341,2418719.400,2418719400,1001,1902,1935,90,90,FWD,13,8,-1,IDLE,0
C3B93D0B,2418342,2418720.403,2418720403,1003,1904,1935,90,90,FWD,13,8,-1,IDLE,0
C3B93D0B,2418343,2418721.400,2418721400,997,1902,1935,90,90,FWD,13,8,-1,IDLE,0
C3B93D0B,2418344,2418722.399,2418722399,999,1903,1935,90,90,FWD,13,8,-1,IDLE,0
C3B93D0B,2418345,2418723.400,2418723400,1001,1904,1935,90,90,FWD,13,8,-1,IDLE,0
C3B93D0B,2418346,2418724.400,2418724400,1000,1902,1935,90,90,FWD,13,8,-1,IDLE,0
C3B93D0B,2418347,2418725.400,2418725400,1000,1901,1935,90,90,FWD,13,8,-1,IDLE,0
C3B93D0B,2418348,2418726.399,2418726399,999,1902,1935,90,90,FWD,13,8,-1,IDLE,0
C3B93D0B,2418349,2418727.400,2418727400,1001,1902,1935,90,90,FWD,13,8,-1,IDLE,0
C3B93D0B,2418350,2418728.399,2418728399,999,1902,1935,90,90,FWD,13,8,-1,IDLE,0
C3B93D0B,2418351,2418729.400,2418729400,1001,1901,1935,90,90,FWD,13,8,-1,IDLE,0
C3B93D0B,2418352,2418730.399,2418730399,999,1902,1935,90,90,FWD,13,8,-1,IDLE,0
C3B93D0B,2418353,2418731.400,2418731400,1001,1903,1935,90,90,FWD,13,8,-1,IDLE,0
C3B93D0B,2418354,2418732.399,2418732399,999,1901,1935,90,90,FWD,13,8,-1,IDLE,0
C3B93D0B,2418355,2418733.400,2418733400,1001,1902,1935,90,90,FWD,13,8,-1,IDLE,0
C3B93D0B,2418356,2418734.400,2418734400,1000,1903,1935,90,90,FWD,13,8,-1,IDLE,0
C3B93D0B,2418357,2418735.400,2418735400,1000,1903,1935,90,90,FWD,13,8,-1,IDLE,0
C3B93D0B,2418358,2418736.399,2418736399,999,1902,1935,90,90,FWD,13,8,-1,IDLE,0
C3B93D0B,2418359,2418737.403,2418737403,1004,1903,1935,90,90,FWD,13,8,-1,IDLE,0
C3B93D0B,2418360,2418738.399,2418738399,996,1903,1935,90,90,FWD,13,8,-1,IDLE,0
C3B93D0B,2418361,2418739.400,2418739400,1001,1903,1935,90,90,FWD,13,8,-1,IDLE,0
C3B93D0B,2418362,2418740.399,2418740399,999,1902,1935,90,90,FWD,13,8,-1,IDLE,0
C3B93D0B,2418363,2418741.400,2418741400,1001,1901,1935,90,90,FWD,13,8,-1,IDLE,0
C3B93D0B,2418364,2418742.399,2418742399,999,1902,1935,90,90,FWD,13,8,-1,IDLE,0
C3B93D0B,2418365,2418743.675,2418743675,1276,1911,1935,90,90,FWD,45,8,-1,IDLE,0
C3B93D0B,2418366,2418744.400,2418744400,725,1913,1935,90,90,FWD,13,8,-1,IDLE,0
C3B93D0B,2418367,2418745.400,2418745400,1000,1911,1935,90,90,FWD,13,8,-1,IDLE,0
C3B93D0B,2418368,2418746.399,2418746399,999,1911,1935,90,90,FWD,13,8,-1,IDLE,0
C3B93D0B,2418369,2418747.400,2418747400,1001,1914,1935,90,90,FWD,13,8,-1,IDLE,0
C3B93D0B,2418370,2418748.399,2418748399,999,1911,1935,90,90,FWD,13,8,-1,IDLE,0
C3B93D0B,2418371,2418749.400,2418749400,1001,1911,1935,90,90,FWD,13,8,-1,IDLE,0
C3B93D0B,2418372,2418750.399,2418750399,999,1910,1935,90,90,FWD,13,8,-1,IDLE,0
C3B93D0B,2418373,2418751.400,2418751400,1001,1911,1935,90,90,FWD,13,8,-1,IDLE,0
C3B93D0B,2418374,2418752.399,2418752399,999,1909,1935,90,90,FWD,13,8,-1,IDLE,0
C3B93D0B,2418375,2418753.400,2418753400,1001,1909,1935,90,90,FWD,13,8,-1,IDLE,0
C3B93D0B,2418376,2418754.400,2418754400,1000,1909,1935,90,90,FWD,13,8,-1,IDLE,0
C3B93D0B,2418377,2418755.400,2418755400,1000,1909,1935,90,90,FWD,13,8,-1,IDLE,0
C3B93D0B,2418378,2418756.399,2418756399,999,1910,1935,90,90,FWD,13,8,-1,IDLE,0
C3B93D0B,2418379,2418757.400,2418757400,1001,1911,1935,90,90,FWD,13,8,-1,IDLE,0
C3B93D0B,2418380,2418758.399,2418758399,999,1910,1935,90,90,FWD,13,8,-1,IDLE,0
C3B93D0B,2418381,2418759.400,2418759400,1001,1911,1935,90,90,FWD,13,8,-1,IDLE,0
C3B93D0B,2418382,2418760.399,2418760399,999,1910,1935,90,90,FWD,13,8,-1,IDLE,0
C3B93D0B,2418383,2418761.400,2418761400,1001,1907,1935,90,90,FWD,13,8,-1,IDLE,0
C3B93D0B,2418384,2418762.399,2418762399,999,1910,1935,90,90,FWD,13,8,-1,IDLE,0
C3B93D0B,2418385,2418763.400,2418763400,1001,1909,1935,90,90,FWD,13,8,-1,IDLE,0
C3B93D0B,2418386,2418764.400,2418764400,1000,1911,1935,90,90,FWD,13,8,-1,IDLE,0
C3B93D0B,2418387,2418765.400,2418765400,1000,1910,1935,90,90,FWD,13,8,-1,IDLE,0
C3B93D0B,2418388,2418766.399,2418766399,999,1909,1935,90,90,FWD,13,8,-1,IDLE,0
C3B93D0B,2418389,2418767.400,2418767400,1001,1910,1935,90,90,FWD,13,8,-1,IDLE,0
C3B93D0B,2418390,2418768.399,2418768399,999,1911,1935,90,90,FWD,13,8,-1,IDLE,0
C3B93D0B,2418391,2418769.400,2418769400,1001,1909,1935,90,90,FWD,13,8,-1,IDLE,0
C3B93D0B,2418392,2418770.399,2418770399,999,1908,1935,90,90,FWD,13,8,-1,IDLE,0
C3B93D0B,2418393,2418771.400,2418771400,1001,1909,1935,90,90,FWD,13,8,-1,IDLE,0
C3B93D0B,2418394,2418772.399,2418772399,999,1910,1935,90,90,FWD,13,8,-1,IDLE,0
C3B93D0B,2418395,2418773.400,2418773400,1001,1909,1935,90,90,FWD,13,8,-1,IDLE,0
C3B93D0B,2418396,2418774.400,2418774400,1000,1910,1935,90,90,FWD,13,8,-1,IDLE,0
C3B93D0B,2418397,2418775.400,2418775400,1000,1909,1935,90,90,FWD,13,8,-1,IDLE,0
C3B93D0B,2418398,2418776.399,2418776399,999,1909,1935,90,90,FWD,13,8,-1,IDLE,0
C3B93D0B,2418399,2418777.400,2418777400,1001,1910,1935,90,90,FWD,13,8,-1,IDLE,0
C3B93D0B,2418400,2418778.399,2418778399,999,1911,1935,90,90,FWD,13,8,-1,IDLE,0
C3B93D0B,2418401,2418779.400,2418779400,1001,1909,1935,90,90,FWD,13,8,-1,IDLE,0
C3B93D0B,2418402,2418780.399,2418780399,999,1910,1935,90,90,FWD,13,8,-1,IDLE,0
C3B93D0B,2418403,2418781.400,2418781400,1001,1909,1935,90,90,FWD,13,8,-1,IDLE,0
C3B93D0B,2418404,2418782.399,2418782399,999,1909,1935,90,90,FWD,13,8,-1,IDLE,0
C3B93D0B,2418405,2418783.400,2418783400,1001,1909,1935,90,90,FWD,13,8,-1,IDLE,0
C3B93D0B,2418406,2418784.400,2418784400,1000,1909,1935,90,90,FWD,13,8,-1,IDLE,0
C3B93D0B,2418407,2418786.147,2418786147,1747,1897,1935,90,90,FWD,45,8,-1,IDLE,0
C3B93D0B,2418408,2418786.797,2418786797,650,1900,1935,90,90,FWD,13,8,-1,IDLE,0
C3B93D0B,2418409,2418787.400,2418787400,603,1899,1935,90,90,FWD,13,8,-1,IDLE,0
C3B93D0B,2418410,2418788.399,2418788399,999,1901,1935,90,90,FWD,13,8,-1,IDLE,0
C3B93D0B,2418411,2418789.400,2418789400,1001,1902,1935,90,90,FWD,13,8,-1,IDLE,0
C3B93D0B,2418412,2418790.399,2418790399,999,1901,1935,90,90,FWD,13,8,-1,IDLE,0
C3B93D0B,2418413,2418791.400,2418791400,1001,1903,1935,90,90,FWD,13,8,-1,IDLE,0
C3B93D0B,2418414,2418792.399,2418792399,999,1901,1935,90,90,FWD,13,8,-1,IDLE,0
C3B93D0B,2418415,2418793.400,2418793400,1001,1902,1935,90,90,FWD,13,8,-1,IDLE,0
C3B93D0B,2418416,2418794.400,2418794400,1000,1903,1935,90,90,FWD,13,8,-1,IDLE,0
C3B93D0B,2418417,2418795.400,2418795400,1000,1899,1935,90,90,FWD,13,8,-1,IDLE,0
C3B93D0B,2418418,2418796.399,2418796399,999,1903,1935,90,90,FWD,13,8,-1,IDLE,0
C3B93D0B,2418419,2418797.400,2418797400,1001,1901,1935,90,90,FWD,13,8,-1,IDLE,0
C3B93D0B,2418420,2418798.399,2418798399,999,1903,1935,90,90,FWD,13,8,-1,IDLE,0
C3B93D0B,2418421,2418799.400,2418799400,1001,1904,1935,90,90,FWD,13,8,-1,IDLE,0
C3B93D0B,2418422,2418800.399,2418800399,999,1901,1935,90,90,FWD,13,8,-1,IDLE,0
C3B93D0B,2418423,2418801.400,2418801400,1001,1904,1935,90,90,FWD,13,8,-1,IDLE,0
C3B93D0B,2418424,2418802.399,2418802399,999,1904,1935,90,90,FWD,13,8,-1,IDLE,0
C3B93D0B,2418425,2418803.400,2418803400,1001,1903,1935,90,90,FWD,13,8,-1,IDLE,0
C3B93D0B,2418426,2418804.400,2418804400,1000,1903,1935,90,90,FWD,13,8,-1,IDLE,0
C3B93D0B,2418427,2418805.400,2418805400,1000,1901,1935,90,90,FWD,13,8,-1,IDLE,0
C3B93D0B,2418428,2418806.399,2418806399,999,1902,1935,90,90,FWD,13,8,-1,IDLE,0
C3B93D0B,2418429,2418807.400,2418807400,1001,1904,1935,90,90,FWD,13,8,-1,IDLE,0
C3B93D0B,2418430,2418808.399,2418808399,999,1903,1935,90,90,FWD,13,8,-1,IDLE,0
C3B93D0B,2418431,2418809.400,2418809400,1001,1903,1935,90,90,FWD,13,8,-1,IDLE,0
C3B93D0B,2418432,2418810.399,2418810399,999,1903,1935,90,90,FWD,13,8,-1,IDLE,0
C3B93D0B,2418433,2418811.400,2418811400,1001,1901,1935,90,90,FWD,13,8,-1,IDLE,0
C3B93D0B,2418434,2418812.399,2418812399,999,1904,1935,90,90,FWD,13,8,-1,IDLE,0
C3B93D0B,2418435,2418813.400,2418813400,1001,1904,1935,90,90,FWD,13,8,-1,IDLE,0
C3B93D0B,2418436,2418814.400,2418814400,1000,1903,1935,90,90,FWD,13,8,-1,IDLE,0
C3B93D0B,2418437,2418815.400,2418815400,1000,1903,1935,90,90,FWD,13,8,-1,IDLE,0
C3B93D0B,2418438,2418816.399,2418816399,999,1904,1935,90,90,FWD,13,8,-1,IDLE,0
C3B93D0B,2418439,2418817.400,2418817400,1001,1903,1935,90,90,FWD,13,8,-1,IDLE,0
C3B93D0B,2418440,2418818.399,2418818399,999,1903,1935,90,90,FWD,13,8,-1,IDLE,0
C3B93D0B,2418441,2418819.400,2418819400,1001,1904,1935,90,90,FWD,13,8,-1,IDLE,0
C3B93D0B,2418442,2418820.399,2418820399,999,1904,1935,90,90,FWD,13,8,-1,IDLE,0
C3B93D0B,2418443,2418821.400,2418821400,1001,1904,1935,90,90,FWD,13,8,-1,IDLE,0
C3B93D0B,2418444,2418822.745,2418822745,1345,1904,1935,90,90,FWD,45,8,-1,IDLE,0
C3B93D0B,2418445,2418823.400,2418823400,655,1902,1935,90,90,FWD,13,8,-1,IDLE,0
C3B93D0B,2418446,2418824.400,2418824400,1000,1902,1935,90,90,FWD,13,8,-1,IDLE,0
C3B93D0B,2418447,2418825.400,2418825400,1000,1904,1935,90,90,FWD,13,8,-1,IDLE,0
C3B93D0B,2418448,2418826.399,2418826399,999,1904,1935,90,90,FWD,13,8,-1,IDLE,0
C3B93D0B,2418449,2418827.536,2418827536,1137,1902,1935,90,90,FWD,13,8,-1,IDLE,0
C3B93D0B,2418450,2418828.399,2418828399,863,1904,1935,90,90,FWD,13,8,-1,IDLE,0
C3B93D0B,2418451,2418829.400,2418829400,1001,1904,1935,90,90,FWD,13,8,-1,IDLE,0
C3B93D0B,2418452,2418830.399,2418830399,999,1903,1935,90,90,FWD,13,8,-1,IDLE,0
C3B93D0B,2418453,2418831.400,2418831400,1001,1904,1935,90,90,FWD,13,8,-1,IDLE,0
C3B93D0B,2418454,2418832.399,2418832399,999,1903,1935,90,90,FWD,13,8,-1,IDLE,0
C3B93D0B,2418455,2418833.400,2418833400,1001,1903,1935,90,90,FWD,13,8,-1,IDLE,0
C3B93D0B,2418456,2418834.400,2418834400,1000,1904,1935,90,90,FWD,13,8,-1,IDLE,0
C3B93D0B,2418457,2418835.400,2418835400,1000,1904,1935,90,90,FWD,13,8,-1,IDLE,0
C3B93D0B,2418458,2418836.399,2418836399,999,1902,1935,90,90,FWD,13,8,-1,IDLE,0
C3B93D0B,2418459,2418837.400,2418837400,1001,1904,1935,90,90,FWD,13,8,-1,IDLE,0
C3B93D0B,2418460,2418838.399,2418838399,999,1904,1935,90,90,FWD,13,8,-1,IDLE,0
C3B93D0B,2418461,2418839.400,2418839400,1001,1904,1935,90,90,FWD,13,8,-1,IDLE,0
C3B93D0B,2418462,2418840.399,2418840399,999,1904,1935,90,90,FWD,13,8,-1,IDLE,0
C3B93D0B,2418463,2418841.400,2418841400,1001,1904,1935,90,90,FWD,13,8,-1,IDLE,0
C3B93D0B,2418464,2418842.399,2418842399,999,1904,1935,90,90,FWD,13,8,-1,IDLE,0
C3B93D0B,2418465,2418843.400,2418843400,1001,1904,1935,90,90,FWD,13,8,-1,IDLE,0
C3B93D0B,2418466,2418844.846,2418844846,1446,1904,1935,90,90,FWD,45,8,-1,IDLE,0
C3B93D0B,2418467,2418845.400,2418845400,554,1904,1935,90,90,FWD,13,8,-1,IDLE,0
C3B93D0B,2418468,2418846.399,2418846399,999,1903,1935,90,90,FWD,13,8,-1,IDLE,0
C3B93D0B,2418469,2418847.667,2418847667,1268,1903,1935,90,90,FWD,45,8,-1,IDLE,0
C3B93D0B,2418470,2418848.399,2418848399,732,1904,1935,90,90,FWD,13,8,-1,IDLE,0
C3B93D0B,2418471,2418849.400,2418849400,1001,1904,1935,90,90,FWD,13,8,-1,IDLE,0
C3B93D0B,2418472,2418850.399,2418850399,999,1903,1935,90,90,FWD,13,8,-1,IDLE,0
C3B93D0B,2418473,2418851.400,2418851400,1001,1904,1935,90,90,FWD,13,8,-1,IDLE,0
C3B93D0B,2418474,2418852.399,2418852399,999,1904,1935,90,90,FWD,13,8,-1,IDLE,0
C3B93D0B,2418475,2418853.400,2418853400,1001,1904,1935,90,90,FWD,13,8,-1,IDLE,0
C3B93D0B,2418476,2418854.400,2418854400,1000,1903,1935,90,90,FWD,13,8,-1,IDLE,0
C3B93D0B,2418477,2418855.400,2418855400,1000,1901,1935,90,90,FWD,13,8,-1,IDLE,0
C3B93D0B,2418478,2418856.399,2418856399,999,1904,1935,90,90,FWD,13,8,-1,IDLE,0
C3B93D0B,2418479,2418857.400,2418857400,1001,1903,1935,90,90,FWD,13,8,-1,IDLE,0
C3B93D0B,2418480,2418858.399,2418858399,999,1903,1935,90,90,FWD,13,8,-1,IDLE,0
C3B93D0B,2418481,2418859.400,2418859400,1001,1904,1935,90,90,FWD,13,8,-1,IDLE,0
C3B93D0B,2418482,2418860.399,2418860399,999,1903,1935,90,90,FWD,13,8,-1,IDLE,0
C3B93D0B,2418483,2418861.400,2418861400,1001,1904,1935,90,90,FWD,13,8,-1,IDLE,0
C3B93D0B,2418484,2418862.399,2418862399,999,1904,1935,90,90,FWD,13,8,-1,IDLE,0
C3B93D0B,2418485,2418863.400,2418863400,1001,1904,1935,90,90,FWD,13,8,-1,IDLE,0
C3B93D0B,2418486,2418864.400,2418864400,1000,1902,1935,90,90,FWD,13,8,-1,IDLE,0
C3B93D0B,2418487,2418865.400,2418865400,1000,1904,1935,90,90,FWD,13,8,-1,IDLE,0
C3B93D0B,2418488,2418866.399,2418866399,999,1904,1935,90,90,FWD,13,8,-1,IDLE,0
C3B93D0B,2418489,2418867.400,2418867400,1001,1904,1935,90,90,FWD,13,8,-1,IDLE,0
C3B93D0B,2418490,2418868.399,2418868399,999,1903,1935,90,90,FWD,13,8,-1,IDLE,0
C3B93D0B,2418491,2418869.400,2418869400,1001,1904,1935,90,90,FWD,13,8,-1,IDLE,0
C3B93D0B,2418492,2418870.399,2418870399,999,1904,1935,90,90,FWD,13,8,-1,IDLE,0
C3B93D0B,2418493,2418871.400,2418871400,1001,1903,1935,90,90,FWD,13,8,-1,IDLE,0
C3B93D0B,2418494,2418872.399,2418872399,999,1904,1935,90,90,FWD,13,8,-1,IDLE,0
C3B93D0B,2418495,2418873.400,2418873400,1001,1901,1935,90,90,FWD,13,8,-1,IDLE,0
C3B93D0B,2418496,2418874.400,2418874400,1000,1904,1935,90,90,FWD,13,8,-1,IDLE,0
C3B93D0B,2418497,2418875.400,2418875400,1000,1904,1935,90,90,FWD,13,8,-1,IDLE,0
C3B93D0B,2418498,2418876.399,2418876399,999,1904,1935,90,90,FWD,13,8,-1,IDLE,0
C3B93D0B,2418499,2418877.400,2418877400,1001,1904,1935,90,90,FWD,13,8,-1,IDLE,0
C3B93D0B,2418500,2418878.399,2418878399,999,1904,1935,90,90,FWD,13,8,-1,IDLE,0
C3B93D0B,2418501,2418879.516,2418879516,1117,1904,1935,90,90,FWD,13,8,-1,IDLE,0
C3B93D0B,2418502,2418880.399,2418880399,883,1904,1935,90,90,FWD,13,8,-1,IDLE,0
C3B93D0B,2418503,2418881.400,2418881400,1001,1902,1935,90,90,FWD,13,8,-1,IDLE,0
C3B93D0B,2418504,2418882.399,2418882399,999,1904,1935,90,90,FWD,13,8,-1,IDLE,0
C3B93D0B,2418505,2418883.400,2418883400,1001,1905,1935,90,90,FWD,13,8,-1,IDLE,0
C3B93D0B,2418506,2418884.400,2418884400,1000,1904,1935,90,90,FWD,13,8,-1,IDLE,0
C3B93D0B,2418507,2418885.758,2418885758,1358,1903,1935,90,90,FWD,45,8,-1,IDLE,0
C3B93D0B,2418508,2418886.399,2418886399,641,1904,1935,90,90,FWD,13,8,-1,IDLE,0
C3B93D0B,2418509,2418887.403,2418887403,1004,1903,1935,90,90,FWD,13,8,-1,IDLE,0
C3B93D0B,2418510,2418888.399,2418888399,996,1903,1935,90,90,FWD,13,8,-1,IDLE,0
C3B93D0B,2418511,2418889.400,2418889400,1001,1903,1935,90,90,FWD,13,8,-1,IDLE,0
C3B93D0B,2418512,2418890.399,2418890399,999,1904,1935,90,90,FWD,13,8,-1,IDLE,0
C3B93D0B,2418513,2418891.400,2418891400,1001,1904,1935,90,90,FWD,13,8,-1,IDLE,0
C3B93D0B,2418514,2418892.399,2418892399,999,1904,1935,90,90,FWD,13,8,-1,IDLE,0
C3B93D0B,2418515,2418893.400,2418893400,1001,1903,1935,90,90,FWD,13,8,-1,IDLE,0
C3B93D0B,2418516,2418894.400,2418894400,1000,1904,1935,90,90,FWD,13,8,-1,IDLE,0
C3B93D0B,2418517,2418895.400,2418895400,1000,1904,1935,90,90,FWD,13,8,-1,IDLE,0
C3B93D0B,2418518,2418896.591,2418896591,1191,1903,1935,90,90,FWD,13,8,-1,IDLE,0
C3B93D0B,2418519,2418897.400,2418897400,809,1903,1935,90,90,FWD,13,8,-1,IDLE,0
C3B93D0B,2418520,2418898.399,2418898399,999,1904,1935,90,90,FWD,13,8,-1,IDLE,0
C3B93D0B,2418521,2418899.400,2418899400,1001,1904,1935,90,90,FWD,13,8,-1,IDLE,0
C3B93D0B,2418522,2418900.399,2418900399,999,1904,1935,90,90,FWD,13,8,-1,IDLE,0
C3B93D0B,2418523,2418901.400,2418901400,1001,1904,1935,90,90,FWD,13,8,-1,IDLE,0
C3B93D0B,2418524,2418902.399,2418902399,999,1903,1935,90,90,FWD,13,8,-1,IDLE,0
C3B93D0B,2418525,2418903.400,2418903400,1001,1901,1935,90,90,FWD,13,8,-1,IDLE,0
C3B93D0B,2418526,2418904.400,2418904400,1000,1903,1935,90,90,FWD,13,8,-1,IDLE,0
C3B93D0B,2418527,2418905.400,2418905400,1000,1903,1935,90,90,FWD,13,8,-1,IDLE,0
C3B93D0B,2418528,2418906.399,2418906399,999,1903,1935,90,90,FWD,13,8,-1,IDLE,0
C3B93D0B,2418529,2418907.400,2418907400,1001,1903,1935,90,90,FWD,13,8,-1,IDLE,0
C3B93D0B,2418530,2418908.399,2418908399,999,1901,1935,90,90,FWD,13,8,-1,IDLE,0
C3B93D0B,2418531,2418909.400,2418909400,1001,1903,1935,90,90,FWD,13,8,-1,IDLE,0
C3B93D0B,2418532,2418910.399,2418910399,999,1903,1935,90,90,FWD,13,8,-1,IDLE,0
C3B93D0B,2418533,2418911.400,2418911400,1001,1904,1935,90,90,FWD,13,8,-1,IDLE,0
C3B93D0B,2418534,2418912.399,2418912399,999,1904,1935,90,90,FWD,13,8,-1,IDLE,0
C3B93D0B,2418535,2418913.400,2418913400,1001,1903,1935,90,90,FWD,13,8,-1,IDLE,0
C3B93D0B,2418536,2418914.400,2418914400,1000,1902,1935,90,90,FWD,13,8,-1,IDLE,0
C3B93D0B,2418537,2418915.400,2418915400,1000,1901,1935,90,90,FWD,13,8,-1,IDLE,0
C3B93D0B,2418538,2418916.399,2418916399,999,1903,1935,90,90,FWD,13,8,-1,IDLE,0
C3B93D0B,2418539,2418917.400,2418917400,1001,1901,1935,90,90,FWD,13,8,-1,IDLE,0
C3B93D0B,2418540,2418918.399,2418918399,999,1903,1935,90,90,FWD,13,8,-1,IDLE,0
C3B93D0B,2418541,2418919.620,2418919620,1221,1899,1935,90,90,FWD,13,8,-1,IDLE,0
C3B93D0B,2418542,2418920.399,2418920399,779,1901,1935,90,90,FWD,13,8,-1,IDLE,0
C3B93D0B,2418543,2418921.400,2418921400,1001,1903,1935,90,90,FWD,13,8,-1,IDLE,0
C3B93D0B,2418544,2418922.399,2418922399,999,1902,1935,90,90,FWD,13,8,-1,IDLE,0
C3B93D0B,2418545,2418923.400,2418923400,1001,1901,1935,90,90,FWD,13,8,-1,IDLE,0
C3B93D0B,2418546,2418924.400,2418924400,1000,1902,1935,90,90,FWD,13,8,-1,IDLE,0
C3B93D0B,2418547,2418925.400,2418925400,1000,1900,1935,90,90,FWD,13,8,-1,IDLE,0
C3B93D0B,2418548,2418926.557,2418926557,1157,1900,1935,90,90,FWD,13,8,-1,IDLE,0
C3B93D0B,2418549,2418927.400,2418927400,843,1901,1935,90,90,FWD,13,8,-1,IDLE,0
C3B93D0B,2418550,2418928.399,2418928399,999,1901,1935,90,90,FWD,13,8,-1,IDLE,0
C3B93D0B,2418551,2418929.427,2418929427,1028,1899,1935,90,90,FWD,13,8,-1,IDLE,0
C3B93D0B,2418552,2418930.399,2418930399,972,1897,1935,90,90,FWD,13,8,-1,IDLE,0
C3B93D0B,2418553,2418931.400,2418931400,1001,1895,1935,90,90,FWD,13,8,-1,IDLE,0
C3B93D0B,2418554,2418932.399,2418932399,999,1895,1935,90,90,FWD,13,8,-1,IDLE,0
C3B93D0B,2418555,2418933.400,2418933400,1001,1897,1935,90,90,FWD,13,8,-1,IDLE,0
C3B93D0B,2418556,2418934.400,2418934400,1000,1898,1935,90,90,FWD,13,8,-1,IDLE,0
C3B93D0B,2418557,2418935.400,2418935400,1000,1894,1935,90,90,FWD,13,8,-1,IDLE,0
C3B93D0B,2418558,2418936.399,2418936399,999,1895,1935,90,90,FWD,13,8,-1,IDLE,0
C3B93D0B,2418559,2418937.400,2418937400,1001,1894,1935,90,90,FWD,13,8,-1,IDLE,0
C3B93D0B,2418560,2418938.399,2418938399,999,1894,1935,90,90,FWD,13,8,-1,IDLE,0
C3B93D0B,2418561,2418939.400,2418939400,1001,1895,1935,90,90,FWD,13,8,-1,IDLE,0
C3B93D0B,2418562,2418940.399,2418940399,999,1895,1935,90,90,FWD,13,8,-1,IDLE,0
C3B93D0B,2418563,2418941.400,2418941400,1001,1895,1935,90,90,FWD,13,8,-1,IDLE,0
C3B93D0B,2418564,2418942.399,2418942399,999,1891,1935,90,90,FWD,13,8,-1,IDLE,0
C3B93D0B,2418565,2418943.400,2418943400,1001,1890,1935,90,90,FWD,13,8,-1,IDLE,0
C3B93D0B,2418566,2418944.400,2418944400,1000,1890,1935,90,90,FWD,13,8,-1,IDLE,0
C3B93D0B,2418567,2418945.400,2418945400,1000,1891,1935,90,90,FWD,13,8,-1,IDLE,0
C3B93D0B,2418568,2418946.399,2418946399,999,1889,1935,90,90,FWD,13,8,-1,IDLE,0
C3B93D0B,2418569,2418947.400,2418947400,1001,1890,1935,90,90,FWD,13,8,-1,IDLE,0
C3B93D0B,2418570,2418948.399,2418948399,999,1888,1935,90,90,FWD,13,8,-1,IDLE,0
C3B93D0B,2418571,2418949.400,2418949400,1001,1887,1935,90,90,FWD,13,8,-1,IDLE,0
C3B93D0B,2418572,2418950.399,2418950399,999,1886,1935,90,90,FWD,13,8,-1,IDLE,0
C3B93D0B,2418573,2418951.400,2418951400,1001,1889,1935,90,90,FWD,13,8,-1,IDLE,0
C3B93D0B,2418574,2418952.399,2418952399,999,1885,1935,90,90,FWD,13,8,-1,IDLE,0
C3B93D0B,2418575,2418953.400,2418953400,1001,1883,1935,90,90,FWD,13,8,-1,IDLE,0
C3B93D0B,2418576,2418954.400,2418954400,1000,1885,1935,90,90,FWD,13,8,-1,IDLE,0
C3B93D0B,2418577,2418955.400,2418955400,1000,1884,1935,90,90,FWD,13,8,-1,IDLE,0
C3B93D0B,2418578,2418956.399,2418956399,999,1883,1935,90,90,FWD,13,8,-1,IDLE,0
C3B93D0B,2418579,2418957.400,2418957400,1001,1877,1935,90,90,FWD,13,8,-1,IDLE,0
C3B93D0B,2418580,2418958.399,2418958399,999,1879,1935,90,90,FWD,13,8,-1,IDLE,0
C3B93D0B,2418581,2418959.400,2418959400,1001,1877,1935,90,90,FWD,13,8,-1,IDLE,0
C3B93D0B,2418582,2418960.399,2418960399,999,1877,1935,90,90,FWD,13,8,-1,IDLE,0
C3B93D0B,2418583,2418961.400,2418961400,1001,1874,1935,90,90,FWD,13,8,-1,IDLE,0
C3B93D0B,2418584,2418962.399,2418962399,999,1873,1935,90,90,FWD,13,8,-1,IDLE,0
C3B93D0B,2418585,2418963.400,2418963400,1001,1874,1935,90,90,FWD,13,8,-1,IDLE,0
C3B93D0B,2418586,2418964.400,2418964400,1000,1872,1935,90,90,FWD,13,8,-1,IDLE,0
C3B93D0B,2418587,2418965.400,2418965400,1000,1872,1935,90,90,FWD,13,8,-1,IDLE,0
C3B93D0B,2418588,2418966.399,2418966399,999,1872,1935,90,90,FWD,13,8,-1,IDLE,0
C3B93D0B,2418589,2418967.400,2418967400,1001,1868,1935,90,90,FWD,13,8,-1,IDLE,0
C3B93D0B,2418590,2418968.399,2418968399,999,1867,1935,90,90,FWD,13,8,-1,IDLE,0
C3B93D0B,2418591,2418969.400,2418969400,1001,1869,1935,90,90,FWD,13,8,-1,IDLE,0
C3B93D0B,2418592,2418970.399,2418970399,999,1865,1935,90,90,FWD,13,8,-1,IDLE,0
C3B93D0B,2418593,2418971.400,2418971400,1001,1861,1935,90,90,FWD,29,8,-1,IDLE,0
C3B93D0B,2418594,2418972.399,2418972399,999,1861,1935,90,90,FWD,29,8,-1,IDLE,0
C3B93D0B,2418595,2418973.400,2418973400,1001,1857,1935,90,90,FWD,29,8,-1,IDLE,0
C3B93D0B,2418596,2418974.400,2418974400,1000,1857,1935,90,90,FWD,29,8,-1,IDLE,0
C3B93D0B,2418597,2418975.400,2418975400,1000,1857,1935,90,90,FWD,29,8,-1,IDLE,0
C3B93D0B,2418598,2418976.399,2418976399,999,1855,1935,90,90,FWD,29,8,-1,IDLE,0
C3B93D0B,2418599,2418977.400,2418977400,1001,1854,1935,90,90,FWD,29,8,-1,IDLE,0
C3B93D0B,2418600,2418978.399,2418978399,999,1853,1935,90,90,FWD,29,8,-1,IDLE,0
C3B93D0B,2418601,2418979.711,2418979711,1312,1850,1935,90,90,FWD,61,8,-1,IDLE,0
C3B93D0B,2418602,2418980.399,2418980399,688,1847,1935,90,90,FWD,29,8,-1,IDLE,0
C3B93D0B,2418603,2418981.492,2418981492,1093,1841,1935,90,90,FWD,29,8,-1,IDLE,0
C3B93D0B,2418604,2418982.399,2418982399,907,1842,1935,90,90,FWD,29,8,-1,IDLE,0
C3B93D0B,2418605,2418983.400,2418983400,1001,1840,1935,90,90,FWD,29,8,-1,IDLE,0
C3B93D0B,2418606,2418984.400,2418984400,1000,1840,1935,90,90,FWD,29,8,-1,IDLE,0
C3B93D0B,2418607,2418985.683,2418985683,1283,1838,1935,90,90,FWD,61,8,-1,IDLE,0
C3B93D0B,2418608,2418986.399,2418986399,716,1836,1935,90,90,FWD,29,8,-1,IDLE,0
C3B93D0B,2418609,2418987.527,2418987527,1128,1837,1935,90,90,FWD,29,8,-1,IDLE,0
C3B93D0B,2418610,2418988.399,2418988399,872,1831,1935,90,90,FWD,29,8,-1,IDLE,0
C3B93D0B,2418611,2418989.400,2418989400,1001,1830,1935,90,90,FWD,29,8,-1,IDLE,0
C3B93D0B,2418612,2418990.399,2418990399,999,1828,1935,90,90,FWD,29,8,-1,IDLE,0
C3B93D0B,2418613,2418991.400,2418991400,1001,1825,1935,90,90,FWD,29,8,-1,IDLE,0
C3B93D0B,2418614,2418992.399,2418992399,999,1821,1935,90,90,FWD,29,8,-1,IDLE,0
C3B93D0B,2418615,2418993.400,2418993400,1001,1818,1935,90,90,FWD,29,8,-1,IDLE,0
C3B93D0B,2418616,2418994.400,2418994400,1000,1818,1935,90,90,FWD,29,8,-1,IDLE,0
C3B93D0B,2418617,2418995.402,2418995402,1002,1810,1935,90,90,FWD,29,8,-1,IDLE,0
C3B93D0B,2418618,2418996.401,2418996401,999,1808,1935,90,90,FWD,29,8,-1,IDLE,0
C3B93D0B,2418619,2418997.400,2418997400,999,1809,1935,90,90,FWD,29,8,-1,IDLE,0
C3B93D0B,2418620,2418998.399,2418998399,999,1808,1935,90,90,FWD,29,8,-1,IDLE,0
C3B93D0B,2418621,2418999.400,2418999400,1001,1806,1935,90,90,FWD,29,8,-1,IDLE,0
C3B93D0B,2418622,2419000.399,2419000399,999,1804,1935,90,90,FWD,29,8,-1,IDLE,0
C3B93D0B,2418623,2419001.400,2419001400,1001,1799,1935,90,90,FWD,29,8,-1,IDLE,0
C3B93D0B,2418624,2419002.399,2419002399,999,1797,1935,90,90,FWD,29,8,-1,IDLE,0
C3B93D0B,2418625,2419003.400,2419003400,1001,1796,1935,90,90,FWD,29,8,-1,IDLE,0
C3B93D0B,2418626,2419004.399,2419004399,999,1792,1935,90,90,FWD,29,8,-1,IDLE,0
C3B93D0B,2418627,2419005.401,2419005401,1002,1789,1935,90,90,FWD,29,8,-1,IDLE,0
C3B93D0B,2418628,2419006.399,2419006399,998,1787,1935,90,90,FWD,29,8,-1,IDLE,0
C3B93D0B,2418629,2419007.400,2419007400,1001,1785,1935,90,90,FWD,29,8,-1,IDLE,0
C3B93D0B,2418630,2419008.399,2419008399,999,1782,1935,90,90,FWD,29,8,-1,IDLE,0
C3B93D0B,2418631,2419009.400,2419009400,1001,1777,1935,90,90,FWD,29,8,-1,IDLE,0
C3B93D0B,2418632,2419010.399,2419010399,999,1776,1935,90,90,FWD,29,8,-1,IDLE,0
C3B93D0B,2418633,2419011.400,2419011400,1001,1776,1935,90,90,FWD,29,8,-1,IDLE,0
C3B93D0B,2418634,2419012.399,2419012399,999,1773,1935,90,90,FWD,29,8,-1,IDLE,0
C3B93D0B,2418635,2419013.400,2419013400,1001,1773,1935,90,90,FWD,29,8,-1,IDLE,0
C3B93D0B,2418636,2419014.399,2419014399,999,1770,1935,90,90,FWD,29,8,-1,IDLE,0
C3B93D0B,2418637,2419015.401,2419015401,1002,1765,1935,90,90,FWD,29,8,-1,IDLE,0
C3B93D0B,2418638,2419016.399,2419016399,998,1764,1935,90,90,FWD,29,8,-1,IDLE,0
C3B93D0B,2418639,2419017.400,2419017400,1001,1763,1935,90,90,FWD,29,8,-1,IDLE,0
C3B93D0B,2418640,2419018.399,2419018399,999,1762,1935,90,90,FWD,29,8,-1,IDLE,0
C3B93D0B,2418641,2419019.400,2419019400,1001,1758,1935,90,90,FWD,29,8,-1,IDLE,0
C3B93D0B,2418642,2419020.399,2419020399,999,1756,1935,90,90,FWD,29,8,-1,IDLE,0
C3B93D0B,2418643,2419021.400,2419021400,1001,1753,1935,90,90,FWD,29,8,-1,IDLE,0
C3B93D0B,2418644,2419022.399,2419022399,999,1753,1935,90,90,FWD,29,8,-1,IDLE,0
C3B93D0B,2418645,2419023.400,2419023400,1001,1745,1935,90,90,FWD,29,8,-1,IDLE,0
C3B93D0B,2418646,2419024.399,2419024399,999,1748,1935,90,90,FWD,29,8,-1,IDLE,0
C3B93D0B,2418647,2419025.401,2419025401,1002,1745,1935,90,90,FWD,29,8,-1,IDLE,0
C3B93D0B,2418648,2419026.400,2419026400,999,1744,1935,90,90,FWD,29,8,-1,IDLE,0
C3B93D0B,2418649,2419027.420,2419027420,1020,1744,1935,90,90,FWD,29,8,-1,IDLE,0
C3B93D0B,2418650,2419028.864,2419028864,1444,1744,1935,90,90,FWD,61,8,-1,IDLE,0
C3B93D0B,2418651,2419029.400,2419029400,536,1744,1935,90,90,FWD,29,8,-1,IDLE,0
C3B93D0B,2418652,2419030.508,2419030508,1108,1743,1935,90,90,FWD,29,8,-1,IDLE,0
C3B93D0B,2418653,2419031.400,2419031400,892,1741,1935,90,90,FWD,29,8,-1,IDLE,0
C3B93D0B,2418654,2419032.399,2419032399,999,1739,1935,90,90,FWD,29,8,-1,IDLE,0
C3B93D0B,2418655,2419033.400,2419033400,1001,1735,1935,90,90,FWD,29,8,-1,IDLE,0
C3B93D0B,2418656,2419034.399,2419034399,999,1737,1935,90,90,FWD,29,8,-1,IDLE,0
C3B93D0B,2418657,2419035.401,2419035401,1002,1735,1935,90,90,FWD,29,8,-1,IDLE,0
C3B93D0B,2418658,2419036.399,2419036399,998,1735,1935,90,90,FWD,29,8,-1,IDLE,0
C3B93D0B,2418659,2419037.400,2419037400,1001,1731,1935,90,90,FWD,29,8,-1,IDLE,0
C3B93D0B,2418660,2419038.399,2419038399,999,1731,1935,90,90,FWD,29,8,-1,IDLE,0
C3B93D0B,2418661,2419039.400,2419039400,1001,1731,1935,90,90,FWD,29,8,-1,IDLE,0
C3B93D0B,2418662,2419040.399,2419040399,999,1730,1935,90,90,FWD,29,8,-1,IDLE,0
C3B93D0B,2418663,2419041.400,2419041400,1001,1728,1935,90,90,FWD,29,8,-1,IDLE,0
C3B93D0B,2418664,2419042.399,2419042399,999,1731,1935,90,90,FWD,29,8,-1,IDLE,0
C3B93D0B,2418665,2419043.400,2419043400,1001,1729,1935,90,90,FWD,29,8,-1,IDLE,0
C3B93D0B,2418666,2419044.399,2419044399,999,1729,1935,90,90,FWD,29,8,-1,IDLE,0
C3B93D0B,2418667,2419045.401,2419045401,1002,1728,1935,90,90,FWD,29,8,-1,IDLE,0
C3B93D0B,2418668,2419046.399,2419046399,998,1729,1935,90,90,FWD,29,8,-1,IDLE,0
C3B93D0B,2418669,2419047.400,2419047400,1001,1730,1935,90,90,FWD,29,8,-1,IDLE,0
C3B93D0B,2418670,2419048.399,2419048399,999,1728,1935,90,90,FWD,29,8,-1,IDLE,0
C3B93D0B,2418671,2419049.400,2419049400,1001,1728,1935,90,90,FWD,29,8,-1,IDLE,0
C3B93D0B,2418672,2419050.399,2419050399,999,1728,1935,90,90,FWD,29,8,-1,IDLE,0
C3B93D0B,2418673,2419051.400,2419051400,1001,1729,1935,90,90,FWD,29,8,-1,IDLE,0
C3B93D0B,2418674,2419052.399,2419052399,999,1729,1935,90,90,FWD,29,8,-1,IDLE,0
C3B93D0B,2418675,2419053.400,2419053400,1001,1733,1935,90,90,FWD,29,8,-1,IDLE,0
C3B93D0B,2418676,2419054.399,2419054399,999,1729,1935,90,90,FWD,29,8,-1,IDLE,0
C3B93D0B,2418677,2419055.401,2419055401,1002,1731,1935,90,90,FWD,29,8,-1,IDLE,0
C3B93D0B,2418678,2419056.399,2419056399,998,1730,1935,90,90,FWD,29,8,-1,IDLE,0
C3B93D0B,2418679,2419057.400,2419057400,1001,1730,1935,90,90,FWD,29,8,-1,IDLE,0
C3B93D0B,2418680,2419058.399,2419058399,999,1734,1935,90,90,FWD,29,8,-1,IDLE,0
C3B93D0B,2418681,2419059.400,2419059400,1001,1734,1935,90,90,FWD,29,8,-1,IDLE,0
C3B93D0B,2418682,2419060.399,2419060399,999,1737,1935,90,90,FWD,29,8,-1,IDLE,0
C3B93D0B,2418683,2419061.400,2419061400,1001,1736,1935,90,90,FWD,29,8,-1,IDLE,0
C3B93D0B,2418684,2419062.399,2419062399,999,1735,1935,90,90,FWD,29,8,-1,IDLE,0
C3B93D0B,2418685,2419063.400,2419063400,1001,1737,1935,90,90,FWD,29,8,-1,IDLE,0
C3B93D0B,2418686,2419064.399,2419064399,999,1739,1935,90,90,FWD,29,8,-1,IDLE,0
C3B93D0B,2418687,2419065.401,2419065401,1002,1742,1935,90,90,FWD,29,8,-1,IDLE,0
C3B93D0B,2418688,2419066.399,2419066399,998,1744,1935,90,90,FWD,29,8,-1,IDLE,0
C3B93D0B,2418689,2419067.400,2419067400,1001,1743,1935,90,90,FWD,29,8,-1,IDLE,0
C3B93D0B,2418690,2419068.399,2419068399,999,1744,1935,90,90,FWD,29,8,-1,IDLE,0
C3B93D0B,2418691,2419069.400,2419069400,1001,1744,1935,90,90,FWD,29,8,-1,IDLE,0
C3B93D0B,2418692,2419070.399,2419070399,999,1745,1935,90,90,FWD,29,8,-1,IDLE,0
C3B93D0B,2418693,2419071.400,2419071400,1001,1745,1935,90,90,FWD,29,8,-1,IDLE,0
C3B93D0B,2418694,2419072.399,2419072399,999,1749,1935,90,90,FWD,29,8,-1,IDLE,0
C3B93D0B,2418695,2419073.400,2419073400,1001,1753,1935,90,90,FWD,29,8,-1,IDLE,0
C3B93D0B,2418696,2419074.399,2419074399,999,1754,1935,90,90,FWD,29,8,-1,IDLE,0
C3B93D0B,2418697,2419075.401,2419075401,1002,1757,1935,90,90,FWD,29,8,-1,IDLE,0
C3B93D0B,2418698,2419076.399,2419076399,998,1757,1935,90,90,FWD,29,8,-1,IDLE,0
C3B93D0B,2418699,2419077.400,2419077400,1001,1759,1935,90,90,FWD,29,8,-1,IDLE,0
C3B93D0B,2418700,2419078.399,2419078399,999,1760,1935,90,90,FWD,29,8,-1,IDLE,0
C3B93D0B,2418701,2419079.400,2419079400,1001,1763,1935,90,90,FWD,29,8,-1,IDLE,0
C3B93D0B,2418702,2419080.399,2419080399,999,1765,1935,90,90,FWD,29,8,-1,IDLE,0
C3B93D0B,2418703,2419081.400,2419081400,1001,1771,1935,90,90,FWD,29,8,-1,IDLE,0
C3B93D0B,2418704,2419082.454,2419082454,1054,1771,1935,90,90,FWD,29,8,-1,IDLE,0
C3B93D0B,2418705,2419083.400,2419083400,946,1771,1935,90,90,FWD,29,8,-1,IDLE,0
C3B93D0B,2418706,2419084.399,2419084399,999,1775,1935,90,90,FWD,29,8,-1,IDLE,0
C3B93D0B,2418707,2419085.401,2419085401,1002,1776,1935,90,90,FWD,29,8,-1,IDLE,0
C3B93D0B,2418708,2419086.679,2419086679,1278,1778,1935,90,90,FWD,61,8,-1,IDLE,0
C3B93D0B,2418709,2419087.399,2419087399,720,1781,1935,90,90,FWD,29,8,-1,IDLE,0
C3B93D0B,2418710,2419088.400,2419088400,1001,1781,1935,90,90,FWD,29,8,-1,IDLE,0
C3B93D0B,2418711,2419089.399,2419089399,999,1787,1935,90,90,FWD,29,8,-1,IDLE,0
C3B93D0B,2418712,2419090.497,2419090497,1098,1786,1935,90,90,FWD,29,8,-1,IDLE,0
C3B93D0B,2418713,2419091.399,2419091399,902,1790,1935,90,90,FWD,29,8,-1,IDLE,0
C3B93D0B,2418714,2419092.400,2419092400,1001,1792,1935,90,90,FWD,29,8,-1,IDLE,0
C3B93D0B,2418715,2419093.399,2419093399,999,1797,1935,90,90,FWD,29,8,-1,IDLE,0
C3B93D0B,2418716,2419094.400,2419094400,1001,1801,1935,90,90,FWD,29,8,-1,IDLE,0
C3B93D0B,2418717,2419095.400,2419095400,1000,1803,1935,90,90,FWD,29,8,-1,IDLE,0
C3B93D0B,2418718,2419096.400,2419096400,1000,1804,1935,90,90,FWD,29,8,-1,IDLE,0
C3B93D0B,2418719,2419097.399,2419097399,999,1807,1935,90,90,FWD,29,8,-1,IDLE,0
C3B93D0B,2418720,2419098.400,2419098400,1001,1808,1935,90,90,FWD,29,8,-1,IDLE,0
C3B93D0B,2418721,2419099.399,2419099399,999,1809,1935,90,90,FWD,29,8,-1,IDLE,0
C3B93D0B,2418722,2419100.400,2419100400,1001,1814,1935,90,90,FWD,29,8,-1,IDLE,0
C3B93D0B,2418723,2419101.399,2419101399,999,1815,1935,90,90,FWD,29,8,-1,IDLE,0
C3B93D0B,2418724,2419102.400,2419102400,1001,1818,1935,90,90,FWD,29,8,-1,IDLE,0
C3B93D0B,2418725,2419103.399,2419103399,999,1821,1935,90,90,FWD,29,8,-1,IDLE,0
C3B93D0B,2418726,2419104.400,2419104400,1001,1822,1935,90,90,FWD,29,8,-1,IDLE,0
C3B93D0B,2418727,2419105.400,2419105400,1000,1823,1935,90,90,FWD,29,8,-1,IDLE,0
C3B93D0B,2418728,2419106.400,2419106400,1000,1830,1935,90,90,FWD,29,8,-1,IDLE,0
C3B93D0B,2418729,2419107.399,2419107399,999,1831,1935,90,90,FWD,29,8,-1,IDLE,0
C3B93D0B,2418730,2419108.400,2419108400,1001,1835,1935,90,90,FWD,29,8,-1,IDLE,0
C3B93D0B,2418731,2419109.399,2419109399,999,1839,1935,90,90,FWD,29,8,-1,IDLE,0
C3B93D0B,2418732,2419110.400,2419110400,1001,1838,1935,90,90,FWD,29,8,-1,IDLE,0
C3B93D0B,2418733,2419111.399,2419111399,999,1840,1935,90,90,FWD,29,8,-1,IDLE,0
C3B93D0B,2418734,2419112.400,2419112400,1001,1843,1935,90,90,FWD,29,8,-1,IDLE,0
C3B93D0B,2418735,2419113.399,2419113399,999,1845,1935,90,90,FWD,29,8,-1,IDLE,0
C3B93D0B,2418736,2419114.400,2419114400,1001,1847,1935,90,90,FWD,29,8,-1,IDLE,0
C3B93D0B,2418737,2419115.400,2419115400,1000,1850,1935,90,90,FWD,29,8,-1,IDLE,0
C3B93D0B,2418738,2419116.400,2419116400,1000,1853,1935,90,90,FWD,29,8,-1,IDLE,0
C3B93D0B,2418739,2419117.399,2419117399,999,1856,1935,90,90,FWD,29,8,-1,IDLE,0
C3B93D0B,2418740,2419118.400,2419118400,1001,1856,1935,90,90,FWD,29,8,-1,IDLE,0
C3B93D0B,2418741,2419119.399,2419119399,999,1858,1935,90,90,FWD,29,8,-1,IDLE,0
C3B93D0B,2418742,2419120.400,2419120400,1001,1860,1935,90,90,FWD,29,8,-1,IDLE,0
C3B93D0B,2418743,2419121.399,2419121399,999,1863,1935,90,90,FWD,29,8,-1,IDLE,0
C3B93D0B,2418744,2419122.400,2419122400,1001,1863,1935,90,90,FWD,29,8,-1,IDLE,0
C3B93D0B,2418745,2419123.399,2419123399,999,1867,1935,90,90,FWD,29,8,-1,IDLE,0
C3B93D0B,2418746,2419124.400,2419124400,1001,1871,1935,90,90,FWD,29,8,-1,IDLE,0
C3B93D0B,2418747,2419125.400,2419125400,1000,1870,1935,90,90,FWD,29,8,-1,IDLE,0
C3B93D0B,2418748,2419126.400,2419126400,1000,1872,1935,90,90,FWD,29,8,-1,IDLE,0
C3B93D0B,2418749,2419127.399,2419127399,999,1872,1935,90,90,FWD,29,8,-1,IDLE,0
C3B93D0B,2418750,2419128.400,2419128400,1001,1873,1935,90,90,FWD,29,8,-1,IDLE,0
C3B93D0B,2418751,2419129.742,2419129742,1342,1877,1935,90,90,FWD,61,8,-1,IDLE,0
C3B93D0B,2418752,2419130.400,2419130400,658,1878,1935,90,90,FWD,29,8,-1,IDLE,0
C3B93D0B,2418753,2419131.399,2419131399,999,1878,1935,90,90,FWD,29,8,-1,IDLE,0
C3B93D0B,2418754,2419132.400,2419132400,1001,1879,1935,90,90,FWD,29,8,-1,IDLE,0
C3B93D0B,2418755,2419133.403,2419133403,1003,1882,1935,90,90,FWD,29,8,-1,IDLE,0
C3B93D0B,2418756,2419134.400,2419134400,997,1883,1935,90,90,FWD,29,8,-1,IDLE,0
C3B93D0B,2418757,2419135.400,2419135400,1000,1885,1935,90,90,FWD,29,8,-1,IDLE,0
C3B93D0B,2418758,2419136.400,2419136400,1000,1887,1935,90,90,FWD,29,8,-1,IDLE,0
C3B93D0B,2418759,2419137.399,2419137399,999,1889,1935,90,90,FWD,29,8,-1,IDLE,0
C3B93D0B,2418760,2419138.400,2419138400,1001,1887,1935,90,90,FWD,29,8,-1,IDLE,0
C3B93D0B,2418761,2419139.399,2419139399,999,1890,1935,90,90,FWD,29,8,-1,IDLE,0
C3B93D0B,2418762,2419140.400,2419140400,1001,1889,1935,90,90,FWD,29,8,-1,IDLE,0
C3B93D0B,2418763,2419141.399,2419141399,999,1893,1935,90,90,FWD,29,8,-1,IDLE,0
C3B93D0B,2418764,2419142.400,2419142400,1001,1893,1935,90,90,FWD,29,8,-1,IDLE,0
C3B93D0B,2418765,2419143.399,2419143399,999,1895,1935,90,90,FWD,29,8,-1,IDLE,0
C3B93D0B,2418766,2419144.400,2419144400,1001,1894,1935,90,90,FWD,29,8,-1,IDLE,0
C3B93D0B,2418767,2419145.400,2419145400,1000,1898,1935,90,90,FWD,29,8,-1,IDLE,0
C3B93D0B,2418768,2419146.532,2419146532,1132,1897,1935,90,90,FWD,29,8,-1,IDLE,0
C3B93D0B,2418769,2419147.399,2419147399,867,1899,1935,90,90,FWD,29,8,-1,IDLE,0
C3B93D0B,2418770,2419148.400,2419148400,1001,1902,1935,90,90,FWD,29,8,-1,IDLE,0
C3B93D0B,2418771,2419149.399,2419149399,999,1902,1935,90,90,FWD,29,8,-1,IDLE,0
C3B93D0B,2418772,2419150.400,2419150400,1001,1900,1935,90,90,FWD,29,8,-1,IDLE,0
C3B93D0B,2418773,2419151.399,2419151399,999,1903,1935,90,90,FWD,29,8,-1,IDLE,0
C3B93D0B,2418774,2419152.400,2419152400,1001,1904,1935,90,90,FWD,29,8,-1,IDLE,0
C3B93D0B,2418775,2419153.399,2419153399,999,1902,1935,90,90,FWD,29,8,-1,IDLE,0
C3B93D0B,2418776,2419154.400,2419154400,1001,1903,1935,90,90,FWD,29,8,-1,IDLE,0
C3B93D0B,2418777,2419155.400,2419155400,1000,1904,1935,90,90,FWD,29,8,-1,IDLE,0
C3B93D0B,2418778,2419156.400,2419156400,1000,1903,1935,90,90,FWD,29,8,-1,IDLE,0
C3B93D0B,2418779,2419157.399,2419157399,999,1904,1935,90,90,FWD,29,8,-1,IDLE,0
C3B93D0B,2418780,2419158.400,2419158400,1001,1904,1935,90,90,FWD,29,8,-1,IDLE,0
C3B93D0B,2418781,2419159.399,2419159399,999,1904,1935,90,90,FWD,29,8,-1,IDLE,0
C3B93D0B,2418782,2419160.400,2419160400,1001,1904,1935,90,90,FWD,29,8,-1,IDLE,0
C3B93D0B,2418783,2419161.399,2419161399,999,1904,1935,90,90,FWD,29,8,-1,IDLE,0
C3B93D0B,2418784,2419162.400,2419162400,1001,1904,1935,90,90,FWD,29,8,-1,IDLE,0
C3B93D0B,2418785,2419163.399,2419163399,999,1906,1935,90,90,FWD,29,8,-1,IDLE,0
C3B93D0B,2418786,2419164.400,2419164400,1001,1904,1935,90,90,FWD,29,8,-1,IDLE,0
C3B93D0B,2418787,2419165.400,2419165400,1000,1906,1935,90,90,FWD,29,8,-1,IDLE,0
C3B93D0B,2418788,2419166.400,2419166400,1000,1905,1935,90,90,FWD,29,8,-1,IDLE,0
C3B93D0B,2418789,2419167.399,2419167399,999,1907,1935,90,90,FWD,29,8,-1,IDLE,0
C3B93D0B,2418790,2419168.400,2419168400,1001,1906,1935,90,90,FWD,29,8,-1,IDLE,0
C3B93D0B,2418791,2419169.399,2419169399,999,1906,1935,90,90,FWD,29,8,-1,IDLE,0
C3B93D0B,2418792,2419170.400,2419170400,1001,1906,1935,90,90,FWD,29,8,-1,IDLE,0
C3B93D0B,2418793,2419171.399,2419171399,999,1905,1935,90,90,FWD,29,8,-1,IDLE,0
C3B93D0B,2418794,2419172.400,2419172400,1001,1907,1935,90,90,FWD,29,8,-1,IDLE,0
C3B93D0B,2418795,2419173.399,2419173399,999,1907,1935,90,90,FWD,29,8,-1,IDLE,0
C3B93D0B,2418796,2419174.400,2419174400,1001,1909,1935,90,90,FWD,29,8,-1,IDLE,0
C3B93D0B,2418797,2419175.400,2419175400,1000,1909,1935,90,90,FWD,29,8,-1,IDLE,0
C3B93D0B,2418798,2419176.400,2419176400,1000,1907,1935,90,90,FWD,29,8,-1,IDLE,0
C3B93D0B,2418799,2419177.399,2419177399,999,1907,1935,90,90,FWD,29,8,-1,IDLE,0
C3B93D0B,2418800,2419178.400,2419178400,1001,1906,1935,90,90,FWD,29,8,-1,IDLE,0
C3B93D0B,2418801,2419179.399,2419179399,999,1906,1935,90,90,FWD,29,8,-1,IDLE,0
C3B93D0B,2418802,2419180.400,2419180400,1001,1909,1935,90,90,FWD,29,8,-1,IDLE,0
C3B93D0B,2418803,2419181.399,2419181399,999,1908,1935,90,90,FWD,29,8,-1,IDLE,0
C3B93D0B,2418804,2419182.400,2419182400,1001,1906,1935,90,90,FWD,29,8,-1,IDLE,0
C3B93D0B,2418805,2419183.402,2419183402,1002,1906,1935,90,90,FWD,29,8,-1,IDLE,0
C3B93D0B,2418806,2419184.400,2419184400,998,1908,1935,90,90,FWD,29,8,-1,IDLE,0
C3B93D0B,2418807,2419185.400,2419185400,1000,1907,1935,90,90,FWD,29,8,-1,IDLE,0
C3B93D0B,2418808,2419186.746,2419186746,1346,1902,1935,90,90,FWD,61,8,-1,IDLE,0
C3B93D0B,2418809,2419187.399,2419187399,653,1906,1935,90,90,FWD,29,8,-1,IDLE,0
C3B93D0B,2418810,2419188.400,2419188400,1001,1904,1935,90,90,FWD,29,8,-1,IDLE,0
C3B93D0B,2418811,2419189.399,2419189399,999,1907,1935,90,90,FWD,29,8,-1,IDLE,0
C3B93D0B,2418812,2419190.400,2419190400,1001,1908,1935,90,90,FWD,29,8,-1,IDLE,0
C3B93D0B,2418813,2419191.444,2419191444,1044,1906,1935,90,90,FWD,29,8,-1,IDLE,0
C3B93D0B,2418814,2419192.400,2419192400,956,1907,1935,90,90,FWD,29,8,-1,IDLE,0
C3B93D0B,2418815,2419193.399,2419193399,999,1910,1935,90,90,FWD,29,8,-1,IDLE,0
C3B93D0B,2418816,2419194.400,2419194400,1001,1909,1935,90,90,FWD,29,8,-1,IDLE,0
C3B93D0B,2418817,2419195.400,2419195400,1000,1905,1935,90,90,FWD,29,8,-1,IDLE,0
C3B93D0B,2418818,2419196.400,2419196400,1000,1907,1935,90,90,FWD,29,8,-1,IDLE,0
C3B93D0B,2418819,2419197.399,2419197399,999,1907,1935,90,90,FWD,29,8,-1,IDLE,0
C3B93D0B,2418820,2419198.400,2419198400,1001,1906,1935,90,90,FWD,29,8,-1,IDLE,0
C3B93D0B,2418821,2419199.399,2419199399,999,1909,1935,90,90,FWD,29,8,-1,IDLE,0
C3B93D0B,2418822,2419200.400,2419200400,1001,1908,1935,90,90,FWD,29,8,-1,IDLE,0
C3B93D0B,2418823,2419201.399,2419201399,999,1906,1935,90,90,FWD,29,8,-1,IDLE,0
C3B93D0B,2418824,2419202.400,2419202400,1001,1906,1935,90,90,FWD,29,8,-1,IDLE,0
C3B93D0B,2418825,2419203.399,2419203399,999,1907,1935,90,90,FWD,29,8,-1,IDLE,0
C3B93D0B,2418826,2419204.400,2419204400,1001,1909,1935,90,90,FWD,29,8,-1,IDLE,0
C3B93D0B,2418827,2419205.400,2419205400,1000,1905,1935,90,90,FWD,29,8,-1,IDLE,0
C3B93D0B,2418828,2419206.400,2419206400,1000,1906,1935,90,90,FWD,29,8,-1,IDLE,0
C3B93D0B,2418829,2419207.399,2419207399,999,1907,1935,90,90,FWD,29,8,-1,IDLE,0
C3B93D0B,2418830,2419208.400,2419208400,1001,1909,1935,90,90,FWD,29,8,-1,IDLE,0
C3B93D0B,2418831,2419209.399,2419209399,999,1906,1935,90,90,FWD,29,8,-1,IDLE,0
C3B93D0B,2418832,2419210.400,2419210400,1001,1905,1935,90,90,FWD,29,8,-1,IDLE,0
C3B93D0B,2418833,2419211.399,2419211399,999,1906,1935,90,90,FWD,29,8,-1,IDLE,0
C3B93D0B,2418834,2419212.400,2419212400,1001,1906,1935,90,90,FWD,29,8,-1,IDLE,0
C3B93D0B,2418835,2419213.399,2419213399,999,1907,1935,90,90,FWD,29,8,-1,IDLE,0
C3B93D0B,2418836,2419214.400,2419214400,1001,1906,1935,90,90,FWD,29,8,-1,IDLE,0
C3B93D0B,2418837,2419215.400,2419215400,1000,1905,1935,90,90,FWD,29,8,-1,IDLE,0
C3B93D0B,2418838,2419216.400,2419216400,1000,1909,1935,90,90,FWD,29,8,-1,IDLE,0
C3B93D0B,2418839,2419217.399,2419217399,999,1907,1935,90,90,FWD,29,8,-1,IDLE,0
C3B93D0B,2418840,2419218.400,2419218400,1001,1906,1935,90,90,FWD,29,8,-1,IDLE,0
C3B93D0B,2418841,2419219.399,2419219399,999,1907,1935,90,90,FWD,29,8,-1,IDLE,0
C3B93D0B,2418842,2419220.400,2419220400,1001,1906,1935,90,90,FWD,29,8,-1,IDLE,0
C3B93D0B,2418843,2419221.399,2419221399,999,1905,1935,90,90,FWD,29,8,-1,IDLE,0
C3B93D0B,2418844,2419222.400,2419222400,1001,1904,1935,90,90,FWD,29,8,-1,IDLE,0
C3B93D0B,2418845,2419223.399,2419223399,999,1906,1935,90,90,FWD,29,8,-1,IDLE,0
C3B93D0B,2418846,2419224.400,2419224400,1001,1905,1935,90,90,FWD,29,8,-1,IDLE,0
C3B93D0B,2418847,2419225.400,2419225400,1000,1904,1935,90,90,FWD,29,8,-1,IDLE,0
C3B93D0B,2418848,2419226.586,2419226586,1186,1905,1935,90,90,FWD,29,8,-1,IDLE,0
C3B93D0B,2418849,2419227.399,2419227399,813,1905,1935,90,90,FWD,29,8,-1,IDLE,0
C3B93D0B,2418850,2419228.400,2419228400,1001,1905,1935,90,90,FWD,29,8,-1,IDLE,0
C3B93D0B,2418851,2419229.399,2419229399,999,1905,1935,90,90,FWD,29,8,-1,IDLE,0
C3B93D0B,2418852,2419230.400,2419230400,1001,1906,1935,90,90,FWD,29,8,-1,IDLE,0
C3B93D0B,2418853,2419231.399,2419231399,999,1906,1935,90,90,FWD,29,8,-1,IDLE,0
C3B93D0B,2418854,2419232.400,2419232400,1001,1904,1935,90,90,FWD,29,8,-1,IDLE,0
C3B93D0B,2418855,2419233.399,2419233399,999,1905,1935,90,90,FWD,29,8,-1,IDLE,0
C3B93D0B,2418856,2419234.400,2419234400,1001,1904,1935,90,90,FWD,29,8,-1,IDLE,0
C3B93D0B,2418857,2419235.853,2419235853,1453,1905,1935,90,90,FWD,61,8,-1,IDLE,0
C3B93D0B,2418858,2419236.400,2419236400,547,1904,1935,90,90,FWD,29,8,-1,IDLE,0
C3B93D0B,2418859,2419237.399,2419237399,999,1906,1935,90,90,FWD,29,8,-1,IDLE,0
C3B93D0B,2418860,2419238.400,2419238400,1001,1907,1935,90,90,FWD,29,8,-1,IDLE,0
C3B93D0B,2418861,2419239.399,2419239399,999,1904,1935,90,90,FWD,29,8,-1,IDLE,0
C3B93D0B,2418862,2419240.400,2419240400,1001,1904,1935,90,90,FWD,29,8,-1,IDLE,0
C3B93D0B,2418863,2419241.399,2419241399,999,1907,1935,90,90,FWD,29,8,-1,IDLE,0
C3B93D0B,2418864,2419242.400,2419242400,1001,1905,1935,90,90,FWD,29,8,-1,IDLE,0
C3B93D0B,2418865,2419243.399,2419243399,999,1904,1935,90,90,FWD,29,8,-1,IDLE,0
C3B93D0B,2418866,2419244.400,2419244400,1001,1904,1935,90,90,FWD,29,8,-1,IDLE,0
C3B93D0B,2418867,2419245.400,2419245400,1000,1905,1935,90,90,FWD,29,8,-1,IDLE,0
C3B93D0B,2418868,2419246.400,2419246400,1000,1905,1935,90,90,FWD,29,8,-1,IDLE,0
C3B93D0B,2418869,2419247.399,2419247399,999,1904,1935,90,90,FWD,29,8,-1,IDLE,0
C3B93D0B,2418870,2419248.400,2419248400,1001,1904,1935,90,90,FWD,29,8,-1,IDLE,0
C3B93D0B,2418871,2419249.399,2419249399,999,1905,1935,90,90,FWD,29,8,-1,IDLE,0
C3B93D0B,2418872,2419250.400,2419250400,1001,1904,1935,90,90,FWD,29,8,-1,IDLE,0
C3B93D0B,2418873,2419251.399,2419251399,999,1904,1935,90,90,FWD,29,8,-1,IDLE,0
C3B93D0B,2418874,2419252.400,2419252400,1001,1905,1935,90,90,FWD,29,8,-1,IDLE,0
C3B93D0B,2418875,2419253.399,2419253399,999,1905,1935,90,90,FWD,29,8,-1,IDLE,0
C3B93D0B,2418876,2419254.400,2419254400,1001,1904,1935,90,90,FWD,29,8,-1,IDLE,0
C3B93D0B,2418877,2419255.400,2419255400,1000,1904,1935,90,90,FWD,29,8,-1,IDLE,0
C3B93D0B,2418878,2419256.400,2419256400,1000,1904,1935,90,90,FWD,29,8,-1,IDLE,0
C3B93D0B,2418879,2419257.399,2419257399,999,1906,1935,90,90,FWD,29,8,-1,IDLE,0
C3B93D0B,2418880,2419258.400,2419258400,1001,1904,1935,90,90,FWD,29,8,-1,IDLE,0
C3B93D0B,2418881,2419259.399,2419259399,999,1904,1935,90,90,FWD,29,8,-1,IDLE,0
C3B93D0B,2418882,2419260.400,2419260400,1001,1904,1935,90,90,FWD,29,8,-1,IDLE,0
C3B93D0B,2418883,2419261.399,2419261399,999,1904,1935,90,90,FWD,29,8,-1,IDLE,0
C3B93D0B,2418884,2419262.400,2419262400,1001,1905,1935,90,90,FWD,29,8,-1,IDLE,0
C3B93D0B,2418885,2419263.399,2419263399,999,1905,1935,90,90,FWD,29,8,-1,IDLE,0
C3B93D0B,2418886,2419264.400,2419264400,1001,1904,1935,90,90,FWD,29,8,-1,IDLE,0
C3B93D0B,2418887,2419265.400,2419265400,1000,1904,1935,90,90,FWD,29,8,-1,IDLE,0
C3B93D0B,2418888,2419266.401,2419266401,1001,1904,1935,90,90,FWD,29,8,-1,IDLE,0
C3B93D0B,2418889,2419267.402,2419267402,1001,1904,1935,90,90,FWD,29,8,-1,IDLE,0
C3B93D0B,2418890,2419268.402,2419268402,1000,1904,1935,90,90,FWD,29,8,-1,IDLE,0
C3B93D0B,2418891,2419269.401,2419269401,999,1898,1935,90,90,FWD,29,8,-1,IDLE,0
C3B93D0B,2418892,2419271.735,2419271735,2334,1904,1935,90,90,FWD,61,8,-1,IDLE,0
C3B93D0B,2418893,2419271.985,2419271985,250,1904,1935,90,90,FWD,29,8,-1,IDLE,0
C3B93D0B,2418894,2419272.400,2419272400,415,1904,1935,90,90,FWD,29,8,-1,IDLE,0
C3B93D0B,2418895,2419274.204,2419274204,1804,1904,1935,90,90,FWD,61,8,-1,IDLE,0
C3B93D0B,2418896,2419274.789,2419274789,585,1904,1935,90,90,FWD,29,8,-1,IDLE,0
C3B93D0B,2418897,2419276.215,2419276215,1426,1904,1935,90,90,FWD,61,8,-1,IDLE,0
C3B93D0B,2418898,2419276.508,2419276508,293,1904,1935,90,90,FWD,29,8,-1,IDLE,0
C3B93D0B,2418899,2419277.399,2419277399,891,1904,1935,90,90,FWD,29,8,-1,IDLE,0
C3B93D0B,2418900,2419278.400,2419278400,1001,1907,1935,90,90,FWD,29,8,-1,IDLE,0
C3B93D0B,2418901,2419279.399,2419279399,999,1903,1935,90,90,FWD,29,8,-1,IDLE,0
C3B93D0B,2418902,2419280.401,2419280401,1002,1903,1935,90,90,FWD,29,8,-1,IDLE,0
C3B93D0B,2418903,2419281.772,2419281772,1371,1901,1935,90,90,FWD,61,8,-1,IDLE,0
C3B93D0B,2418904,2419282.399,2419282399,627,1903,1935,90,90,FWD,29,8,-1,IDLE,0
C3B93D0B,2418905,2419283.400,2419283400,1001,1904,1935,90,90,FWD,29,8,-1,IDLE,0
C3B93D0B,2418906,2419284.399,2419284399,999,1904,1935,90,90,FWD,29,8,-1,IDLE,0
C3B93D0B,2418907,2419285.400,2419285400,1001,1903,1935,90,90,FWD,29,8,-1,IDLE,0
C3B93D0B,2418908,2419286.399,2419286399,999,1904,1935,90,90,FWD,29,8,-1,IDLE,0
C3B93D0B,2418909,2419287.400,2419287400,1001,1904,1935,90,90,FWD,29,8,-1,IDLE,0
C3B93D0B,2418910,2419288.399,2419288399,999,1904,1935,90,90,FWD,29,8,-1,IDLE,0
C3B93D0B,2418911,2419289.400,2419289400,1001,1903,1935,90,90,FWD,29,8,-1,IDLE,0
C3B93D0B,2418912,2419290.399,2419290399,999,1904,1935,90,90,FWD,29,8,-1,IDLE,0
C3B93D0B,2418913,2419291.401,2419291401,1002,1904,1935,90,90,FWD,29,8,-1,IDLE,0
C3B93D0B,2418914,2419292.399,2419292399,998,1904,1935,90,90,FWD,29,8,-1,IDLE,0
C3B93D0B,2418915,2419293.400,2419293400,1001,1903,1935,90,90,FWD,29,8,-1,IDLE,0
C3B93D0B,2418916,2419294.399,2419294399,999,1903,1935,90,90,FWD,29,8,-1,IDLE,0
C3B93D0B,2418917,2419295.400,2419295400,1001,1904,1935,90,90,FWD,29,8,-1,IDLE,0
C3B93D0B,2418918,2419296.399,2419296399,999,1904,1935,90,90,FWD,29,8,-1,IDLE,0
C3B93D0B,2418919,2419297.400,2419297400,1001,1904,1935,90,90,FWD,29,8,-1,IDLE,0
C3B93D0B,2418920,2419298.399,2419298399,999,1904,1935,90,90,FWD,29,8,-1,IDLE,0
C3B93D0B,2418921,2419299.400,2419299400,1001,1903,1935,90,90,FWD,29,8,-1,IDLE,0
C3B93D0B,2418922,2419300.399,2419300399,999,1904,1935,90,90,FWD,29,8,-1,IDLE,0
C3B93D0B,2418923,2419301.401,2419301401,1002,1904,1935,90,90,FWD,29,8,-1,IDLE,0
C3B93D0B,2418924,2419302.400,2419302400,999,1904,1935,90,90,FWD,29,8,-1,IDLE,0
C3B93D0B,2418925,2419303.400,2419303400,1000,1904,1935,90,90,FWD,29,8,-1,IDLE,0
C3B93D0B,2418926,2419304.399,2419304399,999,1903,1935,90,90,FWD,29,8,-1,IDLE,0
C3B93D0B,2418927,2419305.400,2419305400,1001,1902,1935,90,90,FWD,29,8,-1,IDLE,0
C3B93D0B,2418928,2419306.399,2419306399,999,1904,1935,90,90,FWD,29,8,-1,IDLE,0
C3B93D0B,2418929,2419307.400,2419307400,1001,1904,1935,90,90,FWD,29,8,-1,IDLE,0
C3B93D0B,2418930,2419308.399,2419308399,999,1903,1935,90,90,FWD,29,8,-1,IDLE,0
C3B93D0B,2418931,2419309.400,2419309400,1001,1904,1935,90,90,FWD,29,8,-1,IDLE,0
C3B93D0B,2418932,2419310.399,2419310399,999,1904,1935,90,90,FWD,29,8,-1,IDLE,0
C3B93D0B,2418933,2419311.401,2419311401,1002,1904,1935,90,90,FWD,29,8,-1,IDLE,0
C3B93D0B,2418934,2419312.400,2419312400,999,1904,1935,90,90,FWD,29,8,-1,IDLE,0
C3B93D0B,2418935,2419313.400,2419313400,1000,1903,1935,90,90,FWD,29,8,-1,IDLE,0
C3B93D0B,2418936,2419314.399,2419314399,999,1904,1935,90,90,FWD,29,8,-1,IDLE,0
C3B93D0B,2418937,2419315.400,2419315400,1001,1904,1935,90,90,FWD,29,8,-1,IDLE,0
C3B93D0B,2418938,2419316.399,2419316399,999,1903,1935,90,90,FWD,29,8,-1,IDLE,0
C3B93D0B,2418939,2419317.400,2419317400,1001,1904,1935,90,90,FWD,29,8,-1,IDLE,0
C3B93D0B,2418940,2419318.399,2419318399,999,1904,1935,90,90,FWD,29,8,-1,IDLE,0
C3B93D0B,2418941,2419319.400,2419319400,1001,1904,1935,90,90,FWD,29,8,-1,IDLE,0
C3B93D0B,2418942,2419320.399,2419320399,999,1904,1935,90,90,FWD,29,8,-1,IDLE,0
C3B93D0B,2418943,2419321.401,2419321401,1002,1902,1935,90,90,FWD,29,8,-1,IDLE,0
C3B93D0B,2418944,2419322.399,2419322399,998,1904,1935,90,90,FWD,29,8,-1,IDLE,0
C3B93D0B,2418945,2419323.400,2419323400,1001,1903,1935,90,90,FWD,29,8,-1,IDLE,0
C3B93D0B,2418946,2419324.399,2419324399,999,1903,1935,90,90,FWD,29,8,-1,IDLE,0
C3B93D0B,2418947,2419325.400,2419325400,1001,1903,1935,90,90,FWD,29,8,-1,IDLE,0
C3B93D0B,2418948,2419326.399,2419326399,999,1904,1935,90,90,FWD,29,8,-1,IDLE,0
C3B93D0B,2418949,2419327.400,2419327400,1001,1904,1935,90,90,FWD,29,8,-1,IDLE,0
C3B93D0B,2418950,2419328.399,2419328399,999,1904,1935,90,90,FWD,29,8,-1,IDLE,0
C3B93D0B,2418951,2419329.400,2419329400,1001,1904,1935,90,90,FWD,29,8,-1,IDLE,0
C3B93D0B,2418952,2419330.399,2419330399,999,1903,1935,90,90,FWD,29,8,-1,IDLE,0
C3B93D0B,2418953,2419331.401,2419331401,1002,1903,1935,90,90,FWD,29,8,-1,IDLE,0
C3B93D0B,2418954,2419332.674,2419332674,1273,1903,1935,90,90,FWD,61,8,-1,IDLE,0
C3B93D0B,2418955,2419333.400,2419333400,726,1903,1935,90,90,FWD,29,8,-1,IDLE,0
C3B93D0B,2418956,2419334.437,2419334437,1037,1902,1935,90,90,FWD,29,8,-1,IDLE,0
C3B93D0B,2418957,2419335.400,2419335400,963,1903,1935,90,90,FWD,29,8,-1,IDLE,0
C3B93D0B,2418958,2419336.399,2419336399,999,1903,1935,90,90,FWD,29,8,-1,IDLE,0
C3B93D0B,2418959,2419337.400,2419337400,1001,1903,1935,90,90,FWD,29,8,-1,IDLE,0
C3B93D0B,2418960,2419338.501,2419338501,1101,1904,1935,90,90,FWD,29,8,-1,IDLE,0
C3B93D0B,2418961,2419339.425,2419339425,924,1903,1935,90,90,FWD,29,8,-1,IDLE,0
C3B93D0B,2418962,2419340.710,2419340710,1285,1904,1935,90,90,FWD,61,8,-1,IDLE,0
C3B93D0B,2418963,2419341.401,2419341401,691,1903,1935,90,90,FWD,29,8,-1,IDLE,0
C3B93D0B,2418964,2419342.399,2419342399,998,1902,1935,90,90,FWD,29,8,-1,IDLE,0
C3B93D0B,2418965,2419343.703,2419343703,1304,1902,1935,90,90,FWD,61,8,-1,IDLE,0
C3B93D0B,2418966,2419344.399,2419344399,696,1903,1935,90,90,FWD,29,8,-1,IDLE,0
C3B93D0B,2418967,2419345.400,2419345400,1001,1904,1935,90,90,FWD,29,8,-1,IDLE,0
C3B93D0B,2418968,2419346.567,2419346567,1167,1903,1935,90,90,FWD,29,8,-1,IDLE,0
C3B93D0B,2418969,2419347.400,2419347400,833,1902,1935,90,90,FWD,29,8,-1,IDLE,0
C3B93D0B,2418970,2419348.399,2419348399,999,1901,1935,90,90,FWD,29,8,-1,IDLE,0
C3B93D0B,2418971,2419349.400,2419349400,1001,1902,1935,90,90,FWD,29,8,-1,IDLE,0
C3B93D0B,2418972,2419350.399,2419350399,999,1901,1935,90,90,FWD,29,8,-1,IDLE,0
C3B93D0B,2418973,2419351.401,2419351401,1002,1901,1935,90,90,FWD,29,8,-1,IDLE,0
C3B93D0B,2418974,2419352.399,2419352399,998,1903,1935,90,90,FWD,29,8,-1,IDLE,0
C3B93D0B,2418975,2419353.400,2419353400,1001,1903,1935,90,90,FWD,29,8,-1,IDLE,0
C3B93D0B,2418976,2419354.399,2419354399,999,1904,1935,90,90,FWD,29,8,-1,IDLE,0
C3B93D0B,2418977,2419355.400,2419355400,1001,1899,1935,90,90,FWD,29,8,-1,IDLE,0
C3B93D0B,2418978,2419356.399,2419356399,999,1902,1935,90,90,FWD,29,8,-1,IDLE,0
C3B93D0B,2418979,2419357.400,2419357400,1001,1902,1935,90,90,FWD,29,8,-1,IDLE,0
C3B93D0B,2418980,2419358.717,2419358717,1317,1903,1935,90,90,FWD,61,8,-1,IDLE,0
C3B93D0B,2418981,2419359.400,2419359400,683,1904,1935,90,90,FWD,29,8,-1,IDLE,0
C3B93D0B,2418982,2419360.399,2419360399,999,1903,1935,90,90,FWD,29,8,-1,IDLE,0
C3B93D0B,2418983,2419361.401,2419361401,1002,1901,1935,90,90,FWD,29,8,-1,IDLE,0
C3B93D0B,2418984,2419362.399,2419362399,998,1903,1935,90,90,FWD,29,8,-1,IDLE,0
C3B93D0B,2418985,2419363.400,2419363400,1001,1902,1935,90,90,FWD,29,8,-1,IDLE,0
C3B93D0B,2418986,2419364.399,2419364399,999,1902,1935,90,90,FWD,29,8,-1,IDLE,0
C3B93D0B,2418987,2419365.400,2419365400,1001,1904,1935,90,90,FWD,29,8,-1,IDLE,0
C3B93D0B,2418988,2419366.401,2419366401,1001,1913,1935,90,90,FWD,29,8,-1,IDLE,0
C3B93D0B,2418989,2419367.400,2419367400,999,1913,1935,90,90,FWD,29,8,-1,IDLE,0
C3B93D0B,2418990,2419368.399,2419368399,999,1913,1935,90,90,FWD,29,8,-1,IDLE,0
C3B93D0B,2418991,2419369.400,2419369400,1001,1911,1935,90,90,FWD,29,8,-1,IDLE,0
C3B93D0B,2418992,2419370.399,2419370399,999,1911,1935,90,90,FWD,29,8,-1,IDLE,0
C3B93D0B,2418993,2419371.401,2419371401,1002,1909,1935,90,90,FWD,29,8,-1,IDLE,0
C3B93D0B,2418994,2419372.399,2419372399,998,1911,1935,90,90,FWD,29,8,-1,IDLE,0
C3B93D0B,2418995,2419373.400,2419373400,1001,1909,1935,90,90,FWD,29,8,-1,IDLE,0
C3B93D0B,2418996,2419374.399,2419374399,999,1911,1935,90,90,FWD,29,8,-1,IDLE,0
C3B93D0B,2418997,2419375.400,2419375400,1001,1911,1935,90,90,FWD,29,8,-1,IDLE,0
C3B93D0B,2418998,2419376.399,2419376399,999,1911,1935,90,90,FWD,29,8,-1,IDLE,0
C3B93D0B,2418999,2419377.400,2419377400,1001,1910,1935,90,90,FWD,29,8,-1,IDLE,0
C3B93D0B,2419000,2419378.479,2419378479,1079,1910,1935,90,90,FWD,29,8,-1,IDLE,0
C3B93D0B,2419001,2419379.660,2419379660,1181,1910,1935,90,90,FWD,29,8,-1,IDLE,0
C3B93D0B,2419002,2419380.399,2419380399,739,1911,1935,90,90,FWD,29,8,-1,IDLE,0
C3B93D0B,2419003,2419381.401,2419381401,1002,1909,1935,90,90,FWD,29,8,-1,IDLE,0
C3B93D0B,2419004,2419383.259,2419383259,1858,1899,1935,90,90,FWD,61,8,-1,IDLE,0
C3B93D0B,2419005,2419383.583,2419383583,324,1900,1935,90,90,FWD,29,8,-1,IDLE,0
C3B93D0B,2419006,2419384.400,2419384400,817,1899,1935,90,90,FWD,29,8,-1,IDLE,0
C3B93D0B,2419007,2419385.399,2419385399,999,1903,1935,90,90,FWD,29,8,-1,IDLE,0
C3B93D0B,2419008,2419386.614,2419386614,1215,1899,1935,90,90,FWD,29,8,-1,IDLE,0
C3B93D0B,2419009,2419387.399,2419387399,785,1901,1935,90,90,FWD,29,8,-1,IDLE,0
C3B93D0B,2419010,2419388.400,2419388400,1001,1901,1935,90,90,FWD,29,8,-1,IDLE,0
C3B93D0B,2419011,2419389.399,2419389399,999,1901,1935,90,90,FWD,29,8,-1,IDLE,0
C3B93D0B,2419012,2419390.400,2419390400,1001,1903,1935,90,90,FWD,29,8,-1,IDLE,0
C3B93D0B,2419013,2419391.400,2419391400,1000,1903,1935,90,90,FWD,29,8,-1,IDLE,0
C3B93D0B,2419014,2419392.400,2419392400,1000,1901,1935,90,90,FWD,29,8,-1,IDLE,0
C3B93D0B,2419015,2419393.399,2419393399,999,1903,1935,90,90,FWD,29,8,-1,IDLE,0
C3B93D0B,2419016,2419394.400,2419394400,1001,1901,1935,90,90,FWD,29,8,-1,IDLE,0
C3B93D0B,2419017,2419395.399,2419395399,999,1904,1935,90,90,FWD,29,8,-1,IDLE,0
C3B93D0B,2419018,2419396.591,2419396591,1192,1902,1935,90,90,FWD,29,8,-1,IDLE,0
C3B93D0B,2419019,2419397.399,2419397399,808,1903,1935,90,90,FWD,29,8,-1,IDLE,0
C3B93D0B,2419020,2419398.400,2419398400,1001,1902,1935,90,90,FWD,29,8,-1,IDLE,0
C3B93D0B,2419021,2419399.399,2419399399,999,1903,1935,90,90,FWD,29,8,-1,IDLE,0
C3B93D0B,2419022,2419400.400,2419400400,1001,1902,1935,90,90,FWD,29,8,-1,IDLE,0
C3B93D0B,2419023,2419401.400,2419401400,1000,1901,1935,90,90,FWD,29,8,-1,IDLE,0
C3B93D0B,2419024,2419402.400,2419402400,1000,1902,1935,90,90,FWD,29,8,-1,IDLE,0
C3B93D0B,2419025,2419403.399,2419403399,999,1903,1935,90,90,FWD,29,8,-1,IDLE,0
C3B93D0B,2419026,2419404.400,2419404400,1001,1904,1935,90,90,FWD,29,8,-1,IDLE,0
C3B93D0B,2419027,2419405.399,2419405399,999,1902,1935,90,90,FWD,29,8,-1,IDLE,0
C3B93D0B,2419028,2419406.400,2419406400,1001,1903,1935,90,90,FWD,29,8,-1,IDLE,0
C3B93D0B,2419029,2419407.399,2419407399,999,1903,1935,90,90,FWD,29,8,-1,IDLE,0
C3B93D0B,2419030,2419408.400,2419408400,1001,1902,1935,90,90,FWD,29,8,-1,IDLE,0
C3B93D0B,2419031,2419409.399,2419409399,999,1902,1935,90,90,FWD,29,8,-1,IDLE,0
C3B93D0B,2419032,2419410.400,2419410400,1001,1899,1935,90,90,FWD,29,8,-1,IDLE,0
C3B93D0B,2419033,2419411.400,2419411400,1000,1901,1935,90,90,FWD,29,8,-1,IDLE,0
C3B93D0B,2419034,2419412.400,2419412400,1000,1903,1935,90,90,FWD,29,8,-1,IDLE,0
C3B93D0B,2419035,2419413.399,2419413399,999,1902,1935,90,90,FWD,29,8,-1,IDLE,0
C3B93D0B,2419036,2419414.400,2419414400,1001,1901,1935,90,90,FWD,29,8,-1,IDLE,0
C3B93D0B,2419037,2419415.399,2419415399,999,1903,1935,90,90,FWD,29,8,-1,IDLE,0
C3B93D0B,2419038,2419416.400,2419416400,1001,1903,1935,90,90,FWD,29,8,-1,IDLE,0
C3B93D0B,2419039,2419417.399,2419417399,999,1903,1935,90,90,FWD,29,8,-1,IDLE,0
C3B93D0B,2419040,2419418.400,2419418400,1001,1902,1935,90,90,FWD,29,8,-1,IDLE,0
C3B93D0B,2419041,2419419.399,2419419399,999,1902,1935,90,90,FWD,29,8,-1,IDLE,0
C3B93D0B,2419042,2419420.400,2419420400,1001,1901,1935,90,90,FWD,29,8,-1,IDLE,0
C3B93D0B,2419043,2419421.400,2419421400,1000,1899,1935,90,90,FWD,29,8,-1,IDLE,0
C3B93D0B,2419044,2419422.400,2419422400,1000,1902,1935,90,90,FWD,29,8,-1,IDLE,0
C3B93D0B,2419045,2419423.399,2419423399,999,1903,1935,90,90,FWD,29,8,-1,IDLE,0
C3B93D0B,2419046,2419424.400,2419424400,1001,1902,1935,90,90,FWD,29,8,-1,IDLE,0
C3B93D0B,2419047,2419425.399,2419425399,999,1902,1935,90,90,FWD,29,8,-1,IDLE,0
C3B93D0B,2419048,2419426.400,2419426400,1001,1900,1935,90,90,FWD,29,8,-1,IDLE,0
C3B93D0B,2419049,2419427.399,2419427399,999,1901,1935,90,90,FWD,29,8,-1,IDLE,0
C3B93D0B,2419050,2419428.400,2419428400,1001,1902,1935,90,90,FWD,29,8,-1,IDLE,0
C3B93D0B,2419051,2419429.399,2419429399,999,1902,1935,90,90,FWD,29,8,-1,IDLE,0
C3B93D0B,2419052,2419430.400,2419430400,1001,1901,1935,90,90,FWD,29,8,-1,IDLE,0
C3B93D0B,2419053,2419431.400,2419431400,1000,1902,1935,90,90,FWD,29,8,-1,IDLE,0
C3B93D0B,2419054,2419432.400,2419432400,1000,1903,1935,90,90,FWD,29,8,-1,IDLE,0
C3B93D0B,2419055,2419433.399,2419433399,999,1903,1935,90,90,FWD,29,8,-1,IDLE,0
C3B93D0B,2419056,2419434.400,2419434400,1001,1903,1935,90,90,FWD,29,8,-1,IDLE,0
C3B93D0B,2419057,2419435.399,2419435399,999,1900,1935,90,90,FWD,29,8,-1,IDLE,0
C3B93D0B,2419058,2419437.277,2419437277,1878,1903,1935,90,90,FWD,61,8,-1,IDLE,0
C3B93D0B,2419059,2419437.628,2419437628,351,1903,1935,90,90,FWD,29,8,-1,IDLE,0
C3B93D0B,2419060,2419438.716,2419438716,1088,1903,1935,90,90,FWD,29,8,-1,IDLE,0
C3B93D0B,2419061,2419439.399,2419439399,683,1902,1935,90,90,FWD,29,8,-1,IDLE,0
C3B93D0B,2419062,2419440.400,2419440400,1001,1903,1935,90,90,FWD,29,8,-1,IDLE,0
C3B93D0B,2419063,2419441.400,2419441400,1000,1901,1935,90,90,FWD,29,8,-1,IDLE,0
C3B93D0B,2419064,2419442.400,2419442400,1000,1903,1935,90,90,FWD,29,8,-1,IDLE,0
C3B93D0B,2419065,2419443.654,2419443654,1254,1910,1935,90,90,FWD,61,8,-1,IDLE,0
C3B93D0B,2419066,2419444.400,2419444400,746,1911,1935,90,90,FWD,29,8,-1,IDLE,0
C3B93D0B,2419067,2419445.399,2419445399,999,1912,1935,90,90,FWD,29,8,-1,IDLE,0
C3B93D0B,2419068,2419446.400,2419446400,1001,1911,1935,90,90,FWD,29,8,-1,IDLE,0
C3B93D0B,2419069,2419447.399,2419447399,999,1909,1935,90,90,FWD,29,8,-1,IDLE,0
C3B93D0B,2419070,2419448.400,2419448400,1001,1909,1935,90,90,FWD,29,8,-1,IDLE,0
C3B93D0B,2419071,2419449.399,2419449399,999,1911,1935,90,90,FWD,29,8,-1,IDLE,0
C3B93D0B,2419072,2419450.400,2419450400,1001,1910,1935,90,90,FWD,29,8,-1,IDLE,0
C3B93D0B,2419073,2419451.400,2419451400,1000,1907,1935,90,90,FWD,29,8,-1,IDLE,0
C3B93D0B,2419074,2419452.400,2419452400,1000,1910,1935,90,90,FWD,29,8,-1,IDLE,0
C3B93D0B,2419075,2419453.399,2419453399,999,1909,1935,90,90,FWD,29,8,-1,IDLE,0
C3B93D0B,2419076,2419454.400,2419454400,1001,1910,1935,90,90,FWD,29,8,-1,IDLE,0
C3B93D0B,2419077,2419455.399,2419455399,999,1909,1935,90,90,FWD,29,8,-1,IDLE,0
C3B93D0B,2419078,2419456.400,2419456400,1001,1907,1935,90,90,FWD,29,8,-1,IDLE,0
C3B93D0B,2419079,2419457.399,2419457399,999,1907,1935,90,90,FWD,29,8,-1,IDLE,0
C3B93D0B,2419080,2419458.400,2419458400,1001,1910,1935,90,90,FWD,29,8,-1,IDLE,0
C3B93D0B,2419081,2419459.399,2419459399,999,1909,1935,90,90,FWD,29,8,-1,IDLE,0
C3B93D0B,2419082,2419460.400,2419460400,1001,1907,1935,90,90,FWD,29,8,-1,IDLE,0
C3B93D0B,2419083,2419461.400,2419461400,1000,1907,1935,90,90,FWD,29,8,-1,IDLE,0
C3B93D0B,2419084,2419462.400,2419462400,1000,1907,1935,90,90,FWD,29,8,-1,IDLE,0
C3B93D0B,2419085,2419463.399,2419463399,999,1909,1935,90,90,FWD,29,8,-1,IDLE,0
C3B93D0B,2419086,2419464.400,2419464400,1001,1908,1935,90,90,FWD,29,8,-1,IDLE,0
C3B93D0B,2419087,2419465.399,2419465399,999,1908,1935,90,90,FWD,29,8,-1,IDLE,0
C3B93D0B,2419088,2419466.400,2419466400,1001,1910,1935,90,90,FWD,29,8,-1,IDLE,0
C3B93D0B,2419089,2419467.399,2419467399,999,1910,1935,90,90,FWD,29,8,-1,IDLE,0
C3B93D0B,2419090,2419468.400,2419468400,1001,1907,1935,90,90,FWD,29,8,-1,IDLE,0
C3B93D0B,2419091,2419469.399,2419469399,999,1909,1935,90,90,FWD,29,8,-1,IDLE,0
C3B93D0B,2419092,2419470.400,2419470400,1001,1911,1935,90,90,FWD,29,8,-1,IDLE,0
C3B93D0B,2419093,2419471.400,2419471400,1000,1910,1935,90,90,FWD,29,8,-1,IDLE,0
C3B93D0B,2419094,2419472.400,2419472400,1000,1909,1935,90,90,FWD,29,8,-1,IDLE,0
C3B93D0B,2419095,2419473.399,2419473399,999,1909,1935,90,90,FWD,29,8,-1,IDLE,0
C3B93D0B,2419096,2419474.400,2419474400,1001,1907,1935,90,90,FWD,29,8,-1,IDLE,0
C3B93D0B,2419097,2419475.399,2419475399,999,1908,1935,90,90,FWD,29,8,-1,IDLE,0
C3B93D0B,2419098,2419476.400,2419476400,1001,1910,1935,90,90,FWD,29,8,-1,IDLE,0
C3B93D0B,2419099,2419477.399,2419477399,999,1907,1935,90,90,FWD,29,8,-1,IDLE,0
C3B93D0B,2419100,2419478.400,2419478400,1001,1909,1935,90,90,FWD,29,8,-1,IDLE,0
C3B93D0B,2419101,2419479.399,2419479399,999,1907,1935,90,90,FWD,29,8,-1,IDLE,0
C3B93D0B,2419102,2419480.400,2419480400,1001,1910,1935,90,90,FWD,29,8,-1,IDLE,0
C3B93D0B,2419103,2419481.400,2419481400,1000,1908,1935,90,90,FWD,29,8,-1,IDLE,0
C3B93D0B,2419104,2419483.193,2419483193,1793,1898,1935,90,90,FWD,61,8,-1,IDLE,0
C3B93D0B,2419105,2419483.778,2419483778,585,1899,1935,90,90,FWD,29,8,-1,IDLE,0
C3B93D0B,2419106,2419484.400,2419484400,622,1901,1935,90,90,FWD,29,8,-1,IDLE,0
C3B93D0B,2419107,2419485.399,2419485399,999,1900,1935,90,90,FWD,29,8,-1,IDLE,0
C3B93D0B,2419108,2419486.400,2419486400,1001,1901,1935,90,90,FWD,29,8,-1,IDLE,0
C3B93D0B,2419109,2419487.399,2419487399,999,1902,1935,90,90,FWD,29,8,-1,IDLE,0
C3B93D0B,2419110,2419488.400,2419488400,1001,1900,1935,90,90,FWD,29,8,-1,IDLE,0
C3B93D0B,2419111,2419489.399,2419489399,999,1901,1935,90,90,FWD,29,8,-1,IDLE,0
C3B93D0B,2419112,2419490.400,2419490400,1001,1902,1935,90,90,FWD,29,8,-1,IDLE,0
C3B93D0B,2419113,2419491.400,2419491400,1000,1902,1935,90,90,FWD,29,8,-1,IDLE,0
C3B93D0B,2419114,2419492.400,2419492400,1000,1903,1935,90,90,FWD,29,8,-1,IDLE,0
C3B93D0B,2419115,2419493.399,2419493399,999,1902,1935,90,90,FWD,29,8,-1,IDLE,0
C3B93D0B,2419116,2419494.400,2419494400,1001,1901,1935,90,90,FWD,29,8,-1,IDLE,0
C3B93D0B,2419117,2419495.399,2419495399,999,1903,1935,90,90,FWD,29,8,-1,IDLE,0
C3B93D0B,2419118,2419496.400,2419496400,1001,1902,1935,90,90,FWD,29,8,-1,IDLE,0
C3B93D0B,2419119,2419497.399,2419497399,999,1902,1935,90,90,FWD,29,8,-1,IDLE,0
C3B93D0B,2419120,2419498.400,2419498400,1001,1901,1935,90,90,FWD,29,8,-1,IDLE,0
C3B93D0B,2419121,2419499.399,2419499399,999,1902,1935,90,90,FWD,29,8,-1,IDLE,0
C3B93D0B,2419122,2419500.400,2419500400,1001,1901,1935,90,90,FWD,29,8,-1,IDLE,0
C3B93D0B,2419123,2419501.400,2419501400,1000,1901,1935,90,90,FWD,29,8,-1,IDLE,0
C3B93D0B,2419124,2419502.400,2419502400,1000,1901,1935,90,90,FWD,29,8,-1,IDLE,0
C3B93D0B,2419125,2419503.399,2419503399,999,1901,1935,90,90,FWD,29,8,-1,IDLE,0
C3B93D0B,2419126,2419504.400,2419504400,1001,1899,1935,90,90,FWD,29,8,-1,IDLE,0
C3B93D0B,2419127,2419505.399,2419505399,999,1901,1935,90,90,FWD,29,8,-1,IDLE,0
C3B93D0B,2419128,2419506.400,2419506400,1001,1899,1935,90,90,FWD,29,8,-1,IDLE,0
C3B93D0B,2419129,2419507.399,2419507399,999,1902,1935,90,90,FWD,29,8,-1,IDLE,0
C3B93D0B,2419130,2419508.400,2419508400,1001,1902,1935,90,90,FWD,29,8,-1,IDLE,0
C3B93D0B,2419131,2419509.399,2419509399,999,1900,1935,90,90,FWD,29,8,-1,IDLE,0
C3B93D0B,2419132,2419510.400,2419510400,1001,1903,1935,90,90,FWD,29,8,-1,IDLE,0
C3B93D0B,2419133,2419511.400,2419511400,1000,1901,1935,90,90,FWD,29,8,-1,IDLE,0
C3B93D0B,2419134,2419512.400,2419512400,1000,1899,1935,90,90,FWD,29,8,-1,IDLE,0
C3B93D0B,2419135,2419513.399,2419513399,999,1902,1935,90,90,FWD,29,8,-1,IDLE,0
C3B93D0B,2419136,2419514.400,2419514400,1001,1902,1935,90,90,FWD,29,8,-1,IDLE,0
C3B93D0B,2419137,2419515.399,2419515399,999,1902,1935,90,90,FWD,29,8,-1,IDLE,0
C3B93D0B,2419138,2419516.400,2419516400,1001,1902,1935,90,90,FWD,29,8,-1,IDLE,0
C3B93D0B,2419139,2419517.399,2419517399,999,1902,1935,90,90,FWD,29,8,-1,IDLE,0
C3B93D0B,2419140,2419518.400,2419518400,1001,1901,1935,90,90,FWD,29,8,-1,IDLE,0
C3B93D0B,2419141,2419519.399,2419519399,999,1902,1935,90,90,FWD,29,8,-1,IDLE,0
C3B93D0B,2419142,2419520.400,2419520400,1001,1900,1935,90,90,FWD,29,8,-1,IDLE,0
C3B93D0B,2419143,2419521.400,2419521400,1000,1901,1935,90,90,FWD,29,8,-1,IDLE,0
C3B93D0B,2419144,2419522.400,2419522400,1000,1902,1935,90,90,FWD,29,8,-1,IDLE,0
C3B93D0B,2419145,2419523.399,2419523399,999,1903,1935,90,90,FWD,29,8,-1,IDLE,0
C3B93D0B,2419146,2419524.400,2419524400,1001,1901,1935,90,90,FWD,29,8,-1,IDLE,0
C3B93D0B,2419147,2419525.399,2419525399,999,1901,1935,90,90,FWD,29,8,-1,IDLE,0
C3B93D0B,2419148,2419526.400,2419526400,1001,1901,1935,90,90,FWD,29,8,-1,IDLE,0
C3B93D0B,2419149,2419527.399,2419527399,999,1903,1935,90,90,FWD,29,8,-1,IDLE,0
C3B93D0B,2419150,2419528.400,2419528400,1001,1902,1935,90,90,FWD,29,8,-1,IDLE,0
C3B93D0B,2419151,2419529.399,2419529399,999,1902,1935,90,90,FWD,29,8,-1,IDLE,0
C3B93D0B,2419152,2419530.400,2419530400,1001,1901,1935,90,90,FWD,29,8,-1,IDLE,0
C3B93D0B,2419153,2419531.400,2419531400,1000,1901,1935,90,90,FWD,29,8,-1,IDLE,0
C3B93D0B,2419154,2419532.400,2419532400,1000,1899,1935,90,90,FWD,29,8,-1,IDLE,0
C3B93D0B,2419155,2419533.608,2419533608,1208,1902,1935,90,90,FWD,29,8,-1,IDLE,0
C3B93D0B,2419156,2419534.487,2419534487,879,1901,1935,90,90,FWD,29,8,-1,IDLE,0
C3B93D0B,2419157,2419535.399,2419535399,912,1901,1935,90,90,FWD,29,8,-1,IDLE,0
C3B93D0B,2419158,2419536.400,2419536400,1001,1901,1935,90,90,FWD,29,8,-1,IDLE,0
C3B93D0B,2419159,2419537.399,2419537399,999,1900,1935,90,90,FWD,29,8,-1,IDLE,0
C3B93D0B,2419160,2419538.400,2419538400,1001,1903,1935,90,90,FWD,29,8,-1,IDLE,0
C3B93D0B,2419161,2419539.611,2419539611,1211,1900,1935,90,90,FWD,29,8,-1,IDLE,0
C3B93D0B,2419162,2419540.400,2419540400,789,1899,1935,90,90,FWD,29,8,-1,IDLE,0
C3B93D0B,2419163,2419541.957,2419541957,1557,1900,1935,90,90,FWD,61,8,-1,IDLE,0
C3B93D0B,2419164,2419542.400,2419542400,443,1901,1935,90,90,FWD,29,8,-1,IDLE,0
C3B93D0B,2419165,2419543.399,2419543399,999,1902,1935,90,90,FWD,29,8,-1,IDLE,0
C3B93D0B,2419166,2419544.400,2419544400,1001,1904,1935,90,90,FWD,29,8,-1,IDLE,0
C3B93D0B,2419167,2419545.399,2419545399,999,1903,1935,90,90,FWD,29,8,-1,IDLE,0
C3B93D0B,2419168,2419546.400,2419546400,1001,1902,1935,90,90,FWD,29,8,-1,IDLE,0
C3B93D0B,2419169,2419547.399,2419547399,999,1902,1935,90,90,FWD,29,8,-1,IDLE,0
C3B93D0B,2419170,2419548.400,2419548400,1001,1901,1935,90,90,FWD,29,8,-1,IDLE,0
C3B93D0B,2419171,2419549.399,2419549399,999,1902,1935,90,90,FWD,29,8,-1,IDLE,0
C3B93D0B,2419172,2419550.400,2419550400,1001,1903,1935,90,90,FWD,29,8,-1,IDLE,0
C3B93D0B,2419173,2419551.400,2419551400,1000,1901,1935,90,90,FWD,29,8,-1,IDLE,0
C3B93D0B,2419174,2419552.400,2419552400,1000,1900,1935,90,90,FWD,29,8,-1,IDLE,0
C3B93D0B,2419175,2419553.399,2419553399,999,1901,1935,90,90,FWD,29,8,-1,IDLE,0
C3B93D0B,2419176,2419554.401,2419554401,1002,1911,1935,90,90,FWD,29,8,-1,IDLE,0
C3B93D0B,2419177,2419555.399,2419555399,998,1911,1935,90,90,FWD,29,8,-1,IDLE,0
C3B93D0B,2419178,2419556.400,2419556400,1001,1909,1935,90,90,FWD,29,8,-1,IDLE,0
C3B93D0B,2419179,2419557.399,2419557399,999,1909,1935,90,90,FWD,29,8,-1,IDLE,0
C3B93D0B,2419180,2419558.400,2419558400,1001,1910,1935,90,90,FWD,29,8,-1,IDLE,0
C3B93D0B,2419181,2419559.399,2419559399,999,1909,1935,90,90,FWD,29,8,-1,IDLE,0
C3B93D0B,2419182,2419560.400,2419560400,1001,1911,1935,90,90,FWD,29,8,-1,IDLE,0
C3B93D0B,2419183,2419561.400,2419561400,1000,1910,1935,90,90,FWD,29,8,-1,IDLE,0
C3B93D0B,2419184,2419562.400,2419562400,1000,1909,1935,90,90,FWD,29,8,-1,IDLE,0
C3B93D0B,2419185,2419563.399,2419563399,999,1910,1935,90,90,FWD,29,8,-1,IDLE,0
C3B93D0B,2419186,2419564.400,2419564400,1001,1906,1935,90,90,FWD,29,8,-1,IDLE,0
C3B93D0B,2419187,2419565.399,2419565399,999,1910,1935,90,90,FWD,29,8,-1,IDLE,0
C3B93D0B,2419188,2419566.400,2419566400,1001,1910,1935,90,90,FWD,29,8,-1,IDLE,0
C3B93D0B,2419189,2419567.399,2419567399,999,1910,1935,90,90,FWD,29,8,-1,IDLE,0
C3B93D0B,2419190,2419568.400,2419568400,1001,1909,1935,90,90,FWD,29,8,-1,IDLE,0
C3B93D0B,2419191,2419569.399,2419569399,999,1907,1935,90,90,FWD,29,8,-1,IDLE,0
C3B93D0B,2419192,2419570.400,2419570400,1001,1909,1935,90,90,FWD,29,8,-1,IDLE,0
C3B93D0B,2419193,2419571.400,2419571400,1000,1907,1935,90,90,FWD,29,8,-1,IDLE,0
C3B93D0B,2419194,2419572.400,2419572400,1000,1905,1935,90,90,FWD,29,8,-1,IDLE,0
C3B93D0B,2419195,2419573.399,2419573399,999,1909,1935,90,90,FWD,29,8,-1,IDLE,0
C3B93D0B,2419196,2419574.400,2419574400,1001,1907,1935,90,90,FWD,29,8,-1,IDLE,0
C3B93D0B,2419197,2419575.399,2419575399,999,1908,1935,90,90,FWD,29,8,-1,IDLE,0
C3B93D0B,2419198,2419576.400,2419576400,1001,1907,1935,90,90,FWD,29,8,-1,IDLE,0
C3B93D0B,2419199,2419577.399,2419577399,999,1907,1935,90,90,FWD,29,8,-1,IDLE,0
C3B93D0B,2419200,2419578.400,2419578400,1001,1909,1935,90,90,FWD,29,8,-1,IDLE,0
C3B93D0B,2419201,2419579.399,2419579399,999,1909,1935,90,90,FWD,29,8,-1,IDLE,0
C3B93D0B,2419202,2419580.400,2419580400,1001,1907,1935,90,90,FWD,29,8,-1,IDLE,0
C3B93D0B,2419203,2419581.400,2419581400,1000,1907,1935,90,90,FWD,29,8,-1,IDLE,0
C3B93D0B,2419204,2419583.225,2419583225,1825,1899,1935,90,90,FWD,61,8,-1,IDLE,0
C3B93D0B,2419205,2419583.548,2419583548,323,1896,1935,90,90,FWD,29,8,-1,IDLE,0
C3B93D0B,2419206,2419584.400,2419584400,852,1895,1935,90,90,FWD,29,8,-1,IDLE,0
C3B93D0B,2419207,2419585.399,2419585399,999,1901,1935,90,90,FWD,29,8,-1,IDLE,0
C3B93D0B,2419208,2419586.400,2419586400,1001,1901,1935,90,90,FWD,29,8,-1,IDLE,0
C3B93D0B,2419209,2419587.399,2419587399,999,1900,1935,90,90,FWD,29,8,-1,IDLE,0
C3B93D0B,2419210,2419588.400,2419588400,1001,1902,1935,90,90,FWD,29,8,-1,IDLE,0
C3B93D0B,2419211,2419589.399,2419589399,999,1899,1935,90,90,FWD,29,8,-1,IDLE,0
C3B93D0B,2419212,2419590.400,2419590400,1001,1901,1935,90,90,FWD,29,8,-1,IDLE,0
C3B93D0B,2419213,2419591.400,2419591400,1000,1901,1935,90,90,FWD,29,8,-1,IDLE,0
C3B93D0B,2419214,2419592.400,2419592400,1000,1901,1935,90,90,FWD,29,8,-1,IDLE,0
C3B93D0B,2419215,2419593.399,2419593399,999,1901,1935,90,90,FWD,29,8,-1,IDLE,0
C3B93D0B,2419216,2419594.400,2419594400,1001,1900,1935,90,90,FWD,29,8,-1,IDLE,0
C3B93D0B,2419217,2419595.399,2419595399,999,1901,1935,90,90,FWD,29,8,-1,IDLE,0
C3B93D0B,2419218,2419596.400,2419596400,1001,1900,1935,90,90,FWD,29,8,-1,IDLE,0
C3B93D0B,2419219,2419597.399,2419597399,999,1899,1935,90,90,FWD,29,8,-1,IDLE,0
C3B93D0B,2419220,2419598.400,2419598400,1001,1902,1935,90,90,FWD,29,8,-1,IDLE,0
C3B93D0B,2419221,2419599.399,2419599399,999,1900,1935,90,90,FWD,29,8,-1,IDLE,0
C3B93D0B,2419222,2419600.400,2419600400,1001,1899,1935,90,90,FWD,29,8,-1,IDLE,0
C3B93D0B,2419223,2419601.400,2419601400,1000,1900,1935,90,90,FWD,29,8,-1,IDLE,0
C3B93D0B,2419224,2419602.400,2419602400,1000,1901,1935,90,90,FWD,29,8,-1,IDLE,0
C3B93D0B,2419225,2419603.399,2419603399,999,1902,1935,90,90,FWD,29,8,-1,IDLE,0
C3B93D0B,2419226,2419604.400,2419604400,1001,1900,1935,90,90,FWD,29,8,-1,IDLE,0
C3B93D0B,2419227,2419605.399,2419605399,999,1901,1935,90,90,FWD,29,8,-1,IDLE,0
C3B93D0B,2419228,2419606.400,2419606400,1001,1904,1935,90,90,FWD,29,8,-1,IDLE,0
C3B93D0B,2419229,2419607.399,2419607399,999,1902,1935,90,90,FWD,29,8,-1,IDLE,0
C3B93D0B,2419230,2419608.400,2419608400,1001,1903,1935,90,90,FWD,29,8,-1,IDLE,0
C3B93D0B,2419231,2419609.399,2419609399,999,1902,1935,90,90,FWD,29,8,-1,IDLE,0
C3B93D0B,2419232,2419610.400,2419610400,1001,1903,1935,90,90,FWD,29,8,-1,IDLE,0
C3B93D0B,2419233,2419611.400,2419611400,1000,1899,1935,90,90,FWD,29,8,-1,IDLE,0
C3B93D0B,2419234,2419612.400,2419612400,1000,1901,1935,90,90,FWD,29,8,-1,IDLE,0
C3B93D0B,2419235,2419613.399,2419613399,999,1902,1935,90,90,FWD,29,8,-1,IDLE,0
C3B93D0B,2419236,2419614.400,2419614400,1001,1899,1935,90,90,FWD,29,8,-1,IDLE,0
C3B93D0B,2419237,2419615.399,2419615399,999,1901,1935,90,90,FWD,29,8,-1,IDLE,0
C3B93D0B,2419238,2419616.400,2419616400,1001,1903,1935,90,90,FWD,29,8,-1,IDLE,0
C3B93D0B,2419239,2419617.399,2419617399,999,1901,1935,90,90,FWD,29,8,-1,IDLE,0
C3B93D0B,2419240,2419618.400,2419618400,1001,1902,1935,90,90,FWD,29,8,-1,IDLE,0
C3B93D0B,2419241,2419619.399,2419619399,999,1900,1935,90,90,FWD,29,8,-1,IDLE,0
C3B93D0B,2419242,2419620.400,2419620400,1001,1902,1935,90,90,FWD,29,8,-1,IDLE,0
C3B93D0B,2419243,2419621.400,2419621400,1000,1902,1935,90,90,FWD,29,8,-1,IDLE,0
C3B93D0B,2419244,2419622.400,2419622400,1000,1901,1935,90,90,FWD,29,8,-1,IDLE,0
C3B93D0B,2419245,2419623.399,2419623399,999,1903,1935,90,90,FWD,29,8,-1,IDLE,0
C3B93D0B,2419246,2419624.400,2419624400,1001,1901,1935,90,90,FWD,29,8,-1,IDLE,0
C3B93D0B,2419247,2419625.399,2419625399,999,1902,1935,90,90,FWD,29,8,-1,IDLE,0
C3B93D0B,2419248,2419626.400,2419626400,1001,1899,1935,90,90,FWD,29,8,-1,IDLE,0
C3B93D0B,2419249,2419627.399,2419627399,999,1901,1935,90,90,FWD,29,8,-1,IDLE,0
C3B93D0B,2419250,2419628.400,2419628400,1001,1902,1935,90,90,FWD,29,8,-1,IDLE,0
C3B93D0B,2419251,2419629.399,2419629399,999,1902,1935,90,90,FWD,29,8,-1,IDLE,0
C3B93D0B,2419252,2419630.400,2419630400,1001,1903,1935,90,90,FWD,29,8,-1,IDLE,0
C3B93D0B,2419253,2419631.400,2419631400,1000,1901,1935,90,90,FWD,29,8,-1,IDLE,0
C3B93D0B,2419254,2419632.400,2419632400,1000,1901,1935,90,90,FWD,29,8,-1,IDLE,0
C3B93D0B,2419255,2419633.399,2419633399,999,1902,1935,90,90,FWD,29,8,-1,IDLE,0
C3B93D0B,2419256,2419634.400,2419634400,1001,1901,1935,90,90,FWD,29,8,-1,IDLE,0
C3B93D0B,2419257,2419635.524,2419635524,1124,1900,1935,90,90,FWD,29,8,-1,IDLE,0
C3B93D0B,2419258,2419636.400,2419636400,876,1902,1935,90,90,FWD,29,8,-1,IDLE,0
C3B93D0B,2419259,2419637.399,2419637399,999,1903,1935,90,90,FWD,29,8,-1,IDLE,0
C3B93D0B,2419260,2419638.400,2419638400,1001,1902,1935,90,90,FWD,29,8,-1,IDLE,0
C3B93D0B,2419261,2419639.399,2419639399,999,1902,1935,90,90,FWD,29,8,-1,IDLE,0
C3B93D0B,2419262,2419640.400,2419640400,1001,1901,1935,90,90,FWD,29,8,-1,IDLE,0
C3B93D0B,2419263,2419641.541,2419641541,1141,1904,1935,90,90,FWD,29,8,-1,IDLE,0
C3B93D0B,2419264,2419642.400,2419642400,859,1902,1935,90,90,FWD,29,8,-1,IDLE,0
C3B93D0B,2419265,2419643.399,2419643399,999,1903,1935,90,90,FWD,29,8,-1,IDLE,0
C3B93D0B,2419266,2419644.854,2419644854,1455,1901,1935,90,90,FWD,61,8,-1,IDLE,0
C3B93D0B,2419267,2419645.399,2419645399,545,1902,1935,90,90,FWD,29,8,-1,IDLE,0
C3B93D0B,2419268,2419646.526,2419646526,1127,1899,1935,90,90,FWD,29,8,-1,IDLE,0
C3B93D0B,2419269,2419647.399,2419647399,873,1902,1935,90,90,FWD,29,8,-1,IDLE,0
C3B93D0B,2419270,2419648.400,2419648400,1001,1899,1935,90,90,FWD,29,8,-1,IDLE,0
C3B93D0B,2419271,2419649.399,2419649399,999,1901,1935,90,90,FWD,29,8,-1,IDLE,0
C3B93D0B,2419272,2419650.400,2419650400,1001,1899,1935,90,90,FWD,29,8,-1,IDLE,0
C3B93D0B,2419273,2419651.400,2419651400,1000,1902,1935,90,90,FWD,29,8,-1,IDLE,0
C3B93D0B,2419274,2419652.400,2419652400,1000,1901,1935,90,90,FWD,29,8,-1,IDLE,0
C3B93D0B,2419275,2419653.420,2419653420,1020,1911,1935,90,90,FWD,29,8,-1,IDLE,0
C3B93D0B,2419276,2419654.400,2419654400,980,1911,1935,90,90,FWD,29,8,-1,IDLE,0
C3B93D0B,2419277,2419655.399,2419655399,999,1911,1935,90,90,FWD,29,8,-1,IDLE,0
C3B93D0B,2419278,2419656.400,2419656400,1001,1914,1935,90,90,FWD,29,8,-1,IDLE,0
C3B93D0B,2419279,2419657.399,2419657399,999,1909,1935,90,90,FWD,29,8,-1,IDLE,0
C3B93D0B,2419280,2419658.400,2419658400,1001,1911,1935,90,90,FWD,29,8,-1,IDLE,0
C3B93D0B,2419281,2419659.399,2419659399,999,1909,1935,90,90,FWD,29,8,-1,IDLE,0
C3B93D0B,2419282,2419660.400,2419660400,1001,1907,1935,90,90,FWD,29,8,-1,IDLE,0
C3B93D0B,2419283,2419661.400,2419661400,1000,1909,1935,90,90,FWD,29,8,-1,IDLE,0
C3B93D0B,2419284,2419662.400,2419662400,1000,1909,1935,90,90,FWD,29,8,-1,IDLE,0
C3B93D0B,2419285,2419663.399,2419663399,999,1907,1935,90,90,FWD,29,8,-1,IDLE,0
C3B93D0B,2419286,2419664.400,2419664400,1001,1907,1935,90,90,FWD,29,8,-1,IDLE,0
C3B93D0B,2419287,2419665.399,2419665399,999,1910,1935,90,90,FWD,29,8,-1,IDLE,0
C3B93D0B,2419288,2419666.400,2419666400,1001,1907,1935,90,90,FWD,29,8,-1,IDLE,0
C3B93D0B,2419289,2419667.399,2419667399,999,1909,1935,90,90,FWD,29,8,-1,IDLE,0
C3B93D0B,2419290,2419668.400,2419668400,1001,1909,1935,90,90,FWD,29,8,-1,IDLE,0
C3B93D0B,2419291,2419669.399,2419669399,999,1909,1935,90,90,FWD,29,8,-1,IDLE,0
C3B93D0B,2419292,2419670.400,2419670400,1001,1906,1935,90,90,FWD,29,8,-1,IDLE,0
C3B93D0B,2419293,2419671.400,2419671400,1000,1905,1935,90,90,FWD,29,8,-1,IDLE,0
C3B93D0B,2419294,2419672.400,2419672400,1000,1906,1935,90,90,FWD,29,8,-1,IDLE,0
C3B93D0B,2419295,2419673.399,2419673399,999,1907,1935,90,90,FWD,29,8,-1,IDLE,0
C3B93D0B,2419296,2419674.400,2419674400,1001,1910,1935,90,90,FWD,29,8,-1,IDLE,0
C3B93D0B,2419297,2419675.399,2419675399,999,1909,1935,90,90,FWD,29,8,-1,IDLE,0
C3B93D0B,2419298,2419676.400,2419676400,1001,1907,1935,90,90,FWD,29,8,-1,IDLE,0
C3B93D0B,2419299,2419677.399,2419677399,999,1909,1935,90,90,FWD,29,8,-1,IDLE,0
C3B93D0B,2419300,2419678.400,2419678400,1001,1909,1935,90,90,FWD,29,8,-1,IDLE,0
C3B93D0B,2419301,2419679.399,2419679399,999,1908,1935,90,90,FWD,29,8,-1,IDLE,0
C3B93D0B,2419302,2419680.400,2419680400,1001,1906,1935,90,90,FWD,29,8,-1,IDLE,0
C3B93D0B,2419303,2419681.400,2419681400,1000,1907,1935,90,90,FWD,29,8,-1,IDLE,0
C3B93D0B,2419304,2419683.241,2419683241,1841,1897,1935,90,90,FWD,61,8,-1,IDLE,0
C3B93D0B,2419305,2419683.845,2419683845,604,1898,1935,90,90,FWD,29,8,-1,IDLE,0
C3B93D0B,2419306,2419684.400,2419684400,555,1900,1935,90,90,FWD,29,8,-1,IDLE,0
C3B93D0B,2419307,2419685.399,2419685399,999,1897,1935,90,90,FWD,29,8,-1,IDLE,0
C3B93D0B,2419308,2419686.400,2419686400,1001,1897,1935,90,90,FWD,29,8,-1,IDLE,0
C3B93D0B,2419309,2419687.399,2419687399,999,1900,1935,90,90,FWD,29,8,-1,IDLE,0
C3B93D0B,2419310,2419688.400,2419688400,1001,1900,1935,90,90,FWD,29,8,-1,IDLE,0
C3B93D0B,2419311,2419689.399,2419689399,999,1901,1935,90,90,FWD,29,8,-1,IDLE,0
C3B93D0B,2419312,2419690.400,2419690400,1001,1899,1935,90,90,FWD,29,8,-1,IDLE,0
C3B93D0B,2419313,2419691.400,2419691400,1000,1899,1935,90,90,FWD,29,8,-1,IDLE,0
C3B93D0B,2419314,2419692.400,2419692400,1000,1900,1935,90,90,FWD,29,8,-1,IDLE,0
C3B93D0B,2419315,2419693.399,2419693399,999,1901,1935,90,90,FWD,29,8,-1,IDLE,0
C3B93D0B,2419316,2419694.400,2419694400,1001,1902,1935,90,90,FWD,29,8,-1,IDLE,0
C3B93D0B,2419317,2419695.399,2419695399,999,1901,1935,90,90,FWD,29,8,-1,IDLE,0
C3B93D0B,2419318,2419696.400,2419696400,1001,1901,1935,90,90,FWD,29,8,-1,IDLE,0
C3B93D0B,2419319,2419697.399,2419697399,999,1901,1935,90,90,FWD,29,8,-1,IDLE,0
C3B93D0B,2419320,2419698.400,2419698400,1001,1901,1935,90,90,FWD,29,8,-1,IDLE,0
C3B93D0B,2419321,2419699.399,2419699399,999,1897,1935,90,90,FWD,29,8,-1,IDLE,0
C3B93D0B,2419322,2419700.400,2419700400,1001,1901,1935,90,90,FWD,29,8,-1,IDLE,0
C3B93D0B,2419323,2419701.400,2419701400,1000,1901,1935,90,90,FWD,29,8,-1,IDLE,0
C3B93D0B,2419324,2419702.400,2419702400,1000,1903,1935,90,90,FWD,29,8,-1,IDLE,0
C3B93D0B,2419325,2419703.399,2419703399,999,1903,1935,90,90,FWD,29,8,-1,IDLE,0
C3B93D0B,2419326,2419704.400,2419704400,1001,1903,1935,90,90,FWD,29,8,-1,IDLE,0
C3B93D0B,2419327,2419705.399,2419705399,999,1902,1935,90,90,FWD,29,8,-1,IDLE,0
C3B93D0B,2419328,2419706.400,2419706400,1001,1901,1935,90,90,FWD,29,8,-1,IDLE,0
C3B93D0B,2419329,2419707.399,2419707399,999,1901,1935,90,90,FWD,29,8,-1,IDLE,0
C3B93D0B,2419330,2419708.400,2419708400,1001,1901,1935,90,90,FWD,29,8,-1,IDLE,0
C3B93D0B,2419331,2419709.399,2419709399,999,1901,1935,90,90,FWD,29,8,-1,IDLE,0
C3B93D0B,2419332,2419710.400,2419710400,1001,1901,1935,90,90,FWD,29,8,-1,IDLE,0
C3B93D0B,2419333,2419711.400,2419711400,1000,1901,1935,90,90,FWD,29,8,-1,IDLE,0
C3B93D0B,2419334,2419712.400,2419712400,1000,1900,1935,90,90,FWD,29,8,-1,IDLE,0
C3B93D0B,2419335,2419713.399,2419713399,999,1903,1935,90,90,FWD,29,8,-1,IDLE,0
C3B93D0B,2419336,2419714.400,2419714400,1001,1903,1935,90,90,FWD,29,8,-1,IDLE,0
C3B93D0B,2419337,2419715.399,2419715399,999,1902,1935,90,90,FWD,29,8,-1,IDLE,0
C3B93D0B,2419338,2419716.400,2419716400,1001,1899,1935,90,90,FWD,29,8,-1,IDLE,0
C3B93D0B,2419339,2419717.399,2419717399,999,1901,1935,90,90,FWD,29,8,-1,IDLE,0
C3B93D0B,2419340,2419718.400,2419718400,1001,1901,1935,90,90,FWD,29,8,-1,IDLE,0
C3B93D0B,2419341,2419719.399,2419719399,999,1902,1935,90,90,FWD,29,8,-1,IDLE,0
C3B93D0B,2419342,2419720.400,2419720400,1001,1901,1935,90,90,FWD,29,8,-1,IDLE,0
C3B93D0B,2419343,2419721.400,2419721400,1000,1901,1935,90,90,FWD,29,8,-1,IDLE,0
C3B93D0B,2419344,2419722.400,2419722400,1000,1903,1935,90,90,FWD,29,8,-1,IDLE,0
C3B93D0B,2419345,2419723.399,2419723399,999,1902,1935,90,90,FWD,29,8,-1,IDLE,0
C3B93D0B,2419346,2419724.400,2419724400,1001,1902,1935,90,90,FWD,29,8,-1,IDLE,0
C3B93D0B,2419347,2419725.399,2419725399,999,1902,1935,90,90,FWD,29,8,-1,IDLE,0
C3B93D0B,2419348,2419726.400,2419726400,1001,1903,1935,90,90,FWD,29,8,-1,IDLE,0
C3B93D0B,2419349,2419727.399,2419727399,999,1902,1935,90,90,FWD,29,8,-1,IDLE,0
C3B93D0B,2419350,2419728.400,2419728400,1001,1899,1935,90,90,FWD,29,8,-1,IDLE,0
C3B93D0B,2419351,2419729.399,2419729399,999,1903,1935,90,90,FWD,29,8,-1,IDLE,0
C3B93D0B,2419352,2419730.400,2419730400,1001,1902,1935,90,90,FWD,29,8,-1,IDLE,0
C3B93D0B,2419353,2419731.400,2419731400,1000,1903,1935,90,90,FWD,29,8,-1,IDLE,0
C3B93D0B,2419354,2419732.400,2419732400,1000,1899,1935,90,90,FWD,29,8,-1,IDLE,0
C3B93D0B,2419355,2419733.399,2419733399,999,1903,1935,90,90,FWD,29,8,-1,IDLE,0
C3B93D0B,2419356,2419734.442,2419734442,1043,1900,1935,90,90,FWD,29,8,-1,IDLE,0
C3B93D0B,2419357,2419735.399,2419735399,957,1900,1935,90,90,FWD,29,8,-1,IDLE,0
C3B93D0B,2419358,2419736.400,2419736400,1001,1902,1935,90,90,FWD,29,8,-1,IDLE,0
C3B93D0B,2419359,2419737.399,2419737399,999,1901,1935,90,90,FWD,29,8,-1,IDLE,0
C3B93D0B,2419360,2419738.400,2419738400,1001,1902,1935,90,90,FWD,29,8,-1,IDLE,0
C3B93D0B,2419361,2419739.399,2419739399,999,1902,1935,90,90,FWD,29,8,-1,IDLE,0
C3B93D0B,2419362,2419740.400,2419740400,1001,1900,1935,90,90,FWD,29,8,-1,IDLE,0
C3B93D0B,2419363,2419741.400,2419741400,1000,1902,1935,90,90,FWD,29,8,-1,IDLE,0
C3B93D0B,2419364,2419742.400,2419742400,1000,1902,1935,90,90,FWD,29,8,-1,IDLE,0
C3B93D0B,2419365,2419743.786,2419743786,1386,1901,1935,90,90,FWD,61,8,-1,IDLE,0
C3B93D0B,2419366,2419744.400,2419744400,614,1902,1935,90,90,FWD,29,8,-1,IDLE,0
C3B93D0B,2419367,2419745.399,2419745399,999,1902,1935,90,90,FWD,29,8,-1,IDLE,0
C3B93D0B,2419368,2419746.400,2419746400,1001,1901,1935,90,90,FWD,29,8,-1,IDLE,0
C3B93D0B,2419369,2419747.606,2419747606,1206,1900,1935,90,90,FWD,29,8,-1,IDLE,0
C3B93D0B,2419370,2419748.400,2419748400,794,1900,1935,90,90,FWD,29,8,-1,IDLE,0
C3B93D0B,2419371,2419749.399,2419749399,999,1901,1935,90,90,FWD,29,8,-1,IDLE,0
C3B93D0B,2419372,2419750.400,2419750400,1001,1902,1935,90,90,FWD,29,8,-1,IDLE,0
C3B93D0B,2419373,2419751.400,2419751400,1000,1902,1935,90,90,FWD,29,8,-1,IDLE,0
C3B93D0B,2419374,2419752.400,2419752400,1000,1901,1935,90,90,FWD,29,8,-1,IDLE,0
C3B93D0B,2419375,2419753.399,2419753399,999,1903,1935,90,90,FWD,29,8,-1,IDLE,0
C3B93D0B,2419376,2419754.400,2419754400,1001,1903,1935,90,90,FWD,29,8,-1,IDLE,0
C3B93D0B,2419377,2419755.399,2419755399,999,1899,1935,90,90,FWD,29,8,-1,IDLE,0
C3B93D0B,2419378,2419756.403,2419756403,1004,1911,1935,90,90,FWD,29,8,-1,IDLE,0
C3B93D0B,2419379,2419757.399,2419757399,996,1911,1935,90,90,FWD,29,8,-1,IDLE,0
C3B93D0B,2419380,2419758.400,2419758400,1001,1910,1935,90,90,FWD,29,8,-1,IDLE,0
C3B93D0B,2419381,2419759.399,2419759399,999,1909,1935,90,90,FWD,29,8,-1,IDLE,0
C3B93D0B,2419382,2419760.400,2419760400,1001,1912,1935,90,90,FWD,29,8,-1,IDLE,0
C3B93D0B,2419383,2419761.400,2419761400,1000,1913,1935,90,90,FWD,29,8,-1,IDLE,0
C3B93D0B,2419384,2419762.400,2419762400,1000,1910,1935,90,90,FWD,29,8,-1,IDLE,0
C3B93D0B,2419385,2419763.399,2419763399,999,1910,1935,90,90,FWD,29,8,-1,IDLE,0
C3B93D0B,2419386,2419764.400,2419764400,1001,1908,1935,90,90,FWD,29,8,-1,IDLE,0
C3B93D0B,2419387,2419765.399,2419765399,999,1910,1935,90,90,FWD,29,8,-1,IDLE,0
C3B93D0B,2419388,2419766.400,2419766400,1001,1910,1935,90,90,FWD,29,8,-1,IDLE,0
C3B93D0B,2419389,2419767.399,2419767399,999,1909,1935,90,90,FWD,29,8,-1,IDLE,0
C3B93D0B,2419390,2419768.400,2419768400,1001,1907,1935,90,90,FWD,29,8,-1,IDLE,0
C3B93D0B,2419391,2419769.399,2419769399,999,1907,1935,90,90,FWD,29,8,-1,IDLE,0
C3B93D0B,2419392,2419770.400,2419770400,1001,1909,1935,90,90,FWD,29,8,-1,IDLE,0
C3B93D0B,2419393,2419771.400,2419771400,1000,1908,1935,90,90,FWD,29,8,-1,IDLE,0
C3B93D0B,2419394,2419772.400,2419772400,1000,1909,1935,90,90,FWD,29,8,-1,IDLE,0
C3B93D0B,2419395,2419773.399,2419773399,999,1909,1935,90,90,FWD,29,8,-1,IDLE,0
C3B93D0B,2419396,2419774.400,2419774400,1001,1907,1935,90,90,FWD,29,8,-1,IDLE,0
C3B93D0B,2419397,2419775.399,2419775399,999,1909,1935,90,90,FWD,29,8,-1,IDLE,0
C3B93D0B,2419398,2419776.400,2419776400,1001,1909,1935,90,90,FWD,29,8,-1,IDLE,0
C3B93D0B,2419399,2419777.399,2419777399,999,1907,1935,90,90,FWD,29,8,-1,IDLE,0
C3B93D0B,2419400,2419778.400,2419778400,1001,1910,1935,90,90,FWD,29,8,-1,IDLE,0
C3B93D0B,2419401,2419779.399,2419779399,999,1909,1935,90,90,FWD,29,8,-1,IDLE,0
C3B93D0B,2419402,2419780.400,2419780400,1001,1905,1935,90,90,FWD,29,8,-1,IDLE,0
C3B93D0B,2419403,2419781.400,2419781400,1000,1907,1935,90,90,FWD,29,8,-1,IDLE,0
C3B93D0B,2419404,2419783.222,2419783222,1822,1894,1935,90,90,FWD,61,8,-1,IDLE,0
C3B93D0B,2419405,2419783.829,2419783829,607,1898,1935,90,90,FWD,29,8,-1,IDLE,0
C3B93D0B,2419406,2419784.400,2419784400,571,1899,1935,90,90,FWD,29,8,-1,IDLE,0
C3B93D0B,2419407,2419785.399,2419785399,999,1899,1935,90,90,FWD,29,8,-1,IDLE,0
C3B93D0B,2419408,2419786.400,2419786400,1001,1897,1935,90,90,FWD,29,8,-1,IDLE,0
C3B93D0B,2419409,2419787.399,2419787399,999,1903,1935,90,90,FWD,29,8,-1,IDLE,0
C3B93D0B,2419410,2419788.400,2419788400,1001,1901,1935,90,90,FWD,29,8,-1,IDLE,0
C3B93D0B,2419411,2419789.399,2419789399,999,1901,1935,90,90,FWD,29,8,-1,IDLE,0
C3B93D0B,2419412,2419790.400,2419790400,1001,1898,1935,90,90,FWD,29,8,-1,IDLE,0
C3B93D0B,2419413,2419791.400,2419791400,1000,1898,1935,90,90,FWD,29,8,-1,IDLE,0
C3B93D0B,2419414,2419792.400,2419792400,1000,1899,1935,90,90,FWD,29,8,-1,IDLE,0
C3B93D0B,2419415,2419793.399,2419793399,999,1902,1935,90,90,FWD,29,8,-1,IDLE,0
C3B93D0B,2419416,2419794.400,2419794400,1001,1902,1935,90,90,FWD,29,8,-1,IDLE,0
C3B93D0B,2419417,2419795.399,2419795399,999,1902,1935,90,90,FWD,29,8,-1,IDLE,0
C3B93D0B,2419418,2419796.400,2419796400,1001,1901,1935,90,90,FWD,29,8,-1,IDLE,0
C3B93D0B,2419419,2419797.399,2419797399,999,1903,1935,90,90,FWD,29,8,-1,IDLE,0
C3B93D0B,2419420,2419798.400,2419798400,1001,1900,1935,90,90,FWD,29,8,-1,IDLE,0
C3B93D0B,2419421,2419799.399,2419799399,999,1902,1935,90,90,FWD,29,8,-1,IDLE,0
C3B93D0B,2419422,2419800.400,2419800400,1001,1902,1935,90,90,FWD,29,8,-1,IDLE,0
C3B93D0B,2419423,2419801.400,2419801400,1000,1903,1935,90,90,FWD,29,8,-1,IDLE,0
C3B93D0B,2419424,2419802.400,2419802400,1000,1899,1935,90,90,FWD,29,8,-1,IDLE,0
C3B93D0B,2419425,2419803.399,2419803399,999,1898,1935,90,90,FWD,29,8,-1,IDLE,0
C3B93D0B,2419426,2419804.400,2419804400,1001,1904,1935,90,90,FWD,29,8,-1,IDLE,0
C3B93D0B,2419427,2419805.399,2419805399,999,1901,1935,90,90,FWD,29,8,-1,IDLE,0
C3B93D0B,2419428,2419806.400,2419806400,1001,1901,1935,90,90,FWD,29,8,-1,IDLE,0
C3B93D0B,2419429,2419807.399,2419807399,999,1901,1935,90,90,FWD,29,8,-1,IDLE,0
C3B93D0B,2419430,2419808.400,2419808400,1001,1899,1935,90,90,FWD,29,8,-1,IDLE,0
C3B93D0B,2419431,2419809.399,2419809399,999,1902,1935,90,90,FWD,29,8,-1,IDLE,0
C3B93D0B,2419432,2419810.400,2419810400,1001,1902,1935,90,90,FWD,29,8,-1,IDLE,0
C3B93D0B,2419433,2419811.400,2419811400,1000,1900,1935,90,90,FWD,29,8,-1,IDLE,0
C3B93D0B,2419434,2419812.400,2419812400,1000,1902,1935,90,90,FWD,29,8,-1,IDLE,0
C3B93D0B,2419435,2419813.399,2419813399,999,1901,1935,90,90,FWD,29,8,-1,IDLE,0
C3B93D0B,2419436,2419814.400,2419814400,1001,1901,1935,90,90,FWD,29,8,-1,IDLE,0
C3B93D0B,2419437,2419815.399,2419815399,999,1902,1935,90,90,FWD,29,8,-1,IDLE,0
C3B93D0B,2419438,2419816.400,2419816400,1001,1902,1935,90,90,FWD,29,8,-1,IDLE,0
C3B93D0B,2419439,2419817.399,2419817399,999,1901,1935,90,90,FWD,29,8,-1,IDLE,0
C3B93D0B,2419440,2419818.400,2419818400,1001,1900,1935,90,90,FWD,29,8,-1,IDLE,0
C3B93D0B,2419441,2419819.399,2419819399,999,1904,1935,90,90,FWD,29,8,-1,IDLE,0
C3B93D0B,2419442,2419820.400,2419820400,1001,1901,1935,90,90,FWD,29,8,-1,IDLE,0
C3B93D0B,2419443,2419821.400,2419821400,1000,1902,1935,90,90,FWD,29,8,-1,IDLE,0
C3B93D0B,2419444,2419822.400,2419822400,1000,1901,1935,90,90,FWD,29,8,-1,IDLE,0
C3B93D0B,2419445,2419823.399,2419823399,999,1901,1935,90,90,FWD,29,8,-1,IDLE,0
C3B93D0B,2419446,2419824.400,2419824400,1001,1898,1935,90,90,FWD,29,8,-1,IDLE,0
C3B93D0B,2419447,2419825.399,2419825399,999,1902,1935,90,90,FWD,29,8,-1,IDLE,0
C3B93D0B,2419448,2419826.400,2419826400,1001,1902,1935,90,90,FWD,29,8,-1,IDLE,0
C3B93D0B,2419449,2419827.399,2419827399,999,1902,1935,90,90,FWD,29,8,-1,IDLE,0
C3B93D0B,2419450,2419828.400,2419828400,1001,1903,1935,90,90,FWD,29,8,-1,IDLE,0
C3B93D0B,2419451,2419829.399,2419829399,999,1900,1935,90,90,FWD,29,8,-1,IDLE,0
C3B93D0B,2419452,2419830.400,2419830400,1001,1904,1935,90,90,FWD,29,8,-1,IDLE,0
C3B93D0B,2419453,2419831.400,2419831400,1000,1901,1935,90,90,FWD,29,8,-1,IDLE,0
C3B93D0B,2419454,2419832.400,2419832400,1000,1901,1935,90,90,FWD,29,8,-1,IDLE,0
C3B93D0B,2419455,2419833.399,2419833399,999,1902,1935,90,90,FWD,29,8,-1,IDLE,0
C3B93D0B,2419456,2419834.498,2419834498,1099,1898,1935,90,90,FWD,29,8,-1,IDLE,0
C3B93D0B,2419457,2419835.399,2419835399,901,1901,1935,90,90,FWD,29,8,-1,IDLE,0
C3B93D0B,2419458,2419836.400,2419836400,1001,1903,1935,90,90,FWD,29,8,-1,IDLE,0
C3B93D0B,2419459,2419837.399,2419837399,999,1900,1935,90,90,FWD,29,8,-1,IDLE,0
C3B93D0B,2419460,2419838.400,2419838400,1001,1902,1935,90,90,FWD,29,8,-1,IDLE,0
C3B93D0B,2419461,2419839.399,2419839399,999,1904,1935,90,90,FWD,29,8,-1,IDLE,0
C3B93D0B,2419462,2419840.920,2419840920,1521,1902,1935,90,90,FWD,61,8,-1,IDLE,0
C3B93D0B,2419463,2419841.400,2419841400,480,1899,1935,90,90,FWD,29,8,-1,IDLE,0
C3B93D0B,2419464,2419842.400,2419842400,1000,1899,1935,90,90,FWD,29,8,-1,IDLE,0
C3B93D0B,2419465,2419843.399,2419843399,999,1903,1935,90,90,FWD,29,8,-1,IDLE,0
C3B93D0B,2419466,2419844.400,2419844400,1001,1900,1935,90,90,FWD,29,8,-1,IDLE,0
C3B93D0B,2419467,2419845.399,2419845399,999,1903,1935,90,90,FWD,29,8,-1,IDLE,0
C3B93D0B,2419468,2419846.400,2419846400,1001,1901,1935,90,90,FWD,29,8,-1,IDLE,0
C3B93D0B,2419469,2419847.399,2419847399,999,1901,1935,90,90,FWD,29,8,-1,IDLE,0
C3B93D0B,2419470,2419848.400,2419848400,1001,1901,1935,90,90,FWD,29,8,-1,IDLE,0
C3B93D0B,2419471,2419849.399,2419849399,999,1903,1935,90,90,FWD,29,8,-1,IDLE,0
C3B93D0B,2419472,2419850.695,2419850695,1296,1901,1935,90,90,FWD,61,8,-1,IDLE,0
C3B93D0B,2419473,2419851.400,2419851400,705,1901,1935,90,90,FWD,29,8,-1,IDLE,0
C3B93D0B,2419474,2419852.400,2419852400,1000,1903,1935,90,90,FWD,29,8,-1,IDLE,0
C3B93D0B,2419475,2419853.399,2419853399,999,1902,1935,90,90,FWD,29,8,-1,IDLE,0
C3B93D0B,2419476,2419854.400,2419854400,1001,1903,1935,90,90,FWD,29,8,-1,IDLE,0
C3B93D0B,2419477,2419855.399,2419855399,999,1899,1935,90,90,FWD,29,8,-1,IDLE,0
C3B93D0B,2419478,2419856.400,2419856400,1001,1902,1935,90,90,FWD,29,8,-1,IDLE,0
C3B93D0B,2419479,2419857.399,2419857399,999,1902,1935,90,90,FWD,29,8,-1,IDLE,0
C3B93D0B,2419480,2419858.400,2419858400,1001,1900,1935,90,90,FWD,29,8,-1,IDLE,0
C3B93D0B,2419481,2419859.401,2419859401,1001,1911,1935,90,90,FWD,29,8,-1,IDLE,0
C3B93D0B,2419482,2419860.400,2419860400,999,1913,1935,90,90,FWD,29,8,-1,IDLE,0
C3B93D0B,2419483,2419861.400,2419861400,1000,1911,1935,90,90,FWD,29,8,-1,IDLE,0
C3B93D0B,2419484,2419862.400,2419862400,1000,1908,1935,90,90,FWD,29,8,-1,IDLE,0
C3B93D0B,2419485,2419863.399,2419863399,999,1911,1935,90,90,FWD,29,8,-1,IDLE,0
C3B93D0B,2419486,2419864.400,2419864400,1001,1909,1935,90,90,FWD,29,8,-1,IDLE,0
C3B93D0B,2419487,2419865.399,2419865399,999,1908,1935,90,90,FWD,29,8,-1,IDLE,0
C3B93D0B,2419488,2419866.400,2419866400,1001,1909,1935,90,90,FWD,29,8,-1,IDLE,0
C3B93D0B,2419489,2419867.399,2419867399,999,1908,1935,90,90,FWD,29,8,-1,IDLE,0
C3B93D0B,2419490,2419868.400,2419868400,1001,1907,1935,90,90,FWD,29,8,-1,IDLE,0
C3B93D0B,2419491,2419869.399,2419869399,999,1907,1935,90,90,FWD,29,8,-1,IDLE,0
C3B93D0B,2419492,2419870.400,2419870400,1001,1907,1935,90,90,FWD,29,8,-1,IDLE,0
C3B93D0B,2419493,2419871.400,2419871400,1000,1907,1935,90,90,FWD,29,8,-1,IDLE,0
C3B93D0B,2419494,2419872.400,2419872400,1000,1907,1935,90,90,FWD,29,8,-1,IDLE,0
C3B93D0B,2419495,2419873.399,2419873399,999,1907,1935,90,90,FWD,29,8,-1,IDLE,0
C3B93D0B,2419496,2419874.400,2419874400,1001,1906,1935,90,90,FWD,29,8,-1,IDLE,0
C3B93D0B,2419497,2419875.399,2419875399,999,1907,1935,90,90,FWD,29,8,-1,IDLE,0
C3B93D0B,2419498,2419876.400,2419876400,1001,1907,1935,90,90,FWD,29,8,-1,IDLE,0
C3B93D0B,2419499,2419877.399,2419877399,999,1908,1935,90,90,FWD,29,8,-1,IDLE,0
C3B93D0B,2419500,2419878.400,2419878400,1001,1907,1935,90,90,FWD,29,8,-1,IDLE,0
C3B93D0B,2419501,2419879.520,2419879520,1120,1910,1935,90,90,FWD,29,8,-1,IDLE,0
C3B93D0B,2419502,2419880.400,2419880400,880,1907,1935,90,90,FWD,29,8,-1,IDLE,0
C3B93D0B,2419503,2419881.400,2419881400,1000,1909,1935,90,90,FWD,29,8,-1,IDLE,0
C3B93D0B,2419504,2419883.225,2419883225,1825,1895,1935,90,90,FWD,61,8,-1,IDLE,0
C3B93D0B,2419505,2419883.754,2419883754,529,1898,1935,90,90,FWD,29,8,-1,IDLE,0
C3B93D0B,2419506,2419884.400,2419884400,646,1894,1935,90,90,FWD,29,8,-1,IDLE,0
C3B93D0B,2419507,2419885.401,2419885401,1001,1898,1935,90,90,FWD,29,8,-1,IDLE,0
C3B93D0B,2419508,2419886.400,2419886400,999,1899,1935,90,90,FWD,29,8,-1,IDLE,0
C3B93D0B,2419509,2419887.399,2419887399,999,1899,1935,90,90,FWD,29,8,-1,IDLE,0
C3B93D0B,2419510,2419888.400,2419888400,1001,1898,1935,90,90,FWD,29,8,-1,IDLE,0
C3B93D0B,2419511,2419889.399,2419889399,999,1900,1935,90,90,FWD,29,8,-1,IDLE,0
C3B93D0B,2419512,2419890.400,2419890400,1001,1899,1935,90,90,FWD,29,8,-1,IDLE,0
C3B93D0B,2419513,2419891.400,2419891400,1000,1899,1935,90,90,FWD,29,8,-1,IDLE,0
C3B93D0B,2419514,2419892.400,2419892400,1000,1901,1935,90,90,FWD,29,8,-1,IDLE,0
C3B93D0B,2419515,2419893.399,2419893399,999,1900,1935,90,90,FWD,29,8,-1,IDLE,0
C3B93D0B,2419516,2419894.400,2419894400,1001,1897,1935,90,90,FWD,29,8,-1,IDLE,0
C3B93D0B,2419517,2419895.399,2419895399,999,1900,1935,90,90,FWD,29,8,-1,IDLE,0
C3B93D0B,2419518,2419896.614,2419896614,1215,1899,1935,90,90,FWD,29,8,-1,IDLE,0
C3B93D0B,2419519,2419897.399,2419897399,785,1901,1935,90,90,FWD,29,8,-1,IDLE,0
C3B93D0B,2419520,2419898.400,2419898400,1001,1899,1935,90,90,FWD,29,8,-1,IDLE,0
C3B93D0B,2419521,2419899.399,2419899399,999,1899,1935,90,90,FWD,29,8,-1,IDLE,0
C3B93D0B,2419522,2419900.400,2419900400,1001,1898,1935,90,90,FWD,29,8,-1,IDLE,0
C3B93D0B,2419523,2419901.400,2419901400,1000,1899,1935,90,90,FWD,29,8,-1,IDLE,0
C3B93D0B,2419524,2419902.400,2419902400,1000,1899,1935,90,90,FWD,29,8,-1,IDLE,0
C3B93D0B,2419525,2419903.399,2419903399,999,1902,1935,90,90,FWD,29,8,-1,IDLE,0
C3B93D0B,2419526,2419904.400,2419904400,1001,1901,1935,90,90,FWD,29,8,-1,IDLE,0
C3B93D0B,2419527,2419905.399,2419905399,999,1902,1935,90,90,FWD,29,8,-1,IDLE,0
C3B93D0B,2419528,2419906.400,2419906400,1001,1901,1935,90,90,FWD,29,8,-1,IDLE,0
C3B93D0B,2419529,2419907.399,2419907399,999,1903,1935,90,90,FWD,29,8,-1,IDLE,0
C3B93D0B,2419530,2419908.400,2419908400,1001,1899,1935,90,90,FWD,29,8,-1,IDLE,0
C3B93D0B,2419531,2419909.399,2419909399,999,1901,1935,90,90,FWD,29,8,-1,IDLE,0
C3B93D0B,2419532,2419910.400,2419910400,1001,1901,1935,90,90,FWD,29,8,-1,IDLE,0
C3B93D0B,2419533,2419911.400,2419911400,1000,1901,1935,90,90,FWD,29,8,-1,IDLE,0
C3B93D0B,2419534,2419912.400,2419912400,1000,1901,1935,90,90,FWD,29,8,-1,IDLE,0
C3B93D0B,2419535,2419913.399,2419913399,999,1902,1935,90,90,FWD,29,8,-1,IDLE,0
C3B93D0B,2419536,2419914.400,2419914400,1001,1901,1935,90,90,FWD,29,8,-1,IDLE,0
C3B93D0B,2419537,2419915.399,2419915399,999,1902,1935,90,90,FWD,29,8,-1,IDLE,0
C3B93D0B,2419538,2419916.400,2419916400,1001,1900,1935,90,90,FWD,29,8,-1,IDLE,0
C3B93D0B,2419539,2419917.399,2419917399,999,1902,1935,90,90,FWD,29,8,-1,IDLE,0
C3B93D0B,2419540,2419918.400,2419918400,1001,1902,1935,90,90,FWD,29,8,-1,IDLE,0
C3B93D0B,2419541,2419919.399,2419919399,999,1901,1935,90,90,FWD,29,8,-1,IDLE,0
C3B93D0B,2419542,2419920.400,2419920400,1001,1901,1935,90,90,FWD,29,8,-1,IDLE,0
C3B93D0B,2419543,2419921.400,2419921400,1000,1901,1935,90,90,FWD,29,8,-1,IDLE,0
C3B93D0B,2419544,2419922.400,2419922400,1000,1901,1935,90,90,FWD,29,8,-1,IDLE,0
C3B93D0B,2419545,2419923.399,2419923399,999,1901,1935,90,90,FWD,29,8,-1,IDLE,0
C3B93D0B,2419546,2419924.400,2419924400,1001,1899,1935,90,90,FWD,29,8,-1,IDLE,0
C3B93D0B,2419547,2419925.399,2419925399,999,1903,1935,90,90,FWD,29,8,-1,IDLE,0
C3B93D0B,2419548,2419926.400,2419926400,1001,1901,1935,90,90,FWD,29,8,-1,IDLE,0
C3B93D0B,2419549,2419927.399,2419927399,999,1902,1935,90,90,FWD,29,8,-1,IDLE,0
C3B93D0B,2419550,2419928.400,2419928400,1001,1901,1935,90,90,FWD,29,8,-1,IDLE,0
C3B93D0B,2419551,2419929.399,2419929399,999,1899,1935,90,90,FWD,29,8,-1,IDLE,0
C3B93D0B,2419552,2419930.400,2419930400,1001,1899,1935,90,90,FWD,29,8,-1,IDLE,0
C3B93D0B,2419553,2419931.400,2419931400,1000,1901,1935,90,90,FWD,29,8,-1,IDLE,0
C3B93D0B,2419554,2419932.400,2419932400,1000,1901,1935,90,90,FWD,29,8,-1,IDLE,0
C3B93D0B,2419555,2419933.399,2419933399,999,1900,1935,90,90,FWD,29,8,-1,IDLE,0
C3B93D0B,2419556,2419934.400,2419934400,1001,1899,1935,90,90,FWD,29,8,-1,IDLE,0
C3B93D0B,2419557,2419935.546,2419935546,1146,1899,1935,90,90,FWD,29,8,-1,IDLE,0
C3B93D0B,2419558,2419936.400,2419936400,854,1900,1935,90,90,FWD,29,8,-1,IDLE,0
C3B93D0B,2419559,2419937.399,2419937399,999,1901,1935,90,90,FWD,29,8,-1,IDLE,0
C3B93D0B,2419560,2419938.400,2419938400,1001,1901,1935,90,90,FWD,29,8,-1,IDLE,0
C3B93D0B,2419561,2419939.399,2419939399,999,1899,1935,90,90,FWD,29,8,-1,IDLE,0
C3B93D0B,2419562,2419940.400,2419940400,1001,1901,1935,90,90,FWD,29,8,-1,IDLE,0
C3B93D0B,2419563,2419941.401,2419941401,1001,1909,1935,90,90,FWD,29,8,-1,IDLE,0
C3B93D0B,2419564,2419942.400,2419942400,999,1909,1935,90,90,FWD,29,8,-1,IDLE,0
C3B93D0B,2419565,2419943.399,2419943399,999,1899,1935,90,90,FWD,29,8,-1,IDLE,0
C3B93D0B,2419566,2419944.400,2419944400,1001,1900,1935,90,90,FWD,29,8,-1,IDLE,0
C3B93D0B,2419567,2419945.399,2419945399,999,1899,1935,90,90,FWD,29,8,-1,IDLE,0
C3B93D0B,2419568,2419946.400,2419946400,1001,1899,1935,90,90,FWD,29,8,-1,IDLE,0
C3B93D0B,2419569,2419947.399,2419947399,999,1902,1935,90,90,FWD,29,8,-1,IDLE,0
C3B93D0B,2419570,2419948.480,2419948480,1081,1903,1935,90,90,FWD,29,8,-1,IDLE,0
C3B93D0B,2419571,2419949.399,2419949399,919,1901,1935,90,90,FWD,29,8,-1,IDLE,0
C3B93D0B,2419572,2419950.400,2419950400,1001,1901,1935,90,90,FWD,29,8,-1,IDLE,0
C3B93D0B,2419573,2419951.400,2419951400,1000,1904,1935,90,90,FWD,29,8,-1,IDLE,0
C3B93D0B,2419574,2419952.689,2419952689,1289,1902,1935,90,90,FWD,61,8,-1,IDLE,0
C3B93D0B,2419575,2419953.399,2419953399,710,1902,1935,90,90,FWD,29,8,-1,IDLE,0
C3B93D0B,2419576,2419954.400,2419954400,1001,1901,1935,90,90,FWD,29,8,-1,IDLE,0
C3B93D0B,2419577,2419955.399,2419955399,999,1901,1935,90,90,FWD,29,8,-1,IDLE,0
C3B93D0B,2419578,2419956.400,2419956400,1001,1897,1935,90,90,FWD,29,8,-1,IDLE,0
C3B93D0B,2419579,2419957.399,2419957399,999,1902,1935,90,90,FWD,29,8,-1,IDLE,0
C3B93D0B,2419580,2419958.570,2419958570,1171,1899,1935,90,90,FWD,29,8,-1,IDLE,0
C3B93D0B,2419581,2419959.399,2419959399,829,1902,1935,90,90,FWD,29,8,-1,IDLE,0
C3B93D0B,2419582,2419960.400,2419960400,1001,1901,1935,90,90,FWD,29,8,-1,IDLE,0
C3B93D0B,2419583,2419961.400,2419961400,1000,1902,1935,90,90,FWD,29,8,-1,IDLE,0
C3B93D0B,2419584,2419962.440,2419962440,1040,1900,1935,90,90,FWD,29,8,-1,IDLE,0
C3B93D0B,2419585,2419963.399,2419963399,959,1901,1935,90,90,FWD,29,8,-1,IDLE,0
C3B93D0B,2419586,2419964.400,2419964400,1001,1901,1935,90,90,FWD,29,8,-1,IDLE,0
C3B93D0B,2419587,2419965.399,2419965399,999,1903,1935,90,90,FWD,29,8,-1,IDLE,0
C3B93D0B,2419588,2419966.400,2419966400,1001,1902,1935,90,90,FWD,29,8,-1,IDLE,0
C3B93D0B,2419589,2419967.399,2419967399,999,1899,1935,90,90,FWD,29,8,-1,IDLE,0
C3B93D0B,2419590,2419968.400,2419968400,1001,1898,1935,90,90,FWD,29,8,-1,IDLE,0
C3B93D0B,2419591,2419969.399,2419969399,999,1902,1935,90,90,FWD,29,8,-1,IDLE,0
C3B93D0B,2419592,2419970.400,2419970400,1001,1902,1935,90,90,FWD,29,8,-1,IDLE,0
C3B93D0B,2419593,2419971.400,2419971400,1000,1901,1935,90,90,FWD,29,8,-1,IDLE,0
C3B93D0B,2419594,2419972.400,2419972400,1000,1899,1935,90,90,FWD,29,8,-1,IDLE,0
C3B93D0B,2419595,2419973.399,2419973399,999,1902,1935,90,90,FWD,29,8,-1,IDLE,0
C3B93D0B,2419596,2419974.400,2419974400,1001,1900,1935,90,90,FWD,29,8,-1,IDLE,0
C3B93D0B,2419597,2419975.399,2419975399,999,1899,1935,90,90,FWD,29,8,-1,IDLE,0
C3B93D0B,2419598,2419976.400,2419976400,1001,1900,1935,90,90,FWD,29,8,-1,IDLE,0
C3B93D0B,2419599,2419977.399,2419977399,999,1899,1935,90,90,FWD,29,8,-1,IDLE,0
C3B93D0B,2419600,2419978.400,2419978400,1001,1898,1935,90,90,FWD,29,8,-1,IDLE,0
C3B93D0B,2419601,2419979.618,2419979618,1218,1901,1935,90,90,FWD,29,8,-1,IDLE,0
C3B93D0B,2419602,2419980.400,2419980400,782,1899,1935,90,90,FWD,29,8,-1,IDLE,0
C3B93D0B,2419603,2419981.400,2419981400,1000,1902,1935,90,90,FWD,29,8,-1,IDLE,0
C3B93D0B,2419604,2419982.811,2419982811,1411,1899,1935,90,90,FWD,61,8,-1,IDLE,0
C3B93D0B,2419605,2419983.399,2419983399,588,1900,1935,90,90,FWD,29,8,-1,IDLE,0
C3B93D0B,2419606,2419984.533,2419984533,1134,1902,1935,90,90,FWD,29,8,-1,IDLE,0
C3B93D0B,2419607,2419985.402,2419985402,869,1901,1935,90,90,FWD,29,8,-1,IDLE,0
C3B93D0B,2419608,2419986.400,2419986400,998,1898,1935,90,90,FWD,29,8,-1,IDLE,0
C3B93D0B,2419609,2419987.399,2419987399,999,1902,1935,90,90,FWD,29,8,-1,IDLE,0
C3B93D0B,2419610,2419988.400,2419988400,1001,1897,1935,90,90,FWD,29,8,-1,IDLE,0
C3B93D0B,2419611,2419989.399,2419989399,999,1899,1935,90,90,FWD,29,8,-1,IDLE,0
C3B93D0B,2419612,2419990.400,2419990400,1001,1901,1935,90,90,FWD,29,8,-1,IDLE,0
C3B93D0B,2419613,2419991.400,2419991400,1000,1901,1935,90,90,FWD,29,8,-1,IDLE,0
C3B93D0B,2419614,2419992.400,2419992400,1000,1898,1935,90,90,FWD,29,8,-1,IDLE,0
C3B93D0B,2419615,2419993.399,2419993399,999,1901,1935,90,90,FWD,29,8,-1,IDLE,0
C3B93D0B,2419616,2419994.400,2419994400,1001,1900,1935,90,90,FWD,29,8,-1,IDLE,0
C3B93D0B,2419617,2419995.399,2419995399,999,1901,1935,90,90,FWD,29,8,-1,IDLE,0
C3B93D0B,2419618,2419996.400,2419996400,1001,1899,1935,90,90,FWD,29,8,-1,IDLE,0
C3B93D0B,2419619,2419997.399,2419997399,999,1900,1935,90,90,FWD,29,8,-1,IDLE,0
C3B93D0B,2419620,2419998.400,2419998400,1001,1902,1935,90,90,FWD,29,8,-1,IDLE,0
C3B93D0B,2419621,2419999.399,2419999399,999,1901,1935,90,90,FWD,29,8,-1,IDLE,0
C3B93D0B,2419622,2420000.400,2420000400,1001,1901,1935,90,90,FWD,29,8,-1,IDLE,0
C3B93D0B,2419623,2420001.400,2420001400,1000,1903,1935,90,90,FWD,29,8,-1,IDLE,0
C3B93D0B,2419624,2420002.401,2420002401,1001,1898,1935,90,90,FWD,29,8,-1,IDLE,0
C3B93D0B,2419625,2420003.402,2420003402,1001,1899,1935,90,90,FWD,29,8,-1,IDLE,0
C3B93D0B,2419626,2420004.400,2420004400,998,1901,1935,90,90,FWD,29,8,-1,IDLE,0
C3B93D0B,2419627,2420005.426,2420005426,1026,1901,1935,90,90,FWD,29,8,-1,IDLE,0
C3B93D0B,2419628,2420006.400,2420006400,974,1899,1935,90,90,FWD,29,8,-1,IDLE,0
C3B93D0B,2419629,2420007.399,2420007399,999,1902,1935,90,90,FWD,29,8,-1,IDLE,0
C3B93D0B,2419630,2420008.400,2420008400,1001,1900,1935,90,90,FWD,29,8,-1,IDLE,0
C3B93D0B,2419631,2420009.399,2420009399,999,1902,1935,90,90,FWD,29,8,-1,IDLE,0
C3B93D0B,2419632,2420010.400,2420010400,1001,1902,1935,90,90,FWD,29,8,-1,IDLE,0
C3B93D0B,2419633,2420011.399,2420011399,999,1901,1935,90,90,FWD,29,8,-1,IDLE,0
C3B93D0B,2419634,2420012.401,2420012401,1002,1899,1935,90,90,FWD,29,8,-1,IDLE,0
C3B93D0B,2419635,2420013.399,2420013399,998,1901,1935,90,90,FWD,29,8,-1,IDLE,0
C3B93D0B,2419636,2420014.400,2420014400,1001,1899,1935,90,90,FWD,29,8,-1,IDLE,0
C3B93D0B,2419637,2420015.399,2420015399,999,1899,1935,90,90,FWD,29,8,-1,IDLE,0
C3B93D0B,2419638,2420016.400,2420016400,1001,1902,1935,90,90,FWD,29,8,-1,IDLE,0
C3B93D0B,2419639,2420017.399,2420017399,999,1902,1935,90,90,FWD,29,8,-1,IDLE,0
C3B93D0B,2419640,2420018.400,2420018400,1001,1899,1935,90,90,FWD,29,8,-1,IDLE,0
C3B93D0B,2419641,2420019.399,2420019399,999,1900,1935,90,90,FWD,29,8,-1,IDLE,0
C3B93D0B,2419642,2420020.400,2420020400,1001,1900,1935,90,90,FWD,29,8,-1,IDLE,0
C3B93D0B,2419643,2420021.399,2420021399,999,1900,1935,90,90,FWD,29,8,-1,IDLE,0
C3B93D0B,2419644,2420022.401,2420022401,1002,1899,1935,90,90,FWD,29,8,-1,IDLE,0
C3B93D0B,2419645,2420023.399,2420023399,998,1899,1935,90,90,FWD,29,8,-1,IDLE,0
C3B93D0B,2419646,2420024.400,2420024400,1001,1898,1935,90,90,FWD,29,8,-1,IDLE,0
C3B93D0B,2419647,2420025.399,2420025399,999,1902,1935,90,90,FWD,29,8,-1,IDLE,0
C3B93D0B,2419648,2420026.400,2420026400,1001,1899,1935,90,90,FWD,29,8,-1,IDLE,0
C3B93D0B,2419649,2420027.399,2420027399,999,1899,1935,90,90,FWD,29,8,-1,IDLE,0
C3B93D0B,2419650,2420028.400,2420028400,1001,1899,1935,90,90,FWD,29,8,-1,IDLE,0
C3B93D0B,2419651,2420029.399,2420029399,999,1899,1935,90,90,FWD,29,8,-1,IDLE,0
C3B93D0B,2419652,2420030.400,2420030400,1001,1901,1935,90,90,FWD,29,8,-1,IDLE,0
C3B93D0B,2419653,2420031.399,2420031399,999,1897,1935,90,90,FWD,29,8,-1,IDLE,0
C3B93D0B,2419654,2420032.401,2420032401,1002,1899,1935,90,90,FWD,29,8,-1,IDLE,0
C3B93D0B,2419655,2420033.400,2420033400,999,1900,1935,90,90,FWD,29,8,-1,IDLE,0
C3B93D0B,2419656,2420034.400,2420034400,1000,1899,1935,90,90,FWD,29,8,-1,IDLE,0
C3B93D0B,2419657,2420035.399,2420035399,999,1901,1935,90,90,FWD,29,8,-1,IDLE,0
C3B93D0B,2419658,2420036.400,2420036400,1001,1902,1935,90,90,FWD,29,8,-1,IDLE,0
C3B93D0B,2419659,2420037.399,2420037399,999,1899,1935,90,90,FWD,29,8,-1,IDLE,0
C3B93D0B,2419660,2420038.400,2420038400,1001,1901,1935,90,90,FWD,29,8,-1,IDLE,0
C3B93D0B,2419661,2420039.399,2420039399,999,1899,1935,90,90,FWD,29,8,-1,IDLE,0
C3B93D0B,2419662,2420040.400,2420040400,1001,1901,1935,90,90,FWD,29,8,-1,IDLE,0
C3B93D0B,2419663,2420041.399,2420041399,999,1901,1935,90,90,FWD,29,8,-1,IDLE,0
C3B93D0B,2419664,2420042.401,2420042401,1002,1899,1935,90,90,FWD,29,8,-1,IDLE,0
C3B93D0B,2419665,2420043.400,2420043400,999,1901,1935,90,90,FWD,29,8,-1,IDLE,0
C3B93D0B,2419666,2420044.400,2420044400,1000,1899,1935,90,90,FWD,29,8,-1,IDLE,0
C3B93D0B,2419667,2420045.399,2420045399,999,1899,1935,90,90,FWD,29,8,-1,IDLE,0
C3B93D0B,2419668,2420046.400,2420046400,1001,1898,1935,90,90,FWD,29,8,-1,IDLE,0
C3B93D0B,2419669,2420047.399,2420047399,999,1899,1935,90,90,FWD,29,8,-1,IDLE,0
C3B93D0B,2419670,2420048.400,2420048400,1001,1903,1935,90,90,FWD,29,8,-1,IDLE,0
C3B93D0B,2419671,2420049.399,2420049399,999,1900,1935,90,90,FWD,29,8,-1,IDLE,0
C3B93D0B,2419672,2420050.753,2420050753,1354,1900,1935,90,90,FWD,61,8,-1,IDLE,0
C3B93D0B,2419673,2420051.399,2420051399,646,1901,1935,90,90,FWD,29,8,-1,IDLE,0
C3B93D0B,2419674,2420052.401,2420052401,1002,1897,1935,90,90,FWD,29,8,-1,IDLE,0
C3B93D0B,2419675,2420053.399,2420053399,998,1899,1935,90,90,FWD,29,8,-1,IDLE,0
C3B93D0B,2419676,2420054.595,2420054595,1196,1901,1935,90,90,FWD,29,8,-1,IDLE,0
C3B93D0B,2419677,2420055.399,2420055399,804,1901,1935,90,90,FWD,29,8,-1,IDLE,0
C3B93D0B,2419678,2420056.400,2420056400,1001,1898,1935,90,90,FWD,29,8,-1,IDLE,0
C3B93D0B,2419679,2420057.399,2420057399,999,1899,1935,90,90,FWD,29,8,-1,IDLE,0
C3B93D0B,2419680,2420058.400,2420058400,1001,1897,1935,90,90,FWD,29,8,-1,IDLE,0
C3B93D0B,2419681,2420059.540,2420059540,1140,1895,1935,90,90,FWD,29,8,-1,IDLE,0
C3B93D0B,2419682,2420060.400,2420060400,860,1899,1935,90,90,FWD,29,8,-1,IDLE,0
C3B93D0B,2419683,2420061.399,2420061399,999,1899,1935,90,90,FWD,29,8,-1,IDLE,0
C3B93D0B,2419684,2420062.401,2420062401,1002,1900,1935,90,90,FWD,29,8,-1,IDLE,0
C3B93D0B,2419685,2420063.399,2420063399,998,1898,1935,90,90,FWD,29,8,-1,IDLE,0
C3B93D0B,2419686,2420064.400,2420064400,1001,1899,1935,90,90,FWD,29,8,-1,IDLE,0
C3B93D0B,2419687,2420065.399,2420065399,999,1901,1935,90,90,FWD,29,8,-1,IDLE,0
C3B93D0B,2419688,2420066.400,2420066400,1001,1898,1935,90,90,FWD,29,8,-1,IDLE,0
C3B93D0B,2419689,2420067.399,2420067399,999,1900,1935,90,90,FWD,29,8,-1,IDLE,0
C3B93D0B,2419690,2420068.400,2420068400,1001,1897,1935,90,90,FWD,29,8,-1,IDLE,0
C3B93D0B,2419691,2420069.399,2420069399,999,1900,1935,90,90,FWD,29,8,-1,IDLE,0
C3B93D0B,2419692,2420070.400,2420070400,1001,1902,1935,90,90,FWD,29,8,-1,IDLE,0
C3B93D0B,2419693,2420071.399,2420071399,999,1899,1935,90,90,FWD,29,8,-1,IDLE,0
C3B93D0B,2419694,2420072.401,2420072401,1002,1899,1935,90,90,FWD,29,8,-1,IDLE,0
C3B93D0B,2419695,2420073.399,2420073399,998,1898,1935,90,90,FWD,29,8,-1,IDLE,0
C3B93D0B,2419696,2420074.400,2420074400,1001,1901,1935,90,90,FWD,29,8,-1,IDLE,0
C3B93D0B,2419697,2420075.399,2420075399,999,1899,1935,90,90,FWD,29,8,-1,IDLE,0
C3B93D0B,2419698,2420076.400,2420076400,1001,1897,1935,90,90,FWD,29,8,-1,IDLE,0
C3B93D0B,2419699,2420077.399,2420077399,999,1899,1935,90,90,FWD,29,8,-1,IDLE,0
C3B93D0B,2419700,2420078.400,2420078400,1001,1899,1935,90,90,FWD,29,8,-1,IDLE,0
C3B93D0B,2419701,2420079.399,2420079399,999,1901,1935,90,90,FWD,29,8,-1,IDLE,0
C3B93D0B,2419702,2420080.400,2420080400,1001,1899,1935,90,90,FWD,29,8,-1,IDLE,0
C3B93D0B,2419703,2420081.399,2420081399,999,1899,1935,90,90,FWD,29,8,-1,IDLE,0
C3B93D0B,2419704,2420082.401,2420082401,1002,1898,1935,90,90,FWD,29,8,-1,IDLE,0
C3B93D0B,2419705,2420083.752,2420083752,1351,1897,1935,90,90,FWD,61,8,-1,IDLE,0
C3B93D0B,2419706,2420084.399,2420084399,647,1898,1935,90,90,FWD,29,8,-1,IDLE,0
C3B93D0B,2419707,2420085.400,2420085400,1001,1895,1935,90,90,FWD,29,8,-1,IDLE,0
C3B93D0B,2419708,2420086.399,2420086399,999,1899,1935,90,90,FWD,29,8,-1,IDLE,0
C3B93D0B,2419709,2420087.400,2420087400,1001,1900,1935,90,90,FWD,29,8,-1,IDLE,0
C3B93D0B,2419710,2420088.399,2420088399,999,1898,1935,90,90,FWD,29,8,-1,IDLE,0
C3B93D0B,2419711,2420089.400,2420089400,1001,1898,1935,90,90,FWD,29,8,-1,IDLE,0
C3B93D0B,2419712,2420090.399,2420090399,999,1899,1935,90,90,FWD,29,8,-1,IDLE,0
C3B93D0B,2419713,2420091.400,2420091400,1001,1898,1935,90,90,FWD,29,8,-1,IDLE,0
C3B93D0B,2419714,2420092.400,2420092400,1000,1898,1935,90,90,FWD,29,8,-1,IDLE,0
C3B93D0B,2419715,2420093.400,2420093400,1000,1898,1935,90,90,FWD,29,8,-1,IDLE,0
C3B93D0B,2419716,2420094.399,2420094399,999,1900,1935,90,90,FWD,29,8,-1,IDLE,0
C3B93D0B,2419717,2420095.400,2420095400,1001,1898,1935,90,90,FWD,29,8,-1,IDLE,0
C3B93D0B,2419718,2420096.399,2420096399,999,1901,1935,90,90,FWD,29,8,-1,IDLE,0
C3B93D0B,2419719,2420097.400,2420097400,1001,1897,1935,90,90,FWD,29,8,-1,IDLE,0
C3B93D0B,2419720,2420098.399,2420098399,999,1899,1935,90,90,FWD,29,8,-1,IDLE,0
C3B93D0B,2419721,2420099.400,2420099400,1001,1898,1935,90,90,FWD,29,8,-1,IDLE,0
C3B93D0B,2419722,2420100.399,2420100399,999,1898,1935,90,90,FWD,29,8,-1,IDLE,0
C3B93D0B,2419723,2420101.400,2420101400,1001,1898,1935,90,90,FWD,29,8,-1,IDLE,0
C3B93D0B,2419724,2420102.400,2420102400,1000,1898,1935,90,90,FWD,29,8,-1,IDLE,0
C3B93D0B,2419725,2420103.400,2420103400,1000,1899,1935,90,90,FWD,29,8,-1,IDLE,0
C3B93D0B,2419726,2420104.399,2420104399,999,1898,1935,90,90,FWD,29,8,-1,IDLE,0
C3B93D0B,2419727,2420105.400,2420105400,1001,1898,1935,90,90,FWD,29,8,-1,IDLE,0
C3B93D0B,2419728,2420106.399,2420106399,999,1898,1935,90,90,FWD,29,8,-1,IDLE,0
C3B93D0B,2419729,2420107.400,2420107400,1001,1900,1935,90,90,FWD,29,8,-1,IDLE,0
C3B93D0B,2419730,2420108.399,2420108399,999,1900,1935,90,90,FWD,29,8,-1,IDLE,0
C3B93D0B,2419731,2420109.400,2420109400,1001,1899,1935,90,90,FWD,29,8,-1,IDLE,0
C3B93D0B,2419732,2420110.399,2420110399,999,1899,1935,90,90,FWD,29,8,-1,IDLE,0
C3B93D0B,2419733,2420111.400,2420111400,1001,1900,1935,90,90,FWD,29,8,-1,IDLE,0
C3B93D0B,2419734,2420112.400,2420112400,1000,1899,1935,90,90,FWD,29,8,-1,IDLE,0
C3B93D0B,2419735,2420113.400,2420113400,1000,1898,1935,90,90,FWD,29,8,-1,IDLE,0
C3B93D0B,2419736,2420114.399,2420114399,999,1899,1935,90,90,FWD,29,8,-1,IDLE,0
C3B93D0B,2419737,2420115.400,2420115400,1001,1897,1935,90,90,FWD,29,8,-1,IDLE,0
C3B93D0B,2419738,2420116.399,2420116399,999,1897,1935,90,90,FWD,29,8,-1,IDLE,0
C3B93D0B,2419739,2420117.400,2420117400,1001,1897,1935,90,90,FWD,29,8,-1,IDLE,0
C3B93D0B,2419740,2420118.399,2420118399,999,1898,1935,90,90,FWD,29,8,-1,IDLE,0
C3B93D0B,2419741,2420119.400,2420119400,1001,1898,1935,90,90,FWD,29,8,-1,IDLE,0
C3B93D0B,2419742,2420120.399,2420120399,999,1898,1935,90,90,FWD,29,8,-1,IDLE,0
C3B93D0B,2419743,2420121.400,2420121400,1001,1897,1935,90,90,FWD,29,8,-1,IDLE,0
C3B93D0B,2419744,2420122.400,2420122400,1000,1899,1935,90,90,FWD,29,8,-1,IDLE,0
C3B93D0B,2419745,2420123.400,2420123400,1000,1898,1935,90,90,FWD,29,8,-1,IDLE,0
C3B93D0B,2419746,2420124.399,2420124399,999,1895,1935,90,90,FWD,29,8,-1,IDLE,0
C3B93D0B,2419747,2420125.400,2420125400,1001,1895,1935,90,90,FWD,29,8,-1,IDLE,0
C3B93D0B,2419748,2420126.399,2420126399,999,1897,1935,90,90,FWD,29,8,-1,IDLE,0
C3B93D0B,2419749,2420127.400,2420127400,1001,1896,1935,90,90,FWD,29,8,-1,IDLE,0
C3B93D0B,2419750,2420128.399,2420128399,999,1898,1935,90,90,FWD,29,8,-1,IDLE,0
C3B93D0B,2419751,2420129.400,2420129400,1001,1900,1935,90,90,FWD,29,8,-1,IDLE,0
C3B93D0B,2419752,2420130.399,2420130399,999,1899,1935,90,90,FWD,29,8,-1,IDLE,0
C3B93D0B,2419753,2420131.400,2420131400,1001,1899,1935,90,90,FWD,29,8,-1,IDLE,0
C3B93D0B,2419754,2420132.400,2420132400,1000,1895,1935,90,90,FWD,29,8,-1,IDLE,0
C3B93D0B,2419755,2420133.400,2420133400,1000,1895,1935,90,90,FWD,29,8,-1,IDLE,0
C3B93D0B,2419756,2420134.399,2420134399,999,1897,1935,90,90,FWD,29,8,-1,IDLE,0
C3B93D0B,2419757,2420135.400,2420135400,1001,1895,1935,90,90,FWD,29,8,-1,IDLE,0
C3B93D0B,2419758,2420136.410,2420136410,1010,1897,1935,90,90,FWD,29,8,-1,IDLE,0
C3B93D0B,2419759,2420137.400,2420137400,990,1899,1935,90,90,FWD,29,8,-1,IDLE,0
C3B93D0B,2419760,2420138.399,2420138399,999,1898,1935,90,90,FWD,29,8,-1,IDLE,0
C3B93D0B,2419761,2420139.400,2420139400,1001,1898,1935,90,90,FWD,29,8,-1,IDLE,0
C3B93D0B,2419762,2420140.399,2420140399,999,1898,1935,90,90,FWD,29,8,-1,IDLE,0
C3B93D0B,2419763,2420141.703,2420141703,1304,1905,1935,90,90,FWD,61,8,-1,IDLE,0
C3B93D0B,2419764,2420142.400,2420142400,697,1907,1935,90,90,FWD,29,8,-1,IDLE,0
C3B93D0B,2419765,2420143.400,2420143400,1000,1907,1935,90,90,FWD,29,8,-1,IDLE,0
C3B93D0B,2419766,2420144.399,2420144399,999,1907,1935,90,90,FWD,29,8,-1,IDLE,0
C3B93D0B,2419767,2420145.400,2420145400,1001,1906,1935,90,90,FWD,29,8,-1,IDLE,0
C3B93D0B,2419768,2420146.564,2420146564,1164,1905,1935,90,90,FWD,29,8,-1,IDLE,0
C3B93D0B,2419769,2420148.053,2420148053,1489,1896,1935,90,90,FWD,61,8,-1,IDLE,0
C3B93D0B,2419770,2420148.399,2420148399,346,1896,1935,90,90,FWD,29,8,-1,IDLE,0
C3B93D0B,2419771,2420149.400,2420149400,1001,1895,1935,90,90,FWD,29,8,-1,IDLE,0
C3B93D0B,2419772,2420150.399,2420150399,999,1895,1935,90,90,FWD,29,8,-1,IDLE,0
C3B93D0B,2419773,2420151.400,2420151400,1001,1893,1935,90,90,FWD,29,8,-1,IDLE,0
C3B93D0B,2419774,2420152.400,2420152400,1000,1897,1935,90,90,FWD,29,8,-1,IDLE,0
C3B93D0B,2419775,2420153.439,2420153439,1039,1898,1935,90,90,FWD,29,8,-1,IDLE,0
C3B93D0B,2419776,2420154.399,2420154399,960,1898,1935,90,90,FWD,29,8,-1,IDLE,0
C3B93D0B,2419777,2420155.400,2420155400,1001,1898,1935,90,90,FWD,29,8,-1,IDLE,0
C3B93D0B,2419778,2420156.399,2420156399,999,1895,1935,90,90,FWD,29,8,-1,IDLE,0
C3B93D0B,2419779,2420157.400,2420157400,1001,1894,1935,90,90,FWD,29,8,-1,IDLE,0
C3B93D0B,2419780,2420158.399,2420158399,999,1894,1935,90,90,FWD,29,8,-1,IDLE,0
C3B93D0B,2419781,2420159.400,2420159400,1001,1894,1935,90,90,FWD,29,8,-1,IDLE,0
C3B93D0B,2419782,2420160.399,2420160399,999,1895,1935,90,90,FWD,29,8,-1,IDLE,0
C3B93D0B,2419783,2420161.400,2420161400,1001,1898,1935,90,90,FWD,29,8,-1,IDLE,0
C3B93D0B,2419784,2420162.400,2420162400,1000,1895,1935,90,90,FWD,29,8,-1,IDLE,0
C3B93D0B,2419785,2420163.400,2420163400,1000,1894,1935,90,90,FWD,29,8,-1,IDLE,0
C3B93D0B,2419786,2420164.399,2420164399,999,1897,1935,90,90,FWD,29,8,-1,IDLE,0
C3B93D0B,2419787,2420165.400,2420165400,1001,1895,1935,90,90,FWD,29,8,-1,IDLE,0
C3B93D0B,2419788,2420166.399,2420166399,999,1895,1935,90,90,FWD,29,8,-1,IDLE,0
C3B93D0B,2419789,2420167.400,2420167400,1001,1898,1935,90,90,FWD,29,8,-1,IDLE,0
C3B93D0B,2419790,2420168.399,2420168399,999,1897,1935,90,90,FWD,29,8,-1,IDLE,0
C3B93D0B,2419791,2420169.400,2420169400,1001,1895,1935,90,90,FWD,29,8,-1,IDLE,0
C3B93D0B,2419792,2420170.399,2420170399,999,1897,1935,90,90,FWD,29,8,-1,IDLE,0
C3B93D0B,2419793,2420171.400,2420171400,1001,1897,1935,90,90,FWD,29,8,-1,IDLE,0
C3B93D0B,2419794,2420172.400,2420172400,1000,1895,1935,90,90,FWD,29,8,-1,IDLE,0
C3B93D0B,2419795,2420173.400,2420173400,1000,1897,1935,90,90,FWD,29,8,-1,IDLE,0
C3B93D0B,2419796,2420174.399,2420174399,999,1894,1935,90,90,FWD,29,8,-1,IDLE,0
C3B93D0B,2419797,2420175.400,2420175400,1001,1894,1935,90,90,FWD,29,8,-1,IDLE,0
C3B93D0B,2419798,2420176.399,2420176399,999,1895,1935,90,90,FWD,29,8,-1,IDLE,0
C3B93D0B,2419799,2420177.400,2420177400,1001,1895,1935,90,90,FWD,29,8,-1,IDLE,0
C3B93D0B,2419800,2420178.399,2420178399,999,1893,1935,90,90,FWD,29,8,-1,IDLE,0
C3B93D0B,2419801,2420179.400,2420179400,1001,1894,1935,90,90,FWD,29,8,-1,IDLE,0
C3B93D0B,2419802,2420180.399,2420180399,999,1893,1935,90,90,FWD,29,8,-1,IDLE,0
C3B93D0B,2419803,2420181.400,2420181400,1001,1898,1935,90,90,FWD,29,8,-1,IDLE,0
C3B93D0B,2419804,2420182.400,2420182400,1000,1897,1935,90,90,FWD,29,8,-1,IDLE,0
C3B93D0B,2419805,2420183.813,2420183813,1413,1895,1935,90,90,FWD,61,8,-1,IDLE,0
C3B93D0B,2419806,2420184.399,2420184399,586,1893,1935,90,90,FWD,29,8,-1,IDLE,0
C3B93D0B,2419807,2420185.400,2420185400,1001,1895,1935,90,90,FWD,29,8,-1,IDLE,0
C3B93D0B,2419808,2420186.633,2420186633,1233,1892,1935,90,90,FWD,29,8,-1,IDLE,0
C3B93D0B,2419809,2420187.400,2420187400,767,1894,1935,90,90,FWD,29,8,-1,IDLE,0
C3B93D0B,2419810,2420188.399,2420188399,999,1896,1935,90,90,FWD,29,8,-1,IDLE,0
C3B93D0B,2419811,2420189.400,2420189400,1001,1903,1935,90,90,FWD,29,8,-1,IDLE,0
C3B93D0B,2419812,2420190.399,2420190399,999,1895,1935,90,90,FWD,29,8,-1,IDLE,0
C3B93D0B,2419813,2420191.400,2420191400,1001,1894,1935,90,90,FWD,29,8,-1,IDLE,0
C3B93D0B,2419814,2420192.400,2420192400,1000,1895,1935,90,90,FWD,29,8,-1,IDLE,0
C3B93D0B,2419815,2420193.400,2420193400,1000,1895,1935,90,90,FWD,29,8,-1,IDLE,0
C3B93D0B,2419816,2420194.399,2420194399,999,1894,1935,90,90,FWD,29,8,-1,IDLE,0
C3B93D0B,2419817,2420195.400,2420195400,1001,1893,1935,90,90,FWD,29,8,-1,IDLE,0
C3B93D0B,2419818,2420196.399,2420196399,999,1895,1935,90,90,FWD,29,8,-1,IDLE,0
C3B93D0B,2419819,2420197.400,2420197400,1001,1894,1935,90,90,FWD,29,8,-1,IDLE,0
C3B93D0B,2419820,2420198.399,2420198399,999,1894,1935,90,90,FWD,29,8,-1,IDLE,0
C3B93D0B,2419821,2420199.400,2420199400,1001,1897,1935,90,90,FWD,29,8,-1,IDLE,0
C3B93D0B,2419822,2420200.399,2420200399,999,1897,1935,90,90,FWD,29,8,-1,IDLE,0
C3B93D0B,2419823,2420201.400,2420201400,1001,1894,1935,90,90,FWD,29,8,-1,IDLE,0
C3B93D0B,2419824,2420202.400,2420202400,1000,1895,1935,90,90,FWD,29,8,-1,IDLE,0
C3B93D0B,2419825,2420203.400,2420203400,1000,1897,1935,90,90,FWD,29,8,-1,IDLE,0
C3B93D0B,2419826,2420204.399,2420204399,999,1895,1935,90,90,FWD,29,8,-1,IDLE,0
C3B93D0B,2419827,2420205.400,2420205400,1001,1895,1935,90,90,FWD,29,8,-1,IDLE,0
C3B93D0B,2419828,2420206.399,2420206399,999,1895,1935,90,90,FWD,29,8,-1,IDLE,0
C3B93D0B,2419829,2420207.400,2420207400,1001,1898,1935,90,90,FWD,29,8,-1,IDLE,0
C3B93D0B,2419830,2420208.399,2420208399,999,1895,1935,90,90,FWD,29,8,-1,IDLE,0
C3B93D0B,2419831,2420209.400,2420209400,1001,1895,1935,90,90,FWD,29,8,-1,IDLE,0
C3B93D0B,2419832,2420210.399,2420210399,999,1894,1935,90,90,FWD,29,8,-1,IDLE,0
C3B93D0B,2419833,2420211.400,2420211400,1001,1897,1935,90,90,FWD,29,8,-1,IDLE,0
C3B93D0B,2419834,2420212.400,2420212400,1000,1893,1935,90,90,FWD,29,8,-1,IDLE,0
C3B93D0B,2419835,2420213.400,2420213400,1000,1897,1935,90,90,FWD,29,8,-1,IDLE,0
C3B93D0B,2419836,2420214.399,2420214399,999,1895,1935,90,90,FWD,29,8,-1,IDLE,0
C3B93D0B,2419837,2420215.400,2420215400,1001,1894,1935,90,90,FWD,29,8,-1,IDLE,0
C3B93D0B,2419838,2420216.399,2420216399,999,1895,1935,90,90,FWD,29,8,-1,IDLE,0
C3B93D0B,2419839,2420217.400,2420217400,1001,1893,1935,90,90,FWD,29,8,-1,IDLE,0
C3B93D0B,2419840,2420218.399,2420218399,999,1894,1935,90,90,FWD,29,8,-1,IDLE,0
C3B93D0B,2419841,2420219.400,2420219400,1001,1895,1935,90,90,FWD,29,8,-1,IDLE,0
C3B93D0B,2419842,2420220.399,2420220399,999,1895,1935,90,90,FWD,29,8,-1,IDLE,0
C3B93D0B,2419843,2420221.400,2420221400,1001,1894,1935,90,90,FWD,29,8,-1,IDLE,0
C3B93D0B,2419844,2420222.400,2420222400,1000,1893,1935,90,90,FWD,29,8,-1,IDLE,0
C3B93D0B,2419845,2420223.400,2420223400,1000,1895,1935,90,90,FWD,29,8,-1,IDLE,0
C3B93D0B,2419846,2420224.399,2420224399,999,1893,1935,90,90,FWD,29,8,-1,IDLE,0
C3B93D0B,2419847,2420225.400,2420225400,1001,1894,1935,90,90,FWD,29,8,-1,IDLE,0
C3B93D0B,2419848,2420226.399,2420226399,999,1895,1935,90,90,FWD,29,8,-1,IDLE,0
C3B93D0B,2419849,2420227.400,2420227400,1001,1897,1935,90,90,FWD,29,8,-1,IDLE,0
C3B93D0B,2419850,2420228.399,2420228399,999,1897,1935,90,90,FWD,29,8,-1,IDLE,0
C3B93D0B,2419851,2420229.400,2420229400,1001,1894,1935,90,90,FWD,29,8,-1,IDLE,0
C3B93D0B,2419852,2420230.399,2420230399,999,1898,1935,90,90,FWD,29,8,-1,IDLE,0
C3B93D0B,2419853,2420231.400,2420231400,1001,1898,1935,90,90,FWD,29,8,-1,IDLE,0
C3B93D0B,2419854,2420232.400,2420232400,1000,1893,1935,90,90,FWD,29,8,-1,IDLE,0
C3B93D0B,2419855,2420233.400,2420233400,1000,1897,1935,90,90,FWD,29,8,-1,IDLE,0
C3B93D0B,2419856,2420234.399,2420234399,999,1895,1935,90,90,FWD,29,8,-1,IDLE,0
C3B93D0B,2419857,2420235.400,2420235400,1001,1898,1935,90,90,FWD,29,8,-1,IDLE,0
C3B93D0B,2419858,2420236.399,2420236399,999,1898,1935,90,90,FWD,29,8,-1,IDLE,0
C3B93D0B,2419859,2420237.603,2420237603,1204,1895,1935,90,90,FWD,29,8,-1,IDLE,0
C3B93D0B,2419860,2420238.399,2420238399,796,1895,1935,90,90,FWD,29,8,-1,IDLE,0
C3B93D0B,2419861,2420239.400,2420239400,1001,1899,1935,90,90,FWD,29,8,-1,IDLE,0
C3B93D0B,2419862,2420240.399,2420240399,999,1898,1935,90,90,FWD,29,8,-1,IDLE,0
C3B93D0B,2419863,2420241.400,2420241400,1001,1900,1935,90,90,FWD,29,8,-1,IDLE,0
C3B93D0B,2419864,2420242.400,2420242400,1000,1899,1935,90,90,FWD,29,8,-1,IDLE,0
C3B93D0B,2419865,2420243.401,2420243401,1001,1907,1935,90,90,FWD,29,8,-1,IDLE,0
C3B93D0B,2419866,2420244.399,2420244399,998,1906,1935,90,90,FWD,29,8,-1,IDLE,0
C3B93D0B,2419867,2420245.400,2420245400,1001,1908,1935,90,90,FWD,29,8,-1,IDLE,0
C3B93D0B,2419868,2420246.399,2420246399,999,1908,1935,90,90,FWD,29,8,-1,IDLE,0
C3B93D0B,2419869,2420247.400,2420247400,1001,1905,1935,90,90,FWD,29,8,-1,IDLE,0
C3B93D0B,2419870,2420248.399,2420248399,999,1908,1935,90,90,FWD,29,8,-1,IDLE,0
C3B93D0B,2419871,2420249.400,2420249400,1001,1905,1935,90,90,FWD,29,8,-1,IDLE,0
C3B93D0B,2419872,2420250.399,2420250399,999,1897,1935,90,90,FWD,29,8,-1,IDLE,0
C3B93D0B,2419873,2420251.400,2420251400,1001,1901,1935,90,90,FWD,29,8,-1,IDLE,0
C3B93D0B,2419874,2420252.400,2420252400,1000,1901,1935,90,90,FWD,29,8,-1,IDLE,0
C3B93D0B,2419875,2420253.400,2420253400,1000,1903,1935,90,90,FWD,29,8,-1,IDLE,0
C3B93D0B,2419876,2420254.399,2420254399,999,1904,1935,90,90,FWD,29,8,-1,IDLE,0
C3B93D0B,2419877,2420255.468,2420255468,1069,1901,1935,90,90,FWD,29,8,-1,IDLE,0
C3B93D0B,2419878,2420256.848,2420256848,1380,1902,1935,90,90,FWD,61,8,-1,IDLE,0
C3B93D0B,2419879,2420257.400,2420257400,552,1903,1935,90,90,FWD,29,8,-1,IDLE,0
C3B93D0B,2419880,2420258.399,2420258399,999,1904,1935,90,90,FWD,29,8,-1,IDLE,0
C3B93D0B,2419881,2420259.400,2420259400,1001,1904,1935,90,90,FWD,29,8,-1,IDLE,0
C3B93D0B,2419882,2420260.399,2420260399,999,1904,1935,90,90,FWD,29,8,-1,IDLE,0
C3B93D0B,2419883,2420261.400,2420261400,1001,1909,1935,90,90,FWD,29,8,-1,IDLE,0
C3B93D0B,2419884,2420262.400,2420262400,1000,1904,1935,90,90,FWD,29,8,-1,IDLE,0
C3B93D0B,2419885,2420263.400,2420263400,1000,1904,1935,90,90,FWD,29,8,-1,IDLE,0
C3B93D0B,2419886,2420264.399,2420264399,999,1905,1935,90,90,FWD,29,8,-1,IDLE,0
C3B93D0B,2419887,2420265.400,2420265400,1001,1904,1935,90,90,FWD,29,8,-1,IDLE,0
C3B93D0B,2419888,2420266.399,2420266399,999,1908,1935,90,90,FWD,29,8,-1,IDLE,0
C3B93D0B,2419889,2420267.400,2420267400,1001,1907,1935,90,90,FWD,29,8,-1,IDLE,0
C3B93D0B,2419890,2420268.399,2420268399,999,1911,1935,90,90,FWD,29,8,-1,IDLE,0
C3B93D0B,2419891,2420269.575,2420269575,1176,1911,1935,90,90,FWD,29,8,-1,IDLE,0
C3B93D0B,2419892,2420270.399,2420270399,824,1911,1935,90,90,FWD,29,8,-1,IDLE,0
C3B93D0B,2419893,2420271.400,2420271400,1001,1913,1935,90,90,FWD,29,8,-1,IDLE,0
C3B93D0B,2419894,2420272.400,2420272400,1000,1913,1935,90,90,FWD,29,8,-1,IDLE,0
C3B93D0B,2419895,2420273.608,2420273608,1208,1913,1935,90,90,FWD,29,8,-1,IDLE,0
C3B93D0B,2419896,2420274.627,2420274627,1019,1917,1935,90,90,FWD,29,8,-1,IDLE,0
C3B93D0B,2419897,2420275.400,2420275400,773,1919,1935,90,90,FWD,29,8,-1,IDLE,0
C3B93D0B,2419898,2420276.401,2420276401,1001,1917,1935,90,90,FWD,29,8,-1,IDLE,0
C3B93D0B,2419899,2420278.205,2420278205,1804,1919,1935,90,90,FWD,45,8,-1,IDLE,0
C3B93D0B,2419900,2420278.559,2420278559,354,1915,1935,90,90,FWD,13,8,-1,IDLE,0
C3B93D0B,2419901,2420279.399,2420279399,840,1920,1935,90,90,FWD,13,8,-1,IDLE,0
C3B93D0B,2419902,2420280.399,2420280399,1000,1923,1935,90,90,FWD,13,8,-1,IDLE,0
C3B93D0B,2419903,2420282.504,2420282504,2105,1925,1935,90,90,FWD,45,8,-1,IDLE,0
C3B93D0B,2419904,2420282.754,2420282754,250,1927,1935,90,90,FWD,13,8,-1,IDLE,0
C3B93D0B,2419905,2420283.904,2420283904,1150,1926,1935,90,90,FWD,13,8,-1,IDLE,0
C3B93D0B,2419906,2420284.399,2420284399,495,1930,1935,90,90,FWD,13,8,-1,IDLE,0
C3B93D0B,2419907,2420285.399,2420285399,1000,1932,1935,90,90,FWD,13,8,-1,IDLE,0
C3B93D0B,2419908,2420286.400,2420286400,1001,1934,1935,90,90,FWD,13,8,-1,IDLE,0
C3B93D0B,2419909,2420287.666,2420287666,1266,1935,1935,90,90,FWD,45,8,-1,IDLE,0
C3B93D0B,2419910,2420288.585,2420288585,919,1936,1935,90,90,FWD,13,8,-1,IDLE,0
C3B93D0B,2419911,2420289.685,2420289685,1100,1936,1935,90,90,FWD,13,8,-1,IDLE,0
C3B93D0B,2419912,2420290.401,2420290401,716,1937,1935,90,90,FWD,13,8,-1,IDLE,0
C3B93D0B,2419913,2420292.144,2420292144,1743,1945,1935,90,90,FWD,45,8,-1,IDLE,0
C3B93D0B,2419914,2420292.481,2420292481,337,1946,1935,90,90,FWD,13,8,-1,IDLE,0
C3B93D0B,2419915,2420293.399,2420293399,918,1949,1935,90,90,FWD,13,8,-1,IDLE,0
C3B93D0B,2419916,2420294.686,2420294686,1287,1950,1935,90,90,FWD,45,8,-1,IDLE,0
C3B93D0B,2419917,2420295.399,2420295399,713,1951,1935,90,90,FWD,13,8,-1,IDLE,0
C3B93D0B,2419918,2420296.399,2420296399,1000,1954,1935,90,90,FWD,13,8,-1,IDLE,0
C3B93D0B,2419919,2420297.399,2420297399,1000,1957,1935,90,90,FWD,13,8,-1,IDLE,0
C3B93D0B,2419920,2420298.399,2420298399,1000,1958,1935,90,90,FWD,13,8,-1,IDLE,0
C3B93D0B,2419921,2420299.399,2420299399,1000,1962,1935,90,90,FWD,13,8,-1,IDLE,0
C3B93D0B,2419922,2420300.400,2420300400,1001,1965,1935,90,90,FWD,13,8,-1,IDLE,0
C3B93D0B,2419923,2420301.399,2420301399,999,1970,1935,90,90,FWD,13,8,-1,IDLE,0
C3B93D0B,2419924,2420302.399,2420302399,1000,1969,1935,90,90,FWD,13,8,-1,IDLE,0
C3B93D0B,2419925,2420303.399,2420303399,1000,1972,1935,90,90,FWD,13,8,-1,IDLE,0
C3B93D0B,2419926,2420304.399,2420304399,1000,1974,1935,90,90,FWD,13,8,-1,IDLE,0
C3B93D0B,2419927,2420305.399,2420305399,1000,1977,1935,90,90,FWD,13,8,-1,IDLE,0
C3B93D0B,2419928,2420306.399,2420306399,1000,1983,1935,90,90,FWD,13,8,-1,IDLE,0
C3B93D0B,2419929,2420307.399,2420307399,1000,1985,1935,90,90,FWD,13,8,-1,IDLE,0
C3B93D0B,2419930,2420308.399,2420308399,1000,1987,1935,90,90,FWD,13,8,-1,IDLE,0
C3B93D0B,2419931,2420309.399,2420309399,1000,1990,1935,90,90,FWD,13,8,-1,IDLE,0
C3B93D0B,2419932,2420310.400,2420310400,1001,1995,1935,90,90,FWD,13,8,-1,IDLE,0
C3B93D0B,2419933,2420311.400,2420311400,1000,1999,1935,90,90,FWD,13,8,-1,IDLE,0
C3B93D0B,2419934,2420312.399,2420312399,999,2000,1935,90,90,FWD,13,8,-1,IDLE,0
C3B93D0B,2419935,2420313.400,2420313400,1001,2002,1935,90,90,FWD,13,8,-1,IDLE,0
C3B93D0B,2419936,2420314.399,2420314399,999,2009,1935,90,90,FWD,13,8,-1,IDLE,0
C3B93D0B,2419937,2420315.400,2420315400,1001,2008,1935,90,90,FWD,29,8,-1,IDLE,0
C3B93D0B,2419938,2420316.399,2420316399,999,2015,1935,90,90,FWD,29,8,-1,IDLE,0
C3B93D0B,2419939,2420317.400,2420317400,1001,2018,1935,90,90,FWD,29,8,-1,IDLE,0
C3B93D0B,2419940,2420318.399,2420318399,999,2022,1935,90,90,FWD,29,8,-1,IDLE,0
C3B93D0B,2419941,2420319.400,2420319400,1001,2027,1935,90,90,FWD,29,8,-1,IDLE,0
C3B93D0B,2419942,2420320.400,2420320400,1000,2028,1935,90,90,FWD,29,8,-1,IDLE,0
C3B93D0B,2419943,2420321.400,2420321400,1000,2032,1935,90,90,FWD,29,8,-1,IDLE,0
C3B93D0B,2419944,2420322.399,2420322399,999,2034,1935,90,90,FWD,29,8,-1,IDLE,0
C3B93D0B,2419945,2420323.400,2420323400,1001,2038,1935,90,90,FWD,29,8,-1,IDLE,0
C3B93D0B,2419946,2420324.399,2420324399,999,2039,1935,90,90,FWD,29,8,-1,IDLE,0
C3B93D0B,2419947,2420325.400,2420325400,1001,2047,1935,90,90,FWD,29,8,-1,IDLE,0
C3B93D0B,2419948,2420326.399,2420326399,999,2055,1935,90,90,FWD,29,8,-1,IDLE,0
C3B93D0B,2419949,2420327.400,2420327400,1001,2057,1935,90,90,FWD,29,8,-1,IDLE,0
C3B93D0B,2419950,2420328.399,2420328399,999,2062,1935,90,90,FWD,29,8,-1,IDLE,0
C3B93D0B,2419951,2420329.400,2420329400,1001,2064,1935,90,90,FWD,29,8,-1,IDLE,0
C3B93D0B,2419952,2420330.400,2420330400,1000,2065,1935,90,90,FWD,29,8,-1,IDLE,0
C3B93D0B,2419953,2420331.400,2420331400,1000,2070,1935,90,90,FWD,29,8,-1,IDLE,0
C3B93D0B,2419954,2420332.399,2420332399,999,2073,1935,90,90,FWD,29,8,-1,IDLE,0
C3B93D0B,2419955,2420333.400,2420333400,1001,2077,1935,90,90,FWD,29,8,-1,IDLE,0
C3B93D0B,2419956,2420334.399,2420334399,999,2080,1935,90,90,FWD,29,8,-1,IDLE,0
C3B93D0B,2419957,2420335.400,2420335400,1001,2081,1935,90,90,FWD,29,8,-1,IDLE,0
C3B93D0B,2419958,2420336.399,2420336399,999,2087,1935,90,90,FWD,29,8,-1,IDLE,0
C3B93D0B,2419959,2420337.400,2420337400,1001,2092,1935,90,90,FWD,29,8,-1,IDLE,0
C3B93D0B,2419960,2420338.399,2420338399,999,2093,1935,90,90,FWD,29,8,-1,IDLE,0
C3B93D0B,2419961,2420339.400,2420339400,1001,2095,1935,90,90,FWD,29,8,-1,IDLE,0
C3B93D0B,2419962,2420340.400,2420340400,1000,2096,1935,90,90,FWD,29,8,-1,IDLE,0
C3B93D0B,2419963,2420341.400,2420341400,1000,2100,1935,90,90,FWD,29,8,-1,IDLE,0
C3B93D0B,2419964,2420342.399,2420342399,999,2102,1935,90,90,FWD,29,8,-1,IDLE,0
C3B93D0B,2419965,2420343.400,2420343400,1001,2107,1935,90,90,FWD,29,8,-1,IDLE,0
C3B93D0B,2419966,2420344.401,2420344401,1001,2106,1935,90,90,FWD,29,8,-1,IDLE,0
C3B93D0B,2419967,2420345.400,2420345400,999,2106,1935,90,90,FWD,29,8,-1,IDLE,0
C3B93D0B,2419968,2420346.399,2420346399,999,2112,1935,90,90,FWD,29,8,-1,IDLE,0
C3B93D0B,2419969,2420347.400,2420347400,1001,2112,1935,90,90,FWD,29,8,-1,IDLE,0
C3B93D0B,2419970,2420348.399,2420348399,999,2115,1935,90,90,FWD,29,8,-1,IDLE,0
C3B93D0B,2419971,2420349.400,2420349400,1001,2114,1935,90,90,FWD,29,8,-1,IDLE,0
C3B93D0B,2419972,2420350.400,2420350400,1000,2115,1935,90,90,FWD,29,8,-1,IDLE,0
C3B93D0B,2419973,2420351.401,2420351401,1001,2131,1935,90,90,FWD,29,8,-1,IDLE,0
C3B93D0B,2419974,2420352.719,2420352719,1318,2125,1935,90,90,FWD,61,8,-1,IDLE,0
C3B93D0B,2419975,2420353.400,2420353400,681,2124,1935,90,90,FWD,29,8,-1,IDLE,0
C3B93D0B,2419976,2420354.399,2420354399,999,2126,1935,90,90,FWD,29,8,-1,IDLE,0
C3B93D0B,2419977,2420355.400,2420355400,1001,2128,1935,90,90,FWD,29,8,-1,IDLE,0
C3B93D0B,2419978,2420356.399,2420356399,999,2128,1935,90,90,FWD,29,8,-1,IDLE,0
C3B93D0B,2419979,2420357.904,2420357904,1505,2142,1935,90,90,FWD,61,8,-1,IDLE,0
C3B93D0B,2419980,2420358.399,2420358399,495,2143,1935,90,90,FWD,29,8,-1,IDLE,0
C3B93D0B,2419981,2420359.400,2420359400,1001,2145,1935,90,90,FWD,29,8,-1,IDLE,0
C3B93D0B,2419982,2420360.400,2420360400,1000,2142,1935,90,90,FWD,29,8,-1,IDLE,0
C3B93D0B,2419983,2420361.400,2420361400,1000,2143,1935,90,90,FWD,29,8,-1,IDLE,0
C3B93D0B,2419984,2420362.399,2420362399,999,2144,1935,90,90,FWD,29,8,-1,IDLE,0
C3B93D0B,2419985,2420363.400,2420363400,1001,2143,1935,90,90,FWD,29,8,-1,IDLE,0
C3B93D0B,2419986,2420364.399,2420364399,999,2145,1935,90,90,FWD,29,8,-1,IDLE,0
C3B93D0B,2419987,2420365.400,2420365400,1001,2145,1935,90,90,FWD,29,8,-1,IDLE,0
C3B93D0B,2419988,2420366.399,2420366399,999,2145,1935,90,90,FWD,29,8,-1,IDLE,0
C3B93D0B,2419989,2420367.400,2420367400,1001,2144,1935,90,90,FWD,29,8,-1,IDLE,0
C3B93D0B,2419990,2420368.399,2420368399,999,2146,1935,90,90,FWD,29,8,-1,IDLE,0
C3B93D0B,2419991,2420369.400,2420369400,1001,2145,1935,90,90,FWD,29,8,-1,IDLE,0
C3B93D0B,2419992,2420370.400,2420370400,1000,2142,1935,90,90,FWD,29,8,-1,IDLE,0
C3B93D0B,2419993,2420371.400,2420371400,1000,2143,1935,90,90,FWD,29,8,-1,IDLE,0
C3B93D0B,2419994,2420372.399,2420372399,999,2144,1935,90,90,FWD,29,8,-1,IDLE,0
C3B93D0B,2419995,2420373.400,2420373400,1001,2144,1935,90,90,FWD,29,8,-1,IDLE,0
C3B93D0B,2419996,2420374.399,2420374399,999,2141,1935,90,90,FWD,29,8,-1,IDLE,0
C3B93D0B,2419997,2420375.400,2420375400,1001,2141,1935,90,90,FWD,29,8,-1,IDLE,0
C3B93D0B,2419998,2420376.399,2420376399,999,2140,1935,90,90,FWD,29,8,-1,IDLE,0
C3B93D0B,2419999,2420377.400,2420377400,1001,2140,1935,90,90,FWD,29,8,-1,IDLE,0
C3B93D0B,2420000,2420378.521,2420378521,1121,2139,1935,90,90,FWD,29,7,-1,IDLE,0
C3B93D0B,2420001,2420379.660,2420379660,1139,2135,1935,90,90,FWD,29,7,-1,IDLE,0
C3B93D0B,2420002,2420380.400,2420380400,740,2138,1935,90,90,FWD,29,7,-1,IDLE,0
C3B93D0B,2420003,2420382.260,2420382260,1860,2123,1935,90,90,FWD,61,7,-1,IDLE,0
C3B93D0B,2420004,2420382.583,2420382583,323,2123,1935,90,90,FWD,29,7,-1,IDLE,0
C3B93D0B,2420005,2420383.400,2420383400,817,2121,1935,90,90,FWD,29,7,-1,IDLE,0
C3B93D0B,2420006,2420384.399,2420384399,999,2119,1935,90,90,FWD,29,7,-1,IDLE,0
C3B93D0B,2420007,2420385.400,2420385400,1001,2115,1935,90,90,FWD,29,7,-1,IDLE,0
C3B93D0B,2420008,2420386.399,2420386399,999,2117,1935,90,90,FWD,29,7,-1,IDLE,0
C3B93D0B,2420009,2420387.400,2420387400,1001,2114,1935,90,90,FWD,29,7,-1,IDLE,0
C3B93D0B,2420010,2420388.399,2420388399,999,2114,1935,90,90,FWD,29,7,-1,IDLE,0
C3B93D0B,2420011,2420389.400,2420389400,1001,2112,1935,90,90,FWD,29,7,-1,IDLE,0
C3B93D0B,2420012,2420390.400,2420390400,1000,2110,1935,90,90,FWD,29,7,-1,IDLE,0
C3B93D0B,2420013,2420391.400,2420391400,1000,2109,1935,90,90,FWD,29,7,-1,IDLE,0
C3B93D0B,2420014,2420392.399,2420392399,999,2106,1935,90,90,FWD,29,7,-1,IDLE,0
C3B93D0B,2420015,2420393.400,2420393400,1001,2106,1935,90,90,FWD,29,7,-1,IDLE,0
C3B93D0B,2420016,2420394.399,2420394399,999,2099,1935,90,90,FWD,29,7,-1,IDLE,0
C3B93D0B,2420017,2420395.400,2420395400,1001,2101,1935,90,90,FWD,29,7,-1,IDLE,0
C3B93D0B,2420018,2420396.585,2420396585,1185,2096,1935,90,90,FWD,29,7,-1,IDLE,0
C3B93D0B,2420019,2420397.400,2420397400,815,2095,1935,90,90,FWD,29,7,-1,IDLE,0
C3B93D0B,2420020,2420398.399,2420398399,999,2094,1935,90,90,FWD,29,7,-1,IDLE,0
C3B93D0B,2420021,2420399.400,2420399400,1001,2091,1935,90,90,FWD,29,7,-1,IDLE,0
C3B93D0B,2420022,2420400.400,2420400400,1000,2087,1935,90,90,FWD,29,7,-1,IDLE,0
C3B93D0B,2420023,2420401.400,2420401400,1000,2083,1935,90,90,FWD,29,7,-1,IDLE,0
C3B93D0B,2420024,2420402.399,2420402399,999,2083,1935,90,90,FWD,29,7,-1,IDLE,0
C3B93D0B,2420025,2420403.400,2420403400,1001,2078,1935,90,90,FWD,29,7,-1,IDLE,0
C3B93D0B,2420026,2420404.399,2420404399,999,2074,1935,90,90,FWD,29,7,-1,IDLE,0
C3B93D0B,2420027,2420405.400,2420405400,1001,2071,1935,90,90,FWD,29,7,-1,IDLE,0
C3B93D0B,2420028,2420406.399,2420406399,999,2069,1935,90,90,FWD,29,7,-1,IDLE,0
C3B93D0B,2420029,2420407.400,2420407400,1001,2065,1935,90,90,FWD,29,7,-1,IDLE,0
C3B93D0B,2420030,2420408.399,2420408399,999,2064,1935,90,90,FWD,29,7,-1,IDLE,0
C3B93D0B,2420031,2420409.400,2420409400,1001,2061,1935,90,90,FWD,29,7,-1,IDLE,0
C3B93D0B,2420032,2420410.400,2420410400,1000,2058,1935,90,90,FWD,29,7,-1,IDLE,0
C3B93D0B,2420033,2420411.400,2420411400,1000,2053,1935,90,90,FWD,29,7,-1,IDLE,0
C3B93D0B,2420034,2420412.399,2420412399,999,2045,1935,90,90,FWD,29,7,-1,IDLE,0
C3B93D0B,2420035,2420413.400,2420413400,1001,2042,1935,90,90,FWD,29,7,-1,IDLE,0
C3B93D0B,2420036,2420414.399,2420414399,999,2037,1935,90,90,FWD,29,7,-1,IDLE,0
C3B93D0B,2420037,2420415.400,2420415400,1001,2032,1935,90,90,FWD,29,7,-1,IDLE,0
C3B93D0B,2420038,2420416.399,2420416399,999,2032,1935,90,90,FWD,29,7,-1,IDLE,0
C3B93D0B,2420039,2420417.400,2420417400,1001,2029,1935,90,90,FWD,29,7,-1,IDLE,0
C3B93D0B,2420040,2420418.399,2420418399,999,2026,1935,90,90,FWD,29,7,-1,IDLE,0
C3B93D0B,2420041,2420419.400,2420419400,1001,2020,1935,90,90,FWD,29,7,-1,IDLE,0
C3B93D0B,2420042,2420420.400,2420420400,1000,2021,1935,90,90,FWD,29,7,-1,IDLE,0
C3B93D0B,2420043,2420421.400,2420421400,1000,2016,1935,90,90,FWD,29,7,-1,IDLE,0
C3B93D0B,2420044,2420422.399,2420422399,999,2011,1935,90,90,FWD,29,7,-1,IDLE,0
C3B93D0B,2420045,2420423.400,2420423400,1001,2010,1935,90,90,FWD,29,7,-1,IDLE,0
C3B93D0B,2420046,2420424.399,2420424399,999,2006,1935,90,90,FWD,29,7,-1,IDLE,0
C3B93D0B,2420047,2420425.400,2420425400,1001,2001,1935,90,90,FWD,29,7,-1,IDLE,0
C3B93D0B,2420048,2420426.399,2420426399,999,2000,1935,90,90,FWD,29,7,-1,IDLE,0
C3B93D0B,2420049,2420427.400,2420427400,1001,1998,1935,90,90,FWD,29,7,-1,IDLE,0
C3B93D0B,2420050,2420428.399,2420428399,999,1991,1935,90,90,FWD,29,7,-1,IDLE,0
C3B93D0B,2420051,2420429.400,2420429400,1001,1990,1935,90,90,FWD,29,7,-1,IDLE,0
C3B93D0B,2420052,2420430.400,2420430400,1000,1986,1935,90,90,FWD,29,7,-1,IDLE,0
C3B93D0B,2420053,2420431.400,2420431400,1000,1984,1935,90,90,FWD,29,7,-1,IDLE,0
C3B93D0B,2420054,2420432.399,2420432399,999,1981,1935,90,90,FWD,29,7,-1,IDLE,0
C3B93D0B,2420055,2420433.474,2420433474,1075,1978,1935,90,90,FWD,29,7,-1,IDLE,0
C3B93D0B,2420056,2420434.399,2420434399,925,1978,1935,90,90,FWD,29,7,-1,IDLE,0
C3B93D0B,2420057,2420435.400,2420435400,1001,1971,1935,90,90,FWD,29,7,-1,IDLE,0
C3B93D0B,2420058,2420436.399,2420436399,999,1968,1935,90,90,FWD,29,7,-1,IDLE,0
C3B93D0B,2420059,2420437.400,2420437400,1001,1968,1935,90,90,FWD,29,7,-1,IDLE,0
C3B93D0B,2420060,2420438.399,2420438399,999,1966,1935,90,90,FWD,29,7,-1,IDLE,0
C3B93D0B,2420061,2420439.431,2420439431,1032,1971,1935,90,90,FWD,29,7,-1,IDLE,0
C3B93D0B,2420062,2420440.400,2420440400,969,1968,1935,90,90,FWD,29,7,-1,IDLE,0
C3B93D0B,2420063,2420441.399,2420441399,999,1968,1935,90,90,FWD,29,7,-1,IDLE,0
C3B93D0B,2420064,2420442.399,2420442399,1000,1966,1935,90,90,FWD,29,7,-1,IDLE,0
C3B93D0B,2420065,2420443.399,2420443399,1000,1963,1935,90,90,FWD,29,7,-1,IDLE,0
C3B93D0B,2420066,2420444.400,2420444400,1001,1959,1935,90,90,FWD,29,7,-1,IDLE,0
C3B93D0B,2420067,2420445.399,2420445399,999,1958,1935,90,90,FWD,29,7,-1,IDLE,0
C3B93D0B,2420068,2420446.400,2420446400,1001,1953,1935,90,90,FWD,29,7,-1,IDLE,0
C3B93D0B,2420069,2420447.399,2420447399,999,1952,1935,90,90,FWD,29,7,-1,IDLE,0
C3B93D0B,2420070,2420448.400,2420448400,1001,1950,1935,90,90,FWD,29,7,-1,IDLE,0
C3B93D0B,2420071,2420449.399,2420449399,999,1948,1935,90,90,FWD,29,7,-1,IDLE,0
C3B93D0B,2420072,2420450.401,2420450401,1002,1945,1935,90,90,FWD,29,7,-1,IDLE,0
C3B93D0B,2420073,2420451.400,2420451400,999,1941,1935,90,90,FWD,29,7,-1,IDLE,0
C3B93D0B,2420074,2420452.836,2420452836,1436,1926,1935,90,90,FWD,61,7,-1,IDLE,0
C3B93D0B,2420075,2420453.643,2420453643,807,1926,1935,90,90,FWD,13,7,-1,IDLE,0
C3B93D0B,2420076,2420456.681,2420456681,3038,1920,1935,90,90,FWD,45,7,-1,IDLE,0
C3B93D0B,2420077,2420457.372,2420457372,691,1921,1935,90,90,FWD,13,7,-1,IDLE,0
C3B93D0B,2420078,2420457.626,2420457626,254,1918,1935,90,90,FWD,13,7,-1,IDLE,0
C3B93D0B,2420079,2420457.863,2420457863,237,1922,1935,90,90,FWD,13,7,-1,IDLE,0
C3B93D0B,2420080,2420458.399,2420458399,536,1920,1935,90,90,FWD,13,7,-1,IDLE,0
C3B93D0B,2420081,2420459.399,2420459399,1000,1916,1935,90,90,FWD,13,7,-1,IDLE,0
C3B93D0B,2420082,2420462.023,2420462023,2624,1917,1935,90,90,FWD,45,7,-1,IDLE,0
C3B93D0B,2420083,2420462.642,2420462642,619,1914,1935,90,90,FWD,13,7,-1,IDLE,0
C3B93D0B,2420084,2420462.874,2420462874,232,1919,1935,90,90,FWD,13,7,-1,IDLE,0
C3B93D0B,2420085,2420464.004,2420464004,1130,1916,1935,90,90,FWD,13,7,-1,IDLE,0
C3B93D0B,2420086,2420464.399,2420464399,395,1915,1935,90,90,FWD,13,7,-1,IDLE,0
C3B93D0B,2420087,2420465.399,2420465399,1000,1909,1935,90,90,FWD,13,7,-1,IDLE,0
C3B93D0B,2420088,2420466.402,2420466402,1003,1911,1935,90,90,FWD,13,7,-1,IDLE,0
C3B93D0B,2420089,2420467.400,2420467400,998,1911,1935,90,90,FWD,13,7,-1,IDLE,0
C3B93D0B,2420090,2420468.572,2420468572,1172,1907,1935,90,90,FWD,13,7,-1,IDLE,0
C3B93D0B,2420091,2420469.399,2420469399,827,1907,1935,90,90,FWD,13,7,-1,IDLE,0
C3B93D0B,2420092,2420470.399,2420470399,1000,1908,1935,90,90,FWD,13,7,-1,IDLE,0
C3B93D0B,2420093,2420471.399,2420471399,1000,1904,1935,90,90,FWD,13,7,-1,IDLE,0
C3B93D0B,2420094,2420472.399,2420472399,1000,1904,1935,90,90,FWD,13,7,-1,IDLE,0
C3B93D0B,2420095,2420473.399,2420473399,1000,1904,1935,90,90,FWD,13,7,-1,IDLE,0
C3B93D0B,2420096,2420474.399,2420474399,1000,1904,1935,90,90,FWD,13,7,-1,IDLE,0
C3B93D0B,2420097,2420475.399,2420475399,1000,1904,1935,90,90,FWD,13,7,-1,IDLE,0
C3B93D0B,2420098,2420476.399,2420476399,1000,1904,1935,90,90,FWD,13,7,-1,IDLE,0
C3B93D0B,2420099,2420477.404,2420477404,1005,1903,1935,90,90,FWD,13,7,-1,IDLE,0
C3B93D0B,2420100,2420478.399,2420478399,995,1903,1935,90,90,FWD,13,7,-1,IDLE,0
C3B93D0B,2420101,2420479.399,2420479399,1000,1903,1935,90,90,FWD,13,7,-1,IDLE,0
C3B93D0B,2420102,2420480.399,2420480399,1000,1902,1935,90,90,FWD,13,7,-1,IDLE,0
C3B93D0B,2420103,2420481.399,2420481399,1000,1900,1935,90,90,FWD,13,7,-1,IDLE,0
C3B93D0B,2420104,2420482.399,2420482399,1000,1901,1935,90,90,FWD,13,7,-1,IDLE,0
C3B93D0B,2420105,2420483.399,2420483399,1000,1901,1935,90,90,FWD,13,7,-1,IDLE,0
C3B93D0B,2420106,2420484.399,2420484399,1000,1898,1935,90,90,FWD,13,7,-1,IDLE,0
C3B93D0B,2420107,2420485.399,2420485399,1000,1899,1935,90,90,FWD,13,7,-1,IDLE,0
C3B93D0B,2420108,2420486.399,2420486399,1000,1899,1935,90,90,FWD,13,7,-1,IDLE,0
C3B93D0B,2420109,2420487.400,2420487400,1001,1898,1935,90,90,FWD,13,7,-1,IDLE,0
C3B93D0B,2420110,2420488.450,2420488450,1050,1898,1935,90,90,FWD,13,7,-1,IDLE,0
C3B93D0B,2420111,2420489.399,2420489399,949,1895,1935,90,90,FWD,13,7,-1,IDLE,0
C3B93D0B,2420112,2420490.422,2420490422,1023,1894,1935,90,90,FWD,13,7,-1,IDLE,0
C3B93D0B,2420113,2420491.399,2420491399,977,1894,1935,90,90,FWD,13,7,-1,IDLE,0
C3B93D0B,2420114,2420492.400,2420492400,1001,1895,1935,90,90,FWD,13,7,-1,IDLE,0
C3B93D0B,2420115,2420493.399,2420493399,999,1893,1935,90,90,FWD,13,7,-1,IDLE,0
C3B93D0B,2420116,2420494.400,2420494400,1001,1894,1935,90,90,FWD,13,7,-1,IDLE,0
C3B93D0B,2420117,2420495.399,2420495399,999,1894,1935,90,90,FWD,13,7,-1,IDLE,0
C3B93D0B,2420118,2420496.400,2420496400,1001,1894,1935,90,90,FWD,13,7,-1,IDLE,0
C3B93D0B,2420119,2420497.400,2420497400,1000,1894,1935,90,90,FWD,13,7,-1,IDLE,0
C3B93D0B,2420120,2420498.400,2420498400,1000,1893,1935,90,90,FWD,13,7,-1,IDLE,0
C3B93D0B,2420121,2420499.399,2420499399,999,1893,1935,90,90,FWD,13,7,-1,IDLE,0
C3B93D0B,2420122,2420500.400,2420500400,1001,1891,1935,90,90,FWD,13,7,-1,IDLE,0
C3B93D0B,2420123,2420501.399,2420501399,999,1893,1935,90,90,FWD,13,7,-1,IDLE,0
C3B93D0B,2420124,2420502.400,2420502400,1001,1894,1935,90,90,FWD,13,7,-1,IDLE,0
C3B93D0B,2420125,2420503.399,2420503399,999,1892,1935,90,90,FWD,13,7,-1,IDLE,0
C3B93D0B,2420126,2420504.400,2420504400,1001,1894,1935,90,90,FWD,13,7,-1,IDLE,0
C3B93D0B,2420127,2420505.399,2420505399,999,1894,1935,90,90,FWD,13,7,-1,IDLE,0
C3B93D0B,2420128,2420506.400,2420506400,1001,1894,1935,90,90,FWD,13,7,-1,IDLE,0
C3B93D0B,2420129,2420507.400,2420507400,1000,1893,1935,90,90,FWD,13,7,-1,IDLE,0
C3B93D0B,2420130,2420508.400,2420508400,1000,1893,1935,90,90,FWD,13,7,-1,IDLE,0
C3B93D0B,2420131,2420509.399,2420509399,999,1892,1935,90,90,FWD,13,7,-1,IDLE,0
C3B93D0B,2420132,2420510.400,2420510400,1001,1893,1935,90,90,FWD,13,7,-1,IDLE,0
C3B93D0B,2420133,2420511.399,2420511399,999,1891,1935,90,90,FWD,13,7,-1,IDLE,0
C3B93D0B,2420134,2420512.400,2420512400,1001,1891,1935,90,90,FWD,13,7,-1,IDLE,0
C3B93D0B,2420135,2420513.399,2420513399,999,1892,1935,90,90,FWD,13,7,-1,IDLE,0
C3B93D0B,2420136,2420514.400,2420514400,1001,1890,1935,90,90,FWD,13,7,-1,IDLE,0
C3B93D0B,2420137,2420515.399,2420515399,999,1892,1935,90,90,FWD,13,7,-1,IDLE,0
C3B93D0B,2420138,2420516.400,2420516400,1001,1894,1935,90,90,FWD,13,7,-1,IDLE,0
C3B93D0B,2420139,2420517.400,2420517400,1000,1893,1935,90,90,FWD,13,7,-1,IDLE,0
C3B93D0B,2420140,2420518.400,2420518400,1000,1889,1935,90,90,FWD,13,7,-1,IDLE,0
C3B93D0B,2420141,2420519.399,2420519399,999,1891,1935,90,90,FWD,13,7,-1,IDLE,0
C3B93D0B,2420142,2420520.400,2420520400,1001,1891,1935,90,90,FWD,13,7,-1,IDLE,0
C3B93D0B,2420143,2420521.399,2420521399,999,1891,1935,90,90,FWD,13,7,-1,IDLE,0
C3B93D0B,2420144,2420522.400,2420522400,1001,1890,1935,90,90,FWD,13,7,-1,IDLE,0
C3B93D0B,2420145,2420523.399,2420523399,999,1892,1935,90,90,FWD,13,7,-1,IDLE,0
C3B93D0B,2420146,2420524.400,2420524400,1001,1889,1935,90,90,FWD,13,7,-1,IDLE,0
C3B93D0B,2420147,2420525.399,2420525399,999,1890,1935,90,90,FWD,13,7,-1,IDLE,0
C3B93D0B,2420148,2420526.400,2420526400,1001,1892,1935,90,90,FWD,13,7,-1,IDLE,0
C3B93D0B,2420149,2420527.400,2420527400,1000,1891,1935,90,90,FWD,13,7,-1,IDLE,0
C3B93D0B,2420150,2420528.400,2420528400,1000,1891,1935,90,90,FWD,13,7,-1,IDLE,0
C3B93D0B,2420151,2420529.399,2420529399,999,1890,1935,90,90,FWD,13,7,-1,IDLE,0
C3B93D0B,2420152,2420530.400,2420530400,1001,1891,1935,90,90,FWD,13,7,-1,IDLE,0
C3B93D0B,2420153,2420531.399,2420531399,999,1891,1935,90,90,FWD,13,7,-1,IDLE,0
C3B93D0B,2420154,2420532.400,2420532400,1001,1891,1935,90,90,FWD,13,7,-1,IDLE,0
C3B93D0B,2420155,2420533.399,2420533399,999,1891,1935,90,90,FWD,13,7,-1,IDLE,0
C3B93D0B,2420156,2420534.400,2420534400,1001,1892,1935,90,90,FWD,13,7,-1,IDLE,0
C3B93D0B,2420157,2420535.399,2420535399,999,1893,1935,90,90,FWD,13,7,-1,IDLE,0
C3B93D0B,2420158,2420536.400,2420536400,1001,1892,1935,90,90,FWD,13,7,-1,IDLE,0
C3B93D0B,2420159,2420537.400,2420537400,1000,1891,1935,90,90,FWD,13,7,-1,IDLE,0
C3B93D0B,2420160,2420538.400,2420538400,1000,1891,1935,90,90,FWD,13,7,-1,IDLE,0
C3B93D0B,2420161,2420539.399,2420539399,999,1893,1935,90,90,FWD,13,7,-1,IDLE,0
C3B93D0B,2420162,2420540.861,2420540861,1462,1893,1935,90,90,FWD,45,7,-1,IDLE,0
C3B93D0B,2420163,2420541.399,2420541399,538,1891,1935,90,90,FWD,13,7,-1,IDLE,0
C3B93D0B,2420164,2420542.400,2420542400,1001,1891,1935,90,90,FWD,13,7,-1,IDLE,0
C3B93D0B,2420165,2420543.399,2420543399,999,1891,1935,90,90,FWD,13,7,-1,IDLE,0
C3B93D0B,2420166,2420544.400,2420544400,1001,1890,1935,90,90,FWD,13,7,-1,IDLE,0
C3B93D0B,2420167,2420545.399,2420545399,999,1893,1935,90,90,FWD,13,7,-1,IDLE,0
C3B93D0B,2420168,2420546.400,2420546400,1001,1892,1935,90,90,FWD,13,7,-1,IDLE,0
C3B93D0B,2420169,2420547.400,2420547400,1000,1892,1935,90,90,FWD,13,7,-1,IDLE,0
C3B93D0B,2420170,2420548.400,2420548400,1000,1892,1935,90,90,FWD,13,7,-1,IDLE,0
C3B93D0B,2420171,2420549.399,2420549399,999,1891,1935,90,90,FWD,13,7,-1,IDLE,0
C3B93D0B,2420172,2420550.400,2420550400,1001,1904,1935,90,90,FWD,13,7,-1,IDLE,0
C3B93D0B,2420173,2420551.399,2420551399,999,1904,1935,90,90,FWD,13,7,-1,IDLE,0
C3B93D0B,2420174,2420552.400,2420552400,1001,1903,1935,90,90,FWD,13,7,-1,IDLE,0
C3B93D0B,2420175,2420553.399,2420553399,999,1904,1935,90,90,FWD,13,7,-1,IDLE,0
C3B93D0B,2420176,2420554.400,2420554400,1001,1904,1935,90,90,FWD,13,7,-1,IDLE,0
C3B93D0B,2420177,2420555.399,2420555399,999,1904,1935,90,90,FWD,13,7,-1,IDLE,0
C3B93D0B,2420178,2420556.400,2420556400,1001,1904,1935,90,90,FWD,13,7,-1,IDLE,0
C3B93D0B,2420179,2420557.400,2420557400,1000,1891,1935,90,90,FWD,13,7,-1,IDLE,0
C3B93D0B,2420180,2420558.400,2420558400,1000,1893,1935,90,90,FWD,13,7,-1,IDLE,0
C3B93D0B,2420181,2420559.399,2420559399,999,1891,1935,90,90,FWD,13,7,-1,IDLE,0
C3B93D0B,2420182,2420560.400,2420560400,1001,1895,1935,90,90,FWD,13,7,-1,IDLE,0
C3B93D0B,2420183,2420561.399,2420561399,999,1893,1935,90,90,FWD,13,7,-1,IDLE,0
C3B93D0B,2420184,2420562.477,2420562477,1078,1894,1935,90,90,FWD,13,7,-1,IDLE,0
C3B93D0B,2420185,2420563.399,2420563399,922,1894,1935,90,90,FWD,13,7,-1,IDLE,0
C3B93D0B,2420186,2420564.400,2420564400,1001,1892,1935,90,90,FWD,13,7,-1,IDLE,0
C3B93D0B,2420187,2420565.399,2420565399,999,1893,1935,90,90,FWD,13,7,-1,IDLE,0
C3B93D0B,2420188,2420566.400,2420566400,1001,1895,1935,90,90,FWD,13,7,-1,IDLE,0
C3B93D0B,2420189,2420567.400,2420567400,1000,1893,1935,90,90,FWD,13,7,-1,IDLE,0
C3B93D0B,2420190,2420568.400,2420568400,1000,1895,1935,90,90,FWD,13,7,-1,IDLE,0
C3B93D0B,2420191,2420569.399,2420569399,999,1894,1935,90,90,FWD,13,7,-1,IDLE,0
C3B93D0B,2420192,2420570.400,2420570400,1001,1891,1935,90,90,FWD,13,7,-1,IDLE,0
C3B93D0B,2420193,2420571.705,2420571705,1305,1893,1935,90,90,FWD,45,7,-1,IDLE,0
C3B93D0B,2420194,2420572.400,2420572400,695,1893,1935,90,90,FWD,13,7,-1,IDLE,0
C3B93D0B,2420195,2420573.399,2420573399,999,1892,1935,90,90,FWD,13,7,-1,IDLE,0
C3B93D0B,2420196,2420574.400,2420574400,1001,1895,1935,90,90,FWD,13,7,-1,IDLE,0
C3B93D0B,2420197,2420575.399,2420575399,999,1894,1935,90,90,FWD,13,7,-1,IDLE,0
C3B93D0B,2420198,2420576.400,2420576400,1001,1894,1935,90,90,FWD,13,7,-1,IDLE,0
C3B93D0B,2420199,2420577.400,2420577400,1000,1891,1935,90,90,FWD,13,7,-1,IDLE,0
C3B93D0B,2420200,2420578.830,2420578830,1430,1893,1935,90,90,FWD,45,7,-1,IDLE,0
C3B93D0B,2420201,2420579.399,2420579399,569,1893,1935,90,90,FWD,13,7,-1,IDLE,0
C3B93D0B,2420202,2420580.400,2420580400,1001,1895,1935,90,90,FWD,13,7,-1,IDLE,0
C3B93D0B,2420203,2420581.399,2420581399,999,1893,1935,90,90,FWD,13,7,-1,IDLE,0
C3B93D0B,2420204,2420582.400,2420582400,1001,1895,1935,90,90,FWD,13,7,-1,IDLE,0
C3B93D0B,2420205,2420583.399,2420583399,999,1893,1935,90,90,FWD,13,7,-1,IDLE,0
C3B93D0B,2420206,2420584.400,2420584400,1001,1893,1935,90,90,FWD,13,7,-1,IDLE,0
C3B93D0B,2420207,2420585.399,2420585399,999,1895,1935,90,90,FWD,13,7,-1,IDLE,0
C3B93D0B,2420208,2420586.474,2420586474,1075,1894,1935,90,90,FWD,13,7,-1,IDLE,0
C3B93D0B,2420209,2420587.457,2420587457,983,1893,1935,90,90,FWD,13,7,-1,IDLE,0
C3B93D0B,2420210,2420588.400,2420588400,943,1895,1935,90,90,FWD,13,7,-1,IDLE,0
C3B93D0B,2420211,2420589.399,2420589399,999,1893,1935,90,90,FWD,13,7,-1,IDLE,0
C3B93D0B,2420212,2420590.400,2420590400,1001,1894,1935,90,90,FWD,13,7,-1,IDLE,0
C3B93D0B,2420213,2420591.399,2420591399,999,1897,1935,90,90,FWD,13,7,-1,IDLE,0
C3B93D0B,2420214,2420592.400,2420592400,1001,1895,1935,90,90,FWD,13,7,-1,IDLE,0
C3B93D0B,2420215,2420593.399,2420593399,999,1896,1935,90,90,FWD,13,7,-1,IDLE,0
C3B93D0B,2420216,2420594.400,2420594400,1001,1895,1935,90,90,FWD,13,7,-1,IDLE,0
C3B93D0B,2420217,2420595.399,2420595399,999,1895,1935,90,90,FWD,13,7,-1,IDLE,0
C3B93D0B,2420218,2420596.400,2420596400,1001,1894,1935,90,90,FWD,13,7,-1,IDLE,0
C3B93D0B,2420219,2420597.400,2420597400,1000,1894,1935,90,90,FWD,13,7,-1,IDLE,0
C3B93D0B,2420220,2420598.400,2420598400,1000,1893,1935,90,90,FWD,13,7,-1,IDLE,0
C3B93D0B,2420221,2420599.399,2420599399,999,1893,1935,90,90,FWD,13,7,-1,IDLE,0
C3B93D0B,2420222,2420600.400,2420600400,1001,1896,1935,90,90,FWD,13,7,-1,IDLE,0
C3B93D0B,2420223,2420601.399,2420601399,999,1897,1935,90,90,FWD,13,7,-1,IDLE,0
C3B93D0B,2420224,2420602.400,2420602400,1001,1895,1935,90,90,FWD,13,7,-1,IDLE,0
C3B93D0B,2420225,2420603.399,2420603399,999,1895,1935,90,90,FWD,13,7,-1,IDLE,0
C3B93D0B,2420226,2420604.400,2420604400,1001,1894,1935,90,90,FWD,13,7,-1,IDLE,0
C3B93D0B,2420227,2420605.399,2420605399,999,1896,1935,90,90,FWD,13,7,-1,IDLE,0
C3B93D0B,2420228,2420606.400,2420606400,1001,1894,1935,90,90,FWD,13,7,-1,IDLE,0
C3B93D0B,2420229,2420607.400,2420607400,1000,1894,1935,90,90,FWD,13,7,-1,IDLE,0
C3B93D0B,2420230,2420608.400,2420608400,1000,1894,1935,90,90,FWD,13,7,-1,IDLE,0
C3B93D0B,2420231,2420609.399,2420609399,999,1895,1935,90,90,FWD,13,7,-1,IDLE,0
C3B93D0B,2420232,2420610.400,2420610400,1001,1894,1935,90,90,FWD,13,7,-1,IDLE,0
C3B93D0B,2420233,2420611.399,2420611399,999,1895,1935,90,90,FWD,13,7,-1,IDLE,0
C3B93D0B,2420234,2420612.400,2420612400,1001,1893,1935,90,90,FWD,13,7,-1,IDLE,0
C3B93D0B,2420235,2420613.399,2420613399,999,1895,1935,90,90,FWD,13,7,-1,IDLE,0
C3B93D0B,2420236,2420614.400,2420614400,1001,1898,1935,90,90,FWD,13,7,-1,IDLE,0
C3B93D0B,2420237,2420615.399,2420615399,999,1897,1935,90,90,FWD,13,7,-1,IDLE,0
C3B93D0B,2420238,2420616.400,2420616400,1001,1898,1935,90,90,FWD,13,7,-1,IDLE,0
C3B93D0B,2420239,2420617.400,2420617400,1000,1898,1935,90,90,FWD,13,7,-1,IDLE,0
C3B93D0B,2420240,2420618.400,2420618400,1000,1895,1935,90,90,FWD,13,7,-1,IDLE,0
C3B93D0B,2420241,2420619.399,2420619399,999,1897,1935,90,90,FWD,13,7,-1,IDLE,0
C3B93D0B,2420242,2420620.400,2420620400,1001,1895,1935,90,90,FWD,13,7,-1,IDLE,0
C3B93D0B,2420243,2420621.399,2420621399,999,1895,1935,90,90,FWD,13,7,-1,IDLE,0
C3B93D0B,2420244,2420622.400,2420622400,1001,1895,1935,90,90,FWD,13,7,-1,IDLE,0
C3B93D0B,2420245,2420623.399,2420623399,999,1897,1935,90,90,FWD,13,7,-1,IDLE,0
C3B93D0B,2420246,2420624.400,2420624400,1001,1893,1935,90,90,FWD,13,7,-1,IDLE,0
C3B93D0B,2420247,2420625.399,2420625399,999,1896,1935,90,90,FWD,13,7,-1,IDLE,0
C3B93D0B,2420248,2420626.400,2420626400,1001,1895,1935,90,90,FWD,13,7,-1,IDLE,0
C3B93D0B,2420249,2420627.400,2420627400,1000,1898,1935,90,90,FWD,13,7,-1,IDLE,0
C3B93D0B,2420250,2420628.400,2420628400,1000,1898,1935,90,90,FWD,13,7,-1,IDLE,0
C3B93D0B,2420251,2420629.399,2420629399,999,1897,1935,90,90,FWD,13,7,-1,IDLE,0
C3B93D0B,2420252,2420630.400,2420630400,1001,1897,1935,90,90,FWD,13,7,-1,IDLE,0
C3B93D0B,2420253,2420631.399,2420631399,999,1897,1935,90,90,FWD,13,7,-1,IDLE,0
C3B93D0B,2420254,2420632.400,2420632400,1001,1897,1935,90,90,FWD,13,7,-1,IDLE,0
C3B93D0B,2420255,2420633.399,2420633399,999,1898,1935,90,90,FWD,13,7,-1,IDLE,0
C3B93D0B,2420256,2420634.400,2420634400,1001,1897,1935,90,90,FWD,13,7,-1,IDLE,0
C3B93D0B,2420257,2420635.399,2420635399,999,1897,1935,90,90,FWD,13,7,-1,IDLE,0
C3B93D0B,2420258,2420636.400,2420636400,1001,1898,1935,90,90,FWD,13,7,-1,IDLE,0
C3B93D0B,2420259,2420637.400,2420637400,1000,1898,1935,90,90,FWD,13,7,-1,IDLE,0
C3B93D0B,2420260,2420638.400,2420638400,1000,1898,1935,90,90,FWD,13,7,-1,IDLE,0
C3B93D0B,2420261,2420639.399,2420639399,999,1897,1935,90,90,FWD,13,7,-1,IDLE,0
C3B93D0B,2420262,2420640.696,2420640696,1297,1895,1935,90,90,FWD,45,7,-1,IDLE,0
C3B93D0B,2420263,2420641.399,2420641399,703,1895,1935,90,90,FWD,13,7,-1,IDLE,0
C3B93D0B,2420264,2420642.422,2420642422,1023,1894,1935,90,90,FWD,13,7,-1,IDLE,0
C3B93D0B,2420265,2420643.494,2420643494,1072,1896,1935,90,90,FWD,13,7,-1,IDLE,0
C3B93D0B,2420266,2420644.400,2420644400,906,1898,1935,90,90,FWD,13,7,-1,IDLE,0
C3B93D0B,2420267,2420645.399,2420645399,999,1898,1935,90,90,FWD,13,7,-1,IDLE,0
C3B93D0B,2420268,2420646.567,2420646567,1168,1899,1935,90,90,FWD,13,7,-1,IDLE,0
C3B93D0B,2420269,2420647.400,2420647400,833,1897,1935,90,90,FWD,13,7,-1,IDLE,0
C3B93D0B,2420270,2420648.400,2420648400,1000,1905,1935,90,90,FWD,13,7,-1,IDLE,0
C3B93D0B,2420271,2420649.399,2420649399,999,1908,1935,90,90,FWD,13,7,-1,IDLE,0
C3B93D0B,2420272,2420650.400,2420650400,1001,1909,1935,90,90,FWD,13,7,-1,IDLE,0
C3B93D0B,2420273,2420651.399,2420651399,999,1906,1935,90,90,FWD,13,7,-1,IDLE,0
C3B93D0B,2420274,2420652.400,2420652400,1001,1906,1935,90,90,FWD,13,7,-1,IDLE,0
C3B93D0B,2420275,2420653.399,2420653399,999,1905,1935,90,90,FWD,13,7,-1,IDLE,0
C3B93D0B,2420276,2420654.400,2420654400,1001,1906,1935,90,90,FWD,13,7,-1,IDLE,0
C3B93D0B,2420277,2420655.399,2420655399,999,1906,1935,90,90,FWD,13,7,-1,IDLE,0
C3B93D0B,2420278,2420656.400,2420656400,1001,1906,1935,90,90,FWD,13,7,-1,IDLE,0
C3B93D0B,2420279,2420657.400,2420657400,1000,1904,1935,90,90,FWD,13,7,-1,IDLE,0
C3B93D0B,2420280,2420658.400,2420658400,1000,1904,1935,90,90,FWD,13,7,-1,IDLE,0
C3B93D0B,2420281,2420659.689,2420659689,1289,1895,1935,90,90,FWD,45,7,-1,IDLE,0
C3B93D0B,2420282,2420660.400,2420660400,711,1899,1935,90,90,FWD,13,7,-1,IDLE,0
C3B93D0B,2420283,2420661.399,2420661399,999,1895,1935,90,90,FWD,13,7,-1,IDLE,0
C3B93D0B,2420284,2420662.400,2420662400,1001,1899,1935,90,90,FWD,13,7,-1,IDLE,0
C3B93D0B,2420285,2420663.399,2420663399,999,1897,1935,90,90,FWD,13,7,-1,IDLE,0
C3B93D0B,2420286,2420664.826,2420664826,1427,1898,1935,90,90,FWD,45,7,-1,IDLE,0
C3B93D0B,2420287,2420665.734,2420665734,908,1898,1935,90,90,FWD,13,7,-1,IDLE,0
C3B93D0B,2420288,2420666.400,2420666400,666,1895,1935,90,90,FWD,13,7,-1,IDLE,0
C3B93D0B,2420289,2420667.400,2420667400,1000,1897,1935,90,90,FWD,13,7,-1,IDLE,0
C3B93D0B,2420290,2420668.400,2420668400,1000,1895,1935,90,90,FWD,13,7,-1,IDLE,0
C3B93D0B,2420291,2420669.399,2420669399,999,1895,1935,90,90,FWD,13,7,-1,IDLE,0
C3B93D0B,2420292,2420670.601,2420670601,1202,1907,1935,90,90,FWD,13,7,-1,IDLE,0
C3B93D0B,2420293,2420671.399,2420671399,798,1909,1935,90,90,FWD,13,7,-1,IDLE,0
C3B93D0B,2420294,2420672.400,2420672400,1001,1910,1935,90,90,FWD,13,7,-1,IDLE,0
C3B93D0B,2420295,2420673.399,2420673399,999,1907,1935,90,90,FWD,13,7,-1,IDLE,0
C3B93D0B,2420296,2420674.400,2420674400,1001,1905,1935,90,90,FWD,13,7,-1,IDLE,0
C3B93D0B,2420297,2420675.399,2420675399,999,1906,1935,90,90,FWD,13,7,-1,IDLE,0
C3B93D0B,2420298,2420676.400,2420676400,1001,1907,1935,90,90,FWD,13,7,-1,IDLE,0
C3B93D0B,2420299,2420677.400,2420677400,1000,1907,1935,90,90,FWD,13,7,-1,IDLE,0
C3B93D0B,2420300,2420679.221,2420679221,1821,1893,1935,90,90,FWD,45,7,-1,IDLE,0
C3B93D0B,2420301,2420679.850,2420679850,629,1896,1935,90,90,FWD,13,7,-1,IDLE,0
C3B93D0B,2420302,2420680.400,2420680400,550,1896,1935,90,90,FWD,13,7,-1,IDLE,0
C3B93D0B,2420303,2420681.399,2420681399,999,1898,1935,90,90,FWD,13,7,-1,IDLE,0
C3B93D0B,2420304,2420682.400,2420682400,1001,1897,1935,90,90,FWD,13,7,-1,IDLE,0
C3B93D0B,2420305,2420683.399,2420683399,999,1897,1935,90,90,FWD,13,7,-1,IDLE,0
C3B93D0B,2420306,2420684.400,2420684400,1001,1897,1935,90,90,FWD,13,7,-1,IDLE,0
C3B93D0B,2420307,2420685.399,2420685399,999,1897,1935,90,90,FWD,13,7,-1,IDLE,0
C3B93D0B,2420308,2420686.400,2420686400,1001,1895,1935,90,90,FWD,13,7,-1,IDLE,0
C3B93D0B,2420309,2420687.400,2420687400,1000,1895,1935,90,90,FWD,13,7,-1,IDLE,0
C3B93D0B,2420310,2420688.400,2420688400,1000,1899,1935,90,90,FWD,13,7,-1,IDLE,0
C3B93D0B,2420311,2420689.399,2420689399,999,1897,1935,90,90,FWD,13,7,-1,IDLE,0
C3B93D0B,2420312,2420690.400,2420690400,1001,1898,1935,90,90,FWD,13,7,-1,IDLE,0
C3B93D0B,2420313,2420691.399,2420691399,999,1898,1935,90,90,FWD,13,7,-1,IDLE,0
C3B93D0B,2420314,2420692.400,2420692400,1001,1901,1935,90,90,FWD,13,7,-1,IDLE,0
C3B93D0B,2420315,2420693.399,2420693399,999,1901,1935,90,90,FWD,13,7,-1,IDLE,0
C3B93D0B,2420316,2420694.400,2420694400,1001,1899,1935,90,90,FWD,13,7,-1,IDLE,0
C3B93D0B,2420317,2420695.399,2420695399,999,1899,1935,90,90,FWD,13,7,-1,IDLE,0
C3B93D0B,2420318,2420696.400,2420696400,1001,1897,1935,90,90,FWD,13,7,-1,IDLE,0
C3B93D0B,2420319,2420697.400,2420697400,1000,1898,1935,90,90,FWD,13,7,-1,IDLE,0
C3B93D0B,2420320,2420698.400,2420698400,1000,1900,1935,90,90,FWD,13,7,-1,IDLE,0
C3B93D0B,2420321,2420699.399,2420699399,999,1899,1935,90,90,FWD,13,7,-1,IDLE,0
C3B93D0B,2420322,2420700.400,2420700400,1001,1899,1935,90,90,FWD,13,7,-1,IDLE,0
C3B93D0B,2420323,2420701.399,2420701399,999,1899,1935,90,90,FWD,13,7,-1,IDLE,0
C3B93D0B,2420324,2420702.400,2420702400,1001,1901,1935,90,90,FWD,13,7,-1,IDLE,0
C3B93D0B,2420325,2420703.399,2420703399,999,1901,1935,90,90,FWD,13,7,-1,IDLE,0
C3B93D0B,2420326,2420704.400,2420704400,1001,1897,1935,90,90,FWD,13,7,-1,IDLE,0
C3B93D0B,2420327,2420705.399,2420705399,999,1899,1935,90,90,FWD,13,7,-1,IDLE,0
C3B93D0B,2420328,2420706.400,2420706400,1001,1899,1935,90,90,FWD,13,7,-1,IDLE,0
C3B93D0B,2420329,2420707.400,2420707400,1000,1899,1935,90,90,FWD,13,7,-1,IDLE,0
C3B93D0B,2420330,2420708.400,2420708400,1000,1901,1935,90,90,FWD,13,7,-1,IDLE,0
C3B93D0B,2420331,2420709.399,2420709399,999,1900,1935,90,90,FWD,13,7,-1,IDLE,0
C3B93D0B,2420332,2420710.400,2420710400,1001,1898,1935,90,90,FWD,13,7,-1,IDLE,0
C3B93D0B,2420333,2420711.399,2420711399,999,1901,1935,90,90,FWD,13,7,-1,IDLE,0
C3B93D0B,2420334,2420712.400,2420712400,1001,1899,1935,90,90,FWD,13,7,-1,IDLE,0
C3B93D0B,2420335,2420713.399,2420713399,999,1899,1935,90,90,FWD,13,7,-1,IDLE,0
C3B93D0B,2420336,2420714.400,2420714400,1001,1897,1935,90,90,FWD,13,7,-1,IDLE,0
C3B93D0B,2420337,2420715.399,2420715399,999,1899,1935,90,90,FWD,13,7,-1,IDLE,0
C3B93D0B,2420338,2420716.400,2420716400,1001,1899,1935,90,90,FWD,13,7,-1,IDLE,0
C3B93D0B,2420339,2420717.400,2420717400,1000,1902,1935,90,90,FWD,13,7,-1,IDLE,0
C3B93D0B,2420340,2420718.400,2420718400,1000,1899,1935,90,90,FWD,13,7,-1,IDLE,0
C3B93D0B,2420341,2420719.399,2420719399,999,1899,1935,90,90,FWD,13,7,-1,IDLE,0
C3B93D0B,2420342,2420720.400,2420720400,1001,1902,1935,90,90,FWD,13,7,-1,IDLE,0
C3B93D0B,2420343,2420721.399,2420721399,999,1899,1935,90,90,FWD,13,7,-1,IDLE,0
C3B93D0B,2420344,2420722.400,2420722400,1001,1901,1935,90,90,FWD,13,7,-1,IDLE,0
C3B93D0B,2420345,2420723.399,2420723399,999,1900,1935,90,90,FWD,13,7,-1,IDLE,0
C3B93D0B,2420346,2420724.400,2420724400,1001,1900,1935,90,90,FWD,13,7,-1,IDLE,0
C3B93D0B,2420347,2420725.399,2420725399,999,1898,1935,90,90,FWD,13,7,-1,IDLE,0
C3B93D0B,2420348,2420726.400,2420726400,1001,1899,1935,90,90,FWD,13,7,-1,IDLE,0
C3B93D0B,2420349,2420727.400,2420727400,1000,1899,1935,90,90,FWD,13,7,-1,IDLE,0
C3B93D0B,2420350,2420728.400,2420728400,1000,1901,1935,90,90,FWD,13,7,-1,IDLE,0
C3B93D0B,2420351,2420729.399,2420729399,999,1899,1935,90,90,FWD,13,7,-1,IDLE,0
C3B93D0B,2420352,2420730.535,2420730535,1136,1898,1935,90,90,FWD,13,7,-1,IDLE,0
C3B93D0B,2420353,2420731.399,2420731399,864,1899,1935,90,90,FWD,13,7,-1,IDLE,0
C3B93D0B,2420354,2420732.400,2420732400,1001,1895,1935,90,90,FWD,13,7,-1,IDLE,0
C3B93D0B,2420355,2420733.399,2420733399,999,1901,1935,90,90,FWD,13,7,-1,IDLE,0
C3B93D0B,2420356,2420734.400,2420734400,1001,1899,1935,90,90,FWD,13,7,-1,IDLE,0
C3B93D0B,2420357,2420735.399,2420735399,999,1903,1935,90,90,FWD,13,7,-1,IDLE,0
C3B93D0B,2420358,2420736.400,2420736400,1001,1909,1935,90,90,FWD,13,7,-1,IDLE,0
C3B93D0B,2420359,2420737.400,2420737400,1000,1910,1935,90,90,FWD,13,7,-1,IDLE,0
C3B93D0B,2420360,2420738.400,2420738400,1000,1906,1935,90,90,FWD,13,7,-1,IDLE,0
C3B93D0B,2420361,2420739.399,2420739399,999,1909,1935,90,90,FWD,13,7,-1,IDLE,0
C3B93D0B,2420362,2420740.400,2420740400,1001,1907,1935,90,90,FWD,13,7,-1,IDLE,0
C3B93D0B,2420363,2420741.399,2420741399,999,1907,1935,90,90,FWD,13,7,-1,IDLE,0
C3B93D0B,2420364,2420742.400,2420742400,1001,1907,1935,90,90,FWD,13,7,-1,IDLE,0
C3B93D0B,2420365,2420743.399,2420743399,999,1908,1935,90,90,FWD,13,7,-1,IDLE,0
C3B93D0B,2420366,2420744.400,2420744400,1001,1907,1935,90,90,FWD,13,7,-1,IDLE,0
C3B93D0B,2420367,2420745.399,2420745399,999,1909,1935,90,90,FWD,13,7,-1,IDLE,0
C3B93D0B,2420368,2420746.400,2420746400,1001,1909,1935,90,90,FWD,13,7,-1,IDLE,0
C3B93D0B,2420369,2420747.400,2420747400,1000,1905,1935,90,90,FWD,13,7,-1,IDLE,0
C3B93D0B,2420370,2420748.400,2420748400,1000,1906,1935,90,90,FWD,13,7,-1,IDLE,0
C3B93D0B,2420371,2420749.399,2420749399,999,1907,1935,90,90,FWD,13,7,-1,IDLE,0
C3B93D0B,2420372,2420750.400,2420750400,1001,1906,1935,90,90,FWD,13,7,-1,IDLE,0
C3B93D0B,2420373,2420751.399,2420751399,999,1907,1935,90,90,FWD,13,7,-1,IDLE,0
C3B93D0B,2420374,2420752.400,2420752400,1001,1905,1935,90,90,FWD,13,7,-1,IDLE,0
C3B93D0B,2420375,2420753.399,2420753399,999,1907,1935,90,90,FWD,13,7,-1,IDLE,0
C3B93D0B,2420376,2420754.400,2420754400,1001,1905,1935,90,90,FWD,13,7,-1,IDLE,0
C3B93D0B,2420377,2420755.399,2420755399,999,1907,1935,90,90,FWD,13,7,-1,IDLE,0
C3B93D0B,2420378,2420756.400,2420756400,1001,1906,1935,90,90,FWD,13,7,-1,IDLE,0
C3B93D0B,2420379,2420757.400,2420757400,1000,1905,1935,90,90,FWD,13,7,-1,IDLE,0
C3B93D0B,2420380,2420758.400,2420758400,1000,1907,1935,90,90,FWD,13,7,-1,IDLE,0
C3B93D0B,2420381,2420759.399,2420759399,999,1906,1935,90,90,FWD,13,7,-1,IDLE,0
C3B93D0B,2420382,2420760.400,2420760400,1001,1905,1935,90,90,FWD,13,7,-1,IDLE,0
C3B93D0B,2420383,2420761.921,2420761921,1521,1895,1935,90,90,FWD,45,7,-1,IDLE,0
C3B93D0B,2420384,2420762.400,2420762400,479,1894,1935,90,90,FWD,13,7,-1,IDLE,0
C3B93D0B,2420385,2420763.399,2420763399,999,1898,1935,90,90,FWD,13,7,-1,IDLE,0
C3B93D0B,2420386,2420764.400,2420764400,1001,1901,1935,90,90,FWD,13,7,-1,IDLE,0
C3B93D0B,2420387,2420765.399,2420765399,999,1899,1935,90,90,FWD,13,7,-1,IDLE,0
C3B93D0B,2420388,2420766.400,2420766400,1001,1907,1935,90,90,FWD,13,7,-1,IDLE,0
C3B93D0B,2420389,2420767.528,2420767528,1128,1907,1935,90,90,FWD,13,7,-1,IDLE,0
C3B93D0B,2420390,2420768.400,2420768400,872,1909,1935,90,90,FWD,13,7,-1,IDLE,0
C3B93D0B,2420391,2420769.399,2420769399,999,1906,1935,90,90,FWD,13,7,-1,IDLE,0
C3B93D0B,2420392,2420770.400,2420770400,1001,1909,1935,90,90,FWD,13,7,-1,IDLE,0
C3B93D0B,2420393,2420771.399,2420771399,999,1907,1935,90,90,FWD,13,7,-1,IDLE,0
C3B93D0B,2420394,2420772.400,2420772400,1001,1907,1935,90,90,FWD,13,7,-1,IDLE,0
C3B93D0B,2420395,2420773.399,2420773399,999,1907,1935,90,90,FWD,13,7,-1,IDLE,0
C3B93D0B,2420396,2420774.400,2420774400,1001,1905,1935,90,90,FWD,13,7,-1,IDLE,0
C3B93D0B,2420397,2420775.399,2420775399,999,1909,1935,90,90,FWD,13,7,-1,IDLE,0
C3B93D0B,2420398,2420776.400,2420776400,1001,1905,1935,90,90,FWD,13,7,-1,IDLE,0
C3B93D0B,2420399,2420777.400,2420777400,1000,1907,1935,90,90,FWD,13,7,-1,IDLE,0
C3B93D0B,2420400,2420779.178,2420779178,1778,1889,1935,90,90,FWD,45,7,-1,IDLE,0
C3B93D0B,2420401,2420779.777,2420779777,599,1899,1935,90,90,FWD,13,7,-1,IDLE,0
C3B93D0B,2420402,2420780.400,2420780400,623,1899,1935,90,90,FWD,13,7,-1,IDLE,0
C3B93D0B,2420403,2420781.399,2420781399,999,1898,1935,90,90,FWD,13,7,-1,IDLE,0
C3B93D0B,2420404,2420782.400,2420782400,1001,1897,1935,90,90,FWD,13,7,-1,IDLE,0
C3B93D0B,2420405,2420783.399,2420783399,999,1899,1935,90,90,FWD,13,7,-1,IDLE,0
C3B93D0B,2420406,2420784.400,2420784400,1001,1899,1935,90,90,FWD,13,7,-1,IDLE,0
C3B93D0B,2420407,2420785.399,2420785399,999,1898,1935,90,90,FWD,13,7,-1,IDLE,0
C3B93D0B,2420408,2420786.400,2420786400,1001,1899,1935,90,90,FWD,13,7,-1,IDLE,0
C3B93D0B,2420409,2420787.400,2420787400,1000,1900,1935,90,90,FWD,13,7,-1,IDLE,0
C3B93D0B,2420410,2420788.400,2420788400,1000,1899,1935,90,90,FWD,13,7,-1,IDLE,0
C3B93D0B,2420411,2420789.399,2420789399,999,1902,1935,90,90,FWD,13,7,-1,IDLE,0
C3B93D0B,2420412,2420790.400,2420790400,1001,1895,1935,90,90,FWD,13,7,-1,IDLE,0
C3B93D0B,2420413,2420791.399,2420791399,999,1899,1935,90,90,FWD,13,7,-1,IDLE,0
C3B93D0B,2420414,2420792.400,2420792400,1001,1899,1935,90,90,FWD,13,7,-1,IDLE,0
C3B93D0B,2420415,2420793.399,2420793399,999,1899,1935,90,90,FWD,13,7,-1,IDLE,0
C3B93D0B,2420416,2420794.400,2420794400,1001,1900,1935,90,90,FWD,13,7,-1,IDLE,0
C3B93D0B,2420417,2420795.399,2420795399,999,1901,1935,90,90,FWD,13,7,-1,IDLE,0
C3B93D0B,2420418,2420796.400,2420796400,1001,1900,1935,90,90,FWD,13,7,-1,IDLE,0
C3B93D0B,2420419,2420797.400,2420797400,1000,1899,1935,90,90,FWD,13,7,-1,IDLE,0
C3B93D0B,2420420,2420798.400,2420798400,1000,1898,1935,90,90,FWD,13,7,-1,IDLE,0
C3B93D0B,2420421,2420799.399,2420799399,999,1900,1935,90,90,FWD,13,7,-1,IDLE,0
C3B93D0B,2420422,2420800.400,2420800400,1001,1899,1935,90,90,FWD,13,7,-1,IDLE,0
C3B93D0B,2420423,2420801.399,2420801399,999,1901,1935,90,90,FWD,13,7,-1,IDLE,0
C3B93D0B,2420424,2420802.400,2420802400,1001,1902,1935,90,90,FWD,13,7,-1,IDLE,0
C3B93D0B,2420425,2420803.399,2420803399,999,1899,1935,90,90,FWD,13,7,-1,IDLE,0
C3B93D0B,2420426,2420804.400,2420804400,1001,1899,1935,90,90,FWD,13,7,-1,IDLE,0
C3B93D0B,2420427,2420805.399,2420805399,999,1901,1935,90,90,FWD,13,7,-1,IDLE,0
C3B93D0B,2420428,2420806.400,2420806400,1001,1899,1935,90,90,FWD,13,7,-1,IDLE,0
C3B93D0B,2420429,2420807.400,2420807400,1000,1898,1935,90,90,FWD,13,7,-1,IDLE,0
C3B93D0B,2420430,2420808.400,2420808400,1000,1898,1935,90,90,FWD,13,7,-1,IDLE,0
C3B93D0B,2420431,2420809.399,2420809399,999,1903,1935,90,90,FWD,13,7,-1,IDLE,0
C3B93D0B,2420432,2420810.400,2420810400,1001,1899,1935,90,90,FWD,13,7,-1,IDLE,0
C3B93D0B,2420433,2420811.399,2420811399,999,1901,1935,90,90,FWD,13,7,-1,IDLE,0
C3B93D0B,2420434,2420812.400,2420812400,1001,1902,1935,90,90,FWD,13,7,-1,IDLE,0
C3B93D0B,2420435,2420813.399,2420813399,999,1899,1935,90,90,FWD,13,7,-1,IDLE,0
C3B93D0B,2420436,2420814.400,2420814400,1001,1901,1935,90,90,FWD,13,7,-1,IDLE,0
C3B93D0B,2420437,2420815.399,2420815399,999,1901,1935,90,90,FWD,13,7,-1,IDLE,0
C3B93D0B,2420438,2420816.400,2420816400,1001,1899,1935,90,90,FWD,13,7,-1,IDLE,0
C3B93D0B,2420439,2420817.400,2420817400,1000,1899,1935,90,90,FWD,13,7,-1,IDLE,0
C3B93D0B,2420440,2420818.400,2420818400,1000,1901,1935,90,90,FWD,13,7,-1,IDLE,0
C3B93D0B,2420441,2420819.399,2420819399,999,1901,1935,90,90,FWD,13,7,-1,IDLE,0
C3B93D0B,2420442,2420820.400,2420820400,1001,1901,1935,90,90,FWD,13,7,-1,IDLE,0
C3B93D0B,2420443,2420821.399,2420821399,999,1903,1935,90,90,FWD,13,7,-1,IDLE,0
C3B93D0B,2420444,2420822.400,2420822400,1001,1901,1935,90,90,FWD,13,7,-1,IDLE,0
C3B93D0B,2420445,2420823.399,2420823399,999,1903,1935,90,90,FWD,13,7,-1,IDLE,0
C3B93D0B,2420446,2420824.400,2420824400,1001,1901,1935,90,90,FWD,13,7,-1,IDLE,0
C3B93D0B,2420447,2420825.399,2420825399,999,1901,1935,90,90,FWD,13,7,-1,IDLE,0
C3B93D0B,2420448,2420826.400,2420826400,1001,1902,1935,90,90,FWD,13,7,-1,IDLE,0
C3B93D0B,2420449,2420827.400,2420827400,1000,1900,1935,90,90,FWD,13,7,-1,IDLE,0
C3B93D0B,2420450,2420828.400,2420828400,1000,1900,1935,90,90,FWD,13,7,-1,IDLE,0
C3B93D0B,2420451,2420829.399,2420829399,999,1899,1935,90,90,FWD,13,7,-1,IDLE,0
C3B93D0B,2420452,2420830.403,2420830403,1004,1900,1935,90,90,FWD,13,7,-1,IDLE,0
C3B93D0B,2420453,2420831.399,2420831399,996,1900,1935,90,90,FWD,13,7,-1,IDLE,0
C3B93D0B,2420454,2420832.400,2420832400,1001,1901,1935,90,90,FWD,13,7,-1,IDLE,0
C3B93D0B,2420455,2420833.399,2420833399,999,1903,1935,90,90,FWD,13,7,-1,IDLE,0
C3B93D0B,2420456,2420834.400,2420834400,1001,1900,1935,90,90,FWD,13,7,-1,IDLE,0
C3B93D0B,2420457,2420835.399,2420835399,999,1902,1935,90,90,FWD,13,7,-1,IDLE,0
C3B93D0B,2420458,2420836.400,2420836400,1001,1902,1935,90,90,FWD,13,7,-1,IDLE,0
C3B93D0B,2420459,2420837.400,2420837400,1000,1900,1935,90,90,FWD,13,7,-1,IDLE,0
C3B93D0B,2420460,2420838.400,2420838400,1000,1897,1935,90,90,FWD,13,7,-1,IDLE,0
C3B93D0B,2420461,2420839.402,2420839402,1002,1910,1935,90,90,FWD,13,7,-1,IDLE,0
C3B93D0B,2420462,2420840.400,2420840400,998,1910,1935,90,90,FWD,13,7,-1,IDLE,0
C3B93D0B,2420463,2420841.399,2420841399,999,1910,1935,90,90,FWD,13,7,-1,IDLE,0
C3B93D0B,2420464,2420842.400,2420842400,1001,1909,1935,90,90,FWD,13,7,-1,IDLE,0
C3B93D0B,2420465,2420843.399,2420843399,999,1908,1935,90,90,FWD,13,7,-1,IDLE,0
C3B93D0B,2420466,2420844.400,2420844400,1001,1907,1935,90,90,FWD,13,7,-1,IDLE,0
C3B93D0B,2420467,2420845.399,2420845399,999,1909,1935,90,90,FWD,13,7,-1,IDLE,0
C3B93D0B,2420468,2420846.400,2420846400,1001,1909,1935,90,90,FWD,13,7,-1,IDLE,0
C3B93D0B,2420469,2420847.400,2420847400,1000,1909,1935,90,90,FWD,13,7,-1,IDLE,0
C3B93D0B,2420470,2420848.400,2420848400,1000,1908,1935,90,90,FWD,13,7,-1,IDLE,0
C3B93D0B,2420471,2420849.399,2420849399,999,1908,1935,90,90,FWD,13,7,-1,IDLE,0
C3B93D0B,2420472,2420850.400,2420850400,1001,1909,1935,90,90,FWD,13,7,-1,IDLE,0
C3B93D0B,2420473,2420851.399,2420851399,999,1909,1935,90,90,FWD,13,7,-1,IDLE,0
C3B93D0B,2420474,2420852.400,2420852400,1001,1909,1935,90,90,FWD,13,7,-1,IDLE,0
C3B93D0B,2420475,2420853.399,2420853399,999,1909,1935,90,90,FWD,13,7,-1,IDLE,0
C3B93D0B,2420476,2420854.400,2420854400,1001,1908,1935,90,90,FWD,13,7,-1,IDLE,0
C3B93D0B,2420477,2420855.399,2420855399,999,1908,1935,90,90,FWD,13,7,-1,IDLE,0
C3B93D0B,2420478,2420856.400,2420856400,1001,1908,1935,90,90,FWD,13,7,-1,IDLE,0
C3B93D0B,2420479,2420857.400,2420857400,1000,1909,1935,90,90,FWD,13,7,-1,IDLE,0
C3B93D0B,2420480,2420858.400,2420858400,1000,1907,1935,90,90,FWD,13,7,-1,IDLE,0
C3B93D0B,2420481,2420859.399,2420859399,999,1906,1935,90,90,FWD,13,7,-1,IDLE,0
C3B93D0B,2420482,2420860.400,2420860400,1001,1907,1935,90,90,FWD,13,7,-1,IDLE,0
C3B93D0B,2420483,2420861.399,2420861399,999,1909,1935,90,90,FWD,13,7,-1,IDLE,0
C3B93D0B,2420484,2420862.400,2420862400,1001,1907,1935,90,90,FWD,13,7,-1,IDLE,0
C3B93D0B,2420485,2420863.399,2420863399,999,1907,1935,90,90,FWD,13,7,-1,IDLE,0
C3B93D0B,2420486,2420864.400,2420864400,1001,1895,1935,90,90,FWD,13,7,-1,IDLE,0
C3B93D0B,2420487,2420865.399,2420865399,999,1899,1935,90,90,FWD,13,7,-1,IDLE,0
C3B93D0B,2420488,2420866.400,2420866400,1001,1901,1935,90,90,FWD,13,7,-1,IDLE,0
C3B93D0B,2420489,2420867.400,2420867400,1000,1901,1935,90,90,FWD,13,7,-1,IDLE,0
C3B93D0B,2420490,2420868.400,2420868400,1000,1898,1935,90,90,FWD,13,7,-1,IDLE,0
C3B93D0B,2420491,2420869.564,2420869564,1164,1908,1935,90,90,FWD,13,7,-1,IDLE,0
C3B93D0B,2420492,2420870.400,2420870400,836,1907,1935,90,90,FWD,13,7,-1,IDLE,0
C3B93D0B,2420493,2420871.399,2420871399,999,1908,1935,90,90,FWD,13,7,-1,IDLE,0
C3B93D0B,2420494,2420872.400,2420872400,1001,1910,1935,90,90,FWD,13,7,-1,IDLE,0
C3B93D0B,2420495,2420873.399,2420873399,999,1907,1935,90,90,FWD,13,7,-1,IDLE,0
C3B93D0B,2420496,2420874.400,2420874400,1001,1909,1935,90,90,FWD,13,7,-1,IDLE,0
C3B93D0B,2420497,2420875.399,2420875399,999,1908,1935,90,90,FWD,13,7,-1,IDLE,0
C3B93D0B,2420498,2420876.400,2420876400,1001,1908,1935,90,90,FWD,13,7,-1,IDLE,0
C3B93D0B,2420499,2420877.400,2420877400,1000,1909,1935,90,90,FWD,13,7,-1,IDLE,0
C3B93D0B,2420500,2420879.190,2420879190,1790,1897,1935,90,90,FWD,45,7,-1,IDLE,0
C3B93D0B,2420501,2420880.007,2420880007,817,1899,1935,90,90,FWD,13,7,-1,IDLE,0
C3B93D0B,2420502,2420880.400,2420880400,393,1897,1935,90,90,FWD,13,7,-1,IDLE,0
C3B93D0B,2420503,2420881.399,2420881399,999,1899,1935,90,90,FWD,13,7,-1,IDLE,0
C3B93D0B,2420504,2420882.400,2420882400,1001,1898,1935,90,90,FWD,13,7,-1,IDLE,0
C3B93D0B,2420505,2420883.399,2420883399,999,1899,1935,90,90,FWD,13,7,-1,IDLE,0
C3B93D0B,2420506,2420884.400,2420884400,1001,1901,1935,90,90,FWD,13,7,-1,IDLE,0
C3B93D0B,2420507,2420885.399,2420885399,999,1903,1935,90,90,FWD,13,7,-1,IDLE,0
C3B93D0B,2420508,2420886.400,2420886400,1001,1901,1935,90,90,FWD,13,7,-1,IDLE,0
C3B93D0B,2420509,2420887.400,2420887400,1000,1899,1935,90,90,FWD,13,7,-1,IDLE,0
C3B93D0B,2420510,2420888.400,2420888400,1000,1901,1935,90,90,FWD,13,7,-1,IDLE,0
C3B93D0B,2420511,2420889.399,2420889399,999,1901,1935,90,90,FWD,13,7,-1,IDLE,0
C3B93D0B,2420512,2420890.400,2420890400,1001,1899,1935,90,90,FWD,13,7,-1,IDLE,0
C3B93D0B,2420513,2420891.399,2420891399,999,1901,1935,90,90,FWD,13,7,-1,IDLE,0
C3B93D0B,2420514,2420892.400,2420892400,1001,1901,1935,90,90,FWD,13,7,-1,IDLE,0
C3B93D0B,2420515,2420893.399,2420893399,999,1901,1935,90,90,FWD,13,7,-1,IDLE,0
C3B93D0B,2420516,2420894.400,2420894400,1001,1899,1935,90,90,FWD,13,7,-1,IDLE,0
C3B93D0B,2420517,2420895.399,2420895399,999,1901,1935,90,90,FWD,13,7,-1,IDLE,0
C3B93D0B,2420518,2420896.550,2420896550,1151,1902,1935,90,90,FWD,13,7,-1,IDLE,0
C3B93D0B,2420519,2420897.400,2420897400,850,1900,1935,90,90,FWD,13,7,-1,IDLE,0
C3B93D0B,2420520,2420898.400,2420898400,1000,1900,1935,90,90,FWD,13,7,-1,IDLE,0
C3B93D0B,2420521,2420899.399,2420899399,999,1901,1935,90,90,FWD,13,7,-1,IDLE,0
C3B93D0B,2420522,2420900.400,2420900400,1001,1902,1935,90,90,FWD,13,7,-1,IDLE,0
C3B93D0B,2420523,2420901.399,2420901399,999,1902,1935,90,90,FWD,13,7,-1,IDLE,0
C3B93D0B,2420524,2420902.400,2420902400,1001,1898,1935,90,90,FWD,13,7,-1,IDLE,0
C3B93D0B,2420525,2420903.399,2420903399,999,1901,1935,90,90,FWD,13,7,-1,IDLE,0
C3B93D0B,2420526,2420904.400,2420904400,1001,1901,1935,90,90,FWD,13,7,-1,IDLE,0
C3B93D0B,2420527,2420905.399,2420905399,999,1903,1935,90,90,FWD,13,7,-1,IDLE,0
C3B93D0B,2420528,2420906.400,2420906400,1001,1902,1935,90,90,FWD,13,7,-1,IDLE,0
C3B93D0B,2420529,2420907.400,2420907400,1000,1900,1935,90,90,FWD,13,7,-1,IDLE,0
C3B93D0B,2420530,2420908.400,2420908400,1000,1900,1935,90,90,FWD,13,7,-1,IDLE,0
C3B93D0B,2420531,2420909.399,2420909399,999,1901,1935,90,90,FWD,13,7,-1,IDLE,0
C3B93D0B,2420532,2420910.400,2420910400,1001,1899,1935,90,90,FWD,13,7,-1,IDLE,0
C3B93D0B,2420533,2420911.399,2420911399,999,1901,1935,90,90,FWD,13,7,-1,IDLE,0
C3B93D0B,2420534,2420912.400,2420912400,1001,1899,1935,90,90,FWD,13,7,-1,IDLE,0
C3B93D0B,2420535,2420913.399,2420913399,999,1900,1935,90,90,FWD,13,7,-1,IDLE,0
C3B93D0B,2420536,2420914.400,2420914400,1001,1902,1935,90,90,FWD,13,7,-1,IDLE,0
C3B93D0B,2420537,2420915.399,2420915399,999,1901,1935,90,90,FWD,13,7,-1,IDLE,0
C3B93D0B,2420538,2420916.400,2420916400,1001,1901,1935,90,90,FWD,13,7,-1,IDLE,0
C3B93D0B,2420539,2420917.400,2420917400,1000,1902,1935,90,90,FWD,13,7,-1,IDLE,0
C3B93D0B,2420540,2420918.400,2420918400,1000,1901,1935,90,90,FWD,13,7,-1,IDLE,0
C3B93D0B,2420541,2420919.399,2420919399,999,1902,1935,90,90,FWD,13,7,-1,IDLE,0
C3B93D0B,2420542,2420920.400,2420920400,1001,1900,1935,90,90,FWD,13,7,-1,IDLE,0
C3B93D0B,2420543,2420921.399,2420921399,999,1903,1935,90,90,FWD,13,7,-1,IDLE,0
C3B93D0B,2420544,2420922.400,2420922400,1001,1903,1935,90,90,FWD,13,7,-1,IDLE,0
C3B93D0B,2420545,2420923.399,2420923399,999,1901,1935,90,90,FWD,13,7,-1,IDLE,0
C3B93D0B,2420546,2420924.400,2420924400,1001,1902,1935,90,90,FWD,13,7,-1,IDLE,0
C3B93D0B,2420547,2420925.399,2420925399,999,1900,1935,90,90,FWD,13,7,-1,IDLE,0
C3B93D0B,2420548,2420926.400,2420926400,1001,1901,1935,90,90,FWD,13,7,-1,IDLE,0
C3B93D0B,2420549,2420927.400,2420927400,1000,1903,1935,90,90,FWD,13,7,-1,IDLE,0
C3B93D0B,2420550,2420928.400,2420928400,1000,1899,1935,90,90,FWD,13,7,-1,IDLE,0
C3B93D0B,2420551,2420929.399,2420929399,999,1902,1935,90,90,FWD,13,7,-1,IDLE,0
C3B93D0B,2420552,2420930.403,2420930403,1004,1899,1935,90,90,FWD,13,7,-1,IDLE,0
C3B93D0B,2420553,2420931.399,2420931399,996,1900,1935,90,90,FWD,13,7,-1,IDLE,0
C3B93D0B,2420554,2420932.400,2420932400,1001,1901,1935,90,90,FWD,13,7,-1,IDLE,0
C3B93D0B,2420555,2420933.399,2420933399,999,1902,1935,90,90,FWD,13,7,-1,IDLE,0
C3B93D0B,2420556,2420934.400,2420934400,1001,1903,1935,90,90,FWD,13,7,-1,IDLE,0
C3B93D0B,2420557,2420935.399,2420935399,999,1902,1935,90,90,FWD,13,7,-1,IDLE,0
C3B93D0B,2420558,2420936.400,2420936400,1001,1910,1935,90,90,FWD,13,7,-1,IDLE,0
C3B93D0B,2420559,2420937.400,2420937400,1000,1909,1935,90,90,FWD,13,7,-1,IDLE,0
C3B93D0B,2420560,2420938.400,2420938400,1000,1910,1935,90,90,FWD,13,7,-1,IDLE,0
C3B93D0B,2420561,2420939.399,2420939399,999,1910,1935,90,90,FWD,13,7,-1,IDLE,0
C3B93D0B,2420562,2420940.400,2420940400,1001,1910,1935,90,90,FWD,13,7,-1,IDLE,0
C3B93D0B,2420563,2420941.399,2420941399,999,1909,1935,90,90,FWD,13,7,-1,IDLE,0
C3B93D0B,2420564,2420942.400,2420942400,1001,1909,1935,90,90,FWD,13,7,-1,IDLE,0
C3B93D0B,2420565,2420943.399,2420943399,999,1907,1935,90,90,FWD,13,7,-1,IDLE,0
C3B93D0B,2420566,2420944.400,2420944400,1001,1908,1935,90,90,FWD,13,7,-1,IDLE,0
C3B93D0B,2420567,2420945.399,2420945399,999,1907,1935,90,90,FWD,13,7,-1,IDLE,0
C3B93D0B,2420568,2420946.400,2420946400,1001,1907,1935,90,90,FWD,13,7,-1,IDLE,0
C3B93D0B,2420569,2420947.400,2420947400,1000,1908,1935,90,90,FWD,13,7,-1,IDLE,0
C3B93D0B,2420570,2420948.400,2420948400,1000,1907,1935,90,90,FWD,13,7,-1,IDLE,0
C3B93D0B,2420571,2420949.399,2420949399,999,1907,1935,90,90,FWD,13,7,-1,IDLE,0
C3B93D0B,2420572,2420950.400,2420950400,1001,1906,1935,90,90,FWD,13,7,-1,IDLE,0
C3B93D0B,2420573,2420951.399,2420951399,999,1909,1935,90,90,FWD,13,7,-1,IDLE,0
C3B93D0B,2420574,2420952.400,2420952400,1001,1908,1935,90,90,FWD,13,7,-1,IDLE,0
C3B93D0B,2420575,2420953.399,2420953399,999,1906,1935,90,90,FWD,13,7,-1,IDLE,0
C3B93D0B,2420576,2420954.400,2420954400,1001,1907,1935,90,90,FWD,13,7,-1,IDLE,0
C3B93D0B,2420577,2420955.399,2420955399,999,1907,1935,90,90,FWD,13,7,-1,IDLE,0
C3B93D0B,2420578,2420956.400,2420956400,1001,1907,1935,90,90,FWD,13,7,-1,IDLE,0
C3B93D0B,2420579,2420957.400,2420957400,1000,1909,1935,90,90,FWD,13,7,-1,IDLE,0
C3B93D0B,2420580,2420958.400,2420958400,1000,1908,1935,90,90,FWD,13,7,-1,IDLE,0
C3B93D0B,2420581,2420959.399,2420959399,999,1910,1935,90,90,FWD,13,7,-1,IDLE,0
C3B93D0B,2420582,2420960.400,2420960400,1001,1907,1935,90,90,FWD,13,7,-1,IDLE,0
C3B93D0B,2420583,2420961.399,2420961399,999,1907,1935,90,90,FWD,13,7,-1,IDLE,0
C3B93D0B,2420584,2420962.400,2420962400,1001,1908,1935,90,90,FWD,13,7,-1,IDLE,0
C3B93D0B,2420585,2420963.399,2420963399,999,1907,1935,90,90,FWD,13,7,-1,IDLE,0
C3B93D0B,2420586,2420964.400,2420964400,1001,1909,1935,90,90,FWD,13,7,-1,IDLE,0
C3B93D0B,2420587,2420965.399,2420965399,999,1907,1935,90,90,FWD,13,7,-1,IDLE,0
C3B93D0B,2420588,2420966.643,2420966643,1244,1901,1935,90,90,FWD,13,7,-1,IDLE,0
C3B93D0B,2420589,2420967.400,2420967400,757,1897,1935,90,90,FWD,13,7,-1,IDLE,0
C3B93D0B,2420590,2420968.400,2420968400,1000,1899,1935,90,90,FWD,13,7,-1,IDLE,0
C3B93D0B,2420591,2420969.399,2420969399,999,1899,1935,90,90,FWD,13,7,-1,IDLE,0
C3B93D0B,2420592,2420970.400,2420970400,1001,1899,1935,90,90,FWD,13,7,-1,IDLE,0
C3B93D0B,2420593,2420971.904,2420971904,1504,1910,1935,90,90,FWD,45,7,-1,IDLE,0
C3B93D0B,2420594,2420972.400,2420972400,496,1908,1935,90,90,FWD,13,7,-1,IDLE,0
C3B93D0B,2420595,2420973.399,2420973399,999,1907,1935,90,90,FWD,13,7,-1,IDLE,0
C3B93D0B,2420596,2420974.400,2420974400,1001,1908,1935,90,90,FWD,13,7,-1,IDLE,0
C3B93D0B,2420597,2420975.399,2420975399,999,1908,1935,90,90,FWD,13,7,-1,IDLE,0
C3B93D0B,2420598,2420976.400,2420976400,1001,1909,1935,90,90,FWD,13,7,-1,IDLE,0
C3B93D0B,2420599,2420977.400,2420977400,1000,1909,1935,90,90,FWD,13,7,-1,IDLE,0
C3B93D0B,2420600,2420979.183,2420979183,1783,1901,1935,90,90,FWD,45,7,-1,IDLE,0
C3B93D0B,2420601,2420979.490,2420979490,307,1899,1935,90,90,FWD,13,7,-1,IDLE,0
C3B93D0B,2420602,2420980.400,2420980400,910,1897,1935,90,90,FWD,13,7,-1,IDLE,0
C3B93D0B,2420603,2420981.612,2420981612,1212,1898,1935,90,90,FWD,13,7,-1,IDLE,0
C3B93D0B,2420604,2420982.400,2420982400,788,1897,1935,90,90,FWD,13,7,-1,IDLE,0
C3B93D0B,2420605,2420983.399,2420983399,999,1899,1935,90,90,FWD,13,7,-1,IDLE,0
C3B93D0B,2420606,2420984.400,2420984400,1001,1899,1935,90,90,FWD,13,7,-1,IDLE,0
C3B93D0B,2420607,2420985.399,2420985399,999,1902,1935,90,90,FWD,13,7,-1,IDLE,0
C3B93D0B,2420608,2420986.400,2420986400,1001,1902,1935,90,90,FWD,13,7,-1,IDLE,0
C3B93D0B,2420609,2420987.400,2420987400,1000,1901,1935,90,90,FWD,13,7,-1,IDLE,0
C3B93D0B,2420610,2420988.400,2420988400,1000,1903,1935,90,90,FWD,13,7,-1,IDLE,0
C3B93D0B,2420611,2420989.399,2420989399,999,1900,1935,90,90,FWD,13,7,-1,IDLE,0
C3B93D0B,2420612,2420990.400,2420990400,1001,1900,1935,90,90,FWD,13,7,-1,IDLE,0
C3B93D0B,2420613,2420991.399,2420991399,999,1900,1935,90,90,FWD,13,7,-1,IDLE,0
C3B93D0B,2420614,2420992.400,2420992400,1001,1899,1935,90,90,FWD,13,7,-1,IDLE,0
C3B93D0B,2420615,2420993.399,2420993399,999,1902,1935,90,90,FWD,13,7,-1,IDLE,0
C3B93D0B,2420616,2420994.400,2420994400,1001,1904,1935,90,90,FWD,13,7,-1,IDLE,0
C3B93D0B,2420617,2420995.399,2420995399,999,1901,1935,90,90,FWD,13,7,-1,IDLE,0
C3B93D0B,2420618,2420996.400,2420996400,1001,1899,1935,90,90,FWD,13,7,-1,IDLE,0
C3B93D0B,2420619,2420997.400,2420997400,1000,1899,1935,90,90,FWD,13,7,-1,IDLE,0
C3B93D0B,2420620,2420998.400,2420998400,1000,1898,1935,90,90,FWD,13,7,-1,IDLE,0
C3B93D0B,2420621,2420999.399,2420999399,999,1903,1935,90,90,FWD,13,7,-1,IDLE,0
C3B93D0B,2420622,2421000.400,2421000400,1001,1902,1935,90,90,FWD,13,7,-1,IDLE,0
C3B93D0B,2420623,2421001.399,2421001399,999,1899,1935,90,90,FWD,13,7,-1,IDLE,0
C3B93D0B,2420624,2421002.400,2421002400,1001,1902,1935,90,90,FWD,13,7,-1,IDLE,0
C3B93D0B,2420625,2421003.399,2421003399,999,1902,1935,90,90,FWD,13,7,-1,IDLE,0
C3B93D0B,2420626,2421004.400,2421004400,1001,1901,1935,90,90,FWD,13,7,-1,IDLE,0
C3B93D0B,2420627,2421005.399,2421005399,999,1902,1935,90,90,FWD,13,7,-1,IDLE,0
C3B93D0B,2420628,2421006.400,2421006400,1001,1899,1935,90,90,FWD,13,7,-1,IDLE,0
C3B93D0B,2420629,2421007.400,2421007400,1000,1899,1935,90,90,FWD,13,7,-1,IDLE,0
C3B93D0B,2420630,2421008.402,2421008402,1002,1897,1935,90,90,FWD,13,7,-1,IDLE,0
C3B93D0B,2420631,2421009.495,2421009495,1093,1899,1935,90,90,FWD,13,7,-1,IDLE,0
C3B93D0B,2420632,2421010.400,2421010400,905,1901,1935,90,90,FWD,13,7,-1,IDLE,0
C3B93D0B,2420633,2421011.399,2421011399,999,1902,1935,90,90,FWD,13,7,-1,IDLE,0
C3B93D0B,2420634,2421012.400,2421012400,1001,1899,1935,90,90,FWD,13,7,-1,IDLE,0
C3B93D0B,2420635,2421013.399,2421013399,999,1901,1935,90,90,FWD,13,7,-1,IDLE,0
C3B93D0B,2420636,2421014.400,2421014400,1001,1900,1935,90,90,FWD,13,7,-1,IDLE,0
C3B93D0B,2420637,2421015.399,2421015399,999,1901,1935,90,90,FWD,13,7,-1,IDLE,0
C3B93D0B,2420638,2421016.400,2421016400,1001,1900,1935,90,90,FWD,13,7,-1,IDLE,0
C3B93D0B,2420639,2421017.399,2421017399,999,1901,1935,90,90,FWD,13,7,-1,IDLE,0
C3B93D0B,2420640,2421018.401,2421018401,1002,1902,1935,90,90,FWD,13,7,-1,IDLE,0
C3B93D0B,2420641,2421019.399,2421019399,998,1901,1935,90,90,FWD,13,7,-1,IDLE,0
C3B93D0B,2420642,2421020.400,2421020400,1001,1901,1935,90,90,FWD,13,7,-1,IDLE,0
C3B93D0B,2420643,2421021.399,2421021399,999,1899,1935,90,90,FWD,13,7,-1,IDLE,0
C3B93D0B,2420644,2421022.400,2421022400,1001,1899,1935,90,90,FWD,13,7,-1,IDLE,0
C3B93D0B,2420645,2421023.399,2421023399,999,1902,1935,90,90,FWD,13,7,-1,IDLE,0
C3B93D0B,2420646,2421024.400,2421024400,1001,1899,1935,90,90,FWD,13,7,-1,IDLE,0
C3B93D0B,2420647,2421025.399,2421025399,999,1901,1935,90,90,FWD,13,7,-1,IDLE,0
C3B93D0B,2420648,2421026.400,2421026400,1001,1902,1935,90,90,FWD,13,7,-1,IDLE,0
C3B93D0B,2420649,2421027.399,2421027399,999,1900,1935,90,90,FWD,13,7,-1,IDLE,0
C3B93D0B,2420650,2421028.401,2421028401,1002,1901,1935,90,90,FWD,13,7,-1,IDLE,0
C3B93D0B,2420651,2421029.399,2421029399,998,1903,1935,90,90,FWD,13,7,-1,IDLE,0
C3B93D0B,2420652,2421030.400,2421030400,1001,1901,1935,90,90,FWD,13,7,-1,IDLE,0
C3B93D0B,2420653,2421031.399,2421031399,999,1903,1935,90,90,FWD,13,7,-1,IDLE,0
C3B93D0B,2420654,2421032.400,2421032400,1001,1903,1935,90,90,FWD,13,7,-1,IDLE,0
C3B93D0B,2420655,2421033.399,2421033399,999,1900,1935,90,90,FWD,13,7,-1,IDLE,0
C3B93D0B,2420656,2421034.400,2421034400,1001,1902,1935,90,90,FWD,13,7,-1,IDLE,0
C3B93D0B,2420657,2421035.399,2421035399,999,1899,1935,90,90,FWD,13,7,-1,IDLE,0
C3B93D0B,2420658,2421036.400,2421036400,1001,1898,1935,90,90,FWD,13,7,-1,IDLE,0
C3B93D0B,2420659,2421037.399,2421037399,999,1902,1935,90,90,FWD,13,7,-1,IDLE,0
C3B93D0B,2420660,2421038.401,2421038401,1002,1900,1935,90,90,FWD,13,7,-1,IDLE,0
C3B93D0B,2420661,2421039.399,2421039399,998,1901,1935,90,90,FWD,13,7,-1,IDLE,0
C3B93D0B,2420662,2421040.400,2421040400,1001,1900,1935,90,90,FWD,13,7,-1,IDLE,0
C3B93D0B,2420663,2421041.399,2421041399,999,1903,1935,90,90,FWD,13,7,-1,IDLE,0
C3B93D0B,2420664,2421042.400,2421042400,1001,1900,1935,90,90,FWD,13,7,-1,IDLE,0
C3B93D0B,2420665,2421043.399,2421043399,999,1899,1935,90,90,FWD,13,7,-1,IDLE,0
C3B93D0B,2420666,2421044.400,2421044400,1001,1898,1935,90,90,FWD,13,7,-1,IDLE,0
C3B93D0B,2420667,2421045.399,2421045399,999,1901,1935,90,90,FWD,13,7,-1,IDLE,0
C3B93D0B,2420668,2421046.400,2421046400,1001,1900,1935,90,90,FWD,13,7,-1,IDLE,0
C3B93D0B,2420669,2421047.399,2421047399,999,1900,1935,90,90,FWD,13,7,-1,IDLE,0
C3B93D0B,2420670,2421048.401,2421048401,1002,1899,1935,90,90,FWD,13,7,-1,IDLE,0
C3B93D0B,2420671,2421049.399,2421049399,998,1902,1935,90,90,FWD,13,7,-1,IDLE,0
C3B93D0B,2420672,2421050.400,2421050400,1001,1902,1935,90,90,FWD,13,7,-1,IDLE,0
C3B93D0B,2420673,2421051.399,2421051399,999,1901,1935,90,90,FWD,13,7,-1,IDLE,0
C3B93D0B,2420674,2421052.400,2421052400,1001,1901,1935,90,90,FWD,13,7,-1,IDLE,0
C3B93D0B,2420675,2421053.399,2421053399,999,1901,1935,90,90,FWD,13,7,-1,IDLE,0
C3B93D0B,2420676,2421054.400,2421054400,1001,1899,1935,90,90,FWD,13,7,-1,IDLE,0
C3B93D0B,2420677,2421055.399,2421055399,999,1902,1935,90,90,FWD,13,7,-1,IDLE,0
C3B93D0B,2420678,2421056.400,2421056400,1001,1904,1935,90,90,FWD,13,7,-1,IDLE,0
C3B93D0B,2420679,2421057.399,2421057399,999,1902,1935,90,90,FWD,13,7,-1,IDLE,0
C3B93D0B,2420680,2421058.401,2421058401,1002,1901,1935,90,90,FWD,13,7,-1,IDLE,0
C3B93D0B,2420681,2421059.399,2421059399,998,1903,1935,90,90,FWD,13,7,-1,IDLE,0
C3B93D0B,2420682,2421060.400,2421060400,1001,1902,1935,90,90,FWD,13,7,-1,IDLE,0
C3B93D0B,2420683,2421061.399,2421061399,999,1902,1935,90,90,FWD,13,7,-1,IDLE,0
C3B93D0B,2420684,2421062.400,2421062400,1001,1901,1935,90,90,FWD,13,7,-1,IDLE,0
C3B93D0B,2420685,2421063.399,2421063399,999,1901,1935,90,90,FWD,13,7,-1,IDLE,0
C3B93D0B,2420686,2421064.400,2421064400,1001,1902,1935,90,90,FWD,13,7,-1,IDLE,0
C3B93D0B,2420687,2421065.399,2421065399,999,1903,1935,90,90,FWD,13,7,-1,IDLE,0
C3B93D0B,2420688,2421066.400,2421066400,1001,1902,1935,90,90,FWD,13,7,-1,IDLE,0
C3B93D0B,2420689,2421067.399,2421067399,999,1902,1935,90,90,FWD,13,7,-1,IDLE,0
C3B93D0B,2420690,2421068.999,2421068999,1600,1899,1935,90,90,FWD,45,7,-1,IDLE,0
C3B93D0B,2420691,2421069.399,2421069399,400,1900,1935,90,90,FWD,13,7,-1,IDLE,0
C3B93D0B,2420692,2421070.400,2421070400,1001,1901,1935,90,90,FWD,13,7,-1,IDLE,0
C3B93D0B,2420693,2421071.399,2421071399,999,1902,1935,90,90,FWD,13,7,-1,IDLE,0
C3B93D0B,2420694,2421072.400,2421072400,1001,1897,1935,90,90,FWD,13,7,-1,IDLE,0
C3B93D0B,2420695,2421073.399,2421073399,999,1902,1935,90,90,FWD,13,7,-1,IDLE,0
C3B93D0B,2420696,2421074.400,2421074400,1001,1901,1935,90,90,FWD,13,7,-1,IDLE,0
C3B93D0B,2420697,2421075.499,2421075499,1099,1901,1935,90,90,FWD,13,7,-1,IDLE,0
C3B93D0B,2420698,2421076.400,2421076400,901,1900,1935,90,90,FWD,13,7,-1,IDLE,0
C3B93D0B,2420699,2421077.402,2421077402,1002,1902,1935,90,90,FWD,13,7,-1,IDLE,0
C3B93D0B,2420700,2421078.401,2421078401,999,1899,1935,90,90,FWD,13,7,-1,IDLE,0
C3B93D0B,2420701,2421079.826,2421079826,1425,1902,1935,90,90,FWD,45,7,-1,IDLE,0
C3B93D0B,2420702,2421080.399,2421080399,573,1900,1935,90,90,FWD,13,7,-1,IDLE,0
C3B93D0B,2420703,2421081.400,2421081400,1001,1901,1935,90,90,FWD,13,7,-1,IDLE,0
C3B93D0B,2420704,2421082.399,2421082399,999,1901,1935,90,90,FWD,13,7,-1,IDLE,0
C3B93D0B,2420705,2421083.400,2421083400,1001,1901,1935,90,90,FWD,13,7,-1,IDLE,0
C3B93D0B,2420706,2421084.399,2421084399,999,1903,1935,90,90,FWD,13,7,-1,IDLE,0
C3B93D0B,2420707,2421085.770,2421085770,1371,1899,1935,90,90,FWD,45,7,-1,IDLE,0
C3B93D0B,2420708,2421086.399,2421086399,629,1899,1935,90,90,FWD,13,7,-1,IDLE,0
C3B93D0B,2420709,2421087.400,2421087400,1001,1902,1935,90,90,FWD,13,7,-1,IDLE,0
C3B93D0B,2420710,2421088.400,2421088400,1000,1901,1935,90,90,FWD,13,7,-1,IDLE,0
C3B93D0B,2420711,2421089.400,2421089400,1000,1903,1935,90,90,FWD,13,7,-1,IDLE,0
C3B93D0B,2420712,2421090.399,2421090399,999,1901,1935,90,90,FWD,13,7,-1,IDLE,0
C3B93D0B,2420713,2421091.400,2421091400,1001,1901,1935,90,90,FWD,13,7,-1,IDLE,0
C3B93D0B,2420714,2421092.399,2421092399,999,1900,1935,90,90,FWD,13,7,-1,IDLE,0
C3B93D0B,2420715,2421093.829,2421093829,1430,1902,1935,90,90,FWD,45,7,-1,IDLE,0
C3B93D0B,2420716,2421094.399,2421094399,570,1901,1935,90,90,FWD,13,7,-1,IDLE,0
C3B93D0B,2420717,2421095.400,2421095400,1001,1899,1935,90,90,FWD,13,7,-1,IDLE,0
C3B93D0B,2420718,2421096.399,2421096399,999,1901,1935,90,90,FWD,13,7,-1,IDLE,0
C3B93D0B,2420719,2421097.402,2421097402,1003,1899,1935,90,90,FWD,13,7,-1,IDLE,0
C3B93D0B,2420720,2421098.400,2421098400,998,1900,1935,90,90,FWD,13,7,-1,IDLE,0
C3B93D0B,2420721,2421099.400,2421099400,1000,1901,1935,90,90,FWD,13,7,-1,IDLE,0
C3B93D0B,2420722,2421100.399,2421100399,999,1901,1935,90,90,FWD,13,7,-1,IDLE,0
C3B93D0B,2420723,2421101.400,2421101400,1001,1901,1935,90,90,FWD,13,7,-1,IDLE,0
C3B93D0B,2420724,2421102.399,2421102399,999,1900,1935,90,90,FWD,13,7,-1,IDLE,0
C3B93D0B,2420725,2421103.400,2421103400,1001,1901,1935,90,90,FWD,13,7,-1,IDLE,0
C3B93D0B,2420726,2421104.470,2421104470,1070,1903,1935,90,90,FWD,13,7,-1,IDLE,0
C3B93D0B,2420727,2421105.578,2421105578,1108,1891,1935,90,90,FWD,13,7,-1,IDLE,0
C3B93D0B,2420728,2421106.399,2421106399,821,1902,1935,90,90,FWD,13,7,-1,IDLE,0
C3B93D0B,2420729,2421107.400,2421107400,1001,1902,1935,90,90,FWD,13,7,-1,IDLE,0
C3B93D0B,2420730,2421108.400,2421108400,1000,1902,1935,90,90,FWD,13,7,-1,IDLE,0
C3B93D0B,2420731,2421109.400,2421109400,1000,1902,1935,90,90,FWD,13,7,-1,IDLE,0
C3B93D0B,2420732,2421110.399,2421110399,999,1901,1935,90,90,FWD,13,7,-1,IDLE,0
C3B93D0B,2420733,2421111.400,2421111400,1001,1903,1935,90,90,FWD,13,7,-1,IDLE,0
C3B93D0B,2420734,2421112.399,2421112399,999,1899,1935,90,90,FWD,13,7,-1,IDLE,0
C3B93D0B,2420735,2421113.400,2421113400,1001,1902,1935,90,90,FWD,13,7,-1,IDLE,0
C3B93D0B,2420736,2421114.399,2421114399,999,1901,1935,90,90,FWD,13,7,-1,IDLE,0
C3B93D0B,2420737,2421115.400,2421115400,1001,1901,1935,90,90,FWD,13,7,-1,IDLE,0
C3B93D0B,2420738,2421116.399,2421116399,999,1899,1935,90,90,FWD,13,7,-1,IDLE,0
C3B93D0B,2420739,2421117.400,2421117400,1001,1902,1935,90,90,FWD,13,7,-1,IDLE,0
C3B93D0B,2420740,2421118.400,2421118400,1000,1899,1935,90,90,FWD,13,7,-1,IDLE,0
C3B93D0B,2420741,2421119.400,2421119400,1000,1898,1935,90,90,FWD,13,7,-1,IDLE,0
C3B93D0B,2420742,2421120.399,2421120399,999,1902,1935,90,90,FWD,13,7,-1,IDLE,0
C3B93D0B,2420743,2421121.400,2421121400,1001,1899,1935,90,90,FWD,13,7,-1,IDLE,0
C3B93D0B,2420744,2421122.399,2421122399,999,1901,1935,90,90,FWD,13,7,-1,IDLE,0
C3B93D0B,2420745,2421123.400,2421123400,1001,1903,1935,90,90,FWD,13,7,-1,IDLE,0
C3B93D0B,2420746,2421124.399,2421124399,999,1903,1935,90,90,FWD,13,7,-1,IDLE,0
C3B93D0B,2420747,2421125.400,2421125400,1001,1900,1935,90,90,FWD,13,7,-1,IDLE,0
C3B93D0B,2420748,2421126.399,2421126399,999,1901,1935,90,90,FWD,13,7,-1,IDLE,0
C3B93D0B,2420749,2421127.400,2421127400,1001,1901,1935,90,90,FWD,13,7,-1,IDLE,0
C3B93D0B,2420750,2421128.400,2421128400,1000,1902,1935,90,90,FWD,13,7,-1,IDLE,0
C3B93D0B,2420751,2421129.400,2421129400,1000,1900,1935,90,90,FWD,13,7,-1,IDLE,0
C3B93D0B,2420752,2421130.399,2421130399,999,1903,1935,90,90,FWD,13,7,-1,IDLE,0
C3B93D0B,2420753,2421131.400,2421131400,1001,1901,1935,90,90,FWD,13,7,-1,IDLE,0
C3B93D0B,2420754,2421132.399,2421132399,999,1901,1935,90,90,FWD,13,7,-1,IDLE,0
C3B93D0B,2420755,2421133.400,2421133400,1001,1901,1935,90,90,FWD,13,7,-1,IDLE,0
C3B93D0B,2420756,2421134.399,2421134399,999,1902,1935,90,90,FWD,13,7,-1,IDLE,0
C3B93D0B,2420757,2421135.400,2421135400,1001,1903,1935,90,90,FWD,13,7,-1,IDLE,0
C3B93D0B,2420758,2421136.399,2421136399,999,1902,1935,90,90,FWD,13,7,-1,IDLE,0
C3B93D0B,2420759,2421137.400,2421137400,1001,1901,1935,90,90,FWD,13,7,-1,IDLE,0
C3B93D0B,2420760,2421138.400,2421138400,1000,1901,1935,90,90,FWD,13,7,-1,IDLE,0
C3B93D0B,2420761,2421139.400,2421139400,1000,1903,1935,90,90,FWD,13,7,-1,IDLE,0
C3B93D0B,2420762,2421140.399,2421140399,999,1900,1935,90,90,FWD,13,7,-1,IDLE,0
C3B93D0B,2420763,2421141.400,2421141400,1001,1901,1935,90,90,FWD,13,7,-1,IDLE,0
C3B93D0B,2420764,2421142.399,2421142399,999,1901,1935,90,90,FWD,13,7,-1,IDLE,0
C3B93D0B,2420765,2421143.400,2421143400,1001,1901,1935,90,90,FWD,13,7,-1,IDLE,0
C3B93D0B,2420766,2421144.399,2421144399,999,1901,1935,90,90,FWD,13,7,-1,IDLE,0
C3B93D0B,2420767,2421145.400,2421145400,1001,1901,1935,90,90,FWD,13,7,-1,IDLE,0
C3B93D0B,2420768,2421146.544,2421146544,1144,1900,1935,90,90,FWD,13,7,-1,IDLE,0
C3B93D0B,2420769,2421147.400,2421147400,856,1901,1935,90,90,FWD,13,7,-1,IDLE,0
C3B93D0B,2420770,2421148.400,2421148400,1000,1900,1935,90,90,FWD,13,7,-1,IDLE,0
C3B93D0B,2420771,2421149.400,2421149400,1000,1900,1935,90,90,FWD,13,7,-1,IDLE,0
C3B93D0B,2420772,2421150.399,2421150399,999,1901,1935,90,90,FWD,13,7,-1,IDLE,0
C3B93D0B,2420773,2421151.400,2421151400,1001,1901,1935,90,90,FWD,13,7,-1,IDLE,0
C3B93D0B,2420774,2421152.399,2421152399,999,1901,1935,90,90,FWD,13,7,-1,IDLE,0
C3B93D0B,2420775,2421153.400,2421153400,1001,1902,1935,90,90,FWD,13,7,-1,IDLE,0
C3B93D0B,2420776,2421154.399,2421154399,999,1900,1935,90,90,FWD,13,7,-1,IDLE,0
C3B93D0B,2420777,2421155.400,2421155400,1001,1903,1935,90,90,FWD,13,7,-1,IDLE,0
C3B93D0B,2420778,2421156.482,2421156482,1082,1900,1935,90,90,FWD,13,7,-1,IDLE,0
C3B93D0B,2420779,2421157.400,2421157400,918,1898,1935,90,90,FWD,13,7,-1,IDLE,0
C3B93D0B,2420780,2421158.400,2421158400,1000,1901,1935,90,90,FWD,13,7,-1,IDLE,0
C3B93D0B,2420781,2421159.400,2421159400,1000,1902,1935,90,90,FWD,13,7,-1,IDLE,0
C3B93D0B,2420782,2421160.399,2421160399,999,1902,1935,90,90,FWD,13,7,-1,IDLE,0
C3B93D0B,2420783,2421161.400,2421161400,1001,1901,1935,90,90,FWD,13,7,-1,IDLE,0
C3B93D0B,2420784,2421162.399,2421162399,999,1902,1935,90,90,FWD,13,7,-1,IDLE,0
C3B93D0B,2420785,2421163.400,2421163400,1001,1902,1935,90,90,FWD,13,7,-1,IDLE,0
C3B93D0B,2420786,2421164.399,2421164399,999,1901,1935,90,90,FWD,13,7,-1,IDLE,0
C3B93D0B,2420787,2421165.401,2421165401,1002,1910,1935,90,90,FWD,13,7,-1,IDLE,0
C3B93D0B,2420788,2421166.399,2421166399,998,1911,1935,90,90,FWD,13,7,-1,IDLE,0
C3B93D0B,2420789,2421167.400,2421167400,1001,1911,1935,90,90,FWD,13,7,-1,IDLE,0
C3B93D0B,2420790,2421168.400,2421168400,1000,1909,1935,90,90,FWD,13,7,-1,IDLE,0
C3B93D0B,2420791,2421169.400,2421169400,1000,1909,1935,90,90,FWD,13,7,-1,IDLE,0
C3B93D0B,2420792,2421170.399,2421170399,999,1910,1935,90,90,FWD,13,7,-1,IDLE,0
C3B93D0B,2420793,2421171.400,2421171400,1001,1899,1935,90,90,FWD,13,7,-1,IDLE,0
C3B93D0B,2420794,2421172.399,2421172399,999,1901,1935,90,90,FWD,13,7,-1,IDLE,0
C3B93D0B,2420795,2421173.400,2421173400,1001,1902,1935,90,90,FWD,13,7,-1,IDLE,0
C3B93D0B,2420796,2421174.399,2421174399,999,1901,1935,90,90,FWD,13,7,-1,IDLE,0
C3B93D0B,2420797,2421175.400,2421175400,1001,1901,1935,90,90,FWD,13,7,-1,IDLE,0
C3B93D0B,2420798,2421176.553,2421176553,1153,1910,1935,90,90,FWD,13,7,-1,IDLE,0
C3B93D0B,2420799,2421177.400,2421177400,847,1909,1935,90,90,FWD,13,7,-1,IDLE,0
C3B93D0B,2420800,2421178.400,2421178400,1000,1909,1935,90,90,FWD,13,7,-1,IDLE,0
C3B93D0B,2420801,2421180.168,2421180168,1768,1895,1935,90,90,FWD,45,7,-1,IDLE,0
C3B93D0B,2420802,2421180.743,2421180743,575,1898,1935,90,90,FWD,13,7,-1,IDLE,0
C3B93D0B,2420803,2421181.400,2421181400,657,1898,1935,90,90,FWD,13,7,-1,IDLE,0
C3B93D0B,2420804,2421182.399,2421182399,999,1899,1935,90,90,FWD,13,7,-1,IDLE,0
C3B93D0B,2420805,2421183.400,2421183400,1001,1901,1935,90,90,FWD,13,7,-1,IDLE,0
C3B93D0B,2420806,2421184.399,2421184399,999,1901,1935,90,90,FWD,13,7,-1,IDLE,0
C3B93D0B,2420807,2421185.400,2421185400,1001,1901,1935,90,90,FWD,13,7,-1,IDLE,0
C3B93D0B,2420808,2421186.399,2421186399,999,1901,1935,90,90,FWD,13,7,-1,IDLE,0
C3B93D0B,2420809,2421187.400,2421187400,1001,1899,1935,90,90,FWD,13,7,-1,IDLE,0
C3B93D0B,2420810,2421188.400,2421188400,1000,1901,1935,90,90,FWD,13,7,-1,IDLE,0
C3B93D0B,2420811,2421189.400,2421189400,1000,1899,1935,90,90,FWD,13,7,-1,IDLE,0
C3B93D0B,2420812,2421190.399,2421190399,999,1901,1935,90,90,FWD,13,7,-1,IDLE,0
C3B93D0B,2420813,2421191.400,2421191400,1001,1901,1935,90,90,FWD,13,7,-1,IDLE,0
C3B93D0B,2420814,2421192.399,2421192399,999,1900,1935,90,90,FWD,13,7,-1,IDLE,0
C3B93D0B,2420815,2421193.400,2421193400,1001,1902,1935,90,90,FWD,13,7,-1,IDLE,0
C3B93D0B,2420816,2421194.399,2421194399,999,1901,1935,90,90,FWD,13,7,-1,IDLE,0
C3B93D0B,2420817,2421195.400,2421195400,1001,1898,1935,90,90,FWD,13,7,-1,IDLE,0
C3B93D0B,2420818,2421196.399,2421196399,999,1902,1935,90,90,FWD,13,7,-1,IDLE,0
C3B93D0B,2420819,2421197.400,2421197400,1001,1899,1935,90,90,FWD,13,7,-1,IDLE,0
C3B93D0B,2420820,2421198.400,2421198400,1000,1902,1935,90,90,FWD,13,7,-1,IDLE,0
C3B93D0B,2420821,2421199.400,2421199400,1000,1901,1935,90,90,FWD,13,7,-1,IDLE,0
C3B93D0B,2420822,2421200.399,2421200399,999,1901,1935,90,90,FWD,13,7,-1,IDLE,0
C3B93D0B,2420823,2421201.400,2421201400,1001,1899,1935,90,90,FWD,13,7,-1,IDLE,0
C3B93D0B,2420824,2421202.399,2421202399,999,1901,1935,90,90,FWD,13,7,-1,IDLE,0
C3B93D0B,2420825,2421203.400,2421203400,1001,1902,1935,90,90,FWD,13,7,-1,IDLE,0
C3B93D0B,2420826,2421204.399,2421204399,999,1901,1935,90,90,FWD,13,7,-1,IDLE,0
C3B93D0B,2420827,2421205.400,2421205400,1001,1902,1935,90,90,FWD,13,7,-1,IDLE,0
C3B93D0B,2420828,2421206.399,2421206399,999,1900,1935,90,90,FWD,13,7,-1,IDLE,0
C3B93D0B,2420829,2421207.400,2421207400,1001,1903,1935,90,90,FWD,13,7,-1,IDLE,0
C3B93D0B,2420830,2421208.400,2421208400,1000,1901,1935,90,90,FWD,13,7,-1,IDLE,0
C3B93D0B,2420831,2421209.400,2421209400,1000,1899,1935,90,90,FWD,13,7,-1,IDLE,0
C3B93D0B,2420832,2421210.399,2421210399,999,1901,1935,90,90,FWD,13,7,-1,IDLE,0
C3B93D0B,2420833,2421211.400,2421211400,1001,1902,1935,90,90,FWD,13,7,-1,IDLE,0
C3B93D0B,2420834,2421212.399,2421212399,999,1904,1935,90,90,FWD,13,7,-1,IDLE,0
C3B93D0B,2420835,2421213.400,2421213400,1001,1901,1935,90,90,FWD,13,7,-1,IDLE,0
C3B93D0B,2420836,2421214.399,2421214399,999,1902,1935,90,90,FWD,13,7,-1,IDLE,0
C3B93D0B,2420837,2421215.400,2421215400,1001,1900,1935,90,90,FWD,13,7,-1,IDLE,0
C3B93D0B,2420838,2421216.399,2421216399,999,1902,1935,90,90,FWD,13,7,-1,IDLE,0
C3B93D0B,2420839,2421217.400,2421217400,1001,1900,1935,90,90,FWD,13,7,-1,IDLE,0
C3B93D0B,2420840,2421218.400,2421218400,1000,1902,1935,90,90,FWD,13,7,-1,IDLE,0
C3B93D0B,2420841,2421219.400,2421219400,1000,1903,1935,90,90,FWD,13,7,-1,IDLE,0
C3B93D0B,2420842,2421220.399,2421220399,999,1903,1935,90,90,FWD,13,7,-1,IDLE,0
C3B93D0B,2420843,2421221.400,2421221400,1001,1901,1935,90,90,FWD,13,7,-1,IDLE,0
C3B93D0B,2420844,2421222.399,2421222399,999,1901,1935,90,90,FWD,13,7,-1,IDLE,0
C3B93D0B,2420845,2421223.400,2421223400,1001,1901,1935,90,90,FWD,13,7,-1,IDLE,0
C3B93D0B,2420846,2421224.399,2421224399,999,1904,1935,90,90,FWD,13,7,-1,IDLE,0
C3B93D0B,2420847,2421225.400,2421225400,1001,1899,1935,90,90,FWD,13,7,-1,IDLE,0
C3B93D0B,2420848,2421226.399,2421226399,999,1900,1935,90,90,FWD,13,7,-1,IDLE,0
C3B93D0B,2420849,2421227.400,2421227400,1001,1903,1935,90,90,FWD,13,7,-1,IDLE,0
C3B93D0B,2420850,2421228.400,2421228400,1000,1901,1935,90,90,FWD,13,7,-1,IDLE,0
C3B93D0B,2420851,2421229.400,2421229400,1000,1901,1935,90,90,FWD,13,7,-1,IDLE,0
C3B93D0B,2420852,2421230.399,2421230399,999,1902,1935,90,90,FWD,13,7,-1,IDLE,0
C3B93D0B,2420853,2421231.403,2421231403,1004,1901,1935,90,90,FWD,13,7,-1,IDLE,0
C3B93D0B,2420854,2421232.399,2421232399,996,1903,1935,90,90,FWD,13,7,-1,IDLE,0
C3B93D0B,2420855,2421233.400,2421233400,1001,1898,1935,90,90,FWD,13,7,-1,IDLE,0
C3B93D0B,2420856,2421234.399,2421234399,999,1901,1935,90,90,FWD,13,7,-1,IDLE,0
C3B93D0B,2420857,2421235.400,2421235400,1001,1901,1935,90,90,FWD,13,7,-1,IDLE,0
C3B93D0B,2420858,2421236.672,2421236672,1272,1911,1935,90,90,FWD,45,7,-1,IDLE,0
C3B93D0B,2420859,2421237.400,2421237400,728,1907,1935,90,90,FWD,13,7,-1,IDLE,0
C3B93D0B,2420860,2421238.400,2421238400,1000,1909,1935,90,90,FWD,13,7,-1,IDLE,0
C3B93D0B,2420861,2421239.400,2421239400,1000,1909,1935,90,90,FWD,13,7,-1,IDLE,0
C3B93D0B,2420862,2421240.399,2421240399,999,1909,1935,90,90,FWD,13,7,-1,IDLE,0
C3B93D0B,2420863,2421241.400,2421241400,1001,1909,1935,90,90,FWD,13,7,-1,IDLE,0
C3B93D0B,2420864,2421242.399,2421242399,999,1910,1935,90,90,FWD,13,7,-1,IDLE,0
C3B93D0B,2420865,2421243.400,2421243400,1001,1907,1935,90,90,FWD,13,7,-1,IDLE,0
C3B93D0B,2420866,2421244.399,2421244399,999,1910,1935,90,90,FWD,13,7,-1,IDLE,0
C3B93D0B,2420867,2421245.400,2421245400,1001,1909,1935,90,90,FWD,13,7,-1,IDLE,0
C3B93D0B,2420868,2421246.399,2421246399,999,1910,1935,90,90,FWD,13,7,-1,IDLE,0
C3B93D0B,2420869,2421247.400,2421247400,1001,1907,1935,90,90,FWD,13,7,-1,IDLE,0
C3B93D0B,2420870,2421248.400,2421248400,1000,1908,1935,90,90,FWD,13,7,-1,IDLE,0
C3B93D0B,2420871,2421249.400,2421249400,1000,1908,1935,90,90,FWD,13,7,-1,IDLE,0
C3B93D0B,2420872,2421250.399,2421250399,999,1907,1935,90,90,FWD,13,7,-1,IDLE,0
C3B93D0B,2420873,2421251.400,2421251400,1001,1906,1935,90,90,FWD,13,7,-1,IDLE,0
C3B93D0B,2420874,2421252.399,2421252399,999,1908,1935,90,90,FWD,13,7,-1,IDLE,0
C3B93D0B,2420875,2421253.400,2421253400,1001,1907,1935,90,90,FWD,13,7,-1,IDLE,0
C3B93D0B,2420876,2421254.399,2421254399,999,1908,1935,90,90,FWD,13,7,-1,IDLE,0
C3B93D0B,2420877,2421255.400,2421255400,1001,1909,1935,90,90,FWD,13,7,-1,IDLE,0
C3B93D0B,2420878,2421256.399,2421256399,999,1908,1935,90,90,FWD,13,7,-1,IDLE,0
C3B93D0B,2420879,2421257.400,2421257400,1001,1907,1935,90,90,FWD,13,7,-1,IDLE,0
C3B93D0B,2420880,2421258.400,2421258400,1000,1907,1935,90,90,FWD,13,7,-1,IDLE,0
C3B93D0B,2420881,2421259.400,2421259400,1000,1909,1935,90,90,FWD,13,7,-1,IDLE,0
C3B93D0B,2420882,2421260.399,2421260399,999,1906,1935,90,90,FWD,13,7,-1,IDLE,0
C3B93D0B,2420883,2421261.400,2421261400,1001,1907,1935,90,90,FWD,13,7,-1,IDLE,0
C3B93D0B,2420884,2421262.399,2421262399,999,1908,1935,90,90,FWD,13,7,-1,IDLE,0
C3B93D0B,2420885,2421263.400,2421263400,1001,1910,1935,90,90,FWD,13,7,-1,IDLE,0
C3B93D0B,2420886,2421264.399,2421264399,999,1907,1935,90,90,FWD,13,7,-1,IDLE,0
C3B93D0B,2420887,2421265.400,2421265400,1001,1907,1935,90,90,FWD,13,7,-1,IDLE,0
C3B93D0B,2420888,2421266.399,2421266399,999,1908,1935,90,90,FWD,13,7,-1,IDLE,0
C3B93D0B,2420889,2421267.400,2421267400,1001,1907,1935,90,90,FWD,13,7,-1,IDLE,0
C3B93D0B,2420890,2421268.400,2421268400,1000,1908,1935,90,90,FWD,13,7,-1,IDLE,0
C3B93D0B,2420891,2421269.402,2421269402,1002,1906,1935,90,90,FWD,13,7,-1,IDLE,0
C3B93D0B,2420892,2421270.697,2421270697,1295,1899,1935,90,90,FWD,45,7,-1,IDLE,0
C3B93D0B,2420893,2421271.402,2421271402,705,1898,1935,90,90,FWD,13,7,-1,IDLE,0
C3B93D0B,2420894,2421272.401,2421272401,999,1901,1935,90,90,FWD,13,7,-1,IDLE,0
C3B93D0B,2420895,2421273.400,2421273400,999,1901,1935,90,90,FWD,13,7,-1,IDLE,0
C3B93D0B,2420896,2421274.402,2421274402,1002,1901,1935,90,90,FWD,13,7,-1,IDLE,0
C3B93D0B,2420897,2421276.594,2421276594,2192,1899,1935,90,90,FWD,45,7,-1,IDLE,0
C3B93D0B,2420898,2421276.921,2421276921,327,1901,1935,90,90,FWD,13,7,-1,IDLE,0
C3B93D0B,2420899,2421277.400,2421277400,479,1901,1935,90,90,FWD,13,7,-1,IDLE,0
C3B93D0B,2420900,2421278.786,2421278786,1386,1901,1935,90,90,FWD,45,7,-1,IDLE,0
C3B93D0B,2420901,2421279.400,2421279400,614,1901,1935,90,90,FWD,13,7,-1,IDLE,0
C3B93D0B,2420902,2421280.399,2421280399,999,1903,1935,90,90,FWD,13,7,-1,IDLE,0
C3B93D0B,2420903,2421281.400,2421281400,1001,1903,1935,90,90,FWD,13,7,-1,IDLE,0
C3B93D0B,2420904,2421282.400,2421282400,1000,1901,1935,90,90,FWD,13,7,-1,IDLE,0
C3B93D0B,2420905,2421283.606,2421283606,1206,1902,1935,90,90,FWD,13,7,-1,IDLE,0
C3B93D0B,2420906,2421284.399,2421284399,793,1901,1935,90,90,FWD,13,7,-1,IDLE,0
C3B93D0B,2420907,2421285.400,2421285400,1001,1901,1935,90,90,FWD,13,7,-1,IDLE,0
C3B93D0B,2420908,2421286.399,2421286399,999,1899,1935,90,90,FWD,13,7,-1,IDLE,0
C3B93D0B,2420909,2421288.656,2421288656,2257,1901,1935,90,90,FWD,45,7,-1,IDLE,0
C3B93D0B,2420910,2421288.936,2421288936,280,1899,1935,90,90,FWD,13,7,-1,IDLE,0
C3B93D0B,2420911,2421289.400,2421289400,464,1899,1935,90,90,FWD,13,7,-1,IDLE,0
C3B93D0B,2420912,2421290.399,2421290399,999,1901,1935,90,90,FWD,13,7,-1,IDLE,0
C3B93D0B,2420913,2421291.400,2421291400,1001,1901,1935,90,90,FWD,13,7,-1,IDLE,0
C3B93D0B,2420914,2421292.399,2421292399,999,1899,1935,90,90,FWD,13,7,-1,IDLE,0
C3B93D0B,2420915,2421293.401,2421293401,1002,1901,1935,90,90,FWD,13,7,-1,IDLE,0
C3B93D0B,2420916,2421294.399,2421294399,998,1903,1935,90,90,FWD,13,7,-1,IDLE,0
C3B93D0B,2420917,2421295.400,2421295400,1001,1901,1935,90,90,FWD,13,7,-1,IDLE,0
C3B93D0B,2420918,2421296.399,2421296399,999,1903,1935,90,90,FWD,13,7,-1,IDLE,0
C3B93D0B,2420919,2421297.400,2421297400,1001,1899,1935,90,90,FWD,13,7,-1,IDLE,0
C3B93D0B,2420920,2421298.399,2421298399,999,1900,1935,90,90,FWD,13,7,-1,IDLE,0
C3B93D0B,2420921,2421299.400,2421299400,1001,1901,1935,90,90,FWD,13,7,-1,IDLE,0
C3B93D0B,2420922,2421300.399,2421300399,999,1901,1935,90,90,FWD,13,7,-1,IDLE,0
C3B93D0B,2420923,2421301.400,2421301400,1001,1899,1935,90,90,FWD,13,7,-1,IDLE,0
C3B93D0B,2420924,2421302.399,2421302399,999,1899,1935,90,90,FWD,13,7,-1,IDLE,0
C3B93D0B,2420925,2421303.401,2421303401,1002,1899,1935,90,90,FWD,13,7,-1,IDLE,0
C3B93D0B,2420926,2421304.400,2421304400,999,1899,1935,90,90,FWD,13,7,-1,IDLE,0
C3B93D0B,2420927,2421305.400,2421305400,1000,1903,1935,90,90,FWD,13,7,-1,IDLE,0
C3B93D0B,2420928,2421306.399,2421306399,999,1901,1935,90,90,FWD,13,7,-1,IDLE,0
C3B93D0B,2420929,2421307.400,2421307400,1001,1901,1935,90,90,FWD,13,7,-1,IDLE,0
C3B93D0B,2420930,2421308.399,2421308399,999,1900,1935,90,90,FWD,13,7,-1,IDLE,0
C3B93D0B,2420931,2421309.400,2421309400,1001,1899,1935,90,90,FWD,13,7,-1,IDLE,0
C3B93D0B,2420932,2421310.399,2421310399,999,1901,1935,90,90,FWD,13,7,-1,IDLE,0
C3B93D0B,2420933,2421311.400,2421311400,1001,1899,1935,90,90,FWD,13,7,-1,IDLE,0
C3B93D0B,2420934,2421312.399,2421312399,999,1901,1935,90,90,FWD,13,7,-1,IDLE,0
C3B93D0B,2420935,2421313.401,2421313401,1002,1901,1935,90,90,FWD,13,7,-1,IDLE,0
C3B93D0B,2420936,2421314.399,2421314399,998,1901,1935,90,90,FWD,13,7,-1,IDLE,0
C3B93D0B,2420937,2421315.400,2421315400,1001,1899,1935,90,90,FWD,13,7,-1,IDLE,0
C3B93D0B,2420938,2421316.399,2421316399,999,1903,1935,90,90,FWD,13,7,-1,IDLE,0
C3B93D0B,2420939,2421317.400,2421317400,1001,1901,1935,90,90,FWD,13,7,-1,IDLE,0
C3B93D0B,2420940,2421318.399,2421318399,999,1901,1935,90,90,FWD,13,7,-1,IDLE,0
C3B93D0B,2420941,2421319.400,2421319400,1001,1898,1935,90,90,FWD,13,7,-1,IDLE,0
C3B93D0B,2420942,2421320.399,2421320399,999,1902,1935,90,90,FWD,13,7,-1,IDLE,0
C3B93D0B,2420943,2421321.400,2421321400,1001,1901,1935,90,90,FWD,13,7,-1,IDLE,0
C3B93D0B,2420944,2421322.399,2421322399,999,1901,1935,90,90,FWD,13,7,-1,IDLE,0
C3B93D0B,2420945,2421323.401,2421323401,1002,1901,1935,90,90,FWD,13,7,-1,IDLE,0
C3B93D0B,2420946,2421324.399,2421324399,998,1901,1935,90,90,FWD,13,7,-1,IDLE,0
C3B93D0B,2420947,2421325.400,2421325400,1001,1899,1935,90,90,FWD,13,7,-1,IDLE,0
C3B93D0B,2420948,2421326.399,2421326399,999,1902,1935,90,90,FWD,13,7,-1,IDLE,0
C3B93D0B,2420949,2421327.400,2421327400,1001,1901,1935,90,90,FWD,13,7,-1,IDLE,0
C3B93D0B,2420950,2421328.399,2421328399,999,1902,1935,90,90,FWD,13,7,-1,IDLE,0
C3B93D0B,2420951,2421329.400,2421329400,1001,1899,1935,90,90,FWD,13,7,-1,IDLE,0
C3B93D0B,2420952,2421330.399,2421330399,999,1902,1935,90,90,FWD,13,7,-1,IDLE,0
C3B93D0B,2420953,2421331.400,2421331400,1001,1901,1935,90,90,FWD,13,7,-1,IDLE,0
C3B93D0B,2420954,2421332.399,2421332399,999,1903,1935,90,90,FWD,13,7,-1,IDLE,0
C3B93D0B,2420955,2421333.401,2421333401,1002,1903,1935,90,90,FWD,13,7,-1,IDLE,0
C3B93D0B,2420956,2421334.399,2421334399,998,1901,1935,90,90,FWD,13,7,-1,IDLE,0
C3B93D0B,2420957,2421335.400,2421335400,1001,1901,1935,90,90,FWD,13,7,-1,IDLE,0
C3B93D0B,2420958,2421336.399,2421336399,999,1902,1935,90,90,FWD,13,7,-1,IDLE,0
C3B93D0B,2420959,2421337.400,2421337400,1001,1903,1935,90,90,FWD,13,7,-1,IDLE,0
C3B93D0B,2420960,2421338.670,2421338670,1270,1899,1935,90,90,FWD,45,7,-1,IDLE,0
C3B93D0B,2420961,2421339.400,2421339400,730,1899,1935,90,90,FWD,13,7,-1,IDLE,0
C3B93D0B,2420962,2421340.399,2421340399,999,1900,1935,90,90,FWD,13,7,-1,IDLE,0
C3B93D0B,2420963,2421341.400,2421341400,1001,1902,1935,90,90,FWD,13,7,-1,IDLE,0
C3B93D0B,2420964,2421342.399,2421342399,999,1901,1935,90,90,FWD,13,7,-1,IDLE,0
C3B93D0B,2420965,2421343.401,2421343401,1002,1900,1935,90,90,FWD,13,7,-1,IDLE,0
C3B93D0B,2420966,2421344.402,2421344402,1001,1910,1935,90,90,FWD,13,7,-1,IDLE,0
C3B93D0B,2420967,2421345.400,2421345400,998,1910,1935,90,90,FWD,13,7,-1,IDLE,0
C3B93D0B,2420968,2421346.399,2421346399,999,1913,1935,90,90,FWD,13,7,-1,IDLE,0
C3B93D0B,2420969,2421347.400,2421347400,1001,1909,1935,90,90,FWD,13,7,-1,IDLE,0
C3B93D0B,2420970,2421348.399,2421348399,999,1910,1935,90,90,FWD,13,7,-1,IDLE,0
C3B93D0B,2420971,2421349.400,2421349400,1001,1909,1935,90,90,FWD,13,7,-1,IDLE,0
C3B93D0B,2420972,2421350.399,2421350399,999,1908,1935,90,90,FWD,13,7,-1,IDLE,0
C3B93D0B,2420973,2421351.400,2421351400,1001,1909,1935,90,90,FWD,13,7,-1,IDLE,0
C3B93D0B,2420974,2421352.399,2421352399,999,1908,1935,90,90,FWD,13,7,-1,IDLE,0
C3B93D0B,2420975,2421353.401,2421353401,1002,1908,1935,90,90,FWD,13,7,-1,IDLE,0
C3B93D0B,2420976,2421354.399,2421354399,998,1908,1935,90,90,FWD,13,7,-1,IDLE,0
C3B93D0B,2420977,2421355.400,2421355400,1001,1907,1935,90,90,FWD,13,7,-1,IDLE,0
C3B93D0B,2420978,2421356.399,2421356399,999,1909,1935,90,90,FWD,13,7,-1,IDLE,0
C3B93D0B,2420979,2421357.400,2421357400,1001,1910,1935,90,90,FWD,13,7,-1,IDLE,0
C3B93D0B,2420980,2421358.399,2421358399,999,1908,1935,90,90,FWD,13,7,-1,IDLE,0
C3B93D0B,2420981,2421359.400,2421359400,1001,1907,1935,90,90,FWD,13,7,-1,IDLE,0
C3B93D0B,2420982,2421360.399,2421360399,999,1908,1935,90,90,FWD,13,7,-1,IDLE,0
C3B93D0B,2420983,2421361.400,2421361400,1001,1907,1935,90,90,FWD,13,7,-1,IDLE,0
C3B93D0B,2420984,2421362.399,2421362399,999,1910,1935,90,90,FWD,13,7,-1,IDLE,0
C3B93D0B,2420985,2421363.401,2421363401,1002,1908,1935,90,90,FWD,13,7,-1,IDLE,0
C3B93D0B,2420986,2421364.399,2421364399,998,1907,1935,90,90,FWD,13,7,-1,IDLE,0
C3B93D0B,2420987,2421365.400,2421365400,1001,1909,1935,90,90,FWD,13,7,-1,IDLE,0
C3B93D0B,2420988,2421366.399,2421366399,999,1906,1935,90,90,FWD,13,7,-1,IDLE,0
C3B93D0B,2420989,2421367.400,2421367400,1001,1907,1935,90,90,FWD,13,7,-1,IDLE,0
C3B93D0B,2420990,2421368.399,2421368399,999,1907,1935,90,90,FWD,13,7,-1,IDLE,0
C3B93D0B,2420991,2421369.400,2421369400,1001,1907,1935,90,90,FWD,13,7,-1,IDLE,0
C3B93D0B,2420992,2421370.399,2421370399,999,1907,1935,90,90,FWD,13,7,-1,IDLE,0
C3B93D0B,2420993,2421371.400,2421371400,1001,1910,1935,90,90,FWD,13,7,-1,IDLE,0
C3B93D0B,2420994,2421372.399,2421372399,999,1907,1935,90,90,FWD,13,7,-1,IDLE,0
C3B93D0B,2420995,2421373.401,2421373401,1002,1908,1935,90,90,FWD,13,7,-1,IDLE,0
C3B93D0B,2420996,2421374.400,2421374400,999,1908,1935,90,90,FWD,13,7,-1,IDLE,0
C3B93D0B,2420997,2421376.059,2421376059,1659,1901,1935,90,90,FWD,45,7,-1,IDLE,0
C3B93D0B,2420998,2421376.399,2421376399,340,1899,1935,90,90,FWD,13,7,-1,IDLE,0
C3B93D0B,2420999,2421377.400,2421377400,1001,1897,1935,90,90,FWD,13,7,-1,IDLE,0
C3B93D0B,2421000,2421378.508,2421378508,1108,1896,1935,90,90,FWD,13,7,-1,IDLE,0
C3B93D0B,2421001,2421379.661,2421379661,1153,1901,1935,90,90,FWD,13,7,-1,IDLE,0
C3B93D0B,2421002,2421380.399,2421380399,738,1906,1935,90,90,FWD,13,7,-1,IDLE,0
C3B93D0B,2421003,2421381.550,2421381550,1151,1909,1935,90,90,FWD,13,7,-1,IDLE,0
C3B93D0B,2421004,2421382.399,2421382399,849,1908,1935,90,90,FWD,13,7,-1,IDLE,0
C3B93D0B,2421005,2421383.401,2421383401,1002,1907,1935,90,90,FWD,13,7,-1,IDLE,0
C3B93D0B,2421006,2421385.200,2421385200,1799,1895,1935,90,90,FWD,45,7,-1,IDLE,0
C3B93D0B,2421007,2421385.515,2421385515,315,1897,1935,90,90,FWD,13,7,-1,IDLE,0
C3B93D0B,2421008,2421386.400,2421386400,885,1899,1935,90,90,FWD,13,7,-1,IDLE,0
C3B93D0B,2421009,2421387.399,2421387399,999,1901,1935,90,90,FWD,13,7,-1,IDLE,0
C3B93D0B,2421010,2421388.400,2421388400,1001,1899,1935,90,90,FWD,13,7,-1,IDLE,0
C3B93D0B,2421011,2421389.399,2421389399,999,1900,1935,90,90,FWD,13,7,-1,IDLE,0
C3B93D0B,2421012,2421390.400,2421390400,1001,1899,1935,90,90,FWD,13,7,-1,IDLE,0
C3B93D0B,2421013,2421391.399,2421391399,999,1899,1935,90,90,FWD,13,7,-1,IDLE,0
C3B93D0B,2421014,2421392.400,2421392400,1001,1901,1935,90,90,FWD,13,7,-1,IDLE,0
C3B93D0B,2421015,2421393.400,2421393400,1000,1899,1935,90,90,FWD,13,7,-1,IDLE,0
C3B93D0B,2421016,2421394.400,2421394400,1000,1900,1935,90,90,FWD,13,7,-1,IDLE,0
C3B93D0B,2421017,2421395.399,2421395399,999,1901,1935,90,90,FWD,13,7,-1,IDLE,0
C3B93D0B,2421018,2421396.596,2421396596,1197,1902,1935,90,90,FWD,13,7,-1,IDLE,0
C3B93D0B,2421019,2421397.399,2421397399,803,1900,1935,90,90,FWD,13,7,-1,IDLE,0
C3B93D0B,2421020,2421398.400,2421398400,1001,1903,1935,90,90,FWD,13,7,-1,IDLE,0
C3B93D0B,2421021,2421399.399,2421399399,999,1899,1935,90,90,FWD,13,7,-1,IDLE,0
C3B93D0B,2421022,2421400.400,2421400400,1001,1899,1935,90,90,FWD,13,7,-1,IDLE,0
C3B93D0B,2421023,2421401.399,2421401399,999,1899,1935,90,90,FWD,13,7,-1,IDLE,0
C3B93D0B,2421024,2421402.400,2421402400,1001,1903,1935,90,90,FWD,13,7,-1,IDLE,0
C3B93D0B,2421025,2421403.400,2421403400,1000,1900,1935,90,90,FWD,13,7,-1,IDLE,0
C3B93D0B,2421026,2421404.400,2421404400,1000,1901,1935,90,90,FWD,13,7,-1,IDLE,0
C3B93D0B,2421027,2421405.399,2421405399,999,1900,1935,90,90,FWD,13,7,-1,IDLE,0
C3B93D0B,2421028,2421406.400,2421406400,1001,1903,1935,90,90,FWD,13,7,-1,IDLE,0
C3B93D0B,2421029,2421407.399,2421407399,999,1901,1935,90,90,FWD,13,7,-1,IDLE,0
C3B93D0B,2421030,2421408.400,2421408400,1001,1898,1935,90,90,FWD,13,7,-1,IDLE,0
C3B93D0B,2421031,2421409.399,2421409399,999,1901,1935,90,90,FWD,13,7,-1,IDLE,0
C3B93D0B,2421032,2421410.400,2421410400,1001,1901,1935,90,90,FWD,13,7,-1,IDLE,0
C3B93D0B,2421033,2421411.399,2421411399,999,1899,1935,90,90,FWD,13,7,-1,IDLE,0
C3B93D0B,2421034,2421412.400,2421412400,1001,1899,1935,90,90,FWD,13,7,-1,IDLE,0
C3B93D0B,2421035,2421413.400,2421413400,1000,1899,1935,90,90,FWD,13,7,-1,IDLE,0
C3B93D0B,2421036,2421414.400,2421414400,1000,1902,1935,90,90,FWD,13,7,-1,IDLE,0
C3B93D0B,2421037,2421415.399,2421415399,999,1900,1935,90,90,FWD,13,7,-1,IDLE,0
C3B93D0B,2421038,2421416.400,2421416400,1001,1900,1935,90,90,FWD,13,7,-1,IDLE,0
C3B93D0B,2421039,2421417.399,2421417399,999,1901,1935,90,90,FWD,13,7,-1,IDLE,0
C3B93D0B,2421040,2421418.400,2421418400,1001,1899,1935,90,90,FWD,13,7,-1,IDLE,0
C3B93D0B,2421041,2421419.399,2421419399,999,1901,1935,90,90,FWD,13,7,-1,IDLE,0
C3B93D0B,2421042,2421420.400,2421420400,1001,1900,1935,90,90,FWD,13,7,-1,IDLE,0
C3B93D0B,2421043,2421421.399,2421421399,999,1902,1935,90,90,FWD,13,7,-1,IDLE,0
C3B93D0B,2421044,2421422.400,2421422400,1001,1901,1935,90,90,FWD,13,7,-1,IDLE,0
C3B93D0B,2421045,2421423.400,2421423400,1000,1899,1935,90,90,FWD,13,7,-1,IDLE,0
C3B93D0B,2421046,2421424.400,2421424400,1000,1901,1935,90,90,FWD,13,7,-1,IDLE,0
C3B93D0B,2421047,2421425.399,2421425399,999,1902,1935,90,90,FWD,13,7,-1,IDLE,0
C3B93D0B,2421048,2421426.400,2421426400,1001,1900,1935,90,90,FWD,13,7,-1,IDLE,0
C3B93D0B,2421049,2421427.399,2421427399,999,1903,1935,90,90,FWD,13,7,-1,IDLE,0
C3B93D0B,2421050,2421428.400,2421428400,1001,1899,1935,90,90,FWD,13,7,-1,IDLE,0
C3B93D0B,2421051,2421429.399,2421429399,999,1899,1935,90,90,FWD,13,7,-1,IDLE,0
C3B93D0B,2421052,2421430.400,2421430400,1001,1901,1935,90,90,FWD,13,7,-1,IDLE,0
C3B93D0B,2421053,2421431.399,2421431399,999,1900,1935,90,90,FWD,13,7,-1,IDLE,0
C3B93D0B,2421054,2421432.400,2421432400,1001,1899,1935,90,90,FWD,13,7,-1,IDLE,0
C3B93D0B,2421055,2421433.400,2421433400,1000,1898,1935,90,90,FWD,13,7,-1,IDLE,0
C3B93D0B,2421056,2421434.400,2421434400,1000,1899,1935,90,90,FWD,13,7,-1,IDLE,0
C3B93D0B,2421057,2421435.399,2421435399,999,1901,1935,90,90,FWD,13,7,-1,IDLE,0
C3B93D0B,2421058,2421436.400,2421436400,1001,1899,1935,90,90,FWD,13,7,-1,IDLE,0
C3B93D0B,2421059,2421437.399,2421437399,999,1898,1935,90,90,FWD,13,7,-1,IDLE,0
C3B93D0B,2421060,2421438.400,2421438400,1001,1899,1935,90,90,FWD,13,7,-1,IDLE,0
C3B93D0B,2421061,2421439.399,2421439399,999,1899,1935,90,90,FWD,13,7,-1,IDLE,0
C3B93D0B,2421062,2421440.400,2421440400,1001,1899,1935,90,90,FWD,13,7,-1,IDLE,0
C3B93D0B,2421063,2421441.399,2421441399,999,1903,1935,90,90,FWD,13,7,-1,IDLE,0
C3B93D0B,2421064,2421442.400,2421442400,1001,1899,1935,90,90,FWD,13,7,-1,IDLE,0
C3B93D0B,2421065,2421443.400,2421443400,1000,1898,1935,90,90,FWD,13,7,-1,IDLE,0
C3B93D0B,2421066,2421444.400,2421444400,1000,1909,1935,90,90,FWD,13,7,-1,IDLE,0
C3B93D0B,2421067,2421445.399,2421445399,999,1909,1935,90,90,FWD,13,7,-1,IDLE,0
C3B93D0B,2421068,2421446.400,2421446400,1001,1909,1935,90,90,FWD,13,7,-1,IDLE,0
C3B93D0B,2421069,2421447.399,2421447399,999,1907,1935,90,90,FWD,13,7,-1,IDLE,0
C3B93D0B,2421070,2421448.400,2421448400,1001,1909,1935,90,90,FWD,13,7,-1,IDLE,0
C3B93D0B,2421071,2421449.399,2421449399,999,1907,1935,90,90,FWD,13,7,-1,IDLE,0
C3B93D0B,2421072,2421450.400,2421450400,1001,1907,1935,90,90,FWD,13,7,-1,IDLE,0
C3B93D0B,2421073,2421451.399,2421451399,999,1909,1935,90,90,FWD,13,7,-1,IDLE,0
C3B93D0B,2421074,2421452.400,2421452400,1001,1909,1935,90,90,FWD,13,7,-1,IDLE,0
C3B93D0B,2421075,2421453.400,2421453400,1000,1908,1935,90,90,FWD,13,7,-1,IDLE,0
C3B93D0B,2421076,2421454.400,2421454400,1000,1907,1935,90,90,FWD,13,7,-1,IDLE,0
C3B93D0B,2421077,2421455.399,2421455399,999,1907,1935,90,90,FWD,13,7,-1,IDLE,0
C3B93D0B,2421078,2421456.400,2421456400,1001,1906,1935,90,90,FWD,13,7,-1,IDLE,0
C3B93D0B,2421079,2421457.399,2421457399,999,1905,1935,90,90,FWD,13,7,-1,IDLE,0
C3B93D0B,2421080,2421458.400,2421458400,1001,1907,1935,90,90,FWD,13,7,-1,IDLE,0
C3B93D0B,2421081,2421459.399,2421459399,999,1907,1935,90,90,FWD,13,7,-1,IDLE,0
C3B93D0B,2421082,2421460.400,2421460400,1001,1907,1935,90,90,FWD,13,7,-1,IDLE,0
C3B93D0B,2421083,2421461.399,2421461399,999,1908,1935,90,90,FWD,13,7,-1,IDLE,0
C3B93D0B,2421084,2421462.400,2421462400,1001,1907,1935,90,90,FWD,13,7,-1,IDLE,0
C3B93D0B,2421085,2421463.400,2421463400,1000,1907,1935,90,90,FWD,13,7,-1,IDLE,0
C3B93D0B,2421086,2421464.400,2421464400,1000,1907,1935,90,90,FWD,13,7,-1,IDLE,0
C3B93D0B,2421087,2421465.399,2421465399,999,1907,1935,90,90,FWD,13,7,-1,IDLE,0
C3B93D0B,2421088,2421466.400,2421466400,1001,1906,1935,90,90,FWD,13,7,-1,IDLE,0
C3B93D0B,2421089,2421467.399,2421467399,999,1906,1935,90,90,FWD,13,7,-1,IDLE,0
C3B93D0B,2421090,2421468.400,2421468400,1001,1905,1935,90,90,FWD,13,7,-1,IDLE,0
C3B93D0B,2421091,2421469.399,2421469399,999,1907,1935,90,90,FWD,13,7,-1,IDLE,0
C3B93D0B,2421092,2421470.400,2421470400,1001,1907,1935,90,90,FWD,13,7,-1,IDLE,0
C3B93D0B,2421093,2421471.399,2421471399,999,1906,1935,90,90,FWD,13,7,-1,IDLE,0
C3B93D0B,2421094,2421472.400,2421472400,1001,1906,1935,90,90,FWD,13,7,-1,IDLE,0
C3B93D0B,2421095,2421473.400,2421473400,1000,1906,1935,90,90,FWD,13,7,-1,IDLE,0
C3B93D0B,2421096,2421474.400,2421474400,1000,1908,1935,90,90,FWD,13,7,-1,IDLE,0
C3B93D0B,2421097,2421475.399,2421475399,999,1907,1935,90,90,FWD,13,7,-1,IDLE,0
C3B93D0B,2421098,2421476.400,2421476400,1001,1907,1935,90,90,FWD,13,7,-1,IDLE,0
C3B93D0B,2421099,2421477.399,2421477399,999,1907,1935,90,90,FWD,13,7,-1,IDLE,0
C3B93D0B,2421100,2421478.400,2421478400,1001,1897,1935,90,90,FWD,13,7,-1,IDLE,0
C3B93D0B,2421101,2421479.399,2421479399,999,1899,1935,90,90,FWD,13,7,-1,IDLE,0
C3B93D0B,2421102,2421480.400,2421480400,1001,1898,1935,90,90,FWD,13,7,-1,IDLE,0
C3B93D0B,2421103,2421481.399,2421481399,999,1899,1935,90,90,FWD,13,7,-1,IDLE,0
C3B93D0B,2421104,2421482.400,2421482400,1001,1899,1935,90,90,FWD,13,7,-1,IDLE,0
C3B93D0B,2421105,2421483.483,2421483483,1083,1899,1935,90,90,FWD,13,7,-1,IDLE,0
C3B93D0B,2421106,2421484.795,2421484795,1312,1899,1935,90,90,FWD,45,7,-1,IDLE,0
C3B93D0B,2421107,2421485.399,2421485399,604,1901,1935,90,90,FWD,13,7,-1,IDLE,0
C3B93D0B,2421108,2421486.400,2421486400,1001,1898,1935,90,90,FWD,13,7,-1,IDLE,0
C3B93D0B,2421109,2421487.399,2421487399,999,1899,1935,90,90,FWD,13,7,-1,IDLE,0
C3B93D0B,2421110,2421488.400,2421488400,1001,1898,1935,90,90,FWD,13,7,-1,IDLE,0
C3B93D0B,2421111,2421489.399,2421489399,999,1898,1935,90,90,FWD,13,7,-1,IDLE,0
C3B93D0B,2421112,2421490.400,2421490400,1001,1900,1935,90,90,FWD,13,7,-1,IDLE,0
C3B93D0B,2421113,2421491.450,2421491450,1050,1890,1935,90,90,FWD,13,7,-1,IDLE,0
C3B93D0B,2421114,2421492.400,2421492400,950,1899,1935,90,90,FWD,13,7,-1,IDLE,0
C3B93D0B,2421115,2421493.400,2421493400,1000,1897,1935,90,90,FWD,13,7,-1,IDLE,0
C3B93D0B,2421116,2421494.497,2421494497,1097,1898,1935,90,90,FWD,13,7,-1,IDLE,0
C3B93D0B,2421117,2421495.399,2421495399,902,1900,1935,90,90,FWD,13,7,-1,IDLE,0
C3B93D0B,2421118,2421496.400,2421496400,1001,1899,1935,90,90,FWD,13,7,-1,IDLE,0
C3B93D0B,2421119,2421497.399,2421497399,999,1902,1935,90,90,FWD,13,7,-1,IDLE,0
C3B93D0B,2421120,2421498.400,2421498400,1001,1900,1935,90,90,FWD,13,7,-1,IDLE,0
C3B93D0B,2421121,2421499.399,2421499399,999,1900,1935,90,90,FWD,13,7,-1,IDLE,0
C3B93D0B,2421122,2421500.400,2421500400,1001,1904,1935,90,90,FWD,13,7,-1,IDLE,0
C3B93D0B,2421123,2421501.399,2421501399,999,1902,1935,90,90,FWD,13,7,-1,IDLE,0
C3B93D0B,2421124,2421502.400,2421502400,1001,1898,1935,90,90,FWD,13,7,-1,IDLE,0
C3B93D0B,2421125,2421503.400,2421503400,1000,1900,1935,90,90,FWD,13,7,-1,IDLE,0
C3B93D0B,2421126,2421504.400,2421504400,1000,1898,1935,90,90,FWD,13,7,-1,IDLE,0
C3B93D0B,2421127,2421505.399,2421505399,999,1899,1935,90,90,FWD,13,7,-1,IDLE,0
C3B93D0B,2421128,2421506.400,2421506400,1001,1901,1935,90,90,FWD,13,7,-1,IDLE,0
C3B93D0B,2421129,2421507.399,2421507399,999,1899,1935,90,90,FWD,13,7,-1,IDLE,0
C3B93D0B,2421130,2421508.400,2421508400,1001,1898,1935,90,90,FWD,13,7,-1,IDLE,0
C3B93D0B,2421131,2421509.399,2421509399,999,1899,1935,90,90,FWD,13,7,-1,IDLE,0
C3B93D0B,2421132,2421510.400,2421510400,1001,1899,1935,90,90,FWD,13,7,-1,IDLE,0
C3B93D0B,2421133,2421511.399,2421511399,999,1899,1935,90,90,FWD,13,7,-1,IDLE,0
C3B93D0B,2421134,2421512.400,2421512400,1001,1898,1935,90,90,FWD,13,7,-1,IDLE,0
C3B93D0B,2421135,2421513.400,2421513400,1000,1899,1935,90,90,FWD,13,7,-1,IDLE,0
C3B93D0B,2421136,2421514.400,2421514400,1000,1899,1935,90,90,FWD,13,7,-1,IDLE,0
C3B93D0B,2421137,2421515.399,2421515399,999,1899,1935,90,90,FWD,13,7,-1,IDLE,0
C3B93D0B,2421138,2421516.400,2421516400,1001,1899,1935,90,90,FWD,13,7,-1,IDLE,0
C3B93D0B,2421139,2421517.399,2421517399,999,1900,1935,90,90,FWD,13,7,-1,IDLE,0
C3B93D0B,2421140,2421518.400,2421518400,1001,1899,1935,90,90,FWD,13,7,-1,IDLE,0
C3B93D0B,2421141,2421519.399,2421519399,999,1898,1935,90,90,FWD,13,7,-1,IDLE,0
C3B93D0B,2421142,2421520.400,2421520400,1001,1900,1935,90,90,FWD,13,7,-1,IDLE,0
C3B93D0B,2421143,2421521.399,2421521399,999,1898,1935,90,90,FWD,13,7,-1,IDLE,0
C3B93D0B,2421144,2421522.400,2421522400,1001,1895,1935,90,90,FWD,13,7,-1,IDLE,0
C3B93D0B,2421145,2421523.400,2421523400,1000,1899,1935,90,90,FWD,13,7,-1,IDLE,0
C3B93D0B,2421146,2421524.400,2421524400,1000,1901,1935,90,90,FWD,13,7,-1,IDLE,0
C3B93D0B,2421147,2421525.399,2421525399,999,1900,1935,90,90,FWD,13,7,-1,IDLE,0
C3B93D0B,2421148,2421526.400,2421526400,1001,1899,1935,90,90,FWD,13,7,-1,IDLE,0
C3B93D0B,2421149,2421527.399,2421527399,999,1898,1935,90,90,FWD,13,7,-1,IDLE,0
C3B93D0B,2421150,2421528.400,2421528400,1001,1899,1935,90,90,FWD,13,7,-1,IDLE,0
C3B93D0B,2421151,2421529.399,2421529399,999,1898,1935,90,90,FWD,13,7,-1,IDLE,0
C3B93D0B,2421152,2421530.400,2421530400,1001,1902,1935,90,90,FWD,13,7,-1,IDLE,0
C3B93D0B,2421153,2421531.399,2421531399,999,1899,1935,90,90,FWD,13,7,-1,IDLE,0
C3B93D0B,2421154,2421532.400,2421532400,1001,1897,1935,90,90,FWD,13,7,-1,IDLE,0
C3B93D0B,2421155,2421533.400,2421533400,1000,1899,1935,90,90,FWD,13,7,-1,IDLE,0
C3B93D0B,2421156,2421534.400,2421534400,1000,1899,1935,90,90,FWD,13,7,-1,IDLE,0
C3B93D0B,2421157,2421535.399,2421535399,999,1899,1935,90,90,FWD,13,7,-1,IDLE,0
C3B93D0B,2421158,2421536.400,2421536400,1001,1898,1935,90,90,FWD,13,7,-1,IDLE,0
C3B93D0B,2421159,2421537.399,2421537399,999,1900,1935,90,90,FWD,13,7,-1,IDLE,0
C3B93D0B,2421160,2421538.400,2421538400,1001,1897,1935,90,90,FWD,13,7,-1,IDLE,0
C3B93D0B,2421161,2421539.399,2421539399,999,1898,1935,90,90,FWD,13,7,-1,IDLE,0
C3B93D0B,2421162,2421540.400,2421540400,1001,1899,1935,90,90,FWD,13,7,-1,IDLE,0
C3B93D0B,2421163,2421541.399,2421541399,999,1898,1935,90,90,FWD,13,7,-1,IDLE,0
C3B93D0B,2421164,2421542.400,2421542400,1001,1899,1935,90,90,FWD,13,7,-1,IDLE,0
C3B93D0B,2421165,2421543.400,2421543400,1000,1899,1935,90,90,FWD,13,7,-1,IDLE,0
C3B93D0B,2421166,2421544.400,2421544400,1000,1898,1935,90,90,FWD,13,7,-1,IDLE,0
C3B93D0B,2421167,2421545.399,2421545399,999,1899,1935,90,90,FWD,13,7,-1,IDLE,0
C3B93D0B,2421168,2421546.400,2421546400,1001,1899,1935,90,90,FWD,13,7,-1,IDLE,0
C3B93D0B,2421169,2421547.399,2421547399,999,1899,1935,90,90,FWD,13,7,-1,IDLE,0
C3B93D0B,2421170,2421548.400,2421548400,1001,1899,1935,90,90,FWD,13,7,-1,IDLE,0
C3B93D0B,2421171,2421549.399,2421549399,999,1901,1935,90,90,FWD,13,7,-1,IDLE,0
C3B93D0B,2421172,2421550.503,2421550503,1104,1907,1935,90,90,FWD,13,7,-1,IDLE,0
C3B93D0B,2421173,2421551.399,2421551399,896,1909,1935,90,90,FWD,13,7,-1,IDLE,0
C3B93D0B,2421174,2421552.400,2421552400,1001,1909,1935,90,90,FWD,13,7,-1,IDLE,0
C3B93D0B,2421175,2421553.400,2421553400,1000,1908,1935,90,90,FWD,13,7,-1,IDLE,0
C3B93D0B,2421176,2421554.400,2421554400,1000,1909,1935,90,90,FWD,13,7,-1,IDLE,0
C3B93D0B,2421177,2421555.399,2421555399,999,1909,1935,90,90,FWD,13,7,-1,IDLE,0
C3B93D0B,2421178,2421556.400,2421556400,1001,1905,1935,90,90,FWD,13,7,-1,IDLE,0
C3B93D0B,2421179,2421557.399,2421557399,999,1906,1935,90,90,FWD,13,7,-1,IDLE,0
C3B93D0B,2421180,2421558.400,2421558400,1001,1906,1935,90,90,FWD,13,7,-1,IDLE,0
C3B93D0B,2421181,2421559.399,2421559399,999,1906,1935,90,90,FWD,13,7,-1,IDLE,0
C3B93D0B,2421182,2421560.400,2421560400,1001,1905,1935,90,90,FWD,13,7,-1,IDLE,0
C3B93D0B,2421183,2421561.399,2421561399,999,1906,1935,90,90,FWD,13,7,-1,IDLE,0
C3B93D0B,2421184,2421562.400,2421562400,1001,1905,1935,90,90,FWD,13,7,-1,IDLE,0
C3B93D0B,2421185,2421563.400,2421563400,1000,1906,1935,90,90,FWD,13,7,-1,IDLE,0
C3B93D0B,2421186,2421564.400,2421564400,1000,1906,1935,90,90,FWD,13,7,-1,IDLE,0
C3B93D0B,2421187,2421565.399,2421565399,999,1905,1935,90,90,FWD,13,7,-1,IDLE,0
C3B93D0B,2421188,2421566.400,2421566400,1001,1907,1935,90,90,FWD,13,7,-1,IDLE,0
C3B93D0B,2421189,2421567.399,2421567399,999,1905,1935,90,90,FWD,13,7,-1,IDLE,0
C3B93D0B,2421190,2421568.400,2421568400,1001,1906,1935,90,90,FWD,13,7,-1,IDLE,0
C3B93D0B,2421191,2421569.399,2421569399,999,1905,1935,90,90,FWD,13,7,-1,IDLE,0
C3B93D0B,2421192,2421570.400,2421570400,1001,1907,1935,90,90,FWD,13,7,-1,IDLE,0
C3B93D0B,2421193,2421571.399,2421571399,999,1906,1935,90,90,FWD,13,7,-1,IDLE,0
C3B93D0B,2421194,2421572.400,2421572400,1001,1904,1935,90,90,FWD,13,7,-1,IDLE,0
C3B93D0B,2421195,2421573.400,2421573400,1000,1904,1935,90,90,FWD,13,7,-1,IDLE,0
C3B93D0B,2421196,2421574.400,2421574400,1000,1907,1935,90,90,FWD,13,7,-1,IDLE,0
C3B93D0B,2421197,2421575.399,2421575399,999,1905,1935,90,90,FWD,13,7,-1,IDLE,0
C3B93D0B,2421198,2421576.400,2421576400,1001,1904,1935,90,90,FWD,13,7,-1,IDLE,0
C3B93D0B,2421199,2421577.399,2421577399,999,1905,1935,90,90,FWD,13,7,-1,IDLE,0
C3B93D0B,2421200,2421578.400,2421578400,1001,1904,1935,90,90,FWD,13,7,-1,IDLE,0
C3B93D0B,2421201,2421579.399,2421579399,999,1904,1935,90,90,FWD,13,7,-1,IDLE,0
C3B93D0B,2421202,2421580.721,2421580721,1322,1897,1935,90,90,FWD,45,7,-1,IDLE,0
C3B93D0B,2421203,2421581.399,2421581399,678,1894,1935,90,90,FWD,13,7,-1,IDLE,0
C3B93D0B,2421204,2421582.400,2421582400,1001,1896,1935,90,90,FWD,13,7,-1,IDLE,0
C3B93D0B,2421205,2421583.400,2421583400,1000,1898,1935,90,90,FWD,13,7,-1,IDLE,0
C3B93D0B,2421206,2421584.761,2421584761,1361,1901,1935,90,90,FWD,45,7,-1,IDLE,0
C3B93D0B,2421207,2421585.788,2421585788,1027,1898,1935,90,90,FWD,13,7,-1,IDLE,0
C3B93D0B,2421208,2421586.400,2421586400,612,1897,1935,90,90,FWD,13,7,-1,IDLE,0
C3B93D0B,2421209,2421587.399,2421587399,999,1899,1935,90,90,FWD,13,7,-1,IDLE,0
C3B93D0B,2421210,2421588.400,2421588400,1001,1895,1935,90,90,FWD,13,7,-1,IDLE,0
C3B93D0B,2421211,2421589.399,2421589399,999,1899,1935,90,90,FWD,13,7,-1,IDLE,0
C3B93D0B,2421212,2421590.400,2421590400,1001,1898,1935,90,90,FWD,13,7,-1,IDLE,0
C3B93D0B,2421213,2421591.399,2421591399,999,1898,1935,90,90,FWD,13,7,-1,IDLE,0
C3B93D0B,2421214,2421592.400,2421592400,1001,1898,1935,90,90,FWD,13,7,-1,IDLE,0
C3B93D0B,2421215,2421593.400,2421593400,1000,1898,1935,90,90,FWD,13,7,-1,IDLE,0
C3B93D0B,2421216,2421594.400,2421594400,1000,1898,1935,90,90,FWD,13,7,-1,IDLE,0
C3B93D0B,2421217,2421595.399,2421595399,999,1899,1935,90,90,FWD,13,7,-1,IDLE,0
C3B93D0B,2421218,2421596.400,2421596400,1001,1897,1935,90,90,FWD,13,7,-1,IDLE,0
C3B93D0B,2421219,2421597.399,2421597399,999,1899,1935,90,90,FWD,13,7,-1,IDLE,0
C3B93D0B,2421220,2421598.400,2421598400,1001,1895,1935,90,90,FWD,13,7,-1,IDLE,0
C3B93D0B,2421221,2421599.399,2421599399,999,1897,1935,90,90,FWD,13,7,-1,IDLE,0
C3B93D0B,2421222,2421600.400,2421600400,1001,1899,1935,90,90,FWD,13,7,-1,IDLE,0
C3B93D0B,2421223,2421601.399,2421601399,999,1896,1935,90,90,FWD,13,7,-1,IDLE,0
C3B93D0B,2421224,2421602.400,2421602400,1001,1899,1935,90,90,FWD,13,7,-1,IDLE,0
C3B93D0B,2421225,2421603.400,2421603400,1000,1894,1935,90,90,FWD,13,7,-1,IDLE,0
C3B93D0B,2421226,2421604.487,2421604487,1087,1897,1935,90,90,FWD,13,7,-1,IDLE,0
C3B93D0B,2421227,2421605.399,2421605399,912,1897,1935,90,90,FWD,13,7,-1,IDLE,0
C3B93D0B,2421228,2421606.400,2421606400,1001,1897,1935,90,90,FWD,13,7,-1,IDLE,0
C3B93D0B,2421229,2421607.399,2421607399,999,1898,1935,90,90,FWD,13,7,-1,IDLE,0
C3B93D0B,2421230,2421608.400,2421608400,1001,1897,1935,90,90,FWD,13,7,-1,IDLE,0
C3B93D0B,2421231,2421609.399,2421609399,999,1899,1935,90,90,FWD,13,7,-1,IDLE,0
C3B93D0B,2421232,2421610.400,2421610400,1001,1897,1935,90,90,FWD,13,7,-1,IDLE,0
C3B93D0B,2421233,2421611.399,2421611399,999,1895,1935,90,90,FWD,13,7,-1,IDLE,0
C3B93D0B,2421234,2421612.400,2421612400,1001,1898,1935,90,90,FWD,13,7,-1,IDLE,0
C3B93D0B,2421235,2421613.585,2421613585,1185,1895,1935,90,90,FWD,13,7,-1,IDLE,0
C3B93D0B,2421236,2421614.400,2421614400,815,1895,1935,90,90,FWD,13,7,-1,IDLE,0
C3B93D0B,2421237,2421615.399,2421615399,999,1895,1935,90,90,FWD,13,7,-1,IDLE,0
C3B93D0B,2421238,2421616.400,2421616400,1001,1898,1935,90,90,FWD,13,7,-1,IDLE,0
C3B93D0B,2421239,2421617.399,2421617399,999,1900,1935,90,90,FWD,13,7,-1,IDLE,0
C3B93D0B,2421240,2421618.400,2421618400,1001,1895,1935,90,90,FWD,13,7,-1,IDLE,0
C3B93D0B,2421241,2421619.399,2421619399,999,1899,1935,90,90,FWD,13,7,-1,IDLE,0
C3B93D0B,2421242,2421620.400,2421620400,1001,1897,1935,90,90,FWD,13,7,-1,IDLE,0
C3B93D0B,2421243,2421621.399,2421621399,999,1894,1935,90,90,FWD,13,7,-1,IDLE,0
C3B93D0B,2421244,2421622.400,2421622400,1001,1895,1935,90,90,FWD,13,7,-1,IDLE,0
C3B93D0B,2421245,2421623.400,2421623400,1000,1898,1935,90,90,FWD,13,7,-1,IDLE,0
C3B93D0B,2421246,2421624.400,2421624400,1000,1895,1935,90,90,FWD,13,7,-1,IDLE,0
C3B93D0B,2421247,2421625.399,2421625399,999,1895,1935,90,90,FWD,13,7,-1,IDLE,0
C3B93D0B,2421248,2421626.400,2421626400,1001,1897,1935,90,90,FWD,13,7,-1,IDLE,0
C3B93D0B,2421249,2421627.399,2421627399,999,1895,1935,90,90,FWD,13,7,-1,IDLE,0
C3B93D0B,2421250,2421628.400,2421628400,1001,1897,1935,90,90,FWD,13,7,-1,IDLE,0
C3B93D0B,2421251,2421629.399,2421629399,999,1898,1935,90,90,FWD,13,7,-1,IDLE,0
C3B93D0B,2421252,2421630.400,2421630400,1001,1895,1935,90,90,FWD,13,7,-1,IDLE,0
C3B93D0B,2421253,2421631.399,2421631399,999,1895,1935,90,90,FWD,13,7,-1,IDLE,0
C3B93D0B,2421254,2421632.400,2421632400,1001,1893,1935,90,90,FWD,13,7,-1,IDLE,0
C3B93D0B,2421255,2421633.400,2421633400,1000,1899,1935,90,90,FWD,13,7,-1,IDLE,0
C3B93D0B,2421256,2421634.400,2421634400,1000,1895,1935,90,90,FWD,13,7,-1,IDLE,0
C3B93D0B,2421257,2421635.399,2421635399,999,1899,1935,90,90,FWD,13,7,-1,IDLE,0
C3B93D0B,2421258,2421636.400,2421636400,1001,1895,1935,90,90,FWD,13,7,-1,IDLE,0
C3B93D0B,2421259,2421637.399,2421637399,999,1894,1935,90,90,FWD,13,7,-1,IDLE,0
C3B93D0B,2421260,2421638.400,2421638400,1001,1895,1935,90,90,FWD,13,7,-1,IDLE,0
C3B93D0B,2421261,2421639.399,2421639399,999,1894,1935,90,90,FWD,13,7,-1,IDLE,0
C3B93D0B,2421262,2421640.400,2421640400,1001,1895,1935,90,90,FWD,13,7,-1,IDLE,0
C3B93D0B,2421263,2421641.399,2421641399,999,1898,1935,90,90,FWD,13,7,-1,IDLE,0
C3B93D0B,2421264,2421642.400,2421642400,1001,1897,1935,90,90,FWD,13,7,-1,IDLE,0
C3B93D0B,2421265,2421643.400,2421643400,1000,1894,1935,90,90,FWD,13,7,-1,IDLE,0
C3B93D0B,2421266,2421644.400,2421644400,1000,1898,1935,90,90,FWD,13,7,-1,IDLE,0
C3B93D0B,2421267,2421645.399,2421645399,999,1895,1935,90,90,FWD,13,7,-1,IDLE,0
C3B93D0B,2421268,2421646.540,2421646540,1141,1896,1935,90,90,FWD,13,7,-1,IDLE,0
C3B93D0B,2421269,2421647.399,2421647399,859,1897,1935,90,90,FWD,13,7,-1,IDLE,0
C3B93D0B,2421270,2421648.400,2421648400,1001,1895,1935,90,90,FWD,13,7,-1,IDLE,0
C3B93D0B,2421271,2421649.399,2421649399,999,1897,1935,90,90,FWD,13,7,-1,IDLE,0
C3B93D0B,2421272,2421650.400,2421650400,1001,1897,1935,90,90,FWD,13,7,-1,IDLE,0
C3B93D0B,2421273,2421651.399,2421651399,999,1896,1935,90,90,FWD,13,7,-1,IDLE,0
C3B93D0B,2421274,2421652.400,2421652400,1001,1895,1935,90,90,FWD,13,7,-1,IDLE,0
C3B93D0B,2421275,2421653.400,2421653400,1000,1901,1935,90,90,FWD,13,7,-1,IDLE,0
C3B93D0B,2421276,2421654.400,2421654400,1000,1894,1935,90,90,FWD,13,7,-1,IDLE,0
C3B93D0B,2421277,2421655.399,2421655399,999,1897,1935,90,90,FWD,13,7,-1,IDLE,0
C3B93D0B,2421278,2421656.400,2421656400,1001,1898,1935,90,90,FWD,13,7,-1,IDLE,0
C3B93D0B,2421279,2421657.399,2421657399,999,1897,1935,90,90,FWD,13,7,-1,IDLE,0
C3B93D0B,2421280,2421658.400,2421658400,1001,1893,1935,90,90,FWD,13,7,-1,IDLE,0
C3B93D0B,2421281,2421659.399,2421659399,999,1895,1935,90,90,FWD,13,7,-1,IDLE,0
C3B93D0B,2421282,2421660.400,2421660400,1001,1895,1935,90,90,FWD,13,7,-1,IDLE,0
C3B93D0B,2421283,2421661.399,2421661399,999,1894,1935,90,90,FWD,13,7,-1,IDLE,0
C3B93D0B,2421284,2421662.400,2421662400,1001,1897,1935,90,90,FWD,13,7,-1,IDLE,0
C3B93D0B,2421285,2421663.400,2421663400,1000,1894,1935,90,90,FWD,13,7,-1,IDLE,0
C3B93D0B,2421286,2421664.436,2421664436,1036,1895,1935,90,90,FWD,13,7,-1,IDLE,0
C3B93D0B,2421287,2421665.399,2421665399,963,1894,1935,90,90,FWD,13,7,-1,IDLE,0
C3B93D0B,2421288,2421666.400,2421666400,1001,1895,1935,90,90,FWD,13,7,-1,IDLE,0
C3B93D0B,2421289,2421667.399,2421667399,999,1894,1935,90,90,FWD,13,7,-1,IDLE,0
C3B93D0B,2421290,2421668.400,2421668400,1001,1895,1935,90,90,FWD,13,7,-1,IDLE,0
C3B93D0B,2421291,2421669.640,2421669640,1240,1905,1935,90,90,FWD,13,7,-1,IDLE,0
C3B93D0B,2421292,2421670.400,2421670400,760,1905,1935,90,90,FWD,13,7,-1,IDLE,0
C3B93D0B,2421293,2421671.399,2421671399,999,1904,1935,90,90,FWD,13,7,-1,IDLE,0
C3B93D0B,2421294,2421672.400,2421672400,1001,1904,1935,90,90,FWD,13,7,-1,IDLE,0
C3B93D0B,2421295,2421673.400,2421673400,1000,1906,1935,90,90,FWD,13,7,-1,IDLE,0
C3B93D0B,2421296,2421674.400,2421674400,1000,1906,1935,90,90,FWD,13,7,-1,IDLE,0
C3B93D0B,2421297,2421675.399,2421675399,999,1904,1935,90,90,FWD,13,7,-1,IDLE,0
C3B93D0B,2421298,2421676.400,2421676400,1001,1904,1935,90,90,FWD,13,7,-1,IDLE,0
C3B93D0B,2421299,2421677.399,2421677399,999,1904,1935,90,90,FWD,13,7,-1,IDLE,0
C3B93D0B,2421300,2421678.400,2421678400,1001,1904,1935,90,90,FWD,13,7,-1,IDLE,0
C3B93D0B,2421301,2421679.399,2421679399,999,1904,1935,90,90,FWD,13,7,-1,IDLE,0
C3B93D0B,2421302,2421680.400,2421680400,1001,1904,1935,90,90,FWD,13,7,-1,IDLE,0
C3B93D0B,2421303,2421681.399,2421681399,999,1906,1935,90,90,FWD,13,7,-1,IDLE,0
C3B93D0B,2421304,2421683.042,2421683042,1643,1895,1935,90,90,FWD,45,7,-1,IDLE,0
C3B93D0B,2421305,2421683.400,2421683400,358,1895,1935,90,90,FWD,13,7,-1,IDLE,0
C3B93D0B,2421306,2421684.771,2421684771,1371,1892,1935,90,90,FWD,45,7,-1,IDLE,0
C3B93D0B,2421307,2421685.399,2421685399,628,1895,1935,90,90,FWD,13,7,-1,IDLE,0
C3B93D0B,2421308,2421686.400,2421686400,1001,1892,1935,90,90,FWD,13,7,-1,IDLE,0
C3B93D0B,2421309,2421687.399,2421687399,999,1895,1935,90,90,FWD,13,7,-1,IDLE,0
C3B93D0B,2421310,2421688.403,2421688403,1004,1895,1935,90,90,FWD,13,7,-1,IDLE,0
C3B93D0B,2421311,2421689.399,2421689399,996,1900,1935,90,90,FWD,13,7,-1,IDLE,0
C3B93D0B,2421312,2421690.400,2421690400,1001,1895,1935,90,90,FWD,13,7,-1,IDLE,0
C3B93D0B,2421313,2421691.399,2421691399,999,1900,1935,90,90,FWD,13,7,-1,IDLE,0
C3B93D0B,2421314,2421692.400,2421692400,1001,1895,1935,90,90,FWD,13,7,-1,IDLE,0
C3B93D0B,2421315,2421693.400,2421693400,1000,1899,1935,90,90,FWD,13,7,-1,IDLE,0
C3B93D0B,2421316,2421694.400,2421694400,1000,1895,1935,90,90,FWD,13,7,-1,IDLE,0
C3B93D0B,2421317,2421695.399,2421695399,999,1899,1935,90,90,FWD,13,7,-1,IDLE,0
C3B93D0B,2421318,2421696.400,2421696400,1001,1901,1935,90,90,FWD,13,7,-1,IDLE,0
C3B93D0B,2421319,2421697.399,2421697399,999,1897,1935,90,90,FWD,13,7,-1,IDLE,0
C3B93D0B,2421320,2421698.400,2421698400,1001,1898,1935,90,90,FWD,13,7,-1,IDLE,0
C3B93D0B,2421321,2421699.399,2421699399,999,1902,1935,90,90,FWD,13,7,-1,IDLE,0
C3B93D0B,2421322,2421700.400,2421700400,1001,1900,1935,90,90,FWD,13,7,-1,IDLE,0
C3B93D0B,2421323,2421701.399,2421701399,999,1901,1935,90,90,FWD,13,7,-1,IDLE,0
C3B93D0B,2421324,2421702.400,2421702400,1001,1899,1935,90,90,FWD,13,7,-1,IDLE,0
C3B93D0B,2421325,2421703.400,2421703400,1000,1900,1935,90,90,FWD,13,7,-1,IDLE,0
C3B93D0B,2421326,2421704.400,2421704400,1000,1901,1935,90,90,FWD,13,7,-1,IDLE,0
C3B93D0B,2421327,2421705.399,2421705399,999,1903,1935,90,90,FWD,13,7,-1,IDLE,0
C3B93D0B,2421328,2421706.400,2421706400,1001,1903,1935,90,90,FWD,13,7,-1,IDLE,0
C3B93D0B,2421329,2421707.399,2421707399,999,1904,1935,90,90,FWD,13,7,-1,IDLE,0
C3B93D0B,2421330,2421708.400,2421708400,1001,1903,1935,90,90,FWD,13,7,-1,IDLE,0
C3B93D0B,2421331,2421709.399,2421709399,999,1904,1935,90,90,FWD,13,7,-1,IDLE,0
C3B93D0B,2421332,2421710.400,2421710400,1001,1904,1935,90,90,FWD,13,7,-1,IDLE,0
C3B93D0B,2421333,2421711.399,2421711399,999,1904,1935,90,90,FWD,13,7,-1,IDLE,0
C3B93D0B,2421334,2421712.400,2421712400,1001,1904,1935,90,90,FWD,13,7,-1,IDLE,0
C3B93D0B,2421335,2421713.400,2421713400,1000,1904,1935,90,90,FWD,13,7,-1,IDLE,0
C3B93D0B,2421336,2421714.400,2421714400,1000,1904,1935,90,90,FWD,13,7,-1,IDLE,0
C3B93D0B,2421337,2421715.399,2421715399,999,1907,1935,90,90,FWD,13,7,-1,IDLE,0
C3B93D0B,2421338,2421716.400,2421716400,1001,1905,1935,90,90,FWD,13,7,-1,IDLE,0
C3B93D0B,2421339,2421717.399,2421717399,999,1907,1935,90,90,FWD,13,7,-1,IDLE,0
C3B93D0B,2421340,2421718.400,2421718400,1001,1909,1935,90,90,FWD,13,7,-1,IDLE,0
C3B93D0B,2421341,2421719.399,2421719399,999,1909,1935,90,90,FWD,13,7,-1,IDLE,0
C3B93D0B,2421342,2421720.400,2421720400,1001,1908,1935,90,90,FWD,13,7,-1,IDLE,0
C3B93D0B,2421343,2421721.399,2421721399,999,1909,1935,90,90,FWD,13,7,-1,IDLE,0
C3B93D0B,2421344,2421722.400,2421722400,1001,1911,1935,90,90,FWD,13,7,-1,IDLE,0
C3B93D0B,2421345,2421723.400,2421723400,1000,1911,1935,90,90,FWD,13,7,-1,IDLE,0
C3B93D0B,2421346,2421724.400,2421724400,1000,1910,1935,90,90,FWD,13,7,-1,IDLE,0
C3B93D0B,2421347,2421725.399,2421725399,999,1913,1935,90,90,FWD,13,7,-1,IDLE,0
C3B93D0B,2421348,2421726.400,2421726400,1001,1919,1935,90,90,FWD,13,7,-1,IDLE,0
C3B93D0B,2421349,2421727.399,2421727399,999,1917,1935,90,90,FWD,13,7,-1,IDLE,0
C3B93D0B,2421350,2421728.400,2421728400,1001,1918,1935,90,90,FWD,13,7,-1,IDLE,0
C3B93D0B,2421351,2421729.399,2421729399,999,1920,1935,90,90,FWD,13,7,-1,IDLE,0
C3B93D0B,2421352,2421730.400,2421730400,1001,1919,1935,90,90,FWD,13,7,-1,IDLE,0
C3B93D0B,2421353,2421731.399,2421731399,999,1921,1935,90,90,FWD,13,7,-1,IDLE,0
C3B93D0B,2421354,2421732.400,2421732400,1001,1925,1935,90,90,FWD,13,7,-1,IDLE,0
C3B93D0B,2421355,2421733.400,2421733400,1000,1925,1935,90,90,FWD,13,7,-1,IDLE,0
C3B93D0B,2421356,2421734.400,2421734400,1000,1923,1935,90,90,FWD,13,7,-1,IDLE,0
C3B93D0B,2421357,2421735.846,2421735846,1446,1927,1935,90,90,FWD,45,7,-1,IDLE,0
C3B93D0B,2421358,2421736.400,2421736400,554,1930,1935,90,90,FWD,13,7,-1,IDLE,0
C3B93D0B,2421359,2421737.399,2421737399,999,1932,1935,90,90,FWD,13,7,-1,IDLE,0
C3B93D0B,2421360,2421738.400,2421738400,1001,1933,1935,90,90,FWD,13,7,-1,IDLE,0
C3B93D0B,2421361,2421739.399,2421739399,999,1935,1935,90,90,FWD,13,7,-1,IDLE,0
C3B93D0B,2421362,2421740.400,2421740400,1001,1936,1935,90,90,FWD,13,7,-1,IDLE,0
C3B93D0B,2421363,2421741.399,2421741399,999,1936,1935,90,90,FWD,13,7,-1,IDLE,0
C3B93D0B,2421364,2421742.400,2421742400,1001,1938,1935,90,90,FWD,13,7,-1,IDLE,0
C3B93D0B,2421365,2421743.400,2421743400,1000,1939,1935,90,90,FWD,13,7,-1,IDLE,0
C3B93D0B,2421366,2421744.400,2421744400,1000,1942,1935,90,90,FWD,13,7,-1,IDLE,0
C3B93D0B,2421367,2421745.399,2421745399,999,1943,1935,90,90,FWD,13,7,-1,IDLE,0
C3B93D0B,2421368,2421746.400,2421746400,1001,1949,1935,90,90,FWD,13,7,-1,IDLE,0
C3B93D0B,2421369,2421747.399,2421747399,999,1951,1935,90,90,FWD,13,7,-1,IDLE,0
C3B93D0B,2421370,2421748.400,2421748400,1001,1967,1935,90,90,FWD,13,7,-1,IDLE,0
C3B93D0B,2421371,2421749.399,2421749399,999,1968,1935,90,90,FWD,13,7,-1,IDLE,0
C3B93D0B,2421372,2421750.400,2421750400,1001,1968,1935,90,90,FWD,13,7,-1,IDLE,0
C3B93D0B,2421373,2421751.399,2421751399,999,1970,1935,90,90,FWD,13,7,-1,IDLE,0
C3B93D0B,2421374,2421752.400,2421752400,1001,1973,1935,90,90,FWD,13,7,-1,IDLE,0
C3B93D0B,2421375,2421753.400,2421753400,1000,1977,1935,90,90,FWD,13,7,-1,IDLE,0
C3B93D0B,2421376,2421754.400,2421754400,1000,1979,1935,90,90,FWD,13,7,-1,IDLE,0
C3B93D0B,2421377,2421755.399,2421755399,999,1983,1935,90,90,FWD,13,7,-1,IDLE,0
C3B93D0B,2421378,2421756.400,2421756400,1001,1984,1935,90,90,FWD,13,7,-1,IDLE,0
C3B93D0B,2421379,2421757.399,2421757399,999,1986,1935,90,90,FWD,13,7,-1,IDLE,0
C3B93D0B,2421380,2421758.400,2421758400,1001,1989,1935,90,90,FWD,13,7,-1,IDLE,0
C3B93D0B,2421381,2421759.399,2421759399,999,1991,1935,90,90,FWD,13,7,-1,IDLE,0
C3B93D0B,2421382,2421760.400,2421760400,1001,1995,1935,90,90,FWD,13,7,-1,IDLE,0
C3B93D0B,2421383,2421761.399,2421761399,999,2000,1935,90,90,FWD,13,7,-1,IDLE,0
C3B93D0B,2421384,2421762.400,2421762400,1001,2000,1935,90,90,FWD,13,7,-1,IDLE,0
C3B93D0B,2421385,2421763.400,2421763400,1000,2001,1935,90,90,FWD,13,7,-1,IDLE,0
C3B93D0B,2421386,2421764.400,2421764400,1000,2006,1935,90,90,FWD,13,7,-1,IDLE,0
C3B93D0B,2421387,2421765.399,2421765399,999,2010,1935,90,90,FWD,29,7,-1,IDLE,0
C3B93D0B,2421388,2421766.400,2421766400,1001,2015,1935,90,90,FWD,29,7,-1,IDLE,0
C3B93D0B,2421389,2421767.399,2421767399,999,2016,1935,90,90,FWD,29,7,-1,IDLE,0
C3B93D0B,2421390,2421768.400,2421768400,1001,2019,1935,90,90,FWD,29,7,-1,IDLE,0
C3B93D0B,2421391,2421769.399,2421769399,999,2022,1935,90,90,FWD,29,7,-1,IDLE,0
C3B93D0B,2421392,2421770.400,2421770400,1001,2028,1935,90,90,FWD,29,7,-1,IDLE,0
C3B93D0B,2421393,2421771.399,2421771399,999,2032,1935,90,90,FWD,29,7,-1,IDLE,0
C3B93D0B,2421394,2421772.400,2421772400,1001,2032,1935,90,90,FWD,29,7,-1,IDLE,0
C3B93D0B,2421395,2421773.400,2421773400,1000,2036,1935,90,90,FWD,29,7,-1,IDLE,0
C3B93D0B,2421396,2421774.400,2421774400,1000,2039,1935,90,90,FWD,29,7,-1,IDLE,0
C3B93D0B,2421397,2421775.399,2421775399,999,2045,1935,90,90,FWD,29,7,-1,IDLE,0
C3B93D0B,2421398,2421776.400,2421776400,1001,2046,1935,90,90,FWD,29,7,-1,IDLE,0
C3B93D0B,2421399,2421777.399,2421777399,999,2055,1935,90,90,FWD,29,7,-1,IDLE,0
C3B93D0B,2421400,2421778.400,2421778400,1001,2058,1935,90,90,FWD,29,7,-1,IDLE,0
C3B93D0B,2421401,2421779.399,2421779399,999,2063,1935,90,90,FWD,29,7,-1,IDLE,0
C3B93D0B,2421402,2421780.400,2421780400,1001,2063,1935,90,90,FWD,29,7,-1,IDLE,0
C3B93D0B,2421403,2421781.399,2421781399,999,2065,1935,90,90,FWD,29,7,-1,IDLE,0
C3B93D0B,2421404,2421782.400,2421782400,1001,2066,1935,90,90,FWD,29,7,-1,IDLE,0
C3B93D0B,2421405,2421783.400,2421783400,1000,2071,1935,90,90,FWD,29,7,-1,IDLE,0
C3B93D0B,2421406,2421785.443,2421785443,2043,2062,1935,90,90,FWD,61,7,-1,IDLE,0
C3B93D0B,2421407,2421786.065,2421786065,622,2065,1935,90,90,FWD,29,7,-1,IDLE,0
C3B93D0B,2421408,2421786.400,2421786400,335,2067,1935,90,90,FWD,29,7,-1,IDLE,0
C3B93D0B,2421409,2421787.399,2421787399,999,2070,1935,90,90,FWD,29,7,-1,IDLE,0
C3B93D0B,2421410,2421788.400,2421788400,1001,2073,1935,90,90,FWD,29,7,-1,IDLE,0
C3B93D0B,2421411,2421789.399,2421789399,999,2077,1935,90,90,FWD,29,7,-1,IDLE,0
C3B93D0B,2421412,2421790.431,2421790431,1032,2074,1935,90,90,FWD,29,7,-1,IDLE,0
C3B93D0B,2421413,2421791.399,2421791399,968,2081,1935,90,90,FWD,29,7,-1,IDLE,0
C3B93D0B,2421414,2421792.400,2421792400,1001,2083,1935,90,90,FWD,29,7,-1,IDLE,0
C3B93D0B,2421415,2421793.400,2421793400,1000,2085,1935,90,90,FWD,29,7,-1,IDLE,0
C3B93D0B,2421416,2421794.400,2421794400,1000,2087,1935,90,90,FWD,29,7,-1,IDLE,0
C3B93D0B,2421417,2421795.399,2421795399,999,2090,1935,90,90,FWD,29,7,-1,IDLE,0
C3B93D0B,2421418,2421796.400,2421796400,1001,2094,1935,90,90,FWD,29,7,-1,IDLE,0
C3B93D0B,2421419,2421797.399,2421797399,999,2095,1935,90,90,FWD,29,7,-1,IDLE,0
C3B93D0B,2421420,2421798.400,2421798400,1001,2096,1935,90,90,FWD,29,7,-1,IDLE,0
C3B93D0B,2421421,2421799.399,2421799399,999,2096,1935,90,90,FWD,29,7,-1,IDLE,0
C3B93D0B,2421422,2421800.400,2421800400,1001,2099,1935,90,90,FWD,29,7,-1,IDLE,0
C3B93D0B,2421423,2421801.399,2421801399,999,2099,1935,90,90,FWD,29,7,-1,IDLE,0
C3B93D0B,2421424,2421802.400,2421802400,1001,2100,1935,90,90,FWD,29,7,-1,IDLE,0
C3B93D0B,2421425,2421803.400,2421803400,1000,2100,1935,90,90,FWD,29,7,-1,IDLE,0
C3B93D0B,2421426,2421804.400,2421804400,1000,2101,1935,90,90,FWD,29,7,-1,IDLE,0
C3B93D0B,2421427,2421805.399,2421805399,999,2102,1935,90,90,FWD,29,7,-1,IDLE,0
C3B93D0B,2421428,2421806.400,2421806400,1001,2106,1935,90,90,FWD,29,7,-1,IDLE,0
C3B93D0B,2421429,2421807.399,2421807399,999,2106,1935,90,90,FWD,29,7,-1,IDLE,0
C3B93D0B,2421430,2421808.400,2421808400,1001,2108,1935,90,90,FWD,29,7,-1,IDLE,0
C3B93D0B,2421431,2421809.399,2421809399,999,2111,1935,90,90,FWD,29,7,-1,IDLE,0
C3B93D0B,2421432,2421810.400,2421810400,1001,2111,1935,90,90,FWD,29,7,-1,IDLE,0
C3B93D0B,2421433,2421811.399,2421811399,999,2112,1935,90,90,FWD,29,7,-1,IDLE,0
C3B93D0B,2421434,2421812.400,2421812400,1001,2112,1935,90,90,FWD,29,7,-1,IDLE,0
C3B93D0B,2421435,2421813.400,2421813400,1000,2112,1935,90,90,FWD,29,7,-1,IDLE,0
C3B93D0B,2421436,2421814.400,2421814400,1000,2110,1935,90,90,FWD,29,7,-1,IDLE,0
C3B93D0B,2421437,2421815.399,2421815399,999,2112,1935,90,90,FWD,29,7,-1,IDLE,0
C3B93D0B,2421438,2421816.400,2421816400,1001,2112,1935,90,90,FWD,29,7,-1,IDLE,0
C3B93D0B,2421439,2421817.399,2421817399,999,2111,1935,90,90,FWD,29,7,-1,IDLE,0
C3B93D0B,2421440,2421818.400,2421818400,1001,2112,1935,90,90,FWD,29,7,-1,IDLE,0
C3B93D0B,2421441,2421819.399,2421819399,999,2112,1935,90,90,FWD,29,7,-1,IDLE,0
C3B93D0B,2421442,2421820.400,2421820400,1001,2111,1935,90,90,FWD,29,7,-1,IDLE,0
C3B93D0B,2421443,2421821.399,2421821399,999,2112,1935,90,90,FWD,29,7,-1,IDLE,0
C3B93D0B,2421444,2421822.400,2421822400,1001,2110,1935,90,90,FWD,29,7,-1,IDLE,0
C3B93D0B,2421445,2421823.400,2421823400,1000,2112,1935,90,90,FWD,29,7,-1,IDLE,0
C3B93D0B,2421446,2421824.400,2421824400,1000,2112,1935,90,90,FWD,29,7,-1,IDLE,0
C3B93D0B,2421447,2421825.399,2421825399,999,2111,1935,90,90,FWD,29,7,-1,IDLE,0
C3B93D0B,2421448,2421826.400,2421826400,1001,2111,1935,90,90,FWD,29,7,-1,IDLE,0
C3B93D0B,2421449,2421827.399,2421827399,999,2107,1935,90,90,FWD,29,7,-1,IDLE,0
C3B93D0B,2421450,2421828.400,2421828400,1001,2107,1935,90,90,FWD,29,7,-1,IDLE,0
C3B93D0B,2421451,2421829.399,2421829399,999,2109,1935,90,90,FWD,29,7,-1,IDLE,0
C3B93D0B,2421452,2421830.400,2421830400,1001,2106,1935,90,90,FWD,29,7,-1,IDLE,0
C3B93D0B,2421453,2421831.399,2421831399,999,2106,1935,90,90,FWD,29,7,-1,IDLE,0
C3B93D0B,2421454,2421832.400,2421832400,1001,2107,1935,90,90,FWD,29,7,-1,IDLE,0
C3B93D0B,2421455,2421833.400,2421833400,1000,2103,1935,90,90,FWD,29,7,-1,IDLE,0
C3B93D0B,2421456,2421834.400,2421834400,1000,2101,1935,90,90,FWD,29,7,-1,IDLE,0
C3B93D0B,2421457,2421835.399,2421835399,999,2099,1935,90,90,FWD,29,7,-1,IDLE,0
C3B93D0B,2421458,2421836.403,2421836403,1004,2100,1935,90,90,FWD,29,7,-1,IDLE,0
C3B93D0B,2421459,2421837.452,2421837452,1049,2097,1935,90,90,FWD,29,7,-1,IDLE,0
C3B93D0B,2421460,2421838.400,2421838400,948,2098,1935,90,90,FWD,29,7,-1,IDLE,0
C3B93D0B,2421461,2421839.399,2421839399,999,2096,1935,90,90,FWD,29,7,-1,IDLE,0
C3B93D0B,2421462,2421840.400,2421840400,1001,2095,1935,90,90,FWD,29,7,-1,IDLE,0
C3B93D0B,2421463,2421841.399,2421841399,999,2094,1935,90,90,FWD,29,7,-1,IDLE,0
C3B93D0B,2421464,2421842.400,2421842400,1001,2101,1935,90,90,FWD,29,7,-1,IDLE,0
C3B93D0B,2421465,2421843.400,2421843400,1000,2099,1935,90,90,FWD,29,7,-1,IDLE,0
C3B93D0B,2421466,2421844.400,2421844400,1000,2097,1935,90,90,FWD,29,7,-1,IDLE,0
C3B93D0B,2421467,2421845.399,2421845399,999,2096,1935,90,90,FWD,29,7,-1,IDLE,0
C3B93D0B,2421468,2421846.400,2421846400,1001,2095,1935,90,90,FWD,29,7,-1,IDLE,0
C3B93D0B,2421469,2421847.399,2421847399,999,2094,1935,90,90,FWD,29,7,-1,IDLE,0
C3B93D0B,2421470,2421848.400,2421848400,1001,2092,1935,90,90,FWD,29,7,-1,IDLE,0
C3B93D0B,2421471,2421849.399,2421849399,999,2087,1935,90,90,FWD,29,7,-1,IDLE,0
C3B93D0B,2421472,2421850.400,2421850400,1001,2085,1935,90,90,FWD,29,7,-1,IDLE,0
C3B93D0B,2421473,2421851.399,2421851399,999,2081,1935,90,90,FWD,29,7,-1,IDLE,0
C3B93D0B,2421474,2421852.400,2421852400,1001,2079,1935,90,90,FWD,29,7,-1,IDLE,0
C3B93D0B,2421475,2421853.400,2421853400,1000,2075,1935,90,90,FWD,29,7,-1,IDLE,0
C3B93D0B,2421476,2421854.400,2421854400,1000,2076,1935,90,90,FWD,29,7,-1,IDLE,0
C3B93D0B,2421477,2421855.399,2421855399,999,2071,1935,90,90,FWD,29,7,-1,IDLE,0
C3B93D0B,2421478,2421856.400,2421856400,1001,2068,1935,90,90,FWD,29,7,-1,IDLE,0
C3B93D0B,2421479,2421857.399,2421857399,999,2064,1935,90,90,FWD,29,7,-1,IDLE,0
C3B93D0B,2421480,2421858.400,2421858400,1001,2064,1935,90,90,FWD,29,7,-1,IDLE,0
C3B93D0B,2421481,2421859.399,2421859399,999,2061,1935,90,90,FWD,29,7,-1,IDLE,0
C3B93D0B,2421482,2421860.400,2421860400,1001,2058,1935,90,90,FWD,29,7,-1,IDLE,0
C3B93D0B,2421483,2421861.399,2421861399,999,2054,1935,90,90,FWD,29,7,-1,IDLE,0
C3B93D0B,2421484,2421862.400,2421862400,1001,2047,1935,90,90,FWD,29,7,-1,IDLE,0
C3B93D0B,2421485,2421863.400,2421863400,1000,2044,1935,90,90,FWD,29,7,-1,IDLE,0
C3B93D0B,2421486,2421864.400,2421864400,1000,2038,1935,90,90,FWD,29,7,-1,IDLE,0
C3B93D0B,2421487,2421865.399,2421865399,999,2035,1935,90,90,FWD,29,7,-1,IDLE,0
C3B93D0B,2421488,2421866.400,2421866400,1001,2033,1935,90,90,FWD,29,7,-1,IDLE,0
C3B93D0B,2421489,2421867.399,2421867399,999,2032,1935,90,90,FWD,29,7,-1,IDLE,0
C3B93D0B,2421490,2421868.400,2421868400,1001,2030,1935,90,90,FWD,29,7,-1,IDLE,0
C3B93D0B,2421491,2421869.399,2421869399,999,2025,1935,90,90,FWD,29,7,-1,IDLE,0
C3B93D0B,2421492,2421870.400,2421870400,1001,2021,1935,90,90,FWD,29,7,-1,IDLE,0
C3B93D0B,2421493,2421871.399,2421871399,999,2019,1935,90,90,FWD,29,7,-1,IDLE,0
C3B93D0B,2421494,2421872.400,2421872400,1001,2014,1935,90,90,FWD,29,7,-1,IDLE,0
C3B93D0B,2421495,2421873.400,2421873400,1000,2010,1935,90,90,FWD,29,7,-1,IDLE,0
C3B93D0B,2421496,2421874.400,2421874400,1000,2007,1935,90,90,FWD,29,7,-1,IDLE,0
C3B93D0B,2421497,2421875.399,2421875399,999,2004,1935,90,90,FWD,29,7,-1,IDLE,0
C3B93D0B,2421498,2421876.400,2421876400,1001,2000,1935,90,90,FWD,29,7,-1,IDLE,0
C3B93D0B,2421499,2421877.399,2421877399,999,2000,1935,90,90,FWD,29,7,-1,IDLE,0
C3B93D0B,2421500,2421878.400,2421878400,1001,1996,1935,90,90,FWD,29,7,-1,IDLE,0
C3B93D0B,2421501,2421879.563,2421879563,1163,1991,1935,90,90,FWD,29,7,-1,IDLE,0
C3B93D0B,2421502,2421880.400,2421880400,837,1989,1935,90,90,FWD,29,7,-1,IDLE,0
C3B93D0B,2421503,2421881.399,2421881399,999,1985,1935,90,90,FWD,29,7,-1,IDLE,0
C3B93D0B,2421504,2421882.400,2421882400,1001,1982,1935,90,90,FWD,29,7,-1,IDLE,0
C3B93D0B,2421505,2421883.400,2421883400,1000,1981,1935,90,90,FWD,29,7,-1,IDLE,0
C3B93D0B,2421506,2421885.132,2421885132,1732,1954,1935,90,90,FWD,61,7,-1,IDLE,0
C3B93D0B,2421507,2421885.699,2421885699,567,1962,1935,90,90,FWD,29,7,-1,IDLE,0
C3B93D0B,2421508,2421886.400,2421886400,701,1962,1935,90,90,FWD,29,7,-1,IDLE,0
C3B93D0B,2421509,2421887.399,2421887399,999,1959,1935,90,90,FWD,29,7,-1,IDLE,0
C3B93D0B,2421510,2421888.400,2421888400,1001,1955,1935,90,90,FWD,29,7,-1,IDLE,0
C3B93D0B,2421511,2421889.399,2421889399,999,1953,1935,90,90,FWD,29,7,-1,IDLE,0
C3B93D0B,2421512,2421890.400,2421890400,1001,1952,1935,90,90,FWD,29,7,-1,IDLE,0
C3B93D0B,2421513,2421891.399,2421891399,999,1945,1935,90,90,FWD,29,7,-1,IDLE,0
C3B93D0B,2421514,2421892.801,2421892801,1402,1946,1935,90,90,FWD,61,7,-1,IDLE,0
C3B93D0B,2421515,2421893.726,2421893726,925,1940,1935,90,90,FWD,29,7,-1,IDLE,0
C3B93D0B,2421516,2421894.400,2421894400,674,1939,1935,90,90,FWD,29,7,-1,IDLE,0
C3B93D0B,2421517,2421895.399,2421895399,999,1937,1935,90,90,FWD,29,7,-1,IDLE,0
C3B93D0B,2421518,2421896.569,2421896569,1170,1933,1935,90,90,FWD,13,7,-1,IDLE,0
C3B93D0B,2421519,2421897.399,2421897399,830,1935,1935,90,90,FWD,13,7,-1,IDLE,0
C3B93D0B,2421520,2421898.399,2421898399,1000,1934,1935,90,90,FWD,13,7,-1,IDLE,0
C3B93D0B,2421521,2421899.399,2421899399,1000,1931,1935,90,90,FWD,13,7,-1,IDLE,0
C3B93D0B,2421522,2421900.399,2421900399,1000,1931,1935,90,90,FWD,13,7,-1,IDLE,0
C3B93D0B,2421523,2421901.399,2421901399,1000,1926,1935,90,90,FWD,13,7,-1,IDLE,0
C3B93D0B,2421524,2421902.399,2421902399,1000,1926,1935,90,90,FWD,13,7,-1,IDLE,0
C3B93D0B,2421525,2421903.400,2421903400,1001,1922,1935,90,90,FWD,13,7,-1,IDLE,0
C3B93D0B,2421526,2421904.625,2421904625,1225,1919,1935,90,90,FWD,13,7,-1,IDLE,0
C3B93D0B,2421527,2421905.402,2421905402,777,1921,1935,90,90,FWD,13,7,-1,IDLE,0
C3B93D0B,2421528,2421906.414,2421906414,1012,1916,1935,90,90,FWD,13,7,-1,IDLE,0
C3B93D0B,2421529,2421908.927,2421908927,2513,1913,1935,90,90,FWD,45,7,-1,IDLE,0
C3B93D0B,2421530,2421909.506,2421909506,579,1914,1935,90,90,FWD,13,7,-1,IDLE,0
C3B93D0B,2421531,2421909.739,2421909739,233,1915,1935,90,90,FWD,13,7,-1,IDLE,0
C3B93D0B,2421532,2421910.808,2421910808,1069,1913,1935,90,90,FWD,13,7,-1,IDLE,0
C3B93D0B,2421533,2421911.399,2421911399,591,1910,1935,90,90,FWD,13,7,-1,IDLE,0
C3B93D0B,2421534,2421912.399,2421912399,1000,1910,1935,90,90,FWD,13,7,-1,IDLE,0
C3B93D0B,2421535,2421913.399,2421913399,1000,1907,1935,90,90,FWD,13,7,-1,IDLE,0
C3B93D0B,2421536,2421914.399,2421914399,1000,1905,1935,90,90,FWD,13,7,-1,IDLE,0
C3B93D0B,2421537,2421915.399,2421915399,1000,1909,1935,90,90,FWD,13,7,-1,IDLE,0
C3B93D0B,2421538,2421916.400,2421916400,1001,1904,1935,90,90,FWD,13,7,-1,IDLE,0
C3B93D0B,2421539,2421917.399,2421917399,999,1904,1935,90,90,FWD,13,7,-1,IDLE,0
C3B93D0B,2421540,2421918.399,2421918399,1000,1904,1935,90,90,FWD,13,7,-1,IDLE,0
C3B93D0B,2421541,2421919.399,2421919399,1000,1904,1935,90,90,FWD,13,7,-1,IDLE,0
C3B93D0B,2421542,2421920.399,2421920399,1000,1903,1935,90,90,FWD,13,7,-1,IDLE,0
C3B93D0B,2421543,2421921.399,2421921399,1000,1904,1935,90,90,FWD,13,7,-1,IDLE,0
C3B93D0B,2421544,2421922.399,2421922399,1000,1904,1935,90,90,FWD,13,7,-1,IDLE,0
C3B93D0B,2421545,2421923.399,2421923399,1000,1904,1935,90,90,FWD,13,7,-1,IDLE,0
C3B93D0B,2421546,2421924.399,2421924399,1000,1901,1935,90,90,FWD,13,7,-1,IDLE,0
C3B93D0B,2421547,2421925.399,2421925399,1000,1901,1935,90,90,FWD,13,7,-1,IDLE,0
C3B93D0B,2421548,2421926.400,2421926400,1001,1898,1935,90,90,FWD,13,7,-1,IDLE,0
C3B93D0B,2421549,2421927.399,2421927399,999,1900,1935,90,90,FWD,13,7,-1,IDLE,0
C3B93D0B,2421550,2421928.399,2421928399,1000,1901,1935,90,90,FWD,13,7,-1,IDLE,0
C3B93D0B,2421551,2421929.399,2421929399,1000,1898,1935,90,90,FWD,13,7,-1,IDLE,0
C3B93D0B,2421552,2421930.400,2421930400,1001,1899,1935,90,90,FWD,13,7,-1,IDLE,0
C3B93D0B,2421553,2421931.399,2421931399,999,1895,1935,90,90,FWD,13,7,-1,IDLE,0
C3B93D0B,2421554,2421932.400,2421932400,1001,1899,1935,90,90,FWD,13,7,-1,IDLE,0
C3B93D0B,2421555,2421933.400,2421933400,1000,1895,1935,90,90,FWD,13,7,-1,IDLE,0
C3B93D0B,2421556,2421934.400,2421934400,1000,1895,1935,90,90,FWD,13,7,-1,IDLE,0
C3B93D0B,2421557,2421935.399,2421935399,999,1893,1935,90,90,FWD,13,7,-1,IDLE,0
C3B93D0B,2421558,2421936.401,2421936401,1002,1893,1935,90,90,FWD,13,7,-1,IDLE,0
C3B93D0B,2421559,2421937.399,2421937399,998,1894,1935,90,90,FWD,13,7,-1,IDLE,0
C3B93D0B,2421560,2421938.400,2421938400,1001,1894,1935,90,90,FWD,13,7,-1,IDLE,0
C3B93D0B,2421561,2421939.399,2421939399,999,1894,1935,90,90,FWD,13,7,-1,IDLE,0
C3B93D0B,2421562,2421940.400,2421940400,1001,1893,1935,90,90,FWD,13,7,-1,IDLE,0
C3B93D0B,2421563,2421941.399,2421941399,999,1894,1935,90,90,FWD,13,7,-1,IDLE,0
C3B93D0B,2421564,2421942.400,2421942400,1001,1890,1935,90,90,FWD,13,7,-1,IDLE,0
C3B93D0B,2421565,2421943.399,2421943399,999,1893,1935,90,90,FWD,13,7,-1,IDLE,0
C3B93D0B,2421566,2421944.400,2421944400,1001,1893,1935,90,90,FWD,13,7,-1,IDLE,0
C3B93D0B,2421567,2421945.399,2421945399,999,1891,1935,90,90,FWD,13,7,-1,IDLE,0
C3B93D0B,2421568,2421946.401,2421946401,1002,1893,1935,90,90,FWD,13,7,-1,IDLE,0
C3B93D0B,2421569,2421947.399,2421947399,998,1891,1935,90,90,FWD,13,7,-1,IDLE,0
C3B93D0B,2421570,2421948.400,2421948400,1001,1891,1935,90,90,FWD,13,7,-1,IDLE,0
C3B93D0B,2421571,2421949.399,2421949399,999,1890,1935,90,90,FWD,13,7,-1,IDLE,0
C3B93D0B,2421572,2421950.400,2421950400,1001,1893,1935,90,90,FWD,13,7,-1,IDLE,0
C3B93D0B,2421573,2421951.399,2421951399,999,1892,1935,90,90,FWD,13,7,-1,IDLE,0
C3B93D0B,2421574,2421952.400,2421952400,1001,1894,1935,90,90,FWD,13,7,-1,IDLE,0
C3B93D0B,2421575,2421953.399,2421953399,999,1891,1935,90,90,FWD,13,7,-1,IDLE,0
C3B93D0B,2421576,2421954.400,2421954400,1001,1890,1935,90,90,FWD,13,7,-1,IDLE,0
C3B93D0B,2421577,2421955.399,2421955399,999,1891,1935,90,90,FWD,13,7,-1,IDLE,0
C3B93D0B,2421578,2421956.401,2421956401,1002,1890,1935,90,90,FWD,13,7,-1,IDLE,0
C3B93D0B,2421579,2421957.399,2421957399,998,1893,1935,90,90,FWD,13,7,-1,IDLE,0
C3B93D0B,2421580,2421958.400,2421958400,1001,1891,1935,90,90,FWD,13,7,-1,IDLE,0
C3B93D0B,2421581,2421959.399,2421959399,999,1890,1935,90,90,FWD,13,7,-1,IDLE,0
C3B93D0B,2421582,2421960.745,2421960745,1346,1888,1935,90,90,FWD,45,7,-1,IDLE,0
C3B93D0B,2421583,2421961.399,2421961399,654,1890,1935,90,90,FWD,13,7,-1,IDLE,0
C3B93D0B,2421584,2421962.400,2421962400,1001,1891,1935,90,90,FWD,13,7,-1,IDLE,0
C3B93D0B,2421585,2421963.399,2421963399,999,1891,1935,90,90,FWD,13,7,-1,IDLE,0
C3B93D0B,2421586,2421964.400,2421964400,1001,1891,1935,90,90,FWD,13,7,-1,IDLE,0
C3B93D0B,2421587,2421965.399,2421965399,999,1891,1935,90,90,FWD,13,7,-1,IDLE,0
C3B93D0B,2421588,2421966.402,2421966402,1003,1903,1935,90,90,FWD,13,7,-1,IDLE,0
C3B93D0B,2421589,2421967.399,2421967399,997,1904,1935,90,90,FWD,13,7,-1,IDLE,0
C3B93D0B,2421590,2421968.400,2421968400,1001,1903,1935,90,90,FWD,13,7,-1,IDLE,0
C3B93D0B,2421591,2421969.399,2421969399,999,1903,1935,90,90,FWD,13,7,-1,IDLE,0
C3B93D0B,2421592,2421970.400,2421970400,1001,1904,1935,90,90,FWD,13,7,-1,IDLE,0
C3B93D0B,2421593,2421971.399,2421971399,999,1902,1935,90,90,FWD,13,7,-1,IDLE,0
C3B93D0B,2421594,2421972.400,2421972400,1001,1904,1935,90,90,FWD,13,7,-1,IDLE,0
C3B93D0B,2421595,2421973.399,2421973399,999,1902,1935,90,90,FWD,13,7,-1,IDLE,0
C3B93D0B,2421596,2421974.400,2421974400,1001,1903,1935,90,90,FWD,13,7,-1,IDLE,0
C3B93D0B,2421597,2421975.399,2421975399,999,1902,1935,90,90,FWD,13,7,-1,IDLE,0
C3B93D0B,2421598,2421976.401,2421976401,1002,1901,1935,90,90,FWD,13,7,-1,IDLE,0
C3B93D0B,2421599,2421977.399,2421977399,998,1904,1935,90,90,FWD,13,7,-1,IDLE,0
C3B93D0B,2421600,2421978.400,2421978400,1001,1902,1935,90,90,FWD,13,6,-1,IDLE,0
C3B93D0B,2421601,2421979.399,2421979399,999,1901,1935,90,90,FWD,13,6,-1,IDLE,0
C3B93D0B,2421602,2421980.400,2421980400,1001,1900,1935,90,90,FWD,13,6,-1,IDLE,0
C3B93D0B,2421603,2421981.399,2421981399,999,1901,1935,90,90,FWD,13,6,-1,IDLE,0
C3B93D0B,2421604,2421982.400,2421982400,1001,1904,1935,90,90,FWD,13,6,-1,IDLE,0
C3B93D0B,2421605,2421983.399,2421983399,999,1902,1935,90,90,FWD,13,6,-1,IDLE,0
C3B93D0B,2421606,2421984.400,2421984400,1001,1903,1935,90,90,FWD,13,6,-1,IDLE,0
C3B93D0B,2421607,2421985.399,2421985399,999,1902,1935,90,90,FWD,13,6,-1,IDLE,0
C3B93D0B,2421608,2421986.401,2421986401,1002,1902,1935,90,90,FWD,13,6,-1,IDLE,0
C3B93D0B,2421609,2421988.225,2421988225,1824,1888,1935,90,90,FWD,45,6,-1,IDLE,0
C3B93D0B,2421610,2421988.826,2421988826,601,1888,1935,90,90,FWD,13,6,-1,IDLE,0
C3B93D0B,2421611,2421989.653,2421989653,827,1890,1935,90,90,FWD,13,6,-1,IDLE,0
C3B93D0B,2421612,2421990.399,2421990399,746,1892,1935,90,90,FWD,13,6,-1,IDLE,0
C3B93D0B,2421613,2421991.400,2421991400,1001,1892,1935,90,90,FWD,13,6,-1,IDLE,0
C3B93D0B,2421614,2421992.399,2421992399,999,1892,1935,90,90,FWD,13,6,-1,IDLE,0
C3B93D0B,2421615,2421993.400,2421993400,1001,1891,1935,90,90,FWD,13,6,-1,IDLE,0
C3B93D0B,2421616,2421994.399,2421994399,999,1892,1935,90,90,FWD,13,6,-1,IDLE,0
C3B93D0B,2421617,2421995.400,2421995400,1001,1893,1935,90,90,FWD,13,6,-1,IDLE,0
C3B93D0B,2421618,2421996.403,2421996403,1003,1891,1935,90,90,FWD,13,6,-1,IDLE,0
C3B93D0B,2421619,2421997.400,2421997400,997,1893,1935,90,90,FWD,13,6,-1,IDLE,0
C3B93D0B,2421620,2421998.399,2421998399,999,1891,1935,90,90,FWD,13,6,-1,IDLE,0
C3B93D0B,2421621,2421999.400,2421999400,1001,1893,1935,90,90,FWD,13,6,-1,IDLE,0
C3B93D0B,2421622,2422000.399,2422000399,999,1892,1935,90,90,FWD,13,6,-1,IDLE,0
C3B93D0B,2421623,2422001.400,2422001400,1001,1891,1935,90,90,FWD,13,6,-1,IDLE,0
C3B93D0B,2421624,2422002.399,2422002399,999,1893,1935,90,90,FWD,13,6,-1,IDLE,0
C3B93D0B,2421625,2422003.400,2422003400,1001,1893,1935,90,90,FWD,13,6,-1,IDLE,0
C3B93D0B,2421626,2422004.399,2422004399,999,1892,1935,90,90,FWD,13,6,-1,IDLE,0
C3B93D0B,2421627,2422005.400,2422005400,1001,1891,1935,90,90,FWD,13,6,-1,IDLE,0
C3B93D0B,2421628,2422006.400,2422006400,1000,1890,1935,90,90,FWD,13,6,-1,IDLE,0
C3B93D0B,2421629,2422007.400,2422007400,1000,1893,1935,90,90,FWD,13,6,-1,IDLE,0
C3B93D0B,2421630,2422008.399,2422008399,999,1893,1935,90,90,FWD,13,6,-1,IDLE,0
C3B93D0B,2421631,2422009.400,2422009400,1001,1890,1935,90,90,FWD,13,6,-1,IDLE,0
C3B93D0B,2421632,2422010.399,2422010399,999,1894,1935,90,90,FWD,13,6,-1,IDLE,0
C3B93D0B,2421633,2422011.400,2422011400,1001,1893,1935,90,90,FWD,13,6,-1,IDLE,0
C3B93D0B,2421634,2422012.399,2422012399,999,1895,1935,90,90,FWD,13,6,-1,IDLE,0
C3B93D0B,2421635,2422013.400,2422013400,1001,1891,1935,90,90,FWD,13,6,-1,IDLE,0
C3B93D0B,2421636,2422014.399,2422014399,999,1892,1935,90,90,FWD,13,6,-1,IDLE,0
C3B93D0B,2421637,2422015.400,2422015400,1001,1891,1935,90,90,FWD,13,6,-1,IDLE,0
C3B93D0B,2421638,2422016.400,2422016400,1000,1891,1935,90,90,FWD,13,6,-1,IDLE,0
C3B93D0B,2421639,2422017.402,2422017402,1002,1892,1935,90,90,FWD,13,6,-1,IDLE,0
C3B93D0B,2421640,2422018.401,2422018401,999,1894,1935,90,90,FWD,13,6,-1,IDLE,0
C3B93D0B,2421641,2422019.400,2422019400,999,1892,1935,90,90,FWD,13,6,-1,IDLE,0
C3B93D0B,2421642,2422020.399,2422020399,999,1895,1935,90,90,FWD,13,6,-1,IDLE,0
C3B93D0B,2421643,2422021.400,2422021400,1001,1895,1935,90,90,FWD,13,6,-1,IDLE,0
C3B93D0B,2421644,2422022.399,2422022399,999,1894,1935,90,90,FWD,13,6,-1,IDLE,0
C3B93D0B,2421645,2422023.400,2422023400,1001,1894,1935,90,90,FWD,13,6,-1,IDLE,0
C3B93D0B,2421646,2422024.399,2422024399,999,1893,1935,90,90,FWD,13,6,-1,IDLE,0
C3B93D0B,2421647,2422025.400,2422025400,1001,1893,1935,90,90,FWD,13,6,-1,IDLE,0
C3B93D0B,2421648,2422026.399,2422026399,999,1894,1935,90,90,FWD,13,6,-1,IDLE,0
C3B93D0B,2421649,2422027.401,2422027401,1002,1894,1935,90,90,FWD,13,6,-1,IDLE,0
C3B93D0B,2421650,2422028.399,2422028399,998,1895,1935,90,90,FWD,13,6,-1,IDLE,0
C3B93D0B,2421651,2422029.400,2422029400,1001,1895,1935,90,90,FWD,13,6,-1,IDLE,0
C3B93D0B,2421652,2422030.399,2422030399,999,1894,1935,90,90,FWD,13,6,-1,IDLE,0
C3B93D0B,2421653,2422031.400,2422031400,1001,1894,1935,90,90,FWD,13,6,-1,IDLE,0
C3B93D0B,2421654,2422032.399,2422032399,999,1896,1935,90,90,FWD,13,6,-1,IDLE,0
C3B93D0B,2421655,2422033.400,2422033400,1001,1895,1935,90,90,FWD,13,6,-1,IDLE,0
C3B93D0B,2421656,2422034.399,2422034399,999,1895,1935,90,90,FWD,13,6,-1,IDLE,0
C3B93D0B,2421657,2422035.400,2422035400,1001,1895,1935,90,90,FWD,13,6,-1,IDLE,0
C3B93D0B,2421658,2422036.399,2422036399,999,1896,1935,90,90,FWD,13,6,-1,IDLE,0
C3B93D0B,2421659,2422037.401,2422037401,1002,1895,1935,90,90,FWD,13,6,-1,IDLE,0
C3B93D0B,2421660,2422038.399,2422038399,998,1898,1935,90,90,FWD,13,6,-1,IDLE,0
C3B93D0B,2421661,2422039.400,2422039400,1001,1893,1935,90,90,FWD,13,6,-1,IDLE,0
C3B93D0B,2421662,2422040.399,2422040399,999,1895,1935,90,90,FWD,13,6,-1,IDLE,0
C3B93D0B,2421663,2422041.400,2422041400,1001,1895,1935,90,90,FWD,13,6,-1,IDLE,0
C3B93D0B,2421664,2422042.399,2422042399,999,1895,1935,90,90,FWD,13,6,-1,IDLE,0
C3B93D0B,2421665,2422043.400,2422043400,1001,1893,1935,90,90,FWD,13,6,-1,IDLE,0
C3B93D0B,2421666,2422044.399,2422044399,999,1896,1935,90,90,FWD,13,6,-1,IDLE,0
C3B93D0B,2421667,2422045.400,2422045400,1001,1895,1935,90,90,FWD,13,6,-1,IDLE,0
C3B93D0B,2421668,2422046.399,2422046399,999,1895,1935,90,90,FWD,13,6,-1,IDLE,0
C3B93D0B,2421669,2422047.401,2422047401,1002,1898,1935,90,90,FWD,13,6,-1,IDLE,0
C3B93D0B,2421670,2422048.399,2422048399,998,1894,1935,90,90,FWD,13,6,-1,IDLE,0
C3B93D0B,2421671,2422049.400,2422049400,1001,1895,1935,90,90,FWD,13,6,-1,IDLE,0
C3B93D0B,2421672,2422050.399,2422050399,999,1894,1935,90,90,FWD,13,6,-1,IDLE,0
C3B93D0B,2421673,2422051.400,2422051400,1001,1895,1935,90,90,FWD,13,6,-1,IDLE,0
C3B93D0B,2421674,2422052.399,2422052399,999,1898,1935,90,90,FWD,13,6,-1,IDLE,0
C3B93D0B,2421675,2422053.400,2422053400,1001,1895,1935,90,90,FWD,13,6,-1,IDLE,0
C3B93D0B,2421676,2422054.399,2422054399,999,1897,1935,90,90,FWD,13,6,-1,IDLE,0
C3B93D0B,2421677,2422055.400,2422055400,1001,1898,1935,90,90,FWD,13,6,-1,IDLE,0
C3B93D0B,2421678,2422056.399,2422056399,999,1895,1935,90,90,FWD,13,6,-1,IDLE,0
C3B93D0B,2421679,2422057.401,2422057401,1002,1897,1935,90,90,FWD,13,6,-1,IDLE,0
C3B93D0B,2421680,2422058.399,2422058399,998,1897,1935,90,90,FWD,13,6,-1,IDLE,0
C3B93D0B,2421681,2422059.400,2422059400,1001,1895,1935,90,90,FWD,13,6,-1,IDLE,0
C3B93D0B,2421682,2422060.399,2422060399,999,1898,1935,90,90,FWD,13,6,-1,IDLE,0
C3B93D0B,2421683,2422061.400,2422061400,1001,1897,1935,90,90,FWD,13,6,-1,IDLE,0
C3B93D0B,2421684,2422062.399,2422062399,999,1895,1935,90,90,FWD,13,6,-1,IDLE,0
C3B93D0B,2421685,2422063.400,2422063400,1001,1894,1935,90,90,FWD,13,6,-1,IDLE,0
C3B93D0B,2421686,2422064.399,2422064399,999,1898,1935,90,90,FWD,13,6,-1,IDLE,0
C3B93D0B,2421687,2422065.400,2422065400,1001,1897,1935,90,90,FWD,13,6,-1,IDLE,0
C3B93D0B,2421688,2422066.399,2422066399,999,1897,1935,90,90,FWD,13,6,-1,IDLE,0
C3B93D0B,2421689,2422067.401,2422067401,1002,1897,1935,90,90,FWD,13,6,-1,IDLE,0
C3B93D0B,2421690,2422068.399,2422068399,998,1895,1935,90,90,FWD,13,6,-1,IDLE,0
C3B93D0B,2421691,2422069.610,2422069610,1211,1895,1935,90,90,FWD,13,6,-1,IDLE,0
C3B93D0B,2421692,2422070.399,2422070399,789,1898,1935,90,90,FWD,13,6,-1,IDLE,0
C3B93D0B,2421693,2422071.400,2422071400,1001,1896,1935,90,90,FWD,13,6,-1,IDLE,0
C3B93D0B,2421694,2422072.399,2422072399,999,1897,1935,90,90,FWD,13,6,-1,IDLE,0
C3B93D0B,2421695,2422073.400,2422073400,1001,1898,1935,90,90,FWD,13,6,-1,IDLE,0
C3B93D0B,2421696,2422074.399,2422074399,999,1895,1935,90,90,FWD,13,6,-1,IDLE,0
C3B93D0B,2421697,2422075.401,2422075401,1002,1907,1935,90,90,FWD,13,6,-1,IDLE,0
C3B93D0B,2421698,2422076.399,2422076399,998,1908,1935,90,90,FWD,13,6,-1,IDLE,0
C3B93D0B,2421699,2422077.401,2422077401,1002,1906,1935,90,90,FWD,13,6,-1,IDLE,0
C3B93D0B,2421700,2422079.124,2422079124,1723,1898,1935,90,90,FWD,45,6,-1,IDLE,0
C3B93D0B,2421701,2422079.430,2422079430,306,1897,1935,90,90,FWD,13,6,-1,IDLE,0
C3B93D0B,2421702,2422080.400,2422080400,970,1897,1935,90,90,FWD,13,6,-1,IDLE,0
C3B93D0B,2421703,2422081.419,2422081419,1019,1897,1935,90,90,FWD,13,6,-1,IDLE,0
C3B93D0B,2421704,2422082.400,2422082400,981,1897,1935,90,90,FWD,13,6,-1,IDLE,0
C3B93D0B,2421705,2422083.399,2422083399,999,1898,1935,90,90,FWD,13,6,-1,IDLE,0
C3B93D0B,2421706,2422084.400,2422084400,1001,1895,1935,90,90,FWD,13,6,-1,IDLE,0
C3B93D0B,2421707,2422085.399,2422085399,999,1901,1935,90,90,FWD,13,6,-1,IDLE,0
C3B93D0B,2421708,2422086.400,2422086400,1001,1897,1935,90,90,FWD,13,6,-1,IDLE,0
C3B93D0B,2421709,2422087.400,2422087400,1000,1897,1935,90,90,FWD,13,6,-1,IDLE,0
C3B93D0B,2421710,2422088.400,2422088400,1000,1896,1935,90,90,FWD,13,6,-1,IDLE,0
C3B93D0B,2421711,2422089.399,2422089399,999,1899,1935,90,90,FWD,13,6,-1,IDLE,0
C3B93D0B,2421712,2422090.400,2422090400,1001,1898,1935,90,90,FWD,13,6,-1,IDLE,0
C3B93D0B,2421713,2422091.399,2422091399,999,1897,1935,90,90,FWD,13,6,-1,IDLE,0
C3B93D0B,2421714,2422092.400,2422092400,1001,1900,1935,90,90,FWD,13,6,-1,IDLE,0
C3B93D0B,2421715,2422093.399,2422093399,999,1899,1935,90,90,FWD,13,6,-1,IDLE,0
C3B93D0B,2421716,2422094.400,2422094400,1001,1898,1935,90,90,FWD,13,6,-1,IDLE,0
C3B93D0B,2421717,2422095.399,2422095399,999,1899,1935,90,90,FWD,13,6,-1,IDLE,0
C3B93D0B,2421718,2422096.400,2422096400,1001,1898,1935,90,90,FWD,13,6,-1,IDLE,0
C3B93D0B,2421719,2422097.488,2422097488,1088,1903,1935,90,90,FWD,13,6,-1,IDLE,0
C3B93D0B,2421720,2422098.400,2422098400,912,1899,1935,90,90,FWD,13,6,-1,IDLE,0
C3B93D0B,2421721,2422099.399,2422099399,999,1899,1935,90,90,FWD,13,6,-1,IDLE,0
C3B93D0B,2421722,2422100.400,2422100400,1001,1899,1935,90,90,FWD,13,6,-1,IDLE,0
C3B93D0B,2421723,2422101.399,2422101399,999,1901,1935,90,90,FWD,13,6,-1,IDLE,0
C3B93D0B,2421724,2422102.400,2422102400,1001,1894,1935,90,90,FWD,13,6,-1,IDLE,0
C3B93D0B,2421725,2422103.399,2422103399,999,1901,1935,90,90,FWD,13,6,-1,IDLE,0
C3B93D0B,2421726,2422104.400,2422104400,1001,1897,1935,90,90,FWD,13,6,-1,IDLE,0
C3B93D0B,2421727,2422105.399,2422105399,999,1898,1935,90,90,FWD,13,6,-1,IDLE,0
C3B93D0B,2421728,2422106.400,2422106400,1001,1898,1935,90,90,FWD,13,6,-1,IDLE,0
C3B93D0B,2421729,2422107.400,2422107400,1000,1898,1935,90,90,FWD,13,6,-1,IDLE,0
C3B93D0B,2421730,2422108.400,2422108400,1000,1897,1935,90,90,FWD,13,6,-1,IDLE,0
C3B93D0B,2421731,2422109.399,2422109399,999,1899,1935,90,90,FWD,13,6,-1,IDLE,0
C3B93D0B,2421732,2422110.400,2422110400,1001,1900,1935,90,90,FWD,13,6,-1,IDLE,0
C3B93D0B,2421733,2422111.399,2422111399,999,1898,1935,90,90,FWD,13,6,-1,IDLE,0
C3B93D0B,2421734,2422112.400,2422112400,1001,1898,1935,90,90,FWD,13,6,-1,IDLE,0
C3B93D0B,2421735,2422113.399,2422113399,999,1899,1935,90,90,FWD,13,6,-1,IDLE,0
C3B93D0B,2421736,2422114.400,2422114400,1001,1898,1935,90,90,FWD,13,6,-1,IDLE,0
C3B93D0B,2421737,2422115.399,2422115399,999,1901,1935,90,90,FWD,13,6,-1,IDLE,0
C3B93D0B,2421738,2422116.400,2422116400,1001,1901,1935,90,90,FWD,13,6,-1,IDLE,0
C3B93D0B,2421739,2422117.400,2422117400,1000,1897,1935,90,90,FWD,13,6,-1,IDLE,0
C3B93D0B,2421740,2422118.400,2422118400,1000,1898,1935,90,90,FWD,13,6,-1,IDLE,0
C3B93D0B,2421741,2422119.399,2422119399,999,1899,1935,90,90,FWD,13,6,-1,IDLE,0
C3B93D0B,2421742,2422120.400,2422120400,1001,1901,1935,90,90,FWD,13,6,-1,IDLE,0
C3B93D0B,2421743,2422121.399,2422121399,999,1898,1935,90,90,FWD,13,6,-1,IDLE,0
C3B93D0B,2421744,2422122.400,2422122400,1001,1899,1935,90,90,FWD,13,6,-1,IDLE,0
C3B93D0B,2421745,2422123.399,2422123399,999,1899,1935,90,90,FWD,13,6,-1,IDLE,0
C3B93D0B,2421746,2422124.400,2422124400,1001,1903,1935,90,90,FWD,13,6,-1,IDLE,0
C3B93D0B,2421747,2422125.399,2422125399,999,1901,1935,90,90,FWD,13,6,-1,IDLE,0
C3B93D0B,2421748,2422126.400,2422126400,1001,1899,1935,90,90,FWD,13,6,-1,IDLE,0
C3B93D0B,2421749,2422127.400,2422127400,1000,1898,1935,90,90,FWD,13,6,-1,IDLE,0
C3B93D0B,2421750,2422128.400,2422128400,1000,1901,1935,90,90,FWD,13,6,-1,IDLE,0
C3B93D0B,2421751,2422129.399,2422129399,999,1901,1935,90,90,FWD,13,6,-1,IDLE,0
C3B93D0B,2421752,2422130.400,2422130400,1001,1899,1935,90,90,FWD,13,6,-1,IDLE,0
C3B93D0B,2421753,2422131.910,2422131910,1510,1899,1935,90,90,FWD,45,6,-1,IDLE,0
C3B93D0B,2421754,2422132.609,2422132609,699,1901,1935,90,90,FWD,13,6,-1,IDLE,0
C3B93D0B,2421755,2422133.399,2422133399,790,1897,1935,90,90,FWD,13,6,-1,IDLE,0
C3B93D0B,2421756,2422134.400,2422134400,1001,1901,1935,90,90,FWD,13,6,-1,IDLE,0
C3B93D0B,2421757,2422135.399,2422135399,999,1901,1935,90,90,FWD,13,6,-1,IDLE,0
C3B93D0B,2421758,2422136.400,2422136400,1001,1899,1935,90,90,FWD,13,6,-1,IDLE,0
C3B93D0B,2421759,2422137.400,2422137400,1000,1901,1935,90,90,FWD,13,6,-1,IDLE,0
C3B93D0B,2421760,2422138.400,2422138400,1000,1909,1935,90,90,FWD,13,6,-1,IDLE,0
C3B93D0B,2421761,2422139.399,2422139399,999,1908,1935,90,90,FWD,13,6,-1,IDLE,0
C3B93D0B,2421762,2422140.400,2422140400,1001,1906,1935,90,90,FWD,13,6,-1,IDLE,0
C3B93D0B,2421763,2422141.399,2422141399,999,1910,1935,90,90,FWD,13,6,-1,IDLE,0
C3B93D0B,2421764,2422142.400,2422142400,1001,1907,1935,90,90,FWD,13,6,-1,IDLE,0
C3B93D0B,2421765,2422143.399,2422143399,999,1907,1935,90,90,FWD,13,6,-1,IDLE,0
C3B93D0B,2421766,2422144.400,2422144400,1001,1907,1935,90,90,FWD,13,6,-1,IDLE,0
C3B93D0B,2421767,2422145.399,2422145399,999,1907,1935,90,90,FWD,13,6,-1,IDLE,0
C3B93D0B,2421768,2422146.583,2422146583,1184,1907,1935,90,90,FWD,13,6,-1,IDLE,0
C3B93D0B,2421769,2422147.400,2422147400,817,1905,1935,90,90,FWD,13,6,-1,IDLE,0
C3B93D0B,2421770,2422148.400,2422148400,1000,1908,1935,90,90,FWD,13,6,-1,IDLE,0
C3B93D0B,2421771,2422149.399,2422149399,999,1906,1935,90,90,FWD,13,6,-1,IDLE,0
C3B93D0B,2421772,2422150.400,2422150400,1001,1907,1935,90,90,FWD,13,6,-1,IDLE,0
C3B93D0B,2421773,2422151.399,2422151399,999,1907,1935,90,90,FWD,13,6,-1,IDLE,0
C3B93D0B,2421774,2422152.400,2422152400,1001,1907,1935,90,90,FWD,13,6,-1,IDLE,0
C3B93D0B,2421775,2422153.399,2422153399,999,1907,1935,90,90,FWD,13,6,-1,IDLE,0
C3B93D0B,2421776,2422154.400,2422154400,1001,1908,1935,90,90,FWD,13,6,-1,IDLE,0
C3B93D0B,2421777,2422155.399,2422155399,999,1906,1935,90,90,FWD,13,6,-1,IDLE,0
C3B93D0B,2421778,2422156.400,2422156400,1001,1905,1935,90,90,FWD,13,6,-1,IDLE,0
C3B93D0B,2421779,2422157.400,2422157400,1000,1907,1935,90,90,FWD,13,6,-1,IDLE,0
C3B93D0B,2421780,2422158.400,2422158400,1000,1906,1935,90,90,FWD,13,6,-1,IDLE,0
C3B93D0B,2421781,2422159.399,2422159399,999,1905,1935,90,90,FWD,13,6,-1,IDLE,0
C3B93D0B,2421782,2422160.400,2422160400,1001,1908,1935,90,90,FWD,13,6,-1,IDLE,0
C3B93D0B,2421783,2422161.399,2422161399,999,1908,1935,90,90,FWD,13,6,-1,IDLE,0
C3B93D0B,2421784,2422162.400,2422162400,1001,1907,1935,90,90,FWD,13,6,-1,IDLE,0
C3B93D0B,2421785,2422163.399,2422163399,999,1905,1935,90,90,FWD,13,6,-1,IDLE,0
C3B93D0B,2421786,2422164.400,2422164400,1001,1907,1935,90,90,FWD,13,6,-1,IDLE,0
C3B93D0B,2421787,2422165.399,2422165399,999,1907,1935,90,90,FWD,13,6,-1,IDLE,0
C3B93D0B,2421788,2422166.400,2422166400,1001,1907,1935,90,90,FWD,13,6,-1,IDLE,0
C3B93D0B,2421789,2422167.400,2422167400,1000,1908,1935,90,90,FWD,13,6,-1,IDLE,0
C3B93D0B,2421790,2422168.400,2422168400,1000,1904,1935,90,90,FWD,13,6,-1,IDLE,0
C3B93D0B,2421791,2422169.399,2422169399,999,1907,1935,90,90,FWD,13,6,-1,IDLE,0
C3B93D0B,2421792,2422170.400,2422170400,1001,1906,1935,90,90,FWD,13,6,-1,IDLE,0
C3B93D0B,2421793,2422171.399,2422171399,999,1905,1935,90,90,FWD,13,6,-1,IDLE,0
C3B93D0B,2421794,2422172.400,2422172400,1001,1905,1935,90,90,FWD,13,6,-1,IDLE,0
C3B93D0B,2421795,2422173.399,2422173399,999,1905,1935,90,90,FWD,13,6,-1,IDLE,0
C3B93D0B,2421796,2422174.400,2422174400,1001,1904,1935,90,90,FWD,13,6,-1,IDLE,0
C3B93D0B,2421797,2422175.399,2422175399,999,1906,1935,90,90,FWD,13,6,-1,IDLE,0
C3B93D0B,2421798,2422176.400,2422176400,1001,1907,1935,90,90,FWD,13,6,-1,IDLE,0
C3B93D0B,2421799,2422177.400,2422177400,1000,1907,1935,90,90,FWD,13,6,-1,IDLE,0
C3B93D0B,2421800,2422179.165,2422179165,1765,1892,1935,90,90,FWD,45,6,-1,IDLE,0
C3B93D0B,2421801,2422179.486,2422179486,321,1895,1935,90,90,FWD,13,6,-1,IDLE,0
C3B93D0B,2421802,2422180.400,2422180400,914,1897,1935,90,90,FWD,13,6,-1,IDLE,0
C3B93D0B,2421803,2422181.399,2422181399,999,1895,1935,90,90,FWD,13,6,-1,IDLE,0
C3B93D0B,2421804,2422182.400,2422182400,1001,1897,1935,90,90,FWD,13,6,-1,IDLE,0
C3B93D0B,2421805,2422183.399,2422183399,999,1901,1935,90,90,FWD,13,6,-1,IDLE,0
C3B93D0B,2421806,2422184.400,2422184400,1001,1899,1935,90,90,FWD,13,6,-1,IDLE,0
C3B93D0B,2421807,2422185.399,2422185399,999,1899,1935,90,90,FWD,13,6,-1,IDLE,0
C3B93D0B,2421808,2422186.400,2422186400,1001,1901,1935,90,90,FWD,13,6,-1,IDLE,0
C3B93D0B,2421809,2422187.400,2422187400,1000,1895,1935,90,90,FWD,13,6,-1,IDLE,0
C3B93D0B,2421810,2422188.400,2422188400,1000,1899,1935,90,90,FWD,13,6,-1,IDLE,0
C3B93D0B,2421811,2422189.399,2422189399,999,1901,1935,90,90,FWD,13,6,-1,IDLE,0
C3B93D0B,2421812,2422190.400,2422190400,1001,1898,1935,90,90,FWD,13,6,-1,IDLE,0
C3B93D0B,2421813,2422191.399,2422191399,999,1900,1935,90,90,FWD,13,6,-1,IDLE,0
C3B93D0B,2421814,2422192.400,2422192400,1001,1902,1935,90,90,FWD,13,6,-1,IDLE,0
C3B93D0B,2421815,2422193.399,2422193399,999,1899,1935,90,90,FWD,13,6,-1,IDLE,0
C3B93D0B,2421816,2422194.400,2422194400,1001,1898,1935,90,90,FWD,13,6,-1,IDLE,0
C3B93D0B,2421817,2422195.399,2422195399,999,1902,1935,90,90,FWD,13,6,-1,IDLE,0
C3B93D0B,2421818,2422196.400,2422196400,1001,1901,1935,90,90,FWD,13,6,-1,IDLE,0
C3B93D0B,2421819,2422197.400,2422197400,1000,1901,1935,90,90,FWD,13,6,-1,IDLE,0
C3B93D0B,2421820,2422198.400,2422198400,1000,1899,1935,90,90,FWD,13,6,-1,IDLE,0
C3B93D0B,2421821,2422199.777,2422199777,1377,1901,1935,90,90,FWD,45,6,-1,IDLE,0
C3B93D0B,2421822,2422200.400,2422200400,623,1901,1935,90,90,FWD,13,6,-1,IDLE,0
C3B93D0B,2421823,2422201.399,2422201399,999,1899,1935,90,90,FWD,13,6,-1,IDLE,0
C3B93D0B,2421824,2422202.616,2422202616,1217,1898,1935,90,90,FWD,13,6,-1,IDLE,0
C3B93D0B,2421825,2422203.399,2422203399,783,1901,1935,90,90,FWD,13,6,-1,IDLE,0
C3B93D0B,2421826,2422204.400,2422204400,1001,1900,1935,90,90,FWD,13,6,-1,IDLE,0
C3B93D0B,2421827,2422205.399,2422205399,999,1901,1935,90,90,FWD,13,6,-1,IDLE,0
C3B93D0B,2421828,2422206.400,2422206400,1001,1901,1935,90,90,FWD,13,6,-1,IDLE,0
C3B93D0B,2421829,2422207.400,2422207400,1000,1901,1935,90,90,FWD,13,6,-1,IDLE,0
C3B93D0B,2421830,2422208.400,2422208400,1000,1900,1935,90,90,FWD,13,6,-1,IDLE,0
C3B93D0B,2421831,2422209.399,2422209399,999,1900,1935,90,90,FWD,13,6,-1,IDLE,0
C3B93D0B,2421832,2422210.400,2422210400,1001,1900,1935,90,90,FWD,13,6,-1,IDLE,0
C3B93D0B,2421833,2422211.399,2422211399,999,1901,1935,90,90,FWD,13,6,-1,IDLE,0
C3B93D0B,2421834,2422212.400,2422212400,1001,1902,1935,90,90,FWD,13,6,-1,IDLE,0
C3B93D0B,2421835,2422213.399,2422213399,999,1901,1935,90,90,FWD,13,6,-1,IDLE,0
C3B93D0B,2421836,2422214.400,2422214400,1001,1899,1935,90,90,FWD,13,6,-1,IDLE,0
C3B93D0B,2421837,2422215.399,2422215399,999,1899,1935,90,90,FWD,13,6,-1,IDLE,0
C3B93D0B,2421838,2422216.400,2422216400,1001,1899,1935,90,90,FWD,13,6,-1,IDLE,0
C3B93D0B,2421839,2422217.400,2422217400,1000,1899,1935,90,90,FWD,13,6,-1,IDLE,0
C3B93D0B,2421840,2422218.400,2422218400,1000,1899,1935,90,90,FWD,13,6,-1,IDLE,0
C3B93D0B,2421841,2422219.399,2422219399,999,1900,1935,90,90,FWD,13,6,-1,IDLE,0
C3B93D0B,2421842,2422220.400,2422220400,1001,1901,1935,90,90,FWD,13,6,-1,IDLE,0
C3B93D0B,2421843,2422221.399,2422221399,999,1902,1935,90,90,FWD,13,6,-1,IDLE,0
C3B93D0B,2421844,2422222.400,2422222400,1001,1899,1935,90,90,FWD,13,6,-1,IDLE,0
C3B93D0B,2421845,2422223.399,2422223399,999,1900,1935,90,90,FWD,13,6,-1,IDLE,0
C3B93D0B,2421846,2422224.400,2422224400,1001,1901,1935,90,90,FWD,13,6,-1,IDLE,0
C3B93D0B,2421847,2422225.399,2422225399,999,1901,1935,90,90,FWD,13,6,-1,IDLE,0
C3B93D0B,2421848,2422226.400,2422226400,1001,1904,1935,90,90,FWD,13,6,-1,IDLE,0
C3B93D0B,2421849,2422227.400,2422227400,1000,1901,1935,90,90,FWD,13,6,-1,IDLE,0
C3B93D0B,2421850,2422228.400,2422228400,1000,1902,1935,90,90,FWD,13,6,-1,IDLE,0
C3B93D0B,2421851,2422229.399,2422229399,999,1901,1935,90,90,FWD,13,6,-1,IDLE,0
C3B93D0B,2421852,2422230.400,2422230400,1001,1899,1935,90,90,FWD,13,6,-1,IDLE,0
C3B93D0B,2421853,2422231.399,2422231399,999,1901,1935,90,90,FWD,13,6,-1,IDLE,0
C3B93D0B,2421854,2422232.400,2422232400,1001,1898,1935,90,90,FWD,13,6,-1,IDLE,0
C3B93D0B,2421855,2422233.399,2422233399,999,1901,1935,90,90,FWD,13,6,-1,IDLE,0
C3B93D0B,2421856,2422234.400,2422234400,1001,1902,1935,90,90,FWD,13,6,-1,IDLE,0
C3B93D0B,2421857,2422235.399,2422235399,999,1902,1935,90,90,FWD,13,6,-1,IDLE,0
C3B93D0B,2421858,2422236.400,2422236400,1001,1899,1935,90,90,FWD,13,6,-1,IDLE,0
C3B93D0B,2421859,2422237.400,2422237400,1000,1901,1935,90,90,FWD,13,6,-1,IDLE,0
C3B93D0B,2421860,2422238.400,2422238400,1000,1902,1935,90,90,FWD,13,6,-1,IDLE,0
C3B93D0B,2421861,2422239.399,2422239399,999,1903,1935,90,90,FWD,13,6,-1,IDLE,0
C3B93D0B,2421862,2422240.400,2422240400,1001,1899,1935,90,90,FWD,13,6,-1,IDLE,0
C3B93D0B,2421863,2422241.399,2422241399,999,1902,1935,90,90,FWD,13,6,-1,IDLE,0
C3B93D0B,2421864,2422242.400,2422242400,1001,1899,1935,90,90,FWD,13,6,-1,IDLE,0
C3B93D0B,2421865,2422243.399,2422243399,999,1903,1935,90,90,FWD,13,6,-1,IDLE,0
C3B93D0B,2421866,2422244.400,2422244400,1001,1899,1935,90,90,FWD,13,6,-1,IDLE,0
C3B93D0B,2421867,2422245.399,2422245399,999,1899,1935,90,90,FWD,13,6,-1,IDLE,0
C3B93D0B,2421868,2422246.400,2422246400,1001,1901,1935,90,90,FWD,13,6,-1,IDLE,0
C3B93D0B,2421869,2422247.400,2422247400,1000,1901,1935,90,90,FWD,13,6,-1,IDLE,0
C3B93D0B,2421870,2422248.400,2422248400,1000,1901,1935,90,90,FWD,13,6,-1,IDLE,0
C3B93D0B,2421871,2422249.399,2422249399,999,1902,1935,90,90,FWD,13,6,-1,IDLE,0
C3B93D0B,2421872,2422250.400,2422250400,1001,1901,1935,90,90,FWD,13,6,-1,IDLE,0
C3B93D0B,2421873,2422251.399,2422251399,999,1901,1935,90,90,FWD,13,6,-1,IDLE,0
C3B93D0B,2421874,2422252.891,2422252891,1492,1899,1935,90,90,FWD,45,6,-1,IDLE,0
C3B93D0B,2421875,2422253.409,2422253409,518,1901,1935,90,90,FWD,13,6,-1,IDLE,0
C3B93D0B,2421876,2422254.400,2422254400,991,1902,1935,90,90,FWD,13,6,-1,IDLE,0
C3B93D0B,2421877,2422255.399,2422255399,999,1901,1935,90,90,FWD,13,6,-1,IDLE,0
C3B93D0B,2421878,2422256.400,2422256400,1001,1899,1935,90,90,FWD,13,6,-1,IDLE,0
C3B93D0B,2421879,2422257.400,2422257400,1000,1899,1935,90,90,FWD,13,6,-1,IDLE,0
C3B93D0B,2421880,2422258.531,2422258531,1131,1907,1935,90,90,FWD,13,6,-1,IDLE,0
C3B93D0B,2421881,2422259.399,2422259399,868,1910,1935,90,90,FWD,13,6,-1,IDLE,0
C3B93D0B,2421882,2422260.400,2422260400,1001,1909,1935,90,90,FWD,13,6,-1,IDLE,0
C3B93D0B,2421883,2422261.399,2422261399,999,1909,1935,90,90,FWD,13,6,-1,IDLE,0
C3B93D0B,2421884,2422262.400,2422262400,1001,1906,1935,90,90,FWD,13,6,-1,IDLE,0
C3B93D0B,2421885,2422263.399,2422263399,999,1909,1935,90,90,FWD,13,6,-1,IDLE,0
C3B93D0B,2421886,2422264.400,2422264400,1001,1907,1935,90,90,FWD,13,6,-1,IDLE,0
C3B93D0B,2421887,2422265.399,2422265399,999,1907,1935,90,90,FWD,13,6,-1,IDLE,0
C3B93D0B,2421888,2422266.400,2422266400,1001,1908,1935,90,90,FWD,13,6,-1,IDLE,0
C3B93D0B,2421889,2422267.400,2422267400,1000,1907,1935,90,90,FWD,13,6,-1,IDLE,0
C3B93D0B,2421890,2422268.402,2422268402,1002,1905,1935,90,90,FWD,13,6,-1,IDLE,0
C3B93D0B,2421891,2422269.843,2422269843,1441,1900,1935,90,90,FWD,45,6,-1,IDLE,0
C3B93D0B,2421892,2422270.402,2422270402,559,1898,1935,90,90,FWD,13,6,-1,IDLE,0
C3B93D0B,2421893,2422271.401,2422271401,999,1895,1935,90,90,FWD,13,6,-1,IDLE,0
C3B93D0B,2421894,2422272.400,2422272400,999,1898,1935,90,90,FWD,13,6,-1,IDLE,0
C3B93D0B,2421895,2422273.399,2422273399,999,1899,1935,90,90,FWD,13,6,-1,IDLE,0
C3B93D0B,2421896,2422274.400,2422274400,1001,1899,1935,90,90,FWD,13,6,-1,IDLE,0
C3B93D0B,2421897,2422275.399,2422275399,999,1901,1935,90,90,FWD,13,6,-1,IDLE,0
C3B93D0B,2421898,2422276.400,2422276400,1001,1898,1935,90,90,FWD,13,6,-1,IDLE,0
C3B93D0B,2421899,2422277.399,2422277399,999,1901,1935,90,90,FWD,13,6,-1,IDLE,0
C3B93D0B,2421900,2422278.422,2422278422,1023,1899,1935,90,90,FWD,13,6,-1,IDLE,0
C3B93D0B,2421901,2422280.720,2422280720,2298,1899,1935,90,90,FWD,45,6,-1,IDLE,0
C3B93D0B,2421902,2422281.049,2422281049,329,1899,1935,90,90,FWD,13,6,-1,IDLE,0
C3B93D0B,2421903,2422281.400,2422281400,351,1899,1935,90,90,FWD,13,6,-1,IDLE,0
C3B93D0B,2421904,2422282.465,2422282465,1065,1903,1935,90,90,FWD,13,6,-1,IDLE,0
C3B93D0B,2421905,2422283.401,2422283401,936,1902,1935,90,90,FWD,13,6,-1,IDLE,0
C3B93D0B,2421906,2422284.594,2422284594,1193,1902,1935,90,90,FWD,13,6,-1,IDLE,0
C3B93D0B,2421907,2422285.399,2422285399,805,1901,1935,90,90,FWD,13,6,-1,IDLE,0
C3B93D0B,2421908,2422286.400,2422286400,1001,1899,1935,90,90,FWD,13,6,-1,IDLE,0
C3B93D0B,2421909,2422287.399,2422287399,999,1901,1935,90,90,FWD,13,6,-1,IDLE,0
C3B93D0B,2421910,2422288.400,2422288400,1001,1903,1935,90,90,FWD,13,6,-1,IDLE,0
C3B93D0B,2421911,2422289.399,2422289399,999,1902,1935,90,90,FWD,13,6,-1,IDLE,0
C3B93D0B,2421912,2422290.400,2422290400,1001,1899,1935,90,90,FWD,13,6,-1,IDLE,0
C3B93D0B,2421913,2422291.399,2422291399,999,1903,1935,90,90,FWD,13,6,-1,IDLE,0
C3B93D0B,2421914,2422292.401,2422292401,1002,1901,1935,90,90,FWD,13,6,-1,IDLE,0
C3B93D0B,2421915,2422293.399,2422293399,998,1901,1935,90,90,FWD,13,6,-1,IDLE,0
C3B93D0B,2421916,2422294.400,2422294400,1001,1903,1935,90,90,FWD,13,6,-1,IDLE,0
C3B93D0B,2421917,2422295.399,2422295399,999,1901,1935,90,90,FWD,13,6,-1,IDLE,0
C3B93D0B,2421918,2422296.645,2422296645,1246,1901,1935,90,90,FWD,13,6,-1,IDLE,0
C3B93D0B,2421919,2422297.399,2422297399,754,1903,1935,90,90,FWD,13,6,-1,IDLE,0
C3B93D0B,2421920,2422298.400,2422298400,1001,1900,1935,90,90,FWD,13,6,-1,IDLE,0
C3B93D0B,2421921,2422299.399,2422299399,999,1902,1935,90,90,FWD,13,6,-1,IDLE,0
C3B93D0B,2421922,2422300.400,2422300400,1001,1901,1935,90,90,FWD,13,6,-1,IDLE,0
C3B93D0B,2421923,2422301.399,2422301399,999,1901,1935,90,90,FWD,13,6,-1,IDLE,0
C3B93D0B,2421924,2422302.401,2422302401,1002,1900,1935,90,90,FWD,13,6,-1,IDLE,0
C3B93D0B,2421925,2422303.399,2422303399,998,1902,1935,90,90,FWD,13,6,-1,IDLE,0
C3B93D0B,2421926,2422304.400,2422304400,1001,1902,1935,90,90,FWD,13,6,-1,IDLE,0
C3B93D0B,2421927,2422305.399,2422305399,999,1901,1935,90,90,FWD,13,6,-1,IDLE,0
C3B93D0B,2421928,2422306.400,2422306400,1001,1903,1935,90,90,FWD,13,6,-1,IDLE,0
C3B93D0B,2421929,2422307.399,2422307399,999,1902,1935,90,90,FWD,13,6,-1,IDLE,0
C3B93D0B,2421930,2422308.400,2422308400,1001,1904,1935,90,90,FWD,13,6,-1,IDLE,0
C3B93D0B,2421931,2422309.832,2422309832,1432,1901,1935,90,90,FWD,45,6,-1,IDLE,0
C3B93D0B,2421932,2422310.752,2422310752,920,1900,1935,90,90,FWD,13,6,-1,IDLE,0
C3B93D0B,2421933,2422311.399,2422311399,647,1901,1935,90,90,FWD,13,6,-1,IDLE,0
C3B93D0B,2421934,2422312.401,2422312401,1002,1902,1935,90,90,FWD,13,6,-1,IDLE,0
C3B93D0B,2421935,2422313.399,2422313399,998,1899,1935,90,90,FWD,13,6,-1,IDLE,0
C3B93D0B,2421936,2422314.400,2422314400,1001,1899,1935,90,90,FWD,13,6,-1,IDLE,0
C3B93D0B,2421937,2422315.399,2422315399,999,1902,1935,90,90,FWD,13,6,-1,IDLE,0
C3B93D0B,2421938,2422316.400,2422316400,1001,1898,1935,90,90,FWD,13,6,-1,IDLE,0
C3B93D0B,2421939,2422317.399,2422317399,999,1902,1935,90,90,FWD,13,6,-1,IDLE,0
C3B93D0B,2421940,2422318.400,2422318400,1001,1902,1935,90,90,FWD,13,6,-1,IDLE,0
C3B93D0B,2421941,2422319.399,2422319399,999,1902,1935,90,90,FWD,13,6,-1,IDLE,0
C3B93D0B,2421942,2422320.400,2422320400,1001,1900,1935,90,90,FWD,13,6,-1,IDLE,0
C3B93D0B,2421943,2422321.399,2422321399,999,1901,1935,90,90,FWD,13,6,-1,IDLE,0
C3B93D0B,2421944,2422322.401,2422322401,1002,1901,1935,90,90,FWD,13,6,-1,IDLE,0
C3B93D0B,2421945,2422323.399,2422323399,998,1901,1935,90,90,FWD,13,6,-1,IDLE,0
C3B93D0B,2421946,2422324.400,2422324400,1001,1901,1935,90,90,FWD,13,6,-1,IDLE,0
C3B93D0B,2421947,2422325.399,2422325399,999,1900,1935,90,90,FWD,13,6,-1,IDLE,0
C3B93D0B,2421948,2422326.400,2422326400,1001,1901,1935,90,90,FWD,13,6,-1,IDLE,0
C3B93D0B,2421949,2422327.399,2422327399,999,1901,1935,90,90,FWD,13,6,-1,IDLE,0
C3B93D0B,2421950,2422328.400,2422328400,1001,1902,1935,90,90,FWD,13,6,-1,IDLE,0
C3B93D0B,2421951,2422329.399,2422329399,999,1902,1935,90,90,FWD,13,6,-1,IDLE,0
C3B93D0B,2421952,2422330.400,2422330400,1001,1899,1935,90,90,FWD,13,6,-1,IDLE,0
C3B93D0B,2421953,2422331.399,2422331399,999,1902,1935,90,90,FWD,13,6,-1,IDLE,0
C3B93D0B,2421954,2422332.401,2422332401,1002,1900,1935,90,90,FWD,13,6,-1,IDLE,0
C3B93D0B,2421955,2422333.399,2422333399,998,1902,1935,90,90,FWD,13,6,-1,IDLE,0
C3B93D0B,2421956,2422334.400,2422334400,1001,1901,1935,90,90,FWD,13,6,-1,IDLE,0
C3B93D0B,2421957,2422335.399,2422335399,999,1902,1935,90,90,FWD,13,6,-1,IDLE,0
C3B93D0B,2421958,2422336.400,2422336400,1001,1898,1935,90,90,FWD,13,6,-1,IDLE,0
C3B93D0B,2421959,2422337.399,2422337399,999,1902,1935,90,90,FWD,13,6,-1,IDLE,0
C3B93D0B,2421960,2422338.400,2422338400,1001,1902,1935,90,90,FWD,13,6,-1,IDLE,0
C3B93D0B,2421961,2422339.399,2422339399,999,1901,1935,90,90,FWD,13,6,-1,IDLE,0
C3B93D0B,2421962,2422340.400,2422340400,1001,1903,1935,90,90,FWD,13,6,-1,IDLE,0
C3B93D0B,2421963,2422341.399,2422341399,999,1900,1935,90,90,FWD,13,6,-1,IDLE,0
C3B93D0B,2421964,2422342.401,2422342401,1002,1900,1935,90,90,FWD,13,6,-1,IDLE,0
C3B93D0B,2421965,2422343.399,2422343399,998,1903,1935,90,90,FWD,13,6,-1,IDLE,0
C3B93D0B,2421966,2422344.400,2422344400,1001,1900,1935,90,90,FWD,13,6,-1,IDLE,0
C3B93D0B,2421967,2422345.399,2422345399,999,1902,1935,90,90,FWD,13,6,-1,IDLE,0
C3B93D0B,2421968,2422346.400,2422346400,1001,1902,1935,90,90,FWD,13,6,-1,IDLE,0
C3B93D0B,2421969,2422347.399,2422347399,999,1901,1935,90,90,FWD,13,6,-1,IDLE,0
C3B93D0B,2421970,2422348.400,2422348400,1001,1901,1935,90,90,FWD,13,6,-1,IDLE,0
C3B93D0B,2421971,2422349.399,2422349399,999,1902,1935,90,90,FWD,13,6,-1,IDLE,0
C3B93D0B,2421972,2422350.400,2422350400,1001,1899,1935,90,90,FWD,13,6,-1,IDLE,0
C3B93D0B,2421973,2422351.399,2422351399,999,1901,1935,90,90,FWD,13,6,-1,IDLE,0
C3B93D0B,2421974,2422352.401,2422352401,1002,1903,1935,90,90,FWD,13,6,-1,IDLE,0
C3B93D0B,2421975,2422353.400,2422353400,999,1902,1935,90,90,FWD,13,6,-1,IDLE,0
C3B93D0B,2421976,2422354.400,2422354400,1000,1902,1935,90,90,FWD,13,6,-1,IDLE,0
C3B93D0B,2421977,2422355.399,2422355399,999,1899,1935,90,90,FWD,13,6,-1,IDLE,0
C3B93D0B,2421978,2422356.400,2422356400,1001,1897,1935,90,90,FWD,13,6,-1,IDLE,0
C3B93D0B,2421979,2422357.399,2422357399,999,1900,1935,90,90,FWD,13,6,-1,IDLE,0
C3B93D0B,2421980,2422358.400,2422358400,1001,1899,1935,90,90,FWD,13,6,-1,IDLE,0
C3B93D0B,2421981,2422359.399,2422359399,999,1902,1935,90,90,FWD,13,6,-1,IDLE,0
C3B93D0B,2421982,2422360.400,2422360400,1001,1899,1935,90,90,FWD,13,6,-1,IDLE,0
C3B93D0B,2421983,2422361.479,2422361479,1079,1900,1935,90,90,FWD,13,6,-1,IDLE,0
C3B93D0B,2421984,2422362.401,2422362401,922,1903,1935,90,90,FWD,13,6,-1,IDLE,0
C3B93D0B,2421985,2422363.399,2422363399,998,1901,1935,90,90,FWD,13,6,-1,IDLE,0
C3B93D0B,2421986,2422364.400,2422364400,1001,1900,1935,90,90,FWD,13,6,-1,IDLE,0
C3B93D0B,2421987,2422365.399,2422365399,999,1901,1935,90,90,FWD,13,6,-1,IDLE,0
C3B93D0B,2421988,2422366.704,2422366704,1305,1910,1935,90,90,FWD,45,6,-1,IDLE,0
C3B93D0B,2421989,2422367.399,2422367399,695,1911,1935,90,90,FWD,13,6,-1,IDLE,0
C3B93D0B,2421990,2422368.400,2422368400,1001,1910,1935,90,90,FWD,13,6,-1,IDLE,0
C3B93D0B,2421991,2422369.399,2422369399,999,1909,1935,90,90,FWD,13,6,-1,IDLE,0
C3B93D0B,2421992,2422370.400,2422370400,1001,1911,1935,90,90,FWD,13,6,-1,IDLE,0
C3B93D0B,2421993,2422371.399,2422371399,999,1909,1935,90,90,FWD,13,6,-1,IDLE,0
C3B93D0B,2421994,2422372.401,2422372401,1002,1910,1935,90,90,FWD,13,6,-1,IDLE,0
C3B93D0B,2421995,2422373.399,2422373399,998,1909,1935,90,90,FWD,13,6,-1,IDLE,0
C3B93D0B,2421996,2422374.400,2422374400,1001,1909,1935,90,90,FWD,13,6,-1,IDLE,0
C3B93D0B,2421997,2422375.399,2422375399,999,1909,1935,90,90,FWD,13,6,-1,IDLE,0
C3B93D0B,2421998,2422376.400,2422376400,1001,1907,1935,90,90,FWD,13,6,-1,IDLE,0
C3B93D0B,2421999,2422377.399,2422377399,999,1907,1935,90,90,FWD,13,6,-1,IDLE,0
C3B93D0B,2422000,2422378.496,2422378496,1097,1907,1935,90,90,FWD,13,6,-1,IDLE,0
C3B93D0B,2422001,2422379.636,2422379636,1140,1909,1935,90,90,FWD,13,6,-1,IDLE,0
C3B93D0B,2422002,2422380.400,2422380400,764,1907,1935,90,90,FWD,13,6,-1,IDLE,0
C3B93D0B,2422003,2422381.399,2422381399,999,1907,1935,90,90,FWD,13,6,-1,IDLE,0
C3B93D0B,2422004,2422382.401,2422382401,1002,1906,1935,90,90,FWD,13,6,-1,IDLE,0
C3B93D0B,2422005,2422384.198,2422384198,1797,1900,1935,90,90,FWD,45,6,-1,IDLE,0
C3B93D0B,2422006,2422384.514,2422384514,316,1899,1935,90,90,FWD,13,6,-1,IDLE,0
C3B93D0B,2422007,2422385.400,2422385400,886,1899,1935,90,90,FWD,13,6,-1,IDLE,0
C3B93D0B,2422008,2422386.399,2422386399,999,1899,1935,90,90,FWD,13,6,-1,IDLE,0
C3B93D0B,2422009,2422387.400,2422387400,1001,1900,1935,90,90,FWD,13,6,-1,IDLE,0
C3B93D0B,2422010,2422388.399,2422388399,999,1901,1935,90,90,FWD,13,6,-1,IDLE,0
C3B93D0B,2422011,2422389.400,2422389400,1001,1899,1935,90,90,FWD,13,6,-1,IDLE,0
C3B93D0B,2422012,2422390.399,2422390399,999,1899,1935,90,90,FWD,13,6,-1,IDLE,0
C3B93D0B,2422013,2422391.400,2422391400,1001,1901,1935,90,90,FWD,13,6,-1,IDLE,0
C3B93D0B,2422014,2422392.400,2422392400,1000,1900,1935,90,90,FWD,13,6,-1,IDLE,0
C3B93D0B,2422015,2422393.400,2422393400,1000,1900,1935,90,90,FWD,13,6,-1,IDLE,0
C3B93D0B,2422016,2422394.399,2422394399,999,1902,1935,90,90,FWD,13,6,-1,IDLE,0
C3B93D0B,2422017,2422395.400,2422395400,1001,1899,1935,90,90,FWD,13,6,-1,IDLE,0
C3B93D0B,2422018,2422396.583,2422396583,1183,1902,1935,90,90,FWD,13,6,-1,IDLE,0
C3B93D0B,2422019,2422397.400,2422397400,817,1903,1935,90,90,FWD,13,6,-1,IDLE,0
C3B93D0B,2422020,2422398.399,2422398399,999,1899,1935,90,90,FWD,13,6,-1,IDLE,0
C3B93D0B,2422021,2422399.400,2422399400,1001,1899,1935,90,90,FWD,13,6,-1,IDLE,0
C3B93D0B,2422022,2422400.399,2422400399,999,1902,1935,90,90,FWD,13,6,-1,IDLE,0
C3B93D0B,2422023,2422401.400,2422401400,1001,1904,1935,90,90,FWD,13,6,-1,IDLE,0
C3B93D0B,2422024,2422402.400,2422402400,1000,1901,1935,90,90,FWD,13,6,-1,IDLE,0
C3B93D0B,2422025,2422403.400,2422403400,1000,1903,1935,90,90,FWD,13,6,-1,IDLE,0
C3B93D0B,2422026,2422404.399,2422404399,999,1901,1935,90,90,FWD,13,6,-1,IDLE,0
C3B93D0B,2422027,2422405.400,2422405400,1001,1903,1935,90,90,FWD,13,6,-1,IDLE,0
C3B93D0B,2422028,2422406.402,2422406402,1002,1899,1935,90,90,FWD,13,6,-1,IDLE,0
C3B93D0B,2422029,2422407.400,2422407400,998,1900,1935,90,90,FWD,13,6,-1,IDLE,0
C3B93D0B,2422030,2422408.399,2422408399,999,1901,1935,90,90,FWD,13,6,-1,IDLE,0
C3B93D0B,2422031,2422409.400,2422409400,1001,1901,1935,90,90,FWD,13,6,-1,IDLE,0
C3B93D0B,2422032,2422410.399,2422410399,999,1901,1935,90,90,FWD,13,6,-1,IDLE,0
C3B93D0B,2422033,2422411.400,2422411400,1001,1900,1935,90,90,FWD,13,6,-1,IDLE,0
C3B93D0B,2422034,2422412.400,2422412400,1000,1901,1935,90,90,FWD,13,6,-1,IDLE,0
C3B93D0B,2422035,2422413.400,2422413400,1000,1900,1935,90,90,FWD,13,6,-1,IDLE,0
C3B93D0B,2422036,2422414.399,2422414399,999,1902,1935,90,90,FWD,13,6,-1,IDLE,0
C3B93D0B,2422037,2422415.400,2422415400,1001,1902,1935,90,90,FWD,13,6,-1,IDLE,0
C3B93D0B,2422038,2422416.399,2422416399,999,1902,1935,90,90,FWD,13,6,-1,IDLE,0
C3B93D0B,2422039,2422417.400,2422417400,1001,1903,1935,90,90,FWD,13,6,-1,IDLE,0
C3B93D0B,2422040,2422418.399,2422418399,999,1903,1935,90,90,FWD,13,6,-1,IDLE,0
C3B93D0B,2422041,2422419.400,2422419400,1001,1899,1935,90,90,FWD,13,6,-1,IDLE,0
C3B93D0B,2422042,2422420.399,2422420399,999,1900,1935,90,90,FWD,13,6,-1,IDLE,0
C3B93D0B,2422043,2422421.400,2422421400,1001,1901,1935,90,90,FWD,13,6,-1,IDLE,0
C3B93D0B,2422044,2422422.400,2422422400,1000,1902,1935,90,90,FWD,13,6,-1,IDLE,0
C3B93D0B,2422045,2422423.400,2422423400,1000,1900,1935,90,90,FWD,13,6,-1,IDLE,0
C3B93D0B,2422046,2422424.399,2422424399,999,1902,1935,90,90,FWD,13,6,-1,IDLE,0
C3B93D0B,2422047,2422425.400,2422425400,1001,1899,1935,90,90,FWD,13,6,-1,IDLE,0
C3B93D0B,2422048,2422426.399,2422426399,999,1903,1935,90,90,FWD,13,6,-1,IDLE,0
C3B93D0B,2422049,2422427.400,2422427400,1001,1900,1935,90,90,FWD,13,6,-1,IDLE,0
C3B93D0B,2422050,2422428.399,2422428399,999,1901,1935,90,90,FWD,13,6,-1,IDLE,0
C3B93D0B,2422051,2422429.400,2422429400,1001,1901,1935,90,90,FWD,13,6,-1,IDLE,0
C3B93D0B,2422052,2422430.399,2422430399,999,1901,1935,90,90,FWD,13,6,-1,IDLE,0
C3B93D0B,2422053,2422431.400,2422431400,1001,1901,1935,90,90,FWD,13,6,-1,IDLE,0
C3B93D0B,2422054,2422432.400,2422432400,1000,1901,1935,90,90,FWD,13,6,-1,IDLE,0
C3B93D0B,2422055,2422433.400,2422433400,1000,1901,1935,90,90,FWD,13,6,-1,IDLE,0
C3B93D0B,2422056,2422434.399,2422434399,999,1901,1935,90,90,FWD,13,6,-1,IDLE,0
C3B93D0B,2422057,2422435.400,2422435400,1001,1900,1935,90,90,FWD,13,6,-1,IDLE,0
C3B93D0B,2422058,2422436.399,2422436399,999,1902,1935,90,90,FWD,13,6,-1,IDLE,0
C3B93D0B,2422059,2422437.400,2422437400,1001,1903,1935,90,90,FWD,13,6,-1,IDLE,0
C3B93D0B,2422060,2422438.399,2422438399,999,1901,1935,90,90,FWD,13,6,-1,IDLE,0
C3B93D0B,2422061,2422439.863,2422439863,1464,1900,1935,90,90,FWD,45,6,-1,IDLE,0
C3B93D0B,2422062,2422440.399,2422440399,536,1901,1935,90,90,FWD,13,6,-1,IDLE,0
C3B93D0B,2422063,2422441.400,2422441400,1001,1895,1935,90,90,FWD,13,6,-1,IDLE,0
C3B93D0B,2422064,2422442.400,2422442400,1000,1899,1935,90,90,FWD,13,6,-1,IDLE,0
C3B93D0B,2422065,2422443.400,2422443400,1000,1903,1935,90,90,FWD,13,6,-1,IDLE,0
C3B93D0B,2422066,2422444.399,2422444399,999,1903,1935,90,90,FWD,13,6,-1,IDLE,0
C3B93D0B,2422067,2422445.472,2422445472,1073,1909,1935,90,90,FWD,13,6,-1,IDLE,0
C3B93D0B,2422068,2422446.399,2422446399,927,1909,1935,90,90,FWD,13,6,-1,IDLE,0
C3B93D0B,2422069,2422447.400,2422447400,1001,1907,1935,90,90,FWD,13,6,-1,IDLE,0
C3B93D0B,2422070,2422448.399,2422448399,999,1910,1935,90,90,FWD,13,6,-1,IDLE,0
C3B93D0B,2422071,2422449.400,2422449400,1001,1907,1935,90,90,FWD,13,6,-1,IDLE,0
C3B93D0B,2422072,2422450.399,2422450399,999,1908,1935,90,90,FWD,13,6,-1,IDLE,0
C3B93D0B,2422073,2422451.400,2422451400,1001,1910,1935,90,90,FWD,13,6,-1,IDLE,0
C3B93D0B,2422074,2422452.400,2422452400,1000,1907,1935,90,90,FWD,13,6,-1,IDLE,0
C3B93D0B,2422075,2422453.400,2422453400,1000,1908,1935,90,90,FWD,13,6,-1,IDLE,0
