source_session,sample_seq,t_ms,t_us,dt_us,raw,baseline,pwm_actual,pwm_commanded,direction,flags,nav_mm,nav_direction,station_phase,gap_before
C3B93D0B,2505284,2505662.400,2505662400,998,1911,1935,0,0,FWD,1,,-1,IDLE,0
C3B93D0B,2505285,2505663.399,2505663399,999,1911,1935,0,0,FWD,1,,-1,IDLE,0
C3B93D0B,2505286,2505664.400,2505664400,1001,1911,1935,0,0,FWD,1,,-1,IDLE,0
C3B93D0B,2505287,2505665.399,2505665399,999,1911,1935,0,0,FWD,1,,-1,IDLE,0
C3B93D0B,2505288,2505666.400,2505666400,1001,1910,1935,0,0,FWD,1,,-1,IDLE,0
C3B93D0B,2505289,2505667.399,2505667399,999,1909,1935,0,0,FWD,1,,-1,IDLE,0
C3B93D0B,2505290,2505668.400,2505668400,1001,1909,1935,0,0,FWD,1,,-1,IDLE,0
C3B93D0B,2505291,2505669.400,2505669400,1000,1910,1935,0,0,FWD,1,,-1,IDLE,0
C3B93D0B,2505292,2505670.400,2505670400,1000,1911,1935,0,0,FWD,1,,-1,IDLE,0
C3B93D0B,2505293,2505671.399,2505671399,999,1909,1935,0,0,FWD,1,,-1,IDLE,0
C3B93D0B,2505294,2505672.400,2505672400,1001,1907,1935,0,0,FWD,1,,-1,IDLE,0
C3B93D0B,2505295,2505673.399,2505673399,999,1909,1935,0,0,FWD,1,,-1,IDLE,0
C3B93D0B,2505296,2505674.400,2505674400,1001,1909,1935,0,0,FWD,1,,-1,IDLE,0
C3B93D0B,2505297,2505675.399,2505675399,999,1909,1935,0,0,FWD,1,,-1,IDLE,0
C3B93D0B,2505298,2505676.400,2505676400,1001,1909,1935,0,0,FWD,1,,-1,IDLE,0
C3B93D0B,2505299,2505677.399,2505677399,999,1909,1935,0,0,FWD,1,,-1,IDLE,0
C3B93D0B,2505300,2505678.400,2505678400,1001,1909,1935,0,0,FWD,1,,-1,IDLE,0
C3B93D0B,2505301,2505679.400,2505679400,1000,1909,1935,0,0,FWD,1,,-1,IDLE,0
C3B93D0B,2505302,2505681.146,2505681146,1746,1901,1935,0,0,FWD,33,,-1,IDLE,0
C3B93D0B,2505303,2505681.454,2505681454,308,1899,1935,0,0,FWD,1,,-1,IDLE,0
C3B93D0B,2505304,2505682.400,2505682400,946,1899,1935,0,0,FWD,1,,-1,IDLE,0
C3B93D0B,2505305,2505683.399,2505683399,999,1901,1935,0,0,FWD,1,,-1,IDLE,0
C3B93D0B,2505306,2505684.400,2505684400,1001,1898,1935,0,0,FWD,1,,-1,IDLE,0
C3B93D0B,2505307,2505685.399,2505685399,999,1901,1935,0,0,FWD,1,,-1,IDLE,0
C3B93D0B,2505308,2505686.497,2505686497,1098,1901,1935,0,0,FWD,1,,-1,IDLE,0
C3B93D0B,2505309,2505687.399,2505687399,902,1902,1935,0,0,FWD,1,,-1,IDLE,0
C3B93D0B,2505310,2505688.400,2505688400,1001,1902,1935,0,0,FWD,1,,-1,IDLE,0
C3B93D0B,2505311,2505689.400,2505689400,1000,1901,1935,0,0,FWD,1,,-1,IDLE,0
C3B93D0B,2505312,2505690.400,2505690400,1000,1902,1935,0,0,FWD,1,,-1,IDLE,0
C3B93D0B,2505313,2505691.399,2505691399,999,1903,1935,0,0,FWD,1,,-1,IDLE,0
C3B93D0B,2505314,2505692.400,2505692400,1001,1902,1935,0,0,FWD,1,,-1,IDLE,0
C3B93D0B,2505315,2505693.399,2505693399,999,1901,1935,0,0,FWD,1,,-1,IDLE,0
C3B93D0B,2505316,2505694.400,2505694400,1001,1903,1935,0,0,FWD,1,,-1,IDLE,0
C3B93D0B,2505317,2505695.399,2505695399,999,1903,1935,0,0,FWD,1,,-1,IDLE,0
C3B93D0B,2505318,2505696.400,2505696400,1001,1901,1935,0,0,FWD,1,,-1,IDLE,0
C3B93D0B,2505319,2505697.399,2505697399,999,1902,1935,0,0,FWD,1,,-1,IDLE,0
C3B93D0B,2505320,2505698.400,2505698400,1001,1900,1935,0,0,FWD,1,,-1,IDLE,0
C3B93D0B,2505321,2505699.409,2505699409,1009,1903,1935,0,0,FWD,1,,-1,IDLE,0
C3B93D0B,2505322,2505700.400,2505700400,991,1903,1935,0,0,FWD,1,,-1,IDLE,0
C3B93D0B,2505323,2505701.399,2505701399,999,1903,1935,0,0,FWD,1,,-1,IDLE,0
C3B93D0B,2505324,2505702.400,2505702400,1001,1901,1935,0,0,FWD,1,,-1,IDLE,0
C3B93D0B,2505325,2505703.399,2505703399,999,1902,1935,0,0,FWD,1,,-1,IDLE,0
C3B93D0B,2505326,2505704.414,2505704414,1015,1902,1935,0,0,FWD,1,,-1,IDLE,0
C3B93D0B,2505327,2505705.399,2505705399,985,1903,1935,0,0,FWD,1,,-1,IDLE,0
C3B93D0B,2505328,2505706.400,2505706400,1001,1902,1935,0,0,FWD,1,,-1,IDLE,0
C3B93D0B,2505329,2505707.399,2505707399,999,1903,1935,0,0,FWD,1,,-1,IDLE,0
C3B93D0B,2505330,2505708.400,2505708400,1001,1903,1935,0,0,FWD,1,,-1,IDLE,0
C3B93D0B,2505331,2505709.400,2505709400,1000,1904,1935,0,0,FWD,1,,-1,IDLE,0
C3B93D0B,2505332,2505710.400,2505710400,1000,1903,1935,0,0,FWD,1,,-1,IDLE,0
C3B93D0B,2505333,2505711.399,2505711399,999,1902,1935,0,0,FWD,1,,-1,IDLE,0
C3B93D0B,2505334,2505712.400,2505712400,1001,1903,1935,0,0,FWD,1,,-1,IDLE,0
C3B93D0B,2505335,2505713.399,2505713399,999,1903,1935,0,0,FWD,1,,-1,IDLE,0
C3B93D0B,2505336,2505714.400,2505714400,1001,1904,1935,0,0,FWD,1,,-1,IDLE,0
C3B93D0B,2505337,2505715.399,2505715399,999,1902,1935,0,0,FWD,1,,-1,IDLE,0
C3B93D0B,2505338,2505716.400,2505716400,1001,1902,1935,0,0,FWD,1,,-1,IDLE,0
C3B93D0B,2505339,2505717.399,2505717399,999,1899,1935,0,0,FWD,1,,-1,IDLE,0
C3B93D0B,2505340,2505718.400,2505718400,1001,1903,1935,0,0,FWD,1,,-1,IDLE,0
C3B93D0B,2505341,2505719.400,2505719400,1000,1903,1935,0,0,FWD,1,,-1,IDLE,0
C3B93D0B,2505342,2505720.400,2505720400,1000,1904,1935,0,0,FWD,1,,-1,IDLE,0
C3B93D0B,2505343,2505721.399,2505721399,999,1904,1935,0,0,FWD,1,,-1,IDLE,0
C3B93D0B,2505344,2505722.400,2505722400,1001,1901,1935,0,0,FWD,1,,-1,IDLE,0
C3B93D0B,2505345,2505723.399,2505723399,999,1902,1935,0,0,FWD,1,,-1,IDLE,0
C3B93D0B,2505346,2505724.400,2505724400,1001,1902,1935,0,0,FWD,1,,-1,IDLE,0
C3B93D0B,2505347,2505725.399,2505725399,999,1903,1935,0,0,FWD,1,,-1,IDLE,0
C3B93D0B,2505348,2505726.400,2505726400,1001,1904,1935,0,0,FWD,1,,-1,IDLE,0
C3B93D0B,2505349,2505727.399,2505727399,999,1902,1935,0,0,FWD,1,,-1,IDLE,0
C3B93D0B,2505350,2505728.400,2505728400,1001,1903,1935,0,0,FWD,1,,-1,IDLE,0
C3B93D0B,2505351,2505729.400,2505729400,1000,1903,1935,0,0,FWD,1,,-1,IDLE,0
C3B93D0B,2505352,2505730.400,2505730400,1000,1903,1935,0,0,FWD,1,,-1,IDLE,0
C3B93D0B,2505353,2505731.399,2505731399,999,1904,1935,0,0,FWD,1,,-1,IDLE,0
C3B93D0B,2505354,2505732.400,2505732400,1001,1902,1935,0,0,FWD,1,,-1,IDLE,0
C3B93D0B,2505355,2505733.399,2505733399,999,1902,1935,0,0,FWD,1,,-1,IDLE,0
C3B93D0B,2505356,2505734.400,2505734400,1001,1901,1935,0,0,FWD,1,,-1,IDLE,0
C3B93D0B,2505357,2505735.399,2505735399,999,1901,1935,0,0,FWD,1,,-1,IDLE,0
C3B93D0B,2505358,2505736.400,2505736400,1001,1903,1935,0,0,FWD,1,,-1,IDLE,0
C3B93D0B,2505359,2505737.420,2505737420,1020,1901,1935,0,0,FWD,1,,-1,IDLE,0
C3B93D0B,2505360,2505738.400,2505738400,980,1901,1935,0,0,FWD,1,,-1,IDLE,0
C3B93D0B,2505361,2505739.400,2505739400,1000,1903,1935,0,0,FWD,1,,-1,IDLE,0
C3B93D0B,2505362,2505740.400,2505740400,1000,1901,1935,0,0,FWD,1,,-1,IDLE,0
C3B93D0B,2505363,2505741.399,2505741399,999,1904,1935,0,0,FWD,1,,-1,IDLE,0
C3B93D0B,2505364,2505742.628,2505742628,1229,1911,1935,0,0,FWD,1,,-1,IDLE,0
C3B93D0B,2505365,2505743.399,2505743399,771,1911,1935,0,0,FWD,1,,-1,IDLE,0
C3B93D0B,2505366,2505744.400,2505744400,1001,1911,1935,0,0,FWD,1,,-1,IDLE,0
C3B93D0B,2505367,2505745.399,2505745399,999,1911,1935,0,0,FWD,1,,-1,IDLE,0
C3B93D0B,2505368,2505746.400,2505746400,1001,1913,1935,0,0,FWD,1,,-1,IDLE,0
C3B93D0B,2505369,2505747.399,2505747399,999,1910,1935,0,0,FWD,1,,-1,IDLE,0
C3B93D0B,2505370,2505748.400,2505748400,1001,1910,1935,0,0,FWD,1,,-1,IDLE,0
C3B93D0B,2505371,2505749.400,2505749400,1000,1910,1935,0,0,FWD,1,,-1,IDLE,0
C3B93D0B,2505372,2505750.400,2505750400,1000,1909,1935,0,0,FWD,1,,-1,IDLE,0
C3B93D0B,2505373,2505751.399,2505751399,999,1910,1935,0,0,FWD,1,,-1,IDLE,0
C3B93D0B,2505374,2505752.400,2505752400,1001,1910,1935,0,0,FWD,1,,-1,IDLE,0
C3B93D0B,2505375,2505753.399,2505753399,999,1911,1935,0,0,FWD,1,,-1,IDLE,0
C3B93D0B,2505376,2505754.400,2505754400,1001,1910,1935,0,0,FWD,1,,-1,IDLE,0
C3B93D0B,2505377,2505755.399,2505755399,999,1911,1935,0,0,FWD,1,,-1,IDLE,0
C3B93D0B,2505378,2505756.400,2505756400,1001,1910,1935,0,0,FWD,1,,-1,IDLE,0
C3B93D0B,2505379,2505757.399,2505757399,999,1911,1935,0,0,FWD,1,,-1,IDLE,0
C3B93D0B,2505380,2505758.400,2505758400,1001,1910,1935,0,0,FWD,1,,-1,IDLE,0
C3B93D0B,2505381,2505759.400,2505759400,1000,1910,1935,0,0,FWD,1,,-1,IDLE,0
C3B93D0B,2505382,2505760.400,2505760400,1000,1909,1935,0,0,FWD,1,,-1,IDLE,0
C3B93D0B,2505383,2505761.399,2505761399,999,1909,1935,0,0,FWD,1,,-1,IDLE,0
C3B93D0B,2505384,2505762.400,2505762400,1001,1909,1935,0,0,FWD,1,,-1,IDLE,0
C3B93D0B,2505385,2505763.399,2505763399,999,1910,1935,0,0,FWD,1,,-1,IDLE,0
C3B93D0B,2505386,2505764.400,2505764400,1001,1910,1935,0,0,FWD,1,,-1,IDLE,0
C3B93D0B,2505387,2505765.399,2505765399,999,1910,1935,0,0,FWD,1,,-1,IDLE,0
C3B93D0B,2505388,2505766.400,2505766400,1001,1910,1935,0,0,FWD,1,,-1,IDLE,0
C3B93D0B,2505389,2505767.399,2505767399,999,1907,1935,0,0,FWD,1,,-1,IDLE,0
C3B93D0B,2505390,2505768.400,2505768400,1001,1909,1935,0,0,FWD,1,,-1,IDLE,0
C3B93D0B,2505391,2505769.400,2505769400,1000,1907,1935,0,0,FWD,1,,-1,IDLE,0
C3B93D0B,2505392,2505770.400,2505770400,1000,1909,1935,0,0,FWD,1,,-1,IDLE,0
C3B93D0B,2505393,2505771.399,2505771399,999,1908,1935,0,0,FWD,1,,-1,IDLE,0
C3B93D0B,2505394,2505772.400,2505772400,1001,1910,1935,0,0,FWD,1,,-1,IDLE,0
C3B93D0B,2505395,2505773.399,2505773399,999,1910,1935,0,0,FWD,1,,-1,IDLE,0
C3B93D0B,2505396,2505774.400,2505774400,1001,1909,1935,0,0,FWD,1,,-1,IDLE,0
C3B93D0B,2505397,2505775.399,2505775399,999,1909,1935,0,0,FWD,1,,-1,IDLE,0
C3B93D0B,2505398,2505776.400,2505776400,1001,1909,1935,0,0,FWD,1,,-1,IDLE,0
C3B93D0B,2505399,2505777.399,2505777399,999,1909,1935,0,0,FWD,1,,-1,IDLE,0
C3B93D0B,2505400,2505778.400,2505778400,1001,1909,1935,0,0,FWD,1,,-1,IDLE,0
C3B93D0B,2505401,2505779.400,2505779400,1000,1910,1935,0,0,FWD,1,,-1,IDLE,0
C3B93D0B,2505402,2505781.151,2505781151,1751,1899,1935,0,0,FWD,33,,-1,IDLE,0
C3B93D0B,2505403,2505781.466,2505781466,315,1901,1935,0,0,FWD,1,,-1,IDLE,0
C3B93D0B,2505404,2505782.400,2505782400,934,1899,1935,0,0,FWD,1,,-1,IDLE,0
C3B93D0B,2505405,2505783.399,2505783399,999,1901,1935,0,0,FWD,1,,-1,IDLE,0
C3B93D0B,2505406,2505784.480,2505784480,1081,1899,1935,0,0,FWD,1,,-1,IDLE,0
C3B93D0B,2505407,2505785.399,2505785399,919,1902,1935,0,0,FWD,1,,-1,IDLE,0
C3B93D0B,2505408,2505786.523,2505786523,1124,1899,1935,0,0,FWD,1,,-1,IDLE,0
C3B93D0B,2505409,2505787.399,2505787399,876,1901,1935,0,0,FWD,1,,-1,IDLE,0
C3B93D0B,2505410,2505788.400,2505788400,1001,1902,1935,0,0,FWD,1,,-1,IDLE,0
C3B93D0B,2505411,2505789.400,2505789400,1000,1903,1935,0,0,FWD,1,,-1,IDLE,0
C3B93D0B,2505412,2505790.400,2505790400,1000,1901,1935,0,0,FWD,1,,-1,IDLE,0
C3B93D0B,2505413,2505791.399,2505791399,999,1903,1935,0,0,FWD,1,,-1,IDLE,0
C3B93D0B,2505414,2505792.400,2505792400,1001,1903,1935,0,0,FWD,1,,-1,IDLE,0
C3B93D0B,2505415,2505793.399,2505793399,999,1902,1935,0,0,FWD,1,,-1,IDLE,0
C3B93D0B,2505416,2505794.400,2505794400,1001,1903,1935,0,0,FWD,1,,-1,IDLE,0
C3B93D0B,2505417,2505795.399,2505795399,999,1903,1935,0,0,FWD,1,,-1,IDLE,0
C3B93D0B,2505418,2505796.400,2505796400,1001,1901,1935,0,0,FWD,1,,-1,IDLE,0
C3B93D0B,2505419,2505797.399,2505797399,999,1902,1935,0,0,FWD,1,,-1,IDLE,0
C3B93D0B,2505420,2505798.400,2505798400,1001,1902,1935,0,0,FWD,1,,-1,IDLE,0
C3B93D0B,2505421,2505799.400,2505799400,1000,1902,1935,0,0,FWD,1,,-1,IDLE,0
C3B93D0B,2505422,2505800.400,2505800400,1000,1901,1935,0,0,FWD,1,,-1,IDLE,0
C3B93D0B,2505423,2505801.399,2505801399,999,1903,1935,0,0,FWD,1,,-1,IDLE,0
C3B93D0B,2505424,2505802.400,2505802400,1001,1903,1935,0,0,FWD,1,,-1,IDLE,0
C3B93D0B,2505425,2505803.399,2505803399,999,1902,1935,0,0,FWD,1,,-1,IDLE,0
C3B93D0B,2505426,2505804.400,2505804400,1001,1904,1935,0,0,FWD,1,,-1,IDLE,0
C3B93D0B,2505427,2505805.399,2505805399,999,1903,1935,0,0,FWD,1,,-1,IDLE,0
C3B93D0B,2505428,2505806.731,2505806731,1332,1903,1935,0,0,FWD,33,,-1,IDLE,0
C3B93D0B,2505429,2505807.678,2505807678,947,1904,1935,0,0,FWD,1,,-1,IDLE,0
C3B93D0B,2505430,2505808.400,2505808400,722,1903,1935,0,0,FWD,1,,-1,IDLE,0
C3B93D0B,2505431,2505809.400,2505809400,1000,1902,1935,0,0,FWD,1,,-1,IDLE,0
C3B93D0B,2505432,2505810.400,2505810400,1000,1903,1935,0,0,FWD,1,,-1,IDLE,0
C3B93D0B,2505433,2505811.399,2505811399,999,1902,1935,0,0,FWD,1,,-1,IDLE,0
C3B93D0B,2505434,2505812.400,2505812400,1001,1900,1935,0,0,FWD,1,,-1,IDLE,0
C3B93D0B,2505435,2505813.399,2505813399,999,1901,1935,0,0,FWD,1,,-1,IDLE,0
C3B93D0B,2505436,2505814.400,2505814400,1001,1902,1935,0,0,FWD,1,,-1,IDLE,0
C3B93D0B,2505437,2505815.399,2505815399,999,1903,1935,0,0,FWD,1,,-1,IDLE,0
C3B93D0B,2505438,2505816.400,2505816400,1001,1902,1935,0,0,FWD,1,,-1,IDLE,0
C3B93D0B,2505439,2505817.399,2505817399,999,1902,1935,0,0,FWD,1,,-1,IDLE,0
C3B93D0B,2505440,2505818.400,2505818400,1001,1900,1935,0,0,FWD,1,,-1,IDLE,0
C3B93D0B,2505441,2505819.400,2505819400,1000,1904,1935,0,0,FWD,1,,-1,IDLE,0
C3B93D0B,2505442,2505820.400,2505820400,1000,1903,1935,0,0,FWD,1,,-1,IDLE,0
C3B93D0B,2505443,2505821.399,2505821399,999,1902,1935,0,0,FWD,1,,-1,IDLE,0
C3B93D0B,2505444,2505822.400,2505822400,1001,1904,1935,0,0,FWD,1,,-1,IDLE,0
C3B93D0B,2505445,2505823.399,2505823399,999,1903,1935,0,0,FWD,1,,-1,IDLE,0
C3B93D0B,2505446,2505824.400,2505824400,1001,1903,1935,0,0,FWD,1,,-1,IDLE,0
C3B93D0B,2505447,2505825.399,2505825399,999,1902,1935,0,0,FWD,1,,-1,IDLE,0
C3B93D0B,2505448,2505826.400,2505826400,1001,1903,1935,0,0,FWD,1,,-1,IDLE,0
C3B93D0B,2505449,2505827.399,2505827399,999,1903,1935,0,0,FWD,1,,-1,IDLE,0
C3B93D0B,2505450,2505828.400,2505828400,1001,1901,1935,0,0,FWD,1,,-1,IDLE,0
C3B93D0B,2505451,2505829.400,2505829400,1000,1901,1935,0,0,FWD,1,,-1,IDLE,0
C3B93D0B,2505452,2505830.400,2505830400,1000,1903,1935,0,0,FWD,1,,-1,IDLE,0
C3B93D0B,2505453,2505831.399,2505831399,999,1903,1935,0,0,FWD,1,,-1,IDLE,0
C3B93D0B,2505454,2505832.400,2505832400,1001,1902,1935,0,0,FWD,1,,-1,IDLE,0
C3B93D0B,2505455,2505833.399,2505833399,999,1903,1935,0,0,FWD,1,,-1,IDLE,0
C3B93D0B,2505456,2505834.400,2505834400,1001,1903,1935,0,0,FWD,1,,-1,IDLE,0
C3B93D0B,2505457,2505835.399,2505835399,999,1903,1935,0,0,FWD,1,,-1,IDLE,0
C3B93D0B,2505458,2505836.400,2505836400,1001,1901,1935,0,0,FWD,1,,-1,IDLE,0
C3B93D0B,2505459,2505837.399,2505837399,999,1903,1935,0,0,FWD,1,,-1,IDLE,0
C3B93D0B,2505460,2505838.400,2505838400,1001,1903,1935,0,0,FWD,1,,-1,IDLE,0
C3B93D0B,2505461,2505839.400,2505839400,1000,1903,1935,0,0,FWD,1,,-1,IDLE,0
C3B93D0B,2505462,2505840.400,2505840400,1000,1903,1935,0,0,FWD,1,,-1,IDLE,0
C3B93D0B,2505463,2505841.399,2505841399,999,1904,1935,0,0,FWD,1,,-1,IDLE,0
C3B93D0B,2505464,2505842.400,2505842400,1001,1901,1935,0,0,FWD,1,,-1,IDLE,0
C3B93D0B,2505465,2505843.399,2505843399,999,1902,1935,0,0,FWD,1,,-1,IDLE,0
C3B93D0B,2505466,2505844.400,2505844400,1001,1901,1935,0,0,FWD,1,,-1,IDLE,0
C3B93D0B,2505467,2505845.399,2505845399,999,1903,1935,0,0,FWD,1,,-1,IDLE,0
C3B93D0B,2505468,2505846.400,2505846400,1001,1903,1935,0,0,FWD,1,,-1,IDLE,0
C3B93D0B,2505469,2505847.399,2505847399,999,1902,1935,0,0,FWD,1,,-1,IDLE,0
C3B93D0B,2505470,2505848.400,2505848400,1001,1902,1935,0,0,FWD,1,,-1,IDLE,0
C3B93D0B,2505471,2505849.400,2505849400,1000,1903,1935,0,0,FWD,1,,-1,IDLE,0
C3B93D0B,2505472,2505850.400,2505850400,1000,1902,1935,0,0,FWD,1,,-1,IDLE,0
C3B93D0B,2505473,2505851.399,2505851399,999,1904,1935,0,0,FWD,1,,-1,IDLE,0
C3B93D0B,2505474,2505852.400,2505852400,1001,1903,1935,0,0,FWD,1,,-1,IDLE,0
C3B93D0B,2505475,2505853.399,2505853399,999,1903,1935,0,0,FWD,1,,-1,IDLE,0
C3B93D0B,2505476,2505854.400,2505854400,1001,1903,1935,0,0,FWD,1,,-1,IDLE,0
C3B93D0B,2505477,2505855.399,2505855399,999,1904,1935,0,0,FWD,1,,-1,IDLE,0
C3B93D0B,2505478,2505856.400,2505856400,1001,1903,1935,0,0,FWD,1,,-1,IDLE,0
C3B93D0B,2505479,2505857.793,2505857793,1393,1902,1935,0,0,FWD,33,,-1,IDLE,0
C3B93D0B,2505480,2505858.400,2505858400,607,1901,1935,0,0,FWD,1,,-1,IDLE,0
C3B93D0B,2505481,2505859.400,2505859400,1000,1901,1935,0,0,FWD,1,,-1,IDLE,0
C3B93D0B,2505482,2505860.400,2505860400,1000,1902,1935,0,0,FWD,1,,-1,IDLE,0
C3B93D0B,2505483,2505861.399,2505861399,999,1901,1935,0,0,FWD,1,,-1,IDLE,0
C3B93D0B,2505484,2505862.400,2505862400,1001,1903,1935,0,0,FWD,1,,-1,IDLE,0
C3B93D0B,2505485,2505863.399,2505863399,999,1903,1935,0,0,FWD,1,,-1,IDLE,0
C3B93D0B,2505486,2505864.559,2505864559,1160,1913,1935,0,0,FWD,1,,-1,IDLE,0
C3B93D0B,2505487,2505865.399,2505865399,840,1913,1935,0,0,FWD,1,,-1,IDLE,0
C3B93D0B,2505488,2505866.400,2505866400,1001,1911,1935,0,0,FWD,1,,-1,IDLE,0
C3B93D0B,2505489,2505867.399,2505867399,999,1913,1935,0,0,FWD,1,,-1,IDLE,0
C3B93D0B,2505490,2505868.400,2505868400,1001,1910,1935,0,0,FWD,1,,-1,IDLE,0
C3B93D0B,2505491,2505869.400,2505869400,1000,1910,1935,0,0,FWD,1,,-1,IDLE,0
C3B93D0B,2505492,2505870.400,2505870400,1000,1910,1935,0,0,FWD,1,,-1,IDLE,0
C3B93D0B,2505493,2505871.399,2505871399,999,1910,1935,0,0,FWD,1,,-1,IDLE,0
C3B93D0B,2505494,2505872.400,2505872400,1001,1909,1935,0,0,FWD,1,,-1,IDLE,0
C3B93D0B,2505495,2505873.399,2505873399,999,1910,1935,0,0,FWD,1,,-1,IDLE,0
C3B93D0B,2505496,2505874.400,2505874400,1001,1910,1935,0,0,FWD,1,,-1,IDLE,0
C3B93D0B,2505497,2505875.399,2505875399,999,1910,1935,0,0,FWD,1,,-1,IDLE,0
C3B93D0B,2505498,2505876.400,2505876400,1001,1909,1935,0,0,FWD,1,,-1,IDLE,0
C3B93D0B,2505499,2505877.399,2505877399,999,1910,1935,0,0,FWD,1,,-1,IDLE,0
C3B93D0B,2505500,2505878.400,2505878400,1001,1910,1935,0,0,FWD,1,,-1,IDLE,0
C3B93D0B,2505501,2505879.531,2505879531,1131,1908,1935,0,0,FWD,1,,-1,IDLE,0
C3B93D0B,2505502,2505881.182,2505881182,1651,1899,1935,0,0,FWD,33,,-1,IDLE,0
C3B93D0B,2505503,2505881.499,2505881499,317,1901,1935,0,0,FWD,1,,-1,IDLE,0
C3B93D0B,2505504,2505882.400,2505882400,901,1902,1935,0,0,FWD,1,,-1,IDLE,0
C3B93D0B,2505505,2505883.399,2505883399,999,1901,1935,0,0,FWD,1,,-1,IDLE,0
C3B93D0B,2505506,2505884.540,2505884540,1141,1899,1935,0,0,FWD,1,,-1,IDLE,0
C3B93D0B,2505507,2505885.399,2505885399,859,1900,1935,0,0,FWD,1,,-1,IDLE,0
C3B93D0B,2505508,2505886.400,2505886400,1001,1899,1935,0,0,FWD,1,,-1,IDLE,0
C3B93D0B,2505509,2505887.399,2505887399,999,1901,1935,0,0,FWD,1,,-1,IDLE,0
C3B93D0B,2505510,2505888.400,2505888400,1001,1903,1935,0,0,FWD,1,,-1,IDLE,0
C3B93D0B,2505511,2505889.400,2505889400,1000,1901,1935,0,0,FWD,1,,-1,IDLE,0
C3B93D0B,2505512,2505890.400,2505890400,1000,1903,1935,0,0,FWD,1,,-1,IDLE,0
C3B93D0B,2505513,2505891.399,2505891399,999,1901,1935,0,0,FWD,1,,-1,IDLE,0
C3B93D0B,2505514,2505892.400,2505892400,1001,1902,1935,0,0,FWD,1,,-1,IDLE,0
C3B93D0B,2505515,2505893.399,2505893399,999,1903,1935,0,0,FWD,1,,-1,IDLE,0
C3B93D0B,2505516,2505894.400,2505894400,1001,1902,1935,0,0,FWD,1,,-1,IDLE,0
C3B93D0B,2505517,2505895.399,2505895399,999,1903,1935,0,0,FWD,1,,-1,IDLE,0
C3B93D0B,2505518,2505896.588,2505896588,1189,1902,1935,0,0,FWD,1,,-1,IDLE,0
C3B93D0B,2505519,2505897.399,2505897399,811,1903,1935,0,0,FWD,1,,-1,IDLE,0
C3B93D0B,2505520,2505898.400,2505898400,1001,1903,1935,0,0,FWD,1,,-1,IDLE,0
C3B93D0B,2505521,2505899.400,2505899400,1000,1901,1935,0,0,FWD,1,,-1,IDLE,0
C3B93D0B,2505522,2505900.400,2505900400,1000,1904,1935,0,0,FWD,1,,-1,IDLE,0
C3B93D0B,2505523,2505901.399,2505901399,999,1903,1935,0,0,FWD,1,,-1,IDLE,0
C3B93D0B,2505524,2505902.400,2505902400,1001,1904,1935,0,0,FWD,1,,-1,IDLE,0
C3B93D0B,2505525,2505903.601,2505903601,1201,1901,1935,0,0,FWD,1,,-1,IDLE,0
C3B93D0B,2505526,2505904.400,2505904400,799,1902,1935,0,0,FWD,1,,-1,IDLE,0
C3B93D0B,2505527,2505905.399,2505905399,999,1903,1935,0,0,FWD,1,,-1,IDLE,0
C3B93D0B,2505528,2505906.400,2505906400,1001,1903,1935,0,0,FWD,1,,-1,IDLE,0
C3B93D0B,2505529,2505907.399,2505907399,999,1902,1935,0,0,FWD,1,,-1,IDLE,0
C3B93D0B,2505530,2505909.094,2505909094,1695,1902,1935,0,0,FWD,33,,-1,IDLE,0
C3B93D0B,2505531,2505909.423,2505909423,329,1904,1935,0,0,FWD,1,,-1,IDLE,0
C3B93D0B,2505532,2505910.400,2505910400,977,1901,1935,0,0,FWD,1,,-1,IDLE,0
C3B93D0B,2505533,2505911.399,2505911399,999,1903,1935,0,0,FWD,1,,-1,IDLE,0
C3B93D0B,2505534,2505912.400,2505912400,1001,1904,1935,0,0,FWD,1,,-1,IDLE,0
C3B93D0B,2505535,2505913.399,2505913399,999,1901,1935,0,0,FWD,1,,-1,IDLE,0
C3B93D0B,2505536,2505914.400,2505914400,1001,1903,1935,0,0,FWD,1,,-1,IDLE,0
C3B93D0B,2505537,2505915.399,2505915399,999,1903,1935,0,0,FWD,1,,-1,IDLE,0
C3B93D0B,2505538,2505916.400,2505916400,1001,1903,1935,0,0,FWD,1,,-1,IDLE,0
C3B93D0B,2505539,2505917.399,2505917399,999,1903,1935,0,0,FWD,1,,-1,IDLE,0
C3B93D0B,2505540,2505918.400,2505918400,1001,1903,1935,0,0,FWD,1,,-1,IDLE,0
C3B93D0B,2505541,2505919.400,2505919400,1000,1904,1935,0,0,FWD,1,,-1,IDLE,0
C3B93D0B,2505542,2505920.400,2505920400,1000,1902,1935,0,0,FWD,1,,-1,IDLE,0
C3B93D0B,2505543,2505921.399,2505921399,999,1902,1935,0,0,FWD,1,,-1,IDLE,0
C3B93D0B,2505544,2505922.400,2505922400,1001,1903,1935,0,0,FWD,1,,-1,IDLE,0
C3B93D0B,2505545,2505923.399,2505923399,999,1904,1935,0,0,FWD,1,,-1,IDLE,0
C3B93D0B,2505546,2505924.400,2505924400,1001,1904,1935,0,0,FWD,1,,-1,IDLE,0
C3B93D0B,2505547,2505925.399,2505925399,999,1903,1935,0,0,FWD,1,,-1,IDLE,0
C3B93D0B,2505548,2505926.400,2505926400,1001,1903,1935,0,0,FWD,1,,-1,IDLE,0
C3B93D0B,2505549,2505927.399,2505927399,999,1903,1935,0,0,FWD,1,,-1,IDLE,0
C3B93D0B,2505550,2505928.400,2505928400,1001,1903,1935,0,0,FWD,1,,-1,IDLE,0
C3B93D0B,2505551,2505929.400,2505929400,1000,1904,1935,0,0,FWD,1,,-1,IDLE,0
C3B93D0B,2505552,2505930.400,2505930400,1000,1903,1935,0,0,FWD,1,,-1,IDLE,0
C3B93D0B,2505553,2505931.399,2505931399,999,1902,1935,0,0,FWD,1,,-1,IDLE,0
C3B93D0B,2505554,2505932.400,2505932400,1001,1901,1935,0,0,FWD,1,,-1,IDLE,0
C3B93D0B,2505555,2505933.399,2505933399,999,1903,1935,0,0,FWD,1,,-1,IDLE,0
C3B93D0B,2505556,2505934.400,2505934400,1001,1902,1935,0,0,FWD,1,,-1,IDLE,0
C3B93D0B,2505557,2505935.399,2505935399,999,1903,1935,0,0,FWD,1,,-1,IDLE,0
C3B93D0B,2505558,2505936.400,2505936400,1001,1904,1935,0,0,FWD,1,,-1,IDLE,0
C3B93D0B,2505559,2505937.885,2505937885,1485,1899,1935,0,0,FWD,33,,-1,IDLE,0
C3B93D0B,2505560,2505938.404,2505938404,519,1903,1935,0,0,FWD,1,,-1,IDLE,0
C3B93D0B,2505561,2505939.400,2505939400,996,1902,1935,0,0,FWD,1,,-1,IDLE,0
C3B93D0B,2505562,2505940.400,2505940400,1000,1902,1935,0,0,FWD,1,,-1,IDLE,0
C3B93D0B,2505563,2505941.399,2505941399,999,1903,1935,0,0,FWD,1,,-1,IDLE,0
C3B93D0B,2505564,2505942.400,2505942400,1001,1903,1935,0,0,FWD,1,,-1,IDLE,0
C3B93D0B,2505565,2505943.501,2505943501,1101,1911,1935,0,0,FWD,1,,-1,IDLE,0
C3B93D0B,2505566,2505944.400,2505944400,899,1914,1935,0,0,FWD,1,,-1,IDLE,0
C3B93D0B,2505567,2505945.399,2505945399,999,1911,1935,0,0,FWD,1,,-1,IDLE,0
C3B93D0B,2505568,2505946.400,2505946400,1001,1910,1935,0,0,FWD,1,,-1,IDLE,0
C3B93D0B,2505569,2505947.399,2505947399,999,1913,1935,0,0,FWD,1,,-1,IDLE,0
C3B93D0B,2505570,2505948.400,2505948400,1001,1913,1935,0,0,FWD,1,,-1,IDLE,0
C3B93D0B,2505571,2505949.400,2505949400,1000,1911,1935,0,0,FWD,1,,-1,IDLE,0
C3B93D0B,2505572,2505950.400,2505950400,1000,1913,1935,0,0,FWD,1,,-1,IDLE,0
C3B93D0B,2505573,2505951.399,2505951399,999,1911,1935,0,0,FWD,1,,-1,IDLE,0
C3B93D0B,2505574,2505952.400,2505952400,1001,1910,1935,0,0,FWD,1,,-1,IDLE,0
C3B93D0B,2505575,2505953.399,2505953399,999,1910,1935,0,0,FWD,1,,-1,IDLE,0
C3B93D0B,2505576,2505954.400,2505954400,1001,1911,1935,0,0,FWD,1,,-1,IDLE,0
C3B93D0B,2505577,2505955.399,2505955399,999,1910,1935,0,0,FWD,1,,-1,IDLE,0
C3B93D0B,2505578,2505956.400,2505956400,1001,1909,1935,0,0,FWD,1,,-1,IDLE,0
C3B93D0B,2505579,2505957.399,2505957399,999,1911,1935,0,0,FWD,1,,-1,IDLE,0
C3B93D0B,2505580,2505958.400,2505958400,1001,1910,1935,0,0,FWD,1,,-1,IDLE,0
C3B93D0B,2505581,2505959.400,2505959400,1000,1909,1935,0,0,FWD,1,,-1,IDLE,0
C3B93D0B,2505582,2505960.400,2505960400,1000,1907,1935,0,0,FWD,1,,-1,IDLE,0
C3B93D0B,2505583,2505961.399,2505961399,999,1909,1935,0,0,FWD,1,,-1,IDLE,0
C3B93D0B,2505584,2505962.400,2505962400,1001,1911,1935,0,0,FWD,1,,-1,IDLE,0
C3B93D0B,2505585,2505963.399,2505963399,999,1908,1935,0,0,FWD,1,,-1,IDLE,0
C3B93D0B,2505586,2505964.400,2505964400,1001,1910,1935,0,0,FWD,1,,-1,IDLE,0
C3B93D0B,2505587,2505965.399,2505965399,999,1910,1935,0,0,FWD,1,,-1,IDLE,0
C3B93D0B,2505588,2505966.400,2505966400,1001,1909,1935,0,0,FWD,1,,-1,IDLE,0
C3B93D0B,2505589,2505967.399,2505967399,999,1911,1935,0,0,FWD,1,,-1,IDLE,0
C3B93D0B,2505590,2505968.400,2505968400,1001,1911,1935,0,0,FWD,1,,-1,IDLE,0
C3B93D0B,2505591,2505969.400,2505969400,1000,1909,1935,0,0,FWD,1,,-1,IDLE,0
C3B93D0B,2505592,2505970.400,2505970400,1000,1909,1935,0,0,FWD,1,,-1,IDLE,0
C3B93D0B,2505593,2505971.399,2505971399,999,1909,1935,0,0,FWD,1,,-1,IDLE,0
C3B93D0B,2505594,2505972.400,2505972400,1001,1908,1935,0,0,FWD,1,,-1,IDLE,0
C3B93D0B,2505595,2505973.399,2505973399,999,1908,1935,0,0,FWD,1,,-1,IDLE,0
C3B93D0B,2505596,2505974.400,2505974400,1001,1910,1935,0,0,FWD,1,,-1,IDLE,0
C3B93D0B,2505597,2505975.399,2505975399,999,1911,1935,0,0,FWD,1,,-1,IDLE,0
C3B93D0B,2505598,2505976.400,2505976400,1001,1910,1935,0,0,FWD,1,,-1,IDLE,0
C3B93D0B,2505599,2505977.399,2505977399,999,1910,1935,0,0,FWD,1,,-1,IDLE,0
C3B93D0B,2505600,2505978.400,2505978400,1001,1910,1935,0,0,FWD,1,,-1,IDLE,0
C3B93D0B,2505601,2505979.400,2505979400,1000,1909,1935,0,0,FWD,1,,-1,IDLE,0
C3B93D0B,2505602,2505981.156,2505981156,1756,1899,1935,0,0,FWD,33,,-1,IDLE,0
C3B93D0B,2505603,2505981.470,2505981470,314,1898,1935,0,0,FWD,1,,-1,IDLE,0
C3B93D0B,2505604,2505982.400,2505982400,930,1902,1935,0,0,FWD,1,,-1,IDLE,0
C3B93D0B,2505605,2505983.399,2505983399,999,1901,1935,0,0,FWD,1,,-1,IDLE,0
C3B93D0B,2505606,2505984.548,2505984548,1149,1904,1935,0,0,FWD,1,,-1,IDLE,0
C3B93D0B,2505607,2505985.399,2505985399,851,1900,1935,0,0,FWD,1,,-1,IDLE,0
C3B93D0B,2505608,2505986.400,2505986400,1001,1904,1935,0,0,FWD,1,,-1,IDLE,0
C3B93D0B,2505609,2505987.521,2505987521,1121,1902,1935,0,0,FWD,1,,-1,IDLE,0
C3B93D0B,2505610,2505988.400,2505988400,879,1902,1935,0,0,FWD,1,,-1,IDLE,0
C3B93D0B,2505611,2505989.400,2505989400,1000,1904,1935,0,0,FWD,1,,-1,IDLE,0
C3B93D0B,2505612,2505990.400,2505990400,1000,1902,1935,0,0,FWD,1,,-1,IDLE,0
C3B93D0B,2505613,2505991.399,2505991399,999,1903,1935,0,0,FWD,1,,-1,IDLE,0
C3B93D0B,2505614,2505992.400,2505992400,1001,1903,1935,0,0,FWD,1,,-1,IDLE,0
C3B93D0B,2505615,2505993.399,2505993399,999,1903,1935,0,0,FWD,1,,-1,IDLE,0
C3B93D0B,2505616,2505994.400,2505994400,1001,1904,1935,0,0,FWD,1,,-1,IDLE,0
C3B93D0B,2505617,2505995.399,2505995399,999,1903,1935,0,0,FWD,1,,-1,IDLE,0
C3B93D0B,2505618,2505996.400,2505996400,1001,1903,1935,0,0,FWD,1,,-1,IDLE,0
C3B93D0B,2505619,2505997.399,2505997399,999,1904,1935,0,0,FWD,1,,-1,IDLE,0
C3B93D0B,2505620,2505998.400,2505998400,1001,1902,1935,0,0,FWD,1,,-1,IDLE,0
C3B93D0B,2505621,2505999.400,2505999400,1000,1903,1935,0,0,FWD,1,,-1,IDLE,0
C3B93D0B,2505622,2506000.400,2506000400,1000,1904,1935,0,0,FWD,1,,-1,IDLE,0
C3B93D0B,2505623,2506001.399,2506001399,999,1903,1935,0,0,FWD,1,,-1,IDLE,0
C3B93D0B,2505624,2506002.400,2506002400,1001,1903,1935,0,0,FWD,1,,-1,IDLE,0
C3B93D0B,2505625,2506003.399,2506003399,999,1903,1935,0,0,FWD,1,,-1,IDLE,0
C3B93D0B,2505626,2506004.400,2506004400,1001,1901,1935,0,0,FWD,1,,-1,IDLE,0
C3B93D0B,2505627,2506005.399,2506005399,999,1903,1935,0,0,FWD,1,,-1,IDLE,0
C3B93D0B,2505628,2506006.400,2506006400,1001,1902,1935,0,0,FWD,1,,-1,IDLE,0
C3B93D0B,2505629,2506007.399,2506007399,999,1904,1935,0,0,FWD,1,,-1,IDLE,0
C3B93D0B,2505630,2506008.400,2506008400,1001,1903,1935,0,0,FWD,1,,-1,IDLE,0
C3B93D0B,2505631,2506009.400,2506009400,1000,1904,1935,0,0,FWD,1,,-1,IDLE,0
C3B93D0B,2505632,2506010.400,2506010400,1000,1902,1935,0,0,FWD,1,,-1,IDLE,0
C3B93D0B,2505633,2506011.399,2506011399,999,1900,1935,0,0,FWD,1,,-1,IDLE,0
C3B93D0B,2505634,2506012.400,2506012400,1001,1902,1935,0,0,FWD,1,,-1,IDLE,0
C3B93D0B,2505635,2506013.399,2506013399,999,1903,1935,0,0,FWD,1,,-1,IDLE,0
C3B93D0B,2505636,2506014.400,2506014400,1001,1904,1935,0,0,FWD,1,,-1,IDLE,0
C3B93D0B,2505637,2506015.399,2506015399,999,1901,1935,0,0,FWD,1,,-1,IDLE,0
C3B93D0B,2505638,2506016.400,2506016400,1001,1903,1935,0,0,FWD,1,,-1,IDLE,0
C3B93D0B,2505639,2506017.399,2506017399,999,1903,1935,0,0,FWD,1,,-1,IDLE,0
C3B93D0B,2505640,2506018.400,2506018400,1001,1903,1935,0,0,FWD,1,,-1,IDLE,0
C3B93D0B,2505641,2506019.400,2506019400,1000,1904,1935,0,0,FWD,1,,-1,IDLE,0
C3B93D0B,2505642,2506021.028,2506021028,1628,1903,1935,0,0,FWD,33,,-1,IDLE,0
C3B93D0B,2505643,2506021.399,2506021399,371,1902,1935,0,0,FWD,1,,-1,IDLE,0
C3B93D0B,2505644,2506022.400,2506022400,1001,1904,1935,0,0,FWD,1,,-1,IDLE,0
C3B93D0B,2505645,2506023.399,2506023399,999,1902,1935,0,0,FWD,1,,-1,IDLE,0
C3B93D0B,2505646,2506024.400,2506024400,1001,1903,1935,0,0,FWD,1,,-1,IDLE,0
C3B93D0B,2505647,2506025.399,2506025399,999,1902,1935,0,0,FWD,1,,-1,IDLE,0
C3B93D0B,2505648,2506026.400,2506026400,1001,1901,1935,0,0,FWD,1,,-1,IDLE,0
C3B93D0B,2505649,2506027.399,2506027399,999,1903,1935,0,0,FWD,1,,-1,IDLE,0
C3B93D0B,2505650,2506028.400,2506028400,1001,1902,1935,0,0,FWD,1,,-1,IDLE,0
C3B93D0B,2505651,2506029.400,2506029400,1000,1904,1935,0,0,FWD,1,,-1,IDLE,0
C3B93D0B,2505652,2506030.400,2506030400,1000,1903,1935,0,0,FWD,1,,-1,IDLE,0
C3B93D0B,2505653,2506031.399,2506031399,999,1903,1935,0,0,FWD,1,,-1,IDLE,0
C3B93D0B,2505654,2506032.400,2506032400,1001,1904,1935,0,0,FWD,1,,-1,IDLE,0
C3B93D0B,2505655,2506033.399,2506033399,999,1902,1935,0,0,FWD,1,,-1,IDLE,0
C3B93D0B,2505656,2506034.400,2506034400,1001,1902,1935,0,0,FWD,1,,-1,IDLE,0
C3B93D0B,2505657,2506035.399,2506035399,999,1903,1935,0,0,FWD,1,,-1,IDLE,0
C3B93D0B,2505658,2506036.400,2506036400,1001,1902,1935,0,0,FWD,1,,-1,IDLE,0
C3B93D0B,2505659,2506037.399,2506037399,999,1903,1935,0,0,FWD,1,,-1,IDLE,0
C3B93D0B,2505660,2506038.855,2506038855,1456,1902,1935,0,0,FWD,33,,-1,IDLE,0
C3B93D0B,2505661,2506039.400,2506039400,545,1902,1935,0,0,FWD,1,,-1,IDLE,0
C3B93D0B,2505662,2506040.400,2506040400,1000,1904,1935,0,0,FWD,1,,-1,IDLE,0
C3B93D0B,2505663,2506041.399,2506041399,999,1903,1935,0,0,FWD,1,,-1,IDLE,0
C3B93D0B,2505664,2506042.400,2506042400,1001,1902,1935,0,0,FWD,1,,-1,IDLE,0
C3B93D0B,2505665,2506043.399,2506043399,999,1904,1935,0,0,FWD,1,,-1,IDLE,0
C3B93D0B,2505666,2506044.472,2506044472,1073,1911,1935,0,0,FWD,1,,-1,IDLE,0
C3B93D0B,2505667,2506045.399,2506045399,927,1913,1935,0,0,FWD,1,,-1,IDLE,0
C3B93D0B,2505668,2506046.400,2506046400,1001,1911,1935,0,0,FWD,1,,-1,IDLE,0
C3B93D0B,2505669,2506047.399,2506047399,999,1910,1935,0,0,FWD,1,,-1,IDLE,0
C3B93D0B,2505670,2506048.400,2506048400,1001,1911,1935,0,0,FWD,1,,-1,IDLE,0
C3B93D0B,2505671,2506049.400,2506049400,1000,1914,1935,0,0,FWD,1,,-1,IDLE,0
C3B93D0B,2505672,2506050.400,2506050400,1000,1910,1935,0,0,FWD,1,,-1,IDLE,0
C3B93D0B,2505673,2506051.399,2506051399,999,1911,1935,0,0,FWD,1,,-1,IDLE,0
C3B93D0B,2505674,2506052.400,2506052400,1001,1911,1935,0,0,FWD,1,,-1,IDLE,0
C3B93D0B,2505675,2506053.399,2506053399,999,1910,1935,0,0,FWD,1,,-1,IDLE,0
C3B93D0B,2505676,2506054.400,2506054400,1001,1909,1935,0,0,FWD,1,,-1,IDLE,0
C3B93D0B,2505677,2506055.399,2506055399,999,1911,1935,0,0,FWD,1,,-1,IDLE,0
C3B93D0B,2505678,2506056.400,2506056400,1001,1909,1935,0,0,FWD,1,,-1,IDLE,0
C3B93D0B,2505679,2506057.399,2506057399,999,1910,1935,0,0,FWD,1,,-1,IDLE,0
C3B93D0B,2505680,2506058.400,2506058400,1001,1910,1935,0,0,FWD,1,,-1,IDLE,0
C3B93D0B,2505681,2506059.400,2506059400,1000,1909,1935,0,0,FWD,1,,-1,IDLE,0
C3B93D0B,2505682,2506060.400,2506060400,1000,1910,1935,0,0,FWD,1,,-1,IDLE,0
C3B93D0B,2505683,2506061.399,2506061399,999,1909,1935,0,0,FWD,1,,-1,IDLE,0
C3B93D0B,2505684,2506062.400,2506062400,1001,1909,1935,0,0,FWD,1,,-1,IDLE,0
C3B93D0B,2505685,2506063.399,2506063399,999,1910,1935,0,0,FWD,1,,-1,IDLE,0
C3B93D0B,2505686,2506064.400,2506064400,1001,1909,1935,0,0,FWD,1,,-1,IDLE,0
C3B93D0B,2505687,2506065.399,2506065399,999,1909,1935,0,0,FWD,1,,-1,IDLE,0
C3B93D0B,2505688,2506066.400,2506066400,1001,1909,1935,0,0,FWD,1,,-1,IDLE,0
C3B93D0B,2505689,2506067.399,2506067399,999,1907,1935,0,0,FWD,1,,-1,IDLE,0
C3B93D0B,2505690,2506068.400,2506068400,1001,1909,1935,0,0,FWD,1,,-1,IDLE,0
C3B93D0B,2505691,2506069.400,2506069400,1000,1909,1935,0,0,FWD,1,,-1,IDLE,0
C3B93D0B,2505692,2506070.400,2506070400,1000,1910,1935,0,0,FWD,1,,-1,IDLE,0
C3B93D0B,2505693,2506071.399,2506071399,999,1910,1935,0,0,FWD,1,,-1,IDLE,0
C3B93D0B,2505694,2506072.400,2506072400,1001,1911,1935,0,0,FWD,1,,-1,IDLE,0
C3B93D0B,2505695,2506073.399,2506073399,999,1909,1935,0,0,FWD,1,,-1,IDLE,0
C3B93D0B,2505696,2506074.400,2506074400,1001,1909,1935,0,0,FWD,1,,-1,IDLE,0
C3B93D0B,2505697,2506075.399,2506075399,999,1910,1935,0,0,FWD,1,,-1,IDLE,0
C3B93D0B,2505698,2506076.400,2506076400,1001,1908,1935,0,0,FWD,1,,-1,IDLE,0
C3B93D0B,2505699,2506077.399,2506077399,999,1910,1935,0,0,FWD,1,,-1,IDLE,0
C3B93D0B,2505700,2506078.400,2506078400,1001,1910,1935,0,0,FWD,1,,-1,IDLE,0
C3B93D0B,2505701,2506079.400,2506079400,1000,1909,1935,0,0,FWD,1,,-1,IDLE,0
C3B93D0B,2505702,2506081.165,2506081165,1765,1902,1935,0,0,FWD,33,,-1,IDLE,0
C3B93D0B,2505703,2506081.479,2506081479,314,1900,1935,0,0,FWD,1,,-1,IDLE,0
C3B93D0B,2505704,2506082.400,2506082400,921,1903,1935,0,0,FWD,1,,-1,IDLE,0
C3B93D0B,2505705,2506083.399,2506083399,999,1901,1935,0,0,FWD,1,,-1,IDLE,0
C3B93D0B,2505706,2506084.400,2506084400,1001,1897,1935,0,0,FWD,1,,-1,IDLE,0
C3B93D0B,2505707,2506085.399,2506085399,999,1902,1935,0,0,FWD,1,,-1,IDLE,0
C3B93D0B,2505708,2506086.400,2506086400,1001,1903,1935,0,0,FWD,1,,-1,IDLE,0
C3B93D0B,2505709,2506087.399,2506087399,999,1901,1935,0,0,FWD,1,,-1,IDLE,0
C3B93D0B,2505710,2506088.400,2506088400,1001,1903,1935,0,0,FWD,1,,-1,IDLE,0
C3B93D0B,2505711,2506089.400,2506089400,1000,1901,1935,0,0,FWD,1,,-1,IDLE,0
C3B93D0B,2505712,2506090.406,2506090406,1006,1901,1935,0,0,FWD,1,,-1,IDLE,0
C3B93D0B,2505713,2506091.399,2506091399,993,1903,1935,0,0,FWD,1,,-1,IDLE,0
C3B93D0B,2505714,2506092.400,2506092400,1001,1904,1935,0,0,FWD,1,,-1,IDLE,0
C3B93D0B,2505715,2506093.399,2506093399,999,1903,1935,0,0,FWD,1,,-1,IDLE,0
C3B93D0B,2505716,2506094.400,2506094400,1001,1904,1935,0,0,FWD,1,,-1,IDLE,0
C3B93D0B,2505717,2506095.399,2506095399,999,1904,1935,0,0,FWD,1,,-1,IDLE,0
C3B93D0B,2505718,2506096.400,2506096400,1001,1903,1935,0,0,FWD,1,,-1,IDLE,0
C3B93D0B,2505719,2506097.399,2506097399,999,1903,1935,0,0,FWD,1,,-1,IDLE,0
C3B93D0B,2505720,2506098.400,2506098400,1001,1904,1935,0,0,FWD,1,,-1,IDLE,0
C3B93D0B,2505721,2506099.400,2506099400,1000,1903,1935,0,0,FWD,1,,-1,IDLE,0
C3B93D0B,2505722,2506100.400,2506100400,1000,1903,1935,0,0,FWD,1,,-1,IDLE,0
C3B93D0B,2505723,2506101.399,2506101399,999,1902,1935,0,0,FWD,1,,-1,IDLE,0
C3B93D0B,2505724,2506102.400,2506102400,1001,1901,1935,0,0,FWD,1,,-1,IDLE,0
C3B93D0B,2505725,2506103.402,2506103402,1002,1902,1935,0,0,FWD,1,,-1,IDLE,0
C3B93D0B,2505726,2506104.400,2506104400,998,1902,1935,0,0,FWD,1,,-1,IDLE,0
C3B93D0B,2505727,2506105.399,2506105399,999,1904,1935,0,0,FWD,1,,-1,IDLE,0
C3B93D0B,2505728,2506106.400,2506106400,1001,1903,1935,0,0,FWD,1,,-1,IDLE,0
C3B93D0B,2505729,2506107.399,2506107399,999,1903,1935,0,0,FWD,1,,-1,IDLE,0
C3B93D0B,2505730,2506108.400,2506108400,1001,1903,1935,0,0,FWD,1,,-1,IDLE,0
C3B93D0B,2505731,2506109.400,2506109400,1000,1904,1935,0,0,FWD,1,,-1,IDLE,0
C3B93D0B,2505732,2506110.400,2506110400,1000,1903,1935,0,0,FWD,1,,-1,IDLE,0
C3B93D0B,2505733,2506111.399,2506111399,999,1903,1935,0,0,FWD,1,,-1,IDLE,0
C3B93D0B,2505734,2506112.400,2506112400,1001,1903,1935,0,0,FWD,1,,-1,IDLE,0
C3B93D0B,2505735,2506113.399,2506113399,999,1904,1935,0,0,FWD,1,,-1,IDLE,0
C3B93D0B,2505736,2506114.400,2506114400,1001,1904,1935,0,0,FWD,1,,-1,IDLE,0
C3B93D0B,2505737,2506115.399,2506115399,999,1904,1935,0,0,FWD,1,,-1,IDLE,0
C3B93D0B,2505738,2506116.400,2506116400,1001,1904,1935,0,0,FWD,1,,-1,IDLE,0
C3B93D0B,2505739,2506117.399,2506117399,999,1904,1935,0,0,FWD,1,,-1,IDLE,0
C3B93D0B,2505740,2506118.400,2506118400,1001,1904,1935,0,0,FWD,1,,-1,IDLE,0
C3B93D0B,2505741,2506120.079,2506120079,1679,1903,1935,0,0,FWD,33,,-1,IDLE,0
C3B93D0B,2505742,2506120.408,2506120408,329,1903,1935,0,0,FWD,1,,-1,IDLE,0
C3B93D0B,2505743,2506121.399,2506121399,991,1904,1935,0,0,FWD,1,,-1,IDLE,0
C3B93D0B,2505744,2506122.400,2506122400,1001,1903,1935,0,0,FWD,1,,-1,IDLE,0
C3B93D0B,2505745,2506123.399,2506123399,999,1904,1935,0,0,FWD,1,,-1,IDLE,0
C3B93D0B,2505746,2506124.400,2506124400,1001,1902,1935,0,0,FWD,1,,-1,IDLE,0
C3B93D0B,2505747,2506125.399,2506125399,999,1903,1935,0,0,FWD,1,,-1,IDLE,0
C3B93D0B,2505748,2506126.400,2506126400,1001,1903,1935,0,0,FWD,1,,-1,IDLE,0
C3B93D0B,2505749,2506127.399,2506127399,999,1904,1935,0,0,FWD,1,,-1,IDLE,0
C3B93D0B,2505750,2506128.400,2506128400,1001,1903,1935,0,0,FWD,1,,-1,IDLE,0
C3B93D0B,2505751,2506129.400,2506129400,1000,1902,1935,0,0,FWD,1,,-1,IDLE,0
C3B93D0B,2505752,2506130.400,2506130400,1000,1903,1935,0,0,FWD,1,,-1,IDLE,0
C3B93D0B,2505753,2506131.399,2506131399,999,1904,1935,0,0,FWD,1,,-1,IDLE,0
C3B93D0B,2505754,2506132.400,2506132400,1001,1904,1935,0,0,FWD,1,,-1,IDLE,0
C3B93D0B,2505755,2506133.399,2506133399,999,1903,1935,0,0,FWD,1,,-1,IDLE,0
C3B93D0B,2505756,2506134.400,2506134400,1001,1903,1935,0,0,FWD,1,,-1,IDLE,0
C3B93D0B,2505757,2506135.399,2506135399,999,1903,1935,0,0,FWD,1,,-1,IDLE,0
C3B93D0B,2505758,2506136.400,2506136400,1001,1903,1935,0,0,FWD,1,,-1,IDLE,0
C3B93D0B,2505759,2506137.399,2506137399,999,1903,1935,0,0,FWD,1,,-1,IDLE,0
C3B93D0B,2505760,2506138.400,2506138400,1001,1902,1935,0,0,FWD,1,,-1,IDLE,0
C3B93D0B,2505761,2506139.400,2506139400,1000,1904,1935,0,0,FWD,1,,-1,IDLE,0
C3B93D0B,2505762,2506140.400,2506140400,1000,1903,1935,0,0,FWD,1,,-1,IDLE,0
C3B93D0B,2505763,2506141.399,2506141399,999,1903,1935,0,0,FWD,1,,-1,IDLE,0
C3B93D0B,2505764,2506142.400,2506142400,1001,1904,1935,0,0,FWD,1,,-1,IDLE,0
C3B93D0B,2505765,2506143.399,2506143399,999,1904,1935,0,0,FWD,1,,-1,IDLE,0
C3B93D0B,2505766,2506144.400,2506144400,1001,1902,1935,0,0,FWD,1,,-1,IDLE,0
C3B93D0B,2505767,2506145.399,2506145399,999,1904,1935,0,0,FWD,1,,-1,IDLE,0
C3B93D0B,2505768,2506146.595,2506146595,1196,1903,1935,0,0,FWD,1,,-1,IDLE,0
C3B93D0B,2505769,2506147.399,2506147399,804,1903,1935,0,0,FWD,1,,-1,IDLE,0
C3B93D0B,2505770,2506148.400,2506148400,1001,1903,1935,0,0,FWD,1,,-1,IDLE,0
C3B93D0B,2505771,2506149.400,2506149400,1000,1903,1935,0,0,FWD,1,,-1,IDLE,0
C3B93D0B,2505772,2506150.400,2506150400,1000,1903,1935,0,0,FWD,1,,-1,IDLE,0
C3B93D0B,2505773,2506151.399,2506151399,999,1904,1935,0,0,FWD,1,,-1,IDLE,0
C3B93D0B,2505774,2506152.400,2506152400,1001,1904,1935,0,0,FWD,1,,-1,IDLE,0
C3B93D0B,2505775,2506153.399,2506153399,999,1903,1935,0,0,FWD,1,,-1,IDLE,0
C3B93D0B,2505776,2506154.403,2506154403,1004,1903,1935,0,0,FWD,1,,-1,IDLE,0
C3B93D0B,2505777,2506155.399,2506155399,996,1903,1935,0,0,FWD,1,,-1,IDLE,0
C3B93D0B,2505778,2506156.400,2506156400,1001,1903,1935,0,0,FWD,1,,-1,IDLE,0
C3B93D0B,2505779,2506157.399,2506157399,999,1904,1935,0,0,FWD,1,,-1,IDLE,0
C3B93D0B,2505780,2506158.400,2506158400,1001,1904,1935,0,0,FWD,1,,-1,IDLE,0
C3B93D0B,2505781,2506159.400,2506159400,1000,1904,1935,0,0,FWD,1,,-1,IDLE,0
C3B93D0B,2505782,2506160.403,2506160403,1003,1913,1935,0,0,FWD,1,,-1,IDLE,0
C3B93D0B,2505783,2506161.399,2506161399,996,1911,1935,0,0,FWD,1,,-1,IDLE,0
C3B93D0B,2505784,2506162.400,2506162400,1001,1911,1935,0,0,FWD,1,,-1,IDLE,0
C3B93D0B,2505785,2506163.399,2506163399,999,1913,1935,0,0,FWD,1,,-1,IDLE,0
C3B93D0B,2505786,2506164.400,2506164400,1001,1911,1935,0,0,FWD,1,,-1,IDLE,0
C3B93D0B,2505787,2506165.399,2506165399,999,1911,1935,0,0,FWD,1,,-1,IDLE,0
C3B93D0B,2505788,2506166.400,2506166400,1001,1911,1935,0,0,FWD,1,,-1,IDLE,0
C3B93D0B,2505789,2506167.399,2506167399,999,1911,1935,0,0,FWD,1,,-1,IDLE,0
C3B93D0B,2505790,2506168.400,2506168400,1001,1910,1935,0,0,FWD,1,,-1,IDLE,0
C3B93D0B,2505791,2506169.400,2506169400,1000,1913,1935,0,0,FWD,1,,-1,IDLE,0
C3B93D0B,2505792,2506170.400,2506170400,1000,1910,1935,0,0,FWD,1,,-1,IDLE,0
C3B93D0B,2505793,2506171.399,2506171399,999,1911,1935,0,0,FWD,1,,-1,IDLE,0
C3B93D0B,2505794,2506172.400,2506172400,1001,1911,1935,0,0,FWD,1,,-1,IDLE,0
C3B93D0B,2505795,2506173.399,2506173399,999,1910,1935,0,0,FWD,1,,-1,IDLE,0
C3B93D0B,2505796,2506174.400,2506174400,1001,1910,1935,0,0,FWD,1,,-1,IDLE,0
C3B93D0B,2505797,2506175.399,2506175399,999,1913,1935,0,0,FWD,1,,-1,IDLE,0
C3B93D0B,2505798,2506176.400,2506176400,1001,1909,1935,0,0,FWD,1,,-1,IDLE,0
C3B93D0B,2505799,2506177.399,2506177399,999,1911,1935,0,0,FWD,1,,-1,IDLE,0
C3B93D0B,2505800,2506178.400,2506178400,1001,1909,1935,0,0,FWD,1,,-1,IDLE,0
C3B93D0B,2505801,2506179.400,2506179400,1000,1909,1935,0,0,FWD,1,,-1,IDLE,0
C3B93D0B,2505802,2506181.157,2506181157,1757,1901,1935,0,0,FWD,33,,-1,IDLE,0
C3B93D0B,2505803,2506181.471,2506181471,314,1902,1935,0,0,FWD,1,,-1,IDLE,0
C3B93D0B,2505804,2506182.400,2506182400,929,1901,1935,0,0,FWD,1,,-1,IDLE,0
C3B93D0B,2505805,2506183.399,2506183399,999,1903,1935,0,0,FWD,1,,-1,IDLE,0
C3B93D0B,2505806,2506184.400,2506184400,1001,1900,1935,0,0,FWD,1,,-1,IDLE,0
C3B93D0B,2505807,2506185.399,2506185399,999,1902,1935,0,0,FWD,1,,-1,IDLE,0
C3B93D0B,2505808,2506186.400,2506186400,1001,1904,1935,0,0,FWD,1,,-1,IDLE,0
C3B93D0B,2505809,2506187.399,2506187399,999,1904,1935,0,0,FWD,1,,-1,IDLE,0
C3B93D0B,2505810,2506188.400,2506188400,1001,1903,1935,0,0,FWD,1,,-1,IDLE,0
C3B93D0B,2505811,2506189.400,2506189400,1000,1901,1935,0,0,FWD,1,,-1,IDLE,0
C3B93D0B,2505812,2506190.400,2506190400,1000,1899,1935,0,0,FWD,1,,-1,IDLE,0
C3B93D0B,2505813,2506191.399,2506191399,999,1903,1935,0,0,FWD,1,,-1,IDLE,0
C3B93D0B,2505814,2506192.400,2506192400,1001,1904,1935,0,0,FWD,1,,-1,IDLE,0
C3B93D0B,2505815,2506193.399,2506193399,999,1904,1935,0,0,FWD,1,,-1,IDLE,0
C3B93D0B,2505816,2506194.400,2506194400,1001,1902,1935,0,0,FWD,1,,-1,IDLE,0
C3B93D0B,2505817,2506195.399,2506195399,999,1901,1935,0,0,FWD,1,,-1,IDLE,0
C3B93D0B,2505818,2506196.400,2506196400,1001,1904,1935,0,0,FWD,1,,-1,IDLE,0
C3B93D0B,2505819,2506197.399,2506197399,999,1903,1935,0,0,FWD,1,,-1,IDLE,0
C3B93D0B,2505820,2506198.400,2506198400,1001,1904,1935,0,0,FWD,1,,-1,IDLE,0
C3B93D0B,2505821,2506199.400,2506199400,1000,1904,1935,0,0,FWD,1,,-1,IDLE,0
C3B93D0B,2505822,2506200.400,2506200400,1000,1904,1935,0,0,FWD,1,,-1,IDLE,0
C3B93D0B,2505823,2506201.399,2506201399,999,1904,1935,0,0,FWD,1,,-1,IDLE,0
C3B93D0B,2505824,2506202.400,2506202400,1001,1904,1935,0,0,FWD,1,,-1,IDLE,0
C3B93D0B,2505825,2506203.399,2506203399,999,1902,1935,0,0,FWD,1,,-1,IDLE,0
C3B93D0B,2505826,2506204.400,2506204400,1001,1903,1935,0,0,FWD,1,,-1,IDLE,0
C3B93D0B,2505827,2506205.399,2506205399,999,1904,1935,0,0,FWD,1,,-1,IDLE,0
C3B93D0B,2505828,2506206.400,2506206400,1001,1903,1935,0,0,FWD,1,,-1,IDLE,0
C3B93D0B,2505829,2506207.399,2506207399,999,1903,1935,0,0,FWD,1,,-1,IDLE,0
C3B93D0B,2505830,2506208.400,2506208400,1001,1904,1935,0,0,FWD,1,,-1,IDLE,0
C3B93D0B,2505831,2506209.400,2506209400,1000,1902,1935,0,0,FWD,1,,-1,IDLE,0
C3B93D0B,2505832,2506210.604,2506210604,1204,1903,1935,0,0,FWD,1,,-1,IDLE,0
C3B93D0B,2505833,2506211.399,2506211399,795,1904,1935,0,0,FWD,1,,-1,IDLE,0
C3B93D0B,2505834,2506212.400,2506212400,1001,1902,1935,0,0,FWD,1,,-1,IDLE,0
C3B93D0B,2505835,2506213.399,2506213399,999,1904,1935,0,0,FWD,1,,-1,IDLE,0
C3B93D0B,2505836,2506214.400,2506214400,1001,1903,1935,0,0,FWD,1,,-1,IDLE,0
C3B93D0B,2505837,2506215.399,2506215399,999,1902,1935,0,0,FWD,1,,-1,IDLE,0
C3B93D0B,2505838,2506216.400,2506216400,1001,1903,1935,0,0,FWD,1,,-1,IDLE,0
C3B93D0B,2505839,2506217.399,2506217399,999,1904,1935,0,0,FWD,1,,-1,IDLE,0
C3B93D0B,2505840,2506218.400,2506218400,1001,1903,1935,0,0,FWD,1,,-1,IDLE,0
C3B93D0B,2505841,2506219.400,2506219400,1000,1902,1935,0,0,FWD,1,,-1,IDLE,0
C3B93D0B,2505842,2506220.400,2506220400,1000,1904,1935,0,0,FWD,1,,-1,IDLE,0
C3B93D0B,2505843,2506221.589,2506221589,1189,1903,1935,0,0,FWD,1,,-1,IDLE,0
C3B93D0B,2505844,2506222.400,2506222400,811,1904,1935,0,0,FWD,1,,-1,IDLE,0
C3B93D0B,2505845,2506223.399,2506223399,999,1903,1935,0,0,FWD,1,,-1,IDLE,0
C3B93D0B,2505846,2506224.400,2506224400,1001,1903,1935,0,0,FWD,1,,-1,IDLE,0
C3B93D0B,2505847,2506225.399,2506225399,999,1903,1935,0,0,FWD,1,,-1,IDLE,0
C3B93D0B,2505848,2506226.400,2506226400,1001,1902,1935,0,0,FWD,1,,-1,IDLE,0
C3B93D0B,2505849,2506227.399,2506227399,999,1903,1935,0,0,FWD,1,,-1,IDLE,0
C3B93D0B,2505850,2506228.400,2506228400,1001,1903,1935,0,0,FWD,1,,-1,IDLE,0
C3B93D0B,2505851,2506229.400,2506229400,1000,1903,1935,0,0,FWD,1,,-1,IDLE,0
C3B93D0B,2505852,2506230.400,2506230400,1000,1904,1935,0,0,FWD,1,,-1,IDLE,0
C3B93D0B,2505853,2506231.399,2506231399,999,1904,1935,0,0,FWD,1,,-1,IDLE,0
C3B93D0B,2505854,2506232.400,2506232400,1001,1902,1935,0,0,FWD,1,,-1,IDLE,0
C3B93D0B,2505855,2506233.399,2506233399,999,1903,1935,0,0,FWD,1,,-1,IDLE,0
C3B93D0B,2505856,2506234.400,2506234400,1001,1903,1935,0,0,FWD,1,,-1,IDLE,0
C3B93D0B,2505857,2506235.399,2506235399,999,1904,1935,0,0,FWD,1,,-1,IDLE,0
C3B93D0B,2505858,2506236.400,2506236400,1001,1903,1935,0,0,FWD,1,,-1,IDLE,0
C3B93D0B,2505859,2506237.399,2506237399,999,1903,1935,0,0,FWD,1,,-1,IDLE,0
C3B93D0B,2505860,2506238.400,2506238400,1001,1904,1935,0,0,FWD,1,,-1,IDLE,0
C3B93D0B,2505861,2506239.400,2506239400,1000,1902,1935,0,0,FWD,1,,-1,IDLE,0
C3B93D0B,2505862,2506240.400,2506240400,1000,1902,1935,0,0,FWD,1,,-1,IDLE,0
C3B93D0B,2505863,2506241.399,2506241399,999,1903,1935,0,0,FWD,1,,-1,IDLE,0
C3B93D0B,2505864,2506242.400,2506242400,1001,1904,1935,0,0,FWD,1,,-1,IDLE,0
C3B93D0B,2505865,2506243.399,2506243399,999,1904,1935,0,0,FWD,1,,-1,IDLE,0
C3B93D0B,2505866,2506244.400,2506244400,1001,1903,1935,0,0,FWD,1,,-1,IDLE,0
C3B93D0B,2505867,2506245.399,2506245399,999,1904,1935,0,0,FWD,1,,-1,IDLE,0
C3B93D0B,2505868,2506246.400,2506246400,1001,1903,1935,0,0,FWD,1,,-1,IDLE,0
C3B93D0B,2505869,2506247.399,2506247399,999,1902,1935,0,0,FWD,1,,-1,IDLE,0
C3B93D0B,2505870,2506248.400,2506248400,1001,1904,1935,0,0,FWD,1,,-1,IDLE,0
C3B93D0B,2505871,2506249.400,2506249400,1000,1904,1935,0,0,FWD,1,,-1,IDLE,0
C3B93D0B,2505872,2506250.400,2506250400,1000,1904,1935,0,0,FWD,1,,-1,IDLE,0
C3B93D0B,2505873,2506251.399,2506251399,999,1904,1935,0,0,FWD,1,,-1,IDLE,0
C3B93D0B,2505874,2506252.400,2506252400,1001,1904,1935,0,0,FWD,1,,-1,IDLE,0
C3B93D0B,2505875,2506253.399,2506253399,999,1904,1935,0,0,FWD,1,,-1,IDLE,0
C3B93D0B,2505876,2506254.400,2506254400,1001,1903,1935,0,0,FWD,1,,-1,IDLE,0
C3B93D0B,2505877,2506255.399,2506255399,999,1904,1935,0,0,FWD,1,,-1,IDLE,0
C3B93D0B,2505878,2506256.400,2506256400,1001,1904,1935,0,0,FWD,1,,-1,IDLE,0
C3B93D0B,2505879,2506257.399,2506257399,999,1904,1935,0,0,FWD,1,,-1,IDLE,0
C3B93D0B,2505880,2506258.400,2506258400,1001,1904,1935,0,0,FWD,1,,-1,IDLE,0
C3B93D0B,2505881,2506259.400,2506259400,1000,1904,1935,0,0,FWD,1,,-1,IDLE,0
C3B93D0B,2505882,2506260.400,2506260400,1000,1903,1935,0,0,FWD,1,,-1,IDLE,0
C3B93D0B,2505883,2506261.399,2506261399,999,1904,1935,0,0,FWD,1,,-1,IDLE,0
C3B93D0B,2505884,2506262.400,2506262400,1001,1903,1935,0,0,FWD,1,,-1,IDLE,0
C3B93D0B,2505885,2506263.399,2506263399,999,1904,1935,0,0,FWD,1,,-1,IDLE,0
C3B93D0B,2505886,2506264.400,2506264400,1001,1904,1935,0,0,FWD,1,,-1,IDLE,0
C3B93D0B,2505887,2506265.399,2506265399,999,1904,1935,0,0,FWD,1,,-1,IDLE,0
C3B93D0B,2505888,2506266.400,2506266400,1001,1903,1935,0,0,FWD,1,,-1,IDLE,0
C3B93D0B,2505889,2506267.399,2506267399,999,1902,1935,0,0,FWD,1,,-1,IDLE,0
C3B93D0B,2505890,2506268.400,2506268400,1001,1904,1935,0,0,FWD,1,,-1,IDLE,0
C3B93D0B,2505891,2506269.400,2506269400,1000,1903,1935,0,0,FWD,1,,-1,IDLE,0
C3B93D0B,2505892,2506270.400,2506270400,1000,1904,1935,0,0,FWD,1,,-1,IDLE,0
C3B93D0B,2505893,2506271.399,2506271399,999,1904,1935,0,0,FWD,1,,-1,IDLE,0
C3B93D0B,2505894,2506272.400,2506272400,1001,1904,1935,0,0,FWD,1,,-1,IDLE,0
C3B93D0B,2505895,2506273.401,2506273401,1001,1904,1935,0,0,FWD,1,,-1,IDLE,0
C3B93D0B,2505896,2506274.400,2506274400,999,1904,1935,0,0,FWD,1,,-1,IDLE,0
C3B93D0B,2505897,2506275.399,2506275399,999,1904,1935,0,0,FWD,1,,-1,IDLE,0
C3B93D0B,2505898,2506276.400,2506276400,1001,1902,1935,0,0,FWD,1,,-1,IDLE,0
C3B93D0B,2505899,2506277.399,2506277399,999,1904,1935,0,0,FWD,1,,-1,IDLE,0
C3B93D0B,2505900,2506278.400,2506278400,1001,1901,1935,0,0,FWD,1,,-1,IDLE,0
C3B93D0B,2505901,2506279.401,2506279401,1001,1914,1935,0,0,FWD,1,,-1,IDLE,0
C3B93D0B,2505902,2506281.157,2506281157,1756,1902,1935,0,0,FWD,33,,-1,IDLE,0
C3B93D0B,2505903,2506281.472,2506281472,315,1903,1935,0,0,FWD,1,,-1,IDLE,0
C3B93D0B,2505904,2506282.400,2506282400,928,1904,1935,0,0,FWD,1,,-1,IDLE,0
C3B93D0B,2505905,2506283.399,2506283399,999,1903,1935,0,0,FWD,1,,-1,IDLE,0
C3B93D0B,2505906,2506284.400,2506284400,1001,1899,1935,0,0,FWD,1,,-1,IDLE,0
C3B93D0B,2505907,2506285.399,2506285399,999,1901,1935,0,0,FWD,1,,-1,IDLE,0
C3B93D0B,2505908,2506286.400,2506286400,1001,1901,1935,0,0,FWD,1,,-1,IDLE,0
C3B93D0B,2505909,2506287.399,2506287399,999,1904,1935,0,0,FWD,1,,-1,IDLE,0
C3B93D0B,2505910,2506288.400,2506288400,1001,1904,1935,0,0,FWD,1,,-1,IDLE,0
C3B93D0B,2505911,2506289.400,2506289400,1000,1903,1935,0,0,FWD,1,,-1,IDLE,0
C3B93D0B,2505912,2506290.400,2506290400,1000,1904,1935,0,0,FWD,1,,-1,IDLE,0
C3B93D0B,2505913,2506291.399,2506291399,999,1904,1935,0,0,FWD,1,,-1,IDLE,0
C3B93D0B,2505914,2506292.400,2506292400,1001,1904,1935,0,0,FWD,1,,-1,IDLE,0
C3B93D0B,2505915,2506293.399,2506293399,999,1904,1935,0,0,FWD,1,,-1,IDLE,0
C3B93D0B,2505916,2506294.400,2506294400,1001,1904,1935,0,0,FWD,1,,-1,IDLE,0
C3B93D0B,2505917,2506295.399,2506295399,999,1903,1935,0,0,FWD,1,,-1,IDLE,0
C3B93D0B,2505918,2506296.400,2506296400,1001,1904,1935,0,0,FWD,1,,-1,IDLE,0
C3B93D0B,2505919,2506297.399,2506297399,999,1904,1935,0,0,FWD,1,,-1,IDLE,0
C3B93D0B,2505920,2506298.400,2506298400,1001,1904,1935,0,0,FWD,1,,-1,IDLE,0
C3B93D0B,2505921,2506299.400,2506299400,1000,1904,1935,0,0,FWD,1,,-1,IDLE,0
C3B93D0B,2505922,2506300.400,2506300400,1000,1904,1935,0,0,FWD,1,,-1,IDLE,0
C3B93D0B,2505923,2506301.399,2506301399,999,1904,1935,0,0,FWD,1,,-1,IDLE,0
C3B93D0B,2505924,2506302.400,2506302400,1001,1904,1935,0,0,FWD,1,,-1,IDLE,0
C3B93D0B,2505925,2506303.399,2506303399,999,1904,1935,0,0,FWD,1,,-1,IDLE,0
C3B93D0B,2505926,2506304.400,2506304400,1001,1903,1935,0,0,FWD,1,,-1,IDLE,0
C3B93D0B,2505927,2506305.399,2506305399,999,1904,1935,0,0,FWD,1,,-1,IDLE,0
C3B93D0B,2505928,2506306.400,2506306400,1001,1904,1935,0,0,FWD,1,,-1,IDLE,0
C3B93D0B,2505929,2506307.399,2506307399,999,1904,1935,0,0,FWD,1,,-1,IDLE,0
C3B93D0B,2505930,2506308.400,2506308400,1001,1904,1935,0,0,FWD,1,,-1,IDLE,0
C3B93D0B,2505931,2506309.400,2506309400,1000,1904,1935,0,0,FWD,1,,-1,IDLE,0
C3B93D0B,2505932,2506310.400,2506310400,1000,1903,1935,0,0,FWD,1,,-1,IDLE,0
C3B93D0B,2505933,2506311.399,2506311399,999,1904,1935,0,0,FWD,1,,-1,IDLE,0
C3B93D0B,2505934,2506312.400,2506312400,1001,1904,1935,0,0,FWD,1,,-1,IDLE,0
C3B93D0B,2505935,2506313.399,2506313399,999,1903,1935,0,0,FWD,1,,-1,IDLE,0
C3B93D0B,2505936,2506314.400,2506314400,1001,1904,1935,0,0,FWD,1,,-1,IDLE,0
C3B93D0B,2505937,2506315.399,2506315399,999,1904,1935,0,0,FWD,1,,-1,IDLE,0
C3B93D0B,2505938,2506316.400,2506316400,1001,1904,1935,0,0,FWD,1,,-1,IDLE,0
C3B93D0B,2505939,2506317.399,2506317399,999,1904,1935,0,0,FWD,1,,-1,IDLE,0
C3B93D0B,2505940,2506318.400,2506318400,1001,1904,1935,0,0,FWD,1,,-1,IDLE,0
C3B93D0B,2505941,2506319.400,2506319400,1000,1904,1935,0,0,FWD,1,,-1,IDLE,0
C3B93D0B,2505942,2506320.482,2506320482,1082,1903,1935,0,0,FWD,1,,-1,IDLE,0
C3B93D0B,2505943,2506321.401,2506321401,919,1901,1935,0,0,FWD,1,,-1,IDLE,0
C3B93D0B,2505944,2506322.401,2506322401,1000,1897,1935,0,0,FWD,1,,-1,IDLE,0
C3B93D0B,2505945,2506324.532,2506324532,2131,1901,1935,0,0,FWD,33,,-1,IDLE,0
C3B93D0B,2505946,2506325.054,2506325054,522,1902,1935,0,0,FWD,1,,-1,IDLE,0
C3B93D0B,2505947,2506325.400,2506325400,346,1904,1935,0,0,FWD,1,,-1,IDLE,0
C3B93D0B,2505948,2506327.261,2506327261,1861,1904,1935,0,0,FWD,33,,-1,IDLE,0
C3B93D0B,2505949,2506327.502,2506327502,241,1904,1935,0,0,FWD,1,,-1,IDLE,0
C3B93D0B,2505950,2506328.399,2506328399,897,1904,1935,0,0,FWD,1,,-1,IDLE,0
C3B93D0B,2505951,2506329.400,2506329400,1001,1904,1935,0,0,FWD,1,,-1,IDLE,0
C3B93D0B,2505952,2506330.399,2506330399,999,1902,1935,0,0,FWD,1,,-1,IDLE,0
C3B93D0B,2505953,2506331.400,2506331400,1001,1904,1935,0,0,FWD,1,,-1,IDLE,0
C3B93D0B,2505954,2506332.399,2506332399,999,1904,1935,0,0,FWD,1,,-1,IDLE,0
C3B93D0B,2505955,2506333.400,2506333400,1001,1904,1935,0,0,FWD,1,,-1,IDLE,0
C3B93D0B,2505956,2506334.447,2506334447,1047,1905,1935,0,0,FWD,1,,-1,IDLE,0
C3B93D0B,2505957,2506335.400,2506335400,953,1903,1935,0,0,FWD,1,,-1,IDLE,0
C3B93D0B,2505958,2506336.541,2506336541,1141,1902,1935,0,0,FWD,1,,-1,IDLE,0
C3B93D0B,2505959,2506337.400,2506337400,859,1903,1935,0,0,FWD,1,,-1,IDLE,0
C3B93D0B,2505960,2506339.044,2506339044,1644,1903,1935,0,0,FWD,33,,-1,IDLE,0
C3B93D0B,2505961,2506339.400,2506339400,356,1904,1935,0,0,FWD,1,,-1,IDLE,0
C3B93D0B,2505962,2506340.399,2506340399,999,1903,1935,0,0,FWD,1,,-1,IDLE,0
C3B93D0B,2505963,2506341.400,2506341400,1001,1904,1935,0,0,FWD,1,,-1,IDLE,0
C3B93D0B,2505964,2506342.399,2506342399,999,1903,1935,0,0,FWD,1,,-1,IDLE,0
C3B93D0B,2505965,2506343.400,2506343400,1001,1904,1935,0,0,FWD,1,,-1,IDLE,0
C3B93D0B,2505966,2506344.400,2506344400,1000,1903,1935,0,0,FWD,1,,-1,IDLE,0
C3B93D0B,2505967,2506345.400,2506345400,1000,1904,1935,0,0,FWD,1,,-1,IDLE,0
C3B93D0B,2505968,2506346.399,2506346399,999,1904,1935,0,0,FWD,1,,-1,IDLE,0
C3B93D0B,2505969,2506347.400,2506347400,1001,1903,1935,0,0,FWD,1,,-1,IDLE,0
C3B93D0B,2505970,2506348.399,2506348399,999,1904,1935,0,0,FWD,1,,-1,IDLE,0
C3B93D0B,2505971,2506349.400,2506349400,1001,1904,1935,0,0,FWD,1,,-1,IDLE,0
C3B93D0B,2505972,2506350.399,2506350399,999,1904,1935,0,0,FWD,1,,-1,IDLE,0
C3B93D0B,2505973,2506351.400,2506351400,1001,1900,1935,0,0,FWD,1,,-1,IDLE,0
C3B93D0B,2505974,2506352.399,2506352399,999,1904,1935,0,0,FWD,1,,-1,IDLE,0
C3B93D0B,2505975,2506353.400,2506353400,1001,1904,1935,0,0,FWD,1,,-1,IDLE,0
C3B93D0B,2505976,2506354.400,2506354400,1000,1903,1935,0,0,FWD,1,,-1,IDLE,0
C3B93D0B,2505977,2506355.400,2506355400,1000,1902,1935,0,0,FWD,1,,-1,IDLE,0
C3B93D0B,2505978,2506356.399,2506356399,999,1903,1935,0,0,FWD,1,,-1,IDLE,0
C3B93D0B,2505979,2506357.400,2506357400,1001,1902,1935,0,0,FWD,1,,-1,IDLE,0
C3B93D0B,2505980,2506358.399,2506358399,999,1903,1935,0,0,FWD,1,,-1,IDLE,0
C3B93D0B,2505981,2506359.400,2506359400,1001,1903,1935,0,0,FWD,1,,-1,IDLE,0
C3B93D0B,2505982,2506360.399,2506360399,999,1904,1935,0,0,FWD,1,,-1,IDLE,0
C3B93D0B,2505983,2506361.400,2506361400,1001,1904,1935,0,0,FWD,1,,-1,IDLE,0
C3B93D0B,2505984,2506362.399,2506362399,999,1904,1935,0,0,FWD,1,,-1,IDLE,0
C3B93D0B,2505985,2506363.400,2506363400,1001,1904,1935,0,0,FWD,1,,-1,IDLE,0
C3B93D0B,2505986,2506364.400,2506364400,1000,1904,1935,0,0,FWD,1,,-1,IDLE,0
C3B93D0B,2505987,2506365.400,2506365400,1000,1904,1935,0,0,FWD,1,,-1,IDLE,0
C3B93D0B,2505988,2506366.399,2506366399,999,1903,1935,0,0,FWD,1,,-1,IDLE,0
C3B93D0B,2505989,2506367.400,2506367400,1001,1904,1935,0,0,FWD,1,,-1,IDLE,0
C3B93D0B,2505990,2506368.399,2506368399,999,1904,1935,0,0,FWD,1,,-1,IDLE,0
C3B93D0B,2505991,2506369.400,2506369400,1001,1903,1935,0,0,FWD,1,,-1,IDLE,0
C3B93D0B,2505992,2506370.399,2506370399,999,1903,1935,0,0,FWD,1,,-1,IDLE,0
C3B93D0B,2505993,2506371.400,2506371400,1001,1903,1935,0,0,FWD,1,,-1,IDLE,0
C3B93D0B,2505994,2506372.399,2506372399,999,1904,1935,0,0,FWD,1,,-1,IDLE,0
C3B93D0B,2505995,2506373.400,2506373400,1001,1904,1935,0,0,FWD,1,,-1,IDLE,0
C3B93D0B,2505996,2506374.400,2506374400,1000,1903,1935,0,0,FWD,1,,-1,IDLE,0
C3B93D0B,2505997,2506375.400,2506375400,1000,1904,1935,0,0,FWD,1,,-1,IDLE,0
C3B93D0B,2505998,2506376.399,2506376399,999,1904,1935,0,0,FWD,1,,-1,IDLE,0
C3B93D0B,2505999,2506377.400,2506377400,1001,1904,1935,0,0,FWD,1,,-1,IDLE,0
C3B93D0B,2506000,2506378.481,2506378481,1081,1904,1935,0,0,FWD,1,,-1,IDLE,0
C3B93D0B,2506001,2506379.658,2506379658,1177,1903,1935,0,0,FWD,1,,-1,IDLE,0
C3B93D0B,2506002,2506380.399,2506380399,741,1904,1935,0,0,FWD,1,,-1,IDLE,0
C3B93D0B,2506003,2506381.400,2506381400,1001,1904,1935,0,0,FWD,1,,-1,IDLE,0
C3B93D0B,2506004,2506382.399,2506382399,999,1904,1935,0,0,FWD,1,,-1,IDLE,0
C3B93D0B,2506005,2506383.400,2506383400,1001,1903,1935,0,0,FWD,1,,-1,IDLE,0
C3B93D0B,2506006,2506384.400,2506384400,1000,1903,1935,0,0,FWD,1,,-1,IDLE,0
C3B93D0B,2506007,2506385.774,2506385774,1374,1904,1935,0,0,FWD,33,,-1,IDLE,0
C3B93D0B,2506008,2506386.516,2506386516,742,1902,1935,0,0,FWD,1,,-1,IDLE,0
C3B93D0B,2506009,2506387.400,2506387400,884,1904,1935,0,0,FWD,1,,-1,IDLE,0
C3B93D0B,2506010,2506388.399,2506388399,999,1904,1935,0,0,FWD,1,,-1,IDLE,0
C3B93D0B,2506011,2506389.400,2506389400,1001,1904,1935,0,0,FWD,1,,-1,IDLE,0
C3B93D0B,2506012,2506390.399,2506390399,999,1904,1935,0,0,FWD,1,,-1,IDLE,0
C3B93D0B,2506013,2506391.400,2506391400,1001,1904,1935,0,0,FWD,1,,-1,IDLE,0
C3B93D0B,2506014,2506392.399,2506392399,999,1904,1935,0,0,FWD,1,,-1,IDLE,0
C3B93D0B,2506015,2506393.400,2506393400,1001,1904,1935,0,0,FWD,1,,-1,IDLE,0
C3B93D0B,2506016,2506394.399,2506394399,999,1902,1935,0,0,FWD,1,,-1,IDLE,0
C3B93D0B,2506017,2506395.401,2506395401,1002,1903,1935,0,0,FWD,1,,-1,IDLE,0
C3B93D0B,2506018,2506396.568,2506396568,1167,1903,1935,0,0,FWD,1,,-1,IDLE,0
C3B93D0B,2506019,2506397.400,2506397400,832,1902,1935,0,0,FWD,1,,-1,IDLE,0
C3B93D0B,2506020,2506398.399,2506398399,999,1903,1935,0,0,FWD,1,,-1,IDLE,0
C3B93D0B,2506021,2506399.400,2506399400,1001,1903,1935,0,0,FWD,1,,-1,IDLE,0
C3B93D0B,2506022,2506400.399,2506400399,999,1904,1935,0,0,FWD,1,,-1,IDLE,0
C3B93D0B,2506023,2506401.400,2506401400,1001,1904,1935,0,0,FWD,1,,-1,IDLE,0
C3B93D0B,2506024,2506402.399,2506402399,999,1904,1935,0,0,FWD,1,,-1,IDLE,0
C3B93D0B,2506025,2506403.400,2506403400,1001,1904,1935,0,0,FWD,1,,-1,IDLE,0
C3B93D0B,2506026,2506404.399,2506404399,999,1904,1935,0,0,FWD,1,,-1,IDLE,0
C3B93D0B,2506027,2506405.401,2506405401,1002,1904,1935,0,0,FWD,1,,-1,IDLE,0
C3B93D0B,2506028,2506406.399,2506406399,998,1903,1935,0,0,FWD,1,,-1,IDLE,0
C3B93D0B,2506029,2506407.400,2506407400,1001,1903,1935,0,0,FWD,1,,-1,IDLE,0
C3B93D0B,2506030,2506408.399,2506408399,999,1903,1935,0,0,FWD,1,,-1,IDLE,0
C3B93D0B,2506031,2506409.400,2506409400,1001,1903,1935,0,0,FWD,1,,-1,IDLE,0
C3B93D0B,2506032,2506410.399,2506410399,999,1903,1935,0,0,FWD,1,,-1,IDLE,0
C3B93D0B,2506033,2506411.400,2506411400,1001,1904,1935,0,0,FWD,1,,-1,IDLE,0
C3B93D0B,2506034,2506412.399,2506412399,999,1903,1935,0,0,FWD,1,,-1,IDLE,0
C3B93D0B,2506035,2506413.400,2506413400,1001,1904,1935,0,0,FWD,1,,-1,IDLE,0
C3B93D0B,2506036,2506414.399,2506414399,999,1903,1935,0,0,FWD,1,,-1,IDLE,0
C3B93D0B,2506037,2506415.401,2506415401,1002,1904,1935,0,0,FWD,1,,-1,IDLE,0
C3B93D0B,2506038,2506416.399,2506416399,998,1904,1935,0,0,FWD,1,,-1,IDLE,0
C3B93D0B,2506039,2506417.400,2506417400,1001,1904,1935,0,0,FWD,1,,-1,IDLE,0
C3B93D0B,2506040,2506418.399,2506418399,999,1904,1935,0,0,FWD,1,,-1,IDLE,0
C3B93D0B,2506041,2506419.400,2506419400,1001,1904,1935,0,0,FWD,1,,-1,IDLE,0
C3B93D0B,2506042,2506420.902,2506420902,1502,1904,1935,0,0,FWD,33,,-1,IDLE,0
C3B93D0B,2506043,2506421.400,2506421400,498,1904,1935,0,0,FWD,1,,-1,IDLE,0
C3B93D0B,2506044,2506422.399,2506422399,999,1904,1935,0,0,FWD,1,,-1,IDLE,0
C3B93D0B,2506045,2506423.400,2506423400,1001,1903,1935,0,0,FWD,1,,-1,IDLE,0
C3B93D0B,2506046,2506424.399,2506424399,999,1904,1935,0,0,FWD,1,,-1,IDLE,0
C3B93D0B,2506047,2506425.401,2506425401,1002,1904,1935,0,0,FWD,1,,-1,IDLE,0
C3B93D0B,2506048,2506426.400,2506426400,999,1904,1935,0,0,FWD,1,,-1,IDLE,0
C3B93D0B,2506049,2506427.400,2506427400,1000,1904,1935,0,0,FWD,1,,-1,IDLE,0
C3B93D0B,2506050,2506428.399,2506428399,999,1904,1935,0,0,FWD,1,,-1,IDLE,0
C3B93D0B,2506051,2506429.400,2506429400,1001,1904,1935,0,0,FWD,1,,-1,IDLE,0
C3B93D0B,2506052,2506430.399,2506430399,999,1904,1935,0,0,FWD,1,,-1,IDLE,0
C3B93D0B,2506053,2506431.400,2506431400,1001,1904,1935,0,0,FWD,1,,-1,IDLE,0
C3B93D0B,2506054,2506432.399,2506432399,999,1904,1935,0,0,FWD,1,,-1,IDLE,0
C3B93D0B,2506055,2506433.400,2506433400,1001,1904,1935,0,0,FWD,1,,-1,IDLE,0
C3B93D0B,2506056,2506434.399,2506434399,999,1903,1935,0,0,FWD,1,,-1,IDLE,0
C3B93D0B,2506057,2506435.401,2506435401,1002,1904,1935,0,0,FWD,1,,-1,IDLE,0
C3B93D0B,2506058,2506436.399,2506436399,998,1904,1935,0,0,FWD,1,,-1,IDLE,0
C3B93D0B,2506059,2506437.400,2506437400,1001,1904,1935,0,0,FWD,1,,-1,IDLE,0
C3B93D0B,2506060,2506438.399,2506438399,999,1904,1935,0,0,FWD,1,,-1,IDLE,0
C3B93D0B,2506061,2506439.400,2506439400,1001,1903,1935,0,0,FWD,1,,-1,IDLE,0
C3B93D0B,2506062,2506440.399,2506440399,999,1904,1935,0,0,FWD,1,,-1,IDLE,0
C3B93D0B,2506063,2506441.400,2506441400,1001,1904,1935,0,0,FWD,1,,-1,IDLE,0
C3B93D0B,2506064,2506442.399,2506442399,999,1904,1935,0,0,FWD,1,,-1,IDLE,0
C3B93D0B,2506065,2506443.403,2506443403,1004,1915,1935,0,0,FWD,1,,-1,IDLE,0
C3B93D0B,2506066,2506444.399,2506444399,996,1915,1935,0,0,FWD,1,,-1,IDLE,0
C3B93D0B,2506067,2506445.401,2506445401,1002,1914,1935,0,0,FWD,1,,-1,IDLE,0
C3B93D0B,2506068,2506446.399,2506446399,998,1915,1935,0,0,FWD,1,,-1,IDLE,0
C3B93D0B,2506069,2506447.400,2506447400,1001,1915,1935,0,0,FWD,1,,-1,IDLE,0
C3B93D0B,2506070,2506448.399,2506448399,999,1913,1935,0,0,FWD,1,,-1,IDLE,0
C3B93D0B,2506071,2506449.400,2506449400,1001,1911,1935,0,0,FWD,1,,-1,IDLE,0
C3B93D0B,2506072,2506450.399,2506450399,999,1911,1935,0,0,FWD,1,,-1,IDLE,0
C3B93D0B,2506073,2506451.400,2506451400,1001,1911,1935,0,0,FWD,1,,-1,IDLE,0
C3B93D0B,2506074,2506452.399,2506452399,999,1914,1935,0,0,FWD,1,,-1,IDLE,0
C3B93D0B,2506075,2506453.400,2506453400,1001,1913,1935,0,0,FWD,1,,-1,IDLE,0
C3B93D0B,2506076,2506454.399,2506454399,999,1911,1935,0,0,FWD,1,,-1,IDLE,0
C3B93D0B,2506077,2506455.401,2506455401,1002,1914,1935,0,0,FWD,1,,-1,IDLE,0
C3B93D0B,2506078,2506456.399,2506456399,998,1913,1935,0,0,FWD,1,,-1,IDLE,0
C3B93D0B,2506079,2506457.400,2506457400,1001,1911,1935,0,0,FWD,1,,-1,IDLE,0
C3B93D0B,2506080,2506458.399,2506458399,999,1914,1935,0,0,FWD,1,,-1,IDLE,0
C3B93D0B,2506081,2506459.400,2506459400,1001,1913,1935,0,0,FWD,1,,-1,IDLE,0
C3B93D0B,2506082,2506460.399,2506460399,999,1911,1935,0,0,FWD,1,,-1,IDLE,0
C3B93D0B,2506083,2506461.400,2506461400,1001,1910,1935,0,0,FWD,1,,-1,IDLE,0
C3B93D0B,2506084,2506462.399,2506462399,999,1911,1935,0,0,FWD,1,,-1,IDLE,0
C3B93D0B,2506085,2506463.400,2506463400,1001,1911,1935,0,0,FWD,1,,-1,IDLE,0
C3B93D0B,2506086,2506464.399,2506464399,999,1914,1935,0,0,FWD,1,,-1,IDLE,0
C3B93D0B,2506087,2506465.401,2506465401,1002,1911,1935,0,0,FWD,1,,-1,IDLE,0
C3B93D0B,2506088,2506466.400,2506466400,999,1913,1935,0,0,FWD,1,,-1,IDLE,0
C3B93D0B,2506089,2506467.400,2506467400,1000,1911,1935,0,0,FWD,1,,-1,IDLE,0
C3B93D0B,2506090,2506468.399,2506468399,999,1911,1935,0,0,FWD,1,,-1,IDLE,0
C3B93D0B,2506091,2506469.400,2506469400,1001,1911,1935,0,0,FWD,1,,-1,IDLE,0
C3B93D0B,2506092,2506470.399,2506470399,999,1910,1935,0,0,FWD,1,,-1,IDLE,0
C3B93D0B,2506093,2506471.400,2506471400,1001,1913,1935,0,0,FWD,1,,-1,IDLE,0
C3B93D0B,2506094,2506472.399,2506472399,999,1911,1935,0,0,FWD,1,,-1,IDLE,0
C3B93D0B,2506095,2506473.400,2506473400,1001,1911,1935,0,0,FWD,1,,-1,IDLE,0
C3B93D0B,2506096,2506474.399,2506474399,999,1911,1935,0,0,FWD,1,,-1,IDLE,0
C3B93D0B,2506097,2506475.401,2506475401,1002,1913,1935,0,0,FWD,1,,-1,IDLE,0
C3B93D0B,2506098,2506476.399,2506476399,998,1911,1935,0,0,FWD,1,,-1,IDLE,0
C3B93D0B,2506099,2506477.400,2506477400,1001,1911,1935,0,0,FWD,1,,-1,IDLE,0
C3B93D0B,2506100,2506478.399,2506478399,999,1911,1935,0,0,FWD,1,,-1,IDLE,0
C3B93D0B,2506101,2506479.400,2506479400,1001,1911,1935,0,0,FWD,1,,-1,IDLE,0
C3B93D0B,2506102,2506480.399,2506480399,999,1910,1935,0,0,FWD,1,,-1,IDLE,0
C3B93D0B,2506103,2506481.400,2506481400,1001,1911,1935,0,0,FWD,1,,-1,IDLE,0
C3B93D0B,2506104,2506482.399,2506482399,999,1911,1935,0,0,FWD,1,,-1,IDLE,0
C3B93D0B,2506105,2506483.400,2506483400,1001,1911,1935,0,0,FWD,1,,-1,IDLE,0
C3B93D0B,2506106,2506484.399,2506484399,999,1913,1935,0,0,FWD,1,,-1,IDLE,0
C3B93D0B,2506107,2506485.401,2506485401,1002,1911,1935,0,0,FWD,1,,-1,IDLE,0
C3B93D0B,2506108,2506487.193,2506487193,1792,1903,1935,0,0,FWD,33,,-1,IDLE,0
C3B93D0B,2506109,2506487.505,2506487505,312,1901,1935,0,0,FWD,1,,-1,IDLE,0
C3B93D0B,2506110,2506488.400,2506488400,895,1903,1935,0,0,FWD,1,,-1,IDLE,0
C3B93D0B,2506111,2506489.399,2506489399,999,1904,1935,0,0,FWD,1,,-1,IDLE,0
C3B93D0B,2506112,2506490.400,2506490400,1001,1902,1935,0,0,FWD,1,,-1,IDLE,0
C3B93D0B,2506113,2506491.399,2506491399,999,1902,1935,0,0,FWD,1,,-1,IDLE,0
C3B93D0B,2506114,2506492.403,2506492403,1004,1904,1935,0,0,FWD,1,,-1,IDLE,0
C3B93D0B,2506115,2506493.399,2506493399,996,1903,1935,0,0,FWD,1,,-1,IDLE,0
C3B93D0B,2506116,2506494.400,2506494400,1001,1903,1935,0,0,FWD,1,,-1,IDLE,0
C3B93D0B,2506117,2506495.400,2506495400,1000,1904,1935,0,0,FWD,1,,-1,IDLE,0
C3B93D0B,2506118,2506496.400,2506496400,1000,1903,1935,0,0,FWD,1,,-1,IDLE,0
C3B93D0B,2506119,2506497.399,2506497399,999,1904,1935,0,0,FWD,1,,-1,IDLE,0
C3B93D0B,2506120,2506498.400,2506498400,1001,1904,1935,0,0,FWD,1,,-1,IDLE,0
C3B93D0B,2506121,2506499.399,2506499399,999,1904,1935,0,0,FWD,1,,-1,IDLE,0
C3B93D0B,2506122,2506500.400,2506500400,1001,1903,1935,0,0,FWD,1,,-1,IDLE,0
C3B93D0B,2506123,2506501.399,2506501399,999,1904,1935,0,0,FWD,1,,-1,IDLE,0
C3B93D0B,2506124,2506502.400,2506502400,1001,1904,1935,0,0,FWD,1,,-1,IDLE,0
C3B93D0B,2506125,2506503.399,2506503399,999,1904,1935,0,0,FWD,1,,-1,IDLE,0
C3B93D0B,2506126,2506504.400,2506504400,1001,1904,1935,0,0,FWD,1,,-1,IDLE,0
C3B93D0B,2506127,2506505.400,2506505400,1000,1904,1935,0,0,FWD,1,,-1,IDLE,0
C3B93D0B,2506128,2506506.402,2506506402,1002,1905,1935,0,0,FWD,1,,-1,IDLE,0
C3B93D0B,2506129,2506507.480,2506507480,1078,1904,1935,0,0,FWD,1,,-1,IDLE,0
C3B93D0B,2506130,2506508.400,2506508400,920,1904,1935,0,0,FWD,1,,-1,IDLE,0
C3B93D0B,2506131,2506509.399,2506509399,999,1904,1935,0,0,FWD,1,,-1,IDLE,0
C3B93D0B,2506132,2506510.400,2506510400,1001,1902,1935,0,0,FWD,1,,-1,IDLE,0
C3B93D0B,2506133,2506511.399,2506511399,999,1904,1935,0,0,FWD,1,,-1,IDLE,0
C3B93D0B,2506134,2506512.400,2506512400,1001,1904,1935,0,0,FWD,1,,-1,IDLE,0
C3B93D0B,2506135,2506513.399,2506513399,999,1904,1935,0,0,FWD,1,,-1,IDLE,0
C3B93D0B,2506136,2506514.400,2506514400,1001,1903,1935,0,0,FWD,1,,-1,IDLE,0
C3B93D0B,2506137,2506515.399,2506515399,999,1904,1935,0,0,FWD,1,,-1,IDLE,0
C3B93D0B,2506138,2506516.401,2506516401,1002,1904,1935,0,0,FWD,1,,-1,IDLE,0
C3B93D0B,2506139,2506517.599,2506517599,1198,1904,1935,0,0,FWD,1,,-1,IDLE,0
C3B93D0B,2506140,2506518.400,2506518400,801,1904,1935,0,0,FWD,1,,-1,IDLE,0
C3B93D0B,2506141,2506519.399,2506519399,999,1904,1935,0,0,FWD,1,,-1,IDLE,0
C3B93D0B,2506142,2506520.400,2506520400,1001,1904,1935,0,0,FWD,1,,-1,IDLE,0
C3B93D0B,2506143,2506521.399,2506521399,999,1904,1935,0,0,FWD,1,,-1,IDLE,0
C3B93D0B,2506144,2506523.082,2506523082,1683,1904,1935,0,0,FWD,33,,-1,IDLE,0
C3B93D0B,2506145,2506523.407,2506523407,325,1904,1935,0,0,FWD,1,,-1,IDLE,0
C3B93D0B,2506146,2506524.400,2506524400,993,1904,1935,0,0,FWD,1,,-1,IDLE,0
C3B93D0B,2506147,2506525.399,2506525399,999,1903,1935,0,0,FWD,1,,-1,IDLE,0
C3B93D0B,2506148,2506526.401,2506526401,1002,1903,1935,0,0,FWD,1,,-1,IDLE,0
C3B93D0B,2506149,2506527.400,2506527400,999,1904,1935,0,0,FWD,1,,-1,IDLE,0
C3B93D0B,2506150,2506528.400,2506528400,1000,1904,1935,0,0,FWD,1,,-1,IDLE,0
C3B93D0B,2506151,2506529.399,2506529399,999,1904,1935,0,0,FWD,1,,-1,IDLE,0
C3B93D0B,2506152,2506530.400,2506530400,1001,1904,1935,0,0,FWD,1,,-1,IDLE,0
C3B93D0B,2506153,2506531.399,2506531399,999,1904,1935,0,0,FWD,1,,-1,IDLE,0
C3B93D0B,2506154,2506532.400,2506532400,1001,1904,1935,0,0,FWD,1,,-1,IDLE,0
C3B93D0B,2506155,2506533.399,2506533399,999,1904,1935,0,0,FWD,1,,-1,IDLE,0
C3B93D0B,2506156,2506534.400,2506534400,1001,1904,1935,0,0,FWD,1,,-1,IDLE,0
C3B93D0B,2506157,2506535.399,2506535399,999,1904,1935,0,0,FWD,1,,-1,IDLE,0
C3B93D0B,2506158,2506536.401,2506536401,1002,1904,1935,0,0,FWD,1,,-1,IDLE,0
C3B93D0B,2506159,2506537.399,2506537399,998,1904,1935,0,0,FWD,1,,-1,IDLE,0
C3B93D0B,2506160,2506538.400,2506538400,1001,1904,1935,0,0,FWD,1,,-1,IDLE,0
C3B93D0B,2506161,2506539.399,2506539399,999,1904,1935,0,0,FWD,1,,-1,IDLE,0
C3B93D0B,2506162,2506540.400,2506540400,1001,1904,1935,0,0,FWD,1,,-1,IDLE,0
C3B93D0B,2506163,2506541.399,2506541399,999,1906,1935,0,0,FWD,1,,-1,IDLE,0
C3B93D0B,2506164,2506542.400,2506542400,1001,1904,1935,0,0,FWD,1,,-1,IDLE,0
C3B93D0B,2506165,2506543.399,2506543399,999,1904,1935,0,0,FWD,1,,-1,IDLE,0
C3B93D0B,2506166,2506544.400,2506544400,1001,1904,1935,0,0,FWD,1,,-1,IDLE,0
C3B93D0B,2506167,2506545.399,2506545399,999,1904,1935,0,0,FWD,1,,-1,IDLE,0
C3B93D0B,2506168,2506546.401,2506546401,1002,1904,1935,0,0,FWD,1,,-1,IDLE,0
C3B93D0B,2506169,2506547.399,2506547399,998,1904,1935,0,0,FWD,1,,-1,IDLE,0
C3B93D0B,2506170,2506548.400,2506548400,1001,1903,1935,0,0,FWD,1,,-1,IDLE,0
C3B93D0B,2506171,2506549.399,2506549399,999,1904,1935,0,0,FWD,1,,-1,IDLE,0
C3B93D0B,2506172,2506550.400,2506550400,1001,1904,1935,0,0,FWD,1,,-1,IDLE,0
C3B93D0B,2506173,2506551.399,2506551399,999,1904,1935,0,0,FWD,1,,-1,IDLE,0
C3B93D0B,2506174,2506552.400,2506552400,1001,1904,1935,0,0,FWD,1,,-1,IDLE,0
C3B93D0B,2506175,2506553.399,2506553399,999,1904,1935,0,0,FWD,1,,-1,IDLE,0
C3B93D0B,2506176,2506554.400,2506554400,1001,1904,1935,0,0,FWD,1,,-1,IDLE,0
C3B93D0B,2506177,2506555.399,2506555399,999,1904,1935,0,0,FWD,1,,-1,IDLE,0
C3B93D0B,2506178,2506556.401,2506556401,1002,1903,1935,0,0,FWD,1,,-1,IDLE,0
C3B93D0B,2506179,2506557.399,2506557399,998,1904,1935,0,0,FWD,1,,-1,IDLE,0
C3B93D0B,2506180,2506558.444,2506558444,1045,1903,1935,0,0,FWD,1,,-1,IDLE,0
C3B93D0B,2506181,2506559.399,2506559399,955,1904,1935,0,0,FWD,1,,-1,IDLE,0
C3B93D0B,2506182,2506560.400,2506560400,1001,1904,1935,0,0,FWD,1,,-1,IDLE,0
C3B93D0B,2506183,2506561.399,2506561399,999,1904,1935,0,0,FWD,1,,-1,IDLE,0
C3B93D0B,2506184,2506562.400,2506562400,1001,1904,1935,0,0,FWD,1,,-1,IDLE,0
C3B93D0B,2506185,2506563.640,2506563640,1240,1915,1935,0,0,FWD,1,,-1,IDLE,0
C3B93D0B,2506186,2506564.400,2506564400,760,1917,1935,0,0,FWD,1,,-1,IDLE,0
C3B93D0B,2506187,2506565.399,2506565399,999,1915,1935,0,0,FWD,1,,-1,IDLE,0
C3B93D0B,2506188,2506566.401,2506566401,1002,1915,1935,0,0,FWD,1,,-1,IDLE,0
C3B93D0B,2506189,2506567.399,2506567399,998,1913,1935,0,0,FWD,1,,-1,IDLE,0
C3B93D0B,2506190,2506568.400,2506568400,1001,1914,1935,0,0,FWD,1,,-1,IDLE,0
C3B93D0B,2506191,2506569.399,2506569399,999,1914,1935,0,0,FWD,1,,-1,IDLE,0
C3B93D0B,2506192,2506570.400,2506570400,1001,1914,1935,0,0,FWD,1,,-1,IDLE,0
C3B93D0B,2506193,2506571.399,2506571399,999,1914,1935,0,0,FWD,1,,-1,IDLE,0
C3B93D0B,2506194,2506572.400,2506572400,1001,1915,1935,0,0,FWD,1,,-1,IDLE,0
C3B93D0B,2506195,2506573.399,2506573399,999,1913,1935,0,0,FWD,1,,-1,IDLE,0
C3B93D0B,2506196,2506574.400,2506574400,1001,1911,1935,0,0,FWD,1,,-1,IDLE,0
C3B93D0B,2506197,2506575.399,2506575399,999,1914,1935,0,0,FWD,1,,-1,IDLE,0
C3B93D0B,2506198,2506576.401,2506576401,1002,1912,1935,0,0,FWD,1,,-1,IDLE,0
C3B93D0B,2506199,2506577.399,2506577399,998,1914,1935,0,0,FWD,1,,-1,IDLE,0
C3B93D0B,2506200,2506578.400,2506578400,1001,1915,1935,0,0,FWD,1,,-1,IDLE,0
C3B93D0B,2506201,2506579.399,2506579399,999,1914,1935,0,0,FWD,1,,-1,IDLE,0
C3B93D0B,2506202,2506580.400,2506580400,1001,1912,1935,0,0,FWD,1,,-1,IDLE,0
C3B93D0B,2506203,2506581.399,2506581399,999,1915,1935,0,0,FWD,1,,-1,IDLE,0
C3B93D0B,2506204,2506582.400,2506582400,1001,1911,1935,0,0,FWD,1,,-1,IDLE,0
C3B93D0B,2506205,2506583.399,2506583399,999,1914,1935,0,0,FWD,1,,-1,IDLE,0
C3B93D0B,2506206,2506584.400,2506584400,1001,1914,1935,0,0,FWD,1,,-1,IDLE,0
C3B93D0B,2506207,2506585.399,2506585399,999,1911,1935,0,0,FWD,1,,-1,IDLE,0
C3B93D0B,2506208,2506586.401,2506586401,1002,1911,1935,0,0,FWD,1,,-1,IDLE,0
C3B93D0B,2506209,2506588.178,2506588178,1777,1904,1935,0,0,FWD,33,,-1,IDLE,0
C3B93D0B,2506210,2506588.493,2506588493,315,1904,1935,0,0,FWD,1,,-1,IDLE,0
C3B93D0B,2506211,2506589.400,2506589400,907,1901,1935,0,0,FWD,1,,-1,IDLE,0
C3B93D0B,2506212,2506590.399,2506590399,999,1904,1935,0,0,FWD,1,,-1,IDLE,0
C3B93D0B,2506213,2506591.400,2506591400,1001,1903,1935,0,0,FWD,1,,-1,IDLE,0
C3B93D0B,2506214,2506592.399,2506592399,999,1904,1935,0,0,FWD,1,,-1,IDLE,0
C3B93D0B,2506215,2506593.400,2506593400,1001,1904,1935,0,0,FWD,1,,-1,IDLE,0
C3B93D0B,2506216,2506594.399,2506594399,999,1904,1935,0,0,FWD,1,,-1,IDLE,0
C3B93D0B,2506217,2506595.400,2506595400,1001,1904,1935,0,0,FWD,1,,-1,IDLE,0
C3B93D0B,2506218,2506596.400,2506596400,1000,1904,1935,0,0,FWD,1,,-1,IDLE,0
C3B93D0B,2506219,2506597.400,2506597400,1000,1904,1935,0,0,FWD,1,,-1,IDLE,0
C3B93D0B,2506220,2506598.399,2506598399,999,1904,1935,0,0,FWD,1,,-1,IDLE,0
C3B93D0B,2506221,2506599.400,2506599400,1001,1904,1935,0,0,FWD,1,,-1,IDLE,0
C3B93D0B,2506222,2506600.399,2506600399,999,1904,1935,0,0,FWD,1,,-1,IDLE,0
C3B93D0B,2506223,2506601.400,2506601400,1001,1904,1935,0,0,FWD,1,,-1,IDLE,0
C3B93D0B,2506224,2506602.399,2506602399,999,1904,1935,0,0,FWD,1,,-1,IDLE,0
C3B93D0B,2506225,2506603.400,2506603400,1001,1904,1935,0,0,FWD,1,,-1,IDLE,0
C3B93D0B,2506226,2506604.399,2506604399,999,1904,1935,0,0,FWD,1,,-1,IDLE,0
C3B93D0B,2506227,2506605.400,2506605400,1001,1904,1935,0,0,FWD,1,,-1,IDLE,0
C3B93D0B,2506228,2506606.400,2506606400,1000,1904,1935,0,0,FWD,1,,-1,IDLE,0
C3B93D0B,2506229,2506607.400,2506607400,1000,1904,1935,0,0,FWD,1,,-1,IDLE,0
C3B93D0B,2506230,2506608.399,2506608399,999,1905,1935,0,0,FWD,1,,-1,IDLE,0
C3B93D0B,2506231,2506609.400,2506609400,1001,1904,1935,0,0,FWD,1,,-1,IDLE,0
C3B93D0B,2506232,2506610.399,2506610399,999,1904,1935,0,0,FWD,1,,-1,IDLE,0
C3B93D0B,2506233,2506611.400,2506611400,1001,1904,1935,0,0,FWD,1,,-1,IDLE,0
C3B93D0B,2506234,2506612.399,2506612399,999,1904,1935,0,0,FWD,1,,-1,IDLE,0
C3B93D0B,2506235,2506613.400,2506613400,1001,1904,1935,0,0,FWD,1,,-1,IDLE,0
C3B93D0B,2506236,2506614.399,2506614399,999,1904,1935,0,0,FWD,1,,-1,IDLE,0
C3B93D0B,2506237,2506615.400,2506615400,1001,1904,1935,0,0,FWD,1,,-1,IDLE,0
C3B93D0B,2506238,2506616.400,2506616400,1000,1904,1935,0,0,FWD,1,,-1,IDLE,0
C3B93D0B,2506239,2506617.400,2506617400,1000,1904,1935,0,0,FWD,1,,-1,IDLE,0
C3B93D0B,2506240,2506618.399,2506618399,999,1904,1935,0,0,FWD,1,,-1,IDLE,0
C3B93D0B,2506241,2506619.400,2506619400,1001,1904,1935,0,0,FWD,1,,-1,IDLE,0
C3B93D0B,2506242,2506620.399,2506620399,999,1904,1935,0,0,FWD,1,,-1,IDLE,0
C3B93D0B,2506243,2506621.400,2506621400,1001,1904,1935,0,0,FWD,1,,-1,IDLE,0
C3B93D0B,2506244,2506622.399,2506622399,999,1904,1935,0,0,FWD,1,,-1,IDLE,0
C3B93D0B,2506245,2506623.400,2506623400,1001,1904,1935,0,0,FWD,1,,-1,IDLE,0
C3B93D0B,2506246,2506624.399,2506624399,999,1904,1935,0,0,FWD,1,,-1,IDLE,0
C3B93D0B,2506247,2506625.404,2506625404,1005,1904,1935,0,0,FWD,1,,-1,IDLE,0
C3B93D0B,2506248,2506626.400,2506626400,996,1904,1935,0,0,FWD,1,,-1,IDLE,0
C3B93D0B,2506249,2506627.400,2506627400,1000,1903,1935,0,0,FWD,1,,-1,IDLE,0
C3B93D0B,2506250,2506628.399,2506628399,999,1904,1935,0,0,FWD,1,,-1,IDLE,0
C3B93D0B,2506251,2506629.400,2506629400,1001,1903,1935,0,0,FWD,1,,-1,IDLE,0
C3B93D0B,2506252,2506630.399,2506630399,999,1904,1935,0,0,FWD,1,,-1,IDLE,0
C3B93D0B,2506253,2506631.400,2506631400,1001,1904,1935,0,0,FWD,1,,-1,IDLE,0
C3B93D0B,2506254,2506632.399,2506632399,999,1904,1935,0,0,FWD,1,,-1,IDLE,0
C3B93D0B,2506255,2506633.400,2506633400,1001,1904,1935,0,0,FWD,1,,-1,IDLE,0
C3B93D0B,2506256,2506634.399,2506634399,999,1904,1935,0,0,FWD,1,,-1,IDLE,0
C3B93D0B,2506257,2506635.400,2506635400,1001,1903,1935,0,0,FWD,1,,-1,IDLE,0
C3B93D0B,2506258,2506636.400,2506636400,1000,1904,1935,0,0,FWD,1,,-1,IDLE,0
C3B93D0B,2506259,2506637.400,2506637400,1000,1904,1935,0,0,FWD,1,,-1,IDLE,0
C3B93D0B,2506260,2506638.399,2506638399,999,1904,1935,0,0,FWD,1,,-1,IDLE,0
C3B93D0B,2506261,2506639.400,2506639400,1001,1904,1935,0,0,FWD,1,,-1,IDLE,0
C3B93D0B,2506262,2506640.402,2506640402,1002,1904,1935,0,0,FWD,1,,-1,IDLE,0
C3B93D0B,2506263,2506641.400,2506641400,998,1904,1935,0,0,FWD,1,,-1,IDLE,0
C3B93D0B,2506264,2506642.399,2506642399,999,1904,1935,0,0,FWD,1,,-1,IDLE,0
C3B93D0B,2506265,2506643.400,2506643400,1001,1903,1935,0,0,FWD,1,,-1,IDLE,0
C3B93D0B,2506266,2506644.399,2506644399,999,1904,1935,0,0,FWD,1,,-1,IDLE,0
C3B93D0B,2506267,2506645.400,2506645400,1001,1904,1935,0,0,FWD,1,,-1,IDLE,0
C3B93D0B,2506268,2506646.583,2506646583,1183,1902,1935,0,0,FWD,1,,-1,IDLE,0
C3B93D0B,2506269,2506647.400,2506647400,817,1903,1935,0,0,FWD,1,,-1,IDLE,0
C3B93D0B,2506270,2506648.402,2506648402,1002,1914,1935,0,0,FWD,1,,-1,IDLE,0
C3B93D0B,2506271,2506649.400,2506649400,998,1915,1935,0,0,FWD,1,,-1,IDLE,0
C3B93D0B,2506272,2506650.399,2506650399,999,1915,1935,0,0,FWD,1,,-1,IDLE,0
C3B93D0B,2506273,2506651.400,2506651400,1001,1913,1935,0,0,FWD,1,,-1,IDLE,0
C3B93D0B,2506274,2506652.399,2506652399,999,1914,1935,0,0,FWD,1,,-1,IDLE,0
C3B93D0B,2506275,2506653.400,2506653400,1001,1916,1935,0,0,FWD,1,,-1,IDLE,0
C3B93D0B,2506276,2506654.399,2506654399,999,1914,1935,0,0,FWD,1,,-1,IDLE,0
C3B93D0B,2506277,2506655.400,2506655400,1001,1914,1935,0,0,FWD,1,,-1,IDLE,0
C3B93D0B,2506278,2506656.400,2506656400,1000,1914,1935,0,0,FWD,1,,-1,IDLE,0
C3B93D0B,2506279,2506657.400,2506657400,1000,1913,1935,0,0,FWD,1,,-1,IDLE,0
C3B93D0B,2506280,2506658.399,2506658399,999,1913,1935,0,0,FWD,1,,-1,IDLE,0
C3B93D0B,2506281,2506659.400,2506659400,1001,1911,1935,0,0,FWD,1,,-1,IDLE,0
C3B93D0B,2506282,2506660.399,2506660399,999,1913,1935,0,0,FWD,1,,-1,IDLE,0
C3B93D0B,2506283,2506661.400,2506661400,1001,1911,1935,0,0,FWD,1,,-1,IDLE,0
C3B93D0B,2506284,2506662.399,2506662399,999,1913,1935,0,0,FWD,1,,-1,IDLE,0
C3B93D0B,2506285,2506663.400,2506663400,1001,1913,1935,0,0,FWD,1,,-1,IDLE,0
C3B93D0B,2506286,2506664.399,2506664399,999,1911,1935,0,0,FWD,1,,-1,IDLE,0
C3B93D0B,2506287,2506665.400,2506665400,1001,1914,1935,0,0,FWD,1,,-1,IDLE,0
C3B93D0B,2506288,2506666.400,2506666400,1000,1914,1935,0,0,FWD,1,,-1,IDLE,0
C3B93D0B,2506289,2506667.400,2506667400,1000,1911,1935,0,0,FWD,1,,-1,IDLE,0
C3B93D0B,2506290,2506668.399,2506668399,999,1913,1935,0,0,FWD,1,,-1,IDLE,0
C3B93D0B,2506291,2506669.400,2506669400,1001,1915,1935,0,0,FWD,1,,-1,IDLE,0
C3B93D0B,2506292,2506670.399,2506670399,999,1911,1935,0,0,FWD,1,,-1,IDLE,0
C3B93D0B,2506293,2506671.400,2506671400,1001,1911,1935,0,0,FWD,1,,-1,IDLE,0
C3B93D0B,2506294,2506672.399,2506672399,999,1910,1935,0,0,FWD,1,,-1,IDLE,0
C3B93D0B,2506295,2506673.400,2506673400,1001,1911,1935,0,0,FWD,1,,-1,IDLE,0
C3B93D0B,2506296,2506674.399,2506674399,999,1914,1935,0,0,FWD,1,,-1,IDLE,0
C3B93D0B,2506297,2506675.400,2506675400,1001,1913,1935,0,0,FWD,1,,-1,IDLE,0
C3B93D0B,2506298,2506676.400,2506676400,1000,1910,1935,0,0,FWD,1,,-1,IDLE,0
C3B93D0B,2506299,2506677.400,2506677400,1000,1913,1935,0,0,FWD,1,,-1,IDLE,0
C3B93D0B,2506300,2506678.399,2506678399,999,1911,1935,0,0,FWD,1,,-1,IDLE,0
C3B93D0B,2506301,2506679.400,2506679400,1001,1913,1935,0,0,FWD,1,,-1,IDLE,0
C3B93D0B,2506302,2506680.399,2506680399,999,1911,1935,0,0,FWD,1,,-1,IDLE,0
C3B93D0B,2506303,2506681.400,2506681400,1001,1910,1935,0,0,FWD,1,,-1,IDLE,0
C3B93D0B,2506304,2506682.399,2506682399,999,1911,1935,0,0,FWD,1,,-1,IDLE,0
C3B93D0B,2506305,2506683.400,2506683400,1001,1911,1935,0,0,FWD,1,,-1,IDLE,0
C3B93D0B,2506306,2506684.399,2506684399,999,1911,1935,0,0,FWD,1,,-1,IDLE,0
C3B93D0B,2506307,2506685.400,2506685400,1001,1911,1935,0,0,FWD,1,,-1,IDLE,0
C3B93D0B,2506308,2506686.400,2506686400,1000,1911,1935,0,0,FWD,1,,-1,IDLE,0
C3B93D0B,2506309,2506688.148,2506688148,1748,1901,1935,0,0,FWD,33,,-1,IDLE,0
C3B93D0B,2506310,2506688.467,2506688467,319,1895,1935,0,0,FWD,1,,-1,IDLE,0
C3B93D0B,2506311,2506689.400,2506689400,933,1901,1935,0,0,FWD,1,,-1,IDLE,0
C3B93D0B,2506312,2506690.399,2506690399,999,1901,1935,0,0,FWD,1,,-1,IDLE,0
C3B93D0B,2506313,2506691.400,2506691400,1001,1901,1935,0,0,FWD,1,,-1,IDLE,0
C3B93D0B,2506314,2506692.399,2506692399,999,1902,1935,0,0,FWD,1,,-1,IDLE,0
C3B93D0B,2506315,2506693.400,2506693400,1001,1904,1935,0,0,FWD,1,,-1,IDLE,0
C3B93D0B,2506316,2506694.399,2506694399,999,1904,1935,0,0,FWD,1,,-1,IDLE,0
C3B93D0B,2506317,2506695.400,2506695400,1001,1903,1935,0,0,FWD,1,,-1,IDLE,0
C3B93D0B,2506318,2506696.400,2506696400,1000,1903,1935,0,0,FWD,1,,-1,IDLE,0
C3B93D0B,2506319,2506697.400,2506697400,1000,1902,1935,0,0,FWD,1,,-1,IDLE,0
C3B93D0B,2506320,2506698.399,2506698399,999,1903,1935,0,0,FWD,1,,-1,IDLE,0
C3B93D0B,2506321,2506699.400,2506699400,1001,1901,1935,0,0,FWD,1,,-1,IDLE,0
C3B93D0B,2506322,2506700.399,2506700399,999,1903,1935,0,0,FWD,1,,-1,IDLE,0
C3B93D0B,2506323,2506701.400,2506701400,1001,1904,1935,0,0,FWD,1,,-1,IDLE,0
C3B93D0B,2506324,2506702.399,2506702399,999,1903,1935,0,0,FWD,1,,-1,IDLE,0
C3B93D0B,2506325,2506703.400,2506703400,1001,1904,1935,0,0,FWD,1,,-1,IDLE,0
C3B93D0B,2506326,2506704.399,2506704399,999,1902,1935,0,0,FWD,1,,-1,IDLE,0
C3B93D0B,2506327,2506705.400,2506705400,1001,1903,1935,0,0,FWD,1,,-1,IDLE,0
C3B93D0B,2506328,2506706.400,2506706400,1000,1902,1935,0,0,FWD,1,,-1,IDLE,0
C3B93D0B,2506329,2506707.400,2506707400,1000,1902,1935,0,0,FWD,1,,-1,IDLE,0
C3B93D0B,2506330,2506708.399,2506708399,999,1903,1935,0,0,FWD,1,,-1,IDLE,0
C3B93D0B,2506331,2506709.400,2506709400,1001,1902,1935,0,0,FWD,1,,-1,IDLE,0
C3B93D0B,2506332,2506710.399,2506710399,999,1904,1935,0,0,FWD,1,,-1,IDLE,0
C3B93D0B,2506333,2506711.400,2506711400,1001,1903,1935,0,0,FWD,1,,-1,IDLE,0
C3B93D0B,2506334,2506712.399,2506712399,999,1903,1935,0,0,FWD,1,,-1,IDLE,0
C3B93D0B,2506335,2506713.400,2506713400,1001,1902,1935,0,0,FWD,1,,-1,IDLE,0
C3B93D0B,2506336,2506714.399,2506714399,999,1904,1935,0,0,FWD,1,,-1,IDLE,0
C3B93D0B,2506337,2506715.400,2506715400,1001,1903,1935,0,0,FWD,1,,-1,IDLE,0
C3B93D0B,2506338,2506716.400,2506716400,1000,1903,1935,0,0,FWD,1,,-1,IDLE,0
C3B93D0B,2506339,2506717.400,2506717400,1000,1903,1935,0,0,FWD,1,,-1,IDLE,0
C3B93D0B,2506340,2506718.399,2506718399,999,1903,1935,0,0,FWD,1,,-1,IDLE,0
C3B93D0B,2506341,2506719.400,2506719400,1001,1903,1935,0,0,FWD,1,,-1,IDLE,0
C3B93D0B,2506342,2506720.399,2506720399,999,1902,1935,0,0,FWD,1,,-1,IDLE,0
C3B93D0B,2506343,2506721.400,2506721400,1001,1901,1935,0,0,FWD,1,,-1,IDLE,0
C3B93D0B,2506344,2506722.399,2506722399,999,1901,1935,0,0,FWD,1,,-1,IDLE,0
C3B93D0B,2506345,2506723.400,2506723400,1001,1902,1935,0,0,FWD,1,,-1,IDLE,0
C3B93D0B,2506346,2506724.399,2506724399,999,1902,1935,0,0,FWD,1,,-1,IDLE,0
C3B93D0B,2506347,2506725.400,2506725400,1001,1902,1935,0,0,FWD,1,,-1,IDLE,0
C3B93D0B,2506348,2506726.400,2506726400,1000,1904,1935,0,0,FWD,1,,-1,IDLE,0
C3B93D0B,2506349,2506727.758,2506727758,1358,1903,1935,0,0,FWD,33,,-1,IDLE,0
C3B93D0B,2506350,2506728.399,2506728399,641,1901,1935,0,0,FWD,1,,-1,IDLE,0
C3B93D0B,2506351,2506729.400,2506729400,1001,1901,1935,0,0,FWD,1,,-1,IDLE,0
C3B93D0B,2506352,2506730.399,2506730399,999,1901,1935,0,0,FWD,1,,-1,IDLE,0
C3B93D0B,2506353,2506731.400,2506731400,1001,1903,1935,0,0,FWD,1,,-1,IDLE,0
C3B93D0B,2506354,2506732.399,2506732399,999,1902,1935,0,0,FWD,1,,-1,IDLE,0
C3B93D0B,2506355,2506733.400,2506733400,1001,1901,1935,0,0,FWD,1,,-1,IDLE,0
C3B93D0B,2506356,2506734.399,2506734399,999,1901,1935,0,0,FWD,1,,-1,IDLE,0
C3B93D0B,2506357,2506735.400,2506735400,1001,1899,1935,0,0,FWD,1,,-1,IDLE,0
C3B93D0B,2506358,2506736.400,2506736400,1000,1901,1935,0,0,FWD,1,,-1,IDLE,0
C3B93D0B,2506359,2506737.400,2506737400,1000,1903,1935,0,0,FWD,1,,-1,IDLE,0
C3B93D0B,2506360,2506738.399,2506738399,999,1901,1935,0,0,FWD,1,,-1,IDLE,0
C3B93D0B,2506361,2506739.400,2506739400,1001,1901,1935,0,0,FWD,1,,-1,IDLE,0
C3B93D0B,2506362,2506740.399,2506740399,999,1902,1935,0,0,FWD,1,,-1,IDLE,0
C3B93D0B,2506363,2506741.400,2506741400,1001,1902,1935,0,0,FWD,1,,-1,IDLE,0
C3B93D0B,2506364,2506742.399,2506742399,999,1902,1935,0,0,FWD,1,,-1,IDLE,0
C3B93D0B,2506365,2506743.503,2506743503,1104,1900,1935,0,0,FWD,1,,-1,IDLE,0
C3B93D0B,2506366,2506744.399,2506744399,896,1899,1935,0,0,FWD,1,,-1,IDLE,0
C3B93D0B,2506367,2506745.400,2506745400,1001,1900,1935,0,0,FWD,1,,-1,IDLE,0
C3B93D0B,2506368,2506746.400,2506746400,1000,1902,1935,0,0,FWD,1,,-1,IDLE,0
C3B93D0B,2506369,2506747.400,2506747400,1000,1900,1935,0,0,FWD,1,,-1,IDLE,0
C3B93D0B,2506370,2506748.399,2506748399,999,1902,1935,0,0,FWD,1,,-1,IDLE,0
C3B93D0B,2506371,2506749.400,2506749400,1001,1902,1935,0,0,FWD,1,,-1,IDLE,0
C3B93D0B,2506372,2506750.399,2506750399,999,1901,1935,0,0,FWD,1,,-1,IDLE,0
C3B93D0B,2506373,2506751.400,2506751400,1001,1898,1935,0,0,FWD,1,,-1,IDLE,0
C3B93D0B,2506374,2506752.399,2506752399,999,1901,1935,0,0,FWD,1,,-1,IDLE,0
C3B93D0B,2506375,2506753.400,2506753400,1001,1902,1935,0,0,FWD,1,,-1,IDLE,0
C3B93D0B,2506376,2506754.399,2506754399,999,1901,1935,0,0,FWD,1,,-1,IDLE,0
C3B93D0B,2506377,2506755.400,2506755400,1001,1901,1935,0,0,FWD,1,,-1,IDLE,0
C3B93D0B,2506378,2506756.400,2506756400,1000,1902,1935,0,0,FWD,1,,-1,IDLE,0
C3B93D0B,2506379,2506757.400,2506757400,1000,1901,1935,0,0,FWD,1,,-1,IDLE,0
C3B93D0B,2506380,2506758.399,2506758399,999,1901,1935,0,0,FWD,1,,-1,IDLE,0
C3B93D0B,2506381,2506759.400,2506759400,1001,1900,1935,0,0,FWD,1,,-1,IDLE,0
C3B93D0B,2506382,2506760.399,2506760399,999,1901,1935,0,0,FWD,1,,-1,IDLE,0
C3B93D0B,2506383,2506761.414,2506761414,1015,1907,1935,0,0,FWD,1,,-1,IDLE,0
C3B93D0B,2506384,2506762.399,2506762399,985,1909,1935,0,0,FWD,1,,-1,IDLE,0
C3B93D0B,2506385,2506763.400,2506763400,1001,1910,1935,0,0,FWD,1,,-1,IDLE,0
C3B93D0B,2506386,2506764.399,2506764399,999,1909,1935,0,0,FWD,1,,-1,IDLE,0
C3B93D0B,2506387,2506765.400,2506765400,1001,1907,1935,0,0,FWD,1,,-1,IDLE,0
C3B93D0B,2506388,2506766.400,2506766400,1000,1907,1935,0,0,FWD,1,,-1,IDLE,0
C3B93D0B,2506389,2506767.400,2506767400,1000,1906,1935,0,0,FWD,1,,-1,IDLE,0
C3B93D0B,2506390,2506768.399,2506768399,999,1909,1935,0,0,FWD,1,,-1,IDLE,0
C3B93D0B,2506391,2506769.400,2506769400,1001,1907,1935,0,0,FWD,1,,-1,IDLE,0
C3B93D0B,2506392,2506770.399,2506770399,999,1909,1935,0,0,FWD,1,,-1,IDLE,0
C3B93D0B,2506393,2506771.400,2506771400,1001,1906,1935,0,0,FWD,1,,-1,IDLE,0
C3B93D0B,2506394,2506772.399,2506772399,999,1907,1935,0,0,FWD,1,,-1,IDLE,0
C3B93D0B,2506395,2506773.400,2506773400,1001,1906,1935,0,0,FWD,1,,-1,IDLE,0
C3B93D0B,2506396,2506774.399,2506774399,999,1907,1935,0,0,FWD,1,,-1,IDLE,0
C3B93D0B,2506397,2506775.400,2506775400,1001,1905,1935,0,0,FWD,1,,-1,IDLE,0
C3B93D0B,2506398,2506776.400,2506776400,1000,1906,1935,0,0,FWD,1,,-1,IDLE,0
C3B93D0B,2506399,2506777.400,2506777400,1000,1907,1935,0,0,FWD,1,,-1,IDLE,0
C3B93D0B,2506400,2506778.399,2506778399,999,1906,1935,0,0,FWD,1,,-1,IDLE,0
C3B93D0B,2506401,2506779.400,2506779400,1001,1906,1935,0,0,FWD,1,,-1,IDLE,0
C3B93D0B,2506402,2506780.399,2506780399,999,1906,1935,0,0,FWD,1,,-1,IDLE,0
C3B93D0B,2506403,2506781.400,2506781400,1001,1904,1935,0,0,FWD,1,,-1,IDLE,0
C3B93D0B,2506404,2506782.399,2506782399,999,1905,1935,0,0,FWD,1,,-1,IDLE,0
C3B93D0B,2506405,2506783.400,2506783400,1001,1904,1935,0,0,FWD,1,,-1,IDLE,0
C3B93D0B,2506406,2506784.399,2506784399,999,1905,1935,0,0,FWD,1,,-1,IDLE,0
C3B93D0B,2506407,2506785.400,2506785400,1001,1905,1935,0,0,FWD,1,,-1,IDLE,0
C3B93D0B,2506408,2506786.400,2506786400,1000,1906,1935,0,0,FWD,1,,-1,IDLE,0
C3B93D0B,2506409,2506788.182,2506788182,1782,1895,1935,0,0,FWD,33,,-1,IDLE,0
C3B93D0B,2506410,2506788.503,2506788503,321,1894,1935,0,0,FWD,1,,-1,IDLE,0
C3B93D0B,2506411,2506789.400,2506789400,897,1895,1935,0,0,FWD,1,,-1,IDLE,0
C3B93D0B,2506412,2506790.399,2506790399,999,1898,1935,0,0,FWD,1,,-1,IDLE,0
C3B93D0B,2506413,2506791.400,2506791400,1001,1895,1935,0,0,FWD,1,,-1,IDLE,0
C3B93D0B,2506414,2506792.399,2506792399,999,1896,1935,0,0,FWD,1,,-1,IDLE,0
C3B93D0B,2506415,2506793.400,2506793400,1001,1896,1935,0,0,FWD,1,,-1,IDLE,0
C3B93D0B,2506416,2506794.399,2506794399,999,1897,1935,0,0,FWD,1,,-1,IDLE,0
C3B93D0B,2506417,2506795.400,2506795400,1001,1901,1935,0,0,FWD,1,,-1,IDLE,0
C3B93D0B,2506418,2506796.400,2506796400,1000,1900,1935,0,0,FWD,1,,-1,IDLE,0
C3B93D0B,2506419,2506797.400,2506797400,1000,1896,1935,0,0,FWD,1,,-1,IDLE,0
C3B93D0B,2506420,2506798.399,2506798399,999,1899,1935,0,0,FWD,1,,-1,IDLE,0
C3B93D0B,2506421,2506799.400,2506799400,1001,1897,1935,0,0,FWD,1,,-1,IDLE,0
C3B93D0B,2506422,2506800.399,2506800399,999,1898,1935,0,0,FWD,1,,-1,IDLE,0
C3B93D0B,2506423,2506801.400,2506801400,1001,1899,1935,0,0,FWD,1,,-1,IDLE,0
C3B93D0B,2506424,2506802.399,2506802399,999,1898,1935,0,0,FWD,1,,-1,IDLE,0
C3B93D0B,2506425,2506803.400,2506803400,1001,1898,1935,0,0,FWD,1,,-1,IDLE,0
C3B93D0B,2506426,2506804.399,2506804399,999,1899,1935,0,0,FWD,1,,-1,IDLE,0
C3B93D0B,2506427,2506805.400,2506805400,1001,1897,1935,0,0,FWD,1,,-1,IDLE,0
C3B93D0B,2506428,2506806.400,2506806400,1000,1895,1935,0,0,FWD,1,,-1,IDLE,0
C3B93D0B,2506429,2506807.400,2506807400,1000,1899,1935,0,0,FWD,1,,-1,IDLE,0
C3B93D0B,2506430,2506808.399,2506808399,999,1899,1935,0,0,FWD,1,,-1,IDLE,0
C3B93D0B,2506431,2506809.400,2506809400,1001,1895,1935,0,0,FWD,1,,-1,IDLE,0
C3B93D0B,2506432,2506810.399,2506810399,999,1899,1935,0,0,FWD,1,,-1,IDLE,0
C3B93D0B,2506433,2506811.400,2506811400,1001,1896,1935,0,0,FWD,1,,-1,IDLE,0
C3B93D0B,2506434,2506812.399,2506812399,999,1897,1935,0,0,FWD,1,,-1,IDLE,0
C3B93D0B,2506435,2506813.400,2506813400,1001,1897,1935,0,0,FWD,1,,-1,IDLE,0
C3B93D0B,2506436,2506814.399,2506814399,999,1899,1935,0,0,FWD,1,,-1,IDLE,0
C3B93D0B,2506437,2506815.400,2506815400,1001,1898,1935,0,0,FWD,1,,-1,IDLE,0
C3B93D0B,2506438,2506816.400,2506816400,1000,1898,1935,0,0,FWD,1,,-1,IDLE,0
C3B93D0B,2506439,2506817.400,2506817400,1000,1895,1935,0,0,FWD,1,,-1,IDLE,0
C3B93D0B,2506440,2506818.399,2506818399,999,1895,1935,0,0,FWD,1,,-1,IDLE,0
C3B93D0B,2506441,2506819.400,2506819400,1001,1895,1935,0,0,FWD,1,,-1,IDLE,0
C3B93D0B,2506442,2506820.399,2506820399,999,1898,1935,0,0,FWD,1,,-1,IDLE,0
C3B93D0B,2506443,2506821.400,2506821400,1001,1895,1935,0,0,FWD,1,,-1,IDLE,0
C3B93D0B,2506444,2506822.399,2506822399,999,1899,1935,0,0,FWD,1,,-1,IDLE,0
C3B93D0B,2506445,2506823.400,2506823400,1001,1894,1935,0,0,FWD,1,,-1,IDLE,0
C3B93D0B,2506446,2506824.598,2506824598,1198,1898,1935,0,0,FWD,1,,-1,IDLE,0
C3B93D0B,2506447,2506825.400,2506825400,802,1898,1935,0,0,FWD,1,,-1,IDLE,0
C3B93D0B,2506448,2506826.400,2506826400,1000,1897,1935,0,0,FWD,1,,-1,IDLE,0
C3B93D0B,2506449,2506827.400,2506827400,1000,1898,1935,0,0,FWD,1,,-1,IDLE,0
C3B93D0B,2506450,2506828.399,2506828399,999,1897,1935,0,0,FWD,1,,-1,IDLE,0
C3B93D0B,2506451,2506829.400,2506829400,1001,1896,1935,0,0,FWD,1,,-1,IDLE,0
C3B93D0B,2506452,2506830.399,2506830399,999,1895,1935,0,0,FWD,1,,-1,IDLE,0
C3B93D0B,2506453,2506831.400,2506831400,1001,1895,1935,0,0,FWD,1,,-1,IDLE,0
C3B93D0B,2506454,2506832.399,2506832399,999,1895,1935,0,0,FWD,1,,-1,IDLE,0
C3B93D0B,2506455,2506833.400,2506833400,1001,1894,1935,0,0,FWD,1,,-1,IDLE,0
C3B93D0B,2506456,2506834.399,2506834399,999,1895,1935,0,0,FWD,1,,-1,IDLE,0
C3B93D0B,2506457,2506835.400,2506835400,1001,1895,1935,0,0,FWD,1,,-1,IDLE,0
C3B93D0B,2506458,2506836.400,2506836400,1000,1895,1935,0,0,FWD,1,,-1,IDLE,0
C3B93D0B,2506459,2506838.059,2506838059,1659,1894,1935,0,0,FWD,33,,-1,IDLE,0
C3B93D0B,2506460,2506838.401,2506838401,342,1894,1935,0,0,FWD,1,,-1,IDLE,0
C3B93D0B,2506461,2506839.403,2506839403,1002,1893,1935,0,0,FWD,1,,-1,IDLE,0
C3B93D0B,2506462,2506840.399,2506840399,996,1895,1935,0,0,FWD,1,,-1,IDLE,0
C3B93D0B,2506463,2506841.400,2506841400,1001,1894,1935,0,0,FWD,1,,-1,IDLE,0
C3B93D0B,2506464,2506842.399,2506842399,999,1896,1935,0,0,FWD,1,,-1,IDLE,0
C3B93D0B,2506465,2506843.400,2506843400,1001,1893,1935,0,0,FWD,1,,-1,IDLE,0
C3B93D0B,2506466,2506844.399,2506844399,999,1897,1935,0,0,FWD,1,,-1,IDLE,0
C3B93D0B,2506467,2506845.400,2506845400,1001,1895,1935,0,0,FWD,1,,-1,IDLE,0
C3B93D0B,2506468,2506846.687,2506846687,1287,1906,1935,0,0,FWD,33,,-1,IDLE,0
C3B93D0B,2506469,2506847.400,2506847400,713,1904,1935,0,0,FWD,1,,-1,IDLE,0
C3B93D0B,2506470,2506848.399,2506848399,999,1904,1935,0,0,FWD,1,,-1,IDLE,0
C3B93D0B,2506471,2506849.400,2506849400,1001,1904,1935,0,0,FWD,1,,-1,IDLE,0
C3B93D0B,2506472,2506850.399,2506850399,999,1904,1935,0,0,FWD,1,,-1,IDLE,0
C3B93D0B,2506473,2506851.400,2506851400,1001,1904,1935,0,0,FWD,1,,-1,IDLE,0
C3B93D0B,2506474,2506852.399,2506852399,999,1904,1935,0,0,FWD,1,,-1,IDLE,0
C3B93D0B,2506475,2506853.400,2506853400,1001,1904,1935,0,0,FWD,1,,-1,IDLE,0
C3B93D0B,2506476,2506854.399,2506854399,999,1904,1935,0,0,FWD,1,,-1,IDLE,0
C3B93D0B,2506477,2506855.400,2506855400,1001,1904,1935,0,0,FWD,1,,-1,IDLE,0
C3B93D0B,2506478,2506856.400,2506856400,1000,1903,1935,0,0,FWD,1,,-1,IDLE,0
C3B93D0B,2506479,2506857.400,2506857400,1000,1904,1935,0,0,FWD,1,,-1,IDLE,0
C3B93D0B,2506480,2506858.399,2506858399,999,1904,1935,0,0,FWD,1,,-1,IDLE,0
C3B93D0B,2506481,2506859.400,2506859400,1001,1904,1935,0,0,FWD,1,,-1,IDLE,0
C3B93D0B,2506482,2506860.399,2506860399,999,1904,1935,0,0,FWD,1,,-1,IDLE,0
C3B93D0B,2506483,2506861.400,2506861400,1001,1903,1935,0,0,FWD,1,,-1,IDLE,0
C3B93D0B,2506484,2506862.399,2506862399,999,1904,1935,0,0,FWD,1,,-1,IDLE,0
C3B93D0B,2506485,2506863.400,2506863400,1001,1904,1935,0,0,FWD,1,,-1,IDLE,0
C3B93D0B,2506486,2506864.399,2506864399,999,1903,1935,0,0,FWD,1,,-1,IDLE,0
C3B93D0B,2506487,2506865.400,2506865400,1001,1904,1935,0,0,FWD,1,,-1,IDLE,0
C3B93D0B,2506488,2506866.400,2506866400,1000,1904,1935,0,0,FWD,1,,-1,IDLE,0
C3B93D0B,2506489,2506867.400,2506867400,1000,1902,1935,0,0,FWD,1,,-1,IDLE,0
C3B93D0B,2506490,2506868.399,2506868399,999,1904,1935,0,0,FWD,1,,-1,IDLE,0
C3B93D0B,2506491,2506869.400,2506869400,1001,1903,1935,0,0,FWD,1,,-1,IDLE,0
C3B93D0B,2506492,2506870.399,2506870399,999,1903,1935,0,0,FWD,1,,-1,IDLE,0
C3B93D0B,2506493,2506871.400,2506871400,1001,1902,1935,0,0,FWD,1,,-1,IDLE,0
C3B93D0B,2506494,2506872.399,2506872399,999,1903,1935,0,0,FWD,1,,-1,IDLE,0
C3B93D0B,2506495,2506873.400,2506873400,1001,1903,1935,0,0,FWD,1,,-1,IDLE,0
C3B93D0B,2506496,2506874.399,2506874399,999,1903,1935,0,0,FWD,1,,-1,IDLE,0
C3B93D0B,2506497,2506875.400,2506875400,1001,1903,1935,0,0,FWD,1,,-1,IDLE,0
C3B93D0B,2506498,2506876.400,2506876400,1000,1902,1935,0,0,FWD,1,,-1,IDLE,0
C3B93D0B,2506499,2506877.400,2506877400,1000,1901,1935,0,0,FWD,1,,-1,IDLE,0
C3B93D0B,2506500,2506878.399,2506878399,999,1903,1935,0,0,FWD,1,,-1,IDLE,0
C3B93D0B,2506501,2506879.572,2506879572,1173,1902,1935,0,0,FWD,1,,-1,IDLE,0
C3B93D0B,2506502,2506880.399,2506880399,827,1902,1935,0,0,FWD,1,,-1,IDLE,0
C3B93D0B,2506503,2506881.400,2506881400,1001,1903,1935,0,0,FWD,1,,-1,IDLE,0
C3B93D0B,2506504,2506882.399,2506882399,999,1903,1935,0,0,FWD,1,,-1,IDLE,0
C3B93D0B,2506505,2506883.400,2506883400,1001,1901,1935,0,0,FWD,1,,-1,IDLE,0
C3B93D0B,2506506,2506884.399,2506884399,999,1901,1935,0,0,FWD,1,,-1,IDLE,0
C3B93D0B,2506507,2506885.400,2506885400,1001,1901,1935,0,0,FWD,1,,-1,IDLE,0
C3B93D0B,2506508,2506886.400,2506886400,1000,1902,1935,0,0,FWD,1,,-1,IDLE,0
C3B93D0B,2506509,2506888.155,2506888155,1755,1885,1935,0,0,FWD,33,,-1,IDLE,0
C3B93D0B,2506510,2506888.466,2506888466,311,1887,1935,0,0,FWD,1,,-1,IDLE,0
C3B93D0B,2506511,2506889.400,2506889400,934,1889,1935,0,0,FWD,1,,-1,IDLE,0
C3B93D0B,2506512,2506890.399,2506890399,999,1889,1935,0,0,FWD,1,,-1,IDLE,0
C3B93D0B,2506513,2506891.400,2506891400,1001,1889,1935,0,0,FWD,1,,-1,IDLE,0
C3B93D0B,2506514,2506892.399,2506892399,999,1891,1935,0,0,FWD,1,,-1,IDLE,0
C3B93D0B,2506515,2506893.400,2506893400,1001,1889,1935,0,0,FWD,1,,-1,IDLE,0
C3B93D0B,2506516,2506894.399,2506894399,999,1890,1935,0,0,FWD,1,,-1,IDLE,0
C3B93D0B,2506517,2506895.400,2506895400,1001,1889,1935,0,0,FWD,1,,-1,IDLE,0
C3B93D0B,2506518,2506896.664,2506896664,1264,1887,1935,0,0,FWD,33,,-1,IDLE,0
C3B93D0B,2506519,2506897.400,2506897400,736,1889,1935,0,0,FWD,1,,-1,IDLE,0
C3B93D0B,2506520,2506898.399,2506898399,999,1889,1935,0,0,FWD,1,,-1,IDLE,0
C3B93D0B,2506521,2506899.400,2506899400,1001,1889,1935,0,0,FWD,1,,-1,IDLE,0
C3B93D0B,2506522,2506900.399,2506900399,999,1889,1935,0,0,FWD,1,,-1,IDLE,0
C3B93D0B,2506523,2506901.400,2506901400,1001,1887,1935,0,0,FWD,1,,-1,IDLE,0
C3B93D0B,2506524,2506902.399,2506902399,999,1888,1935,0,0,FWD,1,,-1,IDLE,0
C3B93D0B,2506525,2506903.534,2506903534,1135,1887,1935,0,0,FWD,1,,-1,IDLE,0
C3B93D0B,2506526,2506904.399,2506904399,865,1889,1935,0,0,FWD,1,,-1,IDLE,0
C3B93D0B,2506527,2506905.400,2506905400,1001,1889,1935,0,0,FWD,1,,-1,IDLE,0
C3B93D0B,2506528,2506906.400,2506906400,1000,1889,1935,0,0,FWD,1,,-1,IDLE,0
C3B93D0B,2506529,2506907.400,2506907400,1000,1890,1935,0,0,FWD,1,,-1,IDLE,0
C3B93D0B,2506530,2506908.399,2506908399,999,1887,1935,0,0,FWD,1,,-1,IDLE,0
C3B93D0B,2506531,2506909.400,2506909400,1001,1888,1935,0,0,FWD,1,,-1,IDLE,0
C3B93D0B,2506532,2506910.399,2506910399,999,1889,1935,0,0,FWD,1,,-1,IDLE,0
C3B93D0B,2506533,2506911.400,2506911400,1001,1889,1935,0,0,FWD,1,,-1,IDLE,0
C3B93D0B,2506534,2506912.399,2506912399,999,1889,1935,0,0,FWD,1,,-1,IDLE,0
C3B93D0B,2506535,2506913.400,2506913400,1001,1888,1935,0,0,FWD,1,,-1,IDLE,0
C3B93D0B,2506536,2506914.399,2506914399,999,1891,1935,0,0,FWD,1,,-1,IDLE,0
C3B93D0B,2506537,2506915.400,2506915400,1001,1887,1935,0,0,FWD,1,,-1,IDLE,0
C3B93D0B,2506538,2506916.400,2506916400,1000,1888,1935,0,0,FWD,1,,-1,IDLE,0
C3B93D0B,2506539,2506917.400,2506917400,1000,1887,1935,0,0,FWD,1,,-1,IDLE,0
C3B93D0B,2506540,2506918.399,2506918399,999,1888,1935,0,0,FWD,1,,-1,IDLE,0
C3B93D0B,2506541,2506919.400,2506919400,1001,1887,1935,0,0,FWD,1,,-1,IDLE,0
C3B93D0B,2506542,2506920.399,2506920399,999,1887,1935,0,0,FWD,1,,-1,IDLE,0
C3B93D0B,2506543,2506921.400,2506921400,1001,1887,1935,0,0,FWD,1,,-1,IDLE,0
C3B93D0B,2506544,2506922.399,2506922399,999,1886,1935,0,0,FWD,1,,-1,IDLE,0
C3B93D0B,2506545,2506923.400,2506923400,1001,1887,1935,0,0,FWD,1,,-1,IDLE,0
C3B93D0B,2506546,2506924.399,2506924399,999,1889,1935,0,0,FWD,1,,-1,IDLE,0
C3B93D0B,2506547,2506925.400,2506925400,1001,1885,1935,0,0,FWD,1,,-1,IDLE,0
C3B93D0B,2506548,2506926.400,2506926400,1000,1885,1935,0,0,FWD,1,,-1,IDLE,0
C3B93D0B,2506549,2506927.400,2506927400,1000,1887,1935,0,0,FWD,1,,-1,IDLE,0
C3B93D0B,2506550,2506928.399,2506928399,999,1887,1935,0,0,FWD,1,,-1,IDLE,0
C3B93D0B,2506551,2506929.400,2506929400,1001,1886,1935,0,0,FWD,1,,-1,IDLE,0
C3B93D0B,2506552,2506930.399,2506930399,999,1887,1935,0,0,FWD,1,,-1,IDLE,0
C3B93D0B,2506553,2506931.400,2506931400,1001,1886,1935,0,0,FWD,1,,-1,IDLE,0
C3B93D0B,2506554,2506932.399,2506932399,999,1885,1935,0,0,FWD,1,,-1,IDLE,0
C3B93D0B,2506555,2506933.400,2506933400,1001,1886,1935,0,0,FWD,1,,-1,IDLE,0
C3B93D0B,2506556,2506934.399,2506934399,999,1886,1935,0,0,FWD,1,,-1,IDLE,0
C3B93D0B,2506557,2506935.400,2506935400,1001,1885,1935,0,0,FWD,1,,-1,IDLE,0
C3B93D0B,2506558,2506937.035,2506937035,1635,1883,1935,0,0,FWD,33,,-1,IDLE,0
C3B93D0B,2506559,2506937.400,2506937400,365,1886,1935,0,0,FWD,1,,-1,IDLE,0
C3B93D0B,2506560,2506938.399,2506938399,999,1886,1935,0,0,FWD,1,,-1,IDLE,0
C3B93D0B,2506561,2506939.400,2506939400,1001,1886,1935,0,0,FWD,1,,-1,IDLE,0
C3B93D0B,2506562,2506940.399,2506940399,999,1883,1935,0,0,FWD,1,,-1,IDLE,0
C3B93D0B,2506563,2506941.400,2506941400,1001,1886,1935,0,0,FWD,1,,-1,IDLE,0
C3B93D0B,2506564,2506942.399,2506942399,999,1886,1935,0,0,FWD,1,,-1,IDLE,0
C3B93D0B,2506565,2506943.400,2506943400,1001,1883,1935,0,0,FWD,1,,-1,IDLE,0
C3B93D0B,2506566,2506944.399,2506944399,999,1887,1935,0,0,FWD,1,,-1,IDLE,0
C3B93D0B,2506567,2506945.400,2506945400,1001,1886,1935,0,0,FWD,1,,-1,IDLE,0
C3B93D0B,2506568,2506946.400,2506946400,1000,1886,1935,0,0,FWD,1,,-1,IDLE,0
C3B93D0B,2506569,2506947.400,2506947400,1000,1885,1935,0,0,FWD,1,,-1,IDLE,0
C3B93D0B,2506570,2506948.399,2506948399,999,1885,1935,0,0,FWD,1,,-1,IDLE,0
C3B93D0B,2506571,2506949.400,2506949400,1001,1883,1935,0,0,FWD,1,,-1,IDLE,0
C3B93D0B,2506572,2506950.399,2506950399,999,1883,1935,0,0,FWD,1,,-1,IDLE,0
C3B93D0B,2506573,2506951.400,2506951400,1001,1885,1935,0,0,FWD,1,,-1,IDLE,0
C3B93D0B,2506574,2506952.399,2506952399,999,1883,1935,0,0,FWD,1,,-1,IDLE,0
C3B93D0B,2506575,2506953.400,2506953400,1001,1883,1935,0,0,FWD,1,,-1,IDLE,0
C3B93D0B,2506576,2506954.399,2506954399,999,1883,1935,0,0,FWD,1,,-1,IDLE,0
C3B93D0B,2506577,2506955.400,2506955400,1001,1883,1935,0,0,FWD,1,,-1,IDLE,0
C3B93D0B,2506578,2506956.451,2506956451,1051,1882,1935,0,0,FWD,1,,-1,IDLE,0
C3B93D0B,2506579,2506957.400,2506957400,949,1883,1935,0,0,FWD,1,,-1,IDLE,0
C3B93D0B,2506580,2506958.399,2506958399,999,1883,1935,0,0,FWD,1,,-1,IDLE,0
C3B93D0B,2506581,2506959.400,2506959400,1001,1883,1935,0,0,FWD,1,,-1,IDLE,0
C3B93D0B,2506582,2506960.399,2506960399,999,1882,1935,0,0,FWD,1,,-1,IDLE,0
C3B93D0B,2506583,2506961.400,2506961400,1001,1882,1935,0,0,FWD,1,,-1,IDLE,0
C3B93D0B,2506584,2506962.399,2506962399,999,1881,1935,0,0,FWD,1,,-1,IDLE,0
C3B93D0B,2506585,2506963.400,2506963400,1001,1882,1935,0,0,FWD,1,,-1,IDLE,0
C3B93D0B,2506586,2506964.402,2506964402,1002,1894,1935,0,0,FWD,1,,-1,IDLE,0
C3B93D0B,2506587,2506965.400,2506965400,998,1893,1935,0,0,FWD,1,,-1,IDLE,0
C3B93D0B,2506588,2506966.400,2506966400,1000,1892,1935,0,0,FWD,1,,-1,IDLE,0
C3B93D0B,2506589,2506967.400,2506967400,1000,1891,1935,0,0,FWD,1,,-1,IDLE,0
C3B93D0B,2506590,2506968.399,2506968399,999,1893,1935,0,0,FWD,1,,-1,IDLE,0
C3B93D0B,2506591,2506969.400,2506969400,1001,1890,1935,0,0,FWD,1,,-1,IDLE,0
C3B93D0B,2506592,2506970.399,2506970399,999,1891,1935,0,0,FWD,1,,-1,IDLE,0
C3B93D0B,2506593,2506971.400,2506971400,1001,1891,1935,0,0,FWD,1,,-1,IDLE,0
C3B93D0B,2506594,2506972.399,2506972399,999,1890,1935,0,0,FWD,1,,-1,IDLE,0
C3B93D0B,2506595,2506973.400,2506973400,1001,1890,1935,0,0,FWD,1,,-1,IDLE,0
C3B93D0B,2506596,2506974.399,2506974399,999,1889,1935,0,0,FWD,1,,-1,IDLE,0
C3B93D0B,2506597,2506975.400,2506975400,1001,1888,1935,0,0,FWD,1,,-1,IDLE,0
C3B93D0B,2506598,2506976.400,2506976400,1000,1886,1935,0,0,FWD,1,,-1,IDLE,0
C3B93D0B,2506599,2506977.400,2506977400,1000,1890,1935,0,0,FWD,1,,-1,IDLE,0
C3B93D0B,2506600,2506978.399,2506978399,999,1888,1935,0,0,FWD,1,,-1,IDLE,0
C3B93D0B,2506601,2506979.400,2506979400,1001,1888,1935,0,0,FWD,1,,-1,IDLE,0
C3B93D0B,2506602,2506980.399,2506980399,999,1887,1935,0,0,FWD,1,,-1,IDLE,0
C3B93D0B,2506603,2506981.400,2506981400,1001,1888,1935,0,0,FWD,1,,-1,IDLE,0
C3B93D0B,2506604,2506982.399,2506982399,999,1887,1935,0,0,FWD,1,,-1,IDLE,0
C3B93D0B,2506605,2506983.400,2506983400,1001,1886,1935,0,0,FWD,1,,-1,IDLE,0
C3B93D0B,2506606,2506984.399,2506984399,999,1887,1935,0,0,FWD,1,,-1,IDLE,0
C3B93D0B,2506607,2506985.400,2506985400,1001,1887,1935,0,0,FWD,1,,-1,IDLE,0
C3B93D0B,2506608,2506986.400,2506986400,1000,1885,1935,0,0,FWD,1,,-1,IDLE,0
C3B93D0B,2506609,2506988.180,2506988180,1780,1872,1935,0,0,FWD,33,,-1,IDLE,0
C3B93D0B,2506610,2506988.742,2506988742,562,1872,1935,0,0,FWD,1,,-1,IDLE,0
C3B93D0B,2506611,2506989.400,2506989400,658,1873,1935,0,0,FWD,1,,-1,IDLE,0
C3B93D0B,2506612,2506990.399,2506990399,999,1872,1935,0,0,FWD,1,,-1,IDLE,0
C3B93D0B,2506613,2506991.400,2506991400,1001,1873,1935,0,0,FWD,1,,-1,IDLE,0
C3B93D0B,2506614,2506992.399,2506992399,999,1872,1935,0,0,FWD,1,,-1,IDLE,0
C3B93D0B,2506615,2506993.400,2506993400,1001,1873,1935,0,0,FWD,1,,-1,IDLE,0
C3B93D0B,2506616,2506994.399,2506994399,999,1874,1935,0,0,FWD,1,,-1,IDLE,0
C3B93D0B,2506617,2506995.400,2506995400,1001,1873,1935,0,0,FWD,1,,-1,IDLE,0
C3B93D0B,2506618,2506996.400,2506996400,1000,1872,1935,0,0,FWD,1,,-1,IDLE,0
C3B93D0B,2506619,2506997.400,2506997400,1000,1873,1935,0,0,FWD,1,,-1,IDLE,0
C3B93D0B,2506620,2506998.399,2506998399,999,1873,1935,0,0,FWD,1,,-1,IDLE,0
C3B93D0B,2506621,2506999.400,2506999400,1001,1872,1935,0,0,FWD,1,,-1,IDLE,0
C3B93D0B,2506622,2507000.399,2507000399,999,1872,1935,0,0,FWD,1,,-1,IDLE,0
C3B93D0B,2506623,2507001.400,2507001400,1001,1872,1935,0,0,FWD,1,,-1,IDLE,0
C3B93D0B,2506624,2507002.399,2507002399,999,1872,1935,0,0,FWD,1,,-1,IDLE,0
C3B93D0B,2506625,2507003.400,2507003400,1001,1872,1935,0,0,FWD,1,,-1,IDLE,0
C3B93D0B,2506626,2507004.399,2507004399,999,1872,1935,0,0,FWD,1,,-1,IDLE,0
C3B93D0B,2506627,2507005.400,2507005400,1001,1872,1935,0,0,FWD,1,,-1,IDLE,0
C3B93D0B,2506628,2507006.400,2507006400,1000,1872,1935,0,0,FWD,1,,-1,IDLE,0
C3B93D0B,2506629,2507007.400,2507007400,1000,1871,1935,0,0,FWD,1,,-1,IDLE,0
C3B93D0B,2506630,2507008.399,2507008399,999,1872,1935,0,0,FWD,1,,-1,IDLE,0
C3B93D0B,2506631,2507009.400,2507009400,1001,1871,1935,0,0,FWD,1,,-1,IDLE,0
C3B93D0B,2506632,2507010.399,2507010399,999,1872,1935,0,0,FWD,1,,-1,IDLE,0
C3B93D0B,2506633,2507011.400,2507011400,1001,1869,1935,0,0,FWD,1,,-1,IDLE,0
C3B93D0B,2506634,2507012.399,2507012399,999,1871,1935,0,0,FWD,1,,-1,IDLE,0
C3B93D0B,2506635,2507013.400,2507013400,1001,1870,1935,0,0,FWD,1,,-1,IDLE,0
C3B93D0B,2506636,2507014.399,2507014399,999,1870,1935,0,0,FWD,1,,-1,IDLE,0
C3B93D0B,2506637,2507015.400,2507015400,1001,1870,1935,0,0,FWD,1,,-1,IDLE,0
C3B93D0B,2506638,2507016.400,2507016400,1000,1870,1935,0,0,FWD,1,,-1,IDLE,0
C3B93D0B,2506639,2507017.400,2507017400,1000,1869,1935,0,0,FWD,1,,-1,IDLE,0
C3B93D0B,2506640,2507018.399,2507018399,999,1869,1935,0,0,FWD,1,,-1,IDLE,0
C3B93D0B,2506641,2507019.400,2507019400,1001,1867,1935,0,0,FWD,1,,-1,IDLE,0
C3B93D0B,2506642,2507020.399,2507020399,999,1869,1935,0,0,FWD,1,,-1,IDLE,0
C3B93D0B,2506643,2507021.400,2507021400,1001,1869,1935,0,0,FWD,1,,-1,IDLE,0
C3B93D0B,2506644,2507022.399,2507022399,999,1866,1935,0,0,FWD,1,,-1,IDLE,0
C3B93D0B,2506645,2507023.400,2507023400,1001,1866,1935,0,0,FWD,1,,-1,IDLE,0
C3B93D0B,2506646,2507024.399,2507024399,999,1863,1935,0,0,FWD,1,,-1,IDLE,0
C3B93D0B,2506647,2507025.400,2507025400,1001,1866,1935,0,0,FWD,17,,-1,IDLE,0
C3B93D0B,2506648,2507026.400,2507026400,1000,1863,1935,0,0,FWD,17,,-1,IDLE,0
C3B93D0B,2506649,2507027.400,2507027400,1000,1864,1935,0,0,FWD,17,,-1,IDLE,0
C3B93D0B,2506650,2507028.399,2507028399,999,1866,1935,0,0,FWD,17,,-1,IDLE,0
C3B93D0B,2506651,2507029.400,2507029400,1001,1861,1935,0,0,FWD,17,,-1,IDLE,0
C3B93D0B,2506652,2507030.399,2507030399,999,1863,1935,0,0,FWD,17,,-1,IDLE,0
C3B93D0B,2506653,2507031.400,2507031400,1001,1862,1935,0,0,FWD,17,,-1,IDLE,0
C3B93D0B,2506654,2507032.399,2507032399,999,1862,1935,0,0,FWD,17,,-1,IDLE,0
C3B93D0B,2506655,2507033.400,2507033400,1001,1861,1935,0,0,FWD,17,,-1,IDLE,0
C3B93D0B,2506656,2507034.399,2507034399,999,1862,1935,0,0,FWD,17,,-1,IDLE,0
C3B93D0B,2506657,2507035.400,2507035400,1001,1859,1935,0,0,FWD,17,,-1,IDLE,0
C3B93D0B,2506658,2507036.400,2507036400,1000,1860,1935,0,0,FWD,17,,-1,IDLE,0
C3B93D0B,2506659,2507037.401,2507037401,1001,1858,1935,0,0,FWD,17,,-1,IDLE,0
C3B93D0B,2506660,2507038.399,2507038399,998,1856,1935,0,0,FWD,17,,-1,IDLE,0
C3B93D0B,2506661,2507039.401,2507039401,1002,1858,1935,0,0,FWD,17,,-1,IDLE,0
C3B93D0B,2506662,2507040.399,2507040399,998,1857,1935,0,0,FWD,17,,-1,IDLE,0
C3B93D0B,2506663,2507041.400,2507041400,1001,1857,1935,0,0,FWD,17,,-1,IDLE,0
C3B93D0B,2506664,2507042.399,2507042399,999,1856,1935,0,0,FWD,17,,-1,IDLE,0
C3B93D0B,2506665,2507043.400,2507043400,1001,1856,1935,0,0,FWD,17,,-1,IDLE,0
C3B93D0B,2506666,2507044.399,2507044399,999,1856,1935,0,0,FWD,17,,-1,IDLE,0
C3B93D0B,2506667,2507045.400,2507045400,1001,1855,1935,0,0,FWD,17,,-1,IDLE,0
C3B93D0B,2506668,2507046.401,2507046401,1001,1865,1935,0,0,FWD,17,,-1,IDLE,0
C3B93D0B,2506669,2507047.400,2507047400,999,1866,1935,0,0,FWD,17,,-1,IDLE,0
C3B93D0B,2506670,2507048.399,2507048399,999,1865,1935,0,0,FWD,17,,-1,IDLE,0
C3B93D0B,2506671,2507049.400,2507049400,1001,1866,1935,0,0,FWD,17,,-1,IDLE,0
C3B93D0B,2506672,2507050.399,2507050399,999,1863,1935,0,0,FWD,17,,-1,IDLE,0
C3B93D0B,2506673,2507051.400,2507051400,1001,1862,1935,0,0,FWD,17,,-1,IDLE,0
C3B93D0B,2506674,2507052.399,2507052399,999,1861,1935,0,0,FWD,17,,-1,IDLE,0
C3B93D0B,2506675,2507053.400,2507053400,1001,1859,1935,0,0,FWD,17,,-1,IDLE,0
C3B93D0B,2506676,2507054.399,2507054399,999,1860,1935,0,0,FWD,17,,-1,IDLE,0
C3B93D0B,2506677,2507055.400,2507055400,1001,1859,1935,0,0,FWD,17,,-1,IDLE,0
C3B93D0B,2506678,2507056.400,2507056400,1000,1857,1935,0,0,FWD,17,,-1,IDLE,0
C3B93D0B,2506679,2507057.400,2507057400,1000,1856,1935,0,0,FWD,17,,-1,IDLE,0
C3B93D0B,2506680,2507058.399,2507058399,999,1858,1935,0,0,FWD,17,,-1,IDLE,0
C3B93D0B,2506681,2507059.400,2507059400,1001,1858,1935,0,0,FWD,17,,-1,IDLE,0
C3B93D0B,2506682,2507060.399,2507060399,999,1856,1935,0,0,FWD,17,,-1,IDLE,0
C3B93D0B,2506683,2507061.400,2507061400,1001,1856,1935,0,0,FWD,17,,-1,IDLE,0
C3B93D0B,2506684,2507062.399,2507062399,999,1856,1935,0,0,FWD,17,,-1,IDLE,0
C3B93D0B,2506685,2507063.400,2507063400,1001,1855,1935,0,0,FWD,17,,-1,IDLE,0
C3B93D0B,2506686,2507064.399,2507064399,999,1854,1935,0,0,FWD,17,,-1,IDLE,0
C3B93D0B,2506687,2507065.400,2507065400,1001,1853,1935,0,0,FWD,17,,-1,IDLE,0
C3B93D0B,2506688,2507066.400,2507066400,1000,1853,1935,0,0,FWD,17,,-1,IDLE,0
C3B93D0B,2506689,2507067.400,2507067400,1000,1851,1935,0,0,FWD,17,,-1,IDLE,0
C3B93D0B,2506690,2507068.399,2507068399,999,1851,1935,0,0,FWD,17,,-1,IDLE,0
C3B93D0B,2506691,2507069.400,2507069400,1001,1849,1935,0,0,FWD,17,,-1,IDLE,0
C3B93D0B,2506692,2507070.399,2507070399,999,1851,1935,0,0,FWD,17,,-1,IDLE,0
C3B93D0B,2506693,2507071.400,2507071400,1001,1849,1935,0,0,FWD,17,,-1,IDLE,0
C3B93D0B,2506694,2507072.399,2507072399,999,1850,1935,0,0,FWD,17,,-1,IDLE,0
C3B93D0B,2506695,2507073.400,2507073400,1001,1847,1935,0,0,FWD,17,,-1,IDLE,0
C3B93D0B,2506696,2507074.399,2507074399,999,1845,1935,0,0,FWD,17,,-1,IDLE,0
C3B93D0B,2506697,2507075.400,2507075400,1001,1844,1935,0,0,FWD,17,,-1,IDLE,0
C3B93D0B,2506698,2507076.400,2507076400,1000,1844,1935,0,0,FWD,17,,-1,IDLE,0
C3B93D0B,2506699,2507077.400,2507077400,1000,1843,1935,0,0,FWD,17,,-1,IDLE,0
C3B93D0B,2506700,2507078.399,2507078399,999,1843,1935,0,0,FWD,17,,-1,IDLE,0
C3B93D0B,2506701,2507079.400,2507079400,1001,1844,1935,0,0,FWD,17,,-1,IDLE,0
C3B93D0B,2506702,2507080.399,2507080399,999,1842,1935,0,0,FWD,17,,-1,IDLE,0
C3B93D0B,2506703,2507081.400,2507081400,1001,1841,1935,0,0,FWD,17,,-1,IDLE,0
C3B93D0B,2506704,2507082.399,2507082399,999,1841,1935,0,0,FWD,17,,-1,IDLE,0
C3B93D0B,2506705,2507083.400,2507083400,1001,1840,1935,0,0,FWD,17,,-1,IDLE,0
C3B93D0B,2506706,2507084.399,2507084399,999,1840,1935,0,0,FWD,17,,-1,IDLE,0
C3B93D0B,2506707,2507085.400,2507085400,1001,1840,1935,0,0,FWD,17,,-1,IDLE,0
C3B93D0B,2506708,2507086.400,2507086400,1000,1840,1935,0,0,FWD,17,,-1,IDLE,0
C3B93D0B,2506709,2507088.133,2507088133,1733,1824,1935,0,0,FWD,49,,-1,IDLE,0
C3B93D0B,2506710,2507088.459,2507088459,326,1827,1935,0,0,FWD,17,,-1,IDLE,0
C3B93D0B,2506711,2507089.400,2507089400,941,1824,1935,0,0,FWD,17,,-1,IDLE,0
C3B93D0B,2506712,2507090.399,2507090399,999,1825,1935,0,0,FWD,17,,-1,IDLE,0
C3B93D0B,2506713,2507091.400,2507091400,1001,1824,1935,0,0,FWD,17,,-1,IDLE,0
C3B93D0B,2506714,2507092.399,2507092399,999,1823,1935,0,0,FWD,17,,-1,IDLE,0
C3B93D0B,2506715,2507093.400,2507093400,1001,1823,1935,0,0,FWD,17,,-1,IDLE,0
C3B93D0B,2506716,2507094.399,2507094399,999,1824,1935,0,0,FWD,17,,-1,IDLE,0
C3B93D0B,2506717,2507095.400,2507095400,1001,1822,1935,0,0,FWD,17,,-1,IDLE,0
C3B93D0B,2506718,2507096.400,2507096400,1000,1822,1935,0,0,FWD,17,,-1,IDLE,0
C3B93D0B,2506719,2507097.400,2507097400,1000,1819,1935,0,0,FWD,17,,-1,IDLE,0
C3B93D0B,2506720,2507098.399,2507098399,999,1822,1935,0,0,FWD,17,,-1,IDLE,0
C3B93D0B,2506721,2507099.400,2507099400,1001,1819,1935,0,0,FWD,17,,-1,IDLE,0
C3B93D0B,2506722,2507100.399,2507100399,999,1818,1935,0,0,FWD,17,,-1,IDLE,0
C3B93D0B,2506723,2507101.400,2507101400,1001,1818,1935,0,0,FWD,17,,-1,IDLE,0
C3B93D0B,2506724,2507102.399,2507102399,999,1817,1935,0,0,FWD,17,,-1,IDLE,0
C3B93D0B,2506725,2507103.400,2507103400,1001,1815,1935,0,0,FWD,17,,-1,IDLE,0
C3B93D0B,2506726,2507104.399,2507104399,999,1813,1935,0,0,FWD,17,,-1,IDLE,0
C3B93D0B,2506727,2507105.400,2507105400,1001,1814,1935,0,0,FWD,17,,-1,IDLE,0
C3B93D0B,2506728,2507106.400,2507106400,1000,1813,1935,0,0,FWD,17,,-1,IDLE,0
C3B93D0B,2506729,2507107.400,2507107400,1000,1812,1935,0,0,FWD,17,,-1,IDLE,0
C3B93D0B,2506730,2507108.399,2507108399,999,1809,1935,0,0,FWD,17,,-1,IDLE,0
C3B93D0B,2506731,2507109.400,2507109400,1001,1811,1935,0,0,FWD,17,,-1,IDLE,0
C3B93D0B,2506732,2507110.399,2507110399,999,1808,1935,0,0,FWD,17,,-1,IDLE,0
C3B93D0B,2506733,2507111.400,2507111400,1001,1809,1935,0,0,FWD,17,,-1,IDLE,0
C3B93D0B,2506734,2507112.399,2507112399,999,1809,1935,0,0,FWD,17,,-1,IDLE,0
C3B93D0B,2506735,2507113.400,2507113400,1001,1808,1935,0,0,FWD,17,,-1,IDLE,0
C3B93D0B,2506736,2507114.399,2507114399,999,1808,1935,0,0,FWD,17,,-1,IDLE,0
C3B93D0B,2506737,2507115.400,2507115400,1001,1808,1935,0,0,FWD,17,,-1,IDLE,0
C3B93D0B,2506738,2507116.400,2507116400,1000,1806,1935,0,0,FWD,17,,-1,IDLE,0
C3B93D0B,2506739,2507117.400,2507117400,1000,1807,1935,0,0,FWD,17,,-1,IDLE,0
C3B93D0B,2506740,2507118.399,2507118399,999,1806,1935,0,0,FWD,17,,-1,IDLE,0
C3B93D0B,2506741,2507119.400,2507119400,1001,1805,1935,0,0,FWD,17,,-1,IDLE,0
C3B93D0B,2506742,2507120.399,2507120399,999,1801,1935,0,0,FWD,17,,-1,IDLE,0
C3B93D0B,2506743,2507121.400,2507121400,1001,1801,1935,0,0,FWD,17,,-1,IDLE,0
C3B93D0B,2506744,2507122.399,2507122399,999,1801,1935,0,0,FWD,17,,-1,IDLE,0
C3B93D0B,2506745,2507123.400,2507123400,1001,1798,1935,0,0,FWD,17,,-1,IDLE,0
C3B93D0B,2506746,2507124.399,2507124399,999,1798,1935,0,0,FWD,17,,-1,IDLE,0
C3B93D0B,2506747,2507125.400,2507125400,1001,1797,1935,0,0,FWD,17,,-1,IDLE,0
C3B93D0B,2506748,2507126.400,2507126400,1000,1796,1935,0,0,FWD,17,,-1,IDLE,0
C3B93D0B,2506749,2507127.400,2507127400,1000,1794,1935,0,0,FWD,17,,-1,IDLE,0
C3B93D0B,2506750,2507128.399,2507128399,999,1795,1935,0,0,FWD,17,,-1,IDLE,0
C3B93D0B,2506751,2507129.400,2507129400,1001,1793,1935,0,0,FWD,17,,-1,IDLE,0
C3B93D0B,2506752,2507130.399,2507130399,999,1792,1935,0,0,FWD,17,,-1,IDLE,0
C3B93D0B,2506753,2507131.610,2507131610,1211,1792,1935,0,0,FWD,17,,-1,IDLE,0
C3B93D0B,2506754,2507132.399,2507132399,789,1791,1935,0,0,FWD,17,,-1,IDLE,0
C3B93D0B,2506755,2507133.400,2507133400,1001,1790,1935,0,0,FWD,17,,-1,IDLE,0
C3B93D0B,2506756,2507134.399,2507134399,999,1788,1935,0,0,FWD,17,,-1,IDLE,0
C3B93D0B,2506757,2507135.400,2507135400,1001,1787,1935,0,0,FWD,17,,-1,IDLE,0
C3B93D0B,2506758,2507136.400,2507136400,1000,1785,1935,0,0,FWD,17,,-1,IDLE,0
C3B93D0B,2506759,2507137.407,2507137407,1007,1785,1935,0,0,FWD,17,,-1,IDLE,0
C3B93D0B,2506760,2507138.399,2507138399,992,1783,1935,0,0,FWD,17,,-1,IDLE,0
C3B93D0B,2506761,2507139.401,2507139401,1002,1782,1935,0,0,FWD,17,,-1,IDLE,0
C3B93D0B,2506762,2507140.399,2507140399,998,1782,1935,0,0,FWD,17,,-1,IDLE,0
C3B93D0B,2506763,2507141.400,2507141400,1001,1782,1935,0,0,FWD,17,,-1,IDLE,0
C3B93D0B,2506764,2507142.399,2507142399,999,1780,1935,0,0,FWD,17,,-1,IDLE,0
C3B93D0B,2506765,2507143.400,2507143400,1001,1779,1935,0,0,FWD,17,,-1,IDLE,0
C3B93D0B,2506766,2507144.399,2507144399,999,1778,1935,0,0,FWD,17,,-1,IDLE,0
C3B93D0B,2506767,2507145.400,2507145400,1001,1776,1935,0,0,FWD,17,,-1,IDLE,0
C3B93D0B,2506768,2507146.597,2507146597,1197,1785,1935,0,0,FWD,17,,-1,IDLE,0
C3B93D0B,2506769,2507147.400,2507147400,803,1784,1935,0,0,FWD,17,,-1,IDLE,0
C3B93D0B,2506770,2507148.399,2507148399,999,1783,1935,0,0,FWD,17,,-1,IDLE,0
C3B93D0B,2506771,2507149.400,2507149400,1001,1782,1935,0,0,FWD,17,,-1,IDLE,0
C3B93D0B,2506772,2507150.399,2507150399,999,1779,1935,0,0,FWD,17,,-1,IDLE,0
C3B93D0B,2506773,2507151.400,2507151400,1001,1779,1935,0,0,FWD,17,,-1,IDLE,0
C3B93D0B,2506774,2507152.399,2507152399,999,1776,1935,0,0,FWD,17,,-1,IDLE,0
C3B93D0B,2506775,2507153.400,2507153400,1001,1776,1935,0,0,FWD,17,,-1,IDLE,0
C3B93D0B,2506776,2507154.399,2507154399,999,1776,1935,0,0,FWD,17,,-1,IDLE,0
C3B93D0B,2506777,2507155.400,2507155400,1001,1773,1935,0,0,FWD,17,,-1,IDLE,0
C3B93D0B,2506778,2507156.400,2507156400,1000,1774,1935,0,0,FWD,17,,-1,IDLE,0
C3B93D0B,2506779,2507157.400,2507157400,1000,1774,1935,0,0,FWD,17,,-1,IDLE,0
C3B93D0B,2506780,2507158.399,2507158399,999,1771,1935,0,0,FWD,17,,-1,IDLE,0
C3B93D0B,2506781,2507159.400,2507159400,1001,1770,1935,0,0,FWD,17,,-1,IDLE,0
C3B93D0B,2506782,2507160.399,2507160399,999,1769,1935,0,0,FWD,17,,-1,IDLE,0
C3B93D0B,2506783,2507161.400,2507161400,1001,1767,1935,0,0,FWD,17,,-1,IDLE,0
C3B93D0B,2506784,2507162.399,2507162399,999,1767,1935,0,0,FWD,17,,-1,IDLE,0
C3B93D0B,2506785,2507163.400,2507163400,1001,1765,1935,0,0,FWD,17,,-1,IDLE,0
C3B93D0B,2506786,2507164.399,2507164399,999,1765,1935,0,0,FWD,17,,-1,IDLE,0
C3B93D0B,2506787,2507165.400,2507165400,1001,1762,1935,0,0,FWD,17,,-1,IDLE,0
C3B93D0B,2506788,2507166.400,2507166400,1000,1762,1935,0,0,FWD,17,,-1,IDLE,0
C3B93D0B,2506789,2507167.400,2507167400,1000,1759,1935,0,0,FWD,17,,-1,IDLE,0
C3B93D0B,2506790,2507168.399,2507168399,999,1759,1935,0,0,FWD,17,,-1,IDLE,0
C3B93D0B,2506791,2507169.400,2507169400,1001,1757,1935,0,0,FWD,17,,-1,IDLE,0
C3B93D0B,2506792,2507170.399,2507170399,999,1757,1935,0,0,FWD,17,,-1,IDLE,0
C3B93D0B,2506793,2507171.400,2507171400,1001,1755,1935,0,0,FWD,17,,-1,IDLE,0
C3B93D0B,2506794,2507172.399,2507172399,999,1754,1935,0,0,FWD,17,,-1,IDLE,0
C3B93D0B,2506795,2507173.400,2507173400,1001,1754,1935,0,0,FWD,17,,-1,IDLE,0
C3B93D0B,2506796,2507174.399,2507174399,999,1750,1935,0,0,FWD,17,,-1,IDLE,0
C3B93D0B,2506797,2507175.400,2507175400,1001,1747,1935,0,0,FWD,17,,-1,IDLE,0
C3B93D0B,2506798,2507176.400,2507176400,1000,1748,1935,0,0,FWD,17,,-1,IDLE,0
C3B93D0B,2506799,2507177.400,2507177400,1000,1745,1935,0,0,FWD,17,,-1,IDLE,0
C3B93D0B,2506800,2507178.399,2507178399,999,1747,1935,0,0,FWD,17,,-1,IDLE,0
C3B93D0B,2506801,2507179.400,2507179400,1001,1744,1935,0,0,FWD,17,,-1,IDLE,0
C3B93D0B,2506802,2507180.399,2507180399,999,1744,1935,0,0,FWD,17,,-1,IDLE,0
C3B93D0B,2506803,2507181.400,2507181400,1001,1744,1935,0,0,FWD,17,,-1,IDLE,0
C3B93D0B,2506804,2507182.399,2507182399,999,1744,1935,0,0,FWD,17,,-1,IDLE,0
C3B93D0B,2506805,2507183.400,2507183400,1001,1743,1935,0,0,FWD,17,,-1,IDLE,0
C3B93D0B,2506806,2507184.399,2507184399,999,1742,1935,0,0,FWD,17,,-1,IDLE,0
C3B93D0B,2506807,2507185.400,2507185400,1001,1739,1935,0,0,FWD,17,,-1,IDLE,0
C3B93D0B,2506808,2507186.400,2507186400,1000,1737,1935,0,0,FWD,17,,-1,IDLE,0
C3B93D0B,2506809,2507188.194,2507188194,1794,1725,1935,0,0,FWD,49,,-1,IDLE,0
C3B93D0B,2506810,2507188.511,2507188511,317,1727,1935,0,0,FWD,17,,-1,IDLE,0
C3B93D0B,2506811,2507189.400,2507189400,889,1726,1935,0,0,FWD,17,,-1,IDLE,0
C3B93D0B,2506812,2507190.571,2507190571,1171,1723,1935,0,0,FWD,17,,-1,IDLE,0
C3B93D0B,2506813,2507191.400,2507191400,829,1723,1935,0,0,FWD,17,,-1,IDLE,0
C3B93D0B,2506814,2507192.399,2507192399,999,1724,1935,0,0,FWD,17,,-1,IDLE,0
C3B93D0B,2506815,2507193.400,2507193400,1001,1723,1935,0,0,FWD,17,,-1,IDLE,0
C3B93D0B,2506816,2507194.399,2507194399,999,1722,1935,0,0,FWD,17,,-1,IDLE,0
C3B93D0B,2506817,2507195.400,2507195400,1001,1718,1935,0,0,FWD,17,,-1,IDLE,0
C3B93D0B,2506818,2507196.400,2507196400,1000,1716,1935,0,0,FWD,17,,-1,IDLE,0
C3B93D0B,2506819,2507197.400,2507197400,1000,1717,1935,0,0,FWD,17,,-1,IDLE,0
C3B93D0B,2506820,2507198.399,2507198399,999,1717,1935,0,0,FWD,17,,-1,IDLE,0
C3B93D0B,2506821,2507199.400,2507199400,1001,1715,1935,0,0,FWD,17,,-1,IDLE,0
C3B93D0B,2506822,2507200.399,2507200399,999,1713,1935,0,0,FWD,17,,-1,IDLE,0
C3B93D0B,2506823,2507201.400,2507201400,1001,1712,1935,0,0,FWD,17,,-1,IDLE,0
C3B93D0B,2506824,2507202.399,2507202399,999,1712,1935,0,0,FWD,17,,-1,IDLE,0
C3B93D0B,2506825,2507203.400,2507203400,1001,1712,1935,0,0,FWD,17,,-1,IDLE,0
C3B93D0B,2506826,2507204.399,2507204399,999,1712,1935,0,0,FWD,17,,-1,IDLE,0
C3B93D0B,2506827,2507205.400,2507205400,1001,1710,1935,0,0,FWD,17,,-1,IDLE,0
C3B93D0B,2506828,2507206.400,2507206400,1000,1710,1935,0,0,FWD,17,,-1,IDLE,0
C3B93D0B,2506829,2507207.400,2507207400,1000,1707,1935,0,0,FWD,17,,-1,IDLE,0
C3B93D0B,2506830,2507208.399,2507208399,999,1709,1935,0,0,FWD,17,,-1,IDLE,0
C3B93D0B,2506831,2507209.400,2507209400,1001,1707,1935,0,0,FWD,17,,-1,IDLE,0
C3B93D0B,2506832,2507210.399,2507210399,999,1708,1935,0,0,FWD,17,,-1,IDLE,0
C3B93D0B,2506833,2507211.400,2507211400,1001,1703,1935,0,0,FWD,17,,-1,IDLE,0
C3B93D0B,2506834,2507212.399,2507212399,999,1703,1935,0,0,FWD,17,,-1,IDLE,0
C3B93D0B,2506835,2507213.400,2507213400,1001,1703,1935,0,0,FWD,17,,-1,IDLE,0
C3B93D0B,2506836,2507214.399,2507214399,999,1701,1935,0,0,FWD,17,,-1,IDLE,0
C3B93D0B,2506837,2507215.400,2507215400,1001,1699,1935,0,0,FWD,17,,-1,IDLE,0
C3B93D0B,2506838,2507216.400,2507216400,1000,1699,1935,0,0,FWD,17,,-1,IDLE,0
C3B93D0B,2506839,2507217.400,2507217400,1000,1696,1935,0,0,FWD,17,,-1,IDLE,0
C3B93D0B,2506840,2507218.399,2507218399,999,1698,1935,0,0,FWD,17,,-1,IDLE,0
C3B93D0B,2506841,2507219.400,2507219400,1001,1697,1935,0,0,FWD,17,,-1,IDLE,0
C3B93D0B,2506842,2507220.399,2507220399,999,1695,1935,0,0,FWD,17,,-1,IDLE,0
C3B93D0B,2506843,2507221.400,2507221400,1001,1693,1935,0,0,FWD,17,,-1,IDLE,0
C3B93D0B,2506844,2507222.399,2507222399,999,1693,1935,0,0,FWD,17,,-1,IDLE,0
C3B93D0B,2506845,2507223.400,2507223400,1001,1693,1935,0,0,FWD,17,,-1,IDLE,0
C3B93D0B,2506846,2507224.399,2507224399,999,1691,1935,0,0,FWD,17,,-1,IDLE,0
C3B93D0B,2506847,2507225.400,2507225400,1001,1691,1935,0,0,FWD,17,,-1,IDLE,0
C3B93D0B,2506848,2507226.400,2507226400,1000,1687,1935,0,0,FWD,17,,-1,IDLE,0
C3B93D0B,2506849,2507227.400,2507227400,1000,1686,1935,0,0,FWD,17,,-1,IDLE,0
C3B93D0B,2506850,2507228.399,2507228399,999,1690,1935,0,0,FWD,17,,-1,IDLE,0
C3B93D0B,2506851,2507229.400,2507229400,1001,1689,1935,0,0,FWD,17,,-1,IDLE,0
C3B93D0B,2506852,2507230.399,2507230399,999,1683,1935,0,0,FWD,17,,-1,IDLE,0
C3B93D0B,2506853,2507231.400,2507231400,1001,1683,1935,0,0,FWD,17,,-1,IDLE,0
C3B93D0B,2506854,2507232.399,2507232399,999,1686,1935,0,0,FWD,17,,-1,IDLE,0
C3B93D0B,2506855,2507233.400,2507233400,1001,1683,1935,0,0,FWD,17,,-1,IDLE,0
C3B93D0B,2506856,2507234.399,2507234399,999,1683,1935,0,0,FWD,17,,-1,IDLE,0
C3B93D0B,2506857,2507235.400,2507235400,1001,1680,1935,0,0,FWD,17,,-1,IDLE,0
C3B93D0B,2506858,2507236.400,2507236400,1000,1680,1935,0,0,FWD,17,,-1,IDLE,0
C3B93D0B,2506859,2507237.400,2507237400,1000,1680,1935,0,0,FWD,17,,-1,IDLE,0
C3B93D0B,2506860,2507238.399,2507238399,999,1680,1935,0,0,FWD,17,,-1,IDLE,0
C3B93D0B,2506861,2507239.412,2507239412,1013,1679,1935,0,0,FWD,17,,-1,IDLE,0
C3B93D0B,2506862,2507240.399,2507240399,987,1679,1935,0,0,FWD,17,,-1,IDLE,0
C3B93D0B,2506863,2507241.400,2507241400,1001,1680,1935,0,0,FWD,17,,-1,IDLE,0
C3B93D0B,2506864,2507242.691,2507242691,1291,1677,1935,0,0,FWD,49,,-1,IDLE,0
C3B93D0B,2506865,2507243.400,2507243400,709,1677,1935,0,0,FWD,17,,-1,IDLE,0
C3B93D0B,2506866,2507244.399,2507244399,999,1676,1935,0,0,FWD,17,,-1,IDLE,0
C3B93D0B,2506867,2507245.400,2507245400,1001,1675,1935,0,0,FWD,17,,-1,IDLE,0
C3B93D0B,2506868,2507246.400,2507246400,1000,1675,1935,0,0,FWD,17,,-1,IDLE,0
C3B93D0B,2506869,2507247.400,2507247400,1000,1678,1935,0,0,FWD,17,,-1,IDLE,0
C3B93D0B,2506870,2507248.399,2507248399,999,1681,1935,0,0,FWD,17,,-1,IDLE,0
C3B93D0B,2506871,2507249.400,2507249400,1001,1680,1935,0,0,FWD,17,,-1,IDLE,0
C3B93D0B,2506872,2507250.399,2507250399,999,1680,1935,0,0,FWD,17,,-1,IDLE,0
C3B93D0B,2506873,2507251.400,2507251400,1001,1680,1935,0,0,FWD,17,,-1,IDLE,0
C3B93D0B,2506874,2507252.399,2507252399,999,1680,1935,0,0,FWD,17,,-1,IDLE,0
C3B93D0B,2506875,2507253.400,2507253400,1001,1679,1935,0,0,FWD,17,,-1,IDLE,0
C3B93D0B,2506876,2507254.399,2507254399,999,1678,1935,0,0,FWD,17,,-1,IDLE,0
C3B93D0B,2506877,2507255.400,2507255400,1001,1678,1935,0,0,FWD,17,,-1,IDLE,0
C3B93D0B,2506878,2507256.400,2507256400,1000,1678,1935,0,0,FWD,17,,-1,IDLE,0
C3B93D0B,2506879,2507257.400,2507257400,1000,1678,1935,0,0,FWD,17,,-1,IDLE,0
C3B93D0B,2506880,2507258.399,2507258399,999,1677,1935,0,0,FWD,17,,-1,IDLE,0
C3B93D0B,2506881,2507259.400,2507259400,1001,1675,1935,0,0,FWD,17,,-1,IDLE,0
C3B93D0B,2506882,2507260.399,2507260399,999,1674,1935,0,0,FWD,17,,-1,IDLE,0
C3B93D0B,2506883,2507261.400,2507261400,1001,1674,1935,0,0,FWD,17,,-1,IDLE,0
C3B93D0B,2506884,2507262.399,2507262399,999,1675,1935,0,0,FWD,17,,-1,IDLE,0
C3B93D0B,2506885,2507263.400,2507263400,1001,1670,1935,0,0,FWD,17,,-1,IDLE,0
C3B93D0B,2506886,2507264.399,2507264399,999,1673,1935,0,0,FWD,17,,-1,IDLE,0
C3B93D0B,2506887,2507265.400,2507265400,1001,1673,1935,0,0,FWD,17,,-1,IDLE,0
C3B93D0B,2506888,2507266.400,2507266400,1000,1671,1935,0,0,FWD,17,,-1,IDLE,0
C3B93D0B,2506889,2507267.400,2507267400,1000,1669,1935,0,0,FWD,17,,-1,IDLE,0
C3B93D0B,2506890,2507268.399,2507268399,999,1670,1935,0,0,FWD,17,,-1,IDLE,0
C3B93D0B,2506891,2507269.400,2507269400,1001,1673,1935,0,0,FWD,17,,-1,IDLE,0
C3B93D0B,2506892,2507270.399,2507270399,999,1671,1935,0,0,FWD,17,,-1,IDLE,0
C3B93D0B,2506893,2507271.400,2507271400,1001,1668,1935,0,0,FWD,17,,-1,IDLE,0
C3B93D0B,2506894,2507272.399,2507272399,999,1669,1935,0,0,FWD,17,,-1,IDLE,0
C3B93D0B,2506895,2507273.400,2507273400,1001,1667,1935,0,0,FWD,17,,-1,IDLE,0
C3B93D0B,2506896,2507274.399,2507274399,999,1667,1935,0,0,FWD,17,,-1,IDLE,0
C3B93D0B,2506897,2507275.400,2507275400,1001,1666,1935,0,0,FWD,17,,-1,IDLE,0
C3B93D0B,2506898,2507276.400,2507276400,1000,1666,1935,0,0,FWD,17,,-1,IDLE,0
C3B93D0B,2506899,2507277.400,2507277400,1000,1667,1935,0,0,FWD,17,,-1,IDLE,0
C3B93D0B,2506900,2507278.399,2507278399,999,1666,1935,0,0,FWD,17,,-1,IDLE,0
C3B93D0B,2506901,2507279.400,2507279400,1001,1665,1935,0,0,FWD,17,,-1,IDLE,0
C3B93D0B,2506902,2507280.399,2507280399,999,1665,1935,0,0,FWD,17,,-1,IDLE,0
C3B93D0B,2506903,2507281.400,2507281400,1001,1664,1935,0,0,FWD,17,,-1,IDLE,0
C3B93D0B,2506904,2507282.399,2507282399,999,1664,1935,0,0,FWD,17,,-1,IDLE,0
C3B93D0B,2506905,2507283.400,2507283400,1001,1664,1935,0,0,FWD,17,,-1,IDLE,0
C3B93D0B,2506906,2507284.399,2507284399,999,1665,1935,0,0,FWD,17,,-1,IDLE,0
C3B93D0B,2506907,2507285.400,2507285400,1001,1665,1935,0,0,FWD,17,,-1,IDLE,0
C3B93D0B,2506908,2507286.400,2507286400,1000,1665,1935,0,0,FWD,17,,-1,IDLE,0
C3B93D0B,2506909,2507288.205,2507288205,1805,1654,1935,0,0,FWD,49,,-1,IDLE,0
C3B93D0B,2506910,2507288.529,2507288529,324,1652,1935,0,0,FWD,17,,-1,IDLE,0
C3B93D0B,2506911,2507289.432,2507289432,903,1652,1935,0,0,FWD,17,,-1,IDLE,0
C3B93D0B,2506912,2507290.399,2507290399,967,1663,1935,0,0,FWD,17,,-1,IDLE,0
C3B93D0B,2506913,2507291.444,2507291444,1045,1650,1935,0,0,FWD,17,,-1,IDLE,0
C3B93D0B,2506914,2507292.399,2507292399,955,1655,1935,0,0,FWD,17,,-1,IDLE,0
C3B93D0B,2506915,2507293.400,2507293400,1001,1655,1935,0,0,FWD,17,,-1,IDLE,0
C3B93D0B,2506916,2507294.399,2507294399,999,1653,1935,0,0,FWD,17,,-1,IDLE,0
C3B93D0B,2506917,2507295.400,2507295400,1001,1655,1935,0,0,FWD,17,,-1,IDLE,0
C3B93D0B,2506918,2507296.400,2507296400,1000,1655,1935,0,0,FWD,17,,-1,IDLE,0
C3B93D0B,2506919,2507297.400,2507297400,1000,1654,1935,0,0,FWD,17,,-1,IDLE,0
C3B93D0B,2506920,2507298.399,2507298399,999,1657,1935,0,0,FWD,17,,-1,IDLE,0
C3B93D0B,2506921,2507299.400,2507299400,1001,1653,1935,0,0,FWD,17,,-1,IDLE,0
C3B93D0B,2506922,2507300.399,2507300399,999,1655,1935,0,0,FWD,17,,-1,IDLE,0
C3B93D0B,2506923,2507301.400,2507301400,1001,1653,1935,0,0,FWD,17,,-1,IDLE,0
C3B93D0B,2506924,2507302.399,2507302399,999,1655,1935,0,0,FWD,17,,-1,IDLE,0
C3B93D0B,2506925,2507303.400,2507303400,1001,1655,1935,0,0,FWD,17,,-1,IDLE,0
C3B93D0B,2506926,2507304.399,2507304399,999,1655,1935,0,0,FWD,17,,-1,IDLE,0
C3B93D0B,2506927,2507305.400,2507305400,1001,1656,1935,0,0,FWD,17,,-1,IDLE,0
C3B93D0B,2506928,2507306.400,2507306400,1000,1657,1935,0,0,FWD,17,,-1,IDLE,0
C3B93D0B,2506929,2507307.400,2507307400,1000,1655,1935,0,0,FWD,17,,-1,IDLE,0
C3B93D0B,2506930,2507308.399,2507308399,999,1657,1935,0,0,FWD,17,,-1,IDLE,0
C3B93D0B,2506931,2507309.400,2507309400,1001,1658,1935,0,0,FWD,17,,-1,IDLE,0
C3B93D0B,2506932,2507310.399,2507310399,999,1657,1935,0,0,FWD,17,,-1,IDLE,0
C3B93D0B,2506933,2507311.400,2507311400,1001,1658,1935,0,0,FWD,17,,-1,IDLE,0
C3B93D0B,2506934,2507312.399,2507312399,999,1659,1935,0,0,FWD,17,,-1,IDLE,0
C3B93D0B,2506935,2507313.400,2507313400,1001,1659,1935,0,0,FWD,17,,-1,IDLE,0
C3B93D0B,2506936,2507314.399,2507314399,999,1658,1935,0,0,FWD,17,,-1,IDLE,0
C3B93D0B,2506937,2507315.400,2507315400,1001,1660,1935,0,0,FWD,17,,-1,IDLE,0
C3B93D0B,2506938,2507316.400,2507316400,1000,1659,1935,0,0,FWD,17,,-1,IDLE,0
C3B93D0B,2506939,2507317.401,2507317401,1001,1661,1935,0,0,FWD,17,,-1,IDLE,0
C3B93D0B,2506940,2507318.494,2507318494,1093,1660,1935,0,0,FWD,17,,-1,IDLE,0
C3B93D0B,2506941,2507319.401,2507319401,907,1653,1935,0,0,FWD,17,,-1,IDLE,0
C3B93D0B,2506942,2507320.401,2507320401,1000,1658,1935,0,0,FWD,17,,-1,IDLE,0
C3B93D0B,2506943,2507322.534,2507322534,2133,1659,1935,0,0,FWD,49,,-1,IDLE,0
C3B93D0B,2506944,2507323.031,2507323031,497,1661,1935,0,0,FWD,17,,-1,IDLE,0
C3B93D0B,2506945,2507323.400,2507323400,369,1660,1935,0,0,FWD,17,,-1,IDLE,0
C3B93D0B,2506946,2507324.747,2507324747,1347,1663,1935,0,0,FWD,49,,-1,IDLE,0
C3B93D0B,2506947,2507325.400,2507325400,653,1662,1935,0,0,FWD,17,,-1,IDLE,0
C3B93D0B,2506948,2507326.399,2507326399,999,1663,1935,0,0,FWD,17,,-1,IDLE,0
C3B93D0B,2506949,2507327.400,2507327400,1001,1662,1935,0,0,FWD,17,,-1,IDLE,0
C3B93D0B,2506950,2507328.399,2507328399,999,1663,1935,0,0,FWD,17,,-1,IDLE,0
C3B93D0B,2506951,2507329.400,2507329400,1001,1663,1935,0,0,FWD,17,,-1,IDLE,0
C3B93D0B,2506952,2507330.400,2507330400,1000,1663,1935,0,0,FWD,17,,-1,IDLE,0
C3B93D0B,2506953,2507331.400,2507331400,1000,1663,1935,0,0,FWD,17,,-1,IDLE,0
C3B93D0B,2506954,2507332.399,2507332399,999,1666,1935,0,0,FWD,17,,-1,IDLE,0
C3B93D0B,2506955,2507333.400,2507333400,1001,1665,1935,0,0,FWD,17,,-1,IDLE,0
C3B93D0B,2506956,2507334.399,2507334399,999,1665,1935,0,0,FWD,17,,-1,IDLE,0
C3B93D0B,2506957,2507335.400,2507335400,1001,1665,1935,0,0,FWD,17,,-1,IDLE,0
C3B93D0B,2506958,2507336.399,2507336399,999,1666,1935,0,0,FWD,17,,-1,IDLE,0
C3B93D0B,2506959,2507337.400,2507337400,1001,1667,1935,0,0,FWD,17,,-1,IDLE,0
C3B93D0B,2506960,2507338.399,2507338399,999,1667,1935,0,0,FWD,17,,-1,IDLE,0
C3B93D0B,2506961,2507339.400,2507339400,1001,1667,1935,0,0,FWD,17,,-1,IDLE,0
C3B93D0B,2506962,2507340.400,2507340400,1000,1670,1935,0,0,FWD,17,,-1,IDLE,0
C3B93D0B,2506963,2507341.712,2507341712,1312,1673,1935,0,0,FWD,49,,-1,IDLE,0
C3B93D0B,2506964,2507342.399,2507342399,687,1670,1935,0,0,FWD,17,,-1,IDLE,0
C3B93D0B,2506965,2507343.400,2507343400,1001,1673,1935,0,0,FWD,17,,-1,IDLE,0
C3B93D0B,2506966,2507344.399,2507344399,999,1673,1935,0,0,FWD,17,,-1,IDLE,0
C3B93D0B,2506967,2507345.400,2507345400,1001,1673,1935,0,0,FWD,17,,-1,IDLE,0
C3B93D0B,2506968,2507346.399,2507346399,999,1675,1935,0,0,FWD,17,,-1,IDLE,0
C3B93D0B,2506969,2507347.400,2507347400,1001,1676,1935,0,0,FWD,17,,-1,IDLE,0
C3B93D0B,2506970,2507348.399,2507348399,999,1676,1935,0,0,FWD,17,,-1,IDLE,0
C3B93D0B,2506971,2507349.400,2507349400,1001,1677,1935,0,0,FWD,17,,-1,IDLE,0
C3B93D0B,2506972,2507350.400,2507350400,1000,1676,1935,0,0,FWD,17,,-1,IDLE,0
C3B93D0B,2506973,2507351.400,2507351400,1000,1677,1935,0,0,FWD,17,,-1,IDLE,0
C3B93D0B,2506974,2507352.399,2507352399,999,1679,1935,0,0,FWD,17,,-1,IDLE,0
C3B93D0B,2506975,2507353.400,2507353400,1001,1679,1935,0,0,FWD,17,,-1,IDLE,0
C3B93D0B,2506976,2507354.399,2507354399,999,1680,1935,0,0,FWD,17,,-1,IDLE,0
C3B93D0B,2506977,2507355.400,2507355400,1001,1680,1935,0,0,FWD,17,,-1,IDLE,0
C3B93D0B,2506978,2507356.399,2507356399,999,1680,1935,0,0,FWD,17,,-1,IDLE,0
C3B93D0B,2506979,2507357.400,2507357400,1001,1680,1935,0,0,FWD,17,,-1,IDLE,0
C3B93D0B,2506980,2507358.399,2507358399,999,1684,1935,0,0,FWD,17,,-1,IDLE,0
C3B93D0B,2506981,2507359.400,2507359400,1001,1681,1935,0,0,FWD,17,,-1,IDLE,0
C3B93D0B,2506982,2507360.400,2507360400,1000,1686,1935,0,0,FWD,17,,-1,IDLE,0
C3B93D0B,2506983,2507361.400,2507361400,1000,1687,1935,0,0,FWD,17,,-1,IDLE,0
C3B93D0B,2506984,2507362.399,2507362399,999,1687,1935,0,0,FWD,17,,-1,IDLE,0
C3B93D0B,2506985,2507363.400,2507363400,1001,1687,1935,0,0,FWD,17,,-1,IDLE,0
C3B93D0B,2506986,2507364.399,2507364399,999,1689,1935,0,0,FWD,17,,-1,IDLE,0
C3B93D0B,2506987,2507365.400,2507365400,1001,1690,1935,0,0,FWD,17,,-1,IDLE,0
C3B93D0B,2506988,2507366.399,2507366399,999,1691,1935,0,0,FWD,17,,-1,IDLE,0
C3B93D0B,2506989,2507367.400,2507367400,1001,1693,1935,0,0,FWD,17,,-1,IDLE,0
C3B93D0B,2506990,2507368.399,2507368399,999,1693,1935,0,0,FWD,17,,-1,IDLE,0
C3B93D0B,2506991,2507369.400,2507369400,1001,1694,1935,0,0,FWD,17,,-1,IDLE,0
C3B93D0B,2506992,2507370.400,2507370400,1000,1697,1935,0,0,FWD,17,,-1,IDLE,0
C3B93D0B,2506993,2507371.400,2507371400,1000,1695,1935,0,0,FWD,17,,-1,IDLE,0
C3B93D0B,2506994,2507372.399,2507372399,999,1697,1935,0,0,FWD,17,,-1,IDLE,0
C3B93D0B,2506995,2507373.400,2507373400,1001,1702,1935,0,0,FWD,17,,-1,IDLE,0
C3B93D0B,2506996,2507374.685,2507374685,1285,1699,1935,0,0,FWD,49,,-1,IDLE,0
C3B93D0B,2506997,2507375.425,2507375425,740,1703,1935,0,0,FWD,17,,-1,IDLE,0
C3B93D0B,2506998,2507376.399,2507376399,974,1706,1935,0,0,FWD,17,,-1,IDLE,0
C3B93D0B,2506999,2507377.400,2507377400,1001,1705,1935,0,0,FWD,17,,-1,IDLE,0
C3B93D0B,2507000,2507378.511,2507378511,1111,1707,1935,0,0,FWD,17,,-1,IDLE,0
C3B93D0B,2507001,2507379.661,2507379661,1150,1709,1935,0,0,FWD,17,,-1,IDLE,0
C3B93D0B,2507002,2507380.739,2507380739,1078,1718,1935,0,0,FWD,17,,-1,IDLE,0
C3B93D0B,2507003,2507382.287,2507382287,1548,1711,1935,0,0,FWD,49,,-1,IDLE,0
C3B93D0B,2507004,2507382.608,2507382608,321,1712,1935,0,0,FWD,17,,-1,IDLE,0
C3B93D0B,2507005,2507383.400,2507383400,792,1712,1935,0,0,FWD,17,,-1,IDLE,0
C3B93D0B,2507006,2507384.399,2507384399,999,1712,1935,0,0,FWD,17,,-1,IDLE,0
C3B93D0B,2507007,2507385.400,2507385400,1001,1712,1935,0,0,FWD,17,,-1,IDLE,0
C3B93D0B,2507008,2507386.447,2507386447,1047,1717,1935,0,0,FWD,17,,-1,IDLE,0
C3B93D0B,2507009,2507387.400,2507387400,953,1718,1935,0,0,FWD,17,,-1,IDLE,0
C3B93D0B,2507010,2507388.399,2507388399,999,1719,1935,0,0,FWD,17,,-1,IDLE,0
C3B93D0B,2507011,2507389.400,2507389400,1001,1719,1935,0,0,FWD,17,,-1,IDLE,0
C3B93D0B,2507012,2507390.399,2507390399,999,1722,1935,0,0,FWD,17,,-1,IDLE,0
C3B93D0B,2507013,2507391.401,2507391401,1002,1724,1935,0,0,FWD,17,,-1,IDLE,0
C3B93D0B,2507014,2507392.399,2507392399,998,1725,1935,0,0,FWD,17,,-1,IDLE,0
C3B93D0B,2507015,2507393.400,2507393400,1001,1726,1935,0,0,FWD,17,,-1,IDLE,0
C3B93D0B,2507016,2507394.399,2507394399,999,1728,1935,0,0,FWD,17,,-1,IDLE,0
C3B93D0B,2507017,2507395.400,2507395400,1001,1729,1935,0,0,FWD,17,,-1,IDLE,0
C3B93D0B,2507018,2507396.590,2507396590,1190,1729,1935,0,0,FWD,17,,-1,IDLE,0
C3B93D0B,2507019,2507397.400,2507397400,810,1733,1935,0,0,FWD,17,,-1,IDLE,0
C3B93D0B,2507020,2507398.399,2507398399,999,1733,1935,0,0,FWD,17,,-1,IDLE,0
C3B93D0B,2507021,2507399.400,2507399400,1001,1733,1935,0,0,FWD,17,,-1,IDLE,0
C3B93D0B,2507022,2507400.399,2507400399,999,1739,1935,0,0,FWD,17,,-1,IDLE,0
C3B93D0B,2507023,2507401.401,2507401401,1002,1736,1935,0,0,FWD,17,,-1,IDLE,0
C3B93D0B,2507024,2507402.399,2507402399,998,1740,1935,0,0,FWD,17,,-1,IDLE,0
C3B93D0B,2507025,2507403.400,2507403400,1001,1741,1935,0,0,FWD,17,,-1,IDLE,0
C3B93D0B,2507026,2507404.399,2507404399,999,1744,1935,0,0,FWD,17,,-1,IDLE,0
C3B93D0B,2507027,2507405.400,2507405400,1001,1744,1935,0,0,FWD,17,,-1,IDLE,0
C3B93D0B,2507028,2507406.399,2507406399,999,1744,1935,0,0,FWD,17,,-1,IDLE,0
C3B93D0B,2507029,2507407.400,2507407400,1001,1746,1935,0,0,FWD,17,,-1,IDLE,0
C3B93D0B,2507030,2507408.399,2507408399,999,1747,1935,0,0,FWD,17,,-1,IDLE,0
C3B93D0B,2507031,2507409.400,2507409400,1001,1748,1935,0,0,FWD,17,,-1,IDLE,0
C3B93D0B,2507032,2507410.399,2507410399,999,1753,1935,0,0,FWD,17,,-1,IDLE,0
C3B93D0B,2507033,2507411.401,2507411401,1002,1754,1935,0,0,FWD,17,,-1,IDLE,0
C3B93D0B,2507034,2507412.399,2507412399,998,1755,1935,0,0,FWD,17,,-1,IDLE,0
C3B93D0B,2507035,2507413.400,2507413400,1001,1759,1935,0,0,FWD,17,,-1,IDLE,0
C3B93D0B,2507036,2507414.399,2507414399,999,1759,1935,0,0,FWD,17,,-1,IDLE,0
C3B93D0B,2507037,2507415.400,2507415400,1001,1759,1935,0,0,FWD,17,,-1,IDLE,0
C3B93D0B,2507038,2507416.399,2507416399,999,1763,1935,0,0,FWD,17,,-1,IDLE,0
C3B93D0B,2507039,2507417.400,2507417400,1001,1764,1935,0,0,FWD,17,,-1,IDLE,0
C3B93D0B,2507040,2507418.399,2507418399,999,1764,1935,0,0,FWD,17,,-1,IDLE,0
C3B93D0B,2507041,2507419.400,2507419400,1001,1764,1935,0,0,FWD,17,,-1,IDLE,0
C3B93D0B,2507042,2507420.399,2507420399,999,1768,1935,0,0,FWD,17,,-1,IDLE,0
C3B93D0B,2507043,2507421.401,2507421401,1002,1771,1935,0,0,FWD,17,,-1,IDLE,0
C3B93D0B,2507044,2507422.400,2507422400,999,1770,1935,0,0,FWD,17,,-1,IDLE,0
C3B93D0B,2507045,2507423.400,2507423400,1000,1775,1935,0,0,FWD,17,,-1,IDLE,0
C3B93D0B,2507046,2507424.399,2507424399,999,1775,1935,0,0,FWD,17,,-1,IDLE,0
C3B93D0B,2507047,2507425.400,2507425400,1001,1776,1935,0,0,FWD,17,,-1,IDLE,0
C3B93D0B,2507048,2507426.399,2507426399,999,1776,1935,0,0,FWD,17,,-1,IDLE,0
C3B93D0B,2507049,2507427.400,2507427400,1001,1778,1935,0,0,FWD,17,,-1,IDLE,0
C3B93D0B,2507050,2507428.399,2507428399,999,1779,1935,0,0,FWD,17,,-1,IDLE,0
C3B93D0B,2507051,2507429.400,2507429400,1001,1782,1935,0,0,FWD,17,,-1,IDLE,0
C3B93D0B,2507052,2507430.399,2507430399,999,1783,1935,0,0,FWD,17,,-1,IDLE,0
C3B93D0B,2507053,2507431.401,2507431401,1002,1783,1935,0,0,FWD,17,,-1,IDLE,0
C3B93D0B,2507054,2507432.399,2507432399,998,1789,1935,0,0,FWD,17,,-1,IDLE,0
C3B93D0B,2507055,2507433.400,2507433400,1001,1789,1935,0,0,FWD,17,,-1,IDLE,0
C3B93D0B,2507056,2507434.399,2507434399,999,1789,1935,0,0,FWD,17,,-1,IDLE,0
C3B93D0B,2507057,2507435.400,2507435400,1001,1791,1935,0,0,FWD,17,,-1,IDLE,0
C3B93D0B,2507058,2507436.399,2507436399,999,1793,1935,0,0,FWD,17,,-1,IDLE,0
C3B93D0B,2507059,2507437.408,2507437408,1009,1794,1935,0,0,FWD,17,,-1,IDLE,0
C3B93D0B,2507060,2507438.595,2507438595,1187,1795,1935,0,0,FWD,17,,-1,IDLE,0
C3B93D0B,2507061,2507439.400,2507439400,805,1797,1935,0,0,FWD,17,,-1,IDLE,0
C3B93D0B,2507062,2507440.399,2507440399,999,1798,1935,0,0,FWD,17,,-1,IDLE,0
C3B93D0B,2507063,2507441.401,2507441401,1002,1802,1935,0,0,FWD,17,,-1,IDLE,0
C3B93D0B,2507064,2507442.533,2507442533,1132,1801,1935,0,0,FWD,17,,-1,IDLE,0
C3B93D0B,2507065,2507444.239,2507444239,1706,1815,1935,0,0,FWD,49,,-1,IDLE,0
C3B93D0B,2507066,2507444.571,2507444571,332,1814,1935,0,0,FWD,17,,-1,IDLE,0
C3B93D0B,2507067,2507445.400,2507445400,829,1813,1935,0,0,FWD,17,,-1,IDLE,0
C3B93D0B,2507068,2507446.399,2507446399,999,1817,1935,0,0,FWD,17,,-1,IDLE,0
C3B93D0B,2507069,2507447.400,2507447400,1001,1815,1935,0,0,FWD,17,,-1,IDLE,0
C3B93D0B,2507070,2507448.399,2507448399,999,1822,1935,0,0,FWD,17,,-1,IDLE,0
C3B93D0B,2507071,2507449.400,2507449400,1001,1821,1935,0,0,FWD,17,,-1,IDLE,0
C3B93D0B,2507072,2507450.399,2507450399,999,1823,1935,0,0,FWD,17,,-1,IDLE,0
C3B93D0B,2507073,2507451.401,2507451401,1002,1824,1935,0,0,FWD,17,,-1,IDLE,0
C3B93D0B,2507074,2507452.399,2507452399,998,1825,1935,0,0,FWD,17,,-1,IDLE,0
C3B93D0B,2507075,2507453.400,2507453400,1001,1827,1935,0,0,FWD,17,,-1,IDLE,0
C3B93D0B,2507076,2507454.399,2507454399,999,1830,1935,0,0,FWD,17,,-1,IDLE,0
C3B93D0B,2507077,2507455.400,2507455400,1001,1830,1935,0,0,FWD,17,,-1,IDLE,0
C3B93D0B,2507078,2507456.399,2507456399,999,1831,1935,0,0,FWD,17,,-1,IDLE,0
C3B93D0B,2507079,2507457.400,2507457400,1001,1833,1935,0,0,FWD,17,,-1,IDLE,0
C3B93D0B,2507080,2507458.399,2507458399,999,1834,1935,0,0,FWD,17,,-1,IDLE,0
C3B93D0B,2507081,2507459.400,2507459400,1001,1839,1935,0,0,FWD,17,,-1,IDLE,0
C3B93D0B,2507082,2507460.399,2507460399,999,1839,1935,0,0,FWD,17,,-1,IDLE,0
C3B93D0B,2507083,2507461.401,2507461401,1002,1840,1935,0,0,FWD,17,,-1,IDLE,0
C3B93D0B,2507084,2507462.399,2507462399,998,1840,1935,0,0,FWD,17,,-1,IDLE,0
C3B93D0B,2507085,2507463.400,2507463400,1001,1840,1935,0,0,FWD,17,,-1,IDLE,0
C3B93D0B,2507086,2507464.399,2507464399,999,1841,1935,0,0,FWD,17,,-1,IDLE,0
C3B93D0B,2507087,2507465.400,2507465400,1001,1843,1935,0,0,FWD,17,,-1,IDLE,0
C3B93D0B,2507088,2507466.399,2507466399,999,1842,1935,0,0,FWD,17,,-1,IDLE,0
C3B93D0B,2507089,2507467.400,2507467400,1001,1843,1935,0,0,FWD,17,,-1,IDLE,0
C3B93D0B,2507090,2507468.399,2507468399,999,1846,1935,0,0,FWD,17,,-1,IDLE,0
C3B93D0B,2507091,2507469.400,2507469400,1001,1847,1935,0,0,FWD,17,,-1,IDLE,0
C3B93D0B,2507092,2507470.399,2507470399,999,1851,1935,0,0,FWD,17,,-1,IDLE,0
C3B93D0B,2507093,2507471.401,2507471401,1002,1851,1935,0,0,FWD,17,,-1,IDLE,0
C3B93D0B,2507094,2507472.399,2507472399,998,1852,1935,0,0,FWD,17,,-1,IDLE,0
C3B93D0B,2507095,2507473.400,2507473400,1001,1855,1935,0,0,FWD,17,,-1,IDLE,0
C3B93D0B,2507096,2507474.399,2507474399,999,1855,1935,0,0,FWD,17,,-1,IDLE,0
C3B93D0B,2507097,2507475.400,2507475400,1001,1856,1935,0,0,FWD,17,,-1,IDLE,0
C3B93D0B,2507098,2507476.399,2507476399,999,1856,1935,0,0,FWD,17,,-1,IDLE,0
C3B93D0B,2507099,2507477.400,2507477400,1001,1856,1935,0,0,FWD,17,,-1,IDLE,0
C3B93D0B,2507100,2507478.399,2507478399,999,1857,1935,0,0,FWD,17,,-1,IDLE,0
C3B93D0B,2507101,2507479.400,2507479400,1001,1859,1935,0,0,FWD,17,,-1,IDLE,0
C3B93D0B,2507102,2507480.399,2507480399,999,1859,1935,0,0,FWD,17,,-1,IDLE,0
C3B93D0B,2507103,2507481.401,2507481401,1002,1862,1935,0,0,FWD,17,,-1,IDLE,0
C3B93D0B,2507104,2507483.247,2507483247,1846,1852,1935,0,0,FWD,49,,-1,IDLE,0
C3B93D0B,2507105,2507483.567,2507483567,320,1854,1935,0,0,FWD,17,,-1,IDLE,0
C3B93D0B,2507106,2507484.404,2507484404,837,1853,1935,0,0,FWD,17,,-1,IDLE,0
C3B93D0B,2507107,2507485.399,2507485399,995,1857,1935,0,0,FWD,17,,-1,IDLE,0
C3B93D0B,2507108,2507486.496,2507486496,1097,1857,1935,0,0,FWD,17,,-1,IDLE,0
C3B93D0B,2507109,2507487.399,2507487399,903,1861,1935,0,0,FWD,17,,-1,IDLE,0
C3B93D0B,2507110,2507488.400,2507488400,1001,1860,1935,0,0,FWD,17,,-1,IDLE,0
C3B93D0B,2507111,2507489.399,2507489399,999,1861,1935,0,0,FWD,17,,-1,IDLE,0
C3B93D0B,2507112,2507490.400,2507490400,1001,1863,1935,0,0,FWD,17,,-1,IDLE,0
C3B93D0B,2507113,2507491.400,2507491400,1000,1863,1935,0,0,FWD,17,,-1,IDLE,0
C3B93D0B,2507114,2507492.400,2507492400,1000,1865,1935,0,0,FWD,17,,-1,IDLE,0
C3B93D0B,2507115,2507493.399,2507493399,999,1867,1935,0,0,FWD,17,,-1,IDLE,0
C3B93D0B,2507116,2507494.400,2507494400,1001,1869,1935,0,0,FWD,17,,-1,IDLE,0
C3B93D0B,2507117,2507495.399,2507495399,999,1871,1935,0,0,FWD,17,,-1,IDLE,0
C3B93D0B,2507118,2507496.400,2507496400,1001,1871,1935,0,0,FWD,17,,-1,IDLE,0
C3B93D0B,2507119,2507497.399,2507497399,999,1871,1935,0,0,FWD,17,,-1,IDLE,0
C3B93D0B,2507120,2507498.400,2507498400,1001,1872,1935,0,0,FWD,17,,-1,IDLE,0
C3B93D0B,2507121,2507499.399,2507499399,999,1872,1935,0,0,FWD,17,,-1,IDLE,0
C3B93D0B,2507122,2507500.400,2507500400,1001,1872,1935,0,0,FWD,17,,-1,IDLE,0
C3B93D0B,2507123,2507501.400,2507501400,1000,1872,1935,0,0,FWD,17,,-1,IDLE,0
C3B93D0B,2507124,2507502.400,2507502400,1000,1874,1935,0,0,FWD,17,,-1,IDLE,0
C3B93D0B,2507125,2507503.399,2507503399,999,1873,1935,0,0,FWD,17,,-1,IDLE,0
C3B93D0B,2507126,2507504.400,2507504400,1001,1873,1935,0,0,FWD,17,,-1,IDLE,0
C3B93D0B,2507127,2507505.399,2507505399,999,1878,1935,0,0,FWD,17,,-1,IDLE,0
C3B93D0B,2507128,2507506.400,2507506400,1001,1879,1935,0,0,FWD,17,,-1,IDLE,0
C3B93D0B,2507129,2507507.399,2507507399,999,1879,1935,0,0,FWD,17,,-1,IDLE,0
C3B93D0B,2507130,2507508.400,2507508400,1001,1878,1935,0,0,FWD,17,,-1,IDLE,0
C3B93D0B,2507131,2507509.399,2507509399,999,1879,1935,0,0,FWD,17,,-1,IDLE,0
C3B93D0B,2507132,2507510.400,2507510400,1001,1879,1935,0,0,FWD,17,,-1,IDLE,0
C3B93D0B,2507133,2507511.400,2507511400,1000,1882,1935,0,0,FWD,17,,-1,IDLE,0
C3B93D0B,2507134,2507512.402,2507512402,1002,1881,1935,0,0,FWD,17,,-1,IDLE,0
C3B93D0B,2507135,2507513.402,2507513402,1000,1882,1935,0,0,FWD,17,,-1,IDLE,0
C3B93D0B,2507136,2507514.400,2507514400,998,1883,1935,0,0,FWD,17,,-1,IDLE,0
C3B93D0B,2507137,2507515.399,2507515399,999,1885,1935,0,0,FWD,17,,-1,IDLE,0
C3B93D0B,2507138,2507516.400,2507516400,1001,1886,1935,0,0,FWD,17,,-1,IDLE,0
C3B93D0B,2507139,2507517.399,2507517399,999,1887,1935,0,0,FWD,17,,-1,IDLE,0
C3B93D0B,2507140,2507518.400,2507518400,1001,1886,1935,0,0,FWD,17,,-1,IDLE,0
C3B93D0B,2507141,2507519.399,2507519399,999,1887,1935,0,0,FWD,17,,-1,IDLE,0
C3B93D0B,2507142,2507520.400,2507520400,1001,1887,1935,0,0,FWD,17,,-1,IDLE,0
C3B93D0B,2507143,2507521.399,2507521399,999,1887,1935,0,0,FWD,17,,-1,IDLE,0
C3B93D0B,2507144,2507522.401,2507522401,1002,1890,1935,0,0,FWD,17,,-1,IDLE,0
C3B93D0B,2507145,2507523.399,2507523399,998,1889,1935,0,0,FWD,17,,-1,IDLE,0
C3B93D0B,2507146,2507524.400,2507524400,1001,1889,1935,0,0,FWD,17,,-1,IDLE,0
C3B93D0B,2507147,2507525.399,2507525399,999,1891,1935,0,0,FWD,17,,-1,IDLE,0
C3B93D0B,2507148,2507526.400,2507526400,1001,1891,1935,0,0,FWD,17,,-1,IDLE,0
C3B93D0B,2507149,2507527.399,2507527399,999,1891,1935,0,0,FWD,17,,-1,IDLE,0
C3B93D0B,2507150,2507528.400,2507528400,1001,1891,1935,0,0,FWD,17,,-1,IDLE,0
C3B93D0B,2507151,2507529.399,2507529399,999,1894,1935,0,0,FWD,17,,-1,IDLE,0
C3B93D0B,2507152,2507530.400,2507530400,1001,1893,1935,0,0,FWD,17,,-1,IDLE,0
C3B93D0B,2507153,2507531.399,2507531399,999,1895,1935,0,0,FWD,17,,-1,IDLE,0
C3B93D0B,2507154,2507532.401,2507532401,1002,1894,1935,0,0,FWD,17,,-1,IDLE,0
C3B93D0B,2507155,2507533.400,2507533400,999,1898,1935,0,0,FWD,17,,-1,IDLE,0
C3B93D0B,2507156,2507534.400,2507534400,1000,1896,1935,0,0,FWD,17,,-1,IDLE,0
C3B93D0B,2507157,2507535.399,2507535399,999,1898,1935,0,0,FWD,17,,-1,IDLE,0
C3B93D0B,2507158,2507536.400,2507536400,1001,1893,1935,0,0,FWD,17,,-1,IDLE,0
C3B93D0B,2507159,2507537.399,2507537399,999,1899,1935,0,0,FWD,17,,-1,IDLE,0
C3B93D0B,2507160,2507538.400,2507538400,1001,1900,1935,0,0,FWD,17,,-1,IDLE,0
C3B93D0B,2507161,2507539.399,2507539399,999,1899,1935,0,0,FWD,17,,-1,IDLE,0
C3B93D0B,2507162,2507540.400,2507540400,1001,1901,1935,0,0,FWD,17,,-1,IDLE,0
C3B93D0B,2507163,2507541.399,2507541399,999,1899,1935,0,0,FWD,17,,-1,IDLE,0
C3B93D0B,2507164,2507542.401,2507542401,1002,1901,1935,0,0,FWD,17,,-1,IDLE,0
C3B93D0B,2507165,2507543.399,2507543399,998,1901,1935,0,0,FWD,17,,-1,IDLE,0
C3B93D0B,2507166,2507544.400,2507544400,1001,1903,1935,0,0,FWD,17,,-1,IDLE,0
C3B93D0B,2507167,2507545.399,2507545399,999,1901,1935,0,0,FWD,17,,-1,IDLE,0
C3B93D0B,2507168,2507546.405,2507546405,1006,1902,1935,0,0,FWD,17,,-1,IDLE,0
C3B93D0B,2507169,2507547.399,2507547399,994,1903,1935,0,0,FWD,17,,-1,IDLE,0
C3B93D0B,2507170,2507548.400,2507548400,1001,1904,1935,0,0,FWD,17,,-1,IDLE,0
C3B93D0B,2507171,2507549.399,2507549399,999,1904,1935,0,0,FWD,17,,-1,IDLE,0
C3B93D0B,2507172,2507550.400,2507550400,1001,1903,1935,0,0,FWD,17,,-1,IDLE,0
C3B93D0B,2507173,2507551.399,2507551399,999,1903,1935,0,0,FWD,17,,-1,IDLE,0
C3B93D0B,2507174,2507552.401,2507552401,1002,1903,1935,0,0,FWD,17,,-1,IDLE,0
C3B93D0B,2507175,2507553.399,2507553399,998,1904,1935,0,0,FWD,17,,-1,IDLE,0
C3B93D0B,2507176,2507554.400,2507554400,1001,1903,1935,0,0,FWD,17,,-1,IDLE,0
C3B93D0B,2507177,2507555.399,2507555399,999,1904,1935,0,0,FWD,17,,-1,IDLE,0
C3B93D0B,2507178,2507556.400,2507556400,1001,1904,1935,0,0,FWD,17,,-1,IDLE,0
C3B93D0B,2507179,2507557.399,2507557399,999,1904,1935,0,0,FWD,17,,-1,IDLE,0
C3B93D0B,2507180,2507558.400,2507558400,1001,1905,1935,0,0,FWD,17,,-1,IDLE,0
C3B93D0B,2507181,2507559.399,2507559399,999,1904,1935,0,0,FWD,17,,-1,IDLE,0
C3B93D0B,2507182,2507560.400,2507560400,1001,1904,1935,0,0,FWD,17,,-1,IDLE,0
C3B93D0B,2507183,2507561.399,2507561399,999,1905,1935,0,0,FWD,17,,-1,IDLE,0
C3B93D0B,2507184,2507562.401,2507562401,1002,1904,1935,0,0,FWD,17,,-1,IDLE,0
C3B93D0B,2507185,2507563.399,2507563399,998,1904,1935,0,0,FWD,17,,-1,IDLE,0
C3B93D0B,2507186,2507564.400,2507564400,1001,1905,1935,0,0,FWD,17,,-1,IDLE,0
C3B93D0B,2507187,2507565.399,2507565399,999,1905,1935,0,0,FWD,17,,-1,IDLE,0
C3B93D0B,2507188,2507566.400,2507566400,1001,1905,1935,0,0,FWD,17,,-1,IDLE,0
C3B93D0B,2507189,2507567.399,2507567399,999,1906,1935,0,0,FWD,17,,-1,IDLE,0
C3B93D0B,2507190,2507568.400,2507568400,1001,1905,1935,0,0,FWD,17,,-1,IDLE,0
C3B93D0B,2507191,2507569.399,2507569399,999,1905,1935,0,0,FWD,17,,-1,IDLE,0
C3B93D0B,2507192,2507570.400,2507570400,1001,1905,1935,0,0,FWD,17,,-1,IDLE,0
C3B93D0B,2507193,2507571.399,2507571399,999,1907,1935,0,0,FWD,17,,-1,IDLE,0
C3B93D0B,2507194,2507572.401,2507572401,1002,1907,1935,0,0,FWD,17,,-1,IDLE,0
C3B93D0B,2507195,2507573.399,2507573399,998,1906,1935,0,0,FWD,17,,-1,IDLE,0
C3B93D0B,2507196,2507574.400,2507574400,1001,1905,1935,0,0,FWD,17,,-1,IDLE,0
C3B93D0B,2507197,2507575.399,2507575399,999,1907,1935,0,0,FWD,17,,-1,IDLE,0
C3B93D0B,2507198,2507576.400,2507576400,1001,1907,1935,0,0,FWD,17,,-1,IDLE,0
C3B93D0B,2507199,2507577.399,2507577399,999,1909,1935,0,0,FWD,17,,-1,IDLE,0
C3B93D0B,2507200,2507578.400,2507578400,1001,1907,1935,0,0,FWD,17,,-1,IDLE,0
C3B93D0B,2507201,2507579.399,2507579399,999,1906,1935,0,0,FWD,17,,-1,IDLE,0
C3B93D0B,2507202,2507580.400,2507580400,1001,1909,1935,0,0,FWD,17,,-1,IDLE,0
C3B93D0B,2507203,2507581.399,2507581399,999,1909,1935,0,0,FWD,17,,-1,IDLE,0
C3B93D0B,2507204,2507582.401,2507582401,1002,1907,1935,0,0,FWD,17,,-1,IDLE,0
C3B93D0B,2507205,2507583.744,2507583744,1343,1907,1935,0,0,FWD,49,,-1,IDLE,0
C3B93D0B,2507206,2507584.399,2507584399,655,1904,1935,0,0,FWD,17,,-1,IDLE,0
C3B93D0B,2507207,2507585.400,2507585400,1001,1904,1935,0,0,FWD,17,,-1,IDLE,0
C3B93D0B,2507208,2507586.428,2507586428,1028,1906,1935,0,0,FWD,17,,-1,IDLE,0
C3B93D0B,2507209,2507587.400,2507587400,972,1909,1935,0,0,FWD,17,,-1,IDLE,0
C3B93D0B,2507210,2507588.399,2507588399,999,1910,1935,0,0,FWD,17,,-1,IDLE,0
C3B93D0B,2507211,2507589.400,2507589400,1001,1910,1935,0,0,FWD,17,,-1,IDLE,0
C3B93D0B,2507212,2507590.399,2507590399,999,1907,1935,0,0,FWD,17,,-1,IDLE,0
C3B93D0B,2507213,2507591.400,2507591400,1001,1908,1935,0,0,FWD,17,,-1,IDLE,0
C3B93D0B,2507214,2507592.400,2507592400,1000,1909,1935,0,0,FWD,17,,-1,IDLE,0
C3B93D0B,2507215,2507593.400,2507593400,1000,1907,1935,0,0,FWD,17,,-1,IDLE,0
C3B93D0B,2507216,2507594.399,2507594399,999,1909,1935,0,0,FWD,17,,-1,IDLE,0
C3B93D0B,2507217,2507595.400,2507595400,1001,1908,1935,0,0,FWD,17,,-1,IDLE,0
C3B93D0B,2507218,2507596.399,2507596399,999,1910,1935,0,0,FWD,17,,-1,IDLE,0
C3B93D0B,2507219,2507597.400,2507597400,1001,1907,1935,0,0,FWD,17,,-1,IDLE,0
C3B93D0B,2507220,2507598.399,2507598399,999,1910,1935,0,0,FWD,17,,-1,IDLE,0
C3B93D0B,2507221,2507599.400,2507599400,1001,1909,1935,0,0,FWD,17,,-1,IDLE,0
C3B93D0B,2507222,2507600.399,2507600399,999,1909,1935,0,0,FWD,17,,-1,IDLE,0
C3B93D0B,2507223,2507601.400,2507601400,1001,1908,1935,0,0,FWD,17,,-1,IDLE,0
C3B93D0B,2507224,2507602.400,2507602400,1000,1909,1935,0,0,FWD,17,,-1,IDLE,0
C3B93D0B,2507225,2507603.400,2507603400,1000,1909,1935,0,0,FWD,17,,-1,IDLE,0
C3B93D0B,2507226,2507604.399,2507604399,999,1913,1935,0,0,FWD,17,,-1,IDLE,0
C3B93D0B,2507227,2507605.400,2507605400,1001,1910,1935,0,0,FWD,17,,-1,IDLE,0
C3B93D0B,2507228,2507606.399,2507606399,999,1910,1935,0,0,FWD,17,,-1,IDLE,0
C3B93D0B,2507229,2507607.400,2507607400,1001,1910,1935,0,0,FWD,17,,-1,IDLE,0
C3B93D0B,2507230,2507608.399,2507608399,999,1911,1935,0,0,FWD,17,,-1,IDLE,0
C3B93D0B,2507231,2507609.400,2507609400,1001,1909,1935,0,0,FWD,17,,-1,IDLE,0
C3B93D0B,2507232,2507610.399,2507610399,999,1910,1935,0,0,FWD,17,,-1,IDLE,0
C3B93D0B,2507233,2507611.400,2507611400,1001,1911,1935,0,0,FWD,17,,-1,IDLE,0
C3B93D0B,2507234,2507612.400,2507612400,1000,1909,1935,0,0,FWD,17,,-1,IDLE,0
C3B93D0B,2507235,2507613.400,2507613400,1000,1909,1935,0,0,FWD,17,,-1,IDLE,0
C3B93D0B,2507236,2507614.399,2507614399,999,1908,1935,0,0,FWD,17,,-1,IDLE,0
C3B93D0B,2507237,2507615.400,2507615400,1001,1909,1935,0,0,FWD,17,,-1,IDLE,0
C3B93D0B,2507238,2507616.399,2507616399,999,1910,1935,0,0,FWD,17,,-1,IDLE,0
C3B93D0B,2507239,2507617.400,2507617400,1001,1909,1935,0,0,FWD,17,,-1,IDLE,0
C3B93D0B,2507240,2507618.399,2507618399,999,1907,1935,0,0,FWD,17,,-1,IDLE,0
C3B93D0B,2507241,2507619.400,2507619400,1001,1913,1935,0,0,FWD,17,,-1,IDLE,0
C3B93D0B,2507242,2507620.399,2507620399,999,1911,1935,0,0,FWD,17,,-1,IDLE,0
C3B93D0B,2507243,2507621.400,2507621400,1001,1907,1935,0,0,FWD,17,,-1,IDLE,0
C3B93D0B,2507244,2507622.400,2507622400,1000,1911,1935,0,0,FWD,17,,-1,IDLE,0
C3B93D0B,2507245,2507623.400,2507623400,1000,1908,1935,0,0,FWD,17,,-1,IDLE,0
C3B93D0B,2507246,2507624.399,2507624399,999,1911,1935,0,0,FWD,17,,-1,IDLE,0
C3B93D0B,2507247,2507625.400,2507625400,1001,1909,1935,0,0,FWD,17,,-1,IDLE,0
C3B93D0B,2507248,2507626.399,2507626399,999,1909,1935,0,0,FWD,17,,-1,IDLE,0
C3B93D0B,2507249,2507627.400,2507627400,1001,1909,1935,0,0,FWD,17,,-1,IDLE,0
C3B93D0B,2507250,2507628.399,2507628399,999,1909,1935,0,0,FWD,17,,-1,IDLE,0
C3B93D0B,2507251,2507629.400,2507629400,1001,1911,1935,0,0,FWD,17,,-1,IDLE,0
C3B93D0B,2507252,2507630.399,2507630399,999,1910,1935,0,0,FWD,17,,-1,IDLE,0
C3B93D0B,2507253,2507631.400,2507631400,1001,1910,1935,0,0,FWD,17,,-1,IDLE,0
C3B93D0B,2507254,2507632.400,2507632400,1000,1908,1935,0,0,FWD,17,,-1,IDLE,0
C3B93D0B,2507255,2507633.400,2507633400,1000,1911,1935,0,0,FWD,17,,-1,IDLE,0
C3B93D0B,2507256,2507634.399,2507634399,999,1911,1935,0,0,FWD,17,,-1,IDLE,0
C3B93D0B,2507257,2507635.400,2507635400,1001,1911,1935,0,0,FWD,17,,-1,IDLE,0
C3B93D0B,2507258,2507636.399,2507636399,999,1908,1935,0,0,FWD,17,,-1,IDLE,0
C3B93D0B,2507259,2507637.400,2507637400,1001,1909,1935,0,0,FWD,17,,-1,IDLE,0
C3B93D0B,2507260,2507638.399,2507638399,999,1908,1935,0,0,FWD,17,,-1,IDLE,0
C3B93D0B,2507261,2507639.400,2507639400,1001,1904,1935,0,0,FWD,17,,-1,IDLE,0
C3B93D0B,2507262,2507640.399,2507640399,999,1911,1935,0,0,FWD,17,,-1,IDLE,0
C3B93D0B,2507263,2507641.400,2507641400,1001,1909,1935,0,0,FWD,17,,-1,IDLE,0
C3B93D0B,2507264,2507642.533,2507642533,1133,1920,1935,0,0,FWD,17,,-1,IDLE,0
C3B93D0B,2507265,2507643.669,2507643669,1136,1910,1935,0,0,FWD,17,,-1,IDLE,0
C3B93D0B,2507266,2507644.399,2507644399,730,1909,1935,0,0,FWD,17,,-1,IDLE,0
C3B93D0B,2507267,2507645.400,2507645400,1001,1909,1935,0,0,FWD,17,,-1,IDLE,0
C3B93D0B,2507268,2507646.576,2507646576,1176,1907,1935,0,0,FWD,17,,-1,IDLE,0
C3B93D0B,2507269,2507647.400,2507647400,824,1910,1935,0,0,FWD,17,,-1,IDLE,0
C3B93D0B,2507270,2507648.399,2507648399,999,1909,1935,0,0,FWD,17,,-1,IDLE,0
C3B93D0B,2507271,2507649.400,2507649400,1001,1909,1935,0,0,FWD,17,,-1,IDLE,0
C3B93D0B,2507272,2507650.399,2507650399,999,1907,1935,0,0,FWD,17,,-1,IDLE,0
C3B93D0B,2507273,2507651.400,2507651400,1001,1908,1935,0,0,FWD,17,,-1,IDLE,0
C3B93D0B,2507274,2507652.400,2507652400,1000,1907,1935,0,0,FWD,17,,-1,IDLE,0
C3B93D0B,2507275,2507654.139,2507654139,1739,1921,1935,0,0,FWD,49,,-1,IDLE,0
C3B93D0B,2507276,2507654.473,2507654473,334,1921,1935,0,0,FWD,17,,-1,IDLE,0
C3B93D0B,2507277,2507655.400,2507655400,927,1920,1935,0,0,FWD,17,,-1,IDLE,0
C3B93D0B,2507278,2507656.399,2507656399,999,1920,1935,0,0,FWD,17,,-1,IDLE,0
C3B93D0B,2507279,2507657.400,2507657400,1001,1920,1935,0,0,FWD,17,,-1,IDLE,0
C3B93D0B,2507280,2507658.399,2507658399,999,1920,1935,0,0,FWD,17,,-1,IDLE,0
C3B93D0B,2507281,2507659.400,2507659400,1001,1920,1935,0,0,FWD,17,,-1,IDLE,0
C3B93D0B,2507282,2507660.399,2507660399,999,1919,1935,0,0,FWD,17,,-1,IDLE,0
C3B93D0B,2507283,2507661.400,2507661400,1001,1919,1935,0,0,FWD,17,,-1,IDLE,0
C3B93D0B,2507284,2507662.400,2507662400,1000,1920,1935,0,0,FWD,17,,-1,IDLE,0
C3B93D0B,2507285,2507663.400,2507663400,1000,1920,1935,0,0,FWD,1,,-1,IDLE,0
C3B93D0B,2507286,2507664.399,2507664399,999,1918,1935,0,0,FWD,1,,-1,IDLE,0
C3B93D0B,2507287,2507665.399,2507665399,1000,1920,1935,0,0,FWD,1,,-1,IDLE,0
C3B93D0B,2507288,2507666.399,2507666399,1000,1919,1935,0,0,FWD,1,,-1,IDLE,0
C3B93D0B,2507289,2507667.399,2507667399,1000,1918,1935,0,0,FWD,1,,-1,IDLE,0
C3B93D0B,2507290,2507668.399,2507668399,1000,1919,1935,0,0,FWD,1,,-1,IDLE,0
C3B93D0B,2507291,2507669.399,2507669399,1000,1918,1935,0,0,FWD,1,,-1,IDLE,0
C3B93D0B,2507292,2507670.399,2507670399,1000,1920,1935,0,0,FWD,1,,-1,IDLE,0
C3B93D0B,2507293,2507671.399,2507671399,1000,1918,1935,0,0,FWD,1,,-1,IDLE,0
C3B93D0B,2507294,2507672.400,2507672400,1001,1918,1935,0,0,FWD,1,,-1,IDLE,0
C3B93D0B,2507295,2507674.163,2507674163,1763,1904,1935,0,0,FWD,33,,-1,IDLE,0
C3B93D0B,2507296,2507674.729,2507674729,566,1904,1935,0,0,FWD,1,,-1,IDLE,0
C3B93D0B,2507297,2507675.399,2507675399,670,1906,1935,0,0,FWD,1,,-1,IDLE,0
C3B93D0B,2507298,2507676.399,2507676399,1000,1905,1935,0,0,FWD,1,,-1,IDLE,0
C3B93D0B,2507299,2507677.399,2507677399,1000,1910,1935,0,0,FWD,1,,-1,IDLE,0
C3B93D0B,2507300,2507678.399,2507678399,1000,1905,1935,0,0,FWD,1,,-1,IDLE,0
C3B93D0B,2507301,2507679.399,2507679399,1000,1908,1935,0,0,FWD,1,,-1,IDLE,0
C3B93D0B,2507302,2507680.399,2507680399,1000,1907,1935,0,0,FWD,1,,-1,IDLE,0
C3B93D0B,2507303,2507681.399,2507681399,1000,1908,1935,0,0,FWD,1,,-1,IDLE,0
C3B93D0B,2507304,2507682.399,2507682399,1000,1907,1935,0,0,FWD,1,,-1,IDLE,0
C3B93D0B,2507305,2507683.399,2507683399,1000,1907,1935,0,0,FWD,1,,-1,IDLE,0
C3B93D0B,2507306,2507684.400,2507684400,1001,1907,1935,0,0,FWD,1,,-1,IDLE,0
C3B93D0B,2507307,2507685.514,2507685514,1114,1907,1935,0,0,FWD,1,,-1,IDLE,0
C3B93D0B,2507308,2507686.399,2507686399,885,1907,1935,0,0,FWD,1,,-1,IDLE,0
C3B93D0B,2507309,2507687.399,2507687399,1000,1907,1935,0,0,FWD,1,,-1,IDLE,0
C3B93D0B,2507310,2507688.399,2507688399,1000,1906,1935,0,0,FWD,1,,-1,IDLE,0
C3B93D0B,2507311,2507689.399,2507689399,1000,1904,1935,0,0,FWD,1,,-1,IDLE,0
C3B93D0B,2507312,2507690.399,2507690399,1000,1906,1935,0,0,FWD,1,,-1,IDLE,0
C3B93D0B,2507313,2507692.389,2507692389,1990,1907,1935,0,0,FWD,33,,-1,IDLE,0
C3B93D0B,2507314,2507692.631,2507692631,242,1907,1935,0,0,FWD,1,,-1,IDLE,0
C3B93D0B,2507315,2507693.399,2507693399,768,1906,1935,0,0,FWD,1,,-1,IDLE,0
C3B93D0B,2507316,2507695.001,2507695001,1602,1906,1935,0,0,FWD,33,,-1,IDLE,0
C3B93D0B,2507317,2507695.399,2507695399,398,1909,1935,0,0,FWD,1,,-1,IDLE,0
C3B93D0B,2507318,2507696.399,2507696399,1000,1907,1935,0,0,FWD,1,,-1,IDLE,0
C3B93D0B,2507319,2507697.399,2507697399,1000,1907,1935,0,0,FWD,1,,-1,IDLE,0
C3B93D0B,2507320,2507698.400,2507698400,1001,1909,1935,0,0,FWD,1,,-1,IDLE,0
C3B93D0B,2507321,2507699.399,2507699399,999,1907,1935,0,0,FWD,1,,-1,IDLE,0
C3B93D0B,2507322,2507700.400,2507700400,1001,1907,1935,0,0,FWD,1,,-1,IDLE,0
C3B93D0B,2507323,2507701.399,2507701399,999,1906,1935,0,0,FWD,1,,-1,IDLE,0
C3B93D0B,2507324,2507702.400,2507702400,1001,1907,1935,0,0,FWD,1,,-1,IDLE,0
C3B93D0B,2507325,2507703.399,2507703399,999,1907,1935,0,0,FWD,1,,-1,IDLE,0
C3B93D0B,2507326,2507704.401,2507704401,1002,1907,1935,0,0,FWD,1,,-1,IDLE,0
C3B93D0B,2507327,2507705.399,2507705399,998,1907,1935,0,0,FWD,1,,-1,IDLE,0
C3B93D0B,2507328,2507706.400,2507706400,1001,1907,1935,0,0,FWD,1,,-1,IDLE,0
C3B93D0B,2507329,2507707.399,2507707399,999,1906,1935,0,0,FWD,1,,-1,IDLE,0
C3B93D0B,2507330,2507708.400,2507708400,1001,1904,1935,0,0,FWD,1,,-1,IDLE,0
C3B93D0B,2507331,2507709.399,2507709399,999,1906,1935,0,0,FWD,1,,-1,IDLE,0
C3B93D0B,2507332,2507710.400,2507710400,1001,1905,1935,0,0,FWD,1,,-1,IDLE,0
C3B93D0B,2507333,2507711.399,2507711399,999,1906,1935,0,0,FWD,1,,-1,IDLE,0
C3B93D0B,2507334,2507712.400,2507712400,1001,1907,1935,0,0,FWD,1,,-1,IDLE,0
C3B93D0B,2507335,2507713.399,2507713399,999,1906,1935,0,0,FWD,1,,-1,IDLE,0
C3B93D0B,2507336,2507714.401,2507714401,1002,1906,1935,0,0,FWD,1,,-1,IDLE,0
C3B93D0B,2507337,2507715.399,2507715399,998,1908,1935,0,0,FWD,1,,-1,IDLE,0
C3B93D0B,2507338,2507716.400,2507716400,1001,1905,1935,0,0,FWD,1,,-1,IDLE,0
C3B93D0B,2507339,2507717.399,2507717399,999,1907,1935,0,0,FWD,1,,-1,IDLE,0
C3B93D0B,2507340,2507718.400,2507718400,1001,1904,1935,0,0,FWD,1,,-1,IDLE,0
C3B93D0B,2507341,2507719.399,2507719399,999,1909,1935,0,0,FWD,1,,-1,IDLE,0
C3B93D0B,2507342,2507720.400,2507720400,1001,1907,1935,0,0,FWD,1,,-1,IDLE,0
C3B93D0B,2507343,2507721.399,2507721399,999,1905,1935,0,0,FWD,1,,-1,IDLE,0
C3B93D0B,2507344,2507722.400,2507722400,1001,1905,1935,0,0,FWD,1,,-1,IDLE,0
C3B93D0B,2507345,2507723.399,2507723399,999,1906,1935,0,0,FWD,1,,-1,IDLE,0
C3B93D0B,2507346,2507724.401,2507724401,1002,1905,1935,0,0,FWD,1,,-1,IDLE,0
C3B93D0B,2507347,2507725.399,2507725399,998,1905,1935,0,0,FWD,1,,-1,IDLE,0
C3B93D0B,2507348,2507726.400,2507726400,1001,1904,1935,0,0,FWD,1,,-1,IDLE,0
C3B93D0B,2507349,2507727.399,2507727399,999,1905,1935,0,0,FWD,1,,-1,IDLE,0
C3B93D0B,2507350,2507728.400,2507728400,1001,1905,1935,0,0,FWD,1,,-1,IDLE,0
C3B93D0B,2507351,2507729.399,2507729399,999,1904,1935,0,0,FWD,1,,-1,IDLE,0
C3B93D0B,2507352,2507730.400,2507730400,1001,1904,1935,0,0,FWD,1,,-1,IDLE,0
C3B93D0B,2507353,2507731.399,2507731399,999,1906,1935,0,0,FWD,1,,-1,IDLE,0
C3B93D0B,2507354,2507732.400,2507732400,1001,1904,1935,0,0,FWD,1,,-1,IDLE,0
C3B93D0B,2507355,2507733.399,2507733399,999,1904,1935,0,0,FWD,1,,-1,IDLE,0
C3B93D0B,2507356,2507734.401,2507734401,1002,1905,1935,0,0,FWD,1,,-1,IDLE,0
C3B93D0B,2507357,2507735.399,2507735399,998,1904,1935,0,0,FWD,1,,-1,IDLE,0
C3B93D0B,2507358,2507736.400,2507736400,1001,1904,1935,0,0,FWD,1,,-1,IDLE,0
C3B93D0B,2507359,2507737.399,2507737399,999,1905,1935,0,0,FWD,1,,-1,IDLE,0
C3B93D0B,2507360,2507738.400,2507738400,1001,1904,1935,0,0,FWD,1,,-1,IDLE,0
C3B93D0B,2507361,2507739.399,2507739399,999,1905,1935,0,0,FWD,1,,-1,IDLE,0
C3B93D0B,2507362,2507740.400,2507740400,1001,1904,1935,0,0,FWD,1,,-1,IDLE,0
C3B93D0B,2507363,2507741.399,2507741399,999,1905,1935,0,0,FWD,1,,-1,IDLE,0
C3B93D0B,2507364,2507742.400,2507742400,1001,1906,1935,0,0,FWD,1,,-1,IDLE,0
C3B93D0B,2507365,2507743.399,2507743399,999,1905,1935,0,0,FWD,1,,-1,IDLE,0
C3B93D0B,2507366,2507744.923,2507744923,1524,1905,1935,0,0,FWD,33,,-1,IDLE,0
C3B93D0B,2507367,2507745.601,2507745601,678,1906,1935,0,0,FWD,1,,-1,IDLE,0
C3B93D0B,2507368,2507746.400,2507746400,799,1906,1935,0,0,FWD,1,,-1,IDLE,0
C3B93D0B,2507369,2507747.399,2507747399,999,1904,1935,0,0,FWD,1,,-1,IDLE,0
C3B93D0B,2507370,2507748.400,2507748400,1001,1904,1935,0,0,FWD,1,,-1,IDLE,0
C3B93D0B,2507371,2507749.399,2507749399,999,1904,1935,0,0,FWD,1,,-1,IDLE,0
C3B93D0B,2507372,2507750.400,2507750400,1001,1904,1935,0,0,FWD,1,,-1,IDLE,0
C3B93D0B,2507373,2507751.399,2507751399,999,1905,1935,0,0,FWD,1,,-1,IDLE,0
C3B93D0B,2507374,2507752.400,2507752400,1001,1905,1935,0,0,FWD,1,,-1,IDLE,0
C3B93D0B,2507375,2507754.239,2507754239,1839,1906,1935,0,0,FWD,33,,-1,IDLE,0
C3B93D0B,2507376,2507754.574,2507754574,335,1904,1935,0,0,FWD,1,,-1,IDLE,0
C3B93D0B,2507377,2507755.399,2507755399,825,1904,1935,0,0,FWD,1,,-1,IDLE,0
C3B93D0B,2507378,2507756.400,2507756400,1001,1905,1935,0,0,FWD,1,,-1,IDLE,0
C3B93D0B,2507379,2507757.399,2507757399,999,1904,1935,0,0,FWD,1,,-1,IDLE,0
C3B93D0B,2507380,2507758.400,2507758400,1001,1904,1935,0,0,FWD,1,,-1,IDLE,0
C3B93D0B,2507381,2507759.545,2507759545,1145,1917,1935,0,0,FWD,1,,-1,IDLE,0
C3B93D0B,2507382,2507760.400,2507760400,855,1918,1935,0,0,FWD,1,,-1,IDLE,0
C3B93D0B,2507383,2507761.399,2507761399,999,1917,1935,0,0,FWD,1,,-1,IDLE,0
C3B93D0B,2507384,2507762.400,2507762400,1001,1918,1935,0,0,FWD,1,,-1,IDLE,0
C3B93D0B,2507385,2507763.399,2507763399,999,1917,1935,0,0,FWD,1,,-1,IDLE,0
C3B93D0B,2507386,2507764.401,2507764401,1002,1915,1935,0,0,FWD,1,,-1,IDLE,0
C3B93D0B,2507387,2507765.399,2507765399,998,1915,1935,0,0,FWD,1,,-1,IDLE,0
C3B93D0B,2507388,2507766.400,2507766400,1001,1915,1935,0,0,FWD,1,,-1,IDLE,0
C3B93D0B,2507389,2507767.399,2507767399,999,1915,1935,0,0,FWD,1,,-1,IDLE,0
C3B93D0B,2507390,2507768.400,2507768400,1001,1915,1935,0,0,FWD,1,,-1,IDLE,0
C3B93D0B,2507391,2507769.399,2507769399,999,1916,1935,0,0,FWD,1,,-1,IDLE,0
C3B93D0B,2507392,2507770.400,2507770400,1001,1914,1935,0,0,FWD,1,,-1,IDLE,0
C3B93D0B,2507393,2507771.399,2507771399,999,1915,1935,0,0,FWD,1,,-1,IDLE,0
C3B93D0B,2507394,2507772.400,2507772400,1001,1915,1935,0,0,FWD,1,,-1,IDLE,0
C3B93D0B,2507395,2507773.399,2507773399,999,1915,1935,0,0,FWD,1,,-1,IDLE,0
C3B93D0B,2507396,2507774.401,2507774401,1002,1917,1935,0,0,FWD,1,,-1,IDLE,0
C3B93D0B,2507397,2507775.399,2507775399,998,1915,1935,0,0,FWD,1,,-1,IDLE,0
C3B93D0B,2507398,2507776.400,2507776400,1001,1915,1935,0,0,FWD,1,,-1,IDLE,0
C3B93D0B,2507399,2507777.399,2507777399,999,1915,1935,0,0,FWD,1,,-1,IDLE,0
C3B93D0B,2507400,2507778.400,2507778400,1001,1913,1935,0,0,FWD,1,,-1,IDLE,0
C3B93D0B,2507401,2507779.399,2507779399,999,1914,1935,0,0,FWD,1,,-1,IDLE,0
C3B93D0B,2507402,2507780.400,2507780400,1001,1916,1935,0,0,FWD,1,,-1,IDLE,0
C3B93D0B,2507403,2507781.399,2507781399,999,1914,1935,0,0,FWD,1,,-1,IDLE,0
C3B93D0B,2507404,2507782.400,2507782400,1001,1917,1935,0,0,FWD,1,,-1,IDLE,0
C3B93D0B,2507405,2507783.399,2507783399,999,1914,1935,0,0,FWD,1,,-1,IDLE,0
C3B93D0B,2507406,2507784.401,2507784401,1002,1914,1935,0,0,FWD,1,,-1,IDLE,0
C3B93D0B,2507407,2507786.255,2507786255,1854,1903,1935,0,0,FWD,33,,-1,IDLE,0
C3B93D0B,2507408,2507786.567,2507786567,312,1902,1935,0,0,FWD,1,,-1,IDLE,0
C3B93D0B,2507409,2507787.400,2507787400,833,1904,1935,0,0,FWD,1,,-1,IDLE,0
C3B93D0B,2507410,2507788.399,2507788399,999,1904,1935,0,0,FWD,1,,-1,IDLE,0
C3B93D0B,2507411,2507789.400,2507789400,1001,1903,1935,0,0,FWD,1,,-1,IDLE,0
C3B93D0B,2507412,2507790.399,2507790399,999,1904,1935,0,0,FWD,1,,-1,IDLE,0
C3B93D0B,2507413,2507791.400,2507791400,1001,1904,1935,0,0,FWD,1,,-1,IDLE,0
C3B93D0B,2507414,2507792.399,2507792399,999,1904,1935,0,0,FWD,1,,-1,IDLE,0
C3B93D0B,2507415,2507793.400,2507793400,1001,1904,1935,0,0,FWD,1,,-1,IDLE,0
C3B93D0B,2507416,2507794.400,2507794400,1000,1904,1935,0,0,FWD,1,,-1,IDLE,0
C3B93D0B,2507417,2507795.400,2507795400,1000,1904,1935,0,0,FWD,1,,-1,IDLE,0
C3B93D0B,2507418,2507796.399,2507796399,999,1905,1935,0,0,FWD,1,,-1,IDLE,0
C3B93D0B,2507419,2507797.400,2507797400,1001,1904,1935,0,0,FWD,1,,-1,IDLE,0
C3B93D0B,2507420,2507798.399,2507798399,999,1904,1935,0,0,FWD,1,,-1,IDLE,0
C3B93D0B,2507421,2507799.400,2507799400,1001,1904,1935,0,0,FWD,1,,-1,IDLE,0
C3B93D0B,2507422,2507800.399,2507800399,999,1904,1935,0,0,FWD,1,,-1,IDLE,0
C3B93D0B,2507423,2507801.400,2507801400,1001,1903,1935,0,0,FWD,1,,-1,IDLE,0
C3B93D0B,2507424,2507802.399,2507802399,999,1904,1935,0,0,FWD,1,,-1,IDLE,0
C3B93D0B,2507425,2507803.400,2507803400,1001,1904,1935,0,0,FWD,1,,-1,IDLE,0
C3B93D0B,2507426,2507804.400,2507804400,1000,1904,1935,0,0,FWD,1,,-1,IDLE,0
C3B93D0B,2507427,2507805.400,2507805400,1000,1904,1935,0,0,FWD,1,,-1,IDLE,0
C3B93D0B,2507428,2507806.399,2507806399,999,1904,1935,0,0,FWD,1,,-1,IDLE,0
C3B93D0B,2507429,2507807.400,2507807400,1001,1902,1935,0,0,FWD,1,,-1,IDLE,0
C3B93D0B,2507430,2507808.399,2507808399,999,1904,1935,0,0,FWD,1,,-1,IDLE,0
C3B93D0B,2507431,2507809.400,2507809400,1001,1905,1935,0,0,FWD,1,,-1,IDLE,0
C3B93D0B,2507432,2507810.399,2507810399,999,1904,1935,0,0,FWD,1,,-1,IDLE,0
C3B93D0B,2507433,2507811.400,2507811400,1001,1903,1935,0,0,FWD,1,,-1,IDLE,0
C3B93D0B,2507434,2507812.399,2507812399,999,1904,1935,0,0,FWD,1,,-1,IDLE,0
C3B93D0B,2507435,2507813.400,2507813400,1001,1904,1935,0,0,FWD,1,,-1,IDLE,0
C3B93D0B,2507436,2507814.400,2507814400,1000,1904,1935,0,0,FWD,1,,-1,IDLE,0
C3B93D0B,2507437,2507815.400,2507815400,1000,1904,1935,0,0,FWD,1,,-1,IDLE,0
C3B93D0B,2507438,2507816.399,2507816399,999,1904,1935,0,0,FWD,1,,-1,IDLE,0
C3B93D0B,2507439,2507817.400,2507817400,1001,1904,1935,0,0,FWD,1,,-1,IDLE,0
C3B93D0B,2507440,2507818.399,2507818399,999,1904,1935,0,0,FWD,1,,-1,IDLE,0
C3B93D0B,2507441,2507819.400,2507819400,1001,1904,1935,0,0,FWD,1,,-1,IDLE,0
C3B93D0B,2507442,2507820.399,2507820399,999,1904,1935,0,0,FWD,1,,-1,IDLE,0
C3B93D0B,2507443,2507821.400,2507821400,1001,1904,1935,0,0,FWD,1,,-1,IDLE,0
C3B93D0B,2507444,2507822.399,2507822399,999,1904,1935,0,0,FWD,1,,-1,IDLE,0
C3B93D0B,2507445,2507823.400,2507823400,1001,1903,1935,0,0,FWD,1,,-1,IDLE,0
C3B93D0B,2507446,2507824.400,2507824400,1000,1904,1935,0,0,FWD,1,,-1,IDLE,0
C3B93D0B,2507447,2507825.400,2507825400,1000,1903,1935,0,0,FWD,1,,-1,IDLE,0
C3B93D0B,2507448,2507826.399,2507826399,999,1904,1935,0,0,FWD,1,,-1,IDLE,0
C3B93D0B,2507449,2507827.400,2507827400,1001,1903,1935,0,0,FWD,1,,-1,IDLE,0
C3B93D0B,2507450,2507828.399,2507828399,999,1904,1935,0,0,FWD,1,,-1,IDLE,0
C3B93D0B,2507451,2507829.400,2507829400,1001,1903,1935,0,0,FWD,1,,-1,IDLE,0
C3B93D0B,2507452,2507830.399,2507830399,999,1904,1935,0,0,FWD,1,,-1,IDLE,0
C3B93D0B,2507453,2507831.400,2507831400,1001,1904,1935,0,0,FWD,1,,-1,IDLE,0
C3B93D0B,2507454,2507832.399,2507832399,999,1904,1935,0,0,FWD,1,,-1,IDLE,0
C3B93D0B,2507455,2507833.400,2507833400,1001,1904,1935,0,0,FWD,1,,-1,IDLE,0
C3B93D0B,2507456,2507834.400,2507834400,1000,1904,1935,0,0,FWD,1,,-1,IDLE,0
C3B93D0B,2507457,2507835.400,2507835400,1000,1904,1935,0,0,FWD,1,,-1,IDLE,0
C3B93D0B,2507458,2507836.399,2507836399,999,1904,1935,0,0,FWD,1,,-1,IDLE,0
C3B93D0B,2507459,2507837.403,2507837403,1004,1904,1935,0,0,FWD,1,,-1,IDLE,0
C3B93D0B,2507460,2507838.399,2507838399,996,1904,1935,0,0,FWD,1,,-1,IDLE,0
C3B93D0B,2507461,2507839.400,2507839400,1001,1904,1935,0,0,FWD,1,,-1,IDLE,0
C3B93D0B,2507462,2507840.399,2507840399,999,1904,1935,0,0,FWD,1,,-1,IDLE,0
C3B93D0B,2507463,2507841.400,2507841400,1001,1903,1935,0,0,FWD,1,,-1,IDLE,0
C3B93D0B,2507464,2507842.399,2507842399,999,1904,1935,0,0,FWD,1,,-1,IDLE,0
C3B93D0B,2507465,2507843.400,2507843400,1001,1904,1935,0,0,FWD,1,,-1,IDLE,0
C3B93D0B,2507466,2507844.400,2507844400,1000,1902,1935,0,0,FWD,1,,-1,IDLE,0
C3B93D0B,2507467,2507845.400,2507845400,1000,1903,1935,0,0,FWD,1,,-1,IDLE,0
C3B93D0B,2507468,2507846.564,2507846564,1164,1914,1935,0,0,FWD,1,,-1,IDLE,0
C3B93D0B,2507469,2507847.400,2507847400,836,1915,1935,0,0,FWD,1,,-1,IDLE,0
C3B93D0B,2507470,2507848.399,2507848399,999,1904,1935,0,0,FWD,1,,-1,IDLE,0
C3B93D0B,2507471,2507849.400,2507849400,1001,1903,1935,0,0,FWD,1,,-1,IDLE,0
C3B93D0B,2507472,2507850.399,2507850399,999,1903,1935,0,0,FWD,1,,-1,IDLE,0
C3B93D0B,2507473,2507851.400,2507851400,1001,1904,1935,0,0,FWD,1,,-1,IDLE,0
C3B93D0B,2507474,2507852.399,2507852399,999,1904,1935,0,0,FWD,1,,-1,IDLE,0
C3B93D0B,2507475,2507854.144,2507854144,1745,1913,1935,0,0,FWD,33,,-1,IDLE,0
C3B93D0B,2507476,2507854.472,2507854472,328,1913,1935,0,0,FWD,1,,-1,IDLE,0
C3B93D0B,2507477,2507855.400,2507855400,928,1913,1935,0,0,FWD,1,,-1,IDLE,0
C3B93D0B,2507478,2507856.399,2507856399,999,1911,1935,0,0,FWD,1,,-1,IDLE,0
C3B93D0B,2507479,2507857.400,2507857400,1001,1911,1935,0,0,FWD,1,,-1,IDLE,0
C3B93D0B,2507480,2507858.399,2507858399,999,1911,1935,0,0,FWD,1,,-1,IDLE,0
C3B93D0B,2507481,2507859.400,2507859400,1001,1911,1935,0,0,FWD,1,,-1,IDLE,0
C3B93D0B,2507482,2507860.399,2507860399,999,1911,1935,0,0,FWD,1,,-1,IDLE,0
C3B93D0B,2507483,2507861.400,2507861400,1001,1911,1935,0,0,FWD,1,,-1,IDLE,0
C3B93D0B,2507484,2507862.399,2507862399,999,1911,1935,0,0,FWD,1,,-1,IDLE,0
C3B93D0B,2507485,2507863.400,2507863400,1001,1913,1935,0,0,FWD,1,,-1,IDLE,0
C3B93D0B,2507486,2507864.400,2507864400,1000,1913,1935,0,0,FWD,1,,-1,IDLE,0
C3B93D0B,2507487,2507865.400,2507865400,1000,1911,1935,0,0,FWD,1,,-1,IDLE,0
C3B93D0B,2507488,2507866.399,2507866399,999,1911,1935,0,0,FWD,1,,-1,IDLE,0
C3B93D0B,2507489,2507867.400,2507867400,1001,1910,1935,0,0,FWD,1,,-1,IDLE,0
C3B93D0B,2507490,2507868.399,2507868399,999,1911,1935,0,0,FWD,1,,-1,IDLE,0
C3B93D0B,2507491,2507869.400,2507869400,1001,1910,1935,0,0,FWD,1,,-1,IDLE,0
C3B93D0B,2507492,2507870.399,2507870399,999,1910,1935,0,0,FWD,1,,-1,IDLE,0
C3B93D0B,2507493,2507871.400,2507871400,1001,1910,1935,0,0,FWD,1,,-1,IDLE,0
C3B93D0B,2507494,2507872.399,2507872399,999,1910,1935,0,0,FWD,1,,-1,IDLE,0
C3B93D0B,2507495,2507873.400,2507873400,1001,1911,1935,0,0,FWD,1,,-1,IDLE,0
C3B93D0B,2507496,2507874.400,2507874400,1000,1910,1935,0,0,FWD,1,,-1,IDLE,0
C3B93D0B,2507497,2507875.400,2507875400,1000,1910,1935,0,0,FWD,1,,-1,IDLE,0
C3B93D0B,2507498,2507876.399,2507876399,999,1911,1935,0,0,FWD,1,,-1,IDLE,0
C3B93D0B,2507499,2507877.400,2507877400,1001,1910,1935,0,0,FWD,1,,-1,IDLE,0
C3B93D0B,2507500,2507878.399,2507878399,999,1911,1935,0,0,FWD,1,,-1,IDLE,0
C3B93D0B,2507501,2507879.565,2507879565,1166,1910,1935,0,0,FWD,1,,-1,IDLE,0
C3B93D0B,2507502,2507880.399,2507880399,834,1911,1935,0,0,FWD,1,,-1,IDLE,0
C3B93D0B,2507503,2507881.400,2507881400,1001,1910,1935,0,0,FWD,1,,-1,IDLE,0
C3B93D0B,2507504,2507882.399,2507882399,999,1910,1935,0,0,FWD,1,,-1,IDLE,0
C3B93D0B,2507505,2507883.400,2507883400,1001,1911,1935,0,0,FWD,1,,-1,IDLE,0
C3B93D0B,2507506,2507884.400,2507884400,1000,1911,1935,0,0,FWD,1,,-1,IDLE,0
C3B93D0B,2507507,2507886.179,2507886179,1779,1903,1935,0,0,FWD,33,,-1,IDLE,0
C3B93D0B,2507508,2507886.489,2507886489,310,1899,1935,0,0,FWD,1,,-1,IDLE,0
C3B93D0B,2507509,2507887.400,2507887400,911,1902,1935,0,0,FWD,1,,-1,IDLE,0
C3B93D0B,2507510,2507888.399,2507888399,999,1904,1935,0,0,FWD,1,,-1,IDLE,0
C3B93D0B,2507511,2507889.403,2507889403,1004,1902,1935,0,0,FWD,1,,-1,IDLE,0
C3B93D0B,2507512,2507890.399,2507890399,996,1903,1935,0,0,FWD,1,,-1,IDLE,0
C3B93D0B,2507513,2507891.400,2507891400,1001,1904,1935,0,0,FWD,1,,-1,IDLE,0
C3B93D0B,2507514,2507892.399,2507892399,999,1903,1935,0,0,FWD,1,,-1,IDLE,0
C3B93D0B,2507515,2507893.400,2507893400,1001,1902,1935,0,0,FWD,1,,-1,IDLE,0
C3B93D0B,2507516,2507894.400,2507894400,1000,1903,1935,0,0,FWD,1,,-1,IDLE,0
C3B93D0B,2507517,2507895.400,2507895400,1000,1903,1935,0,0,FWD,1,,-1,IDLE,0
C3B93D0B,2507518,2507896.584,2507896584,1184,1903,1935,0,0,FWD,1,,-1,IDLE,0
C3B93D0B,2507519,2507897.400,2507897400,816,1904,1935,0,0,FWD,1,,-1,IDLE,0
C3B93D0B,2507520,2507898.399,2507898399,999,1903,1935,0,0,FWD,1,,-1,IDLE,0
C3B93D0B,2507521,2507899.400,2507899400,1001,1903,1935,0,0,FWD,1,,-1,IDLE,0
C3B93D0B,2507522,2507900.399,2507900399,999,1902,1935,0,0,FWD,1,,-1,IDLE,0
C3B93D0B,2507523,2507901.400,2507901400,1001,1901,1935,0,0,FWD,1,,-1,IDLE,0
C3B93D0B,2507524,2507902.399,2507902399,999,1903,1935,0,0,FWD,1,,-1,IDLE,0
C3B93D0B,2507525,2507903.400,2507903400,1001,1903,1935,0,0,FWD,1,,-1,IDLE,0
C3B93D0B,2507526,2507904.400,2507904400,1000,1904,1935,0,0,FWD,1,,-1,IDLE,0
C3B93D0B,2507527,2507905.400,2507905400,1000,1904,1935,0,0,FWD,1,,-1,IDLE,0
C3B93D0B,2507528,2507906.399,2507906399,999,1902,1935,0,0,FWD,1,,-1,IDLE,0
C3B93D0B,2507529,2507907.400,2507907400,1001,1903,1935,0,0,FWD,1,,-1,IDLE,0
C3B93D0B,2507530,2507908.399,2507908399,999,1903,1935,0,0,FWD,1,,-1,IDLE,0
C3B93D0B,2507531,2507909.400,2507909400,1001,1903,1935,0,0,FWD,1,,-1,IDLE,0
C3B93D0B,2507532,2507910.399,2507910399,999,1903,1935,0,0,FWD,1,,-1,IDLE,0
C3B93D0B,2507533,2507911.400,2507911400,1001,1902,1935,0,0,FWD,1,,-1,IDLE,0
C3B93D0B,2507534,2507912.399,2507912399,999,1903,1935,0,0,FWD,1,,-1,IDLE,0
C3B93D0B,2507535,2507913.400,2507913400,1001,1904,1935,0,0,FWD,1,,-1,IDLE,0
C3B93D0B,2507536,2507914.400,2507914400,1000,1902,1935,0,0,FWD,1,,-1,IDLE,0
C3B93D0B,2507537,2507915.400,2507915400,1000,1904,1935,0,0,FWD,1,,-1,IDLE,0
C3B93D0B,2507538,2507916.399,2507916399,999,1903,1935,0,0,FWD,1,,-1,IDLE,0
C3B93D0B,2507539,2507917.400,2507917400,1001,1904,1935,0,0,FWD,1,,-1,IDLE,0
C3B93D0B,2507540,2507918.399,2507918399,999,1903,1935,0,0,FWD,1,,-1,IDLE,0
C3B93D0B,2507541,2507919.400,2507919400,1001,1902,1935,0,0,FWD,1,,-1,IDLE,0
C3B93D0B,2507542,2507920.399,2507920399,999,1903,1935,0,0,FWD,1,,-1,IDLE,0
C3B93D0B,2507543,2507921.400,2507921400,1001,1904,1935,0,0,FWD,1,,-1,IDLE,0
C3B93D0B,2507544,2507922.399,2507922399,999,1903,1935,0,0,FWD,1,,-1,IDLE,0
C3B93D0B,2507545,2507923.400,2507923400,1001,1903,1935,0,0,FWD,1,,-1,IDLE,0
C3B93D0B,2507546,2507924.400,2507924400,1000,1902,1935,0,0,FWD,1,,-1,IDLE,0
C3B93D0B,2507547,2507925.400,2507925400,1000,1904,1935,0,0,FWD,1,,-1,IDLE,0
C3B93D0B,2507548,2507926.399,2507926399,999,1903,1935,0,0,FWD,1,,-1,IDLE,0
C3B93D0B,2507549,2507927.400,2507927400,1001,1904,1935,0,0,FWD,1,,-1,IDLE,0
C3B93D0B,2507550,2507928.399,2507928399,999,1903,1935,0,0,FWD,1,,-1,IDLE,0
C3B93D0B,2507551,2507929.400,2507929400,1001,1903,1935,0,0,FWD,1,,-1,IDLE,0
C3B93D0B,2507552,2507930.399,2507930399,999,1904,1935,0,0,FWD,1,,-1,IDLE,0
C3B93D0B,2507553,2507931.400,2507931400,1001,1904,1935,0,0,FWD,1,,-1,IDLE,0
C3B93D0B,2507554,2507932.399,2507932399,999,1903,1935,0,0,FWD,1,,-1,IDLE,0
C3B93D0B,2507555,2507933.400,2507933400,1001,1904,1935,0,0,FWD,1,,-1,IDLE,0
C3B93D0B,2507556,2507934.400,2507934400,1000,1902,1935,0,0,FWD,1,,-1,IDLE,0
C3B93D0B,2507557,2507935.400,2507935400,1000,1903,1935,0,0,FWD,1,,-1,IDLE,0
C3B93D0B,2507558,2507936.399,2507936399,999,1903,1935,0,0,FWD,1,,-1,IDLE,0
C3B93D0B,2507559,2507937.400,2507937400,1001,1903,1935,0,0,FWD,1,,-1,IDLE,0
C3B93D0B,2507560,2507938.399,2507938399,999,1903,1935,0,0,FWD,1,,-1,IDLE,0
C3B93D0B,2507561,2507939.400,2507939400,1001,1903,1935,0,0,FWD,1,,-1,IDLE,0
C3B93D0B,2507562,2507940.462,2507940462,1062,1903,1935,0,0,FWD,1,,-1,IDLE,0
C3B93D0B,2507563,2507941.400,2507941400,938,1904,1935,0,0,FWD,1,,-1,IDLE,0
C3B93D0B,2507564,2507942.495,2507942495,1095,1903,1935,0,0,FWD,1,,-1,IDLE,0
C3B93D0B,2507565,2507943.429,2507943429,934,1903,1935,0,0,FWD,1,,-1,IDLE,0
C3B93D0B,2507566,2507944.400,2507944400,971,1901,1935,0,0,FWD,1,,-1,IDLE,0
C3B93D0B,2507567,2507945.400,2507945400,1000,1904,1935,0,0,FWD,1,,-1,IDLE,0
C3B93D0B,2507568,2507946.399,2507946399,999,1903,1935,0,0,FWD,1,,-1,IDLE,0
C3B93D0B,2507569,2507947.400,2507947400,1001,1903,1935,0,0,FWD,1,,-1,IDLE,0
C3B93D0B,2507570,2507948.399,2507948399,999,1904,1935,0,0,FWD,1,,-1,IDLE,0
C3B93D0B,2507571,2507949.400,2507949400,1001,1904,1935,0,0,FWD,1,,-1,IDLE,0
C3B93D0B,2507572,2507950.399,2507950399,999,1904,1935,0,0,FWD,1,,-1,IDLE,0
C3B93D0B,2507573,2507951.400,2507951400,1001,1903,1935,0,0,FWD,1,,-1,IDLE,0
C3B93D0B,2507574,2507952.399,2507952399,999,1904,1935,0,0,FWD,1,,-1,IDLE,0
C3B93D0B,2507575,2507953.400,2507953400,1001,1903,1935,0,0,FWD,1,,-1,IDLE,0
C3B93D0B,2507576,2507954.400,2507954400,1000,1903,1935,0,0,FWD,1,,-1,IDLE,0
C3B93D0B,2507577,2507955.792,2507955792,1392,1901,1935,0,0,FWD,33,,-1,IDLE,0
C3B93D0B,2507578,2507956.399,2507956399,607,1903,1935,0,0,FWD,1,,-1,IDLE,0
C3B93D0B,2507579,2507957.400,2507957400,1001,1902,1935,0,0,FWD,1,,-1,IDLE,0
C3B93D0B,2507580,2507958.399,2507958399,999,1904,1935,0,0,FWD,1,,-1,IDLE,0
C3B93D0B,2507581,2507959.400,2507959400,1001,1903,1935,0,0,FWD,1,,-1,IDLE,0
C3B93D0B,2507582,2507960.399,2507960399,999,1903,1935,0,0,FWD,1,,-1,IDLE,0
C3B93D0B,2507583,2507961.445,2507961445,1046,1910,1935,0,0,FWD,1,,-1,IDLE,0
C3B93D0B,2507584,2507962.399,2507962399,954,1913,1935,0,0,FWD,1,,-1,IDLE,0
C3B93D0B,2507585,2507963.400,2507963400,1001,1914,1935,0,0,FWD,1,,-1,IDLE,0
C3B93D0B,2507586,2507964.400,2507964400,1000,1910,1935,0,0,FWD,1,,-1,IDLE,0
C3B93D0B,2507587,2507965.400,2507965400,1000,1911,1935,0,0,FWD,1,,-1,IDLE,0
C3B93D0B,2507588,2507966.399,2507966399,999,1910,1935,0,0,FWD,1,,-1,IDLE,0
C3B93D0B,2507589,2507967.400,2507967400,1001,1909,1935,0,0,FWD,1,,-1,IDLE,0
C3B93D0B,2507590,2507968.399,2507968399,999,1912,1935,0,0,FWD,1,,-1,IDLE,0
C3B93D0B,2507591,2507969.400,2507969400,1001,1911,1935,0,0,FWD,1,,-1,IDLE,0
C3B93D0B,2507592,2507970.399,2507970399,999,1910,1935,0,0,FWD,1,,-1,IDLE,0
C3B93D0B,2507593,2507971.400,2507971400,1001,1910,1935,0,0,FWD,1,,-1,IDLE,0
C3B93D0B,2507594,2507972.399,2507972399,999,1910,1935,0,0,FWD,1,,-1,IDLE,0
C3B93D0B,2507595,2507973.400,2507973400,1001,1909,1935,0,0,FWD,1,,-1,IDLE,0
C3B93D0B,2507596,2507974.400,2507974400,1000,1909,1935,0,0,FWD,1,,-1,IDLE,0
C3B93D0B,2507597,2507975.400,2507975400,1000,1909,1935,0,0,FWD,1,,-1,IDLE,0
C3B93D0B,2507598,2507976.399,2507976399,999,1910,1935,0,0,FWD,1,,-1,IDLE,0
C3B93D0B,2507599,2507977.400,2507977400,1001,1910,1935,0,0,FWD,1,,-1,IDLE,0
C3B93D0B,2507600,2507978.399,2507978399,999,1909,1935,0,0,FWD,1,,-1,IDLE,0
C3B93D0B,2507601,2507979.400,2507979400,1001,1909,1935,0,0,FWD,1,,-1,IDLE,0
C3B93D0B,2507602,2507980.399,2507980399,999,1909,1935,0,0,FWD,1,,-1,IDLE,0
C3B93D0B,2507603,2507981.400,2507981400,1001,1909,1935,0,0,FWD,1,,-1,IDLE,0
C3B93D0B,2507604,2507982.399,2507982399,999,1910,1935,0,0,FWD,1,,-1,IDLE,0
C3B93D0B,2507605,2507983.400,2507983400,1001,1909,1935,0,0,FWD,1,,-1,IDLE,0
C3B93D0B,2507606,2507984.400,2507984400,1000,1910,1935,0,0,FWD,1,,-1,IDLE,0
C3B93D0B,2507607,2507986.207,2507986207,1807,1898,1935,0,0,FWD,33,,-1,IDLE,0
C3B93D0B,2507608,2507986.525,2507986525,318,1899,1935,0,0,FWD,1,,-1,IDLE,0
C3B93D0B,2507609,2507987.400,2507987400,875,1902,1935,0,0,FWD,1,,-1,IDLE,0
C3B93D0B,2507610,2507988.399,2507988399,999,1901,1935,0,0,FWD,1,,-1,IDLE,0
C3B93D0B,2507611,2507989.400,2507989400,1001,1902,1935,0,0,FWD,1,,-1,IDLE,0
C3B93D0B,2507612,2507990.399,2507990399,999,1901,1935,0,0,FWD,1,,-1,IDLE,0
C3B93D0B,2507613,2507991.400,2507991400,1001,1901,1935,0,0,FWD,1,,-1,IDLE,0
C3B93D0B,2507614,2507992.399,2507992399,999,1902,1935,0,0,FWD,1,,-1,IDLE,0
C3B93D0B,2507615,2507993.400,2507993400,1001,1903,1935,0,0,FWD,1,,-1,IDLE,0
C3B93D0B,2507616,2507994.400,2507994400,1000,1902,1935,0,0,FWD,1,,-1,IDLE,0
C3B93D0B,2507617,2507995.400,2507995400,1000,1901,1935,0,0,FWD,1,,-1,IDLE,0
C3B93D0B,2507618,2507996.399,2507996399,999,1902,1935,0,0,FWD,1,,-1,IDLE,0
C3B93D0B,2507619,2507997.400,2507997400,1001,1902,1935,0,0,FWD,1,,-1,IDLE,0
C3B93D0B,2507620,2507998.399,2507998399,999,1904,1935,0,0,FWD,1,,-1,IDLE,0
C3B93D0B,2507621,2507999.400,2507999400,1001,1903,1935,0,0,FWD,1,,-1,IDLE,0
C3B93D0B,2507622,2508000.399,2508000399,999,1903,1935,0,0,FWD,1,,-1,IDLE,0
C3B93D0B,2507623,2508001.400,2508001400,1001,1902,1935,0,0,FWD,1,,-1,IDLE,0
C3B93D0B,2507624,2508002.399,2508002399,999,1902,1935,0,0,FWD,1,,-1,IDLE,0
C3B93D0B,2507625,2508003.400,2508003400,1001,1903,1935,0,0,FWD,1,,-1,IDLE,0
C3B93D0B,2507626,2508004.400,2508004400,1000,1899,1935,0,0,FWD,1,,-1,IDLE,0
C3B93D0B,2507627,2508005.400,2508005400,1000,1903,1935,0,0,FWD,1,,-1,IDLE,0
C3B93D0B,2507628,2508006.399,2508006399,999,1901,1935,0,0,FWD,1,,-1,IDLE,0
C3B93D0B,2507629,2508007.400,2508007400,1001,1903,1935,0,0,FWD,1,,-1,IDLE,0
C3B93D0B,2507630,2508008.399,2508008399,999,1901,1935,0,0,FWD,1,,-1,IDLE,0
C3B93D0B,2507631,2508009.400,2508009400,1001,1903,1935,0,0,FWD,1,,-1,IDLE,0
C3B93D0B,2507632,2508010.399,2508010399,999,1903,1935,0,0,FWD,1,,-1,IDLE,0
C3B93D0B,2507633,2508011.400,2508011400,1001,1904,1935,0,0,FWD,1,,-1,IDLE,0
C3B93D0B,2507634,2508012.399,2508012399,999,1903,1935,0,0,FWD,1,,-1,IDLE,0
C3B93D0B,2507635,2508013.400,2508013400,1001,1902,1935,0,0,FWD,1,,-1,IDLE,0
C3B93D0B,2507636,2508014.400,2508014400,1000,1903,1935,0,0,FWD,1,,-1,IDLE,0
C3B93D0B,2507637,2508015.400,2508015400,1000,1904,1935,0,0,FWD,1,,-1,IDLE,0
C3B93D0B,2507638,2508016.399,2508016399,999,1903,1935,0,0,FWD,1,,-1,IDLE,0
C3B93D0B,2507639,2508017.400,2508017400,1001,1901,1935,0,0,FWD,1,,-1,IDLE,0
C3B93D0B,2507640,2508018.399,2508018399,999,1902,1935,0,0,FWD,1,,-1,IDLE,0
C3B93D0B,2507641,2508019.400,2508019400,1001,1901,1935,0,0,FWD,1,,-1,IDLE,0
C3B93D0B,2507642,2508020.399,2508020399,999,1903,1935,0,0,FWD,1,,-1,IDLE,0
C3B93D0B,2507643,2508021.400,2508021400,1001,1902,1935,0,0,FWD,1,,-1,IDLE,0
C3B93D0B,2507644,2508022.399,2508022399,999,1903,1935,0,0,FWD,1,,-1,IDLE,0
C3B93D0B,2507645,2508023.400,2508023400,1001,1903,1935,0,0,FWD,1,,-1,IDLE,0
C3B93D0B,2507646,2508024.400,2508024400,1000,1903,1935,0,0,FWD,1,,-1,IDLE,0
C3B93D0B,2507647,2508025.400,2508025400,1000,1902,1935,0,0,FWD,1,,-1,IDLE,0
C3B93D0B,2507648,2508026.399,2508026399,999,1903,1935,0,0,FWD,1,,-1,IDLE,0
C3B93D0B,2507649,2508027.400,2508027400,1001,1902,1935,0,0,FWD,1,,-1,IDLE,0
C3B93D0B,2507650,2508028.399,2508028399,999,1901,1935,0,0,FWD,1,,-1,IDLE,0
C3B93D0B,2507651,2508029.400,2508029400,1001,1902,1935,0,0,FWD,1,,-1,IDLE,0
C3B93D0B,2507652,2508030.399,2508030399,999,1902,1935,0,0,FWD,1,,-1,IDLE,0
C3B93D0B,2507653,2508031.400,2508031400,1001,1903,1935,0,0,FWD,1,,-1,IDLE,0
C3B93D0B,2507654,2508032.399,2508032399,999,1904,1935,0,0,FWD,1,,-1,IDLE,0
C3B93D0B,2507655,2508033.400,2508033400,1001,1903,1935,0,0,FWD,1,,-1,IDLE,0
C3B93D0B,2507656,2508034.400,2508034400,1000,1902,1935,0,0,FWD,1,,-1,IDLE,0
C3B93D0B,2507657,2508035.400,2508035400,1000,1901,1935,0,0,FWD,1,,-1,IDLE,0
C3B93D0B,2507658,2508036.399,2508036399,999,1901,1935,0,0,FWD,1,,-1,IDLE,0
C3B93D0B,2507659,2508037.433,2508037433,1034,1903,1935,0,0,FWD,1,,-1,IDLE,0
C3B93D0B,2507660,2508038.399,2508038399,966,1903,1935,0,0,FWD,1,,-1,IDLE,0
C3B93D0B,2507661,2508039.400,2508039400,1001,1903,1935,0,0,FWD,1,,-1,IDLE,0
C3B93D0B,2507662,2508040.399,2508040399,999,1902,1935,0,0,FWD,1,,-1,IDLE,0
C3B93D0B,2507663,2508041.400,2508041400,1001,1902,1935,0,0,FWD,1,,-1,IDLE,0
C3B93D0B,2507664,2508042.399,2508042399,999,1913,1935,0,0,FWD,1,,-1,IDLE,0
C3B93D0B,2507665,2508043.400,2508043400,1001,1911,1935,0,0,FWD,1,,-1,IDLE,0
C3B93D0B,2507666,2508044.400,2508044400,1000,1910,1935,0,0,FWD,1,,-1,IDLE,0
C3B93D0B,2507667,2508045.400,2508045400,1000,1909,1935,0,0,FWD,1,,-1,IDLE,0
C3B93D0B,2507668,2508046.399,2508046399,999,1909,1935,0,0,FWD,1,,-1,IDLE,0
C3B93D0B,2507669,2508047.400,2508047400,1001,1906,1935,0,0,FWD,1,,-1,IDLE,0
C3B93D0B,2507670,2508048.399,2508048399,999,1909,1935,0,0,FWD,1,,-1,IDLE,0
C3B93D0B,2507671,2508049.400,2508049400,1001,1909,1935,0,0,FWD,1,,-1,IDLE,0
C3B93D0B,2507672,2508050.399,2508050399,999,1910,1935,0,0,FWD,1,,-1,IDLE,0
C3B93D0B,2507673,2508051.400,2508051400,1001,1909,1935,0,0,FWD,1,,-1,IDLE,0
C3B93D0B,2507674,2508052.886,2508052886,1486,1899,1935,0,0,FWD,33,,-1,IDLE,0
C3B93D0B,2507675,2508053.400,2508053400,514,1901,1935,0,0,FWD,1,,-1,IDLE,0
C3B93D0B,2507676,2508054.400,2508054400,1000,1899,1935,0,0,FWD,1,,-1,IDLE,0
C3B93D0B,2507677,2508055.400,2508055400,1000,1901,1935,0,0,FWD,1,,-1,IDLE,0
C3B93D0B,2507678,2508056.399,2508056399,999,1900,1935,0,0,FWD,1,,-1,IDLE,0
C3B93D0B,2507679,2508057.400,2508057400,1001,1914,1935,0,0,FWD,1,,-1,IDLE,0
C3B93D0B,2507680,2508058.515,2508058515,1115,1910,1935,0,0,FWD,1,,-1,IDLE,0
C3B93D0B,2507681,2508059.400,2508059400,885,1910,1935,0,0,FWD,1,,-1,IDLE,0
C3B93D0B,2507682,2508060.399,2508060399,999,1910,1935,0,0,FWD,1,,-1,IDLE,0
C3B93D0B,2507683,2508061.400,2508061400,1001,1910,1935,0,0,FWD,1,,-1,IDLE,0
C3B93D0B,2507684,2508062.399,2508062399,999,1910,1935,0,0,FWD,1,,-1,IDLE,0
C3B93D0B,2507685,2508063.400,2508063400,1001,1911,1935,0,0,FWD,1,,-1,IDLE,0
C3B93D0B,2507686,2508064.400,2508064400,1000,1910,1935,0,0,FWD,1,,-1,IDLE,0
C3B93D0B,2507687,2508065.400,2508065400,1000,1912,1935,0,0,FWD,1,,-1,IDLE,0
C3B93D0B,2507688,2508066.399,2508066399,999,1910,1935,0,0,FWD,1,,-1,IDLE,0
C3B93D0B,2507689,2508067.400,2508067400,1001,1909,1935,0,0,FWD,1,,-1,IDLE,0
C3B93D0B,2507690,2508068.399,2508068399,999,1908,1935,0,0,FWD,1,,-1,IDLE,0
C3B93D0B,2507691,2508069.400,2508069400,1001,1910,1935,0,0,FWD,1,,-1,IDLE,0
C3B93D0B,2507692,2508070.399,2508070399,999,1909,1935,0,0,FWD,1,,-1,IDLE,0
C3B93D0B,2507693,2508071.400,2508071400,1001,1909,1935,0,0,FWD,1,,-1,IDLE,0
C3B93D0B,2507694,2508072.399,2508072399,999,1909,1935,0,0,FWD,1,,-1,IDLE,0
C3B93D0B,2507695,2508073.400,2508073400,1001,1907,1935,0,0,FWD,1,,-1,IDLE,0
C3B93D0B,2507696,2508074.400,2508074400,1000,1909,1935,0,0,FWD,1,,-1,IDLE,0
C3B93D0B,2507697,2508075.400,2508075400,1000,1910,1935,0,0,FWD,1,,-1,IDLE,0
C3B93D0B,2507698,2508076.399,2508076399,999,1909,1935,0,0,FWD,1,,-1,IDLE,0
C3B93D0B,2507699,2508077.400,2508077400,1001,1907,1935,0,0,FWD,1,,-1,IDLE,0
C3B93D0B,2507700,2508078.399,2508078399,999,1907,1935,0,0,FWD,1,,-1,IDLE,0
C3B93D0B,2507701,2508079.400,2508079400,1001,1907,1935,0,0,FWD,1,,-1,IDLE,0
C3B93D0B,2507702,2508080.399,2508080399,999,1907,1935,0,0,FWD,1,,-1,IDLE,0
C3B93D0B,2507703,2508081.400,2508081400,1001,1907,1935,0,0,FWD,1,,-1,IDLE,0
C3B93D0B,2507704,2508082.399,2508082399,999,1908,1935,0,0,FWD,1,,-1,IDLE,0
C3B93D0B,2507705,2508083.400,2508083400,1001,1907,1935,0,0,FWD,1,,-1,IDLE,0
C3B93D0B,2507706,2508084.400,2508084400,1000,1911,1935,0,0,FWD,1,,-1,IDLE,0
C3B93D0B,2507707,2508086.168,2508086168,1768,1893,1935,0,0,FWD,33,,-1,IDLE,0
C3B93D0B,2507708,2508086.773,2508086773,605,1901,1935,0,0,FWD,1,,-1,IDLE,0
C3B93D0B,2507709,2508087.400,2508087400,627,1900,1935,0,0,FWD,1,,-1,IDLE,0
C3B93D0B,2507710,2508088.399,2508088399,999,1902,1935,0,0,FWD,1,,-1,IDLE,0
C3B93D0B,2507711,2508089.400,2508089400,1001,1902,1935,0,0,FWD,1,,-1,IDLE,0
C3B93D0B,2507712,2508090.399,2508090399,999,1901,1935,0,0,FWD,1,,-1,IDLE,0
C3B93D0B,2507713,2508091.400,2508091400,1001,1902,1935,0,0,FWD,1,,-1,IDLE,0
C3B93D0B,2507714,2508092.399,2508092399,999,1901,1935,0,0,FWD,1,,-1,IDLE,0
C3B93D0B,2507715,2508093.400,2508093400,1001,1898,1935,0,0,FWD,1,,-1,IDLE,0
C3B93D0B,2507716,2508094.400,2508094400,1000,1901,1935,0,0,FWD,1,,-1,IDLE,0
C3B93D0B,2507717,2508095.400,2508095400,1000,1901,1935,0,0,FWD,1,,-1,IDLE,0
C3B93D0B,2507718,2508096.399,2508096399,999,1903,1935,0,0,FWD,1,,-1,IDLE,0
C3B93D0B,2507719,2508097.400,2508097400,1001,1903,1935,0,0,FWD,1,,-1,IDLE,0
C3B93D0B,2507720,2508098.399,2508098399,999,1901,1935,0,0,FWD,1,,-1,IDLE,0
C3B93D0B,2507721,2508099.400,2508099400,1001,1901,1935,0,0,FWD,1,,-1,IDLE,0
C3B93D0B,2507722,2508100.399,2508100399,999,1901,1935,0,0,FWD,1,,-1,IDLE,0
C3B93D0B,2507723,2508101.400,2508101400,1001,1901,1935,0,0,FWD,1,,-1,IDLE,0
C3B93D0B,2507724,2508102.399,2508102399,999,1901,1935,0,0,FWD,1,,-1,IDLE,0
C3B93D0B,2507725,2508103.400,2508103400,1001,1903,1935,0,0,FWD,1,,-1,IDLE,0
C3B93D0B,2507726,2508104.400,2508104400,1000,1901,1935,0,0,FWD,1,,-1,IDLE,0
C3B93D0B,2507727,2508105.400,2508105400,1000,1900,1935,0,0,FWD,1,,-1,IDLE,0
C3B93D0B,2507728,2508106.399,2508106399,999,1901,1935,0,0,FWD,1,,-1,IDLE,0
C3B93D0B,2507729,2508107.400,2508107400,1001,1900,1935,0,0,FWD,1,,-1,IDLE,0
C3B93D0B,2507730,2508108.399,2508108399,999,1902,1935,0,0,FWD,1,,-1,IDLE,0
C3B93D0B,2507731,2508109.400,2508109400,1001,1902,1935,0,0,FWD,1,,-1,IDLE,0
C3B93D0B,2507732,2508110.399,2508110399,999,1899,1935,0,0,FWD,1,,-1,IDLE,0
C3B93D0B,2507733,2508111.400,2508111400,1001,1901,1935,0,0,FWD,1,,-1,IDLE,0
C3B93D0B,2507734,2508112.399,2508112399,999,1900,1935,0,0,FWD,1,,-1,IDLE,0
C3B93D0B,2507735,2508113.400,2508113400,1001,1901,1935,0,0,FWD,1,,-1,IDLE,0
C3B93D0B,2507736,2508114.400,2508114400,1000,1902,1935,0,0,FWD,1,,-1,IDLE,0
C3B93D0B,2507737,2508115.400,2508115400,1000,1900,1935,0,0,FWD,1,,-1,IDLE,0
C3B93D0B,2507738,2508116.399,2508116399,999,1903,1935,0,0,FWD,1,,-1,IDLE,0
C3B93D0B,2507739,2508117.400,2508117400,1001,1902,1935,0,0,FWD,1,,-1,IDLE,0
C3B93D0B,2507740,2508118.399,2508118399,999,1902,1935,0,0,FWD,1,,-1,IDLE,0
C3B93D0B,2507741,2508119.400,2508119400,1001,1901,1935,0,0,FWD,1,,-1,IDLE,0
C3B93D0B,2507742,2508120.399,2508120399,999,1903,1935,0,0,FWD,1,,-1,IDLE,0
C3B93D0B,2507743,2508121.400,2508121400,1001,1900,1935,0,0,FWD,1,,-1,IDLE,0
C3B93D0B,2507744,2508122.399,2508122399,999,1902,1935,0,0,FWD,1,,-1,IDLE,0
C3B93D0B,2507745,2508123.400,2508123400,1001,1901,1935,0,0,FWD,1,,-1,IDLE,0
C3B93D0B,2507746,2508124.400,2508124400,1000,1903,1935,0,0,FWD,1,,-1,IDLE,0
C3B93D0B,2507747,2508125.400,2508125400,1000,1902,1935,0,0,FWD,1,,-1,IDLE,0
C3B93D0B,2507748,2508126.399,2508126399,999,1903,1935,0,0,FWD,1,,-1,IDLE,0
C3B93D0B,2507749,2508127.400,2508127400,1001,1902,1935,0,0,FWD,1,,-1,IDLE,0
C3B93D0B,2507750,2508128.399,2508128399,999,1899,1935,0,0,FWD,1,,-1,IDLE,0
C3B93D0B,2507751,2508129.400,2508129400,1001,1901,1935,0,0,FWD,1,,-1,IDLE,0
C3B93D0B,2507752,2508130.399,2508130399,999,1902,1935,0,0,FWD,1,,-1,IDLE,0
C3B93D0B,2507753,2508131.400,2508131400,1001,1901,1935,0,0,FWD,1,,-1,IDLE,0
C3B93D0B,2507754,2508132.399,2508132399,999,1902,1935,0,0,FWD,1,,-1,IDLE,0
C3B93D0B,2507755,2508133.400,2508133400,1001,1901,1935,0,0,FWD,1,,-1,IDLE,0
C3B93D0B,2507756,2508134.400,2508134400,1000,1902,1935,0,0,FWD,1,,-1,IDLE,0
C3B93D0B,2507757,2508135.400,2508135400,1000,1902,1935,0,0,FWD,1,,-1,IDLE,0
C3B93D0B,2507758,2508136.399,2508136399,999,1901,1935,0,0,FWD,1,,-1,IDLE,0
C3B93D0B,2507759,2508137.403,2508137403,1004,1902,1935,0,0,FWD,1,,-1,IDLE,0
C3B93D0B,2507760,2508138.399,2508138399,996,1901,1935,0,0,FWD,1,,-1,IDLE,0
C3B93D0B,2507761,2508139.400,2508139400,1001,1904,1935,0,0,FWD,1,,-1,IDLE,0
C3B93D0B,2507762,2508140.399,2508140399,999,1903,1935,0,0,FWD,1,,-1,IDLE,0
C3B93D0B,2507763,2508141.400,2508141400,1001,1902,1935,0,0,FWD,1,,-1,IDLE,0
C3B93D0B,2507764,2508142.399,2508142399,999,1902,1935,0,0,FWD,1,,-1,IDLE,0
C3B93D0B,2507765,2508143.400,2508143400,1001,1903,1935,0,0,FWD,1,,-1,IDLE,0
C3B93D0B,2507766,2508144.400,2508144400,1000,1901,1935,0,0,FWD,1,,-1,IDLE,0
C3B93D0B,2507767,2508145.403,2508145403,1003,1909,1935,0,0,FWD,1,,-1,IDLE,0
C3B93D0B,2507768,2508146.588,2508146588,1185,1911,1935,0,0,FWD,1,,-1,IDLE,0
C3B93D0B,2507769,2508147.400,2508147400,812,1910,1935,0,0,FWD,1,,-1,IDLE,0
C3B93D0B,2507770,2508148.399,2508148399,999,1912,1935,0,0,FWD,1,,-1,IDLE,0
C3B93D0B,2507771,2508149.400,2508149400,1001,1907,1935,0,0,FWD,1,,-1,IDLE,0
C3B93D0B,2507772,2508150.399,2508150399,999,1911,1935,0,0,FWD,1,,-1,IDLE,0
C3B93D0B,2507773,2508151.400,2508151400,1001,1911,1935,0,0,FWD,1,,-1,IDLE,0
C3B93D0B,2507774,2508152.399,2508152399,999,1908,1935,0,0,FWD,1,,-1,IDLE,0
C3B93D0B,2507775,2508153.400,2508153400,1001,1909,1935,0,0,FWD,1,,-1,IDLE,0
C3B93D0B,2507776,2508154.400,2508154400,1000,1909,1935,0,0,FWD,1,,-1,IDLE,0
C3B93D0B,2507777,2508155.400,2508155400,1000,1899,1935,0,0,FWD,1,,-1,IDLE,0
C3B93D0B,2507778,2508156.399,2508156399,999,1899,1935,0,0,FWD,1,,-1,IDLE,0
C3B93D0B,2507779,2508157.400,2508157400,1001,1900,1935,0,0,FWD,1,,-1,IDLE,0
C3B93D0B,2507780,2508158.399,2508158399,999,1901,1935,0,0,FWD,1,,-1,IDLE,0
C3B93D0B,2507781,2508159.400,2508159400,1001,1902,1935,0,0,FWD,1,,-1,IDLE,0
C3B93D0B,2507782,2508160.551,2508160551,1151,1914,1935,0,0,FWD,1,,-1,IDLE,0
C3B93D0B,2507783,2508161.400,2508161400,849,1910,1935,0,0,FWD,1,,-1,IDLE,0
C3B93D0B,2507784,2508162.399,2508162399,999,1910,1935,0,0,FWD,1,,-1,IDLE,0
C3B93D0B,2507785,2508163.400,2508163400,1001,1909,1935,0,0,FWD,1,,-1,IDLE,0
C3B93D0B,2507786,2508164.400,2508164400,1000,1910,1935,0,0,FWD,1,,-1,IDLE,0
C3B93D0B,2507787,2508165.400,2508165400,1000,1911,1935,0,0,FWD,1,,-1,IDLE,0
C3B93D0B,2507788,2508166.399,2508166399,999,1909,1935,0,0,FWD,1,,-1,IDLE,0
C3B93D0B,2507789,2508167.400,2508167400,1001,1908,1935,0,0,FWD,1,,-1,IDLE,0
C3B93D0B,2507790,2508168.399,2508168399,999,1909,1935,0,0,FWD,1,,-1,IDLE,0
C3B93D0B,2507791,2508169.400,2508169400,1001,1908,1935,0,0,FWD,1,,-1,IDLE,0
C3B93D0B,2507792,2508170.399,2508170399,999,1909,1935,0,0,FWD,1,,-1,IDLE,0
C3B93D0B,2507793,2508171.400,2508171400,1001,1909,1935,0,0,FWD,1,,-1,IDLE,0
C3B93D0B,2507794,2508172.399,2508172399,999,1907,1935,0,0,FWD,1,,-1,IDLE,0
C3B93D0B,2507795,2508173.400,2508173400,1001,1909,1935,0,0,FWD,1,,-1,IDLE,0
C3B93D0B,2507796,2508174.400,2508174400,1000,1908,1935,0,0,FWD,1,,-1,IDLE,0
C3B93D0B,2507797,2508175.400,2508175400,1000,1907,1935,0,0,FWD,1,,-1,IDLE,0
C3B93D0B,2507798,2508176.399,2508176399,999,1909,1935,0,0,FWD,1,,-1,IDLE,0
C3B93D0B,2507799,2508177.400,2508177400,1001,1907,1935,0,0,FWD,1,,-1,IDLE,0
C3B93D0B,2507800,2508178.399,2508178399,999,1910,1935,0,0,FWD,1,,-1,IDLE,0
C3B93D0B,2507801,2508179.400,2508179400,1001,1908,1935,0,0,FWD,1,,-1,IDLE,0
C3B93D0B,2507802,2508180.399,2508180399,999,1909,1935,0,0,FWD,1,,-1,IDLE,0
C3B93D0B,2507803,2508181.400,2508181400,1001,1907,1935,0,0,FWD,1,,-1,IDLE,0
C3B93D0B,2507804,2508182.399,2508182399,999,1909,1935,0,0,FWD,1,,-1,IDLE,0
C3B93D0B,2507805,2508183.400,2508183400,1001,1909,1935,0,0,FWD,1,,-1,IDLE,0
C3B93D0B,2507806,2508184.400,2508184400,1000,1907,1935,0,0,FWD,1,,-1,IDLE,0
C3B93D0B,2507807,2508186.183,2508186183,1783,1896,1935,0,0,FWD,33,,-1,IDLE,0
C3B93D0B,2507808,2508186.499,2508186499,316,1895,1935,0,0,FWD,1,,-1,IDLE,0
C3B93D0B,2507809,2508187.400,2508187400,901,1899,1935,0,0,FWD,1,,-1,IDLE,0
C3B93D0B,2507810,2508188.399,2508188399,999,1899,1935,0,0,FWD,1,,-1,IDLE,0
C3B93D0B,2507811,2508189.400,2508189400,1001,1901,1935,0,0,FWD,1,,-1,IDLE,0
C3B93D0B,2507812,2508190.399,2508190399,999,1899,1935,0,0,FWD,1,,-1,IDLE,0
C3B93D0B,2507813,2508191.400,2508191400,1001,1900,1935,0,0,FWD,1,,-1,IDLE,0
C3B93D0B,2507814,2508192.399,2508192399,999,1901,1935,0,0,FWD,1,,-1,IDLE,0
C3B93D0B,2507815,2508193.400,2508193400,1001,1901,1935,0,0,FWD,1,,-1,IDLE,0
C3B93D0B,2507816,2508194.400,2508194400,1000,1901,1935,0,0,FWD,1,,-1,IDLE,0
C3B93D0B,2507817,2508195.400,2508195400,1000,1901,1935,0,0,FWD,1,,-1,IDLE,0
C3B93D0B,2507818,2508196.399,2508196399,999,1903,1935,0,0,FWD,1,,-1,IDLE,0
C3B93D0B,2507819,2508197.400,2508197400,1001,1903,1935,0,0,FWD,1,,-1,IDLE,0
C3B93D0B,2507820,2508198.399,2508198399,999,1901,1935,0,0,FWD,1,,-1,IDLE,0
C3B93D0B,2507821,2508199.400,2508199400,1001,1901,1935,0,0,FWD,1,,-1,IDLE,0
C3B93D0B,2507822,2508200.399,2508200399,999,1901,1935,0,0,FWD,1,,-1,IDLE,0
C3B93D0B,2507823,2508201.400,2508201400,1001,1902,1935,0,0,FWD,1,,-1,IDLE,0
C3B93D0B,2507824,2508202.399,2508202399,999,1901,1935,0,0,FWD,1,,-1,IDLE,0
C3B93D0B,2507825,2508203.400,2508203400,1001,1902,1935,0,0,FWD,1,,-1,IDLE,0
C3B93D0B,2507826,2508204.400,2508204400,1000,1899,1935,0,0,FWD,1,,-1,IDLE,0
C3B93D0B,2507827,2508205.400,2508205400,1000,1902,1935,0,0,FWD,1,,-1,IDLE,0
C3B93D0B,2507828,2508206.399,2508206399,999,1903,1935,0,0,FWD,1,,-1,IDLE,0
C3B93D0B,2507829,2508207.400,2508207400,1001,1900,1935,0,0,FWD,1,,-1,IDLE,0
C3B93D0B,2507830,2508208.399,2508208399,999,1901,1935,0,0,FWD,1,,-1,IDLE,0
C3B93D0B,2507831,2508209.400,2508209400,1001,1901,1935,0,0,FWD,1,,-1,IDLE,0
C3B93D0B,2507832,2508210.399,2508210399,999,1902,1935,0,0,FWD,1,,-1,IDLE,0
C3B93D0B,2507833,2508211.400,2508211400,1001,1901,1935,0,0,FWD,1,,-1,IDLE,0
C3B93D0B,2507834,2508212.399,2508212399,999,1902,1935,0,0,FWD,1,,-1,IDLE,0
C3B93D0B,2507835,2508213.400,2508213400,1001,1902,1935,0,0,FWD,1,,-1,IDLE,0
C3B93D0B,2507836,2508214.400,2508214400,1000,1900,1935,0,0,FWD,1,,-1,IDLE,0
C3B93D0B,2507837,2508215.400,2508215400,1000,1902,1935,0,0,FWD,1,,-1,IDLE,0
C3B93D0B,2507838,2508216.399,2508216399,999,1902,1935,0,0,FWD,1,,-1,IDLE,0
C3B93D0B,2507839,2508217.400,2508217400,1001,1901,1935,0,0,FWD,1,,-1,IDLE,0
C3B93D0B,2507840,2508218.399,2508218399,999,1902,1935,0,0,FWD,1,,-1,IDLE,0
C3B93D0B,2507841,2508219.400,2508219400,1001,1901,1935,0,0,FWD,1,,-1,IDLE,0
C3B93D0B,2507842,2508220.399,2508220399,999,1902,1935,0,0,FWD,1,,-1,IDLE,0
C3B93D0B,2507843,2508221.400,2508221400,1001,1902,1935,0,0,FWD,1,,-1,IDLE,0
C3B93D0B,2507844,2508222.399,2508222399,999,1903,1935,0,0,FWD,1,,-1,IDLE,0
C3B93D0B,2507845,2508223.400,2508223400,1001,1901,1935,0,0,FWD,1,,-1,IDLE,0
C3B93D0B,2507846,2508224.400,2508224400,1000,1901,1935,0,0,FWD,1,,-1,IDLE,0
C3B93D0B,2507847,2508225.400,2508225400,1000,1903,1935,0,0,FWD,1,,-1,IDLE,0
C3B93D0B,2507848,2508226.399,2508226399,999,1901,1935,0,0,FWD,1,,-1,IDLE,0
C3B93D0B,2507849,2508227.400,2508227400,1001,1901,1935,0,0,FWD,1,,-1,IDLE,0
C3B93D0B,2507850,2508228.399,2508228399,999,1901,1935,0,0,FWD,1,,-1,IDLE,0
C3B93D0B,2507851,2508229.400,2508229400,1001,1899,1935,0,0,FWD,1,,-1,IDLE,0
C3B93D0B,2507852,2508230.399,2508230399,999,1903,1935,0,0,FWD,1,,-1,IDLE,0
C3B93D0B,2507853,2508231.400,2508231400,1001,1904,1935,0,0,FWD,1,,-1,IDLE,0
C3B93D0B,2507854,2508232.399,2508232399,999,1901,1935,0,0,FWD,1,,-1,IDLE,0
C3B93D0B,2507855,2508233.400,2508233400,1001,1902,1935,0,0,FWD,1,,-1,IDLE,0
C3B93D0B,2507856,2508234.400,2508234400,1000,1901,1935,0,0,FWD,1,,-1,IDLE,0
C3B93D0B,2507857,2508235.400,2508235400,1000,1902,1935,0,0,FWD,1,,-1,IDLE,0
C3B93D0B,2507858,2508236.399,2508236399,999,1900,1935,0,0,FWD,1,,-1,IDLE,0
C3B93D0B,2507859,2508237.410,2508237410,1011,1902,1935,0,0,FWD,1,,-1,IDLE,0
C3B93D0B,2507860,2508238.399,2508238399,989,1903,1935,0,0,FWD,1,,-1,IDLE,0
C3B93D0B,2507861,2508239.400,2508239400,1001,1904,1935,0,0,FWD,1,,-1,IDLE,0
C3B93D0B,2507862,2508240.399,2508240399,999,1901,1935,0,0,FWD,1,,-1,IDLE,0
C3B93D0B,2507863,2508241.400,2508241400,1001,1902,1935,0,0,FWD,1,,-1,IDLE,0
C3B93D0B,2507864,2508242.399,2508242399,999,1904,1935,0,0,FWD,1,,-1,IDLE,0
C3B93D0B,2507865,2508243.403,2508243403,1004,1911,1935,0,0,FWD,1,,-1,IDLE,0
C3B93D0B,2507866,2508244.400,2508244400,997,1911,1935,0,0,FWD,1,,-1,IDLE,0
C3B93D0B,2507867,2508245.400,2508245400,1000,1911,1935,0,0,FWD,1,,-1,IDLE,0
C3B93D0B,2507868,2508246.399,2508246399,999,1911,1935,0,0,FWD,1,,-1,IDLE,0
C3B93D0B,2507869,2508247.400,2508247400,1001,1911,1935,0,0,FWD,1,,-1,IDLE,0
C3B93D0B,2507870,2508248.399,2508248399,999,1910,1935,0,0,FWD,1,,-1,IDLE,0
C3B93D0B,2507871,2508249.400,2508249400,1001,1910,1935,0,0,FWD,1,,-1,IDLE,0
C3B93D0B,2507872,2508250.399,2508250399,999,1907,1935,0,0,FWD,1,,-1,IDLE,0
C3B93D0B,2507873,2508251.400,2508251400,1001,1909,1935,0,0,FWD,1,,-1,IDLE,0
C3B93D0B,2507874,2508252.399,2508252399,999,1910,1935,0,0,FWD,1,,-1,IDLE,0
C3B93D0B,2507875,2508253.400,2508253400,1001,1910,1935,0,0,FWD,1,,-1,IDLE,0
C3B93D0B,2507876,2508254.400,2508254400,1000,1907,1935,0,0,FWD,1,,-1,IDLE,0
C3B93D0B,2507877,2508255.400,2508255400,1000,1909,1935,0,0,FWD,1,,-1,IDLE,0
C3B93D0B,2507878,2508256.399,2508256399,999,1909,1935,0,0,FWD,1,,-1,IDLE,0
C3B93D0B,2507879,2508257.569,2508257569,1170,1900,1935,0,0,FWD,1,,-1,IDLE,0
C3B93D0B,2507880,2508258.399,2508258399,830,1899,1935,0,0,FWD,1,,-1,IDLE,0
C3B93D0B,2507881,2508259.400,2508259400,1001,1902,1935,0,0,FWD,1,,-1,IDLE,0
C3B93D0B,2507882,2508260.399,2508260399,999,1901,1935,0,0,FWD,1,,-1,IDLE,0
C3B93D0B,2507883,2508261.400,2508261400,1001,1902,1935,0,0,FWD,1,,-1,IDLE,0
C3B93D0B,2507884,2508262.738,2508262738,1338,1901,1935,0,0,FWD,33,,-1,IDLE,0
C3B93D0B,2507885,2508263.400,2508263400,662,1900,1935,0,0,FWD,1,,-1,IDLE,0
C3B93D0B,2507886,2508264.400,2508264400,1000,1901,1935,0,0,FWD,1,,-1,IDLE,0
C3B93D0B,2507887,2508265.400,2508265400,1000,1903,1935,0,0,FWD,1,,-1,IDLE,0
C3B93D0B,2507888,2508266.399,2508266399,999,1903,1935,0,0,FWD,1,,-1,IDLE,0
C3B93D0B,2507889,2508267.400,2508267400,1001,1901,1935,0,0,FWD,1,,-1,IDLE,0
C3B93D0B,2507890,2508268.399,2508268399,999,1902,1935,0,0,FWD,1,,-1,IDLE,0
C3B93D0B,2507891,2508269.400,2508269400,1001,1902,1935,0,0,FWD,1,,-1,IDLE,0
C3B93D0B,2507892,2508270.399,2508270399,999,1901,1935,0,0,FWD,1,,-1,IDLE,0
C3B93D0B,2507893,2508271.400,2508271400,1001,1901,1935,0,0,FWD,1,,-1,IDLE,0
C3B93D0B,2507894,2508272.399,2508272399,999,1902,1935,0,0,FWD,1,,-1,IDLE,0
C3B93D0B,2507895,2508273.400,2508273400,1001,1902,1935,0,0,FWD,1,,-1,IDLE,0
C3B93D0B,2507896,2508274.400,2508274400,1000,1901,1935,0,0,FWD,1,,-1,IDLE,0
C3B93D0B,2507897,2508275.400,2508275400,1000,1903,1935,0,0,FWD,1,,-1,IDLE,0
C3B93D0B,2507898,2508276.399,2508276399,999,1899,1935,0,0,FWD,1,,-1,IDLE,0
C3B93D0B,2507899,2508277.400,2508277400,1001,1901,1935,0,0,FWD,1,,-1,IDLE,0
C3B93D0B,2507900,2508278.399,2508278399,999,1899,1935,0,0,FWD,1,,-1,IDLE,0
C3B93D0B,2507901,2508279.403,2508279403,1004,1910,1935,0,0,FWD,1,,-1,IDLE,0
C3B93D0B,2507902,2508280.399,2508280399,996,1910,1935,0,0,FWD,1,,-1,IDLE,0
C3B93D0B,2507903,2508281.400,2508281400,1001,1911,1935,0,0,FWD,1,,-1,IDLE,0
C3B93D0B,2507904,2508282.399,2508282399,999,1910,1935,0,0,FWD,1,,-1,IDLE,0
C3B93D0B,2507905,2508283.400,2508283400,1001,1910,1935,0,0,FWD,1,,-1,IDLE,0
C3B93D0B,2507906,2508284.400,2508284400,1000,1911,1935,0,0,FWD,1,,-1,IDLE,0
C3B93D0B,2507907,2508286.191,2508286191,1791,1900,1935,0,0,FWD,33,,-1,IDLE,0
C3B93D0B,2507908,2508286.510,2508286510,319,1901,1935,0,0,FWD,1,,-1,IDLE,0
C3B93D0B,2507909,2508287.400,2508287400,890,1902,1935,0,0,FWD,1,,-1,IDLE,0
C3B93D0B,2507910,2508288.399,2508288399,999,1903,1935,0,0,FWD,1,,-1,IDLE,0
C3B93D0B,2507911,2508289.400,2508289400,1001,1900,1935,0,0,FWD,1,,-1,IDLE,0
C3B93D0B,2507912,2508290.399,2508290399,999,1900,1935,0,0,FWD,1,,-1,IDLE,0
C3B93D0B,2507913,2508291.400,2508291400,1001,1900,1935,0,0,FWD,1,,-1,IDLE,0
C3B93D0B,2507914,2508292.399,2508292399,999,1901,1935,0,0,FWD,1,,-1,IDLE,0
C3B93D0B,2507915,2508293.403,2508293403,1004,1902,1935,0,0,FWD,1,,-1,IDLE,0
C3B93D0B,2507916,2508294.400,2508294400,997,1904,1935,0,0,FWD,1,,-1,IDLE,0
C3B93D0B,2507917,2508295.400,2508295400,1000,1901,1935,0,0,FWD,1,,-1,IDLE,0
C3B93D0B,2507918,2508296.399,2508296399,999,1902,1935,0,0,FWD,1,,-1,IDLE,0
C3B93D0B,2507919,2508297.400,2508297400,1001,1902,1935,0,0,FWD,1,,-1,IDLE,0
C3B93D0B,2507920,2508298.399,2508298399,999,1902,1935,0,0,FWD,1,,-1,IDLE,0
C3B93D0B,2507921,2508299.400,2508299400,1001,1902,1935,0,0,FWD,1,,-1,IDLE,0
C3B93D0B,2507922,2508300.399,2508300399,999,1904,1935,0,0,FWD,1,,-1,IDLE,0
C3B93D0B,2507923,2508301.400,2508301400,1001,1900,1935,0,0,FWD,1,,-1,IDLE,0
C3B93D0B,2507924,2508302.399,2508302399,999,1902,1935,0,0,FWD,1,,-1,IDLE,0
C3B93D0B,2507925,2508303.400,2508303400,1001,1902,1935,0,0,FWD,1,,-1,IDLE,0
C3B93D0B,2507926,2508304.400,2508304400,1000,1904,1935,0,0,FWD,1,,-1,IDLE,0
C3B93D0B,2507927,2508305.400,2508305400,1000,1899,1935,0,0,FWD,1,,-1,IDLE,0
C3B93D0B,2507928,2508306.399,2508306399,999,1901,1935,0,0,FWD,1,,-1,IDLE,0
C3B93D0B,2507929,2508307.400,2508307400,1001,1903,1935,0,0,FWD,1,,-1,IDLE,0
C3B93D0B,2507930,2508308.399,2508308399,999,1902,1935,0,0,FWD,1,,-1,IDLE,0
C3B93D0B,2507931,2508309.400,2508309400,1001,1900,1935,0,0,FWD,1,,-1,IDLE,0
C3B93D0B,2507932,2508310.399,2508310399,999,1903,1935,0,0,FWD,1,,-1,IDLE,0
C3B93D0B,2507933,2508311.400,2508311400,1001,1901,1935,0,0,FWD,1,,-1,IDLE,0
C3B93D0B,2507934,2508312.399,2508312399,999,1901,1935,0,0,FWD,1,,-1,IDLE,0
C3B93D0B,2507935,2508313.400,2508313400,1001,1901,1935,0,0,FWD,1,,-1,IDLE,0
C3B93D0B,2507936,2508314.400,2508314400,1000,1901,1935,0,0,FWD,1,,-1,IDLE,0
C3B93D0B,2507937,2508315.400,2508315400,1000,1903,1935,0,0,FWD,1,,-1,IDLE,0
C3B93D0B,2507938,2508316.399,2508316399,999,1902,1935,0,0,FWD,1,,-1,IDLE,0
C3B93D0B,2507939,2508317.400,2508317400,1001,1901,1935,0,0,FWD,1,,-1,IDLE,0
C3B93D0B,2507940,2508318.400,2508318400,1000,1902,1935,0,0,FWD,1,,-1,IDLE,0
C3B93D0B,2507941,2508319.400,2508319400,1000,1901,1935,0,0,FWD,1,,-1,IDLE,0
C3B93D0B,2507942,2508320.399,2508320399,999,1901,1935,0,0,FWD,1,,-1,IDLE,0
C3B93D0B,2507943,2508321.400,2508321400,1001,1901,1935,0,0,FWD,1,,-1,IDLE,0
C3B93D0B,2507944,2508322.399,2508322399,999,1903,1935,0,0,FWD,1,,-1,IDLE,0
C3B93D0B,2507945,2508323.400,2508323400,1001,1899,1935,0,0,FWD,1,,-1,IDLE,0
C3B93D0B,2507946,2508324.400,2508324400,1000,1901,1935,0,0,FWD,1,,-1,IDLE,0
C3B93D0B,2507947,2508325.401,2508325401,1001,1895,1935,0,0,FWD,1,,-1,IDLE,0
C3B93D0B,2507948,2508326.557,2508326557,1156,1901,1935,0,0,FWD,1,,-1,IDLE,0
C3B93D0B,2507949,2508329.158,2508329158,2601,1899,1935,0,0,FWD,33,,-1,IDLE,0
C3B93D0B,2507950,2508329.515,2508329515,357,1902,1935,0,0,FWD,1,,-1,IDLE,0
C3B93D0B,2507951,2508329.754,2508329754,239,1903,1935,0,0,FWD,1,,-1,IDLE,0
C3B93D0B,2507952,2508330.399,2508330399,645,1902,1935,0,0,FWD,1,,-1,IDLE,0
C3B93D0B,2507953,2508331.400,2508331400,1001,1901,1935,0,0,FWD,1,,-1,IDLE,0
C3B93D0B,2507954,2508332.399,2508332399,999,1902,1935,0,0,FWD,1,,-1,IDLE,0
C3B93D0B,2507955,2508333.400,2508333400,1001,1900,1935,0,0,FWD,1,,-1,IDLE,0
C3B93D0B,2507956,2508334.399,2508334399,999,1904,1935,0,0,FWD,1,,-1,IDLE,0
C3B93D0B,2507957,2508335.400,2508335400,1001,1899,1935,0,0,FWD,1,,-1,IDLE,0
C3B93D0B,2507958,2508336.399,2508336399,999,1902,1935,0,0,FWD,1,,-1,IDLE,0
C3B93D0B,2507959,2508337.400,2508337400,1001,1899,1935,0,0,FWD,1,,-1,IDLE,0
C3B93D0B,2507960,2508338.399,2508338399,999,1903,1935,0,0,FWD,1,,-1,IDLE,0
C3B93D0B,2507961,2508340.291,2508340291,1892,1901,1935,0,0,FWD,33,,-1,IDLE,0
C3B93D0B,2507962,2508340.827,2508340827,536,1901,1935,0,0,FWD,1,,-1,IDLE,0
C3B93D0B,2507963,2508341.915,2508341915,1088,1902,1935,0,0,FWD,1,,-1,IDLE,0
C3B93D0B,2507964,2508342.399,2508342399,484,1903,1935,0,0,FWD,1,,-1,IDLE,0
C3B93D0B,2507965,2508343.400,2508343400,1001,1902,1935,0,0,FWD,1,,-1,IDLE,0
C3B93D0B,2507966,2508344.399,2508344399,999,1902,1935,0,0,FWD,1,,-1,IDLE,0
C3B93D0B,2507967,2508345.400,2508345400,1001,1901,1935,0,0,FWD,1,,-1,IDLE,0
C3B93D0B,2507968,2508346.399,2508346399,999,1903,1935,0,0,FWD,1,,-1,IDLE,0
C3B93D0B,2507969,2508347.400,2508347400,1001,1904,1935,0,0,FWD,1,,-1,IDLE,0
C3B93D0B,2507970,2508348.399,2508348399,999,1902,1935,0,0,FWD,1,,-1,IDLE,0
C3B93D0B,2507971,2508349.401,2508349401,1002,1902,1935,0,0,FWD,1,,-1,IDLE,0
C3B93D0B,2507972,2508350.399,2508350399,998,1901,1935,0,0,FWD,1,,-1,IDLE,0
C3B93D0B,2507973,2508351.400,2508351400,1001,1901,1935,0,0,FWD,1,,-1,IDLE,0
C3B93D0B,2507974,2508352.399,2508352399,999,1901,1935,0,0,FWD,1,,-1,IDLE,0
C3B93D0B,2507975,2508353.400,2508353400,1001,1902,1935,0,0,FWD,1,,-1,IDLE,0
C3B93D0B,2507976,2508354.399,2508354399,999,1901,1935,0,0,FWD,1,,-1,IDLE,0
C3B93D0B,2507977,2508355.400,2508355400,1001,1899,1935,0,0,FWD,1,,-1,IDLE,0
C3B93D0B,2507978,2508356.399,2508356399,999,1901,1935,0,0,FWD,1,,-1,IDLE,0
C3B93D0B,2507979,2508357.400,2508357400,1001,1901,1935,0,0,FWD,1,,-1,IDLE,0
C3B93D0B,2507980,2508358.399,2508358399,999,1901,1935,0,0,FWD,1,,-1,IDLE,0
C3B93D0B,2507981,2508359.656,2508359656,1257,1901,1935,0,0,FWD,33,,-1,IDLE,0
C3B93D0B,2507982,2508360.399,2508360399,743,1902,1935,0,0,FWD,1,,-1,IDLE,0
C3B93D0B,2507983,2508361.400,2508361400,1001,1902,1935,0,0,FWD,1,,-1,IDLE,0
C3B93D0B,2507984,2508362.399,2508362399,999,1901,1935,0,0,FWD,1,,-1,IDLE,0
C3B93D0B,2507985,2508363.400,2508363400,1001,1901,1935,0,0,FWD,1,,-1,IDLE,0
C3B93D0B,2507986,2508364.399,2508364399,999,1900,1935,0,0,FWD,1,,-1,IDLE,0
C3B93D0B,2507987,2508365.400,2508365400,1001,1902,1935,0,0,FWD,1,,-1,IDLE,0
C3B93D0B,2507988,2508366.399,2508366399,999,1901,1935,0,0,FWD,1,,-1,IDLE,0
C3B93D0B,2507989,2508367.400,2508367400,1001,1902,1935,0,0,FWD,1,,-1,IDLE,0
C3B93D0B,2507990,2508368.399,2508368399,999,1901,1935,0,0,FWD,1,,-1,IDLE,0
C3B93D0B,2507991,2508369.401,2508369401,1002,1901,1935,0,0,FWD,1,,-1,IDLE,0
C3B93D0B,2507992,2508370.679,2508370679,1278,1902,1935,0,0,FWD,33,,-1,IDLE,0
C3B93D0B,2507993,2508371.400,2508371400,721,1901,1935,0,0,FWD,1,,-1,IDLE,0
C3B93D0B,2507994,2508372.399,2508372399,999,1903,1935,0,0,FWD,1,,-1,IDLE,0
C3B93D0B,2507995,2508373.400,2508373400,1001,1903,1935,0,0,FWD,1,,-1,IDLE,0
C3B93D0B,2507996,2508374.399,2508374399,999,1901,1935,0,0,FWD,1,,-1,IDLE,0
C3B93D0B,2507997,2508375.400,2508375400,1001,1901,1935,0,0,FWD,1,,-1,IDLE,0
C3B93D0B,2507998,2508376.399,2508376399,999,1902,1935,0,0,FWD,1,,-1,IDLE,0
C3B93D0B,2507999,2508377.508,2508377508,1109,1901,1935,0,0,FWD,1,,-1,IDLE,0
C3B93D0B,2508000,2508378.478,2508378478,970,1901,1935,0,0,FWD,1,,-1,IDLE,0
C3B93D0B,2508001,2508379.699,2508379699,1221,1898,1935,0,0,FWD,1,,-1,IDLE,0
C3B93D0B,2508002,2508380.922,2508380922,1223,1900,1935,0,0,FWD,1,,-1,IDLE,0
C3B93D0B,2508003,2508381.400,2508381400,478,1902,1935,0,0,FWD,1,,-1,IDLE,0
C3B93D0B,2508004,2508382.399,2508382399,999,1902,1935,0,0,FWD,1,,-1,IDLE,0
C3B93D0B,2508005,2508383.400,2508383400,1001,1901,1935,0,0,FWD,1,,-1,IDLE,0
C3B93D0B,2508006,2508384.401,2508384401,1001,1899,1935,0,0,FWD,1,,-1,IDLE,0
C3B93D0B,2508007,2508385.400,2508385400,999,1898,1935,0,0,FWD,1,,-1,IDLE,0
C3B93D0B,2508008,2508386.399,2508386399,999,1903,1935,0,0,FWD,1,,-1,IDLE,0
C3B93D0B,2508009,2508387.400,2508387400,1001,1901,1935,0,0,FWD,1,,-1,IDLE,0
C3B93D0B,2508010,2508388.399,2508388399,999,1900,1935,0,0,FWD,1,,-1,IDLE,0
C3B93D0B,2508011,2508389.400,2508389400,1001,1899,1935,0,0,FWD,1,,-1,IDLE,0
C3B93D0B,2508012,2508390.400,2508390400,1000,1901,1935,0,0,FWD,1,,-1,IDLE,0
C3B93D0B,2508013,2508391.400,2508391400,1000,1903,1935,0,0,FWD,1,,-1,IDLE,0
C3B93D0B,2508014,2508392.399,2508392399,999,1901,1935,0,0,FWD,1,,-1,IDLE,0
C3B93D0B,2508015,2508393.400,2508393400,1001,1902,1935,0,0,FWD,1,,-1,IDLE,0
C3B93D0B,2508016,2508394.399,2508394399,999,1901,1935,0,0,FWD,1,,-1,IDLE,0
C3B93D0B,2508017,2508395.400,2508395400,1001,1902,1935,0,0,FWD,1,,-1,IDLE,0
C3B93D0B,2508018,2508396.584,2508396584,1184,1901,1935,0,0,FWD,1,,-1,IDLE,0
C3B93D0B,2508019,2508397.400,2508397400,816,1902,1935,0,0,FWD,1,,-1,IDLE,0
C3B93D0B,2508020,2508398.399,2508398399,999,1902,1935,0,0,FWD,1,,-1,IDLE,0
C3B93D0B,2508021,2508399.400,2508399400,1001,1900,1935,0,0,FWD,1,,-1,IDLE,0
C3B93D0B,2508022,2508400.400,2508400400,1000,1902,1935,0,0,FWD,1,,-1,IDLE,0
C3B93D0B,2508023,2508401.400,2508401400,1000,1899,1935,0,0,FWD,1,,-1,IDLE,0
C3B93D0B,2508024,2508402.399,2508402399,999,1901,1935,0,0,FWD,1,,-1,IDLE,0
C3B93D0B,2508025,2508403.400,2508403400,1001,1902,1935,0,0,FWD,1,,-1,IDLE,0
C3B93D0B,2508026,2508404.399,2508404399,999,1901,1935,0,0,FWD,1,,-1,IDLE,0
C3B93D0B,2508027,2508405.400,2508405400,1001,1902,1935,0,0,FWD,1,,-1,IDLE,0
C3B93D0B,2508028,2508406.399,2508406399,999,1901,1935,0,0,FWD,1,,-1,IDLE,0
C3B93D0B,2508029,2508407.400,2508407400,1001,1900,1935,0,0,FWD,1,,-1,IDLE,0
C3B93D0B,2508030,2508408.399,2508408399,999,1902,1935,0,0,FWD,1,,-1,IDLE,0
C3B93D0B,2508031,2508409.400,2508409400,1001,1903,1935,0,0,FWD,1,,-1,IDLE,0
C3B93D0B,2508032,2508410.400,2508410400,1000,1902,1935,0,0,FWD,1,,-1,IDLE,0
C3B93D0B,2508033,2508411.400,2508411400,1000,1902,1935,0,0,FWD,1,,-1,IDLE,0
C3B93D0B,2508034,2508412.399,2508412399,999,1901,1935,0,0,FWD,1,,-1,IDLE,0
C3B93D0B,2508035,2508413.400,2508413400,1001,1901,1935,0,0,FWD,1,,-1,IDLE,0
C3B93D0B,2508036,2508414.399,2508414399,999,1902,1935,0,0,FWD,1,,-1,IDLE,0
C3B93D0B,2508037,2508415.400,2508415400,1001,1902,1935,0,0,FWD,1,,-1,IDLE,0
C3B93D0B,2508038,2508416.399,2508416399,999,1902,1935,0,0,FWD,1,,-1,IDLE,0
C3B93D0B,2508039,2508417.400,2508417400,1001,1902,1935,0,0,FWD,1,,-1,IDLE,0
C3B93D0B,2508040,2508418.399,2508418399,999,1902,1935,0,0,FWD,1,,-1,IDLE,0
C3B93D0B,2508041,2508419.400,2508419400,1001,1901,1935,0,0,FWD,1,,-1,IDLE,0
C3B93D0B,2508042,2508420.400,2508420400,1000,1903,1935,0,0,FWD,1,,-1,IDLE,0
C3B93D0B,2508043,2508421.400,2508421400,1000,1902,1935,0,0,FWD,1,,-1,IDLE,0
C3B93D0B,2508044,2508422.399,2508422399,999,1901,1935,0,0,FWD,1,,-1,IDLE,0
C3B93D0B,2508045,2508423.400,2508423400,1001,1903,1935,0,0,FWD,1,,-1,IDLE,0
C3B93D0B,2508046,2508424.399,2508424399,999,1902,1935,0,0,FWD,1,,-1,IDLE,0
C3B93D0B,2508047,2508425.400,2508425400,1001,1904,1935,0,0,FWD,1,,-1,IDLE,0
C3B93D0B,2508048,2508426.399,2508426399,999,1901,1935,0,0,FWD,1,,-1,IDLE,0
C3B93D0B,2508049,2508427.400,2508427400,1001,1903,1935,0,0,FWD,1,,-1,IDLE,0
C3B93D0B,2508050,2508428.399,2508428399,999,1902,1935,0,0,FWD,1,,-1,IDLE,0
C3B93D0B,2508051,2508429.400,2508429400,1001,1902,1935,0,0,FWD,1,,-1,IDLE,0
C3B93D0B,2508052,2508430.400,2508430400,1000,1902,1935,0,0,FWD,1,,-1,IDLE,0
C3B93D0B,2508053,2508431.400,2508431400,1000,1901,1935,0,0,FWD,1,,-1,IDLE,0
C3B93D0B,2508054,2508432.399,2508432399,999,1903,1935,0,0,FWD,1,,-1,IDLE,0
C3B93D0B,2508055,2508433.400,2508433400,1001,1902,1935,0,0,FWD,1,,-1,IDLE,0
C3B93D0B,2508056,2508434.399,2508434399,999,1901,1935,0,0,FWD,1,,-1,IDLE,0
C3B93D0B,2508057,2508435.400,2508435400,1001,1902,1935,0,0,FWD,1,,-1,IDLE,0
C3B93D0B,2508058,2508436.399,2508436399,999,1901,1935,0,0,FWD,1,,-1,IDLE,0
C3B93D0B,2508059,2508437.400,2508437400,1001,1901,1935,0,0,FWD,1,,-1,IDLE,0
C3B93D0B,2508060,2508438.399,2508438399,999,1903,1935,0,0,FWD,1,,-1,IDLE,0
C3B93D0B,2508061,2508439.400,2508439400,1001,1901,1935,0,0,FWD,1,,-1,IDLE,0
C3B93D0B,2508062,2508440.766,2508440766,1366,1901,1935,0,0,FWD,33,,-1,IDLE,0
C3B93D0B,2508063,2508441.400,2508441400,634,1899,1935,0,0,FWD,1,,-1,IDLE,0
C3B93D0B,2508064,2508442.399,2508442399,999,1902,1935,0,0,FWD,1,,-1,IDLE,0
C3B93D0B,2508065,2508443.400,2508443400,1001,1902,1935,0,0,FWD,1,,-1,IDLE,0
C3B93D0B,2508066,2508444.399,2508444399,999,1903,1935,0,0,FWD,1,,-1,IDLE,0
C3B93D0B,2508067,2508445.400,2508445400,1001,1902,1935,0,0,FWD,1,,-1,IDLE,0
C3B93D0B,2508068,2508446.402,2508446402,1002,1913,1935,0,0,FWD,1,,-1,IDLE,0
C3B93D0B,2508069,2508447.400,2508447400,998,1910,1935,0,0,FWD,1,,-1,IDLE,0
C3B93D0B,2508070,2508448.399,2508448399,999,1911,1935,0,0,FWD,1,,-1,IDLE,0
C3B93D0B,2508071,2508449.400,2508449400,1001,1909,1935,0,0,FWD,1,,-1,IDLE,0
C3B93D0B,2508072,2508450.400,2508450400,1000,1907,1935,0,0,FWD,1,,-1,IDLE,0
C3B93D0B,2508073,2508451.400,2508451400,1000,1909,1935,0,0,FWD,1,,-1,IDLE,0
C3B93D0B,2508074,2508452.399,2508452399,999,1906,1935,0,0,FWD,1,,-1,IDLE,0
C3B93D0B,2508075,2508453.400,2508453400,1001,1908,1935,0,0,FWD,1,,-1,IDLE,0
C3B93D0B,2508076,2508454.399,2508454399,999,1909,1935,0,0,FWD,1,,-1,IDLE,0
C3B93D0B,2508077,2508455.400,2508455400,1001,1909,1935,0,0,FWD,1,,-1,IDLE,0
C3B93D0B,2508078,2508456.399,2508456399,999,1908,1935,0,0,FWD,1,,-1,IDLE,0
C3B93D0B,2508079,2508457.400,2508457400,1001,1908,1935,0,0,FWD,1,,-1,IDLE,0
C3B93D0B,2508080,2508458.399,2508458399,999,1906,1935,0,0,FWD,1,,-1,IDLE,0
C3B93D0B,2508081,2508459.400,2508459400,1001,1907,1935,0,0,FWD,1,,-1,IDLE,0
C3B93D0B,2508082,2508460.400,2508460400,1000,1906,1935,0,0,FWD,1,,-1,IDLE,0
C3B93D0B,2508083,2508461.400,2508461400,1000,1907,1935,0,0,FWD,1,,-1,IDLE,0
C3B93D0B,2508084,2508462.399,2508462399,999,1898,1935,0,0,FWD,1,,-1,IDLE,0
C3B93D0B,2508085,2508463.400,2508463400,1001,1899,1935,0,0,FWD,1,,-1,IDLE,0
C3B93D0B,2508086,2508464.399,2508464399,999,1901,1935,0,0,FWD,1,,-1,IDLE,0
C3B93D0B,2508087,2508465.400,2508465400,1001,1898,1935,0,0,FWD,1,,-1,IDLE,0
C3B93D0B,2508088,2508466.399,2508466399,999,1898,1935,0,0,FWD,1,,-1,IDLE,0
C3B93D0B,2508089,2508467.400,2508467400,1001,1898,1935,0,0,FWD,1,,-1,IDLE,0
C3B93D0B,2508090,2508468.399,2508468399,999,1902,1935,0,0,FWD,1,,-1,IDLE,0
C3B93D0B,2508091,2508469.400,2508469400,1001,1902,1935,0,0,FWD,1,,-1,IDLE,0
C3B93D0B,2508092,2508470.901,2508470901,1501,1910,1935,0,0,FWD,33,,-1,IDLE,0
C3B93D0B,2508093,2508471.400,2508471400,499,1911,1935,0,0,FWD,1,,-1,IDLE,0
C3B93D0B,2508094,2508472.399,2508472399,999,1910,1935,0,0,FWD,1,,-1,IDLE,0
C3B93D0B,2508095,2508473.400,2508473400,1001,1909,1935,0,0,FWD,1,,-1,IDLE,0
C3B93D0B,2508096,2508474.399,2508474399,999,1908,1935,0,0,FWD,1,,-1,IDLE,0
C3B93D0B,2508097,2508475.400,2508475400,1001,1906,1935,0,0,FWD,1,,-1,IDLE,0
C3B93D0B,2508098,2508476.399,2508476399,999,1909,1935,0,0,FWD,1,,-1,IDLE,0
C3B93D0B,2508099,2508477.400,2508477400,1001,1908,1935,0,0,FWD,1,,-1,IDLE,0
C3B93D0B,2508100,2508478.399,2508478399,999,1907,1935,0,0,FWD,1,,-1,IDLE,0
C3B93D0B,2508101,2508479.400,2508479400,1001,1907,1935,0,0,FWD,1,,-1,IDLE,0
C3B93D0B,2508102,2508480.400,2508480400,1000,1908,1935,0,0,FWD,1,,-1,IDLE,0
C3B93D0B,2508103,2508482.162,2508482162,1762,1899,1935,0,0,FWD,33,,-1,IDLE,0
C3B93D0B,2508104,2508482.474,2508482474,312,1899,1935,0,0,FWD,1,,-1,IDLE,0
C3B93D0B,2508105,2508483.400,2508483400,926,1902,1935,0,0,FWD,1,,-1,IDLE,0
C3B93D0B,2508106,2508484.399,2508484399,999,1900,1935,0,0,FWD,1,,-1,IDLE,0
C3B93D0B,2508107,2508485.400,2508485400,1001,1902,1935,0,0,FWD,1,,-1,IDLE,0
C3B93D0B,2508108,2508486.399,2508486399,999,1899,1935,0,0,FWD,1,,-1,IDLE,0
C3B93D0B,2508109,2508487.520,2508487520,1121,1903,1935,0,0,FWD,1,,-1,IDLE,0
C3B93D0B,2508110,2508488.399,2508488399,879,1899,1935,0,0,FWD,1,,-1,IDLE,0
C3B93D0B,2508111,2508489.400,2508489400,1001,1901,1935,0,0,FWD,1,,-1,IDLE,0
C3B93D0B,2508112,2508490.400,2508490400,1000,1902,1935,0,0,FWD,1,,-1,IDLE,0
C3B93D0B,2508113,2508491.400,2508491400,1000,1901,1935,0,0,FWD,1,,-1,IDLE,0
C3B93D0B,2508114,2508492.399,2508492399,999,1902,1935,0,0,FWD,1,,-1,IDLE,0
C3B93D0B,2508115,2508493.400,2508493400,1001,1901,1935,0,0,FWD,1,,-1,IDLE,0
C3B93D0B,2508116,2508494.399,2508494399,999,1902,1935,0,0,FWD,1,,-1,IDLE,0
C3B93D0B,2508117,2508495.400,2508495400,1001,1901,1935,0,0,FWD,1,,-1,IDLE,0
C3B93D0B,2508118,2508496.399,2508496399,999,1903,1935,0,0,FWD,1,,-1,IDLE,0
C3B93D0B,2508119,2508497.400,2508497400,1001,1902,1935,0,0,FWD,1,,-1,IDLE,0
C3B93D0B,2508120,2508498.399,2508498399,999,1904,1935,0,0,FWD,1,,-1,IDLE,0
C3B93D0B,2508121,2508499.400,2508499400,1001,1902,1935,0,0,FWD,1,,-1,IDLE,0
C3B93D0B,2508122,2508500.400,2508500400,1000,1901,1935,0,0,FWD,1,,-1,IDLE,0
C3B93D0B,2508123,2508501.400,2508501400,1000,1900,1935,0,0,FWD,1,,-1,IDLE,0
C3B93D0B,2508124,2508502.399,2508502399,999,1903,1935,0,0,FWD,1,,-1,IDLE,0
C3B93D0B,2508125,2508503.400,2508503400,1001,1901,1935,0,0,FWD,1,,-1,IDLE,0
C3B93D0B,2508126,2508504.399,2508504399,999,1901,1935,0,0,FWD,1,,-1,IDLE,0
C3B93D0B,2508127,2508505.400,2508505400,1001,1901,1935,0,0,FWD,1,,-1,IDLE,0
C3B93D0B,2508128,2508506.399,2508506399,999,1901,1935,0,0,FWD,1,,-1,IDLE,0
C3B93D0B,2508129,2508507.400,2508507400,1001,1901,1935,0,0,FWD,1,,-1,IDLE,0
C3B93D0B,2508130,2508508.399,2508508399,999,1903,1935,0,0,FWD,1,,-1,IDLE,0
C3B93D0B,2508131,2508509.400,2508509400,1001,1899,1935,0,0,FWD,1,,-1,IDLE,0
C3B93D0B,2508132,2508510.400,2508510400,1000,1901,1935,0,0,FWD,1,,-1,IDLE,0
C3B93D0B,2508133,2508511.400,2508511400,1000,1902,1935,0,0,FWD,1,,-1,IDLE,0
C3B93D0B,2508134,2508512.399,2508512399,999,1902,1935,0,0,FWD,1,,-1,IDLE,0
C3B93D0B,2508135,2508513.400,2508513400,1001,1904,1935,0,0,FWD,1,,-1,IDLE,0
C3B93D0B,2508136,2508514.399,2508514399,999,1901,1935,0,0,FWD,1,,-1,IDLE,0
C3B93D0B,2508137,2508515.400,2508515400,1001,1901,1935,0,0,FWD,1,,-1,IDLE,0
C3B93D0B,2508138,2508516.399,2508516399,999,1901,1935,0,0,FWD,1,,-1,IDLE,0
C3B93D0B,2508139,2508517.400,2508517400,1001,1903,1935,0,0,FWD,1,,-1,IDLE,0
C3B93D0B,2508140,2508518.399,2508518399,999,1901,1935,0,0,FWD,1,,-1,IDLE,0
C3B93D0B,2508141,2508519.400,2508519400,1001,1899,1935,0,0,FWD,1,,-1,IDLE,0
C3B93D0B,2508142,2508520.400,2508520400,1000,1899,1935,0,0,FWD,1,,-1,IDLE,0
C3B93D0B,2508143,2508521.402,2508521402,1002,1899,1935,0,0,FWD,1,,-1,IDLE,0
C3B93D0B,2508144,2508522.439,2508522439,1037,1903,1935,0,0,FWD,1,,-1,IDLE,0
C3B93D0B,2508145,2508523.400,2508523400,961,1901,1935,0,0,FWD,1,,-1,IDLE,0
C3B93D0B,2508146,2508524.399,2508524399,999,1902,1935,0,0,FWD,1,,-1,IDLE,0
C3B93D0B,2508147,2508525.400,2508525400,1001,1902,1935,0,0,FWD,1,,-1,IDLE,0
C3B93D0B,2508148,2508526.399,2508526399,999,1902,1935,0,0,FWD,1,,-1,IDLE,0
C3B93D0B,2508149,2508527.400,2508527400,1001,1901,1935,0,0,FWD,1,,-1,IDLE,0
C3B93D0B,2508150,2508528.399,2508528399,999,1902,1935,0,0,FWD,1,,-1,IDLE,0
C3B93D0B,2508151,2508529.400,2508529400,1001,1902,1935,0,0,FWD,1,,-1,IDLE,0
C3B93D0B,2508152,2508530.399,2508530399,999,1902,1935,0,0,FWD,1,,-1,IDLE,0
C3B93D0B,2508153,2508531.401,2508531401,1002,1902,1935,0,0,FWD,1,,-1,IDLE,0
C3B93D0B,2508154,2508532.399,2508532399,998,1902,1935,0,0,FWD,1,,-1,IDLE,0
C3B93D0B,2508155,2508533.400,2508533400,1001,1902,1935,0,0,FWD,1,,-1,IDLE,0
C3B93D0B,2508156,2508534.399,2508534399,999,1902,1935,0,0,FWD,1,,-1,IDLE,0
C3B93D0B,2508157,2508535.400,2508535400,1001,1901,1935,0,0,FWD,1,,-1,IDLE,0
C3B93D0B,2508158,2508536.399,2508536399,999,1899,1935,0,0,FWD,1,,-1,IDLE,0
C3B93D0B,2508159,2508537.400,2508537400,1001,1900,1935,0,0,FWD,1,,-1,IDLE,0
C3B93D0B,2508160,2508538.399,2508538399,999,1903,1935,0,0,FWD,1,,-1,IDLE,0
C3B93D0B,2508161,2508539.400,2508539400,1001,1901,1935,0,0,FWD,1,,-1,IDLE,0
C3B93D0B,2508162,2508540.399,2508540399,999,1901,1935,0,0,FWD,1,,-1,IDLE,0
C3B93D0B,2508163,2508541.401,2508541401,1002,1901,1935,0,0,FWD,1,,-1,IDLE,0
C3B93D0B,2508164,2508542.400,2508542400,999,1901,1935,0,0,FWD,1,,-1,IDLE,0
C3B93D0B,2508165,2508543.400,2508543400,1000,1901,1935,0,0,FWD,1,,-1,IDLE,0
C3B93D0B,2508166,2508544.399,2508544399,999,1903,1935,0,0,FWD,1,,-1,IDLE,0
C3B93D0B,2508167,2508545.400,2508545400,1001,1903,1935,0,0,FWD,1,,-1,IDLE,0
C3B93D0B,2508168,2508546.399,2508546399,999,1903,1935,0,0,FWD,1,,-1,IDLE,0
C3B93D0B,2508169,2508547.400,2508547400,1001,1902,1935,0,0,FWD,1,,-1,IDLE,0
C3B93D0B,2508170,2508548.399,2508548399,999,1903,1935,0,0,FWD,1,,-1,IDLE,0
C3B93D0B,2508171,2508549.400,2508549400,1001,1901,1935,0,0,FWD,1,,-1,IDLE,0
C3B93D0B,2508172,2508550.399,2508550399,999,1902,1935,0,0,FWD,1,,-1,IDLE,0
C3B93D0B,2508173,2508551.401,2508551401,1002,1900,1935,0,0,FWD,1,,-1,IDLE,0
C3B93D0B,2508174,2508552.399,2508552399,998,1901,1935,0,0,FWD,1,,-1,IDLE,0
C3B93D0B,2508175,2508553.400,2508553400,1001,1902,1935,0,0,FWD,1,,-1,IDLE,0
C3B93D0B,2508176,2508554.399,2508554399,999,1902,1935,0,0,FWD,1,,-1,IDLE,0
C3B93D0B,2508177,2508555.400,2508555400,1001,1902,1935,0,0,FWD,1,,-1,IDLE,0
C3B93D0B,2508178,2508556.399,2508556399,999,1901,1935,0,0,FWD,1,,-1,IDLE,0
C3B93D0B,2508179,2508557.400,2508557400,1001,1902,1935,0,0,FWD,1,,-1,IDLE,0
C3B93D0B,2508180,2508558.399,2508558399,999,1902,1935,0,0,FWD,1,,-1,IDLE,0
C3B93D0B,2508181,2508559.400,2508559400,1001,1900,1935,0,0,FWD,1,,-1,IDLE,0
C3B93D0B,2508182,2508560.399,2508560399,999,1904,1935,0,0,FWD,1,,-1,IDLE,0
C3B93D0B,2508183,2508561.401,2508561401,1002,1899,1935,0,0,FWD,1,,-1,IDLE,0
C3B93D0B,2508184,2508562.399,2508562399,998,1902,1935,0,0,FWD,1,,-1,IDLE,0
C3B93D0B,2508185,2508563.400,2508563400,1001,1902,1935,0,0,FWD,1,,-1,IDLE,0
C3B93D0B,2508186,2508564.399,2508564399,999,1903,1935,0,0,FWD,1,,-1,IDLE,0
C3B93D0B,2508187,2508565.400,2508565400,1001,1901,1935,0,0,FWD,1,,-1,IDLE,0
C3B93D0B,2508188,2508566.399,2508566399,999,1902,1935,0,0,FWD,1,,-1,IDLE,0
C3B93D0B,2508189,2508567.400,2508567400,1001,1899,1935,0,0,FWD,1,,-1,IDLE,0
C3B93D0B,2508190,2508568.399,2508568399,999,1903,1935,0,0,FWD,1,,-1,IDLE,0
C3B93D0B,2508191,2508569.400,2508569400,1001,1899,1935,0,0,FWD,1,,-1,IDLE,0
C3B93D0B,2508192,2508570.741,2508570741,1341,1902,1935,0,0,FWD,33,,-1,IDLE,0
C3B93D0B,2508193,2508571.401,2508571401,660,1902,1935,0,0,FWD,1,,-1,IDLE,0
C3B93D0B,2508194,2508572.399,2508572399,998,1900,1935,0,0,FWD,1,,-1,IDLE,0
C3B93D0B,2508195,2508573.400,2508573400,1001,1901,1935,0,0,FWD,1,,-1,IDLE,0
C3B93D0B,2508196,2508574.399,2508574399,999,1902,1935,0,0,FWD,1,,-1,IDLE,0
C3B93D0B,2508197,2508575.400,2508575400,1001,1902,1935,0,0,FWD,1,,-1,IDLE,0
C3B93D0B,2508198,2508576.399,2508576399,999,1901,1935,0,0,FWD,1,,-1,IDLE,0
C3B93D0B,2508199,2508577.400,2508577400,1001,1903,1935,0,0,FWD,1,,-1,IDLE,0
C3B93D0B,2508200,2508578.399,2508578399,999,1901,1935,0,0,FWD,1,,-1,IDLE,0
C3B93D0B,2508201,2508579.403,2508579403,1004,1910,1935,0,0,FWD,1,,-1,IDLE,0
C3B93D0B,2508202,2508580.399,2508580399,996,1910,1935,0,0,FWD,1,,-1,IDLE,0
C3B93D0B,2508203,2508581.401,2508581401,1002,1910,1935,0,0,FWD,1,,-1,IDLE,0
C3B93D0B,2508204,2508583.186,2508583186,1785,1899,1935,0,0,FWD,33,,-1,IDLE,0
C3B93D0B,2508205,2508583.499,2508583499,313,1902,1935,0,0,FWD,1,,-1,IDLE,0
C3B93D0B,2508206,2508584.400,2508584400,901,1901,1935,0,0,FWD,1,,-1,IDLE,0
C3B93D0B,2508207,2508585.399,2508585399,999,1903,1935,0,0,FWD,1,,-1,IDLE,0
C3B93D0B,2508208,2508586.400,2508586400,1001,1900,1935,0,0,FWD,1,,-1,IDLE,0
C3B93D0B,2508209,2508587.399,2508587399,999,1900,1935,0,0,FWD,1,,-1,IDLE,0
C3B93D0B,2508210,2508588.400,2508588400,1001,1901,1935,0,0,FWD,1,,-1,IDLE,0
C3B93D0B,2508211,2508589.399,2508589399,999,1901,1935,0,0,FWD,1,,-1,IDLE,0
C3B93D0B,2508212,2508590.400,2508590400,1001,1899,1935,0,0,FWD,1,,-1,IDLE,0
C3B93D0B,2508213,2508591.400,2508591400,1000,1901,1935,0,0,FWD,1,,-1,IDLE,0
C3B93D0B,2508214,2508592.400,2508592400,1000,1902,1935,0,0,FWD,1,,-1,IDLE,0
C3B93D0B,2508215,2508593.399,2508593399,999,1899,1935,0,0,FWD,1,,-1,IDLE,0
C3B93D0B,2508216,2508594.400,2508594400,1001,1900,1935,0,0,FWD,1,,-1,IDLE,0
C3B93D0B,2508217,2508595.399,2508595399,999,1903,1935,0,0,FWD,1,,-1,IDLE,0
C3B93D0B,2508218,2508596.400,2508596400,1001,1902,1935,0,0,FWD,1,,-1,IDLE,0
C3B93D0B,2508219,2508597.399,2508597399,999,1901,1935,0,0,FWD,1,,-1,IDLE,0
C3B93D0B,2508220,2508598.400,2508598400,1001,1901,1935,0,0,FWD,1,,-1,IDLE,0
C3B93D0B,2508221,2508599.399,2508599399,999,1902,1935,0,0,FWD,1,,-1,IDLE,0
C3B93D0B,2508222,2508600.400,2508600400,1001,1903,1935,0,0,FWD,1,,-1,IDLE,0
C3B93D0B,2508223,2508601.400,2508601400,1000,1901,1935,0,0,FWD,1,,-1,IDLE,0
C3B93D0B,2508224,2508602.400,2508602400,1000,1903,1935,0,0,FWD,1,,-1,IDLE,0
C3B93D0B,2508225,2508603.399,2508603399,999,1901,1935,0,0,FWD,1,,-1,IDLE,0
C3B93D0B,2508226,2508604.400,2508604400,1001,1901,1935,0,0,FWD,1,,-1,IDLE,0
C3B93D0B,2508227,2508605.399,2508605399,999,1899,1935,0,0,FWD,1,,-1,IDLE,0
C3B93D0B,2508228,2508606.400,2508606400,1001,1901,1935,0,0,FWD,1,,-1,IDLE,0
C3B93D0B,2508229,2508607.399,2508607399,999,1902,1935,0,0,FWD,1,,-1,IDLE,0
C3B93D0B,2508230,2508608.400,2508608400,1001,1899,1935,0,0,FWD,1,,-1,IDLE,0
C3B93D0B,2508231,2508609.399,2508609399,999,1901,1935,0,0,FWD,1,,-1,IDLE,0
C3B93D0B,2508232,2508610.400,2508610400,1001,1899,1935,0,0,FWD,1,,-1,IDLE,0
C3B93D0B,2508233,2508611.400,2508611400,1000,1902,1935,0,0,FWD,1,,-1,IDLE,0
C3B93D0B,2508234,2508612.400,2508612400,1000,1901,1935,0,0,FWD,1,,-1,IDLE,0
C3B93D0B,2508235,2508613.399,2508613399,999,1903,1935,0,0,FWD,1,,-1,IDLE,0
C3B93D0B,2508236,2508614.400,2508614400,1001,1902,1935,0,0,FWD,1,,-1,IDLE,0
C3B93D0B,2508237,2508615.399,2508615399,999,1903,1935,0,0,FWD,1,,-1,IDLE,0
C3B93D0B,2508238,2508616.400,2508616400,1001,1902,1935,0,0,FWD,1,,-1,IDLE,0
C3B93D0B,2508239,2508617.399,2508617399,999,1902,1935,0,0,FWD,1,,-1,IDLE,0
C3B93D0B,2508240,2508618.400,2508618400,1001,1903,1935,0,0,FWD,1,,-1,IDLE,0
C3B93D0B,2508241,2508619.399,2508619399,999,1901,1935,0,0,FWD,1,,-1,IDLE,0
C3B93D0B,2508242,2508620.400,2508620400,1001,1899,1935,0,0,FWD,1,,-1,IDLE,0
C3B93D0B,2508243,2508621.400,2508621400,1000,1900,1935,0,0,FWD,1,,-1,IDLE,0
C3B93D0B,2508244,2508622.400,2508622400,1000,1902,1935,0,0,FWD,1,,-1,IDLE,0
C3B93D0B,2508245,2508623.399,2508623399,999,1901,1935,0,0,FWD,1,,-1,IDLE,0
C3B93D0B,2508246,2508624.400,2508624400,1001,1903,1935,0,0,FWD,1,,-1,IDLE,0
C3B93D0B,2508247,2508625.399,2508625399,999,1903,1935,0,0,FWD,1,,-1,IDLE,0
C3B93D0B,2508248,2508626.400,2508626400,1001,1901,1935,0,0,FWD,1,,-1,IDLE,0
C3B93D0B,2508249,2508627.399,2508627399,999,1902,1935,0,0,FWD,1,,-1,IDLE,0
C3B93D0B,2508250,2508628.400,2508628400,1001,1902,1935,0,0,FWD,1,,-1,IDLE,0
C3B93D0B,2508251,2508629.399,2508629399,999,1903,1935,0,0,FWD,1,,-1,IDLE,0
C3B93D0B,2508252,2508630.400,2508630400,1001,1900,1935,0,0,FWD,1,,-1,IDLE,0
C3B93D0B,2508253,2508631.400,2508631400,1000,1902,1935,0,0,FWD,1,,-1,IDLE,0
C3B93D0B,2508254,2508632.400,2508632400,1000,1901,1935,0,0,FWD,1,,-1,IDLE,0
C3B93D0B,2508255,2508633.399,2508633399,999,1902,1935,0,0,FWD,1,,-1,IDLE,0
C3B93D0B,2508256,2508634.400,2508634400,1001,1901,1935,0,0,FWD,1,,-1,IDLE,0
C3B93D0B,2508257,2508635.399,2508635399,999,1900,1935,0,0,FWD,1,,-1,IDLE,0
C3B93D0B,2508258,2508636.400,2508636400,1001,1901,1935,0,0,FWD,1,,-1,IDLE,0
C3B93D0B,2508259,2508637.399,2508637399,999,1901,1935,0,0,FWD,1,,-1,IDLE,0
C3B93D0B,2508260,2508638.400,2508638400,1001,1902,1935,0,0,FWD,1,,-1,IDLE,0
C3B93D0B,2508261,2508639.399,2508639399,999,1901,1935,0,0,FWD,1,,-1,IDLE,0
C3B93D0B,2508262,2508640.403,2508640403,1004,1901,1935,0,0,FWD,1,,-1,IDLE,0
C3B93D0B,2508263,2508641.400,2508641400,997,1899,1935,0,0,FWD,1,,-1,IDLE,0
C3B93D0B,2508264,2508642.400,2508642400,1000,1903,1935,0,0,FWD,1,,-1,IDLE,0
C3B93D0B,2508265,2508643.399,2508643399,999,1901,1935,0,0,FWD,1,,-1,IDLE,0
C3B93D0B,2508266,2508644.400,2508644400,1001,1903,1935,0,0,FWD,1,,-1,IDLE,0
C3B93D0B,2508267,2508645.399,2508645399,999,1901,1935,0,0,FWD,1,,-1,IDLE,0
C3B93D0B,2508268,2508646.596,2508646596,1197,1902,1935,0,0,FWD,1,,-1,IDLE,0
C3B93D0B,2508269,2508647.399,2508647399,803,1901,1935,0,0,FWD,1,,-1,IDLE,0
C3B93D0B,2508270,2508648.400,2508648400,1001,1901,1935,0,0,FWD,1,,-1,IDLE,0
C3B93D0B,2508271,2508649.399,2508649399,999,1902,1935,0,0,FWD,1,,-1,IDLE,0
C3B93D0B,2508272,2508650.400,2508650400,1001,1901,1935,0,0,FWD,1,,-1,IDLE,0
C3B93D0B,2508273,2508651.400,2508651400,1000,1902,1935,0,0,FWD,1,,-1,IDLE,0
C3B93D0B,2508274,2508652.400,2508652400,1000,1899,1935,0,0,FWD,1,,-1,IDLE,0
C3B93D0B,2508275,2508653.399,2508653399,999,1901,1935,0,0,FWD,1,,-1,IDLE,0
C3B93D0B,2508276,2508654.400,2508654400,1001,1901,1935,0,0,FWD,1,,-1,IDLE,0
C3B93D0B,2508277,2508655.399,2508655399,999,1901,1935,0,0,FWD,1,,-1,IDLE,0
C3B93D0B,2508278,2508656.400,2508656400,1001,1904,1935,0,0,FWD,1,,-1,IDLE,0
C3B93D0B,2508279,2508657.399,2508657399,999,1904,1935,0,0,FWD,1,,-1,IDLE,0
C3B93D0B,2508280,2508658.403,2508658403,1004,1911,1935,0,0,FWD,1,,-1,IDLE,0
C3B93D0B,2508281,2508659.399,2508659399,996,1911,1935,0,0,FWD,1,,-1,IDLE,0
C3B93D0B,2508282,2508660.400,2508660400,1001,1911,1935,0,0,FWD,1,,-1,IDLE,0
C3B93D0B,2508283,2508661.400,2508661400,1000,1911,1935,0,0,FWD,1,,-1,IDLE,0
C3B93D0B,2508284,2508662.400,2508662400,1000,1909,1935,0,0,FWD,1,,-1,IDLE,0
C3B93D0B,2508285,2508663.399,2508663399,999,1909,1935,0,0,FWD,1,,-1,IDLE,0
C3B93D0B,2508286,2508664.400,2508664400,1001,1907,1935,0,0,FWD,1,,-1,IDLE,0
C3B93D0B,2508287,2508665.399,2508665399,999,1911,1935,0,0,FWD,1,,-1,IDLE,0
C3B93D0B,2508288,2508666.927,2508666927,1528,1902,1935,0,0,FWD,33,,-1,IDLE,0
C3B93D0B,2508289,2508667.399,2508667399,472,1899,1935,0,0,FWD,1,,-1,IDLE,0
C3B93D0B,2508290,2508668.400,2508668400,1001,1898,1935,0,0,FWD,1,,-1,IDLE,0
C3B93D0B,2508291,2508669.399,2508669399,999,1903,1935,0,0,FWD,1,,-1,IDLE,0
C3B93D0B,2508292,2508670.400,2508670400,1001,1901,1935,0,0,FWD,1,,-1,IDLE,0
C3B93D0B,2508293,2508671.400,2508671400,1000,1911,1935,0,0,FWD,1,,-1,IDLE,0
C3B93D0B,2508294,2508672.544,2508672544,1144,1909,1935,0,0,FWD,1,,-1,IDLE,0
C3B93D0B,2508295,2508673.399,2508673399,855,1911,1935,0,0,FWD,1,,-1,IDLE,0
C3B93D0B,2508296,2508674.400,2508674400,1001,1908,1935,0,0,FWD,1,,-1,IDLE,0
C3B93D0B,2508297,2508675.399,2508675399,999,1909,1935,0,0,FWD,1,,-1,IDLE,0
C3B93D0B,2508298,2508676.400,2508676400,1001,1909,1935,0,0,FWD,1,,-1,IDLE,0
C3B93D0B,2508299,2508677.399,2508677399,999,1908,1935,0,0,FWD,1,,-1,IDLE,0
C3B93D0B,2508300,2508678.400,2508678400,1001,1909,1935,0,0,FWD,1,,-1,IDLE,0
C3B93D0B,2508301,2508679.399,2508679399,999,1910,1935,0,0,FWD,1,,-1,IDLE,0
C3B93D0B,2508302,2508680.400,2508680400,1001,1909,1935,0,0,FWD,1,,-1,IDLE,0
C3B93D0B,2508303,2508681.400,2508681400,1000,1911,1935,0,0,FWD,1,,-1,IDLE,0
C3B93D0B,2508304,2508683.168,2508683168,1768,1902,1935,0,0,FWD,33,,-1,IDLE,0
C3B93D0B,2508305,2508683.479,2508683479,311,1899,1935,0,0,FWD,1,,-1,IDLE,0
C3B93D0B,2508306,2508684.400,2508684400,921,1900,1935,0,0,FWD,1,,-1,IDLE,0
C3B93D0B,2508307,2508685.399,2508685399,999,1901,1935,0,0,FWD,1,,-1,IDLE,0
C3B93D0B,2508308,2508686.400,2508686400,1001,1902,1935,0,0,FWD,1,,-1,IDLE,0
C3B93D0B,2508309,2508687.399,2508687399,999,1901,1935,0,0,FWD,1,,-1,IDLE,0
C3B93D0B,2508310,2508688.400,2508688400,1001,1899,1935,0,0,FWD,1,,-1,IDLE,0
C3B93D0B,2508311,2508689.451,2508689451,1051,1902,1935,0,0,FWD,1,,-1,IDLE,0
C3B93D0B,2508312,2508690.400,2508690400,949,1903,1935,0,0,FWD,1,,-1,IDLE,0
C3B93D0B,2508313,2508691.400,2508691400,1000,1901,1935,0,0,FWD,1,,-1,IDLE,0
C3B93D0B,2508314,2508692.400,2508692400,1000,1902,1935,0,0,FWD,1,,-1,IDLE,0
C3B93D0B,2508315,2508693.399,2508693399,999,1903,1935,0,0,FWD,1,,-1,IDLE,0
C3B93D0B,2508316,2508694.400,2508694400,1001,1900,1935,0,0,FWD,1,,-1,IDLE,0
C3B93D0B,2508317,2508695.399,2508695399,999,1902,1935,0,0,FWD,1,,-1,IDLE,0
C3B93D0B,2508318,2508696.400,2508696400,1001,1902,1935,0,0,FWD,1,,-1,IDLE,0
C3B93D0B,2508319,2508697.399,2508697399,999,1901,1935,0,0,FWD,1,,-1,IDLE,0
C3B93D0B,2508320,2508698.400,2508698400,1001,1903,1935,0,0,FWD,1,,-1,IDLE,0
C3B93D0B,2508321,2508699.399,2508699399,999,1902,1935,0,0,FWD,1,,-1,IDLE,0
C3B93D0B,2508322,2508700.400,2508700400,1001,1903,1935,0,0,FWD,1,,-1,IDLE,0
C3B93D0B,2508323,2508701.400,2508701400,1000,1901,1935,0,0,FWD,1,,-1,IDLE,0
C3B93D0B,2508324,2508702.400,2508702400,1000,1901,1935,0,0,FWD,1,,-1,IDLE,0
C3B93D0B,2508325,2508703.399,2508703399,999,1902,1935,0,0,FWD,1,,-1,IDLE,0
C3B93D0B,2508326,2508704.400,2508704400,1001,1901,1935,0,0,FWD,1,,-1,IDLE,0
C3B93D0B,2508327,2508705.399,2508705399,999,1903,1935,0,0,FWD,1,,-1,IDLE,0
C3B93D0B,2508328,2508706.400,2508706400,1001,1902,1935,0,0,FWD,1,,-1,IDLE,0
C3B93D0B,2508329,2508707.399,2508707399,999,1902,1935,0,0,FWD,1,,-1,IDLE,0
C3B93D0B,2508330,2508708.400,2508708400,1001,1902,1935,0,0,FWD,1,,-1,IDLE,0
C3B93D0B,2508331,2508709.399,2508709399,999,1899,1935,0,0,FWD,1,,-1,IDLE,0
C3B93D0B,2508332,2508710.400,2508710400,1001,1903,1935,0,0,FWD,1,,-1,IDLE,0
C3B93D0B,2508333,2508711.400,2508711400,1000,1902,1935,0,0,FWD,1,,-1,IDLE,0
C3B93D0B,2508334,2508712.400,2508712400,1000,1901,1935,0,0,FWD,1,,-1,IDLE,0
C3B93D0B,2508335,2508713.399,2508713399,999,1903,1935,0,0,FWD,1,,-1,IDLE,0
C3B93D0B,2508336,2508714.400,2508714400,1001,1903,1935,0,0,FWD,1,,-1,IDLE,0
C3B93D0B,2508337,2508715.399,2508715399,999,1902,1935,0,0,FWD,1,,-1,IDLE,0
C3B93D0B,2508338,2508716.400,2508716400,1001,1899,1935,0,0,FWD,1,,-1,IDLE,0
C3B93D0B,2508339,2508717.399,2508717399,999,1903,1935,0,0,FWD,1,,-1,IDLE,0
C3B93D0B,2508340,2508718.400,2508718400,1001,1904,1935,0,0,FWD,1,,-1,IDLE,0
C3B93D0B,2508341,2508719.399,2508719399,999,1902,1935,0,0,FWD,1,,-1,IDLE,0
C3B93D0B,2508342,2508720.400,2508720400,1001,1903,1935,0,0,FWD,1,,-1,IDLE,0
C3B93D0B,2508343,2508721.400,2508721400,1000,1903,1935,0,0,FWD,1,,-1,IDLE,0
C3B93D0B,2508344,2508722.400,2508722400,1000,1903,1935,0,0,FWD,1,,-1,IDLE,0
C3B93D0B,2508345,2508723.399,2508723399,999,1902,1935,0,0,FWD,1,,-1,IDLE,0
C3B93D0B,2508346,2508724.400,2508724400,1001,1899,1935,0,0,FWD,1,,-1,IDLE,0
C3B93D0B,2508347,2508725.399,2508725399,999,1902,1935,0,0,FWD,1,,-1,IDLE,0
C3B93D0B,2508348,2508726.400,2508726400,1001,1901,1935,0,0,FWD,1,,-1,IDLE,0
C3B93D0B,2508349,2508727.399,2508727399,999,1901,1935,0,0,FWD,1,,-1,IDLE,0
C3B93D0B,2508350,2508728.400,2508728400,1001,1901,1935,0,0,FWD,1,,-1,IDLE,0
C3B93D0B,2508351,2508729.399,2508729399,999,1902,1935,0,0,FWD,1,,-1,IDLE,0
C3B93D0B,2508352,2508730.400,2508730400,1001,1901,1935,0,0,FWD,1,,-1,IDLE,0
C3B93D0B,2508353,2508731.400,2508731400,1000,1901,1935,0,0,FWD,1,,-1,IDLE,0
C3B93D0B,2508354,2508732.400,2508732400,1000,1901,1935,0,0,FWD,1,,-1,IDLE,0
C3B93D0B,2508355,2508733.399,2508733399,999,1901,1935,0,0,FWD,1,,-1,IDLE,0
C3B93D0B,2508356,2508734.400,2508734400,1001,1902,1935,0,0,FWD,1,,-1,IDLE,0
C3B93D0B,2508357,2508735.399,2508735399,999,1902,1935,0,0,FWD,1,,-1,IDLE,0
C3B93D0B,2508358,2508736.400,2508736400,1001,1903,1935,0,0,FWD,1,,-1,IDLE,0
C3B93D0B,2508359,2508737.399,2508737399,999,1901,1935,0,0,FWD,1,,-1,IDLE,0
C3B93D0B,2508360,2508738.400,2508738400,1001,1900,1935,0,0,FWD,1,,-1,IDLE,0
C3B93D0B,2508361,2508739.399,2508739399,999,1902,1935,0,0,FWD,1,,-1,IDLE,0
C3B93D0B,2508362,2508740.400,2508740400,1001,1902,1935,0,0,FWD,1,,-1,IDLE,0
C3B93D0B,2508363,2508741.400,2508741400,1000,1903,1935,0,0,FWD,1,,-1,IDLE,0
C3B93D0B,2508364,2508742.400,2508742400,1000,1900,1935,0,0,FWD,1,,-1,IDLE,0
C3B93D0B,2508365,2508743.399,2508743399,999,1901,1935,0,0,FWD,1,,-1,IDLE,0
C3B93D0B,2508366,2508744.400,2508744400,1001,1900,1935,0,0,FWD,1,,-1,IDLE,0
C3B93D0B,2508367,2508745.431,2508745431,1031,1909,1935,0,0,FWD,1,,-1,IDLE,0
C3B93D0B,2508368,2508746.400,2508746400,969,1910,1935,0,0,FWD,1,,-1,IDLE,0
C3B93D0B,2508369,2508747.399,2508747399,999,1910,1935,0,0,FWD,1,,-1,IDLE,0
C3B93D0B,2508370,2508748.400,2508748400,1001,1909,1935,0,0,FWD,1,,-1,IDLE,0
C3B93D0B,2508371,2508749.399,2508749399,999,1910,1935,0,0,FWD,1,,-1,IDLE,0
C3B93D0B,2508372,2508750.400,2508750400,1001,1909,1935,0,0,FWD,1,,-1,IDLE,0
C3B93D0B,2508373,2508751.400,2508751400,1000,1911,1935,0,0,FWD,1,,-1,IDLE,0
C3B93D0B,2508374,2508752.400,2508752400,1000,1909,1935,0,0,FWD,1,,-1,IDLE,0
C3B93D0B,2508375,2508753.399,2508753399,999,1909,1935,0,0,FWD,1,,-1,IDLE,0
C3B93D0B,2508376,2508754.400,2508754400,1001,1909,1935,0,0,FWD,1,,-1,IDLE,0
C3B93D0B,2508377,2508755.399,2508755399,999,1909,1935,0,0,FWD,1,,-1,IDLE,0
C3B93D0B,2508378,2508756.400,2508756400,1001,1908,1935,0,0,FWD,1,,-1,IDLE,0
C3B93D0B,2508379,2508757.399,2508757399,999,1909,1935,0,0,FWD,1,,-1,IDLE,0
C3B93D0B,2508380,2508758.400,2508758400,1001,1907,1935,0,0,FWD,1,,-1,IDLE,0
C3B93D0B,2508381,2508759.399,2508759399,999,1909,1935,0,0,FWD,1,,-1,IDLE,0
C3B93D0B,2508382,2508760.400,2508760400,1001,1907,1935,0,0,FWD,1,,-1,IDLE,0
C3B93D0B,2508383,2508761.400,2508761400,1000,1908,1935,0,0,FWD,1,,-1,IDLE,0
C3B93D0B,2508384,2508762.400,2508762400,1000,1907,1935,0,0,FWD,1,,-1,IDLE,0
C3B93D0B,2508385,2508763.399,2508763399,999,1909,1935,0,0,FWD,1,,-1,IDLE,0
C3B93D0B,2508386,2508764.400,2508764400,1001,1905,1935,0,0,FWD,1,,-1,IDLE,0
C3B93D0B,2508387,2508765.399,2508765399,999,1909,1935,0,0,FWD,1,,-1,IDLE,0
C3B93D0B,2508388,2508766.400,2508766400,1001,1907,1935,0,0,FWD,1,,-1,IDLE,0
C3B93D0B,2508389,2508767.399,2508767399,999,1907,1935,0,0,FWD,1,,-1,IDLE,0
C3B93D0B,2508390,2508768.400,2508768400,1001,1907,1935,0,0,FWD,1,,-1,IDLE,0
C3B93D0B,2508391,2508769.399,2508769399,999,1901,1935,0,0,FWD,1,,-1,IDLE,0
C3B93D0B,2508392,2508770.400,2508770400,1001,1895,1935,0,0,FWD,1,,-1,IDLE,0
C3B93D0B,2508393,2508771.400,2508771400,1000,1901,1935,0,0,FWD,1,,-1,IDLE,0
C3B93D0B,2508394,2508772.400,2508772400,1000,1899,1935,0,0,FWD,1,,-1,IDLE,0
C3B93D0B,2508395,2508773.399,2508773399,999,1899,1935,0,0,FWD,1,,-1,IDLE,0
C3B93D0B,2508396,2508774.559,2508774559,1160,1908,1935,0,0,FWD,1,,-1,IDLE,0
C3B93D0B,2508397,2508775.399,2508775399,840,1908,1935,0,0,FWD,1,,-1,IDLE,0
C3B93D0B,2508398,2508776.400,2508776400,1001,1909,1935,0,0,FWD,1,,-1,IDLE,0
C3B93D0B,2508399,2508777.399,2508777399,999,1909,1935,0,0,FWD,1,,-1,IDLE,0
C3B93D0B,2508400,2508778.400,2508778400,1001,1910,1935,0,0,FWD,1,,-1,IDLE,0
C3B93D0B,2508401,2508779.399,2508779399,999,1909,1935,0,0,FWD,1,,-1,IDLE,0
C3B93D0B,2508402,2508780.400,2508780400,1001,1908,1935,0,0,FWD,1,,-1,IDLE,0
C3B93D0B,2508403,2508781.400,2508781400,1000,1907,1935,0,0,FWD,1,,-1,IDLE,0
C3B93D0B,2508404,2508783.172,2508783172,1772,1898,1935,0,0,FWD,33,,-1,IDLE,0
C3B93D0B,2508405,2508783.482,2508783482,310,1899,1935,0,0,FWD,1,,-1,IDLE,0
C3B93D0B,2508406,2508784.400,2508784400,918,1899,1935,0,0,FWD,1,,-1,IDLE,0
C3B93D0B,2508407,2508785.399,2508785399,999,1899,1935,0,0,FWD,1,,-1,IDLE,0
C3B93D0B,2508408,2508786.400,2508786400,1001,1898,1935,0,0,FWD,1,,-1,IDLE,0
C3B93D0B,2508409,2508787.402,2508787402,1002,1901,1935,0,0,FWD,1,,-1,IDLE,0
C3B93D0B,2508410,2508788.400,2508788400,998,1899,1935,0,0,FWD,1,,-1,IDLE,0
C3B93D0B,2508411,2508789.399,2508789399,999,1901,1935,0,0,FWD,1,,-1,IDLE,0
C3B93D0B,2508412,2508790.400,2508790400,1001,1902,1935,0,0,FWD,1,,-1,IDLE,0
C3B93D0B,2508413,2508791.400,2508791400,1000,1902,1935,0,0,FWD,1,,-1,IDLE,0
C3B93D0B,2508414,2508792.400,2508792400,1000,1899,1935,0,0,FWD,1,,-1,IDLE,0
C3B93D0B,2508415,2508793.399,2508793399,999,1903,1935,0,0,FWD,1,,-1,IDLE,0
C3B93D0B,2508416,2508794.400,2508794400,1001,1902,1935,0,0,FWD,1,,-1,IDLE,0
C3B93D0B,2508417,2508795.399,2508795399,999,1903,1935,0,0,FWD,1,,-1,IDLE,0
C3B93D0B,2508418,2508796.400,2508796400,1001,1901,1935,0,0,FWD,1,,-1,IDLE,0
C3B93D0B,2508419,2508797.399,2508797399,999,1903,1935,0,0,FWD,1,,-1,IDLE,0
C3B93D0B,2508420,2508798.400,2508798400,1001,1903,1935,0,0,FWD,1,,-1,IDLE,0
C3B93D0B,2508421,2508799.399,2508799399,999,1903,1935,0,0,FWD,1,,-1,IDLE,0
C3B93D0B,2508422,2508800.400,2508800400,1001,1901,1935,0,0,FWD,1,,-1,IDLE,0
C3B93D0B,2508423,2508801.400,2508801400,1000,1901,1935,0,0,FWD,1,,-1,IDLE,0
C3B93D0B,2508424,2508802.400,2508802400,1000,1902,1935,0,0,FWD,1,,-1,IDLE,0
C3B93D0B,2508425,2508803.399,2508803399,999,1899,1935,0,0,FWD,1,,-1,IDLE,0
C3B93D0B,2508426,2508804.400,2508804400,1001,1901,1935,0,0,FWD,1,,-1,IDLE,0
C3B93D0B,2508427,2508805.399,2508805399,999,1902,1935,0,0,FWD,1,,-1,IDLE,0
C3B93D0B,2508428,2508806.400,2508806400,1001,1901,1935,0,0,FWD,1,,-1,IDLE,0
C3B93D0B,2508429,2508807.399,2508807399,999,1901,1935,0,0,FWD,1,,-1,IDLE,0
C3B93D0B,2508430,2508808.400,2508808400,1001,1901,1935,0,0,FWD,1,,-1,IDLE,0
C3B93D0B,2508431,2508809.399,2508809399,999,1901,1935,0,0,FWD,1,,-1,IDLE,0
C3B93D0B,2508432,2508810.400,2508810400,1001,1902,1935,0,0,FWD,1,,-1,IDLE,0
C3B93D0B,2508433,2508811.400,2508811400,1000,1901,1935,0,0,FWD,1,,-1,IDLE,0
C3B93D0B,2508434,2508812.400,2508812400,1000,1901,1935,0,0,FWD,1,,-1,IDLE,0
C3B93D0B,2508435,2508813.399,2508813399,999,1901,1935,0,0,FWD,1,,-1,IDLE,0
C3B93D0B,2508436,2508814.400,2508814400,1001,1903,1935,0,0,FWD,1,,-1,IDLE,0
C3B93D0B,2508437,2508815.399,2508815399,999,1902,1935,0,0,FWD,1,,-1,IDLE,0
C3B93D0B,2508438,2508816.400,2508816400,1001,1902,1935,0,0,FWD,1,,-1,IDLE,0
C3B93D0B,2508439,2508817.399,2508817399,999,1902,1935,0,0,FWD,1,,-1,IDLE,0
C3B93D0B,2508440,2508818.400,2508818400,1001,1901,1935,0,0,FWD,1,,-1,IDLE,0
C3B93D0B,2508441,2508819.399,2508819399,999,1901,1935,0,0,FWD,1,,-1,IDLE,0
C3B93D0B,2508442,2508820.400,2508820400,1001,1901,1935,0,0,FWD,1,,-1,IDLE,0
C3B93D0B,2508443,2508821.400,2508821400,1000,1901,1935,0,0,FWD,1,,-1,IDLE,0
C3B93D0B,2508444,2508822.400,2508822400,1000,1900,1935,0,0,FWD,1,,-1,IDLE,0
C3B93D0B,2508445,2508823.399,2508823399,999,1901,1935,0,0,FWD,1,,-1,IDLE,0
C3B93D0B,2508446,2508824.400,2508824400,1001,1903,1935,0,0,FWD,1,,-1,IDLE,0
C3B93D0B,2508447,2508825.399,2508825399,999,1903,1935,0,0,FWD,1,,-1,IDLE,0
C3B93D0B,2508448,2508826.400,2508826400,1001,1901,1935,0,0,FWD,1,,-1,IDLE,0
C3B93D0B,2508449,2508827.399,2508827399,999,1902,1935,0,0,FWD,1,,-1,IDLE,0
C3B93D0B,2508450,2508828.400,2508828400,1001,1903,1935,0,0,FWD,1,,-1,IDLE,0
C3B93D0B,2508451,2508829.399,2508829399,999,1903,1935,0,0,FWD,1,,-1,IDLE,0
C3B93D0B,2508452,2508830.400,2508830400,1001,1903,1935,0,0,FWD,1,,-1,IDLE,0
C3B93D0B,2508453,2508831.400,2508831400,1000,1901,1935,0,0,FWD,1,,-1,IDLE,0
C3B93D0B,2508454,2508832.400,2508832400,1000,1899,1935,0,0,FWD,1,,-1,IDLE,0
C3B93D0B,2508455,2508833.399,2508833399,999,1901,1935,0,0,FWD,1,,-1,IDLE,0
C3B93D0B,2508456,2508834.400,2508834400,1001,1901,1935,0,0,FWD,1,,-1,IDLE,0
C3B93D0B,2508457,2508835.399,2508835399,999,1900,1935,0,0,FWD,1,,-1,IDLE,0
C3B93D0B,2508458,2508836.400,2508836400,1001,1901,1935,0,0,FWD,1,,-1,IDLE,0
C3B93D0B,2508459,2508837.689,2508837689,1289,1902,1935,0,0,FWD,33,,-1,IDLE,0
C3B93D0B,2508460,2508838.400,2508838400,711,1901,1935,0,0,FWD,1,,-1,IDLE,0
C3B93D0B,2508461,2508839.482,2508839482,1082,1902,1935,0,0,FWD,1,,-1,IDLE,0
C3B93D0B,2508462,2508840.400,2508840400,918,1902,1935,0,0,FWD,1,,-1,IDLE,0
C3B93D0B,2508463,2508841.400,2508841400,1000,1902,1935,0,0,FWD,1,,-1,IDLE,0
C3B93D0B,2508464,2508842.400,2508842400,1000,1901,1935,0,0,FWD,1,,-1,IDLE,0
C3B93D0B,2508465,2508843.399,2508843399,999,1901,1935,0,0,FWD,1,,-1,IDLE,0
C3B93D0B,2508466,2508844.400,2508844400,1001,1909,1935,0,0,FWD,1,,-1,IDLE,0
C3B93D0B,2508467,2508845.399,2508845399,999,1910,1935,0,0,FWD,1,,-1,IDLE,0
C3B93D0B,2508468,2508846.400,2508846400,1001,1910,1935,0,0,FWD,1,,-1,IDLE,0
C3B93D0B,2508469,2508847.399,2508847399,999,1911,1935,0,0,FWD,1,,-1,IDLE,0
C3B93D0B,2508470,2508848.400,2508848400,1001,1909,1935,0,0,FWD,1,,-1,IDLE,0
C3B93D0B,2508471,2508849.399,2508849399,999,1909,1935,0,0,FWD,1,,-1,IDLE,0
C3B93D0B,2508472,2508850.400,2508850400,1001,1909,1935,0,0,FWD,1,,-1,IDLE,0
C3B93D0B,2508473,2508851.400,2508851400,1000,1910,1935,0,0,FWD,1,,-1,IDLE,0
C3B93D0B,2508474,2508852.400,2508852400,1000,1907,1935,0,0,FWD,1,,-1,IDLE,0
C3B93D0B,2508475,2508853.399,2508853399,999,1909,1935,0,0,FWD,1,,-1,IDLE,0
C3B93D0B,2508476,2508854.400,2508854400,1001,1909,1935,0,0,FWD,1,,-1,IDLE,0
C3B93D0B,2508477,2508855.399,2508855399,999,1907,1935,0,0,FWD,1,,-1,IDLE,0
C3B93D0B,2508478,2508856.400,2508856400,1001,1909,1935,0,0,FWD,1,,-1,IDLE,0
C3B93D0B,2508479,2508857.399,2508857399,999,1907,1935,0,0,FWD,1,,-1,IDLE,0
C3B93D0B,2508480,2508858.400,2508858400,1001,1908,1935,0,0,FWD,1,,-1,IDLE,0
C3B93D0B,2508481,2508859.399,2508859399,999,1909,1935,0,0,FWD,1,,-1,IDLE,0
C3B93D0B,2508482,2508860.400,2508860400,1001,1909,1935,0,0,FWD,1,,-1,IDLE,0
C3B93D0B,2508483,2508861.400,2508861400,1000,1907,1935,0,0,FWD,1,,-1,IDLE,0
C3B93D0B,2508484,2508862.400,2508862400,1000,1908,1935,0,0,FWD,1,,-1,IDLE,0
C3B93D0B,2508485,2508863.399,2508863399,999,1909,1935,0,0,FWD,1,,-1,IDLE,0
C3B93D0B,2508486,2508864.400,2508864400,1001,1907,1935,0,0,FWD,1,,-1,IDLE,0
C3B93D0B,2508487,2508865.399,2508865399,999,1907,1935,0,0,FWD,1,,-1,IDLE,0
C3B93D0B,2508488,2508866.400,2508866400,1001,1907,1935,0,0,FWD,1,,-1,IDLE,0
C3B93D0B,2508489,2508867.399,2508867399,999,1907,1935,0,0,FWD,1,,-1,IDLE,0
C3B93D0B,2508490,2508868.400,2508868400,1001,1907,1935,0,0,FWD,1,,-1,IDLE,0
C3B93D0B,2508491,2508869.399,2508869399,999,1908,1935,0,0,FWD,1,,-1,IDLE,0
C3B93D0B,2508492,2508870.400,2508870400,1001,1907,1935,0,0,FWD,1,,-1,IDLE,0
C3B93D0B,2508493,2508871.575,2508871575,1175,1898,1935,0,0,FWD,1,,-1,IDLE,0
C3B93D0B,2508494,2508872.400,2508872400,825,1901,1935,0,0,FWD,1,,-1,IDLE,0
C3B93D0B,2508495,2508873.399,2508873399,999,1901,1935,0,0,FWD,1,,-1,IDLE,0
C3B93D0B,2508496,2508874.400,2508874400,1001,1900,1935,0,0,FWD,1,,-1,IDLE,0
C3B93D0B,2508497,2508875.399,2508875399,999,1899,1935,0,0,FWD,1,,-1,IDLE,0
C3B93D0B,2508498,2508876.784,2508876784,1385,1900,1935,0,0,FWD,33,,-1,IDLE,0
C3B93D0B,2508499,2508877.399,2508877399,615,1902,1935,0,0,FWD,1,,-1,IDLE,0
C3B93D0B,2508500,2508878.400,2508878400,1001,1899,1935,0,0,FWD,1,,-1,IDLE,0
C3B93D0B,2508501,2508879.515,2508879515,1115,1902,1935,0,0,FWD,1,,-1,IDLE,0
C3B93D0B,2508502,2508880.400,2508880400,885,1901,1935,0,0,FWD,1,,-1,IDLE,0
C3B93D0B,2508503,2508881.400,2508881400,1000,1899,1935,0,0,FWD,1,,-1,IDLE,0
C3B93D0B,2508504,2508882.984,2508882984,1584,1899,1935,0,0,FWD,33,,-1,IDLE,0
C3B93D0B,2508505,2508883.399,2508883399,415,1899,1935,0,0,FWD,1,,-1,IDLE,0
C3B93D0B,2508506,2508884.400,2508884400,1001,1901,1935,0,0,FWD,1,,-1,IDLE,0
C3B93D0B,2508507,2508885.400,2508885400,1000,1904,1935,0,0,FWD,1,,-1,IDLE,0
C3B93D0B,2508508,2508886.461,2508886461,1061,1899,1935,0,0,FWD,1,,-1,IDLE,0
C3B93D0B,2508509,2508887.399,2508887399,938,1901,1935,0,0,FWD,1,,-1,IDLE,0
C3B93D0B,2508510,2508888.400,2508888400,1001,1902,1935,0,0,FWD,1,,-1,IDLE,0
C3B93D0B,2508511,2508889.399,2508889399,999,1899,1935,0,0,FWD,1,,-1,IDLE,0
C3B93D0B,2508512,2508890.400,2508890400,1001,1901,1935,0,0,FWD,1,,-1,IDLE,0
C3B93D0B,2508513,2508891.400,2508891400,1000,1901,1935,0,0,FWD,1,,-1,IDLE,0
C3B93D0B,2508514,2508892.400,2508892400,1000,1902,1935,0,0,FWD,1,,-1,IDLE,0
C3B93D0B,2508515,2508893.399,2508893399,999,1903,1935,0,0,FWD,1,,-1,IDLE,0
C3B93D0B,2508516,2508894.400,2508894400,1001,1903,1935,0,0,FWD,1,,-1,IDLE,0
C3B93D0B,2508517,2508895.399,2508895399,999,1903,1935,0,0,FWD,1,,-1,IDLE,0
C3B93D0B,2508518,2508896.613,2508896613,1214,1903,1935,0,0,FWD,1,,-1,IDLE,0
C3B93D0B,2508519,2508897.399,2508897399,786,1901,1935,0,0,FWD,1,,-1,IDLE,0
C3B93D0B,2508520,2508898.400,2508898400,1001,1901,1935,0,0,FWD,1,,-1,IDLE,0
C3B93D0B,2508521,2508899.399,2508899399,999,1902,1935,0,0,FWD,1,,-1,IDLE,0
C3B93D0B,2508522,2508900.400,2508900400,1001,1902,1935,0,0,FWD,1,,-1,IDLE,0
C3B93D0B,2508523,2508901.400,2508901400,1000,1898,1935,0,0,FWD,1,,-1,IDLE,0
C3B93D0B,2508524,2508902.400,2508902400,1000,1902,1935,0,0,FWD,1,,-1,IDLE,0
C3B93D0B,2508525,2508903.399,2508903399,999,1901,1935,0,0,FWD,1,,-1,IDLE,0
C3B93D0B,2508526,2508904.400,2508904400,1001,1902,1935,0,0,FWD,1,,-1,IDLE,0
C3B93D0B,2508527,2508905.399,2508905399,999,1901,1935,0,0,FWD,1,,-1,IDLE,0
C3B93D0B,2508528,2508906.400,2508906400,1001,1901,1935,0,0,FWD,1,,-1,IDLE,0
C3B93D0B,2508529,2508907.399,2508907399,999,1903,1935,0,0,FWD,1,,-1,IDLE,0
C3B93D0B,2508530,2508908.400,2508908400,1001,1901,1935,0,0,FWD,1,,-1,IDLE,0
C3B93D0B,2508531,2508909.399,2508909399,999,1901,1935,0,0,FWD,1,,-1,IDLE,0
C3B93D0B,2508532,2508910.400,2508910400,1001,1902,1935,0,0,FWD,1,,-1,IDLE,0
C3B93D0B,2508533,2508911.400,2508911400,1000,1899,1935,0,0,FWD,1,,-1,IDLE,0
C3B93D0B,2508534,2508912.400,2508912400,1000,1902,1935,0,0,FWD,1,,-1,IDLE,0
C3B93D0B,2508535,2508913.399,2508913399,999,1904,1935,0,0,FWD,1,,-1,IDLE,0
C3B93D0B,2508536,2508914.400,2508914400,1001,1902,1935,0,0,FWD,1,,-1,IDLE,0
C3B93D0B,2508537,2508915.399,2508915399,999,1902,1935,0,0,FWD,1,,-1,IDLE,0
C3B93D0B,2508538,2508916.400,2508916400,1001,1902,1935,0,0,FWD,1,,-1,IDLE,0
C3B93D0B,2508539,2508917.399,2508917399,999,1903,1935,0,0,FWD,1,,-1,IDLE,0
C3B93D0B,2508540,2508918.400,2508918400,1001,1902,1935,0,0,FWD,1,,-1,IDLE,0
C3B93D0B,2508541,2508919.399,2508919399,999,1903,1935,0,0,FWD,1,,-1,IDLE,0
C3B93D0B,2508542,2508920.400,2508920400,1001,1900,1935,0,0,FWD,1,,-1,IDLE,0
C3B93D0B,2508543,2508921.400,2508921400,1000,1902,1935,0,0,FWD,1,,-1,IDLE,0
C3B93D0B,2508544,2508922.400,2508922400,1000,1901,1935,0,0,FWD,1,,-1,IDLE,0
C3B93D0B,2508545,2508923.399,2508923399,999,1901,1935,0,0,FWD,1,,-1,IDLE,0
C3B93D0B,2508546,2508924.400,2508924400,1001,1902,1935,0,0,FWD,1,,-1,IDLE,0
C3B93D0B,2508547,2508925.399,2508925399,999,1902,1935,0,0,FWD,1,,-1,IDLE,0
C3B93D0B,2508548,2508926.400,2508926400,1001,1901,1935,0,0,FWD,1,,-1,IDLE,0
C3B93D0B,2508549,2508927.399,2508927399,999,1902,1935,0,0,FWD,1,,-1,IDLE,0
C3B93D0B,2508550,2508928.400,2508928400,1001,1903,1935,0,0,FWD,1,,-1,IDLE,0
C3B93D0B,2508551,2508929.399,2508929399,999,1902,1935,0,0,FWD,1,,-1,IDLE,0
C3B93D0B,2508552,2508930.400,2508930400,1001,1902,1935,0,0,FWD,1,,-1,IDLE,0
C3B93D0B,2508553,2508931.400,2508931400,1000,1902,1935,0,0,FWD,1,,-1,IDLE,0
C3B93D0B,2508554,2508932.400,2508932400,1000,1904,1935,0,0,FWD,1,,-1,IDLE,0
C3B93D0B,2508555,2508933.399,2508933399,999,1902,1935,0,0,FWD,1,,-1,IDLE,0
C3B93D0B,2508556,2508934.400,2508934400,1001,1901,1935,0,0,FWD,1,,-1,IDLE,0
C3B93D0B,2508557,2508935.399,2508935399,999,1903,1935,0,0,FWD,1,,-1,IDLE,0
C3B93D0B,2508558,2508936.400,2508936400,1001,1901,1935,0,0,FWD,1,,-1,IDLE,0
C3B93D0B,2508559,2508937.399,2508937399,999,1901,1935,0,0,FWD,1,,-1,IDLE,0
C3B93D0B,2508560,2508938.400,2508938400,1001,1901,1935,0,0,FWD,1,,-1,IDLE,0
C3B93D0B,2508561,2508939.399,2508939399,999,1901,1935,0,0,FWD,1,,-1,IDLE,0
C3B93D0B,2508562,2508940.403,2508940403,1004,1901,1935,0,0,FWD,1,,-1,IDLE,0
C3B93D0B,2508563,2508941.400,2508941400,997,1901,1935,0,0,FWD,1,,-1,IDLE,0
C3B93D0B,2508564,2508942.400,2508942400,1000,1902,1935,0,0,FWD,1,,-1,IDLE,0
C3B93D0B,2508565,2508943.399,2508943399,999,1901,1935,0,0,FWD,1,,-1,IDLE,0
C3B93D0B,2508566,2508944.400,2508944400,1001,1902,1935,0,0,FWD,1,,-1,IDLE,0
C3B93D0B,2508567,2508945.634,2508945634,1234,1911,1935,0,0,FWD,1,,-1,IDLE,0
C3B93D0B,2508568,2508946.400,2508946400,766,1910,1935,0,0,FWD,1,,-1,IDLE,0
C3B93D0B,2508569,2508947.399,2508947399,999,1911,1935,0,0,FWD,1,,-1,IDLE,0
C3B93D0B,2508570,2508948.400,2508948400,1001,1910,1935,0,0,FWD,1,,-1,IDLE,0
C3B93D0B,2508571,2508949.399,2508949399,999,1911,1935,0,0,FWD,1,,-1,IDLE,0
C3B93D0B,2508572,2508950.400,2508950400,1001,1913,1935,0,0,FWD,1,,-1,IDLE,0
C3B93D0B,2508573,2508951.400,2508951400,1000,1910,1935,0,0,FWD,1,,-1,IDLE,0
C3B93D0B,2508574,2508952.400,2508952400,1000,1909,1935,0,0,FWD,1,,-1,IDLE,0
C3B93D0B,2508575,2508953.399,2508953399,999,1910,1935,0,0,FWD,1,,-1,IDLE,0
C3B93D0B,2508576,2508954.400,2508954400,1001,1910,1935,0,0,FWD,1,,-1,IDLE,0
C3B93D0B,2508577,2508955.399,2508955399,999,1910,1935,0,0,FWD,1,,-1,IDLE,0
C3B93D0B,2508578,2508956.400,2508956400,1001,1907,1935,0,0,FWD,1,,-1,IDLE,0
C3B93D0B,2508579,2508957.399,2508957399,999,1908,1935,0,0,FWD,1,,-1,IDLE,0
C3B93D0B,2508580,2508958.400,2508958400,1001,1907,1935,0,0,FWD,1,,-1,IDLE,0
C3B93D0B,2508581,2508959.399,2508959399,999,1907,1935,0,0,FWD,1,,-1,IDLE,0
C3B93D0B,2508582,2508960.400,2508960400,1001,1908,1935,0,0,FWD,1,,-1,IDLE,0
C3B93D0B,2508583,2508961.400,2508961400,1000,1907,1935,0,0,FWD,1,,-1,IDLE,0
C3B93D0B,2508584,2508962.400,2508962400,1000,1907,1935,0,0,FWD,1,,-1,IDLE,0
C3B93D0B,2508585,2508963.399,2508963399,999,1907,1935,0,0,FWD,1,,-1,IDLE,0
C3B93D0B,2508586,2508964.400,2508964400,1001,1907,1935,0,0,FWD,1,,-1,IDLE,0
C3B93D0B,2508587,2508965.399,2508965399,999,1908,1935,0,0,FWD,1,,-1,IDLE,0
C3B93D0B,2508588,2508966.400,2508966400,1001,1909,1935,0,0,FWD,1,,-1,IDLE,0
C3B93D0B,2508589,2508967.399,2508967399,999,1907,1935,0,0,FWD,1,,-1,IDLE,0
C3B93D0B,2508590,2508968.400,2508968400,1001,1906,1935,0,0,FWD,1,,-1,IDLE,0
C3B93D0B,2508591,2508969.399,2508969399,999,1908,1935,0,0,FWD,1,,-1,IDLE,0
C3B93D0B,2508592,2508970.400,2508970400,1001,1906,1935,0,0,FWD,1,,-1,IDLE,0
C3B93D0B,2508593,2508971.400,2508971400,1000,1905,1935,0,0,FWD,1,,-1,IDLE,0
C3B93D0B,2508594,2508972.400,2508972400,1000,1906,1935,0,0,FWD,1,,-1,IDLE,0
C3B93D0B,2508595,2508974.017,2508974017,1617,1896,1935,0,0,FWD,33,,-1,IDLE,0
C3B93D0B,2508596,2508974.400,2508974400,383,1899,1935,0,0,FWD,1,,-1,IDLE,0
C3B93D0B,2508597,2508975.399,2508975399,999,1899,1935,0,0,FWD,1,,-1,IDLE,0
C3B93D0B,2508598,2508976.400,2508976400,1001,1901,1935,0,0,FWD,1,,-1,IDLE,0
C3B93D0B,2508599,2508977.399,2508977399,999,1901,1935,0,0,FWD,1,,-1,IDLE,0
C3B93D0B,2508600,2508978.400,2508978400,1001,1907,1935,0,0,FWD,1,,-1,IDLE,0
C3B93D0B,2508601,2508979.538,2508979538,1138,1909,1935,0,0,FWD,1,,-1,IDLE,0
C3B93D0B,2508602,2508980.400,2508980400,862,1908,1935,0,0,FWD,1,,-1,IDLE,0
C3B93D0B,2508603,2508981.400,2508981400,1000,1909,1935,0,0,FWD,1,,-1,IDLE,0
C3B93D0B,2508604,2508983.169,2508983169,1769,1899,1935,0,0,FWD,33,,-1,IDLE,0
C3B93D0B,2508605,2508983.479,2508983479,310,1899,1935,0,0,FWD,1,,-1,IDLE,0
C3B93D0B,2508606,2508984.400,2508984400,921,1899,1935,0,0,FWD,1,,-1,IDLE,0
C3B93D0B,2508607,2508985.399,2508985399,999,1899,1935,0,0,FWD,1,,-1,IDLE,0
C3B93D0B,2508608,2508986.400,2508986400,1001,1894,1935,0,0,FWD,1,,-1,IDLE,0
C3B93D0B,2508609,2508987.399,2508987399,999,1897,1935,0,0,FWD,1,,-1,IDLE,0
C3B93D0B,2508610,2508988.400,2508988400,1001,1900,1935,0,0,FWD,1,,-1,IDLE,0
C3B93D0B,2508611,2508989.399,2508989399,999,1901,1935,0,0,FWD,1,,-1,IDLE,0
C3B93D0B,2508612,2508990.400,2508990400,1001,1900,1935,0,0,FWD,1,,-1,IDLE,0
C3B93D0B,2508613,2508991.400,2508991400,1000,1902,1935,0,0,FWD,1,,-1,IDLE,0
C3B93D0B,2508614,2508992.400,2508992400,1000,1898,1935,0,0,FWD,1,,-1,IDLE,0
C3B93D0B,2508615,2508993.399,2508993399,999,1902,1935,0,0,FWD,1,,-1,IDLE,0
C3B93D0B,2508616,2508994.400,2508994400,1001,1898,1935,0,0,FWD,1,,-1,IDLE,0
C3B93D0B,2508617,2508995.399,2508995399,999,1902,1935,0,0,FWD,1,,-1,IDLE,0
C3B93D0B,2508618,2508996.400,2508996400,1001,1901,1935,0,0,FWD,1,,-1,IDLE,0
C3B93D0B,2508619,2508997.399,2508997399,999,1903,1935,0,0,FWD,1,,-1,IDLE,0
C3B93D0B,2508620,2508998.400,2508998400,1001,1899,1935,0,0,FWD,1,,-1,IDLE,0
C3B93D0B,2508621,2508999.399,2508999399,999,1899,1935,0,0,FWD,1,,-1,IDLE,0
C3B93D0B,2508622,2509000.400,2509000400,1001,1902,1935,0,0,FWD,1,,-1,IDLE,0
C3B93D0B,2508623,2509001.400,2509001400,1000,1903,1935,0,0,FWD,1,,-1,IDLE,0
C3B93D0B,2508624,2509002.400,2509002400,1000,1901,1935,0,0,FWD,1,,-1,IDLE,0
C3B93D0B,2508625,2509003.399,2509003399,999,1901,1935,0,0,FWD,1,,-1,IDLE,0
C3B93D0B,2508626,2509004.400,2509004400,1001,1899,1935,0,0,FWD,1,,-1,IDLE,0
C3B93D0B,2508627,2509005.399,2509005399,999,1901,1935,0,0,FWD,1,,-1,IDLE,0
C3B93D0B,2508628,2509006.400,2509006400,1001,1901,1935,0,0,FWD,1,,-1,IDLE,0
C3B93D0B,2508629,2509007.399,2509007399,999,1900,1935,0,0,FWD,1,,-1,IDLE,0
C3B93D0B,2508630,2509008.400,2509008400,1001,1902,1935,0,0,FWD,1,,-1,IDLE,0
C3B93D0B,2508631,2509009.399,2509009399,999,1900,1935,0,0,FWD,1,,-1,IDLE,0
C3B93D0B,2508632,2509010.400,2509010400,1001,1900,1935,0,0,FWD,1,,-1,IDLE,0
C3B93D0B,2508633,2509011.400,2509011400,1000,1901,1935,0,0,FWD,1,,-1,IDLE,0
C3B93D0B,2508634,2509012.400,2509012400,1000,1902,1935,0,0,FWD,1,,-1,IDLE,0
C3B93D0B,2508635,2509013.399,2509013399,999,1901,1935,0,0,FWD,1,,-1,IDLE,0
C3B93D0B,2508636,2509014.400,2509014400,1001,1901,1935,0,0,FWD,1,,-1,IDLE,0
C3B93D0B,2508637,2509015.399,2509015399,999,1901,1935,0,0,FWD,1,,-1,IDLE,0
C3B93D0B,2508638,2509016.400,2509016400,1001,1901,1935,0,0,FWD,1,,-1,IDLE,0
C3B93D0B,2508639,2509017.399,2509017399,999,1901,1935,0,0,FWD,1,,-1,IDLE,0
C3B93D0B,2508640,2509018.400,2509018400,1001,1901,1935,0,0,FWD,1,,-1,IDLE,0
C3B93D0B,2508641,2509019.399,2509019399,999,1903,1935,0,0,FWD,1,,-1,IDLE,0
C3B93D0B,2508642,2509020.400,2509020400,1001,1902,1935,0,0,FWD,1,,-1,IDLE,0
C3B93D0B,2508643,2509021.400,2509021400,1000,1900,1935,0,0,FWD,1,,-1,IDLE,0
C3B93D0B,2508644,2509022.400,2509022400,1000,1897,1935,0,0,FWD,1,,-1,IDLE,0
C3B93D0B,2508645,2509023.399,2509023399,999,1901,1935,0,0,FWD,1,,-1,IDLE,0
C3B93D0B,2508646,2509024.400,2509024400,1001,1900,1935,0,0,FWD,1,,-1,IDLE,0
C3B93D0B,2508647,2509025.399,2509025399,999,1901,1935,0,0,FWD,1,,-1,IDLE,0
C3B93D0B,2508648,2509026.400,2509026400,1001,1901,1935,0,0,FWD,1,,-1,IDLE,0
C3B93D0B,2508649,2509027.399,2509027399,999,1901,1935,0,0,FWD,1,,-1,IDLE,0
C3B93D0B,2508650,2509028.400,2509028400,1001,1902,1935,0,0,FWD,1,,-1,IDLE,0
C3B93D0B,2508651,2509029.399,2509029399,999,1902,1935,0,0,FWD,1,,-1,IDLE,0
C3B93D0B,2508652,2509030.400,2509030400,1001,1900,1935,0,0,FWD,1,,-1,IDLE,0
C3B93D0B,2508653,2509031.400,2509031400,1000,1901,1935,0,0,FWD,1,,-1,IDLE,0
C3B93D0B,2508654,2509032.400,2509032400,1000,1901,1935,0,0,FWD,1,,-1,IDLE,0
C3B93D0B,2508655,2509033.399,2509033399,999,1903,1935,0,0,FWD,1,,-1,IDLE,0
C3B93D0B,2508656,2509034.400,2509034400,1001,1902,1935,0,0,FWD,1,,-1,IDLE,0
C3B93D0B,2508657,2509035.399,2509035399,999,1901,1935,0,0,FWD,1,,-1,IDLE,0
C3B93D0B,2508658,2509036.400,2509036400,1001,1900,1935,0,0,FWD,1,,-1,IDLE,0
C3B93D0B,2508659,2509037.399,2509037399,999,1902,1935,0,0,FWD,1,,-1,IDLE,0
C3B93D0B,2508660,2509038.400,2509038400,1001,1901,1935,0,0,FWD,1,,-1,IDLE,0
C3B93D0B,2508661,2509039.399,2509039399,999,1900,1935,0,0,FWD,1,,-1,IDLE,0
C3B93D0B,2508662,2509040.400,2509040400,1001,1901,1935,0,0,FWD,1,,-1,IDLE,0
C3B93D0B,2508663,2509041.400,2509041400,1000,1902,1935,0,0,FWD,1,,-1,IDLE,0
C3B93D0B,2508664,2509042.400,2509042400,1000,1901,1935,0,0,FWD,1,,-1,IDLE,0
C3B93D0B,2508665,2509043.674,2509043674,1274,1910,1935,0,0,FWD,33,,-1,IDLE,0
C3B93D0B,2508666,2509044.400,2509044400,726,1911,1935,0,0,FWD,1,,-1,IDLE,0
C3B93D0B,2508667,2509045.399,2509045399,999,1910,1935,0,0,FWD,1,,-1,IDLE,0
C3B93D0B,2508668,2509046.400,2509046400,1001,1911,1935,0,0,FWD,1,,-1,IDLE,0
C3B93D0B,2508669,2509047.399,2509047399,999,1909,1935,0,0,FWD,1,,-1,IDLE,0
C3B93D0B,2508670,2509048.400,2509048400,1001,1908,1935,0,0,FWD,1,,-1,IDLE,0
C3B93D0B,2508671,2509049.399,2509049399,999,1909,1935,0,0,FWD,1,,-1,IDLE,0
C3B93D0B,2508672,2509050.400,2509050400,1001,1909,1935,0,0,FWD,1,,-1,IDLE,0
C3B93D0B,2508673,2509051.400,2509051400,1000,1908,1935,0,0,FWD,1,,-1,IDLE,0
C3B93D0B,2508674,2509052.400,2509052400,1000,1907,1935,0,0,FWD,1,,-1,IDLE,0
C3B93D0B,2508675,2509053.399,2509053399,999,1909,1935,0,0,FWD,1,,-1,IDLE,0
C3B93D0B,2508676,2509054.400,2509054400,1001,1910,1935,0,0,FWD,1,,-1,IDLE,0
C3B93D0B,2508677,2509055.399,2509055399,999,1907,1935,0,0,FWD,1,,-1,IDLE,0
C3B93D0B,2508678,2509056.400,2509056400,1001,1908,1935,0,0,FWD,1,,-1,IDLE,0
C3B93D0B,2508679,2509057.399,2509057399,999,1907,1935,0,0,FWD,1,,-1,IDLE,0
C3B93D0B,2508680,2509058.400,2509058400,1001,1906,1935,0,0,FWD,1,,-1,IDLE,0
C3B93D0B,2508681,2509059.399,2509059399,999,1907,1935,0,0,FWD,1,,-1,IDLE,0
C3B93D0B,2508682,2509060.400,2509060400,1001,1907,1935,0,0,FWD,1,,-1,IDLE,0
C3B93D0B,2508683,2509061.400,2509061400,1000,1908,1935,0,0,FWD,1,,-1,IDLE,0
C3B93D0B,2508684,2509062.400,2509062400,1000,1906,1935,0,0,FWD,1,,-1,IDLE,0
C3B93D0B,2508685,2509063.399,2509063399,999,1907,1935,0,0,FWD,1,,-1,IDLE,0
C3B93D0B,2508686,2509064.400,2509064400,1001,1907,1935,0,0,FWD,1,,-1,IDLE,0
C3B93D0B,2508687,2509065.399,2509065399,999,1907,1935,0,0,FWD,1,,-1,IDLE,0
C3B93D0B,2508688,2509066.400,2509066400,1001,1907,1935,0,0,FWD,1,,-1,IDLE,0
C3B93D0B,2508689,2509067.399,2509067399,999,1907,1935,0,0,FWD,1,,-1,IDLE,0
C3B93D0B,2508690,2509068.400,2509068400,1001,1909,1935,0,0,FWD,1,,-1,IDLE,0
C3B93D0B,2508691,2509069.399,2509069399,999,1907,1935,0,0,FWD,1,,-1,IDLE,0
C3B93D0B,2508692,2509070.400,2509070400,1001,1906,1935,0,0,FWD,1,,-1,IDLE,0
C3B93D0B,2508693,2509071.400,2509071400,1000,1907,1935,0,0,FWD,1,,-1,IDLE,0
C3B93D0B,2508694,2509072.400,2509072400,1000,1907,1935,0,0,FWD,1,,-1,IDLE,0
C3B93D0B,2508695,2509073.399,2509073399,999,1909,1935,0,0,FWD,1,,-1,IDLE,0
C3B93D0B,2508696,2509074.400,2509074400,1001,1908,1935,0,0,FWD,1,,-1,IDLE,0
C3B93D0B,2508697,2509075.399,2509075399,999,1909,1935,0,0,FWD,1,,-1,IDLE,0
C3B93D0B,2508698,2509076.400,2509076400,1001,1898,1935,0,0,FWD,1,,-1,IDLE,0
C3B93D0B,2508699,2509077.399,2509077399,999,1899,1935,0,0,FWD,1,,-1,IDLE,0
C3B93D0B,2508700,2509078.400,2509078400,1001,1899,1935,0,0,FWD,1,,-1,IDLE,0
C3B93D0B,2508701,2509079.399,2509079399,999,1904,1935,0,0,FWD,1,,-1,IDLE,0
C3B93D0B,2508702,2509080.400,2509080400,1001,1900,1935,0,0,FWD,1,,-1,IDLE,0
C3B93D0B,2508703,2509081.400,2509081400,1000,1897,1935,0,0,FWD,1,,-1,IDLE,0
C3B93D0B,2508704,2509082.739,2509082739,1339,1902,1935,0,0,FWD,33,,-1,IDLE,0
C3B93D0B,2508705,2509083.399,2509083399,660,1903,1935,0,0,FWD,1,,-1,IDLE,0
C3B93D0B,2508706,2509084.400,2509084400,1001,1899,1935,0,0,FWD,1,,-1,IDLE,0
C3B93D0B,2508707,2509085.399,2509085399,999,1901,1935,0,0,FWD,1,,-1,IDLE,0
C3B93D0B,2508708,2509086.400,2509086400,1001,1899,1935,0,0,FWD,1,,-1,IDLE,0
C3B93D0B,2508709,2509087.542,2509087542,1142,1900,1935,0,0,FWD,1,,-1,IDLE,0
C3B93D0B,2508710,2509088.400,2509088400,858,1899,1935,0,0,FWD,1,,-1,IDLE,0
C3B93D0B,2508711,2509089.399,2509089399,999,1902,1935,0,0,FWD,1,,-1,IDLE,0
C3B93D0B,2508712,2509090.400,2509090400,1001,1903,1935,0,0,FWD,1,,-1,IDLE,0
C3B93D0B,2508713,2509091.400,2509091400,1000,1901,1935,0,0,FWD,1,,-1,IDLE,0
C3B93D0B,2508714,2509092.400,2509092400,1000,1903,1935,0,0,FWD,1,,-1,IDLE,0
C3B93D0B,2508715,2509093.399,2509093399,999,1901,1935,0,0,FWD,1,,-1,IDLE,0
C3B93D0B,2508716,2509094.400,2509094400,1001,1901,1935,0,0,FWD,1,,-1,IDLE,0
C3B93D0B,2508717,2509095.399,2509095399,999,1902,1935,0,0,FWD,1,,-1,IDLE,0
C3B93D0B,2508718,2509096.400,2509096400,1001,1901,1935,0,0,FWD,1,,-1,IDLE,0
C3B93D0B,2508719,2509097.399,2509097399,999,1899,1935,0,0,FWD,1,,-1,IDLE,0
C3B93D0B,2508720,2509098.400,2509098400,1001,1904,1935,0,0,FWD,1,,-1,IDLE,0
C3B93D0B,2508721,2509099.399,2509099399,999,1902,1935,0,0,FWD,1,,-1,IDLE,0
C3B93D0B,2508722,2509100.400,2509100400,1001,1901,1935,0,0,FWD,1,,-1,IDLE,0
C3B93D0B,2508723,2509101.400,2509101400,1000,1901,1935,0,0,FWD,1,,-1,IDLE,0
C3B93D0B,2508724,2509102.400,2509102400,1000,1900,1935,0,0,FWD,1,,-1,IDLE,0
C3B93D0B,2508725,2509103.399,2509103399,999,1899,1935,0,0,FWD,1,,-1,IDLE,0
C3B93D0B,2508726,2509104.400,2509104400,1001,1903,1935,0,0,FWD,1,,-1,IDLE,0
C3B93D0B,2508727,2509105.399,2509105399,999,1900,1935,0,0,FWD,1,,-1,IDLE,0
C3B93D0B,2508728,2509106.400,2509106400,1001,1902,1935,0,0,FWD,1,,-1,IDLE,0
C3B93D0B,2508729,2509107.399,2509107399,999,1902,1935,0,0,FWD,1,,-1,IDLE,0
C3B93D0B,2508730,2509108.400,2509108400,1001,1901,1935,0,0,FWD,1,,-1,IDLE,0
C3B93D0B,2508731,2509109.399,2509109399,999,1900,1935,0,0,FWD,1,,-1,IDLE,0
C3B93D0B,2508732,2509110.400,2509110400,1001,1902,1935,0,0,FWD,1,,-1,IDLE,0
C3B93D0B,2508733,2509111.400,2509111400,1000,1901,1935,0,0,FWD,1,,-1,IDLE,0
C3B93D0B,2508734,2509112.400,2509112400,1000,1901,1935,0,0,FWD,1,,-1,IDLE,0
C3B93D0B,2508735,2509113.399,2509113399,999,1904,1935,0,0,FWD,1,,-1,IDLE,0
C3B93D0B,2508736,2509114.400,2509114400,1001,1902,1935,0,0,FWD,1,,-1,IDLE,0
C3B93D0B,2508737,2509115.399,2509115399,999,1903,1935,0,0,FWD,1,,-1,IDLE,0
C3B93D0B,2508738,2509116.400,2509116400,1001,1901,1935,0,0,FWD,1,,-1,IDLE,0
C3B93D0B,2508739,2509117.399,2509117399,999,1902,1935,0,0,FWD,1,,-1,IDLE,0
C3B93D0B,2508740,2509118.400,2509118400,1001,1900,1935,0,0,FWD,1,,-1,IDLE,0
C3B93D0B,2508741,2509119.399,2509119399,999,1901,1935,0,0,FWD,1,,-1,IDLE,0
C3B93D0B,2508742,2509120.400,2509120400,1001,1903,1935,0,0,FWD,1,,-1,IDLE,0
C3B93D0B,2508743,2509121.400,2509121400,1000,1901,1935,0,0,FWD,1,,-1,IDLE,0
C3B93D0B,2508744,2509122.400,2509122400,1000,1899,1935,0,0,FWD,1,,-1,IDLE,0
C3B93D0B,2508745,2509123.399,2509123399,999,1902,1935,0,0,FWD,1,,-1,IDLE,0
C3B93D0B,2508746,2509124.400,2509124400,1001,1899,1935,0,0,FWD,1,,-1,IDLE,0
C3B93D0B,2508747,2509125.399,2509125399,999,1902,1935,0,0,FWD,1,,-1,IDLE,0
C3B93D0B,2508748,2509126.400,2509126400,1001,1901,1935,0,0,FWD,1,,-1,IDLE,0
C3B93D0B,2508749,2509127.399,2509127399,999,1903,1935,0,0,FWD,1,,-1,IDLE,0
C3B93D0B,2508750,2509128.400,2509128400,1001,1902,1935,0,0,FWD,1,,-1,IDLE,0
C3B93D0B,2508751,2509129.399,2509129399,999,1902,1935,0,0,FWD,1,,-1,IDLE,0
C3B93D0B,2508752,2509130.400,2509130400,1001,1903,1935,0,0,FWD,1,,-1,IDLE,0
C3B93D0B,2508753,2509131.400,2509131400,1000,1901,1935,0,0,FWD,1,,-1,IDLE,0
C3B93D0B,2508754,2509132.400,2509132400,1000,1901,1935,0,0,FWD,1,,-1,IDLE,0
C3B93D0B,2508755,2509133.399,2509133399,999,1901,1935,0,0,FWD,1,,-1,IDLE,0
C3B93D0B,2508756,2509134.400,2509134400,1001,1901,1935,0,0,FWD,1,,-1,IDLE,0
C3B93D0B,2508757,2509135.399,2509135399,999,1899,1935,0,0,FWD,1,,-1,IDLE,0
C3B93D0B,2508758,2509136.400,2509136400,1001,1899,1935,0,0,FWD,1,,-1,IDLE,0
C3B93D0B,2508759,2509137.399,2509137399,999,1902,1935,0,0,FWD,1,,-1,IDLE,0
C3B93D0B,2508760,2509138.400,2509138400,1001,1901,1935,0,0,FWD,1,,-1,IDLE,0
C3B93D0B,2508761,2509139.440,2509139440,1040,1901,1935,0,0,FWD,1,,-1,IDLE,0
C3B93D0B,2508762,2509140.400,2509140400,960,1902,1935,0,0,FWD,1,,-1,IDLE,0
C3B93D0B,2508763,2509141.400,2509141400,1000,1903,1935,0,0,FWD,1,,-1,IDLE,0
C3B93D0B,2508764,2509142.400,2509142400,1000,1902,1935,0,0,FWD,1,,-1,IDLE,0
C3B93D0B,2508765,2509143.399,2509143399,999,1900,1935,0,0,FWD,1,,-1,IDLE,0
C3B93D0B,2508766,2509144.400,2509144400,1001,1910,1935,0,0,FWD,1,,-1,IDLE,0
C3B93D0B,2508767,2509145.399,2509145399,999,1911,1935,0,0,FWD,1,,-1,IDLE,0
C3B93D0B,2508768,2509146.595,2509146595,1196,1911,1935,0,0,FWD,1,,-1,IDLE,0
C3B93D0B,2508769,2509147.399,2509147399,804,1909,1935,0,0,FWD,1,,-1,IDLE,0
C3B93D0B,2508770,2509148.400,2509148400,1001,1910,1935,0,0,FWD,1,,-1,IDLE,0
C3B93D0B,2508771,2509149.399,2509149399,999,1908,1935,0,0,FWD,1,,-1,IDLE,0
C3B93D0B,2508772,2509150.400,2509150400,1001,1910,1935,0,0,FWD,1,,-1,IDLE,0
C3B93D0B,2508773,2509151.400,2509151400,1000,1910,1935,0,0,FWD,1,,-1,IDLE,0
C3B93D0B,2508774,2509152.400,2509152400,1000,1909,1935,0,0,FWD,1,,-1,IDLE,0
C3B93D0B,2508775,2509153.399,2509153399,999,1910,1935,0,0,FWD,1,,-1,IDLE,0
C3B93D0B,2508776,2509154.400,2509154400,1001,1908,1935,0,0,FWD,1,,-1,IDLE,0
C3B93D0B,2508777,2509155.399,2509155399,999,1909,1935,0,0,FWD,1,,-1,IDLE,0
C3B93D0B,2508778,2509156.400,2509156400,1001,1909,1935,0,0,FWD,1,,-1,IDLE,0
C3B93D0B,2508779,2509157.399,2509157399,999,1909,1935,0,0,FWD,1,,-1,IDLE,0
C3B93D0B,2508780,2509158.400,2509158400,1001,1909,1935,0,0,FWD,1,,-1,IDLE,0
C3B93D0B,2508781,2509159.399,2509159399,999,1910,1935,0,0,FWD,1,,-1,IDLE,0
C3B93D0B,2508782,2509160.400,2509160400,1001,1907,1935,0,0,FWD,1,,-1,IDLE,0
C3B93D0B,2508783,2509161.400,2509161400,1000,1907,1935,0,0,FWD,1,,-1,IDLE,0
C3B93D0B,2508784,2509162.400,2509162400,1000,1909,1935,0,0,FWD,1,,-1,IDLE,0
C3B93D0B,2508785,2509163.399,2509163399,999,1909,1935,0,0,FWD,1,,-1,IDLE,0
C3B93D0B,2508786,2509164.400,2509164400,1001,1909,1935,0,0,FWD,1,,-1,IDLE,0
C3B93D0B,2508787,2509165.399,2509165399,999,1907,1935,0,0,FWD,1,,-1,IDLE,0
C3B93D0B,2508788,2509166.400,2509166400,1001,1907,1935,0,0,FWD,1,,-1,IDLE,0
C3B93D0B,2508789,2509167.399,2509167399,999,1907,1935,0,0,FWD,1,,-1,IDLE,0
C3B93D0B,2508790,2509168.400,2509168400,1001,1909,1935,0,0,FWD,1,,-1,IDLE,0
C3B93D0B,2508791,2509169.399,2509169399,999,1907,1935,0,0,FWD,1,,-1,IDLE,0
C3B93D0B,2508792,2509170.400,2509170400,1001,1907,1935,0,0,FWD,1,,-1,IDLE,0
C3B93D0B,2508793,2509171.400,2509171400,1000,1909,1935,0,0,FWD,1,,-1,IDLE,0
C3B93D0B,2508794,2509172.400,2509172400,1000,1908,1935,0,0,FWD,1,,-1,IDLE,0
C3B93D0B,2508795,2509173.399,2509173399,999,1908,1935,0,0,FWD,1,,-1,IDLE,0
C3B93D0B,2508796,2509174.400,2509174400,1001,1907,1935,0,0,FWD,1,,-1,IDLE,0
C3B93D0B,2508797,2509175.399,2509175399,999,1907,1935,0,0,FWD,1,,-1,IDLE,0
C3B93D0B,2508798,2509176.400,2509176400,1001,1907,1935,0,0,FWD,1,,-1,IDLE,0
C3B93D0B,2508799,2509177.399,2509177399,999,1907,1935,0,0,FWD,1,,-1,IDLE,0
C3B93D0B,2508800,2509178.684,2509178684,1285,1901,1935,0,0,FWD,33,,-1,IDLE,0
C3B93D0B,2508801,2509179.399,2509179399,715,1898,1935,0,0,FWD,1,,-1,IDLE,0
C3B93D0B,2508802,2509180.400,2509180400,1001,1901,1935,0,0,FWD,1,,-1,IDLE,0
C3B93D0B,2508803,2509181.400,2509181400,1000,1901,1935,0,0,FWD,1,,-1,IDLE,0
C3B93D0B,2508804,2509182.774,2509182774,1374,1902,1935,0,0,FWD,33,,-1,IDLE,0
C3B93D0B,2508805,2509183.399,2509183399,625,1901,1935,0,0,FWD,1,,-1,IDLE,0
C3B93D0B,2508806,2509184.400,2509184400,1001,1893,1935,0,0,FWD,1,,-1,IDLE,0
C3B93D0B,2508807,2509185.399,2509185399,999,1901,1935,0,0,FWD,1,,-1,IDLE,0
C3B93D0B,2508808,2509186.400,2509186400,1001,1899,1935,0,0,FWD,1,,-1,IDLE,0
C3B93D0B,2508809,2509187.587,2509187587,1187,1898,1935,0,0,FWD,1,,-1,IDLE,0
C3B93D0B,2508810,2509188.400,2509188400,813,1894,1935,0,0,FWD,1,,-1,IDLE,0
C3B93D0B,2508811,2509189.399,2509189399,999,1901,1935,0,0,FWD,1,,-1,IDLE,0
C3B93D0B,2508812,2509190.400,2509190400,1001,1901,1935,0,0,FWD,1,,-1,IDLE,0
C3B93D0B,2508813,2509191.400,2509191400,1000,1901,1935,0,0,FWD,1,,-1,IDLE,0
C3B93D0B,2508814,2509192.400,2509192400,1000,1899,1935,0,0,FWD,1,,-1,IDLE,0
C3B93D0B,2508815,2509193.399,2509193399,999,1903,1935,0,0,FWD,1,,-1,IDLE,0
C3B93D0B,2508816,2509194.400,2509194400,1001,1901,1935,0,0,FWD,1,,-1,IDLE,0
C3B93D0B,2508817,2509195.399,2509195399,999,1903,1935,0,0,FWD,1,,-1,IDLE,0
C3B93D0B,2508818,2509196.400,2509196400,1001,1902,1935,0,0,FWD,1,,-1,IDLE,0
C3B93D0B,2508819,2509197.399,2509197399,999,1901,1935,0,0,FWD,1,,-1,IDLE,0
C3B93D0B,2508820,2509198.400,2509198400,1001,1902,1935,0,0,FWD,1,,-1,IDLE,0
C3B93D0B,2508821,2509199.399,2509199399,999,1902,1935,0,0,FWD,1,,-1,IDLE,0
C3B93D0B,2508822,2509200.400,2509200400,1001,1899,1935,0,0,FWD,1,,-1,IDLE,0
C3B93D0B,2508823,2509201.400,2509201400,1000,1901,1935,0,0,FWD,1,,-1,IDLE,0
C3B93D0B,2508824,2509202.400,2509202400,1000,1901,1935,0,0,FWD,1,,-1,IDLE,0
C3B93D0B,2508825,2509203.399,2509203399,999,1902,1935,0,0,FWD,1,,-1,IDLE,0
C3B93D0B,2508826,2509204.400,2509204400,1001,1902,1935,0,0,FWD,1,,-1,IDLE,0
C3B93D0B,2508827,2509205.399,2509205399,999,1899,1935,0,0,FWD,1,,-1,IDLE,0
C3B93D0B,2508828,2509206.400,2509206400,1001,1901,1935,0,0,FWD,1,,-1,IDLE,0
C3B93D0B,2508829,2509207.399,2509207399,999,1901,1935,0,0,FWD,1,,-1,IDLE,0
C3B93D0B,2508830,2509208.400,2509208400,1001,1901,1935,0,0,FWD,1,,-1,IDLE,0
C3B93D0B,2508831,2509209.399,2509209399,999,1901,1935,0,0,FWD,1,,-1,IDLE,0
C3B93D0B,2508832,2509210.400,2509210400,1001,1902,1935,0,0,FWD,1,,-1,IDLE,0
C3B93D0B,2508833,2509211.400,2509211400,1000,1899,1935,0,0,FWD,1,,-1,IDLE,0
C3B93D0B,2508834,2509212.400,2509212400,1000,1903,1935,0,0,FWD,1,,-1,IDLE,0
C3B93D0B,2508835,2509213.399,2509213399,999,1900,1935,0,0,FWD,1,,-1,IDLE,0
C3B93D0B,2508836,2509214.400,2509214400,1001,1902,1935,0,0,FWD,1,,-1,IDLE,0
C3B93D0B,2508837,2509215.399,2509215399,999,1899,1935,0,0,FWD,1,,-1,IDLE,0
C3B93D0B,2508838,2509216.400,2509216400,1001,1902,1935,0,0,FWD,1,,-1,IDLE,0
C3B93D0B,2508839,2509217.399,2509217399,999,1903,1935,0,0,FWD,1,,-1,IDLE,0
C3B93D0B,2508840,2509218.400,2509218400,1001,1901,1935,0,0,FWD,1,,-1,IDLE,0
C3B93D0B,2508841,2509219.399,2509219399,999,1903,1935,0,0,FWD,1,,-1,IDLE,0
C3B93D0B,2508842,2509220.400,2509220400,1001,1903,1935,0,0,FWD,1,,-1,IDLE,0
C3B93D0B,2508843,2509221.400,2509221400,1000,1902,1935,0,0,FWD,1,,-1,IDLE,0
C3B93D0B,2508844,2509222.400,2509222400,1000,1901,1935,0,0,FWD,1,,-1,IDLE,0
C3B93D0B,2508845,2509223.399,2509223399,999,1899,1935,0,0,FWD,1,,-1,IDLE,0
C3B93D0B,2508846,2509224.400,2509224400,1001,1899,1935,0,0,FWD,1,,-1,IDLE,0
C3B93D0B,2508847,2509225.399,2509225399,999,1903,1935,0,0,FWD,1,,-1,IDLE,0
C3B93D0B,2508848,2509226.400,2509226400,1001,1900,1935,0,0,FWD,1,,-1,IDLE,0
C3B93D0B,2508849,2509227.399,2509227399,999,1904,1935,0,0,FWD,1,,-1,IDLE,0
C3B93D0B,2508850,2509228.400,2509228400,1001,1901,1935,0,0,FWD,1,,-1,IDLE,0
C3B93D0B,2508851,2509229.399,2509229399,999,1900,1935,0,0,FWD,1,,-1,IDLE,0
C3B93D0B,2508852,2509230.400,2509230400,1001,1901,1935,0,0,FWD,1,,-1,IDLE,0
C3B93D0B,2508853,2509231.400,2509231400,1000,1901,1935,0,0,FWD,1,,-1,IDLE,0
C3B93D0B,2508854,2509232.400,2509232400,1000,1899,1935,0,0,FWD,1,,-1,IDLE,0
C3B93D0B,2508855,2509233.399,2509233399,999,1901,1935,0,0,FWD,1,,-1,IDLE,0
C3B93D0B,2508856,2509234.400,2509234400,1001,1901,1935,0,0,FWD,1,,-1,IDLE,0
C3B93D0B,2508857,2509235.399,2509235399,999,1901,1935,0,0,FWD,1,,-1,IDLE,0
C3B93D0B,2508858,2509236.400,2509236400,1001,1899,1935,0,0,FWD,1,,-1,IDLE,0
C3B93D0B,2508859,2509237.399,2509237399,999,1902,1935,0,0,FWD,1,,-1,IDLE,0
C3B93D0B,2508860,2509238.400,2509238400,1001,1899,1935,0,0,FWD,1,,-1,IDLE,0
C3B93D0B,2508861,2509239.401,2509239401,1001,1900,1935,0,0,FWD,1,,-1,IDLE,0
C3B93D0B,2508862,2509240.400,2509240400,999,1900,1935,0,0,FWD,1,,-1,IDLE,0
C3B93D0B,2508863,2509241.400,2509241400,1000,1898,1935,0,0,FWD,1,,-1,IDLE,0
C3B93D0B,2508864,2509242.400,2509242400,1000,1904,1935,0,0,FWD,1,,-1,IDLE,0
C3B93D0B,2508865,2509243.399,2509243399,999,1902,1935,0,0,FWD,1,,-1,IDLE,0
C3B93D0B,2508866,2509244.400,2509244400,1001,1902,1935,0,0,FWD,1,,-1,IDLE,0
C3B93D0B,2508867,2509245.399,2509245399,999,1904,1935,0,0,FWD,1,,-1,IDLE,0
C3B93D0B,2508868,2509246.400,2509246400,1001,1903,1935,0,0,FWD,1,,-1,IDLE,0
C3B93D0B,2508869,2509247.399,2509247399,999,1901,1935,0,0,FWD,1,,-1,IDLE,0
C3B93D0B,2508870,2509248.412,2509248412,1013,1911,1935,0,0,FWD,1,,-1,IDLE,0
C3B93D0B,2508871,2509249.399,2509249399,987,1911,1935,0,0,FWD,1,,-1,IDLE,0
C3B93D0B,2508872,2509250.400,2509250400,1001,1909,1935,0,0,FWD,1,,-1,IDLE,0
C3B93D0B,2508873,2509251.400,2509251400,1000,1909,1935,0,0,FWD,1,,-1,IDLE,0
C3B93D0B,2508874,2509252.400,2509252400,1000,1911,1935,0,0,FWD,1,,-1,IDLE,0
C3B93D0B,2508875,2509253.399,2509253399,999,1910,1935,0,0,FWD,1,,-1,IDLE,0
C3B93D0B,2508876,2509254.400,2509254400,1001,1910,1935,0,0,FWD,1,,-1,IDLE,0
C3B93D0B,2508877,2509255.399,2509255399,999,1910,1935,0,0,FWD,1,,-1,IDLE,0
C3B93D0B,2508878,2509256.400,2509256400,1001,1908,1935,0,0,FWD,1,,-1,IDLE,0
C3B93D0B,2508879,2509257.399,2509257399,999,1909,1935,0,0,FWD,1,,-1,IDLE,0
C3B93D0B,2508880,2509258.400,2509258400,1001,1909,1935,0,0,FWD,1,,-1,IDLE,0
C3B93D0B,2508881,2509259.399,2509259399,999,1909,1935,0,0,FWD,1,,-1,IDLE,0
C3B93D0B,2508882,2509260.400,2509260400,1001,1909,1935,0,0,FWD,1,,-1,IDLE,0
C3B93D0B,2508883,2509261.400,2509261400,1000,1907,1935,0,0,FWD,1,,-1,IDLE,0
C3B93D0B,2508884,2509262.400,2509262400,1000,1908,1935,0,0,FWD,1,,-1,IDLE,0
C3B93D0B,2508885,2509263.399,2509263399,999,1909,1935,0,0,FWD,1,,-1,IDLE,0
C3B93D0B,2508886,2509264.400,2509264400,1001,1909,1935,0,0,FWD,1,,-1,IDLE,0
C3B93D0B,2508887,2509265.399,2509265399,999,1908,1935,0,0,FWD,1,,-1,IDLE,0
C3B93D0B,2508888,2509266.400,2509266400,1001,1909,1935,0,0,FWD,1,,-1,IDLE,0
C3B93D0B,2508889,2509267.399,2509267399,999,1909,1935,0,0,FWD,1,,-1,IDLE,0
C3B93D0B,2508890,2509268.400,2509268400,1001,1907,1935,0,0,FWD,1,,-1,IDLE,0
C3B93D0B,2508891,2509269.399,2509269399,999,1909,1935,0,0,FWD,1,,-1,IDLE,0
C3B93D0B,2508892,2509270.400,2509270400,1001,1907,1935,0,0,FWD,1,,-1,IDLE,0
C3B93D0B,2508893,2509271.400,2509271400,1000,1909,1935,0,0,FWD,1,,-1,IDLE,0
C3B93D0B,2508894,2509272.400,2509272400,1000,1907,1935,0,0,FWD,1,,-1,IDLE,0
C3B93D0B,2508895,2509273.399,2509273399,999,1910,1935,0,0,FWD,1,,-1,IDLE,0
C3B93D0B,2508896,2509274.400,2509274400,1001,1908,1935,0,0,FWD,1,,-1,IDLE,0
C3B93D0B,2508897,2509275.399,2509275399,999,1908,1935,0,0,FWD,1,,-1,IDLE,0
C3B93D0B,2508898,2509276.400,2509276400,1001,1907,1935,0,0,FWD,1,,-1,IDLE,0
C3B93D0B,2508899,2509277.399,2509277399,999,1909,1935,0,0,FWD,1,,-1,IDLE,0
C3B93D0B,2508900,2509278.400,2509278400,1001,1907,1935,0,0,FWD,1,,-1,IDLE,0
C3B93D0B,2508901,2509279.399,2509279399,999,1908,1935,0,0,FWD,1,,-1,IDLE,0
C3B93D0B,2508902,2509281.010,2509281010,1611,1899,1935,0,0,FWD,33,,-1,IDLE,0
C3B93D0B,2508903,2509281.400,2509281400,390,1899,1935,0,0,FWD,1,,-1,IDLE,0
C3B93D0B,2508904,2509282.770,2509282770,1370,1900,1935,0,0,FWD,33,,-1,IDLE,0
C3B93D0B,2508905,2509283.399,2509283399,629,1899,1935,0,0,FWD,1,,-1,IDLE,0
C3B93D0B,2508906,2509284.400,2509284400,1001,1898,1935,0,0,FWD,1,,-1,IDLE,0
C3B93D0B,2508907,2509285.399,2509285399,999,1898,1935,0,0,FWD,1,,-1,IDLE,0
C3B93D0B,2508908,2509286.400,2509286400,1001,1900,1935,0,0,FWD,1,,-1,IDLE,0
C3B93D0B,2508909,2509287.740,2509287740,1340,1902,1935,0,0,FWD,33,,-1,IDLE,0
C3B93D0B,2508910,2509288.668,2509288668,928,1898,1935,0,0,FWD,1,,-1,IDLE,0
C3B93D0B,2508911,2509289.399,2509289399,731,1895,1935,0,0,FWD,1,,-1,IDLE,0
C3B93D0B,2508912,2509290.400,2509290400,1001,1900,1935,0,0,FWD,1,,-1,IDLE,0
C3B93D0B,2508913,2509291.400,2509291400,1000,1904,1935,0,0,FWD,1,,-1,IDLE,0
C3B93D0B,2508914,2509292.400,2509292400,1000,1901,1935,0,0,FWD,1,,-1,IDLE,0
C3B93D0B,2508915,2509293.399,2509293399,999,1900,1935,0,0,FWD,1,,-1,IDLE,0
C3B93D0B,2508916,2509294.400,2509294400,1001,1901,1935,0,0,FWD,1,,-1,IDLE,0
C3B93D0B,2508917,2509295.399,2509295399,999,1902,1935,0,0,FWD,1,,-1,IDLE,0
C3B93D0B,2508918,2509296.400,2509296400,1001,1901,1935,0,0,FWD,1,,-1,IDLE,0
C3B93D0B,2508919,2509297.399,2509297399,999,1902,1935,0,0,FWD,1,,-1,IDLE,0
C3B93D0B,2508920,2509298.400,2509298400,1001,1900,1935,0,0,FWD,1,,-1,IDLE,0
C3B93D0B,2508921,2509299.399,2509299399,999,1903,1935,0,0,FWD,1,,-1,IDLE,0
C3B93D0B,2508922,2509300.400,2509300400,1001,1901,1935,0,0,FWD,1,,-1,IDLE,0
C3B93D0B,2508923,2509301.400,2509301400,1000,1901,1935,0,0,FWD,1,,-1,IDLE,0
C3B93D0B,2508924,2509302.400,2509302400,1000,1902,1935,0,0,FWD,1,,-1,IDLE,0
C3B93D0B,2508925,2509303.399,2509303399,999,1902,1935,0,0,FWD,1,,-1,IDLE,0
C3B93D0B,2508926,2509304.400,2509304400,1001,1903,1935,0,0,FWD,1,,-1,IDLE,0
C3B93D0B,2508927,2509305.399,2509305399,999,1903,1935,0,0,FWD,1,,-1,IDLE,0
C3B93D0B,2508928,2509306.400,2509306400,1001,1903,1935,0,0,FWD,1,,-1,IDLE,0
C3B93D0B,2508929,2509307.399,2509307399,999,1901,1935,0,0,FWD,1,,-1,IDLE,0
C3B93D0B,2508930,2509308.400,2509308400,1001,1901,1935,0,0,FWD,1,,-1,IDLE,0
C3B93D0B,2508931,2509309.399,2509309399,999,1903,1935,0,0,FWD,1,,-1,IDLE,0
C3B93D0B,2508932,2509310.400,2509310400,1001,1899,1935,0,0,FWD,1,,-1,IDLE,0
C3B93D0B,2508933,2509311.400,2509311400,1000,1902,1935,0,0,FWD,1,,-1,IDLE,0
C3B93D0B,2508934,2509312.400,2509312400,1000,1902,1935,0,0,FWD,1,,-1,IDLE,0
C3B93D0B,2508935,2509313.399,2509313399,999,1901,1935,0,0,FWD,1,,-1,IDLE,0
C3B93D0B,2508936,2509314.400,2509314400,1001,1901,1935,0,0,FWD,1,,-1,IDLE,0
C3B93D0B,2508937,2509315.399,2509315399,999,1899,1935,0,0,FWD,1,,-1,IDLE,0
C3B93D0B,2508938,2509316.400,2509316400,1001,1901,1935,0,0,FWD,1,,-1,IDLE,0
C3B93D0B,2508939,2509317.399,2509317399,999,1902,1935,0,0,FWD,1,,-1,IDLE,0
C3B93D0B,2508940,2509318.400,2509318400,1001,1899,1935,0,0,FWD,1,,-1,IDLE,0
C3B93D0B,2508941,2509319.400,2509319400,1000,1901,1935,0,0,FWD,1,,-1,IDLE,0
C3B93D0B,2508942,2509320.400,2509320400,1000,1899,1935,0,0,FWD,1,,-1,IDLE,0
C3B93D0B,2508943,2509321.400,2509321400,1000,1902,1935,0,0,FWD,1,,-1,IDLE,0
C3B93D0B,2508944,2509322.402,2509322402,1002,1900,1935,0,0,FWD,1,,-1,IDLE,0
C3B93D0B,2508945,2509323.402,2509323402,1000,1898,1935,0,0,FWD,1,,-1,IDLE,0
C3B93D0B,2508946,2509324.522,2509324522,1120,1899,1935,0,0,FWD,1,,-1,IDLE,0
C3B93D0B,2508947,2509325.401,2509325401,879,1899,1935,0,0,FWD,1,,-1,IDLE,0
C3B93D0B,2508948,2509326.400,2509326400,999,1902,1935,0,0,FWD,1,,-1,IDLE,0
C3B93D0B,2508949,2509327.399,2509327399,999,1901,1935,0,0,FWD,1,,-1,IDLE,0
C3B93D0B,2508950,2509328.400,2509328400,1001,1903,1935,0,0,FWD,1,,-1,IDLE,0
C3B93D0B,2508951,2509329.399,2509329399,999,1900,1935,0,0,FWD,1,,-1,IDLE,0
C3B93D0B,2508952,2509330.400,2509330400,1001,1902,1935,0,0,FWD,1,,-1,IDLE,0
C3B93D0B,2508953,2509331.399,2509331399,999,1901,1935,0,0,FWD,1,,-1,IDLE,0
C3B93D0B,2508954,2509332.400,2509332400,1001,1901,1935,0,0,FWD,1,,-1,IDLE,0
C3B93D0B,2508955,2509333.399,2509333399,999,1901,1935,0,0,FWD,1,,-1,IDLE,0
C3B93D0B,2508956,2509334.400,2509334400,1001,1903,1935,0,0,FWD,1,,-1,IDLE,0
C3B93D0B,2508957,2509335.400,2509335400,1000,1903,1935,0,0,FWD,1,,-1,IDLE,0
C3B93D0B,2508958,2509336.400,2509336400,1000,1904,1935,0,0,FWD,1,,-1,IDLE,0
C3B93D0B,2508959,2509337.430,2509337430,1030,1902,1935,0,0,FWD,1,,-1,IDLE,0
C3B93D0B,2508960,2509338.400,2509338400,970,1902,1935,0,0,FWD,1,,-1,IDLE,0
C3B93D0B,2508961,2509339.399,2509339399,999,1901,1935,0,0,FWD,1,,-1,IDLE,0
C3B93D0B,2508962,2509341.325,2509341325,1926,1900,1935,0,0,FWD,33,,-1,IDLE,0
C3B93D0B,2508963,2509341.664,2509341664,339,1899,1935,0,0,FWD,1,,-1,IDLE,0
C3B93D0B,2508964,2509342.400,2509342400,736,1901,1935,0,0,FWD,1,,-1,IDLE,0
C3B93D0B,2508965,2509343.399,2509343399,999,1901,1935,0,0,FWD,1,,-1,IDLE,0
C3B93D0B,2508966,2509345.034,2509345034,1635,1903,1935,0,0,FWD,33,,-1,IDLE,0
C3B93D0B,2508967,2509345.400,2509345400,366,1900,1935,0,0,FWD,1,,-1,IDLE,0
C3B93D0B,2508968,2509346.400,2509346400,1000,1901,1935,0,0,FWD,1,,-1,IDLE,0
C3B93D0B,2508969,2509347.399,2509347399,999,1903,1935,0,0,FWD,1,,-1,IDLE,0
C3B93D0B,2508970,2509348.400,2509348400,1001,1902,1935,0,0,FWD,1,,-1,IDLE,0
C3B93D0B,2508971,2509349.399,2509349399,999,1902,1935,0,0,FWD,1,,-1,IDLE,0
C3B93D0B,2508972,2509350.400,2509350400,1001,1902,1935,0,0,FWD,1,,-1,IDLE,0
C3B93D0B,2508973,2509351.399,2509351399,999,1899,1935,0,0,FWD,1,,-1,IDLE,0
C3B93D0B,2508974,2509352.400,2509352400,1001,1902,1935,0,0,FWD,1,,-1,IDLE,0
C3B93D0B,2508975,2509353.399,2509353399,999,1902,1935,0,0,FWD,1,,-1,IDLE,0
C3B93D0B,2508976,2509354.400,2509354400,1001,1901,1935,0,0,FWD,1,,-1,IDLE,0
C3B93D0B,2508977,2509355.400,2509355400,1000,1902,1935,0,0,FWD,1,,-1,IDLE,0
C3B93D0B,2508978,2509356.400,2509356400,1000,1902,1935,0,0,FWD,1,,-1,IDLE,0
C3B93D0B,2508979,2509357.399,2509357399,999,1902,1935,0,0,FWD,1,,-1,IDLE,0
C3B93D0B,2508980,2509358.400,2509358400,1001,1901,1935,0,0,FWD,1,,-1,IDLE,0
C3B93D0B,2508981,2509359.399,2509359399,999,1901,1935,0,0,FWD,1,,-1,IDLE,0
C3B93D0B,2508982,2509360.400,2509360400,1001,1901,1935,0,0,FWD,1,,-1,IDLE,0
C3B93D0B,2508983,2509361.399,2509361399,999,1901,1935,0,0,FWD,1,,-1,IDLE,0
C3B93D0B,2508984,2509362.400,2509362400,1001,1902,1935,0,0,FWD,1,,-1,IDLE,0
C3B93D0B,2508985,2509363.399,2509363399,999,1903,1935,0,0,FWD,1,,-1,IDLE,0
C3B93D0B,2508986,2509364.400,2509364400,1001,1901,1935,0,0,FWD,1,,-1,IDLE,0
C3B93D0B,2508987,2509365.400,2509365400,1000,1903,1935,0,0,FWD,1,,-1,IDLE,0
C3B93D0B,2508988,2509366.400,2509366400,1000,1903,1935,0,0,FWD,1,,-1,IDLE,0
C3B93D0B,2508989,2509367.399,2509367399,999,1902,1935,0,0,FWD,1,,-1,IDLE,0
C3B93D0B,2508990,2509368.400,2509368400,1001,1902,1935,0,0,FWD,1,,-1,IDLE,0
C3B93D0B,2508991,2509369.399,2509369399,999,1899,1935,0,0,FWD,1,,-1,IDLE,0
C3B93D0B,2508992,2509370.400,2509370400,1001,1901,1935,0,0,FWD,1,,-1,IDLE,0
C3B93D0B,2508993,2509371.399,2509371399,999,1902,1935,0,0,FWD,1,,-1,IDLE,0
C3B93D0B,2508994,2509372.400,2509372400,1001,1901,1935,0,0,FWD,1,,-1,IDLE,0
C3B93D0B,2508995,2509373.399,2509373399,999,1903,1935,0,0,FWD,1,,-1,IDLE,0
C3B93D0B,2508996,2509374.400,2509374400,1001,1902,1935,0,0,FWD,1,,-1,IDLE,0
C3B93D0B,2508997,2509375.400,2509375400,1000,1901,1935,0,0,FWD,1,,-1,IDLE,0
C3B93D0B,2508998,2509376.400,2509376400,1000,1902,1935,0,0,FWD,1,,-1,IDLE,0
C3B93D0B,2508999,2509377.399,2509377399,999,1902,1935,0,0,FWD,1,,-1,IDLE,0
C3B93D0B,2509000,2509378.482,2509378482,1083,1901,1935,0,0,FWD,1,,-1,IDLE,0
C3B93D0B,2509001,2509379.645,2509379645,1163,1902,1935,0,0,FWD,1,,-1,IDLE,0
C3B93D0B,2509002,2509380.400,2509380400,755,1901,1935,0,0,FWD,1,,-1,IDLE,0
C3B93D0B,2509003,2509381.399,2509381399,999,1900,1935,0,0,FWD,1,,-1,IDLE,0
C3B93D0B,2509004,2509382.400,2509382400,1001,1901,1935,0,0,FWD,1,,-1,IDLE,0
C3B93D0B,2509005,2509383.399,2509383399,999,1903,1935,0,0,FWD,1,,-1,IDLE,0
C3B93D0B,2509006,2509384.400,2509384400,1001,1903,1935,0,0,FWD,1,,-1,IDLE,0
C3B93D0B,2509007,2509385.400,2509385400,1000,1902,1935,0,0,FWD,1,,-1,IDLE,0
C3B93D0B,2509008,2509386.775,2509386775,1375,1903,1935,0,0,FWD,33,,-1,IDLE,0
C3B93D0B,2509009,2509387.399,2509387399,624,1902,1935,0,0,FWD,1,,-1,IDLE,0
C3B93D0B,2509010,2509388.804,2509388804,1405,1902,1935,0,0,FWD,33,,-1,IDLE,0
C3B93D0B,2509011,2509389.399,2509389399,595,1903,1935,0,0,FWD,1,,-1,IDLE,0
C3B93D0B,2509012,2509390.400,2509390400,1001,1899,1935,0,0,FWD,1,,-1,IDLE,0
C3B93D0B,2509013,2509391.399,2509391399,999,1902,1935,0,0,FWD,1,,-1,IDLE,0
C3B93D0B,2509014,2509392.400,2509392400,1001,1901,1935,0,0,FWD,1,,-1,IDLE,0
C3B93D0B,2509015,2509393.399,2509393399,999,1901,1935,0,0,FWD,1,,-1,IDLE,0
C3B93D0B,2509016,2509394.400,2509394400,1001,1903,1935,0,0,FWD,1,,-1,IDLE,0
C3B93D0B,2509017,2509395.400,2509395400,1000,1901,1935,0,0,FWD,1,,-1,IDLE,0
C3B93D0B,2509018,2509396.590,2509396590,1190,1902,1935,0,0,FWD,1,,-1,IDLE,0
C3B93D0B,2509019,2509397.399,2509397399,809,1903,1935,0,0,FWD,1,,-1,IDLE,0
C3B93D0B,2509020,2509398.400,2509398400,1001,1902,1935,0,0,FWD,1,,-1,IDLE,0
C3B93D0B,2509021,2509399.399,2509399399,999,1901,1935,0,0,FWD,1,,-1,IDLE,0
C3B93D0B,2509022,2509400.400,2509400400,1001,1902,1935,0,0,FWD,1,,-1,IDLE,0
C3B93D0B,2509023,2509401.399,2509401399,999,1903,1935,0,0,FWD,1,,-1,IDLE,0
C3B93D0B,2509024,2509402.400,2509402400,1001,1901,1935,0,0,FWD,1,,-1,IDLE,0
C3B93D0B,2509025,2509403.399,2509403399,999,1899,1935,0,0,FWD,1,,-1,IDLE,0
C3B93D0B,2509026,2509404.400,2509404400,1001,1901,1935,0,0,FWD,1,,-1,IDLE,0
C3B93D0B,2509027,2509405.400,2509405400,1000,1901,1935,0,0,FWD,1,,-1,IDLE,0
C3B93D0B,2509028,2509406.400,2509406400,1000,1901,1935,0,0,FWD,1,,-1,IDLE,0
C3B93D0B,2509029,2509407.399,2509407399,999,1901,1935,0,0,FWD,1,,-1,IDLE,0
C3B93D0B,2509030,2509408.400,2509408400,1001,1902,1935,0,0,FWD,1,,-1,IDLE,0
C3B93D0B,2509031,2509409.399,2509409399,999,1901,1935,0,0,FWD,1,,-1,IDLE,0
C3B93D0B,2509032,2509410.400,2509410400,1001,1902,1935,0,0,FWD,1,,-1,IDLE,0
C3B93D0B,2509033,2509411.399,2509411399,999,1901,1935,0,0,FWD,1,,-1,IDLE,0
C3B93D0B,2509034,2509412.400,2509412400,1001,1903,1935,0,0,FWD,1,,-1,IDLE,0
C3B93D0B,2509035,2509413.399,2509413399,999,1902,1935,0,0,FWD,1,,-1,IDLE,0
C3B93D0B,2509036,2509414.400,2509414400,1001,1899,1935,0,0,FWD,1,,-1,IDLE,0
C3B93D0B,2509037,2509415.400,2509415400,1000,1902,1935,0,0,FWD,1,,-1,IDLE,0
C3B93D0B,2509038,2509416.400,2509416400,1000,1902,1935,0,0,FWD,1,,-1,IDLE,0
C3B93D0B,2509039,2509417.399,2509417399,999,1903,1935,0,0,FWD,1,,-1,IDLE,0
C3B93D0B,2509040,2509418.400,2509418400,1001,1902,1935,0,0,FWD,1,,-1,IDLE,0
C3B93D0B,2509041,2509419.399,2509419399,999,1902,1935,0,0,FWD,1,,-1,IDLE,0
C3B93D0B,2509042,2509420.400,2509420400,1001,1903,1935,0,0,FWD,1,,-1,IDLE,0
C3B93D0B,2509043,2509421.399,2509421399,999,1903,1935,0,0,FWD,1,,-1,IDLE,0
C3B93D0B,2509044,2509422.400,2509422400,1001,1899,1935,0,0,FWD,1,,-1,IDLE,0
C3B93D0B,2509045,2509423.399,2509423399,999,1901,1935,0,0,FWD,1,,-1,IDLE,0
C3B93D0B,2509046,2509424.400,2509424400,1001,1901,1935,0,0,FWD,1,,-1,IDLE,0
C3B93D0B,2509047,2509425.400,2509425400,1000,1902,1935,0,0,FWD,1,,-1,IDLE,0
C3B93D0B,2509048,2509426.400,2509426400,1000,1903,1935,0,0,FWD,1,,-1,IDLE,0
C3B93D0B,2509049,2509427.399,2509427399,999,1901,1935,0,0,FWD,1,,-1,IDLE,0
C3B93D0B,2509050,2509428.400,2509428400,1001,1903,1935,0,0,FWD,1,,-1,IDLE,0
C3B93D0B,2509051,2509429.399,2509429399,999,1902,1935,0,0,FWD,1,,-1,IDLE,0
C3B93D0B,2509052,2509430.400,2509430400,1001,1902,1935,0,0,FWD,1,,-1,IDLE,0
C3B93D0B,2509053,2509431.399,2509431399,999,1904,1935,0,0,FWD,1,,-1,IDLE,0
C3B93D0B,2509054,2509432.400,2509432400,1001,1903,1935,0,0,FWD,1,,-1,IDLE,0
C3B93D0B,2509055,2509433.399,2509433399,999,1903,1935,0,0,FWD,1,,-1,IDLE,0
C3B93D0B,2509056,2509434.400,2509434400,1001,1901,1935,0,0,FWD,1,,-1,IDLE,0
C3B93D0B,2509057,2509435.400,2509435400,1000,1902,1935,0,0,FWD,1,,-1,IDLE,0
C3B93D0B,2509058,2509436.400,2509436400,1000,1904,1935,0,0,FWD,1,,-1,IDLE,0
C3B93D0B,2509059,2509437.399,2509437399,999,1902,1935,0,0,FWD,1,,-1,IDLE,0
C3B93D0B,2509060,2509438.400,2509438400,1001,1901,1935,0,0,FWD,1,,-1,IDLE,0
C3B93D0B,2509061,2509439.401,2509439401,1001,1901,1935,0,0,FWD,1,,-1,IDLE,0
C3B93D0B,2509062,2509440.400,2509440400,999,1903,1935,0,0,FWD,1,,-1,IDLE,0
C3B93D0B,2509063,2509441.399,2509441399,999,1902,1935,0,0,FWD,1,,-1,IDLE,0
C3B93D0B,2509064,2509442.400,2509442400,1001,1899,1935,0,0,FWD,1,,-1,IDLE,0
C3B93D0B,2509065,2509443.399,2509443399,999,1902,1935,0,0,FWD,1,,-1,IDLE,0
C3B93D0B,2509066,2509444.400,2509444400,1001,1901,1935,0,0,FWD,1,,-1,IDLE,0
C3B93D0B,2509067,2509445.400,2509445400,1000,1901,1935,0,0,FWD,1,,-1,IDLE,0
C3B93D0B,2509068,2509446.401,2509446401,1001,1911,1935,0,0,FWD,1,,-1,IDLE,0
C3B93D0B,2509069,2509447.399,2509447399,998,1911,1935,0,0,FWD,1,,-1,IDLE,0
C3B93D0B,2509070,2509448.400,2509448400,1001,1909,1935,0,0,FWD,1,,-1,IDLE,0
C3B93D0B,2509071,2509449.399,2509449399,999,1911,1935,0,0,FWD,1,,-1,IDLE,0
C3B93D0B,2509072,2509450.400,2509450400,1001,1911,1935,0,0,FWD,1,,-1,IDLE,0
C3B93D0B,2509073,2509451.399,2509451399,999,1909,1935,0,0,FWD,1,,-1,IDLE,0
C3B93D0B,2509074,2509452.400,2509452400,1001,1909,1935,0,0,FWD,1,,-1,IDLE,0
C3B93D0B,2509075,2509453.399,2509453399,999,1908,1935,0,0,FWD,1,,-1,IDLE,0
C3B93D0B,2509076,2509454.400,2509454400,1001,1907,1935,0,0,FWD,1,,-1,IDLE,0
C3B93D0B,2509077,2509455.400,2509455400,1000,1909,1935,0,0,FWD,1,,-1,IDLE,0
C3B93D0B,2509078,2509456.400,2509456400,1000,1906,1935,0,0,FWD,1,,-1,IDLE,0
C3B93D0B,2509079,2509457.399,2509457399,999,1909,1935,0,0,FWD,1,,-1,IDLE,0
C3B93D0B,2509080,2509458.400,2509458400,1001,1907,1935,0,0,FWD,1,,-1,IDLE,0
C3B93D0B,2509081,2509459.399,2509459399,999,1907,1935,0,0,FWD,1,,-1,IDLE,0
C3B93D0B,2509082,2509460.400,2509460400,1001,1907,1935,0,0,FWD,1,,-1,IDLE,0
C3B93D0B,2509083,2509461.399,2509461399,999,1910,1935,0,0,FWD,1,,-1,IDLE,0
C3B93D0B,2509084,2509462.400,2509462400,1001,1909,1935,0,0,FWD,1,,-1,IDLE,0
C3B93D0B,2509085,2509463.399,2509463399,999,1907,1935,0,0,FWD,1,,-1,IDLE,0
C3B93D0B,2509086,2509464.400,2509464400,1001,1908,1935,0,0,FWD,1,,-1,IDLE,0
C3B93D0B,2509087,2509465.400,2509465400,1000,1907,1935,0,0,FWD,1,,-1,IDLE,0
C3B93D0B,2509088,2509466.400,2509466400,1000,1908,1935,0,0,FWD,1,,-1,IDLE,0
C3B93D0B,2509089,2509467.399,2509467399,999,1909,1935,0,0,FWD,1,,-1,IDLE,0
C3B93D0B,2509090,2509468.400,2509468400,1001,1909,1935,0,0,FWD,1,,-1,IDLE,0
C3B93D0B,2509091,2509469.399,2509469399,999,1909,1935,0,0,FWD,1,,-1,IDLE,0
C3B93D0B,2509092,2509470.400,2509470400,1001,1907,1935,0,0,FWD,1,,-1,IDLE,0
C3B93D0B,2509093,2509471.399,2509471399,999,1909,1935,0,0,FWD,1,,-1,IDLE,0
C3B93D0B,2509094,2509472.400,2509472400,1001,1909,1935,0,0,FWD,1,,-1,IDLE,0
C3B93D0B,2509095,2509473.399,2509473399,999,1909,1935,0,0,FWD,1,,-1,IDLE,0
C3B93D0B,2509096,2509474.400,2509474400,1001,1906,1935,0,0,FWD,1,,-1,IDLE,0
C3B93D0B,2509097,2509475.400,2509475400,1000,1907,1935,0,0,FWD,1,,-1,IDLE,0
C3B93D0B,2509098,2509476.400,2509476400,1000,1909,1935,0,0,FWD,1,,-1,IDLE,0
C3B93D0B,2509099,2509477.399,2509477399,999,1909,1935,0,0,FWD,1,,-1,IDLE,0
C3B93D0B,2509100,2509478.400,2509478400,1001,1906,1935,0,0,FWD,1,,-1,IDLE,0
C3B93D0B,2509101,2509479.399,2509479399,999,1907,1935,0,0,FWD,1,,-1,IDLE,0
C3B93D0B,2509102,2509480.400,2509480400,1001,1907,1935,0,0,FWD,1,,-1,IDLE,0
C3B93D0B,2509103,2509481.399,2509481399,999,1906,1935,0,0,FWD,1,,-1,IDLE,0
C3B93D0B,2509104,2509482.400,2509482400,1001,1909,1935,0,0,FWD,1,,-1,IDLE,0
C3B93D0B,2509105,2509483.399,2509483399,999,1907,1935,0,0,FWD,1,,-1,IDLE,0
C3B93D0B,2509106,2509484.400,2509484400,1001,1907,1935,0,0,FWD,1,,-1,IDLE,0
C3B93D0B,2509107,2509485.719,2509485719,1319,1899,1935,0,0,FWD,33,,-1,IDLE,0
C3B93D0B,2509108,2509486.775,2509486775,1056,1894,1935,0,0,FWD,1,,-1,IDLE,0
C3B93D0B,2509109,2509487.467,2509487467,692,1897,1935,0,0,FWD,1,,-1,IDLE,0
C3B93D0B,2509110,2509488.400,2509488400,933,1901,1935,0,0,FWD,1,,-1,IDLE,0
C3B93D0B,2509111,2509489.399,2509489399,999,1899,1935,0,0,FWD,1,,-1,IDLE,0
C3B93D0B,2509112,2509490.786,2509490786,1387,1899,1935,0,0,FWD,33,,-1,IDLE,0
C3B93D0B,2509113,2509491.399,2509491399,613,1902,1935,0,0,FWD,1,,-1,IDLE,0
C3B93D0B,2509114,2509492.400,2509492400,1001,1899,1935,0,0,FWD,1,,-1,IDLE,0
C3B93D0B,2509115,2509493.399,2509493399,999,1902,1935,0,0,FWD,1,,-1,IDLE,0
C3B93D0B,2509116,2509494.400,2509494400,1001,1899,1935,0,0,FWD,1,,-1,IDLE,0
C3B93D0B,2509117,2509495.400,2509495400,1000,1899,1935,0,0,FWD,1,,-1,IDLE,0
C3B93D0B,2509118,2509496.400,2509496400,1000,1901,1935,0,0,FWD,1,,-1,IDLE,0
C3B93D0B,2509119,2509497.399,2509497399,999,1900,1935,0,0,FWD,1,,-1,IDLE,0
C3B93D0B,2509120,2509498.400,2509498400,1001,1902,1935,0,0,FWD,1,,-1,IDLE,0
C3B93D0B,2509121,2509499.399,2509499399,999,1901,1935,0,0,FWD,1,,-1,IDLE,0
C3B93D0B,2509122,2509500.400,2509500400,1001,1901,1935,0,0,FWD,1,,-1,IDLE,0
C3B93D0B,2509123,2509501.399,2509501399,999,1901,1935,0,0,FWD,1,,-1,IDLE,0
C3B93D0B,2509124,2509502.400,2509502400,1001,1899,1935,0,0,FWD,1,,-1,IDLE,0
C3B93D0B,2509125,2509503.399,2509503399,999,1902,1935,0,0,FWD,1,,-1,IDLE,0
C3B93D0B,2509126,2509504.400,2509504400,1001,1899,1935,0,0,FWD,1,,-1,IDLE,0
C3B93D0B,2509127,2509505.400,2509505400,1000,1901,1935,0,0,FWD,1,,-1,IDLE,0
C3B93D0B,2509128,2509506.400,2509506400,1000,1898,1935,0,0,FWD,1,,-1,IDLE,0
C3B93D0B,2509129,2509507.399,2509507399,999,1901,1935,0,0,FWD,1,,-1,IDLE,0
C3B93D0B,2509130,2509508.400,2509508400,1001,1901,1935,0,0,FWD,1,,-1,IDLE,0
C3B93D0B,2509131,2509509.399,2509509399,999,1902,1935,0,0,FWD,1,,-1,IDLE,0
C3B93D0B,2509132,2509510.400,2509510400,1001,1900,1935,0,0,FWD,1,,-1,IDLE,0
C3B93D0B,2509133,2509511.399,2509511399,999,1903,1935,0,0,FWD,1,,-1,IDLE,0
C3B93D0B,2509134,2509512.400,2509512400,1001,1901,1935,0,0,FWD,1,,-1,IDLE,0
C3B93D0B,2509135,2509513.399,2509513399,999,1899,1935,0,0,FWD,1,,-1,IDLE,0
C3B93D0B,2509136,2509514.400,2509514400,1001,1900,1935,0,0,FWD,1,,-1,IDLE,0
C3B93D0B,2509137,2509515.400,2509515400,1000,1901,1935,0,0,FWD,1,,-1,IDLE,0
C3B93D0B,2509138,2509516.400,2509516400,1000,1903,1935,0,0,FWD,1,,-1,IDLE,0
C3B93D0B,2509139,2509517.399,2509517399,999,1901,1935,0,0,FWD,1,,-1,IDLE,0
C3B93D0B,2509140,2509518.400,2509518400,1001,1898,1935,0,0,FWD,1,,-1,IDLE,0
C3B93D0B,2509141,2509519.399,2509519399,999,1901,1935,0,0,FWD,1,,-1,IDLE,0
C3B93D0B,2509142,2509520.400,2509520400,1001,1899,1935,0,0,FWD,1,,-1,IDLE,0
C3B93D0B,2509143,2509521.399,2509521399,999,1902,1935,0,0,FWD,1,,-1,IDLE,0
C3B93D0B,2509144,2509522.400,2509522400,1001,1900,1935,0,0,FWD,1,,-1,IDLE,0
C3B93D0B,2509145,2509523.399,2509523399,999,1902,1935,0,0,FWD,1,,-1,IDLE,0
C3B93D0B,2509146,2509524.400,2509524400,1001,1901,1935,0,0,FWD,1,,-1,IDLE,0
C3B93D0B,2509147,2509525.400,2509525400,1000,1901,1935,0,0,FWD,1,,-1,IDLE,0
C3B93D0B,2509148,2509526.402,2509526402,1002,1900,1935,0,0,FWD,1,,-1,IDLE,0
C3B93D0B,2509149,2509527.401,2509527401,999,1903,1935,0,0,FWD,1,,-1,IDLE,0
C3B93D0B,2509150,2509528.400,2509528400,999,1903,1935,0,0,FWD,1,,-1,IDLE,0
C3B93D0B,2509151,2509529.399,2509529399,999,1899,1935,0,0,FWD,1,,-1,IDLE,0
C3B93D0B,2509152,2509530.400,2509530400,1001,1900,1935,0,0,FWD,1,,-1,IDLE,0
C3B93D0B,2509153,2509531.399,2509531399,999,1899,1935,0,0,FWD,1,,-1,IDLE,0
C3B93D0B,2509154,2509532.400,2509532400,1001,1900,1935,0,0,FWD,1,,-1,IDLE,0
C3B93D0B,2509155,2509533.399,2509533399,999,1903,1935,0,0,FWD,1,,-1,IDLE,0
C3B93D0B,2509156,2509534.449,2509534449,1050,1897,1935,0,0,FWD,1,,-1,IDLE,0
C3B93D0B,2509157,2509535.399,2509535399,950,1901,1935,0,0,FWD,1,,-1,IDLE,0
C3B93D0B,2509158,2509536.401,2509536401,1002,1903,1935,0,0,FWD,1,,-1,IDLE,0
C3B93D0B,2509159,2509537.399,2509537399,998,1903,1935,0,0,FWD,1,,-1,IDLE,0
C3B93D0B,2509160,2509538.400,2509538400,1001,1903,1935,0,0,FWD,1,,-1,IDLE,0
C3B93D0B,2509161,2509539.399,2509539399,999,1901,1935,0,0,FWD,1,,-1,IDLE,0
C3B93D0B,2509162,2509540.400,2509540400,1001,1902,1935,0,0,FWD,1,,-1,IDLE,0
C3B93D0B,2509163,2509541.399,2509541399,999,1903,1935,0,0,FWD,1,,-1,IDLE,0
C3B93D0B,2509164,2509542.400,2509542400,1001,1902,1935,0,0,FWD,1,,-1,IDLE,0
C3B93D0B,2509165,2509543.399,2509543399,999,1901,1935,0,0,FWD,1,,-1,IDLE,0
C3B93D0B,2509166,2509544.400,2509544400,1001,1903,1935,0,0,FWD,1,,-1,IDLE,0
C3B93D0B,2509167,2509545.399,2509545399,999,1903,1935,0,0,FWD,1,,-1,IDLE,0
C3B93D0B,2509168,2509546.401,2509546401,1002,1901,1935,0,0,FWD,1,,-1,IDLE,0
C3B93D0B,2509169,2509547.399,2509547399,998,1903,1935,0,0,FWD,1,,-1,IDLE,0
C3B93D0B,2509170,2509548.400,2509548400,1001,1903,1935,0,0,FWD,1,,-1,IDLE,0
C3B93D0B,2509171,2509549.399,2509549399,999,1901,1935,0,0,FWD,1,,-1,IDLE,0
C3B93D0B,2509172,2509550.400,2509550400,1001,1901,1935,0,0,FWD,1,,-1,IDLE,0
C3B93D0B,2509173,2509551.399,2509551399,999,1901,1935,0,0,FWD,1,,-1,IDLE,0
C3B93D0B,2509174,2509552.400,2509552400,1001,1902,1935,0,0,FWD,1,,-1,IDLE,0
C3B93D0B,2509175,2509553.399,2509553399,999,1901,1935,0,0,FWD,1,,-1,IDLE,0
C3B93D0B,2509176,2509554.400,2509554400,1001,1903,1935,0,0,FWD,1,,-1,IDLE,0
C3B93D0B,2509177,2509555.399,2509555399,999,1903,1935,0,0,FWD,1,,-1,IDLE,0
C3B93D0B,2509178,2509556.401,2509556401,1002,1903,1935,0,0,FWD,1,,-1,IDLE,0
C3B93D0B,2509179,2509557.399,2509557399,998,1902,1935,0,0,FWD,1,,-1,IDLE,0
C3B93D0B,2509180,2509558.400,2509558400,1001,1901,1935,0,0,FWD,1,,-1,IDLE,0
C3B93D0B,2509181,2509559.399,2509559399,999,1901,1935,0,0,FWD,1,,-1,IDLE,0
C3B93D0B,2509182,2509560.400,2509560400,1001,1900,1935,0,0,FWD,1,,-1,IDLE,0
C3B93D0B,2509183,2509561.399,2509561399,999,1901,1935,0,0,FWD,1,,-1,IDLE,0
C3B93D0B,2509184,2509562.400,2509562400,1001,1903,1935,0,0,FWD,1,,-1,IDLE,0
C3B93D0B,2509185,2509563.399,2509563399,999,1902,1935,0,0,FWD,1,,-1,IDLE,0
C3B93D0B,2509186,2509564.400,2509564400,1001,1903,1935,0,0,FWD,1,,-1,IDLE,0
C3B93D0B,2509187,2509565.399,2509565399,999,1903,1935,0,0,FWD,1,,-1,IDLE,0
C3B93D0B,2509188,2509566.401,2509566401,1002,1903,1935,0,0,FWD,1,,-1,IDLE,0
C3B93D0B,2509189,2509567.399,2509567399,998,1903,1935,0,0,FWD,1,,-1,IDLE,0
C3B93D0B,2509190,2509568.400,2509568400,1001,1903,1935,0,0,FWD,1,,-1,IDLE,0
C3B93D0B,2509191,2509569.399,2509569399,999,1902,1935,0,0,FWD,1,,-1,IDLE,0
C3B93D0B,2509192,2509570.400,2509570400,1001,1899,1935,0,0,FWD,1,,-1,IDLE,0
C3B93D0B,2509193,2509571.399,2509571399,999,1903,1935,0,0,FWD,1,,-1,IDLE,0
C3B93D0B,2509194,2509572.400,2509572400,1001,1901,1935,0,0,FWD,1,,-1,IDLE,0
C3B93D0B,2509195,2509573.399,2509573399,999,1903,1935,0,0,FWD,1,,-1,IDLE,0
C3B93D0B,2509196,2509574.400,2509574400,1001,1903,1935,0,0,FWD,1,,-1,IDLE,0
C3B93D0B,2509197,2509575.399,2509575399,999,1903,1935,0,0,FWD,1,,-1,IDLE,0
C3B93D0B,2509198,2509576.401,2509576401,1002,1901,1935,0,0,FWD,1,,-1,IDLE,0
C3B93D0B,2509199,2509577.399,2509577399,998,1904,1935,0,0,FWD,1,,-1,IDLE,0
C3B93D0B,2509200,2509578.400,2509578400,1001,1900,1935,0,0,FWD,1,,-1,IDLE,0
C3B93D0B,2509201,2509579.399,2509579399,999,1902,1935,0,0,FWD,1,,-1,IDLE,0
C3B93D0B,2509202,2509580.400,2509580400,1001,1901,1935,0,0,FWD,1,,-1,IDLE,0
C3B93D0B,2509203,2509581.399,2509581399,999,1901,1935,0,0,FWD,1,,-1,IDLE,0
C3B93D0B,2509204,2509582.400,2509582400,1001,1901,1935,0,0,FWD,1,,-1,IDLE,0
C3B93D0B,2509205,2509583.399,2509583399,999,1902,1935,0,0,FWD,1,,-1,IDLE,0
C3B93D0B,2509206,2509584.400,2509584400,1001,1903,1935,0,0,FWD,1,,-1,IDLE,0
C3B93D0B,2509207,2509585.399,2509585399,999,1903,1935,0,0,FWD,1,,-1,IDLE,0
C3B93D0B,2509208,2509586.401,2509586401,1002,1899,1935,0,0,FWD,1,,-1,IDLE,0
C3B93D0B,2509209,2509587.895,2509587895,1494,1904,1935,0,0,FWD,33,,-1,IDLE,0
C3B93D0B,2509210,2509588.399,2509588399,504,1902,1935,0,0,FWD,1,,-1,IDLE,0
C3B93D0B,2509211,2509589.400,2509589400,1001,1900,1935,0,0,FWD,1,,-1,IDLE,0
C3B93D0B,2509212,2509590.515,2509590515,1115,1900,1935,0,0,FWD,1,,-1,IDLE,0
C3B93D0B,2509213,2509591.400,2509591400,885,1903,1935,0,0,FWD,1,,-1,IDLE,0
C3B93D0B,2509214,2509592.399,2509592399,999,1902,1935,0,0,FWD,1,,-1,IDLE,0
C3B93D0B,2509215,2509593.400,2509593400,1001,1902,1935,0,0,FWD,1,,-1,IDLE,0
C3B93D0B,2509216,2509594.399,2509594399,999,1901,1935,0,0,FWD,1,,-1,IDLE,0
C3B93D0B,2509217,2509595.400,2509595400,1001,1903,1935,0,0,FWD,1,,-1,IDLE,0
C3B93D0B,2509218,2509596.400,2509596400,1000,1902,1935,0,0,FWD,1,,-1,IDLE,0
C3B93D0B,2509219,2509597.400,2509597400,1000,1902,1935,0,0,FWD,1,,-1,IDLE,0
C3B93D0B,2509220,2509598.399,2509598399,999,1902,1935,0,0,FWD,1,,-1,IDLE,0
C3B93D0B,2509221,2509599.400,2509599400,1001,1903,1935,0,0,FWD,1,,-1,IDLE,0
C3B93D0B,2509222,2509600.399,2509600399,999,1902,1935,0,0,FWD,1,,-1,IDLE,0
C3B93D0B,2509223,2509601.400,2509601400,1001,1902,1935,0,0,FWD,1,,-1,IDLE,0
C3B93D0B,2509224,2509602.399,2509602399,999,1900,1935,0,0,FWD,1,,-1,IDLE,0
C3B93D0B,2509225,2509603.400,2509603400,1001,1902,1935,0,0,FWD,1,,-1,IDLE,0
C3B93D0B,2509226,2509604.399,2509604399,999,1900,1935,0,0,FWD,1,,-1,IDLE,0
C3B93D0B,2509227,2509605.400,2509605400,1001,1902,1935,0,0,FWD,1,,-1,IDLE,0
C3B93D0B,2509228,2509606.400,2509606400,1000,1902,1935,0,0,FWD,1,,-1,IDLE,0
C3B93D0B,2509229,2509607.400,2509607400,1000,1904,1935,0,0,FWD,1,,-1,IDLE,0
C3B93D0B,2509230,2509608.399,2509608399,999,1902,1935,0,0,FWD,1,,-1,IDLE,0
C3B93D0B,2509231,2509609.400,2509609400,1001,1900,1935,0,0,FWD,1,,-1,IDLE,0
C3B93D0B,2509232,2509610.399,2509610399,999,1902,1935,0,0,FWD,1,,-1,IDLE,0
C3B93D0B,2509233,2509611.400,2509611400,1001,1902,1935,0,0,FWD,1,,-1,IDLE,0
C3B93D0B,2509234,2509612.399,2509612399,999,1901,1935,0,0,FWD,1,,-1,IDLE,0
C3B93D0B,2509235,2509613.400,2509613400,1001,1903,1935,0,0,FWD,1,,-1,IDLE,0
C3B93D0B,2509236,2509614.399,2509614399,999,1901,1935,0,0,FWD,1,,-1,IDLE,0
C3B93D0B,2509237,2509615.400,2509615400,1001,1902,1935,0,0,FWD,1,,-1,IDLE,0
C3B93D0B,2509238,2509616.400,2509616400,1000,1902,1935,0,0,FWD,1,,-1,IDLE,0
C3B93D0B,2509239,2509617.400,2509617400,1000,1901,1935,0,0,FWD,1,,-1,IDLE,0
C3B93D0B,2509240,2509618.399,2509618399,999,1901,1935,0,0,FWD,1,,-1,IDLE,0
C3B93D0B,2509241,2509619.400,2509619400,1001,1901,1935,0,0,FWD,1,,-1,IDLE,0
C3B93D0B,2509242,2509620.399,2509620399,999,1900,1935,0,0,FWD,1,,-1,IDLE,0
C3B93D0B,2509243,2509621.400,2509621400,1001,1901,1935,0,0,FWD,1,,-1,IDLE,0
C3B93D0B,2509244,2509622.399,2509622399,999,1902,1935,0,0,FWD,1,,-1,IDLE,0
C3B93D0B,2509245,2509623.400,2509623400,1001,1903,1935,0,0,FWD,1,,-1,IDLE,0
C3B93D0B,2509246,2509624.399,2509624399,999,1902,1935,0,0,FWD,1,,-1,IDLE,0
C3B93D0B,2509247,2509625.400,2509625400,1001,1901,1935,0,0,FWD,1,,-1,IDLE,0
C3B93D0B,2509248,2509626.400,2509626400,1000,1901,1935,0,0,FWD,1,,-1,IDLE,0
C3B93D0B,2509249,2509627.400,2509627400,1000,1901,1935,0,0,FWD,1,,-1,IDLE,0
C3B93D0B,2509250,2509628.399,2509628399,999,1901,1935,0,0,FWD,1,,-1,IDLE,0
C3B93D0B,2509251,2509629.400,2509629400,1001,1899,1935,0,0,FWD,1,,-1,IDLE,0
C3B93D0B,2509252,2509630.399,2509630399,999,1902,1935,0,0,FWD,1,,-1,IDLE,0
C3B93D0B,2509253,2509631.400,2509631400,1001,1901,1935,0,0,FWD,1,,-1,IDLE,0
C3B93D0B,2509254,2509632.399,2509632399,999,1901,1935,0,0,FWD,1,,-1,IDLE,0
C3B93D0B,2509255,2509633.400,2509633400,1001,1902,1935,0,0,FWD,1,,-1,IDLE,0
C3B93D0B,2509256,2509634.399,2509634399,999,1902,1935,0,0,FWD,1,,-1,IDLE,0
C3B93D0B,2509257,2509635.400,2509635400,1001,1901,1935,0,0,FWD,1,,-1,IDLE,0
C3B93D0B,2509258,2509636.400,2509636400,1000,1904,1935,0,0,FWD,1,,-1,IDLE,0
C3B93D0B,2509259,2509637.400,2509637400,1000,1902,1935,0,0,FWD,1,,-1,IDLE,0
C3B93D0B,2509260,2509638.399,2509638399,999,1900,1935,0,0,FWD,1,,-1,IDLE,0
C3B93D0B,2509261,2509639.400,2509639400,1001,1901,1935,0,0,FWD,1,,-1,IDLE,0
C3B93D0B,2509262,2509640.399,2509640399,999,1901,1935,0,0,FWD,1,,-1,IDLE,0
C3B93D0B,2509263,2509641.502,2509641502,1103,1901,1935,0,0,FWD,1,,-1,IDLE,0
C3B93D0B,2509264,2509642.399,2509642399,897,1901,1935,0,0,FWD,1,,-1,IDLE,0
C3B93D0B,2509265,2509643.400,2509643400,1001,1901,1935,0,0,FWD,1,,-1,IDLE,0
C3B93D0B,2509266,2509644.399,2509644399,999,1902,1935,0,0,FWD,1,,-1,IDLE,0
C3B93D0B,2509267,2509645.400,2509645400,1001,1901,1935,0,0,FWD,1,,-1,IDLE,0
C3B93D0B,2509268,2509646.917,2509646917,1517,1911,1935,0,0,FWD,33,,-1,IDLE,0
C3B93D0B,2509269,2509647.400,2509647400,483,1910,1935,0,0,FWD,1,,-1,IDLE,0
C3B93D0B,2509270,2509648.399,2509648399,999,1910,1935,0,0,FWD,1,,-1,IDLE,0
C3B93D0B,2509271,2509649.400,2509649400,1001,1910,1935,0,0,FWD,1,,-1,IDLE,0
C3B93D0B,2509272,2509650.399,2509650399,999,1909,1935,0,0,FWD,1,,-1,IDLE,0
C3B93D0B,2509273,2509651.400,2509651400,1001,1909,1935,0,0,FWD,1,,-1,IDLE,0
C3B93D0B,2509274,2509652.399,2509652399,999,1910,1935,0,0,FWD,1,,-1,IDLE,0
C3B93D0B,2509275,2509653.400,2509653400,1001,1908,1935,0,0,FWD,1,,-1,IDLE,0
C3B93D0B,2509276,2509654.399,2509654399,999,1910,1935,0,0,FWD,1,,-1,IDLE,0
C3B93D0B,2509277,2509655.400,2509655400,1001,1909,1935,0,0,FWD,1,,-1,IDLE,0
C3B93D0B,2509278,2509656.400,2509656400,1000,1908,1935,0,0,FWD,1,,-1,IDLE,0
C3B93D0B,2509279,2509657.400,2509657400,1000,1907,1935,0,0,FWD,1,,-1,IDLE,0
C3B93D0B,2509280,2509658.399,2509658399,999,1908,1935,0,0,FWD,1,,-1,IDLE,0
C3B93D0B,2509281,2509659.400,2509659400,1001,1908,1935,0,0,FWD,1,,-1,IDLE,0
C3B93D0B,2509282,2509660.399,2509660399,999,1909,1935,0,0,FWD,1,,-1,IDLE,0
C3B93D0B,2509283,2509661.400,2509661400,1001,1907,1935,0,0,FWD,1,,-1,IDLE,0
C3B93D0B,2509284,2509662.399,2509662399,999,1907,1935,0,0,FWD,1,,-1,IDLE,0
