source_session,sample_seq,t_ms,t_us,dt_us,raw,baseline,pwm_actual,pwm_commanded,direction,flags,nav_mm,nav_direction,station_phase,gap_before
C3B93D0B,1175933,1176311.400,1176311400,999,1932,1935,62,110,FWD,13,63,1,DEPART,0
C3B93D0B,1175934,1176312.400,1176312400,1000,1931,1935,62,110,FWD,13,63,1,DEPART,0
C3B93D0B,1175935,1176313.399,1176313399,999,1933,1935,62,110,FWD,13,63,1,DEPART,0
C3B93D0B,1175936,1176314.400,1176314400,1001,1931,1935,62,110,FWD,13,63,1,DEPART,0
C3B93D0B,1175937,1176315.399,1176315399,999,1931,1935,62,110,FWD,13,63,1,DEPART,0
C3B93D0B,1175938,1176316.400,1176316400,1001,1930,1935,62,110,FWD,13,63,1,DEPART,0
C3B93D0B,1175939,1176317.399,1176317399,999,1931,1935,62,110,FWD,13,63,1,DEPART,0
C3B93D0B,1175940,1176318.400,1176318400,1001,1930,1935,62,110,FWD,13,63,1,DEPART,0
C3B93D0B,1175941,1176319.399,1176319399,999,1931,1935,62,110,FWD,13,63,1,DEPART,0
C3B93D0B,1175942,1176320.401,1176320401,1002,1931,1935,62,110,FWD,13,63,1,DEPART,0
C3B93D0B,1175943,1176321.399,1176321399,998,1932,1935,62,110,FWD,13,63,1,DEPART,0
C3B93D0B,1175944,1176322.400,1176322400,1001,1933,1935,62,110,FWD,13,63,1,DEPART,0
C3B93D0B,1175945,1176323.399,1176323399,999,1931,1935,62,110,FWD,13,63,1,DEPART,0
C3B93D0B,1175946,1176324.400,1176324400,1001,1930,1935,62,110,FWD,13,63,1,DEPART,0
C3B93D0B,1175947,1176325.399,1176325399,999,1930,1935,62,110,FWD,13,63,1,DEPART,0
C3B93D0B,1175948,1176326.400,1176326400,1001,1932,1935,62,110,FWD,13,63,1,DEPART,0
C3B93D0B,1175949,1176327.399,1176327399,999,1931,1935,62,110,FWD,13,63,1,DEPART,0
C3B93D0B,1175950,1176328.400,1176328400,1001,1931,1935,63,110,FWD,13,63,1,DEPART,0
C3B93D0B,1175951,1176329.399,1176329399,999,1933,1935,63,110,FWD,13,63,1,DEPART,0
C3B93D0B,1175952,1176330.401,1176330401,1002,1930,1935,63,110,FWD,13,63,1,DEPART,0
C3B93D0B,1175953,1176331.400,1176331400,999,1931,1935,63,110,FWD,13,63,1,DEPART,0
C3B93D0B,1175954,1176332.400,1176332400,1000,1933,1935,63,110,FWD,13,63,1,DEPART,0
C3B93D0B,1175955,1176333.399,1176333399,999,1932,1935,63,110,FWD,13,63,1,DEPART,0
C3B93D0B,1175956,1176334.400,1176334400,1001,1931,1935,63,110,FWD,13,63,1,DEPART,0
C3B93D0B,1175957,1176335.399,1176335399,999,1931,1935,63,110,FWD,13,63,1,DEPART,0
C3B93D0B,1175958,1176336.400,1176336400,1001,1931,1935,63,110,FWD,13,63,1,DEPART,0
C3B93D0B,1175959,1176337.399,1176337399,999,1933,1935,63,110,FWD,13,63,1,DEPART,0
C3B93D0B,1175960,1176338.400,1176338400,1001,1931,1935,63,110,FWD,13,63,1,DEPART,0
C3B93D0B,1175961,1176339.399,1176339399,999,1933,1935,63,110,FWD,13,63,1,DEPART,0
C3B93D0B,1175962,1176340.401,1176340401,1002,1927,1935,63,110,FWD,13,63,1,DEPART,0
C3B93D0B,1175963,1176341.401,1176341401,1000,1925,1935,63,110,FWD,13,63,1,DEPART,0
C3B93D0B,1175964,1176342.500,1176342500,1099,1930,1935,63,110,FWD,13,63,1,DEPART,0
C3B93D0B,1175965,1176344.016,1176344016,1516,1931,1935,63,110,FWD,45,63,1,DEPART,0
C3B93D0B,1175966,1176344.399,1176344399,383,1932,1935,63,110,FWD,13,63,1,DEPART,0
C3B93D0B,1175967,1176345.512,1176345512,1113,1931,1935,63,110,FWD,13,63,1,DEPART,0
C3B93D0B,1175968,1176346.399,1176346399,887,1931,1935,63,110,FWD,13,63,1,DEPART,0
C3B93D0B,1175969,1176347.400,1176347400,1001,1931,1935,63,110,FWD,13,63,1,DEPART,0
C3B93D0B,1175970,1176348.399,1176348399,999,1933,1935,63,110,FWD,13,63,1,DEPART,0
C3B93D0B,1175971,1176349.400,1176349400,1001,1931,1935,63,110,FWD,13,63,1,DEPART,0
C3B93D0B,1175972,1176350.399,1176350399,999,1933,1935,63,110,FWD,13,63,1,DEPART,0
C3B93D0B,1175973,1176351.401,1176351401,1002,1931,1935,63,110,FWD,13,63,1,DEPART,0
C3B93D0B,1175974,1176352.399,1176352399,998,1933,1935,63,110,FWD,13,63,1,DEPART,0
C3B93D0B,1175975,1176353.400,1176353400,1001,1931,1935,63,110,FWD,13,63,1,DEPART,0
C3B93D0B,1175976,1176354.399,1176354399,999,1931,1935,63,110,FWD,13,63,1,DEPART,0
C3B93D0B,1175977,1176355.400,1176355400,1001,1933,1935,63,110,FWD,13,63,1,DEPART,0
C3B93D0B,1175978,1176356.399,1176356399,999,1931,1935,63,110,FWD,13,63,1,DEPART,0
C3B93D0B,1175979,1176357.400,1176357400,1001,1931,1935,63,110,FWD,13,63,1,DEPART,0
C3B93D0B,1175980,1176358.399,1176358399,999,1931,1935,63,110,FWD,13,63,1,DEPART,0
C3B93D0B,1175981,1176359.400,1176359400,1001,1930,1935,63,110,FWD,13,63,1,DEPART,0
C3B93D0B,1175982,1176360.399,1176360399,999,1934,1935,63,110,FWD,13,63,1,DEPART,0
C3B93D0B,1175983,1176361.401,1176361401,1002,1930,1935,63,110,FWD,13,63,1,DEPART,0
C3B93D0B,1175984,1176362.399,1176362399,998,1933,1935,63,110,FWD,13,63,1,DEPART,0
C3B93D0B,1175985,1176363.400,1176363400,1001,1933,1935,63,110,FWD,13,63,1,DEPART,0
C3B93D0B,1175986,1176364.399,1176364399,999,1931,1935,63,110,FWD,13,63,1,DEPART,0
C3B93D0B,1175987,1176365.400,1176365400,1001,1931,1935,63,110,FWD,13,63,1,DEPART,0
C3B93D0B,1175988,1176366.399,1176366399,999,1931,1935,63,110,FWD,13,63,1,DEPART,0
C3B93D0B,1175989,1176367.400,1176367400,1001,1931,1935,63,110,FWD,13,63,1,DEPART,0
C3B93D0B,1175990,1176368.399,1176368399,999,1931,1935,63,110,FWD,13,63,1,DEPART,0
C3B93D0B,1175991,1176369.400,1176369400,1001,1931,1935,63,110,FWD,13,63,1,DEPART,0
C3B93D0B,1175992,1176370.399,1176370399,999,1931,1935,63,110,FWD,13,63,1,DEPART,0
C3B93D0B,1175993,1176371.401,1176371401,1002,1931,1935,63,110,FWD,13,63,1,DEPART,0
C3B93D0B,1175994,1176372.399,1176372399,998,1931,1935,63,110,FWD,13,63,1,DEPART,0
C3B93D0B,1175995,1176373.400,1176373400,1001,1934,1935,63,110,FWD,13,63,1,DEPART,0
C3B93D0B,1175996,1176374.399,1176374399,999,1932,1935,63,110,FWD,13,63,1,DEPART,0
C3B93D0B,1175997,1176375.400,1176375400,1001,1932,1935,63,110,FWD,13,63,1,DEPART,0
C3B93D0B,1175998,1176376.399,1176376399,999,1930,1935,63,110,FWD,13,63,1,DEPART,0
C3B93D0B,1175999,1176377.400,1176377400,1001,1932,1935,63,110,FWD,13,63,1,DEPART,0
C3B93D0B,1176000,1176378.508,1176378508,1108,1933,1935,63,110,FWD,13,63,1,DEPART,0
C3B93D0B,1176001,1176379.631,1176379631,1123,1931,1935,63,110,FWD,13,63,1,DEPART,0
C3B93D0B,1176002,1176380.399,1176380399,768,1931,1935,63,110,FWD,13,63,1,DEPART,0
C3B93D0B,1176003,1176381.401,1176381401,1002,1932,1935,63,110,FWD,13,63,1,DEPART,0
C3B93D0B,1176004,1176382.774,1176382774,1373,1933,1935,63,110,FWD,45,63,1,DEPART,0
C3B93D0B,1176005,1176383.399,1176383399,625,1934,1935,63,110,FWD,13,63,1,DEPART,0
C3B93D0B,1176006,1176384.420,1176384420,1021,1931,1935,63,110,FWD,13,63,1,DEPART,0
C3B93D0B,1176007,1176385.399,1176385399,979,1936,1935,63,110,FWD,13,63,1,DEPART,0
C3B93D0B,1176008,1176386.400,1176386400,1001,1931,1935,63,110,FWD,13,63,1,DEPART,0
C3B93D0B,1176009,1176387.399,1176387399,999,1930,1935,63,110,FWD,13,63,1,DEPART,0
C3B93D0B,1176010,1176388.524,1176388524,1125,1932,1935,63,110,FWD,13,63,1,DEPART,0
C3B93D0B,1176011,1176389.399,1176389399,875,1933,1935,63,110,FWD,13,63,1,DEPART,0
C3B93D0B,1176012,1176390.400,1176390400,1001,1932,1935,64,110,FWD,13,63,1,DEPART,0
C3B93D0B,1176013,1176391.400,1176391400,1000,1931,1935,64,110,FWD,13,63,1,DEPART,0
C3B93D0B,1176014,1176392.400,1176392400,1000,1934,1935,64,110,FWD,13,63,1,DEPART,0
C3B93D0B,1176015,1176393.399,1176393399,999,1934,1935,64,110,FWD,13,63,1,DEPART,0
C3B93D0B,1176016,1176394.400,1176394400,1001,1933,1935,64,110,FWD,13,63,1,DEPART,0
C3B93D0B,1176017,1176395.399,1176395399,999,1933,1935,64,110,FWD,13,63,1,DEPART,0
C3B93D0B,1176018,1176396.400,1176396400,1001,1933,1935,64,110,FWD,13,63,1,DEPART,0
C3B93D0B,1176019,1176397.399,1176397399,999,1933,1935,64,110,FWD,13,63,1,DEPART,0
C3B93D0B,1176020,1176398.400,1176398400,1001,1931,1935,64,110,FWD,13,63,1,DEPART,0
C3B93D0B,1176021,1176399.399,1176399399,999,1931,1935,64,110,FWD,13,63,1,DEPART,0
C3B93D0B,1176022,1176400.400,1176400400,1001,1932,1935,64,110,FWD,13,63,1,DEPART,0
C3B93D0B,1176023,1176401.400,1176401400,1000,1931,1935,64,110,FWD,13,63,1,DEPART,0
C3B93D0B,1176024,1176402.400,1176402400,1000,1933,1935,64,110,FWD,13,63,1,DEPART,0
C3B93D0B,1176025,1176403.399,1176403399,999,1933,1935,64,110,FWD,13,63,1,DEPART,0
C3B93D0B,1176026,1176404.400,1176404400,1001,1931,1935,64,110,FWD,13,63,1,DEPART,0
C3B93D0B,1176027,1176405.399,1176405399,999,1933,1935,64,110,FWD,13,63,1,DEPART,0
C3B93D0B,1176028,1176406.400,1176406400,1001,1931,1935,64,110,FWD,13,63,1,DEPART,0
C3B93D0B,1176029,1176407.399,1176407399,999,1933,1935,64,110,FWD,13,63,1,DEPART,0
C3B93D0B,1176030,1176408.400,1176408400,1001,1933,1935,64,110,FWD,13,63,1,DEPART,0
C3B93D0B,1176031,1176409.399,1176409399,999,1933,1935,64,110,FWD,13,63,1,DEPART,0
C3B93D0B,1176032,1176410.400,1176410400,1001,1933,1935,64,110,FWD,13,63,1,DEPART,0
C3B93D0B,1176033,1176411.400,1176411400,1000,1931,1935,64,110,FWD,13,63,1,DEPART,0
C3B93D0B,1176034,1176412.400,1176412400,1000,1931,1935,64,110,FWD,13,63,1,DEPART,0
C3B93D0B,1176035,1176413.399,1176413399,999,1933,1935,64,110,FWD,13,63,1,DEPART,0
C3B93D0B,1176036,1176414.400,1176414400,1001,1931,1935,64,110,FWD,13,63,1,DEPART,0
C3B93D0B,1176037,1176415.399,1176415399,999,1934,1935,64,110,FWD,13,63,1,DEPART,0
C3B93D0B,1176038,1176416.400,1176416400,1001,1931,1935,64,110,FWD,13,63,1,DEPART,0
C3B93D0B,1176039,1176417.399,1176417399,999,1934,1935,64,110,FWD,13,63,1,DEPART,0
C3B93D0B,1176040,1176418.400,1176418400,1001,1931,1935,64,110,FWD,13,63,1,DEPART,0
C3B93D0B,1176041,1176419.399,1176419399,999,1931,1935,64,110,FWD,13,63,1,DEPART,0
C3B93D0B,1176042,1176420.400,1176420400,1001,1931,1935,64,110,FWD,13,63,1,DEPART,0
C3B93D0B,1176043,1176421.400,1176421400,1000,1929,1935,64,110,FWD,13,63,1,DEPART,0
C3B93D0B,1176044,1176422.400,1176422400,1000,1930,1935,64,110,FWD,13,63,1,DEPART,0
C3B93D0B,1176045,1176423.399,1176423399,999,1932,1935,64,110,FWD,13,63,1,DEPART,0
C3B93D0B,1176046,1176424.400,1176424400,1001,1931,1935,64,110,FWD,13,63,1,DEPART,0
C3B93D0B,1176047,1176425.399,1176425399,999,1934,1935,64,110,FWD,13,63,1,DEPART,0
C3B93D0B,1176048,1176426.400,1176426400,1001,1931,1935,64,110,FWD,13,63,1,DEPART,0
C3B93D0B,1176049,1176427.399,1176427399,999,1933,1935,64,110,FWD,13,63,1,DEPART,0
C3B93D0B,1176050,1176428.400,1176428400,1001,1934,1935,64,110,FWD,13,63,1,DEPART,0
C3B93D0B,1176051,1176429.399,1176429399,999,1934,1935,64,110,FWD,13,63,1,DEPART,0
C3B93D0B,1176052,1176430.400,1176430400,1001,1931,1935,64,110,FWD,13,63,1,DEPART,0
C3B93D0B,1176053,1176431.400,1176431400,1000,1933,1935,64,110,FWD,13,63,1,DEPART,0
C3B93D0B,1176054,1176432.402,1176432402,1002,1930,1935,64,110,FWD,13,63,1,DEPART,0
C3B93D0B,1176055,1176433.402,1176433402,1000,1931,1935,64,110,FWD,13,63,1,DEPART,0
C3B93D0B,1176056,1176435.076,1176435076,1674,1933,1935,64,110,FWD,45,63,1,DEPART,0
C3B93D0B,1176057,1176435.399,1176435399,323,1932,1935,64,110,FWD,13,63,1,DEPART,0
C3B93D0B,1176058,1176436.400,1176436400,1001,1933,1935,64,110,FWD,13,63,1,DEPART,0
C3B93D0B,1176059,1176437.399,1176437399,999,1931,1935,64,110,FWD,13,63,1,DEPART,0
C3B93D0B,1176060,1176438.400,1176438400,1001,1933,1935,64,110,FWD,13,63,1,DEPART,0
C3B93D0B,1176061,1176439.399,1176439399,999,1931,1935,64,110,FWD,13,63,1,DEPART,0
C3B93D0B,1176062,1176440.400,1176440400,1001,1933,1935,64,110,FWD,13,63,1,DEPART,0
C3B93D0B,1176063,1176441.399,1176441399,999,1933,1935,64,110,FWD,13,63,1,DEPART,0
C3B93D0B,1176064,1176442.401,1176442401,1002,1930,1935,64,110,FWD,13,63,1,DEPART,0
C3B93D0B,1176065,1176443.399,1176443399,998,1932,1935,64,110,FWD,13,63,1,DEPART,0
C3B93D0B,1176066,1176444.400,1176444400,1001,1930,1935,64,110,FWD,13,63,1,DEPART,0
C3B93D0B,1176067,1176445.399,1176445399,999,1931,1935,64,110,FWD,13,63,1,DEPART,0
C3B93D0B,1176068,1176446.400,1176446400,1001,1931,1935,64,110,FWD,13,63,1,DEPART,0
C3B93D0B,1176069,1176447.399,1176447399,999,1933,1935,64,110,FWD,13,63,1,DEPART,0
C3B93D0B,1176070,1176448.400,1176448400,1001,1934,1935,64,110,FWD,13,63,1,DEPART,0
C3B93D0B,1176071,1176449.399,1176449399,999,1934,1935,64,110,FWD,13,63,1,DEPART,0
C3B93D0B,1176072,1176450.400,1176450400,1001,1933,1935,64,110,FWD,13,63,1,DEPART,0
C3B93D0B,1176073,1176451.399,1176451399,999,1934,1935,64,110,FWD,13,63,1,DEPART,0
C3B93D0B,1176074,1176452.401,1176452401,1002,1931,1935,64,110,FWD,13,63,1,DEPART,0
C3B93D0B,1176075,1176453.399,1176453399,998,1932,1935,65,110,FWD,13,63,1,DEPART,0
C3B93D0B,1176076,1176454.400,1176454400,1001,1931,1935,65,110,FWD,13,63,1,DEPART,0
C3B93D0B,1176077,1176455.399,1176455399,999,1934,1935,65,110,FWD,13,63,1,DEPART,0
C3B93D0B,1176078,1176456.400,1176456400,1001,1932,1935,65,110,FWD,13,63,1,DEPART,0
C3B93D0B,1176079,1176457.399,1176457399,999,1932,1935,65,110,FWD,13,63,1,DEPART,0
C3B93D0B,1176080,1176458.400,1176458400,1001,1933,1935,65,110,FWD,13,63,1,DEPART,0
C3B93D0B,1176081,1176459.399,1176459399,999,1932,1935,65,110,FWD,13,63,1,DEPART,0
C3B93D0B,1176082,1176460.400,1176460400,1001,1931,1935,65,110,FWD,13,63,1,DEPART,0
C3B93D0B,1176083,1176461.399,1176461399,999,1933,1935,65,110,FWD,13,63,1,DEPART,0
C3B93D0B,1176084,1176462.401,1176462401,1002,1931,1935,65,110,FWD,13,63,1,DEPART,0
C3B93D0B,1176085,1176463.399,1176463399,998,1933,1935,65,110,FWD,13,63,1,DEPART,0
C3B93D0B,1176086,1176464.400,1176464400,1001,1931,1935,65,110,FWD,13,63,1,DEPART,0
C3B93D0B,1176087,1176465.399,1176465399,999,1931,1935,65,110,FWD,13,63,1,DEPART,0
C3B93D0B,1176088,1176466.400,1176466400,1001,1933,1935,65,110,FWD,13,63,1,DEPART,0
C3B93D0B,1176089,1176467.399,1176467399,999,1933,1935,65,110,FWD,13,63,1,DEPART,0
C3B93D0B,1176090,1176468.400,1176468400,1001,1933,1935,65,110,FWD,13,63,1,DEPART,0
C3B93D0B,1176091,1176469.399,1176469399,999,1934,1935,65,110,FWD,13,63,1,DEPART,0
C3B93D0B,1176092,1176470.400,1176470400,1001,1930,1935,65,110,FWD,13,63,1,DEPART,0
C3B93D0B,1176093,1176471.399,1176471399,999,1934,1935,65,110,FWD,13,63,1,DEPART,0
C3B93D0B,1176094,1176472.401,1176472401,1002,1933,1935,65,110,FWD,13,63,1,DEPART,0
C3B93D0B,1176095,1176473.399,1176473399,998,1933,1935,65,110,FWD,13,63,1,DEPART,0
C3B93D0B,1176096,1176474.400,1176474400,1001,1933,1935,65,110,FWD,13,63,1,DEPART,0
C3B93D0B,1176097,1176475.399,1176475399,999,1929,1935,65,110,FWD,13,63,1,DEPART,0
C3B93D0B,1176098,1176476.400,1176476400,1001,1933,1935,65,110,FWD,13,63,1,DEPART,0
C3B93D0B,1176099,1176477.399,1176477399,999,1933,1935,65,110,FWD,13,63,1,DEPART,0
C3B93D0B,1176100,1176478.400,1176478400,1001,1930,1935,65,110,FWD,13,63,1,DEPART,0
C3B93D0B,1176101,1176479.399,1176479399,999,1933,1935,65,110,FWD,13,63,1,DEPART,0
C3B93D0B,1176102,1176480.400,1176480400,1001,1932,1935,65,110,FWD,13,63,1,DEPART,0
C3B93D0B,1176103,1176481.399,1176481399,999,1933,1935,65,110,FWD,13,63,1,DEPART,0
C3B93D0B,1176104,1176482.401,1176482401,1002,1931,1935,65,110,FWD,13,63,1,DEPART,0
C3B93D0B,1176105,1176483.768,1176483768,1367,1931,1935,65,110,FWD,45,63,1,DEPART,0
C3B93D0B,1176106,1176484.539,1176484539,771,1933,1935,65,110,FWD,13,63,1,DEPART,0
C3B93D0B,1176107,1176485.400,1176485400,861,1933,1935,65,110,FWD,13,63,1,DEPART,0
C3B93D0B,1176108,1176486.952,1176486952,1552,1935,1935,65,110,FWD,45,63,1,DEPART,0
C3B93D0B,1176109,1176487.400,1176487400,448,1931,1935,65,110,FWD,13,63,1,DEPART,0
C3B93D0B,1176110,1176488.399,1176488399,999,1933,1935,65,110,FWD,13,63,1,DEPART,0
C3B93D0B,1176111,1176489.400,1176489400,1001,1932,1935,65,110,FWD,13,63,1,DEPART,0
C3B93D0B,1176112,1176490.399,1176490399,999,1934,1935,65,110,FWD,13,63,1,DEPART,0
C3B93D0B,1176113,1176491.400,1176491400,1001,1931,1935,65,110,FWD,13,63,1,DEPART,0
C3B93D0B,1176114,1176492.400,1176492400,1000,1933,1935,65,110,FWD,13,63,1,DEPART,0
C3B93D0B,1176115,1176493.400,1176493400,1000,1934,1935,65,110,FWD,13,63,1,DEPART,0
C3B93D0B,1176116,1176494.399,1176494399,999,1933,1935,65,110,FWD,13,63,1,DEPART,0
C3B93D0B,1176117,1176495.400,1176495400,1001,1931,1935,65,110,FWD,13,63,1,DEPART,0
C3B93D0B,1176118,1176496.399,1176496399,999,1933,1935,65,110,FWD,13,63,1,DEPART,0
C3B93D0B,1176119,1176497.400,1176497400,1001,1933,1935,65,110,FWD,13,63,1,DEPART,0
C3B93D0B,1176120,1176498.399,1176498399,999,1933,1935,65,110,FWD,13,63,1,DEPART,0
C3B93D0B,1176121,1176499.400,1176499400,1001,1932,1935,65,110,FWD,13,63,1,DEPART,0
C3B93D0B,1176122,1176500.399,1176500399,999,1931,1935,65,110,FWD,13,63,1,DEPART,0
C3B93D0B,1176123,1176501.400,1176501400,1001,1933,1935,65,110,FWD,13,63,1,DEPART,0
C3B93D0B,1176124,1176502.400,1176502400,1000,1934,1935,65,110,FWD,13,63,1,DEPART,0
C3B93D0B,1176125,1176503.400,1176503400,1000,1933,1935,65,110,FWD,13,63,1,DEPART,0
C3B93D0B,1176126,1176504.399,1176504399,999,1931,1935,65,110,FWD,13,63,1,DEPART,0
C3B93D0B,1176127,1176505.400,1176505400,1001,1933,1935,65,110,FWD,13,63,1,DEPART,0
C3B93D0B,1176128,1176506.399,1176506399,999,1933,1935,65,110,FWD,13,63,1,DEPART,0
C3B93D0B,1176129,1176507.400,1176507400,1001,1934,1935,65,110,FWD,13,63,1,DEPART,0
C3B93D0B,1176130,1176508.399,1176508399,999,1931,1935,65,110,FWD,13,63,1,DEPART,0
C3B93D0B,1176131,1176509.400,1176509400,1001,1930,1935,65,110,FWD,13,63,1,DEPART,0
C3B93D0B,1176132,1176510.399,1176510399,999,1931,1935,65,110,FWD,13,63,1,DEPART,0
C3B93D0B,1176133,1176511.400,1176511400,1001,1934,1935,65,110,FWD,13,63,1,DEPART,0
C3B93D0B,1176134,1176512.400,1176512400,1000,1931,1935,65,110,FWD,13,63,1,DEPART,0
C3B93D0B,1176135,1176513.400,1176513400,1000,1935,1935,65,110,FWD,13,63,1,DEPART,0
C3B93D0B,1176136,1176514.399,1176514399,999,1933,1935,65,110,FWD,13,63,1,DEPART,0
C3B93D0B,1176137,1176515.400,1176515400,1001,1934,1935,66,110,FWD,13,63,1,DEPART,0
C3B93D0B,1176138,1176516.399,1176516399,999,1934,1935,66,110,FWD,13,63,1,DEPART,0
C3B93D0B,1176139,1176517.400,1176517400,1001,1933,1935,66,110,FWD,13,63,1,DEPART,0
C3B93D0B,1176140,1176518.399,1176518399,999,1934,1935,66,110,FWD,13,63,1,DEPART,0
C3B93D0B,1176141,1176519.400,1176519400,1001,1933,1935,66,110,FWD,13,63,1,DEPART,0
C3B93D0B,1176142,1176520.399,1176520399,999,1931,1935,66,110,FWD,13,63,1,DEPART,0
C3B93D0B,1176143,1176521.400,1176521400,1001,1933,1935,66,110,FWD,13,63,1,DEPART,0
C3B93D0B,1176144,1176522.400,1176522400,1000,1935,1935,66,110,FWD,13,63,1,DEPART,0
C3B93D0B,1176145,1176523.400,1176523400,1000,1935,1935,66,110,FWD,13,63,1,DEPART,0
C3B93D0B,1176146,1176524.399,1176524399,999,1933,1935,66,110,FWD,13,63,1,DEPART,0
C3B93D0B,1176147,1176525.400,1176525400,1001,1930,1935,66,110,FWD,13,63,1,DEPART,0
C3B93D0B,1176148,1176526.399,1176526399,999,1932,1935,66,110,FWD,13,63,1,DEPART,0
C3B93D0B,1176149,1176527.400,1176527400,1001,1934,1935,66,110,FWD,13,63,1,DEPART,0
C3B93D0B,1176150,1176528.399,1176528399,999,1934,1935,66,110,FWD,13,63,1,DEPART,0
C3B93D0B,1176151,1176529.400,1176529400,1001,1936,1935,66,110,FWD,13,63,1,DEPART,0
C3B93D0B,1176152,1176530.399,1176530399,999,1933,1935,66,110,FWD,13,63,1,DEPART,0
C3B93D0B,1176153,1176531.400,1176531400,1001,1933,1935,66,110,FWD,13,63,1,DEPART,0
C3B93D0B,1176154,1176532.400,1176532400,1000,1930,1935,66,110,FWD,13,63,1,DEPART,0
C3B93D0B,1176155,1176533.402,1176533402,1002,1933,1935,66,110,FWD,13,63,1,DEPART,0
C3B93D0B,1176156,1176534.402,1176534402,1000,1935,1935,66,110,FWD,13,63,1,DEPART,0
C3B93D0B,1176157,1176535.400,1176535400,998,1932,1935,66,110,FWD,13,63,1,DEPART,0
C3B93D0B,1176158,1176536.402,1176536402,1002,1931,1935,66,110,FWD,13,63,1,DEPART,0
C3B93D0B,1176159,1176537.543,1176537543,1141,1933,1935,66,110,FWD,13,63,1,DEPART,0
C3B93D0B,1176160,1176538.399,1176538399,856,1934,1935,66,110,FWD,13,63,1,DEPART,0
C3B93D0B,1176161,1176539.400,1176539400,1001,1931,1935,66,110,FWD,13,63,1,DEPART,0
C3B93D0B,1176162,1176540.399,1176540399,999,1934,1935,66,110,FWD,13,63,1,DEPART,0
C3B93D0B,1176163,1176541.400,1176541400,1001,1934,1935,66,110,FWD,13,63,1,DEPART,0
C3B93D0B,1176164,1176542.399,1176542399,999,1934,1935,66,110,FWD,13,63,1,DEPART,0
C3B93D0B,1176165,1176543.401,1176543401,1002,1932,1935,66,110,FWD,13,63,1,DEPART,0
C3B93D0B,1176166,1176544.399,1176544399,998,1933,1935,66,110,FWD,13,63,1,DEPART,0
C3B93D0B,1176167,1176545.400,1176545400,1001,1931,1935,66,110,FWD,13,63,1,DEPART,0
C3B93D0B,1176168,1176546.399,1176546399,999,1934,1935,66,110,FWD,13,63,1,DEPART,0
C3B93D0B,1176169,1176547.400,1176547400,1001,1933,1935,66,110,FWD,13,63,1,DEPART,0
C3B93D0B,1176170,1176548.399,1176548399,999,1934,1935,66,110,FWD,13,63,1,DEPART,0
C3B93D0B,1176171,1176549.400,1176549400,1001,1934,1935,66,110,FWD,13,63,1,DEPART,0
C3B93D0B,1176172,1176550.399,1176550399,999,1935,1935,66,110,FWD,13,63,1,DEPART,0
C3B93D0B,1176173,1176551.400,1176551400,1001,1934,1935,66,110,FWD,13,63,1,DEPART,0
C3B93D0B,1176174,1176552.399,1176552399,999,1933,1935,66,110,FWD,13,63,1,DEPART,0
C3B93D0B,1176175,1176553.401,1176553401,1002,1935,1935,66,110,FWD,13,63,1,DEPART,0
C3B93D0B,1176176,1176554.399,1176554399,998,1932,1935,66,110,FWD,13,63,1,DEPART,0
C3B93D0B,1176177,1176555.400,1176555400,1001,1932,1935,66,110,FWD,13,63,1,DEPART,0
C3B93D0B,1176178,1176556.399,1176556399,999,1933,1935,66,110,FWD,13,63,1,DEPART,0
C3B93D0B,1176179,1176557.400,1176557400,1001,1933,1935,66,110,FWD,13,63,1,DEPART,0
C3B93D0B,1176180,1176558.399,1176558399,999,1932,1935,66,110,FWD,13,63,1,DEPART,0
C3B93D0B,1176181,1176559.400,1176559400,1001,1934,1935,66,110,FWD,13,63,1,DEPART,0
C3B93D0B,1176182,1176560.399,1176560399,999,1933,1935,66,110,FWD,13,63,1,DEPART,0
C3B93D0B,1176183,1176561.400,1176561400,1001,1935,1935,66,110,FWD,13,63,1,DEPART,0
C3B93D0B,1176184,1176562.399,1176562399,999,1933,1935,66,110,FWD,13,63,1,DEPART,0
C3B93D0B,1176185,1176563.401,1176563401,1002,1933,1935,66,110,FWD,13,63,1,DEPART,0
C3B93D0B,1176186,1176564.399,1176564399,998,1933,1935,66,110,FWD,13,63,1,DEPART,0
C3B93D0B,1176187,1176565.400,1176565400,1001,1933,1935,66,110,FWD,13,63,1,DEPART,0
C3B93D0B,1176188,1176566.399,1176566399,999,1933,1935,66,110,FWD,13,63,1,DEPART,0
C3B93D0B,1176189,1176567.400,1176567400,1001,1934,1935,66,110,FWD,13,63,1,DEPART,0
C3B93D0B,1176190,1176568.399,1176568399,999,1932,1935,66,110,FWD,13,63,1,DEPART,0
C3B93D0B,1176191,1176569.400,1176569400,1001,1934,1935,66,110,FWD,13,63,1,DEPART,0
C3B93D0B,1176192,1176570.399,1176570399,999,1934,1935,66,110,FWD,13,63,1,DEPART,0
C3B93D0B,1176193,1176571.400,1176571400,1001,1935,1935,66,110,FWD,13,63,1,DEPART,0
C3B93D0B,1176194,1176572.399,1176572399,999,1933,1935,66,110,FWD,13,63,1,DEPART,0
C3B93D0B,1176195,1176573.401,1176573401,1002,1929,1935,66,110,FWD,13,63,1,DEPART,0
C3B93D0B,1176196,1176574.400,1176574400,999,1934,1935,66,110,FWD,13,63,1,DEPART,0
C3B93D0B,1176197,1176575.400,1176575400,1000,1934,1935,66,110,FWD,13,63,1,DEPART,0
C3B93D0B,1176198,1176576.399,1176576399,999,1934,1935,66,110,FWD,13,63,1,DEPART,0
C3B93D0B,1176199,1176577.400,1176577400,1001,1933,1935,67,110,FWD,13,63,1,DEPART,0
C3B93D0B,1176200,1176578.400,1176578400,1000,1934,1935,67,110,FWD,13,63,1,DEPART,0
C3B93D0B,1176201,1176579.400,1176579400,1000,1933,1935,67,110,FWD,13,63,1,DEPART,0
C3B93D0B,1176202,1176580.399,1176580399,999,1933,1935,67,110,FWD,13,63,1,DEPART,0
C3B93D0B,1176203,1176581.400,1176581400,1001,1930,1935,67,110,FWD,13,63,1,DEPART,0
C3B93D0B,1176204,1176582.399,1176582399,999,1934,1935,67,110,FWD,13,63,1,DEPART,0
C3B93D0B,1176205,1176583.662,1176583662,1263,1933,1935,67,110,FWD,45,63,1,DEPART,0
C3B93D0B,1176206,1176584.800,1176584800,1138,1930,1935,67,110,FWD,13,63,1,DEPART,0
C3B93D0B,1176207,1176585.399,1176585399,599,1934,1935,67,110,FWD,13,63,1,DEPART,0
C3B93D0B,1176208,1176586.400,1176586400,1001,1931,1935,67,110,FWD,13,63,1,DEPART,0
C3B93D0B,1176209,1176587.399,1176587399,999,1934,1935,67,110,FWD,13,63,1,DEPART,0
C3B93D0B,1176210,1176588.400,1176588400,1001,1935,1935,67,110,FWD,13,63,1,DEPART,0
C3B93D0B,1176211,1176589.399,1176589399,999,1934,1935,67,110,FWD,13,63,1,DEPART,0
C3B93D0B,1176212,1176590.400,1176590400,1001,1933,1935,67,110,FWD,13,63,1,DEPART,0
C3B93D0B,1176213,1176591.399,1176591399,999,1934,1935,67,110,FWD,13,63,1,DEPART,0
C3B93D0B,1176214,1176592.400,1176592400,1001,1933,1935,67,110,FWD,13,63,1,DEPART,0
C3B93D0B,1176215,1176593.399,1176593399,999,1934,1935,67,110,FWD,13,63,1,DEPART,0
C3B93D0B,1176216,1176594.401,1176594401,1002,1933,1935,67,110,FWD,13,63,1,DEPART,0
C3B93D0B,1176217,1176595.487,1176595487,1086,1931,1935,67,110,FWD,13,63,1,DEPART,0
C3B93D0B,1176218,1176596.400,1176596400,913,1933,1935,67,110,FWD,13,63,1,DEPART,0
C3B93D0B,1176219,1176597.399,1176597399,999,1933,1935,67,110,FWD,13,63,1,DEPART,0
C3B93D0B,1176220,1176598.400,1176598400,1001,1931,1935,67,110,FWD,13,63,1,DEPART,0
C3B93D0B,1176221,1176599.494,1176599494,1094,1934,1935,67,110,FWD,13,63,1,DEPART,0
C3B93D0B,1176222,1176600.400,1176600400,906,1931,1935,67,110,FWD,13,63,1,DEPART,0
C3B93D0B,1176223,1176601.399,1176601399,999,1935,1935,67,110,FWD,13,63,1,DEPART,0
C3B93D0B,1176224,1176602.750,1176602750,1351,1935,1935,67,110,FWD,45,63,1,DEPART,0
C3B93D0B,1176225,1176603.708,1176603708,958,1931,1935,67,110,FWD,13,63,1,DEPART,0
C3B93D0B,1176226,1176604.401,1176604401,693,1935,1935,67,110,FWD,13,63,1,DEPART,0
C3B93D0B,1176227,1176605.399,1176605399,998,1934,1935,67,110,FWD,13,63,1,DEPART,0
C3B93D0B,1176228,1176606.400,1176606400,1001,1934,1935,67,110,FWD,13,63,1,DEPART,0
C3B93D0B,1176229,1176607.399,1176607399,999,1934,1935,67,110,FWD,13,63,1,DEPART,0
C3B93D0B,1176230,1176608.400,1176608400,1001,1931,1935,67,110,FWD,13,63,1,DEPART,0
C3B93D0B,1176231,1176609.399,1176609399,999,1930,1935,67,110,FWD,13,63,1,DEPART,0
C3B93D0B,1176232,1176610.400,1176610400,1001,1933,1935,67,110,FWD,13,63,1,DEPART,0
C3B93D0B,1176233,1176611.399,1176611399,999,1933,1935,67,110,FWD,13,63,1,DEPART,0
C3B93D0B,1176234,1176612.400,1176612400,1001,1933,1935,67,110,FWD,13,63,1,DEPART,0
C3B93D0B,1176235,1176613.399,1176613399,999,1933,1935,67,110,FWD,13,63,1,DEPART,0
C3B93D0B,1176236,1176614.401,1176614401,1002,1931,1935,67,110,FWD,13,63,1,DEPART,0
C3B93D0B,1176237,1176615.399,1176615399,998,1932,1935,67,110,FWD,13,63,1,DEPART,0
C3B93D0B,1176238,1176616.400,1176616400,1001,1932,1935,67,110,FWD,13,63,1,DEPART,0
C3B93D0B,1176239,1176617.399,1176617399,999,1934,1935,67,110,FWD,13,63,1,DEPART,0
C3B93D0B,1176240,1176618.400,1176618400,1001,1934,1935,67,110,FWD,13,63,1,DEPART,0
C3B93D0B,1176241,1176619.399,1176619399,999,1933,1935,67,110,FWD,13,63,1,DEPART,0
C3B93D0B,1176242,1176620.400,1176620400,1001,1933,1935,67,110,FWD,13,63,1,DEPART,0
C3B93D0B,1176243,1176621.399,1176621399,999,1934,1935,67,110,FWD,13,63,1,DEPART,0
C3B93D0B,1176244,1176622.400,1176622400,1001,1934,1935,67,110,FWD,13,63,1,DEPART,0
C3B93D0B,1176245,1176623.399,1176623399,999,1933,1935,67,110,FWD,13,63,1,DEPART,0
C3B93D0B,1176246,1176624.401,1176624401,1002,1930,1935,67,110,FWD,13,63,1,DEPART,0
C3B93D0B,1176247,1176625.399,1176625399,998,1934,1935,67,110,FWD,13,63,1,DEPART,0
C3B93D0B,1176248,1176626.400,1176626400,1001,1933,1935,67,110,FWD,13,63,1,DEPART,0
C3B93D0B,1176249,1176627.399,1176627399,999,1932,1935,67,110,FWD,13,63,1,DEPART,0
C3B93D0B,1176250,1176628.400,1176628400,1001,1933,1935,67,110,FWD,13,63,1,DEPART,0
C3B93D0B,1176251,1176629.399,1176629399,999,1935,1935,67,110,FWD,13,63,1,DEPART,0
C3B93D0B,1176252,1176630.400,1176630400,1001,1934,1935,67,110,FWD,13,63,1,DEPART,0
C3B93D0B,1176253,1176631.399,1176631399,999,1934,1935,67,110,FWD,13,63,1,DEPART,0
C3B93D0B,1176254,1176632.400,1176632400,1001,1933,1935,67,110,FWD,13,63,1,DEPART,0
C3B93D0B,1176255,1176633.399,1176633399,999,1933,1935,67,110,FWD,13,63,1,DEPART,0
C3B93D0B,1176256,1176634.401,1176634401,1002,1934,1935,67,110,FWD,13,63,1,DEPART,0
C3B93D0B,1176257,1176635.401,1176635401,1000,1936,1935,67,110,FWD,13,63,1,DEPART,0
C3B93D0B,1176258,1176636.401,1176636401,1000,1934,1935,67,110,FWD,13,63,1,DEPART,0
C3B93D0B,1176259,1176637.400,1176637400,999,1931,1935,67,110,FWD,13,63,1,DEPART,0
C3B93D0B,1176260,1176638.399,1176638399,999,1931,1935,67,110,FWD,13,63,1,DEPART,0
C3B93D0B,1176261,1176639.554,1176639554,1155,1934,1935,68,110,FWD,13,63,1,DEPART,0
C3B93D0B,1176262,1176641.243,1176641243,1689,1933,1935,68,110,FWD,45,63,1,DEPART,0
C3B93D0B,1176263,1176641.532,1176641532,289,1932,1935,68,110,FWD,13,63,1,DEPART,0
C3B93D0B,1176264,1176642.399,1176642399,867,1933,1935,68,110,FWD,13,63,1,DEPART,0
C3B93D0B,1176265,1176643.400,1176643400,1001,1934,1935,68,110,FWD,13,63,1,DEPART,0
C3B93D0B,1176266,1176644.399,1176644399,999,1933,1935,68,110,FWD,13,63,1,DEPART,0
C3B93D0B,1176267,1176645.401,1176645401,1002,1933,1935,68,110,FWD,13,63,1,DEPART,0
C3B93D0B,1176268,1176646.400,1176646400,999,1935,1935,68,110,FWD,13,63,1,DEPART,0
C3B93D0B,1176269,1176647.400,1176647400,1000,1934,1935,68,110,FWD,13,63,1,DEPART,0
C3B93D0B,1176270,1176648.399,1176648399,999,1931,1935,68,110,FWD,13,63,1,DEPART,0
C3B93D0B,1176271,1176649.400,1176649400,1001,1934,1935,68,110,FWD,13,63,1,DEPART,0
C3B93D0B,1176272,1176650.399,1176650399,999,1935,1935,68,110,FWD,13,63,1,DEPART,0
C3B93D0B,1176273,1176651.400,1176651400,1001,1934,1935,68,110,FWD,13,63,1,DEPART,0
C3B93D0B,1176274,1176652.399,1176652399,999,1933,1935,68,110,FWD,13,63,1,DEPART,0
C3B93D0B,1176275,1176653.400,1176653400,1001,1934,1935,68,110,FWD,13,63,1,DEPART,0
C3B93D0B,1176276,1176654.399,1176654399,999,1933,1935,68,110,FWD,13,63,1,DEPART,0
C3B93D0B,1176277,1176655.401,1176655401,1002,1933,1935,68,110,FWD,13,63,1,DEPART,0
C3B93D0B,1176278,1176656.399,1176656399,998,1934,1935,68,110,FWD,13,63,1,DEPART,0
C3B93D0B,1176279,1176657.400,1176657400,1001,1933,1935,68,110,FWD,13,63,1,DEPART,0
C3B93D0B,1176280,1176658.399,1176658399,999,1932,1935,68,110,FWD,13,63,1,DEPART,0
C3B93D0B,1176281,1176659.400,1176659400,1001,1934,1935,68,110,FWD,13,63,1,DEPART,0
C3B93D0B,1176282,1176660.399,1176660399,999,1933,1935,68,110,FWD,13,63,1,DEPART,0
C3B93D0B,1176283,1176661.400,1176661400,1001,1934,1935,68,110,FWD,13,63,1,DEPART,0
C3B93D0B,1176284,1176662.399,1176662399,999,1934,1935,68,110,FWD,13,63,1,DEPART,0
C3B93D0B,1176285,1176663.400,1176663400,1001,1935,1935,68,110,FWD,13,63,1,DEPART,0
C3B93D0B,1176286,1176664.399,1176664399,999,1933,1935,68,110,FWD,13,63,1,DEPART,0
C3B93D0B,1176287,1176665.401,1176665401,1002,1931,1935,68,110,FWD,13,63,1,DEPART,0
C3B93D0B,1176288,1176666.399,1176666399,998,1932,1935,68,110,FWD,13,63,1,DEPART,0
C3B93D0B,1176289,1176667.400,1176667400,1001,1933,1935,68,110,FWD,13,63,1,DEPART,0
C3B93D0B,1176290,1176668.399,1176668399,999,1934,1935,68,110,FWD,13,63,1,DEPART,0
C3B93D0B,1176291,1176669.400,1176669400,1001,1933,1935,68,110,FWD,13,63,1,DEPART,0
C3B93D0B,1176292,1176670.399,1176670399,999,1934,1935,68,110,FWD,13,63,1,DEPART,0
C3B93D0B,1176293,1176671.400,1176671400,1001,1931,1935,68,110,FWD,13,63,1,DEPART,0
C3B93D0B,1176294,1176672.399,1176672399,999,1933,1935,68,110,FWD,13,63,1,DEPART,0
C3B93D0B,1176295,1176673.400,1176673400,1001,1933,1935,68,110,FWD,13,63,1,DEPART,0
C3B93D0B,1176296,1176674.399,1176674399,999,1935,1935,68,110,FWD,13,63,1,DEPART,0
C3B93D0B,1176297,1176675.401,1176675401,1002,1934,1935,68,110,FWD,13,63,1,DEPART,0
C3B93D0B,1176298,1176676.399,1176676399,998,1935,1935,68,110,FWD,13,63,1,DEPART,0
C3B93D0B,1176299,1176677.400,1176677400,1001,1934,1935,68,110,FWD,13,63,1,DEPART,0
C3B93D0B,1176300,1176678.399,1176678399,999,1933,1935,68,110,FWD,13,63,1,DEPART,0
C3B93D0B,1176301,1176679.400,1176679400,1001,1933,1935,68,110,FWD,13,63,1,DEPART,0
C3B93D0B,1176302,1176680.399,1176680399,999,1934,1935,68,110,FWD,13,63,1,DEPART,0
C3B93D0B,1176303,1176681.400,1176681400,1001,1935,1935,68,110,FWD,13,63,1,DEPART,0
C3B93D0B,1176304,1176682.399,1176682399,999,1933,1935,68,110,FWD,13,63,1,DEPART,0
C3B93D0B,1176305,1176683.400,1176683400,1001,1933,1935,68,110,FWD,13,63,1,DEPART,0
C3B93D0B,1176306,1176684.399,1176684399,999,1934,1935,68,110,FWD,13,63,1,DEPART,0
C3B93D0B,1176307,1176685.401,1176685401,1002,1935,1935,68,110,FWD,13,63,1,DEPART,0
C3B93D0B,1176308,1176686.768,1176686768,1367,1930,1935,68,110,FWD,45,63,1,DEPART,0
C3B93D0B,1176309,1176687.399,1176687399,631,1933,1935,68,110,FWD,13,63,1,DEPART,0
C3B93D0B,1176310,1176688.400,1176688400,1001,1933,1935,68,110,FWD,13,63,1,DEPART,0
C3B93D0B,1176311,1176689.399,1176689399,999,1935,1935,68,110,FWD,13,63,1,DEPART,0
C3B93D0B,1176312,1176690.400,1176690400,1001,1935,1935,68,110,FWD,13,63,1,DEPART,0
C3B93D0B,1176313,1176691.427,1176691427,1027,1933,1935,68,110,FWD,13,63,1,DEPART,0
C3B93D0B,1176314,1176692.895,1176692895,1468,1931,1935,68,110,FWD,45,63,1,DEPART,0
C3B93D0B,1176315,1176693.399,1176693399,504,1935,1935,68,110,FWD,13,63,1,DEPART,0
C3B93D0B,1176316,1176694.569,1176694569,1170,1933,1935,68,110,FWD,13,63,1,DEPART,0
C3B93D0B,1176317,1176695.400,1176695400,831,1933,1935,68,110,FWD,13,63,1,DEPART,0
C3B93D0B,1176318,1176696.400,1176696400,1000,1935,1935,68,110,FWD,13,63,1,DEPART,0
C3B93D0B,1176319,1176697.399,1176697399,999,1934,1935,68,110,FWD,13,63,1,DEPART,0
C3B93D0B,1176320,1176698.400,1176698400,1001,1933,1935,68,110,FWD,13,63,1,DEPART,0
C3B93D0B,1176321,1176699.399,1176699399,999,1931,1935,68,110,FWD,13,63,1,DEPART,0
C3B93D0B,1176322,1176700.400,1176700400,1001,1932,1935,68,110,FWD,13,63,1,DEPART,0
C3B93D0B,1176323,1176701.399,1176701399,999,1936,1935,68,110,FWD,13,63,1,DEPART,0
C3B93D0B,1176324,1176702.400,1176702400,1001,1931,1935,69,110,FWD,13,63,1,DEPART,0
C3B93D0B,1176325,1176703.399,1176703399,999,1933,1935,69,110,FWD,13,63,1,DEPART,0
C3B93D0B,1176326,1176704.400,1176704400,1001,1934,1935,69,110,FWD,13,63,1,DEPART,0
C3B93D0B,1176327,1176705.400,1176705400,1000,1934,1935,69,110,FWD,13,63,1,DEPART,0
C3B93D0B,1176328,1176706.400,1176706400,1000,1931,1935,69,110,FWD,13,63,1,DEPART,0
C3B93D0B,1176329,1176707.399,1176707399,999,1933,1935,69,110,FWD,13,63,1,DEPART,0
C3B93D0B,1176330,1176708.400,1176708400,1001,1933,1935,69,110,FWD,13,63,1,DEPART,0
C3B93D0B,1176331,1176709.399,1176709399,999,1934,1935,69,110,FWD,13,63,1,DEPART,0
C3B93D0B,1176332,1176710.400,1176710400,1001,1933,1935,69,110,FWD,13,63,1,DEPART,0
C3B93D0B,1176333,1176711.399,1176711399,999,1931,1935,69,110,FWD,13,63,1,DEPART,0
C3B93D0B,1176334,1176712.400,1176712400,1001,1931,1935,69,110,FWD,13,63,1,DEPART,0
C3B93D0B,1176335,1176713.399,1176713399,999,1933,1935,69,110,FWD,13,63,1,DEPART,0
C3B93D0B,1176336,1176714.400,1176714400,1001,1935,1935,69,110,FWD,13,63,1,DEPART,0
C3B93D0B,1176337,1176715.400,1176715400,1000,1931,1935,69,110,FWD,13,63,1,DEPART,0
C3B93D0B,1176338,1176716.400,1176716400,1000,1933,1935,69,110,FWD,13,63,1,DEPART,0
C3B93D0B,1176339,1176717.399,1176717399,999,1934,1935,69,110,FWD,13,63,1,DEPART,0
C3B93D0B,1176340,1176718.400,1176718400,1001,1932,1935,69,110,FWD,13,63,1,DEPART,0
C3B93D0B,1176341,1176719.399,1176719399,999,1935,1935,69,110,FWD,13,63,1,DEPART,0
C3B93D0B,1176342,1176720.400,1176720400,1001,1933,1935,69,110,FWD,13,63,1,DEPART,0
C3B93D0B,1176343,1176721.399,1176721399,999,1933,1935,69,110,FWD,13,63,1,DEPART,0
C3B93D0B,1176344,1176722.400,1176722400,1001,1932,1935,69,110,FWD,13,63,1,DEPART,0
C3B93D0B,1176345,1176723.399,1176723399,999,1933,1935,69,110,FWD,13,63,1,DEPART,0
C3B93D0B,1176346,1176724.400,1176724400,1001,1933,1935,69,110,FWD,13,63,1,DEPART,0
C3B93D0B,1176347,1176725.400,1176725400,1000,1934,1935,69,110,FWD,13,63,1,DEPART,0
C3B93D0B,1176348,1176726.400,1176726400,1000,1934,1935,69,110,FWD,13,63,1,DEPART,0
C3B93D0B,1176349,1176727.399,1176727399,999,1934,1935,69,110,FWD,13,63,1,DEPART,0
C3B93D0B,1176350,1176728.400,1176728400,1001,1934,1935,69,110,FWD,13,63,1,DEPART,0
C3B93D0B,1176351,1176729.399,1176729399,999,1934,1935,69,110,FWD,13,63,1,DEPART,0
C3B93D0B,1176352,1176730.400,1176730400,1001,1932,1935,69,110,FWD,13,63,1,DEPART,0
C3B93D0B,1176353,1176731.399,1176731399,999,1933,1935,69,110,FWD,13,63,1,DEPART,0
C3B93D0B,1176354,1176732.400,1176732400,1001,1931,1935,69,110,FWD,13,63,1,DEPART,0
C3B93D0B,1176355,1176733.399,1176733399,999,1935,1935,69,110,FWD,13,63,1,DEPART,0
C3B93D0B,1176356,1176734.400,1176734400,1001,1934,1935,69,110,FWD,13,63,1,DEPART,0
C3B93D0B,1176357,1176735.400,1176735400,1000,1931,1935,69,110,FWD,13,63,1,DEPART,0
C3B93D0B,1176358,1176736.402,1176736402,1002,1933,1935,69,110,FWD,13,63,1,DEPART,0
C3B93D0B,1176359,1176737.402,1176737402,1000,1934,1935,69,110,FWD,13,63,1,DEPART,0
C3B93D0B,1176360,1176739.107,1176739107,1705,1935,1935,69,110,FWD,45,63,1,DEPART,0
C3B93D0B,1176361,1176739.399,1176739399,292,1933,1935,69,110,FWD,13,63,1,DEPART,0
C3B93D0B,1176362,1176740.400,1176740400,1001,1934,1935,69,110,FWD,13,63,1,DEPART,0
C3B93D0B,1176363,1176741.399,1176741399,999,1935,1935,69,110,FWD,13,63,1,DEPART,0
C3B93D0B,1176364,1176742.400,1176742400,1001,1934,1935,69,110,FWD,13,63,1,DEPART,0
C3B93D0B,1176365,1176743.399,1176743399,999,1933,1935,69,110,FWD,13,63,1,DEPART,0
C3B93D0B,1176366,1176744.400,1176744400,1001,1933,1935,69,110,FWD,13,63,1,DEPART,0
C3B93D0B,1176367,1176745.399,1176745399,999,1932,1935,69,110,FWD,13,63,1,DEPART,0
C3B93D0B,1176368,1176746.401,1176746401,1002,1934,1935,69,110,FWD,13,63,1,DEPART,0
C3B93D0B,1176369,1176747.399,1176747399,998,1934,1935,69,110,FWD,13,63,1,DEPART,0
C3B93D0B,1176370,1176748.400,1176748400,1001,1934,1935,69,110,FWD,13,63,1,DEPART,0
C3B93D0B,1176371,1176749.399,1176749399,999,1933,1935,69,110,FWD,13,63,1,DEPART,0
C3B93D0B,1176372,1176750.400,1176750400,1001,1933,1935,69,110,FWD,13,63,1,DEPART,0
C3B93D0B,1176373,1176751.399,1176751399,999,1933,1935,69,110,FWD,13,63,1,DEPART,0
C3B93D0B,1176374,1176752.400,1176752400,1001,1933,1935,69,110,FWD,13,63,1,DEPART,0
C3B93D0B,1176375,1176753.399,1176753399,999,1933,1935,69,110,FWD,13,63,1,DEPART,0
C3B93D0B,1176376,1176754.400,1176754400,1001,1932,1935,69,110,FWD,13,63,1,DEPART,0
C3B93D0B,1176377,1176755.399,1176755399,999,1934,1935,69,110,FWD,13,63,1,DEPART,0
C3B93D0B,1176378,1176756.401,1176756401,1002,1934,1935,69,110,FWD,13,63,1,DEPART,0
C3B93D0B,1176379,1176757.399,1176757399,998,1931,1935,69,110,FWD,13,63,1,DEPART,0
C3B93D0B,1176380,1176758.400,1176758400,1001,1934,1935,69,110,FWD,13,63,1,DEPART,0
C3B93D0B,1176381,1176759.399,1176759399,999,1931,1935,69,110,FWD,13,63,1,DEPART,0
C3B93D0B,1176382,1176760.400,1176760400,1001,1933,1935,69,110,FWD,13,63,1,DEPART,0
C3B93D0B,1176383,1176761.399,1176761399,999,1933,1935,69,110,FWD,13,63,1,DEPART,0
C3B93D0B,1176384,1176762.400,1176762400,1001,1933,1935,69,110,FWD,13,63,1,DEPART,0
C3B93D0B,1176385,1176763.399,1176763399,999,1932,1935,69,110,FWD,13,63,1,DEPART,0
C3B93D0B,1176386,1176764.400,1176764400,1001,1934,1935,70,110,FWD,13,63,1,DEPART,0
C3B93D0B,1176387,1176765.399,1176765399,999,1934,1935,70,110,FWD,13,63,1,DEPART,0
C3B93D0B,1176388,1176766.401,1176766401,1002,1934,1935,70,110,FWD,13,63,1,DEPART,0
C3B93D0B,1176389,1176767.399,1176767399,998,1934,1935,70,110,FWD,13,63,1,DEPART,0
C3B93D0B,1176390,1176768.400,1176768400,1001,1933,1935,70,110,FWD,13,63,1,DEPART,0
C3B93D0B,1176391,1176769.399,1176769399,999,1935,1935,70,110,FWD,13,63,1,DEPART,0
C3B93D0B,1176392,1176770.400,1176770400,1001,1935,1935,70,110,FWD,13,63,1,DEPART,0
C3B93D0B,1176393,1176771.399,1176771399,999,1933,1935,70,110,FWD,13,63,1,DEPART,0
C3B93D0B,1176394,1176772.400,1176772400,1001,1934,1935,70,110,FWD,13,63,1,DEPART,0
C3B93D0B,1176395,1176773.399,1176773399,999,1935,1935,70,110,FWD,13,63,1,DEPART,0
C3B93D0B,1176396,1176774.400,1176774400,1001,1934,1935,70,110,FWD,13,63,1,DEPART,0
C3B93D0B,1176397,1176775.399,1176775399,999,1931,1935,70,110,FWD,13,63,1,DEPART,0
C3B93D0B,1176398,1176776.401,1176776401,1002,1935,1935,70,110,FWD,13,63,1,DEPART,0
C3B93D0B,1176399,1176777.399,1176777399,998,1935,1935,70,110,FWD,13,63,1,DEPART,0
C3B93D0B,1176400,1176778.400,1176778400,1001,1934,1935,70,110,FWD,13,63,1,DEPART,0
C3B93D0B,1176401,1176779.399,1176779399,999,1935,1935,70,110,FWD,13,63,1,DEPART,0
C3B93D0B,1176402,1176780.400,1176780400,1001,1935,1935,70,110,FWD,13,63,1,DEPART,0
C3B93D0B,1176403,1176781.399,1176781399,999,1933,1935,70,110,FWD,13,63,1,DEPART,0
C3B93D0B,1176404,1176782.400,1176782400,1001,1932,1935,70,110,FWD,13,63,1,DEPART,0
C3B93D0B,1176405,1176783.399,1176783399,999,1935,1935,70,110,FWD,13,63,1,DEPART,0
C3B93D0B,1176406,1176784.400,1176784400,1001,1932,1935,70,110,FWD,13,63,1,DEPART,0
C3B93D0B,1176407,1176785.399,1176785399,999,1932,1935,70,110,FWD,13,63,1,DEPART,0
C3B93D0B,1176408,1176786.401,1176786401,1002,1933,1935,70,110,FWD,13,63,1,DEPART,0
C3B93D0B,1176409,1176787.748,1176787748,1347,1929,1935,70,110,FWD,45,63,1,DEPART,0
C3B93D0B,1176410,1176788.554,1176788554,806,1934,1935,70,110,FWD,13,63,1,DEPART,0
C3B93D0B,1176411,1176789.400,1176789400,846,1931,1935,70,110,FWD,13,63,1,DEPART,0
C3B93D0B,1176412,1176790.399,1176790399,999,1935,1935,70,110,FWD,13,63,1,DEPART,0
C3B93D0B,1176413,1176791.400,1176791400,1001,1933,1935,70,110,FWD,13,63,1,DEPART,0
C3B93D0B,1176414,1176792.399,1176792399,999,1932,1935,70,110,FWD,13,63,1,DEPART,0
C3B93D0B,1176415,1176793.744,1176793744,1345,1933,1935,70,110,FWD,45,63,1,DEPART,0
C3B93D0B,1176416,1176794.399,1176794399,655,1935,1935,70,110,FWD,13,63,1,DEPART,0
C3B93D0B,1176417,1176795.400,1176795400,1001,1934,1935,70,110,FWD,13,63,1,DEPART,0
C3B93D0B,1176418,1176796.400,1176796400,1000,1933,1935,70,110,FWD,13,63,1,DEPART,0
C3B93D0B,1176419,1176797.400,1176797400,1000,1935,1935,70,110,FWD,13,63,1,DEPART,0
C3B93D0B,1176420,1176798.399,1176798399,999,1933,1935,70,110,FWD,13,63,1,DEPART,0
C3B93D0B,1176421,1176799.400,1176799400,1001,1935,1935,70,110,FWD,13,63,1,DEPART,0
C3B93D0B,1176422,1176800.399,1176800399,999,1933,1935,70,110,FWD,13,63,1,DEPART,0
C3B93D0B,1176423,1176801.400,1176801400,1001,1934,1935,70,110,FWD,13,63,1,DEPART,0
C3B93D0B,1176424,1176802.399,1176802399,999,1934,1935,70,110,FWD,13,63,1,DEPART,0
C3B93D0B,1176425,1176803.400,1176803400,1001,1933,1935,70,110,FWD,13,63,1,DEPART,0
C3B93D0B,1176426,1176804.399,1176804399,999,1935,1935,70,110,FWD,13,63,1,DEPART,0
C3B93D0B,1176427,1176805.400,1176805400,1001,1933,1935,70,110,FWD,13,63,1,DEPART,0
C3B93D0B,1176428,1176806.400,1176806400,1000,1934,1935,70,110,FWD,13,63,1,DEPART,0
C3B93D0B,1176429,1176807.400,1176807400,1000,1934,1935,70,110,FWD,13,63,1,DEPART,0
C3B93D0B,1176430,1176808.399,1176808399,999,1933,1935,70,110,FWD,13,63,1,DEPART,0
C3B93D0B,1176431,1176809.400,1176809400,1001,1931,1935,70,110,FWD,13,63,1,DEPART,0
C3B93D0B,1176432,1176810.399,1176810399,999,1935,1935,70,110,FWD,13,63,1,DEPART,0
C3B93D0B,1176433,1176811.400,1176811400,1001,1933,1935,70,110,FWD,13,63,1,DEPART,0
C3B93D0B,1176434,1176812.399,1176812399,999,1933,1935,70,110,FWD,13,63,1,DEPART,0
C3B93D0B,1176435,1176813.400,1176813400,1001,1935,1935,70,110,FWD,13,63,1,DEPART,0
C3B93D0B,1176436,1176814.399,1176814399,999,1933,1935,70,110,FWD,13,63,1,DEPART,0
C3B93D0B,1176437,1176815.400,1176815400,1001,1935,1935,70,110,FWD,13,63,1,DEPART,0
C3B93D0B,1176438,1176816.400,1176816400,1000,1934,1935,70,110,FWD,13,63,1,DEPART,0
C3B93D0B,1176439,1176817.400,1176817400,1000,1929,1935,70,110,FWD,13,63,1,DEPART,0
C3B93D0B,1176440,1176818.399,1176818399,999,1934,1935,70,110,FWD,13,63,1,DEPART,0
C3B93D0B,1176441,1176819.400,1176819400,1001,1933,1935,70,110,FWD,13,63,1,DEPART,0
C3B93D0B,1176442,1176820.399,1176820399,999,1935,1935,70,110,FWD,13,63,1,DEPART,0
C3B93D0B,1176443,1176821.400,1176821400,1001,1935,1935,70,110,FWD,13,63,1,DEPART,0
C3B93D0B,1176444,1176822.399,1176822399,999,1936,1935,70,110,FWD,13,63,1,DEPART,0
C3B93D0B,1176445,1176823.400,1176823400,1001,1934,1935,70,110,FWD,13,63,1,DEPART,0
C3B93D0B,1176446,1176824.399,1176824399,999,1934,1935,70,110,FWD,13,63,1,DEPART,0
C3B93D0B,1176447,1176825.400,1176825400,1001,1933,1935,70,110,FWD,13,63,1,DEPART,0
C3B93D0B,1176448,1176826.400,1176826400,1000,1935,1935,70,110,FWD,13,63,1,DEPART,0
C3B93D0B,1176449,1176827.400,1176827400,1000,1933,1935,71,110,FWD,13,63,1,DEPART,0
C3B93D0B,1176450,1176828.399,1176828399,999,1934,1935,71,110,FWD,13,63,1,DEPART,0
C3B93D0B,1176451,1176829.400,1176829400,1001,1935,1935,71,110,FWD,13,63,1,DEPART,0
C3B93D0B,1176452,1176830.399,1176830399,999,1935,1935,71,110,FWD,13,63,1,DEPART,0
C3B93D0B,1176453,1176831.400,1176831400,1001,1934,1935,71,110,FWD,13,63,1,DEPART,0
C3B93D0B,1176454,1176832.399,1176832399,999,1933,1935,71,110,FWD,13,63,1,DEPART,0
C3B93D0B,1176455,1176833.400,1176833400,1001,1933,1935,71,110,FWD,13,63,1,DEPART,0
C3B93D0B,1176456,1176834.399,1176834399,999,1935,1935,71,110,FWD,13,63,1,DEPART,0
C3B93D0B,1176457,1176835.400,1176835400,1001,1933,1935,71,110,FWD,13,63,1,DEPART,0
C3B93D0B,1176458,1176836.400,1176836400,1000,1935,1935,71,110,FWD,13,63,1,DEPART,0
C3B93D0B,1176459,1176837.402,1176837402,1002,1934,1935,71,110,FWD,13,63,1,DEPART,0
C3B93D0B,1176460,1176838.404,1176838404,1002,1930,1935,71,110,FWD,13,63,1,DEPART,0
C3B93D0B,1176461,1176840.286,1176840286,1882,1933,1935,71,110,FWD,45,63,1,DEPART,0
C3B93D0B,1176462,1176840.575,1176840575,289,1933,1935,71,110,FWD,13,63,1,DEPART,0
C3B93D0B,1176463,1176841.400,1176841400,825,1934,1935,71,110,FWD,13,63,1,DEPART,0
C3B93D0B,1176464,1176842.399,1176842399,999,1935,1935,71,110,FWD,13,63,1,DEPART,0
C3B93D0B,1176465,1176843.400,1176843400,1001,1933,1935,71,110,FWD,13,63,1,DEPART,0
C3B93D0B,1176466,1176844.399,1176844399,999,1932,1935,71,110,FWD,13,63,1,DEPART,0
C3B93D0B,1176467,1176845.511,1176845511,1112,1932,1935,71,110,FWD,13,63,1,DEPART,0
C3B93D0B,1176468,1176846.399,1176846399,888,1933,1935,71,110,FWD,13,63,1,DEPART,0
C3B93D0B,1176469,1176847.401,1176847401,1002,1933,1935,71,110,FWD,13,63,1,DEPART,0
C3B93D0B,1176470,1176848.399,1176848399,998,1934,1935,71,110,FWD,13,63,1,DEPART,0
C3B93D0B,1176471,1176849.400,1176849400,1001,1933,1935,71,110,FWD,13,63,1,DEPART,0
C3B93D0B,1176472,1176850.399,1176850399,999,1933,1935,71,110,FWD,13,63,1,DEPART,0
C3B93D0B,1176473,1176851.400,1176851400,1001,1934,1935,71,110,FWD,13,63,1,DEPART,0
C3B93D0B,1176474,1176852.399,1176852399,999,1936,1935,71,110,FWD,13,63,1,DEPART,0
C3B93D0B,1176475,1176853.400,1176853400,1001,1935,1935,71,110,FWD,13,63,1,DEPART,0
C3B93D0B,1176476,1176854.399,1176854399,999,1935,1935,71,110,FWD,13,63,1,DEPART,0
C3B93D0B,1176477,1176855.400,1176855400,1001,1934,1935,71,110,FWD,13,63,1,DEPART,0
C3B93D0B,1176478,1176856.399,1176856399,999,1935,1935,71,110,FWD,13,63,1,DEPART,0
C3B93D0B,1176479,1176857.401,1176857401,1002,1934,1935,71,110,FWD,13,63,1,DEPART,0
C3B93D0B,1176480,1176858.400,1176858400,999,1934,1935,71,110,FWD,13,63,1,DEPART,0
C3B93D0B,1176481,1176859.400,1176859400,1000,1933,1935,71,110,FWD,13,63,1,DEPART,0
C3B93D0B,1176482,1176860.399,1176860399,999,1935,1935,71,110,FWD,13,63,1,DEPART,0
C3B93D0B,1176483,1176861.400,1176861400,1001,1932,1935,71,110,FWD,13,63,1,DEPART,0
C3B93D0B,1176484,1176862.399,1176862399,999,1932,1935,71,110,FWD,13,63,1,DEPART,0
C3B93D0B,1176485,1176863.400,1176863400,1001,1935,1935,71,110,FWD,13,63,1,DEPART,0
C3B93D0B,1176486,1176864.399,1176864399,999,1934,1935,71,110,FWD,13,63,1,DEPART,0
C3B93D0B,1176487,1176865.400,1176865400,1001,1934,1935,71,110,FWD,13,63,1,DEPART,0
C3B93D0B,1176488,1176866.399,1176866399,999,1934,1935,71,110,FWD,13,63,1,DEPART,0
C3B93D0B,1176489,1176867.401,1176867401,1002,1934,1935,71,110,FWD,13,63,1,DEPART,0
C3B93D0B,1176490,1176868.399,1176868399,998,1936,1935,71,110,FWD,13,63,1,DEPART,0
C3B93D0B,1176491,1176869.400,1176869400,1001,1933,1935,71,110,FWD,13,63,1,DEPART,0
C3B93D0B,1176492,1176870.399,1176870399,999,1934,1935,71,110,FWD,13,63,1,DEPART,0
C3B93D0B,1176493,1176871.400,1176871400,1001,1931,1935,71,110,FWD,13,63,1,DEPART,0
C3B93D0B,1176494,1176872.399,1176872399,999,1934,1935,71,110,FWD,13,63,1,DEPART,0
C3B93D0B,1176495,1176873.400,1176873400,1001,1934,1935,71,110,FWD,13,63,1,DEPART,0
C3B93D0B,1176496,1176874.399,1176874399,999,1932,1935,71,110,FWD,13,63,1,DEPART,0
C3B93D0B,1176497,1176875.400,1176875400,1001,1933,1935,71,110,FWD,13,63,1,DEPART,0
C3B93D0B,1176498,1176876.399,1176876399,999,1935,1935,71,110,FWD,13,63,1,DEPART,0
C3B93D0B,1176499,1176877.401,1176877401,1002,1932,1935,71,110,FWD,13,63,1,DEPART,0
C3B93D0B,1176500,1176878.761,1176878761,1360,1929,1935,71,110,FWD,45,63,1,DEPART,0
C3B93D0B,1176501,1176879.492,1176879492,731,1931,1935,71,110,FWD,13,63,1,DEPART,0
C3B93D0B,1176502,1176880.400,1176880400,908,1933,1935,71,110,FWD,13,63,1,DEPART,0
C3B93D0B,1176503,1176881.399,1176881399,999,1935,1935,71,110,FWD,13,63,1,DEPART,0
C3B93D0B,1176504,1176882.400,1176882400,1001,1933,1935,71,110,FWD,13,63,1,DEPART,0
C3B93D0B,1176505,1176883.399,1176883399,999,1934,1935,71,110,FWD,13,63,1,DEPART,0
C3B93D0B,1176506,1176884.400,1176884400,1001,1934,1935,71,110,FWD,13,63,1,DEPART,0
C3B93D0B,1176507,1176885.399,1176885399,999,1934,1935,71,110,FWD,13,63,1,DEPART,0
C3B93D0B,1176508,1176886.400,1176886400,1001,1933,1935,71,110,FWD,13,63,1,DEPART,0
C3B93D0B,1176509,1176887.400,1176887400,1000,1934,1935,71,110,FWD,13,63,1,DEPART,0
C3B93D0B,1176510,1176888.400,1176888400,1000,1934,1935,71,110,FWD,13,63,1,DEPART,0
C3B93D0B,1176511,1176889.399,1176889399,999,1931,1935,71,110,FWD,13,63,1,DEPART,0
C3B93D0B,1176512,1176890.662,1176890662,1263,1934,1935,72,110,FWD,45,63,1,DEPART,0
C3B93D0B,1176513,1176891.399,1176891399,737,1935,1935,72,110,FWD,13,63,1,DEPART,0
C3B93D0B,1176514,1176892.400,1176892400,1001,1932,1935,72,110,FWD,13,63,1,DEPART,0
C3B93D0B,1176515,1176893.399,1176893399,999,1934,1935,72,110,FWD,13,63,1,DEPART,0
C3B93D0B,1176516,1176894.400,1176894400,1001,1934,1935,72,110,FWD,13,63,1,DEPART,0
C3B93D0B,1176517,1176895.399,1176895399,999,1935,1935,72,110,FWD,13,63,1,DEPART,0
C3B93D0B,1176518,1176896.400,1176896400,1001,1934,1935,72,110,FWD,13,63,1,DEPART,0
C3B93D0B,1176519,1176897.400,1176897400,1000,1933,1935,72,110,FWD,13,63,1,DEPART,0
C3B93D0B,1176520,1176898.400,1176898400,1000,1933,1935,72,110,FWD,13,63,1,DEPART,0
C3B93D0B,1176521,1176899.399,1176899399,999,1934,1935,72,110,FWD,13,63,1,DEPART,0
C3B93D0B,1176522,1176900.400,1176900400,1001,1934,1935,72,110,FWD,13,63,1,DEPART,0
C3B93D0B,1176523,1176901.399,1176901399,999,1934,1935,72,110,FWD,13,63,1,DEPART,0
C3B93D0B,1176524,1176902.400,1176902400,1001,1931,1935,72,110,FWD,13,63,1,DEPART,0
C3B93D0B,1176525,1176903.399,1176903399,999,1935,1935,72,110,FWD,13,63,1,DEPART,0
C3B93D0B,1176526,1176904.400,1176904400,1001,1933,1935,72,110,FWD,13,63,1,DEPART,0
C3B93D0B,1176527,1176905.399,1176905399,999,1934,1935,72,110,FWD,13,63,1,DEPART,0
C3B93D0B,1176528,1176906.400,1176906400,1001,1933,1935,72,110,FWD,13,63,1,DEPART,0
C3B93D0B,1176529,1176907.400,1176907400,1000,1933,1935,72,110,FWD,13,63,1,DEPART,0
C3B93D0B,1176530,1176908.400,1176908400,1000,1933,1935,72,110,FWD,13,63,1,DEPART,0
C3B93D0B,1176531,1176909.399,1176909399,999,1933,1935,72,110,FWD,13,63,1,DEPART,0
C3B93D0B,1176532,1176910.400,1176910400,1001,1936,1935,72,110,FWD,13,63,1,DEPART,0
C3B93D0B,1176533,1176911.399,1176911399,999,1933,1935,72,110,FWD,13,63,1,DEPART,0
C3B93D0B,1176534,1176912.400,1176912400,1001,1933,1935,72,110,FWD,13,63,1,DEPART,0
C3B93D0B,1176535,1176913.399,1176913399,999,1933,1935,72,110,FWD,13,63,1,DEPART,0
C3B93D0B,1176536,1176914.400,1176914400,1001,1933,1935,72,110,FWD,13,63,1,DEPART,0
C3B93D0B,1176537,1176915.399,1176915399,999,1934,1935,72,110,FWD,13,63,1,DEPART,0
C3B93D0B,1176538,1176916.400,1176916400,1001,1934,1935,72,110,FWD,13,63,1,DEPART,0
C3B93D0B,1176539,1176917.400,1176917400,1000,1934,1935,72,110,FWD,13,63,1,DEPART,0
C3B93D0B,1176540,1176918.400,1176918400,1000,1933,1935,72,110,FWD,13,63,1,DEPART,0
C3B93D0B,1176541,1176919.399,1176919399,999,1934,1935,72,110,FWD,13,63,1,DEPART,0
C3B93D0B,1176542,1176920.400,1176920400,1001,1935,1935,72,110,FWD,13,63,1,DEPART,0
C3B93D0B,1176543,1176921.399,1176921399,999,1933,1935,72,110,FWD,13,63,1,DEPART,0
C3B93D0B,1176544,1176922.400,1176922400,1001,1933,1935,72,110,FWD,13,63,1,DEPART,0
C3B93D0B,1176545,1176923.399,1176923399,999,1933,1935,72,110,FWD,13,63,1,DEPART,0
C3B93D0B,1176546,1176924.400,1176924400,1001,1936,1935,72,110,FWD,13,63,1,DEPART,0
C3B93D0B,1176547,1176925.399,1176925399,999,1935,1935,72,110,FWD,13,63,1,DEPART,0
C3B93D0B,1176548,1176926.400,1176926400,1001,1933,1935,72,110,FWD,13,63,1,DEPART,0
C3B93D0B,1176549,1176927.400,1176927400,1000,1933,1935,72,110,FWD,13,63,1,DEPART,0
C3B93D0B,1176550,1176928.400,1176928400,1000,1935,1935,72,110,FWD,13,63,1,DEPART,0
C3B93D0B,1176551,1176929.790,1176929790,1390,1933,1935,72,110,FWD,45,63,1,DEPART,0
C3B93D0B,1176552,1176930.400,1176930400,610,1933,1935,72,110,FWD,13,63,1,DEPART,0
C3B93D0B,1176553,1176931.399,1176931399,999,1935,1935,72,110,FWD,13,63,1,DEPART,0
C3B93D0B,1176554,1176932.400,1176932400,1001,1935,1935,72,110,FWD,13,63,1,DEPART,0
C3B93D0B,1176555,1176933.399,1176933399,999,1934,1935,72,110,FWD,13,63,1,DEPART,0
C3B93D0B,1176556,1176934.400,1176934400,1001,1934,1935,72,110,FWD,13,63,1,DEPART,0
C3B93D0B,1176557,1176935.399,1176935399,999,1936,1935,72,110,FWD,13,63,1,DEPART,0
C3B93D0B,1176558,1176936.401,1176936401,1002,1945,1935,72,110,FWD,13,63,1,DEPART,0
C3B93D0B,1176559,1176937.400,1176937400,999,1943,1935,72,110,FWD,13,63,1,DEPART,0
C3B93D0B,1176560,1176938.401,1176938401,1001,1939,1935,72,110,FWD,13,63,1,DEPART,0
C3B93D0B,1176561,1176939.757,1176939757,1356,1933,1935,72,110,FWD,45,63,1,DEPART,0
C3B93D0B,1176562,1176940.400,1176940400,643,1932,1935,72,110,FWD,13,63,1,DEPART,0
C3B93D0B,1176563,1176941.772,1176941772,1372,1931,1935,72,110,FWD,45,63,1,DEPART,0
C3B93D0B,1176564,1176942.400,1176942400,628,1930,1935,72,110,FWD,13,63,1,DEPART,0
C3B93D0B,1176565,1176943.399,1176943399,999,1933,1935,72,110,FWD,13,63,1,DEPART,0
C3B93D0B,1176566,1176944.400,1176944400,1001,1935,1935,72,110,FWD,13,63,1,DEPART,0
C3B93D0B,1176567,1176945.399,1176945399,999,1934,1935,72,110,FWD,13,63,1,DEPART,0
C3B93D0B,1176568,1176946.400,1176946400,1001,1934,1935,72,110,FWD,13,63,1,DEPART,0
C3B93D0B,1176569,1176947.399,1176947399,999,1935,1935,72,110,FWD,13,63,1,DEPART,0
C3B93D0B,1176570,1176948.401,1176948401,1002,1933,1935,72,110,FWD,13,63,1,DEPART,0
C3B93D0B,1176571,1176949.399,1176949399,998,1932,1935,72,110,FWD,13,63,1,DEPART,0
C3B93D0B,1176572,1176950.400,1176950400,1001,1935,1935,72,110,FWD,13,63,1,DEPART,0
C3B93D0B,1176573,1176951.399,1176951399,999,1934,1935,72,110,FWD,13,63,1,DEPART,0
C3B93D0B,1176574,1176952.400,1176952400,1001,1934,1935,73,110,FWD,13,63,1,DEPART,0
C3B93D0B,1176575,1176953.399,1176953399,999,1934,1935,73,110,FWD,13,63,1,DEPART,0
C3B93D0B,1176576,1176954.400,1176954400,1001,1933,1935,73,110,FWD,13,63,1,DEPART,0
C3B93D0B,1176577,1176955.399,1176955399,999,1933,1935,73,110,FWD,13,63,1,DEPART,0
C3B93D0B,1176578,1176956.400,1176956400,1001,1933,1935,73,110,FWD,13,63,1,DEPART,0
C3B93D0B,1176579,1176957.399,1176957399,999,1934,1935,73,110,FWD,13,63,1,DEPART,0
C3B93D0B,1176580,1176958.401,1176958401,1002,1934,1935,73,110,FWD,13,63,1,DEPART,0
C3B93D0B,1176581,1176959.400,1176959400,999,1935,1935,73,110,FWD,13,63,1,DEPART,0
C3B93D0B,1176582,1176960.400,1176960400,1000,1933,1935,73,110,FWD,13,63,1,DEPART,0
C3B93D0B,1176583,1176961.399,1176961399,999,1934,1935,73,110,FWD,13,63,1,DEPART,0
C3B93D0B,1176584,1176962.400,1176962400,1001,1934,1935,73,110,FWD,13,63,1,DEPART,0
C3B93D0B,1176585,1176963.399,1176963399,999,1934,1935,73,110,FWD,13,63,1,DEPART,0
C3B93D0B,1176586,1176964.400,1176964400,1001,1933,1935,73,110,FWD,13,63,1,DEPART,0
C3B93D0B,1176587,1176965.399,1176965399,999,1934,1935,73,110,FWD,13,63,1,DEPART,0
C3B93D0B,1176588,1176966.400,1176966400,1001,1935,1935,73,110,FWD,13,63,1,DEPART,0
C3B93D0B,1176589,1176967.399,1176967399,999,1934,1935,73,110,FWD,13,63,1,DEPART,0
C3B93D0B,1176590,1176968.401,1176968401,1002,1933,1935,73,110,FWD,13,63,1,DEPART,0
C3B93D0B,1176591,1176969.399,1176969399,998,1934,1935,73,110,FWD,13,63,1,DEPART,0
C3B93D0B,1176592,1176970.400,1176970400,1001,1935,1935,73,110,FWD,13,63,1,DEPART,0
C3B93D0B,1176593,1176971.399,1176971399,999,1933,1935,73,110,FWD,13,63,1,DEPART,0
C3B93D0B,1176594,1176972.400,1176972400,1001,1933,1935,73,110,FWD,13,63,1,DEPART,0
C3B93D0B,1176595,1176973.399,1176973399,999,1934,1935,73,110,FWD,13,63,1,DEPART,0
C3B93D0B,1176596,1176974.400,1176974400,1001,1936,1935,73,110,FWD,13,63,1,DEPART,0
C3B93D0B,1176597,1176975.399,1176975399,999,1933,1935,73,110,FWD,13,63,1,DEPART,0
C3B93D0B,1176598,1176976.400,1176976400,1001,1934,1935,73,110,FWD,13,63,1,DEPART,0
C3B93D0B,1176599,1176977.399,1176977399,999,1935,1935,73,110,FWD,13,63,1,DEPART,0
C3B93D0B,1176600,1176978.401,1176978401,1002,1934,1935,73,110,FWD,13,63,1,DEPART,0
C3B93D0B,1176601,1176979.785,1176979785,1384,1931,1935,73,110,FWD,45,63,1,DEPART,0
C3B93D0B,1176602,1176980.399,1176980399,614,1933,1935,73,110,FWD,13,63,1,DEPART,0
C3B93D0B,1176603,1176981.400,1176981400,1001,1934,1935,73,110,FWD,13,63,1,DEPART,0
C3B93D0B,1176604,1176982.399,1176982399,999,1934,1935,73,110,FWD,13,63,1,DEPART,0
C3B93D0B,1176605,1176983.400,1176983400,1001,1933,1935,73,110,FWD,13,63,1,DEPART,0
C3B93D0B,1176606,1176984.399,1176984399,999,1935,1935,73,110,FWD,13,63,1,DEPART,0
C3B93D0B,1176607,1176985.400,1176985400,1001,1935,1935,73,110,FWD,13,63,1,DEPART,0
C3B93D0B,1176608,1176986.399,1176986399,999,1935,1935,73,110,FWD,13,63,1,DEPART,0
C3B93D0B,1176609,1176987.400,1176987400,1001,1933,1935,73,110,FWD,13,63,1,DEPART,0
C3B93D0B,1176610,1176988.400,1176988400,1000,1934,1935,73,110,FWD,13,63,1,DEPART,0
C3B93D0B,1176611,1176989.400,1176989400,1000,1934,1935,73,110,FWD,13,63,1,DEPART,0
C3B93D0B,1176612,1176990.399,1176990399,999,1934,1935,73,110,FWD,13,63,1,DEPART,0
C3B93D0B,1176613,1176991.400,1176991400,1001,1933,1935,73,110,FWD,13,63,1,DEPART,0
C3B93D0B,1176614,1176992.399,1176992399,999,1933,1935,73,110,FWD,13,63,1,DEPART,0
C3B93D0B,1176615,1176993.400,1176993400,1001,1934,1935,73,110,FWD,13,63,1,DEPART,0
C3B93D0B,1176616,1176994.399,1176994399,999,1932,1935,73,110,FWD,13,63,1,DEPART,0
C3B93D0B,1176617,1176995.400,1176995400,1001,1933,1935,73,110,FWD,13,63,1,DEPART,0
C3B93D0B,1176618,1176996.399,1176996399,999,1933,1935,73,110,FWD,13,63,1,DEPART,0
C3B93D0B,1176619,1176997.400,1176997400,1001,1933,1935,73,110,FWD,13,63,1,DEPART,0
C3B93D0B,1176620,1176998.444,1176998444,1044,1934,1935,73,110,FWD,13,63,1,DEPART,0
C3B93D0B,1176621,1176999.400,1176999400,956,1931,1935,73,110,FWD,13,63,1,DEPART,0
C3B93D0B,1176622,1177000.445,1177000445,1045,1931,1935,73,110,FWD,13,63,1,DEPART,0
C3B93D0B,1176623,1177001.400,1177001400,955,1933,1935,73,110,FWD,13,63,1,DEPART,0
C3B93D0B,1176624,1177002.399,1177002399,999,1932,1935,73,110,FWD,13,63,1,DEPART,0
C3B93D0B,1176625,1177003.400,1177003400,1001,1935,1935,73,110,FWD,13,63,1,DEPART,0
C3B93D0B,1176626,1177004.399,1177004399,999,1935,1935,73,110,FWD,13,63,1,DEPART,0
C3B93D0B,1176627,1177005.680,1177005680,1281,1933,1935,73,110,FWD,45,63,1,DEPART,0
C3B93D0B,1176628,1177006.399,1177006399,719,1935,1935,73,110,FWD,13,63,1,DEPART,0
C3B93D0B,1176629,1177007.400,1177007400,1001,1934,1935,73,110,FWD,13,63,1,DEPART,0
C3B93D0B,1176630,1177008.400,1177008400,1000,1933,1935,73,110,FWD,13,63,1,DEPART,0
C3B93D0B,1176631,1177009.400,1177009400,1000,1932,1935,73,110,FWD,13,63,1,DEPART,0
C3B93D0B,1176632,1177010.399,1177010399,999,1933,1935,73,110,FWD,13,63,1,DEPART,0
C3B93D0B,1176633,1177011.400,1177011400,1001,1934,1935,73,110,FWD,13,63,1,DEPART,0
C3B93D0B,1176634,1177012.399,1177012399,999,1934,1935,73,110,FWD,13,63,1,DEPART,0
C3B93D0B,1176635,1177013.400,1177013400,1001,1934,1935,73,110,FWD,13,63,1,DEPART,0
C3B93D0B,1176636,1177014.399,1177014399,999,1931,1935,73,110,FWD,13,63,1,DEPART,0
C3B93D0B,1176637,1177015.400,1177015400,1001,1933,1935,74,110,FWD,13,63,1,DEPART,0
C3B93D0B,1176638,1177016.399,1177016399,999,1933,1935,74,110,FWD,13,63,1,DEPART,0
C3B93D0B,1176639,1177017.400,1177017400,1001,1935,1935,74,110,FWD,13,63,1,DEPART,0
C3B93D0B,1176640,1177018.400,1177018400,1000,1933,1935,74,110,FWD,13,63,1,DEPART,0
C3B93D0B,1176641,1177019.400,1177019400,1000,1933,1935,74,110,FWD,13,63,1,DEPART,0
C3B93D0B,1176642,1177020.399,1177020399,999,1934,1935,74,110,FWD,13,63,1,DEPART,0
C3B93D0B,1176643,1177021.400,1177021400,1001,1932,1935,74,110,FWD,13,63,1,DEPART,0
C3B93D0B,1176644,1177022.399,1177022399,999,1935,1935,74,110,FWD,13,63,1,DEPART,0
C3B93D0B,1176645,1177023.400,1177023400,1001,1934,1935,74,110,FWD,13,63,1,DEPART,0
C3B93D0B,1176646,1177024.399,1177024399,999,1935,1935,74,110,FWD,13,63,1,DEPART,0
C3B93D0B,1176647,1177025.400,1177025400,1001,1933,1935,74,110,FWD,13,63,1,DEPART,0
C3B93D0B,1176648,1177026.399,1177026399,999,1934,1935,74,110,FWD,13,63,1,DEPART,0
C3B93D0B,1176649,1177027.400,1177027400,1001,1933,1935,74,110,FWD,13,63,1,DEPART,0
C3B93D0B,1176650,1177028.400,1177028400,1000,1934,1935,74,110,FWD,13,63,1,DEPART,0
C3B93D0B,1176651,1177029.400,1177029400,1000,1933,1935,74,110,FWD,13,63,1,DEPART,0
C3B93D0B,1176652,1177030.399,1177030399,999,1935,1935,74,110,FWD,13,63,1,DEPART,0
C3B93D0B,1176653,1177031.400,1177031400,1001,1934,1935,74,110,FWD,13,63,1,DEPART,0
C3B93D0B,1176654,1177032.399,1177032399,999,1935,1935,74,110,FWD,13,63,1,DEPART,0
C3B93D0B,1176655,1177033.400,1177033400,1001,1934,1935,74,110,FWD,13,63,1,DEPART,0
C3B93D0B,1176656,1177034.399,1177034399,999,1934,1935,74,110,FWD,13,63,1,DEPART,0
C3B93D0B,1176657,1177035.400,1177035400,1001,1934,1935,74,110,FWD,13,63,1,DEPART,0
C3B93D0B,1176658,1177036.399,1177036399,999,1933,1935,74,110,FWD,13,63,1,DEPART,0
C3B93D0B,1176659,1177037.400,1177037400,1001,1935,1935,74,110,FWD,13,63,1,DEPART,0
C3B93D0B,1176660,1177038.400,1177038400,1000,1935,1935,74,110,FWD,13,63,1,DEPART,0
C3B93D0B,1176661,1177039.400,1177039400,1000,1931,1935,74,110,FWD,13,63,1,DEPART,0
C3B93D0B,1176662,1177040.410,1177040410,1010,1934,1935,74,110,FWD,13,63,1,DEPART,0
C3B93D0B,1176663,1177041.403,1177041403,993,1933,1935,74,110,FWD,13,63,1,DEPART,0
C3B93D0B,1176664,1177042.399,1177042399,996,1936,1935,74,110,FWD,13,63,1,DEPART,0
C3B93D0B,1176665,1177043.400,1177043400,1001,1935,1935,74,110,FWD,13,63,1,DEPART,0
C3B93D0B,1176666,1177044.399,1177044399,999,1935,1935,74,110,FWD,13,63,1,DEPART,0
C3B93D0B,1176667,1177045.400,1177045400,1001,1935,1935,74,110,FWD,13,63,1,DEPART,0
C3B93D0B,1176668,1177046.399,1177046399,999,1934,1935,74,110,FWD,13,63,1,DEPART,0
C3B93D0B,1176669,1177047.400,1177047400,1001,1935,1935,74,110,FWD,13,63,1,DEPART,0
C3B93D0B,1176670,1177048.399,1177048399,999,1935,1935,74,110,FWD,13,63,1,DEPART,0
C3B93D0B,1176671,1177049.441,1177049441,1042,1932,1935,74,110,FWD,13,63,1,DEPART,0
C3B93D0B,1176672,1177050.400,1177050400,959,1932,1935,74,110,FWD,13,63,1,DEPART,0
C3B93D0B,1176673,1177052.198,1177052198,1798,1935,1935,74,110,FWD,45,63,1,DEPART,0
C3B93D0B,1176674,1177052.491,1177052491,293,1935,1935,74,110,FWD,13,63,1,DEPART,0
C3B93D0B,1176675,1177053.400,1177053400,909,1934,1935,74,110,FWD,13,63,1,DEPART,0
C3B93D0B,1176676,1177054.399,1177054399,999,1934,1935,74,110,FWD,13,63,1,DEPART,0
C3B93D0B,1176677,1177055.400,1177055400,1001,1935,1935,74,110,FWD,13,63,1,DEPART,0
C3B93D0B,1176678,1177056.399,1177056399,999,1935,1935,74,110,FWD,13,63,1,DEPART,0
C3B93D0B,1176679,1177057.400,1177057400,1001,1933,1935,74,110,FWD,13,63,1,DEPART,0
C3B93D0B,1176680,1177058.399,1177058399,999,1934,1935,74,110,FWD,13,63,1,DEPART,0
C3B93D0B,1176681,1177059.400,1177059400,1001,1935,1935,74,110,FWD,13,63,1,DEPART,0
C3B93D0B,1176682,1177060.400,1177060400,1000,1934,1935,74,110,FWD,13,63,1,DEPART,0
C3B93D0B,1176683,1177061.400,1177061400,1000,1934,1935,74,110,FWD,13,63,1,DEPART,0
C3B93D0B,1176684,1177062.399,1177062399,999,1934,1935,74,110,FWD,13,63,1,DEPART,0
C3B93D0B,1176685,1177063.400,1177063400,1001,1931,1935,74,110,FWD,13,63,1,DEPART,0
C3B93D0B,1176686,1177064.399,1177064399,999,1936,1935,74,110,FWD,13,63,1,DEPART,0
C3B93D0B,1176687,1177065.400,1177065400,1001,1934,1935,74,110,FWD,13,63,1,DEPART,0
C3B93D0B,1176688,1177066.399,1177066399,999,1933,1935,74,110,FWD,13,63,1,DEPART,0
C3B93D0B,1176689,1177067.400,1177067400,1001,1933,1935,74,110,FWD,13,63,1,DEPART,0
C3B93D0B,1176690,1177068.399,1177068399,999,1933,1935,74,110,FWD,13,63,1,DEPART,0
C3B93D0B,1176691,1177069.400,1177069400,1001,1933,1935,74,110,FWD,13,63,1,DEPART,0
C3B93D0B,1176692,1177070.400,1177070400,1000,1936,1935,74,110,FWD,13,63,1,DEPART,0
C3B93D0B,1176693,1177071.400,1177071400,1000,1931,1935,74,110,FWD,13,63,1,DEPART,0
C3B93D0B,1176694,1177072.399,1177072399,999,1934,1935,74,110,FWD,13,63,1,DEPART,0
C3B93D0B,1176695,1177073.400,1177073400,1001,1934,1935,74,110,FWD,13,63,1,DEPART,0
C3B93D0B,1176696,1177074.399,1177074399,999,1933,1935,74,110,FWD,13,63,1,DEPART,0
C3B93D0B,1176697,1177075.400,1177075400,1001,1933,1935,74,110,FWD,13,63,1,DEPART,0
C3B93D0B,1176698,1177076.399,1177076399,999,1936,1935,74,110,FWD,13,63,1,DEPART,0
C3B93D0B,1176699,1177077.400,1177077400,1001,1936,1935,75,110,FWD,13,63,1,DEPART,0
C3B93D0B,1176700,1177078.399,1177078399,999,1936,1935,75,110,FWD,13,63,1,DEPART,0
C3B93D0B,1176701,1177079.400,1177079400,1001,1935,1935,75,110,FWD,13,63,1,DEPART,0
C3B93D0B,1176702,1177080.400,1177080400,1000,1934,1935,75,110,FWD,13,63,1,DEPART,0
C3B93D0B,1176703,1177081.749,1177081749,1349,1930,1935,75,110,FWD,45,63,1,DEPART,0
C3B93D0B,1176704,1177082.401,1177082401,652,1935,1935,75,110,FWD,13,63,1,DEPART,0
C3B93D0B,1176705,1177083.403,1177083403,1002,1931,1935,75,110,FWD,13,63,1,DEPART,0
C3B93D0B,1176706,1177084.399,1177084399,996,1935,1935,75,110,FWD,13,63,1,DEPART,0
C3B93D0B,1176707,1177085.400,1177085400,1001,1935,1935,75,110,FWD,13,63,1,DEPART,0
C3B93D0B,1176708,1177086.399,1177086399,999,1934,1935,75,110,FWD,13,63,1,DEPART,0
C3B93D0B,1176709,1177087.400,1177087400,1001,1933,1935,75,110,FWD,13,63,1,DEPART,0
C3B93D0B,1176710,1177088.399,1177088399,999,1934,1935,75,110,FWD,13,63,1,DEPART,0
C3B93D0B,1176711,1177089.400,1177089400,1001,1934,1935,75,110,FWD,13,63,1,DEPART,0
C3B93D0B,1176712,1177090.400,1177090400,1000,1934,1935,75,110,FWD,13,63,1,DEPART,0
C3B93D0B,1176713,1177091.400,1177091400,1000,1933,1935,75,110,FWD,13,63,1,DEPART,0
C3B93D0B,1176714,1177092.399,1177092399,999,1935,1935,75,110,FWD,13,63,1,DEPART,0
C3B93D0B,1176715,1177093.400,1177093400,1001,1935,1935,75,110,FWD,13,63,1,DEPART,0
C3B93D0B,1176716,1177094.399,1177094399,999,1935,1935,75,110,FWD,13,63,1,DEPART,0
C3B93D0B,1176717,1177095.520,1177095520,1121,1936,1935,75,110,FWD,13,63,1,DEPART,0
C3B93D0B,1176718,1177096.399,1177096399,879,1935,1935,75,110,FWD,13,63,1,DEPART,0
C3B93D0B,1176719,1177097.400,1177097400,1001,1935,1935,75,110,FWD,13,63,1,DEPART,0
C3B93D0B,1176720,1177098.399,1177098399,999,1935,1935,75,110,FWD,13,63,1,DEPART,0
C3B93D0B,1176721,1177099.400,1177099400,1001,1933,1935,75,110,FWD,13,63,1,DEPART,0
C3B93D0B,1176722,1177100.787,1177100787,1387,1933,1935,75,110,FWD,45,63,1,DEPART,0
C3B93D0B,1176723,1177101.400,1177101400,613,1933,1935,75,110,FWD,13,63,1,DEPART,0
C3B93D0B,1176724,1177102.399,1177102399,999,1935,1935,75,110,FWD,13,63,1,DEPART,0
C3B93D0B,1176725,1177103.400,1177103400,1001,1936,1935,75,110,FWD,13,63,1,DEPART,0
C3B93D0B,1176726,1177104.470,1177104470,1070,1934,1935,75,110,FWD,13,63,1,DEPART,0
C3B93D0B,1176727,1177105.400,1177105400,930,1935,1935,75,110,FWD,13,63,1,DEPART,0
C3B93D0B,1176728,1177106.399,1177106399,999,1934,1935,75,110,FWD,13,63,1,DEPART,0
C3B93D0B,1176729,1177107.400,1177107400,1001,1933,1935,75,110,FWD,13,63,1,DEPART,0
C3B93D0B,1176730,1177108.403,1177108403,1003,1933,1935,75,110,FWD,13,63,1,DEPART,0
C3B93D0B,1176731,1177109.400,1177109400,997,1934,1935,75,110,FWD,13,63,1,DEPART,0
C3B93D0B,1176732,1177110.400,1177110400,1000,1930,1935,75,110,FWD,13,63,1,DEPART,0
C3B93D0B,1176733,1177111.400,1177111400,1000,1933,1935,75,110,FWD,13,63,1,DEPART,0
C3B93D0B,1176734,1177112.399,1177112399,999,1934,1935,75,110,FWD,13,63,1,DEPART,0
C3B93D0B,1176735,1177113.400,1177113400,1001,1933,1935,75,110,FWD,13,63,1,DEPART,0
C3B93D0B,1176736,1177114.399,1177114399,999,1933,1935,75,110,FWD,13,63,1,DEPART,0
C3B93D0B,1176737,1177115.400,1177115400,1001,1932,1935,75,110,FWD,13,63,1,DEPART,0
C3B93D0B,1176738,1177116.399,1177116399,999,1933,1935,75,110,FWD,13,63,1,DEPART,0
C3B93D0B,1176739,1177117.400,1177117400,1001,1936,1935,75,110,FWD,13,63,1,DEPART,0
C3B93D0B,1176740,1177118.399,1177118399,999,1934,1935,75,110,FWD,13,63,1,DEPART,0
C3B93D0B,1176741,1177119.400,1177119400,1001,1933,1935,75,110,FWD,13,63,1,DEPART,0
C3B93D0B,1176742,1177120.400,1177120400,1000,1933,1935,75,110,FWD,13,63,1,DEPART,0
C3B93D0B,1176743,1177121.400,1177121400,1000,1933,1935,75,110,FWD,13,63,1,DEPART,0
C3B93D0B,1176744,1177122.399,1177122399,999,1934,1935,75,110,FWD,13,63,1,DEPART,0
C3B93D0B,1176745,1177123.400,1177123400,1001,1935,1935,75,110,FWD,13,63,1,DEPART,0
C3B93D0B,1176746,1177124.399,1177124399,999,1935,1935,75,110,FWD,13,63,1,DEPART,0
C3B93D0B,1176747,1177125.400,1177125400,1001,1935,1935,75,110,FWD,13,63,1,DEPART,0
C3B93D0B,1176748,1177126.399,1177126399,999,1933,1935,75,110,FWD,13,63,1,DEPART,0
C3B93D0B,1176749,1177127.400,1177127400,1001,1933,1935,75,110,FWD,13,63,1,DEPART,0
C3B93D0B,1176750,1177128.399,1177128399,999,1933,1935,75,110,FWD,13,63,1,DEPART,0
C3B93D0B,1176751,1177129.400,1177129400,1001,1933,1935,75,110,FWD,13,63,1,DEPART,0
C3B93D0B,1176752,1177130.400,1177130400,1000,1935,1935,75,110,FWD,13,63,1,DEPART,0
C3B93D0B,1176753,1177131.402,1177131402,1002,1932,1935,75,110,FWD,13,63,1,DEPART,0
C3B93D0B,1176754,1177132.402,1177132402,1000,1934,1935,75,110,FWD,13,63,1,DEPART,0
C3B93D0B,1176755,1177133.400,1177133400,998,1934,1935,75,110,FWD,13,63,1,DEPART,0
C3B93D0B,1176756,1177134.547,1177134547,1147,1933,1935,75,110,FWD,13,63,1,DEPART,0
C3B93D0B,1176757,1177135.400,1177135400,853,1933,1935,75,110,FWD,13,63,1,DEPART,0
C3B93D0B,1176758,1177136.399,1177136399,999,1931,1935,75,110,FWD,13,63,1,DEPART,0
C3B93D0B,1176759,1177137.400,1177137400,1001,1933,1935,75,110,FWD,13,63,1,DEPART,0
C3B93D0B,1176760,1177138.399,1177138399,999,1934,1935,75,110,FWD,13,63,1,DEPART,0
C3B93D0B,1176761,1177139.400,1177139400,1001,1932,1935,76,110,FWD,13,63,1,DEPART,0
C3B93D0B,1176762,1177140.399,1177140399,999,1933,1935,76,110,FWD,13,63,1,DEPART,0
C3B93D0B,1176763,1177141.401,1177141401,1002,1935,1935,76,110,FWD,13,63,1,DEPART,0
C3B93D0B,1176764,1177142.400,1177142400,999,1935,1935,76,110,FWD,13,63,1,DEPART,0
C3B93D0B,1176765,1177143.400,1177143400,1000,1933,1935,76,110,FWD,13,63,1,DEPART,0
C3B93D0B,1176766,1177144.399,1177144399,999,1933,1935,76,110,FWD,13,63,1,DEPART,0
C3B93D0B,1176767,1177145.400,1177145400,1001,1932,1935,76,110,FWD,13,63,1,DEPART,0
C3B93D0B,1176768,1177146.399,1177146399,999,1933,1935,76,110,FWD,13,63,1,DEPART,0
C3B93D0B,1176769,1177147.400,1177147400,1001,1936,1935,76,110,FWD,13,63,1,DEPART,0
C3B93D0B,1176770,1177148.399,1177148399,999,1934,1935,76,110,FWD,13,63,1,DEPART,0
C3B93D0B,1176771,1177149.400,1177149400,1001,1933,1935,76,110,FWD,13,63,1,DEPART,0
C3B93D0B,1176772,1177150.399,1177150399,999,1934,1935,76,110,FWD,13,63,1,DEPART,0
C3B93D0B,1176773,1177151.401,1177151401,1002,1932,1935,76,110,FWD,13,63,1,DEPART,0
C3B93D0B,1176774,1177152.399,1177152399,998,1933,1935,76,110,FWD,13,63,1,DEPART,0
C3B93D0B,1176775,1177153.400,1177153400,1001,1933,1935,76,110,FWD,13,63,1,DEPART,0
C3B93D0B,1176776,1177154.399,1177154399,999,1934,1935,76,110,FWD,13,63,1,DEPART,0
C3B93D0B,1176777,1177155.400,1177155400,1001,1934,1935,76,110,FWD,13,63,1,DEPART,0
C3B93D0B,1176778,1177156.399,1177156399,999,1933,1935,76,110,FWD,13,63,1,DEPART,0
C3B93D0B,1176779,1177157.400,1177157400,1001,1933,1935,76,110,FWD,13,63,1,DEPART,0
C3B93D0B,1176780,1177158.399,1177158399,999,1934,1935,76,110,FWD,13,63,1,DEPART,0
C3B93D0B,1176781,1177159.400,1177159400,1001,1935,1935,76,110,FWD,13,63,1,DEPART,0
C3B93D0B,1176782,1177160.399,1177160399,999,1934,1935,76,110,FWD,13,63,1,DEPART,0
C3B93D0B,1176783,1177161.401,1177161401,1002,1934,1935,76,110,FWD,13,63,1,DEPART,0
C3B93D0B,1176784,1177162.400,1177162400,999,1933,1935,76,110,FWD,13,63,1,DEPART,0
C3B93D0B,1176785,1177163.400,1177163400,1000,1934,1935,76,110,FWD,13,63,1,DEPART,0
C3B93D0B,1176786,1177164.399,1177164399,999,1934,1935,76,110,FWD,13,63,1,DEPART,0
C3B93D0B,1176787,1177165.400,1177165400,1001,1934,1935,76,110,FWD,13,63,1,DEPART,0
C3B93D0B,1176788,1177166.399,1177166399,999,1934,1935,76,110,FWD,13,63,1,DEPART,0
C3B93D0B,1176789,1177167.400,1177167400,1001,1934,1935,76,110,FWD,13,63,1,DEPART,0
C3B93D0B,1176790,1177168.399,1177168399,999,1935,1935,76,110,FWD,13,63,1,DEPART,0
C3B93D0B,1176791,1177169.400,1177169400,1001,1934,1935,76,110,FWD,13,63,1,DEPART,0
C3B93D0B,1176792,1177170.399,1177170399,999,1934,1935,76,110,FWD,13,63,1,DEPART,0
C3B93D0B,1176793,1177171.401,1177171401,1002,1933,1935,76,110,FWD,13,63,1,DEPART,0
C3B93D0B,1176794,1177172.399,1177172399,998,1935,1935,76,110,FWD,13,63,1,DEPART,0
C3B93D0B,1176795,1177173.400,1177173400,1001,1931,1935,76,110,FWD,13,63,1,DEPART,0
C3B93D0B,1176796,1177174.399,1177174399,999,1935,1935,76,110,FWD,13,63,1,DEPART,0
C3B93D0B,1176797,1177175.400,1177175400,1001,1934,1935,76,110,FWD,13,63,1,DEPART,0
C3B93D0B,1176798,1177176.399,1177176399,999,1933,1935,76,110,FWD,13,63,1,DEPART,0
C3B93D0B,1176799,1177177.400,1177177400,1001,1935,1935,76,110,FWD,13,63,1,DEPART,0
C3B93D0B,1176800,1177178.399,1177178399,999,1934,1935,76,110,FWD,13,63,1,DEPART,0
C3B93D0B,1176801,1177179.400,1177179400,1001,1934,1935,76,110,FWD,13,63,1,DEPART,0
C3B93D0B,1176802,1177180.399,1177180399,999,1934,1935,76,110,FWD,13,63,1,DEPART,0
C3B93D0B,1176803,1177181.401,1177181401,1002,1933,1935,76,110,FWD,13,63,1,DEPART,0
C3B93D0B,1176804,1177182.744,1177182744,1343,1932,1935,76,110,FWD,45,63,1,DEPART,0
C3B93D0B,1176805,1177183.402,1177183402,658,1936,1935,76,110,FWD,13,63,1,DEPART,0
C3B93D0B,1176806,1177184.400,1177184400,998,1934,1935,76,110,FWD,13,63,1,DEPART,0
C3B93D0B,1176807,1177185.399,1177185399,999,1936,1935,76,110,FWD,13,63,1,DEPART,0
C3B93D0B,1176808,1177186.400,1177186400,1001,1935,1935,76,110,FWD,13,63,1,DEPART,0
C3B93D0B,1176809,1177187.399,1177187399,999,1934,1935,76,110,FWD,13,63,1,DEPART,0
C3B93D0B,1176810,1177188.400,1177188400,1001,1935,1935,76,110,FWD,13,63,1,DEPART,0
C3B93D0B,1176811,1177189.399,1177189399,999,1935,1935,76,110,FWD,13,63,1,DEPART,0
C3B93D0B,1176812,1177190.400,1177190400,1001,1935,1935,76,110,FWD,13,63,1,DEPART,0
C3B93D0B,1176813,1177191.400,1177191400,1000,1936,1935,76,110,FWD,13,63,1,DEPART,0
C3B93D0B,1176814,1177192.400,1177192400,1000,1934,1935,76,110,FWD,13,63,1,DEPART,0
C3B93D0B,1176815,1177193.399,1177193399,999,1936,1935,76,110,FWD,13,63,1,DEPART,0
C3B93D0B,1176816,1177194.400,1177194400,1001,1935,1935,76,110,FWD,13,63,1,DEPART,0
C3B93D0B,1176817,1177195.399,1177195399,999,1936,1935,76,110,FWD,13,63,1,DEPART,0
C3B93D0B,1176818,1177196.400,1177196400,1001,1936,1935,76,110,FWD,13,63,1,DEPART,0
C3B93D0B,1176819,1177197.643,1177197643,1243,1935,1935,76,110,FWD,13,63,1,DEPART,0
C3B93D0B,1176820,1177198.400,1177198400,757,1934,1935,76,110,FWD,13,63,1,DEPART,0
C3B93D0B,1176821,1177199.399,1177199399,999,1935,1935,76,110,FWD,13,63,1,DEPART,0
C3B93D0B,1176822,1177200.400,1177200400,1001,1934,1935,76,110,FWD,13,63,1,DEPART,0
C3B93D0B,1176823,1177201.400,1177201400,1000,1935,1935,76,110,FWD,13,63,1,DEPART,0
C3B93D0B,1176824,1177202.400,1177202400,1000,1936,1935,77,110,FWD,13,63,1,DEPART,0
C3B93D0B,1176825,1177203.403,1177203403,1003,1935,1935,77,110,FWD,13,63,1,DEPART,0
C3B93D0B,1176826,1177204.651,1177204651,1248,1931,1935,77,110,FWD,13,63,1,DEPART,0
C3B93D0B,1176827,1177205.399,1177205399,748,1935,1935,77,110,FWD,13,63,1,DEPART,0
C3B93D0B,1176828,1177206.400,1177206400,1001,1933,1935,77,110,FWD,13,63,1,DEPART,0
C3B93D0B,1176829,1177207.399,1177207399,999,1935,1935,77,110,FWD,13,63,1,DEPART,0
C3B93D0B,1176830,1177208.400,1177208400,1001,1933,1935,77,110,FWD,13,63,1,DEPART,0
C3B93D0B,1176831,1177209.399,1177209399,999,1935,1935,77,110,FWD,13,63,1,DEPART,0
C3B93D0B,1176832,1177210.400,1177210400,1001,1933,1935,77,110,FWD,13,63,1,DEPART,0
C3B93D0B,1176833,1177211.400,1177211400,1000,1933,1935,77,110,FWD,13,63,1,DEPART,0
C3B93D0B,1176834,1177212.400,1177212400,1000,1935,1935,77,110,FWD,13,63,1,DEPART,0
C3B93D0B,1176835,1177213.399,1177213399,999,1933,1935,77,110,FWD,13,63,1,DEPART,0
C3B93D0B,1176836,1177214.400,1177214400,1001,1933,1935,77,110,FWD,13,63,1,DEPART,0
C3B93D0B,1176837,1177215.399,1177215399,999,1934,1935,77,110,FWD,13,63,1,DEPART,0
C3B93D0B,1176838,1177216.400,1177216400,1001,1933,1935,77,110,FWD,13,63,1,DEPART,0
C3B93D0B,1176839,1177217.399,1177217399,999,1933,1935,77,110,FWD,13,63,1,DEPART,0
C3B93D0B,1176840,1177218.400,1177218400,1001,1932,1935,77,110,FWD,13,63,1,DEPART,0
C3B93D0B,1176841,1177219.399,1177219399,999,1934,1935,77,110,FWD,13,63,1,DEPART,0
C3B93D0B,1176842,1177220.400,1177220400,1001,1934,1935,77,110,FWD,13,63,1,DEPART,0
C3B93D0B,1176843,1177221.400,1177221400,1000,1934,1935,77,110,FWD,13,63,1,DEPART,0
C3B93D0B,1176844,1177222.400,1177222400,1000,1933,1935,77,110,FWD,13,63,1,DEPART,0
C3B93D0B,1176845,1177223.399,1177223399,999,1934,1935,77,110,FWD,13,63,1,DEPART,0
C3B93D0B,1176846,1177224.400,1177224400,1001,1934,1935,77,110,FWD,13,63,1,DEPART,0
C3B93D0B,1176847,1177225.399,1177225399,999,1935,1935,77,110,FWD,13,63,1,DEPART,0
C3B93D0B,1176848,1177226.400,1177226400,1001,1934,1935,77,110,FWD,13,63,1,DEPART,0
C3B93D0B,1176849,1177227.399,1177227399,999,1935,1935,77,110,FWD,13,63,1,DEPART,0
C3B93D0B,1176850,1177228.400,1177228400,1001,1931,1935,77,110,FWD,13,63,1,DEPART,0
C3B93D0B,1176851,1177229.399,1177229399,999,1935,1935,77,110,FWD,13,63,1,DEPART,0
C3B93D0B,1176852,1177230.400,1177230400,1001,1932,1935,77,110,FWD,13,63,1,DEPART,0
C3B93D0B,1176853,1177231.400,1177231400,1000,1935,1935,77,110,FWD,13,63,1,DEPART,0
C3B93D0B,1176854,1177232.401,1177232401,1001,1933,1935,77,110,FWD,13,63,1,DEPART,0
C3B93D0B,1176855,1177233.402,1177233402,1001,1932,1935,77,110,FWD,13,63,1,DEPART,0
C3B93D0B,1176856,1177234.400,1177234400,998,1935,1935,77,110,FWD,13,63,1,DEPART,0
C3B93D0B,1176857,1177235.540,1177235540,1140,1933,1935,77,110,FWD,13,63,1,DEPART,0
C3B93D0B,1176858,1177236.400,1177236400,860,1933,1935,77,110,FWD,13,63,1,DEPART,0
C3B93D0B,1176859,1177237.399,1177237399,999,1934,1935,77,110,FWD,13,63,1,DEPART,0
C3B93D0B,1176860,1177238.400,1177238400,1001,1934,1935,77,110,FWD,13,63,1,DEPART,0
C3B93D0B,1176861,1177239.399,1177239399,999,1935,1935,77,110,FWD,13,63,1,DEPART,0
C3B93D0B,1176862,1177240.400,1177240400,1001,1935,1935,77,110,FWD,13,63,1,DEPART,0
C3B93D0B,1176863,1177241.399,1177241399,999,1935,1935,77,110,FWD,13,63,1,DEPART,0
C3B93D0B,1176864,1177242.401,1177242401,1002,1935,1935,77,110,FWD,13,63,1,DEPART,0
C3B93D0B,1176865,1177243.399,1177243399,998,1935,1935,77,110,FWD,13,63,1,DEPART,0
C3B93D0B,1176866,1177244.400,1177244400,1001,1934,1935,77,110,FWD,13,63,1,DEPART,0
C3B93D0B,1176867,1177245.399,1177245399,999,1935,1935,77,110,FWD,13,63,1,DEPART,0
C3B93D0B,1176868,1177246.400,1177246400,1001,1935,1935,77,110,FWD,13,63,1,DEPART,0
C3B93D0B,1176869,1177247.399,1177247399,999,1935,1935,77,110,FWD,13,63,1,DEPART,0
C3B93D0B,1176870,1177248.400,1177248400,1001,1933,1935,77,110,FWD,13,63,1,DEPART,0
C3B93D0B,1176871,1177249.399,1177249399,999,1933,1935,77,110,FWD,13,63,1,DEPART,0
C3B93D0B,1176872,1177250.400,1177250400,1001,1934,1935,77,110,FWD,13,63,1,DEPART,0
C3B93D0B,1176873,1177251.399,1177251399,999,1934,1935,77,110,FWD,13,63,1,DEPART,0
C3B93D0B,1176874,1177252.401,1177252401,1002,1933,1935,77,110,FWD,13,63,1,DEPART,0
C3B93D0B,1176875,1177253.399,1177253399,998,1935,1935,77,110,FWD,13,63,1,DEPART,0
C3B93D0B,1176876,1177254.400,1177254400,1001,1934,1935,77,110,FWD,13,63,1,DEPART,0
C3B93D0B,1176877,1177255.399,1177255399,999,1935,1935,77,110,FWD,13,63,1,DEPART,0
C3B93D0B,1176878,1177256.400,1177256400,1001,1933,1935,77,110,FWD,13,63,1,DEPART,0
C3B93D0B,1176879,1177257.399,1177257399,999,1932,1935,77,110,FWD,13,63,1,DEPART,0
C3B93D0B,1176880,1177258.400,1177258400,1001,1933,1935,77,110,FWD,13,63,1,DEPART,0
C3B93D0B,1176881,1177259.399,1177259399,999,1935,1935,77,110,FWD,13,63,1,DEPART,0
C3B93D0B,1176882,1177260.400,1177260400,1001,1932,1935,77,110,FWD,13,63,1,DEPART,0
C3B93D0B,1176883,1177261.399,1177261399,999,1934,1935,77,110,FWD,13,63,1,DEPART,0
C3B93D0B,1176884,1177262.401,1177262401,1002,1933,1935,77,110,FWD,13,63,1,DEPART,0
C3B93D0B,1176885,1177263.399,1177263399,998,1933,1935,77,110,FWD,13,63,1,DEPART,0
C3B93D0B,1176886,1177264.400,1177264400,1001,1934,1935,78,110,FWD,13,63,1,DEPART,0
C3B93D0B,1176887,1177265.399,1177265399,999,1934,1935,78,110,FWD,13,63,1,DEPART,0
C3B93D0B,1176888,1177266.400,1177266400,1001,1936,1935,78,110,FWD,13,63,1,DEPART,0
C3B93D0B,1176889,1177267.399,1177267399,999,1933,1935,78,110,FWD,13,63,1,DEPART,0
C3B93D0B,1176890,1177268.400,1177268400,1001,1934,1935,78,110,FWD,13,63,1,DEPART,0
C3B93D0B,1176891,1177269.399,1177269399,999,1934,1935,78,110,FWD,13,63,1,DEPART,0
C3B93D0B,1176892,1177270.400,1177270400,1001,1936,1935,78,110,FWD,13,63,1,DEPART,0
C3B93D0B,1176893,1177271.399,1177271399,999,1934,1935,78,110,FWD,13,63,1,DEPART,0
C3B93D0B,1176894,1177272.401,1177272401,1002,1935,1935,78,110,FWD,13,63,1,DEPART,0
C3B93D0B,1176895,1177273.399,1177273399,998,1936,1935,78,110,FWD,13,63,1,DEPART,0
C3B93D0B,1176896,1177274.400,1177274400,1001,1933,1935,78,110,FWD,13,63,1,DEPART,0
C3B93D0B,1176897,1177275.400,1177275400,1000,1935,1935,78,110,FWD,13,63,1,DEPART,0
C3B93D0B,1176898,1177276.400,1177276400,1000,1934,1935,78,110,FWD,13,63,1,DEPART,0
C3B93D0B,1176899,1177277.399,1177277399,999,1932,1935,78,110,FWD,13,63,1,DEPART,0
C3B93D0B,1176900,1177278.400,1177278400,1001,1935,1935,78,110,FWD,13,63,1,DEPART,0
C3B93D0B,1176901,1177279.399,1177279399,999,1935,1935,78,110,FWD,13,63,1,DEPART,0
C3B93D0B,1176902,1177280.400,1177280400,1001,1932,1935,78,110,FWD,13,63,1,DEPART,0
C3B93D0B,1176903,1177281.399,1177281399,999,1933,1935,78,110,FWD,13,63,1,DEPART,0
C3B93D0B,1176904,1177282.401,1177282401,1002,1935,1935,78,110,FWD,13,63,1,DEPART,0
C3B93D0B,1176905,1177283.836,1177283836,1435,1928,1935,78,110,FWD,45,63,1,DEPART,0
C3B93D0B,1176906,1177284.434,1177284434,598,1934,1935,78,110,FWD,13,63,1,DEPART,0
C3B93D0B,1176907,1177285.402,1177285402,968,1933,1935,78,110,FWD,13,63,1,DEPART,0
C3B93D0B,1176908,1177287.431,1177287431,2029,1935,1935,78,110,FWD,45,63,1,DEPART,0
C3B93D0B,1176909,1177287.776,1177287776,345,1933,1935,78,110,FWD,13,63,1,DEPART,0
C3B93D0B,1176910,1177288.400,1177288400,624,1935,1935,78,110,FWD,13,63,1,DEPART,0
C3B93D0B,1176911,1177290.256,1177290256,1856,1935,1935,78,110,FWD,45,63,1,DEPART,0
C3B93D0B,1176912,1177290.584,1177290584,328,1934,1935,78,110,FWD,13,63,1,DEPART,0
C3B93D0B,1176913,1177291.399,1177291399,815,1934,1935,78,110,FWD,13,63,1,DEPART,0
C3B93D0B,1176914,1177292.400,1177292400,1001,1933,1935,78,110,FWD,13,63,1,DEPART,0
C3B93D0B,1176915,1177293.399,1177293399,999,1933,1935,78,110,FWD,13,63,1,DEPART,0
C3B93D0B,1176916,1177294.400,1177294400,1001,1934,1935,78,110,FWD,13,63,1,DEPART,0
C3B93D0B,1176917,1177295.399,1177295399,999,1935,1935,78,110,FWD,13,63,1,DEPART,0
C3B93D0B,1176918,1177296.400,1177296400,1001,1934,1935,78,110,FWD,13,63,1,DEPART,0
C3B93D0B,1176919,1177297.399,1177297399,999,1936,1935,78,110,FWD,13,63,1,DEPART,0
C3B93D0B,1176920,1177298.401,1177298401,1002,1934,1935,78,110,FWD,13,63,1,DEPART,0
C3B93D0B,1176921,1177299.550,1177299550,1149,1935,1935,78,110,FWD,13,63,1,DEPART,0
C3B93D0B,1176922,1177300.400,1177300400,850,1934,1935,78,110,FWD,13,63,1,DEPART,0
C3B93D0B,1176923,1177301.399,1177301399,999,1934,1935,78,110,FWD,13,63,1,DEPART,0
C3B93D0B,1176924,1177302.400,1177302400,1001,1933,1935,78,110,FWD,13,63,1,DEPART,0
C3B93D0B,1176925,1177303.399,1177303399,999,1934,1935,78,110,FWD,13,63,1,DEPART,0
C3B93D0B,1176926,1177304.400,1177304400,1001,1935,1935,78,110,FWD,13,63,1,DEPART,0
C3B93D0B,1176927,1177305.403,1177305403,1003,1933,1935,78,110,FWD,13,63,1,DEPART,0
C3B93D0B,1176928,1177306.400,1177306400,997,1933,1935,78,110,FWD,13,63,1,DEPART,0
C3B93D0B,1176929,1177307.399,1177307399,999,1935,1935,78,110,FWD,13,63,1,DEPART,0
C3B93D0B,1176930,1177308.401,1177308401,1002,1933,1935,78,110,FWD,13,63,1,DEPART,0
C3B93D0B,1176931,1177309.399,1177309399,998,1934,1935,78,110,FWD,13,63,1,DEPART,0
C3B93D0B,1176932,1177310.400,1177310400,1001,1935,1935,78,110,FWD,13,63,1,DEPART,0
C3B93D0B,1176933,1177311.399,1177311399,999,1935,1935,78,110,FWD,13,63,1,DEPART,0
C3B93D0B,1176934,1177312.400,1177312400,1001,1932,1935,78,110,FWD,13,63,1,DEPART,0
C3B93D0B,1176935,1177313.399,1177313399,999,1936,1935,78,110,FWD,13,63,1,DEPART,0
C3B93D0B,1176936,1177314.400,1177314400,1001,1936,1935,78,110,FWD,13,63,1,DEPART,0
C3B93D0B,1176937,1177315.399,1177315399,999,1936,1935,78,110,FWD,13,63,1,DEPART,0
C3B93D0B,1176938,1177316.400,1177316400,1001,1933,1935,78,110,FWD,13,63,1,DEPART,0
C3B93D0B,1176939,1177317.399,1177317399,999,1935,1935,78,110,FWD,13,63,1,DEPART,0
C3B93D0B,1176940,1177318.401,1177318401,1002,1933,1935,78,110,FWD,13,63,1,DEPART,0
C3B93D0B,1176941,1177319.399,1177319399,998,1934,1935,78,110,FWD,13,63,1,DEPART,0
C3B93D0B,1176942,1177320.400,1177320400,1001,1933,1935,78,110,FWD,13,63,1,DEPART,0
C3B93D0B,1176943,1177321.399,1177321399,999,1934,1935,78,110,FWD,13,63,1,DEPART,0
C3B93D0B,1176944,1177322.400,1177322400,1001,1936,1935,78,110,FWD,13,63,1,DEPART,0
C3B93D0B,1176945,1177323.399,1177323399,999,1935,1935,78,110,FWD,13,63,1,DEPART,0
C3B93D0B,1176946,1177324.400,1177324400,1001,1934,1935,78,110,FWD,13,63,1,DEPART,0
C3B93D0B,1176947,1177325.399,1177325399,999,1934,1935,78,110,FWD,13,63,1,DEPART,0
C3B93D0B,1176948,1177326.400,1177326400,1001,1935,1935,79,110,FWD,13,63,1,DEPART,0
C3B93D0B,1176949,1177327.399,1177327399,999,1934,1935,79,110,FWD,13,63,1,DEPART,0
C3B93D0B,1176950,1177328.401,1177328401,1002,1934,1935,79,110,FWD,13,63,1,DEPART,0
C3B93D0B,1176951,1177329.399,1177329399,998,1935,1935,79,110,FWD,13,63,1,DEPART,0
C3B93D0B,1176952,1177330.400,1177330400,1001,1934,1935,79,110,FWD,13,63,1,DEPART,0
C3B93D0B,1176953,1177331.399,1177331399,999,1935,1935,79,110,FWD,13,63,1,DEPART,0
C3B93D0B,1176954,1177332.400,1177332400,1001,1934,1935,79,110,FWD,13,63,1,DEPART,0
C3B93D0B,1176955,1177333.399,1177333399,999,1934,1935,79,110,FWD,13,63,1,DEPART,0
C3B93D0B,1176956,1177334.400,1177334400,1001,1934,1935,79,110,FWD,13,63,1,DEPART,0
C3B93D0B,1176957,1177335.399,1177335399,999,1935,1935,79,110,FWD,13,63,1,DEPART,0
C3B93D0B,1176958,1177336.400,1177336400,1001,1935,1935,79,110,FWD,13,63,1,DEPART,0
C3B93D0B,1176959,1177337.399,1177337399,999,1933,1935,79,110,FWD,13,63,1,DEPART,0
C3B93D0B,1176960,1177338.401,1177338401,1002,1935,1935,79,110,FWD,13,63,1,DEPART,0
C3B93D0B,1176961,1177339.401,1177339401,1000,1933,1935,79,110,FWD,13,63,1,DEPART,0
C3B93D0B,1176962,1177340.402,1177340402,1001,1933,1935,79,110,FWD,13,63,1,DEPART,0
C3B93D0B,1176963,1177342.187,1177342187,1785,1934,1935,79,110,FWD,45,63,1,DEPART,0
C3B93D0B,1176964,1177342.480,1177342480,293,1934,1935,79,110,FWD,13,63,1,DEPART,0
C3B93D0B,1176965,1177343.400,1177343400,920,1933,1935,79,110,FWD,13,63,1,DEPART,0
C3B93D0B,1176966,1177344.399,1177344399,999,1935,1935,79,110,FWD,13,63,1,DEPART,0
C3B93D0B,1176967,1177345.513,1177345513,1114,1934,1935,79,110,FWD,13,63,1,DEPART,0
C3B93D0B,1176968,1177346.399,1177346399,886,1935,1935,79,110,FWD,13,63,1,DEPART,0
C3B93D0B,1176969,1177347.400,1177347400,1001,1934,1935,79,110,FWD,13,63,1,DEPART,0
C3B93D0B,1176970,1177348.399,1177348399,999,1936,1935,79,110,FWD,13,63,1,DEPART,0
C3B93D0B,1176971,1177349.401,1177349401,1002,1934,1935,79,110,FWD,13,63,1,DEPART,0
C3B93D0B,1176972,1177350.399,1177350399,998,1934,1935,79,110,FWD,13,63,1,DEPART,0
C3B93D0B,1176973,1177351.400,1177351400,1001,1933,1935,79,110,FWD,13,63,1,DEPART,0
C3B93D0B,1176974,1177352.399,1177352399,999,1934,1935,79,110,FWD,13,63,1,DEPART,0
C3B93D0B,1176975,1177353.400,1177353400,1001,1935,1935,79,110,FWD,13,63,1,DEPART,0
C3B93D0B,1176976,1177354.399,1177354399,999,1936,1935,79,110,FWD,13,63,1,DEPART,0
C3B93D0B,1176977,1177355.400,1177355400,1001,1935,1935,79,110,FWD,13,63,1,DEPART,0
C3B93D0B,1176978,1177356.399,1177356399,999,1935,1935,79,110,FWD,13,63,1,DEPART,0
C3B93D0B,1176979,1177357.400,1177357400,1001,1935,1935,79,110,FWD,13,63,1,DEPART,0
C3B93D0B,1176980,1177358.399,1177358399,999,1935,1935,79,110,FWD,13,63,1,DEPART,0
C3B93D0B,1176981,1177359.401,1177359401,1002,1935,1935,79,110,FWD,13,63,1,DEPART,0
C3B93D0B,1176982,1177360.400,1177360400,999,1934,1935,79,110,FWD,13,63,1,DEPART,0
C3B93D0B,1176983,1177361.400,1177361400,1000,1934,1935,79,110,FWD,13,63,1,DEPART,0
C3B93D0B,1176984,1177362.399,1177362399,999,1935,1935,79,110,FWD,13,63,1,DEPART,0
C3B93D0B,1176985,1177363.400,1177363400,1001,1935,1935,79,110,FWD,13,63,1,DEPART,0
C3B93D0B,1176986,1177364.399,1177364399,999,1935,1935,79,110,FWD,13,63,1,DEPART,0
C3B93D0B,1176987,1177365.400,1177365400,1001,1934,1935,79,110,FWD,13,63,1,DEPART,0
C3B93D0B,1176988,1177366.399,1177366399,999,1935,1935,79,110,FWD,13,63,1,DEPART,0
C3B93D0B,1176989,1177367.400,1177367400,1001,1935,1935,79,110,FWD,13,63,1,DEPART,0
C3B93D0B,1176990,1177368.399,1177368399,999,1935,1935,79,110,FWD,13,63,1,DEPART,0
C3B93D0B,1176991,1177369.401,1177369401,1002,1936,1935,79,110,FWD,13,63,1,DEPART,0
C3B93D0B,1176992,1177370.399,1177370399,998,1936,1935,79,110,FWD,13,63,1,DEPART,0
C3B93D0B,1176993,1177371.400,1177371400,1001,1935,1935,79,110,FWD,13,63,1,DEPART,0
C3B93D0B,1176994,1177372.399,1177372399,999,1934,1935,79,110,FWD,13,63,1,DEPART,0
C3B93D0B,1176995,1177373.400,1177373400,1001,1935,1935,79,110,FWD,13,63,1,DEPART,0
C3B93D0B,1176996,1177374.399,1177374399,999,1935,1935,79,110,FWD,13,63,1,DEPART,0
C3B93D0B,1176997,1177375.400,1177375400,1001,1934,1935,79,110,FWD,13,63,1,DEPART,0
C3B93D0B,1176998,1177376.399,1177376399,999,1935,1935,79,110,FWD,13,63,1,DEPART,0
C3B93D0B,1176999,1177377.400,1177377400,1001,1935,1935,79,110,FWD,13,63,1,DEPART,0
C3B93D0B,1177000,1177378.508,1177378508,1108,1936,1935,79,110,FWD,13,63,1,DEPART,0
C3B93D0B,1177001,1177379.754,1177379754,1246,1934,1935,79,110,FWD,13,63,1,DEPART,0
C3B93D0B,1177002,1177380.401,1177380401,647,1926,1935,79,110,FWD,13,63,1,DEPART,0
C3B93D0B,1177003,1177381.408,1177381408,1007,1935,1935,79,110,FWD,13,63,1,DEPART,0
C3B93D0B,1177004,1177382.399,1177382399,991,1935,1935,79,110,FWD,13,63,1,DEPART,0
C3B93D0B,1177005,1177383.400,1177383400,1001,1936,1935,79,110,FWD,13,63,1,DEPART,0
C3B93D0B,1177006,1177384.399,1177384399,999,1935,1935,79,110,FWD,13,63,1,DEPART,0
C3B93D0B,1177007,1177385.400,1177385400,1001,1934,1935,79,110,FWD,13,63,1,DEPART,0
C3B93D0B,1177008,1177386.399,1177386399,999,1936,1935,79,110,FWD,13,63,1,DEPART,0
C3B93D0B,1177009,1177387.400,1177387400,1001,1934,1935,79,110,FWD,13,63,1,DEPART,0
C3B93D0B,1177010,1177388.399,1177388399,999,1935,1935,79,110,FWD,13,63,1,DEPART,0
C3B93D0B,1177011,1177389.400,1177389400,1001,1934,1935,80,110,FWD,13,63,1,DEPART,0
C3B93D0B,1177012,1177390.400,1177390400,1000,1933,1935,80,110,FWD,13,63,1,DEPART,0
C3B93D0B,1177013,1177391.400,1177391400,1000,1935,1935,80,110,FWD,13,63,1,DEPART,0
C3B93D0B,1177014,1177392.399,1177392399,999,1935,1935,80,110,FWD,13,63,1,DEPART,0
C3B93D0B,1177015,1177393.400,1177393400,1001,1934,1935,80,110,FWD,13,63,1,DEPART,0
C3B93D0B,1177016,1177394.399,1177394399,999,1936,1935,80,110,FWD,13,63,1,DEPART,0
C3B93D0B,1177017,1177395.400,1177395400,1001,1934,1935,80,110,FWD,13,63,1,DEPART,0
C3B93D0B,1177018,1177396.399,1177396399,999,1935,1935,80,110,FWD,13,63,1,DEPART,0
C3B93D0B,1177019,1177397.400,1177397400,1001,1935,1935,80,110,FWD,13,63,1,DEPART,0
C3B93D0B,1177020,1177398.399,1177398399,999,1935,1935,80,110,FWD,13,63,1,DEPART,0
C3B93D0B,1177021,1177399.400,1177399400,1001,1933,1935,80,110,FWD,13,63,1,DEPART,0
C3B93D0B,1177022,1177400.400,1177400400,1000,1933,1935,80,110,FWD,13,63,1,DEPART,0
C3B93D0B,1177023,1177401.400,1177401400,1000,1934,1935,80,110,FWD,13,63,1,DEPART,0
C3B93D0B,1177024,1177402.399,1177402399,999,1935,1935,80,110,FWD,13,63,1,DEPART,0
C3B93D0B,1177025,1177403.400,1177403400,1001,1932,1935,80,110,FWD,13,63,1,DEPART,0
C3B93D0B,1177026,1177404.399,1177404399,999,1934,1935,80,110,FWD,13,63,1,DEPART,0
C3B93D0B,1177027,1177405.400,1177405400,1001,1934,1935,80,110,FWD,13,63,1,DEPART,0
C3B93D0B,1177028,1177406.399,1177406399,999,1933,1935,80,110,FWD,13,63,1,DEPART,0
C3B93D0B,1177029,1177407.767,1177407767,1368,1934,1935,80,110,FWD,45,63,1,DEPART,0
C3B93D0B,1177030,1177408.399,1177408399,632,1936,1935,80,110,FWD,13,63,1,DEPART,0
C3B93D0B,1177031,1177409.400,1177409400,1001,1936,1935,80,110,FWD,13,63,1,DEPART,0
C3B93D0B,1177032,1177410.400,1177410400,1000,1935,1935,80,110,FWD,13,63,1,DEPART,0
C3B93D0B,1177033,1177411.481,1177411481,1081,1934,1935,80,110,FWD,13,63,1,DEPART,0
C3B93D0B,1177034,1177412.399,1177412399,918,1935,1935,80,110,FWD,13,63,1,DEPART,0
C3B93D0B,1177035,1177413.400,1177413400,1001,1935,1935,80,110,FWD,13,63,1,DEPART,0
C3B93D0B,1177036,1177414.399,1177414399,999,1935,1935,80,110,FWD,13,63,1,DEPART,0
C3B93D0B,1177037,1177415.400,1177415400,1001,1933,1935,80,110,FWD,13,63,1,DEPART,0
C3B93D0B,1177038,1177416.399,1177416399,999,1934,1935,80,110,FWD,13,63,1,DEPART,0
C3B93D0B,1177039,1177417.400,1177417400,1001,1935,1935,80,110,FWD,13,63,1,DEPART,0
C3B93D0B,1177040,1177418.399,1177418399,999,1935,1935,80,110,FWD,13,63,1,DEPART,0
C3B93D0B,1177041,1177419.400,1177419400,1001,1934,1935,80,110,FWD,13,63,1,DEPART,0
C3B93D0B,1177042,1177420.400,1177420400,1000,1935,1935,80,110,FWD,13,63,1,DEPART,0
C3B93D0B,1177043,1177421.400,1177421400,1000,1935,1935,80,110,FWD,13,63,1,DEPART,0
C3B93D0B,1177044,1177422.399,1177422399,999,1936,1935,80,110,FWD,13,63,1,DEPART,0
C3B93D0B,1177045,1177423.400,1177423400,1001,1934,1935,80,110,FWD,13,63,1,DEPART,0
C3B93D0B,1177046,1177424.399,1177424399,999,1935,1935,80,110,FWD,13,63,1,DEPART,0
C3B93D0B,1177047,1177425.400,1177425400,1001,1935,1935,80,110,FWD,13,63,1,DEPART,0
C3B93D0B,1177048,1177426.399,1177426399,999,1934,1935,80,110,FWD,13,63,1,DEPART,0
C3B93D0B,1177049,1177427.400,1177427400,1001,1936,1935,80,110,FWD,13,63,1,DEPART,0
C3B93D0B,1177050,1177428.399,1177428399,999,1936,1935,80,110,FWD,13,63,1,DEPART,0
C3B93D0B,1177051,1177429.400,1177429400,1001,1934,1935,80,110,FWD,13,63,1,DEPART,0
C3B93D0B,1177052,1177430.400,1177430400,1000,1935,1935,80,110,FWD,13,63,1,DEPART,0
C3B93D0B,1177053,1177431.401,1177431401,1001,1936,1935,80,110,FWD,13,63,1,DEPART,0
C3B93D0B,1177054,1177432.402,1177432402,1001,1934,1935,80,110,FWD,13,63,1,DEPART,0
C3B93D0B,1177055,1177433.400,1177433400,998,1929,1935,80,110,FWD,13,63,1,DEPART,0
C3B93D0B,1177056,1177434.399,1177434399,999,1933,1935,80,110,FWD,13,63,1,DEPART,0
C3B93D0B,1177057,1177435.400,1177435400,1001,1934,1935,80,110,FWD,13,63,1,DEPART,0
C3B93D0B,1177058,1177436.399,1177436399,999,1936,1935,80,110,FWD,13,63,1,DEPART,0
C3B93D0B,1177059,1177437.400,1177437400,1001,1935,1935,80,110,FWD,13,63,1,DEPART,0
C3B93D0B,1177060,1177438.406,1177438406,1006,1934,1935,80,110,FWD,13,63,1,DEPART,0
C3B93D0B,1177061,1177439.400,1177439400,994,1932,1935,80,110,FWD,13,63,1,DEPART,0
C3B93D0B,1177062,1177440.399,1177440399,999,1936,1935,80,110,FWD,13,63,1,DEPART,0
C3B93D0B,1177063,1177441.772,1177441772,1373,1933,1935,80,110,FWD,45,63,1,DEPART,0
C3B93D0B,1177064,1177442.399,1177442399,627,1936,1935,80,110,FWD,13,63,1,DEPART,0
C3B93D0B,1177065,1177443.400,1177443400,1001,1935,1935,80,110,FWD,13,63,1,DEPART,0
C3B93D0B,1177066,1177444.399,1177444399,999,1935,1935,80,110,FWD,13,63,1,DEPART,0
C3B93D0B,1177067,1177445.400,1177445400,1001,1935,1935,80,110,FWD,13,63,1,DEPART,0
C3B93D0B,1177068,1177446.399,1177446399,999,1936,1935,80,110,FWD,13,63,1,DEPART,0
C3B93D0B,1177069,1177447.400,1177447400,1001,1933,1935,80,110,FWD,13,63,1,DEPART,0
C3B93D0B,1177070,1177448.399,1177448399,999,1935,1935,80,110,FWD,13,63,1,DEPART,0
C3B93D0B,1177071,1177449.400,1177449400,1001,1936,1935,80,110,FWD,13,63,1,DEPART,0
C3B93D0B,1177072,1177450.399,1177450399,999,1935,1935,80,110,FWD,13,63,1,DEPART,0
C3B93D0B,1177073,1177451.401,1177451401,1002,1934,1935,80,110,FWD,13,63,1,DEPART,0
C3B93D0B,1177074,1177452.399,1177452399,998,1933,1935,81,110,FWD,13,63,1,DEPART,0
C3B93D0B,1177075,1177453.400,1177453400,1001,1934,1935,81,110,FWD,13,63,1,DEPART,0
C3B93D0B,1177076,1177454.399,1177454399,999,1934,1935,81,110,FWD,13,63,1,DEPART,0
C3B93D0B,1177077,1177455.400,1177455400,1001,1934,1935,81,110,FWD,13,63,1,DEPART,0
C3B93D0B,1177078,1177456.399,1177456399,999,1935,1935,81,110,FWD,13,63,1,DEPART,0
C3B93D0B,1177079,1177457.400,1177457400,1001,1934,1935,81,110,FWD,13,63,1,DEPART,0
C3B93D0B,1177080,1177458.399,1177458399,999,1936,1935,81,110,FWD,13,63,1,DEPART,0
C3B93D0B,1177081,1177459.400,1177459400,1001,1935,1935,81,110,FWD,13,63,1,DEPART,0
C3B93D0B,1177082,1177460.399,1177460399,999,1936,1935,81,110,FWD,13,63,1,DEPART,0
C3B93D0B,1177083,1177461.401,1177461401,1002,1931,1935,81,110,FWD,13,63,1,DEPART,0
C3B93D0B,1177084,1177462.399,1177462399,998,1935,1935,81,110,FWD,13,63,1,DEPART,0
C3B93D0B,1177085,1177463.400,1177463400,1001,1935,1935,81,110,FWD,13,63,1,DEPART,0
C3B93D0B,1177086,1177464.399,1177464399,999,1935,1935,81,110,FWD,13,63,1,DEPART,0
C3B93D0B,1177087,1177465.400,1177465400,1001,1933,1935,81,110,FWD,13,63,1,DEPART,0
C3B93D0B,1177088,1177466.399,1177466399,999,1935,1935,81,110,FWD,13,63,1,DEPART,0
C3B93D0B,1177089,1177467.400,1177467400,1001,1935,1935,81,110,FWD,13,63,1,DEPART,0
C3B93D0B,1177090,1177468.399,1177468399,999,1935,1935,81,110,FWD,13,63,1,DEPART,0
C3B93D0B,1177091,1177469.400,1177469400,1001,1933,1935,81,110,FWD,13,63,1,DEPART,0
C3B93D0B,1177092,1177470.399,1177470399,999,1936,1935,81,110,FWD,13,63,1,DEPART,0
C3B93D0B,1177093,1177471.401,1177471401,1002,1934,1935,81,110,FWD,13,63,1,DEPART,0
C3B93D0B,1177094,1177472.400,1177472400,999,1935,1935,81,110,FWD,13,63,1,DEPART,0
C3B93D0B,1177095,1177473.400,1177473400,1000,1935,1935,81,110,FWD,13,63,1,DEPART,0
C3B93D0B,1177096,1177474.399,1177474399,999,1935,1935,81,110,FWD,13,63,1,DEPART,0
C3B93D0B,1177097,1177475.400,1177475400,1001,1935,1935,81,110,FWD,13,63,1,DEPART,0
C3B93D0B,1177098,1177476.399,1177476399,999,1934,1935,81,110,FWD,13,63,1,DEPART,0
C3B93D0B,1177099,1177477.400,1177477400,1001,1935,1935,81,110,FWD,13,63,1,DEPART,0
C3B93D0B,1177100,1177478.399,1177478399,999,1933,1935,81,110,FWD,13,63,1,DEPART,0
C3B93D0B,1177101,1177479.400,1177479400,1001,1934,1935,81,110,FWD,13,63,1,DEPART,0
C3B93D0B,1177102,1177480.399,1177480399,999,1935,1935,81,110,FWD,13,63,1,DEPART,0
C3B93D0B,1177103,1177481.401,1177481401,1002,1936,1935,81,110,FWD,13,63,1,DEPART,0
C3B93D0B,1177104,1177482.763,1177482763,1362,1928,1935,81,110,FWD,45,63,1,DEPART,0
C3B93D0B,1177105,1177483.399,1177483399,636,1933,1935,81,110,FWD,13,63,1,DEPART,0
C3B93D0B,1177106,1177484.400,1177484400,1001,1936,1935,81,110,FWD,13,63,1,DEPART,0
C3B93D0B,1177107,1177485.399,1177485399,999,1935,1935,81,110,FWD,13,63,1,DEPART,0
C3B93D0B,1177108,1177486.400,1177486400,1001,1935,1935,81,110,FWD,13,63,1,DEPART,0
C3B93D0B,1177109,1177487.399,1177487399,999,1935,1935,81,110,FWD,13,63,1,DEPART,0
C3B93D0B,1177110,1177488.400,1177488400,1001,1935,1935,81,110,FWD,13,63,1,DEPART,0
C3B93D0B,1177111,1177489.399,1177489399,999,1931,1935,81,110,FWD,13,63,1,DEPART,0
C3B93D0B,1177112,1177490.400,1177490400,1001,1935,1935,81,110,FWD,13,63,1,DEPART,0
C3B93D0B,1177113,1177491.400,1177491400,1000,1934,1935,81,110,FWD,13,63,1,DEPART,0
C3B93D0B,1177114,1177492.400,1177492400,1000,1933,1935,81,110,FWD,13,63,1,DEPART,0
C3B93D0B,1177115,1177493.399,1177493399,999,1936,1935,81,110,FWD,13,63,1,DEPART,0
C3B93D0B,1177116,1177494.400,1177494400,1001,1934,1935,81,110,FWD,13,63,1,DEPART,0
C3B93D0B,1177117,1177495.399,1177495399,999,1935,1935,81,110,FWD,13,63,1,DEPART,0
C3B93D0B,1177118,1177496.400,1177496400,1001,1936,1935,81,110,FWD,13,63,1,DEPART,0
C3B93D0B,1177119,1177497.399,1177497399,999,1936,1935,81,110,FWD,13,63,1,DEPART,0
C3B93D0B,1177120,1177498.400,1177498400,1001,1933,1935,81,110,FWD,13,63,1,DEPART,0
C3B93D0B,1177121,1177499.399,1177499399,999,1934,1935,81,110,FWD,13,63,1,DEPART,0
C3B93D0B,1177122,1177500.400,1177500400,1001,1931,1935,81,110,FWD,13,63,1,DEPART,0
C3B93D0B,1177123,1177501.400,1177501400,1000,1936,1935,81,110,FWD,13,63,1,DEPART,0
C3B93D0B,1177124,1177502.400,1177502400,1000,1936,1935,81,110,FWD,13,63,1,DEPART,0
C3B93D0B,1177125,1177503.399,1177503399,999,1935,1935,81,110,FWD,13,63,1,DEPART,0
C3B93D0B,1177126,1177504.654,1177504654,1255,1933,1935,81,110,FWD,45,63,1,DEPART,0
C3B93D0B,1177127,1177505.399,1177505399,745,1935,1935,81,110,FWD,13,63,1,DEPART,0
C3B93D0B,1177128,1177506.400,1177506400,1001,1934,1935,81,110,FWD,13,63,1,DEPART,0
C3B93D0B,1177129,1177507.399,1177507399,999,1933,1935,81,110,FWD,13,63,1,DEPART,0
C3B93D0B,1177130,1177508.400,1177508400,1001,1934,1935,81,110,FWD,13,63,1,DEPART,0
C3B93D0B,1177131,1177509.399,1177509399,999,1935,1935,81,110,FWD,13,63,1,DEPART,0
C3B93D0B,1177132,1177510.400,1177510400,1001,1934,1935,81,110,FWD,13,63,1,DEPART,0
C3B93D0B,1177133,1177511.400,1177511400,1000,1934,1935,81,110,FWD,13,63,1,DEPART,0
C3B93D0B,1177134,1177512.400,1177512400,1000,1934,1935,81,110,FWD,13,63,1,DEPART,0
C3B93D0B,1177135,1177513.399,1177513399,999,1935,1935,81,110,FWD,13,63,1,DEPART,0
C3B93D0B,1177136,1177514.400,1177514400,1001,1935,1935,82,110,FWD,13,63,1,DEPART,0
C3B93D0B,1177137,1177515.399,1177515399,999,1934,1935,82,110,FWD,13,63,1,DEPART,0
C3B93D0B,1177138,1177516.400,1177516400,1001,1931,1935,82,110,FWD,13,63,1,DEPART,0
C3B93D0B,1177139,1177517.400,1177517400,1000,1934,1935,82,110,FWD,13,63,1,DEPART,0
C3B93D0B,1177140,1177518.400,1177518400,1000,1934,1935,82,110,FWD,13,63,1,DEPART,0
C3B93D0B,1177141,1177519.399,1177519399,999,1935,1935,82,110,FWD,13,63,1,DEPART,0
C3B93D0B,1177142,1177520.400,1177520400,1001,1935,1935,82,110,FWD,13,63,1,DEPART,0
C3B93D0B,1177143,1177521.400,1177521400,1000,1933,1935,82,110,FWD,13,63,1,DEPART,0
C3B93D0B,1177144,1177522.400,1177522400,1000,1936,1935,82,110,FWD,13,63,1,DEPART,0
C3B93D0B,1177145,1177523.399,1177523399,999,1935,1935,82,110,FWD,13,63,1,DEPART,0
C3B93D0B,1177146,1177524.400,1177524400,1001,1936,1935,82,110,FWD,13,63,1,DEPART,0
C3B93D0B,1177147,1177525.399,1177525399,999,1935,1935,82,110,FWD,13,63,1,DEPART,0
C3B93D0B,1177148,1177526.400,1177526400,1001,1936,1935,82,110,FWD,13,63,1,DEPART,0
C3B93D0B,1177149,1177527.399,1177527399,999,1934,1935,82,110,FWD,13,63,1,DEPART,0
C3B93D0B,1177150,1177528.400,1177528400,1001,1935,1935,82,110,FWD,13,63,1,DEPART,0
C3B93D0B,1177151,1177529.399,1177529399,999,1935,1935,82,110,FWD,13,63,1,DEPART,0
C3B93D0B,1177152,1177530.400,1177530400,1001,1936,1935,82,110,FWD,13,63,1,DEPART,0
C3B93D0B,1177153,1177531.400,1177531400,1000,1934,1935,82,110,FWD,13,63,1,DEPART,0
C3B93D0B,1177154,1177532.401,1177532401,1001,1935,1935,82,110,FWD,13,63,1,DEPART,0
C3B93D0B,1177155,1177533.401,1177533401,1000,1933,1935,82,110,FWD,13,63,1,DEPART,0
C3B93D0B,1177156,1177535.110,1177535110,1709,1933,1935,82,110,FWD,45,63,1,DEPART,0
C3B93D0B,1177157,1177535.403,1177535403,293,1934,1935,82,110,FWD,13,63,1,DEPART,0
C3B93D0B,1177158,1177536.400,1177536400,997,1935,1935,82,110,FWD,13,63,1,DEPART,0
C3B93D0B,1177159,1177537.399,1177537399,999,1935,1935,82,110,FWD,13,63,1,DEPART,0
C3B93D0B,1177160,1177538.400,1177538400,1001,1934,1935,82,110,FWD,13,63,1,DEPART,0
C3B93D0B,1177161,1177539.399,1177539399,999,1935,1935,82,110,FWD,13,63,1,DEPART,0
C3B93D0B,1177162,1177540.400,1177540400,1001,1934,1935,82,110,FWD,13,63,1,DEPART,0
C3B93D0B,1177163,1177541.399,1177541399,999,1935,1935,82,110,FWD,13,63,1,DEPART,0
C3B93D0B,1177164,1177542.401,1177542401,1002,1933,1935,82,110,FWD,13,63,1,DEPART,0
C3B93D0B,1177165,1177543.399,1177543399,998,1934,1935,82,110,FWD,13,63,1,DEPART,0
C3B93D0B,1177166,1177544.400,1177544400,1001,1934,1935,82,110,FWD,13,63,1,DEPART,0
C3B93D0B,1177167,1177545.399,1177545399,999,1935,1935,82,110,FWD,13,63,1,DEPART,0
C3B93D0B,1177168,1177546.400,1177546400,1001,1934,1935,82,110,FWD,13,63,1,DEPART,0
C3B93D0B,1177169,1177547.399,1177547399,999,1935,1935,82,110,FWD,13,63,1,DEPART,0
C3B93D0B,1177170,1177548.400,1177548400,1001,1933,1935,82,110,FWD,13,63,1,DEPART,0
C3B93D0B,1177171,1177549.399,1177549399,999,1935,1935,82,110,FWD,13,63,1,DEPART,0
C3B93D0B,1177172,1177550.400,1177550400,1001,1934,1935,82,110,FWD,13,63,1,DEPART,0
C3B93D0B,1177173,1177551.399,1177551399,999,1935,1935,82,110,FWD,13,63,1,DEPART,0
C3B93D0B,1177174,1177552.401,1177552401,1002,1935,1935,82,110,FWD,13,63,1,DEPART,0
C3B93D0B,1177175,1177553.399,1177553399,998,1935,1935,82,110,FWD,13,63,1,DEPART,0
C3B93D0B,1177176,1177554.400,1177554400,1001,1936,1935,82,110,FWD,13,63,1,DEPART,0
C3B93D0B,1177177,1177555.399,1177555399,999,1935,1935,82,110,FWD,13,63,1,DEPART,0
C3B93D0B,1177178,1177556.400,1177556400,1001,1935,1935,82,110,FWD,13,63,1,DEPART,0
C3B93D0B,1177179,1177557.399,1177557399,999,1933,1935,82,110,FWD,13,63,1,DEPART,0
C3B93D0B,1177180,1177558.400,1177558400,1001,1935,1935,82,110,FWD,13,63,1,DEPART,0
C3B93D0B,1177181,1177559.399,1177559399,999,1933,1935,82,110,FWD,13,63,1,DEPART,0
C3B93D0B,1177182,1177560.400,1177560400,1001,1935,1935,82,110,FWD,13,63,1,DEPART,0
C3B93D0B,1177183,1177561.399,1177561399,999,1935,1935,82,110,FWD,13,63,1,DEPART,0
C3B93D0B,1177184,1177562.401,1177562401,1002,1934,1935,82,110,FWD,13,63,1,DEPART,0
C3B93D0B,1177185,1177563.399,1177563399,998,1935,1935,82,110,FWD,13,63,1,DEPART,0
C3B93D0B,1177186,1177564.400,1177564400,1001,1934,1935,82,110,FWD,13,63,1,DEPART,0
C3B93D0B,1177187,1177565.399,1177565399,999,1935,1935,82,110,FWD,13,63,1,DEPART,0
C3B93D0B,1177188,1177566.400,1177566400,1001,1936,1935,82,110,FWD,13,63,1,DEPART,0
C3B93D0B,1177189,1177567.399,1177567399,999,1934,1935,82,110,FWD,13,63,1,DEPART,0
C3B93D0B,1177190,1177568.400,1177568400,1001,1935,1935,82,110,FWD,13,63,1,DEPART,0
C3B93D0B,1177191,1177569.399,1177569399,999,1935,1935,82,110,FWD,13,63,1,DEPART,0
C3B93D0B,1177192,1177570.400,1177570400,1001,1933,1935,82,110,FWD,13,63,1,DEPART,0
C3B93D0B,1177193,1177571.399,1177571399,999,1936,1935,82,110,FWD,13,63,1,DEPART,0
C3B93D0B,1177194,1177572.401,1177572401,1002,1934,1935,82,110,FWD,13,63,1,DEPART,0
C3B93D0B,1177195,1177573.399,1177573399,998,1935,1935,82,110,FWD,13,63,1,DEPART,0
C3B93D0B,1177196,1177574.400,1177574400,1001,1933,1935,82,110,FWD,13,63,1,DEPART,0
C3B93D0B,1177197,1177575.399,1177575399,999,1933,1935,82,110,FWD,13,63,1,DEPART,0
C3B93D0B,1177198,1177576.400,1177576400,1001,1933,1935,83,110,FWD,13,63,1,DEPART,0
C3B93D0B,1177199,1177577.399,1177577399,999,1934,1935,83,110,FWD,13,63,1,DEPART,0
C3B93D0B,1177200,1177578.400,1177578400,1001,1934,1935,83,110,FWD,13,63,1,DEPART,0
C3B93D0B,1177201,1177579.399,1177579399,999,1936,1935,83,110,FWD,13,63,1,DEPART,0
C3B93D0B,1177202,1177580.400,1177580400,1001,1935,1935,83,110,FWD,13,63,1,DEPART,0
C3B93D0B,1177203,1177581.399,1177581399,999,1935,1935,83,110,FWD,13,63,1,DEPART,0
C3B93D0B,1177204,1177582.401,1177582401,1002,1934,1935,83,110,FWD,13,63,1,DEPART,0
C3B93D0B,1177205,1177583.768,1177583768,1367,1935,1935,83,110,FWD,45,63,1,DEPART,0
C3B93D0B,1177206,1177584.399,1177584399,631,1934,1935,83,110,FWD,13,63,1,DEPART,0
C3B93D0B,1177207,1177585.400,1177585400,1001,1931,1935,83,110,FWD,13,63,1,DEPART,0
C3B93D0B,1177208,1177586.431,1177586431,1031,1927,1935,83,110,FWD,13,63,1,DEPART,0
C3B93D0B,1177209,1177587.409,1177587409,978,1935,1935,83,110,FWD,13,63,1,DEPART,0
C3B93D0B,1177210,1177588.399,1177588399,990,1934,1935,83,110,FWD,13,63,1,DEPART,0
C3B93D0B,1177211,1177589.400,1177589400,1001,1935,1935,83,110,FWD,13,63,1,DEPART,0
C3B93D0B,1177212,1177590.399,1177590399,999,1935,1935,83,110,FWD,13,63,1,DEPART,0
C3B93D0B,1177213,1177591.400,1177591400,1001,1936,1935,83,110,FWD,13,63,1,DEPART,0
C3B93D0B,1177214,1177592.400,1177592400,1000,1934,1935,83,110,FWD,13,63,1,DEPART,0
C3B93D0B,1177215,1177593.400,1177593400,1000,1933,1935,83,110,FWD,13,63,1,DEPART,0
C3B93D0B,1177216,1177594.399,1177594399,999,1935,1935,83,110,FWD,13,63,1,DEPART,0
C3B93D0B,1177217,1177595.521,1177595521,1122,1931,1935,83,110,FWD,13,63,1,DEPART,0
C3B93D0B,1177218,1177596.399,1177596399,878,1935,1935,83,110,FWD,13,63,1,DEPART,0
C3B93D0B,1177219,1177597.400,1177597400,1001,1934,1935,83,110,FWD,13,63,1,DEPART,0
C3B93D0B,1177220,1177598.399,1177598399,999,1935,1935,83,110,FWD,13,63,1,DEPART,0
C3B93D0B,1177221,1177599.400,1177599400,1001,1934,1935,83,110,FWD,13,63,1,DEPART,0
C3B93D0B,1177222,1177600.399,1177600399,999,1936,1935,83,110,FWD,13,63,1,DEPART,0
C3B93D0B,1177223,1177601.400,1177601400,1001,1935,1935,83,110,FWD,13,63,1,DEPART,0
C3B93D0B,1177224,1177602.400,1177602400,1000,1935,1935,83,110,FWD,13,63,1,DEPART,0
C3B93D0B,1177225,1177603.400,1177603400,1000,1934,1935,83,110,FWD,13,63,1,DEPART,0
C3B93D0B,1177226,1177604.399,1177604399,999,1934,1935,83,110,FWD,13,63,1,DEPART,0
C3B93D0B,1177227,1177605.400,1177605400,1001,1936,1935,83,110,FWD,13,63,1,DEPART,0
C3B93D0B,1177228,1177606.399,1177606399,999,1935,1935,83,110,FWD,13,63,1,DEPART,0
C3B93D0B,1177229,1177607.400,1177607400,1001,1935,1935,83,110,FWD,13,63,1,DEPART,0
C3B93D0B,1177230,1177608.399,1177608399,999,1935,1935,83,110,FWD,13,63,1,DEPART,0
C3B93D0B,1177231,1177609.400,1177609400,1001,1935,1935,83,110,FWD,13,63,1,DEPART,0
C3B93D0B,1177232,1177610.399,1177610399,999,1936,1935,83,110,FWD,13,63,1,DEPART,0
C3B93D0B,1177233,1177611.400,1177611400,1001,1935,1935,83,110,FWD,13,63,1,DEPART,0
C3B93D0B,1177234,1177612.420,1177612420,1020,1934,1935,83,110,FWD,13,63,1,DEPART,0
C3B93D0B,1177235,1177613.400,1177613400,980,1936,1935,83,110,FWD,13,63,1,DEPART,0
C3B93D0B,1177236,1177614.399,1177614399,999,1935,1935,83,110,FWD,13,63,1,DEPART,0
C3B93D0B,1177237,1177615.400,1177615400,1001,1935,1935,83,110,FWD,13,63,1,DEPART,0
C3B93D0B,1177238,1177616.399,1177616399,999,1934,1935,83,110,FWD,13,63,1,DEPART,0
C3B93D0B,1177239,1177617.400,1177617400,1001,1935,1935,83,110,FWD,13,63,1,DEPART,0
C3B93D0B,1177240,1177618.399,1177618399,999,1935,1935,83,110,FWD,13,63,1,DEPART,0
C3B93D0B,1177241,1177619.400,1177619400,1001,1932,1935,83,110,FWD,13,63,1,DEPART,0
C3B93D0B,1177242,1177620.399,1177620399,999,1936,1935,83,110,FWD,13,63,1,DEPART,0
C3B93D0B,1177243,1177621.400,1177621400,1001,1935,1935,83,110,FWD,13,63,1,DEPART,0
C3B93D0B,1177244,1177622.400,1177622400,1000,1933,1935,83,110,FWD,13,63,1,DEPART,0
C3B93D0B,1177245,1177623.594,1177623594,1194,1935,1935,83,110,FWD,13,63,1,DEPART,0
C3B93D0B,1177246,1177624.399,1177624399,805,1935,1935,83,110,FWD,13,63,1,DEPART,0
C3B93D0B,1177247,1177625.400,1177625400,1001,1931,1935,83,110,FWD,13,63,1,DEPART,0
C3B93D0B,1177248,1177626.399,1177626399,999,1936,1935,83,110,FWD,13,63,1,DEPART,0
C3B93D0B,1177249,1177627.400,1177627400,1001,1934,1935,83,110,FWD,13,63,1,DEPART,0
C3B93D0B,1177250,1177628.702,1177628702,1302,1935,1935,83,110,FWD,45,63,1,DEPART,0
C3B93D0B,1177251,1177629.400,1177629400,698,1935,1935,83,110,FWD,13,63,1,DEPART,0
C3B93D0B,1177252,1177630.399,1177630399,999,1934,1935,83,110,FWD,13,63,1,DEPART,0
C3B93D0B,1177253,1177631.400,1177631400,1001,1935,1935,83,110,FWD,13,63,1,DEPART,0
C3B93D0B,1177254,1177632.400,1177632400,1000,1933,1935,83,110,FWD,13,63,1,DEPART,0
C3B93D0B,1177255,1177633.402,1177633402,1002,1931,1935,83,110,FWD,13,63,1,DEPART,0
C3B93D0B,1177256,1177634.402,1177634402,1000,1936,1935,83,110,FWD,13,63,1,DEPART,0
C3B93D0B,1177257,1177635.400,1177635400,998,1935,1935,83,110,FWD,13,63,1,DEPART,0
C3B93D0B,1177258,1177636.399,1177636399,999,1936,1935,83,110,FWD,13,63,1,DEPART,0
C3B93D0B,1177259,1177637.400,1177637400,1001,1936,1935,83,110,FWD,13,63,1,DEPART,0
C3B93D0B,1177260,1177638.399,1177638399,999,1935,1935,83,110,FWD,13,63,1,DEPART,0
C3B93D0B,1177261,1177639.400,1177639400,1001,1935,1935,84,110,FWD,13,63,1,DEPART,0
C3B93D0B,1177262,1177640.530,1177640530,1130,1934,1935,84,110,FWD,13,63,1,DEPART,0
C3B93D0B,1177263,1177641.590,1177641590,1060,1935,1935,84,110,FWD,13,63,1,DEPART,0
C3B93D0B,1177264,1177642.399,1177642399,809,1933,1935,84,110,FWD,13,63,1,DEPART,0
C3B93D0B,1177265,1177643.401,1177643401,1002,1935,1935,84,110,FWD,13,63,1,DEPART,0
C3B93D0B,1177266,1177644.399,1177644399,998,1933,1935,84,110,FWD,13,63,1,DEPART,0
C3B93D0B,1177267,1177645.400,1177645400,1001,1933,1935,84,110,FWD,13,63,1,DEPART,0
C3B93D0B,1177268,1177646.399,1177646399,999,1934,1935,84,110,FWD,13,63,1,DEPART,0
C3B93D0B,1177269,1177647.400,1177647400,1001,1933,1935,84,110,FWD,13,63,1,DEPART,0
C3B93D0B,1177270,1177648.399,1177648399,999,1934,1935,84,110,FWD,13,63,1,DEPART,0
C3B93D0B,1177271,1177649.400,1177649400,1001,1934,1935,84,110,FWD,13,63,1,DEPART,0
C3B93D0B,1177272,1177650.399,1177650399,999,1933,1935,84,110,FWD,13,63,1,DEPART,0
C3B93D0B,1177273,1177651.400,1177651400,1001,1933,1935,84,110,FWD,13,63,1,DEPART,0
C3B93D0B,1177274,1177652.399,1177652399,999,1934,1935,84,110,FWD,13,63,1,DEPART,0
C3B93D0B,1177275,1177653.401,1177653401,1002,1933,1935,84,110,FWD,13,63,1,DEPART,0
C3B93D0B,1177276,1177654.399,1177654399,998,1935,1935,84,110,FWD,13,63,1,DEPART,0
C3B93D0B,1177277,1177655.400,1177655400,1001,1935,1935,84,110,FWD,13,63,1,DEPART,0
C3B93D0B,1177278,1177656.399,1177656399,999,1934,1935,84,110,FWD,13,63,1,DEPART,0
C3B93D0B,1177279,1177657.467,1177657467,1068,1935,1935,84,110,FWD,13,63,1,DEPART,0
C3B93D0B,1177280,1177658.399,1177658399,932,1935,1935,84,110,FWD,13,63,1,DEPART,0
C3B93D0B,1177281,1177659.400,1177659400,1001,1935,1935,84,110,FWD,13,63,1,DEPART,0
C3B93D0B,1177282,1177660.399,1177660399,999,1934,1935,84,110,FWD,13,63,1,DEPART,0
C3B93D0B,1177283,1177661.400,1177661400,1001,1933,1935,84,110,FWD,13,63,1,DEPART,0
C3B93D0B,1177284,1177662.399,1177662399,999,1935,1935,84,110,FWD,13,63,1,DEPART,0
C3B93D0B,1177285,1177663.401,1177663401,1002,1936,1935,84,110,FWD,13,63,1,DEPART,0
C3B93D0B,1177286,1177664.399,1177664399,998,1935,1935,84,110,FWD,13,63,1,DEPART,0
C3B93D0B,1177287,1177665.400,1177665400,1001,1935,1935,84,110,FWD,13,63,1,DEPART,0
C3B93D0B,1177288,1177666.399,1177666399,999,1935,1935,84,110,FWD,13,63,1,DEPART,0
C3B93D0B,1177289,1177667.400,1177667400,1001,1934,1935,84,110,FWD,13,63,1,DEPART,0
C3B93D0B,1177290,1177668.399,1177668399,999,1935,1935,84,110,FWD,13,63,1,DEPART,0
C3B93D0B,1177291,1177669.400,1177669400,1001,1936,1935,84,110,FWD,13,63,1,DEPART,0
C3B93D0B,1177292,1177670.399,1177670399,999,1934,1935,84,110,FWD,13,63,1,DEPART,0
C3B93D0B,1177293,1177671.400,1177671400,1001,1933,1935,84,110,FWD,13,63,1,DEPART,0
C3B93D0B,1177294,1177672.399,1177672399,999,1935,1935,84,110,FWD,13,63,1,DEPART,0
C3B93D0B,1177295,1177673.401,1177673401,1002,1931,1935,84,110,FWD,13,63,1,DEPART,0
C3B93D0B,1177296,1177674.399,1177674399,998,1933,1935,84,110,FWD,13,63,1,DEPART,0
C3B93D0B,1177297,1177675.400,1177675400,1001,1936,1935,84,110,FWD,13,63,1,DEPART,0
C3B93D0B,1177298,1177676.399,1177676399,999,1936,1935,84,110,FWD,13,63,1,DEPART,0
C3B93D0B,1177299,1177677.400,1177677400,1001,1934,1935,84,110,FWD,13,63,1,DEPART,0
C3B93D0B,1177300,1177678.399,1177678399,999,1936,1935,84,110,FWD,13,63,1,DEPART,0
C3B93D0B,1177301,1177679.400,1177679400,1001,1936,1935,84,110,FWD,13,63,1,DEPART,0
C3B93D0B,1177302,1177680.399,1177680399,999,1934,1935,84,110,FWD,13,63,1,DEPART,0
C3B93D0B,1177303,1177681.400,1177681400,1001,1933,1935,84,110,FWD,13,63,1,DEPART,0
C3B93D0B,1177304,1177682.399,1177682399,999,1935,1935,84,110,FWD,13,63,1,DEPART,0
C3B93D0B,1177305,1177683.401,1177683401,1002,1934,1935,84,110,FWD,13,63,1,DEPART,0
C3B93D0B,1177306,1177684.754,1177684754,1353,1935,1935,84,110,FWD,45,63,1,DEPART,0
C3B93D0B,1177307,1177685.399,1177685399,645,1936,1935,84,110,FWD,13,63,1,DEPART,0
C3B93D0B,1177308,1177686.400,1177686400,1001,1935,1935,84,110,FWD,13,63,1,DEPART,0
C3B93D0B,1177309,1177687.399,1177687399,999,1935,1935,84,110,FWD,13,63,1,DEPART,0
C3B93D0B,1177310,1177688.400,1177688400,1001,1935,1935,84,110,FWD,13,63,1,DEPART,0
C3B93D0B,1177311,1177689.399,1177689399,999,1933,1935,84,110,FWD,13,63,1,DEPART,0
C3B93D0B,1177312,1177690.400,1177690400,1001,1934,1935,84,110,FWD,13,63,1,DEPART,0
C3B93D0B,1177313,1177691.399,1177691399,999,1935,1935,84,110,FWD,13,63,1,DEPART,0
C3B93D0B,1177314,1177692.400,1177692400,1001,1935,1935,84,110,FWD,13,63,1,DEPART,0
C3B93D0B,1177315,1177693.400,1177693400,1000,1935,1935,84,110,FWD,13,63,1,DEPART,0
C3B93D0B,1177316,1177694.400,1177694400,1000,1933,1935,84,110,FWD,13,63,1,DEPART,0
C3B93D0B,1177317,1177695.399,1177695399,999,1934,1935,84,110,FWD,13,63,1,DEPART,0
C3B93D0B,1177318,1177696.400,1177696400,1001,1934,1935,84,110,FWD,13,63,1,DEPART,0
C3B93D0B,1177319,1177697.399,1177697399,999,1935,1935,84,110,FWD,13,63,1,DEPART,0
C3B93D0B,1177320,1177698.400,1177698400,1001,1934,1935,84,110,FWD,13,63,1,DEPART,0
C3B93D0B,1177321,1177699.399,1177699399,999,1936,1935,84,110,FWD,13,63,1,DEPART,0
C3B93D0B,1177322,1177700.400,1177700400,1001,1936,1935,84,110,FWD,13,63,1,DEPART,0
C3B93D0B,1177323,1177701.399,1177701399,999,1934,1935,84,110,FWD,13,63,1,DEPART,0
C3B93D0B,1177324,1177702.400,1177702400,1001,1935,1935,85,110,FWD,13,63,1,DEPART,0
C3B93D0B,1177325,1177703.400,1177703400,1000,1935,1935,85,110,FWD,13,63,1,DEPART,0
C3B93D0B,1177326,1177704.400,1177704400,1000,1936,1935,85,110,FWD,13,63,1,DEPART,0
C3B93D0B,1177327,1177705.400,1177705400,1000,1935,1935,85,110,FWD,13,63,1,DEPART,0
C3B93D0B,1177328,1177706.400,1177706400,1000,1931,1935,85,110,FWD,13,63,1,DEPART,0
C3B93D0B,1177329,1177707.399,1177707399,999,1935,1935,85,110,FWD,13,63,1,DEPART,0
C3B93D0B,1177330,1177708.400,1177708400,1001,1935,1935,85,110,FWD,13,63,1,DEPART,0
C3B93D0B,1177331,1177709.399,1177709399,999,1934,1935,85,110,FWD,13,63,1,DEPART,0
C3B93D0B,1177332,1177710.400,1177710400,1001,1933,1935,85,110,FWD,13,63,1,DEPART,0
C3B93D0B,1177333,1177711.399,1177711399,999,1936,1935,85,110,FWD,13,63,1,DEPART,0
C3B93D0B,1177334,1177712.400,1177712400,1001,1933,1935,85,110,FWD,13,63,1,DEPART,0
C3B93D0B,1177335,1177713.400,1177713400,1000,1934,1935,85,110,FWD,13,63,1,DEPART,0
C3B93D0B,1177336,1177714.743,1177714743,1343,1935,1935,85,110,FWD,45,63,1,DEPART,0
C3B93D0B,1177337,1177715.399,1177715399,656,1935,1935,85,110,FWD,13,63,1,DEPART,0
C3B93D0B,1177338,1177716.400,1177716400,1001,1934,1935,85,110,FWD,13,63,1,DEPART,0
C3B93D0B,1177339,1177717.399,1177717399,999,1934,1935,85,110,FWD,13,63,1,DEPART,0
C3B93D0B,1177340,1177718.400,1177718400,1001,1935,1935,85,110,FWD,13,63,1,DEPART,0
C3B93D0B,1177341,1177719.399,1177719399,999,1934,1935,85,110,FWD,13,63,1,DEPART,0
C3B93D0B,1177342,1177720.699,1177720699,1300,1934,1935,85,110,FWD,45,63,1,DEPART,0
C3B93D0B,1177343,1177721.399,1177721399,700,1934,1935,85,110,FWD,13,63,1,DEPART,0
C3B93D0B,1177344,1177722.400,1177722400,1001,1936,1935,85,110,FWD,13,63,1,DEPART,0
C3B93D0B,1177345,1177723.400,1177723400,1000,1935,1935,85,110,FWD,13,63,1,DEPART,0
C3B93D0B,1177346,1177724.400,1177724400,1000,1935,1935,85,110,FWD,13,63,1,DEPART,0
C3B93D0B,1177347,1177725.399,1177725399,999,1934,1935,85,110,FWD,13,63,1,DEPART,0
C3B93D0B,1177348,1177726.400,1177726400,1001,1933,1935,85,110,FWD,13,63,1,DEPART,0
C3B93D0B,1177349,1177727.399,1177727399,999,1936,1935,85,110,FWD,13,63,1,DEPART,0
C3B93D0B,1177350,1177728.400,1177728400,1001,1935,1935,85,110,FWD,13,63,1,DEPART,0
C3B93D0B,1177351,1177729.399,1177729399,999,1934,1935,85,110,FWD,13,63,1,DEPART,0
C3B93D0B,1177352,1177730.400,1177730400,1001,1935,1935,85,110,FWD,13,63,1,DEPART,0
C3B93D0B,1177353,1177731.399,1177731399,999,1936,1935,85,110,FWD,13,63,1,DEPART,0
C3B93D0B,1177354,1177732.400,1177732400,1001,1935,1935,85,110,FWD,13,63,1,DEPART,0
C3B93D0B,1177355,1177733.400,1177733400,1000,1936,1935,85,110,FWD,13,63,1,DEPART,0
C3B93D0B,1177356,1177734.402,1177734402,1002,1933,1935,85,110,FWD,13,63,1,DEPART,0
C3B93D0B,1177357,1177735.402,1177735402,1000,1933,1935,85,110,FWD,13,63,1,DEPART,0
C3B93D0B,1177358,1177737.195,1177737195,1793,1935,1935,85,110,FWD,45,63,1,DEPART,0
C3B93D0B,1177359,1177737.486,1177737486,291,1935,1935,85,110,FWD,13,63,1,DEPART,0
C3B93D0B,1177360,1177738.400,1177738400,914,1934,1935,85,110,FWD,13,63,1,DEPART,0
C3B93D0B,1177361,1177739.399,1177739399,999,1934,1935,85,110,FWD,13,63,1,DEPART,0
C3B93D0B,1177362,1177740.400,1177740400,1001,1935,1935,85,110,FWD,13,63,1,DEPART,0
C3B93D0B,1177363,1177741.399,1177741399,999,1934,1935,85,110,FWD,13,63,1,DEPART,0
C3B93D0B,1177364,1177742.400,1177742400,1001,1935,1935,85,110,FWD,13,63,1,DEPART,0
C3B93D0B,1177365,1177743.399,1177743399,999,1935,1935,85,110,FWD,13,63,1,DEPART,0
C3B93D0B,1177366,1177744.401,1177744401,1002,1935,1935,85,110,FWD,13,63,1,DEPART,0
C3B93D0B,1177367,1177745.399,1177745399,998,1936,1935,85,110,FWD,13,63,1,DEPART,0
C3B93D0B,1177368,1177746.400,1177746400,1001,1935,1935,85,110,FWD,13,63,1,DEPART,0
C3B93D0B,1177369,1177747.399,1177747399,999,1934,1935,85,110,FWD,13,63,1,DEPART,0
C3B93D0B,1177370,1177748.400,1177748400,1001,1935,1935,85,110,FWD,13,63,1,DEPART,0
C3B93D0B,1177371,1177749.399,1177749399,999,1935,1935,85,110,FWD,13,63,1,DEPART,0
C3B93D0B,1177372,1177750.400,1177750400,1001,1935,1935,85,110,FWD,13,63,1,DEPART,0
C3B93D0B,1177373,1177751.399,1177751399,999,1936,1935,85,110,FWD,13,63,1,DEPART,0
C3B93D0B,1177374,1177752.400,1177752400,1001,1934,1935,85,110,FWD,13,63,1,DEPART,0
C3B93D0B,1177375,1177753.399,1177753399,999,1935,1935,85,110,FWD,13,63,1,DEPART,0
C3B93D0B,1177376,1177754.401,1177754401,1002,1934,1935,85,110,FWD,13,63,1,DEPART,0
C3B93D0B,1177377,1177755.399,1177755399,998,1936,1935,85,110,FWD,13,63,1,DEPART,0
C3B93D0B,1177378,1177756.400,1177756400,1001,1934,1935,85,110,FWD,13,63,1,DEPART,0
C3B93D0B,1177379,1177757.399,1177757399,999,1936,1935,85,110,FWD,13,63,1,DEPART,0
C3B93D0B,1177380,1177758.400,1177758400,1001,1936,1935,85,110,FWD,13,63,1,DEPART,0
C3B93D0B,1177381,1177759.399,1177759399,999,1936,1935,85,110,FWD,13,63,1,DEPART,0
C3B93D0B,1177382,1177760.400,1177760400,1001,1935,1935,85,110,FWD,13,63,1,DEPART,0
C3B93D0B,1177383,1177761.399,1177761399,999,1934,1935,85,110,FWD,13,63,1,DEPART,0
C3B93D0B,1177384,1177762.400,1177762400,1001,1935,1935,85,110,FWD,13,63,1,DEPART,0
C3B93D0B,1177385,1177763.399,1177763399,999,1936,1935,85,110,FWD,13,63,1,DEPART,0
C3B93D0B,1177386,1177764.401,1177764401,1002,1936,1935,85,110,FWD,13,63,1,DEPART,0
C3B93D0B,1177387,1177765.399,1177765399,998,1934,1935,86,110,FWD,13,63,1,DEPART,0
C3B93D0B,1177388,1177766.400,1177766400,1001,1934,1935,86,110,FWD,13,63,1,DEPART,0
C3B93D0B,1177389,1177767.400,1177767400,1000,1936,1935,86,110,FWD,13,63,1,DEPART,0
C3B93D0B,1177390,1177768.400,1177768400,1000,1934,1935,86,110,FWD,13,63,1,DEPART,0
C3B93D0B,1177391,1177769.399,1177769399,999,1936,1935,86,110,FWD,13,63,1,DEPART,0
C3B93D0B,1177392,1177770.400,1177770400,1001,1934,1935,86,110,FWD,13,63,1,DEPART,0
C3B93D0B,1177393,1177771.399,1177771399,999,1934,1935,86,110,FWD,13,63,1,DEPART,0
C3B93D0B,1177394,1177772.400,1177772400,1001,1935,1935,86,110,FWD,13,63,1,DEPART,0
C3B93D0B,1177395,1177773.399,1177773399,999,1936,1935,86,110,FWD,13,63,1,DEPART,0
C3B93D0B,1177396,1177774.401,1177774401,1002,1935,1935,86,110,FWD,13,63,1,DEPART,0
C3B93D0B,1177397,1177775.399,1177775399,998,1933,1935,86,110,FWD,13,63,1,DEPART,0
C3B93D0B,1177398,1177776.400,1177776400,1001,1934,1935,86,110,FWD,13,63,1,DEPART,0
C3B93D0B,1177399,1177777.399,1177777399,999,1935,1935,86,110,FWD,13,63,1,DEPART,0
C3B93D0B,1177400,1177778.400,1177778400,1001,1935,1935,86,110,FWD,13,63,1,DEPART,0
C3B93D0B,1177401,1177779.399,1177779399,999,1935,1935,86,110,FWD,13,63,1,DEPART,0
C3B93D0B,1177402,1177780.400,1177780400,1001,1936,1935,86,110,FWD,13,63,1,DEPART,0
C3B93D0B,1177403,1177781.399,1177781399,999,1935,1935,86,110,FWD,13,63,1,DEPART,0
C3B93D0B,1177404,1177782.400,1177782400,1001,1936,1935,86,110,FWD,13,63,1,DEPART,0
C3B93D0B,1177405,1177783.399,1177783399,999,1933,1935,86,110,FWD,13,63,1,DEPART,0
C3B93D0B,1177406,1177784.401,1177784401,1002,1934,1935,86,110,FWD,13,63,1,DEPART,0
C3B93D0B,1177407,1177785.755,1177785755,1354,1930,1935,86,110,FWD,45,63,1,DEPART,0
C3B93D0B,1177408,1177786.399,1177786399,644,1935,1935,86,110,FWD,13,63,1,DEPART,0
C3B93D0B,1177409,1177787.400,1177787400,1001,1933,1935,86,110,FWD,13,63,1,DEPART,0
C3B93D0B,1177410,1177788.399,1177788399,999,1936,1935,86,110,FWD,13,63,1,DEPART,0
C3B93D0B,1177411,1177789.400,1177789400,1001,1935,1935,86,110,FWD,13,63,1,DEPART,0
C3B93D0B,1177412,1177790.399,1177790399,999,1936,1935,86,110,FWD,13,63,1,DEPART,0
C3B93D0B,1177413,1177791.400,1177791400,1001,1935,1935,86,110,FWD,13,63,1,DEPART,0
C3B93D0B,1177414,1177792.399,1177792399,999,1936,1935,86,110,FWD,13,63,1,DEPART,0
C3B93D0B,1177415,1177793.400,1177793400,1001,1934,1935,86,110,FWD,13,63,1,DEPART,0
C3B93D0B,1177416,1177794.400,1177794400,1000,1935,1935,86,110,FWD,13,63,1,DEPART,0
C3B93D0B,1177417,1177795.400,1177795400,1000,1935,1935,86,110,FWD,13,63,1,DEPART,0
C3B93D0B,1177418,1177796.399,1177796399,999,1935,1935,86,110,FWD,13,63,1,DEPART,0
C3B93D0B,1177419,1177797.400,1177797400,1001,1933,1935,86,110,FWD,13,63,1,DEPART,0
C3B93D0B,1177420,1177798.399,1177798399,999,1935,1935,86,110,FWD,13,63,1,DEPART,0
C3B93D0B,1177421,1177799.400,1177799400,1001,1935,1935,86,110,FWD,13,63,1,DEPART,0
C3B93D0B,1177422,1177800.399,1177800399,999,1936,1935,86,110,FWD,13,63,1,DEPART,0
C3B93D0B,1177423,1177801.400,1177801400,1001,1935,1935,86,110,FWD,13,63,1,DEPART,0
C3B93D0B,1177424,1177802.399,1177802399,999,1933,1935,86,110,FWD,13,63,1,DEPART,0
C3B93D0B,1177425,1177803.400,1177803400,1001,1936,1935,86,110,FWD,13,63,1,DEPART,0
C3B93D0B,1177426,1177804.400,1177804400,1000,1934,1935,86,110,FWD,13,63,1,DEPART,0
C3B93D0B,1177427,1177805.400,1177805400,1000,1935,1935,86,110,FWD,13,63,1,DEPART,0
C3B93D0B,1177428,1177806.399,1177806399,999,1935,1935,86,110,FWD,13,63,1,DEPART,0
C3B93D0B,1177429,1177807.400,1177807400,1001,1936,1935,86,110,FWD,13,63,1,DEPART,0
C3B93D0B,1177430,1177808.399,1177808399,999,1936,1935,86,110,FWD,13,63,1,DEPART,0
C3B93D0B,1177431,1177809.400,1177809400,1001,1936,1935,86,110,FWD,13,63,1,DEPART,0
C3B93D0B,1177432,1177810.399,1177810399,999,1936,1935,86,110,FWD,13,63,1,DEPART,0
C3B93D0B,1177433,1177811.653,1177811653,1254,1935,1935,86,110,FWD,45,63,1,DEPART,0
C3B93D0B,1177434,1177812.399,1177812399,746,1936,1935,86,110,FWD,13,63,1,DEPART,0
C3B93D0B,1177435,1177813.400,1177813400,1001,1935,1935,86,110,FWD,13,63,1,DEPART,0
C3B93D0B,1177436,1177814.400,1177814400,1000,1934,1935,86,110,FWD,13,63,1,DEPART,0
C3B93D0B,1177437,1177815.400,1177815400,1000,1935,1935,86,110,FWD,13,63,1,DEPART,0
C3B93D0B,1177438,1177816.399,1177816399,999,1936,1935,86,110,FWD,13,63,1,DEPART,0
C3B93D0B,1177439,1177817.400,1177817400,1001,1934,1935,86,110,FWD,13,63,1,DEPART,0
C3B93D0B,1177440,1177818.399,1177818399,999,1935,1935,86,110,FWD,13,63,1,DEPART,0
C3B93D0B,1177441,1177819.400,1177819400,1001,1936,1935,86,110,FWD,13,63,1,DEPART,0
C3B93D0B,1177442,1177820.399,1177820399,999,1935,1935,86,110,FWD,13,63,1,DEPART,0
C3B93D0B,1177443,1177821.400,1177821400,1001,1936,1935,86,110,FWD,13,63,1,DEPART,0
C3B93D0B,1177444,1177822.399,1177822399,999,1935,1935,86,110,FWD,13,63,1,DEPART,0
C3B93D0B,1177445,1177823.897,1177823897,1498,1934,1935,86,110,FWD,45,63,1,DEPART,0
C3B93D0B,1177446,1177824.400,1177824400,503,1935,1935,86,110,FWD,13,63,1,DEPART,0
C3B93D0B,1177447,1177825.400,1177825400,1000,1935,1935,86,110,FWD,13,63,1,DEPART,0
C3B93D0B,1177448,1177826.399,1177826399,999,1933,1935,86,110,FWD,13,63,1,DEPART,0
C3B93D0B,1177449,1177827.400,1177827400,1001,1936,1935,87,110,FWD,13,63,1,DEPART,0
C3B93D0B,1177450,1177828.399,1177828399,999,1936,1935,87,110,FWD,13,63,1,DEPART,0
C3B93D0B,1177451,1177829.400,1177829400,1001,1934,1935,87,110,FWD,13,63,1,DEPART,0
C3B93D0B,1177452,1177830.399,1177830399,999,1936,1935,87,110,FWD,13,63,1,DEPART,0
C3B93D0B,1177453,1177831.400,1177831400,1001,1936,1935,87,110,FWD,13,63,1,DEPART,0
C3B93D0B,1177454,1177832.399,1177832399,999,1936,1935,87,110,FWD,13,63,1,DEPART,0
C3B93D0B,1177455,1177833.400,1177833400,1001,1934,1935,87,110,FWD,13,63,1,DEPART,0
C3B93D0B,1177456,1177834.400,1177834400,1000,1936,1935,87,110,FWD,13,63,1,DEPART,0
C3B93D0B,1177457,1177835.402,1177835402,1002,1933,1935,87,110,FWD,13,63,1,DEPART,0
C3B93D0B,1177458,1177836.401,1177836401,999,1936,1935,87,110,FWD,13,63,1,DEPART,0
C3B93D0B,1177459,1177837.400,1177837400,999,1936,1935,87,110,FWD,13,63,1,DEPART,0
C3B93D0B,1177460,1177838.401,1177838401,1001,1936,1935,87,110,FWD,13,63,1,DEPART,0
C3B93D0B,1177461,1177839.746,1177839746,1345,1935,1935,87,110,FWD,45,63,1,DEPART,0
C3B93D0B,1177462,1177840.399,1177840399,653,1936,1935,87,110,FWD,13,63,1,DEPART,0
C3B93D0B,1177463,1177841.400,1177841400,1001,1936,1935,87,110,FWD,13,63,1,DEPART,0
C3B93D0B,1177464,1177842.399,1177842399,999,1935,1935,87,110,FWD,13,63,1,DEPART,0
C3B93D0B,1177465,1177843.400,1177843400,1001,1935,1935,87,110,FWD,13,63,1,DEPART,0
C3B93D0B,1177466,1177844.399,1177844399,999,1936,1935,87,110,FWD,13,63,1,DEPART,0
C3B93D0B,1177467,1177845.508,1177845508,1109,1934,1935,87,110,FWD,13,63,1,DEPART,0
C3B93D0B,1177468,1177846.399,1177846399,891,1936,1935,87,110,FWD,13,63,1,DEPART,0
C3B93D0B,1177469,1177847.400,1177847400,1001,1934,1935,87,110,FWD,13,63,1,DEPART,0
C3B93D0B,1177470,1177848.399,1177848399,999,1935,1935,87,110,FWD,13,63,1,DEPART,0
C3B93D0B,1177471,1177849.400,1177849400,1001,1936,1935,87,110,FWD,13,63,1,DEPART,0
C3B93D0B,1177472,1177850.399,1177850399,999,1936,1935,87,110,FWD,13,63,1,DEPART,0
C3B93D0B,1177473,1177851.400,1177851400,1001,1933,1935,87,110,FWD,13,63,1,DEPART,0
C3B93D0B,1177474,1177852.399,1177852399,999,1935,1935,87,110,FWD,13,63,1,DEPART,0
C3B93D0B,1177475,1177853.400,1177853400,1001,1936,1935,87,110,FWD,13,63,1,DEPART,0
C3B93D0B,1177476,1177854.399,1177854399,999,1936,1935,87,110,FWD,13,63,1,DEPART,0
C3B93D0B,1177477,1177855.401,1177855401,1002,1936,1935,87,110,FWD,13,63,1,DEPART,0
C3B93D0B,1177478,1177856.400,1177856400,999,1936,1935,87,110,FWD,13,63,1,DEPART,0
C3B93D0B,1177479,1177857.400,1177857400,1000,1936,1935,87,110,FWD,13,63,1,DEPART,0
C3B93D0B,1177480,1177858.399,1177858399,999,1935,1935,87,110,FWD,13,63,1,DEPART,0
C3B93D0B,1177481,1177859.400,1177859400,1001,1935,1935,87,110,FWD,13,63,1,DEPART,0
C3B93D0B,1177482,1177860.399,1177860399,999,1935,1935,87,110,FWD,13,63,1,DEPART,0
C3B93D0B,1177483,1177861.400,1177861400,1001,1935,1935,87,110,FWD,13,63,1,DEPART,0
C3B93D0B,1177484,1177862.399,1177862399,999,1935,1935,87,110,FWD,13,63,1,DEPART,0
C3B93D0B,1177485,1177863.400,1177863400,1001,1936,1935,87,110,FWD,13,63,1,DEPART,0
C3B93D0B,1177486,1177864.399,1177864399,999,1935,1935,87,110,FWD,13,63,1,DEPART,0
C3B93D0B,1177487,1177865.401,1177865401,1002,1936,1935,87,110,FWD,13,63,1,DEPART,0
C3B93D0B,1177488,1177866.399,1177866399,998,1935,1935,87,110,FWD,13,63,1,DEPART,0
C3B93D0B,1177489,1177867.400,1177867400,1001,1936,1935,87,110,FWD,13,63,1,DEPART,0
C3B93D0B,1177490,1177868.399,1177868399,999,1935,1935,87,110,FWD,13,63,1,DEPART,0
C3B93D0B,1177491,1177869.400,1177869400,1001,1936,1935,87,110,FWD,13,63,1,DEPART,0
C3B93D0B,1177492,1177870.399,1177870399,999,1936,1935,87,110,FWD,13,63,1,DEPART,0
C3B93D0B,1177493,1177871.400,1177871400,1001,1935,1935,87,110,FWD,13,63,1,DEPART,0
C3B93D0B,1177494,1177872.399,1177872399,999,1936,1935,87,110,FWD,13,63,1,DEPART,0
C3B93D0B,1177495,1177873.400,1177873400,1001,1936,1935,87,110,FWD,13,63,1,DEPART,0
C3B93D0B,1177496,1177874.399,1177874399,999,1936,1935,87,110,FWD,13,63,1,DEPART,0
C3B93D0B,1177497,1177875.401,1177875401,1002,1936,1935,87,110,FWD,13,63,1,DEPART,0
C3B93D0B,1177498,1177876.399,1177876399,998,1935,1935,87,110,FWD,13,63,1,DEPART,0
C3B93D0B,1177499,1177877.400,1177877400,1001,1935,1935,87,110,FWD,13,63,1,DEPART,0
C3B93D0B,1177500,1177878.399,1177878399,999,1936,1935,87,110,FWD,13,63,1,DEPART,0
C3B93D0B,1177501,1177879.471,1177879471,1072,1935,1935,87,110,FWD,13,63,1,DEPART,0
C3B93D0B,1177502,1177880.399,1177880399,928,1936,1935,87,110,FWD,13,63,1,DEPART,0
C3B93D0B,1177503,1177881.400,1177881400,1001,1935,1935,87,110,FWD,13,63,1,DEPART,0
C3B93D0B,1177504,1177882.399,1177882399,999,1936,1935,87,110,FWD,13,63,1,DEPART,0
C3B93D0B,1177505,1177883.400,1177883400,1001,1936,1935,87,110,FWD,13,63,1,DEPART,0
C3B93D0B,1177506,1177884.399,1177884399,999,1936,1935,87,110,FWD,13,63,1,DEPART,0
C3B93D0B,1177507,1177885.401,1177885401,1002,1936,1935,87,110,FWD,13,63,1,DEPART,0
C3B93D0B,1177508,1177886.744,1177886744,1343,1934,1935,87,110,FWD,45,63,1,DEPART,0
C3B93D0B,1177509,1177887.399,1177887399,655,1936,1935,87,110,FWD,13,63,1,DEPART,0
C3B93D0B,1177510,1177888.400,1177888400,1001,1936,1935,87,110,FWD,13,63,1,DEPART,0
C3B93D0B,1177511,1177889.399,1177889399,999,1936,1935,87,110,FWD,13,63,1,DEPART,0
C3B93D0B,1177512,1177890.400,1177890400,1001,1934,1935,88,110,FWD,13,63,1,DEPART,0
C3B93D0B,1177513,1177891.399,1177891399,999,1936,1935,88,110,FWD,13,63,1,DEPART,0
C3B93D0B,1177514,1177892.400,1177892400,1001,1936,1935,88,110,FWD,13,63,1,DEPART,0
C3B93D0B,1177515,1177893.399,1177893399,999,1936,1935,88,110,FWD,13,63,1,DEPART,0
C3B93D0B,1177516,1177894.400,1177894400,1001,1936,1935,88,110,FWD,13,63,1,DEPART,0
C3B93D0B,1177517,1177895.400,1177895400,1000,1936,1935,88,110,FWD,13,63,1,DEPART,0
C3B93D0B,1177518,1177896.400,1177896400,1000,1936,1935,88,110,FWD,13,63,1,DEPART,0
C3B93D0B,1177519,1177897.399,1177897399,999,1936,1935,88,110,FWD,13,63,1,DEPART,0
C3B93D0B,1177520,1177898.400,1177898400,1001,1936,1935,88,110,FWD,13,63,1,DEPART,0
C3B93D0B,1177521,1177899.399,1177899399,999,1936,1935,88,110,FWD,13,63,1,DEPART,0
C3B93D0B,1177522,1177900.400,1177900400,1001,1936,1935,88,110,FWD,13,63,1,DEPART,0
C3B93D0B,1177523,1177901.399,1177901399,999,1936,1935,88,110,FWD,13,63,1,DEPART,0
C3B93D0B,1177524,1177902.400,1177902400,1001,1936,1935,88,110,FWD,13,63,1,DEPART,0
C3B93D0B,1177525,1177903.399,1177903399,999,1936,1935,88,110,FWD,13,63,1,DEPART,0
C3B93D0B,1177526,1177904.400,1177904400,1001,1936,1935,88,110,FWD,13,63,1,DEPART,0
C3B93D0B,1177527,1177905.400,1177905400,1000,1936,1935,88,110,FWD,13,63,1,DEPART,0
C3B93D0B,1177528,1177906.400,1177906400,1000,1933,1935,88,110,FWD,13,63,1,DEPART,0
C3B93D0B,1177529,1177907.399,1177907399,999,1936,1935,88,110,FWD,13,63,1,DEPART,0
C3B93D0B,1177530,1177908.400,1177908400,1001,1936,1935,88,110,FWD,13,63,1,DEPART,0
C3B93D0B,1177531,1177909.399,1177909399,999,1936,1935,88,110,FWD,13,63,1,DEPART,0
C3B93D0B,1177532,1177910.400,1177910400,1001,1936,1935,88,110,FWD,13,63,1,DEPART,0
C3B93D0B,1177533,1177911.399,1177911399,999,1936,1935,88,110,FWD,13,63,1,DEPART,0
C3B93D0B,1177534,1177912.400,1177912400,1001,1936,1935,88,110,FWD,13,63,1,DEPART,0
C3B93D0B,1177535,1177913.399,1177913399,999,1936,1935,88,110,FWD,13,63,1,DEPART,0
C3B93D0B,1177536,1177914.400,1177914400,1001,1936,1935,88,110,FWD,13,63,1,DEPART,0
C3B93D0B,1177537,1177915.400,1177915400,1000,1936,1935,88,110,FWD,13,63,1,DEPART,0
C3B93D0B,1177538,1177916.400,1177916400,1000,1936,1935,88,110,FWD,13,63,1,DEPART,0
C3B93D0B,1177539,1177917.399,1177917399,999,1936,1935,88,110,FWD,13,63,1,DEPART,0
C3B93D0B,1177540,1177918.400,1177918400,1001,1937,1935,88,110,FWD,13,63,1,DEPART,0
C3B93D0B,1177541,1177919.435,1177919435,1035,1936,1935,88,110,FWD,13,63,1,DEPART,0
C3B93D0B,1177542,1177920.400,1177920400,965,1936,1935,88,110,FWD,13,63,1,DEPART,0
C3B93D0B,1177543,1177921.399,1177921399,999,1936,1935,88,110,FWD,13,63,1,DEPART,0
C3B93D0B,1177544,1177922.400,1177922400,1001,1935,1935,88,110,FWD,13,63,1,DEPART,0
C3B93D0B,1177545,1177923.399,1177923399,999,1936,1935,88,110,FWD,13,63,1,DEPART,0
C3B93D0B,1177546,1177924.400,1177924400,1001,1935,1935,88,110,FWD,13,63,1,DEPART,0
C3B93D0B,1177547,1177925.400,1177925400,1000,1936,1935,88,110,FWD,13,63,1,DEPART,0
C3B93D0B,1177548,1177926.400,1177926400,1000,1936,1935,88,110,FWD,13,63,1,DEPART,0
C3B93D0B,1177549,1177927.399,1177927399,999,1935,1935,88,110,FWD,13,63,1,DEPART,0
C3B93D0B,1177550,1177928.400,1177928400,1001,1936,1935,88,110,FWD,13,63,1,DEPART,0
C3B93D0B,1177551,1177929.399,1177929399,999,1935,1935,88,110,FWD,13,63,1,DEPART,0
C3B93D0B,1177552,1177930.400,1177930400,1001,1936,1935,88,110,FWD,13,63,1,DEPART,0
C3B93D0B,1177553,1177931.399,1177931399,999,1936,1935,88,110,FWD,13,63,1,DEPART,0
C3B93D0B,1177554,1177932.400,1177932400,1001,1936,1935,88,110,FWD,13,63,1,DEPART,0
C3B93D0B,1177555,1177933.399,1177933399,999,1936,1935,88,110,FWD,13,63,1,DEPART,0
C3B93D0B,1177556,1177934.400,1177934400,1001,1936,1935,88,110,FWD,13,63,1,DEPART,0
C3B93D0B,1177557,1177935.400,1177935400,1000,1936,1935,88,110,FWD,13,63,1,DEPART,0
C3B93D0B,1177558,1177936.402,1177936402,1002,1936,1935,88,110,FWD,13,63,1,DEPART,0
C3B93D0B,1177559,1177937.402,1177937402,1000,1936,1935,88,110,FWD,13,63,1,DEPART,0
C3B93D0B,1177560,1177938.666,1177938666,1264,1936,1935,88,110,FWD,45,63,1,DEPART,0
C3B93D0B,1177561,1177940.091,1177940091,1425,1936,1935,88,110,FWD,45,63,1,DEPART,0
C3B93D0B,1177562,1177940.400,1177940400,309,1937,1935,88,110,FWD,13,63,1,DEPART,0
C3B93D0B,1177563,1177941.399,1177941399,999,1936,1935,88,110,FWD,13,63,1,DEPART,0
C3B93D0B,1177564,1177942.400,1177942400,1001,1936,1935,88,110,FWD,13,63,1,DEPART,0
C3B93D0B,1177565,1177943.399,1177943399,999,1936,1935,88,110,FWD,13,63,1,DEPART,0
C3B93D0B,1177566,1177944.400,1177944400,1001,1936,1935,88,110,FWD,13,63,1,DEPART,0
C3B93D0B,1177567,1177945.399,1177945399,999,1936,1935,88,110,FWD,13,63,1,DEPART,0
C3B93D0B,1177568,1177946.401,1177946401,1002,1936,1935,88,110,FWD,13,63,1,DEPART,0
C3B93D0B,1177569,1177947.399,1177947399,998,1936,1935,88,110,FWD,13,63,1,DEPART,0
C3B93D0B,1177570,1177948.400,1177948400,1001,1936,1935,88,110,FWD,13,63,1,DEPART,0
C3B93D0B,1177571,1177949.399,1177949399,999,1935,1935,88,110,FWD,13,63,1,DEPART,0
C3B93D0B,1177572,1177950.400,1177950400,1001,1936,1935,88,110,FWD,13,63,1,DEPART,0
C3B93D0B,1177573,1177951.399,1177951399,999,1936,1935,88,110,FWD,13,63,1,DEPART,0
C3B93D0B,1177574,1177952.400,1177952400,1001,1936,1935,89,110,FWD,13,63,1,DEPART,0
C3B93D0B,1177575,1177953.399,1177953399,999,1936,1935,89,110,FWD,13,63,1,DEPART,0
C3B93D0B,1177576,1177954.400,1177954400,1001,1936,1935,89,110,FWD,13,63,1,DEPART,0
C3B93D0B,1177577,1177955.399,1177955399,999,1936,1935,89,110,FWD,13,63,1,DEPART,0
C3B93D0B,1177578,1177956.401,1177956401,1002,1935,1935,89,110,FWD,13,63,1,DEPART,0
C3B93D0B,1177579,1177957.400,1177957400,999,1936,1935,89,110,FWD,13,63,1,DEPART,0
C3B93D0B,1177580,1177958.400,1177958400,1000,1936,1935,89,110,FWD,13,63,1,DEPART,0
C3B93D0B,1177581,1177959.399,1177959399,999,1936,1935,89,110,FWD,13,63,1,DEPART,0
C3B93D0B,1177582,1177960.400,1177960400,1001,1936,1935,89,110,FWD,13,63,1,DEPART,0
C3B93D0B,1177583,1177961.399,1177961399,999,1936,1935,89,110,FWD,13,63,1,DEPART,0
C3B93D0B,1177584,1177962.400,1177962400,1001,1936,1935,89,110,FWD,13,63,1,DEPART,0
C3B93D0B,1177585,1177963.399,1177963399,999,1936,1935,89,110,FWD,13,63,1,DEPART,0
C3B93D0B,1177586,1177964.400,1177964400,1001,1936,1935,89,110,FWD,13,63,1,DEPART,0
C3B93D0B,1177587,1177965.399,1177965399,999,1936,1935,89,110,FWD,13,63,1,DEPART,0
C3B93D0B,1177588,1177966.401,1177966401,1002,1936,1935,89,110,FWD,13,63,1,DEPART,0
C3B93D0B,1177589,1177967.399,1177967399,998,1936,1935,89,110,FWD,13,63,1,DEPART,0
C3B93D0B,1177590,1177968.400,1177968400,1001,1937,1935,89,110,FWD,13,63,1,DEPART,0
C3B93D0B,1177591,1177969.399,1177969399,999,1936,1935,89,110,FWD,13,63,1,DEPART,0
C3B93D0B,1177592,1177970.400,1177970400,1001,1936,1935,89,110,FWD,13,63,1,DEPART,0
C3B93D0B,1177593,1177971.399,1177971399,999,1936,1935,89,110,FWD,13,63,1,DEPART,0
C3B93D0B,1177594,1177972.400,1177972400,1001,1936,1935,89,110,FWD,13,63,1,DEPART,0
C3B93D0B,1177595,1177973.399,1177973399,999,1936,1935,89,110,FWD,13,63,1,DEPART,0
C3B93D0B,1177596,1177974.400,1177974400,1001,1936,1935,89,110,FWD,13,63,1,DEPART,0
C3B93D0B,1177597,1177975.399,1177975399,999,1936,1935,89,110,FWD,13,63,1,DEPART,0
C3B93D0B,1177598,1177976.401,1177976401,1002,1936,1935,89,110,FWD,13,63,1,DEPART,0
C3B93D0B,1177599,1177977.399,1177977399,998,1936,1935,89,110,FWD,13,63,1,DEPART,0
C3B93D0B,1177600,1177978.400,1177978400,1001,1936,1935,89,110,FWD,13,63,1,DEPART,0
C3B93D0B,1177601,1177979.399,1177979399,999,1937,1935,89,110,FWD,13,63,1,DEPART,0
C3B93D0B,1177602,1177980.400,1177980400,1001,1936,1935,89,110,FWD,13,63,1,DEPART,0
C3B93D0B,1177603,1177981.399,1177981399,999,1936,1935,89,110,FWD,13,63,1,DEPART,0
C3B93D0B,1177604,1177982.400,1177982400,1001,1935,1935,89,110,FWD,13,63,1,DEPART,0
C3B93D0B,1177605,1177983.399,1177983399,999,1936,1935,89,110,FWD,13,63,1,DEPART,0
C3B93D0B,1177606,1177984.400,1177984400,1001,1936,1935,89,110,FWD,13,63,1,DEPART,0
C3B93D0B,1177607,1177985.399,1177985399,999,1936,1935,89,110,FWD,13,63,1,DEPART,0
C3B93D0B,1177608,1177986.401,1177986401,1002,1936,1935,89,110,FWD,13,63,1,DEPART,0
C3B93D0B,1177609,1177987.769,1177987769,1368,1935,1935,89,110,FWD,45,63,1,DEPART,0
C3B93D0B,1177610,1177988.399,1177988399,630,1936,1935,89,110,FWD,13,63,1,DEPART,0
C3B93D0B,1177611,1177989.400,1177989400,1001,1936,1935,89,110,FWD,13,63,1,DEPART,0
C3B93D0B,1177612,1177990.399,1177990399,999,1936,1935,89,110,FWD,13,63,1,DEPART,0
C3B93D0B,1177613,1177991.400,1177991400,1001,1936,1935,89,110,FWD,13,63,1,DEPART,0
C3B93D0B,1177614,1177992.399,1177992399,999,1936,1935,89,110,FWD,13,63,1,DEPART,0
C3B93D0B,1177615,1177993.400,1177993400,1001,1936,1935,89,110,FWD,13,63,1,DEPART,0
C3B93D0B,1177616,1177994.399,1177994399,999,1936,1935,89,110,FWD,13,63,1,DEPART,0
C3B93D0B,1177617,1177995.400,1177995400,1001,1936,1935,89,110,FWD,13,63,1,DEPART,0
C3B93D0B,1177618,1177996.400,1177996400,1000,1936,1935,89,110,FWD,13,63,1,DEPART,0
C3B93D0B,1177619,1177997.400,1177997400,1000,1936,1935,89,110,FWD,13,63,1,DEPART,0
C3B93D0B,1177620,1177998.399,1177998399,999,1936,1935,89,110,FWD,13,63,1,DEPART,0
C3B93D0B,1177621,1177999.400,1177999400,1001,1936,1935,89,110,FWD,13,63,1,DEPART,0
C3B93D0B,1177622,1178000.399,1178000399,999,1936,1935,89,110,FWD,13,63,1,DEPART,0
C3B93D0B,1177623,1178001.400,1178001400,1001,1936,1935,89,110,FWD,13,63,1,DEPART,0
C3B93D0B,1177624,1178002.399,1178002399,999,1936,1935,89,110,FWD,13,63,1,DEPART,0
C3B93D0B,1177625,1178003.400,1178003400,1001,1935,1935,89,110,FWD,13,63,1,DEPART,0
C3B93D0B,1177626,1178004.399,1178004399,999,1936,1935,89,110,FWD,13,63,1,DEPART,0
C3B93D0B,1177627,1178005.400,1178005400,1001,1935,1935,89,110,FWD,13,63,1,DEPART,0
C3B93D0B,1177628,1178006.400,1178006400,1000,1935,1935,89,110,FWD,13,63,1,DEPART,0
C3B93D0B,1177629,1178007.400,1178007400,1000,1936,1935,89,110,FWD,13,63,1,DEPART,0
C3B93D0B,1177630,1178008.399,1178008399,999,1936,1935,89,110,FWD,13,63,1,DEPART,0
C3B93D0B,1177631,1178009.400,1178009400,1001,1935,1935,89,110,FWD,13,63,1,DEPART,0
C3B93D0B,1177632,1178010.399,1178010399,999,1936,1935,89,110,FWD,13,63,1,DEPART,0
C3B93D0B,1177633,1178011.400,1178011400,1001,1935,1935,89,110,FWD,13,63,1,DEPART,0
C3B93D0B,1177634,1178012.399,1178012399,999,1936,1935,89,110,FWD,13,63,1,DEPART,0
C3B93D0B,1177635,1178013.400,1178013400,1001,1936,1935,89,110,FWD,13,63,1,DEPART,0
C3B93D0B,1177636,1178014.399,1178014399,999,1936,1935,89,110,FWD,13,63,1,DEPART,0
C3B93D0B,1177637,1178015.400,1178015400,1001,1936,1935,90,110,FWD,13,63,1,DEPART,0
C3B93D0B,1177638,1178016.400,1178016400,1000,1935,1935,90,110,FWD,13,63,1,DEPART,0
C3B93D0B,1177639,1178017.400,1178017400,1000,1936,1935,90,110,FWD,13,63,1,DEPART,0
C3B93D0B,1177640,1178018.399,1178018399,999,1936,1935,90,110,FWD,13,63,1,DEPART,0
C3B93D0B,1177641,1178019.400,1178019400,1001,1936,1935,90,110,FWD,13,63,1,DEPART,0
C3B93D0B,1177642,1178020.399,1178020399,999,1934,1935,90,110,FWD,13,63,1,DEPART,0
C3B93D0B,1177643,1178021.767,1178021767,1368,1934,1935,90,110,FWD,45,63,1,DEPART,0
C3B93D0B,1177644,1178022.643,1178022643,876,1934,1935,90,110,FWD,13,63,1,DEPART,0
C3B93D0B,1177645,1178023.400,1178023400,757,1936,1935,90,110,FWD,13,63,1,DEPART,0
C3B93D0B,1177646,1178024.399,1178024399,999,1935,1935,90,110,FWD,13,63,1,DEPART,0
C3B93D0B,1177647,1178025.400,1178025400,1001,1935,1935,90,110,FWD,13,63,1,DEPART,0
C3B93D0B,1177648,1178026.400,1178026400,1000,1935,1935,90,110,FWD,13,63,1,DEPART,0
C3B93D0B,1177649,1178027.400,1178027400,1000,1933,1935,90,110,FWD,13,63,1,DEPART,0
C3B93D0B,1177650,1178028.399,1178028399,999,1935,1935,90,110,FWD,13,63,1,DEPART,0
C3B93D0B,1177651,1178029.400,1178029400,1001,1936,1935,90,110,FWD,13,63,1,DEPART,0
C3B93D0B,1177652,1178030.399,1178030399,999,1936,1935,90,110,FWD,13,63,1,DEPART,0
C3B93D0B,1177653,1178031.400,1178031400,1001,1936,1935,90,110,FWD,13,63,1,DEPART,0
C3B93D0B,1177654,1178032.399,1178032399,999,1933,1935,90,110,FWD,13,63,1,DEPART,0
C3B93D0B,1177655,1178033.400,1178033400,1001,1935,1935,90,110,FWD,13,63,1,DEPART,0
C3B93D0B,1177656,1178034.399,1178034399,999,1934,1935,90,110,FWD,13,63,1,DEPART,0
C3B93D0B,1177657,1178035.400,1178035400,1001,1935,1935,90,110,FWD,13,63,1,DEPART,0
C3B93D0B,1177658,1178036.400,1178036400,1000,1933,1935,90,110,FWD,13,63,1,DEPART,0
C3B93D0B,1177659,1178037.401,1178037401,1001,1934,1935,90,110,FWD,13,63,1,DEPART,0
C3B93D0B,1177660,1178038.402,1178038402,1001,1932,1935,90,110,FWD,13,63,1,DEPART,0
C3B93D0B,1177661,1178039.403,1178039403,1001,1934,1935,90,110,FWD,13,63,1,DEPART,0
C3B93D0B,1177662,1178040.573,1178040573,1170,1932,1935,90,110,FWD,13,63,1,DEPART,0
C3B93D0B,1177663,1178041.400,1178041400,827,1933,1935,90,110,FWD,13,63,1,DEPART,0
C3B93D0B,1177664,1178042.399,1178042399,999,1931,1935,90,110,FWD,13,63,1,DEPART,0
C3B93D0B,1177665,1178043.400,1178043400,1001,1933,1935,90,110,FWD,13,63,1,DEPART,0
C3B93D0B,1177666,1178044.399,1178044399,999,1931,1935,90,110,FWD,13,63,1,DEPART,0
C3B93D0B,1177667,1178045.400,1178045400,1001,1931,1935,90,110,FWD,13,63,1,DEPART,0
C3B93D0B,1177668,1178046.399,1178046399,999,1931,1935,90,110,FWD,13,63,1,DEPART,0
C3B93D0B,1177669,1178047.401,1178047401,1002,1931,1935,90,110,FWD,13,63,1,DEPART,0
C3B93D0B,1177670,1178048.401,1178048401,1000,1930,1935,90,110,FWD,13,63,1,DEPART,0
C3B93D0B,1177671,1178049.403,1178049403,1002,1931,1935,90,110,FWD,13,63,1,DEPART,0
C3B93D0B,1177672,1178050.399,1178050399,996,1931,1935,90,110,FWD,13,63,1,DEPART,0
C3B93D0B,1177673,1178051.400,1178051400,1001,1931,1935,90,110,FWD,13,63,1,DEPART,0
C3B93D0B,1177674,1178052.399,1178052399,999,1929,1935,90,110,FWD,13,63,1,DEPART,0
C3B93D0B,1177675,1178053.400,1178053400,1001,1929,1935,90,110,FWD,13,63,1,DEPART,0
C3B93D0B,1177676,1178054.399,1178054399,999,1931,1935,90,110,FWD,13,63,1,DEPART,0
C3B93D0B,1177677,1178055.400,1178055400,1001,1929,1935,90,110,FWD,13,63,1,DEPART,0
C3B93D0B,1177678,1178056.399,1178056399,999,1930,1935,90,110,FWD,13,63,1,DEPART,0
C3B93D0B,1177679,1178057.400,1178057400,1001,1930,1935,90,110,FWD,13,63,1,DEPART,0
C3B93D0B,1177680,1178058.400,1178058400,1000,1927,1935,90,110,FWD,13,63,1,DEPART,0
C3B93D0B,1177681,1178059.400,1178059400,1000,1929,1935,90,110,FWD,13,63,1,DEPART,0
C3B93D0B,1177682,1178060.399,1178060399,999,1927,1935,90,110,FWD,13,63,1,DEPART,0
C3B93D0B,1177683,1178061.400,1178061400,1001,1927,1935,90,110,FWD,13,63,1,DEPART,0
C3B93D0B,1177684,1178062.399,1178062399,999,1925,1935,90,110,FWD,13,63,1,DEPART,0
C3B93D0B,1177685,1178063.400,1178063400,1001,1923,1935,90,110,FWD,13,63,1,DEPART,0
C3B93D0B,1177686,1178064.399,1178064399,999,1924,1935,90,110,FWD,13,63,1,DEPART,0
C3B93D0B,1177687,1178065.400,1178065400,1001,1925,1935,90,110,FWD,13,63,1,DEPART,0
C3B93D0B,1177688,1178066.399,1178066399,999,1924,1935,90,110,FWD,13,63,1,DEPART,0
C3B93D0B,1177689,1178067.400,1178067400,1001,1923,1935,90,110,FWD,13,63,1,DEPART,0
C3B93D0B,1177690,1178068.400,1178068400,1000,1923,1935,90,110,FWD,13,63,1,DEPART,0
C3B93D0B,1177691,1178069.400,1178069400,1000,1923,1935,90,110,FWD,13,63,1,DEPART,0
C3B93D0B,1177692,1178070.399,1178070399,999,1921,1935,90,110,FWD,13,63,1,DEPART,0
C3B93D0B,1177693,1178071.400,1178071400,1001,1921,1935,90,110,FWD,13,63,1,DEPART,0
C3B93D0B,1177694,1178072.399,1178072399,999,1921,1935,90,110,FWD,13,63,1,DEPART,0
C3B93D0B,1177695,1178073.400,1178073400,1001,1920,1935,90,110,FWD,13,63,1,DEPART,0
C3B93D0B,1177696,1178074.399,1178074399,999,1919,1935,90,110,FWD,13,63,1,DEPART,0
C3B93D0B,1177697,1178075.400,1178075400,1001,1921,1935,90,110,FWD,13,63,1,DEPART,0
C3B93D0B,1177698,1178076.399,1178076399,999,1919,1935,90,110,FWD,13,63,1,DEPART,0
C3B93D0B,1177699,1178077.400,1178077400,1001,1920,1935,91,110,FWD,13,63,1,DEPART,0
C3B93D0B,1177700,1178078.400,1178078400,1000,1918,1935,91,110,FWD,13,63,1,DEPART,0
C3B93D0B,1177701,1178079.511,1178079511,1111,1917,1935,91,110,FWD,13,63,1,DEPART,0
C3B93D0B,1177702,1178080.399,1178080399,888,1916,1935,91,110,FWD,13,63,1,DEPART,0
C3B93D0B,1177703,1178081.400,1178081400,1001,1917,1935,91,110,FWD,13,63,1,DEPART,0
C3B93D0B,1177704,1178082.399,1178082399,999,1914,1935,91,110,FWD,13,63,1,DEPART,0
C3B93D0B,1177705,1178083.400,1178083400,1001,1914,1935,91,110,FWD,13,63,1,DEPART,0
C3B93D0B,1177706,1178084.399,1178084399,999,1913,1935,91,110,FWD,13,63,1,DEPART,0
C3B93D0B,1177707,1178085.400,1178085400,1001,1913,1935,91,110,FWD,13,63,1,DEPART,0
C3B93D0B,1177708,1178086.399,1178086399,999,1910,1935,91,110,FWD,13,63,1,DEPART,0
C3B93D0B,1177709,1178087.400,1178087400,1001,1909,1935,91,110,FWD,13,63,1,DEPART,0
C3B93D0B,1177710,1178088.400,1178088400,1000,1910,1935,91,110,FWD,13,63,1,DEPART,0
C3B93D0B,1177711,1178089.400,1178089400,1000,1907,1935,91,110,FWD,13,63,1,DEPART,0
C3B93D0B,1177712,1178090.399,1178090399,999,1907,1935,91,110,FWD,13,63,1,DEPART,0
C3B93D0B,1177713,1178091.400,1178091400,1001,1907,1935,91,110,FWD,13,63,1,DEPART,0
C3B93D0B,1177714,1178092.399,1178092399,999,1906,1935,91,110,FWD,13,63,1,DEPART,0
C3B93D0B,1177715,1178093.400,1178093400,1001,1905,1935,91,110,FWD,13,63,1,DEPART,0
C3B93D0B,1177716,1178094.399,1178094399,999,1905,1935,91,110,FWD,13,63,1,DEPART,0
C3B93D0B,1177717,1178095.522,1178095522,1123,1904,1935,91,110,FWD,13,63,1,DEPART,0
C3B93D0B,1177718,1178096.399,1178096399,877,1904,1935,91,110,FWD,13,63,1,DEPART,0
C3B93D0B,1177719,1178097.400,1178097400,1001,1903,1935,91,110,FWD,13,63,1,DEPART,0
C3B93D0B,1177720,1178098.400,1178098400,1000,1901,1935,91,110,FWD,13,63,1,DEPART,0
C3B93D0B,1177721,1178099.400,1178099400,1000,1901,1935,91,110,FWD,13,63,1,DEPART,0
C3B93D0B,1177722,1178100.399,1178100399,999,1899,1935,91,110,FWD,13,63,1,DEPART,0
C3B93D0B,1177723,1178101.400,1178101400,1001,1898,1935,91,110,FWD,13,63,1,DEPART,0
C3B93D0B,1177724,1178102.399,1178102399,999,1898,1935,91,110,FWD,13,63,1,DEPART,0
C3B93D0B,1177725,1178103.400,1178103400,1001,1893,1935,91,110,FWD,13,63,1,DEPART,0
C3B93D0B,1177726,1178104.399,1178104399,999,1895,1935,91,110,FWD,13,63,1,DEPART,0
C3B93D0B,1177727,1178105.400,1178105400,1001,1890,1935,91,110,FWD,13,63,1,DEPART,0
C3B93D0B,1177728,1178106.399,1178106399,999,1891,1935,91,110,FWD,13,63,1,DEPART,0
C3B93D0B,1177729,1178107.400,1178107400,1001,1889,1935,91,110,FWD,13,63,1,DEPART,0
C3B93D0B,1177730,1178108.400,1178108400,1000,1887,1935,91,110,FWD,13,63,1,DEPART,0
C3B93D0B,1177731,1178109.400,1178109400,1000,1886,1935,91,110,FWD,13,63,1,DEPART,0
C3B93D0B,1177732,1178110.399,1178110399,999,1884,1935,91,110,FWD,13,63,1,DEPART,0
C3B93D0B,1177733,1178111.400,1178111400,1001,1883,1935,91,110,FWD,13,63,1,DEPART,0
C3B93D0B,1177734,1178112.399,1178112399,999,1882,1935,91,110,FWD,13,63,1,DEPART,0
C3B93D0B,1177735,1178113.400,1178113400,1001,1877,1935,91,110,FWD,13,63,1,DEPART,0
C3B93D0B,1177736,1178114.399,1178114399,999,1877,1935,91,110,FWD,13,63,1,DEPART,0
C3B93D0B,1177737,1178115.400,1178115400,1001,1875,1935,91,110,FWD,13,63,1,DEPART,0
C3B93D0B,1177738,1178116.399,1178116399,999,1874,1935,91,110,FWD,13,63,1,DEPART,0
C3B93D0B,1177739,1178117.400,1178117400,1001,1872,1935,91,110,FWD,13,63,1,DEPART,0
C3B93D0B,1177740,1178118.665,1178118665,1265,1871,1935,91,110,FWD,45,63,1,DEPART,0
C3B93D0B,1177741,1178119.400,1178119400,735,1872,1935,91,110,FWD,13,63,1,DEPART,0
C3B93D0B,1177742,1178120.399,1178120399,999,1869,1935,91,110,FWD,13,63,1,DEPART,0
C3B93D0B,1177743,1178121.400,1178121400,1001,1867,1935,91,110,FWD,13,63,1,DEPART,0
C3B93D0B,1177744,1178122.399,1178122399,999,1865,1935,91,110,FWD,13,63,1,DEPART,0
C3B93D0B,1177745,1178123.400,1178123400,1001,1863,1935,91,110,FWD,29,63,1,DEPART,0
C3B93D0B,1177746,1178124.399,1178124399,999,1859,1935,91,110,FWD,29,63,1,DEPART,0
C3B93D0B,1177747,1178125.400,1178125400,1001,1859,1935,91,110,FWD,29,63,1,DEPART,0
C3B93D0B,1177748,1178126.399,1178126399,999,1856,1935,91,110,FWD,29,63,1,DEPART,0
C3B93D0B,1177749,1178127.400,1178127400,1001,1856,1935,91,110,FWD,29,63,1,DEPART,0
C3B93D0B,1177750,1178128.400,1178128400,1000,1853,1935,91,110,FWD,29,63,1,DEPART,0
C3B93D0B,1177751,1178129.400,1178129400,1000,1853,1935,91,110,FWD,29,63,1,DEPART,0
C3B93D0B,1177752,1178130.399,1178130399,999,1849,1935,91,110,FWD,29,63,1,DEPART,0
C3B93D0B,1177753,1178131.400,1178131400,1001,1846,1935,91,110,FWD,29,63,1,DEPART,0
C3B93D0B,1177754,1178132.399,1178132399,999,1844,1935,91,110,FWD,29,63,1,DEPART,0
C3B93D0B,1177755,1178133.400,1178133400,1001,1843,1935,91,110,FWD,29,63,1,DEPART,0
C3B93D0B,1177756,1178134.399,1178134399,999,1842,1935,91,110,FWD,29,63,1,DEPART,0
C3B93D0B,1177757,1178135.400,1178135400,1001,1840,1935,91,110,FWD,29,63,1,DEPART,0
C3B93D0B,1177758,1178136.399,1178136399,999,1840,1935,91,110,FWD,29,63,1,DEPART,0
C3B93D0B,1177759,1178137.400,1178137400,1001,1836,1935,91,110,FWD,29,63,1,DEPART,0
C3B93D0B,1177760,1178138.400,1178138400,1000,1835,1935,91,110,FWD,29,63,1,DEPART,0
C3B93D0B,1177761,1178139.402,1178139402,1002,1831,1935,91,110,FWD,29,63,1,DEPART,0
C3B93D0B,1177762,1178140.401,1178140401,999,1833,1935,92,110,FWD,29,63,1,DEPART,0
C3B93D0B,1177763,1178141.400,1178141400,999,1827,1935,92,110,FWD,29,63,1,DEPART,0
C3B93D0B,1177764,1178142.399,1178142399,999,1825,1935,92,110,FWD,29,63,1,DEPART,0
C3B93D0B,1177765,1178143.401,1178143401,1002,1822,1935,92,110,FWD,29,63,1,DEPART,0
C3B93D0B,1177766,1178144.571,1178144571,1170,1820,1935,92,110,FWD,29,63,1,DEPART,0
C3B93D0B,1177767,1178145.400,1178145400,829,1818,1935,92,110,FWD,29,63,1,DEPART,0
C3B93D0B,1177768,1178146.399,1178146399,999,1818,1935,92,110,FWD,29,63,1,DEPART,0
C3B93D0B,1177769,1178147.400,1178147400,1001,1813,1935,92,110,FWD,29,63,1,DEPART,0
C3B93D0B,1177770,1178148.399,1178148399,999,1811,1935,92,110,FWD,29,63,1,DEPART,0
C3B93D0B,1177771,1178149.401,1178149401,1002,1809,1935,92,110,FWD,29,63,1,DEPART,0
C3B93D0B,1177772,1178150.400,1178150400,999,1808,1935,92,110,FWD,29,63,1,DEPART,0
C3B93D0B,1177773,1178151.400,1178151400,1000,1808,1935,92,110,FWD,29,63,1,DEPART,0
C3B93D0B,1177774,1178152.399,1178152399,999,1807,1935,92,110,FWD,29,63,1,DEPART,0
C3B93D0B,1177775,1178153.400,1178153400,1001,1806,1935,92,110,FWD,29,63,1,DEPART,0
C3B93D0B,1177776,1178154.399,1178154399,999,1801,1935,92,110,FWD,29,63,1,DEPART,0
C3B93D0B,1177777,1178155.400,1178155400,1001,1801,1935,92,110,FWD,29,63,1,DEPART,0
C3B93D0B,1177778,1178156.399,1178156399,999,1797,1935,92,110,FWD,29,63,1,DEPART,0
C3B93D0B,1177779,1178157.400,1178157400,1001,1795,1935,92,110,FWD,29,63,1,DEPART,0
C3B93D0B,1177780,1178158.399,1178158399,999,1794,1935,92,110,FWD,29,63,1,DEPART,0
C3B93D0B,1177781,1178159.401,1178159401,1002,1792,1935,92,110,FWD,29,63,1,DEPART,0
C3B93D0B,1177782,1178160.399,1178160399,998,1792,1935,92,110,FWD,29,63,1,DEPART,0
C3B93D0B,1177783,1178161.400,1178161400,1001,1788,1935,92,110,FWD,29,63,1,DEPART,0
C3B93D0B,1177784,1178162.399,1178162399,999,1786,1935,92,110,FWD,29,63,1,DEPART,0
C3B93D0B,1177785,1178163.400,1178163400,1001,1785,1935,92,110,FWD,29,63,1,DEPART,0
C3B93D0B,1177786,1178164.399,1178164399,999,1783,1935,92,110,FWD,29,63,1,DEPART,0
C3B93D0B,1177787,1178165.400,1178165400,1001,1781,1935,92,110,FWD,29,63,1,DEPART,0
C3B93D0B,1177788,1178166.399,1178166399,999,1779,1935,92,110,FWD,29,63,1,DEPART,0
C3B93D0B,1177789,1178167.400,1178167400,1001,1780,1935,92,110,FWD,29,63,1,DEPART,0
C3B93D0B,1177790,1178168.399,1178168399,999,1776,1935,92,110,FWD,29,63,1,DEPART,0
C3B93D0B,1177791,1178169.401,1178169401,1002,1775,1935,92,110,FWD,29,63,1,DEPART,0
C3B93D0B,1177792,1178170.400,1178170400,999,1775,1935,92,110,FWD,29,63,1,DEPART,0
C3B93D0B,1177793,1178171.400,1178171400,1000,1774,1935,92,110,FWD,29,63,1,DEPART,0
C3B93D0B,1177794,1178172.399,1178172399,999,1773,1935,92,110,FWD,29,63,1,DEPART,0
C3B93D0B,1177795,1178173.400,1178173400,1001,1770,1935,92,110,FWD,29,63,1,DEPART,0
C3B93D0B,1177796,1178174.399,1178174399,999,1770,1935,92,110,FWD,29,63,1,DEPART,0
C3B93D0B,1177797,1178175.400,1178175400,1001,1767,1935,92,110,FWD,29,63,1,DEPART,0
C3B93D0B,1177798,1178176.399,1178176399,999,1766,1935,92,110,FWD,29,63,1,DEPART,0
C3B93D0B,1177799,1178177.400,1178177400,1001,1765,1935,92,110,FWD,29,63,1,DEPART,0
C3B93D0B,1177800,1178178.399,1178178399,999,1763,1935,92,110,FWD,29,63,1,DEPART,0
C3B93D0B,1177801,1178179.401,1178179401,1002,1761,1935,92,110,FWD,29,63,1,DEPART,0
C3B93D0B,1177802,1178180.755,1178180755,1354,1761,1935,92,110,FWD,61,63,1,DEPART,0
C3B93D0B,1177803,1178181.399,1178181399,644,1760,1935,92,110,FWD,29,63,1,DEPART,0
C3B93D0B,1177804,1178182.635,1178182635,1236,1759,1935,92,110,FWD,29,63,1,DEPART,0
C3B93D0B,1177805,1178183.399,1178183399,764,1760,1935,92,110,FWD,29,63,1,DEPART,0
C3B93D0B,1177806,1178184.400,1178184400,1001,1755,1935,92,110,FWD,29,63,1,DEPART,0
C3B93D0B,1177807,1178185.399,1178185399,999,1757,1935,92,110,FWD,29,63,1,DEPART,0
C3B93D0B,1177808,1178186.400,1178186400,1001,1756,1935,92,110,FWD,29,63,1,DEPART,0
C3B93D0B,1177809,1178187.399,1178187399,999,1755,1935,92,110,FWD,29,63,1,DEPART,0
C3B93D0B,1177810,1178188.400,1178188400,1001,1751,1935,92,110,FWD,29,63,1,DEPART,0
C3B93D0B,1177811,1178189.400,1178189400,1000,1751,1935,92,110,FWD,29,63,1,DEPART,0
C3B93D0B,1177812,1178190.400,1178190400,1000,1751,1935,92,110,FWD,29,63,1,DEPART,0
C3B93D0B,1177813,1178191.399,1178191399,999,1751,1935,92,110,FWD,29,63,1,DEPART,0
C3B93D0B,1177814,1178192.400,1178192400,1001,1751,1935,92,110,FWD,29,63,1,DEPART,0
C3B93D0B,1177815,1178193.399,1178193399,999,1751,1935,92,110,FWD,29,63,1,DEPART,0
C3B93D0B,1177816,1178194.400,1178194400,1001,1747,1935,92,110,FWD,29,63,1,DEPART,0
C3B93D0B,1177817,1178195.399,1178195399,999,1749,1935,92,110,FWD,29,63,1,DEPART,0
C3B93D0B,1177818,1178196.400,1178196400,1001,1749,1935,92,110,FWD,29,63,1,DEPART,0
C3B93D0B,1177819,1178197.399,1178197399,999,1747,1935,92,110,FWD,29,63,1,DEPART,0
C3B93D0B,1177820,1178198.400,1178198400,1001,1747,1935,92,110,FWD,29,63,1,DEPART,0
C3B93D0B,1177821,1178199.400,1178199400,1000,1747,1935,92,110,FWD,29,63,1,DEPART,0
C3B93D0B,1177822,1178200.400,1178200400,1000,1745,1935,92,110,FWD,29,63,1,DEPART,0
C3B93D0B,1177823,1178201.399,1178201399,999,1747,1935,92,110,FWD,29,63,1,DEPART,0
C3B93D0B,1177824,1178202.400,1178202400,1001,1747,1935,93,110,FWD,29,63,1,DEPART,0
C3B93D0B,1177825,1178203.399,1178203399,999,1746,1935,93,110,FWD,29,63,1,DEPART,0
C3B93D0B,1177826,1178204.400,1178204400,1001,1746,1935,93,110,FWD,29,63,1,DEPART,0
C3B93D0B,1177827,1178205.399,1178205399,999,1746,1935,93,110,FWD,29,63,1,DEPART,0
C3B93D0B,1177828,1178206.400,1178206400,1001,1745,1935,93,110,FWD,29,63,1,DEPART,0
C3B93D0B,1177829,1178207.399,1178207399,999,1746,1935,93,110,FWD,29,63,1,DEPART,0
C3B93D0B,1177830,1178208.400,1178208400,1001,1747,1935,93,110,FWD,29,63,1,DEPART,0
C3B93D0B,1177831,1178209.400,1178209400,1000,1749,1935,93,110,FWD,29,63,1,DEPART,0
C3B93D0B,1177832,1178210.400,1178210400,1000,1751,1935,93,110,FWD,29,63,1,DEPART,0
C3B93D0B,1177833,1178211.399,1178211399,999,1746,1935,93,110,FWD,29,63,1,DEPART,0
C3B93D0B,1177834,1178212.400,1178212400,1001,1747,1935,93,110,FWD,29,63,1,DEPART,0
C3B93D0B,1177835,1178213.399,1178213399,999,1750,1935,93,110,FWD,29,63,1,DEPART,0
C3B93D0B,1177836,1178214.400,1178214400,1001,1750,1935,93,110,FWD,29,63,1,DEPART,0
C3B93D0B,1177837,1178215.399,1178215399,999,1750,1935,93,110,FWD,29,63,1,DEPART,0
C3B93D0B,1177838,1178216.400,1178216400,1001,1751,1935,93,110,FWD,29,63,1,DEPART,0
C3B93D0B,1177839,1178217.399,1178217399,999,1754,1935,93,110,FWD,29,63,1,DEPART,0
C3B93D0B,1177840,1178218.400,1178218400,1001,1754,1935,93,110,FWD,29,63,1,DEPART,0
C3B93D0B,1177841,1178219.400,1178219400,1000,1754,1935,93,110,FWD,29,63,1,DEPART,0
C3B93D0B,1177842,1178220.400,1178220400,1000,1756,1935,93,110,FWD,29,63,1,DEPART,0
C3B93D0B,1177843,1178221.399,1178221399,999,1757,1935,93,110,FWD,29,63,1,DEPART,0
C3B93D0B,1177844,1178222.400,1178222400,1001,1757,1935,93,110,FWD,29,63,1,DEPART,0
C3B93D0B,1177845,1178223.399,1178223399,999,1757,1935,93,110,FWD,29,63,1,DEPART,0
C3B93D0B,1177846,1178224.400,1178224400,1001,1759,1935,93,110,FWD,29,63,1,DEPART,0
C3B93D0B,1177847,1178225.399,1178225399,999,1761,1935,93,110,FWD,29,63,1,DEPART,0
C3B93D0B,1177848,1178226.421,1178226421,1022,1759,1935,93,110,FWD,29,63,1,DEPART,0
C3B93D0B,1177849,1178227.846,1178227846,1425,1765,1935,93,110,FWD,61,63,1,DEPART,0
C3B93D0B,1177850,1178228.400,1178228400,554,1762,1935,93,110,FWD,29,63,1,DEPART,0
C3B93D0B,1177851,1178229.400,1178229400,1000,1764,1935,93,110,FWD,29,63,1,DEPART,0
C3B93D0B,1177852,1178230.400,1178230400,1000,1765,1935,93,110,FWD,29,63,1,DEPART,0
C3B93D0B,1177853,1178231.399,1178231399,999,1767,1935,93,110,FWD,29,63,1,DEPART,0
C3B93D0B,1177854,1178232.400,1178232400,1001,1769,1935,93,110,FWD,29,63,1,DEPART,0
C3B93D0B,1177855,1178233.400,1178233400,1000,1771,1935,93,110,FWD,29,63,1,DEPART,0
C3B93D0B,1177856,1178234.400,1178234400,1000,1772,1935,93,110,FWD,29,63,1,DEPART,0
C3B93D0B,1177857,1178235.399,1178235399,999,1771,1935,93,110,FWD,29,63,1,DEPART,0
C3B93D0B,1177858,1178236.400,1178236400,1001,1775,1935,93,110,FWD,29,63,1,DEPART,0
C3B93D0B,1177859,1178237.399,1178237399,999,1776,1935,93,110,FWD,29,63,1,DEPART,0
C3B93D0B,1177860,1178238.400,1178238400,1001,1777,1935,93,110,FWD,29,63,1,DEPART,0
C3B93D0B,1177861,1178239.400,1178239400,1000,1777,1935,93,110,FWD,29,63,1,DEPART,0
C3B93D0B,1177862,1178240.402,1178240402,1002,1781,1935,93,110,FWD,29,63,1,DEPART,0
C3B93D0B,1177863,1178241.402,1178241402,1000,1782,1935,93,110,FWD,29,63,1,DEPART,0
C3B93D0B,1177864,1178243.119,1178243119,1717,1787,1935,93,110,FWD,61,63,1,DEPART,0
C3B93D0B,1177865,1178243.409,1178243409,290,1787,1935,93,110,FWD,29,63,1,DEPART,0
C3B93D0B,1177866,1178244.400,1178244400,991,1789,1935,93,110,FWD,29,63,1,DEPART,0
C3B93D0B,1177867,1178245.399,1178245399,999,1792,1935,93,110,FWD,29,63,1,DEPART,0
C3B93D0B,1177868,1178246.400,1178246400,1001,1793,1935,93,110,FWD,29,63,1,DEPART,0
C3B93D0B,1177869,1178247.399,1178247399,999,1794,1935,93,110,FWD,29,63,1,DEPART,0
C3B93D0B,1177870,1178248.400,1178248400,1001,1797,1935,93,110,FWD,29,63,1,DEPART,0
C3B93D0B,1177871,1178249.399,1178249399,999,1799,1935,93,110,FWD,29,63,1,DEPART,0
C3B93D0B,1177872,1178250.401,1178250401,1002,1804,1935,93,110,FWD,29,63,1,DEPART,0
C3B93D0B,1177873,1178251.400,1178251400,999,1805,1935,93,110,FWD,29,63,1,DEPART,0
C3B93D0B,1177874,1178252.400,1178252400,1000,1807,1935,93,110,FWD,29,63,1,DEPART,0
C3B93D0B,1177875,1178253.399,1178253399,999,1808,1935,93,110,FWD,29,63,1,DEPART,0
C3B93D0B,1177876,1178254.400,1178254400,1001,1808,1935,93,110,FWD,29,63,1,DEPART,0
C3B93D0B,1177877,1178255.399,1178255399,999,1811,1935,93,110,FWD,29,63,1,DEPART,0
C3B93D0B,1177878,1178256.400,1178256400,1001,1814,1935,93,110,FWD,29,63,1,DEPART,0
C3B93D0B,1177879,1178257.399,1178257399,999,1818,1935,93,110,FWD,29,63,1,DEPART,0
C3B93D0B,1177880,1178258.400,1178258400,1001,1818,1935,93,110,FWD,29,63,1,DEPART,0
C3B93D0B,1177881,1178259.399,1178259399,999,1822,1935,93,110,FWD,29,63,1,DEPART,0
C3B93D0B,1177882,1178260.401,1178260401,1002,1823,1935,93,110,FWD,29,63,1,DEPART,0
C3B93D0B,1177883,1178261.399,1178261399,998,1827,1935,93,110,FWD,29,63,1,DEPART,0
C3B93D0B,1177884,1178262.400,1178262400,1001,1827,1935,93,110,FWD,29,63,1,DEPART,0
C3B93D0B,1177885,1178263.399,1178263399,999,1834,1935,93,110,FWD,29,63,1,DEPART,0
C3B93D0B,1177886,1178264.400,1178264400,1001,1834,1935,94,110,FWD,29,63,1,DEPART,0
C3B93D0B,1177887,1178265.399,1178265399,999,1839,1935,94,110,FWD,29,63,1,DEPART,0
C3B93D0B,1177888,1178266.400,1178266400,1001,1838,1935,94,110,FWD,29,63,1,DEPART,0
C3B93D0B,1177889,1178267.399,1178267399,999,1840,1935,94,110,FWD,29,63,1,DEPART,0
C3B93D0B,1177890,1178268.400,1178268400,1001,1843,1935,94,110,FWD,29,63,1,DEPART,0
C3B93D0B,1177891,1178269.399,1178269399,999,1847,1935,94,110,FWD,29,63,1,DEPART,0
C3B93D0B,1177892,1178270.401,1178270401,1002,1847,1935,94,110,FWD,29,63,1,DEPART,0
C3B93D0B,1177893,1178271.399,1178271399,998,1853,1935,94,110,FWD,29,63,1,DEPART,0
C3B93D0B,1177894,1178272.400,1178272400,1001,1854,1935,94,110,FWD,29,63,1,DEPART,0
C3B93D0B,1177895,1178273.399,1178273399,999,1856,1935,94,110,FWD,29,63,1,DEPART,0
C3B93D0B,1177896,1178274.400,1178274400,1001,1856,1935,94,110,FWD,29,63,1,DEPART,0
C3B93D0B,1177897,1178275.399,1178275399,999,1861,1935,94,110,FWD,29,63,1,DEPART,0
C3B93D0B,1177898,1178276.400,1178276400,1001,1862,1935,94,110,FWD,29,63,1,DEPART,0
C3B93D0B,1177899,1178277.399,1178277399,999,1867,1935,94,110,FWD,29,63,1,DEPART,0
C3B93D0B,1177900,1178278.400,1178278400,1001,1867,1935,94,110,FWD,29,63,1,DEPART,0
C3B93D0B,1177901,1178279.399,1178279399,999,1871,1935,94,110,FWD,29,63,1,DEPART,0
C3B93D0B,1177902,1178280.401,1178280401,1002,1872,1935,94,110,FWD,29,63,1,DEPART,0
C3B93D0B,1177903,1178281.845,1178281845,1444,1872,1935,94,110,FWD,61,63,1,DEPART,0
C3B93D0B,1177904,1178282.509,1178282509,664,1875,1935,94,110,FWD,29,63,1,DEPART,0
C3B93D0B,1177905,1178283.402,1178283402,893,1877,1935,94,110,FWD,29,63,1,DEPART,0
C3B93D0B,1177906,1178284.401,1178284401,999,1879,1935,94,110,FWD,29,63,1,DEPART,0
C3B93D0B,1177907,1178286.423,1178286423,2022,1885,1935,94,110,FWD,61,63,1,DEPART,0
C3B93D0B,1177908,1178286.769,1178286769,346,1885,1935,94,110,FWD,29,63,1,DEPART,0
C3B93D0B,1177909,1178287.400,1178287400,631,1889,1935,94,110,FWD,29,63,1,DEPART,0
C3B93D0B,1177910,1178288.399,1178288399,999,1889,1935,94,110,FWD,29,63,1,DEPART,0
C3B93D0B,1177911,1178289.400,1178289400,1001,1891,1935,94,110,FWD,29,63,1,DEPART,0
C3B93D0B,1177912,1178290.399,1178290399,999,1894,1935,94,110,FWD,29,63,1,DEPART,0
C3B93D0B,1177913,1178291.400,1178291400,1001,1894,1935,94,110,FWD,29,63,1,DEPART,0
C3B93D0B,1177914,1178292.399,1178292399,999,1899,1935,94,110,FWD,29,63,1,DEPART,0
C3B93D0B,1177915,1178294.289,1178294289,1890,1901,1935,94,110,FWD,61,63,1,DEPART,0
C3B93D0B,1177916,1178294.614,1178294614,325,1903,1935,94,110,FWD,29,63,1,DEPART,0
C3B93D0B,1177917,1178295.400,1178295400,786,1904,1935,94,110,FWD,29,63,1,DEPART,0
C3B93D0B,1177918,1178296.503,1178296503,1103,1904,1935,94,110,FWD,29,63,1,DEPART,0
C3B93D0B,1177919,1178297.912,1178297912,1409,1907,1935,94,110,FWD,61,63,1,DEPART,0
C3B93D0B,1177920,1178298.399,1178298399,487,1907,1935,94,110,FWD,29,63,1,DEPART,0
C3B93D0B,1177921,1178299.400,1178299400,1001,1908,1935,94,110,FWD,29,63,1,DEPART,0
C3B93D0B,1177922,1178300.399,1178300399,999,1910,1935,94,110,FWD,29,63,1,DEPART,0
C3B93D0B,1177923,1178301.400,1178301400,1001,1910,1935,94,110,FWD,29,63,1,DEPART,0
C3B93D0B,1177924,1178302.399,1178302399,999,1917,1935,94,110,FWD,29,63,1,DEPART,0
C3B93D0B,1177925,1178303.400,1178303400,1001,1914,1935,94,110,FWD,29,63,1,DEPART,0
C3B93D0B,1177926,1178304.399,1178304399,999,1917,1935,94,110,FWD,29,63,1,DEPART,0
C3B93D0B,1177927,1178305.400,1178305400,1001,1919,1935,94,110,FWD,29,63,1,DEPART,0
C3B93D0B,1177928,1178306.400,1178306400,1000,1920,1935,94,110,FWD,29,63,1,DEPART,0
C3B93D0B,1177929,1178307.400,1178307400,1000,1920,1935,94,110,FWD,29,63,1,DEPART,0
C3B93D0B,1177930,1178308.399,1178308399,999,1921,1935,94,110,FWD,29,63,1,DEPART,0
C3B93D0B,1177931,1178309.400,1178309400,1001,1921,1935,94,110,FWD,29,63,1,DEPART,0
C3B93D0B,1177932,1178310.399,1178310399,999,1923,1935,94,110,FWD,29,63,1,DEPART,0
C3B93D0B,1177933,1178311.400,1178311400,1001,1922,1935,94,110,FWD,13,63,1,DEPART,0
C3B93D0B,1177934,1178312.399,1178312399,999,1923,1935,94,110,FWD,13,63,1,DEPART,0
C3B93D0B,1177935,1178313.399,1178313399,1000,1925,1935,94,110,FWD,13,63,1,DEPART,0
C3B93D0B,1177936,1178314.399,1178314399,1000,1927,1935,94,110,FWD,13,63,1,DEPART,0
C3B93D0B,1177937,1178315.399,1178315399,1000,1927,1935,94,110,FWD,13,63,1,DEPART,0
C3B93D0B,1177938,1178316.400,1178316400,1001,1930,1935,94,110,FWD,13,63,1,DEPART,0
C3B93D0B,1177939,1178317.595,1178317595,1195,1927,1935,94,110,FWD,13,63,1,DEPART,0
C3B93D0B,1177940,1178318.403,1178318403,808,1930,1935,94,110,FWD,13,63,1,DEPART,0
C3B93D0B,1177941,1178319.401,1178319401,998,1931,1935,94,110,FWD,13,63,1,DEPART,0
C3B93D0B,1177942,1178320.399,1178320399,998,1934,1935,94,110,FWD,13,63,1,DEPART,0
C3B93D0B,1177943,1178321.399,1178321399,1000,1935,1935,94,110,FWD,13,63,1,DEPART,0
C3B93D0B,1177944,1178322.399,1178322399,1000,1934,1935,94,110,FWD,13,63,1,DEPART,0
C3B93D0B,1177945,1178323.399,1178323399,1000,1933,1935,94,110,FWD,13,63,1,DEPART,0
C3B93D0B,1177946,1178324.742,1178324742,1343,1936,1935,94,110,FWD,45,63,1,DEPART,0
C3B93D0B,1177947,1178325.399,1178325399,657,1935,1935,94,110,FWD,13,63,1,DEPART,0
C3B93D0B,1177948,1178327.289,1178327289,1890,1936,1935,94,110,FWD,45,63,1,DEPART,0
C3B93D0B,1177949,1178327.533,1178327533,244,1936,1935,94,110,FWD,13,63,1,DEPART,0
C3B93D0B,1177950,1178328.784,1178328784,1251,1936,1935,94,110,FWD,45,63,1,DEPART,0
C3B93D0B,1177951,1178329.826,1178329826,1042,1933,1935,94,110,FWD,13,63,1,DEPART,0
C3B93D0B,1177952,1178330.412,1178330412,586,1936,1935,94,110,FWD,13,63,1,DEPART,0
C3B93D0B,1177953,1178331.579,1178331579,1167,1937,1935,94,110,FWD,13,63,1,DEPART,0
C3B93D0B,1177954,1178332.399,1178332399,820,1937,1935,94,110,FWD,13,63,1,DEPART,0
C3B93D0B,1177955,1178333.399,1178333399,1000,1937,1935,94,110,FWD,13,63,1,DEPART,0
C3B93D0B,1177956,1178334.399,1178334399,1000,1938,1935,94,110,FWD,13,63,1,DEPART,0
C3B93D0B,1177957,1178335.399,1178335399,1000,1939,1935,94,110,FWD,13,63,1,DEPART,0
C3B93D0B,1177958,1178336.399,1178336399,1000,1939,1935,94,110,FWD,13,63,1,DEPART,0
C3B93D0B,1177959,1178337.399,1178337399,1000,1938,1935,94,110,FWD,13,63,1,DEPART,0
C3B93D0B,1177960,1178338.399,1178338399,1000,1941,1935,94,110,FWD,13,63,1,DEPART,0
C3B93D0B,1177961,1178339.400,1178339400,1001,1940,1935,94,110,FWD,13,63,1,DEPART,0
C3B93D0B,1177962,1178340.399,1178340399,999,1938,1935,94,110,FWD,13,63,1,DEPART,0
C3B93D0B,1177963,1178341.399,1178341399,1000,1941,1935,94,110,FWD,13,63,1,DEPART,0
C3B93D0B,1177964,1178342.399,1178342399,1000,1941,1935,94,110,FWD,13,63,1,DEPART,0
C3B93D0B,1177965,1178343.399,1178343399,1000,1939,1935,94,110,FWD,13,63,1,DEPART,0
C3B93D0B,1177966,1178344.399,1178344399,1000,1938,1935,94,110,FWD,13,63,1,DEPART,0
C3B93D0B,1177967,1178345.543,1178345543,1144,1941,1935,95,110,FWD,13,63,1,DEPART,0
C3B93D0B,1177968,1178346.399,1178346399,856,1941,1935,95,110,FWD,13,63,1,DEPART,0
C3B93D0B,1177969,1178347.400,1178347400,1001,1940,1935,95,110,FWD,13,63,1,DEPART,0
C3B93D0B,1177970,1178348.399,1178348399,999,1941,1935,95,110,FWD,13,63,1,DEPART,0
C3B93D0B,1177971,1178349.401,1178349401,1002,1940,1935,95,110,FWD,13,63,1,DEPART,0
C3B93D0B,1177972,1178350.401,1178350401,1000,1943,1935,95,110,FWD,13,63,1,DEPART,0
C3B93D0B,1177973,1178351.402,1178351402,1001,1941,1935,95,110,FWD,13,63,1,DEPART,0
C3B93D0B,1177974,1178353.045,1178353045,1643,1943,1935,95,110,FWD,45,63,1,DEPART,0
C3B93D0B,1177975,1178353.399,1178353399,354,1943,1935,95,110,FWD,13,63,1,DEPART,0
C3B93D0B,1177976,1178354.400,1178354400,1001,1941,1935,95,110,FWD,13,63,1,DEPART,0
C3B93D0B,1177977,1178355.399,1178355399,999,1943,1935,95,110,FWD,13,63,1,DEPART,0
C3B93D0B,1177978,1178356.400,1178356400,1001,1941,1935,95,110,FWD,13,63,1,DEPART,0
C3B93D0B,1177979,1178357.399,1178357399,999,1943,1935,95,110,FWD,13,63,1,DEPART,0
C3B93D0B,1177980,1178358.400,1178358400,1001,1942,1935,95,110,FWD,13,63,1,DEPART,0
C3B93D0B,1177981,1178359.399,1178359399,999,1942,1935,95,110,FWD,13,63,1,DEPART,0
C3B93D0B,1177982,1178360.401,1178360401,1002,1943,1935,95,110,FWD,13,63,1,DEPART,0
C3B93D0B,1177983,1178361.399,1178361399,998,1942,1935,95,110,FWD,13,63,1,DEPART,0
C3B93D0B,1177984,1178362.400,1178362400,1001,1945,1935,95,110,FWD,13,63,1,DEPART,0
C3B93D0B,1177985,1178363.399,1178363399,999,1941,1935,95,110,FWD,13,63,1,DEPART,0
C3B93D0B,1177986,1178364.400,1178364400,1001,1941,1935,95,110,FWD,13,63,1,DEPART,0
C3B93D0B,1177987,1178365.399,1178365399,999,1941,1935,95,110,FWD,13,63,1,DEPART,0
C3B93D0B,1177988,1178366.400,1178366400,1001,1942,1935,95,110,FWD,13,63,1,DEPART,0
C3B93D0B,1177989,1178367.399,1178367399,999,1943,1935,95,110,FWD,13,63,1,DEPART,0
C3B93D0B,1177990,1178368.400,1178368400,1001,1945,1935,95,110,FWD,13,63,1,DEPART,0
C3B93D0B,1177991,1178369.399,1178369399,999,1942,1935,95,110,FWD,13,63,1,DEPART,0
C3B93D0B,1177992,1178370.401,1178370401,1002,1942,1935,95,110,FWD,13,63,1,DEPART,0
C3B93D0B,1177993,1178371.399,1178371399,998,1942,1935,95,110,FWD,13,63,1,DEPART,0
C3B93D0B,1177994,1178372.400,1178372400,1001,1941,1935,95,110,FWD,13,63,1,DEPART,0
C3B93D0B,1177995,1178373.399,1178373399,999,1941,1935,95,110,FWD,13,63,1,DEPART,0
C3B93D0B,1177996,1178374.400,1178374400,1001,1939,1935,95,110,FWD,13,63,1,DEPART,0
C3B93D0B,1177997,1178375.399,1178375399,999,1942,1935,95,110,FWD,13,63,1,DEPART,0
C3B93D0B,1177998,1178376.400,1178376400,1001,1942,1935,95,110,FWD,13,63,1,DEPART,0
C3B93D0B,1177999,1178377.399,1178377399,999,1941,1935,95,110,FWD,13,63,1,DEPART,0
C3B93D0B,1178000,1178378.513,1178378513,1114,1942,1935,95,110,FWD,13,64,1,DEPART,0
C3B93D0B,1178001,1178379.606,1178379606,1093,1941,1935,95,110,FWD,13,64,1,DEPART,0
C3B93D0B,1178002,1178380.401,1178380401,795,1941,1935,95,110,FWD,13,64,1,DEPART,0
C3B93D0B,1178003,1178381.744,1178381744,1343,1943,1935,95,110,FWD,45,64,1,DEPART,0
C3B93D0B,1178004,1178382.399,1178382399,655,1937,1935,95,110,FWD,13,64,1,DEPART,0
C3B93D0B,1178005,1178383.403,1178383403,1004,1939,1935,95,110,FWD,13,64,1,DEPART,0
C3B93D0B,1178006,1178384.399,1178384399,996,1942,1935,95,110,FWD,13,64,1,DEPART,0
C3B93D0B,1178007,1178385.400,1178385400,1001,1941,1935,95,110,FWD,13,64,1,DEPART,0
C3B93D0B,1178008,1178386.399,1178386399,999,1943,1935,95,110,FWD,13,64,1,DEPART,0
C3B93D0B,1178009,1178387.400,1178387400,1001,1941,1935,95,110,FWD,13,64,1,DEPART,0
C3B93D0B,1178010,1178388.399,1178388399,999,1941,1935,95,110,FWD,13,64,1,DEPART,0
C3B93D0B,1178011,1178389.400,1178389400,1001,1941,1935,95,110,FWD,13,64,1,DEPART,0
C3B93D0B,1178012,1178390.400,1178390400,1000,1942,1935,95,110,FWD,13,64,1,DEPART,0
C3B93D0B,1178013,1178391.400,1178391400,1000,1940,1935,95,110,FWD,13,64,1,DEPART,0
C3B93D0B,1178014,1178392.399,1178392399,999,1941,1935,95,110,FWD,13,64,1,DEPART,0
C3B93D0B,1178015,1178393.400,1178393400,1001,1941,1935,95,110,FWD,13,64,1,DEPART,0
C3B93D0B,1178016,1178394.399,1178394399,999,1941,1935,95,110,FWD,13,64,1,DEPART,0
C3B93D0B,1178017,1178395.400,1178395400,1001,1942,1935,95,110,FWD,13,64,1,DEPART,0
C3B93D0B,1178018,1178396.399,1178396399,999,1942,1935,95,110,FWD,13,64,1,DEPART,0
C3B93D0B,1178019,1178397.400,1178397400,1001,1941,1935,95,110,FWD,13,64,1,DEPART,0
C3B93D0B,1178020,1178398.399,1178398399,999,1942,1935,95,110,FWD,13,64,1,DEPART,0
C3B93D0B,1178021,1178399.400,1178399400,1001,1941,1935,95,110,FWD,13,64,1,DEPART,0
C3B93D0B,1178022,1178400.400,1178400400,1000,1941,1935,95,110,FWD,13,64,1,DEPART,0
C3B93D0B,1178023,1178401.400,1178401400,1000,1939,1935,95,110,FWD,13,64,1,DEPART,0
C3B93D0B,1178024,1178402.399,1178402399,999,1941,1935,95,110,FWD,13,64,1,DEPART,0
C3B93D0B,1178025,1178403.400,1178403400,1001,1938,1935,95,110,FWD,13,64,1,DEPART,0
C3B93D0B,1178026,1178404.399,1178404399,999,1939,1935,95,110,FWD,13,64,1,DEPART,0
C3B93D0B,1178027,1178405.400,1178405400,1001,1941,1935,95,110,FWD,13,64,1,DEPART,0
C3B93D0B,1178028,1178406.399,1178406399,999,1942,1935,95,110,FWD,13,64,1,DEPART,0
C3B93D0B,1178029,1178407.400,1178407400,1001,1938,1935,96,110,FWD,13,64,1,DEPART,0
C3B93D0B,1178030,1178408.399,1178408399,999,1940,1935,96,110,FWD,13,64,1,DEPART,0
C3B93D0B,1178031,1178409.400,1178409400,1001,1940,1935,96,110,FWD,13,64,1,DEPART,0
C3B93D0B,1178032,1178410.400,1178410400,1000,1939,1935,96,110,FWD,13,64,1,DEPART,0
C3B93D0B,1178033,1178411.400,1178411400,1000,1937,1935,96,110,FWD,13,64,1,DEPART,0
C3B93D0B,1178034,1178412.399,1178412399,999,1940,1935,96,110,FWD,13,64,1,DEPART,0
C3B93D0B,1178035,1178413.400,1178413400,1001,1939,1935,96,110,FWD,13,64,1,DEPART,0
C3B93D0B,1178036,1178414.399,1178414399,999,1939,1935,96,110,FWD,13,64,1,DEPART,0
C3B93D0B,1178037,1178415.400,1178415400,1001,1937,1935,96,110,FWD,13,64,1,DEPART,0
C3B93D0B,1178038,1178416.399,1178416399,999,1939,1935,96,110,FWD,13,64,1,DEPART,0
C3B93D0B,1178039,1178417.400,1178417400,1001,1939,1935,96,110,FWD,13,64,1,DEPART,0
C3B93D0B,1178040,1178418.399,1178418399,999,1938,1935,96,110,FWD,13,64,1,DEPART,0
C3B93D0B,1178041,1178419.400,1178419400,1001,1939,1935,96,110,FWD,13,64,1,DEPART,0
C3B93D0B,1178042,1178420.400,1178420400,1000,1939,1935,96,110,FWD,13,64,1,DEPART,0
C3B93D0B,1178043,1178421.400,1178421400,1000,1939,1935,96,110,FWD,13,64,1,DEPART,0
C3B93D0B,1178044,1178422.399,1178422399,999,1941,1935,96,110,FWD,13,64,1,DEPART,0
C3B93D0B,1178045,1178423.400,1178423400,1001,1941,1935,96,110,FWD,13,64,1,DEPART,0
C3B93D0B,1178046,1178424.399,1178424399,999,1938,1935,96,110,FWD,13,64,1,DEPART,0
C3B93D0B,1178047,1178425.670,1178425670,1271,1939,1935,96,110,FWD,45,64,1,DEPART,0
C3B93D0B,1178048,1178426.399,1178426399,729,1939,1935,96,110,FWD,13,64,1,DEPART,0
C3B93D0B,1178049,1178427.400,1178427400,1001,1939,1935,96,110,FWD,13,64,1,DEPART,0
C3B93D0B,1178050,1178428.399,1178428399,999,1939,1935,96,110,FWD,13,64,1,DEPART,0
C3B93D0B,1178051,1178429.400,1178429400,1001,1939,1935,96,110,FWD,13,64,1,DEPART,0
C3B93D0B,1178052,1178430.400,1178430400,1000,1939,1935,96,110,FWD,13,64,1,DEPART,0
C3B93D0B,1178053,1178431.426,1178431426,1026,1937,1935,96,110,FWD,13,64,1,DEPART,0
C3B93D0B,1178054,1178432.401,1178432401,975,1939,1935,96,110,FWD,13,64,1,DEPART,0
C3B93D0B,1178055,1178433.400,1178433400,999,1939,1935,96,110,FWD,13,64,1,DEPART,0
C3B93D0B,1178056,1178434.399,1178434399,999,1939,1935,96,110,FWD,13,64,1,DEPART,0
C3B93D0B,1178057,1178435.400,1178435400,1001,1939,1935,96,110,FWD,13,64,1,DEPART,0
C3B93D0B,1178058,1178436.399,1178436399,999,1938,1935,96,110,FWD,13,64,1,DEPART,0
C3B93D0B,1178059,1178437.953,1178437953,1554,1937,1935,96,110,FWD,45,64,1,DEPART,0
C3B93D0B,1178060,1178438.399,1178438399,446,1939,1935,96,110,FWD,13,64,1,DEPART,0
C3B93D0B,1178061,1178439.400,1178439400,1001,1939,1935,96,110,FWD,13,64,1,DEPART,0
C3B93D0B,1178062,1178440.399,1178440399,999,1939,1935,96,110,FWD,13,64,1,DEPART,0
C3B93D0B,1178063,1178441.401,1178441401,1002,1938,1935,96,110,FWD,13,64,1,DEPART,0
C3B93D0B,1178064,1178442.399,1178442399,998,1938,1935,96,110,FWD,13,64,1,DEPART,0
C3B93D0B,1178065,1178443.400,1178443400,1001,1941,1935,96,110,FWD,13,64,1,DEPART,0
C3B93D0B,1178066,1178444.774,1178444774,1374,1938,1935,96,110,FWD,45,64,1,DEPART,0
C3B93D0B,1178067,1178445.400,1178445400,626,1937,1935,96,110,FWD,13,64,1,DEPART,0
C3B93D0B,1178068,1178446.399,1178446399,999,1938,1935,96,110,FWD,13,64,1,DEPART,0
C3B93D0B,1178069,1178447.400,1178447400,1001,1939,1935,96,110,FWD,13,64,1,DEPART,0
C3B93D0B,1178070,1178448.399,1178448399,999,1936,1935,96,110,FWD,13,64,1,DEPART,0
C3B93D0B,1178071,1178449.485,1178449485,1086,1939,1935,96,110,FWD,13,64,1,DEPART,0
C3B93D0B,1178072,1178450.399,1178450399,914,1937,1935,96,110,FWD,13,64,1,DEPART,0
C3B93D0B,1178073,1178451.401,1178451401,1002,1937,1935,96,110,FWD,13,64,1,DEPART,0
C3B93D0B,1178074,1178452.399,1178452399,998,1939,1935,96,110,FWD,13,64,1,DEPART,0
C3B93D0B,1178075,1178453.400,1178453400,1001,1937,1935,96,110,FWD,13,64,1,DEPART,0
C3B93D0B,1178076,1178454.399,1178454399,999,1937,1935,96,110,FWD,13,64,1,DEPART,0
C3B93D0B,1178077,1178455.400,1178455400,1001,1937,1935,96,110,FWD,13,64,1,DEPART,0
C3B93D0B,1178078,1178456.399,1178456399,999,1936,1935,96,110,FWD,13,64,1,DEPART,0
C3B93D0B,1178079,1178457.400,1178457400,1001,1936,1935,96,110,FWD,13,64,1,DEPART,0
C3B93D0B,1178080,1178458.399,1178458399,999,1937,1935,96,110,FWD,13,64,1,DEPART,0
C3B93D0B,1178081,1178459.400,1178459400,1001,1936,1935,96,110,FWD,13,64,1,DEPART,0
C3B93D0B,1178082,1178460.399,1178460399,999,1938,1935,96,110,FWD,13,64,1,DEPART,0
C3B93D0B,1178083,1178461.401,1178461401,1002,1937,1935,96,110,FWD,13,64,1,DEPART,0
C3B93D0B,1178084,1178462.399,1178462399,998,1937,1935,96,110,FWD,13,64,1,DEPART,0
C3B93D0B,1178085,1178463.400,1178463400,1001,1936,1935,96,110,FWD,13,64,1,DEPART,0
C3B93D0B,1178086,1178464.399,1178464399,999,1936,1935,96,110,FWD,13,64,1,DEPART,0
C3B93D0B,1178087,1178465.400,1178465400,1001,1937,1935,96,110,FWD,13,64,1,DEPART,0
C3B93D0B,1178088,1178466.399,1178466399,999,1937,1935,96,110,FWD,13,64,1,DEPART,0
C3B93D0B,1178089,1178467.400,1178467400,1001,1936,1935,96,110,FWD,13,64,1,DEPART,0
C3B93D0B,1178090,1178468.399,1178468399,999,1936,1935,96,110,FWD,13,64,1,DEPART,0
C3B93D0B,1178091,1178469.400,1178469400,1001,1936,1935,97,110,FWD,13,64,1,DEPART,0
C3B93D0B,1178092,1178470.399,1178470399,999,1936,1935,97,110,FWD,13,64,1,DEPART,0
C3B93D0B,1178093,1178471.401,1178471401,1002,1936,1935,97,110,FWD,13,64,1,DEPART,0
C3B93D0B,1178094,1178472.399,1178472399,998,1937,1935,97,110,FWD,13,64,1,DEPART,0
C3B93D0B,1178095,1178473.400,1178473400,1001,1937,1935,97,110,FWD,13,64,1,DEPART,0
C3B93D0B,1178096,1178474.399,1178474399,999,1941,1935,97,110,FWD,13,64,1,DEPART,0
C3B93D0B,1178097,1178475.400,1178475400,1001,1937,1935,97,110,FWD,13,64,1,DEPART,0
C3B93D0B,1178098,1178476.399,1178476399,999,1937,1935,97,110,FWD,13,64,1,DEPART,0
C3B93D0B,1178099,1178477.400,1178477400,1001,1936,1935,97,110,FWD,13,64,1,DEPART,0
C3B93D0B,1178100,1178478.399,1178478399,999,1937,1935,97,110,FWD,13,64,1,DEPART,0
C3B93D0B,1178101,1178479.400,1178479400,1001,1938,1935,97,110,FWD,13,64,1,DEPART,0
C3B93D0B,1178102,1178480.399,1178480399,999,1936,1935,97,110,FWD,13,64,1,DEPART,0
C3B93D0B,1178103,1178481.401,1178481401,1002,1937,1935,97,110,FWD,13,64,1,DEPART,0
C3B93D0B,1178104,1178482.775,1178482775,1374,1936,1935,97,110,FWD,45,64,1,DEPART,0
C3B93D0B,1178105,1178483.399,1178483399,624,1936,1935,97,110,FWD,13,64,1,DEPART,0
C3B93D0B,1178106,1178484.401,1178484401,1002,1939,1935,97,110,FWD,13,64,1,DEPART,0
C3B93D0B,1178107,1178485.399,1178485399,998,1938,1935,97,110,FWD,13,64,1,DEPART,0
C3B93D0B,1178108,1178486.400,1178486400,1001,1936,1935,97,110,FWD,13,64,1,DEPART,0
C3B93D0B,1178109,1178487.399,1178487399,999,1936,1935,97,110,FWD,13,64,1,DEPART,0
C3B93D0B,1178110,1178488.400,1178488400,1001,1936,1935,97,110,FWD,13,64,1,DEPART,0
C3B93D0B,1178111,1178489.399,1178489399,999,1936,1935,97,110,FWD,13,64,1,DEPART,0
C3B93D0B,1178112,1178490.400,1178490400,1001,1936,1935,97,110,FWD,13,64,1,DEPART,0
C3B93D0B,1178113,1178491.400,1178491400,1000,1937,1935,97,110,FWD,13,64,1,DEPART,0
C3B93D0B,1178114,1178492.400,1178492400,1000,1936,1935,97,110,FWD,13,64,1,DEPART,0
C3B93D0B,1178115,1178493.399,1178493399,999,1936,1935,97,110,FWD,13,64,1,DEPART,0
C3B93D0B,1178116,1178494.400,1178494400,1001,1936,1935,97,110,FWD,13,64,1,DEPART,0
C3B93D0B,1178117,1178495.399,1178495399,999,1936,1935,97,110,FWD,13,64,1,DEPART,0
C3B93D0B,1178118,1178496.400,1178496400,1001,1936,1935,97,110,FWD,13,64,1,DEPART,0
C3B93D0B,1178119,1178497.399,1178497399,999,1936,1935,97,110,FWD,13,64,1,DEPART,0
C3B93D0B,1178120,1178498.400,1178498400,1001,1936,1935,97,110,FWD,13,64,1,DEPART,0
C3B93D0B,1178121,1178499.399,1178499399,999,1936,1935,97,110,FWD,13,64,1,DEPART,0
C3B93D0B,1178122,1178500.400,1178500400,1001,1937,1935,97,110,FWD,13,64,1,DEPART,0
C3B93D0B,1178123,1178501.400,1178501400,1000,1936,1935,97,110,FWD,13,64,1,DEPART,0
C3B93D0B,1178124,1178502.400,1178502400,1000,1936,1935,97,110,FWD,13,64,1,DEPART,0
C3B93D0B,1178125,1178503.399,1178503399,999,1936,1935,97,110,FWD,13,64,1,DEPART,0
C3B93D0B,1178126,1178504.400,1178504400,1001,1937,1935,97,110,FWD,13,64,1,DEPART,0
C3B93D0B,1178127,1178505.399,1178505399,999,1936,1935,97,110,FWD,13,64,1,DEPART,0
C3B93D0B,1178128,1178506.400,1178506400,1001,1937,1935,97,110,FWD,13,64,1,DEPART,0
C3B93D0B,1178129,1178507.399,1178507399,999,1935,1935,97,110,FWD,13,64,1,DEPART,0
C3B93D0B,1178130,1178508.400,1178508400,1001,1936,1935,97,110,FWD,13,64,1,DEPART,0
C3B93D0B,1178131,1178509.399,1178509399,999,1936,1935,97,110,FWD,13,64,1,DEPART,0
C3B93D0B,1178132,1178510.400,1178510400,1001,1936,1935,97,110,FWD,13,64,1,DEPART,0
C3B93D0B,1178133,1178511.400,1178511400,1000,1936,1935,97,110,FWD,13,64,1,DEPART,0
C3B93D0B,1178134,1178512.400,1178512400,1000,1936,1935,97,110,FWD,13,64,1,DEPART,0
C3B93D0B,1178135,1178513.399,1178513399,999,1936,1935,97,110,FWD,13,64,1,DEPART,0
C3B93D0B,1178136,1178514.400,1178514400,1001,1936,1935,97,110,FWD,13,64,1,DEPART,0
C3B93D0B,1178137,1178515.399,1178515399,999,1936,1935,97,110,FWD,13,64,1,DEPART,0
C3B93D0B,1178138,1178516.400,1178516400,1001,1936,1935,97,110,FWD,13,64,1,DEPART,0
C3B93D0B,1178139,1178517.399,1178517399,999,1936,1935,97,110,FWD,13,64,1,DEPART,0
C3B93D0B,1178140,1178518.400,1178518400,1001,1936,1935,97,110,FWD,13,64,1,DEPART,0
C3B93D0B,1178141,1178519.399,1178519399,999,1936,1935,97,110,FWD,13,64,1,DEPART,0
C3B93D0B,1178142,1178520.400,1178520400,1001,1936,1935,97,110,FWD,13,64,1,DEPART,0
C3B93D0B,1178143,1178521.400,1178521400,1000,1936,1935,97,110,FWD,13,64,1,DEPART,0
C3B93D0B,1178144,1178522.400,1178522400,1000,1935,1935,97,110,FWD,13,64,1,DEPART,0
C3B93D0B,1178145,1178523.399,1178523399,999,1936,1935,97,110,FWD,13,64,1,DEPART,0
C3B93D0B,1178146,1178524.400,1178524400,1001,1936,1935,97,110,FWD,13,64,1,DEPART,0
C3B93D0B,1178147,1178525.399,1178525399,999,1936,1935,97,110,FWD,13,64,1,DEPART,0
C3B93D0B,1178148,1178526.400,1178526400,1001,1936,1935,97,110,FWD,13,64,1,DEPART,0
C3B93D0B,1178149,1178527.399,1178527399,999,1936,1935,97,110,FWD,13,64,1,DEPART,0
C3B93D0B,1178150,1178528.400,1178528400,1001,1936,1935,97,110,FWD,13,64,1,DEPART,0
C3B93D0B,1178151,1178529.399,1178529399,999,1936,1935,97,110,FWD,13,64,1,DEPART,0
C3B93D0B,1178152,1178530.400,1178530400,1001,1935,1935,97,110,FWD,13,64,1,DEPART,0
C3B93D0B,1178153,1178531.400,1178531400,1000,1936,1935,97,110,FWD,13,64,1,DEPART,0
C3B93D0B,1178154,1178532.401,1178532401,1001,1936,1935,97,110,FWD,13,64,1,DEPART,0
C3B93D0B,1178155,1178533.783,1178533783,1382,1936,1935,98,110,FWD,45,64,1,DEPART,0
C3B93D0B,1178156,1178535.798,1178535798,2015,1936,1935,98,110,FWD,45,64,1,DEPART,0
C3B93D0B,1178157,1178536.032,1178536032,234,1936,1935,98,110,FWD,13,64,1,DEPART,0
C3B93D0B,1178158,1178536.400,1178536400,368,1936,1935,98,110,FWD,13,64,1,DEPART,0
C3B93D0B,1178159,1178537.399,1178537399,999,1936,1935,98,110,FWD,13,64,1,DEPART,0
C3B93D0B,1178160,1178538.400,1178538400,1001,1936,1935,98,110,FWD,13,64,1,DEPART,0
C3B93D0B,1178161,1178539.399,1178539399,999,1936,1935,98,110,FWD,13,64,1,DEPART,0
C3B93D0B,1178162,1178540.400,1178540400,1001,1936,1935,98,110,FWD,13,64,1,DEPART,0
C3B93D0B,1178163,1178541.399,1178541399,999,1936,1935,98,110,FWD,13,64,1,DEPART,0
C3B93D0B,1178164,1178542.401,1178542401,1002,1936,1935,98,110,FWD,13,64,1,DEPART,0
C3B93D0B,1178165,1178543.400,1178543400,999,1936,1935,98,110,FWD,13,64,1,DEPART,0
C3B93D0B,1178166,1178544.400,1178544400,1000,1936,1935,98,110,FWD,13,64,1,DEPART,0
C3B93D0B,1178167,1178545.399,1178545399,999,1935,1935,98,110,FWD,13,64,1,DEPART,0
C3B93D0B,1178168,1178546.400,1178546400,1001,1936,1935,98,110,FWD,13,64,1,DEPART,0
C3B93D0B,1178169,1178547.399,1178547399,999,1935,1935,98,110,FWD,13,64,1,DEPART,0
C3B93D0B,1178170,1178548.400,1178548400,1001,1935,1935,98,110,FWD,13,64,1,DEPART,0
C3B93D0B,1178171,1178549.399,1178549399,999,1936,1935,98,110,FWD,13,64,1,DEPART,0
C3B93D0B,1178172,1178550.400,1178550400,1001,1935,1935,98,110,FWD,13,64,1,DEPART,0
C3B93D0B,1178173,1178551.399,1178551399,999,1935,1935,98,110,FWD,13,64,1,DEPART,0
C3B93D0B,1178174,1178552.401,1178552401,1002,1936,1935,98,110,FWD,13,64,1,DEPART,0
C3B93D0B,1178175,1178553.399,1178553399,998,1936,1935,98,110,FWD,13,64,1,DEPART,0
C3B93D0B,1178176,1178554.400,1178554400,1001,1936,1935,98,110,FWD,13,64,1,DEPART,0
C3B93D0B,1178177,1178555.399,1178555399,999,1936,1935,98,110,FWD,13,64,1,DEPART,0
C3B93D0B,1178178,1178556.400,1178556400,1001,1935,1935,98,110,FWD,13,64,1,DEPART,0
C3B93D0B,1178179,1178557.399,1178557399,999,1935,1935,98,110,FWD,13,64,1,DEPART,0
C3B93D0B,1178180,1178558.400,1178558400,1001,1936,1935,98,110,FWD,13,64,1,DEPART,0
C3B93D0B,1178181,1178559.399,1178559399,999,1936,1935,98,110,FWD,13,64,1,DEPART,0
C3B93D0B,1178182,1178560.400,1178560400,1001,1936,1935,98,110,FWD,13,64,1,DEPART,0
C3B93D0B,1178183,1178561.399,1178561399,999,1936,1935,98,110,FWD,13,64,1,DEPART,0
C3B93D0B,1178184,1178562.401,1178562401,1002,1936,1935,98,110,FWD,13,64,1,DEPART,0
C3B93D0B,1178185,1178563.399,1178563399,998,1936,1935,98,110,FWD,13,64,1,DEPART,0
C3B93D0B,1178186,1178564.400,1178564400,1001,1935,1935,98,110,FWD,13,64,1,DEPART,0
C3B93D0B,1178187,1178565.399,1178565399,999,1934,1935,98,110,FWD,13,64,1,DEPART,0
C3B93D0B,1178188,1178566.400,1178566400,1001,1936,1935,98,110,FWD,13,64,1,DEPART,0
C3B93D0B,1178189,1178567.399,1178567399,999,1935,1935,98,110,FWD,13,64,1,DEPART,0
C3B93D0B,1178190,1178568.400,1178568400,1001,1934,1935,98,110,FWD,13,64,1,DEPART,0
C3B93D0B,1178191,1178569.399,1178569399,999,1935,1935,98,110,FWD,13,64,1,DEPART,0
C3B93D0B,1178192,1178570.400,1178570400,1001,1936,1935,98,110,FWD,13,64,1,DEPART,0
C3B93D0B,1178193,1178571.399,1178571399,999,1936,1935,98,110,FWD,13,64,1,DEPART,0
C3B93D0B,1178194,1178572.401,1178572401,1002,1936,1935,98,110,FWD,13,64,1,DEPART,0
C3B93D0B,1178195,1178573.399,1178573399,998,1936,1935,98,110,FWD,13,64,1,DEPART,0
C3B93D0B,1178196,1178574.400,1178574400,1001,1935,1935,98,110,FWD,13,64,1,DEPART,0
C3B93D0B,1178197,1178575.399,1178575399,999,1935,1935,98,110,FWD,13,64,1,DEPART,0
C3B93D0B,1178198,1178576.400,1178576400,1001,1936,1935,98,110,FWD,13,64,1,DEPART,0
C3B93D0B,1178199,1178577.399,1178577399,999,1935,1935,98,110,FWD,13,64,1,DEPART,0
C3B93D0B,1178200,1178578.400,1178578400,1001,1936,1935,98,110,FWD,13,64,1,DEPART,0
C3B93D0B,1178201,1178579.399,1178579399,999,1936,1935,98,110,FWD,13,64,1,DEPART,0
C3B93D0B,1178202,1178580.400,1178580400,1001,1936,1935,98,110,FWD,13,64,1,DEPART,0
C3B93D0B,1178203,1178581.399,1178581399,999,1935,1935,98,110,FWD,13,64,1,DEPART,0
C3B93D0B,1178204,1178582.401,1178582401,1002,1936,1935,98,110,FWD,13,64,1,DEPART,0
C3B93D0B,1178205,1178583.802,1178583802,1401,1933,1935,98,110,FWD,45,64,1,DEPART,0
C3B93D0B,1178206,1178584.399,1178584399,597,1935,1935,98,110,FWD,13,64,1,DEPART,0
C3B93D0B,1178207,1178585.400,1178585400,1001,1934,1935,98,110,FWD,13,64,1,DEPART,0
C3B93D0B,1178208,1178586.399,1178586399,999,1935,1935,98,110,FWD,13,64,1,DEPART,0
C3B93D0B,1178209,1178587.400,1178587400,1001,1936,1935,98,110,FWD,13,64,1,DEPART,0
C3B93D0B,1178210,1178588.402,1178588402,1002,1936,1935,98,110,FWD,13,64,1,DEPART,0
C3B93D0B,1178211,1178589.400,1178589400,998,1936,1935,98,110,FWD,13,64,1,DEPART,0
C3B93D0B,1178212,1178590.399,1178590399,999,1936,1935,98,110,FWD,13,64,1,DEPART,0
C3B93D0B,1178213,1178591.400,1178591400,1001,1936,1935,98,110,FWD,13,64,1,DEPART,0
C3B93D0B,1178214,1178592.400,1178592400,1000,1936,1935,98,110,FWD,13,64,1,DEPART,0
C3B93D0B,1178215,1178593.400,1178593400,1000,1936,1935,98,110,FWD,13,64,1,DEPART,0
C3B93D0B,1178216,1178594.399,1178594399,999,1936,1935,98,110,FWD,13,64,1,DEPART,0
C3B93D0B,1178217,1178595.516,1178595516,1117,1936,1935,99,110,FWD,13,64,1,DEPART,0
C3B93D0B,1178218,1178596.399,1178596399,883,1936,1935,99,110,FWD,13,64,1,DEPART,0
C3B93D0B,1178219,1178597.400,1178597400,1001,1934,1935,99,110,FWD,13,64,1,DEPART,0
C3B93D0B,1178220,1178598.399,1178598399,999,1936,1935,99,110,FWD,13,64,1,DEPART,0
C3B93D0B,1178221,1178599.400,1178599400,1001,1935,1935,99,110,FWD,13,64,1,DEPART,0
C3B93D0B,1178222,1178600.399,1178600399,999,1936,1935,99,110,FWD,13,64,1,DEPART,0
C3B93D0B,1178223,1178601.400,1178601400,1001,1936,1935,99,110,FWD,13,64,1,DEPART,0
C3B93D0B,1178224,1178602.400,1178602400,1000,1936,1935,99,110,FWD,13,64,1,DEPART,0
C3B93D0B,1178225,1178603.400,1178603400,1000,1932,1935,99,110,FWD,13,64,1,DEPART,0
C3B93D0B,1178226,1178604.399,1178604399,999,1936,1935,99,110,FWD,13,64,1,DEPART,0
C3B93D0B,1178227,1178605.400,1178605400,1001,1936,1935,99,110,FWD,13,64,1,DEPART,0
C3B93D0B,1178228,1178606.399,1178606399,999,1936,1935,99,110,FWD,13,64,1,DEPART,0
C3B93D0B,1178229,1178607.400,1178607400,1001,1936,1935,99,110,FWD,13,64,1,DEPART,0
C3B93D0B,1178230,1178608.399,1178608399,999,1936,1935,99,110,FWD,13,64,1,DEPART,0
C3B93D0B,1178231,1178609.400,1178609400,1001,1936,1935,99,110,FWD,13,64,1,DEPART,0
C3B93D0B,1178232,1178610.399,1178610399,999,1936,1935,99,110,FWD,13,64,1,DEPART,0
C3B93D0B,1178233,1178611.400,1178611400,1001,1935,1935,99,110,FWD,13,64,1,DEPART,0
C3B93D0B,1178234,1178612.400,1178612400,1000,1934,1935,99,110,FWD,13,64,1,DEPART,0
C3B93D0B,1178235,1178613.400,1178613400,1000,1936,1935,99,110,FWD,13,64,1,DEPART,0
C3B93D0B,1178236,1178614.399,1178614399,999,1936,1935,99,110,FWD,13,64,1,DEPART,0
C3B93D0B,1178237,1178615.400,1178615400,1001,1935,1935,99,110,FWD,13,64,1,DEPART,0
C3B93D0B,1178238,1178616.399,1178616399,999,1936,1935,99,110,FWD,13,64,1,DEPART,0
C3B93D0B,1178239,1178617.400,1178617400,1001,1935,1935,99,110,FWD,13,64,1,DEPART,0
C3B93D0B,1178240,1178618.399,1178618399,999,1936,1935,99,110,FWD,13,64,1,DEPART,0
C3B93D0B,1178241,1178619.400,1178619400,1001,1935,1935,99,110,FWD,13,64,1,DEPART,0
C3B93D0B,1178242,1178620.399,1178620399,999,1935,1935,99,110,FWD,13,64,1,DEPART,0
C3B93D0B,1178243,1178621.400,1178621400,1001,1935,1935,99,110,FWD,13,64,1,DEPART,0
C3B93D0B,1178244,1178622.400,1178622400,1000,1935,1935,99,110,FWD,13,64,1,DEPART,0
C3B93D0B,1178245,1178623.400,1178623400,1000,1936,1935,99,110,FWD,13,64,1,DEPART,0
C3B93D0B,1178246,1178624.399,1178624399,999,1935,1935,99,110,FWD,13,64,1,DEPART,0
C3B93D0B,1178247,1178625.400,1178625400,1001,1936,1935,99,110,FWD,13,64,1,DEPART,0
C3B93D0B,1178248,1178626.399,1178626399,999,1935,1935,99,110,FWD,13,64,1,DEPART,0
C3B93D0B,1178249,1178627.400,1178627400,1001,1935,1935,99,110,FWD,13,64,1,DEPART,0
C3B93D0B,1178250,1178628.399,1178628399,999,1936,1935,99,110,FWD,13,64,1,DEPART,0
C3B93D0B,1178251,1178629.400,1178629400,1001,1933,1935,99,110,FWD,13,64,1,DEPART,0
C3B93D0B,1178252,1178630.399,1178630399,999,1934,1935,99,110,FWD,13,64,1,DEPART,0
C3B93D0B,1178253,1178631.400,1178631400,1001,1936,1935,99,110,FWD,13,64,1,DEPART,0
C3B93D0B,1178254,1178632.400,1178632400,1000,1935,1935,99,110,FWD,13,64,1,DEPART,0
C3B93D0B,1178255,1178633.402,1178633402,1002,1936,1935,99,110,FWD,13,64,1,DEPART,0
C3B93D0B,1178256,1178634.402,1178634402,1000,1935,1935,99,110,FWD,13,64,1,DEPART,0
C3B93D0B,1178257,1178635.818,1178635818,1416,1935,1935,99,110,FWD,45,64,1,DEPART,0
C3B93D0B,1178258,1178637.012,1178637012,1194,1936,1935,99,110,FWD,13,64,1,DEPART,0
C3B93D0B,1178259,1178637.400,1178637400,388,1936,1935,99,110,FWD,13,64,1,DEPART,0
C3B93D0B,1178260,1178638.771,1178638771,1371,1933,1935,99,110,FWD,45,64,1,DEPART,0
C3B93D0B,1178261,1178639.400,1178639400,629,1935,1935,99,110,FWD,13,64,1,DEPART,0
C3B93D0B,1178262,1178640.399,1178640399,999,1936,1935,99,110,FWD,13,64,1,DEPART,0
C3B93D0B,1178263,1178641.400,1178641400,1001,1935,1935,99,110,FWD,13,64,1,DEPART,0
C3B93D0B,1178264,1178642.399,1178642399,999,1936,1935,99,110,FWD,13,64,1,DEPART,0
C3B93D0B,1178265,1178643.401,1178643401,1002,1936,1935,99,110,FWD,13,64,1,DEPART,0
C3B93D0B,1178266,1178644.399,1178644399,998,1936,1935,99,110,FWD,13,64,1,DEPART,0
C3B93D0B,1178267,1178645.400,1178645400,1001,1934,1935,99,110,FWD,13,64,1,DEPART,0
C3B93D0B,1178268,1178646.399,1178646399,999,1935,1935,99,110,FWD,13,64,1,DEPART,0
C3B93D0B,1178269,1178647.400,1178647400,1001,1935,1935,99,110,FWD,13,64,1,DEPART,0
C3B93D0B,1178270,1178648.399,1178648399,999,1936,1935,99,110,FWD,13,64,1,DEPART,0
C3B93D0B,1178271,1178649.400,1178649400,1001,1935,1935,99,110,FWD,13,64,1,DEPART,0
C3B93D0B,1178272,1178650.399,1178650399,999,1933,1935,99,110,FWD,13,64,1,DEPART,0
C3B93D0B,1178273,1178651.400,1178651400,1001,1934,1935,99,110,FWD,13,64,1,DEPART,0
C3B93D0B,1178274,1178652.399,1178652399,999,1934,1935,99,110,FWD,13,64,1,DEPART,0
C3B93D0B,1178275,1178653.401,1178653401,1002,1934,1935,99,110,FWD,13,64,1,DEPART,0
C3B93D0B,1178276,1178654.399,1178654399,998,1935,1935,99,110,FWD,13,64,1,DEPART,0
C3B93D0B,1178277,1178655.400,1178655400,1001,1936,1935,99,110,FWD,13,64,1,DEPART,0
C3B93D0B,1178278,1178656.399,1178656399,999,1935,1935,99,110,FWD,13,64,1,DEPART,0
C3B93D0B,1178279,1178657.400,1178657400,1001,1935,1935,100,110,FWD,13,64,1,DEPART,0
C3B93D0B,1178280,1178658.399,1178658399,999,1935,1935,100,110,FWD,13,64,1,DEPART,0
C3B93D0B,1178281,1178659.400,1178659400,1001,1936,1935,100,110,FWD,13,64,1,DEPART,0
C3B93D0B,1178282,1178660.399,1178660399,999,1935,1935,100,110,FWD,13,64,1,DEPART,0
C3B93D0B,1178283,1178661.400,1178661400,1001,1935,1935,100,110,FWD,13,64,1,DEPART,0
C3B93D0B,1178284,1178662.399,1178662399,999,1935,1935,100,110,FWD,13,64,1,DEPART,0
C3B93D0B,1178285,1178663.401,1178663401,1002,1935,1935,100,110,FWD,13,64,1,DEPART,0
C3B93D0B,1178286,1178664.399,1178664399,998,1934,1935,100,110,FWD,13,64,1,DEPART,0
C3B93D0B,1178287,1178665.400,1178665400,1001,1935,1935,100,110,FWD,13,64,1,DEPART,0
C3B93D0B,1178288,1178666.399,1178666399,999,1936,1935,100,110,FWD,13,64,1,DEPART,0
C3B93D0B,1178289,1178667.400,1178667400,1001,1935,1935,100,110,FWD,13,64,1,DEPART,0
C3B93D0B,1178290,1178668.399,1178668399,999,1935,1935,100,110,FWD,13,64,1,DEPART,0
C3B93D0B,1178291,1178669.400,1178669400,1001,1935,1935,100,110,FWD,13,64,1,DEPART,0
C3B93D0B,1178292,1178670.399,1178670399,999,1935,1935,100,110,FWD,13,64,1,DEPART,0
C3B93D0B,1178293,1178671.400,1178671400,1001,1931,1935,100,110,FWD,13,64,1,DEPART,0
C3B93D0B,1178294,1178672.399,1178672399,999,1935,1935,100,110,FWD,13,64,1,DEPART,0
C3B93D0B,1178295,1178673.401,1178673401,1002,1933,1935,100,110,FWD,13,64,1,DEPART,0
C3B93D0B,1178296,1178674.399,1178674399,998,1935,1935,100,110,FWD,13,64,1,DEPART,0
C3B93D0B,1178297,1178675.400,1178675400,1001,1936,1935,100,110,FWD,13,64,1,DEPART,0
C3B93D0B,1178298,1178676.399,1178676399,999,1933,1935,100,110,FWD,13,64,1,DEPART,0
C3B93D0B,1178299,1178677.400,1178677400,1001,1935,1935,100,110,FWD,13,64,1,DEPART,0
C3B93D0B,1178300,1178678.399,1178678399,999,1935,1935,100,110,FWD,13,64,1,DEPART,0
C3B93D0B,1178301,1178679.400,1178679400,1001,1935,1935,100,110,FWD,13,64,1,DEPART,0
C3B93D0B,1178302,1178680.399,1178680399,999,1936,1935,100,110,FWD,13,64,1,DEPART,0
C3B93D0B,1178303,1178681.400,1178681400,1001,1935,1935,100,110,FWD,13,64,1,DEPART,0
C3B93D0B,1178304,1178682.399,1178682399,999,1935,1935,100,110,FWD,13,64,1,DEPART,0
C3B93D0B,1178305,1178683.401,1178683401,1002,1934,1935,100,110,FWD,13,64,1,DEPART,0
C3B93D0B,1178306,1178684.818,1178684818,1417,1933,1935,100,110,FWD,45,64,1,DEPART,0
C3B93D0B,1178307,1178685.399,1178685399,581,1936,1935,100,110,FWD,13,64,1,DEPART,0
C3B93D0B,1178308,1178686.400,1178686400,1001,1935,1935,100,110,FWD,13,64,1,DEPART,0
C3B93D0B,1178309,1178687.399,1178687399,999,1934,1935,100,110,FWD,13,64,1,DEPART,0
C3B93D0B,1178310,1178688.400,1178688400,1001,1935,1935,100,110,FWD,13,64,1,DEPART,0
C3B93D0B,1178311,1178689.399,1178689399,999,1934,1935,100,110,FWD,13,64,1,DEPART,0
C3B93D0B,1178312,1178690.400,1178690400,1001,1934,1935,100,110,FWD,13,64,1,DEPART,0
C3B93D0B,1178313,1178691.399,1178691399,999,1935,1935,100,110,FWD,13,64,1,DEPART,0
C3B93D0B,1178314,1178692.400,1178692400,1001,1936,1935,100,110,FWD,13,64,1,DEPART,0
C3B93D0B,1178315,1178693.400,1178693400,1000,1936,1935,100,110,FWD,13,64,1,DEPART,0
C3B93D0B,1178316,1178694.400,1178694400,1000,1936,1935,100,110,FWD,13,64,1,DEPART,0
C3B93D0B,1178317,1178695.399,1178695399,999,1935,1935,100,110,FWD,13,64,1,DEPART,0
C3B93D0B,1178318,1178696.400,1178696400,1001,1936,1935,100,110,FWD,13,64,1,DEPART,0
C3B93D0B,1178319,1178697.399,1178697399,999,1935,1935,100,110,FWD,13,64,1,DEPART,0
C3B93D0B,1178320,1178698.400,1178698400,1001,1936,1935,100,110,FWD,13,64,1,DEPART,0
C3B93D0B,1178321,1178699.399,1178699399,999,1936,1935,100,110,FWD,13,64,1,DEPART,0
C3B93D0B,1178322,1178700.400,1178700400,1001,1936,1935,100,110,FWD,13,64,1,DEPART,0
C3B93D0B,1178323,1178701.399,1178701399,999,1935,1935,100,110,FWD,13,64,1,DEPART,0
C3B93D0B,1178324,1178702.400,1178702400,1001,1935,1935,100,110,FWD,13,64,1,DEPART,0
C3B93D0B,1178325,1178703.400,1178703400,1000,1935,1935,100,110,FWD,13,64,1,DEPART,0
C3B93D0B,1178326,1178704.400,1178704400,1000,1936,1935,100,110,FWD,13,64,1,DEPART,0
C3B93D0B,1178327,1178705.399,1178705399,999,1935,1935,100,110,FWD,13,64,1,DEPART,0
C3B93D0B,1178328,1178706.400,1178706400,1001,1936,1935,100,110,FWD,13,64,1,DEPART,0
C3B93D0B,1178329,1178707.399,1178707399,999,1935,1935,100,110,FWD,13,64,1,DEPART,0
C3B93D0B,1178330,1178708.400,1178708400,1001,1935,1935,100,110,FWD,13,64,1,DEPART,0
C3B93D0B,1178331,1178709.399,1178709399,999,1935,1935,100,110,FWD,13,64,1,DEPART,0
C3B93D0B,1178332,1178710.400,1178710400,1001,1935,1935,100,110,FWD,13,64,1,DEPART,0
C3B93D0B,1178333,1178711.399,1178711399,999,1936,1935,100,110,FWD,13,64,1,DEPART,0
C3B93D0B,1178334,1178712.400,1178712400,1001,1934,1935,100,110,FWD,13,64,1,DEPART,0
C3B93D0B,1178335,1178713.400,1178713400,1000,1934,1935,100,110,FWD,13,64,1,DEPART,0
C3B93D0B,1178336,1178714.400,1178714400,1000,1934,1935,100,110,FWD,13,64,1,DEPART,0
C3B93D0B,1178337,1178715.399,1178715399,999,1935,1935,100,110,FWD,13,64,1,DEPART,0
C3B93D0B,1178338,1178716.400,1178716400,1001,1934,1935,100,110,FWD,13,64,1,DEPART,0
C3B93D0B,1178339,1178717.399,1178717399,999,1936,1935,100,110,FWD,13,64,1,DEPART,0
C3B93D0B,1178340,1178718.400,1178718400,1001,1933,1935,100,110,FWD,13,64,1,DEPART,0
C3B93D0B,1178341,1178719.399,1178719399,999,1936,1935,100,110,FWD,13,64,1,DEPART,0
C3B93D0B,1178342,1178720.400,1178720400,1001,1936,1935,101,110,FWD,13,64,1,DEPART,0
C3B93D0B,1178343,1178721.399,1178721399,999,1932,1935,101,110,FWD,13,64,1,DEPART,0
C3B93D0B,1178344,1178722.400,1178722400,1001,1935,1935,101,110,FWD,13,64,1,DEPART,0
C3B93D0B,1178345,1178723.400,1178723400,1000,1934,1935,101,110,FWD,13,64,1,DEPART,0
C3B93D0B,1178346,1178724.400,1178724400,1000,1935,1935,101,110,FWD,13,64,1,DEPART,0
C3B93D0B,1178347,1178725.399,1178725399,999,1934,1935,101,110,FWD,13,64,1,DEPART,0
C3B93D0B,1178348,1178726.400,1178726400,1001,1934,1935,101,110,FWD,13,64,1,DEPART,0
C3B93D0B,1178349,1178727.399,1178727399,999,1935,1935,101,110,FWD,13,64,1,DEPART,0
C3B93D0B,1178350,1178728.400,1178728400,1001,1935,1935,101,110,FWD,13,64,1,DEPART,0
C3B93D0B,1178351,1178729.399,1178729399,999,1934,1935,101,110,FWD,13,64,1,DEPART,0
C3B93D0B,1178352,1178730.400,1178730400,1001,1934,1935,101,110,FWD,13,64,1,DEPART,0
C3B93D0B,1178353,1178731.399,1178731399,999,1935,1935,101,110,FWD,13,64,1,DEPART,0
C3B93D0B,1178354,1178732.675,1178732675,1276,1933,1935,101,110,FWD,45,64,1,DEPART,0
C3B93D0B,1178355,1178733.400,1178733400,725,1935,1935,101,110,FWD,13,64,1,DEPART,0
C3B93D0B,1178356,1178734.401,1178734401,1001,1927,1935,101,110,FWD,13,64,1,DEPART,0
C3B93D0B,1178357,1178735.449,1178735449,1048,1931,1935,101,110,FWD,13,64,1,DEPART,0
C3B93D0B,1178358,1178736.400,1178736400,951,1935,1935,101,110,FWD,13,64,1,DEPART,0
C3B93D0B,1178359,1178737.399,1178737399,999,1935,1935,101,110,FWD,13,64,1,DEPART,0
C3B93D0B,1178360,1178738.400,1178738400,1001,1934,1935,101,110,FWD,13,64,1,DEPART,0
C3B93D0B,1178361,1178739.399,1178739399,999,1934,1935,101,110,FWD,13,64,1,DEPART,0
C3B93D0B,1178362,1178740.597,1178740597,1198,1933,1935,101,110,FWD,13,64,1,DEPART,0
C3B93D0B,1178363,1178741.399,1178741399,802,1934,1935,101,110,FWD,13,64,1,DEPART,0
C3B93D0B,1178364,1178742.400,1178742400,1001,1935,1935,101,110,FWD,13,64,1,DEPART,0
C3B93D0B,1178365,1178743.399,1178743399,999,1935,1935,101,110,FWD,13,64,1,DEPART,0
C3B93D0B,1178366,1178744.401,1178744401,1002,1935,1935,101,110,FWD,13,64,1,DEPART,0
C3B93D0B,1178367,1178745.399,1178745399,998,1935,1935,101,110,FWD,13,64,1,DEPART,0
C3B93D0B,1178368,1178746.400,1178746400,1001,1935,1935,101,110,FWD,13,64,1,DEPART,0
C3B93D0B,1178369,1178747.399,1178747399,999,1935,1935,101,110,FWD,13,64,1,DEPART,0
C3B93D0B,1178370,1178748.522,1178748522,1123,1935,1935,101,110,FWD,13,64,1,DEPART,0
C3B93D0B,1178371,1178749.473,1178749473,951,1934,1935,101,110,FWD,13,64,1,DEPART,0
C3B93D0B,1178372,1178750.400,1178750400,927,1935,1935,101,110,FWD,13,64,1,DEPART,0
C3B93D0B,1178373,1178751.399,1178751399,999,1936,1935,101,110,FWD,13,64,1,DEPART,0
C3B93D0B,1178374,1178752.400,1178752400,1001,1933,1935,101,110,FWD,13,64,1,DEPART,0
C3B93D0B,1178375,1178753.399,1178753399,999,1935,1935,101,110,FWD,13,64,1,DEPART,0
C3B93D0B,1178376,1178754.401,1178754401,1002,1934,1935,101,110,FWD,13,64,1,DEPART,0
C3B93D0B,1178377,1178755.399,1178755399,998,1934,1935,101,110,FWD,13,64,1,DEPART,0
C3B93D0B,1178378,1178756.400,1178756400,1001,1934,1935,101,110,FWD,13,64,1,DEPART,0
C3B93D0B,1178379,1178757.399,1178757399,999,1934,1935,101,110,FWD,13,64,1,DEPART,0
C3B93D0B,1178380,1178758.400,1178758400,1001,1935,1935,101,110,FWD,13,64,1,DEPART,0
C3B93D0B,1178381,1178759.399,1178759399,999,1935,1935,101,110,FWD,13,64,1,DEPART,0
C3B93D0B,1178382,1178760.400,1178760400,1001,1934,1935,101,110,FWD,13,64,1,DEPART,0
C3B93D0B,1178383,1178761.399,1178761399,999,1936,1935,101,110,FWD,13,64,1,DEPART,0
C3B93D0B,1178384,1178762.400,1178762400,1001,1935,1935,101,110,FWD,13,64,1,DEPART,0
C3B93D0B,1178385,1178763.399,1178763399,999,1934,1935,101,110,FWD,13,64,1,DEPART,0
C3B93D0B,1178386,1178764.401,1178764401,1002,1934,1935,101,110,FWD,13,64,1,DEPART,0
C3B93D0B,1178387,1178765.399,1178765399,998,1934,1935,101,110,FWD,13,64,1,DEPART,0
C3B93D0B,1178388,1178766.400,1178766400,1001,1936,1935,101,110,FWD,13,64,1,DEPART,0
C3B93D0B,1178389,1178767.399,1178767399,999,1935,1935,101,110,FWD,13,64,1,DEPART,0
C3B93D0B,1178390,1178768.400,1178768400,1001,1931,1935,101,110,FWD,13,64,1,DEPART,0
C3B93D0B,1178391,1178769.399,1178769399,999,1933,1935,101,110,FWD,13,64,1,DEPART,0
C3B93D0B,1178392,1178770.400,1178770400,1001,1932,1935,101,110,FWD,13,64,1,DEPART,0
C3B93D0B,1178393,1178771.399,1178771399,999,1935,1935,101,110,FWD,13,64,1,DEPART,0
C3B93D0B,1178394,1178772.400,1178772400,1001,1932,1935,101,110,FWD,13,64,1,DEPART,0
C3B93D0B,1178395,1178773.399,1178773399,999,1935,1935,101,110,FWD,13,64,1,DEPART,0
C3B93D0B,1178396,1178774.401,1178774401,1002,1936,1935,101,110,FWD,13,64,1,DEPART,0
C3B93D0B,1178397,1178775.399,1178775399,998,1933,1935,101,110,FWD,13,64,1,DEPART,0
C3B93D0B,1178398,1178776.400,1178776400,1001,1933,1935,101,110,FWD,13,64,1,DEPART,0
C3B93D0B,1178399,1178777.399,1178777399,999,1935,1935,101,110,FWD,13,64,1,DEPART,0
C3B93D0B,1178400,1178778.400,1178778400,1001,1934,1935,101,110,FWD,13,64,1,DEPART,0
C3B93D0B,1178401,1178779.399,1178779399,999,1934,1935,101,110,FWD,13,64,1,DEPART,0
C3B93D0B,1178402,1178780.400,1178780400,1001,1934,1935,101,110,FWD,13,64,1,DEPART,0
C3B93D0B,1178403,1178781.399,1178781399,999,1935,1935,101,110,FWD,13,64,1,DEPART,0
C3B93D0B,1178404,1178782.400,1178782400,1001,1936,1935,102,110,FWD,13,64,1,DEPART,0
C3B93D0B,1178405,1178783.399,1178783399,999,1933,1935,102,110,FWD,13,64,1,DEPART,0
C3B93D0B,1178406,1178784.401,1178784401,1002,1932,1935,102,110,FWD,13,64,1,DEPART,0
C3B93D0B,1178407,1178785.825,1178785825,1424,1936,1935,102,110,FWD,45,64,1,DEPART,0
C3B93D0B,1178408,1178786.399,1178786399,574,1933,1935,102,110,FWD,13,64,1,DEPART,0
C3B93D0B,1178409,1178787.400,1178787400,1001,1934,1935,102,110,FWD,13,64,1,DEPART,0
C3B93D0B,1178410,1178788.399,1178788399,999,1934,1935,102,110,FWD,13,64,1,DEPART,0
C3B93D0B,1178411,1178789.400,1178789400,1001,1934,1935,102,110,FWD,13,64,1,DEPART,0
C3B93D0B,1178412,1178790.399,1178790399,999,1931,1935,102,110,FWD,13,64,1,DEPART,0
C3B93D0B,1178413,1178791.643,1178791643,1244,1933,1935,102,110,FWD,13,64,1,DEPART,0
C3B93D0B,1178414,1178792.399,1178792399,756,1934,1935,102,110,FWD,13,64,1,DEPART,0
C3B93D0B,1178415,1178793.400,1178793400,1001,1934,1935,102,110,FWD,13,64,1,DEPART,0
C3B93D0B,1178416,1178794.400,1178794400,1000,1932,1935,102,110,FWD,13,64,1,DEPART,0
C3B93D0B,1178417,1178795.400,1178795400,1000,1933,1935,102,110,FWD,13,64,1,DEPART,0
C3B93D0B,1178418,1178796.399,1178796399,999,1934,1935,102,110,FWD,13,64,1,DEPART,0
C3B93D0B,1178419,1178797.400,1178797400,1001,1934,1935,102,110,FWD,13,64,1,DEPART,0
C3B93D0B,1178420,1178798.399,1178798399,999,1934,1935,102,110,FWD,13,64,1,DEPART,0
C3B93D0B,1178421,1178799.400,1178799400,1001,1935,1935,102,110,FWD,13,64,1,DEPART,0
C3B93D0B,1178422,1178800.399,1178800399,999,1934,1935,102,110,FWD,13,64,1,DEPART,0
C3B93D0B,1178423,1178801.400,1178801400,1001,1934,1935,102,110,FWD,13,64,1,DEPART,0
C3B93D0B,1178424,1178802.399,1178802399,999,1934,1935,102,110,FWD,13,64,1,DEPART,0
C3B93D0B,1178425,1178803.400,1178803400,1001,1932,1935,102,110,FWD,13,64,1,DEPART,0
C3B93D0B,1178426,1178804.400,1178804400,1000,1936,1935,102,110,FWD,13,64,1,DEPART,0
C3B93D0B,1178427,1178805.400,1178805400,1000,1935,1935,102,110,FWD,13,64,1,DEPART,0
C3B93D0B,1178428,1178806.399,1178806399,999,1934,1935,102,110,FWD,13,64,1,DEPART,0
C3B93D0B,1178429,1178807.400,1178807400,1001,1935,1935,102,110,FWD,13,64,1,DEPART,0
C3B93D0B,1178430,1178808.399,1178808399,999,1936,1935,102,110,FWD,13,64,1,DEPART,0
C3B93D0B,1178431,1178809.400,1178809400,1001,1936,1935,102,110,FWD,13,64,1,DEPART,0
C3B93D0B,1178432,1178810.399,1178810399,999,1933,1935,102,110,FWD,13,64,1,DEPART,0
C3B93D0B,1178433,1178811.400,1178811400,1001,1933,1935,102,110,FWD,13,64,1,DEPART,0
C3B93D0B,1178434,1178812.399,1178812399,999,1934,1935,102,110,FWD,13,64,1,DEPART,0
C3B93D0B,1178435,1178813.400,1178813400,1001,1935,1935,102,110,FWD,13,64,1,DEPART,0
C3B93D0B,1178436,1178814.400,1178814400,1000,1933,1935,102,110,FWD,13,64,1,DEPART,0
C3B93D0B,1178437,1178815.400,1178815400,1000,1936,1935,102,110,FWD,13,64,1,DEPART,0
C3B93D0B,1178438,1178816.399,1178816399,999,1931,1935,102,110,FWD,13,64,1,DEPART,0
C3B93D0B,1178439,1178817.400,1178817400,1001,1934,1935,102,110,FWD,13,64,1,DEPART,0
C3B93D0B,1178440,1178818.399,1178818399,999,1934,1935,102,110,FWD,13,64,1,DEPART,0
C3B93D0B,1178441,1178819.400,1178819400,1001,1934,1935,102,110,FWD,13,64,1,DEPART,0
C3B93D0B,1178442,1178820.399,1178820399,999,1934,1935,102,110,FWD,13,64,1,DEPART,0
C3B93D0B,1178443,1178821.400,1178821400,1001,1934,1935,102,110,FWD,13,64,1,DEPART,0
C3B93D0B,1178444,1178822.399,1178822399,999,1934,1935,102,110,FWD,13,64,1,DEPART,0
C3B93D0B,1178445,1178823.400,1178823400,1001,1935,1935,102,110,FWD,13,64,1,DEPART,0
C3B93D0B,1178446,1178824.400,1178824400,1000,1934,1935,102,110,FWD,13,64,1,DEPART,0
C3B93D0B,1178447,1178825.400,1178825400,1000,1934,1935,102,110,FWD,13,64,1,DEPART,0
C3B93D0B,1178448,1178826.399,1178826399,999,1934,1935,102,110,FWD,13,64,1,DEPART,0
C3B93D0B,1178449,1178827.400,1178827400,1001,1934,1935,102,110,FWD,13,64,1,DEPART,0
C3B93D0B,1178450,1178828.399,1178828399,999,1935,1935,102,110,FWD,13,64,1,DEPART,0
C3B93D0B,1178451,1178829.400,1178829400,1001,1935,1935,102,110,FWD,13,64,1,DEPART,0
C3B93D0B,1178452,1178830.399,1178830399,999,1934,1935,102,110,FWD,13,64,1,DEPART,0
C3B93D0B,1178453,1178831.400,1178831400,1001,1933,1935,102,110,FWD,13,64,1,DEPART,0
C3B93D0B,1178454,1178832.399,1178832399,999,1933,1935,102,110,FWD,13,64,1,DEPART,0
C3B93D0B,1178455,1178833.400,1178833400,1001,1932,1935,102,110,FWD,13,64,1,DEPART,0
C3B93D0B,1178456,1178834.400,1178834400,1000,1933,1935,102,110,FWD,13,64,1,DEPART,0
C3B93D0B,1178457,1178835.402,1178835402,1002,1933,1935,102,110,FWD,13,64,1,DEPART,0
C3B93D0B,1178458,1178836.571,1178836571,1169,1935,1935,102,110,FWD,13,64,1,DEPART,0
C3B93D0B,1178459,1178838.002,1178838002,1431,1935,1935,102,110,FWD,45,64,1,DEPART,0
C3B93D0B,1178460,1178838.399,1178838399,397,1936,1935,102,110,FWD,13,64,1,DEPART,0
C3B93D0B,1178461,1178839.400,1178839400,1001,1936,1935,102,110,FWD,13,64,1,DEPART,0
C3B93D0B,1178462,1178840.403,1178840403,1003,1936,1935,102,110,FWD,13,64,1,DEPART,0
C3B93D0B,1178463,1178841.400,1178841400,997,1935,1935,102,110,FWD,13,64,1,DEPART,0
C3B93D0B,1178464,1178842.666,1178842666,1266,1935,1935,102,110,FWD,45,64,1,DEPART,0
C3B93D0B,1178465,1178843.400,1178843400,734,1935,1935,102,110,FWD,13,64,1,DEPART,0
C3B93D0B,1178466,1178844.399,1178844399,999,1934,1935,102,110,FWD,13,64,1,DEPART,0
C3B93D0B,1178467,1178845.508,1178845508,1109,1933,1935,102,110,FWD,13,64,1,DEPART,0
C3B93D0B,1178468,1178846.399,1178846399,891,1934,1935,103,110,FWD,13,64,1,DEPART,0
C3B93D0B,1178469,1178847.400,1178847400,1001,1934,1935,103,110,FWD,13,64,1,DEPART,0
C3B93D0B,1178470,1178848.399,1178848399,999,1934,1935,103,110,FWD,13,64,1,DEPART,0
C3B93D0B,1178471,1178849.400,1178849400,1001,1932,1935,103,110,FWD,13,64,1,DEPART,0
C3B93D0B,1178472,1178850.399,1178850399,999,1935,1935,103,110,FWD,13,64,1,DEPART,0
C3B93D0B,1178473,1178851.400,1178851400,1001,1936,1935,103,110,FWD,13,64,1,DEPART,0
C3B93D0B,1178474,1178852.399,1178852399,999,1935,1935,103,110,FWD,13,64,1,DEPART,0
C3B93D0B,1178475,1178853.400,1178853400,1001,1934,1935,103,110,FWD,13,64,1,DEPART,0
C3B93D0B,1178476,1178854.399,1178854399,999,1935,1935,103,110,FWD,13,64,1,DEPART,0
C3B93D0B,1178477,1178855.401,1178855401,1002,1933,1935,103,110,FWD,13,64,1,DEPART,0
C3B93D0B,1178478,1178856.399,1178856399,998,1935,1935,103,110,FWD,13,64,1,DEPART,0
C3B93D0B,1178479,1178857.400,1178857400,1001,1936,1935,103,110,FWD,13,64,1,DEPART,0
C3B93D0B,1178480,1178858.399,1178858399,999,1935,1935,103,110,FWD,13,64,1,DEPART,0
C3B93D0B,1178481,1178859.400,1178859400,1001,1935,1935,103,110,FWD,13,64,1,DEPART,0
C3B93D0B,1178482,1178860.399,1178860399,999,1935,1935,103,110,FWD,13,64,1,DEPART,0
C3B93D0B,1178483,1178861.400,1178861400,1001,1935,1935,103,110,FWD,13,64,1,DEPART,0
C3B93D0B,1178484,1178862.399,1178862399,999,1933,1935,103,110,FWD,13,64,1,DEPART,0
C3B93D0B,1178485,1178863.400,1178863400,1001,1935,1935,103,110,FWD,13,64,1,DEPART,0
C3B93D0B,1178486,1178864.399,1178864399,999,1935,1935,103,110,FWD,13,64,1,DEPART,0
C3B93D0B,1178487,1178865.401,1178865401,1002,1934,1935,103,110,FWD,13,64,1,DEPART,0
C3B93D0B,1178488,1178866.399,1178866399,998,1936,1935,103,110,FWD,13,64,1,DEPART,0
C3B93D0B,1178489,1178867.400,1178867400,1001,1935,1935,103,110,FWD,13,64,1,DEPART,0
C3B93D0B,1178490,1178868.399,1178868399,999,1935,1935,103,110,FWD,13,64,1,DEPART,0
C3B93D0B,1178491,1178869.400,1178869400,1001,1935,1935,103,110,FWD,13,64,1,DEPART,0
C3B93D0B,1178492,1178870.399,1178870399,999,1933,1935,103,110,FWD,13,64,1,DEPART,0
C3B93D0B,1178493,1178871.400,1178871400,1001,1934,1935,103,110,FWD,13,64,1,DEPART,0
C3B93D0B,1178494,1178872.399,1178872399,999,1934,1935,103,110,FWD,13,64,1,DEPART,0
C3B93D0B,1178495,1178873.400,1178873400,1001,1935,1935,103,110,FWD,13,64,1,DEPART,0
C3B93D0B,1178496,1178874.399,1178874399,999,1933,1935,103,110,FWD,13,64,1,DEPART,0
C3B93D0B,1178497,1178875.401,1178875401,1002,1935,1935,103,110,FWD,13,64,1,DEPART,0
C3B93D0B,1178498,1178876.399,1178876399,998,1934,1935,103,110,FWD,13,64,1,DEPART,0
C3B93D0B,1178499,1178877.400,1178877400,1001,1934,1935,103,110,FWD,13,64,1,DEPART,0
C3B93D0B,1178500,1178878.399,1178878399,999,1936,1935,103,110,FWD,13,64,1,DEPART,0
C3B93D0B,1178501,1178879.475,1178879475,1076,1933,1935,103,110,FWD,13,64,1,DEPART,0
C3B93D0B,1178502,1178880.399,1178880399,924,1936,1935,103,110,FWD,13,64,1,DEPART,0
C3B93D0B,1178503,1178881.400,1178881400,1001,1934,1935,103,110,FWD,13,64,1,DEPART,0
C3B93D0B,1178504,1178882.399,1178882399,999,1934,1935,103,110,FWD,13,64,1,DEPART,0
C3B93D0B,1178505,1178883.400,1178883400,1001,1934,1935,103,110,FWD,13,64,1,DEPART,0
C3B93D0B,1178506,1178884.399,1178884399,999,1934,1935,103,110,FWD,13,64,1,DEPART,0
C3B93D0B,1178507,1178885.401,1178885401,1002,1934,1935,103,110,FWD,13,64,1,DEPART,0
C3B93D0B,1178508,1178886.812,1178886812,1411,1930,1935,103,110,FWD,45,64,1,DEPART,0
C3B93D0B,1178509,1178887.400,1178887400,588,1934,1935,103,110,FWD,13,64,1,DEPART,0
C3B93D0B,1178510,1178888.400,1178888400,1000,1936,1935,103,110,FWD,13,64,1,DEPART,0
C3B93D0B,1178511,1178889.399,1178889399,999,1936,1935,103,110,FWD,13,64,1,DEPART,0
C3B93D0B,1178512,1178890.400,1178890400,1001,1933,1935,103,110,FWD,13,64,1,DEPART,0
C3B93D0B,1178513,1178891.399,1178891399,999,1935,1935,103,110,FWD,13,64,1,DEPART,0
C3B93D0B,1178514,1178892.400,1178892400,1001,1935,1935,103,110,FWD,13,64,1,DEPART,0
C3B93D0B,1178515,1178893.399,1178893399,999,1934,1935,103,110,FWD,13,64,1,DEPART,0
C3B93D0B,1178516,1178894.400,1178894400,1001,1934,1935,103,110,FWD,13,64,1,DEPART,0
C3B93D0B,1178517,1178895.400,1178895400,1000,1934,1935,103,110,FWD,13,64,1,DEPART,0
C3B93D0B,1178518,1178896.400,1178896400,1000,1935,1935,103,110,FWD,13,64,1,DEPART,0
C3B93D0B,1178519,1178897.399,1178897399,999,1934,1935,103,110,FWD,13,64,1,DEPART,0
C3B93D0B,1178520,1178898.400,1178898400,1001,1934,1935,103,110,FWD,13,64,1,DEPART,0
C3B93D0B,1178521,1178899.399,1178899399,999,1934,1935,103,110,FWD,13,64,1,DEPART,0
C3B93D0B,1178522,1178900.400,1178900400,1001,1934,1935,103,110,FWD,13,64,1,DEPART,0
C3B93D0B,1178523,1178901.399,1178901399,999,1934,1935,103,110,FWD,13,64,1,DEPART,0
C3B93D0B,1178524,1178902.400,1178902400,1001,1935,1935,103,110,FWD,13,64,1,DEPART,0
C3B93D0B,1178525,1178903.399,1178903399,999,1936,1935,103,110,FWD,13,64,1,DEPART,0
C3B93D0B,1178526,1178904.400,1178904400,1001,1935,1935,103,110,FWD,13,64,1,DEPART,0
C3B93D0B,1178527,1178905.400,1178905400,1000,1933,1935,103,110,FWD,13,64,1,DEPART,0
C3B93D0B,1178528,1178906.400,1178906400,1000,1935,1935,103,110,FWD,13,64,1,DEPART,0
C3B93D0B,1178529,1178907.399,1178907399,999,1934,1935,103,110,FWD,13,64,1,DEPART,0
C3B93D0B,1178530,1178908.400,1178908400,1001,1934,1935,104,110,FWD,13,64,1,DEPART,0
C3B93D0B,1178531,1178909.399,1178909399,999,1936,1935,104,110,FWD,13,64,1,DEPART,0
C3B93D0B,1178532,1178910.400,1178910400,1001,1935,1935,104,110,FWD,13,64,1,DEPART,0
C3B93D0B,1178533,1178911.399,1178911399,999,1935,1935,104,110,FWD,13,64,1,DEPART,0
C3B93D0B,1178534,1178912.400,1178912400,1001,1934,1935,104,110,FWD,13,64,1,DEPART,0
C3B93D0B,1178535,1178913.399,1178913399,999,1935,1935,104,110,FWD,13,64,1,DEPART,0
C3B93D0B,1178536,1178914.400,1178914400,1001,1935,1935,104,110,FWD,13,64,1,DEPART,0
C3B93D0B,1178537,1178915.400,1178915400,1000,1933,1935,104,110,FWD,13,64,1,DEPART,0
C3B93D0B,1178538,1178916.400,1178916400,1000,1932,1935,104,110,FWD,13,64,1,DEPART,0
C3B93D0B,1178539,1178917.399,1178917399,999,1934,1935,104,110,FWD,13,64,1,DEPART,0
C3B93D0B,1178540,1178918.400,1178918400,1001,1933,1935,104,110,FWD,13,64,1,DEPART,0
C3B93D0B,1178541,1178919.399,1178919399,999,1934,1935,104,110,FWD,13,64,1,DEPART,0
C3B93D0B,1178542,1178920.400,1178920400,1001,1933,1935,104,110,FWD,13,64,1,DEPART,0
C3B93D0B,1178543,1178921.399,1178921399,999,1936,1935,104,110,FWD,13,64,1,DEPART,0
C3B93D0B,1178544,1178922.400,1178922400,1001,1934,1935,104,110,FWD,13,64,1,DEPART,0
C3B93D0B,1178545,1178923.399,1178923399,999,1934,1935,104,110,FWD,13,64,1,DEPART,0
C3B93D0B,1178546,1178924.400,1178924400,1001,1931,1935,104,110,FWD,13,64,1,DEPART,0
C3B93D0B,1178547,1178925.400,1178925400,1000,1934,1935,104,110,FWD,13,64,1,DEPART,0
C3B93D0B,1178548,1178926.400,1178926400,1000,1931,1935,104,110,FWD,13,64,1,DEPART,0
C3B93D0B,1178549,1178927.433,1178927433,1033,1934,1935,104,110,FWD,13,64,1,DEPART,0
C3B93D0B,1178550,1178928.400,1178928400,967,1935,1935,104,110,FWD,13,64,1,DEPART,0
C3B93D0B,1178551,1178929.399,1178929399,999,1933,1935,104,110,FWD,13,64,1,DEPART,0
C3B93D0B,1178552,1178930.400,1178930400,1001,1933,1935,104,110,FWD,13,64,1,DEPART,0
C3B93D0B,1178553,1178931.399,1178931399,999,1934,1935,104,110,FWD,13,64,1,DEPART,0
C3B93D0B,1178554,1178932.400,1178932400,1001,1933,1935,104,110,FWD,13,64,1,DEPART,0
C3B93D0B,1178555,1178933.399,1178933399,999,1931,1935,104,110,FWD,13,64,1,DEPART,0
C3B93D0B,1178556,1178934.400,1178934400,1001,1934,1935,104,110,FWD,13,64,1,DEPART,0
C3B93D0B,1178557,1178935.400,1178935400,1000,1935,1935,104,110,FWD,13,64,1,DEPART,0
C3B93D0B,1178558,1178936.401,1178936401,1001,1933,1935,104,110,FWD,13,64,1,DEPART,0
C3B93D0B,1178559,1178937.541,1178937541,1140,1934,1935,104,110,FWD,13,64,1,DEPART,0
C3B93D0B,1178560,1178938.400,1178938400,859,1937,1935,104,110,FWD,13,64,1,DEPART,0
C3B93D0B,1178561,1178939.505,1178939505,1105,1933,1935,104,110,FWD,13,64,1,DEPART,0
C3B93D0B,1178562,1178940.400,1178940400,895,1933,1935,104,110,FWD,13,64,1,DEPART,0
C3B93D0B,1178563,1178941.399,1178941399,999,1933,1935,104,110,FWD,13,64,1,DEPART,0
C3B93D0B,1178564,1178943.572,1178943572,2173,1934,1935,104,110,FWD,45,64,1,DEPART,0
C3B93D0B,1178565,1178943.904,1178943904,332,1936,1935,104,110,FWD,13,64,1,DEPART,0
C3B93D0B,1178566,1178944.400,1178944400,496,1934,1935,104,110,FWD,13,64,1,DEPART,0
C3B93D0B,1178567,1178945.399,1178945399,999,1935,1935,104,110,FWD,13,64,1,DEPART,0
C3B93D0B,1178568,1178946.401,1178946401,1002,1935,1935,104,110,FWD,13,64,1,DEPART,0
C3B93D0B,1178569,1178947.399,1178947399,998,1934,1935,104,110,FWD,13,64,1,DEPART,0
C3B93D0B,1178570,1178948.400,1178948400,1001,1935,1935,104,110,FWD,13,64,1,DEPART,0
C3B93D0B,1178571,1178949.399,1178949399,999,1935,1935,104,110,FWD,13,64,1,DEPART,0
C3B93D0B,1178572,1178950.400,1178950400,1001,1933,1935,104,110,FWD,13,64,1,DEPART,0
C3B93D0B,1178573,1178951.399,1178951399,999,1935,1935,104,110,FWD,13,64,1,DEPART,0
C3B93D0B,1178574,1178952.400,1178952400,1001,1935,1935,104,110,FWD,13,64,1,DEPART,0
C3B93D0B,1178575,1178953.399,1178953399,999,1933,1935,104,110,FWD,13,64,1,DEPART,0
C3B93D0B,1178576,1178954.400,1178954400,1001,1935,1935,104,110,FWD,13,64,1,DEPART,0
C3B93D0B,1178577,1178955.399,1178955399,999,1934,1935,104,110,FWD,13,64,1,DEPART,0
C3B93D0B,1178578,1178956.401,1178956401,1002,1933,1935,104,110,FWD,13,64,1,DEPART,0
C3B93D0B,1178579,1178957.399,1178957399,998,1936,1935,104,110,FWD,13,64,1,DEPART,0
C3B93D0B,1178580,1178958.400,1178958400,1001,1935,1935,104,110,FWD,13,64,1,DEPART,0
C3B93D0B,1178581,1178959.399,1178959399,999,1936,1935,104,110,FWD,13,64,1,DEPART,0
C3B93D0B,1178582,1178960.400,1178960400,1001,1934,1935,104,110,FWD,13,64,1,DEPART,0
C3B93D0B,1178583,1178961.399,1178961399,999,1934,1935,104,110,FWD,13,64,1,DEPART,0
C3B93D0B,1178584,1178962.400,1178962400,1001,1934,1935,104,110,FWD,13,64,1,DEPART,0
C3B93D0B,1178585,1178963.399,1178963399,999,1934,1935,104,110,FWD,13,64,1,DEPART,0
C3B93D0B,1178586,1178964.400,1178964400,1001,1933,1935,104,110,FWD,13,64,1,DEPART,0
C3B93D0B,1178587,1178965.399,1178965399,999,1935,1935,104,110,FWD,13,64,1,DEPART,0
C3B93D0B,1178588,1178966.401,1178966401,1002,1933,1935,104,110,FWD,13,64,1,DEPART,0
C3B93D0B,1178589,1178967.399,1178967399,998,1933,1935,104,110,FWD,13,64,1,DEPART,0
C3B93D0B,1178590,1178968.400,1178968400,1001,1933,1935,104,110,FWD,13,64,1,DEPART,0
C3B93D0B,1178591,1178969.399,1178969399,999,1934,1935,104,110,FWD,13,64,1,DEPART,0
C3B93D0B,1178592,1178970.400,1178970400,1001,1934,1935,105,110,FWD,13,64,1,DEPART,0
C3B93D0B,1178593,1178971.399,1178971399,999,1935,1935,105,110,FWD,13,64,1,DEPART,0
C3B93D0B,1178594,1178972.400,1178972400,1001,1934,1935,105,110,FWD,13,64,1,DEPART,0
C3B93D0B,1178595,1178973.399,1178973399,999,1933,1935,105,110,FWD,13,64,1,DEPART,0
C3B93D0B,1178596,1178974.400,1178974400,1001,1935,1935,105,110,FWD,13,64,1,DEPART,0
C3B93D0B,1178597,1178975.399,1178975399,999,1933,1935,105,110,FWD,13,64,1,DEPART,0
C3B93D0B,1178598,1178976.401,1178976401,1002,1935,1935,105,110,FWD,13,64,1,DEPART,0
C3B93D0B,1178599,1178977.399,1178977399,998,1934,1935,105,110,FWD,13,64,1,DEPART,0
C3B93D0B,1178600,1178978.400,1178978400,1001,1933,1935,105,110,FWD,13,64,1,DEPART,0
C3B93D0B,1178601,1178979.399,1178979399,999,1934,1935,105,110,FWD,13,64,1,DEPART,0
C3B93D0B,1178602,1178980.400,1178980400,1001,1935,1935,105,110,FWD,13,64,1,DEPART,0
C3B93D0B,1178603,1178981.399,1178981399,999,1934,1935,105,110,FWD,13,64,1,DEPART,0
C3B93D0B,1178604,1178982.400,1178982400,1001,1933,1935,105,110,FWD,13,64,1,DEPART,0
C3B93D0B,1178605,1178983.399,1178983399,999,1936,1935,105,110,FWD,13,64,1,DEPART,0
C3B93D0B,1178606,1178984.400,1178984400,1001,1934,1935,105,110,FWD,13,64,1,DEPART,0
C3B93D0B,1178607,1178985.399,1178985399,999,1936,1935,105,110,FWD,13,64,1,DEPART,0
C3B93D0B,1178608,1178986.401,1178986401,1002,1934,1935,105,110,FWD,13,64,1,DEPART,0
C3B93D0B,1178609,1178987.825,1178987825,1424,1930,1935,105,110,FWD,45,64,1,DEPART,0
C3B93D0B,1178610,1178988.399,1178988399,574,1934,1935,105,110,FWD,13,64,1,DEPART,0
C3B93D0B,1178611,1178989.400,1178989400,1001,1935,1935,105,110,FWD,13,64,1,DEPART,0
C3B93D0B,1178612,1178990.399,1178990399,999,1931,1935,105,110,FWD,13,64,1,DEPART,0
C3B93D0B,1178613,1178991.400,1178991400,1001,1934,1935,105,110,FWD,13,64,1,DEPART,0
C3B93D0B,1178614,1178992.399,1178992399,999,1934,1935,105,110,FWD,13,64,1,DEPART,0
C3B93D0B,1178615,1178993.400,1178993400,1001,1935,1935,105,110,FWD,13,64,1,DEPART,0
C3B93D0B,1178616,1178994.399,1178994399,999,1933,1935,105,110,FWD,13,64,1,DEPART,0
C3B93D0B,1178617,1178995.400,1178995400,1001,1934,1935,105,110,FWD,13,64,1,DEPART,0
C3B93D0B,1178618,1178996.400,1178996400,1000,1935,1935,105,110,FWD,13,64,1,DEPART,0
C3B93D0B,1178619,1178997.400,1178997400,1000,1933,1935,105,110,FWD,13,64,1,DEPART,0
C3B93D0B,1178620,1178998.399,1178998399,999,1931,1935,105,110,FWD,13,64,1,DEPART,0
C3B93D0B,1178621,1178999.400,1178999400,1001,1934,1935,105,110,FWD,13,64,1,DEPART,0
C3B93D0B,1178622,1179000.399,1179000399,999,1931,1935,105,110,FWD,13,64,1,DEPART,0
C3B93D0B,1178623,1179001.400,1179001400,1001,1934,1935,105,110,FWD,13,64,1,DEPART,0
C3B93D0B,1178624,1179002.399,1179002399,999,1934,1935,105,110,FWD,13,64,1,DEPART,0
C3B93D0B,1178625,1179003.400,1179003400,1001,1934,1935,105,110,FWD,13,64,1,DEPART,0
C3B93D0B,1178626,1179004.399,1179004399,999,1933,1935,105,110,FWD,13,64,1,DEPART,0
C3B93D0B,1178627,1179005.400,1179005400,1001,1934,1935,105,110,FWD,13,64,1,DEPART,0
C3B93D0B,1178628,1179006.400,1179006400,1000,1934,1935,105,110,FWD,13,64,1,DEPART,0
C3B93D0B,1178629,1179007.400,1179007400,1000,1936,1935,105,110,FWD,13,64,1,DEPART,0
C3B93D0B,1178630,1179008.399,1179008399,999,1933,1935,105,110,FWD,13,64,1,DEPART,0
C3B93D0B,1178631,1179009.400,1179009400,1001,1935,1935,105,110,FWD,13,64,1,DEPART,0
C3B93D0B,1178632,1179010.399,1179010399,999,1935,1935,105,110,FWD,13,64,1,DEPART,0
C3B93D0B,1178633,1179011.400,1179011400,1001,1935,1935,105,110,FWD,13,64,1,DEPART,0
C3B93D0B,1178634,1179012.399,1179012399,999,1934,1935,105,110,FWD,13,64,1,DEPART,0
C3B93D0B,1178635,1179013.400,1179013400,1001,1933,1935,105,110,FWD,13,64,1,DEPART,0
C3B93D0B,1178636,1179014.399,1179014399,999,1934,1935,105,110,FWD,13,64,1,DEPART,0
C3B93D0B,1178637,1179015.400,1179015400,1001,1934,1935,105,110,FWD,13,64,1,DEPART,0
C3B93D0B,1178638,1179016.400,1179016400,1000,1934,1935,105,110,FWD,13,64,1,DEPART,0
C3B93D0B,1178639,1179017.400,1179017400,1000,1933,1935,105,110,FWD,13,64,1,DEPART,0
C3B93D0B,1178640,1179018.399,1179018399,999,1934,1935,105,110,FWD,13,64,1,DEPART,0
C3B93D0B,1178641,1179019.400,1179019400,1001,1934,1935,105,110,FWD,13,64,1,DEPART,0
C3B93D0B,1178642,1179020.399,1179020399,999,1933,1935,105,110,FWD,13,64,1,DEPART,0
C3B93D0B,1178643,1179021.400,1179021400,1001,1934,1935,105,110,FWD,13,64,1,DEPART,0
C3B93D0B,1178644,1179022.399,1179022399,999,1933,1935,105,110,FWD,13,64,1,DEPART,0
C3B93D0B,1178645,1179023.400,1179023400,1001,1934,1935,105,110,FWD,13,64,1,DEPART,0
C3B93D0B,1178646,1179024.399,1179024399,999,1934,1935,105,110,FWD,13,64,1,DEPART,0
C3B93D0B,1178647,1179025.400,1179025400,1001,1933,1935,105,110,FWD,13,64,1,DEPART,0
C3B93D0B,1178648,1179026.400,1179026400,1000,1932,1935,105,110,FWD,13,64,1,DEPART,0
C3B93D0B,1178649,1179027.400,1179027400,1000,1934,1935,105,110,FWD,13,64,1,DEPART,0
C3B93D0B,1178650,1179028.399,1179028399,999,1933,1935,105,110,FWD,13,64,1,DEPART,0
C3B93D0B,1178651,1179029.400,1179029400,1001,1934,1935,105,110,FWD,13,64,1,DEPART,0
C3B93D0B,1178652,1179030.399,1179030399,999,1934,1935,105,110,FWD,13,64,1,DEPART,0
C3B93D0B,1178653,1179031.400,1179031400,1001,1932,1935,105,110,FWD,13,64,1,DEPART,0
C3B93D0B,1178654,1179032.399,1179032399,999,1935,1935,105,110,FWD,13,64,1,DEPART,0
C3B93D0B,1178655,1179033.400,1179033400,1001,1935,1935,106,110,FWD,13,64,1,DEPART,0
C3B93D0B,1178656,1179034.399,1179034399,999,1935,1935,106,110,FWD,13,64,1,DEPART,0
C3B93D0B,1178657,1179035.400,1179035400,1001,1935,1935,106,110,FWD,13,64,1,DEPART,0
C3B93D0B,1178658,1179036.400,1179036400,1000,1933,1935,106,110,FWD,13,64,1,DEPART,0
C3B93D0B,1178659,1179037.402,1179037402,1002,1932,1935,106,110,FWD,13,64,1,DEPART,0
C3B93D0B,1178660,1179038.402,1179038402,1000,1934,1935,106,110,FWD,13,64,1,DEPART,0
C3B93D0B,1178661,1179040.162,1179040162,1760,1933,1935,106,110,FWD,45,64,1,DEPART,0
C3B93D0B,1178662,1179040.477,1179040477,315,1934,1935,106,110,FWD,13,64,1,DEPART,0
C3B93D0B,1178663,1179041.400,1179041400,923,1933,1935,106,110,FWD,13,64,1,DEPART,0
C3B93D0B,1178664,1179042.399,1179042399,999,1934,1935,106,110,FWD,13,64,1,DEPART,0
C3B93D0B,1178665,1179043.400,1179043400,1001,1934,1935,106,110,FWD,13,64,1,DEPART,0
C3B93D0B,1178666,1179044.399,1179044399,999,1934,1935,106,110,FWD,13,64,1,DEPART,0
C3B93D0B,1178667,1179045.400,1179045400,1001,1935,1935,106,110,FWD,13,64,1,DEPART,0
C3B93D0B,1178668,1179046.399,1179046399,999,1933,1935,106,110,FWD,13,64,1,DEPART,0
C3B93D0B,1178669,1179047.401,1179047401,1002,1929,1935,106,110,FWD,13,64,1,DEPART,0
C3B93D0B,1178670,1179048.401,1179048401,1000,1935,1935,106,110,FWD,13,64,1,DEPART,0
C3B93D0B,1178671,1179049.401,1179049401,1000,1932,1935,106,110,FWD,13,64,1,DEPART,0
C3B93D0B,1178672,1179050.399,1179050399,998,1935,1935,106,110,FWD,13,64,1,DEPART,0
C3B93D0B,1178673,1179051.400,1179051400,1001,1936,1935,106,110,FWD,13,64,1,DEPART,0
C3B93D0B,1178674,1179052.597,1179052597,1197,1933,1935,106,110,FWD,13,64,1,DEPART,0
C3B93D0B,1178675,1179053.400,1179053400,803,1936,1935,106,110,FWD,13,64,1,DEPART,0
C3B93D0B,1178676,1179054.691,1179054691,1291,1934,1935,106,110,FWD,45,64,1,DEPART,0
C3B93D0B,1178677,1179055.400,1179055400,709,1934,1935,106,110,FWD,13,64,1,DEPART,0
C3B93D0B,1178678,1179056.399,1179056399,999,1935,1935,106,110,FWD,13,64,1,DEPART,0
C3B93D0B,1178679,1179057.482,1179057482,1083,1931,1935,106,110,FWD,13,64,1,DEPART,0
C3B93D0B,1178680,1179058.400,1179058400,918,1927,1935,106,110,FWD,13,64,1,DEPART,0
C3B93D0B,1178681,1179059.401,1179059401,1001,1935,1935,106,110,FWD,13,64,1,DEPART,0
C3B93D0B,1178682,1179060.399,1179060399,998,1935,1935,106,110,FWD,13,64,1,DEPART,0
C3B93D0B,1178683,1179061.400,1179061400,1001,1935,1935,106,110,FWD,13,64,1,DEPART,0
C3B93D0B,1178684,1179062.399,1179062399,999,1936,1935,106,110,FWD,13,64,1,DEPART,0
C3B93D0B,1178685,1179063.400,1179063400,1001,1934,1935,106,110,FWD,13,64,1,DEPART,0
C3B93D0B,1178686,1179064.399,1179064399,999,1936,1935,106,110,FWD,13,64,1,DEPART,0
C3B93D0B,1178687,1179065.400,1179065400,1001,1933,1935,106,110,FWD,13,64,1,DEPART,0
C3B93D0B,1178688,1179066.399,1179066399,999,1936,1935,106,110,FWD,13,64,1,DEPART,0
C3B93D0B,1178689,1179067.400,1179067400,1001,1935,1935,106,110,FWD,13,64,1,DEPART,0
C3B93D0B,1178690,1179068.400,1179068400,1000,1933,1935,106,110,FWD,13,64,1,DEPART,0
C3B93D0B,1178691,1179069.400,1179069400,1000,1933,1935,106,110,FWD,13,64,1,DEPART,0
C3B93D0B,1178692,1179070.399,1179070399,999,1934,1935,106,110,FWD,13,64,1,DEPART,0
C3B93D0B,1178693,1179071.400,1179071400,1001,1933,1935,106,110,FWD,13,64,1,DEPART,0
C3B93D0B,1178694,1179072.399,1179072399,999,1934,1935,106,110,FWD,13,64,1,DEPART,0
C3B93D0B,1178695,1179073.400,1179073400,1001,1933,1935,106,110,FWD,13,64,1,DEPART,0
C3B93D0B,1178696,1179074.399,1179074399,999,1935,1935,106,110,FWD,13,64,1,DEPART,0
C3B93D0B,1178697,1179075.400,1179075400,1001,1934,1935,106,110,FWD,13,64,1,DEPART,0
C3B93D0B,1178698,1179076.399,1179076399,999,1935,1935,106,110,FWD,13,64,1,DEPART,0
C3B93D0B,1178699,1179077.400,1179077400,1001,1934,1935,106,110,FWD,13,64,1,DEPART,0
C3B93D0B,1178700,1179078.400,1179078400,1000,1933,1935,106,110,FWD,13,64,1,DEPART,0
C3B93D0B,1178701,1179079.562,1179079562,1162,1934,1935,106,110,FWD,13,64,1,DEPART,0
C3B93D0B,1178702,1179080.399,1179080399,837,1934,1935,106,110,FWD,13,64,1,DEPART,0
C3B93D0B,1178703,1179081.400,1179081400,1001,1935,1935,106,110,FWD,13,64,1,DEPART,0
C3B93D0B,1178704,1179082.399,1179082399,999,1934,1935,106,110,FWD,13,64,1,DEPART,0
C3B93D0B,1178705,1179083.400,1179083400,1001,1934,1935,106,110,FWD,13,64,1,DEPART,0
C3B93D0B,1178706,1179084.399,1179084399,999,1932,1935,106,110,FWD,13,64,1,DEPART,0
C3B93D0B,1178707,1179085.400,1179085400,1001,1934,1935,106,110,FWD,13,64,1,DEPART,0
C3B93D0B,1178708,1179086.399,1179086399,999,1933,1935,106,110,FWD,13,64,1,DEPART,0
C3B93D0B,1178709,1179087.400,1179087400,1001,1933,1935,106,110,FWD,13,64,1,DEPART,0
C3B93D0B,1178710,1179088.400,1179088400,1000,1935,1935,106,110,FWD,13,64,1,DEPART,0
C3B93D0B,1178711,1179089.400,1179089400,1000,1935,1935,106,110,FWD,13,64,1,DEPART,0
C3B93D0B,1178712,1179090.399,1179090399,999,1936,1935,106,110,FWD,13,64,1,DEPART,0
C3B93D0B,1178713,1179091.400,1179091400,1001,1936,1935,106,110,FWD,13,64,1,DEPART,0
C3B93D0B,1178714,1179092.399,1179092399,999,1928,1935,106,110,FWD,13,64,1,DEPART,0
C3B93D0B,1178715,1179093.400,1179093400,1001,1932,1935,106,110,FWD,13,64,1,DEPART,0
C3B93D0B,1178716,1179094.399,1179094399,999,1935,1935,106,110,FWD,13,64,1,DEPART,0
C3B93D0B,1178717,1179095.516,1179095516,1117,1935,1935,107,110,FWD,13,64,1,DEPART,0
C3B93D0B,1178718,1179096.399,1179096399,883,1934,1935,107,110,FWD,13,64,1,DEPART,0
C3B93D0B,1178719,1179097.400,1179097400,1001,1933,1935,107,110,FWD,13,64,1,DEPART,0
C3B93D0B,1178720,1179098.400,1179098400,1000,1935,1935,107,110,FWD,13,64,1,DEPART,0
C3B93D0B,1178721,1179099.400,1179099400,1000,1933,1935,107,110,FWD,13,64,1,DEPART,0
C3B93D0B,1178722,1179100.399,1179100399,999,1935,1935,107,110,FWD,13,64,1,DEPART,0
C3B93D0B,1178723,1179101.400,1179101400,1001,1932,1935,107,110,FWD,13,64,1,DEPART,0
C3B93D0B,1178724,1179102.399,1179102399,999,1934,1935,107,110,FWD,13,64,1,DEPART,0
C3B93D0B,1178725,1179103.400,1179103400,1001,1932,1935,107,110,FWD,13,64,1,DEPART,0
C3B93D0B,1178726,1179104.399,1179104399,999,1934,1935,107,110,FWD,13,64,1,DEPART,0
C3B93D0B,1178727,1179105.400,1179105400,1001,1936,1935,107,110,FWD,13,64,1,DEPART,0
C3B93D0B,1178728,1179106.399,1179106399,999,1935,1935,107,110,FWD,13,64,1,DEPART,0
C3B93D0B,1178729,1179107.400,1179107400,1001,1934,1935,107,110,FWD,13,64,1,DEPART,0
C3B93D0B,1178730,1179108.400,1179108400,1000,1934,1935,107,110,FWD,13,64,1,DEPART,0
C3B93D0B,1178731,1179109.400,1179109400,1000,1933,1935,107,110,FWD,13,64,1,DEPART,0
C3B93D0B,1178732,1179110.399,1179110399,999,1933,1935,107,110,FWD,13,64,1,DEPART,0
C3B93D0B,1178733,1179111.400,1179111400,1001,1934,1935,107,110,FWD,13,64,1,DEPART,0
C3B93D0B,1178734,1179112.399,1179112399,999,1933,1935,107,110,FWD,13,64,1,DEPART,0
C3B93D0B,1178735,1179113.400,1179113400,1001,1934,1935,107,110,FWD,13,64,1,DEPART,0
C3B93D0B,1178736,1179114.399,1179114399,999,1936,1935,107,110,FWD,13,64,1,DEPART,0
C3B93D0B,1178737,1179115.400,1179115400,1001,1935,1935,107,110,FWD,13,64,1,DEPART,0
C3B93D0B,1178738,1179116.399,1179116399,999,1933,1935,107,110,FWD,13,64,1,DEPART,0
C3B93D0B,1178739,1179117.400,1179117400,1001,1934,1935,107,110,FWD,13,64,1,DEPART,0
C3B93D0B,1178740,1179118.400,1179118400,1000,1933,1935,107,110,FWD,13,64,1,DEPART,0
C3B93D0B,1178741,1179119.400,1179119400,1000,1931,1935,107,110,FWD,13,64,1,DEPART,0
C3B93D0B,1178742,1179120.399,1179120399,999,1934,1935,107,110,FWD,13,64,1,DEPART,0
C3B93D0B,1178743,1179121.400,1179121400,1001,1935,1935,107,110,FWD,13,64,1,DEPART,0
C3B93D0B,1178744,1179122.399,1179122399,999,1935,1935,107,110,FWD,13,64,1,DEPART,0
C3B93D0B,1178745,1179123.400,1179123400,1001,1935,1935,107,110,FWD,13,64,1,DEPART,0
C3B93D0B,1178746,1179124.399,1179124399,999,1934,1935,107,110,FWD,13,64,1,DEPART,0
C3B93D0B,1178747,1179125.400,1179125400,1001,1934,1935,107,110,FWD,13,64,1,DEPART,0
C3B93D0B,1178748,1179126.399,1179126399,999,1933,1935,107,110,FWD,13,64,1,DEPART,0
C3B93D0B,1178749,1179127.400,1179127400,1001,1932,1935,107,110,FWD,13,64,1,DEPART,0
C3B93D0B,1178750,1179128.400,1179128400,1000,1935,1935,107,110,FWD,13,64,1,DEPART,0
C3B93D0B,1178751,1179129.400,1179129400,1000,1933,1935,107,110,FWD,13,64,1,DEPART,0
C3B93D0B,1178752,1179130.399,1179130399,999,1934,1935,107,110,FWD,13,64,1,DEPART,0
C3B93D0B,1178753,1179131.400,1179131400,1001,1934,1935,107,110,FWD,13,64,1,DEPART,0
C3B93D0B,1178754,1179132.399,1179132399,999,1933,1935,107,110,FWD,13,64,1,DEPART,0
C3B93D0B,1178755,1179133.400,1179133400,1001,1932,1935,107,110,FWD,13,64,1,DEPART,0
C3B93D0B,1178756,1179134.399,1179134399,999,1932,1935,107,110,FWD,13,64,1,DEPART,0
C3B93D0B,1178757,1179135.400,1179135400,1001,1933,1935,107,110,FWD,13,64,1,DEPART,0
C3B93D0B,1178758,1179136.399,1179136399,999,1934,1935,107,110,FWD,13,64,1,DEPART,0
C3B93D0B,1178759,1179137.400,1179137400,1001,1933,1935,107,110,FWD,13,64,1,DEPART,0
C3B93D0B,1178760,1179138.400,1179138400,1000,1934,1935,107,110,FWD,13,64,1,DEPART,0
C3B93D0B,1178761,1179139.401,1179139401,1001,1935,1935,107,110,FWD,13,64,1,DEPART,0
C3B93D0B,1178762,1179140.401,1179140401,1000,1931,1935,107,110,FWD,13,64,1,DEPART,0
C3B93D0B,1178763,1179141.400,1179141400,999,1934,1935,107,110,FWD,13,64,1,DEPART,0
C3B93D0B,1178764,1179142.798,1179142798,1398,1934,1935,107,110,FWD,45,64,1,DEPART,0
C3B93D0B,1178765,1179143.400,1179143400,602,1931,1935,107,110,FWD,13,64,1,DEPART,0
C3B93D0B,1178766,1179144.399,1179144399,999,1933,1935,107,110,FWD,13,64,1,DEPART,0
C3B93D0B,1178767,1179145.400,1179145400,1001,1935,1935,107,110,FWD,13,64,1,DEPART,0
C3B93D0B,1178768,1179146.399,1179146399,999,1931,1935,107,110,FWD,13,64,1,DEPART,0
C3B93D0B,1178769,1179147.407,1179147407,1008,1931,1935,107,110,FWD,13,64,1,DEPART,0
C3B93D0B,1178770,1179148.399,1179148399,992,1935,1935,107,110,FWD,13,64,1,DEPART,0
C3B93D0B,1178771,1179149.401,1179149401,1002,1931,1935,107,110,FWD,13,64,1,DEPART,0
C3B93D0B,1178772,1179150.399,1179150399,998,1935,1935,107,110,FWD,13,64,1,DEPART,0
C3B93D0B,1178773,1179151.400,1179151400,1001,1931,1935,107,110,FWD,13,64,1,DEPART,0
C3B93D0B,1178774,1179152.399,1179152399,999,1934,1935,107,110,FWD,13,64,1,DEPART,0
C3B93D0B,1178775,1179153.400,1179153400,1001,1934,1935,107,110,FWD,13,64,1,DEPART,0
C3B93D0B,1178776,1179154.399,1179154399,999,1935,1935,107,110,FWD,13,64,1,DEPART,0
C3B93D0B,1178777,1179155.400,1179155400,1001,1933,1935,107,110,FWD,13,64,1,DEPART,0
C3B93D0B,1178778,1179156.399,1179156399,999,1933,1935,107,110,FWD,13,64,1,DEPART,0
C3B93D0B,1178779,1179157.400,1179157400,1001,1933,1935,108,110,FWD,13,64,1,DEPART,0
C3B93D0B,1178780,1179158.399,1179158399,999,1934,1935,108,110,FWD,13,64,1,DEPART,0
C3B93D0B,1178781,1179159.401,1179159401,1002,1935,1935,108,110,FWD,13,64,1,DEPART,0
C3B93D0B,1178782,1179160.399,1179160399,998,1932,1935,108,110,FWD,13,64,1,DEPART,0
C3B93D0B,1178783,1179161.400,1179161400,1001,1935,1935,108,110,FWD,13,64,1,DEPART,0
C3B93D0B,1178784,1179162.399,1179162399,999,1935,1935,108,110,FWD,13,64,1,DEPART,0
C3B93D0B,1178785,1179163.400,1179163400,1001,1934,1935,108,110,FWD,13,64,1,DEPART,0
C3B93D0B,1178786,1179164.399,1179164399,999,1935,1935,108,110,FWD,13,64,1,DEPART,0
C3B93D0B,1178787,1179165.400,1179165400,1001,1934,1935,108,110,FWD,13,64,1,DEPART,0
C3B93D0B,1178788,1179166.399,1179166399,999,1933,1935,108,110,FWD,13,64,1,DEPART,0
C3B93D0B,1178789,1179167.400,1179167400,1001,1934,1935,108,110,FWD,13,64,1,DEPART,0
C3B93D0B,1178790,1179168.399,1179168399,999,1934,1935,108,110,FWD,13,64,1,DEPART,0
C3B93D0B,1178791,1179169.401,1179169401,1002,1933,1935,108,110,FWD,13,64,1,DEPART,0
C3B93D0B,1178792,1179170.399,1179170399,998,1935,1935,108,110,FWD,13,64,1,DEPART,0
C3B93D0B,1178793,1179171.400,1179171400,1001,1934,1935,108,110,FWD,13,64,1,DEPART,0
C3B93D0B,1178794,1179172.399,1179172399,999,1934,1935,108,110,FWD,13,64,1,DEPART,0
C3B93D0B,1178795,1179173.400,1179173400,1001,1934,1935,108,110,FWD,13,64,1,DEPART,0
C3B93D0B,1178796,1179174.399,1179174399,999,1936,1935,108,110,FWD,13,64,1,DEPART,0
C3B93D0B,1178797,1179175.400,1179175400,1001,1935,1935,108,110,FWD,13,64,1,DEPART,0
C3B93D0B,1178798,1179176.399,1179176399,999,1936,1935,108,110,FWD,13,64,1,DEPART,0
C3B93D0B,1178799,1179177.400,1179177400,1001,1936,1935,108,110,FWD,13,64,1,DEPART,0
C3B93D0B,1178800,1179178.399,1179178399,999,1935,1935,108,110,FWD,13,64,1,DEPART,0
C3B93D0B,1178801,1179179.401,1179179401,1002,1933,1935,108,110,FWD,13,64,1,DEPART,0
C3B93D0B,1178802,1179180.832,1179180832,1431,1931,1935,108,110,FWD,45,64,1,DEPART,0
C3B93D0B,1178803,1179181.446,1179181446,614,1933,1935,108,110,FWD,13,64,1,DEPART,0
C3B93D0B,1178804,1179182.400,1179182400,954,1936,1935,108,110,FWD,13,64,1,DEPART,0
C3B93D0B,1178805,1179183.399,1179183399,999,1936,1935,108,110,FWD,13,64,1,DEPART,0
C3B93D0B,1178806,1179184.400,1179184400,1001,1935,1935,108,110,FWD,13,64,1,DEPART,0
C3B93D0B,1178807,1179185.399,1179185399,999,1935,1935,108,110,FWD,13,64,1,DEPART,0
C3B93D0B,1178808,1179186.400,1179186400,1001,1933,1935,108,110,FWD,13,64,1,DEPART,0
C3B93D0B,1178809,1179187.399,1179187399,999,1934,1935,108,110,FWD,13,64,1,DEPART,0
C3B93D0B,1178810,1179188.400,1179188400,1001,1935,1935,108,110,FWD,13,64,1,DEPART,0
C3B93D0B,1178811,1179189.400,1179189400,1000,1934,1935,108,110,FWD,13,64,1,DEPART,0
C3B93D0B,1178812,1179190.400,1179190400,1000,1936,1935,108,110,FWD,13,64,1,DEPART,0
C3B93D0B,1178813,1179191.399,1179191399,999,1934,1935,108,110,FWD,13,64,1,DEPART,0
C3B93D0B,1178814,1179192.400,1179192400,1001,1933,1935,108,110,FWD,13,64,1,DEPART,0
C3B93D0B,1178815,1179193.399,1179193399,999,1936,1935,108,110,FWD,13,64,1,DEPART,0
C3B93D0B,1178816,1179194.400,1179194400,1001,1933,1935,108,110,FWD,13,64,1,DEPART,0
C3B93D0B,1178817,1179195.399,1179195399,999,1934,1935,108,110,FWD,13,64,1,DEPART,0
C3B93D0B,1178818,1179196.400,1179196400,1001,1933,1935,108,110,FWD,13,64,1,DEPART,0
C3B93D0B,1178819,1179197.399,1179197399,999,1934,1935,108,110,FWD,13,64,1,DEPART,0
C3B93D0B,1178820,1179198.400,1179198400,1001,1933,1935,108,110,FWD,13,64,1,DEPART,0
C3B93D0B,1178821,1179199.400,1179199400,1000,1935,1935,108,110,FWD,13,64,1,DEPART,0
C3B93D0B,1178822,1179200.400,1179200400,1000,1933,1935,108,110,FWD,13,64,1,DEPART,0
C3B93D0B,1178823,1179201.399,1179201399,999,1933,1935,108,110,FWD,13,64,1,DEPART,0
C3B93D0B,1178824,1179202.400,1179202400,1001,1934,1935,108,110,FWD,13,64,1,DEPART,0
C3B93D0B,1178825,1179203.399,1179203399,999,1934,1935,108,110,FWD,13,64,1,DEPART,0
C3B93D0B,1178826,1179204.400,1179204400,1001,1934,1935,108,110,FWD,13,64,1,DEPART,0
C3B93D0B,1178827,1179205.399,1179205399,999,1933,1935,108,110,FWD,13,64,1,DEPART,0
C3B93D0B,1178828,1179206.400,1179206400,1001,1934,1935,108,110,FWD,13,64,1,DEPART,0
C3B93D0B,1178829,1179207.399,1179207399,999,1934,1935,108,110,FWD,13,64,1,DEPART,0
C3B93D0B,1178830,1179208.400,1179208400,1001,1934,1935,108,110,FWD,13,64,1,DEPART,0
C3B93D0B,1178831,1179209.400,1179209400,1000,1935,1935,108,110,FWD,13,64,1,DEPART,0
C3B93D0B,1178832,1179210.400,1179210400,1000,1935,1935,108,110,FWD,13,64,1,DEPART,0
C3B93D0B,1178833,1179211.399,1179211399,999,1933,1935,108,110,FWD,13,64,1,DEPART,0
C3B93D0B,1178834,1179212.400,1179212400,1001,1933,1935,108,110,FWD,13,64,1,DEPART,0
C3B93D0B,1178835,1179213.399,1179213399,999,1933,1935,108,110,FWD,13,64,1,DEPART,0
C3B93D0B,1178836,1179214.400,1179214400,1001,1934,1935,108,110,FWD,13,64,1,DEPART,0
C3B93D0B,1178837,1179215.399,1179215399,999,1934,1935,108,110,FWD,13,64,1,DEPART,0
C3B93D0B,1178838,1179216.400,1179216400,1001,1934,1935,108,110,FWD,13,64,1,DEPART,0
C3B93D0B,1178839,1179217.399,1179217399,999,1934,1935,108,110,FWD,13,64,1,DEPART,0
C3B93D0B,1178840,1179218.400,1179218400,1001,1933,1935,108,110,FWD,13,64,1,DEPART,0
C3B93D0B,1178841,1179219.400,1179219400,1000,1933,1935,108,110,FWD,13,64,1,DEPART,0
C3B93D0B,1178842,1179220.400,1179220400,1000,1933,1935,109,110,FWD,13,64,1,DEPART,0
C3B93D0B,1178843,1179221.399,1179221399,999,1934,1935,109,110,FWD,13,64,1,DEPART,0
C3B93D0B,1178844,1179222.400,1179222400,1001,1933,1935,109,110,FWD,13,64,1,DEPART,0
C3B93D0B,1178845,1179223.399,1179223399,999,1933,1935,109,110,FWD,13,64,1,DEPART,0
C3B93D0B,1178846,1179224.400,1179224400,1001,1935,1935,109,110,FWD,13,64,1,DEPART,0
C3B93D0B,1178847,1179225.399,1179225399,999,1936,1935,109,110,FWD,13,64,1,DEPART,0
C3B93D0B,1178848,1179226.400,1179226400,1001,1935,1935,109,110,FWD,13,64,1,DEPART,0
C3B93D0B,1178849,1179227.399,1179227399,999,1936,1935,109,110,FWD,13,64,1,DEPART,0
C3B93D0B,1178850,1179228.400,1179228400,1001,1934,1935,109,110,FWD,13,64,1,DEPART,0
C3B93D0B,1178851,1179229.400,1179229400,1000,1934,1935,109,110,FWD,13,64,1,DEPART,0
C3B93D0B,1178852,1179230.400,1179230400,1000,1935,1935,109,110,FWD,13,64,1,DEPART,0
C3B93D0B,1178853,1179231.789,1179231789,1389,1934,1935,109,110,FWD,45,64,1,DEPART,0
C3B93D0B,1178854,1179232.400,1179232400,611,1935,1935,109,110,FWD,13,64,1,DEPART,0
C3B93D0B,1178855,1179233.399,1179233399,999,1933,1935,109,110,FWD,13,64,1,DEPART,0
C3B93D0B,1178856,1179234.400,1179234400,1001,1931,1935,109,110,FWD,13,64,1,DEPART,0
C3B93D0B,1178857,1179235.399,1179235399,999,1934,1935,109,110,FWD,13,64,1,DEPART,0
C3B93D0B,1178858,1179236.400,1179236400,1001,1934,1935,109,110,FWD,13,64,1,DEPART,0
C3B93D0B,1178859,1179237.399,1179237399,999,1934,1935,109,110,FWD,13,64,1,DEPART,0
C3B93D0B,1178860,1179238.403,1179238403,1004,1943,1935,109,110,FWD,13,64,1,DEPART,0
C3B93D0B,1178861,1179239.400,1179239400,997,1942,1935,109,110,FWD,13,64,1,DEPART,0
C3B93D0B,1178862,1179240.401,1179240401,1001,1942,1935,109,110,FWD,13,64,1,DEPART,0
C3B93D0B,1178863,1179241.663,1179241663,1262,1930,1935,109,110,FWD,45,64,1,DEPART,0
C3B93D0B,1178864,1179242.400,1179242400,737,1932,1935,109,110,FWD,13,64,1,DEPART,0
C3B93D0B,1178865,1179243.644,1179243644,1244,1934,1935,109,110,FWD,13,64,1,DEPART,0
C3B93D0B,1178866,1179244.400,1179244400,756,1933,1935,109,110,FWD,13,64,1,DEPART,0
C3B93D0B,1178867,1179245.399,1179245399,999,1935,1935,109,110,FWD,13,64,1,DEPART,0
C3B93D0B,1178868,1179246.400,1179246400,1001,1935,1935,109,110,FWD,13,64,1,DEPART,0
C3B93D0B,1178869,1179247.399,1179247399,999,1934,1935,109,110,FWD,13,64,1,DEPART,0
C3B93D0B,1178870,1179248.400,1179248400,1001,1930,1935,109,110,FWD,13,64,1,DEPART,0
C3B93D0B,1178871,1179249.760,1179249760,1360,1935,1935,109,110,FWD,45,64,1,DEPART,0
C3B93D0B,1178872,1179250.401,1179250401,641,1933,1935,109,110,FWD,13,64,1,DEPART,0
C3B93D0B,1178873,1179251.400,1179251400,999,1935,1935,109,110,FWD,13,64,1,DEPART,0
C3B93D0B,1178874,1179252.400,1179252400,1000,1934,1935,109,110,FWD,13,64,1,DEPART,0
C3B93D0B,1178875,1179253.399,1179253399,999,1933,1935,109,110,FWD,13,64,1,DEPART,0
C3B93D0B,1178876,1179254.400,1179254400,1001,1930,1935,109,110,FWD,13,64,1,DEPART,0
C3B93D0B,1178877,1179255.399,1179255399,999,1933,1935,109,110,FWD,13,64,1,DEPART,0
C3B93D0B,1178878,1179256.400,1179256400,1001,1931,1935,109,110,FWD,13,64,1,DEPART,0
C3B93D0B,1178879,1179257.399,1179257399,999,1932,1935,109,110,FWD,13,64,1,DEPART,0
C3B93D0B,1178880,1179258.400,1179258400,1001,1933,1935,109,110,FWD,13,64,1,DEPART,0
C3B93D0B,1178881,1179259.399,1179259399,999,1935,1935,109,110,FWD,13,64,1,DEPART,0
C3B93D0B,1178882,1179260.697,1179260697,1298,1933,1935,109,110,FWD,45,64,1,DEPART,0
C3B93D0B,1178883,1179261.399,1179261399,702,1931,1935,109,110,FWD,13,64,1,DEPART,0
C3B93D0B,1178884,1179262.773,1179262773,1374,1934,1935,109,110,FWD,45,64,1,DEPART,0
C3B93D0B,1178885,1179263.399,1179263399,626,1934,1935,109,110,FWD,13,64,1,DEPART,0
C3B93D0B,1178886,1179264.400,1179264400,1001,1934,1935,109,110,FWD,13,64,1,DEPART,0
C3B93D0B,1178887,1179265.399,1179265399,999,1934,1935,109,110,FWD,13,64,1,DEPART,0
C3B93D0B,1178888,1179266.400,1179266400,1001,1931,1935,109,110,FWD,13,64,1,DEPART,0
C3B93D0B,1178889,1179267.399,1179267399,999,1933,1935,109,110,FWD,13,64,1,DEPART,0
C3B93D0B,1178890,1179268.400,1179268400,1001,1933,1935,109,110,FWD,13,64,1,DEPART,0
C3B93D0B,1178891,1179269.399,1179269399,999,1932,1935,109,110,FWD,13,64,1,DEPART,0
C3B93D0B,1178892,1179270.401,1179270401,1002,1935,1935,109,110,FWD,13,64,1,DEPART,0
C3B93D0B,1178893,1179271.399,1179271399,998,1934,1935,109,110,FWD,13,64,1,DEPART,0
C3B93D0B,1178894,1179272.400,1179272400,1001,1934,1935,109,110,FWD,13,64,1,DEPART,0
C3B93D0B,1178895,1179273.399,1179273399,999,1932,1935,109,110,FWD,13,64,1,DEPART,0
C3B93D0B,1178896,1179274.400,1179274400,1001,1933,1935,109,110,FWD,13,64,1,DEPART,0
C3B93D0B,1178897,1179275.399,1179275399,999,1933,1935,109,110,FWD,13,64,1,DEPART,0
C3B93D0B,1178898,1179276.400,1179276400,1001,1931,1935,109,110,FWD,13,64,1,DEPART,0
C3B93D0B,1178899,1179277.399,1179277399,999,1934,1935,109,110,FWD,13,64,1,DEPART,0
C3B93D0B,1178900,1179278.400,1179278400,1001,1931,1935,109,110,FWD,13,64,1,DEPART,0
C3B93D0B,1178901,1179279.399,1179279399,999,1934,1935,109,110,FWD,13,64,1,DEPART,0
C3B93D0B,1178902,1179280.401,1179280401,1002,1933,1935,109,110,FWD,13,64,1,DEPART,0
C3B93D0B,1178903,1179281.901,1179281901,1500,1932,1935,109,110,FWD,45,64,1,DEPART,0
C3B93D0B,1178904,1179282.399,1179282399,498,1932,1935,109,110,FWD,13,64,1,DEPART,0
C3B93D0B,1178905,1179283.400,1179283400,1001,1933,1935,109,110,FWD,13,64,1,DEPART,0
C3B93D0B,1178906,1179284.403,1179284403,1003,1929,1935,110,110,FWD,13,64,1,DEPART,0
C3B93D0B,1178907,1179286.826,1179286826,2423,1934,1935,110,110,FWD,45,64,1,DEPART,0
C3B93D0B,1178908,1179287.149,1179287149,323,1931,1935,110,110,FWD,13,64,1,DEPART,0
C3B93D0B,1178909,1179287.400,1179287400,251,1931,1935,110,110,FWD,13,64,1,DEPART,0
C3B93D0B,1178910,1179288.399,1179288399,999,1930,1935,110,110,FWD,13,64,1,DEPART,0
C3B93D0B,1178911,1179289.400,1179289400,1001,1932,1935,110,110,FWD,13,64,1,DEPART,0
C3B93D0B,1178912,1179291.684,1179291684,2284,1931,1935,110,110,FWD,45,64,1,DEPART,0
C3B93D0B,1178913,1179292.256,1179292256,572,1934,1935,110,110,FWD,13,64,1,DEPART,0
C3B93D0B,1178914,1179292.496,1179292496,240,1934,1935,110,110,FWD,13,64,1,DEPART,0
C3B93D0B,1178915,1179293.606,1179293606,1110,1935,1935,110,110,FWD,13,64,1,DEPART,0
C3B93D0B,1178916,1179294.399,1179294399,793,1936,1935,110,110,FWD,13,64,1,DEPART,0
C3B93D0B,1178917,1179295.400,1179295400,1001,1931,1935,110,110,FWD,13,64,1,DEPART,0
C3B93D0B,1178918,1179296.400,1179296400,1000,1934,1935,110,110,FWD,13,64,1,DEPART,0
C3B93D0B,1178919,1179297.400,1179297400,1000,1933,1935,110,110,FWD,13,64,1,DEPART,0
C3B93D0B,1178920,1179298.399,1179298399,999,1933,1935,110,110,FWD,13,64,1,DEPART,0
C3B93D0B,1178921,1179299.400,1179299400,1001,1933,1935,110,110,FWD,13,64,1,DEPART,0
C3B93D0B,1178922,1179300.399,1179300399,999,1934,1935,110,110,FWD,13,64,1,DEPART,0
C3B93D0B,1178923,1179301.400,1179301400,1001,1935,1935,110,110,FWD,13,64,1,DEPART,0
C3B93D0B,1178924,1179302.399,1179302399,999,1935,1935,110,110,FWD,13,64,1,DEPART,0
C3B93D0B,1178925,1179303.400,1179303400,1001,1931,1935,110,110,FWD,13,64,1,DEPART,0
C3B93D0B,1178926,1179304.399,1179304399,999,1932,1935,110,110,FWD,13,64,1,DEPART,0
C3B93D0B,1178927,1179305.400,1179305400,1001,1931,1935,110,110,FWD,13,64,1,DEPART,0
C3B93D0B,1178928,1179306.400,1179306400,1000,1933,1935,110,110,FWD,13,64,1,DEPART,0
C3B93D0B,1178929,1179307.400,1179307400,1000,1931,1935,110,110,FWD,13,64,1,DEPART,0
C3B93D0B,1178930,1179308.399,1179308399,999,1932,1935,110,110,FWD,13,64,1,DEPART,0
C3B93D0B,1178931,1179309.400,1179309400,1001,1935,1935,110,110,FWD,13,64,1,DEPART,0
C3B93D0B,1178932,1179310.399,1179310399,999,1933,1935,110,110,FWD,13,64,1,DEPART,0
C3B93D0B,1178933,1179311.400,1179311400,1001,1932,1935,110,110,FWD,13,64,1,DEPART,0
C3B93D0B,1178934,1179312.399,1179312399,999,1933,1935,110,110,FWD,13,64,1,DEPART,0
C3B93D0B,1178935,1179313.400,1179313400,1001,1935,1935,110,110,FWD,13,64,1,DEPART,0
C3B93D0B,1178936,1179314.399,1179314399,999,1931,1935,110,110,FWD,13,64,1,DEPART,0
C3B93D0B,1178937,1179315.400,1179315400,1001,1932,1935,110,110,FWD,13,64,1,DEPART,0
C3B93D0B,1178938,1179316.400,1179316400,1000,1931,1935,110,110,FWD,13,64,1,DEPART,0
C3B93D0B,1178939,1179317.400,1179317400,1000,1932,1935,110,110,FWD,13,64,1,DEPART,0
C3B93D0B,1178940,1179318.399,1179318399,999,1934,1935,110,110,FWD,13,64,1,DEPART,0
C3B93D0B,1178941,1179319.400,1179319400,1001,1931,1935,110,110,FWD,13,64,1,DEPART,0
C3B93D0B,1178942,1179320.399,1179320399,999,1931,1935,110,110,FWD,13,64,1,DEPART,0
C3B93D0B,1178943,1179321.400,1179321400,1001,1930,1935,110,110,FWD,13,64,1,DEPART,0
C3B93D0B,1178944,1179322.399,1179322399,999,1934,1935,110,110,FWD,13,64,1,DEPART,0
C3B93D0B,1178945,1179323.400,1179323400,1001,1934,1935,110,110,FWD,13,64,1,DEPART,0
C3B93D0B,1178946,1179324.399,1179324399,999,1934,1935,110,110,FWD,13,64,1,DEPART,0
C3B93D0B,1178947,1179325.400,1179325400,1001,1934,1935,110,110,FWD,13,64,1,DEPART,0
C3B93D0B,1178948,1179326.400,1179326400,1000,1931,1935,110,110,FWD,13,64,1,DEPART,0
C3B93D0B,1178949,1179327.400,1179327400,1000,1933,1935,110,110,FWD,13,64,1,DEPART,0
C3B93D0B,1178950,1179328.399,1179328399,999,1931,1935,110,110,FWD,13,64,1,DEPART,0
C3B93D0B,1178951,1179329.400,1179329400,1001,1931,1935,110,110,FWD,13,64,1,DEPART,0
C3B93D0B,1178952,1179330.399,1179330399,999,1933,1935,110,110,FWD,13,64,1,DEPART,0
C3B93D0B,1178953,1179331.400,1179331400,1001,1933,1935,110,110,FWD,13,64,1,DEPART,0
C3B93D0B,1178954,1179332.399,1179332399,999,1933,1935,110,110,FWD,13,64,1,DEPART,0
C3B93D0B,1178955,1179333.400,1179333400,1001,1931,1935,110,110,FWD,13,64,1,DEPART,0
C3B93D0B,1178956,1179334.399,1179334399,999,1934,1935,110,110,FWD,13,64,1,DEPART,0
C3B93D0B,1178957,1179335.400,1179335400,1001,1930,1935,110,110,FWD,13,64,1,DEPART,0
C3B93D0B,1178958,1179336.400,1179336400,1000,1931,1935,110,110,FWD,13,64,1,DEPART,0
C3B93D0B,1178959,1179337.402,1179337402,1002,1931,1935,110,110,FWD,13,64,1,DEPART,0
C3B93D0B,1178960,1179338.402,1179338402,1000,1933,1935,110,110,FWD,13,64,1,DEPART,0
C3B93D0B,1178961,1179340.006,1179340006,1604,1933,1935,110,110,FWD,45,64,1,DEPART,0
C3B93D0B,1178962,1179340.399,1179340399,393,1932,1935,110,110,FWD,13,64,1,DEPART,0
C3B93D0B,1178963,1179341.400,1179341400,1001,1932,1935,110,110,FWD,13,64,1,DEPART,0
C3B93D0B,1178964,1179342.399,1179342399,999,1933,1935,110,110,FWD,13,64,1,DEPART,0
C3B93D0B,1178965,1179343.400,1179343400,1001,1934,1935,110,110,FWD,13,64,1,DEPART,0
C3B93D0B,1178966,1179344.399,1179344399,999,1933,1935,110,110,FWD,13,64,1,DEPART,0
C3B93D0B,1178967,1179345.516,1179345516,1117,1931,1935,110,110,FWD,13,64,1,DEPART,0
C3B93D0B,1178968,1179346.678,1179346678,1162,1932,1935,110,110,FWD,13,64,1,DEPART,0
C3B93D0B,1178969,1179347.401,1179347401,723,1931,1935,110,110,FWD,13,64,1,DEPART,0
C3B93D0B,1178970,1179348.399,1179348399,998,1935,1935,110,110,FWD,13,64,1,DEPART,0
C3B93D0B,1178971,1179349.400,1179349400,1001,1933,1935,110,110,FWD,13,64,1,DEPART,0
C3B93D0B,1178972,1179350.399,1179350399,999,1933,1935,110,110,FWD,13,64,1,DEPART,0
C3B93D0B,1178973,1179351.400,1179351400,1001,1933,1935,110,110,FWD,13,64,1,DEPART,0
C3B93D0B,1178974,1179352.399,1179352399,999,1932,1935,110,110,FWD,13,64,1,DEPART,0
C3B93D0B,1178975,1179353.400,1179353400,1001,1933,1935,110,110,FWD,13,64,1,DEPART,0
C3B93D0B,1178976,1179354.399,1179354399,999,1932,1935,110,110,FWD,13,64,1,DEPART,0
C3B93D0B,1178977,1179355.400,1179355400,1001,1933,1935,110,110,FWD,13,64,1,DEPART,0
C3B93D0B,1178978,1179356.399,1179356399,999,1931,1935,110,110,FWD,13,64,1,DEPART,0
C3B93D0B,1178979,1179357.401,1179357401,1002,1933,1935,110,110,FWD,13,64,1,DEPART,0
C3B93D0B,1178980,1179358.399,1179358399,998,1934,1935,110,110,FWD,13,64,1,DEPART,0
C3B93D0B,1178981,1179359.400,1179359400,1001,1933,1935,110,110,FWD,13,64,1,DEPART,0
C3B93D0B,1178982,1179360.399,1179360399,999,1932,1935,110,110,FWD,13,64,1,DEPART,0
C3B93D0B,1178983,1179361.400,1179361400,1001,1931,1935,110,110,FWD,13,64,1,DEPART,0
C3B93D0B,1178984,1179362.399,1179362399,999,1932,1935,110,110,FWD,13,64,1,DEPART,0
C3B93D0B,1178985,1179363.400,1179363400,1001,1931,1935,110,110,FWD,13,64,1,DEPART,0
C3B93D0B,1178986,1179364.399,1179364399,999,1932,1935,110,110,FWD,13,64,1,DEPART,0
C3B93D0B,1178987,1179365.400,1179365400,1001,1930,1935,110,110,FWD,13,64,1,DEPART,0
C3B93D0B,1178988,1179366.399,1179366399,999,1933,1935,110,110,FWD,13,64,1,DEPART,0
C3B93D0B,1178989,1179367.401,1179367401,1002,1931,1935,110,110,FWD,13,64,1,DEPART,0
C3B93D0B,1178990,1179368.400,1179368400,999,1931,1935,110,110,FWD,13,64,1,DEPART,0
C3B93D0B,1178991,1179369.400,1179369400,1000,1934,1935,110,110,FWD,13,64,1,DEPART,0
C3B93D0B,1178992,1179370.399,1179370399,999,1933,1935,110,110,FWD,13,64,1,DEPART,0
C3B93D0B,1178993,1179371.400,1179371400,1001,1933,1935,110,110,FWD,13,64,1,DEPART,0
C3B93D0B,1178994,1179372.399,1179372399,999,1933,1935,110,110,FWD,13,64,1,DEPART,0
C3B93D0B,1178995,1179373.400,1179373400,1001,1933,1935,110,110,FWD,13,64,1,DEPART,0
C3B93D0B,1178996,1179374.399,1179374399,999,1933,1935,110,110,FWD,13,64,1,DEPART,0
C3B93D0B,1178997,1179375.400,1179375400,1001,1931,1935,110,110,FWD,13,64,1,DEPART,0
C3B93D0B,1178998,1179376.399,1179376399,999,1934,1935,110,110,FWD,13,64,1,DEPART,0
C3B93D0B,1178999,1179377.401,1179377401,1002,1930,1935,110,110,FWD,13,64,1,DEPART,0
C3B93D0B,1179000,1179378.964,1179378964,1563,1931,1935,110,110,FWD,45,64,1,DEPART,0
C3B93D0B,1179001,1179379.870,1179379870,906,1933,1935,110,110,FWD,13,64,1,DEPART,0
C3B93D0B,1179002,1179380.400,1179380400,530,1933,1935,110,110,FWD,13,64,1,DEPART,0
C3B93D0B,1179003,1179381.399,1179381399,999,1934,1935,110,110,FWD,13,64,1,DEPART,0
C3B93D0B,1179004,1179382.400,1179382400,1001,1933,1935,110,110,FWD,13,64,1,DEPART,0
C3B93D0B,1179005,1179383.399,1179383399,999,1933,1935,110,110,FWD,13,64,1,DEPART,0
C3B93D0B,1179006,1179384.400,1179384400,1001,1932,1935,110,110,FWD,13,64,1,DEPART,0
C3B93D0B,1179007,1179385.399,1179385399,999,1933,1935,110,110,FWD,13,64,1,DEPART,0
C3B93D0B,1179008,1179386.400,1179386400,1001,1931,1935,110,110,FWD,13,64,1,DEPART,0
C3B93D0B,1179009,1179387.400,1179387400,1000,1934,1935,110,110,FWD,13,64,1,DEPART,0
C3B93D0B,1179010,1179388.400,1179388400,1000,1933,1935,110,110,FWD,13,64,1,DEPART,0
C3B93D0B,1179011,1179389.399,1179389399,999,1931,1935,110,110,FWD,13,64,1,DEPART,0
C3B93D0B,1179012,1179390.400,1179390400,1001,1931,1935,110,110,FWD,13,64,1,DEPART,0
C3B93D0B,1179013,1179391.399,1179391399,999,1933,1935,110,110,FWD,13,64,1,DEPART,0
C3B93D0B,1179014,1179392.400,1179392400,1001,1933,1935,110,110,FWD,13,64,1,DEPART,0
C3B93D0B,1179015,1179393.399,1179393399,999,1931,1935,110,110,FWD,13,64,1,DEPART,0
C3B93D0B,1179016,1179394.400,1179394400,1001,1931,1935,110,110,FWD,13,64,1,DEPART,0
C3B93D0B,1179017,1179395.399,1179395399,999,1931,1935,110,110,FWD,13,64,1,DEPART,0
C3B93D0B,1179018,1179396.400,1179396400,1001,1933,1935,110,110,FWD,13,64,1,DEPART,0
C3B93D0B,1179019,1179397.400,1179397400,1000,1933,1935,110,110,FWD,13,64,1,DEPART,0
C3B93D0B,1179020,1179398.400,1179398400,1000,1930,1935,110,110,FWD,13,64,1,DEPART,0
C3B93D0B,1179021,1179399.399,1179399399,999,1930,1935,110,110,FWD,13,64,1,DEPART,0
C3B93D0B,1179022,1179400.400,1179400400,1001,1931,1935,110,110,FWD,13,64,1,DEPART,0
C3B93D0B,1179023,1179401.399,1179401399,999,1931,1935,110,110,FWD,13,64,1,DEPART,0
C3B93D0B,1179024,1179402.400,1179402400,1001,1931,1935,110,110,FWD,13,64,1,DEPART,0
C3B93D0B,1179025,1179403.399,1179403399,999,1931,1935,110,110,FWD,13,64,1,DEPART,0
C3B93D0B,1179026,1179404.400,1179404400,1001,1933,1935,110,110,FWD,13,64,1,DEPART,0
C3B93D0B,1179027,1179405.399,1179405399,999,1935,1935,110,110,FWD,13,64,1,DEPART,0
C3B93D0B,1179028,1179406.400,1179406400,1001,1933,1935,110,110,FWD,13,64,1,DEPART,0
C3B93D0B,1179029,1179407.400,1179407400,1000,1931,1935,110,110,FWD,13,64,1,DEPART,0
C3B93D0B,1179030,1179408.400,1179408400,1000,1930,1935,110,110,FWD,13,64,1,DEPART,0
C3B93D0B,1179031,1179409.399,1179409399,999,1931,1935,110,110,FWD,13,64,1,DEPART,0
C3B93D0B,1179032,1179410.400,1179410400,1001,1933,1935,110,110,FWD,13,64,1,DEPART,0
C3B93D0B,1179033,1179411.399,1179411399,999,1933,1935,110,110,FWD,13,64,1,DEPART,0
C3B93D0B,1179034,1179412.400,1179412400,1001,1931,1935,110,110,FWD,13,64,1,DEPART,0
C3B93D0B,1179035,1179413.399,1179413399,999,1931,1935,110,110,FWD,13,64,1,DEPART,0
C3B93D0B,1179036,1179414.400,1179414400,1001,1932,1935,110,110,FWD,13,64,1,DEPART,0
C3B93D0B,1179037,1179415.399,1179415399,999,1932,1935,110,110,FWD,13,64,1,DEPART,0
C3B93D0B,1179038,1179416.400,1179416400,1001,1931,1935,110,110,FWD,13,64,1,DEPART,0
C3B93D0B,1179039,1179417.400,1179417400,1000,1932,1935,110,110,FWD,13,64,1,DEPART,0
C3B93D0B,1179040,1179418.400,1179418400,1000,1930,1935,110,110,FWD,13,64,1,DEPART,0
C3B93D0B,1179041,1179419.399,1179419399,999,1931,1935,110,110,FWD,13,64,1,DEPART,0
C3B93D0B,1179042,1179420.400,1179420400,1001,1931,1935,110,110,FWD,13,64,1,DEPART,0
C3B93D0B,1179043,1179421.399,1179421399,999,1933,1935,110,110,FWD,13,64,1,DEPART,0
C3B93D0B,1179044,1179422.400,1179422400,1001,1932,1935,110,110,FWD,13,64,1,DEPART,0
C3B93D0B,1179045,1179423.399,1179423399,999,1934,1935,110,110,FWD,13,64,1,DEPART,0
C3B93D0B,1179046,1179424.400,1179424400,1001,1931,1935,110,110,FWD,13,64,1,DEPART,0
C3B93D0B,1179047,1179425.399,1179425399,999,1933,1935,110,110,FWD,13,64,1,DEPART,0
C3B93D0B,1179048,1179426.400,1179426400,1001,1930,1935,110,110,FWD,13,64,1,DEPART,0
C3B93D0B,1179049,1179427.400,1179427400,1000,1933,1935,110,110,FWD,13,64,1,DEPART,0
C3B93D0B,1179050,1179428.400,1179428400,1000,1931,1935,110,110,FWD,13,64,1,DEPART,0
C3B93D0B,1179051,1179429.399,1179429399,999,1931,1935,110,110,FWD,13,64,1,DEPART,0
C3B93D0B,1179052,1179430.401,1179430401,1002,1929,1935,110,110,FWD,13,64,1,DEPART,0
C3B93D0B,1179053,1179431.399,1179431399,998,1933,1935,110,110,FWD,13,64,1,DEPART,0
C3B93D0B,1179054,1179432.400,1179432400,1001,1933,1935,110,110,FWD,13,64,1,DEPART,0
C3B93D0B,1179055,1179433.399,1179433399,999,1932,1935,110,110,FWD,13,64,1,DEPART,0
C3B93D0B,1179056,1179434.400,1179434400,1001,1930,1935,110,110,FWD,13,64,1,DEPART,0
C3B93D0B,1179057,1179435.649,1179435649,1249,1941,1935,110,110,FWD,13,64,1,DEPART,0
C3B93D0B,1179058,1179436.400,1179436400,751,1942,1935,110,110,FWD,13,64,1,DEPART,0
C3B93D0B,1179059,1179437.400,1179437400,1000,1941,1935,110,110,FWD,13,64,1,DEPART,0
C3B93D0B,1179060,1179438.402,1179438402,1002,1936,1935,110,110,FWD,13,64,1,DEPART,0
C3B93D0B,1179061,1179439.678,1179439678,1276,1931,1935,110,110,FWD,45,64,1,DEPART,0
C3B93D0B,1179062,1179440.400,1179440400,722,1929,1935,110,110,FWD,13,64,1,DEPART,0
C3B93D0B,1179063,1179441.640,1179441640,1240,1930,1935,110,110,FWD,13,64,1,DEPART,0
C3B93D0B,1179064,1179442.400,1179442400,760,1930,1935,110,110,FWD,13,64,1,DEPART,0
C3B93D0B,1179065,1179443.399,1179443399,999,1932,1935,110,110,FWD,13,64,1,DEPART,0
C3B93D0B,1179066,1179444.400,1179444400,1001,1931,1935,110,110,FWD,13,64,1,DEPART,0
C3B93D0B,1179067,1179445.399,1179445399,999,1933,1935,110,110,FWD,13,64,1,DEPART,0
C3B93D0B,1179068,1179446.400,1179446400,1001,1934,1935,110,110,FWD,13,64,1,DEPART,0
C3B93D0B,1179069,1179447.399,1179447399,999,1932,1935,110,110,FWD,13,64,1,DEPART,0
C3B93D0B,1179070,1179448.401,1179448401,1002,1931,1935,110,110,FWD,13,64,1,DEPART,0
C3B93D0B,1179071,1179449.399,1179449399,998,1934,1935,110,110,FWD,13,64,1,DEPART,0
C3B93D0B,1179072,1179450.400,1179450400,1001,1931,1935,110,110,FWD,13,64,1,DEPART,0
C3B93D0B,1179073,1179451.399,1179451399,999,1929,1935,110,110,FWD,13,64,1,DEPART,0
C3B93D0B,1179074,1179452.400,1179452400,1001,1933,1935,110,110,FWD,13,64,1,DEPART,0
C3B93D0B,1179075,1179453.399,1179453399,999,1933,1935,110,110,FWD,13,64,1,DEPART,0
C3B93D0B,1179076,1179454.400,1179454400,1001,1931,1935,110,110,FWD,13,64,1,DEPART,0
C3B93D0B,1179077,1179455.399,1179455399,999,1931,1935,110,110,FWD,13,64,1,DEPART,0
C3B93D0B,1179078,1179456.902,1179456902,1503,1930,1935,110,110,FWD,45,64,1,DEPART,0
C3B93D0B,1179079,1179457.399,1179457399,497,1932,1935,110,110,FWD,13,64,1,DEPART,0
C3B93D0B,1179080,1179458.401,1179458401,1002,1930,1935,110,110,FWD,13,64,1,DEPART,0
C3B93D0B,1179081,1179459.399,1179459399,998,1932,1935,110,110,FWD,13,64,1,DEPART,0
C3B93D0B,1179082,1179460.400,1179460400,1001,1931,1935,110,110,FWD,13,64,1,DEPART,0
C3B93D0B,1179083,1179461.399,1179461399,999,1930,1935,110,110,FWD,13,64,1,DEPART,0
C3B93D0B,1179084,1179462.400,1179462400,1001,1934,1935,110,110,FWD,13,64,1,DEPART,0
C3B93D0B,1179085,1179463.399,1179463399,999,1929,1935,110,110,FWD,13,64,1,DEPART,0
C3B93D0B,1179086,1179464.400,1179464400,1001,1932,1935,110,110,FWD,13,64,1,DEPART,0
C3B93D0B,1179087,1179465.399,1179465399,999,1931,1935,110,110,FWD,13,64,1,DEPART,0
C3B93D0B,1179088,1179466.400,1179466400,1001,1932,1935,110,110,FWD,13,64,1,DEPART,0
C3B93D0B,1179089,1179467.399,1179467399,999,1931,1935,110,110,FWD,13,64,1,DEPART,0
C3B93D0B,1179090,1179468.401,1179468401,1002,1929,1935,110,110,FWD,13,64,1,DEPART,0
C3B93D0B,1179091,1179469.399,1179469399,998,1931,1935,110,110,FWD,13,64,1,DEPART,0
C3B93D0B,1179092,1179470.400,1179470400,1001,1930,1935,110,110,FWD,13,64,1,DEPART,0
C3B93D0B,1179093,1179471.399,1179471399,999,1932,1935,110,110,FWD,13,64,1,DEPART,0
C3B93D0B,1179094,1179472.400,1179472400,1001,1930,1935,110,110,FWD,13,64,1,DEPART,0
C3B93D0B,1179095,1179473.399,1179473399,999,1930,1935,110,110,FWD,13,64,1,DEPART,0
C3B93D0B,1179096,1179474.400,1179474400,1001,1932,1935,110,110,FWD,13,64,1,DEPART,0
C3B93D0B,1179097,1179475.399,1179475399,999,1931,1935,110,110,FWD,13,64,1,DEPART,0
C3B93D0B,1179098,1179476.400,1179476400,1001,1931,1935,110,110,FWD,13,64,1,DEPART,0
C3B93D0B,1179099,1179477.399,1179477399,999,1931,1935,110,110,FWD,13,64,1,DEPART,0
C3B93D0B,1179100,1179478.401,1179478401,1002,1933,1935,110,110,FWD,13,64,1,DEPART,0
C3B93D0B,1179101,1179479.837,1179479837,1436,1927,1935,110,110,FWD,45,64,1,DEPART,0
C3B93D0B,1179102,1179480.399,1179480399,562,1927,1935,110,110,FWD,13,64,1,DEPART,0
C3B93D0B,1179103,1179481.400,1179481400,1001,1926,1935,110,110,FWD,13,64,1,DEPART,0
C3B93D0B,1179104,1179482.399,1179482399,999,1930,1935,110,110,FWD,13,64,1,DEPART,0
C3B93D0B,1179105,1179483.400,1179483400,1001,1931,1935,110,110,FWD,13,64,1,DEPART,0
C3B93D0B,1179106,1179484.399,1179484399,999,1930,1935,110,110,FWD,13,64,1,DEPART,0
C3B93D0B,1179107,1179485.400,1179485400,1001,1930,1935,110,110,FWD,13,64,1,DEPART,0
C3B93D0B,1179108,1179486.399,1179486399,999,1932,1935,110,110,FWD,13,64,1,DEPART,0
C3B93D0B,1179109,1179487.400,1179487400,1001,1929,1935,110,110,FWD,13,64,1,DEPART,0
C3B93D0B,1179110,1179488.400,1179488400,1000,1927,1935,110,110,FWD,13,64,1,DEPART,0
C3B93D0B,1179111,1179489.400,1179489400,1000,1930,1935,110,110,FWD,13,64,1,DEPART,0
C3B93D0B,1179112,1179490.399,1179490399,999,1931,1935,110,110,FWD,13,64,1,DEPART,0
C3B93D0B,1179113,1179491.400,1179491400,1001,1932,1935,110,110,FWD,13,64,1,DEPART,0
C3B93D0B,1179114,1179492.399,1179492399,999,1930,1935,110,110,FWD,13,64,1,DEPART,0
C3B93D0B,1179115,1179493.400,1179493400,1001,1931,1935,110,110,FWD,13,64,1,DEPART,0
C3B93D0B,1179116,1179494.399,1179494399,999,1931,1935,110,110,FWD,13,64,1,DEPART,0
C3B93D0B,1179117,1179495.400,1179495400,1001,1931,1935,110,110,FWD,13,64,1,DEPART,0
C3B93D0B,1179118,1179496.399,1179496399,999,1929,1935,110,110,FWD,13,64,1,DEPART,0
C3B93D0B,1179119,1179497.400,1179497400,1001,1931,1935,110,110,FWD,13,64,1,DEPART,0
C3B93D0B,1179120,1179498.400,1179498400,1000,1930,1935,110,110,FWD,13,64,1,DEPART,0
C3B93D0B,1179121,1179499.400,1179499400,1000,1931,1935,110,110,FWD,13,64,1,DEPART,0
C3B93D0B,1179122,1179500.399,1179500399,999,1933,1935,110,110,FWD,13,64,1,DEPART,0
C3B93D0B,1179123,1179501.400,1179501400,1001,1931,1935,110,110,FWD,13,64,1,DEPART,0
C3B93D0B,1179124,1179502.399,1179502399,999,1931,1935,110,110,FWD,13,64,1,DEPART,0
C3B93D0B,1179125,1179503.400,1179503400,1001,1930,1935,110,110,FWD,13,64,1,DEPART,0
C3B93D0B,1179126,1179504.399,1179504399,999,1930,1935,110,110,FWD,13,64,1,DEPART,0
C3B93D0B,1179127,1179505.400,1179505400,1001,1931,1935,110,110,FWD,13,64,1,DEPART,0
C3B93D0B,1179128,1179506.399,1179506399,999,1932,1935,110,110,FWD,13,64,1,DEPART,0
C3B93D0B,1179129,1179507.400,1179507400,1001,1931,1935,110,110,FWD,13,64,1,DEPART,0
C3B93D0B,1179130,1179508.400,1179508400,1000,1930,1935,110,110,FWD,13,64,1,DEPART,0
C3B93D0B,1179131,1179509.400,1179509400,1000,1929,1935,110,110,FWD,13,64,1,DEPART,0
C3B93D0B,1179132,1179510.399,1179510399,999,1929,1935,110,110,FWD,13,64,1,DEPART,0
C3B93D0B,1179133,1179511.400,1179511400,1001,1929,1935,110,110,FWD,13,64,1,DEPART,0
C3B93D0B,1179134,1179512.399,1179512399,999,1931,1935,110,110,FWD,13,64,1,DEPART,0
C3B93D0B,1179135,1179513.400,1179513400,1001,1930,1935,110,110,FWD,13,64,1,DEPART,0
C3B93D0B,1179136,1179514.399,1179514399,999,1931,1935,110,110,FWD,13,64,1,DEPART,0
C3B93D0B,1179137,1179515.400,1179515400,1001,1931,1935,110,110,FWD,13,64,1,DEPART,0
C3B93D0B,1179138,1179516.399,1179516399,999,1930,1935,110,110,FWD,13,64,1,DEPART,0
C3B93D0B,1179139,1179517.400,1179517400,1001,1931,1935,110,110,FWD,13,64,1,DEPART,0
C3B93D0B,1179140,1179518.400,1179518400,1000,1932,1935,110,110,FWD,13,64,1,DEPART,0
C3B93D0B,1179141,1179519.400,1179519400,1000,1930,1935,110,110,FWD,13,64,1,DEPART,0
C3B93D0B,1179142,1179520.399,1179520399,999,1931,1935,110,110,FWD,13,64,1,DEPART,0
C3B93D0B,1179143,1179521.400,1179521400,1001,1931,1935,110,110,FWD,13,64,1,DEPART,0
C3B93D0B,1179144,1179522.399,1179522399,999,1931,1935,110,110,FWD,13,64,1,DEPART,0
C3B93D0B,1179145,1179523.400,1179523400,1001,1930,1935,110,110,FWD,13,64,1,DEPART,0
C3B93D0B,1179146,1179524.399,1179524399,999,1930,1935,110,110,FWD,13,64,1,DEPART,0
C3B93D0B,1179147,1179525.400,1179525400,1001,1930,1935,110,110,FWD,13,64,1,DEPART,0
C3B93D0B,1179148,1179526.399,1179526399,999,1928,1935,110,110,FWD,13,64,1,DEPART,0
C3B93D0B,1179149,1179527.400,1179527400,1001,1930,1935,110,110,FWD,13,64,1,DEPART,0
C3B93D0B,1179150,1179528.400,1179528400,1000,1930,1935,110,110,FWD,13,64,1,DEPART,0
C3B93D0B,1179151,1179529.400,1179529400,1000,1929,1935,110,110,FWD,13,64,1,DEPART,0
C3B93D0B,1179152,1179530.399,1179530399,999,1931,1935,110,110,FWD,13,64,1,DEPART,0
C3B93D0B,1179153,1179531.400,1179531400,1001,1930,1935,110,110,FWD,13,64,1,DEPART,0
C3B93D0B,1179154,1179532.437,1179532437,1037,1933,1935,110,110,FWD,13,64,1,DEPART,0
C3B93D0B,1179155,1179533.400,1179533400,963,1930,1935,110,110,FWD,13,64,1,DEPART,0
C3B93D0B,1179156,1179534.399,1179534399,999,1931,1935,110,110,FWD,13,64,1,DEPART,0
C3B93D0B,1179157,1179535.535,1179535535,1136,1933,1935,110,110,FWD,13,64,1,DEPART,0
C3B93D0B,1179158,1179536.399,1179536399,864,1931,1935,110,110,FWD,13,64,1,DEPART,0
C3B93D0B,1179159,1179537.400,1179537400,1001,1932,1935,110,110,FWD,13,64,1,DEPART,0
C3B93D0B,1179160,1179538.400,1179538400,1000,1930,1935,110,110,FWD,13,64,1,DEPART,0
C3B93D0B,1179161,1179539.402,1179539402,1002,1927,1935,110,110,FWD,13,64,1,DEPART,0
C3B93D0B,1179162,1179540.402,1179540402,1000,1931,1935,110,110,FWD,13,64,1,DEPART,0
C3B93D0B,1179163,1179542.311,1179542311,1909,1933,1935,110,110,FWD,45,64,1,DEPART,0
C3B93D0B,1179164,1179542.607,1179542607,296,1930,1935,110,110,FWD,13,64,1,DEPART,0
C3B93D0B,1179165,1179543.400,1179543400,793,1929,1935,110,110,FWD,13,64,1,DEPART,0
C3B93D0B,1179166,1179544.399,1179544399,999,1934,1935,110,110,FWD,13,64,1,DEPART,0
C3B93D0B,1179167,1179545.400,1179545400,1001,1933,1935,110,110,FWD,13,64,1,DEPART,0
C3B93D0B,1179168,1179546.399,1179546399,999,1931,1935,110,110,FWD,13,64,1,DEPART,0
C3B93D0B,1179169,1179547.400,1179547400,1001,1931,1935,110,110,FWD,13,64,1,DEPART,0
C3B93D0B,1179170,1179548.399,1179548399,999,1930,1935,110,110,FWD,13,64,1,DEPART,0
C3B93D0B,1179171,1179549.401,1179549401,1002,1932,1935,110,110,FWD,13,64,1,DEPART,0
C3B93D0B,1179172,1179550.399,1179550399,998,1931,1935,110,110,FWD,13,64,1,DEPART,0
C3B93D0B,1179173,1179551.400,1179551400,1001,1932,1935,110,110,FWD,13,64,1,DEPART,0
C3B93D0B,1179174,1179552.399,1179552399,999,1931,1935,110,110,FWD,13,64,1,DEPART,0
C3B93D0B,1179175,1179553.400,1179553400,1001,1931,1935,110,110,FWD,13,64,1,DEPART,0
C3B93D0B,1179176,1179554.399,1179554399,999,1933,1935,110,110,FWD,13,64,1,DEPART,0
C3B93D0B,1179177,1179555.400,1179555400,1001,1931,1935,110,110,FWD,13,64,1,DEPART,0
C3B93D0B,1179178,1179556.741,1179556741,1341,1933,1935,110,110,FWD,45,64,1,DEPART,0
C3B93D0B,1179179,1179557.400,1179557400,659,1934,1935,110,110,FWD,13,64,1,DEPART,0
C3B93D0B,1179180,1179558.753,1179558753,1353,1931,1935,110,110,FWD,45,64,1,DEPART,0
C3B93D0B,1179181,1179559.401,1179559401,648,1933,1935,110,110,FWD,13,64,1,DEPART,0
C3B93D0B,1179182,1179560.399,1179560399,998,1934,1935,110,110,FWD,13,64,1,DEPART,0
C3B93D0B,1179183,1179561.400,1179561400,1001,1933,1935,110,110,FWD,13,64,1,DEPART,0
C3B93D0B,1179184,1179562.399,1179562399,999,1934,1935,110,110,FWD,13,64,1,DEPART,0
C3B93D0B,1179185,1179563.400,1179563400,1001,1934,1935,110,110,FWD,13,64,1,DEPART,0
C3B93D0B,1179186,1179564.399,1179564399,999,1934,1935,110,110,FWD,13,64,1,DEPART,0
C3B93D0B,1179187,1179565.400,1179565400,1001,1931,1935,110,110,FWD,13,64,1,DEPART,0
C3B93D0B,1179188,1179566.399,1179566399,999,1934,1935,110,110,FWD,13,64,1,DEPART,0
C3B93D0B,1179189,1179567.400,1179567400,1001,1933,1935,110,110,FWD,13,64,1,DEPART,0
C3B93D0B,1179190,1179568.399,1179568399,999,1934,1935,110,110,FWD,13,64,1,DEPART,0
C3B93D0B,1179191,1179569.401,1179569401,1002,1932,1935,110,110,FWD,13,64,1,DEPART,0
C3B93D0B,1179192,1179570.399,1179570399,998,1934,1935,110,110,FWD,13,64,1,DEPART,0
C3B93D0B,1179193,1179571.400,1179571400,1001,1935,1935,110,110,FWD,13,64,1,DEPART,0
C3B93D0B,1179194,1179572.399,1179572399,999,1935,1935,110,110,FWD,13,64,1,DEPART,0
C3B93D0B,1179195,1179573.400,1179573400,1001,1935,1935,110,110,FWD,13,64,1,DEPART,0
C3B93D0B,1179196,1179574.399,1179574399,999,1936,1935,110,110,FWD,13,64,1,DEPART,0
C3B93D0B,1179197,1179575.400,1179575400,1001,1935,1935,110,110,FWD,13,64,1,DEPART,0
C3B93D0B,1179198,1179576.399,1179576399,999,1935,1935,110,110,FWD,13,64,1,DEPART,0
C3B93D0B,1179199,1179577.400,1179577400,1001,1935,1935,110,110,FWD,13,64,1,DEPART,0
C3B93D0B,1179200,1179578.399,1179578399,999,1936,1935,110,110,FWD,13,64,1,DEPART,0
C3B93D0B,1179201,1179579.401,1179579401,1002,1936,1935,110,110,FWD,13,64,1,DEPART,0
C3B93D0B,1179202,1179580.829,1179580829,1428,1936,1935,110,110,FWD,45,64,1,DEPART,0
C3B93D0B,1179203,1179581.469,1179581469,640,1936,1935,110,110,FWD,13,64,1,DEPART,0
C3B93D0B,1179204,1179582.400,1179582400,931,1936,1935,110,110,FWD,13,64,1,DEPART,0
C3B93D0B,1179205,1179583.399,1179583399,999,1936,1935,110,110,FWD,13,64,1,DEPART,0
C3B93D0B,1179206,1179584.400,1179584400,1001,1936,1935,110,110,FWD,13,64,1,DEPART,0
C3B93D0B,1179207,1179585.399,1179585399,999,1936,1935,110,110,FWD,13,64,1,DEPART,0
C3B93D0B,1179208,1179586.400,1179586400,1001,1936,1935,110,110,FWD,13,64,1,DEPART,0
C3B93D0B,1179209,1179587.399,1179587399,999,1936,1935,110,110,FWD,13,64,1,DEPART,0
C3B93D0B,1179210,1179588.400,1179588400,1001,1936,1935,110,110,FWD,13,64,1,DEPART,0
C3B93D0B,1179211,1179589.400,1179589400,1000,1937,1935,110,110,FWD,13,64,1,DEPART,0
C3B93D0B,1179212,1179590.400,1179590400,1000,1937,1935,110,110,FWD,13,64,1,DEPART,0
C3B93D0B,1179213,1179591.399,1179591399,999,1939,1935,110,110,FWD,13,64,1,DEPART,0
C3B93D0B,1179214,1179592.400,1179592400,1001,1937,1935,110,110,FWD,13,64,1,DEPART,0
C3B93D0B,1179215,1179593.399,1179593399,999,1937,1935,110,110,FWD,13,64,1,DEPART,0
C3B93D0B,1179216,1179594.400,1179594400,1001,1938,1935,110,110,FWD,13,64,1,DEPART,0
C3B93D0B,1179217,1179595.511,1179595511,1111,1936,1935,110,110,FWD,13,64,1,DEPART,0
C3B93D0B,1179218,1179596.400,1179596400,889,1939,1935,110,110,FWD,13,64,1,DEPART,0
C3B93D0B,1179219,1179597.399,1179597399,999,1940,1935,110,110,FWD,13,64,1,DEPART,0
C3B93D0B,1179220,1179598.400,1179598400,1001,1939,1935,110,110,FWD,13,64,1,DEPART,0
C3B93D0B,1179221,1179599.400,1179599400,1000,1939,1935,110,110,FWD,13,64,1,DEPART,0
C3B93D0B,1179222,1179600.400,1179600400,1000,1939,1935,110,110,FWD,13,64,1,DEPART,0
C3B93D0B,1179223,1179601.399,1179601399,999,1940,1935,110,110,FWD,13,64,1,DEPART,0
C3B93D0B,1179224,1179602.400,1179602400,1001,1940,1935,110,110,FWD,13,64,1,DEPART,0
C3B93D0B,1179225,1179603.399,1179603399,999,1939,1935,110,110,FWD,13,64,1,DEPART,0
C3B93D0B,1179226,1179604.400,1179604400,1001,1941,1935,110,110,FWD,13,64,1,DEPART,0
C3B93D0B,1179227,1179605.399,1179605399,999,1943,1935,110,110,FWD,13,64,1,DEPART,0
C3B93D0B,1179228,1179606.400,1179606400,1001,1943,1935,110,110,FWD,13,64,1,DEPART,0
C3B93D0B,1179229,1179607.399,1179607399,999,1945,1935,110,110,FWD,13,64,1,DEPART,0
C3B93D0B,1179230,1179608.400,1179608400,1001,1946,1935,110,110,FWD,13,64,1,DEPART,0
C3B93D0B,1179231,1179609.400,1179609400,1000,1945,1935,110,110,FWD,13,64,1,DEPART,0
C3B93D0B,1179232,1179610.400,1179610400,1000,1946,1935,110,110,FWD,13,64,1,DEPART,0
C3B93D0B,1179233,1179611.399,1179611399,999,1947,1935,110,110,FWD,13,64,1,DEPART,0
C3B93D0B,1179234,1179612.400,1179612400,1001,1947,1935,110,110,FWD,13,64,1,DEPART,0
C3B93D0B,1179235,1179613.399,1179613399,999,1949,1935,110,110,FWD,13,64,1,DEPART,0
C3B93D0B,1179236,1179614.400,1179614400,1001,1949,1935,110,110,FWD,13,64,1,DEPART,0
C3B93D0B,1179237,1179615.399,1179615399,999,1950,1935,110,110,FWD,13,64,1,DEPART,0
C3B93D0B,1179238,1179616.400,1179616400,1001,1951,1935,110,110,FWD,13,64,1,DEPART,0
C3B93D0B,1179239,1179617.399,1179617399,999,1951,1935,110,110,FWD,13,64,1,DEPART,0
C3B93D0B,1179240,1179618.400,1179618400,1001,1953,1935,110,110,FWD,13,64,1,DEPART,0
C3B93D0B,1179241,1179619.400,1179619400,1000,1954,1935,110,110,FWD,13,64,1,DEPART,0
C3B93D0B,1179242,1179620.400,1179620400,1000,1955,1935,110,110,FWD,13,64,1,DEPART,0
C3B93D0B,1179243,1179621.399,1179621399,999,1958,1935,110,110,FWD,13,64,1,DEPART,0
C3B93D0B,1179244,1179622.400,1179622400,1001,1955,1935,110,110,FWD,13,64,1,DEPART,0
C3B93D0B,1179245,1179623.399,1179623399,999,1957,1935,110,110,FWD,13,64,1,DEPART,0
C3B93D0B,1179246,1179624.400,1179624400,1001,1955,1935,110,110,FWD,13,64,1,DEPART,0
C3B93D0B,1179247,1179625.399,1179625399,999,1958,1935,110,110,FWD,13,64,1,DEPART,0
C3B93D0B,1179248,1179626.400,1179626400,1001,1961,1935,110,110,FWD,13,64,1,DEPART,0
C3B93D0B,1179249,1179627.399,1179627399,999,1961,1935,110,110,FWD,13,64,1,DEPART,0
C3B93D0B,1179250,1179628.400,1179628400,1001,1963,1935,110,110,FWD,13,64,1,DEPART,0
C3B93D0B,1179251,1179629.400,1179629400,1000,1963,1935,110,110,FWD,13,64,1,DEPART,0
C3B93D0B,1179252,1179630.400,1179630400,1000,1964,1935,110,110,FWD,13,64,1,DEPART,0
C3B93D0B,1179253,1179631.399,1179631399,999,1966,1935,110,110,FWD,13,64,1,DEPART,0
C3B93D0B,1179254,1179632.400,1179632400,1001,1966,1935,110,110,FWD,13,64,1,DEPART,0
C3B93D0B,1179255,1179633.399,1179633399,999,1967,1935,110,110,FWD,13,64,1,DEPART,0
C3B93D0B,1179256,1179634.400,1179634400,1001,1968,1935,110,110,FWD,13,64,1,DEPART,0
C3B93D0B,1179257,1179635.399,1179635399,999,1967,1935,110,110,FWD,13,64,1,DEPART,0
C3B93D0B,1179258,1179636.400,1179636400,1001,1968,1935,110,110,FWD,13,64,1,DEPART,0
C3B93D0B,1179259,1179637.559,1179637559,1159,1983,1935,110,110,FWD,13,64,1,DEPART,0
C3B93D0B,1179260,1179638.400,1179638400,841,1984,1935,110,110,FWD,13,64,1,DEPART,0
C3B93D0B,1179261,1179639.400,1179639400,1000,1984,1935,110,110,FWD,13,64,1,DEPART,0
C3B93D0B,1179262,1179640.401,1179640401,1001,1984,1935,110,110,FWD,13,64,1,DEPART,0
C3B93D0B,1179263,1179641.666,1179641666,1265,1971,1935,110,110,FWD,45,64,1,DEPART,0
C3B93D0B,1179264,1179642.400,1179642400,734,1975,1935,110,110,FWD,13,64,1,DEPART,0
C3B93D0B,1179265,1179643.606,1179643606,1206,1979,1935,110,110,FWD,13,64,1,DEPART,0
C3B93D0B,1179266,1179644.400,1179644400,794,1980,1935,110,110,FWD,13,64,1,DEPART,0
C3B93D0B,1179267,1179645.399,1179645399,999,1981,1935,110,110,FWD,13,64,1,DEPART,0
C3B93D0B,1179268,1179646.400,1179646400,1001,1983,1935,110,110,FWD,13,64,1,DEPART,0
C3B93D0B,1179269,1179647.399,1179647399,999,1984,1935,110,110,FWD,13,64,1,DEPART,0
C3B93D0B,1179270,1179648.400,1179648400,1001,1984,1935,110,110,FWD,13,64,1,DEPART,0
C3B93D0B,1179271,1179649.399,1179649399,999,1987,1935,110,110,FWD,13,64,1,DEPART,0
C3B93D0B,1179272,1179650.401,1179650401,1002,1988,1935,110,110,FWD,13,64,1,DEPART,0
C3B93D0B,1179273,1179651.399,1179651399,998,1988,1935,110,110,FWD,13,64,1,DEPART,0
C3B93D0B,1179274,1179652.400,1179652400,1001,1991,1935,110,110,FWD,13,64,1,DEPART,0
C3B93D0B,1179275,1179653.676,1179653676,1276,1993,1935,110,110,FWD,45,64,1,DEPART,0
C3B93D0B,1179276,1179654.400,1179654400,724,1995,1935,110,110,FWD,13,64,1,DEPART,0
C3B93D0B,1179277,1179655.399,1179655399,999,1996,1935,110,110,FWD,13,64,1,DEPART,0
C3B93D0B,1179278,1179656.400,1179656400,1001,1999,1935,110,110,FWD,13,64,1,DEPART,0
C3B93D0B,1179279,1179657.399,1179657399,999,2000,1935,110,110,FWD,13,64,1,DEPART,0
C3B93D0B,1179280,1179658.400,1179658400,1001,2000,1935,110,110,FWD,13,64,1,DEPART,0
C3B93D0B,1179281,1179659.731,1179659731,1331,2002,1935,110,110,FWD,45,64,1,DEPART,0
C3B93D0B,1179282,1179660.401,1179660401,670,2000,1935,110,110,FWD,13,64,1,DEPART,0
C3B93D0B,1179283,1179661.399,1179661399,998,2004,1935,110,110,FWD,13,64,1,DEPART,0
C3B93D0B,1179284,1179662.400,1179662400,1001,2005,1935,110,110,FWD,13,64,1,DEPART,0
C3B93D0B,1179285,1179663.399,1179663399,999,2011,1935,110,110,FWD,29,64,1,DEPART,0
C3B93D0B,1179286,1179664.400,1179664400,1001,2009,1935,110,110,FWD,29,64,1,DEPART,0
C3B93D0B,1179287,1179665.399,1179665399,999,2011,1935,110,110,FWD,29,64,1,DEPART,0
C3B93D0B,1179288,1179666.400,1179666400,1001,2016,1935,110,110,FWD,29,64,1,DEPART,0
C3B93D0B,1179289,1179667.399,1179667399,999,2017,1935,110,110,FWD,29,64,1,DEPART,0
C3B93D0B,1179290,1179668.536,1179668536,1137,2019,1935,110,110,FWD,29,64,1,DEPART,0
C3B93D0B,1179291,1179669.399,1179669399,863,2021,1935,110,110,FWD,29,64,1,DEPART,0
C3B93D0B,1179292,1179670.401,1179670401,1002,2021,1935,110,110,FWD,29,64,1,DEPART,0
C3B93D0B,1179293,1179671.399,1179671399,998,2026,1935,110,110,FWD,29,64,1,DEPART,0
C3B93D0B,1179294,1179672.400,1179672400,1001,2025,1935,110,110,FWD,29,64,1,DEPART,0
C3B93D0B,1179295,1179673.399,1179673399,999,2030,1935,110,110,FWD,29,64,1,DEPART,0
C3B93D0B,1179296,1179674.400,1179674400,1001,2029,1935,110,110,FWD,29,64,1,DEPART,0
C3B93D0B,1179297,1179675.399,1179675399,999,2032,1935,110,110,FWD,29,64,1,DEPART,0
C3B93D0B,1179298,1179676.400,1179676400,1001,2032,1935,110,110,FWD,29,64,1,DEPART,0
C3B93D0B,1179299,1179677.495,1179677495,1095,2036,1935,110,110,FWD,29,64,1,DEPART,0
C3B93D0B,1179300,1179678.400,1179678400,905,2039,1935,110,110,FWD,29,64,1,DEPART,0
C3B93D0B,1179301,1179679.399,1179679399,999,2039,1935,110,110,FWD,29,64,1,DEPART,0
C3B93D0B,1179302,1179680.401,1179680401,1002,2042,1935,110,110,FWD,29,64,1,DEPART,0
C3B93D0B,1179303,1179681.831,1179681831,1430,2044,1935,110,110,FWD,61,64,1,DEPART,0
C3B93D0B,1179304,1179682.399,1179682399,568,2047,1935,110,110,FWD,29,64,1,DEPART,0
C3B93D0B,1179305,1179683.400,1179683400,1001,2046,1935,110,110,FWD,29,64,1,DEPART,0
C3B93D0B,1179306,1179684.399,1179684399,999,2054,1935,110,110,FWD,29,64,1,DEPART,0
C3B93D0B,1179307,1179685.400,1179685400,1001,2057,1935,110,110,FWD,29,64,1,DEPART,0
C3B93D0B,1179308,1179686.399,1179686399,999,2059,1935,110,110,FWD,29,64,1,DEPART,0
C3B93D0B,1179309,1179687.400,1179687400,1001,2059,1935,110,110,FWD,29,64,1,DEPART,0
C3B93D0B,1179310,1179688.399,1179688399,999,2062,1935,110,110,FWD,29,64,1,DEPART,0
C3B93D0B,1179311,1179689.400,1179689400,1001,2062,1935,110,110,FWD,29,64,1,DEPART,0
C3B93D0B,1179312,1179690.400,1179690400,1000,2064,1935,110,110,FWD,29,64,1,DEPART,0
C3B93D0B,1179313,1179691.400,1179691400,1000,2064,1935,110,110,FWD,29,64,1,DEPART,0
C3B93D0B,1179314,1179692.399,1179692399,999,2066,1935,110,110,FWD,29,64,1,DEPART,0
C3B93D0B,1179315,1179693.400,1179693400,1001,2066,1935,110,110,FWD,29,64,1,DEPART,0
C3B93D0B,1179316,1179694.399,1179694399,999,2070,1935,110,110,FWD,29,64,1,DEPART,0
C3B93D0B,1179317,1179695.400,1179695400,1001,2071,1935,110,110,FWD,29,64,1,DEPART,0
C3B93D0B,1179318,1179696.399,1179696399,999,2073,1935,110,110,FWD,29,64,1,DEPART,0
C3B93D0B,1179319,1179697.400,1179697400,1001,2073,1935,110,110,FWD,29,64,1,DEPART,0
C3B93D0B,1179320,1179698.399,1179698399,999,2078,1935,110,110,FWD,29,64,1,DEPART,0
C3B93D0B,1179321,1179699.400,1179699400,1001,2078,1935,110,110,FWD,29,64,1,DEPART,0
C3B93D0B,1179322,1179700.400,1179700400,1000,2079,1935,110,110,FWD,29,64,1,DEPART,0
C3B93D0B,1179323,1179701.400,1179701400,1000,2078,1935,110,110,FWD,29,64,1,DEPART,0
C3B93D0B,1179324,1179702.399,1179702399,999,2083,1935,110,110,FWD,29,64,1,DEPART,0
C3B93D0B,1179325,1179703.400,1179703400,1001,2081,1935,110,110,FWD,29,64,1,DEPART,0
C3B93D0B,1179326,1179704.399,1179704399,999,2086,1935,110,110,FWD,29,64,1,DEPART,0
C3B93D0B,1179327,1179705.400,1179705400,1001,2084,1935,110,110,FWD,29,64,1,DEPART,0
C3B93D0B,1179328,1179706.399,1179706399,999,2085,1935,110,110,FWD,29,64,1,DEPART,0
C3B93D0B,1179329,1179707.400,1179707400,1001,2086,1935,110,110,FWD,29,64,1,DEPART,0
C3B93D0B,1179330,1179708.399,1179708399,999,2086,1935,110,110,FWD,29,64,1,DEPART,0
C3B93D0B,1179331,1179709.400,1179709400,1001,2087,1935,110,110,FWD,29,64,1,DEPART,0
C3B93D0B,1179332,1179710.400,1179710400,1000,2088,1935,110,110,FWD,29,64,1,DEPART,0
C3B93D0B,1179333,1179711.400,1179711400,1000,2091,1935,110,110,FWD,29,64,1,DEPART,0
C3B93D0B,1179334,1179712.399,1179712399,999,2090,1935,110,110,FWD,29,64,1,DEPART,0
C3B93D0B,1179335,1179713.400,1179713400,1001,2089,1935,110,110,FWD,29,64,1,DEPART,0
C3B93D0B,1179336,1179714.399,1179714399,999,2091,1935,110,110,FWD,29,64,1,DEPART,0
C3B93D0B,1179337,1179715.400,1179715400,1001,2090,1935,110,110,FWD,29,64,1,DEPART,0
C3B93D0B,1179338,1179716.399,1179716399,999,2091,1935,110,110,FWD,29,64,1,DEPART,0
C3B93D0B,1179339,1179717.400,1179717400,1001,2091,1935,110,110,FWD,29,64,1,DEPART,0
C3B93D0B,1179340,1179718.399,1179718399,999,2091,1935,110,110,FWD,29,64,1,DEPART,0
C3B93D0B,1179341,1179719.400,1179719400,1001,2089,1935,110,110,FWD,29,64,1,DEPART,0
C3B93D0B,1179342,1179720.400,1179720400,1000,2087,1935,110,110,FWD,29,64,1,DEPART,0
C3B93D0B,1179343,1179721.400,1179721400,1000,2087,1935,110,110,FWD,29,64,1,DEPART,0
C3B93D0B,1179344,1179722.399,1179722399,999,2090,1935,110,110,FWD,29,64,1,DEPART,0
C3B93D0B,1179345,1179723.400,1179723400,1001,2087,1935,110,110,FWD,29,64,1,DEPART,0
C3B93D0B,1179346,1179724.399,1179724399,999,2086,1935,110,110,FWD,29,64,1,DEPART,0
C3B93D0B,1179347,1179725.400,1179725400,1001,2089,1935,110,110,FWD,29,64,1,DEPART,0
C3B93D0B,1179348,1179726.399,1179726399,999,2085,1935,110,110,FWD,29,64,1,DEPART,0
C3B93D0B,1179349,1179727.400,1179727400,1001,2086,1935,110,110,FWD,29,64,1,DEPART,0
C3B93D0B,1179350,1179728.399,1179728399,999,2086,1935,110,110,FWD,29,64,1,DEPART,0
C3B93D0B,1179351,1179729.400,1179729400,1001,2081,1935,110,110,FWD,29,64,1,DEPART,0
C3B93D0B,1179352,1179730.400,1179730400,1000,2081,1935,110,110,FWD,29,64,1,DEPART,0
C3B93D0B,1179353,1179731.402,1179731402,1002,2081,1935,110,110,FWD,29,64,1,DEPART,0
C3B93D0B,1179354,1179732.480,1179732480,1078,2077,1935,110,110,FWD,29,64,1,DEPART,0
C3B93D0B,1179355,1179733.980,1179733980,1500,2076,1935,110,110,FWD,61,64,1,DEPART,0
C3B93D0B,1179356,1179734.399,1179734399,419,2076,1935,110,110,FWD,29,64,1,DEPART,0
C3B93D0B,1179357,1179735.400,1179735400,1001,2072,1935,110,110,FWD,29,64,1,DEPART,0
C3B93D0B,1179358,1179736.399,1179736399,999,2073,1935,110,110,FWD,29,64,1,DEPART,0
C3B93D0B,1179359,1179737.400,1179737400,1001,2073,1935,110,110,FWD,29,64,1,DEPART,0
C3B93D0B,1179360,1179738.399,1179738399,999,2070,1935,110,110,FWD,29,64,1,DEPART,0
C3B93D0B,1179361,1179739.400,1179739400,1001,2067,1935,110,110,FWD,29,64,1,DEPART,0
C3B93D0B,1179362,1179740.399,1179740399,999,2065,1935,110,110,FWD,29,64,1,DEPART,0
C3B93D0B,1179363,1179741.401,1179741401,1002,2064,1935,110,110,FWD,29,64,1,DEPART,0
C3B93D0B,1179364,1179742.399,1179742399,998,2064,1935,110,110,FWD,29,64,1,DEPART,0
C3B93D0B,1179365,1179743.400,1179743400,1001,2063,1935,110,110,FWD,29,64,1,DEPART,0
C3B93D0B,1179366,1179744.399,1179744399,999,2061,1935,110,110,FWD,29,64,1,DEPART,0
C3B93D0B,1179367,1179745.400,1179745400,1001,2058,1935,110,110,FWD,29,64,1,DEPART,0
C3B93D0B,1179368,1179746.399,1179746399,999,2054,1935,110,110,FWD,29,64,1,DEPART,0
C3B93D0B,1179369,1179747.400,1179747400,1001,2053,1935,110,110,FWD,29,64,1,DEPART,0
C3B93D0B,1179370,1179748.399,1179748399,999,2047,1935,110,110,FWD,29,64,1,DEPART,0
C3B93D0B,1179371,1179749.400,1179749400,1001,2044,1935,110,110,FWD,29,64,1,DEPART,0
C3B93D0B,1179372,1179750.399,1179750399,999,2043,1935,110,110,FWD,29,64,1,DEPART,0
C3B93D0B,1179373,1179751.401,1179751401,1002,2042,1935,110,110,FWD,29,64,1,DEPART,0
C3B93D0B,1179374,1179752.399,1179752399,998,2039,1935,110,110,FWD,29,64,1,DEPART,0
C3B93D0B,1179375,1179753.400,1179753400,1001,2037,1935,110,110,FWD,29,64,1,DEPART,0
C3B93D0B,1179376,1179754.399,1179754399,999,2035,1935,110,110,FWD,29,64,1,DEPART,0
C3B93D0B,1179377,1179755.400,1179755400,1001,2032,1935,110,110,FWD,29,64,1,DEPART,0
C3B93D0B,1179378,1179756.399,1179756399,999,2032,1935,110,110,FWD,29,64,1,DEPART,0
C3B93D0B,1179379,1179757.400,1179757400,1001,2029,1935,110,110,FWD,29,64,1,DEPART,0
C3B93D0B,1179380,1179758.399,1179758399,999,2027,1935,110,110,FWD,29,64,1,DEPART,0
C3B93D0B,1179381,1179759.400,1179759400,1001,2027,1935,110,110,FWD,29,64,1,DEPART,0
C3B93D0B,1179382,1179760.399,1179760399,999,2020,1935,110,110,FWD,29,64,1,DEPART,0
C3B93D0B,1179383,1179761.404,1179761404,1005,2018,1935,110,110,FWD,29,64,1,DEPART,0
C3B93D0B,1179384,1179762.399,1179762399,995,2017,1935,110,110,FWD,29,64,1,DEPART,0
C3B93D0B,1179385,1179763.421,1179763421,1022,2014,1935,110,110,FWD,29,64,1,DEPART,0
C3B93D0B,1179386,1179764.399,1179764399,978,2011,1935,110,110,FWD,29,64,1,DEPART,0
C3B93D0B,1179387,1179765.626,1179765626,1227,2011,1935,110,110,FWD,29,64,1,DEPART,0
C3B93D0B,1179388,1179766.399,1179766399,773,2007,1935,110,110,FWD,29,64,1,DEPART,0
C3B93D0B,1179389,1179767.400,1179767400,1001,2005,1935,110,110,FWD,29,64,1,DEPART,0
C3B93D0B,1179390,1179768.399,1179768399,999,2000,1935,110,110,FWD,29,64,1,DEPART,0
C3B93D0B,1179391,1179769.400,1179769400,1001,2000,1935,110,110,FWD,29,64,1,DEPART,0
C3B93D0B,1179392,1179770.399,1179770399,999,2000,1935,110,110,FWD,29,64,1,DEPART,0
C3B93D0B,1179393,1179771.401,1179771401,1002,1999,1935,110,110,FWD,29,64,1,DEPART,0
C3B93D0B,1179394,1179772.399,1179772399,998,1997,1935,110,110,FWD,29,64,1,DEPART,0
C3B93D0B,1179395,1179773.400,1179773400,1001,1994,1935,110,110,FWD,29,64,1,DEPART,0
C3B93D0B,1179396,1179774.399,1179774399,999,1993,1935,110,110,FWD,29,64,1,DEPART,0
C3B93D0B,1179397,1179775.400,1179775400,1001,1989,1935,110,110,FWD,29,64,1,DEPART,0
C3B93D0B,1179398,1179776.399,1179776399,999,1987,1935,110,110,FWD,29,64,1,DEPART,0
C3B93D0B,1179399,1179777.400,1179777400,1001,1985,1935,110,110,FWD,29,64,1,DEPART,0
C3B93D0B,1179400,1179778.399,1179778399,999,1984,1935,110,110,FWD,29,64,1,DEPART,0
C3B93D0B,1179401,1179779.400,1179779400,1001,1983,1935,110,110,FWD,29,64,1,DEPART,0
C3B93D0B,1179402,1179780.399,1179780399,999,1979,1935,110,110,FWD,29,64,1,DEPART,0
C3B93D0B,1179403,1179781.401,1179781401,1002,1979,1935,110,110,FWD,29,64,1,DEPART,0
C3B93D0B,1179404,1179782.816,1179782816,1415,1973,1935,110,110,FWD,61,64,1,DEPART,0
C3B93D0B,1179405,1179783.447,1179783447,631,1974,1935,110,110,FWD,29,64,1,DEPART,0
C3B93D0B,1179406,1179784.400,1179784400,953,1969,1935,110,110,FWD,29,64,1,DEPART,0
C3B93D0B,1179407,1179785.399,1179785399,999,1971,1935,110,110,FWD,29,64,1,DEPART,0
C3B93D0B,1179408,1179786.400,1179786400,1001,1968,1935,110,110,FWD,29,64,1,DEPART,0
C3B93D0B,1179409,1179787.399,1179787399,999,1968,1935,110,110,FWD,29,64,1,DEPART,0
C3B93D0B,1179410,1179788.400,1179788400,1001,1968,1935,110,110,FWD,29,64,1,DEPART,0
C3B93D0B,1179411,1179789.399,1179789399,999,1967,1935,110,110,FWD,29,64,1,DEPART,0
C3B93D0B,1179412,1179790.400,1179790400,1001,1965,1935,110,110,FWD,29,64,1,DEPART,0
C3B93D0B,1179413,1179791.400,1179791400,1000,1965,1935,110,110,FWD,29,64,1,DEPART,0
C3B93D0B,1179414,1179792.400,1179792400,1000,1962,1935,110,110,FWD,29,64,1,DEPART,0
C3B93D0B,1179415,1179793.399,1179793399,999,1959,1935,110,110,FWD,29,64,1,DEPART,0
C3B93D0B,1179416,1179794.400,1179794400,1001,1959,1935,110,110,FWD,29,64,1,DEPART,0
C3B93D0B,1179417,1179795.399,1179795399,999,1956,1935,110,110,FWD,29,64,1,DEPART,0
C3B93D0B,1179418,1179796.400,1179796400,1001,1955,1935,110,110,FWD,29,64,1,DEPART,0
C3B93D0B,1179419,1179797.399,1179797399,999,1953,1935,110,110,FWD,29,64,1,DEPART,0
C3B93D0B,1179420,1179798.400,1179798400,1001,1952,1935,110,110,FWD,29,64,1,DEPART,0
C3B93D0B,1179421,1179799.399,1179799399,999,1951,1935,110,110,FWD,29,64,1,DEPART,0
C3B93D0B,1179422,1179800.400,1179800400,1001,1949,1935,110,110,FWD,29,64,1,DEPART,0
C3B93D0B,1179423,1179801.400,1179801400,1000,1950,1935,110,110,FWD,29,64,1,DEPART,0
C3B93D0B,1179424,1179802.400,1179802400,1000,1947,1935,110,110,FWD,13,64,1,DEPART,0
C3B93D0B,1179425,1179803.399,1179803399,999,1947,1935,110,110,FWD,13,64,1,DEPART,0
C3B93D0B,1179426,1179804.399,1179804399,1000,1946,1935,110,110,FWD,13,64,1,DEPART,0
C3B93D0B,1179427,1179805.399,1179805399,1000,1943,1935,110,110,FWD,13,64,1,DEPART,0
C3B93D0B,1179428,1179806.399,1179806399,1000,1944,1935,110,110,FWD,13,64,1,DEPART,0
C3B93D0B,1179429,1179807.399,1179807399,1000,1941,1935,110,110,FWD,13,64,1,DEPART,0
C3B93D0B,1179430,1179808.399,1179808399,1000,1941,1935,110,110,FWD,13,64,1,DEPART,0
C3B93D0B,1179431,1179809.399,1179809399,1000,1939,1935,110,110,FWD,13,64,1,DEPART,0
C3B93D0B,1179432,1179810.399,1179810399,1000,1940,1935,110,110,FWD,13,64,1,DEPART,0
C3B93D0B,1179433,1179811.400,1179811400,1001,1939,1935,110,110,FWD,13,64,1,DEPART,0
C3B93D0B,1179434,1179812.410,1179812410,1010,1936,1935,110,110,FWD,13,64,1,DEPART,0
C3B93D0B,1179435,1179813.511,1179813511,1101,1936,1935,110,110,FWD,13,64,1,DEPART,0
C3B93D0B,1179436,1179814.401,1179814401,890,1935,1935,110,110,FWD,13,64,1,DEPART,0
C3B93D0B,1179437,1179816.601,1179816601,2200,1935,1935,110,110,FWD,45,64,1,DEPART,0
C3B93D0B,1179438,1179816.855,1179816855,254,1936,1935,110,110,FWD,13,64,1,DEPART,0
C3B93D0B,1179439,1179817.980,1179817980,1125,1936,1935,110,110,FWD,13,64,1,DEPART,0
C3B93D0B,1179440,1179818.399,1179818399,419,1936,1935,110,110,FWD,13,64,1,DEPART,0
C3B93D0B,1179441,1179819.399,1179819399,1000,1934,1935,110,110,FWD,13,64,1,DEPART,0
C3B93D0B,1179442,1179820.399,1179820399,1000,1933,1935,110,110,FWD,13,64,1,DEPART,0
C3B93D0B,1179443,1179821.399,1179821399,1000,1934,1935,110,110,FWD,13,64,1,DEPART,0
C3B93D0B,1179444,1179822.399,1179822399,1000,1933,1935,110,110,FWD,13,64,1,DEPART,0
C3B93D0B,1179445,1179823.399,1179823399,1000,1932,1935,110,110,FWD,13,64,1,DEPART,0
C3B93D0B,1179446,1179824.400,1179824400,1001,1933,1935,110,110,FWD,13,64,1,DEPART,0
C3B93D0B,1179447,1179825.399,1179825399,999,1930,1935,110,110,FWD,13,64,1,DEPART,0
C3B93D0B,1179448,1179826.399,1179826399,1000,1931,1935,110,110,FWD,13,64,1,DEPART,0
C3B93D0B,1179449,1179827.399,1179827399,1000,1929,1935,110,110,FWD,13,64,1,DEPART,0
C3B93D0B,1179450,1179828.399,1179828399,1000,1930,1935,110,110,FWD,13,64,1,DEPART,0
C3B93D0B,1179451,1179829.399,1179829399,1000,1927,1935,110,110,FWD,13,64,1,DEPART,0
C3B93D0B,1179452,1179830.399,1179830399,1000,1927,1935,110,110,FWD,13,64,1,DEPART,0
C3B93D0B,1179453,1179831.399,1179831399,1000,1930,1935,110,110,FWD,13,64,1,DEPART,0
C3B93D0B,1179454,1179832.399,1179832399,1000,1928,1935,110,110,FWD,13,64,1,DEPART,0
C3B93D0B,1179455,1179833.399,1179833399,1000,1926,1935,110,110,FWD,13,64,1,DEPART,0
C3B93D0B,1179456,1179834.400,1179834400,1001,1927,1935,110,110,FWD,13,64,1,DEPART,0
C3B93D0B,1179457,1179835.399,1179835399,999,1925,1935,110,110,FWD,13,64,1,DEPART,0
C3B93D0B,1179458,1179836.399,1179836399,1000,1927,1935,110,110,FWD,13,64,1,DEPART,0
C3B93D0B,1179459,1179837.399,1179837399,1000,1924,1935,110,110,FWD,13,64,1,DEPART,0
C3B93D0B,1179460,1179838.400,1179838400,1001,1925,1935,110,110,FWD,13,64,1,DEPART,0
C3B93D0B,1179461,1179839.399,1179839399,999,1927,1935,110,110,FWD,13,64,1,DEPART,0
C3B93D0B,1179462,1179840.400,1179840400,1001,1923,1935,110,110,FWD,13,64,1,DEPART,0
C3B93D0B,1179463,1179841.399,1179841399,999,1923,1935,110,110,FWD,13,64,1,DEPART,0
C3B93D0B,1179464,1179842.400,1179842400,1001,1922,1935,110,110,FWD,13,64,1,DEPART,0
C3B93D0B,1179465,1179843.399,1179843399,999,1926,1935,110,110,FWD,13,64,1,DEPART,0
C3B93D0B,1179466,1179844.401,1179844401,1002,1923,1935,110,110,FWD,13,64,1,DEPART,0
C3B93D0B,1179467,1179845.425,1179845425,1024,1923,1935,110,110,FWD,13,64,1,DEPART,0
C3B93D0B,1179468,1179846.673,1179846673,1248,1926,1935,110,110,FWD,13,64,1,DEPART,0
C3B93D0B,1179469,1179848.559,1179848559,1886,1922,1935,110,110,FWD,45,64,1,DEPART,0
C3B93D0B,1179470,1179849.153,1179849153,594,1923,1935,110,110,FWD,13,64,1,DEPART,0
C3B93D0B,1179471,1179850.191,1179850191,1038,1923,1935,110,110,FWD,13,64,1,DEPART,0
C3B93D0B,1179472,1179850.476,1179850476,285,1923,1935,110,110,FWD,13,64,1,DEPART,0
C3B93D0B,1179473,1179851.399,1179851399,923,1923,1935,110,110,FWD,13,64,1,DEPART,0
C3B93D0B,1179474,1179852.400,1179852400,1001,1923,1935,110,110,FWD,13,64,1,DEPART,0
C3B93D0B,1179475,1179853.399,1179853399,999,1923,1935,110,110,FWD,13,64,1,DEPART,0
C3B93D0B,1179476,1179854.400,1179854400,1001,1924,1935,110,110,FWD,13,64,1,DEPART,0
C3B93D0B,1179477,1179855.399,1179855399,999,1922,1935,110,110,FWD,13,64,1,DEPART,0
C3B93D0B,1179478,1179856.401,1179856401,1002,1925,1935,110,110,FWD,13,64,1,DEPART,0
C3B93D0B,1179479,1179857.399,1179857399,998,1922,1935,110,110,FWD,13,64,1,DEPART,0
C3B93D0B,1179480,1179858.400,1179858400,1001,1920,1935,110,110,FWD,13,64,1,DEPART,0
C3B93D0B,1179481,1179859.399,1179859399,999,1923,1935,110,110,FWD,13,64,1,DEPART,0
C3B93D0B,1179482,1179860.400,1179860400,1001,1921,1935,110,110,FWD,13,64,1,DEPART,0
C3B93D0B,1179483,1179861.399,1179861399,999,1923,1935,110,110,FWD,13,64,1,DEPART,0
C3B93D0B,1179484,1179862.400,1179862400,1001,1921,1935,110,110,FWD,13,64,1,DEPART,0
C3B93D0B,1179485,1179863.742,1179863742,1342,1923,1935,110,110,FWD,45,64,1,DEPART,0
C3B93D0B,1179486,1179864.400,1179864400,658,1923,1935,110,110,FWD,13,64,1,DEPART,0
C3B93D0B,1179487,1179865.635,1179865635,1235,1921,1935,110,110,FWD,13,64,1,DEPART,0
C3B93D0B,1179488,1179866.401,1179866401,766,1922,1935,110,110,FWD,13,64,1,DEPART,0
C3B93D0B,1179489,1179867.399,1179867399,998,1922,1935,110,110,FWD,13,64,1,DEPART,0
C3B93D0B,1179490,1179868.400,1179868400,1001,1920,1935,110,110,FWD,13,64,1,DEPART,0
C3B93D0B,1179491,1179869.399,1179869399,999,1920,1935,110,110,FWD,13,64,1,DEPART,0
C3B93D0B,1179492,1179870.511,1179870511,1112,1920,1935,110,110,FWD,13,64,1,DEPART,0
C3B93D0B,1179493,1179871.399,1179871399,888,1923,1935,110,110,FWD,13,64,1,DEPART,0
C3B93D0B,1179494,1179872.400,1179872400,1001,1922,1935,110,110,FWD,13,64,1,DEPART,0
C3B93D0B,1179495,1179873.399,1179873399,999,1921,1935,110,110,FWD,13,64,1,DEPART,0
C3B93D0B,1179496,1179874.400,1179874400,1001,1921,1935,110,110,FWD,13,64,1,DEPART,0
C3B93D0B,1179497,1179875.399,1179875399,999,1921,1935,110,110,FWD,13,64,1,DEPART,0
C3B93D0B,1179498,1179876.401,1179876401,1002,1922,1935,110,110,FWD,13,64,1,DEPART,0
C3B93D0B,1179499,1179877.399,1179877399,998,1921,1935,110,110,FWD,13,64,1,DEPART,0
C3B93D0B,1179500,1179878.400,1179878400,1001,1921,1935,110,110,FWD,13,65,1,IDLE,0
C3B93D0B,1179501,1179879.476,1179879476,1076,1923,1935,110,110,FWD,13,65,1,IDLE,0
C3B93D0B,1179502,1179880.400,1179880400,924,1921,1935,110,110,FWD,13,65,1,IDLE,0
C3B93D0B,1179503,1179881.399,1179881399,999,1922,1935,110,110,FWD,13,65,1,IDLE,0
C3B93D0B,1179504,1179882.400,1179882400,1001,1923,1935,110,110,FWD,13,65,1,IDLE,0
C3B93D0B,1179505,1179883.399,1179883399,999,1923,1935,110,110,FWD,13,65,1,IDLE,0
C3B93D0B,1179506,1179884.400,1179884400,1001,1920,1935,110,110,FWD,13,65,1,IDLE,0
C3B93D0B,1179507,1179885.399,1179885399,999,1922,1935,110,110,FWD,13,65,1,IDLE,0
C3B93D0B,1179508,1179886.401,1179886401,1002,1922,1935,110,110,FWD,13,65,1,IDLE,0
C3B93D0B,1179509,1179887.835,1179887835,1434,1921,1935,110,110,FWD,45,65,1,IDLE,0
C3B93D0B,1179510,1179888.444,1179888444,609,1923,1935,110,110,FWD,13,65,1,IDLE,0
C3B93D0B,1179511,1179889.400,1179889400,956,1922,1935,110,110,FWD,13,65,1,IDLE,0
C3B93D0B,1179512,1179890.399,1179890399,999,1921,1935,110,110,FWD,13,65,1,IDLE,0
C3B93D0B,1179513,1179891.400,1179891400,1001,1922,1935,110,110,FWD,13,65,1,IDLE,0
C3B93D0B,1179514,1179892.399,1179892399,999,1923,1935,110,110,FWD,13,65,1,IDLE,0
C3B93D0B,1179515,1179893.400,1179893400,1001,1922,1935,110,110,FWD,13,65,1,IDLE,0
C3B93D0B,1179516,1179894.399,1179894399,999,1925,1935,110,110,FWD,13,65,1,IDLE,0
C3B93D0B,1179517,1179895.400,1179895400,1001,1920,1935,110,110,FWD,13,65,1,IDLE,0
C3B93D0B,1179518,1179896.399,1179896399,999,1922,1935,110,110,FWD,13,65,1,IDLE,0
C3B93D0B,1179519,1179897.401,1179897401,1002,1922,1935,110,110,FWD,13,65,1,IDLE,0
C3B93D0B,1179520,1179898.399,1179898399,998,1922,1935,110,110,FWD,13,65,1,IDLE,0
C3B93D0B,1179521,1179899.400,1179899400,1001,1924,1935,110,110,FWD,13,65,1,IDLE,0
C3B93D0B,1179522,1179900.399,1179900399,999,1924,1935,110,110,FWD,13,65,1,IDLE,0
C3B93D0B,1179523,1179901.400,1179901400,1001,1925,1935,110,110,FWD,13,65,1,IDLE,0
C3B93D0B,1179524,1179902.399,1179902399,999,1922,1935,110,110,FWD,13,65,1,IDLE,0
C3B93D0B,1179525,1179903.400,1179903400,1001,1922,1935,110,110,FWD,13,65,1,IDLE,0
C3B93D0B,1179526,1179904.399,1179904399,999,1925,1935,110,110,FWD,13,65,1,IDLE,0
C3B93D0B,1179527,1179905.400,1179905400,1001,1922,1935,110,110,FWD,13,65,1,IDLE,0
C3B93D0B,1179528,1179906.399,1179906399,999,1923,1935,110,110,FWD,13,65,1,IDLE,0
C3B93D0B,1179529,1179907.401,1179907401,1002,1923,1935,110,110,FWD,13,65,1,IDLE,0
C3B93D0B,1179530,1179908.399,1179908399,998,1922,1935,110,110,FWD,13,65,1,IDLE,0
C3B93D0B,1179531,1179909.400,1179909400,1001,1924,1935,110,110,FWD,13,65,1,IDLE,0
C3B93D0B,1179532,1179910.399,1179910399,999,1925,1935,110,110,FWD,13,65,1,IDLE,0
C3B93D0B,1179533,1179911.400,1179911400,1001,1922,1935,110,110,FWD,13,65,1,IDLE,0
C3B93D0B,1179534,1179912.399,1179912399,999,1926,1935,110,110,FWD,13,65,1,IDLE,0
C3B93D0B,1179535,1179913.400,1179913400,1001,1926,1935,110,110,FWD,13,65,1,IDLE,0
C3B93D0B,1179536,1179914.399,1179914399,999,1922,1935,110,110,FWD,13,65,1,IDLE,0
C3B93D0B,1179537,1179915.400,1179915400,1001,1924,1935,110,110,FWD,13,65,1,IDLE,0
C3B93D0B,1179538,1179916.399,1179916399,999,1923,1935,110,110,FWD,13,65,1,IDLE,0
C3B93D0B,1179539,1179917.401,1179917401,1002,1925,1935,110,110,FWD,13,65,1,IDLE,0
C3B93D0B,1179540,1179918.399,1179918399,998,1925,1935,110,110,FWD,13,65,1,IDLE,0
C3B93D0B,1179541,1179919.400,1179919400,1001,1925,1935,110,110,FWD,13,65,1,IDLE,0
C3B93D0B,1179542,1179920.399,1179920399,999,1923,1935,110,110,FWD,13,65,1,IDLE,0
C3B93D0B,1179543,1179921.400,1179921400,1001,1924,1935,110,110,FWD,13,65,1,IDLE,0
C3B93D0B,1179544,1179922.399,1179922399,999,1927,1935,110,110,FWD,13,65,1,IDLE,0
C3B93D0B,1179545,1179923.400,1179923400,1001,1925,1935,110,110,FWD,13,65,1,IDLE,0
C3B93D0B,1179546,1179924.399,1179924399,999,1925,1935,110,110,FWD,13,65,1,IDLE,0
C3B93D0B,1179547,1179925.400,1179925400,1001,1922,1935,110,110,FWD,13,65,1,IDLE,0
C3B93D0B,1179548,1179926.399,1179926399,999,1925,1935,110,110,FWD,13,65,1,IDLE,0
C3B93D0B,1179549,1179927.401,1179927401,1002,1925,1935,110,110,FWD,13,65,1,IDLE,0
C3B93D0B,1179550,1179928.399,1179928399,998,1926,1935,110,110,FWD,13,65,1,IDLE,0
C3B93D0B,1179551,1179929.400,1179929400,1001,1926,1935,110,110,FWD,13,65,1,IDLE,0
C3B93D0B,1179552,1179930.399,1179930399,999,1925,1935,110,110,FWD,13,65,1,IDLE,0
C3B93D0B,1179553,1179931.400,1179931400,1001,1924,1935,110,110,FWD,13,65,1,IDLE,0
C3B93D0B,1179554,1179932.399,1179932399,999,1924,1935,110,110,FWD,13,65,1,IDLE,0
C3B93D0B,1179555,1179933.400,1179933400,1001,1925,1935,110,110,FWD,13,65,1,IDLE,0
C3B93D0B,1179556,1179934.399,1179934399,999,1924,1935,110,110,FWD,13,65,1,IDLE,0
C3B93D0B,1179557,1179935.400,1179935400,1001,1924,1935,110,110,FWD,13,65,1,IDLE,0
C3B93D0B,1179558,1179936.399,1179936399,999,1926,1935,110,110,FWD,13,65,1,IDLE,0
C3B93D0B,1179559,1179937.401,1179937401,1002,1925,1935,110,110,FWD,13,65,1,IDLE,0
C3B93D0B,1179560,1179938.399,1179938399,998,1927,1935,110,110,FWD,13,65,1,IDLE,0
C3B93D0B,1179561,1179939.400,1179939400,1001,1926,1935,110,110,FWD,13,65,1,IDLE,0
C3B93D0B,1179562,1179940.399,1179940399,999,1925,1935,110,110,FWD,13,65,1,IDLE,0
C3B93D0B,1179563,1179941.400,1179941400,1001,1926,1935,110,110,FWD,13,65,1,IDLE,0
C3B93D0B,1179564,1179942.399,1179942399,999,1924,1935,110,110,FWD,13,65,1,IDLE,0
C3B93D0B,1179565,1179943.400,1179943400,1001,1923,1935,110,110,FWD,13,65,1,IDLE,0
C3B93D0B,1179566,1179944.402,1179944402,1002,1936,1935,110,110,FWD,13,65,1,IDLE,0
C3B93D0B,1179567,1179945.400,1179945400,998,1936,1935,110,110,FWD,13,65,1,IDLE,0
C3B93D0B,1179568,1179946.399,1179946399,999,1936,1935,110,110,FWD,13,65,1,IDLE,0
C3B93D0B,1179569,1179947.401,1179947401,1002,1936,1935,110,110,FWD,13,65,1,IDLE,0
C3B93D0B,1179570,1179948.399,1179948399,998,1936,1935,110,110,FWD,13,65,1,IDLE,0
C3B93D0B,1179571,1179949.400,1179949400,1001,1936,1935,110,110,FWD,13,65,1,IDLE,0
C3B93D0B,1179572,1179950.399,1179950399,999,1936,1935,110,110,FWD,13,65,1,IDLE,0
C3B93D0B,1179573,1179951.400,1179951400,1001,1936,1935,110,110,FWD,13,65,1,IDLE,0
C3B93D0B,1179574,1179952.399,1179952399,999,1936,1935,110,110,FWD,13,65,1,IDLE,0
C3B93D0B,1179575,1179953.400,1179953400,1001,1936,1935,110,110,FWD,13,65,1,IDLE,0
C3B93D0B,1179576,1179954.399,1179954399,999,1936,1935,110,110,FWD,13,65,1,IDLE,0
C3B93D0B,1179577,1179955.400,1179955400,1001,1936,1935,110,110,FWD,13,65,1,IDLE,0
C3B93D0B,1179578,1179956.399,1179956399,999,1936,1935,110,110,FWD,13,65,1,IDLE,0
C3B93D0B,1179579,1179957.401,1179957401,1002,1936,1935,110,110,FWD,13,65,1,IDLE,0
C3B93D0B,1179580,1179958.399,1179958399,998,1936,1935,110,110,FWD,13,65,1,IDLE,0
C3B93D0B,1179581,1179959.400,1179959400,1001,1936,1935,110,110,FWD,13,65,1,IDLE,0
C3B93D0B,1179582,1179961.034,1179961034,1634,1921,1935,110,110,FWD,45,65,1,IDLE,0
C3B93D0B,1179583,1179961.400,1179961400,366,1923,1935,110,110,FWD,13,65,1,IDLE,0
C3B93D0B,1179584,1179962.399,1179962399,999,1925,1935,110,110,FWD,13,65,1,IDLE,0
C3B93D0B,1179585,1179963.400,1179963400,1001,1922,1935,110,110,FWD,13,65,1,IDLE,0
C3B93D0B,1179586,1179964.399,1179964399,999,1927,1935,110,110,FWD,13,65,1,IDLE,0
C3B93D0B,1179587,1179965.400,1179965400,1001,1936,1935,110,110,FWD,13,65,1,IDLE,0
C3B93D0B,1179588,1179966.529,1179966529,1129,1936,1935,110,110,FWD,13,65,1,IDLE,0
C3B93D0B,1179589,1179967.401,1179967401,872,1936,1935,110,110,FWD,13,65,1,IDLE,0
C3B93D0B,1179590,1179968.399,1179968399,998,1936,1935,110,110,FWD,13,65,1,IDLE,0
C3B93D0B,1179591,1179969.400,1179969400,1001,1936,1935,110,110,FWD,13,65,1,IDLE,0
C3B93D0B,1179592,1179970.399,1179970399,999,1936,1935,110,110,FWD,13,65,1,IDLE,0
C3B93D0B,1179593,1179971.400,1179971400,1001,1936,1935,110,110,FWD,13,65,1,IDLE,0
C3B93D0B,1179594,1179972.399,1179972399,999,1936,1935,110,110,FWD,13,65,1,IDLE,0
C3B93D0B,1179595,1179973.400,1179973400,1001,1936,1935,110,110,FWD,13,65,1,IDLE,0
C3B93D0B,1179596,1179974.399,1179974399,999,1936,1935,110,110,FWD,13,65,1,IDLE,0
C3B93D0B,1179597,1179975.400,1179975400,1001,1936,1935,110,110,FWD,13,65,1,IDLE,0
C3B93D0B,1179598,1179976.399,1179976399,999,1937,1935,110,110,FWD,13,65,1,IDLE,0
C3B93D0B,1179599,1179977.401,1179977401,1002,1936,1935,110,110,FWD,13,65,1,IDLE,0
C3B93D0B,1179600,1179979.183,1179979183,1782,1927,1935,110,110,FWD,45,65,1,IDLE,0
C3B93D0B,1179601,1179979.493,1179979493,310,1926,1935,110,110,FWD,13,65,1,IDLE,0
C3B93D0B,1179602,1179980.400,1179980400,907,1925,1935,110,110,FWD,13,65,1,IDLE,0
C3B93D0B,1179603,1179981.399,1179981399,999,1927,1935,110,110,FWD,13,65,1,IDLE,0
C3B93D0B,1179604,1179982.400,1179982400,1001,1925,1935,110,110,FWD,13,65,1,IDLE,0
C3B93D0B,1179605,1179983.399,1179983399,999,1927,1935,110,110,FWD,13,65,1,IDLE,0
C3B93D0B,1179606,1179984.400,1179984400,1001,1925,1935,110,110,FWD,13,65,1,IDLE,0
C3B93D0B,1179607,1179985.399,1179985399,999,1927,1935,110,110,FWD,13,65,1,IDLE,0
C3B93D0B,1179608,1179986.400,1179986400,1001,1927,1935,110,110,FWD,13,65,1,IDLE,0
C3B93D0B,1179609,1179987.400,1179987400,1000,1930,1935,110,110,FWD,13,65,1,IDLE,0
C3B93D0B,1179610,1179988.400,1179988400,1000,1928,1935,110,110,FWD,13,65,1,IDLE,0
C3B93D0B,1179611,1179989.399,1179989399,999,1926,1935,110,110,FWD,13,65,1,IDLE,0
C3B93D0B,1179612,1179990.400,1179990400,1001,1925,1935,110,110,FWD,13,65,1,IDLE,0
C3B93D0B,1179613,1179991.399,1179991399,999,1929,1935,110,110,FWD,13,65,1,IDLE,0
C3B93D0B,1179614,1179992.400,1179992400,1001,1925,1935,110,110,FWD,13,65,1,IDLE,0
C3B93D0B,1179615,1179993.399,1179993399,999,1929,1935,110,110,FWD,13,65,1,IDLE,0
C3B93D0B,1179616,1179994.400,1179994400,1001,1930,1935,110,110,FWD,13,65,1,IDLE,0
C3B93D0B,1179617,1179995.399,1179995399,999,1927,1935,110,110,FWD,13,65,1,IDLE,0
C3B93D0B,1179618,1179996.400,1179996400,1001,1930,1935,110,110,FWD,13,65,1,IDLE,0
C3B93D0B,1179619,1179997.400,1179997400,1000,1929,1935,110,110,FWD,13,65,1,IDLE,0
C3B93D0B,1179620,1179998.400,1179998400,1000,1927,1935,110,110,FWD,13,65,1,IDLE,0
C3B93D0B,1179621,1179999.399,1179999399,999,1930,1935,110,110,FWD,13,65,1,IDLE,0
C3B93D0B,1179622,1180000.400,1180000400,1001,1927,1935,110,110,FWD,13,65,1,IDLE,0
C3B93D0B,1179623,1180001.399,1180001399,999,1929,1935,110,110,FWD,13,65,1,IDLE,0
C3B93D0B,1179624,1180002.400,1180002400,1001,1927,1935,110,110,FWD,13,65,1,IDLE,0
C3B93D0B,1179625,1180003.399,1180003399,999,1930,1935,110,110,FWD,13,65,1,IDLE,0
C3B93D0B,1179626,1180004.400,1180004400,1001,1929,1935,110,110,FWD,13,65,1,IDLE,0
C3B93D0B,1179627,1180005.399,1180005399,999,1929,1935,110,110,FWD,13,65,1,IDLE,0
C3B93D0B,1179628,1180006.400,1180006400,1001,1929,1935,110,110,FWD,13,65,1,IDLE,0
C3B93D0B,1179629,1180007.400,1180007400,1000,1927,1935,110,110,FWD,13,65,1,IDLE,0
C3B93D0B,1179630,1180008.400,1180008400,1000,1927,1935,110,110,FWD,13,65,1,IDLE,0
C3B93D0B,1179631,1180009.399,1180009399,999,1929,1935,110,110,FWD,13,65,1,IDLE,0
C3B93D0B,1179632,1180010.400,1180010400,1001,1931,1935,110,110,FWD,13,65,1,IDLE,0
C3B93D0B,1179633,1180011.399,1180011399,999,1930,1935,110,110,FWD,13,65,1,IDLE,0
C3B93D0B,1179634,1180012.400,1180012400,1001,1927,1935,110,110,FWD,13,65,1,IDLE,0
C3B93D0B,1179635,1180013.399,1180013399,999,1930,1935,110,110,FWD,13,65,1,IDLE,0
C3B93D0B,1179636,1180014.400,1180014400,1001,1930,1935,110,110,FWD,13,65,1,IDLE,0
C3B93D0B,1179637,1180015.399,1180015399,999,1930,1935,110,110,FWD,13,65,1,IDLE,0
C3B93D0B,1179638,1180016.400,1180016400,1001,1929,1935,110,110,FWD,13,65,1,IDLE,0
C3B93D0B,1179639,1180017.400,1180017400,1000,1931,1935,110,110,FWD,13,65,1,IDLE,0
C3B93D0B,1179640,1180018.400,1180018400,1000,1931,1935,110,110,FWD,13,65,1,IDLE,0
C3B93D0B,1179641,1180019.399,1180019399,999,1929,1935,110,110,FWD,13,65,1,IDLE,0
C3B93D0B,1179642,1180020.400,1180020400,1001,1927,1935,110,110,FWD,13,65,1,IDLE,0
C3B93D0B,1179643,1180021.399,1180021399,999,1930,1935,110,110,FWD,13,65,1,IDLE,0
C3B93D0B,1179644,1180022.400,1180022400,1001,1930,1935,110,110,FWD,13,65,1,IDLE,0
C3B93D0B,1179645,1180023.399,1180023399,999,1931,1935,110,110,FWD,13,65,1,IDLE,0
C3B93D0B,1179646,1180024.400,1180024400,1001,1930,1935,110,110,FWD,13,65,1,IDLE,0
C3B93D0B,1179647,1180025.399,1180025399,999,1931,1935,110,110,FWD,13,65,1,IDLE,0
C3B93D0B,1179648,1180026.400,1180026400,1001,1930,1935,110,110,FWD,13,65,1,IDLE,0
C3B93D0B,1179649,1180027.400,1180027400,1000,1930,1935,110,110,FWD,13,65,1,IDLE,0
C3B93D0B,1179650,1180028.400,1180028400,1000,1930,1935,110,110,FWD,13,65,1,IDLE,0
C3B93D0B,1179651,1180029.399,1180029399,999,1931,1935,110,110,FWD,13,65,1,IDLE,0
C3B93D0B,1179652,1180030.752,1180030752,1353,1930,1935,110,110,FWD,45,65,1,IDLE,0
C3B93D0B,1179653,1180031.399,1180031399,647,1933,1935,110,110,FWD,13,65,1,IDLE,0
C3B93D0B,1179654,1180032.400,1180032400,1001,1930,1935,110,110,FWD,13,65,1,IDLE,0
C3B93D0B,1179655,1180033.399,1180033399,999,1930,1935,110,110,FWD,13,65,1,IDLE,0
C3B93D0B,1179656,1180034.400,1180034400,1001,1929,1935,110,110,FWD,13,65,1,IDLE,0
C3B93D0B,1179657,1180035.399,1180035399,999,1931,1935,110,110,FWD,13,65,1,IDLE,0
C3B93D0B,1179658,1180036.400,1180036400,1001,1932,1935,110,110,FWD,13,65,1,IDLE,0
C3B93D0B,1179659,1180037.400,1180037400,1000,1930,1935,110,110,FWD,13,65,1,IDLE,0
C3B93D0B,1179660,1180038.400,1180038400,1000,1939,1935,110,110,FWD,13,65,1,IDLE,0
C3B93D0B,1179661,1180039.399,1180039399,999,1939,1935,110,110,FWD,13,65,1,IDLE,0
C3B93D0B,1179662,1180040.400,1180040400,1001,1938,1935,110,110,FWD,13,65,1,IDLE,0
C3B93D0B,1179663,1180041.399,1180041399,999,1941,1935,110,110,FWD,13,65,1,IDLE,0
C3B93D0B,1179664,1180042.400,1180042400,1001,1939,1935,110,110,FWD,13,65,1,IDLE,0
C3B93D0B,1179665,1180043.399,1180043399,999,1938,1935,110,110,FWD,13,65,1,IDLE,0
C3B93D0B,1179666,1180044.400,1180044400,1001,1939,1935,110,110,FWD,13,65,1,IDLE,0
C3B93D0B,1179667,1180045.399,1180045399,999,1940,1935,110,110,FWD,13,65,1,IDLE,0
C3B93D0B,1179668,1180046.400,1180046400,1001,1939,1935,110,110,FWD,13,65,1,IDLE,0
C3B93D0B,1179669,1180047.400,1180047400,1000,1937,1935,110,110,FWD,13,65,1,IDLE,0
C3B93D0B,1179670,1180048.746,1180048746,1346,1936,1935,110,110,FWD,45,65,1,IDLE,0
C3B93D0B,1179671,1180049.977,1180049977,1231,1927,1935,110,110,FWD,13,65,1,IDLE,0
C3B93D0B,1179672,1180050.603,1180050603,626,1929,1935,110,110,FWD,13,65,1,IDLE,0
C3B93D0B,1179673,1180051.399,1180051399,796,1927,1935,110,110,FWD,13,65,1,IDLE,0
C3B93D0B,1179674,1180052.400,1180052400,1001,1931,1935,110,110,FWD,13,65,1,IDLE,0
C3B93D0B,1179675,1180053.399,1180053399,999,1931,1935,110,110,FWD,13,65,1,IDLE,0
C3B93D0B,1179676,1180054.400,1180054400,1001,1927,1935,110,110,FWD,13,65,1,IDLE,0
C3B93D0B,1179677,1180055.399,1180055399,999,1931,1935,110,110,FWD,13,65,1,IDLE,0
C3B93D0B,1179678,1180056.400,1180056400,1001,1930,1935,110,110,FWD,13,65,1,IDLE,0
C3B93D0B,1179679,1180057.399,1180057399,999,1930,1935,110,110,FWD,13,65,1,IDLE,0
C3B93D0B,1179680,1180058.401,1180058401,1002,1933,1935,110,110,FWD,13,65,1,IDLE,0
C3B93D0B,1179681,1180059.399,1180059399,998,1930,1935,110,110,FWD,13,65,1,IDLE,0
C3B93D0B,1179682,1180060.400,1180060400,1001,1931,1935,110,110,FWD,13,65,1,IDLE,0
C3B93D0B,1179683,1180061.399,1180061399,999,1931,1935,110,110,FWD,13,65,1,IDLE,0
C3B93D0B,1179684,1180062.400,1180062400,1001,1930,1935,110,110,FWD,13,65,1,IDLE,0
C3B93D0B,1179685,1180063.399,1180063399,999,1931,1935,110,110,FWD,13,65,1,IDLE,0
C3B93D0B,1179686,1180064.400,1180064400,1001,1928,1935,110,110,FWD,13,65,1,IDLE,0
C3B93D0B,1179687,1180065.399,1180065399,999,1927,1935,110,110,FWD,13,65,1,IDLE,0
C3B93D0B,1179688,1180066.400,1180066400,1001,1932,1935,110,110,FWD,13,65,1,IDLE,0
C3B93D0B,1179689,1180067.399,1180067399,999,1931,1935,110,110,FWD,13,65,1,IDLE,0
C3B93D0B,1179690,1180068.465,1180068465,1066,1930,1935,110,110,FWD,13,65,1,IDLE,0
C3B93D0B,1179691,1180069.399,1180069399,934,1930,1935,110,110,FWD,13,65,1,IDLE,0
C3B93D0B,1179692,1180070.400,1180070400,1001,1930,1935,110,110,FWD,13,65,1,IDLE,0
C3B93D0B,1179693,1180071.399,1180071399,999,1930,1935,110,110,FWD,13,65,1,IDLE,0
C3B93D0B,1179694,1180072.539,1180072539,1140,1929,1935,110,110,FWD,13,65,1,IDLE,0
C3B93D0B,1179695,1180073.399,1180073399,860,1931,1935,110,110,FWD,13,65,1,IDLE,0
C3B93D0B,1179696,1180074.400,1180074400,1001,1931,1935,110,110,FWD,13,65,1,IDLE,0
C3B93D0B,1179697,1180075.399,1180075399,999,1933,1935,110,110,FWD,13,65,1,IDLE,0
C3B93D0B,1179698,1180076.755,1180076755,1356,1931,1935,110,110,FWD,45,65,1,IDLE,0
C3B93D0B,1179699,1180077.784,1180077784,1029,1930,1935,110,110,FWD,13,65,1,IDLE,0
C3B93D0B,1179700,1180078.401,1180078401,617,1929,1935,110,110,FWD,13,65,1,IDLE,0
C3B93D0B,1179701,1180080.210,1180080210,1809,1931,1935,110,110,FWD,45,65,1,IDLE,0
C3B93D0B,1179702,1180080.564,1180080564,354,1931,1935,110,110,FWD,13,65,1,IDLE,0
C3B93D0B,1179703,1180081.400,1180081400,836,1931,1935,110,110,FWD,13,65,1,IDLE,0
C3B93D0B,1179704,1180082.526,1180082526,1126,1930,1935,110,110,FWD,13,65,1,IDLE,0
C3B93D0B,1179705,1180083.400,1180083400,874,1930,1935,110,110,FWD,13,65,1,IDLE,0
C3B93D0B,1179706,1180084.399,1180084399,999,1930,1935,110,110,FWD,13,65,1,IDLE,0
C3B93D0B,1179707,1180085.400,1180085400,1001,1933,1935,110,110,FWD,13,65,1,IDLE,0
C3B93D0B,1179708,1180086.399,1180086399,999,1931,1935,110,110,FWD,13,65,1,IDLE,0
C3B93D0B,1179709,1180087.400,1180087400,1001,1931,1935,110,110,FWD,13,65,1,IDLE,0
C3B93D0B,1179710,1180088.400,1180088400,1000,1927,1935,110,110,FWD,13,65,1,IDLE,0
C3B93D0B,1179711,1180089.400,1180089400,1000,1930,1935,110,110,FWD,13,65,1,IDLE,0
C3B93D0B,1179712,1180090.399,1180090399,999,1931,1935,110,110,FWD,13,65,1,IDLE,0
C3B93D0B,1179713,1180091.400,1180091400,1001,1931,1935,110,110,FWD,13,65,1,IDLE,0
C3B93D0B,1179714,1180092.399,1180092399,999,1932,1935,110,110,FWD,13,65,1,IDLE,0
C3B93D0B,1179715,1180093.400,1180093400,1001,1932,1935,110,110,FWD,13,65,1,IDLE,0
C3B93D0B,1179716,1180094.399,1180094399,999,1930,1935,110,110,FWD,13,65,1,IDLE,0
C3B93D0B,1179717,1180095.498,1180095498,1099,1930,1935,110,110,FWD,13,65,1,IDLE,0
C3B93D0B,1179718,1180096.399,1180096399,901,1933,1935,110,110,FWD,13,65,1,IDLE,0
C3B93D0B,1179719,1180097.400,1180097400,1001,1931,1935,110,110,FWD,13,65,1,IDLE,0
C3B93D0B,1179720,1180098.400,1180098400,1000,1931,1935,110,110,FWD,13,65,1,IDLE,0
C3B93D0B,1179721,1180099.400,1180099400,1000,1933,1935,110,110,FWD,13,65,1,IDLE,0
C3B93D0B,1179722,1180100.399,1180100399,999,1933,1935,110,110,FWD,13,65,1,IDLE,0
C3B93D0B,1179723,1180101.400,1180101400,1001,1931,1935,110,110,FWD,13,65,1,IDLE,0
C3B93D0B,1179724,1180102.399,1180102399,999,1932,1935,110,110,FWD,13,65,1,IDLE,0
C3B93D0B,1179725,1180103.400,1180103400,1001,1932,1935,110,110,FWD,13,65,1,IDLE,0
C3B93D0B,1179726,1180104.399,1180104399,999,1933,1935,110,110,FWD,13,65,1,IDLE,0
C3B93D0B,1179727,1180105.400,1180105400,1001,1934,1935,110,110,FWD,13,65,1,IDLE,0
C3B93D0B,1179728,1180106.399,1180106399,999,1934,1935,110,110,FWD,13,65,1,IDLE,0
C3B93D0B,1179729,1180107.400,1180107400,1001,1933,1935,110,110,FWD,13,65,1,IDLE,0
C3B93D0B,1179730,1180108.400,1180108400,1000,1931,1935,110,110,FWD,13,65,1,IDLE,0
C3B93D0B,1179731,1180109.400,1180109400,1000,1931,1935,110,110,FWD,13,65,1,IDLE,0
C3B93D0B,1179732,1180110.399,1180110399,999,1933,1935,110,110,FWD,13,65,1,IDLE,0
C3B93D0B,1179733,1180111.400,1180111400,1001,1930,1935,110,110,FWD,13,65,1,IDLE,0
C3B93D0B,1179734,1180112.399,1180112399,999,1933,1935,110,110,FWD,13,65,1,IDLE,0
C3B93D0B,1179735,1180113.400,1180113400,1001,1930,1935,110,110,FWD,13,65,1,IDLE,0
C3B93D0B,1179736,1180114.399,1180114399,999,1931,1935,110,110,FWD,13,65,1,IDLE,0
C3B93D0B,1179737,1180115.400,1180115400,1001,1932,1935,110,110,FWD,13,65,1,IDLE,0
C3B93D0B,1179738,1180116.399,1180116399,999,1932,1935,110,110,FWD,13,65,1,IDLE,0
C3B93D0B,1179739,1180117.400,1180117400,1001,1935,1935,110,110,FWD,13,65,1,IDLE,0
C3B93D0B,1179740,1180118.400,1180118400,1000,1932,1935,110,110,FWD,13,65,1,IDLE,0
C3B93D0B,1179741,1180119.400,1180119400,1000,1933,1935,110,110,FWD,13,65,1,IDLE,0
C3B93D0B,1179742,1180120.399,1180120399,999,1934,1935,110,110,FWD,13,65,1,IDLE,0
C3B93D0B,1179743,1180121.400,1180121400,1001,1931,1935,110,110,FWD,13,65,1,IDLE,0
C3B93D0B,1179744,1180122.399,1180122399,999,1931,1935,110,110,FWD,13,65,1,IDLE,0
C3B93D0B,1179745,1180123.400,1180123400,1001,1931,1935,110,110,FWD,13,65,1,IDLE,0
C3B93D0B,1179746,1180124.399,1180124399,999,1931,1935,110,110,FWD,13,65,1,IDLE,0
C3B93D0B,1179747,1180125.400,1180125400,1001,1931,1935,110,110,FWD,13,65,1,IDLE,0
C3B93D0B,1179748,1180126.399,1180126399,999,1931,1935,110,110,FWD,13,65,1,IDLE,0
C3B93D0B,1179749,1180127.400,1180127400,1001,1931,1935,110,110,FWD,13,65,1,IDLE,0
C3B93D0B,1179750,1180128.400,1180128400,1000,1933,1935,110,110,FWD,13,65,1,IDLE,0
C3B93D0B,1179751,1180129.400,1180129400,1000,1933,1935,110,110,FWD,13,65,1,IDLE,0
C3B93D0B,1179752,1180130.399,1180130399,999,1933,1935,110,110,FWD,13,65,1,IDLE,0
C3B93D0B,1179753,1180131.400,1180131400,1001,1931,1935,110,110,FWD,13,65,1,IDLE,0
C3B93D0B,1179754,1180132.399,1180132399,999,1934,1935,110,110,FWD,13,65,1,IDLE,0
C3B93D0B,1179755,1180133.400,1180133400,1001,1931,1935,110,110,FWD,13,65,1,IDLE,0
C3B93D0B,1179756,1180134.399,1180134399,999,1933,1935,110,110,FWD,13,65,1,IDLE,0
C3B93D0B,1179757,1180135.400,1180135400,1001,1931,1935,110,110,FWD,13,65,1,IDLE,0
C3B93D0B,1179758,1180136.399,1180136399,999,1931,1935,110,110,FWD,13,65,1,IDLE,0
C3B93D0B,1179759,1180137.400,1180137400,1001,1931,1935,110,110,FWD,13,65,1,IDLE,0
C3B93D0B,1179760,1180138.400,1180138400,1000,1933,1935,110,110,FWD,13,65,1,IDLE,0
C3B93D0B,1179761,1180139.400,1180139400,1000,1934,1935,110,110,FWD,13,65,1,IDLE,0
C3B93D0B,1179762,1180140.402,1180140402,1002,1942,1935,110,110,FWD,13,65,1,IDLE,0
C3B93D0B,1179763,1180141.400,1180141400,998,1943,1935,110,110,FWD,13,65,1,IDLE,0
C3B93D0B,1179764,1180142.399,1180142399,999,1945,1935,110,110,FWD,13,65,1,IDLE,0
C3B93D0B,1179765,1180143.400,1180143400,1001,1940,1935,110,110,FWD,13,65,1,IDLE,0
C3B93D0B,1179766,1180144.399,1180144399,999,1941,1935,110,110,FWD,13,65,1,IDLE,0
C3B93D0B,1179767,1180145.400,1180145400,1001,1941,1935,110,110,FWD,13,65,1,IDLE,0
C3B93D0B,1179768,1180146.399,1180146399,999,1941,1935,110,110,FWD,13,65,1,IDLE,0
C3B93D0B,1179769,1180147.400,1180147400,1001,1943,1935,110,110,FWD,13,65,1,IDLE,0
C3B93D0B,1179770,1180148.400,1180148400,1000,1941,1935,110,110,FWD,13,65,1,IDLE,0
C3B93D0B,1179771,1180149.400,1180149400,1000,1941,1935,110,110,FWD,13,65,1,IDLE,0
C3B93D0B,1179772,1180150.399,1180150399,999,1941,1935,110,110,FWD,13,65,1,IDLE,0
C3B93D0B,1179773,1180151.400,1180151400,1001,1939,1935,110,110,FWD,13,65,1,IDLE,0
C3B93D0B,1179774,1180152.399,1180152399,999,1938,1935,110,110,FWD,13,65,1,IDLE,0
C3B93D0B,1179775,1180153.400,1180153400,1001,1937,1935,110,110,FWD,13,65,1,IDLE,0
C3B93D0B,1179776,1180154.399,1180154399,999,1939,1935,110,110,FWD,13,65,1,IDLE,0
C3B93D0B,1179777,1180155.400,1180155400,1001,1937,1935,110,110,FWD,13,65,1,IDLE,0
C3B93D0B,1179778,1180156.399,1180156399,999,1941,1935,110,110,FWD,13,65,1,IDLE,0
C3B93D0B,1179779,1180157.400,1180157400,1001,1940,1935,110,110,FWD,13,65,1,IDLE,0
C3B93D0B,1179780,1180158.400,1180158400,1000,1941,1935,110,110,FWD,13,65,1,IDLE,0
C3B93D0B,1179781,1180159.400,1180159400,1000,1939,1935,110,110,FWD,13,65,1,IDLE,0
C3B93D0B,1179782,1180160.399,1180160399,999,1939,1935,110,110,FWD,13,65,1,IDLE,0
C3B93D0B,1179783,1180161.400,1180161400,1001,1939,1935,110,110,FWD,13,65,1,IDLE,0
C3B93D0B,1179784,1180162.399,1180162399,999,1939,1935,110,110,FWD,13,65,1,IDLE,0
C3B93D0B,1179785,1180163.400,1180163400,1001,1938,1935,110,110,FWD,13,65,1,IDLE,0
C3B93D0B,1179786,1180164.399,1180164399,999,1938,1935,110,110,FWD,13,65,1,IDLE,0
C3B93D0B,1179787,1180165.729,1180165729,1330,1931,1935,110,110,FWD,45,65,1,IDLE,0
C3B93D0B,1179788,1180166.399,1180166399,670,1929,1935,110,110,FWD,13,65,1,IDLE,0
C3B93D0B,1179789,1180167.399,1180167399,1000,1930,1935,110,110,FWD,13,65,1,IDLE,0
C3B93D0B,1179790,1180168.401,1180168401,1002,1930,1935,110,110,FWD,13,65,1,IDLE,0
C3B93D0B,1179791,1180169.399,1180169399,998,1931,1935,110,110,FWD,13,65,1,IDLE,0
C3B93D0B,1179792,1180170.836,1180170836,1437,1931,1935,110,110,FWD,45,65,1,IDLE,0
C3B93D0B,1179793,1180171.399,1180171399,563,1932,1935,110,110,FWD,13,65,1,IDLE,0
C3B93D0B,1179794,1180172.400,1180172400,1001,1931,1935,110,110,FWD,13,65,1,IDLE,0
C3B93D0B,1179795,1180173.587,1180173587,1187,1932,1935,110,110,FWD,13,65,1,IDLE,0
C3B93D0B,1179796,1180174.400,1180174400,813,1931,1935,110,110,FWD,13,65,1,IDLE,0
C3B93D0B,1179797,1180175.399,1180175399,999,1933,1935,110,110,FWD,13,65,1,IDLE,0
C3B93D0B,1179798,1180176.400,1180176400,1001,1935,1935,110,110,FWD,13,65,1,IDLE,0
C3B93D0B,1179799,1180177.399,1180177399,999,1932,1935,110,110,FWD,13,65,1,IDLE,0
C3B93D0B,1179800,1180178.672,1180178672,1273,1939,1935,110,110,FWD,45,65,1,IDLE,0
C3B93D0B,1179801,1180180.218,1180180218,1546,1931,1935,110,110,FWD,45,65,1,IDLE,0
C3B93D0B,1179802,1180180.584,1180180584,366,1931,1935,110,110,FWD,13,65,1,IDLE,0
C3B93D0B,1179803,1180181.400,1180181400,816,1931,1935,110,110,FWD,13,65,1,IDLE,0
C3B93D0B,1179804,1180182.399,1180182399,999,1931,1935,110,110,FWD,13,65,1,IDLE,0
C3B93D0B,1179805,1180183.400,1180183400,1001,1931,1935,110,110,FWD,13,65,1,IDLE,0
C3B93D0B,1179806,1180184.399,1180184399,999,1933,1935,110,110,FWD,13,65,1,IDLE,0
C3B93D0B,1179807,1180185.400,1180185400,1001,1933,1935,110,110,FWD,13,65,1,IDLE,0
C3B93D0B,1179808,1180186.399,1180186399,999,1933,1935,110,110,FWD,13,65,1,IDLE,0
C3B93D0B,1179809,1180187.400,1180187400,1001,1933,1935,110,110,FWD,13,65,1,IDLE,0
C3B93D0B,1179810,1180188.400,1180188400,1000,1934,1935,110,110,FWD,13,65,1,IDLE,0
C3B93D0B,1179811,1180189.400,1180189400,1000,1932,1935,110,110,FWD,13,65,1,IDLE,0
C3B93D0B,1179812,1180190.399,1180190399,999,1931,1935,110,110,FWD,13,65,1,IDLE,0
C3B93D0B,1179813,1180191.400,1180191400,1001,1933,1935,110,110,FWD,13,65,1,IDLE,0
C3B93D0B,1179814,1180192.399,1180192399,999,1931,1935,110,110,FWD,13,65,1,IDLE,0
C3B93D0B,1179815,1180193.400,1180193400,1001,1933,1935,110,110,FWD,13,65,1,IDLE,0
C3B93D0B,1179816,1180194.399,1180194399,999,1933,1935,110,110,FWD,13,65,1,IDLE,0
C3B93D0B,1179817,1180195.400,1180195400,1001,1932,1935,110,110,FWD,13,65,1,IDLE,0
C3B93D0B,1179818,1180196.399,1180196399,999,1933,1935,110,110,FWD,13,65,1,IDLE,0
C3B93D0B,1179819,1180197.400,1180197400,1001,1930,1935,110,110,FWD,13,65,1,IDLE,0
C3B93D0B,1179820,1180198.400,1180198400,1000,1930,1935,110,110,FWD,13,65,1,IDLE,0
C3B93D0B,1179821,1180199.399,1180199399,999,1931,1935,110,110,FWD,13,65,1,IDLE,0
C3B93D0B,1179822,1180200.399,1180200399,1000,1931,1935,110,110,FWD,13,65,1,IDLE,0
C3B93D0B,1179823,1180201.399,1180201399,1000,1933,1935,110,110,FWD,13,65,1,IDLE,0
C3B93D0B,1179824,1180202.400,1180202400,1001,1931,1935,110,110,FWD,13,65,1,IDLE,0
C3B93D0B,1179825,1180203.399,1180203399,999,1931,1935,110,110,FWD,13,65,1,IDLE,0
C3B93D0B,1179826,1180204.400,1180204400,1001,1933,1935,110,110,FWD,13,65,1,IDLE,0
C3B93D0B,1179827,1180205.399,1180205399,999,1933,1935,110,110,FWD,13,65,1,IDLE,0
C3B93D0B,1179828,1180206.400,1180206400,1001,1933,1935,110,110,FWD,13,65,1,IDLE,0
C3B93D0B,1179829,1180207.399,1180207399,999,1932,1935,110,110,FWD,13,65,1,IDLE,0
C3B93D0B,1179830,1180208.401,1180208401,1002,1930,1935,110,110,FWD,13,65,1,IDLE,0
C3B93D0B,1179831,1180209.400,1180209400,999,1929,1935,110,110,FWD,13,65,1,IDLE,0
C3B93D0B,1179832,1180210.582,1180210582,1182,1929,1935,110,110,FWD,13,65,1,IDLE,0
C3B93D0B,1179833,1180211.401,1180211401,819,1927,1935,110,110,FWD,13,65,1,IDLE,0
C3B93D0B,1179834,1180212.399,1180212399,998,1931,1935,110,110,FWD,13,65,1,IDLE,0
C3B93D0B,1179835,1180213.400,1180213400,1001,1931,1935,110,110,FWD,13,65,1,IDLE,0
C3B93D0B,1179836,1180214.399,1180214399,999,1934,1935,110,110,FWD,13,65,1,IDLE,0
C3B93D0B,1179837,1180216.509,1180216509,2110,1930,1935,110,110,FWD,45,65,1,IDLE,0
C3B93D0B,1179838,1180216.834,1180216834,325,1932,1935,110,110,FWD,13,65,1,IDLE,0
C3B93D0B,1179839,1180217.400,1180217400,566,1931,1935,110,110,FWD,13,65,1,IDLE,0
C3B93D0B,1179840,1180218.399,1180218399,999,1933,1935,110,110,FWD,13,65,1,IDLE,0
C3B93D0B,1179841,1180219.400,1180219400,1001,1934,1935,110,110,FWD,13,65,1,IDLE,0
C3B93D0B,1179842,1180220.806,1180220806,1406,1933,1935,110,110,FWD,45,65,1,IDLE,0
C3B93D0B,1179843,1180221.401,1180221401,595,1931,1935,110,110,FWD,13,65,1,IDLE,0
C3B93D0B,1179844,1180222.400,1180222400,999,1934,1935,110,110,FWD,13,65,1,IDLE,0
C3B93D0B,1179845,1180223.400,1180223400,1000,1935,1935,110,110,FWD,13,65,1,IDLE,0
C3B93D0B,1179846,1180224.399,1180224399,999,1933,1935,110,110,FWD,13,65,1,IDLE,0
C3B93D0B,1179847,1180225.400,1180225400,1001,1934,1935,110,110,FWD,13,65,1,IDLE,0
C3B93D0B,1179848,1180226.399,1180226399,999,1934,1935,110,110,FWD,13,65,1,IDLE,0
C3B93D0B,1179849,1180227.400,1180227400,1001,1931,1935,110,110,FWD,13,65,1,IDLE,0
C3B93D0B,1179850,1180228.399,1180228399,999,1934,1935,110,110,FWD,13,65,1,IDLE,0
C3B93D0B,1179851,1180229.400,1180229400,1001,1933,1935,110,110,FWD,13,65,1,IDLE,0
C3B93D0B,1179852,1180230.399,1180230399,999,1934,1935,110,110,FWD,13,65,1,IDLE,0
C3B93D0B,1179853,1180231.401,1180231401,1002,1933,1935,110,110,FWD,13,65,1,IDLE,0
C3B93D0B,1179854,1180232.399,1180232399,998,1934,1935,110,110,FWD,13,65,1,IDLE,0
C3B93D0B,1179855,1180233.400,1180233400,1001,1933,1935,110,110,FWD,13,65,1,IDLE,0
C3B93D0B,1179856,1180234.399,1180234399,999,1932,1935,110,110,FWD,13,65,1,IDLE,0
C3B93D0B,1179857,1180235.400,1180235400,1001,1935,1935,110,110,FWD,13,65,1,IDLE,0
C3B93D0B,1179858,1180236.399,1180236399,999,1934,1935,110,110,FWD,13,65,1,IDLE,0
C3B93D0B,1179859,1180237.400,1180237400,1001,1935,1935,110,110,FWD,13,65,1,IDLE,0
C3B93D0B,1179860,1180238.399,1180238399,999,1932,1935,110,110,FWD,13,65,1,IDLE,0
C3B93D0B,1179861,1180239.400,1180239400,1001,1931,1935,110,110,FWD,13,65,1,IDLE,0
C3B93D0B,1179862,1180240.399,1180240399,999,1931,1935,110,110,FWD,13,65,1,IDLE,0
C3B93D0B,1179863,1180241.401,1180241401,1002,1931,1935,110,110,FWD,13,65,1,IDLE,0
C3B93D0B,1179864,1180242.399,1180242399,998,1934,1935,110,110,FWD,13,65,1,IDLE,0
C3B93D0B,1179865,1180243.400,1180243400,1001,1931,1935,110,110,FWD,13,65,1,IDLE,0
C3B93D0B,1179866,1180244.399,1180244399,999,1932,1935,110,110,FWD,13,65,1,IDLE,0
C3B93D0B,1179867,1180245.400,1180245400,1001,1934,1935,110,110,FWD,13,65,1,IDLE,0
C3B93D0B,1179868,1180246.399,1180246399,999,1933,1935,110,110,FWD,13,65,1,IDLE,0
C3B93D0B,1179869,1180247.400,1180247400,1001,1933,1935,110,110,FWD,13,65,1,IDLE,0
C3B93D0B,1179870,1180248.399,1180248399,999,1933,1935,110,110,FWD,13,65,1,IDLE,0
C3B93D0B,1179871,1180249.400,1180249400,1001,1931,1935,110,110,FWD,13,65,1,IDLE,0
C3B93D0B,1179872,1180250.399,1180250399,999,1934,1935,110,110,FWD,13,65,1,IDLE,0
C3B93D0B,1179873,1180251.401,1180251401,1002,1931,1935,110,110,FWD,13,65,1,IDLE,0
C3B93D0B,1179874,1180252.399,1180252399,998,1931,1935,110,110,FWD,13,65,1,IDLE,0
C3B93D0B,1179875,1180253.400,1180253400,1001,1934,1935,110,110,FWD,13,65,1,IDLE,0
C3B93D0B,1179876,1180254.399,1180254399,999,1933,1935,110,110,FWD,13,65,1,IDLE,0
C3B93D0B,1179877,1180255.400,1180255400,1001,1934,1935,110,110,FWD,13,65,1,IDLE,0
C3B93D0B,1179878,1180256.399,1180256399,999,1934,1935,110,110,FWD,13,65,1,IDLE,0
C3B93D0B,1179879,1180257.400,1180257400,1001,1934,1935,110,110,FWD,13,65,1,IDLE,0
C3B93D0B,1179880,1180258.399,1180258399,999,1935,1935,110,110,FWD,13,65,1,IDLE,0
C3B93D0B,1179881,1180259.400,1180259400,1001,1934,1935,110,110,FWD,13,65,1,IDLE,0
C3B93D0B,1179882,1180260.399,1180260399,999,1934,1935,110,110,FWD,13,65,1,IDLE,0
C3B93D0B,1179883,1180261.401,1180261401,1002,1932,1935,110,110,FWD,13,65,1,IDLE,0
C3B93D0B,1179884,1180262.399,1180262399,998,1933,1935,110,110,FWD,13,65,1,IDLE,0
C3B93D0B,1179885,1180263.400,1180263400,1001,1934,1935,110,110,FWD,13,65,1,IDLE,0
C3B93D0B,1179886,1180264.399,1180264399,999,1933,1935,110,110,FWD,13,65,1,IDLE,0
C3B93D0B,1179887,1180265.400,1180265400,1001,1933,1935,110,110,FWD,13,65,1,IDLE,0
C3B93D0B,1179888,1180266.399,1180266399,999,1934,1935,110,110,FWD,13,65,1,IDLE,0
C3B93D0B,1179889,1180267.695,1180267695,1296,1931,1935,110,110,FWD,45,65,1,IDLE,0
C3B93D0B,1179890,1180268.399,1180268399,704,1934,1935,110,110,FWD,13,65,1,IDLE,0
C3B93D0B,1179891,1180269.400,1180269400,1001,1934,1935,110,110,FWD,13,65,1,IDLE,0
C3B93D0B,1179892,1180270.676,1180270676,1276,1934,1935,110,110,FWD,45,65,1,IDLE,0
C3B93D0B,1179893,1180271.401,1180271401,725,1934,1935,110,110,FWD,13,65,1,IDLE,0
C3B93D0B,1179894,1180272.399,1180272399,998,1933,1935,110,110,FWD,13,65,1,IDLE,0
C3B93D0B,1179895,1180273.613,1180273613,1214,1930,1935,110,110,FWD,13,65,1,IDLE,0
C3B93D0B,1179896,1180274.399,1180274399,786,1932,1935,110,110,FWD,13,65,1,IDLE,0
C3B93D0B,1179897,1180275.400,1180275400,1001,1934,1935,110,110,FWD,13,65,1,IDLE,0
C3B93D0B,1179898,1180276.399,1180276399,999,1932,1935,110,110,FWD,13,65,1,IDLE,0
C3B93D0B,1179899,1180277.400,1180277400,1001,1931,1935,110,110,FWD,13,65,1,IDLE,0
C3B93D0B,1179900,1180278.674,1180278674,1274,1942,1935,110,110,FWD,45,65,1,IDLE,0
C3B93D0B,1179901,1180279.400,1180279400,726,1943,1935,110,110,FWD,13,65,1,IDLE,0
C3B93D0B,1179902,1180280.399,1180280399,999,1943,1935,110,110,FWD,13,65,1,IDLE,0
C3B93D0B,1179903,1180281.401,1180281401,1002,1942,1935,110,110,FWD,13,65,1,IDLE,0
C3B93D0B,1179904,1180283.464,1180283464,2063,1931,1935,110,110,FWD,45,65,1,IDLE,0
C3B93D0B,1179905,1180284.028,1180284028,564,1929,1935,110,110,FWD,13,65,1,IDLE,0
C3B93D0B,1179906,1180284.401,1180284401,373,1932,1935,110,110,FWD,13,65,1,IDLE,0
C3B93D0B,1179907,1180285.401,1180285401,1000,1931,1935,110,110,FWD,13,65,1,IDLE,0
C3B93D0B,1179908,1180286.401,1180286401,1000,1931,1935,110,110,FWD,13,65,1,IDLE,0
C3B93D0B,1179909,1180287.399,1180287399,998,1932,1935,110,110,FWD,13,65,1,IDLE,0
C3B93D0B,1179910,1180288.400,1180288400,1001,1931,1935,110,110,FWD,13,65,1,IDLE,0
C3B93D0B,1179911,1180289.399,1180289399,999,1934,1935,110,110,FWD,13,65,1,IDLE,0
C3B93D0B,1179912,1180290.400,1180290400,1001,1932,1935,110,110,FWD,13,65,1,IDLE,0
C3B93D0B,1179913,1180291.399,1180291399,999,1933,1935,110,110,FWD,13,65,1,IDLE,0
C3B93D0B,1179914,1180292.400,1180292400,1001,1932,1935,110,110,FWD,13,65,1,IDLE,0
C3B93D0B,1179915,1180293.399,1180293399,999,1933,1935,110,110,FWD,13,65,1,IDLE,0
C3B93D0B,1179916,1180295.498,1180295498,2099,1926,1935,110,110,FWD,45,65,1,IDLE,0
C3B93D0B,1179917,1180296.003,1180296003,505,1933,1935,110,110,FWD,13,65,1,IDLE,0
C3B93D0B,1179918,1180296.401,1180296401,398,1933,1935,110,110,FWD,13,65,1,IDLE,0
C3B93D0B,1179919,1180297.399,1180297399,998,1933,1935,110,110,FWD,13,65,1,IDLE,0
C3B93D0B,1179920,1180298.400,1180298400,1001,1935,1935,110,110,FWD,13,65,1,IDLE,0
C3B93D0B,1179921,1180299.530,1180299530,1130,1935,1935,110,110,FWD,13,65,1,IDLE,0
C3B93D0B,1179922,1180300.400,1180300400,870,1934,1935,110,110,FWD,13,65,1,IDLE,0
C3B93D0B,1179923,1180301.399,1180301399,999,1933,1935,110,110,FWD,13,65,1,IDLE,0
C3B93D0B,1179924,1180302.400,1180302400,1001,1934,1935,110,110,FWD,13,65,1,IDLE,0
C3B93D0B,1179925,1180303.399,1180303399,999,1936,1935,110,110,FWD,13,65,1,IDLE,0
C3B93D0B,1179926,1180304.400,1180304400,1001,1933,1935,110,110,FWD,13,65,1,IDLE,0
C3B93D0B,1179927,1180305.399,1180305399,999,1934,1935,110,110,FWD,13,65,1,IDLE,0
C3B93D0B,1179928,1180306.401,1180306401,1002,1935,1935,110,110,FWD,13,65,1,IDLE,0
C3B93D0B,1179929,1180307.399,1180307399,998,1935,1935,110,110,FWD,13,65,1,IDLE,0
C3B93D0B,1179930,1180308.400,1180308400,1001,1931,1935,110,110,FWD,13,65,1,IDLE,0
C3B93D0B,1179931,1180309.399,1180309399,999,1933,1935,110,110,FWD,13,65,1,IDLE,0
C3B93D0B,1179932,1180310.400,1180310400,1001,1934,1935,110,110,FWD,13,65,1,IDLE,0
C3B93D0B,1179933,1180311.399,1180311399,999,1934,1935,110,110,FWD,13,65,1,IDLE,0
