source_session,sample_seq,t_ms,t_us,dt_us,raw,baseline,pwm_actual,pwm_commanded,direction,flags,nav_mm,nav_direction,station_phase,gap_before
C3B93D0B,31704,32082.400,32082400,1001,1932,1932,36,90,FWD,9,50,1,IDLE,0
C3B93D0B,31705,32083.400,32083400,1000,1934,1932,36,90,FWD,9,50,1,IDLE,0
C3B93D0B,31706,32085.950,32085950,2550,1930,1932,36,90,FWD,41,50,1,IDLE,0
C3B93D0B,31707,32086.639,32086639,689,1935,1932,36,90,FWD,9,50,1,IDLE,0
C3B93D0B,31708,32086.892,32086892,253,1934,1932,36,90,FWD,9,50,1,IDLE,0
C3B93D0B,31709,32087.399,32087399,507,1931,1932,36,90,FWD,9,50,1,IDLE,0
C3B93D0B,31710,32088.400,32088400,1001,1931,1932,36,90,FWD,9,50,1,IDLE,0
C3B93D0B,31711,32089.399,32089399,999,1934,1932,36,90,FWD,9,50,1,IDLE,0
C3B93D0B,31712,32090.400,32090400,1001,1931,1932,36,90,FWD,9,50,1,IDLE,0
C3B93D0B,31713,32091.399,32091399,999,1932,1932,36,90,FWD,9,50,1,IDLE,0
C3B93D0B,31714,32092.400,32092400,1001,1933,1932,36,90,FWD,9,50,1,IDLE,0
C3B93D0B,31715,32093.399,32093399,999,1935,1932,36,90,FWD,9,50,1,IDLE,0
C3B93D0B,31716,32094.401,32094401,1002,1931,1932,36,90,FWD,9,50,1,IDLE,0
C3B93D0B,31717,32095.399,32095399,998,1929,1932,36,90,FWD,9,50,1,IDLE,0
C3B93D0B,31718,32096.400,32096400,1001,1933,1932,36,90,FWD,9,50,1,IDLE,0
C3B93D0B,31719,32097.399,32097399,999,1931,1932,36,90,FWD,9,50,1,IDLE,0
C3B93D0B,31720,32098.400,32098400,1001,1933,1932,36,90,FWD,9,50,1,IDLE,0
C3B93D0B,31721,32099.399,32099399,999,1931,1932,36,90,FWD,9,50,1,IDLE,0
C3B93D0B,31722,32100.400,32100400,1001,1933,1932,36,90,FWD,9,50,1,IDLE,0
C3B93D0B,31723,32101.399,32101399,999,1933,1932,36,90,FWD,9,50,1,IDLE,0
C3B93D0B,31724,32102.400,32102400,1001,1934,1932,36,90,FWD,9,50,1,IDLE,0
C3B93D0B,31725,32103.399,32103399,999,1933,1932,36,90,FWD,9,50,1,IDLE,0
C3B93D0B,31726,32104.401,32104401,1002,1933,1932,36,90,FWD,9,50,1,IDLE,0
C3B93D0B,31727,32105.399,32105399,998,1928,1932,36,90,FWD,9,50,1,IDLE,0
C3B93D0B,31728,32106.400,32106400,1001,1933,1932,36,90,FWD,9,50,1,IDLE,0
C3B93D0B,31729,32107.399,32107399,999,1931,1932,36,90,FWD,9,50,1,IDLE,0
C3B93D0B,31730,32108.400,32108400,1001,1933,1932,36,90,FWD,9,50,1,IDLE,0
C3B93D0B,31731,32109.399,32109399,999,1931,1932,36,90,FWD,9,50,1,IDLE,0
C3B93D0B,31732,32110.400,32110400,1001,1932,1932,36,90,FWD,9,50,1,IDLE,0
C3B93D0B,31733,32111.399,32111399,999,1931,1932,36,90,FWD,9,50,1,IDLE,0
C3B93D0B,31734,32112.400,32112400,1001,1933,1932,36,90,FWD,9,50,1,IDLE,0
C3B93D0B,31735,32113.399,32113399,999,1933,1932,36,90,FWD,9,50,1,IDLE,0
C3B93D0B,31736,32114.401,32114401,1002,1931,1932,36,90,FWD,9,50,1,IDLE,0
C3B93D0B,31737,32115.399,32115399,998,1934,1932,36,90,FWD,9,50,1,IDLE,0
C3B93D0B,31738,32116.400,32116400,1001,1932,1932,36,90,FWD,9,50,1,IDLE,0
C3B93D0B,31739,32117.399,32117399,999,1931,1932,36,90,FWD,9,50,1,IDLE,0
C3B93D0B,31740,32118.400,32118400,1001,1931,1932,36,90,FWD,9,50,1,IDLE,0
C3B93D0B,31741,32119.399,32119399,999,1930,1932,36,90,FWD,9,50,1,IDLE,0
C3B93D0B,31742,32120.400,32120400,1001,1933,1932,36,90,FWD,9,50,1,IDLE,0
C3B93D0B,31743,32121.399,32121399,999,1934,1932,36,90,FWD,9,50,1,IDLE,0
C3B93D0B,31744,32122.400,32122400,1001,1934,1932,36,90,FWD,9,50,1,IDLE,0
C3B93D0B,31745,32123.399,32123399,999,1932,1932,36,90,FWD,9,50,1,IDLE,0
C3B93D0B,31746,32124.401,32124401,1002,1933,1932,36,90,FWD,9,50,1,IDLE,0
C3B93D0B,31747,32125.399,32125399,998,1931,1932,36,90,FWD,9,50,1,IDLE,0
C3B93D0B,31748,32126.400,32126400,1001,1933,1932,36,90,FWD,9,50,1,IDLE,0
C3B93D0B,31749,32127.399,32127399,999,1931,1932,36,90,FWD,9,50,1,IDLE,0
C3B93D0B,31750,32128.400,32128400,1001,1931,1932,36,90,FWD,9,50,1,IDLE,0
C3B93D0B,31751,32129.399,32129399,999,1933,1932,36,90,FWD,9,50,1,IDLE,0
C3B93D0B,31752,32130.400,32130400,1001,1932,1932,36,90,FWD,9,50,1,IDLE,0
C3B93D0B,31753,32131.399,32131399,999,1933,1932,36,90,FWD,9,50,1,IDLE,0
C3B93D0B,31754,32132.400,32132400,1001,1931,1932,36,90,FWD,9,50,1,IDLE,0
C3B93D0B,31755,32133.399,32133399,999,1933,1932,36,90,FWD,9,50,1,IDLE,0
C3B93D0B,31756,32134.401,32134401,1002,1933,1932,36,90,FWD,9,50,1,IDLE,0
C3B93D0B,31757,32135.399,32135399,998,1933,1932,36,90,FWD,9,50,1,IDLE,0
C3B93D0B,31758,32136.400,32136400,1001,1931,1932,36,90,FWD,9,50,1,IDLE,0
C3B93D0B,31759,32137.399,32137399,999,1931,1932,36,90,FWD,9,50,1,IDLE,0
C3B93D0B,31760,32138.400,32138400,1001,1933,1932,36,90,FWD,9,50,1,IDLE,0
C3B93D0B,31761,32139.399,32139399,999,1933,1932,36,90,FWD,9,50,1,IDLE,0
C3B93D0B,31762,32140.400,32140400,1001,1931,1932,36,90,FWD,9,50,1,IDLE,0
C3B93D0B,31763,32141.399,32141399,999,1931,1932,36,90,FWD,9,50,1,IDLE,0
C3B93D0B,31764,32142.591,32142591,1192,1941,1932,36,90,FWD,9,50,1,IDLE,0
C3B93D0B,31765,32143.399,32143399,808,1942,1932,36,90,FWD,9,50,1,IDLE,0
C3B93D0B,31766,32144.401,32144401,1002,1941,1932,36,90,FWD,9,50,1,IDLE,0
C3B93D0B,31767,32145.400,32145400,999,1942,1932,36,90,FWD,9,50,1,IDLE,0
C3B93D0B,31768,32146.400,32146400,1000,1941,1932,37,90,FWD,9,50,1,IDLE,0
C3B93D0B,31769,32147.399,32147399,999,1942,1932,37,90,FWD,9,50,1,IDLE,0
C3B93D0B,31770,32148.400,32148400,1001,1939,1932,37,90,FWD,9,50,1,IDLE,0
C3B93D0B,31771,32149.399,32149399,999,1941,1932,37,90,FWD,9,50,1,IDLE,0
C3B93D0B,31772,32150.400,32150400,1001,1941,1932,37,90,FWD,9,50,1,IDLE,0
C3B93D0B,31773,32151.399,32151399,999,1939,1932,37,90,FWD,9,50,1,IDLE,0
C3B93D0B,31774,32152.400,32152400,1001,1940,1932,37,90,FWD,9,50,1,IDLE,0
C3B93D0B,31775,32153.399,32153399,999,1939,1932,37,90,FWD,9,50,1,IDLE,0
C3B93D0B,31776,32154.401,32154401,1002,1939,1932,37,90,FWD,9,50,1,IDLE,0
C3B93D0B,31777,32155.399,32155399,998,1939,1932,37,90,FWD,9,50,1,IDLE,0
C3B93D0B,31778,32156.400,32156400,1001,1938,1932,37,90,FWD,9,50,1,IDLE,0
C3B93D0B,31779,32157.399,32157399,999,1938,1932,37,90,FWD,9,50,1,IDLE,0
C3B93D0B,31780,32158.400,32158400,1001,1941,1932,37,90,FWD,9,50,1,IDLE,0
C3B93D0B,31781,32159.399,32159399,999,1938,1932,37,90,FWD,9,50,1,IDLE,0
C3B93D0B,31782,32160.400,32160400,1001,1937,1932,37,90,FWD,9,50,1,IDLE,0
C3B93D0B,31783,32161.399,32161399,999,1940,1932,37,90,FWD,9,50,1,IDLE,0
C3B93D0B,31784,32162.400,32162400,1001,1939,1932,37,90,FWD,9,50,1,IDLE,0
C3B93D0B,31785,32163.399,32163399,999,1939,1932,37,90,FWD,9,50,1,IDLE,0
C3B93D0B,31786,32164.401,32164401,1002,1941,1932,37,90,FWD,9,50,1,IDLE,0
C3B93D0B,31787,32165.399,32165399,998,1939,1932,37,90,FWD,9,50,1,IDLE,0
C3B93D0B,31788,32166.400,32166400,1001,1940,1932,37,90,FWD,9,50,1,IDLE,0
C3B93D0B,31789,32167.399,32167399,999,1938,1932,37,90,FWD,9,50,1,IDLE,0
C3B93D0B,31790,32168.400,32168400,1001,1939,1932,37,90,FWD,9,50,1,IDLE,0
C3B93D0B,31791,32169.399,32169399,999,1938,1932,37,90,FWD,9,50,1,IDLE,0
C3B93D0B,31792,32170.400,32170400,1001,1939,1932,37,90,FWD,9,50,1,IDLE,0
C3B93D0B,31793,32171.399,32171399,999,1939,1932,37,90,FWD,9,50,1,IDLE,0
C3B93D0B,31794,32172.400,32172400,1001,1939,1932,37,90,FWD,9,50,1,IDLE,0
C3B93D0B,31795,32173.399,32173399,999,1938,1932,37,90,FWD,9,50,1,IDLE,0
C3B93D0B,31796,32174.401,32174401,1002,1939,1932,37,90,FWD,9,50,1,IDLE,0
C3B93D0B,31797,32175.400,32175400,999,1940,1932,37,90,FWD,9,50,1,IDLE,0
C3B93D0B,31798,32176.400,32176400,1000,1938,1932,37,90,FWD,9,50,1,IDLE,0
C3B93D0B,31799,32177.399,32177399,999,1941,1932,37,90,FWD,9,50,1,IDLE,0
C3B93D0B,31800,32178.400,32178400,1001,1938,1932,37,90,FWD,9,50,1,IDLE,0
C3B93D0B,31801,32179.399,32179399,999,1938,1932,37,90,FWD,9,50,1,IDLE,0
C3B93D0B,31802,32180.400,32180400,1001,1938,1932,37,90,FWD,9,50,1,IDLE,0
C3B93D0B,31803,32181.442,32181442,1042,1932,1932,37,90,FWD,9,50,1,IDLE,0
C3B93D0B,31804,32182.400,32182400,958,1928,1932,37,90,FWD,9,50,1,IDLE,0
C3B93D0B,31805,32183.399,32183399,999,1931,1932,37,90,FWD,9,50,1,IDLE,0
C3B93D0B,31806,32184.401,32184401,1002,1932,1932,37,90,FWD,9,50,1,IDLE,0
C3B93D0B,31807,32185.756,32185756,1355,1931,1932,37,90,FWD,41,50,1,IDLE,0
C3B93D0B,31808,32186.781,32186781,1025,1927,1932,37,90,FWD,9,50,1,IDLE,0
C3B93D0B,31809,32188.124,32188124,1343,1930,1932,37,90,FWD,41,50,1,IDLE,0
C3B93D0B,31810,32188.410,32188410,286,1932,1932,37,90,FWD,9,50,1,IDLE,0
C3B93D0B,31811,32189.400,32189400,990,1929,1932,37,90,FWD,9,50,1,IDLE,0
C3B93D0B,31812,32190.399,32190399,999,1933,1932,37,90,FWD,9,50,1,IDLE,0
C3B93D0B,31813,32191.633,32191633,1234,1927,1932,37,90,FWD,9,50,1,IDLE,0
C3B93D0B,31814,32192.399,32192399,766,1932,1932,37,90,FWD,9,50,1,IDLE,0
C3B93D0B,31815,32193.400,32193400,1001,1931,1932,37,90,FWD,9,50,1,IDLE,0
C3B93D0B,31816,32194.400,32194400,1000,1933,1932,37,90,FWD,9,50,1,IDLE,0
C3B93D0B,31817,32195.400,32195400,1000,1930,1932,37,90,FWD,9,50,1,IDLE,0
C3B93D0B,31818,32196.399,32196399,999,1935,1932,37,90,FWD,9,50,1,IDLE,0
C3B93D0B,31819,32197.400,32197400,1001,1931,1932,37,90,FWD,9,50,1,IDLE,0
C3B93D0B,31820,32198.399,32198399,999,1933,1932,37,90,FWD,9,50,1,IDLE,0
C3B93D0B,31821,32199.400,32199400,1001,1933,1932,37,90,FWD,9,50,1,IDLE,0
C3B93D0B,31822,32200.399,32200399,999,1932,1932,37,90,FWD,9,50,1,IDLE,0
C3B93D0B,31823,32201.400,32201400,1001,1933,1932,37,90,FWD,9,50,1,IDLE,0
C3B93D0B,31824,32202.399,32202399,999,1933,1932,37,90,FWD,9,50,1,IDLE,0
C3B93D0B,31825,32203.400,32203400,1001,1934,1932,37,90,FWD,9,50,1,IDLE,0
C3B93D0B,31826,32204.400,32204400,1000,1930,1932,37,90,FWD,9,50,1,IDLE,0
C3B93D0B,31827,32205.400,32205400,1000,1931,1932,37,90,FWD,9,50,1,IDLE,0
C3B93D0B,31828,32206.399,32206399,999,1932,1932,37,90,FWD,9,50,1,IDLE,0
C3B93D0B,31829,32207.400,32207400,1001,1933,1932,37,90,FWD,9,50,1,IDLE,0
C3B93D0B,31830,32208.399,32208399,999,1931,1932,37,90,FWD,9,50,1,IDLE,0
C3B93D0B,31831,32209.400,32209400,1001,1931,1932,37,90,FWD,9,50,1,IDLE,0
C3B93D0B,31832,32210.399,32210399,999,1934,1932,37,90,FWD,9,50,1,IDLE,0
C3B93D0B,31833,32211.400,32211400,1001,1931,1932,37,90,FWD,9,50,1,IDLE,0
C3B93D0B,31834,32212.399,32212399,999,1934,1932,37,90,FWD,9,50,1,IDLE,0
C3B93D0B,31835,32213.400,32213400,1001,1931,1932,37,90,FWD,9,50,1,IDLE,0
C3B93D0B,31836,32214.400,32214400,1000,1932,1932,37,90,FWD,9,50,1,IDLE,0
C3B93D0B,31837,32215.400,32215400,1000,1930,1932,37,90,FWD,9,50,1,IDLE,0
C3B93D0B,31838,32216.399,32216399,999,1932,1932,37,90,FWD,9,50,1,IDLE,0
C3B93D0B,31839,32217.400,32217400,1001,1931,1932,37,90,FWD,9,50,1,IDLE,0
C3B93D0B,31840,32218.399,32218399,999,1933,1932,37,90,FWD,9,50,1,IDLE,0
C3B93D0B,31841,32219.400,32219400,1001,1929,1932,37,90,FWD,9,50,1,IDLE,0
C3B93D0B,31842,32220.399,32220399,999,1929,1932,37,90,FWD,9,50,1,IDLE,0
C3B93D0B,31843,32221.400,32221400,1001,1926,1932,37,90,FWD,9,50,1,IDLE,0
C3B93D0B,31844,32222.399,32222399,999,1933,1932,37,90,FWD,9,50,1,IDLE,0
C3B93D0B,31845,32223.400,32223400,1001,1933,1932,37,90,FWD,9,50,1,IDLE,0
C3B93D0B,31846,32224.400,32224400,1000,1933,1932,37,90,FWD,9,50,1,IDLE,0
C3B93D0B,31847,32225.400,32225400,1000,1933,1932,37,90,FWD,9,50,1,IDLE,0
C3B93D0B,31848,32226.399,32226399,999,1934,1932,37,90,FWD,9,50,1,IDLE,0
C3B93D0B,31849,32227.400,32227400,1001,1931,1932,37,90,FWD,9,50,1,IDLE,0
C3B93D0B,31850,32228.399,32228399,999,1933,1932,37,90,FWD,9,50,1,IDLE,0
C3B93D0B,31851,32229.400,32229400,1001,1933,1932,37,90,FWD,9,50,1,IDLE,0
C3B93D0B,31852,32230.399,32230399,999,1932,1932,37,90,FWD,9,50,1,IDLE,0
C3B93D0B,31853,32231.400,32231400,1001,1931,1932,37,90,FWD,9,50,1,IDLE,0
C3B93D0B,31854,32232.399,32232399,999,1933,1932,37,90,FWD,9,50,1,IDLE,0
C3B93D0B,31855,32233.400,32233400,1001,1933,1932,37,90,FWD,9,50,1,IDLE,0
C3B93D0B,31856,32234.400,32234400,1000,1931,1932,37,90,FWD,9,50,1,IDLE,0
C3B93D0B,31857,32235.400,32235400,1000,1934,1932,37,90,FWD,9,50,1,IDLE,0
C3B93D0B,31858,32236.399,32236399,999,1931,1932,37,90,FWD,9,50,1,IDLE,0
C3B93D0B,31859,32237.400,32237400,1001,1934,1932,37,90,FWD,9,50,1,IDLE,0
C3B93D0B,31860,32238.399,32238399,999,1933,1932,37,90,FWD,9,50,1,IDLE,0
C3B93D0B,31861,32239.400,32239400,1001,1934,1932,37,90,FWD,9,50,1,IDLE,0
C3B93D0B,31862,32240.399,32240399,999,1932,1932,37,90,FWD,9,50,1,IDLE,0
C3B93D0B,31863,32241.400,32241400,1001,1931,1932,37,90,FWD,9,50,1,IDLE,0
C3B93D0B,31864,32242.502,32242502,1102,1931,1932,37,90,FWD,9,50,1,IDLE,0
C3B93D0B,31865,32243.400,32243400,898,1931,1932,37,90,FWD,9,50,1,IDLE,0
C3B93D0B,31866,32244.400,32244400,1000,1932,1932,37,90,FWD,9,50,1,IDLE,0
C3B93D0B,31867,32245.400,32245400,1000,1930,1932,37,90,FWD,9,50,1,IDLE,0
C3B93D0B,31868,32246.399,32246399,999,1932,1932,37,90,FWD,9,50,1,IDLE,0
C3B93D0B,31869,32247.400,32247400,1001,1931,1932,37,90,FWD,9,50,1,IDLE,0
C3B93D0B,31870,32248.401,32248401,1001,1940,1932,37,90,FWD,9,50,1,IDLE,0
C3B93D0B,31871,32249.400,32249400,999,1942,1932,37,90,FWD,9,50,1,IDLE,0
C3B93D0B,31872,32250.399,32250399,999,1942,1932,37,90,FWD,9,50,1,IDLE,0
C3B93D0B,31873,32251.400,32251400,1001,1941,1932,37,90,FWD,9,50,1,IDLE,0
C3B93D0B,31874,32252.399,32252399,999,1939,1932,37,90,FWD,9,50,1,IDLE,0
C3B93D0B,31875,32253.400,32253400,1001,1940,1932,37,90,FWD,9,50,1,IDLE,0
C3B93D0B,31876,32254.400,32254400,1000,1938,1932,37,90,FWD,9,50,1,IDLE,0
C3B93D0B,31877,32255.400,32255400,1000,1942,1932,37,90,FWD,9,50,1,IDLE,0
C3B93D0B,31878,32256.399,32256399,999,1939,1932,37,90,FWD,9,50,1,IDLE,0
C3B93D0B,31879,32257.400,32257400,1001,1939,1932,37,90,FWD,9,50,1,IDLE,0
C3B93D0B,31880,32258.399,32258399,999,1939,1932,37,90,FWD,9,50,1,IDLE,0
C3B93D0B,31881,32259.400,32259400,1001,1938,1932,37,90,FWD,9,50,1,IDLE,0
C3B93D0B,31882,32260.399,32260399,999,1939,1932,37,90,FWD,9,50,1,IDLE,0
C3B93D0B,31883,32261.400,32261400,1001,1940,1932,37,90,FWD,9,50,1,IDLE,0
C3B93D0B,31884,32262.399,32262399,999,1941,1932,37,90,FWD,9,50,1,IDLE,0
C3B93D0B,31885,32263.400,32263400,1001,1937,1932,37,90,FWD,9,50,1,IDLE,0
C3B93D0B,31886,32264.400,32264400,1000,1939,1932,37,90,FWD,9,50,1,IDLE,0
C3B93D0B,31887,32265.400,32265400,1000,1939,1932,37,90,FWD,9,50,1,IDLE,0
C3B93D0B,31888,32266.399,32266399,999,1939,1932,37,90,FWD,9,50,1,IDLE,0
C3B93D0B,31889,32267.400,32267400,1001,1941,1932,37,90,FWD,9,50,1,IDLE,0
C3B93D0B,31890,32268.399,32268399,999,1939,1932,37,90,FWD,9,50,1,IDLE,0
C3B93D0B,31891,32269.400,32269400,1001,1937,1932,37,90,FWD,9,50,1,IDLE,0
C3B93D0B,31892,32270.399,32270399,999,1938,1932,37,90,FWD,9,50,1,IDLE,0
C3B93D0B,31893,32271.400,32271400,1001,1938,1932,37,90,FWD,9,50,1,IDLE,0
C3B93D0B,31894,32272.399,32272399,999,1938,1932,37,90,FWD,9,50,1,IDLE,0
C3B93D0B,31895,32273.400,32273400,1001,1938,1932,37,90,FWD,9,50,1,IDLE,0
C3B93D0B,31896,32274.400,32274400,1000,1937,1932,37,90,FWD,9,50,1,IDLE,0
C3B93D0B,31897,32275.400,32275400,1000,1937,1932,37,90,FWD,9,50,1,IDLE,0
C3B93D0B,31898,32276.399,32276399,999,1939,1932,37,90,FWD,9,50,1,IDLE,0
C3B93D0B,31899,32277.400,32277400,1001,1937,1932,37,90,FWD,9,50,1,IDLE,0
C3B93D0B,31900,32278.399,32278399,999,1938,1932,37,90,FWD,9,50,1,IDLE,0
C3B93D0B,31901,32279.400,32279400,1001,1937,1932,37,90,FWD,9,50,1,IDLE,0
C3B93D0B,31902,32280.399,32280399,999,1939,1932,37,90,FWD,9,50,1,IDLE,0
C3B93D0B,31903,32281.400,32281400,1001,1940,1932,37,90,FWD,9,50,1,IDLE,0
C3B93D0B,31904,32282.399,32282399,999,1938,1932,37,90,FWD,9,50,1,IDLE,0
C3B93D0B,31905,32283.755,32283755,1356,1930,1932,37,90,FWD,41,50,1,IDLE,0
C3B93D0B,31906,32284.399,32284399,644,1929,1932,37,90,FWD,9,50,1,IDLE,0
C3B93D0B,31907,32285.783,32285783,1384,1924,1932,37,90,FWD,41,50,1,IDLE,0
C3B93D0B,31908,32286.399,32286399,616,1929,1932,37,90,FWD,9,50,1,IDLE,0
C3B93D0B,31909,32287.400,32287400,1001,1930,1932,37,90,FWD,9,50,1,IDLE,0
C3B93D0B,31910,32288.815,32288815,1415,1930,1932,37,90,FWD,41,50,1,IDLE,0
C3B93D0B,31911,32289.400,32289400,585,1933,1932,37,90,FWD,9,50,1,IDLE,0
C3B93D0B,31912,32290.597,32290597,1197,1933,1932,37,90,FWD,9,50,1,IDLE,0
C3B93D0B,31913,32291.400,32291400,803,1931,1932,37,90,FWD,9,50,1,IDLE,0
C3B93D0B,31914,32292.836,32292836,1436,1933,1932,37,90,FWD,41,50,1,IDLE,0
C3B93D0B,31915,32293.400,32293400,564,1931,1932,37,90,FWD,9,50,1,IDLE,0
C3B93D0B,31916,32294.400,32294400,1000,1931,1932,37,90,FWD,9,50,1,IDLE,0
C3B93D0B,31917,32295.400,32295400,1000,1934,1932,37,90,FWD,9,50,1,IDLE,0
C3B93D0B,31918,32296.399,32296399,999,1932,1932,37,90,FWD,9,50,1,IDLE,0
C3B93D0B,31919,32297.400,32297400,1001,1931,1932,38,90,FWD,9,50,1,IDLE,0
C3B93D0B,31920,32298.399,32298399,999,1933,1932,38,90,FWD,9,50,1,IDLE,0
C3B93D0B,31921,32299.400,32299400,1001,1931,1932,38,90,FWD,9,50,1,IDLE,0
C3B93D0B,31922,32300.399,32300399,999,1932,1932,38,90,FWD,9,50,1,IDLE,0
C3B93D0B,31923,32301.400,32301400,1001,1931,1932,38,90,FWD,9,50,1,IDLE,0
C3B93D0B,31924,32302.399,32302399,999,1931,1932,38,90,FWD,9,50,1,IDLE,0
C3B93D0B,31925,32303.400,32303400,1001,1932,1932,38,90,FWD,9,50,1,IDLE,0
C3B93D0B,31926,32304.400,32304400,1000,1931,1932,38,90,FWD,9,50,1,IDLE,0
C3B93D0B,31927,32305.400,32305400,1000,1934,1932,38,90,FWD,9,50,1,IDLE,0
C3B93D0B,31928,32306.399,32306399,999,1933,1932,38,90,FWD,9,50,1,IDLE,0
C3B93D0B,31929,32307.400,32307400,1001,1931,1932,38,90,FWD,9,50,1,IDLE,0
C3B93D0B,31930,32308.399,32308399,999,1931,1932,38,90,FWD,9,50,1,IDLE,0
C3B93D0B,31931,32309.400,32309400,1001,1931,1932,38,90,FWD,9,50,1,IDLE,0
C3B93D0B,31932,32310.399,32310399,999,1933,1932,38,90,FWD,9,50,1,IDLE,0
C3B93D0B,31933,32311.400,32311400,1001,1932,1932,38,90,FWD,9,50,1,IDLE,0
C3B93D0B,31934,32312.399,32312399,999,1931,1932,38,90,FWD,9,50,1,IDLE,0
C3B93D0B,31935,32313.400,32313400,1001,1933,1932,38,90,FWD,9,50,1,IDLE,0
C3B93D0B,31936,32314.400,32314400,1000,1934,1932,38,90,FWD,9,50,1,IDLE,0
C3B93D0B,31937,32315.400,32315400,1000,1932,1932,38,90,FWD,9,50,1,IDLE,0
C3B93D0B,31938,32316.399,32316399,999,1932,1932,38,90,FWD,9,50,1,IDLE,0
C3B93D0B,31939,32317.400,32317400,1001,1933,1932,38,90,FWD,9,50,1,IDLE,0
C3B93D0B,31940,32318.399,32318399,999,1933,1932,38,90,FWD,9,50,1,IDLE,0
C3B93D0B,31941,32319.400,32319400,1001,1929,1932,38,90,FWD,9,50,1,IDLE,0
C3B93D0B,31942,32320.399,32320399,999,1931,1932,38,90,FWD,9,50,1,IDLE,0
C3B93D0B,31943,32321.400,32321400,1001,1929,1932,38,90,FWD,9,50,1,IDLE,0
C3B93D0B,31944,32322.399,32322399,999,1933,1932,38,90,FWD,9,50,1,IDLE,0
C3B93D0B,31945,32323.400,32323400,1001,1932,1932,38,90,FWD,9,50,1,IDLE,0
C3B93D0B,31946,32324.400,32324400,1000,1930,1932,38,90,FWD,9,50,1,IDLE,0
C3B93D0B,31947,32325.400,32325400,1000,1932,1932,38,90,FWD,9,50,1,IDLE,0
C3B93D0B,31948,32326.399,32326399,999,1933,1932,38,90,FWD,9,50,1,IDLE,0
C3B93D0B,31949,32327.400,32327400,1001,1931,1932,38,90,FWD,9,50,1,IDLE,0
C3B93D0B,31950,32328.399,32328399,999,1932,1932,38,90,FWD,9,50,1,IDLE,0
C3B93D0B,31951,32329.400,32329400,1001,1931,1932,38,90,FWD,9,50,1,IDLE,0
C3B93D0B,31952,32330.399,32330399,999,1934,1932,38,90,FWD,9,50,1,IDLE,0
C3B93D0B,31953,32331.400,32331400,1001,1932,1932,38,90,FWD,9,50,1,IDLE,0
C3B93D0B,31954,32332.399,32332399,999,1934,1932,38,90,FWD,9,50,1,IDLE,0
C3B93D0B,31955,32333.400,32333400,1001,1933,1932,38,90,FWD,9,50,1,IDLE,0
C3B93D0B,31956,32334.400,32334400,1000,1932,1932,38,90,FWD,9,50,1,IDLE,0
C3B93D0B,31957,32335.400,32335400,1000,1930,1932,38,90,FWD,9,50,1,IDLE,0
C3B93D0B,31958,32336.399,32336399,999,1934,1932,38,90,FWD,9,50,1,IDLE,0
C3B93D0B,31959,32337.400,32337400,1001,1934,1932,38,90,FWD,9,50,1,IDLE,0
C3B93D0B,31960,32338.399,32338399,999,1934,1932,38,90,FWD,9,50,1,IDLE,0
C3B93D0B,31961,32339.400,32339400,1001,1933,1932,38,90,FWD,9,50,1,IDLE,0
C3B93D0B,31962,32340.399,32340399,999,1933,1932,38,90,FWD,9,50,1,IDLE,0
C3B93D0B,31963,32341.400,32341400,1001,1933,1932,38,90,FWD,9,50,1,IDLE,0
C3B93D0B,31964,32342.399,32342399,999,1930,1932,38,90,FWD,9,50,1,IDLE,0
C3B93D0B,31965,32343.457,32343457,1058,1929,1932,38,90,FWD,9,50,1,IDLE,0
C3B93D0B,31966,32344.400,32344400,943,1931,1932,38,90,FWD,9,50,1,IDLE,0
C3B93D0B,31967,32345.400,32345400,1000,1930,1932,38,90,FWD,9,50,1,IDLE,0
C3B93D0B,31968,32346.399,32346399,999,1931,1932,38,90,FWD,9,50,1,IDLE,0
C3B93D0B,31969,32347.400,32347400,1001,1933,1932,38,90,FWD,9,50,1,IDLE,0
C3B93D0B,31970,32348.649,32348649,1249,1940,1932,38,90,FWD,9,50,1,IDLE,0
C3B93D0B,31971,32349.400,32349400,751,1942,1932,38,90,FWD,9,50,1,IDLE,0
C3B93D0B,31972,32350.399,32350399,999,1942,1932,38,90,FWD,9,50,1,IDLE,0
C3B93D0B,31973,32351.400,32351400,1001,1941,1932,38,90,FWD,9,50,1,IDLE,0
C3B93D0B,31974,32352.399,32352399,999,1941,1932,38,90,FWD,9,50,1,IDLE,0
C3B93D0B,31975,32353.400,32353400,1001,1939,1932,38,90,FWD,9,50,1,IDLE,0
C3B93D0B,31976,32354.400,32354400,1000,1941,1932,38,90,FWD,9,50,1,IDLE,0
C3B93D0B,31977,32355.400,32355400,1000,1939,1932,38,90,FWD,9,50,1,IDLE,0
C3B93D0B,31978,32356.399,32356399,999,1941,1932,38,90,FWD,9,50,1,IDLE,0
C3B93D0B,31979,32357.400,32357400,1001,1941,1932,38,90,FWD,9,50,1,IDLE,0
C3B93D0B,31980,32358.399,32358399,999,1942,1932,38,90,FWD,9,50,1,IDLE,0
C3B93D0B,31981,32359.400,32359400,1001,1939,1932,38,90,FWD,9,50,1,IDLE,0
C3B93D0B,31982,32360.399,32360399,999,1941,1932,38,90,FWD,9,50,1,IDLE,0
C3B93D0B,31983,32361.400,32361400,1001,1938,1932,38,90,FWD,9,50,1,IDLE,0
C3B93D0B,31984,32362.399,32362399,999,1939,1932,38,90,FWD,9,50,1,IDLE,0
C3B93D0B,31985,32363.400,32363400,1001,1939,1932,38,90,FWD,9,50,1,IDLE,0
C3B93D0B,31986,32364.400,32364400,1000,1939,1932,38,90,FWD,9,50,1,IDLE,0
C3B93D0B,31987,32365.400,32365400,1000,1938,1932,38,90,FWD,9,50,1,IDLE,0
C3B93D0B,31988,32366.399,32366399,999,1940,1932,38,90,FWD,9,50,1,IDLE,0
C3B93D0B,31989,32367.400,32367400,1001,1940,1932,38,90,FWD,9,50,1,IDLE,0
C3B93D0B,31990,32368.399,32368399,999,1939,1932,38,90,FWD,9,50,1,IDLE,0
C3B93D0B,31991,32369.400,32369400,1001,1937,1932,38,90,FWD,9,50,1,IDLE,0
C3B93D0B,31992,32370.399,32370399,999,1939,1932,38,90,FWD,9,50,1,IDLE,0
C3B93D0B,31993,32371.400,32371400,1001,1939,1932,38,90,FWD,9,50,1,IDLE,0
C3B93D0B,31994,32372.399,32372399,999,1941,1932,38,90,FWD,9,50,1,IDLE,0
C3B93D0B,31995,32373.400,32373400,1001,1941,1932,38,90,FWD,9,50,1,IDLE,0
C3B93D0B,31996,32374.400,32374400,1000,1940,1932,38,90,FWD,9,50,1,IDLE,0
C3B93D0B,31997,32375.400,32375400,1000,1938,1932,38,90,FWD,9,50,1,IDLE,0
C3B93D0B,31998,32376.399,32376399,999,1939,1932,38,90,FWD,9,50,1,IDLE,0
C3B93D0B,31999,32377.400,32377400,1001,1939,1932,38,90,FWD,9,50,1,IDLE,0
C3B93D0B,32000,32378.496,32378496,1096,1938,1932,38,90,FWD,9,50,1,IDLE,0
C3B93D0B,32001,32379.655,32379655,1159,1938,1932,38,90,FWD,9,50,1,IDLE,0
C3B93D0B,32002,32380.399,32380399,744,1939,1932,38,90,FWD,9,50,1,IDLE,0
C3B93D0B,32003,32381.400,32381400,1001,1936,1932,38,90,FWD,9,50,1,IDLE,0
C3B93D0B,32004,32382.399,32382399,999,1938,1932,38,90,FWD,9,50,1,IDLE,0
C3B93D0B,32005,32383.400,32383400,1001,1939,1932,38,90,FWD,9,50,1,IDLE,0
C3B93D0B,32006,32384.400,32384400,1000,1938,1932,38,90,FWD,9,50,1,IDLE,0
C3B93D0B,32007,32386.466,32386466,2066,1927,1932,38,90,FWD,41,50,1,IDLE,0
C3B93D0B,32008,32386.785,32386785,319,1931,1932,38,90,FWD,9,50,1,IDLE,0
C3B93D0B,32009,32387.400,32387400,615,1929,1932,38,90,FWD,9,50,1,IDLE,0
C3B93D0B,32010,32388.399,32388399,999,1931,1932,38,90,FWD,9,50,1,IDLE,0
C3B93D0B,32011,32389.401,32389401,1002,1930,1932,38,90,FWD,9,50,1,IDLE,0
C3B93D0B,32012,32390.399,32390399,998,1929,1932,38,90,FWD,9,50,1,IDLE,0
C3B93D0B,32013,32391.722,32391722,1323,1931,1932,38,90,FWD,41,50,1,IDLE,0
C3B93D0B,32014,32392.399,32392399,677,1933,1932,38,90,FWD,9,50,1,IDLE,0
C3B93D0B,32015,32393.400,32393400,1001,1933,1932,38,90,FWD,9,50,1,IDLE,0
C3B93D0B,32016,32394.400,32394400,1000,1931,1932,38,90,FWD,9,50,1,IDLE,0
C3B93D0B,32017,32395.400,32395400,1000,1935,1932,38,90,FWD,9,50,1,IDLE,0
C3B93D0B,32018,32396.399,32396399,999,1932,1932,38,90,FWD,9,50,1,IDLE,0
C3B93D0B,32019,32397.400,32397400,1001,1930,1932,38,90,FWD,9,50,1,IDLE,0
C3B93D0B,32020,32398.399,32398399,999,1931,1932,38,90,FWD,9,50,1,IDLE,0
C3B93D0B,32021,32399.400,32399400,1001,1934,1932,38,90,FWD,9,50,1,IDLE,0
C3B93D0B,32022,32400.447,32400447,1047,1930,1932,38,90,FWD,9,50,1,IDLE,0
C3B93D0B,32023,32401.400,32401400,953,1930,1932,38,90,FWD,9,50,1,IDLE,0
C3B93D0B,32024,32402.399,32402399,999,1931,1932,38,90,FWD,9,50,1,IDLE,0
C3B93D0B,32025,32403.400,32403400,1001,1931,1932,38,90,FWD,9,50,1,IDLE,0
C3B93D0B,32026,32404.400,32404400,1000,1931,1932,38,90,FWD,9,50,1,IDLE,0
C3B93D0B,32027,32405.400,32405400,1000,1932,1932,38,90,FWD,9,50,1,IDLE,0
C3B93D0B,32028,32406.399,32406399,999,1933,1932,38,90,FWD,9,50,1,IDLE,0
C3B93D0B,32029,32407.400,32407400,1001,1932,1932,38,90,FWD,9,50,1,IDLE,0
C3B93D0B,32030,32408.399,32408399,999,1932,1932,38,90,FWD,9,50,1,IDLE,0
C3B93D0B,32031,32409.400,32409400,1001,1930,1932,38,90,FWD,9,50,1,IDLE,0
C3B93D0B,32032,32410.399,32410399,999,1931,1932,38,90,FWD,9,50,1,IDLE,0
C3B93D0B,32033,32411.400,32411400,1001,1933,1932,38,90,FWD,9,50,1,IDLE,0
C3B93D0B,32034,32412.399,32412399,999,1932,1932,38,90,FWD,9,50,1,IDLE,0
C3B93D0B,32035,32413.400,32413400,1001,1933,1932,38,90,FWD,9,50,1,IDLE,0
C3B93D0B,32036,32414.400,32414400,1000,1931,1932,38,90,FWD,9,50,1,IDLE,0
C3B93D0B,32037,32415.400,32415400,1000,1931,1932,38,90,FWD,9,50,1,IDLE,0
C3B93D0B,32038,32416.399,32416399,999,1931,1932,38,90,FWD,9,50,1,IDLE,0
C3B93D0B,32039,32417.400,32417400,1001,1933,1932,38,90,FWD,9,50,1,IDLE,0
C3B93D0B,32040,32418.399,32418399,999,1933,1932,38,90,FWD,9,50,1,IDLE,0
C3B93D0B,32041,32419.400,32419400,1001,1930,1932,38,90,FWD,9,50,1,IDLE,0
C3B93D0B,32042,32420.399,32420399,999,1932,1932,38,90,FWD,9,50,1,IDLE,0
C3B93D0B,32043,32421.400,32421400,1001,1932,1932,38,90,FWD,9,50,1,IDLE,0
C3B93D0B,32044,32422.399,32422399,999,1931,1932,38,90,FWD,9,50,1,IDLE,0
C3B93D0B,32045,32423.400,32423400,1001,1930,1932,38,90,FWD,9,50,1,IDLE,0
C3B93D0B,32046,32424.400,32424400,1000,1930,1932,38,90,FWD,9,50,1,IDLE,0
C3B93D0B,32047,32425.400,32425400,1000,1931,1932,38,90,FWD,9,50,1,IDLE,0
C3B93D0B,32048,32426.399,32426399,999,1931,1932,38,90,FWD,9,50,1,IDLE,0
C3B93D0B,32049,32427.400,32427400,1001,1931,1932,38,90,FWD,9,50,1,IDLE,0
C3B93D0B,32050,32428.399,32428399,999,1931,1932,38,90,FWD,9,50,1,IDLE,0
C3B93D0B,32051,32429.400,32429400,1001,1931,1932,38,90,FWD,9,50,1,IDLE,0
C3B93D0B,32052,32430.399,32430399,999,1931,1932,38,90,FWD,9,50,1,IDLE,0
C3B93D0B,32053,32431.400,32431400,1001,1933,1932,38,90,FWD,9,50,1,IDLE,0
C3B93D0B,32054,32432.399,32432399,999,1932,1932,38,90,FWD,9,50,1,IDLE,0
C3B93D0B,32055,32433.400,32433400,1001,1931,1932,38,90,FWD,9,50,1,IDLE,0
C3B93D0B,32056,32434.400,32434400,1000,1932,1932,38,90,FWD,9,50,1,IDLE,0
C3B93D0B,32057,32435.400,32435400,1000,1931,1932,38,90,FWD,9,50,1,IDLE,0
C3B93D0B,32058,32436.399,32436399,999,1932,1932,38,90,FWD,9,50,1,IDLE,0
C3B93D0B,32059,32437.400,32437400,1001,1932,1932,38,90,FWD,9,50,1,IDLE,0
C3B93D0B,32060,32438.399,32438399,999,1933,1932,38,90,FWD,9,50,1,IDLE,0
C3B93D0B,32061,32439.400,32439400,1001,1931,1932,38,90,FWD,9,50,1,IDLE,0
C3B93D0B,32062,32440.399,32440399,999,1931,1932,38,90,FWD,9,50,1,IDLE,0
C3B93D0B,32063,32441.400,32441400,1001,1929,1932,38,90,FWD,9,50,1,IDLE,0
C3B93D0B,32064,32442.399,32442399,999,1931,1932,38,90,FWD,9,50,1,IDLE,0
C3B93D0B,32065,32443.400,32443400,1001,1933,1932,38,90,FWD,9,50,1,IDLE,0
C3B93D0B,32066,32444.400,32444400,1000,1934,1932,38,90,FWD,9,50,1,IDLE,0
C3B93D0B,32067,32445.400,32445400,1000,1933,1932,38,90,FWD,9,50,1,IDLE,0
C3B93D0B,32068,32446.399,32446399,999,1931,1932,38,90,FWD,9,50,1,IDLE,0
C3B93D0B,32069,32447.400,32447400,1001,1933,1932,39,90,FWD,9,50,1,IDLE,0
C3B93D0B,32070,32448.399,32448399,999,1935,1932,39,90,FWD,9,50,1,IDLE,0
C3B93D0B,32071,32449.400,32449400,1001,1930,1932,39,90,FWD,9,50,1,IDLE,0
C3B93D0B,32072,32450.709,32450709,1309,1933,1932,39,90,FWD,41,50,1,IDLE,0
C3B93D0B,32073,32451.400,32451400,691,1935,1932,39,90,FWD,9,50,1,IDLE,0
C3B93D0B,32074,32452.399,32452399,999,1934,1932,39,90,FWD,9,50,1,IDLE,0
C3B93D0B,32075,32453.400,32453400,1001,1931,1932,39,90,FWD,9,50,1,IDLE,0
C3B93D0B,32076,32454.400,32454400,1000,1930,1932,39,90,FWD,9,50,1,IDLE,0
C3B93D0B,32077,32455.400,32455400,1000,1933,1932,39,90,FWD,9,50,1,IDLE,0
C3B93D0B,32078,32456.402,32456402,1002,1941,1932,39,90,FWD,9,50,1,IDLE,0
C3B93D0B,32079,32457.400,32457400,998,1939,1932,39,90,FWD,9,50,1,IDLE,0
C3B93D0B,32080,32458.399,32458399,999,1941,1932,39,90,FWD,9,50,1,IDLE,0
C3B93D0B,32081,32459.400,32459400,1001,1941,1932,39,90,FWD,9,50,1,IDLE,0
C3B93D0B,32082,32460.399,32460399,999,1941,1932,39,90,FWD,9,50,1,IDLE,0
C3B93D0B,32083,32461.400,32461400,1001,1941,1932,39,90,FWD,9,50,1,IDLE,0
C3B93D0B,32084,32462.399,32462399,999,1941,1932,39,90,FWD,9,50,1,IDLE,0
C3B93D0B,32085,32463.400,32463400,1001,1940,1932,39,90,FWD,9,50,1,IDLE,0
C3B93D0B,32086,32464.400,32464400,1000,1939,1932,39,90,FWD,9,50,1,IDLE,0
C3B93D0B,32087,32465.400,32465400,1000,1939,1932,39,90,FWD,9,50,1,IDLE,0
C3B93D0B,32088,32466.399,32466399,999,1940,1932,39,90,FWD,9,50,1,IDLE,0
C3B93D0B,32089,32467.400,32467400,1001,1939,1932,39,90,FWD,9,50,1,IDLE,0
C3B93D0B,32090,32468.399,32468399,999,1939,1932,39,90,FWD,9,50,1,IDLE,0
C3B93D0B,32091,32469.400,32469400,1001,1938,1932,39,90,FWD,9,50,1,IDLE,0
C3B93D0B,32092,32470.399,32470399,999,1939,1932,39,90,FWD,9,50,1,IDLE,0
C3B93D0B,32093,32471.400,32471400,1001,1938,1932,39,90,FWD,9,50,1,IDLE,0
C3B93D0B,32094,32472.399,32472399,999,1938,1932,39,90,FWD,9,50,1,IDLE,0
C3B93D0B,32095,32473.400,32473400,1001,1937,1932,39,90,FWD,9,50,1,IDLE,0
C3B93D0B,32096,32474.400,32474400,1000,1937,1932,39,90,FWD,9,50,1,IDLE,0
C3B93D0B,32097,32475.400,32475400,1000,1937,1932,39,90,FWD,9,50,1,IDLE,0
C3B93D0B,32098,32476.399,32476399,999,1940,1932,39,90,FWD,9,50,1,IDLE,0
C3B93D0B,32099,32477.400,32477400,1001,1938,1932,39,90,FWD,9,50,1,IDLE,0
C3B93D0B,32100,32478.399,32478399,999,1937,1932,39,90,FWD,9,50,1,IDLE,0
C3B93D0B,32101,32479.400,32479400,1001,1938,1932,39,90,FWD,9,50,1,IDLE,0
C3B93D0B,32102,32480.399,32480399,999,1939,1932,39,90,FWD,9,50,1,IDLE,0
C3B93D0B,32103,32481.400,32481400,1001,1939,1932,39,90,FWD,9,50,1,IDLE,0
C3B93D0B,32104,32482.399,32482399,999,1938,1932,39,90,FWD,9,50,1,IDLE,0
C3B93D0B,32105,32483.400,32483400,1001,1937,1932,39,90,FWD,9,50,1,IDLE,0
C3B93D0B,32106,32484.400,32484400,1000,1937,1932,39,90,FWD,9,50,1,IDLE,0
C3B93D0B,32107,32486.170,32486170,1770,1929,1932,39,90,FWD,41,50,1,IDLE,0
C3B93D0B,32108,32486.482,32486482,312,1927,1932,39,90,FWD,9,50,1,IDLE,0
C3B93D0B,32109,32487.400,32487400,918,1926,1932,39,90,FWD,9,50,1,IDLE,0
C3B93D0B,32110,32488.399,32488399,999,1929,1932,39,90,FWD,9,50,1,IDLE,0
C3B93D0B,32111,32489.400,32489400,1001,1931,1932,39,90,FWD,9,50,1,IDLE,0
C3B93D0B,32112,32490.399,32490399,999,1931,1932,39,90,FWD,9,50,1,IDLE,0
C3B93D0B,32113,32491.400,32491400,1001,1933,1932,39,90,FWD,9,50,1,IDLE,0
C3B93D0B,32114,32492.399,32492399,999,1932,1932,39,90,FWD,9,50,1,IDLE,0
C3B93D0B,32115,32493.483,32493483,1084,1929,1932,39,90,FWD,9,50,1,IDLE,0
C3B93D0B,32116,32494.400,32494400,917,1930,1932,39,90,FWD,9,50,1,IDLE,0
C3B93D0B,32117,32495.400,32495400,1000,1930,1932,39,90,FWD,9,50,1,IDLE,0
C3B93D0B,32118,32496.399,32496399,999,1931,1932,39,90,FWD,9,50,1,IDLE,0
C3B93D0B,32119,32497.400,32497400,1001,1931,1932,39,90,FWD,9,50,1,IDLE,0
C3B93D0B,32120,32498.399,32498399,999,1933,1932,39,90,FWD,9,50,1,IDLE,0
C3B93D0B,32121,32499.400,32499400,1001,1933,1932,39,90,FWD,9,50,1,IDLE,0
C3B93D0B,32122,32500.399,32500399,999,1931,1932,39,90,FWD,9,50,1,IDLE,0
C3B93D0B,32123,32501.400,32501400,1001,1929,1932,39,90,FWD,9,50,1,IDLE,0
C3B93D0B,32124,32502.399,32502399,999,1930,1932,39,90,FWD,9,50,1,IDLE,0
C3B93D0B,32125,32503.400,32503400,1001,1933,1932,39,90,FWD,9,50,1,IDLE,0
C3B93D0B,32126,32504.400,32504400,1000,1931,1932,39,90,FWD,9,50,1,IDLE,0
C3B93D0B,32127,32505.400,32505400,1000,1932,1932,39,90,FWD,9,50,1,IDLE,0
C3B93D0B,32128,32506.399,32506399,999,1931,1932,39,90,FWD,9,50,1,IDLE,0
C3B93D0B,32129,32507.400,32507400,1001,1930,1932,39,90,FWD,9,50,1,IDLE,0
C3B93D0B,32130,32508.399,32508399,999,1932,1932,39,90,FWD,9,50,1,IDLE,0
C3B93D0B,32131,32509.400,32509400,1001,1932,1932,39,90,FWD,9,50,1,IDLE,0
C3B93D0B,32132,32510.399,32510399,999,1932,1932,39,90,FWD,9,50,1,IDLE,0
C3B93D0B,32133,32511.400,32511400,1001,1930,1932,39,90,FWD,9,50,1,IDLE,0
C3B93D0B,32134,32512.399,32512399,999,1931,1932,39,90,FWD,9,50,1,IDLE,0
C3B93D0B,32135,32513.400,32513400,1001,1933,1932,39,90,FWD,9,50,1,IDLE,0
C3B93D0B,32136,32514.400,32514400,1000,1932,1932,39,90,FWD,9,50,1,IDLE,0
C3B93D0B,32137,32515.400,32515400,1000,1931,1932,39,90,FWD,9,50,1,IDLE,0
C3B93D0B,32138,32516.399,32516399,999,1933,1932,39,90,FWD,9,50,1,IDLE,0
C3B93D0B,32139,32517.400,32517400,1001,1933,1932,39,90,FWD,9,50,1,IDLE,0
C3B93D0B,32140,32518.399,32518399,999,1931,1932,39,90,FWD,9,50,1,IDLE,0
C3B93D0B,32141,32519.400,32519400,1001,1933,1932,39,90,FWD,9,50,1,IDLE,0
C3B93D0B,32142,32520.399,32520399,999,1933,1932,39,90,FWD,9,50,1,IDLE,0
C3B93D0B,32143,32521.400,32521400,1001,1931,1932,39,90,FWD,9,50,1,IDLE,0
C3B93D0B,32144,32522.399,32522399,999,1931,1932,39,90,FWD,9,50,1,IDLE,0
C3B93D0B,32145,32523.400,32523400,1001,1931,1932,39,90,FWD,9,50,1,IDLE,0
C3B93D0B,32146,32524.400,32524400,1000,1931,1932,39,90,FWD,9,50,1,IDLE,0
C3B93D0B,32147,32525.400,32525400,1000,1934,1932,39,90,FWD,9,50,1,IDLE,0
C3B93D0B,32148,32526.399,32526399,999,1933,1932,39,90,FWD,9,50,1,IDLE,0
C3B93D0B,32149,32527.400,32527400,1001,1931,1932,39,90,FWD,9,50,1,IDLE,0
C3B93D0B,32150,32528.399,32528399,999,1930,1932,39,90,FWD,9,50,1,IDLE,0
C3B93D0B,32151,32529.400,32529400,1001,1930,1932,39,90,FWD,9,50,1,IDLE,0
C3B93D0B,32152,32530.399,32530399,999,1931,1932,39,90,FWD,9,50,1,IDLE,0
C3B93D0B,32153,32531.400,32531400,1001,1932,1932,39,90,FWD,9,50,1,IDLE,0
C3B93D0B,32154,32532.399,32532399,999,1931,1932,39,90,FWD,9,50,1,IDLE,0
C3B93D0B,32155,32533.400,32533400,1001,1931,1932,39,90,FWD,9,50,1,IDLE,0
C3B93D0B,32156,32534.400,32534400,1000,1931,1932,39,90,FWD,9,50,1,IDLE,0
C3B93D0B,32157,32535.400,32535400,1000,1933,1932,39,90,FWD,9,50,1,IDLE,0
C3B93D0B,32158,32536.399,32536399,999,1931,1932,39,90,FWD,9,50,1,IDLE,0
C3B93D0B,32159,32537.400,32537400,1001,1931,1932,39,90,FWD,9,50,1,IDLE,0
C3B93D0B,32160,32538.399,32538399,999,1931,1932,39,90,FWD,9,50,1,IDLE,0
C3B93D0B,32161,32539.400,32539400,1001,1930,1932,39,90,FWD,9,50,1,IDLE,0
C3B93D0B,32162,32540.530,32540530,1130,1932,1932,39,90,FWD,9,50,1,IDLE,0
C3B93D0B,32163,32541.400,32541400,870,1929,1932,39,90,FWD,9,50,1,IDLE,0
C3B93D0B,32164,32542.399,32542399,999,1933,1932,39,90,FWD,9,50,1,IDLE,0
C3B93D0B,32165,32543.400,32543400,1001,1927,1932,39,90,FWD,9,50,1,IDLE,0
C3B93D0B,32166,32544.400,32544400,1000,1931,1932,39,90,FWD,9,50,1,IDLE,0
C3B93D0B,32167,32545.400,32545400,1000,1930,1932,39,90,FWD,9,50,1,IDLE,0
C3B93D0B,32168,32546.399,32546399,999,1933,1932,39,90,FWD,9,50,1,IDLE,0
C3B93D0B,32169,32547.400,32547400,1001,1934,1932,39,90,FWD,9,50,1,IDLE,0
C3B93D0B,32170,32548.399,32548399,999,1934,1932,39,90,FWD,9,50,1,IDLE,0
C3B93D0B,32171,32549.400,32549400,1001,1933,1932,39,90,FWD,9,50,1,IDLE,0
C3B93D0B,32172,32550.399,32550399,999,1934,1932,39,90,FWD,9,50,1,IDLE,0
C3B93D0B,32173,32551.400,32551400,1001,1933,1932,39,90,FWD,9,50,1,IDLE,0
C3B93D0B,32174,32552.445,32552445,1045,1933,1932,39,90,FWD,9,50,1,IDLE,0
C3B93D0B,32175,32553.400,32553400,955,1933,1932,39,90,FWD,9,50,1,IDLE,0
C3B93D0B,32176,32554.400,32554400,1000,1930,1932,39,90,FWD,9,50,1,IDLE,0
C3B93D0B,32177,32555.400,32555400,1000,1934,1932,39,90,FWD,9,50,1,IDLE,0
C3B93D0B,32178,32556.399,32556399,999,1931,1932,39,90,FWD,9,50,1,IDLE,0
C3B93D0B,32179,32557.400,32557400,1001,1931,1932,39,90,FWD,9,50,1,IDLE,0
C3B93D0B,32180,32558.402,32558402,1002,1942,1932,39,90,FWD,9,50,1,IDLE,0
C3B93D0B,32181,32559.400,32559400,998,1939,1932,39,90,FWD,9,50,1,IDLE,0
C3B93D0B,32182,32560.399,32560399,999,1939,1932,39,90,FWD,9,50,1,IDLE,0
C3B93D0B,32183,32561.400,32561400,1001,1939,1932,39,90,FWD,9,50,1,IDLE,0
C3B93D0B,32184,32562.399,32562399,999,1940,1932,39,90,FWD,9,50,1,IDLE,0
C3B93D0B,32185,32563.400,32563400,1001,1941,1932,39,90,FWD,9,50,1,IDLE,0
C3B93D0B,32186,32564.400,32564400,1000,1941,1932,39,90,FWD,9,50,1,IDLE,0
C3B93D0B,32187,32565.400,32565400,1000,1940,1932,39,90,FWD,9,50,1,IDLE,0
C3B93D0B,32188,32566.399,32566399,999,1938,1932,39,90,FWD,9,50,1,IDLE,0
C3B93D0B,32189,32567.400,32567400,1001,1937,1932,39,90,FWD,9,50,1,IDLE,0
C3B93D0B,32190,32568.399,32568399,999,1939,1932,39,90,FWD,9,50,1,IDLE,0
C3B93D0B,32191,32569.400,32569400,1001,1941,1932,39,90,FWD,9,50,1,IDLE,0
C3B93D0B,32192,32570.399,32570399,999,1940,1932,39,90,FWD,9,50,1,IDLE,0
C3B93D0B,32193,32571.400,32571400,1001,1939,1932,39,90,FWD,9,50,1,IDLE,0
C3B93D0B,32194,32572.399,32572399,999,1939,1932,39,90,FWD,9,50,1,IDLE,0
C3B93D0B,32195,32573.400,32573400,1001,1937,1932,39,90,FWD,9,50,1,IDLE,0
C3B93D0B,32196,32574.400,32574400,1000,1939,1932,39,90,FWD,9,50,1,IDLE,0
C3B93D0B,32197,32575.400,32575400,1000,1939,1932,39,90,FWD,9,50,1,IDLE,0
C3B93D0B,32198,32576.399,32576399,999,1938,1932,39,90,FWD,9,50,1,IDLE,0
C3B93D0B,32199,32577.400,32577400,1001,1939,1932,39,90,FWD,9,50,1,IDLE,0
C3B93D0B,32200,32578.399,32578399,999,1939,1932,39,90,FWD,9,50,1,IDLE,0
C3B93D0B,32201,32579.400,32579400,1001,1939,1932,39,90,FWD,9,50,1,IDLE,0
C3B93D0B,32202,32580.399,32580399,999,1939,1932,39,90,FWD,9,50,1,IDLE,0
C3B93D0B,32203,32581.400,32581400,1001,1937,1932,39,90,FWD,9,50,1,IDLE,0
C3B93D0B,32204,32582.399,32582399,999,1936,1932,39,90,FWD,9,50,1,IDLE,0
C3B93D0B,32205,32583.400,32583400,1001,1939,1932,39,90,FWD,9,50,1,IDLE,0
C3B93D0B,32206,32584.400,32584400,1000,1938,1932,39,90,FWD,9,50,1,IDLE,0
C3B93D0B,32207,32586.148,32586148,1748,1927,1932,39,90,FWD,41,50,1,IDLE,0
C3B93D0B,32208,32586.718,32586718,570,1927,1932,39,90,FWD,9,50,1,IDLE,0
C3B93D0B,32209,32587.400,32587400,682,1929,1932,39,90,FWD,9,50,1,IDLE,0
C3B93D0B,32210,32588.399,32588399,999,1931,1932,39,90,FWD,9,50,1,IDLE,0
C3B93D0B,32211,32589.400,32589400,1001,1930,1932,39,90,FWD,9,50,1,IDLE,0
C3B93D0B,32212,32590.399,32590399,999,1930,1932,39,90,FWD,9,50,1,IDLE,0
C3B93D0B,32213,32591.400,32591400,1001,1931,1932,39,90,FWD,9,50,1,IDLE,0
C3B93D0B,32214,32592.399,32592399,999,1931,1932,39,90,FWD,9,50,1,IDLE,0
C3B93D0B,32215,32593.400,32593400,1001,1934,1932,39,90,FWD,9,50,1,IDLE,0
C3B93D0B,32216,32594.400,32594400,1000,1932,1932,39,90,FWD,9,50,1,IDLE,0
C3B93D0B,32217,32595.814,32595814,1414,1933,1932,39,90,FWD,41,50,1,IDLE,0
C3B93D0B,32218,32596.399,32596399,585,1935,1932,39,90,FWD,9,50,1,IDLE,0
C3B93D0B,32219,32597.400,32597400,1001,1931,1932,40,90,FWD,9,50,1,IDLE,0
C3B93D0B,32220,32598.399,32598399,999,1928,1932,40,90,FWD,9,50,1,IDLE,0
C3B93D0B,32221,32599.400,32599400,1001,1934,1932,40,90,FWD,9,50,1,IDLE,0
C3B93D0B,32222,32600.399,32600399,999,1931,1932,40,90,FWD,9,50,1,IDLE,0
C3B93D0B,32223,32601.400,32601400,1001,1929,1932,40,90,FWD,9,50,1,IDLE,0
C3B93D0B,32224,32602.399,32602399,999,1933,1932,40,90,FWD,9,50,1,IDLE,0
C3B93D0B,32225,32603.400,32603400,1001,1932,1932,40,90,FWD,9,50,1,IDLE,0
C3B93D0B,32226,32604.400,32604400,1000,1931,1932,40,90,FWD,9,50,1,IDLE,0
C3B93D0B,32227,32605.400,32605400,1000,1928,1932,40,90,FWD,9,50,1,IDLE,0
C3B93D0B,32228,32606.399,32606399,999,1930,1932,40,90,FWD,9,50,1,IDLE,0
C3B93D0B,32229,32607.400,32607400,1001,1931,1932,40,90,FWD,9,50,1,IDLE,0
C3B93D0B,32230,32608.399,32608399,999,1931,1932,40,90,FWD,9,50,1,IDLE,0
C3B93D0B,32231,32609.400,32609400,1001,1931,1932,40,90,FWD,9,50,1,IDLE,0
C3B93D0B,32232,32610.399,32610399,999,1931,1932,40,90,FWD,9,50,1,IDLE,0
C3B93D0B,32233,32611.400,32611400,1001,1929,1932,40,90,FWD,9,50,1,IDLE,0
C3B93D0B,32234,32612.399,32612399,999,1930,1932,40,90,FWD,9,50,1,IDLE,0
C3B93D0B,32235,32613.400,32613400,1001,1930,1932,40,90,FWD,9,50,1,IDLE,0
C3B93D0B,32236,32614.400,32614400,1000,1931,1932,40,90,FWD,9,50,1,IDLE,0
C3B93D0B,32237,32615.400,32615400,1000,1932,1932,40,90,FWD,9,50,1,IDLE,0
C3B93D0B,32238,32616.399,32616399,999,1933,1932,40,90,FWD,9,50,1,IDLE,0
C3B93D0B,32239,32617.400,32617400,1001,1931,1932,40,90,FWD,9,50,1,IDLE,0
C3B93D0B,32240,32618.399,32618399,999,1934,1932,40,90,FWD,9,50,1,IDLE,0
C3B93D0B,32241,32619.400,32619400,1001,1929,1932,40,90,FWD,9,50,1,IDLE,0
C3B93D0B,32242,32620.399,32620399,999,1931,1932,40,90,FWD,9,50,1,IDLE,0
C3B93D0B,32243,32621.400,32621400,1001,1933,1932,40,90,FWD,9,50,1,IDLE,0
C3B93D0B,32244,32622.399,32622399,999,1933,1932,40,90,FWD,9,50,1,IDLE,0
C3B93D0B,32245,32623.400,32623400,1001,1931,1932,40,90,FWD,9,50,1,IDLE,0
C3B93D0B,32246,32624.400,32624400,1000,1931,1932,40,90,FWD,9,50,1,IDLE,0
C3B93D0B,32247,32625.400,32625400,1000,1931,1932,40,90,FWD,9,50,1,IDLE,0
C3B93D0B,32248,32626.399,32626399,999,1933,1932,40,90,FWD,9,50,1,IDLE,0
C3B93D0B,32249,32627.400,32627400,1001,1931,1932,40,90,FWD,9,50,1,IDLE,0
C3B93D0B,32250,32628.399,32628399,999,1931,1932,40,90,FWD,9,50,1,IDLE,0
C3B93D0B,32251,32629.400,32629400,1001,1932,1932,40,90,FWD,9,50,1,IDLE,0
C3B93D0B,32252,32630.399,32630399,999,1933,1932,40,90,FWD,9,50,1,IDLE,0
C3B93D0B,32253,32631.400,32631400,1001,1932,1932,40,90,FWD,9,50,1,IDLE,0
C3B93D0B,32254,32632.399,32632399,999,1933,1932,40,90,FWD,9,50,1,IDLE,0
C3B93D0B,32255,32633.400,32633400,1001,1933,1932,40,90,FWD,9,50,1,IDLE,0
C3B93D0B,32256,32634.400,32634400,1000,1933,1932,40,90,FWD,9,50,1,IDLE,0
C3B93D0B,32257,32635.400,32635400,1000,1934,1932,40,90,FWD,9,50,1,IDLE,0
C3B93D0B,32258,32636.399,32636399,999,1931,1932,40,90,FWD,9,50,1,IDLE,0
C3B93D0B,32259,32637.400,32637400,1001,1931,1932,40,90,FWD,9,50,1,IDLE,0
C3B93D0B,32260,32638.399,32638399,999,1933,1932,40,90,FWD,9,50,1,IDLE,0
C3B93D0B,32261,32639.400,32639400,1001,1931,1932,40,90,FWD,9,50,1,IDLE,0
C3B93D0B,32262,32640.399,32640399,999,1934,1932,40,90,FWD,9,50,1,IDLE,0
C3B93D0B,32263,32641.400,32641400,1001,1933,1932,40,90,FWD,9,50,1,IDLE,0
C3B93D0B,32264,32642.399,32642399,999,1930,1932,40,90,FWD,9,50,1,IDLE,0
C3B93D0B,32265,32643.400,32643400,1001,1931,1932,40,90,FWD,9,50,1,IDLE,0
C3B93D0B,32266,32644.400,32644400,1000,1931,1932,40,90,FWD,9,50,1,IDLE,0
C3B93D0B,32267,32645.400,32645400,1000,1931,1932,40,90,FWD,9,50,1,IDLE,0
C3B93D0B,32268,32646.399,32646399,999,1931,1932,40,90,FWD,9,50,1,IDLE,0
C3B93D0B,32269,32647.400,32647400,1001,1930,1932,40,90,FWD,9,50,1,IDLE,0
C3B93D0B,32270,32648.399,32648399,999,1931,1932,40,90,FWD,9,50,1,IDLE,0
C3B93D0B,32271,32649.400,32649400,1001,1931,1932,40,90,FWD,9,50,1,IDLE,0
C3B93D0B,32272,32650.399,32650399,999,1933,1932,40,90,FWD,9,50,1,IDLE,0
C3B93D0B,32273,32651.400,32651400,1001,1933,1932,40,90,FWD,9,50,1,IDLE,0
C3B93D0B,32274,32652.399,32652399,999,1931,1932,40,90,FWD,9,50,1,IDLE,0
C3B93D0B,32275,32653.400,32653400,1001,1931,1932,40,90,FWD,9,50,1,IDLE,0
C3B93D0B,32276,32654.608,32654608,1208,1930,1932,40,90,FWD,9,50,1,IDLE,0
C3B93D0B,32277,32655.400,32655400,792,1931,1932,40,90,FWD,9,50,1,IDLE,0
C3B93D0B,32278,32656.399,32656399,999,1931,1932,40,90,FWD,9,50,1,IDLE,0
C3B93D0B,32279,32657.400,32657400,1001,1932,1932,40,90,FWD,9,50,1,IDLE,0
C3B93D0B,32280,32658.399,32658399,999,1932,1932,40,90,FWD,9,50,1,IDLE,0
C3B93D0B,32281,32659.400,32659400,1001,1932,1932,40,90,FWD,9,50,1,IDLE,0
C3B93D0B,32282,32660.399,32660399,999,1933,1932,40,90,FWD,9,50,1,IDLE,0
C3B93D0B,32283,32661.400,32661400,1001,1931,1932,40,90,FWD,9,50,1,IDLE,0
C3B93D0B,32284,32662.399,32662399,999,1933,1932,40,90,FWD,9,50,1,IDLE,0
C3B93D0B,32285,32663.400,32663400,1001,1930,1932,40,90,FWD,9,50,1,IDLE,0
C3B93D0B,32286,32664.400,32664400,1000,1942,1932,40,90,FWD,9,50,1,IDLE,0
C3B93D0B,32287,32665.400,32665400,1000,1942,1932,40,90,FWD,9,50,1,IDLE,0
C3B93D0B,32288,32666.399,32666399,999,1940,1932,40,90,FWD,9,50,1,IDLE,0
C3B93D0B,32289,32667.400,32667400,1001,1939,1932,40,90,FWD,9,50,1,IDLE,0
C3B93D0B,32290,32668.399,32668399,999,1940,1932,40,90,FWD,9,50,1,IDLE,0
C3B93D0B,32291,32669.400,32669400,1001,1941,1932,40,90,FWD,9,50,1,IDLE,0
C3B93D0B,32292,32670.399,32670399,999,1939,1932,40,90,FWD,9,50,1,IDLE,0
C3B93D0B,32293,32671.400,32671400,1001,1938,1932,40,90,FWD,9,50,1,IDLE,0
C3B93D0B,32294,32672.399,32672399,999,1938,1932,40,90,FWD,9,50,1,IDLE,0
C3B93D0B,32295,32673.400,32673400,1001,1937,1932,40,90,FWD,9,50,1,IDLE,0
C3B93D0B,32296,32674.400,32674400,1000,1938,1932,40,90,FWD,9,50,1,IDLE,0
C3B93D0B,32297,32675.400,32675400,1000,1938,1932,40,90,FWD,9,50,1,IDLE,0
C3B93D0B,32298,32676.399,32676399,999,1939,1932,40,90,FWD,9,50,1,IDLE,0
C3B93D0B,32299,32677.400,32677400,1001,1937,1932,40,90,FWD,9,50,1,IDLE,0
C3B93D0B,32300,32678.399,32678399,999,1938,1932,40,90,FWD,9,50,1,IDLE,0
C3B93D0B,32301,32679.400,32679400,1001,1937,1932,40,90,FWD,9,50,1,IDLE,0
C3B93D0B,32302,32680.399,32680399,999,1938,1932,40,90,FWD,9,50,1,IDLE,0
C3B93D0B,32303,32681.400,32681400,1001,1937,1932,40,90,FWD,9,50,1,IDLE,0
C3B93D0B,32304,32682.399,32682399,999,1938,1932,40,90,FWD,9,50,1,IDLE,0
C3B93D0B,32305,32683.400,32683400,1001,1939,1932,40,90,FWD,9,50,1,IDLE,0
C3B93D0B,32306,32684.400,32684400,1000,1938,1932,40,90,FWD,9,50,1,IDLE,0
C3B93D0B,32307,32686.194,32686194,1794,1923,1932,40,90,FWD,41,50,1,IDLE,0
C3B93D0B,32308,32686.810,32686810,616,1930,1932,40,90,FWD,9,50,1,IDLE,0
C3B93D0B,32309,32687.400,32687400,590,1929,1932,40,90,FWD,9,50,1,IDLE,0
C3B93D0B,32310,32688.399,32688399,999,1930,1932,40,90,FWD,9,50,1,IDLE,0
C3B93D0B,32311,32689.400,32689400,1001,1929,1932,40,90,FWD,9,50,1,IDLE,0
C3B93D0B,32312,32690.399,32690399,999,1930,1932,40,90,FWD,9,50,1,IDLE,0
C3B93D0B,32313,32691.400,32691400,1001,1931,1932,40,90,FWD,9,50,1,IDLE,0
C3B93D0B,32314,32692.663,32692663,1263,1930,1932,40,90,FWD,41,50,1,IDLE,0
C3B93D0B,32315,32693.400,32693400,737,1931,1932,40,90,FWD,9,50,1,IDLE,0
C3B93D0B,32316,32694.400,32694400,1000,1929,1932,40,90,FWD,9,50,1,IDLE,0
C3B93D0B,32317,32695.400,32695400,1000,1931,1932,40,90,FWD,9,50,1,IDLE,0
C3B93D0B,32318,32696.399,32696399,999,1932,1932,40,90,FWD,9,50,1,IDLE,0
C3B93D0B,32319,32697.400,32697400,1001,1931,1932,40,90,FWD,9,50,1,IDLE,0
C3B93D0B,32320,32698.411,32698411,1011,1931,1932,40,90,FWD,9,50,1,IDLE,0
C3B93D0B,32321,32699.400,32699400,989,1934,1932,40,90,FWD,9,50,1,IDLE,0
C3B93D0B,32322,32700.399,32700399,999,1932,1932,40,90,FWD,9,50,1,IDLE,0
C3B93D0B,32323,32701.400,32701400,1001,1931,1932,40,90,FWD,9,50,1,IDLE,0
C3B93D0B,32324,32702.705,32702705,1305,1931,1932,40,90,FWD,41,50,1,IDLE,0
C3B93D0B,32325,32703.400,32703400,695,1933,1932,40,90,FWD,9,50,1,IDLE,0
C3B93D0B,32326,32704.400,32704400,1000,1931,1932,40,90,FWD,9,50,1,IDLE,0
C3B93D0B,32327,32705.400,32705400,1000,1931,1932,40,90,FWD,9,50,1,IDLE,0
C3B93D0B,32328,32706.399,32706399,999,1933,1932,40,90,FWD,9,50,1,IDLE,0
C3B93D0B,32329,32707.400,32707400,1001,1931,1932,40,90,FWD,9,50,1,IDLE,0
C3B93D0B,32330,32708.399,32708399,999,1931,1932,40,90,FWD,9,50,1,IDLE,0
C3B93D0B,32331,32709.400,32709400,1001,1931,1932,40,90,FWD,9,50,1,IDLE,0
C3B93D0B,32332,32710.399,32710399,999,1932,1932,40,90,FWD,9,50,1,IDLE,0
C3B93D0B,32333,32711.400,32711400,1001,1934,1932,40,90,FWD,9,50,1,IDLE,0
C3B93D0B,32334,32712.399,32712399,999,1931,1932,40,90,FWD,9,50,1,IDLE,0
C3B93D0B,32335,32713.400,32713400,1001,1933,1932,40,90,FWD,9,50,1,IDLE,0
C3B93D0B,32336,32714.400,32714400,1000,1931,1932,40,90,FWD,9,50,1,IDLE,0
C3B93D0B,32337,32715.400,32715400,1000,1931,1932,40,90,FWD,9,50,1,IDLE,0
C3B93D0B,32338,32716.399,32716399,999,1931,1932,40,90,FWD,9,50,1,IDLE,0
C3B93D0B,32339,32717.400,32717400,1001,1931,1932,40,90,FWD,9,50,1,IDLE,0
C3B93D0B,32340,32718.399,32718399,999,1931,1932,40,90,FWD,9,50,1,IDLE,0
C3B93D0B,32341,32719.400,32719400,1001,1933,1932,40,90,FWD,9,50,1,IDLE,0
C3B93D0B,32342,32720.399,32720399,999,1934,1932,40,90,FWD,9,50,1,IDLE,0
C3B93D0B,32343,32721.400,32721400,1001,1933,1932,40,90,FWD,9,50,1,IDLE,0
C3B93D0B,32344,32722.399,32722399,999,1934,1932,40,90,FWD,9,50,1,IDLE,0
C3B93D0B,32345,32723.400,32723400,1001,1930,1932,40,90,FWD,9,50,1,IDLE,0
C3B93D0B,32346,32724.400,32724400,1000,1927,1932,40,90,FWD,9,50,1,IDLE,0
C3B93D0B,32347,32725.400,32725400,1000,1930,1932,40,90,FWD,9,50,1,IDLE,0
C3B93D0B,32348,32726.399,32726399,999,1933,1932,40,90,FWD,9,50,1,IDLE,0
C3B93D0B,32349,32727.400,32727400,1001,1931,1932,40,90,FWD,9,50,1,IDLE,0
C3B93D0B,32350,32728.399,32728399,999,1931,1932,40,90,FWD,9,50,1,IDLE,0
C3B93D0B,32351,32729.400,32729400,1001,1930,1932,40,90,FWD,9,50,1,IDLE,0
C3B93D0B,32352,32730.399,32730399,999,1933,1932,40,90,FWD,9,50,1,IDLE,0
C3B93D0B,32353,32731.400,32731400,1001,1931,1932,40,90,FWD,9,50,1,IDLE,0
C3B93D0B,32354,32732.399,32732399,999,1932,1932,40,90,FWD,9,50,1,IDLE,0
C3B93D0B,32355,32733.400,32733400,1001,1931,1932,40,90,FWD,9,50,1,IDLE,0
C3B93D0B,32356,32734.400,32734400,1000,1930,1932,40,90,FWD,9,50,1,IDLE,0
C3B93D0B,32357,32735.400,32735400,1000,1933,1932,40,90,FWD,9,50,1,IDLE,0
C3B93D0B,32358,32736.399,32736399,999,1932,1932,40,90,FWD,9,50,1,IDLE,0
C3B93D0B,32359,32737.400,32737400,1001,1931,1932,40,90,FWD,9,50,1,IDLE,0
C3B93D0B,32360,32738.399,32738399,999,1931,1932,40,90,FWD,9,50,1,IDLE,0
C3B93D0B,32361,32739.400,32739400,1001,1933,1932,40,90,FWD,9,50,1,IDLE,0
C3B93D0B,32362,32740.399,32740399,999,1931,1932,40,90,FWD,9,50,1,IDLE,0
C3B93D0B,32363,32741.400,32741400,1001,1932,1932,40,90,FWD,9,50,1,IDLE,0
C3B93D0B,32364,32742.399,32742399,999,1933,1932,40,90,FWD,9,50,1,IDLE,0
C3B93D0B,32365,32743.400,32743400,1001,1933,1932,40,90,FWD,9,50,1,IDLE,0
C3B93D0B,32366,32744.400,32744400,1000,1930,1932,40,90,FWD,9,50,1,IDLE,0
C3B93D0B,32367,32745.401,32745401,1001,1931,1932,40,90,FWD,9,50,1,IDLE,0
C3B93D0B,32368,32746.401,32746401,1000,1931,1932,40,90,FWD,9,50,1,IDLE,0
C3B93D0B,32369,32747.400,32747400,999,1930,1932,41,90,FWD,9,50,1,IDLE,0
C3B93D0B,32370,32748.399,32748399,999,1933,1932,41,90,FWD,9,50,1,IDLE,0
C3B93D0B,32371,32749.400,32749400,1001,1927,1932,41,90,FWD,9,50,1,IDLE,0
C3B93D0B,32372,32750.400,32750400,1000,1931,1932,41,90,FWD,9,50,1,IDLE,0
C3B93D0B,32373,32751.400,32751400,1000,1931,1932,41,90,FWD,9,50,1,IDLE,0
C3B93D0B,32374,32752.399,32752399,999,1931,1932,41,90,FWD,9,50,1,IDLE,0
C3B93D0B,32375,32753.400,32753400,1001,1932,1932,41,90,FWD,9,50,1,IDLE,0
C3B93D0B,32376,32754.399,32754399,999,1932,1932,41,90,FWD,9,50,1,IDLE,0
C3B93D0B,32377,32755.401,32755401,1002,1933,1932,41,90,FWD,9,50,1,IDLE,0
C3B93D0B,32378,32756.400,32756400,999,1931,1932,41,90,FWD,9,50,1,IDLE,0
C3B93D0B,32379,32757.400,32757400,1000,1931,1932,41,90,FWD,9,50,1,IDLE,0
C3B93D0B,32380,32758.399,32758399,999,1932,1932,41,90,FWD,9,50,1,IDLE,0
C3B93D0B,32381,32759.400,32759400,1001,1931,1932,41,90,FWD,9,50,1,IDLE,0
C3B93D0B,32382,32760.399,32760399,999,1931,1932,41,90,FWD,9,50,1,IDLE,0
C3B93D0B,32383,32761.400,32761400,1001,1931,1932,41,90,FWD,9,50,1,IDLE,0
C3B93D0B,32384,32762.399,32762399,999,1930,1932,41,90,FWD,9,50,1,IDLE,0
C3B93D0B,32385,32763.400,32763400,1001,1934,1932,41,90,FWD,9,50,1,IDLE,0
C3B93D0B,32386,32764.399,32764399,999,1933,1932,41,90,FWD,9,50,1,IDLE,0
C3B93D0B,32387,32765.401,32765401,1002,1934,1932,41,90,FWD,9,50,1,IDLE,0
C3B93D0B,32388,32766.399,32766399,998,1931,1932,41,90,FWD,9,50,1,IDLE,0
C3B93D0B,32389,32767.400,32767400,1001,1934,1932,41,90,FWD,9,50,1,IDLE,0
C3B93D0B,32390,32768.399,32768399,999,1931,1932,41,90,FWD,9,50,1,IDLE,0
C3B93D0B,32391,32769.400,32769400,1001,1935,1932,41,90,FWD,9,50,1,IDLE,0
C3B93D0B,32392,32770.399,32770399,999,1933,1932,41,90,FWD,9,50,1,IDLE,0
C3B93D0B,32393,32771.400,32771400,1001,1931,1932,41,90,FWD,9,50,1,IDLE,0
C3B93D0B,32394,32772.399,32772399,999,1930,1932,41,90,FWD,9,50,1,IDLE,0
C3B93D0B,32395,32773.400,32773400,1001,1930,1932,41,90,FWD,9,50,1,IDLE,0
C3B93D0B,32396,32774.399,32774399,999,1933,1932,41,90,FWD,9,50,1,IDLE,0
C3B93D0B,32397,32775.401,32775401,1002,1930,1932,41,90,FWD,9,50,1,IDLE,0
C3B93D0B,32398,32776.399,32776399,998,1931,1932,41,90,FWD,9,50,1,IDLE,0
C3B93D0B,32399,32777.400,32777400,1001,1932,1932,41,90,FWD,9,50,1,IDLE,0
C3B93D0B,32400,32778.399,32778399,999,1930,1932,41,90,FWD,9,50,1,IDLE,0
C3B93D0B,32401,32779.400,32779400,1001,1933,1932,41,90,FWD,9,50,1,IDLE,0
C3B93D0B,32402,32780.399,32780399,999,1931,1932,41,90,FWD,9,50,1,IDLE,0
C3B93D0B,32403,32781.400,32781400,1001,1932,1932,41,90,FWD,9,50,1,IDLE,0
C3B93D0B,32404,32782.399,32782399,999,1931,1932,41,90,FWD,9,50,1,IDLE,0
C3B93D0B,32405,32783.400,32783400,1001,1930,1932,41,90,FWD,9,50,1,IDLE,0
C3B93D0B,32406,32784.399,32784399,999,1933,1932,41,90,FWD,9,50,1,IDLE,0
C3B93D0B,32407,32785.401,32785401,1002,1930,1932,41,90,FWD,9,50,1,IDLE,0
C3B93D0B,32408,32786.547,32786547,1146,1927,1932,41,90,FWD,9,50,1,IDLE,0
C3B93D0B,32409,32787.399,32787399,852,1931,1932,41,90,FWD,9,50,1,IDLE,0
C3B93D0B,32410,32788.400,32788400,1001,1931,1932,41,90,FWD,9,50,1,IDLE,0
C3B93D0B,32411,32789.399,32789399,999,1932,1932,41,90,FWD,9,50,1,IDLE,0
C3B93D0B,32412,32790.615,32790615,1216,1928,1932,41,90,FWD,9,50,1,IDLE,0
C3B93D0B,32413,32791.399,32791399,784,1932,1932,41,90,FWD,9,50,1,IDLE,0
C3B93D0B,32414,32792.400,32792400,1001,1931,1932,41,90,FWD,9,50,1,IDLE,0
C3B93D0B,32415,32793.399,32793399,999,1931,1932,41,90,FWD,9,50,1,IDLE,0
C3B93D0B,32416,32794.400,32794400,1001,1931,1932,41,90,FWD,9,50,1,IDLE,0
C3B93D0B,32417,32795.400,32795400,1000,1931,1932,41,90,FWD,9,50,1,IDLE,0
C3B93D0B,32418,32796.400,32796400,1000,1929,1932,41,90,FWD,9,50,1,IDLE,0
C3B93D0B,32419,32797.399,32797399,999,1931,1932,41,90,FWD,9,50,1,IDLE,0
C3B93D0B,32420,32798.400,32798400,1001,1931,1932,41,90,FWD,9,50,1,IDLE,0
C3B93D0B,32421,32799.399,32799399,999,1931,1932,41,90,FWD,9,50,1,IDLE,0
C3B93D0B,32422,32800.454,32800454,1055,1929,1932,41,90,FWD,9,50,1,IDLE,0
C3B93D0B,32423,32801.399,32801399,945,1931,1932,41,90,FWD,9,50,1,IDLE,0
C3B93D0B,32424,32802.400,32802400,1001,1931,1932,41,90,FWD,9,50,1,IDLE,0
C3B93D0B,32425,32803.399,32803399,999,1930,1932,41,90,FWD,9,50,1,IDLE,0
C3B93D0B,32426,32804.400,32804400,1001,1933,1932,41,90,FWD,9,50,1,IDLE,0
C3B93D0B,32427,32805.400,32805400,1000,1931,1932,41,90,FWD,9,50,1,IDLE,0
C3B93D0B,32428,32806.400,32806400,1000,1934,1932,41,90,FWD,9,50,1,IDLE,0
C3B93D0B,32429,32807.399,32807399,999,1931,1932,41,90,FWD,9,50,1,IDLE,0
C3B93D0B,32430,32808.400,32808400,1001,1929,1932,41,90,FWD,9,50,1,IDLE,0
C3B93D0B,32431,32809.399,32809399,999,1932,1932,41,90,FWD,9,50,1,IDLE,0
C3B93D0B,32432,32810.400,32810400,1001,1931,1932,41,90,FWD,9,50,1,IDLE,0
C3B93D0B,32433,32811.399,32811399,999,1933,1932,41,90,FWD,9,50,1,IDLE,0
C3B93D0B,32434,32812.400,32812400,1001,1930,1932,41,90,FWD,9,50,1,IDLE,0
C3B93D0B,32435,32813.399,32813399,999,1931,1932,41,90,FWD,9,50,1,IDLE,0
C3B93D0B,32436,32814.400,32814400,1001,1931,1932,41,90,FWD,9,50,1,IDLE,0
C3B93D0B,32437,32815.400,32815400,1000,1931,1932,41,90,FWD,9,50,1,IDLE,0
C3B93D0B,32438,32816.400,32816400,1000,1930,1932,41,90,FWD,9,50,1,IDLE,0
C3B93D0B,32439,32817.399,32817399,999,1930,1932,41,90,FWD,9,50,1,IDLE,0
C3B93D0B,32440,32818.400,32818400,1001,1931,1932,41,90,FWD,9,50,1,IDLE,0
C3B93D0B,32441,32819.399,32819399,999,1933,1932,41,90,FWD,9,50,1,IDLE,0
C3B93D0B,32442,32820.400,32820400,1001,1933,1932,41,90,FWD,9,50,1,IDLE,0
C3B93D0B,32443,32821.399,32821399,999,1932,1932,41,90,FWD,9,50,1,IDLE,0
C3B93D0B,32444,32822.400,32822400,1001,1933,1932,41,90,FWD,9,50,1,IDLE,0
C3B93D0B,32445,32823.399,32823399,999,1931,1932,41,90,FWD,9,50,1,IDLE,0
C3B93D0B,32446,32824.400,32824400,1001,1933,1932,41,90,FWD,9,50,1,IDLE,0
C3B93D0B,32447,32825.400,32825400,1000,1931,1932,41,90,FWD,9,50,1,IDLE,0
C3B93D0B,32448,32826.400,32826400,1000,1930,1932,41,90,FWD,9,50,1,IDLE,0
C3B93D0B,32449,32827.399,32827399,999,1930,1932,41,90,FWD,9,50,1,IDLE,0
C3B93D0B,32450,32828.400,32828400,1001,1931,1932,41,90,FWD,9,50,1,IDLE,0
C3B93D0B,32451,32829.399,32829399,999,1931,1932,41,90,FWD,9,50,1,IDLE,0
C3B93D0B,32452,32830.400,32830400,1001,1931,1932,41,90,FWD,9,50,1,IDLE,0
C3B93D0B,32453,32831.399,32831399,999,1931,1932,41,90,FWD,9,50,1,IDLE,0
C3B93D0B,32454,32832.400,32832400,1001,1931,1932,41,90,FWD,9,50,1,IDLE,0
C3B93D0B,32455,32833.399,32833399,999,1930,1932,41,90,FWD,9,50,1,IDLE,0
C3B93D0B,32456,32834.400,32834400,1001,1931,1932,41,90,FWD,9,50,1,IDLE,0
C3B93D0B,32457,32835.400,32835400,1000,1931,1932,41,90,FWD,9,50,1,IDLE,0
C3B93D0B,32458,32836.400,32836400,1000,1931,1932,41,90,FWD,9,50,1,IDLE,0
C3B93D0B,32459,32837.399,32837399,999,1934,1932,41,90,FWD,9,50,1,IDLE,0
C3B93D0B,32460,32838.400,32838400,1001,1930,1932,41,90,FWD,9,50,1,IDLE,0
C3B93D0B,32461,32839.399,32839399,999,1933,1932,41,90,FWD,9,50,1,IDLE,0
C3B93D0B,32462,32840.400,32840400,1001,1930,1932,41,90,FWD,9,50,1,IDLE,0
C3B93D0B,32463,32841.399,32841399,999,1929,1932,41,90,FWD,9,50,1,IDLE,0
C3B93D0B,32464,32842.400,32842400,1001,1932,1932,41,90,FWD,9,50,1,IDLE,0
C3B93D0B,32465,32843.399,32843399,999,1931,1932,41,90,FWD,9,50,1,IDLE,0
C3B93D0B,32466,32844.400,32844400,1001,1931,1932,41,90,FWD,9,50,1,IDLE,0
C3B93D0B,32467,32845.400,32845400,1000,1932,1932,41,90,FWD,9,50,1,IDLE,0
C3B93D0B,32468,32846.400,32846400,1000,1933,1932,41,90,FWD,9,50,1,IDLE,0
C3B93D0B,32469,32847.399,32847399,999,1930,1932,41,90,FWD,9,50,1,IDLE,0
C3B93D0B,32470,32848.400,32848400,1001,1933,1932,41,90,FWD,9,50,1,IDLE,0
C3B93D0B,32471,32849.399,32849399,999,1933,1932,41,90,FWD,9,50,1,IDLE,0
C3B93D0B,32472,32850.400,32850400,1001,1931,1932,41,90,FWD,9,50,1,IDLE,0
C3B93D0B,32473,32851.399,32851399,999,1933,1932,41,90,FWD,9,50,1,IDLE,0
C3B93D0B,32474,32852.400,32852400,1001,1931,1932,41,90,FWD,9,50,1,IDLE,0
C3B93D0B,32475,32853.399,32853399,999,1929,1932,41,90,FWD,9,50,1,IDLE,0
C3B93D0B,32476,32854.400,32854400,1001,1931,1932,41,90,FWD,9,50,1,IDLE,0
C3B93D0B,32477,32855.619,32855619,1219,1932,1932,41,90,FWD,9,50,1,IDLE,0
C3B93D0B,32478,32856.400,32856400,781,1932,1932,41,90,FWD,9,50,1,IDLE,0
C3B93D0B,32479,32857.399,32857399,999,1933,1932,41,90,FWD,9,50,1,IDLE,0
C3B93D0B,32480,32858.400,32858400,1001,1931,1932,41,90,FWD,9,50,1,IDLE,0
C3B93D0B,32481,32859.399,32859399,999,1933,1932,41,90,FWD,9,50,1,IDLE,0
C3B93D0B,32482,32860.400,32860400,1001,1931,1932,41,90,FWD,9,50,1,IDLE,0
C3B93D0B,32483,32861.399,32861399,999,1942,1932,41,90,FWD,9,50,1,IDLE,0
C3B93D0B,32484,32862.400,32862400,1001,1939,1932,41,90,FWD,9,50,1,IDLE,0
C3B93D0B,32485,32863.399,32863399,999,1941,1932,41,90,FWD,9,50,1,IDLE,0
C3B93D0B,32486,32864.400,32864400,1001,1939,1932,41,90,FWD,9,50,1,IDLE,0
C3B93D0B,32487,32865.400,32865400,1000,1940,1932,41,90,FWD,9,50,1,IDLE,0
C3B93D0B,32488,32866.400,32866400,1000,1939,1932,41,90,FWD,9,50,1,IDLE,0
C3B93D0B,32489,32867.399,32867399,999,1939,1932,41,90,FWD,9,50,1,IDLE,0
C3B93D0B,32490,32868.400,32868400,1001,1938,1932,41,90,FWD,9,50,1,IDLE,0
C3B93D0B,32491,32869.399,32869399,999,1939,1932,41,90,FWD,9,50,1,IDLE,0
C3B93D0B,32492,32870.400,32870400,1001,1939,1932,41,90,FWD,9,50,1,IDLE,0
C3B93D0B,32493,32871.399,32871399,999,1939,1932,41,90,FWD,9,50,1,IDLE,0
C3B93D0B,32494,32872.400,32872400,1001,1938,1932,41,90,FWD,9,50,1,IDLE,0
C3B93D0B,32495,32873.399,32873399,999,1939,1932,41,90,FWD,9,50,1,IDLE,0
C3B93D0B,32496,32874.400,32874400,1001,1939,1932,41,90,FWD,9,50,1,IDLE,0
C3B93D0B,32497,32875.400,32875400,1000,1939,1932,41,90,FWD,9,50,1,IDLE,0
C3B93D0B,32498,32876.400,32876400,1000,1938,1932,41,90,FWD,9,50,1,IDLE,0
C3B93D0B,32499,32877.399,32877399,999,1938,1932,41,90,FWD,9,50,1,IDLE,0
C3B93D0B,32500,32878.400,32878400,1001,1937,1932,41,90,FWD,9,50,1,IDLE,0
C3B93D0B,32501,32879.490,32879490,1090,1938,1932,41,90,FWD,9,50,1,IDLE,0
C3B93D0B,32502,32880.400,32880400,910,1937,1932,41,90,FWD,9,50,1,IDLE,0
C3B93D0B,32503,32881.399,32881399,999,1938,1932,41,90,FWD,9,50,1,IDLE,0
C3B93D0B,32504,32882.400,32882400,1001,1936,1932,41,90,FWD,9,50,1,IDLE,0
C3B93D0B,32505,32883.399,32883399,999,1939,1932,41,90,FWD,9,50,1,IDLE,0
C3B93D0B,32506,32884.400,32884400,1001,1939,1932,41,90,FWD,9,50,1,IDLE,0
C3B93D0B,32507,32885.400,32885400,1000,1938,1932,41,90,FWD,9,50,1,IDLE,0
C3B93D0B,32508,32887.176,32887176,1776,1925,1932,41,90,FWD,41,50,1,IDLE,0
C3B93D0B,32509,32887.494,32887494,318,1930,1932,41,90,FWD,9,50,1,IDLE,0
C3B93D0B,32510,32888.400,32888400,906,1930,1932,41,90,FWD,9,50,1,IDLE,0
C3B93D0B,32511,32889.399,32889399,999,1931,1932,41,90,FWD,9,50,1,IDLE,0
C3B93D0B,32512,32890.400,32890400,1001,1929,1932,41,90,FWD,9,50,1,IDLE,0
C3B93D0B,32513,32891.399,32891399,999,1927,1932,41,90,FWD,9,50,1,IDLE,0
C3B93D0B,32514,32892.400,32892400,1001,1927,1932,41,90,FWD,9,50,1,IDLE,0
C3B93D0B,32515,32893.399,32893399,999,1930,1932,41,90,FWD,9,50,1,IDLE,0
C3B93D0B,32516,32894.400,32894400,1001,1927,1932,41,90,FWD,9,50,1,IDLE,0
C3B93D0B,32517,32895.400,32895400,1000,1930,1932,41,90,FWD,9,50,1,IDLE,0
C3B93D0B,32518,32896.400,32896400,1000,1929,1932,41,90,FWD,9,50,1,IDLE,0
C3B93D0B,32519,32897.399,32897399,999,1931,1932,41,90,FWD,9,50,1,IDLE,0
C3B93D0B,32520,32898.400,32898400,1001,1931,1932,42,90,FWD,9,50,1,IDLE,0
C3B93D0B,32521,32899.399,32899399,999,1930,1932,42,90,FWD,9,50,1,IDLE,0
C3B93D0B,32522,32900.400,32900400,1001,1931,1932,42,90,FWD,9,50,1,IDLE,0
C3B93D0B,32523,32901.399,32901399,999,1932,1932,42,90,FWD,9,50,1,IDLE,0
C3B93D0B,32524,32902.830,32902830,1431,1929,1932,42,90,FWD,41,50,1,IDLE,0
C3B93D0B,32525,32903.399,32903399,569,1927,1932,42,90,FWD,9,50,1,IDLE,0
C3B93D0B,32526,32904.400,32904400,1001,1929,1932,42,90,FWD,9,50,1,IDLE,0
C3B93D0B,32527,32905.400,32905400,1000,1927,1932,42,90,FWD,9,50,1,IDLE,0
C3B93D0B,32528,32906.400,32906400,1000,1930,1932,42,90,FWD,9,50,1,IDLE,0
C3B93D0B,32529,32907.399,32907399,999,1930,1932,42,90,FWD,9,50,1,IDLE,0
C3B93D0B,32530,32908.400,32908400,1001,1931,1932,42,90,FWD,9,50,1,IDLE,0
C3B93D0B,32531,32909.399,32909399,999,1932,1932,42,90,FWD,9,50,1,IDLE,0
C3B93D0B,32532,32910.400,32910400,1001,1931,1932,42,90,FWD,9,50,1,IDLE,0
C3B93D0B,32533,32911.399,32911399,999,1930,1932,42,90,FWD,9,50,1,IDLE,0
C3B93D0B,32534,32912.400,32912400,1001,1931,1932,42,90,FWD,9,50,1,IDLE,0
C3B93D0B,32535,32913.399,32913399,999,1930,1932,42,90,FWD,9,50,1,IDLE,0
C3B93D0B,32536,32914.400,32914400,1001,1929,1932,42,90,FWD,9,50,1,IDLE,0
C3B93D0B,32537,32915.400,32915400,1000,1930,1932,42,90,FWD,9,50,1,IDLE,0
C3B93D0B,32538,32916.400,32916400,1000,1930,1932,42,90,FWD,9,50,1,IDLE,0
C3B93D0B,32539,32917.399,32917399,999,1933,1932,42,90,FWD,9,50,1,IDLE,0
C3B93D0B,32540,32918.400,32918400,1001,1931,1932,42,90,FWD,9,50,1,IDLE,0
C3B93D0B,32541,32919.399,32919399,999,1929,1932,42,90,FWD,9,50,1,IDLE,0
C3B93D0B,32542,32920.400,32920400,1001,1931,1932,42,90,FWD,9,50,1,IDLE,0
C3B93D0B,32543,32921.399,32921399,999,1931,1932,42,90,FWD,9,50,1,IDLE,0
C3B93D0B,32544,32922.400,32922400,1001,1931,1932,42,90,FWD,9,50,1,IDLE,0
C3B93D0B,32545,32923.399,32923399,999,1931,1932,42,90,FWD,9,50,1,IDLE,0
C3B93D0B,32546,32924.400,32924400,1001,1929,1932,42,90,FWD,9,50,1,IDLE,0
C3B93D0B,32547,32925.400,32925400,1000,1931,1932,42,90,FWD,9,50,1,IDLE,0
C3B93D0B,32548,32926.400,32926400,1000,1931,1932,42,90,FWD,9,50,1,IDLE,0
C3B93D0B,32549,32927.399,32927399,999,1932,1932,42,90,FWD,9,50,1,IDLE,0
C3B93D0B,32550,32928.400,32928400,1001,1931,1932,42,90,FWD,9,50,1,IDLE,0
C3B93D0B,32551,32929.399,32929399,999,1930,1932,42,90,FWD,9,50,1,IDLE,0
C3B93D0B,32552,32930.400,32930400,1001,1931,1932,42,90,FWD,9,50,1,IDLE,0
C3B93D0B,32553,32931.399,32931399,999,1932,1932,42,90,FWD,9,50,1,IDLE,0
C3B93D0B,32554,32932.400,32932400,1001,1931,1932,42,90,FWD,9,50,1,IDLE,0
C3B93D0B,32555,32933.399,32933399,999,1931,1932,42,90,FWD,9,50,1,IDLE,0
C3B93D0B,32556,32934.400,32934400,1001,1931,1932,42,90,FWD,9,50,1,IDLE,0
C3B93D0B,32557,32935.400,32935400,1000,1930,1932,42,90,FWD,9,50,1,IDLE,0
C3B93D0B,32558,32936.400,32936400,1000,1930,1932,42,90,FWD,9,50,1,IDLE,0
C3B93D0B,32559,32937.399,32937399,999,1934,1932,42,90,FWD,9,50,1,IDLE,0
C3B93D0B,32560,32938.400,32938400,1001,1930,1932,42,90,FWD,9,50,1,IDLE,0
C3B93D0B,32561,32939.399,32939399,999,1930,1932,42,90,FWD,9,50,1,IDLE,0
C3B93D0B,32562,32940.400,32940400,1001,1931,1932,42,90,FWD,9,50,1,IDLE,0
C3B93D0B,32563,32941.399,32941399,999,1930,1932,42,90,FWD,9,50,1,IDLE,0
C3B93D0B,32564,32942.400,32942400,1001,1929,1932,42,90,FWD,9,50,1,IDLE,0
C3B93D0B,32565,32943.399,32943399,999,1931,1932,42,90,FWD,9,50,1,IDLE,0
C3B93D0B,32566,32944.400,32944400,1001,1931,1932,42,90,FWD,9,50,1,IDLE,0
C3B93D0B,32567,32945.400,32945400,1000,1930,1932,42,90,FWD,9,50,1,IDLE,0
C3B93D0B,32568,32946.400,32946400,1000,1930,1932,42,90,FWD,9,50,1,IDLE,0
C3B93D0B,32569,32947.399,32947399,999,1931,1932,42,90,FWD,9,50,1,IDLE,0
C3B93D0B,32570,32948.400,32948400,1001,1931,1932,42,90,FWD,9,50,1,IDLE,0
C3B93D0B,32571,32949.399,32949399,999,1930,1932,42,90,FWD,9,50,1,IDLE,0
C3B93D0B,32572,32950.400,32950400,1001,1930,1932,42,90,FWD,9,50,1,IDLE,0
C3B93D0B,32573,32951.399,32951399,999,1931,1932,42,90,FWD,9,50,1,IDLE,0
C3B93D0B,32574,32952.400,32952400,1001,1931,1932,42,90,FWD,9,50,1,IDLE,0
C3B93D0B,32575,32953.399,32953399,999,1930,1932,42,90,FWD,9,50,1,IDLE,0
C3B93D0B,32576,32954.400,32954400,1001,1930,1932,42,90,FWD,9,50,1,IDLE,0
C3B93D0B,32577,32955.400,32955400,1000,1930,1932,42,90,FWD,9,50,1,IDLE,0
C3B93D0B,32578,32956.400,32956400,1000,1929,1932,42,90,FWD,9,50,1,IDLE,0
C3B93D0B,32579,32957.490,32957490,1090,1930,1932,42,90,FWD,9,50,1,IDLE,0
C3B93D0B,32580,32958.400,32958400,910,1931,1932,42,90,FWD,9,50,1,IDLE,0
C3B93D0B,32581,32959.399,32959399,999,1930,1932,42,90,FWD,9,50,1,IDLE,0
C3B93D0B,32582,32960.400,32960400,1001,1931,1932,42,90,FWD,9,50,1,IDLE,0
C3B93D0B,32583,32961.399,32961399,999,1933,1932,42,90,FWD,9,50,1,IDLE,0
C3B93D0B,32584,32962.400,32962400,1001,1931,1932,42,90,FWD,9,50,1,IDLE,0
C3B93D0B,32585,32963.402,32963402,1002,1942,1932,42,90,FWD,9,50,1,IDLE,0
C3B93D0B,32586,32964.400,32964400,998,1939,1932,42,90,FWD,9,50,1,IDLE,0
C3B93D0B,32587,32965.400,32965400,1000,1941,1932,42,90,FWD,9,50,1,IDLE,0
C3B93D0B,32588,32966.400,32966400,1000,1939,1932,42,90,FWD,9,50,1,IDLE,0
C3B93D0B,32589,32967.399,32967399,999,1941,1932,42,90,FWD,9,50,1,IDLE,0
C3B93D0B,32590,32968.400,32968400,1001,1938,1932,42,90,FWD,9,50,1,IDLE,0
C3B93D0B,32591,32969.399,32969399,999,1939,1932,42,90,FWD,9,50,1,IDLE,0
C3B93D0B,32592,32970.400,32970400,1001,1939,1932,42,90,FWD,9,50,1,IDLE,0
C3B93D0B,32593,32971.399,32971399,999,1939,1932,42,90,FWD,9,50,1,IDLE,0
C3B93D0B,32594,32972.400,32972400,1001,1938,1932,42,90,FWD,9,50,1,IDLE,0
C3B93D0B,32595,32973.399,32973399,999,1939,1932,42,90,FWD,9,50,1,IDLE,0
C3B93D0B,32596,32974.400,32974400,1001,1939,1932,42,90,FWD,9,50,1,IDLE,0
C3B93D0B,32597,32975.400,32975400,1000,1939,1932,42,90,FWD,9,50,1,IDLE,0
C3B93D0B,32598,32976.400,32976400,1000,1938,1932,42,90,FWD,9,50,1,IDLE,0
C3B93D0B,32599,32977.399,32977399,999,1939,1932,42,90,FWD,9,50,1,IDLE,0
C3B93D0B,32600,32978.400,32978400,1001,1938,1932,42,90,FWD,9,50,1,IDLE,0
C3B93D0B,32601,32979.399,32979399,999,1939,1932,42,90,FWD,9,50,1,IDLE,0
C3B93D0B,32602,32980.400,32980400,1001,1937,1932,42,90,FWD,9,50,1,IDLE,0
C3B93D0B,32603,32981.399,32981399,999,1938,1932,42,90,FWD,9,50,1,IDLE,0
C3B93D0B,32604,32982.400,32982400,1001,1937,1932,42,90,FWD,9,50,1,IDLE,0
C3B93D0B,32605,32983.399,32983399,999,1938,1932,42,90,FWD,9,50,1,IDLE,0
C3B93D0B,32606,32984.400,32984400,1001,1936,1932,42,90,FWD,9,50,1,IDLE,0
C3B93D0B,32607,32985.400,32985400,1000,1936,1932,42,90,FWD,9,50,1,IDLE,0
C3B93D0B,32608,32987.162,32987162,1762,1925,1932,42,90,FWD,41,50,1,IDLE,0
C3B93D0B,32609,32987.725,32987725,563,1926,1932,42,90,FWD,9,50,1,IDLE,0
C3B93D0B,32610,32988.400,32988400,675,1932,1932,42,90,FWD,9,50,1,IDLE,0
C3B93D0B,32611,32989.399,32989399,999,1930,1932,42,90,FWD,9,50,1,IDLE,0
C3B93D0B,32612,32990.400,32990400,1001,1927,1932,42,90,FWD,9,50,1,IDLE,0
C3B93D0B,32613,32991.399,32991399,999,1929,1932,42,90,FWD,9,50,1,IDLE,0
C3B93D0B,32614,32992.400,32992400,1001,1928,1932,42,90,FWD,9,50,1,IDLE,0
C3B93D0B,32615,32993.399,32993399,999,1930,1932,42,90,FWD,9,50,1,IDLE,0
C3B93D0B,32616,32994.400,32994400,1001,1927,1932,42,90,FWD,9,50,1,IDLE,0
C3B93D0B,32617,32995.400,32995400,1000,1931,1932,42,90,FWD,9,50,1,IDLE,0
C3B93D0B,32618,32996.400,32996400,1000,1929,1932,42,90,FWD,9,50,1,IDLE,0
C3B93D0B,32619,32997.399,32997399,999,1930,1932,42,90,FWD,9,50,1,IDLE,0
C3B93D0B,32620,32998.400,32998400,1001,1932,1932,42,90,FWD,9,50,1,IDLE,0
C3B93D0B,32621,32999.674,32999674,1274,1931,1932,42,90,FWD,41,50,1,IDLE,0
C3B93D0B,32622,33000.400,33000400,726,1927,1932,42,90,FWD,9,50,1,IDLE,0
C3B93D0B,32623,33001.399,33001399,999,1931,1932,42,90,FWD,9,50,1,IDLE,0
C3B93D0B,32624,33002.400,33002400,1001,1930,1932,42,90,FWD,9,50,1,IDLE,0
C3B93D0B,32625,33003.399,33003399,999,1932,1932,42,90,FWD,9,50,1,IDLE,0
C3B93D0B,32626,33004.400,33004400,1001,1929,1932,42,90,FWD,9,50,1,IDLE,0
C3B93D0B,32627,33005.865,33005865,1465,1931,1932,42,90,FWD,41,50,1,IDLE,0
C3B93D0B,32628,33006.400,33006400,535,1930,1932,42,90,FWD,9,50,1,IDLE,0
C3B93D0B,32629,33007.399,33007399,999,1930,1932,42,90,FWD,9,50,1,IDLE,0
C3B93D0B,32630,33008.400,33008400,1001,1930,1932,42,90,FWD,9,50,1,IDLE,0
C3B93D0B,32631,33009.399,33009399,999,1930,1932,42,90,FWD,9,50,1,IDLE,0
C3B93D0B,32632,33010.462,33010462,1063,1931,1932,42,90,FWD,9,50,1,IDLE,0
C3B93D0B,32633,33011.399,33011399,937,1930,1932,42,90,FWD,9,50,1,IDLE,0
C3B93D0B,32634,33012.400,33012400,1001,1929,1932,42,90,FWD,9,50,1,IDLE,0
C3B93D0B,32635,33013.399,33013399,999,1929,1932,42,90,FWD,9,50,1,IDLE,0
C3B93D0B,32636,33014.400,33014400,1001,1930,1932,42,90,FWD,9,50,1,IDLE,0
C3B93D0B,32637,33015.400,33015400,1000,1929,1932,42,90,FWD,9,50,1,IDLE,0
C3B93D0B,32638,33016.400,33016400,1000,1927,1932,42,90,FWD,9,50,1,IDLE,0
C3B93D0B,32639,33017.399,33017399,999,1929,1932,42,90,FWD,9,50,1,IDLE,0
C3B93D0B,32640,33018.400,33018400,1001,1933,1932,42,90,FWD,9,50,1,IDLE,0
C3B93D0B,32641,33019.399,33019399,999,1929,1932,42,90,FWD,9,50,1,IDLE,0
C3B93D0B,32642,33020.400,33020400,1001,1930,1932,42,90,FWD,9,50,1,IDLE,0
C3B93D0B,32643,33021.399,33021399,999,1930,1932,42,90,FWD,9,50,1,IDLE,0
C3B93D0B,32644,33022.400,33022400,1001,1930,1932,42,90,FWD,9,50,1,IDLE,0
C3B93D0B,32645,33023.399,33023399,999,1926,1932,42,90,FWD,9,50,1,IDLE,0
C3B93D0B,32646,33024.400,33024400,1001,1931,1932,42,90,FWD,9,50,1,IDLE,0
C3B93D0B,32647,33025.400,33025400,1000,1931,1932,42,90,FWD,9,50,1,IDLE,0
C3B93D0B,32648,33026.401,33026401,1001,1930,1932,42,90,FWD,9,50,1,IDLE,0
C3B93D0B,32649,33027.402,33027402,1001,1927,1932,42,90,FWD,9,50,1,IDLE,0
C3B93D0B,32650,33028.402,33028402,1000,1931,1932,42,90,FWD,9,50,1,IDLE,0
C3B93D0B,32651,33029.401,33029401,999,1930,1932,42,90,FWD,9,50,1,IDLE,0
C3B93D0B,32652,33030.400,33030400,999,1929,1932,42,90,FWD,9,50,1,IDLE,0
C3B93D0B,32653,33031.399,33031399,999,1930,1932,42,90,FWD,9,50,1,IDLE,0
C3B93D0B,32654,33032.569,33032569,1170,1931,1932,42,90,FWD,9,50,1,IDLE,0
C3B93D0B,32655,33034.595,33034595,2026,1929,1932,42,90,FWD,41,50,1,IDLE,0
C3B93D0B,32656,33034.931,33034931,336,1929,1932,42,90,FWD,9,50,1,IDLE,0
C3B93D0B,32657,33035.413,33035413,482,1932,1932,42,90,FWD,9,50,1,IDLE,0
C3B93D0B,32658,33036.491,33036491,1078,1927,1932,42,90,FWD,9,50,1,IDLE,0
C3B93D0B,32659,33037.399,33037399,908,1929,1932,42,90,FWD,9,50,1,IDLE,0
C3B93D0B,32660,33038.400,33038400,1001,1931,1932,42,90,FWD,9,50,1,IDLE,0
C3B93D0B,32661,33039.400,33039400,1000,1927,1932,42,90,FWD,9,50,1,IDLE,0
C3B93D0B,32662,33040.531,33040531,1131,1931,1932,42,90,FWD,9,50,1,IDLE,0
C3B93D0B,32663,33041.399,33041399,868,1932,1932,42,90,FWD,9,50,1,IDLE,0
C3B93D0B,32664,33042.400,33042400,1001,1930,1932,42,90,FWD,9,50,1,IDLE,0
C3B93D0B,32665,33043.399,33043399,999,1930,1932,42,90,FWD,9,50,1,IDLE,0
C3B93D0B,32666,33044.400,33044400,1001,1931,1932,42,90,FWD,9,50,1,IDLE,0
C3B93D0B,32667,33045.399,33045399,999,1927,1932,42,90,FWD,9,50,1,IDLE,0
C3B93D0B,32668,33046.400,33046400,1001,1930,1932,42,90,FWD,9,50,1,IDLE,0
C3B93D0B,32669,33047.399,33047399,999,1930,1932,42,90,FWD,9,50,1,IDLE,0
C3B93D0B,32670,33048.400,33048400,1001,1929,1932,43,90,FWD,9,50,1,IDLE,0
C3B93D0B,32671,33049.400,33049400,1000,1931,1932,43,90,FWD,9,50,1,IDLE,0
C3B93D0B,32672,33050.400,33050400,1000,1932,1932,43,90,FWD,9,50,1,IDLE,0
C3B93D0B,32673,33051.400,33051400,1000,1929,1932,43,90,FWD,9,50,1,IDLE,0
C3B93D0B,32674,33052.400,33052400,1000,1930,1932,43,90,FWD,9,50,1,IDLE,0
C3B93D0B,32675,33053.399,33053399,999,1929,1932,43,90,FWD,9,50,1,IDLE,0
C3B93D0B,32676,33054.400,33054400,1001,1930,1932,43,90,FWD,9,50,1,IDLE,0
C3B93D0B,32677,33055.399,33055399,999,1933,1932,43,90,FWD,9,50,1,IDLE,0
C3B93D0B,32678,33056.400,33056400,1001,1932,1932,43,90,FWD,9,50,1,IDLE,0
C3B93D0B,32679,33057.399,33057399,999,1931,1932,43,90,FWD,9,50,1,IDLE,0
C3B93D0B,32680,33058.400,33058400,1001,1930,1932,43,90,FWD,9,50,1,IDLE,0
C3B93D0B,32681,33059.400,33059400,1000,1931,1932,43,90,FWD,9,50,1,IDLE,0
C3B93D0B,32682,33060.400,33060400,1000,1929,1932,43,90,FWD,9,50,1,IDLE,0
C3B93D0B,32683,33061.399,33061399,999,1933,1932,43,90,FWD,9,50,1,IDLE,0
C3B93D0B,32684,33062.400,33062400,1001,1931,1932,43,90,FWD,9,50,1,IDLE,0
C3B93D0B,32685,33063.399,33063399,999,1931,1932,43,90,FWD,9,50,1,IDLE,0
C3B93D0B,32686,33064.400,33064400,1001,1929,1932,43,90,FWD,9,50,1,IDLE,0
C3B93D0B,32687,33065.399,33065399,999,1931,1932,43,90,FWD,9,50,1,IDLE,0
C3B93D0B,32688,33066.400,33066400,1001,1932,1932,43,90,FWD,9,50,1,IDLE,0
C3B93D0B,32689,33067.399,33067399,999,1933,1932,43,90,FWD,9,50,1,IDLE,0
C3B93D0B,32690,33068.400,33068400,1001,1933,1932,43,90,FWD,9,50,1,IDLE,0
C3B93D0B,32691,33069.400,33069400,1000,1931,1932,43,90,FWD,9,50,1,IDLE,0
C3B93D0B,32692,33070.400,33070400,1000,1929,1932,43,90,FWD,9,50,1,IDLE,0
C3B93D0B,32693,33071.399,33071399,999,1934,1932,43,90,FWD,9,50,1,IDLE,0
C3B93D0B,32694,33072.400,33072400,1001,1927,1932,43,90,FWD,9,50,1,IDLE,0
C3B93D0B,32695,33073.399,33073399,999,1930,1932,43,90,FWD,9,50,1,IDLE,0
C3B93D0B,32696,33074.400,33074400,1001,1930,1932,43,90,FWD,9,50,1,IDLE,0
C3B93D0B,32697,33075.399,33075399,999,1930,1932,43,90,FWD,9,50,1,IDLE,0
C3B93D0B,32698,33076.400,33076400,1001,1931,1932,43,90,FWD,9,50,1,IDLE,0
C3B93D0B,32699,33077.399,33077399,999,1926,1932,43,90,FWD,9,50,1,IDLE,0
C3B93D0B,32700,33078.400,33078400,1001,1929,1932,43,90,FWD,9,50,1,IDLE,0
C3B93D0B,32701,33079.400,33079400,1000,1931,1932,43,90,FWD,9,50,1,IDLE,0
C3B93D0B,32702,33080.761,33080761,1361,1931,1932,43,90,FWD,41,50,1,IDLE,0
C3B93D0B,32703,33081.399,33081399,638,1930,1932,43,90,FWD,9,50,1,IDLE,0
C3B93D0B,32704,33082.400,33082400,1001,1930,1932,43,90,FWD,9,50,1,IDLE,0
C3B93D0B,32705,33083.419,33083419,1019,1929,1932,43,90,FWD,9,50,1,IDLE,0
C3B93D0B,32706,33084.400,33084400,981,1930,1932,43,90,FWD,9,50,1,IDLE,0
C3B93D0B,32707,33085.399,33085399,999,1929,1932,43,90,FWD,9,50,1,IDLE,0
C3B93D0B,32708,33086.400,33086400,1001,1929,1932,43,90,FWD,9,50,1,IDLE,0
C3B93D0B,32709,33087.399,33087399,999,1931,1932,43,90,FWD,9,50,1,IDLE,0
C3B93D0B,32710,33088.400,33088400,1001,1931,1932,43,90,FWD,9,50,1,IDLE,0
C3B93D0B,32711,33089.399,33089399,999,1932,1932,43,90,FWD,9,50,1,IDLE,0
C3B93D0B,32712,33090.401,33090401,1002,1930,1932,43,90,FWD,9,50,1,IDLE,0
C3B93D0B,32713,33091.399,33091399,998,1927,1932,43,90,FWD,9,50,1,IDLE,0
C3B93D0B,32714,33092.400,33092400,1001,1930,1932,43,90,FWD,9,50,1,IDLE,0
C3B93D0B,32715,33093.399,33093399,999,1931,1932,43,90,FWD,9,50,1,IDLE,0
C3B93D0B,32716,33094.400,33094400,1001,1931,1932,43,90,FWD,9,50,1,IDLE,0
C3B93D0B,32717,33095.399,33095399,999,1931,1932,43,90,FWD,9,50,1,IDLE,0
C3B93D0B,32718,33096.400,33096400,1001,1929,1932,43,90,FWD,9,50,1,IDLE,0
C3B93D0B,32719,33097.399,33097399,999,1933,1932,43,90,FWD,9,50,1,IDLE,0
C3B93D0B,32720,33098.400,33098400,1001,1931,1932,43,90,FWD,9,50,1,IDLE,0
C3B93D0B,32721,33099.399,33099399,999,1927,1932,43,90,FWD,9,50,1,IDLE,0
C3B93D0B,32722,33100.401,33100401,1002,1929,1932,43,90,FWD,9,50,1,IDLE,0
C3B93D0B,32723,33101.399,33101399,998,1930,1932,43,90,FWD,9,50,1,IDLE,0
C3B93D0B,32724,33102.400,33102400,1001,1927,1932,43,90,FWD,9,50,1,IDLE,0
C3B93D0B,32725,33103.399,33103399,999,1930,1932,43,90,FWD,9,50,1,IDLE,0
C3B93D0B,32726,33104.400,33104400,1001,1931,1932,43,90,FWD,9,50,1,IDLE,0
C3B93D0B,32727,33105.399,33105399,999,1933,1932,43,90,FWD,9,50,1,IDLE,0
C3B93D0B,32728,33106.400,33106400,1001,1931,1932,43,90,FWD,9,50,1,IDLE,0
C3B93D0B,32729,33107.460,33107460,1060,1934,1932,43,90,FWD,9,50,1,IDLE,0
C3B93D0B,32730,33108.400,33108400,940,1931,1932,43,90,FWD,9,50,1,IDLE,0
C3B93D0B,32731,33109.399,33109399,999,1929,1932,43,90,FWD,9,50,1,IDLE,0
C3B93D0B,32732,33110.401,33110401,1002,1930,1932,43,90,FWD,9,50,1,IDLE,0
C3B93D0B,32733,33111.399,33111399,998,1930,1932,43,90,FWD,9,50,1,IDLE,0
C3B93D0B,32734,33112.400,33112400,1001,1929,1932,43,90,FWD,9,50,1,IDLE,0
C3B93D0B,32735,33113.399,33113399,999,1929,1932,43,90,FWD,9,50,1,IDLE,0
C3B93D0B,32736,33114.400,33114400,1001,1931,1932,43,90,FWD,9,50,1,IDLE,0
C3B93D0B,32737,33115.399,33115399,999,1933,1932,43,90,FWD,9,50,1,IDLE,0
C3B93D0B,32738,33116.721,33116721,1322,1929,1932,43,90,FWD,41,50,1,IDLE,0
C3B93D0B,32739,33117.399,33117399,678,1930,1932,43,90,FWD,9,50,1,IDLE,0
C3B93D0B,32740,33118.400,33118400,1001,1931,1932,43,90,FWD,9,50,1,IDLE,0
C3B93D0B,32741,33119.399,33119399,999,1932,1932,43,90,FWD,9,50,1,IDLE,0
C3B93D0B,32742,33120.401,33120401,1002,1930,1932,43,90,FWD,9,50,1,IDLE,0
C3B93D0B,32743,33121.399,33121399,998,1931,1932,43,90,FWD,9,50,1,IDLE,0
C3B93D0B,32744,33122.400,33122400,1001,1930,1932,43,90,FWD,9,50,1,IDLE,0
C3B93D0B,32745,33123.399,33123399,999,1931,1932,43,90,FWD,9,50,1,IDLE,0
C3B93D0B,32746,33124.400,33124400,1001,1928,1932,43,90,FWD,9,50,1,IDLE,0
C3B93D0B,32747,33125.767,33125767,1367,1931,1932,43,90,FWD,41,50,1,IDLE,0
C3B93D0B,32748,33126.400,33126400,633,1933,1932,43,90,FWD,9,50,1,IDLE,0
C3B93D0B,32749,33127.399,33127399,999,1929,1932,43,90,FWD,9,50,1,IDLE,0
C3B93D0B,32750,33128.400,33128400,1001,1927,1932,43,90,FWD,9,50,1,IDLE,0
C3B93D0B,32751,33129.399,33129399,999,1930,1932,43,90,FWD,9,50,1,IDLE,0
C3B93D0B,32752,33130.401,33130401,1002,1926,1932,43,90,FWD,9,50,1,IDLE,0
C3B93D0B,32753,33131.399,33131399,998,1931,1932,43,90,FWD,9,50,1,IDLE,0
C3B93D0B,32754,33132.400,33132400,1001,1930,1932,43,90,FWD,9,50,1,IDLE,0
C3B93D0B,32755,33133.399,33133399,999,1929,1932,43,90,FWD,9,50,1,IDLE,0
C3B93D0B,32756,33134.400,33134400,1001,1929,1932,43,90,FWD,9,50,1,IDLE,0
C3B93D0B,32757,33135.399,33135399,999,1932,1932,43,90,FWD,9,50,1,IDLE,0
C3B93D0B,32758,33136.400,33136400,1001,1929,1932,43,90,FWD,9,50,1,IDLE,0
C3B93D0B,32759,33137.399,33137399,999,1930,1932,43,90,FWD,9,50,1,IDLE,0
C3B93D0B,32760,33138.400,33138400,1001,1931,1932,43,90,FWD,9,50,1,IDLE,0
C3B93D0B,32761,33139.399,33139399,999,1930,1932,43,90,FWD,9,50,1,IDLE,0
C3B93D0B,32762,33140.401,33140401,1002,1930,1932,43,90,FWD,9,50,1,IDLE,0
C3B93D0B,32763,33141.399,33141399,998,1929,1932,43,90,FWD,9,50,1,IDLE,0
C3B93D0B,32764,33142.400,33142400,1001,1929,1932,43,90,FWD,9,50,1,IDLE,0
C3B93D0B,32765,33143.399,33143399,999,1930,1932,43,90,FWD,9,50,1,IDLE,0
C3B93D0B,32766,33144.400,33144400,1001,1933,1932,43,90,FWD,9,50,1,IDLE,0
C3B93D0B,32767,33145.399,33145399,999,1930,1932,43,90,FWD,9,50,1,IDLE,0
C3B93D0B,32768,33146.400,33146400,1001,1927,1932,43,90,FWD,9,50,1,IDLE,0
C3B93D0B,32769,33147.399,33147399,999,1931,1932,43,90,FWD,9,50,1,IDLE,0
C3B93D0B,32770,33148.400,33148400,1001,1927,1932,43,90,FWD,9,50,1,IDLE,0
C3B93D0B,32771,33149.483,33149483,1083,1930,1932,43,90,FWD,9,50,1,IDLE,0
C3B93D0B,32772,33150.401,33150401,918,1929,1932,43,90,FWD,9,50,1,IDLE,0
C3B93D0B,32773,33151.399,33151399,998,1931,1932,43,90,FWD,9,50,1,IDLE,0
C3B93D0B,32774,33152.400,33152400,1001,1926,1932,43,90,FWD,9,50,1,IDLE,0
C3B93D0B,32775,33153.399,33153399,999,1931,1932,43,90,FWD,9,50,1,IDLE,0
C3B93D0B,32776,33154.400,33154400,1001,1929,1932,43,90,FWD,9,50,1,IDLE,0
C3B93D0B,32777,33155.399,33155399,999,1929,1932,43,90,FWD,9,50,1,IDLE,0
C3B93D0B,32778,33156.400,33156400,1001,1927,1932,43,90,FWD,9,50,1,IDLE,0
C3B93D0B,32779,33157.399,33157399,999,1930,1932,43,90,FWD,9,50,1,IDLE,0
C3B93D0B,32780,33158.400,33158400,1001,1930,1932,43,90,FWD,9,50,1,IDLE,0
C3B93D0B,32781,33159.399,33159399,999,1931,1932,43,90,FWD,9,50,1,IDLE,0
C3B93D0B,32782,33160.401,33160401,1002,1929,1932,43,90,FWD,9,50,1,IDLE,0
C3B93D0B,32783,33161.399,33161399,998,1927,1932,43,90,FWD,9,50,1,IDLE,0
C3B93D0B,32784,33162.400,33162400,1001,1927,1932,43,90,FWD,9,50,1,IDLE,0
C3B93D0B,32785,33163.399,33163399,999,1931,1932,43,90,FWD,9,50,1,IDLE,0
C3B93D0B,32786,33164.400,33164400,1001,1930,1932,43,90,FWD,9,50,1,IDLE,0
C3B93D0B,32787,33165.399,33165399,999,1929,1932,43,90,FWD,9,50,1,IDLE,0
C3B93D0B,32788,33166.400,33166400,1001,1927,1932,43,90,FWD,9,50,1,IDLE,0
C3B93D0B,32789,33167.399,33167399,999,1929,1932,43,90,FWD,9,50,1,IDLE,0
C3B93D0B,32790,33168.400,33168400,1001,1927,1932,43,90,FWD,9,50,1,IDLE,0
C3B93D0B,32791,33169.399,33169399,999,1927,1932,43,90,FWD,9,50,1,IDLE,0
C3B93D0B,32792,33170.401,33170401,1002,1928,1932,43,90,FWD,9,50,1,IDLE,0
C3B93D0B,32793,33171.399,33171399,998,1930,1932,43,90,FWD,9,50,1,IDLE,0
C3B93D0B,32794,33172.400,33172400,1001,1926,1932,43,90,FWD,9,50,1,IDLE,0
C3B93D0B,32795,33173.399,33173399,999,1931,1932,43,90,FWD,9,50,1,IDLE,0
C3B93D0B,32796,33174.400,33174400,1001,1926,1932,43,90,FWD,9,50,1,IDLE,0
C3B93D0B,32797,33175.399,33175399,999,1931,1932,43,90,FWD,9,50,1,IDLE,0
C3B93D0B,32798,33176.400,33176400,1001,1929,1932,43,90,FWD,9,50,1,IDLE,0
C3B93D0B,32799,33177.399,33177399,999,1931,1932,43,90,FWD,9,50,1,IDLE,0
C3B93D0B,32800,33178.400,33178400,1001,1930,1932,43,90,FWD,9,50,1,IDLE,0
C3B93D0B,32801,33179.399,33179399,999,1931,1932,43,90,FWD,9,50,1,IDLE,0
C3B93D0B,32802,33180.401,33180401,1002,1930,1932,43,90,FWD,9,50,1,IDLE,0
C3B93D0B,32803,33181.733,33181733,1332,1926,1932,43,90,FWD,41,50,1,IDLE,0
C3B93D0B,32804,33182.399,33182399,666,1931,1932,43,90,FWD,9,50,1,IDLE,0
C3B93D0B,32805,33183.400,33183400,1001,1930,1932,43,90,FWD,9,50,1,IDLE,0
C3B93D0B,32806,33184.402,33184402,1002,1930,1932,43,90,FWD,9,50,1,IDLE,0
C3B93D0B,32807,33185.400,33185400,998,1927,1932,43,90,FWD,9,50,1,IDLE,0
C3B93D0B,32808,33186.399,33186399,999,1929,1932,43,90,FWD,9,50,1,IDLE,0
C3B93D0B,32809,33187.400,33187400,1001,1930,1932,43,90,FWD,9,50,1,IDLE,0
C3B93D0B,32810,33188.399,33188399,999,1931,1932,43,90,FWD,9,50,1,IDLE,0
C3B93D0B,32811,33189.400,33189400,1001,1929,1932,43,90,FWD,9,50,1,IDLE,0
C3B93D0B,32812,33190.400,33190400,1000,1933,1932,43,90,FWD,9,50,1,IDLE,0
C3B93D0B,32813,33191.400,33191400,1000,1929,1932,43,90,FWD,9,50,1,IDLE,0
C3B93D0B,32814,33192.399,33192399,999,1928,1932,43,90,FWD,9,50,1,IDLE,0
C3B93D0B,32815,33193.400,33193400,1001,1930,1932,43,90,FWD,9,50,1,IDLE,0
C3B93D0B,32816,33194.399,33194399,999,1930,1932,43,90,FWD,9,50,1,IDLE,0
C3B93D0B,32817,33195.400,33195400,1001,1929,1932,43,90,FWD,9,50,1,IDLE,0
C3B93D0B,32818,33196.399,33196399,999,1931,1932,43,90,FWD,9,50,1,IDLE,0
C3B93D0B,32819,33197.400,33197400,1001,1925,1932,43,90,FWD,9,50,1,IDLE,0
C3B93D0B,32820,33198.399,33198399,999,1929,1932,43,90,FWD,9,50,1,IDLE,0
C3B93D0B,32821,33199.400,33199400,1001,1931,1932,44,90,FWD,9,50,1,IDLE,0
C3B93D0B,32822,33200.400,33200400,1000,1929,1932,44,90,FWD,9,50,1,IDLE,0
C3B93D0B,32823,33201.400,33201400,1000,1933,1932,44,90,FWD,9,50,1,IDLE,0
C3B93D0B,32824,33202.399,33202399,999,1929,1932,44,90,FWD,9,50,1,IDLE,0
C3B93D0B,32825,33203.400,33203400,1001,1927,1932,44,90,FWD,9,50,1,IDLE,0
C3B93D0B,32826,33204.399,33204399,999,1926,1932,44,90,FWD,9,50,1,IDLE,0
C3B93D0B,32827,33205.400,33205400,1001,1927,1932,44,90,FWD,9,50,1,IDLE,0
C3B93D0B,32828,33206.399,33206399,999,1927,1932,44,90,FWD,9,50,1,IDLE,0
C3B93D0B,32829,33207.400,33207400,1001,1930,1932,44,90,FWD,9,50,1,IDLE,0
C3B93D0B,32830,33208.399,33208399,999,1927,1932,44,90,FWD,9,50,1,IDLE,0
C3B93D0B,32831,33209.735,33209735,1336,1931,1932,44,90,FWD,41,50,1,IDLE,0
C3B93D0B,32832,33210.400,33210400,665,1927,1932,44,90,FWD,9,50,1,IDLE,0
C3B93D0B,32833,33211.400,33211400,1000,1930,1932,44,90,FWD,9,50,1,IDLE,0
C3B93D0B,32834,33212.399,33212399,999,1929,1932,44,90,FWD,9,50,1,IDLE,0
C3B93D0B,32835,33213.863,33213863,1464,1931,1932,44,90,FWD,41,50,1,IDLE,0
C3B93D0B,32836,33214.399,33214399,536,1929,1932,44,90,FWD,9,50,1,IDLE,0
C3B93D0B,32837,33215.400,33215400,1001,1929,1932,44,90,FWD,9,50,1,IDLE,0
C3B93D0B,32838,33216.399,33216399,999,1930,1932,44,90,FWD,9,50,1,IDLE,0
C3B93D0B,32839,33217.400,33217400,1001,1927,1932,44,90,FWD,9,50,1,IDLE,0
C3B93D0B,32840,33218.552,33218552,1152,1929,1932,44,90,FWD,9,50,1,IDLE,0
C3B93D0B,32841,33219.400,33219400,848,1927,1932,44,90,FWD,9,50,1,IDLE,0
C3B93D0B,32842,33220.400,33220400,1000,1930,1932,44,90,FWD,9,50,1,IDLE,0
C3B93D0B,32843,33221.400,33221400,1000,1931,1932,44,90,FWD,9,50,1,IDLE,0
C3B93D0B,32844,33222.399,33222399,999,1927,1932,44,90,FWD,9,50,1,IDLE,0
C3B93D0B,32845,33223.400,33223400,1001,1930,1932,44,90,FWD,9,50,1,IDLE,0
C3B93D0B,32846,33224.399,33224399,999,1927,1932,44,90,FWD,9,50,1,IDLE,0
C3B93D0B,32847,33225.400,33225400,1001,1927,1932,44,90,FWD,9,50,1,IDLE,0
C3B93D0B,32848,33226.399,33226399,999,1928,1932,44,90,FWD,9,50,1,IDLE,0
C3B93D0B,32849,33227.400,33227400,1001,1927,1932,44,90,FWD,9,50,1,IDLE,0
C3B93D0B,32850,33228.399,33228399,999,1929,1932,44,90,FWD,9,50,1,IDLE,0
C3B93D0B,32851,33229.400,33229400,1001,1930,1932,44,90,FWD,9,50,1,IDLE,0
C3B93D0B,32852,33230.400,33230400,1000,1931,1932,44,90,FWD,9,50,1,IDLE,0
C3B93D0B,32853,33231.400,33231400,1000,1927,1932,44,90,FWD,9,50,1,IDLE,0
C3B93D0B,32854,33232.399,33232399,999,1930,1932,44,90,FWD,9,50,1,IDLE,0
C3B93D0B,32855,33233.400,33233400,1001,1929,1932,44,90,FWD,9,50,1,IDLE,0
C3B93D0B,32856,33234.399,33234399,999,1927,1932,44,90,FWD,9,50,1,IDLE,0
C3B93D0B,32857,33235.400,33235400,1001,1930,1932,44,90,FWD,9,50,1,IDLE,0
C3B93D0B,32858,33236.399,33236399,999,1929,1932,44,90,FWD,9,50,1,IDLE,0
C3B93D0B,32859,33237.400,33237400,1001,1926,1932,44,90,FWD,9,50,1,IDLE,0
C3B93D0B,32860,33238.399,33238399,999,1930,1932,44,90,FWD,9,50,1,IDLE,0
C3B93D0B,32861,33239.400,33239400,1001,1930,1932,44,90,FWD,9,50,1,IDLE,0
C3B93D0B,32862,33240.400,33240400,1000,1931,1932,44,90,FWD,9,50,1,IDLE,0
C3B93D0B,32863,33241.400,33241400,1000,1926,1932,44,90,FWD,9,50,1,IDLE,0
C3B93D0B,32864,33242.399,33242399,999,1929,1932,44,90,FWD,9,50,1,IDLE,0
C3B93D0B,32865,33243.400,33243400,1001,1930,1932,44,90,FWD,9,50,1,IDLE,0
C3B93D0B,32866,33244.399,33244399,999,1931,1932,44,90,FWD,9,50,1,IDLE,0
C3B93D0B,32867,33245.400,33245400,1001,1929,1932,44,90,FWD,9,50,1,IDLE,0
C3B93D0B,32868,33246.399,33246399,999,1928,1932,44,90,FWD,9,50,1,IDLE,0
C3B93D0B,32869,33247.400,33247400,1001,1929,1932,44,90,FWD,9,50,1,IDLE,0
C3B93D0B,32870,33248.399,33248399,999,1929,1932,44,90,FWD,9,50,1,IDLE,0
C3B93D0B,32871,33249.400,33249400,1001,1925,1932,44,90,FWD,9,50,1,IDLE,0
C3B93D0B,32872,33250.400,33250400,1000,1927,1932,44,90,FWD,9,50,1,IDLE,0
C3B93D0B,32873,33251.400,33251400,1000,1927,1932,44,90,FWD,9,50,1,IDLE,0
C3B93D0B,32874,33252.399,33252399,999,1925,1932,44,90,FWD,9,50,1,IDLE,0
C3B93D0B,32875,33253.400,33253400,1001,1929,1932,44,90,FWD,9,50,1,IDLE,0
C3B93D0B,32876,33254.399,33254399,999,1927,1932,44,90,FWD,9,50,1,IDLE,0
C3B93D0B,32877,33255.400,33255400,1001,1931,1932,44,90,FWD,9,50,1,IDLE,0
C3B93D0B,32878,33256.399,33256399,999,1931,1932,44,90,FWD,9,50,1,IDLE,0
C3B93D0B,32879,33257.400,33257400,1001,1929,1932,44,90,FWD,9,50,1,IDLE,0
C3B93D0B,32880,33258.399,33258399,999,1929,1932,44,90,FWD,9,50,1,IDLE,0
C3B93D0B,32881,33259.400,33259400,1001,1927,1932,44,90,FWD,9,50,1,IDLE,0
C3B93D0B,32882,33260.400,33260400,1000,1931,1932,44,90,FWD,9,50,1,IDLE,0
C3B93D0B,32883,33261.400,33261400,1000,1927,1932,44,90,FWD,9,50,1,IDLE,0
C3B93D0B,32884,33262.399,33262399,999,1930,1932,44,90,FWD,9,50,1,IDLE,0
C3B93D0B,32885,33263.400,33263400,1001,1927,1932,44,90,FWD,9,50,1,IDLE,0
C3B93D0B,32886,33264.399,33264399,999,1930,1932,44,90,FWD,9,50,1,IDLE,0
C3B93D0B,32887,33265.400,33265400,1001,1930,1932,44,90,FWD,9,50,1,IDLE,0
C3B93D0B,32888,33266.399,33266399,999,1927,1932,44,90,FWD,9,50,1,IDLE,0
C3B93D0B,32889,33267.400,33267400,1001,1930,1932,44,90,FWD,9,50,1,IDLE,0
C3B93D0B,32890,33268.820,33268820,1420,1929,1932,44,90,FWD,41,50,1,IDLE,0
C3B93D0B,32891,33269.400,33269400,580,1929,1932,44,90,FWD,9,50,1,IDLE,0
C3B93D0B,32892,33270.400,33270400,1000,1929,1932,44,90,FWD,9,50,1,IDLE,0
C3B93D0B,32893,33271.400,33271400,1000,1929,1932,44,90,FWD,9,50,1,IDLE,0
C3B93D0B,32894,33272.399,33272399,999,1930,1932,44,90,FWD,9,50,1,IDLE,0
C3B93D0B,32895,33273.400,33273400,1001,1927,1932,44,90,FWD,9,50,1,IDLE,0
C3B93D0B,32896,33274.427,33274427,1027,1939,1932,44,90,FWD,9,50,1,IDLE,0
C3B93D0B,32897,33275.400,33275400,973,1937,1932,44,90,FWD,9,50,1,IDLE,0
C3B93D0B,32898,33276.399,33276399,999,1938,1932,44,90,FWD,9,50,1,IDLE,0
C3B93D0B,32899,33277.400,33277400,1001,1937,1932,44,90,FWD,9,50,1,IDLE,0
C3B93D0B,32900,33278.399,33278399,999,1937,1932,44,90,FWD,9,50,1,IDLE,0
C3B93D0B,32901,33279.400,33279400,1001,1937,1932,44,90,FWD,9,50,1,IDLE,0
C3B93D0B,32902,33280.400,33280400,1000,1938,1932,44,90,FWD,9,50,1,IDLE,0
C3B93D0B,32903,33282.181,33282181,1781,1929,1932,44,90,FWD,41,50,1,IDLE,0
C3B93D0B,32904,33282.493,33282493,312,1929,1932,44,90,FWD,9,50,1,IDLE,0
C3B93D0B,32905,33283.641,33283641,1148,1927,1932,44,90,FWD,9,50,1,IDLE,0
C3B93D0B,32906,33284.399,33284399,758,1927,1932,44,90,FWD,9,50,1,IDLE,0
C3B93D0B,32907,33285.400,33285400,1001,1925,1932,44,90,FWD,9,50,1,IDLE,0
C3B93D0B,32908,33286.399,33286399,999,1927,1932,44,90,FWD,9,50,1,IDLE,0
C3B93D0B,32909,33287.400,33287400,1001,1929,1932,44,90,FWD,9,50,1,IDLE,0
C3B93D0B,32910,33288.399,33288399,999,1927,1932,44,90,FWD,9,50,1,IDLE,0
C3B93D0B,32911,33289.400,33289400,1001,1930,1932,44,90,FWD,9,50,1,IDLE,0
C3B93D0B,32912,33290.606,33290606,1206,1922,1932,44,90,FWD,9,50,1,IDLE,0
C3B93D0B,32913,33291.400,33291400,794,1926,1932,44,90,FWD,9,50,1,IDLE,0
C3B93D0B,32914,33292.399,33292399,999,1929,1932,44,90,FWD,9,50,1,IDLE,0
C3B93D0B,32915,33293.400,33293400,1001,1927,1932,44,90,FWD,9,50,1,IDLE,0
C3B93D0B,32916,33294.399,33294399,999,1926,1932,44,90,FWD,9,50,1,IDLE,0
C3B93D0B,32917,33295.400,33295400,1001,1926,1932,44,90,FWD,9,50,1,IDLE,0
C3B93D0B,32918,33296.399,33296399,999,1927,1932,44,90,FWD,9,50,1,IDLE,0
C3B93D0B,32919,33297.400,33297400,1001,1929,1932,44,90,FWD,9,50,1,IDLE,0
C3B93D0B,32920,33298.399,33298399,999,1929,1932,44,90,FWD,9,50,1,IDLE,0
C3B93D0B,32921,33299.400,33299400,1001,1926,1932,44,90,FWD,9,50,1,IDLE,0
C3B93D0B,32922,33300.400,33300400,1000,1926,1932,44,90,FWD,9,50,1,IDLE,0
C3B93D0B,32923,33301.400,33301400,1000,1929,1932,44,90,FWD,9,50,1,IDLE,0
C3B93D0B,32924,33302.399,33302399,999,1927,1932,44,90,FWD,9,50,1,IDLE,0
C3B93D0B,32925,33303.400,33303400,1001,1929,1932,44,90,FWD,9,50,1,IDLE,0
C3B93D0B,32926,33304.399,33304399,999,1929,1932,44,90,FWD,9,50,1,IDLE,0
C3B93D0B,32927,33305.400,33305400,1001,1927,1932,44,90,FWD,9,50,1,IDLE,0
C3B93D0B,32928,33306.694,33306694,1294,1930,1932,44,90,FWD,41,50,1,IDLE,0
C3B93D0B,32929,33307.400,33307400,706,1930,1932,44,90,FWD,9,50,1,IDLE,0
C3B93D0B,32930,33308.399,33308399,999,1930,1932,44,90,FWD,9,50,1,IDLE,0
C3B93D0B,32931,33309.400,33309400,1001,1929,1932,44,90,FWD,9,50,1,IDLE,0
C3B93D0B,32932,33310.400,33310400,1000,1930,1932,44,90,FWD,9,50,1,IDLE,0
C3B93D0B,32933,33311.400,33311400,1000,1930,1932,44,90,FWD,9,50,1,IDLE,0
C3B93D0B,32934,33312.479,33312479,1079,1927,1932,44,90,FWD,9,50,1,IDLE,0
C3B93D0B,32935,33313.400,33313400,921,1927,1932,44,90,FWD,9,50,1,IDLE,0
C3B93D0B,32936,33314.399,33314399,999,1931,1932,44,90,FWD,9,50,1,IDLE,0
C3B93D0B,32937,33315.400,33315400,1001,1925,1932,44,90,FWD,9,50,1,IDLE,0
C3B93D0B,32938,33316.399,33316399,999,1927,1932,44,90,FWD,9,50,1,IDLE,0
C3B93D0B,32939,33317.400,33317400,1001,1930,1932,44,90,FWD,9,50,1,IDLE,0
C3B93D0B,32940,33318.399,33318399,999,1930,1932,44,90,FWD,9,50,1,IDLE,0
C3B93D0B,32941,33319.400,33319400,1001,1926,1932,44,90,FWD,9,50,1,IDLE,0
C3B93D0B,32942,33320.400,33320400,1000,1927,1932,44,90,FWD,9,50,1,IDLE,0
C3B93D0B,32943,33321.400,33321400,1000,1925,1932,44,90,FWD,9,50,1,IDLE,0
C3B93D0B,32944,33322.399,33322399,999,1926,1932,44,90,FWD,9,50,1,IDLE,0
C3B93D0B,32945,33323.400,33323400,1001,1927,1932,44,90,FWD,9,50,1,IDLE,0
C3B93D0B,32946,33324.399,33324399,999,1927,1932,44,90,FWD,9,50,1,IDLE,0
C3B93D0B,32947,33325.400,33325400,1001,1929,1932,44,90,FWD,9,50,1,IDLE,0
C3B93D0B,32948,33326.399,33326399,999,1930,1932,44,90,FWD,9,50,1,IDLE,0
C3B93D0B,32949,33327.400,33327400,1001,1927,1932,44,90,FWD,9,50,1,IDLE,0
C3B93D0B,32950,33328.399,33328399,999,1929,1932,44,90,FWD,9,50,1,IDLE,0
C3B93D0B,32951,33329.400,33329400,1001,1929,1932,44,90,FWD,9,50,1,IDLE,0
C3B93D0B,32952,33330.400,33330400,1000,1929,1932,44,90,FWD,9,50,1,IDLE,0
C3B93D0B,32953,33331.400,33331400,1000,1929,1932,44,90,FWD,9,50,1,IDLE,0
C3B93D0B,32954,33332.399,33332399,999,1927,1932,44,90,FWD,9,50,1,IDLE,0
C3B93D0B,32955,33333.400,33333400,1001,1926,1932,44,90,FWD,9,50,1,IDLE,0
C3B93D0B,32956,33334.399,33334399,999,1927,1932,44,90,FWD,9,50,1,IDLE,0
C3B93D0B,32957,33335.400,33335400,1001,1930,1932,44,90,FWD,9,50,1,IDLE,0
C3B93D0B,32958,33336.399,33336399,999,1930,1932,44,90,FWD,9,50,1,IDLE,0
C3B93D0B,32959,33337.400,33337400,1001,1930,1932,44,90,FWD,9,50,1,IDLE,0
C3B93D0B,32960,33338.399,33338399,999,1929,1932,44,90,FWD,9,50,1,IDLE,0
C3B93D0B,32961,33339.400,33339400,1001,1926,1932,44,90,FWD,9,50,1,IDLE,0
C3B93D0B,32962,33340.400,33340400,1000,1927,1932,44,90,FWD,9,50,1,IDLE,0
C3B93D0B,32963,33341.400,33341400,1000,1927,1932,44,90,FWD,9,50,1,IDLE,0
C3B93D0B,32964,33342.399,33342399,999,1929,1932,44,90,FWD,9,50,1,IDLE,0
C3B93D0B,32965,33343.400,33343400,1001,1925,1932,44,90,FWD,9,50,1,IDLE,0
C3B93D0B,32966,33344.399,33344399,999,1930,1932,44,90,FWD,9,50,1,IDLE,0
C3B93D0B,32967,33345.400,33345400,1001,1927,1932,44,90,FWD,9,50,1,IDLE,0
C3B93D0B,32968,33346.399,33346399,999,1927,1932,44,90,FWD,9,50,1,IDLE,0
C3B93D0B,32969,33347.400,33347400,1001,1927,1932,44,90,FWD,9,50,1,IDLE,0
C3B93D0B,32970,33348.399,33348399,999,1927,1932,44,90,FWD,9,50,1,IDLE,0
C3B93D0B,32971,33349.400,33349400,1001,1929,1932,45,90,FWD,9,50,1,IDLE,0
C3B93D0B,32972,33350.400,33350400,1000,1927,1932,45,90,FWD,9,50,1,IDLE,0
C3B93D0B,32973,33351.400,33351400,1000,1925,1932,45,90,FWD,9,50,1,IDLE,0
C3B93D0B,32974,33352.399,33352399,999,1927,1932,45,90,FWD,9,50,1,IDLE,0
C3B93D0B,32975,33353.400,33353400,1001,1926,1932,45,90,FWD,9,50,1,IDLE,0
C3B93D0B,32976,33354.399,33354399,999,1930,1932,45,90,FWD,9,50,1,IDLE,0
C3B93D0B,32977,33355.400,33355400,1001,1930,1932,45,90,FWD,9,50,1,IDLE,0
C3B93D0B,32978,33356.399,33356399,999,1930,1932,45,90,FWD,9,50,1,IDLE,0
C3B93D0B,32979,33357.400,33357400,1001,1927,1932,45,90,FWD,9,50,1,IDLE,0
C3B93D0B,32980,33358.399,33358399,999,1927,1932,45,90,FWD,9,50,1,IDLE,0
C3B93D0B,32981,33359.400,33359400,1001,1926,1932,45,90,FWD,9,50,1,IDLE,0
C3B93D0B,32982,33360.400,33360400,1000,1927,1932,45,90,FWD,9,50,1,IDLE,0
C3B93D0B,32983,33361.400,33361400,1000,1925,1932,45,90,FWD,9,50,1,IDLE,0
C3B93D0B,32984,33362.399,33362399,999,1930,1932,45,90,FWD,9,50,1,IDLE,0
C3B93D0B,32985,33363.400,33363400,1001,1927,1932,45,90,FWD,9,50,1,IDLE,0
C3B93D0B,32986,33364.399,33364399,999,1926,1932,45,90,FWD,9,50,1,IDLE,0
C3B93D0B,32987,33365.400,33365400,1001,1927,1932,45,90,FWD,9,50,1,IDLE,0
C3B93D0B,32988,33366.399,33366399,999,1929,1932,45,90,FWD,9,50,1,IDLE,0
C3B93D0B,32989,33367.400,33367400,1001,1930,1932,45,90,FWD,9,50,1,IDLE,0
C3B93D0B,32990,33368.402,33368402,1002,1929,1932,45,90,FWD,9,50,1,IDLE,0
C3B93D0B,32991,33369.400,33369400,998,1929,1932,45,90,FWD,9,50,1,IDLE,0
C3B93D0B,32992,33370.400,33370400,1000,1930,1932,45,90,FWD,9,50,1,IDLE,0
C3B93D0B,32993,33371.400,33371400,1000,1929,1932,45,90,FWD,9,50,1,IDLE,0
C3B93D0B,32994,33372.399,33372399,999,1929,1932,45,90,FWD,9,50,1,IDLE,0
C3B93D0B,32995,33373.400,33373400,1001,1927,1932,45,90,FWD,9,50,1,IDLE,0
C3B93D0B,32996,33374.402,33374402,1002,1939,1932,45,90,FWD,9,50,1,IDLE,0
C3B93D0B,32997,33375.400,33375400,998,1937,1932,45,90,FWD,9,50,1,IDLE,0
C3B93D0B,32998,33376.399,33376399,999,1937,1932,45,90,FWD,9,50,1,IDLE,0
C3B93D0B,32999,33377.400,33377400,1001,1937,1932,45,90,FWD,9,50,1,IDLE,0
C3B93D0B,33000,33378.494,33378494,1094,1936,1932,45,90,FWD,9,50,1,IDLE,0
C3B93D0B,33001,33379.626,33379626,1132,1936,1932,45,90,FWD,9,50,1,IDLE,0
C3B93D0B,33002,33380.400,33380400,774,1936,1932,45,90,FWD,9,50,1,IDLE,0
C3B93D0B,33003,33382.179,33382179,1779,1922,1932,45,90,FWD,41,50,1,IDLE,0
C3B93D0B,33004,33382.804,33382804,625,1926,1932,45,90,FWD,9,50,1,IDLE,0
C3B93D0B,33005,33383.400,33383400,596,1926,1932,45,90,FWD,9,50,1,IDLE,0
C3B93D0B,33006,33384.399,33384399,999,1927,1932,45,90,FWD,9,50,1,IDLE,0
C3B93D0B,33007,33385.400,33385400,1001,1926,1932,45,90,FWD,9,50,1,IDLE,0
C3B93D0B,33008,33386.399,33386399,999,1929,1932,45,90,FWD,9,50,1,IDLE,0
C3B93D0B,33009,33387.400,33387400,1001,1924,1932,45,90,FWD,9,50,1,IDLE,0
C3B93D0B,33010,33388.399,33388399,999,1927,1932,45,90,FWD,9,50,1,IDLE,0
C3B93D0B,33011,33389.400,33389400,1001,1926,1932,45,90,FWD,9,50,1,IDLE,0
C3B93D0B,33012,33390.400,33390400,1000,1927,1932,45,90,FWD,9,50,1,IDLE,0
C3B93D0B,33013,33391.400,33391400,1000,1926,1932,45,90,FWD,9,50,1,IDLE,0
C3B93D0B,33014,33392.399,33392399,999,1927,1932,45,90,FWD,9,50,1,IDLE,0
C3B93D0B,33015,33393.400,33393400,1001,1930,1932,45,90,FWD,9,50,1,IDLE,0
C3B93D0B,33016,33394.399,33394399,999,1930,1932,45,90,FWD,9,50,1,IDLE,0
C3B93D0B,33017,33395.400,33395400,1001,1928,1932,45,90,FWD,9,50,1,IDLE,0
C3B93D0B,33018,33396.399,33396399,999,1930,1932,45,90,FWD,9,50,1,IDLE,0
C3B93D0B,33019,33397.400,33397400,1001,1925,1932,45,90,FWD,9,50,1,IDLE,0
C3B93D0B,33020,33398.399,33398399,999,1930,1932,45,90,FWD,9,50,1,IDLE,0
C3B93D0B,33021,33399.400,33399400,1001,1927,1932,45,90,FWD,9,50,1,IDLE,0
C3B93D0B,33022,33400.400,33400400,1000,1931,1932,45,90,FWD,9,50,1,IDLE,0
C3B93D0B,33023,33401.400,33401400,1000,1927,1932,45,90,FWD,9,50,1,IDLE,0
C3B93D0B,33024,33402.399,33402399,999,1930,1932,45,90,FWD,9,50,1,IDLE,0
C3B93D0B,33025,33403.400,33403400,1001,1927,1932,45,90,FWD,9,50,1,IDLE,0
C3B93D0B,33026,33404.399,33404399,999,1929,1932,45,90,FWD,9,50,1,IDLE,0
C3B93D0B,33027,33405.400,33405400,1001,1930,1932,45,90,FWD,9,50,1,IDLE,0
C3B93D0B,33028,33406.399,33406399,999,1929,1932,45,90,FWD,9,50,1,IDLE,0
C3B93D0B,33029,33407.400,33407400,1001,1931,1932,45,90,FWD,9,50,1,IDLE,0
C3B93D0B,33030,33408.399,33408399,999,1929,1932,45,90,FWD,9,50,1,IDLE,0
C3B93D0B,33031,33409.400,33409400,1001,1930,1932,45,90,FWD,9,50,1,IDLE,0
C3B93D0B,33032,33410.400,33410400,1000,1926,1932,45,90,FWD,9,50,1,IDLE,0
C3B93D0B,33033,33411.400,33411400,1000,1927,1932,45,90,FWD,9,50,1,IDLE,0
C3B93D0B,33034,33412.399,33412399,999,1927,1932,45,90,FWD,9,50,1,IDLE,0
C3B93D0B,33035,33413.400,33413400,1001,1927,1932,45,90,FWD,9,50,1,IDLE,0
C3B93D0B,33036,33414.487,33414487,1087,1927,1932,45,90,FWD,9,50,1,IDLE,0
C3B93D0B,33037,33415.400,33415400,913,1927,1932,45,90,FWD,9,50,1,IDLE,0
C3B93D0B,33038,33416.399,33416399,999,1929,1932,45,90,FWD,9,50,1,IDLE,0
C3B93D0B,33039,33417.400,33417400,1001,1929,1932,45,90,FWD,9,50,1,IDLE,0
C3B93D0B,33040,33418.399,33418399,999,1927,1932,45,90,FWD,9,50,1,IDLE,0
C3B93D0B,33041,33419.400,33419400,1001,1930,1932,45,90,FWD,9,50,1,IDLE,0
C3B93D0B,33042,33420.400,33420400,1000,1927,1932,45,90,FWD,9,50,1,IDLE,0
C3B93D0B,33043,33421.400,33421400,1000,1930,1932,45,90,FWD,9,50,1,IDLE,0
C3B93D0B,33044,33422.399,33422399,999,1928,1932,45,90,FWD,9,50,1,IDLE,0
C3B93D0B,33045,33423.400,33423400,1001,1931,1932,45,90,FWD,9,50,1,IDLE,0
C3B93D0B,33046,33424.399,33424399,999,1927,1932,45,90,FWD,9,50,1,IDLE,0
C3B93D0B,33047,33425.400,33425400,1001,1927,1932,45,90,FWD,9,50,1,IDLE,0
C3B93D0B,33048,33426.399,33426399,999,1930,1932,45,90,FWD,9,50,1,IDLE,0
C3B93D0B,33049,33427.400,33427400,1001,1929,1932,45,90,FWD,9,50,1,IDLE,0
C3B93D0B,33050,33428.399,33428399,999,1927,1932,45,90,FWD,9,50,1,IDLE,0
C3B93D0B,33051,33429.400,33429400,1001,1931,1932,45,90,FWD,9,50,1,IDLE,0
C3B93D0B,33052,33430.400,33430400,1000,1930,1932,45,90,FWD,9,50,1,IDLE,0
C3B93D0B,33053,33431.400,33431400,1000,1929,1932,45,90,FWD,9,50,1,IDLE,0
C3B93D0B,33054,33432.399,33432399,999,1930,1932,45,90,FWD,9,50,1,IDLE,0
C3B93D0B,33055,33433.403,33433403,1004,1926,1932,45,90,FWD,9,50,1,IDLE,0
C3B93D0B,33056,33434.399,33434399,996,1931,1932,45,90,FWD,9,50,1,IDLE,0
C3B93D0B,33057,33435.400,33435400,1001,1928,1932,45,90,FWD,9,50,1,IDLE,0
C3B93D0B,33058,33436.399,33436399,999,1928,1932,45,90,FWD,9,50,1,IDLE,0
C3B93D0B,33059,33437.400,33437400,1001,1931,1932,45,90,FWD,9,50,1,IDLE,0
C3B93D0B,33060,33438.399,33438399,999,1930,1932,45,90,FWD,9,50,1,IDLE,0
C3B93D0B,33061,33439.488,33439488,1089,1939,1932,45,90,FWD,9,50,1,IDLE,0
C3B93D0B,33062,33440.400,33440400,912,1938,1932,45,90,FWD,9,50,1,IDLE,0
C3B93D0B,33063,33441.400,33441400,1000,1939,1932,45,90,FWD,9,50,1,IDLE,0
C3B93D0B,33064,33442.399,33442399,999,1940,1932,45,90,FWD,9,50,1,IDLE,0
C3B93D0B,33065,33443.400,33443400,1001,1939,1932,45,90,FWD,9,50,1,IDLE,0
C3B93D0B,33066,33444.399,33444399,999,1938,1932,45,90,FWD,9,50,1,IDLE,0
C3B93D0B,33067,33445.400,33445400,1001,1938,1932,45,90,FWD,9,50,1,IDLE,0
C3B93D0B,33068,33446.399,33446399,999,1938,1932,45,90,FWD,9,50,1,IDLE,0
C3B93D0B,33069,33447.400,33447400,1001,1938,1932,45,90,FWD,9,50,1,IDLE,0
C3B93D0B,33070,33448.399,33448399,999,1938,1932,45,90,FWD,9,50,1,IDLE,0
C3B93D0B,33071,33449.400,33449400,1001,1937,1932,45,90,FWD,9,50,1,IDLE,0
C3B93D0B,33072,33450.400,33450400,1000,1939,1932,45,90,FWD,9,50,1,IDLE,0
C3B93D0B,33073,33451.400,33451400,1000,1937,1932,45,90,FWD,9,50,1,IDLE,0
C3B93D0B,33074,33452.399,33452399,999,1938,1932,45,90,FWD,9,50,1,IDLE,0
C3B93D0B,33075,33453.400,33453400,1001,1938,1932,45,90,FWD,9,50,1,IDLE,0
C3B93D0B,33076,33454.399,33454399,999,1937,1932,45,90,FWD,9,50,1,IDLE,0
C3B93D0B,33077,33455.400,33455400,1001,1936,1932,45,90,FWD,9,50,1,IDLE,0
C3B93D0B,33078,33456.399,33456399,999,1937,1932,45,90,FWD,9,50,1,IDLE,0
C3B93D0B,33079,33457.400,33457400,1001,1939,1932,45,90,FWD,9,50,1,IDLE,0
C3B93D0B,33080,33458.399,33458399,999,1939,1932,45,90,FWD,9,50,1,IDLE,0
C3B93D0B,33081,33459.400,33459400,1001,1938,1932,45,90,FWD,9,50,1,IDLE,0
C3B93D0B,33082,33460.400,33460400,1000,1939,1932,45,90,FWD,9,50,1,IDLE,0
C3B93D0B,33083,33461.400,33461400,1000,1936,1932,45,90,FWD,9,50,1,IDLE,0
C3B93D0B,33084,33462.399,33462399,999,1939,1932,45,90,FWD,9,50,1,IDLE,0
C3B93D0B,33085,33463.400,33463400,1001,1938,1932,45,90,FWD,9,50,1,IDLE,0
C3B93D0B,33086,33464.399,33464399,999,1940,1932,45,90,FWD,9,50,1,IDLE,0
C3B93D0B,33087,33465.400,33465400,1001,1938,1932,45,90,FWD,9,50,1,IDLE,0
C3B93D0B,33088,33466.399,33466399,999,1939,1932,45,90,FWD,9,50,1,IDLE,0
C3B93D0B,33089,33467.400,33467400,1001,1939,1932,45,90,FWD,9,50,1,IDLE,0
C3B93D0B,33090,33468.399,33468399,999,1939,1932,45,90,FWD,9,50,1,IDLE,0
C3B93D0B,33091,33469.400,33469400,1001,1939,1932,45,90,FWD,9,50,1,IDLE,0
C3B93D0B,33092,33470.400,33470400,1000,1939,1932,45,90,FWD,9,50,1,IDLE,0
C3B93D0B,33093,33471.400,33471400,1000,1938,1932,45,90,FWD,9,50,1,IDLE,0
C3B93D0B,33094,33472.399,33472399,999,1939,1932,45,90,FWD,9,50,1,IDLE,0
C3B93D0B,33095,33473.400,33473400,1001,1938,1932,45,90,FWD,9,50,1,IDLE,0
C3B93D0B,33096,33474.399,33474399,999,1941,1932,45,90,FWD,9,50,1,IDLE,0
C3B93D0B,33097,33475.400,33475400,1001,1938,1932,45,90,FWD,9,50,1,IDLE,0
C3B93D0B,33098,33476.399,33476399,999,1939,1932,45,90,FWD,9,50,1,IDLE,0
C3B93D0B,33099,33477.400,33477400,1001,1938,1932,45,90,FWD,9,50,1,IDLE,0
C3B93D0B,33100,33478.399,33478399,999,1939,1932,45,90,FWD,9,50,1,IDLE,0
C3B93D0B,33101,33479.400,33479400,1001,1939,1932,45,90,FWD,9,50,1,IDLE,0
C3B93D0B,33102,33480.400,33480400,1000,1941,1932,45,90,FWD,9,50,1,IDLE,0
C3B93D0B,33103,33482.165,33482165,1765,1930,1932,45,90,FWD,41,50,1,IDLE,0
C3B93D0B,33104,33482.473,33482473,308,1931,1932,45,90,FWD,9,50,1,IDLE,0
C3B93D0B,33105,33483.400,33483400,927,1928,1932,45,90,FWD,9,50,1,IDLE,0
C3B93D0B,33106,33484.402,33484402,1002,1931,1932,45,90,FWD,9,50,1,IDLE,0
C3B93D0B,33107,33485.400,33485400,998,1931,1932,45,90,FWD,9,50,1,IDLE,0
C3B93D0B,33108,33486.399,33486399,999,1933,1932,45,90,FWD,9,50,1,IDLE,0
C3B93D0B,33109,33487.400,33487400,1001,1931,1932,45,90,FWD,9,50,1,IDLE,0
C3B93D0B,33110,33488.399,33488399,999,1933,1932,45,90,FWD,9,50,1,IDLE,0
C3B93D0B,33111,33489.400,33489400,1001,1933,1932,45,90,FWD,9,50,1,IDLE,0
C3B93D0B,33112,33490.400,33490400,1000,1932,1932,45,90,FWD,9,50,1,IDLE,0
C3B93D0B,33113,33491.400,33491400,1000,1932,1932,45,90,FWD,9,50,1,IDLE,0
C3B93D0B,33114,33492.399,33492399,999,1931,1932,45,90,FWD,9,50,1,IDLE,0
C3B93D0B,33115,33493.400,33493400,1001,1934,1932,45,90,FWD,9,50,1,IDLE,0
C3B93D0B,33116,33494.399,33494399,999,1933,1932,45,90,FWD,9,50,1,IDLE,0
C3B93D0B,33117,33495.400,33495400,1001,1935,1932,45,90,FWD,9,50,1,IDLE,0
C3B93D0B,33118,33496.399,33496399,999,1935,1932,45,90,FWD,9,50,1,IDLE,0
C3B93D0B,33119,33497.400,33497400,1001,1932,1932,45,90,FWD,9,50,1,IDLE,0
C3B93D0B,33120,33498.399,33498399,999,1934,1932,45,90,FWD,9,50,1,IDLE,0
C3B93D0B,33121,33499.400,33499400,1001,1935,1932,46,90,FWD,9,50,1,IDLE,0
C3B93D0B,33122,33500.400,33500400,1000,1934,1932,46,90,FWD,9,50,1,IDLE,0
C3B93D0B,33123,33501.400,33501400,1000,1935,1932,46,90,FWD,9,50,1,IDLE,0
C3B93D0B,33124,33502.399,33502399,999,1935,1932,46,90,FWD,9,50,1,IDLE,0
C3B93D0B,33125,33503.400,33503400,1001,1936,1932,46,90,FWD,9,50,1,IDLE,0
C3B93D0B,33126,33504.399,33504399,999,1936,1932,46,90,FWD,9,50,1,IDLE,0
C3B93D0B,33127,33505.400,33505400,1001,1934,1932,46,90,FWD,9,50,1,IDLE,0
C3B93D0B,33128,33506.399,33506399,999,1935,1932,46,90,FWD,9,50,1,IDLE,0
C3B93D0B,33129,33507.400,33507400,1001,1936,1932,46,90,FWD,9,50,1,IDLE,0
C3B93D0B,33130,33508.399,33508399,999,1936,1932,46,90,FWD,9,50,1,IDLE,0
C3B93D0B,33131,33509.400,33509400,1001,1935,1932,46,90,FWD,9,50,1,IDLE,0
C3B93D0B,33132,33510.400,33510400,1000,1936,1932,46,90,FWD,9,50,1,IDLE,0
C3B93D0B,33133,33511.400,33511400,1000,1936,1932,46,90,FWD,9,50,1,IDLE,0
C3B93D0B,33134,33512.399,33512399,999,1936,1932,46,90,FWD,9,50,1,IDLE,0
C3B93D0B,33135,33513.400,33513400,1001,1936,1932,46,90,FWD,9,50,1,IDLE,0
C3B93D0B,33136,33514.399,33514399,999,1936,1932,46,90,FWD,9,50,1,IDLE,0
C3B93D0B,33137,33515.400,33515400,1001,1936,1932,46,90,FWD,9,50,1,IDLE,0
C3B93D0B,33138,33516.815,33516815,1415,1936,1932,46,90,FWD,41,50,1,IDLE,0
C3B93D0B,33139,33517.400,33517400,585,1936,1932,46,90,FWD,9,50,1,IDLE,0
C3B93D0B,33140,33518.399,33518399,999,1936,1932,46,90,FWD,9,50,1,IDLE,0
C3B93D0B,33141,33519.400,33519400,1001,1936,1932,46,90,FWD,9,50,1,IDLE,0
C3B93D0B,33142,33520.400,33520400,1000,1935,1932,46,90,FWD,9,50,1,IDLE,0
C3B93D0B,33143,33521.400,33521400,1000,1936,1932,46,90,FWD,9,50,1,IDLE,0
C3B93D0B,33144,33522.399,33522399,999,1937,1932,46,90,FWD,9,50,1,IDLE,0
C3B93D0B,33145,33523.400,33523400,1001,1936,1932,46,90,FWD,9,50,1,IDLE,0
C3B93D0B,33146,33524.399,33524399,999,1936,1932,46,90,FWD,9,50,1,IDLE,0
C3B93D0B,33147,33525.400,33525400,1001,1936,1932,46,90,FWD,9,50,1,IDLE,0
C3B93D0B,33148,33526.399,33526399,999,1936,1932,46,90,FWD,9,50,1,IDLE,0
C3B93D0B,33149,33527.400,33527400,1001,1937,1932,46,90,FWD,9,50,1,IDLE,0
C3B93D0B,33150,33528.399,33528399,999,1936,1932,46,90,FWD,9,50,1,IDLE,0
C3B93D0B,33151,33529.400,33529400,1001,1937,1932,46,90,FWD,9,50,1,IDLE,0
C3B93D0B,33152,33530.400,33530400,1000,1937,1932,46,90,FWD,9,50,1,IDLE,0
C3B93D0B,33153,33531.400,33531400,1000,1938,1932,46,90,FWD,9,50,1,IDLE,0
C3B93D0B,33154,33532.399,33532399,999,1938,1932,46,90,FWD,9,50,1,IDLE,0
C3B93D0B,33155,33533.400,33533400,1001,1939,1932,46,90,FWD,9,50,1,IDLE,0
C3B93D0B,33156,33534.453,33534453,1053,1937,1932,46,90,FWD,9,50,1,IDLE,0
C3B93D0B,33157,33535.400,33535400,947,1939,1932,46,90,FWD,9,50,1,IDLE,0
C3B93D0B,33158,33536.399,33536399,999,1942,1932,46,90,FWD,9,50,1,IDLE,0
C3B93D0B,33159,33537.400,33537400,1001,1940,1932,46,90,FWD,9,50,1,IDLE,0
C3B93D0B,33160,33538.399,33538399,999,1938,1932,46,90,FWD,9,50,1,IDLE,0
C3B93D0B,33161,33539.400,33539400,1001,1938,1932,46,90,FWD,9,50,1,IDLE,0
C3B93D0B,33162,33540.585,33540585,1185,1951,1932,46,90,FWD,9,50,1,IDLE,0
C3B93D0B,33163,33541.400,33541400,815,1951,1932,46,90,FWD,9,50,1,IDLE,0
C3B93D0B,33164,33542.399,33542399,999,1954,1932,46,90,FWD,9,50,1,IDLE,0
C3B93D0B,33165,33543.400,33543400,1001,1953,1932,46,90,FWD,9,50,1,IDLE,0
C3B93D0B,33166,33544.399,33544399,999,1952,1932,46,90,FWD,9,50,1,IDLE,0
C3B93D0B,33167,33545.400,33545400,1001,1952,1932,46,90,FWD,9,50,1,IDLE,0
C3B93D0B,33168,33546.399,33546399,999,1952,1932,46,90,FWD,9,50,1,IDLE,0
C3B93D0B,33169,33547.400,33547400,1001,1952,1932,46,90,FWD,9,50,1,IDLE,0
C3B93D0B,33170,33548.399,33548399,999,1953,1932,46,90,FWD,9,50,1,IDLE,0
C3B93D0B,33171,33549.400,33549400,1001,1953,1932,46,90,FWD,9,50,1,IDLE,0
C3B93D0B,33172,33550.400,33550400,1000,1953,1932,46,90,FWD,9,50,1,IDLE,0
C3B93D0B,33173,33551.400,33551400,1000,1951,1932,46,90,FWD,9,50,1,IDLE,0
C3B93D0B,33174,33552.399,33552399,999,1953,1932,46,90,FWD,9,50,1,IDLE,0
C3B93D0B,33175,33553.400,33553400,1001,1952,1932,46,90,FWD,9,50,1,IDLE,0
C3B93D0B,33176,33554.399,33554399,999,1953,1932,46,90,FWD,9,50,1,IDLE,0
C3B93D0B,33177,33555.400,33555400,1001,1953,1932,46,90,FWD,9,50,1,IDLE,0
C3B93D0B,33178,33556.399,33556399,999,1954,1932,46,90,FWD,9,50,1,IDLE,0
C3B93D0B,33179,33557.400,33557400,1001,1955,1932,46,90,FWD,9,50,1,IDLE,0
C3B93D0B,33180,33558.399,33558399,999,1955,1932,46,90,FWD,9,50,1,IDLE,0
C3B93D0B,33181,33559.400,33559400,1001,1954,1932,46,90,FWD,9,50,1,IDLE,0
C3B93D0B,33182,33560.400,33560400,1000,1953,1932,46,90,FWD,9,50,1,IDLE,0
C3B93D0B,33183,33561.400,33561400,1000,1955,1932,46,90,FWD,9,50,1,IDLE,0
C3B93D0B,33184,33562.399,33562399,999,1956,1932,46,90,FWD,9,50,1,IDLE,0
C3B93D0B,33185,33563.400,33563400,1001,1955,1932,46,90,FWD,9,50,1,IDLE,0
C3B93D0B,33186,33564.399,33564399,999,1957,1932,46,90,FWD,9,50,1,IDLE,0
C3B93D0B,33187,33565.400,33565400,1001,1957,1932,46,90,FWD,9,50,1,IDLE,0
C3B93D0B,33188,33566.399,33566399,999,1956,1932,46,90,FWD,9,50,1,IDLE,0
C3B93D0B,33189,33567.400,33567400,1001,1958,1932,46,90,FWD,9,50,1,IDLE,0
C3B93D0B,33190,33568.399,33568399,999,1958,1932,46,90,FWD,9,50,1,IDLE,0
C3B93D0B,33191,33569.400,33569400,1001,1955,1932,46,90,FWD,9,50,1,IDLE,0
C3B93D0B,33192,33570.400,33570400,1000,1956,1932,46,90,FWD,9,50,1,IDLE,0
C3B93D0B,33193,33571.400,33571400,1000,1958,1932,46,90,FWD,9,50,1,IDLE,0
C3B93D0B,33194,33572.399,33572399,999,1959,1932,46,90,FWD,9,50,1,IDLE,0
C3B93D0B,33195,33573.400,33573400,1001,1960,1932,46,90,FWD,9,50,1,IDLE,0
C3B93D0B,33196,33574.399,33574399,999,1961,1932,46,90,FWD,9,50,1,IDLE,0
C3B93D0B,33197,33575.400,33575400,1001,1959,1932,46,90,FWD,9,50,1,IDLE,0
C3B93D0B,33198,33576.399,33576399,999,1961,1932,46,90,FWD,9,50,1,IDLE,0
C3B93D0B,33199,33577.400,33577400,1001,1959,1932,46,90,FWD,9,50,1,IDLE,0
C3B93D0B,33200,33578.399,33578399,999,1961,1932,46,90,FWD,9,50,1,IDLE,0
C3B93D0B,33201,33579.400,33579400,1001,1963,1932,46,90,FWD,9,50,1,IDLE,0
C3B93D0B,33202,33580.400,33580400,1000,1962,1932,46,90,FWD,9,50,1,IDLE,0
C3B93D0B,33203,33582.181,33582181,1781,1949,1932,46,90,FWD,41,50,1,IDLE,0
C3B93D0B,33204,33582.492,33582492,311,1953,1932,46,90,FWD,9,50,1,IDLE,0
C3B93D0B,33205,33583.400,33583400,908,1953,1932,46,90,FWD,9,50,1,IDLE,0
C3B93D0B,33206,33584.399,33584399,999,1950,1932,46,90,FWD,9,50,1,IDLE,0
C3B93D0B,33207,33585.400,33585400,1001,1952,1932,46,90,FWD,9,50,1,IDLE,0
C3B93D0B,33208,33586.399,33586399,999,1952,1932,46,90,FWD,9,50,1,IDLE,0
C3B93D0B,33209,33587.400,33587400,1001,1954,1932,46,90,FWD,9,50,1,IDLE,0
C3B93D0B,33210,33588.399,33588399,999,1955,1932,46,90,FWD,9,50,1,IDLE,0
C3B93D0B,33211,33589.400,33589400,1001,1954,1932,46,90,FWD,9,50,1,IDLE,0
C3B93D0B,33212,33590.400,33590400,1000,1954,1932,46,90,FWD,9,50,1,IDLE,0
C3B93D0B,33213,33591.400,33591400,1000,1955,1932,46,90,FWD,9,50,1,IDLE,0
C3B93D0B,33214,33592.399,33592399,999,1958,1932,46,90,FWD,9,50,1,IDLE,0
C3B93D0B,33215,33593.400,33593400,1001,1954,1932,46,90,FWD,9,50,1,IDLE,0
C3B93D0B,33216,33594.399,33594399,999,1958,1932,46,90,FWD,9,50,1,IDLE,0
C3B93D0B,33217,33595.400,33595400,1001,1958,1932,46,90,FWD,9,50,1,IDLE,0
C3B93D0B,33218,33596.399,33596399,999,1961,1932,46,90,FWD,9,50,1,IDLE,0
C3B93D0B,33219,33597.400,33597400,1001,1958,1932,46,90,FWD,9,50,1,IDLE,0
C3B93D0B,33220,33598.399,33598399,999,1959,1932,46,90,FWD,9,50,1,IDLE,0
C3B93D0B,33221,33599.400,33599400,1001,1960,1932,46,90,FWD,9,50,1,IDLE,0
C3B93D0B,33222,33600.400,33600400,1000,1960,1932,46,90,FWD,9,50,1,IDLE,0
C3B93D0B,33223,33601.400,33601400,1000,1965,1932,46,90,FWD,9,50,1,IDLE,0
C3B93D0B,33224,33602.399,33602399,999,1964,1932,46,90,FWD,9,50,1,IDLE,0
C3B93D0B,33225,33603.400,33603400,1001,1964,1932,46,90,FWD,9,50,1,IDLE,0
C3B93D0B,33226,33604.399,33604399,999,1964,1932,46,90,FWD,9,50,1,IDLE,0
C3B93D0B,33227,33605.400,33605400,1001,1962,1932,46,90,FWD,9,50,1,IDLE,0
C3B93D0B,33228,33606.399,33606399,999,1966,1932,46,90,FWD,9,50,1,IDLE,0
C3B93D0B,33229,33607.400,33607400,1001,1967,1932,46,90,FWD,9,50,1,IDLE,0
C3B93D0B,33230,33608.399,33608399,999,1965,1932,46,90,FWD,9,50,1,IDLE,0
C3B93D0B,33231,33609.400,33609400,1001,1967,1932,46,90,FWD,9,50,1,IDLE,0
C3B93D0B,33232,33610.400,33610400,1000,1965,1932,46,90,FWD,9,50,1,IDLE,0
C3B93D0B,33233,33611.400,33611400,1000,1967,1932,46,90,FWD,9,50,1,IDLE,0
C3B93D0B,33234,33612.399,33612399,999,1967,1932,46,90,FWD,9,50,1,IDLE,0
C3B93D0B,33235,33613.689,33613689,1290,1968,1932,46,90,FWD,41,50,1,IDLE,0
C3B93D0B,33236,33614.399,33614399,710,1968,1932,46,90,FWD,9,50,1,IDLE,0
C3B93D0B,33237,33615.400,33615400,1001,1969,1932,46,90,FWD,9,50,1,IDLE,0
C3B93D0B,33238,33616.399,33616399,999,1968,1932,46,90,FWD,9,50,1,IDLE,0
C3B93D0B,33239,33617.400,33617400,1001,1969,1932,46,90,FWD,9,50,1,IDLE,0
C3B93D0B,33240,33618.399,33618399,999,1970,1932,46,90,FWD,9,50,1,IDLE,0
C3B93D0B,33241,33619.400,33619400,1001,1968,1932,46,90,FWD,9,50,1,IDLE,0
C3B93D0B,33242,33620.400,33620400,1000,1968,1932,46,90,FWD,9,50,1,IDLE,0
C3B93D0B,33243,33621.400,33621400,1000,1969,1932,46,90,FWD,9,50,1,IDLE,0
C3B93D0B,33244,33622.399,33622399,999,1970,1932,46,90,FWD,9,50,1,IDLE,0
C3B93D0B,33245,33623.400,33623400,1001,1970,1932,46,90,FWD,9,50,1,IDLE,0
C3B93D0B,33246,33624.399,33624399,999,1970,1932,46,90,FWD,9,50,1,IDLE,0
C3B93D0B,33247,33625.400,33625400,1001,1970,1932,46,90,FWD,9,50,1,IDLE,0
C3B93D0B,33248,33626.399,33626399,999,1974,1932,46,90,FWD,9,50,1,IDLE,0
C3B93D0B,33249,33627.400,33627400,1001,1974,1932,46,90,FWD,9,50,1,IDLE,0
C3B93D0B,33250,33628.399,33628399,999,1975,1932,46,90,FWD,9,50,1,IDLE,0
C3B93D0B,33251,33629.400,33629400,1001,1974,1932,46,90,FWD,9,50,1,IDLE,0
C3B93D0B,33252,33630.400,33630400,1000,1976,1932,46,90,FWD,9,50,1,IDLE,0
C3B93D0B,33253,33631.400,33631400,1000,1978,1932,46,90,FWD,9,50,1,IDLE,0
C3B93D0B,33254,33632.399,33632399,999,1979,1932,46,90,FWD,9,50,1,IDLE,0
C3B93D0B,33255,33633.400,33633400,1001,1978,1932,46,90,FWD,9,50,1,IDLE,0
C3B93D0B,33256,33634.399,33634399,999,1980,1932,46,90,FWD,9,50,1,IDLE,0
C3B93D0B,33257,33635.400,33635400,1001,1979,1932,46,90,FWD,9,50,1,IDLE,0
C3B93D0B,33258,33636.399,33636399,999,1979,1932,46,90,FWD,9,50,1,IDLE,0
C3B93D0B,33259,33637.536,33637536,1137,1982,1932,46,90,FWD,9,50,1,IDLE,0
C3B93D0B,33260,33638.399,33638399,863,1980,1932,46,90,FWD,9,50,1,IDLE,0
C3B93D0B,33261,33639.400,33639400,1001,1983,1932,46,90,FWD,9,50,1,IDLE,0
C3B93D0B,33262,33640.400,33640400,1000,1984,1932,46,90,FWD,9,50,1,IDLE,0
C3B93D0B,33263,33641.400,33641400,1000,1985,1932,46,90,FWD,9,50,1,IDLE,0
C3B93D0B,33264,33642.399,33642399,999,1985,1932,46,90,FWD,9,50,1,IDLE,0
C3B93D0B,33265,33643.400,33643400,1001,1997,1932,46,90,FWD,9,50,1,IDLE,0
C3B93D0B,33266,33644.399,33644399,999,1997,1932,46,90,FWD,9,50,1,IDLE,0
C3B93D0B,33267,33645.400,33645400,1001,1998,1932,46,90,FWD,9,50,1,IDLE,0
C3B93D0B,33268,33646.399,33646399,999,1999,1932,46,90,FWD,9,50,1,IDLE,0
C3B93D0B,33269,33647.400,33647400,1001,1998,1932,46,90,FWD,9,50,1,IDLE,0
C3B93D0B,33270,33648.399,33648399,999,1999,1932,46,90,FWD,9,50,1,IDLE,0
C3B93D0B,33271,33649.400,33649400,1001,2000,1932,47,90,FWD,9,50,1,IDLE,0
C3B93D0B,33272,33650.400,33650400,1000,2000,1932,47,90,FWD,9,50,1,IDLE,0
C3B93D0B,33273,33651.400,33651400,1000,1999,1932,47,90,FWD,9,50,1,IDLE,0
C3B93D0B,33274,33652.399,33652399,999,2000,1932,47,90,FWD,9,50,1,IDLE,0
C3B93D0B,33275,33653.400,33653400,1001,2000,1932,47,90,FWD,9,50,1,IDLE,0
C3B93D0B,33276,33654.399,33654399,999,2000,1932,47,90,FWD,9,50,1,IDLE,0
C3B93D0B,33277,33655.400,33655400,1001,2000,1932,47,90,FWD,9,50,1,IDLE,0
C3B93D0B,33278,33656.399,33656399,999,2003,1932,47,90,FWD,9,50,1,IDLE,0
C3B93D0B,33279,33657.400,33657400,1001,2002,1932,47,90,FWD,25,50,1,IDLE,0
C3B93D0B,33280,33658.399,33658399,999,2003,1932,47,90,FWD,25,50,1,IDLE,0
C3B93D0B,33281,33659.400,33659400,1001,2003,1932,47,90,FWD,25,50,1,IDLE,0
C3B93D0B,33282,33660.400,33660400,1000,2005,1932,47,90,FWD,25,50,1,IDLE,0
C3B93D0B,33283,33661.400,33661400,1000,2003,1932,47,90,FWD,25,50,1,IDLE,0
C3B93D0B,33284,33662.399,33662399,999,2007,1932,47,90,FWD,25,50,1,IDLE,0
C3B93D0B,33285,33663.400,33663400,1001,2009,1932,47,90,FWD,25,50,1,IDLE,0
C3B93D0B,33286,33664.399,33664399,999,2007,1932,47,90,FWD,25,50,1,IDLE,0
C3B93D0B,33287,33665.400,33665400,1001,2009,1932,47,90,FWD,25,50,1,IDLE,0
C3B93D0B,33288,33666.399,33666399,999,2011,1932,47,90,FWD,25,50,1,IDLE,0
C3B93D0B,33289,33667.400,33667400,1001,2013,1932,47,90,FWD,25,50,1,IDLE,0
C3B93D0B,33290,33668.399,33668399,999,2013,1932,47,90,FWD,25,50,1,IDLE,0
C3B93D0B,33291,33669.400,33669400,1001,2013,1932,47,90,FWD,25,50,1,IDLE,0
C3B93D0B,33292,33670.400,33670400,1000,2014,1932,47,90,FWD,25,50,1,IDLE,0
C3B93D0B,33293,33671.400,33671400,1000,2015,1932,47,90,FWD,25,50,1,IDLE,0
C3B93D0B,33294,33672.399,33672399,999,2016,1932,47,90,FWD,25,50,1,IDLE,0
C3B93D0B,33295,33673.400,33673400,1001,2015,1932,47,90,FWD,25,50,1,IDLE,0
C3B93D0B,33296,33674.399,33674399,999,2016,1932,47,90,FWD,25,50,1,IDLE,0
C3B93D0B,33297,33675.400,33675400,1001,2017,1932,47,90,FWD,25,50,1,IDLE,0
C3B93D0B,33298,33676.399,33676399,999,2020,1932,47,90,FWD,25,50,1,IDLE,0
C3B93D0B,33299,33677.400,33677400,1001,2018,1932,47,90,FWD,25,50,1,IDLE,0
C3B93D0B,33300,33678.399,33678399,999,2022,1932,47,90,FWD,25,50,1,IDLE,0
C3B93D0B,33301,33679.400,33679400,1001,2020,1932,47,90,FWD,25,50,1,IDLE,0
C3B93D0B,33302,33680.400,33680400,1000,2023,1932,47,90,FWD,25,50,1,IDLE,0
C3B93D0B,33303,33682.178,33682178,1778,2012,1932,47,90,FWD,57,50,1,IDLE,0
C3B93D0B,33304,33682.494,33682494,316,2011,1932,47,90,FWD,25,50,1,IDLE,0
C3B93D0B,33305,33683.400,33683400,906,2012,1932,47,90,FWD,25,50,1,IDLE,0
C3B93D0B,33306,33684.399,33684399,999,2015,1932,47,90,FWD,25,50,1,IDLE,0
C3B93D0B,33307,33685.400,33685400,1001,2013,1932,47,90,FWD,25,50,1,IDLE,0
C3B93D0B,33308,33686.399,33686399,999,2018,1932,47,90,FWD,25,50,1,IDLE,0
C3B93D0B,33309,33687.400,33687400,1001,2018,1932,47,90,FWD,25,50,1,IDLE,0
C3B93D0B,33310,33688.399,33688399,999,2018,1932,47,90,FWD,25,50,1,IDLE,0
C3B93D0B,33311,33689.400,33689400,1001,2020,1932,47,90,FWD,25,50,1,IDLE,0
C3B93D0B,33312,33690.400,33690400,1000,2021,1932,47,90,FWD,25,50,1,IDLE,0
C3B93D0B,33313,33691.400,33691400,1000,2021,1932,47,90,FWD,25,50,1,IDLE,0
C3B93D0B,33314,33692.399,33692399,999,2023,1932,47,90,FWD,25,50,1,IDLE,0
C3B93D0B,33315,33693.400,33693400,1001,2025,1932,47,90,FWD,25,50,1,IDLE,0
C3B93D0B,33316,33694.399,33694399,999,2026,1932,47,90,FWD,25,50,1,IDLE,0
C3B93D0B,33317,33695.400,33695400,1001,2025,1932,47,90,FWD,25,50,1,IDLE,0
C3B93D0B,33318,33696.399,33696399,999,2027,1932,47,90,FWD,25,50,1,IDLE,0
C3B93D0B,33319,33697.400,33697400,1001,2029,1932,47,90,FWD,25,50,1,IDLE,0
C3B93D0B,33320,33698.399,33698399,999,2030,1932,47,90,FWD,25,50,1,IDLE,0
C3B93D0B,33321,33699.400,33699400,1001,2030,1932,47,90,FWD,25,50,1,IDLE,0
C3B93D0B,33322,33700.400,33700400,1000,2031,1932,47,90,FWD,25,50,1,IDLE,0
C3B93D0B,33323,33701.400,33701400,1000,2032,1932,47,90,FWD,25,50,1,IDLE,0
C3B93D0B,33324,33702.399,33702399,999,2032,1932,47,90,FWD,25,50,1,IDLE,0
C3B93D0B,33325,33703.400,33703400,1001,2032,1932,47,90,FWD,25,50,1,IDLE,0
C3B93D0B,33326,33704.399,33704399,999,2034,1932,47,90,FWD,25,50,1,IDLE,0
C3B93D0B,33327,33705.400,33705400,1001,2034,1932,47,90,FWD,25,50,1,IDLE,0
C3B93D0B,33328,33706.399,33706399,999,2034,1932,47,90,FWD,25,50,1,IDLE,0
C3B93D0B,33329,33707.400,33707400,1001,2034,1932,47,90,FWD,25,50,1,IDLE,0
C3B93D0B,33330,33708.399,33708399,999,2038,1932,47,90,FWD,25,50,1,IDLE,0
C3B93D0B,33331,33709.400,33709400,1001,2035,1932,47,90,FWD,25,50,1,IDLE,0
C3B93D0B,33332,33710.400,33710400,1000,2038,1932,47,90,FWD,25,50,1,IDLE,0
C3B93D0B,33333,33711.400,33711400,1000,2037,1932,47,90,FWD,25,50,1,IDLE,0
C3B93D0B,33334,33712.399,33712399,999,2038,1932,47,90,FWD,25,50,1,IDLE,0
C3B93D0B,33335,33713.400,33713400,1001,2041,1932,47,90,FWD,25,50,1,IDLE,0
C3B93D0B,33336,33714.399,33714399,999,2043,1932,47,90,FWD,25,50,1,IDLE,0
C3B93D0B,33337,33715.400,33715400,1001,2043,1932,47,90,FWD,25,50,1,IDLE,0
C3B93D0B,33338,33716.399,33716399,999,2043,1932,47,90,FWD,25,50,1,IDLE,0
C3B93D0B,33339,33717.400,33717400,1001,2046,1932,47,90,FWD,25,50,1,IDLE,0
C3B93D0B,33340,33718.399,33718399,999,2046,1932,47,90,FWD,25,50,1,IDLE,0
C3B93D0B,33341,33719.400,33719400,1001,2047,1932,47,90,FWD,25,50,1,IDLE,0
C3B93D0B,33342,33720.400,33720400,1000,2047,1932,47,90,FWD,25,50,1,IDLE,0
C3B93D0B,33343,33721.482,33721482,1082,2054,1932,47,90,FWD,25,50,1,IDLE,0
C3B93D0B,33344,33722.399,33722399,917,2047,1932,47,90,FWD,25,50,1,IDLE,0
C3B93D0B,33345,33723.400,33723400,1001,2054,1932,47,90,FWD,25,50,1,IDLE,0
C3B93D0B,33346,33724.399,33724399,999,2055,1932,47,90,FWD,25,50,1,IDLE,0
C3B93D0B,33347,33725.400,33725400,1001,2055,1932,47,90,FWD,25,50,1,IDLE,0
C3B93D0B,33348,33726.399,33726399,999,2055,1932,47,90,FWD,25,50,1,IDLE,0
C3B93D0B,33349,33727.400,33727400,1001,2059,1932,47,90,FWD,25,50,1,IDLE,0
C3B93D0B,33350,33728.399,33728399,999,2060,1932,47,90,FWD,25,50,1,IDLE,0
C3B93D0B,33351,33729.400,33729400,1001,2063,1932,47,90,FWD,25,50,1,IDLE,0
C3B93D0B,33352,33730.400,33730400,1000,2062,1932,47,90,FWD,25,50,1,IDLE,0
C3B93D0B,33353,33731.400,33731400,1000,2062,1932,47,90,FWD,25,50,1,IDLE,0
C3B93D0B,33354,33732.399,33732399,999,2063,1932,47,90,FWD,25,50,1,IDLE,0
C3B93D0B,33355,33733.400,33733400,1001,2064,1932,47,90,FWD,25,50,1,IDLE,0
C3B93D0B,33356,33734.399,33734399,999,2062,1932,47,90,FWD,25,50,1,IDLE,0
C3B93D0B,33357,33735.400,33735400,1001,2064,1932,47,90,FWD,25,50,1,IDLE,0
C3B93D0B,33358,33736.600,33736600,1200,2064,1932,47,90,FWD,25,50,1,IDLE,0
C3B93D0B,33359,33737.400,33737400,800,2064,1932,47,90,FWD,25,50,1,IDLE,0
C3B93D0B,33360,33738.399,33738399,999,2064,1932,47,90,FWD,25,50,1,IDLE,0
C3B93D0B,33361,33739.400,33739400,1001,2066,1932,47,90,FWD,25,50,1,IDLE,0
C3B93D0B,33362,33740.400,33740400,1000,2067,1932,47,90,FWD,25,50,1,IDLE,0
C3B93D0B,33363,33741.400,33741400,1000,2066,1932,47,90,FWD,25,50,1,IDLE,0
C3B93D0B,33364,33742.399,33742399,999,2082,1932,47,90,FWD,25,50,1,IDLE,0
C3B93D0B,33365,33743.400,33743400,1001,2082,1932,47,90,FWD,25,50,1,IDLE,0
C3B93D0B,33366,33744.399,33744399,999,2082,1932,47,90,FWD,25,50,1,IDLE,0
C3B93D0B,33367,33745.400,33745400,1001,2081,1932,47,90,FWD,25,50,1,IDLE,0
C3B93D0B,33368,33746.399,33746399,999,2081,1932,47,90,FWD,25,50,1,IDLE,0
C3B93D0B,33369,33747.400,33747400,1001,2082,1932,47,90,FWD,25,50,1,IDLE,0
C3B93D0B,33370,33748.399,33748399,999,2084,1932,47,90,FWD,25,50,1,IDLE,0
C3B93D0B,33371,33749.400,33749400,1001,2084,1932,47,90,FWD,25,50,1,IDLE,0
C3B93D0B,33372,33750.400,33750400,1000,2086,1932,47,90,FWD,25,50,1,IDLE,0
C3B93D0B,33373,33751.800,33751800,1400,2085,1932,47,90,FWD,57,50,1,IDLE,0
C3B93D0B,33374,33753.054,33753054,1254,2074,1932,47,90,FWD,57,50,1,IDLE,0
C3B93D0B,33375,33753.703,33753703,649,2075,1932,47,90,FWD,25,50,1,IDLE,0
C3B93D0B,33376,33754.399,33754399,696,2075,1932,47,90,FWD,25,50,1,IDLE,0
C3B93D0B,33377,33755.400,33755400,1001,2076,1932,47,90,FWD,25,50,1,IDLE,0
C3B93D0B,33378,33756.399,33756399,999,2079,1932,47,90,FWD,25,50,1,IDLE,0
C3B93D0B,33379,33757.400,33757400,1001,2078,1932,47,90,FWD,25,50,1,IDLE,0
C3B93D0B,33380,33758.399,33758399,999,2079,1932,47,90,FWD,25,50,1,IDLE,0
C3B93D0B,33381,33759.400,33759400,1001,2082,1932,47,90,FWD,25,50,1,IDLE,0
C3B93D0B,33382,33760.399,33760399,999,2082,1932,47,90,FWD,25,50,1,IDLE,0
C3B93D0B,33383,33761.401,33761401,1002,2081,1932,47,90,FWD,25,50,1,IDLE,0
C3B93D0B,33384,33762.399,33762399,998,2083,1932,47,90,FWD,25,50,1,IDLE,0
C3B93D0B,33385,33763.400,33763400,1001,2085,1932,47,90,FWD,25,50,1,IDLE,0
C3B93D0B,33386,33764.399,33764399,999,2083,1932,47,90,FWD,25,50,1,IDLE,0
C3B93D0B,33387,33765.400,33765400,1001,2085,1932,47,90,FWD,25,50,1,IDLE,0
C3B93D0B,33388,33766.399,33766399,999,2084,1932,47,90,FWD,25,50,1,IDLE,0
C3B93D0B,33389,33767.400,33767400,1001,2085,1932,47,90,FWD,25,50,1,IDLE,0
C3B93D0B,33390,33768.399,33768399,999,2086,1932,47,90,FWD,25,50,1,IDLE,0
C3B93D0B,33391,33769.400,33769400,1001,2089,1932,47,90,FWD,25,50,1,IDLE,0
C3B93D0B,33392,33770.399,33770399,999,2088,1932,47,90,FWD,25,50,1,IDLE,0
C3B93D0B,33393,33771.401,33771401,1002,2090,1932,47,90,FWD,25,50,1,IDLE,0
C3B93D0B,33394,33772.399,33772399,998,2091,1932,47,90,FWD,25,50,1,IDLE,0
C3B93D0B,33395,33773.400,33773400,1001,2090,1932,47,90,FWD,25,50,1,IDLE,0
C3B93D0B,33396,33774.399,33774399,999,2092,1932,47,90,FWD,25,50,1,IDLE,0
C3B93D0B,33397,33775.400,33775400,1001,2093,1932,47,90,FWD,25,50,1,IDLE,0
C3B93D0B,33398,33776.399,33776399,999,2091,1932,47,90,FWD,25,50,1,IDLE,0
C3B93D0B,33399,33777.400,33777400,1001,2091,1932,47,90,FWD,25,50,1,IDLE,0
C3B93D0B,33400,33778.399,33778399,999,2095,1932,47,90,FWD,25,50,1,IDLE,0
C3B93D0B,33401,33779.400,33779400,1001,2093,1932,47,90,FWD,25,50,1,IDLE,0
C3B93D0B,33402,33780.399,33780399,999,2095,1932,47,90,FWD,25,50,1,IDLE,0
C3B93D0B,33403,33781.401,33781401,1002,2096,1932,47,90,FWD,25,50,1,IDLE,0
C3B93D0B,33404,33782.554,33782554,1153,2094,1932,47,90,FWD,25,50,1,IDLE,0
C3B93D0B,33405,33783.399,33783399,845,2095,1932,47,90,FWD,25,50,1,IDLE,0
C3B93D0B,33406,33784.400,33784400,1001,2096,1932,47,90,FWD,25,50,1,IDLE,0
C3B93D0B,33407,33785.399,33785399,999,2097,1932,47,90,FWD,25,50,1,IDLE,0
C3B93D0B,33408,33786.400,33786400,1001,2096,1932,47,90,FWD,25,50,1,IDLE,0
C3B93D0B,33409,33787.399,33787399,999,2098,1932,47,90,FWD,25,50,1,IDLE,0
C3B93D0B,33410,33788.400,33788400,1001,2096,1932,47,90,FWD,25,50,1,IDLE,0
C3B93D0B,33411,33789.399,33789399,999,2097,1932,47,90,FWD,25,50,1,IDLE,0
C3B93D0B,33412,33790.633,33790633,1234,2098,1932,47,90,FWD,25,50,1,IDLE,0
C3B93D0B,33413,33791.400,33791400,767,2096,1932,47,90,FWD,25,50,1,IDLE,0
C3B93D0B,33414,33792.400,33792400,1000,2097,1932,47,90,FWD,25,50,1,IDLE,0
C3B93D0B,33415,33793.399,33793399,999,2099,1932,47,90,FWD,25,50,1,IDLE,0
C3B93D0B,33416,33794.400,33794400,1001,2098,1932,47,90,FWD,25,50,1,IDLE,0
C3B93D0B,33417,33795.399,33795399,999,2098,1932,47,90,FWD,25,50,1,IDLE,0
C3B93D0B,33418,33796.400,33796400,1001,2099,1932,47,90,FWD,25,50,1,IDLE,0
C3B93D0B,33419,33797.399,33797399,999,2099,1932,47,90,FWD,25,50,1,IDLE,0
C3B93D0B,33420,33798.400,33798400,1001,2099,1932,47,90,FWD,25,50,1,IDLE,0
C3B93D0B,33421,33799.399,33799399,999,2098,1932,47,90,FWD,25,50,1,IDLE,0
C3B93D0B,33422,33800.400,33800400,1001,2101,1932,48,90,FWD,25,50,1,IDLE,0
C3B93D0B,33423,33801.400,33801400,1000,2102,1932,48,90,FWD,25,50,1,IDLE,0
C3B93D0B,33424,33802.400,33802400,1000,2103,1932,48,90,FWD,25,50,1,IDLE,0
C3B93D0B,33425,33803.399,33803399,999,2101,1932,48,90,FWD,25,50,1,IDLE,0
C3B93D0B,33426,33804.400,33804400,1001,2101,1932,48,90,FWD,25,50,1,IDLE,0
C3B93D0B,33427,33805.399,33805399,999,2105,1932,48,90,FWD,25,50,1,IDLE,0
C3B93D0B,33428,33806.400,33806400,1001,2101,1932,48,90,FWD,25,50,1,IDLE,0
C3B93D0B,33429,33807.399,33807399,999,2103,1932,48,90,FWD,25,50,1,IDLE,0
C3B93D0B,33430,33808.400,33808400,1001,2103,1932,48,90,FWD,25,50,1,IDLE,0
C3B93D0B,33431,33809.399,33809399,999,2103,1932,48,90,FWD,25,50,1,IDLE,0
C3B93D0B,33432,33810.400,33810400,1001,2105,1932,48,90,FWD,25,50,1,IDLE,0
C3B93D0B,33433,33811.400,33811400,1000,2101,1932,48,90,FWD,25,50,1,IDLE,0
C3B93D0B,33434,33812.400,33812400,1000,2103,1932,48,90,FWD,25,50,1,IDLE,0
C3B93D0B,33435,33813.399,33813399,999,2103,1932,48,90,FWD,25,50,1,IDLE,0
C3B93D0B,33436,33814.400,33814400,1001,2105,1932,48,90,FWD,25,50,1,IDLE,0
C3B93D0B,33437,33815.399,33815399,999,2106,1932,48,90,FWD,25,50,1,IDLE,0
C3B93D0B,33438,33816.400,33816400,1001,2103,1932,48,90,FWD,25,50,1,IDLE,0
C3B93D0B,33439,33817.399,33817399,999,2106,1932,48,90,FWD,25,50,1,IDLE,0
C3B93D0B,33440,33818.400,33818400,1001,2107,1932,48,90,FWD,25,50,1,IDLE,0
C3B93D0B,33441,33819.399,33819399,999,2107,1932,48,90,FWD,25,50,1,IDLE,0
C3B93D0B,33442,33820.400,33820400,1001,2106,1932,48,90,FWD,25,50,1,IDLE,0
C3B93D0B,33443,33821.400,33821400,1000,2107,1932,48,90,FWD,25,50,1,IDLE,0
C3B93D0B,33444,33822.400,33822400,1000,2109,1932,48,90,FWD,25,50,1,IDLE,0
C3B93D0B,33445,33823.826,33823826,1426,2108,1932,48,90,FWD,57,50,1,IDLE,0
C3B93D0B,33446,33824.400,33824400,574,2105,1932,48,90,FWD,25,50,1,IDLE,0
C3B93D0B,33447,33825.399,33825399,999,2106,1932,48,90,FWD,25,50,1,IDLE,0
C3B93D0B,33448,33826.400,33826400,1001,2108,1932,48,90,FWD,25,50,1,IDLE,0
C3B93D0B,33449,33827.399,33827399,999,2106,1932,48,90,FWD,25,50,1,IDLE,0
C3B93D0B,33450,33828.400,33828400,1001,2108,1932,48,90,FWD,25,50,1,IDLE,0
C3B93D0B,33451,33829.399,33829399,999,2109,1932,48,90,FWD,25,50,1,IDLE,0
C3B93D0B,33452,33830.400,33830400,1001,2109,1932,48,90,FWD,25,50,1,IDLE,0
C3B93D0B,33453,33831.400,33831400,1000,2106,1932,48,90,FWD,25,50,1,IDLE,0
C3B93D0B,33454,33832.400,33832400,1000,2108,1932,48,90,FWD,25,50,1,IDLE,0
C3B93D0B,33455,33833.399,33833399,999,2107,1932,48,90,FWD,25,50,1,IDLE,0
C3B93D0B,33456,33834.400,33834400,1001,2109,1932,48,90,FWD,25,50,1,IDLE,0
C3B93D0B,33457,33835.399,33835399,999,2109,1932,48,90,FWD,25,50,1,IDLE,0
C3B93D0B,33458,33836.822,33836822,1423,2108,1932,48,90,FWD,57,50,1,IDLE,0
C3B93D0B,33459,33837.399,33837399,577,2108,1932,48,90,FWD,25,50,1,IDLE,0
C3B93D0B,33460,33838.400,33838400,1001,2110,1932,48,90,FWD,25,50,1,IDLE,0
C3B93D0B,33461,33839.399,33839399,999,2109,1932,48,90,FWD,25,50,1,IDLE,0
C3B93D0B,33462,33840.400,33840400,1001,2107,1932,48,90,FWD,25,50,1,IDLE,0
C3B93D0B,33463,33841.400,33841400,1000,2109,1932,48,90,FWD,25,50,1,IDLE,0
C3B93D0B,33464,33842.441,33842441,1041,2121,1932,48,90,FWD,25,50,1,IDLE,0
C3B93D0B,33465,33843.399,33843399,958,2119,1932,48,90,FWD,25,50,1,IDLE,0
C3B93D0B,33466,33844.400,33844400,1001,2121,1932,48,90,FWD,25,50,1,IDLE,0
C3B93D0B,33467,33845.399,33845399,999,2119,1932,48,90,FWD,25,50,1,IDLE,0
C3B93D0B,33468,33846.400,33846400,1001,2119,1932,48,90,FWD,25,50,1,IDLE,0
C3B93D0B,33469,33847.399,33847399,999,2119,1932,48,90,FWD,25,50,1,IDLE,0
C3B93D0B,33470,33848.400,33848400,1001,2119,1932,48,90,FWD,25,50,1,IDLE,0
C3B93D0B,33471,33849.399,33849399,999,2118,1932,48,90,FWD,25,50,1,IDLE,0
C3B93D0B,33472,33850.400,33850400,1001,2118,1932,48,90,FWD,25,50,1,IDLE,0
C3B93D0B,33473,33851.400,33851400,1000,2116,1932,48,90,FWD,25,50,1,IDLE,0
C3B93D0B,33474,33852.400,33852400,1000,2118,1932,48,90,FWD,25,50,1,IDLE,0
C3B93D0B,33475,33853.399,33853399,999,2117,1932,48,90,FWD,25,50,1,IDLE,0
C3B93D0B,33476,33854.400,33854400,1001,2118,1932,48,90,FWD,25,50,1,IDLE,0
C3B93D0B,33477,33855.399,33855399,999,2117,1932,48,90,FWD,25,50,1,IDLE,0
C3B93D0B,33478,33856.400,33856400,1001,2115,1932,48,90,FWD,25,50,1,IDLE,0
C3B93D0B,33479,33857.399,33857399,999,2116,1932,48,90,FWD,25,50,1,IDLE,0
C3B93D0B,33480,33858.400,33858400,1001,2117,1932,48,90,FWD,25,50,1,IDLE,0
C3B93D0B,33481,33859.399,33859399,999,2114,1932,48,90,FWD,25,50,1,IDLE,0
C3B93D0B,33482,33860.400,33860400,1001,2115,1932,48,90,FWD,25,50,1,IDLE,0
C3B93D0B,33483,33861.400,33861400,1000,2115,1932,48,90,FWD,25,50,1,IDLE,0
C3B93D0B,33484,33862.400,33862400,1000,2114,1932,48,90,FWD,25,50,1,IDLE,0
C3B93D0B,33485,33863.399,33863399,999,2113,1932,48,90,FWD,25,50,1,IDLE,0
C3B93D0B,33486,33864.400,33864400,1001,2114,1932,48,90,FWD,25,50,1,IDLE,0
C3B93D0B,33487,33865.399,33865399,999,2114,1932,48,90,FWD,25,50,1,IDLE,0
C3B93D0B,33488,33866.400,33866400,1001,2113,1932,48,90,FWD,25,50,1,IDLE,0
C3B93D0B,33489,33867.399,33867399,999,2113,1932,48,90,FWD,25,50,1,IDLE,0
C3B93D0B,33490,33868.400,33868400,1001,2115,1932,48,90,FWD,25,50,1,IDLE,0
C3B93D0B,33491,33869.399,33869399,999,2113,1932,48,90,FWD,25,50,1,IDLE,0
C3B93D0B,33492,33870.400,33870400,1001,2112,1932,48,90,FWD,25,50,1,IDLE,0
C3B93D0B,33493,33871.400,33871400,1000,2113,1932,48,90,FWD,25,50,1,IDLE,0
C3B93D0B,33494,33872.400,33872400,1000,2112,1932,48,90,FWD,25,50,1,IDLE,0
C3B93D0B,33495,33873.399,33873399,999,2112,1932,48,90,FWD,25,50,1,IDLE,0
C3B93D0B,33496,33874.400,33874400,1001,2112,1932,48,90,FWD,25,50,1,IDLE,0
C3B93D0B,33497,33875.399,33875399,999,2112,1932,48,90,FWD,25,50,1,IDLE,0
C3B93D0B,33498,33876.400,33876400,1001,2112,1932,48,90,FWD,25,50,1,IDLE,0
C3B93D0B,33499,33877.399,33877399,999,2112,1932,48,90,FWD,25,50,1,IDLE,0
C3B93D0B,33500,33878.400,33878400,1001,2111,1932,48,90,FWD,25,50,1,IDLE,0
C3B93D0B,33501,33879.504,33879504,1104,2111,1932,48,90,FWD,25,50,1,IDLE,0
C3B93D0B,33502,33880.400,33880400,896,2111,1932,48,90,FWD,25,50,1,IDLE,0
C3B93D0B,33503,33881.400,33881400,1000,2110,1932,48,90,FWD,25,50,1,IDLE,0
C3B93D0B,33504,33883.177,33883177,1777,2096,1932,48,90,FWD,57,50,1,IDLE,0
C3B93D0B,33505,33883.779,33883779,602,2096,1932,48,90,FWD,25,50,1,IDLE,0
C3B93D0B,33506,33884.400,33884400,621,2098,1932,48,90,FWD,25,50,1,IDLE,0
C3B93D0B,33507,33885.399,33885399,999,2098,1932,48,90,FWD,25,50,1,IDLE,0
C3B93D0B,33508,33886.400,33886400,1001,2098,1932,48,90,FWD,25,50,1,IDLE,0
C3B93D0B,33509,33887.399,33887399,999,2096,1932,48,90,FWD,25,50,1,IDLE,0
C3B93D0B,33510,33888.400,33888400,1001,2096,1932,48,90,FWD,25,50,1,IDLE,0
C3B93D0B,33511,33889.399,33889399,999,2096,1932,48,90,FWD,25,50,1,IDLE,0
C3B93D0B,33512,33890.400,33890400,1001,2096,1932,48,90,FWD,25,50,1,IDLE,0
C3B93D0B,33513,33891.400,33891400,1000,2096,1932,48,90,FWD,25,50,1,IDLE,0
C3B93D0B,33514,33892.400,33892400,1000,2097,1932,48,90,FWD,25,50,1,IDLE,0
C3B93D0B,33515,33893.399,33893399,999,2096,1932,48,90,FWD,25,50,1,IDLE,0
C3B93D0B,33516,33894.400,33894400,1001,2097,1932,48,90,FWD,25,50,1,IDLE,0
C3B93D0B,33517,33895.399,33895399,999,2096,1932,48,90,FWD,25,50,1,IDLE,0
C3B93D0B,33518,33896.400,33896400,1001,2096,1932,48,90,FWD,25,50,1,IDLE,0
C3B93D0B,33519,33897.399,33897399,999,2095,1932,48,90,FWD,25,50,1,IDLE,0
C3B93D0B,33520,33898.400,33898400,1001,2094,1932,48,90,FWD,25,50,1,IDLE,0
C3B93D0B,33521,33899.399,33899399,999,2095,1932,48,90,FWD,25,50,1,IDLE,0
C3B93D0B,33522,33900.400,33900400,1001,2095,1932,48,90,FWD,25,50,1,IDLE,0
C3B93D0B,33523,33901.400,33901400,1000,2095,1932,48,90,FWD,25,50,1,IDLE,0
C3B93D0B,33524,33902.400,33902400,1000,2095,1932,48,90,FWD,25,50,1,IDLE,0
C3B93D0B,33525,33903.399,33903399,999,2093,1932,48,90,FWD,25,50,1,IDLE,0
C3B93D0B,33526,33904.400,33904400,1001,2095,1932,48,90,FWD,25,50,1,IDLE,0
C3B93D0B,33527,33905.399,33905399,999,2093,1932,48,90,FWD,25,50,1,IDLE,0
C3B93D0B,33528,33906.400,33906400,1001,2091,1932,48,90,FWD,25,50,1,IDLE,0
C3B93D0B,33529,33907.399,33907399,999,2092,1932,48,90,FWD,25,50,1,IDLE,0
C3B93D0B,33530,33908.400,33908400,1001,2090,1932,48,90,FWD,25,50,1,IDLE,0
C3B93D0B,33531,33909.399,33909399,999,2091,1932,48,90,FWD,25,50,1,IDLE,0
C3B93D0B,33532,33910.400,33910400,1001,2090,1932,48,90,FWD,25,50,1,IDLE,0
C3B93D0B,33533,33911.400,33911400,1000,2091,1932,48,90,FWD,25,50,1,IDLE,0
C3B93D0B,33534,33912.400,33912400,1000,2087,1932,48,90,FWD,25,50,1,IDLE,0
C3B93D0B,33535,33913.399,33913399,999,2088,1932,48,90,FWD,25,50,1,IDLE,0
C3B93D0B,33536,33914.400,33914400,1001,2086,1932,48,90,FWD,25,50,1,IDLE,0
C3B93D0B,33537,33915.399,33915399,999,2086,1932,48,90,FWD,25,50,1,IDLE,0
C3B93D0B,33538,33916.400,33916400,1001,2084,1932,48,90,FWD,25,50,1,IDLE,0
C3B93D0B,33539,33917.399,33917399,999,2087,1932,48,90,FWD,25,50,1,IDLE,0
C3B93D0B,33540,33918.400,33918400,1001,2085,1932,48,90,FWD,25,50,1,IDLE,0
C3B93D0B,33541,33919.399,33919399,999,2085,1932,48,90,FWD,25,50,1,IDLE,0
C3B93D0B,33542,33920.692,33920692,1293,2083,1932,48,90,FWD,57,50,1,IDLE,0
C3B93D0B,33543,33921.400,33921400,708,2082,1932,48,90,FWD,25,50,1,IDLE,0
C3B93D0B,33544,33922.400,33922400,1000,2083,1932,48,90,FWD,25,50,1,IDLE,0
C3B93D0B,33545,33923.399,33923399,999,2082,1932,48,90,FWD,25,50,1,IDLE,0
C3B93D0B,33546,33924.400,33924400,1001,2077,1932,48,90,FWD,25,50,1,IDLE,0
C3B93D0B,33547,33925.399,33925399,999,2077,1932,48,90,FWD,25,50,1,IDLE,0
C3B93D0B,33548,33926.402,33926402,1003,2077,1932,48,90,FWD,25,50,1,IDLE,0
C3B93D0B,33549,33927.399,33927399,997,2080,1932,48,90,FWD,25,50,1,IDLE,0
C3B93D0B,33550,33928.400,33928400,1001,2078,1932,48,90,FWD,25,50,1,IDLE,0
C3B93D0B,33551,33929.399,33929399,999,2077,1932,48,90,FWD,25,50,1,IDLE,0
C3B93D0B,33552,33930.400,33930400,1001,2077,1932,48,90,FWD,25,50,1,IDLE,0
C3B93D0B,33553,33931.400,33931400,1000,2074,1932,48,90,FWD,25,50,1,IDLE,0
C3B93D0B,33554,33932.400,33932400,1000,2073,1932,48,90,FWD,25,50,1,IDLE,0
C3B93D0B,33555,33933.399,33933399,999,2075,1932,48,90,FWD,25,50,1,IDLE,0
C3B93D0B,33556,33934.401,33934401,1002,2073,1932,48,90,FWD,25,50,1,IDLE,0
C3B93D0B,33557,33935.598,33935598,1197,2072,1932,48,90,FWD,25,50,1,IDLE,0
C3B93D0B,33558,33936.400,33936400,802,2074,1932,48,90,FWD,25,50,1,IDLE,0
C3B93D0B,33559,33937.399,33937399,999,2070,1932,48,90,FWD,25,50,1,IDLE,0
C3B93D0B,33560,33938.400,33938400,1001,2069,1932,48,90,FWD,25,50,1,IDLE,0
C3B93D0B,33561,33939.399,33939399,999,2067,1932,48,90,FWD,25,50,1,IDLE,0
C3B93D0B,33562,33940.400,33940400,1001,2067,1932,48,90,FWD,25,50,1,IDLE,0
C3B93D0B,33563,33941.400,33941400,1000,2079,1932,48,90,FWD,25,50,1,IDLE,0
C3B93D0B,33564,33942.400,33942400,1000,2079,1932,48,90,FWD,25,50,1,IDLE,0
C3B93D0B,33565,33943.399,33943399,999,2078,1932,48,90,FWD,25,50,1,IDLE,0
C3B93D0B,33566,33944.400,33944400,1001,2077,1932,48,90,FWD,25,50,1,IDLE,0
C3B93D0B,33567,33945.399,33945399,999,2076,1932,48,90,FWD,25,50,1,IDLE,0
C3B93D0B,33568,33946.400,33946400,1001,2074,1932,48,90,FWD,25,50,1,IDLE,0
C3B93D0B,33569,33947.399,33947399,999,2073,1932,48,90,FWD,25,50,1,IDLE,0
C3B93D0B,33570,33948.400,33948400,1001,2071,1932,48,90,FWD,25,50,1,IDLE,0
C3B93D0B,33571,33949.399,33949399,999,2072,1932,48,90,FWD,25,50,1,IDLE,0
C3B93D0B,33572,33950.400,33950400,1001,2070,1932,49,90,FWD,25,50,1,IDLE,0
C3B93D0B,33573,33951.400,33951400,1000,2067,1932,49,90,FWD,25,50,1,IDLE,0
C3B93D0B,33574,33952.400,33952400,1000,2068,1932,49,90,FWD,25,50,1,IDLE,0
C3B93D0B,33575,33953.399,33953399,999,2067,1932,49,90,FWD,25,50,1,IDLE,0
C3B93D0B,33576,33954.400,33954400,1001,2066,1932,49,90,FWD,25,50,1,IDLE,0
C3B93D0B,33577,33955.399,33955399,999,2064,1932,49,90,FWD,25,50,1,IDLE,0
C3B93D0B,33578,33956.400,33956400,1001,2064,1932,49,90,FWD,25,50,1,IDLE,0
C3B93D0B,33579,33957.399,33957399,999,2064,1932,49,90,FWD,25,50,1,IDLE,0
C3B93D0B,33580,33958.400,33958400,1001,2064,1932,49,90,FWD,25,50,1,IDLE,0
C3B93D0B,33581,33959.399,33959399,999,2064,1932,49,90,FWD,25,50,1,IDLE,0
C3B93D0B,33582,33960.400,33960400,1001,2062,1932,49,90,FWD,25,50,1,IDLE,0
C3B93D0B,33583,33961.400,33961400,1000,2061,1932,49,90,FWD,25,50,1,IDLE,0
C3B93D0B,33584,33962.400,33962400,1000,2062,1932,49,90,FWD,25,50,1,IDLE,0
C3B93D0B,33585,33963.399,33963399,999,2061,1932,49,90,FWD,25,50,1,IDLE,0
C3B93D0B,33586,33964.400,33964400,1001,2059,1932,49,90,FWD,25,50,1,IDLE,0
C3B93D0B,33587,33965.399,33965399,999,2058,1932,49,90,FWD,25,50,1,IDLE,0
C3B93D0B,33588,33966.400,33966400,1001,2057,1932,49,90,FWD,25,50,1,IDLE,0
C3B93D0B,33589,33967.399,33967399,999,2055,1932,49,90,FWD,25,50,1,IDLE,0
C3B93D0B,33590,33968.400,33968400,1001,2055,1932,49,90,FWD,25,50,1,IDLE,0
C3B93D0B,33591,33969.399,33969399,999,2053,1932,49,90,FWD,25,50,1,IDLE,0
C3B93D0B,33592,33970.400,33970400,1001,2052,1932,49,90,FWD,25,50,1,IDLE,0
C3B93D0B,33593,33971.400,33971400,1000,2047,1932,49,90,FWD,25,50,1,IDLE,0
C3B93D0B,33594,33972.400,33972400,1000,2046,1932,49,90,FWD,25,50,1,IDLE,0
C3B93D0B,33595,33973.399,33973399,999,2046,1932,49,90,FWD,25,50,1,IDLE,0
C3B93D0B,33596,33974.400,33974400,1001,2046,1932,49,90,FWD,25,50,1,IDLE,0
C3B93D0B,33597,33975.399,33975399,999,2045,1932,49,90,FWD,25,50,1,IDLE,0
C3B93D0B,33598,33976.400,33976400,1001,2042,1932,49,90,FWD,25,50,1,IDLE,0
C3B93D0B,33599,33977.399,33977399,999,2042,1932,49,90,FWD,25,50,1,IDLE,0
C3B93D0B,33600,33978.400,33978400,1001,2039,1932,49,90,FWD,25,50,1,IDLE,0
C3B93D0B,33601,33979.399,33979399,999,2041,1932,49,90,FWD,25,50,1,IDLE,0
C3B93D0B,33602,33980.400,33980400,1001,2038,1932,49,90,FWD,25,50,1,IDLE,0
C3B93D0B,33603,33981.400,33981400,1000,2037,1932,49,90,FWD,25,50,1,IDLE,0
C3B93D0B,33604,33983.184,33983184,1784,2026,1932,49,90,FWD,57,50,1,IDLE,0
C3B93D0B,33605,33983.509,33983509,325,2022,1932,49,90,FWD,25,50,1,IDLE,0
C3B93D0B,33606,33984.400,33984400,891,2026,1932,49,90,FWD,25,50,1,IDLE,0
C3B93D0B,33607,33985.399,33985399,999,2025,1932,49,90,FWD,25,50,1,IDLE,0
C3B93D0B,33608,33986.400,33986400,1001,2022,1932,49,90,FWD,25,50,1,IDLE,0
C3B93D0B,33609,33987.399,33987399,999,2023,1932,49,90,FWD,25,50,1,IDLE,0
C3B93D0B,33610,33988.400,33988400,1001,2023,1932,49,90,FWD,25,50,1,IDLE,0
C3B93D0B,33611,33989.399,33989399,999,2022,1932,49,90,FWD,25,50,1,IDLE,0
C3B93D0B,33612,33990.400,33990400,1001,2021,1932,49,90,FWD,25,50,1,IDLE,0
C3B93D0B,33613,33991.400,33991400,1000,2017,1932,49,90,FWD,25,50,1,IDLE,0
C3B93D0B,33614,33992.400,33992400,1000,2016,1932,49,90,FWD,25,50,1,IDLE,0
C3B93D0B,33615,33993.399,33993399,999,2018,1932,49,90,FWD,25,50,1,IDLE,0
C3B93D0B,33616,33994.400,33994400,1001,2017,1932,49,90,FWD,25,50,1,IDLE,0
C3B93D0B,33617,33995.399,33995399,999,2015,1932,49,90,FWD,25,50,1,IDLE,0
C3B93D0B,33618,33996.400,33996400,1001,2014,1932,49,90,FWD,25,50,1,IDLE,0
C3B93D0B,33619,33997.399,33997399,999,2013,1932,49,90,FWD,25,50,1,IDLE,0
C3B93D0B,33620,33998.400,33998400,1001,2014,1932,49,90,FWD,25,50,1,IDLE,0
C3B93D0B,33621,33999.399,33999399,999,2011,1932,49,90,FWD,25,50,1,IDLE,0
C3B93D0B,33622,34000.400,34000400,1001,2011,1932,49,90,FWD,25,50,1,IDLE,0
C3B93D0B,33623,34001.400,34001400,1000,2011,1932,49,90,FWD,25,50,1,IDLE,0
C3B93D0B,33624,34002.400,34002400,1000,2009,1932,49,90,FWD,25,50,1,IDLE,0
C3B93D0B,33625,34003.399,34003399,999,2007,1932,49,90,FWD,25,50,1,IDLE,0
C3B93D0B,33626,34004.400,34004400,1001,2009,1932,49,90,FWD,25,50,1,IDLE,0
C3B93D0B,33627,34005.399,34005399,999,2006,1932,49,90,FWD,25,50,1,IDLE,0
C3B93D0B,33628,34006.400,34006400,1001,2005,1932,49,90,FWD,25,50,1,IDLE,0
C3B93D0B,33629,34007.399,34007399,999,2003,1932,49,90,FWD,25,50,1,IDLE,0
C3B93D0B,33630,34008.400,34008400,1001,2000,1932,49,90,FWD,25,50,1,IDLE,0
C3B93D0B,33631,34009.399,34009399,999,2001,1932,49,90,FWD,25,50,1,IDLE,0
C3B93D0B,33632,34010.400,34010400,1001,2000,1932,49,90,FWD,25,50,1,IDLE,0
C3B93D0B,33633,34011.400,34011400,1000,2000,1932,49,90,FWD,25,50,1,IDLE,0
C3B93D0B,33634,34012.400,34012400,1000,2001,1932,49,90,FWD,25,50,1,IDLE,0
C3B93D0B,33635,34013.399,34013399,999,1998,1932,49,90,FWD,25,50,1,IDLE,0
C3B93D0B,33636,34014.400,34014400,1001,1998,1932,49,90,FWD,25,50,1,IDLE,0
C3B93D0B,33637,34015.399,34015399,999,2000,1932,49,90,FWD,25,50,1,IDLE,0
C3B93D0B,33638,34016.400,34016400,1001,1997,1932,49,90,FWD,25,50,1,IDLE,0
C3B93D0B,33639,34017.399,34017399,999,1996,1932,49,90,FWD,25,50,1,IDLE,0
C3B93D0B,33640,34018.400,34018400,1001,1997,1932,49,90,FWD,25,50,1,IDLE,0
C3B93D0B,33641,34019.399,34019399,999,1994,1932,49,90,FWD,25,50,1,IDLE,0
C3B93D0B,33642,34020.400,34020400,1001,1993,1932,49,90,FWD,25,50,1,IDLE,0
C3B93D0B,33643,34021.400,34021400,1000,1993,1932,49,90,FWD,25,50,1,IDLE,0
C3B93D0B,33644,34022.402,34022402,1002,1989,1932,49,90,FWD,25,50,1,IDLE,0
C3B93D0B,33645,34023.409,34023409,1007,1990,1932,49,90,FWD,25,50,1,IDLE,0
C3B93D0B,33646,34024.401,34024401,992,1989,1932,49,90,FWD,25,50,1,IDLE,0
C3B93D0B,33647,34026.594,34026594,2193,1985,1932,49,90,FWD,57,50,1,IDLE,0
C3B93D0B,33648,34026.964,34026964,370,1988,1932,49,90,FWD,25,50,1,IDLE,0
C3B93D0B,33649,34027.399,34027399,435,1988,1932,49,90,FWD,25,50,1,IDLE,0
C3B93D0B,33650,34028.500,34028500,1101,1985,1932,49,90,FWD,25,50,1,IDLE,0
C3B93D0B,33651,34029.399,34029399,899,1985,1932,49,90,FWD,25,50,1,IDLE,0
C3B93D0B,33652,34030.400,34030400,1001,1984,1932,49,90,FWD,25,50,1,IDLE,0
C3B93D0B,33653,34031.399,34031399,999,1984,1932,49,90,FWD,25,50,1,IDLE,0
C3B93D0B,33654,34032.400,34032400,1001,1983,1932,49,90,FWD,25,50,1,IDLE,0
C3B93D0B,33655,34033.399,34033399,999,1983,1932,49,90,FWD,25,50,1,IDLE,0
C3B93D0B,33656,34034.400,34034400,1001,1981,1932,49,90,FWD,25,50,1,IDLE,0
C3B93D0B,33657,34035.399,34035399,999,1979,1932,49,90,FWD,25,50,1,IDLE,0
C3B93D0B,33658,34038.154,34038154,2755,1975,1932,49,90,FWD,57,50,1,IDLE,0
C3B93D0B,33659,34038.746,34038746,592,1977,1932,49,90,FWD,25,50,1,IDLE,0
C3B93D0B,33660,34038.984,34038984,238,1975,1932,49,90,FWD,25,50,1,IDLE,0
C3B93D0B,33661,34040.104,34040104,1120,1974,1932,49,90,FWD,25,50,1,IDLE,0
C3B93D0B,33662,34040.529,34040529,425,1977,1932,49,90,FWD,25,50,1,IDLE,0
C3B93D0B,33663,34041.399,34041399,870,1974,1932,49,90,FWD,25,50,1,IDLE,0
C3B93D0B,33664,34042.400,34042400,1001,1974,1932,49,90,FWD,25,50,1,IDLE,0
C3B93D0B,33665,34043.399,34043399,999,1971,1932,49,90,FWD,25,50,1,IDLE,0
C3B93D0B,33666,34044.400,34044400,1001,1973,1932,49,90,FWD,25,50,1,IDLE,0
C3B93D0B,33667,34045.399,34045399,999,1973,1932,49,90,FWD,25,50,1,IDLE,0
C3B93D0B,33668,34046.401,34046401,1002,1971,1932,49,90,FWD,25,50,1,IDLE,0
C3B93D0B,33669,34047.399,34047399,998,1971,1932,49,90,FWD,25,50,1,IDLE,0
C3B93D0B,33670,34048.400,34048400,1001,1969,1932,49,90,FWD,25,50,1,IDLE,0
C3B93D0B,33671,34049.399,34049399,999,1968,1932,49,90,FWD,25,50,1,IDLE,0
C3B93D0B,33672,34050.400,34050400,1001,1968,1932,49,90,FWD,25,50,1,IDLE,0
C3B93D0B,33673,34051.399,34051399,999,1968,1932,49,90,FWD,25,50,1,IDLE,0
C3B93D0B,33674,34052.400,34052400,1001,1968,1932,49,90,FWD,25,50,1,IDLE,0
C3B93D0B,33675,34053.399,34053399,999,1968,1932,49,90,FWD,25,50,1,IDLE,0
C3B93D0B,33676,34054.400,34054400,1001,1965,1932,49,90,FWD,25,50,1,IDLE,0
C3B93D0B,33677,34055.399,34055399,999,1967,1932,49,90,FWD,25,50,1,IDLE,0
C3B93D0B,33678,34056.401,34056401,1002,1967,1932,49,90,FWD,25,50,1,IDLE,0
C3B93D0B,33679,34057.399,34057399,998,1966,1932,49,90,FWD,25,50,1,IDLE,0
C3B93D0B,33680,34058.400,34058400,1001,1967,1932,49,90,FWD,25,50,1,IDLE,0
C3B93D0B,33681,34059.399,34059399,999,1966,1932,49,90,FWD,25,50,1,IDLE,0
C3B93D0B,33682,34060.400,34060400,1001,1965,1932,49,90,FWD,25,50,1,IDLE,0
C3B93D0B,33683,34061.399,34061399,999,1963,1932,49,90,FWD,25,50,1,IDLE,0
C3B93D0B,33684,34062.400,34062400,1001,1961,1932,49,90,FWD,25,50,1,IDLE,0
C3B93D0B,33685,34063.399,34063399,999,1961,1932,49,90,FWD,25,50,1,IDLE,0
C3B93D0B,33686,34064.400,34064400,1001,1961,1932,49,90,FWD,25,50,1,IDLE,0
C3B93D0B,33687,34065.399,34065399,999,1962,1932,49,90,FWD,25,50,1,IDLE,0
C3B93D0B,33688,34066.401,34066401,1002,1962,1932,49,90,FWD,25,50,1,IDLE,0
C3B93D0B,33689,34067.399,34067399,998,1962,1932,49,90,FWD,25,50,1,IDLE,0
C3B93D0B,33690,34068.400,34068400,1001,1955,1932,49,90,FWD,25,50,1,IDLE,0
C3B93D0B,33691,34069.399,34069399,999,1954,1932,49,90,FWD,25,50,1,IDLE,0
C3B93D0B,33692,34070.400,34070400,1001,1954,1932,49,90,FWD,25,50,1,IDLE,0
C3B93D0B,33693,34071.399,34071399,999,1957,1932,49,90,FWD,25,50,1,IDLE,0
C3B93D0B,33694,34072.400,34072400,1001,1953,1932,49,90,FWD,25,50,1,IDLE,0
C3B93D0B,33695,34073.399,34073399,999,1954,1932,49,90,FWD,25,50,1,IDLE,0
C3B93D0B,33696,34074.400,34074400,1001,1954,1932,49,90,FWD,25,50,1,IDLE,0
C3B93D0B,33697,34075.399,34075399,999,1952,1932,49,90,FWD,25,50,1,IDLE,0
C3B93D0B,33698,34076.401,34076401,1002,1953,1932,49,90,FWD,25,50,1,IDLE,0
C3B93D0B,33699,34077.399,34077399,998,1953,1932,49,90,FWD,25,50,1,IDLE,0
C3B93D0B,33700,34078.400,34078400,1001,1951,1932,49,90,FWD,25,50,1,IDLE,0
C3B93D0B,33701,34079.399,34079399,999,1952,1932,49,90,FWD,25,50,1,IDLE,0
C3B93D0B,33702,34080.400,34080400,1001,1951,1932,49,90,FWD,25,50,1,IDLE,0
C3B93D0B,33703,34081.399,34081399,999,1951,1932,49,90,FWD,9,50,1,IDLE,0
C3B93D0B,33704,34082.400,34082400,1001,1949,1932,49,90,FWD,9,50,1,IDLE,0
C3B93D0B,33705,34083.399,34083399,999,1950,1932,49,90,FWD,9,50,1,IDLE,0
C3B93D0B,33706,34084.399,34084399,1000,1951,1932,49,90,FWD,9,50,1,IDLE,0
C3B93D0B,33707,34085.399,34085399,1000,1947,1932,49,90,FWD,9,50,1,IDLE,0
C3B93D0B,33708,34086.400,34086400,1001,1949,1932,49,90,FWD,9,50,1,IDLE,0
C3B93D0B,33709,34087.686,34087686,1286,1940,1932,49,90,FWD,41,50,1,IDLE,0
C3B93D0B,33710,34088.666,34088666,980,1945,1932,49,90,FWD,9,50,1,IDLE,0
C3B93D0B,33711,34089.401,34089401,735,1946,1932,49,90,FWD,9,50,1,IDLE,0
C3B93D0B,33712,34090.399,34090399,998,1944,1932,49,90,FWD,9,50,1,IDLE,0
C3B93D0B,33713,34091.399,34091399,1000,1946,1932,49,90,FWD,9,50,1,IDLE,0
C3B93D0B,33714,34092.399,34092399,1000,1945,1932,49,90,FWD,9,50,1,IDLE,0
C3B93D0B,33715,34094.248,34094248,1849,1938,1932,49,90,FWD,41,50,1,IDLE,0
C3B93D0B,33716,34094.710,34094710,462,1939,1932,49,90,FWD,9,50,1,IDLE,0
C3B93D0B,33717,34095.399,34095399,689,1942,1932,49,90,FWD,9,50,1,IDLE,0
C3B93D0B,33718,34096.399,34096399,1000,1942,1932,49,90,FWD,9,50,1,IDLE,0
C3B93D0B,33719,34097.399,34097399,1000,1941,1932,49,90,FWD,9,50,1,IDLE,0
C3B93D0B,33720,34098.399,34098399,1000,1936,1932,49,90,FWD,9,50,1,IDLE,0
C3B93D0B,33721,34099.528,34099528,1129,1939,1932,49,90,FWD,9,50,1,IDLE,0
C3B93D0B,33722,34100.913,34100913,1385,1938,1932,49,90,FWD,41,50,1,IDLE,0
C3B93D0B,33723,34101.399,34101399,486,1938,1932,49,90,FWD,9,50,1,IDLE,0
C3B93D0B,33724,34102.399,34102399,1000,1939,1932,49,90,FWD,9,50,1,IDLE,0
C3B93D0B,33725,34103.399,34103399,1000,1938,1932,49,90,FWD,9,50,1,IDLE,0
C3B93D0B,33726,34104.399,34104399,1000,1937,1932,49,90,FWD,9,50,1,IDLE,0
C3B93D0B,33727,34105.399,34105399,1000,1938,1932,49,90,FWD,9,50,1,IDLE,0
C3B93D0B,33728,34106.399,34106399,1000,1941,1932,49,90,FWD,9,50,1,IDLE,0
C3B93D0B,33729,34107.399,34107399,1000,1938,1932,49,90,FWD,9,50,1,IDLE,0
C3B93D0B,33730,34108.399,34108399,1000,1937,1932,49,90,FWD,9,50,1,IDLE,0
C3B93D0B,33731,34109.400,34109400,1001,1937,1932,49,90,FWD,9,50,1,IDLE,0
C3B93D0B,33732,34110.399,34110399,999,1936,1932,49,90,FWD,9,50,1,IDLE,0
C3B93D0B,33733,34111.399,34111399,1000,1937,1932,49,90,FWD,9,50,1,IDLE,0
C3B93D0B,33734,34112.399,34112399,1000,1936,1932,49,90,FWD,9,50,1,IDLE,0
C3B93D0B,33735,34113.399,34113399,1000,1936,1932,49,90,FWD,9,50,1,IDLE,0
C3B93D0B,33736,34114.399,34114399,1000,1936,1932,49,90,FWD,9,50,1,IDLE,0
C3B93D0B,33737,34115.399,34115399,1000,1936,1932,49,90,FWD,9,50,1,IDLE,0
C3B93D0B,33738,34116.400,34116400,1001,1936,1932,50,90,FWD,9,50,1,IDLE,0
C3B93D0B,33739,34117.399,34117399,999,1936,1932,50,90,FWD,9,50,1,IDLE,0
C3B93D0B,33740,34118.400,34118400,1001,1936,1932,50,90,FWD,9,50,1,IDLE,0
C3B93D0B,33741,34119.400,34119400,1000,1935,1932,50,90,FWD,9,50,1,IDLE,0
C3B93D0B,33742,34120.400,34120400,1000,1935,1932,50,90,FWD,9,50,1,IDLE,0
C3B93D0B,33743,34121.399,34121399,999,1935,1932,50,90,FWD,9,50,1,IDLE,0
C3B93D0B,33744,34122.400,34122400,1001,1936,1932,50,90,FWD,9,50,1,IDLE,0
C3B93D0B,33745,34123.399,34123399,999,1935,1932,50,90,FWD,9,50,1,IDLE,0
C3B93D0B,33746,34124.400,34124400,1001,1934,1932,50,90,FWD,9,50,1,IDLE,0
C3B93D0B,33747,34125.399,34125399,999,1933,1932,50,90,FWD,9,50,1,IDLE,0
C3B93D0B,33748,34126.400,34126400,1001,1935,1932,50,90,FWD,9,50,1,IDLE,0
C3B93D0B,33749,34127.399,34127399,999,1934,1932,50,90,FWD,9,50,1,IDLE,0
C3B93D0B,33750,34128.400,34128400,1001,1931,1932,50,90,FWD,9,50,1,IDLE,0
C3B93D0B,33751,34129.400,34129400,1000,1934,1932,50,90,FWD,9,50,1,IDLE,0
C3B93D0B,33752,34130.400,34130400,1000,1930,1932,50,90,FWD,9,50,1,IDLE,0
C3B93D0B,33753,34131.399,34131399,999,1930,1932,50,90,FWD,9,50,1,IDLE,0
C3B93D0B,33754,34132.400,34132400,1001,1931,1932,50,90,FWD,9,50,1,IDLE,0
C3B93D0B,33755,34133.590,34133590,1190,1935,1932,50,90,FWD,9,50,1,IDLE,0
C3B93D0B,33756,34134.400,34134400,810,1931,1932,50,90,FWD,9,50,1,IDLE,0
C3B93D0B,33757,34135.399,34135399,999,1929,1932,50,90,FWD,9,50,1,IDLE,0
C3B93D0B,33758,34136.400,34136400,1001,1930,1932,50,90,FWD,9,50,1,IDLE,0
C3B93D0B,33759,34137.399,34137399,999,1934,1932,50,90,FWD,9,50,1,IDLE,0
C3B93D0B,33760,34138.400,34138400,1001,1932,1932,50,90,FWD,9,50,1,IDLE,0
C3B93D0B,33761,34139.400,34139400,1000,1931,1932,50,90,FWD,9,50,1,IDLE,0
C3B93D0B,33762,34140.400,34140400,1000,1933,1932,50,90,FWD,9,50,1,IDLE,0
C3B93D0B,33763,34141.399,34141399,999,1931,1932,50,90,FWD,9,50,1,IDLE,0
C3B93D0B,33764,34142.400,34142400,1001,1929,1932,50,90,FWD,9,50,1,IDLE,0
C3B93D0B,33765,34143.399,34143399,999,1931,1932,50,90,FWD,9,50,1,IDLE,0
C3B93D0B,33766,34144.400,34144400,1001,1930,1932,50,90,FWD,9,50,1,IDLE,0
C3B93D0B,33767,34145.399,34145399,999,1931,1932,50,90,FWD,9,50,1,IDLE,0
C3B93D0B,33768,34146.400,34146400,1001,1927,1932,50,90,FWD,9,50,1,IDLE,0
C3B93D0B,33769,34147.399,34147399,999,1931,1932,50,90,FWD,9,50,1,IDLE,0
C3B93D0B,33770,34148.400,34148400,1001,1927,1932,50,90,FWD,9,50,1,IDLE,0
C3B93D0B,33771,34149.400,34149400,1000,1927,1932,50,90,FWD,9,50,1,IDLE,0
C3B93D0B,33772,34150.400,34150400,1000,1929,1932,50,90,FWD,9,50,1,IDLE,0
C3B93D0B,33773,34151.399,34151399,999,1930,1932,50,90,FWD,9,50,1,IDLE,0
C3B93D0B,33774,34152.400,34152400,1001,1927,1932,50,90,FWD,9,50,1,IDLE,0
C3B93D0B,33775,34153.399,34153399,999,1930,1932,50,90,FWD,9,50,1,IDLE,0
C3B93D0B,33776,34154.400,34154400,1001,1929,1932,50,90,FWD,9,50,1,IDLE,0
C3B93D0B,33777,34155.399,34155399,999,1930,1932,50,90,FWD,9,50,1,IDLE,0
C3B93D0B,33778,34156.400,34156400,1001,1927,1932,50,90,FWD,9,50,1,IDLE,0
C3B93D0B,33779,34157.399,34157399,999,1929,1932,50,90,FWD,9,50,1,IDLE,0
C3B93D0B,33780,34158.400,34158400,1001,1926,1932,50,90,FWD,9,50,1,IDLE,0
C3B93D0B,33781,34159.400,34159400,1000,1927,1932,50,90,FWD,9,50,1,IDLE,0
C3B93D0B,33782,34160.400,34160400,1000,1926,1932,50,90,FWD,9,50,1,IDLE,0
C3B93D0B,33783,34161.399,34161399,999,1927,1932,50,90,FWD,9,50,1,IDLE,0
C3B93D0B,33784,34162.400,34162400,1001,1924,1932,50,90,FWD,9,50,1,IDLE,0
C3B93D0B,33785,34163.399,34163399,999,1927,1932,50,90,FWD,9,50,1,IDLE,0
C3B93D0B,33786,34164.400,34164400,1001,1925,1932,50,90,FWD,9,50,1,IDLE,0
C3B93D0B,33787,34165.399,34165399,999,1925,1932,50,90,FWD,9,50,1,IDLE,0
C3B93D0B,33788,34166.400,34166400,1001,1926,1932,50,90,FWD,9,50,1,IDLE,0
C3B93D0B,33789,34167.399,34167399,999,1927,1932,50,90,FWD,9,50,1,IDLE,0
C3B93D0B,33790,34168.400,34168400,1001,1927,1932,50,90,FWD,9,50,1,IDLE,0
C3B93D0B,33791,34169.400,34169400,1000,1923,1932,50,90,FWD,9,50,1,IDLE,0
C3B93D0B,33792,34170.400,34170400,1000,1926,1932,50,90,FWD,9,50,1,IDLE,0
C3B93D0B,33793,34171.399,34171399,999,1926,1932,50,90,FWD,9,50,1,IDLE,0
C3B93D0B,33794,34172.400,34172400,1001,1926,1932,50,90,FWD,9,50,1,IDLE,0
C3B93D0B,33795,34173.399,34173399,999,1925,1932,50,90,FWD,9,50,1,IDLE,0
C3B93D0B,33796,34174.400,34174400,1001,1926,1932,50,90,FWD,9,50,1,IDLE,0
C3B93D0B,33797,34175.399,34175399,999,1927,1932,50,90,FWD,9,50,1,IDLE,0
C3B93D0B,33798,34176.400,34176400,1001,1923,1932,50,90,FWD,9,50,1,IDLE,0
C3B93D0B,33799,34177.399,34177399,999,1924,1932,50,90,FWD,9,50,1,IDLE,0
C3B93D0B,33800,34178.400,34178400,1001,1923,1932,50,90,FWD,9,51,1,IDLE,0
C3B93D0B,33801,34179.400,34179400,1000,1923,1932,50,90,FWD,9,51,1,IDLE,0
C3B93D0B,33802,34180.809,34180809,1409,1923,1932,50,90,FWD,41,51,1,IDLE,0
C3B93D0B,33803,34181.399,34181399,590,1922,1932,50,90,FWD,9,51,1,IDLE,0
C3B93D0B,33804,34182.400,34182400,1001,1923,1932,50,90,FWD,9,51,1,IDLE,0
C3B93D0B,33805,34183.399,34183399,999,1923,1932,50,90,FWD,9,51,1,IDLE,0
C3B93D0B,33806,34184.400,34184400,1001,1925,1932,50,90,FWD,9,51,1,IDLE,0
C3B93D0B,33807,34185.399,34185399,999,1925,1932,50,90,FWD,9,51,1,IDLE,0
C3B93D0B,33808,34186.400,34186400,1001,1924,1932,50,90,FWD,9,51,1,IDLE,0
C3B93D0B,33809,34187.399,34187399,999,1926,1932,50,90,FWD,9,51,1,IDLE,0
C3B93D0B,33810,34188.400,34188400,1001,1921,1932,50,90,FWD,9,51,1,IDLE,0
C3B93D0B,33811,34189.400,34189400,1000,1922,1932,50,90,FWD,9,51,1,IDLE,0
C3B93D0B,33812,34190.400,34190400,1000,1925,1932,50,90,FWD,9,51,1,IDLE,0
C3B93D0B,33813,34191.399,34191399,999,1925,1932,50,90,FWD,9,51,1,IDLE,0
C3B93D0B,33814,34192.400,34192400,1001,1924,1932,50,90,FWD,9,51,1,IDLE,0
C3B93D0B,33815,34193.399,34193399,999,1925,1932,50,90,FWD,9,51,1,IDLE,0
C3B93D0B,33816,34194.400,34194400,1001,1923,1932,50,90,FWD,9,51,1,IDLE,0
C3B93D0B,33817,34195.399,34195399,999,1925,1932,50,90,FWD,9,51,1,IDLE,0
C3B93D0B,33818,34196.400,34196400,1001,1925,1932,50,90,FWD,9,51,1,IDLE,0
C3B93D0B,33819,34197.399,34197399,999,1926,1932,50,90,FWD,9,51,1,IDLE,0
C3B93D0B,33820,34198.400,34198400,1001,1925,1932,50,90,FWD,9,51,1,IDLE,0
C3B93D0B,33821,34199.400,34199400,1000,1926,1932,50,90,FWD,9,51,1,IDLE,0
C3B93D0B,33822,34200.400,34200400,1000,1923,1932,50,90,FWD,9,51,1,IDLE,0
C3B93D0B,33823,34201.399,34201399,999,1925,1932,50,90,FWD,9,51,1,IDLE,0
C3B93D0B,33824,34202.400,34202400,1001,1925,1932,50,90,FWD,9,51,1,IDLE,0
C3B93D0B,33825,34203.399,34203399,999,1927,1932,50,90,FWD,9,51,1,IDLE,0
C3B93D0B,33826,34204.400,34204400,1001,1922,1932,50,90,FWD,9,51,1,IDLE,0
C3B93D0B,33827,34205.399,34205399,999,1922,1932,50,90,FWD,9,51,1,IDLE,0
C3B93D0B,33828,34206.400,34206400,1001,1925,1932,50,90,FWD,9,51,1,IDLE,0
C3B93D0B,33829,34207.399,34207399,999,1925,1932,50,90,FWD,9,51,1,IDLE,0
C3B93D0B,33830,34208.400,34208400,1001,1925,1932,50,90,FWD,9,51,1,IDLE,0
C3B93D0B,33831,34209.400,34209400,1000,1924,1932,50,90,FWD,9,51,1,IDLE,0
C3B93D0B,33832,34210.400,34210400,1000,1925,1932,50,90,FWD,9,51,1,IDLE,0
C3B93D0B,33833,34211.399,34211399,999,1923,1932,50,90,FWD,9,51,1,IDLE,0
C3B93D0B,33834,34212.400,34212400,1001,1923,1932,50,90,FWD,9,51,1,IDLE,0
C3B93D0B,33835,34213.399,34213399,999,1923,1932,50,90,FWD,9,51,1,IDLE,0
C3B93D0B,33836,34214.400,34214400,1001,1921,1932,50,90,FWD,9,51,1,IDLE,0
C3B93D0B,33837,34215.399,34215399,999,1925,1932,50,90,FWD,9,51,1,IDLE,0
C3B93D0B,33838,34216.400,34216400,1001,1923,1932,50,90,FWD,9,51,1,IDLE,0
C3B93D0B,33839,34217.399,34217399,999,1921,1932,50,90,FWD,9,51,1,IDLE,0
C3B93D0B,33840,34218.400,34218400,1001,1923,1932,50,90,FWD,9,51,1,IDLE,0
C3B93D0B,33841,34219.400,34219400,1000,1925,1932,50,90,FWD,9,51,1,IDLE,0
C3B93D0B,33842,34220.400,34220400,1000,1923,1932,50,90,FWD,9,51,1,IDLE,0
C3B93D0B,33843,34221.399,34221399,999,1924,1932,50,90,FWD,9,51,1,IDLE,0
C3B93D0B,33844,34222.400,34222400,1001,1923,1932,50,90,FWD,9,51,1,IDLE,0
C3B93D0B,33845,34223.399,34223399,999,1923,1932,50,90,FWD,9,51,1,IDLE,0
C3B93D0B,33846,34224.400,34224400,1001,1921,1932,50,90,FWD,9,51,1,IDLE,0
C3B93D0B,33847,34225.399,34225399,999,1922,1932,50,90,FWD,9,51,1,IDLE,0
C3B93D0B,33848,34226.400,34226400,1001,1923,1932,50,90,FWD,9,51,1,IDLE,0
C3B93D0B,33849,34227.683,34227683,1283,1921,1932,50,90,FWD,41,51,1,IDLE,0
C3B93D0B,33850,34228.400,34228400,717,1923,1932,50,90,FWD,9,51,1,IDLE,0
C3B93D0B,33851,34229.400,34229400,1000,1921,1932,50,90,FWD,9,51,1,IDLE,0
C3B93D0B,33852,34230.400,34230400,1000,1925,1932,50,90,FWD,9,51,1,IDLE,0
C3B93D0B,33853,34231.399,34231399,999,1923,1932,50,90,FWD,9,51,1,IDLE,0
C3B93D0B,33854,34232.401,34232401,1002,1924,1932,50,90,FWD,9,51,1,IDLE,0
C3B93D0B,33855,34233.399,34233399,998,1922,1932,50,90,FWD,9,51,1,IDLE,0
C3B93D0B,33856,34234.797,34234797,1398,1922,1932,50,90,FWD,41,51,1,IDLE,0
C3B93D0B,33857,34235.399,34235399,602,1923,1932,50,90,FWD,9,51,1,IDLE,0
C3B93D0B,33858,34236.400,34236400,1001,1923,1932,50,90,FWD,9,51,1,IDLE,0
C3B93D0B,33859,34237.399,34237399,999,1925,1932,50,90,FWD,9,51,1,IDLE,0
C3B93D0B,33860,34238.400,34238400,1001,1924,1932,50,90,FWD,9,51,1,IDLE,0
C3B93D0B,33861,34239.400,34239400,1000,1923,1932,50,90,FWD,9,51,1,IDLE,0
C3B93D0B,33862,34240.403,34240403,1003,1936,1932,50,90,FWD,9,51,1,IDLE,0
C3B93D0B,33863,34241.399,34241399,996,1936,1932,50,90,FWD,9,51,1,IDLE,0
C3B93D0B,33864,34242.400,34242400,1001,1935,1932,50,90,FWD,9,51,1,IDLE,0
C3B93D0B,33865,34243.399,34243399,999,1934,1932,50,90,FWD,9,51,1,IDLE,0
C3B93D0B,33866,34244.400,34244400,1001,1934,1932,50,90,FWD,9,51,1,IDLE,0
C3B93D0B,33867,34245.399,34245399,999,1935,1932,50,90,FWD,9,51,1,IDLE,0
C3B93D0B,33868,34246.400,34246400,1001,1936,1932,50,90,FWD,9,51,1,IDLE,0
C3B93D0B,33869,34247.399,34247399,999,1935,1932,50,90,FWD,9,51,1,IDLE,0
C3B93D0B,33870,34248.400,34248400,1001,1934,1932,50,90,FWD,9,51,1,IDLE,0
C3B93D0B,33871,34249.400,34249400,1000,1935,1932,50,90,FWD,9,51,1,IDLE,0
C3B93D0B,33872,34250.400,34250400,1000,1934,1932,50,90,FWD,9,51,1,IDLE,0
C3B93D0B,33873,34251.399,34251399,999,1935,1932,50,90,FWD,9,51,1,IDLE,0
C3B93D0B,33874,34252.400,34252400,1001,1933,1932,50,90,FWD,9,51,1,IDLE,0
C3B93D0B,33875,34253.399,34253399,999,1935,1932,50,90,FWD,9,51,1,IDLE,0
C3B93D0B,33876,34254.400,34254400,1001,1934,1932,50,90,FWD,9,51,1,IDLE,0
C3B93D0B,33877,34255.399,34255399,999,1933,1932,50,90,FWD,9,51,1,IDLE,0
C3B93D0B,33878,34256.400,34256400,1001,1934,1932,50,90,FWD,9,51,1,IDLE,0
C3B93D0B,33879,34257.399,34257399,999,1935,1932,50,90,FWD,9,51,1,IDLE,0
C3B93D0B,33880,34258.400,34258400,1001,1936,1932,50,90,FWD,9,51,1,IDLE,0
C3B93D0B,33881,34259.400,34259400,1000,1934,1932,50,90,FWD,9,51,1,IDLE,0
C3B93D0B,33882,34260.400,34260400,1000,1932,1932,50,90,FWD,9,51,1,IDLE,0
C3B93D0B,33883,34261.399,34261399,999,1935,1932,50,90,FWD,9,51,1,IDLE,0
C3B93D0B,33884,34262.400,34262400,1001,1935,1932,50,90,FWD,9,51,1,IDLE,0
C3B93D0B,33885,34263.399,34263399,999,1935,1932,50,90,FWD,9,51,1,IDLE,0
C3B93D0B,33886,34264.400,34264400,1001,1933,1932,50,90,FWD,9,51,1,IDLE,0
C3B93D0B,33887,34265.399,34265399,999,1934,1932,50,90,FWD,9,51,1,IDLE,0
C3B93D0B,33888,34266.400,34266400,1001,1934,1932,51,90,FWD,9,51,1,IDLE,0
C3B93D0B,33889,34267.399,34267399,999,1934,1932,51,90,FWD,9,51,1,IDLE,0
C3B93D0B,33890,34268.400,34268400,1001,1934,1932,51,90,FWD,9,51,1,IDLE,0
C3B93D0B,33891,34269.400,34269400,1000,1933,1932,51,90,FWD,9,51,1,IDLE,0
C3B93D0B,33892,34270.400,34270400,1000,1931,1932,51,90,FWD,9,51,1,IDLE,0
C3B93D0B,33893,34271.399,34271399,999,1934,1932,51,90,FWD,9,51,1,IDLE,0
C3B93D0B,33894,34272.400,34272400,1001,1935,1932,51,90,FWD,9,51,1,IDLE,0
C3B93D0B,33895,34273.399,34273399,999,1935,1932,51,90,FWD,9,51,1,IDLE,0
C3B93D0B,33896,34274.400,34274400,1001,1934,1932,51,90,FWD,9,51,1,IDLE,0
C3B93D0B,33897,34275.399,34275399,999,1933,1932,51,90,FWD,9,51,1,IDLE,0
C3B93D0B,33898,34276.400,34276400,1001,1932,1932,51,90,FWD,9,51,1,IDLE,0
C3B93D0B,33899,34277.399,34277399,999,1935,1932,51,90,FWD,9,51,1,IDLE,0
C3B93D0B,33900,34278.400,34278400,1001,1934,1932,51,90,FWD,9,51,1,IDLE,0
C3B93D0B,33901,34279.400,34279400,1000,1935,1932,51,90,FWD,9,51,1,IDLE,0
C3B93D0B,33902,34281.204,34281204,1804,1918,1932,51,90,FWD,41,51,1,IDLE,0
C3B93D0B,33903,34281.772,34281772,568,1921,1932,51,90,FWD,9,51,1,IDLE,0
C3B93D0B,33904,34282.400,34282400,628,1921,1932,51,90,FWD,9,51,1,IDLE,0
C3B93D0B,33905,34283.399,34283399,999,1923,1932,51,90,FWD,9,51,1,IDLE,0
C3B93D0B,33906,34284.400,34284400,1001,1921,1932,51,90,FWD,9,51,1,IDLE,0
C3B93D0B,33907,34285.399,34285399,999,1923,1932,51,90,FWD,9,51,1,IDLE,0
C3B93D0B,33908,34286.400,34286400,1001,1922,1932,51,90,FWD,9,51,1,IDLE,0
C3B93D0B,33909,34287.399,34287399,999,1923,1932,51,90,FWD,9,51,1,IDLE,0
C3B93D0B,33910,34288.400,34288400,1001,1922,1932,51,90,FWD,9,51,1,IDLE,0
C3B93D0B,33911,34289.400,34289400,1000,1925,1932,51,90,FWD,9,51,1,IDLE,0
C3B93D0B,33912,34290.617,34290617,1217,1922,1932,51,90,FWD,9,51,1,IDLE,0
C3B93D0B,33913,34291.399,34291399,782,1921,1932,51,90,FWD,9,51,1,IDLE,0
C3B93D0B,33914,34292.400,34292400,1001,1921,1932,51,90,FWD,9,51,1,IDLE,0
C3B93D0B,33915,34293.399,34293399,999,1922,1932,51,90,FWD,9,51,1,IDLE,0
C3B93D0B,33916,34294.400,34294400,1001,1926,1932,51,90,FWD,9,51,1,IDLE,0
C3B93D0B,33917,34295.399,34295399,999,1925,1932,51,90,FWD,9,51,1,IDLE,0
C3B93D0B,33918,34296.400,34296400,1001,1923,1932,51,90,FWD,9,51,1,IDLE,0
C3B93D0B,33919,34297.399,34297399,999,1925,1932,51,90,FWD,9,51,1,IDLE,0
C3B93D0B,33920,34298.400,34298400,1001,1921,1932,51,90,FWD,9,51,1,IDLE,0
C3B93D0B,33921,34299.400,34299400,1000,1925,1932,51,90,FWD,9,51,1,IDLE,0
C3B93D0B,33922,34300.400,34300400,1000,1924,1932,51,90,FWD,9,51,1,IDLE,0
C3B93D0B,33923,34301.399,34301399,999,1921,1932,51,90,FWD,9,51,1,IDLE,0
C3B93D0B,33924,34302.400,34302400,1001,1922,1932,51,90,FWD,9,51,1,IDLE,0
C3B93D0B,33925,34303.399,34303399,999,1924,1932,51,90,FWD,9,51,1,IDLE,0
C3B93D0B,33926,34304.400,34304400,1001,1925,1932,51,90,FWD,9,51,1,IDLE,0
C3B93D0B,33927,34305.399,34305399,999,1925,1932,51,90,FWD,9,51,1,IDLE,0
C3B93D0B,33928,34306.400,34306400,1001,1922,1932,51,90,FWD,9,51,1,IDLE,0
C3B93D0B,33929,34307.399,34307399,999,1923,1932,51,90,FWD,9,51,1,IDLE,0
C3B93D0B,33930,34308.400,34308400,1001,1925,1932,51,90,FWD,9,51,1,IDLE,0
C3B93D0B,33931,34309.400,34309400,1000,1925,1932,51,90,FWD,9,51,1,IDLE,0
C3B93D0B,33932,34310.400,34310400,1000,1926,1932,51,90,FWD,9,51,1,IDLE,0
C3B93D0B,33933,34311.399,34311399,999,1925,1932,51,90,FWD,9,51,1,IDLE,0
C3B93D0B,33934,34312.400,34312400,1001,1923,1932,51,90,FWD,9,51,1,IDLE,0
C3B93D0B,33935,34313.399,34313399,999,1925,1932,51,90,FWD,9,51,1,IDLE,0
C3B93D0B,33936,34314.400,34314400,1001,1925,1932,51,90,FWD,9,51,1,IDLE,0
C3B93D0B,33937,34315.399,34315399,999,1923,1932,51,90,FWD,9,51,1,IDLE,0
C3B93D0B,33938,34316.400,34316400,1001,1923,1932,51,90,FWD,9,51,1,IDLE,0
C3B93D0B,33939,34317.399,34317399,999,1926,1932,51,90,FWD,9,51,1,IDLE,0
C3B93D0B,33940,34318.400,34318400,1001,1921,1932,51,90,FWD,9,51,1,IDLE,0
C3B93D0B,33941,34319.400,34319400,1000,1923,1932,51,90,FWD,9,51,1,IDLE,0
C3B93D0B,33942,34320.400,34320400,1000,1923,1932,51,90,FWD,9,51,1,IDLE,0
C3B93D0B,33943,34321.399,34321399,999,1923,1932,51,90,FWD,9,51,1,IDLE,0
C3B93D0B,33944,34322.400,34322400,1001,1923,1932,51,90,FWD,9,51,1,IDLE,0
C3B93D0B,33945,34323.399,34323399,999,1925,1932,51,90,FWD,9,51,1,IDLE,0
C3B93D0B,33946,34324.400,34324400,1001,1925,1932,51,90,FWD,9,51,1,IDLE,0
C3B93D0B,33947,34325.399,34325399,999,1923,1932,51,90,FWD,9,51,1,IDLE,0
C3B93D0B,33948,34326.400,34326400,1001,1925,1932,51,90,FWD,9,51,1,IDLE,0
C3B93D0B,33949,34327.399,34327399,999,1924,1932,51,90,FWD,9,51,1,IDLE,0
C3B93D0B,33950,34328.400,34328400,1001,1929,1932,51,90,FWD,9,51,1,IDLE,0
C3B93D0B,33951,34329.400,34329400,1000,1924,1932,51,90,FWD,9,51,1,IDLE,0
C3B93D0B,33952,34330.400,34330400,1000,1925,1932,51,90,FWD,9,51,1,IDLE,0
C3B93D0B,33953,34331.399,34331399,999,1925,1932,51,90,FWD,9,51,1,IDLE,0
C3B93D0B,33954,34332.454,34332454,1055,1923,1932,51,90,FWD,9,51,1,IDLE,0
C3B93D0B,33955,34333.399,34333399,945,1923,1932,51,90,FWD,9,51,1,IDLE,0
C3B93D0B,33956,34334.400,34334400,1001,1925,1932,51,90,FWD,9,51,1,IDLE,0
C3B93D0B,33957,34335.663,34335663,1263,1936,1932,51,90,FWD,41,51,1,IDLE,0
C3B93D0B,33958,34336.400,34336400,737,1936,1932,51,90,FWD,9,51,1,IDLE,0
C3B93D0B,33959,34337.399,34337399,999,1936,1932,51,90,FWD,9,51,1,IDLE,0
C3B93D0B,33960,34338.400,34338400,1001,1936,1932,51,90,FWD,9,51,1,IDLE,0
C3B93D0B,33961,34339.400,34339400,1000,1936,1932,51,90,FWD,9,51,1,IDLE,0
C3B93D0B,33962,34340.400,34340400,1000,1936,1932,51,90,FWD,9,51,1,IDLE,0
C3B93D0B,33963,34341.399,34341399,999,1936,1932,51,90,FWD,9,51,1,IDLE,0
C3B93D0B,33964,34342.400,34342400,1001,1936,1932,51,90,FWD,9,51,1,IDLE,0
C3B93D0B,33965,34343.399,34343399,999,1936,1932,51,90,FWD,9,51,1,IDLE,0
C3B93D0B,33966,34344.400,34344400,1001,1935,1932,51,90,FWD,9,51,1,IDLE,0
C3B93D0B,33967,34345.399,34345399,999,1936,1932,51,90,FWD,9,51,1,IDLE,0
C3B93D0B,33968,34346.400,34346400,1001,1935,1932,51,90,FWD,9,51,1,IDLE,0
C3B93D0B,33969,34347.399,34347399,999,1936,1932,51,90,FWD,9,51,1,IDLE,0
C3B93D0B,33970,34348.400,34348400,1001,1936,1932,51,90,FWD,9,51,1,IDLE,0
C3B93D0B,33971,34349.400,34349400,1000,1936,1932,51,90,FWD,9,51,1,IDLE,0
C3B93D0B,33972,34350.400,34350400,1000,1936,1932,51,90,FWD,9,51,1,IDLE,0
C3B93D0B,33973,34351.399,34351399,999,1936,1932,51,90,FWD,9,51,1,IDLE,0
C3B93D0B,33974,34352.400,34352400,1001,1936,1932,51,90,FWD,9,51,1,IDLE,0
C3B93D0B,33975,34353.399,34353399,999,1936,1932,51,90,FWD,9,51,1,IDLE,0
C3B93D0B,33976,34354.400,34354400,1001,1936,1932,51,90,FWD,9,51,1,IDLE,0
C3B93D0B,33977,34355.399,34355399,999,1935,1932,51,90,FWD,9,51,1,IDLE,0
C3B93D0B,33978,34356.400,34356400,1001,1935,1932,51,90,FWD,9,51,1,IDLE,0
C3B93D0B,33979,34357.399,34357399,999,1936,1932,51,90,FWD,9,51,1,IDLE,0
C3B93D0B,33980,34358.400,34358400,1001,1936,1932,51,90,FWD,9,51,1,IDLE,0
C3B93D0B,33981,34359.400,34359400,1000,1936,1932,51,90,FWD,9,51,1,IDLE,0
C3B93D0B,33982,34360.400,34360400,1000,1934,1932,51,90,FWD,9,51,1,IDLE,0
C3B93D0B,33983,34361.399,34361399,999,1936,1932,51,90,FWD,9,51,1,IDLE,0
C3B93D0B,33984,34362.400,34362400,1001,1935,1932,51,90,FWD,9,51,1,IDLE,0
C3B93D0B,33985,34363.399,34363399,999,1936,1932,51,90,FWD,9,51,1,IDLE,0
C3B93D0B,33986,34364.400,34364400,1001,1935,1932,51,90,FWD,9,51,1,IDLE,0
C3B93D0B,33987,34365.399,34365399,999,1935,1932,51,90,FWD,9,51,1,IDLE,0
C3B93D0B,33988,34366.400,34366400,1001,1935,1932,51,90,FWD,9,51,1,IDLE,0
C3B93D0B,33989,34367.399,34367399,999,1936,1932,51,90,FWD,9,51,1,IDLE,0
C3B93D0B,33990,34368.400,34368400,1001,1935,1932,51,90,FWD,9,51,1,IDLE,0
C3B93D0B,33991,34369.400,34369400,1000,1936,1932,51,90,FWD,9,51,1,IDLE,0
C3B93D0B,33992,34370.400,34370400,1000,1935,1932,51,90,FWD,9,51,1,IDLE,0
C3B93D0B,33993,34371.399,34371399,999,1936,1932,51,90,FWD,9,51,1,IDLE,0
C3B93D0B,33994,34372.400,34372400,1001,1935,1932,51,90,FWD,9,51,1,IDLE,0
C3B93D0B,33995,34373.399,34373399,999,1935,1932,51,90,FWD,9,51,1,IDLE,0
C3B93D0B,33996,34374.400,34374400,1001,1936,1932,51,90,FWD,9,51,1,IDLE,0
C3B93D0B,33997,34375.399,34375399,999,1936,1932,51,90,FWD,9,51,1,IDLE,0
C3B93D0B,33998,34376.400,34376400,1001,1934,1932,51,90,FWD,9,51,1,IDLE,0
C3B93D0B,33999,34377.399,34377399,999,1936,1932,51,90,FWD,9,51,1,IDLE,0
C3B93D0B,34000,34378.508,34378508,1109,1935,1932,51,90,FWD,9,51,1,IDLE,0
C3B93D0B,34001,34379.756,34379756,1248,1935,1932,51,90,FWD,9,51,1,IDLE,0
C3B93D0B,34002,34381.344,34381344,1588,1921,1932,51,90,FWD,41,51,1,IDLE,0
C3B93D0B,34003,34381.658,34381658,314,1921,1932,51,90,FWD,9,51,1,IDLE,0
C3B93D0B,34004,34382.403,34382403,745,1923,1932,51,90,FWD,9,51,1,IDLE,0
C3B93D0B,34005,34383.399,34383399,996,1923,1932,51,90,FWD,9,51,1,IDLE,0
C3B93D0B,34006,34384.400,34384400,1001,1923,1932,51,90,FWD,9,51,1,IDLE,0
C3B93D0B,34007,34385.399,34385399,999,1925,1932,51,90,FWD,9,51,1,IDLE,0
C3B93D0B,34008,34386.400,34386400,1001,1925,1932,51,90,FWD,9,51,1,IDLE,0
C3B93D0B,34009,34387.399,34387399,999,1924,1932,51,90,FWD,9,51,1,IDLE,0
C3B93D0B,34010,34388.400,34388400,1001,1924,1932,51,90,FWD,9,51,1,IDLE,0
C3B93D0B,34011,34389.399,34389399,999,1926,1932,51,90,FWD,9,51,1,IDLE,0
C3B93D0B,34012,34390.401,34390401,1002,1927,1932,51,90,FWD,9,51,1,IDLE,0
C3B93D0B,34013,34391.399,34391399,998,1926,1932,51,90,FWD,9,51,1,IDLE,0
C3B93D0B,34014,34392.400,34392400,1001,1925,1932,51,90,FWD,9,51,1,IDLE,0
C3B93D0B,34015,34393.399,34393399,999,1926,1932,51,90,FWD,9,51,1,IDLE,0
C3B93D0B,34016,34394.400,34394400,1001,1925,1932,51,90,FWD,9,51,1,IDLE,0
C3B93D0B,34017,34395.399,34395399,999,1927,1932,51,90,FWD,9,51,1,IDLE,0
C3B93D0B,34018,34396.400,34396400,1001,1926,1932,51,90,FWD,9,51,1,IDLE,0
C3B93D0B,34019,34397.399,34397399,999,1925,1932,51,90,FWD,9,51,1,IDLE,0
C3B93D0B,34020,34398.400,34398400,1001,1925,1932,51,90,FWD,9,51,1,IDLE,0
C3B93D0B,34021,34399.399,34399399,999,1926,1932,51,90,FWD,9,51,1,IDLE,0
C3B93D0B,34022,34400.401,34400401,1002,1930,1932,51,90,FWD,9,51,1,IDLE,0
C3B93D0B,34023,34401.399,34401399,998,1927,1932,51,90,FWD,9,51,1,IDLE,0
C3B93D0B,34024,34402.400,34402400,1001,1927,1932,51,90,FWD,9,51,1,IDLE,0
C3B93D0B,34025,34403.399,34403399,999,1927,1932,51,90,FWD,9,51,1,IDLE,0
C3B93D0B,34026,34404.400,34404400,1001,1925,1932,51,90,FWD,9,51,1,IDLE,0
C3B93D0B,34027,34405.399,34405399,999,1930,1932,51,90,FWD,9,51,1,IDLE,0
C3B93D0B,34028,34406.400,34406400,1001,1925,1932,51,90,FWD,9,51,1,IDLE,0
C3B93D0B,34029,34407.399,34407399,999,1928,1932,51,90,FWD,9,51,1,IDLE,0
C3B93D0B,34030,34408.400,34408400,1001,1927,1932,51,90,FWD,9,51,1,IDLE,0
C3B93D0B,34031,34409.399,34409399,999,1925,1932,51,90,FWD,9,51,1,IDLE,0
C3B93D0B,34032,34410.401,34410401,1002,1927,1932,51,90,FWD,9,51,1,IDLE,0
C3B93D0B,34033,34411.399,34411399,998,1927,1932,51,90,FWD,9,51,1,IDLE,0
C3B93D0B,34034,34412.400,34412400,1001,1927,1932,51,90,FWD,9,51,1,IDLE,0
C3B93D0B,34035,34413.399,34413399,999,1926,1932,51,90,FWD,9,51,1,IDLE,0
C3B93D0B,34036,34414.400,34414400,1001,1926,1932,51,90,FWD,9,51,1,IDLE,0
C3B93D0B,34037,34415.399,34415399,999,1925,1932,51,90,FWD,9,51,1,IDLE,0
C3B93D0B,34038,34416.400,34416400,1001,1926,1932,52,90,FWD,9,51,1,IDLE,0
C3B93D0B,34039,34417.399,34417399,999,1925,1932,52,90,FWD,9,51,1,IDLE,0
C3B93D0B,34040,34418.400,34418400,1001,1929,1932,52,90,FWD,9,51,1,IDLE,0
C3B93D0B,34041,34419.399,34419399,999,1925,1932,52,90,FWD,9,51,1,IDLE,0
C3B93D0B,34042,34420.401,34420401,1002,1927,1932,52,90,FWD,9,51,1,IDLE,0
C3B93D0B,34043,34421.399,34421399,998,1927,1932,52,90,FWD,9,51,1,IDLE,0
C3B93D0B,34044,34422.400,34422400,1001,1927,1932,52,90,FWD,9,51,1,IDLE,0
C3B93D0B,34045,34423.399,34423399,999,1927,1932,52,90,FWD,9,51,1,IDLE,0
C3B93D0B,34046,34424.400,34424400,1001,1929,1932,52,90,FWD,9,51,1,IDLE,0
C3B93D0B,34047,34425.399,34425399,999,1927,1932,52,90,FWD,9,51,1,IDLE,0
C3B93D0B,34048,34426.400,34426400,1001,1925,1932,52,90,FWD,9,51,1,IDLE,0
C3B93D0B,34049,34427.399,34427399,999,1927,1932,52,90,FWD,9,51,1,IDLE,0
C3B93D0B,34050,34428.400,34428400,1001,1927,1932,52,90,FWD,9,51,1,IDLE,0
C3B93D0B,34051,34429.399,34429399,999,1926,1932,52,90,FWD,9,51,1,IDLE,0
C3B93D0B,34052,34430.401,34430401,1002,1930,1932,52,90,FWD,9,51,1,IDLE,0
C3B93D0B,34053,34431.399,34431399,998,1930,1932,52,90,FWD,9,51,1,IDLE,0
C3B93D0B,34054,34432.730,34432730,1331,1928,1932,52,90,FWD,41,51,1,IDLE,0
C3B93D0B,34055,34433.399,34433399,669,1930,1932,52,90,FWD,9,51,1,IDLE,0
C3B93D0B,34056,34434.400,34434400,1001,1929,1932,52,90,FWD,9,51,1,IDLE,0
C3B93D0B,34057,34435.399,34435399,999,1927,1932,52,90,FWD,9,51,1,IDLE,0
C3B93D0B,34058,34436.400,34436400,1001,1925,1932,52,90,FWD,9,51,1,IDLE,0
C3B93D0B,34059,34437.399,34437399,999,1926,1932,52,90,FWD,9,51,1,IDLE,0
C3B93D0B,34060,34438.401,34438401,1002,1927,1932,52,90,FWD,9,51,1,IDLE,0
C3B93D0B,34061,34439.399,34439399,998,1937,1932,52,90,FWD,9,51,1,IDLE,0
C3B93D0B,34062,34440.565,34440565,1166,1936,1932,52,90,FWD,9,51,1,IDLE,0
C3B93D0B,34063,34441.399,34441399,834,1938,1932,52,90,FWD,9,51,1,IDLE,0
C3B93D0B,34064,34442.400,34442400,1001,1937,1932,52,90,FWD,9,51,1,IDLE,0
C3B93D0B,34065,34443.399,34443399,999,1937,1932,52,90,FWD,9,51,1,IDLE,0
C3B93D0B,34066,34444.400,34444400,1001,1936,1932,52,90,FWD,9,51,1,IDLE,0
C3B93D0B,34067,34445.399,34445399,999,1936,1932,52,90,FWD,9,51,1,IDLE,0
C3B93D0B,34068,34446.400,34446400,1001,1937,1932,52,90,FWD,9,51,1,IDLE,0
C3B93D0B,34069,34447.399,34447399,999,1937,1932,52,90,FWD,9,51,1,IDLE,0
C3B93D0B,34070,34448.400,34448400,1001,1936,1932,52,90,FWD,9,51,1,IDLE,0
C3B93D0B,34071,34449.399,34449399,999,1936,1932,52,90,FWD,9,51,1,IDLE,0
C3B93D0B,34072,34450.401,34450401,1002,1936,1932,52,90,FWD,9,51,1,IDLE,0
C3B93D0B,34073,34451.399,34451399,998,1936,1932,52,90,FWD,9,51,1,IDLE,0
C3B93D0B,34074,34452.400,34452400,1001,1936,1932,52,90,FWD,9,51,1,IDLE,0
C3B93D0B,34075,34453.399,34453399,999,1936,1932,52,90,FWD,9,51,1,IDLE,0
C3B93D0B,34076,34454.400,34454400,1001,1936,1932,52,90,FWD,9,51,1,IDLE,0
C3B93D0B,34077,34455.399,34455399,999,1937,1932,52,90,FWD,9,51,1,IDLE,0
C3B93D0B,34078,34456.400,34456400,1001,1936,1932,52,90,FWD,9,51,1,IDLE,0
C3B93D0B,34079,34457.399,34457399,999,1936,1932,52,90,FWD,9,51,1,IDLE,0
C3B93D0B,34080,34458.400,34458400,1001,1935,1932,52,90,FWD,9,51,1,IDLE,0
C3B93D0B,34081,34459.399,34459399,999,1936,1932,52,90,FWD,9,51,1,IDLE,0
C3B93D0B,34082,34460.401,34460401,1002,1936,1932,52,90,FWD,9,51,1,IDLE,0
C3B93D0B,34083,34461.399,34461399,998,1936,1932,52,90,FWD,9,51,1,IDLE,0
C3B93D0B,34084,34462.400,34462400,1001,1936,1932,52,90,FWD,9,51,1,IDLE,0
C3B93D0B,34085,34463.399,34463399,999,1937,1932,52,90,FWD,9,51,1,IDLE,0
C3B93D0B,34086,34464.400,34464400,1001,1936,1932,52,90,FWD,9,51,1,IDLE,0
C3B93D0B,34087,34465.399,34465399,999,1936,1932,52,90,FWD,9,51,1,IDLE,0
C3B93D0B,34088,34466.400,34466400,1001,1936,1932,52,90,FWD,9,51,1,IDLE,0
C3B93D0B,34089,34467.399,34467399,999,1936,1932,52,90,FWD,9,51,1,IDLE,0
C3B93D0B,34090,34468.400,34468400,1001,1936,1932,52,90,FWD,9,51,1,IDLE,0
C3B93D0B,34091,34469.399,34469399,999,1936,1932,52,90,FWD,9,51,1,IDLE,0
C3B93D0B,34092,34470.401,34470401,1002,1936,1932,52,90,FWD,9,51,1,IDLE,0
C3B93D0B,34093,34471.399,34471399,998,1936,1932,52,90,FWD,9,51,1,IDLE,0
C3B93D0B,34094,34472.400,34472400,1001,1937,1932,52,90,FWD,9,51,1,IDLE,0
C3B93D0B,34095,34473.399,34473399,999,1936,1932,52,90,FWD,9,51,1,IDLE,0
C3B93D0B,34096,34474.400,34474400,1001,1936,1932,52,90,FWD,9,51,1,IDLE,0
C3B93D0B,34097,34475.399,34475399,999,1936,1932,52,90,FWD,9,51,1,IDLE,0
C3B93D0B,34098,34476.400,34476400,1001,1936,1932,52,90,FWD,9,51,1,IDLE,0
C3B93D0B,34099,34477.399,34477399,999,1936,1932,52,90,FWD,9,51,1,IDLE,0
C3B93D0B,34100,34478.400,34478400,1001,1936,1932,52,90,FWD,9,51,1,IDLE,0
C3B93D0B,34101,34479.399,34479399,999,1936,1932,52,90,FWD,9,51,1,IDLE,0
C3B93D0B,34102,34480.401,34480401,1002,1937,1932,52,90,FWD,9,51,1,IDLE,0
C3B93D0B,34103,34482.236,34482236,1835,1925,1932,52,90,FWD,41,51,1,IDLE,0
C3B93D0B,34104,34482.555,34482555,319,1925,1932,52,90,FWD,9,51,1,IDLE,0
C3B93D0B,34105,34483.400,34483400,845,1920,1932,52,90,FWD,9,51,1,IDLE,0
C3B93D0B,34106,34484.399,34484399,999,1925,1932,52,90,FWD,9,51,1,IDLE,0
C3B93D0B,34107,34485.400,34485400,1001,1926,1932,52,90,FWD,9,51,1,IDLE,0
C3B93D0B,34108,34486.399,34486399,999,1926,1932,52,90,FWD,9,51,1,IDLE,0
C3B93D0B,34109,34487.400,34487400,1001,1923,1932,52,90,FWD,9,51,1,IDLE,0
C3B93D0B,34110,34488.399,34488399,999,1929,1932,52,90,FWD,9,51,1,IDLE,0
C3B93D0B,34111,34489.400,34489400,1001,1926,1932,52,90,FWD,9,51,1,IDLE,0
C3B93D0B,34112,34490.400,34490400,1000,1927,1932,52,90,FWD,9,51,1,IDLE,0
C3B93D0B,34113,34491.400,34491400,1000,1926,1932,52,90,FWD,9,51,1,IDLE,0
C3B93D0B,34114,34492.399,34492399,999,1927,1932,52,90,FWD,9,51,1,IDLE,0
C3B93D0B,34115,34493.400,34493400,1001,1933,1932,52,90,FWD,9,51,1,IDLE,0
C3B93D0B,34116,34494.399,34494399,999,1930,1932,52,90,FWD,9,51,1,IDLE,0
C3B93D0B,34117,34495.400,34495400,1001,1927,1932,52,90,FWD,9,51,1,IDLE,0
C3B93D0B,34118,34496.399,34496399,999,1931,1932,52,90,FWD,9,51,1,IDLE,0
C3B93D0B,34119,34497.400,34497400,1001,1927,1932,52,90,FWD,9,51,1,IDLE,0
C3B93D0B,34120,34498.399,34498399,999,1927,1932,52,90,FWD,9,51,1,IDLE,0
C3B93D0B,34121,34499.400,34499400,1001,1928,1932,52,90,FWD,9,51,1,IDLE,0
C3B93D0B,34122,34500.400,34500400,1000,1929,1932,52,90,FWD,9,51,1,IDLE,0
C3B93D0B,34123,34501.400,34501400,1000,1927,1932,52,90,FWD,9,51,1,IDLE,0
C3B93D0B,34124,34502.399,34502399,999,1930,1932,52,90,FWD,9,51,1,IDLE,0
C3B93D0B,34125,34503.400,34503400,1001,1931,1932,52,90,FWD,9,51,1,IDLE,0
C3B93D0B,34126,34504.399,34504399,999,1927,1932,52,90,FWD,9,51,1,IDLE,0
C3B93D0B,34127,34505.400,34505400,1001,1928,1932,52,90,FWD,9,51,1,IDLE,0
C3B93D0B,34128,34506.399,34506399,999,1931,1932,52,90,FWD,9,51,1,IDLE,0
C3B93D0B,34129,34507.400,34507400,1001,1931,1932,52,90,FWD,9,51,1,IDLE,0
C3B93D0B,34130,34508.399,34508399,999,1931,1932,52,90,FWD,9,51,1,IDLE,0
C3B93D0B,34131,34509.400,34509400,1001,1929,1932,52,90,FWD,9,51,1,IDLE,0
C3B93D0B,34132,34510.400,34510400,1000,1927,1932,52,90,FWD,9,51,1,IDLE,0
C3B93D0B,34133,34511.400,34511400,1000,1929,1932,52,90,FWD,9,51,1,IDLE,0
C3B93D0B,34134,34512.399,34512399,999,1931,1932,52,90,FWD,9,51,1,IDLE,0
C3B93D0B,34135,34513.400,34513400,1001,1928,1932,52,90,FWD,9,51,1,IDLE,0
C3B93D0B,34136,34514.399,34514399,999,1927,1932,52,90,FWD,9,51,1,IDLE,0
C3B93D0B,34137,34515.400,34515400,1001,1927,1932,52,90,FWD,9,51,1,IDLE,0
C3B93D0B,34138,34516.399,34516399,999,1930,1932,52,90,FWD,9,51,1,IDLE,0
C3B93D0B,34139,34517.400,34517400,1001,1927,1932,52,90,FWD,9,51,1,IDLE,0
C3B93D0B,34140,34518.399,34518399,999,1929,1932,52,90,FWD,9,51,1,IDLE,0
C3B93D0B,34141,34519.400,34519400,1001,1927,1932,52,90,FWD,9,51,1,IDLE,0
C3B93D0B,34142,34520.400,34520400,1000,1929,1932,52,90,FWD,9,51,1,IDLE,0
C3B93D0B,34143,34521.400,34521400,1000,1929,1932,52,90,FWD,9,51,1,IDLE,0
C3B93D0B,34144,34522.399,34522399,999,1929,1932,52,90,FWD,9,51,1,IDLE,0
C3B93D0B,34145,34523.400,34523400,1001,1930,1932,52,90,FWD,9,51,1,IDLE,0
C3B93D0B,34146,34524.399,34524399,999,1933,1932,52,90,FWD,9,51,1,IDLE,0
C3B93D0B,34147,34525.400,34525400,1001,1926,1932,52,90,FWD,9,51,1,IDLE,0
C3B93D0B,34148,34526.399,34526399,999,1929,1932,52,90,FWD,9,51,1,IDLE,0
C3B93D0B,34149,34527.400,34527400,1001,1930,1932,52,90,FWD,9,51,1,IDLE,0
C3B93D0B,34150,34528.399,34528399,999,1930,1932,52,90,FWD,9,51,1,IDLE,0
C3B93D0B,34151,34529.400,34529400,1001,1933,1932,52,90,FWD,9,51,1,IDLE,0
C3B93D0B,34152,34530.400,34530400,1000,1929,1932,52,90,FWD,9,51,1,IDLE,0
C3B93D0B,34153,34531.400,34531400,1000,1927,1932,52,90,FWD,9,51,1,IDLE,0
C3B93D0B,34154,34532.399,34532399,999,1929,1932,52,90,FWD,9,51,1,IDLE,0
C3B93D0B,34155,34533.400,34533400,1001,1929,1932,52,90,FWD,9,51,1,IDLE,0
C3B93D0B,34156,34534.399,34534399,999,1931,1932,52,90,FWD,9,51,1,IDLE,0
C3B93D0B,34157,34535.400,34535400,1001,1931,1932,52,90,FWD,9,51,1,IDLE,0
C3B93D0B,34158,34536.399,34536399,999,1931,1932,52,90,FWD,9,51,1,IDLE,0
C3B93D0B,34159,34537.400,34537400,1001,1931,1932,52,90,FWD,9,51,1,IDLE,0
C3B93D0B,34160,34538.399,34538399,999,1930,1932,52,90,FWD,9,51,1,IDLE,0
C3B93D0B,34161,34539.400,34539400,1001,1936,1932,52,90,FWD,9,51,1,IDLE,0
C3B93D0B,34162,34540.810,34540810,1410,1940,1932,52,90,FWD,41,51,1,IDLE,0
C3B93D0B,34163,34541.400,34541400,590,1939,1932,52,90,FWD,9,51,1,IDLE,0
C3B93D0B,34164,34542.399,34542399,999,1938,1932,52,90,FWD,9,51,1,IDLE,0
C3B93D0B,34165,34543.400,34543400,1001,1938,1932,52,90,FWD,9,51,1,IDLE,0
C3B93D0B,34166,34544.399,34544399,999,1937,1932,52,90,FWD,9,51,1,IDLE,0
C3B93D0B,34167,34545.400,34545400,1001,1938,1932,52,90,FWD,9,51,1,IDLE,0
C3B93D0B,34168,34546.399,34546399,999,1939,1932,52,90,FWD,9,51,1,IDLE,0
C3B93D0B,34169,34547.400,34547400,1001,1937,1932,52,90,FWD,9,51,1,IDLE,0
C3B93D0B,34170,34548.399,34548399,999,1937,1932,52,90,FWD,9,51,1,IDLE,0
C3B93D0B,34171,34549.400,34549400,1001,1938,1932,52,90,FWD,9,51,1,IDLE,0
C3B93D0B,34172,34550.400,34550400,1000,1938,1932,52,90,FWD,9,51,1,IDLE,0
C3B93D0B,34173,34551.400,34551400,1000,1938,1932,52,90,FWD,9,51,1,IDLE,0
C3B93D0B,34174,34552.399,34552399,999,1938,1932,52,90,FWD,9,51,1,IDLE,0
C3B93D0B,34175,34553.400,34553400,1001,1937,1932,52,90,FWD,9,51,1,IDLE,0
C3B93D0B,34176,34554.399,34554399,999,1936,1932,52,90,FWD,9,51,1,IDLE,0
C3B93D0B,34177,34555.400,34555400,1001,1937,1932,52,90,FWD,9,51,1,IDLE,0
C3B93D0B,34178,34556.399,34556399,999,1937,1932,52,90,FWD,9,51,1,IDLE,0
C3B93D0B,34179,34557.400,34557400,1001,1937,1932,52,90,FWD,9,51,1,IDLE,0
C3B93D0B,34180,34558.399,34558399,999,1938,1932,52,90,FWD,9,51,1,IDLE,0
C3B93D0B,34181,34559.400,34559400,1001,1936,1932,52,90,FWD,9,51,1,IDLE,0
C3B93D0B,34182,34560.400,34560400,1000,1937,1932,52,90,FWD,9,51,1,IDLE,0
C3B93D0B,34183,34561.400,34561400,1000,1938,1932,52,90,FWD,9,51,1,IDLE,0
C3B93D0B,34184,34562.399,34562399,999,1938,1932,52,90,FWD,9,51,1,IDLE,0
C3B93D0B,34185,34563.400,34563400,1001,1936,1932,52,90,FWD,9,51,1,IDLE,0
C3B93D0B,34186,34564.399,34564399,999,1937,1932,52,90,FWD,9,51,1,IDLE,0
C3B93D0B,34187,34565.400,34565400,1001,1939,1932,52,90,FWD,9,51,1,IDLE,0
C3B93D0B,34188,34566.399,34566399,999,1937,1932,52,90,FWD,9,51,1,IDLE,0
C3B93D0B,34189,34567.400,34567400,1001,1936,1932,53,90,FWD,9,51,1,IDLE,0
C3B93D0B,34190,34568.399,34568399,999,1938,1932,53,90,FWD,9,51,1,IDLE,0
C3B93D0B,34191,34569.400,34569400,1001,1936,1932,53,90,FWD,9,51,1,IDLE,0
C3B93D0B,34192,34570.400,34570400,1000,1937,1932,53,90,FWD,9,51,1,IDLE,0
C3B93D0B,34193,34571.400,34571400,1000,1937,1932,53,90,FWD,9,51,1,IDLE,0
C3B93D0B,34194,34572.399,34572399,999,1936,1932,53,90,FWD,9,51,1,IDLE,0
C3B93D0B,34195,34573.400,34573400,1001,1937,1932,53,90,FWD,9,51,1,IDLE,0
C3B93D0B,34196,34574.399,34574399,999,1937,1932,53,90,FWD,9,51,1,IDLE,0
C3B93D0B,34197,34575.400,34575400,1001,1936,1932,53,90,FWD,9,51,1,IDLE,0
C3B93D0B,34198,34576.399,34576399,999,1937,1932,53,90,FWD,9,51,1,IDLE,0
C3B93D0B,34199,34577.400,34577400,1001,1936,1932,53,90,FWD,9,51,1,IDLE,0
C3B93D0B,34200,34578.399,34578399,999,1936,1932,53,90,FWD,9,51,1,IDLE,0
C3B93D0B,34201,34579.400,34579400,1001,1936,1932,53,90,FWD,9,51,1,IDLE,0
C3B93D0B,34202,34580.400,34580400,1000,1937,1932,53,90,FWD,9,51,1,IDLE,0
C3B93D0B,34203,34582.243,34582243,1843,1926,1932,53,90,FWD,41,51,1,IDLE,0
C3B93D0B,34204,34582.558,34582558,315,1927,1932,53,90,FWD,9,51,1,IDLE,0
C3B93D0B,34205,34583.400,34583400,842,1927,1932,53,90,FWD,9,51,1,IDLE,0
C3B93D0B,34206,34584.399,34584399,999,1927,1932,53,90,FWD,9,51,1,IDLE,0
C3B93D0B,34207,34585.400,34585400,1001,1927,1932,53,90,FWD,9,51,1,IDLE,0
C3B93D0B,34208,34586.399,34586399,999,1923,1932,53,90,FWD,9,51,1,IDLE,0
C3B93D0B,34209,34587.400,34587400,1001,1926,1932,53,90,FWD,9,51,1,IDLE,0
C3B93D0B,34210,34588.399,34588399,999,1930,1932,53,90,FWD,9,51,1,IDLE,0
C3B93D0B,34211,34589.400,34589400,1001,1934,1932,53,90,FWD,9,51,1,IDLE,0
C3B93D0B,34212,34590.520,34590520,1120,1929,1932,53,90,FWD,9,51,1,IDLE,0
C3B93D0B,34213,34591.400,34591400,880,1927,1932,53,90,FWD,9,51,1,IDLE,0
C3B93D0B,34214,34592.399,34592399,999,1931,1932,53,90,FWD,9,51,1,IDLE,0
C3B93D0B,34215,34593.400,34593400,1001,1931,1932,53,90,FWD,9,51,1,IDLE,0
C3B93D0B,34216,34594.399,34594399,999,1931,1932,53,90,FWD,9,51,1,IDLE,0
C3B93D0B,34217,34595.400,34595400,1001,1927,1932,53,90,FWD,9,51,1,IDLE,0
C3B93D0B,34218,34596.399,34596399,999,1929,1932,53,90,FWD,9,51,1,IDLE,0
C3B93D0B,34219,34597.400,34597400,1001,1928,1932,53,90,FWD,9,51,1,IDLE,0
C3B93D0B,34220,34598.399,34598399,999,1930,1932,53,90,FWD,9,51,1,IDLE,0
C3B93D0B,34221,34599.400,34599400,1001,1931,1932,53,90,FWD,9,51,1,IDLE,0
C3B93D0B,34222,34600.400,34600400,1000,1927,1932,53,90,FWD,9,51,1,IDLE,0
C3B93D0B,34223,34601.400,34601400,1000,1931,1932,53,90,FWD,9,51,1,IDLE,0
C3B93D0B,34224,34602.399,34602399,999,1930,1932,53,90,FWD,9,51,1,IDLE,0
C3B93D0B,34225,34603.400,34603400,1001,1927,1932,53,90,FWD,9,51,1,IDLE,0
C3B93D0B,34226,34604.399,34604399,999,1930,1932,53,90,FWD,9,51,1,IDLE,0
C3B93D0B,34227,34605.400,34605400,1001,1928,1932,53,90,FWD,9,51,1,IDLE,0
C3B93D0B,34228,34606.399,34606399,999,1929,1932,53,90,FWD,9,51,1,IDLE,0
C3B93D0B,34229,34607.400,34607400,1001,1927,1932,53,90,FWD,9,51,1,IDLE,0
C3B93D0B,34230,34608.399,34608399,999,1931,1932,53,90,FWD,9,51,1,IDLE,0
C3B93D0B,34231,34609.400,34609400,1001,1930,1932,53,90,FWD,9,51,1,IDLE,0
C3B93D0B,34232,34610.400,34610400,1000,1930,1932,53,90,FWD,9,51,1,IDLE,0
C3B93D0B,34233,34611.400,34611400,1000,1930,1932,53,90,FWD,9,51,1,IDLE,0
C3B93D0B,34234,34612.399,34612399,999,1933,1932,53,90,FWD,9,51,1,IDLE,0
C3B93D0B,34235,34613.400,34613400,1001,1929,1932,53,90,FWD,9,51,1,IDLE,0
C3B93D0B,34236,34614.399,34614399,999,1931,1932,53,90,FWD,9,51,1,IDLE,0
C3B93D0B,34237,34615.400,34615400,1001,1930,1932,53,90,FWD,9,51,1,IDLE,0
C3B93D0B,34238,34616.399,34616399,999,1930,1932,53,90,FWD,9,51,1,IDLE,0
C3B93D0B,34239,34617.400,34617400,1001,1931,1932,53,90,FWD,9,51,1,IDLE,0
C3B93D0B,34240,34618.399,34618399,999,1931,1932,53,90,FWD,9,51,1,IDLE,0
C3B93D0B,34241,34619.400,34619400,1001,1931,1932,53,90,FWD,9,51,1,IDLE,0
C3B93D0B,34242,34620.400,34620400,1000,1929,1932,53,90,FWD,9,51,1,IDLE,0
C3B93D0B,34243,34621.400,34621400,1000,1930,1932,53,90,FWD,9,51,1,IDLE,0
C3B93D0B,34244,34622.399,34622399,999,1932,1932,53,90,FWD,9,51,1,IDLE,0
C3B93D0B,34245,34623.400,34623400,1001,1931,1932,53,90,FWD,9,51,1,IDLE,0
C3B93D0B,34246,34624.399,34624399,999,1930,1932,53,90,FWD,9,51,1,IDLE,0
C3B93D0B,34247,34625.400,34625400,1001,1930,1932,53,90,FWD,9,51,1,IDLE,0
C3B93D0B,34248,34626.399,34626399,999,1931,1932,53,90,FWD,9,51,1,IDLE,0
C3B93D0B,34249,34627.400,34627400,1001,1930,1932,53,90,FWD,9,51,1,IDLE,0
C3B93D0B,34250,34628.399,34628399,999,1930,1932,53,90,FWD,9,51,1,IDLE,0
C3B93D0B,34251,34629.400,34629400,1001,1930,1932,53,90,FWD,9,51,1,IDLE,0
C3B93D0B,34252,34630.400,34630400,1000,1930,1932,53,90,FWD,9,51,1,IDLE,0
C3B93D0B,34253,34631.400,34631400,1000,1930,1932,53,90,FWD,9,51,1,IDLE,0
C3B93D0B,34254,34632.399,34632399,999,1930,1932,53,90,FWD,9,51,1,IDLE,0
C3B93D0B,34255,34633.400,34633400,1001,1930,1932,53,90,FWD,9,51,1,IDLE,0
C3B93D0B,34256,34634.399,34634399,999,1930,1932,53,90,FWD,9,51,1,IDLE,0
C3B93D0B,34257,34635.400,34635400,1001,1930,1932,53,90,FWD,9,51,1,IDLE,0
C3B93D0B,34258,34636.399,34636399,999,1930,1932,53,90,FWD,9,51,1,IDLE,0
C3B93D0B,34259,34637.400,34637400,1001,1929,1932,53,90,FWD,9,51,1,IDLE,0
C3B93D0B,34260,34638.399,34638399,999,1930,1932,53,90,FWD,9,51,1,IDLE,0
C3B93D0B,34261,34639.400,34639400,1001,1930,1932,53,90,FWD,9,51,1,IDLE,0
C3B93D0B,34262,34640.400,34640400,1000,1930,1932,53,90,FWD,9,51,1,IDLE,0
C3B93D0B,34263,34641.400,34641400,1000,1926,1932,53,90,FWD,9,51,1,IDLE,0
C3B93D0B,34264,34642.525,34642525,1125,1933,1932,53,90,FWD,9,51,1,IDLE,0
C3B93D0B,34265,34643.438,34643438,913,1930,1932,53,90,FWD,9,51,1,IDLE,0
C3B93D0B,34266,34644.399,34644399,961,1931,1932,53,90,FWD,9,51,1,IDLE,0
C3B93D0B,34267,34645.400,34645400,1001,1932,1932,53,90,FWD,9,51,1,IDLE,0
C3B93D0B,34268,34646.399,34646399,999,1929,1932,53,90,FWD,9,51,1,IDLE,0
C3B93D0B,34269,34647.400,34647400,1001,1929,1932,53,90,FWD,9,51,1,IDLE,0
C3B93D0B,34270,34648.399,34648399,999,1932,1932,53,90,FWD,9,51,1,IDLE,0
C3B93D0B,34271,34649.400,34649400,1001,1929,1932,53,90,FWD,9,51,1,IDLE,0
C3B93D0B,34272,34650.400,34650400,1000,1928,1932,53,90,FWD,9,51,1,IDLE,0
C3B93D0B,34273,34651.400,34651400,1000,1933,1932,53,90,FWD,9,51,1,IDLE,0
C3B93D0B,34274,34652.401,34652401,1001,1942,1932,53,90,FWD,9,51,1,IDLE,0
C3B93D0B,34275,34653.400,34653400,999,1938,1932,53,90,FWD,9,51,1,IDLE,0
C3B93D0B,34276,34654.399,34654399,999,1941,1932,53,90,FWD,9,51,1,IDLE,0
C3B93D0B,34277,34655.400,34655400,1001,1939,1932,53,90,FWD,9,51,1,IDLE,0
C3B93D0B,34278,34656.399,34656399,999,1941,1932,53,90,FWD,9,51,1,IDLE,0
C3B93D0B,34279,34657.400,34657400,1001,1939,1932,53,90,FWD,9,51,1,IDLE,0
C3B93D0B,34280,34658.399,34658399,999,1939,1932,53,90,FWD,9,51,1,IDLE,0
C3B93D0B,34281,34659.400,34659400,1001,1938,1932,53,90,FWD,9,51,1,IDLE,0
C3B93D0B,34282,34660.400,34660400,1000,1939,1932,53,90,FWD,9,51,1,IDLE,0
C3B93D0B,34283,34661.400,34661400,1000,1938,1932,53,90,FWD,9,51,1,IDLE,0
C3B93D0B,34284,34662.399,34662399,999,1938,1932,53,90,FWD,9,51,1,IDLE,0
C3B93D0B,34285,34663.400,34663400,1001,1938,1932,53,90,FWD,9,51,1,IDLE,0
C3B93D0B,34286,34664.399,34664399,999,1937,1932,53,90,FWD,9,51,1,IDLE,0
C3B93D0B,34287,34665.400,34665400,1001,1938,1932,53,90,FWD,9,51,1,IDLE,0
C3B93D0B,34288,34666.399,34666399,999,1940,1932,53,90,FWD,9,51,1,IDLE,0
C3B93D0B,34289,34667.400,34667400,1001,1937,1932,53,90,FWD,9,51,1,IDLE,0
C3B93D0B,34290,34668.399,34668399,999,1938,1932,53,90,FWD,9,51,1,IDLE,0
C3B93D0B,34291,34669.400,34669400,1001,1939,1932,53,90,FWD,9,51,1,IDLE,0
C3B93D0B,34292,34670.400,34670400,1000,1937,1932,53,90,FWD,9,51,1,IDLE,0
C3B93D0B,34293,34671.400,34671400,1000,1938,1932,53,90,FWD,9,51,1,IDLE,0
C3B93D0B,34294,34672.399,34672399,999,1939,1932,53,90,FWD,9,51,1,IDLE,0
C3B93D0B,34295,34673.400,34673400,1001,1937,1932,53,90,FWD,9,51,1,IDLE,0
C3B93D0B,34296,34674.399,34674399,999,1937,1932,53,90,FWD,9,51,1,IDLE,0
C3B93D0B,34297,34675.400,34675400,1001,1937,1932,53,90,FWD,9,51,1,IDLE,0
C3B93D0B,34298,34676.399,34676399,999,1937,1932,53,90,FWD,9,51,1,IDLE,0
C3B93D0B,34299,34677.400,34677400,1001,1938,1932,53,90,FWD,9,51,1,IDLE,0
C3B93D0B,34300,34678.399,34678399,999,1938,1932,53,90,FWD,9,51,1,IDLE,0
C3B93D0B,34301,34679.400,34679400,1001,1938,1932,53,90,FWD,9,51,1,IDLE,0
C3B93D0B,34302,34680.400,34680400,1000,1938,1932,53,90,FWD,9,51,1,IDLE,0
C3B93D0B,34303,34682.209,34682209,1809,1927,1932,53,90,FWD,41,51,1,IDLE,0
C3B93D0B,34304,34682.522,34682522,313,1929,1932,53,90,FWD,9,51,1,IDLE,0
C3B93D0B,34305,34683.400,34683400,878,1925,1932,53,90,FWD,9,51,1,IDLE,0
C3B93D0B,34306,34684.399,34684399,999,1929,1932,53,90,FWD,9,51,1,IDLE,0
C3B93D0B,34307,34685.400,34685400,1001,1927,1932,53,90,FWD,9,51,1,IDLE,0
C3B93D0B,34308,34686.399,34686399,999,1930,1932,53,90,FWD,9,51,1,IDLE,0
C3B93D0B,34309,34687.400,34687400,1001,1931,1932,53,90,FWD,9,51,1,IDLE,0
C3B93D0B,34310,34688.399,34688399,999,1930,1932,53,90,FWD,9,51,1,IDLE,0
C3B93D0B,34311,34689.400,34689400,1001,1929,1932,53,90,FWD,9,51,1,IDLE,0
C3B93D0B,34312,34690.400,34690400,1000,1931,1932,53,90,FWD,9,51,1,IDLE,0
C3B93D0B,34313,34691.400,34691400,1000,1930,1932,53,90,FWD,9,51,1,IDLE,0
C3B93D0B,34314,34692.399,34692399,999,1933,1932,53,90,FWD,9,51,1,IDLE,0
C3B93D0B,34315,34693.400,34693400,1001,1932,1932,53,90,FWD,9,51,1,IDLE,0
C3B93D0B,34316,34694.399,34694399,999,1929,1932,53,90,FWD,9,51,1,IDLE,0
C3B93D0B,34317,34695.400,34695400,1001,1931,1932,53,90,FWD,9,51,1,IDLE,0
C3B93D0B,34318,34696.399,34696399,999,1931,1932,53,90,FWD,9,51,1,IDLE,0
C3B93D0B,34319,34697.400,34697400,1001,1932,1932,53,90,FWD,9,51,1,IDLE,0
C3B93D0B,34320,34698.399,34698399,999,1931,1932,53,90,FWD,9,51,1,IDLE,0
C3B93D0B,34321,34699.400,34699400,1001,1930,1932,53,90,FWD,9,51,1,IDLE,0
C3B93D0B,34322,34700.400,34700400,1000,1931,1932,53,90,FWD,9,51,1,IDLE,0
C3B93D0B,34323,34701.400,34701400,1000,1929,1932,53,90,FWD,9,51,1,IDLE,0
C3B93D0B,34324,34702.399,34702399,999,1931,1932,53,90,FWD,9,51,1,IDLE,0
C3B93D0B,34325,34703.400,34703400,1001,1931,1932,53,90,FWD,9,51,1,IDLE,0
C3B93D0B,34326,34704.399,34704399,999,1933,1932,53,90,FWD,9,51,1,IDLE,0
C3B93D0B,34327,34705.400,34705400,1001,1930,1932,53,90,FWD,9,51,1,IDLE,0
C3B93D0B,34328,34706.399,34706399,999,1933,1932,53,90,FWD,9,51,1,IDLE,0
C3B93D0B,34329,34707.400,34707400,1001,1931,1932,53,90,FWD,9,51,1,IDLE,0
C3B93D0B,34330,34708.399,34708399,999,1934,1932,53,90,FWD,9,51,1,IDLE,0
C3B93D0B,34331,34709.400,34709400,1001,1930,1932,53,90,FWD,9,51,1,IDLE,0
C3B93D0B,34332,34710.400,34710400,1000,1930,1932,53,90,FWD,9,51,1,IDLE,0
C3B93D0B,34333,34711.400,34711400,1000,1931,1932,53,90,FWD,9,51,1,IDLE,0
C3B93D0B,34334,34712.399,34712399,999,1933,1932,53,90,FWD,9,51,1,IDLE,0
C3B93D0B,34335,34713.400,34713400,1001,1932,1932,53,90,FWD,9,51,1,IDLE,0
C3B93D0B,34336,34714.399,34714399,999,1933,1932,53,90,FWD,9,51,1,IDLE,0
C3B93D0B,34337,34715.400,34715400,1001,1931,1932,53,90,FWD,9,51,1,IDLE,0
C3B93D0B,34338,34716.399,34716399,999,1930,1932,53,90,FWD,9,51,1,IDLE,0
C3B93D0B,34339,34717.400,34717400,1001,1930,1932,54,90,FWD,9,51,1,IDLE,0
C3B93D0B,34340,34718.399,34718399,999,1930,1932,54,90,FWD,9,51,1,IDLE,0
C3B93D0B,34341,34719.400,34719400,1001,1930,1932,54,90,FWD,9,51,1,IDLE,0
C3B93D0B,34342,34720.400,34720400,1000,1931,1932,54,90,FWD,9,51,1,IDLE,0
C3B93D0B,34343,34721.400,34721400,1000,1933,1932,54,90,FWD,9,51,1,IDLE,0
C3B93D0B,34344,34722.399,34722399,999,1932,1932,54,90,FWD,9,51,1,IDLE,0
C3B93D0B,34345,34723.400,34723400,1001,1934,1932,54,90,FWD,9,51,1,IDLE,0
C3B93D0B,34346,34724.399,34724399,999,1931,1932,54,90,FWD,9,51,1,IDLE,0
C3B93D0B,34347,34725.400,34725400,1001,1930,1932,54,90,FWD,9,51,1,IDLE,0
C3B93D0B,34348,34726.399,34726399,999,1931,1932,54,90,FWD,9,51,1,IDLE,0
C3B93D0B,34349,34727.400,34727400,1001,1932,1932,54,90,FWD,9,51,1,IDLE,0
C3B93D0B,34350,34728.399,34728399,999,1929,1932,54,90,FWD,9,51,1,IDLE,0
C3B93D0B,34351,34729.400,34729400,1001,1930,1932,54,90,FWD,9,51,1,IDLE,0
C3B93D0B,34352,34730.400,34730400,1000,1933,1932,54,90,FWD,9,51,1,IDLE,0
C3B93D0B,34353,34731.400,34731400,1000,1931,1932,54,90,FWD,9,51,1,IDLE,0
C3B93D0B,34354,34732.399,34732399,999,1935,1932,54,90,FWD,9,51,1,IDLE,0
C3B93D0B,34355,34733.400,34733400,1001,1930,1932,54,90,FWD,9,51,1,IDLE,0
C3B93D0B,34356,34734.399,34734399,999,1933,1932,54,90,FWD,9,51,1,IDLE,0
C3B93D0B,34357,34735.400,34735400,1001,1930,1932,54,90,FWD,9,51,1,IDLE,0
C3B93D0B,34358,34736.401,34736401,1001,1934,1932,54,90,FWD,9,51,1,IDLE,0
C3B93D0B,34359,34737.400,34737400,999,1933,1932,54,90,FWD,9,51,1,IDLE,0
C3B93D0B,34360,34738.399,34738399,999,1934,1932,54,90,FWD,9,51,1,IDLE,0
C3B93D0B,34361,34739.400,34739400,1001,1930,1932,54,90,FWD,9,51,1,IDLE,0
C3B93D0B,34362,34740.400,34740400,1000,1931,1932,54,90,FWD,9,51,1,IDLE,0
C3B93D0B,34363,34741.400,34741400,1000,1933,1932,54,90,FWD,9,51,1,IDLE,0
C3B93D0B,34364,34742.399,34742399,999,1933,1932,54,90,FWD,9,51,1,IDLE,0
C3B93D0B,34365,34743.400,34743400,1001,1931,1932,54,90,FWD,9,51,1,IDLE,0
C3B93D0B,34366,34744.978,34744978,1578,1941,1932,54,90,FWD,41,51,1,IDLE,0
C3B93D0B,34367,34745.400,34745400,422,1942,1932,54,90,FWD,9,51,1,IDLE,0
C3B93D0B,34368,34746.399,34746399,999,1942,1932,54,90,FWD,9,51,1,IDLE,0
C3B93D0B,34369,34747.400,34747400,1001,1939,1932,54,90,FWD,9,51,1,IDLE,0
C3B93D0B,34370,34748.399,34748399,999,1940,1932,54,90,FWD,9,51,1,IDLE,0
C3B93D0B,34371,34749.400,34749400,1001,1940,1932,54,90,FWD,9,51,1,IDLE,0
C3B93D0B,34372,34750.400,34750400,1000,1940,1932,54,90,FWD,9,51,1,IDLE,0
C3B93D0B,34373,34751.840,34751840,1440,1936,1932,54,90,FWD,41,51,1,IDLE,0
C3B93D0B,34374,34753.167,34753167,1327,1926,1932,54,90,FWD,41,51,1,IDLE,0
C3B93D0B,34375,34753.803,34753803,636,1930,1932,54,90,FWD,9,51,1,IDLE,0
C3B93D0B,34376,34754.399,34754399,596,1931,1932,54,90,FWD,9,51,1,IDLE,0
C3B93D0B,34377,34755.400,34755400,1001,1932,1932,54,90,FWD,9,51,1,IDLE,0
C3B93D0B,34378,34756.399,34756399,999,1930,1932,54,90,FWD,9,51,1,IDLE,0
C3B93D0B,34379,34757.400,34757400,1001,1931,1932,54,90,FWD,9,51,1,IDLE,0
C3B93D0B,34380,34758.399,34758399,999,1931,1932,54,90,FWD,9,51,1,IDLE,0
C3B93D0B,34381,34759.400,34759400,1001,1932,1932,54,90,FWD,9,51,1,IDLE,0
C3B93D0B,34382,34760.399,34760399,999,1930,1932,54,90,FWD,9,51,1,IDLE,0
C3B93D0B,34383,34761.400,34761400,1001,1933,1932,54,90,FWD,9,51,1,IDLE,0
C3B93D0B,34384,34762.400,34762400,1000,1933,1932,54,90,FWD,9,51,1,IDLE,0
C3B93D0B,34385,34763.400,34763400,1000,1931,1932,54,90,FWD,9,51,1,IDLE,0
C3B93D0B,34386,34764.399,34764399,999,1931,1932,54,90,FWD,9,51,1,IDLE,0
C3B93D0B,34387,34765.400,34765400,1001,1930,1932,54,90,FWD,9,51,1,IDLE,0
C3B93D0B,34388,34766.399,34766399,999,1931,1932,54,90,FWD,9,51,1,IDLE,0
C3B93D0B,34389,34767.400,34767400,1001,1930,1932,54,90,FWD,9,51,1,IDLE,0
C3B93D0B,34390,34768.399,34768399,999,1933,1932,54,90,FWD,9,51,1,IDLE,0
C3B93D0B,34391,34769.400,34769400,1001,1933,1932,54,90,FWD,9,51,1,IDLE,0
C3B93D0B,34392,34770.399,34770399,999,1931,1932,54,90,FWD,9,51,1,IDLE,0
C3B93D0B,34393,34771.400,34771400,1001,1930,1932,54,90,FWD,9,51,1,IDLE,0
C3B93D0B,34394,34772.400,34772400,1000,1934,1932,54,90,FWD,9,51,1,IDLE,0
C3B93D0B,34395,34773.400,34773400,1000,1931,1932,54,90,FWD,9,51,1,IDLE,0
C3B93D0B,34396,34774.399,34774399,999,1931,1932,54,90,FWD,9,51,1,IDLE,0
C3B93D0B,34397,34775.400,34775400,1001,1931,1932,54,90,FWD,9,51,1,IDLE,0
C3B93D0B,34398,34776.399,34776399,999,1933,1932,54,90,FWD,9,51,1,IDLE,0
C3B93D0B,34399,34777.400,34777400,1001,1933,1932,54,90,FWD,9,51,1,IDLE,0
C3B93D0B,34400,34778.399,34778399,999,1931,1932,54,90,FWD,9,51,1,IDLE,0
C3B93D0B,34401,34779.400,34779400,1001,1935,1932,54,90,FWD,9,51,1,IDLE,0
C3B93D0B,34402,34780.399,34780399,999,1931,1932,54,90,FWD,9,51,1,IDLE,0
C3B93D0B,34403,34781.400,34781400,1001,1930,1932,54,90,FWD,9,51,1,IDLE,0
C3B93D0B,34404,34782.400,34782400,1000,1931,1932,54,90,FWD,9,51,1,IDLE,0
C3B93D0B,34405,34783.535,34783535,1135,1933,1932,54,90,FWD,9,51,1,IDLE,0
C3B93D0B,34406,34784.399,34784399,864,1931,1932,54,90,FWD,9,51,1,IDLE,0
C3B93D0B,34407,34785.400,34785400,1001,1927,1932,54,90,FWD,9,51,1,IDLE,0
C3B93D0B,34408,34786.399,34786399,999,1930,1932,54,90,FWD,9,51,1,IDLE,0
C3B93D0B,34409,34787.400,34787400,1001,1931,1932,54,90,FWD,9,51,1,IDLE,0
C3B93D0B,34410,34788.399,34788399,999,1930,1932,54,90,FWD,9,51,1,IDLE,0
C3B93D0B,34411,34789.400,34789400,1001,1930,1932,54,90,FWD,9,51,1,IDLE,0
C3B93D0B,34412,34790.617,34790617,1217,1929,1932,54,90,FWD,9,51,1,IDLE,0
C3B93D0B,34413,34791.400,34791400,783,1933,1932,54,90,FWD,9,51,1,IDLE,0
C3B93D0B,34414,34792.400,34792400,1000,1933,1932,54,90,FWD,9,51,1,IDLE,0
C3B93D0B,34415,34793.400,34793400,1000,1930,1932,54,90,FWD,9,51,1,IDLE,0
C3B93D0B,34416,34794.399,34794399,999,1931,1932,54,90,FWD,9,51,1,IDLE,0
C3B93D0B,34417,34795.400,34795400,1001,1932,1932,54,90,FWD,9,51,1,IDLE,0
C3B93D0B,34418,34796.399,34796399,999,1932,1932,54,90,FWD,9,51,1,IDLE,0
C3B93D0B,34419,34797.400,34797400,1001,1931,1932,54,90,FWD,9,51,1,IDLE,0
C3B93D0B,34420,34798.399,34798399,999,1933,1932,54,90,FWD,9,51,1,IDLE,0
C3B93D0B,34421,34799.400,34799400,1001,1931,1932,54,90,FWD,9,51,1,IDLE,0
C3B93D0B,34422,34800.399,34800399,999,1931,1932,54,90,FWD,9,51,1,IDLE,0
C3B93D0B,34423,34801.400,34801400,1001,1930,1932,54,90,FWD,9,51,1,IDLE,0
C3B93D0B,34424,34802.400,34802400,1000,1932,1932,54,90,FWD,9,51,1,IDLE,0
C3B93D0B,34425,34803.400,34803400,1000,1932,1932,54,90,FWD,9,51,1,IDLE,0
C3B93D0B,34426,34804.399,34804399,999,1931,1932,54,90,FWD,9,51,1,IDLE,0
C3B93D0B,34427,34805.400,34805400,1001,1931,1932,54,90,FWD,9,51,1,IDLE,0
C3B93D0B,34428,34806.399,34806399,999,1934,1932,54,90,FWD,9,51,1,IDLE,0
C3B93D0B,34429,34807.400,34807400,1001,1931,1932,54,90,FWD,9,51,1,IDLE,0
C3B93D0B,34430,34808.399,34808399,999,1931,1932,54,90,FWD,9,51,1,IDLE,0
C3B93D0B,34431,34809.400,34809400,1001,1931,1932,54,90,FWD,9,51,1,IDLE,0
C3B93D0B,34432,34810.399,34810399,999,1930,1932,54,90,FWD,9,51,1,IDLE,0
C3B93D0B,34433,34811.400,34811400,1001,1931,1932,54,90,FWD,9,51,1,IDLE,0
C3B93D0B,34434,34812.400,34812400,1000,1932,1932,54,90,FWD,9,51,1,IDLE,0
C3B93D0B,34435,34813.400,34813400,1000,1930,1932,54,90,FWD,9,51,1,IDLE,0
C3B93D0B,34436,34814.399,34814399,999,1932,1932,54,90,FWD,9,51,1,IDLE,0
C3B93D0B,34437,34815.400,34815400,1001,1933,1932,54,90,FWD,9,51,1,IDLE,0
C3B93D0B,34438,34816.399,34816399,999,1934,1932,54,90,FWD,9,51,1,IDLE,0
C3B93D0B,34439,34817.400,34817400,1001,1933,1932,54,90,FWD,9,51,1,IDLE,0
C3B93D0B,34440,34818.399,34818399,999,1931,1932,54,90,FWD,9,51,1,IDLE,0
C3B93D0B,34441,34819.400,34819400,1001,1931,1932,54,90,FWD,9,51,1,IDLE,0
C3B93D0B,34442,34820.399,34820399,999,1932,1932,54,90,FWD,9,51,1,IDLE,0
C3B93D0B,34443,34821.400,34821400,1001,1931,1932,54,90,FWD,9,51,1,IDLE,0
C3B93D0B,34444,34822.400,34822400,1000,1932,1932,54,90,FWD,9,51,1,IDLE,0
C3B93D0B,34445,34823.400,34823400,1000,1932,1932,54,90,FWD,9,51,1,IDLE,0
C3B93D0B,34446,34824.399,34824399,999,1933,1932,54,90,FWD,9,51,1,IDLE,0
C3B93D0B,34447,34825.400,34825400,1001,1931,1932,54,90,FWD,9,51,1,IDLE,0
C3B93D0B,34448,34826.399,34826399,999,1934,1932,54,90,FWD,9,51,1,IDLE,0
C3B93D0B,34449,34827.400,34827400,1001,1931,1932,54,90,FWD,9,51,1,IDLE,0
C3B93D0B,34450,34828.399,34828399,999,1933,1932,54,90,FWD,9,51,1,IDLE,0
C3B93D0B,34451,34829.400,34829400,1001,1934,1932,54,90,FWD,9,51,1,IDLE,0
C3B93D0B,34452,34830.399,34830399,999,1932,1932,54,90,FWD,9,51,1,IDLE,0
C3B93D0B,34453,34831.400,34831400,1001,1931,1932,54,90,FWD,9,51,1,IDLE,0
C3B93D0B,34454,34832.400,34832400,1000,1931,1932,54,90,FWD,9,51,1,IDLE,0
C3B93D0B,34455,34833.400,34833400,1000,1931,1932,54,90,FWD,9,51,1,IDLE,0
C3B93D0B,34456,34834.399,34834399,999,1931,1932,54,90,FWD,9,51,1,IDLE,0
C3B93D0B,34457,34835.400,34835400,1001,1934,1932,54,90,FWD,9,51,1,IDLE,0
C3B93D0B,34458,34836.402,34836402,1002,1929,1932,54,90,FWD,9,51,1,IDLE,0
C3B93D0B,34459,34837.400,34837400,998,1930,1932,54,90,FWD,9,51,1,IDLE,0
C3B93D0B,34460,34838.399,34838399,999,1933,1932,54,90,FWD,9,51,1,IDLE,0
C3B93D0B,34461,34839.400,34839400,1001,1931,1932,54,90,FWD,9,51,1,IDLE,0
C3B93D0B,34462,34840.399,34840399,999,1934,1932,54,90,FWD,9,51,1,IDLE,0
C3B93D0B,34463,34841.680,34841680,1281,1933,1932,54,90,FWD,41,51,1,IDLE,0
C3B93D0B,34464,34842.400,34842400,720,1931,1932,54,90,FWD,9,51,1,IDLE,0
C3B93D0B,34465,34843.400,34843400,1000,1931,1932,54,90,FWD,9,51,1,IDLE,0
C3B93D0B,34466,34844.399,34844399,999,1934,1932,54,90,FWD,9,51,1,IDLE,0
C3B93D0B,34467,34845.400,34845400,1001,1930,1932,54,90,FWD,9,51,1,IDLE,0
C3B93D0B,34468,34846.399,34846399,999,1940,1932,54,90,FWD,9,51,1,IDLE,0
C3B93D0B,34469,34847.528,34847528,1129,1941,1932,54,90,FWD,9,51,1,IDLE,0
C3B93D0B,34470,34848.399,34848399,871,1941,1932,54,90,FWD,9,51,1,IDLE,0
C3B93D0B,34471,34849.400,34849400,1001,1942,1932,54,90,FWD,9,51,1,IDLE,0
C3B93D0B,34472,34850.399,34850399,999,1941,1932,54,90,FWD,9,51,1,IDLE,0
C3B93D0B,34473,34851.400,34851400,1001,1942,1932,54,90,FWD,9,51,1,IDLE,0
C3B93D0B,34474,34852.400,34852400,1000,1941,1932,54,90,FWD,9,51,1,IDLE,0
C3B93D0B,34475,34853.400,34853400,1000,1939,1932,54,90,FWD,9,51,1,IDLE,0
C3B93D0B,34476,34854.399,34854399,999,1941,1932,54,90,FWD,9,51,1,IDLE,0
C3B93D0B,34477,34855.400,34855400,1001,1941,1932,54,90,FWD,9,51,1,IDLE,0
C3B93D0B,34478,34856.399,34856399,999,1939,1932,54,90,FWD,9,51,1,IDLE,0
C3B93D0B,34479,34857.400,34857400,1001,1942,1932,54,90,FWD,9,51,1,IDLE,0
C3B93D0B,34480,34858.399,34858399,999,1940,1932,54,90,FWD,9,51,1,IDLE,0
C3B93D0B,34481,34859.400,34859400,1001,1939,1932,54,90,FWD,9,51,1,IDLE,0
C3B93D0B,34482,34860.399,34860399,999,1939,1932,54,90,FWD,9,51,1,IDLE,0
C3B93D0B,34483,34861.400,34861400,1001,1941,1932,54,90,FWD,9,51,1,IDLE,0
C3B93D0B,34484,34862.400,34862400,1000,1939,1932,54,90,FWD,9,51,1,IDLE,0
C3B93D0B,34485,34863.400,34863400,1000,1939,1932,54,90,FWD,9,51,1,IDLE,0
C3B93D0B,34486,34864.399,34864399,999,1941,1932,54,90,FWD,9,51,1,IDLE,0
C3B93D0B,34487,34865.400,34865400,1001,1938,1932,54,90,FWD,9,51,1,IDLE,0
C3B93D0B,34488,34866.399,34866399,999,1939,1932,54,90,FWD,9,51,1,IDLE,0
C3B93D0B,34489,34867.400,34867400,1001,1941,1932,55,90,FWD,9,51,1,IDLE,0
C3B93D0B,34490,34868.399,34868399,999,1938,1932,55,90,FWD,9,51,1,IDLE,0
C3B93D0B,34491,34869.400,34869400,1001,1936,1932,55,90,FWD,9,51,1,IDLE,0
C3B93D0B,34492,34870.399,34870399,999,1941,1932,55,90,FWD,9,51,1,IDLE,0
C3B93D0B,34493,34871.400,34871400,1001,1939,1932,55,90,FWD,9,51,1,IDLE,0
C3B93D0B,34494,34872.400,34872400,1000,1939,1932,55,90,FWD,9,51,1,IDLE,0
C3B93D0B,34495,34873.400,34873400,1000,1938,1932,55,90,FWD,9,51,1,IDLE,0
C3B93D0B,34496,34874.399,34874399,999,1940,1932,55,90,FWD,9,51,1,IDLE,0
C3B93D0B,34497,34875.400,34875400,1001,1938,1932,55,90,FWD,9,51,1,IDLE,0
C3B93D0B,34498,34876.399,34876399,999,1939,1932,55,90,FWD,9,51,1,IDLE,0
C3B93D0B,34499,34877.400,34877400,1001,1938,1932,55,90,FWD,9,51,1,IDLE,0
C3B93D0B,34500,34878.399,34878399,999,1939,1932,55,90,FWD,9,51,1,IDLE,0
C3B93D0B,34501,34879.506,34879506,1107,1941,1932,55,90,FWD,9,51,1,IDLE,0
C3B93D0B,34502,34880.399,34880399,893,1938,1932,55,90,FWD,9,51,1,IDLE,0
C3B93D0B,34503,34881.400,34881400,1001,1939,1932,55,90,FWD,9,51,1,IDLE,0
C3B93D0B,34504,34882.400,34882400,1000,1938,1932,55,90,FWD,9,51,1,IDLE,0
C3B93D0B,34505,34884.251,34884251,1851,1927,1932,55,90,FWD,41,51,1,IDLE,0
C3B93D0B,34506,34884.749,34884749,498,1929,1932,55,90,FWD,9,51,1,IDLE,0
C3B93D0B,34507,34885.400,34885400,651,1929,1932,55,90,FWD,9,51,1,IDLE,0
C3B93D0B,34508,34886.399,34886399,999,1931,1932,55,90,FWD,9,51,1,IDLE,0
C3B93D0B,34509,34887.400,34887400,1001,1930,1932,55,90,FWD,9,51,1,IDLE,0
C3B93D0B,34510,34888.399,34888399,999,1933,1932,55,90,FWD,9,51,1,IDLE,0
C3B93D0B,34511,34889.400,34889400,1001,1930,1932,55,90,FWD,9,51,1,IDLE,0
C3B93D0B,34512,34890.399,34890399,999,1932,1932,55,90,FWD,9,51,1,IDLE,0
C3B93D0B,34513,34891.400,34891400,1001,1931,1932,55,90,FWD,9,51,1,IDLE,0
C3B93D0B,34514,34892.400,34892400,1000,1930,1932,55,90,FWD,9,51,1,IDLE,0
C3B93D0B,34515,34893.400,34893400,1000,1932,1932,55,90,FWD,9,51,1,IDLE,0
C3B93D0B,34516,34894.399,34894399,999,1930,1932,55,90,FWD,9,51,1,IDLE,0
C3B93D0B,34517,34895.400,34895400,1001,1930,1932,55,90,FWD,9,51,1,IDLE,0
C3B93D0B,34518,34896.399,34896399,999,1934,1932,55,90,FWD,9,51,1,IDLE,0
C3B93D0B,34519,34897.400,34897400,1001,1931,1932,55,90,FWD,9,51,1,IDLE,0
C3B93D0B,34520,34898.399,34898399,999,1933,1932,55,90,FWD,9,51,1,IDLE,0
C3B93D0B,34521,34899.400,34899400,1001,1929,1932,55,90,FWD,9,51,1,IDLE,0
C3B93D0B,34522,34900.399,34900399,999,1933,1932,55,90,FWD,9,51,1,IDLE,0
C3B93D0B,34523,34901.400,34901400,1001,1932,1932,55,90,FWD,9,51,1,IDLE,0
C3B93D0B,34524,34902.400,34902400,1000,1933,1932,55,90,FWD,9,51,1,IDLE,0
C3B93D0B,34525,34903.400,34903400,1000,1931,1932,55,90,FWD,9,51,1,IDLE,0
C3B93D0B,34526,34904.399,34904399,999,1933,1932,55,90,FWD,9,51,1,IDLE,0
C3B93D0B,34527,34905.400,34905400,1001,1935,1932,55,90,FWD,9,51,1,IDLE,0
C3B93D0B,34528,34906.399,34906399,999,1932,1932,55,90,FWD,9,51,1,IDLE,0
C3B93D0B,34529,34907.400,34907400,1001,1931,1932,55,90,FWD,9,51,1,IDLE,0
C3B93D0B,34530,34908.399,34908399,999,1934,1932,55,90,FWD,9,51,1,IDLE,0
C3B93D0B,34531,34909.400,34909400,1001,1931,1932,55,90,FWD,9,51,1,IDLE,0
C3B93D0B,34532,34910.399,34910399,999,1934,1932,55,90,FWD,9,51,1,IDLE,0
C3B93D0B,34533,34911.400,34911400,1001,1931,1932,55,90,FWD,9,51,1,IDLE,0
C3B93D0B,34534,34912.400,34912400,1000,1931,1932,55,90,FWD,9,51,1,IDLE,0
C3B93D0B,34535,34913.400,34913400,1000,1930,1932,55,90,FWD,9,51,1,IDLE,0
C3B93D0B,34536,34914.399,34914399,999,1931,1932,55,90,FWD,9,51,1,IDLE,0
C3B93D0B,34537,34915.400,34915400,1001,1929,1932,55,90,FWD,9,51,1,IDLE,0
C3B93D0B,34538,34916.399,34916399,999,1933,1932,55,90,FWD,9,51,1,IDLE,0
C3B93D0B,34539,34917.400,34917400,1001,1933,1932,55,90,FWD,9,51,1,IDLE,0
C3B93D0B,34540,34918.399,34918399,999,1931,1932,55,90,FWD,9,51,1,IDLE,0
C3B93D0B,34541,34919.400,34919400,1001,1931,1932,55,90,FWD,9,51,1,IDLE,0
C3B93D0B,34542,34920.399,34920399,999,1932,1932,55,90,FWD,9,51,1,IDLE,0
C3B93D0B,34543,34921.400,34921400,1001,1931,1932,55,90,FWD,9,51,1,IDLE,0
C3B93D0B,34544,34922.400,34922400,1000,1930,1932,55,90,FWD,9,51,1,IDLE,0
C3B93D0B,34545,34923.400,34923400,1000,1931,1932,55,90,FWD,9,51,1,IDLE,0
C3B93D0B,34546,34924.399,34924399,999,1931,1932,55,90,FWD,9,51,1,IDLE,0
C3B93D0B,34547,34925.400,34925400,1001,1932,1932,55,90,FWD,9,51,1,IDLE,0
C3B93D0B,34548,34926.399,34926399,999,1931,1932,55,90,FWD,9,51,1,IDLE,0
C3B93D0B,34549,34927.400,34927400,1001,1932,1932,55,90,FWD,9,51,1,IDLE,0
C3B93D0B,34550,34928.399,34928399,999,1934,1932,55,90,FWD,9,51,1,IDLE,0
C3B93D0B,34551,34929.400,34929400,1001,1932,1932,55,90,FWD,9,51,1,IDLE,0
C3B93D0B,34552,34930.399,34930399,999,1935,1932,55,90,FWD,9,51,1,IDLE,0
C3B93D0B,34553,34931.400,34931400,1001,1931,1932,55,90,FWD,9,51,1,IDLE,0
C3B93D0B,34554,34932.400,34932400,1000,1933,1932,55,90,FWD,9,51,1,IDLE,0
C3B93D0B,34555,34933.400,34933400,1000,1933,1932,55,90,FWD,9,51,1,IDLE,0
C3B93D0B,34556,34934.399,34934399,999,1934,1932,55,90,FWD,9,51,1,IDLE,0
C3B93D0B,34557,34935.400,34935400,1001,1931,1932,55,90,FWD,9,51,1,IDLE,0
C3B93D0B,34558,34936.399,34936399,999,1933,1932,55,90,FWD,9,51,1,IDLE,0
C3B93D0B,34559,34937.400,34937400,1001,1932,1932,55,90,FWD,9,51,1,IDLE,0
C3B93D0B,34560,34938.399,34938399,999,1936,1932,55,90,FWD,9,51,1,IDLE,0
C3B93D0B,34561,34939.400,34939400,1001,1932,1932,55,90,FWD,9,51,1,IDLE,0
C3B93D0B,34562,34940.649,34940649,1249,1931,1932,55,90,FWD,9,51,1,IDLE,0
C3B93D0B,34563,34941.400,34941400,751,1933,1932,55,90,FWD,9,51,1,IDLE,0
C3B93D0B,34564,34942.400,34942400,1000,1931,1932,55,90,FWD,9,51,1,IDLE,0
C3B93D0B,34565,34943.400,34943400,1000,1936,1932,55,90,FWD,9,51,1,IDLE,0
C3B93D0B,34566,34944.399,34944399,999,1933,1932,55,90,FWD,9,51,1,IDLE,0
C3B93D0B,34567,34945.400,34945400,1001,1931,1932,55,90,FWD,9,51,1,IDLE,0
C3B93D0B,34568,34946.399,34946399,999,1935,1932,55,90,FWD,9,51,1,IDLE,0
C3B93D0B,34569,34947.400,34947400,1001,1935,1932,55,90,FWD,9,51,1,IDLE,0
C3B93D0B,34570,34948.399,34948399,999,1935,1932,55,90,FWD,9,51,1,IDLE,0
C3B93D0B,34571,34949.685,34949685,1286,1942,1932,55,90,FWD,41,51,1,IDLE,0
C3B93D0B,34572,34950.399,34950399,714,1943,1932,55,90,FWD,9,51,1,IDLE,0
C3B93D0B,34573,34951.400,34951400,1001,1941,1932,55,90,FWD,9,51,1,IDLE,0
C3B93D0B,34574,34952.400,34952400,1000,1941,1932,55,90,FWD,9,51,1,IDLE,0
C3B93D0B,34575,34953.400,34953400,1000,1940,1932,55,90,FWD,9,51,1,IDLE,0
C3B93D0B,34576,34954.399,34954399,999,1942,1932,55,90,FWD,9,51,1,IDLE,0
C3B93D0B,34577,34955.400,34955400,1001,1938,1932,55,90,FWD,9,51,1,IDLE,0
C3B93D0B,34578,34956.399,34956399,999,1941,1932,55,90,FWD,9,51,1,IDLE,0
C3B93D0B,34579,34957.400,34957400,1001,1939,1932,55,90,FWD,9,51,1,IDLE,0
C3B93D0B,34580,34958.399,34958399,999,1941,1932,55,90,FWD,9,51,1,IDLE,0
C3B93D0B,34581,34959.400,34959400,1001,1939,1932,55,90,FWD,9,51,1,IDLE,0
C3B93D0B,34582,34960.399,34960399,999,1940,1932,55,90,FWD,9,51,1,IDLE,0
C3B93D0B,34583,34961.400,34961400,1001,1938,1932,55,90,FWD,9,51,1,IDLE,0
C3B93D0B,34584,34962.400,34962400,1000,1939,1932,55,90,FWD,9,51,1,IDLE,0
C3B93D0B,34585,34963.400,34963400,1000,1940,1932,55,90,FWD,9,51,1,IDLE,0
C3B93D0B,34586,34964.399,34964399,999,1939,1932,55,90,FWD,9,51,1,IDLE,0
C3B93D0B,34587,34965.400,34965400,1001,1939,1932,55,90,FWD,9,51,1,IDLE,0
C3B93D0B,34588,34966.399,34966399,999,1940,1932,55,90,FWD,9,51,1,IDLE,0
C3B93D0B,34589,34967.400,34967400,1001,1940,1932,55,90,FWD,9,51,1,IDLE,0
C3B93D0B,34590,34968.399,34968399,999,1940,1932,55,90,FWD,9,51,1,IDLE,0
C3B93D0B,34591,34969.400,34969400,1001,1941,1932,55,90,FWD,9,51,1,IDLE,0
C3B93D0B,34592,34970.399,34970399,999,1941,1932,55,90,FWD,9,51,1,IDLE,0
C3B93D0B,34593,34971.400,34971400,1001,1939,1932,55,90,FWD,9,51,1,IDLE,0
C3B93D0B,34594,34972.400,34972400,1000,1939,1932,55,90,FWD,9,51,1,IDLE,0
C3B93D0B,34595,34973.400,34973400,1000,1941,1932,55,90,FWD,9,51,1,IDLE,0
C3B93D0B,34596,34974.399,34974399,999,1941,1932,55,90,FWD,9,51,1,IDLE,0
C3B93D0B,34597,34975.400,34975400,1001,1938,1932,55,90,FWD,9,51,1,IDLE,0
C3B93D0B,34598,34976.399,34976399,999,1940,1932,55,90,FWD,9,51,1,IDLE,0
C3B93D0B,34599,34977.400,34977400,1001,1941,1932,55,90,FWD,9,51,1,IDLE,0
C3B93D0B,34600,34978.399,34978399,999,1940,1932,55,90,FWD,9,51,1,IDLE,0
C3B93D0B,34601,34979.400,34979400,1001,1939,1932,55,90,FWD,9,51,1,IDLE,0
C3B93D0B,34602,34980.399,34980399,999,1939,1932,55,90,FWD,9,51,1,IDLE,0
C3B93D0B,34603,34981.400,34981400,1001,1939,1932,55,90,FWD,9,51,1,IDLE,0
C3B93D0B,34604,34982.400,34982400,1000,1939,1932,55,90,FWD,9,51,1,IDLE,0
C3B93D0B,34605,34984.239,34984239,1839,1927,1932,55,90,FWD,41,51,1,IDLE,0
C3B93D0B,34606,34984.754,34984754,515,1927,1932,55,90,FWD,9,51,1,IDLE,0
C3B93D0B,34607,34985.400,34985400,646,1926,1932,55,90,FWD,9,51,1,IDLE,0
C3B93D0B,34608,34986.402,34986402,1002,1936,1932,55,90,FWD,9,51,1,IDLE,0
C3B93D0B,34609,34987.405,34987405,1003,1925,1932,55,90,FWD,9,51,1,IDLE,0
C3B93D0B,34610,34988.399,34988399,994,1927,1932,55,90,FWD,9,51,1,IDLE,0
C3B93D0B,34611,34989.400,34989400,1001,1934,1932,55,90,FWD,9,51,1,IDLE,0
C3B93D0B,34612,34990.399,34990399,999,1933,1932,55,90,FWD,9,51,1,IDLE,0
C3B93D0B,34613,34991.465,34991465,1066,1933,1932,55,90,FWD,9,51,1,IDLE,0
C3B93D0B,34614,34992.400,34992400,935,1934,1932,55,90,FWD,9,51,1,IDLE,0
C3B93D0B,34615,34993.400,34993400,1000,1930,1932,55,90,FWD,9,51,1,IDLE,0
C3B93D0B,34616,34994.399,34994399,999,1934,1932,55,90,FWD,9,51,1,IDLE,0
C3B93D0B,34617,34995.400,34995400,1001,1935,1932,55,90,FWD,9,51,1,IDLE,0
C3B93D0B,34618,34996.399,34996399,999,1934,1932,55,90,FWD,9,51,1,IDLE,0
C3B93D0B,34619,34997.400,34997400,1001,1931,1932,55,90,FWD,9,51,1,IDLE,0
C3B93D0B,34620,34998.399,34998399,999,1933,1932,55,90,FWD,9,51,1,IDLE,0
C3B93D0B,34621,34999.400,34999400,1001,1934,1932,55,90,FWD,9,51,1,IDLE,0
C3B93D0B,34622,35000.399,35000399,999,1933,1932,55,90,FWD,9,51,1,IDLE,0
C3B93D0B,34623,35001.400,35001400,1001,1936,1932,55,90,FWD,9,51,1,IDLE,0
C3B93D0B,34624,35002.400,35002400,1000,1935,1932,55,90,FWD,9,51,1,IDLE,0
C3B93D0B,34625,35003.400,35003400,1000,1933,1932,55,90,FWD,9,51,1,IDLE,0
C3B93D0B,34626,35004.399,35004399,999,1931,1932,55,90,FWD,9,51,1,IDLE,0
C3B93D0B,34627,35005.400,35005400,1001,1932,1932,55,90,FWD,9,51,1,IDLE,0
C3B93D0B,34628,35006.400,35006400,1000,1933,1932,55,90,FWD,9,51,1,IDLE,0
C3B93D0B,34629,35007.403,35007403,1003,1933,1932,55,90,FWD,9,51,1,IDLE,0
C3B93D0B,34630,35008.400,35008400,997,1934,1932,55,90,FWD,9,51,1,IDLE,0
C3B93D0B,34631,35009.399,35009399,999,1931,1932,55,90,FWD,9,51,1,IDLE,0
C3B93D0B,34632,35010.400,35010400,1001,1935,1932,55,90,FWD,9,51,1,IDLE,0
C3B93D0B,34633,35011.399,35011399,999,1932,1932,55,90,FWD,9,51,1,IDLE,0
C3B93D0B,34634,35012.401,35012401,1002,1932,1932,55,90,FWD,9,51,1,IDLE,0
C3B93D0B,34635,35013.400,35013400,999,1933,1932,55,90,FWD,9,51,1,IDLE,0
C3B93D0B,34636,35014.404,35014404,1004,1930,1932,55,90,FWD,9,51,1,IDLE,0
C3B93D0B,34637,35015.401,35015401,997,1931,1932,55,90,FWD,9,51,1,IDLE,0
C3B93D0B,34638,35016.399,35016399,998,1933,1932,55,90,FWD,9,51,1,IDLE,0
C3B93D0B,34639,35017.400,35017400,1001,1934,1932,55,90,FWD,9,51,1,IDLE,0
C3B93D0B,34640,35018.399,35018399,999,1931,1932,56,90,FWD,9,51,1,IDLE,0
C3B93D0B,34641,35019.400,35019400,1001,1931,1932,56,90,FWD,9,51,1,IDLE,0
C3B93D0B,34642,35020.400,35020400,1000,1935,1932,56,90,FWD,9,51,1,IDLE,0
C3B93D0B,34643,35021.400,35021400,1000,1931,1932,56,90,FWD,9,51,1,IDLE,0
C3B93D0B,34644,35022.399,35022399,999,1932,1932,56,90,FWD,9,51,1,IDLE,0
C3B93D0B,34645,35023.400,35023400,1001,1933,1932,56,90,FWD,9,51,1,IDLE,0
C3B93D0B,34646,35024.399,35024399,999,1933,1932,56,90,FWD,9,51,1,IDLE,0
C3B93D0B,34647,35025.401,35025401,1002,1931,1932,56,90,FWD,9,51,1,IDLE,0
C3B93D0B,34648,35027.921,35027921,2520,1931,1932,56,90,FWD,41,51,1,IDLE,0
C3B93D0B,34649,35028.334,35028334,413,1930,1932,56,90,FWD,9,51,1,IDLE,0
C3B93D0B,34650,35028.583,35028583,249,1928,1932,56,90,FWD,9,51,1,IDLE,0
C3B93D0B,34651,35029.401,35029401,818,1935,1932,56,90,FWD,9,51,1,IDLE,0
C3B93D0B,34652,35030.399,35030399,998,1930,1932,56,90,FWD,9,51,1,IDLE,0
C3B93D0B,34653,35031.400,35031400,1001,1935,1932,56,90,FWD,9,51,1,IDLE,0
C3B93D0B,34654,35032.399,35032399,999,1932,1932,56,90,FWD,9,51,1,IDLE,0
C3B93D0B,34655,35033.400,35033400,1001,1934,1932,56,90,FWD,9,51,1,IDLE,0
C3B93D0B,34656,35034.399,35034399,999,1934,1932,56,90,FWD,9,51,1,IDLE,0
C3B93D0B,34657,35036.330,35036330,1931,1931,1932,56,90,FWD,41,51,1,IDLE,0
C3B93D0B,34658,35036.660,35036660,330,1931,1932,56,90,FWD,9,51,1,IDLE,0
C3B93D0B,34659,35037.400,35037400,740,1927,1932,56,90,FWD,9,51,1,IDLE,0
C3B93D0B,34660,35038.399,35038399,999,1934,1932,56,90,FWD,9,51,1,IDLE,0
C3B93D0B,34661,35039.401,35039401,1002,1933,1932,56,90,FWD,9,51,1,IDLE,0
C3B93D0B,34662,35040.548,35040548,1147,1933,1932,56,90,FWD,9,51,1,IDLE,0
C3B93D0B,34663,35041.400,35041400,852,1933,1932,56,90,FWD,9,51,1,IDLE,0
C3B93D0B,34664,35042.829,35042829,1429,1934,1932,56,90,FWD,41,51,1,IDLE,0
C3B93D0B,34665,35043.400,35043400,571,1933,1932,56,90,FWD,9,51,1,IDLE,0
C3B93D0B,34666,35044.399,35044399,999,1935,1932,56,90,FWD,9,51,1,IDLE,0
C3B93D0B,34667,35045.400,35045400,1001,1931,1932,56,90,FWD,9,51,1,IDLE,0
C3B93D0B,34668,35046.399,35046399,999,1934,1932,56,90,FWD,9,51,1,IDLE,0
C3B93D0B,34669,35047.400,35047400,1001,1935,1932,56,90,FWD,9,51,1,IDLE,0
C3B93D0B,34670,35048.399,35048399,999,1935,1932,56,90,FWD,9,51,1,IDLE,0
C3B93D0B,34671,35049.401,35049401,1002,1935,1932,56,90,FWD,9,51,1,IDLE,0
C3B93D0B,34672,35050.399,35050399,998,1934,1932,56,90,FWD,9,51,1,IDLE,0
C3B93D0B,34673,35051.400,35051400,1001,1933,1932,56,90,FWD,9,51,1,IDLE,0
C3B93D0B,34674,35052.399,35052399,999,1931,1932,56,90,FWD,9,51,1,IDLE,0
C3B93D0B,34675,35053.400,35053400,1001,1933,1932,56,90,FWD,9,51,1,IDLE,0
C3B93D0B,34676,35054.399,35054399,999,1933,1932,56,90,FWD,9,51,1,IDLE,0
C3B93D0B,34677,35055.400,35055400,1001,1934,1932,56,90,FWD,9,51,1,IDLE,0
C3B93D0B,34678,35056.399,35056399,999,1933,1932,56,90,FWD,9,51,1,IDLE,0
C3B93D0B,34679,35057.400,35057400,1001,1934,1932,56,90,FWD,9,51,1,IDLE,0
C3B93D0B,34680,35058.399,35058399,999,1936,1932,56,90,FWD,9,51,1,IDLE,0
C3B93D0B,34681,35059.401,35059401,1002,1935,1932,56,90,FWD,9,51,1,IDLE,0
C3B93D0B,34682,35060.399,35060399,998,1933,1932,56,90,FWD,9,51,1,IDLE,0
C3B93D0B,34683,35061.400,35061400,1001,1933,1932,56,90,FWD,9,51,1,IDLE,0
C3B93D0B,34684,35062.399,35062399,999,1935,1932,56,90,FWD,9,51,1,IDLE,0
C3B93D0B,34685,35063.400,35063400,1001,1933,1932,56,90,FWD,9,51,1,IDLE,0
C3B93D0B,34686,35064.399,35064399,999,1931,1932,56,90,FWD,9,51,1,IDLE,0
C3B93D0B,34687,35065.400,35065400,1001,1936,1932,56,90,FWD,9,51,1,IDLE,0
C3B93D0B,34688,35066.399,35066399,999,1934,1932,56,90,FWD,9,51,1,IDLE,0
C3B93D0B,34689,35067.400,35067400,1001,1933,1932,56,90,FWD,9,51,1,IDLE,0
C3B93D0B,34690,35068.399,35068399,999,1930,1932,56,90,FWD,9,51,1,IDLE,0
C3B93D0B,34691,35069.401,35069401,1002,1931,1932,56,90,FWD,9,51,1,IDLE,0
C3B93D0B,34692,35070.400,35070400,999,1933,1932,56,90,FWD,9,51,1,IDLE,0
C3B93D0B,34693,35071.400,35071400,1000,1933,1932,56,90,FWD,9,51,1,IDLE,0
C3B93D0B,34694,35072.399,35072399,999,1934,1932,56,90,FWD,9,51,1,IDLE,0
C3B93D0B,34695,35073.400,35073400,1001,1932,1932,56,90,FWD,9,51,1,IDLE,0
C3B93D0B,34696,35074.399,35074399,999,1935,1932,56,90,FWD,9,51,1,IDLE,0
C3B93D0B,34697,35075.400,35075400,1001,1933,1932,56,90,FWD,9,51,1,IDLE,0
C3B93D0B,34698,35076.399,35076399,999,1931,1932,56,90,FWD,9,51,1,IDLE,0
C3B93D0B,34699,35077.400,35077400,1001,1934,1932,56,90,FWD,9,51,1,IDLE,0
C3B93D0B,34700,35078.399,35078399,999,1933,1932,56,90,FWD,9,51,1,IDLE,0
C3B93D0B,34701,35079.401,35079401,1002,1931,1932,56,90,FWD,9,51,1,IDLE,0
C3B93D0B,34702,35080.892,35080892,1491,1931,1932,56,90,FWD,41,51,1,IDLE,0
C3B93D0B,34703,35081.449,35081449,557,1930,1932,56,90,FWD,9,51,1,IDLE,0
C3B93D0B,34704,35082.400,35082400,951,1935,1932,56,90,FWD,9,51,1,IDLE,0
C3B93D0B,34705,35083.399,35083399,999,1934,1932,56,90,FWD,9,51,1,IDLE,0
C3B93D0B,34706,35084.400,35084400,1001,1934,1932,56,90,FWD,9,51,1,IDLE,0
C3B93D0B,34707,35085.399,35085399,999,1933,1932,56,90,FWD,9,51,1,IDLE,0
C3B93D0B,34708,35086.400,35086400,1001,1931,1932,56,90,FWD,9,51,1,IDLE,0
C3B93D0B,34709,35087.399,35087399,999,1931,1932,56,90,FWD,9,51,1,IDLE,0
C3B93D0B,34710,35088.400,35088400,1001,1933,1932,56,90,FWD,9,51,1,IDLE,0
C3B93D0B,34711,35089.399,35089399,999,1933,1932,56,90,FWD,9,51,1,IDLE,0
C3B93D0B,34712,35090.401,35090401,1002,1933,1932,56,90,FWD,9,51,1,IDLE,0
C3B93D0B,34713,35091.399,35091399,998,1934,1932,56,90,FWD,9,51,1,IDLE,0
C3B93D0B,34714,35092.400,35092400,1001,1934,1932,56,90,FWD,9,51,1,IDLE,0
C3B93D0B,34715,35093.399,35093399,999,1935,1932,56,90,FWD,9,51,1,IDLE,0
C3B93D0B,34716,35094.400,35094400,1001,1934,1932,56,90,FWD,9,51,1,IDLE,0
C3B93D0B,34717,35095.399,35095399,999,1934,1932,56,90,FWD,9,51,1,IDLE,0
C3B93D0B,34718,35096.400,35096400,1001,1933,1932,56,90,FWD,9,51,1,IDLE,0
C3B93D0B,34719,35097.399,35097399,999,1933,1932,56,90,FWD,9,51,1,IDLE,0
C3B93D0B,34720,35098.400,35098400,1001,1930,1932,56,90,FWD,9,51,1,IDLE,0
C3B93D0B,34721,35099.399,35099399,999,1934,1932,56,90,FWD,9,51,1,IDLE,0
C3B93D0B,34722,35100.401,35100401,1002,1931,1932,56,90,FWD,9,51,1,IDLE,0
C3B93D0B,34723,35101.399,35101399,998,1932,1932,56,90,FWD,9,51,1,IDLE,0
C3B93D0B,34724,35102.400,35102400,1001,1932,1932,56,90,FWD,9,51,1,IDLE,0
C3B93D0B,34725,35103.399,35103399,999,1935,1932,56,90,FWD,9,51,1,IDLE,0
C3B93D0B,34726,35104.400,35104400,1001,1931,1932,56,90,FWD,9,51,1,IDLE,0
C3B93D0B,34727,35105.399,35105399,999,1931,1932,56,90,FWD,9,51,1,IDLE,0
C3B93D0B,34728,35106.400,35106400,1001,1934,1932,56,90,FWD,9,51,1,IDLE,0
C3B93D0B,34729,35107.399,35107399,999,1935,1932,56,90,FWD,9,51,1,IDLE,0
C3B93D0B,34730,35108.400,35108400,1001,1934,1932,56,90,FWD,9,51,1,IDLE,0
C3B93D0B,34731,35109.399,35109399,999,1932,1932,56,90,FWD,9,51,1,IDLE,0
C3B93D0B,34732,35110.401,35110401,1002,1931,1932,56,90,FWD,9,51,1,IDLE,0
C3B93D0B,34733,35111.399,35111399,998,1932,1932,56,90,FWD,9,51,1,IDLE,0
C3B93D0B,34734,35112.400,35112400,1001,1933,1932,56,90,FWD,9,51,1,IDLE,0
C3B93D0B,34735,35113.399,35113399,999,1933,1932,56,90,FWD,9,51,1,IDLE,0
C3B93D0B,34736,35114.400,35114400,1001,1934,1932,56,90,FWD,9,51,1,IDLE,0
C3B93D0B,34737,35115.399,35115399,999,1934,1932,56,90,FWD,9,51,1,IDLE,0
C3B93D0B,34738,35116.400,35116400,1001,1934,1932,56,90,FWD,9,51,1,IDLE,0
C3B93D0B,34739,35117.399,35117399,999,1931,1932,56,90,FWD,9,51,1,IDLE,0
C3B93D0B,34740,35118.400,35118400,1001,1933,1932,56,90,FWD,9,51,1,IDLE,0
C3B93D0B,34741,35119.399,35119399,999,1931,1932,56,90,FWD,9,51,1,IDLE,0
C3B93D0B,34742,35120.401,35120401,1002,1931,1932,56,90,FWD,9,51,1,IDLE,0
C3B93D0B,34743,35121.399,35121399,998,1931,1932,56,90,FWD,9,51,1,IDLE,0
C3B93D0B,34744,35122.400,35122400,1001,1934,1932,56,90,FWD,9,51,1,IDLE,0
C3B93D0B,34745,35123.399,35123399,999,1934,1932,56,90,FWD,9,51,1,IDLE,0
C3B93D0B,34746,35124.400,35124400,1001,1931,1932,56,90,FWD,9,51,1,IDLE,0
C3B93D0B,34747,35125.399,35125399,999,1931,1932,56,90,FWD,9,51,1,IDLE,0
C3B93D0B,34748,35126.400,35126400,1001,1934,1932,56,90,FWD,9,51,1,IDLE,0
C3B93D0B,34749,35127.399,35127399,999,1935,1932,56,90,FWD,9,51,1,IDLE,0
C3B93D0B,34750,35128.400,35128400,1001,1931,1932,56,90,FWD,9,51,1,IDLE,0
C3B93D0B,34751,35129.399,35129399,999,1933,1932,56,90,FWD,9,51,1,IDLE,0
C3B93D0B,34752,35130.401,35130401,1002,1932,1932,56,90,FWD,9,51,1,IDLE,0
C3B93D0B,34753,35131.782,35131782,1381,1933,1932,56,90,FWD,41,51,1,IDLE,0
C3B93D0B,34754,35132.400,35132400,618,1933,1932,56,90,FWD,9,51,1,IDLE,0
C3B93D0B,34755,35133.399,35133399,999,1933,1932,56,90,FWD,9,51,1,IDLE,0
C3B93D0B,34756,35134.400,35134400,1001,1933,1932,56,90,FWD,9,51,1,IDLE,0
C3B93D0B,34757,35135.399,35135399,999,1933,1932,56,90,FWD,9,51,1,IDLE,0
C3B93D0B,34758,35136.400,35136400,1001,1931,1932,56,90,FWD,9,51,1,IDLE,0
C3B93D0B,34759,35137.399,35137399,999,1933,1932,56,90,FWD,9,51,1,IDLE,0
C3B93D0B,34760,35138.400,35138400,1001,1934,1932,56,90,FWD,9,51,1,IDLE,0
C3B93D0B,34761,35139.401,35139401,1001,1943,1932,56,90,FWD,9,51,1,IDLE,0
C3B93D0B,34762,35140.401,35140401,1000,1942,1932,56,90,FWD,9,51,1,IDLE,0
C3B93D0B,34763,35141.400,35141400,999,1942,1932,56,90,FWD,9,51,1,IDLE,0
C3B93D0B,34764,35142.400,35142400,1000,1941,1932,56,90,FWD,9,51,1,IDLE,0
C3B93D0B,34765,35143.399,35143399,999,1942,1932,56,90,FWD,9,51,1,IDLE,0
C3B93D0B,34766,35144.400,35144400,1001,1941,1932,56,90,FWD,9,51,1,IDLE,0
C3B93D0B,34767,35145.399,35145399,999,1941,1932,56,90,FWD,9,51,1,IDLE,0
C3B93D0B,34768,35146.400,35146400,1001,1941,1932,56,90,FWD,9,51,1,IDLE,0
C3B93D0B,34769,35147.399,35147399,999,1939,1932,56,90,FWD,9,51,1,IDLE,0
C3B93D0B,34770,35148.400,35148400,1001,1931,1932,56,90,FWD,9,51,1,IDLE,0
C3B93D0B,34771,35149.414,35149414,1014,1931,1932,56,90,FWD,9,51,1,IDLE,0
C3B93D0B,34772,35150.401,35150401,987,1931,1932,56,90,FWD,9,51,1,IDLE,0
C3B93D0B,34773,35151.399,35151399,998,1932,1932,56,90,FWD,9,51,1,IDLE,0
C3B93D0B,34774,35152.400,35152400,1001,1932,1932,56,90,FWD,9,51,1,IDLE,0
C3B93D0B,34775,35153.399,35153399,999,1931,1932,56,90,FWD,9,51,1,IDLE,0
C3B93D0B,34776,35154.682,35154682,1283,1940,1932,56,90,FWD,41,51,1,IDLE,0
C3B93D0B,34777,35155.399,35155399,717,1939,1932,56,90,FWD,9,51,1,IDLE,0
C3B93D0B,34778,35156.400,35156400,1001,1942,1932,56,90,FWD,9,51,1,IDLE,0
C3B93D0B,34779,35157.399,35157399,999,1939,1932,56,90,FWD,9,51,1,IDLE,0
C3B93D0B,34780,35158.400,35158400,1001,1939,1932,56,90,FWD,9,51,1,IDLE,0
C3B93D0B,34781,35159.399,35159399,999,1941,1932,56,90,FWD,9,51,1,IDLE,0
C3B93D0B,34782,35160.401,35160401,1002,1941,1932,56,90,FWD,9,51,1,IDLE,0
C3B93D0B,34783,35161.399,35161399,998,1938,1932,56,90,FWD,9,51,1,IDLE,0
C3B93D0B,34784,35162.400,35162400,1001,1942,1932,56,90,FWD,9,51,1,IDLE,0
C3B93D0B,34785,35163.399,35163399,999,1940,1932,56,90,FWD,9,51,1,IDLE,0
C3B93D0B,34786,35164.400,35164400,1001,1939,1932,56,90,FWD,9,51,1,IDLE,0
C3B93D0B,34787,35165.399,35165399,999,1939,1932,56,90,FWD,9,51,1,IDLE,0
C3B93D0B,34788,35166.400,35166400,1001,1939,1932,56,90,FWD,9,51,1,IDLE,0
C3B93D0B,34789,35167.399,35167399,999,1939,1932,56,90,FWD,9,51,1,IDLE,0
C3B93D0B,34790,35168.400,35168400,1001,1939,1932,57,90,FWD,9,51,1,IDLE,0
C3B93D0B,34791,35169.399,35169399,999,1940,1932,57,90,FWD,9,51,1,IDLE,0
C3B93D0B,34792,35170.401,35170401,1002,1940,1932,57,90,FWD,9,51,1,IDLE,0
C3B93D0B,34793,35171.399,35171399,998,1939,1932,57,90,FWD,9,51,1,IDLE,0
C3B93D0B,34794,35172.400,35172400,1001,1938,1932,57,90,FWD,9,51,1,IDLE,0
C3B93D0B,34795,35173.399,35173399,999,1939,1932,57,90,FWD,9,51,1,IDLE,0
C3B93D0B,34796,35174.400,35174400,1001,1940,1932,57,90,FWD,9,51,1,IDLE,0
C3B93D0B,34797,35175.399,35175399,999,1940,1932,57,90,FWD,9,51,1,IDLE,0
C3B93D0B,34798,35176.400,35176400,1001,1938,1932,57,90,FWD,9,51,1,IDLE,0
C3B93D0B,34799,35177.399,35177399,999,1938,1932,57,90,FWD,9,51,1,IDLE,0
C3B93D0B,34800,35178.400,35178400,1001,1938,1932,57,90,FWD,9,51,1,IDLE,0
C3B93D0B,34801,35179.399,35179399,999,1939,1932,57,90,FWD,9,51,1,IDLE,0
C3B93D0B,34802,35180.401,35180401,1002,1941,1932,57,90,FWD,9,51,1,IDLE,0
C3B93D0B,34803,35182.196,35182196,1795,1927,1932,57,90,FWD,41,51,1,IDLE,0
C3B93D0B,34804,35182.513,35182513,317,1930,1932,57,90,FWD,9,51,1,IDLE,0
C3B93D0B,34805,35183.400,35183400,887,1930,1932,57,90,FWD,9,51,1,IDLE,0
C3B93D0B,34806,35184.399,35184399,999,1930,1932,57,90,FWD,9,51,1,IDLE,0
C3B93D0B,34807,35185.400,35185400,1001,1934,1932,57,90,FWD,9,51,1,IDLE,0
C3B93D0B,34808,35186.399,35186399,999,1932,1932,57,90,FWD,9,51,1,IDLE,0
C3B93D0B,34809,35187.400,35187400,1001,1931,1932,57,90,FWD,9,51,1,IDLE,0
C3B93D0B,34810,35188.399,35188399,999,1931,1932,57,90,FWD,9,51,1,IDLE,0
C3B93D0B,34811,35189.400,35189400,1001,1931,1932,57,90,FWD,9,51,1,IDLE,0
C3B93D0B,34812,35190.400,35190400,1000,1930,1932,57,90,FWD,9,51,1,IDLE,0
C3B93D0B,34813,35191.400,35191400,1000,1930,1932,57,90,FWD,9,51,1,IDLE,0
C3B93D0B,34814,35192.399,35192399,999,1934,1932,57,90,FWD,9,51,1,IDLE,0
C3B93D0B,34815,35193.400,35193400,1001,1934,1932,57,90,FWD,9,51,1,IDLE,0
C3B93D0B,34816,35194.399,35194399,999,1931,1932,57,90,FWD,9,51,1,IDLE,0
C3B93D0B,34817,35195.400,35195400,1001,1931,1932,57,90,FWD,9,51,1,IDLE,0
C3B93D0B,34818,35196.399,35196399,999,1933,1932,57,90,FWD,9,51,1,IDLE,0
C3B93D0B,34819,35197.400,35197400,1001,1933,1932,57,90,FWD,9,51,1,IDLE,0
C3B93D0B,34820,35198.399,35198399,999,1935,1932,57,90,FWD,9,51,1,IDLE,0
C3B93D0B,34821,35199.400,35199400,1001,1931,1932,57,90,FWD,9,51,1,IDLE,0
C3B93D0B,34822,35200.400,35200400,1000,1931,1932,57,90,FWD,9,51,1,IDLE,0
C3B93D0B,34823,35201.400,35201400,1000,1933,1932,57,90,FWD,9,51,1,IDLE,0
C3B93D0B,34824,35202.399,35202399,999,1933,1932,57,90,FWD,9,51,1,IDLE,0
C3B93D0B,34825,35203.400,35203400,1001,1932,1932,57,90,FWD,9,51,1,IDLE,0
C3B93D0B,34826,35204.399,35204399,999,1933,1932,57,90,FWD,9,51,1,IDLE,0
C3B93D0B,34827,35205.400,35205400,1001,1934,1932,57,90,FWD,9,51,1,IDLE,0
C3B93D0B,34828,35206.399,35206399,999,1931,1932,57,90,FWD,9,51,1,IDLE,0
C3B93D0B,34829,35207.400,35207400,1001,1934,1932,57,90,FWD,9,51,1,IDLE,0
C3B93D0B,34830,35208.399,35208399,999,1934,1932,57,90,FWD,9,51,1,IDLE,0
C3B93D0B,34831,35209.400,35209400,1001,1934,1932,57,90,FWD,9,51,1,IDLE,0
C3B93D0B,34832,35210.400,35210400,1000,1933,1932,57,90,FWD,9,51,1,IDLE,0
C3B93D0B,34833,35211.400,35211400,1000,1934,1932,57,90,FWD,9,51,1,IDLE,0
C3B93D0B,34834,35212.399,35212399,999,1933,1932,57,90,FWD,9,51,1,IDLE,0
C3B93D0B,34835,35213.400,35213400,1001,1934,1932,57,90,FWD,9,51,1,IDLE,0
C3B93D0B,34836,35214.399,35214399,999,1931,1932,57,90,FWD,9,51,1,IDLE,0
C3B93D0B,34837,35215.400,35215400,1001,1932,1932,57,90,FWD,9,51,1,IDLE,0
C3B93D0B,34838,35216.399,35216399,999,1933,1932,57,90,FWD,9,51,1,IDLE,0
C3B93D0B,34839,35217.400,35217400,1001,1933,1932,57,90,FWD,9,51,1,IDLE,0
C3B93D0B,34840,35218.399,35218399,999,1934,1932,57,90,FWD,9,51,1,IDLE,0
C3B93D0B,34841,35219.400,35219400,1001,1931,1932,57,90,FWD,9,51,1,IDLE,0
C3B93D0B,34842,35220.400,35220400,1000,1931,1932,57,90,FWD,9,51,1,IDLE,0
C3B93D0B,34843,35221.400,35221400,1000,1931,1932,57,90,FWD,9,51,1,IDLE,0
C3B93D0B,34844,35222.399,35222399,999,1933,1932,57,90,FWD,9,51,1,IDLE,0
C3B93D0B,34845,35223.400,35223400,1001,1933,1932,57,90,FWD,9,51,1,IDLE,0
C3B93D0B,34846,35224.399,35224399,999,1933,1932,57,90,FWD,9,51,1,IDLE,0
C3B93D0B,34847,35225.400,35225400,1001,1934,1932,57,90,FWD,9,51,1,IDLE,0
C3B93D0B,34848,35226.399,35226399,999,1933,1932,57,90,FWD,9,51,1,IDLE,0
C3B93D0B,34849,35227.400,35227400,1001,1933,1932,57,90,FWD,9,51,1,IDLE,0
C3B93D0B,34850,35228.399,35228399,999,1933,1932,57,90,FWD,9,51,1,IDLE,0
C3B93D0B,34851,35229.400,35229400,1001,1931,1932,57,90,FWD,9,51,1,IDLE,0
C3B93D0B,34852,35230.400,35230400,1000,1933,1932,57,90,FWD,9,51,1,IDLE,0
C3B93D0B,34853,35231.400,35231400,1000,1933,1932,57,90,FWD,9,51,1,IDLE,0
C3B93D0B,34854,35232.399,35232399,999,1933,1932,57,90,FWD,9,51,1,IDLE,0
C3B93D0B,34855,35233.403,35233403,1004,1935,1932,57,90,FWD,9,51,1,IDLE,0
C3B93D0B,34856,35234.399,35234399,996,1934,1932,57,90,FWD,9,51,1,IDLE,0
C3B93D0B,34857,35235.400,35235400,1001,1932,1932,57,90,FWD,9,51,1,IDLE,0
C3B93D0B,34858,35236.399,35236399,999,1930,1932,57,90,FWD,9,51,1,IDLE,0
C3B93D0B,34859,35237.400,35237400,1001,1931,1932,57,90,FWD,9,51,1,IDLE,0
C3B93D0B,34860,35238.399,35238399,999,1930,1932,57,90,FWD,9,51,1,IDLE,0
C3B93D0B,34861,35239.400,35239400,1001,1931,1932,57,90,FWD,9,51,1,IDLE,0
C3B93D0B,34862,35240.400,35240400,1000,1934,1932,57,90,FWD,9,51,1,IDLE,0
C3B93D0B,34863,35241.400,35241400,1000,1933,1932,57,90,FWD,9,51,1,IDLE,0
C3B93D0B,34864,35242.399,35242399,999,1934,1932,57,90,FWD,9,51,1,IDLE,0
C3B93D0B,34865,35243.400,35243400,1001,1933,1932,57,90,FWD,9,51,1,IDLE,0
C3B93D0B,34866,35244.402,35244402,1002,1942,1932,57,90,FWD,9,51,1,IDLE,0
C3B93D0B,34867,35245.400,35245400,998,1942,1932,57,90,FWD,9,51,1,IDLE,0
C3B93D0B,34868,35246.399,35246399,999,1941,1932,57,90,FWD,9,51,1,IDLE,0
C3B93D0B,34869,35247.400,35247400,1001,1942,1932,57,90,FWD,9,51,1,IDLE,0
C3B93D0B,34870,35248.399,35248399,999,1942,1932,57,90,FWD,9,51,1,IDLE,0
C3B93D0B,34871,35249.400,35249400,1001,1941,1932,57,90,FWD,9,51,1,IDLE,0
C3B93D0B,34872,35250.400,35250400,1000,1938,1932,57,90,FWD,9,51,1,IDLE,0
C3B93D0B,34873,35251.400,35251400,1000,1930,1932,57,90,FWD,9,51,1,IDLE,0
C3B93D0B,34874,35252.399,35252399,999,1930,1932,57,90,FWD,9,51,1,IDLE,0
C3B93D0B,34875,35253.400,35253400,1001,1933,1932,57,90,FWD,9,51,1,IDLE,0
C3B93D0B,34876,35254.399,35254399,999,1934,1932,57,90,FWD,9,51,1,IDLE,0
C3B93D0B,34877,35255.400,35255400,1001,1934,1932,57,90,FWD,9,51,1,IDLE,0
C3B93D0B,34878,35256.628,35256628,1228,1941,1932,57,90,FWD,9,51,1,IDLE,0
C3B93D0B,34879,35257.400,35257400,772,1941,1932,57,90,FWD,9,51,1,IDLE,0
C3B93D0B,34880,35258.399,35258399,999,1942,1932,57,90,FWD,9,51,1,IDLE,0
C3B93D0B,34881,35259.400,35259400,1001,1940,1932,57,90,FWD,9,51,1,IDLE,0
C3B93D0B,34882,35260.400,35260400,1000,1940,1932,57,90,FWD,9,51,1,IDLE,0
C3B93D0B,34883,35261.400,35261400,1000,1940,1932,57,90,FWD,9,51,1,IDLE,0
C3B93D0B,34884,35262.399,35262399,999,1940,1932,57,90,FWD,9,51,1,IDLE,0
C3B93D0B,34885,35263.400,35263400,1001,1941,1932,57,90,FWD,9,51,1,IDLE,0
C3B93D0B,34886,35264.399,35264399,999,1939,1932,57,90,FWD,9,51,1,IDLE,0
C3B93D0B,34887,35265.400,35265400,1001,1938,1932,57,90,FWD,9,51,1,IDLE,0
C3B93D0B,34888,35266.399,35266399,999,1940,1932,57,90,FWD,9,51,1,IDLE,0
C3B93D0B,34889,35267.400,35267400,1001,1939,1932,57,90,FWD,9,51,1,IDLE,0
C3B93D0B,34890,35268.399,35268399,999,1941,1932,57,90,FWD,9,51,1,IDLE,0
C3B93D0B,34891,35269.400,35269400,1001,1939,1932,57,90,FWD,9,51,1,IDLE,0
C3B93D0B,34892,35270.400,35270400,1000,1937,1932,57,90,FWD,9,51,1,IDLE,0
C3B93D0B,34893,35271.400,35271400,1000,1940,1932,57,90,FWD,9,51,1,IDLE,0
C3B93D0B,34894,35272.399,35272399,999,1939,1932,57,90,FWD,9,51,1,IDLE,0
C3B93D0B,34895,35273.400,35273400,1001,1940,1932,57,90,FWD,9,51,1,IDLE,0
C3B93D0B,34896,35274.399,35274399,999,1939,1932,57,90,FWD,9,51,1,IDLE,0
C3B93D0B,34897,35275.400,35275400,1001,1939,1932,57,90,FWD,9,51,1,IDLE,0
C3B93D0B,34898,35276.399,35276399,999,1939,1932,57,90,FWD,9,51,1,IDLE,0
C3B93D0B,34899,35277.400,35277400,1001,1939,1932,57,90,FWD,9,51,1,IDLE,0
C3B93D0B,34900,35278.399,35278399,999,1939,1932,57,90,FWD,9,51,1,IDLE,0
C3B93D0B,34901,35279.400,35279400,1001,1939,1932,57,90,FWD,9,51,1,IDLE,0
C3B93D0B,34902,35280.400,35280400,1000,1939,1932,57,90,FWD,9,51,1,IDLE,0
C3B93D0B,34903,35282.186,35282186,1786,1930,1932,57,90,FWD,41,51,1,IDLE,0
C3B93D0B,34904,35282.492,35282492,306,1929,1932,57,90,FWD,9,51,1,IDLE,0
C3B93D0B,34905,35283.400,35283400,908,1930,1932,57,90,FWD,9,51,1,IDLE,0
C3B93D0B,34906,35284.399,35284399,999,1931,1932,57,90,FWD,9,51,1,IDLE,0
C3B93D0B,34907,35285.400,35285400,1001,1930,1932,57,90,FWD,9,51,1,IDLE,0
C3B93D0B,34908,35286.399,35286399,999,1929,1932,57,90,FWD,9,51,1,IDLE,0
C3B93D0B,34909,35287.400,35287400,1001,1931,1932,57,90,FWD,9,51,1,IDLE,0
C3B93D0B,34910,35288.399,35288399,999,1932,1932,57,90,FWD,9,51,1,IDLE,0
C3B93D0B,34911,35289.400,35289400,1001,1934,1932,57,90,FWD,9,51,1,IDLE,0
C3B93D0B,34912,35290.672,35290672,1272,1930,1932,57,90,FWD,41,51,1,IDLE,0
C3B93D0B,34913,35291.400,35291400,728,1932,1932,57,90,FWD,9,51,1,IDLE,0
C3B93D0B,34914,35292.399,35292399,999,1931,1932,57,90,FWD,9,51,1,IDLE,0
C3B93D0B,34915,35293.400,35293400,1001,1931,1932,57,90,FWD,9,51,1,IDLE,0
C3B93D0B,34916,35294.399,35294399,999,1931,1932,57,90,FWD,9,51,1,IDLE,0
C3B93D0B,34917,35295.400,35295400,1001,1931,1932,57,90,FWD,9,51,1,IDLE,0
C3B93D0B,34918,35296.399,35296399,999,1932,1932,57,90,FWD,9,51,1,IDLE,0
C3B93D0B,34919,35297.400,35297400,1001,1931,1932,57,90,FWD,9,51,1,IDLE,0
C3B93D0B,34920,35298.399,35298399,999,1933,1932,57,90,FWD,9,51,1,IDLE,0
C3B93D0B,34921,35299.400,35299400,1001,1932,1932,57,90,FWD,9,51,1,IDLE,0
C3B93D0B,34922,35300.400,35300400,1000,1933,1932,57,90,FWD,9,51,1,IDLE,0
C3B93D0B,34923,35301.400,35301400,1000,1931,1932,57,90,FWD,9,51,1,IDLE,0
C3B93D0B,34924,35302.399,35302399,999,1932,1932,57,90,FWD,9,51,1,IDLE,0
C3B93D0B,34925,35303.400,35303400,1001,1934,1932,57,90,FWD,9,51,1,IDLE,0
C3B93D0B,34926,35304.399,35304399,999,1933,1932,57,90,FWD,9,51,1,IDLE,0
C3B93D0B,34927,35305.400,35305400,1001,1931,1932,57,90,FWD,9,51,1,IDLE,0
C3B93D0B,34928,35306.399,35306399,999,1933,1932,57,90,FWD,9,51,1,IDLE,0
C3B93D0B,34929,35307.400,35307400,1001,1933,1932,57,90,FWD,9,51,1,IDLE,0
C3B93D0B,34930,35308.399,35308399,999,1932,1932,57,90,FWD,9,51,1,IDLE,0
C3B93D0B,34931,35309.400,35309400,1001,1933,1932,57,90,FWD,9,51,1,IDLE,0
C3B93D0B,34932,35310.400,35310400,1000,1932,1932,57,90,FWD,9,51,1,IDLE,0
C3B93D0B,34933,35311.400,35311400,1000,1931,1932,57,90,FWD,9,51,1,IDLE,0
C3B93D0B,34934,35312.399,35312399,999,1932,1932,57,90,FWD,9,51,1,IDLE,0
C3B93D0B,34935,35313.400,35313400,1001,1932,1932,57,90,FWD,9,51,1,IDLE,0
C3B93D0B,34936,35314.399,35314399,999,1933,1932,57,90,FWD,9,51,1,IDLE,0
C3B93D0B,34937,35315.400,35315400,1001,1931,1932,57,90,FWD,9,51,1,IDLE,0
C3B93D0B,34938,35316.399,35316399,999,1932,1932,57,90,FWD,9,51,1,IDLE,0
C3B93D0B,34939,35317.400,35317400,1001,1935,1932,57,90,FWD,9,51,1,IDLE,0
C3B93D0B,34940,35318.399,35318399,999,1931,1932,57,90,FWD,9,51,1,IDLE,0
C3B93D0B,34941,35319.400,35319400,1001,1933,1932,58,90,FWD,9,51,1,IDLE,0
C3B93D0B,34942,35320.400,35320400,1000,1934,1932,58,90,FWD,9,51,1,IDLE,0
C3B93D0B,34943,35321.400,35321400,1000,1933,1932,58,90,FWD,9,51,1,IDLE,0
C3B93D0B,34944,35322.400,35322400,1000,1933,1932,58,90,FWD,9,51,1,IDLE,0
C3B93D0B,34945,35323.400,35323400,1000,1931,1932,58,90,FWD,9,51,1,IDLE,0
C3B93D0B,34946,35324.399,35324399,999,1932,1932,58,90,FWD,9,51,1,IDLE,0
C3B93D0B,34947,35325.400,35325400,1001,1933,1932,58,90,FWD,9,51,1,IDLE,0
C3B93D0B,34948,35326.399,35326399,999,1932,1932,58,90,FWD,9,51,1,IDLE,0
C3B93D0B,34949,35327.400,35327400,1001,1931,1932,58,90,FWD,9,51,1,IDLE,0
C3B93D0B,34950,35328.399,35328399,999,1931,1932,58,90,FWD,9,51,1,IDLE,0
C3B93D0B,34951,35329.400,35329400,1001,1933,1932,58,90,FWD,9,51,1,IDLE,0
C3B93D0B,34952,35330.400,35330400,1000,1933,1932,58,90,FWD,9,51,1,IDLE,0
C3B93D0B,34953,35331.400,35331400,1000,1934,1932,58,90,FWD,9,51,1,IDLE,0
C3B93D0B,34954,35332.399,35332399,999,1931,1932,58,90,FWD,9,51,1,IDLE,0
C3B93D0B,34955,35333.400,35333400,1001,1931,1932,58,90,FWD,9,51,1,IDLE,0
C3B93D0B,34956,35334.399,35334399,999,1933,1932,58,90,FWD,9,51,1,IDLE,0
C3B93D0B,34957,35335.600,35335600,1201,1931,1932,58,90,FWD,9,51,1,IDLE,0
C3B93D0B,34958,35336.399,35336399,799,1931,1932,58,90,FWD,9,51,1,IDLE,0
C3B93D0B,34959,35337.400,35337400,1001,1935,1932,58,90,FWD,9,51,1,IDLE,0
C3B93D0B,34960,35338.399,35338399,999,1931,1932,58,90,FWD,9,51,1,IDLE,0
C3B93D0B,34961,35339.400,35339400,1001,1934,1932,58,90,FWD,9,51,1,IDLE,0
C3B93D0B,34962,35340.400,35340400,1000,1931,1932,58,90,FWD,9,51,1,IDLE,0
C3B93D0B,34963,35341.400,35341400,1000,1935,1932,58,90,FWD,9,51,1,IDLE,0
C3B93D0B,34964,35342.399,35342399,999,1935,1932,58,90,FWD,9,51,1,IDLE,0
C3B93D0B,34965,35343.400,35343400,1001,1933,1932,58,90,FWD,9,51,1,IDLE,0
C3B93D0B,34966,35344.399,35344399,999,1931,1932,58,90,FWD,9,51,1,IDLE,0
C3B93D0B,34967,35345.403,35345403,1004,1945,1932,58,90,FWD,9,51,1,IDLE,0
C3B93D0B,34968,35346.399,35346399,996,1941,1932,58,90,FWD,9,51,1,IDLE,0
C3B93D0B,34969,35347.400,35347400,1001,1941,1932,58,90,FWD,9,51,1,IDLE,0
C3B93D0B,34970,35348.399,35348399,999,1941,1932,58,90,FWD,9,51,1,IDLE,0
C3B93D0B,34971,35349.400,35349400,1001,1939,1932,58,90,FWD,9,51,1,IDLE,0
C3B93D0B,34972,35350.400,35350400,1000,1941,1932,58,90,FWD,9,51,1,IDLE,0
C3B93D0B,34973,35351.400,35351400,1000,1942,1932,58,90,FWD,9,51,1,IDLE,0
C3B93D0B,34974,35352.399,35352399,999,1941,1932,58,90,FWD,9,51,1,IDLE,0
C3B93D0B,34975,35353.683,35353683,1284,1932,1932,58,90,FWD,41,51,1,IDLE,0
C3B93D0B,34976,35354.399,35354399,716,1934,1932,58,90,FWD,9,51,1,IDLE,0
C3B93D0B,34977,35355.400,35355400,1001,1931,1932,58,90,FWD,9,51,1,IDLE,0
C3B93D0B,34978,35356.399,35356399,999,1930,1932,58,90,FWD,9,51,1,IDLE,0
C3B93D0B,34979,35357.400,35357400,1001,1933,1932,58,90,FWD,9,51,1,IDLE,0
C3B93D0B,34980,35359.050,35359050,1650,1942,1932,58,90,FWD,41,51,1,IDLE,0
C3B93D0B,34981,35359.400,35359400,350,1942,1932,58,90,FWD,9,51,1,IDLE,0
C3B93D0B,34982,35360.400,35360400,1000,1940,1932,58,90,FWD,9,51,1,IDLE,0
C3B93D0B,34983,35361.400,35361400,1000,1943,1932,58,90,FWD,9,51,1,IDLE,0
C3B93D0B,34984,35362.399,35362399,999,1940,1932,58,90,FWD,9,51,1,IDLE,0
C3B93D0B,34985,35363.400,35363400,1001,1940,1932,58,90,FWD,9,51,1,IDLE,0
C3B93D0B,34986,35364.399,35364399,999,1941,1932,58,90,FWD,9,51,1,IDLE,0
C3B93D0B,34987,35365.400,35365400,1001,1941,1932,58,90,FWD,9,51,1,IDLE,0
C3B93D0B,34988,35366.399,35366399,999,1941,1932,58,90,FWD,9,51,1,IDLE,0
C3B93D0B,34989,35367.400,35367400,1001,1938,1932,58,90,FWD,9,51,1,IDLE,0
C3B93D0B,34990,35368.399,35368399,999,1939,1932,58,90,FWD,9,51,1,IDLE,0
C3B93D0B,34991,35369.400,35369400,1001,1939,1932,58,90,FWD,9,51,1,IDLE,0
C3B93D0B,34992,35370.400,35370400,1000,1939,1932,58,90,FWD,9,51,1,IDLE,0
C3B93D0B,34993,35371.400,35371400,1000,1938,1932,58,90,FWD,9,51,1,IDLE,0
C3B93D0B,34994,35372.399,35372399,999,1940,1932,58,90,FWD,9,51,1,IDLE,0
C3B93D0B,34995,35373.400,35373400,1001,1940,1932,58,90,FWD,9,51,1,IDLE,0
C3B93D0B,34996,35374.399,35374399,999,1941,1932,58,90,FWD,9,51,1,IDLE,0
C3B93D0B,34997,35375.400,35375400,1001,1939,1932,58,90,FWD,9,51,1,IDLE,0
C3B93D0B,34998,35376.399,35376399,999,1941,1932,58,90,FWD,9,51,1,IDLE,0
C3B93D0B,34999,35377.400,35377400,1001,1939,1932,58,90,FWD,9,51,1,IDLE,0
C3B93D0B,35000,35378.515,35378515,1115,1941,1932,58,90,FWD,9,51,1,IDLE,0
C3B93D0B,35001,35379.657,35379657,1142,1940,1932,58,90,FWD,9,51,1,IDLE,0
C3B93D0B,35002,35380.400,35380400,743,1939,1932,58,90,FWD,9,51,1,IDLE,0
C3B93D0B,35003,35382.210,35382210,1810,1932,1932,58,90,FWD,41,51,1,IDLE,0
C3B93D0B,35004,35382.524,35382524,314,1930,1932,58,90,FWD,9,51,1,IDLE,0
C3B93D0B,35005,35383.400,35383400,876,1927,1932,58,90,FWD,9,51,1,IDLE,0
C3B93D0B,35006,35384.399,35384399,999,1933,1932,58,90,FWD,9,51,1,IDLE,0
C3B93D0B,35007,35385.400,35385400,1001,1930,1932,58,90,FWD,9,51,1,IDLE,0
C3B93D0B,35008,35386.399,35386399,999,1931,1932,58,90,FWD,9,51,1,IDLE,0
C3B93D0B,35009,35387.539,35387539,1140,1933,1932,58,90,FWD,9,51,1,IDLE,0
C3B93D0B,35010,35388.399,35388399,860,1931,1932,58,90,FWD,9,51,1,IDLE,0
C3B93D0B,35011,35389.400,35389400,1001,1932,1932,58,90,FWD,9,51,1,IDLE,0
C3B93D0B,35012,35390.400,35390400,1000,1932,1932,58,90,FWD,9,51,1,IDLE,0
C3B93D0B,35013,35391.400,35391400,1000,1933,1932,58,90,FWD,9,51,1,IDLE,0
C3B93D0B,35014,35392.399,35392399,999,1933,1932,58,90,FWD,9,51,1,IDLE,0
C3B93D0B,35015,35393.400,35393400,1001,1932,1932,58,90,FWD,9,51,1,IDLE,0
C3B93D0B,35016,35394.399,35394399,999,1931,1932,58,90,FWD,9,51,1,IDLE,0
C3B93D0B,35017,35395.400,35395400,1001,1935,1932,58,90,FWD,9,51,1,IDLE,0
C3B93D0B,35018,35396.399,35396399,999,1933,1932,58,90,FWD,9,51,1,IDLE,0
C3B93D0B,35019,35397.400,35397400,1001,1932,1932,58,90,FWD,9,51,1,IDLE,0
C3B93D0B,35020,35398.399,35398399,999,1933,1932,58,90,FWD,9,51,1,IDLE,0
C3B93D0B,35021,35399.400,35399400,1001,1933,1932,58,90,FWD,9,51,1,IDLE,0
C3B93D0B,35022,35400.400,35400400,1000,1932,1932,58,90,FWD,9,51,1,IDLE,0
C3B93D0B,35023,35401.400,35401400,1000,1933,1932,58,90,FWD,9,51,1,IDLE,0
C3B93D0B,35024,35402.399,35402399,999,1935,1932,58,90,FWD,9,51,1,IDLE,0
C3B93D0B,35025,35403.400,35403400,1001,1929,1932,58,90,FWD,9,51,1,IDLE,0
C3B93D0B,35026,35404.399,35404399,999,1931,1932,58,90,FWD,9,51,1,IDLE,0
C3B93D0B,35027,35405.400,35405400,1001,1933,1932,58,90,FWD,9,51,1,IDLE,0
C3B93D0B,35028,35406.399,35406399,999,1934,1932,58,90,FWD,9,51,1,IDLE,0
C3B93D0B,35029,35407.400,35407400,1001,1931,1932,58,90,FWD,9,51,1,IDLE,0
C3B93D0B,35030,35408.399,35408399,999,1933,1932,58,90,FWD,9,51,1,IDLE,0
C3B93D0B,35031,35409.400,35409400,1001,1933,1932,58,90,FWD,9,51,1,IDLE,0
C3B93D0B,35032,35410.400,35410400,1000,1930,1932,58,90,FWD,9,51,1,IDLE,0
C3B93D0B,35033,35411.400,35411400,1000,1933,1932,58,90,FWD,9,51,1,IDLE,0
C3B93D0B,35034,35412.399,35412399,999,1931,1932,58,90,FWD,9,51,1,IDLE,0
C3B93D0B,35035,35413.400,35413400,1001,1931,1932,58,90,FWD,9,51,1,IDLE,0
C3B93D0B,35036,35414.399,35414399,999,1934,1932,58,90,FWD,9,51,1,IDLE,0
C3B93D0B,35037,35415.400,35415400,1001,1933,1932,58,90,FWD,9,51,1,IDLE,0
C3B93D0B,35038,35416.399,35416399,999,1931,1932,58,90,FWD,9,51,1,IDLE,0
C3B93D0B,35039,35417.400,35417400,1001,1933,1932,58,90,FWD,9,51,1,IDLE,0
C3B93D0B,35040,35418.399,35418399,999,1933,1932,58,90,FWD,9,51,1,IDLE,0
C3B93D0B,35041,35419.400,35419400,1001,1932,1932,58,90,FWD,9,51,1,IDLE,0
C3B93D0B,35042,35420.400,35420400,1000,1933,1932,58,90,FWD,9,51,1,IDLE,0
C3B93D0B,35043,35421.400,35421400,1000,1933,1932,58,90,FWD,9,51,1,IDLE,0
C3B93D0B,35044,35422.399,35422399,999,1932,1932,58,90,FWD,9,51,1,IDLE,0
C3B93D0B,35045,35423.400,35423400,1001,1933,1932,58,90,FWD,9,51,1,IDLE,0
C3B93D0B,35046,35424.399,35424399,999,1933,1932,58,90,FWD,9,51,1,IDLE,0
C3B93D0B,35047,35425.400,35425400,1001,1931,1932,58,90,FWD,9,51,1,IDLE,0
C3B93D0B,35048,35426.399,35426399,999,1931,1932,58,90,FWD,9,51,1,IDLE,0
C3B93D0B,35049,35427.400,35427400,1001,1933,1932,58,90,FWD,9,51,1,IDLE,0
C3B93D0B,35050,35428.399,35428399,999,1933,1932,58,90,FWD,9,51,1,IDLE,0
C3B93D0B,35051,35429.400,35429400,1001,1931,1932,58,90,FWD,9,51,1,IDLE,0
C3B93D0B,35052,35430.400,35430400,1000,1933,1932,58,90,FWD,9,51,1,IDLE,0
C3B93D0B,35053,35431.400,35431400,1000,1936,1932,58,90,FWD,9,51,1,IDLE,0
C3B93D0B,35054,35432.399,35432399,999,1934,1932,58,90,FWD,9,51,1,IDLE,0
C3B93D0B,35055,35433.400,35433400,1001,1934,1932,58,90,FWD,9,51,1,IDLE,0
C3B93D0B,35056,35434.399,35434399,999,1934,1932,58,90,FWD,9,51,1,IDLE,0
C3B93D0B,35057,35435.400,35435400,1001,1933,1932,58,90,FWD,9,51,1,IDLE,0
C3B93D0B,35058,35436.399,35436399,999,1931,1932,58,90,FWD,9,51,1,IDLE,0
C3B93D0B,35059,35437.400,35437400,1001,1934,1932,58,90,FWD,9,51,1,IDLE,0
C3B93D0B,35060,35438.399,35438399,999,1933,1932,58,90,FWD,9,51,1,IDLE,0
C3B93D0B,35061,35439.400,35439400,1001,1933,1932,58,90,FWD,9,51,1,IDLE,0
C3B93D0B,35062,35440.400,35440400,1000,1934,1932,58,90,FWD,9,51,1,IDLE,0
C3B93D0B,35063,35441.400,35441400,1000,1931,1932,58,90,FWD,9,51,1,IDLE,0
C3B93D0B,35064,35442.399,35442399,999,1931,1932,58,90,FWD,9,51,1,IDLE,0
C3B93D0B,35065,35443.567,35443567,1168,1940,1932,58,90,FWD,9,51,1,IDLE,0
C3B93D0B,35066,35444.399,35444399,832,1941,1932,58,90,FWD,9,51,1,IDLE,0
C3B93D0B,35067,35445.400,35445400,1001,1941,1932,58,90,FWD,9,51,1,IDLE,0
C3B93D0B,35068,35446.399,35446399,999,1941,1932,58,90,FWD,9,51,1,IDLE,0
C3B93D0B,35069,35447.400,35447400,1001,1939,1932,58,90,FWD,9,51,1,IDLE,0
C3B93D0B,35070,35448.399,35448399,999,1941,1932,58,90,FWD,9,51,1,IDLE,0
C3B93D0B,35071,35449.400,35449400,1001,1938,1932,58,90,FWD,9,51,1,IDLE,0
C3B93D0B,35072,35450.400,35450400,1000,1939,1932,58,90,FWD,9,51,1,IDLE,0
C3B93D0B,35073,35451.400,35451400,1000,1942,1932,58,90,FWD,9,51,1,IDLE,0
C3B93D0B,35074,35452.399,35452399,999,1941,1932,58,90,FWD,9,51,1,IDLE,0
C3B93D0B,35075,35453.400,35453400,1001,1939,1932,58,90,FWD,9,51,1,IDLE,0
C3B93D0B,35076,35454.399,35454399,999,1939,1932,58,90,FWD,9,51,1,IDLE,0
C3B93D0B,35077,35455.977,35455977,1578,1928,1932,58,90,FWD,41,51,1,IDLE,0
C3B93D0B,35078,35456.399,35456399,422,1930,1932,58,90,FWD,9,51,1,IDLE,0
C3B93D0B,35079,35457.400,35457400,1001,1934,1932,58,90,FWD,9,51,1,IDLE,0
C3B93D0B,35080,35458.399,35458399,999,1929,1932,58,90,FWD,9,51,1,IDLE,0
C3B93D0B,35081,35459.400,35459400,1001,1935,1932,58,90,FWD,9,51,1,IDLE,0
C3B93D0B,35082,35460.400,35460400,1000,1933,1932,58,90,FWD,9,51,1,IDLE,0
C3B93D0B,35083,35461.442,35461442,1042,1933,1932,58,90,FWD,9,51,1,IDLE,0
C3B93D0B,35084,35462.399,35462399,957,1931,1932,58,90,FWD,9,51,1,IDLE,0
C3B93D0B,35085,35463.400,35463400,1001,1932,1932,58,90,FWD,9,51,1,IDLE,0
C3B93D0B,35086,35464.399,35464399,999,1931,1932,58,90,FWD,9,51,1,IDLE,0
C3B93D0B,35087,35465.400,35465400,1001,1931,1932,58,90,FWD,9,51,1,IDLE,0
C3B93D0B,35088,35466.399,35466399,999,1933,1932,58,90,FWD,9,51,1,IDLE,0
C3B93D0B,35089,35467.401,35467401,1002,1942,1932,58,90,FWD,9,51,1,IDLE,0
C3B93D0B,35090,35468.399,35468399,998,1943,1932,58,90,FWD,9,51,1,IDLE,0
C3B93D0B,35091,35469.400,35469400,1001,1940,1932,59,90,FWD,9,51,1,IDLE,0
C3B93D0B,35092,35470.400,35470400,1000,1942,1932,59,90,FWD,9,51,1,IDLE,0
C3B93D0B,35093,35471.400,35471400,1000,1941,1932,59,90,FWD,9,51,1,IDLE,0
C3B93D0B,35094,35472.400,35472400,1000,1939,1932,59,90,FWD,9,51,1,IDLE,0
C3B93D0B,35095,35473.400,35473400,1000,1942,1932,59,90,FWD,9,51,1,IDLE,0
C3B93D0B,35096,35474.399,35474399,999,1940,1932,59,90,FWD,9,51,1,IDLE,0
C3B93D0B,35097,35475.400,35475400,1001,1941,1932,59,90,FWD,9,51,1,IDLE,0
C3B93D0B,35098,35476.399,35476399,999,1941,1932,59,90,FWD,9,51,1,IDLE,0
C3B93D0B,35099,35477.400,35477400,1001,1941,1932,59,90,FWD,9,51,1,IDLE,0
C3B93D0B,35100,35478.399,35478399,999,1939,1932,59,90,FWD,9,51,1,IDLE,0
C3B93D0B,35101,35479.400,35479400,1001,1940,1932,59,90,FWD,9,51,1,IDLE,0
C3B93D0B,35102,35480.400,35480400,1000,1939,1932,59,90,FWD,9,51,1,IDLE,0
C3B93D0B,35103,35482.222,35482222,1822,1929,1932,59,90,FWD,41,51,1,IDLE,0
C3B93D0B,35104,35482.535,35482535,313,1933,1932,59,90,FWD,9,51,1,IDLE,0
C3B93D0B,35105,35483.400,35483400,865,1930,1932,59,90,FWD,9,51,1,IDLE,0
C3B93D0B,35106,35484.399,35484399,999,1929,1932,59,90,FWD,9,51,1,IDLE,0
C3B93D0B,35107,35485.400,35485400,1001,1931,1932,59,90,FWD,9,51,1,IDLE,0
C3B93D0B,35108,35486.399,35486399,999,1934,1932,59,90,FWD,9,51,1,IDLE,0
C3B93D0B,35109,35487.400,35487400,1001,1928,1932,59,90,FWD,9,51,1,IDLE,0
C3B93D0B,35110,35488.399,35488399,999,1932,1932,59,90,FWD,9,51,1,IDLE,0
C3B93D0B,35111,35489.400,35489400,1001,1933,1932,59,90,FWD,9,51,1,IDLE,0
C3B93D0B,35112,35490.400,35490400,1000,1931,1932,59,90,FWD,9,51,1,IDLE,0
C3B93D0B,35113,35491.400,35491400,1000,1931,1932,59,90,FWD,9,51,1,IDLE,0
C3B93D0B,35114,35492.399,35492399,999,1933,1932,59,90,FWD,9,51,1,IDLE,0
C3B93D0B,35115,35493.400,35493400,1001,1931,1932,59,90,FWD,9,51,1,IDLE,0
C3B93D0B,35116,35494.399,35494399,999,1933,1932,59,90,FWD,9,51,1,IDLE,0
C3B93D0B,35117,35495.400,35495400,1001,1931,1932,59,90,FWD,9,51,1,IDLE,0
C3B93D0B,35118,35496.399,35496399,999,1933,1932,59,90,FWD,9,51,1,IDLE,0
C3B93D0B,35119,35497.400,35497400,1001,1933,1932,59,90,FWD,9,51,1,IDLE,0
C3B93D0B,35120,35498.399,35498399,999,1933,1932,59,90,FWD,9,51,1,IDLE,0
C3B93D0B,35121,35499.400,35499400,1001,1933,1932,59,90,FWD,9,51,1,IDLE,0
C3B93D0B,35122,35500.400,35500400,1000,1932,1932,59,90,FWD,9,51,1,IDLE,0
C3B93D0B,35123,35501.400,35501400,1000,1931,1932,59,90,FWD,9,51,1,IDLE,0
C3B93D0B,35124,35502.399,35502399,999,1933,1932,59,90,FWD,9,51,1,IDLE,0
C3B93D0B,35125,35503.400,35503400,1001,1931,1932,59,90,FWD,9,51,1,IDLE,0
C3B93D0B,35126,35504.399,35504399,999,1933,1932,59,90,FWD,9,51,1,IDLE,0
C3B93D0B,35127,35505.400,35505400,1001,1933,1932,59,90,FWD,9,51,1,IDLE,0
C3B93D0B,35128,35506.399,35506399,999,1931,1932,59,90,FWD,9,51,1,IDLE,0
C3B93D0B,35129,35507.400,35507400,1001,1933,1932,59,90,FWD,9,51,1,IDLE,0
C3B93D0B,35130,35508.399,35508399,999,1934,1932,59,90,FWD,9,51,1,IDLE,0
C3B93D0B,35131,35509.400,35509400,1001,1933,1932,59,90,FWD,9,51,1,IDLE,0
C3B93D0B,35132,35510.400,35510400,1000,1932,1932,59,90,FWD,9,51,1,IDLE,0
C3B93D0B,35133,35511.400,35511400,1000,1933,1932,59,90,FWD,9,51,1,IDLE,0
C3B93D0B,35134,35512.399,35512399,999,1933,1932,59,90,FWD,9,51,1,IDLE,0
C3B93D0B,35135,35513.400,35513400,1001,1934,1932,59,90,FWD,9,51,1,IDLE,0
C3B93D0B,35136,35514.399,35514399,999,1935,1932,59,90,FWD,9,51,1,IDLE,0
C3B93D0B,35137,35515.400,35515400,1001,1931,1932,59,90,FWD,9,51,1,IDLE,0
C3B93D0B,35138,35516.399,35516399,999,1935,1932,59,90,FWD,9,51,1,IDLE,0
C3B93D0B,35139,35517.400,35517400,1001,1933,1932,59,90,FWD,9,51,1,IDLE,0
C3B93D0B,35140,35518.399,35518399,999,1935,1932,59,90,FWD,9,51,1,IDLE,0
C3B93D0B,35141,35519.400,35519400,1001,1931,1932,59,90,FWD,9,51,1,IDLE,0
C3B93D0B,35142,35520.400,35520400,1000,1933,1932,59,90,FWD,9,51,1,IDLE,0
C3B93D0B,35143,35521.400,35521400,1000,1933,1932,59,90,FWD,9,51,1,IDLE,0
C3B93D0B,35144,35522.399,35522399,999,1934,1932,59,90,FWD,9,51,1,IDLE,0
C3B93D0B,35145,35523.400,35523400,1001,1934,1932,59,90,FWD,9,51,1,IDLE,0
C3B93D0B,35146,35524.399,35524399,999,1933,1932,59,90,FWD,9,51,1,IDLE,0
C3B93D0B,35147,35525.400,35525400,1001,1934,1932,59,90,FWD,9,51,1,IDLE,0
C3B93D0B,35148,35526.399,35526399,999,1933,1932,59,90,FWD,9,51,1,IDLE,0
C3B93D0B,35149,35527.400,35527400,1001,1933,1932,59,90,FWD,9,51,1,IDLE,0
C3B93D0B,35150,35528.399,35528399,999,1931,1932,59,90,FWD,9,51,1,IDLE,0
C3B93D0B,35151,35529.400,35529400,1001,1933,1932,59,90,FWD,9,51,1,IDLE,0
C3B93D0B,35152,35530.400,35530400,1000,1933,1932,59,90,FWD,9,51,1,IDLE,0
C3B93D0B,35153,35531.400,35531400,1000,1935,1932,59,90,FWD,9,51,1,IDLE,0
C3B93D0B,35154,35532.399,35532399,999,1933,1932,59,90,FWD,9,51,1,IDLE,0
C3B93D0B,35155,35533.400,35533400,1001,1931,1932,59,90,FWD,9,51,1,IDLE,0
C3B93D0B,35156,35534.399,35534399,999,1932,1932,59,90,FWD,9,51,1,IDLE,0
C3B93D0B,35157,35535.400,35535400,1001,1931,1932,59,90,FWD,9,51,1,IDLE,0
C3B93D0B,35158,35536.508,35536508,1108,1934,1932,59,90,FWD,9,51,1,IDLE,0
C3B93D0B,35159,35537.487,35537487,979,1931,1932,59,90,FWD,9,51,1,IDLE,0
C3B93D0B,35160,35538.399,35538399,912,1933,1932,59,90,FWD,9,51,1,IDLE,0
C3B93D0B,35161,35539.400,35539400,1001,1935,1932,59,90,FWD,9,51,1,IDLE,0
C3B93D0B,35162,35540.573,35540573,1173,1931,1932,59,90,FWD,9,51,1,IDLE,0
C3B93D0B,35163,35541.400,35541400,827,1933,1932,59,90,FWD,9,51,1,IDLE,0
C3B93D0B,35164,35542.399,35542399,999,1938,1932,59,90,FWD,9,51,1,IDLE,0
C3B93D0B,35165,35543.400,35543400,1001,1941,1932,59,90,FWD,9,51,1,IDLE,0
C3B93D0B,35166,35544.399,35544399,999,1942,1932,59,90,FWD,9,51,1,IDLE,0
C3B93D0B,35167,35545.400,35545400,1001,1941,1932,59,90,FWD,9,51,1,IDLE,0
C3B93D0B,35168,35546.399,35546399,999,1941,1932,59,90,FWD,9,51,1,IDLE,0
C3B93D0B,35169,35547.400,35547400,1001,1941,1932,59,90,FWD,9,51,1,IDLE,0
C3B93D0B,35170,35548.399,35548399,999,1941,1932,59,90,FWD,9,51,1,IDLE,0
C3B93D0B,35171,35549.400,35549400,1001,1942,1932,59,90,FWD,9,51,1,IDLE,0
C3B93D0B,35172,35550.400,35550400,1000,1942,1932,59,90,FWD,9,51,1,IDLE,0
C3B93D0B,35173,35551.400,35551400,1000,1939,1932,59,90,FWD,9,51,1,IDLE,0
C3B93D0B,35174,35552.399,35552399,999,1942,1932,59,90,FWD,9,51,1,IDLE,0
C3B93D0B,35175,35553.400,35553400,1001,1939,1932,59,90,FWD,9,51,1,IDLE,0
C3B93D0B,35176,35554.399,35554399,999,1941,1932,59,90,FWD,9,51,1,IDLE,0
C3B93D0B,35177,35555.400,35555400,1001,1941,1932,59,90,FWD,9,51,1,IDLE,0
C3B93D0B,35178,35556.399,35556399,999,1941,1932,59,90,FWD,9,51,1,IDLE,0
C3B93D0B,35179,35557.400,35557400,1001,1941,1932,59,90,FWD,9,51,1,IDLE,0
C3B93D0B,35180,35558.399,35558399,999,1930,1932,59,90,FWD,9,51,1,IDLE,0
C3B93D0B,35181,35559.400,35559400,1001,1931,1932,59,90,FWD,9,51,1,IDLE,0
C3B93D0B,35182,35560.400,35560400,1000,1930,1932,59,90,FWD,9,51,1,IDLE,0
C3B93D0B,35183,35561.400,35561400,1000,1931,1932,59,90,FWD,9,51,1,IDLE,0
C3B93D0B,35184,35562.399,35562399,999,1932,1932,59,90,FWD,9,51,1,IDLE,0
C3B93D0B,35185,35563.731,35563731,1332,1942,1932,59,90,FWD,41,51,1,IDLE,0
C3B93D0B,35186,35564.399,35564399,668,1942,1932,59,90,FWD,9,51,1,IDLE,0
C3B93D0B,35187,35565.400,35565400,1001,1942,1932,59,90,FWD,9,51,1,IDLE,0
C3B93D0B,35188,35566.399,35566399,999,1943,1932,59,90,FWD,9,51,1,IDLE,0
C3B93D0B,35189,35567.400,35567400,1001,1944,1932,59,90,FWD,9,51,1,IDLE,0
C3B93D0B,35190,35568.399,35568399,999,1942,1932,59,90,FWD,9,51,1,IDLE,0
C3B93D0B,35191,35569.400,35569400,1001,1939,1932,59,90,FWD,9,51,1,IDLE,0
C3B93D0B,35192,35570.400,35570400,1000,1942,1932,59,90,FWD,9,51,1,IDLE,0
C3B93D0B,35193,35571.400,35571400,1000,1939,1932,59,90,FWD,9,51,1,IDLE,0
C3B93D0B,35194,35572.399,35572399,999,1941,1932,59,90,FWD,9,51,1,IDLE,0
C3B93D0B,35195,35573.400,35573400,1001,1939,1932,59,90,FWD,9,51,1,IDLE,0
C3B93D0B,35196,35574.399,35574399,999,1940,1932,59,90,FWD,9,51,1,IDLE,0
C3B93D0B,35197,35575.400,35575400,1001,1940,1932,59,90,FWD,9,51,1,IDLE,0
C3B93D0B,35198,35576.399,35576399,999,1941,1932,59,90,FWD,9,51,1,IDLE,0
C3B93D0B,35199,35577.400,35577400,1001,1939,1932,59,90,FWD,9,51,1,IDLE,0
C3B93D0B,35200,35578.399,35578399,999,1940,1932,59,90,FWD,9,51,1,IDLE,0
C3B93D0B,35201,35579.400,35579400,1001,1940,1932,59,90,FWD,9,51,1,IDLE,0
C3B93D0B,35202,35580.400,35580400,1000,1941,1932,59,90,FWD,9,51,1,IDLE,0
C3B93D0B,35203,35582.183,35582183,1783,1931,1932,59,90,FWD,41,51,1,IDLE,0
C3B93D0B,35204,35582.786,35582786,603,1930,1932,59,90,FWD,9,51,1,IDLE,0
C3B93D0B,35205,35583.400,35583400,614,1931,1932,59,90,FWD,9,51,1,IDLE,0
C3B93D0B,35206,35584.399,35584399,999,1933,1932,59,90,FWD,9,51,1,IDLE,0
C3B93D0B,35207,35585.400,35585400,1001,1933,1932,59,90,FWD,9,51,1,IDLE,0
C3B93D0B,35208,35586.399,35586399,999,1931,1932,59,90,FWD,9,51,1,IDLE,0
C3B93D0B,35209,35587.400,35587400,1001,1930,1932,59,90,FWD,9,51,1,IDLE,0
C3B93D0B,35210,35588.399,35588399,999,1934,1932,59,90,FWD,9,51,1,IDLE,0
C3B93D0B,35211,35589.400,35589400,1001,1933,1932,59,90,FWD,9,51,1,IDLE,0
C3B93D0B,35212,35590.400,35590400,1000,1931,1932,59,90,FWD,9,51,1,IDLE,0
C3B93D0B,35213,35591.400,35591400,1000,1931,1932,59,90,FWD,9,51,1,IDLE,0
C3B93D0B,35214,35592.399,35592399,999,1932,1932,59,90,FWD,9,51,1,IDLE,0
C3B93D0B,35215,35593.400,35593400,1001,1933,1932,59,90,FWD,9,51,1,IDLE,0
C3B93D0B,35216,35594.399,35594399,999,1934,1932,59,90,FWD,9,51,1,IDLE,0
C3B93D0B,35217,35595.400,35595400,1001,1933,1932,59,90,FWD,9,51,1,IDLE,0
C3B93D0B,35218,35596.399,35596399,999,1935,1932,59,90,FWD,9,51,1,IDLE,0
C3B93D0B,35219,35597.400,35597400,1001,1935,1932,59,90,FWD,9,51,1,IDLE,0
C3B93D0B,35220,35598.399,35598399,999,1934,1932,59,90,FWD,9,51,1,IDLE,0
C3B93D0B,35221,35599.400,35599400,1001,1934,1932,59,90,FWD,9,51,1,IDLE,0
C3B93D0B,35222,35600.400,35600400,1000,1934,1932,59,90,FWD,9,51,1,IDLE,0
C3B93D0B,35223,35601.400,35601400,1000,1933,1932,59,90,FWD,9,51,1,IDLE,0
C3B93D0B,35224,35602.399,35602399,999,1932,1932,59,90,FWD,9,51,1,IDLE,0
C3B93D0B,35225,35603.400,35603400,1001,1931,1932,59,90,FWD,9,51,1,IDLE,0
C3B93D0B,35226,35604.399,35604399,999,1934,1932,59,90,FWD,9,51,1,IDLE,0
C3B93D0B,35227,35605.400,35605400,1001,1932,1932,59,90,FWD,9,51,1,IDLE,0
C3B93D0B,35228,35606.399,35606399,999,1933,1932,59,90,FWD,9,51,1,IDLE,0
C3B93D0B,35229,35607.400,35607400,1001,1933,1932,59,90,FWD,9,51,1,IDLE,0
C3B93D0B,35230,35608.399,35608399,999,1934,1932,59,90,FWD,9,51,1,IDLE,0
C3B93D0B,35231,35609.400,35609400,1001,1931,1932,59,90,FWD,9,51,1,IDLE,0
C3B93D0B,35232,35610.400,35610400,1000,1932,1932,59,90,FWD,9,51,1,IDLE,0
C3B93D0B,35233,35611.400,35611400,1000,1933,1932,59,90,FWD,9,51,1,IDLE,0
C3B93D0B,35234,35612.399,35612399,999,1934,1932,59,90,FWD,9,51,1,IDLE,0
C3B93D0B,35235,35613.400,35613400,1001,1933,1932,59,90,FWD,9,51,1,IDLE,0
C3B93D0B,35236,35614.399,35614399,999,1933,1932,59,90,FWD,9,51,1,IDLE,0
C3B93D0B,35237,35615.400,35615400,1001,1932,1932,59,90,FWD,9,51,1,IDLE,0
C3B93D0B,35238,35616.399,35616399,999,1935,1932,59,90,FWD,9,51,1,IDLE,0
C3B93D0B,35239,35617.400,35617400,1001,1934,1932,59,90,FWD,9,51,1,IDLE,0
C3B93D0B,35240,35618.399,35618399,999,1933,1932,59,90,FWD,9,51,1,IDLE,0
C3B93D0B,35241,35619.400,35619400,1001,1931,1932,60,90,FWD,9,51,1,IDLE,0
C3B93D0B,35242,35620.400,35620400,1000,1932,1932,60,90,FWD,9,51,1,IDLE,0
C3B93D0B,35243,35621.400,35621400,1000,1931,1932,60,90,FWD,9,51,1,IDLE,0
C3B93D0B,35244,35622.400,35622400,1000,1934,1932,60,90,FWD,9,51,1,IDLE,0
C3B93D0B,35245,35623.400,35623400,1000,1935,1932,60,90,FWD,9,51,1,IDLE,0
C3B93D0B,35246,35624.399,35624399,999,1933,1932,60,90,FWD,9,51,1,IDLE,0
C3B93D0B,35247,35625.400,35625400,1001,1933,1932,60,90,FWD,9,51,1,IDLE,0
C3B93D0B,35248,35626.399,35626399,999,1933,1932,60,90,FWD,9,51,1,IDLE,0
C3B93D0B,35249,35627.400,35627400,1001,1931,1932,60,90,FWD,9,51,1,IDLE,0
C3B93D0B,35250,35628.399,35628399,999,1932,1932,60,90,FWD,9,51,1,IDLE,0
C3B93D0B,35251,35629.400,35629400,1001,1932,1932,60,90,FWD,9,51,1,IDLE,0
C3B93D0B,35252,35630.400,35630400,1000,1934,1932,60,90,FWD,9,51,1,IDLE,0
C3B93D0B,35253,35631.400,35631400,1000,1931,1932,60,90,FWD,9,51,1,IDLE,0
C3B93D0B,35254,35632.399,35632399,999,1933,1932,60,90,FWD,9,51,1,IDLE,0
C3B93D0B,35255,35633.403,35633403,1004,1932,1932,60,90,FWD,9,51,1,IDLE,0
C3B93D0B,35256,35634.399,35634399,996,1935,1932,60,90,FWD,9,51,1,IDLE,0
C3B93D0B,35257,35635.400,35635400,1001,1931,1932,60,90,FWD,9,51,1,IDLE,0
C3B93D0B,35258,35636.399,35636399,999,1931,1932,60,90,FWD,9,51,1,IDLE,0
C3B93D0B,35259,35637.400,35637400,1001,1934,1932,60,90,FWD,9,51,1,IDLE,0
C3B93D0B,35260,35638.399,35638399,999,1933,1932,60,90,FWD,9,51,1,IDLE,0
C3B93D0B,35261,35639.400,35639400,1001,1931,1932,60,90,FWD,9,51,1,IDLE,0
C3B93D0B,35262,35640.400,35640400,1000,1931,1932,60,90,FWD,9,51,1,IDLE,0
C3B93D0B,35263,35641.403,35641403,1003,1942,1932,60,90,FWD,9,51,1,IDLE,0
C3B93D0B,35264,35642.399,35642399,996,1942,1932,60,90,FWD,9,51,1,IDLE,0
C3B93D0B,35265,35643.400,35643400,1001,1942,1932,60,90,FWD,9,51,1,IDLE,0
C3B93D0B,35266,35644.399,35644399,999,1943,1932,60,90,FWD,9,51,1,IDLE,0
C3B93D0B,35267,35645.400,35645400,1001,1942,1932,60,90,FWD,9,51,1,IDLE,0
C3B93D0B,35268,35646.399,35646399,999,1942,1932,60,90,FWD,9,51,1,IDLE,0
C3B93D0B,35269,35647.400,35647400,1001,1941,1932,60,90,FWD,9,51,1,IDLE,0
C3B93D0B,35270,35648.399,35648399,999,1941,1932,60,90,FWD,9,51,1,IDLE,0
C3B93D0B,35271,35649.400,35649400,1001,1939,1932,60,90,FWD,9,51,1,IDLE,0
C3B93D0B,35272,35650.400,35650400,1000,1941,1932,60,90,FWD,9,51,1,IDLE,0
C3B93D0B,35273,35651.400,35651400,1000,1941,1932,60,90,FWD,9,51,1,IDLE,0
C3B93D0B,35274,35652.399,35652399,999,1941,1932,60,90,FWD,9,51,1,IDLE,0
C3B93D0B,35275,35653.400,35653400,1001,1941,1932,60,90,FWD,9,51,1,IDLE,0
C3B93D0B,35276,35654.399,35654399,999,1940,1932,60,90,FWD,9,51,1,IDLE,0
C3B93D0B,35277,35655.400,35655400,1001,1941,1932,60,90,FWD,9,51,1,IDLE,0
C3B93D0B,35278,35656.399,35656399,999,1939,1932,60,90,FWD,9,51,1,IDLE,0
C3B93D0B,35279,35657.400,35657400,1001,1939,1932,60,90,FWD,9,51,1,IDLE,0
C3B93D0B,35280,35658.399,35658399,999,1939,1932,60,90,FWD,9,51,1,IDLE,0
C3B93D0B,35281,35659.400,35659400,1001,1939,1932,60,90,FWD,9,51,1,IDLE,0
C3B93D0B,35282,35660.657,35660657,1257,1932,1932,60,90,FWD,41,51,1,IDLE,0
C3B93D0B,35283,35661.400,35661400,743,1931,1932,60,90,FWD,9,51,1,IDLE,0
C3B93D0B,35284,35662.399,35662399,999,1933,1932,60,90,FWD,9,51,1,IDLE,0
C3B93D0B,35285,35663.400,35663400,1001,1931,1932,60,90,FWD,9,51,1,IDLE,0
C3B93D0B,35286,35664.399,35664399,999,1932,1932,60,90,FWD,9,51,1,IDLE,0
C3B93D0B,35287,35665.974,35665974,1575,1942,1932,60,90,FWD,41,51,1,IDLE,0
C3B93D0B,35288,35666.399,35666399,425,1944,1932,60,90,FWD,9,51,1,IDLE,0
C3B93D0B,35289,35667.400,35667400,1001,1941,1932,60,90,FWD,9,51,1,IDLE,0
C3B93D0B,35290,35668.399,35668399,999,1940,1932,60,90,FWD,9,51,1,IDLE,0
C3B93D0B,35291,35669.400,35669400,1001,1939,1932,60,90,FWD,9,51,1,IDLE,0
C3B93D0B,35292,35670.400,35670400,1000,1941,1932,60,90,FWD,9,51,1,IDLE,0
C3B93D0B,35293,35671.400,35671400,1000,1939,1932,60,90,FWD,9,51,1,IDLE,0
C3B93D0B,35294,35672.399,35672399,999,1941,1932,60,90,FWD,9,51,1,IDLE,0
C3B93D0B,35295,35673.400,35673400,1001,1939,1932,60,90,FWD,9,51,1,IDLE,0
C3B93D0B,35296,35674.399,35674399,999,1941,1932,60,90,FWD,9,51,1,IDLE,0
C3B93D0B,35297,35675.400,35675400,1001,1939,1932,60,90,FWD,9,51,1,IDLE,0
C3B93D0B,35298,35676.399,35676399,999,1938,1932,60,90,FWD,9,51,1,IDLE,0
C3B93D0B,35299,35677.400,35677400,1001,1939,1932,60,90,FWD,9,51,1,IDLE,0
C3B93D0B,35300,35678.399,35678399,999,1942,1932,60,90,FWD,9,51,1,IDLE,0
C3B93D0B,35301,35679.400,35679400,1001,1941,1932,60,90,FWD,9,51,1,IDLE,0
C3B93D0B,35302,35680.400,35680400,1000,1938,1932,60,90,FWD,9,51,1,IDLE,0
C3B93D0B,35303,35682.199,35682199,1799,1930,1932,60,90,FWD,41,51,1,IDLE,0
C3B93D0B,35304,35682.512,35682512,313,1930,1932,60,90,FWD,9,51,1,IDLE,0
C3B93D0B,35305,35683.400,35683400,888,1929,1932,60,90,FWD,9,51,1,IDLE,0
C3B93D0B,35306,35684.399,35684399,999,1934,1932,60,90,FWD,9,51,1,IDLE,0
C3B93D0B,35307,35685.400,35685400,1001,1931,1932,60,90,FWD,9,51,1,IDLE,0
C3B93D0B,35308,35686.399,35686399,999,1932,1932,60,90,FWD,9,51,1,IDLE,0
C3B93D0B,35309,35687.400,35687400,1001,1931,1932,60,90,FWD,9,51,1,IDLE,0
C3B93D0B,35310,35688.399,35688399,999,1931,1932,60,90,FWD,9,51,1,IDLE,0
C3B93D0B,35311,35689.400,35689400,1001,1932,1932,60,90,FWD,9,51,1,IDLE,0
C3B93D0B,35312,35690.400,35690400,1000,1934,1932,60,90,FWD,9,51,1,IDLE,0
C3B93D0B,35313,35691.400,35691400,1000,1931,1932,60,90,FWD,9,51,1,IDLE,0
C3B93D0B,35314,35692.399,35692399,999,1933,1932,60,90,FWD,9,51,1,IDLE,0
C3B93D0B,35315,35693.400,35693400,1001,1931,1932,60,90,FWD,9,51,1,IDLE,0
C3B93D0B,35316,35694.399,35694399,999,1931,1932,60,90,FWD,9,51,1,IDLE,0
C3B93D0B,35317,35695.400,35695400,1001,1934,1932,60,90,FWD,9,51,1,IDLE,0
C3B93D0B,35318,35696.399,35696399,999,1932,1932,60,90,FWD,9,51,1,IDLE,0
C3B93D0B,35319,35697.400,35697400,1001,1933,1932,60,90,FWD,9,51,1,IDLE,0
C3B93D0B,35320,35698.399,35698399,999,1932,1932,60,90,FWD,9,51,1,IDLE,0
C3B93D0B,35321,35699.400,35699400,1001,1931,1932,60,90,FWD,9,51,1,IDLE,0
C3B93D0B,35322,35700.400,35700400,1000,1934,1932,60,90,FWD,9,51,1,IDLE,0
C3B93D0B,35323,35701.400,35701400,1000,1934,1932,60,90,FWD,9,51,1,IDLE,0
C3B93D0B,35324,35702.399,35702399,999,1932,1932,60,90,FWD,9,51,1,IDLE,0
C3B93D0B,35325,35703.400,35703400,1001,1934,1932,60,90,FWD,9,51,1,IDLE,0
C3B93D0B,35326,35704.399,35704399,999,1933,1932,60,90,FWD,9,51,1,IDLE,0
C3B93D0B,35327,35705.400,35705400,1001,1933,1932,60,90,FWD,9,51,1,IDLE,0
C3B93D0B,35328,35706.399,35706399,999,1932,1932,60,90,FWD,9,51,1,IDLE,0
C3B93D0B,35329,35707.400,35707400,1001,1931,1932,60,90,FWD,9,51,1,IDLE,0
C3B93D0B,35330,35708.399,35708399,999,1934,1932,60,90,FWD,9,51,1,IDLE,0
C3B93D0B,35331,35709.400,35709400,1001,1935,1932,60,90,FWD,9,51,1,IDLE,0
C3B93D0B,35332,35710.400,35710400,1000,1933,1932,60,90,FWD,9,51,1,IDLE,0
C3B93D0B,35333,35711.400,35711400,1000,1934,1932,60,90,FWD,9,51,1,IDLE,0
C3B93D0B,35334,35712.399,35712399,999,1932,1932,60,90,FWD,9,51,1,IDLE,0
C3B93D0B,35335,35713.400,35713400,1001,1932,1932,60,90,FWD,9,51,1,IDLE,0
C3B93D0B,35336,35714.399,35714399,999,1934,1932,60,90,FWD,9,51,1,IDLE,0
C3B93D0B,35337,35715.400,35715400,1001,1931,1932,60,90,FWD,9,51,1,IDLE,0
C3B93D0B,35338,35716.399,35716399,999,1931,1932,60,90,FWD,9,51,1,IDLE,0
C3B93D0B,35339,35717.400,35717400,1001,1931,1932,60,90,FWD,9,51,1,IDLE,0
C3B93D0B,35340,35718.399,35718399,999,1934,1932,60,90,FWD,9,51,1,IDLE,0
C3B93D0B,35341,35719.400,35719400,1001,1934,1932,60,90,FWD,9,51,1,IDLE,0
C3B93D0B,35342,35720.400,35720400,1000,1933,1932,60,90,FWD,9,51,1,IDLE,0
C3B93D0B,35343,35721.400,35721400,1000,1931,1932,60,90,FWD,9,51,1,IDLE,0
C3B93D0B,35344,35722.399,35722399,999,1935,1932,60,90,FWD,9,51,1,IDLE,0
C3B93D0B,35345,35723.400,35723400,1001,1934,1932,60,90,FWD,9,51,1,IDLE,0
C3B93D0B,35346,35724.399,35724399,999,1931,1932,60,90,FWD,9,51,1,IDLE,0
C3B93D0B,35347,35725.400,35725400,1001,1931,1932,60,90,FWD,9,51,1,IDLE,0
C3B93D0B,35348,35726.399,35726399,999,1934,1932,60,90,FWD,9,51,1,IDLE,0
C3B93D0B,35349,35727.400,35727400,1001,1932,1932,60,90,FWD,9,51,1,IDLE,0
C3B93D0B,35350,35728.399,35728399,999,1932,1932,60,90,FWD,9,51,1,IDLE,0
C3B93D0B,35351,35729.400,35729400,1001,1936,1932,60,90,FWD,9,51,1,IDLE,0
C3B93D0B,35352,35730.400,35730400,1000,1934,1932,60,90,FWD,9,51,1,IDLE,0
C3B93D0B,35353,35731.400,35731400,1000,1935,1932,60,90,FWD,9,51,1,IDLE,0
C3B93D0B,35354,35732.399,35732399,999,1935,1932,60,90,FWD,9,51,1,IDLE,0
C3B93D0B,35355,35733.403,35733403,1004,1934,1932,60,90,FWD,9,51,1,IDLE,0
C3B93D0B,35356,35734.399,35734399,996,1934,1932,60,90,FWD,9,51,1,IDLE,0
C3B93D0B,35357,35735.400,35735400,1001,1935,1932,60,90,FWD,9,51,1,IDLE,0
C3B93D0B,35358,35736.399,35736399,999,1931,1932,60,90,FWD,9,51,1,IDLE,0
C3B93D0B,35359,35737.400,35737400,1001,1931,1932,60,90,FWD,9,51,1,IDLE,0
C3B93D0B,35360,35738.399,35738399,999,1933,1932,60,90,FWD,9,51,1,IDLE,0
C3B93D0B,35361,35739.400,35739400,1001,1933,1932,60,90,FWD,9,51,1,IDLE,0
C3B93D0B,35362,35740.400,35740400,1000,1933,1932,60,90,FWD,9,51,1,IDLE,0
C3B93D0B,35363,35741.400,35741400,1000,1934,1932,60,90,FWD,9,51,1,IDLE,0
C3B93D0B,35364,35742.399,35742399,999,1933,1932,60,90,FWD,9,51,1,IDLE,0
C3B93D0B,35365,35743.400,35743400,1001,1931,1932,60,90,FWD,9,51,1,IDLE,0
C3B93D0B,35366,35744.399,35744399,999,1933,1932,60,90,FWD,9,51,1,IDLE,0
C3B93D0B,35367,35745.400,35745400,1001,1931,1932,60,90,FWD,9,51,1,IDLE,0
C3B93D0B,35368,35746.399,35746399,999,1931,1932,60,90,FWD,9,51,1,IDLE,0
C3B93D0B,35369,35747.400,35747400,1001,1931,1932,60,90,FWD,9,51,1,IDLE,0
C3B93D0B,35370,35748.399,35748399,999,1933,1932,60,90,FWD,9,51,1,IDLE,0
C3B93D0B,35371,35749.400,35749400,1001,1931,1932,60,90,FWD,9,51,1,IDLE,0
C3B93D0B,35372,35750.400,35750400,1000,1931,1932,60,90,FWD,9,51,1,IDLE,0
C3B93D0B,35373,35751.484,35751484,1084,1937,1932,60,90,FWD,9,51,1,IDLE,0
C3B93D0B,35374,35752.786,35752786,1302,1934,1932,60,90,FWD,41,51,1,IDLE,0
C3B93D0B,35375,35753.400,35753400,614,1933,1932,60,90,FWD,9,51,1,IDLE,0
C3B93D0B,35376,35754.399,35754399,999,1933,1932,60,90,FWD,9,51,1,IDLE,0
C3B93D0B,35377,35755.400,35755400,1001,1933,1932,60,90,FWD,9,51,1,IDLE,0
C3B93D0B,35378,35756.399,35756399,999,1933,1932,60,90,FWD,9,51,1,IDLE,0
C3B93D0B,35379,35757.400,35757400,1001,1934,1932,60,90,FWD,9,51,1,IDLE,0
C3B93D0B,35380,35758.399,35758399,999,1934,1932,60,90,FWD,9,51,1,IDLE,0
C3B93D0B,35381,35759.400,35759400,1001,1933,1932,60,90,FWD,9,51,1,IDLE,0
C3B93D0B,35382,35760.399,35760399,999,1934,1932,60,90,FWD,9,51,1,IDLE,0
C3B93D0B,35383,35761.401,35761401,1002,1933,1932,60,90,FWD,9,51,1,IDLE,0
C3B93D0B,35384,35762.702,35762702,1301,1933,1932,60,90,FWD,41,51,1,IDLE,0
C3B93D0B,35385,35763.400,35763400,698,1934,1932,60,90,FWD,9,51,1,IDLE,0
C3B93D0B,35386,35764.399,35764399,999,1934,1932,60,90,FWD,9,51,1,IDLE,0
C3B93D0B,35387,35765.400,35765400,1001,1936,1932,60,90,FWD,9,51,1,IDLE,0
C3B93D0B,35388,35766.399,35766399,999,1931,1932,60,90,FWD,9,51,1,IDLE,0
C3B93D0B,35389,35767.400,35767400,1001,1935,1932,60,90,FWD,9,51,1,IDLE,0
C3B93D0B,35390,35768.814,35768814,1414,1934,1932,60,90,FWD,41,51,1,IDLE,0
C3B93D0B,35391,35769.400,35769400,586,1934,1932,61,90,FWD,9,51,1,IDLE,0
C3B93D0B,35392,35770.399,35770399,999,1934,1932,61,90,FWD,9,51,1,IDLE,0
C3B93D0B,35393,35771.401,35771401,1002,1933,1932,61,90,FWD,9,51,1,IDLE,0
C3B93D0B,35394,35772.399,35772399,998,1935,1932,61,90,FWD,9,51,1,IDLE,0
C3B93D0B,35395,35773.400,35773400,1001,1934,1932,61,90,FWD,9,51,1,IDLE,0
C3B93D0B,35396,35774.399,35774399,999,1935,1932,61,90,FWD,9,51,1,IDLE,0
C3B93D0B,35397,35775.400,35775400,1001,1934,1932,61,90,FWD,9,51,1,IDLE,0
C3B93D0B,35398,35776.399,35776399,999,1934,1932,61,90,FWD,9,51,1,IDLE,0
C3B93D0B,35399,35777.400,35777400,1001,1933,1932,61,90,FWD,9,51,1,IDLE,0
C3B93D0B,35400,35778.399,35778399,999,1934,1932,61,90,FWD,9,51,1,IDLE,0
C3B93D0B,35401,35779.400,35779400,1001,1933,1932,61,90,FWD,9,51,1,IDLE,0
C3B93D0B,35402,35780.399,35780399,999,1934,1932,61,90,FWD,9,51,1,IDLE,0
C3B93D0B,35403,35781.401,35781401,1002,1936,1932,61,90,FWD,9,51,1,IDLE,0
C3B93D0B,35404,35782.752,35782752,1351,1934,1932,61,90,FWD,41,51,1,IDLE,0
C3B93D0B,35405,35783.399,35783399,647,1934,1932,61,90,FWD,9,51,1,IDLE,0
C3B93D0B,35406,35784.436,35784436,1037,1933,1932,61,90,FWD,9,51,1,IDLE,0
C3B93D0B,35407,35785.399,35785399,963,1933,1932,61,90,FWD,9,51,1,IDLE,0
C3B93D0B,35408,35786.400,35786400,1001,1934,1932,61,90,FWD,9,51,1,IDLE,0
C3B93D0B,35409,35787.399,35787399,999,1933,1932,61,90,FWD,9,51,1,IDLE,0
C3B93D0B,35410,35788.400,35788400,1001,1933,1932,61,90,FWD,9,51,1,IDLE,0
C3B93D0B,35411,35789.399,35789399,999,1934,1932,61,90,FWD,9,51,1,IDLE,0
C3B93D0B,35412,35790.633,35790633,1234,1933,1932,61,90,FWD,9,51,1,IDLE,0
C3B93D0B,35413,35791.400,35791400,767,1933,1932,61,90,FWD,9,51,1,IDLE,0
C3B93D0B,35414,35792.400,35792400,1000,1933,1932,61,90,FWD,9,51,1,IDLE,0
C3B93D0B,35415,35793.399,35793399,999,1936,1932,61,90,FWD,9,51,1,IDLE,0
C3B93D0B,35416,35794.400,35794400,1001,1933,1932,61,90,FWD,9,51,1,IDLE,0
C3B93D0B,35417,35795.399,35795399,999,1933,1932,61,90,FWD,9,51,1,IDLE,0
C3B93D0B,35418,35796.400,35796400,1001,1933,1932,61,90,FWD,9,51,1,IDLE,0
C3B93D0B,35419,35797.399,35797399,999,1933,1932,61,90,FWD,9,51,1,IDLE,0
C3B93D0B,35420,35798.400,35798400,1001,1932,1932,61,90,FWD,9,51,1,IDLE,0
C3B93D0B,35421,35799.399,35799399,999,1934,1932,61,90,FWD,9,51,1,IDLE,0
C3B93D0B,35422,35800.400,35800400,1001,1935,1932,61,90,FWD,9,51,1,IDLE,0
C3B93D0B,35423,35801.400,35801400,1000,1934,1932,61,90,FWD,9,51,1,IDLE,0
C3B93D0B,35424,35802.400,35802400,1000,1933,1932,61,90,FWD,9,51,1,IDLE,0
C3B93D0B,35425,35803.399,35803399,999,1934,1932,61,90,FWD,9,51,1,IDLE,0
C3B93D0B,35426,35804.400,35804400,1001,1935,1932,61,90,FWD,9,51,1,IDLE,0
C3B93D0B,35427,35805.399,35805399,999,1935,1932,61,90,FWD,9,51,1,IDLE,0
C3B93D0B,35428,35806.400,35806400,1001,1935,1932,61,90,FWD,9,51,1,IDLE,0
C3B93D0B,35429,35807.399,35807399,999,1935,1932,61,90,FWD,9,51,1,IDLE,0
C3B93D0B,35430,35808.400,35808400,1001,1933,1932,61,90,FWD,9,51,1,IDLE,0
C3B93D0B,35431,35809.399,35809399,999,1934,1932,61,90,FWD,9,51,1,IDLE,0
C3B93D0B,35432,35810.400,35810400,1001,1934,1932,61,90,FWD,9,51,1,IDLE,0
C3B93D0B,35433,35811.400,35811400,1000,1934,1932,61,90,FWD,9,51,1,IDLE,0
C3B93D0B,35434,35812.400,35812400,1000,1935,1932,61,90,FWD,9,51,1,IDLE,0
C3B93D0B,35435,35813.399,35813399,999,1934,1932,61,90,FWD,9,51,1,IDLE,0
C3B93D0B,35436,35814.400,35814400,1001,1935,1932,61,90,FWD,9,51,1,IDLE,0
C3B93D0B,35437,35815.399,35815399,999,1934,1932,61,90,FWD,9,51,1,IDLE,0
C3B93D0B,35438,35816.400,35816400,1001,1935,1932,61,90,FWD,9,51,1,IDLE,0
C3B93D0B,35439,35817.399,35817399,999,1934,1932,61,90,FWD,9,51,1,IDLE,0
C3B93D0B,35440,35818.400,35818400,1001,1934,1932,61,90,FWD,9,51,1,IDLE,0
C3B93D0B,35441,35819.399,35819399,999,1933,1932,61,90,FWD,9,51,1,IDLE,0
C3B93D0B,35442,35820.400,35820400,1001,1934,1932,61,90,FWD,9,51,1,IDLE,0
C3B93D0B,35443,35821.400,35821400,1000,1935,1932,61,90,FWD,9,51,1,IDLE,0
C3B93D0B,35444,35822.400,35822400,1000,1936,1932,61,90,FWD,9,51,1,IDLE,0
C3B93D0B,35445,35823.399,35823399,999,1935,1932,61,90,FWD,9,51,1,IDLE,0
C3B93D0B,35446,35824.400,35824400,1001,1931,1932,61,90,FWD,9,51,1,IDLE,0
C3B93D0B,35447,35825.399,35825399,999,1935,1932,61,90,FWD,9,51,1,IDLE,0
C3B93D0B,35448,35826.400,35826400,1001,1934,1932,61,90,FWD,9,51,1,IDLE,0
C3B93D0B,35449,35827.399,35827399,999,1935,1932,61,90,FWD,9,51,1,IDLE,0
C3B93D0B,35450,35828.400,35828400,1001,1934,1932,61,90,FWD,9,51,1,IDLE,0
C3B93D0B,35451,35829.399,35829399,999,1935,1932,61,90,FWD,9,51,1,IDLE,0
C3B93D0B,35452,35830.400,35830400,1001,1935,1932,61,90,FWD,9,51,1,IDLE,0
C3B93D0B,35453,35831.400,35831400,1000,1933,1932,61,90,FWD,9,51,1,IDLE,0
C3B93D0B,35454,35832.400,35832400,1000,1932,1932,61,90,FWD,9,51,1,IDLE,0
C3B93D0B,35455,35833.399,35833399,999,1933,1932,61,90,FWD,9,51,1,IDLE,0
C3B93D0B,35456,35834.400,35834400,1001,1934,1932,61,90,FWD,9,51,1,IDLE,0
C3B93D0B,35457,35835.399,35835399,999,1932,1932,61,90,FWD,9,51,1,IDLE,0
C3B93D0B,35458,35836.400,35836400,1001,1935,1932,61,90,FWD,9,51,1,IDLE,0
C3B93D0B,35459,35837.399,35837399,999,1933,1932,61,90,FWD,9,51,1,IDLE,0
C3B93D0B,35460,35838.400,35838400,1001,1935,1932,61,90,FWD,9,51,1,IDLE,0
C3B93D0B,35461,35839.399,35839399,999,1932,1932,61,90,FWD,9,51,1,IDLE,0
C3B93D0B,35462,35840.400,35840400,1001,1935,1932,61,90,FWD,9,51,1,IDLE,0
C3B93D0B,35463,35841.400,35841400,1000,1934,1932,61,90,FWD,9,51,1,IDLE,0
C3B93D0B,35464,35842.400,35842400,1000,1934,1932,61,90,FWD,9,51,1,IDLE,0
C3B93D0B,35465,35843.399,35843399,999,1935,1932,61,90,FWD,9,51,1,IDLE,0
C3B93D0B,35466,35844.400,35844400,1001,1934,1932,61,90,FWD,9,51,1,IDLE,0
C3B93D0B,35467,35845.399,35845399,999,1936,1932,61,90,FWD,9,51,1,IDLE,0
C3B93D0B,35468,35846.400,35846400,1001,1934,1932,61,90,FWD,9,51,1,IDLE,0
C3B93D0B,35469,35847.402,35847402,1002,1943,1932,61,90,FWD,9,51,1,IDLE,0
C3B93D0B,35470,35848.400,35848400,998,1943,1932,61,90,FWD,9,51,1,IDLE,0
C3B93D0B,35471,35849.399,35849399,999,1943,1932,61,90,FWD,9,51,1,IDLE,0
C3B93D0B,35472,35850.400,35850400,1001,1942,1932,61,90,FWD,9,51,1,IDLE,0
C3B93D0B,35473,35851.400,35851400,1000,1941,1932,61,90,FWD,9,51,1,IDLE,0
C3B93D0B,35474,35852.400,35852400,1000,1941,1932,61,90,FWD,9,51,1,IDLE,0
C3B93D0B,35475,35853.399,35853399,999,1942,1932,61,90,FWD,9,51,1,IDLE,0
C3B93D0B,35476,35854.400,35854400,1001,1941,1932,61,90,FWD,9,51,1,IDLE,0
C3B93D0B,35477,35855.399,35855399,999,1941,1932,61,90,FWD,9,51,1,IDLE,0
C3B93D0B,35478,35856.400,35856400,1001,1938,1932,61,90,FWD,9,51,1,IDLE,0
C3B93D0B,35479,35857.399,35857399,999,1941,1932,61,90,FWD,9,51,1,IDLE,0
C3B93D0B,35480,35858.400,35858400,1001,1941,1932,61,90,FWD,9,51,1,IDLE,0
C3B93D0B,35481,35859.399,35859399,999,1941,1932,61,90,FWD,9,51,1,IDLE,0
C3B93D0B,35482,35860.400,35860400,1001,1942,1932,61,90,FWD,9,51,1,IDLE,0
C3B93D0B,35483,35861.400,35861400,1000,1939,1932,61,90,FWD,9,51,1,IDLE,0
C3B93D0B,35484,35862.400,35862400,1000,1943,1932,61,90,FWD,9,51,1,IDLE,0
C3B93D0B,35485,35863.399,35863399,999,1941,1932,61,90,FWD,9,51,1,IDLE,0
C3B93D0B,35486,35864.400,35864400,1001,1942,1932,61,90,FWD,9,51,1,IDLE,0
C3B93D0B,35487,35865.420,35865420,1020,1929,1932,61,90,FWD,9,51,1,IDLE,0
C3B93D0B,35488,35866.400,35866400,980,1927,1932,61,90,FWD,9,51,1,IDLE,0
C3B93D0B,35489,35867.399,35867399,999,1933,1932,61,90,FWD,9,51,1,IDLE,0
C3B93D0B,35490,35868.400,35868400,1001,1931,1932,61,90,FWD,9,51,1,IDLE,0
C3B93D0B,35491,35869.399,35869399,999,1932,1932,61,90,FWD,9,51,1,IDLE,0
C3B93D0B,35492,35870.648,35870648,1249,1943,1932,61,90,FWD,9,51,1,IDLE,0
C3B93D0B,35493,35871.400,35871400,752,1943,1932,61,90,FWD,9,51,1,IDLE,0
C3B93D0B,35494,35872.400,35872400,1000,1943,1932,61,90,FWD,9,51,1,IDLE,0
C3B93D0B,35495,35873.399,35873399,999,1942,1932,61,90,FWD,9,51,1,IDLE,0
C3B93D0B,35496,35874.400,35874400,1001,1943,1932,61,90,FWD,9,51,1,IDLE,0
C3B93D0B,35497,35875.399,35875399,999,1943,1932,61,90,FWD,9,51,1,IDLE,0
C3B93D0B,35498,35876.400,35876400,1001,1943,1932,61,90,FWD,9,51,1,IDLE,0
C3B93D0B,35499,35877.399,35877399,999,1943,1932,61,90,FWD,9,51,1,IDLE,0
C3B93D0B,35500,35878.400,35878400,1001,1942,1932,61,90,FWD,9,51,1,IDLE,0
C3B93D0B,35501,35879.521,35879521,1121,1941,1932,61,90,FWD,9,51,1,IDLE,0
C3B93D0B,35502,35880.400,35880400,879,1940,1932,61,90,FWD,9,51,1,IDLE,0
C3B93D0B,35503,35881.400,35881400,1000,1940,1932,61,90,FWD,9,51,1,IDLE,0
C3B93D0B,35504,35883.210,35883210,1810,1931,1932,61,90,FWD,41,51,1,IDLE,0
C3B93D0B,35505,35883.813,35883813,603,1933,1932,61,90,FWD,9,51,1,IDLE,0
C3B93D0B,35506,35884.400,35884400,587,1933,1932,61,90,FWD,9,51,1,IDLE,0
C3B93D0B,35507,35885.399,35885399,999,1933,1932,61,90,FWD,9,51,1,IDLE,0
C3B93D0B,35508,35886.400,35886400,1001,1933,1932,61,90,FWD,9,51,1,IDLE,0
C3B93D0B,35509,35887.399,35887399,999,1933,1932,61,90,FWD,9,51,1,IDLE,0
C3B93D0B,35510,35888.400,35888400,1001,1934,1932,61,90,FWD,9,51,1,IDLE,0
C3B93D0B,35511,35889.399,35889399,999,1933,1932,61,90,FWD,9,51,1,IDLE,0
C3B93D0B,35512,35890.400,35890400,1001,1934,1932,61,90,FWD,9,51,1,IDLE,0
C3B93D0B,35513,35891.400,35891400,1000,1933,1932,61,90,FWD,9,51,1,IDLE,0
C3B93D0B,35514,35892.400,35892400,1000,1934,1932,61,90,FWD,9,51,1,IDLE,0
C3B93D0B,35515,35893.399,35893399,999,1935,1932,61,90,FWD,9,51,1,IDLE,0
C3B93D0B,35516,35894.400,35894400,1001,1933,1932,61,90,FWD,9,51,1,IDLE,0
C3B93D0B,35517,35895.399,35895399,999,1934,1932,61,90,FWD,9,51,1,IDLE,0
C3B93D0B,35518,35896.400,35896400,1001,1935,1932,61,90,FWD,9,51,1,IDLE,0
C3B93D0B,35519,35897.399,35897399,999,1935,1932,61,90,FWD,9,51,1,IDLE,0
C3B93D0B,35520,35898.400,35898400,1001,1933,1932,61,90,FWD,9,51,1,IDLE,0
C3B93D0B,35521,35899.399,35899399,999,1935,1932,61,90,FWD,9,51,1,IDLE,0
C3B93D0B,35522,35900.400,35900400,1001,1933,1932,61,90,FWD,9,51,1,IDLE,0
C3B93D0B,35523,35901.400,35901400,1000,1933,1932,61,90,FWD,9,51,1,IDLE,0
C3B93D0B,35524,35902.400,35902400,1000,1935,1932,61,90,FWD,9,51,1,IDLE,0
C3B93D0B,35525,35903.399,35903399,999,1935,1932,61,90,FWD,9,51,1,IDLE,0
C3B93D0B,35526,35904.400,35904400,1001,1935,1932,61,90,FWD,9,51,1,IDLE,0
C3B93D0B,35527,35905.399,35905399,999,1934,1932,61,90,FWD,9,51,1,IDLE,0
C3B93D0B,35528,35906.400,35906400,1001,1934,1932,61,90,FWD,9,51,1,IDLE,0
C3B93D0B,35529,35907.399,35907399,999,1935,1932,61,90,FWD,9,51,1,IDLE,0
C3B93D0B,35530,35908.400,35908400,1001,1935,1932,61,90,FWD,9,51,1,IDLE,0
C3B93D0B,35531,35909.399,35909399,999,1934,1932,61,90,FWD,9,51,1,IDLE,0
C3B93D0B,35532,35910.400,35910400,1001,1933,1932,61,90,FWD,9,51,1,IDLE,0
C3B93D0B,35533,35911.400,35911400,1000,1933,1932,61,90,FWD,9,51,1,IDLE,0
C3B93D0B,35534,35912.400,35912400,1000,1935,1932,61,90,FWD,9,51,1,IDLE,0
C3B93D0B,35535,35913.399,35913399,999,1933,1932,61,90,FWD,9,51,1,IDLE,0
C3B93D0B,35536,35914.400,35914400,1001,1934,1932,61,90,FWD,9,51,1,IDLE,0
C3B93D0B,35537,35915.399,35915399,999,1935,1932,61,90,FWD,9,51,1,IDLE,0
C3B93D0B,35538,35916.400,35916400,1001,1934,1932,61,90,FWD,9,51,1,IDLE,0
C3B93D0B,35539,35917.399,35917399,999,1935,1932,61,90,FWD,9,51,1,IDLE,0
C3B93D0B,35540,35918.400,35918400,1001,1935,1932,61,90,FWD,9,51,1,IDLE,0
C3B93D0B,35541,35919.399,35919399,999,1935,1932,61,90,FWD,9,51,1,IDLE,0
C3B93D0B,35542,35920.400,35920400,1001,1933,1932,62,90,FWD,9,51,1,IDLE,0
C3B93D0B,35543,35921.400,35921400,1000,1933,1932,62,90,FWD,9,51,1,IDLE,0
C3B93D0B,35544,35922.400,35922400,1000,1936,1932,62,90,FWD,9,51,1,IDLE,0
C3B93D0B,35545,35923.400,35923400,1000,1935,1932,62,90,FWD,9,51,1,IDLE,0
C3B93D0B,35546,35924.400,35924400,1000,1933,1932,62,90,FWD,9,51,1,IDLE,0
C3B93D0B,35547,35925.399,35925399,999,1936,1932,62,90,FWD,9,51,1,IDLE,0
C3B93D0B,35548,35926.400,35926400,1001,1934,1932,62,90,FWD,9,51,1,IDLE,0
C3B93D0B,35549,35927.399,35927399,999,1934,1932,62,90,FWD,9,51,1,IDLE,0
C3B93D0B,35550,35928.400,35928400,1001,1933,1932,62,90,FWD,9,51,1,IDLE,0
C3B93D0B,35551,35929.399,35929399,999,1936,1932,62,90,FWD,9,51,1,IDLE,0
C3B93D0B,35552,35930.400,35930400,1001,1935,1932,62,90,FWD,9,51,1,IDLE,0
C3B93D0B,35553,35931.400,35931400,1000,1936,1932,62,90,FWD,9,51,1,IDLE,0
C3B93D0B,35554,35932.400,35932400,1000,1935,1932,62,90,FWD,9,51,1,IDLE,0
C3B93D0B,35555,35933.399,35933399,999,1935,1932,62,90,FWD,9,51,1,IDLE,0
C3B93D0B,35556,35934.403,35934403,1004,1935,1932,62,90,FWD,9,51,1,IDLE,0
C3B93D0B,35557,35935.399,35935399,996,1933,1932,62,90,FWD,9,51,1,IDLE,0
C3B93D0B,35558,35936.400,35936400,1001,1932,1932,62,90,FWD,9,51,1,IDLE,0
C3B93D0B,35559,35937.399,35937399,999,1934,1932,62,90,FWD,9,51,1,IDLE,0
C3B93D0B,35560,35938.400,35938400,1001,1935,1932,62,90,FWD,9,51,1,IDLE,0
C3B93D0B,35561,35939.399,35939399,999,1935,1932,62,90,FWD,9,51,1,IDLE,0
C3B93D0B,35562,35940.581,35940581,1182,1942,1932,62,90,FWD,9,51,1,IDLE,0
C3B93D0B,35563,35941.400,35941400,819,1942,1932,62,90,FWD,9,51,1,IDLE,0
C3B93D0B,35564,35942.400,35942400,1000,1942,1932,62,90,FWD,9,51,1,IDLE,0
C3B93D0B,35565,35943.399,35943399,999,1941,1932,62,90,FWD,9,51,1,IDLE,0
C3B93D0B,35566,35944.400,35944400,1001,1942,1932,62,90,FWD,9,51,1,IDLE,0
C3B93D0B,35567,35945.399,35945399,999,1945,1932,62,90,FWD,9,51,1,IDLE,0
C3B93D0B,35568,35946.400,35946400,1001,1943,1932,62,90,FWD,9,51,1,IDLE,0
C3B93D0B,35569,35947.399,35947399,999,1942,1932,62,90,FWD,9,51,1,IDLE,0
C3B93D0B,35570,35948.400,35948400,1001,1942,1932,62,90,FWD,9,51,1,IDLE,0
C3B93D0B,35571,35949.399,35949399,999,1942,1932,62,90,FWD,9,51,1,IDLE,0
C3B93D0B,35572,35950.400,35950400,1001,1942,1932,62,90,FWD,9,51,1,IDLE,0
C3B93D0B,35573,35951.400,35951400,1000,1943,1932,62,90,FWD,9,51,1,IDLE,0
C3B93D0B,35574,35952.400,35952400,1000,1942,1932,62,90,FWD,9,51,1,IDLE,0
C3B93D0B,35575,35953.399,35953399,999,1942,1932,62,90,FWD,9,51,1,IDLE,0
C3B93D0B,35576,35954.400,35954400,1001,1941,1932,62,90,FWD,9,51,1,IDLE,0
C3B93D0B,35577,35955.399,35955399,999,1942,1932,62,90,FWD,9,51,1,IDLE,0
C3B93D0B,35578,35956.400,35956400,1001,1940,1932,62,90,FWD,9,51,1,IDLE,0
C3B93D0B,35579,35957.399,35957399,999,1941,1932,62,90,FWD,9,51,1,IDLE,0
C3B93D0B,35580,35958.400,35958400,1001,1942,1932,62,90,FWD,9,51,1,IDLE,0
C3B93D0B,35581,35959.399,35959399,999,1942,1932,62,90,FWD,9,51,1,IDLE,0
C3B93D0B,35582,35960.400,35960400,1001,1942,1932,62,90,FWD,9,51,1,IDLE,0
C3B93D0B,35583,35961.400,35961400,1000,1941,1932,62,90,FWD,9,51,1,IDLE,0
C3B93D0B,35584,35962.400,35962400,1000,1941,1932,62,90,FWD,9,51,1,IDLE,0
C3B93D0B,35585,35963.399,35963399,999,1942,1932,62,90,FWD,9,51,1,IDLE,0
C3B93D0B,35586,35964.400,35964400,1001,1942,1932,62,90,FWD,9,51,1,IDLE,0
C3B93D0B,35587,35965.399,35965399,999,1940,1932,62,90,FWD,9,51,1,IDLE,0
C3B93D0B,35588,35966.400,35966400,1001,1939,1932,62,90,FWD,9,51,1,IDLE,0
C3B93D0B,35589,35967.650,35967650,1250,1930,1932,62,90,FWD,9,51,1,IDLE,0
C3B93D0B,35590,35968.400,35968400,750,1933,1932,62,90,FWD,9,51,1,IDLE,0
C3B93D0B,35591,35969.399,35969399,999,1934,1932,62,90,FWD,9,51,1,IDLE,0
C3B93D0B,35592,35970.400,35970400,1001,1933,1932,62,90,FWD,9,51,1,IDLE,0
C3B93D0B,35593,35971.400,35971400,1000,1933,1932,62,90,FWD,9,51,1,IDLE,0
C3B93D0B,35594,35972.988,35972988,1588,1942,1932,62,90,FWD,41,51,1,IDLE,0
C3B93D0B,35595,35973.399,35973399,411,1945,1932,62,90,FWD,9,51,1,IDLE,0
C3B93D0B,35596,35974.400,35974400,1001,1942,1932,62,90,FWD,9,51,1,IDLE,0
C3B93D0B,35597,35975.399,35975399,999,1945,1932,62,90,FWD,9,51,1,IDLE,0
C3B93D0B,35598,35976.400,35976400,1001,1942,1932,62,90,FWD,9,51,1,IDLE,0
C3B93D0B,35599,35977.399,35977399,999,1941,1932,62,90,FWD,9,51,1,IDLE,0
C3B93D0B,35600,35978.400,35978400,1001,1941,1932,62,90,FWD,9,51,1,IDLE,0
C3B93D0B,35601,35979.399,35979399,999,1941,1932,62,90,FWD,9,51,1,IDLE,0
C3B93D0B,35602,35980.400,35980400,1001,1940,1932,62,90,FWD,9,51,1,IDLE,0
C3B93D0B,35603,35981.400,35981400,1000,1942,1932,62,90,FWD,9,51,1,IDLE,0
C3B93D0B,35604,35983.195,35983195,1795,1927,1932,62,90,FWD,41,51,1,IDLE,0
C3B93D0B,35605,35983.787,35983787,592,1932,1932,62,90,FWD,9,51,1,IDLE,0
C3B93D0B,35606,35984.400,35984400,613,1931,1932,62,90,FWD,9,51,1,IDLE,0
C3B93D0B,35607,35985.399,35985399,999,1934,1932,62,90,FWD,9,51,1,IDLE,0
C3B93D0B,35608,35986.400,35986400,1001,1933,1932,62,90,FWD,9,51,1,IDLE,0
C3B93D0B,35609,35987.399,35987399,999,1933,1932,62,90,FWD,9,51,1,IDLE,0
C3B93D0B,35610,35988.400,35988400,1001,1933,1932,62,90,FWD,9,51,1,IDLE,0
C3B93D0B,35611,35989.399,35989399,999,1934,1932,62,90,FWD,9,51,1,IDLE,0
C3B93D0B,35612,35990.400,35990400,1001,1934,1932,62,90,FWD,9,51,1,IDLE,0
C3B93D0B,35613,35991.400,35991400,1000,1935,1932,62,90,FWD,9,51,1,IDLE,0
C3B93D0B,35614,35992.400,35992400,1000,1935,1932,62,90,FWD,9,51,1,IDLE,0
C3B93D0B,35615,35993.399,35993399,999,1934,1932,62,90,FWD,9,51,1,IDLE,0
C3B93D0B,35616,35994.400,35994400,1001,1933,1932,62,90,FWD,9,51,1,IDLE,0
C3B93D0B,35617,35995.399,35995399,999,1935,1932,62,90,FWD,9,51,1,IDLE,0
C3B93D0B,35618,35996.400,35996400,1001,1935,1932,62,90,FWD,9,51,1,IDLE,0
C3B93D0B,35619,35997.399,35997399,999,1935,1932,62,90,FWD,9,51,1,IDLE,0
C3B93D0B,35620,35998.400,35998400,1001,1934,1932,62,90,FWD,9,51,1,IDLE,0
C3B93D0B,35621,35999.399,35999399,999,1931,1932,62,90,FWD,9,51,1,IDLE,0
C3B93D0B,35622,36000.400,36000400,1001,1934,1932,62,90,FWD,9,51,1,IDLE,0
C3B93D0B,35623,36001.400,36001400,1000,1935,1932,62,90,FWD,9,51,1,IDLE,0
C3B93D0B,35624,36002.400,36002400,1000,1935,1932,62,90,FWD,9,51,1,IDLE,0
C3B93D0B,35625,36003.399,36003399,999,1935,1932,62,90,FWD,9,51,1,IDLE,0
C3B93D0B,35626,36004.400,36004400,1001,1934,1932,62,90,FWD,9,51,1,IDLE,0
C3B93D0B,35627,36005.399,36005399,999,1933,1932,62,90,FWD,9,51,1,IDLE,0
C3B93D0B,35628,36006.400,36006400,1001,1934,1932,62,90,FWD,9,51,1,IDLE,0
C3B93D0B,35629,36007.399,36007399,999,1935,1932,62,90,FWD,9,51,1,IDLE,0
C3B93D0B,35630,36008.400,36008400,1001,1933,1932,62,90,FWD,9,51,1,IDLE,0
C3B93D0B,35631,36009.399,36009399,999,1935,1932,62,90,FWD,9,51,1,IDLE,0
C3B93D0B,35632,36010.400,36010400,1001,1935,1932,62,90,FWD,9,51,1,IDLE,0
C3B93D0B,35633,36011.400,36011400,1000,1934,1932,62,90,FWD,9,51,1,IDLE,0
C3B93D0B,35634,36012.400,36012400,1000,1936,1932,62,90,FWD,9,51,1,IDLE,0
C3B93D0B,35635,36013.399,36013399,999,1936,1932,62,90,FWD,9,51,1,IDLE,0
C3B93D0B,35636,36014.400,36014400,1001,1935,1932,62,90,FWD,9,51,1,IDLE,0
C3B93D0B,35637,36015.399,36015399,999,1935,1932,62,90,FWD,9,51,1,IDLE,0
C3B93D0B,35638,36016.400,36016400,1001,1936,1932,62,90,FWD,9,51,1,IDLE,0
C3B93D0B,35639,36017.399,36017399,999,1936,1932,62,90,FWD,9,51,1,IDLE,0
C3B93D0B,35640,36018.400,36018400,1001,1935,1932,62,90,FWD,9,51,1,IDLE,0
C3B93D0B,35641,36019.399,36019399,999,1935,1932,62,90,FWD,9,51,1,IDLE,0
C3B93D0B,35642,36020.400,36020400,1001,1935,1932,62,90,FWD,9,51,1,IDLE,0
C3B93D0B,35643,36021.400,36021400,1000,1934,1932,62,90,FWD,9,51,1,IDLE,0
C3B93D0B,35644,36022.402,36022402,1002,1936,1932,62,90,FWD,9,51,1,IDLE,0
C3B93D0B,35645,36023.403,36023403,1001,1931,1932,62,90,FWD,9,51,1,IDLE,0
C3B93D0B,35646,36024.402,36024402,999,1931,1932,62,90,FWD,9,51,1,IDLE,0
C3B93D0B,35647,36025.401,36025401,999,1933,1932,62,90,FWD,9,51,1,IDLE,0
C3B93D0B,35648,36026.400,36026400,999,1935,1932,62,90,FWD,9,51,1,IDLE,0
C3B93D0B,35649,36027.399,36027399,999,1935,1932,62,90,FWD,9,51,1,IDLE,0
C3B93D0B,35650,36028.400,36028400,1001,1935,1932,62,90,FWD,9,51,1,IDLE,0
C3B93D0B,35651,36029.399,36029399,999,1934,1932,62,90,FWD,9,51,1,IDLE,0
C3B93D0B,35652,36030.400,36030400,1001,1934,1932,62,90,FWD,9,51,1,IDLE,0
C3B93D0B,35653,36031.399,36031399,999,1933,1932,62,90,FWD,9,51,1,IDLE,0
C3B93D0B,35654,36032.400,36032400,1001,1934,1932,62,90,FWD,9,51,1,IDLE,0
C3B93D0B,35655,36034.615,36034615,2215,1934,1932,62,90,FWD,41,51,1,IDLE,0
C3B93D0B,35656,36034.948,36034948,333,1936,1932,62,90,FWD,9,51,1,IDLE,0
C3B93D0B,35657,36035.400,36035400,452,1935,1932,62,90,FWD,9,51,1,IDLE,0
C3B93D0B,35658,36036.400,36036400,1000,1932,1932,62,90,FWD,9,51,1,IDLE,0
C3B93D0B,35659,36037.399,36037399,999,1933,1932,62,90,FWD,9,51,1,IDLE,0
C3B93D0B,35660,36038.400,36038400,1001,1935,1932,62,90,FWD,9,51,1,IDLE,0
C3B93D0B,35661,36039.874,36039874,1474,1935,1932,62,90,FWD,41,51,1,IDLE,0
C3B93D0B,35662,36040.530,36040530,656,1934,1932,62,90,FWD,9,51,1,IDLE,0
C3B93D0B,35663,36041.399,36041399,869,1936,1932,62,90,FWD,9,51,1,IDLE,0
C3B93D0B,35664,36042.400,36042400,1001,1935,1932,62,90,FWD,9,51,1,IDLE,0
C3B93D0B,35665,36043.399,36043399,999,1934,1932,62,90,FWD,9,51,1,IDLE,0
C3B93D0B,35666,36044.400,36044400,1001,1934,1932,62,90,FWD,9,51,1,IDLE,0
C3B93D0B,35667,36045.400,36045400,1000,1933,1932,62,90,FWD,9,51,1,IDLE,0
C3B93D0B,35668,36046.400,36046400,1000,1935,1932,62,90,FWD,9,51,1,IDLE,0
C3B93D0B,35669,36047.399,36047399,999,1936,1932,62,90,FWD,9,51,1,IDLE,0
C3B93D0B,35670,36048.400,36048400,1001,1935,1932,62,90,FWD,9,51,1,IDLE,0
C3B93D0B,35671,36049.399,36049399,999,1936,1932,62,90,FWD,9,51,1,IDLE,0
C3B93D0B,35672,36050.400,36050400,1001,1936,1932,62,90,FWD,9,51,1,IDLE,0
C3B93D0B,35673,36051.399,36051399,999,1935,1932,62,90,FWD,9,51,1,IDLE,0
C3B93D0B,35674,36052.400,36052400,1001,1935,1932,62,90,FWD,9,51,1,IDLE,0
C3B93D0B,35675,36053.399,36053399,999,1936,1932,62,90,FWD,9,51,1,IDLE,0
C3B93D0B,35676,36054.400,36054400,1001,1934,1932,62,90,FWD,9,51,1,IDLE,0
C3B93D0B,35677,36055.400,36055400,1000,1935,1932,62,90,FWD,9,51,1,IDLE,0
C3B93D0B,35678,36056.400,36056400,1000,1936,1932,62,90,FWD,9,51,1,IDLE,0
C3B93D0B,35679,36057.399,36057399,999,1936,1932,62,90,FWD,9,51,1,IDLE,0
C3B93D0B,35680,36058.400,36058400,1001,1936,1932,62,90,FWD,9,51,1,IDLE,0
C3B93D0B,35681,36059.399,36059399,999,1934,1932,62,90,FWD,9,51,1,IDLE,0
C3B93D0B,35682,36060.400,36060400,1001,1934,1932,62,90,FWD,9,51,1,IDLE,0
C3B93D0B,35683,36061.399,36061399,999,1935,1932,62,90,FWD,9,51,1,IDLE,0
C3B93D0B,35684,36062.400,36062400,1001,1936,1932,62,90,FWD,9,51,1,IDLE,0
C3B93D0B,35685,36063.399,36063399,999,1936,1932,62,90,FWD,9,51,1,IDLE,0
C3B93D0B,35686,36064.400,36064400,1001,1937,1932,62,90,FWD,9,51,1,IDLE,0
C3B93D0B,35687,36065.400,36065400,1000,1935,1932,62,90,FWD,9,51,1,IDLE,0
C3B93D0B,35688,36066.400,36066400,1000,1935,1932,62,90,FWD,9,51,1,IDLE,0
C3B93D0B,35689,36067.399,36067399,999,1936,1932,62,90,FWD,9,51,1,IDLE,0
C3B93D0B,35690,36068.400,36068400,1001,1935,1932,62,90,FWD,9,51,1,IDLE,0
C3B93D0B,35691,36069.717,36069717,1317,1936,1932,62,90,FWD,41,51,1,IDLE,0
C3B93D0B,35692,36070.400,36070400,683,1936,1932,63,90,FWD,9,51,1,IDLE,0
C3B93D0B,35693,36071.399,36071399,999,1935,1932,63,90,FWD,9,51,1,IDLE,0
C3B93D0B,35694,36072.400,36072400,1001,1936,1932,63,90,FWD,9,51,1,IDLE,0
C3B93D0B,35695,36073.399,36073399,999,1936,1932,63,90,FWD,9,51,1,IDLE,0
C3B93D0B,35696,36074.400,36074400,1001,1934,1932,63,90,FWD,9,51,1,IDLE,0
C3B93D0B,35697,36075.400,36075400,1000,1936,1932,63,90,FWD,9,51,1,IDLE,0
C3B93D0B,35698,36076.400,36076400,1000,1936,1932,63,90,FWD,9,51,1,IDLE,0
C3B93D0B,35699,36077.399,36077399,999,1935,1932,63,90,FWD,9,51,1,IDLE,0
C3B93D0B,35700,36078.400,36078400,1001,1934,1932,63,90,FWD,9,51,1,IDLE,0
C3B93D0B,35701,36079.399,36079399,999,1935,1932,63,90,FWD,9,51,1,IDLE,0
C3B93D0B,35702,36080.400,36080400,1001,1935,1932,63,90,FWD,9,51,1,IDLE,0
C3B93D0B,35703,36081.399,36081399,999,1935,1932,63,90,FWD,9,51,1,IDLE,0
C3B93D0B,35704,36082.400,36082400,1001,1934,1932,63,90,FWD,9,51,1,IDLE,0
