source_session,sample_seq,t_ms,t_us,dt_us,raw,baseline,pwm_actual,pwm_commanded,direction,flags,nav_mm,nav_direction,station_phase,gap_before
C3B93D0B,2754638,2755016.400,2755016400,999,1902,1935,90,90,FWD,29,107,-1,DEPART,0
C3B93D0B,2754639,2755017.400,2755017400,1000,1902,1935,90,90,FWD,29,107,-1,DEPART,0
C3B93D0B,2754640,2755018.399,2755018399,999,1903,1935,90,90,FWD,29,107,-1,DEPART,0
C3B93D0B,2754641,2755019.400,2755019400,1001,1903,1935,90,90,FWD,29,107,-1,DEPART,0
C3B93D0B,2754642,2755020.399,2755020399,999,1901,1935,90,90,FWD,29,107,-1,DEPART,0
C3B93D0B,2754643,2755021.400,2755021400,1001,1901,1935,90,90,FWD,29,107,-1,DEPART,0
C3B93D0B,2754644,2755022.399,2755022399,999,1904,1935,90,90,FWD,29,107,-1,DEPART,0
C3B93D0B,2754645,2755023.400,2755023400,1001,1903,1935,90,90,FWD,29,107,-1,DEPART,0
C3B93D0B,2754646,2755024.399,2755024399,999,1903,1935,90,90,FWD,29,107,-1,DEPART,0
C3B93D0B,2754647,2755025.401,2755025401,1002,1902,1935,90,90,FWD,29,107,-1,DEPART,0
C3B93D0B,2754648,2755026.401,2755026401,1000,1899,1935,90,90,FWD,29,107,-1,DEPART,0
C3B93D0B,2754649,2755027.527,2755027527,1126,1902,1935,90,90,FWD,29,107,-1,DEPART,0
C3B93D0B,2754650,2755028.400,2755028400,873,1901,1935,90,90,FWD,29,107,-1,DEPART,0
C3B93D0B,2754651,2755029.610,2755029610,1210,1903,1935,90,90,FWD,29,107,-1,DEPART,0
C3B93D0B,2754652,2755030.400,2755030400,790,1903,1935,90,90,FWD,29,107,-1,DEPART,0
C3B93D0B,2754653,2755031.399,2755031399,999,1901,1935,90,90,FWD,29,107,-1,DEPART,0
C3B93D0B,2754654,2755032.400,2755032400,1001,1903,1935,90,90,FWD,29,107,-1,DEPART,0
C3B93D0B,2754655,2755033.399,2755033399,999,1902,1935,90,90,FWD,29,107,-1,DEPART,0
C3B93D0B,2754656,2755034.400,2755034400,1001,1901,1935,90,90,FWD,29,107,-1,DEPART,0
C3B93D0B,2754657,2755035.399,2755035399,999,1904,1935,90,90,FWD,29,107,-1,DEPART,0
C3B93D0B,2754658,2755036.401,2755036401,1002,1901,1935,90,90,FWD,29,107,-1,DEPART,0
C3B93D0B,2754659,2755037.399,2755037399,998,1903,1935,90,90,FWD,29,107,-1,DEPART,0
C3B93D0B,2754660,2755038.400,2755038400,1001,1904,1935,90,90,FWD,29,107,-1,DEPART,0
C3B93D0B,2754661,2755039.399,2755039399,999,1902,1935,90,90,FWD,29,107,-1,DEPART,0
C3B93D0B,2754662,2755040.400,2755040400,1001,1904,1935,90,90,FWD,29,107,-1,DEPART,0
C3B93D0B,2754663,2755041.399,2755041399,999,1901,1935,90,90,FWD,29,107,-1,DEPART,0
C3B93D0B,2754664,2755042.400,2755042400,1001,1902,1935,90,90,FWD,29,107,-1,DEPART,0
C3B93D0B,2754665,2755043.399,2755043399,999,1901,1935,90,90,FWD,29,107,-1,DEPART,0
C3B93D0B,2754666,2755044.400,2755044400,1001,1902,1935,90,90,FWD,29,107,-1,DEPART,0
C3B93D0B,2754667,2755045.399,2755045399,999,1902,1935,90,90,FWD,29,107,-1,DEPART,0
C3B93D0B,2754668,2755046.401,2755046401,1002,1902,1935,90,90,FWD,29,107,-1,DEPART,0
C3B93D0B,2754669,2755047.399,2755047399,998,1903,1935,90,90,FWD,29,107,-1,DEPART,0
C3B93D0B,2754670,2755048.400,2755048400,1001,1903,1935,90,90,FWD,29,107,-1,DEPART,0
C3B93D0B,2754671,2755049.399,2755049399,999,1902,1935,90,90,FWD,29,107,-1,DEPART,0
C3B93D0B,2754672,2755050.400,2755050400,1001,1901,1935,90,90,FWD,29,107,-1,DEPART,0
C3B93D0B,2754673,2755051.399,2755051399,999,1901,1935,90,90,FWD,29,107,-1,DEPART,0
C3B93D0B,2754674,2755052.400,2755052400,1001,1901,1935,90,90,FWD,29,107,-1,DEPART,0
C3B93D0B,2754675,2755053.399,2755053399,999,1904,1935,90,90,FWD,29,107,-1,DEPART,0
C3B93D0B,2754676,2755054.400,2755054400,1001,1902,1935,90,90,FWD,29,107,-1,DEPART,0
C3B93D0B,2754677,2755055.399,2755055399,999,1904,1935,90,90,FWD,29,107,-1,DEPART,0
C3B93D0B,2754678,2755056.401,2755056401,1002,1899,1935,90,90,FWD,29,107,-1,DEPART,0
C3B93D0B,2754679,2755057.400,2755057400,999,1903,1935,90,90,FWD,29,107,-1,DEPART,0
C3B93D0B,2754680,2755058.400,2755058400,1000,1902,1935,90,90,FWD,29,107,-1,DEPART,0
C3B93D0B,2754681,2755059.399,2755059399,999,1904,1935,90,90,FWD,29,107,-1,DEPART,0
C3B93D0B,2754682,2755060.400,2755060400,1001,1903,1935,90,90,FWD,29,107,-1,DEPART,0
C3B93D0B,2754683,2755061.399,2755061399,999,1903,1935,90,90,FWD,29,107,-1,DEPART,0
C3B93D0B,2754684,2755062.400,2755062400,1001,1903,1935,90,90,FWD,29,107,-1,DEPART,0
C3B93D0B,2754685,2755063.399,2755063399,999,1904,1935,90,90,FWD,29,107,-1,DEPART,0
C3B93D0B,2754686,2755064.400,2755064400,1001,1902,1935,90,90,FWD,29,107,-1,DEPART,0
C3B93D0B,2754687,2755065.399,2755065399,999,1902,1935,90,90,FWD,29,107,-1,DEPART,0
C3B93D0B,2754688,2755066.401,2755066401,1002,1903,1935,90,90,FWD,29,107,-1,DEPART,0
C3B93D0B,2754689,2755067.399,2755067399,998,1904,1935,90,90,FWD,29,107,-1,DEPART,0
C3B93D0B,2754690,2755068.400,2755068400,1001,1903,1935,90,90,FWD,29,107,-1,DEPART,0
C3B93D0B,2754691,2755069.399,2755069399,999,1902,1935,90,90,FWD,29,107,-1,DEPART,0
C3B93D0B,2754692,2755070.400,2755070400,1001,1903,1935,90,90,FWD,29,107,-1,DEPART,0
C3B93D0B,2754693,2755071.399,2755071399,999,1903,1935,90,90,FWD,29,107,-1,DEPART,0
C3B93D0B,2754694,2755072.400,2755072400,1001,1901,1935,90,90,FWD,29,107,-1,DEPART,0
C3B93D0B,2754695,2755073.399,2755073399,999,1902,1935,90,90,FWD,29,107,-1,DEPART,0
C3B93D0B,2754696,2755074.400,2755074400,1001,1902,1935,90,90,FWD,29,107,-1,DEPART,0
C3B93D0B,2754697,2755075.399,2755075399,999,1901,1935,90,90,FWD,29,107,-1,DEPART,0
C3B93D0B,2754698,2755076.401,2755076401,1002,1902,1935,90,90,FWD,29,107,-1,DEPART,0
C3B93D0B,2754699,2755077.399,2755077399,998,1903,1935,90,90,FWD,29,107,-1,DEPART,0
C3B93D0B,2754700,2755078.400,2755078400,1001,1903,1935,90,90,FWD,29,107,-1,DEPART,0
C3B93D0B,2754701,2755079.402,2755079402,1002,1901,1935,90,90,FWD,29,107,-1,DEPART,0
C3B93D0B,2754702,2755080.400,2755080400,998,1900,1935,90,90,FWD,29,107,-1,DEPART,0
C3B93D0B,2754703,2755081.399,2755081399,999,1904,1935,90,90,FWD,29,107,-1,DEPART,0
C3B93D0B,2754704,2755082.400,2755082400,1001,1904,1935,90,90,FWD,29,107,-1,DEPART,0
C3B93D0B,2754705,2755083.399,2755083399,999,1902,1935,90,90,FWD,29,107,-1,DEPART,0
C3B93D0B,2754706,2755084.400,2755084400,1001,1902,1935,90,90,FWD,29,107,-1,DEPART,0
C3B93D0B,2754707,2755085.402,2755085402,1002,1913,1935,90,90,FWD,29,107,-1,DEPART,0
C3B93D0B,2754708,2755086.401,2755086401,999,1913,1935,90,90,FWD,29,107,-1,DEPART,0
C3B93D0B,2754709,2755088.074,2755088074,1673,1901,1935,90,90,FWD,61,107,-1,DEPART,0
C3B93D0B,2754710,2755088.407,2755088407,333,1901,1935,90,90,FWD,29,107,-1,DEPART,0
C3B93D0B,2754711,2755089.400,2755089400,993,1901,1935,90,90,FWD,29,107,-1,DEPART,0
C3B93D0B,2754712,2755090.399,2755090399,999,1903,1935,90,90,FWD,29,107,-1,DEPART,0
C3B93D0B,2754713,2755091.400,2755091400,1001,1904,1935,90,90,FWD,29,107,-1,DEPART,0
C3B93D0B,2754714,2755092.593,2755092593,1193,1904,1935,90,90,FWD,29,107,-1,DEPART,0
C3B93D0B,2754715,2755093.495,2755093495,902,1901,1935,90,90,FWD,29,107,-1,DEPART,0
C3B93D0B,2754716,2755094.399,2755094399,904,1903,1935,90,90,FWD,29,107,-1,DEPART,0
C3B93D0B,2754717,2755095.400,2755095400,1001,1904,1935,90,90,FWD,29,107,-1,DEPART,0
C3B93D0B,2754718,2755096.459,2755096459,1059,1901,1935,90,90,FWD,29,107,-1,DEPART,0
C3B93D0B,2754719,2755097.401,2755097401,942,1902,1935,90,90,FWD,29,107,-1,DEPART,0
C3B93D0B,2754720,2755098.399,2755098399,998,1902,1935,90,90,FWD,29,107,-1,DEPART,0
C3B93D0B,2754721,2755099.764,2755099764,1365,1903,1935,90,90,FWD,61,107,-1,DEPART,0
C3B93D0B,2754722,2755100.399,2755100399,635,1901,1935,90,90,FWD,29,107,-1,DEPART,0
C3B93D0B,2754723,2755101.400,2755101400,1001,1901,1935,90,90,FWD,29,107,-1,DEPART,0
C3B93D0B,2754724,2755102.399,2755102399,999,1901,1935,90,90,FWD,29,107,-1,DEPART,0
C3B93D0B,2754725,2755103.400,2755103400,1001,1901,1935,90,90,FWD,29,107,-1,DEPART,0
C3B93D0B,2754726,2755104.399,2755104399,999,1901,1935,90,90,FWD,29,107,-1,DEPART,0
C3B93D0B,2754727,2755105.400,2755105400,1001,1903,1935,90,90,FWD,29,107,-1,DEPART,0
C3B93D0B,2754728,2755106.399,2755106399,999,1904,1935,90,90,FWD,29,107,-1,DEPART,0
C3B93D0B,2754729,2755107.401,2755107401,1002,1903,1935,90,90,FWD,29,107,-1,DEPART,0
C3B93D0B,2754730,2755108.399,2755108399,998,1901,1935,90,90,FWD,29,107,-1,DEPART,0
C3B93D0B,2754731,2755109.400,2755109400,1001,1901,1935,90,90,FWD,29,107,-1,DEPART,0
C3B93D0B,2754732,2755110.399,2755110399,999,1902,1935,90,90,FWD,29,107,-1,DEPART,0
C3B93D0B,2754733,2755111.400,2755111400,1001,1903,1935,90,90,FWD,29,107,-1,DEPART,0
C3B93D0B,2754734,2755112.399,2755112399,999,1904,1935,90,90,FWD,29,107,-1,DEPART,0
C3B93D0B,2754735,2755113.400,2755113400,1001,1903,1935,90,90,FWD,29,107,-1,DEPART,0
C3B93D0B,2754736,2755114.399,2755114399,999,1904,1935,90,90,FWD,29,107,-1,DEPART,0
C3B93D0B,2754737,2755115.400,2755115400,1001,1901,1935,90,90,FWD,29,107,-1,DEPART,0
C3B93D0B,2754738,2755116.399,2755116399,999,1902,1935,90,90,FWD,29,107,-1,DEPART,0
C3B93D0B,2754739,2755117.401,2755117401,1002,1902,1935,90,90,FWD,29,107,-1,DEPART,0
C3B93D0B,2754740,2755118.399,2755118399,998,1903,1935,90,90,FWD,29,107,-1,DEPART,0
C3B93D0B,2754741,2755119.400,2755119400,1001,1904,1935,90,90,FWD,29,107,-1,DEPART,0
C3B93D0B,2754742,2755120.399,2755120399,999,1904,1935,90,90,FWD,29,107,-1,DEPART,0
C3B93D0B,2754743,2755121.400,2755121400,1001,1902,1935,90,90,FWD,29,107,-1,DEPART,0
C3B93D0B,2754744,2755122.399,2755122399,999,1903,1935,90,90,FWD,29,107,-1,DEPART,0
C3B93D0B,2754745,2755123.400,2755123400,1001,1903,1935,90,90,FWD,29,107,-1,DEPART,0
C3B93D0B,2754746,2755124.399,2755124399,999,1902,1935,90,90,FWD,29,107,-1,DEPART,0
C3B93D0B,2754747,2755125.400,2755125400,1001,1903,1935,90,90,FWD,29,107,-1,DEPART,0
C3B93D0B,2754748,2755126.399,2755126399,999,1902,1935,90,90,FWD,29,107,-1,DEPART,0
C3B93D0B,2754749,2755127.401,2755127401,1002,1903,1935,90,90,FWD,29,107,-1,DEPART,0
C3B93D0B,2754750,2755128.401,2755128401,1000,1901,1935,90,90,FWD,29,107,-1,DEPART,0
C3B93D0B,2754751,2755129.402,2755129402,1001,1903,1935,90,90,FWD,29,107,-1,DEPART,0
C3B93D0B,2754752,2755130.400,2755130400,998,1902,1935,90,90,FWD,29,107,-1,DEPART,0
C3B93D0B,2754753,2755131.399,2755131399,999,1904,1935,90,90,FWD,29,107,-1,DEPART,0
C3B93D0B,2754754,2755132.400,2755132400,1001,1902,1935,90,90,FWD,29,107,-1,DEPART,0
C3B93D0B,2754755,2755133.399,2755133399,999,1903,1935,90,90,FWD,29,107,-1,DEPART,0
C3B93D0B,2754756,2755134.400,2755134400,1001,1902,1935,90,90,FWD,29,107,-1,DEPART,0
C3B93D0B,2754757,2755135.399,2755135399,999,1904,1935,90,90,FWD,29,107,-1,DEPART,0
C3B93D0B,2754758,2755136.400,2755136400,1001,1903,1935,90,90,FWD,29,107,-1,DEPART,0
C3B93D0B,2754759,2755137.399,2755137399,999,1902,1935,90,90,FWD,29,107,-1,DEPART,0
C3B93D0B,2754760,2755138.401,2755138401,1002,1903,1935,90,90,FWD,29,107,-1,DEPART,0
C3B93D0B,2754761,2755139.636,2755139636,1235,1903,1935,90,90,FWD,29,107,-1,DEPART,0
C3B93D0B,2754762,2755140.400,2755140400,764,1901,1935,90,90,FWD,29,107,-1,DEPART,0
C3B93D0B,2754763,2755141.399,2755141399,999,1904,1935,90,90,FWD,29,107,-1,DEPART,0
C3B93D0B,2754764,2755142.400,2755142400,1001,1904,1935,90,90,FWD,29,107,-1,DEPART,0
C3B93D0B,2754765,2755143.399,2755143399,999,1903,1935,90,90,FWD,29,107,-1,DEPART,0
C3B93D0B,2754766,2755144.400,2755144400,1001,1901,1935,90,90,FWD,29,107,-1,DEPART,0
C3B93D0B,2754767,2755145.399,2755145399,999,1904,1935,90,90,FWD,29,107,-1,DEPART,0
C3B93D0B,2754768,2755146.400,2755146400,1001,1903,1935,90,90,FWD,29,107,-1,DEPART,0
C3B93D0B,2754769,2755147.399,2755147399,999,1903,1935,90,90,FWD,29,107,-1,DEPART,0
C3B93D0B,2754770,2755148.401,2755148401,1002,1902,1935,90,90,FWD,29,107,-1,DEPART,0
C3B93D0B,2754771,2755149.399,2755149399,998,1904,1935,90,90,FWD,29,107,-1,DEPART,0
C3B93D0B,2754772,2755150.400,2755150400,1001,1903,1935,90,90,FWD,29,107,-1,DEPART,0
C3B93D0B,2754773,2755151.399,2755151399,999,1903,1935,90,90,FWD,29,107,-1,DEPART,0
C3B93D0B,2754774,2755152.400,2755152400,1001,1903,1935,90,90,FWD,29,107,-1,DEPART,0
C3B93D0B,2754775,2755153.399,2755153399,999,1904,1935,90,90,FWD,29,107,-1,DEPART,0
C3B93D0B,2754776,2755154.400,2755154400,1001,1903,1935,90,90,FWD,29,107,-1,DEPART,0
C3B93D0B,2754777,2755155.399,2755155399,999,1902,1935,90,90,FWD,29,107,-1,DEPART,0
C3B93D0B,2754778,2755156.400,2755156400,1001,1903,1935,90,90,FWD,29,107,-1,DEPART,0
C3B93D0B,2754779,2755157.399,2755157399,999,1904,1935,90,90,FWD,29,107,-1,DEPART,0
C3B93D0B,2754780,2755158.401,2755158401,1002,1903,1935,90,90,FWD,29,107,-1,DEPART,0
C3B93D0B,2754781,2755159.399,2755159399,998,1904,1935,90,90,FWD,29,107,-1,DEPART,0
C3B93D0B,2754782,2755160.400,2755160400,1001,1901,1935,90,90,FWD,29,107,-1,DEPART,0
C3B93D0B,2754783,2755161.399,2755161399,999,1903,1935,90,90,FWD,29,107,-1,DEPART,0
C3B93D0B,2754784,2755162.400,2755162400,1001,1904,1935,90,90,FWD,29,107,-1,DEPART,0
C3B93D0B,2754785,2755163.399,2755163399,999,1903,1935,90,90,FWD,29,107,-1,DEPART,0
C3B93D0B,2754786,2755164.400,2755164400,1001,1902,1935,90,90,FWD,29,107,-1,DEPART,0
C3B93D0B,2754787,2755165.399,2755165399,999,1902,1935,90,90,FWD,29,107,-1,DEPART,0
C3B93D0B,2754788,2755166.532,2755166532,1133,1903,1935,90,90,FWD,29,107,-1,DEPART,0
C3B93D0B,2754789,2755167.399,2755167399,867,1901,1935,90,90,FWD,29,107,-1,DEPART,0
C3B93D0B,2754790,2755168.401,2755168401,1002,1903,1935,90,90,FWD,29,107,-1,DEPART,0
C3B93D0B,2754791,2755169.399,2755169399,998,1904,1935,90,90,FWD,29,107,-1,DEPART,0
C3B93D0B,2754792,2755170.400,2755170400,1001,1903,1935,90,90,FWD,29,107,-1,DEPART,0
C3B93D0B,2754793,2755171.399,2755171399,999,1904,1935,90,90,FWD,29,107,-1,DEPART,0
C3B93D0B,2754794,2755172.400,2755172400,1001,1904,1935,90,90,FWD,29,107,-1,DEPART,0
C3B93D0B,2754795,2755173.399,2755173399,999,1904,1935,90,90,FWD,29,107,-1,DEPART,0
C3B93D0B,2754796,2755174.400,2755174400,1001,1904,1935,90,90,FWD,29,107,-1,DEPART,0
C3B93D0B,2754797,2755175.399,2755175399,999,1904,1935,90,90,FWD,29,107,-1,DEPART,0
C3B93D0B,2754798,2755176.400,2755176400,1001,1904,1935,90,90,FWD,29,107,-1,DEPART,0
C3B93D0B,2754799,2755177.399,2755177399,999,1904,1935,90,90,FWD,29,107,-1,DEPART,0
C3B93D0B,2754800,2755178.401,2755178401,1002,1902,1935,90,90,FWD,29,107,-1,DEPART,0
C3B93D0B,2754801,2755179.736,2755179736,1335,1901,1935,90,90,FWD,61,107,-1,DEPART,0
C3B93D0B,2754802,2755180.399,2755180399,663,1904,1935,90,90,FWD,29,107,-1,DEPART,0
C3B93D0B,2754803,2755181.400,2755181400,1001,1904,1935,90,90,FWD,29,107,-1,DEPART,0
C3B93D0B,2754804,2755182.399,2755182399,999,1901,1935,90,90,FWD,29,107,-1,DEPART,0
C3B93D0B,2754805,2755183.400,2755183400,1001,1904,1935,90,90,FWD,29,107,-1,DEPART,0
C3B93D0B,2754806,2755184.399,2755184399,999,1904,1935,90,90,FWD,29,107,-1,DEPART,0
C3B93D0B,2754807,2755185.400,2755185400,1001,1904,1935,90,90,FWD,29,107,-1,DEPART,0
C3B93D0B,2754808,2755186.399,2755186399,999,1904,1935,90,90,FWD,29,107,-1,DEPART,0
C3B93D0B,2754809,2755187.400,2755187400,1001,1904,1935,90,90,FWD,29,107,-1,DEPART,0
C3B93D0B,2754810,2755188.400,2755188400,1000,1904,1935,90,90,FWD,29,107,-1,DEPART,0
C3B93D0B,2754811,2755189.450,2755189450,1050,1903,1935,90,90,FWD,29,107,-1,DEPART,0
C3B93D0B,2754812,2755190.399,2755190399,949,1901,1935,90,90,FWD,29,107,-1,DEPART,0
C3B93D0B,2754813,2755191.400,2755191400,1001,1903,1935,90,90,FWD,29,107,-1,DEPART,0
C3B93D0B,2754814,2755192.399,2755192399,999,1904,1935,90,90,FWD,29,107,-1,DEPART,0
C3B93D0B,2754815,2755193.400,2755193400,1001,1902,1935,90,90,FWD,29,107,-1,DEPART,0
C3B93D0B,2754816,2755194.870,2755194870,1470,1903,1935,90,90,FWD,61,107,-1,DEPART,0
C3B93D0B,2754817,2755195.400,2755195400,530,1904,1935,90,90,FWD,29,107,-1,DEPART,0
C3B93D0B,2754818,2755196.399,2755196399,999,1904,1935,90,90,FWD,29,107,-1,DEPART,0
C3B93D0B,2754819,2755197.400,2755197400,1001,1903,1935,90,90,FWD,29,107,-1,DEPART,0
C3B93D0B,2754820,2755198.400,2755198400,1000,1904,1935,90,90,FWD,29,107,-1,DEPART,0
C3B93D0B,2754821,2755199.400,2755199400,1000,1904,1935,90,90,FWD,29,107,-1,DEPART,0
C3B93D0B,2754822,2755200.399,2755200399,999,1904,1935,90,90,FWD,29,107,-1,DEPART,0
C3B93D0B,2754823,2755201.400,2755201400,1001,1903,1935,90,90,FWD,29,107,-1,DEPART,0
C3B93D0B,2754824,2755202.399,2755202399,999,1904,1935,90,90,FWD,29,107,-1,DEPART,0
C3B93D0B,2754825,2755203.400,2755203400,1001,1900,1935,90,90,FWD,29,107,-1,DEPART,0
C3B93D0B,2754826,2755204.399,2755204399,999,1903,1935,90,90,FWD,29,107,-1,DEPART,0
C3B93D0B,2754827,2755205.400,2755205400,1001,1903,1935,90,90,FWD,29,107,-1,DEPART,0
C3B93D0B,2754828,2755206.399,2755206399,999,1904,1935,90,90,FWD,29,107,-1,DEPART,0
C3B93D0B,2754829,2755207.400,2755207400,1001,1904,1935,90,90,FWD,29,107,-1,DEPART,0
C3B93D0B,2754830,2755208.400,2755208400,1000,1904,1935,90,90,FWD,29,107,-1,DEPART,0
C3B93D0B,2754831,2755209.400,2755209400,1000,1904,1935,90,90,FWD,29,107,-1,DEPART,0
C3B93D0B,2754832,2755210.399,2755210399,999,1904,1935,90,90,FWD,29,107,-1,DEPART,0
C3B93D0B,2754833,2755211.400,2755211400,1001,1904,1935,90,90,FWD,29,107,-1,DEPART,0
C3B93D0B,2754834,2755212.399,2755212399,999,1903,1935,90,90,FWD,29,107,-1,DEPART,0
C3B93D0B,2754835,2755213.400,2755213400,1001,1904,1935,90,90,FWD,29,107,-1,DEPART,0
C3B93D0B,2754836,2755214.399,2755214399,999,1903,1935,90,90,FWD,29,107,-1,DEPART,0
C3B93D0B,2754837,2755215.400,2755215400,1001,1904,1935,90,90,FWD,29,107,-1,DEPART,0
C3B93D0B,2754838,2755216.399,2755216399,999,1904,1935,90,90,FWD,29,107,-1,DEPART,0
C3B93D0B,2754839,2755217.400,2755217400,1001,1904,1935,90,90,FWD,29,107,-1,DEPART,0
C3B93D0B,2754840,2755218.400,2755218400,1000,1904,1935,90,90,FWD,29,107,-1,DEPART,0
C3B93D0B,2754841,2755219.402,2755219402,1002,1904,1935,90,90,FWD,29,107,-1,DEPART,0
C3B93D0B,2754842,2755220.402,2755220402,1000,1904,1935,90,90,FWD,29,107,-1,DEPART,0
C3B93D0B,2754843,2755221.400,2755221400,998,1904,1935,90,90,FWD,29,107,-1,DEPART,0
C3B93D0B,2754844,2755222.399,2755222399,999,1904,1935,90,90,FWD,29,107,-1,DEPART,0
C3B93D0B,2754845,2755223.400,2755223400,1001,1904,1935,90,90,FWD,29,107,-1,DEPART,0
C3B93D0B,2754846,2755224.399,2755224399,999,1903,1935,90,90,FWD,29,107,-1,DEPART,0
C3B93D0B,2754847,2755225.617,2755225617,1218,1904,1935,90,90,FWD,29,107,-1,DEPART,0
C3B93D0B,2754848,2755226.399,2755226399,782,1904,1935,90,90,FWD,29,107,-1,DEPART,0
C3B93D0B,2754849,2755227.400,2755227400,1001,1904,1935,90,90,FWD,29,107,-1,DEPART,0
C3B93D0B,2754850,2755228.399,2755228399,999,1904,1935,90,90,FWD,29,107,-1,DEPART,0
C3B93D0B,2754851,2755229.401,2755229401,1002,1904,1935,90,90,FWD,29,107,-1,DEPART,0
C3B93D0B,2754852,2755230.399,2755230399,998,1904,1935,90,90,FWD,29,107,-1,DEPART,0
C3B93D0B,2754853,2755231.400,2755231400,1001,1904,1935,90,90,FWD,29,107,-1,DEPART,0
C3B93D0B,2754854,2755232.399,2755232399,999,1904,1935,90,90,FWD,29,107,-1,DEPART,0
C3B93D0B,2754855,2755233.400,2755233400,1001,1903,1935,90,90,FWD,29,107,-1,DEPART,0
C3B93D0B,2754856,2755234.399,2755234399,999,1903,1935,90,90,FWD,29,107,-1,DEPART,0
C3B93D0B,2754857,2755235.400,2755235400,1001,1903,1935,90,90,FWD,29,107,-1,DEPART,0
C3B93D0B,2754858,2755236.399,2755236399,999,1904,1935,90,90,FWD,29,107,-1,DEPART,0
C3B93D0B,2754859,2755237.400,2755237400,1001,1904,1935,90,90,FWD,29,107,-1,DEPART,0
C3B93D0B,2754860,2755238.399,2755238399,999,1904,1935,90,90,FWD,29,107,-1,DEPART,0
C3B93D0B,2754861,2755239.401,2755239401,1002,1905,1935,90,90,FWD,29,107,-1,DEPART,0
C3B93D0B,2754862,2755240.399,2755240399,998,1904,1935,90,90,FWD,29,107,-1,DEPART,0
C3B93D0B,2754863,2755241.400,2755241400,1001,1904,1935,90,90,FWD,29,107,-1,DEPART,0
C3B93D0B,2754864,2755242.399,2755242399,999,1904,1935,90,90,FWD,29,107,-1,DEPART,0
C3B93D0B,2754865,2755243.400,2755243400,1001,1904,1935,90,90,FWD,29,107,-1,DEPART,0
C3B93D0B,2754866,2755244.399,2755244399,999,1904,1935,90,90,FWD,29,107,-1,DEPART,0
C3B93D0B,2754867,2755245.400,2755245400,1001,1904,1935,90,90,FWD,29,107,-1,DEPART,0
C3B93D0B,2754868,2755246.399,2755246399,999,1904,1935,90,90,FWD,29,107,-1,DEPART,0
C3B93D0B,2754869,2755247.400,2755247400,1001,1904,1935,90,90,FWD,29,107,-1,DEPART,0
C3B93D0B,2754870,2755248.399,2755248399,999,1904,1935,90,90,FWD,29,107,-1,DEPART,0
C3B93D0B,2754871,2755249.401,2755249401,1002,1904,1935,90,90,FWD,29,107,-1,DEPART,0
C3B93D0B,2754872,2755250.399,2755250399,998,1904,1935,90,90,FWD,29,107,-1,DEPART,0
C3B93D0B,2754873,2755251.400,2755251400,1001,1904,1935,90,90,FWD,29,107,-1,DEPART,0
C3B93D0B,2754874,2755252.399,2755252399,999,1904,1935,90,90,FWD,29,107,-1,DEPART,0
C3B93D0B,2754875,2755253.400,2755253400,1001,1904,1935,90,90,FWD,29,107,-1,DEPART,0
C3B93D0B,2754876,2755254.399,2755254399,999,1904,1935,90,90,FWD,29,107,-1,DEPART,0
C3B93D0B,2754877,2755255.400,2755255400,1001,1904,1935,90,90,FWD,29,107,-1,DEPART,0
C3B93D0B,2754878,2755256.399,2755256399,999,1904,1935,90,90,FWD,29,107,-1,DEPART,0
C3B93D0B,2754879,2755257.400,2755257400,1001,1904,1935,90,90,FWD,29,107,-1,DEPART,0
C3B93D0B,2754880,2755258.399,2755258399,999,1904,1935,90,90,FWD,29,107,-1,DEPART,0
C3B93D0B,2754881,2755259.401,2755259401,1002,1904,1935,90,90,FWD,29,107,-1,DEPART,0
C3B93D0B,2754882,2755260.399,2755260399,998,1904,1935,90,90,FWD,29,107,-1,DEPART,0
C3B93D0B,2754883,2755261.400,2755261400,1001,1904,1935,90,90,FWD,29,107,-1,DEPART,0
C3B93D0B,2754884,2755262.399,2755262399,999,1904,1935,90,90,FWD,29,107,-1,DEPART,0
C3B93D0B,2754885,2755263.400,2755263400,1001,1904,1935,90,90,FWD,29,107,-1,DEPART,0
C3B93D0B,2754886,2755264.399,2755264399,999,1904,1935,90,90,FWD,29,107,-1,DEPART,0
C3B93D0B,2754887,2755265.400,2755265400,1001,1904,1935,90,90,FWD,29,107,-1,DEPART,0
C3B93D0B,2754888,2755266.399,2755266399,999,1904,1935,90,90,FWD,29,107,-1,DEPART,0
C3B93D0B,2754889,2755267.400,2755267400,1001,1904,1935,90,90,FWD,29,107,-1,DEPART,0
C3B93D0B,2754890,2755268.399,2755268399,999,1904,1935,90,90,FWD,29,107,-1,DEPART,0
C3B93D0B,2754891,2755269.401,2755269401,1002,1904,1935,90,90,FWD,29,107,-1,DEPART,0
C3B93D0B,2754892,2755270.399,2755270399,998,1904,1935,90,90,FWD,29,107,-1,DEPART,0
C3B93D0B,2754893,2755271.400,2755271400,1001,1904,1935,90,90,FWD,29,107,-1,DEPART,0
C3B93D0B,2754894,2755272.399,2755272399,999,1904,1935,90,90,FWD,29,107,-1,DEPART,0
C3B93D0B,2754895,2755273.400,2755273400,1001,1904,1935,90,90,FWD,29,107,-1,DEPART,0
C3B93D0B,2754896,2755274.399,2755274399,999,1904,1935,90,90,FWD,29,107,-1,DEPART,0
C3B93D0B,2754897,2755275.403,2755275403,1004,1904,1935,90,90,FWD,29,107,-1,DEPART,0
C3B93D0B,2754898,2755276.399,2755276399,996,1904,1935,90,90,FWD,29,107,-1,DEPART,0
C3B93D0B,2754899,2755277.400,2755277400,1001,1904,1935,90,90,FWD,29,107,-1,DEPART,0
C3B93D0B,2754900,2755278.399,2755278399,999,1904,1935,90,90,FWD,29,107,-1,DEPART,0
C3B93D0B,2754901,2755279.401,2755279401,1002,1904,1935,90,90,FWD,29,107,-1,DEPART,0
C3B93D0B,2754902,2755280.864,2755280864,1463,1904,1935,90,90,FWD,61,107,-1,DEPART,0
C3B93D0B,2754903,2755281.405,2755281405,541,1904,1935,90,90,FWD,29,107,-1,DEPART,0
C3B93D0B,2754904,2755282.400,2755282400,995,1904,1935,90,90,FWD,29,107,-1,DEPART,0
C3B93D0B,2754905,2755283.399,2755283399,999,1904,1935,90,90,FWD,29,107,-1,DEPART,0
C3B93D0B,2754906,2755284.400,2755284400,1001,1903,1935,90,90,FWD,29,107,-1,DEPART,0
C3B93D0B,2754907,2755285.399,2755285399,999,1904,1935,90,90,FWD,29,107,-1,DEPART,0
C3B93D0B,2754908,2755286.400,2755286400,1001,1904,1935,90,90,FWD,29,107,-1,DEPART,0
C3B93D0B,2754909,2755287.399,2755287399,999,1904,1935,90,90,FWD,29,107,-1,DEPART,0
C3B93D0B,2754910,2755288.400,2755288400,1001,1904,1935,90,90,FWD,29,107,-1,DEPART,0
C3B93D0B,2754911,2755289.400,2755289400,1000,1904,1935,90,90,FWD,29,107,-1,DEPART,0
C3B93D0B,2754912,2755290.400,2755290400,1000,1904,1935,90,90,FWD,29,107,-1,DEPART,0
C3B93D0B,2754913,2755291.399,2755291399,999,1905,1935,90,90,FWD,29,107,-1,DEPART,0
C3B93D0B,2754914,2755292.400,2755292400,1001,1904,1935,90,90,FWD,29,107,-1,DEPART,0
C3B93D0B,2754915,2755293.399,2755293399,999,1904,1935,90,90,FWD,29,107,-1,DEPART,0
C3B93D0B,2754916,2755294.400,2755294400,1001,1904,1935,90,90,FWD,29,107,-1,DEPART,0
C3B93D0B,2754917,2755295.399,2755295399,999,1904,1935,90,90,FWD,29,107,-1,DEPART,0
C3B93D0B,2754918,2755296.400,2755296400,1001,1904,1935,90,90,FWD,29,107,-1,DEPART,0
C3B93D0B,2754919,2755297.400,2755297400,1000,1904,1935,90,90,FWD,29,107,-1,DEPART,0
C3B93D0B,2754920,2755298.400,2755298400,1000,1904,1935,90,90,FWD,29,107,-1,DEPART,0
C3B93D0B,2754921,2755299.400,2755299400,1000,1904,1935,90,90,FWD,29,107,-1,DEPART,0
C3B93D0B,2754922,2755300.400,2755300400,1000,1904,1935,90,90,FWD,29,107,-1,DEPART,0
C3B93D0B,2754923,2755301.399,2755301399,999,1903,1935,90,90,FWD,29,107,-1,DEPART,0
C3B93D0B,2754924,2755302.400,2755302400,1001,1903,1935,90,90,FWD,29,107,-1,DEPART,0
C3B93D0B,2754925,2755303.399,2755303399,999,1904,1935,90,90,FWD,29,107,-1,DEPART,0
C3B93D0B,2754926,2755304.400,2755304400,1001,1904,1935,90,90,FWD,29,107,-1,DEPART,0
C3B93D0B,2754927,2755305.399,2755305399,999,1904,1935,90,90,FWD,29,107,-1,DEPART,0
C3B93D0B,2754928,2755306.400,2755306400,1001,1904,1935,90,90,FWD,29,107,-1,DEPART,0
C3B93D0B,2754929,2755307.399,2755307399,999,1904,1935,90,90,FWD,29,107,-1,DEPART,0
C3B93D0B,2754930,2755308.400,2755308400,1001,1904,1935,90,90,FWD,29,107,-1,DEPART,0
C3B93D0B,2754931,2755309.400,2755309400,1000,1904,1935,90,90,FWD,29,107,-1,DEPART,0
C3B93D0B,2754932,2755310.400,2755310400,1000,1904,1935,90,90,FWD,29,107,-1,DEPART,0
C3B93D0B,2754933,2755311.399,2755311399,999,1904,1935,90,90,FWD,29,107,-1,DEPART,0
C3B93D0B,2754934,2755312.400,2755312400,1001,1904,1935,90,90,FWD,29,107,-1,DEPART,0
C3B93D0B,2754935,2755313.399,2755313399,999,1904,1935,90,90,FWD,29,107,-1,DEPART,0
C3B93D0B,2754936,2755314.400,2755314400,1001,1904,1935,90,90,FWD,29,107,-1,DEPART,0
C3B93D0B,2754937,2755315.399,2755315399,999,1904,1935,90,90,FWD,29,107,-1,DEPART,0
C3B93D0B,2754938,2755316.400,2755316400,1001,1903,1935,90,90,FWD,29,107,-1,DEPART,0
C3B93D0B,2754939,2755317.399,2755317399,999,1903,1935,90,90,FWD,29,107,-1,DEPART,0
C3B93D0B,2754940,2755318.400,2755318400,1001,1904,1935,90,90,FWD,29,107,-1,DEPART,0
C3B93D0B,2754941,2755319.400,2755319400,1000,1904,1935,90,90,FWD,29,107,-1,DEPART,0
C3B93D0B,2754942,2755320.400,2755320400,1000,1904,1935,90,90,FWD,29,107,-1,DEPART,0
C3B93D0B,2754943,2755321.607,2755321607,1207,1904,1935,90,90,FWD,29,107,-1,DEPART,0
C3B93D0B,2754944,2755324.388,2755324388,2781,1904,1935,90,90,FWD,61,107,-1,DEPART,0
C3B93D0B,2754945,2755324.726,2755324726,338,1904,1935,90,90,FWD,29,107,-1,DEPART,0
C3B93D0B,2754946,2755324.957,2755324957,231,1904,1935,90,90,FWD,29,107,-1,DEPART,0
C3B93D0B,2754947,2755325.399,2755325399,442,1904,1935,90,90,FWD,29,107,-1,DEPART,0
C3B93D0B,2754948,2755326.400,2755326400,1001,1903,1935,90,90,FWD,29,107,-1,DEPART,0
C3B93D0B,2754949,2755327.399,2755327399,999,1904,1935,90,90,FWD,29,107,-1,DEPART,0
C3B93D0B,2754950,2755328.400,2755328400,1001,1904,1935,90,90,FWD,29,107,-1,DEPART,0
C3B93D0B,2754951,2755329.399,2755329399,999,1904,1935,90,90,FWD,29,107,-1,DEPART,0
C3B93D0B,2754952,2755330.400,2755330400,1001,1904,1935,90,90,FWD,29,107,-1,DEPART,0
C3B93D0B,2754953,2755331.406,2755331406,1006,1901,1935,90,90,FWD,29,107,-1,DEPART,0
C3B93D0B,2754954,2755332.400,2755332400,994,1904,1935,90,90,FWD,29,107,-1,DEPART,0
C3B93D0B,2754955,2755333.399,2755333399,999,1904,1935,90,90,FWD,29,107,-1,DEPART,0
C3B93D0B,2754956,2755334.400,2755334400,1001,1904,1935,90,90,FWD,29,107,-1,DEPART,0
C3B93D0B,2754957,2755335.399,2755335399,999,1904,1935,90,90,FWD,29,107,-1,DEPART,0
C3B93D0B,2754958,2755336.400,2755336400,1001,1903,1935,90,90,FWD,29,107,-1,DEPART,0
C3B93D0B,2754959,2755337.399,2755337399,999,1904,1935,90,90,FWD,29,107,-1,DEPART,0
C3B93D0B,2754960,2755338.400,2755338400,1001,1904,1935,90,90,FWD,29,107,-1,DEPART,0
C3B93D0B,2754961,2755339.399,2755339399,999,1904,1935,90,90,FWD,29,107,-1,DEPART,0
C3B93D0B,2754962,2755340.400,2755340400,1001,1904,1935,90,90,FWD,29,107,-1,DEPART,0
C3B93D0B,2754963,2755341.400,2755341400,1000,1902,1935,90,90,FWD,29,107,-1,DEPART,0
C3B93D0B,2754964,2755342.400,2755342400,1000,1902,1935,90,90,FWD,29,107,-1,DEPART,0
C3B93D0B,2754965,2755343.399,2755343399,999,1904,1935,90,90,FWD,29,107,-1,DEPART,0
C3B93D0B,2754966,2755344.400,2755344400,1001,1903,1935,90,90,FWD,29,107,-1,DEPART,0
C3B93D0B,2754967,2755345.399,2755345399,999,1903,1935,90,90,FWD,29,107,-1,DEPART,0
C3B93D0B,2754968,2755346.400,2755346400,1001,1903,1935,90,90,FWD,29,107,-1,DEPART,0
C3B93D0B,2754969,2755347.399,2755347399,999,1904,1935,90,90,FWD,29,107,-1,DEPART,0
C3B93D0B,2754970,2755348.400,2755348400,1001,1904,1935,90,90,FWD,29,107,-1,DEPART,0
C3B93D0B,2754971,2755349.399,2755349399,999,1904,1935,90,90,FWD,29,107,-1,DEPART,0
C3B93D0B,2754972,2755350.400,2755350400,1001,1903,1935,90,90,FWD,29,107,-1,DEPART,0
C3B93D0B,2754973,2755351.400,2755351400,1000,1901,1935,90,90,FWD,29,107,-1,DEPART,0
C3B93D0B,2754974,2755352.400,2755352400,1000,1903,1935,90,90,FWD,29,107,-1,DEPART,0
C3B93D0B,2754975,2755353.399,2755353399,999,1901,1935,90,90,FWD,29,107,-1,DEPART,0
C3B93D0B,2754976,2755354.400,2755354400,1001,1903,1935,90,90,FWD,29,107,-1,DEPART,0
C3B93D0B,2754977,2755355.399,2755355399,999,1902,1935,90,90,FWD,29,107,-1,DEPART,0
C3B93D0B,2754978,2755356.400,2755356400,1001,1903,1935,90,90,FWD,29,107,-1,DEPART,0
C3B93D0B,2754979,2755357.399,2755357399,999,1902,1935,90,90,FWD,29,107,-1,DEPART,0
C3B93D0B,2754980,2755358.400,2755358400,1001,1901,1935,90,90,FWD,29,107,-1,DEPART,0
C3B93D0B,2754981,2755359.399,2755359399,999,1901,1935,90,90,FWD,29,107,-1,DEPART,0
C3B93D0B,2754982,2755360.400,2755360400,1001,1902,1935,90,90,FWD,29,107,-1,DEPART,0
C3B93D0B,2754983,2755361.400,2755361400,1000,1902,1935,90,90,FWD,29,107,-1,DEPART,0
C3B93D0B,2754984,2755362.400,2755362400,1000,1902,1935,90,90,FWD,29,107,-1,DEPART,0
C3B93D0B,2754985,2755363.399,2755363399,999,1900,1935,90,90,FWD,29,107,-1,DEPART,0
C3B93D0B,2754986,2755364.400,2755364400,1001,1902,1935,90,90,FWD,29,107,-1,DEPART,0
C3B93D0B,2754987,2755365.399,2755365399,999,1901,1935,90,90,FWD,29,107,-1,DEPART,0
C3B93D0B,2754988,2755366.400,2755366400,1001,1903,1935,90,90,FWD,29,107,-1,DEPART,0
C3B93D0B,2754989,2755367.399,2755367399,999,1902,1935,90,90,FWD,29,107,-1,DEPART,0
C3B93D0B,2754990,2755368.400,2755368400,1001,1900,1935,90,90,FWD,29,107,-1,DEPART,0
C3B93D0B,2754991,2755369.399,2755369399,999,1901,1935,90,90,FWD,29,107,-1,DEPART,0
C3B93D0B,2754992,2755370.400,2755370400,1001,1900,1935,90,90,FWD,29,107,-1,DEPART,0
C3B93D0B,2754993,2755371.400,2755371400,1000,1902,1935,90,90,FWD,29,107,-1,DEPART,0
C3B93D0B,2754994,2755372.400,2755372400,1000,1901,1935,90,90,FWD,29,107,-1,DEPART,0
C3B93D0B,2754995,2755374.172,2755374172,1772,1898,1935,90,90,FWD,61,107,-1,DEPART,0
C3B93D0B,2754996,2755374.459,2755374459,287,1899,1935,90,90,FWD,29,107,-1,DEPART,0
C3B93D0B,2754997,2755375.399,2755375399,940,1900,1935,90,90,FWD,29,107,-1,DEPART,0
C3B93D0B,2754998,2755376.400,2755376400,1001,1898,1935,90,90,FWD,29,107,-1,DEPART,0
C3B93D0B,2754999,2755377.399,2755377399,999,1899,1935,90,90,FWD,29,107,-1,DEPART,0
C3B93D0B,2755000,2755378.517,2755378517,1118,1899,1935,90,90,FWD,29,107,-1,DEPART,0
C3B93D0B,2755001,2755379.607,2755379607,1090,1899,1935,90,90,FWD,29,107,-1,DEPART,0
C3B93D0B,2755002,2755380.400,2755380400,793,1895,1935,90,90,FWD,29,107,-1,DEPART,0
C3B93D0B,2755003,2755381.400,2755381400,1000,1896,1935,90,90,FWD,29,107,-1,DEPART,0
C3B93D0B,2755004,2755382.773,2755382773,1373,1895,1935,90,90,FWD,61,107,-1,DEPART,0
C3B93D0B,2755005,2755383.401,2755383401,628,1897,1935,90,90,FWD,29,107,-1,DEPART,0
C3B93D0B,2755006,2755384.400,2755384400,999,1897,1935,90,90,FWD,29,107,-1,DEPART,0
C3B93D0B,2755007,2755385.399,2755385399,999,1898,1935,90,90,FWD,29,107,-1,DEPART,0
C3B93D0B,2755008,2755386.400,2755386400,1001,1895,1935,90,90,FWD,29,107,-1,DEPART,0
C3B93D0B,2755009,2755387.399,2755387399,999,1897,1935,90,90,FWD,29,107,-1,DEPART,0
C3B93D0B,2755010,2755388.400,2755388400,1001,1894,1935,90,90,FWD,29,107,-1,DEPART,0
C3B93D0B,2755011,2755389.399,2755389399,999,1893,1935,90,90,FWD,29,107,-1,DEPART,0
C3B93D0B,2755012,2755390.400,2755390400,1001,1893,1935,90,90,FWD,29,107,-1,DEPART,0
C3B93D0B,2755013,2755391.400,2755391400,1000,1895,1935,90,90,FWD,29,107,-1,DEPART,0
C3B93D0B,2755014,2755392.400,2755392400,1000,1893,1935,90,90,FWD,29,107,-1,DEPART,0
C3B93D0B,2755015,2755393.399,2755393399,999,1891,1935,90,90,FWD,29,107,-1,DEPART,0
C3B93D0B,2755016,2755394.400,2755394400,1001,1890,1935,90,90,FWD,29,107,-1,DEPART,0
C3B93D0B,2755017,2755395.399,2755395399,999,1893,1935,90,90,FWD,29,107,-1,DEPART,0
C3B93D0B,2755018,2755396.400,2755396400,1001,1893,1935,90,90,FWD,29,107,-1,DEPART,0
C3B93D0B,2755019,2755397.399,2755397399,999,1891,1935,90,90,FWD,29,107,-1,DEPART,0
C3B93D0B,2755020,2755398.400,2755398400,1001,1889,1935,90,90,FWD,29,107,-1,DEPART,0
C3B93D0B,2755021,2755399.538,2755399538,1138,1889,1935,90,90,FWD,29,107,-1,DEPART,0
C3B93D0B,2755022,2755400.508,2755400508,970,1890,1935,90,90,FWD,29,107,-1,DEPART,0
C3B93D0B,2755023,2755401.400,2755401400,892,1889,1935,90,90,FWD,29,107,-1,DEPART,0
C3B93D0B,2755024,2755402.400,2755402400,1000,1887,1935,90,90,FWD,29,107,-1,DEPART,0
C3B93D0B,2755025,2755403.399,2755403399,999,1887,1935,90,90,FWD,29,107,-1,DEPART,0
C3B93D0B,2755026,2755404.400,2755404400,1001,1889,1935,90,90,FWD,29,107,-1,DEPART,0
C3B93D0B,2755027,2755405.399,2755405399,999,1887,1935,90,90,FWD,29,107,-1,DEPART,0
C3B93D0B,2755028,2755406.400,2755406400,1001,1885,1935,90,90,FWD,29,107,-1,DEPART,0
C3B93D0B,2755029,2755407.399,2755407399,999,1885,1935,90,90,FWD,29,107,-1,DEPART,0
C3B93D0B,2755030,2755408.400,2755408400,1001,1885,1935,90,90,FWD,29,107,-1,DEPART,0
C3B93D0B,2755031,2755409.399,2755409399,999,1885,1935,90,90,FWD,29,107,-1,DEPART,0
C3B93D0B,2755032,2755410.400,2755410400,1001,1883,1935,90,90,FWD,29,107,-1,DEPART,0
C3B93D0B,2755033,2755411.400,2755411400,1000,1882,1935,90,90,FWD,29,107,-1,DEPART,0
C3B93D0B,2755034,2755412.400,2755412400,1000,1885,1935,90,90,FWD,29,107,-1,DEPART,0
C3B93D0B,2755035,2755413.399,2755413399,999,1881,1935,90,90,FWD,29,107,-1,DEPART,0
C3B93D0B,2755036,2755414.400,2755414400,1001,1881,1935,90,90,FWD,29,107,-1,DEPART,0
C3B93D0B,2755037,2755415.399,2755415399,999,1881,1935,90,90,FWD,29,107,-1,DEPART,0
C3B93D0B,2755038,2755417.462,2755417462,2063,1882,1935,90,90,FWD,61,107,-1,DEPART,0
C3B93D0B,2755039,2755418.012,2755418012,550,1879,1935,90,90,FWD,29,107,-1,DEPART,0
C3B93D0B,2755040,2755418.400,2755418400,388,1873,1935,90,90,FWD,29,107,-1,DEPART,0
C3B93D0B,2755041,2755419.399,2755419399,999,1877,1935,90,90,FWD,29,107,-1,DEPART,0
C3B93D0B,2755042,2755420.400,2755420400,1001,1875,1935,90,90,FWD,29,107,-1,DEPART,0
C3B93D0B,2755043,2755421.400,2755421400,1000,1875,1935,90,90,FWD,29,107,-1,DEPART,0
C3B93D0B,2755044,2755422.401,2755422401,1001,1874,1935,90,90,FWD,29,107,-1,DEPART,0
C3B93D0B,2755045,2755423.402,2755423402,1001,1876,1935,90,90,FWD,29,107,-1,DEPART,0
C3B93D0B,2755046,2755424.556,2755424556,1154,1874,1935,90,90,FWD,29,107,-1,DEPART,0
C3B93D0B,2755047,2755425.399,2755425399,843,1872,1935,90,90,FWD,29,107,-1,DEPART,0
C3B93D0B,2755048,2755426.400,2755426400,1001,1872,1935,90,90,FWD,29,107,-1,DEPART,0
C3B93D0B,2755049,2755427.649,2755427649,1249,1872,1935,90,90,FWD,29,107,-1,DEPART,0
C3B93D0B,2755050,2755428.400,2755428400,751,1871,1935,90,90,FWD,29,107,-1,DEPART,0
C3B93D0B,2755051,2755429.399,2755429399,999,1869,1935,90,90,FWD,29,107,-1,DEPART,0
C3B93D0B,2755052,2755430.400,2755430400,1001,1871,1935,90,90,FWD,29,107,-1,DEPART,0
C3B93D0B,2755053,2755431.399,2755431399,999,1867,1935,90,90,FWD,29,107,-1,DEPART,0
C3B93D0B,2755054,2755432.401,2755432401,1002,1866,1935,90,90,FWD,29,107,-1,DEPART,0
C3B93D0B,2755055,2755433.399,2755433399,998,1866,1935,90,90,FWD,29,107,-1,DEPART,0
C3B93D0B,2755056,2755434.400,2755434400,1001,1867,1935,90,90,FWD,29,107,-1,DEPART,0
C3B93D0B,2755057,2755435.399,2755435399,999,1865,1935,90,90,FWD,29,107,-1,DEPART,0
C3B93D0B,2755058,2755436.400,2755436400,1001,1859,1935,90,90,FWD,29,107,-1,DEPART,0
C3B93D0B,2755059,2755437.399,2755437399,999,1859,1935,90,90,FWD,29,107,-1,DEPART,0
C3B93D0B,2755060,2755438.400,2755438400,1001,1857,1935,90,90,FWD,29,107,-1,DEPART,0
C3B93D0B,2755061,2755439.399,2755439399,999,1856,1935,90,90,FWD,29,107,-1,DEPART,0
C3B93D0B,2755062,2755440.400,2755440400,1001,1856,1935,90,90,FWD,29,107,-1,DEPART,0
C3B93D0B,2755063,2755441.399,2755441399,999,1855,1935,90,90,FWD,29,107,-1,DEPART,0
C3B93D0B,2755064,2755442.401,2755442401,1002,1855,1935,90,90,FWD,29,107,-1,DEPART,0
C3B93D0B,2755065,2755443.399,2755443399,998,1854,1935,90,90,FWD,29,107,-1,DEPART,0
C3B93D0B,2755066,2755444.400,2755444400,1001,1853,1935,90,90,FWD,29,107,-1,DEPART,0
C3B93D0B,2755067,2755445.399,2755445399,999,1850,1935,90,90,FWD,29,107,-1,DEPART,0
C3B93D0B,2755068,2755446.400,2755446400,1001,1849,1935,90,90,FWD,29,107,-1,DEPART,0
C3B93D0B,2755069,2755447.399,2755447399,999,1849,1935,90,90,FWD,29,107,-1,DEPART,0
C3B93D0B,2755070,2755448.400,2755448400,1001,1843,1935,90,90,FWD,29,107,-1,DEPART,0
C3B93D0B,2755071,2755449.399,2755449399,999,1843,1935,90,90,FWD,29,107,-1,DEPART,0
C3B93D0B,2755072,2755450.400,2755450400,1001,1843,1935,90,90,FWD,29,107,-1,DEPART,0
C3B93D0B,2755073,2755451.399,2755451399,999,1841,1935,90,90,FWD,29,107,-1,DEPART,0
C3B93D0B,2755074,2755452.401,2755452401,1002,1840,1935,90,90,FWD,29,107,-1,DEPART,0
C3B93D0B,2755075,2755453.401,2755453401,1000,1839,1935,90,90,FWD,29,107,-1,DEPART,0
C3B93D0B,2755076,2755454.403,2755454403,1002,1838,1935,90,90,FWD,29,107,-1,DEPART,0
C3B93D0B,2755077,2755455.400,2755455400,997,1839,1935,90,90,FWD,29,107,-1,DEPART,0
C3B93D0B,2755078,2755456.401,2755456401,1001,1833,1935,90,90,FWD,29,107,-1,DEPART,0
C3B93D0B,2755079,2755457.400,2755457400,999,1835,1935,90,90,FWD,29,107,-1,DEPART,0
C3B93D0B,2755080,2755459.568,2755459568,2168,1826,1935,90,90,FWD,61,107,-1,DEPART,0
C3B93D0B,2755081,2755459.905,2755459905,337,1827,1935,90,90,FWD,29,107,-1,DEPART,0
C3B93D0B,2755082,2755460.399,2755460399,494,1827,1935,90,90,FWD,29,107,-1,DEPART,0
C3B93D0B,2755083,2755461.400,2755461400,1001,1825,1935,90,90,FWD,29,107,-1,DEPART,0
C3B93D0B,2755084,2755462.399,2755462399,999,1824,1935,90,90,FWD,29,107,-1,DEPART,0
C3B93D0B,2755085,2755463.400,2755463400,1001,1823,1935,90,90,FWD,29,107,-1,DEPART,0
C3B93D0B,2755086,2755464.672,2755464672,1272,1820,1935,90,90,FWD,61,107,-1,DEPART,0
C3B93D0B,2755087,2755465.400,2755465400,728,1819,1935,90,90,FWD,29,107,-1,DEPART,0
C3B93D0B,2755088,2755466.400,2755466400,1000,1816,1935,90,90,FWD,29,107,-1,DEPART,0
C3B93D0B,2755089,2755467.400,2755467400,1000,1813,1935,90,90,FWD,29,107,-1,DEPART,0
C3B93D0B,2755090,2755468.399,2755468399,999,1811,1935,90,90,FWD,29,107,-1,DEPART,0
C3B93D0B,2755091,2755469.400,2755469400,1001,1808,1935,90,90,FWD,29,107,-1,DEPART,0
C3B93D0B,2755092,2755470.399,2755470399,999,1809,1935,90,90,FWD,29,107,-1,DEPART,0
C3B93D0B,2755093,2755471.400,2755471400,1001,1805,1935,90,90,FWD,29,107,-1,DEPART,0
C3B93D0B,2755094,2755472.399,2755472399,999,1805,1935,90,90,FWD,29,107,-1,DEPART,0
C3B93D0B,2755095,2755473.400,2755473400,1001,1799,1935,90,90,FWD,29,107,-1,DEPART,0
C3B93D0B,2755096,2755474.399,2755474399,999,1799,1935,90,90,FWD,29,107,-1,DEPART,0
C3B93D0B,2755097,2755475.400,2755475400,1001,1798,1935,90,90,FWD,29,107,-1,DEPART,0
C3B93D0B,2755098,2755476.400,2755476400,1000,1794,1935,90,90,FWD,29,107,-1,DEPART,0
C3B93D0B,2755099,2755477.400,2755477400,1000,1795,1935,90,90,FWD,29,107,-1,DEPART,0
C3B93D0B,2755100,2755478.399,2755478399,999,1792,1935,90,90,FWD,29,107,-1,DEPART,0
C3B93D0B,2755101,2755479.400,2755479400,1001,1791,1935,90,90,FWD,29,107,-1,DEPART,0
C3B93D0B,2755102,2755480.399,2755480399,999,1790,1935,90,90,FWD,29,107,-1,DEPART,0
C3B93D0B,2755103,2755481.400,2755481400,1001,1785,1935,90,90,FWD,29,107,-1,DEPART,0
C3B93D0B,2755104,2755482.399,2755482399,999,1786,1935,90,90,FWD,29,107,-1,DEPART,0
C3B93D0B,2755105,2755483.400,2755483400,1001,1783,1935,90,90,FWD,29,107,-1,DEPART,0
C3B93D0B,2755106,2755484.399,2755484399,999,1781,1935,90,90,FWD,29,107,-1,DEPART,0
C3B93D0B,2755107,2755485.400,2755485400,1001,1779,1935,90,90,FWD,29,107,-1,DEPART,0
C3B93D0B,2755108,2755486.400,2755486400,1000,1777,1935,90,90,FWD,29,107,-1,DEPART,0
C3B93D0B,2755109,2755487.856,2755487856,1456,1774,1935,90,90,FWD,61,107,-1,DEPART,0
C3B93D0B,2755110,2755488.475,2755488475,619,1775,1935,90,90,FWD,29,107,-1,DEPART,0
C3B93D0B,2755111,2755489.399,2755489399,924,1775,1935,90,90,FWD,29,107,-1,DEPART,0
C3B93D0B,2755112,2755490.399,2755490399,1000,1767,1935,90,90,FWD,29,107,-1,DEPART,0
C3B93D0B,2755113,2755491.399,2755491399,1000,1770,1935,90,90,FWD,29,107,-1,DEPART,0
C3B93D0B,2755114,2755492.400,2755492400,1001,1769,1935,90,90,FWD,29,107,-1,DEPART,0
C3B93D0B,2755115,2755493.399,2755493399,999,1766,1935,90,90,FWD,29,107,-1,DEPART,0
C3B93D0B,2755116,2755494.400,2755494400,1001,1763,1935,90,90,FWD,29,107,-1,DEPART,0
C3B93D0B,2755117,2755495.399,2755495399,999,1762,1935,90,90,FWD,29,107,-1,DEPART,0
C3B93D0B,2755118,2755496.449,2755496449,1050,1759,1935,90,90,FWD,29,107,-1,DEPART,0
C3B93D0B,2755119,2755497.401,2755497401,952,1759,1935,90,90,FWD,29,107,-1,DEPART,0
C3B93D0B,2755120,2755498.404,2755498404,1003,1755,1935,90,90,FWD,29,107,-1,DEPART,0
C3B93D0B,2755121,2755499.402,2755499402,998,1756,1935,90,90,FWD,29,107,-1,DEPART,0
C3B93D0B,2755122,2755500.399,2755500399,997,1754,1935,90,90,FWD,29,107,-1,DEPART,0
C3B93D0B,2755123,2755502.152,2755502152,1753,1751,1935,90,90,FWD,61,107,-1,DEPART,0
C3B93D0B,2755124,2755504.193,2755504193,2041,1745,1935,90,90,FWD,61,107,-1,DEPART,0
C3B93D0B,2755125,2755504.456,2755504456,263,1746,1935,90,90,FWD,29,107,-1,DEPART,0
C3B93D0B,2755126,2755504.687,2755504687,231,1746,1935,90,90,FWD,29,107,-1,DEPART,0
C3B93D0B,2755127,2755505.400,2755505400,713,1746,1935,90,90,FWD,29,107,-1,DEPART,0
C3B93D0B,2755128,2755506.399,2755506399,999,1744,1935,90,90,FWD,29,107,-1,DEPART,0
C3B93D0B,2755129,2755507.537,2755507537,1138,1745,1935,90,90,FWD,29,107,-1,DEPART,0
C3B93D0B,2755130,2755508.399,2755508399,862,1744,1935,90,90,FWD,29,107,-1,DEPART,0
C3B93D0B,2755131,2755509.401,2755509401,1002,1743,1935,90,90,FWD,29,107,-1,DEPART,0
C3B93D0B,2755132,2755510.399,2755510399,998,1742,1935,90,90,FWD,29,107,-1,DEPART,0
C3B93D0B,2755133,2755511.400,2755511400,1001,1742,1935,90,90,FWD,29,107,-1,DEPART,0
C3B93D0B,2755134,2755512.399,2755512399,999,1743,1935,90,90,FWD,29,107,-1,DEPART,0
C3B93D0B,2755135,2755513.400,2755513400,1001,1741,1935,90,90,FWD,29,107,-1,DEPART,0
C3B93D0B,2755136,2755514.399,2755514399,999,1738,1935,90,90,FWD,29,107,-1,DEPART,0
C3B93D0B,2755137,2755515.400,2755515400,1001,1740,1935,90,90,FWD,29,107,-1,DEPART,0
C3B93D0B,2755138,2755516.399,2755516399,999,1739,1935,90,90,FWD,29,107,-1,DEPART,0
C3B93D0B,2755139,2755517.400,2755517400,1001,1738,1935,90,90,FWD,29,107,-1,DEPART,0
C3B93D0B,2755140,2755518.399,2755518399,999,1735,1935,90,90,FWD,29,107,-1,DEPART,0
C3B93D0B,2755141,2755519.401,2755519401,1002,1738,1935,90,90,FWD,29,107,-1,DEPART,0
C3B93D0B,2755142,2755520.401,2755520401,1000,1735,1935,90,90,FWD,29,107,-1,DEPART,0
C3B93D0B,2755143,2755521.402,2755521402,1001,1736,1935,90,90,FWD,29,107,-1,DEPART,0
C3B93D0B,2755144,2755522.400,2755522400,998,1735,1935,90,90,FWD,29,107,-1,DEPART,0
C3B93D0B,2755145,2755523.731,2755523731,1331,1735,1935,90,90,FWD,61,107,-1,DEPART,0
C3B93D0B,2755146,2755524.400,2755524400,669,1735,1935,90,90,FWD,29,107,-1,DEPART,0
C3B93D0B,2755147,2755525.399,2755525399,999,1737,1935,90,90,FWD,29,107,-1,DEPART,0
C3B93D0B,2755148,2755526.400,2755526400,1001,1737,1935,90,90,FWD,29,107,-1,DEPART,0
C3B93D0B,2755149,2755527.399,2755527399,999,1738,1935,90,90,FWD,29,107,-1,DEPART,0
C3B93D0B,2755150,2755528.400,2755528400,1001,1737,1935,90,90,FWD,29,107,-1,DEPART,0
C3B93D0B,2755151,2755529.399,2755529399,999,1738,1935,90,90,FWD,29,107,-1,DEPART,0
C3B93D0B,2755152,2755530.401,2755530401,1002,1738,1935,90,90,FWD,29,107,-1,DEPART,0
C3B93D0B,2755153,2755531.399,2755531399,998,1741,1935,90,90,FWD,29,107,-1,DEPART,0
C3B93D0B,2755154,2755532.400,2755532400,1001,1739,1935,90,90,FWD,29,107,-1,DEPART,0
C3B93D0B,2755155,2755533.399,2755533399,999,1740,1935,90,90,FWD,29,107,-1,DEPART,0
C3B93D0B,2755156,2755534.400,2755534400,1001,1743,1935,90,90,FWD,29,107,-1,DEPART,0
C3B93D0B,2755157,2755535.399,2755535399,999,1743,1935,90,90,FWD,29,107,-1,DEPART,0
C3B93D0B,2755158,2755536.400,2755536400,1001,1741,1935,90,90,FWD,29,107,-1,DEPART,0
C3B93D0B,2755159,2755537.399,2755537399,999,1744,1935,90,90,FWD,29,107,-1,DEPART,0
C3B93D0B,2755160,2755538.400,2755538400,1001,1744,1935,90,90,FWD,29,107,-1,DEPART,0
C3B93D0B,2755161,2755539.399,2755539399,999,1745,1935,90,90,FWD,29,107,-1,DEPART,0
C3B93D0B,2755162,2755540.401,2755540401,1002,1745,1935,90,90,FWD,29,107,-1,DEPART,0
C3B93D0B,2755163,2755541.399,2755541399,998,1749,1935,90,90,FWD,29,107,-1,DEPART,0
C3B93D0B,2755164,2755542.400,2755542400,1001,1749,1935,90,90,FWD,29,107,-1,DEPART,0
C3B93D0B,2755165,2755543.399,2755543399,999,1752,1935,90,90,FWD,29,107,-1,DEPART,0
C3B93D0B,2755166,2755544.400,2755544400,1001,1753,1935,90,90,FWD,29,107,-1,DEPART,0
C3B93D0B,2755167,2755545.399,2755545399,999,1754,1935,90,90,FWD,29,107,-1,DEPART,0
C3B93D0B,2755168,2755546.400,2755546400,1001,1757,1935,90,90,FWD,29,107,-1,DEPART,0
C3B93D0B,2755169,2755547.399,2755547399,999,1759,1935,90,90,FWD,29,107,-1,DEPART,0
C3B93D0B,2755170,2755548.400,2755548400,1001,1759,1935,90,90,FWD,29,107,-1,DEPART,0
C3B93D0B,2755171,2755549.399,2755549399,999,1762,1935,90,90,FWD,29,107,-1,DEPART,0
C3B93D0B,2755172,2755550.401,2755550401,1002,1762,1935,90,90,FWD,29,107,-1,DEPART,0
C3B93D0B,2755173,2755551.399,2755551399,998,1767,1935,90,90,FWD,29,107,-1,DEPART,0
C3B93D0B,2755174,2755552.400,2755552400,1001,1767,1935,90,90,FWD,29,107,-1,DEPART,0
C3B93D0B,2755175,2755553.399,2755553399,999,1771,1935,90,90,FWD,29,107,-1,DEPART,0
C3B93D0B,2755176,2755554.400,2755554400,1001,1775,1935,90,90,FWD,29,107,-1,DEPART,0
C3B93D0B,2755177,2755555.399,2755555399,999,1776,1935,90,90,FWD,29,107,-1,DEPART,0
C3B93D0B,2755178,2755556.400,2755556400,1001,1776,1935,90,90,FWD,29,107,-1,DEPART,0
C3B93D0B,2755179,2755557.399,2755557399,999,1776,1935,90,90,FWD,29,107,-1,DEPART,0
C3B93D0B,2755180,2755558.400,2755558400,1001,1779,1935,90,90,FWD,29,107,-1,DEPART,0
C3B93D0B,2755181,2755559.399,2755559399,999,1779,1935,90,90,FWD,29,107,-1,DEPART,0
C3B93D0B,2755182,2755560.401,2755560401,1002,1782,1935,90,90,FWD,29,107,-1,DEPART,0
C3B93D0B,2755183,2755561.399,2755561399,998,1786,1935,90,90,FWD,29,107,-1,DEPART,0
C3B93D0B,2755184,2755562.400,2755562400,1001,1789,1935,90,90,FWD,29,107,-1,DEPART,0
C3B93D0B,2755185,2755563.399,2755563399,999,1792,1935,90,90,FWD,29,107,-1,DEPART,0
C3B93D0B,2755186,2755564.400,2755564400,1001,1793,1935,90,90,FWD,29,107,-1,DEPART,0
C3B93D0B,2755187,2755565.399,2755565399,999,1794,1935,90,90,FWD,29,107,-1,DEPART,0
C3B93D0B,2755188,2755566.400,2755566400,1001,1797,1935,90,90,FWD,29,107,-1,DEPART,0
C3B93D0B,2755189,2755567.399,2755567399,999,1799,1935,90,90,FWD,29,107,-1,DEPART,0
C3B93D0B,2755190,2755568.400,2755568400,1001,1803,1935,90,90,FWD,29,107,-1,DEPART,0
C3B93D0B,2755191,2755569.399,2755569399,999,1806,1935,90,90,FWD,29,107,-1,DEPART,0
C3B93D0B,2755192,2755570.401,2755570401,1002,1807,1935,90,90,FWD,29,107,-1,DEPART,0
C3B93D0B,2755193,2755571.399,2755571399,998,1808,1935,90,90,FWD,29,107,-1,DEPART,0
C3B93D0B,2755194,2755572.400,2755572400,1001,1808,1935,90,90,FWD,29,107,-1,DEPART,0
C3B93D0B,2755195,2755573.635,2755573635,1235,1810,1935,90,90,FWD,29,107,-1,DEPART,0
C3B93D0B,2755196,2755574.579,2755574579,944,1813,1935,90,90,FWD,29,107,-1,DEPART,0
C3B93D0B,2755197,2755575.399,2755575399,820,1815,1935,90,90,FWD,29,107,-1,DEPART,0
C3B93D0B,2755198,2755576.400,2755576400,1001,1819,1935,90,90,FWD,29,107,-1,DEPART,0
C3B93D0B,2755199,2755577.399,2755577399,999,1821,1935,90,90,FWD,29,107,-1,DEPART,0
C3B93D0B,2755200,2755578.400,2755578400,1001,1824,1935,90,90,FWD,29,107,-1,DEPART,0
C3B93D0B,2755201,2755579.399,2755579399,999,1827,1935,90,90,FWD,29,107,-1,DEPART,0
C3B93D0B,2755202,2755580.401,2755580401,1002,1840,1935,90,90,FWD,29,107,-1,DEPART,0
C3B93D0B,2755203,2755582.261,2755582261,1860,1829,1935,90,90,FWD,61,107,-1,DEPART,0
C3B93D0B,2755204,2755582.573,2755582573,312,1830,1935,90,90,FWD,29,107,-1,DEPART,0
C3B93D0B,2755205,2755583.400,2755583400,827,1833,1935,90,90,FWD,29,107,-1,DEPART,0
C3B93D0B,2755206,2755584.399,2755584399,999,1838,1935,90,90,FWD,29,107,-1,DEPART,0
C3B93D0B,2755207,2755585.400,2755585400,1001,1840,1935,90,90,FWD,29,107,-1,DEPART,0
C3B93D0B,2755208,2755586.399,2755586399,999,1840,1935,90,90,FWD,29,107,-1,DEPART,0
C3B93D0B,2755209,2755587.400,2755587400,1001,1840,1935,90,90,FWD,29,107,-1,DEPART,0
C3B93D0B,2755210,2755588.399,2755588399,999,1843,1935,90,90,FWD,29,107,-1,DEPART,0
C3B93D0B,2755211,2755589.400,2755589400,1001,1840,1935,90,90,FWD,29,107,-1,DEPART,0
C3B93D0B,2755212,2755590.569,2755590569,1169,1845,1935,90,90,FWD,29,107,-1,DEPART,0
C3B93D0B,2755213,2755591.401,2755591401,832,1845,1935,90,90,FWD,29,107,-1,DEPART,0
C3B93D0B,2755214,2755592.399,2755592399,998,1852,1935,90,90,FWD,29,107,-1,DEPART,0
C3B93D0B,2755215,2755593.400,2755593400,1001,1853,1935,90,90,FWD,29,107,-1,DEPART,0
C3B93D0B,2755216,2755594.399,2755594399,999,1854,1935,90,90,FWD,29,107,-1,DEPART,0
C3B93D0B,2755217,2755595.400,2755595400,1001,1855,1935,90,90,FWD,29,107,-1,DEPART,0
C3B93D0B,2755218,2755596.399,2755596399,999,1856,1935,90,90,FWD,29,107,-1,DEPART,0
C3B93D0B,2755219,2755597.400,2755597400,1001,1857,1935,90,90,FWD,29,107,-1,DEPART,0
C3B93D0B,2755220,2755598.399,2755598399,999,1860,1935,90,90,FWD,29,107,-1,DEPART,0
C3B93D0B,2755221,2755599.400,2755599400,1001,1860,1935,90,90,FWD,29,107,-1,DEPART,0
C3B93D0B,2755222,2755600.399,2755600399,999,1866,1935,90,90,FWD,29,107,-1,DEPART,0
C3B93D0B,2755223,2755601.401,2755601401,1002,1867,1935,90,90,FWD,29,107,-1,DEPART,0
C3B93D0B,2755224,2755602.399,2755602399,998,1866,1935,90,90,FWD,29,107,-1,DEPART,0
C3B93D0B,2755225,2755603.400,2755603400,1001,1870,1935,90,90,FWD,29,107,-1,DEPART,0
C3B93D0B,2755226,2755604.430,2755604430,1030,1870,1935,90,90,FWD,29,107,-1,DEPART,0
C3B93D0B,2755227,2755605.400,2755605400,970,1871,1935,90,90,FWD,29,107,-1,DEPART,0
C3B93D0B,2755228,2755606.399,2755606399,999,1872,1935,90,90,FWD,29,107,-1,DEPART,0
C3B93D0B,2755229,2755607.400,2755607400,1001,1872,1935,90,90,FWD,29,107,-1,DEPART,0
C3B93D0B,2755230,2755608.399,2755608399,999,1874,1935,90,90,FWD,29,107,-1,DEPART,0
C3B93D0B,2755231,2755609.400,2755609400,1001,1875,1935,90,90,FWD,29,107,-1,DEPART,0
C3B93D0B,2755232,2755610.399,2755610399,999,1876,1935,90,90,FWD,29,107,-1,DEPART,0
C3B93D0B,2755233,2755611.401,2755611401,1002,1877,1935,90,90,FWD,29,107,-1,DEPART,0
C3B93D0B,2755234,2755612.399,2755612399,998,1878,1935,90,90,FWD,29,107,-1,DEPART,0
C3B93D0B,2755235,2755613.400,2755613400,1001,1878,1935,90,90,FWD,29,107,-1,DEPART,0
C3B93D0B,2755236,2755614.399,2755614399,999,1879,1935,90,90,FWD,29,107,-1,DEPART,0
C3B93D0B,2755237,2755615.400,2755615400,1001,1881,1935,90,90,FWD,29,107,-1,DEPART,0
C3B93D0B,2755238,2755616.399,2755616399,999,1884,1935,90,90,FWD,29,107,-1,DEPART,0
C3B93D0B,2755239,2755617.400,2755617400,1001,1883,1935,90,90,FWD,29,107,-1,DEPART,0
C3B93D0B,2755240,2755618.399,2755618399,999,1884,1935,90,90,FWD,29,107,-1,DEPART,0
C3B93D0B,2755241,2755619.400,2755619400,1001,1887,1935,90,90,FWD,29,107,-1,DEPART,0
C3B93D0B,2755242,2755620.399,2755620399,999,1887,1935,90,90,FWD,29,107,-1,DEPART,0
C3B93D0B,2755243,2755621.401,2755621401,1002,1887,1935,90,90,FWD,29,107,-1,DEPART,0
C3B93D0B,2755244,2755622.401,2755622401,1000,1889,1935,90,90,FWD,29,107,-1,DEPART,0
C3B93D0B,2755245,2755623.401,2755623401,1000,1890,1935,90,90,FWD,29,107,-1,DEPART,0
C3B93D0B,2755246,2755624.400,2755624400,999,1890,1935,90,90,FWD,29,107,-1,DEPART,0
C3B93D0B,2755247,2755625.399,2755625399,999,1892,1935,90,90,FWD,29,107,-1,DEPART,0
C3B93D0B,2755248,2755626.534,2755626534,1135,1894,1935,90,90,FWD,29,107,-1,DEPART,0
C3B93D0B,2755249,2755627.399,2755627399,865,1893,1935,90,90,FWD,29,107,-1,DEPART,0
C3B93D0B,2755250,2755628.400,2755628400,1001,1894,1935,90,90,FWD,29,107,-1,DEPART,0
C3B93D0B,2755251,2755629.399,2755629399,999,1897,1935,90,90,FWD,29,107,-1,DEPART,0
C3B93D0B,2755252,2755630.400,2755630400,1001,1897,1935,90,90,FWD,29,107,-1,DEPART,0
C3B93D0B,2755253,2755631.399,2755631399,999,1897,1935,90,90,FWD,29,107,-1,DEPART,0
C3B93D0B,2755254,2755632.401,2755632401,1002,1898,1935,90,90,FWD,29,107,-1,DEPART,0
C3B93D0B,2755255,2755633.399,2755633399,998,1898,1935,90,90,FWD,29,107,-1,DEPART,0
C3B93D0B,2755256,2755634.400,2755634400,1001,1899,1935,90,90,FWD,29,107,-1,DEPART,0
C3B93D0B,2755257,2755635.399,2755635399,999,1900,1935,90,90,FWD,29,107,-1,DEPART,0
C3B93D0B,2755258,2755636.400,2755636400,1001,1899,1935,90,90,FWD,29,107,-1,DEPART,0
C3B93D0B,2755259,2755637.399,2755637399,999,1900,1935,90,90,FWD,29,107,-1,DEPART,0
C3B93D0B,2755260,2755638.400,2755638400,1001,1902,1935,90,90,FWD,29,107,-1,DEPART,0
C3B93D0B,2755261,2755639.399,2755639399,999,1903,1935,90,90,FWD,29,107,-1,DEPART,0
C3B93D0B,2755262,2755640.400,2755640400,1001,1901,1935,90,90,FWD,29,107,-1,DEPART,0
C3B93D0B,2755263,2755641.399,2755641399,999,1902,1935,90,90,FWD,29,107,-1,DEPART,0
C3B93D0B,2755264,2755642.401,2755642401,1002,1902,1935,90,90,FWD,29,107,-1,DEPART,0
C3B93D0B,2755265,2755643.399,2755643399,998,1902,1935,90,90,FWD,29,107,-1,DEPART,0
C3B93D0B,2755266,2755644.400,2755644400,1001,1903,1935,90,90,FWD,29,107,-1,DEPART,0
C3B93D0B,2755267,2755645.399,2755645399,999,1904,1935,90,90,FWD,29,107,-1,DEPART,0
C3B93D0B,2755268,2755646.400,2755646400,1001,1904,1935,90,90,FWD,29,107,-1,DEPART,0
C3B93D0B,2755269,2755647.399,2755647399,999,1904,1935,90,90,FWD,29,107,-1,DEPART,0
C3B93D0B,2755270,2755648.400,2755648400,1001,1904,1935,90,90,FWD,29,107,-1,DEPART,0
C3B93D0B,2755271,2755649.399,2755649399,999,1904,1935,90,90,FWD,29,107,-1,DEPART,0
C3B93D0B,2755272,2755650.400,2755650400,1001,1904,1935,90,90,FWD,29,107,-1,DEPART,0
C3B93D0B,2755273,2755651.399,2755651399,999,1904,1935,90,90,FWD,29,107,-1,DEPART,0
C3B93D0B,2755274,2755652.401,2755652401,1002,1904,1935,90,90,FWD,29,107,-1,DEPART,0
C3B93D0B,2755275,2755653.399,2755653399,998,1904,1935,90,90,FWD,29,107,-1,DEPART,0
C3B93D0B,2755276,2755654.400,2755654400,1001,1904,1935,90,90,FWD,29,107,-1,DEPART,0
C3B93D0B,2755277,2755655.399,2755655399,999,1904,1935,90,90,FWD,29,107,-1,DEPART,0
C3B93D0B,2755278,2755656.400,2755656400,1001,1906,1935,90,90,FWD,29,107,-1,DEPART,0
C3B93D0B,2755279,2755657.399,2755657399,999,1905,1935,90,90,FWD,29,107,-1,DEPART,0
C3B93D0B,2755280,2755658.400,2755658400,1001,1907,1935,90,90,FWD,29,107,-1,DEPART,0
C3B93D0B,2755281,2755659.399,2755659399,999,1905,1935,90,90,FWD,29,107,-1,DEPART,0
C3B93D0B,2755282,2755660.400,2755660400,1001,1906,1935,90,90,FWD,29,107,-1,DEPART,0
C3B93D0B,2755283,2755661.399,2755661399,999,1905,1935,90,90,FWD,29,107,-1,DEPART,0
C3B93D0B,2755284,2755662.401,2755662401,1002,1906,1935,90,90,FWD,29,107,-1,DEPART,0
C3B93D0B,2755285,2755663.399,2755663399,998,1906,1935,90,90,FWD,29,107,-1,DEPART,0
C3B93D0B,2755286,2755664.400,2755664400,1001,1907,1935,90,90,FWD,29,107,-1,DEPART,0
C3B93D0B,2755287,2755665.399,2755665399,999,1906,1935,90,90,FWD,29,107,-1,DEPART,0
C3B93D0B,2755288,2755666.532,2755666532,1133,1908,1935,90,90,FWD,29,107,-1,DEPART,0
C3B93D0B,2755289,2755667.399,2755667399,867,1908,1935,90,90,FWD,29,107,-1,DEPART,0
C3B93D0B,2755290,2755668.400,2755668400,1001,1907,1935,90,90,FWD,29,107,-1,DEPART,0
C3B93D0B,2755291,2755669.399,2755669399,999,1909,1935,90,90,FWD,29,107,-1,DEPART,0
C3B93D0B,2755292,2755670.400,2755670400,1001,1910,1935,90,90,FWD,29,107,-1,DEPART,0
C3B93D0B,2755293,2755671.399,2755671399,999,1909,1935,90,90,FWD,29,107,-1,DEPART,0
C3B93D0B,2755294,2755672.401,2755672401,1002,1908,1935,90,90,FWD,29,107,-1,DEPART,0
C3B93D0B,2755295,2755673.399,2755673399,998,1911,1935,90,90,FWD,29,107,-1,DEPART,0
C3B93D0B,2755296,2755674.400,2755674400,1001,1911,1935,90,90,FWD,29,107,-1,DEPART,0
C3B93D0B,2755297,2755675.399,2755675399,999,1907,1935,90,90,FWD,29,107,-1,DEPART,0
C3B93D0B,2755298,2755676.527,2755676527,1128,1909,1935,90,90,FWD,29,107,-1,DEPART,0
C3B93D0B,2755299,2755677.399,2755677399,872,1910,1935,90,90,FWD,29,107,-1,DEPART,0
C3B93D0B,2755300,2755678.400,2755678400,1001,1909,1935,90,90,FWD,29,107,-1,DEPART,0
C3B93D0B,2755301,2755679.399,2755679399,999,1909,1935,90,90,FWD,29,107,-1,DEPART,0
C3B93D0B,2755302,2755680.400,2755680400,1001,1911,1935,90,90,FWD,29,107,-1,DEPART,0
C3B93D0B,2755303,2755681.399,2755681399,999,1911,1935,90,90,FWD,29,107,-1,DEPART,0
C3B93D0B,2755304,2755682.401,2755682401,1002,1921,1935,90,90,FWD,29,107,-1,DEPART,0
C3B93D0B,2755305,2755684.210,2755684210,1809,1907,1935,90,90,FWD,61,107,-1,DEPART,0
C3B93D0B,2755306,2755684.521,2755684521,311,1907,1935,90,90,FWD,29,107,-1,DEPART,0
C3B93D0B,2755307,2755685.400,2755685400,879,1910,1935,90,90,FWD,29,107,-1,DEPART,0
C3B93D0B,2755308,2755686.399,2755686399,999,1910,1935,90,90,FWD,29,107,-1,DEPART,0
C3B93D0B,2755309,2755687.400,2755687400,1001,1910,1935,90,90,FWD,29,107,-1,DEPART,0
C3B93D0B,2755310,2755688.524,2755688524,1124,1907,1935,90,90,FWD,29,107,-1,DEPART,0
C3B93D0B,2755311,2755689.400,2755689400,876,1910,1935,90,90,FWD,29,107,-1,DEPART,0
C3B93D0B,2755312,2755690.399,2755690399,999,1910,1935,90,90,FWD,29,107,-1,DEPART,0
C3B93D0B,2755313,2755691.400,2755691400,1001,1909,1935,90,90,FWD,29,107,-1,DEPART,0
C3B93D0B,2755314,2755692.400,2755692400,1000,1908,1935,90,90,FWD,29,107,-1,DEPART,0
C3B93D0B,2755315,2755693.400,2755693400,1000,1911,1935,90,90,FWD,29,107,-1,DEPART,0
C3B93D0B,2755316,2755694.521,2755694521,1121,1911,1935,90,90,FWD,29,107,-1,DEPART,0
C3B93D0B,2755317,2755695.400,2755695400,879,1910,1935,90,90,FWD,29,107,-1,DEPART,0
C3B93D0B,2755318,2755696.399,2755696399,999,1909,1935,90,90,FWD,29,107,-1,DEPART,0
C3B93D0B,2755319,2755697.400,2755697400,1001,1909,1935,90,90,FWD,29,107,-1,DEPART,0
C3B93D0B,2755320,2755698.399,2755698399,999,1910,1935,90,90,FWD,29,107,-1,DEPART,0
C3B93D0B,2755321,2755699.400,2755699400,1001,1910,1935,90,90,FWD,29,107,-1,DEPART,0
C3B93D0B,2755322,2755700.399,2755700399,999,1909,1935,90,90,FWD,29,107,-1,DEPART,0
C3B93D0B,2755323,2755701.400,2755701400,1001,1911,1935,90,90,FWD,29,107,-1,DEPART,0
C3B93D0B,2755324,2755702.400,2755702400,1000,1909,1935,90,90,FWD,29,107,-1,DEPART,0
C3B93D0B,2755325,2755703.400,2755703400,1000,1909,1935,90,90,FWD,29,107,-1,DEPART,0
C3B93D0B,2755326,2755704.399,2755704399,999,1911,1935,90,90,FWD,29,107,-1,DEPART,0
C3B93D0B,2755327,2755705.400,2755705400,1001,1913,1935,90,90,FWD,29,107,-1,DEPART,0
C3B93D0B,2755328,2755706.603,2755706603,1203,1910,1935,90,90,FWD,29,107,-1,DEPART,0
C3B93D0B,2755329,2755707.400,2755707400,797,1906,1935,90,90,FWD,29,107,-1,DEPART,0
C3B93D0B,2755330,2755708.399,2755708399,999,1908,1935,90,90,FWD,29,107,-1,DEPART,0
C3B93D0B,2755331,2755709.400,2755709400,1001,1910,1935,90,90,FWD,29,107,-1,DEPART,0
C3B93D0B,2755332,2755710.399,2755710399,999,1911,1935,90,90,FWD,29,107,-1,DEPART,0
C3B93D0B,2755333,2755711.400,2755711400,1001,1910,1935,90,90,FWD,29,107,-1,DEPART,0
C3B93D0B,2755334,2755712.400,2755712400,1000,1907,1935,90,90,FWD,29,107,-1,DEPART,0
C3B93D0B,2755335,2755713.400,2755713400,1000,1908,1935,90,90,FWD,29,107,-1,DEPART,0
C3B93D0B,2755336,2755714.399,2755714399,999,1909,1935,90,90,FWD,29,107,-1,DEPART,0
C3B93D0B,2755337,2755715.400,2755715400,1001,1909,1935,90,90,FWD,29,107,-1,DEPART,0
C3B93D0B,2755338,2755716.399,2755716399,999,1910,1935,90,90,FWD,29,107,-1,DEPART,0
C3B93D0B,2755339,2755717.914,2755717914,1515,1909,1935,90,90,FWD,61,107,-1,DEPART,0
C3B93D0B,2755340,2755718.399,2755718399,485,1909,1935,90,90,FWD,29,107,-1,DEPART,0
C3B93D0B,2755341,2755719.400,2755719400,1001,1907,1935,90,90,FWD,29,107,-1,DEPART,0
C3B93D0B,2755342,2755720.399,2755720399,999,1908,1935,90,90,FWD,29,107,-1,DEPART,0
C3B93D0B,2755343,2755721.400,2755721400,1001,1909,1935,90,90,FWD,29,107,-1,DEPART,0
C3B93D0B,2755344,2755722.400,2755722400,1000,1908,1935,90,90,FWD,29,107,-1,DEPART,0
C3B93D0B,2755345,2755723.401,2755723401,1001,1909,1935,90,90,FWD,29,107,-1,DEPART,0
C3B93D0B,2755346,2755724.402,2755724402,1001,1907,1935,90,90,FWD,29,107,-1,DEPART,0
C3B93D0B,2755347,2755725.400,2755725400,998,1908,1935,90,90,FWD,29,107,-1,DEPART,0
C3B93D0B,2755348,2755726.399,2755726399,999,1908,1935,90,90,FWD,29,107,-1,DEPART,0
C3B93D0B,2755349,2755727.400,2755727400,1001,1907,1935,90,90,FWD,29,107,-1,DEPART,0
C3B93D0B,2755350,2755728.399,2755728399,999,1907,1935,90,90,FWD,29,107,-1,DEPART,0
C3B93D0B,2755351,2755729.511,2755729511,1112,1909,1935,90,90,FWD,29,107,-1,DEPART,0
C3B93D0B,2755352,2755730.516,2755730516,1005,1915,1935,90,90,FWD,29,107,-1,DEPART,0
C3B93D0B,2755353,2755731.400,2755731400,884,1909,1935,90,90,FWD,29,107,-1,DEPART,0
C3B93D0B,2755354,2755732.399,2755732399,999,1909,1935,90,90,FWD,29,107,-1,DEPART,0
C3B93D0B,2755355,2755733.401,2755733401,1002,1904,1935,90,90,FWD,29,107,-1,DEPART,0
C3B93D0B,2755356,2755734.837,2755734837,1436,1907,1935,90,90,FWD,61,107,-1,DEPART,0
C3B93D0B,2755357,2755735.579,2755735579,742,1908,1935,90,90,FWD,29,107,-1,DEPART,0
C3B93D0B,2755358,2755736.400,2755736400,821,1909,1935,90,90,FWD,29,107,-1,DEPART,0
C3B93D0B,2755359,2755737.399,2755737399,999,1907,1935,90,90,FWD,29,107,-1,DEPART,0
C3B93D0B,2755360,2755738.400,2755738400,1001,1907,1935,90,90,FWD,29,107,-1,DEPART,0
C3B93D0B,2755361,2755739.399,2755739399,999,1909,1935,90,90,FWD,29,107,-1,DEPART,0
C3B93D0B,2755362,2755740.400,2755740400,1001,1907,1935,90,90,FWD,29,107,-1,DEPART,0
C3B93D0B,2755363,2755741.399,2755741399,999,1909,1935,90,90,FWD,29,107,-1,DEPART,0
C3B93D0B,2755364,2755742.400,2755742400,1001,1907,1935,90,90,FWD,29,107,-1,DEPART,0
C3B93D0B,2755365,2755743.399,2755743399,999,1908,1935,90,90,FWD,29,107,-1,DEPART,0
C3B93D0B,2755366,2755744.401,2755744401,1002,1908,1935,90,90,FWD,29,107,-1,DEPART,0
C3B93D0B,2755367,2755745.399,2755745399,998,1909,1935,90,90,FWD,29,107,-1,DEPART,0
C3B93D0B,2755368,2755746.400,2755746400,1001,1907,1935,90,90,FWD,29,107,-1,DEPART,0
C3B93D0B,2755369,2755747.399,2755747399,999,1907,1935,90,90,FWD,29,107,-1,DEPART,0
C3B93D0B,2755370,2755748.400,2755748400,1001,1907,1935,90,90,FWD,29,107,-1,DEPART,0
C3B93D0B,2755371,2755749.399,2755749399,999,1907,1935,90,90,FWD,29,107,-1,DEPART,0
C3B93D0B,2755372,2755750.400,2755750400,1001,1906,1935,90,90,FWD,29,107,-1,DEPART,0
C3B93D0B,2755373,2755751.399,2755751399,999,1907,1935,90,90,FWD,29,107,-1,DEPART,0
C3B93D0B,2755374,2755752.400,2755752400,1001,1908,1935,90,90,FWD,29,107,-1,DEPART,0
C3B93D0B,2755375,2755753.399,2755753399,999,1907,1935,90,90,FWD,29,107,-1,DEPART,0
C3B93D0B,2755376,2755754.401,2755754401,1002,1909,1935,90,90,FWD,29,107,-1,DEPART,0
C3B93D0B,2755377,2755755.399,2755755399,998,1909,1935,90,90,FWD,29,107,-1,DEPART,0
C3B93D0B,2755378,2755756.400,2755756400,1001,1907,1935,90,90,FWD,29,107,-1,DEPART,0
C3B93D0B,2755379,2755757.399,2755757399,999,1907,1935,90,90,FWD,29,107,-1,DEPART,0
C3B93D0B,2755380,2755758.400,2755758400,1001,1904,1935,90,90,FWD,29,107,-1,DEPART,0
C3B93D0B,2755381,2755759.399,2755759399,999,1907,1935,90,90,FWD,29,107,-1,DEPART,0
C3B93D0B,2755382,2755760.400,2755760400,1001,1909,1935,90,90,FWD,29,107,-1,DEPART,0
C3B93D0B,2755383,2755761.399,2755761399,999,1908,1935,90,90,FWD,29,107,-1,DEPART,0
C3B93D0B,2755384,2755762.400,2755762400,1001,1907,1935,90,90,FWD,29,107,-1,DEPART,0
C3B93D0B,2755385,2755763.399,2755763399,999,1906,1935,90,90,FWD,29,107,-1,DEPART,0
C3B93D0B,2755386,2755764.401,2755764401,1002,1905,1935,90,90,FWD,29,107,-1,DEPART,0
C3B93D0B,2755387,2755765.400,2755765400,999,1905,1935,90,90,FWD,29,107,-1,DEPART,0
C3B93D0B,2755388,2755766.400,2755766400,1000,1904,1935,90,90,FWD,29,107,-1,DEPART,0
C3B93D0B,2755389,2755767.399,2755767399,999,1906,1935,90,90,FWD,29,107,-1,DEPART,0
C3B93D0B,2755390,2755768.400,2755768400,1001,1907,1935,90,90,FWD,29,107,-1,DEPART,0
C3B93D0B,2755391,2755769.399,2755769399,999,1906,1935,90,90,FWD,29,107,-1,DEPART,0
C3B93D0B,2755392,2755770.400,2755770400,1001,1905,1935,90,90,FWD,29,107,-1,DEPART,0
C3B93D0B,2755393,2755771.399,2755771399,999,1906,1935,90,90,FWD,29,107,-1,DEPART,0
C3B93D0B,2755394,2755772.400,2755772400,1001,1904,1935,90,90,FWD,29,107,-1,DEPART,0
C3B93D0B,2755395,2755773.399,2755773399,999,1904,1935,90,90,FWD,29,107,-1,DEPART,0
C3B93D0B,2755396,2755774.401,2755774401,1002,1905,1935,90,90,FWD,29,107,-1,DEPART,0
C3B93D0B,2755397,2755775.399,2755775399,998,1906,1935,90,90,FWD,29,107,-1,DEPART,0
C3B93D0B,2755398,2755776.400,2755776400,1001,1905,1935,90,90,FWD,29,107,-1,DEPART,0
C3B93D0B,2755399,2755777.399,2755777399,999,1906,1935,90,90,FWD,29,107,-1,DEPART,0
C3B93D0B,2755400,2755778.400,2755778400,1001,1906,1935,90,90,FWD,29,107,-1,DEPART,0
C3B93D0B,2755401,2755779.399,2755779399,999,1905,1935,90,90,FWD,29,107,-1,DEPART,0
C3B93D0B,2755402,2755780.400,2755780400,1001,1907,1935,90,90,FWD,29,107,-1,DEPART,0
C3B93D0B,2755403,2755781.399,2755781399,999,1904,1935,90,90,FWD,29,107,-1,DEPART,0
C3B93D0B,2755404,2755782.400,2755782400,1001,1904,1935,90,90,FWD,29,107,-1,DEPART,0
C3B93D0B,2755405,2755783.399,2755783399,999,1905,1935,90,90,FWD,29,107,-1,DEPART,0
C3B93D0B,2755406,2755784.401,2755784401,1002,1905,1935,90,90,FWD,29,107,-1,DEPART,0
C3B93D0B,2755407,2755785.539,2755785539,1138,1904,1935,90,90,FWD,29,107,-1,DEPART,0
C3B93D0B,2755408,2755786.399,2755786399,860,1904,1935,90,90,FWD,29,107,-1,DEPART,0
C3B93D0B,2755409,2755787.400,2755787400,1001,1905,1935,90,90,FWD,29,107,-1,DEPART,0
C3B93D0B,2755410,2755788.399,2755788399,999,1905,1935,90,90,FWD,29,107,-1,DEPART,0
C3B93D0B,2755411,2755789.400,2755789400,1001,1906,1935,90,90,FWD,29,107,-1,DEPART,0
C3B93D0B,2755412,2755790.399,2755790399,999,1906,1935,90,90,FWD,29,107,-1,DEPART,0
C3B93D0B,2755413,2755791.400,2755791400,1001,1905,1935,90,90,FWD,29,107,-1,DEPART,0
C3B93D0B,2755414,2755792.399,2755792399,999,1905,1935,90,90,FWD,29,107,-1,DEPART,0
C3B93D0B,2755415,2755793.400,2755793400,1001,1905,1935,90,90,FWD,29,107,-1,DEPART,0
C3B93D0B,2755416,2755794.400,2755794400,1000,1904,1935,90,90,FWD,29,107,-1,DEPART,0
C3B93D0B,2755417,2755795.400,2755795400,1000,1910,1935,90,90,FWD,29,107,-1,DEPART,0
C3B93D0B,2755418,2755796.399,2755796399,999,1906,1935,90,90,FWD,29,107,-1,DEPART,0
C3B93D0B,2755419,2755797.400,2755797400,1001,1904,1935,90,90,FWD,29,107,-1,DEPART,0
C3B93D0B,2755420,2755798.399,2755798399,999,1905,1935,90,90,FWD,29,107,-1,DEPART,0
C3B93D0B,2755421,2755799.400,2755799400,1001,1904,1935,90,90,FWD,29,107,-1,DEPART,0
C3B93D0B,2755422,2755800.399,2755800399,999,1904,1935,90,90,FWD,29,107,-1,DEPART,0
C3B93D0B,2755423,2755801.400,2755801400,1001,1905,1935,90,90,FWD,29,107,-1,DEPART,0
C3B93D0B,2755424,2755802.399,2755802399,999,1904,1935,90,90,FWD,29,107,-1,DEPART,0
C3B93D0B,2755425,2755803.452,2755803452,1053,1904,1935,90,90,FWD,29,107,-1,DEPART,0
C3B93D0B,2755426,2755804.400,2755804400,948,1904,1935,90,90,FWD,29,107,-1,DEPART,0
C3B93D0B,2755427,2755805.400,2755805400,1000,1905,1935,90,90,FWD,29,107,-1,DEPART,0
C3B93D0B,2755428,2755806.399,2755806399,999,1904,1935,90,90,FWD,29,107,-1,DEPART,0
C3B93D0B,2755429,2755807.400,2755807400,1001,1904,1935,90,90,FWD,29,107,-1,DEPART,0
C3B93D0B,2755430,2755808.890,2755808890,1490,1905,1935,90,90,FWD,61,107,-1,DEPART,0
C3B93D0B,2755431,2755809.400,2755809400,510,1906,1935,90,90,FWD,29,107,-1,DEPART,0
C3B93D0B,2755432,2755810.399,2755810399,999,1905,1935,90,90,FWD,29,107,-1,DEPART,0
C3B93D0B,2755433,2755811.400,2755811400,1001,1905,1935,90,90,FWD,29,107,-1,DEPART,0
C3B93D0B,2755434,2755812.399,2755812399,999,1904,1935,90,90,FWD,29,107,-1,DEPART,0
C3B93D0B,2755435,2755813.400,2755813400,1001,1905,1935,90,90,FWD,29,107,-1,DEPART,0
C3B93D0B,2755436,2755814.400,2755814400,1000,1904,1935,90,90,FWD,29,107,-1,DEPART,0
C3B93D0B,2755437,2755815.400,2755815400,1000,1906,1935,90,90,FWD,29,107,-1,DEPART,0
C3B93D0B,2755438,2755816.399,2755816399,999,1904,1935,90,90,FWD,29,107,-1,DEPART,0
C3B93D0B,2755439,2755817.400,2755817400,1001,1904,1935,90,90,FWD,29,107,-1,DEPART,0
C3B93D0B,2755440,2755818.399,2755818399,999,1904,1935,90,90,FWD,29,107,-1,DEPART,0
C3B93D0B,2755441,2755819.400,2755819400,1001,1904,1935,90,90,FWD,29,107,-1,DEPART,0
C3B93D0B,2755442,2755820.843,2755820843,1443,1904,1935,90,90,FWD,61,107,-1,DEPART,0
C3B93D0B,2755443,2755821.400,2755821400,557,1904,1935,90,90,FWD,29,107,-1,DEPART,0
C3B93D0B,2755444,2755822.399,2755822399,999,1906,1935,90,90,FWD,29,107,-1,DEPART,0
C3B93D0B,2755445,2755823.400,2755823400,1001,1904,1935,90,90,FWD,29,107,-1,DEPART,0
C3B93D0B,2755446,2755824.400,2755824400,1000,1904,1935,90,90,FWD,29,107,-1,DEPART,0
C3B93D0B,2755447,2755825.402,2755825402,1002,1904,1935,90,90,FWD,29,107,-1,DEPART,0
C3B93D0B,2755448,2755826.402,2755826402,1000,1905,1935,90,90,FWD,29,107,-1,DEPART,0
C3B93D0B,2755449,2755827.400,2755827400,998,1906,1935,90,90,FWD,29,107,-1,DEPART,0
C3B93D0B,2755450,2755828.399,2755828399,999,1904,1935,90,90,FWD,29,107,-1,DEPART,0
C3B93D0B,2755451,2755829.400,2755829400,1001,1904,1935,90,90,FWD,29,107,-1,DEPART,0
C3B93D0B,2755452,2755830.399,2755830399,999,1904,1935,90,90,FWD,29,107,-1,DEPART,0
C3B93D0B,2755453,2755831.400,2755831400,1001,1906,1935,90,90,FWD,29,107,-1,DEPART,0
C3B93D0B,2755454,2755832.971,2755832971,1571,1904,1935,90,90,FWD,61,107,-1,DEPART,0
C3B93D0B,2755455,2755833.400,2755833400,429,1903,1935,90,90,FWD,29,107,-1,DEPART,0
C3B93D0B,2755456,2755834.453,2755834453,1053,1904,1935,90,90,FWD,29,107,-1,DEPART,0
C3B93D0B,2755457,2755835.401,2755835401,948,1904,1935,90,90,FWD,29,107,-1,DEPART,0
C3B93D0B,2755458,2755836.399,2755836399,998,1904,1935,90,90,FWD,29,107,-1,DEPART,0
C3B93D0B,2755459,2755837.400,2755837400,1001,1905,1935,90,90,FWD,29,107,-1,DEPART,0
C3B93D0B,2755460,2755838.399,2755838399,999,1904,1935,90,90,FWD,29,107,-1,DEPART,0
C3B93D0B,2755461,2755839.400,2755839400,1001,1904,1935,90,90,FWD,29,107,-1,DEPART,0
C3B93D0B,2755462,2755840.399,2755840399,999,1904,1935,90,90,FWD,29,107,-1,DEPART,0
C3B93D0B,2755463,2755841.400,2755841400,1001,1904,1935,90,90,FWD,29,107,-1,DEPART,0
C3B93D0B,2755464,2755842.399,2755842399,999,1904,1935,90,90,FWD,29,107,-1,DEPART,0
C3B93D0B,2755465,2755843.400,2755843400,1001,1905,1935,90,90,FWD,29,107,-1,DEPART,0
C3B93D0B,2755466,2755844.399,2755844399,999,1905,1935,90,90,FWD,29,107,-1,DEPART,0
C3B93D0B,2755467,2755845.401,2755845401,1002,1904,1935,90,90,FWD,29,107,-1,DEPART,0
C3B93D0B,2755468,2755846.400,2755846400,999,1904,1935,90,90,FWD,29,107,-1,DEPART,0
C3B93D0B,2755469,2755847.400,2755847400,1000,1904,1935,90,90,FWD,29,107,-1,DEPART,0
C3B93D0B,2755470,2755848.399,2755848399,999,1904,1935,90,90,FWD,29,107,-1,DEPART,0
C3B93D0B,2755471,2755849.400,2755849400,1001,1903,1935,90,90,FWD,29,107,-1,DEPART,0
C3B93D0B,2755472,2755850.399,2755850399,999,1904,1935,90,90,FWD,29,107,-1,DEPART,0
C3B93D0B,2755473,2755851.400,2755851400,1001,1904,1935,90,90,FWD,29,107,-1,DEPART,0
C3B93D0B,2755474,2755852.399,2755852399,999,1904,1935,90,90,FWD,29,107,-1,DEPART,0
C3B93D0B,2755475,2755853.400,2755853400,1001,1904,1935,90,90,FWD,29,107,-1,DEPART,0
C3B93D0B,2755476,2755854.399,2755854399,999,1904,1935,90,90,FWD,29,107,-1,DEPART,0
C3B93D0B,2755477,2755855.401,2755855401,1002,1903,1935,90,90,FWD,29,107,-1,DEPART,0
C3B93D0B,2755478,2755856.399,2755856399,998,1904,1935,90,90,FWD,29,107,-1,DEPART,0
C3B93D0B,2755479,2755857.400,2755857400,1001,1904,1935,90,90,FWD,29,107,-1,DEPART,0
C3B93D0B,2755480,2755858.399,2755858399,999,1904,1935,90,90,FWD,29,107,-1,DEPART,0
C3B93D0B,2755481,2755859.400,2755859400,1001,1904,1935,90,90,FWD,29,107,-1,DEPART,0
C3B93D0B,2755482,2755860.399,2755860399,999,1903,1935,90,90,FWD,29,107,-1,DEPART,0
C3B93D0B,2755483,2755861.400,2755861400,1001,1904,1935,90,90,FWD,29,107,-1,DEPART,0
C3B93D0B,2755484,2755862.399,2755862399,999,1904,1935,90,90,FWD,29,107,-1,DEPART,0
C3B93D0B,2755485,2755863.400,2755863400,1001,1904,1935,90,90,FWD,29,107,-1,DEPART,0
C3B93D0B,2755486,2755864.399,2755864399,999,1904,1935,90,90,FWD,29,107,-1,DEPART,0
C3B93D0B,2755487,2755865.401,2755865401,1002,1904,1935,90,90,FWD,29,107,-1,DEPART,0
C3B93D0B,2755488,2755866.400,2755866400,999,1904,1935,90,90,FWD,29,107,-1,DEPART,0
C3B93D0B,2755489,2755867.400,2755867400,1000,1904,1935,90,90,FWD,29,107,-1,DEPART,0
C3B93D0B,2755490,2755868.399,2755868399,999,1904,1935,90,90,FWD,29,107,-1,DEPART,0
C3B93D0B,2755491,2755869.400,2755869400,1001,1903,1935,90,90,FWD,29,107,-1,DEPART,0
C3B93D0B,2755492,2755870.399,2755870399,999,1904,1935,90,90,FWD,29,107,-1,DEPART,0
C3B93D0B,2755493,2755871.400,2755871400,1001,1904,1935,90,90,FWD,29,107,-1,DEPART,0
C3B93D0B,2755494,2755872.399,2755872399,999,1904,1935,90,90,FWD,29,107,-1,DEPART,0
C3B93D0B,2755495,2755873.400,2755873400,1001,1904,1935,90,90,FWD,29,107,-1,DEPART,0
C3B93D0B,2755496,2755874.399,2755874399,999,1904,1935,90,90,FWD,29,107,-1,DEPART,0
C3B93D0B,2755497,2755875.401,2755875401,1002,1904,1935,90,90,FWD,29,107,-1,DEPART,0
C3B93D0B,2755498,2755876.400,2755876400,999,1904,1935,90,90,FWD,29,107,-1,DEPART,0
C3B93D0B,2755499,2755877.400,2755877400,1000,1904,1935,90,90,FWD,29,107,-1,DEPART,0
C3B93D0B,2755500,2755878.399,2755878399,999,1904,1935,90,90,FWD,29,107,-1,DEPART,0
C3B93D0B,2755501,2755879.480,2755879480,1081,1904,1935,90,90,FWD,29,107,-1,DEPART,0
C3B93D0B,2755502,2755880.399,2755880399,919,1904,1935,90,90,FWD,29,107,-1,DEPART,0
C3B93D0B,2755503,2755881.400,2755881400,1001,1904,1935,90,90,FWD,29,107,-1,DEPART,0
C3B93D0B,2755504,2755882.399,2755882399,999,1904,1935,90,90,FWD,29,107,-1,DEPART,0
C3B93D0B,2755505,2755883.400,2755883400,1001,1904,1935,90,90,FWD,29,107,-1,DEPART,0
C3B93D0B,2755506,2755884.500,2755884500,1100,1904,1935,90,90,FWD,29,107,-1,DEPART,0
C3B93D0B,2755507,2755885.401,2755885401,901,1904,1935,90,90,FWD,29,107,-1,DEPART,0
C3B93D0B,2755508,2755886.719,2755886719,1318,1904,1935,90,90,FWD,61,107,-1,DEPART,0
C3B93D0B,2755509,2755887.399,2755887399,680,1904,1935,90,90,FWD,29,107,-1,DEPART,0
C3B93D0B,2755510,2755888.400,2755888400,1001,1904,1935,90,90,FWD,29,107,-1,DEPART,0
C3B93D0B,2755511,2755889.399,2755889399,999,1904,1935,90,90,FWD,29,107,-1,DEPART,0
C3B93D0B,2755512,2755890.400,2755890400,1001,1904,1935,90,90,FWD,29,107,-1,DEPART,0
C3B93D0B,2755513,2755891.399,2755891399,999,1903,1935,90,90,FWD,29,107,-1,DEPART,0
C3B93D0B,2755514,2755892.400,2755892400,1001,1903,1935,90,90,FWD,29,107,-1,DEPART,0
C3B93D0B,2755515,2755893.399,2755893399,999,1904,1935,90,90,FWD,29,107,-1,DEPART,0
C3B93D0B,2755516,2755894.400,2755894400,1001,1903,1935,90,90,FWD,29,107,-1,DEPART,0
C3B93D0B,2755517,2755895.400,2755895400,1000,1903,1935,90,90,FWD,29,107,-1,DEPART,0
C3B93D0B,2755518,2755896.400,2755896400,1000,1903,1935,90,90,FWD,29,107,-1,DEPART,0
C3B93D0B,2755519,2755897.399,2755897399,999,1904,1935,90,90,FWD,29,107,-1,DEPART,0
C3B93D0B,2755520,2755898.400,2755898400,1001,1904,1935,90,90,FWD,29,107,-1,DEPART,0
C3B93D0B,2755521,2755899.399,2755899399,999,1904,1935,90,90,FWD,29,107,-1,DEPART,0
C3B93D0B,2755522,2755900.400,2755900400,1001,1903,1935,90,90,FWD,29,107,-1,DEPART,0
C3B93D0B,2755523,2755901.399,2755901399,999,1904,1935,90,90,FWD,29,107,-1,DEPART,0
C3B93D0B,2755524,2755902.400,2755902400,1001,1903,1935,90,90,FWD,29,107,-1,DEPART,0
C3B93D0B,2755525,2755903.399,2755903399,999,1904,1935,90,90,FWD,29,107,-1,DEPART,0
C3B93D0B,2755526,2755904.400,2755904400,1001,1904,1935,90,90,FWD,29,107,-1,DEPART,0
C3B93D0B,2755527,2755905.400,2755905400,1000,1901,1935,90,90,FWD,29,107,-1,DEPART,0
C3B93D0B,2755528,2755906.400,2755906400,1000,1903,1935,90,90,FWD,29,107,-1,DEPART,0
C3B93D0B,2755529,2755907.399,2755907399,999,1904,1935,90,90,FWD,29,107,-1,DEPART,0
C3B93D0B,2755530,2755908.400,2755908400,1001,1903,1935,90,90,FWD,29,107,-1,DEPART,0
C3B93D0B,2755531,2755909.399,2755909399,999,1903,1935,90,90,FWD,29,107,-1,DEPART,0
C3B93D0B,2755532,2755910.400,2755910400,1001,1903,1935,90,90,FWD,29,107,-1,DEPART,0
C3B93D0B,2755533,2755911.399,2755911399,999,1904,1935,90,90,FWD,29,107,-1,DEPART,0
C3B93D0B,2755534,2755912.400,2755912400,1001,1904,1935,90,90,FWD,29,107,-1,DEPART,0
C3B93D0B,2755535,2755913.399,2755913399,999,1904,1935,90,90,FWD,29,107,-1,DEPART,0
C3B93D0B,2755536,2755914.400,2755914400,1001,1903,1935,90,90,FWD,29,107,-1,DEPART,0
C3B93D0B,2755537,2755915.400,2755915400,1000,1903,1935,90,90,FWD,29,107,-1,DEPART,0
C3B93D0B,2755538,2755916.590,2755916590,1190,1901,1935,90,90,FWD,29,107,-1,DEPART,0
C3B93D0B,2755539,2755917.399,2755917399,809,1903,1935,90,90,FWD,29,107,-1,DEPART,0
C3B93D0B,2755540,2755918.400,2755918400,1001,1904,1935,90,90,FWD,29,107,-1,DEPART,0
C3B93D0B,2755541,2755919.399,2755919399,999,1903,1935,90,90,FWD,29,107,-1,DEPART,0
C3B93D0B,2755542,2755920.400,2755920400,1001,1903,1935,90,90,FWD,29,107,-1,DEPART,0
C3B93D0B,2755543,2755921.399,2755921399,999,1904,1935,90,90,FWD,29,107,-1,DEPART,0
C3B93D0B,2755544,2755922.400,2755922400,1001,1903,1935,90,90,FWD,29,107,-1,DEPART,0
C3B93D0B,2755545,2755923.399,2755923399,999,1902,1935,90,90,FWD,29,107,-1,DEPART,0
C3B93D0B,2755546,2755924.400,2755924400,1001,1902,1935,90,90,FWD,29,107,-1,DEPART,0
C3B93D0B,2755547,2755925.400,2755925400,1000,1904,1935,90,90,FWD,29,107,-1,DEPART,0
C3B93D0B,2755548,2755926.401,2755926401,1001,1904,1935,90,90,FWD,29,107,-1,DEPART,0
C3B93D0B,2755549,2755927.401,2755927401,1000,1904,1935,90,90,FWD,29,107,-1,DEPART,0
C3B93D0B,2755550,2755928.400,2755928400,999,1903,1935,90,90,FWD,29,107,-1,DEPART,0
C3B93D0B,2755551,2755929.614,2755929614,1214,1903,1935,90,90,FWD,29,107,-1,DEPART,0
C3B93D0B,2755552,2755930.400,2755930400,786,1904,1935,90,90,FWD,29,107,-1,DEPART,0
C3B93D0B,2755553,2755931.399,2755931399,999,1903,1935,90,90,FWD,29,107,-1,DEPART,0
C3B93D0B,2755554,2755932.400,2755932400,1001,1903,1935,90,90,FWD,29,107,-1,DEPART,0
C3B93D0B,2755555,2755933.399,2755933399,999,1904,1935,90,90,FWD,29,107,-1,DEPART,0
C3B93D0B,2755556,2755934.400,2755934400,1001,1903,1935,90,90,FWD,29,107,-1,DEPART,0
C3B93D0B,2755557,2755935.399,2755935399,999,1902,1935,90,90,FWD,29,107,-1,DEPART,0
C3B93D0B,2755558,2755936.401,2755936401,1002,1902,1935,90,90,FWD,29,107,-1,DEPART,0
C3B93D0B,2755559,2755937.399,2755937399,998,1904,1935,90,90,FWD,29,107,-1,DEPART,0
C3B93D0B,2755560,2755938.400,2755938400,1001,1904,1935,90,90,FWD,29,107,-1,DEPART,0
C3B93D0B,2755561,2755939.399,2755939399,999,1903,1935,90,90,FWD,29,107,-1,DEPART,0
C3B93D0B,2755562,2755940.400,2755940400,1001,1902,1935,90,90,FWD,29,107,-1,DEPART,0
C3B93D0B,2755563,2755941.399,2755941399,999,1904,1935,90,90,FWD,29,107,-1,DEPART,0
C3B93D0B,2755564,2755942.400,2755942400,1001,1902,1935,90,90,FWD,29,107,-1,DEPART,0
C3B93D0B,2755565,2755943.399,2755943399,999,1903,1935,90,90,FWD,29,107,-1,DEPART,0
C3B93D0B,2755566,2755944.400,2755944400,1001,1901,1935,90,90,FWD,29,107,-1,DEPART,0
C3B93D0B,2755567,2755945.399,2755945399,999,1903,1935,90,90,FWD,29,107,-1,DEPART,0
C3B93D0B,2755568,2755946.401,2755946401,1002,1902,1935,90,90,FWD,29,107,-1,DEPART,0
C3B93D0B,2755569,2755947.399,2755947399,998,1904,1935,90,90,FWD,29,107,-1,DEPART,0
C3B93D0B,2755570,2755948.400,2755948400,1001,1904,1935,90,90,FWD,29,107,-1,DEPART,0
C3B93D0B,2755571,2755949.399,2755949399,999,1903,1935,90,90,FWD,29,107,-1,DEPART,0
C3B93D0B,2755572,2755950.400,2755950400,1001,1901,1935,90,90,FWD,29,107,-1,DEPART,0
C3B93D0B,2755573,2755951.399,2755951399,999,1902,1935,90,90,FWD,29,107,-1,DEPART,0
C3B93D0B,2755574,2755952.400,2755952400,1001,1903,1935,90,90,FWD,29,107,-1,DEPART,0
C3B93D0B,2755575,2755953.399,2755953399,999,1903,1935,90,90,FWD,29,107,-1,DEPART,0
C3B93D0B,2755576,2755954.400,2755954400,1001,1903,1935,90,90,FWD,29,107,-1,DEPART,0
C3B93D0B,2755577,2755955.399,2755955399,999,1903,1935,90,90,FWD,29,107,-1,DEPART,0
C3B93D0B,2755578,2755956.401,2755956401,1002,1903,1935,90,90,FWD,29,107,-1,DEPART,0
C3B93D0B,2755579,2755957.399,2755957399,998,1904,1935,90,90,FWD,29,107,-1,DEPART,0
C3B93D0B,2755580,2755958.400,2755958400,1001,1903,1935,90,90,FWD,29,107,-1,DEPART,0
C3B93D0B,2755581,2755959.399,2755959399,999,1903,1935,90,90,FWD,29,107,-1,DEPART,0
C3B93D0B,2755582,2755960.400,2755960400,1001,1903,1935,90,90,FWD,29,107,-1,DEPART,0
C3B93D0B,2755583,2755961.399,2755961399,999,1904,1935,90,90,FWD,29,107,-1,DEPART,0
C3B93D0B,2755584,2755962.400,2755962400,1001,1903,1935,90,90,FWD,29,107,-1,DEPART,0
C3B93D0B,2755585,2755963.399,2755963399,999,1904,1935,90,90,FWD,29,107,-1,DEPART,0
C3B93D0B,2755586,2755964.400,2755964400,1001,1904,1935,90,90,FWD,29,107,-1,DEPART,0
C3B93D0B,2755587,2755965.399,2755965399,999,1903,1935,90,90,FWD,29,107,-1,DEPART,0
C3B93D0B,2755588,2755966.401,2755966401,1002,1903,1935,90,90,FWD,29,107,-1,DEPART,0
C3B93D0B,2755589,2755967.400,2755967400,999,1904,1935,90,90,FWD,29,107,-1,DEPART,0
C3B93D0B,2755590,2755968.400,2755968400,1000,1904,1935,90,90,FWD,29,107,-1,DEPART,0
C3B93D0B,2755591,2755969.399,2755969399,999,1904,1935,90,90,FWD,29,107,-1,DEPART,0
C3B93D0B,2755592,2755970.400,2755970400,1001,1902,1935,90,90,FWD,29,107,-1,DEPART,0
C3B93D0B,2755593,2755971.399,2755971399,999,1903,1935,90,90,FWD,29,107,-1,DEPART,0
C3B93D0B,2755594,2755972.400,2755972400,1001,1903,1935,90,90,FWD,29,107,-1,DEPART,0
C3B93D0B,2755595,2755973.399,2755973399,999,1904,1935,90,90,FWD,29,107,-1,DEPART,0
C3B93D0B,2755596,2755974.400,2755974400,1001,1901,1935,90,90,FWD,29,107,-1,DEPART,0
C3B93D0B,2755597,2755975.399,2755975399,999,1904,1935,90,90,FWD,29,107,-1,DEPART,0
C3B93D0B,2755598,2755976.401,2755976401,1002,1902,1935,90,90,FWD,29,107,-1,DEPART,0
C3B93D0B,2755599,2755977.399,2755977399,998,1903,1935,90,90,FWD,29,107,-1,DEPART,0
C3B93D0B,2755600,2755978.400,2755978400,1001,1903,1935,90,90,FWD,29,107,-1,DEPART,0
C3B93D0B,2755601,2755979.464,2755979464,1064,1902,1935,90,90,FWD,29,107,-1,DEPART,0
C3B93D0B,2755602,2755980.400,2755980400,936,1903,1935,90,90,FWD,29,107,-1,DEPART,0
C3B93D0B,2755603,2755981.399,2755981399,999,1904,1935,90,90,FWD,29,107,-1,DEPART,0
C3B93D0B,2755604,2755982.400,2755982400,1001,1902,1935,90,90,FWD,29,107,-1,DEPART,0
C3B93D0B,2755605,2755983.399,2755983399,999,1904,1935,90,90,FWD,29,107,-1,DEPART,0
C3B93D0B,2755606,2755984.400,2755984400,1001,1910,1935,90,90,FWD,29,107,-1,DEPART,0
C3B93D0B,2755607,2755985.399,2755985399,999,1914,1935,90,90,FWD,29,107,-1,DEPART,0
C3B93D0B,2755608,2755986.401,2755986401,1002,1911,1935,90,90,FWD,29,107,-1,DEPART,0
C3B93D0B,2755609,2755988.219,2755988219,1818,1902,1935,90,90,FWD,61,107,-1,DEPART,0
C3B93D0B,2755610,2755988.527,2755988527,308,1900,1935,90,90,FWD,29,107,-1,DEPART,0
C3B93D0B,2755611,2755989.400,2755989400,873,1902,1935,90,90,FWD,29,107,-1,DEPART,0
C3B93D0B,2755612,2755990.399,2755990399,999,1902,1935,90,90,FWD,29,107,-1,DEPART,0
C3B93D0B,2755613,2755991.400,2755991400,1001,1902,1935,90,90,FWD,29,107,-1,DEPART,0
C3B93D0B,2755614,2755992.399,2755992399,999,1903,1935,90,90,FWD,29,107,-1,DEPART,0
C3B93D0B,2755615,2755993.400,2755993400,1001,1903,1935,90,90,FWD,29,107,-1,DEPART,0
C3B93D0B,2755616,2755994.399,2755994399,999,1902,1935,90,90,FWD,29,107,-1,DEPART,0
C3B93D0B,2755617,2755995.400,2755995400,1001,1904,1935,90,90,FWD,29,107,-1,DEPART,0
C3B93D0B,2755618,2755996.400,2755996400,1000,1901,1935,90,90,FWD,29,107,-1,DEPART,0
C3B93D0B,2755619,2755997.400,2755997400,1000,1904,1935,90,90,FWD,29,107,-1,DEPART,0
C3B93D0B,2755620,2755998.399,2755998399,999,1901,1935,90,90,FWD,29,107,-1,DEPART,0
C3B93D0B,2755621,2755999.400,2755999400,1001,1902,1935,90,90,FWD,29,107,-1,DEPART,0
C3B93D0B,2755622,2756000.399,2756000399,999,1901,1935,90,90,FWD,29,107,-1,DEPART,0
C3B93D0B,2755623,2756001.400,2756001400,1001,1901,1935,90,90,FWD,29,107,-1,DEPART,0
C3B93D0B,2755624,2756002.399,2756002399,999,1902,1935,90,90,FWD,29,107,-1,DEPART,0
C3B93D0B,2755625,2756003.400,2756003400,1001,1902,1935,90,90,FWD,29,107,-1,DEPART,0
C3B93D0B,2755626,2756004.399,2756004399,999,1903,1935,90,90,FWD,29,107,-1,DEPART,0
C3B93D0B,2755627,2756005.400,2756005400,1001,1903,1935,90,90,FWD,29,107,-1,DEPART,0
C3B93D0B,2755628,2756006.400,2756006400,1000,1901,1935,90,90,FWD,29,107,-1,DEPART,0
C3B93D0B,2755629,2756007.400,2756007400,1000,1899,1935,90,90,FWD,29,107,-1,DEPART,0
C3B93D0B,2755630,2756008.399,2756008399,999,1903,1935,90,90,FWD,29,107,-1,DEPART,0
C3B93D0B,2755631,2756009.400,2756009400,1001,1902,1935,90,90,FWD,29,107,-1,DEPART,0
C3B93D0B,2755632,2756010.399,2756010399,999,1901,1935,90,90,FWD,29,107,-1,DEPART,0
C3B93D0B,2755633,2756011.400,2756011400,1001,1904,1935,90,90,FWD,29,107,-1,DEPART,0
C3B93D0B,2755634,2756012.399,2756012399,999,1902,1935,90,90,FWD,29,107,-1,DEPART,0
C3B93D0B,2755635,2756013.605,2756013605,1206,1901,1935,90,90,FWD,29,107,-1,DEPART,0
C3B93D0B,2755636,2756014.399,2756014399,794,1904,1935,90,90,FWD,29,107,-1,DEPART,0
C3B93D0B,2755637,2756015.400,2756015400,1001,1903,1935,90,90,FWD,29,107,-1,DEPART,0
C3B93D0B,2755638,2756016.400,2756016400,1000,1902,1935,90,90,FWD,29,107,-1,DEPART,0
C3B93D0B,2755639,2756017.400,2756017400,1000,1903,1935,90,90,FWD,29,107,-1,DEPART,0
C3B93D0B,2755640,2756018.399,2756018399,999,1903,1935,90,90,FWD,29,107,-1,DEPART,0
C3B93D0B,2755641,2756019.400,2756019400,1001,1902,1935,90,90,FWD,29,107,-1,DEPART,0
C3B93D0B,2755642,2756020.399,2756020399,999,1899,1935,90,90,FWD,29,107,-1,DEPART,0
C3B93D0B,2755643,2756021.400,2756021400,1001,1903,1935,90,90,FWD,29,107,-1,DEPART,0
C3B93D0B,2755644,2756022.399,2756022399,999,1904,1935,90,90,FWD,29,107,-1,DEPART,0
C3B93D0B,2755645,2756023.400,2756023400,1001,1903,1935,90,90,FWD,29,107,-1,DEPART,0
C3B93D0B,2755646,2756024.399,2756024399,999,1902,1935,90,90,FWD,29,107,-1,DEPART,0
C3B93D0B,2755647,2756025.400,2756025400,1001,1903,1935,90,90,FWD,29,107,-1,DEPART,0
C3B93D0B,2755648,2756026.400,2756026400,1000,1902,1935,90,90,FWD,29,107,-1,DEPART,0
C3B93D0B,2755649,2756027.401,2756027401,1001,1899,1935,90,90,FWD,29,107,-1,DEPART,0
C3B93D0B,2755650,2756028.402,2756028402,1001,1902,1935,90,90,FWD,29,107,-1,DEPART,0
C3B93D0B,2755651,2756029.400,2756029400,998,1902,1935,90,90,FWD,29,107,-1,DEPART,0
C3B93D0B,2755652,2756030.399,2756030399,999,1903,1935,90,90,FWD,29,107,-1,DEPART,0
C3B93D0B,2755653,2756031.400,2756031400,1001,1902,1935,90,90,FWD,29,107,-1,DEPART,0
C3B93D0B,2755654,2756032.399,2756032399,999,1903,1935,90,90,FWD,29,107,-1,DEPART,0
C3B93D0B,2755655,2756033.400,2756033400,1001,1904,1935,90,90,FWD,29,107,-1,DEPART,0
C3B93D0B,2755656,2756034.400,2756034400,1000,1899,1935,90,90,FWD,29,107,-1,DEPART,0
C3B93D0B,2755657,2756035.400,2756035400,1000,1901,1935,90,90,FWD,29,107,-1,DEPART,0
C3B93D0B,2755658,2756036.399,2756036399,999,1895,1935,90,90,FWD,29,107,-1,DEPART,0
C3B93D0B,2755659,2756037.401,2756037401,1002,1901,1935,90,90,FWD,29,107,-1,DEPART,0
C3B93D0B,2755660,2756038.399,2756038399,998,1904,1935,90,90,FWD,29,107,-1,DEPART,0
C3B93D0B,2755661,2756039.400,2756039400,1001,1904,1935,90,90,FWD,29,107,-1,DEPART,0
C3B93D0B,2755662,2756040.399,2756040399,999,1902,1935,90,90,FWD,29,107,-1,DEPART,0
C3B93D0B,2755663,2756041.400,2756041400,1001,1902,1935,90,90,FWD,29,107,-1,DEPART,0
C3B93D0B,2755664,2756042.399,2756042399,999,1904,1935,90,90,FWD,29,107,-1,DEPART,0
C3B93D0B,2755665,2756043.831,2756043831,1432,1903,1935,90,90,FWD,61,107,-1,DEPART,0
C3B93D0B,2755666,2756044.399,2756044399,568,1901,1935,90,90,FWD,29,107,-1,DEPART,0
C3B93D0B,2755667,2756045.400,2756045400,1001,1902,1935,90,90,FWD,29,107,-1,DEPART,0
C3B93D0B,2755668,2756046.399,2756046399,999,1902,1935,90,90,FWD,29,107,-1,DEPART,0
C3B93D0B,2755669,2756047.401,2756047401,1002,1902,1935,90,90,FWD,29,107,-1,DEPART,0
C3B93D0B,2755670,2756048.399,2756048399,998,1902,1935,90,90,FWD,29,107,-1,DEPART,0
C3B93D0B,2755671,2756049.400,2756049400,1001,1902,1935,90,90,FWD,29,107,-1,DEPART,0
C3B93D0B,2755672,2756050.399,2756050399,999,1903,1935,90,90,FWD,29,107,-1,DEPART,0
C3B93D0B,2755673,2756051.400,2756051400,1001,1903,1935,90,90,FWD,29,107,-1,DEPART,0
C3B93D0B,2755674,2756052.399,2756052399,999,1903,1935,90,90,FWD,29,107,-1,DEPART,0
C3B93D0B,2755675,2756053.400,2756053400,1001,1901,1935,90,90,FWD,29,107,-1,DEPART,0
C3B93D0B,2755676,2756054.399,2756054399,999,1902,1935,90,90,FWD,29,107,-1,DEPART,0
C3B93D0B,2755677,2756055.400,2756055400,1001,1903,1935,90,90,FWD,29,107,-1,DEPART,0
C3B93D0B,2755678,2756056.399,2756056399,999,1903,1935,90,90,FWD,29,107,-1,DEPART,0
C3B93D0B,2755679,2756057.401,2756057401,1002,1900,1935,90,90,FWD,29,107,-1,DEPART,0
C3B93D0B,2755680,2756058.400,2756058400,999,1900,1935,90,90,FWD,29,107,-1,DEPART,0
C3B93D0B,2755681,2756059.400,2756059400,1000,1902,1935,90,90,FWD,29,107,-1,DEPART,0
C3B93D0B,2755682,2756060.399,2756060399,999,1902,1935,90,90,FWD,29,107,-1,DEPART,0
C3B93D0B,2755683,2756061.400,2756061400,1001,1903,1935,90,90,FWD,29,107,-1,DEPART,0
C3B93D0B,2755684,2756062.399,2756062399,999,1902,1935,90,90,FWD,29,107,-1,DEPART,0
C3B93D0B,2755685,2756063.400,2756063400,1001,1903,1935,90,90,FWD,29,107,-1,DEPART,0
C3B93D0B,2755686,2756064.399,2756064399,999,1903,1935,90,90,FWD,29,107,-1,DEPART,0
C3B93D0B,2755687,2756065.400,2756065400,1001,1899,1935,90,90,FWD,29,107,-1,DEPART,0
C3B93D0B,2755688,2756066.399,2756066399,999,1902,1935,90,90,FWD,29,107,-1,DEPART,0
C3B93D0B,2755689,2756067.401,2756067401,1002,1904,1935,90,90,FWD,29,107,-1,DEPART,0
C3B93D0B,2755690,2756068.399,2756068399,998,1902,1935,90,90,FWD,29,107,-1,DEPART,0
C3B93D0B,2755691,2756069.400,2756069400,1001,1902,1935,90,90,FWD,29,107,-1,DEPART,0
C3B93D0B,2755692,2756070.399,2756070399,999,1902,1935,90,90,FWD,29,107,-1,DEPART,0
C3B93D0B,2755693,2756071.400,2756071400,1001,1898,1935,90,90,FWD,29,107,-1,DEPART,0
C3B93D0B,2755694,2756072.399,2756072399,999,1901,1935,90,90,FWD,29,107,-1,DEPART,0
C3B93D0B,2755695,2756073.400,2756073400,1001,1901,1935,90,90,FWD,29,107,-1,DEPART,0
C3B93D0B,2755696,2756074.399,2756074399,999,1902,1935,90,90,FWD,29,107,-1,DEPART,0
C3B93D0B,2755697,2756075.400,2756075400,1001,1901,1935,90,90,FWD,29,107,-1,DEPART,0
C3B93D0B,2755698,2756076.399,2756076399,999,1902,1935,90,90,FWD,29,107,-1,DEPART,0
C3B93D0B,2755699,2756077.401,2756077401,1002,1903,1935,90,90,FWD,29,107,-1,DEPART,0
C3B93D0B,2755700,2756078.748,2756078748,1347,1902,1935,90,90,FWD,61,107,-1,DEPART,0
C3B93D0B,2755701,2756079.399,2756079399,651,1900,1935,90,90,FWD,29,107,-1,DEPART,0
C3B93D0B,2755702,2756080.484,2756080484,1085,1899,1935,90,90,FWD,29,107,-1,DEPART,0
C3B93D0B,2755703,2756081.399,2756081399,915,1901,1935,90,90,FWD,29,107,-1,DEPART,0
C3B93D0B,2755704,2756082.400,2756082400,1001,1904,1935,90,90,FWD,29,107,-1,DEPART,0
C3B93D0B,2755705,2756083.399,2756083399,999,1901,1935,90,90,FWD,29,107,-1,DEPART,0
C3B93D0B,2755706,2756084.400,2756084400,1001,1901,1935,90,90,FWD,29,107,-1,DEPART,0
C3B93D0B,2755707,2756085.399,2756085399,999,1903,1935,90,90,FWD,29,107,-1,DEPART,0
C3B93D0B,2755708,2756086.400,2756086400,1001,1902,1935,90,90,FWD,29,107,-1,DEPART,0
C3B93D0B,2755709,2756087.400,2756087400,1000,1901,1935,90,90,FWD,29,107,-1,DEPART,0
C3B93D0B,2755710,2756088.400,2756088400,1000,1901,1935,90,90,FWD,29,107,-1,DEPART,0
C3B93D0B,2755711,2756089.399,2756089399,999,1902,1935,90,90,FWD,29,107,-1,DEPART,0
C3B93D0B,2755712,2756090.400,2756090400,1001,1902,1935,90,90,FWD,29,107,-1,DEPART,0
C3B93D0B,2755713,2756091.399,2756091399,999,1902,1935,90,90,FWD,29,107,-1,DEPART,0
C3B93D0B,2755714,2756092.400,2756092400,1001,1904,1935,90,90,FWD,29,107,-1,DEPART,0
C3B93D0B,2755715,2756093.435,2756093435,1035,1892,1935,90,90,FWD,29,107,-1,DEPART,0
C3B93D0B,2755716,2756094.400,2756094400,965,1900,1935,90,90,FWD,29,107,-1,DEPART,0
C3B93D0B,2755717,2756095.399,2756095399,999,1902,1935,90,90,FWD,29,107,-1,DEPART,0
C3B93D0B,2755718,2756096.400,2756096400,1001,1902,1935,90,90,FWD,29,107,-1,DEPART,0
C3B93D0B,2755719,2756097.400,2756097400,1000,1902,1935,90,90,FWD,29,107,-1,DEPART,0
C3B93D0B,2755720,2756098.400,2756098400,1000,1903,1935,90,90,FWD,29,107,-1,DEPART,0
C3B93D0B,2755721,2756099.399,2756099399,999,1902,1935,90,90,FWD,29,107,-1,DEPART,0
C3B93D0B,2755722,2756100.400,2756100400,1001,1902,1935,90,90,FWD,29,107,-1,DEPART,0
C3B93D0B,2755723,2756101.399,2756101399,999,1903,1935,90,90,FWD,29,107,-1,DEPART,0
C3B93D0B,2755724,2756102.400,2756102400,1001,1901,1935,90,90,FWD,29,107,-1,DEPART,0
C3B93D0B,2755725,2756103.399,2756103399,999,1902,1935,90,90,FWD,29,107,-1,DEPART,0
C3B93D0B,2755726,2756104.400,2756104400,1001,1900,1935,90,90,FWD,29,107,-1,DEPART,0
C3B93D0B,2755727,2756105.399,2756105399,999,1901,1935,90,90,FWD,29,107,-1,DEPART,0
C3B93D0B,2755728,2756106.400,2756106400,1001,1903,1935,90,90,FWD,29,107,-1,DEPART,0
C3B93D0B,2755729,2756107.400,2756107400,1000,1902,1935,90,90,FWD,29,107,-1,DEPART,0
C3B93D0B,2755730,2756108.400,2756108400,1000,1901,1935,90,90,FWD,29,107,-1,DEPART,0
C3B93D0B,2755731,2756109.399,2756109399,999,1902,1935,90,90,FWD,29,107,-1,DEPART,0
C3B93D0B,2755732,2756110.447,2756110447,1048,1903,1935,90,90,FWD,29,107,-1,DEPART,0
C3B93D0B,2755733,2756111.399,2756111399,952,1902,1935,90,90,FWD,29,107,-1,DEPART,0
C3B93D0B,2755734,2756112.400,2756112400,1001,1904,1935,90,90,FWD,29,107,-1,DEPART,0
C3B93D0B,2755735,2756113.399,2756113399,999,1901,1935,90,90,FWD,29,107,-1,DEPART,0
C3B93D0B,2755736,2756114.400,2756114400,1001,1899,1935,90,90,FWD,29,107,-1,DEPART,0
C3B93D0B,2755737,2756115.893,2756115893,1493,1901,1935,90,90,FWD,61,107,-1,DEPART,0
C3B93D0B,2755738,2756116.400,2756116400,507,1903,1935,90,90,FWD,29,107,-1,DEPART,0
C3B93D0B,2755739,2756117.400,2756117400,1000,1901,1935,90,90,FWD,29,107,-1,DEPART,0
C3B93D0B,2755740,2756118.402,2756118402,1002,1902,1935,90,90,FWD,29,107,-1,DEPART,0
C3B93D0B,2755741,2756119.402,2756119402,1000,1902,1935,90,90,FWD,29,107,-1,DEPART,0
C3B93D0B,2755742,2756120.400,2756120400,998,1898,1935,90,90,FWD,29,107,-1,DEPART,0
C3B93D0B,2755743,2756121.399,2756121399,999,1901,1935,90,90,FWD,29,107,-1,DEPART,0
C3B93D0B,2755744,2756122.400,2756122400,1001,1901,1935,90,90,FWD,29,107,-1,DEPART,0
C3B93D0B,2755745,2756123.399,2756123399,999,1903,1935,90,90,FWD,29,107,-1,DEPART,0
C3B93D0B,2755746,2756124.400,2756124400,1001,1902,1935,90,90,FWD,29,107,-1,DEPART,0
C3B93D0B,2755747,2756125.399,2756125399,999,1903,1935,90,90,FWD,29,107,-1,DEPART,0
C3B93D0B,2755748,2756126.400,2756126400,1001,1902,1935,90,90,FWD,29,107,-1,DEPART,0
C3B93D0B,2755749,2756127.399,2756127399,999,1903,1935,90,90,FWD,29,107,-1,DEPART,0
C3B93D0B,2755750,2756128.935,2756128935,1536,1902,1935,90,90,FWD,61,107,-1,DEPART,0
C3B93D0B,2755751,2756129.399,2756129399,464,1901,1935,90,90,FWD,29,107,-1,DEPART,0
C3B93D0B,2755752,2756130.400,2756130400,1001,1898,1935,90,90,FWD,29,107,-1,DEPART,0
C3B93D0B,2755753,2756131.399,2756131399,999,1903,1935,90,90,FWD,29,107,-1,DEPART,0
C3B93D0B,2755754,2756132.400,2756132400,1001,1903,1935,90,90,FWD,29,107,-1,DEPART,0
C3B93D0B,2755755,2756133.399,2756133399,999,1902,1935,90,90,FWD,29,107,-1,DEPART,0
C3B93D0B,2755756,2756134.400,2756134400,1001,1901,1935,90,90,FWD,29,107,-1,DEPART,0
C3B93D0B,2755757,2756135.399,2756135399,999,1902,1935,90,90,FWD,29,107,-1,DEPART,0
C3B93D0B,2755758,2756136.400,2756136400,1001,1901,1935,90,90,FWD,29,107,-1,DEPART,0
C3B93D0B,2755759,2756137.399,2756137399,999,1901,1935,90,90,FWD,29,107,-1,DEPART,0
C3B93D0B,2755760,2756138.401,2756138401,1002,1904,1935,90,90,FWD,29,107,-1,DEPART,0
C3B93D0B,2755761,2756139.400,2756139400,999,1902,1935,90,90,FWD,29,107,-1,DEPART,0
C3B93D0B,2755762,2756140.400,2756140400,1000,1902,1935,90,90,FWD,29,107,-1,DEPART,0
C3B93D0B,2755763,2756141.399,2756141399,999,1901,1935,90,90,FWD,29,107,-1,DEPART,0
C3B93D0B,2755764,2756142.400,2756142400,1001,1901,1935,90,90,FWD,29,107,-1,DEPART,0
C3B93D0B,2755765,2756143.399,2756143399,999,1903,1935,90,90,FWD,29,107,-1,DEPART,0
C3B93D0B,2755766,2756144.400,2756144400,1001,1901,1935,90,90,FWD,29,107,-1,DEPART,0
C3B93D0B,2755767,2756145.399,2756145399,999,1903,1935,90,90,FWD,29,107,-1,DEPART,0
C3B93D0B,2755768,2756146.400,2756146400,1001,1903,1935,90,90,FWD,29,107,-1,DEPART,0
C3B93D0B,2755769,2756147.399,2756147399,999,1901,1935,90,90,FWD,29,107,-1,DEPART,0
C3B93D0B,2755770,2756148.401,2756148401,1002,1900,1935,90,90,FWD,29,107,-1,DEPART,0
C3B93D0B,2755771,2756149.399,2756149399,998,1903,1935,90,90,FWD,29,107,-1,DEPART,0
C3B93D0B,2755772,2756150.400,2756150400,1001,1898,1935,90,90,FWD,29,107,-1,DEPART,0
C3B93D0B,2755773,2756151.399,2756151399,999,1902,1935,90,90,FWD,29,107,-1,DEPART,0
C3B93D0B,2755774,2756152.400,2756152400,1001,1901,1935,90,90,FWD,29,107,-1,DEPART,0
C3B93D0B,2755775,2756153.399,2756153399,999,1903,1935,90,90,FWD,29,107,-1,DEPART,0
C3B93D0B,2755776,2756154.400,2756154400,1001,1903,1935,90,90,FWD,29,107,-1,DEPART,0
C3B93D0B,2755777,2756155.399,2756155399,999,1903,1935,90,90,FWD,29,107,-1,DEPART,0
C3B93D0B,2755778,2756156.400,2756156400,1001,1903,1935,90,90,FWD,29,107,-1,DEPART,0
C3B93D0B,2755779,2756157.399,2756157399,999,1902,1935,90,90,FWD,29,107,-1,DEPART,0
C3B93D0B,2755780,2756158.401,2756158401,1002,1901,1935,90,90,FWD,29,107,-1,DEPART,0
C3B93D0B,2755781,2756159.399,2756159399,998,1901,1935,90,90,FWD,29,107,-1,DEPART,0
C3B93D0B,2755782,2756160.400,2756160400,1001,1902,1935,90,90,FWD,29,107,-1,DEPART,0
C3B93D0B,2755783,2756161.399,2756161399,999,1901,1935,90,90,FWD,29,107,-1,DEPART,0
C3B93D0B,2755784,2756162.400,2756162400,1001,1902,1935,90,90,FWD,29,107,-1,DEPART,0
C3B93D0B,2755785,2756163.399,2756163399,999,1902,1935,90,90,FWD,29,107,-1,DEPART,0
C3B93D0B,2755786,2756164.400,2756164400,1001,1899,1935,90,90,FWD,29,107,-1,DEPART,0
C3B93D0B,2755787,2756165.399,2756165399,999,1901,1935,90,90,FWD,29,107,-1,DEPART,0
C3B93D0B,2755788,2756166.531,2756166531,1132,1901,1935,90,90,FWD,29,107,-1,DEPART,0
C3B93D0B,2755789,2756167.399,2756167399,868,1901,1935,90,90,FWD,29,107,-1,DEPART,0
C3B93D0B,2755790,2756168.401,2756168401,1002,1901,1935,90,90,FWD,29,107,-1,DEPART,0
C3B93D0B,2755791,2756169.399,2756169399,998,1903,1935,90,90,FWD,29,107,-1,DEPART,0
C3B93D0B,2755792,2756170.400,2756170400,1001,1901,1935,90,90,FWD,29,107,-1,DEPART,0
C3B93D0B,2755793,2756171.399,2756171399,999,1900,1935,90,90,FWD,29,107,-1,DEPART,0
C3B93D0B,2755794,2756172.400,2756172400,1001,1902,1935,90,90,FWD,29,107,-1,DEPART,0
C3B93D0B,2755795,2756173.399,2756173399,999,1902,1935,90,90,FWD,29,107,-1,DEPART,0
C3B93D0B,2755796,2756174.400,2756174400,1001,1902,1935,90,90,FWD,29,107,-1,DEPART,0
C3B93D0B,2755797,2756175.399,2756175399,999,1900,1935,90,90,FWD,29,107,-1,DEPART,0
C3B93D0B,2755798,2756176.400,2756176400,1001,1899,1935,90,90,FWD,29,107,-1,DEPART,0
C3B93D0B,2755799,2756177.399,2756177399,999,1901,1935,90,90,FWD,29,107,-1,DEPART,0
C3B93D0B,2755800,2756178.785,2756178785,1386,1899,1935,90,90,FWD,61,107,-1,DEPART,0
C3B93D0B,2755801,2756179.723,2756179723,938,1899,1935,90,90,FWD,29,107,-1,DEPART,0
C3B93D0B,2755802,2756180.399,2756180399,676,1903,1935,90,90,FWD,29,107,-1,DEPART,0
C3B93D0B,2755803,2756181.400,2756181400,1001,1901,1935,90,90,FWD,29,107,-1,DEPART,0
C3B93D0B,2755804,2756182.399,2756182399,999,1901,1935,90,90,FWD,29,107,-1,DEPART,0
C3B93D0B,2755805,2756183.400,2756183400,1001,1899,1935,90,90,FWD,29,107,-1,DEPART,0
C3B93D0B,2755806,2756184.399,2756184399,999,1898,1935,90,90,FWD,29,107,-1,DEPART,0
C3B93D0B,2755807,2756185.400,2756185400,1001,1900,1935,90,90,FWD,29,107,-1,DEPART,0
C3B93D0B,2755808,2756186.399,2756186399,999,1901,1935,90,90,FWD,29,107,-1,DEPART,0
C3B93D0B,2755809,2756187.400,2756187400,1001,1901,1935,90,90,FWD,29,107,-1,DEPART,0
C3B93D0B,2755810,2756188.399,2756188399,999,1901,1935,90,90,FWD,29,107,-1,DEPART,0
C3B93D0B,2755811,2756189.401,2756189401,1002,1899,1935,90,90,FWD,29,107,-1,DEPART,0
C3B93D0B,2755812,2756190.399,2756190399,998,1901,1935,90,90,FWD,29,107,-1,DEPART,0
C3B93D0B,2755813,2756191.400,2756191400,1001,1899,1935,90,90,FWD,29,107,-1,DEPART,0
C3B93D0B,2755814,2756192.399,2756192399,999,1900,1935,90,90,FWD,29,107,-1,DEPART,0
C3B93D0B,2755815,2756193.400,2756193400,1001,1901,1935,90,90,FWD,29,107,-1,DEPART,0
C3B93D0B,2755816,2756194.399,2756194399,999,1900,1935,90,90,FWD,29,107,-1,DEPART,0
C3B93D0B,2755817,2756195.400,2756195400,1001,1901,1935,90,90,FWD,29,107,-1,DEPART,0
C3B93D0B,2755818,2756196.399,2756196399,999,1902,1935,90,90,FWD,29,107,-1,DEPART,0
C3B93D0B,2755819,2756197.400,2756197400,1001,1899,1935,90,90,FWD,29,107,-1,DEPART,0
C3B93D0B,2755820,2756198.399,2756198399,999,1904,1935,90,90,FWD,29,107,-1,DEPART,0
C3B93D0B,2755821,2756199.401,2756199401,1002,1900,1935,90,90,FWD,29,107,-1,DEPART,0
C3B93D0B,2755822,2756200.400,2756200400,999,1900,1935,90,90,FWD,29,107,-1,DEPART,0
C3B93D0B,2755823,2756201.400,2756201400,1000,1901,1935,90,90,FWD,29,107,-1,DEPART,0
C3B93D0B,2755824,2756202.399,2756202399,999,1902,1935,90,90,FWD,29,107,-1,DEPART,0
C3B93D0B,2755825,2756203.400,2756203400,1001,1901,1935,90,90,FWD,29,107,-1,DEPART,0
C3B93D0B,2755826,2756204.399,2756204399,999,1902,1935,90,90,FWD,29,107,-1,DEPART,0
C3B93D0B,2755827,2756205.400,2756205400,1001,1901,1935,90,90,FWD,29,107,-1,DEPART,0
C3B93D0B,2755828,2756206.399,2756206399,999,1902,1935,90,90,FWD,29,107,-1,DEPART,0
C3B93D0B,2755829,2756207.400,2756207400,1001,1898,1935,90,90,FWD,29,107,-1,DEPART,0
C3B93D0B,2755830,2756208.399,2756208399,999,1902,1935,90,90,FWD,29,107,-1,DEPART,0
C3B93D0B,2755831,2756209.401,2756209401,1002,1901,1935,90,90,FWD,29,107,-1,DEPART,0
C3B93D0B,2755832,2756210.399,2756210399,998,1899,1935,90,90,FWD,29,107,-1,DEPART,0
C3B93D0B,2755833,2756211.400,2756211400,1001,1899,1935,90,90,FWD,29,107,-1,DEPART,0
C3B93D0B,2755834,2756212.399,2756212399,999,1900,1935,90,90,FWD,29,107,-1,DEPART,0
C3B93D0B,2755835,2756213.400,2756213400,1001,1897,1935,90,90,FWD,29,107,-1,DEPART,0
C3B93D0B,2755836,2756214.399,2756214399,999,1902,1935,90,90,FWD,29,107,-1,DEPART,0
C3B93D0B,2755837,2756215.400,2756215400,1001,1901,1935,90,90,FWD,29,107,-1,DEPART,0
C3B93D0B,2755838,2756216.399,2756216399,999,1899,1935,90,90,FWD,29,107,-1,DEPART,0
C3B93D0B,2755839,2756217.400,2756217400,1001,1901,1935,90,90,FWD,29,107,-1,DEPART,0
C3B93D0B,2755840,2756218.447,2756218447,1047,1902,1935,90,90,FWD,29,107,-1,DEPART,0
C3B93D0B,2755841,2756219.681,2756219681,1234,1901,1935,90,90,FWD,29,107,-1,DEPART,0
C3B93D0B,2755842,2756220.400,2756220400,719,1899,1935,90,90,FWD,29,107,-1,DEPART,0
C3B93D0B,2755843,2756221.794,2756221794,1394,1901,1935,90,90,FWD,61,107,-1,DEPART,0
C3B93D0B,2755844,2756222.399,2756222399,605,1903,1935,90,90,FWD,29,107,-1,DEPART,0
C3B93D0B,2755845,2756223.400,2756223400,1001,1901,1935,90,90,FWD,29,107,-1,DEPART,0
C3B93D0B,2755846,2756224.399,2756224399,999,1901,1935,90,90,FWD,29,107,-1,DEPART,0
C3B93D0B,2755847,2756225.400,2756225400,1001,1899,1935,90,90,FWD,29,107,-1,DEPART,0
C3B93D0B,2755848,2756226.399,2756226399,999,1900,1935,90,90,FWD,29,107,-1,DEPART,0
C3B93D0B,2755849,2756227.400,2756227400,1001,1901,1935,90,90,FWD,29,107,-1,DEPART,0
C3B93D0B,2755850,2756228.399,2756228399,999,1902,1935,90,90,FWD,29,107,-1,DEPART,0
C3B93D0B,2755851,2756229.400,2756229400,1001,1900,1935,90,90,FWD,29,107,-1,DEPART,0
C3B93D0B,2755852,2756230.400,2756230400,1000,1899,1935,90,90,FWD,29,107,-1,DEPART,0
C3B93D0B,2755853,2756231.400,2756231400,1000,1903,1935,90,90,FWD,29,107,-1,DEPART,0
C3B93D0B,2755854,2756232.399,2756232399,999,1902,1935,90,90,FWD,29,107,-1,DEPART,0
C3B93D0B,2755855,2756233.400,2756233400,1001,1901,1935,90,90,FWD,29,107,-1,DEPART,0
C3B93D0B,2755856,2756234.399,2756234399,999,1901,1935,90,90,FWD,29,107,-1,DEPART,0
C3B93D0B,2755857,2756235.400,2756235400,1001,1902,1935,90,90,FWD,29,107,-1,DEPART,0
C3B93D0B,2755858,2756236.399,2756236399,999,1901,1935,90,90,FWD,29,107,-1,DEPART,0
C3B93D0B,2755859,2756237.400,2756237400,1001,1901,1935,90,90,FWD,29,107,-1,DEPART,0
C3B93D0B,2755860,2756238.399,2756238399,999,1901,1935,90,90,FWD,29,107,-1,DEPART,0
C3B93D0B,2755861,2756239.400,2756239400,1001,1899,1935,90,90,FWD,29,107,-1,DEPART,0
C3B93D0B,2755862,2756240.400,2756240400,1000,1902,1935,90,90,FWD,29,107,-1,DEPART,0
C3B93D0B,2755863,2756241.400,2756241400,1000,1904,1935,90,90,FWD,29,107,-1,DEPART,0
C3B93D0B,2755864,2756242.399,2756242399,999,1899,1935,90,90,FWD,29,107,-1,DEPART,0
C3B93D0B,2755865,2756243.400,2756243400,1001,1900,1935,90,90,FWD,29,107,-1,DEPART,0
C3B93D0B,2755866,2756244.399,2756244399,999,1898,1935,90,90,FWD,29,107,-1,DEPART,0
C3B93D0B,2755867,2756245.400,2756245400,1001,1899,1935,90,90,FWD,29,107,-1,DEPART,0
C3B93D0B,2755868,2756246.399,2756246399,999,1902,1935,90,90,FWD,29,107,-1,DEPART,0
C3B93D0B,2755869,2756247.400,2756247400,1001,1901,1935,90,90,FWD,29,107,-1,DEPART,0
C3B93D0B,2755870,2756248.399,2756248399,999,1899,1935,90,90,FWD,29,107,-1,DEPART,0
C3B93D0B,2755871,2756249.400,2756249400,1001,1898,1935,90,90,FWD,29,107,-1,DEPART,0
C3B93D0B,2755872,2756250.400,2756250400,1000,1900,1935,90,90,FWD,29,107,-1,DEPART,0
C3B93D0B,2755873,2756251.400,2756251400,1000,1900,1935,90,90,FWD,29,107,-1,DEPART,0
C3B93D0B,2755874,2756252.401,2756252401,1001,1898,1935,90,90,FWD,29,107,-1,DEPART,0
C3B93D0B,2755875,2756253.400,2756253400,999,1902,1935,90,90,FWD,29,107,-1,DEPART,0
C3B93D0B,2755876,2756254.399,2756254399,999,1901,1935,90,90,FWD,29,107,-1,DEPART,0
C3B93D0B,2755877,2756255.400,2756255400,1001,1903,1935,90,90,FWD,29,107,-1,DEPART,0
C3B93D0B,2755878,2756256.399,2756256399,999,1899,1935,90,90,FWD,29,107,-1,DEPART,0
C3B93D0B,2755879,2756257.400,2756257400,1001,1900,1935,90,90,FWD,29,107,-1,DEPART,0
C3B93D0B,2755880,2756258.399,2756258399,999,1901,1935,90,90,FWD,29,107,-1,DEPART,0
C3B93D0B,2755881,2756259.400,2756259400,1001,1901,1935,90,90,FWD,29,107,-1,DEPART,0
C3B93D0B,2755882,2756260.400,2756260400,1000,1901,1935,90,90,FWD,29,107,-1,DEPART,0
C3B93D0B,2755883,2756261.400,2756261400,1000,1903,1935,90,90,FWD,29,107,-1,DEPART,0
C3B93D0B,2755884,2756262.399,2756262399,999,1899,1935,90,90,FWD,29,107,-1,DEPART,0
C3B93D0B,2755885,2756263.400,2756263400,1001,1901,1935,90,90,FWD,29,107,-1,DEPART,0
C3B93D0B,2755886,2756264.399,2756264399,999,1901,1935,90,90,FWD,29,107,-1,DEPART,0
C3B93D0B,2755887,2756265.400,2756265400,1001,1901,1935,90,90,FWD,29,107,-1,DEPART,0
C3B93D0B,2755888,2756266.399,2756266399,999,1900,1935,90,90,FWD,29,107,-1,DEPART,0
C3B93D0B,2755889,2756267.400,2756267400,1001,1898,1935,90,90,FWD,29,107,-1,DEPART,0
C3B93D0B,2755890,2756268.399,2756268399,999,1897,1935,90,90,FWD,29,107,-1,DEPART,0
C3B93D0B,2755891,2756269.400,2756269400,1001,1902,1935,90,90,FWD,29,107,-1,DEPART,0
C3B93D0B,2755892,2756270.400,2756270400,1000,1897,1935,90,90,FWD,29,107,-1,DEPART,0
C3B93D0B,2755893,2756271.796,2756271796,1396,1901,1935,90,90,FWD,61,107,-1,DEPART,0
C3B93D0B,2755894,2756272.399,2756272399,603,1899,1935,90,90,FWD,29,107,-1,DEPART,0
C3B93D0B,2755895,2756273.400,2756273400,1001,1900,1935,90,90,FWD,29,107,-1,DEPART,0
C3B93D0B,2755896,2756274.399,2756274399,999,1902,1935,90,90,FWD,29,107,-1,DEPART,0
C3B93D0B,2755897,2756275.400,2756275400,1001,1899,1935,90,90,FWD,29,107,-1,DEPART,0
C3B93D0B,2755898,2756276.399,2756276399,999,1899,1935,90,90,FWD,29,107,-1,DEPART,0
C3B93D0B,2755899,2756277.400,2756277400,1001,1901,1935,90,90,FWD,29,107,-1,DEPART,0
C3B93D0B,2755900,2756278.399,2756278399,999,1901,1935,90,90,FWD,29,107,-1,DEPART,0
C3B93D0B,2755901,2756279.400,2756279400,1001,1898,1935,90,90,FWD,29,107,-1,DEPART,0
C3B93D0B,2755902,2756280.400,2756280400,1000,1901,1935,90,90,FWD,29,107,-1,DEPART,0
C3B93D0B,2755903,2756281.739,2756281739,1339,1898,1935,90,90,FWD,61,107,-1,DEPART,0
C3B93D0B,2755904,2756282.399,2756282399,660,1899,1935,90,90,FWD,29,107,-1,DEPART,0
C3B93D0B,2755905,2756283.400,2756283400,1001,1899,1935,90,90,FWD,29,107,-1,DEPART,0
C3B93D0B,2755906,2756284.399,2756284399,999,1899,1935,90,90,FWD,29,107,-1,DEPART,0
C3B93D0B,2755907,2756285.400,2756285400,1001,1901,1935,90,90,FWD,29,107,-1,DEPART,0
C3B93D0B,2755908,2756286.399,2756286399,999,1902,1935,90,90,FWD,29,107,-1,DEPART,0
C3B93D0B,2755909,2756287.400,2756287400,1001,1899,1935,90,90,FWD,29,107,-1,DEPART,0
C3B93D0B,2755910,2756288.399,2756288399,999,1901,1935,90,90,FWD,29,107,-1,DEPART,0
C3B93D0B,2755911,2756289.400,2756289400,1001,1899,1935,90,90,FWD,29,107,-1,DEPART,0
C3B93D0B,2755912,2756290.400,2756290400,1000,1898,1935,90,90,FWD,29,107,-1,DEPART,0
C3B93D0B,2755913,2756291.400,2756291400,1000,1899,1935,90,90,FWD,29,107,-1,DEPART,0
C3B93D0B,2755914,2756292.399,2756292399,999,1898,1935,90,90,FWD,29,107,-1,DEPART,0
C3B93D0B,2755915,2756293.400,2756293400,1001,1895,1935,90,90,FWD,29,107,-1,DEPART,0
C3B93D0B,2755916,2756294.399,2756294399,999,1900,1935,90,90,FWD,29,107,-1,DEPART,0
C3B93D0B,2755917,2756295.400,2756295400,1001,1899,1935,90,90,FWD,29,107,-1,DEPART,0
C3B93D0B,2755918,2756296.399,2756296399,999,1902,1935,90,90,FWD,29,107,-1,DEPART,0
C3B93D0B,2755919,2756297.400,2756297400,1001,1898,1935,90,90,FWD,29,107,-1,DEPART,0
C3B93D0B,2755920,2756298.399,2756298399,999,1901,1935,90,90,FWD,29,107,-1,DEPART,0
C3B93D0B,2755921,2756299.400,2756299400,1001,1900,1935,90,90,FWD,29,107,-1,DEPART,0
C3B93D0B,2755922,2756300.400,2756300400,1000,1899,1935,90,90,FWD,29,107,-1,DEPART,0
C3B93D0B,2755923,2756301.400,2756301400,1000,1900,1935,90,90,FWD,29,107,-1,DEPART,0
C3B93D0B,2755924,2756302.399,2756302399,999,1899,1935,90,90,FWD,29,107,-1,DEPART,0
C3B93D0B,2755925,2756303.400,2756303400,1001,1899,1935,90,90,FWD,29,107,-1,DEPART,0
C3B93D0B,2755926,2756304.399,2756304399,999,1903,1935,90,90,FWD,29,107,-1,DEPART,0
C3B93D0B,2755927,2756305.400,2756305400,1001,1899,1935,90,90,FWD,29,107,-1,DEPART,0
C3B93D0B,2755928,2756306.399,2756306399,999,1902,1935,90,90,FWD,29,107,-1,DEPART,0
C3B93D0B,2755929,2756307.400,2756307400,1001,1903,1935,90,90,FWD,29,107,-1,DEPART,0
C3B93D0B,2755930,2756308.399,2756308399,999,1902,1935,90,90,FWD,29,107,-1,DEPART,0
C3B93D0B,2755931,2756309.400,2756309400,1001,1902,1935,90,90,FWD,29,107,-1,DEPART,0
C3B93D0B,2755932,2756310.400,2756310400,1000,1900,1935,90,90,FWD,29,107,-1,DEPART,0
C3B93D0B,2755933,2756311.400,2756311400,1000,1902,1935,90,90,FWD,29,107,-1,DEPART,0
C3B93D0B,2755934,2756312.399,2756312399,999,1900,1935,90,90,FWD,29,107,-1,DEPART,0
C3B93D0B,2755935,2756313.400,2756313400,1001,1898,1935,90,90,FWD,29,107,-1,DEPART,0
C3B93D0B,2755936,2756314.399,2756314399,999,1901,1935,90,90,FWD,29,107,-1,DEPART,0
C3B93D0B,2755937,2756315.400,2756315400,1001,1897,1935,90,90,FWD,29,107,-1,DEPART,0
C3B93D0B,2755938,2756316.399,2756316399,999,1900,1935,90,90,FWD,29,107,-1,DEPART,0
C3B93D0B,2755939,2756317.400,2756317400,1001,1898,1935,90,90,FWD,29,107,-1,DEPART,0
C3B93D0B,2755940,2756318.399,2756318399,999,1901,1935,90,90,FWD,29,107,-1,DEPART,0
C3B93D0B,2755941,2756319.400,2756319400,1001,1901,1935,90,90,FWD,29,107,-1,DEPART,0
C3B93D0B,2755942,2756320.400,2756320400,1000,1901,1935,90,90,FWD,29,107,-1,DEPART,0
C3B93D0B,2755943,2756322.443,2756322443,2043,1899,1935,90,90,FWD,61,107,-1,DEPART,0
C3B93D0B,2755944,2756322.782,2756322782,339,1899,1935,90,90,FWD,29,107,-1,DEPART,0
C3B93D0B,2755945,2756323.400,2756323400,618,1898,1935,90,90,FWD,29,107,-1,DEPART,0
C3B93D0B,2755946,2756324.399,2756324399,999,1901,1935,90,90,FWD,29,107,-1,DEPART,0
C3B93D0B,2755947,2756325.400,2756325400,1001,1898,1935,90,90,FWD,29,107,-1,DEPART,0
C3B93D0B,2755948,2756326.399,2756326399,999,1899,1935,90,90,FWD,29,107,-1,DEPART,0
C3B93D0B,2755949,2756327.400,2756327400,1001,1902,1935,90,90,FWD,29,107,-1,DEPART,0
C3B93D0B,2755950,2756328.399,2756328399,999,1903,1935,90,90,FWD,29,107,-1,DEPART,0
C3B93D0B,2755951,2756329.400,2756329400,1001,1902,1935,90,90,FWD,29,107,-1,DEPART,0
C3B93D0B,2755952,2756330.529,2756330529,1129,1898,1935,90,90,FWD,29,107,-1,DEPART,0
C3B93D0B,2755953,2756331.401,2756331401,872,1899,1935,90,90,FWD,29,107,-1,DEPART,0
C3B93D0B,2755954,2756332.399,2756332399,998,1902,1935,90,90,FWD,29,107,-1,DEPART,0
C3B93D0B,2755955,2756333.950,2756333950,1551,1898,1935,90,90,FWD,61,107,-1,DEPART,0
C3B93D0B,2755956,2756334.399,2756334399,449,1901,1935,90,90,FWD,29,107,-1,DEPART,0
C3B93D0B,2755957,2756335.400,2756335400,1001,1899,1935,90,90,FWD,29,107,-1,DEPART,0
C3B93D0B,2755958,2756336.399,2756336399,999,1899,1935,90,90,FWD,29,107,-1,DEPART,0
C3B93D0B,2755959,2756337.400,2756337400,1001,1900,1935,90,90,FWD,29,107,-1,DEPART,0
C3B93D0B,2755960,2756338.399,2756338399,999,1898,1935,90,90,FWD,29,107,-1,DEPART,0
C3B93D0B,2755961,2756339.400,2756339400,1001,1901,1935,90,90,FWD,29,107,-1,DEPART,0
C3B93D0B,2755962,2756340.399,2756340399,999,1901,1935,90,90,FWD,29,107,-1,DEPART,0
C3B93D0B,2755963,2756341.401,2756341401,1002,1898,1935,90,90,FWD,29,107,-1,DEPART,0
C3B93D0B,2755964,2756342.399,2756342399,998,1899,1935,90,90,FWD,29,107,-1,DEPART,0
C3B93D0B,2755965,2756343.400,2756343400,1001,1900,1935,90,90,FWD,29,107,-1,DEPART,0
C3B93D0B,2755966,2756344.399,2756344399,999,1899,1935,90,90,FWD,29,107,-1,DEPART,0
C3B93D0B,2755967,2756345.400,2756345400,1001,1899,1935,90,90,FWD,29,107,-1,DEPART,0
C3B93D0B,2755968,2756346.399,2756346399,999,1900,1935,90,90,FWD,29,107,-1,DEPART,0
C3B93D0B,2755969,2756347.400,2756347400,1001,1899,1935,90,90,FWD,29,107,-1,DEPART,0
C3B93D0B,2755970,2756348.399,2756348399,999,1901,1935,90,90,FWD,29,107,-1,DEPART,0
C3B93D0B,2755971,2756349.400,2756349400,1001,1901,1935,90,90,FWD,29,107,-1,DEPART,0
C3B93D0B,2755972,2756350.399,2756350399,999,1899,1935,90,90,FWD,29,107,-1,DEPART,0
C3B93D0B,2755973,2756351.401,2756351401,1002,1899,1935,90,90,FWD,29,107,-1,DEPART,0
C3B93D0B,2755974,2756352.399,2756352399,998,1903,1935,90,90,FWD,29,107,-1,DEPART,0
C3B93D0B,2755975,2756353.400,2756353400,1001,1899,1935,90,90,FWD,29,107,-1,DEPART,0
C3B93D0B,2755976,2756354.399,2756354399,999,1899,1935,90,90,FWD,29,107,-1,DEPART,0
C3B93D0B,2755977,2756355.400,2756355400,1001,1899,1935,90,90,FWD,29,107,-1,DEPART,0
C3B93D0B,2755978,2756356.399,2756356399,999,1899,1935,90,90,FWD,29,107,-1,DEPART,0
C3B93D0B,2755979,2756357.400,2756357400,1001,1899,1935,90,90,FWD,29,107,-1,DEPART,0
C3B93D0B,2755980,2756358.399,2756358399,999,1899,1935,90,90,FWD,29,107,-1,DEPART,0
C3B93D0B,2755981,2756359.400,2756359400,1001,1899,1935,90,90,FWD,29,107,-1,DEPART,0
C3B93D0B,2755982,2756360.399,2756360399,999,1899,1935,90,90,FWD,29,107,-1,DEPART,0
C3B93D0B,2755983,2756361.401,2756361401,1002,1899,1935,90,90,FWD,29,107,-1,DEPART,0
C3B93D0B,2755984,2756362.399,2756362399,998,1899,1935,90,90,FWD,29,107,-1,DEPART,0
C3B93D0B,2755985,2756363.400,2756363400,1001,1901,1935,90,90,FWD,29,107,-1,DEPART,0
C3B93D0B,2755986,2756364.399,2756364399,999,1901,1935,90,90,FWD,29,107,-1,DEPART,0
C3B93D0B,2755987,2756365.400,2756365400,1001,1899,1935,90,90,FWD,29,107,-1,DEPART,0
C3B93D0B,2755988,2756366.399,2756366399,999,1899,1935,90,90,FWD,29,107,-1,DEPART,0
C3B93D0B,2755989,2756367.400,2756367400,1001,1900,1935,90,90,FWD,29,107,-1,DEPART,0
C3B93D0B,2755990,2756368.399,2756368399,999,1899,1935,90,90,FWD,29,107,-1,DEPART,0
C3B93D0B,2755991,2756369.400,2756369400,1001,1895,1935,90,90,FWD,29,107,-1,DEPART,0
C3B93D0B,2755992,2756370.399,2756370399,999,1898,1935,90,90,FWD,29,107,-1,DEPART,0
C3B93D0B,2755993,2756371.401,2756371401,1002,1899,1935,90,90,FWD,29,107,-1,DEPART,0
C3B93D0B,2755994,2756372.400,2756372400,999,1901,1935,90,90,FWD,29,107,-1,DEPART,0
C3B93D0B,2755995,2756373.400,2756373400,1000,1900,1935,90,90,FWD,29,107,-1,DEPART,0
C3B93D0B,2755996,2756374.399,2756374399,999,1901,1935,90,90,FWD,29,107,-1,DEPART,0
C3B93D0B,2755997,2756375.400,2756375400,1001,1901,1935,90,90,FWD,29,107,-1,DEPART,0
C3B93D0B,2755998,2756376.399,2756376399,999,1901,1935,90,90,FWD,29,107,-1,DEPART,0
C3B93D0B,2755999,2756377.400,2756377400,1001,1899,1935,90,90,FWD,29,107,-1,DEPART,0
C3B93D0B,2756000,2756378.517,2756378517,1117,1901,1935,90,90,FWD,29,107,-1,DEPART,0
C3B93D0B,2756001,2756379.623,2756379623,1106,1899,1935,90,90,FWD,29,107,-1,DEPART,0
C3B93D0B,2756002,2756380.399,2756380399,776,1899,1935,90,90,FWD,29,107,-1,DEPART,0
C3B93D0B,2756003,2756381.401,2756381401,1002,1901,1935,90,90,FWD,29,107,-1,DEPART,0
C3B93D0B,2756004,2756382.760,2756382760,1359,1900,1935,90,90,FWD,61,107,-1,DEPART,0
C3B93D0B,2756005,2756383.399,2756383399,639,1899,1935,90,90,FWD,29,107,-1,DEPART,0
C3B93D0B,2756006,2756384.400,2756384400,1001,1899,1935,90,90,FWD,29,107,-1,DEPART,0
C3B93D0B,2756007,2756385.399,2756385399,999,1899,1935,90,90,FWD,29,107,-1,DEPART,0
C3B93D0B,2756008,2756386.511,2756386511,1112,1901,1935,90,90,FWD,29,107,-1,DEPART,0
C3B93D0B,2756009,2756387.399,2756387399,888,1899,1935,90,90,FWD,29,107,-1,DEPART,0
C3B93D0B,2756010,2756388.400,2756388400,1001,1899,1935,90,90,FWD,29,107,-1,DEPART,0
C3B93D0B,2756011,2756389.399,2756389399,999,1899,1935,90,90,FWD,29,107,-1,DEPART,0
C3B93D0B,2756012,2756390.400,2756390400,1001,1901,1935,90,90,FWD,29,107,-1,DEPART,0
C3B93D0B,2756013,2756391.400,2756391400,1000,1900,1935,90,90,FWD,29,107,-1,DEPART,0
C3B93D0B,2756014,2756392.400,2756392400,1000,1900,1935,90,90,FWD,29,107,-1,DEPART,0
C3B93D0B,2756015,2756393.399,2756393399,999,1899,1935,90,90,FWD,29,107,-1,DEPART,0
C3B93D0B,2756016,2756394.400,2756394400,1001,1899,1935,90,90,FWD,29,107,-1,DEPART,0
C3B93D0B,2756017,2756395.399,2756395399,999,1899,1935,90,90,FWD,29,107,-1,DEPART,0
C3B93D0B,2756018,2756396.400,2756396400,1001,1899,1935,90,90,FWD,29,107,-1,DEPART,0
C3B93D0B,2756019,2756397.399,2756397399,999,1901,1935,90,90,FWD,29,107,-1,DEPART,0
C3B93D0B,2756020,2756398.400,2756398400,1001,1899,1935,90,90,FWD,29,107,-1,DEPART,0
C3B93D0B,2756021,2756399.399,2756399399,999,1901,1935,90,90,FWD,29,107,-1,DEPART,0
C3B93D0B,2756022,2756400.400,2756400400,1001,1900,1935,90,90,FWD,29,107,-1,DEPART,0
C3B93D0B,2756023,2756401.400,2756401400,1000,1898,1935,90,90,FWD,29,107,-1,DEPART,0
C3B93D0B,2756024,2756402.400,2756402400,1000,1899,1935,90,90,FWD,29,107,-1,DEPART,0
C3B93D0B,2756025,2756403.399,2756403399,999,1901,1935,90,90,FWD,29,107,-1,DEPART,0
C3B93D0B,2756026,2756404.400,2756404400,1001,1899,1935,90,90,FWD,29,107,-1,DEPART,0
C3B93D0B,2756027,2756405.399,2756405399,999,1899,1935,90,90,FWD,29,107,-1,DEPART,0
C3B93D0B,2756028,2756406.400,2756406400,1001,1901,1935,90,90,FWD,29,107,-1,DEPART,0
C3B93D0B,2756029,2756407.399,2756407399,999,1901,1935,90,90,FWD,29,107,-1,DEPART,0
C3B93D0B,2756030,2756408.400,2756408400,1001,1899,1935,90,90,FWD,29,107,-1,DEPART,0
C3B93D0B,2756031,2756409.399,2756409399,999,1899,1935,90,90,FWD,29,107,-1,DEPART,0
C3B93D0B,2756032,2756410.400,2756410400,1001,1902,1935,90,90,FWD,29,107,-1,DEPART,0
C3B93D0B,2756033,2756411.400,2756411400,1000,1900,1935,90,90,FWD,29,107,-1,DEPART,0
C3B93D0B,2756034,2756412.400,2756412400,1000,1901,1935,90,90,FWD,29,107,-1,DEPART,0
C3B93D0B,2756035,2756413.399,2756413399,999,1899,1935,90,90,FWD,29,107,-1,DEPART,0
C3B93D0B,2756036,2756414.400,2756414400,1001,1901,1935,90,90,FWD,29,107,-1,DEPART,0
C3B93D0B,2756037,2756415.399,2756415399,999,1899,1935,90,90,FWD,29,107,-1,DEPART,0
C3B93D0B,2756038,2756416.572,2756416572,1173,1901,1935,90,90,FWD,29,107,-1,DEPART,0
C3B93D0B,2756039,2756417.452,2756417452,880,1899,1935,90,90,FWD,29,107,-1,DEPART,0
C3B93D0B,2756040,2756418.400,2756418400,948,1902,1935,90,90,FWD,29,107,-1,DEPART,0
C3B93D0B,2756041,2756419.399,2756419399,999,1901,1935,90,90,FWD,29,107,-1,DEPART,0
C3B93D0B,2756042,2756420.400,2756420400,1001,1900,1935,90,90,FWD,29,107,-1,DEPART,0
C3B93D0B,2756043,2756421.400,2756421400,1000,1899,1935,90,90,FWD,29,107,-1,DEPART,0
C3B93D0B,2756044,2756423.508,2756423508,2108,1900,1935,90,90,FWD,61,107,-1,DEPART,0
C3B93D0B,2756045,2756423.847,2756423847,339,1899,1935,90,90,FWD,29,107,-1,DEPART,0
C3B93D0B,2756046,2756425.065,2756425065,1218,1899,1935,90,90,FWD,29,107,-1,DEPART,0
C3B93D0B,2756047,2756425.399,2756425399,334,1898,1935,90,90,FWD,29,107,-1,DEPART,0
C3B93D0B,2756048,2756426.400,2756426400,1001,1899,1935,90,90,FWD,29,107,-1,DEPART,0
C3B93D0B,2756049,2756427.399,2756427399,999,1901,1935,90,90,FWD,29,107,-1,DEPART,0
C3B93D0B,2756050,2756428.400,2756428400,1001,1900,1935,90,90,FWD,29,107,-1,DEPART,0
C3B93D0B,2756051,2756429.399,2756429399,999,1902,1935,90,90,FWD,29,107,-1,DEPART,0
C3B93D0B,2756052,2756430.673,2756430673,1274,1899,1935,90,90,FWD,61,107,-1,DEPART,0
C3B93D0B,2756053,2756431.399,2756431399,726,1900,1935,90,90,FWD,29,107,-1,DEPART,0
C3B93D0B,2756054,2756432.401,2756432401,1002,1899,1935,90,90,FWD,29,107,-1,DEPART,0
C3B93D0B,2756055,2756433.399,2756433399,998,1901,1935,90,90,FWD,29,107,-1,DEPART,0
C3B93D0B,2756056,2756434.400,2756434400,1001,1899,1935,90,90,FWD,29,107,-1,DEPART,0
C3B93D0B,2756057,2756435.399,2756435399,999,1898,1935,90,90,FWD,29,107,-1,DEPART,0
C3B93D0B,2756058,2756436.400,2756436400,1001,1898,1935,90,90,FWD,29,107,-1,DEPART,0
C3B93D0B,2756059,2756437.399,2756437399,999,1901,1935,90,90,FWD,29,107,-1,DEPART,0
C3B93D0B,2756060,2756438.400,2756438400,1001,1901,1935,90,90,FWD,29,107,-1,DEPART,0
C3B93D0B,2756061,2756439.399,2756439399,999,1899,1935,90,90,FWD,29,107,-1,DEPART,0
C3B93D0B,2756062,2756440.400,2756440400,1001,1899,1935,90,90,FWD,29,107,-1,DEPART,0
C3B93D0B,2756063,2756441.399,2756441399,999,1898,1935,90,90,FWD,29,107,-1,DEPART,0
C3B93D0B,2756064,2756442.401,2756442401,1002,1900,1935,90,90,FWD,29,107,-1,DEPART,0
C3B93D0B,2756065,2756443.399,2756443399,998,1899,1935,90,90,FWD,29,107,-1,DEPART,0
C3B93D0B,2756066,2756444.400,2756444400,1001,1901,1935,90,90,FWD,29,107,-1,DEPART,0
C3B93D0B,2756067,2756445.399,2756445399,999,1899,1935,90,90,FWD,29,107,-1,DEPART,0
C3B93D0B,2756068,2756446.400,2756446400,1001,1901,1935,90,90,FWD,29,107,-1,DEPART,0
C3B93D0B,2756069,2756447.399,2756447399,999,1901,1935,90,90,FWD,29,107,-1,DEPART,0
C3B93D0B,2756070,2756448.400,2756448400,1001,1901,1935,90,90,FWD,29,107,-1,DEPART,0
C3B93D0B,2756071,2756449.399,2756449399,999,1901,1935,90,90,FWD,29,107,-1,DEPART,0
C3B93D0B,2756072,2756450.400,2756450400,1001,1899,1935,90,90,FWD,29,107,-1,DEPART,0
C3B93D0B,2756073,2756451.399,2756451399,999,1902,1935,90,90,FWD,29,107,-1,DEPART,0
C3B93D0B,2756074,2756452.401,2756452401,1002,1898,1935,90,90,FWD,29,107,-1,DEPART,0
C3B93D0B,2756075,2756453.401,2756453401,1000,1900,1935,90,90,FWD,29,107,-1,DEPART,0
C3B93D0B,2756076,2756454.403,2756454403,1002,1895,1935,90,90,FWD,29,107,-1,DEPART,0
C3B93D0B,2756077,2756455.401,2756455401,998,1899,1935,90,90,FWD,29,107,-1,DEPART,0
C3B93D0B,2756078,2756456.401,2756456401,1000,1898,1935,90,90,FWD,29,107,-1,DEPART,0
C3B93D0B,2756079,2756457.400,2756457400,999,1897,1935,90,90,FWD,29,107,-1,DEPART,0
C3B93D0B,2756080,2756458.399,2756458399,999,1899,1935,90,90,FWD,29,107,-1,DEPART,0
C3B93D0B,2756081,2756459.400,2756459400,1001,1899,1935,90,90,FWD,29,107,-1,DEPART,0
C3B93D0B,2756082,2756460.399,2756460399,999,1899,1935,90,90,FWD,29,107,-1,DEPART,0
C3B93D0B,2756083,2756461.400,2756461400,1001,1899,1935,90,90,FWD,29,107,-1,DEPART,0
C3B93D0B,2756084,2756462.399,2756462399,999,1899,1935,90,90,FWD,29,107,-1,DEPART,0
C3B93D0B,2756085,2756463.400,2756463400,1001,1898,1935,90,90,FWD,29,107,-1,DEPART,0
C3B93D0B,2756086,2756464.399,2756464399,999,1899,1935,90,90,FWD,29,107,-1,DEPART,0
C3B93D0B,2756087,2756465.400,2756465400,1001,1901,1935,90,90,FWD,29,107,-1,DEPART,0
C3B93D0B,2756088,2756466.400,2756466400,1000,1893,1935,90,90,FWD,29,107,-1,DEPART,0
C3B93D0B,2756089,2756467.400,2756467400,1000,1900,1935,90,90,FWD,29,107,-1,DEPART,0
C3B93D0B,2756090,2756468.400,2756468400,1000,1899,1935,90,90,FWD,29,107,-1,DEPART,0
C3B93D0B,2756091,2756470.800,2756470800,2400,1900,1935,90,90,FWD,61,107,-1,DEPART,0
C3B93D0B,2756092,2756471.370,2756471370,570,1900,1935,90,90,FWD,29,107,-1,DEPART,0
C3B93D0B,2756093,2756471.614,2756471614,244,1899,1935,90,90,FWD,29,107,-1,DEPART,0
C3B93D0B,2756094,2756472.399,2756472399,785,1898,1935,90,90,FWD,29,107,-1,DEPART,0
C3B93D0B,2756095,2756473.488,2756473488,1089,1898,1935,90,90,FWD,29,107,-1,DEPART,0
C3B93D0B,2756096,2756474.399,2756474399,911,1899,1935,90,90,FWD,29,107,-1,DEPART,0
C3B93D0B,2756097,2756475.400,2756475400,1001,1898,1935,90,90,FWD,29,107,-1,DEPART,0
C3B93D0B,2756098,2756476.400,2756476400,1000,1899,1935,90,90,FWD,29,107,-1,DEPART,0
C3B93D0B,2756099,2756477.400,2756477400,1000,1898,1935,90,90,FWD,29,107,-1,DEPART,0
C3B93D0B,2756100,2756478.399,2756478399,999,1900,1935,90,90,FWD,29,107,-1,DEPART,0
C3B93D0B,2756101,2756479.400,2756479400,1001,1899,1935,90,90,FWD,29,107,-1,DEPART,0
C3B93D0B,2756102,2756480.399,2756480399,999,1899,1935,90,90,FWD,29,107,-1,DEPART,0
C3B93D0B,2756103,2756481.400,2756481400,1001,1898,1935,90,90,FWD,29,107,-1,DEPART,0
C3B93D0B,2756104,2756482.399,2756482399,999,1898,1935,90,90,FWD,29,107,-1,DEPART,0
C3B93D0B,2756105,2756483.400,2756483400,1001,1900,1935,90,90,FWD,29,107,-1,DEPART,0
C3B93D0B,2756106,2756484.399,2756484399,999,1898,1935,90,90,FWD,29,107,-1,DEPART,0
C3B93D0B,2756107,2756485.400,2756485400,1001,1902,1935,90,90,FWD,29,107,-1,DEPART,0
C3B93D0B,2756108,2756486.400,2756486400,1000,1899,1935,90,90,FWD,29,107,-1,DEPART,0
C3B93D0B,2756109,2756487.773,2756487773,1373,1893,1935,90,90,FWD,61,107,-1,DEPART,0
C3B93D0B,2756110,2756488.399,2756488399,626,1899,1935,90,90,FWD,29,107,-1,DEPART,0
C3B93D0B,2756111,2756489.400,2756489400,1001,1899,1935,90,90,FWD,29,107,-1,DEPART,0
C3B93D0B,2756112,2756490.399,2756490399,999,1899,1935,90,90,FWD,29,107,-1,DEPART,0
C3B93D0B,2756113,2756491.400,2756491400,1001,1899,1935,90,90,FWD,29,107,-1,DEPART,0
C3B93D0B,2756114,2756492.399,2756492399,999,1898,1935,90,90,FWD,29,107,-1,DEPART,0
C3B93D0B,2756115,2756493.400,2756493400,1001,1897,1935,90,90,FWD,29,107,-1,DEPART,0
C3B93D0B,2756116,2756494.399,2756494399,999,1898,1935,90,90,FWD,29,107,-1,DEPART,0
C3B93D0B,2756117,2756495.400,2756495400,1001,1899,1935,90,90,FWD,29,107,-1,DEPART,0
C3B93D0B,2756118,2756496.399,2756496399,999,1899,1935,90,90,FWD,29,107,-1,DEPART,0
C3B93D0B,2756119,2756497.401,2756497401,1002,1898,1935,90,90,FWD,29,107,-1,DEPART,0
C3B93D0B,2756120,2756498.399,2756498399,998,1898,1935,90,90,FWD,29,107,-1,DEPART,0
C3B93D0B,2756121,2756499.400,2756499400,1001,1895,1935,90,90,FWD,29,107,-1,DEPART,0
C3B93D0B,2756122,2756500.399,2756500399,999,1900,1935,90,90,FWD,29,107,-1,DEPART,0
C3B93D0B,2756123,2756501.400,2756501400,1001,1897,1935,90,90,FWD,29,107,-1,DEPART,0
C3B93D0B,2756124,2756502.399,2756502399,999,1899,1935,90,90,FWD,29,107,-1,DEPART,0
C3B93D0B,2756125,2756503.400,2756503400,1001,1899,1935,90,90,FWD,29,107,-1,DEPART,0
C3B93D0B,2756126,2756504.399,2756504399,999,1899,1935,90,90,FWD,29,107,-1,DEPART,0
C3B93D0B,2756127,2756505.400,2756505400,1001,1900,1935,90,90,FWD,29,107,-1,DEPART,0
C3B93D0B,2756128,2756506.399,2756506399,999,1901,1935,90,90,FWD,29,107,-1,DEPART,0
C3B93D0B,2756129,2756507.401,2756507401,1002,1900,1935,90,90,FWD,29,107,-1,DEPART,0
C3B93D0B,2756130,2756508.399,2756508399,998,1898,1935,90,90,FWD,29,107,-1,DEPART,0
C3B93D0B,2756131,2756509.400,2756509400,1001,1898,1935,90,90,FWD,29,107,-1,DEPART,0
C3B93D0B,2756132,2756510.399,2756510399,999,1898,1935,90,90,FWD,29,107,-1,DEPART,0
C3B93D0B,2756133,2756511.400,2756511400,1001,1899,1935,90,90,FWD,29,107,-1,DEPART,0
C3B93D0B,2756134,2756512.399,2756512399,999,1899,1935,90,90,FWD,29,107,-1,DEPART,0
C3B93D0B,2756135,2756513.400,2756513400,1001,1899,1935,90,90,FWD,29,107,-1,DEPART,0
C3B93D0B,2756136,2756514.399,2756514399,999,1899,1935,90,90,FWD,29,107,-1,DEPART,0
C3B93D0B,2756137,2756515.400,2756515400,1001,1899,1935,90,90,FWD,29,107,-1,DEPART,0
C3B93D0B,2756138,2756516.399,2756516399,999,1899,1935,90,90,FWD,29,107,-1,DEPART,0
C3B93D0B,2756139,2756517.401,2756517401,1002,1899,1935,90,90,FWD,29,107,-1,DEPART,0
C3B93D0B,2756140,2756518.399,2756518399,998,1899,1935,90,90,FWD,29,107,-1,DEPART,0
C3B93D0B,2756141,2756519.400,2756519400,1001,1898,1935,90,90,FWD,29,107,-1,DEPART,0
C3B93D0B,2756142,2756520.399,2756520399,999,1899,1935,90,90,FWD,29,107,-1,DEPART,0
C3B93D0B,2756143,2756521.400,2756521400,1001,1899,1935,90,90,FWD,29,107,-1,DEPART,0
C3B93D0B,2756144,2756522.399,2756522399,999,1898,1935,90,90,FWD,29,107,-1,DEPART,0
C3B93D0B,2756145,2756523.400,2756523400,1001,1897,1935,90,90,FWD,29,107,-1,DEPART,0
C3B93D0B,2756146,2756524.399,2756524399,999,1898,1935,90,90,FWD,29,107,-1,DEPART,0
C3B93D0B,2756147,2756525.400,2756525400,1001,1898,1935,90,90,FWD,29,107,-1,DEPART,0
C3B93D0B,2756148,2756526.399,2756526399,999,1899,1935,90,90,FWD,29,107,-1,DEPART,0
C3B93D0B,2756149,2756527.401,2756527401,1002,1901,1935,90,90,FWD,29,107,-1,DEPART,0
C3B93D0B,2756150,2756528.401,2756528401,1000,1896,1935,90,90,FWD,29,107,-1,DEPART,0
C3B93D0B,2756151,2756529.834,2756529834,1433,1900,1935,90,90,FWD,61,107,-1,DEPART,0
C3B93D0B,2756152,2756530.400,2756530400,566,1901,1935,90,90,FWD,29,107,-1,DEPART,0
C3B93D0B,2756153,2756531.399,2756531399,999,1901,1935,90,90,FWD,29,107,-1,DEPART,0
C3B93D0B,2756154,2756532.400,2756532400,1001,1897,1935,90,90,FWD,29,107,-1,DEPART,0
C3B93D0B,2756155,2756533.915,2756533915,1515,1898,1935,90,90,FWD,61,107,-1,DEPART,0
C3B93D0B,2756156,2756534.400,2756534400,485,1897,1935,90,90,FWD,29,107,-1,DEPART,0
C3B93D0B,2756157,2756535.399,2756535399,999,1897,1935,90,90,FWD,29,107,-1,DEPART,0
C3B93D0B,2756158,2756536.400,2756536400,1001,1898,1935,90,90,FWD,29,107,-1,DEPART,0
C3B93D0B,2756159,2756537.524,2756537524,1124,1900,1935,90,90,FWD,29,107,-1,DEPART,0
C3B93D0B,2756160,2756538.401,2756538401,877,1900,1935,90,90,FWD,29,107,-1,DEPART,0
C3B93D0B,2756161,2756539.399,2756539399,998,1899,1935,90,90,FWD,29,107,-1,DEPART,0
C3B93D0B,2756162,2756540.400,2756540400,1001,1899,1935,90,90,FWD,29,107,-1,DEPART,0
C3B93D0B,2756163,2756541.399,2756541399,999,1897,1935,90,90,FWD,29,107,-1,DEPART,0
C3B93D0B,2756164,2756542.400,2756542400,1001,1899,1935,90,90,FWD,29,107,-1,DEPART,0
C3B93D0B,2756165,2756543.399,2756543399,999,1901,1935,90,90,FWD,29,107,-1,DEPART,0
C3B93D0B,2756166,2756544.400,2756544400,1001,1900,1935,90,90,FWD,29,107,-1,DEPART,0
C3B93D0B,2756167,2756545.399,2756545399,999,1901,1935,90,90,FWD,29,107,-1,DEPART,0
C3B93D0B,2756168,2756546.400,2756546400,1001,1898,1935,90,90,FWD,29,107,-1,DEPART,0
C3B93D0B,2756169,2756547.399,2756547399,999,1898,1935,90,90,FWD,29,107,-1,DEPART,0
C3B93D0B,2756170,2756548.401,2756548401,1002,1898,1935,90,90,FWD,29,107,-1,DEPART,0
C3B93D0B,2756171,2756549.399,2756549399,998,1899,1935,90,90,FWD,29,107,-1,DEPART,0
C3B93D0B,2756172,2756550.400,2756550400,1001,1900,1935,90,90,FWD,29,107,-1,DEPART,0
C3B93D0B,2756173,2756551.399,2756551399,999,1899,1935,90,90,FWD,29,107,-1,DEPART,0
C3B93D0B,2756174,2756552.400,2756552400,1001,1897,1935,90,90,FWD,29,107,-1,DEPART,0
C3B93D0B,2756175,2756553.399,2756553399,999,1899,1935,90,90,FWD,29,107,-1,DEPART,0
C3B93D0B,2756176,2756554.400,2756554400,1001,1898,1935,90,90,FWD,29,107,-1,DEPART,0
C3B93D0B,2756177,2756555.399,2756555399,999,1901,1935,90,90,FWD,29,107,-1,DEPART,0
C3B93D0B,2756178,2756556.400,2756556400,1001,1901,1935,90,90,FWD,29,107,-1,DEPART,0
C3B93D0B,2756179,2756557.399,2756557399,999,1897,1935,90,90,FWD,29,107,-1,DEPART,0
C3B93D0B,2756180,2756558.401,2756558401,1002,1895,1935,90,90,FWD,29,107,-1,DEPART,0
C3B93D0B,2756181,2756559.399,2756559399,998,1898,1935,90,90,FWD,29,107,-1,DEPART,0
C3B93D0B,2756182,2756560.400,2756560400,1001,1899,1935,90,90,FWD,29,107,-1,DEPART,0
C3B93D0B,2756183,2756561.399,2756561399,999,1899,1935,90,90,FWD,29,107,-1,DEPART,0
C3B93D0B,2756184,2756562.400,2756562400,1001,1898,1935,90,90,FWD,29,107,-1,DEPART,0
C3B93D0B,2756185,2756563.399,2756563399,999,1899,1935,90,90,FWD,29,107,-1,DEPART,0
C3B93D0B,2756186,2756564.400,2756564400,1001,1897,1935,90,90,FWD,29,107,-1,DEPART,0
C3B93D0B,2756187,2756565.399,2756565399,999,1899,1935,90,90,FWD,29,107,-1,DEPART,0
C3B93D0B,2756188,2756566.400,2756566400,1001,1898,1935,90,90,FWD,29,107,-1,DEPART,0
C3B93D0B,2756189,2756567.399,2756567399,999,1899,1935,90,90,FWD,29,107,-1,DEPART,0
C3B93D0B,2756190,2756568.401,2756568401,1002,1899,1935,90,90,FWD,29,107,-1,DEPART,0
C3B93D0B,2756191,2756569.399,2756569399,998,1899,1935,90,90,FWD,29,107,-1,DEPART,0
C3B93D0B,2756192,2756570.400,2756570400,1001,1898,1935,90,90,FWD,29,107,-1,DEPART,0
C3B93D0B,2756193,2756571.399,2756571399,999,1897,1935,90,90,FWD,29,107,-1,DEPART,0
C3B93D0B,2756194,2756572.400,2756572400,1001,1899,1935,90,90,FWD,29,107,-1,DEPART,0
C3B93D0B,2756195,2756573.399,2756573399,999,1901,1935,90,90,FWD,29,107,-1,DEPART,0
C3B93D0B,2756196,2756574.400,2756574400,1001,1900,1935,90,90,FWD,29,107,-1,DEPART,0
C3B93D0B,2756197,2756575.399,2756575399,999,1899,1935,90,90,FWD,29,107,-1,DEPART,0
C3B93D0B,2756198,2756576.400,2756576400,1001,1898,1935,90,90,FWD,29,107,-1,DEPART,0
C3B93D0B,2756199,2756577.399,2756577399,999,1899,1935,90,90,FWD,29,107,-1,DEPART,0
C3B93D0B,2756200,2756578.401,2756578401,1002,1895,1935,90,90,FWD,29,107,-1,DEPART,0
C3B93D0B,2756201,2756579.751,2756579751,1350,1897,1935,90,90,FWD,61,107,-1,DEPART,0
C3B93D0B,2756202,2756580.399,2756580399,648,1898,1935,90,90,FWD,29,107,-1,DEPART,0
C3B93D0B,2756203,2756581.400,2756581400,1001,1900,1935,90,90,FWD,29,107,-1,DEPART,0
C3B93D0B,2756204,2756582.399,2756582399,999,1895,1935,90,90,FWD,29,107,-1,DEPART,0
C3B93D0B,2756205,2756583.400,2756583400,1001,1899,1935,90,90,FWD,29,107,-1,DEPART,0
C3B93D0B,2756206,2756584.399,2756584399,999,1899,1935,90,90,FWD,29,107,-1,DEPART,0
C3B93D0B,2756207,2756585.400,2756585400,1001,1898,1935,90,90,FWD,29,107,-1,DEPART,0
C3B93D0B,2756208,2756586.399,2756586399,999,1900,1935,90,90,FWD,29,107,-1,DEPART,0
C3B93D0B,2756209,2756587.400,2756587400,1001,1898,1935,90,90,FWD,29,107,-1,DEPART,0
C3B93D0B,2756210,2756588.400,2756588400,1000,1901,1935,90,90,FWD,29,107,-1,DEPART,0
C3B93D0B,2756211,2756589.400,2756589400,1000,1895,1935,90,90,FWD,29,107,-1,DEPART,0
C3B93D0B,2756212,2756590.399,2756590399,999,1900,1935,90,90,FWD,29,107,-1,DEPART,0
C3B93D0B,2756213,2756591.400,2756591400,1001,1900,1935,90,90,FWD,29,107,-1,DEPART,0
C3B93D0B,2756214,2756592.399,2756592399,999,1900,1935,90,90,FWD,29,107,-1,DEPART,0
C3B93D0B,2756215,2756593.400,2756593400,1001,1896,1935,90,90,FWD,29,107,-1,DEPART,0
C3B93D0B,2756216,2756594.399,2756594399,999,1899,1935,90,90,FWD,29,107,-1,DEPART,0
C3B93D0B,2756217,2756595.400,2756595400,1001,1900,1935,90,90,FWD,29,107,-1,DEPART,0
C3B93D0B,2756218,2756596.399,2756596399,999,1899,1935,90,90,FWD,29,107,-1,DEPART,0
C3B93D0B,2756219,2756597.400,2756597400,1001,1898,1935,90,90,FWD,29,107,-1,DEPART,0
C3B93D0B,2756220,2756598.400,2756598400,1000,1898,1935,90,90,FWD,29,107,-1,DEPART,0
C3B93D0B,2756221,2756599.400,2756599400,1000,1899,1935,90,90,FWD,29,107,-1,DEPART,0
C3B93D0B,2756222,2756600.399,2756600399,999,1900,1935,90,90,FWD,29,107,-1,DEPART,0
C3B93D0B,2756223,2756601.400,2756601400,1001,1899,1935,90,90,FWD,29,107,-1,DEPART,0
C3B93D0B,2756224,2756602.399,2756602399,999,1899,1935,90,90,FWD,29,107,-1,DEPART,0
C3B93D0B,2756225,2756603.400,2756603400,1001,1897,1935,90,90,FWD,29,107,-1,DEPART,0
C3B93D0B,2756226,2756604.399,2756604399,999,1897,1935,90,90,FWD,29,107,-1,DEPART,0
C3B93D0B,2756227,2756605.400,2756605400,1001,1898,1935,90,90,FWD,29,107,-1,DEPART,0
C3B93D0B,2756228,2756606.399,2756606399,999,1899,1935,90,90,FWD,29,107,-1,DEPART,0
C3B93D0B,2756229,2756607.400,2756607400,1001,1899,1935,90,90,FWD,29,107,-1,DEPART,0
C3B93D0B,2756230,2756608.400,2756608400,1000,1897,1935,90,90,FWD,29,107,-1,DEPART,0
C3B93D0B,2756231,2756609.400,2756609400,1000,1899,1935,90,90,FWD,29,107,-1,DEPART,0
C3B93D0B,2756232,2756610.399,2756610399,999,1899,1935,90,90,FWD,29,107,-1,DEPART,0
C3B93D0B,2756233,2756611.400,2756611400,1001,1899,1935,90,90,FWD,29,107,-1,DEPART,0
C3B93D0B,2756234,2756612.399,2756612399,999,1901,1935,90,90,FWD,29,107,-1,DEPART,0
C3B93D0B,2756235,2756613.400,2756613400,1001,1899,1935,90,90,FWD,29,107,-1,DEPART,0
C3B93D0B,2756236,2756614.399,2756614399,999,1898,1935,90,90,FWD,29,107,-1,DEPART,0
C3B93D0B,2756237,2756615.400,2756615400,1001,1901,1935,90,90,FWD,29,107,-1,DEPART,0
C3B93D0B,2756238,2756616.399,2756616399,999,1899,1935,90,90,FWD,29,107,-1,DEPART,0
C3B93D0B,2756239,2756617.400,2756617400,1001,1895,1935,90,90,FWD,29,107,-1,DEPART,0
C3B93D0B,2756240,2756618.400,2756618400,1000,1898,1935,90,90,FWD,29,107,-1,DEPART,0
C3B93D0B,2756241,2756619.402,2756619402,1002,1898,1935,90,90,FWD,29,107,-1,DEPART,0
C3B93D0B,2756242,2756620.401,2756620401,999,1898,1935,90,90,FWD,29,107,-1,DEPART,0
C3B93D0B,2756243,2756621.400,2756621400,999,1899,1935,90,90,FWD,29,107,-1,DEPART,0
C3B93D0B,2756244,2756622.399,2756622399,999,1897,1935,90,90,FWD,29,107,-1,DEPART,0
C3B93D0B,2756245,2756623.567,2756623567,1168,1898,1935,90,90,FWD,29,107,-1,DEPART,0
C3B93D0B,2756246,2756624.399,2756624399,832,1898,1935,90,90,FWD,29,107,-1,DEPART,0
C3B93D0B,2756247,2756625.400,2756625400,1001,1900,1935,90,90,FWD,29,107,-1,DEPART,0
C3B93D0B,2756248,2756626.399,2756626399,999,1898,1935,90,90,FWD,29,107,-1,DEPART,0
C3B93D0B,2756249,2756627.504,2756627504,1105,1897,1935,90,90,FWD,29,107,-1,DEPART,0
C3B93D0B,2756250,2756628.405,2756628405,901,1899,1935,90,90,FWD,29,107,-1,DEPART,0
C3B93D0B,2756251,2756629.401,2756629401,996,1894,1935,90,90,FWD,29,107,-1,DEPART,0
C3B93D0B,2756252,2756630.399,2756630399,998,1895,1935,90,90,FWD,29,107,-1,DEPART,0
C3B93D0B,2756253,2756631.400,2756631400,1001,1898,1935,90,90,FWD,29,107,-1,DEPART,0
C3B93D0B,2756254,2756632.399,2756632399,999,1898,1935,90,90,FWD,29,107,-1,DEPART,0
C3B93D0B,2756255,2756633.400,2756633400,1001,1897,1935,90,90,FWD,29,107,-1,DEPART,0
C3B93D0B,2756256,2756634.399,2756634399,999,1895,1935,90,90,FWD,29,107,-1,DEPART,0
C3B93D0B,2756257,2756635.400,2756635400,1001,1898,1935,90,90,FWD,29,107,-1,DEPART,0
C3B93D0B,2756258,2756636.399,2756636399,999,1898,1935,90,90,FWD,29,107,-1,DEPART,0
C3B93D0B,2756259,2756637.400,2756637400,1001,1899,1935,90,90,FWD,29,107,-1,DEPART,0
C3B93D0B,2756260,2756638.399,2756638399,999,1899,1935,90,90,FWD,29,107,-1,DEPART,0
C3B93D0B,2756261,2756639.401,2756639401,1002,1898,1935,90,90,FWD,29,107,-1,DEPART,0
C3B93D0B,2756262,2756640.399,2756640399,998,1895,1935,90,90,FWD,29,107,-1,DEPART,0
C3B93D0B,2756263,2756641.400,2756641400,1001,1898,1935,90,90,FWD,29,107,-1,DEPART,0
C3B93D0B,2756264,2756642.399,2756642399,999,1897,1935,90,90,FWD,29,107,-1,DEPART,0
C3B93D0B,2756265,2756643.400,2756643400,1001,1900,1935,90,90,FWD,29,107,-1,DEPART,0
C3B93D0B,2756266,2756644.399,2756644399,999,1898,1935,90,90,FWD,29,107,-1,DEPART,0
C3B93D0B,2756267,2756645.400,2756645400,1001,1898,1935,90,90,FWD,29,107,-1,DEPART,0
C3B93D0B,2756268,2756646.399,2756646399,999,1897,1935,90,90,FWD,29,107,-1,DEPART,0
C3B93D0B,2756269,2756647.400,2756647400,1001,1895,1935,90,90,FWD,29,107,-1,DEPART,0
C3B93D0B,2756270,2756648.399,2756648399,999,1899,1935,90,90,FWD,29,107,-1,DEPART,0
C3B93D0B,2756271,2756649.401,2756649401,1002,1898,1935,90,90,FWD,29,107,-1,DEPART,0
C3B93D0B,2756272,2756650.400,2756650400,999,1898,1935,90,90,FWD,29,107,-1,DEPART,0
C3B93D0B,2756273,2756651.400,2756651400,1000,1898,1935,90,90,FWD,29,107,-1,DEPART,0
C3B93D0B,2756274,2756652.399,2756652399,999,1898,1935,90,90,FWD,29,107,-1,DEPART,0
C3B93D0B,2756275,2756653.400,2756653400,1001,1899,1935,90,90,FWD,29,107,-1,DEPART,0
C3B93D0B,2756276,2756654.399,2756654399,999,1895,1935,90,90,FWD,29,107,-1,DEPART,0
C3B93D0B,2756277,2756655.400,2756655400,1001,1894,1935,90,90,FWD,29,107,-1,DEPART,0
C3B93D0B,2756278,2756656.399,2756656399,999,1895,1935,90,90,FWD,29,107,-1,DEPART,0
C3B93D0B,2756279,2756657.400,2756657400,1001,1898,1935,90,90,FWD,29,107,-1,DEPART,0
C3B93D0B,2756280,2756658.399,2756658399,999,1897,1935,90,90,FWD,29,107,-1,DEPART,0
C3B93D0B,2756281,2756659.401,2756659401,1002,1897,1935,90,90,FWD,29,107,-1,DEPART,0
C3B93D0B,2756282,2756660.400,2756660400,999,1897,1935,90,90,FWD,29,107,-1,DEPART,0
C3B93D0B,2756283,2756661.400,2756661400,1000,1894,1935,90,90,FWD,29,107,-1,DEPART,0
C3B93D0B,2756284,2756662.399,2756662399,999,1898,1935,90,90,FWD,29,107,-1,DEPART,0
C3B93D0B,2756285,2756663.400,2756663400,1001,1895,1935,90,90,FWD,29,107,-1,DEPART,0
C3B93D0B,2756286,2756664.399,2756664399,999,1895,1935,90,90,FWD,29,107,-1,DEPART,0
C3B93D0B,2756287,2756665.400,2756665400,1001,1897,1935,90,90,FWD,29,107,-1,DEPART,0
C3B93D0B,2756288,2756666.528,2756666528,1128,1897,1935,90,90,FWD,29,107,-1,DEPART,0
C3B93D0B,2756289,2756667.400,2756667400,872,1898,1935,90,90,FWD,29,107,-1,DEPART,0
C3B93D0B,2756290,2756668.399,2756668399,999,1898,1935,90,90,FWD,29,107,-1,DEPART,0
C3B93D0B,2756291,2756669.401,2756669401,1002,1897,1935,90,90,FWD,29,107,-1,DEPART,0
C3B93D0B,2756292,2756670.400,2756670400,999,1897,1935,90,90,FWD,29,107,-1,DEPART,0
C3B93D0B,2756293,2756671.400,2756671400,1000,1895,1935,90,90,FWD,29,107,-1,DEPART,0
C3B93D0B,2756294,2756672.399,2756672399,999,1895,1935,90,90,FWD,29,107,-1,DEPART,0
C3B93D0B,2756295,2756673.400,2756673400,1001,1895,1935,90,90,FWD,29,107,-1,DEPART,0
C3B93D0B,2756296,2756674.399,2756674399,999,1894,1935,90,90,FWD,29,107,-1,DEPART,0
C3B93D0B,2756297,2756675.400,2756675400,1001,1897,1935,90,90,FWD,29,107,-1,DEPART,0
C3B93D0B,2756298,2756676.399,2756676399,999,1897,1935,90,90,FWD,29,107,-1,DEPART,0
C3B93D0B,2756299,2756677.400,2756677400,1001,1895,1935,90,90,FWD,29,107,-1,DEPART,0
C3B93D0B,2756300,2756678.601,2756678601,1201,1896,1935,90,90,FWD,29,107,-1,DEPART,0
C3B93D0B,2756301,2756679.401,2756679401,800,1894,1935,90,90,FWD,29,107,-1,DEPART,0
C3B93D0B,2756302,2756680.738,2756680738,1337,1898,1935,90,90,FWD,61,107,-1,DEPART,0
C3B93D0B,2756303,2756681.450,2756681450,712,1895,1935,90,90,FWD,29,107,-1,DEPART,0
C3B93D0B,2756304,2756682.400,2756682400,950,1895,1935,90,90,FWD,29,107,-1,DEPART,0
C3B93D0B,2756305,2756683.399,2756683399,999,1899,1935,90,90,FWD,29,107,-1,DEPART,0
C3B93D0B,2756306,2756684.400,2756684400,1001,1897,1935,90,90,FWD,29,107,-1,DEPART,0
C3B93D0B,2756307,2756685.399,2756685399,999,1898,1935,90,90,FWD,29,107,-1,DEPART,0
C3B93D0B,2756308,2756686.400,2756686400,1001,1897,1935,90,90,FWD,29,107,-1,DEPART,0
C3B93D0B,2756309,2756687.399,2756687399,999,1897,1935,90,90,FWD,29,107,-1,DEPART,0
C3B93D0B,2756310,2756688.400,2756688400,1001,1895,1935,90,90,FWD,29,107,-1,DEPART,0
C3B93D0B,2756311,2756689.400,2756689400,1000,1898,1935,90,90,FWD,29,107,-1,DEPART,0
C3B93D0B,2756312,2756690.400,2756690400,1000,1898,1935,90,90,FWD,29,107,-1,DEPART,0
C3B93D0B,2756313,2756691.399,2756691399,999,1900,1935,90,90,FWD,29,107,-1,DEPART,0
C3B93D0B,2756314,2756692.400,2756692400,1001,1895,1935,90,90,FWD,29,107,-1,DEPART,0
C3B93D0B,2756315,2756693.399,2756693399,999,1895,1935,90,90,FWD,29,107,-1,DEPART,0
C3B93D0B,2756316,2756694.400,2756694400,1001,1897,1935,90,90,FWD,29,107,-1,DEPART,0
C3B93D0B,2756317,2756695.399,2756695399,999,1898,1935,90,90,FWD,29,107,-1,DEPART,0
C3B93D0B,2756318,2756696.400,2756696400,1001,1895,1935,90,90,FWD,29,107,-1,DEPART,0
C3B93D0B,2756319,2756697.399,2756697399,999,1897,1935,90,90,FWD,29,107,-1,DEPART,0
C3B93D0B,2756320,2756698.400,2756698400,1001,1897,1935,90,90,FWD,29,107,-1,DEPART,0
C3B93D0B,2756321,2756699.400,2756699400,1000,1899,1935,90,90,FWD,29,107,-1,DEPART,0
C3B93D0B,2756322,2756700.400,2756700400,1000,1895,1935,90,90,FWD,29,107,-1,DEPART,0
C3B93D0B,2756323,2756701.399,2756701399,999,1898,1935,90,90,FWD,29,107,-1,DEPART,0
C3B93D0B,2756324,2756702.400,2756702400,1001,1897,1935,90,90,FWD,29,107,-1,DEPART,0
C3B93D0B,2756325,2756703.399,2756703399,999,1897,1935,90,90,FWD,29,107,-1,DEPART,0
C3B93D0B,2756326,2756704.400,2756704400,1001,1897,1935,90,90,FWD,29,107,-1,DEPART,0
C3B93D0B,2756327,2756705.399,2756705399,999,1898,1935,90,90,FWD,29,107,-1,DEPART,0
C3B93D0B,2756328,2756706.400,2756706400,1001,1898,1935,90,90,FWD,29,107,-1,DEPART,0
C3B93D0B,2756329,2756707.399,2756707399,999,1898,1935,90,90,FWD,29,107,-1,DEPART,0
C3B93D0B,2756330,2756708.400,2756708400,1001,1899,1935,90,90,FWD,29,107,-1,DEPART,0
C3B93D0B,2756331,2756709.400,2756709400,1000,1898,1935,90,90,FWD,29,107,-1,DEPART,0
C3B93D0B,2756332,2756710.400,2756710400,1000,1895,1935,90,90,FWD,29,107,-1,DEPART,0
C3B93D0B,2756333,2756711.399,2756711399,999,1895,1935,90,90,FWD,29,107,-1,DEPART,0
C3B93D0B,2756334,2756712.400,2756712400,1001,1898,1935,90,90,FWD,29,107,-1,DEPART,0
C3B93D0B,2756335,2756713.399,2756713399,999,1897,1935,90,90,FWD,29,107,-1,DEPART,0
C3B93D0B,2756336,2756714.400,2756714400,1001,1895,1935,90,90,FWD,29,107,-1,DEPART,0
C3B93D0B,2756337,2756715.399,2756715399,999,1898,1935,90,90,FWD,29,107,-1,DEPART,0
C3B93D0B,2756338,2756716.400,2756716400,1001,1898,1935,90,90,FWD,29,107,-1,DEPART,0
C3B93D0B,2756339,2756717.399,2756717399,999,1897,1935,90,90,FWD,29,107,-1,DEPART,0
C3B93D0B,2756340,2756718.400,2756718400,1001,1898,1935,90,90,FWD,29,107,-1,DEPART,0
C3B93D0B,2756341,2756719.400,2756719400,1000,1898,1935,90,90,FWD,29,107,-1,DEPART,0
C3B93D0B,2756342,2756720.402,2756720402,1002,1895,1935,90,90,FWD,29,107,-1,DEPART,0
C3B93D0B,2756343,2756721.402,2756721402,1000,1897,1935,90,90,FWD,29,107,-1,DEPART,0
C3B93D0B,2756344,2756722.403,2756722403,1001,1895,1935,90,90,FWD,29,107,-1,DEPART,0
C3B93D0B,2756345,2756723.768,2756723768,1365,1897,1935,90,90,FWD,61,107,-1,DEPART,0
C3B93D0B,2756346,2756724.457,2756724457,689,1902,1935,90,90,FWD,29,107,-1,DEPART,0
C3B93D0B,2756347,2756725.399,2756725399,942,1898,1935,90,90,FWD,29,107,-1,DEPART,0
C3B93D0B,2756348,2756726.400,2756726400,1001,1895,1935,90,90,FWD,29,107,-1,DEPART,0
C3B93D0B,2756349,2756727.399,2756727399,999,1898,1935,90,90,FWD,29,107,-1,DEPART,0
C3B93D0B,2756350,2756728.400,2756728400,1001,1895,1935,90,90,FWD,29,107,-1,DEPART,0
C3B93D0B,2756351,2756729.859,2756729859,1459,1899,1935,90,90,FWD,61,107,-1,DEPART,0
C3B93D0B,2756352,2756730.401,2756730401,542,1899,1935,90,90,FWD,29,107,-1,DEPART,0
C3B93D0B,2756353,2756731.399,2756731399,998,1897,1935,90,90,FWD,29,107,-1,DEPART,0
C3B93D0B,2756354,2756732.400,2756732400,1001,1898,1935,90,90,FWD,29,107,-1,DEPART,0
C3B93D0B,2756355,2756733.399,2756733399,999,1899,1935,90,90,FWD,29,107,-1,DEPART,0
C3B93D0B,2756356,2756734.400,2756734400,1001,1898,1935,90,90,FWD,29,107,-1,DEPART,0
C3B93D0B,2756357,2756735.399,2756735399,999,1897,1935,90,90,FWD,29,107,-1,DEPART,0
C3B93D0B,2756358,2756736.400,2756736400,1001,1899,1935,90,90,FWD,29,107,-1,DEPART,0
C3B93D0B,2756359,2756737.399,2756737399,999,1901,1935,90,90,FWD,29,107,-1,DEPART,0
C3B93D0B,2756360,2756738.400,2756738400,1001,1901,1935,90,90,FWD,29,107,-1,DEPART,0
C3B93D0B,2756361,2756739.399,2756739399,999,1899,1935,90,90,FWD,29,107,-1,DEPART,0
C3B93D0B,2756362,2756740.401,2756740401,1002,1898,1935,90,90,FWD,29,107,-1,DEPART,0
C3B93D0B,2756363,2756741.401,2756741401,1000,1895,1935,90,90,FWD,29,107,-1,DEPART,0
C3B93D0B,2756364,2756742.403,2756742403,1002,1898,1935,90,90,FWD,29,107,-1,DEPART,0
C3B93D0B,2756365,2756743.399,2756743399,996,1899,1935,90,90,FWD,29,107,-1,DEPART,0
C3B93D0B,2756366,2756744.400,2756744400,1001,1899,1935,90,90,FWD,29,107,-1,DEPART,0
C3B93D0B,2756367,2756745.399,2756745399,999,1898,1935,90,90,FWD,29,107,-1,DEPART,0
C3B93D0B,2756368,2756746.400,2756746400,1001,1897,1935,90,90,FWD,29,107,-1,DEPART,0
C3B93D0B,2756369,2756747.399,2756747399,999,1899,1935,90,90,FWD,29,107,-1,DEPART,0
C3B93D0B,2756370,2756748.400,2756748400,1001,1899,1935,90,90,FWD,29,107,-1,DEPART,0
C3B93D0B,2756371,2756749.399,2756749399,999,1898,1935,90,90,FWD,29,107,-1,DEPART,0
C3B93D0B,2756372,2756750.400,2756750400,1001,1897,1935,90,90,FWD,29,107,-1,DEPART,0
C3B93D0B,2756373,2756751.400,2756751400,1000,1898,1935,90,90,FWD,29,107,-1,DEPART,0
C3B93D0B,2756374,2756752.400,2756752400,1000,1899,1935,90,90,FWD,29,107,-1,DEPART,0
C3B93D0B,2756375,2756753.399,2756753399,999,1902,1935,90,90,FWD,29,107,-1,DEPART,0
C3B93D0B,2756376,2756754.400,2756754400,1001,1895,1935,90,90,FWD,29,107,-1,DEPART,0
C3B93D0B,2756377,2756755.399,2756755399,999,1899,1935,90,90,FWD,29,107,-1,DEPART,0
C3B93D0B,2756378,2756756.400,2756756400,1001,1900,1935,90,90,FWD,29,107,-1,DEPART,0
C3B93D0B,2756379,2756757.399,2756757399,999,1901,1935,90,90,FWD,29,107,-1,DEPART,0
C3B93D0B,2756380,2756758.400,2756758400,1001,1899,1935,90,90,FWD,29,107,-1,DEPART,0
C3B93D0B,2756381,2756759.399,2756759399,999,1901,1935,90,90,FWD,29,107,-1,DEPART,0
C3B93D0B,2756382,2756760.400,2756760400,1001,1901,1935,90,90,FWD,29,107,-1,DEPART,0
C3B93D0B,2756383,2756761.400,2756761400,1000,1901,1935,90,90,FWD,29,107,-1,DEPART,0
C3B93D0B,2756384,2756762.400,2756762400,1000,1899,1935,90,90,FWD,29,107,-1,DEPART,0
C3B93D0B,2756385,2756763.399,2756763399,999,1899,1935,90,90,FWD,29,107,-1,DEPART,0
C3B93D0B,2756386,2756764.400,2756764400,1001,1902,1935,90,90,FWD,29,107,-1,DEPART,0
C3B93D0B,2756387,2756765.399,2756765399,999,1900,1935,90,90,FWD,29,107,-1,DEPART,0
C3B93D0B,2756388,2756766.400,2756766400,1001,1902,1935,90,90,FWD,29,107,-1,DEPART,0
C3B93D0B,2756389,2756767.399,2756767399,999,1901,1935,90,90,FWD,29,107,-1,DEPART,0
C3B93D0B,2756390,2756768.400,2756768400,1001,1901,1935,90,90,FWD,29,107,-1,DEPART,0
C3B93D0B,2756391,2756769.399,2756769399,999,1903,1935,90,90,FWD,29,107,-1,DEPART,0
C3B93D0B,2756392,2756770.400,2756770400,1001,1901,1935,90,90,FWD,29,107,-1,DEPART,0
C3B93D0B,2756393,2756771.400,2756771400,1000,1901,1935,90,90,FWD,29,107,-1,DEPART,0
C3B93D0B,2756394,2756772.400,2756772400,1000,1903,1935,90,90,FWD,29,107,-1,DEPART,0
C3B93D0B,2756395,2756773.399,2756773399,999,1901,1935,90,90,FWD,29,107,-1,DEPART,0
C3B93D0B,2756396,2756774.400,2756774400,1001,1902,1935,90,90,FWD,29,107,-1,DEPART,0
C3B93D0B,2756397,2756775.399,2756775399,999,1902,1935,90,90,FWD,29,107,-1,DEPART,0
C3B93D0B,2756398,2756776.400,2756776400,1001,1901,1935,90,90,FWD,29,107,-1,DEPART,0
C3B93D0B,2756399,2756777.399,2756777399,999,1902,1935,90,90,FWD,29,107,-1,DEPART,0
C3B93D0B,2756400,2756778.400,2756778400,1001,1902,1935,90,90,FWD,29,107,-1,DEPART,0
C3B93D0B,2756401,2756779.399,2756779399,999,1903,1935,90,90,FWD,29,107,-1,DEPART,0
C3B93D0B,2756402,2756780.400,2756780400,1001,1903,1935,90,90,FWD,29,107,-1,DEPART,0
C3B93D0B,2756403,2756781.400,2756781400,1000,1902,1935,90,90,FWD,29,107,-1,DEPART,0
C3B93D0B,2756404,2756782.509,2756782509,1109,1899,1935,90,90,FWD,29,107,-1,DEPART,0
C3B93D0B,2756405,2756783.399,2756783399,890,1904,1935,90,90,FWD,29,107,-1,DEPART,0
C3B93D0B,2756406,2756784.400,2756784400,1001,1904,1935,90,90,FWD,29,107,-1,DEPART,0
C3B93D0B,2756407,2756785.399,2756785399,999,1903,1935,90,90,FWD,29,107,-1,DEPART,0
C3B93D0B,2756408,2756786.400,2756786400,1001,1904,1935,90,90,FWD,29,107,-1,DEPART,0
C3B93D0B,2756409,2756787.399,2756787399,999,1904,1935,90,90,FWD,29,107,-1,DEPART,0
C3B93D0B,2756410,2756788.400,2756788400,1001,1904,1935,90,90,FWD,29,107,-1,DEPART,0
C3B93D0B,2756411,2756789.399,2756789399,999,1904,1935,90,90,FWD,29,107,-1,DEPART,0
C3B93D0B,2756412,2756790.400,2756790400,1001,1904,1935,90,90,FWD,29,107,-1,DEPART,0
C3B93D0B,2756413,2756791.400,2756791400,1000,1904,1935,90,90,FWD,29,107,-1,DEPART,0
C3B93D0B,2756414,2756792.400,2756792400,1000,1904,1935,90,90,FWD,29,107,-1,DEPART,0
C3B93D0B,2756415,2756793.399,2756793399,999,1904,1935,90,90,FWD,29,107,-1,DEPART,0
C3B93D0B,2756416,2756794.400,2756794400,1001,1904,1935,90,90,FWD,29,107,-1,DEPART,0
C3B93D0B,2756417,2756795.399,2756795399,999,1904,1935,90,90,FWD,29,107,-1,DEPART,0
C3B93D0B,2756418,2756796.400,2756796400,1001,1904,1935,90,90,FWD,29,107,-1,DEPART,0
C3B93D0B,2756419,2756797.399,2756797399,999,1905,1935,90,90,FWD,29,107,-1,DEPART,0
C3B93D0B,2756420,2756798.400,2756798400,1001,1906,1935,90,90,FWD,29,107,-1,DEPART,0
C3B93D0B,2756421,2756799.399,2756799399,999,1904,1935,90,90,FWD,29,107,-1,DEPART,0
C3B93D0B,2756422,2756800.400,2756800400,1001,1905,1935,90,90,FWD,29,107,-1,DEPART,0
C3B93D0B,2756423,2756801.400,2756801400,1000,1904,1935,90,90,FWD,29,107,-1,DEPART,0
C3B93D0B,2756424,2756802.400,2756802400,1000,1904,1935,90,90,FWD,29,107,-1,DEPART,0
C3B93D0B,2756425,2756803.399,2756803399,999,1906,1935,90,90,FWD,29,107,-1,DEPART,0
C3B93D0B,2756426,2756804.400,2756804400,1001,1904,1935,90,90,FWD,29,107,-1,DEPART,0
C3B93D0B,2756427,2756805.399,2756805399,999,1909,1935,90,90,FWD,29,107,-1,DEPART,0
C3B93D0B,2756428,2756806.400,2756806400,1001,1907,1935,90,90,FWD,29,107,-1,DEPART,0
C3B93D0B,2756429,2756807.399,2756807399,999,1910,1935,90,90,FWD,29,107,-1,DEPART,0
C3B93D0B,2756430,2756808.400,2756808400,1001,1908,1935,90,90,FWD,29,107,-1,DEPART,0
C3B93D0B,2756431,2756809.399,2756809399,999,1907,1935,90,90,FWD,29,107,-1,DEPART,0
C3B93D0B,2756432,2756810.400,2756810400,1001,1915,1935,90,90,FWD,29,107,-1,DEPART,0
C3B93D0B,2756433,2756811.400,2756811400,1000,1909,1935,90,90,FWD,29,107,-1,DEPART,0
C3B93D0B,2756434,2756812.400,2756812400,1000,1910,1935,90,90,FWD,29,107,-1,DEPART,0
C3B93D0B,2756435,2756813.399,2756813399,999,1910,1935,90,90,FWD,29,107,-1,DEPART,0
C3B93D0B,2756436,2756814.400,2756814400,1001,1909,1935,90,90,FWD,29,107,-1,DEPART,0
C3B93D0B,2756437,2756815.399,2756815399,999,1909,1935,90,90,FWD,29,107,-1,DEPART,0
C3B93D0B,2756438,2756816.400,2756816400,1001,1916,1935,90,90,FWD,29,107,-1,DEPART,0
C3B93D0B,2756439,2756817.399,2756817399,999,1913,1935,90,90,FWD,29,107,-1,DEPART,0
C3B93D0B,2756440,2756818.400,2756818400,1001,1913,1935,90,90,FWD,29,107,-1,DEPART,0
C3B93D0B,2756441,2756819.399,2756819399,999,1913,1935,90,90,FWD,29,107,-1,DEPART,0
C3B93D0B,2756442,2756820.400,2756820400,1001,1914,1935,90,90,FWD,29,107,-1,DEPART,0
C3B93D0B,2756443,2756821.400,2756821400,1000,1915,1935,90,90,FWD,29,107,-1,DEPART,0
C3B93D0B,2756444,2756822.402,2756822402,1002,1911,1935,90,90,FWD,29,107,-1,DEPART,0
C3B93D0B,2756445,2756823.554,2756823554,1152,1918,1935,90,90,FWD,29,107,-1,DEPART,0
C3B93D0B,2756446,2756824.400,2756824400,846,1918,1935,90,90,FWD,29,107,-1,DEPART,0
C3B93D0B,2756447,2756825.757,2756825757,1357,1919,1935,90,90,FWD,45,107,-1,DEPART,0
C3B93D0B,2756448,2756826.400,2756826400,643,1917,1935,90,90,FWD,13,107,-1,DEPART,0
C3B93D0B,2756449,2756827.401,2756827401,1001,1920,1935,90,90,FWD,13,107,-1,DEPART,0
C3B93D0B,2756450,2756828.399,2756828399,998,1920,1935,90,90,FWD,13,107,-1,DEPART,0
C3B93D0B,2756451,2756829.399,2756829399,1000,1920,1935,90,90,FWD,13,107,-1,DEPART,0
C3B93D0B,2756452,2756830.399,2756830399,1000,1921,1935,90,90,FWD,13,107,-1,DEPART,0
C3B93D0B,2756453,2756831.399,2756831399,1000,1920,1935,90,90,FWD,13,107,-1,DEPART,0
C3B93D0B,2756454,2756832.400,2756832400,1001,1921,1935,90,90,FWD,13,107,-1,DEPART,0
C3B93D0B,2756455,2756833.673,2756833673,1273,1923,1935,90,90,FWD,45,107,-1,DEPART,0
C3B93D0B,2756456,2756834.670,2756834670,997,1920,1935,90,90,FWD,13,107,-1,DEPART,0
C3B93D0B,2756457,2756835.401,2756835401,731,1923,1935,90,90,FWD,13,107,-1,DEPART,0
C3B93D0B,2756458,2756836.399,2756836399,998,1927,1935,90,90,FWD,13,107,-1,DEPART,0
C3B93D0B,2756459,2756838.835,2756838835,2436,1927,1935,90,90,FWD,45,107,-1,DEPART,0
C3B93D0B,2756460,2756839.156,2756839156,321,1927,1935,90,90,FWD,13,107,-1,DEPART,0
C3B93D0B,2756461,2756839.400,2756839400,244,1926,1935,90,90,FWD,13,107,-1,DEPART,0
C3B93D0B,2756462,2756840.399,2756840399,999,1931,1935,90,90,FWD,13,107,-1,DEPART,0
C3B93D0B,2756463,2756841.545,2756841545,1146,1930,1935,90,90,FWD,13,107,-1,DEPART,0
C3B93D0B,2756464,2756842.399,2756842399,854,1931,1935,90,90,FWD,13,107,-1,DEPART,0
C3B93D0B,2756465,2756843.399,2756843399,1000,1932,1935,90,90,FWD,13,107,-1,DEPART,0
C3B93D0B,2756466,2756844.399,2756844399,1000,1934,1935,90,90,FWD,13,107,-1,DEPART,0
C3B93D0B,2756467,2756846.012,2756846012,1613,1934,1935,90,90,FWD,45,107,-1,DEPART,0
C3B93D0B,2756468,2756846.399,2756846399,387,1935,1935,90,90,FWD,13,107,-1,DEPART,0
C3B93D0B,2756469,2756847.399,2756847399,1000,1935,1935,90,90,FWD,13,107,-1,DEPART,0
C3B93D0B,2756470,2756848.399,2756848399,1000,1936,1935,90,90,FWD,13,107,-1,DEPART,0
C3B93D0B,2756471,2756849.399,2756849399,1000,1938,1935,90,90,FWD,13,107,-1,DEPART,0
C3B93D0B,2756472,2756850.399,2756850399,1000,1937,1935,90,90,FWD,13,107,-1,DEPART,0
C3B93D0B,2756473,2756851.399,2756851399,1000,1938,1935,90,90,FWD,13,107,-1,DEPART,0
C3B93D0B,2756474,2756852.399,2756852399,1000,1938,1935,90,90,FWD,13,107,-1,DEPART,0
C3B93D0B,2756475,2756853.399,2756853399,1000,1941,1935,90,90,FWD,13,107,-1,DEPART,0
C3B93D0B,2756476,2756854.399,2756854399,1000,1943,1935,90,90,FWD,13,107,-1,DEPART,0
C3B93D0B,2756477,2756855.400,2756855400,1001,1943,1935,90,90,FWD,13,107,-1,DEPART,0
C3B93D0B,2756478,2756856.399,2756856399,999,1944,1935,90,90,FWD,13,107,-1,DEPART,0
C3B93D0B,2756479,2756857.399,2756857399,1000,1946,1935,90,90,FWD,13,107,-1,DEPART,0
C3B93D0B,2756480,2756858.399,2756858399,1000,1950,1935,90,90,FWD,13,107,-1,DEPART,0
C3B93D0B,2756481,2756859.399,2756859399,1000,1949,1935,90,90,FWD,13,107,-1,DEPART,0
C3B93D0B,2756482,2756860.399,2756860399,1000,1949,1935,90,90,FWD,13,107,-1,DEPART,0
C3B93D0B,2756483,2756861.399,2756861399,1000,1950,1935,90,90,FWD,13,107,-1,DEPART,0
C3B93D0B,2756484,2756862.400,2756862400,1001,1953,1935,90,90,FWD,13,107,-1,DEPART,0
C3B93D0B,2756485,2756863.399,2756863399,999,1953,1935,90,90,FWD,13,107,-1,DEPART,0
C3B93D0B,2756486,2756864.400,2756864400,1001,1955,1935,90,90,FWD,13,107,-1,DEPART,0
C3B93D0B,2756487,2756865.400,2756865400,1000,1956,1935,90,90,FWD,13,107,-1,DEPART,0
C3B93D0B,2756488,2756866.400,2756866400,1000,1962,1935,90,90,FWD,13,107,-1,DEPART,0
C3B93D0B,2756489,2756867.399,2756867399,999,1963,1935,90,90,FWD,13,107,-1,DEPART,0
C3B93D0B,2756490,2756868.400,2756868400,1001,1964,1935,90,90,FWD,13,107,-1,DEPART,0
C3B93D0B,2756491,2756869.399,2756869399,999,1963,1935,90,90,FWD,13,107,-1,DEPART,0
C3B93D0B,2756492,2756870.400,2756870400,1001,1966,1935,90,90,FWD,13,107,-1,DEPART,0
C3B93D0B,2756493,2756871.399,2756871399,999,1966,1935,90,90,FWD,13,107,-1,DEPART,0
C3B93D0B,2756494,2756872.400,2756872400,1001,1968,1935,90,90,FWD,13,107,-1,DEPART,0
C3B93D0B,2756495,2756873.399,2756873399,999,1968,1935,90,90,FWD,13,107,-1,DEPART,0
C3B93D0B,2756496,2756874.400,2756874400,1001,1969,1935,90,90,FWD,13,107,-1,DEPART,0
C3B93D0B,2756497,2756875.400,2756875400,1000,1968,1935,90,90,FWD,13,107,-1,DEPART,0
C3B93D0B,2756498,2756876.400,2756876400,1000,1970,1935,90,90,FWD,13,107,-1,DEPART,0
C3B93D0B,2756499,2756877.399,2756877399,999,1973,1935,90,90,FWD,13,107,-1,DEPART,0
C3B93D0B,2756500,2756878.400,2756878400,1001,1975,1935,90,90,FWD,13,106,-1,DEPART,0
C3B93D0B,2756501,2756879.479,2756879479,1079,1978,1935,90,90,FWD,13,106,-1,DEPART,0
C3B93D0B,2756502,2756880.400,2756880400,921,1979,1935,90,90,FWD,13,106,-1,DEPART,0
C3B93D0B,2756503,2756881.399,2756881399,999,1982,1935,90,90,FWD,13,106,-1,DEPART,0
C3B93D0B,2756504,2756882.400,2756882400,1001,1982,1935,90,90,FWD,13,106,-1,DEPART,0
C3B93D0B,2756505,2756883.399,2756883399,999,1985,1935,90,90,FWD,13,106,-1,DEPART,0
C3B93D0B,2756506,2756884.400,2756884400,1001,1985,1935,90,90,FWD,13,106,-1,DEPART,0
C3B93D0B,2756507,2756885.400,2756885400,1000,1987,1935,90,90,FWD,13,106,-1,DEPART,0
C3B93D0B,2756508,2756886.745,2756886745,1345,1990,1935,90,90,FWD,45,106,-1,DEPART,0
C3B93D0B,2756509,2756887.399,2756887399,654,1992,1935,90,90,FWD,13,106,-1,DEPART,0
C3B93D0B,2756510,2756888.400,2756888400,1001,1993,1935,90,90,FWD,13,106,-1,DEPART,0
C3B93D0B,2756511,2756889.619,2756889619,1219,1995,1935,90,90,FWD,13,106,-1,DEPART,0
C3B93D0B,2756512,2756890.400,2756890400,781,1997,1935,90,90,FWD,13,106,-1,DEPART,0
C3B93D0B,2756513,2756891.399,2756891399,999,1999,1935,90,90,FWD,13,106,-1,DEPART,0
C3B93D0B,2756514,2756892.400,2756892400,1001,2000,1935,90,90,FWD,13,106,-1,DEPART,0
C3B93D0B,2756515,2756893.399,2756893399,999,2001,1935,90,90,FWD,13,106,-1,DEPART,0
C3B93D0B,2756516,2756894.400,2756894400,1001,2003,1935,90,90,FWD,13,106,-1,DEPART,0
C3B93D0B,2756517,2756895.400,2756895400,1000,2004,1935,90,90,FWD,13,106,-1,DEPART,0
C3B93D0B,2756518,2756896.400,2756896400,1000,2006,1935,90,90,FWD,13,106,-1,DEPART,0
C3B93D0B,2756519,2756897.399,2756897399,999,2011,1935,90,90,FWD,29,106,-1,DEPART,0
C3B93D0B,2756520,2756898.400,2756898400,1001,2011,1935,90,90,FWD,29,106,-1,DEPART,0
C3B93D0B,2756521,2756899.399,2756899399,999,2011,1935,90,90,FWD,29,106,-1,DEPART,0
C3B93D0B,2756522,2756900.400,2756900400,1001,2016,1935,90,90,FWD,29,106,-1,DEPART,0
C3B93D0B,2756523,2756901.399,2756901399,999,2014,1935,90,90,FWD,29,106,-1,DEPART,0
C3B93D0B,2756524,2756902.400,2756902400,1001,2017,1935,90,90,FWD,29,106,-1,DEPART,0
C3B93D0B,2756525,2756903.399,2756903399,999,2021,1935,90,90,FWD,29,106,-1,DEPART,0
C3B93D0B,2756526,2756904.400,2756904400,1001,2019,1935,90,90,FWD,29,106,-1,DEPART,0
C3B93D0B,2756527,2756905.400,2756905400,1000,2023,1935,90,90,FWD,29,106,-1,DEPART,0
C3B93D0B,2756528,2756906.400,2756906400,1000,2026,1935,90,90,FWD,29,106,-1,DEPART,0
C3B93D0B,2756529,2756907.399,2756907399,999,2027,1935,90,90,FWD,29,106,-1,DEPART,0
C3B93D0B,2756530,2756908.400,2756908400,1001,2029,1935,90,90,FWD,29,106,-1,DEPART,0
C3B93D0B,2756531,2756909.399,2756909399,999,2031,1935,90,90,FWD,29,106,-1,DEPART,0
C3B93D0B,2756532,2756910.400,2756910400,1001,2031,1935,90,90,FWD,29,106,-1,DEPART,0
C3B93D0B,2756533,2756911.399,2756911399,999,2032,1935,90,90,FWD,29,106,-1,DEPART,0
C3B93D0B,2756534,2756912.400,2756912400,1001,2032,1935,90,90,FWD,29,106,-1,DEPART,0
C3B93D0B,2756535,2756913.399,2756913399,999,2033,1935,90,90,FWD,29,106,-1,DEPART,0
C3B93D0B,2756536,2756914.400,2756914400,1001,2035,1935,90,90,FWD,29,106,-1,DEPART,0
C3B93D0B,2756537,2756915.400,2756915400,1000,2035,1935,90,90,FWD,29,106,-1,DEPART,0
C3B93D0B,2756538,2756916.571,2756916571,1171,2037,1935,90,90,FWD,29,106,-1,DEPART,0
C3B93D0B,2756539,2756917.399,2756917399,828,2042,1935,90,90,FWD,29,106,-1,DEPART,0
C3B93D0B,2756540,2756918.400,2756918400,1001,2043,1935,90,90,FWD,29,106,-1,DEPART,0
C3B93D0B,2756541,2756919.399,2756919399,999,2046,1935,90,90,FWD,29,106,-1,DEPART,0
C3B93D0B,2756542,2756920.400,2756920400,1001,2047,1935,90,90,FWD,29,106,-1,DEPART,0
C3B93D0B,2756543,2756921.399,2756921399,999,2046,1935,90,90,FWD,29,106,-1,DEPART,0
C3B93D0B,2756544,2756922.400,2756922400,1001,2046,1935,90,90,FWD,29,106,-1,DEPART,0
C3B93D0B,2756545,2756923.399,2756923399,999,2052,1935,90,90,FWD,29,106,-1,DEPART,0
C3B93D0B,2756546,2756924.400,2756924400,1001,2053,1935,90,90,FWD,29,106,-1,DEPART,0
C3B93D0B,2756547,2756925.400,2756925400,1000,2055,1935,90,90,FWD,29,106,-1,DEPART,0
C3B93D0B,2756548,2756926.402,2756926402,1002,2046,1935,90,90,FWD,29,106,-1,DEPART,0
C3B93D0B,2756549,2756927.402,2756927402,1000,2057,1935,90,90,FWD,29,106,-1,DEPART,0
C3B93D0B,2756550,2756928.400,2756928400,998,2058,1935,90,90,FWD,29,106,-1,DEPART,0
C3B93D0B,2756551,2756929.399,2756929399,999,2058,1935,90,90,FWD,29,106,-1,DEPART,0
C3B93D0B,2756552,2756930.400,2756930400,1001,2057,1935,90,90,FWD,29,106,-1,DEPART,0
C3B93D0B,2756553,2756931.399,2756931399,999,2059,1935,90,90,FWD,29,106,-1,DEPART,0
C3B93D0B,2756554,2756932.400,2756932400,1001,2059,1935,90,90,FWD,29,106,-1,DEPART,0
C3B93D0B,2756555,2756933.399,2756933399,999,2061,1935,90,90,FWD,29,106,-1,DEPART,0
C3B93D0B,2756556,2756934.400,2756934400,1001,2062,1935,90,90,FWD,29,106,-1,DEPART,0
C3B93D0B,2756557,2756935.547,2756935547,1147,2059,1935,90,90,FWD,29,106,-1,DEPART,0
C3B93D0B,2756558,2756936.401,2756936401,854,2062,1935,90,90,FWD,29,106,-1,DEPART,0
C3B93D0B,2756559,2756937.399,2756937399,998,2062,1935,90,90,FWD,29,106,-1,DEPART,0
C3B93D0B,2756560,2756938.400,2756938400,1001,2061,1935,90,90,FWD,29,106,-1,DEPART,0
C3B93D0B,2756561,2756939.399,2756939399,999,2064,1935,90,90,FWD,29,106,-1,DEPART,0
C3B93D0B,2756562,2756940.400,2756940400,1001,2064,1935,90,90,FWD,29,106,-1,DEPART,0
C3B93D0B,2756563,2756941.399,2756941399,999,2062,1935,90,90,FWD,29,106,-1,DEPART,0
C3B93D0B,2756564,2756942.400,2756942400,1001,2062,1935,90,90,FWD,29,106,-1,DEPART,0
C3B93D0B,2756565,2756943.399,2756943399,999,2061,1935,90,90,FWD,29,106,-1,DEPART,0
C3B93D0B,2756566,2756944.400,2756944400,1001,2061,1935,90,90,FWD,29,106,-1,DEPART,0
C3B93D0B,2756567,2756945.399,2756945399,999,2058,1935,90,90,FWD,29,106,-1,DEPART,0
C3B93D0B,2756568,2756946.401,2756946401,1002,2062,1935,90,90,FWD,29,106,-1,DEPART,0
C3B93D0B,2756569,2756947.400,2756947400,999,2059,1935,90,90,FWD,29,106,-1,DEPART,0
C3B93D0B,2756570,2756948.400,2756948400,1000,2057,1935,90,90,FWD,29,106,-1,DEPART,0
C3B93D0B,2756571,2756949.399,2756949399,999,2061,1935,90,90,FWD,29,106,-1,DEPART,0
C3B93D0B,2756572,2756950.400,2756950400,1001,2059,1935,90,90,FWD,29,106,-1,DEPART,0
C3B93D0B,2756573,2756951.399,2756951399,999,2058,1935,90,90,FWD,29,106,-1,DEPART,0
C3B93D0B,2756574,2756952.400,2756952400,1001,2059,1935,90,90,FWD,29,106,-1,DEPART,0
C3B93D0B,2756575,2756953.399,2756953399,999,2057,1935,90,90,FWD,29,106,-1,DEPART,0
C3B93D0B,2756576,2756954.400,2756954400,1001,2057,1935,90,90,FWD,29,106,-1,DEPART,0
C3B93D0B,2756577,2756955.928,2756955928,1528,2053,1935,90,90,FWD,61,106,-1,DEPART,0
C3B93D0B,2756578,2756956.401,2756956401,473,2053,1935,90,90,FWD,29,106,-1,DEPART,0
C3B93D0B,2756579,2756957.399,2756957399,998,2047,1935,90,90,FWD,29,106,-1,DEPART,0
C3B93D0B,2756580,2756958.400,2756958400,1001,2047,1935,90,90,FWD,29,106,-1,DEPART,0
C3B93D0B,2756581,2756959.399,2756959399,999,2044,1935,90,90,FWD,29,106,-1,DEPART,0
C3B93D0B,2756582,2756960.400,2756960400,1001,2046,1935,90,90,FWD,29,106,-1,DEPART,0
C3B93D0B,2756583,2756961.399,2756961399,999,2044,1935,90,90,FWD,29,106,-1,DEPART,0
C3B93D0B,2756584,2756962.400,2756962400,1001,2040,1935,90,90,FWD,29,106,-1,DEPART,0
C3B93D0B,2756585,2756963.399,2756963399,999,2039,1935,90,90,FWD,29,106,-1,DEPART,0
C3B93D0B,2756586,2756964.400,2756964400,1001,2036,1935,90,90,FWD,29,106,-1,DEPART,0
C3B93D0B,2756587,2756965.399,2756965399,999,2035,1935,90,90,FWD,29,106,-1,DEPART,0
C3B93D0B,2756588,2756966.401,2756966401,1002,2034,1935,90,90,FWD,29,106,-1,DEPART,0
C3B93D0B,2756589,2756967.399,2756967399,998,2035,1935,90,90,FWD,29,106,-1,DEPART,0
C3B93D0B,2756590,2756968.400,2756968400,1001,2031,1935,90,90,FWD,29,106,-1,DEPART,0
C3B93D0B,2756591,2756969.399,2756969399,999,2032,1935,90,90,FWD,29,106,-1,DEPART,0
C3B93D0B,2756592,2756970.400,2756970400,1001,2031,1935,90,90,FWD,29,106,-1,DEPART,0
C3B93D0B,2756593,2756971.399,2756971399,999,2029,1935,90,90,FWD,29,106,-1,DEPART,0
C3B93D0B,2756594,2756972.400,2756972400,1001,2025,1935,90,90,FWD,29,106,-1,DEPART,0
C3B93D0B,2756595,2756973.399,2756973399,999,2026,1935,90,90,FWD,29,106,-1,DEPART,0
C3B93D0B,2756596,2756974.400,2756974400,1001,2021,1935,90,90,FWD,29,106,-1,DEPART,0
C3B93D0B,2756597,2756975.399,2756975399,999,2020,1935,90,90,FWD,29,106,-1,DEPART,0
C3B93D0B,2756598,2756976.401,2756976401,1002,2017,1935,90,90,FWD,29,106,-1,DEPART,0
C3B93D0B,2756599,2756977.400,2756977400,999,2019,1935,90,90,FWD,29,106,-1,DEPART,0
C3B93D0B,2756600,2756978.400,2756978400,1000,2016,1935,90,90,FWD,29,106,-1,DEPART,0
C3B93D0B,2756601,2756979.399,2756979399,999,2013,1935,90,90,FWD,29,106,-1,DEPART,0
C3B93D0B,2756602,2756980.400,2756980400,1001,2009,1935,90,90,FWD,29,106,-1,DEPART,0
C3B93D0B,2756603,2756981.399,2756981399,999,2007,1935,90,90,FWD,29,106,-1,DEPART,0
C3B93D0B,2756604,2756982.400,2756982400,1001,2005,1935,90,90,FWD,29,106,-1,DEPART,0
C3B93D0B,2756605,2756983.399,2756983399,999,2006,1935,90,90,FWD,29,106,-1,DEPART,0
C3B93D0B,2756606,2756984.400,2756984400,1001,2002,1935,90,90,FWD,29,106,-1,DEPART,0
C3B93D0B,2756607,2756985.399,2756985399,999,2002,1935,90,90,FWD,29,106,-1,DEPART,0
C3B93D0B,2756608,2756986.401,2756986401,1002,2000,1935,90,90,FWD,29,106,-1,DEPART,0
C3B93D0B,2756609,2756987.791,2756987791,1390,1994,1935,90,90,FWD,61,106,-1,DEPART,0
C3B93D0B,2756610,2756988.399,2756988399,608,1995,1935,90,90,FWD,29,106,-1,DEPART,0
C3B93D0B,2756611,2756989.400,2756989400,1001,1994,1935,90,90,FWD,29,106,-1,DEPART,0
C3B93D0B,2756612,2756990.399,2756990399,999,1990,1935,90,90,FWD,29,106,-1,DEPART,0
C3B93D0B,2756613,2756991.400,2756991400,1001,1989,1935,90,90,FWD,29,106,-1,DEPART,0
C3B93D0B,2756614,2756992.399,2756992399,999,1987,1935,90,90,FWD,29,106,-1,DEPART,0
C3B93D0B,2756615,2756993.400,2756993400,1001,1987,1935,90,90,FWD,29,106,-1,DEPART,0
C3B93D0B,2756616,2756994.399,2756994399,999,1984,1935,90,90,FWD,29,106,-1,DEPART,0
C3B93D0B,2756617,2756995.400,2756995400,1001,1982,1935,90,90,FWD,29,106,-1,DEPART,0
C3B93D0B,2756618,2756996.400,2756996400,1000,1983,1935,90,90,FWD,29,106,-1,DEPART,0
C3B93D0B,2756619,2756997.400,2756997400,1000,1975,1935,90,90,FWD,29,106,-1,DEPART,0
C3B93D0B,2756620,2756998.399,2756998399,999,1974,1935,90,90,FWD,29,106,-1,DEPART,0
C3B93D0B,2756621,2756999.400,2756999400,1001,1971,1935,90,90,FWD,29,106,-1,DEPART,0
C3B93D0B,2756622,2757000.399,2757000399,999,1972,1935,90,90,FWD,29,106,-1,DEPART,0
C3B93D0B,2756623,2757001.400,2757001400,1001,1970,1935,90,90,FWD,29,106,-1,DEPART,0
C3B93D0B,2756624,2757002.399,2757002399,999,1968,1935,90,90,FWD,29,106,-1,DEPART,0
C3B93D0B,2756625,2757003.400,2757003400,1001,1968,1935,90,90,FWD,29,106,-1,DEPART,0
C3B93D0B,2756626,2757004.399,2757004399,999,1965,1935,90,90,FWD,29,106,-1,DEPART,0
C3B93D0B,2756627,2757005.400,2757005400,1001,1965,1935,90,90,FWD,29,106,-1,DEPART,0
C3B93D0B,2756628,2757006.400,2757006400,1000,1962,1935,90,90,FWD,29,106,-1,DEPART,0
C3B93D0B,2756629,2757007.400,2757007400,1000,1959,1935,90,90,FWD,29,106,-1,DEPART,0
C3B93D0B,2756630,2757008.399,2757008399,999,1958,1935,90,90,FWD,29,106,-1,DEPART,0
C3B93D0B,2756631,2757009.400,2757009400,1001,1957,1935,90,90,FWD,29,106,-1,DEPART,0
C3B93D0B,2756632,2757010.399,2757010399,999,1951,1935,90,90,FWD,29,106,-1,DEPART,0
C3B93D0B,2756633,2757011.400,2757011400,1001,1952,1935,90,90,FWD,29,106,-1,DEPART,0
C3B93D0B,2756634,2757012.399,2757012399,999,1951,1935,90,90,FWD,29,106,-1,DEPART,0
C3B93D0B,2756635,2757013.400,2757013400,1001,1949,1935,90,90,FWD,29,106,-1,DEPART,0
C3B93D0B,2756636,2757014.399,2757014399,999,1949,1935,90,90,FWD,29,106,-1,DEPART,0
C3B93D0B,2756637,2757015.400,2757015400,1001,1943,1935,90,90,FWD,29,106,-1,DEPART,0
C3B93D0B,2756638,2757016.400,2757016400,1000,1943,1935,90,90,FWD,13,106,-1,DEPART,0
C3B93D0B,2756639,2757017.400,2757017400,1000,1943,1935,90,90,FWD,13,106,-1,DEPART,0
C3B93D0B,2756640,2757018.399,2757018399,999,1939,1935,90,90,FWD,13,106,-1,DEPART,0
C3B93D0B,2756641,2757019.399,2757019399,1000,1939,1935,90,90,FWD,13,106,-1,DEPART,0
C3B93D0B,2756642,2757020.399,2757020399,1000,1936,1935,90,90,FWD,13,106,-1,DEPART,0
C3B93D0B,2756643,2757021.399,2757021399,1000,1936,1935,90,90,FWD,13,106,-1,DEPART,0
C3B93D0B,2756644,2757022.399,2757022399,1000,1936,1935,90,90,FWD,13,106,-1,DEPART,0
C3B93D0B,2756645,2757023.399,2757023399,1000,1934,1935,90,90,FWD,13,106,-1,DEPART,0
C3B93D0B,2756646,2757024.399,2757024399,1000,1932,1935,90,90,FWD,13,106,-1,DEPART,0
C3B93D0B,2756647,2757025.399,2757025399,1000,1933,1935,90,90,FWD,13,106,-1,DEPART,0
C3B93D0B,2756648,2757026.400,2757026400,1001,1927,1935,90,90,FWD,13,106,-1,DEPART,0
C3B93D0B,2756649,2757027.404,2757027404,1004,1926,1935,90,90,FWD,13,106,-1,DEPART,0
C3B93D0B,2756650,2757028.543,2757028543,1139,1927,1935,90,90,FWD,13,106,-1,DEPART,0
C3B93D0B,2756651,2757029.399,2757029399,856,1926,1935,90,90,FWD,13,106,-1,DEPART,0
C3B93D0B,2756652,2757030.399,2757030399,1000,1923,1935,90,90,FWD,13,106,-1,DEPART,0
C3B93D0B,2756653,2757031.510,2757031510,1111,1922,1935,90,90,FWD,13,106,-1,DEPART,0
C3B93D0B,2756654,2757032.399,2757032399,889,1920,1935,90,90,FWD,13,106,-1,DEPART,0
C3B93D0B,2756655,2757033.399,2757033399,1000,1919,1935,90,90,FWD,13,106,-1,DEPART,0
C3B93D0B,2756656,2757034.399,2757034399,1000,1920,1935,90,90,FWD,13,106,-1,DEPART,0
C3B93D0B,2756657,2757035.399,2757035399,1000,1921,1935,90,90,FWD,13,106,-1,DEPART,0
C3B93D0B,2756658,2757036.921,2757036921,1522,1918,1935,90,90,FWD,45,106,-1,DEPART,0
C3B93D0B,2756659,2757037.505,2757037505,584,1917,1935,90,90,FWD,13,106,-1,DEPART,0
C3B93D0B,2756660,2757038.400,2757038400,895,1919,1935,90,90,FWD,13,106,-1,DEPART,0
C3B93D0B,2756661,2757039.399,2757039399,999,1915,1935,90,90,FWD,13,106,-1,DEPART,0
C3B93D0B,2756662,2757041.888,2757041888,2489,1911,1935,90,90,FWD,45,106,-1,DEPART,0
C3B93D0B,2756663,2757042.214,2757042214,326,1913,1935,90,90,FWD,13,106,-1,DEPART,0
C3B93D0B,2756664,2757042.448,2757042448,234,1911,1935,90,90,FWD,13,106,-1,DEPART,0
C3B93D0B,2756665,2757043.567,2757043567,1119,1911,1935,90,90,FWD,13,106,-1,DEPART,0
C3B93D0B,2756666,2757044.399,2757044399,832,1911,1935,90,90,FWD,13,106,-1,DEPART,0
C3B93D0B,2756667,2757046.077,2757046077,1678,1909,1935,90,90,FWD,45,106,-1,DEPART,0
C3B93D0B,2756668,2757046.399,2757046399,322,1909,1935,90,90,FWD,13,106,-1,DEPART,0
C3B93D0B,2756669,2757047.399,2757047399,1000,1909,1935,90,90,FWD,13,106,-1,DEPART,0
C3B93D0B,2756670,2757048.400,2757048400,1001,1907,1935,90,90,FWD,13,106,-1,DEPART,0
C3B93D0B,2756671,2757049.399,2757049399,999,1906,1935,90,90,FWD,13,106,-1,DEPART,0
C3B93D0B,2756672,2757050.399,2757050399,1000,1906,1935,90,90,FWD,13,106,-1,DEPART,0
C3B93D0B,2756673,2757051.400,2757051400,1001,1905,1935,90,90,FWD,13,106,-1,DEPART,0
C3B93D0B,2756674,2757052.399,2757052399,999,1904,1935,90,90,FWD,13,106,-1,DEPART,0
C3B93D0B,2756675,2757053.399,2757053399,1000,1904,1935,90,90,FWD,13,106,-1,DEPART,0
C3B93D0B,2756676,2757054.399,2757054399,1000,1904,1935,90,90,FWD,13,106,-1,DEPART,0
C3B93D0B,2756677,2757055.399,2757055399,1000,1904,1935,90,90,FWD,13,106,-1,DEPART,0
C3B93D0B,2756678,2757056.399,2757056399,1000,1903,1935,90,90,FWD,13,106,-1,DEPART,0
C3B93D0B,2756679,2757057.399,2757057399,1000,1903,1935,90,90,FWD,13,106,-1,DEPART,0
C3B93D0B,2756680,2757058.400,2757058400,1001,1901,1935,90,90,FWD,13,106,-1,DEPART,0
C3B93D0B,2756681,2757059.401,2757059401,1001,1898,1935,90,90,FWD,13,106,-1,DEPART,0
C3B93D0B,2756682,2757060.399,2757060399,998,1899,1935,90,90,FWD,13,106,-1,DEPART,0
C3B93D0B,2756683,2757061.402,2757061402,1003,1900,1935,90,90,FWD,13,106,-1,DEPART,0
C3B93D0B,2756684,2757062.511,2757062511,1109,1898,1935,90,0,FWD,9,106,-1,DEPART,0
C3B93D0B,2756685,2757063.399,2757063399,888,1899,1935,89,0,FWD,9,106,-1,DEPART,0
C3B93D0B,2756686,2757064.400,2757064400,1001,1901,1935,89,0,FWD,9,106,-1,DEPART,0
C3B93D0B,2756687,2757065.399,2757065399,999,1899,1935,89,0,FWD,9,106,-1,DEPART,0
C3B93D0B,2756688,2757066.400,2757066400,1001,1901,1935,89,0,FWD,9,106,-1,DEPART,0
C3B93D0B,2756689,2757067.399,2757067399,999,1898,1935,89,0,FWD,9,106,-1,DEPART,0
C3B93D0B,2756690,2757068.400,2757068400,1001,1899,1935,89,0,FWD,9,106,-1,DEPART,0
C3B93D0B,2756691,2757069.400,2757069400,1000,1899,1935,89,0,FWD,9,106,-1,DEPART,0
C3B93D0B,2756692,2757070.402,2757070402,1002,1897,1935,89,0,FWD,9,106,-1,DEPART,0
C3B93D0B,2756693,2757071.402,2757071402,1000,1891,1935,89,0,FWD,9,106,-1,DEPART,0
C3B93D0B,2756694,2757072.402,2757072402,1000,1896,1935,89,0,FWD,9,106,-1,DEPART,0
C3B93D0B,2756695,2757073.608,2757073608,1206,1891,1935,89,0,FWD,9,106,-1,DEPART,0
C3B93D0B,2756696,2757074.402,2757074402,794,1893,1935,89,0,FWD,9,106,-1,DEPART,0
C3B93D0B,2756697,2757076.576,2757076576,2174,1893,1935,89,0,FWD,41,106,-1,DEPART,0
C3B93D0B,2756698,2757076.908,2757076908,332,1889,1935,89,0,FWD,9,106,-1,DEPART,0
C3B93D0B,2756699,2757077.789,2757077789,881,1890,1935,89,0,FWD,9,106,-1,DEPART,0
C3B93D0B,2756700,2757079.127,2757079127,1338,1893,1935,89,0,FWD,41,,-1,IDLE,0
C3B93D0B,2756701,2757079.400,2757079400,273,1890,1935,89,0,FWD,9,,-1,IDLE,0
C3B93D0B,2756702,2757080.399,2757080399,999,1895,1935,89,0,FWD,9,,-1,IDLE,0
C3B93D0B,2756703,2757081.407,2757081407,1008,1893,1935,89,0,FWD,9,,-1,IDLE,0
C3B93D0B,2756704,2757082.399,2757082399,992,1892,1935,89,0,FWD,9,,-1,IDLE,0
C3B93D0B,2756705,2757083.400,2757083400,1001,1890,1935,89,0,FWD,9,,-1,IDLE,0
C3B93D0B,2756706,2757084.399,2757084399,999,1891,1935,89,0,FWD,9,,-1,IDLE,0
C3B93D0B,2756707,2757086.247,2757086247,1848,1889,1935,89,0,FWD,41,,-1,IDLE,0
C3B93D0B,2756708,2757086.775,2757086775,528,1890,1935,89,0,FWD,9,,-1,IDLE,0
C3B93D0B,2756709,2757088.175,2757088175,1400,1891,1935,89,0,FWD,41,,-1,IDLE,0
C3B93D0B,2756710,2757088.468,2757088468,293,1889,1935,89,0,FWD,9,,-1,IDLE,0
C3B93D0B,2756711,2757089.778,2757089778,1310,1888,1935,89,0,FWD,41,,-1,IDLE,0
C3B93D0B,2756712,2757090.399,2757090399,621,1891,1935,89,0,FWD,9,,-1,IDLE,0
C3B93D0B,2756713,2757091.400,2757091400,1001,1889,1935,89,0,FWD,9,,-1,IDLE,0
C3B93D0B,2756714,2757092.399,2757092399,999,1891,1935,89,0,FWD,9,,-1,IDLE,0
C3B93D0B,2756715,2757093.400,2757093400,1001,1891,1935,88,0,FWD,9,,-1,IDLE,0
C3B93D0B,2756716,2757094.399,2757094399,999,1890,1935,88,0,FWD,9,,-1,IDLE,0
C3B93D0B,2756717,2757095.400,2757095400,1001,1888,1935,88,0,FWD,9,,-1,IDLE,0
C3B93D0B,2756718,2757096.399,2757096399,999,1890,1935,88,0,FWD,9,,-1,IDLE,0
C3B93D0B,2756719,2757097.400,2757097400,1001,1890,1935,88,0,FWD,9,,-1,IDLE,0
C3B93D0B,2756720,2757098.399,2757098399,999,1889,1935,88,0,FWD,9,,-1,IDLE,0
C3B93D0B,2756721,2757099.401,2757099401,1002,1889,1935,88,0,FWD,9,,-1,IDLE,0
C3B93D0B,2756722,2757100.399,2757100399,998,1889,1935,88,0,FWD,9,,-1,IDLE,0
C3B93D0B,2756723,2757101.400,2757101400,1001,1890,1935,88,0,FWD,9,,-1,IDLE,0
C3B93D0B,2756724,2757102.399,2757102399,999,1889,1935,88,0,FWD,9,,-1,IDLE,0
C3B93D0B,2756725,2757103.400,2757103400,1001,1888,1935,88,0,FWD,9,,-1,IDLE,0
C3B93D0B,2756726,2757104.399,2757104399,999,1889,1935,88,0,FWD,9,,-1,IDLE,0
C3B93D0B,2756727,2757105.400,2757105400,1001,1888,1935,88,0,FWD,9,,-1,IDLE,0
C3B93D0B,2756728,2757106.399,2757106399,999,1888,1935,88,0,FWD,9,,-1,IDLE,0
C3B93D0B,2756729,2757107.400,2757107400,1001,1887,1935,88,0,FWD,9,,-1,IDLE,0
C3B93D0B,2756730,2757108.399,2757108399,999,1889,1935,88,0,FWD,9,,-1,IDLE,0
C3B93D0B,2756731,2757109.401,2757109401,1002,1888,1935,88,0,FWD,9,,-1,IDLE,0
C3B93D0B,2756732,2757110.399,2757110399,998,1888,1935,88,0,FWD,9,,-1,IDLE,0
C3B93D0B,2756733,2757111.400,2757111400,1001,1888,1935,88,0,FWD,9,,-1,IDLE,0
C3B93D0B,2756734,2757112.399,2757112399,999,1890,1935,88,0,FWD,9,,-1,IDLE,0
C3B93D0B,2756735,2757113.400,2757113400,1001,1888,1935,88,0,FWD,9,,-1,IDLE,0
C3B93D0B,2756736,2757114.399,2757114399,999,1889,1935,88,0,FWD,9,,-1,IDLE,0
C3B93D0B,2756737,2757115.400,2757115400,1001,1890,1935,88,0,FWD,9,,-1,IDLE,0
C3B93D0B,2756738,2757116.399,2757116399,999,1888,1935,88,0,FWD,9,,-1,IDLE,0
C3B93D0B,2756739,2757117.400,2757117400,1001,1888,1935,88,0,FWD,9,,-1,IDLE,0
C3B93D0B,2756740,2757118.399,2757118399,999,1888,1935,88,0,FWD,9,,-1,IDLE,0
C3B93D0B,2756741,2757119.401,2757119401,1002,1889,1935,88,0,FWD,9,,-1,IDLE,0
C3B93D0B,2756742,2757120.400,2757120400,999,1889,1935,88,0,FWD,9,,-1,IDLE,0
C3B93D0B,2756743,2757121.400,2757121400,1000,1889,1935,88,0,FWD,9,,-1,IDLE,0
C3B93D0B,2756744,2757122.399,2757122399,999,1886,1935,88,0,FWD,9,,-1,IDLE,0
C3B93D0B,2756745,2757123.400,2757123400,1001,1888,1935,88,0,FWD,9,,-1,IDLE,0
C3B93D0B,2756746,2757124.399,2757124399,999,1887,1935,88,0,FWD,9,,-1,IDLE,0
C3B93D0B,2756747,2757125.400,2757125400,1001,1889,1935,87,0,FWD,9,,-1,IDLE,0
C3B93D0B,2756748,2757126.400,2757126400,1000,1888,1935,87,0,FWD,9,,-1,IDLE,0
C3B93D0B,2756749,2757127.400,2757127400,1000,1886,1935,87,0,FWD,9,,-1,IDLE,0
C3B93D0B,2756750,2757128.399,2757128399,999,1888,1935,87,0,FWD,9,,-1,IDLE,0
C3B93D0B,2756751,2757129.401,2757129401,1002,1886,1935,87,0,FWD,9,,-1,IDLE,0
C3B93D0B,2756752,2757130.399,2757130399,998,1890,1935,87,0,FWD,9,,-1,IDLE,0
C3B93D0B,2756753,2757131.400,2757131400,1001,1888,1935,87,0,FWD,9,,-1,IDLE,0
C3B93D0B,2756754,2757132.399,2757132399,999,1887,1935,87,0,FWD,9,,-1,IDLE,0
C3B93D0B,2756755,2757133.400,2757133400,1001,1887,1935,87,0,FWD,9,,-1,IDLE,0
C3B93D0B,2756756,2757134.399,2757134399,999,1888,1935,87,0,FWD,9,,-1,IDLE,0
C3B93D0B,2756757,2757135.400,2757135400,1001,1888,1935,87,0,FWD,9,,-1,IDLE,0
C3B93D0B,2756758,2757136.399,2757136399,999,1887,1935,87,0,FWD,9,,-1,IDLE,0
C3B93D0B,2756759,2757137.400,2757137400,1001,1888,1935,87,0,FWD,9,,-1,IDLE,0
C3B93D0B,2756760,2757138.399,2757138399,999,1889,1935,87,0,FWD,9,,-1,IDLE,0
C3B93D0B,2756761,2757139.401,2757139401,1002,1888,1935,87,0,FWD,9,,-1,IDLE,0
C3B93D0B,2756762,2757140.739,2757140739,1338,1889,1935,87,0,FWD,41,,-1,IDLE,0
C3B93D0B,2756763,2757141.400,2757141400,661,1887,1935,87,0,FWD,9,,-1,IDLE,0
C3B93D0B,2756764,2757142.399,2757142399,999,1889,1935,87,0,FWD,9,,-1,IDLE,0
C3B93D0B,2756765,2757143.400,2757143400,1001,1890,1935,87,0,FWD,9,,-1,IDLE,0
C3B93D0B,2756766,2757144.399,2757144399,999,1888,1935,87,0,FWD,9,,-1,IDLE,0
C3B93D0B,2756767,2757145.400,2757145400,1001,1889,1935,87,0,FWD,9,,-1,IDLE,0
C3B93D0B,2756768,2757146.399,2757146399,999,1890,1935,87,0,FWD,9,,-1,IDLE,0
C3B93D0B,2756769,2757147.401,2757147401,1002,1902,1935,87,0,FWD,9,,-1,IDLE,0
C3B93D0B,2756770,2757148.399,2757148399,998,1903,1935,87,0,FWD,9,,-1,IDLE,0
C3B93D0B,2756771,2757149.401,2757149401,1002,1901,1935,87,0,FWD,9,,-1,IDLE,0
C3B93D0B,2756772,2757150.399,2757150399,998,1902,1935,87,0,FWD,9,,-1,IDLE,0
C3B93D0B,2756773,2757151.400,2757151400,1001,1902,1935,87,0,FWD,9,,-1,IDLE,0
C3B93D0B,2756774,2757152.399,2757152399,999,1901,1935,87,0,FWD,9,,-1,IDLE,0
C3B93D0B,2756775,2757153.400,2757153400,1001,1898,1935,87,0,FWD,9,,-1,IDLE,0
C3B93D0B,2756776,2757154.399,2757154399,999,1901,1935,87,0,FWD,9,,-1,IDLE,0
C3B93D0B,2756777,2757155.400,2757155400,1001,1903,1935,87,0,FWD,9,,-1,IDLE,0
C3B93D0B,2756778,2757156.399,2757156399,999,1901,1935,87,0,FWD,9,,-1,IDLE,0
C3B93D0B,2756779,2757157.400,2757157400,1001,1900,1935,86,0,FWD,9,,-1,IDLE,0
C3B93D0B,2756780,2757158.399,2757158399,999,1900,1935,86,0,FWD,9,,-1,IDLE,0
C3B93D0B,2756781,2757159.401,2757159401,1002,1902,1935,86,0,FWD,9,,-1,IDLE,0
C3B93D0B,2756782,2757160.399,2757160399,998,1901,1935,86,0,FWD,9,,-1,IDLE,0
C3B93D0B,2756783,2757161.400,2757161400,1001,1899,1935,86,0,FWD,9,,-1,IDLE,0
C3B93D0B,2756784,2757162.399,2757162399,999,1901,1935,86,0,FWD,9,,-1,IDLE,0
C3B93D0B,2756785,2757163.400,2757163400,1001,1901,1935,86,0,FWD,9,,-1,IDLE,0
C3B93D0B,2756786,2757164.399,2757164399,999,1901,1935,86,0,FWD,9,,-1,IDLE,0
C3B93D0B,2756787,2757165.400,2757165400,1001,1900,1935,86,0,FWD,9,,-1,IDLE,0
C3B93D0B,2756788,2757166.571,2757166571,1171,1900,1935,86,0,FWD,9,,-1,IDLE,0
C3B93D0B,2756789,2757167.400,2757167400,829,1900,1935,86,0,FWD,9,,-1,IDLE,0
C3B93D0B,2756790,2757168.399,2757168399,999,1900,1935,86,0,FWD,9,,-1,IDLE,0
C3B93D0B,2756791,2757169.401,2757169401,1002,1901,1935,86,0,FWD,9,,-1,IDLE,0
C3B93D0B,2756792,2757170.400,2757170400,999,1899,1935,86,0,FWD,9,,-1,IDLE,0
C3B93D0B,2756793,2757171.400,2757171400,1000,1900,1935,86,0,FWD,9,,-1,IDLE,0
C3B93D0B,2756794,2757172.399,2757172399,999,1900,1935,86,0,FWD,9,,-1,IDLE,0
C3B93D0B,2756795,2757173.400,2757173400,1001,1901,1935,86,0,FWD,9,,-1,IDLE,0
C3B93D0B,2756796,2757174.399,2757174399,999,1901,1935,86,0,FWD,9,,-1,IDLE,0
C3B93D0B,2756797,2757175.400,2757175400,1001,1899,1935,86,0,FWD,9,,-1,IDLE,0
C3B93D0B,2756798,2757176.399,2757176399,999,1899,1935,86,0,FWD,9,,-1,IDLE,0
C3B93D0B,2756799,2757177.400,2757177400,1001,1900,1935,86,0,FWD,9,,-1,IDLE,0
C3B93D0B,2756800,2757178.399,2757178399,999,1899,1935,86,0,FWD,9,,-1,IDLE,0
C3B93D0B,2756801,2757179.401,2757179401,1002,1899,1935,86,0,FWD,9,,-1,IDLE,0
C3B93D0B,2756802,2757181.226,2757181226,1825,1887,1935,86,0,FWD,41,,-1,IDLE,0
C3B93D0B,2756803,2757181.542,2757181542,316,1887,1935,86,0,FWD,9,,-1,IDLE,0
C3B93D0B,2756804,2757182.547,2757182547,1005,1886,1935,86,0,FWD,9,,-1,IDLE,0
C3B93D0B,2756805,2757183.399,2757183399,852,1887,1935,86,0,FWD,9,,-1,IDLE,0
C3B93D0B,2756806,2757184.400,2757184400,1001,1891,1935,86,0,FWD,9,,-1,IDLE,0
C3B93D0B,2756807,2757185.399,2757185399,999,1889,1935,86,0,FWD,9,,-1,IDLE,0
C3B93D0B,2756808,2757186.400,2757186400,1001,1893,1935,86,0,FWD,9,,-1,IDLE,0
C3B93D0B,2756809,2757187.399,2757187399,999,1888,1935,86,0,FWD,9,,-1,IDLE,0
C3B93D0B,2756810,2757188.400,2757188400,1001,1888,1935,85,0,FWD,9,,-1,IDLE,0
C3B93D0B,2756811,2757189.400,2757189400,1000,1889,1935,85,0,FWD,9,,-1,IDLE,0
C3B93D0B,2756812,2757190.400,2757190400,1000,1888,1935,85,0,FWD,9,,-1,IDLE,0
C3B93D0B,2756813,2757191.399,2757191399,999,1888,1935,85,0,FWD,9,,-1,IDLE,0
C3B93D0B,2756814,2757192.400,2757192400,1001,1889,1935,85,0,FWD,9,,-1,IDLE,0
C3B93D0B,2756815,2757193.399,2757193399,999,1890,1935,85,0,FWD,9,,-1,IDLE,0
C3B93D0B,2756816,2757194.400,2757194400,1001,1890,1935,85,0,FWD,9,,-1,IDLE,0
C3B93D0B,2756817,2757195.399,2757195399,999,1890,1935,85,0,FWD,9,,-1,IDLE,0
C3B93D0B,2756818,2757196.400,2757196400,1001,1891,1935,85,0,FWD,9,,-1,IDLE,0
C3B93D0B,2756819,2757197.399,2757197399,999,1889,1935,85,0,FWD,9,,-1,IDLE,0
C3B93D0B,2756820,2757198.400,2757198400,1001,1888,1935,85,0,FWD,9,,-1,IDLE,0
C3B93D0B,2756821,2757199.400,2757199400,1000,1890,1935,85,0,FWD,9,,-1,IDLE,0
C3B93D0B,2756822,2757200.400,2757200400,1000,1890,1935,85,0,FWD,9,,-1,IDLE,0
C3B93D0B,2756823,2757201.399,2757201399,999,1889,1935,85,0,FWD,9,,-1,IDLE,0
C3B93D0B,2756824,2757202.400,2757202400,1001,1889,1935,85,0,FWD,9,,-1,IDLE,0
C3B93D0B,2756825,2757203.399,2757203399,999,1889,1935,85,0,FWD,9,,-1,IDLE,0
C3B93D0B,2756826,2757204.400,2757204400,1001,1890,1935,85,0,FWD,9,,-1,IDLE,0
C3B93D0B,2756827,2757205.399,2757205399,999,1891,1935,85,0,FWD,9,,-1,IDLE,0
C3B93D0B,2756828,2757206.400,2757206400,1001,1890,1935,85,0,FWD,9,,-1,IDLE,0
C3B93D0B,2756829,2757207.399,2757207399,999,1889,1935,85,0,FWD,9,,-1,IDLE,0
C3B93D0B,2756830,2757208.400,2757208400,1001,1891,1935,85,0,FWD,9,,-1,IDLE,0
C3B93D0B,2756831,2757209.400,2757209400,1000,1890,1935,85,0,FWD,9,,-1,IDLE,0
C3B93D0B,2756832,2757210.400,2757210400,1000,1891,1935,85,0,FWD,9,,-1,IDLE,0
C3B93D0B,2756833,2757211.399,2757211399,999,1893,1935,85,0,FWD,9,,-1,IDLE,0
C3B93D0B,2756834,2757212.400,2757212400,1001,1890,1935,85,0,FWD,9,,-1,IDLE,0
C3B93D0B,2756835,2757213.399,2757213399,999,1891,1935,85,0,FWD,9,,-1,IDLE,0
C3B93D0B,2756836,2757214.400,2757214400,1001,1890,1935,85,0,FWD,9,,-1,IDLE,0
C3B93D0B,2756837,2757215.399,2757215399,999,1890,1935,85,0,FWD,9,,-1,IDLE,0
C3B93D0B,2756838,2757216.400,2757216400,1001,1890,1935,85,0,FWD,9,,-1,IDLE,0
C3B93D0B,2756839,2757217.399,2757217399,999,1893,1935,85,0,FWD,9,,-1,IDLE,0
C3B93D0B,2756840,2757218.400,2757218400,1001,1891,1935,85,0,FWD,9,,-1,IDLE,0
C3B93D0B,2756841,2757219.400,2757219400,1000,1889,1935,85,0,FWD,9,,-1,IDLE,0
C3B93D0B,2756842,2757220.400,2757220400,1000,1893,1935,84,0,FWD,9,,-1,IDLE,0
C3B93D0B,2756843,2757221.399,2757221399,999,1893,1935,84,0,FWD,9,,-1,IDLE,0
C3B93D0B,2756844,2757222.400,2757222400,1001,1893,1935,84,0,FWD,9,,-1,IDLE,0
C3B93D0B,2756845,2757223.399,2757223399,999,1892,1935,84,0,FWD,9,,-1,IDLE,0
C3B93D0B,2756846,2757224.400,2757224400,1001,1895,1935,84,0,FWD,9,,-1,IDLE,0
C3B93D0B,2756847,2757225.399,2757225399,999,1893,1935,84,0,FWD,9,,-1,IDLE,0
C3B93D0B,2756848,2757226.400,2757226400,1001,1891,1935,84,0,FWD,9,,-1,IDLE,0
C3B93D0B,2756849,2757227.399,2757227399,999,1895,1935,84,0,FWD,9,,-1,IDLE,0
C3B93D0B,2756850,2757228.400,2757228400,1001,1890,1935,84,0,FWD,9,,-1,IDLE,0
C3B93D0B,2756851,2757229.400,2757229400,1000,1890,1935,84,0,FWD,9,,-1,IDLE,0
C3B93D0B,2756852,2757230.400,2757230400,1000,1891,1935,84,0,FWD,9,,-1,IDLE,0
C3B93D0B,2756853,2757231.399,2757231399,999,1891,1935,84,0,FWD,9,,-1,IDLE,0
C3B93D0B,2756854,2757232.400,2757232400,1001,1891,1935,84,0,FWD,9,,-1,IDLE,0
C3B93D0B,2756855,2757233.399,2757233399,999,1893,1935,84,0,FWD,9,,-1,IDLE,0
C3B93D0B,2756856,2757234.400,2757234400,1001,1894,1935,84,0,FWD,9,,-1,IDLE,0
C3B93D0B,2756857,2757235.399,2757235399,999,1893,1935,84,0,FWD,9,,-1,IDLE,0
C3B93D0B,2756858,2757236.400,2757236400,1001,1894,1935,84,0,FWD,9,,-1,IDLE,0
C3B93D0B,2756859,2757237.399,2757237399,999,1894,1935,84,0,FWD,9,,-1,IDLE,0
C3B93D0B,2756860,2757238.407,2757238407,1008,1891,1935,84,0,FWD,9,,-1,IDLE,0
C3B93D0B,2756861,2757239.400,2757239400,993,1893,1935,84,0,FWD,9,,-1,IDLE,0
C3B93D0B,2756862,2757240.400,2757240400,1000,1894,1935,84,0,FWD,9,,-1,IDLE,0
C3B93D0B,2756863,2757241.763,2757241763,1363,1904,1935,84,0,FWD,41,,-1,IDLE,0
C3B93D0B,2756864,2757242.400,2757242400,637,1904,1935,84,0,FWD,9,,-1,IDLE,0
C3B93D0B,2756865,2757243.399,2757243399,999,1903,1935,84,0,FWD,9,,-1,IDLE,0
C3B93D0B,2756866,2757244.400,2757244400,1001,1904,1935,84,0,FWD,9,,-1,IDLE,0
C3B93D0B,2756867,2757245.399,2757245399,999,1904,1935,84,0,FWD,9,,-1,IDLE,0
C3B93D0B,2756868,2757246.400,2757246400,1001,1903,1935,84,0,FWD,9,,-1,IDLE,0
C3B93D0B,2756869,2757247.399,2757247399,999,1904,1935,84,0,FWD,9,,-1,IDLE,0
C3B93D0B,2756870,2757248.400,2757248400,1001,1904,1935,84,0,FWD,9,,-1,IDLE,0
C3B93D0B,2756871,2757249.400,2757249400,1000,1903,1935,84,0,FWD,9,,-1,IDLE,0
C3B93D0B,2756872,2757250.400,2757250400,1000,1904,1935,84,0,FWD,9,,-1,IDLE,0
C3B93D0B,2756873,2757251.399,2757251399,999,1904,1935,84,0,FWD,9,,-1,IDLE,0
C3B93D0B,2756874,2757252.400,2757252400,1001,1903,1935,83,0,FWD,9,,-1,IDLE,0
C3B93D0B,2756875,2757253.399,2757253399,999,1904,1935,83,0,FWD,9,,-1,IDLE,0
C3B93D0B,2756876,2757254.400,2757254400,1001,1903,1935,83,0,FWD,9,,-1,IDLE,0
C3B93D0B,2756877,2757255.399,2757255399,999,1903,1935,83,0,FWD,9,,-1,IDLE,0
C3B93D0B,2756878,2757256.400,2757256400,1001,1904,1935,83,0,FWD,9,,-1,IDLE,0
C3B93D0B,2756879,2757257.399,2757257399,999,1903,1935,83,0,FWD,9,,-1,IDLE,0
C3B93D0B,2756880,2757258.400,2757258400,1001,1903,1935,83,0,FWD,9,,-1,IDLE,0
C3B93D0B,2756881,2757259.400,2757259400,1000,1902,1935,83,0,FWD,9,,-1,IDLE,0
C3B93D0B,2756882,2757260.400,2757260400,1000,1903,1935,83,0,FWD,9,,-1,IDLE,0
C3B93D0B,2756883,2757261.399,2757261399,999,1904,1935,83,0,FWD,9,,-1,IDLE,0
C3B93D0B,2756884,2757262.400,2757262400,1001,1904,1935,83,0,FWD,9,,-1,IDLE,0
C3B93D0B,2756885,2757263.399,2757263399,999,1904,1935,83,0,FWD,9,,-1,IDLE,0
C3B93D0B,2756886,2757264.400,2757264400,1001,1902,1935,83,0,FWD,9,,-1,IDLE,0
C3B93D0B,2756887,2757265.399,2757265399,999,1904,1935,83,0,FWD,9,,-1,IDLE,0
C3B93D0B,2756888,2757266.400,2757266400,1001,1904,1935,83,0,FWD,9,,-1,IDLE,0
C3B93D0B,2756889,2757267.399,2757267399,999,1903,1935,83,0,FWD,9,,-1,IDLE,0
C3B93D0B,2756890,2757268.400,2757268400,1001,1904,1935,83,0,FWD,9,,-1,IDLE,0
C3B93D0B,2756891,2757269.400,2757269400,1000,1904,1935,83,0,FWD,9,,-1,IDLE,0
C3B93D0B,2756892,2757270.400,2757270400,1000,1904,1935,83,0,FWD,9,,-1,IDLE,0
C3B93D0B,2756893,2757271.399,2757271399,999,1904,1935,83,0,FWD,9,,-1,IDLE,0
C3B93D0B,2756894,2757272.400,2757272400,1001,1904,1935,83,0,FWD,9,,-1,IDLE,0
C3B93D0B,2756895,2757273.399,2757273399,999,1904,1935,83,0,FWD,9,,-1,IDLE,0
C3B93D0B,2756896,2757274.400,2757274400,1001,1904,1935,83,0,FWD,9,,-1,IDLE,0
C3B93D0B,2756897,2757275.399,2757275399,999,1904,1935,83,0,FWD,9,,-1,IDLE,0
C3B93D0B,2756898,2757276.400,2757276400,1001,1904,1935,83,0,FWD,9,,-1,IDLE,0
C3B93D0B,2756899,2757277.399,2757277399,999,1904,1935,83,0,FWD,9,,-1,IDLE,0
C3B93D0B,2756900,2757278.400,2757278400,1001,1904,1935,83,0,FWD,9,,-1,IDLE,0
C3B93D0B,2756901,2757279.400,2757279400,1000,1903,1935,83,0,FWD,9,,-1,IDLE,0
C3B93D0B,2756902,2757281.228,2757281228,1828,1893,1935,83,0,FWD,41,,-1,IDLE,0
C3B93D0B,2756903,2757281.533,2757281533,305,1891,1935,83,0,FWD,9,,-1,IDLE,0
C3B93D0B,2756904,2757282.400,2757282400,867,1891,1935,83,0,FWD,9,,-1,IDLE,0
C3B93D0B,2756905,2757283.399,2757283399,999,1893,1935,83,0,FWD,9,,-1,IDLE,0
C3B93D0B,2756906,2757284.400,2757284400,1001,1893,1935,82,0,FWD,9,,-1,IDLE,0
C3B93D0B,2756907,2757285.399,2757285399,999,1893,1935,82,0,FWD,9,,-1,IDLE,0
C3B93D0B,2756908,2757286.400,2757286400,1001,1893,1935,82,0,FWD,9,,-1,IDLE,0
C3B93D0B,2756909,2757287.399,2757287399,999,1893,1935,82,0,FWD,9,,-1,IDLE,0
C3B93D0B,2756910,2757288.400,2757288400,1001,1895,1935,82,0,FWD,9,,-1,IDLE,0
C3B93D0B,2756911,2757289.400,2757289400,1000,1895,1935,82,0,FWD,9,,-1,IDLE,0
C3B93D0B,2756912,2757290.400,2757290400,1000,1893,1935,82,0,FWD,9,,-1,IDLE,0
C3B93D0B,2756913,2757291.399,2757291399,999,1895,1935,82,0,FWD,9,,-1,IDLE,0
C3B93D0B,2756914,2757292.400,2757292400,1001,1894,1935,82,0,FWD,9,,-1,IDLE,0
C3B93D0B,2756915,2757293.399,2757293399,999,1893,1935,82,0,FWD,9,,-1,IDLE,0
C3B93D0B,2756916,2757294.400,2757294400,1001,1894,1935,82,0,FWD,9,,-1,IDLE,0
C3B93D0B,2756917,2757295.399,2757295399,999,1893,1935,82,0,FWD,9,,-1,IDLE,0
C3B93D0B,2756918,2757296.400,2757296400,1001,1893,1935,82,0,FWD,9,,-1,IDLE,0
C3B93D0B,2756919,2757297.399,2757297399,999,1893,1935,82,0,FWD,9,,-1,IDLE,0
C3B93D0B,2756920,2757298.400,2757298400,1001,1893,1935,82,0,FWD,9,,-1,IDLE,0
C3B93D0B,2756921,2757299.400,2757299400,1000,1895,1935,82,0,FWD,9,,-1,IDLE,0
C3B93D0B,2756922,2757300.400,2757300400,1000,1895,1935,82,0,FWD,9,,-1,IDLE,0
C3B93D0B,2756923,2757301.399,2757301399,999,1894,1935,82,0,FWD,9,,-1,IDLE,0
C3B93D0B,2756924,2757302.400,2757302400,1001,1894,1935,82,0,FWD,9,,-1,IDLE,0
C3B93D0B,2756925,2757303.399,2757303399,999,1895,1935,82,0,FWD,9,,-1,IDLE,0
C3B93D0B,2756926,2757304.400,2757304400,1001,1895,1935,82,0,FWD,9,,-1,IDLE,0
C3B93D0B,2756927,2757305.399,2757305399,999,1894,1935,82,0,FWD,9,,-1,IDLE,0
C3B93D0B,2756928,2757306.400,2757306400,1001,1894,1935,82,0,FWD,9,,-1,IDLE,0
C3B93D0B,2756929,2757307.399,2757307399,999,1894,1935,82,0,FWD,9,,-1,IDLE,0
C3B93D0B,2756930,2757308.400,2757308400,1001,1895,1935,82,0,FWD,9,,-1,IDLE,0
C3B93D0B,2756931,2757309.400,2757309400,1000,1895,1935,82,0,FWD,9,,-1,IDLE,0
C3B93D0B,2756932,2757310.400,2757310400,1000,1895,1935,82,0,FWD,9,,-1,IDLE,0
C3B93D0B,2756933,2757311.399,2757311399,999,1895,1935,82,0,FWD,9,,-1,IDLE,0
C3B93D0B,2756934,2757312.400,2757312400,1001,1893,1935,82,0,FWD,9,,-1,IDLE,0
C3B93D0B,2756935,2757313.399,2757313399,999,1893,1935,82,0,FWD,9,,-1,IDLE,0
C3B93D0B,2756936,2757314.400,2757314400,1001,1897,1935,82,0,FWD,9,,-1,IDLE,0
C3B93D0B,2756937,2757315.399,2757315399,999,1895,1935,82,0,FWD,9,,-1,IDLE,0
C3B93D0B,2756938,2757316.400,2757316400,1001,1894,1935,81,0,FWD,9,,-1,IDLE,0
C3B93D0B,2756939,2757317.399,2757317399,999,1895,1935,81,0,FWD,9,,-1,IDLE,0
C3B93D0B,2756940,2757318.400,2757318400,1001,1895,1935,81,0,FWD,9,,-1,IDLE,0
C3B93D0B,2756941,2757319.400,2757319400,1000,1896,1935,81,0,FWD,9,,-1,IDLE,0
C3B93D0B,2756942,2757320.400,2757320400,1000,1898,1935,81,0,FWD,9,,-1,IDLE,0
C3B93D0B,2756943,2757321.399,2757321399,999,1897,1935,81,0,FWD,9,,-1,IDLE,0
C3B93D0B,2756944,2757322.400,2757322400,1001,1895,1935,81,0,FWD,9,,-1,IDLE,0
C3B93D0B,2756945,2757323.399,2757323399,999,1896,1935,81,0,FWD,9,,-1,IDLE,0
C3B93D0B,2756946,2757324.400,2757324400,1001,1894,1935,81,0,FWD,9,,-1,IDLE,0
C3B93D0B,2756947,2757325.399,2757325399,999,1898,1935,81,0,FWD,9,,-1,IDLE,0
C3B93D0B,2756948,2757326.400,2757326400,1001,1895,1935,81,0,FWD,9,,-1,IDLE,0
C3B93D0B,2756949,2757327.399,2757327399,999,1898,1935,81,0,FWD,9,,-1,IDLE,0
C3B93D0B,2756950,2757328.400,2757328400,1001,1894,1935,81,0,FWD,9,,-1,IDLE,0
C3B93D0B,2756951,2757329.400,2757329400,1000,1898,1935,81,0,FWD,9,,-1,IDLE,0
C3B93D0B,2756952,2757330.400,2757330400,1000,1895,1935,81,0,FWD,9,,-1,IDLE,0
C3B93D0B,2756953,2757331.399,2757331399,999,1900,1935,81,0,FWD,9,,-1,IDLE,0
C3B93D0B,2756954,2757332.600,2757332600,1201,1899,1935,81,0,FWD,9,,-1,IDLE,0
C3B93D0B,2756955,2757333.399,2757333399,799,1899,1935,81,0,FWD,9,,-1,IDLE,0
C3B93D0B,2756956,2757334.400,2757334400,1001,1895,1935,81,0,FWD,9,,-1,IDLE,0
C3B93D0B,2756957,2757335.399,2757335399,999,1897,1935,81,0,FWD,9,,-1,IDLE,0
C3B93D0B,2756958,2757336.400,2757336400,1001,1897,1935,81,0,FWD,9,,-1,IDLE,0
C3B93D0B,2756959,2757337.399,2757337399,999,1895,1935,81,0,FWD,9,,-1,IDLE,0
C3B93D0B,2756960,2757338.966,2757338966,1567,1897,1935,81,0,FWD,41,,-1,IDLE,0
C3B93D0B,2756961,2757339.400,2757339400,434,1895,1935,81,0,FWD,9,,-1,IDLE,0
C3B93D0B,2756962,2757340.400,2757340400,1000,1895,1935,81,0,FWD,9,,-1,IDLE,0
C3B93D0B,2756963,2757341.399,2757341399,999,1899,1935,81,0,FWD,9,,-1,IDLE,0
C3B93D0B,2756964,2757342.400,2757342400,1001,1899,1935,81,0,FWD,9,,-1,IDLE,0
C3B93D0B,2756965,2757343.935,2757343935,1535,1899,1935,81,0,FWD,41,,-1,IDLE,0
C3B93D0B,2756966,2757344.400,2757344400,465,1899,1935,81,0,FWD,9,,-1,IDLE,0
C3B93D0B,2756967,2757345.399,2757345399,999,1898,1935,81,0,FWD,9,,-1,IDLE,0
C3B93D0B,2756968,2757346.400,2757346400,1001,1899,1935,81,0,FWD,9,,-1,IDLE,0
C3B93D0B,2756969,2757347.399,2757347399,999,1897,1935,81,0,FWD,9,,-1,IDLE,0
C3B93D0B,2756970,2757348.400,2757348400,1001,1896,1935,80,0,FWD,9,,-1,IDLE,0
C3B93D0B,2756971,2757349.400,2757349400,1000,1896,1935,80,0,FWD,9,,-1,IDLE,0
C3B93D0B,2756972,2757350.400,2757350400,1000,1899,1935,80,0,FWD,9,,-1,IDLE,0
C3B93D0B,2756973,2757351.399,2757351399,999,1897,1935,80,0,FWD,9,,-1,IDLE,0
C3B93D0B,2756974,2757352.400,2757352400,1001,1895,1935,80,0,FWD,9,,-1,IDLE,0
C3B93D0B,2756975,2757353.399,2757353399,999,1895,1935,80,0,FWD,9,,-1,IDLE,0
C3B93D0B,2756976,2757354.400,2757354400,1001,1898,1935,80,0,FWD,9,,-1,IDLE,0
C3B93D0B,2756977,2757355.399,2757355399,999,1899,1935,80,0,FWD,9,,-1,IDLE,0
C3B93D0B,2756978,2757356.400,2757356400,1001,1899,1935,80,0,FWD,9,,-1,IDLE,0
C3B93D0B,2756979,2757357.399,2757357399,999,1900,1935,80,0,FWD,9,,-1,IDLE,0
C3B93D0B,2756980,2757358.400,2757358400,1001,1897,1935,80,0,FWD,9,,-1,IDLE,0
C3B93D0B,2756981,2757359.400,2757359400,1000,1899,1935,80,0,FWD,9,,-1,IDLE,0
C3B93D0B,2756982,2757360.400,2757360400,1000,1898,1935,80,0,FWD,9,,-1,IDLE,0
C3B93D0B,2756983,2757361.399,2757361399,999,1900,1935,80,0,FWD,9,,-1,IDLE,0
C3B93D0B,2756984,2757362.400,2757362400,1001,1899,1935,80,0,FWD,9,,-1,IDLE,0
C3B93D0B,2756985,2757363.399,2757363399,999,1899,1935,80,0,FWD,9,,-1,IDLE,0
C3B93D0B,2756986,2757364.400,2757364400,1001,1898,1935,80,0,FWD,9,,-1,IDLE,0
C3B93D0B,2756987,2757365.399,2757365399,999,1897,1935,80,0,FWD,9,,-1,IDLE,0
C3B93D0B,2756988,2757366.400,2757366400,1001,1898,1935,80,0,FWD,9,,-1,IDLE,0
C3B93D0B,2756989,2757367.399,2757367399,999,1898,1935,80,0,FWD,9,,-1,IDLE,0
C3B93D0B,2756990,2757368.400,2757368400,1001,1897,1935,80,0,FWD,9,,-1,IDLE,0
C3B93D0B,2756991,2757369.400,2757369400,1000,1899,1935,80,0,FWD,9,,-1,IDLE,0
C3B93D0B,2756992,2757370.400,2757370400,1000,1897,1935,80,0,FWD,9,,-1,IDLE,0
C3B93D0B,2756993,2757371.585,2757371585,1185,1898,1935,80,0,FWD,9,,-1,IDLE,0
C3B93D0B,2756994,2757372.400,2757372400,815,1898,1935,80,0,FWD,9,,-1,IDLE,0
C3B93D0B,2756995,2757373.399,2757373399,999,1895,1935,80,0,FWD,9,,-1,IDLE,0
C3B93D0B,2756996,2757374.400,2757374400,1001,1898,1935,80,0,FWD,9,,-1,IDLE,0
C3B93D0B,2756997,2757375.399,2757375399,999,1898,1935,80,0,FWD,9,,-1,IDLE,0
C3B93D0B,2756998,2757376.642,2757376642,1243,1906,1935,80,0,FWD,9,,-1,IDLE,0
C3B93D0B,2756999,2757377.399,2757377399,757,1906,1935,80,0,FWD,9,,-1,IDLE,0
C3B93D0B,2757000,2757378.525,2757378525,1126,1906,1935,80,0,FWD,9,,-1,IDLE,0
C3B93D0B,2757001,2757379.622,2757379622,1097,1904,1935,80,0,FWD,9,,-1,IDLE,0
C3B93D0B,2757002,2757381.282,2757381282,1660,1895,1935,79,0,FWD,41,,-1,IDLE,0
C3B93D0B,2757003,2757381.600,2757381600,318,1897,1935,79,0,FWD,9,,-1,IDLE,0
C3B93D0B,2757004,2757382.400,2757382400,800,1895,1935,79,0,FWD,9,,-1,IDLE,0
C3B93D0B,2757005,2757383.591,2757383591,1191,1895,1935,79,0,FWD,9,,-1,IDLE,0
C3B93D0B,2757006,2757384.400,2757384400,809,1899,1935,79,0,FWD,9,,-1,IDLE,0
C3B93D0B,2757007,2757385.399,2757385399,999,1898,1935,79,0,FWD,9,,-1,IDLE,0
C3B93D0B,2757008,2757386.400,2757386400,1001,1898,1935,79,0,FWD,9,,-1,IDLE,0
C3B93D0B,2757009,2757387.399,2757387399,999,1897,1935,79,0,FWD,9,,-1,IDLE,0
C3B93D0B,2757010,2757388.400,2757388400,1001,1899,1935,79,0,FWD,9,,-1,IDLE,0
C3B93D0B,2757011,2757389.400,2757389400,1000,1895,1935,79,0,FWD,9,,-1,IDLE,0
C3B93D0B,2757012,2757390.400,2757390400,1000,1897,1935,79,0,FWD,9,,-1,IDLE,0
C3B93D0B,2757013,2757391.399,2757391399,999,1897,1935,79,0,FWD,9,,-1,IDLE,0
C3B93D0B,2757014,2757392.400,2757392400,1001,1898,1935,79,0,FWD,9,,-1,IDLE,0
C3B93D0B,2757015,2757393.399,2757393399,999,1896,1935,79,0,FWD,9,,-1,IDLE,0
C3B93D0B,2757016,2757394.400,2757394400,1001,1898,1935,79,0,FWD,9,,-1,IDLE,0
C3B93D0B,2757017,2757395.399,2757395399,999,1895,1935,79,0,FWD,9,,-1,IDLE,0
C3B93D0B,2757018,2757396.400,2757396400,1001,1898,1935,79,0,FWD,9,,-1,IDLE,0
C3B93D0B,2757019,2757397.399,2757397399,999,1897,1935,79,0,FWD,9,,-1,IDLE,0
C3B93D0B,2757020,2757398.400,2757398400,1001,1899,1935,79,0,FWD,9,,-1,IDLE,0
C3B93D0B,2757021,2757399.400,2757399400,1000,1899,1935,79,0,FWD,9,,-1,IDLE,0
C3B93D0B,2757022,2757400.400,2757400400,1000,1897,1935,79,0,FWD,9,,-1,IDLE,0
C3B93D0B,2757023,2757401.399,2757401399,999,1899,1935,79,0,FWD,9,,-1,IDLE,0
C3B93D0B,2757024,2757402.400,2757402400,1001,1898,1935,79,0,FWD,9,,-1,IDLE,0
C3B93D0B,2757025,2757403.399,2757403399,999,1897,1935,79,0,FWD,9,,-1,IDLE,0
C3B93D0B,2757026,2757404.400,2757404400,1001,1898,1935,79,0,FWD,9,,-1,IDLE,0
C3B93D0B,2757027,2757405.399,2757405399,999,1898,1935,79,0,FWD,9,,-1,IDLE,0
C3B93D0B,2757028,2757406.400,2757406400,1001,1895,1935,79,0,FWD,9,,-1,IDLE,0
C3B93D0B,2757029,2757407.399,2757407399,999,1899,1935,79,0,FWD,9,,-1,IDLE,0
C3B93D0B,2757030,2757408.400,2757408400,1001,1898,1935,79,0,FWD,9,,-1,IDLE,0
C3B93D0B,2757031,2757409.400,2757409400,1000,1895,1935,79,0,FWD,9,,-1,IDLE,0
C3B93D0B,2757032,2757410.400,2757410400,1000,1897,1935,79,0,FWD,9,,-1,IDLE,0
C3B93D0B,2757033,2757411.399,2757411399,999,1899,1935,79,0,FWD,9,,-1,IDLE,0
C3B93D0B,2757034,2757412.400,2757412400,1001,1901,1935,78,0,FWD,9,,-1,IDLE,0
C3B93D0B,2757035,2757413.399,2757413399,999,1898,1935,78,0,FWD,9,,-1,IDLE,0
C3B93D0B,2757036,2757414.400,2757414400,1001,1897,1935,78,0,FWD,9,,-1,IDLE,0
C3B93D0B,2757037,2757415.399,2757415399,999,1898,1935,78,0,FWD,9,,-1,IDLE,0
C3B93D0B,2757038,2757416.592,2757416592,1193,1899,1935,78,0,FWD,9,,-1,IDLE,0
C3B93D0B,2757039,2757417.399,2757417399,807,1898,1935,78,0,FWD,9,,-1,IDLE,0
C3B93D0B,2757040,2757418.400,2757418400,1001,1898,1935,78,0,FWD,9,,-1,IDLE,0
C3B93D0B,2757041,2757419.400,2757419400,1000,1897,1935,78,0,FWD,9,,-1,IDLE,0
C3B93D0B,2757042,2757420.400,2757420400,1000,1899,1935,78,0,FWD,9,,-1,IDLE,0
C3B93D0B,2757043,2757421.399,2757421399,999,1898,1935,78,0,FWD,9,,-1,IDLE,0
C3B93D0B,2757044,2757422.400,2757422400,1001,1898,1935,78,0,FWD,9,,-1,IDLE,0
C3B93D0B,2757045,2757423.399,2757423399,999,1899,1935,78,0,FWD,9,,-1,IDLE,0
C3B93D0B,2757046,2757424.400,2757424400,1001,1898,1935,78,0,FWD,9,,-1,IDLE,0
C3B93D0B,2757047,2757425.399,2757425399,999,1899,1935,78,0,FWD,9,,-1,IDLE,0
C3B93D0B,2757048,2757426.400,2757426400,1001,1896,1935,78,0,FWD,9,,-1,IDLE,0
C3B93D0B,2757049,2757427.399,2757427399,999,1897,1935,78,0,FWD,9,,-1,IDLE,0
C3B93D0B,2757050,2757428.400,2757428400,1001,1898,1935,78,0,FWD,9,,-1,IDLE,0
C3B93D0B,2757051,2757429.400,2757429400,1000,1899,1935,78,0,FWD,9,,-1,IDLE,0
C3B93D0B,2757052,2757430.400,2757430400,1000,1898,1935,78,0,FWD,9,,-1,IDLE,0
C3B93D0B,2757053,2757431.399,2757431399,999,1899,1935,78,0,FWD,9,,-1,IDLE,0
C3B93D0B,2757054,2757432.400,2757432400,1001,1897,1935,78,0,FWD,9,,-1,IDLE,0
C3B93D0B,2757055,2757433.399,2757433399,999,1898,1935,78,0,FWD,9,,-1,IDLE,0
C3B93D0B,2757056,2757434.400,2757434400,1001,1898,1935,78,0,FWD,9,,-1,IDLE,0
C3B93D0B,2757057,2757435.399,2757435399,999,1897,1935,78,0,FWD,9,,-1,IDLE,0
C3B93D0B,2757058,2757436.400,2757436400,1001,1899,1935,78,0,FWD,9,,-1,IDLE,0
C3B93D0B,2757059,2757437.399,2757437399,999,1899,1935,78,0,FWD,9,,-1,IDLE,0
C3B93D0B,2757060,2757438.400,2757438400,1001,1897,1935,78,0,FWD,9,,-1,IDLE,0
C3B93D0B,2757061,2757439.591,2757439591,1191,1905,1935,78,0,FWD,9,,-1,IDLE,0
C3B93D0B,2757062,2757440.400,2757440400,809,1903,1935,78,0,FWD,9,,-1,IDLE,0
C3B93D0B,2757063,2757441.399,2757441399,999,1898,1935,78,0,FWD,9,,-1,IDLE,0
C3B93D0B,2757064,2757442.400,2757442400,1001,1899,1935,78,0,FWD,9,,-1,IDLE,0
C3B93D0B,2757065,2757443.399,2757443399,999,1899,1935,78,0,FWD,9,,-1,IDLE,0
C3B93D0B,2757066,2757444.400,2757444400,1001,1897,1935,77,0,FWD,9,,-1,IDLE,0
C3B93D0B,2757067,2757445.400,2757445400,1000,1901,1935,77,0,FWD,9,,-1,IDLE,0
C3B93D0B,2757068,2757446.527,2757446527,1127,1906,1935,77,0,FWD,9,,-1,IDLE,0
C3B93D0B,2757069,2757447.399,2757447399,872,1906,1935,77,0,FWD,9,,-1,IDLE,0
C3B93D0B,2757070,2757448.400,2757448400,1001,1907,1935,77,0,FWD,9,,-1,IDLE,0
C3B93D0B,2757071,2757449.400,2757449400,1000,1907,1935,77,0,FWD,9,,-1,IDLE,0
C3B93D0B,2757072,2757450.400,2757450400,1000,1904,1935,77,0,FWD,9,,-1,IDLE,0
C3B93D0B,2757073,2757451.399,2757451399,999,1905,1935,77,0,FWD,9,,-1,IDLE,0
C3B93D0B,2757074,2757452.400,2757452400,1001,1906,1935,77,0,FWD,9,,-1,IDLE,0
C3B93D0B,2757075,2757453.399,2757453399,999,1905,1935,77,0,FWD,9,,-1,IDLE,0
C3B93D0B,2757076,2757454.400,2757454400,1001,1905,1935,77,0,FWD,9,,-1,IDLE,0
C3B93D0B,2757077,2757455.399,2757455399,999,1905,1935,77,0,FWD,9,,-1,IDLE,0
C3B93D0B,2757078,2757456.400,2757456400,1001,1905,1935,77,0,FWD,9,,-1,IDLE,0
C3B93D0B,2757079,2757457.399,2757457399,999,1905,1935,77,0,FWD,9,,-1,IDLE,0
C3B93D0B,2757080,2757458.400,2757458400,1001,1905,1935,77,0,FWD,9,,-1,IDLE,0
C3B93D0B,2757081,2757459.400,2757459400,1000,1906,1935,77,0,FWD,9,,-1,IDLE,0
C3B93D0B,2757082,2757460.402,2757460402,1002,1906,1935,77,0,FWD,9,,-1,IDLE,0
C3B93D0B,2757083,2757461.864,2757461864,1462,1894,1935,77,0,FWD,41,,-1,IDLE,0
C3B93D0B,2757084,2757462.498,2757462498,634,1894,1935,77,0,FWD,9,,-1,IDLE,0
C3B93D0B,2757085,2757465.076,2757465076,2578,1897,1935,77,0,FWD,41,,-1,IDLE,0
C3B93D0B,2757086,2757465.415,2757465415,339,1894,1935,77,0,FWD,9,,-1,IDLE,0
C3B93D0B,2757087,2757465.654,2757465654,239,1895,1935,77,0,FWD,9,,-1,IDLE,0
C3B93D0B,2757088,2757466.399,2757466399,745,1898,1935,77,0,FWD,9,,-1,IDLE,0
C3B93D0B,2757089,2757467.400,2757467400,1001,1899,1935,77,0,FWD,9,,-1,IDLE,0
C3B93D0B,2757090,2757469.615,2757469615,2215,1898,1935,77,0,FWD,41,,-1,IDLE,0
C3B93D0B,2757091,2757470.236,2757470236,621,1898,1935,77,0,FWD,9,,-1,IDLE,0
C3B93D0B,2757092,2757470.475,2757470475,239,1897,1935,77,0,FWD,9,,-1,IDLE,0
C3B93D0B,2757093,2757471.619,2757471619,1144,1898,1935,77,0,FWD,9,,-1,IDLE,0
C3B93D0B,2757094,2757472.399,2757472399,780,1897,1935,77,0,FWD,9,,-1,IDLE,0
C3B93D0B,2757095,2757473.400,2757473400,1001,1898,1935,77,0,FWD,9,,-1,IDLE,0
C3B93D0B,2757096,2757474.400,2757474400,1000,1898,1935,77,0,FWD,9,,-1,IDLE,0
C3B93D0B,2757097,2757475.400,2757475400,1000,1899,1935,76,0,FWD,9,,-1,IDLE,0
C3B93D0B,2757098,2757476.399,2757476399,999,1898,1935,76,0,FWD,9,,-1,IDLE,0
C3B93D0B,2757099,2757477.400,2757477400,1001,1898,1935,76,0,FWD,9,,-1,IDLE,0
C3B93D0B,2757100,2757478.399,2757478399,999,1899,1935,76,0,FWD,9,,-1,IDLE,0
C3B93D0B,2757101,2757479.400,2757479400,1001,1897,1935,76,0,FWD,9,,-1,IDLE,0
C3B93D0B,2757102,2757480.399,2757480399,999,1898,1935,76,0,FWD,9,,-1,IDLE,0
C3B93D0B,2757103,2757481.400,2757481400,1001,1899,1935,76,0,FWD,9,,-1,IDLE,0
C3B93D0B,2757104,2757482.399,2757482399,999,1899,1935,76,0,FWD,9,,-1,IDLE,0
C3B93D0B,2757105,2757483.400,2757483400,1001,1898,1935,76,0,FWD,9,,-1,IDLE,0
C3B93D0B,2757106,2757484.400,2757484400,1000,1900,1935,76,0,FWD,9,,-1,IDLE,0
C3B93D0B,2757107,2757485.764,2757485764,1364,1899,1935,76,0,FWD,41,,-1,IDLE,0
C3B93D0B,2757108,2757486.399,2757486399,635,1899,1935,76,0,FWD,9,,-1,IDLE,0
C3B93D0B,2757109,2757487.400,2757487400,1001,1901,1935,76,0,FWD,9,,-1,IDLE,0
C3B93D0B,2757110,2757488.399,2757488399,999,1899,1935,76,0,FWD,9,,-1,IDLE,0
C3B93D0B,2757111,2757489.400,2757489400,1001,1895,1935,76,0,FWD,9,,-1,IDLE,0
C3B93D0B,2757112,2757490.399,2757490399,999,1899,1935,76,0,FWD,9,,-1,IDLE,0
C3B93D0B,2757113,2757491.660,2757491660,1261,1899,1935,76,0,FWD,41,,-1,IDLE,0
C3B93D0B,2757114,2757492.399,2757492399,739,1899,1935,76,0,FWD,9,,-1,IDLE,0
C3B93D0B,2757115,2757493.400,2757493400,1001,1899,1935,76,0,FWD,9,,-1,IDLE,0
C3B93D0B,2757116,2757494.399,2757494399,999,1901,1935,76,0,FWD,9,,-1,IDLE,0
C3B93D0B,2757117,2757495.401,2757495401,1002,1899,1935,76,0,FWD,9,,-1,IDLE,0
C3B93D0B,2757118,2757496.399,2757496399,998,1899,1935,76,0,FWD,9,,-1,IDLE,0
C3B93D0B,2757119,2757497.400,2757497400,1001,1897,1935,76,0,FWD,9,,-1,IDLE,0
C3B93D0B,2757120,2757498.399,2757498399,999,1899,1935,76,0,FWD,9,,-1,IDLE,0
C3B93D0B,2757121,2757499.400,2757499400,1001,1897,1935,76,0,FWD,9,,-1,IDLE,0
C3B93D0B,2757122,2757500.399,2757500399,999,1898,1935,76,0,FWD,9,,-1,IDLE,0
C3B93D0B,2757123,2757501.400,2757501400,1001,1897,1935,76,0,FWD,9,,-1,IDLE,0
C3B93D0B,2757124,2757502.399,2757502399,999,1899,1935,76,0,FWD,9,,-1,IDLE,0
C3B93D0B,2757125,2757503.400,2757503400,1001,1900,1935,76,0,FWD,9,,-1,IDLE,0
C3B93D0B,2757126,2757504.399,2757504399,999,1899,1935,76,0,FWD,9,,-1,IDLE,0
C3B93D0B,2757127,2757505.401,2757505401,1002,1900,1935,76,0,FWD,9,,-1,IDLE,0
C3B93D0B,2757128,2757506.399,2757506399,998,1899,1935,76,0,FWD,9,,-1,IDLE,0
C3B93D0B,2757129,2757507.400,2757507400,1001,1898,1935,75,0,FWD,9,,-1,IDLE,0
C3B93D0B,2757130,2757508.399,2757508399,999,1900,1935,75,0,FWD,9,,-1,IDLE,0
C3B93D0B,2757131,2757509.400,2757509400,1001,1899,1935,75,0,FWD,9,,-1,IDLE,0
C3B93D0B,2757132,2757510.399,2757510399,999,1900,1935,75,0,FWD,9,,-1,IDLE,0
C3B93D0B,2757133,2757511.400,2757511400,1001,1898,1935,75,0,FWD,9,,-1,IDLE,0
C3B93D0B,2757134,2757512.399,2757512399,999,1899,1935,75,0,FWD,9,,-1,IDLE,0
C3B93D0B,2757135,2757513.400,2757513400,1001,1898,1935,75,0,FWD,9,,-1,IDLE,0
C3B93D0B,2757136,2757514.399,2757514399,999,1898,1935,75,0,FWD,9,,-1,IDLE,0
C3B93D0B,2757137,2757515.401,2757515401,1002,1898,1935,75,0,FWD,9,,-1,IDLE,0
C3B93D0B,2757138,2757516.400,2757516400,999,1901,1935,75,0,FWD,9,,-1,IDLE,0
C3B93D0B,2757139,2757517.400,2757517400,1000,1901,1935,75,0,FWD,9,,-1,IDLE,0
C3B93D0B,2757140,2757518.399,2757518399,999,1899,1935,75,0,FWD,9,,-1,IDLE,0
C3B93D0B,2757141,2757519.400,2757519400,1001,1901,1935,75,0,FWD,9,,-1,IDLE,0
C3B93D0B,2757142,2757520.399,2757520399,999,1897,1935,75,0,FWD,9,,-1,IDLE,0
C3B93D0B,2757143,2757521.400,2757521400,1001,1899,1935,75,0,FWD,9,,-1,IDLE,0
C3B93D0B,2757144,2757522.399,2757522399,999,1899,1935,75,0,FWD,9,,-1,IDLE,0
C3B93D0B,2757145,2757523.400,2757523400,1001,1898,1935,75,0,FWD,9,,-1,IDLE,0
C3B93D0B,2757146,2757524.399,2757524399,999,1899,1935,75,0,FWD,9,,-1,IDLE,0
C3B93D0B,2757147,2757525.401,2757525401,1002,1901,1935,75,0,FWD,9,,-1,IDLE,0
C3B93D0B,2757148,2757526.399,2757526399,998,1901,1935,75,0,FWD,9,,-1,IDLE,0
C3B93D0B,2757149,2757527.400,2757527400,1001,1897,1935,75,0,FWD,9,,-1,IDLE,0
C3B93D0B,2757150,2757528.399,2757528399,999,1900,1935,75,0,FWD,9,,-1,IDLE,0
C3B93D0B,2757151,2757529.400,2757529400,1001,1899,1935,75,0,FWD,9,,-1,IDLE,0
C3B93D0B,2757152,2757530.399,2757530399,999,1901,1935,75,0,FWD,9,,-1,IDLE,0
C3B93D0B,2757153,2757531.400,2757531400,1001,1899,1935,75,0,FWD,9,,-1,IDLE,0
C3B93D0B,2757154,2757532.399,2757532399,999,1899,1935,75,0,FWD,9,,-1,IDLE,0
C3B93D0B,2757155,2757533.400,2757533400,1001,1901,1935,75,0,FWD,9,,-1,IDLE,0
C3B93D0B,2757156,2757534.399,2757534399,999,1899,1935,75,0,FWD,9,,-1,IDLE,0
C3B93D0B,2757157,2757535.401,2757535401,1002,1901,1935,75,0,FWD,9,,-1,IDLE,0
C3B93D0B,2757158,2757536.399,2757536399,998,1899,1935,75,0,FWD,9,,-1,IDLE,0
C3B93D0B,2757159,2757537.400,2757537400,1001,1898,1935,75,0,FWD,9,,-1,IDLE,0
C3B93D0B,2757160,2757538.399,2757538399,999,1899,1935,75,0,FWD,9,,-1,IDLE,0
C3B93D0B,2757161,2757539.400,2757539400,1001,1898,1935,74,0,FWD,9,,-1,IDLE,0
C3B93D0B,2757162,2757540.399,2757540399,999,1900,1935,74,0,FWD,9,,-1,IDLE,0
C3B93D0B,2757163,2757541.400,2757541400,1001,1898,1935,74,0,FWD,9,,-1,IDLE,0
C3B93D0B,2757164,2757542.399,2757542399,999,1901,1935,74,0,FWD,9,,-1,IDLE,0
C3B93D0B,2757165,2757543.400,2757543400,1001,1898,1935,74,0,FWD,9,,-1,IDLE,0
C3B93D0B,2757166,2757544.399,2757544399,999,1899,1935,74,0,FWD,9,,-1,IDLE,0
C3B93D0B,2757167,2757545.401,2757545401,1002,1899,1935,74,0,FWD,9,,-1,IDLE,0
C3B93D0B,2757168,2757546.400,2757546400,999,1901,1935,74,0,FWD,9,,-1,IDLE,0
C3B93D0B,2757169,2757547.400,2757547400,1000,1899,1935,74,0,FWD,9,,-1,IDLE,0
C3B93D0B,2757170,2757548.759,2757548759,1359,1909,1935,74,0,FWD,41,,-1,IDLE,0
C3B93D0B,2757171,2757549.400,2757549400,641,1907,1935,74,0,FWD,9,,-1,IDLE,0
C3B93D0B,2757172,2757550.399,2757550399,999,1907,1935,74,0,FWD,9,,-1,IDLE,0
C3B93D0B,2757173,2757551.400,2757551400,1001,1909,1935,74,0,FWD,9,,-1,IDLE,0
C3B93D0B,2757174,2757552.399,2757552399,999,1907,1935,74,0,FWD,9,,-1,IDLE,0
C3B93D0B,2757175,2757553.400,2757553400,1001,1907,1935,74,0,FWD,9,,-1,IDLE,0
C3B93D0B,2757176,2757554.399,2757554399,999,1907,1935,74,0,FWD,9,,-1,IDLE,0
C3B93D0B,2757177,2757555.401,2757555401,1002,1906,1935,74,0,FWD,9,,-1,IDLE,0
C3B93D0B,2757178,2757556.400,2757556400,999,1907,1935,74,0,FWD,9,,-1,IDLE,0
C3B93D0B,2757179,2757557.400,2757557400,1000,1906,1935,74,0,FWD,9,,-1,IDLE,0
C3B93D0B,2757180,2757558.399,2757558399,999,1905,1935,74,0,FWD,9,,-1,IDLE,0
C3B93D0B,2757181,2757559.400,2757559400,1001,1907,1935,74,0,FWD,9,,-1,IDLE,0
C3B93D0B,2757182,2757560.399,2757560399,999,1906,1935,74,0,FWD,9,,-1,IDLE,0
C3B93D0B,2757183,2757561.400,2757561400,1001,1908,1935,74,0,FWD,9,,-1,IDLE,0
C3B93D0B,2757184,2757562.399,2757562399,999,1906,1935,74,0,FWD,9,,-1,IDLE,0
C3B93D0B,2757185,2757563.400,2757563400,1001,1906,1935,74,0,FWD,9,,-1,IDLE,0
C3B93D0B,2757186,2757564.399,2757564399,999,1906,1935,74,0,FWD,9,,-1,IDLE,0
C3B93D0B,2757187,2757565.401,2757565401,1002,1907,1935,74,0,FWD,9,,-1,IDLE,0
C3B93D0B,2757188,2757566.399,2757566399,998,1905,1935,74,0,FWD,9,,-1,IDLE,0
C3B93D0B,2757189,2757567.400,2757567400,1001,1907,1935,74,0,FWD,9,,-1,IDLE,0
C3B93D0B,2757190,2757568.399,2757568399,999,1905,1935,74,0,FWD,9,,-1,IDLE,0
C3B93D0B,2757191,2757569.400,2757569400,1001,1906,1935,74,0,FWD,9,,-1,IDLE,0
C3B93D0B,2757192,2757570.399,2757570399,999,1905,1935,74,0,FWD,9,,-1,IDLE,0
C3B93D0B,2757193,2757571.400,2757571400,1001,1905,1935,73,0,FWD,9,,-1,IDLE,0
C3B93D0B,2757194,2757572.399,2757572399,999,1907,1935,73,0,FWD,9,,-1,IDLE,0
C3B93D0B,2757195,2757573.400,2757573400,1001,1906,1935,73,0,FWD,9,,-1,IDLE,0
C3B93D0B,2757196,2757574.399,2757574399,999,1906,1935,73,0,FWD,9,,-1,IDLE,0
C3B93D0B,2757197,2757575.401,2757575401,1002,1907,1935,73,0,FWD,9,,-1,IDLE,0
C3B93D0B,2757198,2757576.400,2757576400,999,1906,1935,73,0,FWD,9,,-1,IDLE,0
C3B93D0B,2757199,2757577.400,2757577400,1000,1906,1935,73,0,FWD,9,,-1,IDLE,0
C3B93D0B,2757200,2757578.399,2757578399,999,1906,1935,73,0,FWD,9,,-1,IDLE,0
C3B93D0B,2757201,2757579.400,2757579400,1001,1906,1935,73,0,FWD,9,,-1,IDLE,0
C3B93D0B,2757202,2757580.399,2757580399,999,1907,1935,73,0,FWD,9,,-1,IDLE,0
C3B93D0B,2757203,2757581.400,2757581400,1001,1906,1935,73,0,FWD,9,,-1,IDLE,0
C3B93D0B,2757204,2757582.399,2757582399,999,1905,1935,73,0,FWD,9,,-1,IDLE,0
C3B93D0B,2757205,2757583.400,2757583400,1001,1905,1935,73,0,FWD,9,,-1,IDLE,0
C3B93D0B,2757206,2757584.399,2757584399,999,1907,1935,73,0,FWD,9,,-1,IDLE,0
C3B93D0B,2757207,2757585.401,2757585401,1002,1906,1935,73,0,FWD,9,,-1,IDLE,0
C3B93D0B,2757208,2757587.249,2757587249,1848,1898,1935,73,0,FWD,41,,-1,IDLE,0
C3B93D0B,2757209,2757587.562,2757587562,313,1887,1935,73,0,FWD,9,,-1,IDLE,0
C3B93D0B,2757210,2757588.409,2757588409,847,1896,1935,73,0,FWD,9,,-1,IDLE,0
C3B93D0B,2757211,2757589.399,2757589399,990,1899,1935,73,0,FWD,9,,-1,IDLE,0
C3B93D0B,2757212,2757590.400,2757590400,1001,1899,1935,73,0,FWD,9,,-1,IDLE,0
C3B93D0B,2757213,2757591.399,2757591399,999,1898,1935,73,0,FWD,9,,-1,IDLE,0
C3B93D0B,2757214,2757592.400,2757592400,1001,1898,1935,73,0,FWD,9,,-1,IDLE,0
C3B93D0B,2757215,2757593.399,2757593399,999,1899,1935,73,0,FWD,9,,-1,IDLE,0
C3B93D0B,2757216,2757594.400,2757594400,1001,1899,1935,73,0,FWD,9,,-1,IDLE,0
C3B93D0B,2757217,2757595.400,2757595400,1000,1895,1935,73,0,FWD,9,,-1,IDLE,0
C3B93D0B,2757218,2757596.400,2757596400,1000,1898,1935,73,0,FWD,9,,-1,IDLE,0
C3B93D0B,2757219,2757597.399,2757597399,999,1898,1935,73,0,FWD,9,,-1,IDLE,0
C3B93D0B,2757220,2757598.400,2757598400,1001,1899,1935,73,0,FWD,9,,-1,IDLE,0
C3B93D0B,2757221,2757599.399,2757599399,999,1899,1935,73,0,FWD,9,,-1,IDLE,0
C3B93D0B,2757222,2757600.400,2757600400,1001,1897,1935,73,0,FWD,9,,-1,IDLE,0
C3B93D0B,2757223,2757601.399,2757601399,999,1901,1935,73,0,FWD,9,,-1,IDLE,0
C3B93D0B,2757224,2757602.400,2757602400,1001,1900,1935,72,0,FWD,9,,-1,IDLE,0
C3B93D0B,2757225,2757603.399,2757603399,999,1901,1935,72,0,FWD,9,,-1,IDLE,0
C3B93D0B,2757226,2757604.400,2757604400,1001,1899,1935,72,0,FWD,9,,-1,IDLE,0
C3B93D0B,2757227,2757605.400,2757605400,1000,1898,1935,72,0,FWD,9,,-1,IDLE,0
C3B93D0B,2757228,2757606.400,2757606400,1000,1899,1935,72,0,FWD,9,,-1,IDLE,0
C3B93D0B,2757229,2757607.399,2757607399,999,1898,1935,72,0,FWD,9,,-1,IDLE,0
C3B93D0B,2757230,2757608.400,2757608400,1001,1900,1935,72,0,FWD,9,,-1,IDLE,0
C3B93D0B,2757231,2757609.399,2757609399,999,1900,1935,72,0,FWD,9,,-1,IDLE,0
C3B93D0B,2757232,2757610.400,2757610400,1001,1897,1935,72,0,FWD,9,,-1,IDLE,0
C3B93D0B,2757233,2757611.399,2757611399,999,1899,1935,72,0,FWD,9,,-1,IDLE,0
C3B93D0B,2757234,2757612.400,2757612400,1001,1899,1935,72,0,FWD,9,,-1,IDLE,0
C3B93D0B,2757235,2757613.399,2757613399,999,1898,1935,72,0,FWD,9,,-1,IDLE,0
C3B93D0B,2757236,2757614.400,2757614400,1001,1898,1935,72,0,FWD,9,,-1,IDLE,0
C3B93D0B,2757237,2757615.400,2757615400,1000,1898,1935,72,0,FWD,9,,-1,IDLE,0
C3B93D0B,2757238,2757616.400,2757616400,1000,1899,1935,72,0,FWD,9,,-1,IDLE,0
C3B93D0B,2757239,2757617.399,2757617399,999,1899,1935,72,0,FWD,9,,-1,IDLE,0
C3B93D0B,2757240,2757618.400,2757618400,1001,1900,1935,72,0,FWD,9,,-1,IDLE,0
C3B93D0B,2757241,2757619.399,2757619399,999,1900,1935,72,0,FWD,9,,-1,IDLE,0
C3B93D0B,2757242,2757620.400,2757620400,1001,1899,1935,72,0,FWD,9,,-1,IDLE,0
C3B93D0B,2757243,2757621.399,2757621399,999,1899,1935,72,0,FWD,9,,-1,IDLE,0
C3B93D0B,2757244,2757622.400,2757622400,1001,1898,1935,72,0,FWD,9,,-1,IDLE,0
C3B93D0B,2757245,2757623.399,2757623399,999,1900,1935,72,0,FWD,9,,-1,IDLE,0
C3B93D0B,2757246,2757624.400,2757624400,1001,1898,1935,72,0,FWD,9,,-1,IDLE,0
C3B93D0B,2757247,2757625.400,2757625400,1000,1899,1935,72,0,FWD,9,,-1,IDLE,0
C3B93D0B,2757248,2757626.400,2757626400,1000,1897,1935,72,0,FWD,9,,-1,IDLE,0
C3B93D0B,2757249,2757627.399,2757627399,999,1901,1935,72,0,FWD,9,,-1,IDLE,0
C3B93D0B,2757250,2757628.400,2757628400,1001,1899,1935,72,0,FWD,9,,-1,IDLE,0
C3B93D0B,2757251,2757629.399,2757629399,999,1900,1935,72,0,FWD,9,,-1,IDLE,0
C3B93D0B,2757252,2757630.400,2757630400,1001,1898,1935,72,0,FWD,9,,-1,IDLE,0
C3B93D0B,2757253,2757631.399,2757631399,999,1895,1935,72,0,FWD,9,,-1,IDLE,0
C3B93D0B,2757254,2757632.400,2757632400,1001,1899,1935,72,0,FWD,9,,-1,IDLE,0
C3B93D0B,2757255,2757633.399,2757633399,999,1899,1935,72,0,FWD,9,,-1,IDLE,0
C3B93D0B,2757256,2757634.400,2757634400,1001,1899,1935,71,0,FWD,9,,-1,IDLE,0
C3B93D0B,2757257,2757635.400,2757635400,1000,1899,1935,71,0,FWD,9,,-1,IDLE,0
C3B93D0B,2757258,2757636.400,2757636400,1000,1897,1935,71,0,FWD,9,,-1,IDLE,0
C3B93D0B,2757259,2757637.399,2757637399,999,1899,1935,71,0,FWD,9,,-1,IDLE,0
C3B93D0B,2757260,2757638.494,2757638494,1095,1900,1935,71,0,FWD,9,,-1,IDLE,0
C3B93D0B,2757261,2757639.399,2757639399,905,1899,1935,71,0,FWD,9,,-1,IDLE,0
C3B93D0B,2757262,2757640.400,2757640400,1001,1900,1935,71,0,FWD,9,,-1,IDLE,0
C3B93D0B,2757263,2757641.399,2757641399,999,1900,1935,71,0,FWD,9,,-1,IDLE,0
C3B93D0B,2757264,2757642.400,2757642400,1001,1895,1935,71,0,FWD,9,,-1,IDLE,0
C3B93D0B,2757265,2757643.399,2757643399,999,1902,1935,71,0,FWD,9,,-1,IDLE,0
C3B93D0B,2757266,2757644.403,2757644403,1004,1907,1935,71,0,FWD,9,,-1,IDLE,0
C3B93D0B,2757267,2757645.736,2757645736,1333,1899,1935,71,0,FWD,41,,-1,IDLE,0
C3B93D0B,2757268,2757646.399,2757646399,663,1897,1935,71,0,FWD,9,,-1,IDLE,0
C3B93D0B,2757269,2757647.399,2757647399,1000,1900,1935,71,0,FWD,9,,-1,IDLE,0
C3B93D0B,2757270,2757648.400,2757648400,1001,1901,1935,71,0,FWD,9,,-1,IDLE,0
C3B93D0B,2757271,2757649.399,2757649399,999,1899,1935,71,0,FWD,9,,-1,IDLE,0
C3B93D0B,2757272,2757650.400,2757650400,1001,1909,1935,71,0,FWD,9,,-1,IDLE,0
C3B93D0B,2757273,2757651.523,2757651523,1123,1909,1935,71,0,FWD,9,,-1,IDLE,0
C3B93D0B,2757274,2757652.400,2757652400,877,1909,1935,71,0,FWD,9,,-1,IDLE,0
C3B93D0B,2757275,2757653.399,2757653399,999,1907,1935,71,0,FWD,9,,-1,IDLE,0
C3B93D0B,2757276,2757654.400,2757654400,1001,1909,1935,71,0,FWD,9,,-1,IDLE,0
C3B93D0B,2757277,2757655.399,2757655399,999,1907,1935,71,0,FWD,9,,-1,IDLE,0
C3B93D0B,2757278,2757656.401,2757656401,1002,1909,1935,71,0,FWD,9,,-1,IDLE,0
C3B93D0B,2757279,2757657.399,2757657399,998,1909,1935,71,0,FWD,9,,-1,IDLE,0
C3B93D0B,2757280,2757658.400,2757658400,1001,1907,1935,71,0,FWD,9,,-1,IDLE,0
C3B93D0B,2757281,2757659.399,2757659399,999,1909,1935,71,0,FWD,9,,-1,IDLE,0
C3B93D0B,2757282,2757660.400,2757660400,1001,1907,1935,71,0,FWD,9,,-1,IDLE,0
C3B93D0B,2757283,2757661.399,2757661399,999,1907,1935,71,0,FWD,9,,-1,IDLE,0
C3B93D0B,2757284,2757662.400,2757662400,1001,1906,1935,71,0,FWD,9,,-1,IDLE,0
C3B93D0B,2757285,2757663.399,2757663399,999,1906,1935,71,0,FWD,9,,-1,IDLE,0
C3B93D0B,2757286,2757664.400,2757664400,1001,1906,1935,71,0,FWD,9,,-1,IDLE,0
C3B93D0B,2757287,2757665.399,2757665399,999,1905,1935,71,0,FWD,9,,-1,IDLE,0
C3B93D0B,2757288,2757666.583,2757666583,1184,1906,1935,70,0,FWD,9,,-1,IDLE,0
C3B93D0B,2757289,2757667.399,2757667399,816,1907,1935,70,0,FWD,9,,-1,IDLE,0
C3B93D0B,2757290,2757668.400,2757668400,1001,1906,1935,70,0,FWD,9,,-1,IDLE,0
C3B93D0B,2757291,2757669.399,2757669399,999,1907,1935,70,0,FWD,9,,-1,IDLE,0
C3B93D0B,2757292,2757670.400,2757670400,1001,1906,1935,70,0,FWD,9,,-1,IDLE,0
C3B93D0B,2757293,2757671.399,2757671399,999,1907,1935,70,0,FWD,9,,-1,IDLE,0
C3B93D0B,2757294,2757672.400,2757672400,1001,1907,1935,70,0,FWD,9,,-1,IDLE,0
C3B93D0B,2757295,2757673.399,2757673399,999,1906,1935,70,0,FWD,9,,-1,IDLE,0
C3B93D0B,2757296,2757674.400,2757674400,1001,1906,1935,70,0,FWD,9,,-1,IDLE,0
C3B93D0B,2757297,2757675.399,2757675399,999,1907,1935,70,0,FWD,9,,-1,IDLE,0
C3B93D0B,2757298,2757676.401,2757676401,1002,1906,1935,70,0,FWD,9,,-1,IDLE,0
C3B93D0B,2757299,2757677.400,2757677400,999,1907,1935,70,0,FWD,9,,-1,IDLE,0
C3B93D0B,2757300,2757678.400,2757678400,1000,1905,1935,70,0,FWD,9,,-1,IDLE,0
C3B93D0B,2757301,2757679.399,2757679399,999,1906,1935,70,0,FWD,9,,-1,IDLE,0
C3B93D0B,2757302,2757680.400,2757680400,1001,1907,1935,70,0,FWD,9,,-1,IDLE,0
C3B93D0B,2757303,2757681.399,2757681399,999,1907,1935,70,0,FWD,9,,-1,IDLE,0
C3B93D0B,2757304,2757682.400,2757682400,1001,1906,1935,70,0,FWD,9,,-1,IDLE,0
C3B93D0B,2757305,2757683.399,2757683399,999,1906,1935,70,0,FWD,9,,-1,IDLE,0
C3B93D0B,2757306,2757684.400,2757684400,1001,1905,1935,70,0,FWD,9,,-1,IDLE,0
C3B93D0B,2757307,2757685.399,2757685399,999,1905,1935,70,0,FWD,9,,-1,IDLE,0
C3B93D0B,2757308,2757686.401,2757686401,1002,1906,1935,70,0,FWD,9,,-1,IDLE,0
C3B93D0B,2757309,2757688.216,2757688216,1815,1897,1935,70,0,FWD,41,,-1,IDLE,0
C3B93D0B,2757310,2757688.532,2757688532,316,1898,1935,70,0,FWD,9,,-1,IDLE,0
C3B93D0B,2757311,2757689.400,2757689400,868,1898,1935,70,0,FWD,9,,-1,IDLE,0
C3B93D0B,2757312,2757690.435,2757690435,1035,1895,1935,70,0,FWD,9,,-1,IDLE,0
C3B93D0B,2757313,2757691.400,2757691400,965,1899,1935,70,0,FWD,9,,-1,IDLE,0
C3B93D0B,2757314,2757692.399,2757692399,999,1898,1935,70,0,FWD,9,,-1,IDLE,0
C3B93D0B,2757315,2757693.400,2757693400,1001,1899,1935,70,0,FWD,9,,-1,IDLE,0
C3B93D0B,2757316,2757694.399,2757694399,999,1900,1935,70,0,FWD,9,,-1,IDLE,0
C3B93D0B,2757317,2757695.400,2757695400,1001,1899,1935,70,0,FWD,9,,-1,IDLE,0
C3B93D0B,2757318,2757696.400,2757696400,1000,1898,1935,70,0,FWD,9,,-1,IDLE,0
C3B93D0B,2757319,2757697.400,2757697400,1000,1898,1935,69,0,FWD,9,,-1,IDLE,0
C3B93D0B,2757320,2757698.399,2757698399,999,1898,1935,69,0,FWD,9,,-1,IDLE,0
C3B93D0B,2757321,2757699.400,2757699400,1001,1899,1935,69,0,FWD,9,,-1,IDLE,0
C3B93D0B,2757322,2757700.399,2757700399,999,1897,1935,69,0,FWD,9,,-1,IDLE,0
C3B93D0B,2757323,2757701.400,2757701400,1001,1898,1935,69,0,FWD,9,,-1,IDLE,0
C3B93D0B,2757324,2757702.399,2757702399,999,1899,1935,69,0,FWD,9,,-1,IDLE,0
C3B93D0B,2757325,2757703.400,2757703400,1001,1898,1935,69,0,FWD,9,,-1,IDLE,0
C3B93D0B,2757326,2757704.399,2757704399,999,1899,1935,69,0,FWD,9,,-1,IDLE,0
C3B93D0B,2757327,2757705.400,2757705400,1001,1902,1935,69,0,FWD,9,,-1,IDLE,0
C3B93D0B,2757328,2757706.400,2757706400,1000,1902,1935,69,0,FWD,9,,-1,IDLE,0
C3B93D0B,2757329,2757707.400,2757707400,1000,1899,1935,69,0,FWD,9,,-1,IDLE,0
C3B93D0B,2757330,2757708.399,2757708399,999,1899,1935,69,0,FWD,9,,-1,IDLE,0
C3B93D0B,2757331,2757709.400,2757709400,1001,1895,1935,69,0,FWD,9,,-1,IDLE,0
C3B93D0B,2757332,2757710.399,2757710399,999,1899,1935,69,0,FWD,9,,-1,IDLE,0
C3B93D0B,2757333,2757711.400,2757711400,1001,1899,1935,69,0,FWD,9,,-1,IDLE,0
C3B93D0B,2757334,2757712.399,2757712399,999,1899,1935,69,0,FWD,9,,-1,IDLE,0
C3B93D0B,2757335,2757713.400,2757713400,1001,1898,1935,69,0,FWD,9,,-1,IDLE,0
C3B93D0B,2757336,2757714.399,2757714399,999,1901,1935,69,0,FWD,9,,-1,IDLE,0
C3B93D0B,2757337,2757715.400,2757715400,1001,1899,1935,69,0,FWD,9,,-1,IDLE,0
C3B93D0B,2757338,2757716.400,2757716400,1000,1899,1935,69,0,FWD,9,,-1,IDLE,0
C3B93D0B,2757339,2757717.400,2757717400,1000,1899,1935,69,0,FWD,9,,-1,IDLE,0
C3B93D0B,2757340,2757718.399,2757718399,999,1899,1935,69,0,FWD,9,,-1,IDLE,0
C3B93D0B,2757341,2757719.400,2757719400,1001,1899,1935,69,0,FWD,9,,-1,IDLE,0
C3B93D0B,2757342,2757720.399,2757720399,999,1900,1935,69,0,FWD,9,,-1,IDLE,0
C3B93D0B,2757343,2757721.400,2757721400,1001,1898,1935,69,0,FWD,9,,-1,IDLE,0
C3B93D0B,2757344,2757722.399,2757722399,999,1902,1935,69,0,FWD,9,,-1,IDLE,0
C3B93D0B,2757345,2757723.400,2757723400,1001,1900,1935,69,0,FWD,9,,-1,IDLE,0
C3B93D0B,2757346,2757724.399,2757724399,999,1899,1935,69,0,FWD,9,,-1,IDLE,0
C3B93D0B,2757347,2757725.400,2757725400,1001,1901,1935,69,0,FWD,9,,-1,IDLE,0
C3B93D0B,2757348,2757726.400,2757726400,1000,1899,1935,69,0,FWD,9,,-1,IDLE,0
C3B93D0B,2757349,2757727.400,2757727400,1000,1901,1935,69,0,FWD,9,,-1,IDLE,0
C3B93D0B,2757350,2757728.399,2757728399,999,1901,1935,69,0,FWD,9,,-1,IDLE,0
C3B93D0B,2757351,2757729.400,2757729400,1001,1901,1935,68,0,FWD,9,,-1,IDLE,0
C3B93D0B,2757352,2757730.399,2757730399,999,1900,1935,68,0,FWD,9,,-1,IDLE,0
C3B93D0B,2757353,2757731.400,2757731400,1001,1898,1935,68,0,FWD,9,,-1,IDLE,0
C3B93D0B,2757354,2757732.399,2757732399,999,1900,1935,68,0,FWD,9,,-1,IDLE,0
C3B93D0B,2757355,2757733.400,2757733400,1001,1899,1935,68,0,FWD,9,,-1,IDLE,0
C3B93D0B,2757356,2757734.399,2757734399,999,1899,1935,68,0,FWD,9,,-1,IDLE,0
C3B93D0B,2757357,2757735.400,2757735400,1001,1899,1935,68,0,FWD,9,,-1,IDLE,0
C3B93D0B,2757358,2757736.400,2757736400,1000,1899,1935,68,0,FWD,9,,-1,IDLE,0
C3B93D0B,2757359,2757737.400,2757737400,1000,1899,1935,68,0,FWD,9,,-1,IDLE,0
C3B93D0B,2757360,2757738.399,2757738399,999,1899,1935,68,0,FWD,9,,-1,IDLE,0
C3B93D0B,2757361,2757739.400,2757739400,1001,1902,1935,68,0,FWD,9,,-1,IDLE,0
C3B93D0B,2757362,2757740.399,2757740399,999,1901,1935,68,0,FWD,9,,-1,IDLE,0
C3B93D0B,2757363,2757741.409,2757741409,1010,1901,1935,68,0,FWD,9,,-1,IDLE,0
C3B93D0B,2757364,2757742.399,2757742399,990,1899,1935,68,0,FWD,9,,-1,IDLE,0
C3B93D0B,2757365,2757743.400,2757743400,1001,1902,1935,68,0,FWD,9,,-1,IDLE,0
C3B93D0B,2757366,2757744.399,2757744399,999,1898,1935,68,0,FWD,9,,-1,IDLE,0
C3B93D0B,2757367,2757745.400,2757745400,1001,1899,1935,68,0,FWD,9,,-1,IDLE,0
C3B93D0B,2757368,2757746.705,2757746705,1305,1908,1935,68,0,FWD,41,,-1,IDLE,0
C3B93D0B,2757369,2757748.652,2757748652,1947,1900,1935,68,0,FWD,41,,-1,IDLE,0
C3B93D0B,2757370,2757748.980,2757748980,328,1898,1935,68,0,FWD,9,,-1,IDLE,0
C3B93D0B,2757371,2757749.400,2757749400,420,1899,1935,68,0,FWD,9,,-1,IDLE,0
C3B93D0B,2757372,2757750.399,2757750399,999,1903,1935,68,0,FWD,9,,-1,IDLE,0
C3B93D0B,2757373,2757751.400,2757751400,1001,1899,1935,68,0,FWD,9,,-1,IDLE,0
C3B93D0B,2757374,2757752.399,2757752399,999,1902,1935,68,0,FWD,9,,-1,IDLE,0
C3B93D0B,2757375,2757753.479,2757753479,1080,1901,1935,68,0,FWD,9,,-1,IDLE,0
C3B93D0B,2757376,2757754.399,2757754399,920,1899,1935,68,0,FWD,9,,-1,IDLE,0
C3B93D0B,2757377,2757755.400,2757755400,1001,1902,1935,68,0,FWD,9,,-1,IDLE,0
C3B93D0B,2757378,2757756.399,2757756399,999,1900,1935,68,0,FWD,9,,-1,IDLE,0
C3B93D0B,2757379,2757757.401,2757757401,1002,1900,1935,68,0,FWD,9,,-1,IDLE,0
C3B93D0B,2757380,2757758.399,2757758399,998,1899,1935,68,0,FWD,9,,-1,IDLE,0
C3B93D0B,2757381,2757759.400,2757759400,1001,1900,1935,68,0,FWD,9,,-1,IDLE,0
C3B93D0B,2757382,2757760.399,2757760399,999,1899,1935,68,0,FWD,9,,-1,IDLE,0
C3B93D0B,2757383,2757761.400,2757761400,1001,1899,1935,67,0,FWD,9,,-1,IDLE,0
C3B93D0B,2757384,2757762.399,2757762399,999,1901,1935,67,0,FWD,9,,-1,IDLE,0
C3B93D0B,2757385,2757763.400,2757763400,1001,1899,1935,67,0,FWD,9,,-1,IDLE,0
C3B93D0B,2757386,2757764.399,2757764399,999,1901,1935,67,0,FWD,9,,-1,IDLE,0
C3B93D0B,2757387,2757765.400,2757765400,1001,1900,1935,67,0,FWD,9,,-1,IDLE,0
C3B93D0B,2757388,2757766.399,2757766399,999,1901,1935,67,0,FWD,9,,-1,IDLE,0
C3B93D0B,2757389,2757767.401,2757767401,1002,1900,1935,67,0,FWD,9,,-1,IDLE,0
C3B93D0B,2757390,2757768.399,2757768399,998,1901,1935,67,0,FWD,9,,-1,IDLE,0
C3B93D0B,2757391,2757769.400,2757769400,1001,1898,1935,67,0,FWD,9,,-1,IDLE,0
C3B93D0B,2757392,2757770.399,2757770399,999,1901,1935,67,0,FWD,9,,-1,IDLE,0
C3B93D0B,2757393,2757771.400,2757771400,1001,1900,1935,67,0,FWD,9,,-1,IDLE,0
C3B93D0B,2757394,2757772.399,2757772399,999,1900,1935,67,0,FWD,9,,-1,IDLE,0
C3B93D0B,2757395,2757773.400,2757773400,1001,1899,1935,67,0,FWD,9,,-1,IDLE,0
C3B93D0B,2757396,2757774.399,2757774399,999,1901,1935,67,0,FWD,9,,-1,IDLE,0
C3B93D0B,2757397,2757775.400,2757775400,1001,1902,1935,67,0,FWD,9,,-1,IDLE,0
C3B93D0B,2757398,2757776.399,2757776399,999,1900,1935,67,0,FWD,9,,-1,IDLE,0
C3B93D0B,2757399,2757777.401,2757777401,1002,1903,1935,67,0,FWD,9,,-1,IDLE,0
C3B93D0B,2757400,2757778.834,2757778834,1433,1899,1935,67,0,FWD,41,,-1,IDLE,0
C3B93D0B,2757401,2757779.399,2757779399,565,1901,1935,67,0,FWD,9,,-1,IDLE,0
C3B93D0B,2757402,2757780.400,2757780400,1001,1901,1935,67,0,FWD,9,,-1,IDLE,0
C3B93D0B,2757403,2757781.399,2757781399,999,1901,1935,67,0,FWD,9,,-1,IDLE,0
C3B93D0B,2757404,2757782.400,2757782400,1001,1901,1935,67,0,FWD,9,,-1,IDLE,0
C3B93D0B,2757405,2757783.399,2757783399,999,1899,1935,67,0,FWD,9,,-1,IDLE,0
C3B93D0B,2757406,2757784.400,2757784400,1001,1899,1935,67,0,FWD,9,,-1,IDLE,0
C3B93D0B,2757407,2757785.399,2757785399,999,1901,1935,67,0,FWD,9,,-1,IDLE,0
C3B93D0B,2757408,2757786.400,2757786400,1001,1900,1935,67,0,FWD,9,,-1,IDLE,0
C3B93D0B,2757409,2757787.550,2757787550,1150,1899,1935,67,0,FWD,9,,-1,IDLE,0
C3B93D0B,2757410,2757788.400,2757788400,850,1900,1935,67,0,FWD,9,,-1,IDLE,0
C3B93D0B,2757411,2757789.399,2757789399,999,1902,1935,67,0,FWD,9,,-1,IDLE,0
C3B93D0B,2757412,2757790.400,2757790400,1001,1898,1935,67,0,FWD,9,,-1,IDLE,0
C3B93D0B,2757413,2757791.399,2757791399,999,1899,1935,67,0,FWD,9,,-1,IDLE,0
C3B93D0B,2757414,2757792.400,2757792400,1001,1899,1935,66,0,FWD,9,,-1,IDLE,0
C3B93D0B,2757415,2757793.399,2757793399,999,1901,1935,66,0,FWD,9,,-1,IDLE,0
C3B93D0B,2757416,2757794.400,2757794400,1001,1899,1935,66,0,FWD,9,,-1,IDLE,0
C3B93D0B,2757417,2757795.399,2757795399,999,1900,1935,66,0,FWD,9,,-1,IDLE,0
C3B93D0B,2757418,2757796.400,2757796400,1001,1899,1935,66,0,FWD,9,,-1,IDLE,0
C3B93D0B,2757419,2757797.400,2757797400,1000,1899,1935,66,0,FWD,9,,-1,IDLE,0
C3B93D0B,2757420,2757798.400,2757798400,1000,1899,1935,66,0,FWD,9,,-1,IDLE,0
C3B93D0B,2757421,2757799.399,2757799399,999,1899,1935,66,0,FWD,9,,-1,IDLE,0
C3B93D0B,2757422,2757800.400,2757800400,1001,1898,1935,66,0,FWD,9,,-1,IDLE,0
C3B93D0B,2757423,2757801.399,2757801399,999,1898,1935,66,0,FWD,9,,-1,IDLE,0
C3B93D0B,2757424,2757802.400,2757802400,1001,1899,1935,66,0,FWD,9,,-1,IDLE,0
C3B93D0B,2757425,2757803.399,2757803399,999,1901,1935,66,0,FWD,9,,-1,IDLE,0
C3B93D0B,2757426,2757804.400,2757804400,1001,1902,1935,66,0,FWD,9,,-1,IDLE,0
C3B93D0B,2757427,2757805.399,2757805399,999,1900,1935,66,0,FWD,9,,-1,IDLE,0
C3B93D0B,2757428,2757806.400,2757806400,1001,1899,1935,66,0,FWD,9,,-1,IDLE,0
C3B93D0B,2757429,2757807.400,2757807400,1000,1900,1935,66,0,FWD,9,,-1,IDLE,0
C3B93D0B,2757430,2757808.400,2757808400,1000,1898,1935,66,0,FWD,9,,-1,IDLE,0
C3B93D0B,2757431,2757809.399,2757809399,999,1899,1935,66,0,FWD,9,,-1,IDLE,0
C3B93D0B,2757432,2757810.400,2757810400,1001,1901,1935,66,0,FWD,9,,-1,IDLE,0
C3B93D0B,2757433,2757811.399,2757811399,999,1899,1935,66,0,FWD,9,,-1,IDLE,0
C3B93D0B,2757434,2757812.400,2757812400,1001,1901,1935,66,0,FWD,9,,-1,IDLE,0
C3B93D0B,2757435,2757813.399,2757813399,999,1901,1935,66,0,FWD,9,,-1,IDLE,0
C3B93D0B,2757436,2757814.400,2757814400,1001,1903,1935,66,0,FWD,9,,-1,IDLE,0
C3B93D0B,2757437,2757815.399,2757815399,999,1899,1935,66,0,FWD,9,,-1,IDLE,0
C3B93D0B,2757438,2757816.400,2757816400,1001,1900,1935,66,0,FWD,9,,-1,IDLE,0
C3B93D0B,2757439,2757817.400,2757817400,1000,1901,1935,66,0,FWD,9,,-1,IDLE,0
C3B93D0B,2757440,2757818.400,2757818400,1000,1901,1935,66,0,FWD,9,,-1,IDLE,0
C3B93D0B,2757441,2757819.399,2757819399,999,1901,1935,66,0,FWD,9,,-1,IDLE,0
C3B93D0B,2757442,2757820.400,2757820400,1001,1901,1935,66,0,FWD,9,,-1,IDLE,0
C3B93D0B,2757443,2757821.399,2757821399,999,1899,1935,66,0,FWD,9,,-1,IDLE,0
C3B93D0B,2757444,2757822.400,2757822400,1001,1901,1935,66,0,FWD,9,,-1,IDLE,0
C3B93D0B,2757445,2757823.399,2757823399,999,1901,1935,66,0,FWD,9,,-1,IDLE,0
C3B93D0B,2757446,2757824.400,2757824400,1001,1898,1935,65,0,FWD,9,,-1,IDLE,0
C3B93D0B,2757447,2757825.399,2757825399,999,1900,1935,65,0,FWD,9,,-1,IDLE,0
C3B93D0B,2757448,2757826.400,2757826400,1001,1899,1935,65,0,FWD,9,,-1,IDLE,0
C3B93D0B,2757449,2757827.400,2757827400,1000,1899,1935,65,0,FWD,9,,-1,IDLE,0
C3B93D0B,2757450,2757828.400,2757828400,1000,1899,1935,65,0,FWD,9,,-1,IDLE,0
C3B93D0B,2757451,2757829.399,2757829399,999,1898,1935,65,0,FWD,9,,-1,IDLE,0
C3B93D0B,2757452,2757830.400,2757830400,1001,1900,1935,65,0,FWD,9,,-1,IDLE,0
C3B93D0B,2757453,2757831.399,2757831399,999,1901,1935,65,0,FWD,9,,-1,IDLE,0
C3B93D0B,2757454,2757832.400,2757832400,1001,1899,1935,65,0,FWD,9,,-1,IDLE,0
C3B93D0B,2757455,2757833.399,2757833399,999,1899,1935,65,0,FWD,9,,-1,IDLE,0
C3B93D0B,2757456,2757834.400,2757834400,1001,1899,1935,65,0,FWD,9,,-1,IDLE,0
C3B93D0B,2757457,2757835.399,2757835399,999,1900,1935,65,0,FWD,9,,-1,IDLE,0
C3B93D0B,2757458,2757836.400,2757836400,1001,1899,1935,65,0,FWD,9,,-1,IDLE,0
C3B93D0B,2757459,2757837.400,2757837400,1000,1899,1935,65,0,FWD,9,,-1,IDLE,0
C3B93D0B,2757460,2757838.400,2757838400,1000,1899,1935,65,0,FWD,9,,-1,IDLE,0
C3B93D0B,2757461,2757839.399,2757839399,999,1901,1935,65,0,FWD,9,,-1,IDLE,0
C3B93D0B,2757462,2757840.400,2757840400,1001,1901,1935,65,0,FWD,9,,-1,IDLE,0
C3B93D0B,2757463,2757841.399,2757841399,999,1903,1935,65,0,FWD,9,,-1,IDLE,0
C3B93D0B,2757464,2757842.400,2757842400,1001,1899,1935,65,0,FWD,9,,-1,IDLE,0
C3B93D0B,2757465,2757843.399,2757843399,999,1900,1935,65,0,FWD,9,,-1,IDLE,0
C3B93D0B,2757466,2757844.400,2757844400,1001,1900,1935,65,0,FWD,9,,-1,IDLE,0
C3B93D0B,2757467,2757845.399,2757845399,999,1901,1935,65,0,FWD,9,,-1,IDLE,0
C3B93D0B,2757468,2757846.407,2757846407,1008,1907,1935,65,0,FWD,9,,-1,IDLE,0
C3B93D0B,2757469,2757847.400,2757847400,993,1909,1935,65,0,FWD,9,,-1,IDLE,0
C3B93D0B,2757470,2757848.400,2757848400,1000,1909,1935,65,0,FWD,9,,-1,IDLE,0
C3B93D0B,2757471,2757849.399,2757849399,999,1910,1935,65,0,FWD,9,,-1,IDLE,0
C3B93D0B,2757472,2757850.505,2757850505,1106,1899,1935,65,0,FWD,9,,-1,IDLE,0
C3B93D0B,2757473,2757851.399,2757851399,894,1899,1935,65,0,FWD,9,,-1,IDLE,0
C3B93D0B,2757474,2757852.400,2757852400,1001,1903,1935,65,0,FWD,9,,-1,IDLE,0
C3B93D0B,2757475,2757853.399,2757853399,999,1901,1935,65,0,FWD,9,,-1,IDLE,0
C3B93D0B,2757476,2757854.400,2757854400,1001,1901,1935,65,0,FWD,9,,-1,IDLE,0
C3B93D0B,2757477,2757855.399,2757855399,999,1901,1935,65,0,FWD,9,,-1,IDLE,0
C3B93D0B,2757478,2757857.050,2757857050,1651,1909,1935,64,0,FWD,41,,-1,IDLE,0
C3B93D0B,2757479,2757857.400,2757857400,350,1906,1935,64,0,FWD,9,,-1,IDLE,0
C3B93D0B,2757480,2757858.400,2757858400,1000,1907,1935,64,0,FWD,9,,-1,IDLE,0
C3B93D0B,2757481,2757859.399,2757859399,999,1909,1935,64,0,FWD,9,,-1,IDLE,0
C3B93D0B,2757482,2757860.400,2757860400,1001,1909,1935,64,0,FWD,9,,-1,IDLE,0
C3B93D0B,2757483,2757861.399,2757861399,999,1907,1935,64,0,FWD,9,,-1,IDLE,0
C3B93D0B,2757484,2757862.400,2757862400,1001,1907,1935,64,0,FWD,9,,-1,IDLE,0
C3B93D0B,2757485,2757863.399,2757863399,999,1908,1935,64,0,FWD,9,,-1,IDLE,0
C3B93D0B,2757486,2757864.400,2757864400,1001,1909,1935,64,0,FWD,9,,-1,IDLE,0
C3B93D0B,2757487,2757865.399,2757865399,999,1909,1935,64,0,FWD,9,,-1,IDLE,0
C3B93D0B,2757488,2757866.400,2757866400,1001,1907,1935,64,0,FWD,9,,-1,IDLE,0
C3B93D0B,2757489,2757867.400,2757867400,1000,1905,1935,64,0,FWD,9,,-1,IDLE,0
C3B93D0B,2757490,2757868.400,2757868400,1000,1909,1935,64,0,FWD,9,,-1,IDLE,0
C3B93D0B,2757491,2757869.399,2757869399,999,1906,1935,64,0,FWD,9,,-1,IDLE,0
C3B93D0B,2757492,2757870.400,2757870400,1001,1907,1935,64,0,FWD,9,,-1,IDLE,0
C3B93D0B,2757493,2757871.399,2757871399,999,1906,1935,64,0,FWD,9,,-1,IDLE,0
C3B93D0B,2757494,2757872.400,2757872400,1001,1906,1935,64,0,FWD,9,,-1,IDLE,0
C3B93D0B,2757495,2757873.399,2757873399,999,1907,1935,64,0,FWD,9,,-1,IDLE,0
C3B93D0B,2757496,2757874.400,2757874400,1001,1906,1935,64,0,FWD,9,,-1,IDLE,0
C3B93D0B,2757497,2757875.399,2757875399,999,1908,1935,64,0,FWD,9,,-1,IDLE,0
C3B93D0B,2757498,2757876.400,2757876400,1001,1908,1935,64,0,FWD,9,,-1,IDLE,0
C3B93D0B,2757499,2757877.400,2757877400,1000,1905,1935,64,0,FWD,9,,-1,IDLE,0
C3B93D0B,2757500,2757879.172,2757879172,1772,1898,1935,64,0,FWD,41,,-1,IDLE,0
C3B93D0B,2757501,2757879.629,2757879629,457,1897,1935,64,0,FWD,9,,-1,IDLE,0
C3B93D0B,2757502,2757880.400,2757880400,771,1898,1935,64,0,FWD,9,,-1,IDLE,0
C3B93D0B,2757503,2757881.399,2757881399,999,1899,1935,64,0,FWD,9,,-1,IDLE,0
C3B93D0B,2757504,2757882.400,2757882400,1001,1900,1935,64,0,FWD,9,,-1,IDLE,0
C3B93D0B,2757505,2757883.399,2757883399,999,1899,1935,64,0,FWD,9,,-1,IDLE,0
C3B93D0B,2757506,2757884.400,2757884400,1001,1899,1935,64,0,FWD,9,,-1,IDLE,0
C3B93D0B,2757507,2757885.399,2757885399,999,1899,1935,64,0,FWD,9,,-1,IDLE,0
C3B93D0B,2757508,2757886.400,2757886400,1001,1902,1935,64,0,FWD,9,,-1,IDLE,0
C3B93D0B,2757509,2757887.400,2757887400,1000,1901,1935,64,0,FWD,9,,-1,IDLE,0
C3B93D0B,2757510,2757888.400,2757888400,1000,1898,1935,63,0,FWD,9,,-1,IDLE,0
C3B93D0B,2757511,2757889.399,2757889399,999,1898,1935,63,0,FWD,9,,-1,IDLE,0
C3B93D0B,2757512,2757890.400,2757890400,1001,1897,1935,63,0,FWD,9,,-1,IDLE,0
C3B93D0B,2757513,2757891.399,2757891399,999,1898,1935,63,0,FWD,9,,-1,IDLE,0
C3B93D0B,2757514,2757892.400,2757892400,1001,1899,1935,63,0,FWD,9,,-1,IDLE,0
C3B93D0B,2757515,2757893.399,2757893399,999,1899,1935,63,0,FWD,9,,-1,IDLE,0
C3B93D0B,2757516,2757894.400,2757894400,1001,1901,1935,63,0,FWD,9,,-1,IDLE,0
C3B93D0B,2757517,2757895.399,2757895399,999,1902,1935,63,0,FWD,9,,-1,IDLE,0
C3B93D0B,2757518,2757896.400,2757896400,1001,1899,1935,63,0,FWD,9,,-1,IDLE,0
C3B93D0B,2757519,2757897.400,2757897400,1000,1900,1935,63,0,FWD,9,,-1,IDLE,0
C3B93D0B,2757520,2757898.400,2757898400,1000,1899,1935,63,0,FWD,9,,-1,IDLE,0
C3B93D0B,2757521,2757899.399,2757899399,999,1901,1935,63,0,FWD,9,,-1,IDLE,0
C3B93D0B,2757522,2757900.400,2757900400,1001,1899,1935,63,0,FWD,9,,-1,IDLE,0
C3B93D0B,2757523,2757901.399,2757901399,999,1901,1935,63,0,FWD,9,,-1,IDLE,0
C3B93D0B,2757524,2757902.400,2757902400,1001,1899,1935,63,0,FWD,9,,-1,IDLE,0
C3B93D0B,2757525,2757903.399,2757903399,999,1900,1935,63,0,FWD,9,,-1,IDLE,0
C3B93D0B,2757526,2757904.400,2757904400,1001,1899,1935,63,0,FWD,9,,-1,IDLE,0
C3B93D0B,2757527,2757905.399,2757905399,999,1902,1935,63,0,FWD,9,,-1,IDLE,0
C3B93D0B,2757528,2757906.400,2757906400,1001,1899,1935,63,0,FWD,9,,-1,IDLE,0
C3B93D0B,2757529,2757907.400,2757907400,1000,1901,1935,63,0,FWD,9,,-1,IDLE,0
C3B93D0B,2757530,2757908.400,2757908400,1000,1901,1935,63,0,FWD,9,,-1,IDLE,0
C3B93D0B,2757531,2757909.399,2757909399,999,1897,1935,63,0,FWD,9,,-1,IDLE,0
C3B93D0B,2757532,2757910.401,2757910401,1002,1899,1935,63,0,FWD,9,,-1,IDLE,0
C3B93D0B,2757533,2757911.399,2757911399,998,1899,1935,63,0,FWD,9,,-1,IDLE,0
C3B93D0B,2757534,2757912.400,2757912400,1001,1901,1935,63,0,FWD,9,,-1,IDLE,0
C3B93D0B,2757535,2757913.399,2757913399,999,1901,1935,63,0,FWD,9,,-1,IDLE,0
C3B93D0B,2757536,2757914.400,2757914400,1001,1899,1935,63,0,FWD,9,,-1,IDLE,0
C3B93D0B,2757537,2757915.399,2757915399,999,1899,1935,63,0,FWD,9,,-1,IDLE,0
C3B93D0B,2757538,2757916.559,2757916559,1160,1900,1935,63,0,FWD,9,,-1,IDLE,0
C3B93D0B,2757539,2757917.400,2757917400,841,1898,1935,63,0,FWD,9,,-1,IDLE,0
C3B93D0B,2757540,2757918.400,2757918400,1000,1901,1935,63,0,FWD,9,,-1,IDLE,0
C3B93D0B,2757541,2757919.399,2757919399,999,1901,1935,63,0,FWD,9,,-1,IDLE,0
C3B93D0B,2757542,2757920.400,2757920400,1001,1897,1935,62,0,FWD,9,,-1,IDLE,0
C3B93D0B,2757543,2757921.400,2757921400,1000,1901,1935,62,0,FWD,9,,-1,IDLE,0
C3B93D0B,2757544,2757922.400,2757922400,1000,1901,1935,62,0,FWD,9,,-1,IDLE,0
C3B93D0B,2757545,2757923.399,2757923399,999,1901,1935,62,0,FWD,9,,-1,IDLE,0
C3B93D0B,2757546,2757924.400,2757924400,1001,1899,1935,62,0,FWD,9,,-1,IDLE,0
C3B93D0B,2757547,2757925.399,2757925399,999,1901,1935,62,0,FWD,9,,-1,IDLE,0
C3B93D0B,2757548,2757926.400,2757926400,1001,1899,1935,62,0,FWD,9,,-1,IDLE,0
C3B93D0B,2757549,2757927.400,2757927400,1000,1901,1935,62,0,FWD,9,,-1,IDLE,0
C3B93D0B,2757550,2757928.400,2757928400,1000,1900,1935,62,0,FWD,9,,-1,IDLE,0
C3B93D0B,2757551,2757929.399,2757929399,999,1903,1935,62,0,FWD,9,,-1,IDLE,0
C3B93D0B,2757552,2757930.400,2757930400,1001,1899,1935,62,0,FWD,9,,-1,IDLE,0
C3B93D0B,2757553,2757931.399,2757931399,999,1901,1935,62,0,FWD,9,,-1,IDLE,0
C3B93D0B,2757554,2757932.400,2757932400,1001,1899,1935,62,0,FWD,9,,-1,IDLE,0
C3B93D0B,2757555,2757933.399,2757933399,999,1903,1935,62,0,FWD,9,,-1,IDLE,0
C3B93D0B,2757556,2757934.400,2757934400,1001,1900,1935,62,0,FWD,9,,-1,IDLE,0
C3B93D0B,2757557,2757935.399,2757935399,999,1902,1935,62,0,FWD,9,,-1,IDLE,0
C3B93D0B,2757558,2757936.400,2757936400,1001,1902,1935,62,0,FWD,9,,-1,IDLE,0
C3B93D0B,2757559,2757937.400,2757937400,1000,1900,1935,62,0,FWD,9,,-1,IDLE,0
C3B93D0B,2757560,2757938.400,2757938400,1000,1901,1935,62,0,FWD,9,,-1,IDLE,0
C3B93D0B,2757561,2757939.399,2757939399,999,1903,1935,62,0,FWD,9,,-1,IDLE,0
C3B93D0B,2757562,2757940.400,2757940400,1001,1900,1935,62,0,FWD,9,,-1,IDLE,0
C3B93D0B,2757563,2757941.399,2757941399,999,1900,1935,62,0,FWD,9,,-1,IDLE,0
C3B93D0B,2757564,2757942.400,2757942400,1001,1901,1935,62,0,FWD,9,,-1,IDLE,0
C3B93D0B,2757565,2757943.399,2757943399,999,1901,1935,62,0,FWD,9,,-1,IDLE,0
C3B93D0B,2757566,2757944.400,2757944400,1001,1901,1935,62,0,FWD,9,,-1,IDLE,0
C3B93D0B,2757567,2757945.399,2757945399,999,1899,1935,62,0,FWD,9,,-1,IDLE,0
C3B93D0B,2757568,2757946.400,2757946400,1001,1899,1935,62,0,FWD,9,,-1,IDLE,0
C3B93D0B,2757569,2757947.400,2757947400,1000,1898,1935,62,0,FWD,9,,-1,IDLE,0
C3B93D0B,2757570,2757948.400,2757948400,1000,1901,1935,62,0,FWD,9,,-1,IDLE,0
C3B93D0B,2757571,2757949.399,2757949399,999,1899,1935,62,0,FWD,9,,-1,IDLE,0
C3B93D0B,2757572,2757950.400,2757950400,1001,1898,1935,62,0,FWD,9,,-1,IDLE,0
C3B93D0B,2757573,2757951.399,2757951399,999,1901,1935,62,0,FWD,9,,-1,IDLE,0
C3B93D0B,2757574,2757952.456,2757952456,1057,1901,1935,61,0,FWD,9,,-1,IDLE,0
C3B93D0B,2757575,2757953.399,2757953399,943,1900,1935,61,0,FWD,9,,-1,IDLE,0
C3B93D0B,2757576,2757954.400,2757954400,1001,1901,1935,61,0,FWD,9,,-1,IDLE,0
C3B93D0B,2757577,2757955.399,2757955399,999,1901,1935,61,0,FWD,9,,-1,IDLE,0
C3B93D0B,2757578,2757956.400,2757956400,1001,1901,1935,61,0,FWD,9,,-1,IDLE,0
C3B93D0B,2757579,2757957.400,2757957400,1000,1899,1935,61,0,FWD,9,,-1,IDLE,0
C3B93D0B,2757580,2757958.407,2757958407,1007,1898,1935,61,0,FWD,9,,-1,IDLE,0
C3B93D0B,2757581,2757959.399,2757959399,992,1901,1935,61,0,FWD,9,,-1,IDLE,0
C3B93D0B,2757582,2757960.400,2757960400,1001,1901,1935,61,0,FWD,9,,-1,IDLE,0
C3B93D0B,2757583,2757961.399,2757961399,999,1901,1935,61,0,FWD,9,,-1,IDLE,0
C3B93D0B,2757584,2757962.400,2757962400,1001,1899,1935,61,0,FWD,9,,-1,IDLE,0
C3B93D0B,2757585,2757963.399,2757963399,999,1898,1935,61,0,FWD,9,,-1,IDLE,0
C3B93D0B,2757586,2757964.400,2757964400,1001,1898,1935,61,0,FWD,9,,-1,IDLE,0
C3B93D0B,2757587,2757965.399,2757965399,999,1899,1935,61,0,FWD,9,,-1,IDLE,0
C3B93D0B,2757588,2757966.400,2757966400,1001,1901,1935,61,0,FWD,9,,-1,IDLE,0
C3B93D0B,2757589,2757967.400,2757967400,1000,1898,1935,61,0,FWD,9,,-1,IDLE,0
C3B93D0B,2757590,2757968.400,2757968400,1000,1899,1935,61,0,FWD,9,,-1,IDLE,0
C3B93D0B,2757591,2757969.399,2757969399,999,1902,1935,61,0,FWD,9,,-1,IDLE,0
C3B93D0B,2757592,2757970.400,2757970400,1001,1902,1935,61,0,FWD,9,,-1,IDLE,0
C3B93D0B,2757593,2757971.399,2757971399,999,1899,1935,61,0,FWD,9,,-1,IDLE,0
C3B93D0B,2757594,2757972.400,2757972400,1001,1903,1935,61,0,FWD,9,,-1,IDLE,0
C3B93D0B,2757595,2757973.399,2757973399,999,1901,1935,61,0,FWD,9,,-1,IDLE,0
C3B93D0B,2757596,2757974.400,2757974400,1001,1902,1935,61,0,FWD,9,,-1,IDLE,0
C3B93D0B,2757597,2757975.399,2757975399,999,1899,1935,61,0,FWD,9,,-1,IDLE,0
C3B93D0B,2757598,2757976.400,2757976400,1001,1901,1935,61,0,FWD,9,,-1,IDLE,0
C3B93D0B,2757599,2757977.400,2757977400,1000,1901,1935,61,0,FWD,9,,-1,IDLE,0
C3B93D0B,2757600,2757978.746,2757978746,1346,1899,1935,61,0,FWD,41,,-1,IDLE,0
C3B93D0B,2757601,2757979.399,2757979399,653,1899,1935,61,0,FWD,9,,-1,IDLE,0
C3B93D0B,2757602,2757980.400,2757980400,1001,1901,1935,61,0,FWD,9,,-1,IDLE,0
C3B93D0B,2757603,2757981.399,2757981399,999,1899,1935,61,0,FWD,9,,-1,IDLE,0
C3B93D0B,2757604,2757982.400,2757982400,1001,1901,1935,61,0,FWD,9,,-1,IDLE,0
C3B93D0B,2757605,2757983.399,2757983399,999,1900,1935,61,0,FWD,9,,-1,IDLE,0
C3B93D0B,2757606,2757984.400,2757984400,1001,1899,1935,60,0,FWD,9,,-1,IDLE,0
C3B93D0B,2757607,2757985.399,2757985399,999,1901,1935,60,0,FWD,9,,-1,IDLE,0
C3B93D0B,2757608,2757986.400,2757986400,1001,1900,1935,60,0,FWD,9,,-1,IDLE,0
C3B93D0B,2757609,2757987.400,2757987400,1000,1901,1935,60,0,FWD,9,,-1,IDLE,0
C3B93D0B,2757610,2757988.400,2757988400,1000,1900,1935,60,0,FWD,9,,-1,IDLE,0
C3B93D0B,2757611,2757989.399,2757989399,999,1901,1935,60,0,FWD,9,,-1,IDLE,0
C3B93D0B,2757612,2757990.400,2757990400,1001,1901,1935,60,0,FWD,9,,-1,IDLE,0
C3B93D0B,2757613,2757991.399,2757991399,999,1901,1935,60,0,FWD,9,,-1,IDLE,0
C3B93D0B,2757614,2757992.400,2757992400,1001,1898,1935,60,0,FWD,9,,-1,IDLE,0
C3B93D0B,2757615,2757993.399,2757993399,999,1899,1935,60,0,FWD,9,,-1,IDLE,0
C3B93D0B,2757616,2757994.400,2757994400,1001,1901,1935,60,0,FWD,9,,-1,IDLE,0
C3B93D0B,2757617,2757995.399,2757995399,999,1902,1935,60,0,FWD,9,,-1,IDLE,0
C3B93D0B,2757618,2757996.400,2757996400,1001,1899,1935,60,0,FWD,9,,-1,IDLE,0
C3B93D0B,2757619,2757997.400,2757997400,1000,1899,1935,60,0,FWD,9,,-1,IDLE,0
C3B93D0B,2757620,2757998.400,2757998400,1000,1899,1935,60,0,FWD,9,,-1,IDLE,0
C3B93D0B,2757621,2757999.399,2757999399,999,1902,1935,60,0,FWD,9,,-1,IDLE,0
C3B93D0B,2757622,2758000.400,2758000400,1001,1901,1935,60,0,FWD,9,,-1,IDLE,0
C3B93D0B,2757623,2758001.399,2758001399,999,1899,1935,60,0,FWD,9,,-1,IDLE,0
C3B93D0B,2757624,2758002.400,2758002400,1001,1902,1935,60,0,FWD,9,,-1,IDLE,0
C3B93D0B,2757625,2758003.399,2758003399,999,1902,1935,60,0,FWD,9,,-1,IDLE,0
C3B93D0B,2757626,2758004.400,2758004400,1001,1901,1935,60,0,FWD,9,,-1,IDLE,0
C3B93D0B,2757627,2758005.399,2758005399,999,1901,1935,60,0,FWD,9,,-1,IDLE,0
C3B93D0B,2757628,2758006.400,2758006400,1001,1900,1935,60,0,FWD,9,,-1,IDLE,0
C3B93D0B,2757629,2758007.400,2758007400,1000,1899,1935,60,0,FWD,9,,-1,IDLE,0
C3B93D0B,2757630,2758008.400,2758008400,1000,1899,1935,60,0,FWD,9,,-1,IDLE,0
C3B93D0B,2757631,2758009.399,2758009399,999,1900,1935,60,0,FWD,9,,-1,IDLE,0
C3B93D0B,2757632,2758010.400,2758010400,1001,1899,1935,60,0,FWD,9,,-1,IDLE,0
C3B93D0B,2757633,2758011.399,2758011399,999,1899,1935,60,0,FWD,9,,-1,IDLE,0
C3B93D0B,2757634,2758012.400,2758012400,1001,1901,1935,60,0,FWD,9,,-1,IDLE,0
C3B93D0B,2757635,2758013.399,2758013399,999,1901,1935,60,0,FWD,9,,-1,IDLE,0
C3B93D0B,2757636,2758014.400,2758014400,1001,1899,1935,60,0,FWD,9,,-1,IDLE,0
C3B93D0B,2757637,2758015.399,2758015399,999,1901,1935,60,0,FWD,9,,-1,IDLE,0
C3B93D0B,2757638,2758016.400,2758016400,1001,1901,1935,59,0,FWD,9,,-1,IDLE,0
C3B93D0B,2757639,2758017.400,2758017400,1000,1899,1935,59,0,FWD,9,,-1,IDLE,0
C3B93D0B,2757640,2758018.400,2758018400,1000,1901,1935,59,0,FWD,9,,-1,IDLE,0
C3B93D0B,2757641,2758019.399,2758019399,999,1901,1935,59,0,FWD,9,,-1,IDLE,0
C3B93D0B,2757642,2758020.400,2758020400,1001,1900,1935,59,0,FWD,9,,-1,IDLE,0
C3B93D0B,2757643,2758021.399,2758021399,999,1899,1935,59,0,FWD,9,,-1,IDLE,0
C3B93D0B,2757644,2758022.400,2758022400,1001,1902,1935,59,0,FWD,9,,-1,IDLE,0
C3B93D0B,2757645,2758023.399,2758023399,999,1901,1935,59,0,FWD,9,,-1,IDLE,0
C3B93D0B,2757646,2758024.400,2758024400,1001,1901,1935,59,0,FWD,9,,-1,IDLE,0
C3B93D0B,2757647,2758025.399,2758025399,999,1901,1935,59,0,FWD,9,,-1,IDLE,0
C3B93D0B,2757648,2758026.400,2758026400,1001,1900,1935,59,0,FWD,9,,-1,IDLE,0
C3B93D0B,2757649,2758027.400,2758027400,1000,1900,1935,59,0,FWD,9,,-1,IDLE,0
C3B93D0B,2757650,2758028.400,2758028400,1000,1899,1935,59,0,FWD,9,,-1,IDLE,0
C3B93D0B,2757651,2758029.399,2758029399,999,1900,1935,59,0,FWD,9,,-1,IDLE,0
C3B93D0B,2757652,2758030.400,2758030400,1001,1899,1935,59,0,FWD,9,,-1,IDLE,0
C3B93D0B,2757653,2758031.399,2758031399,999,1902,1935,59,0,FWD,9,,-1,IDLE,0
C3B93D0B,2757654,2758032.533,2758032533,1134,1898,1935,59,0,FWD,9,,-1,IDLE,0
C3B93D0B,2757655,2758033.399,2758033399,866,1903,1935,59,0,FWD,9,,-1,IDLE,0
C3B93D0B,2757656,2758034.400,2758034400,1001,1899,1935,59,0,FWD,9,,-1,IDLE,0
C3B93D0B,2757657,2758035.399,2758035399,999,1901,1935,59,0,FWD,9,,-1,IDLE,0
C3B93D0B,2757658,2758036.400,2758036400,1001,1899,1935,59,0,FWD,9,,-1,IDLE,0
C3B93D0B,2757659,2758037.400,2758037400,1000,1903,1935,59,0,FWD,9,,-1,IDLE,0
C3B93D0B,2757660,2758038.401,2758038401,1001,1913,1935,59,0,FWD,9,,-1,IDLE,0
C3B93D0B,2757661,2758039.399,2758039399,998,1911,1935,59,0,FWD,9,,-1,IDLE,0
C3B93D0B,2757662,2758040.400,2758040400,1001,1909,1935,59,0,FWD,9,,-1,IDLE,0
C3B93D0B,2757663,2758041.399,2758041399,999,1910,1935,59,0,FWD,9,,-1,IDLE,0
C3B93D0B,2757664,2758042.400,2758042400,1001,1907,1935,59,0,FWD,9,,-1,IDLE,0
C3B93D0B,2757665,2758043.399,2758043399,999,1909,1935,59,0,FWD,9,,-1,IDLE,0
C3B93D0B,2757666,2758044.400,2758044400,1001,1908,1935,59,0,FWD,9,,-1,IDLE,0
C3B93D0B,2757667,2758045.399,2758045399,999,1908,1935,59,0,FWD,9,,-1,IDLE,0
C3B93D0B,2757668,2758046.400,2758046400,1001,1908,1935,59,0,FWD,9,,-1,IDLE,0
C3B93D0B,2757669,2758047.400,2758047400,1000,1907,1935,59,0,FWD,9,,-1,IDLE,0
C3B93D0B,2757670,2758048.400,2758048400,1000,1907,1935,58,0,FWD,9,,-1,IDLE,0
C3B93D0B,2757671,2758049.399,2758049399,999,1907,1935,58,0,FWD,9,,-1,IDLE,0
C3B93D0B,2757672,2758050.400,2758050400,1001,1909,1935,58,0,FWD,9,,-1,IDLE,0
C3B93D0B,2757673,2758051.399,2758051399,999,1909,1935,58,0,FWD,9,,-1,IDLE,0
C3B93D0B,2757674,2758052.400,2758052400,1001,1906,1935,58,0,FWD,9,,-1,IDLE,0
C3B93D0B,2757675,2758053.399,2758053399,999,1907,1935,58,0,FWD,9,,-1,IDLE,0
C3B93D0B,2757676,2758054.400,2758054400,1001,1907,1935,58,0,FWD,9,,-1,IDLE,0
C3B93D0B,2757677,2758055.408,2758055408,1008,1899,1935,58,0,FWD,9,,-1,IDLE,0
C3B93D0B,2757678,2758056.400,2758056400,992,1898,1935,58,0,FWD,9,,-1,IDLE,0
C3B93D0B,2757679,2758057.400,2758057400,1000,1895,1935,58,0,FWD,9,,-1,IDLE,0
C3B93D0B,2757680,2758058.400,2758058400,1000,1901,1935,58,0,FWD,9,,-1,IDLE,0
C3B93D0B,2757681,2758059.399,2758059399,999,1902,1935,58,0,FWD,9,,-1,IDLE,0
C3B93D0B,2757682,2758060.454,2758060454,1055,1909,1935,58,0,FWD,9,,-1,IDLE,0
C3B93D0B,2757683,2758061.399,2758061399,945,1910,1935,58,0,FWD,9,,-1,IDLE,0
C3B93D0B,2757684,2758062.400,2758062400,1001,1908,1935,58,0,FWD,9,,-1,IDLE,0
C3B93D0B,2757685,2758063.399,2758063399,999,1907,1935,58,0,FWD,9,,-1,IDLE,0
C3B93D0B,2757686,2758064.400,2758064400,1001,1908,1935,58,0,FWD,9,,-1,IDLE,0
C3B93D0B,2757687,2758065.399,2758065399,999,1907,1935,58,0,FWD,9,,-1,IDLE,0
C3B93D0B,2757688,2758066.400,2758066400,1001,1907,1935,58,0,FWD,9,,-1,IDLE,0
C3B93D0B,2757689,2758067.400,2758067400,1000,1908,1935,58,0,FWD,9,,-1,IDLE,0
C3B93D0B,2757690,2758068.400,2758068400,1000,1910,1935,58,0,FWD,9,,-1,IDLE,0
C3B93D0B,2757691,2758069.399,2758069399,999,1907,1935,58,0,FWD,9,,-1,IDLE,0
C3B93D0B,2757692,2758070.400,2758070400,1001,1907,1935,58,0,FWD,9,,-1,IDLE,0
C3B93D0B,2757693,2758071.399,2758071399,999,1907,1935,58,0,FWD,9,,-1,IDLE,0
C3B93D0B,2757694,2758072.400,2758072400,1001,1909,1935,58,0,FWD,9,,-1,IDLE,0
C3B93D0B,2757695,2758073.399,2758073399,999,1905,1935,58,0,FWD,9,,-1,IDLE,0
C3B93D0B,2757696,2758074.400,2758074400,1001,1908,1935,58,0,FWD,9,,-1,IDLE,0
C3B93D0B,2757697,2758075.399,2758075399,999,1907,1935,58,0,FWD,9,,-1,IDLE,0
C3B93D0B,2757698,2758076.400,2758076400,1001,1908,1935,58,0,FWD,9,,-1,IDLE,0
C3B93D0B,2757699,2758077.400,2758077400,1000,1909,1935,58,0,FWD,9,,-1,IDLE,0
C3B93D0B,2757700,2758079.168,2758079168,1768,1899,1935,58,0,FWD,41,,-1,IDLE,0
C3B93D0B,2757701,2758079.477,2758079477,309,1901,1935,58,0,FWD,9,,-1,IDLE,0
C3B93D0B,2757702,2758080.400,2758080400,923,1901,1935,57,0,FWD,9,,-1,IDLE,0
C3B93D0B,2757703,2758081.399,2758081399,999,1901,1935,57,0,FWD,9,,-1,IDLE,0
C3B93D0B,2757704,2758082.400,2758082400,1001,1900,1935,57,0,FWD,9,,-1,IDLE,0
C3B93D0B,2757705,2758083.399,2758083399,999,1899,1935,57,0,FWD,9,,-1,IDLE,0
C3B93D0B,2757706,2758084.400,2758084400,1001,1899,1935,57,0,FWD,9,,-1,IDLE,0
C3B93D0B,2757707,2758085.402,2758085402,1002,1900,1935,57,0,FWD,9,,-1,IDLE,0
C3B93D0B,2757708,2758086.400,2758086400,998,1898,1935,57,0,FWD,9,,-1,IDLE,0
C3B93D0B,2757709,2758087.400,2758087400,1000,1897,1935,57,0,FWD,9,,-1,IDLE,0
C3B93D0B,2757710,2758088.400,2758088400,1000,1900,1935,57,0,FWD,9,,-1,IDLE,0
C3B93D0B,2757711,2758089.399,2758089399,999,1899,1935,57,0,FWD,9,,-1,IDLE,0
C3B93D0B,2757712,2758090.400,2758090400,1001,1902,1935,57,0,FWD,9,,-1,IDLE,0
C3B93D0B,2757713,2758091.399,2758091399,999,1899,1935,57,0,FWD,9,,-1,IDLE,0
C3B93D0B,2757714,2758092.400,2758092400,1001,1902,1935,57,0,FWD,9,,-1,IDLE,0
C3B93D0B,2757715,2758093.399,2758093399,999,1900,1935,57,0,FWD,9,,-1,IDLE,0
C3B93D0B,2757716,2758094.400,2758094400,1001,1899,1935,57,0,FWD,9,,-1,IDLE,0
C3B93D0B,2757717,2758095.399,2758095399,999,1901,1935,57,0,FWD,9,,-1,IDLE,0
C3B93D0B,2757718,2758096.400,2758096400,1001,1901,1935,57,0,FWD,9,,-1,IDLE,0
C3B93D0B,2757719,2758097.400,2758097400,1000,1901,1935,57,0,FWD,9,,-1,IDLE,0
C3B93D0B,2757720,2758098.400,2758098400,1000,1901,1935,57,0,FWD,9,,-1,IDLE,0
C3B93D0B,2757721,2758099.399,2758099399,999,1900,1935,57,0,FWD,9,,-1,IDLE,0
C3B93D0B,2757722,2758100.400,2758100400,1001,1899,1935,57,0,FWD,9,,-1,IDLE,0
C3B93D0B,2757723,2758101.399,2758101399,999,1901,1935,57,0,FWD,9,,-1,IDLE,0
C3B93D0B,2757724,2758102.400,2758102400,1001,1902,1935,57,0,FWD,9,,-1,IDLE,0
C3B93D0B,2757725,2758103.399,2758103399,999,1901,1935,57,0,FWD,9,,-1,IDLE,0
C3B93D0B,2757726,2758104.400,2758104400,1001,1899,1935,57,0,FWD,9,,-1,IDLE,0
C3B93D0B,2757727,2758105.399,2758105399,999,1902,1935,57,0,FWD,9,,-1,IDLE,0
C3B93D0B,2757728,2758106.400,2758106400,1001,1898,1935,57,0,FWD,9,,-1,IDLE,0
C3B93D0B,2757729,2758107.400,2758107400,1000,1901,1935,57,0,FWD,9,,-1,IDLE,0
C3B93D0B,2757730,2758108.400,2758108400,1000,1899,1935,57,0,FWD,9,,-1,IDLE,0
C3B93D0B,2757731,2758109.399,2758109399,999,1899,1935,57,0,FWD,9,,-1,IDLE,0
C3B93D0B,2757732,2758110.400,2758110400,1001,1900,1935,57,0,FWD,9,,-1,IDLE,0
C3B93D0B,2757733,2758111.399,2758111399,999,1902,1935,57,0,FWD,9,,-1,IDLE,0
C3B93D0B,2757734,2758112.400,2758112400,1001,1902,1935,56,0,FWD,9,,-1,IDLE,0
C3B93D0B,2757735,2758113.399,2758113399,999,1901,1935,56,0,FWD,9,,-1,IDLE,0
C3B93D0B,2757736,2758114.400,2758114400,1001,1903,1935,56,0,FWD,9,,-1,IDLE,0
C3B93D0B,2757737,2758115.399,2758115399,999,1901,1935,56,0,FWD,9,,-1,IDLE,0
C3B93D0B,2757738,2758116.400,2758116400,1001,1899,1935,56,0,FWD,9,,-1,IDLE,0
C3B93D0B,2757739,2758117.400,2758117400,1000,1899,1935,56,0,FWD,9,,-1,IDLE,0
C3B93D0B,2757740,2758118.400,2758118400,1000,1897,1935,56,0,FWD,9,,-1,IDLE,0
C3B93D0B,2757741,2758119.399,2758119399,999,1901,1935,56,0,FWD,9,,-1,IDLE,0
C3B93D0B,2757742,2758120.400,2758120400,1001,1902,1935,56,0,FWD,9,,-1,IDLE,0
C3B93D0B,2757743,2758121.399,2758121399,999,1901,1935,56,0,FWD,9,,-1,IDLE,0
C3B93D0B,2757744,2758122.400,2758122400,1001,1902,1935,56,0,FWD,9,,-1,IDLE,0
C3B93D0B,2757745,2758123.399,2758123399,999,1899,1935,56,0,FWD,9,,-1,IDLE,0
C3B93D0B,2757746,2758124.400,2758124400,1001,1901,1935,56,0,FWD,9,,-1,IDLE,0
C3B93D0B,2757747,2758125.399,2758125399,999,1897,1935,56,0,FWD,9,,-1,IDLE,0
C3B93D0B,2757748,2758126.400,2758126400,1001,1902,1935,56,0,FWD,9,,-1,IDLE,0
C3B93D0B,2757749,2758127.400,2758127400,1000,1903,1935,56,0,FWD,9,,-1,IDLE,0
C3B93D0B,2757750,2758128.400,2758128400,1000,1902,1935,56,0,FWD,9,,-1,IDLE,0
C3B93D0B,2757751,2758129.399,2758129399,999,1901,1935,56,0,FWD,9,,-1,IDLE,0
C3B93D0B,2757752,2758130.400,2758130400,1001,1902,1935,56,0,FWD,9,,-1,IDLE,0
C3B93D0B,2757753,2758131.399,2758131399,999,1901,1935,56,0,FWD,9,,-1,IDLE,0
C3B93D0B,2757754,2758132.400,2758132400,1001,1900,1935,56,0,FWD,9,,-1,IDLE,0
C3B93D0B,2757755,2758133.399,2758133399,999,1901,1935,56,0,FWD,9,,-1,IDLE,0
C3B93D0B,2757756,2758134.400,2758134400,1001,1902,1935,56,0,FWD,9,,-1,IDLE,0
C3B93D0B,2757757,2758135.601,2758135601,1201,1901,1935,56,0,FWD,9,,-1,IDLE,0
C3B93D0B,2757758,2758136.400,2758136400,799,1901,1935,56,0,FWD,9,,-1,IDLE,0
C3B93D0B,2757759,2758137.400,2758137400,1000,1901,1935,56,0,FWD,9,,-1,IDLE,0
C3B93D0B,2757760,2758138.400,2758138400,1000,1901,1935,56,0,FWD,9,,-1,IDLE,0
C3B93D0B,2757761,2758139.399,2758139399,999,1901,1935,56,0,FWD,9,,-1,IDLE,0
C3B93D0B,2757762,2758140.400,2758140400,1001,1899,1935,56,0,FWD,9,,-1,IDLE,0
C3B93D0B,2757763,2758141.402,2758141402,1002,1910,1935,56,0,FWD,9,,-1,IDLE,0
C3B93D0B,2757764,2758142.400,2758142400,998,1908,1935,56,0,FWD,9,,-1,IDLE,0
C3B93D0B,2757765,2758143.399,2758143399,999,1909,1935,56,0,FWD,9,,-1,IDLE,0
C3B93D0B,2757766,2758144.400,2758144400,1001,1910,1935,55,0,FWD,9,,-1,IDLE,0
C3B93D0B,2757767,2758145.399,2758145399,999,1911,1935,55,0,FWD,9,,-1,IDLE,0
C3B93D0B,2757768,2758146.400,2758146400,1001,1909,1935,55,0,FWD,9,,-1,IDLE,0
C3B93D0B,2757769,2758147.400,2758147400,1000,1909,1935,55,0,FWD,9,,-1,IDLE,0
C3B93D0B,2757770,2758148.400,2758148400,1000,1907,1935,55,0,FWD,9,,-1,IDLE,0
C3B93D0B,2757771,2758149.399,2758149399,999,1909,1935,55,0,FWD,9,,-1,IDLE,0
C3B93D0B,2757772,2758150.400,2758150400,1001,1908,1935,55,0,FWD,9,,-1,IDLE,0
C3B93D0B,2757773,2758151.399,2758151399,999,1907,1935,55,0,FWD,9,,-1,IDLE,0
C3B93D0B,2757774,2758152.400,2758152400,1001,1908,1935,55,0,FWD,9,,-1,IDLE,0
C3B93D0B,2757775,2758153.399,2758153399,999,1908,1935,55,0,FWD,9,,-1,IDLE,0
C3B93D0B,2757776,2758154.400,2758154400,1001,1907,1935,55,0,FWD,9,,-1,IDLE,0
C3B93D0B,2757777,2758155.399,2758155399,999,1907,1935,55,0,FWD,9,,-1,IDLE,0
C3B93D0B,2757778,2758156.400,2758156400,1001,1907,1935,55,0,FWD,9,,-1,IDLE,0
C3B93D0B,2757779,2758157.440,2758157440,1040,1898,1935,55,0,FWD,9,,-1,IDLE,0
C3B93D0B,2757780,2758158.400,2758158400,960,1900,1935,55,0,FWD,9,,-1,IDLE,0
C3B93D0B,2757781,2758159.399,2758159399,999,1898,1935,55,0,FWD,9,,-1,IDLE,0
C3B93D0B,2757782,2758160.400,2758160400,1001,1900,1935,55,0,FWD,9,,-1,IDLE,0
C3B93D0B,2757783,2758161.399,2758161399,999,1899,1935,55,0,FWD,9,,-1,IDLE,0
C3B93D0B,2757784,2758162.721,2758162721,1322,1909,1935,55,0,FWD,41,,-1,IDLE,0
C3B93D0B,2757785,2758163.399,2758163399,678,1909,1935,55,0,FWD,9,,-1,IDLE,0
C3B93D0B,2757786,2758164.400,2758164400,1001,1907,1935,55,0,FWD,9,,-1,IDLE,0
C3B93D0B,2757787,2758165.399,2758165399,999,1909,1935,55,0,FWD,9,,-1,IDLE,0
C3B93D0B,2757788,2758166.594,2758166594,1195,1907,1935,55,0,FWD,9,,-1,IDLE,0
C3B93D0B,2757789,2758167.400,2758167400,806,1907,1935,55,0,FWD,9,,-1,IDLE,0
C3B93D0B,2757790,2758168.400,2758168400,1000,1909,1935,55,0,FWD,9,,-1,IDLE,0
C3B93D0B,2757791,2758169.399,2758169399,999,1908,1935,55,0,FWD,9,,-1,IDLE,0
C3B93D0B,2757792,2758170.400,2758170400,1001,1907,1935,55,0,FWD,9,,-1,IDLE,0
C3B93D0B,2757793,2758171.399,2758171399,999,1905,1935,55,0,FWD,9,,-1,IDLE,0
C3B93D0B,2757794,2758172.400,2758172400,1001,1907,1935,55,0,FWD,9,,-1,IDLE,0
C3B93D0B,2757795,2758173.399,2758173399,999,1907,1935,55,0,FWD,9,,-1,IDLE,0
C3B93D0B,2757796,2758174.400,2758174400,1001,1909,1935,55,0,FWD,9,,-1,IDLE,0
C3B93D0B,2757797,2758175.399,2758175399,999,1909,1935,55,0,FWD,9,,-1,IDLE,0
C3B93D0B,2757798,2758176.400,2758176400,1001,1905,1935,54,0,FWD,9,,-1,IDLE,0
C3B93D0B,2757799,2758177.400,2758177400,1000,1907,1935,54,0,FWD,9,,-1,IDLE,0
C3B93D0B,2757800,2758179.221,2758179221,1821,1895,1935,54,0,FWD,41,,-1,IDLE,0
C3B93D0B,2757801,2758179.807,2758179807,586,1899,1935,54,0,FWD,9,,-1,IDLE,0
C3B93D0B,2757802,2758180.400,2758180400,593,1900,1935,54,0,FWD,9,,-1,IDLE,0
C3B93D0B,2757803,2758181.399,2758181399,999,1899,1935,54,0,FWD,9,,-1,IDLE,0
C3B93D0B,2757804,2758182.400,2758182400,1001,1899,1935,54,0,FWD,9,,-1,IDLE,0
C3B93D0B,2757805,2758183.399,2758183399,999,1901,1935,54,0,FWD,9,,-1,IDLE,0
C3B93D0B,2757806,2758184.400,2758184400,1001,1902,1935,54,0,FWD,9,,-1,IDLE,0
C3B93D0B,2757807,2758185.399,2758185399,999,1901,1935,54,0,FWD,9,,-1,IDLE,0
C3B93D0B,2757808,2758186.400,2758186400,1001,1901,1935,54,0,FWD,9,,-1,IDLE,0
C3B93D0B,2757809,2758187.400,2758187400,1000,1901,1935,54,0,FWD,9,,-1,IDLE,0
C3B93D0B,2757810,2758188.400,2758188400,1000,1899,1935,54,0,FWD,9,,-1,IDLE,0
C3B93D0B,2757811,2758189.399,2758189399,999,1902,1935,54,0,FWD,9,,-1,IDLE,0
C3B93D0B,2757812,2758190.400,2758190400,1001,1901,1935,54,0,FWD,9,,-1,IDLE,0
C3B93D0B,2757813,2758191.399,2758191399,999,1899,1935,54,0,FWD,9,,-1,IDLE,0
C3B93D0B,2757814,2758192.400,2758192400,1001,1901,1935,54,0,FWD,9,,-1,IDLE,0
C3B93D0B,2757815,2758193.399,2758193399,999,1900,1935,54,0,FWD,9,,-1,IDLE,0
C3B93D0B,2757816,2758194.400,2758194400,1001,1900,1935,54,0,FWD,9,,-1,IDLE,0
C3B93D0B,2757817,2758195.399,2758195399,999,1902,1935,54,0,FWD,9,,-1,IDLE,0
C3B93D0B,2757818,2758196.400,2758196400,1001,1901,1935,54,0,FWD,9,,-1,IDLE,0
C3B93D0B,2757819,2758197.400,2758197400,1000,1899,1935,54,0,FWD,9,,-1,IDLE,0
C3B93D0B,2757820,2758198.400,2758198400,1000,1901,1935,54,0,FWD,9,,-1,IDLE,0
C3B93D0B,2757821,2758199.399,2758199399,999,1901,1935,54,0,FWD,9,,-1,IDLE,0
C3B93D0B,2757822,2758200.400,2758200400,1001,1901,1935,54,0,FWD,9,,-1,IDLE,0
C3B93D0B,2757823,2758201.399,2758201399,999,1900,1935,54,0,FWD,9,,-1,IDLE,0
C3B93D0B,2757824,2758202.400,2758202400,1001,1899,1935,54,0,FWD,9,,-1,IDLE,0
C3B93D0B,2757825,2758203.399,2758203399,999,1901,1935,54,0,FWD,9,,-1,IDLE,0
C3B93D0B,2757826,2758204.400,2758204400,1001,1901,1935,54,0,FWD,9,,-1,IDLE,0
C3B93D0B,2757827,2758205.399,2758205399,999,1901,1935,54,0,FWD,9,,-1,IDLE,0
C3B93D0B,2757828,2758206.400,2758206400,1001,1901,1935,54,0,FWD,9,,-1,IDLE,0
C3B93D0B,2757829,2758207.400,2758207400,1000,1900,1935,54,0,FWD,9,,-1,IDLE,0
C3B93D0B,2757830,2758208.400,2758208400,1000,1903,1935,53,0,FWD,9,,-1,IDLE,0
C3B93D0B,2757831,2758209.399,2758209399,999,1899,1935,53,0,FWD,9,,-1,IDLE,0
C3B93D0B,2757832,2758210.400,2758210400,1001,1901,1935,53,0,FWD,9,,-1,IDLE,0
C3B93D0B,2757833,2758211.399,2758211399,999,1902,1935,53,0,FWD,9,,-1,IDLE,0
C3B93D0B,2757834,2758212.400,2758212400,1001,1903,1935,53,0,FWD,9,,-1,IDLE,0
C3B93D0B,2757835,2758213.399,2758213399,999,1901,1935,53,0,FWD,9,,-1,IDLE,0
C3B93D0B,2757836,2758214.400,2758214400,1001,1899,1935,53,0,FWD,9,,-1,IDLE,0
C3B93D0B,2757837,2758215.399,2758215399,999,1902,1935,53,0,FWD,9,,-1,IDLE,0
C3B93D0B,2757838,2758216.400,2758216400,1001,1900,1935,53,0,FWD,9,,-1,IDLE,0
C3B93D0B,2757839,2758217.400,2758217400,1000,1899,1935,53,0,FWD,9,,-1,IDLE,0
C3B93D0B,2757840,2758218.400,2758218400,1000,1901,1935,53,0,FWD,9,,-1,IDLE,0
C3B93D0B,2757841,2758219.399,2758219399,999,1900,1935,53,0,FWD,9,,-1,IDLE,0
C3B93D0B,2757842,2758220.400,2758220400,1001,1901,1935,53,0,FWD,9,,-1,IDLE,0
C3B93D0B,2757843,2758221.399,2758221399,999,1901,1935,53,0,FWD,9,,-1,IDLE,0
C3B93D0B,2757844,2758222.400,2758222400,1001,1901,1935,53,0,FWD,9,,-1,IDLE,0
C3B93D0B,2757845,2758223.399,2758223399,999,1901,1935,53,0,FWD,9,,-1,IDLE,0
C3B93D0B,2757846,2758224.400,2758224400,1001,1901,1935,53,0,FWD,9,,-1,IDLE,0
C3B93D0B,2757847,2758225.399,2758225399,999,1903,1935,53,0,FWD,9,,-1,IDLE,0
C3B93D0B,2757848,2758226.400,2758226400,1001,1901,1935,53,0,FWD,9,,-1,IDLE,0
C3B93D0B,2757849,2758227.400,2758227400,1000,1901,1935,53,0,FWD,9,,-1,IDLE,0
C3B93D0B,2757850,2758228.400,2758228400,1000,1902,1935,53,0,FWD,9,,-1,IDLE,0
C3B93D0B,2757851,2758229.399,2758229399,999,1899,1935,53,0,FWD,9,,-1,IDLE,0
C3B93D0B,2757852,2758230.403,2758230403,1004,1903,1935,53,0,FWD,9,,-1,IDLE,0
C3B93D0B,2757853,2758231.399,2758231399,996,1901,1935,53,0,FWD,9,,-1,IDLE,0
C3B93D0B,2757854,2758232.400,2758232400,1001,1903,1935,53,0,FWD,9,,-1,IDLE,0
C3B93D0B,2757855,2758233.399,2758233399,999,1902,1935,53,0,FWD,9,,-1,IDLE,0
C3B93D0B,2757856,2758234.400,2758234400,1001,1902,1935,53,0,FWD,9,,-1,IDLE,0
C3B93D0B,2757857,2758235.399,2758235399,999,1904,1935,53,0,FWD,9,,-1,IDLE,0
C3B93D0B,2757858,2758236.403,2758236403,1004,1911,1935,53,0,FWD,9,,-1,IDLE,0
C3B93D0B,2757859,2758237.400,2758237400,997,1910,1935,53,0,FWD,9,,-1,IDLE,0
C3B93D0B,2757860,2758238.400,2758238400,1000,1913,1935,53,0,FWD,9,,-1,IDLE,0
C3B93D0B,2757861,2758239.399,2758239399,999,1910,1935,53,0,FWD,9,,-1,IDLE,0
C3B93D0B,2757862,2758240.400,2758240400,1001,1910,1935,52,0,FWD,9,,-1,IDLE,0
C3B93D0B,2757863,2758241.399,2758241399,999,1911,1935,52,0,FWD,9,,-1,IDLE,0
C3B93D0B,2757864,2758242.400,2758242400,1001,1909,1935,52,0,FWD,9,,-1,IDLE,0
C3B93D0B,2757865,2758243.400,2758243400,1000,1909,1935,52,0,FWD,9,,-1,IDLE,0
C3B93D0B,2757866,2758244.400,2758244400,1000,1910,1935,52,0,FWD,9,,-1,IDLE,0
C3B93D0B,2757867,2758245.399,2758245399,999,1909,1935,52,0,FWD,9,,-1,IDLE,0
C3B93D0B,2757868,2758246.400,2758246400,1001,1908,1935,52,0,FWD,9,,-1,IDLE,0
C3B93D0B,2757869,2758247.400,2758247400,1000,1908,1935,52,0,FWD,9,,-1,IDLE,0
C3B93D0B,2757870,2758248.400,2758248400,1000,1909,1935,52,0,FWD,9,,-1,IDLE,0
C3B93D0B,2757871,2758249.399,2758249399,999,1909,1935,52,0,FWD,9,,-1,IDLE,0
C3B93D0B,2757872,2758250.400,2758250400,1001,1909,1935,52,0,FWD,9,,-1,IDLE,0
C3B93D0B,2757873,2758251.399,2758251399,999,1908,1935,52,0,FWD,9,,-1,IDLE,0
C3B93D0B,2757874,2758252.400,2758252400,1001,1908,1935,52,0,FWD,9,,-1,IDLE,0
C3B93D0B,2757875,2758253.399,2758253399,999,1907,1935,52,0,FWD,9,,-1,IDLE,0
C3B93D0B,2757876,2758254.400,2758254400,1001,1907,1935,52,0,FWD,9,,-1,IDLE,0
C3B93D0B,2757877,2758255.399,2758255399,999,1909,1935,52,0,FWD,9,,-1,IDLE,0
C3B93D0B,2757878,2758256.400,2758256400,1001,1907,1935,52,0,FWD,9,,-1,IDLE,0
C3B93D0B,2757879,2758257.400,2758257400,1000,1909,1935,52,0,FWD,9,,-1,IDLE,0
C3B93D0B,2757880,2758258.400,2758258400,1000,1910,1935,52,0,FWD,9,,-1,IDLE,0
C3B93D0B,2757881,2758259.753,2758259753,1353,1899,1935,52,0,FWD,41,,-1,IDLE,0
C3B93D0B,2757882,2758260.399,2758260399,646,1898,1935,52,0,FWD,9,,-1,IDLE,0
C3B93D0B,2757883,2758261.399,2758261399,1000,1899,1935,52,0,FWD,9,,-1,IDLE,0
C3B93D0B,2757884,2758262.400,2758262400,1001,1899,1935,52,0,FWD,9,,-1,IDLE,0
C3B93D0B,2757885,2758263.399,2758263399,999,1898,1935,52,0,FWD,9,,-1,IDLE,0
C3B93D0B,2757886,2758264.400,2758264400,1001,1900,1935,52,0,FWD,9,,-1,IDLE,0
C3B93D0B,2757887,2758265.421,2758265421,1021,1898,1935,52,0,FWD,9,,-1,IDLE,0
C3B93D0B,2757888,2758266.540,2758266540,1119,1901,1935,52,0,FWD,9,,-1,IDLE,0
C3B93D0B,2757889,2758267.400,2758267400,860,1899,1935,52,0,FWD,9,,-1,IDLE,0
C3B93D0B,2757890,2758268.400,2758268400,1000,1903,1935,52,0,FWD,9,,-1,IDLE,0
C3B93D0B,2757891,2758269.767,2758269767,1367,1902,1935,52,0,FWD,41,,-1,IDLE,0
C3B93D0B,2757892,2758270.400,2758270400,633,1899,1935,52,0,FWD,9,,-1,IDLE,0
C3B93D0B,2757893,2758271.399,2758271399,999,1901,1935,52,0,FWD,9,,-1,IDLE,0
C3B93D0B,2757894,2758272.400,2758272400,1001,1899,1935,51,0,FWD,9,,-1,IDLE,0
C3B93D0B,2757895,2758273.399,2758273399,999,1900,1935,51,0,FWD,9,,-1,IDLE,0
C3B93D0B,2757896,2758274.400,2758274400,1001,1909,1935,51,0,FWD,9,,-1,IDLE,0
C3B93D0B,2757897,2758275.399,2758275399,999,1909,1935,51,0,FWD,9,,-1,IDLE,0
C3B93D0B,2757898,2758276.400,2758276400,1001,1909,1935,51,0,FWD,9,,-1,IDLE,0
C3B93D0B,2757899,2758277.400,2758277400,1000,1909,1935,51,0,FWD,9,,-1,IDLE,0
C3B93D0B,2757900,2758279.221,2758279221,1821,1895,1935,51,0,FWD,41,,-1,IDLE,0
C3B93D0B,2757901,2758279.826,2758279826,605,1899,1935,51,0,FWD,9,,-1,IDLE,0
C3B93D0B,2757902,2758280.400,2758280400,574,1899,1935,51,0,FWD,9,,-1,IDLE,0
C3B93D0B,2757903,2758281.399,2758281399,999,1901,1935,51,0,FWD,9,,-1,IDLE,0
C3B93D0B,2757904,2758282.400,2758282400,1001,1900,1935,51,0,FWD,9,,-1,IDLE,0
C3B93D0B,2757905,2758283.399,2758283399,999,1901,1935,51,0,FWD,9,,-1,IDLE,0
C3B93D0B,2757906,2758284.400,2758284400,1001,1901,1935,51,0,FWD,9,,-1,IDLE,0
C3B93D0B,2757907,2758285.399,2758285399,999,1901,1935,51,0,FWD,9,,-1,IDLE,0
C3B93D0B,2757908,2758286.400,2758286400,1001,1899,1935,51,0,FWD,9,,-1,IDLE,0
C3B93D0B,2757909,2758287.400,2758287400,1000,1903,1935,51,0,FWD,9,,-1,IDLE,0
C3B93D0B,2757910,2758288.400,2758288400,1000,1901,1935,51,0,FWD,9,,-1,IDLE,0
C3B93D0B,2757911,2758289.399,2758289399,999,1901,1935,51,0,FWD,9,,-1,IDLE,0
C3B93D0B,2757912,2758290.400,2758290400,1001,1902,1935,51,0,FWD,9,,-1,IDLE,0
C3B93D0B,2757913,2758291.399,2758291399,999,1901,1935,51,0,FWD,9,,-1,IDLE,0
C3B93D0B,2757914,2758292.400,2758292400,1001,1900,1935,51,0,FWD,9,,-1,IDLE,0
C3B93D0B,2757915,2758293.399,2758293399,999,1902,1935,51,0,FWD,9,,-1,IDLE,0
C3B93D0B,2757916,2758294.400,2758294400,1001,1900,1935,51,0,FWD,9,,-1,IDLE,0
C3B93D0B,2757917,2758295.399,2758295399,999,1901,1935,51,0,FWD,9,,-1,IDLE,0
C3B93D0B,2757918,2758296.400,2758296400,1001,1899,1935,51,0,FWD,9,,-1,IDLE,0
C3B93D0B,2757919,2758297.400,2758297400,1000,1902,1935,51,0,FWD,9,,-1,IDLE,0
C3B93D0B,2757920,2758298.400,2758298400,1000,1901,1935,51,0,FWD,9,,-1,IDLE,0
C3B93D0B,2757921,2758299.399,2758299399,999,1900,1935,51,0,FWD,9,,-1,IDLE,0
C3B93D0B,2757922,2758300.400,2758300400,1001,1902,1935,51,0,FWD,9,,-1,IDLE,0
C3B93D0B,2757923,2758301.399,2758301399,999,1901,1935,51,0,FWD,9,,-1,IDLE,0
C3B93D0B,2757924,2758302.400,2758302400,1001,1903,1935,51,0,FWD,9,,-1,IDLE,0
C3B93D0B,2757925,2758303.399,2758303399,999,1900,1935,51,0,FWD,9,,-1,IDLE,0
C3B93D0B,2757926,2758304.400,2758304400,1001,1901,1935,50,0,FWD,9,,-1,IDLE,0
C3B93D0B,2757927,2758305.399,2758305399,999,1904,1935,50,0,FWD,9,,-1,IDLE,0
C3B93D0B,2757928,2758306.400,2758306400,1001,1903,1935,50,0,FWD,9,,-1,IDLE,0
C3B93D0B,2757929,2758307.400,2758307400,1000,1902,1935,50,0,FWD,9,,-1,IDLE,0
C3B93D0B,2757930,2758308.400,2758308400,1000,1901,1935,50,0,FWD,9,,-1,IDLE,0
C3B93D0B,2757931,2758309.399,2758309399,999,1900,1935,50,0,FWD,9,,-1,IDLE,0
C3B93D0B,2757932,2758310.400,2758310400,1001,1903,1935,50,0,FWD,9,,-1,IDLE,0
C3B93D0B,2757933,2758311.399,2758311399,999,1901,1935,50,0,FWD,9,,-1,IDLE,0
C3B93D0B,2757934,2758312.400,2758312400,1001,1903,1935,50,0,FWD,9,,-1,IDLE,0
C3B93D0B,2757935,2758313.399,2758313399,999,1902,1935,50,0,FWD,9,,-1,IDLE,0
C3B93D0B,2757936,2758314.400,2758314400,1001,1904,1935,50,0,FWD,9,,-1,IDLE,0
C3B93D0B,2757937,2758315.399,2758315399,999,1902,1935,50,0,FWD,9,,-1,IDLE,0
C3B93D0B,2757938,2758316.400,2758316400,1001,1903,1935,50,0,FWD,9,,-1,IDLE,0
C3B93D0B,2757939,2758317.400,2758317400,1000,1902,1935,50,0,FWD,9,,-1,IDLE,0
C3B93D0B,2757940,2758318.400,2758318400,1000,1902,1935,50,0,FWD,9,,-1,IDLE,0
C3B93D0B,2757941,2758319.399,2758319399,999,1901,1935,50,0,FWD,9,,-1,IDLE,0
C3B93D0B,2757942,2758320.400,2758320400,1001,1902,1935,50,0,FWD,9,,-1,IDLE,0
C3B93D0B,2757943,2758321.399,2758321399,999,1901,1935,50,0,FWD,9,,-1,IDLE,0
C3B93D0B,2757944,2758322.400,2758322400,1001,1901,1935,50,0,FWD,9,,-1,IDLE,0
C3B93D0B,2757945,2758323.399,2758323399,999,1901,1935,50,0,FWD,9,,-1,IDLE,0
C3B93D0B,2757946,2758324.400,2758324400,1001,1901,1935,50,0,FWD,9,,-1,IDLE,0
C3B93D0B,2757947,2758325.399,2758325399,999,1903,1935,50,0,FWD,9,,-1,IDLE,0
C3B93D0B,2757948,2758326.400,2758326400,1001,1902,1935,50,0,FWD,9,,-1,IDLE,0
C3B93D0B,2757949,2758327.400,2758327400,1000,1899,1935,50,0,FWD,9,,-1,IDLE,0
C3B93D0B,2757950,2758328.400,2758328400,1000,1902,1935,50,0,FWD,9,,-1,IDLE,0
C3B93D0B,2757951,2758329.399,2758329399,999,1901,1935,50,0,FWD,9,,-1,IDLE,0
C3B93D0B,2757952,2758330.534,2758330534,1135,1900,1935,50,0,FWD,9,,-1,IDLE,0
C3B93D0B,2757953,2758331.399,2758331399,865,1901,1935,50,0,FWD,9,,-1,IDLE,0
C3B93D0B,2757954,2758332.400,2758332400,1001,1901,1935,50,0,FWD,9,,-1,IDLE,0
C3B93D0B,2757955,2758333.399,2758333399,999,1903,1935,50,0,FWD,9,,-1,IDLE,0
C3B93D0B,2757956,2758334.400,2758334400,1001,1901,1935,50,0,FWD,9,,-1,IDLE,0
C3B93D0B,2757957,2758335.399,2758335399,999,1904,1935,50,0,FWD,9,,-1,IDLE,0
C3B93D0B,2757958,2758336.400,2758336400,1001,1910,1935,49,0,FWD,9,,-1,IDLE,0
C3B93D0B,2757959,2758337.400,2758337400,1000,1910,1935,49,0,FWD,9,,-1,IDLE,0
C3B93D0B,2757960,2758338.400,2758338400,1000,1909,1935,49,0,FWD,9,,-1,IDLE,0
C3B93D0B,2757961,2758339.399,2758339399,999,1911,1935,49,0,FWD,9,,-1,IDLE,0
C3B93D0B,2757962,2758340.400,2758340400,1001,1910,1935,49,0,FWD,9,,-1,IDLE,0
C3B93D0B,2757963,2758341.399,2758341399,999,1912,1935,49,0,FWD,9,,-1,IDLE,0
C3B93D0B,2757964,2758342.400,2758342400,1001,1908,1935,49,0,FWD,9,,-1,IDLE,0
C3B93D0B,2757965,2758343.399,2758343399,999,1909,1935,49,0,FWD,9,,-1,IDLE,0
C3B93D0B,2757966,2758344.400,2758344400,1001,1909,1935,49,0,FWD,9,,-1,IDLE,0
C3B93D0B,2757967,2758345.399,2758345399,999,1908,1935,49,0,FWD,9,,-1,IDLE,0
C3B93D0B,2757968,2758346.400,2758346400,1001,1909,1935,49,0,FWD,9,,-1,IDLE,0
C3B93D0B,2757969,2758347.400,2758347400,1000,1909,1935,49,0,FWD,9,,-1,IDLE,0
C3B93D0B,2757970,2758348.400,2758348400,1000,1909,1935,49,0,FWD,9,,-1,IDLE,0
C3B93D0B,2757971,2758349.399,2758349399,999,1907,1935,49,0,FWD,9,,-1,IDLE,0
C3B93D0B,2757972,2758350.400,2758350400,1001,1906,1935,49,0,FWD,9,,-1,IDLE,0
C3B93D0B,2757973,2758351.399,2758351399,999,1908,1935,49,0,FWD,9,,-1,IDLE,0
C3B93D0B,2757974,2758352.400,2758352400,1001,1907,1935,49,0,FWD,9,,-1,IDLE,0
C3B93D0B,2757975,2758353.399,2758353399,999,1909,1935,49,0,FWD,9,,-1,IDLE,0
C3B93D0B,2757976,2758354.400,2758354400,1001,1909,1935,49,0,FWD,9,,-1,IDLE,0
C3B93D0B,2757977,2758355.399,2758355399,999,1909,1935,49,0,FWD,9,,-1,IDLE,0
C3B93D0B,2757978,2758356.400,2758356400,1001,1909,1935,49,0,FWD,9,,-1,IDLE,0
C3B93D0B,2757979,2758357.400,2758357400,1000,1909,1935,49,0,FWD,9,,-1,IDLE,0
C3B93D0B,2757980,2758358.400,2758358400,1000,1907,1935,49,0,FWD,9,,-1,IDLE,0
C3B93D0B,2757981,2758359.399,2758359399,999,1908,1935,49,0,FWD,9,,-1,IDLE,0
C3B93D0B,2757982,2758360.400,2758360400,1001,1909,1935,49,0,FWD,9,,-1,IDLE,0
C3B93D0B,2757983,2758361.399,2758361399,999,1902,1935,49,0,FWD,9,,-1,IDLE,0
C3B93D0B,2757984,2758362.400,2758362400,1001,1899,1935,49,0,FWD,9,,-1,IDLE,0
C3B93D0B,2757985,2758363.399,2758363399,999,1900,1935,49,0,FWD,9,,-1,IDLE,0
C3B93D0B,2757986,2758364.400,2758364400,1001,1899,1935,49,0,FWD,9,,-1,IDLE,0
C3B93D0B,2757987,2758365.399,2758365399,999,1901,1935,49,0,FWD,9,,-1,IDLE,0
C3B93D0B,2757988,2758366.400,2758366400,1001,1899,1935,49,0,FWD,9,,-1,IDLE,0
C3B93D0B,2757989,2758367.491,2758367491,1091,1907,1935,49,0,FWD,9,,-1,IDLE,0
C3B93D0B,2757990,2758368.400,2758368400,909,1907,1935,48,0,FWD,9,,-1,IDLE,0
C3B93D0B,2757991,2758369.399,2758369399,999,1910,1935,48,0,FWD,9,,-1,IDLE,0
C3B93D0B,2757992,2758370.400,2758370400,1001,1907,1935,48,0,FWD,9,,-1,IDLE,0
C3B93D0B,2757993,2758371.400,2758371400,1000,1910,1935,48,0,FWD,9,,-1,IDLE,0
C3B93D0B,2757994,2758372.400,2758372400,1000,1909,1935,48,0,FWD,9,,-1,IDLE,0
C3B93D0B,2757995,2758373.399,2758373399,999,1907,1935,48,0,FWD,9,,-1,IDLE,0
C3B93D0B,2757996,2758374.400,2758374400,1001,1907,1935,48,0,FWD,9,,-1,IDLE,0
C3B93D0B,2757997,2758375.399,2758375399,999,1907,1935,48,0,FWD,9,,-1,IDLE,0
C3B93D0B,2757998,2758376.400,2758376400,1001,1907,1935,48,0,FWD,9,,-1,IDLE,0
C3B93D0B,2757999,2758377.400,2758377400,1000,1907,1935,48,0,FWD,9,,-1,IDLE,0
C3B93D0B,2758000,2758379.382,2758379382,1982,1900,1935,48,0,FWD,41,,-1,IDLE,0
C3B93D0B,2758001,2758380.175,2758380175,793,1899,1935,48,0,FWD,9,,-1,IDLE,0
C3B93D0B,2758002,2758380.413,2758380413,238,1899,1935,48,0,FWD,9,,-1,IDLE,0
C3B93D0B,2758003,2758381.399,2758381399,986,1899,1935,48,0,FWD,9,,-1,IDLE,0
C3B93D0B,2758004,2758382.400,2758382400,1001,1899,1935,48,0,FWD,9,,-1,IDLE,0
C3B93D0B,2758005,2758383.399,2758383399,999,1901,1935,48,0,FWD,9,,-1,IDLE,0
C3B93D0B,2758006,2758384.400,2758384400,1001,1899,1935,48,0,FWD,9,,-1,IDLE,0
C3B93D0B,2758007,2758385.399,2758385399,999,1901,1935,48,0,FWD,9,,-1,IDLE,0
C3B93D0B,2758008,2758386.400,2758386400,1001,1898,1935,48,0,FWD,9,,-1,IDLE,0
C3B93D0B,2758009,2758387.400,2758387400,1000,1899,1935,48,0,FWD,9,,-1,IDLE,0
C3B93D0B,2758010,2758388.400,2758388400,1000,1901,1935,48,0,FWD,9,,-1,IDLE,0
C3B93D0B,2758011,2758389.399,2758389399,999,1903,1935,48,0,FWD,9,,-1,IDLE,0
C3B93D0B,2758012,2758390.400,2758390400,1001,1899,1935,48,0,FWD,9,,-1,IDLE,0
C3B93D0B,2758013,2758391.399,2758391399,999,1899,1935,48,0,FWD,9,,-1,IDLE,0
C3B93D0B,2758014,2758392.400,2758392400,1001,1902,1935,48,0,FWD,9,,-1,IDLE,0
C3B93D0B,2758015,2758393.399,2758393399,999,1901,1935,48,0,FWD,9,,-1,IDLE,0
C3B93D0B,2758016,2758394.400,2758394400,1001,1901,1935,48,0,FWD,9,,-1,IDLE,0
C3B93D0B,2758017,2758395.399,2758395399,999,1902,1935,48,0,FWD,9,,-1,IDLE,0
C3B93D0B,2758018,2758396.400,2758396400,1001,1902,1935,48,0,FWD,9,,-1,IDLE,0
C3B93D0B,2758019,2758397.400,2758397400,1000,1901,1935,48,0,FWD,9,,-1,IDLE,0
C3B93D0B,2758020,2758398.400,2758398400,1000,1904,1935,48,0,FWD,9,,-1,IDLE,0
C3B93D0B,2758021,2758399.399,2758399399,999,1900,1935,48,0,FWD,9,,-1,IDLE,0
C3B93D0B,2758022,2758400.400,2758400400,1001,1904,1935,47,0,FWD,9,,-1,IDLE,0
C3B93D0B,2758023,2758401.399,2758401399,999,1899,1935,47,0,FWD,9,,-1,IDLE,0
C3B93D0B,2758024,2758402.400,2758402400,1001,1901,1935,47,0,FWD,9,,-1,IDLE,0
C3B93D0B,2758025,2758403.399,2758403399,999,1903,1935,47,0,FWD,9,,-1,IDLE,0
C3B93D0B,2758026,2758404.400,2758404400,1001,1901,1935,47,0,FWD,9,,-1,IDLE,0
C3B93D0B,2758027,2758405.399,2758405399,999,1901,1935,47,0,FWD,9,,-1,IDLE,0
C3B93D0B,2758028,2758406.400,2758406400,1001,1900,1935,47,0,FWD,9,,-1,IDLE,0
C3B93D0B,2758029,2758407.400,2758407400,1000,1902,1935,47,0,FWD,9,,-1,IDLE,0
C3B93D0B,2758030,2758408.400,2758408400,1000,1902,1935,47,0,FWD,9,,-1,IDLE,0
C3B93D0B,2758031,2758409.399,2758409399,999,1902,1935,47,0,FWD,9,,-1,IDLE,0
C3B93D0B,2758032,2758410.400,2758410400,1001,1903,1935,47,0,FWD,9,,-1,IDLE,0
C3B93D0B,2758033,2758411.399,2758411399,999,1900,1935,47,0,FWD,9,,-1,IDLE,0
C3B93D0B,2758034,2758412.400,2758412400,1001,1901,1935,47,0,FWD,9,,-1,IDLE,0
C3B93D0B,2758035,2758413.399,2758413399,999,1901,1935,47,0,FWD,9,,-1,IDLE,0
C3B93D0B,2758036,2758414.400,2758414400,1001,1902,1935,47,0,FWD,9,,-1,IDLE,0
C3B93D0B,2758037,2758415.399,2758415399,999,1901,1935,47,0,FWD,9,,-1,IDLE,0
C3B93D0B,2758038,2758416.569,2758416569,1170,1900,1935,47,0,FWD,9,,-1,IDLE,0
C3B93D0B,2758039,2758417.400,2758417400,831,1902,1935,47,0,FWD,9,,-1,IDLE,0
C3B93D0B,2758040,2758418.400,2758418400,1000,1902,1935,47,0,FWD,9,,-1,IDLE,0
C3B93D0B,2758041,2758419.399,2758419399,999,1904,1935,47,0,FWD,9,,-1,IDLE,0
C3B93D0B,2758042,2758420.400,2758420400,1001,1901,1935,47,0,FWD,9,,-1,IDLE,0
C3B93D0B,2758043,2758421.399,2758421399,999,1902,1935,47,0,FWD,9,,-1,IDLE,0
C3B93D0B,2758044,2758422.400,2758422400,1001,1901,1935,47,0,FWD,9,,-1,IDLE,0
C3B93D0B,2758045,2758423.399,2758423399,999,1901,1935,47,0,FWD,9,,-1,IDLE,0
C3B93D0B,2758046,2758424.400,2758424400,1001,1902,1935,47,0,FWD,9,,-1,IDLE,0
C3B93D0B,2758047,2758425.399,2758425399,999,1900,1935,47,0,FWD,9,,-1,IDLE,0
C3B93D0B,2758048,2758426.400,2758426400,1001,1899,1935,47,0,FWD,9,,-1,IDLE,0
C3B93D0B,2758049,2758427.400,2758427400,1000,1901,1935,47,0,FWD,9,,-1,IDLE,0
C3B93D0B,2758050,2758428.400,2758428400,1000,1903,1935,47,0,FWD,9,,-1,IDLE,0
C3B93D0B,2758051,2758429.399,2758429399,999,1904,1935,47,0,FWD,9,,-1,IDLE,0
C3B93D0B,2758052,2758430.400,2758430400,1001,1902,1935,47,0,FWD,9,,-1,IDLE,0
C3B93D0B,2758053,2758431.399,2758431399,999,1903,1935,47,0,FWD,9,,-1,IDLE,0
C3B93D0B,2758054,2758432.400,2758432400,1001,1902,1935,46,0,FWD,9,,-1,IDLE,0
C3B93D0B,2758055,2758433.399,2758433399,999,1902,1935,46,0,FWD,9,,-1,IDLE,0
C3B93D0B,2758056,2758434.400,2758434400,1001,1902,1935,46,0,FWD,9,,-1,IDLE,0
C3B93D0B,2758057,2758435.399,2758435399,999,1903,1935,46,0,FWD,9,,-1,IDLE,0
C3B93D0B,2758058,2758436.400,2758436400,1001,1902,1935,46,0,FWD,9,,-1,IDLE,0
C3B93D0B,2758059,2758437.400,2758437400,1000,1911,1935,46,0,FWD,9,,-1,IDLE,0
C3B93D0B,2758060,2758438.400,2758438400,1000,1909,1935,46,0,FWD,9,,-1,IDLE,0
C3B93D0B,2758061,2758439.399,2758439399,999,1911,1935,46,0,FWD,9,,-1,IDLE,0
C3B93D0B,2758062,2758440.400,2758440400,1001,1910,1935,46,0,FWD,9,,-1,IDLE,0
C3B93D0B,2758063,2758441.399,2758441399,999,1913,1935,46,0,FWD,9,,-1,IDLE,0
C3B93D0B,2758064,2758442.400,2758442400,1001,1910,1935,46,0,FWD,9,,-1,IDLE,0
C3B93D0B,2758065,2758443.399,2758443399,999,1910,1935,46,0,FWD,9,,-1,IDLE,0
C3B93D0B,2758066,2758444.400,2758444400,1001,1909,1935,46,0,FWD,9,,-1,IDLE,0
C3B93D0B,2758067,2758445.399,2758445399,999,1910,1935,46,0,FWD,9,,-1,IDLE,0
C3B93D0B,2758068,2758446.400,2758446400,1001,1909,1935,46,0,FWD,9,,-1,IDLE,0
C3B93D0B,2758069,2758447.400,2758447400,1000,1910,1935,46,0,FWD,9,,-1,IDLE,0
C3B93D0B,2758070,2758448.400,2758448400,1000,1907,1935,46,0,FWD,9,,-1,IDLE,0
C3B93D0B,2758071,2758449.399,2758449399,999,1909,1935,46,0,FWD,9,,-1,IDLE,0
C3B93D0B,2758072,2758450.400,2758450400,1001,1909,1935,46,0,FWD,9,,-1,IDLE,0
C3B93D0B,2758073,2758451.399,2758451399,999,1906,1935,46,0,FWD,9,,-1,IDLE,0
C3B93D0B,2758074,2758452.400,2758452400,1001,1909,1935,46,0,FWD,9,,-1,IDLE,0
C3B93D0B,2758075,2758453.399,2758453399,999,1909,1935,46,0,FWD,9,,-1,IDLE,0
C3B93D0B,2758076,2758454.400,2758454400,1001,1909,1935,46,0,FWD,9,,-1,IDLE,0
C3B93D0B,2758077,2758455.399,2758455399,999,1907,1935,46,0,FWD,9,,-1,IDLE,0
C3B93D0B,2758078,2758456.400,2758456400,1001,1907,1935,46,0,FWD,9,,-1,IDLE,0
C3B93D0B,2758079,2758457.400,2758457400,1000,1909,1935,46,0,FWD,9,,-1,IDLE,0
C3B93D0B,2758080,2758458.401,2758458401,1001,1907,1935,46,0,FWD,9,,-1,IDLE,0
C3B93D0B,2758081,2758459.725,2758459725,1324,1895,1935,46,0,FWD,41,,-1,IDLE,0
C3B93D0B,2758082,2758460.402,2758460402,677,1898,1935,46,0,FWD,9,,-1,IDLE,0
C3B93D0B,2758083,2758461.401,2758461401,999,1895,1935,46,0,FWD,9,,-1,IDLE,0
C3B93D0B,2758084,2758462.400,2758462400,999,1902,1935,46,0,FWD,9,,-1,IDLE,0
C3B93D0B,2758085,2758465.117,2758465117,2717,1899,1935,45,0,FWD,41,,-1,IDLE,0
C3B93D0B,2758086,2758465.733,2758465733,616,1898,1935,45,0,FWD,9,,-1,IDLE,0
C3B93D0B,2758087,2758465.969,2758465969,236,1899,1935,45,0,FWD,9,,-1,IDLE,0
C3B93D0B,2758088,2758466.400,2758466400,431,1902,1935,45,0,FWD,9,,-1,IDLE,0
C3B93D0B,2758089,2758467.550,2758467550,1150,1903,1935,45,0,FWD,9,,-1,IDLE,0
C3B93D0B,2758090,2758468.400,2758468400,850,1902,1935,45,0,FWD,9,,-1,IDLE,0
C3B93D0B,2758091,2758469.543,2758469543,1143,1901,1935,45,0,FWD,9,,-1,IDLE,0
C3B93D0B,2758092,2758470.400,2758470400,857,1901,1935,45,0,FWD,9,,-1,IDLE,0
C3B93D0B,2758093,2758471.400,2758471400,1000,1901,1935,45,0,FWD,9,,-1,IDLE,0
C3B93D0B,2758094,2758472.400,2758472400,1000,1901,1935,45,0,FWD,9,,-1,IDLE,0
C3B93D0B,2758095,2758473.399,2758473399,999,1903,1935,45,0,FWD,9,,-1,IDLE,0
C3B93D0B,2758096,2758474.400,2758474400,1001,1903,1935,45,0,FWD,9,,-1,IDLE,0
C3B93D0B,2758097,2758475.399,2758475399,999,1903,1935,45,0,FWD,9,,-1,IDLE,0
C3B93D0B,2758098,2758476.400,2758476400,1001,1903,1935,45,0,FWD,9,,-1,IDLE,0
C3B93D0B,2758099,2758477.399,2758477399,999,1899,1935,45,0,FWD,9,,-1,IDLE,0
C3B93D0B,2758100,2758478.400,2758478400,1001,1903,1935,45,0,FWD,9,,-1,IDLE,0
C3B93D0B,2758101,2758479.399,2758479399,999,1903,1935,45,0,FWD,9,,-1,IDLE,0
C3B93D0B,2758102,2758480.400,2758480400,1001,1900,1935,45,0,FWD,9,,-1,IDLE,0
C3B93D0B,2758103,2758481.400,2758481400,1000,1902,1935,45,0,FWD,9,,-1,IDLE,0
C3B93D0B,2758104,2758482.811,2758482811,1411,1902,1935,45,0,FWD,41,,-1,IDLE,0
C3B93D0B,2758105,2758483.399,2758483399,588,1902,1935,45,0,FWD,9,,-1,IDLE,0
C3B93D0B,2758106,2758484.400,2758484400,1001,1902,1935,45,0,FWD,9,,-1,IDLE,0
C3B93D0B,2758107,2758485.399,2758485399,999,1902,1935,45,0,FWD,9,,-1,IDLE,0
C3B93D0B,2758108,2758486.400,2758486400,1001,1901,1935,45,0,FWD,9,,-1,IDLE,0
C3B93D0B,2758109,2758487.399,2758487399,999,1903,1935,45,0,FWD,9,,-1,IDLE,0
C3B93D0B,2758110,2758488.400,2758488400,1001,1901,1935,45,0,FWD,9,,-1,IDLE,0
C3B93D0B,2758111,2758489.399,2758489399,999,1902,1935,45,0,FWD,9,,-1,IDLE,0
C3B93D0B,2758112,2758490.400,2758490400,1001,1901,1935,45,0,FWD,9,,-1,IDLE,0
C3B93D0B,2758113,2758491.399,2758491399,999,1903,1935,45,0,FWD,9,,-1,IDLE,0
C3B93D0B,2758114,2758492.401,2758492401,1002,1902,1935,45,0,FWD,9,,-1,IDLE,0
C3B93D0B,2758115,2758493.399,2758493399,998,1902,1935,45,0,FWD,9,,-1,IDLE,0
C3B93D0B,2758116,2758494.400,2758494400,1001,1900,1935,45,0,FWD,9,,-1,IDLE,0
C3B93D0B,2758117,2758495.399,2758495399,999,1902,1935,45,0,FWD,9,,-1,IDLE,0
C3B93D0B,2758118,2758496.400,2758496400,1001,1903,1935,44,0,FWD,9,,-1,IDLE,0
C3B93D0B,2758119,2758497.399,2758497399,999,1902,1935,44,0,FWD,9,,-1,IDLE,0
C3B93D0B,2758120,2758498.400,2758498400,1001,1904,1935,44,0,FWD,9,,-1,IDLE,0
C3B93D0B,2758121,2758499.399,2758499399,999,1898,1935,44,0,FWD,9,,-1,IDLE,0
C3B93D0B,2758122,2758500.400,2758500400,1001,1903,1935,44,0,FWD,9,,-1,IDLE,0
C3B93D0B,2758123,2758501.413,2758501413,1013,1901,1935,44,0,FWD,9,,-1,IDLE,0
C3B93D0B,2758124,2758502.401,2758502401,988,1903,1935,44,0,FWD,9,,-1,IDLE,0
C3B93D0B,2758125,2758503.399,2758503399,998,1904,1935,44,0,FWD,9,,-1,IDLE,0
C3B93D0B,2758126,2758504.400,2758504400,1001,1904,1935,44,0,FWD,9,,-1,IDLE,0
C3B93D0B,2758127,2758505.399,2758505399,999,1899,1935,44,0,FWD,9,,-1,IDLE,0
C3B93D0B,2758128,2758506.400,2758506400,1001,1901,1935,44,0,FWD,9,,-1,IDLE,0
C3B93D0B,2758129,2758507.399,2758507399,999,1903,1935,44,0,FWD,9,,-1,IDLE,0
C3B93D0B,2758130,2758508.400,2758508400,1001,1903,1935,44,0,FWD,9,,-1,IDLE,0
C3B93D0B,2758131,2758509.399,2758509399,999,1903,1935,44,0,FWD,9,,-1,IDLE,0
C3B93D0B,2758132,2758510.400,2758510400,1001,1901,1935,44,0,FWD,9,,-1,IDLE,0
C3B93D0B,2758133,2758511.399,2758511399,999,1903,1935,44,0,FWD,9,,-1,IDLE,0
C3B93D0B,2758134,2758512.401,2758512401,1002,1901,1935,44,0,FWD,9,,-1,IDLE,0
C3B93D0B,2758135,2758513.399,2758513399,998,1903,1935,44,0,FWD,9,,-1,IDLE,0
C3B93D0B,2758136,2758514.400,2758514400,1001,1903,1935,44,0,FWD,9,,-1,IDLE,0
C3B93D0B,2758137,2758515.399,2758515399,999,1902,1935,44,0,FWD,9,,-1,IDLE,0
C3B93D0B,2758138,2758516.400,2758516400,1001,1902,1935,44,0,FWD,9,,-1,IDLE,0
C3B93D0B,2758139,2758517.399,2758517399,999,1902,1935,44,0,FWD,9,,-1,IDLE,0
C3B93D0B,2758140,2758518.400,2758518400,1001,1903,1935,44,0,FWD,9,,-1,IDLE,0
C3B93D0B,2758141,2758519.399,2758519399,999,1902,1935,44,0,FWD,9,,-1,IDLE,0
C3B93D0B,2758142,2758520.400,2758520400,1001,1901,1935,44,0,FWD,9,,-1,IDLE,0
C3B93D0B,2758143,2758521.399,2758521399,999,1902,1935,44,0,FWD,9,,-1,IDLE,0
C3B93D0B,2758144,2758522.401,2758522401,1002,1902,1935,44,0,FWD,9,,-1,IDLE,0
C3B93D0B,2758145,2758523.399,2758523399,998,1901,1935,44,0,FWD,9,,-1,IDLE,0
C3B93D0B,2758146,2758524.400,2758524400,1001,1903,1935,44,0,FWD,9,,-1,IDLE,0
C3B93D0B,2758147,2758525.399,2758525399,999,1903,1935,44,0,FWD,9,,-1,IDLE,0
C3B93D0B,2758148,2758526.400,2758526400,1001,1902,1935,44,0,FWD,9,,-1,IDLE,0
C3B93D0B,2758149,2758527.399,2758527399,999,1901,1935,44,0,FWD,9,,-1,IDLE,0
C3B93D0B,2758150,2758528.400,2758528400,1001,1903,1935,43,0,FWD,9,,-1,IDLE,0
C3B93D0B,2758151,2758529.399,2758529399,999,1902,1935,43,0,FWD,9,,-1,IDLE,0
C3B93D0B,2758152,2758530.400,2758530400,1001,1902,1935,43,0,FWD,9,,-1,IDLE,0
C3B93D0B,2758153,2758531.399,2758531399,999,1903,1935,43,0,FWD,9,,-1,IDLE,0
C3B93D0B,2758154,2758532.401,2758532401,1002,1901,1935,43,0,FWD,9,,-1,IDLE,0
C3B93D0B,2758155,2758533.399,2758533399,998,1903,1935,43,0,FWD,9,,-1,IDLE,0
C3B93D0B,2758156,2758534.400,2758534400,1001,1900,1935,43,0,FWD,9,,-1,IDLE,0
C3B93D0B,2758157,2758535.399,2758535399,999,1903,1935,43,0,FWD,9,,-1,IDLE,0
C3B93D0B,2758158,2758536.400,2758536400,1001,1899,1935,43,0,FWD,9,,-1,IDLE,0
C3B93D0B,2758159,2758537.399,2758537399,999,1902,1935,43,0,FWD,9,,-1,IDLE,0
C3B93D0B,2758160,2758538.400,2758538400,1001,1901,1935,43,0,FWD,9,,-1,IDLE,0
C3B93D0B,2758161,2758539.399,2758539399,999,1902,1935,43,0,FWD,9,,-1,IDLE,0
C3B93D0B,2758162,2758540.400,2758540400,1001,1901,1935,43,0,FWD,9,,-1,IDLE,0
C3B93D0B,2758163,2758541.399,2758541399,999,1903,1935,43,0,FWD,9,,-1,IDLE,0
C3B93D0B,2758164,2758542.401,2758542401,1002,1902,1935,43,0,FWD,9,,-1,IDLE,0
C3B93D0B,2758165,2758543.399,2758543399,998,1902,1935,43,0,FWD,9,,-1,IDLE,0
C3B93D0B,2758166,2758544.400,2758544400,1001,1903,1935,43,0,FWD,9,,-1,IDLE,0
C3B93D0B,2758167,2758545.399,2758545399,999,1902,1935,43,0,FWD,9,,-1,IDLE,0
C3B93D0B,2758168,2758546.400,2758546400,1001,1902,1935,43,0,FWD,9,,-1,IDLE,0
C3B93D0B,2758169,2758547.399,2758547399,999,1902,1935,43,0,FWD,9,,-1,IDLE,0
C3B93D0B,2758170,2758548.400,2758548400,1001,1899,1935,43,0,FWD,9,,-1,IDLE,0
C3B93D0B,2758171,2758549.399,2758549399,999,1902,1935,43,0,FWD,9,,-1,IDLE,0
C3B93D0B,2758172,2758550.400,2758550400,1001,1903,1935,43,0,FWD,9,,-1,IDLE,0
C3B93D0B,2758173,2758551.399,2758551399,999,1902,1935,43,0,FWD,9,,-1,IDLE,0
C3B93D0B,2758174,2758552.401,2758552401,1002,1901,1935,43,0,FWD,9,,-1,IDLE,0
C3B93D0B,2758175,2758553.399,2758553399,998,1903,1935,43,0,FWD,9,,-1,IDLE,0
C3B93D0B,2758176,2758554.400,2758554400,1001,1903,1935,43,0,FWD,9,,-1,IDLE,0
C3B93D0B,2758177,2758555.399,2758555399,999,1902,1935,43,0,FWD,9,,-1,IDLE,0
C3B93D0B,2758178,2758556.538,2758556538,1139,1901,1935,43,0,FWD,9,,-1,IDLE,0
C3B93D0B,2758179,2758557.399,2758557399,861,1903,1935,43,0,FWD,9,,-1,IDLE,0
C3B93D0B,2758180,2758558.400,2758558400,1001,1901,1935,43,0,FWD,9,,-1,IDLE,0
C3B93D0B,2758181,2758559.399,2758559399,999,1903,1935,43,0,FWD,9,,-1,IDLE,0
C3B93D0B,2758182,2758560.400,2758560400,1001,1901,1935,42,0,FWD,9,,-1,IDLE,0
C3B93D0B,2758183,2758561.399,2758561399,999,1904,1935,42,0,FWD,9,,-1,IDLE,0
C3B93D0B,2758184,2758562.401,2758562401,1002,1910,1935,42,0,FWD,9,,-1,IDLE,0
C3B93D0B,2758185,2758563.399,2758563399,998,1910,1935,42,0,FWD,9,,-1,IDLE,0
C3B93D0B,2758186,2758564.400,2758564400,1001,1909,1935,42,0,FWD,9,,-1,IDLE,0
C3B93D0B,2758187,2758565.399,2758565399,999,1910,1935,42,0,FWD,9,,-1,IDLE,0
C3B93D0B,2758188,2758566.868,2758566868,1469,1902,1935,42,0,FWD,41,,-1,IDLE,0
C3B93D0B,2758189,2758567.399,2758567399,531,1902,1935,42,0,FWD,9,,-1,IDLE,0
C3B93D0B,2758190,2758568.399,2758568399,1000,1902,1935,42,0,FWD,9,,-1,IDLE,0
C3B93D0B,2758191,2758569.400,2758569400,1001,1901,1935,42,0,FWD,9,,-1,IDLE,0
C3B93D0B,2758192,2758570.399,2758570399,999,1902,1935,42,0,FWD,9,,-1,IDLE,0
C3B93D0B,2758193,2758572.057,2758572057,1658,1911,1935,42,0,FWD,41,,-1,IDLE,0
C3B93D0B,2758194,2758572.403,2758572403,346,1911,1935,42,0,FWD,9,,-1,IDLE,0
C3B93D0B,2758195,2758573.400,2758573400,997,1912,1935,42,0,FWD,9,,-1,IDLE,0
C3B93D0B,2758196,2758574.399,2758574399,999,1910,1935,42,0,FWD,9,,-1,IDLE,0
C3B93D0B,2758197,2758575.400,2758575400,1001,1910,1935,42,0,FWD,9,,-1,IDLE,0
C3B93D0B,2758198,2758576.399,2758576399,999,1909,1935,42,0,FWD,9,,-1,IDLE,0
C3B93D0B,2758199,2758577.400,2758577400,1001,1911,1935,42,0,FWD,9,,-1,IDLE,0
C3B93D0B,2758200,2758578.399,2758578399,999,1910,1935,42,0,FWD,9,,-1,IDLE,0
C3B93D0B,2758201,2758579.400,2758579400,1001,1910,1935,42,0,FWD,9,,-1,IDLE,0
C3B93D0B,2758202,2758580.399,2758580399,999,1910,1935,42,0,FWD,9,,-1,IDLE,0
C3B93D0B,2758203,2758581.400,2758581400,1001,1908,1935,42,0,FWD,9,,-1,IDLE,0
C3B93D0B,2758204,2758582.400,2758582400,1000,1911,1935,42,0,FWD,9,,-1,IDLE,0
C3B93D0B,2758205,2758584.195,2758584195,1795,1901,1935,42,0,FWD,41,,-1,IDLE,0
C3B93D0B,2758206,2758584.504,2758584504,309,1898,1935,42,0,FWD,9,,-1,IDLE,0
C3B93D0B,2758207,2758585.400,2758585400,896,1899,1935,42,0,FWD,9,,-1,IDLE,0
C3B93D0B,2758208,2758586.399,2758586399,999,1901,1935,42,0,FWD,9,,-1,IDLE,0
C3B93D0B,2758209,2758587.400,2758587400,1001,1899,1935,42,0,FWD,9,,-1,IDLE,0
C3B93D0B,2758210,2758588.399,2758588399,999,1901,1935,42,0,FWD,9,,-1,IDLE,0
C3B93D0B,2758211,2758589.400,2758589400,1001,1899,1935,42,0,FWD,9,,-1,IDLE,0
C3B93D0B,2758212,2758590.399,2758590399,999,1903,1935,42,0,FWD,9,,-1,IDLE,0
C3B93D0B,2758213,2758591.400,2758591400,1001,1901,1935,41,0,FWD,9,,-1,IDLE,0
C3B93D0B,2758214,2758592.400,2758592400,1000,1900,1935,41,0,FWD,9,,-1,IDLE,0
C3B93D0B,2758215,2758593.400,2758593400,1000,1902,1935,41,0,FWD,9,,-1,IDLE,0
C3B93D0B,2758216,2758594.399,2758594399,999,1902,1935,41,0,FWD,9,,-1,IDLE,0
C3B93D0B,2758217,2758595.400,2758595400,1001,1901,1935,41,0,FWD,9,,-1,IDLE,0
C3B93D0B,2758218,2758596.399,2758596399,999,1902,1935,41,0,FWD,9,,-1,IDLE,0
C3B93D0B,2758219,2758597.400,2758597400,1001,1901,1935,41,0,FWD,9,,-1,IDLE,0
C3B93D0B,2758220,2758598.399,2758598399,999,1902,1935,41,0,FWD,9,,-1,IDLE,0
C3B93D0B,2758221,2758599.400,2758599400,1001,1901,1935,41,0,FWD,9,,-1,IDLE,0
C3B93D0B,2758222,2758600.399,2758600399,999,1901,1935,41,0,FWD,9,,-1,IDLE,0
C3B93D0B,2758223,2758601.400,2758601400,1001,1903,1935,41,0,FWD,9,,-1,IDLE,0
C3B93D0B,2758224,2758602.400,2758602400,1000,1903,1935,41,0,FWD,9,,-1,IDLE,0
C3B93D0B,2758225,2758603.400,2758603400,1000,1904,1935,41,0,FWD,9,,-1,IDLE,0
C3B93D0B,2758226,2758604.399,2758604399,999,1901,1935,41,0,FWD,9,,-1,IDLE,0
C3B93D0B,2758227,2758605.400,2758605400,1001,1903,1935,41,0,FWD,9,,-1,IDLE,0
C3B93D0B,2758228,2758606.399,2758606399,999,1901,1935,41,0,FWD,9,,-1,IDLE,0
C3B93D0B,2758229,2758607.400,2758607400,1001,1901,1935,41,0,FWD,9,,-1,IDLE,0
C3B93D0B,2758230,2758608.399,2758608399,999,1902,1935,41,0,FWD,9,,-1,IDLE,0
C3B93D0B,2758231,2758609.400,2758609400,1001,1902,1935,41,0,FWD,9,,-1,IDLE,0
C3B93D0B,2758232,2758610.399,2758610399,999,1903,1935,41,0,FWD,9,,-1,IDLE,0
C3B93D0B,2758233,2758611.400,2758611400,1001,1899,1935,41,0,FWD,9,,-1,IDLE,0
C3B93D0B,2758234,2758612.400,2758612400,1000,1902,1935,41,0,FWD,9,,-1,IDLE,0
C3B93D0B,2758235,2758613.400,2758613400,1000,1903,1935,41,0,FWD,9,,-1,IDLE,0
C3B93D0B,2758236,2758614.399,2758614399,999,1903,1935,41,0,FWD,9,,-1,IDLE,0
C3B93D0B,2758237,2758615.400,2758615400,1001,1903,1935,41,0,FWD,9,,-1,IDLE,0
C3B93D0B,2758238,2758616.399,2758616399,999,1902,1935,41,0,FWD,9,,-1,IDLE,0
C3B93D0B,2758239,2758617.400,2758617400,1001,1902,1935,41,0,FWD,9,,-1,IDLE,0
C3B93D0B,2758240,2758618.399,2758618399,999,1903,1935,41,0,FWD,9,,-1,IDLE,0
C3B93D0B,2758241,2758619.400,2758619400,1001,1902,1935,41,0,FWD,9,,-1,IDLE,0
C3B93D0B,2758242,2758620.399,2758620399,999,1902,1935,41,0,FWD,9,,-1,IDLE,0
C3B93D0B,2758243,2758621.400,2758621400,1001,1903,1935,41,0,FWD,9,,-1,IDLE,0
C3B93D0B,2758244,2758622.400,2758622400,1000,1903,1935,41,0,FWD,9,,-1,IDLE,0
C3B93D0B,2758245,2758623.400,2758623400,1000,1902,1935,40,0,FWD,9,,-1,IDLE,0
C3B93D0B,2758246,2758624.399,2758624399,999,1901,1935,40,0,FWD,9,,-1,IDLE,0
C3B93D0B,2758247,2758625.400,2758625400,1001,1901,1935,40,0,FWD,9,,-1,IDLE,0
C3B93D0B,2758248,2758626.399,2758626399,999,1902,1935,40,0,FWD,9,,-1,IDLE,0
C3B93D0B,2758249,2758627.400,2758627400,1001,1901,1935,40,0,FWD,9,,-1,IDLE,0
C3B93D0B,2758250,2758628.399,2758628399,999,1903,1935,40,0,FWD,9,,-1,IDLE,0
C3B93D0B,2758251,2758629.400,2758629400,1001,1902,1935,40,0,FWD,9,,-1,IDLE,0
C3B93D0B,2758252,2758630.399,2758630399,999,1904,1935,40,0,FWD,9,,-1,IDLE,0
C3B93D0B,2758253,2758631.400,2758631400,1001,1903,1935,40,0,FWD,9,,-1,IDLE,0
C3B93D0B,2758254,2758632.400,2758632400,1000,1901,1935,40,0,FWD,9,,-1,IDLE,0
C3B93D0B,2758255,2758633.400,2758633400,1000,1904,1935,40,0,FWD,9,,-1,IDLE,0
C3B93D0B,2758256,2758634.399,2758634399,999,1903,1935,40,0,FWD,9,,-1,IDLE,0
C3B93D0B,2758257,2758635.400,2758635400,1001,1903,1935,40,0,FWD,9,,-1,IDLE,0
C3B93D0B,2758258,2758636.402,2758636402,1002,1901,1935,40,0,FWD,9,,-1,IDLE,0
C3B93D0B,2758259,2758637.400,2758637400,998,1902,1935,40,0,FWD,9,,-1,IDLE,0
C3B93D0B,2758260,2758638.399,2758638399,999,1903,1935,40,0,FWD,9,,-1,IDLE,0
C3B93D0B,2758261,2758639.400,2758639400,1001,1902,1935,40,0,FWD,9,,-1,IDLE,0
C3B93D0B,2758262,2758640.399,2758640399,999,1902,1935,40,0,FWD,9,,-1,IDLE,0
C3B93D0B,2758263,2758641.400,2758641400,1001,1903,1935,40,0,FWD,9,,-1,IDLE,0
C3B93D0B,2758264,2758642.403,2758642403,1003,1914,1935,40,0,FWD,9,,-1,IDLE,0
C3B93D0B,2758265,2758643.400,2758643400,997,1913,1935,40,0,FWD,9,,-1,IDLE,0
C3B93D0B,2758266,2758644.399,2758644399,999,1911,1935,40,0,FWD,9,,-1,IDLE,0
C3B93D0B,2758267,2758645.400,2758645400,1001,1910,1935,40,0,FWD,9,,-1,IDLE,0
C3B93D0B,2758268,2758646.399,2758646399,999,1909,1935,40,0,FWD,9,,-1,IDLE,0
C3B93D0B,2758269,2758647.400,2758647400,1001,1910,1935,40,0,FWD,9,,-1,IDLE,0
C3B93D0B,2758270,2758648.399,2758648399,999,1909,1935,40,0,FWD,9,,-1,IDLE,0
C3B93D0B,2758271,2758649.400,2758649400,1001,1909,1935,40,0,FWD,9,,-1,IDLE,0
C3B93D0B,2758272,2758650.399,2758650399,999,1910,1935,40,0,FWD,9,,-1,IDLE,0
C3B93D0B,2758273,2758651.400,2758651400,1001,1910,1935,40,0,FWD,9,,-1,IDLE,0
C3B93D0B,2758274,2758652.400,2758652400,1000,1910,1935,40,0,FWD,9,,-1,IDLE,0
C3B93D0B,2758275,2758653.400,2758653400,1000,1910,1935,40,0,FWD,9,,-1,IDLE,0
C3B93D0B,2758276,2758654.399,2758654399,999,1909,1935,40,0,FWD,9,,-1,IDLE,0
C3B93D0B,2758277,2758655.400,2758655400,1001,1909,1935,39,0,FWD,9,,-1,IDLE,0
C3B93D0B,2758278,2758656.399,2758656399,999,1910,1935,39,0,FWD,9,,-1,IDLE,0
C3B93D0B,2758279,2758657.400,2758657400,1001,1911,1935,39,0,FWD,9,,-1,IDLE,0
C3B93D0B,2758280,2758658.399,2758658399,999,1909,1935,39,0,FWD,9,,-1,IDLE,0
C3B93D0B,2758281,2758659.400,2758659400,1001,1910,1935,39,0,FWD,9,,-1,IDLE,0
C3B93D0B,2758282,2758660.399,2758660399,999,1909,1935,39,0,FWD,9,,-1,IDLE,0
C3B93D0B,2758283,2758661.400,2758661400,1001,1909,1935,39,0,FWD,9,,-1,IDLE,0
C3B93D0B,2758284,2758662.400,2758662400,1000,1907,1935,39,0,FWD,9,,-1,IDLE,0
C3B93D0B,2758285,2758663.400,2758663400,1000,1909,1935,39,0,FWD,9,,-1,IDLE,0
C3B93D0B,2758286,2758664.399,2758664399,999,1909,1935,39,0,FWD,9,,-1,IDLE,0
C3B93D0B,2758287,2758665.400,2758665400,1001,1910,1935,39,0,FWD,9,,-1,IDLE,0
C3B93D0B,2758288,2758666.587,2758666587,1187,1910,1935,39,0,FWD,9,,-1,IDLE,0
C3B93D0B,2758289,2758667.400,2758667400,813,1909,1935,39,0,FWD,9,,-1,IDLE,0
C3B93D0B,2758290,2758668.399,2758668399,999,1901,1935,39,0,FWD,9,,-1,IDLE,0
C3B93D0B,2758291,2758669.400,2758669400,1001,1900,1935,39,0,FWD,9,,-1,IDLE,0
C3B93D0B,2758292,2758670.399,2758670399,999,1901,1935,39,0,FWD,9,,-1,IDLE,0
C3B93D0B,2758293,2758671.400,2758671400,1001,1901,1935,39,0,FWD,9,,-1,IDLE,0
C3B93D0B,2758294,2758672.400,2758672400,1000,1901,1935,39,0,FWD,9,,-1,IDLE,0
C3B93D0B,2758295,2758673.400,2758673400,1000,1902,1935,39,0,FWD,9,,-1,IDLE,0
C3B93D0B,2758296,2758674.486,2758674486,1086,1910,1935,39,0,FWD,9,,-1,IDLE,0
C3B93D0B,2758297,2758675.400,2758675400,914,1911,1935,39,0,FWD,9,,-1,IDLE,0
C3B93D0B,2758298,2758676.399,2758676399,999,1910,1935,39,0,FWD,9,,-1,IDLE,0
C3B93D0B,2758299,2758677.400,2758677400,1001,1910,1935,39,0,FWD,9,,-1,IDLE,0
C3B93D0B,2758300,2758678.399,2758678399,999,1910,1935,39,0,FWD,9,,-1,IDLE,0
C3B93D0B,2758301,2758679.400,2758679400,1001,1907,1935,39,0,FWD,9,,-1,IDLE,0
C3B93D0B,2758302,2758680.399,2758680399,999,1909,1935,39,0,FWD,9,,-1,IDLE,0
C3B93D0B,2758303,2758681.400,2758681400,1001,1908,1935,39,0,FWD,9,,-1,IDLE,0
C3B93D0B,2758304,2758682.400,2758682400,1000,1909,1935,39,0,FWD,9,,-1,IDLE,0
C3B93D0B,2758305,2758684.194,2758684194,1794,1901,1935,39,0,FWD,41,,-1,IDLE,0
C3B93D0B,2758306,2758684.500,2758684500,306,1901,1935,39,0,FWD,9,,-1,IDLE,0
C3B93D0B,2758307,2758685.400,2758685400,900,1898,1935,39,0,FWD,9,,-1,IDLE,0
C3B93D0B,2758308,2758686.399,2758686399,999,1899,1935,39,0,FWD,9,,-1,IDLE,0
C3B93D0B,2758309,2758687.400,2758687400,1001,1902,1935,38,0,FWD,9,,-1,IDLE,0
C3B93D0B,2758310,2758688.399,2758688399,999,1901,1935,38,0,FWD,9,,-1,IDLE,0
C3B93D0B,2758311,2758689.400,2758689400,1001,1904,1935,38,0,FWD,9,,-1,IDLE,0
C3B93D0B,2758312,2758690.561,2758690561,1161,1901,1935,38,0,FWD,9,,-1,IDLE,0
C3B93D0B,2758313,2758691.400,2758691400,839,1903,1935,38,0,FWD,9,,-1,IDLE,0
C3B93D0B,2758314,2758692.400,2758692400,1000,1899,1935,38,0,FWD,9,,-1,IDLE,0
C3B93D0B,2758315,2758693.400,2758693400,1000,1902,1935,38,0,FWD,9,,-1,IDLE,0
C3B93D0B,2758316,2758694.399,2758694399,999,1903,1935,38,0,FWD,9,,-1,IDLE,0
C3B93D0B,2758317,2758695.400,2758695400,1001,1902,1935,38,0,FWD,9,,-1,IDLE,0
C3B93D0B,2758318,2758696.399,2758696399,999,1903,1935,38,0,FWD,9,,-1,IDLE,0
C3B93D0B,2758319,2758697.400,2758697400,1001,1902,1935,38,0,FWD,9,,-1,IDLE,0
C3B93D0B,2758320,2758698.399,2758698399,999,1903,1935,38,0,FWD,9,,-1,IDLE,0
C3B93D0B,2758321,2758699.400,2758699400,1001,1903,1935,38,0,FWD,9,,-1,IDLE,0
C3B93D0B,2758322,2758700.399,2758700399,999,1904,1935,38,0,FWD,9,,-1,IDLE,0
C3B93D0B,2758323,2758701.400,2758701400,1001,1903,1935,38,0,FWD,9,,-1,IDLE,0
C3B93D0B,2758324,2758702.400,2758702400,1000,1902,1935,38,0,FWD,9,,-1,IDLE,0
C3B93D0B,2758325,2758703.400,2758703400,1000,1903,1935,38,0,FWD,9,,-1,IDLE,0
C3B93D0B,2758326,2758704.399,2758704399,999,1904,1935,38,0,FWD,9,,-1,IDLE,0
C3B93D0B,2758327,2758705.400,2758705400,1001,1903,1935,38,0,FWD,9,,-1,IDLE,0
C3B93D0B,2758328,2758706.399,2758706399,999,1903,1935,38,0,FWD,9,,-1,IDLE,0
C3B93D0B,2758329,2758707.400,2758707400,1001,1901,1935,38,0,FWD,9,,-1,IDLE,0
C3B93D0B,2758330,2758708.399,2758708399,999,1902,1935,38,0,FWD,9,,-1,IDLE,0
C3B93D0B,2758331,2758709.400,2758709400,1001,1903,1935,38,0,FWD,9,,-1,IDLE,0
C3B93D0B,2758332,2758710.399,2758710399,999,1904,1935,38,0,FWD,9,,-1,IDLE,0
C3B93D0B,2758333,2758711.400,2758711400,1001,1903,1935,38,0,FWD,9,,-1,IDLE,0
C3B93D0B,2758334,2758712.400,2758712400,1000,1903,1935,38,0,FWD,9,,-1,IDLE,0
C3B93D0B,2758335,2758713.400,2758713400,1000,1901,1935,38,0,FWD,9,,-1,IDLE,0
C3B93D0B,2758336,2758714.399,2758714399,999,1904,1935,38,0,FWD,9,,-1,IDLE,0
C3B93D0B,2758337,2758715.400,2758715400,1001,1901,1935,38,0,FWD,9,,-1,IDLE,0
C3B93D0B,2758338,2758716.399,2758716399,999,1901,1935,38,0,FWD,9,,-1,IDLE,0
C3B93D0B,2758339,2758717.400,2758717400,1001,1902,1935,38,0,FWD,9,,-1,IDLE,0
C3B93D0B,2758340,2758718.399,2758718399,999,1903,1935,38,0,FWD,9,,-1,IDLE,0
C3B93D0B,2758341,2758719.400,2758719400,1001,1903,1935,37,0,FWD,9,,-1,IDLE,0
C3B93D0B,2758342,2758720.399,2758720399,999,1902,1935,37,0,FWD,9,,-1,IDLE,0
C3B93D0B,2758343,2758721.400,2758721400,1001,1904,1935,37,0,FWD,9,,-1,IDLE,0
C3B93D0B,2758344,2758722.400,2758722400,1000,1903,1935,37,0,FWD,9,,-1,IDLE,0
C3B93D0B,2758345,2758723.400,2758723400,1000,1903,1935,37,0,FWD,9,,-1,IDLE,0
C3B93D0B,2758346,2758724.399,2758724399,999,1904,1935,37,0,FWD,9,,-1,IDLE,0
C3B93D0B,2758347,2758725.400,2758725400,1001,1902,1935,37,0,FWD,9,,-1,IDLE,0
C3B93D0B,2758348,2758726.399,2758726399,999,1903,1935,37,0,FWD,9,,-1,IDLE,0
C3B93D0B,2758349,2758727.400,2758727400,1001,1902,1935,37,0,FWD,9,,-1,IDLE,0
C3B93D0B,2758350,2758728.399,2758728399,999,1903,1935,37,0,FWD,9,,-1,IDLE,0
C3B93D0B,2758351,2758729.400,2758729400,1001,1904,1935,37,0,FWD,9,,-1,IDLE,0
C3B93D0B,2758352,2758730.399,2758730399,999,1901,1935,37,0,FWD,9,,-1,IDLE,0
C3B93D0B,2758353,2758731.400,2758731400,1001,1899,1935,37,0,FWD,9,,-1,IDLE,0
C3B93D0B,2758354,2758732.400,2758732400,1000,1903,1935,37,0,FWD,9,,-1,IDLE,0
C3B93D0B,2758355,2758733.400,2758733400,1000,1901,1935,37,0,FWD,9,,-1,IDLE,0
C3B93D0B,2758356,2758734.399,2758734399,999,1902,1935,37,0,FWD,9,,-1,IDLE,0
C3B93D0B,2758357,2758735.400,2758735400,1001,1903,1935,37,0,FWD,9,,-1,IDLE,0
C3B93D0B,2758358,2758736.399,2758736399,999,1903,1935,37,0,FWD,9,,-1,IDLE,0
C3B93D0B,2758359,2758737.400,2758737400,1001,1903,1935,37,0,FWD,9,,-1,IDLE,0
C3B93D0B,2758360,2758738.399,2758738399,999,1903,1935,37,0,FWD,9,,-1,IDLE,0
C3B93D0B,2758361,2758739.400,2758739400,1001,1903,1935,37,0,FWD,9,,-1,IDLE,0
C3B93D0B,2758362,2758740.399,2758740399,999,1901,1935,37,0,FWD,9,,-1,IDLE,0
C3B93D0B,2758363,2758741.400,2758741400,1001,1901,1935,37,0,FWD,9,,-1,IDLE,0
C3B93D0B,2758364,2758742.400,2758742400,1000,1903,1935,37,0,FWD,9,,-1,IDLE,0
C3B93D0B,2758365,2758743.400,2758743400,1000,1900,1935,37,0,FWD,9,,-1,IDLE,0
C3B93D0B,2758366,2758744.399,2758744399,999,1902,1935,37,0,FWD,9,,-1,IDLE,0
C3B93D0B,2758367,2758745.400,2758745400,1001,1902,1935,37,0,FWD,9,,-1,IDLE,0
C3B93D0B,2758368,2758746.576,2758746576,1176,1913,1935,37,0,FWD,9,,-1,IDLE,0
C3B93D0B,2758369,2758747.400,2758747400,824,1914,1935,37,0,FWD,9,,-1,IDLE,0
C3B93D0B,2758370,2758748.399,2758748399,999,1911,1935,37,0,FWD,9,,-1,IDLE,0
C3B93D0B,2758371,2758749.400,2758749400,1001,1911,1935,37,0,FWD,9,,-1,IDLE,0
C3B93D0B,2758372,2758750.399,2758750399,999,1911,1935,37,0,FWD,9,,-1,IDLE,0
C3B93D0B,2758373,2758751.400,2758751400,1001,1909,1935,36,0,FWD,9,,-1,IDLE,0
C3B93D0B,2758374,2758752.400,2758752400,1000,1910,1935,36,0,FWD,9,,-1,IDLE,0
C3B93D0B,2758375,2758753.698,2758753698,1298,1906,1935,36,0,FWD,41,,-1,IDLE,0
C3B93D0B,2758376,2758754.877,2758754877,1179,1901,1935,36,0,FWD,9,,-1,IDLE,0
C3B93D0B,2758377,2758755.399,2758755399,522,1903,1935,36,0,FWD,9,,-1,IDLE,0
C3B93D0B,2758378,2758756.399,2758756399,1000,1901,1935,36,0,FWD,9,,-1,IDLE,0
C3B93D0B,2758379,2758757.400,2758757400,1001,1900,1935,36,0,FWD,9,,-1,IDLE,0
C3B93D0B,2758380,2758758.399,2758758399,999,1901,1935,36,0,FWD,9,,-1,IDLE,0
C3B93D0B,2758381,2758759.400,2758759400,1001,1901,1935,36,0,FWD,9,,-1,IDLE,0
C3B93D0B,2758382,2758760.399,2758760399,999,1901,1935,36,0,FWD,9,,-1,IDLE,0
C3B93D0B,2758383,2758761.400,2758761400,1001,1903,1935,36,0,FWD,9,,-1,IDLE,0
C3B93D0B,2758384,2758762.399,2758762399,999,1902,1935,36,0,FWD,9,,-1,IDLE,0
C3B93D0B,2758385,2758763.401,2758763401,1002,1902,1935,36,0,FWD,9,,-1,IDLE,0
C3B93D0B,2758386,2758764.399,2758764399,998,1903,1935,36,0,FWD,9,,-1,IDLE,0
C3B93D0B,2758387,2758765.400,2758765400,1001,1901,1935,36,0,FWD,9,,-1,IDLE,0
C3B93D0B,2758388,2758766.399,2758766399,999,1901,1935,36,0,FWD,9,,-1,IDLE,0
C3B93D0B,2758389,2758767.400,2758767400,1001,1902,1935,36,0,FWD,9,,-1,IDLE,0
C3B93D0B,2758390,2758768.399,2758768399,999,1903,1935,36,0,FWD,9,,-1,IDLE,0
C3B93D0B,2758391,2758769.400,2758769400,1001,1903,1935,36,0,FWD,9,,-1,IDLE,0
C3B93D0B,2758392,2758770.399,2758770399,999,1904,1935,36,0,FWD,9,,-1,IDLE,0
C3B93D0B,2758393,2758771.400,2758771400,1001,1901,1935,36,0,FWD,9,,-1,IDLE,0
C3B93D0B,2758394,2758772.399,2758772399,999,1902,1935,36,0,FWD,9,,-1,IDLE,0
C3B93D0B,2758395,2758773.401,2758773401,1002,1903,1935,36,0,FWD,9,,-1,IDLE,0
C3B93D0B,2758396,2758774.399,2758774399,998,1903,1935,36,0,FWD,9,,-1,IDLE,0
C3B93D0B,2758397,2758775.400,2758775400,1001,1902,1935,36,0,FWD,9,,-1,IDLE,0
C3B93D0B,2758398,2758776.587,2758776587,1187,1904,1935,36,0,FWD,9,,-1,IDLE,0
C3B93D0B,2758399,2758777.400,2758777400,813,1903,1935,36,0,FWD,9,,-1,IDLE,0
C3B93D0B,2758400,2758778.399,2758778399,999,1904,1935,36,0,FWD,9,,-1,IDLE,0
C3B93D0B,2758401,2758779.400,2758779400,1001,1901,1935,36,0,FWD,9,,-1,IDLE,0
C3B93D0B,2758402,2758780.399,2758780399,999,1902,1935,36,0,FWD,9,,-1,IDLE,0
C3B93D0B,2758403,2758781.400,2758781400,1001,1904,1935,36,0,FWD,9,,-1,IDLE,0
C3B93D0B,2758404,2758782.399,2758782399,999,1901,1935,36,0,FWD,9,,-1,IDLE,0
C3B93D0B,2758405,2758783.401,2758783401,1002,1902,1935,36,0,FWD,9,,-1,IDLE,0
C3B93D0B,2758406,2758784.759,2758784759,1358,1904,1935,35,0,FWD,41,,-1,IDLE,0
C3B93D0B,2758407,2758785.399,2758785399,640,1902,1935,35,0,FWD,9,,-1,IDLE,0
C3B93D0B,2758408,2758786.400,2758786400,1001,1902,1935,35,0,FWD,9,,-1,IDLE,0
C3B93D0B,2758409,2758787.399,2758787399,999,1900,1935,35,0,FWD,9,,-1,IDLE,0
C3B93D0B,2758410,2758788.400,2758788400,1001,1903,1935,35,0,FWD,9,,-1,IDLE,0
C3B93D0B,2758411,2758789.399,2758789399,999,1904,1935,35,0,FWD,9,,-1,IDLE,0
C3B93D0B,2758412,2758790.400,2758790400,1001,1902,1935,35,0,FWD,9,,-1,IDLE,0
C3B93D0B,2758413,2758791.399,2758791399,999,1902,1935,35,0,FWD,9,,-1,IDLE,0
C3B93D0B,2758414,2758792.400,2758792400,1001,1904,1935,35,0,FWD,9,,-1,IDLE,0
C3B93D0B,2758415,2758793.400,2758793400,1000,1902,1935,35,0,FWD,9,,-1,IDLE,0
C3B93D0B,2758416,2758794.400,2758794400,1000,1903,1935,35,0,FWD,9,,-1,IDLE,0
C3B93D0B,2758417,2758795.399,2758795399,999,1904,1935,35,0,FWD,9,,-1,IDLE,0
C3B93D0B,2758418,2758796.400,2758796400,1001,1903,1935,35,0,FWD,9,,-1,IDLE,0
C3B93D0B,2758419,2758797.399,2758797399,999,1903,1935,35,0,FWD,9,,-1,IDLE,0
C3B93D0B,2758420,2758798.400,2758798400,1001,1904,1935,35,0,FWD,9,,-1,IDLE,0
C3B93D0B,2758421,2758799.399,2758799399,999,1902,1935,35,0,FWD,9,,-1,IDLE,0
C3B93D0B,2758422,2758800.400,2758800400,1001,1901,1935,35,0,FWD,9,,-1,IDLE,0
C3B93D0B,2758423,2758801.399,2758801399,999,1904,1935,35,0,FWD,9,,-1,IDLE,0
C3B93D0B,2758424,2758802.400,2758802400,1001,1899,1935,35,0,FWD,9,,-1,IDLE,0
C3B93D0B,2758425,2758803.400,2758803400,1000,1904,1935,35,0,FWD,9,,-1,IDLE,0
C3B93D0B,2758426,2758804.400,2758804400,1000,1903,1935,35,0,FWD,9,,-1,IDLE,0
C3B93D0B,2758427,2758805.399,2758805399,999,1904,1935,35,0,FWD,9,,-1,IDLE,0
C3B93D0B,2758428,2758806.400,2758806400,1001,1902,1935,35,0,FWD,9,,-1,IDLE,0
C3B93D0B,2758429,2758807.399,2758807399,999,1902,1935,35,0,FWD,9,,-1,IDLE,0
C3B93D0B,2758430,2758808.400,2758808400,1001,1904,1935,35,0,FWD,9,,-1,IDLE,0
C3B93D0B,2758431,2758809.399,2758809399,999,1903,1935,35,0,FWD,9,,-1,IDLE,0
C3B93D0B,2758432,2758810.400,2758810400,1001,1901,1935,35,0,FWD,9,,-1,IDLE,0
C3B93D0B,2758433,2758811.399,2758811399,999,1902,1935,35,0,FWD,9,,-1,IDLE,0
C3B93D0B,2758434,2758812.400,2758812400,1001,1903,1935,35,0,FWD,9,,-1,IDLE,0
C3B93D0B,2758435,2758813.400,2758813400,1000,1904,1935,35,0,FWD,9,,-1,IDLE,0
C3B93D0B,2758436,2758814.400,2758814400,1000,1903,1935,35,0,FWD,9,,-1,IDLE,0
C3B93D0B,2758437,2758815.399,2758815399,999,1904,1935,35,0,FWD,9,,-1,IDLE,0
C3B93D0B,2758438,2758816.400,2758816400,1001,1903,1935,34,0,FWD,9,,-1,IDLE,0
C3B93D0B,2758439,2758817.399,2758817399,999,1903,1935,34,0,FWD,9,,-1,IDLE,0
C3B93D0B,2758440,2758818.400,2758818400,1001,1903,1935,34,0,FWD,9,,-1,IDLE,0
C3B93D0B,2758441,2758819.399,2758819399,999,1902,1935,34,0,FWD,9,,-1,IDLE,0
C3B93D0B,2758442,2758820.400,2758820400,1001,1902,1935,34,0,FWD,9,,-1,IDLE,0
C3B93D0B,2758443,2758821.399,2758821399,999,1903,1935,34,0,FWD,9,,-1,IDLE,0
C3B93D0B,2758444,2758822.400,2758822400,1001,1903,1935,34,0,FWD,9,,-1,IDLE,0
C3B93D0B,2758445,2758823.400,2758823400,1000,1902,1935,34,0,FWD,9,,-1,IDLE,0
C3B93D0B,2758446,2758824.400,2758824400,1000,1902,1935,34,0,FWD,9,,-1,IDLE,0
C3B93D0B,2758447,2758825.399,2758825399,999,1903,1935,34,0,FWD,9,,-1,IDLE,0
C3B93D0B,2758448,2758826.400,2758826400,1001,1903,1935,34,0,FWD,9,,-1,IDLE,0
C3B93D0B,2758449,2758827.399,2758827399,999,1903,1935,34,0,FWD,9,,-1,IDLE,0
C3B93D0B,2758450,2758828.400,2758828400,1001,1904,1935,34,0,FWD,9,,-1,IDLE,0
C3B93D0B,2758451,2758829.399,2758829399,999,1904,1935,34,0,FWD,9,,-1,IDLE,0
C3B93D0B,2758452,2758830.400,2758830400,1001,1902,1935,34,0,FWD,9,,-1,IDLE,0
C3B93D0B,2758453,2758831.399,2758831399,999,1904,1935,34,0,FWD,9,,-1,IDLE,0
C3B93D0B,2758454,2758832.400,2758832400,1001,1904,1935,34,0,FWD,9,,-1,IDLE,0
C3B93D0B,2758455,2758833.400,2758833400,1000,1902,1935,34,0,FWD,9,,-1,IDLE,0
C3B93D0B,2758456,2758834.400,2758834400,1000,1903,1935,34,0,FWD,9,,-1,IDLE,0
C3B93D0B,2758457,2758835.399,2758835399,999,1903,1935,34,0,FWD,9,,-1,IDLE,0
C3B93D0B,2758458,2758836.400,2758836400,1001,1903,1935,34,0,FWD,9,,-1,IDLE,0
C3B93D0B,2758459,2758837.399,2758837399,999,1900,1935,34,0,FWD,9,,-1,IDLE,0
C3B93D0B,2758460,2758838.636,2758838636,1237,1901,1935,34,0,FWD,9,,-1,IDLE,0
C3B93D0B,2758461,2758839.399,2758839399,763,1902,1935,34,0,FWD,9,,-1,IDLE,0
C3B93D0B,2758462,2758840.400,2758840400,1001,1903,1935,34,0,FWD,9,,-1,IDLE,0
C3B93D0B,2758463,2758841.399,2758841399,999,1903,1935,34,0,FWD,9,,-1,IDLE,0
C3B93D0B,2758464,2758842.400,2758842400,1001,1903,1935,34,0,FWD,9,,-1,IDLE,0
C3B93D0B,2758465,2758843.400,2758843400,1000,1904,1935,34,0,FWD,9,,-1,IDLE,0
C3B93D0B,2758466,2758844.400,2758844400,1000,1903,1935,34,0,FWD,9,,-1,IDLE,0
C3B93D0B,2758467,2758845.399,2758845399,999,1902,1935,34,0,FWD,9,,-1,IDLE,0
C3B93D0B,2758468,2758846.450,2758846450,1051,1911,1935,34,0,FWD,9,,-1,IDLE,0
C3B93D0B,2758469,2758847.399,2758847399,949,1911,1935,34,0,FWD,9,,-1,IDLE,0
C3B93D0B,2758470,2758848.400,2758848400,1001,1911,1935,33,0,FWD,9,,-1,IDLE,0
C3B93D0B,2758471,2758849.399,2758849399,999,1911,1935,33,0,FWD,9,,-1,IDLE,0
C3B93D0B,2758472,2758850.400,2758850400,1001,1911,1935,33,0,FWD,9,,-1,IDLE,0
C3B93D0B,2758473,2758851.399,2758851399,999,1911,1935,33,0,FWD,9,,-1,IDLE,0
C3B93D0B,2758474,2758852.400,2758852400,1001,1911,1935,33,0,FWD,9,,-1,IDLE,0
C3B93D0B,2758475,2758853.400,2758853400,1000,1909,1935,33,0,FWD,9,,-1,IDLE,0
C3B93D0B,2758476,2758854.400,2758854400,1000,1911,1935,33,0,FWD,9,,-1,IDLE,0
C3B93D0B,2758477,2758855.399,2758855399,999,1908,1935,33,0,FWD,9,,-1,IDLE,0
C3B93D0B,2758478,2758856.400,2758856400,1001,1910,1935,33,0,FWD,9,,-1,IDLE,0
C3B93D0B,2758479,2758857.399,2758857399,999,1911,1935,33,0,FWD,9,,-1,IDLE,0
C3B93D0B,2758480,2758858.400,2758858400,1001,1909,1935,33,0,FWD,9,,-1,IDLE,0
C3B93D0B,2758481,2758859.399,2758859399,999,1910,1935,33,0,FWD,9,,-1,IDLE,0
C3B93D0B,2758482,2758860.400,2758860400,1001,1911,1935,33,0,FWD,9,,-1,IDLE,0
C3B93D0B,2758483,2758861.399,2758861399,999,1909,1935,33,0,FWD,9,,-1,IDLE,0
C3B93D0B,2758484,2758862.400,2758862400,1001,1910,1935,33,0,FWD,9,,-1,IDLE,0
C3B93D0B,2758485,2758863.400,2758863400,1000,1909,1935,33,0,FWD,9,,-1,IDLE,0
C3B93D0B,2758486,2758864.400,2758864400,1000,1911,1935,33,0,FWD,9,,-1,IDLE,0
C3B93D0B,2758487,2758865.399,2758865399,999,1910,1935,33,0,FWD,9,,-1,IDLE,0
C3B93D0B,2758488,2758866.400,2758866400,1001,1908,1935,33,0,FWD,9,,-1,IDLE,0
C3B93D0B,2758489,2758867.399,2758867399,999,1909,1935,33,0,FWD,9,,-1,IDLE,0
C3B93D0B,2758490,2758868.400,2758868400,1001,1909,1935,33,0,FWD,9,,-1,IDLE,0
C3B93D0B,2758491,2758869.399,2758869399,999,1909,1935,33,0,FWD,9,,-1,IDLE,0
C3B93D0B,2758492,2758870.400,2758870400,1001,1909,1935,33,0,FWD,9,,-1,IDLE,0
C3B93D0B,2758493,2758871.399,2758871399,999,1911,1935,33,0,FWD,9,,-1,IDLE,0
C3B93D0B,2758494,2758872.400,2758872400,1001,1910,1935,33,0,FWD,9,,-1,IDLE,0
C3B93D0B,2758495,2758873.850,2758873850,1450,1898,1935,33,0,FWD,41,,-1,IDLE,0
C3B93D0B,2758496,2758874.399,2758874399,549,1901,1935,33,0,FWD,9,,-1,IDLE,0
C3B93D0B,2758497,2758875.399,2758875399,1000,1902,1935,33,0,FWD,9,,-1,IDLE,0
C3B93D0B,2758498,2758876.400,2758876400,1001,1900,1935,33,0,FWD,9,,-1,IDLE,0
C3B93D0B,2758499,2758877.399,2758877399,999,1904,1935,33,0,FWD,9,,-1,IDLE,0
C3B93D0B,2758500,2758878.400,2758878400,1001,1901,1935,33,0,FWD,9,,-1,IDLE,0
C3B93D0B,2758501,2758879.820,2758879820,1420,1911,1935,33,0,FWD,41,,-1,IDLE,0
C3B93D0B,2758502,2758880.400,2758880400,580,1910,1935,32,0,FWD,9,,-1,IDLE,0
C3B93D0B,2758503,2758881.399,2758881399,999,1909,1935,32,0,FWD,9,,-1,IDLE,0
C3B93D0B,2758504,2758882.400,2758882400,1001,1909,1935,32,0,FWD,9,,-1,IDLE,0
C3B93D0B,2758505,2758883.399,2758883399,999,1908,1935,32,0,FWD,9,,-1,IDLE,0
C3B93D0B,2758506,2758884.401,2758884401,1002,1911,1935,32,0,FWD,9,,-1,IDLE,0
C3B93D0B,2758507,2758886.211,2758886211,1810,1900,1935,32,0,FWD,41,,-1,IDLE,0
C3B93D0B,2758508,2758886.528,2758886528,317,1897,1935,32,0,FWD,9,,-1,IDLE,0
C3B93D0B,2758509,2758887.400,2758887400,872,1901,1935,32,0,FWD,9,,-1,IDLE,0
C3B93D0B,2758510,2758888.399,2758888399,999,1902,1935,32,0,FWD,9,,-1,IDLE,0
C3B93D0B,2758511,2758889.400,2758889400,1001,1903,1935,32,0,FWD,9,,-1,IDLE,0
C3B93D0B,2758512,2758890.399,2758890399,999,1903,1935,32,0,FWD,9,,-1,IDLE,0
C3B93D0B,2758513,2758891.400,2758891400,1001,1903,1935,32,0,FWD,9,,-1,IDLE,0
C3B93D0B,2758514,2758892.399,2758892399,999,1903,1935,32,0,FWD,9,,-1,IDLE,0
C3B93D0B,2758515,2758893.400,2758893400,1001,1902,1935,32,0,FWD,9,,-1,IDLE,0
C3B93D0B,2758516,2758894.400,2758894400,1000,1903,1935,32,0,FWD,9,,-1,IDLE,0
C3B93D0B,2758517,2758895.400,2758895400,1000,1900,1935,32,0,FWD,9,,-1,IDLE,0
C3B93D0B,2758518,2758896.399,2758896399,999,1903,1935,32,0,FWD,9,,-1,IDLE,0
C3B93D0B,2758519,2758897.400,2758897400,1001,1903,1935,32,0,FWD,9,,-1,IDLE,0
C3B93D0B,2758520,2758898.399,2758898399,999,1901,1935,32,0,FWD,9,,-1,IDLE,0
C3B93D0B,2758521,2758899.400,2758899400,1001,1903,1935,32,0,FWD,9,,-1,IDLE,0
C3B93D0B,2758522,2758900.399,2758900399,999,1901,1935,32,0,FWD,9,,-1,IDLE,0
C3B93D0B,2758523,2758901.400,2758901400,1001,1904,1935,32,0,FWD,9,,-1,IDLE,0
C3B93D0B,2758524,2758902.399,2758902399,999,1903,1935,32,0,FWD,9,,-1,IDLE,0
C3B93D0B,2758525,2758903.400,2758903400,1001,1902,1935,32,0,FWD,9,,-1,IDLE,0
C3B93D0B,2758526,2758904.400,2758904400,1000,1903,1935,32,0,FWD,9,,-1,IDLE,0
C3B93D0B,2758527,2758905.400,2758905400,1000,1903,1935,32,0,FWD,9,,-1,IDLE,0
C3B93D0B,2758528,2758906.399,2758906399,999,1903,1935,32,0,FWD,9,,-1,IDLE,0
C3B93D0B,2758529,2758907.400,2758907400,1001,1901,1935,32,0,FWD,9,,-1,IDLE,0
C3B93D0B,2758530,2758908.399,2758908399,999,1901,1935,32,0,FWD,9,,-1,IDLE,0
C3B93D0B,2758531,2758909.400,2758909400,1001,1902,1935,32,0,FWD,9,,-1,IDLE,0
C3B93D0B,2758532,2758910.399,2758910399,999,1901,1935,32,0,FWD,9,,-1,IDLE,0
C3B93D0B,2758533,2758911.400,2758911400,1001,1901,1935,31,0,FWD,9,,-1,IDLE,0
C3B93D0B,2758534,2758912.399,2758912399,999,1903,1935,31,0,FWD,9,,-1,IDLE,0
C3B93D0B,2758535,2758913.400,2758913400,1001,1903,1935,31,0,FWD,9,,-1,IDLE,0
C3B93D0B,2758536,2758914.400,2758914400,1000,1899,1935,31,0,FWD,9,,-1,IDLE,0
C3B93D0B,2758537,2758915.400,2758915400,1000,1903,1935,31,0,FWD,9,,-1,IDLE,0
C3B93D0B,2758538,2758916.583,2758916583,1183,1903,1935,31,0,FWD,9,,-1,IDLE,0
C3B93D0B,2758539,2758917.400,2758917400,817,1904,1935,31,0,FWD,9,,-1,IDLE,0
C3B93D0B,2758540,2758918.399,2758918399,999,1903,1935,31,0,FWD,9,,-1,IDLE,0
C3B93D0B,2758541,2758919.400,2758919400,1001,1901,1935,31,0,FWD,9,,-1,IDLE,0
C3B93D0B,2758542,2758920.399,2758920399,999,1901,1935,31,0,FWD,9,,-1,IDLE,0
C3B93D0B,2758543,2758921.400,2758921400,1001,1903,1935,31,0,FWD,9,,-1,IDLE,0
C3B93D0B,2758544,2758922.399,2758922399,999,1903,1935,31,0,FWD,9,,-1,IDLE,0
C3B93D0B,2758545,2758923.400,2758923400,1001,1902,1935,31,0,FWD,9,,-1,IDLE,0
C3B93D0B,2758546,2758924.400,2758924400,1000,1903,1935,31,0,FWD,9,,-1,IDLE,0
C3B93D0B,2758547,2758925.400,2758925400,1000,1899,1935,31,0,FWD,9,,-1,IDLE,0
C3B93D0B,2758548,2758926.399,2758926399,999,1902,1935,31,0,FWD,9,,-1,IDLE,0
C3B93D0B,2758549,2758927.400,2758927400,1001,1902,1935,31,0,FWD,9,,-1,IDLE,0
C3B93D0B,2758550,2758928.399,2758928399,999,1902,1935,31,0,FWD,9,,-1,IDLE,0
C3B93D0B,2758551,2758929.400,2758929400,1001,1899,1935,31,0,FWD,9,,-1,IDLE,0
C3B93D0B,2758552,2758930.399,2758930399,999,1903,1935,31,0,FWD,9,,-1,IDLE,0
C3B93D0B,2758553,2758931.400,2758931400,1001,1903,1935,31,0,FWD,9,,-1,IDLE,0
C3B93D0B,2758554,2758932.399,2758932399,999,1903,1935,31,0,FWD,9,,-1,IDLE,0
C3B93D0B,2758555,2758933.400,2758933400,1001,1904,1935,31,0,FWD,9,,-1,IDLE,0
C3B93D0B,2758556,2758934.400,2758934400,1000,1902,1935,31,0,FWD,9,,-1,IDLE,0
C3B93D0B,2758557,2758935.400,2758935400,1000,1904,1935,31,0,FWD,9,,-1,IDLE,0
C3B93D0B,2758558,2758936.399,2758936399,999,1903,1935,31,0,FWD,9,,-1,IDLE,0
C3B93D0B,2758559,2758937.441,2758937441,1042,1899,1935,31,0,FWD,9,,-1,IDLE,0
C3B93D0B,2758560,2758938.399,2758938399,958,1902,1935,31,0,FWD,9,,-1,IDLE,0
C3B93D0B,2758561,2758939.400,2758939400,1001,1901,1935,31,0,FWD,9,,-1,IDLE,0
C3B93D0B,2758562,2758940.399,2758940399,999,1903,1935,31,0,FWD,9,,-1,IDLE,0
C3B93D0B,2758563,2758941.400,2758941400,1001,1904,1935,31,0,FWD,9,,-1,IDLE,0
C3B93D0B,2758564,2758942.399,2758942399,999,1903,1935,31,0,FWD,9,,-1,IDLE,0
C3B93D0B,2758565,2758943.400,2758943400,1001,1903,1935,30,0,FWD,9,,-1,IDLE,0
C3B93D0B,2758566,2758944.403,2758944403,1003,1911,1935,30,0,FWD,9,,-1,IDLE,0
C3B93D0B,2758567,2758945.400,2758945400,997,1911,1935,30,0,FWD,9,,-1,IDLE,0
C3B93D0B,2758568,2758946.399,2758946399,999,1911,1935,30,0,FWD,9,,-1,IDLE,0
C3B93D0B,2758569,2758947.400,2758947400,1001,1911,1935,30,0,FWD,9,,-1,IDLE,0
C3B93D0B,2758570,2758948.399,2758948399,999,1913,1935,30,0,FWD,9,,-1,IDLE,0
C3B93D0B,2758571,2758949.400,2758949400,1001,1910,1935,30,0,FWD,9,,-1,IDLE,0
C3B93D0B,2758572,2758950.399,2758950399,999,1911,1935,30,0,FWD,9,,-1,IDLE,0
C3B93D0B,2758573,2758951.400,2758951400,1001,1911,1935,30,0,FWD,9,,-1,IDLE,0
C3B93D0B,2758574,2758952.399,2758952399,999,1911,1935,30,0,FWD,9,,-1,IDLE,0
C3B93D0B,2758575,2758953.400,2758953400,1001,1911,1935,30,0,FWD,9,,-1,IDLE,0
C3B93D0B,2758576,2758954.400,2758954400,1000,1909,1935,30,0,FWD,9,,-1,IDLE,0
C3B93D0B,2758577,2758955.400,2758955400,1000,1909,1935,30,0,FWD,9,,-1,IDLE,0
C3B93D0B,2758578,2758956.399,2758956399,999,1910,1935,30,0,FWD,9,,-1,IDLE,0
C3B93D0B,2758579,2758957.400,2758957400,1001,1910,1935,30,0,FWD,9,,-1,IDLE,0
C3B93D0B,2758580,2758958.399,2758958399,999,1911,1935,30,0,FWD,9,,-1,IDLE,0
C3B93D0B,2758581,2758959.400,2758959400,1001,1910,1935,30,0,FWD,9,,-1,IDLE,0
C3B93D0B,2758582,2758960.399,2758960399,999,1909,1935,30,0,FWD,9,,-1,IDLE,0
C3B93D0B,2758583,2758961.400,2758961400,1001,1909,1935,30,0,FWD,9,,-1,IDLE,0
C3B93D0B,2758584,2758962.399,2758962399,999,1909,1935,30,0,FWD,9,,-1,IDLE,0
C3B93D0B,2758585,2758963.400,2758963400,1001,1910,1935,30,0,FWD,9,,-1,IDLE,0
C3B93D0B,2758586,2758964.400,2758964400,1000,1907,1935,30,0,FWD,9,,-1,IDLE,0
C3B93D0B,2758587,2758965.400,2758965400,1000,1909,1935,30,0,FWD,9,,-1,IDLE,0
C3B93D0B,2758588,2758966.399,2758966399,999,1911,1935,30,0,FWD,9,,-1,IDLE,0
C3B93D0B,2758589,2758967.400,2758967400,1001,1910,1935,30,0,FWD,9,,-1,IDLE,0
C3B93D0B,2758590,2758968.399,2758968399,999,1911,1935,30,0,FWD,9,,-1,IDLE,0
C3B93D0B,2758591,2758969.400,2758969400,1001,1910,1935,30,0,FWD,9,,-1,IDLE,0
C3B93D0B,2758592,2758970.399,2758970399,999,1909,1935,30,0,FWD,9,,-1,IDLE,0
C3B93D0B,2758593,2758971.400,2758971400,1001,1909,1935,30,0,FWD,9,,-1,IDLE,0
C3B93D0B,2758594,2758972.399,2758972399,999,1910,1935,30,0,FWD,9,,-1,IDLE,0
C3B93D0B,2758595,2758973.400,2758973400,1001,1907,1935,30,0,FWD,9,,-1,IDLE,0
C3B93D0B,2758596,2758974.400,2758974400,1000,1910,1935,30,0,FWD,9,,-1,IDLE,0
C3B93D0B,2758597,2758975.400,2758975400,1000,1903,1935,29,0,FWD,9,,-1,IDLE,0
C3B93D0B,2758598,2758976.399,2758976399,999,1900,1935,29,0,FWD,9,,-1,IDLE,0
C3B93D0B,2758599,2758977.400,2758977400,1001,1899,1935,29,0,FWD,9,,-1,IDLE,0
C3B93D0B,2758600,2758978.399,2758978399,999,1902,1935,29,0,FWD,9,,-1,IDLE,0
C3B93D0B,2758601,2758979.400,2758979400,1001,1901,1935,29,0,FWD,9,,-1,IDLE,0
C3B93D0B,2758602,2758980.399,2758980399,999,1904,1935,29,0,FWD,9,,-1,IDLE,0
C3B93D0B,2758603,2758981.615,2758981615,1216,1901,1935,29,0,FWD,9,,-1,IDLE,0
C3B93D0B,2758604,2758982.532,2758982532,917,1901,1935,29,0,FWD,9,,-1,IDLE,0
C3B93D0B,2758605,2758983.400,2758983400,868,1902,1935,29,0,FWD,9,,-1,IDLE,0
C3B93D0B,2758606,2758984.400,2758984400,1000,1901,1935,29,0,FWD,9,,-1,IDLE,0
C3B93D0B,2758607,2758985.838,2758985838,1438,1902,1935,29,0,FWD,41,,-1,IDLE,0
C3B93D0B,2758608,2758986.399,2758986399,561,1903,1935,29,0,FWD,9,,-1,IDLE,0
C3B93D0B,2758609,2758987.400,2758987400,1001,1902,1935,29,0,FWD,9,,-1,IDLE,0
C3B93D0B,2758610,2758988.430,2758988430,1030,1900,1935,29,0,FWD,9,,-1,IDLE,0
C3B93D0B,2758611,2758989.400,2758989400,970,1902,1935,29,0,FWD,9,,-1,IDLE,0
C3B93D0B,2758612,2758990.399,2758990399,999,1903,1935,29,0,FWD,9,,-1,IDLE,0
C3B93D0B,2758613,2758991.400,2758991400,1001,1902,1935,29,0,FWD,9,,-1,IDLE,0
C3B93D0B,2758614,2758992.399,2758992399,999,1904,1935,29,0,FWD,9,,-1,IDLE,0
C3B93D0B,2758615,2758993.400,2758993400,1001,1902,1935,29,0,FWD,9,,-1,IDLE,0
C3B93D0B,2758616,2758994.400,2758994400,1000,1900,1935,29,0,FWD,9,,-1,IDLE,0
C3B93D0B,2758617,2758995.400,2758995400,1000,1903,1935,29,0,FWD,9,,-1,IDLE,0
C3B93D0B,2758618,2758996.399,2758996399,999,1902,1935,29,0,FWD,9,,-1,IDLE,0
C3B93D0B,2758619,2758997.400,2758997400,1001,1902,1935,29,0,FWD,9,,-1,IDLE,0
C3B93D0B,2758620,2758998.399,2758998399,999,1903,1935,29,0,FWD,9,,-1,IDLE,0
C3B93D0B,2758621,2758999.400,2758999400,1001,1902,1935,29,0,FWD,9,,-1,IDLE,0
C3B93D0B,2758622,2759000.399,2759000399,999,1903,1935,29,0,FWD,9,,-1,IDLE,0
C3B93D0B,2758623,2759001.400,2759001400,1001,1902,1935,29,0,FWD,9,,-1,IDLE,0
C3B93D0B,2758624,2759002.399,2759002399,999,1901,1935,29,0,FWD,9,,-1,IDLE,0
C3B93D0B,2758625,2759003.400,2759003400,1001,1901,1935,29,0,FWD,9,,-1,IDLE,0
C3B93D0B,2758626,2759004.400,2759004400,1000,1901,1935,29,0,FWD,9,,-1,IDLE,0
C3B93D0B,2758627,2759005.400,2759005400,1000,1899,1935,29,0,FWD,9,,-1,IDLE,0
C3B93D0B,2758628,2759006.399,2759006399,999,1902,1935,29,0,FWD,9,,-1,IDLE,0
C3B93D0B,2758629,2759007.400,2759007400,1001,1901,1935,28,0,FWD,9,,-1,IDLE,0
C3B93D0B,2758630,2759008.399,2759008399,999,1902,1935,28,0,FWD,9,,-1,IDLE,0
C3B93D0B,2758631,2759009.400,2759009400,1001,1901,1935,28,0,FWD,9,,-1,IDLE,0
C3B93D0B,2758632,2759010.399,2759010399,999,1903,1935,28,0,FWD,9,,-1,IDLE,0
C3B93D0B,2758633,2759011.400,2759011400,1001,1902,1935,28,0,FWD,9,,-1,IDLE,0
C3B93D0B,2758634,2759012.399,2759012399,999,1901,1935,28,0,FWD,9,,-1,IDLE,0
C3B93D0B,2758635,2759013.400,2759013400,1001,1901,1935,28,0,FWD,9,,-1,IDLE,0
C3B93D0B,2758636,2759014.400,2759014400,1000,1901,1935,28,0,FWD,9,,-1,IDLE,0
C3B93D0B,2758637,2759015.400,2759015400,1000,1903,1935,28,0,FWD,9,,-1,IDLE,0
C3B93D0B,2758638,2759016.399,2759016399,999,1902,1935,28,0,FWD,9,,-1,IDLE,0
