source_session,sample_seq,t_ms,t_us,dt_us,raw,baseline,pwm_actual,pwm_commanded,direction,flags,nav_mm,nav_direction,station_phase,gap_before
C3B93D0B,39887,40265.687,40265687,1287,1929,1932,90,90,FWD,41,54,1,IDLE,0
C3B93D0B,39888,40266.400,40266400,713,1930,1932,90,90,FWD,9,54,1,IDLE,0
C3B93D0B,39889,40267.399,40267399,999,1931,1932,90,90,FWD,9,54,1,IDLE,0
C3B93D0B,39890,40268.400,40268400,1001,1928,1932,90,90,FWD,9,54,1,IDLE,0
C3B93D0B,39891,40269.400,40269400,1000,1933,1932,90,90,FWD,9,54,1,IDLE,0
C3B93D0B,39892,40271.016,40271016,1616,1943,1932,90,90,FWD,41,54,1,IDLE,0
C3B93D0B,39893,40271.399,40271399,383,1941,1932,90,90,FWD,9,54,1,IDLE,0
C3B93D0B,39894,40272.400,40272400,1001,1943,1932,90,90,FWD,9,54,1,IDLE,0
C3B93D0B,39895,40273.399,40273399,999,1942,1932,90,90,FWD,9,54,1,IDLE,0
C3B93D0B,39896,40274.400,40274400,1001,1940,1932,90,90,FWD,9,54,1,IDLE,0
C3B93D0B,39897,40275.399,40275399,999,1941,1932,90,90,FWD,9,54,1,IDLE,0
C3B93D0B,39898,40276.400,40276400,1001,1939,1932,90,90,FWD,9,54,1,IDLE,0
C3B93D0B,39899,40277.399,40277399,999,1940,1932,90,90,FWD,9,54,1,IDLE,0
C3B93D0B,39900,40278.400,40278400,1001,1941,1932,90,90,FWD,9,54,1,IDLE,0
C3B93D0B,39901,40279.400,40279400,1000,1939,1932,90,90,FWD,9,54,1,IDLE,0
C3B93D0B,39902,40281.191,40281191,1791,1927,1932,90,90,FWD,41,54,1,IDLE,0
C3B93D0B,39903,40281.842,40281842,651,1931,1932,90,90,FWD,9,54,1,IDLE,0
C3B93D0B,39904,40282.400,40282400,558,1932,1932,90,90,FWD,9,54,1,IDLE,0
C3B93D0B,39905,40283.399,40283399,999,1930,1932,90,90,FWD,9,54,1,IDLE,0
C3B93D0B,39906,40284.400,40284400,1001,1931,1932,90,90,FWD,9,54,1,IDLE,0
C3B93D0B,39907,40285.399,40285399,999,1932,1932,90,90,FWD,9,54,1,IDLE,0
C3B93D0B,39908,40286.400,40286400,1001,1931,1932,90,90,FWD,9,54,1,IDLE,0
C3B93D0B,39909,40287.399,40287399,999,1932,1932,90,90,FWD,9,54,1,IDLE,0
C3B93D0B,39910,40288.400,40288400,1001,1934,1932,90,90,FWD,9,54,1,IDLE,0
C3B93D0B,39911,40289.400,40289400,1000,1932,1932,90,90,FWD,9,54,1,IDLE,0
C3B93D0B,39912,40290.617,40290617,1217,1933,1932,90,90,FWD,9,54,1,IDLE,0
C3B93D0B,39913,40291.399,40291399,782,1932,1932,90,90,FWD,9,54,1,IDLE,0
C3B93D0B,39914,40292.400,40292400,1001,1933,1932,90,90,FWD,9,54,1,IDLE,0
C3B93D0B,39915,40293.399,40293399,999,1933,1932,90,90,FWD,9,54,1,IDLE,0
C3B93D0B,39916,40294.400,40294400,1001,1931,1932,90,90,FWD,9,54,1,IDLE,0
C3B93D0B,39917,40295.399,40295399,999,1934,1932,90,90,FWD,9,54,1,IDLE,0
C3B93D0B,39918,40296.400,40296400,1001,1931,1932,90,90,FWD,9,54,1,IDLE,0
C3B93D0B,39919,40297.399,40297399,999,1933,1932,90,90,FWD,9,54,1,IDLE,0
C3B93D0B,39920,40298.400,40298400,1001,1933,1932,90,90,FWD,9,54,1,IDLE,0
C3B93D0B,39921,40299.400,40299400,1000,1934,1932,90,90,FWD,9,54,1,IDLE,0
C3B93D0B,39922,40300.400,40300400,1000,1931,1932,90,90,FWD,9,54,1,IDLE,0
C3B93D0B,39923,40301.399,40301399,999,1935,1932,90,90,FWD,9,54,1,IDLE,0
C3B93D0B,39924,40302.400,40302400,1001,1933,1932,90,90,FWD,9,54,1,IDLE,0
C3B93D0B,39925,40303.399,40303399,999,1936,1932,90,90,FWD,9,54,1,IDLE,0
C3B93D0B,39926,40304.400,40304400,1001,1930,1932,90,90,FWD,9,54,1,IDLE,0
C3B93D0B,39927,40305.399,40305399,999,1931,1932,90,90,FWD,9,54,1,IDLE,0
C3B93D0B,39928,40306.400,40306400,1001,1934,1932,90,90,FWD,9,54,1,IDLE,0
C3B93D0B,39929,40307.399,40307399,999,1933,1932,90,90,FWD,9,54,1,IDLE,0
C3B93D0B,39930,40308.400,40308400,1001,1935,1932,90,90,FWD,9,54,1,IDLE,0
C3B93D0B,39931,40309.400,40309400,1000,1935,1932,90,90,FWD,9,54,1,IDLE,0
C3B93D0B,39932,40310.400,40310400,1000,1931,1932,90,90,FWD,9,54,1,IDLE,0
C3B93D0B,39933,40311.399,40311399,999,1933,1932,90,90,FWD,9,54,1,IDLE,0
C3B93D0B,39934,40312.400,40312400,1001,1933,1932,90,90,FWD,9,54,1,IDLE,0
C3B93D0B,39935,40313.399,40313399,999,1933,1932,90,90,FWD,9,54,1,IDLE,0
C3B93D0B,39936,40314.400,40314400,1001,1934,1932,90,90,FWD,9,54,1,IDLE,0
C3B93D0B,39937,40315.399,40315399,999,1936,1932,90,90,FWD,9,54,1,IDLE,0
C3B93D0B,39938,40316.400,40316400,1001,1931,1932,90,90,FWD,9,54,1,IDLE,0
C3B93D0B,39939,40317.399,40317399,999,1933,1932,90,90,FWD,9,54,1,IDLE,0
C3B93D0B,39940,40318.400,40318400,1001,1933,1932,90,90,FWD,9,54,1,IDLE,0
C3B93D0B,39941,40319.400,40319400,1000,1933,1932,90,90,FWD,9,54,1,IDLE,0
C3B93D0B,39942,40320.400,40320400,1000,1932,1932,90,90,FWD,9,54,1,IDLE,0
C3B93D0B,39943,40321.399,40321399,999,1934,1932,90,90,FWD,9,54,1,IDLE,0
C3B93D0B,39944,40322.400,40322400,1001,1930,1932,90,90,FWD,9,54,1,IDLE,0
C3B93D0B,39945,40323.399,40323399,999,1935,1932,90,90,FWD,9,54,1,IDLE,0
C3B93D0B,39946,40324.400,40324400,1001,1935,1932,90,90,FWD,9,54,1,IDLE,0
C3B93D0B,39947,40325.399,40325399,999,1935,1932,90,90,FWD,9,54,1,IDLE,0
C3B93D0B,39948,40326.400,40326400,1001,1934,1932,90,90,FWD,9,54,1,IDLE,0
C3B93D0B,39949,40327.399,40327399,999,1934,1932,90,90,FWD,9,54,1,IDLE,0
C3B93D0B,39950,40328.400,40328400,1001,1934,1932,90,90,FWD,9,54,1,IDLE,0
C3B93D0B,39951,40329.400,40329400,1000,1933,1932,90,90,FWD,9,54,1,IDLE,0
C3B93D0B,39952,40330.400,40330400,1000,1936,1932,90,90,FWD,9,54,1,IDLE,0
C3B93D0B,39953,40331.399,40331399,999,1933,1932,90,90,FWD,9,54,1,IDLE,0
C3B93D0B,39954,40332.446,40332446,1047,1931,1932,90,90,FWD,9,54,1,IDLE,0
C3B93D0B,39955,40333.399,40333399,953,1933,1932,90,90,FWD,9,54,1,IDLE,0
C3B93D0B,39956,40334.400,40334400,1001,1934,1932,90,90,FWD,9,54,1,IDLE,0
C3B93D0B,39957,40335.399,40335399,999,1933,1932,90,90,FWD,9,54,1,IDLE,0
C3B93D0B,39958,40336.400,40336400,1001,1933,1932,90,90,FWD,9,54,1,IDLE,0
C3B93D0B,39959,40337.399,40337399,999,1942,1932,90,90,FWD,9,54,1,IDLE,0
C3B93D0B,39960,40338.400,40338400,1001,1941,1932,90,90,FWD,9,54,1,IDLE,0
C3B93D0B,39961,40339.400,40339400,1000,1942,1932,90,90,FWD,9,54,1,IDLE,0
C3B93D0B,39962,40340.400,40340400,1000,1941,1932,90,90,FWD,9,54,1,IDLE,0
C3B93D0B,39963,40341.399,40341399,999,1942,1932,90,90,FWD,9,54,1,IDLE,0
C3B93D0B,39964,40342.400,40342400,1001,1942,1932,90,90,FWD,9,54,1,IDLE,0
C3B93D0B,39965,40343.399,40343399,999,1942,1932,90,90,FWD,9,54,1,IDLE,0
C3B93D0B,39966,40344.400,40344400,1001,1941,1932,90,90,FWD,9,54,1,IDLE,0
C3B93D0B,39967,40345.399,40345399,999,1944,1932,90,90,FWD,9,54,1,IDLE,0
C3B93D0B,39968,40346.400,40346400,1001,1942,1932,90,90,FWD,9,54,1,IDLE,0
C3B93D0B,39969,40347.399,40347399,999,1942,1932,90,90,FWD,9,54,1,IDLE,0
C3B93D0B,39970,40348.400,40348400,1001,1942,1932,90,90,FWD,9,54,1,IDLE,0
C3B93D0B,39971,40349.400,40349400,1000,1941,1932,90,90,FWD,9,54,1,IDLE,0
C3B93D0B,39972,40350.400,40350400,1000,1940,1932,90,90,FWD,9,54,1,IDLE,0
C3B93D0B,39973,40351.399,40351399,999,1941,1932,90,90,FWD,9,54,1,IDLE,0
C3B93D0B,39974,40352.400,40352400,1001,1941,1932,90,90,FWD,9,54,1,IDLE,0
C3B93D0B,39975,40353.399,40353399,999,1938,1932,90,90,FWD,9,54,1,IDLE,0
C3B93D0B,39976,40354.400,40354400,1001,1943,1932,90,90,FWD,9,54,1,IDLE,0
C3B93D0B,39977,40355.399,40355399,999,1941,1932,90,90,FWD,9,54,1,IDLE,0
C3B93D0B,39978,40356.400,40356400,1001,1941,1932,90,90,FWD,9,54,1,IDLE,0
C3B93D0B,39979,40357.399,40357399,999,1941,1932,90,90,FWD,9,54,1,IDLE,0
C3B93D0B,39980,40358.400,40358400,1001,1941,1932,90,90,FWD,9,54,1,IDLE,0
C3B93D0B,39981,40359.400,40359400,1000,1940,1932,90,90,FWD,9,54,1,IDLE,0
C3B93D0B,39982,40360.400,40360400,1000,1941,1932,90,90,FWD,9,54,1,IDLE,0
C3B93D0B,39983,40361.399,40361399,999,1941,1932,90,90,FWD,9,54,1,IDLE,0
C3B93D0B,39984,40362.400,40362400,1001,1941,1932,90,90,FWD,9,54,1,IDLE,0
C3B93D0B,39985,40363.399,40363399,999,1941,1932,90,90,FWD,9,54,1,IDLE,0
C3B93D0B,39986,40364.400,40364400,1001,1941,1932,90,90,FWD,9,54,1,IDLE,0
C3B93D0B,39987,40365.399,40365399,999,1939,1932,90,90,FWD,9,54,1,IDLE,0
C3B93D0B,39988,40366.400,40366400,1001,1941,1932,90,90,FWD,9,54,1,IDLE,0
C3B93D0B,39989,40367.399,40367399,999,1933,1932,90,90,FWD,9,54,1,IDLE,0
C3B93D0B,39990,40368.400,40368400,1001,1930,1932,90,90,FWD,9,54,1,IDLE,0
C3B93D0B,39991,40369.400,40369400,1000,1931,1932,90,90,FWD,9,54,1,IDLE,0
C3B93D0B,39992,40370.400,40370400,1000,1931,1932,90,90,FWD,9,54,1,IDLE,0
C3B93D0B,39993,40371.399,40371399,999,1931,1932,90,90,FWD,9,54,1,IDLE,0
C3B93D0B,39994,40372.400,40372400,1001,1933,1932,90,90,FWD,9,54,1,IDLE,0
C3B93D0B,39995,40373.432,40373432,1032,1932,1932,90,90,FWD,9,54,1,IDLE,0
C3B93D0B,39996,40374.504,40374504,1072,1933,1932,90,90,FWD,9,54,1,IDLE,0
C3B93D0B,39997,40375.399,40375399,895,1932,1932,90,90,FWD,9,54,1,IDLE,0
C3B93D0B,39998,40376.400,40376400,1001,1931,1932,90,90,FWD,9,54,1,IDLE,0
C3B93D0B,39999,40377.399,40377399,999,1933,1932,90,90,FWD,9,54,1,IDLE,0
C3B93D0B,40000,40378.476,40378476,1077,1933,1932,90,90,FWD,9,54,1,IDLE,0
C3B93D0B,40001,40379.758,40379758,1282,1939,1932,90,90,FWD,41,54,1,IDLE,0
C3B93D0B,40002,40381.346,40381346,1588,1931,1932,90,90,FWD,41,54,1,IDLE,0
C3B93D0B,40003,40381.713,40381713,367,1930,1932,90,90,FWD,9,54,1,IDLE,0
C3B93D0B,40004,40382.400,40382400,687,1933,1932,90,90,FWD,9,54,1,IDLE,0
C3B93D0B,40005,40383.399,40383399,999,1934,1932,90,90,FWD,9,54,1,IDLE,0
C3B93D0B,40006,40384.400,40384400,1001,1934,1932,90,90,FWD,9,54,1,IDLE,0
C3B93D0B,40007,40385.399,40385399,999,1931,1932,90,90,FWD,9,54,1,IDLE,0
C3B93D0B,40008,40386.400,40386400,1001,1933,1932,90,90,FWD,9,54,1,IDLE,0
C3B93D0B,40009,40387.399,40387399,999,1931,1932,90,90,FWD,9,54,1,IDLE,0
C3B93D0B,40010,40388.400,40388400,1001,1934,1932,90,90,FWD,9,54,1,IDLE,0
C3B93D0B,40011,40389.399,40389399,999,1933,1932,90,90,FWD,9,54,1,IDLE,0
C3B93D0B,40012,40390.401,40390401,1002,1932,1932,90,90,FWD,9,54,1,IDLE,0
C3B93D0B,40013,40391.399,40391399,998,1933,1932,90,90,FWD,9,54,1,IDLE,0
C3B93D0B,40014,40392.400,40392400,1001,1933,1932,90,90,FWD,9,54,1,IDLE,0
C3B93D0B,40015,40393.399,40393399,999,1931,1932,90,90,FWD,9,54,1,IDLE,0
C3B93D0B,40016,40394.400,40394400,1001,1930,1932,90,90,FWD,9,54,1,IDLE,0
C3B93D0B,40017,40395.399,40395399,999,1932,1932,90,90,FWD,9,54,1,IDLE,0
C3B93D0B,40018,40396.400,40396400,1001,1932,1932,90,90,FWD,9,54,1,IDLE,0
C3B93D0B,40019,40397.399,40397399,999,1933,1932,90,90,FWD,9,54,1,IDLE,0
C3B93D0B,40020,40398.400,40398400,1001,1934,1932,90,90,FWD,9,54,1,IDLE,0
C3B93D0B,40021,40399.399,40399399,999,1934,1932,90,90,FWD,9,54,1,IDLE,0
C3B93D0B,40022,40400.401,40400401,1002,1933,1932,90,90,FWD,9,54,1,IDLE,0
C3B93D0B,40023,40401.399,40401399,998,1934,1932,90,90,FWD,9,54,1,IDLE,0
C3B93D0B,40024,40402.400,40402400,1001,1930,1932,90,90,FWD,9,54,1,IDLE,0
C3B93D0B,40025,40403.399,40403399,999,1934,1932,90,90,FWD,9,54,1,IDLE,0
C3B93D0B,40026,40404.400,40404400,1001,1933,1932,90,90,FWD,9,54,1,IDLE,0
C3B93D0B,40027,40405.399,40405399,999,1933,1932,90,90,FWD,9,54,1,IDLE,0
C3B93D0B,40028,40406.400,40406400,1001,1934,1932,90,90,FWD,9,54,1,IDLE,0
C3B93D0B,40029,40407.399,40407399,999,1933,1932,90,90,FWD,9,54,1,IDLE,0
C3B93D0B,40030,40408.400,40408400,1001,1935,1932,90,90,FWD,9,54,1,IDLE,0
C3B93D0B,40031,40409.399,40409399,999,1933,1932,90,90,FWD,9,54,1,IDLE,0
C3B93D0B,40032,40410.401,40410401,1002,1934,1932,90,90,FWD,9,54,1,IDLE,0
C3B93D0B,40033,40411.399,40411399,998,1934,1932,90,90,FWD,9,54,1,IDLE,0
C3B93D0B,40034,40412.400,40412400,1001,1933,1932,90,90,FWD,9,54,1,IDLE,0
C3B93D0B,40035,40413.399,40413399,999,1931,1932,90,90,FWD,9,54,1,IDLE,0
C3B93D0B,40036,40414.400,40414400,1001,1933,1932,90,90,FWD,9,54,1,IDLE,0
C3B93D0B,40037,40415.399,40415399,999,1933,1932,90,90,FWD,9,54,1,IDLE,0
C3B93D0B,40038,40416.400,40416400,1001,1931,1932,90,90,FWD,9,54,1,IDLE,0
C3B93D0B,40039,40417.399,40417399,999,1933,1932,90,90,FWD,9,54,1,IDLE,0
C3B93D0B,40040,40418.400,40418400,1001,1933,1932,90,90,FWD,9,54,1,IDLE,0
C3B93D0B,40041,40419.399,40419399,999,1935,1932,90,90,FWD,9,54,1,IDLE,0
C3B93D0B,40042,40420.401,40420401,1002,1933,1932,90,90,FWD,9,54,1,IDLE,0
C3B93D0B,40043,40421.399,40421399,998,1935,1932,90,90,FWD,9,54,1,IDLE,0
C3B93D0B,40044,40422.400,40422400,1001,1934,1932,90,90,FWD,9,54,1,IDLE,0
C3B93D0B,40045,40423.399,40423399,999,1935,1932,90,90,FWD,9,54,1,IDLE,0
C3B93D0B,40046,40424.400,40424400,1001,1933,1932,90,90,FWD,9,54,1,IDLE,0
C3B93D0B,40047,40425.399,40425399,999,1931,1932,90,90,FWD,9,54,1,IDLE,0
C3B93D0B,40048,40426.400,40426400,1001,1931,1932,90,90,FWD,9,54,1,IDLE,0
C3B93D0B,40049,40427.399,40427399,999,1935,1932,90,90,FWD,9,54,1,IDLE,0
C3B93D0B,40050,40428.400,40428400,1001,1932,1932,90,90,FWD,9,54,1,IDLE,0
C3B93D0B,40051,40429.399,40429399,999,1934,1932,90,90,FWD,9,54,1,IDLE,0
C3B93D0B,40052,40430.401,40430401,1002,1936,1932,90,90,FWD,9,54,1,IDLE,0
C3B93D0B,40053,40431.399,40431399,998,1934,1932,90,90,FWD,9,54,1,IDLE,0
C3B93D0B,40054,40432.603,40432603,1204,1934,1932,90,90,FWD,9,54,1,IDLE,0
C3B93D0B,40055,40433.399,40433399,796,1934,1932,90,90,FWD,9,54,1,IDLE,0
C3B93D0B,40056,40434.400,40434400,1001,1934,1932,90,90,FWD,9,54,1,IDLE,0
C3B93D0B,40057,40435.399,40435399,999,1934,1932,90,90,FWD,9,54,1,IDLE,0
C3B93D0B,40058,40436.400,40436400,1001,1934,1932,90,90,FWD,9,54,1,IDLE,0
C3B93D0B,40059,40437.399,40437399,999,1933,1932,90,90,FWD,9,54,1,IDLE,0
C3B93D0B,40060,40438.401,40438401,1002,1945,1932,90,90,FWD,9,54,1,IDLE,0
C3B93D0B,40061,40439.399,40439399,998,1943,1932,90,90,FWD,9,54,1,IDLE,0
C3B93D0B,40062,40440.401,40440401,1002,1942,1932,90,90,FWD,9,54,1,IDLE,0
C3B93D0B,40063,40441.399,40441399,998,1941,1932,90,90,FWD,9,54,1,IDLE,0
C3B93D0B,40064,40442.400,40442400,1001,1941,1932,90,90,FWD,9,54,1,IDLE,0
C3B93D0B,40065,40443.399,40443399,999,1941,1932,90,90,FWD,9,54,1,IDLE,0
C3B93D0B,40066,40444.400,40444400,1001,1939,1932,90,90,FWD,9,54,1,IDLE,0
C3B93D0B,40067,40445.399,40445399,999,1941,1932,90,90,FWD,9,54,1,IDLE,0
C3B93D0B,40068,40446.400,40446400,1001,1940,1932,90,90,FWD,9,54,1,IDLE,0
C3B93D0B,40069,40447.399,40447399,999,1941,1932,90,90,FWD,9,54,1,IDLE,0
C3B93D0B,40070,40448.400,40448400,1001,1941,1932,90,90,FWD,9,54,1,IDLE,0
C3B93D0B,40071,40449.399,40449399,999,1942,1932,90,90,FWD,9,54,1,IDLE,0
C3B93D0B,40072,40450.401,40450401,1002,1941,1932,90,90,FWD,9,54,1,IDLE,0
C3B93D0B,40073,40451.399,40451399,998,1939,1932,90,90,FWD,9,54,1,IDLE,0
C3B93D0B,40074,40452.400,40452400,1001,1938,1932,90,90,FWD,9,54,1,IDLE,0
C3B93D0B,40075,40453.399,40453399,999,1939,1932,90,90,FWD,9,54,1,IDLE,0
C3B93D0B,40076,40454.400,40454400,1001,1939,1932,90,90,FWD,9,54,1,IDLE,0
C3B93D0B,40077,40455.399,40455399,999,1942,1932,90,90,FWD,9,54,1,IDLE,0
C3B93D0B,40078,40456.400,40456400,1001,1939,1932,90,90,FWD,9,54,1,IDLE,0
C3B93D0B,40079,40457.399,40457399,999,1939,1932,90,90,FWD,9,54,1,IDLE,0
C3B93D0B,40080,40458.400,40458400,1001,1937,1932,90,90,FWD,9,54,1,IDLE,0
C3B93D0B,40081,40459.399,40459399,999,1941,1932,90,90,FWD,9,54,1,IDLE,0
C3B93D0B,40082,40460.401,40460401,1002,1939,1932,90,90,FWD,9,54,1,IDLE,0
C3B93D0B,40083,40461.399,40461399,998,1939,1932,90,90,FWD,9,54,1,IDLE,0
C3B93D0B,40084,40462.400,40462400,1001,1939,1932,90,90,FWD,9,54,1,IDLE,0
C3B93D0B,40085,40463.399,40463399,999,1942,1932,90,90,FWD,9,54,1,IDLE,0
C3B93D0B,40086,40464.400,40464400,1001,1940,1932,90,90,FWD,9,54,1,IDLE,0
C3B93D0B,40087,40465.399,40465399,999,1939,1932,90,90,FWD,9,54,1,IDLE,0
C3B93D0B,40088,40466.400,40466400,1001,1939,1932,90,90,FWD,9,54,1,IDLE,0
C3B93D0B,40089,40467.399,40467399,999,1940,1932,90,90,FWD,9,54,1,IDLE,0
C3B93D0B,40090,40468.400,40468400,1001,1940,1932,90,90,FWD,9,54,1,IDLE,0
C3B93D0B,40091,40469.399,40469399,999,1940,1932,90,90,FWD,9,54,1,IDLE,0
C3B93D0B,40092,40470.401,40470401,1002,1927,1932,90,90,FWD,9,54,1,IDLE,0
C3B93D0B,40093,40471.399,40471399,998,1931,1932,90,90,FWD,9,54,1,IDLE,0
C3B93D0B,40094,40472.400,40472400,1001,1930,1932,90,90,FWD,9,54,1,IDLE,0
C3B93D0B,40095,40473.399,40473399,999,1935,1932,90,90,FWD,9,54,1,IDLE,0
C3B93D0B,40096,40474.400,40474400,1001,1933,1932,90,90,FWD,9,54,1,IDLE,0
C3B93D0B,40097,40475.685,40475685,1285,1942,1932,90,90,FWD,41,54,1,IDLE,0
C3B93D0B,40098,40476.400,40476400,715,1942,1932,90,90,FWD,9,54,1,IDLE,0
C3B93D0B,40099,40477.399,40477399,999,1942,1932,90,90,FWD,9,54,1,IDLE,0
C3B93D0B,40100,40478.400,40478400,1001,1941,1932,90,90,FWD,9,54,1,IDLE,0
C3B93D0B,40101,40479.399,40479399,999,1941,1932,90,90,FWD,9,54,1,IDLE,0
C3B93D0B,40102,40480.401,40480401,1002,1943,1932,90,90,FWD,9,54,1,IDLE,0
C3B93D0B,40103,40482.212,40482212,1811,1927,1932,90,90,FWD,41,54,1,IDLE,0
C3B93D0B,40104,40482.872,40482872,660,1929,1932,90,90,FWD,9,54,1,IDLE,0
C3B93D0B,40105,40483.400,40483400,528,1932,1932,90,90,FWD,9,54,1,IDLE,0
C3B93D0B,40106,40484.399,40484399,999,1933,1932,90,90,FWD,9,54,1,IDLE,0
C3B93D0B,40107,40485.400,40485400,1001,1933,1932,90,90,FWD,9,54,1,IDLE,0
C3B93D0B,40108,40486.399,40486399,999,1931,1932,90,90,FWD,9,54,1,IDLE,0
C3B93D0B,40109,40487.400,40487400,1001,1930,1932,90,90,FWD,9,54,1,IDLE,0
C3B93D0B,40110,40488.399,40488399,999,1931,1932,90,90,FWD,9,54,1,IDLE,0
C3B93D0B,40111,40489.400,40489400,1001,1935,1932,90,90,FWD,9,54,1,IDLE,0
C3B93D0B,40112,40490.400,40490400,1000,1931,1932,90,90,FWD,9,54,1,IDLE,0
C3B93D0B,40113,40491.400,40491400,1000,1933,1932,90,90,FWD,9,54,1,IDLE,0
C3B93D0B,40114,40492.399,40492399,999,1935,1932,90,90,FWD,9,54,1,IDLE,0
C3B93D0B,40115,40493.400,40493400,1001,1932,1932,90,90,FWD,9,54,1,IDLE,0
C3B93D0B,40116,40494.399,40494399,999,1935,1932,90,90,FWD,9,54,1,IDLE,0
C3B93D0B,40117,40495.400,40495400,1001,1931,1932,90,90,FWD,9,54,1,IDLE,0
C3B93D0B,40118,40496.399,40496399,999,1934,1932,90,90,FWD,9,54,1,IDLE,0
C3B93D0B,40119,40497.400,40497400,1001,1934,1932,90,90,FWD,9,54,1,IDLE,0
C3B93D0B,40120,40498.399,40498399,999,1934,1932,90,90,FWD,9,54,1,IDLE,0
C3B93D0B,40121,40499.400,40499400,1001,1932,1932,90,90,FWD,9,54,1,IDLE,0
C3B93D0B,40122,40500.400,40500400,1000,1934,1932,90,90,FWD,9,54,1,IDLE,0
C3B93D0B,40123,40501.400,40501400,1000,1930,1932,90,90,FWD,9,54,1,IDLE,0
C3B93D0B,40124,40502.399,40502399,999,1934,1932,90,90,FWD,9,54,1,IDLE,0
C3B93D0B,40125,40503.400,40503400,1001,1935,1932,90,90,FWD,9,54,1,IDLE,0
C3B93D0B,40126,40504.399,40504399,999,1935,1932,90,90,FWD,9,54,1,IDLE,0
C3B93D0B,40127,40505.400,40505400,1001,1932,1932,90,90,FWD,9,54,1,IDLE,0
C3B93D0B,40128,40506.399,40506399,999,1935,1932,90,90,FWD,9,54,1,IDLE,0
C3B93D0B,40129,40507.400,40507400,1001,1933,1932,90,90,FWD,9,54,1,IDLE,0
C3B93D0B,40130,40508.399,40508399,999,1935,1932,90,90,FWD,9,54,1,IDLE,0
C3B93D0B,40131,40509.400,40509400,1001,1933,1932,90,90,FWD,9,54,1,IDLE,0
C3B93D0B,40132,40510.400,40510400,1000,1931,1932,90,90,FWD,9,54,1,IDLE,0
C3B93D0B,40133,40511.400,40511400,1000,1935,1932,90,90,FWD,9,54,1,IDLE,0
C3B93D0B,40134,40512.399,40512399,999,1935,1932,90,90,FWD,9,54,1,IDLE,0
C3B93D0B,40135,40513.400,40513400,1001,1933,1932,90,90,FWD,9,54,1,IDLE,0
C3B93D0B,40136,40514.399,40514399,999,1935,1932,90,90,FWD,9,54,1,IDLE,0
C3B93D0B,40137,40515.400,40515400,1001,1931,1932,90,90,FWD,9,54,1,IDLE,0
C3B93D0B,40138,40516.399,40516399,999,1934,1932,90,90,FWD,9,54,1,IDLE,0
C3B93D0B,40139,40517.400,40517400,1001,1935,1932,90,90,FWD,9,54,1,IDLE,0
C3B93D0B,40140,40518.399,40518399,999,1935,1932,90,90,FWD,9,54,1,IDLE,0
C3B93D0B,40141,40519.400,40519400,1001,1935,1932,90,90,FWD,9,54,1,IDLE,0
C3B93D0B,40142,40520.400,40520400,1000,1932,1932,90,90,FWD,9,54,1,IDLE,0
C3B93D0B,40143,40521.400,40521400,1000,1933,1932,90,90,FWD,9,54,1,IDLE,0
C3B93D0B,40144,40522.399,40522399,999,1935,1932,90,90,FWD,9,54,1,IDLE,0
C3B93D0B,40145,40523.400,40523400,1001,1934,1932,90,90,FWD,9,54,1,IDLE,0
C3B93D0B,40146,40524.399,40524399,999,1935,1932,90,90,FWD,9,54,1,IDLE,0
C3B93D0B,40147,40525.400,40525400,1001,1935,1932,90,90,FWD,9,54,1,IDLE,0
C3B93D0B,40148,40526.399,40526399,999,1933,1932,90,90,FWD,9,54,1,IDLE,0
C3B93D0B,40149,40527.400,40527400,1001,1934,1932,90,90,FWD,9,54,1,IDLE,0
C3B93D0B,40150,40528.399,40528399,999,1935,1932,90,90,FWD,9,54,1,IDLE,0
C3B93D0B,40151,40529.400,40529400,1001,1934,1932,90,90,FWD,9,54,1,IDLE,0
C3B93D0B,40152,40530.400,40530400,1000,1931,1932,90,90,FWD,9,54,1,IDLE,0
C3B93D0B,40153,40531.400,40531400,1000,1931,1932,90,90,FWD,9,54,1,IDLE,0
C3B93D0B,40154,40532.399,40532399,999,1934,1932,90,90,FWD,9,54,1,IDLE,0
C3B93D0B,40155,40533.467,40533467,1068,1935,1932,90,90,FWD,9,54,1,IDLE,0
C3B93D0B,40156,40534.399,40534399,932,1935,1932,90,90,FWD,9,54,1,IDLE,0
C3B93D0B,40157,40535.400,40535400,1001,1931,1932,90,90,FWD,9,54,1,IDLE,0
C3B93D0B,40158,40536.399,40536399,999,1935,1932,90,90,FWD,9,54,1,IDLE,0
C3B93D0B,40159,40537.400,40537400,1001,1932,1932,90,90,FWD,9,54,1,IDLE,0
C3B93D0B,40160,40538.399,40538399,999,1943,1932,90,90,FWD,9,54,1,IDLE,0
C3B93D0B,40161,40539.400,40539400,1001,1943,1932,90,90,FWD,9,54,1,IDLE,0
C3B93D0B,40162,40540.583,40540583,1183,1941,1932,90,90,FWD,9,54,1,IDLE,0
C3B93D0B,40163,40541.400,40541400,817,1941,1932,90,90,FWD,9,54,1,IDLE,0
C3B93D0B,40164,40542.399,40542399,999,1942,1932,90,90,FWD,9,54,1,IDLE,0
C3B93D0B,40165,40543.400,40543400,1001,1942,1932,90,90,FWD,9,54,1,IDLE,0
C3B93D0B,40166,40544.399,40544399,999,1942,1932,90,90,FWD,9,54,1,IDLE,0
C3B93D0B,40167,40545.400,40545400,1001,1941,1932,90,90,FWD,9,54,1,IDLE,0
C3B93D0B,40168,40546.399,40546399,999,1941,1932,90,90,FWD,9,54,1,IDLE,0
C3B93D0B,40169,40547.400,40547400,1001,1939,1932,90,90,FWD,9,54,1,IDLE,0
C3B93D0B,40170,40548.399,40548399,999,1940,1932,90,90,FWD,9,54,1,IDLE,0
C3B93D0B,40171,40549.400,40549400,1001,1939,1932,90,90,FWD,9,54,1,IDLE,0
C3B93D0B,40172,40550.400,40550400,1000,1941,1932,90,90,FWD,9,54,1,IDLE,0
C3B93D0B,40173,40551.400,40551400,1000,1938,1932,90,90,FWD,9,54,1,IDLE,0
C3B93D0B,40174,40552.399,40552399,999,1939,1932,90,90,FWD,9,54,1,IDLE,0
C3B93D0B,40175,40553.400,40553400,1001,1937,1932,90,90,FWD,9,54,1,IDLE,0
C3B93D0B,40176,40554.399,40554399,999,1940,1932,90,90,FWD,9,54,1,IDLE,0
C3B93D0B,40177,40555.400,40555400,1001,1938,1932,90,90,FWD,9,54,1,IDLE,0
C3B93D0B,40178,40556.399,40556399,999,1938,1932,90,90,FWD,9,54,1,IDLE,0
C3B93D0B,40179,40557.400,40557400,1001,1939,1932,90,90,FWD,9,54,1,IDLE,0
C3B93D0B,40180,40558.399,40558399,999,1940,1932,90,90,FWD,9,54,1,IDLE,0
C3B93D0B,40181,40559.400,40559400,1001,1939,1932,90,90,FWD,9,54,1,IDLE,0
C3B93D0B,40182,40560.400,40560400,1000,1940,1932,90,90,FWD,9,54,1,IDLE,0
C3B93D0B,40183,40561.400,40561400,1000,1940,1932,90,90,FWD,9,54,1,IDLE,0
C3B93D0B,40184,40562.399,40562399,999,1941,1932,90,90,FWD,9,54,1,IDLE,0
C3B93D0B,40185,40563.400,40563400,1001,1940,1932,90,90,FWD,9,54,1,IDLE,0
C3B93D0B,40186,40564.399,40564399,999,1941,1932,90,90,FWD,9,54,1,IDLE,0
C3B93D0B,40187,40565.400,40565400,1001,1941,1932,90,90,FWD,9,54,1,IDLE,0
C3B93D0B,40188,40566.399,40566399,999,1941,1932,90,90,FWD,9,54,1,IDLE,0
C3B93D0B,40189,40567.400,40567400,1001,1940,1932,90,90,FWD,9,54,1,IDLE,0
C3B93D0B,40190,40568.399,40568399,999,1939,1932,90,90,FWD,9,54,1,IDLE,0
C3B93D0B,40191,40569.400,40569400,1001,1939,1932,90,90,FWD,9,54,1,IDLE,0
C3B93D0B,40192,40570.400,40570400,1000,1938,1932,90,90,FWD,9,54,1,IDLE,0
C3B93D0B,40193,40571.400,40571400,1000,1941,1932,90,90,FWD,9,54,1,IDLE,0
C3B93D0B,40194,40572.726,40572726,1326,1931,1932,90,90,FWD,41,54,1,IDLE,0
C3B93D0B,40195,40573.399,40573399,673,1929,1932,90,90,FWD,9,54,1,IDLE,0
C3B93D0B,40196,40574.399,40574399,1000,1931,1932,90,90,FWD,9,54,1,IDLE,0
C3B93D0B,40197,40575.400,40575400,1001,1931,1932,90,90,FWD,9,54,1,IDLE,0
C3B93D0B,40198,40576.399,40576399,999,1932,1932,90,90,FWD,9,54,1,IDLE,0
C3B93D0B,40199,40577.922,40577922,1523,1934,1932,90,90,FWD,41,54,1,IDLE,0
C3B93D0B,40200,40578.873,40578873,951,1933,1932,90,90,FWD,9,54,1,IDLE,0
C3B93D0B,40201,40579.400,40579400,527,1934,1932,90,90,FWD,9,54,1,IDLE,0
C3B93D0B,40202,40580.400,40580400,1000,1933,1932,90,90,FWD,9,54,1,IDLE,0
C3B93D0B,40203,40581.815,40581815,1415,1934,1932,90,90,FWD,41,54,1,IDLE,0
C3B93D0B,40204,40582.399,40582399,584,1933,1932,90,90,FWD,9,54,1,IDLE,0
C3B93D0B,40205,40583.577,40583577,1178,1931,1932,90,90,FWD,9,54,1,IDLE,0
C3B93D0B,40206,40584.562,40584562,985,1933,1932,90,90,FWD,9,54,1,IDLE,0
C3B93D0B,40207,40585.400,40585400,838,1931,1932,90,90,FWD,9,54,1,IDLE,0
C3B93D0B,40208,40586.399,40586399,999,1934,1932,90,90,FWD,9,54,1,IDLE,0
C3B93D0B,40209,40587.400,40587400,1001,1933,1932,90,90,FWD,9,54,1,IDLE,0
C3B93D0B,40210,40588.399,40588399,999,1933,1932,90,90,FWD,9,54,1,IDLE,0
C3B93D0B,40211,40589.400,40589400,1001,1935,1932,90,90,FWD,9,54,1,IDLE,0
C3B93D0B,40212,40590.400,40590400,1000,1933,1932,90,90,FWD,9,54,1,IDLE,0
C3B93D0B,40213,40591.400,40591400,1000,1936,1932,90,90,FWD,9,54,1,IDLE,0
C3B93D0B,40214,40592.399,40592399,999,1934,1932,90,90,FWD,9,54,1,IDLE,0
C3B93D0B,40215,40593.400,40593400,1001,1935,1932,90,90,FWD,9,54,1,IDLE,0
C3B93D0B,40216,40594.399,40594399,999,1933,1932,90,90,FWD,9,54,1,IDLE,0
C3B93D0B,40217,40595.400,40595400,1001,1936,1932,90,90,FWD,9,54,1,IDLE,0
C3B93D0B,40218,40596.399,40596399,999,1933,1932,90,90,FWD,9,54,1,IDLE,0
C3B93D0B,40219,40597.400,40597400,1001,1933,1932,90,90,FWD,9,54,1,IDLE,0
C3B93D0B,40220,40598.399,40598399,999,1933,1932,90,90,FWD,9,54,1,IDLE,0
C3B93D0B,40221,40599.400,40599400,1001,1933,1932,90,90,FWD,9,54,1,IDLE,0
C3B93D0B,40222,40600.400,40600400,1000,1934,1932,90,90,FWD,9,54,1,IDLE,0
C3B93D0B,40223,40601.400,40601400,1000,1933,1932,90,90,FWD,9,54,1,IDLE,0
C3B93D0B,40224,40602.399,40602399,999,1933,1932,90,90,FWD,9,54,1,IDLE,0
C3B93D0B,40225,40603.400,40603400,1001,1933,1932,90,90,FWD,9,54,1,IDLE,0
C3B93D0B,40226,40604.399,40604399,999,1934,1932,90,90,FWD,9,54,1,IDLE,0
C3B93D0B,40227,40605.400,40605400,1001,1932,1932,90,90,FWD,9,54,1,IDLE,0
C3B93D0B,40228,40606.399,40606399,999,1933,1932,90,90,FWD,9,54,1,IDLE,0
C3B93D0B,40229,40607.400,40607400,1001,1935,1932,90,90,FWD,9,54,1,IDLE,0
C3B93D0B,40230,40608.399,40608399,999,1935,1932,90,90,FWD,9,54,1,IDLE,0
C3B93D0B,40231,40609.400,40609400,1001,1931,1932,90,90,FWD,9,54,1,IDLE,0
C3B93D0B,40232,40610.400,40610400,1000,1934,1932,90,90,FWD,9,54,1,IDLE,0
C3B93D0B,40233,40611.400,40611400,1000,1934,1932,90,90,FWD,9,54,1,IDLE,0
C3B93D0B,40234,40612.399,40612399,999,1934,1932,90,90,FWD,9,54,1,IDLE,0
C3B93D0B,40235,40613.400,40613400,1001,1933,1932,90,90,FWD,9,54,1,IDLE,0
C3B93D0B,40236,40614.399,40614399,999,1936,1932,90,90,FWD,9,54,1,IDLE,0
C3B93D0B,40237,40615.400,40615400,1001,1934,1932,90,90,FWD,9,54,1,IDLE,0
C3B93D0B,40238,40616.399,40616399,999,1933,1932,90,90,FWD,9,54,1,IDLE,0
C3B93D0B,40239,40617.400,40617400,1001,1934,1932,90,90,FWD,9,54,1,IDLE,0
C3B93D0B,40240,40618.399,40618399,999,1933,1932,90,90,FWD,9,54,1,IDLE,0
C3B93D0B,40241,40619.400,40619400,1001,1931,1932,90,90,FWD,9,54,1,IDLE,0
C3B93D0B,40242,40620.400,40620400,1000,1934,1932,90,90,FWD,9,54,1,IDLE,0
C3B93D0B,40243,40621.400,40621400,1000,1932,1932,90,90,FWD,9,54,1,IDLE,0
C3B93D0B,40244,40622.399,40622399,999,1933,1932,90,90,FWD,9,54,1,IDLE,0
C3B93D0B,40245,40623.400,40623400,1001,1933,1932,90,90,FWD,9,54,1,IDLE,0
C3B93D0B,40246,40624.399,40624399,999,1932,1932,90,90,FWD,9,54,1,IDLE,0
C3B93D0B,40247,40625.400,40625400,1001,1931,1932,90,90,FWD,9,54,1,IDLE,0
C3B93D0B,40248,40626.399,40626399,999,1933,1932,90,90,FWD,9,54,1,IDLE,0
C3B93D0B,40249,40627.400,40627400,1001,1932,1932,90,90,FWD,9,54,1,IDLE,0
C3B93D0B,40250,40628.399,40628399,999,1932,1932,90,90,FWD,9,54,1,IDLE,0
C3B93D0B,40251,40629.400,40629400,1001,1932,1932,90,90,FWD,9,54,1,IDLE,0
C3B93D0B,40252,40630.400,40630400,1000,1934,1932,90,90,FWD,9,54,1,IDLE,0
C3B93D0B,40253,40631.400,40631400,1000,1936,1932,90,90,FWD,9,54,1,IDLE,0
C3B93D0B,40254,40632.399,40632399,999,1936,1932,90,90,FWD,9,54,1,IDLE,0
C3B93D0B,40255,40633.400,40633400,1001,1933,1932,90,90,FWD,9,54,1,IDLE,0
C3B93D0B,40256,40634.399,40634399,999,1934,1932,90,90,FWD,9,54,1,IDLE,0
C3B93D0B,40257,40635.400,40635400,1001,1934,1932,90,90,FWD,9,54,1,IDLE,0
C3B93D0B,40258,40636.399,40636399,999,1934,1932,90,90,FWD,9,54,1,IDLE,0
C3B93D0B,40259,40637.400,40637400,1001,1935,1932,90,90,FWD,9,54,1,IDLE,0
C3B93D0B,40260,40638.399,40638399,999,1935,1932,90,90,FWD,9,54,1,IDLE,0
C3B93D0B,40261,40639.400,40639400,1001,1934,1932,90,90,FWD,9,54,1,IDLE,0
C3B93D0B,40262,40640.598,40640598,1198,1942,1932,90,90,FWD,9,54,1,IDLE,0
C3B93D0B,40263,40641.400,40641400,802,1942,1932,90,90,FWD,9,54,1,IDLE,0
C3B93D0B,40264,40642.399,40642399,999,1942,1932,90,90,FWD,9,54,1,IDLE,0
C3B93D0B,40265,40643.400,40643400,1001,1943,1932,90,90,FWD,9,54,1,IDLE,0
C3B93D0B,40266,40644.399,40644399,999,1943,1932,90,90,FWD,9,54,1,IDLE,0
C3B93D0B,40267,40645.400,40645400,1001,1943,1932,90,90,FWD,9,54,1,IDLE,0
C3B93D0B,40268,40646.399,40646399,999,1943,1932,90,90,FWD,9,54,1,IDLE,0
C3B93D0B,40269,40647.400,40647400,1001,1941,1932,90,90,FWD,9,54,1,IDLE,0
C3B93D0B,40270,40648.399,40648399,999,1943,1932,90,90,FWD,9,54,1,IDLE,0
C3B93D0B,40271,40649.400,40649400,1001,1943,1932,90,90,FWD,9,54,1,IDLE,0
C3B93D0B,40272,40650.400,40650400,1000,1942,1932,90,90,FWD,9,54,1,IDLE,0
C3B93D0B,40273,40651.400,40651400,1000,1943,1932,90,90,FWD,9,54,1,IDLE,0
C3B93D0B,40274,40652.399,40652399,999,1942,1932,90,90,FWD,9,54,1,IDLE,0
C3B93D0B,40275,40653.400,40653400,1001,1942,1932,90,90,FWD,9,54,1,IDLE,0
C3B93D0B,40276,40654.399,40654399,999,1941,1932,90,90,FWD,9,54,1,IDLE,0
C3B93D0B,40277,40655.400,40655400,1001,1942,1932,90,90,FWD,9,54,1,IDLE,0
C3B93D0B,40278,40656.399,40656399,999,1941,1932,90,90,FWD,9,54,1,IDLE,0
C3B93D0B,40279,40657.400,40657400,1001,1941,1932,90,90,FWD,9,54,1,IDLE,0
C3B93D0B,40280,40658.399,40658399,999,1941,1932,90,90,FWD,9,54,1,IDLE,0
C3B93D0B,40281,40659.400,40659400,1001,1940,1932,90,90,FWD,9,54,1,IDLE,0
C3B93D0B,40282,40660.400,40660400,1000,1942,1932,90,90,FWD,9,54,1,IDLE,0
C3B93D0B,40283,40661.400,40661400,1000,1939,1932,90,90,FWD,9,54,1,IDLE,0
C3B93D0B,40284,40662.399,40662399,999,1942,1932,90,90,FWD,9,54,1,IDLE,0
C3B93D0B,40285,40663.400,40663400,1001,1941,1932,90,90,FWD,9,54,1,IDLE,0
C3B93D0B,40286,40664.399,40664399,999,1941,1932,90,90,FWD,9,54,1,IDLE,0
C3B93D0B,40287,40665.400,40665400,1001,1942,1932,90,90,FWD,9,54,1,IDLE,0
C3B93D0B,40288,40666.399,40666399,999,1940,1932,90,90,FWD,9,54,1,IDLE,0
C3B93D0B,40289,40667.400,40667400,1001,1942,1932,90,90,FWD,9,54,1,IDLE,0
C3B93D0B,40290,40668.399,40668399,999,1942,1932,90,90,FWD,9,54,1,IDLE,0
C3B93D0B,40291,40669.400,40669400,1001,1940,1932,90,90,FWD,9,54,1,IDLE,0
C3B93D0B,40292,40670.400,40670400,1000,1941,1932,90,90,FWD,9,54,1,IDLE,0
C3B93D0B,40293,40671.400,40671400,1000,1941,1932,90,90,FWD,9,54,1,IDLE,0
C3B93D0B,40294,40672.399,40672399,999,1941,1932,90,90,FWD,9,54,1,IDLE,0
C3B93D0B,40295,40673.400,40673400,1001,1940,1932,90,90,FWD,9,54,1,IDLE,0
C3B93D0B,40296,40674.399,40674399,999,1931,1932,90,90,FWD,9,54,1,IDLE,0
C3B93D0B,40297,40675.400,40675400,1001,1930,1932,90,90,FWD,9,54,1,IDLE,0
C3B93D0B,40298,40676.399,40676399,999,1933,1932,90,90,FWD,9,54,1,IDLE,0
C3B93D0B,40299,40677.400,40677400,1001,1934,1932,90,90,FWD,9,54,1,IDLE,0
C3B93D0B,40300,40678.399,40678399,999,1933,1932,90,90,FWD,9,54,1,IDLE,0
C3B93D0B,40301,40679.400,40679400,1001,1936,1932,90,90,FWD,9,54,1,IDLE,0
C3B93D0B,40302,40680.516,40680516,1116,1943,1932,90,90,FWD,9,54,1,IDLE,0
C3B93D0B,40303,40682.175,40682175,1659,1931,1932,90,90,FWD,41,54,1,IDLE,0
C3B93D0B,40304,40682.724,40682724,549,1935,1932,90,90,FWD,9,54,1,IDLE,0
C3B93D0B,40305,40683.400,40683400,676,1936,1932,90,90,FWD,9,54,1,IDLE,0
C3B93D0B,40306,40684.408,40684408,1008,1932,1932,90,90,FWD,9,54,1,IDLE,0
C3B93D0B,40307,40685.400,40685400,992,1936,1932,90,90,FWD,9,54,1,IDLE,0
C3B93D0B,40308,40686.399,40686399,999,1929,1932,90,90,FWD,9,54,1,IDLE,0
C3B93D0B,40309,40687.400,40687400,1001,1935,1932,90,90,FWD,9,54,1,IDLE,0
C3B93D0B,40310,40688.399,40688399,999,1934,1932,90,90,FWD,9,54,1,IDLE,0
C3B93D0B,40311,40689.400,40689400,1001,1933,1932,90,90,FWD,9,54,1,IDLE,0
C3B93D0B,40312,40690.400,40690400,1000,1934,1932,90,90,FWD,9,54,1,IDLE,0
C3B93D0B,40313,40691.400,40691400,1000,1934,1932,90,90,FWD,9,54,1,IDLE,0
C3B93D0B,40314,40692.399,40692399,999,1934,1932,90,90,FWD,9,54,1,IDLE,0
C3B93D0B,40315,40693.400,40693400,1001,1936,1932,90,90,FWD,9,54,1,IDLE,0
C3B93D0B,40316,40694.399,40694399,999,1936,1932,90,90,FWD,9,54,1,IDLE,0
C3B93D0B,40317,40695.400,40695400,1001,1935,1932,90,90,FWD,9,54,1,IDLE,0
C3B93D0B,40318,40696.399,40696399,999,1936,1932,90,90,FWD,9,54,1,IDLE,0
C3B93D0B,40319,40697.400,40697400,1001,1934,1932,90,90,FWD,9,54,1,IDLE,0
C3B93D0B,40320,40698.399,40698399,999,1935,1932,90,90,FWD,9,54,1,IDLE,0
C3B93D0B,40321,40699.400,40699400,1001,1934,1932,90,90,FWD,9,54,1,IDLE,0
C3B93D0B,40322,40700.400,40700400,1000,1936,1932,90,90,FWD,9,54,1,IDLE,0
C3B93D0B,40323,40701.400,40701400,1000,1936,1932,90,90,FWD,9,54,1,IDLE,0
C3B93D0B,40324,40702.399,40702399,999,1935,1932,90,90,FWD,9,54,1,IDLE,0
C3B93D0B,40325,40703.400,40703400,1001,1936,1932,90,90,FWD,9,54,1,IDLE,0
C3B93D0B,40326,40704.399,40704399,999,1936,1932,90,90,FWD,9,54,1,IDLE,0
C3B93D0B,40327,40705.400,40705400,1001,1935,1932,90,90,FWD,9,54,1,IDLE,0
C3B93D0B,40328,40706.399,40706399,999,1935,1932,90,90,FWD,9,54,1,IDLE,0
C3B93D0B,40329,40707.400,40707400,1001,1933,1932,90,90,FWD,9,54,1,IDLE,0
C3B93D0B,40330,40708.399,40708399,999,1935,1932,90,90,FWD,9,54,1,IDLE,0
C3B93D0B,40331,40709.400,40709400,1001,1936,1932,90,90,FWD,9,54,1,IDLE,0
C3B93D0B,40332,40710.400,40710400,1000,1933,1932,90,90,FWD,9,54,1,IDLE,0
C3B93D0B,40333,40711.400,40711400,1000,1935,1932,90,90,FWD,9,54,1,IDLE,0
C3B93D0B,40334,40712.399,40712399,999,1935,1932,90,90,FWD,9,54,1,IDLE,0
C3B93D0B,40335,40713.400,40713400,1001,1934,1932,90,90,FWD,9,54,1,IDLE,0
C3B93D0B,40336,40714.399,40714399,999,1935,1932,90,90,FWD,9,54,1,IDLE,0
C3B93D0B,40337,40715.400,40715400,1001,1935,1932,90,90,FWD,9,54,1,IDLE,0
C3B93D0B,40338,40716.399,40716399,999,1935,1932,90,90,FWD,9,54,1,IDLE,0
C3B93D0B,40339,40717.400,40717400,1001,1936,1932,90,90,FWD,9,54,1,IDLE,0
C3B93D0B,40340,40718.399,40718399,999,1936,1932,90,90,FWD,9,54,1,IDLE,0
C3B93D0B,40341,40719.400,40719400,1001,1936,1932,90,90,FWD,9,54,1,IDLE,0
C3B93D0B,40342,40720.400,40720400,1000,1935,1932,90,90,FWD,9,54,1,IDLE,0
C3B93D0B,40343,40721.400,40721400,1000,1934,1932,90,90,FWD,9,54,1,IDLE,0
C3B93D0B,40344,40722.399,40722399,999,1936,1932,90,90,FWD,9,54,1,IDLE,0
C3B93D0B,40345,40723.400,40723400,1001,1935,1932,90,90,FWD,9,54,1,IDLE,0
C3B93D0B,40346,40724.399,40724399,999,1936,1932,90,90,FWD,9,54,1,IDLE,0
C3B93D0B,40347,40725.400,40725400,1001,1936,1932,90,90,FWD,9,54,1,IDLE,0
C3B93D0B,40348,40726.399,40726399,999,1936,1932,90,90,FWD,9,54,1,IDLE,0
C3B93D0B,40349,40727.400,40727400,1001,1936,1932,90,90,FWD,9,54,1,IDLE,0
C3B93D0B,40350,40728.399,40728399,999,1936,1932,90,90,FWD,9,54,1,IDLE,0
C3B93D0B,40351,40729.400,40729400,1001,1935,1932,90,90,FWD,9,54,1,IDLE,0
C3B93D0B,40352,40730.400,40730400,1000,1934,1932,90,90,FWD,9,54,1,IDLE,0
C3B93D0B,40353,40731.400,40731400,1000,1935,1932,90,90,FWD,9,54,1,IDLE,0
C3B93D0B,40354,40732.399,40732399,999,1936,1932,90,90,FWD,9,54,1,IDLE,0
C3B93D0B,40355,40733.400,40733400,1001,1936,1932,90,90,FWD,9,54,1,IDLE,0
C3B93D0B,40356,40734.399,40734399,999,1936,1932,90,90,FWD,9,54,1,IDLE,0
C3B93D0B,40357,40735.400,40735400,1001,1935,1932,90,90,FWD,9,54,1,IDLE,0
C3B93D0B,40358,40736.399,40736399,999,1935,1932,90,90,FWD,9,54,1,IDLE,0
C3B93D0B,40359,40737.400,40737400,1001,1932,1932,90,90,FWD,9,54,1,IDLE,0
C3B93D0B,40360,40738.399,40738399,999,1935,1932,90,90,FWD,9,54,1,IDLE,0
C3B93D0B,40361,40739.400,40739400,1001,1935,1932,90,90,FWD,9,54,1,IDLE,0
C3B93D0B,40362,40740.400,40740400,1000,1935,1932,90,90,FWD,9,54,1,IDLE,0
C3B93D0B,40363,40741.400,40741400,1000,1933,1932,90,90,FWD,9,54,1,IDLE,0
C3B93D0B,40364,40742.399,40742399,999,1936,1932,90,90,FWD,9,54,1,IDLE,0
C3B93D0B,40365,40743.400,40743400,1001,1935,1932,90,90,FWD,9,54,1,IDLE,0
C3B93D0B,40366,40744.399,40744399,999,1935,1932,90,90,FWD,9,54,1,IDLE,0
C3B93D0B,40367,40745.400,40745400,1001,1936,1932,90,90,FWD,9,54,1,IDLE,0
C3B93D0B,40368,40746.399,40746399,999,1936,1932,90,90,FWD,9,54,1,IDLE,0
C3B93D0B,40369,40747.400,40747400,1001,1934,1932,90,90,FWD,9,54,1,IDLE,0
C3B93D0B,40370,40748.399,40748399,999,1935,1932,90,90,FWD,9,54,1,IDLE,0
C3B93D0B,40371,40749.400,40749400,1001,1935,1932,90,90,FWD,9,54,1,IDLE,0
C3B93D0B,40372,40750.400,40750400,1000,1935,1932,90,90,FWD,9,54,1,IDLE,0
C3B93D0B,40373,40751.400,40751400,1000,1935,1932,90,90,FWD,9,54,1,IDLE,0
C3B93D0B,40374,40752.399,40752399,999,1934,1932,90,90,FWD,9,54,1,IDLE,0
C3B93D0B,40375,40753.400,40753400,1001,1934,1932,90,90,FWD,9,54,1,IDLE,0
C3B93D0B,40376,40754.399,40754399,999,1936,1932,90,90,FWD,9,54,1,IDLE,0
C3B93D0B,40377,40755.400,40755400,1001,1936,1932,90,90,FWD,9,54,1,IDLE,0
C3B93D0B,40378,40756.399,40756399,999,1936,1932,90,90,FWD,9,54,1,IDLE,0
C3B93D0B,40379,40757.425,40757425,1026,1943,1932,90,90,FWD,9,54,1,IDLE,0
C3B93D0B,40380,40758.399,40758399,974,1946,1932,90,90,FWD,9,54,1,IDLE,0
C3B93D0B,40381,40759.400,40759400,1001,1946,1932,90,90,FWD,9,54,1,IDLE,0
C3B93D0B,40382,40760.400,40760400,1000,1943,1932,90,90,FWD,9,54,1,IDLE,0
C3B93D0B,40383,40761.400,40761400,1000,1945,1932,90,90,FWD,9,54,1,IDLE,0
C3B93D0B,40384,40762.399,40762399,999,1943,1932,90,90,FWD,9,54,1,IDLE,0
C3B93D0B,40385,40763.400,40763400,1001,1943,1932,90,90,FWD,9,54,1,IDLE,0
C3B93D0B,40386,40764.399,40764399,999,1946,1932,90,90,FWD,9,54,1,IDLE,0
C3B93D0B,40387,40765.400,40765400,1001,1945,1932,90,90,FWD,9,54,1,IDLE,0
C3B93D0B,40388,40766.399,40766399,999,1945,1932,90,90,FWD,9,54,1,IDLE,0
C3B93D0B,40389,40767.400,40767400,1001,1946,1932,90,90,FWD,9,54,1,IDLE,0
C3B93D0B,40390,40768.399,40768399,999,1942,1932,90,90,FWD,9,54,1,IDLE,0
C3B93D0B,40391,40769.400,40769400,1001,1942,1932,90,90,FWD,9,54,1,IDLE,0
C3B93D0B,40392,40770.400,40770400,1000,1941,1932,90,90,FWD,9,54,1,IDLE,0
C3B93D0B,40393,40771.400,40771400,1000,1942,1932,90,90,FWD,9,54,1,IDLE,0
C3B93D0B,40394,40772.399,40772399,999,1943,1932,90,90,FWD,9,54,1,IDLE,0
C3B93D0B,40395,40773.400,40773400,1001,1942,1932,90,90,FWD,9,54,1,IDLE,0
C3B93D0B,40396,40774.399,40774399,999,1943,1932,90,90,FWD,9,54,1,IDLE,0
C3B93D0B,40397,40775.400,40775400,1001,1943,1932,90,90,FWD,9,54,1,IDLE,0
C3B93D0B,40398,40776.399,40776399,999,1941,1932,90,90,FWD,9,54,1,IDLE,0
C3B93D0B,40399,40777.410,40777410,1011,1934,1932,90,90,FWD,9,54,1,IDLE,0
C3B93D0B,40400,40778.399,40778399,989,1933,1932,90,90,FWD,9,54,1,IDLE,0
C3B93D0B,40401,40779.400,40779400,1001,1934,1932,90,90,FWD,9,54,1,IDLE,0
C3B93D0B,40402,40780.400,40780400,1000,1934,1932,90,90,FWD,9,54,1,IDLE,0
C3B93D0B,40403,40781.737,40781737,1337,1936,1932,90,90,FWD,41,54,1,IDLE,0
C3B93D0B,40404,40783.051,40783051,1314,1934,1932,90,90,FWD,41,54,1,IDLE,0
C3B93D0B,40405,40783.400,40783400,349,1935,1932,90,90,FWD,9,54,1,IDLE,0
C3B93D0B,40406,40784.399,40784399,999,1935,1932,90,90,FWD,9,54,1,IDLE,0
C3B93D0B,40407,40785.400,40785400,1001,1935,1932,90,90,FWD,9,54,1,IDLE,0
C3B93D0B,40408,40786.399,40786399,999,1934,1932,90,90,FWD,9,54,1,IDLE,0
C3B93D0B,40409,40787.400,40787400,1001,1935,1932,90,90,FWD,9,54,1,IDLE,0
C3B93D0B,40410,40788.399,40788399,999,1935,1932,90,90,FWD,9,54,1,IDLE,0
C3B93D0B,40411,40789.400,40789400,1001,1935,1932,90,90,FWD,9,54,1,IDLE,0
C3B93D0B,40412,40790.638,40790638,1238,1936,1932,90,90,FWD,9,54,1,IDLE,0
C3B93D0B,40413,40791.402,40791402,764,1933,1932,90,90,FWD,9,54,1,IDLE,0
C3B93D0B,40414,40792.401,40792401,999,1935,1932,90,90,FWD,9,54,1,IDLE,0
C3B93D0B,40415,40793.400,40793400,999,1934,1932,90,90,FWD,9,54,1,IDLE,0
C3B93D0B,40416,40794.399,40794399,999,1935,1932,90,90,FWD,9,54,1,IDLE,0
C3B93D0B,40417,40795.400,40795400,1001,1936,1932,90,90,FWD,9,54,1,IDLE,0
C3B93D0B,40418,40796.399,40796399,999,1933,1932,90,90,FWD,9,54,1,IDLE,0
C3B93D0B,40419,40797.400,40797400,1001,1934,1932,90,90,FWD,9,54,1,IDLE,0
C3B93D0B,40420,40798.399,40798399,999,1934,1932,90,90,FWD,9,54,1,IDLE,0
C3B93D0B,40421,40799.400,40799400,1001,1934,1932,90,90,FWD,9,54,1,IDLE,0
C3B93D0B,40422,40800.399,40800399,999,1935,1932,90,90,FWD,9,54,1,IDLE,0
C3B93D0B,40423,40801.401,40801401,1002,1935,1932,90,90,FWD,9,54,1,IDLE,0
C3B93D0B,40424,40802.399,40802399,998,1933,1932,90,90,FWD,9,54,1,IDLE,0
C3B93D0B,40425,40803.400,40803400,1001,1932,1932,90,90,FWD,9,54,1,IDLE,0
C3B93D0B,40426,40804.399,40804399,999,1931,1932,90,90,FWD,9,54,1,IDLE,0
C3B93D0B,40427,40805.400,40805400,1001,1933,1932,90,90,FWD,9,54,1,IDLE,0
C3B93D0B,40428,40806.399,40806399,999,1932,1932,90,90,FWD,9,54,1,IDLE,0
C3B93D0B,40429,40807.400,40807400,1001,1933,1932,90,90,FWD,9,54,1,IDLE,0
C3B93D0B,40430,40808.399,40808399,999,1931,1932,90,90,FWD,9,54,1,IDLE,0
C3B93D0B,40431,40809.400,40809400,1001,1931,1932,90,90,FWD,9,54,1,IDLE,0
C3B93D0B,40432,40810.399,40810399,999,1930,1932,90,90,FWD,9,54,1,IDLE,0
C3B93D0B,40433,40811.401,40811401,1002,1930,1932,90,90,FWD,9,54,1,IDLE,0
C3B93D0B,40434,40812.399,40812399,998,1930,1932,90,90,FWD,9,54,1,IDLE,0
C3B93D0B,40435,40813.400,40813400,1001,1930,1932,90,90,FWD,9,54,1,IDLE,0
C3B93D0B,40436,40814.399,40814399,999,1928,1932,90,90,FWD,9,54,1,IDLE,0
C3B93D0B,40437,40815.400,40815400,1001,1927,1932,90,90,FWD,9,54,1,IDLE,0
C3B93D0B,40438,40816.399,40816399,999,1930,1932,90,90,FWD,9,54,1,IDLE,0
C3B93D0B,40439,40817.400,40817400,1001,1930,1932,90,90,FWD,9,54,1,IDLE,0
C3B93D0B,40440,40818.399,40818399,999,1927,1932,90,90,FWD,9,54,1,IDLE,0
C3B93D0B,40441,40819.400,40819400,1001,1927,1932,90,90,FWD,9,54,1,IDLE,0
C3B93D0B,40442,40820.399,40820399,999,1927,1932,90,90,FWD,9,54,1,IDLE,0
C3B93D0B,40443,40821.401,40821401,1002,1927,1932,90,90,FWD,9,54,1,IDLE,0
C3B93D0B,40444,40822.399,40822399,998,1926,1932,90,90,FWD,9,54,1,IDLE,0
C3B93D0B,40445,40823.400,40823400,1001,1926,1932,90,90,FWD,9,54,1,IDLE,0
C3B93D0B,40446,40824.399,40824399,999,1926,1932,90,90,FWD,9,54,1,IDLE,0
C3B93D0B,40447,40825.400,40825400,1001,1923,1932,90,90,FWD,9,54,1,IDLE,0
C3B93D0B,40448,40826.399,40826399,999,1925,1932,90,90,FWD,9,54,1,IDLE,0
C3B93D0B,40449,40827.400,40827400,1001,1921,1932,90,90,FWD,9,54,1,IDLE,0
C3B93D0B,40450,40828.399,40828399,999,1922,1932,90,90,FWD,9,54,1,IDLE,0
C3B93D0B,40451,40829.400,40829400,1001,1922,1932,90,90,FWD,9,54,1,IDLE,0
C3B93D0B,40452,40830.399,40830399,999,1921,1932,90,90,FWD,9,54,1,IDLE,0
C3B93D0B,40453,40831.401,40831401,1002,1921,1932,90,90,FWD,9,54,1,IDLE,0
C3B93D0B,40454,40832.399,40832399,998,1919,1932,90,90,FWD,9,54,1,IDLE,0
C3B93D0B,40455,40833.400,40833400,1001,1919,1932,90,90,FWD,9,54,1,IDLE,0
C3B93D0B,40456,40834.399,40834399,999,1919,1932,90,90,FWD,9,54,1,IDLE,0
C3B93D0B,40457,40835.400,40835400,1001,1919,1932,90,90,FWD,9,54,1,IDLE,0
C3B93D0B,40458,40836.399,40836399,999,1918,1932,90,90,FWD,9,54,1,IDLE,0
C3B93D0B,40459,40837.400,40837400,1001,1916,1932,90,90,FWD,9,54,1,IDLE,0
C3B93D0B,40460,40838.399,40838399,999,1914,1932,90,90,FWD,9,54,1,IDLE,0
C3B93D0B,40461,40839.400,40839400,1001,1914,1932,90,90,FWD,9,54,1,IDLE,0
C3B93D0B,40462,40840.399,40840399,999,1913,1932,90,90,FWD,9,54,1,IDLE,0
C3B93D0B,40463,40841.401,40841401,1002,1911,1932,90,90,FWD,9,54,1,IDLE,0
C3B93D0B,40464,40842.399,40842399,998,1910,1932,90,90,FWD,9,54,1,IDLE,0
C3B93D0B,40465,40843.403,40843403,1004,1908,1932,90,90,FWD,9,54,1,IDLE,0
C3B93D0B,40466,40844.399,40844399,996,1907,1932,90,90,FWD,9,54,1,IDLE,0
C3B93D0B,40467,40845.400,40845400,1001,1904,1932,90,90,FWD,9,54,1,IDLE,0
C3B93D0B,40468,40846.399,40846399,999,1905,1932,90,90,FWD,9,54,1,IDLE,0
C3B93D0B,40469,40847.400,40847400,1001,1904,1932,90,90,FWD,9,54,1,IDLE,0
C3B93D0B,40470,40848.660,40848660,1260,1913,1932,90,90,FWD,41,54,1,IDLE,0
C3B93D0B,40471,40849.400,40849400,740,1914,1932,90,90,FWD,9,54,1,IDLE,0
C3B93D0B,40472,40850.399,40850399,999,1909,1932,90,90,FWD,9,54,1,IDLE,0
C3B93D0B,40473,40851.401,40851401,1002,1907,1932,90,90,FWD,9,54,1,IDLE,0
C3B93D0B,40474,40852.399,40852399,998,1904,1932,90,90,FWD,9,54,1,IDLE,0
C3B93D0B,40475,40853.400,40853400,1001,1904,1932,90,90,FWD,9,54,1,IDLE,0
C3B93D0B,40476,40854.399,40854399,999,1904,1932,90,90,FWD,9,54,1,IDLE,0
C3B93D0B,40477,40855.400,40855400,1001,1902,1932,90,90,FWD,9,54,1,IDLE,0
C3B93D0B,40478,40856.399,40856399,999,1901,1932,90,90,FWD,9,54,1,IDLE,0
C3B93D0B,40479,40857.400,40857400,1001,1899,1932,90,90,FWD,9,54,1,IDLE,0
C3B93D0B,40480,40858.399,40858399,999,1897,1932,90,90,FWD,9,54,1,IDLE,0
C3B93D0B,40481,40859.400,40859400,1001,1895,1932,90,90,FWD,9,54,1,IDLE,0
C3B93D0B,40482,40860.399,40860399,999,1891,1932,90,90,FWD,9,54,1,IDLE,0
C3B93D0B,40483,40861.401,40861401,1002,1887,1932,90,90,FWD,9,54,1,IDLE,0
C3B93D0B,40484,40862.399,40862399,998,1887,1932,90,90,FWD,9,54,1,IDLE,0
C3B93D0B,40485,40863.400,40863400,1001,1884,1932,90,90,FWD,9,54,1,IDLE,0
C3B93D0B,40486,40864.399,40864399,999,1883,1932,90,90,FWD,9,54,1,IDLE,0
C3B93D0B,40487,40865.400,40865400,1001,1879,1932,90,90,FWD,9,54,1,IDLE,0
C3B93D0B,40488,40866.399,40866399,999,1877,1932,90,90,FWD,9,54,1,IDLE,0
C3B93D0B,40489,40867.400,40867400,1001,1875,1932,90,90,FWD,9,54,1,IDLE,0
C3B93D0B,40490,40868.399,40868399,999,1872,1932,90,90,FWD,9,54,1,IDLE,0
C3B93D0B,40491,40869.400,40869400,1001,1872,1932,90,90,FWD,9,54,1,IDLE,0
C3B93D0B,40492,40870.399,40870399,999,1867,1932,90,90,FWD,9,54,1,IDLE,0
C3B93D0B,40493,40871.401,40871401,1002,1867,1932,90,90,FWD,9,54,1,IDLE,0
C3B93D0B,40494,40872.399,40872399,998,1863,1932,90,90,FWD,9,54,1,IDLE,0
C3B93D0B,40495,40873.400,40873400,1001,1860,1932,90,90,FWD,9,54,1,IDLE,0
C3B93D0B,40496,40874.399,40874399,999,1858,1932,90,90,FWD,25,54,1,IDLE,0
C3B93D0B,40497,40875.400,40875400,1001,1855,1932,90,90,FWD,25,54,1,IDLE,0
C3B93D0B,40498,40876.399,40876399,999,1854,1932,90,90,FWD,25,54,1,IDLE,0
C3B93D0B,40499,40877.400,40877400,1001,1853,1932,90,90,FWD,25,54,1,IDLE,0
C3B93D0B,40500,40878.399,40878399,999,1847,1932,90,90,FWD,25,54,1,IDLE,0
C3B93D0B,40501,40879.935,40879935,1536,1836,1932,90,90,FWD,57,54,1,IDLE,0
C3B93D0B,40502,40880.399,40880399,464,1831,1932,90,90,FWD,25,54,1,IDLE,0
C3B93D0B,40503,40881.400,40881400,1001,1829,1932,90,90,FWD,25,54,1,IDLE,0
C3B93D0B,40504,40882.778,40882778,1378,1824,1932,90,90,FWD,57,54,1,IDLE,0
C3B93D0B,40505,40883.399,40883399,621,1824,1932,90,90,FWD,25,54,1,IDLE,0
C3B93D0B,40506,40884.400,40884400,1001,1821,1932,90,90,FWD,25,54,1,IDLE,0
C3B93D0B,40507,40885.399,40885399,999,1820,1932,90,90,FWD,25,54,1,IDLE,0
C3B93D0B,40508,40886.857,40886857,1458,1813,1932,90,90,FWD,57,54,1,IDLE,0
C3B93D0B,40509,40888.013,40888013,1156,1809,1932,90,90,FWD,25,54,1,IDLE,0
C3B93D0B,40510,40888.400,40888400,387,1808,1932,90,90,FWD,25,54,1,IDLE,0
C3B93D0B,40511,40889.399,40889399,999,1808,1932,90,90,FWD,25,54,1,IDLE,0
C3B93D0B,40512,40890.400,40890400,1001,1806,1932,90,90,FWD,25,54,1,IDLE,0
C3B93D0B,40513,40891.400,40891400,1000,1805,1932,90,90,FWD,25,54,1,IDLE,0
C3B93D0B,40514,40892.400,40892400,1000,1802,1932,90,90,FWD,25,54,1,IDLE,0
C3B93D0B,40515,40893.399,40893399,999,1798,1932,90,90,FWD,25,54,1,IDLE,0
C3B93D0B,40516,40894.400,40894400,1001,1795,1932,90,90,FWD,25,54,1,IDLE,0
C3B93D0B,40517,40895.399,40895399,999,1793,1932,90,90,FWD,25,54,1,IDLE,0
C3B93D0B,40518,40896.400,40896400,1001,1791,1932,90,90,FWD,25,54,1,IDLE,0
C3B93D0B,40519,40897.399,40897399,999,1791,1932,90,90,FWD,25,54,1,IDLE,0
C3B93D0B,40520,40898.400,40898400,1001,1787,1932,90,90,FWD,25,54,1,IDLE,0
C3B93D0B,40521,40899.399,40899399,999,1785,1932,90,90,FWD,25,54,1,IDLE,0
C3B93D0B,40522,40900.400,40900400,1001,1783,1932,90,90,FWD,25,54,1,IDLE,0
C3B93D0B,40523,40901.400,40901400,1000,1780,1932,90,90,FWD,25,54,1,IDLE,0
C3B93D0B,40524,40902.400,40902400,1000,1778,1932,90,90,FWD,25,54,1,IDLE,0
C3B93D0B,40525,40903.399,40903399,999,1776,1932,90,90,FWD,25,54,1,IDLE,0
C3B93D0B,40526,40904.400,40904400,1001,1775,1932,90,90,FWD,25,54,1,IDLE,0
C3B93D0B,40527,40905.399,40905399,999,1775,1932,90,90,FWD,25,54,1,IDLE,0
C3B93D0B,40528,40906.400,40906400,1001,1771,1932,90,90,FWD,25,54,1,IDLE,0
C3B93D0B,40529,40907.399,40907399,999,1770,1932,90,90,FWD,25,54,1,IDLE,0
C3B93D0B,40530,40908.400,40908400,1001,1769,1932,90,90,FWD,25,54,1,IDLE,0
C3B93D0B,40531,40909.399,40909399,999,1766,1932,90,90,FWD,25,54,1,IDLE,0
C3B93D0B,40532,40910.400,40910400,1001,1763,1932,90,90,FWD,25,54,1,IDLE,0
C3B93D0B,40533,40911.400,40911400,1000,1761,1932,90,90,FWD,25,54,1,IDLE,0
C3B93D0B,40534,40912.400,40912400,1000,1757,1932,90,90,FWD,25,54,1,IDLE,0
C3B93D0B,40535,40913.399,40913399,999,1759,1932,90,90,FWD,25,54,1,IDLE,0
C3B93D0B,40536,40914.400,40914400,1001,1760,1932,90,90,FWD,25,54,1,IDLE,0
C3B93D0B,40537,40915.399,40915399,999,1759,1932,90,90,FWD,25,54,1,IDLE,0
C3B93D0B,40538,40916.400,40916400,1001,1759,1932,90,90,FWD,25,54,1,IDLE,0
C3B93D0B,40539,40917.399,40917399,999,1755,1932,90,90,FWD,25,54,1,IDLE,0
C3B93D0B,40540,40918.400,40918400,1001,1755,1932,90,90,FWD,25,54,1,IDLE,0
C3B93D0B,40541,40919.399,40919399,999,1757,1932,90,90,FWD,25,54,1,IDLE,0
C3B93D0B,40542,40920.400,40920400,1001,1756,1932,90,90,FWD,25,54,1,IDLE,0
C3B93D0B,40543,40921.400,40921400,1000,1753,1932,90,90,FWD,25,54,1,IDLE,0
C3B93D0B,40544,40922.400,40922400,1000,1753,1932,90,90,FWD,25,54,1,IDLE,0
C3B93D0B,40545,40923.399,40923399,999,1753,1932,90,90,FWD,25,54,1,IDLE,0
C3B93D0B,40546,40924.400,40924400,1001,1749,1932,90,90,FWD,25,54,1,IDLE,0
C3B93D0B,40547,40925.399,40925399,999,1751,1932,90,90,FWD,25,54,1,IDLE,0
C3B93D0B,40548,40926.400,40926400,1001,1751,1932,90,90,FWD,25,54,1,IDLE,0
C3B93D0B,40549,40927.399,40927399,999,1749,1932,90,90,FWD,25,54,1,IDLE,0
C3B93D0B,40550,40928.400,40928400,1001,1748,1932,90,90,FWD,25,54,1,IDLE,0
C3B93D0B,40551,40929.399,40929399,999,1750,1932,90,90,FWD,25,54,1,IDLE,0
C3B93D0B,40552,40930.400,40930400,1001,1748,1932,90,90,FWD,25,54,1,IDLE,0
C3B93D0B,40553,40931.400,40931400,1000,1751,1932,90,90,FWD,25,54,1,IDLE,0
C3B93D0B,40554,40932.400,40932400,1000,1750,1932,90,90,FWD,25,54,1,IDLE,0
C3B93D0B,40555,40933.399,40933399,999,1751,1932,90,90,FWD,25,54,1,IDLE,0
C3B93D0B,40556,40934.400,40934400,1001,1751,1932,90,90,FWD,25,54,1,IDLE,0
C3B93D0B,40557,40935.399,40935399,999,1757,1932,90,90,FWD,25,54,1,IDLE,0
C3B93D0B,40558,40936.400,40936400,1001,1753,1932,90,90,FWD,25,54,1,IDLE,0
C3B93D0B,40559,40937.399,40937399,999,1755,1932,90,90,FWD,25,54,1,IDLE,0
C3B93D0B,40560,40938.403,40938403,1004,1756,1932,90,90,FWD,25,54,1,IDLE,0
C3B93D0B,40561,40939.399,40939399,996,1756,1932,90,90,FWD,25,54,1,IDLE,0
C3B93D0B,40562,40940.400,40940400,1001,1757,1932,90,90,FWD,25,54,1,IDLE,0
C3B93D0B,40563,40941.400,40941400,1000,1755,1932,90,90,FWD,25,54,1,IDLE,0
C3B93D0B,40564,40942.400,40942400,1000,1760,1932,90,90,FWD,25,54,1,IDLE,0
C3B93D0B,40565,40943.399,40943399,999,1762,1932,90,90,FWD,25,54,1,IDLE,0
C3B93D0B,40566,40944.403,40944403,1004,1776,1932,90,90,FWD,25,54,1,IDLE,0
C3B93D0B,40567,40945.399,40945399,996,1776,1932,90,90,FWD,25,54,1,IDLE,0
C3B93D0B,40568,40946.400,40946400,1001,1776,1932,90,90,FWD,25,54,1,IDLE,0
C3B93D0B,40569,40947.399,40947399,999,1776,1932,90,90,FWD,25,54,1,IDLE,0
C3B93D0B,40570,40948.400,40948400,1001,1776,1932,90,90,FWD,25,54,1,IDLE,0
C3B93D0B,40571,40949.399,40949399,999,1778,1932,90,90,FWD,25,54,1,IDLE,0
C3B93D0B,40572,40950.400,40950400,1001,1777,1932,90,90,FWD,25,54,1,IDLE,0
C3B93D0B,40573,40951.400,40951400,1000,1781,1932,90,90,FWD,25,54,1,IDLE,0
C3B93D0B,40574,40952.400,40952400,1000,1781,1932,90,90,FWD,25,54,1,IDLE,0
C3B93D0B,40575,40953.399,40953399,999,1783,1932,90,90,FWD,25,54,1,IDLE,0
C3B93D0B,40576,40954.400,40954400,1001,1786,1932,90,90,FWD,25,54,1,IDLE,0
C3B93D0B,40577,40955.399,40955399,999,1789,1932,90,90,FWD,25,54,1,IDLE,0
C3B93D0B,40578,40956.400,40956400,1001,1790,1932,90,90,FWD,25,54,1,IDLE,0
C3B93D0B,40579,40957.399,40957399,999,1793,1932,90,90,FWD,25,54,1,IDLE,0
C3B93D0B,40580,40958.400,40958400,1001,1795,1932,90,90,FWD,25,54,1,IDLE,0
C3B93D0B,40581,40959.399,40959399,999,1795,1932,90,90,FWD,25,54,1,IDLE,0
C3B93D0B,40582,40960.400,40960400,1001,1797,1932,90,90,FWD,25,54,1,IDLE,0
C3B93D0B,40583,40961.400,40961400,1000,1803,1932,90,90,FWD,25,54,1,IDLE,0
C3B93D0B,40584,40962.400,40962400,1000,1804,1932,90,90,FWD,25,54,1,IDLE,0
C3B93D0B,40585,40963.399,40963399,999,1807,1932,90,90,FWD,25,54,1,IDLE,0
C3B93D0B,40586,40964.400,40964400,1001,1808,1932,90,90,FWD,25,54,1,IDLE,0
C3B93D0B,40587,40965.399,40965399,999,1808,1932,90,90,FWD,25,54,1,IDLE,0
C3B93D0B,40588,40966.400,40966400,1001,1813,1932,90,90,FWD,25,54,1,IDLE,0
C3B93D0B,40589,40967.399,40967399,999,1815,1932,90,90,FWD,25,54,1,IDLE,0
C3B93D0B,40590,40968.400,40968400,1001,1819,1932,90,90,FWD,25,54,1,IDLE,0
C3B93D0B,40591,40969.399,40969399,999,1823,1932,90,90,FWD,25,54,1,IDLE,0
C3B93D0B,40592,40970.400,40970400,1001,1825,1932,90,90,FWD,25,54,1,IDLE,0
C3B93D0B,40593,40971.400,40971400,1000,1829,1932,90,90,FWD,25,54,1,IDLE,0
C3B93D0B,40594,40972.400,40972400,1000,1830,1932,90,90,FWD,25,54,1,IDLE,0
C3B93D0B,40595,40973.399,40973399,999,1834,1932,90,90,FWD,25,54,1,IDLE,0
C3B93D0B,40596,40974.400,40974400,1001,1836,1932,90,90,FWD,25,54,1,IDLE,0
C3B93D0B,40597,40975.399,40975399,999,1840,1932,90,90,FWD,25,54,1,IDLE,0
C3B93D0B,40598,40976.400,40976400,1001,1840,1932,90,90,FWD,25,54,1,IDLE,0
C3B93D0B,40599,40977.399,40977399,999,1843,1932,90,90,FWD,25,54,1,IDLE,0
C3B93D0B,40600,40978.400,40978400,1001,1847,1932,90,90,FWD,25,54,1,IDLE,0
C3B93D0B,40601,40979.399,40979399,999,1850,1932,90,90,FWD,25,54,1,IDLE,0
C3B93D0B,40602,40980.400,40980400,1001,1853,1932,90,90,FWD,25,54,1,IDLE,0
C3B93D0B,40603,40981.400,40981400,1000,1845,1932,90,90,FWD,25,54,1,IDLE,0
C3B93D0B,40604,40983.026,40983026,1626,1852,1932,90,90,FWD,57,54,1,IDLE,0
C3B93D0B,40605,40983.568,40983568,542,1850,1932,90,90,FWD,25,54,1,IDLE,0
C3B93D0B,40606,40984.400,40984400,832,1855,1932,90,90,FWD,25,54,1,IDLE,0
C3B93D0B,40607,40985.399,40985399,999,1856,1932,90,90,FWD,25,54,1,IDLE,0
C3B93D0B,40608,40986.400,40986400,1001,1859,1932,90,90,FWD,25,54,1,IDLE,0
C3B93D0B,40609,40987.415,40987415,1015,1862,1932,90,90,FWD,25,54,1,IDLE,0
C3B93D0B,40610,40988.400,40988400,985,1865,1932,90,90,FWD,25,54,1,IDLE,0
C3B93D0B,40611,40989.399,40989399,999,1870,1932,90,90,FWD,25,54,1,IDLE,0
C3B93D0B,40612,40990.400,40990400,1001,1871,1932,90,90,FWD,25,54,1,IDLE,0
C3B93D0B,40613,40991.400,40991400,1000,1872,1932,90,90,FWD,25,54,1,IDLE,0
C3B93D0B,40614,40992.400,40992400,1000,1874,1932,90,90,FWD,25,54,1,IDLE,0
C3B93D0B,40615,40993.399,40993399,999,1877,1932,90,90,FWD,25,54,1,IDLE,0
C3B93D0B,40616,40994.400,40994400,1001,1883,1932,90,90,FWD,25,54,1,IDLE,0
C3B93D0B,40617,40995.399,40995399,999,1885,1932,90,90,FWD,25,54,1,IDLE,0
C3B93D0B,40618,40996.400,40996400,1001,1886,1932,90,90,FWD,25,54,1,IDLE,0
C3B93D0B,40619,40997.399,40997399,999,1889,1932,90,90,FWD,25,54,1,IDLE,0
C3B93D0B,40620,40998.400,40998400,1001,1893,1932,90,90,FWD,25,54,1,IDLE,0
C3B93D0B,40621,40999.399,40999399,999,1892,1932,90,90,FWD,25,54,1,IDLE,0
C3B93D0B,40622,41000.400,41000400,1001,1894,1932,90,90,FWD,25,54,1,IDLE,0
C3B93D0B,40623,41001.400,41001400,1000,1899,1932,90,90,FWD,25,54,1,IDLE,0
C3B93D0B,40624,41002.400,41002400,1000,1901,1932,90,90,FWD,25,54,1,IDLE,0
C3B93D0B,40625,41003.399,41003399,999,1902,1932,90,90,FWD,25,54,1,IDLE,0
C3B93D0B,40626,41004.400,41004400,1001,1904,1932,90,90,FWD,25,54,1,IDLE,0
C3B93D0B,40627,41005.399,41005399,999,1904,1932,90,90,FWD,25,54,1,IDLE,0
C3B93D0B,40628,41006.400,41006400,1001,1906,1932,90,90,FWD,25,54,1,IDLE,0
C3B93D0B,40629,41007.399,41007399,999,1910,1932,90,90,FWD,25,54,1,IDLE,0
C3B93D0B,40630,41008.400,41008400,1001,1913,1932,90,90,FWD,25,54,1,IDLE,0
C3B93D0B,40631,41009.399,41009399,999,1914,1932,90,90,FWD,25,54,1,IDLE,0
C3B93D0B,40632,41010.400,41010400,1001,1907,1932,90,90,FWD,25,54,1,IDLE,0
C3B93D0B,40633,41011.400,41011400,1000,1915,1932,90,90,FWD,25,54,1,IDLE,0
C3B93D0B,40634,41012.400,41012400,1000,1917,1932,90,90,FWD,25,54,1,IDLE,0
C3B93D0B,40635,41013.399,41013399,999,1920,1932,90,90,FWD,25,54,1,IDLE,0
C3B93D0B,40636,41014.400,41014400,1001,1919,1932,90,90,FWD,25,54,1,IDLE,0
C3B93D0B,40637,41015.399,41015399,999,1920,1932,90,90,FWD,25,54,1,IDLE,0
C3B93D0B,40638,41016.400,41016400,1001,1920,1932,90,90,FWD,25,54,1,IDLE,0
C3B93D0B,40639,41017.399,41017399,999,1923,1932,90,90,FWD,25,54,1,IDLE,0
C3B93D0B,40640,41018.400,41018400,1001,1925,1932,90,90,FWD,25,54,1,IDLE,0
C3B93D0B,40641,41019.399,41019399,999,1924,1932,90,90,FWD,25,54,1,IDLE,0
C3B93D0B,40642,41020.400,41020400,1001,1925,1932,90,90,FWD,9,54,1,IDLE,0
C3B93D0B,40643,41021.400,41021400,1000,1925,1932,90,90,FWD,9,54,1,IDLE,0
C3B93D0B,40644,41022.559,41022559,1159,1924,1932,90,90,FWD,9,54,1,IDLE,0
C3B93D0B,40645,41023.402,41023402,843,1927,1932,90,90,FWD,9,54,1,IDLE,0
C3B93D0B,40646,41024.401,41024401,999,1927,1932,90,90,FWD,9,54,1,IDLE,0
C3B93D0B,40647,41025.399,41025399,998,1929,1932,90,90,FWD,9,54,1,IDLE,0
C3B93D0B,40648,41026.399,41026399,1000,1932,1932,90,90,FWD,9,54,1,IDLE,0
C3B93D0B,40649,41028.307,41028307,1908,1932,1932,90,90,FWD,41,54,1,IDLE,0
C3B93D0B,40650,41028.887,41028887,580,1931,1932,90,90,FWD,9,54,1,IDLE,0
C3B93D0B,40651,41030.142,41030142,1255,1933,1932,90,90,FWD,41,54,1,IDLE,0
C3B93D0B,40652,41030.432,41030432,290,1934,1932,90,90,FWD,9,54,1,IDLE,0
C3B93D0B,40653,41031.399,41031399,967,1936,1932,90,90,FWD,9,54,1,IDLE,0
C3B93D0B,40654,41032.399,41032399,1000,1935,1932,90,90,FWD,9,54,1,IDLE,0
C3B93D0B,40655,41033.399,41033399,1000,1936,1932,90,90,FWD,9,54,1,IDLE,0
C3B93D0B,40656,41034.400,41034400,1001,1936,1932,90,90,FWD,9,54,1,IDLE,0
C3B93D0B,40657,41035.399,41035399,999,1936,1932,90,90,FWD,9,54,1,IDLE,0
C3B93D0B,40658,41036.399,41036399,1000,1936,1932,90,90,FWD,9,54,1,IDLE,0
C3B93D0B,40659,41037.399,41037399,1000,1936,1932,90,90,FWD,9,54,1,IDLE,0
C3B93D0B,40660,41038.399,41038399,1000,1937,1932,90,90,FWD,9,54,1,IDLE,0
C3B93D0B,40661,41039.399,41039399,1000,1937,1932,90,90,FWD,9,54,1,IDLE,0
C3B93D0B,40662,41040.529,41040529,1130,1938,1932,90,90,FWD,9,54,1,IDLE,0
C3B93D0B,40663,41041.399,41041399,870,1937,1932,90,90,FWD,9,54,1,IDLE,0
C3B93D0B,40664,41042.399,41042399,1000,1938,1932,90,90,FWD,9,54,1,IDLE,0
C3B93D0B,40665,41043.399,41043399,1000,1938,1932,90,90,FWD,9,54,1,IDLE,0
C3B93D0B,40666,41044.400,41044400,1001,1938,1932,90,90,FWD,9,54,1,IDLE,0
C3B93D0B,40667,41045.399,41045399,999,1936,1932,90,90,FWD,9,54,1,IDLE,0
C3B93D0B,40668,41046.399,41046399,1000,1938,1932,90,90,FWD,9,54,1,IDLE,0
C3B93D0B,40669,41047.399,41047399,1000,1937,1932,90,90,FWD,9,54,1,IDLE,0
C3B93D0B,40670,41048.399,41048399,1000,1937,1932,90,90,FWD,9,54,1,IDLE,0
C3B93D0B,40671,41049.399,41049399,1000,1937,1932,90,90,FWD,9,54,1,IDLE,0
C3B93D0B,40672,41050.399,41050399,1000,1939,1932,90,90,FWD,9,54,1,IDLE,0
C3B93D0B,40673,41051.399,41051399,1000,1938,1932,90,90,FWD,9,54,1,IDLE,0
C3B93D0B,40674,41052.399,41052399,1000,1938,1932,90,90,FWD,9,54,1,IDLE,0
C3B93D0B,40675,41053.399,41053399,1000,1939,1932,90,90,FWD,9,54,1,IDLE,0
C3B93D0B,40676,41054.400,41054400,1001,1939,1932,90,90,FWD,9,54,1,IDLE,0
C3B93D0B,40677,41055.401,41055401,1001,1937,1932,90,90,FWD,9,54,1,IDLE,0
C3B93D0B,40678,41056.468,41056468,1067,1941,1932,90,90,FWD,9,54,1,IDLE,0
C3B93D0B,40679,41057.401,41057401,933,1939,1932,90,90,FWD,9,54,1,IDLE,0
C3B93D0B,40680,41058.402,41058402,1001,1938,1932,90,90,FWD,9,54,1,IDLE,0
C3B93D0B,40681,41059.401,41059401,999,1941,1932,90,90,FWD,9,54,1,IDLE,0
C3B93D0B,40682,41060.400,41060400,999,1941,1932,90,90,FWD,9,54,1,IDLE,0
C3B93D0B,40683,41061.399,41061399,999,1939,1932,90,90,FWD,9,54,1,IDLE,0
C3B93D0B,40684,41063.318,41063318,1919,1941,1932,90,90,FWD,41,54,1,IDLE,0
C3B93D0B,40685,41063.655,41063655,337,1937,1932,90,90,FWD,9,54,1,IDLE,0
C3B93D0B,40686,41064.400,41064400,745,1942,1932,90,90,FWD,9,54,1,IDLE,0
C3B93D0B,40687,41065.527,41065527,1127,1941,1932,90,90,FWD,9,54,1,IDLE,0
C3B93D0B,40688,41066.400,41066400,873,1940,1932,90,90,FWD,9,54,1,IDLE,0
C3B93D0B,40689,41067.399,41067399,999,1941,1932,90,90,FWD,9,54,1,IDLE,0
C3B93D0B,40690,41068.400,41068400,1001,1939,1932,90,90,FWD,9,54,1,IDLE,0
C3B93D0B,40691,41069.400,41069400,1000,1942,1932,90,90,FWD,9,54,1,IDLE,0
C3B93D0B,40692,41070.400,41070400,1000,1943,1932,90,90,FWD,9,54,1,IDLE,0
C3B93D0B,40693,41071.399,41071399,999,1939,1932,90,90,FWD,9,54,1,IDLE,0
C3B93D0B,40694,41072.400,41072400,1001,1938,1932,90,90,FWD,9,54,1,IDLE,0
C3B93D0B,40695,41073.399,41073399,999,1939,1932,90,90,FWD,9,54,1,IDLE,0
C3B93D0B,40696,41074.400,41074400,1001,1939,1932,90,90,FWD,9,54,1,IDLE,0
C3B93D0B,40697,41075.399,41075399,999,1939,1932,90,90,FWD,9,54,1,IDLE,0
C3B93D0B,40698,41076.400,41076400,1001,1937,1932,90,90,FWD,9,54,1,IDLE,0
C3B93D0B,40699,41077.399,41077399,999,1939,1932,90,90,FWD,9,54,1,IDLE,0
C3B93D0B,40700,41078.400,41078400,1001,1941,1932,90,90,FWD,9,55,1,IDLE,0
C3B93D0B,40701,41079.400,41079400,1000,1942,1932,90,90,FWD,9,55,1,IDLE,0
C3B93D0B,40702,41080.747,41080747,1347,1937,1932,90,90,FWD,41,55,1,IDLE,0
C3B93D0B,40703,41081.399,41081399,652,1941,1932,90,90,FWD,9,55,1,IDLE,0
C3B93D0B,40704,41082.614,41082614,1215,1937,1932,90,90,FWD,9,55,1,IDLE,0
C3B93D0B,40705,41083.399,41083399,785,1937,1932,90,90,FWD,9,55,1,IDLE,0
C3B93D0B,40706,41084.400,41084400,1001,1939,1932,90,90,FWD,9,55,1,IDLE,0
C3B93D0B,40707,41085.399,41085399,999,1938,1932,90,90,FWD,9,55,1,IDLE,0
C3B93D0B,40708,41086.400,41086400,1001,1937,1932,90,90,FWD,9,55,1,IDLE,0
C3B93D0B,40709,41087.399,41087399,999,1937,1932,90,90,FWD,9,55,1,IDLE,0
C3B93D0B,40710,41088.400,41088400,1001,1938,1932,90,90,FWD,9,55,1,IDLE,0
C3B93D0B,40711,41089.517,41089517,1117,1938,1932,90,90,FWD,9,55,1,IDLE,0
C3B93D0B,40712,41090.401,41090401,884,1941,1932,90,90,FWD,9,55,1,IDLE,0
C3B93D0B,40713,41091.399,41091399,998,1937,1932,90,90,FWD,9,55,1,IDLE,0
C3B93D0B,40714,41092.400,41092400,1001,1939,1932,90,90,FWD,9,55,1,IDLE,0
C3B93D0B,40715,41093.399,41093399,999,1938,1932,90,90,FWD,9,55,1,IDLE,0
C3B93D0B,40716,41094.400,41094400,1001,1939,1932,90,90,FWD,9,55,1,IDLE,0
C3B93D0B,40717,41095.399,41095399,999,1939,1932,90,90,FWD,9,55,1,IDLE,0
C3B93D0B,40718,41096.400,41096400,1001,1938,1932,90,90,FWD,9,55,1,IDLE,0
C3B93D0B,40719,41097.399,41097399,999,1938,1932,90,90,FWD,9,55,1,IDLE,0
C3B93D0B,40720,41098.400,41098400,1001,1939,1932,90,90,FWD,9,55,1,IDLE,0
C3B93D0B,40721,41099.399,41099399,999,1937,1932,90,90,FWD,9,55,1,IDLE,0
C3B93D0B,40722,41100.401,41100401,1002,1938,1932,90,90,FWD,9,55,1,IDLE,0
C3B93D0B,40723,41101.399,41101399,998,1936,1932,90,90,FWD,9,55,1,IDLE,0
C3B93D0B,40724,41102.400,41102400,1001,1936,1932,90,90,FWD,9,55,1,IDLE,0
C3B93D0B,40725,41103.399,41103399,999,1939,1932,90,90,FWD,9,55,1,IDLE,0
C3B93D0B,40726,41104.400,41104400,1001,1939,1932,90,90,FWD,9,55,1,IDLE,0
C3B93D0B,40727,41105.399,41105399,999,1937,1932,90,90,FWD,9,55,1,IDLE,0
C3B93D0B,40728,41106.400,41106400,1001,1937,1932,90,90,FWD,9,55,1,IDLE,0
C3B93D0B,40729,41107.399,41107399,999,1938,1932,90,90,FWD,9,55,1,IDLE,0
C3B93D0B,40730,41108.400,41108400,1001,1937,1932,90,90,FWD,9,55,1,IDLE,0
C3B93D0B,40731,41109.399,41109399,999,1937,1932,90,90,FWD,9,55,1,IDLE,0
C3B93D0B,40732,41110.401,41110401,1002,1936,1932,90,90,FWD,9,55,1,IDLE,0
C3B93D0B,40733,41111.399,41111399,998,1937,1932,90,90,FWD,9,55,1,IDLE,0
C3B93D0B,40734,41112.400,41112400,1001,1937,1932,90,90,FWD,9,55,1,IDLE,0
C3B93D0B,40735,41113.399,41113399,999,1936,1932,90,90,FWD,9,55,1,IDLE,0
C3B93D0B,40736,41114.400,41114400,1001,1936,1932,90,90,FWD,9,55,1,IDLE,0
C3B93D0B,40737,41115.399,41115399,999,1937,1932,90,90,FWD,9,55,1,IDLE,0
C3B93D0B,40738,41116.400,41116400,1001,1936,1932,90,90,FWD,9,55,1,IDLE,0
C3B93D0B,40739,41117.399,41117399,999,1937,1932,90,90,FWD,9,55,1,IDLE,0
C3B93D0B,40740,41118.400,41118400,1001,1936,1932,90,90,FWD,9,55,1,IDLE,0
C3B93D0B,40741,41119.399,41119399,999,1936,1932,90,90,FWD,9,55,1,IDLE,0
C3B93D0B,40742,41120.401,41120401,1002,1938,1932,90,90,FWD,9,55,1,IDLE,0
C3B93D0B,40743,41121.399,41121399,998,1937,1932,90,90,FWD,9,55,1,IDLE,0
C3B93D0B,40744,41122.400,41122400,1001,1937,1932,90,90,FWD,9,55,1,IDLE,0
C3B93D0B,40745,41123.399,41123399,999,1936,1932,90,90,FWD,9,55,1,IDLE,0
C3B93D0B,40746,41124.400,41124400,1001,1937,1932,90,90,FWD,9,55,1,IDLE,0
C3B93D0B,40747,41125.399,41125399,999,1937,1932,90,90,FWD,9,55,1,IDLE,0
C3B93D0B,40748,41126.400,41126400,1001,1936,1932,90,90,FWD,9,55,1,IDLE,0
C3B93D0B,40749,41127.399,41127399,999,1937,1932,90,90,FWD,9,55,1,IDLE,0
C3B93D0B,40750,41128.400,41128400,1001,1936,1932,90,90,FWD,9,55,1,IDLE,0
C3B93D0B,40751,41129.399,41129399,999,1936,1932,90,90,FWD,9,55,1,IDLE,0
C3B93D0B,40752,41130.401,41130401,1002,1936,1932,90,90,FWD,9,55,1,IDLE,0
C3B93D0B,40753,41131.399,41131399,998,1936,1932,90,90,FWD,9,55,1,IDLE,0
C3B93D0B,40754,41132.400,41132400,1001,1936,1932,90,90,FWD,9,55,1,IDLE,0
C3B93D0B,40755,41133.399,41133399,999,1937,1932,90,90,FWD,9,55,1,IDLE,0
C3B93D0B,40756,41134.400,41134400,1001,1936,1932,90,90,FWD,9,55,1,IDLE,0
C3B93D0B,40757,41135.399,41135399,999,1936,1932,90,90,FWD,9,55,1,IDLE,0
C3B93D0B,40758,41136.400,41136400,1001,1936,1932,90,90,FWD,9,55,1,IDLE,0
C3B93D0B,40759,41137.399,41137399,999,1936,1932,90,90,FWD,9,55,1,IDLE,0
C3B93D0B,40760,41138.400,41138400,1001,1936,1932,90,90,FWD,9,55,1,IDLE,0
C3B93D0B,40761,41139.615,41139615,1215,1947,1932,90,90,FWD,9,55,1,IDLE,0
C3B93D0B,40762,41140.401,41140401,786,1946,1932,90,90,FWD,9,55,1,IDLE,0
C3B93D0B,40763,41141.399,41141399,998,1947,1932,90,90,FWD,9,55,1,IDLE,0
C3B93D0B,40764,41142.400,41142400,1001,1946,1932,90,90,FWD,9,55,1,IDLE,0
C3B93D0B,40765,41143.399,41143399,999,1947,1932,90,90,FWD,9,55,1,IDLE,0
C3B93D0B,40766,41144.400,41144400,1001,1949,1932,90,90,FWD,9,55,1,IDLE,0
C3B93D0B,40767,41145.399,41145399,999,1947,1932,90,90,FWD,9,55,1,IDLE,0
C3B93D0B,40768,41146.400,41146400,1001,1946,1932,90,90,FWD,9,55,1,IDLE,0
C3B93D0B,40769,41147.399,41147399,999,1946,1932,90,90,FWD,9,55,1,IDLE,0
C3B93D0B,40770,41148.400,41148400,1001,1947,1932,90,90,FWD,9,55,1,IDLE,0
C3B93D0B,40771,41149.399,41149399,999,1946,1932,90,90,FWD,9,55,1,IDLE,0
C3B93D0B,40772,41150.401,41150401,1002,1945,1932,90,90,FWD,9,55,1,IDLE,0
C3B93D0B,40773,41151.399,41151399,998,1943,1932,90,90,FWD,9,55,1,IDLE,0
C3B93D0B,40774,41152.400,41152400,1001,1946,1932,90,90,FWD,9,55,1,IDLE,0
C3B93D0B,40775,41153.399,41153399,999,1945,1932,90,90,FWD,9,55,1,IDLE,0
C3B93D0B,40776,41154.400,41154400,1001,1943,1932,90,90,FWD,9,55,1,IDLE,0
C3B93D0B,40777,41155.399,41155399,999,1945,1932,90,90,FWD,9,55,1,IDLE,0
C3B93D0B,40778,41156.400,41156400,1001,1943,1932,90,90,FWD,9,55,1,IDLE,0
C3B93D0B,40779,41157.399,41157399,999,1945,1932,90,90,FWD,9,55,1,IDLE,0
C3B93D0B,40780,41158.400,41158400,1001,1943,1932,90,90,FWD,9,55,1,IDLE,0
C3B93D0B,40781,41159.399,41159399,999,1943,1932,90,90,FWD,9,55,1,IDLE,0
C3B93D0B,40782,41160.401,41160401,1002,1942,1932,90,90,FWD,9,55,1,IDLE,0
C3B93D0B,40783,41161.399,41161399,998,1943,1932,90,90,FWD,9,55,1,IDLE,0
C3B93D0B,40784,41162.400,41162400,1001,1944,1932,90,90,FWD,9,55,1,IDLE,0
C3B93D0B,40785,41163.399,41163399,999,1943,1932,90,90,FWD,9,55,1,IDLE,0
C3B93D0B,40786,41164.400,41164400,1001,1945,1932,90,90,FWD,9,55,1,IDLE,0
C3B93D0B,40787,41165.399,41165399,999,1943,1932,90,90,FWD,9,55,1,IDLE,0
C3B93D0B,40788,41166.400,41166400,1001,1943,1932,90,90,FWD,9,55,1,IDLE,0
C3B93D0B,40789,41167.399,41167399,999,1944,1932,90,90,FWD,9,55,1,IDLE,0
C3B93D0B,40790,41168.400,41168400,1001,1943,1932,90,90,FWD,9,55,1,IDLE,0
C3B93D0B,40791,41169.399,41169399,999,1943,1932,90,90,FWD,9,55,1,IDLE,0
C3B93D0B,40792,41170.401,41170401,1002,1946,1932,90,90,FWD,9,55,1,IDLE,0
C3B93D0B,40793,41171.399,41171399,998,1945,1932,90,90,FWD,9,55,1,IDLE,0
C3B93D0B,40794,41172.400,41172400,1001,1946,1932,90,90,FWD,9,55,1,IDLE,0
C3B93D0B,40795,41173.399,41173399,999,1945,1932,90,90,FWD,9,55,1,IDLE,0
C3B93D0B,40796,41174.400,41174400,1001,1945,1932,90,90,FWD,9,55,1,IDLE,0
C3B93D0B,40797,41175.399,41175399,999,1945,1932,90,90,FWD,9,55,1,IDLE,0
C3B93D0B,40798,41176.400,41176400,1001,1943,1932,90,90,FWD,9,55,1,IDLE,0
C3B93D0B,40799,41177.399,41177399,999,1943,1932,90,90,FWD,9,55,1,IDLE,0
C3B93D0B,40800,41178.400,41178400,1001,1945,1932,90,90,FWD,9,55,1,IDLE,0
C3B93D0B,40801,41179.399,41179399,999,1944,1932,90,90,FWD,9,55,1,IDLE,0
C3B93D0B,40802,41180.401,41180401,1002,1943,1932,90,90,FWD,9,55,1,IDLE,0
C3B93D0B,40803,41182.192,41182192,1791,1929,1932,90,90,FWD,41,55,1,IDLE,0
C3B93D0B,40804,41182.769,41182769,577,1933,1932,90,90,FWD,9,55,1,IDLE,0
C3B93D0B,40805,41183.400,41183400,631,1934,1932,90,90,FWD,9,55,1,IDLE,0
C3B93D0B,40806,41184.399,41184399,999,1935,1932,90,90,FWD,9,55,1,IDLE,0
C3B93D0B,40807,41185.400,41185400,1001,1934,1932,90,90,FWD,9,55,1,IDLE,0
C3B93D0B,40808,41186.399,41186399,999,1934,1932,90,90,FWD,9,55,1,IDLE,0
C3B93D0B,40809,41187.400,41187400,1001,1935,1932,90,90,FWD,9,55,1,IDLE,0
C3B93D0B,40810,41188.399,41188399,999,1936,1932,90,90,FWD,9,55,1,IDLE,0
C3B93D0B,40811,41189.400,41189400,1001,1934,1932,90,90,FWD,9,55,1,IDLE,0
C3B93D0B,40812,41190.400,41190400,1000,1936,1932,90,90,FWD,9,55,1,IDLE,0
C3B93D0B,40813,41191.886,41191886,1486,1934,1932,90,90,FWD,41,55,1,IDLE,0
C3B93D0B,40814,41192.399,41192399,513,1936,1932,90,90,FWD,9,55,1,IDLE,0
C3B93D0B,40815,41193.400,41193400,1001,1936,1932,90,90,FWD,9,55,1,IDLE,0
C3B93D0B,40816,41194.399,41194399,999,1935,1932,90,90,FWD,9,55,1,IDLE,0
C3B93D0B,40817,41195.400,41195400,1001,1935,1932,90,90,FWD,9,55,1,IDLE,0
C3B93D0B,40818,41196.399,41196399,999,1934,1932,90,90,FWD,9,55,1,IDLE,0
C3B93D0B,40819,41197.400,41197400,1001,1934,1932,90,90,FWD,9,55,1,IDLE,0
C3B93D0B,40820,41198.399,41198399,999,1936,1932,90,90,FWD,9,55,1,IDLE,0
C3B93D0B,40821,41199.400,41199400,1001,1935,1932,90,90,FWD,9,55,1,IDLE,0
C3B93D0B,40822,41200.400,41200400,1000,1935,1932,90,90,FWD,9,55,1,IDLE,0
C3B93D0B,40823,41201.400,41201400,1000,1933,1932,90,90,FWD,9,55,1,IDLE,0
C3B93D0B,40824,41202.399,41202399,999,1935,1932,90,90,FWD,9,55,1,IDLE,0
C3B93D0B,40825,41203.400,41203400,1001,1933,1932,90,90,FWD,9,55,1,IDLE,0
C3B93D0B,40826,41204.399,41204399,999,1935,1932,90,90,FWD,9,55,1,IDLE,0
C3B93D0B,40827,41205.400,41205400,1001,1936,1932,90,90,FWD,9,55,1,IDLE,0
C3B93D0B,40828,41206.399,41206399,999,1936,1932,90,90,FWD,9,55,1,IDLE,0
C3B93D0B,40829,41207.400,41207400,1001,1936,1932,90,90,FWD,9,55,1,IDLE,0
C3B93D0B,40830,41208.399,41208399,999,1936,1932,90,90,FWD,9,55,1,IDLE,0
C3B93D0B,40831,41209.400,41209400,1001,1935,1932,90,90,FWD,9,55,1,IDLE,0
C3B93D0B,40832,41210.400,41210400,1000,1934,1932,90,90,FWD,9,55,1,IDLE,0
C3B93D0B,40833,41211.400,41211400,1000,1936,1932,90,90,FWD,9,55,1,IDLE,0
C3B93D0B,40834,41212.399,41212399,999,1936,1932,90,90,FWD,9,55,1,IDLE,0
C3B93D0B,40835,41213.400,41213400,1001,1936,1932,90,90,FWD,9,55,1,IDLE,0
C3B93D0B,40836,41214.399,41214399,999,1936,1932,90,90,FWD,9,55,1,IDLE,0
C3B93D0B,40837,41215.400,41215400,1001,1934,1932,90,90,FWD,9,55,1,IDLE,0
C3B93D0B,40838,41216.399,41216399,999,1933,1932,90,90,FWD,9,55,1,IDLE,0
C3B93D0B,40839,41217.400,41217400,1001,1935,1932,90,90,FWD,9,55,1,IDLE,0
C3B93D0B,40840,41218.399,41218399,999,1934,1932,90,90,FWD,9,55,1,IDLE,0
C3B93D0B,40841,41219.400,41219400,1001,1935,1932,90,90,FWD,9,55,1,IDLE,0
C3B93D0B,40842,41220.400,41220400,1000,1936,1932,90,90,FWD,9,55,1,IDLE,0
C3B93D0B,40843,41221.400,41221400,1000,1936,1932,90,90,FWD,9,55,1,IDLE,0
C3B93D0B,40844,41222.399,41222399,999,1936,1932,90,90,FWD,9,55,1,IDLE,0
C3B93D0B,40845,41223.400,41223400,1001,1933,1932,90,90,FWD,9,55,1,IDLE,0
C3B93D0B,40846,41224.399,41224399,999,1935,1932,90,90,FWD,9,55,1,IDLE,0
C3B93D0B,40847,41225.400,41225400,1001,1935,1932,90,90,FWD,9,55,1,IDLE,0
C3B93D0B,40848,41226.399,41226399,999,1936,1932,90,90,FWD,9,55,1,IDLE,0
C3B93D0B,40849,41227.400,41227400,1001,1936,1932,90,90,FWD,9,55,1,IDLE,0
C3B93D0B,40850,41228.399,41228399,999,1936,1932,90,90,FWD,9,55,1,IDLE,0
C3B93D0B,40851,41229.400,41229400,1001,1936,1932,90,90,FWD,9,55,1,IDLE,0
C3B93D0B,40852,41230.400,41230400,1000,1936,1932,90,90,FWD,9,55,1,IDLE,0
C3B93D0B,40853,41231.400,41231400,1000,1935,1932,90,90,FWD,9,55,1,IDLE,0
C3B93D0B,40854,41232.399,41232399,999,1935,1932,90,90,FWD,9,55,1,IDLE,0
C3B93D0B,40855,41233.584,41233584,1185,1935,1932,90,90,FWD,9,55,1,IDLE,0
C3B93D0B,40856,41234.399,41234399,815,1934,1932,90,90,FWD,9,55,1,IDLE,0
C3B93D0B,40857,41235.400,41235400,1001,1935,1932,90,90,FWD,9,55,1,IDLE,0
C3B93D0B,40858,41236.399,41236399,999,1936,1932,90,90,FWD,9,55,1,IDLE,0
C3B93D0B,40859,41237.400,41237400,1001,1935,1932,90,90,FWD,9,55,1,IDLE,0
C3B93D0B,40860,41238.399,41238399,999,1936,1932,90,90,FWD,9,55,1,IDLE,0
C3B93D0B,40861,41239.400,41239400,1001,1943,1932,90,90,FWD,9,55,1,IDLE,0
C3B93D0B,40862,41240.400,41240400,1000,1942,1932,90,90,FWD,9,55,1,IDLE,0
C3B93D0B,40863,41241.400,41241400,1000,1942,1932,90,90,FWD,9,55,1,IDLE,0
C3B93D0B,40864,41242.399,41242399,999,1943,1932,90,90,FWD,9,55,1,IDLE,0
C3B93D0B,40865,41243.400,41243400,1001,1942,1932,90,90,FWD,9,55,1,IDLE,0
C3B93D0B,40866,41244.399,41244399,999,1943,1932,90,90,FWD,9,55,1,IDLE,0
C3B93D0B,40867,41245.400,41245400,1001,1941,1932,90,90,FWD,9,55,1,IDLE,0
C3B93D0B,40868,41246.399,41246399,999,1942,1932,90,90,FWD,9,55,1,IDLE,0
C3B93D0B,40869,41247.400,41247400,1001,1941,1932,90,90,FWD,9,55,1,IDLE,0
C3B93D0B,40870,41248.399,41248399,999,1942,1932,90,90,FWD,9,55,1,IDLE,0
C3B93D0B,40871,41249.400,41249400,1001,1941,1932,90,90,FWD,9,55,1,IDLE,0
C3B93D0B,40872,41250.400,41250400,1000,1938,1932,90,90,FWD,9,55,1,IDLE,0
C3B93D0B,40873,41251.400,41251400,1000,1942,1932,90,90,FWD,9,55,1,IDLE,0
C3B93D0B,40874,41252.399,41252399,999,1941,1932,90,90,FWD,9,55,1,IDLE,0
C3B93D0B,40875,41253.400,41253400,1001,1941,1932,90,90,FWD,9,55,1,IDLE,0
C3B93D0B,40876,41254.399,41254399,999,1943,1932,90,90,FWD,9,55,1,IDLE,0
C3B93D0B,40877,41255.400,41255400,1001,1941,1932,90,90,FWD,9,55,1,IDLE,0
C3B93D0B,40878,41256.399,41256399,999,1943,1932,90,90,FWD,9,55,1,IDLE,0
C3B93D0B,40879,41257.400,41257400,1001,1942,1932,90,90,FWD,9,55,1,IDLE,0
C3B93D0B,40880,41258.399,41258399,999,1941,1932,90,90,FWD,9,55,1,IDLE,0
C3B93D0B,40881,41259.400,41259400,1001,1941,1932,90,90,FWD,9,55,1,IDLE,0
C3B93D0B,40882,41260.400,41260400,1000,1940,1932,90,90,FWD,9,55,1,IDLE,0
C3B93D0B,40883,41261.400,41261400,1000,1942,1932,90,90,FWD,9,55,1,IDLE,0
C3B93D0B,40884,41262.399,41262399,999,1941,1932,90,90,FWD,9,55,1,IDLE,0
C3B93D0B,40885,41263.400,41263400,1001,1941,1932,90,90,FWD,9,55,1,IDLE,0
C3B93D0B,40886,41264.399,41264399,999,1943,1932,90,90,FWD,9,55,1,IDLE,0
C3B93D0B,40887,41265.400,41265400,1001,1942,1932,90,90,FWD,9,55,1,IDLE,0
C3B93D0B,40888,41266.399,41266399,999,1942,1932,90,90,FWD,9,55,1,IDLE,0
C3B93D0B,40889,41267.400,41267400,1001,1942,1932,90,90,FWD,9,55,1,IDLE,0
C3B93D0B,40890,41268.399,41268399,999,1942,1932,90,90,FWD,9,55,1,IDLE,0
C3B93D0B,40891,41269.400,41269400,1001,1939,1932,90,90,FWD,9,55,1,IDLE,0
C3B93D0B,40892,41270.400,41270400,1000,1941,1932,90,90,FWD,9,55,1,IDLE,0
C3B93D0B,40893,41271.400,41271400,1000,1940,1932,90,90,FWD,9,55,1,IDLE,0
C3B93D0B,40894,41272.399,41272399,999,1942,1932,90,90,FWD,9,55,1,IDLE,0
C3B93D0B,40895,41273.400,41273400,1001,1942,1932,90,90,FWD,9,55,1,IDLE,0
C3B93D0B,40896,41274.399,41274399,999,1942,1932,90,90,FWD,9,55,1,IDLE,0
C3B93D0B,40897,41275.400,41275400,1001,1939,1932,90,90,FWD,9,55,1,IDLE,0
C3B93D0B,40898,41276.399,41276399,999,1941,1932,90,90,FWD,9,55,1,IDLE,0
C3B93D0B,40899,41277.400,41277400,1001,1939,1932,90,90,FWD,9,55,1,IDLE,0
C3B93D0B,40900,41278.399,41278399,999,1939,1932,90,90,FWD,9,55,1,IDLE,0
C3B93D0B,40901,41279.400,41279400,1001,1941,1932,90,90,FWD,9,55,1,IDLE,0
C3B93D0B,40902,41280.400,41280400,1000,1941,1932,90,90,FWD,9,55,1,IDLE,0
C3B93D0B,40903,41282.141,41282141,1741,1927,1932,90,90,FWD,41,55,1,IDLE,0
C3B93D0B,40904,41282.702,41282702,561,1933,1932,90,90,FWD,9,55,1,IDLE,0
C3B93D0B,40905,41283.400,41283400,698,1931,1932,90,90,FWD,9,55,1,IDLE,0
C3B93D0B,40906,41284.399,41284399,999,1931,1932,90,90,FWD,9,55,1,IDLE,0
C3B93D0B,40907,41285.400,41285400,1001,1931,1932,90,90,FWD,9,55,1,IDLE,0
C3B93D0B,40908,41286.399,41286399,999,1935,1932,90,90,FWD,9,55,1,IDLE,0
C3B93D0B,40909,41287.400,41287400,1001,1933,1932,90,90,FWD,9,55,1,IDLE,0
C3B93D0B,40910,41288.399,41288399,999,1934,1932,90,90,FWD,9,55,1,IDLE,0
C3B93D0B,40911,41289.400,41289400,1001,1934,1932,90,90,FWD,9,55,1,IDLE,0
C3B93D0B,40912,41290.672,41290672,1272,1933,1932,90,90,FWD,41,55,1,IDLE,0
C3B93D0B,40913,41291.400,41291400,728,1933,1932,90,90,FWD,9,55,1,IDLE,0
C3B93D0B,40914,41292.399,41292399,999,1935,1932,90,90,FWD,9,55,1,IDLE,0
C3B93D0B,40915,41293.400,41293400,1001,1931,1932,90,90,FWD,9,55,1,IDLE,0
C3B93D0B,40916,41294.399,41294399,999,1934,1932,90,90,FWD,9,55,1,IDLE,0
C3B93D0B,40917,41295.772,41295772,1373,1933,1932,90,90,FWD,41,55,1,IDLE,0
C3B93D0B,40918,41296.399,41296399,627,1934,1932,90,90,FWD,9,55,1,IDLE,0
C3B93D0B,40919,41297.400,41297400,1001,1933,1932,90,90,FWD,9,55,1,IDLE,0
C3B93D0B,40920,41298.399,41298399,999,1934,1932,90,90,FWD,9,55,1,IDLE,0
C3B93D0B,40921,41299.400,41299400,1001,1932,1932,90,90,FWD,9,55,1,IDLE,0
C3B93D0B,40922,41300.400,41300400,1000,1933,1932,90,90,FWD,9,55,1,IDLE,0
C3B93D0B,40923,41301.400,41301400,1000,1933,1932,90,90,FWD,9,55,1,IDLE,0
C3B93D0B,40924,41302.399,41302399,999,1934,1932,90,90,FWD,9,55,1,IDLE,0
C3B93D0B,40925,41303.400,41303400,1001,1933,1932,90,90,FWD,9,55,1,IDLE,0
C3B93D0B,40926,41304.399,41304399,999,1933,1932,90,90,FWD,9,55,1,IDLE,0
C3B93D0B,40927,41305.400,41305400,1001,1934,1932,90,90,FWD,9,55,1,IDLE,0
C3B93D0B,40928,41306.399,41306399,999,1934,1932,90,90,FWD,9,55,1,IDLE,0
C3B93D0B,40929,41307.400,41307400,1001,1933,1932,90,90,FWD,9,55,1,IDLE,0
C3B93D0B,40930,41308.399,41308399,999,1935,1932,90,90,FWD,9,55,1,IDLE,0
C3B93D0B,40931,41309.400,41309400,1001,1933,1932,90,90,FWD,9,55,1,IDLE,0
C3B93D0B,40932,41310.400,41310400,1000,1933,1932,90,90,FWD,9,55,1,IDLE,0
C3B93D0B,40933,41311.400,41311400,1000,1935,1932,90,90,FWD,9,55,1,IDLE,0
C3B93D0B,40934,41312.399,41312399,999,1933,1932,90,90,FWD,9,55,1,IDLE,0
C3B93D0B,40935,41313.400,41313400,1001,1933,1932,90,90,FWD,9,55,1,IDLE,0
C3B93D0B,40936,41314.399,41314399,999,1935,1932,90,90,FWD,9,55,1,IDLE,0
C3B93D0B,40937,41315.400,41315400,1001,1935,1932,90,90,FWD,9,55,1,IDLE,0
C3B93D0B,40938,41316.399,41316399,999,1934,1932,90,90,FWD,9,55,1,IDLE,0
C3B93D0B,40939,41317.400,41317400,1001,1934,1932,90,90,FWD,9,55,1,IDLE,0
C3B93D0B,40940,41318.399,41318399,999,1936,1932,90,90,FWD,9,55,1,IDLE,0
C3B93D0B,40941,41319.400,41319400,1001,1935,1932,90,90,FWD,9,55,1,IDLE,0
C3B93D0B,40942,41320.400,41320400,1000,1934,1932,90,90,FWD,9,55,1,IDLE,0
C3B93D0B,40943,41321.400,41321400,1000,1934,1932,90,90,FWD,9,55,1,IDLE,0
C3B93D0B,40944,41322.399,41322399,999,1931,1932,90,90,FWD,9,55,1,IDLE,0
C3B93D0B,40945,41323.400,41323400,1001,1933,1932,90,90,FWD,9,55,1,IDLE,0
C3B93D0B,40946,41324.399,41324399,999,1934,1932,90,90,FWD,9,55,1,IDLE,0
C3B93D0B,40947,41325.400,41325400,1001,1934,1932,90,90,FWD,9,55,1,IDLE,0
C3B93D0B,40948,41326.399,41326399,999,1934,1932,90,90,FWD,9,55,1,IDLE,0
C3B93D0B,40949,41327.400,41327400,1001,1927,1932,90,90,FWD,9,55,1,IDLE,0
C3B93D0B,40950,41328.399,41328399,999,1933,1932,90,90,FWD,9,55,1,IDLE,0
C3B93D0B,40951,41329.400,41329400,1001,1935,1932,90,90,FWD,9,55,1,IDLE,0
C3B93D0B,40952,41330.400,41330400,1000,1933,1932,90,90,FWD,9,55,1,IDLE,0
C3B93D0B,40953,41331.400,41331400,1000,1931,1932,90,90,FWD,9,55,1,IDLE,0
C3B93D0B,40954,41332.399,41332399,999,1934,1932,90,90,FWD,9,55,1,IDLE,0
C3B93D0B,40955,41333.400,41333400,1001,1933,1932,90,90,FWD,9,55,1,IDLE,0
C3B93D0B,40956,41334.399,41334399,999,1931,1932,90,90,FWD,9,55,1,IDLE,0
C3B93D0B,40957,41335.400,41335400,1001,1934,1932,90,90,FWD,9,55,1,IDLE,0
C3B93D0B,40958,41336.399,41336399,999,1936,1932,90,90,FWD,9,55,1,IDLE,0
C3B93D0B,40959,41337.400,41337400,1001,1935,1932,90,90,FWD,9,55,1,IDLE,0
C3B93D0B,40960,41338.399,41338399,999,1934,1932,90,90,FWD,9,55,1,IDLE,0
C3B93D0B,40961,41339.400,41339400,1001,1936,1932,90,90,FWD,9,55,1,IDLE,0
C3B93D0B,40962,41340.400,41340400,1000,1936,1932,90,90,FWD,9,55,1,IDLE,0
C3B93D0B,40963,41341.400,41341400,1000,1933,1932,90,90,FWD,9,55,1,IDLE,0
C3B93D0B,40964,41342.399,41342399,999,1935,1932,90,90,FWD,9,55,1,IDLE,0
C3B93D0B,40965,41343.400,41343400,1001,1933,1932,90,90,FWD,9,55,1,IDLE,0
C3B93D0B,40966,41344.399,41344399,999,1934,1932,90,90,FWD,9,55,1,IDLE,0
C3B93D0B,40967,41345.929,41345929,1530,1934,1932,90,90,FWD,41,55,1,IDLE,0
C3B93D0B,40968,41346.443,41346443,514,1934,1932,90,90,FWD,9,55,1,IDLE,0
C3B93D0B,40969,41347.400,41347400,957,1934,1932,90,90,FWD,9,55,1,IDLE,0
C3B93D0B,40970,41348.399,41348399,999,1935,1932,90,90,FWD,9,55,1,IDLE,0
C3B93D0B,40971,41349.400,41349400,1001,1933,1932,90,90,FWD,9,55,1,IDLE,0
C3B93D0B,40972,41350.400,41350400,1000,1934,1932,90,90,FWD,9,55,1,IDLE,0
C3B93D0B,40973,41351.521,41351521,1121,1942,1932,90,90,FWD,9,55,1,IDLE,0
C3B93D0B,40974,41352.399,41352399,878,1945,1932,90,90,FWD,9,55,1,IDLE,0
C3B93D0B,40975,41353.400,41353400,1001,1945,1932,90,90,FWD,9,55,1,IDLE,0
C3B93D0B,40976,41354.399,41354399,999,1942,1932,90,90,FWD,9,55,1,IDLE,0
C3B93D0B,40977,41355.400,41355400,1001,1940,1932,90,90,FWD,9,55,1,IDLE,0
C3B93D0B,40978,41356.399,41356399,999,1941,1932,90,90,FWD,9,55,1,IDLE,0
C3B93D0B,40979,41357.400,41357400,1001,1941,1932,90,90,FWD,9,55,1,IDLE,0
C3B93D0B,40980,41358.399,41358399,999,1942,1932,90,90,FWD,9,55,1,IDLE,0
C3B93D0B,40981,41359.400,41359400,1001,1940,1932,90,90,FWD,9,55,1,IDLE,0
C3B93D0B,40982,41360.400,41360400,1000,1941,1932,90,90,FWD,9,55,1,IDLE,0
C3B93D0B,40983,41361.400,41361400,1000,1940,1932,90,90,FWD,9,55,1,IDLE,0
C3B93D0B,40984,41362.399,41362399,999,1941,1932,90,90,FWD,9,55,1,IDLE,0
C3B93D0B,40985,41363.400,41363400,1001,1942,1932,90,90,FWD,9,55,1,IDLE,0
C3B93D0B,40986,41364.399,41364399,999,1939,1932,90,90,FWD,9,55,1,IDLE,0
C3B93D0B,40987,41365.400,41365400,1001,1939,1932,90,90,FWD,9,55,1,IDLE,0
C3B93D0B,40988,41366.399,41366399,999,1941,1932,90,90,FWD,9,55,1,IDLE,0
C3B93D0B,40989,41367.400,41367400,1001,1938,1932,90,90,FWD,9,55,1,IDLE,0
C3B93D0B,40990,41368.399,41368399,999,1939,1932,90,90,FWD,9,55,1,IDLE,0
C3B93D0B,40991,41369.400,41369400,1001,1939,1932,90,90,FWD,9,55,1,IDLE,0
C3B93D0B,40992,41370.400,41370400,1000,1939,1932,90,90,FWD,9,55,1,IDLE,0
C3B93D0B,40993,41371.400,41371400,1000,1941,1932,90,90,FWD,9,55,1,IDLE,0
C3B93D0B,40994,41372.399,41372399,999,1939,1932,90,90,FWD,9,55,1,IDLE,0
C3B93D0B,40995,41373.400,41373400,1001,1941,1932,90,90,FWD,9,55,1,IDLE,0
C3B93D0B,40996,41374.399,41374399,999,1940,1932,90,90,FWD,9,55,1,IDLE,0
C3B93D0B,40997,41375.400,41375400,1001,1942,1932,90,90,FWD,9,55,1,IDLE,0
C3B93D0B,40998,41376.399,41376399,999,1941,1932,90,90,FWD,9,55,1,IDLE,0
C3B93D0B,40999,41377.400,41377400,1001,1941,1932,90,90,FWD,9,55,1,IDLE,0
C3B93D0B,41000,41378.489,41378489,1089,1940,1932,90,90,FWD,9,55,1,IDLE,0
C3B93D0B,41001,41379.655,41379655,1166,1939,1932,90,90,FWD,9,55,1,IDLE,0
C3B93D0B,41002,41380.400,41380400,745,1938,1932,90,90,FWD,9,55,1,IDLE,0
C3B93D0B,41003,41382.171,41382171,1771,1932,1932,90,90,FWD,41,55,1,IDLE,0
C3B93D0B,41004,41382.748,41382748,577,1931,1932,90,90,FWD,9,55,1,IDLE,0
C3B93D0B,41005,41383.400,41383400,652,1932,1932,90,90,FWD,9,55,1,IDLE,0
C3B93D0B,41006,41384.399,41384399,999,1933,1932,90,90,FWD,9,55,1,IDLE,0
C3B93D0B,41007,41385.400,41385400,1001,1931,1932,90,90,FWD,9,55,1,IDLE,0
C3B93D0B,41008,41386.399,41386399,999,1930,1932,90,90,FWD,9,55,1,IDLE,0
C3B93D0B,41009,41387.400,41387400,1001,1932,1932,90,90,FWD,9,55,1,IDLE,0
C3B93D0B,41010,41388.399,41388399,999,1930,1932,90,90,FWD,9,55,1,IDLE,0
C3B93D0B,41011,41389.400,41389400,1001,1933,1932,90,90,FWD,9,55,1,IDLE,0
C3B93D0B,41012,41390.400,41390400,1000,1932,1932,90,90,FWD,9,55,1,IDLE,0
C3B93D0B,41013,41391.400,41391400,1000,1927,1932,90,90,FWD,9,55,1,IDLE,0
C3B93D0B,41014,41392.399,41392399,999,1932,1932,90,90,FWD,9,55,1,IDLE,0
C3B93D0B,41015,41393.400,41393400,1001,1933,1932,90,90,FWD,9,55,1,IDLE,0
C3B93D0B,41016,41394.399,41394399,999,1935,1932,90,90,FWD,9,55,1,IDLE,0
C3B93D0B,41017,41395.400,41395400,1001,1933,1932,90,90,FWD,9,55,1,IDLE,0
C3B93D0B,41018,41396.566,41396566,1166,1934,1932,90,90,FWD,9,55,1,IDLE,0
C3B93D0B,41019,41397.400,41397400,834,1934,1932,90,90,FWD,9,55,1,IDLE,0
C3B93D0B,41020,41398.399,41398399,999,1934,1932,90,90,FWD,9,55,1,IDLE,0
C3B93D0B,41021,41399.400,41399400,1001,1933,1932,90,90,FWD,9,55,1,IDLE,0
C3B93D0B,41022,41400.400,41400400,1000,1931,1932,90,90,FWD,9,55,1,IDLE,0
C3B93D0B,41023,41401.400,41401400,1000,1934,1932,90,90,FWD,9,55,1,IDLE,0
C3B93D0B,41024,41402.399,41402399,999,1933,1932,90,90,FWD,9,55,1,IDLE,0
C3B93D0B,41025,41403.400,41403400,1001,1934,1932,90,90,FWD,9,55,1,IDLE,0
C3B93D0B,41026,41404.399,41404399,999,1934,1932,90,90,FWD,9,55,1,IDLE,0
C3B93D0B,41027,41405.400,41405400,1001,1931,1932,90,90,FWD,9,55,1,IDLE,0
C3B93D0B,41028,41406.399,41406399,999,1935,1932,90,90,FWD,9,55,1,IDLE,0
C3B93D0B,41029,41407.400,41407400,1001,1935,1932,90,90,FWD,9,55,1,IDLE,0
C3B93D0B,41030,41408.399,41408399,999,1935,1932,90,90,FWD,9,55,1,IDLE,0
C3B93D0B,41031,41409.400,41409400,1001,1931,1932,90,90,FWD,9,55,1,IDLE,0
C3B93D0B,41032,41410.400,41410400,1000,1931,1932,90,90,FWD,9,55,1,IDLE,0
C3B93D0B,41033,41411.400,41411400,1000,1934,1932,90,90,FWD,9,55,1,IDLE,0
C3B93D0B,41034,41412.399,41412399,999,1934,1932,90,90,FWD,9,55,1,IDLE,0
C3B93D0B,41035,41413.400,41413400,1001,1935,1932,90,90,FWD,9,55,1,IDLE,0
C3B93D0B,41036,41414.399,41414399,999,1933,1932,90,90,FWD,9,55,1,IDLE,0
C3B93D0B,41037,41415.400,41415400,1001,1932,1932,90,90,FWD,9,55,1,IDLE,0
C3B93D0B,41038,41416.399,41416399,999,1933,1932,90,90,FWD,9,55,1,IDLE,0
C3B93D0B,41039,41417.400,41417400,1001,1935,1932,90,90,FWD,9,55,1,IDLE,0
C3B93D0B,41040,41418.399,41418399,999,1934,1932,90,90,FWD,9,55,1,IDLE,0
C3B93D0B,41041,41419.400,41419400,1001,1931,1932,90,90,FWD,9,55,1,IDLE,0
C3B93D0B,41042,41420.400,41420400,1000,1934,1932,90,90,FWD,9,55,1,IDLE,0
C3B93D0B,41043,41421.400,41421400,1000,1931,1932,90,90,FWD,9,55,1,IDLE,0
C3B93D0B,41044,41422.399,41422399,999,1934,1932,90,90,FWD,9,55,1,IDLE,0
C3B93D0B,41045,41423.400,41423400,1001,1933,1932,90,90,FWD,9,55,1,IDLE,0
C3B93D0B,41046,41424.399,41424399,999,1933,1932,90,90,FWD,9,55,1,IDLE,0
C3B93D0B,41047,41425.400,41425400,1001,1935,1932,90,90,FWD,9,55,1,IDLE,0
C3B93D0B,41048,41426.399,41426399,999,1933,1932,90,90,FWD,9,55,1,IDLE,0
C3B93D0B,41049,41427.400,41427400,1001,1934,1932,90,90,FWD,9,55,1,IDLE,0
C3B93D0B,41050,41428.399,41428399,999,1934,1932,90,90,FWD,9,55,1,IDLE,0
C3B93D0B,41051,41429.400,41429400,1001,1933,1932,90,90,FWD,9,55,1,IDLE,0
C3B93D0B,41052,41430.400,41430400,1000,1932,1932,90,90,FWD,9,55,1,IDLE,0
C3B93D0B,41053,41431.400,41431400,1000,1933,1932,90,90,FWD,9,55,1,IDLE,0
C3B93D0B,41054,41432.399,41432399,999,1933,1932,90,90,FWD,9,55,1,IDLE,0
C3B93D0B,41055,41433.439,41433439,1040,1933,1932,90,90,FWD,9,55,1,IDLE,0
C3B93D0B,41056,41434.399,41434399,960,1934,1932,90,90,FWD,9,55,1,IDLE,0
C3B93D0B,41057,41435.400,41435400,1001,1934,1932,90,90,FWD,9,55,1,IDLE,0
C3B93D0B,41058,41436.399,41436399,999,1932,1932,90,90,FWD,9,55,1,IDLE,0
C3B93D0B,41059,41437.400,41437400,1001,1933,1932,90,90,FWD,9,55,1,IDLE,0
C3B93D0B,41060,41438.399,41438399,999,1936,1932,90,90,FWD,9,55,1,IDLE,0
C3B93D0B,41061,41439.400,41439400,1001,1930,1932,90,90,FWD,9,55,1,IDLE,0
C3B93D0B,41062,41440.400,41440400,1000,1931,1932,90,90,FWD,9,55,1,IDLE,0
C3B93D0B,41063,41441.470,41441470,1070,1942,1932,90,90,FWD,9,55,1,IDLE,0
C3B93D0B,41064,41442.399,41442399,929,1943,1932,90,90,FWD,9,55,1,IDLE,0
C3B93D0B,41065,41443.400,41443400,1001,1943,1932,90,90,FWD,9,55,1,IDLE,0
C3B93D0B,41066,41444.399,41444399,999,1941,1932,90,90,FWD,9,55,1,IDLE,0
C3B93D0B,41067,41445.400,41445400,1001,1940,1932,90,90,FWD,9,55,1,IDLE,0
C3B93D0B,41068,41446.399,41446399,999,1941,1932,90,90,FWD,9,55,1,IDLE,0
C3B93D0B,41069,41447.400,41447400,1001,1943,1932,90,90,FWD,9,55,1,IDLE,0
C3B93D0B,41070,41448.399,41448399,999,1941,1932,90,90,FWD,9,55,1,IDLE,0
C3B93D0B,41071,41449.400,41449400,1001,1940,1932,90,90,FWD,9,55,1,IDLE,0
C3B93D0B,41072,41450.400,41450400,1000,1939,1932,90,90,FWD,9,55,1,IDLE,0
C3B93D0B,41073,41451.400,41451400,1000,1938,1932,90,90,FWD,9,55,1,IDLE,0
C3B93D0B,41074,41452.399,41452399,999,1941,1932,90,90,FWD,9,55,1,IDLE,0
C3B93D0B,41075,41453.400,41453400,1001,1941,1932,90,90,FWD,9,55,1,IDLE,0
C3B93D0B,41076,41454.399,41454399,999,1941,1932,90,90,FWD,9,55,1,IDLE,0
C3B93D0B,41077,41455.400,41455400,1001,1941,1932,90,90,FWD,9,55,1,IDLE,0
C3B93D0B,41078,41456.399,41456399,999,1942,1932,90,90,FWD,9,55,1,IDLE,0
C3B93D0B,41079,41457.400,41457400,1001,1942,1932,90,90,FWD,9,55,1,IDLE,0
C3B93D0B,41080,41458.399,41458399,999,1941,1932,90,90,FWD,9,55,1,IDLE,0
C3B93D0B,41081,41459.400,41459400,1001,1939,1932,90,90,FWD,9,55,1,IDLE,0
C3B93D0B,41082,41460.400,41460400,1000,1939,1932,90,90,FWD,9,55,1,IDLE,0
C3B93D0B,41083,41461.400,41461400,1000,1939,1932,90,90,FWD,9,55,1,IDLE,0
C3B93D0B,41084,41462.399,41462399,999,1939,1932,90,90,FWD,9,55,1,IDLE,0
C3B93D0B,41085,41463.400,41463400,1001,1939,1932,90,90,FWD,9,55,1,IDLE,0
C3B93D0B,41086,41464.399,41464399,999,1940,1932,90,90,FWD,9,55,1,IDLE,0
C3B93D0B,41087,41465.400,41465400,1001,1941,1932,90,90,FWD,9,55,1,IDLE,0
C3B93D0B,41088,41466.399,41466399,999,1941,1932,90,90,FWD,9,55,1,IDLE,0
C3B93D0B,41089,41467.400,41467400,1001,1940,1932,90,90,FWD,9,55,1,IDLE,0
C3B93D0B,41090,41468.399,41468399,999,1939,1932,90,90,FWD,9,55,1,IDLE,0
C3B93D0B,41091,41469.400,41469400,1001,1939,1932,90,90,FWD,9,55,1,IDLE,0
C3B93D0B,41092,41470.400,41470400,1000,1940,1932,90,90,FWD,9,55,1,IDLE,0
C3B93D0B,41093,41471.400,41471400,1000,1939,1932,90,90,FWD,9,55,1,IDLE,0
C3B93D0B,41094,41472.399,41472399,999,1939,1932,90,90,FWD,9,55,1,IDLE,0
C3B93D0B,41095,41473.400,41473400,1001,1938,1932,90,90,FWD,9,55,1,IDLE,0
C3B93D0B,41096,41474.399,41474399,999,1938,1932,90,90,FWD,9,55,1,IDLE,0
C3B93D0B,41097,41475.400,41475400,1001,1939,1932,90,90,FWD,9,55,1,IDLE,0
C3B93D0B,41098,41476.399,41476399,999,1941,1932,90,90,FWD,9,55,1,IDLE,0
C3B93D0B,41099,41477.400,41477400,1001,1940,1932,90,90,FWD,9,55,1,IDLE,0
C3B93D0B,41100,41478.399,41478399,999,1939,1932,90,90,FWD,9,55,1,IDLE,0
C3B93D0B,41101,41479.400,41479400,1001,1939,1932,90,90,FWD,9,55,1,IDLE,0
C3B93D0B,41102,41480.400,41480400,1000,1937,1932,90,90,FWD,9,55,1,IDLE,0
C3B93D0B,41103,41482.178,41482178,1778,1930,1932,90,90,FWD,41,55,1,IDLE,0
C3B93D0B,41104,41482.487,41482487,309,1927,1932,90,90,FWD,9,55,1,IDLE,0
C3B93D0B,41105,41483.403,41483403,916,1930,1932,90,90,FWD,9,55,1,IDLE,0
C3B93D0B,41106,41484.399,41484399,996,1931,1932,90,90,FWD,9,55,1,IDLE,0
C3B93D0B,41107,41485.400,41485400,1001,1931,1932,90,90,FWD,9,55,1,IDLE,0
C3B93D0B,41108,41486.399,41486399,999,1930,1932,90,90,FWD,9,55,1,IDLE,0
C3B93D0B,41109,41487.400,41487400,1001,1931,1932,90,90,FWD,9,55,1,IDLE,0
C3B93D0B,41110,41488.399,41488399,999,1934,1932,90,90,FWD,9,55,1,IDLE,0
C3B93D0B,41111,41489.400,41489400,1001,1933,1932,90,90,FWD,9,55,1,IDLE,0
C3B93D0B,41112,41490.400,41490400,1000,1931,1932,90,90,FWD,9,55,1,IDLE,0
C3B93D0B,41113,41491.400,41491400,1000,1933,1932,90,90,FWD,9,55,1,IDLE,0
C3B93D0B,41114,41492.399,41492399,999,1934,1932,90,90,FWD,9,55,1,IDLE,0
C3B93D0B,41115,41493.400,41493400,1001,1931,1932,90,90,FWD,9,55,1,IDLE,0
C3B93D0B,41116,41494.399,41494399,999,1933,1932,90,90,FWD,9,55,1,IDLE,0
C3B93D0B,41117,41495.400,41495400,1001,1933,1932,90,90,FWD,9,55,1,IDLE,0
C3B93D0B,41118,41496.399,41496399,999,1933,1932,90,90,FWD,9,55,1,IDLE,0
C3B93D0B,41119,41497.400,41497400,1001,1932,1932,90,90,FWD,9,55,1,IDLE,0
C3B93D0B,41120,41498.877,41498877,1477,1931,1932,90,90,FWD,41,55,1,IDLE,0
C3B93D0B,41121,41499.835,41499835,958,1932,1932,90,90,FWD,9,55,1,IDLE,0
C3B93D0B,41122,41500.400,41500400,565,1931,1932,90,90,FWD,9,55,1,IDLE,0
C3B93D0B,41123,41501.400,41501400,1000,1933,1932,90,90,FWD,9,55,1,IDLE,0
C3B93D0B,41124,41502.399,41502399,999,1931,1932,90,90,FWD,9,55,1,IDLE,0
C3B93D0B,41125,41503.400,41503400,1001,1933,1932,90,90,FWD,9,55,1,IDLE,0
C3B93D0B,41126,41504.399,41504399,999,1933,1932,90,90,FWD,9,55,1,IDLE,0
C3B93D0B,41127,41505.400,41505400,1001,1933,1932,90,90,FWD,9,55,1,IDLE,0
C3B93D0B,41128,41506.399,41506399,999,1933,1932,90,90,FWD,9,55,1,IDLE,0
C3B93D0B,41129,41507.400,41507400,1001,1930,1932,90,90,FWD,9,55,1,IDLE,0
C3B93D0B,41130,41508.399,41508399,999,1931,1932,90,90,FWD,9,55,1,IDLE,0
C3B93D0B,41131,41509.400,41509400,1001,1931,1932,90,90,FWD,9,55,1,IDLE,0
C3B93D0B,41132,41510.400,41510400,1000,1933,1932,90,90,FWD,9,55,1,IDLE,0
C3B93D0B,41133,41511.400,41511400,1000,1932,1932,90,90,FWD,9,55,1,IDLE,0
C3B93D0B,41134,41512.399,41512399,999,1933,1932,90,90,FWD,9,55,1,IDLE,0
C3B93D0B,41135,41513.400,41513400,1001,1935,1932,90,90,FWD,9,55,1,IDLE,0
C3B93D0B,41136,41514.399,41514399,999,1934,1932,90,90,FWD,9,55,1,IDLE,0
C3B93D0B,41137,41515.400,41515400,1001,1933,1932,90,90,FWD,9,55,1,IDLE,0
C3B93D0B,41138,41516.399,41516399,999,1933,1932,90,90,FWD,9,55,1,IDLE,0
C3B93D0B,41139,41517.400,41517400,1001,1935,1932,90,90,FWD,9,55,1,IDLE,0
C3B93D0B,41140,41518.399,41518399,999,1933,1932,90,90,FWD,9,55,1,IDLE,0
C3B93D0B,41141,41519.400,41519400,1001,1930,1932,90,90,FWD,9,55,1,IDLE,0
C3B93D0B,41142,41520.400,41520400,1000,1935,1932,90,90,FWD,9,55,1,IDLE,0
C3B93D0B,41143,41521.400,41521400,1000,1935,1932,90,90,FWD,9,55,1,IDLE,0
C3B93D0B,41144,41522.399,41522399,999,1933,1932,90,90,FWD,9,55,1,IDLE,0
C3B93D0B,41145,41523.400,41523400,1001,1933,1932,90,90,FWD,9,55,1,IDLE,0
C3B93D0B,41146,41524.399,41524399,999,1934,1932,90,90,FWD,9,55,1,IDLE,0
C3B93D0B,41147,41525.400,41525400,1001,1931,1932,90,90,FWD,9,55,1,IDLE,0
C3B93D0B,41148,41526.399,41526399,999,1933,1932,90,90,FWD,9,55,1,IDLE,0
C3B93D0B,41149,41527.400,41527400,1001,1935,1932,90,90,FWD,9,55,1,IDLE,0
C3B93D0B,41150,41528.399,41528399,999,1934,1932,90,90,FWD,9,55,1,IDLE,0
C3B93D0B,41151,41529.400,41529400,1001,1932,1932,90,90,FWD,9,55,1,IDLE,0
C3B93D0B,41152,41530.400,41530400,1000,1934,1932,90,90,FWD,9,55,1,IDLE,0
C3B93D0B,41153,41531.400,41531400,1000,1934,1932,90,90,FWD,9,55,1,IDLE,0
C3B93D0B,41154,41532.399,41532399,999,1935,1932,90,90,FWD,9,55,1,IDLE,0
C3B93D0B,41155,41533.400,41533400,1001,1935,1932,90,90,FWD,9,55,1,IDLE,0
C3B93D0B,41156,41534.399,41534399,999,1934,1932,90,90,FWD,9,55,1,IDLE,0
C3B93D0B,41157,41535.400,41535400,1001,1933,1932,90,90,FWD,9,55,1,IDLE,0
C3B93D0B,41158,41536.399,41536399,999,1935,1932,90,90,FWD,9,55,1,IDLE,0
C3B93D0B,41159,41537.400,41537400,1001,1935,1932,90,90,FWD,9,55,1,IDLE,0
C3B93D0B,41160,41538.399,41538399,999,1934,1932,90,90,FWD,9,55,1,IDLE,0
C3B93D0B,41161,41539.400,41539400,1001,1931,1932,90,90,FWD,9,55,1,IDLE,0
C3B93D0B,41162,41540.531,41540531,1131,1931,1932,90,90,FWD,9,55,1,IDLE,0
C3B93D0B,41163,41541.400,41541400,869,1931,1932,90,90,FWD,9,55,1,IDLE,0
C3B93D0B,41164,41542.399,41542399,999,1932,1932,90,90,FWD,9,55,1,IDLE,0
C3B93D0B,41165,41543.400,41543400,1001,1935,1932,90,90,FWD,9,55,1,IDLE,0
C3B93D0B,41166,41544.399,41544399,999,1935,1932,90,90,FWD,9,55,1,IDLE,0
C3B93D0B,41167,41545.400,41545400,1001,1933,1932,90,90,FWD,9,55,1,IDLE,0
C3B93D0B,41168,41546.399,41546399,999,1933,1932,90,90,FWD,9,55,1,IDLE,0
C3B93D0B,41169,41547.400,41547400,1001,1934,1932,90,90,FWD,9,55,1,IDLE,0
C3B93D0B,41170,41548.399,41548399,999,1935,1932,90,90,FWD,9,55,1,IDLE,0
C3B93D0B,41171,41549.400,41549400,1001,1932,1932,90,90,FWD,9,55,1,IDLE,0
C3B93D0B,41172,41550.400,41550400,1000,1935,1932,90,90,FWD,9,55,1,IDLE,0
C3B93D0B,41173,41551.400,41551400,1000,1935,1932,90,90,FWD,9,55,1,IDLE,0
C3B93D0B,41174,41552.399,41552399,999,1934,1932,90,90,FWD,9,55,1,IDLE,0
C3B93D0B,41175,41553.581,41553581,1182,1932,1932,90,90,FWD,9,55,1,IDLE,0
C3B93D0B,41176,41554.399,41554399,818,1932,1932,90,90,FWD,9,55,1,IDLE,0
C3B93D0B,41177,41555.400,41555400,1001,1932,1932,90,90,FWD,9,55,1,IDLE,0
C3B93D0B,41178,41556.399,41556399,999,1934,1932,90,90,FWD,9,55,1,IDLE,0
C3B93D0B,41179,41557.400,41557400,1001,1930,1932,90,90,FWD,9,55,1,IDLE,0
C3B93D0B,41180,41558.399,41558399,999,1933,1932,90,90,FWD,9,55,1,IDLE,0
C3B93D0B,41181,41559.400,41559400,1001,1941,1932,90,90,FWD,9,55,1,IDLE,0
C3B93D0B,41182,41560.400,41560400,1000,1943,1932,90,90,FWD,9,55,1,IDLE,0
C3B93D0B,41183,41561.400,41561400,1000,1941,1932,90,90,FWD,9,55,1,IDLE,0
C3B93D0B,41184,41562.399,41562399,999,1939,1932,90,90,FWD,9,55,1,IDLE,0
C3B93D0B,41185,41563.400,41563400,1001,1941,1932,90,90,FWD,9,55,1,IDLE,0
C3B93D0B,41186,41564.399,41564399,999,1939,1932,90,90,FWD,9,55,1,IDLE,0
C3B93D0B,41187,41565.400,41565400,1001,1940,1932,90,90,FWD,9,55,1,IDLE,0
C3B93D0B,41188,41566.399,41566399,999,1941,1932,90,90,FWD,9,55,1,IDLE,0
C3B93D0B,41189,41567.400,41567400,1001,1941,1932,90,90,FWD,9,55,1,IDLE,0
C3B93D0B,41190,41568.399,41568399,999,1940,1932,90,90,FWD,9,55,1,IDLE,0
C3B93D0B,41191,41569.400,41569400,1001,1939,1932,90,90,FWD,9,55,1,IDLE,0
C3B93D0B,41192,41570.400,41570400,1000,1939,1932,90,90,FWD,9,55,1,IDLE,0
C3B93D0B,41193,41571.400,41571400,1000,1938,1932,90,90,FWD,9,55,1,IDLE,0
C3B93D0B,41194,41572.399,41572399,999,1939,1932,90,90,FWD,9,55,1,IDLE,0
C3B93D0B,41195,41573.400,41573400,1001,1939,1932,90,90,FWD,9,55,1,IDLE,0
C3B93D0B,41196,41574.399,41574399,999,1938,1932,90,90,FWD,9,55,1,IDLE,0
C3B93D0B,41197,41575.400,41575400,1001,1939,1932,90,90,FWD,9,55,1,IDLE,0
C3B93D0B,41198,41576.399,41576399,999,1940,1932,90,90,FWD,9,55,1,IDLE,0
C3B93D0B,41199,41577.400,41577400,1001,1939,1932,90,90,FWD,9,55,1,IDLE,0
C3B93D0B,41200,41578.399,41578399,999,1938,1932,90,90,FWD,9,55,1,IDLE,0
C3B93D0B,41201,41579.400,41579400,1001,1938,1932,90,90,FWD,9,55,1,IDLE,0
C3B93D0B,41202,41580.400,41580400,1000,1940,1932,90,90,FWD,9,55,1,IDLE,0
C3B93D0B,41203,41582.166,41582166,1766,1927,1932,90,90,FWD,41,55,1,IDLE,0
C3B93D0B,41204,41582.724,41582724,558,1927,1932,90,90,FWD,9,55,1,IDLE,0
C3B93D0B,41205,41583.400,41583400,676,1928,1932,90,90,FWD,9,55,1,IDLE,0
C3B93D0B,41206,41584.399,41584399,999,1933,1932,90,90,FWD,9,55,1,IDLE,0
C3B93D0B,41207,41585.400,41585400,1001,1931,1932,90,90,FWD,9,55,1,IDLE,0
C3B93D0B,41208,41586.399,41586399,999,1931,1932,90,90,FWD,9,55,1,IDLE,0
C3B93D0B,41209,41587.400,41587400,1001,1930,1932,90,90,FWD,9,55,1,IDLE,0
C3B93D0B,41210,41588.399,41588399,999,1931,1932,90,90,FWD,9,55,1,IDLE,0
C3B93D0B,41211,41589.400,41589400,1001,1931,1932,90,90,FWD,9,55,1,IDLE,0
C3B93D0B,41212,41590.400,41590400,1000,1931,1932,90,90,FWD,9,55,1,IDLE,0
C3B93D0B,41213,41591.400,41591400,1000,1931,1932,90,90,FWD,9,55,1,IDLE,0
C3B93D0B,41214,41592.399,41592399,999,1931,1932,90,90,FWD,9,55,1,IDLE,0
C3B93D0B,41215,41593.400,41593400,1001,1934,1932,90,90,FWD,9,55,1,IDLE,0
C3B93D0B,41216,41594.399,41594399,999,1933,1932,90,90,FWD,9,55,1,IDLE,0
C3B93D0B,41217,41595.400,41595400,1001,1932,1932,90,90,FWD,9,55,1,IDLE,0
C3B93D0B,41218,41596.399,41596399,999,1933,1932,90,90,FWD,9,55,1,IDLE,0
C3B93D0B,41219,41597.400,41597400,1001,1932,1932,90,90,FWD,9,55,1,IDLE,0
C3B93D0B,41220,41598.399,41598399,999,1931,1932,90,90,FWD,9,55,1,IDLE,0
C3B93D0B,41221,41599.400,41599400,1001,1934,1932,90,90,FWD,9,55,1,IDLE,0
C3B93D0B,41222,41600.400,41600400,1000,1931,1932,90,90,FWD,9,55,1,IDLE,0
C3B93D0B,41223,41601.400,41601400,1000,1932,1932,90,90,FWD,9,55,1,IDLE,0
C3B93D0B,41224,41602.399,41602399,999,1933,1932,90,90,FWD,9,55,1,IDLE,0
C3B93D0B,41225,41603.400,41603400,1001,1933,1932,90,90,FWD,9,55,1,IDLE,0
C3B93D0B,41226,41604.399,41604399,999,1931,1932,90,90,FWD,9,55,1,IDLE,0
C3B93D0B,41227,41605.400,41605400,1001,1931,1932,90,90,FWD,9,55,1,IDLE,0
C3B93D0B,41228,41606.399,41606399,999,1933,1932,90,90,FWD,9,55,1,IDLE,0
C3B93D0B,41229,41607.400,41607400,1001,1934,1932,90,90,FWD,9,55,1,IDLE,0
C3B93D0B,41230,41608.399,41608399,999,1931,1932,90,90,FWD,9,55,1,IDLE,0
C3B93D0B,41231,41609.400,41609400,1001,1933,1932,90,90,FWD,9,55,1,IDLE,0
C3B93D0B,41232,41610.400,41610400,1000,1932,1932,90,90,FWD,9,55,1,IDLE,0
C3B93D0B,41233,41611.400,41611400,1000,1933,1932,90,90,FWD,9,55,1,IDLE,0
C3B93D0B,41234,41612.399,41612399,999,1934,1932,90,90,FWD,9,55,1,IDLE,0
C3B93D0B,41235,41613.400,41613400,1001,1934,1932,90,90,FWD,9,55,1,IDLE,0
C3B93D0B,41236,41614.399,41614399,999,1932,1932,90,90,FWD,9,55,1,IDLE,0
C3B93D0B,41237,41615.400,41615400,1001,1933,1932,90,90,FWD,9,55,1,IDLE,0
C3B93D0B,41238,41616.399,41616399,999,1934,1932,90,90,FWD,9,55,1,IDLE,0
C3B93D0B,41239,41617.400,41617400,1001,1933,1932,90,90,FWD,9,55,1,IDLE,0
C3B93D0B,41240,41618.399,41618399,999,1933,1932,90,90,FWD,9,55,1,IDLE,0
C3B93D0B,41241,41619.400,41619400,1001,1931,1932,90,90,FWD,9,55,1,IDLE,0
C3B93D0B,41242,41620.400,41620400,1000,1935,1932,90,90,FWD,9,55,1,IDLE,0
C3B93D0B,41243,41621.400,41621400,1000,1931,1932,90,90,FWD,9,55,1,IDLE,0
C3B93D0B,41244,41622.399,41622399,999,1935,1932,90,90,FWD,9,55,1,IDLE,0
C3B93D0B,41245,41623.400,41623400,1001,1933,1932,90,90,FWD,9,55,1,IDLE,0
C3B93D0B,41246,41624.399,41624399,999,1933,1932,90,90,FWD,9,55,1,IDLE,0
C3B93D0B,41247,41625.400,41625400,1001,1933,1932,90,90,FWD,9,55,1,IDLE,0
C3B93D0B,41248,41626.399,41626399,999,1933,1932,90,90,FWD,9,55,1,IDLE,0
C3B93D0B,41249,41627.400,41627400,1001,1933,1932,90,90,FWD,9,55,1,IDLE,0
C3B93D0B,41250,41628.399,41628399,999,1931,1932,90,90,FWD,9,55,1,IDLE,0
C3B93D0B,41251,41629.400,41629400,1001,1934,1932,90,90,FWD,9,55,1,IDLE,0
C3B93D0B,41252,41630.400,41630400,1000,1933,1932,90,90,FWD,9,55,1,IDLE,0
C3B93D0B,41253,41631.400,41631400,1000,1935,1932,90,90,FWD,9,55,1,IDLE,0
C3B93D0B,41254,41632.399,41632399,999,1934,1932,90,90,FWD,9,55,1,IDLE,0
C3B93D0B,41255,41633.492,41633492,1093,1934,1932,90,90,FWD,9,55,1,IDLE,0
C3B93D0B,41256,41634.399,41634399,907,1934,1932,90,90,FWD,9,55,1,IDLE,0
C3B93D0B,41257,41635.400,41635400,1001,1931,1932,90,90,FWD,9,55,1,IDLE,0
C3B93D0B,41258,41636.399,41636399,999,1932,1932,90,90,FWD,9,55,1,IDLE,0
C3B93D0B,41259,41637.400,41637400,1001,1935,1932,90,90,FWD,9,55,1,IDLE,0
C3B93D0B,41260,41638.399,41638399,999,1942,1932,90,90,FWD,9,55,1,IDLE,0
C3B93D0B,41261,41639.400,41639400,1001,1939,1932,90,90,FWD,9,55,1,IDLE,0
C3B93D0B,41262,41640.400,41640400,1000,1943,1932,90,90,FWD,9,55,1,IDLE,0
C3B93D0B,41263,41641.400,41641400,1000,1940,1932,90,90,FWD,9,55,1,IDLE,0
C3B93D0B,41264,41642.399,41642399,999,1941,1932,90,90,FWD,9,55,1,IDLE,0
C3B93D0B,41265,41643.400,41643400,1001,1942,1932,90,90,FWD,9,55,1,IDLE,0
C3B93D0B,41266,41644.399,41644399,999,1941,1932,90,90,FWD,9,55,1,IDLE,0
C3B93D0B,41267,41645.400,41645400,1001,1941,1932,90,90,FWD,9,55,1,IDLE,0
C3B93D0B,41268,41646.399,41646399,999,1940,1932,90,90,FWD,9,55,1,IDLE,0
C3B93D0B,41269,41647.400,41647400,1001,1941,1932,90,90,FWD,9,55,1,IDLE,0
C3B93D0B,41270,41648.399,41648399,999,1940,1932,90,90,FWD,9,55,1,IDLE,0
C3B93D0B,41271,41649.400,41649400,1001,1939,1932,90,90,FWD,9,55,1,IDLE,0
C3B93D0B,41272,41650.400,41650400,1000,1939,1932,90,90,FWD,9,55,1,IDLE,0
C3B93D0B,41273,41651.400,41651400,1000,1938,1932,90,90,FWD,9,55,1,IDLE,0
C3B93D0B,41274,41652.399,41652399,999,1940,1932,90,90,FWD,9,55,1,IDLE,0
C3B93D0B,41275,41653.400,41653400,1001,1938,1932,90,90,FWD,9,55,1,IDLE,0
C3B93D0B,41276,41654.399,41654399,999,1941,1932,90,90,FWD,9,55,1,IDLE,0
C3B93D0B,41277,41655.400,41655400,1001,1939,1932,90,90,FWD,9,55,1,IDLE,0
C3B93D0B,41278,41656.399,41656399,999,1939,1932,90,90,FWD,9,55,1,IDLE,0
C3B93D0B,41279,41657.400,41657400,1001,1940,1932,90,90,FWD,9,55,1,IDLE,0
C3B93D0B,41280,41658.399,41658399,999,1942,1932,90,90,FWD,9,55,1,IDLE,0
C3B93D0B,41281,41659.400,41659400,1001,1941,1932,90,90,FWD,9,55,1,IDLE,0
C3B93D0B,41282,41660.400,41660400,1000,1942,1932,90,90,FWD,9,55,1,IDLE,0
C3B93D0B,41283,41661.400,41661400,1000,1939,1932,90,90,FWD,9,55,1,IDLE,0
C3B93D0B,41284,41662.399,41662399,999,1938,1932,90,90,FWD,9,55,1,IDLE,0
C3B93D0B,41285,41663.400,41663400,1001,1940,1932,90,90,FWD,9,55,1,IDLE,0
C3B93D0B,41286,41664.399,41664399,999,1940,1932,90,90,FWD,9,55,1,IDLE,0
C3B93D0B,41287,41665.400,41665400,1001,1939,1932,90,90,FWD,9,55,1,IDLE,0
C3B93D0B,41288,41666.399,41666399,999,1939,1932,90,90,FWD,9,55,1,IDLE,0
C3B93D0B,41289,41667.400,41667400,1001,1939,1932,90,90,FWD,9,55,1,IDLE,0
C3B93D0B,41290,41668.399,41668399,999,1938,1932,90,90,FWD,9,55,1,IDLE,0
C3B93D0B,41291,41669.400,41669400,1001,1939,1932,90,90,FWD,9,55,1,IDLE,0
C3B93D0B,41292,41670.400,41670400,1000,1939,1932,90,90,FWD,9,55,1,IDLE,0
C3B93D0B,41293,41671.400,41671400,1000,1941,1932,90,90,FWD,9,55,1,IDLE,0
C3B93D0B,41294,41672.399,41672399,999,1938,1932,90,90,FWD,9,55,1,IDLE,0
C3B93D0B,41295,41673.400,41673400,1001,1941,1932,90,90,FWD,9,55,1,IDLE,0
C3B93D0B,41296,41674.399,41674399,999,1939,1932,90,90,FWD,9,55,1,IDLE,0
C3B93D0B,41297,41675.400,41675400,1001,1939,1932,90,90,FWD,9,55,1,IDLE,0
C3B93D0B,41298,41676.399,41676399,999,1939,1932,90,90,FWD,9,55,1,IDLE,0
C3B93D0B,41299,41677.400,41677400,1001,1939,1932,90,90,FWD,9,55,1,IDLE,0
C3B93D0B,41300,41678.399,41678399,999,1941,1932,90,90,FWD,9,55,1,IDLE,0
C3B93D0B,41301,41679.400,41679400,1001,1938,1932,90,90,FWD,9,55,1,IDLE,0
C3B93D0B,41302,41680.400,41680400,1000,1938,1932,90,90,FWD,9,55,1,IDLE,0
C3B93D0B,41303,41682.139,41682139,1739,1930,1932,90,90,FWD,41,55,1,IDLE,0
C3B93D0B,41304,41682.452,41682452,313,1929,1932,90,90,FWD,9,55,1,IDLE,0
C3B93D0B,41305,41683.400,41683400,948,1930,1932,90,90,FWD,9,55,1,IDLE,0
C3B93D0B,41306,41684.399,41684399,999,1929,1932,90,90,FWD,9,55,1,IDLE,0
C3B93D0B,41307,41685.400,41685400,1001,1930,1932,90,90,FWD,9,55,1,IDLE,0
C3B93D0B,41308,41686.401,41686401,1001,1928,1932,90,90,FWD,9,55,1,IDLE,0
C3B93D0B,41309,41687.400,41687400,999,1930,1932,90,90,FWD,9,55,1,IDLE,0
C3B93D0B,41310,41688.399,41688399,999,1931,1932,90,90,FWD,9,55,1,IDLE,0
C3B93D0B,41311,41689.400,41689400,1001,1934,1932,90,90,FWD,9,55,1,IDLE,0
C3B93D0B,41312,41690.400,41690400,1000,1932,1932,90,90,FWD,9,55,1,IDLE,0
C3B93D0B,41313,41691.400,41691400,1000,1931,1932,90,90,FWD,9,55,1,IDLE,0
C3B93D0B,41314,41692.399,41692399,999,1933,1932,90,90,FWD,9,55,1,IDLE,0
C3B93D0B,41315,41693.400,41693400,1001,1933,1932,90,90,FWD,9,55,1,IDLE,0
C3B93D0B,41316,41694.399,41694399,999,1931,1932,90,90,FWD,9,55,1,IDLE,0
C3B93D0B,41317,41695.400,41695400,1001,1931,1932,90,90,FWD,9,55,1,IDLE,0
C3B93D0B,41318,41696.399,41696399,999,1933,1932,90,90,FWD,9,55,1,IDLE,0
C3B93D0B,41319,41697.400,41697400,1001,1929,1932,90,90,FWD,9,55,1,IDLE,0
C3B93D0B,41320,41698.399,41698399,999,1930,1932,90,90,FWD,9,55,1,IDLE,0
C3B93D0B,41321,41699.400,41699400,1001,1932,1932,90,90,FWD,9,55,1,IDLE,0
C3B93D0B,41322,41700.400,41700400,1000,1930,1932,90,90,FWD,9,55,1,IDLE,0
C3B93D0B,41323,41701.400,41701400,1000,1933,1932,90,90,FWD,9,55,1,IDLE,0
C3B93D0B,41324,41702.399,41702399,999,1934,1932,90,90,FWD,9,55,1,IDLE,0
C3B93D0B,41325,41703.532,41703532,1133,1932,1932,90,90,FWD,9,55,1,IDLE,0
C3B93D0B,41326,41704.399,41704399,867,1930,1932,90,90,FWD,9,55,1,IDLE,0
C3B93D0B,41327,41705.400,41705400,1001,1931,1932,90,90,FWD,9,55,1,IDLE,0
C3B93D0B,41328,41706.399,41706399,999,1933,1932,90,90,FWD,9,55,1,IDLE,0
C3B93D0B,41329,41707.400,41707400,1001,1930,1932,90,90,FWD,9,55,1,IDLE,0
C3B93D0B,41330,41708.399,41708399,999,1931,1932,90,90,FWD,9,55,1,IDLE,0
C3B93D0B,41331,41709.400,41709400,1001,1933,1932,90,90,FWD,9,55,1,IDLE,0
C3B93D0B,41332,41710.400,41710400,1000,1931,1932,90,90,FWD,9,55,1,IDLE,0
C3B93D0B,41333,41711.400,41711400,1000,1933,1932,90,90,FWD,9,55,1,IDLE,0
C3B93D0B,41334,41712.399,41712399,999,1932,1932,90,90,FWD,9,55,1,IDLE,0
C3B93D0B,41335,41713.400,41713400,1001,1931,1932,90,90,FWD,9,55,1,IDLE,0
C3B93D0B,41336,41714.399,41714399,999,1931,1932,90,90,FWD,9,55,1,IDLE,0
C3B93D0B,41337,41715.400,41715400,1001,1931,1932,90,90,FWD,9,55,1,IDLE,0
C3B93D0B,41338,41716.399,41716399,999,1932,1932,90,90,FWD,9,55,1,IDLE,0
C3B93D0B,41339,41717.400,41717400,1001,1933,1932,90,90,FWD,9,55,1,IDLE,0
C3B93D0B,41340,41718.399,41718399,999,1931,1932,90,90,FWD,9,55,1,IDLE,0
C3B93D0B,41341,41719.400,41719400,1001,1929,1932,90,90,FWD,9,55,1,IDLE,0
C3B93D0B,41342,41720.400,41720400,1000,1933,1932,90,90,FWD,9,55,1,IDLE,0
C3B93D0B,41343,41721.400,41721400,1000,1933,1932,90,90,FWD,9,55,1,IDLE,0
C3B93D0B,41344,41722.399,41722399,999,1931,1932,90,90,FWD,9,55,1,IDLE,0
C3B93D0B,41345,41723.400,41723400,1001,1932,1932,90,90,FWD,9,55,1,IDLE,0
C3B93D0B,41346,41724.399,41724399,999,1931,1932,90,90,FWD,9,55,1,IDLE,0
C3B93D0B,41347,41725.400,41725400,1001,1931,1932,90,90,FWD,9,55,1,IDLE,0
C3B93D0B,41348,41726.399,41726399,999,1931,1932,90,90,FWD,9,55,1,IDLE,0
C3B93D0B,41349,41727.400,41727400,1001,1932,1932,90,90,FWD,9,55,1,IDLE,0
C3B93D0B,41350,41728.399,41728399,999,1933,1932,90,90,FWD,9,55,1,IDLE,0
C3B93D0B,41351,41729.400,41729400,1001,1933,1932,90,90,FWD,9,55,1,IDLE,0
C3B93D0B,41352,41730.400,41730400,1000,1931,1932,90,90,FWD,9,55,1,IDLE,0
C3B93D0B,41353,41731.400,41731400,1000,1931,1932,90,90,FWD,9,55,1,IDLE,0
C3B93D0B,41354,41732.399,41732399,999,1933,1932,90,90,FWD,9,55,1,IDLE,0
C3B93D0B,41355,41733.400,41733400,1001,1935,1932,90,90,FWD,9,55,1,IDLE,0
C3B93D0B,41356,41734.399,41734399,999,1933,1932,90,90,FWD,9,55,1,IDLE,0
C3B93D0B,41357,41735.400,41735400,1001,1932,1932,90,90,FWD,9,55,1,IDLE,0
C3B93D0B,41358,41736.886,41736886,1486,1933,1932,90,90,FWD,41,55,1,IDLE,0
C3B93D0B,41359,41737.402,41737402,516,1931,1932,90,90,FWD,9,55,1,IDLE,0
C3B93D0B,41360,41738.399,41738399,997,1931,1932,90,90,FWD,9,55,1,IDLE,0
C3B93D0B,41361,41739.400,41739400,1001,1933,1932,90,90,FWD,9,55,1,IDLE,0
C3B93D0B,41362,41740.400,41740400,1000,1933,1932,90,90,FWD,9,55,1,IDLE,0
C3B93D0B,41363,41741.401,41741401,1001,1933,1932,90,90,FWD,9,55,1,IDLE,0
C3B93D0B,41364,41742.399,41742399,998,1934,1932,90,90,FWD,9,55,1,IDLE,0
C3B93D0B,41365,41743.456,41743456,1057,1929,1932,90,90,FWD,9,55,1,IDLE,0
C3B93D0B,41366,41745.349,41745349,1893,1931,1932,90,90,FWD,41,55,1,IDLE,0
C3B93D0B,41367,41745.660,41745660,311,1931,1932,90,90,FWD,9,55,1,IDLE,0
C3B93D0B,41368,41746.399,41746399,739,1932,1932,90,90,FWD,9,55,1,IDLE,0
C3B93D0B,41369,41747.400,41747400,1001,1933,1932,90,90,FWD,9,55,1,IDLE,0
C3B93D0B,41370,41748.399,41748399,999,1934,1932,90,90,FWD,9,55,1,IDLE,0
C3B93D0B,41371,41749.400,41749400,1001,1931,1932,90,90,FWD,9,55,1,IDLE,0
C3B93D0B,41372,41750.399,41750399,999,1935,1932,90,90,FWD,9,55,1,IDLE,0
C3B93D0B,41373,41751.401,41751401,1002,1931,1932,90,90,FWD,9,55,1,IDLE,0
C3B93D0B,41374,41752.399,41752399,998,1933,1932,90,90,FWD,9,55,1,IDLE,0
C3B93D0B,41375,41753.400,41753400,1001,1931,1932,90,90,FWD,9,55,1,IDLE,0
C3B93D0B,41376,41754.399,41754399,999,1931,1932,90,90,FWD,9,55,1,IDLE,0
C3B93D0B,41377,41755.400,41755400,1001,1933,1932,90,90,FWD,9,55,1,IDLE,0
C3B93D0B,41378,41756.399,41756399,999,1934,1932,90,90,FWD,9,55,1,IDLE,0
C3B93D0B,41379,41757.400,41757400,1001,1933,1932,90,90,FWD,9,55,1,IDLE,0
C3B93D0B,41380,41758.399,41758399,999,1931,1932,90,90,FWD,9,55,1,IDLE,0
C3B93D0B,41381,41759.400,41759400,1001,1932,1932,90,90,FWD,9,55,1,IDLE,0
C3B93D0B,41382,41760.399,41760399,999,1930,1932,90,90,FWD,9,55,1,IDLE,0
C3B93D0B,41383,41761.401,41761401,1002,1934,1932,90,90,FWD,9,55,1,IDLE,0
C3B93D0B,41384,41762.399,41762399,998,1933,1932,90,90,FWD,9,55,1,IDLE,0
C3B93D0B,41385,41763.400,41763400,1001,1930,1932,90,90,FWD,9,55,1,IDLE,0
C3B93D0B,41386,41764.399,41764399,999,1930,1932,90,90,FWD,9,55,1,IDLE,0
C3B93D0B,41387,41765.400,41765400,1001,1933,1932,90,90,FWD,9,55,1,IDLE,0
C3B93D0B,41388,41766.399,41766399,999,1935,1932,90,90,FWD,9,55,1,IDLE,0
C3B93D0B,41389,41767.400,41767400,1001,1931,1932,90,90,FWD,9,55,1,IDLE,0
C3B93D0B,41390,41768.399,41768399,999,1933,1932,90,90,FWD,9,55,1,IDLE,0
C3B93D0B,41391,41769.400,41769400,1001,1933,1932,90,90,FWD,9,55,1,IDLE,0
C3B93D0B,41392,41770.399,41770399,999,1933,1932,90,90,FWD,9,55,1,IDLE,0
C3B93D0B,41393,41771.401,41771401,1002,1932,1932,90,90,FWD,9,55,1,IDLE,0
C3B93D0B,41394,41772.399,41772399,998,1934,1932,90,90,FWD,9,55,1,IDLE,0
C3B93D0B,41395,41773.400,41773400,1001,1931,1932,90,90,FWD,9,55,1,IDLE,0
C3B93D0B,41396,41774.399,41774399,999,1931,1932,90,90,FWD,9,55,1,IDLE,0
C3B93D0B,41397,41775.400,41775400,1001,1931,1932,90,90,FWD,9,55,1,IDLE,0
C3B93D0B,41398,41776.399,41776399,999,1929,1932,90,90,FWD,9,55,1,IDLE,0
C3B93D0B,41399,41777.400,41777400,1001,1934,1932,90,90,FWD,9,55,1,IDLE,0
C3B93D0B,41400,41778.399,41778399,999,1933,1932,90,90,FWD,9,55,1,IDLE,0
C3B93D0B,41401,41779.400,41779400,1001,1930,1932,90,90,FWD,9,55,1,IDLE,0
C3B93D0B,41402,41780.399,41780399,999,1933,1932,90,90,FWD,9,55,1,IDLE,0
C3B93D0B,41403,41781.401,41781401,1002,1931,1932,90,90,FWD,9,55,1,IDLE,0
C3B93D0B,41404,41782.737,41782737,1336,1935,1932,90,90,FWD,41,55,1,IDLE,0
C3B93D0B,41405,41783.575,41783575,838,1931,1932,90,90,FWD,9,55,1,IDLE,0
C3B93D0B,41406,41784.400,41784400,825,1931,1932,90,90,FWD,9,55,1,IDLE,0
C3B93D0B,41407,41785.399,41785399,999,1934,1932,90,90,FWD,9,55,1,IDLE,0
C3B93D0B,41408,41786.400,41786400,1001,1933,1932,90,90,FWD,9,55,1,IDLE,0
C3B93D0B,41409,41787.399,41787399,999,1934,1932,90,90,FWD,9,55,1,IDLE,0
C3B93D0B,41410,41788.400,41788400,1001,1930,1932,90,90,FWD,9,55,1,IDLE,0
C3B93D0B,41411,41789.399,41789399,999,1934,1932,90,90,FWD,9,55,1,IDLE,0
C3B93D0B,41412,41791.264,41791264,1865,1931,1932,90,90,FWD,41,55,1,IDLE,0
C3B93D0B,41413,41791.814,41791814,550,1927,1932,90,90,FWD,9,55,1,IDLE,0
C3B93D0B,41414,41792.402,41792402,588,1929,1932,90,90,FWD,9,55,1,IDLE,0
C3B93D0B,41415,41793.448,41793448,1046,1932,1932,90,90,FWD,9,55,1,IDLE,0
C3B93D0B,41416,41794.400,41794400,952,1934,1932,90,90,FWD,9,55,1,IDLE,0
C3B93D0B,41417,41795.399,41795399,999,1933,1932,90,90,FWD,9,55,1,IDLE,0
C3B93D0B,41418,41796.400,41796400,1001,1933,1932,90,90,FWD,9,55,1,IDLE,0
C3B93D0B,41419,41797.399,41797399,999,1934,1932,90,90,FWD,9,55,1,IDLE,0
C3B93D0B,41420,41798.400,41798400,1001,1933,1932,90,90,FWD,9,55,1,IDLE,0
C3B93D0B,41421,41799.399,41799399,999,1931,1932,90,90,FWD,9,55,1,IDLE,0
C3B93D0B,41422,41800.403,41800403,1004,1933,1932,90,90,FWD,9,55,1,IDLE,0
C3B93D0B,41423,41801.399,41801399,996,1932,1932,90,90,FWD,9,55,1,IDLE,0
C3B93D0B,41424,41802.401,41802401,1002,1931,1932,90,90,FWD,9,55,1,IDLE,0
C3B93D0B,41425,41803.399,41803399,998,1933,1932,90,90,FWD,9,55,1,IDLE,0
C3B93D0B,41426,41804.400,41804400,1001,1931,1932,90,90,FWD,9,55,1,IDLE,0
C3B93D0B,41427,41805.887,41805887,1487,1932,1932,90,90,FWD,41,55,1,IDLE,0
C3B93D0B,41428,41806.400,41806400,513,1932,1932,90,90,FWD,9,55,1,IDLE,0
C3B93D0B,41429,41807.399,41807399,999,1932,1932,90,90,FWD,9,55,1,IDLE,0
C3B93D0B,41430,41808.400,41808400,1001,1934,1932,90,90,FWD,9,55,1,IDLE,0
C3B93D0B,41431,41809.399,41809399,999,1931,1932,90,90,FWD,9,55,1,IDLE,0
C3B93D0B,41432,41810.400,41810400,1001,1930,1932,90,90,FWD,9,55,1,IDLE,0
C3B93D0B,41433,41811.399,41811399,999,1933,1932,90,90,FWD,9,55,1,IDLE,0
C3B93D0B,41434,41812.401,41812401,1002,1931,1932,90,90,FWD,9,55,1,IDLE,0
C3B93D0B,41435,41813.399,41813399,998,1933,1932,90,90,FWD,9,55,1,IDLE,0
C3B93D0B,41436,41814.400,41814400,1001,1930,1932,90,90,FWD,9,55,1,IDLE,0
C3B93D0B,41437,41815.399,41815399,999,1930,1932,90,90,FWD,9,55,1,IDLE,0
C3B93D0B,41438,41816.400,41816400,1001,1930,1932,90,90,FWD,9,55,1,IDLE,0
C3B93D0B,41439,41817.399,41817399,999,1931,1932,90,90,FWD,9,55,1,IDLE,0
C3B93D0B,41440,41818.400,41818400,1001,1931,1932,90,90,FWD,9,55,1,IDLE,0
C3B93D0B,41441,41819.399,41819399,999,1934,1932,90,90,FWD,9,55,1,IDLE,0
C3B93D0B,41442,41820.400,41820400,1001,1932,1932,90,90,FWD,9,55,1,IDLE,0
C3B93D0B,41443,41821.399,41821399,999,1932,1932,90,90,FWD,9,55,1,IDLE,0
C3B93D0B,41444,41822.401,41822401,1002,1931,1932,90,90,FWD,9,55,1,IDLE,0
C3B93D0B,41445,41823.399,41823399,998,1931,1932,90,90,FWD,9,55,1,IDLE,0
C3B93D0B,41446,41824.400,41824400,1001,1933,1932,90,90,FWD,9,55,1,IDLE,0
C3B93D0B,41447,41825.399,41825399,999,1930,1932,90,90,FWD,9,55,1,IDLE,0
C3B93D0B,41448,41826.400,41826400,1001,1933,1932,90,90,FWD,9,55,1,IDLE,0
C3B93D0B,41449,41827.399,41827399,999,1931,1932,90,90,FWD,9,55,1,IDLE,0
C3B93D0B,41450,41828.400,41828400,1001,1930,1932,90,90,FWD,9,55,1,IDLE,0
C3B93D0B,41451,41829.399,41829399,999,1931,1932,90,90,FWD,9,55,1,IDLE,0
C3B93D0B,41452,41830.400,41830400,1001,1931,1932,90,90,FWD,9,55,1,IDLE,0
C3B93D0B,41453,41831.399,41831399,999,1932,1932,90,90,FWD,9,55,1,IDLE,0
C3B93D0B,41454,41832.401,41832401,1002,1931,1932,90,90,FWD,9,55,1,IDLE,0
C3B93D0B,41455,41833.399,41833399,998,1931,1932,90,90,FWD,9,55,1,IDLE,0
C3B93D0B,41456,41834.400,41834400,1001,1933,1932,90,90,FWD,9,55,1,IDLE,0
C3B93D0B,41457,41835.399,41835399,999,1932,1932,90,90,FWD,9,55,1,IDLE,0
C3B93D0B,41458,41836.400,41836400,1001,1931,1932,90,90,FWD,9,55,1,IDLE,0
C3B93D0B,41459,41837.399,41837399,999,1932,1932,90,90,FWD,9,55,1,IDLE,0
C3B93D0B,41460,41838.400,41838400,1001,1933,1932,90,90,FWD,9,55,1,IDLE,0
C3B93D0B,41461,41839.399,41839399,999,1930,1932,90,90,FWD,9,55,1,IDLE,0
C3B93D0B,41462,41840.400,41840400,1001,1931,1932,90,90,FWD,9,55,1,IDLE,0
C3B93D0B,41463,41841.399,41841399,999,1934,1932,90,90,FWD,9,55,1,IDLE,0
C3B93D0B,41464,41842.401,41842401,1002,1932,1932,90,90,FWD,9,55,1,IDLE,0
C3B93D0B,41465,41843.399,41843399,998,1933,1932,90,90,FWD,9,55,1,IDLE,0
C3B93D0B,41466,41844.400,41844400,1001,1931,1932,90,90,FWD,9,55,1,IDLE,0
C3B93D0B,41467,41845.399,41845399,999,1927,1932,90,90,FWD,9,55,1,IDLE,0
C3B93D0B,41468,41846.400,41846400,1001,1931,1932,90,90,FWD,9,55,1,IDLE,0
C3B93D0B,41469,41847.399,41847399,999,1931,1932,90,90,FWD,9,55,1,IDLE,0
C3B93D0B,41470,41848.400,41848400,1001,1929,1932,90,90,FWD,9,55,1,IDLE,0
C3B93D0B,41471,41849.399,41849399,999,1931,1932,90,90,FWD,9,55,1,IDLE,0
C3B93D0B,41472,41850.400,41850400,1001,1931,1932,90,90,FWD,9,55,1,IDLE,0
C3B93D0B,41473,41851.402,41851402,1002,1942,1932,90,90,FWD,9,55,1,IDLE,0
C3B93D0B,41474,41852.401,41852401,999,1941,1932,90,90,FWD,9,55,1,IDLE,0
C3B93D0B,41475,41853.399,41853399,998,1941,1932,90,90,FWD,9,55,1,IDLE,0
C3B93D0B,41476,41854.400,41854400,1001,1939,1932,90,90,FWD,9,55,1,IDLE,0
C3B93D0B,41477,41855.399,41855399,999,1940,1932,90,90,FWD,9,55,1,IDLE,0
C3B93D0B,41478,41856.400,41856400,1001,1938,1932,90,90,FWD,9,55,1,IDLE,0
C3B93D0B,41479,41857.399,41857399,999,1940,1932,90,90,FWD,9,55,1,IDLE,0
C3B93D0B,41480,41858.400,41858400,1001,1939,1932,90,90,FWD,9,55,1,IDLE,0
C3B93D0B,41481,41859.399,41859399,999,1939,1932,90,90,FWD,9,55,1,IDLE,0
C3B93D0B,41482,41860.400,41860400,1001,1938,1932,90,90,FWD,9,55,1,IDLE,0
C3B93D0B,41483,41861.399,41861399,999,1940,1932,90,90,FWD,9,55,1,IDLE,0
C3B93D0B,41484,41862.401,41862401,1002,1938,1932,90,90,FWD,9,55,1,IDLE,0
C3B93D0B,41485,41863.399,41863399,998,1939,1932,90,90,FWD,9,55,1,IDLE,0
C3B93D0B,41486,41864.400,41864400,1001,1939,1932,90,90,FWD,9,55,1,IDLE,0
C3B93D0B,41487,41865.399,41865399,999,1937,1932,90,90,FWD,9,55,1,IDLE,0
C3B93D0B,41488,41866.400,41866400,1001,1937,1932,90,90,FWD,9,55,1,IDLE,0
C3B93D0B,41489,41867.399,41867399,999,1938,1932,90,90,FWD,9,55,1,IDLE,0
C3B93D0B,41490,41868.400,41868400,1001,1937,1932,90,90,FWD,9,55,1,IDLE,0
C3B93D0B,41491,41869.399,41869399,999,1939,1932,90,90,FWD,9,55,1,IDLE,0
C3B93D0B,41492,41870.400,41870400,1001,1936,1932,90,90,FWD,9,55,1,IDLE,0
C3B93D0B,41493,41871.399,41871399,999,1937,1932,90,90,FWD,9,55,1,IDLE,0
C3B93D0B,41494,41872.401,41872401,1002,1939,1932,90,90,FWD,9,55,1,IDLE,0
C3B93D0B,41495,41873.399,41873399,998,1937,1932,90,90,FWD,9,55,1,IDLE,0
C3B93D0B,41496,41874.400,41874400,1001,1937,1932,90,90,FWD,9,55,1,IDLE,0
C3B93D0B,41497,41875.399,41875399,999,1937,1932,90,90,FWD,9,55,1,IDLE,0
C3B93D0B,41498,41876.400,41876400,1001,1936,1932,90,90,FWD,9,55,1,IDLE,0
C3B93D0B,41499,41877.399,41877399,999,1937,1932,90,90,FWD,9,55,1,IDLE,0
C3B93D0B,41500,41878.400,41878400,1001,1938,1932,90,90,FWD,9,55,1,IDLE,0
C3B93D0B,41501,41879.518,41879518,1118,1938,1932,90,90,FWD,9,55,1,IDLE,0
C3B93D0B,41502,41880.400,41880400,882,1937,1932,90,90,FWD,9,55,1,IDLE,0
C3B93D0B,41503,41881.399,41881399,999,1937,1932,90,90,FWD,9,55,1,IDLE,0
C3B93D0B,41504,41882.401,41882401,1002,1938,1932,90,90,FWD,9,55,1,IDLE,0
C3B93D0B,41505,41884.215,41884215,1814,1927,1932,90,90,FWD,41,55,1,IDLE,0
C3B93D0B,41506,41884.587,41884587,372,1927,1932,90,90,FWD,9,55,1,IDLE,0
C3B93D0B,41507,41885.400,41885400,813,1927,1932,90,90,FWD,9,55,1,IDLE,0
C3B93D0B,41508,41886.399,41886399,999,1930,1932,90,90,FWD,9,55,1,IDLE,0
C3B93D0B,41509,41887.400,41887400,1001,1928,1932,90,90,FWD,9,55,1,IDLE,0
C3B93D0B,41510,41888.399,41888399,999,1927,1932,90,90,FWD,9,55,1,IDLE,0
C3B93D0B,41511,41889.400,41889400,1001,1930,1932,90,90,FWD,9,55,1,IDLE,0
C3B93D0B,41512,41890.399,41890399,999,1930,1932,90,90,FWD,9,55,1,IDLE,0
C3B93D0B,41513,41891.400,41891400,1001,1929,1932,90,90,FWD,9,55,1,IDLE,0
C3B93D0B,41514,41892.400,41892400,1000,1927,1932,90,90,FWD,9,55,1,IDLE,0
C3B93D0B,41515,41893.400,41893400,1000,1931,1932,90,90,FWD,9,55,1,IDLE,0
C3B93D0B,41516,41894.399,41894399,999,1930,1932,90,90,FWD,9,55,1,IDLE,0
C3B93D0B,41517,41895.400,41895400,1001,1929,1932,90,90,FWD,9,55,1,IDLE,0
C3B93D0B,41518,41896.399,41896399,999,1931,1932,90,90,FWD,9,55,1,IDLE,0
C3B93D0B,41519,41897.400,41897400,1001,1931,1932,90,90,FWD,9,55,1,IDLE,0
C3B93D0B,41520,41898.399,41898399,999,1926,1932,90,90,FWD,9,55,1,IDLE,0
C3B93D0B,41521,41899.400,41899400,1001,1930,1932,90,90,FWD,9,55,1,IDLE,0
C3B93D0B,41522,41900.399,41900399,999,1931,1932,90,90,FWD,9,55,1,IDLE,0
C3B93D0B,41523,41901.400,41901400,1001,1930,1932,90,90,FWD,9,55,1,IDLE,0
C3B93D0B,41524,41902.400,41902400,1000,1931,1932,90,90,FWD,9,55,1,IDLE,0
C3B93D0B,41525,41903.400,41903400,1000,1932,1932,90,90,FWD,9,55,1,IDLE,0
C3B93D0B,41526,41904.399,41904399,999,1929,1932,90,90,FWD,9,55,1,IDLE,0
C3B93D0B,41527,41905.400,41905400,1001,1930,1932,90,90,FWD,9,55,1,IDLE,0
C3B93D0B,41528,41906.399,41906399,999,1930,1932,90,90,FWD,9,55,1,IDLE,0
C3B93D0B,41529,41907.400,41907400,1001,1930,1932,90,90,FWD,9,55,1,IDLE,0
C3B93D0B,41530,41908.406,41908406,1006,1927,1932,90,90,FWD,9,55,1,IDLE,0
C3B93D0B,41531,41909.400,41909400,994,1929,1932,90,90,FWD,9,55,1,IDLE,0
C3B93D0B,41532,41910.399,41910399,999,1927,1932,90,90,FWD,9,55,1,IDLE,0
C3B93D0B,41533,41911.400,41911400,1001,1933,1932,90,90,FWD,9,55,1,IDLE,0
C3B93D0B,41534,41912.400,41912400,1000,1931,1932,90,90,FWD,9,55,1,IDLE,0
C3B93D0B,41535,41913.400,41913400,1000,1933,1932,90,90,FWD,9,55,1,IDLE,0
C3B93D0B,41536,41914.399,41914399,999,1932,1932,90,90,FWD,9,55,1,IDLE,0
C3B93D0B,41537,41915.400,41915400,1001,1931,1932,90,90,FWD,9,55,1,IDLE,0
C3B93D0B,41538,41916.399,41916399,999,1931,1932,90,90,FWD,9,55,1,IDLE,0
C3B93D0B,41539,41917.400,41917400,1001,1929,1932,90,90,FWD,9,55,1,IDLE,0
C3B93D0B,41540,41918.399,41918399,999,1931,1932,90,90,FWD,9,55,1,IDLE,0
C3B93D0B,41541,41919.400,41919400,1001,1930,1932,90,90,FWD,9,55,1,IDLE,0
C3B93D0B,41542,41920.399,41920399,999,1929,1932,90,90,FWD,9,55,1,IDLE,0
C3B93D0B,41543,41921.400,41921400,1001,1929,1932,90,90,FWD,9,55,1,IDLE,0
C3B93D0B,41544,41922.400,41922400,1000,1927,1932,90,90,FWD,9,55,1,IDLE,0
C3B93D0B,41545,41923.400,41923400,1000,1933,1932,90,90,FWD,9,55,1,IDLE,0
C3B93D0B,41546,41924.399,41924399,999,1930,1932,90,90,FWD,9,55,1,IDLE,0
C3B93D0B,41547,41925.400,41925400,1001,1927,1932,90,90,FWD,9,55,1,IDLE,0
C3B93D0B,41548,41926.399,41926399,999,1931,1932,90,90,FWD,9,55,1,IDLE,0
C3B93D0B,41549,41927.400,41927400,1001,1930,1932,90,90,FWD,9,55,1,IDLE,0
C3B93D0B,41550,41928.399,41928399,999,1931,1932,90,90,FWD,9,55,1,IDLE,0
C3B93D0B,41551,41929.400,41929400,1001,1930,1932,90,90,FWD,9,55,1,IDLE,0
C3B93D0B,41552,41930.399,41930399,999,1930,1932,90,90,FWD,9,55,1,IDLE,0
C3B93D0B,41553,41931.400,41931400,1001,1929,1932,90,90,FWD,9,55,1,IDLE,0
C3B93D0B,41554,41932.400,41932400,1000,1927,1932,90,90,FWD,9,55,1,IDLE,0
C3B93D0B,41555,41933.400,41933400,1000,1927,1932,90,90,FWD,9,55,1,IDLE,0
C3B93D0B,41556,41934.399,41934399,999,1930,1932,90,90,FWD,9,55,1,IDLE,0
C3B93D0B,41557,41935.744,41935744,1345,1927,1932,90,90,FWD,41,55,1,IDLE,0
C3B93D0B,41558,41936.399,41936399,655,1930,1932,90,90,FWD,9,55,1,IDLE,0
C3B93D0B,41559,41937.400,41937400,1001,1927,1932,90,90,FWD,9,55,1,IDLE,0
C3B93D0B,41560,41938.399,41938399,999,1931,1932,90,90,FWD,9,55,1,IDLE,0
C3B93D0B,41561,41939.400,41939400,1001,1927,1932,90,90,FWD,9,55,1,IDLE,0
C3B93D0B,41562,41940.399,41940399,999,1930,1932,90,90,FWD,9,55,1,IDLE,0
C3B93D0B,41563,41941.401,41941401,1002,1937,1932,90,90,FWD,9,55,1,IDLE,0
C3B93D0B,41564,41942.400,41942400,999,1936,1932,90,90,FWD,9,55,1,IDLE,0
C3B93D0B,41565,41943.400,41943400,1000,1939,1932,90,90,FWD,9,55,1,IDLE,0
C3B93D0B,41566,41944.399,41944399,999,1938,1932,90,90,FWD,9,55,1,IDLE,0
C3B93D0B,41567,41945.400,41945400,1001,1936,1932,90,90,FWD,9,55,1,IDLE,0
C3B93D0B,41568,41946.399,41946399,999,1937,1932,90,90,FWD,9,55,1,IDLE,0
C3B93D0B,41569,41947.400,41947400,1001,1936,1932,90,90,FWD,9,55,1,IDLE,0
C3B93D0B,41570,41948.399,41948399,999,1937,1932,90,90,FWD,9,55,1,IDLE,0
C3B93D0B,41571,41949.400,41949400,1001,1936,1932,90,90,FWD,9,55,1,IDLE,0
C3B93D0B,41572,41950.399,41950399,999,1937,1932,90,90,FWD,9,55,1,IDLE,0
C3B93D0B,41573,41951.400,41951400,1001,1937,1932,90,90,FWD,9,55,1,IDLE,0
C3B93D0B,41574,41952.400,41952400,1000,1939,1932,90,90,FWD,9,55,1,IDLE,0
C3B93D0B,41575,41953.400,41953400,1000,1937,1932,90,90,FWD,9,55,1,IDLE,0
C3B93D0B,41576,41954.399,41954399,999,1937,1932,90,90,FWD,9,55,1,IDLE,0
C3B93D0B,41577,41955.400,41955400,1001,1937,1932,90,90,FWD,9,55,1,IDLE,0
C3B93D0B,41578,41956.399,41956399,999,1936,1932,90,90,FWD,9,55,1,IDLE,0
C3B93D0B,41579,41957.400,41957400,1001,1936,1932,90,90,FWD,9,55,1,IDLE,0
C3B93D0B,41580,41958.399,41958399,999,1937,1932,90,90,FWD,9,55,1,IDLE,0
C3B93D0B,41581,41959.400,41959400,1001,1937,1932,90,90,FWD,9,55,1,IDLE,0
C3B93D0B,41582,41960.399,41960399,999,1938,1932,90,90,FWD,9,55,1,IDLE,0
C3B93D0B,41583,41961.400,41961400,1001,1936,1932,90,90,FWD,9,55,1,IDLE,0
C3B93D0B,41584,41962.400,41962400,1000,1938,1932,90,90,FWD,9,55,1,IDLE,0
C3B93D0B,41585,41963.400,41963400,1000,1936,1932,90,90,FWD,9,55,1,IDLE,0
C3B93D0B,41586,41964.399,41964399,999,1937,1932,90,90,FWD,9,55,1,IDLE,0
C3B93D0B,41587,41965.400,41965400,1001,1936,1932,90,90,FWD,9,55,1,IDLE,0
C3B93D0B,41588,41966.399,41966399,999,1936,1932,90,90,FWD,9,55,1,IDLE,0
C3B93D0B,41589,41967.400,41967400,1001,1936,1932,90,90,FWD,9,55,1,IDLE,0
C3B93D0B,41590,41968.399,41968399,999,1936,1932,90,90,FWD,9,55,1,IDLE,0
C3B93D0B,41591,41969.400,41969400,1001,1936,1932,90,90,FWD,9,55,1,IDLE,0
C3B93D0B,41592,41970.399,41970399,999,1936,1932,90,90,FWD,9,55,1,IDLE,0
C3B93D0B,41593,41971.400,41971400,1001,1936,1932,90,90,FWD,9,55,1,IDLE,0
C3B93D0B,41594,41972.400,41972400,1000,1936,1932,90,90,FWD,9,55,1,IDLE,0
C3B93D0B,41595,41973.400,41973400,1000,1936,1932,90,90,FWD,9,55,1,IDLE,0
C3B93D0B,41596,41974.399,41974399,999,1937,1932,90,90,FWD,9,55,1,IDLE,0
C3B93D0B,41597,41975.400,41975400,1001,1936,1932,90,90,FWD,9,55,1,IDLE,0
C3B93D0B,41598,41976.399,41976399,999,1936,1932,90,90,FWD,9,55,1,IDLE,0
C3B93D0B,41599,41977.400,41977400,1001,1936,1932,90,90,FWD,9,55,1,IDLE,0
C3B93D0B,41600,41978.399,41978399,999,1936,1932,90,90,FWD,9,55,1,IDLE,0
C3B93D0B,41601,41979.400,41979400,1001,1936,1932,90,90,FWD,9,55,1,IDLE,0
C3B93D0B,41602,41980.399,41980399,999,1936,1932,90,90,FWD,9,55,1,IDLE,0
C3B93D0B,41603,41981.400,41981400,1001,1936,1932,90,90,FWD,9,55,1,IDLE,0
C3B93D0B,41604,41982.400,41982400,1000,1936,1932,90,90,FWD,9,55,1,IDLE,0
C3B93D0B,41605,41984.140,41984140,1740,1926,1932,90,90,FWD,41,55,1,IDLE,0
C3B93D0B,41606,41984.506,41984506,366,1926,1932,90,90,FWD,9,55,1,IDLE,0
C3B93D0B,41607,41985.400,41985400,894,1920,1932,90,90,FWD,9,55,1,IDLE,0
C3B93D0B,41608,41986.399,41986399,999,1926,1932,90,90,FWD,9,55,1,IDLE,0
C3B93D0B,41609,41987.400,41987400,1001,1925,1932,90,90,FWD,9,55,1,IDLE,0
C3B93D0B,41610,41988.399,41988399,999,1925,1932,90,90,FWD,9,55,1,IDLE,0
C3B93D0B,41611,41989.400,41989400,1001,1926,1932,90,90,FWD,9,55,1,IDLE,0
C3B93D0B,41612,41990.399,41990399,999,1927,1932,90,90,FWD,9,55,1,IDLE,0
C3B93D0B,41613,41991.400,41991400,1001,1930,1932,90,90,FWD,9,55,1,IDLE,0
C3B93D0B,41614,41992.400,41992400,1000,1929,1932,90,90,FWD,9,55,1,IDLE,0
C3B93D0B,41615,41993.400,41993400,1000,1930,1932,90,90,FWD,9,55,1,IDLE,0
C3B93D0B,41616,41994.399,41994399,999,1926,1932,90,90,FWD,9,55,1,IDLE,0
C3B93D0B,41617,41995.400,41995400,1001,1929,1932,90,90,FWD,9,55,1,IDLE,0
C3B93D0B,41618,41996.399,41996399,999,1929,1932,90,90,FWD,9,55,1,IDLE,0
C3B93D0B,41619,41997.400,41997400,1001,1927,1932,90,90,FWD,9,55,1,IDLE,0
C3B93D0B,41620,41998.399,41998399,999,1927,1932,90,90,FWD,9,55,1,IDLE,0
C3B93D0B,41621,41999.400,41999400,1001,1927,1932,90,90,FWD,9,55,1,IDLE,0
C3B93D0B,41622,42000.399,42000399,999,1927,1932,90,90,FWD,9,55,1,IDLE,0
C3B93D0B,41623,42001.400,42001400,1001,1929,1932,90,90,FWD,9,55,1,IDLE,0
C3B93D0B,41624,42002.400,42002400,1000,1929,1932,90,90,FWD,9,55,1,IDLE,0
C3B93D0B,41625,42003.400,42003400,1000,1926,1932,90,90,FWD,9,55,1,IDLE,0
C3B93D0B,41626,42004.399,42004399,999,1930,1932,90,90,FWD,9,55,1,IDLE,0
C3B93D0B,41627,42005.400,42005400,1001,1926,1932,90,90,FWD,9,55,1,IDLE,0
C3B93D0B,41628,42006.399,42006399,999,1927,1932,90,90,FWD,9,55,1,IDLE,0
C3B93D0B,41629,42007.400,42007400,1001,1927,1932,90,90,FWD,9,55,1,IDLE,0
C3B93D0B,41630,42008.399,42008399,999,1931,1932,90,90,FWD,9,55,1,IDLE,0
C3B93D0B,41631,42009.400,42009400,1001,1925,1932,90,90,FWD,9,55,1,IDLE,0
C3B93D0B,41632,42010.552,42010552,1152,1929,1932,90,90,FWD,9,55,1,IDLE,0
C3B93D0B,41633,42011.400,42011400,848,1930,1932,90,90,FWD,9,55,1,IDLE,0
C3B93D0B,41634,42012.400,42012400,1000,1927,1932,90,90,FWD,9,55,1,IDLE,0
C3B93D0B,41635,42013.400,42013400,1000,1928,1932,90,90,FWD,9,55,1,IDLE,0
C3B93D0B,41636,42014.399,42014399,999,1927,1932,90,90,FWD,9,55,1,IDLE,0
C3B93D0B,41637,42015.400,42015400,1001,1927,1932,90,90,FWD,9,55,1,IDLE,0
C3B93D0B,41638,42016.399,42016399,999,1929,1932,90,90,FWD,9,55,1,IDLE,0
C3B93D0B,41639,42017.400,42017400,1001,1927,1932,90,90,FWD,9,55,1,IDLE,0
C3B93D0B,41640,42018.399,42018399,999,1927,1932,90,90,FWD,9,55,1,IDLE,0
C3B93D0B,41641,42019.400,42019400,1001,1929,1932,90,90,FWD,9,55,1,IDLE,0
C3B93D0B,41642,42020.399,42020399,999,1927,1932,90,90,FWD,9,55,1,IDLE,0
C3B93D0B,41643,42021.400,42021400,1001,1925,1932,90,90,FWD,9,55,1,IDLE,0
C3B93D0B,41644,42022.400,42022400,1000,1927,1932,90,90,FWD,9,55,1,IDLE,0
C3B93D0B,41645,42023.400,42023400,1000,1933,1932,90,90,FWD,9,55,1,IDLE,0
C3B93D0B,41646,42024.399,42024399,999,1930,1932,90,90,FWD,9,55,1,IDLE,0
C3B93D0B,41647,42025.400,42025400,1001,1929,1932,90,90,FWD,9,55,1,IDLE,0
C3B93D0B,41648,42026.399,42026399,999,1927,1932,90,90,FWD,9,55,1,IDLE,0
C3B93D0B,41649,42027.400,42027400,1001,1926,1932,90,90,FWD,9,55,1,IDLE,0
C3B93D0B,41650,42028.399,42028399,999,1929,1932,90,90,FWD,9,55,1,IDLE,0
C3B93D0B,41651,42029.400,42029400,1001,1926,1932,90,90,FWD,9,55,1,IDLE,0
C3B93D0B,41652,42030.399,42030399,999,1929,1932,90,90,FWD,9,55,1,IDLE,0
C3B93D0B,41653,42031.400,42031400,1001,1933,1932,90,90,FWD,9,55,1,IDLE,0
C3B93D0B,41654,42032.400,42032400,1000,1929,1932,90,90,FWD,9,55,1,IDLE,0
C3B93D0B,41655,42033.400,42033400,1000,1927,1932,90,90,FWD,9,55,1,IDLE,0
C3B93D0B,41656,42034.399,42034399,999,1931,1932,90,90,FWD,9,55,1,IDLE,0
C3B93D0B,41657,42035.400,42035400,1001,1929,1932,90,90,FWD,9,55,1,IDLE,0
C3B93D0B,41658,42036.402,42036402,1002,1930,1932,90,90,FWD,9,55,1,IDLE,0
C3B93D0B,41659,42037.400,42037400,998,1927,1932,90,90,FWD,9,55,1,IDLE,0
C3B93D0B,41660,42038.399,42038399,999,1927,1932,90,90,FWD,9,55,1,IDLE,0
C3B93D0B,41661,42039.400,42039400,1001,1928,1932,90,90,FWD,9,55,1,IDLE,0
C3B93D0B,41662,42040.577,42040577,1177,1929,1932,90,90,FWD,9,55,1,IDLE,0
C3B93D0B,41663,42041.400,42041400,823,1930,1932,90,90,FWD,9,55,1,IDLE,0
C3B93D0B,41664,42042.518,42042518,1118,1940,1932,90,90,FWD,9,55,1,IDLE,0
C3B93D0B,41665,42043.400,42043400,882,1940,1932,90,90,FWD,9,55,1,IDLE,0
C3B93D0B,41666,42044.399,42044399,999,1942,1932,90,90,FWD,9,55,1,IDLE,0
C3B93D0B,41667,42045.400,42045400,1001,1939,1932,90,90,FWD,9,55,1,IDLE,0
C3B93D0B,41668,42046.399,42046399,999,1941,1932,90,90,FWD,9,55,1,IDLE,0
C3B93D0B,41669,42047.400,42047400,1001,1939,1932,90,90,FWD,9,55,1,IDLE,0
C3B93D0B,41670,42048.399,42048399,999,1940,1932,90,90,FWD,9,55,1,IDLE,0
C3B93D0B,41671,42049.400,42049400,1001,1939,1932,90,90,FWD,9,55,1,IDLE,0
C3B93D0B,41672,42050.399,42050399,999,1941,1932,90,90,FWD,9,55,1,IDLE,0
C3B93D0B,41673,42051.400,42051400,1001,1939,1932,90,90,FWD,9,55,1,IDLE,0
C3B93D0B,41674,42052.400,42052400,1000,1939,1932,90,90,FWD,9,55,1,IDLE,0
C3B93D0B,41675,42053.400,42053400,1000,1941,1932,90,90,FWD,9,55,1,IDLE,0
C3B93D0B,41676,42054.399,42054399,999,1941,1932,90,90,FWD,9,55,1,IDLE,0
C3B93D0B,41677,42055.400,42055400,1001,1942,1932,90,90,FWD,9,55,1,IDLE,0
C3B93D0B,41678,42056.399,42056399,999,1943,1932,90,90,FWD,9,55,1,IDLE,0
C3B93D0B,41679,42057.400,42057400,1001,1943,1932,90,90,FWD,9,55,1,IDLE,0
C3B93D0B,41680,42058.399,42058399,999,1946,1932,90,90,FWD,9,55,1,IDLE,0
C3B93D0B,41681,42059.400,42059400,1001,1946,1932,90,90,FWD,9,55,1,IDLE,0
C3B93D0B,41682,42060.399,42060399,999,1946,1932,90,90,FWD,9,55,1,IDLE,0
C3B93D0B,41683,42061.400,42061400,1001,1946,1932,90,90,FWD,9,55,1,IDLE,0
C3B93D0B,41684,42062.400,42062400,1000,1947,1932,90,90,FWD,9,55,1,IDLE,0
C3B93D0B,41685,42063.401,42063401,1001,1945,1932,90,90,FWD,9,55,1,IDLE,0
C3B93D0B,41686,42064.862,42064862,1461,1933,1932,90,90,FWD,41,55,1,IDLE,0
C3B93D0B,41687,42065.499,42065499,637,1936,1932,90,90,FWD,9,55,1,IDLE,0
C3B93D0B,41688,42066.401,42066401,902,1936,1932,90,90,FWD,9,55,1,IDLE,0
C3B93D0B,41689,42067.399,42067399,998,1937,1932,90,90,FWD,9,55,1,IDLE,0
C3B93D0B,41690,42068.400,42068400,1001,1937,1932,90,90,FWD,9,55,1,IDLE,0
C3B93D0B,41691,42069.399,42069399,999,1939,1932,90,90,FWD,9,55,1,IDLE,0
C3B93D0B,41692,42070.400,42070400,1001,1941,1932,90,90,FWD,9,55,1,IDLE,0
C3B93D0B,41693,42071.399,42071399,999,1939,1932,90,90,FWD,9,55,1,IDLE,0
C3B93D0B,41694,42072.400,42072400,1001,1945,1932,90,90,FWD,9,55,1,IDLE,0
C3B93D0B,41695,42073.399,42073399,999,1943,1932,90,90,FWD,9,55,1,IDLE,0
C3B93D0B,41696,42074.400,42074400,1001,1945,1932,90,90,FWD,9,55,1,IDLE,0
C3B93D0B,41697,42075.399,42075399,999,1948,1932,90,90,FWD,9,55,1,IDLE,0
C3B93D0B,41698,42076.401,42076401,1002,1947,1932,90,90,FWD,9,55,1,IDLE,0
C3B93D0B,41699,42077.400,42077400,999,1946,1932,90,90,FWD,9,55,1,IDLE,0
C3B93D0B,41700,42078.400,42078400,1000,1951,1932,90,90,FWD,9,55,1,IDLE,0
C3B93D0B,41701,42079.399,42079399,999,1951,1932,90,90,FWD,9,55,1,IDLE,0
C3B93D0B,41702,42080.400,42080400,1001,1953,1932,90,90,FWD,9,55,1,IDLE,0
C3B93D0B,41703,42081.399,42081399,999,1954,1932,90,90,FWD,9,55,1,IDLE,0
C3B93D0B,41704,42082.400,42082400,1001,1955,1932,90,90,FWD,9,55,1,IDLE,0
C3B93D0B,41705,42083.399,42083399,999,1957,1932,90,90,FWD,9,55,1,IDLE,0
C3B93D0B,41706,42084.400,42084400,1001,1959,1932,90,90,FWD,9,55,1,IDLE,0
C3B93D0B,41707,42085.399,42085399,999,1962,1932,90,90,FWD,9,55,1,IDLE,0
C3B93D0B,41708,42086.401,42086401,1002,1962,1932,90,90,FWD,9,55,1,IDLE,0
C3B93D0B,41709,42087.645,42087645,1244,1963,1932,90,90,FWD,9,55,1,IDLE,0
C3B93D0B,41710,42088.399,42088399,754,1967,1932,90,90,FWD,9,55,1,IDLE,0
C3B93D0B,41711,42089.400,42089400,1001,1968,1932,90,90,FWD,9,55,1,IDLE,0
C3B93D0B,41712,42090.399,42090399,999,1968,1932,90,90,FWD,9,55,1,IDLE,0
C3B93D0B,41713,42091.400,42091400,1001,1968,1932,90,90,FWD,9,55,1,IDLE,0
C3B93D0B,41714,42092.399,42092399,999,1971,1932,90,90,FWD,9,55,1,IDLE,0
C3B93D0B,41715,42093.400,42093400,1001,1971,1932,90,90,FWD,9,55,1,IDLE,0
C3B93D0B,41716,42094.399,42094399,999,1973,1932,90,90,FWD,9,55,1,IDLE,0
C3B93D0B,41717,42095.400,42095400,1001,1974,1932,90,90,FWD,9,55,1,IDLE,0
C3B93D0B,41718,42096.400,42096400,1000,1982,1932,90,90,FWD,9,55,1,IDLE,0
C3B93D0B,41719,42097.400,42097400,1000,1982,1932,90,90,FWD,9,55,1,IDLE,0
C3B93D0B,41720,42098.399,42098399,999,1982,1932,90,90,FWD,9,55,1,IDLE,0
C3B93D0B,41721,42099.400,42099400,1001,1984,1932,90,90,FWD,9,55,1,IDLE,0
C3B93D0B,41722,42100.399,42100399,999,1986,1932,90,90,FWD,9,55,1,IDLE,0
C3B93D0B,41723,42101.400,42101400,1001,1991,1932,90,90,FWD,9,55,1,IDLE,0
C3B93D0B,41724,42102.399,42102399,999,1994,1932,90,90,FWD,9,55,1,IDLE,0
C3B93D0B,41725,42103.400,42103400,1001,1994,1932,90,90,FWD,9,55,1,IDLE,0
C3B93D0B,41726,42104.399,42104399,999,1997,1932,90,90,FWD,9,55,1,IDLE,0
C3B93D0B,41727,42105.400,42105400,1001,1999,1932,90,90,FWD,9,55,1,IDLE,0
C3B93D0B,41728,42106.400,42106400,1000,2001,1932,90,90,FWD,9,55,1,IDLE,0
C3B93D0B,41729,42108.763,42108763,2363,2002,1932,90,90,FWD,41,55,1,IDLE,0
C3B93D0B,41730,42109.372,42109372,609,2009,1932,90,90,FWD,25,55,1,IDLE,0
C3B93D0B,41731,42110.476,42110476,1104,2011,1932,90,90,FWD,25,55,1,IDLE,0
C3B93D0B,41732,42110.753,42110753,277,2014,1932,90,90,FWD,25,55,1,IDLE,0
C3B93D0B,41733,42111.400,42111400,647,2015,1932,90,90,FWD,25,55,1,IDLE,0
C3B93D0B,41734,42112.844,42112844,1444,2017,1932,90,90,FWD,57,55,1,IDLE,0
C3B93D0B,41735,42113.400,42113400,556,2020,1932,90,90,FWD,25,55,1,IDLE,0
C3B93D0B,41736,42114.399,42114399,999,2021,1932,90,90,FWD,25,55,1,IDLE,0
C3B93D0B,41737,42115.737,42115737,1338,2023,1932,90,90,FWD,57,55,1,IDLE,0
C3B93D0B,41738,42116.400,42116400,663,2028,1932,90,90,FWD,25,55,1,IDLE,0
C3B93D0B,41739,42117.400,42117400,1000,2030,1932,90,90,FWD,25,55,1,IDLE,0
C3B93D0B,41740,42118.399,42118399,999,2032,1932,90,90,FWD,25,55,1,IDLE,0
C3B93D0B,41741,42119.400,42119400,1001,2032,1932,90,90,FWD,25,55,1,IDLE,0
C3B93D0B,41742,42120.399,42120399,999,2037,1932,90,90,FWD,25,55,1,IDLE,0
C3B93D0B,41743,42121.400,42121400,1001,2039,1932,90,90,FWD,25,55,1,IDLE,0
C3B93D0B,41744,42122.399,42122399,999,2042,1932,90,90,FWD,25,55,1,IDLE,0
C3B93D0B,41745,42123.400,42123400,1001,2047,1932,90,90,FWD,25,55,1,IDLE,0
C3B93D0B,41746,42124.399,42124399,999,2053,1932,90,90,FWD,25,55,1,IDLE,0
C3B93D0B,41747,42125.400,42125400,1001,2058,1932,90,90,FWD,25,55,1,IDLE,0
C3B93D0B,41748,42126.400,42126400,1000,2057,1932,90,90,FWD,25,55,1,IDLE,0
C3B93D0B,41749,42127.400,42127400,1000,2060,1932,90,90,FWD,25,55,1,IDLE,0
C3B93D0B,41750,42128.399,42128399,999,2064,1932,90,90,FWD,25,55,1,IDLE,0
C3B93D0B,41751,42129.400,42129400,1001,2064,1932,90,90,FWD,25,55,1,IDLE,0
C3B93D0B,41752,42130.399,42130399,999,2068,1932,90,90,FWD,25,55,1,IDLE,0
C3B93D0B,41753,42131.400,42131400,1001,2071,1932,90,90,FWD,25,55,1,IDLE,0
C3B93D0B,41754,42132.399,42132399,999,2073,1932,90,90,FWD,25,55,1,IDLE,0
C3B93D0B,41755,42133.400,42133400,1001,2075,1932,90,90,FWD,25,55,1,IDLE,0
C3B93D0B,41756,42134.399,42134399,999,2078,1932,90,90,FWD,25,55,1,IDLE,0
C3B93D0B,41757,42135.400,42135400,1001,2080,1932,90,90,FWD,25,55,1,IDLE,0
C3B93D0B,41758,42136.400,42136400,1000,2082,1932,90,90,FWD,25,55,1,IDLE,0
C3B93D0B,41759,42137.400,42137400,1000,2085,1932,90,90,FWD,25,55,1,IDLE,0
C3B93D0B,41760,42138.399,42138399,999,2087,1932,90,90,FWD,25,55,1,IDLE,0
C3B93D0B,41761,42139.400,42139400,1001,2089,1932,90,90,FWD,25,55,1,IDLE,0
C3B93D0B,41762,42140.399,42140399,999,2092,1932,90,90,FWD,25,55,1,IDLE,0
C3B93D0B,41763,42141.400,42141400,1001,2091,1932,90,90,FWD,25,55,1,IDLE,0
C3B93D0B,41764,42142.399,42142399,999,2094,1932,90,90,FWD,25,55,1,IDLE,0
C3B93D0B,41765,42143.400,42143400,1001,2095,1932,90,90,FWD,25,55,1,IDLE,0
C3B93D0B,41766,42144.399,42144399,999,2096,1932,90,90,FWD,25,55,1,IDLE,0
C3B93D0B,41767,42145.400,42145400,1001,2098,1932,90,90,FWD,25,55,1,IDLE,0
C3B93D0B,41768,42146.400,42146400,1000,2097,1932,90,90,FWD,25,55,1,IDLE,0
C3B93D0B,41769,42147.400,42147400,1000,2099,1932,90,90,FWD,25,55,1,IDLE,0
C3B93D0B,41770,42148.399,42148399,999,2102,1932,90,90,FWD,25,55,1,IDLE,0
C3B93D0B,41771,42149.400,42149400,1001,2101,1932,90,90,FWD,25,55,1,IDLE,0
C3B93D0B,41772,42150.399,42150399,999,2105,1932,90,90,FWD,25,55,1,IDLE,0
C3B93D0B,41773,42151.400,42151400,1001,2103,1932,90,90,FWD,25,55,1,IDLE,0
C3B93D0B,41774,42152.399,42152399,999,2107,1932,90,90,FWD,25,55,1,IDLE,0
C3B93D0B,41775,42153.400,42153400,1001,2108,1932,90,90,FWD,25,55,1,IDLE,0
C3B93D0B,41776,42154.399,42154399,999,2110,1932,90,90,FWD,25,55,1,IDLE,0
C3B93D0B,41777,42155.400,42155400,1001,2107,1932,90,90,FWD,25,55,1,IDLE,0
C3B93D0B,41778,42156.400,42156400,1000,2109,1932,90,90,FWD,25,55,1,IDLE,0
C3B93D0B,41779,42157.400,42157400,1000,2112,1932,90,90,FWD,25,55,1,IDLE,0
C3B93D0B,41780,42158.399,42158399,999,2112,1932,90,90,FWD,25,55,1,IDLE,0
C3B93D0B,41781,42159.400,42159400,1001,2110,1932,90,90,FWD,25,55,1,IDLE,0
C3B93D0B,41782,42160.399,42160399,999,2112,1932,90,90,FWD,25,55,1,IDLE,0
C3B93D0B,41783,42161.400,42161400,1001,2109,1932,90,90,FWD,25,55,1,IDLE,0
C3B93D0B,41784,42162.399,42162399,999,2112,1932,90,90,FWD,25,55,1,IDLE,0
C3B93D0B,41785,42163.400,42163400,1001,2112,1932,90,90,FWD,25,55,1,IDLE,0
C3B93D0B,41786,42164.399,42164399,999,2113,1932,90,90,FWD,25,55,1,IDLE,0
C3B93D0B,41787,42165.400,42165400,1001,2111,1932,90,90,FWD,25,55,1,IDLE,0
C3B93D0B,41788,42166.482,42166482,1082,2110,1932,90,90,FWD,25,55,1,IDLE,0
C3B93D0B,41789,42167.400,42167400,918,2109,1932,90,90,FWD,25,55,1,IDLE,0
C3B93D0B,41790,42168.399,42168399,999,2112,1932,90,90,FWD,25,55,1,IDLE,0
C3B93D0B,41791,42169.400,42169400,1001,2112,1932,90,90,FWD,25,55,1,IDLE,0
C3B93D0B,41792,42170.399,42170399,999,2112,1932,90,90,FWD,25,55,1,IDLE,0
C3B93D0B,41793,42171.689,42171689,1290,2123,1932,90,90,FWD,57,55,1,IDLE,0
C3B93D0B,41794,42172.399,42172399,710,2122,1932,90,90,FWD,25,55,1,IDLE,0
C3B93D0B,41795,42173.400,42173400,1001,2117,1932,90,90,FWD,25,55,1,IDLE,0
C3B93D0B,41796,42174.399,42174399,999,2118,1932,90,90,FWD,25,55,1,IDLE,0
C3B93D0B,41797,42175.400,42175400,1001,2117,1932,90,90,FWD,25,55,1,IDLE,0
C3B93D0B,41798,42176.400,42176400,1000,2117,1932,90,90,FWD,25,55,1,IDLE,0
C3B93D0B,41799,42177.400,42177400,1000,2115,1932,90,90,FWD,25,55,1,IDLE,0
C3B93D0B,41800,42178.399,42178399,999,2113,1932,90,90,FWD,25,55,1,IDLE,0
C3B93D0B,41801,42179.400,42179400,1001,2112,1932,90,90,FWD,25,55,1,IDLE,0
C3B93D0B,41802,42180.399,42180399,999,2112,1932,90,90,FWD,25,55,1,IDLE,0
C3B93D0B,41803,42181.400,42181400,1001,2112,1932,90,90,FWD,25,55,1,IDLE,0
C3B93D0B,41804,42182.399,42182399,999,2112,1932,90,90,FWD,25,55,1,IDLE,0
C3B93D0B,41805,42183.400,42183400,1001,2109,1932,90,90,FWD,25,55,1,IDLE,0
C3B93D0B,41806,42184.399,42184399,999,2109,1932,90,90,FWD,25,55,1,IDLE,0
C3B93D0B,41807,42185.400,42185400,1001,2110,1932,90,90,FWD,25,55,1,IDLE,0
C3B93D0B,41808,42186.400,42186400,1000,2106,1932,90,90,FWD,25,55,1,IDLE,0
C3B93D0B,41809,42188.155,42188155,1755,2095,1932,90,90,FWD,57,55,1,IDLE,0
C3B93D0B,41810,42188.478,42188478,323,2094,1932,90,90,FWD,25,55,1,IDLE,0
C3B93D0B,41811,42189.400,42189400,922,2091,1932,90,90,FWD,25,55,1,IDLE,0
C3B93D0B,41812,42190.399,42190399,999,2089,1932,90,90,FWD,25,55,1,IDLE,0
C3B93D0B,41813,42191.403,42191403,1004,2087,1932,90,90,FWD,25,55,1,IDLE,0
C3B93D0B,41814,42192.399,42192399,996,2085,1932,90,90,FWD,25,55,1,IDLE,0
C3B93D0B,41815,42193.400,42193400,1001,2086,1932,90,90,FWD,25,55,1,IDLE,0
C3B93D0B,41816,42194.399,42194399,999,2082,1932,90,90,FWD,25,55,1,IDLE,0
C3B93D0B,41817,42195.400,42195400,1001,2079,1932,90,90,FWD,25,55,1,IDLE,0
C3B93D0B,41818,42196.400,42196400,1000,2079,1932,90,90,FWD,25,55,1,IDLE,0
C3B93D0B,41819,42197.400,42197400,1000,2075,1932,90,90,FWD,25,55,1,IDLE,0
C3B93D0B,41820,42198.399,42198399,999,2075,1932,90,90,FWD,25,55,1,IDLE,0
C3B93D0B,41821,42199.400,42199400,1001,2071,1932,90,90,FWD,25,55,1,IDLE,0
C3B93D0B,41822,42200.399,42200399,999,2068,1932,90,90,FWD,25,55,1,IDLE,0
C3B93D0B,41823,42201.400,42201400,1001,2064,1932,90,90,FWD,25,55,1,IDLE,0
C3B93D0B,41824,42202.399,42202399,999,2063,1932,90,90,FWD,25,55,1,IDLE,0
C3B93D0B,41825,42203.400,42203400,1001,2064,1932,90,90,FWD,25,55,1,IDLE,0
C3B93D0B,41826,42204.399,42204399,999,2062,1932,90,90,FWD,25,55,1,IDLE,0
C3B93D0B,41827,42205.400,42205400,1001,2057,1932,90,90,FWD,25,55,1,IDLE,0
C3B93D0B,41828,42206.400,42206400,1000,2055,1932,90,90,FWD,25,55,1,IDLE,0
C3B93D0B,41829,42207.400,42207400,1000,2053,1932,90,90,FWD,25,55,1,IDLE,0
C3B93D0B,41830,42208.399,42208399,999,2045,1932,90,90,FWD,25,55,1,IDLE,0
C3B93D0B,41831,42209.400,42209400,1001,2043,1932,90,90,FWD,25,55,1,IDLE,0
C3B93D0B,41832,42210.399,42210399,999,2042,1932,90,90,FWD,25,55,1,IDLE,0
C3B93D0B,41833,42211.400,42211400,1001,2037,1932,90,90,FWD,25,55,1,IDLE,0
C3B93D0B,41834,42212.399,42212399,999,2033,1932,90,90,FWD,25,55,1,IDLE,0
C3B93D0B,41835,42213.400,42213400,1001,2032,1932,90,90,FWD,25,55,1,IDLE,0
C3B93D0B,41836,42214.399,42214399,999,2032,1932,90,90,FWD,25,55,1,IDLE,0
C3B93D0B,41837,42215.400,42215400,1001,2030,1932,90,90,FWD,25,55,1,IDLE,0
C3B93D0B,41838,42216.400,42216400,1000,2027,1932,90,90,FWD,25,55,1,IDLE,0
C3B93D0B,41839,42217.400,42217400,1000,2019,1932,90,90,FWD,25,55,1,IDLE,0
C3B93D0B,41840,42218.399,42218399,999,2019,1932,90,90,FWD,25,55,1,IDLE,0
C3B93D0B,41841,42219.400,42219400,1001,2016,1932,90,90,FWD,25,55,1,IDLE,0
C3B93D0B,41842,42220.399,42220399,999,2015,1932,90,90,FWD,25,55,1,IDLE,0
C3B93D0B,41843,42221.400,42221400,1001,2010,1932,90,90,FWD,25,55,1,IDLE,0
C3B93D0B,41844,42222.399,42222399,999,2010,1932,90,90,FWD,25,55,1,IDLE,0
C3B93D0B,41845,42223.400,42223400,1001,2007,1932,90,90,FWD,25,55,1,IDLE,0
C3B93D0B,41846,42224.399,42224399,999,2003,1932,90,90,FWD,25,55,1,IDLE,0
C3B93D0B,41847,42225.400,42225400,1001,2000,1932,90,90,FWD,25,55,1,IDLE,0
C3B93D0B,41848,42226.400,42226400,1000,2000,1932,90,90,FWD,25,55,1,IDLE,0
C3B93D0B,41849,42227.400,42227400,1000,1999,1932,90,90,FWD,25,55,1,IDLE,0
C3B93D0B,41850,42228.399,42228399,999,1995,1932,90,90,FWD,25,55,1,IDLE,0
C3B93D0B,41851,42229.400,42229400,1001,1993,1932,90,90,FWD,25,55,1,IDLE,0
C3B93D0B,41852,42230.399,42230399,999,1991,1932,90,90,FWD,25,55,1,IDLE,0
C3B93D0B,41853,42231.400,42231400,1001,1986,1932,90,90,FWD,25,55,1,IDLE,0
C3B93D0B,41854,42232.399,42232399,999,1986,1932,90,90,FWD,25,55,1,IDLE,0
C3B93D0B,41855,42233.400,42233400,1001,1984,1932,90,90,FWD,25,55,1,IDLE,0
C3B93D0B,41856,42234.399,42234399,999,1984,1932,90,90,FWD,25,55,1,IDLE,0
C3B93D0B,41857,42235.400,42235400,1001,1979,1932,90,90,FWD,25,55,1,IDLE,0
C3B93D0B,41858,42236.400,42236400,1000,1979,1932,90,90,FWD,25,55,1,IDLE,0
C3B93D0B,41859,42237.400,42237400,1000,1979,1932,90,90,FWD,25,55,1,IDLE,0
C3B93D0B,41860,42238.399,42238399,999,1971,1932,90,90,FWD,25,55,1,IDLE,0
C3B93D0B,41861,42239.400,42239400,1001,1970,1932,90,90,FWD,25,55,1,IDLE,0
C3B93D0B,41862,42240.399,42240399,999,1969,1932,90,90,FWD,25,55,1,IDLE,0
C3B93D0B,41863,42241.536,42241536,1137,1967,1932,90,90,FWD,25,55,1,IDLE,0
C3B93D0B,41864,42242.399,42242399,863,1968,1932,90,90,FWD,25,55,1,IDLE,0
C3B93D0B,41865,42243.400,42243400,1001,1967,1932,90,90,FWD,25,55,1,IDLE,0
C3B93D0B,41866,42244.399,42244399,999,1965,1932,90,90,FWD,25,55,1,IDLE,0
C3B93D0B,41867,42245.400,42245400,1001,1961,1932,90,90,FWD,25,55,1,IDLE,0
C3B93D0B,41868,42246.400,42246400,1000,1959,1932,90,90,FWD,25,55,1,IDLE,0
C3B93D0B,41869,42247.401,42247401,1001,1968,1932,90,90,FWD,25,55,1,IDLE,0
C3B93D0B,41870,42248.399,42248399,998,1968,1932,90,90,FWD,25,55,1,IDLE,0
C3B93D0B,41871,42249.400,42249400,1001,1968,1932,90,90,FWD,25,55,1,IDLE,0
C3B93D0B,41872,42250.399,42250399,999,1965,1932,90,90,FWD,25,55,1,IDLE,0
C3B93D0B,41873,42251.400,42251400,1001,1967,1932,90,90,FWD,25,55,1,IDLE,0
C3B93D0B,41874,42252.399,42252399,999,1962,1932,90,90,FWD,25,55,1,IDLE,0
C3B93D0B,41875,42253.400,42253400,1001,1959,1932,90,90,FWD,25,55,1,IDLE,0
C3B93D0B,41876,42254.399,42254399,999,1959,1932,90,90,FWD,25,55,1,IDLE,0
C3B93D0B,41877,42255.400,42255400,1001,1955,1932,90,90,FWD,25,55,1,IDLE,0
C3B93D0B,41878,42256.400,42256400,1000,1955,1932,90,90,FWD,25,55,1,IDLE,0
C3B93D0B,41879,42257.400,42257400,1000,1954,1932,90,90,FWD,25,55,1,IDLE,0
C3B93D0B,41880,42258.399,42258399,999,1954,1932,90,90,FWD,25,55,1,IDLE,0
C3B93D0B,41881,42259.400,42259400,1001,1953,1932,90,90,FWD,25,55,1,IDLE,0
C3B93D0B,41882,42260.399,42260399,999,1952,1932,90,90,FWD,25,55,1,IDLE,0
C3B93D0B,41883,42261.400,42261400,1001,1952,1932,90,90,FWD,25,55,1,IDLE,0
C3B93D0B,41884,42262.399,42262399,999,1947,1932,90,90,FWD,25,55,1,IDLE,0
C3B93D0B,41885,42263.400,42263400,1001,1947,1932,90,90,FWD,25,55,1,IDLE,0
C3B93D0B,41886,42264.399,42264399,999,1947,1932,90,90,FWD,9,55,1,IDLE,0
C3B93D0B,41887,42265.400,42265400,1001,1945,1932,90,90,FWD,9,55,1,IDLE,0
C3B93D0B,41888,42266.400,42266400,1000,1943,1932,90,90,FWD,9,55,1,IDLE,0
C3B93D0B,41889,42268.149,42268149,1749,1927,1932,90,90,FWD,41,55,1,IDLE,0
C3B93D0B,41890,42269.176,42269176,1027,1931,1932,90,90,FWD,9,55,1,IDLE,0
C3B93D0B,41891,42269.433,42269433,257,1932,1932,90,90,FWD,9,55,1,IDLE,0
C3B93D0B,41892,42271.451,42271451,2018,1933,1932,90,90,FWD,41,55,1,IDLE,0
C3B93D0B,41893,42271.691,42271691,240,1933,1932,90,90,FWD,9,55,1,IDLE,0
C3B93D0B,41894,42272.399,42272399,708,1933,1932,90,90,FWD,9,55,1,IDLE,0
C3B93D0B,41895,42273.399,42273399,1000,1930,1932,90,90,FWD,9,55,1,IDLE,0
C3B93D0B,41896,42274.514,42274514,1115,1934,1932,90,90,FWD,9,55,1,IDLE,0
C3B93D0B,41897,42275.399,42275399,885,1933,1932,90,90,FWD,9,55,1,IDLE,0
C3B93D0B,41898,42276.399,42276399,1000,1933,1932,90,90,FWD,9,55,1,IDLE,0
C3B93D0B,41899,42277.399,42277399,1000,1931,1932,90,90,FWD,9,55,1,IDLE,0
C3B93D0B,41900,42278.399,42278399,1000,1931,1932,90,90,FWD,9,55,1,IDLE,0
C3B93D0B,41901,42279.400,42279400,1001,1931,1932,90,90,FWD,9,55,1,IDLE,0
C3B93D0B,41902,42280.684,42280684,1284,1924,1932,90,90,FWD,41,55,1,IDLE,0
C3B93D0B,41903,42281.399,42281399,715,1929,1932,90,90,FWD,9,55,1,IDLE,0
C3B93D0B,41904,42282.399,42282399,1000,1933,1932,90,90,FWD,9,55,1,IDLE,0
C3B93D0B,41905,42283.399,42283399,1000,1927,1932,90,90,FWD,9,55,1,IDLE,0
C3B93D0B,41906,42284.399,42284399,1000,1930,1932,90,90,FWD,9,55,1,IDLE,0
C3B93D0B,41907,42285.399,42285399,1000,1931,1932,90,90,FWD,9,55,1,IDLE,0
C3B93D0B,41908,42286.399,42286399,1000,1927,1932,90,90,FWD,9,55,1,IDLE,0
C3B93D0B,41909,42287.399,42287399,1000,1927,1932,90,90,FWD,9,55,1,IDLE,0
C3B93D0B,41910,42288.399,42288399,1000,1929,1932,90,90,FWD,9,55,1,IDLE,0
C3B93D0B,41911,42289.400,42289400,1001,1926,1932,90,90,FWD,9,55,1,IDLE,0
C3B93D0B,41912,42290.399,42290399,999,1925,1932,90,90,FWD,9,55,1,IDLE,0
C3B93D0B,41913,42291.583,42291583,1184,1925,1932,90,90,FWD,9,55,1,IDLE,0
C3B93D0B,41914,42292.399,42292399,816,1927,1932,90,90,FWD,9,55,1,IDLE,0
C3B93D0B,41915,42293.399,42293399,1000,1927,1932,90,90,FWD,9,55,1,IDLE,0
C3B93D0B,41916,42294.399,42294399,1000,1928,1932,90,90,FWD,9,55,1,IDLE,0
C3B93D0B,41917,42295.399,42295399,1000,1926,1932,90,90,FWD,9,55,1,IDLE,0
C3B93D0B,41918,42296.399,42296399,1000,1925,1932,90,90,FWD,9,55,1,IDLE,0
C3B93D0B,41919,42297.399,42297399,1000,1926,1932,90,90,FWD,9,55,1,IDLE,0
C3B93D0B,41920,42298.399,42298399,1000,1929,1932,90,90,FWD,9,55,1,IDLE,0
C3B93D0B,41921,42299.402,42299402,1003,1923,1932,90,90,FWD,9,55,1,IDLE,0
C3B93D0B,41922,42300.399,42300399,997,1927,1932,90,90,FWD,9,55,1,IDLE,0
C3B93D0B,41923,42301.400,42301400,1001,1926,1932,90,90,FWD,9,55,1,IDLE,0
C3B93D0B,41924,42302.399,42302399,999,1925,1932,90,90,FWD,9,55,1,IDLE,0
C3B93D0B,41925,42303.400,42303400,1001,1923,1932,90,90,FWD,9,55,1,IDLE,0
C3B93D0B,41926,42304.399,42304399,999,1927,1932,90,90,FWD,9,55,1,IDLE,0
C3B93D0B,41927,42305.400,42305400,1001,1923,1932,90,90,FWD,9,55,1,IDLE,0
C3B93D0B,41928,42306.399,42306399,999,1926,1932,90,90,FWD,9,55,1,IDLE,0
C3B93D0B,41929,42307.400,42307400,1001,1925,1932,90,90,FWD,9,55,1,IDLE,0
C3B93D0B,41930,42308.399,42308399,999,1926,1932,90,90,FWD,9,55,1,IDLE,0
C3B93D0B,41931,42309.401,42309401,1002,1925,1932,90,90,FWD,9,55,1,IDLE,0
C3B93D0B,41932,42310.399,42310399,998,1922,1932,90,90,FWD,9,55,1,IDLE,0
C3B93D0B,41933,42311.400,42311400,1001,1924,1932,90,90,FWD,9,55,1,IDLE,0
C3B93D0B,41934,42312.399,42312399,999,1926,1932,90,90,FWD,9,55,1,IDLE,0
C3B93D0B,41935,42313.400,42313400,1001,1923,1932,90,90,FWD,9,55,1,IDLE,0
C3B93D0B,41936,42314.399,42314399,999,1925,1932,90,90,FWD,9,55,1,IDLE,0
C3B93D0B,41937,42315.400,42315400,1001,1922,1932,90,90,FWD,9,55,1,IDLE,0
C3B93D0B,41938,42316.399,42316399,999,1925,1932,90,90,FWD,9,55,1,IDLE,0
C3B93D0B,41939,42317.566,42317566,1167,1923,1932,90,90,FWD,9,55,1,IDLE,0
C3B93D0B,41940,42318.485,42318485,919,1922,1932,90,90,FWD,9,55,1,IDLE,0
C3B93D0B,41941,42319.407,42319407,922,1921,1932,90,90,FWD,9,55,1,IDLE,0
C3B93D0B,41942,42320.399,42320399,992,1923,1932,90,90,FWD,9,55,1,IDLE,0
C3B93D0B,41943,42321.400,42321400,1001,1924,1932,90,90,FWD,9,55,1,IDLE,0
C3B93D0B,41944,42322.399,42322399,999,1923,1932,90,90,FWD,9,55,1,IDLE,0
C3B93D0B,41945,42323.400,42323400,1001,1922,1932,90,90,FWD,9,55,1,IDLE,0
C3B93D0B,41946,42324.399,42324399,999,1923,1932,90,90,FWD,9,55,1,IDLE,0
C3B93D0B,41947,42325.400,42325400,1001,1923,1932,90,90,FWD,9,55,1,IDLE,0
C3B93D0B,41948,42326.399,42326399,999,1926,1932,90,90,FWD,9,55,1,IDLE,0
C3B93D0B,41949,42327.400,42327400,1001,1924,1932,90,90,FWD,9,55,1,IDLE,0
C3B93D0B,41950,42328.399,42328399,999,1924,1932,90,90,FWD,9,55,1,IDLE,0
C3B93D0B,41951,42329.401,42329401,1002,1924,1932,90,90,FWD,9,55,1,IDLE,0
C3B93D0B,41952,42330.399,42330399,998,1923,1932,90,90,FWD,9,55,1,IDLE,0
C3B93D0B,41953,42331.400,42331400,1001,1923,1932,90,90,FWD,9,55,1,IDLE,0
C3B93D0B,41954,42332.399,42332399,999,1925,1932,90,90,FWD,9,55,1,IDLE,0
C3B93D0B,41955,42333.400,42333400,1001,1927,1932,90,90,FWD,9,55,1,IDLE,0
C3B93D0B,41956,42334.399,42334399,999,1923,1932,90,90,FWD,9,55,1,IDLE,0
C3B93D0B,41957,42335.400,42335400,1001,1924,1932,90,90,FWD,9,55,1,IDLE,0
C3B93D0B,41958,42336.399,42336399,999,1925,1932,90,90,FWD,9,55,1,IDLE,0
C3B93D0B,41959,42337.400,42337400,1001,1923,1932,90,90,FWD,9,55,1,IDLE,0
C3B93D0B,41960,42338.399,42338399,999,1926,1932,90,90,FWD,9,55,1,IDLE,0
C3B93D0B,41961,42339.401,42339401,1002,1923,1932,90,90,FWD,9,55,1,IDLE,0
C3B93D0B,41962,42340.399,42340399,998,1923,1932,90,90,FWD,9,55,1,IDLE,0
C3B93D0B,41963,42341.400,42341400,1001,1922,1932,90,90,FWD,9,55,1,IDLE,0
C3B93D0B,41964,42342.399,42342399,999,1923,1932,90,90,FWD,9,55,1,IDLE,0
C3B93D0B,41965,42343.400,42343400,1001,1923,1932,90,90,FWD,9,55,1,IDLE,0
C3B93D0B,41966,42344.399,42344399,999,1926,1932,90,90,FWD,9,55,1,IDLE,0
C3B93D0B,41967,42345.400,42345400,1001,1930,1932,90,90,FWD,9,55,1,IDLE,0
C3B93D0B,41968,42346.399,42346399,999,1925,1932,90,90,FWD,9,55,1,IDLE,0
C3B93D0B,41969,42347.400,42347400,1001,1924,1932,90,90,FWD,9,55,1,IDLE,0
C3B93D0B,41970,42348.399,42348399,999,1929,1932,90,90,FWD,9,55,1,IDLE,0
C3B93D0B,41971,42349.401,42349401,1002,1926,1932,90,90,FWD,9,55,1,IDLE,0
C3B93D0B,41972,42350.399,42350399,998,1927,1932,90,90,FWD,9,55,1,IDLE,0
C3B93D0B,41973,42351.400,42351400,1001,1924,1932,90,90,FWD,9,55,1,IDLE,0
C3B93D0B,41974,42352.399,42352399,999,1927,1932,90,90,FWD,9,55,1,IDLE,0
C3B93D0B,41975,42353.400,42353400,1001,1926,1932,90,90,FWD,9,55,1,IDLE,0
C3B93D0B,41976,42354.399,42354399,999,1926,1932,90,90,FWD,9,55,1,IDLE,0
C3B93D0B,41977,42355.400,42355400,1001,1925,1932,90,90,FWD,9,55,1,IDLE,0
C3B93D0B,41978,42356.399,42356399,999,1926,1932,90,90,FWD,9,55,1,IDLE,0
C3B93D0B,41979,42357.400,42357400,1001,1926,1932,90,90,FWD,9,55,1,IDLE,0
C3B93D0B,41980,42358.399,42358399,999,1925,1932,90,90,FWD,9,55,1,IDLE,0
C3B93D0B,41981,42359.401,42359401,1002,1925,1932,90,90,FWD,9,55,1,IDLE,0
C3B93D0B,41982,42360.399,42360399,998,1929,1932,90,90,FWD,9,55,1,IDLE,0
C3B93D0B,41983,42361.400,42361400,1001,1926,1932,90,90,FWD,9,55,1,IDLE,0
C3B93D0B,41984,42362.399,42362399,999,1927,1932,90,90,FWD,9,55,1,IDLE,0
C3B93D0B,41985,42363.400,42363400,1001,1925,1932,90,90,FWD,9,55,1,IDLE,0
C3B93D0B,41986,42364.399,42364399,999,1926,1932,90,90,FWD,9,55,1,IDLE,0
C3B93D0B,41987,42365.400,42365400,1001,1922,1932,90,90,FWD,9,55,1,IDLE,0
C3B93D0B,41988,42366.399,42366399,999,1929,1932,90,90,FWD,9,55,1,IDLE,0
C3B93D0B,41989,42367.400,42367400,1001,1929,1932,90,90,FWD,9,55,1,IDLE,0
C3B93D0B,41990,42368.399,42368399,999,1927,1932,90,90,FWD,9,55,1,IDLE,0
C3B93D0B,41991,42369.679,42369679,1280,1927,1932,90,90,FWD,41,55,1,IDLE,0
C3B93D0B,41992,42370.399,42370399,720,1925,1932,90,90,FWD,9,55,1,IDLE,0
C3B93D0B,41993,42371.400,42371400,1001,1927,1932,90,90,FWD,9,55,1,IDLE,0
C3B93D0B,41994,42372.399,42372399,999,1926,1932,90,90,FWD,9,55,1,IDLE,0
C3B93D0B,41995,42373.400,42373400,1001,1927,1932,90,90,FWD,9,55,1,IDLE,0
C3B93D0B,41996,42374.399,42374399,999,1927,1932,90,90,FWD,9,55,1,IDLE,0
C3B93D0B,41997,42375.403,42375403,1004,1936,1932,90,90,FWD,9,55,1,IDLE,0
C3B93D0B,41998,42376.399,42376399,996,1938,1932,90,90,FWD,9,55,1,IDLE,0
C3B93D0B,41999,42377.400,42377400,1001,1936,1932,90,90,FWD,9,55,1,IDLE,0
C3B93D0B,42000,42378.498,42378498,1098,1936,1932,90,90,FWD,9,56,1,IDLE,0
C3B93D0B,42001,42379.640,42379640,1142,1936,1932,90,90,FWD,9,56,1,IDLE,0
C3B93D0B,42002,42381.291,42381291,1651,1924,1932,90,90,FWD,41,56,1,IDLE,0
C3B93D0B,42003,42381.896,42381896,605,1925,1932,90,90,FWD,9,56,1,IDLE,0
C3B93D0B,42004,42382.399,42382399,503,1927,1932,90,90,FWD,9,56,1,IDLE,0
C3B93D0B,42005,42383.400,42383400,1001,1925,1932,90,90,FWD,9,56,1,IDLE,0
C3B93D0B,42006,42384.399,42384399,999,1927,1932,90,90,FWD,9,56,1,IDLE,0
C3B93D0B,42007,42385.400,42385400,1001,1926,1932,90,90,FWD,9,56,1,IDLE,0
C3B93D0B,42008,42386.399,42386399,999,1926,1932,90,90,FWD,9,56,1,IDLE,0
C3B93D0B,42009,42387.400,42387400,1001,1925,1932,90,90,FWD,9,56,1,IDLE,0
C3B93D0B,42010,42388.399,42388399,999,1924,1932,90,90,FWD,9,56,1,IDLE,0
C3B93D0B,42011,42389.400,42389400,1001,1927,1932,90,90,FWD,9,56,1,IDLE,0
C3B93D0B,42012,42390.400,42390400,1000,1925,1932,90,90,FWD,9,56,1,IDLE,0
C3B93D0B,42013,42391.400,42391400,1000,1929,1932,90,90,FWD,9,56,1,IDLE,0
C3B93D0B,42014,42392.399,42392399,999,1927,1932,90,90,FWD,9,56,1,IDLE,0
C3B93D0B,42015,42393.400,42393400,1001,1930,1932,90,90,FWD,9,56,1,IDLE,0
C3B93D0B,42016,42394.399,42394399,999,1927,1932,90,90,FWD,9,56,1,IDLE,0
C3B93D0B,42017,42395.400,42395400,1001,1926,1932,90,90,FWD,9,56,1,IDLE,0
C3B93D0B,42018,42396.399,42396399,999,1930,1932,90,90,FWD,9,56,1,IDLE,0
C3B93D0B,42019,42397.400,42397400,1001,1927,1932,90,90,FWD,9,56,1,IDLE,0
C3B93D0B,42020,42398.399,42398399,999,1927,1932,90,90,FWD,9,56,1,IDLE,0
C3B93D0B,42021,42399.400,42399400,1001,1926,1932,90,90,FWD,9,56,1,IDLE,0
C3B93D0B,42022,42400.400,42400400,1000,1927,1932,90,90,FWD,9,56,1,IDLE,0
C3B93D0B,42023,42401.400,42401400,1000,1930,1932,90,90,FWD,9,56,1,IDLE,0
C3B93D0B,42024,42402.399,42402399,999,1927,1932,90,90,FWD,9,56,1,IDLE,0
C3B93D0B,42025,42403.400,42403400,1001,1925,1932,90,90,FWD,9,56,1,IDLE,0
C3B93D0B,42026,42404.399,42404399,999,1929,1932,90,90,FWD,9,56,1,IDLE,0
C3B93D0B,42027,42405.400,42405400,1001,1927,1932,90,90,FWD,9,56,1,IDLE,0
C3B93D0B,42028,42406.399,42406399,999,1928,1932,90,90,FWD,9,56,1,IDLE,0
C3B93D0B,42029,42407.400,42407400,1001,1926,1932,90,90,FWD,9,56,1,IDLE,0
C3B93D0B,42030,42408.399,42408399,999,1930,1932,90,90,FWD,9,56,1,IDLE,0
C3B93D0B,42031,42409.400,42409400,1001,1927,1932,90,90,FWD,9,56,1,IDLE,0
C3B93D0B,42032,42410.400,42410400,1000,1929,1932,90,90,FWD,9,56,1,IDLE,0
C3B93D0B,42033,42411.400,42411400,1000,1926,1932,90,90,FWD,9,56,1,IDLE,0
C3B93D0B,42034,42412.399,42412399,999,1931,1932,90,90,FWD,9,56,1,IDLE,0
C3B93D0B,42035,42413.400,42413400,1001,1926,1932,90,90,FWD,9,56,1,IDLE,0
C3B93D0B,42036,42414.404,42414404,1004,1929,1932,90,90,FWD,9,56,1,IDLE,0
C3B93D0B,42037,42415.400,42415400,996,1928,1932,90,90,FWD,9,56,1,IDLE,0
C3B93D0B,42038,42416.399,42416399,999,1930,1932,90,90,FWD,9,56,1,IDLE,0
C3B93D0B,42039,42417.400,42417400,1001,1930,1932,90,90,FWD,9,56,1,IDLE,0
C3B93D0B,42040,42418.399,42418399,999,1929,1932,90,90,FWD,9,56,1,IDLE,0
C3B93D0B,42041,42419.957,42419957,1558,1929,1932,90,90,FWD,41,56,1,IDLE,0
C3B93D0B,42042,42420.873,42420873,916,1927,1932,90,90,FWD,9,56,1,IDLE,0
C3B93D0B,42043,42421.400,42421400,527,1929,1932,90,90,FWD,9,56,1,IDLE,0
C3B93D0B,42044,42422.399,42422399,999,1929,1932,90,90,FWD,9,56,1,IDLE,0
C3B93D0B,42045,42423.400,42423400,1001,1931,1932,90,90,FWD,9,56,1,IDLE,0
C3B93D0B,42046,42424.399,42424399,999,1930,1932,90,90,FWD,9,56,1,IDLE,0
C3B93D0B,42047,42425.400,42425400,1001,1929,1932,90,90,FWD,9,56,1,IDLE,0
C3B93D0B,42048,42426.399,42426399,999,1930,1932,90,90,FWD,9,56,1,IDLE,0
C3B93D0B,42049,42427.400,42427400,1001,1929,1932,90,90,FWD,9,56,1,IDLE,0
C3B93D0B,42050,42428.399,42428399,999,1930,1932,90,90,FWD,9,56,1,IDLE,0
C3B93D0B,42051,42429.400,42429400,1001,1930,1932,90,90,FWD,9,56,1,IDLE,0
C3B93D0B,42052,42430.400,42430400,1000,1929,1932,90,90,FWD,9,56,1,IDLE,0
C3B93D0B,42053,42431.400,42431400,1000,1929,1932,90,90,FWD,9,56,1,IDLE,0
C3B93D0B,42054,42432.399,42432399,999,1930,1932,90,90,FWD,9,56,1,IDLE,0
C3B93D0B,42055,42433.400,42433400,1001,1929,1932,90,90,FWD,9,56,1,IDLE,0
C3B93D0B,42056,42434.399,42434399,999,1930,1932,90,90,FWD,9,56,1,IDLE,0
C3B93D0B,42057,42435.400,42435400,1001,1930,1932,90,90,FWD,9,56,1,IDLE,0
C3B93D0B,42058,42436.399,42436399,999,1929,1932,90,90,FWD,9,56,1,IDLE,0
C3B93D0B,42059,42437.400,42437400,1001,1930,1932,90,90,FWD,9,56,1,IDLE,0
C3B93D0B,42060,42438.399,42438399,999,1930,1932,90,90,FWD,9,56,1,IDLE,0
C3B93D0B,42061,42439.400,42439400,1001,1929,1932,90,90,FWD,9,56,1,IDLE,0
C3B93D0B,42062,42440.400,42440400,1000,1930,1932,90,90,FWD,9,56,1,IDLE,0
C3B93D0B,42063,42441.400,42441400,1000,1927,1932,90,90,FWD,9,56,1,IDLE,0
C3B93D0B,42064,42442.399,42442399,999,1931,1932,90,90,FWD,9,56,1,IDLE,0
C3B93D0B,42065,42443.400,42443400,1001,1930,1932,90,90,FWD,9,56,1,IDLE,0
C3B93D0B,42066,42444.399,42444399,999,1928,1932,90,90,FWD,9,56,1,IDLE,0
C3B93D0B,42067,42445.400,42445400,1001,1931,1932,90,90,FWD,9,56,1,IDLE,0
C3B93D0B,42068,42446.399,42446399,999,1931,1932,90,90,FWD,9,56,1,IDLE,0
C3B93D0B,42069,42447.400,42447400,1001,1930,1932,90,90,FWD,9,56,1,IDLE,0
C3B93D0B,42070,42448.399,42448399,999,1929,1932,90,90,FWD,9,56,1,IDLE,0
C3B93D0B,42071,42449.400,42449400,1001,1930,1932,90,90,FWD,9,56,1,IDLE,0
C3B93D0B,42072,42450.400,42450400,1000,1929,1932,90,90,FWD,9,56,1,IDLE,0
C3B93D0B,42073,42451.400,42451400,1000,1931,1932,90,90,FWD,9,56,1,IDLE,0
C3B93D0B,42074,42452.399,42452399,999,1931,1932,90,90,FWD,9,56,1,IDLE,0
C3B93D0B,42075,42453.400,42453400,1001,1930,1932,90,90,FWD,9,56,1,IDLE,0
C3B93D0B,42076,42454.399,42454399,999,1929,1932,90,90,FWD,9,56,1,IDLE,0
C3B93D0B,42077,42455.400,42455400,1001,1930,1932,90,90,FWD,9,56,1,IDLE,0
C3B93D0B,42078,42456.399,42456399,999,1930,1932,90,90,FWD,9,56,1,IDLE,0
C3B93D0B,42079,42457.400,42457400,1001,1931,1932,90,90,FWD,9,56,1,IDLE,0
C3B93D0B,42080,42458.399,42458399,999,1930,1932,90,90,FWD,9,56,1,IDLE,0
C3B93D0B,42081,42459.400,42459400,1001,1929,1932,90,90,FWD,9,56,1,IDLE,0
C3B93D0B,42082,42460.400,42460400,1000,1931,1932,90,90,FWD,9,56,1,IDLE,0
C3B93D0B,42083,42461.400,42461400,1000,1926,1932,90,90,FWD,9,56,1,IDLE,0
C3B93D0B,42084,42462.399,42462399,999,1930,1932,90,90,FWD,9,56,1,IDLE,0
C3B93D0B,42085,42463.400,42463400,1001,1927,1932,90,90,FWD,9,56,1,IDLE,0
C3B93D0B,42086,42464.399,42464399,999,1927,1932,90,90,FWD,9,56,1,IDLE,0
C3B93D0B,42087,42465.400,42465400,1001,1931,1932,90,90,FWD,9,56,1,IDLE,0
C3B93D0B,42088,42466.399,42466399,999,1930,1932,90,90,FWD,9,56,1,IDLE,0
C3B93D0B,42089,42467.400,42467400,1001,1931,1932,90,90,FWD,9,56,1,IDLE,0
C3B93D0B,42090,42468.399,42468399,999,1930,1932,90,90,FWD,9,56,1,IDLE,0
C3B93D0B,42091,42469.400,42469400,1001,1931,1932,90,90,FWD,9,56,1,IDLE,0
C3B93D0B,42092,42470.400,42470400,1000,1929,1932,90,90,FWD,9,56,1,IDLE,0
C3B93D0B,42093,42471.401,42471401,1001,1925,1932,90,90,FWD,9,56,1,IDLE,0
C3B93D0B,42094,42472.399,42472399,998,1932,1932,90,90,FWD,9,56,1,IDLE,0
C3B93D0B,42095,42473.400,42473400,1001,1931,1932,90,90,FWD,9,56,1,IDLE,0
C3B93D0B,42096,42474.399,42474399,999,1927,1932,90,90,FWD,9,56,1,IDLE,0
C3B93D0B,42097,42475.400,42475400,1001,1930,1932,90,90,FWD,9,56,1,IDLE,0
C3B93D0B,42098,42476.399,42476399,999,1931,1932,90,90,FWD,9,56,1,IDLE,0
C3B93D0B,42099,42477.403,42477403,1004,1939,1932,90,90,FWD,9,56,1,IDLE,0
C3B93D0B,42100,42478.399,42478399,996,1942,1932,90,90,FWD,9,56,1,IDLE,0
C3B93D0B,42101,42479.400,42479400,1001,1939,1932,90,90,FWD,9,56,1,IDLE,0
C3B93D0B,42102,42480.400,42480400,1000,1939,1932,90,90,FWD,9,56,1,IDLE,0
C3B93D0B,42103,42482.176,42482176,1776,1928,1932,90,90,FWD,41,56,1,IDLE,0
C3B93D0B,42104,42482.492,42482492,316,1927,1932,90,90,FWD,9,56,1,IDLE,0
C3B93D0B,42105,42483.400,42483400,908,1927,1932,90,90,FWD,9,56,1,IDLE,0
C3B93D0B,42106,42484.399,42484399,999,1931,1932,90,90,FWD,9,56,1,IDLE,0
C3B93D0B,42107,42485.400,42485400,1001,1930,1932,90,90,FWD,9,56,1,IDLE,0
C3B93D0B,42108,42486.399,42486399,999,1931,1932,90,90,FWD,9,56,1,IDLE,0
C3B93D0B,42109,42487.400,42487400,1001,1930,1932,90,90,FWD,9,56,1,IDLE,0
C3B93D0B,42110,42488.399,42488399,999,1931,1932,90,90,FWD,9,56,1,IDLE,0
C3B93D0B,42111,42489.400,42489400,1001,1929,1932,90,90,FWD,9,56,1,IDLE,0
C3B93D0B,42112,42490.540,42490540,1140,1930,1932,90,90,FWD,9,56,1,IDLE,0
C3B93D0B,42113,42491.400,42491400,860,1933,1932,90,90,FWD,9,56,1,IDLE,0
C3B93D0B,42114,42492.399,42492399,999,1932,1932,90,90,FWD,9,56,1,IDLE,0
C3B93D0B,42115,42493.400,42493400,1001,1929,1932,90,90,FWD,9,56,1,IDLE,0
C3B93D0B,42116,42494.399,42494399,999,1930,1932,90,90,FWD,9,56,1,IDLE,0
C3B93D0B,42117,42495.400,42495400,1001,1931,1932,90,90,FWD,9,56,1,IDLE,0
C3B93D0B,42118,42496.399,42496399,999,1934,1932,90,90,FWD,9,56,1,IDLE,0
C3B93D0B,42119,42497.400,42497400,1001,1931,1932,90,90,FWD,9,56,1,IDLE,0
C3B93D0B,42120,42498.399,42498399,999,1931,1932,90,90,FWD,9,56,1,IDLE,0
C3B93D0B,42121,42499.400,42499400,1001,1933,1932,90,90,FWD,9,56,1,IDLE,0
C3B93D0B,42122,42500.400,42500400,1000,1929,1932,90,90,FWD,9,56,1,IDLE,0
C3B93D0B,42123,42501.400,42501400,1000,1931,1932,90,90,FWD,9,56,1,IDLE,0
C3B93D0B,42124,42502.399,42502399,999,1931,1932,90,90,FWD,9,56,1,IDLE,0
C3B93D0B,42125,42503.400,42503400,1001,1930,1932,90,90,FWD,9,56,1,IDLE,0
C3B93D0B,42126,42504.399,42504399,999,1931,1932,90,90,FWD,9,56,1,IDLE,0
C3B93D0B,42127,42505.400,42505400,1001,1931,1932,90,90,FWD,9,56,1,IDLE,0
C3B93D0B,42128,42506.399,42506399,999,1931,1932,90,90,FWD,9,56,1,IDLE,0
C3B93D0B,42129,42507.400,42507400,1001,1931,1932,90,90,FWD,9,56,1,IDLE,0
C3B93D0B,42130,42508.399,42508399,999,1931,1932,90,90,FWD,9,56,1,IDLE,0
C3B93D0B,42131,42509.400,42509400,1001,1930,1932,90,90,FWD,9,56,1,IDLE,0
C3B93D0B,42132,42510.400,42510400,1000,1931,1932,90,90,FWD,9,56,1,IDLE,0
C3B93D0B,42133,42511.400,42511400,1000,1928,1932,90,90,FWD,9,56,1,IDLE,0
C3B93D0B,42134,42512.399,42512399,999,1929,1932,90,90,FWD,9,56,1,IDLE,0
C3B93D0B,42135,42513.400,42513400,1001,1931,1932,90,90,FWD,9,56,1,IDLE,0
C3B93D0B,42136,42514.399,42514399,999,1931,1932,90,90,FWD,9,56,1,IDLE,0
C3B93D0B,42137,42515.400,42515400,1001,1932,1932,90,90,FWD,9,56,1,IDLE,0
C3B93D0B,42138,42516.399,42516399,999,1933,1932,90,90,FWD,9,56,1,IDLE,0
C3B93D0B,42139,42517.400,42517400,1001,1931,1932,90,90,FWD,9,56,1,IDLE,0
C3B93D0B,42140,42518.399,42518399,999,1933,1932,90,90,FWD,9,56,1,IDLE,0
C3B93D0B,42141,42519.400,42519400,1001,1933,1932,90,90,FWD,9,56,1,IDLE,0
C3B93D0B,42142,42520.400,42520400,1000,1930,1932,90,90,FWD,9,56,1,IDLE,0
C3B93D0B,42143,42521.400,42521400,1000,1930,1932,90,90,FWD,9,56,1,IDLE,0
C3B93D0B,42144,42522.400,42522400,1000,1931,1932,90,90,FWD,9,56,1,IDLE,0
C3B93D0B,42145,42523.400,42523400,1000,1930,1932,90,90,FWD,9,56,1,IDLE,0
C3B93D0B,42146,42524.399,42524399,999,1931,1932,90,90,FWD,9,56,1,IDLE,0
C3B93D0B,42147,42525.400,42525400,1001,1931,1932,90,90,FWD,9,56,1,IDLE,0
C3B93D0B,42148,42526.399,42526399,999,1931,1932,90,90,FWD,9,56,1,IDLE,0
C3B93D0B,42149,42527.400,42527400,1001,1930,1932,90,90,FWD,9,56,1,IDLE,0
C3B93D0B,42150,42528.399,42528399,999,1931,1932,90,90,FWD,9,56,1,IDLE,0
C3B93D0B,42151,42529.400,42529400,1001,1930,1932,90,90,FWD,9,56,1,IDLE,0
C3B93D0B,42152,42530.400,42530400,1000,1927,1932,90,90,FWD,9,56,1,IDLE,0
C3B93D0B,42153,42531.400,42531400,1000,1930,1932,90,90,FWD,9,56,1,IDLE,0
C3B93D0B,42154,42532.399,42532399,999,1933,1932,90,90,FWD,9,56,1,IDLE,0
C3B93D0B,42155,42533.400,42533400,1001,1929,1932,90,90,FWD,9,56,1,IDLE,0
C3B93D0B,42156,42534.399,42534399,999,1931,1932,90,90,FWD,9,56,1,IDLE,0
C3B93D0B,42157,42535.400,42535400,1001,1930,1932,90,90,FWD,9,56,1,IDLE,0
C3B93D0B,42158,42536.399,42536399,999,1931,1932,90,90,FWD,9,56,1,IDLE,0
C3B93D0B,42159,42537.400,42537400,1001,1931,1932,90,90,FWD,9,56,1,IDLE,0
C3B93D0B,42160,42538.399,42538399,999,1931,1932,90,90,FWD,9,56,1,IDLE,0
C3B93D0B,42161,42539.400,42539400,1001,1931,1932,90,90,FWD,9,56,1,IDLE,0
C3B93D0B,42162,42540.400,42540400,1000,1931,1932,90,90,FWD,9,56,1,IDLE,0
C3B93D0B,42163,42541.529,42541529,1129,1931,1932,90,90,FWD,9,56,1,IDLE,0
C3B93D0B,42164,42542.399,42542399,870,1934,1932,90,90,FWD,9,56,1,IDLE,0
C3B93D0B,42165,42543.400,42543400,1001,1930,1932,90,90,FWD,9,56,1,IDLE,0
C3B93D0B,42166,42544.399,42544399,999,1931,1932,90,90,FWD,9,56,1,IDLE,0
C3B93D0B,42167,42545.400,42545400,1001,1933,1932,90,90,FWD,9,56,1,IDLE,0
C3B93D0B,42168,42546.399,42546399,999,1931,1932,90,90,FWD,9,56,1,IDLE,0
C3B93D0B,42169,42547.400,42547400,1001,1933,1932,90,90,FWD,9,56,1,IDLE,0
C3B93D0B,42170,42548.399,42548399,999,1931,1932,90,90,FWD,9,56,1,IDLE,0
C3B93D0B,42171,42549.400,42549400,1001,1931,1932,90,90,FWD,9,56,1,IDLE,0
C3B93D0B,42172,42550.400,42550400,1000,1929,1932,90,90,FWD,9,56,1,IDLE,0
C3B93D0B,42173,42551.400,42551400,1000,1931,1932,90,90,FWD,9,56,1,IDLE,0
C3B93D0B,42174,42552.399,42552399,999,1931,1932,90,90,FWD,9,56,1,IDLE,0
C3B93D0B,42175,42553.400,42553400,1001,1933,1932,90,90,FWD,9,56,1,IDLE,0
C3B93D0B,42176,42554.399,42554399,999,1935,1932,90,90,FWD,9,56,1,IDLE,0
C3B93D0B,42177,42555.400,42555400,1001,1931,1932,90,90,FWD,9,56,1,IDLE,0
C3B93D0B,42178,42556.399,42556399,999,1933,1932,90,90,FWD,9,56,1,IDLE,0
C3B93D0B,42179,42557.400,42557400,1001,1930,1932,90,90,FWD,9,56,1,IDLE,0
C3B93D0B,42180,42558.399,42558399,999,1933,1932,90,90,FWD,9,56,1,IDLE,0
C3B93D0B,42181,42559.400,42559400,1001,1933,1932,90,90,FWD,9,56,1,IDLE,0
C3B93D0B,42182,42560.400,42560400,1000,1930,1932,90,90,FWD,9,56,1,IDLE,0
C3B93D0B,42183,42561.400,42561400,1000,1934,1932,90,90,FWD,9,56,1,IDLE,0
C3B93D0B,42184,42562.399,42562399,999,1933,1932,90,90,FWD,9,56,1,IDLE,0
C3B93D0B,42185,42563.400,42563400,1001,1930,1932,90,90,FWD,9,56,1,IDLE,0
C3B93D0B,42186,42564.399,42564399,999,1931,1932,90,90,FWD,9,56,1,IDLE,0
C3B93D0B,42187,42565.400,42565400,1001,1932,1932,90,90,FWD,9,56,1,IDLE,0
C3B93D0B,42188,42566.399,42566399,999,1931,1932,90,90,FWD,9,56,1,IDLE,0
C3B93D0B,42189,42567.400,42567400,1001,1931,1932,90,90,FWD,9,56,1,IDLE,0
C3B93D0B,42190,42568.399,42568399,999,1931,1932,90,90,FWD,9,56,1,IDLE,0
C3B93D0B,42191,42569.400,42569400,1001,1933,1932,90,90,FWD,9,56,1,IDLE,0
C3B93D0B,42192,42570.400,42570400,1000,1931,1932,90,90,FWD,9,56,1,IDLE,0
C3B93D0B,42193,42571.400,42571400,1000,1930,1932,90,90,FWD,9,56,1,IDLE,0
C3B93D0B,42194,42572.399,42572399,999,1933,1932,90,90,FWD,9,56,1,IDLE,0
C3B93D0B,42195,42573.401,42573401,1002,1931,1932,90,90,FWD,9,56,1,IDLE,0
C3B93D0B,42196,42574.399,42574399,998,1931,1932,90,90,FWD,9,56,1,IDLE,0
C3B93D0B,42197,42575.400,42575400,1001,1934,1932,90,90,FWD,9,56,1,IDLE,0
C3B93D0B,42198,42576.399,42576399,999,1933,1932,90,90,FWD,9,56,1,IDLE,0
C3B93D0B,42199,42577.400,42577400,1001,1931,1932,90,90,FWD,9,56,1,IDLE,0
C3B93D0B,42200,42578.399,42578399,999,1931,1932,90,90,FWD,9,56,1,IDLE,0
C3B93D0B,42201,42579.400,42579400,1001,1935,1932,90,90,FWD,9,56,1,IDLE,0
C3B93D0B,42202,42580.490,42580490,1090,1939,1932,90,90,FWD,9,56,1,IDLE,0
C3B93D0B,42203,42582.165,42582165,1675,1927,1932,90,90,FWD,41,56,1,IDLE,0
C3B93D0B,42204,42582.767,42582767,602,1934,1932,90,90,FWD,9,56,1,IDLE,0
C3B93D0B,42205,42583.400,42583400,633,1930,1932,90,90,FWD,9,56,1,IDLE,0
C3B93D0B,42206,42584.399,42584399,999,1933,1932,90,90,FWD,9,56,1,IDLE,0
C3B93D0B,42207,42585.400,42585400,1001,1931,1932,90,90,FWD,9,56,1,IDLE,0
C3B93D0B,42208,42586.399,42586399,999,1934,1932,90,90,FWD,9,56,1,IDLE,0
C3B93D0B,42209,42587.400,42587400,1001,1931,1932,90,90,FWD,9,56,1,IDLE,0
C3B93D0B,42210,42588.399,42588399,999,1933,1932,90,90,FWD,9,56,1,IDLE,0
C3B93D0B,42211,42589.400,42589400,1001,1930,1932,90,90,FWD,9,56,1,IDLE,0
C3B93D0B,42212,42590.400,42590400,1000,1931,1932,90,90,FWD,9,56,1,IDLE,0
C3B93D0B,42213,42591.400,42591400,1000,1931,1932,90,90,FWD,9,56,1,IDLE,0
C3B93D0B,42214,42592.399,42592399,999,1934,1932,90,90,FWD,9,56,1,IDLE,0
C3B93D0B,42215,42593.400,42593400,1001,1934,1932,90,90,FWD,9,56,1,IDLE,0
C3B93D0B,42216,42594.399,42594399,999,1935,1932,90,90,FWD,9,56,1,IDLE,0
C3B93D0B,42217,42595.400,42595400,1001,1933,1932,90,90,FWD,9,56,1,IDLE,0
C3B93D0B,42218,42596.399,42596399,999,1931,1932,90,90,FWD,9,56,1,IDLE,0
C3B93D0B,42219,42597.400,42597400,1001,1931,1932,90,90,FWD,9,56,1,IDLE,0
C3B93D0B,42220,42598.399,42598399,999,1931,1932,90,90,FWD,9,56,1,IDLE,0
C3B93D0B,42221,42599.400,42599400,1001,1931,1932,90,90,FWD,9,56,1,IDLE,0
C3B93D0B,42222,42600.400,42600400,1000,1933,1932,90,90,FWD,9,56,1,IDLE,0
C3B93D0B,42223,42601.400,42601400,1000,1931,1932,90,90,FWD,9,56,1,IDLE,0
C3B93D0B,42224,42602.399,42602399,999,1934,1932,90,90,FWD,9,56,1,IDLE,0
C3B93D0B,42225,42603.400,42603400,1001,1931,1932,90,90,FWD,9,56,1,IDLE,0
C3B93D0B,42226,42604.399,42604399,999,1931,1932,90,90,FWD,9,56,1,IDLE,0
C3B93D0B,42227,42605.400,42605400,1001,1933,1932,90,90,FWD,9,56,1,IDLE,0
C3B93D0B,42228,42606.399,42606399,999,1931,1932,90,90,FWD,9,56,1,IDLE,0
C3B93D0B,42229,42607.400,42607400,1001,1932,1932,90,90,FWD,9,56,1,IDLE,0
C3B93D0B,42230,42608.399,42608399,999,1935,1932,90,90,FWD,9,56,1,IDLE,0
C3B93D0B,42231,42609.400,42609400,1001,1934,1932,90,90,FWD,9,56,1,IDLE,0
C3B93D0B,42232,42610.400,42610400,1000,1935,1932,90,90,FWD,9,56,1,IDLE,0
C3B93D0B,42233,42611.400,42611400,1000,1930,1932,90,90,FWD,9,56,1,IDLE,0
C3B93D0B,42234,42612.399,42612399,999,1933,1932,90,90,FWD,9,56,1,IDLE,0
C3B93D0B,42235,42613.400,42613400,1001,1933,1932,90,90,FWD,9,56,1,IDLE,0
C3B93D0B,42236,42614.399,42614399,999,1933,1932,90,90,FWD,9,56,1,IDLE,0
C3B93D0B,42237,42615.400,42615400,1001,1933,1932,90,90,FWD,9,56,1,IDLE,0
C3B93D0B,42238,42616.399,42616399,999,1934,1932,90,90,FWD,9,56,1,IDLE,0
C3B93D0B,42239,42617.400,42617400,1001,1933,1932,90,90,FWD,9,56,1,IDLE,0
C3B93D0B,42240,42618.399,42618399,999,1933,1932,90,90,FWD,9,56,1,IDLE,0
C3B93D0B,42241,42619.400,42619400,1001,1931,1932,90,90,FWD,9,56,1,IDLE,0
C3B93D0B,42242,42620.400,42620400,1000,1931,1932,90,90,FWD,9,56,1,IDLE,0
C3B93D0B,42243,42621.400,42621400,1000,1934,1932,90,90,FWD,9,56,1,IDLE,0
C3B93D0B,42244,42622.399,42622399,999,1934,1932,90,90,FWD,9,56,1,IDLE,0
C3B93D0B,42245,42623.400,42623400,1001,1932,1932,90,90,FWD,9,56,1,IDLE,0
C3B93D0B,42246,42624.566,42624566,1166,1930,1932,90,90,FWD,9,56,1,IDLE,0
C3B93D0B,42247,42625.400,42625400,834,1931,1932,90,90,FWD,9,56,1,IDLE,0
C3B93D0B,42248,42626.399,42626399,999,1931,1932,90,90,FWD,9,56,1,IDLE,0
C3B93D0B,42249,42627.400,42627400,1001,1932,1932,90,90,FWD,9,56,1,IDLE,0
C3B93D0B,42250,42628.399,42628399,999,1933,1932,90,90,FWD,9,56,1,IDLE,0
C3B93D0B,42251,42629.400,42629400,1001,1931,1932,90,90,FWD,9,56,1,IDLE,0
C3B93D0B,42252,42630.400,42630400,1000,1931,1932,90,90,FWD,9,56,1,IDLE,0
C3B93D0B,42253,42631.400,42631400,1000,1932,1932,90,90,FWD,9,56,1,IDLE,0
C3B93D0B,42254,42632.399,42632399,999,1931,1932,90,90,FWD,9,56,1,IDLE,0
C3B93D0B,42255,42633.403,42633403,1004,1930,1932,90,90,FWD,9,56,1,IDLE,0
C3B93D0B,42256,42634.399,42634399,996,1933,1932,90,90,FWD,9,56,1,IDLE,0
C3B93D0B,42257,42635.400,42635400,1001,1931,1932,90,90,FWD,9,56,1,IDLE,0
C3B93D0B,42258,42636.399,42636399,999,1930,1932,90,90,FWD,9,56,1,IDLE,0
C3B93D0B,42259,42637.400,42637400,1001,1930,1932,90,90,FWD,9,56,1,IDLE,0
C3B93D0B,42260,42638.399,42638399,999,1934,1932,90,90,FWD,9,56,1,IDLE,0
C3B93D0B,42261,42639.400,42639400,1001,1933,1932,90,90,FWD,9,56,1,IDLE,0
C3B93D0B,42262,42640.400,42640400,1000,1929,1932,90,90,FWD,9,56,1,IDLE,0
C3B93D0B,42263,42641.444,42641444,1044,1931,1932,90,90,FWD,9,56,1,IDLE,0
C3B93D0B,42264,42642.399,42642399,955,1933,1932,90,90,FWD,9,56,1,IDLE,0
C3B93D0B,42265,42643.400,42643400,1001,1933,1932,90,90,FWD,9,56,1,IDLE,0
C3B93D0B,42266,42644.399,42644399,999,1933,1932,90,90,FWD,9,56,1,IDLE,0
C3B93D0B,42267,42645.400,42645400,1001,1934,1932,90,90,FWD,9,56,1,IDLE,0
C3B93D0B,42268,42646.399,42646399,999,1939,1932,90,90,FWD,9,56,1,IDLE,0
C3B93D0B,42269,42647.400,42647400,1001,1940,1932,90,90,FWD,9,56,1,IDLE,0
C3B93D0B,42270,42648.399,42648399,999,1942,1932,90,90,FWD,9,56,1,IDLE,0
C3B93D0B,42271,42649.400,42649400,1001,1941,1932,90,90,FWD,9,56,1,IDLE,0
C3B93D0B,42272,42650.400,42650400,1000,1941,1932,90,90,FWD,9,56,1,IDLE,0
C3B93D0B,42273,42651.400,42651400,1000,1941,1932,90,90,FWD,9,56,1,IDLE,0
C3B93D0B,42274,42652.399,42652399,999,1941,1932,90,90,FWD,9,56,1,IDLE,0
C3B93D0B,42275,42653.400,42653400,1001,1939,1932,90,90,FWD,9,56,1,IDLE,0
C3B93D0B,42276,42654.399,42654399,999,1938,1932,90,90,FWD,9,56,1,IDLE,0
C3B93D0B,42277,42655.400,42655400,1001,1938,1932,90,90,FWD,9,56,1,IDLE,0
C3B93D0B,42278,42656.399,42656399,999,1940,1932,90,90,FWD,9,56,1,IDLE,0
C3B93D0B,42279,42657.400,42657400,1001,1938,1932,90,90,FWD,9,56,1,IDLE,0
C3B93D0B,42280,42658.399,42658399,999,1939,1932,90,90,FWD,9,56,1,IDLE,0
C3B93D0B,42281,42659.400,42659400,1001,1938,1932,90,90,FWD,9,56,1,IDLE,0
C3B93D0B,42282,42660.400,42660400,1000,1938,1932,90,90,FWD,9,56,1,IDLE,0
C3B93D0B,42283,42661.400,42661400,1000,1939,1932,90,90,FWD,9,56,1,IDLE,0
C3B93D0B,42284,42662.399,42662399,999,1939,1932,90,90,FWD,9,56,1,IDLE,0
C3B93D0B,42285,42663.400,42663400,1001,1938,1932,90,90,FWD,9,56,1,IDLE,0
C3B93D0B,42286,42664.399,42664399,999,1938,1932,90,90,FWD,9,56,1,IDLE,0
C3B93D0B,42287,42665.400,42665400,1001,1942,1932,90,90,FWD,9,56,1,IDLE,0
C3B93D0B,42288,42666.399,42666399,999,1941,1932,90,90,FWD,9,56,1,IDLE,0
C3B93D0B,42289,42667.400,42667400,1001,1938,1932,90,90,FWD,9,56,1,IDLE,0
C3B93D0B,42290,42668.399,42668399,999,1941,1932,90,90,FWD,9,56,1,IDLE,0
C3B93D0B,42291,42669.400,42669400,1001,1939,1932,90,90,FWD,9,56,1,IDLE,0
C3B93D0B,42292,42670.400,42670400,1000,1939,1932,90,90,FWD,9,56,1,IDLE,0
C3B93D0B,42293,42671.400,42671400,1000,1936,1932,90,90,FWD,9,56,1,IDLE,0
C3B93D0B,42294,42672.399,42672399,999,1939,1932,90,90,FWD,9,56,1,IDLE,0
C3B93D0B,42295,42673.400,42673400,1001,1939,1932,90,90,FWD,9,56,1,IDLE,0
C3B93D0B,42296,42674.399,42674399,999,1940,1932,90,90,FWD,9,56,1,IDLE,0
C3B93D0B,42297,42675.400,42675400,1001,1939,1932,90,90,FWD,9,56,1,IDLE,0
C3B93D0B,42298,42676.399,42676399,999,1939,1932,90,90,FWD,9,56,1,IDLE,0
C3B93D0B,42299,42677.400,42677400,1001,1939,1932,90,90,FWD,9,56,1,IDLE,0
C3B93D0B,42300,42678.399,42678399,999,1939,1932,90,90,FWD,9,56,1,IDLE,0
C3B93D0B,42301,42679.400,42679400,1001,1942,1932,90,90,FWD,9,56,1,IDLE,0
C3B93D0B,42302,42680.400,42680400,1000,1939,1932,90,90,FWD,9,56,1,IDLE,0
C3B93D0B,42303,42682.144,42682144,1744,1927,1932,90,90,FWD,41,56,1,IDLE,0
C3B93D0B,42304,42682.707,42682707,563,1929,1932,90,90,FWD,9,56,1,IDLE,0
C3B93D0B,42305,42683.400,42683400,693,1931,1932,90,90,FWD,9,56,1,IDLE,0
C3B93D0B,42306,42684.399,42684399,999,1930,1932,90,90,FWD,9,56,1,IDLE,0
C3B93D0B,42307,42685.400,42685400,1001,1931,1932,90,90,FWD,9,56,1,IDLE,0
C3B93D0B,42308,42686.399,42686399,999,1930,1932,90,90,FWD,9,56,1,IDLE,0
C3B93D0B,42309,42687.400,42687400,1001,1935,1932,90,90,FWD,9,56,1,IDLE,0
C3B93D0B,42310,42688.399,42688399,999,1930,1932,90,90,FWD,9,56,1,IDLE,0
C3B93D0B,42311,42689.400,42689400,1001,1930,1932,90,90,FWD,9,56,1,IDLE,0
C3B93D0B,42312,42690.400,42690400,1000,1932,1932,90,90,FWD,9,56,1,IDLE,0
C3B93D0B,42313,42691.400,42691400,1000,1930,1932,90,90,FWD,9,56,1,IDLE,0
C3B93D0B,42314,42692.399,42692399,999,1934,1932,90,90,FWD,9,56,1,IDLE,0
C3B93D0B,42315,42693.400,42693400,1001,1934,1932,90,90,FWD,9,56,1,IDLE,0
C3B93D0B,42316,42694.399,42694399,999,1933,1932,90,90,FWD,9,56,1,IDLE,0
C3B93D0B,42317,42695.400,42695400,1001,1930,1932,90,90,FWD,9,56,1,IDLE,0
C3B93D0B,42318,42696.399,42696399,999,1932,1932,90,90,FWD,9,56,1,IDLE,0
C3B93D0B,42319,42697.400,42697400,1001,1931,1932,90,90,FWD,9,56,1,IDLE,0
C3B93D0B,42320,42698.399,42698399,999,1931,1932,90,90,FWD,9,56,1,IDLE,0
C3B93D0B,42321,42699.400,42699400,1001,1929,1932,90,90,FWD,9,56,1,IDLE,0
C3B93D0B,42322,42700.400,42700400,1000,1931,1932,90,90,FWD,9,56,1,IDLE,0
C3B93D0B,42323,42701.400,42701400,1000,1932,1932,90,90,FWD,9,56,1,IDLE,0
C3B93D0B,42324,42702.399,42702399,999,1930,1932,90,90,FWD,9,56,1,IDLE,0
C3B93D0B,42325,42703.400,42703400,1001,1933,1932,90,90,FWD,9,56,1,IDLE,0
C3B93D0B,42326,42704.399,42704399,999,1932,1932,90,90,FWD,9,56,1,IDLE,0
C3B93D0B,42327,42705.400,42705400,1001,1933,1932,90,90,FWD,9,56,1,IDLE,0
C3B93D0B,42328,42706.399,42706399,999,1933,1932,90,90,FWD,9,56,1,IDLE,0
C3B93D0B,42329,42707.400,42707400,1001,1931,1932,90,90,FWD,9,56,1,IDLE,0
C3B93D0B,42330,42708.399,42708399,999,1931,1932,90,90,FWD,9,56,1,IDLE,0
C3B93D0B,42331,42709.400,42709400,1001,1933,1932,90,90,FWD,9,56,1,IDLE,0
C3B93D0B,42332,42710.400,42710400,1000,1931,1932,90,90,FWD,9,56,1,IDLE,0
C3B93D0B,42333,42711.400,42711400,1000,1931,1932,90,90,FWD,9,56,1,IDLE,0
C3B93D0B,42334,42712.399,42712399,999,1932,1932,90,90,FWD,9,56,1,IDLE,0
C3B93D0B,42335,42713.400,42713400,1001,1933,1932,90,90,FWD,9,56,1,IDLE,0
C3B93D0B,42336,42714.399,42714399,999,1931,1932,90,90,FWD,9,56,1,IDLE,0
C3B93D0B,42337,42715.400,42715400,1001,1933,1932,90,90,FWD,9,56,1,IDLE,0
C3B93D0B,42338,42716.399,42716399,999,1933,1932,90,90,FWD,9,56,1,IDLE,0
C3B93D0B,42339,42717.400,42717400,1001,1933,1932,90,90,FWD,9,56,1,IDLE,0
C3B93D0B,42340,42718.399,42718399,999,1936,1932,90,90,FWD,9,56,1,IDLE,0
C3B93D0B,42341,42719.400,42719400,1001,1930,1932,90,90,FWD,9,56,1,IDLE,0
C3B93D0B,42342,42720.400,42720400,1000,1933,1932,90,90,FWD,9,56,1,IDLE,0
C3B93D0B,42343,42721.406,42721406,1006,1930,1932,90,90,FWD,9,56,1,IDLE,0
C3B93D0B,42344,42722.399,42722399,993,1933,1932,90,90,FWD,9,56,1,IDLE,0
C3B93D0B,42345,42723.400,42723400,1001,1933,1932,90,90,FWD,9,56,1,IDLE,0
C3B93D0B,42346,42724.399,42724399,999,1933,1932,90,90,FWD,9,56,1,IDLE,0
C3B93D0B,42347,42725.400,42725400,1001,1935,1932,90,90,FWD,9,56,1,IDLE,0
C3B93D0B,42348,42726.891,42726891,1491,1934,1932,90,90,FWD,41,56,1,IDLE,0
C3B93D0B,42349,42727.400,42727400,509,1934,1932,90,90,FWD,9,56,1,IDLE,0
C3B93D0B,42350,42728.399,42728399,999,1932,1932,90,90,FWD,9,56,1,IDLE,0
C3B93D0B,42351,42729.400,42729400,1001,1930,1932,90,90,FWD,9,56,1,IDLE,0
C3B93D0B,42352,42730.400,42730400,1000,1934,1932,90,90,FWD,9,56,1,IDLE,0
C3B93D0B,42353,42731.400,42731400,1000,1931,1932,90,90,FWD,9,56,1,IDLE,0
C3B93D0B,42354,42732.399,42732399,999,1933,1932,90,90,FWD,9,56,1,IDLE,0
C3B93D0B,42355,42733.403,42733403,1004,1934,1932,90,90,FWD,9,56,1,IDLE,0
C3B93D0B,42356,42734.399,42734399,996,1931,1932,90,90,FWD,9,56,1,IDLE,0
C3B93D0B,42357,42735.400,42735400,1001,1933,1932,90,90,FWD,9,56,1,IDLE,0
C3B93D0B,42358,42736.399,42736399,999,1933,1932,90,90,FWD,9,56,1,IDLE,0
C3B93D0B,42359,42737.400,42737400,1001,1934,1932,90,90,FWD,9,56,1,IDLE,0
C3B93D0B,42360,42738.399,42738399,999,1933,1932,90,90,FWD,9,56,1,IDLE,0
C3B93D0B,42361,42739.400,42739400,1001,1934,1932,90,90,FWD,9,56,1,IDLE,0
C3B93D0B,42362,42740.403,42740403,1003,1941,1932,90,90,FWD,9,56,1,IDLE,0
C3B93D0B,42363,42741.400,42741400,997,1943,1932,90,90,FWD,9,56,1,IDLE,0
C3B93D0B,42364,42742.399,42742399,999,1941,1932,90,90,FWD,9,56,1,IDLE,0
C3B93D0B,42365,42743.400,42743400,1001,1941,1932,90,90,FWD,9,56,1,IDLE,0
C3B93D0B,42366,42744.399,42744399,999,1942,1932,90,90,FWD,9,56,1,IDLE,0
C3B93D0B,42367,42745.400,42745400,1001,1941,1932,90,90,FWD,9,56,1,IDLE,0
C3B93D0B,42368,42746.399,42746399,999,1940,1932,90,90,FWD,9,56,1,IDLE,0
C3B93D0B,42369,42747.400,42747400,1001,1940,1932,90,90,FWD,9,56,1,IDLE,0
C3B93D0B,42370,42748.399,42748399,999,1941,1932,90,90,FWD,9,56,1,IDLE,0
C3B93D0B,42371,42749.400,42749400,1001,1941,1932,90,90,FWD,9,56,1,IDLE,0
C3B93D0B,42372,42750.400,42750400,1000,1939,1932,90,90,FWD,9,56,1,IDLE,0
C3B93D0B,42373,42751.400,42751400,1000,1941,1932,90,90,FWD,9,56,1,IDLE,0
C3B93D0B,42374,42752.399,42752399,999,1941,1932,90,90,FWD,9,56,1,IDLE,0
C3B93D0B,42375,42753.400,42753400,1001,1940,1932,90,90,FWD,9,56,1,IDLE,0
C3B93D0B,42376,42754.399,42754399,999,1939,1932,90,90,FWD,9,56,1,IDLE,0
C3B93D0B,42377,42755.400,42755400,1001,1938,1932,90,90,FWD,9,56,1,IDLE,0
C3B93D0B,42378,42756.399,42756399,999,1940,1932,90,90,FWD,9,56,1,IDLE,0
C3B93D0B,42379,42757.400,42757400,1001,1939,1932,90,90,FWD,9,56,1,IDLE,0
C3B93D0B,42380,42758.399,42758399,999,1939,1932,90,90,FWD,9,56,1,IDLE,0
C3B93D0B,42381,42759.400,42759400,1001,1936,1932,90,90,FWD,9,56,1,IDLE,0
C3B93D0B,42382,42760.400,42760400,1000,1941,1932,90,90,FWD,9,56,1,IDLE,0
C3B93D0B,42383,42761.400,42761400,1000,1940,1932,90,90,FWD,9,56,1,IDLE,0
C3B93D0B,42384,42762.399,42762399,999,1940,1932,90,90,FWD,9,56,1,IDLE,0
C3B93D0B,42385,42763.400,42763400,1001,1939,1932,90,90,FWD,9,56,1,IDLE,0
C3B93D0B,42386,42764.399,42764399,999,1941,1932,90,90,FWD,9,56,1,IDLE,0
C3B93D0B,42387,42765.400,42765400,1001,1939,1932,90,90,FWD,9,56,1,IDLE,0
C3B93D0B,42388,42766.399,42766399,999,1941,1932,90,90,FWD,9,56,1,IDLE,0
C3B93D0B,42389,42767.400,42767400,1001,1938,1932,90,90,FWD,9,56,1,IDLE,0
C3B93D0B,42390,42768.399,42768399,999,1941,1932,90,90,FWD,9,56,1,IDLE,0
C3B93D0B,42391,42769.400,42769400,1001,1939,1932,90,90,FWD,9,56,1,IDLE,0
C3B93D0B,42392,42770.400,42770400,1000,1938,1932,90,90,FWD,9,56,1,IDLE,0
C3B93D0B,42393,42771.400,42771400,1000,1939,1932,90,90,FWD,9,56,1,IDLE,0
C3B93D0B,42394,42772.399,42772399,999,1939,1932,90,90,FWD,9,56,1,IDLE,0
C3B93D0B,42395,42773.400,42773400,1001,1941,1932,90,90,FWD,9,56,1,IDLE,0
C3B93D0B,42396,42774.399,42774399,999,1940,1932,90,90,FWD,9,56,1,IDLE,0
C3B93D0B,42397,42775.400,42775400,1001,1938,1932,90,90,FWD,9,56,1,IDLE,0
C3B93D0B,42398,42776.399,42776399,999,1938,1932,90,90,FWD,9,56,1,IDLE,0
C3B93D0B,42399,42777.400,42777400,1001,1938,1932,90,90,FWD,9,56,1,IDLE,0
C3B93D0B,42400,42778.399,42778399,999,1939,1932,90,90,FWD,9,56,1,IDLE,0
C3B93D0B,42401,42779.400,42779400,1001,1940,1932,90,90,FWD,9,56,1,IDLE,0
C3B93D0B,42402,42780.400,42780400,1000,1940,1932,90,90,FWD,9,56,1,IDLE,0
C3B93D0B,42403,42782.140,42782140,1740,1929,1932,90,90,FWD,41,56,1,IDLE,0
C3B93D0B,42404,42782.708,42782708,568,1930,1932,90,90,FWD,9,56,1,IDLE,0
C3B93D0B,42405,42783.400,42783400,692,1930,1932,90,90,FWD,9,56,1,IDLE,0
C3B93D0B,42406,42784.399,42784399,999,1933,1932,90,90,FWD,9,56,1,IDLE,0
C3B93D0B,42407,42785.400,42785400,1001,1931,1932,90,90,FWD,9,56,1,IDLE,0
C3B93D0B,42408,42786.399,42786399,999,1932,1932,90,90,FWD,9,56,1,IDLE,0
C3B93D0B,42409,42787.400,42787400,1001,1933,1932,90,90,FWD,9,56,1,IDLE,0
C3B93D0B,42410,42788.399,42788399,999,1933,1932,90,90,FWD,9,56,1,IDLE,0
C3B93D0B,42411,42789.400,42789400,1001,1930,1932,90,90,FWD,9,56,1,IDLE,0
C3B93D0B,42412,42790.400,42790400,1000,1934,1932,90,90,FWD,9,56,1,IDLE,0
C3B93D0B,42413,42791.653,42791653,1253,1931,1932,90,90,FWD,41,56,1,IDLE,0
C3B93D0B,42414,42792.399,42792399,746,1931,1932,90,90,FWD,9,56,1,IDLE,0
C3B93D0B,42415,42793.400,42793400,1001,1934,1932,90,90,FWD,9,56,1,IDLE,0
C3B93D0B,42416,42794.399,42794399,999,1932,1932,90,90,FWD,9,56,1,IDLE,0
C3B93D0B,42417,42795.400,42795400,1001,1932,1932,90,90,FWD,9,56,1,IDLE,0
C3B93D0B,42418,42796.399,42796399,999,1934,1932,90,90,FWD,9,56,1,IDLE,0
C3B93D0B,42419,42797.400,42797400,1001,1930,1932,90,90,FWD,9,56,1,IDLE,0
C3B93D0B,42420,42798.399,42798399,999,1931,1932,90,90,FWD,9,56,1,IDLE,0
C3B93D0B,42421,42799.400,42799400,1001,1935,1932,90,90,FWD,9,56,1,IDLE,0
C3B93D0B,42422,42800.400,42800400,1000,1931,1932,90,90,FWD,9,56,1,IDLE,0
C3B93D0B,42423,42801.400,42801400,1000,1930,1932,90,90,FWD,9,56,1,IDLE,0
C3B93D0B,42424,42802.402,42802402,1002,1932,1932,90,90,FWD,9,56,1,IDLE,0
C3B93D0B,42425,42803.400,42803400,998,1931,1932,90,90,FWD,9,56,1,IDLE,0
C3B93D0B,42426,42804.399,42804399,999,1933,1932,90,90,FWD,9,56,1,IDLE,0
C3B93D0B,42427,42805.400,42805400,1001,1930,1932,90,90,FWD,9,56,1,IDLE,0
C3B93D0B,42428,42806.399,42806399,999,1934,1932,90,90,FWD,9,56,1,IDLE,0
C3B93D0B,42429,42807.400,42807400,1001,1931,1932,90,90,FWD,9,56,1,IDLE,0
C3B93D0B,42430,42808.399,42808399,999,1933,1932,90,90,FWD,9,56,1,IDLE,0
C3B93D0B,42431,42809.400,42809400,1001,1934,1932,90,90,FWD,9,56,1,IDLE,0
C3B93D0B,42432,42810.399,42810399,999,1932,1932,90,90,FWD,9,56,1,IDLE,0
C3B93D0B,42433,42811.401,42811401,1002,1933,1932,90,90,FWD,9,56,1,IDLE,0
C3B93D0B,42434,42812.399,42812399,998,1933,1932,90,90,FWD,9,56,1,IDLE,0
C3B93D0B,42435,42813.400,42813400,1001,1933,1932,90,90,FWD,9,56,1,IDLE,0
C3B93D0B,42436,42814.399,42814399,999,1933,1932,90,90,FWD,9,56,1,IDLE,0
C3B93D0B,42437,42815.400,42815400,1001,1935,1932,90,90,FWD,9,56,1,IDLE,0
C3B93D0B,42438,42816.399,42816399,999,1933,1932,90,90,FWD,9,56,1,IDLE,0
C3B93D0B,42439,42817.400,42817400,1001,1933,1932,90,90,FWD,9,56,1,IDLE,0
C3B93D0B,42440,42818.399,42818399,999,1933,1932,90,90,FWD,9,56,1,IDLE,0
C3B93D0B,42441,42819.400,42819400,1001,1933,1932,90,90,FWD,9,56,1,IDLE,0
C3B93D0B,42442,42820.399,42820399,999,1933,1932,90,90,FWD,9,56,1,IDLE,0
C3B93D0B,42443,42821.401,42821401,1002,1933,1932,90,90,FWD,9,56,1,IDLE,0
C3B93D0B,42444,42822.399,42822399,998,1934,1932,90,90,FWD,9,56,1,IDLE,0
C3B93D0B,42445,42823.400,42823400,1001,1933,1932,90,90,FWD,9,56,1,IDLE,0
C3B93D0B,42446,42824.399,42824399,999,1931,1932,90,90,FWD,9,56,1,IDLE,0
C3B93D0B,42447,42825.400,42825400,1001,1933,1932,90,90,FWD,9,56,1,IDLE,0
C3B93D0B,42448,42826.399,42826399,999,1934,1932,90,90,FWD,9,56,1,IDLE,0
C3B93D0B,42449,42827.400,42827400,1001,1931,1932,90,90,FWD,9,56,1,IDLE,0
C3B93D0B,42450,42828.399,42828399,999,1934,1932,90,90,FWD,9,56,1,IDLE,0
C3B93D0B,42451,42829.401,42829401,1002,1931,1932,90,90,FWD,9,56,1,IDLE,0
C3B93D0B,42452,42830.399,42830399,998,1933,1932,90,90,FWD,9,56,1,IDLE,0
C3B93D0B,42453,42831.401,42831401,1002,1934,1932,90,90,FWD,9,56,1,IDLE,0
C3B93D0B,42454,42832.399,42832399,998,1935,1932,90,90,FWD,9,56,1,IDLE,0
C3B93D0B,42455,42833.400,42833400,1001,1935,1932,90,90,FWD,9,56,1,IDLE,0
C3B93D0B,42456,42834.399,42834399,999,1931,1932,90,90,FWD,9,56,1,IDLE,0
C3B93D0B,42457,42835.400,42835400,1001,1931,1932,90,90,FWD,9,56,1,IDLE,0
C3B93D0B,42458,42836.399,42836399,999,1934,1932,90,90,FWD,9,56,1,IDLE,0
C3B93D0B,42459,42837.400,42837400,1001,1931,1932,90,90,FWD,9,56,1,IDLE,0
C3B93D0B,42460,42838.399,42838399,999,1932,1932,90,90,FWD,9,56,1,IDLE,0
C3B93D0B,42461,42839.400,42839400,1001,1933,1932,90,90,FWD,9,56,1,IDLE,0
C3B93D0B,42462,42840.399,42840399,999,1933,1932,90,90,FWD,9,56,1,IDLE,0
C3B93D0B,42463,42841.401,42841401,1002,1932,1932,90,90,FWD,9,56,1,IDLE,0
C3B93D0B,42464,42842.399,42842399,998,1933,1932,90,90,FWD,9,56,1,IDLE,0
C3B93D0B,42465,42843.400,42843400,1001,1935,1932,90,90,FWD,9,56,1,IDLE,0
C3B93D0B,42466,42844.399,42844399,999,1934,1932,90,90,FWD,9,56,1,IDLE,0
C3B93D0B,42467,42845.400,42845400,1001,1931,1932,90,90,FWD,9,56,1,IDLE,0
C3B93D0B,42468,42846.399,42846399,999,1933,1932,90,90,FWD,9,56,1,IDLE,0
C3B93D0B,42469,42847.400,42847400,1001,1934,1932,90,90,FWD,9,56,1,IDLE,0
C3B93D0B,42470,42848.399,42848399,999,1934,1932,90,90,FWD,9,56,1,IDLE,0
C3B93D0B,42471,42849.400,42849400,1001,1934,1932,90,90,FWD,9,56,1,IDLE,0
C3B93D0B,42472,42850.399,42850399,999,1935,1932,90,90,FWD,9,56,1,IDLE,0
C3B93D0B,42473,42851.401,42851401,1002,1933,1932,90,90,FWD,9,56,1,IDLE,0
C3B93D0B,42474,42852.399,42852399,998,1934,1932,90,90,FWD,9,56,1,IDLE,0
C3B93D0B,42475,42853.488,42853488,1089,1934,1932,90,90,FWD,9,56,1,IDLE,0
C3B93D0B,42476,42854.399,42854399,911,1933,1932,90,90,FWD,9,56,1,IDLE,0
C3B93D0B,42477,42855.400,42855400,1001,1932,1932,90,90,FWD,9,56,1,IDLE,0
C3B93D0B,42478,42856.399,42856399,999,1933,1932,90,90,FWD,9,56,1,IDLE,0
C3B93D0B,42479,42857.400,42857400,1001,1933,1932,90,90,FWD,9,56,1,IDLE,0
C3B93D0B,42480,42858.399,42858399,999,1938,1932,90,90,FWD,9,56,1,IDLE,0
C3B93D0B,42481,42859.400,42859400,1001,1941,1932,90,90,FWD,9,56,1,IDLE,0
C3B93D0B,42482,42860.399,42860399,999,1943,1932,90,90,FWD,9,56,1,IDLE,0
C3B93D0B,42483,42861.401,42861401,1002,1941,1932,90,90,FWD,9,56,1,IDLE,0
C3B93D0B,42484,42862.399,42862399,998,1942,1932,90,90,FWD,9,56,1,IDLE,0
C3B93D0B,42485,42863.400,42863400,1001,1940,1932,90,90,FWD,9,56,1,IDLE,0
C3B93D0B,42486,42864.399,42864399,999,1941,1932,90,90,FWD,9,56,1,IDLE,0
C3B93D0B,42487,42865.400,42865400,1001,1941,1932,90,90,FWD,9,56,1,IDLE,0
C3B93D0B,42488,42866.399,42866399,999,1939,1932,90,90,FWD,9,56,1,IDLE,0
C3B93D0B,42489,42867.400,42867400,1001,1939,1932,90,90,FWD,9,56,1,IDLE,0
C3B93D0B,42490,42868.399,42868399,999,1939,1932,90,90,FWD,9,56,1,IDLE,0
C3B93D0B,42491,42869.400,42869400,1001,1941,1932,90,90,FWD,9,56,1,IDLE,0
C3B93D0B,42492,42870.399,42870399,999,1943,1932,90,90,FWD,9,56,1,IDLE,0
C3B93D0B,42493,42871.401,42871401,1002,1939,1932,90,90,FWD,9,56,1,IDLE,0
C3B93D0B,42494,42872.400,42872400,999,1941,1932,90,90,FWD,9,56,1,IDLE,0
C3B93D0B,42495,42873.400,42873400,1000,1938,1932,90,90,FWD,9,56,1,IDLE,0
C3B93D0B,42496,42874.399,42874399,999,1939,1932,90,90,FWD,9,56,1,IDLE,0
C3B93D0B,42497,42875.400,42875400,1001,1938,1932,90,90,FWD,9,56,1,IDLE,0
C3B93D0B,42498,42876.399,42876399,999,1941,1932,90,90,FWD,9,56,1,IDLE,0
C3B93D0B,42499,42877.400,42877400,1001,1942,1932,90,90,FWD,9,56,1,IDLE,0
C3B93D0B,42500,42878.399,42878399,999,1942,1932,90,90,FWD,9,56,1,IDLE,0
C3B93D0B,42501,42879.510,42879510,1111,1939,1932,90,90,FWD,9,56,1,IDLE,0
C3B93D0B,42502,42880.399,42880399,889,1941,1932,90,90,FWD,9,56,1,IDLE,0
C3B93D0B,42503,42881.401,42881401,1002,1938,1932,90,90,FWD,9,56,1,IDLE,0
C3B93D0B,42504,42883.197,42883197,1796,1925,1932,90,90,FWD,41,56,1,IDLE,0
C3B93D0B,42505,42883.747,42883747,550,1928,1932,90,90,FWD,9,56,1,IDLE,0
C3B93D0B,42506,42884.400,42884400,653,1931,1932,90,90,FWD,9,56,1,IDLE,0
C3B93D0B,42507,42885.399,42885399,999,1930,1932,90,90,FWD,9,56,1,IDLE,0
C3B93D0B,42508,42886.400,42886400,1001,1931,1932,90,90,FWD,9,56,1,IDLE,0
C3B93D0B,42509,42887.399,42887399,999,1930,1932,90,90,FWD,9,56,1,IDLE,0
C3B93D0B,42510,42888.400,42888400,1001,1932,1932,90,90,FWD,9,56,1,IDLE,0
C3B93D0B,42511,42889.399,42889399,999,1932,1932,90,90,FWD,9,56,1,IDLE,0
C3B93D0B,42512,42890.400,42890400,1001,1931,1932,90,90,FWD,9,56,1,IDLE,0
C3B93D0B,42513,42891.400,42891400,1000,1929,1932,90,90,FWD,9,56,1,IDLE,0
C3B93D0B,42514,42892.400,42892400,1000,1930,1932,90,90,FWD,9,56,1,IDLE,0
C3B93D0B,42515,42893.399,42893399,999,1934,1932,90,90,FWD,9,56,1,IDLE,0
C3B93D0B,42516,42894.400,42894400,1001,1930,1932,90,90,FWD,9,56,1,IDLE,0
C3B93D0B,42517,42895.399,42895399,999,1933,1932,90,90,FWD,9,56,1,IDLE,0
C3B93D0B,42518,42896.400,42896400,1001,1933,1932,90,90,FWD,9,56,1,IDLE,0
C3B93D0B,42519,42897.399,42897399,999,1934,1932,90,90,FWD,9,56,1,IDLE,0
C3B93D0B,42520,42898.400,42898400,1001,1930,1932,90,90,FWD,9,56,1,IDLE,0
C3B93D0B,42521,42899.399,42899399,999,1931,1932,90,90,FWD,9,56,1,IDLE,0
C3B93D0B,42522,42900.400,42900400,1001,1933,1932,90,90,FWD,9,56,1,IDLE,0
C3B93D0B,42523,42901.400,42901400,1000,1930,1932,90,90,FWD,9,56,1,IDLE,0
C3B93D0B,42524,42902.400,42902400,1000,1931,1932,90,90,FWD,9,56,1,IDLE,0
C3B93D0B,42525,42903.399,42903399,999,1934,1932,90,90,FWD,9,56,1,IDLE,0
C3B93D0B,42526,42904.400,42904400,1001,1930,1932,90,90,FWD,9,56,1,IDLE,0
C3B93D0B,42527,42905.399,42905399,999,1934,1932,90,90,FWD,9,56,1,IDLE,0
C3B93D0B,42528,42906.400,42906400,1001,1935,1932,90,90,FWD,9,56,1,IDLE,0
C3B93D0B,42529,42907.399,42907399,999,1933,1932,90,90,FWD,9,56,1,IDLE,0
C3B93D0B,42530,42908.400,42908400,1001,1932,1932,90,90,FWD,9,56,1,IDLE,0
C3B93D0B,42531,42909.399,42909399,999,1931,1932,90,90,FWD,9,56,1,IDLE,0
C3B93D0B,42532,42910.400,42910400,1001,1933,1932,90,90,FWD,9,56,1,IDLE,0
C3B93D0B,42533,42911.400,42911400,1000,1933,1932,90,90,FWD,9,56,1,IDLE,0
C3B93D0B,42534,42912.400,42912400,1000,1935,1932,90,90,FWD,9,56,1,IDLE,0
C3B93D0B,42535,42913.399,42913399,999,1933,1932,90,90,FWD,9,56,1,IDLE,0
C3B93D0B,42536,42914.400,42914400,1001,1933,1932,90,90,FWD,9,56,1,IDLE,0
C3B93D0B,42537,42915.399,42915399,999,1931,1932,90,90,FWD,9,56,1,IDLE,0
C3B93D0B,42538,42916.400,42916400,1001,1931,1932,90,90,FWD,9,56,1,IDLE,0
C3B93D0B,42539,42917.399,42917399,999,1935,1932,90,90,FWD,9,56,1,IDLE,0
C3B93D0B,42540,42918.400,42918400,1001,1933,1932,90,90,FWD,9,56,1,IDLE,0
C3B93D0B,42541,42919.399,42919399,999,1934,1932,90,90,FWD,9,56,1,IDLE,0
C3B93D0B,42542,42920.400,42920400,1001,1932,1932,90,90,FWD,9,56,1,IDLE,0
C3B93D0B,42543,42921.400,42921400,1000,1933,1932,90,90,FWD,9,56,1,IDLE,0
C3B93D0B,42544,42922.400,42922400,1000,1933,1932,90,90,FWD,9,56,1,IDLE,0
C3B93D0B,42545,42923.399,42923399,999,1933,1932,90,90,FWD,9,56,1,IDLE,0
C3B93D0B,42546,42924.400,42924400,1001,1934,1932,90,90,FWD,9,56,1,IDLE,0
C3B93D0B,42547,42925.399,42925399,999,1933,1932,90,90,FWD,9,56,1,IDLE,0
C3B93D0B,42548,42926.400,42926400,1001,1931,1932,90,90,FWD,9,56,1,IDLE,0
C3B93D0B,42549,42927.399,42927399,999,1932,1932,90,90,FWD,9,56,1,IDLE,0
C3B93D0B,42550,42928.400,42928400,1001,1932,1932,90,90,FWD,9,56,1,IDLE,0
C3B93D0B,42551,42929.399,42929399,999,1933,1932,90,90,FWD,9,56,1,IDLE,0
C3B93D0B,42552,42930.400,42930400,1001,1931,1932,90,90,FWD,9,56,1,IDLE,0
C3B93D0B,42553,42931.577,42931577,1177,1933,1932,90,90,FWD,9,56,1,IDLE,0
C3B93D0B,42554,42932.400,42932400,823,1934,1932,90,90,FWD,9,56,1,IDLE,0
C3B93D0B,42555,42933.399,42933399,999,1931,1932,90,90,FWD,9,56,1,IDLE,0
C3B93D0B,42556,42934.506,42934506,1107,1934,1932,90,90,FWD,9,56,1,IDLE,0
C3B93D0B,42557,42935.399,42935399,893,1931,1932,90,90,FWD,9,56,1,IDLE,0
C3B93D0B,42558,42936.400,42936400,1001,1933,1932,90,90,FWD,9,56,1,IDLE,0
C3B93D0B,42559,42937.399,42937399,999,1933,1932,90,90,FWD,9,56,1,IDLE,0
C3B93D0B,42560,42938.400,42938400,1001,1934,1932,90,90,FWD,9,56,1,IDLE,0
C3B93D0B,42561,42939.399,42939399,999,1939,1932,90,90,FWD,9,56,1,IDLE,0
C3B93D0B,42562,42940.400,42940400,1001,1943,1932,90,90,FWD,9,56,1,IDLE,0
C3B93D0B,42563,42941.400,42941400,1000,1941,1932,90,90,FWD,9,56,1,IDLE,0
C3B93D0B,42564,42942.400,42942400,1000,1941,1932,90,90,FWD,9,56,1,IDLE,0
C3B93D0B,42565,42943.399,42943399,999,1942,1932,90,90,FWD,9,56,1,IDLE,0
C3B93D0B,42566,42944.400,42944400,1001,1939,1932,90,90,FWD,9,56,1,IDLE,0
C3B93D0B,42567,42945.399,42945399,999,1941,1932,90,90,FWD,9,56,1,IDLE,0
C3B93D0B,42568,42946.400,42946400,1001,1941,1932,90,90,FWD,9,56,1,IDLE,0
C3B93D0B,42569,42947.399,42947399,999,1940,1932,90,90,FWD,9,56,1,IDLE,0
C3B93D0B,42570,42948.400,42948400,1001,1940,1932,90,90,FWD,9,56,1,IDLE,0
C3B93D0B,42571,42949.399,42949399,999,1941,1932,90,90,FWD,9,56,1,IDLE,0
C3B93D0B,42572,42950.400,42950400,1001,1941,1932,90,90,FWD,9,56,1,IDLE,0
C3B93D0B,42573,42951.400,42951400,1000,1942,1932,90,90,FWD,9,56,1,IDLE,0
C3B93D0B,42574,42952.400,42952400,1000,1941,1932,90,90,FWD,9,56,1,IDLE,0
C3B93D0B,42575,42953.399,42953399,999,1939,1932,90,90,FWD,9,56,1,IDLE,0
C3B93D0B,42576,42954.400,42954400,1001,1941,1932,90,90,FWD,9,56,1,IDLE,0
C3B93D0B,42577,42955.399,42955399,999,1939,1932,90,90,FWD,9,56,1,IDLE,0
C3B93D0B,42578,42956.400,42956400,1001,1939,1932,90,90,FWD,9,56,1,IDLE,0
C3B93D0B,42579,42957.399,42957399,999,1940,1932,90,90,FWD,9,56,1,IDLE,0
C3B93D0B,42580,42958.400,42958400,1001,1937,1932,90,90,FWD,9,56,1,IDLE,0
C3B93D0B,42581,42959.399,42959399,999,1938,1932,90,90,FWD,9,56,1,IDLE,0
C3B93D0B,42582,42960.400,42960400,1001,1936,1932,90,90,FWD,9,56,1,IDLE,0
C3B93D0B,42583,42961.400,42961400,1000,1941,1932,90,90,FWD,9,56,1,IDLE,0
C3B93D0B,42584,42962.400,42962400,1000,1939,1932,90,90,FWD,9,56,1,IDLE,0
C3B93D0B,42585,42963.399,42963399,999,1939,1932,90,90,FWD,9,56,1,IDLE,0
C3B93D0B,42586,42964.400,42964400,1001,1941,1932,90,90,FWD,9,56,1,IDLE,0
C3B93D0B,42587,42965.399,42965399,999,1940,1932,90,90,FWD,9,56,1,IDLE,0
C3B93D0B,42588,42966.400,42966400,1001,1941,1932,90,90,FWD,9,56,1,IDLE,0
C3B93D0B,42589,42967.399,42967399,999,1941,1932,90,90,FWD,9,56,1,IDLE,0
C3B93D0B,42590,42968.400,42968400,1001,1941,1932,90,90,FWD,9,56,1,IDLE,0
C3B93D0B,42591,42969.399,42969399,999,1938,1932,90,90,FWD,9,56,1,IDLE,0
C3B93D0B,42592,42970.400,42970400,1001,1941,1932,90,90,FWD,9,56,1,IDLE,0
C3B93D0B,42593,42971.400,42971400,1000,1939,1932,90,90,FWD,9,56,1,IDLE,0
C3B93D0B,42594,42972.400,42972400,1000,1939,1932,90,90,FWD,9,56,1,IDLE,0
C3B93D0B,42595,42973.399,42973399,999,1939,1932,90,90,FWD,9,56,1,IDLE,0
C3B93D0B,42596,42974.400,42974400,1001,1938,1932,90,90,FWD,9,56,1,IDLE,0
C3B93D0B,42597,42975.399,42975399,999,1939,1932,90,90,FWD,9,56,1,IDLE,0
C3B93D0B,42598,42976.400,42976400,1001,1939,1932,90,90,FWD,9,56,1,IDLE,0
C3B93D0B,42599,42977.399,42977399,999,1940,1932,90,90,FWD,9,56,1,IDLE,0
C3B93D0B,42600,42978.400,42978400,1001,1939,1932,90,90,FWD,9,56,1,IDLE,0
C3B93D0B,42601,42979.399,42979399,999,1941,1932,90,90,FWD,9,56,1,IDLE,0
C3B93D0B,42602,42980.400,42980400,1001,1940,1932,90,90,FWD,9,56,1,IDLE,0
C3B93D0B,42603,42981.400,42981400,1000,1938,1932,90,90,FWD,9,56,1,IDLE,0
C3B93D0B,42604,42983.142,42983142,1742,1926,1932,90,90,FWD,41,56,1,IDLE,0
C3B93D0B,42605,42983.705,42983705,563,1933,1932,90,90,FWD,9,56,1,IDLE,0
C3B93D0B,42606,42984.400,42984400,695,1930,1932,90,90,FWD,9,56,1,IDLE,0
C3B93D0B,42607,42985.399,42985399,999,1930,1932,90,90,FWD,9,56,1,IDLE,0
C3B93D0B,42608,42986.400,42986400,1001,1932,1932,90,90,FWD,9,56,1,IDLE,0
C3B93D0B,42609,42987.399,42987399,999,1933,1932,90,90,FWD,9,56,1,IDLE,0
C3B93D0B,42610,42988.400,42988400,1001,1931,1932,90,90,FWD,9,56,1,IDLE,0
C3B93D0B,42611,42989.399,42989399,999,1933,1932,90,90,FWD,9,56,1,IDLE,0
C3B93D0B,42612,42990.400,42990400,1001,1932,1932,90,90,FWD,9,56,1,IDLE,0
C3B93D0B,42613,42991.400,42991400,1000,1930,1932,90,90,FWD,9,56,1,IDLE,0
C3B93D0B,42614,42992.400,42992400,1000,1933,1932,90,90,FWD,9,56,1,IDLE,0
C3B93D0B,42615,42993.399,42993399,999,1933,1932,90,90,FWD,9,56,1,IDLE,0
C3B93D0B,42616,42994.400,42994400,1001,1935,1932,90,90,FWD,9,56,1,IDLE,0
C3B93D0B,42617,42995.399,42995399,999,1931,1932,90,90,FWD,9,56,1,IDLE,0
C3B93D0B,42618,42996.400,42996400,1001,1933,1932,90,90,FWD,9,56,1,IDLE,0
C3B93D0B,42619,42997.399,42997399,999,1933,1932,90,90,FWD,9,56,1,IDLE,0
C3B93D0B,42620,42998.400,42998400,1001,1934,1932,90,90,FWD,9,56,1,IDLE,0
C3B93D0B,42621,42999.399,42999399,999,1934,1932,90,90,FWD,9,56,1,IDLE,0
C3B93D0B,42622,43000.400,43000400,1001,1933,1932,90,90,FWD,9,56,1,IDLE,0
C3B93D0B,42623,43001.400,43001400,1000,1929,1932,90,90,FWD,9,56,1,IDLE,0
C3B93D0B,42624,43002.400,43002400,1000,1933,1932,90,90,FWD,9,56,1,IDLE,0
C3B93D0B,42625,43003.399,43003399,999,1934,1932,90,90,FWD,9,56,1,IDLE,0
C3B93D0B,42626,43004.400,43004400,1001,1933,1932,90,90,FWD,9,56,1,IDLE,0
C3B93D0B,42627,43005.399,43005399,999,1933,1932,90,90,FWD,9,56,1,IDLE,0
C3B93D0B,42628,43006.400,43006400,1001,1935,1932,90,90,FWD,9,56,1,IDLE,0
C3B93D0B,42629,43007.399,43007399,999,1935,1932,90,90,FWD,9,56,1,IDLE,0
C3B93D0B,42630,43008.400,43008400,1001,1932,1932,90,90,FWD,9,56,1,IDLE,0
C3B93D0B,42631,43009.399,43009399,999,1933,1932,90,90,FWD,9,56,1,IDLE,0
C3B93D0B,42632,43010.400,43010400,1001,1931,1932,90,90,FWD,9,56,1,IDLE,0
C3B93D0B,42633,43011.400,43011400,1000,1932,1932,90,90,FWD,9,56,1,IDLE,0
C3B93D0B,42634,43012.400,43012400,1000,1932,1932,90,90,FWD,9,56,1,IDLE,0
C3B93D0B,42635,43013.399,43013399,999,1932,1932,90,90,FWD,9,56,1,IDLE,0
C3B93D0B,42636,43014.400,43014400,1001,1933,1932,90,90,FWD,9,56,1,IDLE,0
C3B93D0B,42637,43015.399,43015399,999,1934,1932,90,90,FWD,9,56,1,IDLE,0
C3B93D0B,42638,43016.400,43016400,1001,1935,1932,90,90,FWD,9,56,1,IDLE,0
C3B93D0B,42639,43017.399,43017399,999,1933,1932,90,90,FWD,9,56,1,IDLE,0
C3B93D0B,42640,43018.400,43018400,1001,1933,1932,90,90,FWD,9,56,1,IDLE,0
C3B93D0B,42641,43019.399,43019399,999,1933,1932,90,90,FWD,9,56,1,IDLE,0
C3B93D0B,42642,43020.400,43020400,1001,1933,1932,90,90,FWD,9,56,1,IDLE,0
C3B93D0B,42643,43021.400,43021400,1000,1935,1932,90,90,FWD,9,56,1,IDLE,0
C3B93D0B,42644,43022.400,43022400,1000,1930,1932,90,90,FWD,9,56,1,IDLE,0
C3B93D0B,42645,43023.399,43023399,999,1932,1932,90,90,FWD,9,56,1,IDLE,0
C3B93D0B,42646,43024.400,43024400,1001,1933,1932,90,90,FWD,9,56,1,IDLE,0
C3B93D0B,42647,43025.399,43025399,999,1933,1932,90,90,FWD,9,56,1,IDLE,0
C3B93D0B,42648,43026.400,43026400,1001,1933,1932,90,90,FWD,9,56,1,IDLE,0
C3B93D0B,42649,43027.399,43027399,999,1933,1932,90,90,FWD,9,56,1,IDLE,0
C3B93D0B,42650,43028.403,43028403,1004,1931,1932,90,90,FWD,9,56,1,IDLE,0
C3B93D0B,42651,43029.399,43029399,996,1935,1932,90,90,FWD,9,56,1,IDLE,0
C3B93D0B,42652,43030.400,43030400,1001,1933,1932,90,90,FWD,9,56,1,IDLE,0
C3B93D0B,42653,43031.400,43031400,1000,1931,1932,90,90,FWD,9,56,1,IDLE,0
C3B93D0B,42654,43032.400,43032400,1000,1933,1932,90,90,FWD,9,56,1,IDLE,0
C3B93D0B,42655,43034.383,43034383,1983,1934,1932,90,90,FWD,41,56,1,IDLE,0
C3B93D0B,42656,43035.023,43035023,640,1932,1932,90,90,FWD,9,56,1,IDLE,0
C3B93D0B,42657,43035.399,43035399,376,1933,1932,90,90,FWD,9,56,1,IDLE,0
C3B93D0B,42658,43036.400,43036400,1001,1933,1932,90,90,FWD,9,56,1,IDLE,0
C3B93D0B,42659,43037.399,43037399,999,1933,1932,90,90,FWD,9,56,1,IDLE,0
C3B93D0B,42660,43038.400,43038400,1001,1932,1932,90,90,FWD,9,56,1,IDLE,0
C3B93D0B,42661,43039.399,43039399,999,1934,1932,90,90,FWD,9,56,1,IDLE,0
C3B93D0B,42662,43040.403,43040403,1004,1947,1932,90,90,FWD,9,56,1,IDLE,0
C3B93D0B,42663,43041.583,43041583,1180,1942,1932,90,90,FWD,9,56,1,IDLE,0
C3B93D0B,42664,43042.400,43042400,817,1939,1932,90,90,FWD,9,56,1,IDLE,0
C3B93D0B,42665,43043.399,43043399,999,1941,1932,90,90,FWD,9,56,1,IDLE,0
C3B93D0B,42666,43044.400,43044400,1001,1942,1932,90,90,FWD,9,56,1,IDLE,0
C3B93D0B,42667,43045.399,43045399,999,1940,1932,90,90,FWD,9,56,1,IDLE,0
C3B93D0B,42668,43046.400,43046400,1001,1942,1932,90,90,FWD,9,56,1,IDLE,0
C3B93D0B,42669,43047.399,43047399,999,1939,1932,90,90,FWD,9,56,1,IDLE,0
C3B93D0B,42670,43048.400,43048400,1001,1941,1932,90,90,FWD,9,56,1,IDLE,0
C3B93D0B,42671,43049.399,43049399,999,1941,1932,90,90,FWD,9,56,1,IDLE,0
C3B93D0B,42672,43050.400,43050400,1001,1941,1932,90,90,FWD,9,56,1,IDLE,0
C3B93D0B,42673,43051.400,43051400,1000,1940,1932,90,90,FWD,9,56,1,IDLE,0
C3B93D0B,42674,43052.400,43052400,1000,1938,1932,90,90,FWD,9,56,1,IDLE,0
C3B93D0B,42675,43053.399,43053399,999,1940,1932,90,90,FWD,9,56,1,IDLE,0
C3B93D0B,42676,43054.400,43054400,1001,1941,1932,90,90,FWD,9,56,1,IDLE,0
C3B93D0B,42677,43055.399,43055399,999,1940,1932,90,90,FWD,9,56,1,IDLE,0
C3B93D0B,42678,43056.400,43056400,1001,1942,1932,90,90,FWD,9,56,1,IDLE,0
C3B93D0B,42679,43057.399,43057399,999,1941,1932,90,90,FWD,9,56,1,IDLE,0
C3B93D0B,42680,43058.400,43058400,1001,1940,1932,90,90,FWD,9,56,1,IDLE,0
C3B93D0B,42681,43059.399,43059399,999,1940,1932,90,90,FWD,9,56,1,IDLE,0
C3B93D0B,42682,43060.400,43060400,1001,1940,1932,90,90,FWD,9,56,1,IDLE,0
C3B93D0B,42683,43061.400,43061400,1000,1938,1932,90,90,FWD,9,56,1,IDLE,0
C3B93D0B,42684,43062.402,43062402,1002,1941,1932,90,90,FWD,9,56,1,IDLE,0
C3B93D0B,42685,43063.859,43063859,1457,1935,1932,90,90,FWD,41,56,1,IDLE,0
C3B93D0B,42686,43064.402,43064402,543,1932,1932,90,90,FWD,9,56,1,IDLE,0
C3B93D0B,42687,43065.401,43065401,999,1929,1932,90,90,FWD,9,56,1,IDLE,0
C3B93D0B,42688,43066.400,43066400,999,1931,1932,90,90,FWD,9,56,1,IDLE,0
C3B93D0B,42689,43067.399,43067399,999,1931,1932,90,90,FWD,9,56,1,IDLE,0
C3B93D0B,42690,43068.400,43068400,1001,1934,1932,90,90,FWD,9,56,1,IDLE,0
C3B93D0B,42691,43069.399,43069399,999,1932,1932,90,90,FWD,9,56,1,IDLE,0
C3B93D0B,42692,43070.400,43070400,1001,1935,1932,90,90,FWD,9,56,1,IDLE,0
C3B93D0B,42693,43071.399,43071399,999,1933,1932,90,90,FWD,9,56,1,IDLE,0
C3B93D0B,42694,43072.400,43072400,1001,1932,1932,90,90,FWD,9,56,1,IDLE,0
C3B93D0B,42695,43073.399,43073399,999,1933,1932,90,90,FWD,9,56,1,IDLE,0
C3B93D0B,42696,43074.400,43074400,1001,1931,1932,90,90,FWD,9,56,1,IDLE,0
C3B93D0B,42697,43075.400,43075400,1000,1933,1932,90,90,FWD,9,56,1,IDLE,0
C3B93D0B,42698,43076.400,43076400,1000,1933,1932,90,90,FWD,9,56,1,IDLE,0
C3B93D0B,42699,43078.447,43078447,2047,1933,1932,90,90,FWD,41,56,1,IDLE,0
C3B93D0B,42700,43078.797,43078797,350,1934,1932,90,90,FWD,9,56,1,IDLE,0
C3B93D0B,42701,43079.399,43079399,602,1934,1932,90,90,FWD,9,56,1,IDLE,0
C3B93D0B,42702,43080.400,43080400,1001,1934,1932,90,90,FWD,9,56,1,IDLE,0
C3B93D0B,42703,43081.537,43081537,1137,1935,1932,90,90,FWD,9,56,1,IDLE,0
C3B93D0B,42704,43082.400,43082400,863,1931,1932,90,90,FWD,9,56,1,IDLE,0
C3B93D0B,42705,43083.399,43083399,999,1935,1932,90,90,FWD,9,56,1,IDLE,0
C3B93D0B,42706,43084.400,43084400,1001,1935,1932,90,90,FWD,9,56,1,IDLE,0
C3B93D0B,42707,43085.400,43085400,1000,1934,1932,90,90,FWD,9,56,1,IDLE,0
C3B93D0B,42708,43086.751,43086751,1351,1931,1932,90,90,FWD,41,56,1,IDLE,0
C3B93D0B,42709,43087.402,43087402,651,1933,1932,90,90,FWD,9,56,1,IDLE,0
C3B93D0B,42710,43088.400,43088400,998,1932,1932,90,90,FWD,9,56,1,IDLE,0
C3B93D0B,42711,43089.399,43089399,999,1935,1932,90,90,FWD,9,56,1,IDLE,0
C3B93D0B,42712,43090.400,43090400,1001,1931,1932,90,90,FWD,9,56,1,IDLE,0
C3B93D0B,42713,43091.399,43091399,999,1933,1932,90,90,FWD,9,56,1,IDLE,0
C3B93D0B,42714,43092.400,43092400,1001,1935,1932,90,90,FWD,9,56,1,IDLE,0
C3B93D0B,42715,43093.399,43093399,999,1934,1932,90,90,FWD,9,56,1,IDLE,0
C3B93D0B,42716,43094.400,43094400,1001,1931,1932,90,90,FWD,9,56,1,IDLE,0
C3B93D0B,42717,43095.400,43095400,1000,1933,1932,90,90,FWD,9,56,1,IDLE,0
C3B93D0B,42718,43096.400,43096400,1000,1934,1932,90,90,FWD,9,56,1,IDLE,0
C3B93D0B,42719,43097.399,43097399,999,1931,1932,90,90,FWD,9,56,1,IDLE,0
C3B93D0B,42720,43098.400,43098400,1001,1935,1932,90,90,FWD,9,56,1,IDLE,0
C3B93D0B,42721,43099.399,43099399,999,1934,1932,90,90,FWD,9,56,1,IDLE,0
C3B93D0B,42722,43100.400,43100400,1001,1934,1932,90,90,FWD,9,56,1,IDLE,0
C3B93D0B,42723,43101.399,43101399,999,1933,1932,90,90,FWD,9,56,1,IDLE,0
C3B93D0B,42724,43102.400,43102400,1001,1933,1932,90,90,FWD,9,56,1,IDLE,0
C3B93D0B,42725,43103.399,43103399,999,1936,1932,90,90,FWD,9,56,1,IDLE,0
C3B93D0B,42726,43104.400,43104400,1001,1935,1932,90,90,FWD,9,56,1,IDLE,0
C3B93D0B,42727,43105.400,43105400,1000,1933,1932,90,90,FWD,9,56,1,IDLE,0
C3B93D0B,42728,43106.400,43106400,1000,1933,1932,90,90,FWD,9,56,1,IDLE,0
C3B93D0B,42729,43107.399,43107399,999,1934,1932,90,90,FWD,9,56,1,IDLE,0
C3B93D0B,42730,43108.400,43108400,1001,1934,1932,90,90,FWD,9,56,1,IDLE,0
C3B93D0B,42731,43109.399,43109399,999,1934,1932,90,90,FWD,9,56,1,IDLE,0
C3B93D0B,42732,43110.400,43110400,1001,1934,1932,90,90,FWD,9,56,1,IDLE,0
C3B93D0B,42733,43111.399,43111399,999,1934,1932,90,90,FWD,9,56,1,IDLE,0
C3B93D0B,42734,43112.400,43112400,1001,1935,1932,90,90,FWD,9,56,1,IDLE,0
C3B93D0B,42735,43113.399,43113399,999,1935,1932,90,90,FWD,9,56,1,IDLE,0
C3B93D0B,42736,43114.400,43114400,1001,1935,1932,90,90,FWD,9,56,1,IDLE,0
C3B93D0B,42737,43115.400,43115400,1000,1935,1932,90,90,FWD,9,56,1,IDLE,0
C3B93D0B,42738,43116.400,43116400,1000,1935,1932,90,90,FWD,9,56,1,IDLE,0
C3B93D0B,42739,43117.399,43117399,999,1936,1932,90,90,FWD,9,56,1,IDLE,0
C3B93D0B,42740,43118.400,43118400,1001,1934,1932,90,90,FWD,9,56,1,IDLE,0
C3B93D0B,42741,43119.399,43119399,999,1935,1932,90,90,FWD,9,56,1,IDLE,0
C3B93D0B,42742,43120.400,43120400,1001,1935,1932,90,90,FWD,9,56,1,IDLE,0
C3B93D0B,42743,43121.399,43121399,999,1934,1932,90,90,FWD,9,56,1,IDLE,0
C3B93D0B,42744,43122.400,43122400,1001,1935,1932,90,90,FWD,9,56,1,IDLE,0
C3B93D0B,42745,43123.399,43123399,999,1934,1932,90,90,FWD,9,56,1,IDLE,0
C3B93D0B,42746,43124.400,43124400,1001,1934,1932,90,90,FWD,9,56,1,IDLE,0
C3B93D0B,42747,43125.400,43125400,1000,1934,1932,90,90,FWD,9,56,1,IDLE,0
C3B93D0B,42748,43126.400,43126400,1000,1935,1932,90,90,FWD,9,56,1,IDLE,0
C3B93D0B,42749,43127.399,43127399,999,1934,1932,90,90,FWD,9,56,1,IDLE,0
C3B93D0B,42750,43128.400,43128400,1001,1934,1932,90,90,FWD,9,56,1,IDLE,0
C3B93D0B,42751,43129.399,43129399,999,1934,1932,90,90,FWD,9,56,1,IDLE,0
C3B93D0B,42752,43130.400,43130400,1001,1934,1932,90,90,FWD,9,56,1,IDLE,0
C3B93D0B,42753,43131.399,43131399,999,1933,1932,90,90,FWD,9,56,1,IDLE,0
C3B93D0B,42754,43132.400,43132400,1001,1934,1932,90,90,FWD,9,56,1,IDLE,0
C3B93D0B,42755,43133.399,43133399,999,1933,1932,90,90,FWD,9,56,1,IDLE,0
C3B93D0B,42756,43134.400,43134400,1001,1934,1932,90,90,FWD,9,56,1,IDLE,0
C3B93D0B,42757,43135.400,43135400,1000,1933,1932,90,90,FWD,9,56,1,IDLE,0
C3B93D0B,42758,43136.406,43136406,1006,1935,1932,90,90,FWD,9,56,1,IDLE,0
C3B93D0B,42759,43137.772,43137772,1366,1935,1932,90,90,FWD,41,56,1,IDLE,0
C3B93D0B,42760,43138.400,43138400,628,1934,1932,90,90,FWD,9,56,1,IDLE,0
C3B93D0B,42761,43139.399,43139399,999,1934,1932,90,90,FWD,9,56,1,IDLE,0
C3B93D0B,42762,43140.400,43140400,1001,1933,1932,90,90,FWD,9,56,1,IDLE,0
C3B93D0B,42763,43141.399,43141399,999,1934,1932,90,90,FWD,9,56,1,IDLE,0
C3B93D0B,42764,43142.400,43142400,1001,1931,1932,90,90,FWD,9,56,1,IDLE,0
C3B93D0B,42765,43143.520,43143520,1120,1943,1932,90,90,FWD,9,56,1,IDLE,0
C3B93D0B,42766,43144.400,43144400,880,1943,1932,90,90,FWD,9,56,1,IDLE,0
C3B93D0B,42767,43145.400,43145400,1000,1943,1932,90,90,FWD,9,56,1,IDLE,0
C3B93D0B,42768,43146.400,43146400,1000,1943,1932,90,90,FWD,9,56,1,IDLE,0
C3B93D0B,42769,43147.399,43147399,999,1943,1932,90,90,FWD,9,56,1,IDLE,0
C3B93D0B,42770,43148.400,43148400,1001,1943,1932,90,90,FWD,9,56,1,IDLE,0
C3B93D0B,42771,43149.399,43149399,999,1941,1932,90,90,FWD,9,56,1,IDLE,0
C3B93D0B,42772,43150.400,43150400,1001,1941,1932,90,90,FWD,9,56,1,IDLE,0
C3B93D0B,42773,43151.399,43151399,999,1941,1932,90,90,FWD,9,56,1,IDLE,0
C3B93D0B,42774,43152.400,43152400,1001,1943,1932,90,90,FWD,9,56,1,IDLE,0
C3B93D0B,42775,43153.399,43153399,999,1943,1932,90,90,FWD,9,56,1,IDLE,0
C3B93D0B,42776,43154.400,43154400,1001,1940,1932,90,90,FWD,9,56,1,IDLE,0
C3B93D0B,42777,43155.400,43155400,1000,1942,1932,90,90,FWD,9,56,1,IDLE,0
C3B93D0B,42778,43156.400,43156400,1000,1943,1932,90,90,FWD,9,56,1,IDLE,0
C3B93D0B,42779,43157.399,43157399,999,1942,1932,90,90,FWD,9,56,1,IDLE,0
C3B93D0B,42780,43158.400,43158400,1001,1942,1932,90,90,FWD,9,56,1,IDLE,0
C3B93D0B,42781,43159.399,43159399,999,1942,1932,90,90,FWD,9,56,1,IDLE,0
C3B93D0B,42782,43160.400,43160400,1001,1941,1932,90,90,FWD,9,56,1,IDLE,0
C3B93D0B,42783,43161.399,43161399,999,1940,1932,90,90,FWD,9,56,1,IDLE,0
C3B93D0B,42784,43162.400,43162400,1001,1939,1932,90,90,FWD,9,56,1,IDLE,0
C3B93D0B,42785,43163.399,43163399,999,1941,1932,90,90,FWD,9,56,1,IDLE,0
C3B93D0B,42786,43164.400,43164400,1001,1940,1932,90,90,FWD,9,56,1,IDLE,0
C3B93D0B,42787,43165.400,43165400,1000,1939,1932,90,90,FWD,9,56,1,IDLE,0
C3B93D0B,42788,43166.400,43166400,1000,1946,1932,90,90,FWD,9,56,1,IDLE,0
C3B93D0B,42789,43167.399,43167399,999,1942,1932,90,90,FWD,9,56,1,IDLE,0
C3B93D0B,42790,43168.400,43168400,1001,1943,1932,90,90,FWD,9,56,1,IDLE,0
C3B93D0B,42791,43169.399,43169399,999,1942,1932,90,90,FWD,9,56,1,IDLE,0
C3B93D0B,42792,43170.400,43170400,1001,1941,1932,90,90,FWD,9,56,1,IDLE,0
C3B93D0B,42793,43171.399,43171399,999,1941,1932,90,90,FWD,9,56,1,IDLE,0
C3B93D0B,42794,43172.400,43172400,1001,1943,1932,90,90,FWD,9,56,1,IDLE,0
C3B93D0B,42795,43173.399,43173399,999,1942,1932,90,90,FWD,9,56,1,IDLE,0
C3B93D0B,42796,43174.400,43174400,1001,1942,1932,90,90,FWD,9,56,1,IDLE,0
C3B93D0B,42797,43175.400,43175400,1000,1939,1932,90,90,FWD,9,56,1,IDLE,0
C3B93D0B,42798,43176.400,43176400,1000,1941,1932,90,90,FWD,9,56,1,IDLE,0
C3B93D0B,42799,43177.399,43177399,999,1942,1932,90,90,FWD,9,56,1,IDLE,0
C3B93D0B,42800,43178.400,43178400,1001,1942,1932,90,90,FWD,9,56,1,IDLE,0
C3B93D0B,42801,43179.399,43179399,999,1941,1932,90,90,FWD,9,56,1,IDLE,0
C3B93D0B,42802,43180.400,43180400,1001,1941,1932,90,90,FWD,9,56,1,IDLE,0
C3B93D0B,42803,43181.399,43181399,999,1942,1932,90,90,FWD,9,56,1,IDLE,0
C3B93D0B,42804,43182.400,43182400,1001,1942,1932,90,90,FWD,9,56,1,IDLE,0
C3B93D0B,42805,43183.399,43183399,999,1941,1932,90,90,FWD,9,56,1,IDLE,0
C3B93D0B,42806,43184.400,43184400,1001,1941,1932,90,90,FWD,9,56,1,IDLE,0
C3B93D0B,42807,43185.400,43185400,1000,1939,1932,90,90,FWD,9,56,1,IDLE,0
C3B93D0B,42808,43187.158,43187158,1758,1930,1932,90,90,FWD,41,56,1,IDLE,0
C3B93D0B,42809,43187.775,43187775,617,1934,1932,90,90,FWD,9,56,1,IDLE,0
C3B93D0B,42810,43188.400,43188400,625,1931,1932,90,90,FWD,9,56,1,IDLE,0
C3B93D0B,42811,43189.399,43189399,999,1933,1932,90,90,FWD,9,56,1,IDLE,0
C3B93D0B,42812,43190.400,43190400,1001,1933,1932,90,90,FWD,9,56,1,IDLE,0
C3B93D0B,42813,43191.399,43191399,999,1935,1932,90,90,FWD,9,56,1,IDLE,0
C3B93D0B,42814,43192.400,43192400,1001,1934,1932,90,90,FWD,9,56,1,IDLE,0
C3B93D0B,42815,43193.399,43193399,999,1933,1932,90,90,FWD,9,56,1,IDLE,0
C3B93D0B,42816,43194.400,43194400,1001,1936,1932,90,90,FWD,9,56,1,IDLE,0
C3B93D0B,42817,43195.400,43195400,1000,1935,1932,90,90,FWD,9,56,1,IDLE,0
C3B93D0B,42818,43196.400,43196400,1000,1936,1932,90,90,FWD,9,56,1,IDLE,0
C3B93D0B,42819,43197.399,43197399,999,1935,1932,90,90,FWD,9,56,1,IDLE,0
C3B93D0B,42820,43198.400,43198400,1001,1933,1932,90,90,FWD,9,56,1,IDLE,0
C3B93D0B,42821,43199.399,43199399,999,1936,1932,90,90,FWD,9,56,1,IDLE,0
C3B93D0B,42822,43200.400,43200400,1001,1934,1932,90,90,FWD,9,56,1,IDLE,0
C3B93D0B,42823,43201.399,43201399,999,1935,1932,90,90,FWD,9,56,1,IDLE,0
C3B93D0B,42824,43202.400,43202400,1001,1934,1932,90,90,FWD,9,56,1,IDLE,0
C3B93D0B,42825,43203.399,43203399,999,1935,1932,90,90,FWD,9,56,1,IDLE,0
C3B93D0B,42826,43204.400,43204400,1001,1935,1932,90,90,FWD,9,56,1,IDLE,0
C3B93D0B,42827,43205.400,43205400,1000,1935,1932,90,90,FWD,9,56,1,IDLE,0
C3B93D0B,42828,43206.400,43206400,1000,1935,1932,90,90,FWD,9,56,1,IDLE,0
C3B93D0B,42829,43207.399,43207399,999,1936,1932,90,90,FWD,9,56,1,IDLE,0
C3B93D0B,42830,43208.400,43208400,1001,1935,1932,90,90,FWD,9,56,1,IDLE,0
C3B93D0B,42831,43209.399,43209399,999,1936,1932,90,90,FWD,9,56,1,IDLE,0
C3B93D0B,42832,43210.400,43210400,1001,1935,1932,90,90,FWD,9,56,1,IDLE,0
C3B93D0B,42833,43211.399,43211399,999,1936,1932,90,90,FWD,9,56,1,IDLE,0
C3B93D0B,42834,43212.400,43212400,1001,1936,1932,90,90,FWD,9,56,1,IDLE,0
C3B93D0B,42835,43213.399,43213399,999,1936,1932,90,90,FWD,9,56,1,IDLE,0
C3B93D0B,42836,43214.400,43214400,1001,1936,1932,90,90,FWD,9,56,1,IDLE,0
C3B93D0B,42837,43215.400,43215400,1000,1934,1932,90,90,FWD,9,56,1,IDLE,0
C3B93D0B,42838,43216.400,43216400,1000,1936,1932,90,90,FWD,9,56,1,IDLE,0
C3B93D0B,42839,43217.399,43217399,999,1935,1932,90,90,FWD,9,56,1,IDLE,0
C3B93D0B,42840,43218.400,43218400,1001,1936,1932,90,90,FWD,9,56,1,IDLE,0
C3B93D0B,42841,43219.399,43219399,999,1935,1932,90,90,FWD,9,56,1,IDLE,0
C3B93D0B,42842,43220.400,43220400,1001,1936,1932,90,90,FWD,9,56,1,IDLE,0
C3B93D0B,42843,43221.399,43221399,999,1936,1932,90,90,FWD,9,56,1,IDLE,0
C3B93D0B,42844,43222.400,43222400,1001,1936,1932,90,90,FWD,9,56,1,IDLE,0
C3B93D0B,42845,43223.399,43223399,999,1936,1932,90,90,FWD,9,56,1,IDLE,0
C3B93D0B,42846,43224.400,43224400,1001,1936,1932,90,90,FWD,9,56,1,IDLE,0
C3B93D0B,42847,43225.400,43225400,1000,1936,1932,90,90,FWD,9,56,1,IDLE,0
C3B93D0B,42848,43226.400,43226400,1000,1935,1932,90,90,FWD,9,56,1,IDLE,0
C3B93D0B,42849,43227.399,43227399,999,1935,1932,90,90,FWD,9,56,1,IDLE,0
C3B93D0B,42850,43228.400,43228400,1001,1936,1932,90,90,FWD,9,56,1,IDLE,0
C3B93D0B,42851,43229.399,43229399,999,1936,1932,90,90,FWD,9,56,1,IDLE,0
C3B93D0B,42852,43230.400,43230400,1001,1936,1932,90,90,FWD,9,56,1,IDLE,0
C3B93D0B,42853,43231.399,43231399,999,1936,1932,90,90,FWD,9,56,1,IDLE,0
C3B93D0B,42854,43232.400,43232400,1001,1936,1932,90,90,FWD,9,56,1,IDLE,0
C3B93D0B,42855,43233.399,43233399,999,1936,1932,90,90,FWD,9,56,1,IDLE,0
C3B93D0B,42856,43234.400,43234400,1001,1936,1932,90,90,FWD,9,56,1,IDLE,0
C3B93D0B,42857,43235.400,43235400,1000,1936,1932,90,90,FWD,9,56,1,IDLE,0
C3B93D0B,42858,43236.400,43236400,1000,1936,1932,90,90,FWD,9,56,1,IDLE,0
C3B93D0B,42859,43237.399,43237399,999,1935,1932,90,90,FWD,9,56,1,IDLE,0
C3B93D0B,42860,43238.904,43238904,1505,1936,1932,90,90,FWD,41,56,1,IDLE,0
C3B93D0B,42861,43239.399,43239399,495,1936,1932,90,90,FWD,9,56,1,IDLE,0
C3B93D0B,42862,43240.400,43240400,1001,1936,1932,90,90,FWD,9,56,1,IDLE,0
C3B93D0B,42863,43241.399,43241399,999,1936,1932,90,90,FWD,9,56,1,IDLE,0
C3B93D0B,42864,43242.400,43242400,1001,1936,1932,90,90,FWD,9,56,1,IDLE,0
C3B93D0B,42865,43243.399,43243399,999,1936,1932,90,90,FWD,9,56,1,IDLE,0
C3B93D0B,42866,43244.403,43244403,1004,1948,1932,90,90,FWD,9,56,1,IDLE,0
C3B93D0B,42867,43245.400,43245400,997,1946,1932,90,90,FWD,9,56,1,IDLE,0
C3B93D0B,42868,43246.400,43246400,1000,1946,1932,90,90,FWD,9,56,1,IDLE,0
C3B93D0B,42869,43247.399,43247399,999,1946,1932,90,90,FWD,9,56,1,IDLE,0
C3B93D0B,42870,43248.400,43248400,1001,1945,1932,90,90,FWD,9,56,1,IDLE,0
C3B93D0B,42871,43249.399,43249399,999,1946,1932,90,90,FWD,9,56,1,IDLE,0
C3B93D0B,42872,43250.400,43250400,1001,1943,1932,90,90,FWD,9,56,1,IDLE,0
C3B93D0B,42873,43251.399,43251399,999,1946,1932,90,90,FWD,9,56,1,IDLE,0
C3B93D0B,42874,43252.400,43252400,1001,1946,1932,90,90,FWD,9,56,1,IDLE,0
C3B93D0B,42875,43253.399,43253399,999,1943,1932,90,90,FWD,9,56,1,IDLE,0
C3B93D0B,42876,43254.400,43254400,1001,1945,1932,90,90,FWD,9,56,1,IDLE,0
C3B93D0B,42877,43255.400,43255400,1000,1943,1932,90,90,FWD,9,56,1,IDLE,0
C3B93D0B,42878,43256.400,43256400,1000,1943,1932,90,90,FWD,9,56,1,IDLE,0
C3B93D0B,42879,43257.399,43257399,999,1946,1932,90,90,FWD,9,56,1,IDLE,0
C3B93D0B,42880,43258.400,43258400,1001,1945,1932,90,90,FWD,9,56,1,IDLE,0
C3B93D0B,42881,43259.399,43259399,999,1942,1932,90,90,FWD,9,56,1,IDLE,0
C3B93D0B,42882,43260.400,43260400,1001,1943,1932,90,90,FWD,9,56,1,IDLE,0
C3B93D0B,42883,43261.399,43261399,999,1943,1932,90,90,FWD,9,56,1,IDLE,0
C3B93D0B,42884,43262.400,43262400,1001,1946,1932,90,90,FWD,9,56,1,IDLE,0
C3B93D0B,42885,43263.399,43263399,999,1943,1932,90,90,FWD,9,56,1,IDLE,0
C3B93D0B,42886,43264.400,43264400,1001,1943,1932,90,90,FWD,9,56,1,IDLE,0
C3B93D0B,42887,43265.400,43265400,1000,1945,1932,90,90,FWD,9,56,1,IDLE,0
C3B93D0B,42888,43266.400,43266400,1000,1942,1932,90,90,FWD,9,56,1,IDLE,0
C3B93D0B,42889,43267.399,43267399,999,1945,1932,90,90,FWD,9,56,1,IDLE,0
C3B93D0B,42890,43268.400,43268400,1001,1943,1932,90,90,FWD,9,56,1,IDLE,0
C3B93D0B,42891,43269.399,43269399,999,1943,1932,90,90,FWD,9,56,1,IDLE,0
C3B93D0B,42892,43270.400,43270400,1001,1942,1932,90,90,FWD,9,56,1,IDLE,0
C3B93D0B,42893,43271.399,43271399,999,1942,1932,90,90,FWD,9,56,1,IDLE,0
C3B93D0B,42894,43272.400,43272400,1001,1942,1932,90,90,FWD,9,56,1,IDLE,0
C3B93D0B,42895,43273.399,43273399,999,1942,1932,90,90,FWD,9,56,1,IDLE,0
C3B93D0B,42896,43274.400,43274400,1001,1945,1932,90,90,FWD,9,56,1,IDLE,0
C3B93D0B,42897,43275.400,43275400,1000,1943,1932,90,90,FWD,9,56,1,IDLE,0
C3B93D0B,42898,43276.400,43276400,1000,1945,1932,90,90,FWD,9,56,1,IDLE,0
C3B93D0B,42899,43277.399,43277399,999,1943,1932,90,90,FWD,9,56,1,IDLE,0
C3B93D0B,42900,43278.400,43278400,1001,1943,1932,90,90,FWD,9,56,1,IDLE,0
C3B93D0B,42901,43279.399,43279399,999,1945,1932,90,90,FWD,9,56,1,IDLE,0
C3B93D0B,42902,43280.400,43280400,1001,1945,1932,90,90,FWD,9,56,1,IDLE,0
C3B93D0B,42903,43281.399,43281399,999,1944,1932,90,90,FWD,9,56,1,IDLE,0
C3B93D0B,42904,43282.400,43282400,1001,1943,1932,90,90,FWD,9,56,1,IDLE,0
C3B93D0B,42905,43283.399,43283399,999,1945,1932,90,90,FWD,9,56,1,IDLE,0
C3B93D0B,42906,43284.400,43284400,1001,1943,1932,90,90,FWD,9,56,1,IDLE,0
C3B93D0B,42907,43285.400,43285400,1000,1946,1932,90,90,FWD,9,56,1,IDLE,0
C3B93D0B,42908,43287.176,43287176,1776,1930,1932,90,90,FWD,41,56,1,IDLE,0
C3B93D0B,42909,43287.755,43287755,579,1934,1932,90,90,FWD,9,56,1,IDLE,0
C3B93D0B,42910,43288.400,43288400,645,1932,1932,90,90,FWD,9,56,1,IDLE,0
C3B93D0B,42911,43289.399,43289399,999,1934,1932,90,90,FWD,9,56,1,IDLE,0
C3B93D0B,42912,43290.400,43290400,1001,1932,1932,90,90,FWD,9,56,1,IDLE,0
C3B93D0B,42913,43291.601,43291601,1201,1934,1932,90,90,FWD,9,56,1,IDLE,0
C3B93D0B,42914,43292.400,43292400,799,1933,1932,90,90,FWD,9,56,1,IDLE,0
C3B93D0B,42915,43293.399,43293399,999,1933,1932,90,90,FWD,9,56,1,IDLE,0
C3B93D0B,42916,43294.400,43294400,1001,1933,1932,90,90,FWD,9,56,1,IDLE,0
C3B93D0B,42917,43295.400,43295400,1000,1935,1932,90,90,FWD,9,56,1,IDLE,0
C3B93D0B,42918,43296.400,43296400,1000,1935,1932,90,90,FWD,9,56,1,IDLE,0
C3B93D0B,42919,43297.399,43297399,999,1934,1932,90,90,FWD,9,56,1,IDLE,0
C3B93D0B,42920,43298.400,43298400,1001,1933,1932,90,90,FWD,9,56,1,IDLE,0
C3B93D0B,42921,43299.399,43299399,999,1935,1932,90,90,FWD,9,56,1,IDLE,0
C3B93D0B,42922,43300.400,43300400,1001,1931,1932,90,90,FWD,9,56,1,IDLE,0
C3B93D0B,42923,43301.399,43301399,999,1935,1932,90,90,FWD,9,56,1,IDLE,0
C3B93D0B,42924,43302.400,43302400,1001,1934,1932,90,90,FWD,9,56,1,IDLE,0
C3B93D0B,42925,43303.399,43303399,999,1935,1932,90,90,FWD,9,56,1,IDLE,0
C3B93D0B,42926,43304.400,43304400,1001,1933,1932,90,90,FWD,9,56,1,IDLE,0
C3B93D0B,42927,43305.400,43305400,1000,1933,1932,90,90,FWD,9,56,1,IDLE,0
C3B93D0B,42928,43306.400,43306400,1000,1931,1932,90,90,FWD,9,56,1,IDLE,0
C3B93D0B,42929,43307.399,43307399,999,1933,1932,90,90,FWD,9,56,1,IDLE,0
C3B93D0B,42930,43308.400,43308400,1001,1934,1932,90,90,FWD,9,56,1,IDLE,0
C3B93D0B,42931,43309.399,43309399,999,1930,1932,90,90,FWD,9,56,1,IDLE,0
C3B93D0B,42932,43310.400,43310400,1001,1934,1932,90,90,FWD,9,56,1,IDLE,0
C3B93D0B,42933,43311.399,43311399,999,1934,1932,90,90,FWD,9,56,1,IDLE,0
C3B93D0B,42934,43312.400,43312400,1001,1931,1932,90,90,FWD,9,56,1,IDLE,0
C3B93D0B,42935,43313.399,43313399,999,1933,1932,90,90,FWD,9,56,1,IDLE,0
C3B93D0B,42936,43314.400,43314400,1001,1931,1932,90,90,FWD,9,56,1,IDLE,0
C3B93D0B,42937,43315.400,43315400,1000,1930,1932,90,90,FWD,9,56,1,IDLE,0
C3B93D0B,42938,43316.400,43316400,1000,1931,1932,90,90,FWD,9,56,1,IDLE,0
C3B93D0B,42939,43317.399,43317399,999,1929,1932,90,90,FWD,9,56,1,IDLE,0
C3B93D0B,42940,43318.400,43318400,1001,1929,1932,90,90,FWD,9,56,1,IDLE,0
C3B93D0B,42941,43319.399,43319399,999,1927,1932,90,90,FWD,9,56,1,IDLE,0
C3B93D0B,42942,43320.400,43320400,1001,1930,1932,90,90,FWD,9,56,1,IDLE,0
C3B93D0B,42943,43321.399,43321399,999,1927,1932,90,90,FWD,9,56,1,IDLE,0
C3B93D0B,42944,43322.400,43322400,1001,1926,1932,90,90,FWD,9,56,1,IDLE,0
C3B93D0B,42945,43323.399,43323399,999,1927,1932,90,90,FWD,9,56,1,IDLE,0
C3B93D0B,42946,43324.400,43324400,1001,1927,1932,90,90,FWD,9,56,1,IDLE,0
C3B93D0B,42947,43325.400,43325400,1000,1923,1932,90,90,FWD,9,56,1,IDLE,0
C3B93D0B,42948,43326.400,43326400,1000,1925,1932,90,90,FWD,9,56,1,IDLE,0
C3B93D0B,42949,43327.399,43327399,999,1924,1932,90,90,FWD,9,56,1,IDLE,0
C3B93D0B,42950,43328.400,43328400,1001,1922,1932,90,90,FWD,9,56,1,IDLE,0
C3B93D0B,42951,43329.399,43329399,999,1922,1932,90,90,FWD,9,56,1,IDLE,0
C3B93D0B,42952,43330.400,43330400,1001,1921,1932,90,90,FWD,9,56,1,IDLE,0
C3B93D0B,42953,43331.399,43331399,999,1921,1932,90,90,FWD,9,56,1,IDLE,0
C3B93D0B,42954,43332.400,43332400,1001,1922,1932,90,90,FWD,9,56,1,IDLE,0
C3B93D0B,42955,43333.399,43333399,999,1920,1932,90,90,FWD,9,56,1,IDLE,0
C3B93D0B,42956,43334.400,43334400,1001,1919,1932,90,90,FWD,9,56,1,IDLE,0
C3B93D0B,42957,43335.415,43335415,1015,1919,1932,90,90,FWD,9,56,1,IDLE,0
C3B93D0B,42958,43336.400,43336400,985,1917,1932,90,90,FWD,9,56,1,IDLE,0
C3B93D0B,42959,43337.399,43337399,999,1918,1932,90,90,FWD,9,56,1,IDLE,0
C3B93D0B,42960,43338.400,43338400,1001,1918,1932,90,90,FWD,9,56,1,IDLE,0
C3B93D0B,42961,43339.399,43339399,999,1919,1932,90,90,FWD,9,56,1,IDLE,0
C3B93D0B,42962,43341.041,43341041,1642,1927,1932,90,90,FWD,41,56,1,IDLE,0
C3B93D0B,42963,43341.399,43341399,358,1923,1932,90,90,FWD,9,56,1,IDLE,0
C3B93D0B,42964,43342.400,43342400,1001,1922,1932,90,90,FWD,9,56,1,IDLE,0
C3B93D0B,42965,43343.399,43343399,999,1921,1932,90,90,FWD,9,56,1,IDLE,0
C3B93D0B,42966,43344.400,43344400,1001,1919,1932,90,90,FWD,9,56,1,IDLE,0
C3B93D0B,42967,43345.400,43345400,1000,1918,1932,90,90,FWD,9,56,1,IDLE,0
C3B93D0B,42968,43346.400,43346400,1000,1918,1932,90,90,FWD,9,56,1,IDLE,0
C3B93D0B,42969,43347.399,43347399,999,1916,1932,90,90,FWD,9,56,1,IDLE,0
C3B93D0B,42970,43348.400,43348400,1001,1915,1932,90,90,FWD,9,56,1,IDLE,0
C3B93D0B,42971,43349.399,43349399,999,1914,1932,90,90,FWD,9,56,1,IDLE,0
C3B93D0B,42972,43350.400,43350400,1001,1910,1932,90,90,FWD,9,56,1,IDLE,0
C3B93D0B,42973,43351.399,43351399,999,1910,1932,90,90,FWD,9,56,1,IDLE,0
C3B93D0B,42974,43352.400,43352400,1001,1907,1932,90,90,FWD,9,56,1,IDLE,0
C3B93D0B,42975,43353.399,43353399,999,1905,1932,90,90,FWD,9,56,1,IDLE,0
C3B93D0B,42976,43354.400,43354400,1001,1904,1932,90,90,FWD,9,56,1,IDLE,0
C3B93D0B,42977,43355.400,43355400,1000,1903,1932,90,90,FWD,9,56,1,IDLE,0
C3B93D0B,42978,43356.400,43356400,1000,1904,1932,90,90,FWD,9,56,1,IDLE,0
C3B93D0B,42979,43357.399,43357399,999,1901,1932,90,90,FWD,9,56,1,IDLE,0
C3B93D0B,42980,43358.400,43358400,1001,1899,1932,90,90,FWD,9,56,1,IDLE,0
C3B93D0B,42981,43359.399,43359399,999,1898,1932,90,90,FWD,9,56,1,IDLE,0
C3B93D0B,42982,43360.400,43360400,1001,1893,1932,90,90,FWD,9,56,1,IDLE,0
C3B93D0B,42983,43361.399,43361399,999,1892,1932,90,90,FWD,9,56,1,IDLE,0
C3B93D0B,42984,43362.400,43362400,1001,1889,1932,90,90,FWD,9,56,1,IDLE,0
C3B93D0B,42985,43363.399,43363399,999,1888,1932,90,90,FWD,9,56,1,IDLE,0
C3B93D0B,42986,43364.400,43364400,1001,1884,1932,90,90,FWD,9,56,1,IDLE,0
C3B93D0B,42987,43365.400,43365400,1000,1883,1932,90,90,FWD,9,56,1,IDLE,0
C3B93D0B,42988,43366.400,43366400,1000,1879,1932,90,90,FWD,9,56,1,IDLE,0
C3B93D0B,42989,43367.399,43367399,999,1877,1932,90,90,FWD,9,56,1,IDLE,0
C3B93D0B,42990,43368.400,43368400,1001,1873,1932,90,90,FWD,9,56,1,IDLE,0
C3B93D0B,42991,43369.399,43369399,999,1872,1932,90,90,FWD,9,56,1,IDLE,0
C3B93D0B,42992,43370.400,43370400,1001,1871,1932,90,90,FWD,9,56,1,IDLE,0
C3B93D0B,42993,43371.399,43371399,999,1870,1932,90,90,FWD,9,56,1,IDLE,0
C3B93D0B,42994,43372.400,43372400,1001,1866,1932,90,90,FWD,9,56,1,IDLE,0
C3B93D0B,42995,43373.399,43373399,999,1863,1932,90,90,FWD,9,56,1,IDLE,0
C3B93D0B,42996,43374.400,43374400,1001,1861,1932,90,90,FWD,9,56,1,IDLE,0
C3B93D0B,42997,43375.400,43375400,1000,1858,1932,90,90,FWD,25,56,1,IDLE,0
C3B93D0B,42998,43376.400,43376400,1000,1856,1932,90,90,FWD,25,56,1,IDLE,0
C3B93D0B,42999,43377.399,43377399,999,1854,1932,90,90,FWD,25,56,1,IDLE,0
C3B93D0B,43000,43378.503,43378503,1104,1849,1932,90,90,FWD,25,56,1,IDLE,0
C3B93D0B,43001,43379.608,43379608,1105,1846,1932,90,90,FWD,25,56,1,IDLE,0
C3B93D0B,43002,43380.400,43380400,792,1844,1932,90,90,FWD,25,56,1,IDLE,0
C3B93D0B,43003,43381.399,43381399,999,1841,1932,90,90,FWD,25,56,1,IDLE,0
C3B93D0B,43004,43382.400,43382400,1001,1840,1932,90,90,FWD,25,56,1,IDLE,0
C3B93D0B,43005,43383.399,43383399,999,1839,1932,90,90,FWD,25,56,1,IDLE,0
C3B93D0B,43006,43384.400,43384400,1001,1833,1932,90,90,FWD,25,56,1,IDLE,0
C3B93D0B,43007,43385.400,43385400,1000,1829,1932,90,90,FWD,25,56,1,IDLE,0
C3B93D0B,43008,43387.209,43387209,1809,1812,1932,90,90,FWD,57,56,1,IDLE,0
C3B93D0B,43009,43387.818,43387818,609,1811,1932,90,90,FWD,25,56,1,IDLE,0
C3B93D0B,43010,43388.400,43388400,582,1810,1932,90,90,FWD,25,56,1,IDLE,0
C3B93D0B,43011,43389.399,43389399,999,1808,1932,90,90,FWD,25,56,1,IDLE,0
C3B93D0B,43012,43390.400,43390400,1001,1808,1932,90,90,FWD,25,56,1,IDLE,0
C3B93D0B,43013,43391.399,43391399,999,1807,1932,90,90,FWD,25,56,1,IDLE,0
C3B93D0B,43014,43392.400,43392400,1001,1805,1932,90,90,FWD,25,56,1,IDLE,0
C3B93D0B,43015,43393.399,43393399,999,1799,1932,90,90,FWD,25,56,1,IDLE,0
C3B93D0B,43016,43394.400,43394400,1001,1799,1932,90,90,FWD,25,56,1,IDLE,0
C3B93D0B,43017,43395.400,43395400,1000,1794,1932,90,90,FWD,25,56,1,IDLE,0
C3B93D0B,43018,43396.400,43396400,1000,1792,1932,90,90,FWD,25,56,1,IDLE,0
C3B93D0B,43019,43397.399,43397399,999,1792,1932,90,90,FWD,25,56,1,IDLE,0
C3B93D0B,43020,43398.400,43398400,1001,1787,1932,90,90,FWD,25,56,1,IDLE,0
C3B93D0B,43021,43399.399,43399399,999,1788,1932,90,90,FWD,25,56,1,IDLE,0
C3B93D0B,43022,43400.400,43400400,1001,1785,1932,90,90,FWD,25,56,1,IDLE,0
C3B93D0B,43023,43401.399,43401399,999,1781,1932,90,90,FWD,25,56,1,IDLE,0
C3B93D0B,43024,43402.400,43402400,1001,1779,1932,90,90,FWD,25,56,1,IDLE,0
C3B93D0B,43025,43403.399,43403399,999,1781,1932,90,90,FWD,25,56,1,IDLE,0
C3B93D0B,43026,43404.400,43404400,1001,1778,1932,90,90,FWD,25,56,1,IDLE,0
C3B93D0B,43027,43405.400,43405400,1000,1774,1932,90,90,FWD,25,56,1,IDLE,0
C3B93D0B,43028,43406.400,43406400,1000,1772,1932,90,90,FWD,25,56,1,IDLE,0
C3B93D0B,43029,43407.399,43407399,999,1772,1932,90,90,FWD,25,56,1,IDLE,0
C3B93D0B,43030,43408.400,43408400,1001,1767,1932,90,90,FWD,25,56,1,IDLE,0
C3B93D0B,43031,43409.399,43409399,999,1766,1932,90,90,FWD,25,56,1,IDLE,0
C3B93D0B,43032,43410.400,43410400,1001,1766,1932,90,90,FWD,25,56,1,IDLE,0
C3B93D0B,43033,43411.399,43411399,999,1765,1932,90,90,FWD,25,56,1,IDLE,0
C3B93D0B,43034,43412.400,43412400,1001,1763,1932,90,90,FWD,25,56,1,IDLE,0
C3B93D0B,43035,43413.399,43413399,999,1760,1932,90,90,FWD,25,56,1,IDLE,0
C3B93D0B,43036,43414.400,43414400,1001,1759,1932,90,90,FWD,25,56,1,IDLE,0
C3B93D0B,43037,43415.400,43415400,1000,1756,1932,90,90,FWD,25,56,1,IDLE,0
C3B93D0B,43038,43416.400,43416400,1000,1755,1932,90,90,FWD,25,56,1,IDLE,0
C3B93D0B,43039,43417.399,43417399,999,1760,1932,90,90,FWD,25,56,1,IDLE,0
C3B93D0B,43040,43418.400,43418400,1001,1755,1932,90,90,FWD,25,56,1,IDLE,0
C3B93D0B,43041,43419.399,43419399,999,1754,1932,90,90,FWD,25,56,1,IDLE,0
C3B93D0B,43042,43420.400,43420400,1001,1754,1932,90,90,FWD,25,56,1,IDLE,0
C3B93D0B,43043,43421.399,43421399,999,1751,1932,90,90,FWD,25,56,1,IDLE,0
C3B93D0B,43044,43422.400,43422400,1001,1750,1932,90,90,FWD,25,56,1,IDLE,0
C3B93D0B,43045,43423.399,43423399,999,1748,1932,90,90,FWD,25,56,1,IDLE,0
C3B93D0B,43046,43424.400,43424400,1001,1749,1932,90,90,FWD,25,56,1,IDLE,0
C3B93D0B,43047,43425.400,43425400,1000,1749,1932,90,90,FWD,25,56,1,IDLE,0
C3B93D0B,43048,43426.400,43426400,1000,1747,1932,90,90,FWD,25,56,1,IDLE,0
C3B93D0B,43049,43427.399,43427399,999,1746,1932,90,90,FWD,25,56,1,IDLE,0
C3B93D0B,43050,43428.400,43428400,1001,1749,1932,90,90,FWD,25,56,1,IDLE,0
C3B93D0B,43051,43429.399,43429399,999,1749,1932,90,90,FWD,25,56,1,IDLE,0
C3B93D0B,43052,43430.400,43430400,1001,1747,1932,90,90,FWD,25,56,1,IDLE,0
C3B93D0B,43053,43431.399,43431399,999,1747,1932,90,90,FWD,25,56,1,IDLE,0
C3B93D0B,43054,43432.400,43432400,1001,1746,1932,90,90,FWD,25,56,1,IDLE,0
C3B93D0B,43055,43433.399,43433399,999,1748,1932,90,90,FWD,25,56,1,IDLE,0
C3B93D0B,43056,43434.400,43434400,1001,1747,1932,90,90,FWD,25,56,1,IDLE,0
C3B93D0B,43057,43435.400,43435400,1000,1747,1932,90,90,FWD,25,56,1,IDLE,0
C3B93D0B,43058,43436.400,43436400,1000,1747,1932,90,90,FWD,25,56,1,IDLE,0
C3B93D0B,43059,43437.399,43437399,999,1747,1932,90,90,FWD,25,56,1,IDLE,0
C3B93D0B,43060,43438.431,43438431,1032,1747,1932,90,90,FWD,25,56,1,IDLE,0
C3B93D0B,43061,43439.399,43439399,968,1749,1932,90,90,FWD,25,56,1,IDLE,0
C3B93D0B,43062,43440.400,43440400,1001,1749,1932,90,90,FWD,25,56,1,IDLE,0
C3B93D0B,43063,43441.399,43441399,999,1751,1932,90,90,FWD,25,56,1,IDLE,0
C3B93D0B,43064,43442.400,43442400,1001,1754,1932,90,90,FWD,25,56,1,IDLE,0
C3B93D0B,43065,43443.399,43443399,999,1755,1932,90,90,FWD,25,56,1,IDLE,0
C3B93D0B,43066,43444.400,43444400,1001,1753,1932,90,90,FWD,25,56,1,IDLE,0
C3B93D0B,43067,43445.400,43445400,1000,1755,1932,90,90,FWD,25,56,1,IDLE,0
C3B93D0B,43068,43446.400,43446400,1000,1755,1932,90,90,FWD,25,56,1,IDLE,0
C3B93D0B,43069,43447.399,43447399,999,1757,1932,90,90,FWD,25,56,1,IDLE,0
C3B93D0B,43070,43448.400,43448400,1001,1758,1932,90,90,FWD,25,56,1,IDLE,0
C3B93D0B,43071,43449.399,43449399,999,1760,1932,90,90,FWD,25,56,1,IDLE,0
C3B93D0B,43072,43450.400,43450400,1001,1761,1932,90,90,FWD,25,56,1,IDLE,0
C3B93D0B,43073,43451.399,43451399,999,1762,1932,90,90,FWD,25,56,1,IDLE,0
C3B93D0B,43074,43452.400,43452400,1001,1765,1932,90,90,FWD,25,56,1,IDLE,0
C3B93D0B,43075,43453.399,43453399,999,1766,1932,90,90,FWD,25,56,1,IDLE,0
C3B93D0B,43076,43454.400,43454400,1001,1769,1932,90,90,FWD,25,56,1,IDLE,0
C3B93D0B,43077,43455.400,43455400,1000,1769,1932,90,90,FWD,25,56,1,IDLE,0
C3B93D0B,43078,43456.400,43456400,1000,1773,1932,90,90,FWD,25,56,1,IDLE,0
C3B93D0B,43079,43457.399,43457399,999,1774,1932,90,90,FWD,25,56,1,IDLE,0
C3B93D0B,43080,43458.400,43458400,1001,1774,1932,90,90,FWD,25,56,1,IDLE,0
C3B93D0B,43081,43459.494,43459494,1094,1789,1932,90,90,FWD,25,56,1,IDLE,0
C3B93D0B,43082,43460.400,43460400,906,1789,1932,90,90,FWD,25,56,1,IDLE,0
C3B93D0B,43083,43461.399,43461399,999,1792,1932,90,90,FWD,25,56,1,IDLE,0
C3B93D0B,43084,43462.400,43462400,1001,1793,1932,90,90,FWD,25,56,1,IDLE,0
C3B93D0B,43085,43463.399,43463399,999,1795,1932,90,90,FWD,25,56,1,IDLE,0
C3B93D0B,43086,43464.400,43464400,1001,1798,1932,90,90,FWD,25,56,1,IDLE,0
C3B93D0B,43087,43465.400,43465400,1000,1799,1932,90,90,FWD,25,56,1,IDLE,0
C3B93D0B,43088,43466.400,43466400,1000,1803,1932,90,90,FWD,25,56,1,IDLE,0
C3B93D0B,43089,43467.399,43467399,999,1805,1932,90,90,FWD,25,56,1,IDLE,0
C3B93D0B,43090,43468.400,43468400,1001,1806,1932,90,90,FWD,25,56,1,IDLE,0
C3B93D0B,43091,43469.399,43469399,999,1808,1932,90,90,FWD,25,56,1,IDLE,0
C3B93D0B,43092,43470.400,43470400,1001,1808,1932,90,90,FWD,25,56,1,IDLE,0
C3B93D0B,43093,43471.399,43471399,999,1814,1932,90,90,FWD,25,56,1,IDLE,0
C3B93D0B,43094,43472.400,43472400,1001,1815,1932,90,90,FWD,25,56,1,IDLE,0
C3B93D0B,43095,43473.399,43473399,999,1819,1932,90,90,FWD,25,56,1,IDLE,0
C3B93D0B,43096,43474.400,43474400,1001,1822,1932,90,90,FWD,25,56,1,IDLE,0
C3B93D0B,43097,43475.400,43475400,1000,1822,1932,90,90,FWD,25,56,1,IDLE,0
C3B93D0B,43098,43476.400,43476400,1000,1827,1932,90,90,FWD,25,56,1,IDLE,0
C3B93D0B,43099,43477.399,43477399,999,1830,1932,90,90,FWD,25,56,1,IDLE,0
C3B93D0B,43100,43478.400,43478400,1001,1833,1932,90,90,FWD,25,56,1,IDLE,0
C3B93D0B,43101,43479.399,43479399,999,1838,1932,90,90,FWD,25,56,1,IDLE,0
C3B93D0B,43102,43480.400,43480400,1001,1839,1932,90,90,FWD,25,56,1,IDLE,0
C3B93D0B,43103,43481.399,43481399,999,1840,1932,90,90,FWD,25,56,1,IDLE,0
C3B93D0B,43104,43482.400,43482400,1001,1841,1932,90,90,FWD,25,56,1,IDLE,0
C3B93D0B,43105,43483.399,43483399,999,1847,1932,90,90,FWD,25,56,1,IDLE,0
C3B93D0B,43106,43484.400,43484400,1001,1847,1932,90,90,FWD,25,56,1,IDLE,0
C3B93D0B,43107,43485.400,43485400,1000,1851,1932,90,90,FWD,25,56,1,IDLE,0
C3B93D0B,43108,43487.162,43487162,1762,1847,1932,90,90,FWD,57,56,1,IDLE,0
C3B93D0B,43109,43487.484,43487484,322,1847,1932,90,90,FWD,25,56,1,IDLE,0
C3B93D0B,43110,43488.400,43488400,916,1846,1932,90,90,FWD,25,56,1,IDLE,0
C3B93D0B,43111,43489.636,43489636,1236,1853,1932,90,90,FWD,25,56,1,IDLE,0
C3B93D0B,43112,43490.400,43490400,764,1855,1932,90,90,FWD,25,56,1,IDLE,0
C3B93D0B,43113,43491.399,43491399,999,1856,1932,90,90,FWD,25,56,1,IDLE,0
C3B93D0B,43114,43492.400,43492400,1001,1859,1932,90,90,FWD,25,56,1,IDLE,0
C3B93D0B,43115,43493.399,43493399,999,1865,1932,90,90,FWD,25,56,1,IDLE,0
C3B93D0B,43116,43494.400,43494400,1001,1869,1932,90,90,FWD,25,56,1,IDLE,0
C3B93D0B,43117,43495.400,43495400,1000,1871,1932,90,90,FWD,25,56,1,IDLE,0
C3B93D0B,43118,43496.400,43496400,1000,1872,1932,90,90,FWD,25,56,1,IDLE,0
C3B93D0B,43119,43497.399,43497399,999,1873,1932,90,90,FWD,25,56,1,IDLE,0
C3B93D0B,43120,43498.400,43498400,1001,1873,1932,90,90,FWD,25,56,1,IDLE,0
C3B93D0B,43121,43499.399,43499399,999,1879,1932,90,90,FWD,25,56,1,IDLE,0
C3B93D0B,43122,43500.400,43500400,1001,1878,1932,90,90,FWD,25,56,1,IDLE,0
C3B93D0B,43123,43501.399,43501399,999,1883,1932,90,90,FWD,25,56,1,IDLE,0
C3B93D0B,43124,43502.400,43502400,1001,1882,1932,90,90,FWD,25,56,1,IDLE,0
C3B93D0B,43125,43503.399,43503399,999,1889,1932,90,90,FWD,25,56,1,IDLE,0
C3B93D0B,43126,43504.400,43504400,1001,1889,1932,90,90,FWD,25,56,1,IDLE,0
C3B93D0B,43127,43505.400,43505400,1000,1895,1932,90,90,FWD,25,56,1,IDLE,0
C3B93D0B,43128,43506.400,43506400,1000,1894,1932,90,90,FWD,25,56,1,IDLE,0
C3B93D0B,43129,43507.399,43507399,999,1898,1932,90,90,FWD,25,56,1,IDLE,0
C3B93D0B,43130,43508.400,43508400,1001,1902,1932,90,90,FWD,25,56,1,IDLE,0
C3B93D0B,43131,43509.399,43509399,999,1901,1932,90,90,FWD,25,56,1,IDLE,0
C3B93D0B,43132,43510.400,43510400,1001,1904,1932,90,90,FWD,25,56,1,IDLE,0
C3B93D0B,43133,43511.399,43511399,999,1904,1932,90,90,FWD,25,56,1,IDLE,0
C3B93D0B,43134,43512.400,43512400,1001,1905,1932,90,90,FWD,25,56,1,IDLE,0
C3B93D0B,43135,43513.399,43513399,999,1906,1932,90,90,FWD,25,56,1,IDLE,0
C3B93D0B,43136,43514.400,43514400,1001,1911,1932,90,90,FWD,25,56,1,IDLE,0
C3B93D0B,43137,43515.400,43515400,1000,1911,1932,90,90,FWD,25,56,1,IDLE,0
C3B93D0B,43138,43516.400,43516400,1000,1909,1932,90,90,FWD,25,56,1,IDLE,0
C3B93D0B,43139,43517.399,43517399,999,1915,1932,90,90,FWD,25,56,1,IDLE,0
C3B93D0B,43140,43518.400,43518400,1001,1914,1932,90,90,FWD,25,56,1,IDLE,0
C3B93D0B,43141,43519.399,43519399,999,1918,1932,90,90,FWD,25,56,1,IDLE,0
C3B93D0B,43142,43520.400,43520400,1001,1915,1932,90,90,FWD,25,56,1,IDLE,0
C3B93D0B,43143,43521.399,43521399,999,1919,1932,90,90,FWD,25,56,1,IDLE,0
C3B93D0B,43144,43522.400,43522400,1001,1919,1932,90,90,FWD,25,56,1,IDLE,0
C3B93D0B,43145,43523.399,43523399,999,1920,1932,90,90,FWD,9,56,1,IDLE,0
C3B93D0B,43146,43524.400,43524400,1001,1922,1932,90,90,FWD,9,56,1,IDLE,0
C3B93D0B,43147,43525.400,43525400,1000,1923,1932,90,90,FWD,9,56,1,IDLE,0
C3B93D0B,43148,43526.451,43526451,1051,1922,1932,90,90,FWD,9,56,1,IDLE,0
C3B93D0B,43149,43527.511,43527511,1060,1921,1932,90,90,FWD,9,56,1,IDLE,0
C3B93D0B,43150,43529.991,43529991,2480,1926,1932,90,90,FWD,41,56,1,IDLE,0
C3B93D0B,43151,43530.322,43530322,331,1930,1932,90,90,FWD,9,56,1,IDLE,0
C3B93D0B,43152,43530.559,43530559,237,1929,1932,90,90,FWD,9,56,1,IDLE,0
C3B93D0B,43153,43531.399,43531399,840,1929,1932,90,90,FWD,9,56,1,IDLE,0
C3B93D0B,43154,43532.667,43532667,1268,1927,1932,90,90,FWD,41,56,1,IDLE,0
C3B93D0B,43155,43533.399,43533399,732,1931,1932,90,90,FWD,9,56,1,IDLE,0
C3B93D0B,43156,43534.399,43534399,1000,1931,1932,90,90,FWD,9,56,1,IDLE,0
C3B93D0B,43157,43535.399,43535399,1000,1933,1932,90,90,FWD,9,56,1,IDLE,0
C3B93D0B,43158,43536.399,43536399,1000,1931,1932,90,90,FWD,9,56,1,IDLE,0
C3B93D0B,43159,43537.399,43537399,1000,1933,1932,90,90,FWD,9,56,1,IDLE,0
C3B93D0B,43160,43538.400,43538400,1001,1933,1932,90,90,FWD,9,56,1,IDLE,0
C3B93D0B,43161,43539.400,43539400,1000,1933,1932,90,90,FWD,9,56,1,IDLE,0
C3B93D0B,43162,43540.399,43540399,999,1933,1932,90,90,FWD,9,56,1,IDLE,0
C3B93D0B,43163,43541.533,43541533,1134,1933,1932,90,90,FWD,9,56,1,IDLE,0
C3B93D0B,43164,43542.399,43542399,866,1935,1932,90,90,FWD,9,56,1,IDLE,0
C3B93D0B,43165,43543.399,43543399,1000,1936,1932,90,90,FWD,9,56,1,IDLE,0
C3B93D0B,43166,43544.399,43544399,1000,1934,1932,90,90,FWD,9,56,1,IDLE,0
C3B93D0B,43167,43545.529,43545529,1130,1936,1932,90,90,FWD,9,56,1,IDLE,0
C3B93D0B,43168,43546.477,43546477,948,1936,1932,90,90,FWD,9,56,1,IDLE,0
C3B93D0B,43169,43547.399,43547399,922,1936,1932,90,90,FWD,9,56,1,IDLE,0
C3B93D0B,43170,43548.400,43548400,1001,1936,1932,90,90,FWD,9,56,1,IDLE,0
C3B93D0B,43171,43549.399,43549399,999,1936,1932,90,90,FWD,9,56,1,IDLE,0
C3B93D0B,43172,43550.399,43550399,1000,1936,1932,90,90,FWD,9,56,1,IDLE,0
C3B93D0B,43173,43551.399,43551399,1000,1936,1932,90,90,FWD,9,56,1,IDLE,0
C3B93D0B,43174,43552.399,43552399,1000,1936,1932,90,90,FWD,9,56,1,IDLE,0
C3B93D0B,43175,43553.399,43553399,1000,1936,1932,90,90,FWD,9,56,1,IDLE,0
C3B93D0B,43176,43554.399,43554399,1000,1936,1932,90,90,FWD,9,56,1,IDLE,0
C3B93D0B,43177,43555.399,43555399,1000,1936,1932,90,90,FWD,9,56,1,IDLE,0
C3B93D0B,43178,43556.399,43556399,1000,1936,1932,90,90,FWD,9,56,1,IDLE,0
C3B93D0B,43179,43557.399,43557399,1000,1936,1932,90,90,FWD,9,56,1,IDLE,0
C3B93D0B,43180,43558.407,43558407,1008,1937,1932,90,90,FWD,9,56,1,IDLE,0
C3B93D0B,43181,43559.400,43559400,993,1936,1932,90,90,FWD,9,56,1,IDLE,0
C3B93D0B,43182,43560.399,43560399,999,1936,1932,90,90,FWD,9,56,1,IDLE,0
C3B93D0B,43183,43561.400,43561400,1001,1938,1932,90,90,FWD,9,56,1,IDLE,0
C3B93D0B,43184,43562.399,43562399,999,1938,1932,90,90,FWD,9,56,1,IDLE,0
C3B93D0B,43185,43563.400,43563400,1001,1939,1932,90,90,FWD,9,56,1,IDLE,0
C3B93D0B,43186,43564.399,43564399,999,1936,1932,90,90,FWD,9,56,1,IDLE,0
C3B93D0B,43187,43565.400,43565400,1001,1937,1932,90,90,FWD,9,56,1,IDLE,0
C3B93D0B,43188,43566.399,43566399,999,1936,1932,90,90,FWD,9,56,1,IDLE,0
C3B93D0B,43189,43567.400,43567400,1001,1938,1932,90,90,FWD,9,56,1,IDLE,0
C3B93D0B,43190,43568.400,43568400,1000,1943,1932,90,90,FWD,9,56,1,IDLE,0
C3B93D0B,43191,43569.400,43569400,1000,1938,1932,90,90,FWD,9,56,1,IDLE,0
C3B93D0B,43192,43570.399,43570399,999,1937,1932,90,90,FWD,9,56,1,IDLE,0
C3B93D0B,43193,43571.400,43571400,1001,1937,1932,90,90,FWD,9,56,1,IDLE,0
C3B93D0B,43194,43572.399,43572399,999,1938,1932,90,90,FWD,9,56,1,IDLE,0
C3B93D0B,43195,43573.400,43573400,1001,1937,1932,90,90,FWD,9,56,1,IDLE,0
C3B93D0B,43196,43574.399,43574399,999,1938,1932,90,90,FWD,9,56,1,IDLE,0
C3B93D0B,43197,43575.400,43575400,1001,1936,1932,90,90,FWD,9,56,1,IDLE,0
C3B93D0B,43198,43576.399,43576399,999,1938,1932,90,90,FWD,9,56,1,IDLE,0
C3B93D0B,43199,43577.400,43577400,1001,1936,1932,90,90,FWD,9,56,1,IDLE,0
C3B93D0B,43200,43578.400,43578400,1000,1939,1932,90,90,FWD,9,57,1,IDLE,0
C3B93D0B,43201,43579.811,43579811,1411,1936,1932,90,90,FWD,41,57,1,IDLE,0
C3B93D0B,43202,43580.399,43580399,588,1939,1932,90,90,FWD,9,57,1,IDLE,0
C3B93D0B,43203,43581.400,43581400,1001,1936,1932,90,90,FWD,9,57,1,IDLE,0
C3B93D0B,43204,43582.399,43582399,999,1936,1932,90,90,FWD,9,57,1,IDLE,0
C3B93D0B,43205,43583.400,43583400,1001,1937,1932,90,90,FWD,9,57,1,IDLE,0
C3B93D0B,43206,43584.399,43584399,999,1937,1932,90,90,FWD,9,57,1,IDLE,0
C3B93D0B,43207,43585.400,43585400,1001,1939,1932,90,90,FWD,9,57,1,IDLE,0
C3B93D0B,43208,43586.399,43586399,999,1939,1932,90,90,FWD,9,57,1,IDLE,0
C3B93D0B,43209,43587.400,43587400,1001,1936,1932,90,90,FWD,9,57,1,IDLE,0
C3B93D0B,43210,43588.400,43588400,1000,1937,1932,90,90,FWD,9,57,1,IDLE,0
C3B93D0B,43211,43589.400,43589400,1000,1937,1932,90,90,FWD,9,57,1,IDLE,0
C3B93D0B,43212,43590.399,43590399,999,1937,1932,90,90,FWD,9,57,1,IDLE,0
C3B93D0B,43213,43591.400,43591400,1001,1937,1932,90,90,FWD,9,57,1,IDLE,0
C3B93D0B,43214,43592.399,43592399,999,1937,1932,90,90,FWD,9,57,1,IDLE,0
C3B93D0B,43215,43593.400,43593400,1001,1937,1932,90,90,FWD,9,57,1,IDLE,0
C3B93D0B,43216,43594.399,43594399,999,1936,1932,90,90,FWD,9,57,1,IDLE,0
C3B93D0B,43217,43595.400,43595400,1001,1937,1932,90,90,FWD,9,57,1,IDLE,0
C3B93D0B,43218,43596.399,43596399,999,1938,1932,90,90,FWD,9,57,1,IDLE,0
C3B93D0B,43219,43597.400,43597400,1001,1938,1932,90,90,FWD,9,57,1,IDLE,0
C3B93D0B,43220,43598.400,43598400,1000,1936,1932,90,90,FWD,9,57,1,IDLE,0
C3B93D0B,43221,43599.400,43599400,1000,1936,1932,90,90,FWD,9,57,1,IDLE,0
C3B93D0B,43222,43600.399,43600399,999,1938,1932,90,90,FWD,9,57,1,IDLE,0
C3B93D0B,43223,43601.400,43601400,1001,1937,1932,90,90,FWD,9,57,1,IDLE,0
C3B93D0B,43224,43602.399,43602399,999,1936,1932,90,90,FWD,9,57,1,IDLE,0
C3B93D0B,43225,43603.400,43603400,1001,1937,1932,90,90,FWD,9,57,1,IDLE,0
C3B93D0B,43226,43604.399,43604399,999,1936,1932,90,90,FWD,9,57,1,IDLE,0
C3B93D0B,43227,43605.400,43605400,1001,1936,1932,90,90,FWD,9,57,1,IDLE,0
C3B93D0B,43228,43606.399,43606399,999,1937,1932,90,90,FWD,9,57,1,IDLE,0
C3B93D0B,43229,43607.400,43607400,1001,1936,1932,90,90,FWD,9,57,1,IDLE,0
C3B93D0B,43230,43608.400,43608400,1000,1939,1932,90,90,FWD,9,57,1,IDLE,0
C3B93D0B,43231,43609.400,43609400,1000,1937,1932,90,90,FWD,9,57,1,IDLE,0
C3B93D0B,43232,43610.399,43610399,999,1936,1932,90,90,FWD,9,57,1,IDLE,0
C3B93D0B,43233,43611.400,43611400,1001,1936,1932,90,90,FWD,9,57,1,IDLE,0
C3B93D0B,43234,43612.399,43612399,999,1937,1932,90,90,FWD,9,57,1,IDLE,0
C3B93D0B,43235,43613.400,43613400,1001,1936,1932,90,90,FWD,9,57,1,IDLE,0
C3B93D0B,43236,43614.399,43614399,999,1936,1932,90,90,FWD,9,57,1,IDLE,0
C3B93D0B,43237,43615.400,43615400,1001,1936,1932,90,90,FWD,9,57,1,IDLE,0
C3B93D0B,43238,43616.399,43616399,999,1936,1932,90,90,FWD,9,57,1,IDLE,0
C3B93D0B,43239,43617.400,43617400,1001,1937,1932,90,90,FWD,9,57,1,IDLE,0
C3B93D0B,43240,43618.400,43618400,1000,1941,1932,90,90,FWD,9,57,1,IDLE,0
C3B93D0B,43241,43619.400,43619400,1000,1936,1932,90,90,FWD,9,57,1,IDLE,0
C3B93D0B,43242,43620.399,43620399,999,1936,1932,90,90,FWD,9,57,1,IDLE,0
C3B93D0B,43243,43621.400,43621400,1001,1936,1932,90,90,FWD,9,57,1,IDLE,0
C3B93D0B,43244,43622.399,43622399,999,1937,1932,90,90,FWD,9,57,1,IDLE,0
C3B93D0B,43245,43623.400,43623400,1001,1937,1932,90,90,FWD,9,57,1,IDLE,0
C3B93D0B,43246,43624.399,43624399,999,1936,1932,90,90,FWD,9,57,1,IDLE,0
C3B93D0B,43247,43625.400,43625400,1001,1936,1932,90,90,FWD,9,57,1,IDLE,0
C3B93D0B,43248,43626.399,43626399,999,1936,1932,90,90,FWD,9,57,1,IDLE,0
C3B93D0B,43249,43627.400,43627400,1001,1936,1932,90,90,FWD,9,57,1,IDLE,0
C3B93D0B,43250,43628.400,43628400,1000,1936,1932,90,90,FWD,9,57,1,IDLE,0
C3B93D0B,43251,43629.400,43629400,1000,1937,1932,90,90,FWD,9,57,1,IDLE,0
C3B93D0B,43252,43630.399,43630399,999,1936,1932,90,90,FWD,9,57,1,IDLE,0
C3B93D0B,43253,43631.403,43631403,1004,1937,1932,90,90,FWD,9,57,1,IDLE,0
C3B93D0B,43254,43632.399,43632399,996,1936,1932,90,90,FWD,9,57,1,IDLE,0
C3B93D0B,43255,43633.400,43633400,1001,1936,1932,90,90,FWD,9,57,1,IDLE,0
C3B93D0B,43256,43634.399,43634399,999,1936,1932,90,90,FWD,9,57,1,IDLE,0
C3B93D0B,43257,43635.400,43635400,1001,1937,1932,90,90,FWD,9,57,1,IDLE,0
C3B93D0B,43258,43636.399,43636399,999,1936,1932,90,90,FWD,9,57,1,IDLE,0
C3B93D0B,43259,43637.400,43637400,1001,1936,1932,90,90,FWD,9,57,1,IDLE,0
C3B93D0B,43260,43638.400,43638400,1000,1936,1932,90,90,FWD,9,57,1,IDLE,0
C3B93D0B,43261,43639.522,43639522,1122,1948,1932,90,90,FWD,9,57,1,IDLE,0
C3B93D0B,43262,43640.399,43640399,877,1947,1932,90,90,FWD,9,57,1,IDLE,0
C3B93D0B,43263,43641.400,43641400,1001,1947,1932,90,90,FWD,9,57,1,IDLE,0
C3B93D0B,43264,43642.844,43642844,1444,1936,1932,90,90,FWD,41,57,1,IDLE,0
C3B93D0B,43265,43643.399,43643399,555,1936,1932,90,90,FWD,9,57,1,IDLE,0
C3B93D0B,43266,43644.399,43644399,1000,1936,1932,90,90,FWD,9,57,1,IDLE,0
C3B93D0B,43267,43645.400,43645400,1001,1936,1932,90,90,FWD,9,57,1,IDLE,0
C3B93D0B,43268,43646.399,43646399,999,1936,1932,90,90,FWD,9,57,1,IDLE,0
C3B93D0B,43269,43648.091,43648091,1692,1947,1932,90,90,FWD,41,57,1,IDLE,0
C3B93D0B,43270,43648.417,43648417,326,1947,1932,90,90,FWD,9,57,1,IDLE,0
C3B93D0B,43271,43649.400,43649400,983,1947,1932,90,90,FWD,9,57,1,IDLE,0
C3B93D0B,43272,43650.399,43650399,999,1946,1932,90,90,FWD,9,57,1,IDLE,0
C3B93D0B,43273,43651.400,43651400,1001,1945,1932,90,90,FWD,9,57,1,IDLE,0
C3B93D0B,43274,43652.399,43652399,999,1945,1932,90,90,FWD,9,57,1,IDLE,0
C3B93D0B,43275,43653.400,43653400,1001,1945,1932,90,90,FWD,9,57,1,IDLE,0
C3B93D0B,43276,43654.399,43654399,999,1946,1932,90,90,FWD,9,57,1,IDLE,0
C3B93D0B,43277,43655.400,43655400,1001,1943,1932,90,90,FWD,9,57,1,IDLE,0
C3B93D0B,43278,43656.399,43656399,999,1945,1932,90,90,FWD,9,57,1,IDLE,0
C3B93D0B,43279,43657.400,43657400,1001,1946,1932,90,90,FWD,9,57,1,IDLE,0
C3B93D0B,43280,43658.400,43658400,1000,1942,1932,90,90,FWD,9,57,1,IDLE,0
C3B93D0B,43281,43659.400,43659400,1000,1942,1932,90,90,FWD,9,57,1,IDLE,0
C3B93D0B,43282,43660.399,43660399,999,1946,1932,90,90,FWD,9,57,1,IDLE,0
C3B93D0B,43283,43661.400,43661400,1001,1943,1932,90,90,FWD,9,57,1,IDLE,0
C3B93D0B,43284,43662.399,43662399,999,1943,1932,90,90,FWD,9,57,1,IDLE,0
C3B93D0B,43285,43663.400,43663400,1001,1945,1932,90,90,FWD,9,57,1,IDLE,0
C3B93D0B,43286,43664.399,43664399,999,1943,1932,90,90,FWD,9,57,1,IDLE,0
C3B93D0B,43287,43665.400,43665400,1001,1945,1932,90,90,FWD,9,57,1,IDLE,0
C3B93D0B,43288,43666.399,43666399,999,1943,1932,90,90,FWD,9,57,1,IDLE,0
C3B93D0B,43289,43667.400,43667400,1001,1942,1932,90,90,FWD,9,57,1,IDLE,0
C3B93D0B,43290,43668.400,43668400,1000,1943,1932,90,90,FWD,9,57,1,IDLE,0
C3B93D0B,43291,43669.400,43669400,1000,1945,1932,90,90,FWD,9,57,1,IDLE,0
C3B93D0B,43292,43670.399,43670399,999,1944,1932,90,90,FWD,9,57,1,IDLE,0
C3B93D0B,43293,43671.400,43671400,1001,1943,1932,90,90,FWD,9,57,1,IDLE,0
C3B93D0B,43294,43672.399,43672399,999,1942,1932,90,90,FWD,9,57,1,IDLE,0
C3B93D0B,43295,43673.400,43673400,1001,1943,1932,90,90,FWD,9,57,1,IDLE,0
C3B93D0B,43296,43674.399,43674399,999,1945,1932,90,90,FWD,9,57,1,IDLE,0
C3B93D0B,43297,43675.400,43675400,1001,1942,1932,90,90,FWD,9,57,1,IDLE,0
C3B93D0B,43298,43676.399,43676399,999,1943,1932,90,90,FWD,9,57,1,IDLE,0
C3B93D0B,43299,43677.400,43677400,1001,1943,1932,90,90,FWD,9,57,1,IDLE,0
C3B93D0B,43300,43678.400,43678400,1000,1942,1932,90,90,FWD,9,57,1,IDLE,0
C3B93D0B,43301,43680.165,43680165,1765,1935,1932,90,90,FWD,41,57,1,IDLE,0
C3B93D0B,43302,43680.474,43680474,309,1933,1932,90,90,FWD,9,57,1,IDLE,0
C3B93D0B,43303,43681.403,43681403,929,1935,1932,90,90,FWD,9,57,1,IDLE,0
C3B93D0B,43304,43682.399,43682399,996,1934,1932,90,90,FWD,9,57,1,IDLE,0
C3B93D0B,43305,43683.400,43683400,1001,1933,1932,90,90,FWD,9,57,1,IDLE,0
C3B93D0B,43306,43684.399,43684399,999,1936,1932,90,90,FWD,9,57,1,IDLE,0
C3B93D0B,43307,43685.400,43685400,1001,1935,1932,90,90,FWD,9,57,1,IDLE,0
C3B93D0B,43308,43686.399,43686399,999,1935,1932,90,90,FWD,9,57,1,IDLE,0
C3B93D0B,43309,43687.400,43687400,1001,1936,1932,90,90,FWD,9,57,1,IDLE,0
C3B93D0B,43310,43688.400,43688400,1000,1936,1932,90,90,FWD,9,57,1,IDLE,0
C3B93D0B,43311,43689.400,43689400,1000,1933,1932,90,90,FWD,9,57,1,IDLE,0
C3B93D0B,43312,43690.399,43690399,999,1935,1932,90,90,FWD,9,57,1,IDLE,0
C3B93D0B,43313,43691.400,43691400,1001,1934,1932,90,90,FWD,9,57,1,IDLE,0
C3B93D0B,43314,43692.399,43692399,999,1935,1932,90,90,FWD,9,57,1,IDLE,0
C3B93D0B,43315,43693.400,43693400,1001,1934,1932,90,90,FWD,9,57,1,IDLE,0
C3B93D0B,43316,43694.399,43694399,999,1936,1932,90,90,FWD,9,57,1,IDLE,0
C3B93D0B,43317,43695.400,43695400,1001,1934,1932,90,90,FWD,9,57,1,IDLE,0
C3B93D0B,43318,43696.399,43696399,999,1935,1932,90,90,FWD,9,57,1,IDLE,0
C3B93D0B,43319,43697.400,43697400,1001,1934,1932,90,90,FWD,9,57,1,IDLE,0
C3B93D0B,43320,43698.400,43698400,1000,1933,1932,90,90,FWD,9,57,1,IDLE,0
C3B93D0B,43321,43699.400,43699400,1000,1936,1932,90,90,FWD,9,57,1,IDLE,0
C3B93D0B,43322,43700.399,43700399,999,1935,1932,90,90,FWD,9,57,1,IDLE,0
C3B93D0B,43323,43701.400,43701400,1001,1934,1932,90,90,FWD,9,57,1,IDLE,0
C3B93D0B,43324,43702.399,43702399,999,1934,1932,90,90,FWD,9,57,1,IDLE,0
C3B93D0B,43325,43703.400,43703400,1001,1935,1932,90,90,FWD,9,57,1,IDLE,0
C3B93D0B,43326,43704.399,43704399,999,1936,1932,90,90,FWD,9,57,1,IDLE,0
C3B93D0B,43327,43705.400,43705400,1001,1934,1932,90,90,FWD,9,57,1,IDLE,0
C3B93D0B,43328,43706.399,43706399,999,1935,1932,90,90,FWD,9,57,1,IDLE,0
C3B93D0B,43329,43707.400,43707400,1001,1934,1932,90,90,FWD,9,57,1,IDLE,0
C3B93D0B,43330,43708.400,43708400,1000,1934,1932,90,90,FWD,9,57,1,IDLE,0
C3B93D0B,43331,43709.400,43709400,1000,1935,1932,90,90,FWD,9,57,1,IDLE,0
C3B93D0B,43332,43710.399,43710399,999,1934,1932,90,90,FWD,9,57,1,IDLE,0
C3B93D0B,43333,43711.400,43711400,1001,1936,1932,90,90,FWD,9,57,1,IDLE,0
C3B93D0B,43334,43712.399,43712399,999,1936,1932,90,90,FWD,9,57,1,IDLE,0
C3B93D0B,43335,43713.400,43713400,1001,1933,1932,90,90,FWD,9,57,1,IDLE,0
C3B93D0B,43336,43714.399,43714399,999,1933,1932,90,90,FWD,9,57,1,IDLE,0
C3B93D0B,43337,43715.400,43715400,1001,1933,1932,90,90,FWD,9,57,1,IDLE,0
C3B93D0B,43338,43716.399,43716399,999,1936,1932,90,90,FWD,9,57,1,IDLE,0
C3B93D0B,43339,43717.400,43717400,1001,1934,1932,90,90,FWD,9,57,1,IDLE,0
C3B93D0B,43340,43718.400,43718400,1000,1934,1932,90,90,FWD,9,57,1,IDLE,0
C3B93D0B,43341,43719.400,43719400,1000,1932,1932,90,90,FWD,9,57,1,IDLE,0
C3B93D0B,43342,43720.399,43720399,999,1935,1932,90,90,FWD,9,57,1,IDLE,0
C3B93D0B,43343,43721.400,43721400,1001,1933,1932,90,90,FWD,9,57,1,IDLE,0
C3B93D0B,43344,43722.399,43722399,999,1934,1932,90,90,FWD,9,57,1,IDLE,0
C3B93D0B,43345,43723.400,43723400,1001,1934,1932,90,90,FWD,9,57,1,IDLE,0
C3B93D0B,43346,43724.399,43724399,999,1936,1932,90,90,FWD,9,57,1,IDLE,0
C3B93D0B,43347,43725.400,43725400,1001,1933,1932,90,90,FWD,9,57,1,IDLE,0
C3B93D0B,43348,43726.399,43726399,999,1935,1932,90,90,FWD,9,57,1,IDLE,0
C3B93D0B,43349,43727.400,43727400,1001,1935,1932,90,90,FWD,9,57,1,IDLE,0
C3B93D0B,43350,43728.400,43728400,1000,1935,1932,90,90,FWD,9,57,1,IDLE,0
C3B93D0B,43351,43729.400,43729400,1000,1936,1932,90,90,FWD,9,57,1,IDLE,0
C3B93D0B,43352,43730.399,43730399,999,1934,1932,90,90,FWD,9,57,1,IDLE,0
C3B93D0B,43353,43731.711,43731711,1312,1935,1932,90,90,FWD,41,57,1,IDLE,0
C3B93D0B,43354,43732.488,43732488,777,1934,1932,90,90,FWD,9,57,1,IDLE,0
C3B93D0B,43355,43733.400,43733400,912,1936,1932,90,90,FWD,9,57,1,IDLE,0
C3B93D0B,43356,43734.399,43734399,999,1935,1932,90,90,FWD,9,57,1,IDLE,0
C3B93D0B,43357,43735.400,43735400,1001,1933,1932,90,90,FWD,9,57,1,IDLE,0
C3B93D0B,43358,43736.399,43736399,999,1935,1932,90,90,FWD,9,57,1,IDLE,0
C3B93D0B,43359,43737.400,43737400,1001,1942,1932,90,90,FWD,9,57,1,IDLE,0
C3B93D0B,43360,43738.400,43738400,1000,1943,1932,90,90,FWD,9,57,1,IDLE,0
C3B93D0B,43361,43739.400,43739400,1000,1943,1932,90,90,FWD,9,57,1,IDLE,0
C3B93D0B,43362,43740.399,43740399,999,1943,1932,90,90,FWD,9,57,1,IDLE,0
C3B93D0B,43363,43741.400,43741400,1001,1943,1932,90,90,FWD,9,57,1,IDLE,0
C3B93D0B,43364,43742.399,43742399,999,1942,1932,90,90,FWD,9,57,1,IDLE,0
C3B93D0B,43365,43743.400,43743400,1001,1943,1932,90,90,FWD,9,57,1,IDLE,0
C3B93D0B,43366,43744.399,43744399,999,1935,1932,90,90,FWD,9,57,1,IDLE,0
C3B93D0B,43367,43745.400,43745400,1001,1931,1932,90,90,FWD,9,57,1,IDLE,0
C3B93D0B,43368,43746.399,43746399,999,1932,1932,90,90,FWD,9,57,1,IDLE,0
C3B93D0B,43369,43747.400,43747400,1001,1933,1932,90,90,FWD,9,57,1,IDLE,0
C3B93D0B,43370,43748.400,43748400,1000,1935,1932,90,90,FWD,9,57,1,IDLE,0
C3B93D0B,43371,43749.400,43749400,1000,1933,1932,90,90,FWD,9,57,1,IDLE,0
C3B93D0B,43372,43750.492,43750492,1092,1943,1932,90,90,FWD,9,57,1,IDLE,0
C3B93D0B,43373,43751.400,43751400,908,1943,1932,90,90,FWD,9,57,1,IDLE,0
C3B93D0B,43374,43752.399,43752399,999,1943,1932,90,90,FWD,9,57,1,IDLE,0
C3B93D0B,43375,43753.400,43753400,1001,1941,1932,90,90,FWD,9,57,1,IDLE,0
C3B93D0B,43376,43754.399,43754399,999,1943,1932,90,90,FWD,9,57,1,IDLE,0
C3B93D0B,43377,43755.400,43755400,1001,1942,1932,90,90,FWD,9,57,1,IDLE,0
C3B93D0B,43378,43756.399,43756399,999,1943,1932,90,90,FWD,9,57,1,IDLE,0
C3B93D0B,43379,43757.400,43757400,1001,1941,1932,90,90,FWD,9,57,1,IDLE,0
C3B93D0B,43380,43758.400,43758400,1000,1943,1932,90,90,FWD,9,57,1,IDLE,0
C3B93D0B,43381,43759.400,43759400,1000,1941,1932,90,90,FWD,9,57,1,IDLE,0
C3B93D0B,43382,43760.399,43760399,999,1943,1932,90,90,FWD,9,57,1,IDLE,0
C3B93D0B,43383,43761.400,43761400,1001,1940,1932,90,90,FWD,9,57,1,IDLE,0
C3B93D0B,43384,43762.399,43762399,999,1941,1932,90,90,FWD,9,57,1,IDLE,0
C3B93D0B,43385,43763.400,43763400,1001,1940,1932,90,90,FWD,9,57,1,IDLE,0
C3B93D0B,43386,43764.399,43764399,999,1941,1932,90,90,FWD,9,57,1,IDLE,0
C3B93D0B,43387,43765.400,43765400,1001,1940,1932,90,90,FWD,9,57,1,IDLE,0
C3B93D0B,43388,43766.399,43766399,999,1939,1932,90,90,FWD,9,57,1,IDLE,0
C3B93D0B,43389,43767.400,43767400,1001,1941,1932,90,90,FWD,9,57,1,IDLE,0
C3B93D0B,43390,43768.400,43768400,1000,1940,1932,90,90,FWD,9,57,1,IDLE,0
C3B93D0B,43391,43769.400,43769400,1000,1941,1932,90,90,FWD,9,57,1,IDLE,0
C3B93D0B,43392,43770.399,43770399,999,1941,1932,90,90,FWD,9,57,1,IDLE,0
C3B93D0B,43393,43771.400,43771400,1001,1941,1932,90,90,FWD,9,57,1,IDLE,0
C3B93D0B,43394,43772.399,43772399,999,1939,1932,90,90,FWD,9,57,1,IDLE,0
C3B93D0B,43395,43773.400,43773400,1001,1942,1932,90,90,FWD,9,57,1,IDLE,0
C3B93D0B,43396,43774.399,43774399,999,1942,1932,90,90,FWD,9,57,1,IDLE,0
C3B93D0B,43397,43775.400,43775400,1001,1939,1932,90,90,FWD,9,57,1,IDLE,0
C3B93D0B,43398,43776.399,43776399,999,1942,1932,90,90,FWD,9,57,1,IDLE,0
C3B93D0B,43399,43777.400,43777400,1001,1939,1932,90,90,FWD,9,57,1,IDLE,0
C3B93D0B,43400,43778.400,43778400,1000,1940,1932,90,90,FWD,9,57,1,IDLE,0
C3B93D0B,43401,43780.179,43780179,1779,1931,1932,90,90,FWD,41,57,1,IDLE,0
C3B93D0B,43402,43780.489,43780489,310,1931,1932,90,90,FWD,9,57,1,IDLE,0
C3B93D0B,43403,43781.400,43781400,911,1933,1932,90,90,FWD,9,57,1,IDLE,0
C3B93D0B,43404,43782.399,43782399,999,1929,1932,90,90,FWD,9,57,1,IDLE,0
C3B93D0B,43405,43783.400,43783400,1001,1931,1932,90,90,FWD,9,57,1,IDLE,0
C3B93D0B,43406,43784.399,43784399,999,1934,1932,90,90,FWD,9,57,1,IDLE,0
C3B93D0B,43407,43785.400,43785400,1001,1931,1932,90,90,FWD,9,57,1,IDLE,0
C3B93D0B,43408,43786.399,43786399,999,1934,1932,90,90,FWD,9,57,1,IDLE,0
C3B93D0B,43409,43787.400,43787400,1001,1933,1932,90,90,FWD,9,57,1,IDLE,0
C3B93D0B,43410,43788.400,43788400,1000,1934,1932,90,90,FWD,9,57,1,IDLE,0
C3B93D0B,43411,43789.400,43789400,1000,1933,1932,90,90,FWD,9,57,1,IDLE,0
C3B93D0B,43412,43790.399,43790399,999,1933,1932,90,90,FWD,9,57,1,IDLE,0
C3B93D0B,43413,43791.616,43791616,1217,1932,1932,90,90,FWD,9,57,1,IDLE,0
C3B93D0B,43414,43792.399,43792399,783,1934,1932,90,90,FWD,9,57,1,IDLE,0
C3B93D0B,43415,43793.400,43793400,1001,1934,1932,90,90,FWD,9,57,1,IDLE,0
C3B93D0B,43416,43794.399,43794399,999,1933,1932,90,90,FWD,9,57,1,IDLE,0
C3B93D0B,43417,43795.400,43795400,1001,1932,1932,90,90,FWD,9,57,1,IDLE,0
C3B93D0B,43418,43796.399,43796399,999,1934,1932,90,90,FWD,9,57,1,IDLE,0
C3B93D0B,43419,43797.400,43797400,1001,1932,1932,90,90,FWD,9,57,1,IDLE,0
C3B93D0B,43420,43798.400,43798400,1000,1934,1932,90,90,FWD,9,57,1,IDLE,0
C3B93D0B,43421,43799.400,43799400,1000,1934,1932,90,90,FWD,9,57,1,IDLE,0
C3B93D0B,43422,43800.399,43800399,999,1934,1932,90,90,FWD,9,57,1,IDLE,0
C3B93D0B,43423,43801.400,43801400,1001,1934,1932,90,90,FWD,9,57,1,IDLE,0
C3B93D0B,43424,43802.399,43802399,999,1934,1932,90,90,FWD,9,57,1,IDLE,0
C3B93D0B,43425,43803.400,43803400,1001,1935,1932,90,90,FWD,9,57,1,IDLE,0
C3B93D0B,43426,43804.399,43804399,999,1935,1932,90,90,FWD,9,57,1,IDLE,0
C3B93D0B,43427,43805.400,43805400,1001,1930,1932,90,90,FWD,9,57,1,IDLE,0
C3B93D0B,43428,43806.399,43806399,999,1934,1932,90,90,FWD,9,57,1,IDLE,0
C3B93D0B,43429,43807.400,43807400,1001,1933,1932,90,90,FWD,9,57,1,IDLE,0
C3B93D0B,43430,43808.400,43808400,1000,1935,1932,90,90,FWD,9,57,1,IDLE,0
C3B93D0B,43431,43809.400,43809400,1000,1932,1932,90,90,FWD,9,57,1,IDLE,0
C3B93D0B,43432,43810.473,43810473,1073,1933,1932,90,90,FWD,9,57,1,IDLE,0
C3B93D0B,43433,43811.400,43811400,927,1936,1932,90,90,FWD,9,57,1,IDLE,0
C3B93D0B,43434,43812.399,43812399,999,1933,1932,90,90,FWD,9,57,1,IDLE,0
C3B93D0B,43435,43813.400,43813400,1001,1933,1932,90,90,FWD,9,57,1,IDLE,0
C3B93D0B,43436,43814.399,43814399,999,1935,1932,90,90,FWD,9,57,1,IDLE,0
C3B93D0B,43437,43815.400,43815400,1001,1931,1932,90,90,FWD,9,57,1,IDLE,0
C3B93D0B,43438,43816.399,43816399,999,1935,1932,90,90,FWD,9,57,1,IDLE,0
C3B93D0B,43439,43817.400,43817400,1001,1935,1932,90,90,FWD,9,57,1,IDLE,0
C3B93D0B,43440,43818.399,43818399,999,1934,1932,90,90,FWD,9,57,1,IDLE,0
C3B93D0B,43441,43819.401,43819401,1002,1935,1932,90,90,FWD,9,57,1,IDLE,0
C3B93D0B,43442,43820.400,43820400,999,1936,1932,90,90,FWD,9,57,1,IDLE,0
C3B93D0B,43443,43821.400,43821400,1000,1934,1932,90,90,FWD,9,57,1,IDLE,0
C3B93D0B,43444,43822.399,43822399,999,1936,1932,90,90,FWD,9,57,1,IDLE,0
C3B93D0B,43445,43823.400,43823400,1001,1932,1932,90,90,FWD,9,57,1,IDLE,0
C3B93D0B,43446,43824.399,43824399,999,1935,1932,90,90,FWD,9,57,1,IDLE,0
C3B93D0B,43447,43825.400,43825400,1001,1935,1932,90,90,FWD,9,57,1,IDLE,0
C3B93D0B,43448,43826.399,43826399,999,1934,1932,90,90,FWD,9,57,1,IDLE,0
C3B93D0B,43449,43827.400,43827400,1001,1931,1932,90,90,FWD,9,57,1,IDLE,0
C3B93D0B,43450,43828.399,43828399,999,1936,1932,90,90,FWD,9,57,1,IDLE,0
C3B93D0B,43451,43829.401,43829401,1002,1934,1932,90,90,FWD,9,57,1,IDLE,0
C3B93D0B,43452,43830.399,43830399,998,1935,1932,90,90,FWD,9,57,1,IDLE,0
C3B93D0B,43453,43831.400,43831400,1001,1934,1932,90,90,FWD,9,57,1,IDLE,0
C3B93D0B,43454,43832.399,43832399,999,1935,1932,90,90,FWD,9,57,1,IDLE,0
C3B93D0B,43455,43833.400,43833400,1001,1935,1932,90,90,FWD,9,57,1,IDLE,0
C3B93D0B,43456,43834.399,43834399,999,1934,1932,90,90,FWD,9,57,1,IDLE,0
C3B93D0B,43457,43835.400,43835400,1001,1935,1932,90,90,FWD,9,57,1,IDLE,0
C3B93D0B,43458,43836.399,43836399,999,1935,1932,90,90,FWD,9,57,1,IDLE,0
C3B93D0B,43459,43837.400,43837400,1001,1934,1932,90,90,FWD,9,57,1,IDLE,0
C3B93D0B,43460,43838.399,43838399,999,1933,1932,90,90,FWD,9,57,1,IDLE,0
C3B93D0B,43461,43839.401,43839401,1002,1936,1932,90,90,FWD,9,57,1,IDLE,0
C3B93D0B,43462,43840.399,43840399,998,1934,1932,90,90,FWD,9,57,1,IDLE,0
C3B93D0B,43463,43841.400,43841400,1001,1933,1932,90,90,FWD,9,57,1,IDLE,0
C3B93D0B,43464,43842.399,43842399,999,1934,1932,90,90,FWD,9,57,1,IDLE,0
C3B93D0B,43465,43843.400,43843400,1001,1935,1932,90,90,FWD,9,57,1,IDLE,0
C3B93D0B,43466,43844.399,43844399,999,1934,1932,90,90,FWD,9,57,1,IDLE,0
C3B93D0B,43467,43845.400,43845400,1001,1932,1932,90,90,FWD,9,57,1,IDLE,0
C3B93D0B,43468,43846.399,43846399,999,1935,1932,90,90,FWD,9,57,1,IDLE,0
C3B93D0B,43469,43847.400,43847400,1001,1933,1932,90,90,FWD,9,57,1,IDLE,0
C3B93D0B,43470,43848.399,43848399,999,1935,1932,90,90,FWD,9,57,1,IDLE,0
C3B93D0B,43471,43849.401,43849401,1002,1934,1932,90,90,FWD,9,57,1,IDLE,0
C3B93D0B,43472,43850.399,43850399,998,1935,1932,90,90,FWD,9,57,1,IDLE,0
C3B93D0B,43473,43851.400,43851400,1001,1932,1932,90,90,FWD,9,57,1,IDLE,0
C3B93D0B,43474,43852.639,43852639,1239,1934,1932,90,90,FWD,9,57,1,IDLE,0
C3B93D0B,43475,43853.400,43853400,761,1935,1932,90,90,FWD,9,57,1,IDLE,0
C3B93D0B,43476,43854.399,43854399,999,1931,1932,90,90,FWD,9,57,1,IDLE,0
C3B93D0B,43477,43855.400,43855400,1001,1934,1932,90,90,FWD,9,57,1,IDLE,0
C3B93D0B,43478,43856.399,43856399,999,1933,1932,90,90,FWD,9,57,1,IDLE,0
C3B93D0B,43479,43857.400,43857400,1001,1933,1932,90,90,FWD,9,57,1,IDLE,0
C3B93D0B,43480,43858.399,43858399,999,1934,1932,90,90,FWD,9,57,1,IDLE,0
C3B93D0B,43481,43859.401,43859401,1002,1932,1932,90,90,FWD,9,57,1,IDLE,0
C3B93D0B,43482,43860.399,43860399,998,1930,1932,90,90,FWD,9,57,1,IDLE,0
C3B93D0B,43483,43861.424,43861424,1025,1934,1932,90,90,FWD,9,57,1,IDLE,0
C3B93D0B,43484,43862.399,43862399,975,1933,1932,90,90,FWD,9,57,1,IDLE,0
C3B93D0B,43485,43863.400,43863400,1001,1935,1932,90,90,FWD,9,57,1,IDLE,0
C3B93D0B,43486,43864.399,43864399,999,1934,1932,90,90,FWD,9,57,1,IDLE,0
C3B93D0B,43487,43865.400,43865400,1001,1934,1932,90,90,FWD,9,57,1,IDLE,0
C3B93D0B,43488,43866.585,43866585,1185,1943,1932,90,90,FWD,9,57,1,IDLE,0
C3B93D0B,43489,43867.400,43867400,815,1945,1932,90,90,FWD,9,57,1,IDLE,0
C3B93D0B,43490,43868.399,43868399,999,1944,1932,90,90,FWD,9,57,1,IDLE,0
C3B93D0B,43491,43869.401,43869401,1002,1941,1932,90,90,FWD,9,57,1,IDLE,0
C3B93D0B,43492,43870.399,43870399,998,1942,1932,90,90,FWD,9,57,1,IDLE,0
C3B93D0B,43493,43871.400,43871400,1001,1942,1932,90,90,FWD,9,57,1,IDLE,0
C3B93D0B,43494,43872.399,43872399,999,1941,1932,90,90,FWD,9,57,1,IDLE,0
C3B93D0B,43495,43873.400,43873400,1001,1940,1932,90,90,FWD,9,57,1,IDLE,0
C3B93D0B,43496,43874.399,43874399,999,1941,1932,90,90,FWD,9,57,1,IDLE,0
C3B93D0B,43497,43875.400,43875400,1001,1941,1932,90,90,FWD,9,57,1,IDLE,0
C3B93D0B,43498,43876.399,43876399,999,1940,1932,90,90,FWD,9,57,1,IDLE,0
C3B93D0B,43499,43877.400,43877400,1001,1939,1932,90,90,FWD,9,57,1,IDLE,0
C3B93D0B,43500,43878.399,43878399,999,1942,1932,90,90,FWD,9,57,1,IDLE,0
C3B93D0B,43501,43879.509,43879509,1110,1939,1932,90,90,FWD,9,57,1,IDLE,0
C3B93D0B,43502,43881.194,43881194,1685,1932,1932,90,90,FWD,41,57,1,IDLE,0
C3B93D0B,43503,43881.507,43881507,313,1931,1932,90,90,FWD,9,57,1,IDLE,0
C3B93D0B,43504,43882.560,43882560,1053,1933,1932,90,90,FWD,9,57,1,IDLE,0
C3B93D0B,43505,43883.399,43883399,839,1933,1932,90,90,FWD,9,57,1,IDLE,0
C3B93D0B,43506,43884.400,43884400,1001,1930,1932,90,90,FWD,9,57,1,IDLE,0
C3B93D0B,43507,43885.399,43885399,999,1932,1932,90,90,FWD,9,57,1,IDLE,0
C3B93D0B,43508,43886.400,43886400,1001,1930,1932,90,90,FWD,9,57,1,IDLE,0
C3B93D0B,43509,43887.399,43887399,999,1933,1932,90,90,FWD,9,57,1,IDLE,0
C3B93D0B,43510,43888.400,43888400,1001,1932,1932,90,90,FWD,9,57,1,IDLE,0
C3B93D0B,43511,43889.400,43889400,1000,1931,1932,90,90,FWD,9,57,1,IDLE,0
C3B93D0B,43512,43890.400,43890400,1000,1934,1932,90,90,FWD,9,57,1,IDLE,0
C3B93D0B,43513,43891.399,43891399,999,1935,1932,90,90,FWD,9,57,1,IDLE,0
C3B93D0B,43514,43892.400,43892400,1001,1935,1932,90,90,FWD,9,57,1,IDLE,0
C3B93D0B,43515,43893.399,43893399,999,1933,1932,90,90,FWD,9,57,1,IDLE,0
C3B93D0B,43516,43894.400,43894400,1001,1931,1932,90,90,FWD,9,57,1,IDLE,0
C3B93D0B,43517,43895.399,43895399,999,1933,1932,90,90,FWD,9,57,1,IDLE,0
C3B93D0B,43518,43896.400,43896400,1001,1933,1932,90,90,FWD,9,57,1,IDLE,0
C3B93D0B,43519,43897.399,43897399,999,1931,1932,90,90,FWD,9,57,1,IDLE,0
C3B93D0B,43520,43898.400,43898400,1001,1931,1932,90,90,FWD,9,57,1,IDLE,0
C3B93D0B,43521,43899.400,43899400,1000,1932,1932,90,90,FWD,9,57,1,IDLE,0
C3B93D0B,43522,43900.400,43900400,1000,1933,1932,90,90,FWD,9,57,1,IDLE,0
C3B93D0B,43523,43901.399,43901399,999,1933,1932,90,90,FWD,9,57,1,IDLE,0
C3B93D0B,43524,43902.400,43902400,1001,1931,1932,90,90,FWD,9,57,1,IDLE,0
C3B93D0B,43525,43903.399,43903399,999,1931,1932,90,90,FWD,9,57,1,IDLE,0
C3B93D0B,43526,43904.400,43904400,1001,1935,1932,90,90,FWD,9,57,1,IDLE,0
C3B93D0B,43527,43905.399,43905399,999,1934,1932,90,90,FWD,9,57,1,IDLE,0
C3B93D0B,43528,43906.400,43906400,1001,1932,1932,90,90,FWD,9,57,1,IDLE,0
C3B93D0B,43529,43907.399,43907399,999,1933,1932,90,90,FWD,9,57,1,IDLE,0
C3B93D0B,43530,43908.400,43908400,1001,1930,1932,90,90,FWD,9,57,1,IDLE,0
C3B93D0B,43531,43909.400,43909400,1000,1934,1932,90,90,FWD,9,57,1,IDLE,0
C3B93D0B,43532,43910.400,43910400,1000,1931,1932,90,90,FWD,9,57,1,IDLE,0
C3B93D0B,43533,43911.399,43911399,999,1934,1932,90,90,FWD,9,57,1,IDLE,0
C3B93D0B,43534,43912.400,43912400,1001,1934,1932,90,90,FWD,9,57,1,IDLE,0
C3B93D0B,43535,43913.399,43913399,999,1935,1932,90,90,FWD,9,57,1,IDLE,0
C3B93D0B,43536,43914.400,43914400,1001,1931,1932,90,90,FWD,9,57,1,IDLE,0
C3B93D0B,43537,43915.399,43915399,999,1932,1932,90,90,FWD,9,57,1,IDLE,0
C3B93D0B,43538,43916.400,43916400,1001,1935,1932,90,90,FWD,9,57,1,IDLE,0
C3B93D0B,43539,43917.399,43917399,999,1933,1932,90,90,FWD,9,57,1,IDLE,0
C3B93D0B,43540,43918.400,43918400,1001,1931,1932,90,90,FWD,9,57,1,IDLE,0
C3B93D0B,43541,43919.400,43919400,1000,1933,1932,90,90,FWD,9,57,1,IDLE,0
C3B93D0B,43542,43920.400,43920400,1000,1934,1932,90,90,FWD,9,57,1,IDLE,0
C3B93D0B,43543,43921.399,43921399,999,1933,1932,90,90,FWD,9,57,1,IDLE,0
C3B93D0B,43544,43922.400,43922400,1001,1931,1932,90,90,FWD,9,57,1,IDLE,0
C3B93D0B,43545,43923.399,43923399,999,1934,1932,90,90,FWD,9,57,1,IDLE,0
C3B93D0B,43546,43924.400,43924400,1001,1931,1932,90,90,FWD,9,57,1,IDLE,0
C3B93D0B,43547,43925.399,43925399,999,1933,1932,90,90,FWD,9,57,1,IDLE,0
C3B93D0B,43548,43926.400,43926400,1001,1934,1932,90,90,FWD,9,57,1,IDLE,0
C3B93D0B,43549,43927.399,43927399,999,1935,1932,90,90,FWD,9,57,1,IDLE,0
C3B93D0B,43550,43928.400,43928400,1001,1935,1932,90,90,FWD,9,57,1,IDLE,0
C3B93D0B,43551,43929.400,43929400,1000,1933,1932,90,90,FWD,9,57,1,IDLE,0
C3B93D0B,43552,43930.400,43930400,1000,1931,1932,90,90,FWD,9,57,1,IDLE,0
C3B93D0B,43553,43931.399,43931399,999,1935,1932,90,90,FWD,9,57,1,IDLE,0
C3B93D0B,43554,43932.400,43932400,1001,1934,1932,90,90,FWD,9,57,1,IDLE,0
C3B93D0B,43555,43933.399,43933399,999,1930,1932,90,90,FWD,9,57,1,IDLE,0
C3B93D0B,43556,43934.400,43934400,1001,1933,1932,90,90,FWD,9,57,1,IDLE,0
C3B93D0B,43557,43935.399,43935399,999,1935,1932,90,90,FWD,9,57,1,IDLE,0
C3B93D0B,43558,43936.400,43936400,1001,1931,1932,90,90,FWD,9,57,1,IDLE,0
C3B93D0B,43559,43937.399,43937399,999,1933,1932,90,90,FWD,9,57,1,IDLE,0
C3B93D0B,43560,43938.509,43938509,1110,1939,1932,90,90,FWD,9,57,1,IDLE,0
C3B93D0B,43561,43939.400,43939400,891,1942,1932,90,90,FWD,9,57,1,IDLE,0
C3B93D0B,43562,43940.400,43940400,1000,1945,1932,90,90,FWD,9,57,1,IDLE,0
C3B93D0B,43563,43941.399,43941399,999,1941,1932,90,90,FWD,9,57,1,IDLE,0
C3B93D0B,43564,43942.400,43942400,1001,1939,1932,90,90,FWD,9,57,1,IDLE,0
C3B93D0B,43565,43943.399,43943399,999,1941,1932,90,90,FWD,9,57,1,IDLE,0
C3B93D0B,43566,43944.400,43944400,1001,1942,1932,90,90,FWD,9,57,1,IDLE,0
C3B93D0B,43567,43945.399,43945399,999,1941,1932,90,90,FWD,9,57,1,IDLE,0
C3B93D0B,43568,43946.400,43946400,1001,1942,1932,90,90,FWD,9,57,1,IDLE,0
C3B93D0B,43569,43947.399,43947399,999,1941,1932,90,90,FWD,9,57,1,IDLE,0
C3B93D0B,43570,43948.400,43948400,1001,1941,1932,90,90,FWD,9,57,1,IDLE,0
C3B93D0B,43571,43949.715,43949715,1315,1932,1932,90,90,FWD,41,57,1,IDLE,0
C3B93D0B,43572,43950.399,43950399,684,1931,1932,90,90,FWD,9,57,1,IDLE,0
C3B93D0B,43573,43951.400,43951400,1001,1931,1932,90,90,FWD,9,57,1,IDLE,0
C3B93D0B,43574,43952.400,43952400,1000,1929,1932,90,90,FWD,9,57,1,IDLE,0
C3B93D0B,43575,43953.399,43953399,999,1933,1932,90,90,FWD,9,57,1,IDLE,0
C3B93D0B,43576,43954.908,43954908,1509,1931,1932,90,90,FWD,41,57,1,IDLE,0
C3B93D0B,43577,43955.837,43955837,929,1930,1932,90,90,FWD,9,57,1,IDLE,0
C3B93D0B,43578,43956.400,43956400,563,1931,1932,90,90,FWD,9,57,1,IDLE,0
C3B93D0B,43579,43957.399,43957399,999,1933,1932,90,90,FWD,9,57,1,IDLE,0
C3B93D0B,43580,43958.400,43958400,1001,1933,1932,90,90,FWD,9,57,1,IDLE,0
C3B93D0B,43581,43959.399,43959399,999,1934,1932,90,90,FWD,9,57,1,IDLE,0
C3B93D0B,43582,43960.401,43960401,1002,1942,1932,90,90,FWD,9,57,1,IDLE,0
C3B93D0B,43583,43961.399,43961399,998,1942,1932,90,90,FWD,9,57,1,IDLE,0
C3B93D0B,43584,43962.400,43962400,1001,1942,1932,90,90,FWD,9,57,1,IDLE,0
C3B93D0B,43585,43963.399,43963399,999,1943,1932,90,90,FWD,9,57,1,IDLE,0
C3B93D0B,43586,43964.400,43964400,1001,1942,1932,90,90,FWD,9,57,1,IDLE,0
C3B93D0B,43587,43965.399,43965399,999,1941,1932,90,90,FWD,9,57,1,IDLE,0
C3B93D0B,43588,43966.400,43966400,1001,1942,1932,90,90,FWD,9,57,1,IDLE,0
C3B93D0B,43589,43967.399,43967399,999,1941,1932,90,90,FWD,9,57,1,IDLE,0
C3B93D0B,43590,43968.400,43968400,1001,1942,1932,90,90,FWD,9,57,1,IDLE,0
C3B93D0B,43591,43969.399,43969399,999,1941,1932,90,90,FWD,9,57,1,IDLE,0
C3B93D0B,43592,43970.401,43970401,1002,1941,1932,90,90,FWD,9,57,1,IDLE,0
C3B93D0B,43593,43971.399,43971399,998,1941,1932,90,90,FWD,9,57,1,IDLE,0
C3B93D0B,43594,43972.400,43972400,1001,1939,1932,90,90,FWD,9,57,1,IDLE,0
C3B93D0B,43595,43973.399,43973399,999,1941,1932,90,90,FWD,9,57,1,IDLE,0
C3B93D0B,43596,43974.400,43974400,1001,1939,1932,90,90,FWD,9,57,1,IDLE,0
C3B93D0B,43597,43975.399,43975399,999,1939,1932,90,90,FWD,9,57,1,IDLE,0
C3B93D0B,43598,43976.400,43976400,1001,1940,1932,90,90,FWD,9,57,1,IDLE,0
C3B93D0B,43599,43977.399,43977399,999,1940,1932,90,90,FWD,9,57,1,IDLE,0
C3B93D0B,43600,43978.400,43978400,1001,1939,1932,90,90,FWD,9,57,1,IDLE,0
C3B93D0B,43601,43979.399,43979399,999,1939,1932,90,90,FWD,9,57,1,IDLE,0
C3B93D0B,43602,43980.401,43980401,1002,1938,1932,90,90,FWD,9,57,1,IDLE,0
C3B93D0B,43603,43982.220,43982220,1819,1929,1932,90,90,FWD,41,57,1,IDLE,0
C3B93D0B,43604,43982.854,43982854,634,1929,1932,90,90,FWD,9,57,1,IDLE,0
C3B93D0B,43605,43983.400,43983400,546,1929,1932,90,90,FWD,9,57,1,IDLE,0
C3B93D0B,43606,43984.399,43984399,999,1931,1932,90,90,FWD,9,57,1,IDLE,0
C3B93D0B,43607,43985.400,43985400,1001,1931,1932,90,90,FWD,9,57,1,IDLE,0
C3B93D0B,43608,43986.399,43986399,999,1931,1932,90,90,FWD,9,57,1,IDLE,0
C3B93D0B,43609,43987.400,43987400,1001,1931,1932,90,90,FWD,9,57,1,IDLE,0
C3B93D0B,43610,43988.399,43988399,999,1933,1932,90,90,FWD,9,57,1,IDLE,0
C3B93D0B,43611,43989.400,43989400,1001,1933,1932,90,90,FWD,9,57,1,IDLE,0
C3B93D0B,43612,43990.400,43990400,1000,1931,1932,90,90,FWD,9,57,1,IDLE,0
C3B93D0B,43613,43991.400,43991400,1000,1933,1932,90,90,FWD,9,57,1,IDLE,0
C3B93D0B,43614,43992.399,43992399,999,1933,1932,90,90,FWD,9,57,1,IDLE,0
C3B93D0B,43615,43993.400,43993400,1001,1931,1932,90,90,FWD,9,57,1,IDLE,0
C3B93D0B,43616,43994.399,43994399,999,1934,1932,90,90,FWD,9,57,1,IDLE,0
C3B93D0B,43617,43995.400,43995400,1001,1930,1932,90,90,FWD,9,57,1,IDLE,0
C3B93D0B,43618,43996.399,43996399,999,1931,1932,90,90,FWD,9,57,1,IDLE,0
C3B93D0B,43619,43997.400,43997400,1001,1932,1932,90,90,FWD,9,57,1,IDLE,0
C3B93D0B,43620,43998.399,43998399,999,1934,1932,90,90,FWD,9,57,1,IDLE,0
C3B93D0B,43621,43999.400,43999400,1001,1933,1932,90,90,FWD,9,57,1,IDLE,0
C3B93D0B,43622,44000.400,44000400,1000,1933,1932,90,90,FWD,9,57,1,IDLE,0
C3B93D0B,43623,44001.400,44001400,1000,1932,1932,90,90,FWD,9,57,1,IDLE,0
C3B93D0B,43624,44002.399,44002399,999,1933,1932,90,90,FWD,9,57,1,IDLE,0
C3B93D0B,43625,44003.400,44003400,1001,1935,1932,90,90,FWD,9,57,1,IDLE,0
C3B93D0B,43626,44004.399,44004399,999,1932,1932,90,90,FWD,9,57,1,IDLE,0
C3B93D0B,43627,44005.400,44005400,1001,1932,1932,90,90,FWD,9,57,1,IDLE,0
C3B93D0B,43628,44006.399,44006399,999,1934,1932,90,90,FWD,9,57,1,IDLE,0
C3B93D0B,43629,44007.400,44007400,1001,1933,1932,90,90,FWD,9,57,1,IDLE,0
C3B93D0B,43630,44008.399,44008399,999,1933,1932,90,90,FWD,9,57,1,IDLE,0
C3B93D0B,43631,44009.400,44009400,1001,1933,1932,90,90,FWD,9,57,1,IDLE,0
C3B93D0B,43632,44010.400,44010400,1000,1935,1932,90,90,FWD,9,57,1,IDLE,0
C3B93D0B,43633,44011.400,44011400,1000,1932,1932,90,90,FWD,9,57,1,IDLE,0
C3B93D0B,43634,44012.399,44012399,999,1935,1932,90,90,FWD,9,57,1,IDLE,0
C3B93D0B,43635,44013.400,44013400,1001,1931,1932,90,90,FWD,9,57,1,IDLE,0
C3B93D0B,43636,44014.399,44014399,999,1932,1932,90,90,FWD,9,57,1,IDLE,0
C3B93D0B,43637,44015.400,44015400,1001,1935,1932,90,90,FWD,9,57,1,IDLE,0
C3B93D0B,43638,44016.399,44016399,999,1933,1932,90,90,FWD,9,57,1,IDLE,0
C3B93D0B,43639,44017.400,44017400,1001,1933,1932,90,90,FWD,9,57,1,IDLE,0
C3B93D0B,43640,44018.399,44018399,999,1933,1932,90,90,FWD,9,57,1,IDLE,0
C3B93D0B,43641,44019.400,44019400,1001,1934,1932,90,90,FWD,9,57,1,IDLE,0
C3B93D0B,43642,44020.400,44020400,1000,1934,1932,90,90,FWD,9,57,1,IDLE,0
C3B93D0B,43643,44021.400,44021400,1000,1931,1932,90,90,FWD,9,57,1,IDLE,0
C3B93D0B,43644,44022.399,44022399,999,1934,1932,90,90,FWD,9,57,1,IDLE,0
C3B93D0B,43645,44023.400,44023400,1001,1931,1932,90,90,FWD,9,57,1,IDLE,0
C3B93D0B,43646,44024.399,44024399,999,1933,1932,90,90,FWD,9,57,1,IDLE,0
C3B93D0B,43647,44025.400,44025400,1001,1934,1932,90,90,FWD,9,57,1,IDLE,0
C3B93D0B,43648,44026.399,44026399,999,1933,1932,90,90,FWD,9,57,1,IDLE,0
C3B93D0B,43649,44027.400,44027400,1001,1935,1932,90,90,FWD,9,57,1,IDLE,0
C3B93D0B,43650,44028.399,44028399,999,1934,1932,90,90,FWD,9,57,1,IDLE,0
C3B93D0B,43651,44029.400,44029400,1001,1933,1932,90,90,FWD,9,57,1,IDLE,0
C3B93D0B,43652,44030.400,44030400,1000,1930,1932,90,90,FWD,9,57,1,IDLE,0
C3B93D0B,43653,44031.400,44031400,1000,1930,1932,90,90,FWD,9,57,1,IDLE,0
C3B93D0B,43654,44032.399,44032399,999,1934,1932,90,90,FWD,9,57,1,IDLE,0
C3B93D0B,43655,44033.401,44033401,1002,1932,1932,90,90,FWD,9,57,1,IDLE,0
C3B93D0B,43656,44034.399,44034399,998,1934,1932,90,90,FWD,9,57,1,IDLE,0
C3B93D0B,43657,44035.400,44035400,1001,1932,1932,90,90,FWD,9,57,1,IDLE,0
C3B93D0B,43658,44036.399,44036399,999,1932,1932,90,90,FWD,9,57,1,IDLE,0
C3B93D0B,43659,44037.400,44037400,1001,1933,1932,90,90,FWD,9,57,1,IDLE,0
C3B93D0B,43660,44038.399,44038399,999,1933,1932,90,90,FWD,9,57,1,IDLE,0
C3B93D0B,43661,44039.400,44039400,1001,1933,1932,90,90,FWD,9,57,1,IDLE,0
C3B93D0B,43662,44040.508,44040508,1108,1940,1932,90,90,FWD,9,57,1,IDLE,0
C3B93D0B,43663,44041.577,44041577,1069,1942,1932,90,90,FWD,9,57,1,IDLE,0
C3B93D0B,43664,44042.399,44042399,822,1942,1932,90,90,FWD,9,57,1,IDLE,0
C3B93D0B,43665,44043.400,44043400,1001,1942,1932,90,90,FWD,9,57,1,IDLE,0
C3B93D0B,43666,44044.399,44044399,999,1942,1932,90,90,FWD,9,57,1,IDLE,0
C3B93D0B,43667,44045.400,44045400,1001,1940,1932,90,90,FWD,9,57,1,IDLE,0
C3B93D0B,43668,44046.399,44046399,999,1943,1932,90,90,FWD,9,57,1,IDLE,0
C3B93D0B,43669,44047.400,44047400,1001,1941,1932,90,90,FWD,9,57,1,IDLE,0
C3B93D0B,43670,44048.399,44048399,999,1940,1932,90,90,FWD,9,57,1,IDLE,0
C3B93D0B,43671,44049.400,44049400,1001,1940,1932,90,90,FWD,9,57,1,IDLE,0
C3B93D0B,43672,44050.400,44050400,1000,1941,1932,90,90,FWD,9,57,1,IDLE,0
C3B93D0B,43673,44051.400,44051400,1000,1933,1932,90,90,FWD,9,57,1,IDLE,0
C3B93D0B,43674,44052.399,44052399,999,1931,1932,90,90,FWD,9,57,1,IDLE,0
C3B93D0B,43675,44053.400,44053400,1001,1932,1932,90,90,FWD,9,57,1,IDLE,0
C3B93D0B,43676,44054.399,44054399,999,1933,1932,90,90,FWD,9,57,1,IDLE,0
C3B93D0B,43677,44055.400,44055400,1001,1933,1932,90,90,FWD,9,57,1,IDLE,0
C3B93D0B,43678,44056.399,44056399,999,1933,1932,90,90,FWD,9,57,1,IDLE,0
C3B93D0B,43679,44057.400,44057400,1001,1931,1932,90,90,FWD,9,57,1,IDLE,0
C3B93D0B,43680,44058.512,44058512,1112,1933,1932,90,90,FWD,9,57,1,IDLE,0
C3B93D0B,43681,44059.400,44059400,888,1932,1932,90,90,FWD,9,57,1,IDLE,0
C3B93D0B,43682,44060.400,44060400,1000,1933,1932,90,90,FWD,9,57,1,IDLE,0
C3B93D0B,43683,44061.402,44061402,1002,1932,1932,90,90,FWD,9,57,1,IDLE,0
C3B93D0B,43684,44062.401,44062401,999,1934,1932,90,90,FWD,9,57,1,IDLE,0
C3B93D0B,43685,44063.402,44063402,1001,1934,1932,90,90,FWD,9,57,1,IDLE,0
C3B93D0B,43686,44064.401,44064401,999,1932,1932,90,90,FWD,9,57,1,IDLE,0
C3B93D0B,43687,44065.400,44065400,999,1933,1932,90,90,FWD,9,57,1,IDLE,0
C3B93D0B,43688,44066.746,44066746,1346,1934,1932,90,90,FWD,41,57,1,IDLE,0
C3B93D0B,43689,44068.402,44068402,1656,1932,1932,90,90,FWD,41,57,1,IDLE,0
C3B93D0B,43690,44068.847,44068847,445,1931,1932,90,90,FWD,9,57,1,IDLE,0
C3B93D0B,43691,44069.400,44069400,553,1934,1932,90,90,FWD,9,57,1,IDLE,0
C3B93D0B,43692,44070.414,44070414,1014,1933,1932,90,90,FWD,9,57,1,IDLE,0
C3B93D0B,43693,44072.107,44072107,1693,1932,1932,90,90,FWD,41,57,1,IDLE,0
C3B93D0B,43694,44072.400,44072400,293,1934,1932,90,90,FWD,9,57,1,IDLE,0
C3B93D0B,43695,44073.400,44073400,1000,1933,1932,90,90,FWD,9,57,1,IDLE,0
C3B93D0B,43696,44074.400,44074400,1000,1934,1932,90,90,FWD,9,57,1,IDLE,0
C3B93D0B,43697,44075.400,44075400,1000,1933,1932,90,90,FWD,9,57,1,IDLE,0
C3B93D0B,43698,44076.399,44076399,999,1934,1932,90,90,FWD,9,57,1,IDLE,0
C3B93D0B,43699,44077.400,44077400,1001,1935,1932,90,90,FWD,9,57,1,IDLE,0
C3B93D0B,43700,44078.399,44078399,999,1934,1932,90,90,FWD,9,57,1,IDLE,0
C3B93D0B,43701,44079.400,44079400,1001,1935,1932,90,90,FWD,9,57,1,IDLE,0
C3B93D0B,43702,44080.399,44080399,999,1934,1932,90,90,FWD,9,57,1,IDLE,0
C3B93D0B,43703,44081.400,44081400,1001,1934,1932,90,90,FWD,9,57,1,IDLE,0
C3B93D0B,43704,44082.399,44082399,999,1934,1932,90,90,FWD,9,57,1,IDLE,0
C3B93D0B,43705,44083.400,44083400,1001,1932,1932,90,90,FWD,9,57,1,IDLE,0
C3B93D0B,43706,44084.400,44084400,1000,1934,1932,90,90,FWD,9,57,1,IDLE,0
C3B93D0B,43707,44085.765,44085765,1365,1933,1932,90,90,FWD,41,57,1,IDLE,0
C3B93D0B,43708,44086.399,44086399,634,1932,1932,90,90,FWD,9,57,1,IDLE,0
C3B93D0B,43709,44087.400,44087400,1001,1933,1932,90,90,FWD,9,57,1,IDLE,0
C3B93D0B,43710,44088.399,44088399,999,1931,1932,90,90,FWD,9,57,1,IDLE,0
C3B93D0B,43711,44089.400,44089400,1001,1935,1932,90,90,FWD,9,57,1,IDLE,0
C3B93D0B,43712,44090.399,44090399,999,1933,1932,90,90,FWD,9,57,1,IDLE,0
C3B93D0B,43713,44091.427,44091427,1028,1931,1932,90,90,FWD,9,57,1,IDLE,0
C3B93D0B,43714,44092.399,44092399,972,1934,1932,90,90,FWD,9,57,1,IDLE,0
C3B93D0B,43715,44093.400,44093400,1001,1931,1932,90,90,FWD,9,57,1,IDLE,0
C3B93D0B,43716,44094.400,44094400,1000,1934,1932,90,90,FWD,9,57,1,IDLE,0
C3B93D0B,43717,44095.400,44095400,1000,1933,1932,90,90,FWD,9,57,1,IDLE,0
C3B93D0B,43718,44096.399,44096399,999,1933,1932,90,90,FWD,9,57,1,IDLE,0
C3B93D0B,43719,44097.400,44097400,1001,1935,1932,90,90,FWD,9,57,1,IDLE,0
C3B93D0B,43720,44098.399,44098399,999,1933,1932,90,90,FWD,9,57,1,IDLE,0
C3B93D0B,43721,44099.400,44099400,1001,1935,1932,90,90,FWD,9,57,1,IDLE,0
C3B93D0B,43722,44100.399,44100399,999,1934,1932,90,90,FWD,9,57,1,IDLE,0
C3B93D0B,43723,44101.400,44101400,1001,1932,1932,90,90,FWD,9,57,1,IDLE,0
C3B93D0B,43724,44102.399,44102399,999,1933,1932,90,90,FWD,9,57,1,IDLE,0
C3B93D0B,43725,44103.400,44103400,1001,1934,1932,90,90,FWD,9,57,1,IDLE,0
C3B93D0B,43726,44104.400,44104400,1000,1933,1932,90,90,FWD,9,57,1,IDLE,0
C3B93D0B,43727,44105.400,44105400,1000,1930,1932,90,90,FWD,9,57,1,IDLE,0
C3B93D0B,43728,44106.399,44106399,999,1930,1932,90,90,FWD,9,57,1,IDLE,0
C3B93D0B,43729,44107.400,44107400,1001,1932,1932,90,90,FWD,9,57,1,IDLE,0
C3B93D0B,43730,44108.399,44108399,999,1933,1932,90,90,FWD,9,57,1,IDLE,0
C3B93D0B,43731,44109.400,44109400,1001,1931,1932,90,90,FWD,9,57,1,IDLE,0
C3B93D0B,43732,44110.399,44110399,999,1935,1932,90,90,FWD,9,57,1,IDLE,0
C3B93D0B,43733,44111.400,44111400,1001,1934,1932,90,90,FWD,9,57,1,IDLE,0
C3B93D0B,43734,44112.399,44112399,999,1934,1932,90,90,FWD,9,57,1,IDLE,0
C3B93D0B,43735,44113.400,44113400,1001,1934,1932,90,90,FWD,9,57,1,IDLE,0
C3B93D0B,43736,44114.400,44114400,1000,1934,1932,90,90,FWD,9,57,1,IDLE,0
C3B93D0B,43737,44115.400,44115400,1000,1934,1932,90,90,FWD,9,57,1,IDLE,0
C3B93D0B,43738,44116.399,44116399,999,1935,1932,90,90,FWD,9,57,1,IDLE,0
C3B93D0B,43739,44117.400,44117400,1001,1931,1932,90,90,FWD,9,57,1,IDLE,0
C3B93D0B,43740,44118.399,44118399,999,1934,1932,90,90,FWD,9,57,1,IDLE,0
C3B93D0B,43741,44119.400,44119400,1001,1932,1932,90,90,FWD,9,57,1,IDLE,0
C3B93D0B,43742,44120.399,44120399,999,1935,1932,90,90,FWD,9,57,1,IDLE,0
C3B93D0B,43743,44121.400,44121400,1001,1934,1932,90,90,FWD,9,57,1,IDLE,0
C3B93D0B,43744,44122.399,44122399,999,1934,1932,90,90,FWD,9,57,1,IDLE,0
C3B93D0B,43745,44123.400,44123400,1001,1933,1932,90,90,FWD,9,57,1,IDLE,0
C3B93D0B,43746,44124.400,44124400,1000,1933,1932,90,90,FWD,9,57,1,IDLE,0
C3B93D0B,43747,44125.400,44125400,1000,1933,1932,90,90,FWD,9,57,1,IDLE,0
C3B93D0B,43748,44126.399,44126399,999,1933,1932,90,90,FWD,9,57,1,IDLE,0
C3B93D0B,43749,44127.400,44127400,1001,1933,1932,90,90,FWD,9,57,1,IDLE,0
C3B93D0B,43750,44128.399,44128399,999,1932,1932,90,90,FWD,9,57,1,IDLE,0
C3B93D0B,43751,44129.400,44129400,1001,1933,1932,90,90,FWD,9,57,1,IDLE,0
C3B93D0B,43752,44130.399,44130399,999,1935,1932,90,90,FWD,9,57,1,IDLE,0
C3B93D0B,43753,44131.400,44131400,1001,1932,1932,90,90,FWD,9,57,1,IDLE,0
C3B93D0B,43754,44132.399,44132399,999,1934,1932,90,90,FWD,9,57,1,IDLE,0
C3B93D0B,43755,44133.400,44133400,1001,1931,1932,90,90,FWD,9,57,1,IDLE,0
C3B93D0B,43756,44134.400,44134400,1000,1931,1932,90,90,FWD,9,57,1,IDLE,0
C3B93D0B,43757,44135.400,44135400,1000,1933,1932,90,90,FWD,9,57,1,IDLE,0
C3B93D0B,43758,44136.399,44136399,999,1933,1932,90,90,FWD,9,57,1,IDLE,0
C3B93D0B,43759,44137.400,44137400,1001,1936,1932,90,90,FWD,9,57,1,IDLE,0
C3B93D0B,43760,44138.399,44138399,999,1933,1932,90,90,FWD,9,57,1,IDLE,0
C3B93D0B,43761,44139.400,44139400,1001,1935,1932,90,90,FWD,9,57,1,IDLE,0
C3B93D0B,43762,44140.399,44140399,999,1931,1932,90,90,FWD,9,57,1,IDLE,0
C3B93D0B,43763,44141.400,44141400,1001,1931,1932,90,90,FWD,9,57,1,IDLE,0
C3B93D0B,43764,44142.399,44142399,999,1931,1932,90,90,FWD,9,57,1,IDLE,0
C3B93D0B,43765,44143.400,44143400,1001,1932,1932,90,90,FWD,9,57,1,IDLE,0
C3B93D0B,43766,44144.400,44144400,1000,1931,1932,90,90,FWD,9,57,1,IDLE,0
C3B93D0B,43767,44145.400,44145400,1000,1933,1932,90,90,FWD,9,57,1,IDLE,0
C3B93D0B,43768,44146.399,44146399,999,1935,1932,90,90,FWD,9,57,1,IDLE,0
C3B93D0B,43769,44147.401,44147401,1002,1942,1932,90,90,FWD,9,57,1,IDLE,0
C3B93D0B,43770,44148.399,44148399,998,1943,1932,90,90,FWD,9,57,1,IDLE,0
C3B93D0B,43771,44149.400,44149400,1001,1941,1932,90,90,FWD,9,57,1,IDLE,0
C3B93D0B,43772,44150.399,44150399,999,1943,1932,90,90,FWD,9,57,1,IDLE,0
C3B93D0B,43773,44151.400,44151400,1001,1942,1932,90,90,FWD,9,57,1,IDLE,0
C3B93D0B,43774,44152.399,44152399,999,1941,1932,90,90,FWD,9,57,1,IDLE,0
C3B93D0B,43775,44153.400,44153400,1001,1941,1932,90,90,FWD,9,57,1,IDLE,0
C3B93D0B,43776,44154.513,44154513,1113,1928,1932,90,90,FWD,9,57,1,IDLE,0
C3B93D0B,43777,44155.400,44155400,887,1933,1932,90,90,FWD,9,57,1,IDLE,0
C3B93D0B,43778,44156.399,44156399,999,1933,1932,90,90,FWD,9,57,1,IDLE,0
C3B93D0B,43779,44157.400,44157400,1001,1931,1932,90,90,FWD,9,57,1,IDLE,0
C3B93D0B,43780,44158.399,44158399,999,1934,1932,90,90,FWD,9,57,1,IDLE,0
C3B93D0B,43781,44159.623,44159623,1224,1930,1932,90,90,FWD,9,57,1,IDLE,0
C3B93D0B,43782,44160.399,44160399,776,1935,1932,90,90,FWD,9,57,1,IDLE,0
C3B93D0B,43783,44161.400,44161400,1001,1934,1932,90,90,FWD,9,57,1,IDLE,0
C3B93D0B,43784,44162.426,44162426,1026,1933,1932,90,90,FWD,9,57,1,IDLE,0
C3B93D0B,43785,44163.400,44163400,974,1931,1932,90,90,FWD,9,57,1,IDLE,0
C3B93D0B,43786,44164.400,44164400,1000,1930,1932,90,90,FWD,9,57,1,IDLE,0
C3B93D0B,43787,44165.400,44165400,1000,1936,1932,90,90,FWD,9,57,1,IDLE,0
C3B93D0B,43788,44166.399,44166399,999,1931,1932,90,90,FWD,9,57,1,IDLE,0
C3B93D0B,43789,44167.497,44167497,1098,1940,1932,90,90,FWD,9,57,1,IDLE,0
C3B93D0B,43790,44168.399,44168399,902,1941,1932,90,90,FWD,9,57,1,IDLE,0
C3B93D0B,43791,44169.400,44169400,1001,1938,1932,90,90,FWD,9,57,1,IDLE,0
C3B93D0B,43792,44170.399,44170399,999,1941,1932,90,90,FWD,9,57,1,IDLE,0
C3B93D0B,43793,44171.400,44171400,1001,1939,1932,90,90,FWD,9,57,1,IDLE,0
C3B93D0B,43794,44172.399,44172399,999,1941,1932,90,90,FWD,9,57,1,IDLE,0
C3B93D0B,43795,44173.400,44173400,1001,1941,1932,90,90,FWD,9,57,1,IDLE,0
C3B93D0B,43796,44174.400,44174400,1000,1941,1932,90,90,FWD,9,57,1,IDLE,0
C3B93D0B,43797,44175.400,44175400,1000,1941,1932,90,90,FWD,9,57,1,IDLE,0
C3B93D0B,43798,44176.399,44176399,999,1942,1932,90,90,FWD,9,57,1,IDLE,0
C3B93D0B,43799,44177.400,44177400,1001,1940,1932,90,90,FWD,9,57,1,IDLE,0
C3B93D0B,43800,44178.399,44178399,999,1939,1932,90,90,FWD,9,57,1,IDLE,0
C3B93D0B,43801,44179.400,44179400,1001,1940,1932,90,90,FWD,9,57,1,IDLE,0
C3B93D0B,43802,44180.399,44180399,999,1940,1932,90,90,FWD,9,57,1,IDLE,0
C3B93D0B,43803,44181.400,44181400,1001,1939,1932,90,90,FWD,9,57,1,IDLE,0
C3B93D0B,43804,44182.399,44182399,999,1939,1932,90,90,FWD,9,57,1,IDLE,0
C3B93D0B,43805,44183.400,44183400,1001,1939,1932,90,90,FWD,9,57,1,IDLE,0
C3B93D0B,43806,44184.400,44184400,1000,1939,1932,90,90,FWD,9,57,1,IDLE,0
C3B93D0B,43807,44186.189,44186189,1789,1923,1932,90,90,FWD,41,57,1,IDLE,0
C3B93D0B,43808,44186.676,44186676,487,1931,1932,90,90,FWD,9,57,1,IDLE,0
C3B93D0B,43809,44187.400,44187400,724,1924,1932,90,90,FWD,9,57,1,IDLE,0
C3B93D0B,43810,44188.399,44188399,999,1931,1932,90,90,FWD,9,57,1,IDLE,0
C3B93D0B,43811,44189.400,44189400,1001,1931,1932,90,90,FWD,9,57,1,IDLE,0
C3B93D0B,43812,44190.399,44190399,999,1931,1932,90,90,FWD,9,57,1,IDLE,0
C3B93D0B,43813,44191.400,44191400,1001,1933,1932,90,90,FWD,9,57,1,IDLE,0
C3B93D0B,43814,44192.399,44192399,999,1933,1932,90,90,FWD,9,57,1,IDLE,0
C3B93D0B,43815,44193.400,44193400,1001,1931,1932,90,90,FWD,9,57,1,IDLE,0
C3B93D0B,43816,44194.400,44194400,1000,1934,1932,90,90,FWD,9,57,1,IDLE,0
C3B93D0B,43817,44195.400,44195400,1000,1926,1932,90,90,FWD,9,57,1,IDLE,0
C3B93D0B,43818,44196.530,44196530,1130,1930,1932,90,90,FWD,9,57,1,IDLE,0
C3B93D0B,43819,44197.400,44197400,870,1933,1932,90,90,FWD,9,57,1,IDLE,0
C3B93D0B,43820,44198.399,44198399,999,1933,1932,90,90,FWD,9,57,1,IDLE,0
C3B93D0B,43821,44199.400,44199400,1001,1935,1932,90,90,FWD,9,57,1,IDLE,0
C3B93D0B,43822,44200.399,44200399,999,1933,1932,90,90,FWD,9,57,1,IDLE,0
C3B93D0B,43823,44201.400,44201400,1001,1933,1932,90,90,FWD,9,57,1,IDLE,0
C3B93D0B,43824,44202.399,44202399,999,1934,1932,90,90,FWD,9,57,1,IDLE,0
C3B93D0B,43825,44203.400,44203400,1001,1931,1932,90,90,FWD,9,57,1,IDLE,0
C3B93D0B,43826,44204.400,44204400,1000,1932,1932,90,90,FWD,9,57,1,IDLE,0
C3B93D0B,43827,44205.400,44205400,1000,1936,1932,90,90,FWD,9,57,1,IDLE,0
C3B93D0B,43828,44206.399,44206399,999,1934,1932,90,90,FWD,9,57,1,IDLE,0
C3B93D0B,43829,44207.400,44207400,1001,1930,1932,90,90,FWD,9,57,1,IDLE,0
C3B93D0B,43830,44208.399,44208399,999,1933,1932,90,90,FWD,9,57,1,IDLE,0
C3B93D0B,43831,44209.400,44209400,1001,1932,1932,90,90,FWD,9,57,1,IDLE,0
C3B93D0B,43832,44210.399,44210399,999,1934,1932,90,90,FWD,9,57,1,IDLE,0
C3B93D0B,43833,44211.400,44211400,1001,1931,1932,90,90,FWD,9,57,1,IDLE,0
C3B93D0B,43834,44212.399,44212399,999,1933,1932,90,90,FWD,9,57,1,IDLE,0
C3B93D0B,43835,44213.400,44213400,1001,1935,1932,90,90,FWD,9,57,1,IDLE,0
C3B93D0B,43836,44214.400,44214400,1000,1933,1932,90,90,FWD,9,57,1,IDLE,0
C3B93D0B,43837,44215.400,44215400,1000,1935,1932,90,90,FWD,9,57,1,IDLE,0
C3B93D0B,43838,44216.399,44216399,999,1933,1932,90,90,FWD,9,57,1,IDLE,0
C3B93D0B,43839,44217.400,44217400,1001,1934,1932,90,90,FWD,9,57,1,IDLE,0
C3B93D0B,43840,44218.399,44218399,999,1934,1932,90,90,FWD,9,57,1,IDLE,0
C3B93D0B,43841,44219.400,44219400,1001,1934,1932,90,90,FWD,9,57,1,IDLE,0
C3B93D0B,43842,44220.399,44220399,999,1933,1932,90,90,FWD,9,57,1,IDLE,0
C3B93D0B,43843,44221.400,44221400,1001,1933,1932,90,90,FWD,9,57,1,IDLE,0
C3B93D0B,43844,44222.399,44222399,999,1932,1932,90,90,FWD,9,57,1,IDLE,0
C3B93D0B,43845,44223.400,44223400,1001,1930,1932,90,90,FWD,9,57,1,IDLE,0
C3B93D0B,43846,44224.400,44224400,1000,1934,1932,90,90,FWD,9,57,1,IDLE,0
C3B93D0B,43847,44225.400,44225400,1000,1932,1932,90,90,FWD,9,57,1,IDLE,0
C3B93D0B,43848,44226.399,44226399,999,1934,1932,90,90,FWD,9,57,1,IDLE,0
C3B93D0B,43849,44227.400,44227400,1001,1931,1932,90,90,FWD,9,57,1,IDLE,0
C3B93D0B,43850,44228.399,44228399,999,1933,1932,90,90,FWD,9,57,1,IDLE,0
C3B93D0B,43851,44229.400,44229400,1001,1933,1932,90,90,FWD,9,57,1,IDLE,0
C3B93D0B,43852,44230.399,44230399,999,1932,1932,90,90,FWD,9,57,1,IDLE,0
C3B93D0B,43853,44231.400,44231400,1001,1933,1932,90,90,FWD,9,57,1,IDLE,0
C3B93D0B,43854,44232.399,44232399,999,1933,1932,90,90,FWD,9,57,1,IDLE,0
C3B93D0B,43855,44233.400,44233400,1001,1933,1932,90,90,FWD,9,57,1,IDLE,0
C3B93D0B,43856,44234.400,44234400,1000,1931,1932,90,90,FWD,9,57,1,IDLE,0
C3B93D0B,43857,44235.400,44235400,1000,1934,1932,90,90,FWD,9,57,1,IDLE,0
C3B93D0B,43858,44236.399,44236399,999,1933,1932,90,90,FWD,9,57,1,IDLE,0
C3B93D0B,43859,44237.400,44237400,1001,1931,1932,90,90,FWD,9,57,1,IDLE,0
C3B93D0B,43860,44238.399,44238399,999,1933,1932,90,90,FWD,9,57,1,IDLE,0
C3B93D0B,43861,44239.400,44239400,1001,1932,1932,90,90,FWD,9,57,1,IDLE,0
C3B93D0B,43862,44240.399,44240399,999,1934,1932,90,90,FWD,9,57,1,IDLE,0
C3B93D0B,43863,44241.400,44241400,1001,1934,1932,90,90,FWD,9,57,1,IDLE,0
C3B93D0B,43864,44242.399,44242399,999,1933,1932,90,90,FWD,9,57,1,IDLE,0
C3B93D0B,43865,44243.400,44243400,1001,1931,1932,90,90,FWD,9,57,1,IDLE,0
C3B93D0B,43866,44244.400,44244400,1000,1932,1932,90,90,FWD,9,57,1,IDLE,0
C3B93D0B,43867,44245.400,44245400,1000,1931,1932,90,90,FWD,9,57,1,IDLE,0
C3B93D0B,43868,44246.399,44246399,999,1933,1932,90,90,FWD,9,57,1,IDLE,0
C3B93D0B,43869,44247.400,44247400,1001,1931,1932,90,90,FWD,9,57,1,IDLE,0
C3B93D0B,43870,44248.399,44248399,999,1934,1932,90,90,FWD,9,57,1,IDLE,0
C3B93D0B,43871,44249.400,44249400,1001,1934,1932,90,90,FWD,9,57,1,IDLE,0
C3B93D0B,43872,44250.399,44250399,999,1933,1932,90,90,FWD,9,57,1,IDLE,0
C3B93D0B,43873,44251.400,44251400,1001,1934,1932,90,90,FWD,9,57,1,IDLE,0
C3B93D0B,43874,44252.504,44252504,1104,1942,1932,90,90,FWD,9,57,1,IDLE,0
C3B93D0B,43875,44253.400,44253400,896,1945,1932,90,90,FWD,9,57,1,IDLE,0
C3B93D0B,43876,44254.400,44254400,1000,1940,1932,90,90,FWD,9,57,1,IDLE,0
C3B93D0B,43877,44255.400,44255400,1000,1943,1932,90,90,FWD,9,57,1,IDLE,0
C3B93D0B,43878,44256.731,44256731,1331,1933,1932,90,90,FWD,41,57,1,IDLE,0
C3B93D0B,43879,44257.399,44257399,668,1932,1932,90,90,FWD,9,57,1,IDLE,0
C3B93D0B,43880,44258.399,44258399,1000,1934,1932,90,90,FWD,9,57,1,IDLE,0
C3B93D0B,43881,44259.400,44259400,1001,1935,1932,90,90,FWD,9,57,1,IDLE,0
C3B93D0B,43882,44260.399,44260399,999,1931,1932,90,90,FWD,9,57,1,IDLE,0
C3B93D0B,43883,44262.067,44262067,1668,1942,1932,90,90,FWD,41,57,1,IDLE,0
C3B93D0B,43884,44262.399,44262399,332,1941,1932,90,90,FWD,9,57,1,IDLE,0
C3B93D0B,43885,44263.400,44263400,1001,1942,1932,90,90,FWD,9,57,1,IDLE,0
C3B93D0B,43886,44264.400,44264400,1000,1940,1932,90,90,FWD,9,57,1,IDLE,0
C3B93D0B,43887,44265.400,44265400,1000,1941,1932,90,90,FWD,9,57,1,IDLE,0
