source_session,sample_seq,t_ms,dt_ms,raw,baseline,peak_n,peak_s,pwm_actual,pwm_commanded,direction,event_active,event_polarity,estop,late,gap_before
D7651658,401948,407264,1,1799,1798,0,0,49,90,CCW,0,S,0,0,0
D7651658,401949,407265,1,1799,1798,0,0,49,90,CCW,0,S,0,0,0
D7651658,401950,407266,1,1798,1798,0,0,49,90,CCW,0,S,0,0,0
D7651658,401951,407267,1,1800,1798,0,0,49,90,CCW,0,S,0,0,0
D7651658,401952,407268,1,1797,1798,0,0,49,90,CCW,0,S,0,0,0
D7651658,401953,407269,1,1800,1798,0,0,49,90,CCW,0,S,0,0,0
D7651658,401954,407270,1,1800,1798,0,0,49,90,CCW,0,S,0,0,0
D7651658,401955,407271,1,1799,1798,0,0,49,90,CCW,0,S,0,0,0
D7651658,401956,407272,1,1798,1798,0,0,49,90,CCW,0,S,0,0,0
D7651658,401957,407273,1,1800,1798,0,0,49,90,CCW,0,S,0,0,0
D7651658,401958,407274,1,1799,1798,0,0,49,90,CCW,0,S,0,0,0
D7651658,401959,407276,2,1794,1798,0,0,49,90,CCW,0,S,0,1,1
D7651658,401960,407277,1,1801,1798,0,0,49,90,CCW,0,S,0,0,0
D7651658,401961,407278,1,1798,1798,0,0,49,90,CCW,0,S,0,0,0
D7651658,401962,407279,1,1799,1798,0,0,49,90,CCW,0,S,0,0,0
D7651658,401963,407280,1,1800,1798,0,0,49,90,CCW,0,S,0,0,0
D7651658,401964,407281,1,1798,1798,0,0,49,90,CCW,0,S,0,0,0
D7651658,401965,407282,1,1800,1798,0,0,49,90,CCW,0,S,0,0,0
D7651658,401966,407283,1,1799,1798,0,0,49,90,CCW,0,S,0,0,0
D7651658,401967,407284,1,1803,1798,0,0,49,90,CCW,0,S,0,0,0
D7651658,401968,407285,1,1799,1798,0,0,49,90,CCW,0,S,0,0,0
D7651658,401969,407286,1,1799,1798,0,0,49,90,CCW,0,S,0,0,0
D7651658,401970,407287,1,1798,1798,0,0,49,90,CCW,0,S,0,0,0
D7651658,401971,407288,1,1801,1798,0,0,49,90,CCW,0,S,0,0,0
D7651658,401972,407289,1,1800,1798,0,0,49,90,CCW,0,S,0,0,0
D7651658,401973,407290,1,1800,1798,0,0,49,90,CCW,0,S,0,0,0
D7651658,401974,407291,1,1800,1798,0,0,49,90,CCW,0,S,0,0,0
D7651658,401975,407292,1,1799,1798,0,0,49,90,CCW,0,S,0,0,0
D7651658,401976,407293,1,1799,1798,0,0,49,90,CCW,0,S,0,0,0
D7651658,401977,407294,1,1798,1798,0,0,49,90,CCW,0,S,0,0,0
D7651658,401978,407295,1,1798,1798,0,0,49,90,CCW,0,S,0,0,0
D7651658,401979,407296,1,1801,1798,0,0,49,90,CCW,0,S,0,0,0
D7651658,401980,407297,1,1798,1798,0,0,49,90,CCW,0,S,0,0,0
D7651658,401981,407298,1,1800,1798,0,0,49,90,CCW,0,S,0,0,0
D7651658,401982,407299,1,1799,1798,0,0,49,90,CCW,0,S,0,0,0
D7651658,401983,407300,1,1801,1798,0,0,49,90,CCW,0,S,0,0,0
D7651658,401984,407301,1,1801,1798,0,0,49,90,CCW,0,S,0,0,0
D7651658,401985,407302,1,1798,1798,0,0,49,90,CCW,0,S,0,0,0
D7651658,401986,407303,1,1798,1798,0,0,50,90,CCW,0,S,0,0,0
D7651658,401987,407304,1,1807,1798,0,0,50,90,CCW,0,S,0,0,0
D7651658,401988,407305,1,1801,1798,0,0,50,90,CCW,0,S,0,0,0
D7651658,401989,407306,1,1800,1798,0,0,50,90,CCW,0,S,0,0,0
D7651658,401990,407307,1,1799,1798,0,0,50,90,CCW,0,S,0,0,0
D7651658,401991,407308,1,1799,1798,0,0,50,90,CCW,0,S,0,0,0
D7651658,401992,407309,1,1796,1798,0,0,50,90,CCW,0,S,0,0,0
D7651658,401993,407310,1,1798,1798,0,0,50,90,CCW,0,S,0,0,0
D7651658,401994,407311,1,1799,1798,0,0,50,90,CCW,0,S,0,0,0
D7651658,401995,407312,1,1800,1798,0,0,50,90,CCW,0,S,0,0,0
D7651658,401996,407313,1,1800,1798,0,0,50,90,CCW,0,S,0,0,0
D7651658,401997,407314,1,1799,1798,0,0,50,90,CCW,0,S,0,0,0
D7651658,401998,407315,1,1801,1798,0,0,50,90,CCW,0,S,0,0,0
D7651658,401999,407316,1,1798,1798,0,0,50,90,CCW,0,S,0,0,0
D7651658,402000,407317,1,1799,1798,0,0,50,90,CCW,0,S,0,0,0
D7651658,402001,407318,1,1801,1798,0,0,50,90,CCW,0,S,0,0,0
D7651658,402002,407319,1,1798,1798,0,0,50,90,CCW,0,S,0,0,0
D7651658,402003,407320,1,1799,1798,0,0,50,90,CCW,0,S,0,0,0
D7651658,402004,407321,1,1798,1798,0,0,50,90,CCW,0,S,0,0,0
D7651658,402005,407322,1,1799,1798,0,0,50,90,CCW,0,S,0,0,0
D7651658,402006,407323,1,1797,1798,0,0,50,90,CCW,0,S,0,0,0
D7651658,402007,407324,1,1799,1798,0,0,50,90,CCW,0,S,0,0,0
D7651658,402008,407326,2,1799,1798,0,0,50,90,CCW,0,S,0,1,1
D7651658,402009,407327,1,1798,1798,0,0,50,90,CCW,0,S,0,0,0
D7651658,402010,407328,1,1797,1798,0,0,50,90,CCW,0,S,0,0,0
D7651658,402011,407329,1,1800,1798,0,0,50,90,CCW,0,S,0,0,0
D7651658,402012,407330,1,1794,1798,0,0,50,90,CCW,0,S,0,0,0
D7651658,402013,407331,1,1799,1798,0,0,50,90,CCW,0,S,0,0,0
D7651658,402014,407332,1,1798,1798,0,0,50,90,CCW,0,S,0,0,0
D7651658,402015,407333,1,1800,1798,0,0,50,90,CCW,0,S,0,0,0
D7651658,402016,407334,1,1801,1798,0,0,50,90,CCW,0,S,0,0,0
D7651658,402017,407335,1,1807,1798,0,0,50,90,CCW,0,S,0,0,0
D7651658,402018,407336,1,1801,1798,0,0,50,90,CCW,0,S,0,0,0
D7651658,402019,407337,1,1799,1798,0,0,50,90,CCW,0,S,0,0,0
D7651658,402020,407338,1,1802,1798,0,0,50,90,CCW,0,S,0,0,0
D7651658,402021,407339,1,1800,1798,0,0,50,90,CCW,0,S,0,0,0
D7651658,402022,407340,1,1802,1798,0,0,50,90,CCW,0,S,0,0,0
D7651658,402023,407341,1,1796,1798,0,0,50,90,CCW,0,S,0,0,0
D7651658,402024,407342,1,1796,1798,0,0,50,90,CCW,0,S,0,0,0
D7651658,402025,407343,1,1799,1798,0,0,50,90,CCW,0,S,0,0,0
D7651658,402026,407344,1,1801,1798,0,0,50,90,CCW,0,S,0,0,0
D7651658,402027,407345,1,1799,1798,0,0,50,90,CCW,0,S,0,0,0
D7651658,402028,407346,1,1798,1798,0,0,50,90,CCW,0,S,0,0,0
D7651658,402029,407347,1,1799,1798,0,0,50,90,CCW,0,S,0,0,0
D7651658,402030,407348,1,1799,1798,0,0,50,90,CCW,0,S,0,0,0
D7651658,402031,407349,1,1797,1798,0,0,50,90,CCW,0,S,0,0,0
D7651658,402032,407350,1,1798,1798,0,0,50,90,CCW,0,S,0,0,0
D7651658,402033,407351,1,1799,1798,0,0,50,90,CCW,0,S,0,0,0
D7651658,402034,407352,1,1796,1798,0,0,50,90,CCW,0,S,0,0,0
D7651658,402035,407353,1,1799,1798,0,0,50,90,CCW,0,S,0,0,0
D7651658,402036,407354,1,1798,1798,0,0,50,90,CCW,0,S,0,0,0
D7651658,402037,407355,1,1798,1798,0,0,50,90,CCW,0,S,0,0,0
D7651658,402038,407356,1,1799,1798,0,0,50,90,CCW,0,S,0,0,0
D7651658,402039,407357,1,1798,1798,0,0,50,90,CCW,0,S,0,0,0
D7651658,402040,407358,1,1799,1798,0,0,50,90,CCW,0,S,0,0,0
D7651658,402041,407359,1,1797,1798,0,0,50,90,CCW,0,S,0,0,0
D7651658,402042,407360,1,1799,1798,0,0,50,90,CCW,0,S,0,0,0
D7651658,402043,407361,1,1799,1798,0,0,50,90,CCW,0,S,0,0,0
D7651658,402044,407362,1,1798,1798,0,0,50,90,CCW,0,S,0,0,0
D7651658,402045,407363,1,1800,1798,0,0,50,90,CCW,0,S,0,0,0
D7651658,402046,407364,1,1799,1798,0,0,50,90,CCW,0,S,0,0,0
D7651658,402047,407365,1,1799,1798,0,0,50,90,CCW,0,S,0,0,0
D7651658,402048,407366,1,1799,1798,0,0,50,90,CCW,0,S,0,0,0
D7651658,402049,407367,1,1799,1798,0,0,50,90,CCW,0,S,0,0,0
D7651658,402050,407368,1,1798,1798,0,0,50,90,CCW,0,S,0,0,0
D7651658,402051,407369,1,1799,1798,0,0,50,90,CCW,0,S,0,0,0
D7651658,402052,407370,1,1797,1798,0,0,50,90,CCW,0,S,0,0,0
D7651658,402053,407371,1,1799,1798,0,0,50,90,CCW,0,S,0,0,0
D7651658,402054,407372,1,1799,1798,0,0,50,90,CCW,0,S,0,0,0
D7651658,402055,407373,1,1799,1798,0,0,50,90,CCW,0,S,0,0,0
D7651658,402056,407374,1,1791,1798,0,0,50,90,CCW,0,S,0,0,0
D7651658,402057,407375,1,1800,1798,0,0,50,90,CCW,0,S,0,0,0
D7651658,402058,407376,1,1798,1798,0,0,50,90,CCW,0,S,0,0,0
D7651658,402059,407377,1,1799,1798,0,0,50,90,CCW,0,S,0,0,0
D7651658,402060,407378,1,1802,1798,0,0,50,90,CCW,0,S,0,0,0
D7651658,402061,407379,1,1802,1798,0,0,50,90,CCW,0,S,0,0,0
D7651658,402062,407380,1,1798,1798,0,0,50,90,CCW,0,S,0,0,0
D7651658,402063,407381,1,1797,1798,0,0,50,90,CCW,0,S,0,0,0
D7651658,402064,407382,1,1796,1798,0,0,50,90,CCW,0,S,0,0,0
D7651658,402065,407383,1,1799,1798,0,0,50,90,CCW,0,S,0,0,0
D7651658,402066,407384,1,1798,1798,0,0,50,90,CCW,0,S,0,0,0
D7651658,402067,407385,1,1800,1798,0,0,50,90,CCW,0,S,0,0,0
D7651658,402068,407386,1,1798,1798,0,0,50,90,CCW,0,S,0,0,0
D7651658,402069,407387,1,1803,1798,0,0,50,90,CCW,0,S,0,0,0
D7651658,402070,407388,1,1799,1798,0,0,50,90,CCW,0,S,0,0,0
D7651658,402071,407389,1,1800,1798,0,0,50,90,CCW,0,S,0,0,0
D7651658,402072,407390,1,1799,1798,0,0,50,90,CCW,0,S,0,0,0
D7651658,402073,407391,1,1800,1798,0,0,50,90,CCW,0,S,0,0,0
D7651658,402074,407392,1,1800,1798,0,0,50,90,CCW,0,S,0,0,0
D7651658,402075,407393,1,1805,1798,0,0,50,90,CCW,0,S,0,0,0
D7651658,402076,407394,1,1800,1798,0,0,50,90,CCW,0,S,0,0,0
D7651658,402077,407395,1,1798,1798,0,0,50,90,CCW,0,S,0,0,0
D7651658,402078,407396,1,1799,1798,0,0,50,90,CCW,0,S,0,0,0
D7651658,402079,407397,1,1798,1798,0,0,50,90,CCW,0,S,0,0,0
D7651658,402080,407398,1,1797,1798,0,0,50,90,CCW,0,S,0,0,0
D7651658,402081,407399,1,1798,1798,0,0,50,90,CCW,0,S,0,0,0
D7651658,402082,407400,1,1800,1798,0,0,50,90,CCW,0,S,0,0,0
D7651658,402083,407401,1,1799,1798,0,0,50,90,CCW,0,S,0,0,0
D7651658,402084,407402,1,1799,1798,0,0,50,90,CCW,0,S,0,0,0
D7651658,402085,407403,1,1800,1798,0,0,50,90,CCW,0,S,0,0,0
D7651658,402086,407404,1,1799,1798,0,0,50,90,CCW,0,S,0,0,0
D7651658,402087,407405,1,1800,1798,0,0,50,90,CCW,0,S,0,0,0
D7651658,402088,407406,1,1799,1798,0,0,50,90,CCW,0,S,0,0,0
D7651658,402089,407407,1,1800,1798,0,0,50,90,CCW,0,S,0,0,0
D7651658,402090,407408,1,1799,1798,0,0,50,90,CCW,0,S,0,0,0
D7651658,402091,407409,1,1799,1798,0,0,50,90,CCW,0,S,0,0,0
D7651658,402092,407410,1,1798,1798,0,0,50,90,CCW,0,S,0,0,0
D7651658,402093,407411,1,1798,1798,0,0,50,90,CCW,0,S,0,0,0
D7651658,402094,407412,1,1796,1798,0,0,50,90,CCW,0,S,0,0,0
D7651658,402095,407413,1,1800,1798,0,0,50,90,CCW,0,S,0,0,0
D7651658,402096,407414,1,1799,1798,0,0,50,90,CCW,0,S,0,0,0
D7651658,402097,407415,1,1799,1798,0,0,50,90,CCW,0,S,0,0,0
D7651658,402098,407416,1,1799,1798,0,0,50,90,CCW,0,S,0,0,0
D7651658,402099,407417,1,1797,1798,0,0,50,90,CCW,0,S,0,0,0
D7651658,402100,407418,1,1799,1798,0,0,50,90,CCW,0,S,0,0,0
D7651658,402101,407419,1,1798,1798,0,0,50,90,CCW,0,S,0,0,0
D7651658,402102,407420,1,1799,1798,0,0,50,90,CCW,0,S,0,0,0
D7651658,402103,407421,1,1799,1798,0,0,50,90,CCW,0,S,0,0,0
D7651658,402104,407422,1,1798,1798,0,0,50,90,CCW,0,S,0,0,0
D7651658,402105,407423,1,1799,1798,0,0,50,90,CCW,0,S,0,0,0
D7651658,402106,407424,1,1801,1798,0,0,50,90,CCW,0,S,0,0,0
D7651658,402107,407425,1,1798,1798,0,0,50,90,CCW,0,S,0,0,0
D7651658,402108,407426,1,1798,1798,0,0,50,90,CCW,0,S,0,0,0
D7651658,402109,407427,1,1799,1798,0,0,50,90,CCW,0,S,0,0,0
D7651658,402110,407429,2,1798,1798,0,0,50,90,CCW,0,S,0,1,1
D7651658,402111,407430,1,1796,1798,0,0,50,90,CCW,0,S,0,0,0
D7651658,402112,407431,1,1798,1798,0,0,50,90,CCW,0,S,0,0,0
D7651658,402113,407432,1,1799,1798,0,0,50,90,CCW,0,S,0,0,0
D7651658,402114,407433,1,1800,1798,0,0,50,90,CCW,0,S,0,0,0
D7651658,402115,407434,1,1798,1798,0,0,50,90,CCW,0,S,0,0,0
D7651658,402116,407435,1,1799,1798,0,0,50,90,CCW,0,S,0,0,0
D7651658,402117,407436,1,1798,1798,0,0,50,90,CCW,0,S,0,0,0
D7651658,402118,407437,1,1799,1798,0,0,50,90,CCW,0,S,0,0,0
D7651658,402119,407438,1,1798,1798,0,0,50,90,CCW,0,S,0,0,0
D7651658,402120,407439,1,1801,1798,0,0,50,90,CCW,0,S,0,0,0
D7651658,402121,407440,1,1798,1798,0,0,50,90,CCW,0,S,0,0,0
D7651658,402122,407441,1,1799,1798,0,0,50,90,CCW,0,S,0,0,0
D7651658,402123,407442,1,1792,1798,0,0,50,90,CCW,0,S,0,0,0
D7651658,402124,407443,1,1796,1798,0,0,50,90,CCW,0,S,0,0,0
D7651658,402125,407444,1,1803,1798,0,0,50,90,CCW,0,S,0,0,0
D7651658,402126,407445,1,1804,1798,0,0,50,90,CCW,0,S,0,0,0
D7651658,402127,407446,1,1799,1798,0,0,50,90,CCW,0,S,0,0,0
D7651658,402128,407447,1,1799,1798,0,0,50,90,CCW,0,S,0,0,0
D7651658,402129,407448,1,1798,1798,0,0,50,90,CCW,0,S,0,0,0
D7651658,402130,407449,1,1800,1798,0,0,50,90,CCW,0,S,0,0,0
D7651658,402131,407450,1,1800,1798,0,0,50,90,CCW,0,S,0,0,0
D7651658,402132,407451,1,1798,1798,0,0,50,90,CCW,0,S,0,0,0
D7651658,402133,407452,1,1800,1798,0,0,50,90,CCW,0,S,0,0,0
D7651658,402134,407453,1,1800,1798,0,0,51,90,CCW,0,S,0,0,0
D7651658,402135,407454,1,1799,1798,0,0,51,90,CCW,0,S,0,0,0
D7651658,402136,407455,1,1803,1798,0,0,51,90,CCW,0,S,0,0,0
D7651658,402137,407456,1,1798,1798,0,0,51,90,CCW,0,S,0,0,0
D7651658,402138,407457,1,1799,1798,0,0,51,90,CCW,0,S,0,0,0
D7651658,402139,407458,1,1801,1798,0,0,51,90,CCW,0,S,0,0,0
D7651658,402140,407460,2,1799,1798,0,0,51,90,CCW,0,S,0,1,1
D7651658,402141,407461,1,1795,1798,0,0,51,90,CCW,0,S,0,0,0
D7651658,402142,407462,1,1799,1798,0,0,51,90,CCW,0,S,0,0,0
D7651658,402143,407463,1,1798,1798,0,0,51,90,CCW,0,S,0,0,0
D7651658,402144,407464,1,1798,1798,0,0,51,90,CCW,0,S,0,0,0
D7651658,402145,407465,1,1800,1798,0,0,51,90,CCW,0,S,0,0,0
D7651658,402146,407466,1,1799,1798,0,0,51,90,CCW,0,S,0,0,0
D7651658,402147,407467,1,1798,1798,0,0,51,90,CCW,0,S,0,0,0
D7651658,402148,407468,1,1800,1798,0,0,51,90,CCW,0,S,0,0,0
D7651658,402149,407469,1,1799,1798,0,0,51,90,CCW,0,S,0,0,0
D7651658,402150,407470,1,1799,1798,0,0,51,90,CCW,0,S,0,0,0
D7651658,402151,407471,1,1796,1798,0,0,51,90,CCW,0,S,0,0,0
D7651658,402152,407472,1,1801,1798,0,0,51,90,CCW,0,S,0,0,0
D7651658,402153,407473,1,1801,1798,0,0,51,90,CCW,0,S,0,0,0
D7651658,402154,407474,1,1798,1798,0,0,51,90,CCW,0,S,0,0,0
D7651658,402155,407475,1,1800,1798,0,0,51,90,CCW,0,S,0,0,0
D7651658,402156,407476,1,1800,1798,0,0,51,90,CCW,0,S,0,0,0
D7651658,402157,407477,1,1799,1798,0,0,51,90,CCW,0,S,0,0,0
D7651658,402158,407478,1,1798,1798,0,0,51,90,CCW,0,S,0,0,0
D7651658,402159,407479,1,1797,1798,0,0,51,90,CCW,0,S,0,0,0
D7651658,402160,407480,1,1800,1798,0,0,51,90,CCW,0,S,0,0,0
D7651658,402161,407481,1,1800,1798,0,0,51,90,CCW,0,S,0,0,0
D7651658,402162,407482,1,1801,1798,0,0,51,90,CCW,0,S,0,0,0
D7651658,402163,407483,1,1799,1798,0,0,51,90,CCW,0,S,0,0,0
D7651658,402164,407484,1,1798,1798,0,0,51,90,CCW,0,S,0,0,0
D7651658,402165,407485,1,1798,1798,0,0,51,90,CCW,0,S,0,0,0
D7651658,402166,407486,1,1796,1798,0,0,51,90,CCW,0,S,0,0,0
D7651658,402167,407487,1,1799,1798,0,0,51,90,CCW,0,S,0,0,0
D7651658,402168,407488,1,1798,1798,0,0,51,90,CCW,0,S,0,0,0
D7651658,402169,407489,1,1800,1798,0,0,51,90,CCW,0,S,0,0,0
D7651658,402170,407490,1,1800,1798,0,0,51,90,CCW,0,S,0,0,0
D7651658,402171,407491,1,1800,1798,0,0,51,90,CCW,0,S,0,0,0
D7651658,402172,407492,1,1801,1798,0,0,51,90,CCW,0,S,0,0,0
D7651658,402173,407493,1,1798,1798,0,0,51,90,CCW,0,S,0,0,0
D7651658,402174,407494,1,1800,1798,0,0,51,90,CCW,0,S,0,0,0
D7651658,402175,407495,1,1800,1798,0,0,51,90,CCW,0,S,0,0,0
D7651658,402176,407496,1,1799,1798,0,0,51,90,CCW,0,S,0,0,0
D7651658,402177,407497,1,1798,1798,0,0,51,90,CCW,0,S,0,0,0
D7651658,402178,407498,1,1796,1798,0,0,51,90,CCW,0,S,0,0,0
D7651658,402179,407499,1,1798,1798,0,0,51,90,CCW,0,S,0,0,0
D7651658,402180,407500,1,1801,1798,0,0,51,90,CCW,0,S,0,0,0
D7651658,402181,407501,1,1800,1798,0,0,51,90,CCW,0,S,0,0,0
D7651658,402182,407502,1,1799,1798,0,0,51,90,CCW,0,S,0,0,0
D7651658,402183,407503,1,1799,1798,0,0,51,90,CCW,0,S,0,0,0
D7651658,402184,407504,1,1799,1798,0,0,51,90,CCW,0,S,0,0,0
D7651658,402185,407505,1,1800,1798,0,0,51,90,CCW,0,S,0,0,0
D7651658,402186,407506,1,1800,1798,0,0,51,90,CCW,0,S,0,0,0
D7651658,402187,407507,1,1799,1798,0,0,51,90,CCW,0,S,0,0,0
D7651658,402188,407508,1,1799,1798,0,0,51,90,CCW,0,S,0,0,0
D7651658,402189,407509,1,1800,1798,0,0,51,90,CCW,0,S,0,0,0
D7651658,402190,407510,1,1800,1798,0,0,51,90,CCW,0,S,0,0,0
D7651658,402191,407511,1,1807,1798,0,0,51,90,CCW,0,S,0,0,0
D7651658,402192,407512,1,1798,1798,0,0,51,90,CCW,0,S,0,0,0
D7651658,402193,407513,1,1800,1798,0,0,51,90,CCW,0,S,0,0,0
D7651658,402194,407514,1,1791,1798,0,0,51,90,CCW,0,S,0,0,0
D7651658,402195,407515,1,1802,1798,0,0,51,90,CCW,0,S,0,0,0
D7651658,402196,407516,1,1798,1798,0,0,51,90,CCW,0,S,0,0,0
D7651658,402197,407517,1,1797,1798,0,0,51,90,CCW,0,S,0,0,0
D7651658,402198,407518,1,1799,1798,0,0,51,90,CCW,0,S,0,0,0
D7651658,402199,407519,1,1799,1798,0,0,51,90,CCW,0,S,0,0,0
D7651658,402200,407520,1,1799,1798,0,0,51,90,CCW,0,S,0,0,0
D7651658,402201,407521,1,1796,1798,0,0,51,90,CCW,0,S,0,0,0
D7651658,402202,407522,1,1794,1798,0,0,51,90,CCW,0,S,0,0,0
D7651658,402203,407523,1,1799,1798,0,0,51,90,CCW,0,S,0,0,0
D7651658,402204,407524,1,1800,1798,0,0,51,90,CCW,0,S,0,0,0
D7651658,402205,407525,1,1799,1798,0,0,51,90,CCW,0,S,0,0,0
D7651658,402206,407526,1,1798,1798,0,0,51,90,CCW,0,S,0,0,0
D7651658,402207,407527,1,1797,1798,0,0,51,90,CCW,0,S,0,0,0
D7651658,402208,407528,1,1801,1798,0,0,51,90,CCW,0,S,0,0,0
D7651658,402209,407529,1,1799,1798,0,0,51,90,CCW,0,S,0,0,0
D7651658,402210,407530,1,1798,1798,0,0,51,90,CCW,0,S,0,0,0
D7651658,402211,407531,1,1797,1798,0,0,51,90,CCW,0,S,0,0,0
D7651658,402212,407532,1,1799,1798,0,0,51,90,CCW,0,S,0,0,0
D7651658,402213,407533,1,1797,1798,0,0,51,90,CCW,0,S,0,0,0
D7651658,402214,407534,1,1797,1798,0,0,51,90,CCW,0,S,0,0,0
D7651658,402215,407535,1,1798,1798,0,0,51,90,CCW,0,S,0,0,0
D7651658,402216,407536,1,1800,1798,0,0,51,90,CCW,0,S,0,0,0
D7651658,402217,407537,1,1799,1798,0,0,51,90,CCW,0,S,0,0,0
D7651658,402218,407538,1,1799,1798,0,0,51,90,CCW,0,S,0,0,0
D7651658,402219,407539,1,1801,1798,0,0,51,90,CCW,0,S,0,0,0
D7651658,402220,407540,1,1800,1798,0,0,51,90,CCW,0,S,0,0,0
D7651658,402221,407541,1,1799,1798,0,0,51,90,CCW,0,S,0,0,0
D7651658,402222,407542,1,1797,1798,0,0,51,90,CCW,0,S,0,0,0
D7651658,402223,407543,1,1799,1798,0,0,51,90,CCW,0,S,0,0,0
D7651658,402224,407544,1,1815,1798,0,0,51,90,CCW,0,S,0,0,0
D7651658,402225,407545,1,1798,1798,0,0,51,90,CCW,0,S,0,0,0
D7651658,402226,407546,1,1795,1798,0,0,51,90,CCW,0,S,0,0,0
D7651658,402227,407547,1,1807,1798,0,0,51,90,CCW,0,S,0,0,0
D7651658,402228,407548,1,1799,1798,0,0,51,90,CCW,0,S,0,0,0
D7651658,402229,407549,1,1798,1798,0,0,51,90,CCW,0,S,0,0,0
D7651658,402230,407550,1,1799,1798,0,0,51,90,CCW,0,S,0,0,0
D7651658,402231,407551,1,1800,1798,0,0,51,90,CCW,0,S,0,0,0
D7651658,402232,407552,1,1799,1798,0,0,51,90,CCW,0,S,0,0,0
D7651658,402233,407553,1,1798,1798,0,0,51,90,CCW,0,S,0,0,0
D7651658,402234,407554,1,1797,1798,0,0,51,90,CCW,0,S,0,0,0
D7651658,402235,407555,1,1800,1798,0,0,51,90,CCW,0,S,0,0,0
D7651658,402236,407556,1,1798,1798,0,0,51,90,CCW,0,S,0,0,0
D7651658,402237,407557,1,1796,1798,0,0,51,90,CCW,0,S,0,0,0
D7651658,402238,407558,1,1798,1798,0,0,51,90,CCW,0,S,0,0,0
D7651658,402239,407559,1,1799,1798,0,0,51,90,CCW,0,S,0,0,0
D7651658,402240,407560,1,1800,1798,0,0,51,90,CCW,0,S,0,0,0
D7651658,402241,407561,1,1789,1798,0,0,51,90,CCW,0,S,0,0,0
D7651658,402242,407562,1,1799,1798,0,0,51,90,CCW,0,S,0,0,0
D7651658,402243,407563,1,1798,1798,0,0,51,90,CCW,0,S,0,0,0
D7651658,402244,407564,1,1802,1798,0,0,51,90,CCW,0,S,0,0,0
D7651658,402245,407565,1,1803,1798,0,0,51,90,CCW,0,S,0,0,0
D7651658,402246,407566,1,1798,1798,0,0,51,90,CCW,0,S,0,0,0
D7651658,402247,407567,1,1799,1798,0,0,51,90,CCW,0,S,0,0,0
D7651658,402248,407568,1,1801,1798,0,0,51,90,CCW,0,S,0,0,0
D7651658,402249,407569,1,1798,1798,0,0,51,90,CCW,0,S,0,0,0
D7651658,402250,407570,1,1797,1798,0,0,51,90,CCW,0,S,0,0,0
D7651658,402251,407571,1,1799,1798,0,0,51,90,CCW,0,S,0,0,0
D7651658,402252,407572,1,1798,1798,0,0,51,90,CCW,0,S,0,0,0
D7651658,402253,407573,1,1796,1798,0,0,51,90,CCW,0,S,0,0,0
D7651658,402254,407574,1,1797,1798,0,0,51,90,CCW,0,S,0,0,0
D7651658,402255,407575,1,1800,1798,0,0,51,90,CCW,0,S,0,0,0
D7651658,402256,407576,1,1797,1798,0,0,51,90,CCW,0,S,0,0,0
D7651658,402257,407577,1,1797,1798,0,0,51,90,CCW,0,S,0,0,0
D7651658,402258,407578,1,1799,1798,0,0,51,90,CCW,0,S,0,0,0
D7651658,402259,407579,1,1798,1798,0,0,51,90,CCW,0,S,0,0,0
D7651658,402260,407580,1,1800,1798,0,0,51,90,CCW,0,S,0,0,0
D7651658,402261,407581,1,1801,1798,0,0,51,90,CCW,0,S,0,0,0
D7651658,402262,407582,1,1799,1798,0,0,51,90,CCW,0,S,0,0,0
D7651658,402263,407583,1,1800,1798,0,0,51,90,CCW,0,S,0,0,0
D7651658,402264,407584,1,1797,1798,0,0,51,90,CCW,0,S,0,0,0
D7651658,402265,407585,1,1802,1798,0,0,51,90,CCW,0,S,0,0,0
D7651658,402266,407586,1,1799,1798,0,0,51,90,CCW,0,S,0,0,0
D7651658,402267,407587,1,1795,1798,0,0,51,90,CCW,0,S,0,0,0
D7651658,402268,407588,1,1799,1798,0,0,51,90,CCW,0,S,0,0,0
D7651658,402269,407589,1,1799,1798,0,0,51,90,CCW,0,S,0,0,0
D7651658,402270,407590,1,1800,1798,0,0,51,90,CCW,0,S,0,0,0
D7651658,402271,407591,1,1798,1798,0,0,51,90,CCW,0,S,0,0,0
D7651658,402272,407592,1,1791,1798,0,0,51,90,CCW,0,S,0,0,0
D7651658,402273,407593,1,1799,1798,0,0,51,90,CCW,0,S,0,0,0
D7651658,402274,407594,1,1800,1798,0,0,51,90,CCW,0,S,0,0,0
D7651658,402275,407595,1,1797,1798,0,0,51,90,CCW,0,S,0,0,0
D7651658,402276,407596,1,1800,1798,0,0,51,90,CCW,0,S,0,0,0
D7651658,402277,407597,1,1799,1798,0,0,51,90,CCW,0,S,0,0,0
D7651658,402278,407598,1,1799,1798,0,0,51,90,CCW,0,S,0,0,0
D7651658,402279,407599,1,1799,1798,0,0,51,90,CCW,0,S,0,0,0
D7651658,402280,407600,1,1797,1798,0,0,51,90,CCW,0,S,0,0,0
D7651658,402281,407601,1,1799,1798,0,0,51,90,CCW,0,S,0,0,0
D7651658,402282,407602,1,1790,1798,0,0,51,90,CCW,0,S,0,0,0
D7651658,402283,407603,1,1797,1798,0,0,52,90,CCW,0,S,0,0,0
D7651658,402284,407604,1,1799,1798,0,0,52,90,CCW,0,S,0,0,0
D7651658,402285,407605,1,1799,1798,0,0,52,90,CCW,0,S,0,0,0
D7651658,402286,407606,1,1797,1798,0,0,52,90,CCW,0,S,0,0,0
D7651658,402287,407607,1,1799,1798,0,0,52,90,CCW,0,S,0,0,0
D7651658,402288,407608,1,1796,1798,0,0,52,90,CCW,0,S,0,0,0
D7651658,402289,407609,1,1799,1798,0,0,52,90,CCW,0,S,0,0,0
D7651658,402290,407610,1,1799,1798,0,0,52,90,CCW,0,S,0,0,0
D7651658,402291,407611,1,1799,1798,0,0,52,90,CCW,0,S,0,0,0
D7651658,402292,407612,1,1798,1798,0,0,52,90,CCW,0,S,0,0,0
D7651658,402293,407613,1,1799,1798,0,0,52,90,CCW,0,S,0,0,0
D7651658,402294,407614,1,1799,1798,0,0,52,90,CCW,0,S,0,0,0
D7651658,402295,407615,1,1797,1798,0,0,52,90,CCW,0,S,0,0,0
D7651658,402296,407616,1,1799,1798,0,0,52,90,CCW,0,S,0,0,0
D7651658,402297,407617,1,1798,1798,0,0,52,90,CCW,0,S,0,0,0
D7651658,402298,407618,1,1798,1798,0,0,52,90,CCW,0,S,0,0,0
D7651658,402299,407619,1,1799,1798,0,0,52,90,CCW,0,S,0,0,0
D7651658,402300,407620,1,1796,1798,0,0,52,90,CCW,0,S,0,0,0
D7651658,402301,407621,1,1797,1798,0,0,52,90,CCW,0,S,0,0,0
D7651658,402302,407622,1,1796,1798,0,0,52,90,CCW,0,S,0,0,0
D7651658,402303,407623,1,1795,1798,0,0,52,90,CCW,0,S,0,0,0
D7651658,402304,407624,1,1797,1798,0,0,52,90,CCW,0,S,0,0,0
D7651658,402305,407625,1,1797,1798,0,0,52,90,CCW,0,S,0,0,0
D7651658,402306,407626,1,1800,1798,0,0,52,90,CCW,0,S,0,0,0
D7651658,402307,407627,1,1798,1798,0,0,52,90,CCW,0,S,0,0,0
D7651658,402308,407628,1,1798,1798,0,0,52,90,CCW,0,S,0,0,0
D7651658,402309,407629,1,1793,1798,0,0,52,90,CCW,0,S,0,0,0
D7651658,402310,407630,1,1795,1798,0,0,52,90,CCW,0,S,0,0,0
D7651658,402311,407631,1,1799,1798,0,0,52,90,CCW,0,S,0,0,0
D7651658,402312,407632,1,1799,1798,0,0,52,90,CCW,0,S,0,0,0
D7651658,402313,407633,1,1796,1798,0,0,52,90,CCW,0,S,0,0,0
D7651658,402314,407634,1,1796,1798,0,0,52,90,CCW,0,S,0,0,0
D7651658,402315,407635,1,1798,1798,0,0,52,90,CCW,0,S,0,0,0
D7651658,402316,407636,1,1797,1798,0,0,52,90,CCW,0,S,0,0,0
D7651658,402317,407637,1,1801,1798,0,0,52,90,CCW,0,S,0,0,0
D7651658,402318,407638,1,1800,1798,0,0,52,90,CCW,0,S,0,0,0
D7651658,402319,407639,1,1800,1798,0,0,52,90,CCW,0,S,0,0,0
D7651658,402320,407640,1,1799,1798,0,0,52,90,CCW,0,S,0,0,0
D7651658,402321,407641,1,1800,1798,0,0,52,90,CCW,0,S,0,0,0
D7651658,402322,407642,1,1799,1798,0,0,52,90,CCW,0,S,0,0,0
D7651658,402323,407643,1,1800,1798,0,0,52,90,CCW,0,S,0,0,0
D7651658,402324,407644,1,1798,1798,0,0,52,90,CCW,0,S,0,0,0
D7651658,402325,407645,1,1797,1798,0,0,52,90,CCW,0,S,0,0,0
D7651658,402326,407646,1,1800,1798,0,0,52,90,CCW,0,S,0,0,0
D7651658,402327,407647,1,1799,1798,0,0,52,90,CCW,0,S,0,0,0
D7651658,402328,407648,1,1799,1798,0,0,52,90,CCW,0,S,0,0,0
D7651658,402329,407649,1,1796,1798,0,0,52,90,CCW,0,S,0,0,0
D7651658,402330,407650,1,1798,1798,0,0,52,90,CCW,0,S,0,0,0
D7651658,402331,407651,1,1800,1798,0,0,52,90,CCW,0,S,0,0,0
D7651658,402332,407652,1,1799,1798,0,0,52,90,CCW,0,S,0,0,0
D7651658,402333,407653,1,1798,1798,0,0,52,90,CCW,0,S,0,0,0
D7651658,402334,407654,1,1799,1798,0,0,52,90,CCW,0,S,0,0,0
D7651658,402335,407655,1,1798,1798,0,0,52,90,CCW,0,S,0,0,0
D7651658,402336,407656,1,1800,1798,0,0,52,90,CCW,0,S,0,0,0
D7651658,402337,407657,1,1800,1798,0,0,52,90,CCW,0,S,0,0,0
D7651658,402338,407658,1,1797,1798,0,0,52,90,CCW,0,S,0,0,0
D7651658,402339,407659,1,1795,1798,0,0,52,90,CCW,0,S,0,0,0
D7651658,402340,407660,1,1798,1798,0,0,52,90,CCW,0,S,0,0,0
D7651658,402341,407661,1,1801,1798,0,0,52,90,CCW,0,S,0,0,0
D7651658,402342,407662,1,1807,1798,0,0,52,90,CCW,0,S,0,0,0
D7651658,402343,407663,1,1798,1798,0,0,52,90,CCW,0,S,0,0,0
D7651658,402344,407664,1,1797,1798,0,0,52,90,CCW,0,S,0,0,0
D7651658,402345,407665,1,1798,1798,0,0,52,90,CCW,0,S,0,0,0
D7651658,402346,407666,1,1797,1798,0,0,52,90,CCW,0,S,0,0,0
D7651658,402347,407667,1,1801,1798,0,0,52,90,CCW,0,S,0,0,0
D7651658,402348,407668,1,1799,1798,0,0,52,90,CCW,0,S,0,0,0
D7651658,402349,407669,1,1810,1798,0,0,52,90,CCW,0,S,0,0,0
D7651658,402350,407670,1,1797,1798,0,0,52,90,CCW,0,S,0,0,0
D7651658,402351,407671,1,1795,1798,0,0,52,90,CCW,0,S,0,0,0
D7651658,402352,407672,1,1799,1798,0,0,52,90,CCW,0,S,0,0,0
D7651658,402353,407673,1,1799,1798,0,0,52,90,CCW,0,S,0,0,0
D7651658,402354,407674,1,1800,1798,0,0,52,90,CCW,0,S,0,0,0
D7651658,402355,407675,1,1800,1798,0,0,52,90,CCW,0,S,0,0,0
D7651658,402356,407676,1,1799,1798,0,0,52,90,CCW,0,S,0,0,0
D7651658,402357,407677,1,1798,1798,0,0,52,90,CCW,0,S,0,0,0
D7651658,402358,407678,1,1799,1798,0,0,52,90,CCW,0,S,0,0,0
D7651658,402359,407679,1,1797,1798,0,0,52,90,CCW,0,S,0,0,0
D7651658,402360,407680,1,1800,1798,0,0,52,90,CCW,0,S,0,0,0
D7651658,402361,407681,1,1798,1798,0,0,52,90,CCW,0,S,0,0,0
D7651658,402362,407682,1,1800,1798,0,0,52,90,CCW,0,S,0,0,0
D7651658,402363,407683,1,1798,1798,0,0,52,90,CCW,0,S,0,0,0
D7651658,402364,407684,1,1797,1798,0,0,52,90,CCW,0,S,0,0,0
D7651658,402365,407685,1,1798,1798,0,0,52,90,CCW,0,S,0,0,0
D7651658,402366,407686,1,1796,1798,0,0,52,90,CCW,0,S,0,0,0
D7651658,402367,407687,1,1800,1798,0,0,52,90,CCW,0,S,0,0,0
D7651658,402368,407688,1,1801,1798,0,0,52,90,CCW,0,S,0,0,0
D7651658,402369,407689,1,1800,1798,0,0,52,90,CCW,0,S,0,0,0
D7651658,402370,407690,1,1800,1798,0,0,52,90,CCW,0,S,0,0,0
D7651658,402371,407691,1,1801,1798,0,0,52,90,CCW,0,S,0,0,0
D7651658,402372,407692,1,1799,1798,0,0,52,90,CCW,0,S,0,0,0
D7651658,402373,407693,1,1798,1798,0,0,52,90,CCW,0,S,0,0,0
D7651658,402374,407694,1,1795,1798,0,0,52,90,CCW,0,S,0,0,0
D7651658,402375,407695,1,1798,1798,0,0,52,90,CCW,0,S,0,0,0
D7651658,402376,407696,1,1794,1798,0,0,52,90,CCW,0,S,0,0,0
D7651658,402377,407697,1,1798,1798,0,0,52,90,CCW,0,S,0,0,0
D7651658,402378,407698,1,1792,1798,0,0,52,90,CCW,0,S,0,0,0
D7651658,402379,407699,1,1800,1798,0,0,52,90,CCW,0,S,0,0,0
D7651658,402380,407700,1,1797,1798,0,0,52,90,CCW,0,S,0,0,0
D7651658,402381,407701,1,1800,1798,0,0,52,90,CCW,0,S,0,0,0
D7651658,402382,407702,1,1799,1798,0,0,52,90,CCW,0,S,0,0,0
D7651658,402383,407703,1,1799,1798,0,0,52,90,CCW,0,S,0,0,0
D7651658,402384,407704,1,1800,1798,0,0,52,90,CCW,0,S,0,0,0
D7651658,402385,407705,1,1810,1798,0,0,52,90,CCW,0,S,0,0,0
D7651658,402386,407706,1,1799,1798,0,0,52,90,CCW,0,S,0,0,0
D7651658,402387,407707,1,1799,1798,0,0,52,90,CCW,0,S,0,0,0
D7651658,402388,407708,1,1800,1798,0,0,52,90,CCW,0,S,0,0,0
D7651658,402389,407709,1,1798,1798,0,0,52,90,CCW,0,S,0,0,0
D7651658,402390,407710,1,1799,1798,0,0,52,90,CCW,0,S,0,0,0
D7651658,402391,407711,1,1798,1798,0,0,52,90,CCW,0,S,0,0,0
D7651658,402392,407712,1,1799,1798,0,0,52,90,CCW,0,S,0,0,0
D7651658,402393,407713,1,1799,1798,0,0,52,90,CCW,0,S,0,0,0
D7651658,402394,407714,1,1799,1798,0,0,52,90,CCW,0,S,0,0,0
D7651658,402395,407715,1,1796,1798,0,0,52,90,CCW,0,S,0,0,0
D7651658,402396,407716,1,1798,1798,0,0,52,90,CCW,0,S,0,0,0
D7651658,402397,407717,1,1804,1798,0,0,52,90,CCW,0,S,0,0,0
D7651658,402398,407718,1,1798,1798,0,0,52,90,CCW,0,S,0,0,0
D7651658,402399,407719,1,1800,1798,0,0,52,90,CCW,0,S,0,0,0
D7651658,402400,407720,1,1801,1798,0,0,52,90,CCW,0,S,0,0,0
D7651658,402401,407721,1,1798,1798,0,0,52,90,CCW,0,S,0,0,0
D7651658,402402,407722,1,1800,1798,0,0,52,90,CCW,0,S,0,0,0
D7651658,402403,407723,1,1798,1798,0,0,52,90,CCW,0,S,0,0,0
D7651658,402404,407724,1,1798,1798,0,0,52,90,CCW,0,S,0,0,0
D7651658,402405,407725,1,1798,1798,0,0,52,90,CCW,0,S,0,0,0
D7651658,402406,407726,1,1800,1798,0,0,52,90,CCW,0,S,0,0,0
D7651658,402407,407727,1,1799,1798,0,0,52,90,CCW,0,S,0,0,0
D7651658,402408,407728,1,1797,1798,0,0,52,90,CCW,0,S,0,0,0
D7651658,402409,407729,1,1799,1798,0,0,52,90,CCW,0,S,0,0,0
D7651658,402410,407730,1,1799,1798,0,0,52,90,CCW,0,S,0,0,0
D7651658,402411,407731,1,1801,1798,0,0,52,90,CCW,0,S,0,0,0
D7651658,402412,407732,1,1798,1798,0,0,52,90,CCW,0,S,0,0,0
D7651658,402413,407733,1,1798,1798,0,0,52,90,CCW,0,S,0,0,0
D7651658,402414,407734,1,1810,1798,0,0,52,90,CCW,0,S,0,0,0
D7651658,402415,407736,2,1799,1798,0,0,52,90,CCW,0,S,0,1,1
D7651658,402416,407737,1,1809,1798,0,0,52,90,CCW,0,S,0,0,0
D7651658,402417,407738,1,1798,1798,0,0,52,90,CCW,0,S,0,0,0
D7651658,402418,407739,1,1798,1798,0,0,52,90,CCW,0,S,0,0,0
D7651658,402419,407740,1,1799,1798,0,0,52,90,CCW,0,S,0,0,0
D7651658,402420,407741,1,1799,1798,0,0,52,90,CCW,0,S,0,0,0
D7651658,402421,407742,1,1798,1798,0,0,52,90,CCW,0,S,0,0,0
D7651658,402422,407743,1,1799,1798,0,0,52,90,CCW,0,S,0,0,0
D7651658,402423,407744,1,1800,1798,0,0,52,90,CCW,0,S,0,0,0
D7651658,402424,407745,1,1799,1798,0,0,52,90,CCW,0,S,0,0,0
D7651658,402425,407746,1,1799,1798,0,0,52,90,CCW,0,S,0,0,0
D7651658,402426,407747,1,1795,1798,0,0,52,90,CCW,0,S,0,0,0
D7651658,402427,407748,1,1799,1798,0,0,52,90,CCW,0,S,0,0,0
D7651658,402428,407749,1,1799,1798,0,0,52,90,CCW,0,S,0,0,0
D7651658,402429,407750,1,1798,1798,0,0,52,90,CCW,0,S,0,0,0
D7651658,402430,407751,1,1799,1798,0,0,52,90,CCW,0,S,0,0,0
D7651658,402431,407752,1,1799,1798,0,0,52,90,CCW,0,S,0,0,0
D7651658,402432,407753,1,1797,1798,0,0,53,90,CCW,0,S,0,0,0
D7651658,402433,407754,1,1798,1798,0,0,53,90,CCW,0,S,0,0,0
D7651658,402434,407755,1,1798,1798,0,0,53,90,CCW,0,S,0,0,0
D7651658,402435,407756,1,1800,1798,0,0,53,90,CCW,0,S,0,0,0
D7651658,402436,407757,1,1798,1798,0,0,53,90,CCW,0,S,0,0,0
D7651658,402437,407758,1,1798,1798,0,0,53,90,CCW,0,S,0,0,0
D7651658,402438,407759,1,1799,1798,0,0,53,90,CCW,0,S,0,0,0
D7651658,402439,407760,1,1799,1798,0,0,53,90,CCW,0,S,0,0,0
D7651658,402440,407761,1,1799,1798,0,0,53,90,CCW,0,S,0,0,0
D7651658,402441,407762,1,1800,1798,0,0,53,90,CCW,0,S,0,0,0
D7651658,402442,407763,1,1800,1798,0,0,53,90,CCW,0,S,0,0,0
D7651658,402443,407764,1,1800,1798,0,0,53,90,CCW,0,S,0,0,0
D7651658,402444,407765,1,1800,1798,0,0,53,90,CCW,0,S,0,0,0
D7651658,402445,407766,1,1800,1798,0,0,53,90,CCW,0,S,0,0,0
D7651658,402446,407767,1,1797,1798,0,0,53,90,CCW,0,S,0,0,0
D7651658,402447,407768,1,1798,1798,0,0,53,90,CCW,0,S,0,0,0
D7651658,402448,407769,1,1798,1798,0,0,53,90,CCW,0,S,0,0,0
D7651658,402449,407770,1,1805,1798,0,0,53,90,CCW,0,S,0,0,0
D7651658,402450,407771,1,1799,1798,0,0,53,90,CCW,0,S,0,0,0
D7651658,402451,407772,1,1800,1798,0,0,53,90,CCW,0,S,0,0,0
D7651658,402452,407773,1,1797,1798,0,0,53,90,CCW,0,S,0,0,0
D7651658,402453,407774,1,1801,1798,0,0,53,90,CCW,0,S,0,0,0
D7651658,402454,407775,1,1799,1798,0,0,53,90,CCW,0,S,0,0,0
D7651658,402455,407776,1,1792,1798,0,0,53,90,CCW,0,S,0,0,0
D7651658,402456,407777,1,1798,1798,0,0,53,90,CCW,0,S,0,0,0
D7651658,402457,407778,1,1801,1798,0,0,53,90,CCW,0,S,0,0,0
D7651658,402458,407779,1,1798,1798,0,0,53,90,CCW,0,S,0,0,0
D7651658,402459,407780,1,1798,1798,0,0,53,90,CCW,0,S,0,0,0
D7651658,402460,407781,1,1801,1798,0,0,53,90,CCW,0,S,0,0,0
D7651658,402461,407782,1,1798,1798,0,0,53,90,CCW,0,S,0,0,0
D7651658,402462,407783,1,1796,1798,0,0,53,90,CCW,0,S,0,0,0
D7651658,402463,407784,1,1797,1798,0,0,53,90,CCW,0,S,0,0,0
D7651658,402464,407785,1,1798,1798,0,0,53,90,CCW,0,S,0,0,0
D7651658,402465,407786,1,1801,1798,0,0,53,90,CCW,0,S,0,0,0
D7651658,402466,407787,1,1798,1798,0,0,53,90,CCW,0,S,0,0,0
D7651658,402467,407788,1,1800,1798,0,0,53,90,CCW,0,S,0,0,0
D7651658,402468,407789,1,1800,1798,0,0,53,90,CCW,0,S,0,0,0
D7651658,402469,407790,1,1797,1798,0,0,53,90,CCW,0,S,0,0,0
D7651658,402470,407791,1,1797,1798,0,0,53,90,CCW,0,S,0,0,0
D7651658,402471,407792,1,1800,1798,0,0,53,90,CCW,0,S,0,0,0
D7651658,402472,407793,1,1798,1798,0,0,53,90,CCW,0,S,0,0,0
D7651658,402473,407794,1,1797,1798,0,0,53,90,CCW,0,S,0,0,0
D7651658,402474,407795,1,1798,1798,0,0,53,90,CCW,0,S,0,0,0
D7651658,402475,407796,1,1799,1798,0,0,53,90,CCW,0,S,0,0,0
D7651658,402476,407797,1,1797,1798,0,0,53,90,CCW,0,S,0,0,0
D7651658,402477,407798,1,1798,1798,0,0,53,90,CCW,0,S,0,0,0
D7651658,402478,407799,1,1799,1798,0,0,53,90,CCW,0,S,0,0,0
D7651658,402479,407800,1,1799,1798,0,0,53,90,CCW,0,S,0,0,0
D7651658,402480,407801,1,1799,1798,0,0,53,90,CCW,0,S,0,0,0
D7651658,402481,407802,1,1799,1798,0,0,53,90,CCW,0,S,0,0,0
D7651658,402482,407803,1,1797,1798,0,0,53,90,CCW,0,S,0,0,0
D7651658,402483,407804,1,1798,1798,0,0,53,90,CCW,0,S,0,0,0
D7651658,402484,407805,1,1797,1798,0,0,53,90,CCW,0,S,0,0,0
D7651658,402485,407806,1,1797,1798,0,0,53,90,CCW,0,S,0,0,0
D7651658,402486,407807,1,1788,1798,0,0,53,90,CCW,0,S,0,0,0
D7651658,402487,407808,1,1797,1798,0,0,53,90,CCW,0,S,0,0,0
D7651658,402488,407809,1,1798,1798,0,0,53,90,CCW,0,S,0,0,0
D7651658,402489,407810,1,1801,1798,0,0,53,90,CCW,0,S,0,0,0
D7651658,402490,407811,1,1800,1798,0,0,53,90,CCW,0,S,0,0,0
D7651658,402491,407812,1,1795,1798,0,0,53,90,CCW,0,S,0,0,0
D7651658,402492,407813,1,1799,1798,0,0,53,90,CCW,0,S,0,0,0
D7651658,402493,407814,1,1800,1798,0,0,53,90,CCW,0,S,0,0,0
D7651658,402494,407815,1,1800,1798,0,0,53,90,CCW,0,S,0,0,0
D7651658,402495,407816,1,1797,1798,0,0,53,90,CCW,0,S,0,0,0
D7651658,402496,407817,1,1798,1798,0,0,53,90,CCW,0,S,0,0,0
D7651658,402497,407818,1,1798,1798,0,0,53,90,CCW,0,S,0,0,0
D7651658,402498,407819,1,1798,1798,0,0,53,90,CCW,0,S,0,0,0
D7651658,402499,407820,1,1797,1798,0,0,53,90,CCW,0,S,0,0,0
D7651658,402500,407821,1,1799,1798,0,0,53,90,CCW,0,S,0,0,0
D7651658,402501,407822,1,1797,1798,0,0,53,90,CCW,0,S,0,0,0
D7651658,402502,407823,1,1796,1798,0,0,53,90,CCW,0,S,0,0,0
D7651658,402503,407824,1,1799,1798,0,0,53,90,CCW,0,S,0,0,0
D7651658,402504,407825,1,1798,1798,0,0,53,90,CCW,0,S,0,0,0
D7651658,402505,407826,1,1799,1798,0,0,53,90,CCW,0,S,0,0,0
D7651658,402506,407827,1,1798,1798,0,0,53,90,CCW,0,S,0,0,0
D7651658,402507,407828,1,1801,1798,0,0,53,90,CCW,0,S,0,0,0
D7651658,402508,407829,1,1798,1798,0,0,53,90,CCW,0,S,0,0,0
D7651658,402509,407830,1,1798,1798,0,0,53,90,CCW,0,S,0,0,0
D7651658,402510,407831,1,1798,1798,0,0,53,90,CCW,0,S,0,0,0
D7651658,402511,407832,1,1800,1798,0,0,53,90,CCW,0,S,0,0,0
D7651658,402512,407833,1,1799,1798,0,0,53,90,CCW,0,S,0,0,0
D7651658,402513,407834,1,1796,1798,0,0,53,90,CCW,0,S,0,0,0
D7651658,402514,407835,1,1800,1798,0,0,53,90,CCW,0,S,0,0,0
D7651658,402515,407836,1,1799,1798,0,0,53,90,CCW,0,S,0,0,0
D7651658,402516,407837,1,1799,1798,0,0,53,90,CCW,0,S,0,0,0
D7651658,402517,407838,1,1799,1798,0,0,53,90,CCW,0,S,0,0,0
D7651658,402518,407839,1,1800,1798,0,0,53,90,CCW,0,S,0,0,0
D7651658,402519,407840,1,1799,1798,0,0,53,90,CCW,0,S,0,0,0
D7651658,402520,407842,2,1800,1798,0,0,53,90,CCW,0,S,0,1,1
D7651658,402521,407843,1,1800,1798,0,0,53,90,CCW,0,S,0,0,0
D7651658,402522,407844,1,1799,1798,0,0,53,90,CCW,0,S,0,0,0
D7651658,402523,407845,1,1798,1798,0,0,53,90,CCW,0,S,0,0,0
D7651658,402524,407846,1,1801,1798,0,0,53,90,CCW,0,S,0,0,0
D7651658,402525,407847,1,1799,1798,0,0,53,90,CCW,0,S,0,0,0
D7651658,402526,407848,1,1801,1798,0,0,53,90,CCW,0,S,0,0,0
D7651658,402527,407849,1,1800,1798,0,0,53,90,CCW,0,S,0,0,0
D7651658,402528,407850,1,1801,1798,0,0,53,90,CCW,0,S,0,0,0
D7651658,402529,407851,1,1798,1798,0,0,53,90,CCW,0,S,0,0,0
D7651658,402530,407852,1,1798,1798,0,0,53,90,CCW,0,S,0,0,0
D7651658,402531,407853,1,1799,1798,0,0,53,90,CCW,0,S,0,0,0
D7651658,402532,407854,1,1799,1798,0,0,53,90,CCW,0,S,0,0,0
D7651658,402533,407855,1,1800,1798,0,0,53,90,CCW,0,S,0,0,0
D7651658,402534,407856,1,1796,1798,0,0,53,90,CCW,0,S,0,0,0
D7651658,402535,407857,1,1798,1798,0,0,53,90,CCW,0,S,0,0,0
D7651658,402536,407858,1,1795,1798,0,0,53,90,CCW,0,S,0,0,0
D7651658,402537,407859,1,1800,1798,0,0,53,90,CCW,0,S,0,0,0
D7651658,402538,407860,1,1799,1798,0,0,53,90,CCW,0,S,0,0,0
D7651658,402539,407861,1,1798,1798,0,0,53,90,CCW,0,S,0,0,0
D7651658,402540,407862,1,1800,1798,0,0,53,90,CCW,0,S,0,0,0
D7651658,402541,407863,1,1804,1798,0,0,53,90,CCW,0,S,0,0,0
D7651658,402542,407864,1,1800,1798,0,0,53,90,CCW,0,S,0,0,0
D7651658,402543,407865,1,1800,1798,0,0,53,90,CCW,0,S,0,0,0
D7651658,402544,407866,1,1797,1798,0,0,53,90,CCW,0,S,0,0,0
D7651658,402545,407867,1,1799,1798,0,0,53,90,CCW,0,S,0,0,0
D7651658,402546,407868,1,1799,1798,0,0,53,90,CCW,0,S,0,0,0
D7651658,402547,407869,1,1798,1798,0,0,53,90,CCW,0,S,0,0,0
D7651658,402548,407870,1,1798,1798,0,0,53,90,CCW,0,S,0,0,0
D7651658,402549,407871,1,1799,1798,0,0,53,90,CCW,0,S,0,0,0
D7651658,402550,407872,1,1798,1798,0,0,53,90,CCW,0,S,0,0,0
D7651658,402551,407873,1,1808,1798,0,0,53,90,CCW,0,S,0,0,0
D7651658,402552,407874,1,1799,1798,0,0,53,90,CCW,0,S,0,0,0
D7651658,402553,407875,1,1800,1798,0,0,53,90,CCW,0,S,0,0,0
D7651658,402554,407876,1,1802,1798,0,0,53,90,CCW,0,S,0,0,0
D7651658,402555,407877,1,1799,1798,0,0,53,90,CCW,0,S,0,0,0
D7651658,402556,407878,1,1794,1798,0,0,53,90,CCW,0,S,0,0,0
D7651658,402557,407879,1,1799,1798,0,0,53,90,CCW,0,S,0,0,0
D7651658,402558,407880,1,1800,1798,0,0,53,90,CCW,0,S,0,0,0
D7651658,402559,407881,1,1799,1798,0,0,53,90,CCW,0,S,0,0,0
D7651658,402560,407882,1,1799,1798,0,0,53,90,CCW,0,S,0,0,0
D7651658,402561,407883,1,1800,1798,0,0,53,90,CCW,0,S,0,0,0
D7651658,402562,407884,1,1800,1798,0,0,53,90,CCW,0,S,0,0,0
D7651658,402563,407885,1,1800,1798,0,0,53,90,CCW,0,S,0,0,0
D7651658,402564,407886,1,1799,1798,0,0,53,90,CCW,0,S,0,0,0
D7651658,402565,407887,1,1795,1798,0,0,53,90,CCW,0,S,0,0,0
D7651658,402566,407888,1,1785,1798,0,0,53,90,CCW,0,S,0,0,0
D7651658,402567,407889,1,1800,1798,0,0,53,90,CCW,0,S,0,0,0
D7651658,402568,407890,1,1798,1798,0,0,53,90,CCW,0,S,0,0,0
D7651658,402569,407891,1,1797,1798,0,0,53,90,CCW,0,S,0,0,0
D7651658,402570,407892,1,1799,1798,0,0,53,90,CCW,0,S,0,0,0
D7651658,402571,407893,1,1797,1798,0,0,53,90,CCW,0,S,0,0,0
D7651658,402572,407894,1,1800,1798,0,0,53,90,CCW,0,S,0,0,0
D7651658,402573,407895,1,1798,1798,0,0,53,90,CCW,0,S,0,0,0
D7651658,402574,407896,1,1797,1798,0,0,53,90,CCW,0,S,0,0,0
D7651658,402575,407897,1,1798,1798,0,0,53,90,CCW,0,S,0,0,0
D7651658,402576,407898,1,1796,1798,0,0,53,90,CCW,0,S,0,0,0
D7651658,402577,407899,1,1798,1798,0,0,53,90,CCW,0,S,0,0,0
D7651658,402578,407900,1,1800,1798,0,0,53,90,CCW,0,S,0,0,0
D7651658,402579,407901,1,1802,1798,0,0,53,90,CCW,0,S,0,0,0
D7651658,402580,407902,1,1798,1798,0,0,53,90,CCW,0,S,0,0,0
D7651658,402581,407903,1,1798,1798,0,0,54,90,CCW,0,S,0,0,0
D7651658,402582,407904,1,1799,1798,0,0,54,90,CCW,0,S,0,0,0
D7651658,402583,407905,1,1793,1798,0,0,54,90,CCW,0,S,0,0,0
D7651658,402584,407906,1,1798,1798,0,0,54,90,CCW,0,S,0,0,0
D7651658,402585,407907,1,1799,1798,0,0,54,90,CCW,0,S,0,0,0
D7651658,402586,407908,1,1796,1798,0,0,54,90,CCW,0,S,0,0,0
D7651658,402587,407909,1,1798,1798,0,0,54,90,CCW,0,S,0,0,0
D7651658,402588,407910,1,1797,1798,0,0,54,90,CCW,0,S,0,0,0
D7651658,402589,407911,1,1797,1798,0,0,54,90,CCW,0,S,0,0,0
D7651658,402590,407912,1,1799,1798,0,0,54,90,CCW,0,S,0,0,0
D7651658,402591,407913,1,1798,1798,0,0,54,90,CCW,0,S,0,0,0
D7651658,402592,407914,1,1797,1798,0,0,54,90,CCW,0,S,0,0,0
D7651658,402593,407915,1,1798,1798,0,0,54,90,CCW,0,S,0,0,0
D7651658,402594,407916,1,1797,1798,0,0,54,90,CCW,0,S,0,0,0
D7651658,402595,407917,1,1801,1798,0,0,54,90,CCW,0,S,0,0,0
D7651658,402596,407918,1,1799,1798,0,0,54,90,CCW,0,S,0,0,0
D7651658,402597,407919,1,1799,1798,0,0,54,90,CCW,0,S,0,0,0
D7651658,402598,407920,1,1799,1798,0,0,54,90,CCW,0,S,0,0,0
D7651658,402599,407921,1,1799,1798,0,0,54,90,CCW,0,S,0,0,0
D7651658,402600,407922,1,1800,1798,0,0,54,90,CCW,0,S,0,0,0
D7651658,402601,407923,1,1799,1798,0,0,54,90,CCW,0,S,0,0,0
D7651658,402602,407924,1,1799,1798,0,0,54,90,CCW,0,S,0,0,0
D7651658,402603,407925,1,1798,1798,0,0,54,90,CCW,0,S,0,0,0
D7651658,402604,407926,1,1799,1798,0,0,54,90,CCW,0,S,0,0,0
D7651658,402605,407927,1,1798,1798,0,0,54,90,CCW,0,S,0,0,0
D7651658,402606,407928,1,1800,1798,0,0,54,90,CCW,0,S,0,0,0
D7651658,402607,407929,1,1800,1798,0,0,54,90,CCW,0,S,0,0,0
D7651658,402608,407930,1,1797,1798,0,0,54,90,CCW,0,S,0,0,0
D7651658,402609,407931,1,1798,1798,0,0,54,90,CCW,0,S,0,0,0
D7651658,402610,407932,1,1800,1798,0,0,54,90,CCW,0,S,0,0,0
D7651658,402611,407933,1,1799,1798,0,0,54,90,CCW,0,S,0,0,0
D7651658,402612,407934,1,1800,1798,0,0,54,90,CCW,0,S,0,0,0
D7651658,402613,407935,1,1799,1798,0,0,54,90,CCW,0,S,0,0,0
D7651658,402614,407936,1,1800,1798,0,0,54,90,CCW,0,S,0,0,0
D7651658,402615,407937,1,1800,1798,0,0,54,90,CCW,0,S,0,0,0
D7651658,402616,407938,1,1801,1798,0,0,54,90,CCW,0,S,0,0,0
D7651658,402617,407939,1,1799,1798,0,0,54,90,CCW,0,S,0,0,0
D7651658,402618,407940,1,1800,1798,0,0,54,90,CCW,0,S,0,0,0
D7651658,402619,407941,1,1801,1798,0,0,54,90,CCW,0,S,0,0,0
D7651658,402620,407942,1,1799,1798,0,0,54,90,CCW,0,S,0,0,0
D7651658,402621,407943,1,1799,1798,0,0,54,90,CCW,0,S,0,0,0
D7651658,402622,407944,1,1799,1798,0,0,54,90,CCW,0,S,0,0,0
D7651658,402623,407945,1,1800,1798,0,0,54,90,CCW,0,S,0,0,0
D7651658,402624,407946,1,1798,1798,0,0,54,90,CCW,0,S,0,0,0
D7651658,402625,407947,1,1801,1798,0,0,54,90,CCW,0,S,0,0,0
D7651658,402626,407948,1,1800,1798,0,0,54,90,CCW,0,S,0,0,0
D7651658,402627,407949,1,1818,1798,0,0,54,90,CCW,0,S,0,0,0
D7651658,402628,407950,1,1798,1798,0,0,54,90,CCW,0,S,0,0,0
D7651658,402629,407951,1,1799,1798,0,0,54,90,CCW,0,S,0,0,0
D7651658,402630,407952,1,1799,1798,0,0,54,90,CCW,0,S,0,0,0
D7651658,402631,407953,1,1799,1798,0,0,54,90,CCW,0,S,0,0,0
D7651658,402632,407954,1,1799,1798,0,0,54,90,CCW,0,S,0,0,0
D7651658,402633,407955,1,1800,1798,0,0,54,90,CCW,0,S,0,0,0
D7651658,402634,407956,1,1798,1798,0,0,54,90,CCW,0,S,0,0,0
D7651658,402635,407957,1,1799,1798,0,0,54,90,CCW,0,S,0,0,0
D7651658,402636,407958,1,1795,1798,0,0,54,90,CCW,0,S,0,0,0
D7651658,402637,407959,1,1800,1798,0,0,54,90,CCW,0,S,0,0,0
D7651658,402638,407960,1,1800,1798,0,0,54,90,CCW,0,S,0,0,0
D7651658,402639,407961,1,1798,1798,0,0,54,90,CCW,0,S,0,0,0
D7651658,402640,407962,1,1800,1798,0,0,54,90,CCW,0,S,0,0,0
D7651658,402641,407963,1,1799,1798,0,0,54,90,CCW,0,S,0,0,0
D7651658,402642,407964,1,1796,1798,0,0,54,90,CCW,0,S,0,0,0
D7651658,402643,407965,1,1799,1798,0,0,54,90,CCW,0,S,0,0,0
D7651658,402644,407966,1,1799,1798,0,0,54,90,CCW,0,S,0,0,0
D7651658,402645,407967,1,1799,1798,0,0,54,90,CCW,0,S,0,0,0
D7651658,402646,407968,1,1800,1798,0,0,54,90,CCW,0,S,0,0,0
D7651658,402647,407969,1,1801,1798,0,0,54,90,CCW,0,S,0,0,0
D7651658,402648,407970,1,1788,1798,0,0,54,90,CCW,0,S,0,0,0
D7651658,402649,407971,1,1800,1798,0,0,54,90,CCW,0,S,0,0,0
D7651658,402650,407972,1,1799,1798,0,0,54,90,CCW,0,S,0,0,0
D7651658,402651,407973,1,1802,1798,0,0,54,90,CCW,0,S,0,0,0
D7651658,402652,407974,1,1800,1798,0,0,54,90,CCW,0,S,0,0,0
D7651658,402653,407975,1,1798,1798,0,0,54,90,CCW,0,S,0,0,0
D7651658,402654,407976,1,1801,1798,0,0,54,90,CCW,0,S,0,0,0
D7651658,402655,407977,1,1797,1798,0,0,54,90,CCW,0,S,0,0,0
D7651658,402656,407978,1,1800,1798,0,0,54,90,CCW,0,S,0,0,0
D7651658,402657,407979,1,1800,1798,0,0,54,90,CCW,0,S,0,0,0
D7651658,402658,407980,1,1795,1798,0,0,54,90,CCW,0,S,0,0,0
D7651658,402659,407981,1,1798,1798,0,0,54,90,CCW,0,S,0,0,0
D7651658,402660,407982,1,1796,1798,0,0,54,90,CCW,0,S,0,0,0
D7651658,402661,407983,1,1793,1798,0,0,54,90,CCW,0,S,0,0,0
D7651658,402662,407984,1,1799,1798,0,0,54,90,CCW,0,S,0,0,0
D7651658,402663,407985,1,1800,1798,0,0,54,90,CCW,0,S,0,0,0
D7651658,402664,407986,1,1800,1798,0,0,54,90,CCW,0,S,0,0,0
D7651658,402665,407987,1,1807,1798,0,0,54,90,CCW,0,S,0,0,0
D7651658,402666,407988,1,1798,1798,0,0,54,90,CCW,0,S,0,0,0
D7651658,402667,407989,1,1799,1798,0,0,54,90,CCW,0,S,0,0,0
D7651658,402668,407990,1,1799,1798,0,0,54,90,CCW,0,S,0,0,0
D7651658,402669,407991,1,1801,1798,0,0,54,90,CCW,0,S,0,0,0
D7651658,402670,407992,1,1796,1798,0,0,54,90,CCW,0,S,0,0,0
D7651658,402671,407993,1,1799,1798,0,0,54,90,CCW,0,S,0,0,0
D7651658,402672,407994,1,1797,1798,0,0,54,90,CCW,0,S,0,0,0
D7651658,402673,407995,1,1799,1798,0,0,54,90,CCW,0,S,0,0,0
D7651658,402674,407996,1,1798,1798,0,0,54,90,CCW,0,S,0,0,0
D7651658,402675,407997,1,1797,1798,0,0,54,90,CCW,0,S,0,0,0
D7651658,402676,407998,1,1800,1798,0,0,54,90,CCW,0,S,0,0,0
D7651658,402677,407999,1,1799,1798,0,0,54,90,CCW,0,S,0,0,0
D7651658,402678,408000,1,1798,1798,0,0,54,90,CCW,0,S,0,0,0
D7651658,402679,408001,1,1798,1798,0,0,54,90,CCW,0,S,0,0,0
D7651658,402680,408002,1,1800,1798,0,0,54,90,CCW,0,S,0,0,0
D7651658,402681,408003,1,1800,1798,0,0,54,90,CCW,0,S,0,0,0
D7651658,402682,408004,1,1797,1798,0,0,54,90,CCW,0,S,0,0,0
D7651658,402683,408005,1,1800,1798,0,0,54,90,CCW,0,S,0,0,0
D7651658,402684,408006,1,1792,1798,0,0,54,90,CCW,0,S,0,0,0
D7651658,402685,408007,1,1797,1798,0,0,54,90,CCW,0,S,0,0,0
D7651658,402686,408008,1,1796,1798,0,0,54,90,CCW,0,S,0,0,0
D7651658,402687,408009,1,1799,1798,0,0,54,90,CCW,0,S,0,0,0
D7651658,402688,408010,1,1799,1798,0,0,54,90,CCW,0,S,0,0,0
D7651658,402689,408011,1,1799,1798,0,0,54,90,CCW,0,S,0,0,0
D7651658,402690,408012,1,1798,1798,0,0,54,90,CCW,0,S,0,0,0
D7651658,402691,408013,1,1799,1798,0,0,54,90,CCW,0,S,0,0,0
D7651658,402692,408014,1,1798,1798,0,0,54,90,CCW,0,S,0,0,0
D7651658,402693,408015,1,1797,1798,0,0,54,90,CCW,0,S,0,0,0
D7651658,402694,408016,1,1797,1798,0,0,54,90,CCW,0,S,0,0,0
D7651658,402695,408017,1,1798,1798,0,0,54,90,CCW,0,S,0,0,0
D7651658,402696,408018,1,1799,1798,0,0,54,90,CCW,0,S,0,0,0
D7651658,402697,408019,1,1802,1798,0,0,54,90,CCW,0,S,0,0,0
D7651658,402698,408020,1,1799,1798,0,0,54,90,CCW,0,S,0,0,0
D7651658,402699,408021,1,1799,1798,0,0,54,90,CCW,0,S,0,0,0
D7651658,402700,408022,1,1801,1798,0,0,54,90,CCW,0,S,0,0,0
D7651658,402701,408023,1,1799,1798,0,0,54,90,CCW,0,S,0,0,0
D7651658,402702,408024,1,1799,1798,0,0,54,90,CCW,0,S,0,0,0
D7651658,402703,408025,1,1799,1798,0,0,54,90,CCW,0,S,0,0,0
D7651658,402704,408026,1,1799,1798,0,0,54,90,CCW,0,S,0,0,0
D7651658,402705,408027,1,1799,1798,0,0,54,90,CCW,0,S,0,0,0
D7651658,402706,408028,1,1800,1798,0,0,54,90,CCW,0,S,0,0,0
D7651658,402707,408029,1,1798,1798,0,0,54,90,CCW,0,S,0,0,0
D7651658,402708,408030,1,1798,1798,0,0,54,90,CCW,0,S,0,0,0
D7651658,402709,408031,1,1796,1798,0,0,54,90,CCW,0,S,0,0,0
D7651658,402710,408032,1,1803,1798,0,0,54,90,CCW,0,S,0,0,0
D7651658,402711,408033,1,1800,1798,0,0,54,90,CCW,0,S,0,0,0
D7651658,402712,408034,1,1800,1798,0,0,54,90,CCW,0,S,0,0,0
D7651658,402713,408035,1,1802,1798,0,0,54,90,CCW,0,S,0,0,0
D7651658,402714,408036,1,1798,1798,0,0,54,90,CCW,0,S,0,0,0
D7651658,402715,408037,1,1799,1798,0,0,54,90,CCW,0,S,0,0,0
D7651658,402716,408038,1,1800,1798,0,0,54,90,CCW,0,S,0,0,0
D7651658,402717,408039,1,1796,1798,0,0,54,90,CCW,0,S,0,0,0
D7651658,402718,408040,1,1797,1798,0,0,54,90,CCW,0,S,0,0,0
D7651658,402719,408041,1,1800,1798,0,0,54,90,CCW,0,S,0,0,0
D7651658,402720,408043,2,1800,1798,0,0,54,90,CCW,0,S,0,1,1
D7651658,402721,408044,1,1798,1798,0,0,54,90,CCW,0,S,0,0,0
D7651658,402722,408045,1,1803,1798,0,0,54,90,CCW,0,S,0,0,0
D7651658,402723,408046,1,1799,1798,0,0,54,90,CCW,0,S,0,0,0
D7651658,402724,408047,1,1785,1798,0,0,54,90,CCW,0,S,0,0,0
D7651658,402725,408048,1,1797,1798,0,0,54,90,CCW,0,S,0,0,0
D7651658,402726,408049,1,1798,1798,0,0,54,90,CCW,0,S,0,0,0
D7651658,402727,408050,1,1799,1798,0,0,54,90,CCW,0,S,0,0,0
D7651658,402728,408051,1,1798,1798,0,0,54,90,CCW,0,S,0,0,0
D7651658,402729,408052,1,1800,1798,0,0,54,90,CCW,0,S,0,0,0
D7651658,402730,408053,1,1797,1798,0,0,55,90,CCW,0,S,0,0,0
D7651658,402731,408054,1,1799,1798,0,0,55,90,CCW,0,S,0,0,0
D7651658,402732,408055,1,1799,1798,0,0,55,90,CCW,0,S,0,0,0
D7651658,402733,408056,1,1798,1798,0,0,55,90,CCW,0,S,0,0,0
D7651658,402734,408057,1,1799,1798,0,0,55,90,CCW,0,S,0,0,0
D7651658,402735,408058,1,1799,1798,0,0,55,90,CCW,0,S,0,0,0
D7651658,402736,408059,1,1803,1798,0,0,55,90,CCW,0,S,0,0,0
D7651658,402737,408060,1,1797,1798,0,0,55,90,CCW,0,S,0,0,0
D7651658,402738,408061,1,1798,1798,0,0,55,90,CCW,0,S,0,0,0
D7651658,402739,408062,1,1798,1798,0,0,55,90,CCW,0,S,0,0,0
D7651658,402740,408063,1,1801,1798,0,0,55,90,CCW,0,S,0,0,0
D7651658,402741,408064,1,1798,1798,0,0,55,90,CCW,0,S,0,0,0
D7651658,402742,408065,1,1799,1798,0,0,55,90,CCW,0,S,0,0,0
D7651658,402743,408066,1,1800,1798,0,0,55,90,CCW,0,S,0,0,0
D7651658,402744,408067,1,1799,1798,0,0,55,90,CCW,0,S,0,0,0
D7651658,402745,408068,1,1799,1798,0,0,55,90,CCW,0,S,0,0,0
D7651658,402746,408069,1,1799,1798,0,0,55,90,CCW,0,S,0,0,0
D7651658,402747,408070,1,1798,1798,0,0,55,90,CCW,0,S,0,0,0
D7651658,402748,408071,1,1801,1798,0,0,55,90,CCW,0,S,0,0,0
D7651658,402749,408072,1,1800,1798,0,0,55,90,CCW,0,S,0,0,0
D7651658,402750,408073,1,1800,1798,0,0,55,90,CCW,0,S,0,0,0
D7651658,402751,408074,1,1799,1798,0,0,55,90,CCW,0,S,0,0,0
D7651658,402752,408075,1,1798,1798,0,0,55,90,CCW,0,S,0,0,0
D7651658,402753,408076,1,1801,1798,0,0,55,90,CCW,0,S,0,0,0
D7651658,402754,408077,1,1800,1798,0,0,55,90,CCW,0,S,0,0,0
D7651658,402755,408078,1,1799,1798,0,0,55,90,CCW,0,S,0,0,0
D7651658,402756,408079,1,1798,1798,0,0,55,90,CCW,0,S,0,0,0
D7651658,402757,408080,1,1798,1798,0,0,55,90,CCW,0,S,0,0,0
D7651658,402758,408081,1,1799,1798,0,0,55,90,CCW,0,S,0,0,0
D7651658,402759,408082,1,1795,1798,0,0,55,90,CCW,0,S,0,0,0
D7651658,402760,408083,1,1799,1798,0,0,55,90,CCW,0,S,0,0,0
D7651658,402761,408084,1,1799,1798,0,0,55,90,CCW,0,S,0,0,0
D7651658,402762,408085,1,1798,1798,0,0,55,90,CCW,0,S,0,0,0
D7651658,402763,408086,1,1799,1798,0,0,55,90,CCW,0,S,0,0,0
D7651658,402764,408087,1,1799,1798,0,0,55,90,CCW,0,S,0,0,0
D7651658,402765,408088,1,1793,1798,0,0,55,90,CCW,0,S,0,0,0
D7651658,402766,408089,1,1798,1798,0,0,55,90,CCW,0,S,0,0,0
D7651658,402767,408090,1,1796,1798,0,0,55,90,CCW,0,S,0,0,0
D7651658,402768,408091,1,1799,1798,0,0,55,90,CCW,0,S,0,0,0
D7651658,402769,408092,1,1789,1798,0,0,55,90,CCW,0,S,0,0,0
D7651658,402770,408093,1,1798,1798,0,0,55,90,CCW,0,S,0,0,0
D7651658,402771,408094,1,1799,1798,0,0,55,90,CCW,0,S,0,0,0
D7651658,402772,408095,1,1799,1798,0,0,55,90,CCW,0,S,0,0,0
D7651658,402773,408096,1,1799,1798,0,0,55,90,CCW,0,S,0,0,0
D7651658,402774,408097,1,1798,1798,0,0,55,90,CCW,0,S,0,0,0
D7651658,402775,408098,1,1799,1798,0,0,55,90,CCW,0,S,0,0,0
D7651658,402776,408099,1,1800,1798,0,0,55,90,CCW,0,S,0,0,0
D7651658,402777,408100,1,1799,1798,0,0,55,90,CCW,0,S,0,0,0
D7651658,402778,408101,1,1799,1798,0,0,55,90,CCW,0,S,0,0,0
D7651658,402779,408102,1,1797,1798,0,0,55,90,CCW,0,S,0,0,0
D7651658,402780,408103,1,1799,1798,0,0,55,90,CCW,0,S,0,0,0
D7651658,402781,408104,1,1800,1798,0,0,55,90,CCW,0,S,0,0,0
D7651658,402782,408105,1,1797,1798,0,0,55,90,CCW,0,S,0,0,0
D7651658,402783,408106,1,1798,1798,0,0,55,90,CCW,0,S,0,0,0
D7651658,402784,408107,1,1799,1798,0,0,55,90,CCW,0,S,0,0,0
D7651658,402785,408108,1,1800,1798,0,0,55,90,CCW,0,S,0,0,0
D7651658,402786,408109,1,1799,1798,0,0,55,90,CCW,0,S,0,0,0
D7651658,402787,408110,1,1796,1798,0,0,55,90,CCW,0,S,0,0,0
D7651658,402788,408111,1,1799,1798,0,0,55,90,CCW,0,S,0,0,0
D7651658,402789,408112,1,1799,1798,0,0,55,90,CCW,0,S,0,0,0
D7651658,402790,408113,1,1798,1798,0,0,55,90,CCW,0,S,0,0,0
D7651658,402791,408114,1,1800,1798,0,0,55,90,CCW,0,S,0,0,0
D7651658,402792,408115,1,1799,1798,0,0,55,90,CCW,0,S,0,0,0
D7651658,402793,408116,1,1799,1798,0,0,55,90,CCW,0,S,0,0,0
D7651658,402794,408117,1,1798,1798,0,0,55,90,CCW,0,S,0,0,0
D7651658,402795,408118,1,1795,1798,0,0,55,90,CCW,0,S,0,0,0
D7651658,402796,408119,1,1798,1798,0,0,55,90,CCW,0,S,0,0,0
D7651658,402797,408120,1,1799,1798,0,0,55,90,CCW,0,S,0,0,0
D7651658,402798,408121,1,1799,1798,0,0,55,90,CCW,0,S,0,0,0
D7651658,402799,408122,1,1799,1798,0,0,55,90,CCW,0,S,0,0,0
D7651658,402800,408123,1,1801,1798,0,0,55,90,CCW,0,S,0,0,0
D7651658,402801,408124,1,1799,1798,0,0,55,90,CCW,0,S,0,0,0
D7651658,402802,408125,1,1799,1798,0,0,55,90,CCW,0,S,0,0,0
D7651658,402803,408126,1,1798,1798,0,0,55,90,CCW,0,S,0,0,0
D7651658,402804,408127,1,1799,1798,0,0,55,90,CCW,0,S,0,0,0
D7651658,402805,408128,1,1799,1798,0,0,55,90,CCW,0,S,0,0,0
D7651658,402806,408129,1,1799,1798,0,0,55,90,CCW,0,S,0,0,0
D7651658,402807,408130,1,1801,1798,0,0,55,90,CCW,0,S,0,0,0
D7651658,402808,408131,1,1802,1798,0,0,55,90,CCW,0,S,0,0,0
D7651658,402809,408132,1,1798,1798,0,0,55,90,CCW,0,S,0,0,0
D7651658,402810,408133,1,1799,1798,0,0,55,90,CCW,0,S,0,0,0
D7651658,402811,408134,1,1810,1798,0,0,55,90,CCW,0,S,0,0,0
D7651658,402812,408135,1,1797,1798,0,0,55,90,CCW,0,S,0,0,0
D7651658,402813,408136,1,1800,1798,0,0,55,90,CCW,0,S,0,0,0
D7651658,402814,408137,1,1799,1798,0,0,55,90,CCW,0,S,0,0,0
D7651658,402815,408138,1,1798,1798,0,0,55,90,CCW,0,S,0,0,0
D7651658,402816,408139,1,1799,1798,0,0,55,90,CCW,0,S,0,0,0
D7651658,402817,408140,1,1799,1798,0,0,55,90,CCW,0,S,0,0,0
D7651658,402818,408141,1,1799,1798,0,0,55,90,CCW,0,S,0,0,0
D7651658,402819,408142,1,1801,1798,0,0,55,90,CCW,0,S,0,0,0
D7651658,402820,408143,1,1799,1798,0,0,55,90,CCW,0,S,0,0,0
D7651658,402821,408144,1,1799,1798,0,0,55,90,CCW,0,S,0,0,0
D7651658,402822,408145,1,1799,1798,0,0,55,90,CCW,0,S,0,0,0
D7651658,402823,408146,1,1798,1798,0,0,55,90,CCW,0,S,0,0,0
D7651658,402824,408147,1,1802,1798,0,0,55,90,CCW,0,S,0,0,0
D7651658,402825,408148,1,1806,1798,0,0,55,90,CCW,0,S,0,0,0
D7651658,402826,408149,1,1800,1798,0,0,55,90,CCW,0,S,0,0,0
D7651658,402827,408150,1,1796,1798,0,0,55,90,CCW,0,S,0,0,0
D7651658,402828,408151,1,1799,1798,0,0,55,90,CCW,0,S,0,0,0
D7651658,402829,408152,1,1802,1798,0,0,55,90,CCW,0,S,0,0,0
D7651658,402830,408153,1,1797,1798,0,0,55,90,CCW,0,S,0,0,0
D7651658,402831,408154,1,1799,1798,0,0,55,90,CCW,0,S,0,0,0
D7651658,402832,408155,1,1799,1798,0,0,55,90,CCW,0,S,0,0,0
D7651658,402833,408156,1,1798,1798,0,0,55,90,CCW,0,S,0,0,0
D7651658,402834,408157,1,1793,1798,0,0,55,90,CCW,0,S,0,0,0
D7651658,402835,408158,1,1798,1798,0,0,55,90,CCW,0,S,0,0,0
D7651658,402836,408159,1,1800,1798,0,0,55,90,CCW,0,S,0,0,0
D7651658,402837,408160,1,1800,1798,0,0,55,90,CCW,0,S,0,0,0
D7651658,402838,408161,1,1800,1798,0,0,55,90,CCW,0,S,0,0,0
D7651658,402839,408162,1,1800,1798,0,0,55,90,CCW,0,S,0,0,0
D7651658,402840,408163,1,1800,1798,0,0,55,90,CCW,0,S,0,0,0
D7651658,402841,408164,1,1800,1798,0,0,55,90,CCW,0,S,0,0,0
D7651658,402842,408165,1,1799,1798,0,0,55,90,CCW,0,S,0,0,0
D7651658,402843,408166,1,1800,1798,0,0,55,90,CCW,0,S,0,0,0
D7651658,402844,408167,1,1798,1798,0,0,55,90,CCW,0,S,0,0,0
D7651658,402845,408168,1,1800,1798,0,0,55,90,CCW,0,S,0,0,0
D7651658,402846,408169,1,1798,1798,0,0,55,90,CCW,0,S,0,0,0
D7651658,402847,408170,1,1799,1798,0,0,55,90,CCW,0,S,0,0,0
D7651658,402848,408171,1,1799,1798,0,0,55,90,CCW,0,S,0,0,0
D7651658,402849,408172,1,1798,1798,0,0,55,90,CCW,0,S,0,0,0
D7651658,402850,408173,1,1815,1798,0,0,55,90,CCW,0,S,0,0,0
D7651658,402851,408174,1,1801,1798,0,0,55,90,CCW,0,S,0,0,0
D7651658,402852,408175,1,1798,1798,0,0,55,90,CCW,0,S,0,0,0
D7651658,402853,408176,1,1799,1798,0,0,55,90,CCW,0,S,0,0,0
D7651658,402854,408177,1,1798,1798,0,0,55,90,CCW,0,S,0,0,0
D7651658,402855,408178,1,1799,1798,0,0,55,90,CCW,0,S,0,0,0
D7651658,402856,408179,1,1798,1798,0,0,55,90,CCW,0,S,0,0,0
D7651658,402857,408180,1,1800,1798,0,0,55,90,CCW,0,S,0,0,0
D7651658,402858,408181,1,1801,1798,0,0,55,90,CCW,0,S,0,0,0
D7651658,402859,408182,1,1798,1798,0,0,55,90,CCW,0,S,0,0,0
D7651658,402860,408183,1,1800,1798,0,0,55,90,CCW,0,S,0,0,0
D7651658,402861,408184,1,1798,1798,0,0,55,90,CCW,0,S,0,0,0
D7651658,402862,408185,1,1799,1798,0,0,55,90,CCW,0,S,0,0,0
D7651658,402863,408186,1,1801,1798,0,0,55,90,CCW,0,S,0,0,0
D7651658,402864,408187,1,1800,1798,0,0,55,90,CCW,0,S,0,0,0
D7651658,402865,408188,1,1800,1798,0,0,55,90,CCW,0,S,0,0,0
D7651658,402866,408189,1,1798,1798,0,0,55,90,CCW,0,S,0,0,0
D7651658,402867,408190,1,1798,1798,0,0,55,90,CCW,0,S,0,0,0
D7651658,402868,408191,1,1797,1798,0,0,55,90,CCW,0,S,0,0,0
D7651658,402869,408192,1,1799,1798,0,0,55,90,CCW,0,S,0,0,0
D7651658,402870,408193,1,1820,1798,0,0,55,90,CCW,0,S,0,0,0
D7651658,402871,408194,1,1799,1798,0,0,55,90,CCW,0,S,0,0,0
D7651658,402872,408195,1,1798,1798,0,0,55,90,CCW,0,S,0,0,0
D7651658,402873,408196,1,1798,1798,0,0,55,90,CCW,0,S,0,0,0
D7651658,402874,408197,1,1800,1798,0,0,55,90,CCW,0,S,0,0,0
D7651658,402875,408198,1,1800,1798,0,0,55,90,CCW,0,S,0,0,0
D7651658,402876,408199,1,1801,1798,0,0,55,90,CCW,0,S,0,0,0
D7651658,402877,408200,1,1800,1798,0,0,55,90,CCW,0,S,0,0,0
D7651658,402878,408201,1,1800,1798,0,0,55,90,CCW,0,S,0,0,0
D7651658,402879,408202,1,1801,1798,0,0,55,90,CCW,0,S,0,0,0
D7651658,402880,408203,1,1797,1798,0,0,56,90,CCW,0,S,0,0,0
D7651658,402881,408204,1,1796,1798,0,0,56,90,CCW,0,S,0,0,0
D7651658,402882,408205,1,1800,1798,0,0,56,90,CCW,0,S,0,0,0
D7651658,402883,408206,1,1798,1798,0,0,56,90,CCW,0,S,0,0,0
D7651658,402884,408207,1,1795,1798,0,0,56,90,CCW,0,S,0,0,0
D7651658,402885,408208,1,1798,1798,0,0,56,90,CCW,0,S,0,0,0
D7651658,402886,408209,1,1799,1798,0,0,56,90,CCW,0,S,0,0,0
D7651658,402887,408210,1,1796,1798,0,0,56,90,CCW,0,S,0,0,0
D7651658,402888,408211,1,1799,1798,0,0,56,90,CCW,0,S,0,0,0
D7651658,402889,408212,1,1798,1798,0,0,56,90,CCW,0,S,0,0,0
D7651658,402890,408213,1,1800,1798,0,0,56,90,CCW,0,S,0,0,0
D7651658,402891,408214,1,1798,1798,0,0,56,90,CCW,0,S,0,0,0
D7651658,402892,408215,1,1803,1798,0,0,56,90,CCW,0,S,0,0,0
D7651658,402893,408216,1,1800,1798,0,0,56,90,CCW,0,S,0,0,0
D7651658,402894,408217,1,1798,1798,0,0,56,90,CCW,0,S,0,0,0
D7651658,402895,408218,1,1800,1798,0,0,56,90,CCW,0,S,0,0,0
D7651658,402896,408219,1,1799,1798,0,0,56,90,CCW,0,S,0,0,0
D7651658,402897,408220,1,1796,1798,0,0,56,90,CCW,0,S,0,0,0
D7651658,402898,408221,1,1797,1798,0,0,56,90,CCW,0,S,0,0,0
D7651658,402899,408222,1,1798,1798,0,0,56,90,CCW,0,S,0,0,0
D7651658,402900,408223,1,1799,1798,0,0,56,90,CCW,0,S,0,0,0
D7651658,402901,408224,1,1797,1798,0,0,56,90,CCW,0,S,0,0,0
D7651658,402902,408225,1,1798,1798,0,0,56,90,CCW,0,S,0,0,0
D7651658,402903,408226,1,1798,1798,0,0,56,90,CCW,0,S,0,0,0
D7651658,402904,408227,1,1798,1798,0,0,56,90,CCW,0,S,0,0,0
D7651658,402905,408228,1,1799,1798,0,0,56,90,CCW,0,S,0,0,0
D7651658,402906,408229,1,1799,1798,0,0,56,90,CCW,0,S,0,0,0
D7651658,402907,408230,1,1800,1798,0,0,56,90,CCW,0,S,0,0,0
D7651658,402908,408231,1,1798,1798,0,0,56,90,CCW,0,S,0,0,0
D7651658,402909,408232,1,1798,1798,0,0,56,90,CCW,0,S,0,0,0
D7651658,402910,408233,1,1799,1798,0,0,56,90,CCW,0,S,0,0,0
D7651658,402911,408234,1,1800,1798,0,0,56,90,CCW,0,S,0,0,0
D7651658,402912,408235,1,1798,1798,0,0,56,90,CCW,0,S,0,0,0
D7651658,402913,408236,1,1799,1798,0,0,56,90,CCW,0,S,0,0,0
D7651658,402914,408237,1,1796,1798,0,0,56,90,CCW,0,S,0,0,0
D7651658,402915,408238,1,1800,1798,0,0,56,90,CCW,0,S,0,0,0
D7651658,402916,408239,1,1798,1798,0,0,56,90,CCW,0,S,0,0,0
D7651658,402917,408240,1,1800,1798,0,0,56,90,CCW,0,S,0,0,0
D7651658,402918,408241,1,1800,1798,0,0,56,90,CCW,0,S,0,0,0
D7651658,402919,408242,1,1799,1798,0,0,56,90,CCW,0,S,0,0,0
D7651658,402920,408243,1,1799,1798,0,0,56,90,CCW,0,S,0,0,0
D7651658,402921,408244,1,1800,1798,0,0,56,90,CCW,0,S,0,0,0
D7651658,402922,408245,1,1799,1798,0,0,56,90,CCW,0,S,0,0,0
D7651658,402923,408246,1,1799,1798,0,0,56,90,CCW,0,S,0,0,0
D7651658,402924,408247,1,1799,1798,0,0,56,90,CCW,0,S,0,0,0
D7651658,402925,408248,1,1798,1798,0,0,56,90,CCW,0,S,0,0,0
D7651658,402926,408249,1,1799,1798,0,0,56,90,CCW,0,S,0,0,0
D7651658,402927,408250,1,1798,1798,0,0,56,90,CCW,0,S,0,0,0
D7651658,402928,408251,1,1798,1798,0,0,56,90,CCW,0,S,0,0,0
D7651658,402929,408252,1,1799,1798,0,0,56,90,CCW,0,S,0,0,0
D7651658,402930,408253,1,1800,1798,0,0,56,90,CCW,0,S,0,0,0
D7651658,402931,408254,1,1796,1798,0,0,56,90,CCW,0,S,0,0,0
D7651658,402932,408255,1,1797,1798,0,0,56,90,CCW,0,S,0,0,0
D7651658,402933,408256,1,1799,1798,0,0,56,90,CCW,0,S,0,0,0
D7651658,402934,408257,1,1795,1798,0,0,56,90,CCW,0,S,0,0,0
D7651658,402935,408258,1,1798,1798,0,0,56,90,CCW,0,S,0,0,0
D7651658,402936,408259,1,1800,1798,0,0,56,90,CCW,0,S,0,0,0
D7651658,402937,408260,1,1801,1798,0,0,56,90,CCW,0,S,0,0,0
D7651658,402938,408261,1,1800,1798,0,0,56,90,CCW,0,S,0,0,0
D7651658,402939,408262,1,1799,1798,0,0,56,90,CCW,0,S,0,0,0
D7651658,402940,408263,1,1798,1798,0,0,56,90,CCW,0,S,0,0,0
D7651658,402941,408264,1,1799,1798,0,0,56,90,CCW,0,S,0,0,0
D7651658,402942,408265,1,1798,1798,0,0,56,90,CCW,0,S,0,0,0
D7651658,402943,408266,1,1800,1798,0,0,56,90,CCW,0,S,0,0,0
D7651658,402944,408267,1,1799,1798,0,0,56,90,CCW,0,S,0,0,0
D7651658,402945,408268,1,1799,1798,0,0,56,90,CCW,0,S,0,0,0
D7651658,402946,408269,1,1798,1798,0,0,56,90,CCW,0,S,0,0,0
D7651658,402947,408270,1,1798,1798,0,0,56,90,CCW,0,S,0,0,0
D7651658,402948,408271,1,1800,1798,0,0,56,90,CCW,0,S,0,0,0
D7651658,402949,408272,1,1799,1798,0,0,56,90,CCW,0,S,0,0,0
D7651658,402950,408273,1,1799,1798,0,0,56,90,CCW,0,S,0,0,0
D7651658,402951,408274,1,1801,1798,0,0,56,90,CCW,0,S,0,0,0
D7651658,402952,408275,1,1799,1798,0,0,56,90,CCW,0,S,0,0,0
D7651658,402953,408276,1,1799,1798,0,0,56,90,CCW,0,S,0,0,0
D7651658,402954,408277,1,1799,1798,0,0,56,90,CCW,0,S,0,0,0
D7651658,402955,408278,1,1800,1798,0,0,56,90,CCW,0,S,0,0,0
D7651658,402956,408279,1,1799,1798,0,0,56,90,CCW,0,S,0,0,0
D7651658,402957,408280,1,1798,1798,0,0,56,90,CCW,0,S,0,0,0
D7651658,402958,408281,1,1799,1798,0,0,56,90,CCW,0,S,0,0,0
D7651658,402959,408282,1,1800,1798,0,0,56,90,CCW,0,S,0,0,0
D7651658,402960,408283,1,1799,1798,0,0,56,90,CCW,0,S,0,0,0
D7651658,402961,408284,1,1798,1798,0,0,56,90,CCW,0,S,0,0,0
D7651658,402962,408285,1,1800,1798,0,0,56,90,CCW,0,S,0,0,0
D7651658,402963,408286,1,1800,1798,0,0,56,90,CCW,0,S,0,0,0
D7651658,402964,408287,1,1799,1798,0,0,56,90,CCW,0,S,0,0,0
D7651658,402965,408288,1,1800,1798,0,0,56,90,CCW,0,S,0,0,0
D7651658,402966,408289,1,1800,1798,0,0,56,90,CCW,0,S,0,0,0
D7651658,402967,408290,1,1799,1798,0,0,56,90,CCW,0,S,0,0,0
D7651658,402968,408291,1,1800,1798,0,0,56,90,CCW,0,S,0,0,0
D7651658,402969,408292,1,1799,1798,0,0,56,90,CCW,0,S,0,0,0
D7651658,402970,408293,1,1800,1798,0,0,56,90,CCW,0,S,0,0,0
D7651658,402971,408294,1,1798,1798,0,0,56,90,CCW,0,S,0,0,0
D7651658,402972,408295,1,1800,1798,0,0,56,90,CCW,0,S,0,0,0
D7651658,402973,408296,1,1799,1798,0,0,56,90,CCW,0,S,0,0,0
D7651658,402974,408297,1,1799,1798,0,0,56,90,CCW,0,S,0,0,0
D7651658,402975,408298,1,1799,1798,0,0,56,90,CCW,0,S,0,0,0
D7651658,402976,408299,1,1800,1798,0,0,56,90,CCW,0,S,0,0,0
D7651658,402977,408300,1,1800,1798,0,0,56,90,CCW,0,S,0,0,0
D7651658,402978,408301,1,1799,1798,0,0,56,90,CCW,0,S,0,0,0
D7651658,402979,408302,1,1799,1798,0,0,56,90,CCW,0,S,0,0,0
D7651658,402980,408303,1,1800,1798,0,0,56,90,CCW,0,S,0,0,0
D7651658,402981,408304,1,1798,1798,0,0,56,90,CCW,0,S,0,0,0
D7651658,402982,408305,1,1799,1798,0,0,56,90,CCW,0,S,0,0,0
D7651658,402983,408306,1,1800,1798,0,0,56,90,CCW,0,S,0,0,0
D7651658,402984,408307,1,1797,1798,0,0,56,90,CCW,0,S,0,0,0
D7651658,402985,408308,1,1799,1798,0,0,56,90,CCW,0,S,0,0,0
D7651658,402986,408309,1,1804,1798,0,0,56,90,CCW,0,S,0,0,0
D7651658,402987,408310,1,1801,1798,0,0,56,90,CCW,0,S,0,0,0
D7651658,402988,408311,1,1799,1798,0,0,56,90,CCW,0,S,0,0,0
D7651658,402989,408312,1,1803,1798,0,0,56,90,CCW,0,S,0,0,0
D7651658,402990,408313,1,1797,1798,0,0,56,90,CCW,0,S,0,0,0
D7651658,402991,408314,1,1799,1798,0,0,56,90,CCW,0,S,0,0,0
D7651658,402992,408315,1,1800,1798,0,0,56,90,CCW,0,S,0,0,0
D7651658,402993,408316,1,1798,1798,0,0,56,90,CCW,0,S,0,0,0
D7651658,402994,408317,1,1800,1798,0,0,56,90,CCW,0,S,0,0,0
D7651658,402995,408318,1,1798,1798,0,0,56,90,CCW,0,S,0,0,0
D7651658,402996,408319,1,1798,1798,0,0,56,90,CCW,0,S,0,0,0
D7651658,402997,408320,1,1800,1798,0,0,56,90,CCW,0,S,0,0,0
D7651658,402998,408321,1,1799,1798,0,0,56,90,CCW,0,S,0,0,0
D7651658,402999,408322,1,1800,1798,0,0,56,90,CCW,0,S,0,0,0
D7651658,403000,408323,1,1799,1798,0,0,56,90,CCW,0,S,0,0,0
D7651658,403001,408324,1,1797,1798,0,0,56,90,CCW,0,S,0,0,0
D7651658,403002,408325,1,1799,1798,0,0,56,90,CCW,0,S,0,0,0
D7651658,403003,408326,1,1799,1798,0,0,56,90,CCW,0,S,0,0,0
D7651658,403004,408327,1,1795,1798,0,0,56,90,CCW,0,S,0,0,0
D7651658,403005,408328,1,1796,1798,0,0,56,90,CCW,0,S,0,0,0
D7651658,403006,408329,1,1799,1798,0,0,56,90,CCW,0,S,0,0,0
D7651658,403007,408330,1,1798,1798,0,0,56,90,CCW,0,S,0,0,0
D7651658,403008,408331,1,1798,1798,0,0,56,90,CCW,0,S,0,0,0
D7651658,403009,408332,1,1800,1798,0,0,56,90,CCW,0,S,0,0,0
D7651658,403010,408333,1,1799,1798,0,0,56,90,CCW,0,S,0,0,0
D7651658,403011,408334,1,1797,1798,0,0,56,90,CCW,0,S,0,0,0
D7651658,403012,408335,1,1799,1798,0,0,56,90,CCW,0,S,0,0,0
D7651658,403013,408336,1,1797,1798,0,0,56,90,CCW,0,S,0,0,0
D7651658,403014,408337,1,1799,1798,0,0,56,90,CCW,0,S,0,0,0
D7651658,403015,408338,1,1798,1798,0,0,56,90,CCW,0,S,0,0,0
D7651658,403016,408339,1,1799,1798,0,0,56,90,CCW,0,S,0,0,0
D7651658,403017,408340,1,1799,1798,0,0,56,90,CCW,0,S,0,0,0
D7651658,403018,408341,1,1798,1798,0,0,56,90,CCW,0,S,0,0,0
D7651658,403019,408342,1,1798,1798,0,0,56,90,CCW,0,S,0,0,0
D7651658,403020,408343,1,1798,1798,0,0,56,90,CCW,0,S,0,0,0
D7651658,403021,408344,1,1798,1798,0,0,56,90,CCW,0,S,0,0,0
D7651658,403022,408345,1,1800,1798,0,0,56,90,CCW,0,S,0,0,0
D7651658,403023,408346,1,1799,1798,0,0,56,90,CCW,0,S,0,0,0
D7651658,403024,408347,1,1798,1798,0,0,56,90,CCW,0,S,0,0,0
D7651658,403025,408348,1,1799,1798,0,0,56,90,CCW,0,S,0,0,0
D7651658,403026,408350,2,1798,1798,0,0,56,90,CCW,0,S,0,1,1
D7651658,403027,408351,1,1797,1798,0,0,56,90,CCW,0,S,0,0,0
D7651658,403028,408352,1,1799,1798,0,0,56,90,CCW,0,S,0,0,0
D7651658,403029,408353,1,1798,1798,0,0,57,90,CCW,0,S,0,0,0
D7651658,403030,408354,1,1807,1798,0,0,57,90,CCW,0,S,0,0,0
D7651658,403031,408355,1,1798,1798,0,0,57,90,CCW,0,S,0,0,0
D7651658,403032,408356,1,1801,1798,0,0,57,90,CCW,0,S,0,0,0
D7651658,403033,408357,1,1798,1798,0,0,57,90,CCW,0,S,0,0,0
D7651658,403034,408358,1,1796,1798,0,0,57,90,CCW,0,S,0,0,0
D7651658,403035,408359,1,1797,1798,0,0,57,90,CCW,0,S,0,0,0
D7651658,403036,408360,1,1797,1798,0,0,57,90,CCW,0,S,0,0,0
D7651658,403037,408361,1,1797,1798,0,0,57,90,CCW,0,S,0,0,0
D7651658,403038,408362,1,1796,1798,0,0,57,90,CCW,0,S,0,0,0
D7651658,403039,408363,1,1805,1798,0,0,57,90,CCW,0,S,0,0,0
D7651658,403040,408364,1,1800,1798,0,0,57,90,CCW,0,S,0,0,0
D7651658,403041,408365,1,1799,1798,0,0,57,90,CCW,0,S,0,0,0
D7651658,403042,408366,1,1796,1798,0,0,57,90,CCW,0,S,0,0,0
D7651658,403043,408367,1,1800,1798,0,0,57,90,CCW,0,S,0,0,0
D7651658,403044,408368,1,1799,1798,0,0,57,90,CCW,0,S,0,0,0
D7651658,403045,408369,1,1800,1798,0,0,57,90,CCW,0,S,0,0,0
D7651658,403046,408370,1,1799,1798,0,0,57,90,CCW,0,S,0,0,0
D7651658,403047,408371,1,1799,1798,0,0,57,90,CCW,0,S,0,0,0
D7651658,403048,408372,1,1800,1798,0,0,57,90,CCW,0,S,0,0,0
D7651658,403049,408373,1,1799,1798,0,0,57,90,CCW,0,S,0,0,0
D7651658,403050,408374,1,1799,1798,0,0,57,90,CCW,0,S,0,0,0
D7651658,403051,408375,1,1800,1798,0,0,57,90,CCW,0,S,0,0,0
D7651658,403052,408376,1,1796,1798,0,0,57,90,CCW,0,S,0,0,0
D7651658,403053,408377,1,1800,1798,0,0,57,90,CCW,0,S,0,0,0
D7651658,403054,408378,1,1798,1798,0,0,57,90,CCW,0,S,0,0,0
D7651658,403055,408379,1,1798,1798,0,0,57,90,CCW,0,S,0,0,0
D7651658,403056,408380,1,1800,1798,0,0,57,90,CCW,0,S,0,0,0
D7651658,403057,408381,1,1798,1798,0,0,57,90,CCW,0,S,0,0,0
D7651658,403058,408382,1,1797,1798,0,0,57,90,CCW,0,S,0,0,0
D7651658,403059,408383,1,1798,1798,0,0,57,90,CCW,0,S,0,0,0
D7651658,403060,408384,1,1796,1798,0,0,57,90,CCW,0,S,0,0,0
D7651658,403061,408385,1,1799,1798,0,0,57,90,CCW,0,S,0,0,0
D7651658,403062,408386,1,1801,1798,0,0,57,90,CCW,0,S,0,0,0
D7651658,403063,408387,1,1797,1798,0,0,57,90,CCW,0,S,0,0,0
D7651658,403064,408388,1,1803,1798,0,0,57,90,CCW,0,S,0,0,0
D7651658,403065,408389,1,1800,1798,0,0,57,90,CCW,0,S,0,0,0
D7651658,403066,408390,1,1799,1798,0,0,57,90,CCW,0,S,0,0,0
D7651658,403067,408391,1,1797,1798,0,0,57,90,CCW,0,S,0,0,0
D7651658,403068,408392,1,1799,1798,0,0,57,90,CCW,0,S,0,0,0
D7651658,403069,408393,1,1798,1798,0,0,57,90,CCW,0,S,0,0,0
D7651658,403070,408394,1,1799,1798,0,0,57,90,CCW,0,S,0,0,0
D7651658,403071,408395,1,1800,1798,0,0,57,90,CCW,0,S,0,0,0
D7651658,403072,408396,1,1799,1798,0,0,57,90,CCW,0,S,0,0,0
D7651658,403073,408397,1,1799,1798,0,0,57,90,CCW,0,S,0,0,0
D7651658,403074,408398,1,1813,1798,0,0,57,90,CCW,0,S,0,0,0
D7651658,403075,408399,1,1800,1798,0,0,57,90,CCW,0,S,0,0,0
D7651658,403076,408400,1,1801,1798,0,0,57,90,CCW,0,S,0,0,0
D7651658,403077,408401,1,1800,1798,0,0,57,90,CCW,0,S,0,0,0
D7651658,403078,408402,1,1798,1798,0,0,57,90,CCW,0,S,0,0,0
D7651658,403079,408403,1,1793,1798,0,0,57,90,CCW,0,S,0,0,0
D7651658,403080,408404,1,1803,1798,0,0,57,90,CCW,0,S,0,0,0
D7651658,403081,408405,1,1798,1798,0,0,57,90,CCW,0,S,0,0,0
D7651658,403082,408406,1,1800,1798,0,0,57,90,CCW,0,S,0,0,0
D7651658,403083,408407,1,1795,1798,0,0,57,90,CCW,0,S,0,0,0
D7651658,403084,408408,1,1798,1798,0,0,57,90,CCW,0,S,0,0,0
D7651658,403085,408409,1,1801,1798,0,0,57,90,CCW,0,S,0,0,0
D7651658,403086,408410,1,1798,1798,0,0,57,90,CCW,0,S,0,0,0
D7651658,403087,408411,1,1800,1798,0,0,57,90,CCW,0,S,0,0,0
D7651658,403088,408412,1,1799,1798,0,0,57,90,CCW,0,S,0,0,0
D7651658,403089,408413,1,1802,1798,0,0,57,90,CCW,0,S,0,0,0
D7651658,403090,408414,1,1799,1798,0,0,57,90,CCW,0,S,0,0,0
D7651658,403091,408415,1,1799,1798,0,0,57,90,CCW,0,S,0,0,0
D7651658,403092,408416,1,1799,1798,0,0,57,90,CCW,0,S,0,0,0
D7651658,403093,408417,1,1800,1798,0,0,57,90,CCW,0,S,0,0,0
D7651658,403094,408418,1,1799,1798,0,0,57,90,CCW,0,S,0,0,0
D7651658,403095,408419,1,1798,1798,0,0,57,90,CCW,0,S,0,0,0
D7651658,403096,408420,1,1799,1798,0,0,57,90,CCW,0,S,0,0,0
D7651658,403097,408421,1,1799,1798,0,0,57,90,CCW,0,S,0,0,0
D7651658,403098,408422,1,1800,1798,0,0,57,90,CCW,0,S,0,0,0
D7651658,403099,408423,1,1799,1798,0,0,57,90,CCW,0,S,0,0,0
D7651658,403100,408424,1,1807,1798,0,0,57,90,CCW,0,S,0,0,0
D7651658,403101,408425,1,1799,1798,0,0,57,90,CCW,0,S,0,0,0
D7651658,403102,408426,1,1800,1798,0,0,57,90,CCW,0,S,0,0,0
D7651658,403103,408427,1,1799,1798,0,0,57,90,CCW,0,S,0,0,0
D7651658,403104,408428,1,1800,1798,0,0,57,90,CCW,0,S,0,0,0
D7651658,403105,408429,1,1798,1798,0,0,57,90,CCW,0,S,0,0,0
D7651658,403106,408430,1,1800,1798,0,0,57,90,CCW,0,S,0,0,0
D7651658,403107,408431,1,1799,1798,0,0,57,90,CCW,0,S,0,0,0
D7651658,403108,408432,1,1800,1798,0,0,57,90,CCW,0,S,0,0,0
D7651658,403109,408433,1,1799,1798,0,0,57,90,CCW,0,S,0,0,0
D7651658,403110,408434,1,1799,1798,0,0,57,90,CCW,0,S,0,0,0
D7651658,403111,408435,1,1798,1798,0,0,57,90,CCW,0,S,0,0,0
D7651658,403112,408436,1,1798,1798,0,0,57,90,CCW,0,S,0,0,0
D7651658,403113,408437,1,1800,1798,0,0,57,90,CCW,0,S,0,0,0
D7651658,403114,408438,1,1798,1798,0,0,57,90,CCW,0,S,0,0,0
D7651658,403115,408439,1,1800,1798,0,0,57,90,CCW,0,S,0,0,0
D7651658,403116,408440,1,1798,1798,0,0,57,90,CCW,0,S,0,0,0
D7651658,403117,408441,1,1796,1798,0,0,57,90,CCW,0,S,0,0,0
D7651658,403118,408442,1,1798,1798,0,0,57,90,CCW,0,S,0,0,0
D7651658,403119,408443,1,1796,1798,0,0,57,90,CCW,0,S,0,0,0
D7651658,403120,408444,1,1798,1798,0,0,57,90,CCW,0,S,0,0,0
D7651658,403121,408445,1,1800,1798,0,0,57,90,CCW,0,S,0,0,0
D7651658,403122,408446,1,1800,1798,0,0,57,90,CCW,0,S,0,0,0
D7651658,403123,408447,1,1799,1798,0,0,57,90,CCW,0,S,0,0,0
D7651658,403124,408448,1,1800,1798,0,0,57,90,CCW,0,S,0,0,0
D7651658,403125,408449,1,1798,1798,0,0,57,90,CCW,0,S,0,0,0
D7651658,403126,408450,1,1801,1798,0,0,57,90,CCW,0,S,0,0,0
D7651658,403127,408451,1,1800,1798,0,0,57,90,CCW,0,S,0,0,0
D7651658,403128,408452,1,1800,1798,0,0,57,90,CCW,0,S,0,0,0
D7651658,403129,408453,1,1799,1798,0,0,57,90,CCW,0,S,0,0,0
D7651658,403130,408454,1,1798,1798,0,0,57,90,CCW,0,S,0,0,0
D7651658,403131,408455,1,1801,1798,0,0,57,90,CCW,0,S,0,0,0
D7651658,403132,408457,2,1798,1798,0,0,57,90,CCW,0,S,0,1,1
D7651658,403133,408458,1,1800,1798,0,0,57,90,CCW,0,S,0,0,0
D7651658,403134,408459,1,1801,1798,0,0,57,90,CCW,0,S,0,0,0
D7651658,403135,408460,1,1802,1798,0,0,57,90,CCW,0,S,0,0,0
D7651658,403136,408461,1,1799,1798,0,0,57,90,CCW,0,S,0,0,0
D7651658,403137,408463,2,1801,1798,0,0,57,90,CCW,0,S,0,1,1
D7651658,403138,408464,1,1810,1798,0,0,57,90,CCW,0,S,0,0,0
D7651658,403139,408465,1,1801,1798,0,0,57,90,CCW,0,S,0,0,0
D7651658,403140,408466,1,1801,1798,0,0,57,90,CCW,0,S,0,0,0
D7651658,403141,408467,1,1800,1798,0,0,57,90,CCW,0,S,0,0,0
D7651658,403142,408468,1,1797,1798,0,0,57,90,CCW,0,S,0,0,0
D7651658,403143,408469,1,1797,1798,0,0,57,90,CCW,0,S,0,0,0
D7651658,403144,408470,1,1799,1798,0,0,57,90,CCW,0,S,0,0,0
D7651658,403145,408471,1,1800,1798,0,0,57,90,CCW,0,S,0,0,0
D7651658,403146,408472,1,1800,1798,0,0,57,90,CCW,0,S,0,0,0
D7651658,403147,408473,1,1800,1798,0,0,57,90,CCW,0,S,0,0,0
D7651658,403148,408474,1,1799,1798,0,0,57,90,CCW,0,S,0,0,0
D7651658,403149,408475,1,1801,1798,0,0,57,90,CCW,0,S,0,0,0
D7651658,403150,408476,1,1799,1798,0,0,57,90,CCW,0,S,0,0,0
D7651658,403151,408477,1,1802,1798,0,0,57,90,CCW,0,S,0,0,0
D7651658,403152,408478,1,1800,1798,0,0,57,90,CCW,0,S,0,0,0
D7651658,403153,408479,1,1799,1798,0,0,57,90,CCW,0,S,0,0,0
D7651658,403154,408480,1,1800,1798,0,0,57,90,CCW,0,S,0,0,0
D7651658,403155,408481,1,1798,1798,0,0,57,90,CCW,0,S,0,0,0
D7651658,403156,408482,1,1799,1798,0,0,57,90,CCW,0,S,0,0,0
D7651658,403157,408483,1,1799,1798,0,0,57,90,CCW,0,S,0,0,0
D7651658,403158,408484,1,1813,1798,0,0,57,90,CCW,0,S,0,0,0
D7651658,403159,408485,1,1799,1798,0,0,57,90,CCW,0,S,0,0,0
D7651658,403160,408486,1,1800,1798,0,0,57,90,CCW,0,S,0,0,0
D7651658,403161,408487,1,1798,1798,0,0,57,90,CCW,0,S,0,0,0
D7651658,403162,408488,1,1800,1798,0,0,57,90,CCW,0,S,0,0,0
D7651658,403163,408489,1,1800,1798,0,0,57,90,CCW,0,S,0,0,0
D7651658,403164,408490,1,1788,1798,0,0,57,90,CCW,0,S,0,0,0
D7651658,403165,408491,1,1800,1798,0,0,57,90,CCW,0,S,0,0,0
D7651658,403166,408492,1,1799,1798,0,0,57,90,CCW,0,S,0,0,0
D7651658,403167,408493,1,1800,1798,0,0,57,90,CCW,0,S,0,0,0
D7651658,403168,408494,1,1795,1798,0,0,57,90,CCW,0,S,0,0,0
D7651658,403169,408495,1,1799,1798,0,0,57,90,CCW,0,S,0,0,0
D7651658,403170,408496,1,1800,1798,0,0,57,90,CCW,0,S,0,0,0
D7651658,403171,408497,1,1800,1798,0,0,57,90,CCW,0,S,0,0,0
D7651658,403172,408498,1,1801,1798,0,0,57,90,CCW,0,S,0,0,0
D7651658,403173,408499,1,1799,1798,0,0,57,90,CCW,0,S,0,0,0
D7651658,403174,408500,1,1800,1798,0,0,57,90,CCW,0,S,0,0,0
D7651658,403175,408501,1,1801,1798,0,0,57,90,CCW,0,S,0,0,0
D7651658,403176,408502,1,1799,1798,0,0,57,90,CCW,0,S,0,0,0
D7651658,403177,408503,1,1801,1798,0,0,58,90,CCW,0,S,0,0,0
D7651658,403178,408504,1,1797,1798,0,0,58,90,CCW,0,S,0,0,0
D7651658,403179,408505,1,1798,1798,0,0,58,90,CCW,0,S,0,0,0
D7651658,403180,408506,1,1800,1798,0,0,58,90,CCW,0,S,0,0,0
D7651658,403181,408507,1,1799,1798,0,0,58,90,CCW,0,S,0,0,0
D7651658,403182,408508,1,1800,1798,0,0,58,90,CCW,0,S,0,0,0
D7651658,403183,408509,1,1799,1798,0,0,58,90,CCW,0,S,0,0,0
D7651658,403184,408510,1,1801,1798,0,0,58,90,CCW,0,S,0,0,0
D7651658,403185,408511,1,1798,1798,0,0,58,90,CCW,0,S,0,0,0
D7651658,403186,408512,1,1799,1798,0,0,58,90,CCW,0,S,0,0,0
D7651658,403187,408513,1,1800,1798,0,0,58,90,CCW,0,S,0,0,0
D7651658,403188,408514,1,1798,1798,0,0,58,90,CCW,0,S,0,0,0
D7651658,403189,408515,1,1803,1798,0,0,58,90,CCW,0,S,0,0,0
D7651658,403190,408516,1,1802,1798,0,0,58,90,CCW,0,S,0,0,0
D7651658,403191,408517,1,1799,1798,0,0,58,90,CCW,0,S,0,0,0
D7651658,403192,408518,1,1800,1798,0,0,58,90,CCW,0,S,0,0,0
D7651658,403193,408519,1,1801,1798,0,0,58,90,CCW,0,S,0,0,0
D7651658,403194,408520,1,1796,1798,0,0,58,90,CCW,0,S,0,0,0
D7651658,403195,408521,1,1800,1798,0,0,58,90,CCW,0,S,0,0,0
D7651658,403196,408522,1,1800,1798,0,0,58,90,CCW,0,S,0,0,0
D7651658,403197,408523,1,1800,1798,0,0,58,90,CCW,0,S,0,0,0
D7651658,403198,408524,1,1798,1798,0,0,58,90,CCW,0,S,0,0,0
D7651658,403199,408525,1,1799,1798,0,0,58,90,CCW,0,S,0,0,0
D7651658,403200,408526,1,1799,1798,0,0,58,90,CCW,0,S,0,0,0
D7651658,403201,408527,1,1800,1798,0,0,58,90,CCW,0,S,0,0,0
D7651658,403202,408528,1,1801,1798,0,0,58,90,CCW,0,S,0,0,0
D7651658,403203,408529,1,1796,1798,0,0,58,90,CCW,0,S,0,0,0
D7651658,403204,408530,1,1799,1798,0,0,58,90,CCW,0,S,0,0,0
D7651658,403205,408531,1,1816,1798,0,0,58,90,CCW,0,S,0,0,0
D7651658,403206,408532,1,1798,1798,0,0,58,90,CCW,0,S,0,0,0
D7651658,403207,408533,1,1800,1798,0,0,58,90,CCW,0,S,0,0,0
D7651658,403208,408534,1,1801,1798,0,0,58,90,CCW,0,S,0,0,0
D7651658,403209,408535,1,1799,1798,0,0,58,90,CCW,0,S,0,0,0
D7651658,403210,408536,1,1799,1798,0,0,58,90,CCW,0,S,0,0,0
D7651658,403211,408537,1,1800,1798,0,0,58,90,CCW,0,S,0,0,0
D7651658,403212,408538,1,1800,1798,0,0,58,90,CCW,0,S,0,0,0
D7651658,403213,408539,1,1801,1798,0,0,58,90,CCW,0,S,0,0,0
D7651658,403214,408540,1,1799,1798,0,0,58,90,CCW,0,S,0,0,0
D7651658,403215,408541,1,1800,1798,0,0,58,90,CCW,0,S,0,0,0
D7651658,403216,408542,1,1800,1798,0,0,58,90,CCW,0,S,0,0,0
D7651658,403217,408543,1,1797,1798,0,0,58,90,CCW,0,S,0,0,0
D7651658,403218,408544,1,1798,1798,0,0,58,90,CCW,0,S,0,0,0
D7651658,403219,408545,1,1798,1798,0,0,58,90,CCW,0,S,0,0,0
D7651658,403220,408546,1,1801,1798,0,0,58,90,CCW,0,S,0,0,0
D7651658,403221,408547,1,1801,1798,0,0,58,90,CCW,0,S,0,0,0
D7651658,403222,408548,1,1801,1798,0,0,58,90,CCW,0,S,0,0,0
D7651658,403223,408549,1,1801,1798,0,0,58,90,CCW,0,S,0,0,0
D7651658,403224,408550,1,1801,1798,0,0,58,90,CCW,0,S,0,0,0
D7651658,403225,408551,1,1799,1798,0,0,58,90,CCW,0,S,0,0,0
D7651658,403226,408552,1,1798,1798,0,0,58,90,CCW,0,S,0,0,0
D7651658,403227,408553,1,1801,1798,0,0,58,90,CCW,0,S,0,0,0
D7651658,403228,408554,1,1801,1798,0,0,58,90,CCW,0,S,0,0,0
D7651658,403229,408555,1,1800,1798,0,0,58,90,CCW,0,S,0,0,0
D7651658,403230,408556,1,1792,1798,0,0,58,90,CCW,0,S,0,0,0
D7651658,403231,408557,1,1792,1798,0,0,58,90,CCW,0,S,0,0,0
D7651658,403232,408558,1,1800,1798,0,0,58,90,CCW,0,S,0,0,0
D7651658,403233,408559,1,1800,1798,0,0,58,90,CCW,0,S,0,0,0
D7651658,403234,408560,1,1800,1798,0,0,58,90,CCW,0,S,0,0,0
D7651658,403235,408561,1,1798,1798,0,0,58,90,CCW,0,S,0,0,0
D7651658,403236,408562,1,1799,1798,0,0,58,90,CCW,0,S,0,0,0
D7651658,403237,408563,1,1801,1798,0,0,58,90,CCW,0,S,0,0,0
D7651658,403238,408564,1,1800,1798,0,0,58,90,CCW,0,S,0,0,0
D7651658,403239,408565,1,1799,1798,0,0,58,90,CCW,0,S,0,0,0
D7651658,403240,408566,1,1800,1798,0,0,58,90,CCW,0,S,0,0,0
D7651658,403241,408567,1,1801,1798,0,0,58,90,CCW,0,S,0,0,0
D7651658,403242,408568,1,1800,1798,0,0,58,90,CCW,0,S,0,0,0
D7651658,403243,408569,1,1800,1798,0,0,58,90,CCW,0,S,0,0,0
D7651658,403244,408570,1,1799,1798,0,0,58,90,CCW,0,S,0,0,0
D7651658,403245,408571,1,1800,1798,0,0,58,90,CCW,0,S,0,0,0
D7651658,403246,408572,1,1800,1798,0,0,58,90,CCW,0,S,0,0,0
D7651658,403247,408573,1,1797,1798,0,0,58,90,CCW,0,S,0,0,0
D7651658,403248,408574,1,1799,1798,0,0,58,90,CCW,0,S,0,0,0
D7651658,403249,408575,1,1800,1798,0,0,58,90,CCW,0,S,0,0,0
D7651658,403250,408576,1,1800,1798,0,0,58,90,CCW,0,S,0,0,0
D7651658,403251,408577,1,1790,1798,0,0,58,90,CCW,0,S,0,0,0
D7651658,403252,408578,1,1800,1798,0,0,58,90,CCW,0,S,0,0,0
D7651658,403253,408579,1,1801,1798,0,0,58,90,CCW,0,S,0,0,0
D7651658,403254,408580,1,1801,1798,0,0,58,90,CCW,0,S,0,0,0
D7651658,403255,408581,1,1792,1798,0,0,58,90,CCW,0,S,0,0,0
D7651658,403256,408582,1,1798,1798,0,0,58,90,CCW,0,S,0,0,0
D7651658,403257,408583,1,1800,1798,0,0,58,90,CCW,0,S,0,0,0
D7651658,403258,408584,1,1798,1798,0,0,58,90,CCW,0,S,0,0,0
D7651658,403259,408585,1,1800,1798,0,0,58,90,CCW,0,S,0,0,0
D7651658,403260,408586,1,1803,1798,0,0,58,90,CCW,0,S,0,0,0
D7651658,403261,408587,1,1797,1798,0,0,58,90,CCW,0,S,0,0,0
D7651658,403262,408588,1,1801,1798,0,0,58,90,CCW,0,S,0,0,0
D7651658,403263,408589,1,1800,1798,0,0,58,90,CCW,0,S,0,0,0
D7651658,403264,408590,1,1799,1798,0,0,58,90,CCW,0,S,0,0,0
D7651658,403265,408591,1,1800,1798,0,0,58,90,CCW,0,S,0,0,0
D7651658,403266,408592,1,1800,1798,0,0,58,90,CCW,0,S,0,0,0
D7651658,403267,408593,1,1800,1798,0,0,58,90,CCW,0,S,0,0,0
D7651658,403268,408594,1,1799,1798,0,0,58,90,CCW,0,S,0,0,0
D7651658,403269,408595,1,1800,1798,0,0,58,90,CCW,0,S,0,0,0
D7651658,403270,408596,1,1799,1798,0,0,58,90,CCW,0,S,0,0,0
D7651658,403271,408597,1,1799,1798,0,0,58,90,CCW,0,S,0,0,0
D7651658,403272,408598,1,1800,1798,0,0,58,90,CCW,0,S,0,0,0
D7651658,403273,408599,1,1799,1798,0,0,58,90,CCW,0,S,0,0,0
D7651658,403274,408600,1,1799,1798,0,0,58,90,CCW,0,S,0,0,0
D7651658,403275,408601,1,1801,1798,0,0,58,90,CCW,0,S,0,0,0
D7651658,403276,408602,1,1797,1798,0,0,58,90,CCW,0,S,0,0,0
D7651658,403277,408603,1,1798,1798,0,0,58,90,CCW,0,S,0,0,0
D7651658,403278,408604,1,1798,1798,0,0,58,90,CCW,0,S,0,0,0
D7651658,403279,408605,1,1795,1798,0,0,58,90,CCW,0,S,0,0,0
D7651658,403280,408606,1,1798,1798,0,0,58,90,CCW,0,S,0,0,0
D7651658,403281,408607,1,1799,1798,0,0,58,90,CCW,0,S,0,0,0
D7651658,403282,408608,1,1800,1798,0,0,58,90,CCW,0,S,0,0,0
D7651658,403283,408609,1,1799,1798,0,0,58,90,CCW,0,S,0,0,0
D7651658,403284,408610,1,1799,1798,0,0,58,90,CCW,0,S,0,0,0
D7651658,403285,408611,1,1794,1798,0,0,58,90,CCW,0,S,0,0,0
D7651658,403286,408612,1,1801,1798,0,0,58,90,CCW,0,S,0,0,0
D7651658,403287,408613,1,1801,1798,0,0,58,90,CCW,0,S,0,0,0
D7651658,403288,408614,1,1797,1798,0,0,58,90,CCW,0,S,0,0,0
D7651658,403289,408615,1,1800,1798,0,0,58,90,CCW,0,S,0,0,0
D7651658,403290,408616,1,1799,1798,0,0,58,90,CCW,0,S,0,0,0
D7651658,403291,408617,1,1800,1798,0,0,58,90,CCW,0,S,0,0,0
D7651658,403292,408618,1,1799,1798,0,0,58,90,CCW,0,S,0,0,0
D7651658,403293,408619,1,1799,1798,0,0,58,90,CCW,0,S,0,0,0
D7651658,403294,408620,1,1799,1798,0,0,58,90,CCW,0,S,0,0,0
D7651658,403295,408621,1,1799,1798,0,0,58,90,CCW,0,S,0,0,0
D7651658,403296,408622,1,1808,1798,0,0,58,90,CCW,0,S,0,0,0
D7651658,403297,408623,1,1800,1798,0,0,58,90,CCW,0,S,0,0,0
D7651658,403298,408624,1,1801,1798,0,0,58,90,CCW,0,S,0,0,0
D7651658,403299,408625,1,1800,1798,0,0,58,90,CCW,0,S,0,0,0
D7651658,403300,408626,1,1797,1798,0,0,58,90,CCW,0,S,0,0,0
D7651658,403301,408627,1,1799,1798,0,0,58,90,CCW,0,S,0,0,0
D7651658,403302,408628,1,1800,1798,0,0,58,90,CCW,0,S,0,0,0
D7651658,403303,408629,1,1799,1798,0,0,58,90,CCW,0,S,0,0,0
D7651658,403304,408630,1,1799,1798,0,0,58,90,CCW,0,S,0,0,0
D7651658,403305,408631,1,1799,1798,0,0,58,90,CCW,0,S,0,0,0
D7651658,403306,408632,1,1799,1798,0,0,58,90,CCW,0,S,0,0,0
D7651658,403307,408633,1,1801,1798,0,0,58,90,CCW,0,S,0,0,0
D7651658,403308,408634,1,1800,1798,0,0,58,90,CCW,0,S,0,0,0
D7651658,403309,408635,1,1788,1798,0,0,58,90,CCW,0,S,0,0,0
D7651658,403310,408636,1,1799,1798,0,0,58,90,CCW,0,S,0,0,0
D7651658,403311,408637,1,1800,1798,0,0,58,90,CCW,0,S,0,0,0
D7651658,403312,408638,1,1799,1798,0,0,58,90,CCW,0,S,0,0,0
D7651658,403313,408639,1,1800,1798,0,0,58,90,CCW,0,S,0,0,0
D7651658,403314,408640,1,1800,1798,0,0,58,90,CCW,0,S,0,0,0
D7651658,403315,408641,1,1797,1798,0,0,58,90,CCW,0,S,0,0,0
D7651658,403316,408642,1,1799,1798,0,0,58,90,CCW,0,S,0,0,0
D7651658,403317,408643,1,1799,1798,0,0,58,90,CCW,0,S,0,0,0
D7651658,403318,408644,1,1800,1798,0,0,58,90,CCW,0,S,0,0,0
D7651658,403319,408645,1,1798,1798,0,0,58,90,CCW,0,S,0,0,0
D7651658,403320,408646,1,1799,1798,0,0,58,90,CCW,0,S,0,0,0
D7651658,403321,408647,1,1804,1798,0,0,58,90,CCW,0,S,0,0,0
D7651658,403322,408648,1,1796,1798,0,0,58,90,CCW,0,S,0,0,0
D7651658,403323,408649,1,1801,1798,0,0,58,90,CCW,0,S,0,0,0
D7651658,403324,408650,1,1799,1798,0,0,58,90,CCW,0,S,0,0,0
D7651658,403325,408651,1,1799,1798,0,0,58,90,CCW,0,S,0,0,0
D7651658,403326,408652,1,1801,1798,0,0,58,90,CCW,0,S,0,0,0
D7651658,403327,408653,1,1802,1798,0,0,59,90,CCW,0,S,0,0,0
D7651658,403328,408654,1,1799,1798,0,0,59,90,CCW,0,S,0,0,0
D7651658,403329,408655,1,1800,1798,0,0,59,90,CCW,0,S,0,0,0
D7651658,403330,408657,2,1800,1798,0,0,59,90,CCW,0,S,0,1,1
D7651658,403331,408658,1,1799,1798,0,0,59,90,CCW,0,S,0,0,0
D7651658,403332,408659,1,1797,1798,0,0,59,90,CCW,0,S,0,0,0
D7651658,403333,408660,1,1798,1798,0,0,59,90,CCW,0,S,0,0,0
D7651658,403334,408661,1,1798,1798,0,0,59,90,CCW,0,S,0,0,0
D7651658,403335,408662,1,1801,1798,0,0,59,90,CCW,0,S,0,0,0
D7651658,403336,408663,1,1799,1798,0,0,59,90,CCW,0,S,0,0,0
D7651658,403337,408664,1,1797,1798,0,0,59,90,CCW,0,S,0,0,0
D7651658,403338,408665,1,1799,1798,0,0,59,90,CCW,0,S,0,0,0
D7651658,403339,408666,1,1798,1798,0,0,59,90,CCW,0,S,0,0,0
D7651658,403340,408667,1,1798,1798,0,0,59,90,CCW,0,S,0,0,0
D7651658,403341,408668,1,1798,1798,0,0,59,90,CCW,0,S,0,0,0
D7651658,403342,408669,1,1800,1798,0,0,59,90,CCW,0,S,0,0,0
D7651658,403343,408670,1,1799,1798,0,0,59,90,CCW,0,S,0,0,0
D7651658,403344,408671,1,1797,1798,0,0,59,90,CCW,0,S,0,0,0
D7651658,403345,408672,1,1798,1798,0,0,59,90,CCW,0,S,0,0,0
D7651658,403346,408673,1,1800,1798,0,0,59,90,CCW,0,S,0,0,0
D7651658,403347,408674,1,1799,1798,0,0,59,90,CCW,0,S,0,0,0
D7651658,403348,408675,1,1801,1798,0,0,59,90,CCW,0,S,0,0,0
D7651658,403349,408676,1,1800,1798,0,0,59,90,CCW,0,S,0,0,0
D7651658,403350,408677,1,1800,1798,0,0,59,90,CCW,0,S,0,0,0
D7651658,403351,408678,1,1800,1798,0,0,59,90,CCW,0,S,0,0,0
D7651658,403352,408679,1,1809,1798,0,0,59,90,CCW,0,S,0,0,0
D7651658,403353,408680,1,1798,1798,0,0,59,90,CCW,0,S,0,0,0
D7651658,403354,408681,1,1799,1798,0,0,59,90,CCW,0,S,0,0,0
D7651658,403355,408682,1,1800,1798,0,0,59,90,CCW,0,S,0,0,0
D7651658,403356,408683,1,1798,1798,0,0,59,90,CCW,0,S,0,0,0
D7651658,403357,408684,1,1800,1798,0,0,59,90,CCW,0,S,0,0,0
D7651658,403358,408685,1,1800,1798,0,0,59,90,CCW,0,S,0,0,0
D7651658,403359,408686,1,1799,1798,0,0,59,90,CCW,0,S,0,0,0
D7651658,403360,408687,1,1800,1798,0,0,59,90,CCW,0,S,0,0,0
D7651658,403361,408688,1,1795,1798,0,0,59,90,CCW,0,S,0,0,0
D7651658,403362,408689,1,1802,1798,0,0,59,90,CCW,0,S,0,0,0
D7651658,403363,408690,1,1800,1798,0,0,59,90,CCW,0,S,0,0,0
D7651658,403364,408691,1,1799,1798,0,0,59,90,CCW,0,S,0,0,0
D7651658,403365,408692,1,1803,1798,0,0,59,90,CCW,0,S,0,0,0
D7651658,403366,408693,1,1800,1798,0,0,59,90,CCW,0,S,0,0,0
D7651658,403367,408694,1,1799,1798,0,0,59,90,CCW,0,S,0,0,0
D7651658,403368,408695,1,1799,1798,0,0,59,90,CCW,0,S,0,0,0
D7651658,403369,408696,1,1800,1798,0,0,59,90,CCW,0,S,0,0,0
D7651658,403370,408697,1,1800,1798,0,0,59,90,CCW,0,S,0,0,0
D7651658,403371,408698,1,1799,1798,0,0,59,90,CCW,0,S,0,0,0
D7651658,403372,408699,1,1799,1798,0,0,59,90,CCW,0,S,0,0,0
D7651658,403373,408700,1,1799,1798,0,0,59,90,CCW,0,S,0,0,0
D7651658,403374,408701,1,1799,1798,0,0,59,90,CCW,0,S,0,0,0
D7651658,403375,408702,1,1802,1798,0,0,59,90,CCW,0,S,0,0,0
D7651658,403376,408703,1,1800,1798,0,0,59,90,CCW,0,S,0,0,0
D7651658,403377,408704,1,1802,1798,0,0,59,90,CCW,0,S,0,0,0
D7651658,403378,408705,1,1800,1798,0,0,59,90,CCW,0,S,0,0,0
D7651658,403379,408706,1,1801,1798,0,0,59,90,CCW,0,S,0,0,0
D7651658,403380,408707,1,1800,1798,0,0,59,90,CCW,0,S,0,0,0
D7651658,403381,408708,1,1797,1798,0,0,59,90,CCW,0,S,0,0,0
D7651658,403382,408709,1,1798,1798,0,0,59,90,CCW,0,S,0,0,0
D7651658,403383,408710,1,1800,1798,0,0,59,90,CCW,0,S,0,0,0
D7651658,403384,408711,1,1799,1798,0,0,59,90,CCW,0,S,0,0,0
D7651658,403385,408712,1,1800,1798,0,0,59,90,CCW,0,S,0,0,0
D7651658,403386,408713,1,1800,1798,0,0,59,90,CCW,0,S,0,0,0
D7651658,403387,408714,1,1802,1798,0,0,59,90,CCW,0,S,0,0,0
D7651658,403388,408715,1,1801,1798,0,0,59,90,CCW,0,S,0,0,0
D7651658,403389,408716,1,1800,1798,0,0,59,90,CCW,0,S,0,0,0
D7651658,403390,408717,1,1814,1798,0,0,59,90,CCW,0,S,0,0,0
D7651658,403391,408718,1,1798,1798,0,0,59,90,CCW,0,S,0,0,0
D7651658,403392,408719,1,1800,1798,0,0,59,90,CCW,0,S,0,0,0
D7651658,403393,408720,1,1801,1798,0,0,59,90,CCW,0,S,0,0,0
D7651658,403394,408721,1,1800,1798,0,0,59,90,CCW,0,S,0,0,0
D7651658,403395,408722,1,1799,1798,0,0,59,90,CCW,0,S,0,0,0
D7651658,403396,408723,1,1799,1798,0,0,59,90,CCW,0,S,0,0,0
D7651658,403397,408724,1,1800,1798,0,0,59,90,CCW,0,S,0,0,0
D7651658,403398,408725,1,1802,1798,0,0,59,90,CCW,0,S,0,0,0
D7651658,403399,408726,1,1801,1798,0,0,59,90,CCW,0,S,0,0,0
D7651658,403400,408727,1,1800,1798,0,0,59,90,CCW,0,S,0,0,0
D7651658,403401,408728,1,1804,1798,0,0,59,90,CCW,0,S,0,0,0
D7651658,403402,408729,1,1798,1798,0,0,59,90,CCW,0,S,0,0,0
D7651658,403403,408730,1,1798,1798,0,0,59,90,CCW,0,S,0,0,0
D7651658,403404,408731,1,1800,1798,0,0,59,90,CCW,0,S,0,0,0
D7651658,403405,408732,1,1800,1798,0,0,59,90,CCW,0,S,0,0,0
D7651658,403406,408733,1,1799,1798,0,0,59,90,CCW,0,S,0,0,0
D7651658,403407,408734,1,1803,1798,0,0,59,90,CCW,0,S,0,0,0
D7651658,403408,408735,1,1802,1798,0,0,59,90,CCW,0,S,0,0,0
D7651658,403409,408736,1,1799,1798,0,0,59,90,CCW,0,S,0,0,0
D7651658,403410,408737,1,1800,1798,0,0,59,90,CCW,0,S,0,0,0
D7651658,403411,408738,1,1800,1798,0,0,59,90,CCW,0,S,0,0,0
D7651658,403412,408739,1,1801,1798,0,0,59,90,CCW,0,S,0,0,0
D7651658,403413,408740,1,1802,1798,0,0,59,90,CCW,0,S,0,0,0
D7651658,403414,408741,1,1801,1798,0,0,59,90,CCW,0,S,0,0,0
D7651658,403415,408742,1,1798,1798,0,0,59,90,CCW,0,S,0,0,0
D7651658,403416,408743,1,1802,1798,0,0,59,90,CCW,0,S,0,0,0
D7651658,403417,408744,1,1799,1798,0,0,59,90,CCW,0,S,0,0,0
D7651658,403418,408745,1,1801,1798,0,0,59,90,CCW,0,S,0,0,0
D7651658,403419,408746,1,1799,1798,0,0,59,90,CCW,0,S,0,0,0
D7651658,403420,408747,1,1800,1798,0,0,59,90,CCW,0,S,0,0,0
D7651658,403421,408748,1,1800,1798,0,0,59,90,CCW,0,S,0,0,0
D7651658,403422,408749,1,1800,1798,0,0,59,90,CCW,0,S,0,0,0
D7651658,403423,408750,1,1801,1798,0,0,59,90,CCW,0,S,0,0,0
D7651658,403424,408751,1,1800,1798,0,0,59,90,CCW,0,S,0,0,0
D7651658,403425,408752,1,1801,1798,0,0,59,90,CCW,0,S,0,0,0
D7651658,403426,408753,1,1795,1798,0,0,59,90,CCW,0,S,0,0,0
D7651658,403427,408754,1,1800,1798,0,0,59,90,CCW,0,S,0,0,0
D7651658,403428,408755,1,1801,1798,0,0,59,90,CCW,0,S,0,0,0
D7651658,403429,408756,1,1799,1798,0,0,59,90,CCW,0,S,0,0,0
D7651658,403430,408757,1,1800,1798,0,0,59,90,CCW,0,S,0,0,0
D7651658,403431,408758,1,1800,1798,0,0,59,90,CCW,0,S,0,0,0
D7651658,403432,408759,1,1802,1798,0,0,59,90,CCW,0,S,0,0,0
D7651658,403433,408760,1,1801,1798,0,0,59,90,CCW,0,S,0,0,0
D7651658,403434,408761,1,1801,1798,0,0,59,90,CCW,0,S,0,0,0
D7651658,403435,408762,1,1800,1798,0,0,59,90,CCW,0,S,0,0,0
D7651658,403436,408763,1,1803,1798,0,0,59,90,CCW,0,S,0,0,0
D7651658,403437,408764,1,1801,1798,0,0,59,90,CCW,0,S,0,0,0
D7651658,403438,408765,1,1801,1798,0,0,59,90,CCW,0,S,0,0,0
D7651658,403439,408766,1,1801,1798,0,0,59,90,CCW,0,S,0,0,0
D7651658,403440,408767,1,1802,1798,0,0,59,90,CCW,0,S,0,0,0
D7651658,403441,408768,1,1799,1798,0,0,59,90,CCW,0,S,0,0,0
D7651658,403442,408769,1,1800,1798,0,0,59,90,CCW,0,S,0,0,0
D7651658,403443,408770,1,1801,1798,0,0,59,90,CCW,0,S,0,0,0
D7651658,403444,408771,1,1800,1798,0,0,59,90,CCW,0,S,0,0,0
D7651658,403445,408772,1,1800,1798,0,0,59,90,CCW,0,S,0,0,0
D7651658,403446,408773,1,1804,1798,0,0,59,90,CCW,0,S,0,0,0
D7651658,403447,408774,1,1800,1798,0,0,59,90,CCW,0,S,0,0,0
D7651658,403448,408775,1,1801,1798,0,0,59,90,CCW,0,S,0,0,0
D7651658,403449,408776,1,1801,1798,0,0,59,90,CCW,0,S,0,0,0
D7651658,403450,408777,1,1799,1798,0,0,59,90,CCW,0,S,0,0,0
D7651658,403451,408778,1,1800,1798,0,0,59,90,CCW,0,S,0,0,0
D7651658,403452,408779,1,1799,1798,0,0,59,90,CCW,0,S,0,0,0
D7651658,403453,408780,1,1796,1798,0,0,59,90,CCW,0,S,0,0,0
D7651658,403454,408781,1,1800,1798,0,0,59,90,CCW,0,S,0,0,0
D7651658,403455,408782,1,1797,1798,0,0,59,90,CCW,0,S,0,0,0
D7651658,403456,408783,1,1801,1798,0,0,59,90,CCW,0,S,0,0,0
D7651658,403457,408784,1,1800,1798,0,0,59,90,CCW,0,S,0,0,0
D7651658,403458,408785,1,1804,1798,0,0,59,90,CCW,0,S,0,0,0
D7651658,403459,408786,1,1800,1798,0,0,59,90,CCW,0,S,0,0,0
D7651658,403460,408787,1,1802,1798,0,0,59,90,CCW,0,S,0,0,0
D7651658,403461,408788,1,1801,1798,0,0,59,90,CCW,0,S,0,0,0
D7651658,403462,408789,1,1801,1798,0,0,59,90,CCW,0,S,0,0,0
D7651658,403463,408790,1,1802,1798,0,0,59,90,CCW,0,S,0,0,0
D7651658,403464,408791,1,1800,1798,0,0,59,90,CCW,0,S,0,0,0
D7651658,403465,408792,1,1803,1798,0,0,59,90,CCW,0,S,0,0,0
D7651658,403466,408793,1,1802,1798,0,0,59,90,CCW,0,S,0,0,0
D7651658,403467,408794,1,1800,1798,0,0,59,90,CCW,0,S,0,0,0
D7651658,403468,408795,1,1800,1798,0,0,59,90,CCW,0,S,0,0,0
D7651658,403469,408796,1,1799,1798,0,0,59,90,CCW,0,S,0,0,0
D7651658,403470,408797,1,1801,1798,0,0,59,90,CCW,0,S,0,0,0
D7651658,403471,408798,1,1802,1798,0,0,59,90,CCW,0,S,0,0,0
D7651658,403472,408799,1,1800,1798,0,0,59,90,CCW,0,S,0,0,0
D7651658,403473,408800,1,1799,1798,0,0,59,90,CCW,0,S,0,0,0
D7651658,403474,408801,1,1803,1798,0,0,59,90,CCW,0,S,0,0,0
D7651658,403475,408802,1,1801,1798,0,0,59,90,CCW,0,S,0,0,0
D7651658,403476,408803,1,1805,1798,0,0,60,90,CCW,0,S,0,0,0
D7651658,403477,408804,1,1800,1798,0,0,60,90,CCW,0,S,0,0,0
D7651658,403478,408805,1,1801,1798,0,0,60,90,CCW,0,S,0,0,0
D7651658,403479,408806,1,1802,1798,0,0,60,90,CCW,0,S,0,0,0
D7651658,403480,408807,1,1800,1798,0,0,60,90,CCW,0,S,0,0,0
D7651658,403481,408808,1,1801,1798,0,0,60,90,CCW,0,S,0,0,0
D7651658,403482,408809,1,1801,1798,0,0,60,90,CCW,0,S,0,0,0
D7651658,403483,408810,1,1801,1798,0,0,60,90,CCW,0,S,0,0,0
D7651658,403484,408811,1,1802,1798,0,0,60,90,CCW,0,S,0,0,0
D7651658,403485,408812,1,1802,1798,0,0,60,90,CCW,0,S,0,0,0
D7651658,403486,408813,1,1802,1798,0,0,60,90,CCW,0,S,0,0,0
D7651658,403487,408814,1,1799,1798,0,0,60,90,CCW,0,S,0,0,0
D7651658,403488,408815,1,1801,1798,0,0,60,90,CCW,0,S,0,0,0
D7651658,403489,408816,1,1802,1798,0,0,60,90,CCW,0,S,0,0,0
D7651658,403490,408817,1,1801,1798,0,0,60,90,CCW,0,S,0,0,0
D7651658,403491,408818,1,1802,1798,0,0,60,90,CCW,0,S,0,0,0
D7651658,403492,408819,1,1799,1798,0,0,60,90,CCW,0,S,0,0,0
D7651658,403493,408820,1,1799,1798,0,0,60,90,CCW,0,S,0,0,0
D7651658,403494,408821,1,1801,1798,0,0,60,90,CCW,0,S,0,0,0
D7651658,403495,408822,1,1800,1798,0,0,60,90,CCW,0,S,0,0,0
D7651658,403496,408823,1,1799,1798,0,0,60,90,CCW,0,S,0,0,0
D7651658,403497,408824,1,1800,1798,0,0,60,90,CCW,0,S,0,0,0
D7651658,403498,408825,1,1801,1798,0,0,60,90,CCW,0,S,0,0,0
D7651658,403499,408826,1,1801,1798,0,0,60,90,CCW,0,S,0,0,0
D7651658,403500,408827,1,1803,1798,0,0,60,90,CCW,0,S,0,0,0
D7651658,403501,408828,1,1800,1798,0,0,60,90,CCW,0,S,0,0,0
D7651658,403502,408829,1,1795,1798,0,0,60,90,CCW,0,S,0,0,0
D7651658,403503,408830,1,1802,1798,0,0,60,90,CCW,0,S,0,0,0
D7651658,403504,408831,1,1801,1798,0,0,60,90,CCW,0,S,0,0,0
D7651658,403505,408832,1,1804,1798,0,0,60,90,CCW,0,S,0,0,0
D7651658,403506,408833,1,1798,1798,0,0,60,90,CCW,0,S,0,0,0
D7651658,403507,408834,1,1800,1798,0,0,60,90,CCW,0,S,0,0,0
D7651658,403508,408835,1,1801,1798,0,0,60,90,CCW,0,S,0,0,0
D7651658,403509,408836,1,1801,1798,0,0,60,90,CCW,0,S,0,0,0
D7651658,403510,408837,1,1802,1798,0,0,60,90,CCW,0,S,0,0,0
D7651658,403511,408838,1,1802,1798,0,0,60,90,CCW,0,S,0,0,0
D7651658,403512,408839,1,1801,1798,0,0,60,90,CCW,0,S,0,0,0
D7651658,403513,408840,1,1801,1798,0,0,60,90,CCW,0,S,0,0,0
D7651658,403514,408841,1,1803,1798,0,0,60,90,CCW,0,S,0,0,0
D7651658,403515,408842,1,1802,1798,0,0,60,90,CCW,0,S,0,0,0
D7651658,403516,408843,1,1803,1798,0,0,60,90,CCW,0,S,0,0,0
D7651658,403517,408844,1,1803,1798,0,0,60,90,CCW,0,S,0,0,0
D7651658,403518,408845,1,1801,1798,0,0,60,90,CCW,0,S,0,0,0
D7651658,403519,408846,1,1801,1798,0,0,60,90,CCW,0,S,0,0,0
D7651658,403520,408847,1,1800,1798,0,0,60,90,CCW,0,S,0,0,0
D7651658,403521,408848,1,1801,1798,0,0,60,90,CCW,0,S,0,0,0
D7651658,403522,408849,1,1802,1798,0,0,60,90,CCW,0,S,0,0,0
D7651658,403523,408850,1,1802,1798,0,0,60,90,CCW,0,S,0,0,0
D7651658,403524,408851,1,1800,1798,0,0,60,90,CCW,0,S,0,0,0
D7651658,403525,408852,1,1802,1798,0,0,60,90,CCW,0,S,0,0,0
D7651658,403526,408853,1,1802,1798,0,0,60,90,CCW,0,S,0,0,0
D7651658,403527,408854,1,1801,1798,0,0,60,90,CCW,0,S,0,0,0
D7651658,403528,408855,1,1800,1798,0,0,60,90,CCW,0,S,0,0,0
D7651658,403529,408856,1,1803,1798,0,0,60,90,CCW,0,S,0,0,0
D7651658,403530,408857,1,1800,1798,0,0,60,90,CCW,0,S,0,0,0
D7651658,403531,408858,1,1802,1798,0,0,60,90,CCW,0,S,0,0,0
D7651658,403532,408859,1,1802,1798,0,0,60,90,CCW,0,S,0,0,0
D7651658,403533,408860,1,1801,1798,0,0,60,90,CCW,0,S,0,0,0
D7651658,403534,408861,1,1802,1798,0,0,60,90,CCW,0,S,0,0,0
D7651658,403535,408862,1,1803,1798,0,0,60,90,CCW,0,S,0,0,0
D7651658,403536,408863,1,1802,1798,0,0,60,90,CCW,0,S,0,0,0
D7651658,403537,408864,1,1803,1798,0,0,60,90,CCW,0,S,0,0,0
D7651658,403538,408865,1,1801,1798,0,0,60,90,CCW,0,S,0,0,0
D7651658,403539,408866,1,1800,1798,0,0,60,90,CCW,0,S,0,0,0
D7651658,403540,408867,1,1819,1798,0,0,60,90,CCW,0,S,0,0,0
D7651658,403541,408868,1,1802,1798,0,0,60,90,CCW,0,S,0,0,0
D7651658,403542,408869,1,1791,1798,0,0,60,90,CCW,0,S,0,0,0
D7651658,403543,408870,1,1800,1798,0,0,60,90,CCW,0,S,0,0,0
D7651658,403544,408871,1,1803,1798,0,0,60,90,CCW,0,S,0,0,0
D7651658,403545,408872,1,1803,1798,0,0,60,90,CCW,0,S,0,0,0
D7651658,403546,408873,1,1801,1798,0,0,60,90,CCW,0,S,0,0,0
D7651658,403547,408874,1,1803,1798,0,0,60,90,CCW,0,S,0,0,0
D7651658,403548,408875,1,1803,1798,0,0,60,90,CCW,0,S,0,0,0
D7651658,403549,408876,1,1803,1798,0,0,60,90,CCW,0,S,0,0,0
D7651658,403550,408877,1,1802,1798,0,0,60,90,CCW,0,S,0,0,0
D7651658,403551,408878,1,1803,1798,0,0,60,90,CCW,0,S,0,0,0
D7651658,403552,408879,1,1802,1798,0,0,60,90,CCW,0,S,0,0,0
D7651658,403553,408880,1,1801,1798,0,0,60,90,CCW,0,S,0,0,0
D7651658,403554,408881,1,1801,1798,0,0,60,90,CCW,0,S,0,0,0
D7651658,403555,408882,1,1804,1798,0,0,60,90,CCW,0,S,0,0,0
D7651658,403556,408883,1,1802,1798,0,0,60,90,CCW,0,S,0,0,0
D7651658,403557,408884,1,1801,1798,0,0,60,90,CCW,0,S,0,0,0
D7651658,403558,408885,1,1802,1798,0,0,60,90,CCW,0,S,0,0,0
D7651658,403559,408886,1,1802,1798,0,0,60,90,CCW,0,S,0,0,0
D7651658,403560,408887,1,1804,1798,0,0,60,90,CCW,0,S,0,0,0
D7651658,403561,408888,1,1804,1798,0,0,60,90,CCW,0,S,0,0,0
D7651658,403562,408889,1,1804,1798,0,0,60,90,CCW,0,S,0,0,0
D7651658,403563,408890,1,1802,1798,0,0,60,90,CCW,0,S,0,0,0
D7651658,403564,408891,1,1803,1798,0,0,60,90,CCW,0,S,0,0,0
D7651658,403565,408892,1,1803,1798,0,0,60,90,CCW,0,S,0,0,0
D7651658,403566,408893,1,1803,1798,0,0,60,90,CCW,0,S,0,0,0
D7651658,403567,408894,1,1802,1798,0,0,60,90,CCW,0,S,0,0,0
D7651658,403568,408895,1,1804,1798,0,0,60,90,CCW,0,S,0,0,0
D7651658,403569,408896,1,1798,1798,0,0,60,90,CCW,0,S,0,0,0
D7651658,403570,408897,1,1803,1798,0,0,60,90,CCW,0,S,0,0,0
D7651658,403571,408898,1,1805,1798,0,0,60,90,CCW,0,S,0,0,0
D7651658,403572,408899,1,1801,1798,0,0,60,90,CCW,0,S,0,0,0
D7651658,403573,408900,1,1802,1798,0,0,60,90,CCW,0,S,0,0,0
D7651658,403574,408901,1,1803,1798,0,0,60,90,CCW,0,S,0,0,0
D7651658,403575,408902,1,1802,1798,0,0,60,90,CCW,0,S,0,0,0
D7651658,403576,408903,1,1803,1798,0,0,60,90,CCW,0,S,0,0,0
D7651658,403577,408904,1,1804,1798,0,0,60,90,CCW,0,S,0,0,0
D7651658,403578,408905,1,1802,1798,0,0,60,90,CCW,0,S,0,0,0
D7651658,403579,408906,1,1802,1798,0,0,60,90,CCW,0,S,0,0,0
D7651658,403580,408907,1,1804,1798,0,0,60,90,CCW,0,S,0,0,0
D7651658,403581,408908,1,1804,1798,0,0,60,90,CCW,0,S,0,0,0
D7651658,403582,408909,1,1808,1798,0,0,60,90,CCW,0,S,0,0,0
D7651658,403583,408910,1,1804,1798,0,0,60,90,CCW,0,S,0,0,0
D7651658,403584,408911,1,1802,1798,0,0,60,90,CCW,0,S,0,0,0
D7651658,403585,408912,1,1805,1798,0,0,60,90,CCW,0,S,0,0,0
D7651658,403586,408913,1,1804,1798,0,0,60,90,CCW,0,S,0,0,0
D7651658,403587,408914,1,1802,1798,0,0,60,90,CCW,0,S,0,0,0
D7651658,403588,408915,1,1803,1798,0,0,60,90,CCW,0,S,0,0,0
D7651658,403589,408916,1,1816,1798,0,0,60,90,CCW,0,S,0,0,0
D7651658,403590,408917,1,1804,1798,0,0,60,90,CCW,0,S,0,0,0
D7651658,403591,408918,1,1802,1798,0,0,60,90,CCW,0,S,0,0,0
D7651658,403592,408919,1,1803,1798,0,0,60,90,CCW,0,S,0,0,0
D7651658,403593,408920,1,1804,1798,0,0,60,90,CCW,0,S,0,0,0
D7651658,403594,408921,1,1804,1798,0,0,60,90,CCW,0,S,0,0,0
D7651658,403595,408922,1,1804,1798,0,0,60,90,CCW,0,S,0,0,0
D7651658,403596,408923,1,1804,1798,0,0,60,90,CCW,0,S,0,0,0
D7651658,403597,408924,1,1803,1798,0,0,60,90,CCW,0,S,0,0,0
D7651658,403598,408925,1,1804,1798,0,0,60,90,CCW,0,S,0,0,0
D7651658,403599,408926,1,1805,1798,0,0,60,90,CCW,0,S,0,0,0
D7651658,403600,408927,1,1802,1798,0,0,60,90,CCW,0,S,0,0,0
D7651658,403601,408928,1,1805,1798,0,0,60,90,CCW,0,S,0,0,0
D7651658,403602,408929,1,1804,1798,0,0,60,90,CCW,0,S,0,0,0
D7651658,403603,408930,1,1805,1798,0,0,60,90,CCW,0,S,0,0,0
D7651658,403604,408931,1,1804,1798,0,0,60,90,CCW,0,S,0,0,0
D7651658,403605,408932,1,1805,1798,0,0,60,90,CCW,0,S,0,0,0
D7651658,403606,408933,1,1804,1798,0,0,60,90,CCW,0,S,0,0,0
D7651658,403607,408934,1,1801,1798,0,0,60,90,CCW,0,S,0,0,0
D7651658,403608,408935,1,1804,1798,0,0,60,90,CCW,0,S,0,0,0
D7651658,403609,408936,1,1802,1798,0,0,60,90,CCW,0,S,0,0,0
D7651658,403610,408937,1,1804,1798,0,0,60,90,CCW,0,S,0,0,0
D7651658,403611,408938,1,1804,1798,0,0,60,90,CCW,0,S,0,0,0
D7651658,403612,408939,1,1805,1798,0,0,60,90,CCW,0,S,0,0,0
D7651658,403613,408940,1,1805,1798,0,0,60,90,CCW,0,S,0,0,0
D7651658,403614,408941,1,1805,1798,0,0,60,90,CCW,0,S,0,0,0
D7651658,403615,408942,1,1804,1798,0,0,60,90,CCW,0,S,0,0,0
D7651658,403616,408943,1,1808,1798,0,0,60,90,CCW,0,S,0,0,0
D7651658,403617,408944,1,1806,1798,0,0,60,90,CCW,0,S,0,0,0
D7651658,403618,408945,1,1804,1798,0,0,60,90,CCW,0,S,0,0,0
D7651658,403619,408946,1,1804,1798,0,0,60,90,CCW,0,S,0,0,0
D7651658,403620,408947,1,1805,1798,0,0,60,90,CCW,0,S,0,0,0
D7651658,403621,408948,1,1805,1798,0,0,60,90,CCW,0,S,0,0,0
D7651658,403622,408949,1,1805,1798,0,0,60,90,CCW,0,S,0,0,0
D7651658,403623,408950,1,1804,1798,0,0,60,90,CCW,0,S,0,0,0
D7651658,403624,408951,1,1803,1798,0,0,60,90,CCW,0,S,0,0,0
D7651658,403625,408952,1,1804,1798,0,0,60,90,CCW,0,S,0,0,0
D7651658,403626,408953,1,1805,1798,0,0,61,90,CCW,0,S,0,0,0
D7651658,403627,408954,1,1804,1798,0,0,61,90,CCW,0,S,0,0,0
D7651658,403628,408955,1,1804,1798,0,0,61,90,CCW,0,S,0,0,0
D7651658,403629,408956,1,1807,1798,0,0,61,90,CCW,0,S,0,0,0
D7651658,403630,408957,1,1806,1798,0,0,61,90,CCW,0,S,0,0,0
D7651658,403631,408958,1,1802,1798,0,0,61,90,CCW,0,S,0,0,0
D7651658,403632,408959,1,1805,1798,0,0,61,90,CCW,0,S,0,0,0
D7651658,403633,408960,1,1804,1798,0,0,61,90,CCW,0,S,0,0,0
D7651658,403634,408961,1,1816,1798,0,0,61,90,CCW,0,S,0,0,0
D7651658,403635,408962,1,1805,1798,0,0,61,90,CCW,0,S,0,0,0
D7651658,403636,408963,1,1804,1798,0,0,61,90,CCW,0,S,0,0,0
D7651658,403637,408964,1,1805,1798,0,0,61,90,CCW,0,S,0,0,0
D7651658,403638,408965,1,1807,1798,0,0,61,90,CCW,0,S,0,0,0
D7651658,403639,408966,1,1805,1798,0,0,61,90,CCW,0,S,0,0,0
D7651658,403640,408967,1,1805,1798,0,0,61,90,CCW,0,S,0,0,0
D7651658,403641,408968,1,1806,1798,0,0,61,90,CCW,0,S,0,0,0
D7651658,403642,408969,1,1806,1798,0,0,61,90,CCW,0,S,0,0,0
D7651658,403643,408970,1,1805,1798,0,0,61,90,CCW,0,S,0,0,0
D7651658,403644,408971,1,1805,1798,0,0,61,90,CCW,0,S,0,0,0
D7651658,403645,408972,1,1806,1798,0,0,61,90,CCW,0,S,0,0,0
D7651658,403646,408973,1,1806,1798,0,0,61,90,CCW,0,S,0,0,0
D7651658,403647,408974,1,1817,1798,0,0,61,90,CCW,0,S,0,0,0
D7651658,403648,408975,1,1805,1798,0,0,61,90,CCW,0,S,0,0,0
D7651658,403649,408976,1,1801,1798,0,0,61,90,CCW,0,S,0,0,0
D7651658,403650,408977,1,1805,1798,0,0,61,90,CCW,0,S,0,0,0
D7651658,403651,408978,1,1806,1798,0,0,61,90,CCW,0,S,0,0,0
D7651658,403652,408979,1,1804,1798,0,0,61,90,CCW,0,S,0,0,0
D7651658,403653,408980,1,1805,1798,0,0,61,90,CCW,0,S,0,0,0
D7651658,403654,408981,1,1804,1798,0,0,61,90,CCW,0,S,0,0,0
D7651658,403655,408982,1,1806,1798,0,0,61,90,CCW,0,S,0,0,0
D7651658,403656,408983,1,1804,1798,0,0,61,90,CCW,0,S,0,0,0
D7651658,403657,408984,1,1804,1798,0,0,61,90,CCW,0,S,0,0,0
D7651658,403658,408985,1,1805,1798,0,0,61,90,CCW,0,S,0,0,0
D7651658,403659,408986,1,1805,1798,0,0,61,90,CCW,0,S,0,0,0
D7651658,403660,408987,1,1806,1798,0,0,61,90,CCW,0,S,0,0,0
D7651658,403661,408988,1,1805,1798,0,0,61,90,CCW,0,S,0,0,0
D7651658,403662,408989,1,1806,1798,0,0,61,90,CCW,0,S,0,0,0
D7651658,403663,408990,1,1804,1798,0,0,61,90,CCW,0,S,0,0,0
D7651658,403664,408991,1,1789,1798,0,0,61,90,CCW,0,S,0,0,0
D7651658,403665,408992,1,1806,1798,0,0,61,90,CCW,0,S,0,0,0
D7651658,403666,408993,1,1806,1798,0,0,61,90,CCW,0,S,0,0,0
D7651658,403667,408994,1,1807,1798,0,0,61,90,CCW,0,S,0,0,0
D7651658,403668,408995,1,1807,1798,0,0,61,90,CCW,0,S,0,0,0
D7651658,403669,408996,1,1818,1798,0,0,61,90,CCW,0,S,0,0,0
D7651658,403670,408997,1,1804,1798,0,0,61,90,CCW,0,S,0,0,0
D7651658,403671,408998,1,1804,1798,0,0,61,90,CCW,0,S,0,0,0
D7651658,403672,408999,1,1806,1798,0,0,61,90,CCW,0,S,0,0,0
D7651658,403673,409000,1,1806,1798,0,0,61,90,CCW,0,S,0,0,0
D7651658,403674,409001,1,1806,1798,0,0,61,90,CCW,0,S,0,0,0
D7651658,403675,409002,1,1806,1798,0,0,61,90,CCW,0,S,0,0,0
D7651658,403676,409003,1,1806,1798,0,0,61,90,CCW,0,S,0,0,0
D7651658,403677,409004,1,1806,1798,0,0,61,90,CCW,0,S,0,0,0
D7651658,403678,409005,1,1806,1798,0,0,61,90,CCW,0,S,0,0,0
D7651658,403679,409006,1,1801,1798,0,0,61,90,CCW,0,S,0,0,0
D7651658,403680,409007,1,1805,1798,0,0,61,90,CCW,0,S,0,0,0
D7651658,403681,409008,1,1806,1798,0,0,61,90,CCW,0,S,0,0,0
D7651658,403682,409009,1,1804,1798,0,0,61,90,CCW,0,S,0,0,0
D7651658,403683,409010,1,1807,1798,0,0,61,90,CCW,0,S,0,0,0
D7651658,403684,409011,1,1819,1798,0,0,61,90,CCW,0,S,0,0,0
D7651658,403685,409012,1,1802,1798,0,0,61,90,CCW,0,S,0,0,0
D7651658,403686,409013,1,1807,1798,0,0,61,90,CCW,0,S,0,0,0
D7651658,403687,409014,1,1804,1798,0,0,61,90,CCW,0,S,0,0,0
D7651658,403688,409015,1,1806,1798,0,0,61,90,CCW,0,S,0,0,0
D7651658,403689,409016,1,1805,1798,0,0,61,90,CCW,0,S,0,0,0
D7651658,403690,409017,1,1807,1798,0,0,61,90,CCW,0,S,0,0,0
D7651658,403691,409018,1,1806,1798,0,0,61,90,CCW,0,S,0,0,0
D7651658,403692,409019,1,1807,1798,0,0,61,90,CCW,0,S,0,0,0
D7651658,403693,409020,1,1807,1798,0,0,61,90,CCW,0,S,0,0,0
D7651658,403694,409021,1,1810,1798,0,0,61,90,CCW,0,S,0,0,0
D7651658,403695,409022,1,1806,1798,0,0,61,90,CCW,0,S,0,0,0
D7651658,403696,409023,1,1807,1798,0,0,61,90,CCW,0,S,0,0,0
D7651658,403697,409024,1,1806,1798,0,0,61,90,CCW,0,S,0,0,0
D7651658,403698,409025,1,1807,1798,0,0,61,90,CCW,0,S,0,0,0
D7651658,403699,409026,1,1806,1798,0,0,61,90,CCW,0,S,0,0,0
D7651658,403700,409027,1,1808,1798,0,0,61,90,CCW,0,S,0,0,0
D7651658,403701,409028,1,1806,1798,0,0,61,90,CCW,0,S,0,0,0
D7651658,403702,409029,1,1807,1798,0,0,61,90,CCW,0,S,0,0,0
D7651658,403703,409030,1,1807,1798,0,0,61,90,CCW,0,S,0,0,0
D7651658,403704,409031,1,1811,1798,0,0,61,90,CCW,0,S,0,0,0
D7651658,403705,409032,1,1807,1798,0,0,61,90,CCW,0,S,0,0,0
D7651658,403706,409033,1,1808,1798,0,0,61,90,CCW,0,S,0,0,0
D7651658,403707,409034,1,1807,1798,0,0,61,90,CCW,0,S,0,0,0
D7651658,403708,409035,1,1807,1798,0,0,61,90,CCW,0,S,0,0,0
D7651658,403709,409036,1,1807,1798,0,0,61,90,CCW,0,S,0,0,0
D7651658,403710,409037,1,1806,1798,0,0,61,90,CCW,0,S,0,0,0
D7651658,403711,409038,1,1808,1798,0,0,61,90,CCW,0,S,0,0,0
D7651658,403712,409039,1,1808,1798,0,0,61,90,CCW,0,S,0,0,0
D7651658,403713,409040,1,1807,1798,0,0,61,90,CCW,0,S,0,0,0
D7651658,403714,409041,1,1806,1798,0,0,61,90,CCW,0,S,0,0,0
D7651658,403715,409042,1,1806,1798,0,0,61,90,CCW,0,S,0,0,0
D7651658,403716,409043,1,1808,1798,0,0,61,90,CCW,0,S,0,0,0
D7651658,403717,409044,1,1807,1798,0,0,61,90,CCW,0,S,0,0,0
D7651658,403718,409045,1,1807,1798,0,0,61,90,CCW,0,S,0,0,0
D7651658,403719,409046,1,1807,1798,0,0,61,90,CCW,0,S,0,0,0
D7651658,403720,409047,1,1807,1798,0,0,61,90,CCW,0,S,0,0,0
D7651658,403721,409048,1,1804,1798,0,0,61,90,CCW,0,S,0,0,0
D7651658,403722,409049,1,1807,1798,0,0,61,90,CCW,0,S,0,0,0
D7651658,403723,409050,1,1807,1798,0,0,61,90,CCW,0,S,0,0,0
D7651658,403724,409051,1,1807,1798,0,0,61,90,CCW,0,S,0,0,0
D7651658,403725,409052,1,1807,1798,0,0,61,90,CCW,0,S,0,0,0
D7651658,403726,409053,1,1806,1798,0,0,61,90,CCW,0,S,0,0,0
D7651658,403727,409054,1,1807,1798,0,0,61,90,CCW,0,S,0,0,0
D7651658,403728,409055,1,1808,1798,0,0,61,90,CCW,0,S,0,0,0
D7651658,403729,409056,1,1810,1798,0,0,61,90,CCW,0,S,0,0,0
D7651658,403730,409057,1,1808,1798,0,0,61,90,CCW,0,S,0,0,0
D7651658,403731,409058,1,1808,1798,0,0,61,90,CCW,0,S,0,0,0
D7651658,403732,409059,1,1805,1798,0,0,61,90,CCW,0,S,0,0,0
D7651658,403733,409060,1,1808,1798,0,0,61,90,CCW,0,S,0,0,0
D7651658,403734,409061,1,1814,1798,0,0,61,90,CCW,0,S,0,0,0
D7651658,403735,409062,1,1808,1798,0,0,61,90,CCW,0,S,0,0,0
D7651658,403736,409063,1,1812,1798,0,0,61,90,CCW,0,S,0,0,0
D7651658,403737,409064,1,1808,1798,0,0,61,90,CCW,0,S,0,0,0
D7651658,403738,409065,1,1806,1798,0,0,61,90,CCW,0,S,0,0,0
D7651658,403739,409066,1,1810,1798,0,0,61,90,CCW,0,S,0,0,0
D7651658,403740,409067,1,1808,1798,0,0,61,90,CCW,0,S,0,0,0
D7651658,403741,409068,1,1807,1798,0,0,61,90,CCW,0,S,0,0,0
D7651658,403742,409069,1,1810,1798,0,0,61,90,CCW,0,S,0,0,0
D7651658,403743,409070,1,1808,1798,0,0,61,90,CCW,0,S,0,0,0
D7651658,403744,409071,1,1807,1798,0,0,61,90,CCW,0,S,0,0,0
D7651658,403745,409072,1,1807,1798,0,0,61,90,CCW,0,S,0,0,0
D7651658,403746,409073,1,1808,1798,0,0,61,90,CCW,0,S,0,0,0
D7651658,403747,409074,1,1808,1798,0,0,61,90,CCW,0,S,0,0,0
D7651658,403748,409075,1,1808,1798,0,0,61,90,CCW,0,S,0,0,0
D7651658,403749,409076,1,1809,1798,0,0,61,90,CCW,0,S,0,0,0
D7651658,403750,409077,1,1806,1798,0,0,61,90,CCW,0,S,0,0,0
D7651658,403751,409078,1,1807,1798,0,0,61,90,CCW,0,S,0,0,0
D7651658,403752,409079,1,1811,1798,0,0,61,90,CCW,0,S,0,0,0
D7651658,403753,409080,1,1808,1798,0,0,61,90,CCW,0,S,0,0,0
D7651658,403754,409081,1,1808,1798,0,0,61,90,CCW,0,S,0,0,0
D7651658,403755,409082,1,1807,1798,0,0,61,90,CCW,0,S,0,0,0
D7651658,403756,409083,1,1809,1798,0,0,61,90,CCW,0,S,0,0,0
D7651658,403757,409084,1,1808,1798,0,0,61,90,CCW,0,S,0,0,0
D7651658,403758,409085,1,1808,1798,0,0,61,90,CCW,0,S,0,0,0
D7651658,403759,409086,1,1809,1798,0,0,61,90,CCW,0,S,0,0,0
D7651658,403760,409087,1,1808,1798,0,0,61,90,CCW,0,S,0,0,0
D7651658,403761,409088,1,1809,1798,0,0,61,90,CCW,0,S,0,0,0
D7651658,403762,409089,1,1809,1798,0,0,61,90,CCW,0,S,0,0,0
D7651658,403763,409090,1,1816,1798,0,0,61,90,CCW,0,S,0,0,0
D7651658,403764,409091,1,1807,1798,0,0,61,90,CCW,0,S,0,0,0
D7651658,403765,409092,1,1808,1798,0,0,61,90,CCW,0,S,0,0,0
D7651658,403766,409093,1,1809,1798,0,0,61,90,CCW,0,S,0,0,0
D7651658,403767,409094,1,1809,1798,0,0,61,90,CCW,0,S,0,0,0
D7651658,403768,409095,1,1808,1798,0,0,61,90,CCW,0,S,0,0,0
D7651658,403769,409096,1,1810,1798,0,0,61,90,CCW,0,S,0,0,0
D7651658,403770,409097,1,1808,1798,0,0,61,90,CCW,0,S,0,0,0
D7651658,403771,409098,1,1808,1798,0,0,61,90,CCW,0,S,0,0,0
D7651658,403772,409099,1,1810,1798,0,0,61,90,CCW,0,S,0,0,0
D7651658,403773,409100,1,1809,1798,0,0,61,90,CCW,0,S,0,0,0
D7651658,403774,409101,1,1808,1798,0,0,61,90,CCW,0,S,0,0,0
D7651658,403775,409102,1,1810,1798,0,0,61,90,CCW,0,S,0,0,0
D7651658,403776,409103,1,1809,1798,0,0,62,90,CCW,0,S,0,0,0
D7651658,403777,409104,1,1808,1798,0,0,62,90,CCW,0,S,0,0,0
D7651658,403778,409105,1,1810,1798,0,0,62,90,CCW,0,S,0,0,0
D7651658,403779,409106,1,1813,1798,0,0,62,90,CCW,0,S,0,0,0
D7651658,403780,409107,1,1810,1798,0,0,62,90,CCW,0,S,0,0,0
D7651658,403781,409108,1,1810,1798,0,0,62,90,CCW,0,S,0,0,0
D7651658,403782,409109,1,1810,1798,0,0,62,90,CCW,0,S,0,0,0
D7651658,403783,409110,1,1809,1798,0,0,62,90,CCW,0,S,0,0,0
D7651658,403784,409111,1,1826,1798,0,0,62,90,CCW,0,S,0,0,0
D7651658,403785,409112,1,1809,1798,0,0,62,90,CCW,0,S,0,0,0
D7651658,403786,409113,1,1815,1798,0,0,62,90,CCW,0,S,0,0,0
D7651658,403787,409114,1,1809,1798,0,0,62,90,CCW,0,S,0,0,0
D7651658,403788,409115,1,1813,1798,0,0,62,90,CCW,0,S,0,0,0
D7651658,403789,409116,1,1812,1798,0,0,62,90,CCW,0,S,0,0,0
D7651658,403790,409117,1,1811,1798,0,0,62,90,CCW,0,S,0,0,0
D7651658,403791,409118,1,1809,1798,0,0,62,90,CCW,0,S,0,0,0
D7651658,403792,409119,1,1808,1798,0,0,62,90,CCW,0,S,0,0,0
D7651658,403793,409120,1,1812,1798,0,0,62,90,CCW,0,S,0,0,0
D7651658,403794,409121,1,1808,1798,0,0,62,90,CCW,0,S,0,0,0
D7651658,403795,409122,1,1809,1798,0,0,62,90,CCW,0,S,0,0,0
D7651658,403796,409123,1,1809,1798,0,0,62,90,CCW,0,S,0,0,0
D7651658,403797,409124,1,1811,1798,0,0,62,90,CCW,0,S,0,0,0
D7651658,403798,409125,1,1810,1798,0,0,62,90,CCW,0,S,0,0,0
D7651658,403799,409126,1,1812,1798,0,0,62,90,CCW,0,S,0,0,0
D7651658,403800,409127,1,1810,1798,0,0,62,90,CCW,0,S,0,0,0
D7651658,403801,409128,1,1811,1798,0,0,62,90,CCW,0,S,0,0,0
D7651658,403802,409129,1,1807,1798,0,0,62,90,CCW,0,S,0,0,0
D7651658,403803,409130,1,1809,1798,0,0,62,90,CCW,0,S,0,0,0
D7651658,403804,409131,1,1817,1798,0,0,62,90,CCW,0,S,0,0,0
D7651658,403805,409132,1,1812,1798,0,0,62,90,CCW,0,S,0,0,0
D7651658,403806,409133,1,1811,1798,0,0,62,90,CCW,0,S,0,0,0
D7651658,403807,409134,1,1809,1798,0,0,62,90,CCW,0,S,0,0,0
D7651658,403808,409135,1,1814,1798,0,0,62,90,CCW,0,S,0,0,0
D7651658,403809,409136,1,1811,1798,0,0,62,90,CCW,0,S,0,0,0
D7651658,403810,409137,1,1810,1798,0,0,62,90,CCW,0,S,0,0,0
D7651658,403811,409138,1,1809,1798,0,0,62,90,CCW,0,S,0,0,0
D7651658,403812,409139,1,1809,1798,0,0,62,90,CCW,0,S,0,0,0
D7651658,403813,409140,1,1811,1798,0,0,62,90,CCW,0,S,0,0,0
D7651658,403814,409141,1,1811,1798,0,0,62,90,CCW,0,S,0,0,0
D7651658,403815,409142,1,1810,1798,0,0,62,90,CCW,0,S,0,0,0
D7651658,403816,409143,1,1808,1798,0,0,62,90,CCW,0,S,0,0,0
D7651658,403817,409144,1,1813,1798,0,0,62,90,CCW,0,S,0,0,0
D7651658,403818,409145,1,1811,1798,0,0,62,90,CCW,0,S,0,0,0
D7651658,403819,409146,1,1808,1798,0,0,62,90,CCW,0,S,0,0,0
D7651658,403820,409147,1,1812,1798,0,0,62,90,CCW,0,S,0,0,0
D7651658,403821,409148,1,1809,1798,0,0,62,90,CCW,0,S,0,0,0
D7651658,403822,409149,1,1811,1798,0,0,62,90,CCW,0,S,0,0,0
D7651658,403823,409150,1,1811,1798,0,0,62,90,CCW,0,S,0,0,0
D7651658,403824,409151,1,1812,1798,0,0,62,90,CCW,0,S,0,0,0
D7651658,403825,409152,1,1816,1798,0,0,62,90,CCW,0,S,0,0,0
D7651658,403826,409153,1,1810,1798,0,0,62,90,CCW,0,S,0,0,0
D7651658,403827,409154,1,1805,1798,0,0,62,90,CCW,0,S,0,0,0
D7651658,403828,409155,1,1809,1798,0,0,62,90,CCW,0,S,0,0,0
D7651658,403829,409156,1,1813,1798,0,0,62,90,CCW,0,S,0,0,0
D7651658,403830,409157,1,1811,1798,0,0,62,90,CCW,0,S,0,0,0
D7651658,403831,409158,1,1810,1798,0,0,62,90,CCW,0,S,0,0,0
D7651658,403832,409159,1,1809,1798,0,0,62,90,CCW,0,S,0,0,0
D7651658,403833,409160,1,1811,1798,0,0,62,90,CCW,0,S,0,0,0
D7651658,403834,409161,1,1810,1798,0,0,62,90,CCW,0,S,0,0,0
D7651658,403835,409162,1,1809,1798,0,0,62,90,CCW,0,S,0,0,0
D7651658,403836,409163,1,1810,1798,0,0,62,90,CCW,0,S,0,0,0
D7651658,403837,409164,1,1808,1798,0,0,62,90,CCW,0,S,0,0,0
D7651658,403838,409165,1,1810,1798,0,0,62,90,CCW,0,S,0,0,0
D7651658,403839,409166,1,1806,1798,0,0,62,90,CCW,0,S,0,0,0
D7651658,403840,409167,1,1810,1798,0,0,62,90,CCW,0,S,0,0,0
D7651658,403841,409169,2,1809,1798,0,0,62,90,CCW,0,S,0,1,1
D7651658,403842,409170,1,1810,1798,0,0,62,90,CCW,0,S,0,0,0
D7651658,403843,409171,1,1811,1798,0,0,62,90,CCW,0,S,0,0,0
D7651658,403844,409172,1,1820,1798,0,0,62,90,CCW,0,S,0,0,0
D7651658,403845,409173,1,1809,1798,0,0,62,90,CCW,0,S,0,0,0
D7651658,403846,409174,1,1810,1798,0,0,62,90,CCW,0,S,0,0,0
D7651658,403847,409175,1,1809,1798,0,0,62,90,CCW,0,S,0,0,0
D7651658,403848,409176,1,1810,1798,0,0,62,90,CCW,0,S,0,0,0
D7651658,403849,409177,1,1809,1798,0,0,62,90,CCW,0,S,0,0,0
D7651658,403850,409178,1,1810,1798,0,0,62,90,CCW,0,S,0,0,0
D7651658,403851,409179,1,1809,1798,0,0,62,90,CCW,0,S,0,0,0
D7651658,403852,409180,1,1809,1798,0,0,62,90,CCW,0,S,0,0,0
D7651658,403853,409181,1,1809,1798,0,0,62,90,CCW,0,S,0,0,0
D7651658,403854,409182,1,1809,1798,0,0,62,90,CCW,0,S,0,0,0
D7651658,403855,409183,1,1808,1798,0,0,62,90,CCW,0,S,0,0,0
D7651658,403856,409184,1,1811,1798,0,0,62,90,CCW,0,S,0,0,0
D7651658,403857,409185,1,1809,1798,0,0,62,90,CCW,0,S,0,0,0
D7651658,403858,409186,1,1808,1798,0,0,62,90,CCW,0,S,0,0,0
D7651658,403859,409187,1,1808,1798,0,0,62,90,CCW,0,S,0,0,0
D7651658,403860,409188,1,1809,1798,0,0,62,90,CCW,0,S,0,0,0
D7651658,403861,409189,1,1808,1798,0,0,62,90,CCW,0,S,0,0,0
D7651658,403862,409190,1,1809,1798,0,0,62,90,CCW,0,S,0,0,0
D7651658,403863,409191,1,1803,1798,0,0,62,90,CCW,0,S,0,0,0
D7651658,403864,409192,1,1808,1798,0,0,62,90,CCW,0,S,0,0,0
D7651658,403865,409193,1,1816,1798,0,0,62,90,CCW,0,S,0,0,0
D7651658,403866,409194,1,1808,1798,0,0,62,90,CCW,0,S,0,0,0
D7651658,403867,409195,1,1808,1798,0,0,62,90,CCW,0,S,0,0,0
D7651658,403868,409196,1,1819,1798,0,0,62,90,CCW,0,S,0,0,0
D7651658,403869,409197,1,1793,1798,0,0,62,90,CCW,0,S,0,0,0
D7651658,403870,409198,1,1809,1798,0,0,62,90,CCW,0,S,0,0,0
D7651658,403871,409199,1,1809,1798,0,0,62,90,CCW,0,S,0,0,0
D7651658,403872,409200,1,1807,1798,0,0,62,90,CCW,0,S,0,0,0
D7651658,403873,409201,1,1808,1798,0,0,62,90,CCW,0,S,0,0,0
D7651658,403874,409202,1,1807,1798,0,0,62,90,CCW,0,S,0,0,0
D7651658,403875,409203,1,1806,1798,0,0,62,90,CCW,0,S,0,0,0
D7651658,403876,409204,1,1807,1798,0,0,62,90,CCW,0,S,0,0,0
D7651658,403877,409205,1,1807,1798,0,0,62,90,CCW,0,S,0,0,0
D7651658,403878,409206,1,1806,1798,0,0,62,90,CCW,0,S,0,0,0
D7651658,403879,409207,1,1806,1798,0,0,62,90,CCW,0,S,0,0,0
D7651658,403880,409208,1,1806,1798,0,0,62,90,CCW,0,S,0,0,0
D7651658,403881,409209,1,1806,1798,0,0,62,90,CCW,0,S,0,0,0
D7651658,403882,409210,1,1806,1798,0,0,62,90,CCW,0,S,0,0,0
D7651658,403883,409211,1,1806,1798,0,0,62,90,CCW,0,S,0,0,0
D7651658,403884,409212,1,1805,1798,0,0,62,90,CCW,0,S,0,0,0
D7651658,403885,409213,1,1806,1798,0,0,62,90,CCW,0,S,0,0,0
D7651658,403886,409214,1,1802,1798,0,0,62,90,CCW,0,S,0,0,0
D7651658,403887,409215,1,1804,1798,0,0,62,90,CCW,0,S,0,0,0
D7651658,403888,409216,1,1804,1798,0,0,62,90,CCW,0,S,0,0,0
D7651658,403889,409217,1,1804,1798,0,0,62,90,CCW,0,S,0,0,0
D7651658,403890,409218,1,1802,1798,0,0,62,90,CCW,0,S,0,0,0
D7651658,403891,409219,1,1800,1798,0,0,62,90,CCW,0,S,0,0,0
D7651658,403892,409220,1,1800,1798,0,0,62,90,CCW,0,S,0,0,0
D7651658,403893,409221,1,1801,1798,0,0,62,90,CCW,0,S,0,0,0
D7651658,403894,409222,1,1800,1798,0,0,62,90,CCW,0,S,0,0,0
D7651658,403895,409223,1,1799,1798,0,0,62,90,CCW,0,S,0,0,0
D7651658,403896,409224,1,1801,1798,0,0,62,90,CCW,0,S,0,0,0
D7651658,403897,409225,1,1798,1798,0,0,62,90,CCW,0,S,0,0,0
D7651658,403898,409226,1,1798,1798,0,0,62,90,CCW,0,S,0,0,0
D7651658,403899,409227,1,1801,1798,0,0,62,90,CCW,0,S,0,0,0
D7651658,403900,409228,1,1798,1798,0,0,62,90,CCW,0,S,0,0,0
D7651658,403901,409229,1,1796,1798,0,0,62,90,CCW,0,S,0,0,0
D7651658,403902,409230,1,1795,1798,0,0,62,90,CCW,0,S,0,0,0
D7651658,403903,409231,1,1792,1798,0,0,62,90,CCW,0,S,0,0,0
D7651658,403904,409232,1,1796,1798,0,0,62,90,CCW,0,S,0,0,0
D7651658,403905,409233,1,1793,1798,0,0,62,90,CCW,0,S,0,0,0
D7651658,403906,409234,1,1793,1798,0,0,62,90,CCW,0,S,0,0,0
D7651658,403907,409235,1,1793,1798,0,0,62,90,CCW,0,S,0,0,0
D7651658,403908,409236,1,1792,1798,0,0,62,90,CCW,0,S,0,0,0
D7651658,403909,409237,1,1791,1798,0,0,62,90,CCW,0,S,0,0,0
D7651658,403910,409238,1,1795,1798,0,0,62,90,CCW,0,S,0,0,0
D7651658,403911,409239,1,1790,1798,0,0,62,90,CCW,0,S,0,0,0
D7651658,403912,409240,1,1789,1798,0,0,62,90,CCW,0,S,0,0,0
D7651658,403913,409241,1,1788,1798,0,0,62,90,CCW,0,S,0,0,0
D7651658,403914,409242,1,1787,1798,0,0,62,90,CCW,0,S,0,0,0
D7651658,403915,409243,1,1785,1798,0,0,62,90,CCW,0,S,0,0,0
D7651658,403916,409244,1,1785,1798,0,0,62,90,CCW,0,S,0,0,0
D7651658,403917,409245,1,1784,1798,0,0,62,90,CCW,0,S,0,0,0
D7651658,403918,409246,1,1779,1798,0,0,62,90,CCW,0,S,0,0,0
D7651658,403919,409247,1,1784,1798,0,0,62,90,CCW,0,S,0,0,0
D7651658,403920,409248,1,1781,1798,0,0,62,90,CCW,0,S,0,0,0
D7651658,403921,409249,1,1780,1798,0,0,62,90,CCW,0,S,0,0,0
D7651658,403922,409250,1,1779,1798,0,0,62,90,CCW,0,S,0,0,0
D7651658,403923,409251,1,1779,1798,0,0,62,90,CCW,0,S,0,0,0
D7651658,403924,409252,1,1777,1798,0,0,62,90,CCW,0,S,0,0,0
D7651658,403925,409253,1,1775,1798,0,0,63,90,CCW,0,S,0,0,0
D7651658,403926,409254,1,1775,1798,0,0,63,90,CCW,0,S,0,0,0
D7651658,403927,409255,1,1776,1798,0,0,63,90,CCW,0,S,0,0,0
D7651658,403928,409256,1,1774,1798,0,0,63,90,CCW,0,S,0,0,0
D7651658,403929,409257,1,1774,1798,0,0,63,90,CCW,0,S,0,0,0
D7651658,403930,409258,1,1775,1798,0,0,63,90,CCW,0,S,0,0,0
D7651658,403931,409259,1,1789,1798,0,0,63,90,CCW,0,S,0,0,0
D7651658,403932,409260,1,1773,1798,0,0,63,90,CCW,0,S,0,0,0
D7651658,403933,409261,1,1769,1798,0,0,63,90,CCW,0,S,0,0,0
D7651658,403934,409262,1,1769,1798,0,0,63,90,CCW,0,S,0,0,0
D7651658,403935,409263,1,1768,1798,0,0,63,90,CCW,0,S,0,0,0
D7651658,403936,409264,1,1753,1798,0,45,63,90,CCW,1,S,0,0,0
D7651658,403937,409265,1,1769,1798,0,45,63,90,CCW,1,S,0,0,0
D7651658,403938,409266,1,1763,1798,0,45,63,90,CCW,1,S,0,0,0
D7651658,403939,409267,1,1761,1798,0,45,63,90,CCW,1,S,0,0,0
D7651658,403940,409268,1,1760,1798,0,45,63,90,CCW,1,S,0,0,0
D7651658,403941,409269,1,1759,1798,0,45,63,90,CCW,1,S,0,0,0
D7651658,403942,409271,2,1756,1798,0,45,63,90,CCW,1,S,0,1,1
D7651658,403943,409273,2,1754,1798,0,45,63,90,CCW,1,S,0,1,1
D7651658,403944,409274,1,1750,1798,0,48,63,90,CCW,1,S,0,0,0
D7651658,403945,409276,2,1751,1798,0,48,63,90,CCW,1,S,0,1,1
D7651658,403946,409277,1,1748,1798,0,50,63,90,CCW,1,S,0,0,0
D7651658,403947,409278,1,1746,1798,0,52,63,90,CCW,1,S,0,0,0
D7651658,403948,409279,1,1745,1798,0,53,63,90,CCW,1,S,0,0,0
D7651658,403949,409280,1,1744,1798,0,54,63,90,CCW,1,S,0,0,0
D7651658,403950,409281,1,1744,1798,0,54,63,90,CCW,1,S,0,0,0
D7651658,403951,409282,1,1742,1798,0,56,63,90,CCW,1,S,0,0,0
D7651658,403952,409283,1,1740,1798,0,58,63,90,CCW,1,S,0,0,0
D7651658,403953,409284,1,1738,1798,0,60,63,90,CCW,1,S,0,0,0
D7651658,403954,409285,1,1737,1798,0,61,63,90,CCW,1,S,0,0,0
D7651658,403955,409286,1,1736,1798,0,62,63,90,CCW,1,S,0,0,0
D7651658,403956,409287,1,1733,1798,0,65,63,90,CCW,1,S,0,0,0
D7651658,403957,409288,1,1731,1798,0,67,63,90,CCW,1,S,0,0,0
D7651658,403958,409289,1,1730,1798,0,68,63,90,CCW,1,S,0,0,0
D7651658,403959,409290,1,1728,1798,0,70,63,90,CCW,1,S,0,0,0
D7651658,403960,409291,1,1727,1798,0,71,63,90,CCW,1,S,0,0,0
D7651658,403961,409292,1,1725,1798,0,73,63,90,CCW,1,S,0,0,0
D7651658,403962,409293,1,1723,1798,0,75,63,90,CCW,1,S,0,0,0
D7651658,403963,409294,1,1722,1798,0,76,63,90,CCW,1,S,0,0,0
D7651658,403964,409295,1,1720,1798,0,78,63,90,CCW,1,S,0,0,0
D7651658,403965,409296,1,1718,1798,0,80,63,90,CCW,1,S,0,0,0
D7651658,403966,409297,1,1717,1798,0,81,63,90,CCW,1,S,0,0,0
D7651658,403967,409298,1,1715,1798,0,83,63,90,CCW,1,S,0,0,0
D7651658,403968,409299,1,1713,1798,0,85,63,90,CCW,1,S,0,0,0
D7651658,403969,409300,1,1713,1798,0,85,63,90,CCW,1,S,0,0,0
D7651658,403970,409301,1,1712,1798,0,86,63,90,CCW,1,S,0,0,0
D7651658,403971,409302,1,1708,1798,0,90,63,90,CCW,1,S,0,0,0
D7651658,403972,409303,1,1708,1798,0,90,63,90,CCW,1,S,0,0,0
D7651658,403973,409304,1,1705,1798,0,93,63,90,CCW,1,S,0,0,0
D7651658,403974,409305,1,1702,1798,0,96,63,90,CCW,1,S,0,0,0
D7651658,403975,409306,1,1704,1798,0,96,63,90,CCW,1,S,0,0,0
D7651658,403976,409307,1,1701,1798,0,97,63,90,CCW,1,S,0,0,0
D7651658,403977,409308,1,1699,1798,0,99,63,90,CCW,1,S,0,0,0
D7651658,403978,409309,1,1698,1798,0,100,63,90,CCW,1,S,0,0,0
D7651658,403979,409310,1,1696,1798,0,102,63,90,CCW,1,S,0,0,0
D7651658,403980,409311,1,1711,1798,0,102,63,90,CCW,1,S,0,0,0
D7651658,403981,409312,1,1692,1798,0,106,63,90,CCW,1,S,0,0,0
D7651658,403982,409313,1,1690,1798,0,108,63,90,CCW,1,S,0,0,0
D7651658,403983,409314,1,1688,1798,0,110,63,90,CCW,1,S,0,0,0
D7651658,403984,409315,1,1687,1798,0,111,63,90,CCW,1,S,0,0,0
D7651658,403985,409316,1,1683,1798,0,115,63,90,CCW,1,S,0,0,0
D7651658,403986,409317,1,1704,1798,0,115,63,90,CCW,1,S,0,0,0
D7651658,403987,409318,1,1680,1798,0,118,63,90,CCW,1,S,0,0,0
D7651658,403988,409319,1,1680,1798,0,118,63,90,CCW,1,S,0,0,0
D7651658,403989,409320,1,1680,1798,0,118,63,90,CCW,1,S,0,0,0
D7651658,403990,409321,1,1681,1798,0,118,63,90,CCW,1,S,0,0,0
D7651658,403991,409322,1,1676,1798,0,122,63,90,CCW,1,S,0,0,0
D7651658,403992,409323,1,1675,1798,0,123,63,90,CCW,1,S,0,0,0
D7651658,403993,409324,1,1673,1798,0,125,63,90,CCW,1,S,0,0,0
D7651658,403994,409325,1,1672,1798,0,126,63,90,CCW,1,S,0,0,0
D7651658,403995,409326,1,1670,1798,0,128,63,90,CCW,1,S,0,0,0
D7651658,403996,409327,1,1666,1798,0,132,63,90,CCW,1,S,0,0,0
D7651658,403997,409328,1,1665,1798,0,133,63,90,CCW,1,S,0,0,0
D7651658,403998,409329,1,1664,1798,0,134,63,90,CCW,1,S,0,0,0
D7651658,403999,409330,1,1661,1798,0,137,63,90,CCW,1,S,0,0,0
D7651658,404000,409331,1,1673,1798,0,137,63,90,CCW,1,S,0,0,0
D7651658,404001,409332,1,1658,1798,0,140,63,90,CCW,1,S,0,0,0
D7651658,404002,409333,1,1657,1798,0,141,63,90,CCW,1,S,0,0,0
D7651658,404003,409334,1,1656,1798,0,142,63,90,CCW,1,S,0,0,0
D7651658,404004,409335,1,1655,1798,0,143,63,90,CCW,1,S,0,0,0
D7651658,404005,409336,1,1650,1798,0,148,63,90,CCW,1,S,0,0,0
D7651658,404006,409337,1,1651,1798,0,148,63,90,CCW,1,S,0,0,0
D7651658,404007,409338,1,1653,1798,0,148,63,90,CCW,1,S,0,0,0
D7651658,404008,409339,1,1650,1798,0,148,63,90,CCW,1,S,0,0,0
D7651658,404009,409340,1,1648,1798,0,150,63,90,CCW,1,S,0,0,0
D7651658,404010,409341,1,1647,1798,0,151,63,90,CCW,1,S,0,0,0
D7651658,404011,409342,1,1647,1798,0,151,63,90,CCW,1,S,0,0,0
D7651658,404012,409343,1,1647,1798,0,151,63,90,CCW,1,S,0,0,0
D7651658,404013,409344,1,1642,1798,0,156,63,90,CCW,1,S,0,0,0
D7651658,404014,409345,1,1640,1798,0,158,63,90,CCW,1,S,0,0,0
D7651658,404015,409346,1,1640,1798,0,158,63,90,CCW,1,S,0,0,0
D7651658,404016,409347,1,1641,1798,0,158,63,90,CCW,1,S,0,0,0
D7651658,404017,409348,1,1639,1798,0,159,63,90,CCW,1,S,0,0,0
D7651658,404018,409349,1,1637,1798,0,161,63,90,CCW,1,S,0,0,0
D7651658,404019,409350,1,1636,1798,0,162,63,90,CCW,1,S,0,0,0
D7651658,404020,409351,1,1635,1798,0,163,63,90,CCW,1,S,0,0,0
D7651658,404021,409352,1,1633,1798,0,165,63,90,CCW,1,S,0,0,0
D7651658,404022,409353,1,1632,1798,0,166,63,90,CCW,1,S,0,0,0
D7651658,404023,409354,1,1630,1798,0,168,63,90,CCW,1,S,0,0,0
D7651658,404024,409355,1,1629,1798,0,169,63,90,CCW,1,S,0,0,0
D7651658,404025,409356,1,1628,1798,0,170,63,90,CCW,1,S,0,0,0
D7651658,404026,409357,1,1626,1798,0,172,63,90,CCW,1,S,0,0,0
D7651658,404027,409358,1,1628,1798,0,172,63,90,CCW,1,S,0,0,0
D7651658,404028,409359,1,1625,1798,0,173,63,90,CCW,1,S,0,0,0
D7651658,404029,409360,1,1625,1798,0,173,63,90,CCW,1,S,0,0,0
D7651658,404030,409361,1,1625,1798,0,173,63,90,CCW,1,S,0,0,0
D7651658,404031,409362,1,1627,1798,0,173,63,90,CCW,1,S,0,0,0
D7651658,404032,409363,1,1621,1798,0,177,63,90,CCW,1,S,0,0,0
D7651658,404033,409364,1,1619,1798,0,179,63,90,CCW,1,S,0,0,0
D7651658,404034,409365,1,1618,1798,0,180,63,90,CCW,1,S,0,0,0
D7651658,404035,409366,1,1617,1798,0,181,63,90,CCW,1,S,0,0,0
D7651658,404036,409367,1,1618,1798,0,181,63,90,CCW,1,S,0,0,0
D7651658,404037,409368,1,1617,1798,0,181,63,90,CCW,1,S,0,0,0
D7651658,404038,409369,1,1617,1798,0,181,63,90,CCW,1,S,0,0,0
D7651658,404039,409370,1,1616,1798,0,182,63,90,CCW,1,S,0,0,0
D7651658,404040,409371,1,1616,1798,0,182,63,90,CCW,1,S,0,0,0
D7651658,404041,409372,1,1615,1798,0,183,63,90,CCW,1,S,0,0,0
D7651658,404042,409373,1,1615,1798,0,183,63,90,CCW,1,S,0,0,0
D7651658,404043,409374,1,1614,1798,0,184,63,90,CCW,1,S,0,0,0
D7651658,404044,409375,1,1613,1798,0,185,63,90,CCW,1,S,0,0,0
D7651658,404045,409376,1,1613,1798,0,185,63,90,CCW,1,S,0,0,0
D7651658,404046,409377,1,1614,1798,0,185,63,90,CCW,1,S,0,0,0
D7651658,404047,409378,1,1611,1798,0,187,63,90,CCW,1,S,0,0,0
D7651658,404048,409379,1,1613,1798,0,187,63,90,CCW,1,S,0,0,0
D7651658,404049,409380,1,1611,1798,0,187,63,90,CCW,1,S,0,0,0
D7651658,404050,409381,1,1608,1798,0,190,63,90,CCW,1,S,0,0,0
D7651658,404051,409382,1,1608,1798,0,190,63,90,CCW,1,S,0,0,0
D7651658,404052,409383,1,1610,1798,0,190,63,90,CCW,1,S,0,0,0
D7651658,404053,409384,1,1609,1798,0,190,63,90,CCW,1,S,0,0,0
D7651658,404054,409385,1,1607,1798,0,191,63,90,CCW,1,S,0,0,0
D7651658,404055,409386,1,1606,1798,0,192,63,90,CCW,1,S,0,0,0
D7651658,404056,409387,1,1607,1798,0,192,63,90,CCW,1,S,0,0,0
D7651658,404057,409388,1,1606,1798,0,192,63,90,CCW,1,S,0,0,0
D7651658,404058,409389,1,1606,1798,0,192,63,90,CCW,1,S,0,0,0
D7651658,404059,409390,1,1606,1798,0,192,63,90,CCW,1,S,0,0,0
D7651658,404060,409391,1,1609,1798,0,192,63,90,CCW,1,S,0,0,0
D7651658,404061,409392,1,1603,1798,0,195,63,90,CCW,1,S,0,0,0
D7651658,404062,409393,1,1606,1798,0,195,63,90,CCW,1,S,0,0,0
D7651658,404063,409394,1,1604,1798,0,195,63,90,CCW,1,S,0,0,0
D7651658,404064,409395,1,1604,1798,0,195,63,90,CCW,1,S,0,0,0
D7651658,404065,409396,1,1605,1798,0,195,63,90,CCW,1,S,0,0,0
D7651658,404066,409397,1,1604,1798,0,195,63,90,CCW,1,S,0,0,0
D7651658,404067,409398,1,1604,1798,0,195,63,90,CCW,1,S,0,0,0
D7651658,404068,409399,1,1603,1798,0,195,63,90,CCW,1,S,0,0,0
D7651658,404069,409400,1,1604,1798,0,195,63,90,CCW,1,S,0,0,0
D7651658,404070,409401,1,1602,1798,0,196,63,90,CCW,1,S,0,0,0
D7651658,404071,409402,1,1602,1798,0,196,63,90,CCW,1,S,0,0,0
D7651658,404072,409403,1,1603,1798,0,196,64,90,CCW,1,S,0,0,0
D7651658,404073,409404,1,1602,1798,0,196,64,90,CCW,1,S,0,0,0
D7651658,404074,409405,1,1604,1798,0,196,64,90,CCW,1,S,0,0,0
D7651658,404075,409406,1,1603,1798,0,196,64,90,CCW,1,S,0,0,0
D7651658,404076,409407,1,1605,1798,0,196,64,90,CCW,1,S,0,0,0
D7651658,404077,409408,1,1603,1798,0,196,64,90,CCW,1,S,0,0,0
D7651658,404078,409409,1,1601,1798,0,197,64,90,CCW,1,S,0,0,0
D7651658,404079,409410,1,1602,1798,0,197,64,90,CCW,1,S,0,0,0
D7651658,404080,409411,1,1601,1798,0,197,64,90,CCW,1,S,0,0,0
D7651658,404081,409412,1,1602,1798,0,197,64,90,CCW,1,S,0,0,0
D7651658,404082,409413,1,1602,1798,0,197,64,90,CCW,1,S,0,0,0
D7651658,404083,409414,1,1602,1798,0,197,64,90,CCW,1,S,0,0,0
D7651658,404084,409415,1,1603,1798,0,197,64,90,CCW,1,S,0,0,0
D7651658,404085,409416,1,1595,1798,0,203,64,90,CCW,1,S,0,0,0
D7651658,404086,409417,1,1604,1798,0,203,64,90,CCW,1,S,0,0,0
D7651658,404087,409418,1,1602,1798,0,203,64,90,CCW,1,S,0,0,0
D7651658,404088,409419,1,1605,1798,0,203,64,90,CCW,1,S,0,0,0
D7651658,404089,409420,1,1602,1798,0,203,64,90,CCW,1,S,0,0,0
D7651658,404090,409421,1,1603,1798,0,203,64,90,CCW,1,S,0,0,0
D7651658,404091,409422,1,1604,1798,0,203,64,90,CCW,1,S,0,0,0
D7651658,404092,409423,1,1605,1798,0,203,64,90,CCW,1,S,0,0,0
D7651658,404093,409424,1,1606,1798,0,203,64,90,CCW,1,S,0,0,0
D7651658,404094,409425,1,1600,1798,0,203,64,90,CCW,1,S,0,0,0
D7651658,404095,409426,1,1607,1798,0,203,64,90,CCW,1,S,0,0,0
D7651658,404096,409427,1,1606,1798,0,203,64,90,CCW,1,S,0,0,0
D7651658,404097,409428,1,1608,1798,0,203,64,90,CCW,1,S,0,0,0
D7651658,404098,409429,1,1607,1798,0,203,64,90,CCW,1,S,0,0,0
D7651658,404099,409430,1,1608,1798,0,203,64,90,CCW,1,S,0,0,0
D7651658,404100,409431,1,1607,1798,0,203,64,90,CCW,1,S,0,0,0
D7651658,404101,409432,1,1611,1798,0,203,64,90,CCW,1,S,0,0,0
D7651658,404102,409433,1,1609,1798,0,203,64,90,CCW,1,S,0,0,0
D7651658,404103,409434,1,1611,1798,0,203,64,90,CCW,1,S,0,0,0
D7651658,404104,409435,1,1613,1798,0,203,64,90,CCW,1,S,0,0,0
D7651658,404105,409436,1,1612,1798,0,203,64,90,CCW,1,S,0,0,0
D7651658,404106,409437,1,1613,1798,0,203,64,90,CCW,1,S,0,0,0
D7651658,404107,409438,1,1613,1798,0,203,64,90,CCW,1,S,0,0,0
D7651658,404108,409439,1,1617,1798,0,203,64,90,CCW,1,S,0,0,0
D7651658,404109,409440,1,1614,1798,0,203,64,90,CCW,1,S,0,0,0
D7651658,404110,409441,1,1616,1798,0,203,64,90,CCW,1,S,0,0,0
D7651658,404111,409442,1,1617,1798,0,203,64,90,CCW,1,S,0,0,0
D7651658,404112,409443,1,1616,1798,0,203,64,90,CCW,1,S,0,0,0
D7651658,404113,409444,1,1617,1798,0,203,64,90,CCW,1,S,0,0,0
D7651658,404114,409445,1,1619,1798,0,203,64,90,CCW,1,S,0,0,0
D7651658,404115,409446,1,1621,1798,0,203,64,90,CCW,1,S,0,0,0
D7651658,404116,409447,1,1620,1798,0,203,64,90,CCW,1,S,0,0,0
D7651658,404117,409448,1,1622,1798,0,203,64,90,CCW,1,S,0,0,0
D7651658,404118,409449,1,1621,1798,0,203,64,90,CCW,1,S,0,0,0
D7651658,404119,409450,1,1628,1798,0,203,64,90,CCW,1,S,0,0,0
D7651658,404120,409451,1,1626,1798,0,203,64,90,CCW,1,S,0,0,0
D7651658,404121,409452,1,1629,1798,0,203,64,90,CCW,1,S,0,0,0
D7651658,404122,409453,1,1629,1798,0,203,64,90,CCW,1,S,0,0,0
D7651658,404123,409454,1,1629,1798,0,203,64,90,CCW,1,S,0,0,0
D7651658,404124,409455,1,1636,1798,0,203,64,90,CCW,1,S,0,0,0
D7651658,404125,409456,1,1632,1798,0,203,64,90,CCW,1,S,0,0,0
D7651658,404126,409457,1,1633,1798,0,203,64,90,CCW,1,S,0,0,0
D7651658,404127,409458,1,1636,1798,0,203,64,90,CCW,1,S,0,0,0
D7651658,404128,409459,1,1636,1798,0,203,64,90,CCW,1,S,0,0,0
D7651658,404129,409460,1,1638,1798,0,203,64,90,CCW,1,S,0,0,0
D7651658,404130,409461,1,1641,1798,0,203,64,90,CCW,1,S,0,0,0
D7651658,404131,409462,1,1640,1798,0,203,64,90,CCW,1,S,0,0,0
D7651658,404132,409463,1,1644,1798,0,203,64,90,CCW,1,S,0,0,0
D7651658,404133,409464,1,1646,1798,0,203,64,90,CCW,1,S,0,0,0
D7651658,404134,409465,1,1643,1798,0,203,64,90,CCW,1,S,0,0,0
D7651658,404135,409466,1,1647,1798,0,203,64,90,CCW,1,S,0,0,0
D7651658,404136,409467,1,1648,1798,0,203,64,90,CCW,1,S,0,0,0
D7651658,404137,409468,1,1650,1798,0,203,64,90,CCW,1,S,0,0,0
D7651658,404138,409469,1,1652,1798,0,203,64,90,CCW,1,S,0,0,0
D7651658,404139,409470,1,1651,1798,0,203,64,90,CCW,1,S,0,0,0
D7651658,404140,409471,1,1655,1798,0,203,64,90,CCW,1,S,0,0,0
D7651658,404141,409472,1,1650,1798,0,203,64,90,CCW,1,S,0,0,0
D7651658,404142,409473,1,1658,1798,0,203,64,90,CCW,1,S,0,0,0
D7651658,404143,409474,1,1663,1798,0,203,64,90,CCW,1,S,0,0,0
D7651658,404144,409475,1,1661,1798,0,203,64,90,CCW,1,S,0,0,0
D7651658,404145,409476,1,1657,1798,0,203,64,90,CCW,1,S,0,0,0
D7651658,404146,409477,1,1665,1798,0,203,64,90,CCW,1,S,0,0,0
D7651658,404147,409478,1,1666,1798,0,203,64,90,CCW,1,S,0,0,0
D7651658,404148,409479,1,1667,1798,0,203,64,90,CCW,1,S,0,0,0
D7651658,404149,409480,1,1672,1798,0,203,64,90,CCW,1,S,0,0,0
D7651658,404150,409481,1,1671,1798,0,203,64,90,CCW,1,S,0,0,0
D7651658,404151,409482,1,1674,1798,0,203,64,90,CCW,1,S,0,0,0
D7651658,404152,409483,1,1677,1798,0,203,64,90,CCW,1,S,0,0,0
D7651658,404153,409484,1,1678,1798,0,203,64,90,CCW,1,S,0,0,0
D7651658,404154,409485,1,1678,1798,0,203,64,90,CCW,1,S,0,0,0
D7651658,404155,409486,1,1679,1798,0,203,64,90,CCW,1,S,0,0,0
D7651658,404156,409487,1,1681,1798,0,203,64,90,CCW,1,S,0,0,0
D7651658,404157,409488,1,1682,1798,0,203,64,90,CCW,1,S,0,0,0
D7651658,404158,409489,1,1687,1798,0,203,64,90,CCW,1,S,0,0,0
D7651658,404159,409490,1,1684,1798,0,203,64,90,CCW,1,S,0,0,0
D7651658,404160,409491,1,1690,1798,0,203,64,90,CCW,1,S,0,0,0
D7651658,404161,409492,1,1692,1798,0,203,64,90,CCW,1,S,0,0,0
D7651658,404162,409493,1,1692,1798,0,203,64,90,CCW,1,S,0,0,0
D7651658,404163,409494,1,1696,1798,0,203,64,90,CCW,1,S,0,0,0
D7651658,404164,409495,1,1697,1798,0,203,64,90,CCW,1,S,0,0,0
D7651658,404165,409496,1,1699,1798,0,203,64,90,CCW,1,S,0,0,0
D7651658,404166,409497,1,1702,1798,0,203,64,90,CCW,1,S,0,0,0
D7651658,404167,409498,1,1702,1798,0,203,64,90,CCW,1,S,0,0,0
D7651658,404168,409499,1,1703,1798,0,203,64,90,CCW,1,S,0,0,0
D7651658,404169,409500,1,1707,1798,0,203,64,90,CCW,1,S,0,0,0
D7651658,404170,409501,1,1714,1798,0,203,64,90,CCW,1,S,0,0,0
D7651658,404171,409502,1,1711,1798,0,203,64,90,CCW,1,S,0,0,0
D7651658,404172,409503,1,1711,1798,0,203,64,90,CCW,1,S,0,0,0
D7651658,404173,409504,1,1712,1798,0,203,64,90,CCW,1,S,0,0,0
D7651658,404174,409505,1,1714,1798,0,203,64,90,CCW,1,S,0,0,0
D7651658,404175,409506,1,1706,1798,0,203,64,90,CCW,1,S,0,0,0
D7651658,404176,409507,1,1717,1798,0,203,64,90,CCW,1,S,0,0,0
D7651658,404177,409508,1,1721,1798,0,203,64,90,CCW,1,S,0,0,0
D7651658,404178,409509,1,1722,1798,0,203,64,90,CCW,1,S,0,0,0
D7651658,404179,409510,1,1723,1798,0,203,64,90,CCW,1,S,0,0,0
D7651658,404180,409511,1,1726,1798,0,203,64,90,CCW,1,S,0,0,0
D7651658,404181,409512,1,1726,1798,0,203,64,90,CCW,1,S,0,0,0
D7651658,404182,409513,1,1728,1798,0,203,64,90,CCW,1,S,0,0,0
D7651658,404183,409514,1,1730,1798,0,203,64,90,CCW,1,S,0,0,0
D7651658,404184,409515,1,1732,1798,0,203,64,90,CCW,1,S,0,0,0
D7651658,404185,409516,1,1729,1798,0,203,64,90,CCW,1,S,0,0,0
D7651658,404186,409517,1,1736,1798,0,203,64,90,CCW,1,S,0,0,0
D7651658,404187,409518,1,1736,1798,0,203,64,90,CCW,1,S,0,0,0
D7651658,404188,409519,1,1738,1798,0,203,64,90,CCW,1,S,0,0,0
D7651658,404189,409520,1,1741,1798,0,203,64,90,CCW,1,S,0,0,0
D7651658,404190,409521,1,1740,1798,0,203,64,90,CCW,1,S,0,0,0
D7651658,404191,409522,1,1739,1798,0,203,64,90,CCW,1,S,0,0,0
D7651658,404192,409523,1,1744,1798,0,203,64,90,CCW,1,S,0,0,0
D7651658,404193,409524,1,1743,1798,0,203,64,90,CCW,1,S,0,0,0
D7651658,404194,409525,1,1745,1798,0,203,64,90,CCW,1,S,0,0,0
D7651658,404195,409526,1,1747,1798,0,203,64,90,CCW,1,S,0,0,0
D7651658,404196,409527,1,1747,1798,0,203,64,90,CCW,1,S,0,0,0
D7651658,404197,409528,1,1747,1798,0,203,64,90,CCW,1,S,0,0,0
D7651658,404198,409529,1,1747,1798,0,203,64,90,CCW,1,S,0,0,0
D7651658,404199,409530,1,1749,1798,0,203,64,90,CCW,1,S,0,0,0
D7651658,404200,409531,1,1752,1798,0,203,64,90,CCW,1,S,0,0,0
D7651658,404201,409532,1,1755,1798,0,203,64,90,CCW,1,S,0,0,0
D7651658,404202,409533,1,1753,1798,0,203,64,90,CCW,1,S,0,0,0
D7651658,404203,409534,1,1758,1798,0,203,64,90,CCW,1,S,0,0,0
D7651658,404204,409535,1,1758,1798,0,203,64,90,CCW,1,S,0,0,0
D7651658,404205,409536,1,1758,1798,0,203,64,90,CCW,1,S,0,0,0
D7651658,404206,409537,1,1759,1798,0,203,64,90,CCW,1,S,0,0,0
D7651658,404207,409538,1,1761,1798,0,203,64,90,CCW,1,S,0,0,0
D7651658,404208,409539,1,1760,1798,0,203,64,90,CCW,1,S,0,0,0
D7651658,404209,409540,1,1765,1798,0,203,64,90,CCW,1,S,0,0,0
D7651658,404210,409541,1,1763,1798,0,203,64,90,CCW,1,S,0,0,0
D7651658,404211,409542,1,1766,1798,0,203,64,90,CCW,1,S,0,0,0
D7651658,404212,409543,1,1767,1798,0,203,64,90,CCW,1,S,0,0,0
D7651658,404213,409544,1,1768,1798,0,203,64,90,CCW,1,S,0,0,0
D7651658,404214,409545,1,1771,1798,0,203,64,90,CCW,1,S,0,0,0
D7651658,404215,409546,1,1770,1798,0,203,64,90,CCW,1,S,0,0,0
D7651658,404216,409547,1,1771,1798,0,203,64,90,CCW,1,S,0,0,0
D7651658,404217,409548,1,1771,1798,0,203,64,90,CCW,1,S,0,0,0
D7651658,404218,409549,1,1772,1798,0,203,64,90,CCW,1,S,0,0,0
D7651658,404219,409550,1,1774,1798,0,203,64,90,CCW,1,S,0,0,0
D7651658,404220,409551,1,1774,1798,0,203,64,90,CCW,1,S,0,0,0
D7651658,404221,409552,1,1775,1798,0,203,64,90,CCW,1,S,0,0,0
D7651658,404222,409553,1,1776,1798,0,203,65,90,CCW,1,S,0,0,0
D7651658,404223,409554,1,1775,1798,0,203,65,90,CCW,1,S,0,0,0
D7651658,404224,409555,1,1775,1798,0,203,65,90,CCW,1,S,0,0,0
D7651658,404225,409556,1,1776,1798,0,203,65,90,CCW,1,S,0,0,0
D7651658,404226,409557,1,1778,1798,0,203,65,90,CCW,1,S,0,0,0
D7651658,404227,409558,1,1778,1798,0,203,65,90,CCW,1,S,0,0,0
D7651658,404228,409559,1,1780,1798,0,203,65,90,CCW,1,S,0,0,0
D7651658,404229,409560,1,1778,1798,0,203,65,90,CCW,1,S,0,0,0
D7651658,404230,409561,1,1781,1798,0,203,65,90,CCW,1,S,0,0,0
D7651658,404231,409562,1,1780,1798,0,203,65,90,CCW,1,S,0,0,0
D7651658,404232,409563,1,1780,1798,0,203,65,90,CCW,1,S,0,0,0
D7651658,404233,409564,1,1780,1798,0,203,65,90,CCW,1,S,0,0,0
D7651658,404234,409565,1,1781,1798,0,203,65,90,CCW,1,S,0,0,0
D7651658,404235,409566,1,1782,1798,0,203,65,90,CCW,1,S,0,0,0
D7651658,404236,409567,1,1782,1798,0,203,65,90,CCW,1,S,0,0,0
D7651658,404237,409568,1,1780,1798,0,203,65,90,CCW,1,S,0,0,0
D7651658,404238,409569,1,1786,1798,0,203,65,90,CCW,1,S,0,0,0
D7651658,404239,409570,1,1786,1798,0,0,65,90,CCW,0,S,0,0,0
D7651658,404240,409571,1,1780,1798,0,0,65,90,CCW,0,S,0,0,0
D7651658,404241,409572,1,1787,1798,0,0,65,90,CCW,0,S,0,0,0
D7651658,404242,409573,1,1785,1798,0,0,65,90,CCW,0,S,0,0,0
D7651658,404243,409574,1,1788,1798,0,0,65,90,CCW,0,S,0,0,0
D7651658,404244,409575,1,1788,1798,0,0,65,90,CCW,0,S,0,0,0
D7651658,404245,409576,1,1789,1798,0,0,65,90,CCW,0,S,0,0,0
D7651658,404246,409578,2,1788,1798,0,0,65,90,CCW,0,S,0,1,1
D7651658,404247,409579,1,1790,1798,0,0,65,90,CCW,0,S,0,0,0
D7651658,404248,409580,1,1790,1798,0,0,65,90,CCW,0,S,0,0,0
D7651658,404249,409581,1,1791,1798,0,0,65,90,CCW,0,S,0,0,0
D7651658,404250,409582,1,1791,1798,0,0,65,90,CCW,0,S,0,0,0
D7651658,404251,409583,1,1791,1798,0,0,65,90,CCW,0,S,0,0,0
D7651658,404252,409584,1,1791,1798,0,0,65,90,CCW,0,S,0,0,0
D7651658,404253,409585,1,1792,1798,0,0,65,90,CCW,0,S,0,0,0
D7651658,404254,409586,1,1790,1798,0,0,65,90,CCW,0,S,0,0,0
D7651658,404255,409587,1,1792,1798,0,0,65,90,CCW,0,S,0,0,0
D7651658,404256,409588,1,1793,1798,0,0,65,90,CCW,0,S,0,0,0
D7651658,404257,409589,1,1790,1798,0,0,65,90,CCW,0,S,0,0,0
D7651658,404258,409590,1,1793,1798,0,0,65,90,CCW,0,S,0,0,0
D7651658,404259,409591,1,1793,1798,0,0,65,90,CCW,0,S,0,0,0
D7651658,404260,409592,1,1793,1798,0,0,65,90,CCW,0,S,0,0,0
D7651658,404261,409593,1,1793,1798,0,0,65,90,CCW,0,S,0,0,0
D7651658,404262,409594,1,1795,1798,0,0,65,90,CCW,0,S,0,0,0
D7651658,404263,409595,1,1795,1798,0,0,65,90,CCW,0,S,0,0,0
D7651658,404264,409596,1,1794,1798,0,0,65,90,CCW,0,S,0,0,0
D7651658,404265,409597,1,1794,1798,0,0,65,90,CCW,0,S,0,0,0
D7651658,404266,409598,1,1795,1798,0,0,65,90,CCW,0,S,0,0,0
D7651658,404267,409599,1,1795,1798,0,0,65,90,CCW,0,S,0,0,0
D7651658,404268,409600,1,1795,1798,0,0,65,90,CCW,0,S,0,0,0
D7651658,404269,409601,1,1798,1798,0,0,65,90,CCW,0,S,0,0,0
D7651658,404270,409602,1,1796,1798,0,0,65,90,CCW,0,S,0,0,0
D7651658,404271,409604,2,1794,1798,0,0,65,90,CCW,0,S,0,1,1
D7651658,404272,409605,1,1798,1798,0,0,65,90,CCW,0,S,0,0,0
D7651658,404273,409606,1,1798,1798,0,0,65,90,CCW,0,S,0,0,0
D7651658,404274,409607,1,1798,1798,0,0,65,90,CCW,0,S,0,0,0
D7651658,404275,409608,1,1798,1798,0,0,65,90,CCW,0,S,0,0,0
D7651658,404276,409609,1,1798,1798,0,0,65,90,CCW,0,S,0,0,0
D7651658,404277,409610,1,1798,1798,0,0,65,90,CCW,0,S,0,0,0
D7651658,404278,409611,1,1798,1798,0,0,65,90,CCW,0,S,0,0,0
D7651658,404279,409612,1,1799,1798,0,0,65,90,CCW,0,S,0,0,0
D7651658,404280,409613,1,1798,1798,0,0,65,90,CCW,0,S,0,0,0
D7651658,404281,409614,1,1798,1798,0,0,65,90,CCW,0,S,0,0,0
D7651658,404282,409615,1,1798,1798,0,0,65,90,CCW,0,S,0,0,0
D7651658,404283,409616,1,1799,1798,0,0,65,90,CCW,0,S,0,0,0
D7651658,404284,409617,1,1799,1798,0,0,65,90,CCW,0,S,0,0,0
D7651658,404285,409618,1,1797,1798,0,0,65,90,CCW,0,S,0,0,0
D7651658,404286,409619,1,1796,1798,0,0,65,90,CCW,0,S,0,0,0
D7651658,404287,409620,1,1800,1798,0,0,65,90,CCW,0,S,0,0,0
D7651658,404288,409621,1,1799,1798,0,0,65,90,CCW,0,S,0,0,0
D7651658,404289,409622,1,1802,1798,0,0,65,90,CCW,0,S,0,0,0
D7651658,404290,409623,1,1800,1798,0,0,65,90,CCW,0,S,0,0,0
D7651658,404291,409624,1,1800,1798,0,0,65,90,CCW,0,S,0,0,0
D7651658,404292,409625,1,1798,1798,0,0,65,90,CCW,0,S,0,0,0
D7651658,404293,409626,1,1799,1798,0,0,65,90,CCW,0,S,0,0,0
D7651658,404294,409627,1,1802,1798,0,0,65,90,CCW,0,S,0,0,0
D7651658,404295,409628,1,1797,1798,0,0,65,90,CCW,0,S,0,0,0
D7651658,404296,409629,1,1800,1798,0,0,65,90,CCW,0,S,0,0,0
D7651658,404297,409630,1,1798,1798,0,0,65,90,CCW,0,S,0,0,0
D7651658,404298,409631,1,1799,1798,0,0,65,90,CCW,0,S,0,0,0
D7651658,404299,409632,1,1801,1798,0,0,65,90,CCW,0,S,0,0,0
D7651658,404300,409633,1,1800,1798,0,0,65,90,CCW,0,S,0,0,0
D7651658,404301,409634,1,1799,1798,0,0,65,90,CCW,0,S,0,0,0
D7651658,404302,409635,1,1801,1798,0,0,65,90,CCW,0,S,0,0,0
D7651658,404303,409636,1,1800,1798,0,0,65,90,CCW,0,S,0,0,0
D7651658,404304,409637,1,1803,1798,0,0,65,90,CCW,0,S,0,0,0
D7651658,404305,409638,1,1800,1798,0,0,65,90,CCW,0,S,0,0,0
D7651658,404306,409639,1,1801,1798,0,0,65,90,CCW,0,S,0,0,0
D7651658,404307,409640,1,1801,1798,0,0,65,90,CCW,0,S,0,0,0
D7651658,404308,409641,1,1803,1798,0,0,65,90,CCW,0,S,0,0,0
D7651658,404309,409642,1,1802,1798,0,0,65,90,CCW,0,S,0,0,0
D7651658,404310,409643,1,1803,1798,0,0,65,90,CCW,0,S,0,0,0
D7651658,404311,409644,1,1799,1798,0,0,65,90,CCW,0,S,0,0,0
D7651658,404312,409645,1,1802,1798,0,0,65,90,CCW,0,S,0,0,0
D7651658,404313,409646,1,1803,1798,0,0,65,90,CCW,0,S,0,0,0
D7651658,404314,409647,1,1802,1798,0,0,65,90,CCW,0,S,0,0,0
D7651658,404315,409648,1,1802,1798,0,0,65,90,CCW,0,S,0,0,0
D7651658,404316,409649,1,1806,1798,0,0,65,90,CCW,0,S,0,0,0
D7651658,404317,409650,1,1801,1798,0,0,65,90,CCW,0,S,0,0,0
D7651658,404318,409651,1,1804,1798,0,0,65,90,CCW,0,S,0,0,0
D7651658,404319,409652,1,1804,1798,0,0,65,90,CCW,0,S,0,0,0
D7651658,404320,409653,1,1800,1798,0,0,65,90,CCW,0,S,0,0,0
D7651658,404321,409654,1,1800,1798,0,0,65,90,CCW,0,S,0,0,0
D7651658,404322,409655,1,1802,1798,0,0,65,90,CCW,0,S,0,0,0
D7651658,404323,409656,1,1804,1798,0,0,65,90,CCW,0,S,0,0,0
D7651658,404324,409657,1,1802,1798,0,0,65,90,CCW,0,S,0,0,0
D7651658,404325,409658,1,1802,1798,0,0,65,90,CCW,0,S,0,0,0
D7651658,404326,409659,1,1802,1798,0,0,65,90,CCW,0,S,0,0,0
D7651658,404327,409660,1,1803,1798,0,0,65,90,CCW,0,S,0,0,0
D7651658,404328,409661,1,1812,1798,0,0,65,90,CCW,0,S,0,0,0
D7651658,404329,409662,1,1803,1798,0,0,65,90,CCW,0,S,0,0,0
D7651658,404330,409663,1,1802,1798,0,0,65,90,CCW,0,S,0,0,0
D7651658,404331,409664,1,1801,1798,0,0,65,90,CCW,0,S,0,0,0
D7651658,404332,409665,1,1813,1798,0,0,65,90,CCW,0,S,0,0,0
D7651658,404333,409666,1,1803,1798,0,0,65,90,CCW,0,S,0,0,0
D7651658,404334,409667,1,1801,1798,0,0,65,90,CCW,0,S,0,0,0
D7651658,404335,409668,1,1803,1798,0,0,65,90,CCW,0,S,0,0,0
D7651658,404336,409669,1,1801,1798,0,0,65,90,CCW,0,S,0,0,0
D7651658,404337,409670,1,1802,1798,0,0,65,90,CCW,0,S,0,0,0
D7651658,404338,409671,1,1802,1798,0,0,65,90,CCW,0,S,0,0,0
D7651658,404339,409672,1,1800,1798,0,0,65,90,CCW,0,S,0,0,0
D7651658,404340,409673,1,1802,1798,0,0,65,90,CCW,0,S,0,0,0
D7651658,404341,409674,1,1802,1798,0,0,65,90,CCW,0,S,0,0,0
D7651658,404342,409675,1,1802,1798,0,0,65,90,CCW,0,S,0,0,0
D7651658,404343,409676,1,1803,1798,0,0,65,90,CCW,0,S,0,0,0
D7651658,404344,409677,1,1803,1798,0,0,65,90,CCW,0,S,0,0,0
D7651658,404345,409678,1,1803,1798,0,0,65,90,CCW,0,S,0,0,0
D7651658,404346,409679,1,1801,1798,0,0,65,90,CCW,0,S,0,0,0
D7651658,404347,409680,1,1801,1798,0,0,65,90,CCW,0,S,0,0,0
D7651658,404348,409681,1,1797,1798,0,0,65,90,CCW,0,S,0,0,0
D7651658,404349,409682,1,1801,1798,0,0,65,90,CCW,0,S,0,0,0
D7651658,404350,409683,1,1798,1798,0,0,65,90,CCW,0,S,0,0,0
D7651658,404351,409684,1,1803,1798,0,0,65,90,CCW,0,S,0,0,0
D7651658,404352,409685,1,1806,1798,0,0,65,90,CCW,0,S,0,0,0
D7651658,404353,409686,1,1801,1798,0,0,65,90,CCW,0,S,0,0,0
D7651658,404354,409687,1,1802,1798,0,0,65,90,CCW,0,S,0,0,0
D7651658,404355,409688,1,1801,1798,0,0,65,90,CCW,0,S,0,0,0
D7651658,404356,409689,1,1800,1798,0,0,65,90,CCW,0,S,0,0,0
D7651658,404357,409690,1,1800,1798,0,0,65,90,CCW,0,S,0,0,0
D7651658,404358,409691,1,1803,1798,0,0,65,90,CCW,0,S,0,0,0
D7651658,404359,409692,1,1803,1798,0,0,65,90,CCW,0,S,0,0,0
D7651658,404360,409693,1,1803,1798,0,0,65,90,CCW,0,S,0,0,0
D7651658,404361,409694,1,1804,1798,0,0,65,90,CCW,0,S,0,0,0
D7651658,404362,409695,1,1801,1798,0,0,65,90,CCW,0,S,0,0,0
D7651658,404363,409696,1,1803,1798,0,0,65,90,CCW,0,S,0,0,0
D7651658,404364,409697,1,1805,1798,0,0,65,90,CCW,0,S,0,0,0
D7651658,404365,409698,1,1802,1798,0,0,65,90,CCW,0,S,0,0,0
D7651658,404366,409699,1,1801,1798,0,0,65,90,CCW,0,S,0,0,0
D7651658,404367,409700,1,1802,1798,0,0,65,90,CCW,0,S,0,0,0
D7651658,404368,409701,1,1801,1798,0,0,65,90,CCW,0,S,0,0,0
D7651658,404369,409702,1,1803,1798,0,0,65,90,CCW,0,S,0,0,0
D7651658,404370,409703,1,1801,1798,0,0,66,90,CCW,0,S,0,0,0
D7651658,404371,409704,1,1801,1798,0,0,66,90,CCW,0,S,0,0,0
D7651658,404372,409705,1,1802,1798,0,0,66,90,CCW,0,S,0,0,0
D7651658,404373,409706,1,1802,1798,0,0,66,90,CCW,0,S,0,0,0
D7651658,404374,409707,1,1800,1798,0,0,66,90,CCW,0,S,0,0,0
D7651658,404375,409708,1,1800,1798,0,0,66,90,CCW,0,S,0,0,0
D7651658,404376,409709,1,1797,1798,0,0,66,90,CCW,0,S,0,0,0
D7651658,404377,409710,1,1803,1798,0,0,66,90,CCW,0,S,0,0,0
D7651658,404378,409711,1,1803,1798,0,0,66,90,CCW,0,S,0,0,0
D7651658,404379,409712,1,1802,1798,0,0,66,90,CCW,0,S,0,0,0
D7651658,404380,409713,1,1801,1798,0,0,66,90,CCW,0,S,0,0,0
D7651658,404381,409714,1,1802,1798,0,0,66,90,CCW,0,S,0,0,0
D7651658,404382,409715,1,1803,1798,0,0,66,90,CCW,0,S,0,0,0
D7651658,404383,409716,1,1800,1798,0,0,66,90,CCW,0,S,0,0,0
D7651658,404384,409717,1,1801,1798,0,0,66,90,CCW,0,S,0,0,0
D7651658,404385,409718,1,1803,1798,0,0,66,90,CCW,0,S,0,0,0
D7651658,404386,409719,1,1802,1798,0,0,66,90,CCW,0,S,0,0,0
D7651658,404387,409720,1,1802,1798,0,0,66,90,CCW,0,S,0,0,0
D7651658,404388,409721,1,1801,1798,0,0,66,90,CCW,0,S,0,0,0
D7651658,404389,409722,1,1802,1798,0,0,66,90,CCW,0,S,0,0,0
D7651658,404390,409723,1,1806,1798,0,0,66,90,CCW,0,S,0,0,0
D7651658,404391,409724,1,1802,1798,0,0,66,90,CCW,0,S,0,0,0
D7651658,404392,409725,1,1801,1798,0,0,66,90,CCW,0,S,0,0,0
D7651658,404393,409726,1,1802,1798,0,0,66,90,CCW,0,S,0,0,0
D7651658,404394,409727,1,1802,1798,0,0,66,90,CCW,0,S,0,0,0
D7651658,404395,409728,1,1801,1798,0,0,66,90,CCW,0,S,0,0,0
D7651658,404396,409729,1,1801,1798,0,0,66,90,CCW,0,S,0,0,0
D7651658,404397,409730,1,1802,1798,0,0,66,90,CCW,0,S,0,0,0
D7651658,404398,409731,1,1806,1798,0,0,66,90,CCW,0,S,0,0,0
D7651658,404399,409732,1,1800,1798,0,0,66,90,CCW,0,S,0,0,0
D7651658,404400,409733,1,1800,1798,0,0,66,90,CCW,0,S,0,0,0
D7651658,404401,409734,1,1802,1798,0,0,66,90,CCW,0,S,0,0,0
D7651658,404402,409735,1,1801,1798,0,0,66,90,CCW,0,S,0,0,0
D7651658,404403,409736,1,1800,1798,0,0,66,90,CCW,0,S,0,0,0
D7651658,404404,409737,1,1803,1798,0,0,66,90,CCW,0,S,0,0,0
D7651658,404405,409738,1,1801,1798,0,0,66,90,CCW,0,S,0,0,0
D7651658,404406,409739,1,1802,1798,0,0,66,90,CCW,0,S,0,0,0
D7651658,404407,409740,1,1801,1798,0,0,66,90,CCW,0,S,0,0,0
D7651658,404408,409741,1,1802,1798,0,0,66,90,CCW,0,S,0,0,0
D7651658,404409,409742,1,1793,1798,0,0,66,90,CCW,0,S,0,0,0
D7651658,404410,409743,1,1801,1798,0,0,66,90,CCW,0,S,0,0,0
D7651658,404411,409744,1,1801,1798,0,0,66,90,CCW,0,S,0,0,0
D7651658,404412,409745,1,1805,1798,0,0,66,90,CCW,0,S,0,0,0
D7651658,404413,409746,1,1801,1798,0,0,66,90,CCW,0,S,0,0,0
D7651658,404414,409747,1,1806,1798,0,0,66,90,CCW,0,S,0,0,0
D7651658,404415,409748,1,1800,1798,0,0,66,90,CCW,0,S,0,0,0
D7651658,404416,409749,1,1802,1798,0,0,66,90,CCW,0,S,0,0,0
D7651658,404417,409750,1,1800,1798,0,0,66,90,CCW,0,S,0,0,0
D7651658,404418,409751,1,1802,1798,0,0,66,90,CCW,0,S,0,0,0
D7651658,404419,409752,1,1802,1798,0,0,66,90,CCW,0,S,0,0,0
D7651658,404420,409753,1,1802,1798,0,0,66,90,CCW,0,S,0,0,0
D7651658,404421,409754,1,1800,1798,0,0,66,90,CCW,0,S,0,0,0
D7651658,404422,409755,1,1799,1798,0,0,66,90,CCW,0,S,0,0,0
D7651658,404423,409756,1,1804,1798,0,0,66,90,CCW,0,S,0,0,0
D7651658,404424,409757,1,1801,1798,0,0,66,90,CCW,0,S,0,0,0
D7651658,404425,409758,1,1815,1798,0,0,66,90,CCW,0,S,0,0,0
D7651658,404426,409759,1,1803,1798,0,0,66,90,CCW,0,S,0,0,0
D7651658,404427,409760,1,1802,1798,0,0,66,90,CCW,0,S,0,0,0
D7651658,404428,409761,1,1802,1798,0,0,66,90,CCW,0,S,0,0,0
D7651658,404429,409762,1,1799,1798,0,0,66,90,CCW,0,S,0,0,0
D7651658,404430,409763,1,1803,1798,0,0,66,90,CCW,0,S,0,0,0
D7651658,404431,409764,1,1801,1798,0,0,66,90,CCW,0,S,0,0,0
D7651658,404432,409765,1,1800,1798,0,0,66,90,CCW,0,S,0,0,0
D7651658,404433,409766,1,1802,1798,0,0,66,90,CCW,0,S,0,0,0
D7651658,404434,409767,1,1802,1798,0,0,66,90,CCW,0,S,0,0,0
D7651658,404435,409768,1,1801,1798,0,0,66,90,CCW,0,S,0,0,0
D7651658,404436,409769,1,1803,1798,0,0,66,90,CCW,0,S,0,0,0
D7651658,404437,409770,1,1801,1798,0,0,66,90,CCW,0,S,0,0,0
D7651658,404438,409771,1,1801,1798,0,0,66,90,CCW,0,S,0,0,0
D7651658,404439,409772,1,1802,1798,0,0,66,90,CCW,0,S,0,0,0
D7651658,404440,409773,1,1803,1798,0,0,66,90,CCW,0,S,0,0,0
D7651658,404441,409774,1,1800,1798,0,0,66,90,CCW,0,S,0,0,0
D7651658,404442,409775,1,1802,1798,0,0,66,90,CCW,0,S,0,0,0
D7651658,404443,409776,1,1803,1798,0,0,66,90,CCW,0,S,0,0,0
D7651658,404444,409777,1,1803,1798,0,0,66,90,CCW,0,S,0,0,0
D7651658,404445,409778,1,1800,1798,0,0,66,90,CCW,0,S,0,0,0
D7651658,404446,409779,1,1803,1798,0,0,66,90,CCW,0,S,0,0,0
D7651658,404447,409780,1,1800,1798,0,0,66,90,CCW,0,S,0,0,0
D7651658,404448,409781,1,1801,1798,0,0,66,90,CCW,0,S,0,0,0
D7651658,404449,409783,2,1800,1798,0,0,66,90,CCW,0,S,0,1,1
D7651658,404450,409784,1,1800,1798,0,0,66,90,CCW,0,S,0,0,0
D7651658,404451,409785,1,1800,1798,0,0,66,90,CCW,0,S,0,0,0
D7651658,404452,409786,1,1805,1798,0,0,66,90,CCW,0,S,0,0,0
D7651658,404453,409787,1,1800,1798,0,0,66,90,CCW,0,S,0,0,0
D7651658,404454,409788,1,1800,1798,0,0,66,90,CCW,0,S,0,0,0
D7651658,404455,409789,1,1800,1798,0,0,66,90,CCW,0,S,0,0,0
D7651658,404456,409790,1,1800,1798,0,0,66,90,CCW,0,S,0,0,0
D7651658,404457,409791,1,1802,1798,0,0,66,90,CCW,0,S,0,0,0
D7651658,404458,409792,1,1801,1798,0,0,66,90,CCW,0,S,0,0,0
D7651658,404459,409793,1,1802,1798,0,0,66,90,CCW,0,S,0,0,0
D7651658,404460,409794,1,1802,1798,0,0,66,90,CCW,0,S,0,0,0
D7651658,404461,409795,1,1800,1798,0,0,66,90,CCW,0,S,0,0,0
D7651658,404462,409796,1,1801,1798,0,0,66,90,CCW,0,S,0,0,0
D7651658,404463,409797,1,1801,1798,0,0,66,90,CCW,0,S,0,0,0
D7651658,404464,409798,1,1795,1798,0,0,66,90,CCW,0,S,0,0,0
D7651658,404465,409799,1,1802,1798,0,0,66,90,CCW,0,S,0,0,0
D7651658,404466,409800,1,1800,1798,0,0,66,90,CCW,0,S,0,0,0
D7651658,404467,409801,1,1800,1798,0,0,66,90,CCW,0,S,0,0,0
D7651658,404468,409802,1,1799,1798,0,0,66,90,CCW,0,S,0,0,0
D7651658,404469,409803,1,1799,1798,0,0,66,90,CCW,0,S,0,0,0
D7651658,404470,409804,1,1802,1798,0,0,66,90,CCW,0,S,0,0,0
D7651658,404471,409805,1,1799,1798,0,0,66,90,CCW,0,S,0,0,0
D7651658,404472,409806,1,1799,1798,0,0,66,90,CCW,0,S,0,0,0
D7651658,404473,409807,1,1799,1798,0,0,66,90,CCW,0,S,0,0,0
D7651658,404474,409808,1,1798,1798,0,0,66,90,CCW,0,S,0,0,0
D7651658,404475,409809,1,1797,1798,0,0,66,90,CCW,0,S,0,0,0
D7651658,404476,409810,1,1800,1798,0,0,66,90,CCW,0,S,0,0,0
D7651658,404477,409811,1,1800,1798,0,0,66,90,CCW,0,S,0,0,0
D7651658,404478,409812,1,1798,1798,0,0,66,90,CCW,0,S,0,0,0
D7651658,404479,409813,1,1800,1798,0,0,66,90,CCW,0,S,0,0,0
D7651658,404480,409814,1,1801,1798,0,0,66,90,CCW,0,S,0,0,0
D7651658,404481,409815,1,1800,1798,0,0,66,90,CCW,0,S,0,0,0
D7651658,404482,409816,1,1801,1798,0,0,66,90,CCW,0,S,0,0,0
D7651658,404483,409817,1,1801,1798,0,0,66,90,CCW,0,S,0,0,0
D7651658,404484,409818,1,1799,1798,0,0,66,90,CCW,0,S,0,0,0
D7651658,404485,409819,1,1800,1798,0,0,66,90,CCW,0,S,0,0,0
D7651658,404486,409820,1,1802,1798,0,0,66,90,CCW,0,S,0,0,0
D7651658,404487,409821,1,1802,1798,0,0,66,90,CCW,0,S,0,0,0
D7651658,404488,409822,1,1802,1798,0,0,66,90,CCW,0,S,0,0,0
D7651658,404489,409823,1,1800,1798,0,0,66,90,CCW,0,S,0,0,0
D7651658,404490,409824,1,1801,1798,0,0,66,90,CCW,0,S,0,0,0
D7651658,404491,409825,1,1801,1798,0,0,66,90,CCW,0,S,0,0,0
D7651658,404492,409826,1,1801,1798,0,0,66,90,CCW,0,S,0,0,0
D7651658,404493,409827,1,1801,1798,0,0,66,90,CCW,0,S,0,0,0
D7651658,404494,409828,1,1801,1798,0,0,66,90,CCW,0,S,0,0,0
D7651658,404495,409829,1,1802,1798,0,0,66,90,CCW,0,S,0,0,0
D7651658,404496,409830,1,1799,1798,0,0,66,90,CCW,0,S,0,0,0
D7651658,404497,409831,1,1801,1798,0,0,66,90,CCW,0,S,0,0,0
D7651658,404498,409832,1,1801,1798,0,0,66,90,CCW,0,S,0,0,0
D7651658,404499,409833,1,1800,1798,0,0,66,90,CCW,0,S,0,0,0
D7651658,404500,409834,1,1805,1798,0,0,66,90,CCW,0,S,0,0,0
D7651658,404501,409835,1,1800,1798,0,0,66,90,CCW,0,S,0,0,0
D7651658,404502,409836,1,1799,1798,0,0,66,90,CCW,0,S,0,0,0
D7651658,404503,409837,1,1801,1798,0,0,66,90,CCW,0,S,0,0,0
D7651658,404504,409838,1,1801,1798,0,0,66,90,CCW,0,S,0,0,0
D7651658,404505,409839,1,1801,1798,0,0,66,90,CCW,0,S,0,0,0
D7651658,404506,409840,1,1802,1798,0,0,66,90,CCW,0,S,0,0,0
D7651658,404507,409841,1,1800,1798,0,0,66,90,CCW,0,S,0,0,0
D7651658,404508,409842,1,1800,1798,0,0,66,90,CCW,0,S,0,0,0
D7651658,404509,409843,1,1801,1798,0,0,66,90,CCW,0,S,0,0,0
D7651658,404510,409844,1,1801,1798,0,0,66,90,CCW,0,S,0,0,0
D7651658,404511,409845,1,1800,1798,0,0,66,90,CCW,0,S,0,0,0
D7651658,404512,409846,1,1802,1798,0,0,66,90,CCW,0,S,0,0,0
D7651658,404513,409847,1,1802,1798,0,0,66,90,CCW,0,S,0,0,0
D7651658,404514,409848,1,1800,1798,0,0,66,90,CCW,0,S,0,0,0
D7651658,404515,409849,1,1802,1798,0,0,66,90,CCW,0,S,0,0,0
D7651658,404516,409850,1,1802,1798,0,0,66,90,CCW,0,S,0,0,0
D7651658,404517,409851,1,1800,1798,0,0,66,90,CCW,0,S,0,0,0
D7651658,404518,409852,1,1801,1798,0,0,66,90,CCW,0,S,0,0,0
D7651658,404519,409853,1,1800,1798,0,0,67,90,CCW,0,S,0,0,0
D7651658,404520,409854,1,1802,1798,0,0,67,90,CCW,0,S,0,0,0
D7651658,404521,409855,1,1802,1798,0,0,67,90,CCW,0,S,0,0,0
D7651658,404522,409856,1,1801,1798,0,0,67,90,CCW,0,S,0,0,0
D7651658,404523,409857,1,1800,1798,0,0,67,90,CCW,0,S,0,0,0
D7651658,404524,409858,1,1802,1798,0,0,67,90,CCW,0,S,0,0,0
D7651658,404525,409859,1,1797,1798,0,0,67,90,CCW,0,S,0,0,0
D7651658,404526,409860,1,1801,1798,0,0,67,90,CCW,0,S,0,0,0
D7651658,404527,409861,1,1801,1798,0,0,67,90,CCW,0,S,0,0,0
D7651658,404528,409862,1,1800,1798,0,0,67,90,CCW,0,S,0,0,0
D7651658,404529,409863,1,1799,1798,0,0,67,90,CCW,0,S,0,0,0
D7651658,404530,409864,1,1800,1798,0,0,67,90,CCW,0,S,0,0,0
D7651658,404531,409865,1,1801,1798,0,0,67,90,CCW,0,S,0,0,0
D7651658,404532,409866,1,1805,1798,0,0,67,90,CCW,0,S,0,0,0
D7651658,404533,409867,1,1803,1798,0,0,67,90,CCW,0,S,0,0,0
D7651658,404534,409868,1,1800,1798,0,0,67,90,CCW,0,S,0,0,0
D7651658,404535,409869,1,1819,1798,0,0,67,90,CCW,0,S,0,0,0
D7651658,404536,409870,1,1801,1798,0,0,67,90,CCW,0,S,0,0,0
D7651658,404537,409871,1,1801,1798,0,0,67,90,CCW,0,S,0,0,0
D7651658,404538,409872,1,1800,1798,0,0,67,90,CCW,0,S,0,0,0
D7651658,404539,409873,1,1801,1798,0,0,67,90,CCW,0,S,0,0,0
D7651658,404540,409874,1,1801,1798,0,0,67,90,CCW,0,S,0,0,0
D7651658,404541,409875,1,1800,1798,0,0,67,90,CCW,0,S,0,0,0
D7651658,404542,409876,1,1801,1798,0,0,67,90,CCW,0,S,0,0,0
D7651658,404543,409877,1,1795,1798,0,0,67,90,CCW,0,S,0,0,0
D7651658,404544,409878,1,1800,1798,0,0,67,90,CCW,0,S,0,0,0
D7651658,404545,409879,1,1798,1798,0,0,67,90,CCW,0,S,0,0,0
D7651658,404546,409880,1,1800,1798,0,0,67,90,CCW,0,S,0,0,0
D7651658,404547,409881,1,1800,1798,0,0,67,90,CCW,0,S,0,0,0
D7651658,404548,409882,1,1799,1798,0,0,67,90,CCW,0,S,0,0,0
D7651658,404549,409883,1,1801,1798,0,0,67,90,CCW,0,S,0,0,0
D7651658,404550,409885,2,1800,1798,0,0,67,90,CCW,0,S,0,1,1
D7651658,404551,409886,1,1799,1798,0,0,67,90,CCW,0,S,0,0,0
D7651658,404552,409887,1,1800,1798,0,0,67,90,CCW,0,S,0,0,0
D7651658,404553,409888,1,1797,1798,0,0,67,90,CCW,0,S,0,0,0
D7651658,404554,409889,1,1799,1798,0,0,67,90,CCW,0,S,0,0,0
D7651658,404555,409890,1,1801,1798,0,0,67,90,CCW,0,S,0,0,0
D7651658,404556,409891,1,1803,1798,0,0,67,90,CCW,0,S,0,0,0
D7651658,404557,409892,1,1799,1798,0,0,67,90,CCW,0,S,0,0,0
D7651658,404558,409893,1,1798,1798,0,0,67,90,CCW,0,S,0,0,0
D7651658,404559,409895,2,1801,1798,0,0,67,90,CCW,0,S,0,1,1
D7651658,404560,409896,1,1799,1798,0,0,67,90,CCW,0,S,0,0,0
D7651658,404561,409897,1,1792,1798,0,0,67,90,CCW,0,S,0,0,0
D7651658,404562,409898,1,1795,1798,0,0,67,90,CCW,0,S,0,0,0
D7651658,404563,409899,1,1798,1798,0,0,67,90,CCW,0,S,0,0,0
D7651658,404564,409900,1,1796,1798,0,0,67,90,CCW,0,S,0,0,0
D7651658,404565,409901,1,1800,1798,0,0,67,90,CCW,0,S,0,0,0
D7651658,404566,409902,1,1797,1798,0,0,67,90,CCW,0,S,0,0,0
D7651658,404567,409903,1,1782,1798,0,0,67,90,CCW,0,S,0,0,0
D7651658,404568,409904,1,1800,1798,0,0,67,90,CCW,0,S,0,0,0
D7651658,404569,409905,1,1799,1798,0,0,67,90,CCW,0,S,0,0,0
D7651658,404570,409906,1,1799,1798,0,0,67,90,CCW,0,S,0,0,0
D7651658,404571,409907,1,1800,1798,0,0,67,90,CCW,0,S,0,0,0
D7651658,404572,409908,1,1799,1798,0,0,67,90,CCW,0,S,0,0,0
D7651658,404573,409909,1,1800,1798,0,0,67,90,CCW,0,S,0,0,0
D7651658,404574,409910,1,1800,1798,0,0,67,90,CCW,0,S,0,0,0
D7651658,404575,409911,1,1804,1798,0,0,67,90,CCW,0,S,0,0,0
D7651658,404576,409912,1,1802,1798,0,0,67,90,CCW,0,S,0,0,0
D7651658,404577,409913,1,1800,1798,0,0,67,90,CCW,0,S,0,0,0
D7651658,404578,409914,1,1799,1798,0,0,67,90,CCW,0,S,0,0,0
D7651658,404579,409915,1,1801,1798,0,0,67,90,CCW,0,S,0,0,0
D7651658,404580,409916,1,1801,1798,0,0,67,90,CCW,0,S,0,0,0
D7651658,404581,409917,1,1802,1798,0,0,67,90,CCW,0,S,0,0,0
D7651658,404582,409918,1,1797,1798,0,0,67,90,CCW,0,S,0,0,0
D7651658,404583,409919,1,1799,1798,0,0,67,90,CCW,0,S,0,0,0
D7651658,404584,409920,1,1800,1798,0,0,67,90,CCW,0,S,0,0,0
D7651658,404585,409921,1,1800,1798,0,0,67,90,CCW,0,S,0,0,0
D7651658,404586,409922,1,1800,1798,0,0,67,90,CCW,0,S,0,0,0
D7651658,404587,409923,1,1799,1798,0,0,67,90,CCW,0,S,0,0,0
D7651658,404588,409924,1,1800,1798,0,0,67,90,CCW,0,S,0,0,0
D7651658,404589,409925,1,1800,1798,0,0,67,90,CCW,0,S,0,0,0
D7651658,404590,409926,1,1799,1798,0,0,67,90,CCW,0,S,0,0,0
D7651658,404591,409927,1,1800,1798,0,0,67,90,CCW,0,S,0,0,0
D7651658,404592,409928,1,1797,1798,0,0,67,90,CCW,0,S,0,0,0
D7651658,404593,409929,1,1801,1798,0,0,67,90,CCW,0,S,0,0,0
D7651658,404594,409930,1,1800,1798,0,0,67,90,CCW,0,S,0,0,0
D7651658,404595,409931,1,1799,1798,0,0,67,90,CCW,0,S,0,0,0
D7651658,404596,409932,1,1801,1798,0,0,67,90,CCW,0,S,0,0,0
D7651658,404597,409933,1,1801,1798,0,0,67,90,CCW,0,S,0,0,0
D7651658,404598,409934,1,1799,1798,0,0,67,90,CCW,0,S,0,0,0
D7651658,404599,409935,1,1800,1798,0,0,67,90,CCW,0,S,0,0,0
D7651658,404600,409936,1,1801,1798,0,0,67,90,CCW,0,S,0,0,0
D7651658,404601,409937,1,1799,1798,0,0,67,90,CCW,0,S,0,0,0
D7651658,404602,409938,1,1801,1798,0,0,67,90,CCW,0,S,0,0,0
D7651658,404603,409939,1,1796,1798,0,0,67,90,CCW,0,S,0,0,0
D7651658,404604,409940,1,1799,1798,0,0,67,90,CCW,0,S,0,0,0
D7651658,404605,409941,1,1800,1798,0,0,67,90,CCW,0,S,0,0,0
D7651658,404606,409942,1,1799,1798,0,0,67,90,CCW,0,S,0,0,0
D7651658,404607,409943,1,1800,1798,0,0,67,90,CCW,0,S,0,0,0
D7651658,404608,409944,1,1800,1798,0,0,67,90,CCW,0,S,0,0,0
D7651658,404609,409945,1,1804,1798,0,0,67,90,CCW,0,S,0,0,0
D7651658,404610,409946,1,1800,1798,0,0,67,90,CCW,0,S,0,0,0
D7651658,404611,409947,1,1799,1798,0,0,67,90,CCW,0,S,0,0,0
D7651658,404612,409948,1,1802,1798,0,0,67,90,CCW,0,S,0,0,0
D7651658,404613,409949,1,1799,1798,0,0,67,90,CCW,0,S,0,0,0
D7651658,404614,409950,1,1801,1798,0,0,67,90,CCW,0,S,0,0,0
D7651658,404615,409951,1,1801,1798,0,0,67,90,CCW,0,S,0,0,0
D7651658,404616,409952,1,1799,1798,0,0,67,90,CCW,0,S,0,0,0
D7651658,404617,409953,1,1799,1798,0,0,67,90,CCW,0,S,0,0,0
D7651658,404618,409954,1,1800,1798,0,0,67,90,CCW,0,S,0,0,0
D7651658,404619,409955,1,1800,1798,0,0,67,90,CCW,0,S,0,0,0
D7651658,404620,409956,1,1799,1798,0,0,67,90,CCW,0,S,0,0,0
D7651658,404621,409957,1,1801,1798,0,0,67,90,CCW,0,S,0,0,0
D7651658,404622,409958,1,1800,1798,0,0,67,90,CCW,0,S,0,0,0
D7651658,404623,409959,1,1801,1798,0,0,67,90,CCW,0,S,0,0,0
D7651658,404624,409960,1,1799,1798,0,0,67,90,CCW,0,S,0,0,0
D7651658,404625,409961,1,1799,1798,0,0,67,90,CCW,0,S,0,0,0
D7651658,404626,409962,1,1799,1798,0,0,67,90,CCW,0,S,0,0,0
D7651658,404627,409963,1,1797,1798,0,0,67,90,CCW,0,S,0,0,0
D7651658,404628,409964,1,1800,1798,0,0,67,90,CCW,0,S,0,0,0
D7651658,404629,409965,1,1799,1798,0,0,67,90,CCW,0,S,0,0,0
D7651658,404630,409966,1,1799,1798,0,0,67,90,CCW,0,S,0,0,0
D7651658,404631,409967,1,1800,1798,0,0,67,90,CCW,0,S,0,0,0
D7651658,404632,409968,1,1802,1798,0,0,67,90,CCW,0,S,0,0,0
D7651658,404633,409969,1,1800,1798,0,0,67,90,CCW,0,S,0,0,0
D7651658,404634,409970,1,1803,1798,0,0,67,90,CCW,0,S,0,0,0
D7651658,404635,409971,1,1799,1798,0,0,67,90,CCW,0,S,0,0,0
D7651658,404636,409972,1,1802,1798,0,0,67,90,CCW,0,S,0,0,0
D7651658,404637,409973,1,1800,1798,0,0,67,90,CCW,0,S,0,0,0
D7651658,404638,409974,1,1801,1798,0,0,67,90,CCW,0,S,0,0,0
D7651658,404639,409975,1,1800,1798,0,0,67,90,CCW,0,S,0,0,0
D7651658,404640,409976,1,1799,1798,0,0,67,90,CCW,0,S,0,0,0
D7651658,404641,409977,1,1799,1798,0,0,67,90,CCW,0,S,0,0,0
D7651658,404642,409978,1,1799,1798,0,0,67,90,CCW,0,S,0,0,0
D7651658,404643,409979,1,1800,1798,0,0,67,90,CCW,0,S,0,0,0
D7651658,404644,409980,1,1798,1798,0,0,67,90,CCW,0,S,0,0,0
D7651658,404645,409981,1,1799,1798,0,0,67,90,CCW,0,S,0,0,0
D7651658,404646,409982,1,1800,1798,0,0,67,90,CCW,0,S,0,0,0
D7651658,404647,409983,1,1798,1798,0,0,67,90,CCW,0,S,0,0,0
D7651658,404648,409984,1,1799,1798,0,0,67,90,CCW,0,S,0,0,0
D7651658,404649,409985,1,1797,1798,0,0,67,90,CCW,0,S,0,0,0
D7651658,404650,409986,1,1801,1798,0,0,67,90,CCW,0,S,0,0,0
D7651658,404651,409987,1,1797,1798,0,0,67,90,CCW,0,S,0,0,0
D7651658,404652,409988,1,1799,1798,0,0,67,90,CCW,0,S,0,0,0
D7651658,404653,409989,1,1798,1798,0,0,67,90,CCW,0,S,0,0,0
D7651658,404654,409990,1,1799,1798,0,0,67,90,CCW,0,S,0,0,0
D7651658,404655,409991,1,1799,1798,0,0,67,90,CCW,0,S,0,0,0
D7651658,404656,409992,1,1800,1798,0,0,67,90,CCW,0,S,0,0,0
D7651658,404657,409993,1,1800,1798,0,0,67,90,CCW,0,S,0,0,0
D7651658,404658,409994,1,1800,1798,0,0,67,90,CCW,0,S,0,0,0
D7651658,404659,409995,1,1797,1798,0,0,67,90,CCW,0,S,0,0,0
D7651658,404660,409996,1,1799,1798,0,0,67,90,CCW,0,S,0,0,0
D7651658,404661,409997,1,1807,1798,0,0,67,90,CCW,0,S,0,0,0
D7651658,404662,409998,1,1800,1798,0,0,67,90,CCW,0,S,0,0,0
D7651658,404663,409999,1,1800,1798,0,0,67,90,CCW,0,S,0,0,0
D7651658,404664,410000,1,1799,1798,0,0,67,90,CCW,0,S,0,0,0
D7651658,404665,410001,1,1815,1798,0,0,67,90,CCW,0,S,0,0,0
D7651658,404666,410002,1,1798,1798,0,0,67,90,CCW,0,S,0,0,0
D7651658,404667,410003,1,1800,1798,0,0,68,90,CCW,0,S,0,0,0
D7651658,404668,410004,1,1787,1798,0,0,68,90,CCW,0,S,0,0,0
D7651658,404669,410005,1,1801,1798,0,0,68,90,CCW,0,S,0,0,0
D7651658,404670,410006,1,1800,1798,0,0,68,90,CCW,0,S,0,0,0
D7651658,404671,410007,1,1800,1798,0,0,68,90,CCW,0,S,0,0,0
D7651658,404672,410008,1,1799,1798,0,0,68,90,CCW,0,S,0,0,0
D7651658,404673,410009,1,1799,1798,0,0,68,90,CCW,0,S,0,0,0
D7651658,404674,410011,2,1797,1798,0,0,68,90,CCW,0,S,0,1,1
D7651658,404675,410013,2,1800,1798,0,0,68,90,CCW,0,S,0,1,1
D7651658,404676,410014,1,1798,1798,0,0,68,90,CCW,0,S,0,0,0
D7651658,404677,410015,1,1798,1798,0,0,68,90,CCW,0,S,0,0,0
D7651658,404678,410018,3,1800,1798,0,0,68,90,CCW,0,S,0,1,2
D7651658,404679,410019,1,1799,1798,0,0,68,90,CCW,0,S,0,0,0
D7651658,404680,410020,1,1799,1798,0,0,68,90,CCW,0,S,0,0,0
D7651658,404681,410021,1,1800,1798,0,0,68,90,CCW,0,S,0,0,0
D7651658,404682,410022,1,1800,1798,0,0,68,90,CCW,0,S,0,0,0
D7651658,404683,410023,1,1801,1798,0,0,68,90,CCW,0,S,0,0,0
D7651658,404684,410024,1,1800,1798,0,0,68,90,CCW,0,S,0,0,0
D7651658,404685,410025,1,1799,1798,0,0,68,90,CCW,0,S,0,0,0
D7651658,404686,410026,1,1801,1798,0,0,68,90,CCW,0,S,0,0,0
D7651658,404687,410027,1,1800,1798,0,0,68,90,CCW,0,S,0,0,0
D7651658,404688,410028,1,1799,1798,0,0,68,90,CCW,0,S,0,0,0
D7651658,404689,410029,1,1801,1798,0,0,68,90,CCW,0,S,0,0,0
D7651658,404690,410030,1,1797,1798,0,0,68,90,CCW,0,S,0,0,0
D7651658,404691,410031,1,1797,1798,0,0,68,90,CCW,0,S,0,0,0
D7651658,404692,410032,1,1799,1798,0,0,68,90,CCW,0,S,0,0,0
D7651658,404693,410033,1,1798,1798,0,0,68,90,CCW,0,S,0,0,0
D7651658,404694,410034,1,1799,1798,0,0,68,90,CCW,0,S,0,0,0
D7651658,404695,410035,1,1799,1798,0,0,68,90,CCW,0,S,0,0,0
D7651658,404696,410036,1,1799,1798,0,0,68,90,CCW,0,S,0,0,0
D7651658,404697,410037,1,1799,1798,0,0,68,90,CCW,0,S,0,0,0
D7651658,404698,410038,1,1801,1798,0,0,68,90,CCW,0,S,0,0,0
D7651658,404699,410039,1,1799,1798,0,0,68,90,CCW,0,S,0,0,0
D7651658,404700,410040,1,1801,1798,0,0,68,90,CCW,0,S,0,0,0
D7651658,404701,410041,1,1799,1798,0,0,68,90,CCW,0,S,0,0,0
D7651658,404702,410042,1,1798,1798,0,0,68,90,CCW,0,S,0,0,0
D7651658,404703,410043,1,1799,1798,0,0,68,90,CCW,0,S,0,0,0
D7651658,404704,410044,1,1798,1798,0,0,68,90,CCW,0,S,0,0,0
D7651658,404705,410045,1,1800,1798,0,0,68,90,CCW,0,S,0,0,0
D7651658,404706,410046,1,1798,1798,0,0,68,90,CCW,0,S,0,0,0
D7651658,404707,410047,1,1798,1798,0,0,68,90,CCW,0,S,0,0,0
D7651658,404708,410048,1,1800,1798,0,0,68,90,CCW,0,S,0,0,0
D7651658,404709,410049,1,1799,1798,0,0,68,90,CCW,0,S,0,0,0
D7651658,404710,410050,1,1812,1798,0,0,68,90,CCW,0,S,0,0,0
D7651658,404711,410051,1,1799,1798,0,0,68,90,CCW,0,S,0,0,0
D7651658,404712,410052,1,1800,1798,0,0,68,90,CCW,0,S,0,0,0
D7651658,404713,410053,1,1799,1798,0,0,68,90,CCW,0,S,0,0,0
D7651658,404714,410054,1,1799,1798,0,0,68,90,CCW,0,S,0,0,0
D7651658,404715,410055,1,1800,1798,0,0,68,90,CCW,0,S,0,0,0
D7651658,404716,410056,1,1799,1798,0,0,68,90,CCW,0,S,0,0,0
D7651658,404717,410057,1,1800,1798,0,0,68,90,CCW,0,S,0,0,0
D7651658,404718,410058,1,1800,1798,0,0,68,90,CCW,0,S,0,0,0
D7651658,404719,410059,1,1800,1798,0,0,68,90,CCW,0,S,0,0,0
D7651658,404720,410060,1,1800,1798,0,0,68,90,CCW,0,S,0,0,0
D7651658,404721,410061,1,1799,1798,0,0,68,90,CCW,0,S,0,0,0
D7651658,404722,410062,1,1800,1798,0,0,68,90,CCW,0,S,0,0,0
D7651658,404723,410063,1,1799,1798,0,0,68,90,CCW,0,S,0,0,0
D7651658,404724,410064,1,1800,1798,0,0,68,90,CCW,0,S,0,0,0
D7651658,404725,410065,1,1804,1798,0,0,68,90,CCW,0,S,0,0,0
D7651658,404726,410066,1,1801,1798,0,0,68,90,CCW,0,S,0,0,0
D7651658,404727,410067,1,1799,1798,0,0,68,90,CCW,0,S,0,0,0
D7651658,404728,410068,1,1799,1798,0,0,68,90,CCW,0,S,0,0,0
D7651658,404729,410069,1,1797,1798,0,0,68,90,CCW,0,S,0,0,0
D7651658,404730,410070,1,1799,1798,0,0,68,90,CCW,0,S,0,0,0
D7651658,404731,410071,1,1798,1798,0,0,68,90,CCW,0,S,0,0,0
D7651658,404732,410072,1,1797,1798,0,0,68,90,CCW,0,S,0,0,0
D7651658,404733,410073,1,1797,1798,0,0,68,90,CCW,0,S,0,0,0
D7651658,404734,410074,1,1797,1798,0,0,68,90,CCW,0,S,0,0,0
D7651658,404735,410075,1,1798,1798,0,0,68,90,CCW,0,S,0,0,0
D7651658,404736,410076,1,1798,1798,0,0,68,90,CCW,0,S,0,0,0
D7651658,404737,410077,1,1798,1798,0,0,68,90,CCW,0,S,0,0,0
D7651658,404738,410078,1,1801,1798,0,0,68,90,CCW,0,S,0,0,0
D7651658,404739,410079,1,1800,1798,0,0,68,90,CCW,0,S,0,0,0
D7651658,404740,410080,1,1799,1798,0,0,68,90,CCW,0,S,0,0,0
D7651658,404741,410081,1,1799,1798,0,0,68,90,CCW,0,S,0,0,0
D7651658,404742,410082,1,1798,1798,0,0,68,90,CCW,0,S,0,0,0
D7651658,404743,410083,1,1800,1798,0,0,68,90,CCW,0,S,0,0,0
D7651658,404744,410084,1,1800,1798,0,0,68,90,CCW,0,S,0,0,0
D7651658,404745,410085,1,1800,1798,0,0,68,90,CCW,0,S,0,0,0
D7651658,404746,410086,1,1796,1798,0,0,68,90,CCW,0,S,0,0,0
D7651658,404747,410087,1,1799,1798,0,0,68,90,CCW,0,S,0,0,0
D7651658,404748,410088,1,1800,1798,0,0,68,90,CCW,0,S,0,0,0
D7651658,404749,410089,1,1799,1798,0,0,68,90,CCW,0,S,0,0,0
D7651658,404750,410090,1,1800,1798,0,0,68,90,CCW,0,S,0,0,0
D7651658,404751,410091,1,1799,1798,0,0,68,90,CCW,0,S,0,0,0
D7651658,404752,410092,1,1800,1798,0,0,68,90,CCW,0,S,0,0,0
D7651658,404753,410093,1,1799,1798,0,0,68,90,CCW,0,S,0,0,0
D7651658,404754,410094,1,1799,1798,0,0,68,90,CCW,0,S,0,0,0
D7651658,404755,410095,1,1799,1798,0,0,68,90,CCW,0,S,0,0,0
D7651658,404756,410096,1,1797,1798,0,0,68,90,CCW,0,S,0,0,0
D7651658,404757,410097,1,1794,1798,0,0,68,90,CCW,0,S,0,0,0
D7651658,404758,410098,1,1801,1798,0,0,68,90,CCW,0,S,0,0,0
D7651658,404759,410099,1,1801,1798,0,0,68,90,CCW,0,S,0,0,0
D7651658,404760,410100,1,1802,1798,0,0,68,90,CCW,0,S,0,0,0
D7651658,404761,410101,1,1800,1798,0,0,68,90,CCW,0,S,0,0,0
D7651658,404762,410102,1,1810,1798,0,0,68,90,CCW,0,S,0,0,0
D7651658,404763,410103,1,1799,1798,0,0,68,90,CCW,0,S,0,0,0
D7651658,404764,410104,1,1800,1798,0,0,68,90,CCW,0,S,0,0,0
D7651658,404765,410105,1,1799,1798,0,0,68,90,CCW,0,S,0,0,0
D7651658,404766,410106,1,1800,1798,0,0,68,90,CCW,0,S,0,0,0
D7651658,404767,410107,1,1801,1798,0,0,68,90,CCW,0,S,0,0,0
D7651658,404768,410108,1,1789,1798,0,0,68,90,CCW,0,S,0,0,0
D7651658,404769,410109,1,1800,1798,0,0,68,90,CCW,0,S,0,0,0
D7651658,404770,410110,1,1800,1798,0,0,68,90,CCW,0,S,0,0,0
D7651658,404771,410111,1,1800,1798,0,0,68,90,CCW,0,S,0,0,0
D7651658,404772,410112,1,1798,1798,0,0,68,90,CCW,0,S,0,0,0
D7651658,404773,410113,1,1799,1798,0,0,68,90,CCW,0,S,0,0,0
D7651658,404774,410114,1,1798,1798,0,0,68,90,CCW,0,S,0,0,0
D7651658,404775,410115,1,1798,1798,0,0,68,90,CCW,0,S,0,0,0
D7651658,404776,410116,1,1801,1798,0,0,68,90,CCW,0,S,0,0,0
D7651658,404777,410117,1,1801,1798,0,0,68,90,CCW,0,S,0,0,0
D7651658,404778,410118,1,1799,1798,0,0,68,90,CCW,0,S,0,0,0
D7651658,404779,410119,1,1799,1798,0,0,68,90,CCW,0,S,0,0,0
D7651658,404780,410120,1,1799,1798,0,0,68,90,CCW,0,S,0,0,0
D7651658,404781,410121,1,1801,1798,0,0,68,90,CCW,0,S,0,0,0
D7651658,404782,410122,1,1801,1798,0,0,68,90,CCW,0,S,0,0,0
D7651658,404783,410123,1,1799,1798,0,0,68,90,CCW,0,S,0,0,0
D7651658,404784,410124,1,1798,1798,0,0,68,90,CCW,0,S,0,0,0
D7651658,404785,410125,1,1799,1798,0,0,68,90,CCW,0,S,0,0,0
D7651658,404786,410126,1,1798,1798,0,0,68,90,CCW,0,S,0,0,0
D7651658,404787,410127,1,1798,1798,0,0,68,90,CCW,0,S,0,0,0
D7651658,404788,410128,1,1802,1798,0,0,68,90,CCW,0,S,0,0,0
D7651658,404789,410129,1,1800,1798,0,0,68,90,CCW,0,S,0,0,0
D7651658,404790,410130,1,1811,1798,0,0,68,90,CCW,0,S,0,0,0
D7651658,404791,410131,1,1799,1798,0,0,68,90,CCW,0,S,0,0,0
D7651658,404792,410132,1,1800,1798,0,0,68,90,CCW,0,S,0,0,0
D7651658,404793,410133,1,1809,1798,0,0,68,90,CCW,0,S,0,0,0
D7651658,404794,410134,1,1799,1798,0,0,68,90,CCW,0,S,0,0,0
D7651658,404795,410135,1,1801,1798,0,0,68,90,CCW,0,S,0,0,0
D7651658,404796,410136,1,1800,1798,0,0,68,90,CCW,0,S,0,0,0
D7651658,404797,410137,1,1801,1798,0,0,68,90,CCW,0,S,0,0,0
D7651658,404798,410138,1,1803,1798,0,0,68,90,CCW,0,S,0,0,0
D7651658,404799,410139,1,1796,1798,0,0,68,90,CCW,0,S,0,0,0
D7651658,404800,410140,1,1800,1798,0,0,68,90,CCW,0,S,0,0,0
D7651658,404801,410141,1,1796,1798,0,0,68,90,CCW,0,S,0,0,0
D7651658,404802,410142,1,1802,1798,0,0,68,90,CCW,0,S,0,0,0
D7651658,404803,410143,1,1801,1798,0,0,68,90,CCW,0,S,0,0,0
D7651658,404804,410144,1,1798,1798,0,0,68,90,CCW,0,S,0,0,0
D7651658,404805,410145,1,1801,1798,0,0,68,90,CCW,0,S,0,0,0
D7651658,404806,410146,1,1800,1798,0,0,68,90,CCW,0,S,0,0,0
D7651658,404807,410147,1,1800,1798,0,0,68,90,CCW,0,S,0,0,0
D7651658,404808,410148,1,1802,1798,0,0,68,90,CCW,0,S,0,0,0
D7651658,404809,410149,1,1800,1798,0,0,68,90,CCW,0,S,0,0,0
D7651658,404810,410150,1,1798,1798,0,0,68,90,CCW,0,S,0,0,0
D7651658,404811,410151,1,1800,1798,0,0,68,90,CCW,0,S,0,0,0
D7651658,404812,410152,1,1799,1798,0,0,68,90,CCW,0,S,0,0,0
D7651658,404813,410153,1,1801,1798,0,0,69,90,CCW,0,S,0,0,0
D7651658,404814,410154,1,1798,1798,0,0,69,90,CCW,0,S,0,0,0
D7651658,404815,410155,1,1798,1798,0,0,69,90,CCW,0,S,0,0,0
D7651658,404816,410156,1,1798,1798,0,0,69,90,CCW,0,S,0,0,0
D7651658,404817,410157,1,1798,1798,0,0,69,90,CCW,0,S,0,0,0
D7651658,404818,410158,1,1798,1798,0,0,69,90,CCW,0,S,0,0,0
D7651658,404819,410159,1,1800,1798,0,0,69,90,CCW,0,S,0,0,0
D7651658,404820,410160,1,1798,1798,0,0,69,90,CCW,0,S,0,0,0
D7651658,404821,410161,1,1799,1798,0,0,69,90,CCW,0,S,0,0,0
D7651658,404822,410162,1,1796,1798,0,0,69,90,CCW,0,S,0,0,0
D7651658,404823,410163,1,1798,1798,0,0,69,90,CCW,0,S,0,0,0
D7651658,404824,410164,1,1796,1798,0,0,69,90,CCW,0,S,0,0,0
D7651658,404825,410165,1,1800,1798,0,0,69,90,CCW,0,S,0,0,0
D7651658,404826,410166,1,1799,1798,0,0,69,90,CCW,0,S,0,0,0
D7651658,404827,410167,1,1797,1798,0,0,69,90,CCW,0,S,0,0,0
D7651658,404828,410168,1,1798,1798,0,0,69,90,CCW,0,S,0,0,0
D7651658,404829,410169,1,1800,1798,0,0,69,90,CCW,0,S,0,0,0
D7651658,404830,410170,1,1798,1798,0,0,69,90,CCW,0,S,0,0,0
D7651658,404831,410171,1,1799,1798,0,0,69,90,CCW,0,S,0,0,0
D7651658,404832,410172,1,1797,1798,0,0,69,90,CCW,0,S,0,0,0
D7651658,404833,410173,1,1800,1798,0,0,69,90,CCW,0,S,0,0,0
D7651658,404834,410174,1,1799,1798,0,0,69,90,CCW,0,S,0,0,0
D7651658,404835,410175,1,1800,1798,0,0,69,90,CCW,0,S,0,0,0
D7651658,404836,410176,1,1800,1798,0,0,69,90,CCW,0,S,0,0,0
D7651658,404837,410177,1,1800,1798,0,0,69,90,CCW,0,S,0,0,0
D7651658,404838,410178,1,1800,1798,0,0,69,90,CCW,0,S,0,0,0
D7651658,404839,410179,1,1798,1798,0,0,69,90,CCW,0,S,0,0,0
D7651658,404840,410180,1,1800,1798,0,0,69,90,CCW,0,S,0,0,0
D7651658,404841,410181,1,1800,1798,0,0,69,90,CCW,0,S,0,0,0
D7651658,404842,410182,1,1800,1798,0,0,69,90,CCW,0,S,0,0,0
D7651658,404843,410183,1,1800,1798,0,0,69,90,CCW,0,S,0,0,0
D7651658,404844,410184,1,1800,1798,0,0,69,90,CCW,0,S,0,0,0
D7651658,404845,410185,1,1799,1798,0,0,69,90,CCW,0,S,0,0,0
D7651658,404846,410186,1,1799,1798,0,0,69,90,CCW,0,S,0,0,0
D7651658,404847,410187,1,1799,1798,0,0,69,90,CCW,0,S,0,0,0
D7651658,404848,410188,1,1798,1798,0,0,69,90,CCW,0,S,0,0,0
D7651658,404849,410189,1,1796,1798,0,0,69,90,CCW,0,S,0,0,0
D7651658,404850,410190,1,1798,1798,0,0,69,90,CCW,0,S,0,0,0
D7651658,404851,410192,2,1798,1798,0,0,69,90,CCW,0,S,0,1,1
D7651658,404852,410193,1,1807,1798,0,0,69,90,CCW,0,S,0,0,0
D7651658,404853,410194,1,1798,1798,0,0,69,90,CCW,0,S,0,0,0
D7651658,404854,410195,1,1797,1798,0,0,69,90,CCW,0,S,0,0,0
D7651658,404855,410196,1,1798,1798,0,0,69,90,CCW,0,S,0,0,0
D7651658,404856,410197,1,1798,1798,0,0,69,90,CCW,0,S,0,0,0
D7651658,404857,410198,1,1800,1798,0,0,69,90,CCW,0,S,0,0,0
D7651658,404858,410199,1,1799,1798,0,0,69,90,CCW,0,S,0,0,0
D7651658,404859,410200,1,1800,1798,0,0,69,90,CCW,0,S,0,0,0
D7651658,404860,410201,1,1795,1798,0,0,69,90,CCW,0,S,0,0,0
D7651658,404861,410202,1,1799,1798,0,0,69,90,CCW,0,S,0,0,0
D7651658,404862,410203,1,1799,1798,0,0,69,90,CCW,0,S,0,0,0
D7651658,404863,410204,1,1800,1798,0,0,69,90,CCW,0,S,0,0,0
D7651658,404864,410205,1,1799,1798,0,0,69,90,CCW,0,S,0,0,0
D7651658,404865,410206,1,1798,1798,0,0,69,90,CCW,0,S,0,0,0
D7651658,404866,410207,1,1798,1798,0,0,69,90,CCW,0,S,0,0,0
D7651658,404867,410208,1,1800,1798,0,0,69,90,CCW,0,S,0,0,0
D7651658,404868,410209,1,1799,1798,0,0,69,90,CCW,0,S,0,0,0
D7651658,404869,410210,1,1798,1798,0,0,69,90,CCW,0,S,0,0,0
D7651658,404870,410211,1,1799,1798,0,0,69,90,CCW,0,S,0,0,0
D7651658,404871,410212,1,1799,1798,0,0,69,90,CCW,0,S,0,0,0
D7651658,404872,410213,1,1799,1798,0,0,69,90,CCW,0,S,0,0,0
D7651658,404873,410214,1,1799,1798,0,0,69,90,CCW,0,S,0,0,0
D7651658,404874,410215,1,1796,1798,0,0,69,90,CCW,0,S,0,0,0
D7651658,404875,410216,1,1798,1798,0,0,69,90,CCW,0,S,0,0,0
D7651658,404876,410217,1,1798,1798,0,0,69,90,CCW,0,S,0,0,0
D7651658,404877,410218,1,1800,1798,0,0,69,90,CCW,0,S,0,0,0
D7651658,404878,410219,1,1800,1798,0,0,69,90,CCW,0,S,0,0,0
D7651658,404879,410220,1,1799,1798,0,0,69,90,CCW,0,S,0,0,0
D7651658,404880,410221,1,1801,1798,0,0,69,90,CCW,0,S,0,0,0
D7651658,404881,410222,1,1800,1798,0,0,69,90,CCW,0,S,0,0,0
D7651658,404882,410223,1,1800,1798,0,0,69,90,CCW,0,S,0,0,0
D7651658,404883,410224,1,1800,1798,0,0,69,90,CCW,0,S,0,0,0
D7651658,404884,410225,1,1800,1798,0,0,69,90,CCW,0,S,0,0,0
D7651658,404885,410226,1,1800,1798,0,0,69,90,CCW,0,S,0,0,0
D7651658,404886,410227,1,1803,1798,0,0,69,90,CCW,0,S,0,0,0
D7651658,404887,410228,1,1798,1798,0,0,69,90,CCW,0,S,0,0,0
D7651658,404888,410229,1,1803,1798,0,0,69,90,CCW,0,S,0,0,0
D7651658,404889,410230,1,1799,1798,0,0,69,90,CCW,0,S,0,0,0
D7651658,404890,410231,1,1799,1798,0,0,69,90,CCW,0,S,0,0,0
D7651658,404891,410232,1,1799,1798,0,0,69,90,CCW,0,S,0,0,0
D7651658,404892,410233,1,1801,1798,0,0,69,90,CCW,0,S,0,0,0
D7651658,404893,410234,1,1800,1798,0,0,69,90,CCW,0,S,0,0,0
D7651658,404894,410235,1,1798,1798,0,0,69,90,CCW,0,S,0,0,0
D7651658,404895,410236,1,1798,1798,0,0,69,90,CCW,0,S,0,0,0
D7651658,404896,410237,1,1799,1798,0,0,69,90,CCW,0,S,0,0,0
D7651658,404897,410238,1,1799,1798,0,0,69,90,CCW,0,S,0,0,0
D7651658,404898,410239,1,1798,1798,0,0,69,90,CCW,0,S,0,0,0
D7651658,404899,410240,1,1799,1798,0,0,69,90,CCW,0,S,0,0,0
D7651658,404900,410241,1,1799,1798,0,0,69,90,CCW,0,S,0,0,0
D7651658,404901,410242,1,1798,1798,0,0,69,90,CCW,0,S,0,0,0
D7651658,404902,410243,1,1798,1798,0,0,69,90,CCW,0,S,0,0,0
D7651658,404903,410244,1,1800,1798,0,0,69,90,CCW,0,S,0,0,0
D7651658,404904,410245,1,1795,1798,0,0,69,90,CCW,0,S,0,0,0
D7651658,404905,410246,1,1799,1798,0,0,69,90,CCW,0,S,0,0,0
D7651658,404906,410247,1,1799,1798,0,0,69,90,CCW,0,S,0,0,0
D7651658,404907,410248,1,1800,1798,0,0,69,90,CCW,0,S,0,0,0
D7651658,404908,410249,1,1799,1798,0,0,69,90,CCW,0,S,0,0,0
D7651658,404909,410250,1,1797,1798,0,0,69,90,CCW,0,S,0,0,0
D7651658,404910,410251,1,1798,1798,0,0,69,90,CCW,0,S,0,0,0
D7651658,404911,410252,1,1799,1798,0,0,69,90,CCW,0,S,0,0,0
D7651658,404912,410253,1,1796,1798,0,0,69,90,CCW,0,S,0,0,0
D7651658,404913,410254,1,1799,1798,0,0,69,90,CCW,0,S,0,0,0
D7651658,404914,410255,1,1799,1798,0,0,69,90,CCW,0,S,0,0,0
D7651658,404915,410256,1,1800,1798,0,0,69,90,CCW,0,S,0,0,0
D7651658,404916,410257,1,1800,1798,0,0,69,90,CCW,0,S,0,0,0
D7651658,404917,410258,1,1800,1798,0,0,69,90,CCW,0,S,0,0,0
D7651658,404918,410259,1,1799,1798,0,0,69,90,CCW,0,S,0,0,0
D7651658,404919,410260,1,1798,1798,0,0,69,90,CCW,0,S,0,0,0
D7651658,404920,410261,1,1795,1798,0,0,69,90,CCW,0,S,0,0,0
D7651658,404921,410262,1,1799,1798,0,0,69,90,CCW,0,S,0,0,0
D7651658,404922,410263,1,1799,1798,0,0,69,90,CCW,0,S,0,0,0
D7651658,404923,410264,1,1800,1798,0,0,69,90,CCW,0,S,0,0,0
D7651658,404924,410265,1,1800,1798,0,0,69,90,CCW,0,S,0,0,0
D7651658,404925,410266,1,1797,1798,0,0,69,90,CCW,0,S,0,0,0
D7651658,404926,410267,1,1801,1798,0,0,69,90,CCW,0,S,0,0,0
D7651658,404927,410268,1,1798,1798,0,0,69,90,CCW,0,S,0,0,0
D7651658,404928,410269,1,1799,1798,0,0,69,90,CCW,0,S,0,0,0
D7651658,404929,410270,1,1799,1798,0,0,69,90,CCW,0,S,0,0,0
D7651658,404930,410271,1,1799,1798,0,0,69,90,CCW,0,S,0,0,0
D7651658,404931,410272,1,1801,1798,0,0,69,90,CCW,0,S,0,0,0
D7651658,404932,410273,1,1799,1798,0,0,69,90,CCW,0,S,0,0,0
D7651658,404933,410274,1,1799,1798,0,0,69,90,CCW,0,S,0,0,0
D7651658,404934,410275,1,1798,1798,0,0,69,90,CCW,0,S,0,0,0
D7651658,404935,410276,1,1801,1798,0,0,69,90,CCW,0,S,0,0,0
D7651658,404936,410277,1,1800,1798,0,0,69,90,CCW,0,S,0,0,0
D7651658,404937,410278,1,1800,1798,0,0,69,90,CCW,0,S,0,0,0
D7651658,404938,410279,1,1799,1798,0,0,69,90,CCW,0,S,0,0,0
D7651658,404939,410280,1,1798,1798,0,0,69,90,CCW,0,S,0,0,0
D7651658,404940,410281,1,1799,1798,0,0,69,90,CCW,0,S,0,0,0
D7651658,404941,410282,1,1800,1798,0,0,69,90,CCW,0,S,0,0,0
D7651658,404942,410283,1,1798,1798,0,0,69,90,CCW,0,S,0,0,0
D7651658,404943,410284,1,1799,1798,0,0,69,90,CCW,0,S,0,0,0
D7651658,404944,410285,1,1799,1798,0,0,69,90,CCW,0,S,0,0,0
D7651658,404945,410286,1,1800,1798,0,0,69,90,CCW,0,S,0,0,0
D7651658,404946,410287,1,1799,1798,0,0,69,90,CCW,0,S,0,0,0
D7651658,404947,410288,1,1799,1798,0,0,69,90,CCW,0,S,0,0,0
D7651658,404948,410289,1,1798,1798,0,0,69,90,CCW,0,S,0,0,0
D7651658,404949,410290,1,1799,1798,0,0,69,90,CCW,0,S,0,0,0
D7651658,404950,410291,1,1798,1798,0,0,69,90,CCW,0,S,0,0,0
D7651658,404951,410292,1,1799,1798,0,0,69,90,CCW,0,S,0,0,0
D7651658,404952,410293,1,1801,1798,0,0,69,90,CCW,0,S,0,0,0
D7651658,404953,410294,1,1800,1798,0,0,69,90,CCW,0,S,0,0,0
D7651658,404954,410295,1,1799,1798,0,0,69,90,CCW,0,S,0,0,0
D7651658,404955,410296,1,1799,1798,0,0,69,90,CCW,0,S,0,0,0
D7651658,404956,410297,1,1799,1798,0,0,69,90,CCW,0,S,0,0,0
D7651658,404957,410298,1,1799,1798,0,0,69,90,CCW,0,S,0,0,0
D7651658,404958,410299,1,1800,1798,0,0,69,90,CCW,0,S,0,0,0
D7651658,404959,410300,1,1798,1798,0,0,69,90,CCW,0,S,0,0,0
D7651658,404960,410301,1,1798,1798,0,0,69,90,CCW,0,S,0,0,0
D7651658,404961,410302,1,1800,1798,0,0,69,90,CCW,0,S,0,0,0
D7651658,404962,410303,1,1798,1798,0,0,70,90,CCW,0,S,0,0,0
D7651658,404963,410304,1,1801,1798,0,0,70,90,CCW,0,S,0,0,0
D7651658,404964,410305,1,1800,1798,0,0,70,90,CCW,0,S,0,0,0
D7651658,404965,410306,1,1799,1798,0,0,70,90,CCW,0,S,0,0,0
D7651658,404966,410307,1,1800,1798,0,0,70,90,CCW,0,S,0,0,0
D7651658,404967,410308,1,1801,1798,0,0,70,90,CCW,0,S,0,0,0
D7651658,404968,410309,1,1799,1798,0,0,70,90,CCW,0,S,0,0,0
D7651658,404969,410310,1,1800,1798,0,0,70,90,CCW,0,S,0,0,0
D7651658,404970,410311,1,1799,1798,0,0,70,90,CCW,0,S,0,0,0
D7651658,404971,410312,1,1800,1798,0,0,70,90,CCW,0,S,0,0,0
D7651658,404972,410313,1,1800,1798,0,0,70,90,CCW,0,S,0,0,0
D7651658,404973,410314,1,1800,1798,0,0,70,90,CCW,0,S,0,0,0
D7651658,404974,410315,1,1800,1798,0,0,70,90,CCW,0,S,0,0,0
D7651658,404975,410316,1,1800,1798,0,0,70,90,CCW,0,S,0,0,0
D7651658,404976,410317,1,1799,1798,0,0,70,90,CCW,0,S,0,0,0
D7651658,404977,410318,1,1797,1798,0,0,70,90,CCW,0,S,0,0,0
D7651658,404978,410319,1,1798,1798,0,0,70,90,CCW,0,S,0,0,0
D7651658,404979,410320,1,1796,1798,0,0,70,90,CCW,0,S,0,0,0
D7651658,404980,410321,1,1800,1798,0,0,70,90,CCW,0,S,0,0,0
D7651658,404981,410322,1,1802,1798,0,0,70,90,CCW,0,S,0,0,0
D7651658,404982,410323,1,1799,1798,0,0,70,90,CCW,0,S,0,0,0
D7651658,404983,410324,1,1800,1798,0,0,70,90,CCW,0,S,0,0,0
D7651658,404984,410325,1,1799,1798,0,0,70,90,CCW,0,S,0,0,0
D7651658,404985,410326,1,1799,1798,0,0,70,90,CCW,0,S,0,0,0
D7651658,404986,410327,1,1798,1798,0,0,70,90,CCW,0,S,0,0,0
D7651658,404987,410328,1,1804,1798,0,0,70,90,CCW,0,S,0,0,0
D7651658,404988,410329,1,1800,1798,0,0,70,90,CCW,0,S,0,0,0
D7651658,404989,410330,1,1799,1798,0,0,70,90,CCW,0,S,0,0,0
D7651658,404990,410331,1,1800,1798,0,0,70,90,CCW,0,S,0,0,0
D7651658,404991,410332,1,1799,1798,0,0,70,90,CCW,0,S,0,0,0
D7651658,404992,410333,1,1799,1798,0,0,70,90,CCW,0,S,0,0,0
D7651658,404993,410334,1,1799,1798,0,0,70,90,CCW,0,S,0,0,0
D7651658,404994,410335,1,1800,1798,0,0,70,90,CCW,0,S,0,0,0
D7651658,404995,410336,1,1798,1798,0,0,70,90,CCW,0,S,0,0,0
D7651658,404996,410337,1,1800,1798,0,0,70,90,CCW,0,S,0,0,0
D7651658,404997,410338,1,1801,1798,0,0,70,90,CCW,0,S,0,0,0
D7651658,404998,410339,1,1799,1798,0,0,70,90,CCW,0,S,0,0,0
D7651658,404999,410340,1,1799,1798,0,0,70,90,CCW,0,S,0,0,0
D7651658,405000,410341,1,1799,1798,0,0,70,90,CCW,0,S,0,0,0
D7651658,405001,410342,1,1798,1798,0,0,70,90,CCW,0,S,0,0,0
D7651658,405002,410343,1,1798,1798,0,0,70,90,CCW,0,S,0,0,0
D7651658,405003,410344,1,1798,1798,0,0,70,90,CCW,0,S,0,0,0
D7651658,405004,410345,1,1800,1798,0,0,70,90,CCW,0,S,0,0,0
D7651658,405005,410346,1,1798,1798,0,0,70,90,CCW,0,S,0,0,0
D7651658,405006,410347,1,1799,1798,0,0,70,90,CCW,0,S,0,0,0
D7651658,405007,410348,1,1799,1798,0,0,70,90,CCW,0,S,0,0,0
D7651658,405008,410349,1,1800,1798,0,0,70,90,CCW,0,S,0,0,0
D7651658,405009,410350,1,1804,1798,0,0,70,90,CCW,0,S,0,0,0
D7651658,405010,410351,1,1800,1798,0,0,70,90,CCW,0,S,0,0,0
D7651658,405011,410352,1,1800,1798,0,0,70,90,CCW,0,S,0,0,0
D7651658,405012,410353,1,1800,1798,0,0,70,90,CCW,0,S,0,0,0
D7651658,405013,410354,1,1798,1798,0,0,70,90,CCW,0,S,0,0,0
D7651658,405014,410355,1,1800,1798,0,0,70,90,CCW,0,S,0,0,0
D7651658,405015,410356,1,1800,1798,0,0,70,90,CCW,0,S,0,0,0
D7651658,405016,410357,1,1801,1798,0,0,70,90,CCW,0,S,0,0,0
D7651658,405017,410358,1,1800,1798,0,0,70,90,CCW,0,S,0,0,0
D7651658,405018,410359,1,1799,1798,0,0,70,90,CCW,0,S,0,0,0
D7651658,405019,410360,1,1799,1798,0,0,70,90,CCW,0,S,0,0,0
D7651658,405020,410361,1,1799,1798,0,0,70,90,CCW,0,S,0,0,0
D7651658,405021,410362,1,1799,1798,0,0,70,90,CCW,0,S,0,0,0
D7651658,405022,410363,1,1800,1798,0,0,70,90,CCW,0,S,0,0,0
D7651658,405023,410364,1,1799,1798,0,0,70,90,CCW,0,S,0,0,0
D7651658,405024,410365,1,1798,1798,0,0,70,90,CCW,0,S,0,0,0
D7651658,405025,410366,1,1799,1798,0,0,70,90,CCW,0,S,0,0,0
D7651658,405026,410367,1,1799,1798,0,0,70,90,CCW,0,S,0,0,0
D7651658,405027,410368,1,1798,1798,0,0,70,90,CCW,0,S,0,0,0
D7651658,405028,410369,1,1799,1798,0,0,70,90,CCW,0,S,0,0,0
D7651658,405029,410370,1,1800,1798,0,0,70,90,CCW,0,S,0,0,0
D7651658,405030,410371,1,1799,1798,0,0,70,90,CCW,0,S,0,0,0
D7651658,405031,410372,1,1808,1798,0,0,70,90,CCW,0,S,0,0,0
D7651658,405032,410373,1,1798,1798,0,0,70,90,CCW,0,S,0,0,0
D7651658,405033,410374,1,1797,1798,0,0,70,90,CCW,0,S,0,0,0
D7651658,405034,410375,1,1798,1798,0,0,70,90,CCW,0,S,0,0,0
D7651658,405035,410376,1,1798,1798,0,0,70,90,CCW,0,S,0,0,0
D7651658,405036,410377,1,1798,1798,0,0,70,90,CCW,0,S,0,0,0
D7651658,405037,410378,1,1799,1798,0,0,70,90,CCW,0,S,0,0,0
D7651658,405038,410379,1,1800,1798,0,0,70,90,CCW,0,S,0,0,0
D7651658,405039,410380,1,1803,1798,0,0,70,90,CCW,0,S,0,0,0
D7651658,405040,410381,1,1800,1798,0,0,70,90,CCW,0,S,0,0,0
D7651658,405041,410382,1,1799,1798,0,0,70,90,CCW,0,S,0,0,0
D7651658,405042,410383,1,1803,1798,0,0,70,90,CCW,0,S,0,0,0
D7651658,405043,410384,1,1802,1798,0,0,70,90,CCW,0,S,0,0,0
D7651658,405044,410385,1,1800,1798,0,0,70,90,CCW,0,S,0,0,0
D7651658,405045,410386,1,1798,1798,0,0,70,90,CCW,0,S,0,0,0
D7651658,405046,410387,1,1801,1798,0,0,70,90,CCW,0,S,0,0,0
D7651658,405047,410388,1,1799,1798,0,0,70,90,CCW,0,S,0,0,0
D7651658,405048,410389,1,1800,1798,0,0,70,90,CCW,0,S,0,0,0
D7651658,405049,410390,1,1798,1798,0,0,70,90,CCW,0,S,0,0,0
D7651658,405050,410391,1,1798,1798,0,0,70,90,CCW,0,S,0,0,0
D7651658,405051,410392,1,1800,1798,0,0,70,90,CCW,0,S,0,0,0
D7651658,405052,410393,1,1799,1798,0,0,70,90,CCW,0,S,0,0,0
D7651658,405053,410394,1,1799,1798,0,0,70,90,CCW,0,S,0,0,0
D7651658,405054,410395,1,1799,1798,0,0,70,90,CCW,0,S,0,0,0
D7651658,405055,410396,1,1798,1798,0,0,70,90,CCW,0,S,0,0,0
D7651658,405056,410397,1,1799,1798,0,0,70,90,CCW,0,S,0,0,0
D7651658,405057,410398,1,1798,1798,0,0,70,90,CCW,0,S,0,0,0
D7651658,405058,410399,1,1800,1798,0,0,70,90,CCW,0,S,0,0,0
D7651658,405059,410400,1,1798,1798,0,0,70,90,CCW,0,S,0,0,0
D7651658,405060,410401,1,1797,1798,0,0,70,90,CCW,0,S,0,0,0
D7651658,405061,410402,1,1798,1798,0,0,70,90,CCW,0,S,0,0,0
D7651658,405062,410403,1,1800,1798,0,0,70,90,CCW,0,S,0,0,0
D7651658,405063,410404,1,1799,1798,0,0,70,90,CCW,0,S,0,0,0
D7651658,405064,410405,1,1798,1798,0,0,70,90,CCW,0,S,0,0,0
D7651658,405065,410406,1,1800,1798,0,0,70,90,CCW,0,S,0,0,0
D7651658,405066,410407,1,1798,1798,0,0,70,90,CCW,0,S,0,0,0
D7651658,405067,410408,1,1798,1798,0,0,70,90,CCW,0,S,0,0,0
D7651658,405068,410409,1,1798,1798,0,0,70,90,CCW,0,S,0,0,0
D7651658,405069,410410,1,1799,1798,0,0,70,90,CCW,0,S,0,0,0
D7651658,405070,410411,1,1803,1798,0,0,70,90,CCW,0,S,0,0,0
D7651658,405071,410412,1,1798,1798,0,0,70,90,CCW,0,S,0,0,0
D7651658,405072,410413,1,1801,1798,0,0,70,90,CCW,0,S,0,0,0
D7651658,405073,410414,1,1800,1798,0,0,70,90,CCW,0,S,0,0,0
D7651658,405074,410415,1,1798,1798,0,0,70,90,CCW,0,S,0,0,0
D7651658,405075,410416,1,1787,1798,0,0,70,90,CCW,0,S,0,0,0
D7651658,405076,410417,1,1800,1798,0,0,70,90,CCW,0,S,0,0,0
D7651658,405077,410418,1,1801,1798,0,0,70,90,CCW,0,S,0,0,0
D7651658,405078,410419,1,1800,1798,0,0,70,90,CCW,0,S,0,0,0
D7651658,405079,410420,1,1798,1798,0,0,70,90,CCW,0,S,0,0,0
D7651658,405080,410421,1,1799,1798,0,0,70,90,CCW,0,S,0,0,0
D7651658,405081,410422,1,1805,1798,0,0,70,90,CCW,0,S,0,0,0
D7651658,405082,410423,1,1799,1798,0,0,70,90,CCW,0,S,0,0,0
D7651658,405083,410424,1,1798,1798,0,0,70,90,CCW,0,S,0,0,0
D7651658,405084,410425,1,1798,1798,0,0,70,90,CCW,0,S,0,0,0
D7651658,405085,410426,1,1800,1798,0,0,70,90,CCW,0,S,0,0,0
D7651658,405086,410427,1,1800,1798,0,0,70,90,CCW,0,S,0,0,0
D7651658,405087,410428,1,1800,1798,0,0,70,90,CCW,0,S,0,0,0
D7651658,405088,410429,1,1800,1798,0,0,70,90,CCW,0,S,0,0,0
D7651658,405089,410430,1,1799,1798,0,0,70,90,CCW,0,S,0,0,0
D7651658,405090,410431,1,1799,1798,0,0,70,90,CCW,0,S,0,0,0
D7651658,405091,410432,1,1800,1798,0,0,70,90,CCW,0,S,0,0,0
D7651658,405092,410433,1,1799,1798,0,0,70,90,CCW,0,S,0,0,0
D7651658,405093,410434,1,1803,1798,0,0,70,90,CCW,0,S,0,0,0
D7651658,405094,410435,1,1798,1798,0,0,70,90,CCW,0,S,0,0,0
D7651658,405095,410436,1,1799,1798,0,0,70,90,CCW,0,S,0,0,0
D7651658,405096,410437,1,1800,1798,0,0,70,90,CCW,0,S,0,0,0
D7651658,405097,410438,1,1798,1798,0,0,70,90,CCW,0,S,0,0,0
D7651658,405098,410439,1,1799,1798,0,0,70,90,CCW,0,S,0,0,0
D7651658,405099,410440,1,1799,1798,0,0,70,90,CCW,0,S,0,0,0
D7651658,405100,410441,1,1799,1798,0,0,70,90,CCW,0,S,0,0,0
D7651658,405101,410442,1,1799,1798,0,0,70,90,CCW,0,S,0,0,0
D7651658,405102,410443,1,1798,1798,0,0,70,90,CCW,0,S,0,0,0
D7651658,405103,410444,1,1799,1798,0,0,70,90,CCW,0,S,0,0,0
D7651658,405104,410445,1,1799,1798,0,0,70,90,CCW,0,S,0,0,0
D7651658,405105,410446,1,1797,1798,0,0,70,90,CCW,0,S,0,0,0
D7651658,405106,410447,1,1799,1798,0,0,70,90,CCW,0,S,0,0,0
D7651658,405107,410448,1,1798,1798,0,0,70,90,CCW,0,S,0,0,0
D7651658,405108,410449,1,1798,1798,0,0,70,90,CCW,0,S,0,0,0
D7651658,405109,410450,1,1798,1798,0,0,70,90,CCW,0,S,0,0,0
D7651658,405110,410451,1,1799,1798,0,0,70,90,CCW,0,S,0,0,0
D7651658,405111,410452,1,1800,1798,0,0,70,90,CCW,0,S,0,0,0
D7651658,405112,410453,1,1797,1798,0,0,71,90,CCW,0,S,0,0,0
D7651658,405113,410454,1,1799,1798,0,0,71,90,CCW,0,S,0,0,0
D7651658,405114,410455,1,1799,1798,0,0,71,90,CCW,0,S,0,0,0
D7651658,405115,410456,1,1800,1798,0,0,71,90,CCW,0,S,0,0,0
D7651658,405116,410457,1,1800,1798,0,0,71,90,CCW,0,S,0,0,0
D7651658,405117,410458,1,1800,1798,0,0,71,90,CCW,0,S,0,0,0
D7651658,405118,410459,1,1799,1798,0,0,71,90,CCW,0,S,0,0,0
D7651658,405119,410460,1,1796,1798,0,0,71,90,CCW,0,S,0,0,0
D7651658,405120,410462,2,1799,1798,0,0,71,90,CCW,0,S,0,1,1
D7651658,405121,410463,1,1798,1798,0,0,71,90,CCW,0,S,0,0,0
D7651658,405122,410464,1,1804,1798,0,0,71,90,CCW,0,S,0,0,0
D7651658,405123,410465,1,1796,1798,0,0,71,90,CCW,0,S,0,0,0
D7651658,405124,410466,1,1798,1798,0,0,71,90,CCW,0,S,0,0,0
D7651658,405125,410467,1,1799,1798,0,0,71,90,CCW,0,S,0,0,0
D7651658,405126,410468,1,1800,1798,0,0,71,90,CCW,0,S,0,0,0
D7651658,405127,410469,1,1798,1798,0,0,71,90,CCW,0,S,0,0,0
D7651658,405128,410470,1,1800,1798,0,0,71,90,CCW,0,S,0,0,0
D7651658,405129,410471,1,1803,1798,0,0,71,90,CCW,0,S,0,0,0
D7651658,405130,410472,1,1800,1798,0,0,71,90,CCW,0,S,0,0,0
D7651658,405131,410473,1,1798,1798,0,0,71,90,CCW,0,S,0,0,0
D7651658,405132,410474,1,1799,1798,0,0,71,90,CCW,0,S,0,0,0
D7651658,405133,410475,1,1801,1798,0,0,71,90,CCW,0,S,0,0,0
D7651658,405134,410476,1,1801,1798,0,0,71,90,CCW,0,S,0,0,0
D7651658,405135,410477,1,1797,1798,0,0,71,90,CCW,0,S,0,0,0
D7651658,405136,410478,1,1800,1798,0,0,71,90,CCW,0,S,0,0,0
D7651658,405137,410479,1,1792,1798,0,0,71,90,CCW,0,S,0,0,0
D7651658,405138,410480,1,1798,1798,0,0,71,90,CCW,0,S,0,0,0
D7651658,405139,410481,1,1799,1798,0,0,71,90,CCW,0,S,0,0,0
D7651658,405140,410482,1,1799,1798,0,0,71,90,CCW,0,S,0,0,0
D7651658,405141,410483,1,1798,1798,0,0,71,90,CCW,0,S,0,0,0
D7651658,405142,410484,1,1802,1798,0,0,71,90,CCW,0,S,0,0,0
D7651658,405143,410485,1,1799,1798,0,0,71,90,CCW,0,S,0,0,0
D7651658,405144,410486,1,1799,1798,0,0,71,90,CCW,0,S,0,0,0
D7651658,405145,410487,1,1798,1798,0,0,71,90,CCW,0,S,0,0,0
D7651658,405146,410488,1,1799,1798,0,0,71,90,CCW,0,S,0,0,0
D7651658,405147,410489,1,1798,1798,0,0,71,90,CCW,0,S,0,0,0
D7651658,405148,410490,1,1804,1798,0,0,71,90,CCW,0,S,0,0,0
D7651658,405149,410491,1,1799,1798,0,0,71,90,CCW,0,S,0,0,0
D7651658,405150,410492,1,1797,1798,0,0,71,90,CCW,0,S,0,0,0
D7651658,405151,410493,1,1799,1798,0,0,71,90,CCW,0,S,0,0,0
D7651658,405152,410494,1,1799,1798,0,0,71,90,CCW,0,S,0,0,0
D7651658,405153,410495,1,1796,1798,0,0,71,90,CCW,0,S,0,0,0
D7651658,405154,410496,1,1798,1798,0,0,71,90,CCW,0,S,0,0,0
D7651658,405155,410497,1,1798,1798,0,0,71,90,CCW,0,S,0,0,0
D7651658,405156,410499,2,1798,1798,0,0,71,90,CCW,0,S,0,1,1
D7651658,405157,410500,1,1798,1798,0,0,71,90,CCW,0,S,0,0,0
D7651658,405158,410501,1,1801,1798,0,0,71,90,CCW,0,S,0,0,0
D7651658,405159,410502,1,1798,1798,0,0,71,90,CCW,0,S,0,0,0
D7651658,405160,410503,1,1796,1798,0,0,71,90,CCW,0,S,0,0,0
D7651658,405161,410504,1,1797,1798,0,0,71,90,CCW,0,S,0,0,0
D7651658,405162,410505,1,1802,1798,0,0,71,90,CCW,0,S,0,0,0
D7651658,405163,410506,1,1800,1798,0,0,71,90,CCW,0,S,0,0,0
D7651658,405164,410507,1,1800,1798,0,0,71,90,CCW,0,S,0,0,0
D7651658,405165,410508,1,1797,1798,0,0,71,90,CCW,0,S,0,0,0
D7651658,405166,410509,1,1798,1798,0,0,71,90,CCW,0,S,0,0,0
D7651658,405167,410510,1,1799,1798,0,0,71,90,CCW,0,S,0,0,0
D7651658,405168,410511,1,1799,1798,0,0,71,90,CCW,0,S,0,0,0
D7651658,405169,410512,1,1798,1798,0,0,71,90,CCW,0,S,0,0,0
D7651658,405170,410513,1,1798,1798,0,0,71,90,CCW,0,S,0,0,0
D7651658,405171,410514,1,1798,1798,0,0,71,90,CCW,0,S,0,0,0
D7651658,405172,410515,1,1799,1798,0,0,71,90,CCW,0,S,0,0,0
D7651658,405173,410516,1,1792,1798,0,0,71,90,CCW,0,S,0,0,0
D7651658,405174,410517,1,1799,1798,0,0,71,90,CCW,0,S,0,0,0
D7651658,405175,410518,1,1799,1798,0,0,71,90,CCW,0,S,0,0,0
D7651658,405176,410519,1,1799,1798,0,0,71,90,CCW,0,S,0,0,0
D7651658,405177,410520,1,1799,1798,0,0,71,90,CCW,0,S,0,0,0
D7651658,405178,410521,1,1799,1798,0,0,71,90,CCW,0,S,0,0,0
D7651658,405179,410522,1,1792,1798,0,0,71,90,CCW,0,S,0,0,0
D7651658,405180,410523,1,1798,1798,0,0,71,90,CCW,0,S,0,0,0
D7651658,405181,410524,1,1798,1798,0,0,71,90,CCW,0,S,0,0,0
D7651658,405182,410525,1,1814,1798,0,0,71,90,CCW,0,S,0,0,0
D7651658,405183,410526,1,1797,1798,0,0,71,90,CCW,0,S,0,0,0
D7651658,405184,410527,1,1796,1798,0,0,71,90,CCW,0,S,0,0,0
D7651658,405185,410528,1,1798,1798,0,0,71,90,CCW,0,S,0,0,0
D7651658,405186,410529,1,1796,1798,0,0,71,90,CCW,0,S,0,0,0
D7651658,405187,410530,1,1799,1798,0,0,71,90,CCW,0,S,0,0,0
D7651658,405188,410531,1,1799,1798,0,0,71,90,CCW,0,S,0,0,0
D7651658,405189,410532,1,1789,1798,0,0,71,90,CCW,0,S,0,0,0
D7651658,405190,410533,1,1800,1798,0,0,71,90,CCW,0,S,0,0,0
D7651658,405191,410534,1,1799,1798,0,0,71,90,CCW,0,S,0,0,0
D7651658,405192,410535,1,1798,1798,0,0,71,90,CCW,0,S,0,0,0
D7651658,405193,410536,1,1799,1798,0,0,71,90,CCW,0,S,0,0,0
D7651658,405194,410537,1,1797,1798,0,0,71,90,CCW,0,S,0,0,0
D7651658,405195,410538,1,1814,1798,0,0,71,90,CCW,0,S,0,0,0
D7651658,405196,410539,1,1800,1798,0,0,71,90,CCW,0,S,0,0,0
D7651658,405197,410540,1,1798,1798,0,0,71,90,CCW,0,S,0,0,0
D7651658,405198,410541,1,1798,1798,0,0,71,90,CCW,0,S,0,0,0
D7651658,405199,410542,1,1791,1798,0,0,71,90,CCW,0,S,0,0,0
D7651658,405200,410543,1,1799,1798,0,0,71,90,CCW,0,S,0,0,0
D7651658,405201,410544,1,1798,1798,0,0,71,90,CCW,0,S,0,0,0
D7651658,405202,410545,1,1799,1798,0,0,71,90,CCW,0,S,0,0,0
D7651658,405203,410546,1,1799,1798,0,0,71,90,CCW,0,S,0,0,0
D7651658,405204,410547,1,1801,1798,0,0,71,90,CCW,0,S,0,0,0
D7651658,405205,410548,1,1798,1798,0,0,71,90,CCW,0,S,0,0,0
D7651658,405206,410549,1,1800,1798,0,0,71,90,CCW,0,S,0,0,0
D7651658,405207,410550,1,1797,1798,0,0,71,90,CCW,0,S,0,0,0
D7651658,405208,410551,1,1798,1798,0,0,71,90,CCW,0,S,0,0,0
D7651658,405209,410552,1,1800,1798,0,0,71,90,CCW,0,S,0,0,0
D7651658,405210,410553,1,1798,1798,0,0,71,90,CCW,0,S,0,0,0
D7651658,405211,410554,1,1801,1798,0,0,71,90,CCW,0,S,0,0,0
D7651658,405212,410555,1,1797,1798,0,0,71,90,CCW,0,S,0,0,0
D7651658,405213,410556,1,1799,1798,0,0,71,90,CCW,0,S,0,0,0
D7651658,405214,410557,1,1799,1798,0,0,71,90,CCW,0,S,0,0,0
D7651658,405215,410558,1,1798,1798,0,0,71,90,CCW,0,S,0,0,0
D7651658,405216,410559,1,1786,1798,0,0,71,90,CCW,0,S,0,0,0
D7651658,405217,410560,1,1800,1798,0,0,71,90,CCW,0,S,0,0,0
D7651658,405218,410561,1,1798,1798,0,0,71,90,CCW,0,S,0,0,0
D7651658,405219,410562,1,1799,1798,0,0,71,90,CCW,0,S,0,0,0
D7651658,405220,410563,1,1800,1798,0,0,71,90,CCW,0,S,0,0,0
D7651658,405221,410564,1,1797,1798,0,0,71,90,CCW,0,S,0,0,0
D7651658,405222,410565,1,1800,1798,0,0,71,90,CCW,0,S,0,0,0
D7651658,405223,410566,1,1799,1798,0,0,71,90,CCW,0,S,0,0,0
D7651658,405224,410567,1,1800,1798,0,0,71,90,CCW,0,S,0,0,0
D7651658,405225,410568,1,1799,1798,0,0,71,90,CCW,0,S,0,0,0
D7651658,405226,410569,1,1799,1798,0,0,71,90,CCW,0,S,0,0,0
D7651658,405227,410570,1,1797,1798,0,0,71,90,CCW,0,S,0,0,0
D7651658,405228,410571,1,1800,1798,0,0,71,90,CCW,0,S,0,0,0
D7651658,405229,410572,1,1798,1798,0,0,71,90,CCW,0,S,0,0,0
D7651658,405230,410573,1,1799,1798,0,0,71,90,CCW,0,S,0,0,0
D7651658,405231,410574,1,1799,1798,0,0,71,90,CCW,0,S,0,0,0
D7651658,405232,410575,1,1798,1798,0,0,71,90,CCW,0,S,0,0,0
D7651658,405233,410576,1,1799,1798,0,0,71,90,CCW,0,S,0,0,0
D7651658,405234,410577,1,1800,1798,0,0,71,90,CCW,0,S,0,0,0
D7651658,405235,410578,1,1801,1798,0,0,71,90,CCW,0,S,0,0,0
D7651658,405236,410579,1,1797,1798,0,0,71,90,CCW,0,S,0,0,0
D7651658,405237,410580,1,1798,1798,0,0,71,90,CCW,0,S,0,0,0
D7651658,405238,410581,1,1799,1798,0,0,71,90,CCW,0,S,0,0,0
D7651658,405239,410582,1,1800,1798,0,0,71,90,CCW,0,S,0,0,0
D7651658,405240,410583,1,1800,1798,0,0,71,90,CCW,0,S,0,0,0
D7651658,405241,410584,1,1801,1798,0,0,71,90,CCW,0,S,0,0,0
D7651658,405242,410585,1,1797,1798,0,0,71,90,CCW,0,S,0,0,0
D7651658,405243,410586,1,1800,1798,0,0,71,90,CCW,0,S,0,0,0
D7651658,405244,410587,1,1799,1798,0,0,71,90,CCW,0,S,0,0,0
D7651658,405245,410588,1,1798,1798,0,0,71,90,CCW,0,S,0,0,0
D7651658,405246,410589,1,1800,1798,0,0,71,90,CCW,0,S,0,0,0
D7651658,405247,410590,1,1798,1798,0,0,71,90,CCW,0,S,0,0,0
D7651658,405248,410591,1,1800,1798,0,0,71,90,CCW,0,S,0,0,0
D7651658,405249,410592,1,1795,1798,0,0,71,90,CCW,0,S,0,0,0
D7651658,405250,410593,1,1803,1798,0,0,71,90,CCW,0,S,0,0,0
D7651658,405251,410594,1,1797,1798,0,0,71,90,CCW,0,S,0,0,0
D7651658,405252,410595,1,1803,1798,0,0,71,90,CCW,0,S,0,0,0
D7651658,405253,410596,1,1797,1798,0,0,71,90,CCW,0,S,0,0,0
D7651658,405254,410597,1,1795,1798,0,0,71,90,CCW,0,S,0,0,0
D7651658,405255,410598,1,1801,1798,0,0,71,90,CCW,0,S,0,0,0
D7651658,405256,410599,1,1797,1798,0,0,71,90,CCW,0,S,0,0,0
D7651658,405257,410600,1,1798,1798,0,0,71,90,CCW,0,S,0,0,0
D7651658,405258,410601,1,1799,1798,0,0,71,90,CCW,0,S,0,0,0
D7651658,405259,410602,1,1799,1798,0,0,71,90,CCW,0,S,0,0,0
D7651658,405260,410603,1,1800,1798,0,0,72,90,CCW,0,S,0,0,0
D7651658,405261,410604,1,1799,1798,0,0,72,90,CCW,0,S,0,0,0
D7651658,405262,410605,1,1798,1798,0,0,72,90,CCW,0,S,0,0,0
D7651658,405263,410606,1,1799,1798,0,0,72,90,CCW,0,S,0,0,0
D7651658,405264,410607,1,1794,1798,0,0,72,90,CCW,0,S,0,0,0
D7651658,405265,410608,1,1797,1798,0,0,72,90,CCW,0,S,0,0,0
D7651658,405266,410609,1,1799,1798,0,0,72,90,CCW,0,S,0,0,0
D7651658,405267,410610,1,1798,1798,0,0,72,90,CCW,0,S,0,0,0
D7651658,405268,410611,1,1799,1798,0,0,72,90,CCW,0,S,0,0,0
D7651658,405269,410612,1,1800,1798,0,0,72,90,CCW,0,S,0,0,0
D7651658,405270,410613,1,1800,1798,0,0,72,90,CCW,0,S,0,0,0
D7651658,405271,410614,1,1799,1798,0,0,72,90,CCW,0,S,0,0,0
D7651658,405272,410615,1,1798,1798,0,0,72,90,CCW,0,S,0,0,0
D7651658,405273,410616,1,1800,1798,0,0,72,90,CCW,0,S,0,0,0
D7651658,405274,410617,1,1798,1798,0,0,72,90,CCW,0,S,0,0,0
D7651658,405275,410618,1,1797,1798,0,0,72,90,CCW,0,S,0,0,0
D7651658,405276,410619,1,1800,1798,0,0,72,90,CCW,0,S,0,0,0
D7651658,405277,410620,1,1799,1798,0,0,72,90,CCW,0,S,0,0,0
D7651658,405278,410621,1,1799,1798,0,0,72,90,CCW,0,S,0,0,0
D7651658,405279,410622,1,1798,1798,0,0,72,90,CCW,0,S,0,0,0
D7651658,405280,410623,1,1798,1798,0,0,72,90,CCW,0,S,0,0,0
D7651658,405281,410624,1,1799,1798,0,0,72,90,CCW,0,S,0,0,0
D7651658,405282,410625,1,1800,1798,0,0,72,90,CCW,0,S,0,0,0
D7651658,405283,410626,1,1799,1798,0,0,72,90,CCW,0,S,0,0,0
D7651658,405284,410627,1,1799,1798,0,0,72,90,CCW,0,S,0,0,0
D7651658,405285,410628,1,1800,1798,0,0,72,90,CCW,0,S,0,0,0
D7651658,405286,410629,1,1799,1798,0,0,72,90,CCW,0,S,0,0,0
D7651658,405287,410630,1,1799,1798,0,0,72,90,CCW,0,S,0,0,0
D7651658,405288,410631,1,1799,1798,0,0,72,90,CCW,0,S,0,0,0
D7651658,405289,410632,1,1801,1798,0,0,72,90,CCW,0,S,0,0,0
D7651658,405290,410633,1,1800,1798,0,0,72,90,CCW,0,S,0,0,0
D7651658,405291,410634,1,1800,1798,0,0,72,90,CCW,0,S,0,0,0
D7651658,405292,410635,1,1798,1798,0,0,72,90,CCW,0,S,0,0,0
D7651658,405293,410636,1,1799,1798,0,0,72,90,CCW,0,S,0,0,0
D7651658,405294,410637,1,1800,1798,0,0,72,90,CCW,0,S,0,0,0
D7651658,405295,410638,1,1798,1798,0,0,72,90,CCW,0,S,0,0,0
D7651658,405296,410639,1,1802,1798,0,0,72,90,CCW,0,S,0,0,0
D7651658,405297,410640,1,1799,1798,0,0,72,90,CCW,0,S,0,0,0
D7651658,405298,410641,1,1800,1798,0,0,72,90,CCW,0,S,0,0,0
D7651658,405299,410642,1,1799,1798,0,0,72,90,CCW,0,S,0,0,0
D7651658,405300,410643,1,1799,1798,0,0,72,90,CCW,0,S,0,0,0
D7651658,405301,410644,1,1799,1798,0,0,72,90,CCW,0,S,0,0,0
D7651658,405302,410645,1,1798,1798,0,0,72,90,CCW,0,S,0,0,0
D7651658,405303,410646,1,1800,1798,0,0,72,90,CCW,0,S,0,0,0
D7651658,405304,410647,1,1799,1798,0,0,72,90,CCW,0,S,0,0,0
D7651658,405305,410648,1,1801,1798,0,0,72,90,CCW,0,S,0,0,0
D7651658,405306,410649,1,1800,1798,0,0,72,90,CCW,0,S,0,0,0
D7651658,405307,410650,1,1798,1798,0,0,72,90,CCW,0,S,0,0,0
D7651658,405308,410651,1,1802,1798,0,0,72,90,CCW,0,S,0,0,0
D7651658,405309,410652,1,1800,1798,0,0,72,90,CCW,0,S,0,0,0
D7651658,405310,410653,1,1800,1798,0,0,72,90,CCW,0,S,0,0,0
D7651658,405311,410654,1,1799,1798,0,0,72,90,CCW,0,S,0,0,0
D7651658,405312,410655,1,1799,1798,0,0,72,90,CCW,0,S,0,0,0
D7651658,405313,410656,1,1809,1798,0,0,72,90,CCW,0,S,0,0,0
D7651658,405314,410657,1,1800,1798,0,0,72,90,CCW,0,S,0,0,0
D7651658,405315,410658,1,1801,1798,0,0,72,90,CCW,0,S,0,0,0
D7651658,405316,410659,1,1801,1798,0,0,72,90,CCW,0,S,0,0,0
D7651658,405317,410660,1,1800,1798,0,0,72,90,CCW,0,S,0,0,0
D7651658,405318,410661,1,1814,1798,0,0,72,90,CCW,0,S,0,0,0
D7651658,405319,410662,1,1801,1798,0,0,72,90,CCW,0,S,0,0,0
D7651658,405320,410663,1,1799,1798,0,0,72,90,CCW,0,S,0,0,0
D7651658,405321,410664,1,1801,1798,0,0,72,90,CCW,0,S,0,0,0
D7651658,405322,410665,1,1798,1798,0,0,72,90,CCW,0,S,0,0,0
D7651658,405323,410666,1,1800,1798,0,0,72,90,CCW,0,S,0,0,0
D7651658,405324,410667,1,1799,1798,0,0,72,90,CCW,0,S,0,0,0
D7651658,405325,410668,1,1799,1798,0,0,72,90,CCW,0,S,0,0,0
D7651658,405326,410669,1,1801,1798,0,0,72,90,CCW,0,S,0,0,0
D7651658,405327,410670,1,1798,1798,0,0,72,90,CCW,0,S,0,0,0
D7651658,405328,410671,1,1799,1798,0,0,72,90,CCW,0,S,0,0,0
D7651658,405329,410672,1,1798,1798,0,0,72,90,CCW,0,S,0,0,0
D7651658,405330,410673,1,1799,1798,0,0,72,90,CCW,0,S,0,0,0
D7651658,405331,410674,1,1800,1798,0,0,72,90,CCW,0,S,0,0,0
D7651658,405332,410675,1,1799,1798,0,0,72,90,CCW,0,S,0,0,0
D7651658,405333,410676,1,1801,1798,0,0,72,90,CCW,0,S,0,0,0
D7651658,405334,410677,1,1799,1798,0,0,72,90,CCW,0,S,0,0,0
D7651658,405335,410678,1,1800,1798,0,0,72,90,CCW,0,S,0,0,0
D7651658,405336,410679,1,1808,1798,0,0,72,90,CCW,0,S,0,0,0
D7651658,405337,410680,1,1798,1798,0,0,72,90,CCW,0,S,0,0,0
D7651658,405338,410681,1,1797,1798,0,0,72,90,CCW,0,S,0,0,0
D7651658,405339,410682,1,1797,1798,0,0,72,90,CCW,0,S,0,0,0
D7651658,405340,410683,1,1798,1798,0,0,72,90,CCW,0,S,0,0,0
D7651658,405341,410684,1,1797,1798,0,0,72,90,CCW,0,S,0,0,0
D7651658,405342,410685,1,1799,1798,0,0,72,90,CCW,0,S,0,0,0
D7651658,405343,410686,1,1804,1798,0,0,72,90,CCW,0,S,0,0,0
D7651658,405344,410687,1,1799,1798,0,0,72,90,CCW,0,S,0,0,0
D7651658,405345,410688,1,1799,1798,0,0,72,90,CCW,0,S,0,0,0
D7651658,405346,410689,1,1800,1798,0,0,72,90,CCW,0,S,0,0,0
D7651658,405347,410690,1,1798,1798,0,0,72,90,CCW,0,S,0,0,0
D7651658,405348,410691,1,1798,1798,0,0,72,90,CCW,0,S,0,0,0
D7651658,405349,410692,1,1800,1798,0,0,72,90,CCW,0,S,0,0,0
D7651658,405350,410693,1,1800,1798,0,0,72,90,CCW,0,S,0,0,0
D7651658,405351,410694,1,1801,1798,0,0,72,90,CCW,0,S,0,0,0
D7651658,405352,410695,1,1810,1798,0,0,72,90,CCW,0,S,0,0,0
D7651658,405353,410696,1,1798,1798,0,0,72,90,CCW,0,S,0,0,0
D7651658,405354,410697,1,1800,1798,0,0,72,90,CCW,0,S,0,0,0
D7651658,405355,410698,1,1800,1798,0,0,72,90,CCW,0,S,0,0,0
D7651658,405356,410699,1,1799,1798,0,0,72,90,CCW,0,S,0,0,0
D7651658,405357,410700,1,1800,1798,0,0,72,90,CCW,0,S,0,0,0
D7651658,405358,410701,1,1800,1798,0,0,72,90,CCW,0,S,0,0,0
D7651658,405359,410702,1,1799,1798,0,0,72,90,CCW,0,S,0,0,0
D7651658,405360,410704,2,1796,1798,0,0,72,90,CCW,0,S,0,1,1
D7651658,405361,410705,1,1796,1798,0,0,72,90,CCW,0,S,0,0,0
D7651658,405362,410706,1,1799,1798,0,0,72,90,CCW,0,S,0,0,0
D7651658,405363,410707,1,1799,1798,0,0,72,90,CCW,0,S,0,0,0
D7651658,405364,410708,1,1798,1798,0,0,72,90,CCW,0,S,0,0,0
D7651658,405365,410709,1,1800,1798,0,0,72,90,CCW,0,S,0,0,0
D7651658,405366,410710,1,1800,1798,0,0,72,90,CCW,0,S,0,0,0
D7651658,405367,410711,1,1799,1798,0,0,72,90,CCW,0,S,0,0,0
D7651658,405368,410712,1,1799,1798,0,0,72,90,CCW,0,S,0,0,0
D7651658,405369,410713,1,1800,1798,0,0,72,90,CCW,0,S,0,0,0
D7651658,405370,410714,1,1801,1798,0,0,72,90,CCW,0,S,0,0,0
D7651658,405371,410715,1,1800,1798,0,0,72,90,CCW,0,S,0,0,0
D7651658,405372,410716,1,1798,1798,0,0,72,90,CCW,0,S,0,0,0
D7651658,405373,410717,1,1799,1798,0,0,72,90,CCW,0,S,0,0,0
D7651658,405374,410718,1,1800,1798,0,0,72,90,CCW,0,S,0,0,0
D7651658,405375,410719,1,1788,1798,0,0,72,90,CCW,0,S,0,0,0
D7651658,405376,410720,1,1800,1798,0,0,72,90,CCW,0,S,0,0,0
D7651658,405377,410721,1,1802,1798,0,0,72,90,CCW,0,S,0,0,0
D7651658,405378,410722,1,1800,1798,0,0,72,90,CCW,0,S,0,0,0
D7651658,405379,410723,1,1801,1798,0,0,72,90,CCW,0,S,0,0,0
D7651658,405380,410724,1,1799,1798,0,0,72,90,CCW,0,S,0,0,0
D7651658,405381,410725,1,1799,1798,0,0,72,90,CCW,0,S,0,0,0
D7651658,405382,410726,1,1808,1798,0,0,72,90,CCW,0,S,0,0,0
D7651658,405383,410727,1,1799,1798,0,0,72,90,CCW,0,S,0,0,0
D7651658,405384,410728,1,1801,1798,0,0,72,90,CCW,0,S,0,0,0
D7651658,405385,410729,1,1800,1798,0,0,72,90,CCW,0,S,0,0,0
D7651658,405386,410730,1,1799,1798,0,0,72,90,CCW,0,S,0,0,0
D7651658,405387,410731,1,1799,1798,0,0,72,90,CCW,0,S,0,0,0
D7651658,405388,410732,1,1800,1798,0,0,72,90,CCW,0,S,0,0,0
D7651658,405389,410733,1,1800,1798,0,0,72,90,CCW,0,S,0,0,0
D7651658,405390,410734,1,1799,1798,0,0,72,90,CCW,0,S,0,0,0
D7651658,405391,410735,1,1800,1798,0,0,72,90,CCW,0,S,0,0,0
D7651658,405392,410736,1,1802,1798,0,0,72,90,CCW,0,S,0,0,0
D7651658,405393,410737,1,1800,1798,0,0,72,90,CCW,0,S,0,0,0
D7651658,405394,410738,1,1800,1798,0,0,72,90,CCW,0,S,0,0,0
D7651658,405395,410739,1,1800,1798,0,0,72,90,CCW,0,S,0,0,0
D7651658,405396,410740,1,1802,1798,0,0,72,90,CCW,0,S,0,0,0
D7651658,405397,410741,1,1800,1798,0,0,72,90,CCW,0,S,0,0,0
D7651658,405398,410742,1,1819,1798,0,0,72,90,CCW,0,S,0,0,0
D7651658,405399,410743,1,1789,1798,0,0,72,90,CCW,0,S,0,0,0
D7651658,405400,410744,1,1801,1798,0,0,72,90,CCW,0,S,0,0,0
D7651658,405401,410745,1,1801,1798,0,0,72,90,CCW,0,S,0,0,0
D7651658,405402,410746,1,1798,1798,0,0,72,90,CCW,0,S,0,0,0
D7651658,405403,410747,1,1798,1798,0,0,72,90,CCW,0,S,0,0,0
D7651658,405404,410748,1,1799,1798,0,0,72,90,CCW,0,S,0,0,0
D7651658,405405,410749,1,1800,1798,0,0,72,90,CCW,0,S,0,0,0
D7651658,405406,410750,1,1800,1798,0,0,72,90,CCW,0,S,0,0,0
D7651658,405407,410751,1,1799,1798,0,0,72,90,CCW,0,S,0,0,0
D7651658,405408,410752,1,1801,1798,0,0,72,90,CCW,0,S,0,0,0
D7651658,405409,410753,1,1801,1798,0,0,73,90,CCW,0,S,0,0,0
D7651658,405410,410754,1,1800,1798,0,0,73,90,CCW,0,S,0,0,0
D7651658,405411,410755,1,1799,1798,0,0,73,90,CCW,0,S,0,0,0
D7651658,405412,410756,1,1801,1798,0,0,73,90,CCW,0,S,0,0,0
D7651658,405413,410757,1,1801,1798,0,0,73,90,CCW,0,S,0,0,0
D7651658,405414,410758,1,1799,1798,0,0,73,90,CCW,0,S,0,0,0
D7651658,405415,410759,1,1802,1798,0,0,73,90,CCW,0,S,0,0,0
D7651658,405416,410760,1,1800,1798,0,0,73,90,CCW,0,S,0,0,0
D7651658,405417,410761,1,1799,1798,0,0,73,90,CCW,0,S,0,0,0
D7651658,405418,410762,1,1800,1798,0,0,73,90,CCW,0,S,0,0,0
D7651658,405419,410763,1,1800,1798,0,0,73,90,CCW,0,S,0,0,0
D7651658,405420,410764,1,1810,1798,0,0,73,90,CCW,0,S,0,0,0
D7651658,405421,410765,1,1800,1798,0,0,73,90,CCW,0,S,0,0,0
D7651658,405422,410766,1,1801,1798,0,0,73,90,CCW,0,S,0,0,0
D7651658,405423,410767,1,1800,1798,0,0,73,90,CCW,0,S,0,0,0
D7651658,405424,410768,1,1799,1798,0,0,73,90,CCW,0,S,0,0,0
D7651658,405425,410769,1,1800,1798,0,0,73,90,CCW,0,S,0,0,0
D7651658,405426,410770,1,1801,1798,0,0,73,90,CCW,0,S,0,0,0
D7651658,405427,410771,1,1801,1798,0,0,73,90,CCW,0,S,0,0,0
D7651658,405428,410772,1,1800,1798,0,0,73,90,CCW,0,S,0,0,0
D7651658,405429,410773,1,1799,1798,0,0,73,90,CCW,0,S,0,0,0
D7651658,405430,410774,1,1801,1798,0,0,73,90,CCW,0,S,0,0,0
D7651658,405431,410775,1,1801,1798,0,0,73,90,CCW,0,S,0,0,0
D7651658,405432,410776,1,1800,1798,0,0,73,90,CCW,0,S,0,0,0
D7651658,405433,410777,1,1798,1798,0,0,73,90,CCW,0,S,0,0,0
D7651658,405434,410778,1,1800,1798,0,0,73,90,CCW,0,S,0,0,0
D7651658,405435,410779,1,1801,1798,0,0,73,90,CCW,0,S,0,0,0
D7651658,405436,410780,1,1799,1798,0,0,73,90,CCW,0,S,0,0,0
D7651658,405437,410781,1,1800,1798,0,0,73,90,CCW,0,S,0,0,0
D7651658,405438,410782,1,1799,1798,0,0,73,90,CCW,0,S,0,0,0
D7651658,405439,410783,1,1806,1798,0,0,73,90,CCW,0,S,0,0,0
D7651658,405440,410784,1,1801,1798,0,0,73,90,CCW,0,S,0,0,0
D7651658,405441,410785,1,1800,1798,0,0,73,90,CCW,0,S,0,0,0
D7651658,405442,410786,1,1801,1798,0,0,73,90,CCW,0,S,0,0,0
D7651658,405443,410787,1,1801,1798,0,0,73,90,CCW,0,S,0,0,0
D7651658,405444,410788,1,1802,1798,0,0,73,90,CCW,0,S,0,0,0
D7651658,405445,410789,1,1801,1798,0,0,73,90,CCW,0,S,0,0,0
D7651658,405446,410790,1,1801,1798,0,0,73,90,CCW,0,S,0,0,0
D7651658,405447,410791,1,1802,1798,0,0,73,90,CCW,0,S,0,0,0
D7651658,405448,410792,1,1800,1798,0,0,73,90,CCW,0,S,0,0,0
D7651658,405449,410793,1,1801,1798,0,0,73,90,CCW,0,S,0,0,0
D7651658,405450,410794,1,1799,1798,0,0,73,90,CCW,0,S,0,0,0
D7651658,405451,410795,1,1801,1798,0,0,73,90,CCW,0,S,0,0,0
D7651658,405452,410796,1,1799,1798,0,0,73,90,CCW,0,S,0,0,0
D7651658,405453,410797,1,1799,1798,0,0,73,90,CCW,0,S,0,0,0
D7651658,405454,410798,1,1802,1798,0,0,73,90,CCW,0,S,0,0,0
D7651658,405455,410799,1,1800,1798,0,0,73,90,CCW,0,S,0,0,0
D7651658,405456,410800,1,1801,1798,0,0,73,90,CCW,0,S,0,0,0
D7651658,405457,410801,1,1800,1798,0,0,73,90,CCW,0,S,0,0,0
D7651658,405458,410802,1,1800,1798,0,0,73,90,CCW,0,S,0,0,0
D7651658,405459,410803,1,1798,1798,0,0,73,90,CCW,0,S,0,0,0
D7651658,405460,410804,1,1799,1798,0,0,73,90,CCW,0,S,0,0,0
D7651658,405461,410806,2,1800,1798,0,0,73,90,CCW,0,S,0,1,1
D7651658,405462,410807,1,1800,1798,0,0,73,90,CCW,0,S,0,0,0
D7651658,405463,410808,1,1803,1798,0,0,73,90,CCW,0,S,0,0,0
D7651658,405464,410809,1,1799,1798,0,0,73,90,CCW,0,S,0,0,0
D7651658,405465,410810,1,1802,1798,0,0,73,90,CCW,0,S,0,0,0
D7651658,405466,410811,1,1798,1798,0,0,73,90,CCW,0,S,0,0,0
D7651658,405467,410812,1,1800,1798,0,0,73,90,CCW,0,S,0,0,0
D7651658,405468,410813,1,1800,1798,0,0,73,90,CCW,0,S,0,0,0
D7651658,405469,410814,1,1800,1798,0,0,73,90,CCW,0,S,0,0,0
D7651658,405470,410815,1,1801,1798,0,0,73,90,CCW,0,S,0,0,0
D7651658,405471,410816,1,1800,1798,0,0,73,90,CCW,0,S,0,0,0
D7651658,405472,410817,1,1801,1798,0,0,73,90,CCW,0,S,0,0,0
D7651658,405473,410818,1,1802,1798,0,0,73,90,CCW,0,S,0,0,0
D7651658,405474,410819,1,1801,1798,0,0,73,90,CCW,0,S,0,0,0
D7651658,405475,410820,1,1800,1798,0,0,73,90,CCW,0,S,0,0,0
D7651658,405476,410821,1,1798,1798,0,0,73,90,CCW,0,S,0,0,0
D7651658,405477,410822,1,1800,1798,0,0,73,90,CCW,0,S,0,0,0
D7651658,405478,410823,1,1801,1798,0,0,73,90,CCW,0,S,0,0,0
D7651658,405479,410824,1,1798,1798,0,0,73,90,CCW,0,S,0,0,0
D7651658,405480,410825,1,1799,1798,0,0,73,90,CCW,0,S,0,0,0
D7651658,405481,410826,1,1801,1798,0,0,73,90,CCW,0,S,0,0,0
D7651658,405482,410827,1,1800,1798,0,0,73,90,CCW,0,S,0,0,0
D7651658,405483,410828,1,1799,1798,0,0,73,90,CCW,0,S,0,0,0
D7651658,405484,410829,1,1800,1798,0,0,73,90,CCW,0,S,0,0,0
D7651658,405485,410830,1,1801,1798,0,0,73,90,CCW,0,S,0,0,0
D7651658,405486,410831,1,1800,1798,0,0,73,90,CCW,0,S,0,0,0
D7651658,405487,410832,1,1800,1798,0,0,73,90,CCW,0,S,0,0,0
D7651658,405488,410833,1,1801,1798,0,0,73,90,CCW,0,S,0,0,0
D7651658,405489,410834,1,1800,1798,0,0,73,90,CCW,0,S,0,0,0
D7651658,405490,410835,1,1800,1798,0,0,73,90,CCW,0,S,0,0,0
D7651658,405491,410836,1,1801,1798,0,0,73,90,CCW,0,S,0,0,0
D7651658,405492,410837,1,1800,1798,0,0,73,90,CCW,0,S,0,0,0
D7651658,405493,410838,1,1801,1798,0,0,73,90,CCW,0,S,0,0,0
D7651658,405494,410839,1,1803,1798,0,0,73,90,CCW,0,S,0,0,0
D7651658,405495,410840,1,1804,1798,0,0,73,90,CCW,0,S,0,0,0
D7651658,405496,410841,1,1801,1798,0,0,73,90,CCW,0,S,0,0,0
D7651658,405497,410842,1,1801,1798,0,0,73,90,CCW,0,S,0,0,0
D7651658,405498,410843,1,1800,1798,0,0,73,90,CCW,0,S,0,0,0
D7651658,405499,410844,1,1800,1798,0,0,73,90,CCW,0,S,0,0,0
D7651658,405500,410845,1,1800,1798,0,0,73,90,CCW,0,S,0,0,0
D7651658,405501,410846,1,1807,1798,0,0,73,90,CCW,0,S,0,0,0
D7651658,405502,410847,1,1801,1798,0,0,73,90,CCW,0,S,0,0,0
D7651658,405503,410848,1,1800,1798,0,0,73,90,CCW,0,S,0,0,0
D7651658,405504,410849,1,1797,1798,0,0,73,90,CCW,0,S,0,0,0
D7651658,405505,410850,1,1801,1798,0,0,73,90,CCW,0,S,0,0,0
D7651658,405506,410851,1,1799,1798,0,0,73,90,CCW,0,S,0,0,0
D7651658,405507,410852,1,1802,1798,0,0,73,90,CCW,0,S,0,0,0
D7651658,405508,410853,1,1800,1798,0,0,73,90,CCW,0,S,0,0,0
D7651658,405509,410854,1,1801,1798,0,0,73,90,CCW,0,S,0,0,0
D7651658,405510,410855,1,1802,1798,0,0,73,90,CCW,0,S,0,0,0
D7651658,405511,410856,1,1786,1798,0,0,73,90,CCW,0,S,0,0,0
D7651658,405512,410857,1,1802,1798,0,0,73,90,CCW,0,S,0,0,0
D7651658,405513,410858,1,1805,1798,0,0,73,90,CCW,0,S,0,0,0
D7651658,405514,410859,1,1802,1798,0,0,73,90,CCW,0,S,0,0,0
D7651658,405515,410860,1,1800,1798,0,0,73,90,CCW,0,S,0,0,0
D7651658,405516,410861,1,1800,1798,0,0,73,90,CCW,0,S,0,0,0
D7651658,405517,410862,1,1801,1798,0,0,73,90,CCW,0,S,0,0,0
D7651658,405518,410863,1,1801,1798,0,0,73,90,CCW,0,S,0,0,0
D7651658,405519,410864,1,1802,1798,0,0,73,90,CCW,0,S,0,0,0
D7651658,405520,410865,1,1800,1798,0,0,73,90,CCW,0,S,0,0,0
D7651658,405521,410866,1,1801,1798,0,0,73,90,CCW,0,S,0,0,0
D7651658,405522,410867,1,1802,1798,0,0,73,90,CCW,0,S,0,0,0
D7651658,405523,410868,1,1801,1798,0,0,73,90,CCW,0,S,0,0,0
D7651658,405524,410869,1,1801,1798,0,0,73,90,CCW,0,S,0,0,0
D7651658,405525,410870,1,1800,1798,0,0,73,90,CCW,0,S,0,0,0
D7651658,405526,410871,1,1800,1798,0,0,73,90,CCW,0,S,0,0,0
D7651658,405527,410872,1,1801,1798,0,0,73,90,CCW,0,S,0,0,0
D7651658,405528,410873,1,1798,1798,0,0,73,90,CCW,0,S,0,0,0
D7651658,405529,410874,1,1799,1798,0,0,73,90,CCW,0,S,0,0,0
D7651658,405530,410875,1,1801,1798,0,0,73,90,CCW,0,S,0,0,0
D7651658,405531,410876,1,1803,1798,0,0,73,90,CCW,0,S,0,0,0
D7651658,405532,410877,1,1801,1798,0,0,73,90,CCW,0,S,0,0,0
D7651658,405533,410878,1,1800,1798,0,0,73,90,CCW,0,S,0,0,0
D7651658,405534,410879,1,1802,1798,0,0,73,90,CCW,0,S,0,0,0
D7651658,405535,410880,1,1802,1798,0,0,73,90,CCW,0,S,0,0,0
D7651658,405536,410881,1,1801,1798,0,0,73,90,CCW,0,S,0,0,0
D7651658,405537,410882,1,1801,1798,0,0,73,90,CCW,0,S,0,0,0
D7651658,405538,410883,1,1800,1798,0,0,73,90,CCW,0,S,0,0,0
D7651658,405539,410884,1,1802,1798,0,0,73,90,CCW,0,S,0,0,0
D7651658,405540,410885,1,1803,1798,0,0,73,90,CCW,0,S,0,0,0
D7651658,405541,410886,1,1801,1798,0,0,73,90,CCW,0,S,0,0,0
D7651658,405542,410887,1,1803,1798,0,0,73,90,CCW,0,S,0,0,0
D7651658,405543,410888,1,1800,1798,0,0,73,90,CCW,0,S,0,0,0
D7651658,405544,410889,1,1799,1798,0,0,73,90,CCW,0,S,0,0,0
D7651658,405545,410890,1,1801,1798,0,0,73,90,CCW,0,S,0,0,0
D7651658,405546,410891,1,1803,1798,0,0,73,90,CCW,0,S,0,0,0
D7651658,405547,410892,1,1801,1798,0,0,73,90,CCW,0,S,0,0,0
D7651658,405548,410893,1,1799,1798,0,0,73,90,CCW,0,S,0,0,0
D7651658,405549,410894,1,1799,1798,0,0,73,90,CCW,0,S,0,0,0
D7651658,405550,410895,1,1802,1798,0,0,73,90,CCW,0,S,0,0,0
D7651658,405551,410896,1,1805,1798,0,0,73,90,CCW,0,S,0,0,0
D7651658,405552,410897,1,1802,1798,0,0,73,90,CCW,0,S,0,0,0
D7651658,405553,410898,1,1802,1798,0,0,73,90,CCW,0,S,0,0,0
D7651658,405554,410899,1,1802,1798,0,0,73,90,CCW,0,S,0,0,0
D7651658,405555,410900,1,1803,1798,0,0,73,90,CCW,0,S,0,0,0
D7651658,405556,410901,1,1803,1798,0,0,73,90,CCW,0,S,0,0,0
D7651658,405557,410902,1,1800,1798,0,0,73,90,CCW,0,S,0,0,0
D7651658,405558,410903,1,1798,1798,0,0,74,90,CCW,0,S,0,0,0
D7651658,405559,410904,1,1801,1798,0,0,74,90,CCW,0,S,0,0,0
D7651658,405560,410905,1,1799,1798,0,0,74,90,CCW,0,S,0,0,0
D7651658,405561,410906,1,1801,1798,0,0,74,90,CCW,0,S,0,0,0
D7651658,405562,410907,1,1801,1798,0,0,74,90,CCW,0,S,0,0,0
D7651658,405563,410908,1,1802,1798,0,0,74,90,CCW,0,S,0,0,0
D7651658,405564,410909,1,1803,1798,0,0,74,90,CCW,0,S,0,0,0
D7651658,405565,410910,1,1802,1798,0,0,74,90,CCW,0,S,0,0,0
D7651658,405566,410911,1,1802,1798,0,0,74,90,CCW,0,S,0,0,0
D7651658,405567,410912,1,1801,1798,0,0,74,90,CCW,0,S,0,0,0
D7651658,405568,410913,1,1803,1798,0,0,74,90,CCW,0,S,0,0,0
D7651658,405569,410914,1,1802,1798,0,0,74,90,CCW,0,S,0,0,0
D7651658,405570,410915,1,1803,1798,0,0,74,90,CCW,0,S,0,0,0
D7651658,405571,410916,1,1802,1798,0,0,74,90,CCW,0,S,0,0,0
D7651658,405572,410917,1,1804,1798,0,0,74,90,CCW,0,S,0,0,0
D7651658,405573,410918,1,1802,1798,0,0,74,90,CCW,0,S,0,0,0
D7651658,405574,410919,1,1803,1798,0,0,74,90,CCW,0,S,0,0,0
D7651658,405575,410920,1,1803,1798,0,0,74,90,CCW,0,S,0,0,0
D7651658,405576,410921,1,1803,1798,0,0,74,90,CCW,0,S,0,0,0
D7651658,405577,410922,1,1804,1798,0,0,74,90,CCW,0,S,0,0,0
D7651658,405578,410923,1,1803,1798,0,0,74,90,CCW,0,S,0,0,0
D7651658,405579,410924,1,1802,1798,0,0,74,90,CCW,0,S,0,0,0
D7651658,405580,410925,1,1802,1798,0,0,74,90,CCW,0,S,0,0,0
D7651658,405581,410926,1,1803,1798,0,0,74,90,CCW,0,S,0,0,0
D7651658,405582,410927,1,1804,1798,0,0,74,90,CCW,0,S,0,0,0
D7651658,405583,410928,1,1802,1798,0,0,74,90,CCW,0,S,0,0,0
D7651658,405584,410929,1,1801,1798,0,0,74,90,CCW,0,S,0,0,0
D7651658,405585,410930,1,1802,1798,0,0,74,90,CCW,0,S,0,0,0
D7651658,405586,410931,1,1802,1798,0,0,74,90,CCW,0,S,0,0,0
D7651658,405587,410932,1,1803,1798,0,0,74,90,CCW,0,S,0,0,0
D7651658,405588,410933,1,1803,1798,0,0,74,90,CCW,0,S,0,0,0
D7651658,405589,410934,1,1804,1798,0,0,74,90,CCW,0,S,0,0,0
D7651658,405590,410935,1,1802,1798,0,0,74,90,CCW,0,S,0,0,0
D7651658,405591,410936,1,1801,1798,0,0,74,90,CCW,0,S,0,0,0
D7651658,405592,410937,1,1804,1798,0,0,74,90,CCW,0,S,0,0,0
D7651658,405593,410938,1,1803,1798,0,0,74,90,CCW,0,S,0,0,0
D7651658,405594,410939,1,1803,1798,0,0,74,90,CCW,0,S,0,0,0
D7651658,405595,410940,1,1804,1798,0,0,74,90,CCW,0,S,0,0,0
D7651658,405596,410941,1,1803,1798,0,0,74,90,CCW,0,S,0,0,0
D7651658,405597,410942,1,1803,1798,0,0,74,90,CCW,0,S,0,0,0
D7651658,405598,410943,1,1804,1798,0,0,74,90,CCW,0,S,0,0,0
D7651658,405599,410944,1,1804,1798,0,0,74,90,CCW,0,S,0,0,0
D7651658,405600,410945,1,1805,1798,0,0,74,90,CCW,0,S,0,0,0
D7651658,405601,410946,1,1805,1798,0,0,74,90,CCW,0,S,0,0,0
D7651658,405602,410947,1,1803,1798,0,0,74,90,CCW,0,S,0,0,0
D7651658,405603,410948,1,1803,1798,0,0,74,90,CCW,0,S,0,0,0
D7651658,405604,410949,1,1804,1798,0,0,74,90,CCW,0,S,0,0,0
D7651658,405605,410950,1,1804,1798,0,0,74,90,CCW,0,S,0,0,0
D7651658,405606,410951,1,1804,1798,0,0,74,90,CCW,0,S,0,0,0
D7651658,405607,410952,1,1803,1798,0,0,74,90,CCW,0,S,0,0,0
D7651658,405608,410953,1,1804,1798,0,0,74,90,CCW,0,S,0,0,0
D7651658,405609,410954,1,1803,1798,0,0,74,90,CCW,0,S,0,0,0
D7651658,405610,410955,1,1804,1798,0,0,74,90,CCW,0,S,0,0,0
D7651658,405611,410956,1,1805,1798,0,0,74,90,CCW,0,S,0,0,0
D7651658,405612,410957,1,1804,1798,0,0,74,90,CCW,0,S,0,0,0
D7651658,405613,410958,1,1803,1798,0,0,74,90,CCW,0,S,0,0,0
D7651658,405614,410959,1,1804,1798,0,0,74,90,CCW,0,S,0,0,0
D7651658,405615,410960,1,1805,1798,0,0,74,90,CCW,0,S,0,0,0
D7651658,405616,410961,1,1805,1798,0,0,74,90,CCW,0,S,0,0,0
D7651658,405617,410962,1,1803,1798,0,0,74,90,CCW,0,S,0,0,0
D7651658,405618,410963,1,1804,1798,0,0,74,90,CCW,0,S,0,0,0
D7651658,405619,410964,1,1805,1798,0,0,74,90,CCW,0,S,0,0,0
D7651658,405620,410965,1,1799,1798,0,0,74,90,CCW,0,S,0,0,0
D7651658,405621,410966,1,1801,1798,0,0,74,90,CCW,0,S,0,0,0
D7651658,405622,410967,1,1805,1798,0,0,74,90,CCW,0,S,0,0,0
D7651658,405623,410968,1,1803,1798,0,0,74,90,CCW,0,S,0,0,0
D7651658,405624,410969,1,1805,1798,0,0,74,90,CCW,0,S,0,0,0
D7651658,405625,410970,1,1805,1798,0,0,74,90,CCW,0,S,0,0,0
D7651658,405626,410971,1,1805,1798,0,0,74,90,CCW,0,S,0,0,0
D7651658,405627,410972,1,1806,1798,0,0,74,90,CCW,0,S,0,0,0
D7651658,405628,410973,1,1805,1798,0,0,74,90,CCW,0,S,0,0,0
D7651658,405629,410974,1,1805,1798,0,0,74,90,CCW,0,S,0,0,0
D7651658,405630,410975,1,1805,1798,0,0,74,90,CCW,0,S,0,0,0
D7651658,405631,410976,1,1804,1798,0,0,74,90,CCW,0,S,0,0,0
D7651658,405632,410977,1,1805,1798,0,0,74,90,CCW,0,S,0,0,0
D7651658,405633,410978,1,1806,1798,0,0,74,90,CCW,0,S,0,0,0
D7651658,405634,410979,1,1808,1798,0,0,74,90,CCW,0,S,0,0,0
D7651658,405635,410980,1,1806,1798,0,0,74,90,CCW,0,S,0,0,0
D7651658,405636,410981,1,1806,1798,0,0,74,90,CCW,0,S,0,0,0
D7651658,405637,410982,1,1805,1798,0,0,74,90,CCW,0,S,0,0,0
D7651658,405638,410983,1,1806,1798,0,0,74,90,CCW,0,S,0,0,0
D7651658,405639,410984,1,1806,1798,0,0,74,90,CCW,0,S,0,0,0
D7651658,405640,410985,1,1806,1798,0,0,74,90,CCW,0,S,0,0,0
D7651658,405641,410986,1,1806,1798,0,0,74,90,CCW,0,S,0,0,0
D7651658,405642,410987,1,1807,1798,0,0,74,90,CCW,0,S,0,0,0
D7651658,405643,410988,1,1805,1798,0,0,74,90,CCW,0,S,0,0,0
D7651658,405644,410989,1,1806,1798,0,0,74,90,CCW,0,S,0,0,0
D7651658,405645,410990,1,1802,1798,0,0,74,90,CCW,0,S,0,0,0
D7651658,405646,410991,1,1807,1798,0,0,74,90,CCW,0,S,0,0,0
D7651658,405647,410992,1,1807,1798,0,0,74,90,CCW,0,S,0,0,0
D7651658,405648,410993,1,1809,1798,0,0,74,90,CCW,0,S,0,0,0
D7651658,405649,410994,1,1807,1798,0,0,74,90,CCW,0,S,0,0,0
D7651658,405650,410995,1,1807,1798,0,0,74,90,CCW,0,S,0,0,0
D7651658,405651,410996,1,1810,1798,0,0,74,90,CCW,0,S,0,0,0
D7651658,405652,410997,1,1806,1798,0,0,74,90,CCW,0,S,0,0,0
D7651658,405653,410998,1,1806,1798,0,0,74,90,CCW,0,S,0,0,0
D7651658,405654,410999,1,1806,1798,0,0,74,90,CCW,0,S,0,0,0
D7651658,405655,411000,1,1807,1798,0,0,74,90,CCW,0,S,0,0,0
D7651658,405656,411001,1,1807,1798,0,0,74,90,CCW,0,S,0,0,0
D7651658,405657,411002,1,1807,1798,0,0,74,90,CCW,0,S,0,0,0
D7651658,405658,411003,1,1807,1798,0,0,74,90,CCW,0,S,0,0,0
D7651658,405659,411004,1,1804,1798,0,0,74,90,CCW,0,S,0,0,0
D7651658,405660,411005,1,1807,1798,0,0,74,90,CCW,0,S,0,0,0
D7651658,405661,411006,1,1806,1798,0,0,74,90,CCW,0,S,0,0,0
D7651658,405662,411007,1,1806,1798,0,0,74,90,CCW,0,S,0,0,0
D7651658,405663,411008,1,1807,1798,0,0,74,90,CCW,0,S,0,0,0
D7651658,405664,411009,1,1815,1798,0,0,74,90,CCW,0,S,0,0,0
D7651658,405665,411010,1,1807,1798,0,0,74,90,CCW,0,S,0,0,0
D7651658,405666,411011,1,1807,1798,0,0,74,90,CCW,0,S,0,0,0
D7651658,405667,411012,1,1807,1798,0,0,74,90,CCW,0,S,0,0,0
D7651658,405668,411013,1,1808,1798,0,0,74,90,CCW,0,S,0,0,0
D7651658,405669,411014,1,1808,1798,0,0,74,90,CCW,0,S,0,0,0
D7651658,405670,411015,1,1807,1798,0,0,74,90,CCW,0,S,0,0,0
D7651658,405671,411016,1,1807,1798,0,0,74,90,CCW,0,S,0,0,0
D7651658,405672,411017,1,1808,1798,0,0,74,90,CCW,0,S,0,0,0
D7651658,405673,411018,1,1808,1798,0,0,74,90,CCW,0,S,0,0,0
D7651658,405674,411019,1,1808,1798,0,0,74,90,CCW,0,S,0,0,0
D7651658,405675,411020,1,1808,1798,0,0,74,90,CCW,0,S,0,0,0
D7651658,405676,411021,1,1808,1798,0,0,74,90,CCW,0,S,0,0,0
D7651658,405677,411022,1,1808,1798,0,0,74,90,CCW,0,S,0,0,0
D7651658,405678,411023,1,1808,1798,0,0,74,90,CCW,0,S,0,0,0
D7651658,405679,411024,1,1806,1798,0,0,74,90,CCW,0,S,0,0,0
D7651658,405680,411025,1,1808,1798,0,0,74,90,CCW,0,S,0,0,0
D7651658,405681,411026,1,1807,1798,0,0,74,90,CCW,0,S,0,0,0
D7651658,405682,411027,1,1808,1798,0,0,74,90,CCW,0,S,0,0,0
D7651658,405683,411028,1,1809,1798,0,0,74,90,CCW,0,S,0,0,0
D7651658,405684,411029,1,1807,1798,0,0,74,90,CCW,0,S,0,0,0
D7651658,405685,411030,1,1808,1798,0,0,74,90,CCW,0,S,0,0,0
D7651658,405686,411031,1,1808,1798,0,0,74,90,CCW,0,S,0,0,0
D7651658,405687,411032,1,1806,1798,0,0,74,90,CCW,0,S,0,0,0
D7651658,405688,411033,1,1810,1798,0,0,74,90,CCW,0,S,0,0,0
D7651658,405689,411034,1,1808,1798,0,0,74,90,CCW,0,S,0,0,0
D7651658,405690,411035,1,1807,1798,0,0,74,90,CCW,0,S,0,0,0
D7651658,405691,411036,1,1808,1798,0,0,74,90,CCW,0,S,0,0,0
D7651658,405692,411037,1,1810,1798,0,0,74,90,CCW,0,S,0,0,0
D7651658,405693,411038,1,1808,1798,0,0,74,90,CCW,0,S,0,0,0
D7651658,405694,411039,1,1809,1798,0,0,74,90,CCW,0,S,0,0,0
D7651658,405695,411040,1,1808,1798,0,0,74,90,CCW,0,S,0,0,0
D7651658,405696,411041,1,1809,1798,0,0,74,90,CCW,0,S,0,0,0
D7651658,405697,411042,1,1811,1798,0,0,74,90,CCW,0,S,0,0,0
D7651658,405698,411043,1,1809,1798,0,0,74,90,CCW,0,S,0,0,0
D7651658,405699,411044,1,1809,1798,0,0,74,90,CCW,0,S,0,0,0
D7651658,405700,411045,1,1808,1798,0,0,74,90,CCW,0,S,0,0,0
D7651658,405701,411046,1,1811,1798,0,0,74,90,CCW,0,S,0,0,0
D7651658,405702,411047,1,1811,1798,0,0,74,90,CCW,0,S,0,0,0
D7651658,405703,411048,1,1809,1798,0,0,74,90,CCW,0,S,0,0,0
D7651658,405704,411049,1,1811,1798,0,0,74,90,CCW,0,S,0,0,0
D7651658,405705,411050,1,1810,1798,0,0,74,90,CCW,0,S,0,0,0
D7651658,405706,411051,1,1811,1798,0,0,74,90,CCW,0,S,0,0,0
D7651658,405707,411052,1,1811,1798,0,0,74,90,CCW,0,S,0,0,0
D7651658,405708,411053,1,1811,1798,0,0,75,90,CCW,0,S,0,0,0
D7651658,405709,411054,1,1811,1798,0,0,75,90,CCW,0,S,0,0,0
D7651658,405710,411055,1,1810,1798,0,0,75,90,CCW,0,S,0,0,0
D7651658,405711,411056,1,1810,1798,0,0,75,90,CCW,0,S,0,0,0
D7651658,405712,411057,1,1810,1798,0,0,75,90,CCW,0,S,0,0,0
D7651658,405713,411058,1,1811,1798,0,0,75,90,CCW,0,S,0,0,0
D7651658,405714,411059,1,1810,1798,0,0,75,90,CCW,0,S,0,0,0
D7651658,405715,411060,1,1812,1798,0,0,75,90,CCW,0,S,0,0,0
D7651658,405716,411061,1,1810,1798,0,0,75,90,CCW,0,S,0,0,0
D7651658,405717,411062,1,1812,1798,0,0,75,90,CCW,0,S,0,0,0
D7651658,405718,411063,1,1812,1798,0,0,75,90,CCW,0,S,0,0,0
D7651658,405719,411064,1,1811,1798,0,0,75,90,CCW,0,S,0,0,0
D7651658,405720,411065,1,1812,1798,0,0,75,90,CCW,0,S,0,0,0
D7651658,405721,411066,1,1812,1798,0,0,75,90,CCW,0,S,0,0,0
D7651658,405722,411067,1,1812,1798,0,0,75,90,CCW,0,S,0,0,0
D7651658,405723,411068,1,1809,1798,0,0,75,90,CCW,0,S,0,0,0
D7651658,405724,411069,1,1811,1798,0,0,75,90,CCW,0,S,0,0,0
D7651658,405725,411070,1,1812,1798,0,0,75,90,CCW,0,S,0,0,0
D7651658,405726,411071,1,1812,1798,0,0,75,90,CCW,0,S,0,0,0
D7651658,405727,411072,1,1812,1798,0,0,75,90,CCW,0,S,0,0,0
D7651658,405728,411073,1,1812,1798,0,0,75,90,CCW,0,S,0,0,0
D7651658,405729,411074,1,1812,1798,0,0,75,90,CCW,0,S,0,0,0
D7651658,405730,411075,1,1813,1798,0,0,75,90,CCW,0,S,0,0,0
D7651658,405731,411076,1,1812,1798,0,0,75,90,CCW,0,S,0,0,0
D7651658,405732,411077,1,1813,1798,0,0,75,90,CCW,0,S,0,0,0
D7651658,405733,411078,1,1814,1798,0,0,75,90,CCW,0,S,0,0,0
D7651658,405734,411079,1,1814,1798,0,0,75,90,CCW,0,S,0,0,0
D7651658,405735,411080,1,1815,1798,0,0,75,90,CCW,0,S,0,0,0
D7651658,405736,411081,1,1815,1798,0,0,75,90,CCW,0,S,0,0,0
D7651658,405737,411082,1,1814,1798,0,0,75,90,CCW,0,S,0,0,0
D7651658,405738,411083,1,1814,1798,0,0,75,90,CCW,0,S,0,0,0
D7651658,405739,411084,1,1813,1798,0,0,75,90,CCW,0,S,0,0,0
D7651658,405740,411085,1,1814,1798,0,0,75,90,CCW,0,S,0,0,0
D7651658,405741,411086,1,1811,1798,0,0,75,90,CCW,0,S,0,0,0
D7651658,405742,411087,1,1814,1798,0,0,75,90,CCW,0,S,0,0,0
D7651658,405743,411088,1,1814,1798,0,0,75,90,CCW,0,S,0,0,0
D7651658,405744,411089,1,1813,1798,0,0,75,90,CCW,0,S,0,0,0
D7651658,405745,411090,1,1813,1798,0,0,75,90,CCW,0,S,0,0,0
D7651658,405746,411091,1,1816,1798,0,0,75,90,CCW,0,S,0,0,0
D7651658,405747,411092,1,1813,1798,0,0,75,90,CCW,0,S,0,0,0
D7651658,405748,411093,1,1814,1798,0,0,75,90,CCW,0,S,0,0,0
D7651658,405749,411094,1,1814,1798,0,0,75,90,CCW,0,S,0,0,0
D7651658,405750,411095,1,1818,1798,0,0,75,90,CCW,0,S,0,0,0
D7651658,405751,411096,1,1815,1798,0,0,75,90,CCW,0,S,0,0,0
D7651658,405752,411097,1,1813,1798,0,0,75,90,CCW,0,S,0,0,0
D7651658,405753,411098,1,1812,1798,0,0,75,90,CCW,0,S,0,0,0
D7651658,405754,411099,1,1812,1798,0,0,75,90,CCW,0,S,0,0,0
D7651658,405755,411100,1,1813,1798,0,0,75,90,CCW,0,S,0,0,0
D7651658,405756,411101,1,1815,1798,0,0,75,90,CCW,0,S,0,0,0
D7651658,405757,411102,1,1813,1798,0,0,75,90,CCW,0,S,0,0,0
D7651658,405758,411103,1,1813,1798,0,0,75,90,CCW,0,S,0,0,0
D7651658,405759,411104,1,1814,1798,0,0,75,90,CCW,0,S,0,0,0
D7651658,405760,411105,1,1812,1798,0,0,75,90,CCW,0,S,0,0,0
D7651658,405761,411106,1,1812,1798,0,0,75,90,CCW,0,S,0,0,0
D7651658,405762,411107,1,1812,1798,0,0,75,90,CCW,0,S,0,0,0
D7651658,405763,411108,1,1813,1798,0,0,75,90,CCW,0,S,0,0,0
D7651658,405764,411109,1,1812,1798,0,0,75,90,CCW,0,S,0,0,0
D7651658,405765,411110,1,1812,1798,0,0,75,90,CCW,0,S,0,0,0
D7651658,405766,411111,1,1811,1798,0,0,75,90,CCW,0,S,0,0,0
D7651658,405767,411113,2,1806,1798,0,0,75,90,CCW,0,S,0,1,1
D7651658,405768,411114,1,1811,1798,0,0,75,90,CCW,0,S,0,0,0
D7651658,405769,411115,1,1810,1798,0,0,75,90,CCW,0,S,0,0,0
D7651658,405770,411116,1,1809,1798,0,0,75,90,CCW,0,S,0,0,0
D7651658,405771,411117,1,1809,1798,0,0,75,90,CCW,0,S,0,0,0
D7651658,405772,411118,1,1810,1798,0,0,75,90,CCW,0,S,0,0,0
D7651658,405773,411119,1,1809,1798,0,0,75,90,CCW,0,S,0,0,0
D7651658,405774,411120,1,1809,1798,0,0,75,90,CCW,0,S,0,0,0
D7651658,405775,411121,1,1807,1798,0,0,75,90,CCW,0,S,0,0,0
D7651658,405776,411122,1,1807,1798,0,0,75,90,CCW,0,S,0,0,0
D7651658,405777,411123,1,1807,1798,0,0,75,90,CCW,0,S,0,0,0
D7651658,405778,411124,1,1807,1798,0,0,75,90,CCW,0,S,0,0,0
D7651658,405779,411125,1,1806,1798,0,0,75,90,CCW,0,S,0,0,0
D7651658,405780,411126,1,1807,1798,0,0,75,90,CCW,0,S,0,0,0
D7651658,405781,411127,1,1805,1798,0,0,75,90,CCW,0,S,0,0,0
D7651658,405782,411128,1,1803,1798,0,0,75,90,CCW,0,S,0,0,0
D7651658,405783,411129,1,1804,1798,0,0,75,90,CCW,0,S,0,0,0
D7651658,405784,411130,1,1801,1798,0,0,75,90,CCW,0,S,0,0,0
D7651658,405785,411131,1,1801,1798,0,0,75,90,CCW,0,S,0,0,0
D7651658,405786,411132,1,1798,1798,0,0,75,90,CCW,0,S,0,0,0
D7651658,405787,411133,1,1797,1798,0,0,75,90,CCW,0,S,0,0,0
D7651658,405788,411134,1,1796,1798,0,0,75,90,CCW,0,S,0,0,0
D7651658,405789,411135,1,1795,1798,0,0,75,90,CCW,0,S,0,0,0
D7651658,405790,411136,1,1793,1798,0,0,75,90,CCW,0,S,0,0,0
D7651658,405791,411137,1,1791,1798,0,0,75,90,CCW,0,S,0,0,0
D7651658,405792,411138,1,1791,1798,0,0,75,90,CCW,0,S,0,0,0
D7651658,405793,411139,1,1790,1798,0,0,75,90,CCW,0,S,0,0,0
D7651658,405794,411140,1,1788,1798,0,0,75,90,CCW,0,S,0,0,0
D7651658,405795,411141,1,1788,1798,0,0,75,90,CCW,0,S,0,0,0
D7651658,405796,411142,1,1785,1798,0,0,75,90,CCW,0,S,0,0,0
D7651658,405797,411143,1,1782,1798,0,0,75,90,CCW,0,S,0,0,0
D7651658,405798,411144,1,1779,1798,0,0,75,90,CCW,0,S,0,0,0
D7651658,405799,411145,1,1781,1798,0,0,75,90,CCW,0,S,0,0,0
D7651658,405800,411146,1,1771,1798,0,0,75,90,CCW,0,S,0,0,0
D7651658,405801,411147,1,1775,1798,0,0,75,90,CCW,0,S,0,0,0
D7651658,405802,411148,1,1774,1798,0,0,75,90,CCW,0,S,0,0,0
D7651658,405803,411149,1,1771,1798,0,0,75,90,CCW,0,S,0,0,0
D7651658,405804,411150,1,1769,1798,0,0,75,90,CCW,0,S,0,0,0
D7651658,405805,411151,1,1766,1798,0,0,75,90,CCW,0,S,0,0,0
D7651658,405806,411152,1,1763,1798,0,0,75,90,CCW,0,S,0,0,0
D7651658,405807,411153,1,1760,1798,0,38,75,90,CCW,1,S,0,0,0
D7651658,405808,411154,1,1755,1798,0,43,75,90,CCW,1,S,0,0,0
D7651658,405809,411155,1,1753,1798,0,45,75,90,CCW,1,S,0,0,0
D7651658,405810,411156,1,1750,1798,0,48,75,90,CCW,1,S,0,0,0
D7651658,405811,411157,1,1747,1798,0,51,75,90,CCW,1,S,0,0,0
D7651658,405812,411158,1,1746,1798,0,52,75,90,CCW,1,S,0,0,0
D7651658,405813,411159,1,1747,1798,0,52,75,90,CCW,1,S,0,0,0
D7651658,405814,411160,1,1743,1798,0,55,75,90,CCW,1,S,0,0,0
D7651658,405815,411161,1,1740,1798,0,58,75,90,CCW,1,S,0,0,0
D7651658,405816,411162,1,1734,1798,0,64,75,90,CCW,1,S,0,0,0
D7651658,405817,411163,1,1732,1798,0,66,75,90,CCW,1,S,0,0,0
D7651658,405818,411164,1,1729,1798,0,69,75,90,CCW,1,S,0,0,0
D7651658,405819,411165,1,1721,1798,0,77,75,90,CCW,1,S,0,0,0
D7651658,405820,411166,1,1724,1798,0,77,75,90,CCW,1,S,0,0,0
D7651658,405821,411167,1,1720,1798,0,78,75,90,CCW,1,S,0,0,0
D7651658,405822,411168,1,1717,1798,0,81,75,90,CCW,1,S,0,0,0
D7651658,405823,411169,1,1713,1798,0,85,75,90,CCW,1,S,0,0,0
D7651658,405824,411170,1,1710,1798,0,88,75,90,CCW,1,S,0,0,0
D7651658,405825,411171,1,1710,1798,0,88,75,90,CCW,1,S,0,0,0
D7651658,405826,411172,1,1709,1798,0,89,75,90,CCW,1,S,0,0,0
D7651658,405827,411173,1,1701,1798,0,97,75,90,CCW,1,S,0,0,0
D7651658,405828,411174,1,1701,1798,0,97,75,90,CCW,1,S,0,0,0
D7651658,405829,411175,1,1696,1798,0,102,75,90,CCW,1,S,0,0,0
D7651658,405830,411176,1,1684,1798,0,114,75,90,CCW,1,S,0,0,0
D7651658,405831,411177,1,1689,1798,0,114,75,90,CCW,1,S,0,0,0
D7651658,405832,411178,1,1686,1798,0,114,75,90,CCW,1,S,0,0,0
D7651658,405833,411179,1,1682,1798,0,116,75,90,CCW,1,S,0,0,0
D7651658,405834,411180,1,1680,1798,0,118,75,90,CCW,1,S,0,0,0
D7651658,405835,411181,1,1679,1798,0,119,75,90,CCW,1,S,0,0,0
D7651658,405836,411182,1,1676,1798,0,122,75,90,CCW,1,S,0,0,0
D7651658,405837,411183,1,1673,1798,0,125,75,90,CCW,1,S,0,0,0
D7651658,405838,411184,1,1668,1798,0,130,75,90,CCW,1,S,0,0,0
D7651658,405839,411185,1,1666,1798,0,132,75,90,CCW,1,S,0,0,0
D7651658,405840,411186,1,1668,1798,0,132,75,90,CCW,1,S,0,0,0
D7651658,405841,411187,1,1660,1798,0,138,75,90,CCW,1,S,0,0,0
D7651658,405842,411188,1,1658,1798,0,140,75,90,CCW,1,S,0,0,0
D7651658,405843,411189,1,1655,1798,0,143,75,90,CCW,1,S,0,0,0
D7651658,405844,411190,1,1651,1798,0,147,75,90,CCW,1,S,0,0,0
D7651658,405845,411191,1,1649,1798,0,149,75,90,CCW,1,S,0,0,0
D7651658,405846,411192,1,1648,1798,0,150,75,90,CCW,1,S,0,0,0
D7651658,405847,411193,1,1647,1798,0,151,75,90,CCW,1,S,0,0,0
D7651658,405848,411194,1,1643,1798,0,155,75,90,CCW,1,S,0,0,0
D7651658,405849,411195,1,1641,1798,0,157,75,90,CCW,1,S,0,0,0
D7651658,405850,411196,1,1638,1798,0,160,75,90,CCW,1,S,0,0,0
D7651658,405851,411197,1,1635,1798,0,163,75,90,CCW,1,S,0,0,0
D7651658,405852,411198,1,1638,1798,0,163,75,90,CCW,1,S,0,0,0
D7651658,405853,411199,1,1633,1798,0,165,75,90,CCW,1,S,0,0,0
D7651658,405854,411200,1,1630,1798,0,168,75,90,CCW,1,S,0,0,0
D7651658,405855,411201,1,1629,1798,0,169,75,90,CCW,1,S,0,0,0
D7651658,405856,411202,1,1627,1798,0,171,75,90,CCW,1,S,0,0,0
D7651658,405857,411203,1,1624,1798,0,174,76,90,CCW,1,S,0,0,0
D7651658,405858,411204,1,1622,1798,0,176,76,90,CCW,1,S,0,0,0
D7651658,405859,411205,1,1619,1798,0,179,76,90,CCW,1,S,0,0,0
D7651658,405860,411206,1,1618,1798,0,180,76,90,CCW,1,S,0,0,0
D7651658,405861,411207,1,1617,1798,0,181,76,90,CCW,1,S,0,0,0
D7651658,405862,411208,1,1619,1798,0,181,76,90,CCW,1,S,0,0,0
D7651658,405863,411209,1,1614,1798,0,184,76,90,CCW,1,S,0,0,0
D7651658,405864,411210,1,1619,1798,0,184,76,90,CCW,1,S,0,0,0
D7651658,405865,411211,1,1614,1798,0,184,76,90,CCW,1,S,0,0,0
D7651658,405866,411212,1,1610,1798,0,188,76,90,CCW,1,S,0,0,0
D7651658,405867,411213,1,1611,1798,0,188,76,90,CCW,1,S,0,0,0
D7651658,405868,411214,1,1610,1798,0,188,76,90,CCW,1,S,0,0,0
D7651658,405869,411215,1,1608,1798,0,190,76,90,CCW,1,S,0,0,0
D7651658,405870,411216,1,1597,1798,0,201,76,90,CCW,1,S,0,0,0
D7651658,405871,411217,1,1607,1798,0,201,76,90,CCW,1,S,0,0,0
D7651658,405872,411218,1,1605,1798,0,201,76,90,CCW,1,S,0,0,0
D7651658,405873,411219,1,1604,1798,0,201,76,90,CCW,1,S,0,0,0
D7651658,405874,411220,1,1602,1798,0,201,76,90,CCW,1,S,0,0,0
D7651658,405875,411221,1,1607,1798,0,201,76,90,CCW,1,S,0,0,0
D7651658,405876,411222,1,1602,1798,0,201,76,90,CCW,1,S,0,0,0
D7651658,405877,411223,1,1601,1798,0,201,76,90,CCW,1,S,0,0,0
D7651658,405878,411224,1,1597,1798,0,201,76,90,CCW,1,S,0,0,0
D7651658,405879,411225,1,1600,1798,0,201,76,90,CCW,1,S,0,0,0
D7651658,405880,411226,1,1600,1798,0,201,76,90,CCW,1,S,0,0,0
D7651658,405881,411227,1,1600,1798,0,201,76,90,CCW,1,S,0,0,0
D7651658,405882,411228,1,1600,1798,0,201,76,90,CCW,1,S,0,0,0
D7651658,405883,411229,1,1599,1798,0,201,76,90,CCW,1,S,0,0,0
D7651658,405884,411230,1,1599,1798,0,201,76,90,CCW,1,S,0,0,0
D7651658,405885,411231,1,1600,1798,0,201,76,90,CCW,1,S,0,0,0
D7651658,405886,411232,1,1601,1798,0,201,76,90,CCW,1,S,0,0,0
D7651658,405887,411233,1,1600,1798,0,201,76,90,CCW,1,S,0,0,0
D7651658,405888,411234,1,1599,1798,0,201,76,90,CCW,1,S,0,0,0
D7651658,405889,411235,1,1600,1798,0,201,76,90,CCW,1,S,0,0,0
D7651658,405890,411236,1,1600,1798,0,201,76,90,CCW,1,S,0,0,0
D7651658,405891,411237,1,1599,1798,0,201,76,90,CCW,1,S,0,0,0
D7651658,405892,411238,1,1599,1798,0,201,76,90,CCW,1,S,0,0,0
D7651658,405893,411239,1,1601,1798,0,201,76,90,CCW,1,S,0,0,0
D7651658,405894,411240,1,1600,1798,0,201,76,90,CCW,1,S,0,0,0
D7651658,405895,411241,1,1601,1798,0,201,76,90,CCW,1,S,0,0,0
D7651658,405896,411242,1,1601,1798,0,201,76,90,CCW,1,S,0,0,0
D7651658,405897,411243,1,1601,1798,0,201,76,90,CCW,1,S,0,0,0
D7651658,405898,411244,1,1605,1798,0,201,76,90,CCW,1,S,0,0,0
D7651658,405899,411245,1,1591,1798,0,207,76,90,CCW,1,S,0,0,0
D7651658,405900,411246,1,1599,1798,0,207,76,90,CCW,1,S,0,0,0
D7651658,405901,411247,1,1602,1798,0,207,76,90,CCW,1,S,0,0,0
D7651658,405902,411248,1,1604,1798,0,207,76,90,CCW,1,S,0,0,0
D7651658,405903,411249,1,1605,1798,0,207,76,90,CCW,1,S,0,0,0
D7651658,405904,411250,1,1606,1798,0,207,76,90,CCW,1,S,0,0,0
D7651658,405905,411251,1,1608,1798,0,207,76,90,CCW,1,S,0,0,0
D7651658,405906,411252,1,1608,1798,0,207,76,90,CCW,1,S,0,0,0
D7651658,405907,411253,1,1610,1798,0,207,76,90,CCW,1,S,0,0,0
D7651658,405908,411254,1,1612,1798,0,207,76,90,CCW,1,S,0,0,0
D7651658,405909,411255,1,1611,1798,0,207,76,90,CCW,1,S,0,0,0
D7651658,405910,411256,1,1614,1798,0,207,76,90,CCW,1,S,0,0,0
D7651658,405911,411257,1,1614,1798,0,207,76,90,CCW,1,S,0,0,0
D7651658,405912,411258,1,1616,1798,0,207,76,90,CCW,1,S,0,0,0
D7651658,405913,411259,1,1615,1798,0,207,76,90,CCW,1,S,0,0,0
D7651658,405914,411260,1,1616,1798,0,207,76,90,CCW,1,S,0,0,0
D7651658,405915,411261,1,1619,1798,0,207,76,90,CCW,1,S,0,0,0
D7651658,405916,411262,1,1617,1798,0,207,76,90,CCW,1,S,0,0,0
D7651658,405917,411263,1,1620,1798,0,207,76,90,CCW,1,S,0,0,0
D7651658,405918,411264,1,1622,1798,0,207,76,90,CCW,1,S,0,0,0
