source_session,sample_seq,t_ms,dt_ms,raw,baseline,peak_n,peak_s,pwm_actual,pwm_commanded,direction,event_active,event_polarity,estop,late,gap_before
D7651658,429483,435078,1,1796,1798,0,0,66,60,CCW,0,N,0,0,0
D7651658,429484,435079,1,1796,1798,0,0,66,60,CCW,0,N,0,0,0
D7651658,429485,435080,1,1795,1798,0,0,66,60,CCW,0,N,0,0,0
D7651658,429486,435081,1,1795,1798,0,0,66,60,CCW,0,N,0,0,0
D7651658,429487,435082,1,1794,1798,0,0,66,60,CCW,0,N,0,0,0
D7651658,429488,435083,1,1795,1798,0,0,66,60,CCW,0,N,0,0,0
D7651658,429489,435084,1,1801,1798,0,0,66,60,CCW,0,N,0,0,0
D7651658,429490,435085,1,1796,1798,0,0,66,60,CCW,0,N,0,0,0
D7651658,429491,435086,1,1792,1798,0,0,66,60,CCW,0,N,0,0,0
D7651658,429492,435087,1,1794,1798,0,0,66,60,CCW,0,N,0,0,0
D7651658,429493,435088,1,1794,1798,0,0,66,60,CCW,0,N,0,0,0
D7651658,429494,435089,1,1795,1798,0,0,66,60,CCW,0,N,0,0,0
D7651658,429495,435090,1,1794,1798,0,0,66,60,CCW,0,N,0,0,0
D7651658,429496,435091,1,1798,1798,0,0,66,60,CCW,0,N,0,0,0
D7651658,429497,435092,1,1795,1798,0,0,66,60,CCW,0,N,0,0,0
D7651658,429498,435093,1,1795,1798,0,0,66,60,CCW,0,N,0,0,0
D7651658,429499,435094,1,1794,1798,0,0,66,60,CCW,0,N,0,0,0
D7651658,429500,435095,1,1795,1798,0,0,66,60,CCW,0,N,0,0,0
D7651658,429501,435096,1,1794,1798,0,0,66,60,CCW,0,N,0,0,0
D7651658,429502,435097,1,1794,1798,0,0,66,60,CCW,0,N,0,0,0
D7651658,429503,435098,1,1787,1798,0,0,66,60,CCW,0,N,0,0,0
D7651658,429504,435099,1,1794,1798,0,0,66,60,CCW,0,N,0,0,0
D7651658,429505,435100,1,1794,1798,0,0,66,60,CCW,0,N,0,0,0
D7651658,429506,435101,1,1795,1798,0,0,66,60,CCW,0,N,0,0,0
D7651658,429507,435102,1,1794,1798,0,0,66,60,CCW,0,N,0,0,0
D7651658,429508,435103,1,1793,1798,0,0,66,60,CCW,0,N,0,0,0
D7651658,429509,435104,1,1786,1798,0,0,66,60,CCW,0,N,0,0,0
D7651658,429510,435105,1,1793,1798,0,0,66,60,CCW,0,N,0,0,0
D7651658,429511,435106,1,1792,1798,0,0,66,60,CCW,0,N,0,0,0
D7651658,429512,435107,1,1793,1798,0,0,66,60,CCW,0,N,0,0,0
D7651658,429513,435108,1,1793,1798,0,0,66,60,CCW,0,N,0,0,0
D7651658,429514,435109,1,1794,1798,0,0,66,60,CCW,0,N,0,0,0
D7651658,429515,435110,1,1794,1798,0,0,66,60,CCW,0,N,0,0,0
D7651658,429516,435111,1,1794,1798,0,0,66,60,CCW,0,N,0,0,0
D7651658,429517,435112,1,1796,1798,0,0,66,60,CCW,0,N,0,0,0
D7651658,429518,435113,1,1794,1798,0,0,66,60,CCW,0,N,0,0,0
D7651658,429519,435114,1,1793,1798,0,0,66,60,CCW,0,N,0,0,0
D7651658,429520,435115,1,1787,1798,0,0,66,60,CCW,0,N,0,0,0
D7651658,429521,435116,1,1793,1798,0,0,66,60,CCW,0,N,0,0,0
D7651658,429522,435117,1,1791,1798,0,0,66,60,CCW,0,N,0,0,0
D7651658,429523,435118,1,1793,1798,0,0,66,60,CCW,0,N,0,0,0
D7651658,429524,435119,1,1793,1798,0,0,66,60,CCW,0,N,0,0,0
D7651658,429525,435120,1,1795,1798,0,0,66,60,CCW,0,N,0,0,0
D7651658,429526,435121,1,1793,1798,0,0,66,60,CCW,0,N,0,0,0
D7651658,429527,435122,1,1793,1798,0,0,66,60,CCW,0,N,0,0,0
D7651658,429528,435123,1,1797,1798,0,0,66,60,CCW,0,N,0,0,0
D7651658,429529,435124,1,1797,1798,0,0,66,60,CCW,0,N,0,0,0
D7651658,429530,435125,1,1794,1798,0,0,66,60,CCW,0,N,0,0,0
D7651658,429531,435126,1,1793,1798,0,0,66,60,CCW,0,N,0,0,0
D7651658,429532,435127,1,1794,1798,0,0,66,60,CCW,0,N,0,0,0
D7651658,429533,435128,1,1793,1798,0,0,66,60,CCW,0,N,0,0,0
D7651658,429534,435129,1,1794,1798,0,0,66,60,CCW,0,N,0,0,0
D7651658,429535,435130,1,1794,1798,0,0,66,60,CCW,0,N,0,0,0
D7651658,429536,435131,1,1790,1798,0,0,66,60,CCW,0,N,0,0,0
D7651658,429537,435132,1,1795,1798,0,0,66,60,CCW,0,N,0,0,0
D7651658,429538,435133,1,1795,1798,0,0,66,60,CCW,0,N,0,0,0
D7651658,429539,435134,1,1795,1798,0,0,66,60,CCW,0,N,0,0,0
D7651658,429540,435135,1,1794,1798,0,0,66,60,CCW,0,N,0,0,0
D7651658,429541,435136,1,1792,1798,0,0,66,60,CCW,0,N,0,0,0
D7651658,429542,435137,1,1793,1798,0,0,66,60,CCW,0,N,0,0,0
D7651658,429543,435138,1,1792,1798,0,0,66,60,CCW,0,N,0,0,0
D7651658,429544,435139,1,1800,1798,0,0,66,60,CCW,0,N,0,0,0
D7651658,429545,435140,1,1793,1798,0,0,66,60,CCW,0,N,0,0,0
D7651658,429546,435141,1,1797,1798,0,0,66,60,CCW,0,N,0,0,0
D7651658,429547,435142,1,1794,1798,0,0,66,60,CCW,0,N,0,0,0
D7651658,429548,435143,1,1794,1798,0,0,66,60,CCW,0,N,0,0,0
D7651658,429549,435144,1,1811,1798,0,0,66,60,CCW,0,N,0,0,0
D7651658,429550,435145,1,1795,1798,0,0,65,60,CCW,0,N,0,0,0
D7651658,429551,435146,1,1794,1798,0,0,65,60,CCW,0,N,0,0,0
D7651658,429552,435147,1,1793,1798,0,0,65,60,CCW,0,N,0,0,0
D7651658,429553,435148,1,1794,1798,0,0,65,60,CCW,0,N,0,0,0
D7651658,429554,435149,1,1794,1798,0,0,65,60,CCW,0,N,0,0,0
D7651658,429555,435150,1,1792,1798,0,0,65,60,CCW,0,N,0,0,0
D7651658,429556,435151,1,1796,1798,0,0,65,60,CCW,0,N,0,0,0
D7651658,429557,435152,1,1794,1798,0,0,65,60,CCW,0,N,0,0,0
D7651658,429558,435153,1,1798,1798,0,0,65,60,CCW,0,N,0,0,0
D7651658,429559,435154,1,1792,1798,0,0,65,60,CCW,0,N,0,0,0
D7651658,429560,435155,1,1795,1798,0,0,65,60,CCW,0,N,0,0,0
D7651658,429561,435156,1,1794,1798,0,0,65,60,CCW,0,N,0,0,0
D7651658,429562,435157,1,1792,1798,0,0,65,60,CCW,0,N,0,0,0
D7651658,429563,435158,1,1793,1798,0,0,65,60,CCW,0,N,0,0,0
D7651658,429564,435159,1,1794,1798,0,0,65,60,CCW,0,N,0,0,0
D7651658,429565,435160,1,1807,1798,0,0,65,60,CCW,0,N,0,0,0
D7651658,429566,435161,1,1793,1798,0,0,65,60,CCW,0,N,0,0,0
D7651658,429567,435162,1,1793,1798,0,0,65,60,CCW,0,N,0,0,0
D7651658,429568,435164,2,1793,1798,0,0,65,60,CCW,0,N,0,1,1
D7651658,429569,435165,1,1792,1798,0,0,65,60,CCW,0,N,0,0,0
D7651658,429570,435166,1,1794,1798,0,0,65,60,CCW,0,N,0,0,0
D7651658,429571,435167,1,1794,1798,0,0,65,60,CCW,0,N,0,0,0
D7651658,429572,435168,1,1793,1798,0,0,65,60,CCW,0,N,0,0,0
D7651658,429573,435169,1,1793,1798,0,0,65,60,CCW,0,N,0,0,0
D7651658,429574,435170,1,1793,1798,0,0,65,60,CCW,0,N,0,0,0
D7651658,429575,435171,1,1793,1798,0,0,65,60,CCW,0,N,0,0,0
D7651658,429576,435172,1,1794,1798,0,0,65,60,CCW,0,N,0,0,0
D7651658,429577,435173,1,1794,1798,0,0,65,60,CCW,0,N,0,0,0
D7651658,429578,435174,1,1794,1798,0,0,65,60,CCW,0,N,0,0,0
D7651658,429579,435175,1,1794,1798,0,0,65,60,CCW,0,N,0,0,0
D7651658,429580,435176,1,1796,1798,0,0,65,60,CCW,0,N,0,0,0
D7651658,429581,435177,1,1793,1798,0,0,65,60,CCW,0,N,0,0,0
D7651658,429582,435178,1,1794,1798,0,0,65,60,CCW,0,N,0,0,0
D7651658,429583,435179,1,1793,1798,0,0,65,60,CCW,0,N,0,0,0
D7651658,429584,435180,1,1793,1798,0,0,65,60,CCW,0,N,0,0,0
D7651658,429585,435181,1,1793,1798,0,0,65,60,CCW,0,N,0,0,0
D7651658,429586,435182,1,1794,1798,0,0,65,60,CCW,0,N,0,0,0
D7651658,429587,435183,1,1796,1798,0,0,65,60,CCW,0,N,0,0,0
D7651658,429588,435184,1,1793,1798,0,0,65,60,CCW,0,N,0,0,0
D7651658,429589,435185,1,1793,1798,0,0,65,60,CCW,0,N,0,0,0
D7651658,429590,435186,1,1793,1798,0,0,65,60,CCW,0,N,0,0,0
D7651658,429591,435187,1,1794,1798,0,0,65,60,CCW,0,N,0,0,0
D7651658,429592,435188,1,1794,1798,0,0,65,60,CCW,0,N,0,0,0
D7651658,429593,435189,1,1793,1798,0,0,65,60,CCW,0,N,0,0,0
D7651658,429594,435190,1,1794,1798,0,0,65,60,CCW,0,N,0,0,0
D7651658,429595,435191,1,1793,1798,0,0,65,60,CCW,0,N,0,0,0
D7651658,429596,435192,1,1791,1798,0,0,65,60,CCW,0,N,0,0,0
D7651658,429597,435193,1,1793,1798,0,0,65,60,CCW,0,N,0,0,0
D7651658,429598,435194,1,1793,1798,0,0,65,60,CCW,0,N,0,0,0
D7651658,429599,435195,1,1794,1798,0,0,65,60,CCW,0,N,0,0,0
D7651658,429600,435196,1,1786,1798,0,0,65,60,CCW,0,N,0,0,0
D7651658,429601,435197,1,1793,1798,0,0,65,60,CCW,0,N,0,0,0
D7651658,429602,435198,1,1793,1798,0,0,65,60,CCW,0,N,0,0,0
D7651658,429603,435199,1,1795,1798,0,0,65,60,CCW,0,N,0,0,0
D7651658,429604,435200,1,1794,1798,0,0,65,60,CCW,0,N,0,0,0
D7651658,429605,435201,1,1793,1798,0,0,65,60,CCW,0,N,0,0,0
D7651658,429606,435202,1,1794,1798,0,0,65,60,CCW,0,N,0,0,0
D7651658,429607,435203,1,1795,1798,0,0,65,60,CCW,0,N,0,0,0
D7651658,429608,435204,1,1793,1798,0,0,65,60,CCW,0,N,0,0,0
D7651658,429609,435205,1,1794,1798,0,0,65,60,CCW,0,N,0,0,0
D7651658,429610,435206,1,1794,1798,0,0,65,60,CCW,0,N,0,0,0
D7651658,429611,435207,1,1794,1798,0,0,65,60,CCW,0,N,0,0,0
D7651658,429612,435208,1,1794,1798,0,0,65,60,CCW,0,N,0,0,0
D7651658,429613,435209,1,1794,1798,0,0,65,60,CCW,0,N,0,0,0
D7651658,429614,435210,1,1795,1798,0,0,65,60,CCW,0,N,0,0,0
D7651658,429615,435211,1,1795,1798,0,0,65,60,CCW,0,N,0,0,0
D7651658,429616,435212,1,1795,1798,0,0,65,60,CCW,0,N,0,0,0
D7651658,429617,435213,1,1796,1798,0,0,65,60,CCW,0,N,0,0,0
D7651658,429618,435214,1,1793,1798,0,0,65,60,CCW,0,N,0,0,0
D7651658,429619,435215,1,1793,1798,0,0,65,60,CCW,0,N,0,0,0
D7651658,429620,435216,1,1794,1798,0,0,65,60,CCW,0,N,0,0,0
D7651658,429621,435217,1,1793,1798,0,0,65,60,CCW,0,N,0,0,0
D7651658,429622,435218,1,1794,1798,0,0,65,60,CCW,0,N,0,0,0
D7651658,429623,435219,1,1794,1798,0,0,65,60,CCW,0,N,0,0,0
D7651658,429624,435220,1,1795,1798,0,0,65,60,CCW,0,N,0,0,0
D7651658,429625,435221,1,1796,1798,0,0,65,60,CCW,0,N,0,0,0
D7651658,429626,435222,1,1793,1798,0,0,65,60,CCW,0,N,0,0,0
D7651658,429627,435223,1,1795,1798,0,0,65,60,CCW,0,N,0,0,0
D7651658,429628,435224,1,1794,1798,0,0,65,60,CCW,0,N,0,0,0
D7651658,429629,435225,1,1793,1798,0,0,65,60,CCW,0,N,0,0,0
D7651658,429630,435226,1,1794,1798,0,0,65,60,CCW,0,N,0,0,0
D7651658,429631,435227,1,1795,1798,0,0,65,60,CCW,0,N,0,0,0
D7651658,429632,435228,1,1794,1798,0,0,65,60,CCW,0,N,0,0,0
D7651658,429633,435229,1,1793,1798,0,0,65,60,CCW,0,N,0,0,0
D7651658,429634,435230,1,1795,1798,0,0,65,60,CCW,0,N,0,0,0
D7651658,429635,435231,1,1794,1798,0,0,65,60,CCW,0,N,0,0,0
D7651658,429636,435232,1,1793,1798,0,0,65,60,CCW,0,N,0,0,0
D7651658,429637,435233,1,1793,1798,0,0,65,60,CCW,0,N,0,0,0
D7651658,429638,435234,1,1793,1798,0,0,65,60,CCW,0,N,0,0,0
D7651658,429639,435235,1,1793,1798,0,0,65,60,CCW,0,N,0,0,0
D7651658,429640,435236,1,1795,1798,0,0,65,60,CCW,0,N,0,0,0
D7651658,429641,435237,1,1794,1798,0,0,65,60,CCW,0,N,0,0,0
D7651658,429642,435238,1,1796,1798,0,0,65,60,CCW,0,N,0,0,0
D7651658,429643,435239,1,1795,1798,0,0,65,60,CCW,0,N,0,0,0
D7651658,429644,435240,1,1794,1798,0,0,65,60,CCW,0,N,0,0,0
D7651658,429645,435241,1,1792,1798,0,0,65,60,CCW,0,N,0,0,0
D7651658,429646,435242,1,1795,1798,0,0,65,60,CCW,0,N,0,0,0
D7651658,429647,435243,1,1794,1798,0,0,65,60,CCW,0,N,0,0,0
D7651658,429648,435244,1,1795,1798,0,0,65,60,CCW,0,N,0,0,0
D7651658,429649,435245,1,1795,1798,0,0,65,60,CCW,0,N,0,0,0
D7651658,429650,435246,1,1795,1798,0,0,65,60,CCW,0,N,0,0,0
D7651658,429651,435247,1,1795,1798,0,0,65,60,CCW,0,N,0,0,0
D7651658,429652,435248,1,1795,1798,0,0,65,60,CCW,0,N,0,0,0
D7651658,429653,435249,1,1796,1798,0,0,65,60,CCW,0,N,0,0,0
D7651658,429654,435250,1,1795,1798,0,0,65,60,CCW,0,N,0,0,0
D7651658,429655,435251,1,1795,1798,0,0,65,60,CCW,0,N,0,0,0
D7651658,429656,435252,1,1796,1798,0,0,65,60,CCW,0,N,0,0,0
D7651658,429657,435253,1,1795,1798,0,0,65,60,CCW,0,N,0,0,0
D7651658,429658,435254,1,1794,1798,0,0,65,60,CCW,0,N,0,0,0
D7651658,429659,435255,1,1795,1798,0,0,65,60,CCW,0,N,0,0,0
D7651658,429660,435256,1,1791,1798,0,0,65,60,CCW,0,N,0,0,0
D7651658,429661,435257,1,1809,1798,0,0,65,60,CCW,0,N,0,0,0
D7651658,429662,435259,2,1796,1798,0,0,65,60,CCW,0,N,0,1,1
D7651658,429663,435260,1,1796,1798,0,0,65,60,CCW,0,N,0,0,0
D7651658,429664,435261,1,1796,1798,0,0,65,60,CCW,0,N,0,0,0
D7651658,429665,435262,1,1794,1798,0,0,65,60,CCW,0,N,0,0,0
D7651658,429666,435263,1,1797,1798,0,0,65,60,CCW,0,N,0,0,0
D7651658,429667,435264,1,1794,1798,0,0,65,60,CCW,0,N,0,0,0
D7651658,429668,435266,2,1794,1798,0,0,65,60,CCW,0,N,0,1,1
D7651658,429669,435267,1,1791,1798,0,0,65,60,CCW,0,N,0,0,0
D7651658,429670,435268,1,1795,1798,0,0,65,60,CCW,0,N,0,0,0
D7651658,429671,435269,1,1794,1798,0,0,65,60,CCW,0,N,0,0,0
D7651658,429672,435270,1,1797,1798,0,0,65,60,CCW,0,N,0,0,0
D7651658,429673,435271,1,1795,1798,0,0,65,60,CCW,0,N,0,0,0
D7651658,429674,435272,1,1795,1798,0,0,65,60,CCW,0,N,0,0,0
D7651658,429675,435273,1,1796,1798,0,0,65,60,CCW,0,N,0,0,0
D7651658,429676,435274,1,1795,1798,0,0,65,60,CCW,0,N,0,0,0
D7651658,429677,435275,1,1794,1798,0,0,65,60,CCW,0,N,0,0,0
D7651658,429678,435276,1,1794,1798,0,0,65,60,CCW,0,N,0,0,0
D7651658,429679,435277,1,1795,1798,0,0,65,60,CCW,0,N,0,0,0
D7651658,429680,435278,1,1797,1798,0,0,65,60,CCW,0,N,0,0,0
D7651658,429681,435279,1,1794,1798,0,0,65,60,CCW,0,N,0,0,0
D7651658,429682,435280,1,1795,1798,0,0,65,60,CCW,0,N,0,0,0
D7651658,429683,435281,1,1796,1798,0,0,65,60,CCW,0,N,0,0,0
D7651658,429684,435282,1,1797,1798,0,0,65,60,CCW,0,N,0,0,0
D7651658,429685,435283,1,1795,1798,0,0,65,60,CCW,0,N,0,0,0
D7651658,429686,435284,1,1794,1798,0,0,65,60,CCW,0,N,0,0,0
D7651658,429687,435285,1,1796,1798,0,0,65,60,CCW,0,N,0,0,0
D7651658,429688,435286,1,1796,1798,0,0,65,60,CCW,0,N,0,0,0
D7651658,429689,435287,1,1796,1798,0,0,65,60,CCW,0,N,0,0,0
D7651658,429690,435288,1,1795,1798,0,0,65,60,CCW,0,N,0,0,0
D7651658,429691,435289,1,1796,1798,0,0,65,60,CCW,0,N,0,0,0
D7651658,429692,435290,1,1795,1798,0,0,65,60,CCW,0,N,0,0,0
D7651658,429693,435291,1,1797,1798,0,0,65,60,CCW,0,N,0,0,0
D7651658,429694,435292,1,1796,1798,0,0,65,60,CCW,0,N,0,0,0
D7651658,429695,435293,1,1795,1798,0,0,65,60,CCW,0,N,0,0,0
D7651658,429696,435294,1,1796,1798,0,0,65,60,CCW,0,N,0,0,0
D7651658,429697,435295,1,1796,1798,0,0,65,60,CCW,0,N,0,0,0
D7651658,429698,435296,1,1796,1798,0,0,65,60,CCW,0,N,0,0,0
D7651658,429699,435297,1,1796,1798,0,0,65,60,CCW,0,N,0,0,0
D7651658,429700,435298,1,1795,1798,0,0,65,60,CCW,0,N,0,0,0
D7651658,429701,435299,1,1796,1798,0,0,65,60,CCW,0,N,0,0,0
D7651658,429702,435300,1,1795,1798,0,0,64,60,CCW,0,N,0,0,0
D7651658,429703,435301,1,1798,1798,0,0,64,60,CCW,0,N,0,0,0
D7651658,429704,435302,1,1796,1798,0,0,64,60,CCW,0,N,0,0,0
D7651658,429705,435303,1,1792,1798,0,0,64,60,CCW,0,N,0,0,0
D7651658,429706,435304,1,1796,1798,0,0,64,60,CCW,0,N,0,0,0
D7651658,429707,435305,1,1796,1798,0,0,64,60,CCW,0,N,0,0,0
D7651658,429708,435306,1,1795,1798,0,0,64,60,CCW,0,N,0,0,0
D7651658,429709,435307,1,1796,1798,0,0,64,60,CCW,0,N,0,0,0
D7651658,429710,435308,1,1797,1798,0,0,64,60,CCW,0,N,0,0,0
D7651658,429711,435309,1,1797,1798,0,0,64,60,CCW,0,N,0,0,0
D7651658,429712,435310,1,1796,1798,0,0,64,60,CCW,0,N,0,0,0
D7651658,429713,435311,1,1794,1798,0,0,64,60,CCW,0,N,0,0,0
D7651658,429714,435312,1,1797,1798,0,0,64,60,CCW,0,N,0,0,0
D7651658,429715,435313,1,1796,1798,0,0,64,60,CCW,0,N,0,0,0
D7651658,429716,435314,1,1795,1798,0,0,64,60,CCW,0,N,0,0,0
D7651658,429717,435315,1,1796,1798,0,0,64,60,CCW,0,N,0,0,0
D7651658,429718,435316,1,1795,1798,0,0,64,60,CCW,0,N,0,0,0
D7651658,429719,435317,1,1795,1798,0,0,64,60,CCW,0,N,0,0,0
D7651658,429720,435318,1,1795,1798,0,0,64,60,CCW,0,N,0,0,0
D7651658,429721,435319,1,1799,1798,0,0,64,60,CCW,0,N,0,0,0
D7651658,429722,435320,1,1795,1798,0,0,64,60,CCW,0,N,0,0,0
D7651658,429723,435321,1,1794,1798,0,0,64,60,CCW,0,N,0,0,0
D7651658,429724,435322,1,1797,1798,0,0,64,60,CCW,0,N,0,0,0
D7651658,429725,435323,1,1796,1798,0,0,64,60,CCW,0,N,0,0,0
D7651658,429726,435324,1,1796,1798,0,0,64,60,CCW,0,N,0,0,0
D7651658,429727,435325,1,1794,1798,0,0,64,60,CCW,0,N,0,0,0
D7651658,429728,435326,1,1796,1798,0,0,64,60,CCW,0,N,0,0,0
D7651658,429729,435327,1,1796,1798,0,0,64,60,CCW,0,N,0,0,0
D7651658,429730,435328,1,1796,1798,0,0,64,60,CCW,0,N,0,0,0
D7651658,429731,435329,1,1798,1798,0,0,64,60,CCW,0,N,0,0,0
D7651658,429732,435330,1,1794,1798,0,0,64,60,CCW,0,N,0,0,0
D7651658,429733,435331,1,1796,1798,0,0,64,60,CCW,0,N,0,0,0
D7651658,429734,435332,1,1796,1798,0,0,64,60,CCW,0,N,0,0,0
D7651658,429735,435333,1,1796,1798,0,0,64,60,CCW,0,N,0,0,0
D7651658,429736,435334,1,1795,1798,0,0,64,60,CCW,0,N,0,0,0
D7651658,429737,435335,1,1795,1798,0,0,64,60,CCW,0,N,0,0,0
D7651658,429738,435336,1,1796,1798,0,0,64,60,CCW,0,N,0,0,0
D7651658,429739,435337,1,1798,1798,0,0,64,60,CCW,0,N,0,0,0
D7651658,429740,435338,1,1793,1798,0,0,64,60,CCW,0,N,0,0,0
D7651658,429741,435339,1,1798,1798,0,0,64,60,CCW,0,N,0,0,0
D7651658,429742,435340,1,1795,1798,0,0,64,60,CCW,0,N,0,0,0
D7651658,429743,435341,1,1796,1798,0,0,64,60,CCW,0,N,0,0,0
D7651658,429744,435342,1,1797,1798,0,0,64,60,CCW,0,N,0,0,0
D7651658,429745,435343,1,1797,1798,0,0,64,60,CCW,0,N,0,0,0
D7651658,429746,435344,1,1796,1798,0,0,64,60,CCW,0,N,0,0,0
D7651658,429747,435345,1,1797,1798,0,0,64,60,CCW,0,N,0,0,0
D7651658,429748,435346,1,1794,1798,0,0,64,60,CCW,0,N,0,0,0
D7651658,429749,435347,1,1796,1798,0,0,64,60,CCW,0,N,0,0,0
D7651658,429750,435348,1,1799,1798,0,0,64,60,CCW,0,N,0,0,0
D7651658,429751,435349,1,1796,1798,0,0,64,60,CCW,0,N,0,0,0
D7651658,429752,435350,1,1795,1798,0,0,64,60,CCW,0,N,0,0,0
D7651658,429753,435351,1,1794,1798,0,0,64,60,CCW,0,N,0,0,0
D7651658,429754,435352,1,1795,1798,0,0,64,60,CCW,0,N,0,0,0
D7651658,429755,435353,1,1795,1798,0,0,64,60,CCW,0,N,0,0,0
D7651658,429756,435354,1,1797,1798,0,0,64,60,CCW,0,N,0,0,0
D7651658,429757,435355,1,1796,1798,0,0,64,60,CCW,0,N,0,0,0
D7651658,429758,435356,1,1796,1798,0,0,64,60,CCW,0,N,0,0,0
D7651658,429759,435357,1,1795,1798,0,0,64,60,CCW,0,N,0,0,0
D7651658,429760,435358,1,1795,1798,0,0,64,60,CCW,0,N,0,0,0
D7651658,429761,435359,1,1796,1798,0,0,64,60,CCW,0,N,0,0,0
D7651658,429762,435360,1,1795,1798,0,0,64,60,CCW,0,N,0,0,0
D7651658,429763,435361,1,1795,1798,0,0,64,60,CCW,0,N,0,0,0
D7651658,429764,435362,1,1795,1798,0,0,64,60,CCW,0,N,0,0,0
D7651658,429765,435363,1,1797,1798,0,0,64,60,CCW,0,N,0,0,0
D7651658,429766,435364,1,1797,1798,0,0,64,60,CCW,0,N,0,0,0
D7651658,429767,435365,1,1797,1798,0,0,64,60,CCW,0,N,0,0,0
D7651658,429768,435366,1,1798,1798,0,0,64,60,CCW,0,N,0,0,0
D7651658,429769,435367,1,1797,1798,0,0,64,60,CCW,0,N,0,0,0
D7651658,429770,435368,1,1796,1798,0,0,64,60,CCW,0,N,0,0,0
D7651658,429771,435369,1,1796,1798,0,0,64,60,CCW,0,N,0,0,0
D7651658,429772,435370,1,1795,1798,0,0,64,60,CCW,0,N,0,0,0
D7651658,429773,435371,1,1796,1798,0,0,64,60,CCW,0,N,0,0,0
D7651658,429774,435372,1,1806,1798,0,0,64,60,CCW,0,N,0,0,0
D7651658,429775,435373,1,1796,1798,0,0,64,60,CCW,0,N,0,0,0
D7651658,429776,435374,1,1796,1798,0,0,64,60,CCW,0,N,0,0,0
D7651658,429777,435375,1,1796,1798,0,0,64,60,CCW,0,N,0,0,0
D7651658,429778,435376,1,1797,1798,0,0,64,60,CCW,0,N,0,0,0
D7651658,429779,435377,1,1796,1798,0,0,64,60,CCW,0,N,0,0,0
D7651658,429780,435378,1,1797,1798,0,0,64,60,CCW,0,N,0,0,0
D7651658,429781,435379,1,1795,1798,0,0,64,60,CCW,0,N,0,0,0
D7651658,429782,435380,1,1795,1798,0,0,64,60,CCW,0,N,0,0,0
D7651658,429783,435381,1,1796,1798,0,0,64,60,CCW,0,N,0,0,0
D7651658,429784,435382,1,1797,1798,0,0,64,60,CCW,0,N,0,0,0
D7651658,429785,435383,1,1798,1798,0,0,64,60,CCW,0,N,0,0,0
D7651658,429786,435384,1,1796,1798,0,0,64,60,CCW,0,N,0,0,0
D7651658,429787,435385,1,1798,1798,0,0,64,60,CCW,0,N,0,0,0
D7651658,429788,435386,1,1795,1798,0,0,64,60,CCW,0,N,0,0,0
D7651658,429789,435387,1,1796,1798,0,0,64,60,CCW,0,N,0,0,0
D7651658,429790,435388,1,1797,1798,0,0,64,60,CCW,0,N,0,0,0
D7651658,429791,435389,1,1799,1798,0,0,64,60,CCW,0,N,0,0,0
D7651658,429792,435390,1,1796,1798,0,0,64,60,CCW,0,N,0,0,0
D7651658,429793,435391,1,1796,1798,0,0,64,60,CCW,0,N,0,0,0
D7651658,429794,435392,1,1796,1798,0,0,64,60,CCW,0,N,0,0,0
D7651658,429795,435393,1,1797,1798,0,0,64,60,CCW,0,N,0,0,0
D7651658,429796,435394,1,1796,1798,0,0,64,60,CCW,0,N,0,0,0
D7651658,429797,435395,1,1796,1798,0,0,64,60,CCW,0,N,0,0,0
D7651658,429798,435396,1,1796,1798,0,0,64,60,CCW,0,N,0,0,0
D7651658,429799,435397,1,1797,1798,0,0,64,60,CCW,0,N,0,0,0
D7651658,429800,435398,1,1797,1798,0,0,64,60,CCW,0,N,0,0,0
D7651658,429801,435399,1,1797,1798,0,0,64,60,CCW,0,N,0,0,0
D7651658,429802,435400,1,1796,1798,0,0,64,60,CCW,0,N,0,0,0
D7651658,429803,435401,1,1799,1798,0,0,64,60,CCW,0,N,0,0,0
D7651658,429804,435402,1,1795,1798,0,0,64,60,CCW,0,N,0,0,0
D7651658,429805,435403,1,1796,1798,0,0,64,60,CCW,0,N,0,0,0
D7651658,429806,435404,1,1798,1798,0,0,64,60,CCW,0,N,0,0,0
D7651658,429807,435405,1,1797,1798,0,0,64,60,CCW,0,N,0,0,0
D7651658,429808,435406,1,1796,1798,0,0,64,60,CCW,0,N,0,0,0
D7651658,429809,435407,1,1797,1798,0,0,64,60,CCW,0,N,0,0,0
D7651658,429810,435408,1,1797,1798,0,0,64,60,CCW,0,N,0,0,0
D7651658,429811,435409,1,1797,1798,0,0,64,60,CCW,0,N,0,0,0
D7651658,429812,435410,1,1797,1798,0,0,64,60,CCW,0,N,0,0,0
D7651658,429813,435411,1,1795,1798,0,0,64,60,CCW,0,N,0,0,0
D7651658,429814,435412,1,1796,1798,0,0,64,60,CCW,0,N,0,0,0
D7651658,429815,435413,1,1797,1798,0,0,64,60,CCW,0,N,0,0,0
D7651658,429816,435414,1,1796,1798,0,0,64,60,CCW,0,N,0,0,0
D7651658,429817,435415,1,1797,1798,0,0,64,60,CCW,0,N,0,0,0
D7651658,429818,435416,1,1799,1798,0,0,64,60,CCW,0,N,0,0,0
D7651658,429819,435417,1,1798,1798,0,0,64,60,CCW,0,N,0,0,0
D7651658,429820,435418,1,1796,1798,0,0,64,60,CCW,0,N,0,0,0
D7651658,429821,435419,1,1798,1798,0,0,64,60,CCW,0,N,0,0,0
D7651658,429822,435420,1,1798,1798,0,0,64,60,CCW,0,N,0,0,0
D7651658,429823,435421,1,1797,1798,0,0,64,60,CCW,0,N,0,0,0
D7651658,429824,435422,1,1796,1798,0,0,64,60,CCW,0,N,0,0,0
D7651658,429825,435423,1,1800,1798,0,0,64,60,CCW,0,N,0,0,0
D7651658,429826,435424,1,1798,1798,0,0,64,60,CCW,0,N,0,0,0
D7651658,429827,435425,1,1798,1798,0,0,64,60,CCW,0,N,0,0,0
D7651658,429828,435426,1,1797,1798,0,0,64,60,CCW,0,N,0,0,0
D7651658,429829,435427,1,1796,1798,0,0,64,60,CCW,0,N,0,0,0
D7651658,429830,435428,1,1796,1798,0,0,64,60,CCW,0,N,0,0,0
D7651658,429831,435429,1,1798,1798,0,0,64,60,CCW,0,N,0,0,0
D7651658,429832,435430,1,1797,1798,0,0,64,60,CCW,0,N,0,0,0
D7651658,429833,435431,1,1796,1798,0,0,64,60,CCW,0,N,0,0,0
D7651658,429834,435432,1,1796,1798,0,0,64,60,CCW,0,N,0,0,0
D7651658,429835,435433,1,1796,1798,0,0,64,60,CCW,0,N,0,0,0
D7651658,429836,435434,1,1797,1798,0,0,64,60,CCW,0,N,0,0,0
D7651658,429837,435435,1,1782,1798,0,0,64,60,CCW,0,N,0,0,0
D7651658,429838,435436,1,1797,1798,0,0,64,60,CCW,0,N,0,0,0
D7651658,429839,435437,1,1795,1798,0,0,64,60,CCW,0,N,0,0,0
D7651658,429840,435438,1,1797,1798,0,0,64,60,CCW,0,N,0,0,0
D7651658,429841,435439,1,1796,1798,0,0,64,60,CCW,0,N,0,0,0
D7651658,429842,435440,1,1797,1798,0,0,64,60,CCW,0,N,0,0,0
D7651658,429843,435441,1,1798,1798,0,0,64,60,CCW,0,N,0,0,0
D7651658,429844,435442,1,1797,1798,0,0,64,60,CCW,0,N,0,0,0
D7651658,429845,435443,1,1797,1798,0,0,64,60,CCW,0,N,0,0,0
D7651658,429846,435444,1,1794,1798,0,0,64,60,CCW,0,N,0,0,0
D7651658,429847,435445,1,1796,1798,0,0,64,60,CCW,0,N,0,0,0
D7651658,429848,435446,1,1797,1798,0,0,64,60,CCW,0,N,0,0,0
D7651658,429849,435447,1,1797,1798,0,0,64,60,CCW,0,N,0,0,0
D7651658,429850,435448,1,1795,1798,0,0,64,60,CCW,0,N,0,0,0
D7651658,429851,435449,1,1797,1798,0,0,64,60,CCW,0,N,0,0,0
D7651658,429852,435450,1,1796,1798,0,0,64,60,CCW,0,N,0,0,0
D7651658,429853,435451,1,1798,1798,0,0,64,60,CCW,0,N,0,0,0
D7651658,429854,435452,1,1797,1798,0,0,64,60,CCW,0,N,0,0,0
D7651658,429855,435453,1,1797,1798,0,0,64,60,CCW,0,N,0,0,0
D7651658,429856,435454,1,1798,1798,0,0,64,60,CCW,0,N,0,0,0
D7651658,429857,435455,1,1801,1798,0,0,64,60,CCW,0,N,0,0,0
D7651658,429858,435456,1,1797,1798,0,0,64,60,CCW,0,N,0,0,0
D7651658,429859,435457,1,1795,1798,0,0,64,60,CCW,0,N,0,0,0
D7651658,429860,435458,1,1797,1798,0,0,64,60,CCW,0,N,0,0,0
D7651658,429861,435459,1,1792,1798,0,0,64,60,CCW,0,N,0,0,0
D7651658,429862,435460,1,1796,1798,0,0,64,60,CCW,0,N,0,0,0
D7651658,429863,435461,1,1796,1798,0,0,64,60,CCW,0,N,0,0,0
D7651658,429864,435462,1,1798,1798,0,0,64,60,CCW,0,N,0,0,0
D7651658,429865,435463,1,1800,1798,0,0,64,60,CCW,0,N,0,0,0
D7651658,429866,435465,2,1797,1798,0,0,64,60,CCW,0,N,0,1,1
D7651658,429867,435466,1,1794,1798,0,0,64,60,CCW,0,N,0,0,0
D7651658,429868,435468,2,1795,1798,0,0,64,60,CCW,0,N,0,1,1
D7651658,429869,435469,1,1796,1798,0,0,64,60,CCW,0,N,0,0,0
D7651658,429870,435470,1,1798,1798,0,0,64,60,CCW,0,N,0,0,0
D7651658,429871,435471,1,1794,1798,0,0,64,60,CCW,0,N,0,0,0
D7651658,429872,435472,1,1797,1798,0,0,64,60,CCW,0,N,0,0,0
D7651658,429873,435473,1,1796,1798,0,0,63,60,CCW,0,N,0,0,0
D7651658,429874,435477,4,1793,1798,0,0,63,60,CCW,0,N,0,1,3
D7651658,429875,435478,1,1798,1798,0,0,63,60,CCW,0,N,0,0,0
D7651658,429876,435479,1,1798,1798,0,0,63,60,CCW,0,N,0,0,0
D7651658,429877,435480,1,1798,1798,0,0,63,60,CCW,0,N,0,0,0
D7651658,429878,435481,1,1800,1798,0,0,63,60,CCW,0,N,0,0,0
D7651658,429879,435482,1,1798,1798,0,0,63,60,CCW,0,N,0,0,0
D7651658,429880,435483,1,1800,1798,0,0,63,60,CCW,0,N,0,0,0
D7651658,429881,435484,1,1796,1798,0,0,63,60,CCW,0,N,0,0,0
D7651658,429882,435485,1,1797,1798,0,0,63,60,CCW,0,N,0,0,0
D7651658,429883,435486,1,1799,1798,0,0,63,60,CCW,0,N,0,0,0
D7651658,429884,435487,1,1798,1798,0,0,63,60,CCW,0,N,0,0,0
D7651658,429885,435488,1,1797,1798,0,0,63,60,CCW,0,N,0,0,0
D7651658,429886,435489,1,1798,1798,0,0,63,60,CCW,0,N,0,0,0
D7651658,429887,435490,1,1797,1798,0,0,63,60,CCW,0,N,0,0,0
D7651658,429888,435491,1,1797,1798,0,0,63,60,CCW,0,N,0,0,0
D7651658,429889,435492,1,1796,1798,0,0,63,60,CCW,0,N,0,0,0
D7651658,429890,435493,1,1798,1798,0,0,63,60,CCW,0,N,0,0,0
D7651658,429891,435494,1,1796,1798,0,0,63,60,CCW,0,N,0,0,0
D7651658,429892,435495,1,1797,1798,0,0,63,60,CCW,0,N,0,0,0
D7651658,429893,435496,1,1798,1798,0,0,63,60,CCW,0,N,0,0,0
D7651658,429894,435497,1,1796,1798,0,0,63,60,CCW,0,N,0,0,0
D7651658,429895,435498,1,1797,1798,0,0,63,60,CCW,0,N,0,0,0
D7651658,429896,435499,1,1798,1798,0,0,63,60,CCW,0,N,0,0,0
D7651658,429897,435500,1,1797,1798,0,0,63,60,CCW,0,N,0,0,0
D7651658,429898,435501,1,1793,1798,0,0,63,60,CCW,0,N,0,0,0
D7651658,429899,435502,1,1797,1798,0,0,63,60,CCW,0,N,0,0,0
D7651658,429900,435503,1,1798,1798,0,0,63,60,CCW,0,N,0,0,0
D7651658,429901,435504,1,1797,1798,0,0,63,60,CCW,0,N,0,0,0
D7651658,429902,435505,1,1799,1798,0,0,63,60,CCW,0,N,0,0,0
D7651658,429903,435506,1,1797,1798,0,0,63,60,CCW,0,N,0,0,0
D7651658,429904,435507,1,1797,1798,0,0,63,60,CCW,0,N,0,0,0
D7651658,429905,435508,1,1796,1798,0,0,63,60,CCW,0,N,0,0,0
D7651658,429906,435509,1,1807,1798,0,0,63,60,CCW,0,N,0,0,0
D7651658,429907,435510,1,1797,1798,0,0,63,60,CCW,0,N,0,0,0
D7651658,429908,435511,1,1797,1798,0,0,63,60,CCW,0,N,0,0,0
D7651658,429909,435512,1,1805,1798,0,0,63,60,CCW,0,N,0,0,0
D7651658,429910,435513,1,1798,1798,0,0,63,60,CCW,0,N,0,0,0
D7651658,429911,435514,1,1797,1798,0,0,63,60,CCW,0,N,0,0,0
D7651658,429912,435515,1,1797,1798,0,0,63,60,CCW,0,N,0,0,0
D7651658,429913,435516,1,1798,1798,0,0,63,60,CCW,0,N,0,0,0
D7651658,429914,435517,1,1797,1798,0,0,63,60,CCW,0,N,0,0,0
D7651658,429915,435518,1,1798,1798,0,0,63,60,CCW,0,N,0,0,0
D7651658,429916,435519,1,1798,1798,0,0,63,60,CCW,0,N,0,0,0
D7651658,429917,435520,1,1796,1798,0,0,63,60,CCW,0,N,0,0,0
D7651658,429918,435521,1,1798,1798,0,0,63,60,CCW,0,N,0,0,0
D7651658,429919,435522,1,1796,1798,0,0,63,60,CCW,0,N,0,0,0
D7651658,429920,435523,1,1799,1798,0,0,63,60,CCW,0,N,0,0,0
D7651658,429921,435524,1,1796,1798,0,0,63,60,CCW,0,N,0,0,0
D7651658,429922,435525,1,1798,1798,0,0,63,60,CCW,0,N,0,0,0
D7651658,429923,435526,1,1797,1798,0,0,63,60,CCW,0,N,0,0,0
D7651658,429924,435527,1,1798,1798,0,0,63,60,CCW,0,N,0,0,0
D7651658,429925,435528,1,1797,1798,0,0,63,60,CCW,0,N,0,0,0
D7651658,429926,435529,1,1796,1798,0,0,63,60,CCW,0,N,0,0,0
D7651658,429927,435530,1,1797,1798,0,0,63,60,CCW,0,N,0,0,0
D7651658,429928,435531,1,1797,1798,0,0,63,60,CCW,0,N,0,0,0
D7651658,429929,435532,1,1795,1798,0,0,63,60,CCW,0,N,0,0,0
D7651658,429930,435533,1,1797,1798,0,0,63,60,CCW,0,N,0,0,0
D7651658,429931,435534,1,1798,1798,0,0,63,60,CCW,0,N,0,0,0
D7651658,429932,435535,1,1798,1798,0,0,63,60,CCW,0,N,0,0,0
D7651658,429933,435536,1,1796,1798,0,0,63,60,CCW,0,N,0,0,0
D7651658,429934,435537,1,1797,1798,0,0,63,60,CCW,0,N,0,0,0
D7651658,429935,435538,1,1795,1798,0,0,63,60,CCW,0,N,0,0,0
D7651658,429936,435539,1,1799,1798,0,0,63,60,CCW,0,N,0,0,0
D7651658,429937,435540,1,1796,1798,0,0,63,60,CCW,0,N,0,0,0
D7651658,429938,435541,1,1797,1798,0,0,63,60,CCW,0,N,0,0,0
D7651658,429939,435542,1,1794,1798,0,0,63,60,CCW,0,N,0,0,0
D7651658,429940,435543,1,1799,1798,0,0,63,60,CCW,0,N,0,0,0
D7651658,429941,435544,1,1798,1798,0,0,63,60,CCW,0,N,0,0,0
D7651658,429942,435545,1,1797,1798,0,0,63,60,CCW,0,N,0,0,0
D7651658,429943,435546,1,1795,1798,0,0,63,60,CCW,0,N,0,0,0
D7651658,429944,435547,1,1798,1798,0,0,63,60,CCW,0,N,0,0,0
D7651658,429945,435548,1,1796,1798,0,0,63,60,CCW,0,N,0,0,0
D7651658,429946,435549,1,1798,1798,0,0,63,60,CCW,0,N,0,0,0
D7651658,429947,435550,1,1798,1798,0,0,63,60,CCW,0,N,0,0,0
D7651658,429948,435551,1,1797,1798,0,0,63,60,CCW,0,N,0,0,0
D7651658,429949,435552,1,1797,1798,0,0,63,60,CCW,0,N,0,0,0
D7651658,429950,435553,1,1794,1798,0,0,63,60,CCW,0,N,0,0,0
D7651658,429951,435554,1,1797,1798,0,0,63,60,CCW,0,N,0,0,0
D7651658,429952,435555,1,1797,1798,0,0,63,60,CCW,0,N,0,0,0
D7651658,429953,435556,1,1796,1798,0,0,63,60,CCW,0,N,0,0,0
D7651658,429954,435557,1,1794,1798,0,0,63,60,CCW,0,N,0,0,0
D7651658,429955,435558,1,1797,1798,0,0,63,60,CCW,0,N,0,0,0
D7651658,429956,435559,1,1798,1798,0,0,63,60,CCW,0,N,0,0,0
D7651658,429957,435560,1,1797,1798,0,0,63,60,CCW,0,N,0,0,0
D7651658,429958,435561,1,1798,1798,0,0,63,60,CCW,0,N,0,0,0
D7651658,429959,435562,1,1797,1798,0,0,63,60,CCW,0,N,0,0,0
D7651658,429960,435563,1,1796,1798,0,0,63,60,CCW,0,N,0,0,0
D7651658,429961,435564,1,1797,1798,0,0,63,60,CCW,0,N,0,0,0
D7651658,429962,435565,1,1798,1798,0,0,63,60,CCW,0,N,0,0,0
D7651658,429963,435566,1,1796,1798,0,0,63,60,CCW,0,N,0,0,0
D7651658,429964,435567,1,1796,1798,0,0,63,60,CCW,0,N,0,0,0
D7651658,429965,435568,1,1798,1798,0,0,63,60,CCW,0,N,0,0,0
D7651658,429966,435569,1,1799,1798,0,0,63,60,CCW,0,N,0,0,0
D7651658,429967,435570,1,1796,1798,0,0,63,60,CCW,0,N,0,0,0
D7651658,429968,435571,1,1797,1798,0,0,63,60,CCW,0,N,0,0,0
D7651658,429969,435572,1,1798,1798,0,0,63,60,CCW,0,N,0,0,0
D7651658,429970,435573,1,1796,1798,0,0,63,60,CCW,0,N,0,0,0
D7651658,429971,435574,1,1796,1798,0,0,63,60,CCW,0,N,0,0,0
D7651658,429972,435575,1,1797,1798,0,0,63,60,CCW,0,N,0,0,0
D7651658,429973,435576,1,1796,1798,0,0,63,60,CCW,0,N,0,0,0
D7651658,429974,435577,1,1798,1798,0,0,63,60,CCW,0,N,0,0,0
D7651658,429975,435578,1,1797,1798,0,0,63,60,CCW,0,N,0,0,0
D7651658,429976,435579,1,1798,1798,0,0,63,60,CCW,0,N,0,0,0
D7651658,429977,435580,1,1798,1798,0,0,63,60,CCW,0,N,0,0,0
D7651658,429978,435581,1,1800,1798,0,0,63,60,CCW,0,N,0,0,0
D7651658,429979,435582,1,1799,1798,0,0,63,60,CCW,0,N,0,0,0
D7651658,429980,435583,1,1798,1798,0,0,63,60,CCW,0,N,0,0,0
D7651658,429981,435584,1,1798,1798,0,0,63,60,CCW,0,N,0,0,0
D7651658,429982,435585,1,1800,1798,0,0,63,60,CCW,0,N,0,0,0
D7651658,429983,435586,1,1797,1798,0,0,63,60,CCW,0,N,0,0,0
D7651658,429984,435587,1,1797,1798,0,0,63,60,CCW,0,N,0,0,0
D7651658,429985,435588,1,1797,1798,0,0,63,60,CCW,0,N,0,0,0
D7651658,429986,435589,1,1798,1798,0,0,63,60,CCW,0,N,0,0,0
D7651658,429987,435590,1,1797,1798,0,0,63,60,CCW,0,N,0,0,0
D7651658,429988,435591,1,1797,1798,0,0,63,60,CCW,0,N,0,0,0
D7651658,429989,435592,1,1796,1798,0,0,63,60,CCW,0,N,0,0,0
D7651658,429990,435593,1,1797,1798,0,0,63,60,CCW,0,N,0,0,0
D7651658,429991,435594,1,1797,1798,0,0,63,60,CCW,0,N,0,0,0
D7651658,429992,435595,1,1798,1798,0,0,63,60,CCW,0,N,0,0,0
D7651658,429993,435596,1,1797,1798,0,0,63,60,CCW,0,N,0,0,0
D7651658,429994,435597,1,1796,1798,0,0,63,60,CCW,0,N,0,0,0
D7651658,429995,435598,1,1797,1798,0,0,63,60,CCW,0,N,0,0,0
D7651658,429996,435599,1,1797,1798,0,0,63,60,CCW,0,N,0,0,0
D7651658,429997,435600,1,1796,1798,0,0,63,60,CCW,0,N,0,0,0
D7651658,429998,435601,1,1796,1798,0,0,63,60,CCW,0,N,0,0,0
D7651658,429999,435602,1,1798,1798,0,0,63,60,CCW,0,N,0,0,0
D7651658,430000,435603,1,1799,1798,0,0,63,60,CCW,0,N,0,0,0
D7651658,430001,435604,1,1800,1798,0,0,63,60,CCW,0,N,0,0,0
D7651658,430002,435605,1,1797,1798,0,0,63,60,CCW,0,N,0,0,0
D7651658,430003,435606,1,1798,1798,0,0,63,60,CCW,0,N,0,0,0
D7651658,430004,435607,1,1797,1798,0,0,63,60,CCW,0,N,0,0,0
D7651658,430005,435608,1,1796,1798,0,0,63,60,CCW,0,N,0,0,0
D7651658,430006,435609,1,1806,1798,0,0,63,60,CCW,0,N,0,0,0
D7651658,430007,435610,1,1797,1798,0,0,63,60,CCW,0,N,0,0,0
D7651658,430008,435611,1,1798,1798,0,0,63,60,CCW,0,N,0,0,0
D7651658,430009,435612,1,1799,1798,0,0,63,60,CCW,0,N,0,0,0
D7651658,430010,435613,1,1797,1798,0,0,63,60,CCW,0,N,0,0,0
D7651658,430011,435614,1,1799,1798,0,0,63,60,CCW,0,N,0,0,0
D7651658,430012,435615,1,1797,1798,0,0,63,60,CCW,0,N,0,0,0
D7651658,430013,435616,1,1798,1798,0,0,63,60,CCW,0,N,0,0,0
D7651658,430014,435617,1,1796,1798,0,0,63,60,CCW,0,N,0,0,0
D7651658,430015,435618,1,1797,1798,0,0,63,60,CCW,0,N,0,0,0
D7651658,430016,435619,1,1796,1798,0,0,63,60,CCW,0,N,0,0,0
D7651658,430017,435620,1,1798,1798,0,0,63,60,CCW,0,N,0,0,0
D7651658,430018,435621,1,1799,1798,0,0,63,60,CCW,0,N,0,0,0
D7651658,430019,435622,1,1797,1798,0,0,63,60,CCW,0,N,0,0,0
D7651658,430020,435623,1,1797,1798,0,0,63,60,CCW,0,N,0,0,0
D7651658,430021,435624,1,1795,1798,0,0,63,60,CCW,0,N,0,0,0
D7651658,430022,435625,1,1796,1798,0,0,63,60,CCW,0,N,0,0,0
D7651658,430023,435626,1,1798,1798,0,0,63,60,CCW,0,N,0,0,0
D7651658,430024,435627,1,1797,1798,0,0,63,60,CCW,0,N,0,0,0
D7651658,430025,435628,1,1794,1798,0,0,63,60,CCW,0,N,0,0,0
D7651658,430026,435629,1,1795,1798,0,0,63,60,CCW,0,N,0,0,0
D7651658,430027,435630,1,1797,1798,0,0,63,60,CCW,0,N,0,0,0
D7651658,430028,435631,1,1795,1798,0,0,63,60,CCW,0,N,0,0,0
D7651658,430029,435632,1,1798,1798,0,0,63,60,CCW,0,N,0,0,0
D7651658,430030,435633,1,1797,1798,0,0,63,60,CCW,0,N,0,0,0
D7651658,430031,435634,1,1796,1798,0,0,63,60,CCW,0,N,0,0,0
D7651658,430032,435635,1,1796,1798,0,0,63,60,CCW,0,N,0,0,0
D7651658,430033,435636,1,1797,1798,0,0,63,60,CCW,0,N,0,0,0
D7651658,430034,435637,1,1798,1798,0,0,63,60,CCW,0,N,0,0,0
D7651658,430035,435638,1,1799,1798,0,0,63,60,CCW,0,N,0,0,0
D7651658,430036,435639,1,1797,1798,0,0,63,60,CCW,0,N,0,0,0
D7651658,430037,435640,1,1797,1798,0,0,63,60,CCW,0,N,0,0,0
D7651658,430038,435641,1,1801,1798,0,0,63,60,CCW,0,N,0,0,0
D7651658,430039,435642,1,1796,1798,0,0,63,60,CCW,0,N,0,0,0
D7651658,430040,435643,1,1793,1798,0,0,63,60,CCW,0,N,0,0,0
D7651658,430041,435644,1,1796,1798,0,0,63,60,CCW,0,N,0,0,0
D7651658,430042,435645,1,1797,1798,0,0,63,60,CCW,0,N,0,0,0
D7651658,430043,435646,1,1795,1798,0,0,63,60,CCW,0,N,0,0,0
D7651658,430044,435647,1,1799,1798,0,0,63,60,CCW,0,N,0,0,0
D7651658,430045,435648,1,1796,1798,0,0,63,60,CCW,0,N,0,0,0
D7651658,430046,435649,1,1798,1798,0,0,63,60,CCW,0,N,0,0,0
D7651658,430047,435650,1,1796,1798,0,0,63,60,CCW,0,N,0,0,0
D7651658,430048,435651,1,1797,1798,0,0,63,60,CCW,0,N,0,0,0
D7651658,430049,435652,1,1796,1798,0,0,63,60,CCW,0,N,0,0,0
D7651658,430050,435653,1,1787,1798,0,0,63,60,CCW,0,N,0,0,0
D7651658,430051,435654,1,1797,1798,0,0,63,60,CCW,0,N,0,0,0
D7651658,430052,435655,1,1798,1798,0,0,63,60,CCW,0,N,0,0,0
D7651658,430053,435656,1,1797,1798,0,0,63,60,CCW,0,N,0,0,0
D7651658,430054,435657,1,1796,1798,0,0,63,60,CCW,0,N,0,0,0
D7651658,430055,435658,1,1797,1798,0,0,63,60,CCW,0,N,0,0,0
D7651658,430056,435659,1,1798,1798,0,0,63,60,CCW,0,N,0,0,0
D7651658,430057,435660,1,1797,1798,0,0,63,60,CCW,0,N,0,0,0
D7651658,430058,435661,1,1795,1798,0,0,63,60,CCW,0,N,0,0,0
D7651658,430059,435662,1,1797,1798,0,0,63,60,CCW,0,N,0,0,0
D7651658,430060,435663,1,1802,1798,0,0,63,60,CCW,0,N,0,0,0
D7651658,430061,435664,1,1797,1798,0,0,63,60,CCW,0,N,0,0,0
D7651658,430062,435665,1,1797,1798,0,0,63,60,CCW,0,N,0,0,0
D7651658,430063,435666,1,1798,1798,0,0,63,60,CCW,0,N,0,0,0
D7651658,430064,435667,1,1798,1798,0,0,63,60,CCW,0,N,0,0,0
D7651658,430065,435668,1,1797,1798,0,0,63,60,CCW,0,N,0,0,0
D7651658,430066,435669,1,1797,1798,0,0,63,60,CCW,0,N,0,0,0
D7651658,430067,435670,1,1797,1798,0,0,63,60,CCW,0,N,0,0,0
D7651658,430068,435671,1,1796,1798,0,0,63,60,CCW,0,N,0,0,0
D7651658,430069,435673,2,1797,1798,0,0,63,60,CCW,0,N,0,1,1
D7651658,430070,435674,1,1797,1798,0,0,63,60,CCW,0,N,0,0,0
D7651658,430071,435675,1,1798,1798,0,0,63,60,CCW,0,N,0,0,0
D7651658,430072,435676,1,1797,1798,0,0,63,60,CCW,0,N,0,0,0
D7651658,430073,435677,1,1797,1798,0,0,63,60,CCW,0,N,0,0,0
D7651658,430074,435678,1,1795,1798,0,0,63,60,CCW,0,N,0,0,0
D7651658,430075,435679,1,1797,1798,0,0,63,60,CCW,0,N,0,0,0
D7651658,430076,435680,1,1797,1798,0,0,63,60,CCW,0,N,0,0,0
D7651658,430077,435681,1,1798,1798,0,0,63,60,CCW,0,N,0,0,0
D7651658,430078,435682,1,1800,1798,0,0,63,60,CCW,0,N,0,0,0
D7651658,430079,435683,1,1799,1798,0,0,63,60,CCW,0,N,0,0,0
D7651658,430080,435684,1,1797,1798,0,0,63,60,CCW,0,N,0,0,0
D7651658,430081,435685,1,1798,1798,0,0,63,60,CCW,0,N,0,0,0
D7651658,430082,435686,1,1797,1798,0,0,63,60,CCW,0,N,0,0,0
D7651658,430083,435687,1,1799,1798,0,0,63,60,CCW,0,N,0,0,0
D7651658,430084,435688,1,1797,1798,0,0,63,60,CCW,0,N,0,0,0
D7651658,430085,435689,1,1797,1798,0,0,63,60,CCW,0,N,0,0,0
D7651658,430086,435690,1,1797,1798,0,0,63,60,CCW,0,N,0,0,0
D7651658,430087,435691,1,1799,1798,0,0,63,60,CCW,0,N,0,0,0
D7651658,430088,435692,1,1798,1798,0,0,63,60,CCW,0,N,0,0,0
D7651658,430089,435693,1,1796,1798,0,0,63,60,CCW,0,N,0,0,0
D7651658,430090,435694,1,1799,1798,0,0,63,60,CCW,0,N,0,0,0
D7651658,430091,435695,1,1799,1798,0,0,63,60,CCW,0,N,0,0,0
D7651658,430092,435696,1,1798,1798,0,0,63,60,CCW,0,N,0,0,0
D7651658,430093,435697,1,1797,1798,0,0,63,60,CCW,0,N,0,0,0
D7651658,430094,435698,1,1797,1798,0,0,63,60,CCW,0,N,0,0,0
D7651658,430095,435699,1,1798,1798,0,0,63,60,CCW,0,N,0,0,0
D7651658,430096,435700,1,1797,1798,0,0,63,60,CCW,0,N,0,0,0
D7651658,430097,435701,1,1798,1798,0,0,63,60,CCW,0,N,0,0,0
D7651658,430098,435702,1,1799,1798,0,0,63,60,CCW,0,N,0,0,0
D7651658,430099,435703,1,1799,1798,0,0,63,60,CCW,0,N,0,0,0
D7651658,430100,435704,1,1797,1798,0,0,63,60,CCW,0,N,0,0,0
D7651658,430101,435705,1,1798,1798,0,0,63,60,CCW,0,N,0,0,0
D7651658,430102,435706,1,1798,1798,0,0,63,60,CCW,0,N,0,0,0
D7651658,430103,435707,1,1799,1798,0,0,63,60,CCW,0,N,0,0,0
D7651658,430104,435708,1,1798,1798,0,0,62,60,CCW,0,N,0,0,0
D7651658,430105,435709,1,1798,1798,0,0,62,60,CCW,0,N,0,0,0
D7651658,430106,435710,1,1799,1798,0,0,62,60,CCW,0,N,0,0,0
D7651658,430107,435711,1,1798,1798,0,0,62,60,CCW,0,N,0,0,0
D7651658,430108,435712,1,1800,1798,0,0,62,60,CCW,0,N,0,0,0
D7651658,430109,435713,1,1802,1798,0,0,62,60,CCW,0,N,0,0,0
D7651658,430110,435714,1,1799,1798,0,0,62,60,CCW,0,N,0,0,0
D7651658,430111,435715,1,1798,1798,0,0,62,60,CCW,0,N,0,0,0
D7651658,430112,435716,1,1798,1798,0,0,62,60,CCW,0,N,0,0,0
D7651658,430113,435717,1,1799,1798,0,0,62,60,CCW,0,N,0,0,0
D7651658,430114,435718,1,1798,1798,0,0,62,60,CCW,0,N,0,0,0
D7651658,430115,435719,1,1799,1798,0,0,62,60,CCW,0,N,0,0,0
D7651658,430116,435720,1,1798,1798,0,0,62,60,CCW,0,N,0,0,0
D7651658,430117,435721,1,1799,1798,0,0,62,60,CCW,0,N,0,0,0
D7651658,430118,435722,1,1797,1798,0,0,62,60,CCW,0,N,0,0,0
D7651658,430119,435723,1,1799,1798,0,0,62,60,CCW,0,N,0,0,0
D7651658,430120,435724,1,1799,1798,0,0,62,60,CCW,0,N,0,0,0
D7651658,430121,435725,1,1798,1798,0,0,62,60,CCW,0,N,0,0,0
D7651658,430122,435726,1,1798,1798,0,0,62,60,CCW,0,N,0,0,0
D7651658,430123,435727,1,1798,1798,0,0,62,60,CCW,0,N,0,0,0
D7651658,430124,435728,1,1797,1798,0,0,62,60,CCW,0,N,0,0,0
D7651658,430125,435729,1,1797,1798,0,0,62,60,CCW,0,N,0,0,0
D7651658,430126,435730,1,1799,1798,0,0,62,60,CCW,0,N,0,0,0
D7651658,430127,435731,1,1802,1798,0,0,62,60,CCW,0,N,0,0,0
D7651658,430128,435732,1,1798,1798,0,0,62,60,CCW,0,N,0,0,0
D7651658,430129,435733,1,1799,1798,0,0,62,60,CCW,0,N,0,0,0
D7651658,430130,435734,1,1804,1798,0,0,62,60,CCW,0,N,0,0,0
D7651658,430131,435735,1,1799,1798,0,0,62,60,CCW,0,N,0,0,0
D7651658,430132,435736,1,1798,1798,0,0,62,60,CCW,0,N,0,0,0
D7651658,430133,435737,1,1798,1798,0,0,62,60,CCW,0,N,0,0,0
D7651658,430134,435738,1,1797,1798,0,0,62,60,CCW,0,N,0,0,0
D7651658,430135,435739,1,1797,1798,0,0,62,60,CCW,0,N,0,0,0
D7651658,430136,435740,1,1798,1798,0,0,62,60,CCW,0,N,0,0,0
D7651658,430137,435741,1,1798,1798,0,0,62,60,CCW,0,N,0,0,0
D7651658,430138,435742,1,1798,1798,0,0,62,60,CCW,0,N,0,0,0
D7651658,430139,435743,1,1798,1798,0,0,62,60,CCW,0,N,0,0,0
D7651658,430140,435744,1,1798,1798,0,0,62,60,CCW,0,N,0,0,0
D7651658,430141,435745,1,1799,1798,0,0,62,60,CCW,0,N,0,0,0
D7651658,430142,435746,1,1798,1798,0,0,62,60,CCW,0,N,0,0,0
D7651658,430143,435747,1,1799,1798,0,0,62,60,CCW,0,N,0,0,0
D7651658,430144,435748,1,1799,1798,0,0,62,60,CCW,0,N,0,0,0
D7651658,430145,435749,1,1798,1798,0,0,62,60,CCW,0,N,0,0,0
D7651658,430146,435750,1,1798,1798,0,0,62,60,CCW,0,N,0,0,0
D7651658,430147,435751,1,1799,1798,0,0,62,60,CCW,0,N,0,0,0
D7651658,430148,435752,1,1798,1798,0,0,62,60,CCW,0,N,0,0,0
D7651658,430149,435753,1,1798,1798,0,0,62,60,CCW,0,N,0,0,0
D7651658,430150,435754,1,1799,1798,0,0,62,60,CCW,0,N,0,0,0
D7651658,430151,435755,1,1797,1798,0,0,62,60,CCW,0,N,0,0,0
D7651658,430152,435756,1,1797,1798,0,0,62,60,CCW,0,N,0,0,0
D7651658,430153,435757,1,1799,1798,0,0,62,60,CCW,0,N,0,0,0
D7651658,430154,435758,1,1799,1798,0,0,62,60,CCW,0,N,0,0,0
D7651658,430155,435759,1,1798,1798,0,0,62,60,CCW,0,N,0,0,0
D7651658,430156,435760,1,1796,1798,0,0,62,60,CCW,0,N,0,0,0
D7651658,430157,435761,1,1792,1798,0,0,62,60,CCW,0,N,0,0,0
D7651658,430158,435762,1,1797,1798,0,0,62,60,CCW,0,N,0,0,0
D7651658,430159,435763,1,1798,1798,0,0,62,60,CCW,0,N,0,0,0
D7651658,430160,435764,1,1797,1798,0,0,62,60,CCW,0,N,0,0,0
D7651658,430161,435765,1,1798,1798,0,0,62,60,CCW,0,N,0,0,0
D7651658,430162,435766,1,1797,1798,0,0,62,60,CCW,0,N,0,0,0
D7651658,430163,435767,1,1798,1798,0,0,62,60,CCW,0,N,0,0,0
D7651658,430164,435768,1,1797,1798,0,0,62,60,CCW,0,N,0,0,0
D7651658,430165,435769,1,1794,1798,0,0,62,60,CCW,0,N,0,0,0
D7651658,430166,435770,1,1797,1798,0,0,62,60,CCW,0,N,0,0,0
D7651658,430167,435771,1,1798,1798,0,0,62,60,CCW,0,N,0,0,0
D7651658,430168,435772,1,1797,1798,0,0,62,60,CCW,0,N,0,0,0
D7651658,430169,435773,1,1799,1798,0,0,62,60,CCW,0,N,0,0,0
D7651658,430170,435775,2,1796,1798,0,0,62,60,CCW,0,N,0,1,1
D7651658,430171,435776,1,1797,1798,0,0,62,60,CCW,0,N,0,0,0
D7651658,430172,435777,1,1796,1798,0,0,62,60,CCW,0,N,0,0,0
D7651658,430173,435778,1,1797,1798,0,0,62,60,CCW,0,N,0,0,0
D7651658,430174,435779,1,1799,1798,0,0,62,60,CCW,0,N,0,0,0
D7651658,430175,435780,1,1796,1798,0,0,62,60,CCW,0,N,0,0,0
D7651658,430176,435781,1,1797,1798,0,0,62,60,CCW,0,N,0,0,0
D7651658,430177,435782,1,1799,1798,0,0,62,60,CCW,0,N,0,0,0
D7651658,430178,435783,1,1798,1798,0,0,62,60,CCW,0,N,0,0,0
D7651658,430179,435784,1,1798,1798,0,0,62,60,CCW,0,N,0,0,0
D7651658,430180,435785,1,1798,1798,0,0,62,60,CCW,0,N,0,0,0
D7651658,430181,435786,1,1798,1798,0,0,62,60,CCW,0,N,0,0,0
D7651658,430182,435787,1,1797,1798,0,0,62,60,CCW,0,N,0,0,0
D7651658,430183,435788,1,1798,1798,0,0,62,60,CCW,0,N,0,0,0
D7651658,430184,435789,1,1797,1798,0,0,62,60,CCW,0,N,0,0,0
D7651658,430185,435790,1,1799,1798,0,0,62,60,CCW,0,N,0,0,0
D7651658,430186,435791,1,1799,1798,0,0,62,60,CCW,0,N,0,0,0
D7651658,430187,435792,1,1798,1798,0,0,62,60,CCW,0,N,0,0,0
D7651658,430188,435793,1,1798,1798,0,0,62,60,CCW,0,N,0,0,0
D7651658,430189,435794,1,1799,1798,0,0,62,60,CCW,0,N,0,0,0
D7651658,430190,435795,1,1797,1798,0,0,62,60,CCW,0,N,0,0,0
D7651658,430191,435796,1,1799,1798,0,0,62,60,CCW,0,N,0,0,0
D7651658,430192,435797,1,1799,1798,0,0,62,60,CCW,0,N,0,0,0
D7651658,430193,435798,1,1798,1798,0,0,62,60,CCW,0,N,0,0,0
D7651658,430194,435799,1,1797,1798,0,0,62,60,CCW,0,N,0,0,0
D7651658,430195,435800,1,1798,1798,0,0,62,60,CCW,0,N,0,0,0
D7651658,430196,435801,1,1798,1798,0,0,62,60,CCW,0,N,0,0,0
D7651658,430197,435802,1,1797,1798,0,0,62,60,CCW,0,N,0,0,0
D7651658,430198,435803,1,1799,1798,0,0,62,60,CCW,0,N,0,0,0
D7651658,430199,435804,1,1799,1798,0,0,62,60,CCW,0,N,0,0,0
D7651658,430200,435805,1,1800,1798,0,0,62,60,CCW,0,N,0,0,0
D7651658,430201,435806,1,1798,1798,0,0,62,60,CCW,0,N,0,0,0
D7651658,430202,435807,1,1796,1798,0,0,62,60,CCW,0,N,0,0,0
D7651658,430203,435808,1,1800,1798,0,0,62,60,CCW,0,N,0,0,0
D7651658,430204,435809,1,1799,1798,0,0,62,60,CCW,0,N,0,0,0
D7651658,430205,435810,1,1799,1798,0,0,62,60,CCW,0,N,0,0,0
D7651658,430206,435811,1,1798,1798,0,0,62,60,CCW,0,N,0,0,0
D7651658,430207,435812,1,1800,1798,0,0,62,60,CCW,0,N,0,0,0
D7651658,430208,435813,1,1797,1798,0,0,62,60,CCW,0,N,0,0,0
D7651658,430209,435814,1,1797,1798,0,0,62,60,CCW,0,N,0,0,0
D7651658,430210,435815,1,1797,1798,0,0,62,60,CCW,0,N,0,0,0
D7651658,430211,435816,1,1798,1798,0,0,62,60,CCW,0,N,0,0,0
D7651658,430212,435817,1,1799,1798,0,0,62,60,CCW,0,N,0,0,0
D7651658,430213,435818,1,1797,1798,0,0,62,60,CCW,0,N,0,0,0
D7651658,430214,435819,1,1799,1798,0,0,62,60,CCW,0,N,0,0,0
D7651658,430215,435820,1,1799,1798,0,0,62,60,CCW,0,N,0,0,0
D7651658,430216,435821,1,1797,1798,0,0,62,60,CCW,0,N,0,0,0
D7651658,430217,435822,1,1798,1798,0,0,62,60,CCW,0,N,0,0,0
D7651658,430218,435823,1,1797,1798,0,0,62,60,CCW,0,N,0,0,0
D7651658,430219,435824,1,1800,1798,0,0,62,60,CCW,0,N,0,0,0
D7651658,430220,435825,1,1799,1798,0,0,62,60,CCW,0,N,0,0,0
D7651658,430221,435826,1,1797,1798,0,0,62,60,CCW,0,N,0,0,0
D7651658,430222,435827,1,1798,1798,0,0,62,60,CCW,0,N,0,0,0
D7651658,430223,435828,1,1797,1798,0,0,62,60,CCW,0,N,0,0,0
D7651658,430224,435829,1,1798,1798,0,0,62,60,CCW,0,N,0,0,0
D7651658,430225,435830,1,1796,1798,0,0,62,60,CCW,0,N,0,0,0
D7651658,430226,435831,1,1800,1798,0,0,62,60,CCW,0,N,0,0,0
D7651658,430227,435832,1,1801,1798,0,0,62,60,CCW,0,N,0,0,0
D7651658,430228,435833,1,1797,1798,0,0,62,60,CCW,0,N,0,0,0
D7651658,430229,435834,1,1798,1798,0,0,62,60,CCW,0,N,0,0,0
D7651658,430230,435835,1,1797,1798,0,0,62,60,CCW,0,N,0,0,0
D7651658,430231,435836,1,1796,1798,0,0,62,60,CCW,0,N,0,0,0
D7651658,430232,435837,1,1800,1798,0,0,62,60,CCW,0,N,0,0,0
D7651658,430233,435838,1,1797,1798,0,0,62,60,CCW,0,N,0,0,0
D7651658,430234,435839,1,1798,1798,0,0,62,60,CCW,0,N,0,0,0
D7651658,430235,435840,1,1798,1798,0,0,62,60,CCW,0,N,0,0,0
D7651658,430236,435841,1,1800,1798,0,0,62,60,CCW,0,N,0,0,0
D7651658,430237,435842,1,1798,1798,0,0,62,60,CCW,0,N,0,0,0
D7651658,430238,435843,1,1798,1798,0,0,62,60,CCW,0,N,0,0,0
D7651658,430239,435844,1,1797,1798,0,0,62,60,CCW,0,N,0,0,0
D7651658,430240,435845,1,1797,1798,0,0,62,60,CCW,0,N,0,0,0
D7651658,430241,435846,1,1798,1798,0,0,62,60,CCW,0,N,0,0,0
D7651658,430242,435847,1,1798,1798,0,0,62,60,CCW,0,N,0,0,0
D7651658,430243,435848,1,1794,1798,0,0,62,60,CCW,0,N,0,0,0
D7651658,430244,435849,1,1798,1798,0,0,62,60,CCW,0,N,0,0,0
D7651658,430245,435850,1,1798,1798,0,0,62,60,CCW,0,N,0,0,0
D7651658,430246,435851,1,1798,1798,0,0,62,60,CCW,0,N,0,0,0
D7651658,430247,435852,1,1797,1798,0,0,62,60,CCW,0,N,0,0,0
D7651658,430248,435853,1,1798,1798,0,0,62,60,CCW,0,N,0,0,0
D7651658,430249,435854,1,1796,1798,0,0,62,60,CCW,0,N,0,0,0
D7651658,430250,435855,1,1799,1798,0,0,62,60,CCW,0,N,0,0,0
D7651658,430251,435856,1,1798,1798,0,0,62,60,CCW,0,N,0,0,0
D7651658,430252,435857,1,1798,1798,0,0,62,60,CCW,0,N,0,0,0
D7651658,430253,435858,1,1802,1798,0,0,62,60,CCW,0,N,0,0,0
D7651658,430254,435859,1,1800,1798,0,0,62,60,CCW,0,N,0,0,0
D7651658,430255,435860,1,1798,1798,0,0,62,60,CCW,0,N,0,0,0
D7651658,430256,435861,1,1798,1798,0,0,62,60,CCW,0,N,0,0,0
D7651658,430257,435862,1,1799,1798,0,0,62,60,CCW,0,N,0,0,0
D7651658,430258,435863,1,1798,1798,0,0,62,60,CCW,0,N,0,0,0
D7651658,430259,435864,1,1796,1798,0,0,62,60,CCW,0,N,0,0,0
D7651658,430260,435865,1,1799,1798,0,0,62,60,CCW,0,N,0,0,0
D7651658,430261,435866,1,1798,1798,0,0,62,60,CCW,0,N,0,0,0
D7651658,430262,435867,1,1799,1798,0,0,62,60,CCW,0,N,0,0,0
D7651658,430263,435868,1,1797,1798,0,0,62,60,CCW,0,N,0,0,0
D7651658,430264,435869,1,1798,1798,0,0,62,60,CCW,0,N,0,0,0
D7651658,430265,435870,1,1800,1798,0,0,62,60,CCW,0,N,0,0,0
D7651658,430266,435871,1,1797,1798,0,0,62,60,CCW,0,N,0,0,0
D7651658,430267,435872,1,1798,1798,0,0,62,60,CCW,0,N,0,0,0
D7651658,430268,435873,1,1795,1798,0,0,62,60,CCW,0,N,0,0,0
D7651658,430269,435874,1,1797,1798,0,0,62,60,CCW,0,N,0,0,0
D7651658,430270,435875,1,1797,1798,0,0,62,60,CCW,0,N,0,0,0
D7651658,430271,435876,1,1798,1798,0,0,62,60,CCW,0,N,0,0,0
D7651658,430272,435877,1,1799,1798,0,0,62,60,CCW,0,N,0,0,0
D7651658,430273,435878,1,1797,1798,0,0,62,60,CCW,0,N,0,0,0
D7651658,430274,435879,1,1799,1798,0,0,62,60,CCW,0,N,0,0,0
D7651658,430275,435880,1,1798,1798,0,0,62,60,CCW,0,N,0,0,0
D7651658,430276,435881,1,1798,1798,0,0,62,60,CCW,0,N,0,0,0
D7651658,430277,435882,1,1798,1798,0,0,62,60,CCW,0,N,0,0,0
D7651658,430278,435883,1,1798,1798,0,0,62,60,CCW,0,N,0,0,0
D7651658,430279,435884,1,1799,1798,0,0,62,60,CCW,0,N,0,0,0
D7651658,430280,435885,1,1798,1798,0,0,62,60,CCW,0,N,0,0,0
D7651658,430281,435886,1,1797,1798,0,0,62,60,CCW,0,N,0,0,0
D7651658,430282,435887,1,1798,1798,0,0,62,60,CCW,0,N,0,0,0
D7651658,430283,435888,1,1799,1798,0,0,62,60,CCW,0,N,0,0,0
D7651658,430284,435889,1,1798,1798,0,0,62,60,CCW,0,N,0,0,0
D7651658,430285,435890,1,1798,1798,0,0,62,60,CCW,0,N,0,0,0
D7651658,430286,435891,1,1796,1798,0,0,62,60,CCW,0,N,0,0,0
D7651658,430287,435892,1,1796,1798,0,0,62,60,CCW,0,N,0,0,0
D7651658,430288,435893,1,1799,1798,0,0,62,60,CCW,0,N,0,0,0
D7651658,430289,435894,1,1797,1798,0,0,62,60,CCW,0,N,0,0,0
D7651658,430290,435895,1,1795,1798,0,0,62,60,CCW,0,N,0,0,0
D7651658,430291,435896,1,1798,1798,0,0,62,60,CCW,0,N,0,0,0
D7651658,430292,435897,1,1797,1798,0,0,62,60,CCW,0,N,0,0,0
D7651658,430293,435898,1,1797,1798,0,0,62,60,CCW,0,N,0,0,0
D7651658,430294,435899,1,1799,1798,0,0,62,60,CCW,0,N,0,0,0
D7651658,430295,435900,1,1800,1798,0,0,62,60,CCW,0,N,0,0,0
D7651658,430296,435901,1,1799,1798,0,0,62,60,CCW,0,N,0,0,0
D7651658,430297,435902,1,1799,1798,0,0,62,60,CCW,0,N,0,0,0
D7651658,430298,435903,1,1799,1798,0,0,62,60,CCW,0,N,0,0,0
D7651658,430299,435904,1,1799,1798,0,0,62,60,CCW,0,N,0,0,0
D7651658,430300,435905,1,1799,1798,0,0,62,60,CCW,0,N,0,0,0
D7651658,430301,435906,1,1798,1798,0,0,62,60,CCW,0,N,0,0,0
D7651658,430302,435907,1,1797,1798,0,0,62,60,CCW,0,N,0,0,0
D7651658,430303,435908,1,1798,1798,0,0,62,60,CCW,0,N,0,0,0
D7651658,430304,435909,1,1798,1798,0,0,62,60,CCW,0,N,0,0,0
D7651658,430305,435910,1,1797,1798,0,0,62,60,CCW,0,N,0,0,0
D7651658,430306,435911,1,1801,1798,0,0,62,60,CCW,0,N,0,0,0
D7651658,430307,435912,1,1798,1798,0,0,62,60,CCW,0,N,0,0,0
D7651658,430308,435913,1,1798,1798,0,0,62,60,CCW,0,N,0,0,0
D7651658,430309,435914,1,1799,1798,0,0,62,60,CCW,0,N,0,0,0
D7651658,430310,435915,1,1798,1798,0,0,62,60,CCW,0,N,0,0,0
D7651658,430311,435916,1,1797,1798,0,0,62,60,CCW,0,N,0,0,0
D7651658,430312,435917,1,1798,1798,0,0,62,60,CCW,0,N,0,0,0
D7651658,430313,435918,1,1798,1798,0,0,62,60,CCW,0,N,0,0,0
D7651658,430314,435919,1,1799,1798,0,0,62,60,CCW,0,N,0,0,0
D7651658,430315,435920,1,1797,1798,0,0,62,60,CCW,0,N,0,0,0
D7651658,430316,435921,1,1797,1798,0,0,62,60,CCW,0,N,0,0,0
D7651658,430317,435922,1,1798,1798,0,0,62,60,CCW,0,N,0,0,0
D7651658,430318,435923,1,1798,1798,0,0,62,60,CCW,0,N,0,0,0
D7651658,430319,435924,1,1798,1798,0,0,62,60,CCW,0,N,0,0,0
D7651658,430320,435925,1,1799,1798,0,0,62,60,CCW,0,N,0,0,0
D7651658,430321,435926,1,1797,1798,0,0,62,60,CCW,0,N,0,0,0
D7651658,430322,435927,1,1798,1798,0,0,62,60,CCW,0,N,0,0,0
D7651658,430323,435928,1,1800,1798,0,0,62,60,CCW,0,N,0,0,0
D7651658,430324,435929,1,1795,1798,0,0,62,60,CCW,0,N,0,0,0
D7651658,430325,435930,1,1799,1798,0,0,62,60,CCW,0,N,0,0,0
D7651658,430326,435931,1,1797,1798,0,0,62,60,CCW,0,N,0,0,0
D7651658,430327,435932,1,1798,1798,0,0,62,60,CCW,0,N,0,0,0
D7651658,430328,435933,1,1798,1798,0,0,62,60,CCW,0,N,0,0,0
D7651658,430329,435934,1,1797,1798,0,0,62,60,CCW,0,N,0,0,0
D7651658,430330,435935,1,1799,1798,0,0,62,60,CCW,0,N,0,0,0
D7651658,430331,435936,1,1798,1798,0,0,62,60,CCW,0,N,0,0,0
D7651658,430332,435937,1,1797,1798,0,0,62,60,CCW,0,N,0,0,0
D7651658,430333,435938,1,1798,1798,0,0,62,60,CCW,0,N,0,0,0
D7651658,430334,435939,1,1799,1798,0,0,62,60,CCW,0,N,0,0,0
D7651658,430335,435940,1,1797,1798,0,0,62,60,CCW,0,N,0,0,0
D7651658,430336,435941,1,1796,1798,0,0,62,60,CCW,0,N,0,0,0
D7651658,430337,435942,1,1797,1798,0,0,62,60,CCW,0,N,0,0,0
D7651658,430338,435943,1,1798,1798,0,0,62,60,CCW,0,N,0,0,0
D7651658,430339,435944,1,1798,1798,0,0,62,60,CCW,0,N,0,0,0
D7651658,430340,435945,1,1798,1798,0,0,62,60,CCW,0,N,0,0,0
D7651658,430341,435946,1,1799,1798,0,0,62,60,CCW,0,N,0,0,0
D7651658,430342,435947,1,1798,1798,0,0,62,60,CCW,0,N,0,0,0
D7651658,430343,435948,1,1798,1798,0,0,62,60,CCW,0,N,0,0,0
D7651658,430344,435949,1,1794,1798,0,0,62,60,CCW,0,N,0,0,0
D7651658,430345,435950,1,1799,1798,0,0,62,60,CCW,0,N,0,0,0
D7651658,430346,435951,1,1800,1798,0,0,62,60,CCW,0,N,0,0,0
D7651658,430347,435952,1,1799,1798,0,0,62,60,CCW,0,N,0,0,0
D7651658,430348,435953,1,1797,1798,0,0,62,60,CCW,0,N,0,0,0
D7651658,430349,435954,1,1798,1798,0,0,62,60,CCW,0,N,0,0,0
D7651658,430350,435955,1,1797,1798,0,0,62,60,CCW,0,N,0,0,0
D7651658,430351,435956,1,1799,1798,0,0,62,60,CCW,0,N,0,0,0
D7651658,430352,435957,1,1798,1798,0,0,62,60,CCW,0,N,0,0,0
D7651658,430353,435958,1,1798,1798,0,0,62,60,CCW,0,N,0,0,0
D7651658,430354,435959,1,1799,1798,0,0,62,60,CCW,0,N,0,0,0
D7651658,430355,435960,1,1801,1798,0,0,62,60,CCW,0,N,0,0,0
D7651658,430356,435961,1,1798,1798,0,0,62,60,CCW,0,N,0,0,0
D7651658,430357,435962,1,1799,1798,0,0,62,60,CCW,0,N,0,0,0
D7651658,430358,435963,1,1799,1798,0,0,62,60,CCW,0,N,0,0,0
D7651658,430359,435964,1,1797,1798,0,0,62,60,CCW,0,N,0,0,0
D7651658,430360,435965,1,1798,1798,0,0,62,60,CCW,0,N,0,0,0
D7651658,430361,435966,1,1799,1798,0,0,62,60,CCW,0,N,0,0,0
D7651658,430362,435967,1,1802,1798,0,0,62,60,CCW,0,N,0,0,0
D7651658,430363,435968,1,1799,1798,0,0,62,60,CCW,0,N,0,0,0
D7651658,430364,435969,1,1799,1798,0,0,62,60,CCW,0,N,0,0,0
D7651658,430365,435970,1,1798,1798,0,0,62,60,CCW,0,N,0,0,0
D7651658,430366,435971,1,1798,1798,0,0,62,60,CCW,0,N,0,0,0
D7651658,430367,435972,1,1797,1798,0,0,62,60,CCW,0,N,0,0,0
D7651658,430368,435973,1,1798,1798,0,0,62,60,CCW,0,N,0,0,0
D7651658,430369,435974,1,1797,1798,0,0,62,60,CCW,0,N,0,0,0
D7651658,430370,435975,1,1798,1798,0,0,62,60,CCW,0,N,0,0,0
D7651658,430371,435976,1,1799,1798,0,0,62,60,CCW,0,N,0,0,0
D7651658,430372,435977,1,1797,1798,0,0,62,60,CCW,0,N,0,0,0
D7651658,430373,435978,1,1798,1798,0,0,62,60,CCW,0,N,0,0,0
D7651658,430374,435979,1,1800,1798,0,0,62,60,CCW,0,N,0,0,0
D7651658,430375,435980,1,1798,1798,0,0,62,60,CCW,0,N,0,0,0
D7651658,430376,435981,1,1798,1798,0,0,62,60,CCW,0,N,0,0,0
D7651658,430377,435982,1,1800,1798,0,0,62,60,CCW,0,N,0,0,0
D7651658,430378,435983,1,1798,1798,0,0,62,60,CCW,0,N,0,0,0
D7651658,430379,435984,1,1798,1798,0,0,62,60,CCW,0,N,0,0,0
D7651658,430380,435985,1,1798,1798,0,0,62,60,CCW,0,N,0,0,0
D7651658,430381,435986,1,1798,1798,0,0,62,60,CCW,0,N,0,0,0
D7651658,430382,435987,1,1798,1798,0,0,62,60,CCW,0,N,0,0,0
D7651658,430383,435988,1,1797,1798,0,0,62,60,CCW,0,N,0,0,0
D7651658,430384,435989,1,1798,1798,0,0,62,60,CCW,0,N,0,0,0
D7651658,430385,435990,1,1798,1798,0,0,62,60,CCW,0,N,0,0,0
D7651658,430386,435991,1,1799,1798,0,0,62,60,CCW,0,N,0,0,0
D7651658,430387,435992,1,1799,1798,0,0,62,60,CCW,0,N,0,0,0
D7651658,430388,435993,1,1801,1798,0,0,62,60,CCW,0,N,0,0,0
D7651658,430389,435994,1,1799,1798,0,0,62,60,CCW,0,N,0,0,0
D7651658,430390,435995,1,1796,1798,0,0,62,60,CCW,0,N,0,0,0
D7651658,430391,435996,1,1798,1798,0,0,62,60,CCW,0,N,0,0,0
D7651658,430392,435997,1,1797,1798,0,0,62,60,CCW,0,N,0,0,0
D7651658,430393,435998,1,1798,1798,0,0,62,60,CCW,0,N,0,0,0
D7651658,430394,435999,1,1798,1798,0,0,62,60,CCW,0,N,0,0,0
D7651658,430395,436000,1,1798,1798,0,0,62,60,CCW,0,N,0,0,0
D7651658,430396,436001,1,1797,1798,0,0,62,60,CCW,0,N,0,0,0
D7651658,430397,436002,1,1797,1798,0,0,62,60,CCW,0,N,0,0,0
D7651658,430398,436003,1,1799,1798,0,0,62,60,CCW,0,N,0,0,0
D7651658,430399,436004,1,1799,1798,0,0,62,60,CCW,0,N,0,0,0
D7651658,430400,436005,1,1798,1798,0,0,62,60,CCW,0,N,0,0,0
D7651658,430401,436006,1,1799,1798,0,0,62,60,CCW,0,N,0,0,0
D7651658,430402,436007,1,1798,1798,0,0,62,60,CCW,0,N,0,0,0
D7651658,430403,436008,1,1801,1798,0,0,62,60,CCW,0,N,0,0,0
D7651658,430404,436009,1,1797,1798,0,0,62,60,CCW,0,N,0,0,0
D7651658,430405,436010,1,1794,1798,0,0,62,60,CCW,0,N,0,0,0
D7651658,430406,436011,1,1799,1798,0,0,62,60,CCW,0,N,0,0,0
D7651658,430407,436012,1,1802,1798,0,0,62,60,CCW,0,N,0,0,0
D7651658,430408,436013,1,1798,1798,0,0,62,60,CCW,0,N,0,0,0
D7651658,430409,436014,1,1798,1798,0,0,62,60,CCW,0,N,0,0,0
D7651658,430410,436015,1,1798,1798,0,0,62,60,CCW,0,N,0,0,0
D7651658,430411,436016,1,1799,1798,0,0,62,60,CCW,0,N,0,0,0
D7651658,430412,436017,1,1796,1798,0,0,62,60,CCW,0,N,0,0,0
D7651658,430413,436018,1,1798,1798,0,0,62,60,CCW,0,N,0,0,0
D7651658,430414,436019,1,1796,1798,0,0,62,60,CCW,0,N,0,0,0
D7651658,430415,436020,1,1798,1798,0,0,62,60,CCW,0,N,0,0,0
D7651658,430416,436021,1,1798,1798,0,0,62,60,CCW,0,N,0,0,0
D7651658,430417,436022,1,1800,1798,0,0,62,60,CCW,0,N,0,0,0
D7651658,430418,436023,1,1797,1798,0,0,62,60,CCW,0,N,0,0,0
D7651658,430419,436024,1,1799,1798,0,0,62,60,CCW,0,N,0,0,0
D7651658,430420,436025,1,1798,1798,0,0,62,60,CCW,0,N,0,0,0
D7651658,430421,436026,1,1799,1798,0,0,62,60,CCW,0,N,0,0,0
D7651658,430422,436027,1,1797,1798,0,0,62,60,CCW,0,N,0,0,0
D7651658,430423,436028,1,1799,1798,0,0,62,60,CCW,0,N,0,0,0
D7651658,430424,436029,1,1798,1798,0,0,62,60,CCW,0,N,0,0,0
D7651658,430425,436030,1,1794,1798,0,0,62,60,CCW,0,N,0,0,0
D7651658,430426,436031,1,1798,1798,0,0,62,60,CCW,0,N,0,0,0
D7651658,430427,436032,1,1799,1798,0,0,62,60,CCW,0,N,0,0,0
D7651658,430428,436033,1,1797,1798,0,0,62,60,CCW,0,N,0,0,0
D7651658,430429,436034,1,1799,1798,0,0,62,60,CCW,0,N,0,0,0
D7651658,430430,436035,1,1799,1798,0,0,62,60,CCW,0,N,0,0,0
D7651658,430431,436036,1,1796,1798,0,0,62,60,CCW,0,N,0,0,0
D7651658,430432,436037,1,1798,1798,0,0,62,60,CCW,0,N,0,0,0
D7651658,430433,436038,1,1795,1798,0,0,62,60,CCW,0,N,0,0,0
D7651658,430434,436039,1,1797,1798,0,0,62,60,CCW,0,N,0,0,0
D7651658,430435,436040,1,1797,1798,0,0,62,60,CCW,0,N,0,0,0
D7651658,430436,436041,1,1800,1798,0,0,62,60,CCW,0,N,0,0,0
D7651658,430437,436042,1,1800,1798,0,0,62,60,CCW,0,N,0,0,0
D7651658,430438,436043,1,1799,1798,0,0,62,60,CCW,0,N,0,0,0
D7651658,430439,436044,1,1798,1798,0,0,62,60,CCW,0,N,0,0,0
D7651658,430440,436045,1,1798,1798,0,0,62,60,CCW,0,N,0,0,0
D7651658,430441,436046,1,1799,1798,0,0,62,60,CCW,0,N,0,0,0
D7651658,430442,436047,1,1798,1798,0,0,62,60,CCW,0,N,0,0,0
D7651658,430443,436048,1,1798,1798,0,0,62,60,CCW,0,N,0,0,0
D7651658,430444,436049,1,1800,1798,0,0,62,60,CCW,0,N,0,0,0
D7651658,430445,436050,1,1799,1798,0,0,62,60,CCW,0,N,0,0,0
D7651658,430446,436051,1,1797,1798,0,0,62,60,CCW,0,N,0,0,0
D7651658,430447,436052,1,1791,1798,0,0,62,60,CCW,0,N,0,0,0
D7651658,430448,436053,1,1797,1798,0,0,62,60,CCW,0,N,0,0,0
D7651658,430449,436054,1,1797,1798,0,0,62,60,CCW,0,N,0,0,0
D7651658,430450,436055,1,1798,1798,0,0,62,60,CCW,0,N,0,0,0
D7651658,430451,436056,1,1798,1798,0,0,62,60,CCW,0,N,0,0,0
D7651658,430452,436057,1,1798,1798,0,0,62,60,CCW,0,N,0,0,0
D7651658,430453,436058,1,1797,1798,0,0,61,60,CCW,0,N,0,0,0
D7651658,430454,436059,1,1798,1798,0,0,61,60,CCW,0,N,0,0,0
D7651658,430455,436060,1,1798,1798,0,0,61,60,CCW,0,N,0,0,0
D7651658,430456,436061,1,1798,1798,0,0,61,60,CCW,0,N,0,0,0
D7651658,430457,436062,1,1796,1798,0,0,61,60,CCW,0,N,0,0,0
D7651658,430458,436063,1,1797,1798,0,0,61,60,CCW,0,N,0,0,0
D7651658,430459,436064,1,1799,1798,0,0,61,60,CCW,0,N,0,0,0
D7651658,430460,436065,1,1798,1798,0,0,61,60,CCW,0,N,0,0,0
D7651658,430461,436066,1,1799,1798,0,0,61,60,CCW,0,N,0,0,0
D7651658,430462,436067,1,1799,1798,0,0,61,60,CCW,0,N,0,0,0
D7651658,430463,436068,1,1798,1798,0,0,61,60,CCW,0,N,0,0,0
D7651658,430464,436069,1,1798,1798,0,0,61,60,CCW,0,N,0,0,0
D7651658,430465,436070,1,1798,1798,0,0,61,60,CCW,0,N,0,0,0
D7651658,430466,436071,1,1798,1798,0,0,61,60,CCW,0,N,0,0,0
D7651658,430467,436072,1,1798,1798,0,0,61,60,CCW,0,N,0,0,0
D7651658,430468,436073,1,1801,1798,0,0,61,60,CCW,0,N,0,0,0
D7651658,430469,436074,1,1799,1798,0,0,61,60,CCW,0,N,0,0,0
D7651658,430470,436075,1,1801,1798,0,0,61,60,CCW,0,N,0,0,0
D7651658,430471,436076,1,1797,1798,0,0,61,60,CCW,0,N,0,0,0
D7651658,430472,436077,1,1798,1798,0,0,61,60,CCW,0,N,0,0,0
D7651658,430473,436078,1,1799,1798,0,0,61,60,CCW,0,N,0,0,0
D7651658,430474,436079,1,1798,1798,0,0,61,60,CCW,0,N,0,0,0
D7651658,430475,436080,1,1799,1798,0,0,61,60,CCW,0,N,0,0,0
D7651658,430476,436081,1,1798,1798,0,0,61,60,CCW,0,N,0,0,0
D7651658,430477,436082,1,1800,1798,0,0,61,60,CCW,0,N,0,0,0
D7651658,430478,436083,1,1798,1798,0,0,61,60,CCW,0,N,0,0,0
D7651658,430479,436084,1,1793,1798,0,0,61,60,CCW,0,N,0,0,0
D7651658,430480,436085,1,1798,1798,0,0,61,60,CCW,0,N,0,0,0
D7651658,430481,436086,1,1797,1798,0,0,61,60,CCW,0,N,0,0,0
D7651658,430482,436087,1,1798,1798,0,0,61,60,CCW,0,N,0,0,0
D7651658,430483,436088,1,1798,1798,0,0,61,60,CCW,0,N,0,0,0
D7651658,430484,436089,1,1797,1798,0,0,61,60,CCW,0,N,0,0,0
D7651658,430485,436090,1,1797,1798,0,0,61,60,CCW,0,N,0,0,0
D7651658,430486,436091,1,1799,1798,0,0,61,60,CCW,0,N,0,0,0
D7651658,430487,436092,1,1798,1798,0,0,61,60,CCW,0,N,0,0,0
D7651658,430488,436093,1,1798,1798,0,0,61,60,CCW,0,N,0,0,0
D7651658,430489,436094,1,1798,1798,0,0,61,60,CCW,0,N,0,0,0
D7651658,430490,436095,1,1798,1798,0,0,61,60,CCW,0,N,0,0,0
D7651658,430491,436096,1,1798,1798,0,0,61,60,CCW,0,N,0,0,0
D7651658,430492,436097,1,1800,1798,0,0,61,60,CCW,0,N,0,0,0
D7651658,430493,436098,1,1799,1798,0,0,61,60,CCW,0,N,0,0,0
D7651658,430494,436099,1,1798,1798,0,0,61,60,CCW,0,N,0,0,0
D7651658,430495,436100,1,1798,1798,0,0,61,60,CCW,0,N,0,0,0
D7651658,430496,436101,1,1798,1798,0,0,61,60,CCW,0,N,0,0,0
D7651658,430497,436102,1,1798,1798,0,0,61,60,CCW,0,N,0,0,0
D7651658,430498,436103,1,1798,1798,0,0,61,60,CCW,0,N,0,0,0
D7651658,430499,436104,1,1799,1798,0,0,61,60,CCW,0,N,0,0,0
D7651658,430500,436105,1,1798,1798,0,0,61,60,CCW,0,N,0,0,0
D7651658,430501,436106,1,1798,1798,0,0,61,60,CCW,0,N,0,0,0
D7651658,430502,436107,1,1786,1798,0,0,61,60,CCW,0,N,0,0,0
D7651658,430503,436108,1,1786,1798,0,0,61,60,CCW,0,N,0,0,0
D7651658,430504,436109,1,1799,1798,0,0,61,60,CCW,0,N,0,0,0
D7651658,430505,436110,1,1798,1798,0,0,61,60,CCW,0,N,0,0,0
D7651658,430506,436111,1,1800,1798,0,0,61,60,CCW,0,N,0,0,0
D7651658,430507,436112,1,1804,1798,0,0,61,60,CCW,0,N,0,0,0
D7651658,430508,436113,1,1803,1798,0,0,61,60,CCW,0,N,0,0,0
D7651658,430509,436114,1,1798,1798,0,0,61,60,CCW,0,N,0,0,0
D7651658,430510,436115,1,1799,1798,0,0,61,60,CCW,0,N,0,0,0
D7651658,430511,436116,1,1798,1798,0,0,61,60,CCW,0,N,0,0,0
D7651658,430512,436117,1,1798,1798,0,0,61,60,CCW,0,N,0,0,0
D7651658,430513,436118,1,1798,1798,0,0,61,60,CCW,0,N,0,0,0
D7651658,430514,436119,1,1797,1798,0,0,61,60,CCW,0,N,0,0,0
D7651658,430515,436120,1,1799,1798,0,0,61,60,CCW,0,N,0,0,0
D7651658,430516,436121,1,1798,1798,0,0,61,60,CCW,0,N,0,0,0
D7651658,430517,436122,1,1799,1798,0,0,61,60,CCW,0,N,0,0,0
D7651658,430518,436123,1,1798,1798,0,0,61,60,CCW,0,N,0,0,0
D7651658,430519,436124,1,1799,1798,0,0,61,60,CCW,0,N,0,0,0
D7651658,430520,436125,1,1798,1798,0,0,61,60,CCW,0,N,0,0,0
D7651658,430521,436126,1,1799,1798,0,0,61,60,CCW,0,N,0,0,0
D7651658,430522,436127,1,1797,1798,0,0,61,60,CCW,0,N,0,0,0
D7651658,430523,436128,1,1799,1798,0,0,61,60,CCW,0,N,0,0,0
D7651658,430524,436129,1,1797,1798,0,0,61,60,CCW,0,N,0,0,0
D7651658,430525,436130,1,1797,1798,0,0,61,60,CCW,0,N,0,0,0
D7651658,430526,436131,1,1798,1798,0,0,61,60,CCW,0,N,0,0,0
D7651658,430527,436132,1,1797,1798,0,0,61,60,CCW,0,N,0,0,0
D7651658,430528,436133,1,1799,1798,0,0,61,60,CCW,0,N,0,0,0
D7651658,430529,436134,1,1799,1798,0,0,61,60,CCW,0,N,0,0,0
D7651658,430530,436135,1,1798,1798,0,0,61,60,CCW,0,N,0,0,0
D7651658,430531,436136,1,1798,1798,0,0,61,60,CCW,0,N,0,0,0
D7651658,430532,436137,1,1799,1798,0,0,61,60,CCW,0,N,0,0,0
D7651658,430533,436138,1,1799,1798,0,0,61,60,CCW,0,N,0,0,0
D7651658,430534,436139,1,1799,1798,0,0,61,60,CCW,0,N,0,0,0
D7651658,430535,436140,1,1800,1798,0,0,61,60,CCW,0,N,0,0,0
D7651658,430536,436141,1,1799,1798,0,0,61,60,CCW,0,N,0,0,0
D7651658,430537,436142,1,1797,1798,0,0,61,60,CCW,0,N,0,0,0
D7651658,430538,436143,1,1798,1798,0,0,61,60,CCW,0,N,0,0,0
D7651658,430539,436144,1,1796,1798,0,0,61,60,CCW,0,N,0,0,0
D7651658,430540,436145,1,1799,1798,0,0,61,60,CCW,0,N,0,0,0
D7651658,430541,436146,1,1798,1798,0,0,61,60,CCW,0,N,0,0,0
D7651658,430542,436147,1,1797,1798,0,0,61,60,CCW,0,N,0,0,0
D7651658,430543,436148,1,1798,1798,0,0,61,60,CCW,0,N,0,0,0
D7651658,430544,436149,1,1798,1798,0,0,61,60,CCW,0,N,0,0,0
D7651658,430545,436150,1,1799,1798,0,0,61,60,CCW,0,N,0,0,0
D7651658,430546,436151,1,1798,1798,0,0,61,60,CCW,0,N,0,0,0
D7651658,430547,436152,1,1800,1798,0,0,61,60,CCW,0,N,0,0,0
D7651658,430548,436153,1,1799,1798,0,0,61,60,CCW,0,N,0,0,0
D7651658,430549,436154,1,1800,1798,0,0,61,60,CCW,0,N,0,0,0
D7651658,430550,436155,1,1797,1798,0,0,61,60,CCW,0,N,0,0,0
D7651658,430551,436156,1,1798,1798,0,0,61,60,CCW,0,N,0,0,0
D7651658,430552,436157,1,1797,1798,0,0,61,60,CCW,0,N,0,0,0
D7651658,430553,436158,1,1798,1798,0,0,61,60,CCW,0,N,0,0,0
D7651658,430554,436159,1,1797,1798,0,0,61,60,CCW,0,N,0,0,0
D7651658,430555,436160,1,1798,1798,0,0,61,60,CCW,0,N,0,0,0
D7651658,430556,436161,1,1798,1798,0,0,61,60,CCW,0,N,0,0,0
D7651658,430557,436162,1,1800,1798,0,0,61,60,CCW,0,N,0,0,0
D7651658,430558,436163,1,1797,1798,0,0,61,60,CCW,0,N,0,0,0
D7651658,430559,436164,1,1798,1798,0,0,61,60,CCW,0,N,0,0,0
D7651658,430560,436165,1,1798,1798,0,0,61,60,CCW,0,N,0,0,0
D7651658,430561,436166,1,1784,1798,0,0,61,60,CCW,0,N,0,0,0
D7651658,430562,436167,1,1798,1798,0,0,61,60,CCW,0,N,0,0,0
D7651658,430563,436168,1,1798,1798,0,0,61,60,CCW,0,N,0,0,0
D7651658,430564,436169,1,1799,1798,0,0,61,60,CCW,0,N,0,0,0
D7651658,430565,436170,1,1799,1798,0,0,61,60,CCW,0,N,0,0,0
D7651658,430566,436171,1,1812,1798,0,0,61,60,CCW,0,N,0,0,0
D7651658,430567,436172,1,1797,1798,0,0,61,60,CCW,0,N,0,0,0
D7651658,430568,436173,1,1798,1798,0,0,61,60,CCW,0,N,0,0,0
D7651658,430569,436174,1,1798,1798,0,0,61,60,CCW,0,N,0,0,0
D7651658,430570,436175,1,1798,1798,0,0,61,60,CCW,0,N,0,0,0
D7651658,430571,436176,1,1798,1798,0,0,61,60,CCW,0,N,0,0,0
D7651658,430572,436177,1,1799,1798,0,0,61,60,CCW,0,N,0,0,0
D7651658,430573,436178,1,1796,1798,0,0,61,60,CCW,0,N,0,0,0
D7651658,430574,436179,1,1797,1798,0,0,61,60,CCW,0,N,0,0,0
D7651658,430575,436180,1,1798,1798,0,0,61,60,CCW,0,N,0,0,0
D7651658,430576,436181,1,1801,1798,0,0,61,60,CCW,0,N,0,0,0
D7651658,430577,436182,1,1799,1798,0,0,61,60,CCW,0,N,0,0,0
D7651658,430578,436183,1,1797,1798,0,0,61,60,CCW,0,N,0,0,0
D7651658,430579,436184,1,1800,1798,0,0,61,60,CCW,0,N,0,0,0
D7651658,430580,436185,1,1799,1798,0,0,61,60,CCW,0,N,0,0,0
D7651658,430581,436186,1,1797,1798,0,0,61,60,CCW,0,N,0,0,0
D7651658,430582,436187,1,1799,1798,0,0,61,60,CCW,0,N,0,0,0
D7651658,430583,436188,1,1797,1798,0,0,61,60,CCW,0,N,0,0,0
D7651658,430584,436189,1,1799,1798,0,0,61,60,CCW,0,N,0,0,0
D7651658,430585,436190,1,1798,1798,0,0,61,60,CCW,0,N,0,0,0
D7651658,430586,436191,1,1799,1798,0,0,61,60,CCW,0,N,0,0,0
D7651658,430587,436192,1,1800,1798,0,0,61,60,CCW,0,N,0,0,0
D7651658,430588,436193,1,1797,1798,0,0,61,60,CCW,0,N,0,0,0
D7651658,430589,436194,1,1797,1798,0,0,61,60,CCW,0,N,0,0,0
D7651658,430590,436195,1,1799,1798,0,0,61,60,CCW,0,N,0,0,0
D7651658,430591,436196,1,1800,1798,0,0,61,60,CCW,0,N,0,0,0
D7651658,430592,436197,1,1800,1798,0,0,61,60,CCW,0,N,0,0,0
D7651658,430593,436198,1,1799,1798,0,0,61,60,CCW,0,N,0,0,0
D7651658,430594,436199,1,1797,1798,0,0,61,60,CCW,0,N,0,0,0
D7651658,430595,436200,1,1800,1798,0,0,61,60,CCW,0,N,0,0,0
D7651658,430596,436201,1,1799,1798,0,0,61,60,CCW,0,N,0,0,0
D7651658,430597,436202,1,1800,1798,0,0,61,60,CCW,0,N,0,0,0
D7651658,430598,436203,1,1799,1798,0,0,61,60,CCW,0,N,0,0,0
D7651658,430599,436204,1,1800,1798,0,0,61,60,CCW,0,N,0,0,0
D7651658,430600,436205,1,1798,1798,0,0,61,60,CCW,0,N,0,0,0
D7651658,430601,436206,1,1800,1798,0,0,61,60,CCW,0,N,0,0,0
D7651658,430602,436207,1,1798,1798,0,0,61,60,CCW,0,N,0,0,0
D7651658,430603,436208,1,1799,1798,0,0,61,60,CCW,0,N,0,0,0
D7651658,430604,436209,1,1798,1798,0,0,61,60,CCW,0,N,0,0,0
D7651658,430605,436210,1,1800,1798,0,0,61,60,CCW,0,N,0,0,0
D7651658,430606,436211,1,1800,1798,0,0,61,60,CCW,0,N,0,0,0
D7651658,430607,436212,1,1800,1798,0,0,61,60,CCW,0,N,0,0,0
D7651658,430608,436213,1,1800,1798,0,0,61,60,CCW,0,N,0,0,0
D7651658,430609,436214,1,1799,1798,0,0,61,60,CCW,0,N,0,0,0
D7651658,430610,436215,1,1796,1798,0,0,61,60,CCW,0,N,0,0,0
D7651658,430611,436216,1,1799,1798,0,0,61,60,CCW,0,N,0,0,0
D7651658,430612,436217,1,1799,1798,0,0,61,60,CCW,0,N,0,0,0
D7651658,430613,436218,1,1799,1798,0,0,61,60,CCW,0,N,0,0,0
D7651658,430614,436219,1,1799,1798,0,0,61,60,CCW,0,N,0,0,0
D7651658,430615,436220,1,1799,1798,0,0,61,60,CCW,0,N,0,0,0
D7651658,430616,436221,1,1798,1798,0,0,61,60,CCW,0,N,0,0,0
D7651658,430617,436222,1,1798,1798,0,0,61,60,CCW,0,N,0,0,0
D7651658,430618,436223,1,1799,1798,0,0,61,60,CCW,0,N,0,0,0
D7651658,430619,436224,1,1800,1798,0,0,61,60,CCW,0,N,0,0,0
D7651658,430620,436225,1,1798,1798,0,0,61,60,CCW,0,N,0,0,0
D7651658,430621,436226,1,1799,1798,0,0,61,60,CCW,0,N,0,0,0
D7651658,430622,436227,1,1799,1798,0,0,61,60,CCW,0,N,0,0,0
D7651658,430623,436228,1,1799,1798,0,0,61,60,CCW,0,N,0,0,0
D7651658,430624,436229,1,1798,1798,0,0,61,60,CCW,0,N,0,0,0
D7651658,430625,436230,1,1799,1798,0,0,61,60,CCW,0,N,0,0,0
D7651658,430626,436231,1,1799,1798,0,0,61,60,CCW,0,N,0,0,0
D7651658,430627,436232,1,1798,1798,0,0,61,60,CCW,0,N,0,0,0
D7651658,430628,436233,1,1801,1798,0,0,61,60,CCW,0,N,0,0,0
D7651658,430629,436234,1,1798,1798,0,0,61,60,CCW,0,N,0,0,0
D7651658,430630,436235,1,1799,1798,0,0,61,60,CCW,0,N,0,0,0
D7651658,430631,436236,1,1800,1798,0,0,61,60,CCW,0,N,0,0,0
D7651658,430632,436237,1,1799,1798,0,0,61,60,CCW,0,N,0,0,0
D7651658,430633,436238,1,1810,1798,0,0,61,60,CCW,0,N,0,0,0
D7651658,430634,436239,1,1798,1798,0,0,61,60,CCW,0,N,0,0,0
D7651658,430635,436240,1,1799,1798,0,0,61,60,CCW,0,N,0,0,0
D7651658,430636,436241,1,1799,1798,0,0,61,60,CCW,0,N,0,0,0
D7651658,430637,436242,1,1802,1798,0,0,61,60,CCW,0,N,0,0,0
D7651658,430638,436243,1,1798,1798,0,0,61,60,CCW,0,N,0,0,0
D7651658,430639,436244,1,1798,1798,0,0,61,60,CCW,0,N,0,0,0
D7651658,430640,436245,1,1800,1798,0,0,61,60,CCW,0,N,0,0,0
D7651658,430641,436246,1,1802,1798,0,0,61,60,CCW,0,N,0,0,0
D7651658,430642,436247,1,1798,1798,0,0,61,60,CCW,0,N,0,0,0
D7651658,430643,436248,1,1799,1798,0,0,61,60,CCW,0,N,0,0,0
D7651658,430644,436249,1,1799,1798,0,0,61,60,CCW,0,N,0,0,0
D7651658,430645,436250,1,1799,1798,0,0,61,60,CCW,0,N,0,0,0
D7651658,430646,436251,1,1798,1798,0,0,61,60,CCW,0,N,0,0,0
D7651658,430647,436252,1,1798,1798,0,0,61,60,CCW,0,N,0,0,0
D7651658,430648,436253,1,1799,1798,0,0,61,60,CCW,0,N,0,0,0
D7651658,430649,436254,1,1800,1798,0,0,61,60,CCW,0,N,0,0,0
D7651658,430650,436255,1,1798,1798,0,0,61,60,CCW,0,N,0,0,0
D7651658,430651,436256,1,1799,1798,0,0,61,60,CCW,0,N,0,0,0
D7651658,430652,436257,1,1798,1798,0,0,61,60,CCW,0,N,0,0,0
D7651658,430653,436258,1,1799,1798,0,0,61,60,CCW,0,N,0,0,0
D7651658,430654,436259,1,1798,1798,0,0,61,60,CCW,0,N,0,0,0
D7651658,430655,436260,1,1797,1798,0,0,61,60,CCW,0,N,0,0,0
D7651658,430656,436261,1,1799,1798,0,0,61,60,CCW,0,N,0,0,0
D7651658,430657,436262,1,1798,1798,0,0,61,60,CCW,0,N,0,0,0
D7651658,430658,436263,1,1796,1798,0,0,61,60,CCW,0,N,0,0,0
D7651658,430659,436264,1,1798,1798,0,0,61,60,CCW,0,N,0,0,0
D7651658,430660,436265,1,1799,1798,0,0,61,60,CCW,0,N,0,0,0
D7651658,430661,436266,1,1798,1798,0,0,61,60,CCW,0,N,0,0,0
D7651658,430662,436267,1,1799,1798,0,0,61,60,CCW,0,N,0,0,0
D7651658,430663,436268,1,1798,1798,0,0,61,60,CCW,0,N,0,0,0
D7651658,430664,436269,1,1800,1798,0,0,61,60,CCW,0,N,0,0,0
D7651658,430665,436270,1,1795,1798,0,0,61,60,CCW,0,N,0,0,0
D7651658,430666,436272,2,1798,1798,0,0,61,60,CCW,0,N,0,1,1
D7651658,430667,436273,1,1800,1798,0,0,61,60,CCW,0,N,0,0,0
D7651658,430668,436274,1,1799,1798,0,0,61,60,CCW,0,N,0,0,0
D7651658,430669,436275,1,1797,1798,0,0,61,60,CCW,0,N,0,0,0
D7651658,430670,436276,1,1799,1798,0,0,61,60,CCW,0,N,0,0,0
D7651658,430671,436277,1,1798,1798,0,0,61,60,CCW,0,N,0,0,0
D7651658,430672,436278,1,1800,1798,0,0,61,60,CCW,0,N,0,0,0
D7651658,430673,436279,1,1797,1798,0,0,61,60,CCW,0,N,0,0,0
D7651658,430674,436280,1,1799,1798,0,0,61,60,CCW,0,N,0,0,0
D7651658,430675,436281,1,1800,1798,0,0,61,60,CCW,0,N,0,0,0
D7651658,430676,436282,1,1797,1798,0,0,61,60,CCW,0,N,0,0,0
D7651658,430677,436283,1,1798,1798,0,0,61,60,CCW,0,N,0,0,0
D7651658,430678,436284,1,1799,1798,0,0,61,60,CCW,0,N,0,0,0
D7651658,430679,436285,1,1800,1798,0,0,61,60,CCW,0,N,0,0,0
D7651658,430680,436286,1,1798,1798,0,0,61,60,CCW,0,N,0,0,0
D7651658,430681,436287,1,1798,1798,0,0,61,60,CCW,0,N,0,0,0
D7651658,430682,436288,1,1797,1798,0,0,61,60,CCW,0,N,0,0,0
D7651658,430683,436289,1,1799,1798,0,0,61,60,CCW,0,N,0,0,0
D7651658,430684,436290,1,1800,1798,0,0,61,60,CCW,0,N,0,0,0
D7651658,430685,436291,1,1800,1798,0,0,61,60,CCW,0,N,0,0,0
D7651658,430686,436292,1,1799,1798,0,0,61,60,CCW,0,N,0,0,0
D7651658,430687,436293,1,1798,1798,0,0,61,60,CCW,0,N,0,0,0
D7651658,430688,436294,1,1798,1798,0,0,61,60,CCW,0,N,0,0,0
D7651658,430689,436295,1,1798,1798,0,0,61,60,CCW,0,N,0,0,0
D7651658,430690,436296,1,1798,1798,0,0,61,60,CCW,0,N,0,0,0
D7651658,430691,436297,1,1800,1798,0,0,61,60,CCW,0,N,0,0,0
D7651658,430692,436298,1,1799,1798,0,0,61,60,CCW,0,N,0,0,0
D7651658,430693,436299,1,1800,1798,0,0,61,60,CCW,0,N,0,0,0
D7651658,430694,436300,1,1794,1798,0,0,61,60,CCW,0,N,0,0,0
D7651658,430695,436301,1,1799,1798,0,0,61,60,CCW,0,N,0,0,0
D7651658,430696,436302,1,1798,1798,0,0,61,60,CCW,0,N,0,0,0
D7651658,430697,436303,1,1798,1798,0,0,61,60,CCW,0,N,0,0,0
D7651658,430698,436304,1,1800,1798,0,0,61,60,CCW,0,N,0,0,0
D7651658,430699,436305,1,1799,1798,0,0,61,60,CCW,0,N,0,0,0
D7651658,430700,436306,1,1800,1798,0,0,61,60,CCW,0,N,0,0,0
D7651658,430701,436307,1,1800,1798,0,0,61,60,CCW,0,N,0,0,0
D7651658,430702,436308,1,1796,1798,0,0,61,60,CCW,0,N,0,0,0
D7651658,430703,436309,1,1800,1798,0,0,61,60,CCW,0,N,0,0,0
D7651658,430704,436310,1,1798,1798,0,0,61,60,CCW,0,N,0,0,0
D7651658,430705,436311,1,1799,1798,0,0,61,60,CCW,0,N,0,0,0
D7651658,430706,436312,1,1798,1798,0,0,61,60,CCW,0,N,0,0,0
D7651658,430707,436313,1,1798,1798,0,0,61,60,CCW,0,N,0,0,0
D7651658,430708,436314,1,1799,1798,0,0,61,60,CCW,0,N,0,0,0
D7651658,430709,436315,1,1798,1798,0,0,61,60,CCW,0,N,0,0,0
D7651658,430710,436316,1,1799,1798,0,0,61,60,CCW,0,N,0,0,0
D7651658,430711,436317,1,1798,1798,0,0,61,60,CCW,0,N,0,0,0
D7651658,430712,436318,1,1799,1798,0,0,61,60,CCW,0,N,0,0,0
D7651658,430713,436319,1,1799,1798,0,0,61,60,CCW,0,N,0,0,0
D7651658,430714,436320,1,1801,1798,0,0,61,60,CCW,0,N,0,0,0
D7651658,430715,436321,1,1799,1798,0,0,61,60,CCW,0,N,0,0,0
D7651658,430716,436322,1,1800,1798,0,0,61,60,CCW,0,N,0,0,0
D7651658,430717,436323,1,1799,1798,0,0,61,60,CCW,0,N,0,0,0
D7651658,430718,436324,1,1799,1798,0,0,61,60,CCW,0,N,0,0,0
D7651658,430719,436325,1,1800,1798,0,0,61,60,CCW,0,N,0,0,0
D7651658,430720,436326,1,1800,1798,0,0,61,60,CCW,0,N,0,0,0
D7651658,430721,436327,1,1799,1798,0,0,61,60,CCW,0,N,0,0,0
D7651658,430722,436328,1,1800,1798,0,0,61,60,CCW,0,N,0,0,0
D7651658,430723,436329,1,1799,1798,0,0,61,60,CCW,0,N,0,0,0
D7651658,430724,436330,1,1798,1798,0,0,61,60,CCW,0,N,0,0,0
D7651658,430725,436331,1,1799,1798,0,0,61,60,CCW,0,N,0,0,0
D7651658,430726,436332,1,1797,1798,0,0,61,60,CCW,0,N,0,0,0
D7651658,430727,436333,1,1799,1798,0,0,61,60,CCW,0,N,0,0,0
D7651658,430728,436334,1,1799,1798,0,0,61,60,CCW,0,N,0,0,0
D7651658,430729,436335,1,1798,1798,0,0,61,60,CCW,0,N,0,0,0
D7651658,430730,436336,1,1798,1798,0,0,61,60,CCW,0,N,0,0,0
D7651658,430731,436337,1,1798,1798,0,0,61,60,CCW,0,N,0,0,0
D7651658,430732,436338,1,1799,1798,0,0,61,60,CCW,0,N,0,0,0
D7651658,430733,436339,1,1799,1798,0,0,61,60,CCW,0,N,0,0,0
D7651658,430734,436340,1,1799,1798,0,0,61,60,CCW,0,N,0,0,0
D7651658,430735,436341,1,1800,1798,0,0,61,60,CCW,0,N,0,0,0
D7651658,430736,436342,1,1803,1798,0,0,61,60,CCW,0,N,0,0,0
D7651658,430737,436343,1,1808,1798,0,0,61,60,CCW,0,N,0,0,0
D7651658,430738,436344,1,1799,1798,0,0,61,60,CCW,0,N,0,0,0
D7651658,430739,436345,1,1798,1798,0,0,61,60,CCW,0,N,0,0,0
D7651658,430740,436346,1,1797,1798,0,0,61,60,CCW,0,N,0,0,0
D7651658,430741,436347,1,1798,1798,0,0,61,60,CCW,0,N,0,0,0
D7651658,430742,436348,1,1800,1798,0,0,61,60,CCW,0,N,0,0,0
D7651658,430743,436349,1,1799,1798,0,0,61,60,CCW,0,N,0,0,0
D7651658,430744,436350,1,1798,1798,0,0,61,60,CCW,0,N,0,0,0
D7651658,430745,436351,1,1799,1798,0,0,61,60,CCW,0,N,0,0,0
D7651658,430746,436352,1,1804,1798,0,0,61,60,CCW,0,N,0,0,0
D7651658,430747,436353,1,1798,1798,0,0,61,60,CCW,0,N,0,0,0
D7651658,430748,436354,1,1798,1798,0,0,61,60,CCW,0,N,0,0,0
D7651658,430749,436355,1,1802,1798,0,0,61,60,CCW,0,N,0,0,0
D7651658,430750,436356,1,1799,1798,0,0,61,60,CCW,0,N,0,0,0
D7651658,430751,436357,1,1801,1798,0,0,61,60,CCW,0,N,0,0,0
D7651658,430752,436358,1,1793,1798,0,0,61,60,CCW,0,N,0,0,0
D7651658,430753,436359,1,1800,1798,0,0,61,60,CCW,0,N,0,0,0
D7651658,430754,436360,1,1798,1798,0,0,61,60,CCW,0,N,0,0,0
D7651658,430755,436361,1,1799,1798,0,0,61,60,CCW,0,N,0,0,0
D7651658,430756,436362,1,1798,1798,0,0,61,60,CCW,0,N,0,0,0
D7651658,430757,436363,1,1799,1798,0,0,61,60,CCW,0,N,0,0,0
D7651658,430758,436364,1,1798,1798,0,0,61,60,CCW,0,N,0,0,0
D7651658,430759,436365,1,1799,1798,0,0,61,60,CCW,0,N,0,0,0
D7651658,430760,436366,1,1798,1798,0,0,61,60,CCW,0,N,0,0,0
D7651658,430761,436367,1,1799,1798,0,0,61,60,CCW,0,N,0,0,0
D7651658,430762,436368,1,1799,1798,0,0,61,60,CCW,0,N,0,0,0
D7651658,430763,436369,1,1799,1798,0,0,61,60,CCW,0,N,0,0,0
D7651658,430764,436370,1,1799,1798,0,0,61,60,CCW,0,N,0,0,0
D7651658,430765,436371,1,1801,1798,0,0,61,60,CCW,0,N,0,0,0
D7651658,430766,436372,1,1800,1798,0,0,61,60,CCW,0,N,0,0,0
D7651658,430767,436373,1,1798,1798,0,0,61,60,CCW,0,N,0,0,0
D7651658,430768,436374,1,1798,1798,0,0,61,60,CCW,0,N,0,0,0
D7651658,430769,436375,1,1798,1798,0,0,61,60,CCW,0,N,0,0,0
D7651658,430770,436376,1,1798,1798,0,0,61,60,CCW,0,N,0,0,0
D7651658,430771,436377,1,1800,1798,0,0,61,60,CCW,0,N,0,0,0
D7651658,430772,436378,1,1799,1798,0,0,61,60,CCW,0,N,0,0,0
D7651658,430773,436379,1,1801,1798,0,0,61,60,CCW,0,N,0,0,0
D7651658,430774,436380,1,1798,1798,0,0,61,60,CCW,0,N,0,0,0
D7651658,430775,436381,1,1800,1798,0,0,61,60,CCW,0,N,0,0,0
D7651658,430776,436382,1,1800,1798,0,0,61,60,CCW,0,N,0,0,0
D7651658,430777,436383,1,1800,1798,0,0,61,60,CCW,0,N,0,0,0
D7651658,430778,436384,1,1788,1798,0,0,61,60,CCW,0,N,0,0,0
D7651658,430779,436385,1,1798,1798,0,0,61,60,CCW,0,N,0,0,0
D7651658,430780,436386,1,1798,1798,0,0,61,60,CCW,0,N,0,0,0
D7651658,430781,436387,1,1800,1798,0,0,61,60,CCW,0,N,0,0,0
D7651658,430782,436389,2,1801,1798,0,0,61,60,CCW,0,N,0,1,1
D7651658,430783,436390,1,1799,1798,0,0,61,60,CCW,0,N,0,0,0
D7651658,430784,436391,1,1799,1798,0,0,61,60,CCW,0,N,0,0,0
D7651658,430785,436392,1,1797,1798,0,0,61,60,CCW,0,N,0,0,0
D7651658,430786,436393,1,1800,1798,0,0,61,60,CCW,0,N,0,0,0
D7651658,430787,436394,1,1800,1798,0,0,61,60,CCW,0,N,0,0,0
D7651658,430788,436395,1,1798,1798,0,0,61,60,CCW,0,N,0,0,0
D7651658,430789,436396,1,1798,1798,0,0,61,60,CCW,0,N,0,0,0
D7651658,430790,436397,1,1800,1798,0,0,61,60,CCW,0,N,0,0,0
D7651658,430791,436398,1,1799,1798,0,0,61,60,CCW,0,N,0,0,0
D7651658,430792,436399,1,1799,1798,0,0,61,60,CCW,0,N,0,0,0
D7651658,430793,436400,1,1800,1798,0,0,61,60,CCW,0,N,0,0,0
D7651658,430794,436401,1,1799,1798,0,0,61,60,CCW,0,N,0,0,0
D7651658,430795,436402,1,1798,1798,0,0,61,60,CCW,0,N,0,0,0
D7651658,430796,436403,1,1798,1798,0,0,61,60,CCW,0,N,0,0,0
D7651658,430797,436404,1,1800,1798,0,0,61,60,CCW,0,N,0,0,0
D7651658,430798,436405,1,1800,1798,0,0,61,60,CCW,0,N,0,0,0
D7651658,430799,436406,1,1798,1798,0,0,61,60,CCW,0,N,0,0,0
D7651658,430800,436407,1,1800,1798,0,0,61,60,CCW,0,N,0,0,0
D7651658,430801,436408,1,1797,1798,0,0,61,60,CCW,0,N,0,0,0
D7651658,430802,436409,1,1799,1798,0,0,61,60,CCW,0,N,0,0,0
D7651658,430803,436410,1,1800,1798,0,0,61,60,CCW,0,N,0,0,0
D7651658,430804,436411,1,1799,1798,0,0,61,60,CCW,0,N,0,0,0
D7651658,430805,436412,1,1799,1798,0,0,61,60,CCW,0,N,0,0,0
D7651658,430806,436413,1,1799,1798,0,0,61,60,CCW,0,N,0,0,0
D7651658,430807,436414,1,1797,1798,0,0,61,60,CCW,0,N,0,0,0
D7651658,430808,436415,1,1798,1798,0,0,61,60,CCW,0,N,0,0,0
D7651658,430809,436416,1,1800,1798,0,0,61,60,CCW,0,N,0,0,0
D7651658,430810,436417,1,1799,1798,0,0,61,60,CCW,0,N,0,0,0
D7651658,430811,436418,1,1799,1798,0,0,61,60,CCW,0,N,0,0,0
D7651658,430812,436419,1,1800,1798,0,0,61,60,CCW,0,N,0,0,0
D7651658,430813,436420,1,1799,1798,0,0,61,60,CCW,0,N,0,0,0
D7651658,430814,436421,1,1800,1798,0,0,61,60,CCW,0,N,0,0,0
D7651658,430815,436422,1,1799,1798,0,0,61,60,CCW,0,N,0,0,0
D7651658,430816,436423,1,1799,1798,0,0,61,60,CCW,0,N,0,0,0
D7651658,430817,436424,1,1799,1798,0,0,61,60,CCW,0,N,0,0,0
D7651658,430818,436425,1,1800,1798,0,0,61,60,CCW,0,N,0,0,0
D7651658,430819,436426,1,1800,1798,0,0,61,60,CCW,0,N,0,0,0
D7651658,430820,436427,1,1800,1798,0,0,61,60,CCW,0,N,0,0,0
D7651658,430821,436428,1,1798,1798,0,0,61,60,CCW,0,N,0,0,0
D7651658,430822,436429,1,1797,1798,0,0,61,60,CCW,0,N,0,0,0
D7651658,430823,436430,1,1799,1798,0,0,61,60,CCW,0,N,0,0,0
D7651658,430824,436431,1,1799,1798,0,0,61,60,CCW,0,N,0,0,0
D7651658,430825,436432,1,1800,1798,0,0,61,60,CCW,0,N,0,0,0
D7651658,430826,436433,1,1799,1798,0,0,61,60,CCW,0,N,0,0,0
D7651658,430827,436434,1,1799,1798,0,0,61,60,CCW,0,N,0,0,0
D7651658,430828,436435,1,1799,1798,0,0,61,60,CCW,0,N,0,0,0
D7651658,430829,436436,1,1799,1798,0,0,61,60,CCW,0,N,0,0,0
D7651658,430830,436437,1,1799,1798,0,0,61,60,CCW,0,N,0,0,0
D7651658,430831,436438,1,1799,1798,0,0,61,60,CCW,0,N,0,0,0
D7651658,430832,436439,1,1798,1798,0,0,61,60,CCW,0,N,0,0,0
D7651658,430833,436440,1,1796,1798,0,0,61,60,CCW,0,N,0,0,0
D7651658,430834,436441,1,1798,1798,0,0,61,60,CCW,0,N,0,0,0
D7651658,430835,436442,1,1798,1798,0,0,61,60,CCW,0,N,0,0,0
D7651658,430836,436443,1,1798,1798,0,0,61,60,CCW,0,N,0,0,0
D7651658,430837,436444,1,1799,1798,0,0,61,60,CCW,0,N,0,0,0
D7651658,430838,436445,1,1798,1798,0,0,61,60,CCW,0,N,0,0,0
D7651658,430839,436446,1,1798,1798,0,0,61,60,CCW,0,N,0,0,0
D7651658,430840,436447,1,1800,1798,0,0,61,60,CCW,0,N,0,0,0
D7651658,430841,436448,1,1799,1798,0,0,61,60,CCW,0,N,0,0,0
D7651658,430842,436449,1,1799,1798,0,0,61,60,CCW,0,N,0,0,0
D7651658,430843,436450,1,1798,1798,0,0,61,60,CCW,0,N,0,0,0
D7651658,430844,436451,1,1802,1798,0,0,61,60,CCW,0,N,0,0,0
D7651658,430845,436452,1,1801,1798,0,0,61,60,CCW,0,N,0,0,0
D7651658,430846,436453,1,1801,1798,0,0,61,60,CCW,0,N,0,0,0
D7651658,430847,436454,1,1801,1798,0,0,61,60,CCW,0,N,0,0,0
D7651658,430848,436455,1,1799,1798,0,0,61,60,CCW,0,N,0,0,0
D7651658,430849,436456,1,1799,1798,0,0,61,60,CCW,0,N,0,0,0
D7651658,430850,436457,1,1799,1798,0,0,61,60,CCW,0,N,0,0,0
D7651658,430851,436458,1,1802,1798,0,0,61,60,CCW,0,N,0,0,0
D7651658,430852,436459,1,1801,1798,0,0,61,60,CCW,0,N,0,0,0
D7651658,430853,436460,1,1798,1798,0,0,61,60,CCW,0,N,0,0,0
D7651658,430854,436461,1,1798,1798,0,0,61,60,CCW,0,N,0,0,0
D7651658,430855,436462,1,1799,1798,0,0,61,60,CCW,0,N,0,0,0
D7651658,430856,436463,1,1804,1798,0,0,61,60,CCW,0,N,0,0,0
D7651658,430857,436464,1,1800,1798,0,0,61,60,CCW,0,N,0,0,0
D7651658,430858,436465,1,1800,1798,0,0,61,60,CCW,0,N,0,0,0
D7651658,430859,436466,1,1799,1798,0,0,61,60,CCW,0,N,0,0,0
D7651658,430860,436467,1,1799,1798,0,0,61,60,CCW,0,N,0,0,0
D7651658,430861,436468,1,1802,1798,0,0,61,60,CCW,0,N,0,0,0
D7651658,430862,436469,1,1801,1798,0,0,61,60,CCW,0,N,0,0,0
D7651658,430863,436470,1,1799,1798,0,0,61,60,CCW,0,N,0,0,0
D7651658,430864,436471,1,1800,1798,0,0,61,60,CCW,0,N,0,0,0
D7651658,430865,436472,1,1799,1798,0,0,61,60,CCW,0,N,0,0,0
D7651658,430866,436473,1,1798,1798,0,0,61,60,CCW,0,N,0,0,0
D7651658,430867,436474,1,1798,1798,0,0,61,60,CCW,0,N,0,0,0
D7651658,430868,436475,1,1798,1798,0,0,61,60,CCW,0,N,0,0,0
D7651658,430869,436476,1,1799,1798,0,0,61,60,CCW,0,N,0,0,0
D7651658,430870,436477,1,1799,1798,0,0,61,60,CCW,0,N,0,0,0
D7651658,430871,436478,1,1801,1798,0,0,61,60,CCW,0,N,0,0,0
D7651658,430872,436479,1,1799,1798,0,0,61,60,CCW,0,N,0,0,0
D7651658,430873,436480,1,1808,1798,0,0,61,60,CCW,0,N,0,0,0
D7651658,430874,436481,1,1799,1798,0,0,61,60,CCW,0,N,0,0,0
D7651658,430875,436482,1,1800,1798,0,0,61,60,CCW,0,N,0,0,0
D7651658,430876,436483,1,1801,1798,0,0,61,60,CCW,0,N,0,0,0
D7651658,430877,436484,1,1800,1798,0,0,61,60,CCW,0,N,0,0,0
D7651658,430878,436485,1,1799,1798,0,0,61,60,CCW,0,N,0,0,0
D7651658,430879,436486,1,1798,1798,0,0,61,60,CCW,0,N,0,0,0
D7651658,430880,436488,2,1800,1798,0,0,61,60,CCW,0,N,0,1,1
D7651658,430881,436489,1,1798,1798,0,0,61,60,CCW,0,N,0,0,0
D7651658,430882,436490,1,1799,1798,0,0,61,60,CCW,0,N,0,0,0
D7651658,430883,436491,1,1800,1798,0,0,61,60,CCW,0,N,0,0,0
D7651658,430884,436492,1,1801,1798,0,0,61,60,CCW,0,N,0,0,0
D7651658,430885,436493,1,1800,1798,0,0,61,60,CCW,0,N,0,0,0
D7651658,430886,436494,1,1801,1798,0,0,61,60,CCW,0,N,0,0,0
D7651658,430887,436495,1,1801,1798,0,0,61,60,CCW,0,N,0,0,0
D7651658,430888,436496,1,1801,1798,0,0,61,60,CCW,0,N,0,0,0
D7651658,430889,436497,1,1799,1798,0,0,61,60,CCW,0,N,0,0,0
D7651658,430890,436498,1,1801,1798,0,0,61,60,CCW,0,N,0,0,0
D7651658,430891,436499,1,1798,1798,0,0,61,60,CCW,0,N,0,0,0
D7651658,430892,436500,1,1798,1798,0,0,61,60,CCW,0,N,0,0,0
D7651658,430893,436501,1,1801,1798,0,0,61,60,CCW,0,N,0,0,0
D7651658,430894,436502,1,1799,1798,0,0,61,60,CCW,0,N,0,0,0
D7651658,430895,436503,1,1800,1798,0,0,61,60,CCW,0,N,0,0,0
D7651658,430896,436504,1,1799,1798,0,0,61,60,CCW,0,N,0,0,0
D7651658,430897,436505,1,1799,1798,0,0,61,60,CCW,0,N,0,0,0
D7651658,430898,436506,1,1798,1798,0,0,61,60,CCW,0,N,0,0,0
D7651658,430899,436507,1,1799,1798,0,0,61,60,CCW,0,N,0,0,0
D7651658,430900,436508,1,1798,1798,0,0,61,60,CCW,0,N,0,0,0
D7651658,430901,436509,1,1796,1798,0,0,61,60,CCW,0,N,0,0,0
D7651658,430902,436510,1,1799,1798,0,0,61,60,CCW,0,N,0,0,0
D7651658,430903,436511,1,1798,1798,0,0,61,60,CCW,0,N,0,0,0
D7651658,430904,436512,1,1798,1798,0,0,61,60,CCW,0,N,0,0,0
D7651658,430905,436513,1,1800,1798,0,0,61,60,CCW,0,N,0,0,0
D7651658,430906,436514,1,1800,1798,0,0,61,60,CCW,0,N,0,0,0
D7651658,430907,436515,1,1802,1798,0,0,61,60,CCW,0,N,0,0,0
D7651658,430908,436516,1,1799,1798,0,0,61,60,CCW,0,N,0,0,0
D7651658,430909,436517,1,1800,1798,0,0,61,60,CCW,0,N,0,0,0
D7651658,430910,436518,1,1801,1798,0,0,61,60,CCW,0,N,0,0,0
D7651658,430911,436519,1,1800,1798,0,0,61,60,CCW,0,N,0,0,0
D7651658,430912,436520,1,1800,1798,0,0,61,60,CCW,0,N,0,0,0
D7651658,430913,436521,1,1799,1798,0,0,61,60,CCW,0,N,0,0,0
D7651658,430914,436522,1,1799,1798,0,0,61,60,CCW,0,N,0,0,0
D7651658,430915,436523,1,1800,1798,0,0,61,60,CCW,0,N,0,0,0
D7651658,430916,436524,1,1789,1798,0,0,61,60,CCW,0,N,0,0,0
D7651658,430917,436525,1,1808,1798,0,0,61,60,CCW,0,N,0,0,0
D7651658,430918,436526,1,1800,1798,0,0,61,60,CCW,0,N,0,0,0
D7651658,430919,436527,1,1804,1798,0,0,61,60,CCW,0,N,0,0,0
D7651658,430920,436528,1,1799,1798,0,0,61,60,CCW,0,N,0,0,0
D7651658,430921,436529,1,1801,1798,0,0,61,60,CCW,0,N,0,0,0
D7651658,430922,436530,1,1799,1798,0,0,61,60,CCW,0,N,0,0,0
D7651658,430923,436531,1,1798,1798,0,0,61,60,CCW,0,N,0,0,0
D7651658,430924,436532,1,1799,1798,0,0,61,60,CCW,0,N,0,0,0
D7651658,430925,436533,1,1799,1798,0,0,61,60,CCW,0,N,0,0,0
D7651658,430926,436534,1,1815,1798,0,0,61,60,CCW,0,N,0,0,0
D7651658,430927,436535,1,1799,1798,0,0,61,60,CCW,0,N,0,0,0
D7651658,430928,436536,1,1799,1798,0,0,61,60,CCW,0,N,0,0,0
D7651658,430929,436537,1,1800,1798,0,0,61,60,CCW,0,N,0,0,0
D7651658,430930,436538,1,1800,1798,0,0,61,60,CCW,0,N,0,0,0
D7651658,430931,436539,1,1798,1798,0,0,61,60,CCW,0,N,0,0,0
D7651658,430932,436540,1,1800,1798,0,0,61,60,CCW,0,N,0,0,0
D7651658,430933,436541,1,1799,1798,0,0,61,60,CCW,0,N,0,0,0
D7651658,430934,436542,1,1799,1798,0,0,61,60,CCW,0,N,0,0,0
D7651658,430935,436543,1,1799,1798,0,0,61,60,CCW,0,N,0,0,0
D7651658,430936,436544,1,1799,1798,0,0,61,60,CCW,0,N,0,0,0
D7651658,430937,436545,1,1800,1798,0,0,61,60,CCW,0,N,0,0,0
D7651658,430938,436546,1,1798,1798,0,0,61,60,CCW,0,N,0,0,0
D7651658,430939,436547,1,1800,1798,0,0,61,60,CCW,0,N,0,0,0
D7651658,430940,436548,1,1801,1798,0,0,61,60,CCW,0,N,0,0,0
D7651658,430941,436549,1,1800,1798,0,0,61,60,CCW,0,N,0,0,0
D7651658,430942,436550,1,1798,1798,0,0,61,60,CCW,0,N,0,0,0
D7651658,430943,436551,1,1795,1798,0,0,61,60,CCW,0,N,0,0,0
D7651658,430944,436552,1,1798,1798,0,0,61,60,CCW,0,N,0,0,0
D7651658,430945,436553,1,1800,1798,0,0,61,60,CCW,0,N,0,0,0
D7651658,430946,436554,1,1799,1798,0,0,61,60,CCW,0,N,0,0,0
D7651658,430947,436555,1,1799,1798,0,0,61,60,CCW,0,N,0,0,0
D7651658,430948,436556,1,1799,1798,0,0,61,60,CCW,0,N,0,0,0
D7651658,430949,436557,1,1805,1798,0,0,61,60,CCW,0,N,0,0,0
D7651658,430950,436558,1,1800,1798,0,0,61,60,CCW,0,N,0,0,0
D7651658,430951,436559,1,1798,1798,0,0,61,60,CCW,0,N,0,0,0
D7651658,430952,436560,1,1799,1798,0,0,61,60,CCW,0,N,0,0,0
D7651658,430953,436561,1,1799,1798,0,0,61,60,CCW,0,N,0,0,0
D7651658,430954,436562,1,1799,1798,0,0,61,60,CCW,0,N,0,0,0
D7651658,430955,436563,1,1800,1798,0,0,61,60,CCW,0,N,0,0,0
D7651658,430956,436564,1,1798,1798,0,0,61,60,CCW,0,N,0,0,0
D7651658,430957,436565,1,1797,1798,0,0,61,60,CCW,0,N,0,0,0
D7651658,430958,436566,1,1798,1798,0,0,61,60,CCW,0,N,0,0,0
D7651658,430959,436567,1,1801,1798,0,0,61,60,CCW,0,N,0,0,0
D7651658,430960,436568,1,1801,1798,0,0,61,60,CCW,0,N,0,0,0
D7651658,430961,436569,1,1800,1798,0,0,61,60,CCW,0,N,0,0,0
D7651658,430962,436570,1,1798,1798,0,0,61,60,CCW,0,N,0,0,0
D7651658,430963,436571,1,1800,1798,0,0,61,60,CCW,0,N,0,0,0
D7651658,430964,436572,1,1800,1798,0,0,61,60,CCW,0,N,0,0,0
D7651658,430965,436573,1,1801,1798,0,0,61,60,CCW,0,N,0,0,0
D7651658,430966,436574,1,1798,1798,0,0,61,60,CCW,0,N,0,0,0
D7651658,430967,436575,1,1798,1798,0,0,61,60,CCW,0,N,0,0,0
D7651658,430968,436576,1,1815,1798,0,0,61,60,CCW,0,N,0,0,0
D7651658,430969,436577,1,1801,1798,0,0,61,60,CCW,0,N,0,0,0
D7651658,430970,436578,1,1800,1798,0,0,61,60,CCW,0,N,0,0,0
D7651658,430971,436579,1,1799,1798,0,0,61,60,CCW,0,N,0,0,0
D7651658,430972,436580,1,1800,1798,0,0,61,60,CCW,0,N,0,0,0
D7651658,430973,436581,1,1800,1798,0,0,61,60,CCW,0,N,0,0,0
D7651658,430974,436582,1,1800,1798,0,0,61,60,CCW,0,N,0,0,0
D7651658,430975,436583,1,1799,1798,0,0,61,60,CCW,0,N,0,0,0
D7651658,430976,436584,1,1799,1798,0,0,61,60,CCW,0,N,0,0,0
D7651658,430977,436585,1,1799,1798,0,0,61,60,CCW,0,N,0,0,0
D7651658,430978,436586,1,1806,1798,0,0,61,60,CCW,0,N,0,0,0
D7651658,430979,436587,1,1801,1798,0,0,61,60,CCW,0,N,0,0,0
D7651658,430980,436588,1,1799,1798,0,0,61,60,CCW,0,N,0,0,0
D7651658,430981,436589,1,1800,1798,0,0,61,60,CCW,0,N,0,0,0
D7651658,430982,436590,1,1798,1798,0,0,61,60,CCW,0,N,0,0,0
D7651658,430983,436591,1,1799,1798,0,0,61,60,CCW,0,N,0,0,0
D7651658,430984,436592,1,1800,1798,0,0,61,60,CCW,0,N,0,0,0
D7651658,430985,436593,1,1800,1798,0,0,61,60,CCW,0,N,0,0,0
D7651658,430986,436594,1,1800,1798,0,0,61,60,CCW,0,N,0,0,0
D7651658,430987,436595,1,1801,1798,0,0,61,60,CCW,0,N,0,0,0
D7651658,430988,436596,1,1801,1798,0,0,61,60,CCW,0,N,0,0,0
D7651658,430989,436597,1,1802,1798,0,0,61,60,CCW,0,N,0,0,0
D7651658,430990,436598,1,1798,1798,0,0,61,60,CCW,0,N,0,0,0
D7651658,430991,436599,1,1800,1798,0,0,61,60,CCW,0,N,0,0,0
D7651658,430992,436600,1,1801,1798,0,0,61,60,CCW,0,N,0,0,0
D7651658,430993,436601,1,1799,1798,0,0,61,60,CCW,0,N,0,0,0
D7651658,430994,436602,1,1802,1798,0,0,61,60,CCW,0,N,0,0,0
D7651658,430995,436603,1,1801,1798,0,0,61,60,CCW,0,N,0,0,0
D7651658,430996,436604,1,1801,1798,0,0,61,60,CCW,0,N,0,0,0
D7651658,430997,436605,1,1800,1798,0,0,61,60,CCW,0,N,0,0,0
D7651658,430998,436606,1,1801,1798,0,0,61,60,CCW,0,N,0,0,0
D7651658,430999,436607,1,1801,1798,0,0,61,60,CCW,0,N,0,0,0
D7651658,431000,436608,1,1799,1798,0,0,61,60,CCW,0,N,0,0,0
D7651658,431001,436609,1,1800,1798,0,0,61,60,CCW,0,N,0,0,0
D7651658,431002,436610,1,1800,1798,0,0,61,60,CCW,0,N,0,0,0
D7651658,431003,436611,1,1800,1798,0,0,61,60,CCW,0,N,0,0,0
D7651658,431004,436612,1,1802,1798,0,0,61,60,CCW,0,N,0,0,0
D7651658,431005,436613,1,1800,1798,0,0,61,60,CCW,0,N,0,0,0
D7651658,431006,436614,1,1800,1798,0,0,61,60,CCW,0,N,0,0,0
D7651658,431007,436615,1,1794,1798,0,0,61,60,CCW,0,N,0,0,0
D7651658,431008,436616,1,1800,1798,0,0,61,60,CCW,0,N,0,0,0
D7651658,431009,436617,1,1800,1798,0,0,61,60,CCW,0,N,0,0,0
D7651658,431010,436618,1,1801,1798,0,0,61,60,CCW,0,N,0,0,0
D7651658,431011,436619,1,1800,1798,0,0,61,60,CCW,0,N,0,0,0
D7651658,431012,436620,1,1802,1798,0,0,61,60,CCW,0,N,0,0,0
D7651658,431013,436621,1,1801,1798,0,0,61,60,CCW,0,N,0,0,0
D7651658,431014,436622,1,1801,1798,0,0,61,60,CCW,0,N,0,0,0
D7651658,431015,436623,1,1800,1798,0,0,61,60,CCW,0,N,0,0,0
D7651658,431016,436624,1,1800,1798,0,0,61,60,CCW,0,N,0,0,0
D7651658,431017,436625,1,1801,1798,0,0,61,60,CCW,0,N,0,0,0
D7651658,431018,436626,1,1800,1798,0,0,61,60,CCW,0,N,0,0,0
D7651658,431019,436627,1,1799,1798,0,0,61,60,CCW,0,N,0,0,0
D7651658,431020,436628,1,1799,1798,0,0,61,60,CCW,0,N,0,0,0
D7651658,431021,436629,1,1797,1798,0,0,61,60,CCW,0,N,0,0,0
D7651658,431022,436630,1,1800,1798,0,0,61,60,CCW,0,N,0,0,0
D7651658,431023,436631,1,1800,1798,0,0,61,60,CCW,0,N,0,0,0
D7651658,431024,436632,1,1798,1798,0,0,61,60,CCW,0,N,0,0,0
D7651658,431025,436633,1,1799,1798,0,0,61,60,CCW,0,N,0,0,0
D7651658,431026,436634,1,1799,1798,0,0,61,60,CCW,0,N,0,0,0
D7651658,431027,436635,1,1800,1798,0,0,61,60,CCW,0,N,0,0,0
D7651658,431028,436636,1,1800,1798,0,0,61,60,CCW,0,N,0,0,0
D7651658,431029,436637,1,1800,1798,0,0,61,60,CCW,0,N,0,0,0
D7651658,431030,436638,1,1800,1798,0,0,61,60,CCW,0,N,0,0,0
D7651658,431031,436639,1,1802,1798,0,0,61,60,CCW,0,N,0,0,0
D7651658,431032,436640,1,1799,1798,0,0,61,60,CCW,0,N,0,0,0
D7651658,431033,436641,1,1802,1798,0,0,61,60,CCW,0,N,0,0,0
D7651658,431034,436642,1,1799,1798,0,0,61,60,CCW,0,N,0,0,0
D7651658,431035,436643,1,1801,1798,0,0,61,60,CCW,0,N,0,0,0
D7651658,431036,436644,1,1801,1798,0,0,61,60,CCW,0,N,0,0,0
D7651658,431037,436645,1,1801,1798,0,0,61,60,CCW,0,N,0,0,0
D7651658,431038,436646,1,1801,1798,0,0,61,60,CCW,0,N,0,0,0
D7651658,431039,436647,1,1801,1798,0,0,61,60,CCW,0,N,0,0,0
D7651658,431040,436648,1,1801,1798,0,0,61,60,CCW,0,N,0,0,0
D7651658,431041,436649,1,1801,1798,0,0,61,60,CCW,0,N,0,0,0
D7651658,431042,436650,1,1801,1798,0,0,61,60,CCW,0,N,0,0,0
D7651658,431043,436651,1,1802,1798,0,0,61,60,CCW,0,N,0,0,0
D7651658,431044,436652,1,1801,1798,0,0,61,60,CCW,0,N,0,0,0
D7651658,431045,436653,1,1800,1798,0,0,61,60,CCW,0,N,0,0,0
D7651658,431046,436654,1,1801,1798,0,0,61,60,CCW,0,N,0,0,0
D7651658,431047,436655,1,1802,1798,0,0,61,60,CCW,0,N,0,0,0
D7651658,431048,436656,1,1800,1798,0,0,61,60,CCW,0,N,0,0,0
D7651658,431049,436657,1,1801,1798,0,0,61,60,CCW,0,N,0,0,0
D7651658,431050,436658,1,1801,1798,0,0,61,60,CCW,0,N,0,0,0
D7651658,431051,436659,1,1799,1798,0,0,61,60,CCW,0,N,0,0,0
D7651658,431052,436660,1,1801,1798,0,0,61,60,CCW,0,N,0,0,0
D7651658,431053,436661,1,1800,1798,0,0,61,60,CCW,0,N,0,0,0
D7651658,431054,436662,1,1800,1798,0,0,61,60,CCW,0,N,0,0,0
D7651658,431055,436663,1,1800,1798,0,0,61,60,CCW,0,N,0,0,0
D7651658,431056,436664,1,1800,1798,0,0,61,60,CCW,0,N,0,0,0
D7651658,431057,436665,1,1798,1798,0,0,61,60,CCW,0,N,0,0,0
D7651658,431058,436666,1,1802,1798,0,0,61,60,CCW,0,N,0,0,0
D7651658,431059,436667,1,1799,1798,0,0,61,60,CCW,0,N,0,0,0
D7651658,431060,436668,1,1800,1798,0,0,61,60,CCW,0,N,0,0,0
D7651658,431061,436669,1,1801,1798,0,0,61,60,CCW,0,N,0,0,0
D7651658,431062,436670,1,1801,1798,0,0,61,60,CCW,0,N,0,0,0
D7651658,431063,436671,1,1802,1798,0,0,61,60,CCW,0,N,0,0,0
D7651658,431064,436672,1,1802,1798,0,0,61,60,CCW,0,N,0,0,0
D7651658,431065,436673,1,1797,1798,0,0,61,60,CCW,0,N,0,0,0
D7651658,431066,436674,1,1801,1798,0,0,61,60,CCW,0,N,0,0,0
D7651658,431067,436675,1,1801,1798,0,0,61,60,CCW,0,N,0,0,0
D7651658,431068,436676,1,1801,1798,0,0,61,60,CCW,0,N,0,0,0
D7651658,431069,436677,1,1801,1798,0,0,61,60,CCW,0,N,0,0,0
D7651658,431070,436678,1,1802,1798,0,0,61,60,CCW,0,N,0,0,0
D7651658,431071,436679,1,1802,1798,0,0,61,60,CCW,0,N,0,0,0
D7651658,431072,436680,1,1822,1798,0,0,61,60,CCW,0,N,0,0,0
D7651658,431073,436681,1,1800,1798,0,0,61,60,CCW,0,N,0,0,0
D7651658,431074,436682,1,1800,1798,0,0,61,60,CCW,0,N,0,0,0
D7651658,431075,436683,1,1801,1798,0,0,61,60,CCW,0,N,0,0,0
D7651658,431076,436684,1,1801,1798,0,0,61,60,CCW,0,N,0,0,0
D7651658,431077,436685,1,1801,1798,0,0,61,60,CCW,0,N,0,0,0
D7651658,431078,436686,1,1801,1798,0,0,61,60,CCW,0,N,0,0,0
D7651658,431079,436687,1,1800,1798,0,0,61,60,CCW,0,N,0,0,0
D7651658,431080,436688,1,1803,1798,0,0,61,60,CCW,0,N,0,0,0
D7651658,431081,436689,1,1799,1798,0,0,61,60,CCW,0,N,0,0,0
D7651658,431082,436690,1,1801,1798,0,0,61,60,CCW,0,N,0,0,0
D7651658,431083,436691,1,1801,1798,0,0,61,60,CCW,0,N,0,0,0
D7651658,431084,436692,1,1799,1798,0,0,61,60,CCW,0,N,0,0,0
D7651658,431085,436693,1,1803,1798,0,0,61,60,CCW,0,N,0,0,0
D7651658,431086,436694,1,1801,1798,0,0,61,60,CCW,0,N,0,0,0
D7651658,431087,436696,2,1802,1798,0,0,61,60,CCW,0,N,0,1,1
D7651658,431088,436697,1,1802,1798,0,0,61,60,CCW,0,N,0,0,0
D7651658,431089,436698,1,1801,1798,0,0,61,60,CCW,0,N,0,0,0
D7651658,431090,436699,1,1801,1798,0,0,61,60,CCW,0,N,0,0,0
D7651658,431091,436700,1,1801,1798,0,0,61,60,CCW,0,N,0,0,0
D7651658,431092,436701,1,1799,1798,0,0,61,60,CCW,0,N,0,0,0
D7651658,431093,436702,1,1800,1798,0,0,61,60,CCW,0,N,0,0,0
D7651658,431094,436703,1,1794,1798,0,0,61,60,CCW,0,N,0,0,0
D7651658,431095,436704,1,1802,1798,0,0,61,60,CCW,0,N,0,0,0
D7651658,431096,436705,1,1801,1798,0,0,61,60,CCW,0,N,0,0,0
D7651658,431097,436706,1,1800,1798,0,0,61,60,CCW,0,N,0,0,0
D7651658,431098,436707,1,1803,1798,0,0,61,60,CCW,0,N,0,0,0
D7651658,431099,436708,1,1803,1798,0,0,61,60,CCW,0,N,0,0,0
D7651658,431100,436709,1,1804,1798,0,0,61,60,CCW,0,N,0,0,0
D7651658,431101,436710,1,1801,1798,0,0,61,60,CCW,0,N,0,0,0
D7651658,431102,436711,1,1803,1798,0,0,61,60,CCW,0,N,0,0,0
D7651658,431103,436712,1,1801,1798,0,0,61,60,CCW,0,N,0,0,0
D7651658,431104,436713,1,1801,1798,0,0,61,60,CCW,0,N,0,0,0
D7651658,431105,436714,1,1801,1798,0,0,61,60,CCW,0,N,0,0,0
D7651658,431106,436715,1,1801,1798,0,0,61,60,CCW,0,N,0,0,0
D7651658,431107,436716,1,1802,1798,0,0,61,60,CCW,0,N,0,0,0
D7651658,431108,436717,1,1801,1798,0,0,61,60,CCW,0,N,0,0,0
D7651658,431109,436718,1,1803,1798,0,0,61,60,CCW,0,N,0,0,0
D7651658,431110,436719,1,1804,1798,0,0,61,60,CCW,0,N,0,0,0
D7651658,431111,436720,1,1803,1798,0,0,61,60,CCW,0,N,0,0,0
D7651658,431112,436721,1,1809,1798,0,0,61,60,CCW,0,N,0,0,0
D7651658,431113,436722,1,1803,1798,0,0,61,60,CCW,0,N,0,0,0
D7651658,431114,436723,1,1802,1798,0,0,61,60,CCW,0,N,0,0,0
D7651658,431115,436724,1,1802,1798,0,0,61,60,CCW,0,N,0,0,0
D7651658,431116,436725,1,1803,1798,0,0,61,60,CCW,0,N,0,0,0
D7651658,431117,436726,1,1803,1798,0,0,61,60,CCW,0,N,0,0,0
D7651658,431118,436727,1,1802,1798,0,0,61,60,CCW,0,N,0,0,0
D7651658,431119,436728,1,1801,1798,0,0,61,60,CCW,0,N,0,0,0
D7651658,431120,436729,1,1800,1798,0,0,61,60,CCW,0,N,0,0,0
D7651658,431121,436730,1,1803,1798,0,0,61,60,CCW,0,N,0,0,0
D7651658,431122,436731,1,1802,1798,0,0,61,60,CCW,0,N,0,0,0
D7651658,431123,436732,1,1802,1798,0,0,61,60,CCW,0,N,0,0,0
D7651658,431124,436733,1,1802,1798,0,0,61,60,CCW,0,N,0,0,0
D7651658,431125,436734,1,1802,1798,0,0,61,60,CCW,0,N,0,0,0
D7651658,431126,436735,1,1802,1798,0,0,61,60,CCW,0,N,0,0,0
D7651658,431127,436736,1,1801,1798,0,0,61,60,CCW,0,N,0,0,0
D7651658,431128,436737,1,1801,1798,0,0,61,60,CCW,0,N,0,0,0
D7651658,431129,436738,1,1802,1798,0,0,61,60,CCW,0,N,0,0,0
D7651658,431130,436739,1,1800,1798,0,0,61,60,CCW,0,N,0,0,0
D7651658,431131,436740,1,1800,1798,0,0,61,60,CCW,0,N,0,0,0
D7651658,431132,436741,1,1802,1798,0,0,61,60,CCW,0,N,0,0,0
D7651658,431133,436742,1,1802,1798,0,0,61,60,CCW,0,N,0,0,0
D7651658,431134,436743,1,1802,1798,0,0,61,60,CCW,0,N,0,0,0
D7651658,431135,436744,1,1803,1798,0,0,61,60,CCW,0,N,0,0,0
D7651658,431136,436745,1,1800,1798,0,0,61,60,CCW,0,N,0,0,0
D7651658,431137,436746,1,1801,1798,0,0,61,60,CCW,0,N,0,0,0
D7651658,431138,436747,1,1803,1798,0,0,61,60,CCW,0,N,0,0,0
D7651658,431139,436748,1,1801,1798,0,0,61,60,CCW,0,N,0,0,0
D7651658,431140,436749,1,1802,1798,0,0,61,60,CCW,0,N,0,0,0
D7651658,431141,436750,1,1801,1798,0,0,61,60,CCW,0,N,0,0,0
D7651658,431142,436751,1,1804,1798,0,0,61,60,CCW,0,N,0,0,0
D7651658,431143,436752,1,1802,1798,0,0,61,60,CCW,0,N,0,0,0
D7651658,431144,436753,1,1803,1798,0,0,61,60,CCW,0,N,0,0,0
D7651658,431145,436754,1,1802,1798,0,0,61,60,CCW,0,N,0,0,0
D7651658,431146,436755,1,1803,1798,0,0,61,60,CCW,0,N,0,0,0
D7651658,431147,436756,1,1804,1798,0,0,61,60,CCW,0,N,0,0,0
D7651658,431148,436757,1,1802,1798,0,0,61,60,CCW,0,N,0,0,0
D7651658,431149,436758,1,1803,1798,0,0,60,60,CCW,0,N,0,0,0
D7651658,431150,436759,1,1797,1798,0,0,60,60,CCW,0,N,0,0,0
D7651658,431151,436760,1,1804,1798,0,0,60,60,CCW,0,N,0,0,0
D7651658,431152,436761,1,1802,1798,0,0,60,60,CCW,0,N,0,0,0
D7651658,431153,436762,1,1803,1798,0,0,60,60,CCW,0,N,0,0,0
D7651658,431154,436763,1,1803,1798,0,0,60,60,CCW,0,N,0,0,0
D7651658,431155,436764,1,1802,1798,0,0,60,60,CCW,0,N,0,0,0
D7651658,431156,436765,1,1804,1798,0,0,60,60,CCW,0,N,0,0,0
D7651658,431157,436766,1,1803,1798,0,0,60,60,CCW,0,N,0,0,0
D7651658,431158,436767,1,1803,1798,0,0,60,60,CCW,0,N,0,0,0
D7651658,431159,436768,1,1803,1798,0,0,60,60,CCW,0,N,0,0,0
D7651658,431160,436769,1,1806,1798,0,0,60,60,CCW,0,N,0,0,0
D7651658,431161,436770,1,1803,1798,0,0,60,60,CCW,0,N,0,0,0
D7651658,431162,436771,1,1804,1798,0,0,60,60,CCW,0,N,0,0,0
D7651658,431163,436772,1,1805,1798,0,0,60,60,CCW,0,N,0,0,0
D7651658,431164,436773,1,1804,1798,0,0,60,60,CCW,0,N,0,0,0
D7651658,431165,436774,1,1804,1798,0,0,60,60,CCW,0,N,0,0,0
D7651658,431166,436775,1,1804,1798,0,0,60,60,CCW,0,N,0,0,0
D7651658,431167,436776,1,1805,1798,0,0,60,60,CCW,0,N,0,0,0
D7651658,431168,436777,1,1803,1798,0,0,60,60,CCW,0,N,0,0,0
D7651658,431169,436778,1,1802,1798,0,0,60,60,CCW,0,N,0,0,0
D7651658,431170,436779,1,1803,1798,0,0,60,60,CCW,0,N,0,0,0
D7651658,431171,436780,1,1803,1798,0,0,60,60,CCW,0,N,0,0,0
D7651658,431172,436781,1,1806,1798,0,0,60,60,CCW,0,N,0,0,0
D7651658,431173,436782,1,1802,1798,0,0,60,60,CCW,0,N,0,0,0
D7651658,431174,436783,1,1803,1798,0,0,60,60,CCW,0,N,0,0,0
D7651658,431175,436784,1,1803,1798,0,0,60,60,CCW,0,N,0,0,0
D7651658,431176,436785,1,1803,1798,0,0,60,60,CCW,0,N,0,0,0
D7651658,431177,436786,1,1803,1798,0,0,60,60,CCW,0,N,0,0,0
D7651658,431178,436787,1,1797,1798,0,0,60,60,CCW,0,N,0,0,0
D7651658,431179,436788,1,1802,1798,0,0,60,60,CCW,0,N,0,0,0
D7651658,431180,436789,1,1801,1798,0,0,60,60,CCW,0,N,0,0,0
D7651658,431181,436790,1,1802,1798,0,0,60,60,CCW,0,N,0,0,0
D7651658,431182,436791,1,1801,1798,0,0,60,60,CCW,0,N,0,0,0
D7651658,431183,436792,1,1802,1798,0,0,60,60,CCW,0,N,0,0,0
D7651658,431184,436793,1,1804,1798,0,0,60,60,CCW,0,N,0,0,0
D7651658,431185,436794,1,1802,1798,0,0,60,60,CCW,0,N,0,0,0
D7651658,431186,436795,1,1805,1798,0,0,60,60,CCW,0,N,0,0,0
D7651658,431187,436796,1,1803,1798,0,0,60,60,CCW,0,N,0,0,0
D7651658,431188,436797,1,1802,1798,0,0,60,60,CCW,0,N,0,0,0
D7651658,431189,436798,1,1804,1798,0,0,60,60,CCW,0,N,0,0,0
D7651658,431190,436799,1,1802,1798,0,0,60,60,CCW,0,N,0,0,0
D7651658,431191,436800,1,1802,1798,0,0,60,60,CCW,0,N,0,0,0
D7651658,431192,436801,1,1803,1798,0,0,60,60,CCW,0,N,0,0,0
D7651658,431193,436802,1,1807,1798,0,0,60,60,CCW,0,N,0,0,0
D7651658,431194,436803,1,1804,1798,0,0,60,60,CCW,0,N,0,0,0
D7651658,431195,436804,1,1802,1798,0,0,60,60,CCW,0,N,0,0,0
D7651658,431196,436805,1,1802,1798,0,0,60,60,CCW,0,N,0,0,0
D7651658,431197,436806,1,1804,1798,0,0,60,60,CCW,0,N,0,0,0
D7651658,431198,436807,1,1804,1798,0,0,60,60,CCW,0,N,0,0,0
D7651658,431199,436808,1,1801,1798,0,0,60,60,CCW,0,N,0,0,0
D7651658,431200,436809,1,1803,1798,0,0,60,60,CCW,0,N,0,0,0
D7651658,431201,436810,1,1803,1798,0,0,60,60,CCW,0,N,0,0,0
D7651658,431202,436811,1,1804,1798,0,0,60,60,CCW,0,N,0,0,0
D7651658,431203,436812,1,1804,1798,0,0,60,60,CCW,0,N,0,0,0
D7651658,431204,436813,1,1803,1798,0,0,60,60,CCW,0,N,0,0,0
D7651658,431205,436814,1,1804,1798,0,0,60,60,CCW,0,N,0,0,0
D7651658,431206,436815,1,1805,1798,0,0,60,60,CCW,0,N,0,0,0
D7651658,431207,436816,1,1805,1798,0,0,60,60,CCW,0,N,0,0,0
D7651658,431208,436817,1,1804,1798,0,0,60,60,CCW,0,N,0,0,0
D7651658,431209,436818,1,1806,1798,0,0,60,60,CCW,0,N,0,0,0
D7651658,431210,436819,1,1805,1798,0,0,60,60,CCW,0,N,0,0,0
D7651658,431211,436820,1,1803,1798,0,0,60,60,CCW,0,N,0,0,0
D7651658,431212,436821,1,1805,1798,0,0,60,60,CCW,0,N,0,0,0
D7651658,431213,436822,1,1804,1798,0,0,60,60,CCW,0,N,0,0,0
D7651658,431214,436823,1,1805,1798,0,0,60,60,CCW,0,N,0,0,0
D7651658,431215,436824,1,1803,1798,0,0,60,60,CCW,0,N,0,0,0
D7651658,431216,436825,1,1805,1798,0,0,60,60,CCW,0,N,0,0,0
D7651658,431217,436826,1,1804,1798,0,0,60,60,CCW,0,N,0,0,0
D7651658,431218,436827,1,1805,1798,0,0,60,60,CCW,0,N,0,0,0
D7651658,431219,436828,1,1803,1798,0,0,60,60,CCW,0,N,0,0,0
D7651658,431220,436829,1,1805,1798,0,0,60,60,CCW,0,N,0,0,0
D7651658,431221,436830,1,1804,1798,0,0,60,60,CCW,0,N,0,0,0
D7651658,431222,436831,1,1803,1798,0,0,60,60,CCW,0,N,0,0,0
D7651658,431223,436832,1,1803,1798,0,0,60,60,CCW,0,N,0,0,0
D7651658,431224,436833,1,1806,1798,0,0,60,60,CCW,0,N,0,0,0
D7651658,431225,436834,1,1805,1798,0,0,60,60,CCW,0,N,0,0,0
D7651658,431226,436835,1,1805,1798,0,0,60,60,CCW,0,N,0,0,0
D7651658,431227,436836,1,1804,1798,0,0,60,60,CCW,0,N,0,0,0
D7651658,431228,436837,1,1805,1798,0,0,60,60,CCW,0,N,0,0,0
D7651658,431229,436838,1,1804,1798,0,0,60,60,CCW,0,N,0,0,0
D7651658,431230,436839,1,1805,1798,0,0,60,60,CCW,0,N,0,0,0
D7651658,431231,436840,1,1805,1798,0,0,60,60,CCW,0,N,0,0,0
D7651658,431232,436841,1,1806,1798,0,0,60,60,CCW,0,N,0,0,0
D7651658,431233,436842,1,1803,1798,0,0,60,60,CCW,0,N,0,0,0
D7651658,431234,436843,1,1804,1798,0,0,60,60,CCW,0,N,0,0,0
D7651658,431235,436844,1,1805,1798,0,0,60,60,CCW,0,N,0,0,0
D7651658,431236,436845,1,1788,1798,0,0,60,60,CCW,0,N,0,0,0
D7651658,431237,436846,1,1805,1798,0,0,60,60,CCW,0,N,0,0,0
D7651658,431238,436847,1,1805,1798,0,0,60,60,CCW,0,N,0,0,0
D7651658,431239,436848,1,1806,1798,0,0,60,60,CCW,0,N,0,0,0
D7651658,431240,436849,1,1807,1798,0,0,60,60,CCW,0,N,0,0,0
D7651658,431241,436850,1,1802,1798,0,0,60,60,CCW,0,N,0,0,0
D7651658,431242,436851,1,1804,1798,0,0,60,60,CCW,0,N,0,0,0
D7651658,431243,436852,1,1805,1798,0,0,60,60,CCW,0,N,0,0,0
D7651658,431244,436853,1,1805,1798,0,0,60,60,CCW,0,N,0,0,0
D7651658,431245,436854,1,1810,1798,0,0,60,60,CCW,0,N,0,0,0
D7651658,431246,436855,1,1806,1798,0,0,60,60,CCW,0,N,0,0,0
D7651658,431247,436856,1,1807,1798,0,0,60,60,CCW,0,N,0,0,0
D7651658,431248,436857,1,1806,1798,0,0,60,60,CCW,0,N,0,0,0
D7651658,431249,436858,1,1805,1798,0,0,60,60,CCW,0,N,0,0,0
D7651658,431250,436859,1,1806,1798,0,0,60,60,CCW,0,N,0,0,0
D7651658,431251,436860,1,1806,1798,0,0,60,60,CCW,0,N,0,0,0
D7651658,431252,436861,1,1806,1798,0,0,60,60,CCW,0,N,0,0,0
D7651658,431253,436862,1,1813,1798,0,0,60,60,CCW,0,N,0,0,0
D7651658,431254,436863,1,1806,1798,0,0,60,60,CCW,0,N,0,0,0
D7651658,431255,436864,1,1802,1798,0,0,60,60,CCW,0,N,0,0,0
D7651658,431256,436865,1,1807,1798,0,0,60,60,CCW,0,N,0,0,0
D7651658,431257,436866,1,1802,1798,0,0,60,60,CCW,0,N,0,0,0
D7651658,431258,436867,1,1809,1798,0,0,60,60,CCW,0,N,0,0,0
D7651658,431259,436868,1,1805,1798,0,0,60,60,CCW,0,N,0,0,0
D7651658,431260,436869,1,1806,1798,0,0,60,60,CCW,0,N,0,0,0
D7651658,431261,436870,1,1804,1798,0,0,60,60,CCW,0,N,0,0,0
D7651658,431262,436871,1,1805,1798,0,0,60,60,CCW,0,N,0,0,0
D7651658,431263,436872,1,1803,1798,0,0,60,60,CCW,0,N,0,0,0
D7651658,431264,436873,1,1807,1798,0,0,60,60,CCW,0,N,0,0,0
D7651658,431265,436874,1,1807,1798,0,0,60,60,CCW,0,N,0,0,0
D7651658,431266,436875,1,1806,1798,0,0,60,60,CCW,0,N,0,0,0
D7651658,431267,436876,1,1806,1798,0,0,60,60,CCW,0,N,0,0,0
D7651658,431268,436877,1,1807,1798,0,0,60,60,CCW,0,N,0,0,0
D7651658,431269,436878,1,1807,1798,0,0,60,60,CCW,0,N,0,0,0
D7651658,431270,436879,1,1807,1798,0,0,60,60,CCW,0,N,0,0,0
D7651658,431271,436880,1,1803,1798,0,0,60,60,CCW,0,N,0,0,0
D7651658,431272,436881,1,1807,1798,0,0,60,60,CCW,0,N,0,0,0
D7651658,431273,436882,1,1807,1798,0,0,60,60,CCW,0,N,0,0,0
D7651658,431274,436883,1,1815,1798,0,0,60,60,CCW,0,N,0,0,0
D7651658,431275,436884,1,1807,1798,0,0,60,60,CCW,0,N,0,0,0
D7651658,431276,436885,1,1797,1798,0,0,60,60,CCW,0,N,0,0,0
D7651658,431277,436886,1,1808,1798,0,0,60,60,CCW,0,N,0,0,0
D7651658,431278,436887,1,1807,1798,0,0,60,60,CCW,0,N,0,0,0
D7651658,431279,436888,1,1807,1798,0,0,60,60,CCW,0,N,0,0,0
D7651658,431280,436889,1,1807,1798,0,0,60,60,CCW,0,N,0,0,0
D7651658,431281,436890,1,1807,1798,0,0,60,60,CCW,0,N,0,0,0
D7651658,431282,436891,1,1808,1798,0,0,60,60,CCW,0,N,0,0,0
D7651658,431283,436892,1,1807,1798,0,0,60,60,CCW,0,N,0,0,0
D7651658,431284,436893,1,1807,1798,0,0,60,60,CCW,0,N,0,0,0
D7651658,431285,436894,1,1807,1798,0,0,60,60,CCW,0,N,0,0,0
D7651658,431286,436895,1,1807,1798,0,0,60,60,CCW,0,N,0,0,0
D7651658,431287,436896,1,1808,1798,0,0,60,60,CCW,0,N,0,0,0
D7651658,431288,436897,1,1806,1798,0,0,60,60,CCW,0,N,0,0,0
D7651658,431289,436898,1,1808,1798,0,0,60,60,CCW,0,N,0,0,0
D7651658,431290,436899,1,1808,1798,0,0,60,60,CCW,0,N,0,0,0
D7651658,431291,436900,1,1807,1798,0,0,60,60,CCW,0,N,0,0,0
D7651658,431292,436901,1,1808,1798,0,0,60,60,CCW,0,N,0,0,0
D7651658,431293,436902,1,1807,1798,0,0,60,60,CCW,0,N,0,0,0
D7651658,431294,436903,1,1808,1798,0,0,60,60,CCW,0,N,0,0,0
D7651658,431295,436904,1,1807,1798,0,0,60,60,CCW,0,N,0,0,0
D7651658,431296,436905,1,1807,1798,0,0,60,60,CCW,0,N,0,0,0
D7651658,431297,436906,1,1807,1798,0,0,60,60,CCW,0,N,0,0,0
D7651658,431298,436907,1,1807,1798,0,0,60,60,CCW,0,N,0,0,0
D7651658,431299,436908,1,1807,1798,0,0,60,60,CCW,0,N,0,0,0
D7651658,431300,436909,1,1807,1798,0,0,60,60,CCW,0,N,0,0,0
D7651658,431301,436910,1,1806,1798,0,0,60,60,CCW,0,N,0,0,0
D7651658,431302,436911,1,1807,1798,0,0,60,60,CCW,0,N,0,0,0
D7651658,431303,436912,1,1808,1798,0,0,60,60,CCW,0,N,0,0,0
D7651658,431304,436913,1,1807,1798,0,0,60,60,CCW,0,N,0,0,0
D7651658,431305,436914,1,1804,1798,0,0,60,60,CCW,0,N,0,0,0
D7651658,431306,436915,1,1808,1798,0,0,60,60,CCW,0,N,0,0,0
D7651658,431307,436916,1,1810,1798,0,0,60,60,CCW,0,N,0,0,0
D7651658,431308,436917,1,1807,1798,0,0,60,60,CCW,0,N,0,0,0
D7651658,431309,436918,1,1804,1798,0,0,60,60,CCW,0,N,0,0,0
D7651658,431310,436919,1,1807,1798,0,0,60,60,CCW,0,N,0,0,0
D7651658,431311,436920,1,1808,1798,0,0,60,60,CCW,0,N,0,0,0
D7651658,431312,436921,1,1808,1798,0,0,60,60,CCW,0,N,0,0,0
D7651658,431313,436922,1,1807,1798,0,0,60,60,CCW,0,N,0,0,0
D7651658,431314,436923,1,1808,1798,0,0,60,60,CCW,0,N,0,0,0
D7651658,431315,436924,1,1808,1798,0,0,60,60,CCW,0,N,0,0,0
D7651658,431316,436925,1,1808,1798,0,0,60,60,CCW,0,N,0,0,0
D7651658,431317,436926,1,1807,1798,0,0,60,60,CCW,0,N,0,0,0
D7651658,431318,436927,1,1824,1798,0,0,60,60,CCW,0,N,0,0,0
D7651658,431319,436928,1,1807,1798,0,0,60,60,CCW,0,N,0,0,0
D7651658,431320,436929,1,1807,1798,0,0,60,60,CCW,0,N,0,0,0
D7651658,431321,436930,1,1820,1798,0,0,60,60,CCW,0,N,0,0,0
D7651658,431322,436931,1,1809,1798,0,0,60,60,CCW,0,N,0,0,0
D7651658,431323,436932,1,1808,1798,0,0,60,60,CCW,0,N,0,0,0
D7651658,431324,436933,1,1808,1798,0,0,60,60,CCW,0,N,0,0,0
D7651658,431325,436934,1,1808,1798,0,0,60,60,CCW,0,N,0,0,0
D7651658,431326,436935,1,1808,1798,0,0,60,60,CCW,0,N,0,0,0
D7651658,431327,436936,1,1809,1798,0,0,60,60,CCW,0,N,0,0,0
D7651658,431328,436937,1,1808,1798,0,0,60,60,CCW,0,N,0,0,0
D7651658,431329,436938,1,1808,1798,0,0,60,60,CCW,0,N,0,0,0
D7651658,431330,436939,1,1808,1798,0,0,60,60,CCW,0,N,0,0,0
D7651658,431331,436940,1,1808,1798,0,0,60,60,CCW,0,N,0,0,0
D7651658,431332,436941,1,1809,1798,0,0,60,60,CCW,0,N,0,0,0
D7651658,431333,436942,1,1808,1798,0,0,60,60,CCW,0,N,0,0,0
D7651658,431334,436943,1,1808,1798,0,0,60,60,CCW,0,N,0,0,0
D7651658,431335,436944,1,1810,1798,0,0,60,60,CCW,0,N,0,0,0
D7651658,431336,436945,1,1809,1798,0,0,60,60,CCW,0,N,0,0,0
D7651658,431337,436946,1,1808,1798,0,0,60,60,CCW,0,N,0,0,0
D7651658,431338,436947,1,1809,1798,0,0,60,60,CCW,0,N,0,0,0
D7651658,431339,436948,1,1809,1798,0,0,60,60,CCW,0,N,0,0,0
D7651658,431340,436949,1,1808,1798,0,0,60,60,CCW,0,N,0,0,0
D7651658,431341,436950,1,1809,1798,0,0,60,60,CCW,0,N,0,0,0
D7651658,431342,436951,1,1810,1798,0,0,60,60,CCW,0,N,0,0,0
D7651658,431343,436952,1,1808,1798,0,0,60,60,CCW,0,N,0,0,0
D7651658,431344,436953,1,1809,1798,0,0,60,60,CCW,0,N,0,0,0
D7651658,431345,436954,1,1809,1798,0,0,60,60,CCW,0,N,0,0,0
D7651658,431346,436955,1,1809,1798,0,0,60,60,CCW,0,N,0,0,0
D7651658,431347,436956,1,1809,1798,0,0,60,60,CCW,0,N,0,0,0
D7651658,431348,436957,1,1809,1798,0,0,60,60,CCW,0,N,0,0,0
D7651658,431349,436958,1,1809,1798,0,0,60,60,CCW,0,N,0,0,0
D7651658,431350,436959,1,1809,1798,0,0,60,60,CCW,0,N,0,0,0
D7651658,431351,436960,1,1808,1798,0,0,60,60,CCW,0,N,0,0,0
D7651658,431352,436961,1,1808,1798,0,0,60,60,CCW,0,N,0,0,0
D7651658,431353,436962,1,1813,1798,0,0,60,60,CCW,0,N,0,0,0
D7651658,431354,436963,1,1810,1798,0,0,60,60,CCW,0,N,0,0,0
D7651658,431355,436964,1,1809,1798,0,0,60,60,CCW,0,N,0,0,0
D7651658,431356,436965,1,1809,1798,0,0,60,60,CCW,0,N,0,0,0
D7651658,431357,436966,1,1809,1798,0,0,60,60,CCW,0,N,0,0,0
D7651658,431358,436967,1,1809,1798,0,0,60,60,CCW,0,N,0,0,0
D7651658,431359,436968,1,1809,1798,0,0,60,60,CCW,0,N,0,0,0
D7651658,431360,436969,1,1809,1798,0,0,60,60,CCW,0,N,0,0,0
D7651658,431361,436970,1,1810,1798,0,0,60,60,CCW,0,N,0,0,0
D7651658,431362,436971,1,1809,1798,0,0,60,60,CCW,0,N,0,0,0
D7651658,431363,436972,1,1810,1798,0,0,60,60,CCW,0,N,0,0,0
D7651658,431364,436973,1,1809,1798,0,0,60,60,CCW,0,N,0,0,0
D7651658,431365,436974,1,1809,1798,0,0,60,60,CCW,0,N,0,0,0
D7651658,431366,436975,1,1810,1798,0,0,60,60,CCW,0,N,0,0,0
D7651658,431367,436976,1,1810,1798,0,0,60,60,CCW,0,N,0,0,0
D7651658,431368,436977,1,1809,1798,0,0,60,60,CCW,0,N,0,0,0
D7651658,431369,436978,1,1809,1798,0,0,60,60,CCW,0,N,0,0,0
D7651658,431370,436979,1,1809,1798,0,0,60,60,CCW,0,N,0,0,0
D7651658,431371,436980,1,1808,1798,0,0,60,60,CCW,0,N,0,0,0
D7651658,431372,436981,1,1808,1798,0,0,60,60,CCW,0,N,0,0,0
D7651658,431373,436982,1,1809,1798,0,0,60,60,CCW,0,N,0,0,0
D7651658,431374,436983,1,1809,1798,0,0,60,60,CCW,0,N,0,0,0
D7651658,431375,436984,1,1810,1798,0,0,60,60,CCW,0,N,0,0,0
D7651658,431376,436985,1,1809,1798,0,0,60,60,CCW,0,N,0,0,0
D7651658,431377,436986,1,1808,1798,0,0,60,60,CCW,0,N,0,0,0
D7651658,431378,436987,1,1809,1798,0,0,60,60,CCW,0,N,0,0,0
D7651658,431379,436988,1,1811,1798,0,0,60,60,CCW,0,N,0,0,0
D7651658,431380,436989,1,1808,1798,0,0,60,60,CCW,0,N,0,0,0
D7651658,431381,436990,1,1809,1798,0,0,60,60,CCW,0,N,0,0,0
D7651658,431382,436991,1,1809,1798,0,0,60,60,CCW,0,N,0,0,0
D7651658,431383,436992,1,1808,1798,0,0,60,60,CCW,0,N,0,0,0
D7651658,431384,436993,1,1801,1798,0,0,60,60,CCW,0,N,0,0,0
D7651658,431385,436994,1,1809,1798,0,0,60,60,CCW,0,N,0,0,0
D7651658,431386,436995,1,1809,1798,0,0,60,60,CCW,0,N,0,0,0
D7651658,431387,436996,1,1808,1798,0,0,60,60,CCW,0,N,0,0,0
D7651658,431388,436997,1,1808,1798,0,0,60,60,CCW,0,N,0,0,0
D7651658,431389,436998,1,1808,1798,0,0,60,60,CCW,0,N,0,0,0
D7651658,431390,436999,1,1809,1798,0,0,60,60,CCW,0,N,0,0,0
D7651658,431391,437000,1,1808,1798,0,0,60,60,CCW,0,N,0,0,0
D7651658,431392,437001,1,1808,1798,0,0,60,60,CCW,0,N,0,0,0
D7651658,431393,437003,2,1808,1798,0,0,60,60,CCW,0,N,0,1,1
D7651658,431394,437004,1,1809,1798,0,0,60,60,CCW,0,N,0,0,0
D7651658,431395,437005,1,1808,1798,0,0,60,60,CCW,0,N,0,0,0
D7651658,431396,437006,1,1808,1798,0,0,60,60,CCW,0,N,0,0,0
D7651658,431397,437007,1,1810,1798,0,0,60,60,CCW,0,N,0,0,0
D7651658,431398,437008,1,1809,1798,0,0,60,60,CCW,0,N,0,0,0
D7651658,431399,437009,1,1808,1798,0,0,60,60,CCW,0,N,0,0,0
D7651658,431400,437010,1,1808,1798,0,0,60,60,CCW,0,N,0,0,0
D7651658,431401,437011,1,1807,1798,0,0,60,60,CCW,0,N,0,0,0
D7651658,431402,437012,1,1808,1798,0,0,60,60,CCW,0,N,0,0,0
D7651658,431403,437013,1,1807,1798,0,0,60,60,CCW,0,N,0,0,0
D7651658,431404,437014,1,1807,1798,0,0,60,60,CCW,0,N,0,0,0
D7651658,431405,437015,1,1807,1798,0,0,60,60,CCW,0,N,0,0,0
D7651658,431406,437016,1,1807,1798,0,0,60,60,CCW,0,N,0,0,0
D7651658,431407,437017,1,1806,1798,0,0,60,60,CCW,0,N,0,0,0
D7651658,431408,437018,1,1807,1798,0,0,60,60,CCW,0,N,0,0,0
D7651658,431409,437019,1,1807,1798,0,0,60,60,CCW,0,N,0,0,0
D7651658,431410,437020,1,1807,1798,0,0,60,60,CCW,0,N,0,0,0
D7651658,431411,437021,1,1807,1798,0,0,60,60,CCW,0,N,0,0,0
D7651658,431412,437022,1,1805,1798,0,0,60,60,CCW,0,N,0,0,0
D7651658,431413,437023,1,1806,1798,0,0,60,60,CCW,0,N,0,0,0
D7651658,431414,437024,1,1804,1798,0,0,60,60,CCW,0,N,0,0,0
D7651658,431415,437025,1,1805,1798,0,0,60,60,CCW,0,N,0,0,0
D7651658,431416,437026,1,1804,1798,0,0,60,60,CCW,0,N,0,0,0
D7651658,431417,437027,1,1804,1798,0,0,60,60,CCW,0,N,0,0,0
D7651658,431418,437028,1,1803,1798,0,0,60,60,CCW,0,N,0,0,0
D7651658,431419,437029,1,1804,1798,0,0,60,60,CCW,0,N,0,0,0
D7651658,431420,437030,1,1803,1798,0,0,60,60,CCW,0,N,0,0,0
D7651658,431421,437031,1,1802,1798,0,0,60,60,CCW,0,N,0,0,0
D7651658,431422,437032,1,1801,1798,0,0,60,60,CCW,0,N,0,0,0
D7651658,431423,437033,1,1801,1798,0,0,60,60,CCW,0,N,0,0,0
D7651658,431424,437034,1,1801,1798,0,0,60,60,CCW,0,N,0,0,0
D7651658,431425,437035,1,1801,1798,0,0,60,60,CCW,0,N,0,0,0
D7651658,431426,437036,1,1800,1798,0,0,60,60,CCW,0,N,0,0,0
D7651658,431427,437037,1,1799,1798,0,0,60,60,CCW,0,N,0,0,0
D7651658,431428,437038,1,1799,1798,0,0,60,60,CCW,0,N,0,0,0
D7651658,431429,437039,1,1798,1798,0,0,60,60,CCW,0,N,0,0,0
D7651658,431430,437040,1,1797,1798,0,0,60,60,CCW,0,N,0,0,0
D7651658,431431,437041,1,1796,1798,0,0,60,60,CCW,0,N,0,0,0
D7651658,431432,437042,1,1796,1798,0,0,60,60,CCW,0,N,0,0,0
D7651658,431433,437043,1,1796,1798,0,0,60,60,CCW,0,N,0,0,0
D7651658,431434,437044,1,1796,1798,0,0,60,60,CCW,0,N,0,0,0
D7651658,431435,437045,1,1799,1798,0,0,60,60,CCW,0,N,0,0,0
D7651658,431436,437046,1,1791,1798,0,0,60,60,CCW,0,N,0,0,0
D7651658,431437,437047,1,1793,1798,0,0,60,60,CCW,0,N,0,0,0
D7651658,431438,437048,1,1793,1798,0,0,60,60,CCW,0,N,0,0,0
D7651658,431439,437049,1,1792,1798,0,0,60,60,CCW,0,N,0,0,0
D7651658,431440,437050,1,1791,1798,0,0,60,60,CCW,0,N,0,0,0
D7651658,431441,437051,1,1790,1798,0,0,60,60,CCW,0,N,0,0,0
D7651658,431442,437052,1,1785,1798,0,0,60,60,CCW,0,N,0,0,0
D7651658,431443,437053,1,1789,1798,0,0,60,60,CCW,0,N,0,0,0
D7651658,431444,437054,1,1788,1798,0,0,60,60,CCW,0,N,0,0,0
D7651658,431445,437055,1,1789,1798,0,0,60,60,CCW,0,N,0,0,0
D7651658,431446,437056,1,1786,1798,0,0,60,60,CCW,0,N,0,0,0
D7651658,431447,437057,1,1785,1798,0,0,60,60,CCW,0,N,0,0,0
D7651658,431448,437058,1,1783,1798,0,0,60,60,CCW,0,N,0,0,0
D7651658,431449,437059,1,1787,1798,0,0,60,60,CCW,0,N,0,0,0
D7651658,431450,437060,1,1782,1798,0,0,60,60,CCW,0,N,0,0,0
D7651658,431451,437061,1,1781,1798,0,0,60,60,CCW,0,N,0,0,0
D7651658,431452,437062,1,1779,1798,0,0,60,60,CCW,0,N,0,0,0
D7651658,431453,437063,1,1778,1798,0,0,60,60,CCW,0,N,0,0,0
D7651658,431454,437064,1,1777,1798,0,0,60,60,CCW,0,N,0,0,0
D7651658,431455,437065,1,1776,1798,0,0,60,60,CCW,0,N,0,0,0
D7651658,431456,437066,1,1776,1798,0,0,60,60,CCW,0,N,0,0,0
D7651658,431457,437067,1,1775,1798,0,0,60,60,CCW,0,N,0,0,0
D7651658,431458,437068,1,1775,1798,0,0,60,60,CCW,0,N,0,0,0
D7651658,431459,437069,1,1775,1798,0,0,60,60,CCW,0,N,0,0,0
D7651658,431460,437070,1,1772,1798,0,0,60,60,CCW,0,N,0,0,0
D7651658,431461,437071,1,1772,1798,0,0,60,60,CCW,0,N,0,0,0
D7651658,431462,437072,1,1769,1798,0,0,60,60,CCW,0,N,0,0,0
D7651658,431463,437073,1,1768,1798,0,0,60,60,CCW,0,N,0,0,0
D7651658,431464,437074,1,1767,1798,0,0,60,60,CCW,0,N,0,0,0
D7651658,431465,437075,1,1765,1798,0,0,60,60,CCW,0,N,0,0,0
D7651658,431466,437076,1,1764,1798,0,0,60,60,CCW,0,N,0,0,0
D7651658,431467,437077,1,1762,1798,0,0,60,60,CCW,0,N,0,0,0
D7651658,431468,437078,1,1760,1798,0,38,60,60,CCW,1,S,0,0,0
D7651658,431469,437079,1,1760,1798,0,38,60,60,CCW,1,S,0,0,0
D7651658,431470,437080,1,1754,1798,0,44,60,60,CCW,1,S,0,0,0
D7651658,431471,437081,1,1754,1798,0,44,60,60,CCW,1,S,0,0,0
D7651658,431472,437082,1,1753,1798,0,45,60,60,CCW,1,S,0,0,0
D7651658,431473,437083,1,1767,1798,0,45,60,60,CCW,1,S,0,0,0
D7651658,431474,437084,1,1749,1798,0,49,60,60,CCW,1,S,0,0,0
D7651658,431475,437085,1,1747,1798,0,51,60,60,CCW,1,S,0,0,0
D7651658,431476,437086,1,1747,1798,0,51,60,60,CCW,1,S,0,0,0
D7651658,431477,437087,1,1746,1798,0,52,60,60,CCW,1,S,0,0,0
D7651658,431478,437088,1,1744,1798,0,54,60,60,CCW,1,S,0,0,0
D7651658,431479,437089,1,1743,1798,0,55,60,60,CCW,1,S,0,0,0
D7651658,431480,437090,1,1741,1798,0,57,60,60,CCW,1,S,0,0,0
D7651658,431481,437091,1,1741,1798,0,57,60,60,CCW,1,S,0,0,0
D7651658,431482,437092,1,1740,1798,0,58,60,60,CCW,1,S,0,0,0
D7651658,431483,437093,1,1736,1798,0,62,60,60,CCW,1,S,0,0,0
D7651658,431484,437094,1,1736,1798,0,62,60,60,CCW,1,S,0,0,0
D7651658,431485,437095,1,1733,1798,0,65,60,60,CCW,1,S,0,0,0
D7651658,431486,437096,1,1729,1798,0,69,60,60,CCW,1,S,0,0,0
D7651658,431487,437097,1,1729,1798,0,69,60,60,CCW,1,S,0,0,0
D7651658,431488,437098,1,1726,1798,0,72,60,60,CCW,1,S,0,0,0
D7651658,431489,437099,1,1726,1798,0,72,60,60,CCW,1,S,0,0,0
D7651658,431490,437100,1,1724,1798,0,74,60,60,CCW,1,S,0,0,0
D7651658,431491,437101,1,1720,1798,0,78,60,60,CCW,1,S,0,0,0
D7651658,431492,437102,1,1719,1798,0,79,60,60,CCW,1,S,0,0,0
D7651658,431493,437103,1,1713,1798,0,85,60,60,CCW,1,S,0,0,0
D7651658,431494,437104,1,1714,1798,0,85,60,60,CCW,1,S,0,0,0
D7651658,431495,437105,1,1713,1798,0,85,60,60,CCW,1,S,0,0,0
D7651658,431496,437106,1,1711,1798,0,87,60,60,CCW,1,S,0,0,0
D7651658,431497,437107,1,1708,1798,0,90,60,60,CCW,1,S,0,0,0
D7651658,431498,437108,1,1707,1798,0,91,60,60,CCW,1,S,0,0,0
D7651658,431499,437109,1,1705,1798,0,93,60,60,CCW,1,S,0,0,0
D7651658,431500,437110,1,1704,1798,0,94,60,60,CCW,1,S,0,0,0
D7651658,431501,437111,1,1703,1798,0,95,60,60,CCW,1,S,0,0,0
D7651658,431502,437112,1,1698,1798,0,100,60,60,CCW,1,S,0,0,0
D7651658,431503,437113,1,1697,1798,0,101,60,60,CCW,1,S,0,0,0
D7651658,431504,437114,1,1695,1798,0,103,60,60,CCW,1,S,0,0,0
D7651658,431505,437115,1,1693,1798,0,105,60,60,CCW,1,S,0,0,0
D7651658,431506,437116,1,1691,1798,0,107,60,60,CCW,1,S,0,0,0
D7651658,431507,437117,1,1689,1798,0,109,60,60,CCW,1,S,0,0,0
D7651658,431508,437118,1,1685,1798,0,113,60,60,CCW,1,S,0,0,0
D7651658,431509,437119,1,1683,1798,0,115,60,60,CCW,1,S,0,0,0
D7651658,431510,437120,1,1681,1798,0,117,60,60,CCW,1,S,0,0,0
D7651658,431511,437121,1,1680,1798,0,118,60,60,CCW,1,S,0,0,0
D7651658,431512,437122,1,1679,1798,0,119,60,60,CCW,1,S,0,0,0
D7651658,431513,437123,1,1680,1798,0,119,60,60,CCW,1,S,0,0,0
D7651658,431514,437124,1,1675,1798,0,123,60,60,CCW,1,S,0,0,0
D7651658,431515,437125,1,1675,1798,0,123,60,60,CCW,1,S,0,0,0
D7651658,431516,437126,1,1671,1798,0,127,60,60,CCW,1,S,0,0,0
D7651658,431517,437127,1,1669,1798,0,129,60,60,CCW,1,S,0,0,0
D7651658,431518,437128,1,1669,1798,0,129,60,60,CCW,1,S,0,0,0
D7651658,431519,437129,1,1661,1798,0,137,60,60,CCW,1,S,0,0,0
D7651658,431520,437130,1,1663,1798,0,137,60,60,CCW,1,S,0,0,0
D7651658,431521,437131,1,1661,1798,0,137,60,60,CCW,1,S,0,0,0
D7651658,431522,437132,1,1658,1798,0,140,60,60,CCW,1,S,0,0,0
D7651658,431523,437133,1,1658,1798,0,140,60,60,CCW,1,S,0,0,0
D7651658,431524,437134,1,1655,1798,0,143,60,60,CCW,1,S,0,0,0
D7651658,431525,437135,1,1654,1798,0,144,60,60,CCW,1,S,0,0,0
D7651658,431526,437136,1,1653,1798,0,145,60,60,CCW,1,S,0,0,0
D7651658,431527,437137,1,1649,1798,0,149,60,60,CCW,1,S,0,0,0
D7651658,431528,437138,1,1648,1798,0,150,60,60,CCW,1,S,0,0,0
D7651658,431529,437139,1,1648,1798,0,150,60,60,CCW,1,S,0,0,0
D7651658,431530,437140,1,1646,1798,0,152,60,60,CCW,1,S,0,0,0
D7651658,431531,437141,1,1646,1798,0,152,60,60,CCW,1,S,0,0,0
D7651658,431532,437142,1,1643,1798,0,155,60,60,CCW,1,S,0,0,0
D7651658,431533,437143,1,1642,1798,0,156,60,60,CCW,1,S,0,0,0
D7651658,431534,437144,1,1640,1798,0,158,60,60,CCW,1,S,0,0,0
D7651658,431535,437145,1,1637,1798,0,161,60,60,CCW,1,S,0,0,0
D7651658,431536,437146,1,1639,1798,0,161,60,60,CCW,1,S,0,0,0
D7651658,431537,437147,1,1633,1798,0,165,60,60,CCW,1,S,0,0,0
D7651658,431538,437148,1,1634,1798,0,165,60,60,CCW,1,S,0,0,0
D7651658,431539,437149,1,1633,1798,0,165,60,60,CCW,1,S,0,0,0
D7651658,431540,437150,1,1631,1798,0,167,60,60,CCW,1,S,0,0,0
D7651658,431541,437151,1,1628,1798,0,170,60,60,CCW,1,S,0,0,0
D7651658,431542,437152,1,1626,1798,0,172,60,60,CCW,1,S,0,0,0
D7651658,431543,437153,1,1624,1798,0,174,60,60,CCW,1,S,0,0,0
D7651658,431544,437154,1,1622,1798,0,176,60,60,CCW,1,S,0,0,0
D7651658,431545,437155,1,1621,1798,0,177,60,60,CCW,1,S,0,0,0
D7651658,431546,437156,1,1619,1798,0,179,60,60,CCW,1,S,0,0,0
D7651658,431547,437157,1,1617,1798,0,181,60,60,CCW,1,S,0,0,0
D7651658,431548,437158,1,1618,1798,0,181,60,60,CCW,1,S,0,0,0
D7651658,431549,437159,1,1616,1798,0,182,60,60,CCW,1,S,0,0,0
D7651658,431550,437160,1,1616,1798,0,182,60,60,CCW,1,S,0,0,0
D7651658,431551,437161,1,1613,1798,0,185,60,60,CCW,1,S,0,0,0
D7651658,431552,437162,1,1614,1798,0,185,60,60,CCW,1,S,0,0,0
D7651658,431553,437163,1,1613,1798,0,185,60,60,CCW,1,S,0,0,0
D7651658,431554,437164,1,1613,1798,0,185,60,60,CCW,1,S,0,0,0
D7651658,431555,437165,1,1610,1798,0,188,60,60,CCW,1,S,0,0,0
D7651658,431556,437166,1,1614,1798,0,188,60,60,CCW,1,S,0,0,0
D7651658,431557,437167,1,1607,1798,0,191,60,60,CCW,1,S,0,0,0
D7651658,431558,437168,1,1603,1798,0,195,60,60,CCW,1,S,0,0,0
D7651658,431559,437169,1,1605,1798,0,195,60,60,CCW,1,S,0,0,0
D7651658,431560,437170,1,1603,1798,0,195,60,60,CCW,1,S,0,0,0
D7651658,431561,437171,1,1602,1798,0,196,60,60,CCW,1,S,0,0,0
D7651658,431562,437172,1,1601,1798,0,197,60,60,CCW,1,S,0,0,0
D7651658,431563,437173,1,1602,1798,0,197,60,60,CCW,1,S,0,0,0
D7651658,431564,437174,1,1601,1798,0,197,60,60,CCW,1,S,0,0,0
D7651658,431565,437175,1,1600,1798,0,198,60,60,CCW,1,S,0,0,0
D7651658,431566,437176,1,1598,1798,0,200,60,60,CCW,1,S,0,0,0
D7651658,431567,437177,1,1600,1798,0,200,60,60,CCW,1,S,0,0,0
D7651658,431568,437178,1,1598,1798,0,200,60,60,CCW,1,S,0,0,0
D7651658,431569,437179,1,1598,1798,0,200,60,60,CCW,1,S,0,0,0
D7651658,431570,437180,1,1598,1798,0,200,60,60,CCW,1,S,0,0,0
D7651658,431571,437181,1,1596,1798,0,202,60,60,CCW,1,S,0,0,0
D7651658,431572,437182,1,1589,1798,0,209,60,60,CCW,1,S,0,0,0
D7651658,431573,437183,1,1597,1798,0,209,60,60,CCW,1,S,0,0,0
D7651658,431574,437184,1,1595,1798,0,209,60,60,CCW,1,S,0,0,0
D7651658,431575,437185,1,1596,1798,0,209,60,60,CCW,1,S,0,0,0
D7651658,431576,437186,1,1595,1798,0,209,60,60,CCW,1,S,0,0,0
D7651658,431577,437187,1,1595,1798,0,209,60,60,CCW,1,S,0,0,0
D7651658,431578,437188,1,1593,1798,0,209,60,60,CCW,1,S,0,0,0
D7651658,431579,437189,1,1594,1798,0,209,60,60,CCW,1,S,0,0,0
D7651658,431580,437190,1,1593,1798,0,209,60,60,CCW,1,S,0,0,0
D7651658,431581,437191,1,1591,1798,0,209,60,60,CCW,1,S,0,0,0
D7651658,431582,437192,1,1592,1798,0,209,60,60,CCW,1,S,0,0,0
D7651658,431583,437193,1,1592,1798,0,209,60,60,CCW,1,S,0,0,0
D7651658,431584,437194,1,1592,1798,0,209,60,60,CCW,1,S,0,0,0
D7651658,431585,437195,1,1592,1798,0,209,60,60,CCW,1,S,0,0,0
D7651658,431586,437196,1,1591,1798,0,209,60,60,CCW,1,S,0,0,0
D7651658,431587,437197,1,1590,1798,0,209,60,60,CCW,1,S,0,0,0
D7651658,431588,437198,1,1592,1798,0,209,60,60,CCW,1,S,0,0,0
D7651658,431589,437199,1,1591,1798,0,209,60,60,CCW,1,S,0,0,0
D7651658,431590,437200,1,1590,1798,0,209,60,60,CCW,1,S,0,0,0
D7651658,431591,437201,1,1591,1798,0,209,60,60,CCW,1,S,0,0,0
D7651658,431592,437202,1,1588,1798,0,210,60,60,CCW,1,S,0,0,0
D7651658,431593,437203,1,1589,1798,0,210,60,60,CCW,1,S,0,0,0
D7651658,431594,437204,1,1590,1798,0,210,60,60,CCW,1,S,0,0,0
D7651658,431595,437205,1,1593,1798,0,210,60,60,CCW,1,S,0,0,0
D7651658,431596,437206,1,1592,1798,0,210,60,60,CCW,1,S,0,0,0
D7651658,431597,437207,1,1592,1798,0,210,60,60,CCW,1,S,0,0,0
D7651658,431598,437208,1,1592,1798,0,210,60,60,CCW,1,S,0,0,0
D7651658,431599,437209,1,1593,1798,0,210,60,60,CCW,1,S,0,0,0
D7651658,431600,437210,1,1594,1798,0,210,60,60,CCW,1,S,0,0,0
D7651658,431601,437211,1,1594,1798,0,210,60,60,CCW,1,S,0,0,0
D7651658,431602,437212,1,1593,1798,0,210,60,60,CCW,1,S,0,0,0
D7651658,431603,437213,1,1595,1798,0,210,60,60,CCW,1,S,0,0,0
D7651658,431604,437214,1,1596,1798,0,210,60,60,CCW,1,S,0,0,0
D7651658,431605,437215,1,1594,1798,0,210,60,60,CCW,1,S,0,0,0
D7651658,431606,437216,1,1595,1798,0,210,60,60,CCW,1,S,0,0,0
D7651658,431607,437217,1,1595,1798,0,210,60,60,CCW,1,S,0,0,0
D7651658,431608,437218,1,1596,1798,0,210,60,60,CCW,1,S,0,0,0
D7651658,431609,437219,1,1596,1798,0,210,60,60,CCW,1,S,0,0,0
D7651658,431610,437220,1,1597,1798,0,210,60,60,CCW,1,S,0,0,0
D7651658,431611,437221,1,1599,1798,0,210,60,60,CCW,1,S,0,0,0
D7651658,431612,437222,1,1599,1798,0,210,60,60,CCW,1,S,0,0,0
D7651658,431613,437223,1,1599,1798,0,210,60,60,CCW,1,S,0,0,0
D7651658,431614,437224,1,1600,1798,0,210,60,60,CCW,1,S,0,0,0
D7651658,431615,437225,1,1600,1798,0,210,60,60,CCW,1,S,0,0,0
D7651658,431616,437226,1,1603,1798,0,210,60,60,CCW,1,S,0,0,0
D7651658,431617,437227,1,1598,1798,0,210,60,60,CCW,1,S,0,0,0
D7651658,431618,437228,1,1604,1798,0,210,60,60,CCW,1,S,0,0,0
D7651658,431619,437229,1,1603,1798,0,210,60,60,CCW,1,S,0,0,0
D7651658,431620,437230,1,1606,1798,0,210,60,60,CCW,1,S,0,0,0
D7651658,431621,437231,1,1608,1798,0,210,60,60,CCW,1,S,0,0,0
D7651658,431622,437232,1,1608,1798,0,210,60,60,CCW,1,S,0,0,0
D7651658,431623,437233,1,1609,1798,0,210,60,60,CCW,1,S,0,0,0
D7651658,431624,437234,1,1612,1798,0,210,60,60,CCW,1,S,0,0,0
D7651658,431625,437235,1,1612,1798,0,210,60,60,CCW,1,S,0,0,0
D7651658,431626,437236,1,1614,1798,0,210,60,60,CCW,1,S,0,0,0
D7651658,431627,437237,1,1615,1798,0,210,60,60,CCW,1,S,0,0,0
D7651658,431628,437238,1,1615,1798,0,210,60,60,CCW,1,S,0,0,0
D7651658,431629,437239,1,1616,1798,0,210,60,60,CCW,1,S,0,0,0
D7651658,431630,437240,1,1617,1798,0,210,60,60,CCW,1,S,0,0,0
D7651658,431631,437241,1,1617,1798,0,210,60,60,CCW,1,S,0,0,0
D7651658,431632,437242,1,1619,1798,0,210,60,60,CCW,1,S,0,0,0
D7651658,431633,437243,1,1621,1798,0,210,60,60,CCW,1,S,0,0,0
D7651658,431634,437244,1,1624,1798,0,210,60,60,CCW,1,S,0,0,0
D7651658,431635,437245,1,1625,1798,0,210,60,60,CCW,1,S,0,0,0
D7651658,431636,437246,1,1627,1798,0,210,60,60,CCW,1,S,0,0,0
D7651658,431637,437247,1,1629,1798,0,210,60,60,CCW,1,S,0,0,0
D7651658,431638,437248,1,1630,1798,0,210,60,60,CCW,1,S,0,0,0
D7651658,431639,437249,1,1633,1798,0,210,60,60,CCW,1,S,0,0,0
D7651658,431640,437250,1,1635,1798,0,210,60,60,CCW,1,S,0,0,0
D7651658,431641,437251,1,1635,1798,0,210,60,60,CCW,1,S,0,0,0
D7651658,431642,437252,1,1638,1798,0,210,60,60,CCW,1,S,0,0,0
D7651658,431643,437253,1,1640,1798,0,210,60,60,CCW,1,S,0,0,0
D7651658,431644,437254,1,1643,1798,0,210,60,60,CCW,1,S,0,0,0
D7651658,431645,437255,1,1644,1798,0,210,60,60,CCW,1,S,0,0,0
D7651658,431646,437256,1,1647,1798,0,210,60,60,CCW,1,S,0,0,0
D7651658,431647,437257,1,1647,1798,0,210,60,60,CCW,1,S,0,0,0
D7651658,431648,437258,1,1648,1798,0,210,60,60,CCW,1,S,0,0,0
D7651658,431649,437259,1,1649,1798,0,210,60,60,CCW,1,S,0,0,0
D7651658,431650,437260,1,1652,1798,0,210,60,60,CCW,1,S,0,0,0
D7651658,431651,437261,1,1653,1798,0,210,60,60,CCW,1,S,0,0,0
D7651658,431652,437262,1,1655,1798,0,210,60,60,CCW,1,S,0,0,0
D7651658,431653,437263,1,1659,1798,0,210,60,60,CCW,1,S,0,0,0
D7651658,431654,437264,1,1661,1798,0,210,60,60,CCW,1,S,0,0,0
D7651658,431655,437265,1,1663,1798,0,210,60,60,CCW,1,S,0,0,0
D7651658,431656,437266,1,1665,1798,0,210,60,60,CCW,1,S,0,0,0
D7651658,431657,437267,1,1666,1798,0,210,60,60,CCW,1,S,0,0,0
D7651658,431658,437268,1,1668,1798,0,210,60,60,CCW,1,S,0,0,0
D7651658,431659,437269,1,1672,1798,0,210,60,60,CCW,1,S,0,0,0
D7651658,431660,437270,1,1673,1798,0,210,60,60,CCW,1,S,0,0,0
D7651658,431661,437271,1,1675,1798,0,210,60,60,CCW,1,S,0,0,0
D7651658,431662,437272,1,1681,1798,0,210,60,60,CCW,1,S,0,0,0
D7651658,431663,437273,1,1679,1798,0,210,60,60,CCW,1,S,0,0,0
D7651658,431664,437275,2,1685,1798,0,210,60,60,CCW,1,S,0,1,1
D7651658,431665,437276,1,1685,1798,0,210,60,60,CCW,1,S,0,0,0
D7651658,431666,437277,1,1688,1798,0,210,60,60,CCW,1,S,0,0,0
D7651658,431667,437278,1,1689,1798,0,210,60,60,CCW,1,S,0,0,0
D7651658,431668,437279,1,1692,1798,0,210,60,60,CCW,1,S,0,0,0
D7651658,431669,437280,1,1692,1798,0,210,60,60,CCW,1,S,0,0,0
D7651658,431670,437281,1,1696,1798,0,210,60,60,CCW,1,S,0,0,0
D7651658,431671,437282,1,1698,1798,0,210,60,60,CCW,1,S,0,0,0
D7651658,431672,437283,1,1701,1798,0,210,60,60,CCW,1,S,0,0,0
D7651658,431673,437284,1,1703,1798,0,210,60,60,CCW,1,S,0,0,0
D7651658,431674,437285,1,1706,1798,0,210,60,60,CCW,1,S,0,0,0
D7651658,431675,437286,1,1708,1798,0,210,60,60,CCW,1,S,0,0,0
D7651658,431676,437287,1,1711,1798,0,210,60,60,CCW,1,S,0,0,0
D7651658,431677,437288,1,1711,1798,0,210,60,60,CCW,1,S,0,0,0
D7651658,431678,437289,1,1712,1798,0,210,60,60,CCW,1,S,0,0,0
D7651658,431679,437290,1,1714,1798,0,210,60,60,CCW,1,S,0,0,0
D7651658,431680,437291,1,1716,1798,0,210,60,60,CCW,1,S,0,0,0
D7651658,431681,437292,1,1718,1798,0,210,60,60,CCW,1,S,0,0,0
D7651658,431682,437293,1,1717,1798,0,210,60,60,CCW,1,S,0,0,0
D7651658,431683,437294,1,1722,1798,0,210,60,60,CCW,1,S,0,0,0
D7651658,431684,437295,1,1725,1798,0,210,60,60,CCW,1,S,0,0,0
D7651658,431685,437296,1,1726,1798,0,210,60,60,CCW,1,S,0,0,0
D7651658,431686,437297,1,1729,1798,0,210,60,60,CCW,1,S,0,0,0
D7651658,431687,437298,1,1729,1798,0,210,60,60,CCW,1,S,0,0,0
D7651658,431688,437299,1,1731,1798,0,210,60,60,CCW,1,S,0,0,0
D7651658,431689,437300,1,1733,1798,0,210,60,60,CCW,1,S,0,0,0
D7651658,431690,437301,1,1736,1798,0,210,60,60,CCW,1,S,0,0,0
D7651658,431691,437302,1,1738,1798,0,210,60,60,CCW,1,S,0,0,0
D7651658,431692,437303,1,1741,1798,0,210,60,60,CCW,1,S,0,0,0
D7651658,431693,437304,1,1744,1798,0,210,60,60,CCW,1,S,0,0,0
D7651658,431694,437305,1,1742,1798,0,210,60,60,CCW,1,S,0,0,0
D7651658,431695,437306,1,1744,1798,0,210,60,60,CCW,1,S,0,0,0
D7651658,431696,437307,1,1743,1798,0,210,60,60,CCW,1,S,0,0,0
D7651658,431697,437308,1,1748,1798,0,210,60,60,CCW,1,S,0,0,0
D7651658,431698,437310,2,1748,1798,0,210,60,60,CCW,1,S,0,1,1
D7651658,431699,437311,1,1749,1798,0,210,60,60,CCW,1,S,0,0,0
D7651658,431700,437312,1,1752,1798,0,210,60,60,CCW,1,S,0,0,0
D7651658,431701,437313,1,1753,1798,0,210,60,60,CCW,1,S,0,0,0
D7651658,431702,437314,1,1754,1798,0,210,60,60,CCW,1,S,0,0,0
D7651658,431703,437315,1,1758,1798,0,210,60,60,CCW,1,S,0,0,0
D7651658,431704,437316,1,1759,1798,0,210,60,60,CCW,1,S,0,0,0
D7651658,431705,437317,1,1761,1798,0,210,60,60,CCW,1,S,0,0,0
D7651658,431706,437318,1,1760,1798,0,210,60,60,CCW,1,S,0,0,0
D7651658,431707,437319,1,1761,1798,0,210,60,60,CCW,1,S,0,0,0
D7651658,431708,437320,1,1763,1798,0,210,60,60,CCW,1,S,0,0,0
D7651658,431709,437321,1,1765,1798,0,210,60,60,CCW,1,S,0,0,0
D7651658,431710,437322,1,1766,1798,0,210,60,60,CCW,1,S,0,0,0
D7651658,431711,437323,1,1768,1798,0,210,60,60,CCW,1,S,0,0,0
D7651658,431712,437324,1,1770,1798,0,210,60,60,CCW,1,S,0,0,0
D7651658,431713,437325,1,1771,1798,0,210,60,60,CCW,1,S,0,0,0
D7651658,431714,437326,1,1773,1798,0,210,60,60,CCW,1,S,0,0,0
D7651658,431715,437327,1,1774,1798,0,210,60,60,CCW,1,S,0,0,0
D7651658,431716,437328,1,1774,1798,0,210,60,60,CCW,1,S,0,0,0
D7651658,431717,437329,1,1774,1798,0,210,60,60,CCW,1,S,0,0,0
D7651658,431718,437330,1,1775,1798,0,210,60,60,CCW,1,S,0,0,0
D7651658,431719,437331,1,1775,1798,0,210,60,60,CCW,1,S,0,0,0
D7651658,431720,437332,1,1776,1798,0,210,60,60,CCW,1,S,0,0,0
D7651658,431721,437333,1,1777,1798,0,210,60,60,CCW,1,S,0,0,0
D7651658,431722,437334,1,1777,1798,0,210,60,60,CCW,1,S,0,0,0
D7651658,431723,437335,1,1778,1798,0,210,60,60,CCW,1,S,0,0,0
D7651658,431724,437336,1,1779,1798,0,210,60,60,CCW,1,S,0,0,0
D7651658,431725,437337,1,1780,1798,0,210,60,60,CCW,1,S,0,0,0
D7651658,431726,437338,1,1781,1798,0,210,60,60,CCW,1,S,0,0,0
D7651658,431727,437339,1,1782,1798,0,210,60,60,CCW,1,S,0,0,0
D7651658,431728,437340,1,1784,1798,0,210,60,60,CCW,1,S,0,0,0
D7651658,431729,437341,1,1784,1798,0,210,60,60,CCW,1,S,0,0,0
D7651658,431730,437342,1,1784,1798,0,210,60,60,CCW,1,S,0,0,0
D7651658,431731,437343,1,1784,1798,0,210,60,60,CCW,1,S,0,0,0
D7651658,431732,437344,1,1786,1798,0,210,60,60,CCW,1,S,0,0,0
D7651658,431733,437345,1,1785,1798,0,210,60,60,CCW,1,S,0,0,0
D7651658,431734,437346,1,1785,1798,0,0,60,60,CCW,0,S,0,0,0
D7651658,431735,437347,1,1788,1798,0,0,60,60,CCW,0,S,0,0,0
D7651658,431736,437348,1,1789,1798,0,0,60,60,CCW,0,S,0,0,0
D7651658,431737,437349,1,1789,1798,0,0,60,60,CCW,0,S,0,0,0
D7651658,431738,437350,1,1789,1798,0,0,60,60,CCW,0,S,0,0,0
D7651658,431739,437351,1,1789,1798,0,0,60,60,CCW,0,S,0,0,0
D7651658,431740,437352,1,1791,1798,0,0,60,60,CCW,0,S,0,0,0
D7651658,431741,437353,1,1790,1798,0,0,60,60,CCW,0,S,0,0,0
D7651658,431742,437354,1,1791,1798,0,0,60,60,CCW,0,S,0,0,0
D7651658,431743,437355,1,1791,1798,0,0,60,60,CCW,0,S,0,0,0
D7651658,431744,437356,1,1790,1798,0,0,60,60,CCW,0,S,0,0,0
D7651658,431745,437357,1,1792,1798,0,0,60,60,CCW,0,S,0,0,0
D7651658,431746,437359,2,1793,1798,0,0,60,60,CCW,0,S,0,1,1
D7651658,431747,437360,1,1794,1798,0,0,60,60,CCW,0,S,0,0,0
D7651658,431748,437361,1,1794,1798,0,0,60,60,CCW,0,S,0,0,0
D7651658,431749,437362,1,1794,1798,0,0,60,60,CCW,0,S,0,0,0
D7651658,431750,437363,1,1795,1798,0,0,60,60,CCW,0,S,0,0,0
D7651658,431751,437364,1,1796,1798,0,0,60,60,CCW,0,S,0,0,0
D7651658,431752,437365,1,1797,1798,0,0,60,60,CCW,0,S,0,0,0
D7651658,431753,437366,1,1796,1798,0,0,60,60,CCW,0,S,0,0,0
D7651658,431754,437367,1,1796,1798,0,0,60,60,CCW,0,S,0,0,0
D7651658,431755,437368,1,1797,1798,0,0,60,60,CCW,0,S,0,0,0
D7651658,431756,437369,1,1798,1798,0,0,60,60,CCW,0,S,0,0,0
D7651658,431757,437370,1,1797,1798,0,0,60,60,CCW,0,S,0,0,0
D7651658,431758,437371,1,1798,1798,0,0,60,60,CCW,0,S,0,0,0
D7651658,431759,437372,1,1799,1798,0,0,60,60,CCW,0,S,0,0,0
D7651658,431760,437373,1,1802,1798,0,0,60,60,CCW,0,S,0,0,0
D7651658,431761,437374,1,1801,1798,0,0,60,60,CCW,0,S,0,0,0
D7651658,431762,437376,2,1803,1798,0,0,60,60,CCW,0,S,0,1,1
D7651658,431763,437377,1,1801,1798,0,0,60,60,CCW,0,S,0,0,0
D7651658,431764,437378,1,1801,1798,0,0,60,60,CCW,0,S,0,0,0
D7651658,431765,437379,1,1801,1798,0,0,60,60,CCW,0,S,0,0,0
D7651658,431766,437380,1,1801,1798,0,0,60,60,CCW,0,S,0,0,0
D7651658,431767,437381,1,1802,1798,0,0,60,60,CCW,0,S,0,0,0
D7651658,431768,437383,2,1802,1798,0,0,60,60,CCW,0,S,0,1,1
D7651658,431769,437384,1,1803,1798,0,0,60,60,CCW,0,S,0,0,0
D7651658,431770,437385,1,1801,1798,0,0,60,60,CCW,0,S,0,0,0
D7651658,431771,437387,2,1803,1798,0,0,60,60,CCW,0,S,0,1,1
D7651658,431772,437388,1,1802,1798,0,0,60,60,CCW,0,S,0,0,0
D7651658,431773,437389,1,1803,1798,0,0,60,60,CCW,0,S,0,0,0
D7651658,431774,437390,1,1804,1798,0,0,60,60,CCW,0,S,0,0,0
D7651658,431775,437391,1,1803,1798,0,0,60,60,CCW,0,S,0,0,0
D7651658,431776,437392,1,1804,1798,0,0,60,60,CCW,0,S,0,0,0
D7651658,431777,437393,1,1805,1798,0,0,60,60,CCW,0,S,0,0,0
D7651658,431778,437394,1,1803,1798,0,0,60,60,CCW,0,S,0,0,0
D7651658,431779,437395,1,1803,1798,0,0,60,60,CCW,0,S,0,0,0
D7651658,431780,437396,1,1802,1798,0,0,60,60,CCW,0,S,0,0,0
D7651658,431781,437397,1,1804,1798,0,0,60,60,CCW,0,S,0,0,0
D7651658,431782,437398,1,1805,1798,0,0,60,60,CCW,0,S,0,0,0
D7651658,431783,437399,1,1805,1798,0,0,60,60,CCW,0,S,0,0,0
D7651658,431784,437400,1,1805,1798,0,0,60,60,CCW,0,S,0,0,0
D7651658,431785,437401,1,1805,1798,0,0,60,60,CCW,0,S,0,0,0
D7651658,431786,437402,1,1804,1798,0,0,60,60,CCW,0,S,0,0,0
D7651658,431787,437403,1,1803,1798,0,0,60,60,CCW,0,S,0,0,0
D7651658,431788,437404,1,1803,1798,0,0,60,60,CCW,0,S,0,0,0
D7651658,431789,437405,1,1806,1798,0,0,60,60,CCW,0,S,0,0,0
D7651658,431790,437406,1,1804,1798,0,0,60,60,CCW,0,S,0,0,0
D7651658,431791,437407,1,1804,1798,0,0,60,60,CCW,0,S,0,0,0
D7651658,431792,437408,1,1811,1798,0,0,60,60,CCW,0,S,0,0,0
D7651658,431793,437409,1,1805,1798,0,0,60,60,CCW,0,S,0,0,0
D7651658,431794,437410,1,1805,1798,0,0,60,60,CCW,0,S,0,0,0
D7651658,431795,437411,1,1805,1798,0,0,60,60,CCW,0,S,0,0,0
D7651658,431796,437413,2,1804,1798,0,0,60,60,CCW,0,S,0,1,1
D7651658,431797,437414,1,1808,1798,0,0,60,60,CCW,0,S,0,0,0
D7651658,431798,437415,1,1806,1798,0,0,60,60,CCW,0,S,0,0,0
D7651658,431799,437416,1,1805,1798,0,0,60,60,CCW,0,S,0,0,0
D7651658,431800,437417,1,1807,1798,0,0,60,60,CCW,0,S,0,0,0
D7651658,431801,437418,1,1805,1798,0,0,60,60,CCW,0,S,0,0,0
D7651658,431802,437419,1,1804,1798,0,0,60,60,CCW,0,S,0,0,0
D7651658,431803,437420,1,1806,1798,0,0,60,60,CCW,0,S,0,0,0
D7651658,431804,437421,1,1806,1798,0,0,60,60,CCW,0,S,0,0,0
D7651658,431805,437422,1,1806,1798,0,0,60,60,CCW,0,S,0,0,0
D7651658,431806,437423,1,1806,1798,0,0,60,60,CCW,0,S,0,0,0
D7651658,431807,437424,1,1804,1798,0,0,60,60,CCW,0,S,0,0,0
D7651658,431808,437425,1,1805,1798,0,0,60,60,CCW,0,S,0,0,0
D7651658,431809,437426,1,1805,1798,0,0,60,60,CCW,0,S,0,0,0
D7651658,431810,437427,1,1804,1798,0,0,60,60,CCW,0,S,0,0,0
D7651658,431811,437428,1,1805,1798,0,0,60,60,CCW,0,S,0,0,0
D7651658,431812,437429,1,1807,1798,0,0,60,60,CCW,0,S,0,0,0
D7651658,431813,437430,1,1806,1798,0,0,60,60,CCW,0,S,0,0,0
D7651658,431814,437431,1,1805,1798,0,0,60,60,CCW,0,S,0,0,0
D7651658,431815,437432,1,1806,1798,0,0,60,60,CCW,0,S,0,0,0
D7651658,431816,437433,1,1806,1798,0,0,60,60,CCW,0,S,0,0,0
D7651658,431817,437434,1,1805,1798,0,0,60,60,CCW,0,S,0,0,0
D7651658,431818,437435,1,1805,1798,0,0,60,60,CCW,0,S,0,0,0
D7651658,431819,437436,1,1806,1798,0,0,60,60,CCW,0,S,0,0,0
D7651658,431820,437437,1,1805,1798,0,0,60,60,CCW,0,S,0,0,0
D7651658,431821,437438,1,1804,1798,0,0,60,60,CCW,0,S,0,0,0
D7651658,431822,437439,1,1805,1798,0,0,60,60,CCW,0,S,0,0,0
D7651658,431823,437440,1,1806,1798,0,0,60,60,CCW,0,S,0,0,0
D7651658,431824,437441,1,1806,1798,0,0,60,60,CCW,0,S,0,0,0
D7651658,431825,437442,1,1806,1798,0,0,60,60,CCW,0,S,0,0,0
D7651658,431826,437443,1,1806,1798,0,0,60,60,CCW,0,S,0,0,0
D7651658,431827,437444,1,1805,1798,0,0,60,60,CCW,0,S,0,0,0
D7651658,431828,437445,1,1806,1798,0,0,60,60,CCW,0,S,0,0,0
D7651658,431829,437446,1,1805,1798,0,0,60,60,CCW,0,S,0,0,0
D7651658,431830,437447,1,1805,1798,0,0,60,60,CCW,0,S,0,0,0
D7651658,431831,437448,1,1806,1798,0,0,60,60,CCW,0,S,0,0,0
D7651658,431832,437449,1,1804,1798,0,0,60,60,CCW,0,S,0,0,0
D7651658,431833,437450,1,1801,1798,0,0,60,60,CCW,0,S,0,0,0
D7651658,431834,437451,1,1806,1798,0,0,60,60,CCW,0,S,0,0,0
D7651658,431835,437452,1,1806,1798,0,0,60,60,CCW,0,S,0,0,0
D7651658,431836,437453,1,1806,1798,0,0,60,60,CCW,0,S,0,0,0
D7651658,431837,437454,1,1803,1798,0,0,60,60,CCW,0,S,0,0,0
D7651658,431838,437455,1,1805,1798,0,0,60,60,CCW,0,S,0,0,0
D7651658,431839,437456,1,1805,1798,0,0,60,60,CCW,0,S,0,0,0
D7651658,431840,437457,1,1805,1798,0,0,60,60,CCW,0,S,0,0,0
D7651658,431841,437458,1,1806,1798,0,0,60,60,CCW,0,S,0,0,0
D7651658,431842,437459,1,1804,1798,0,0,60,60,CCW,0,S,0,0,0
D7651658,431843,437460,1,1805,1798,0,0,60,60,CCW,0,S,0,0,0
D7651658,431844,437462,2,1806,1798,0,0,60,60,CCW,0,S,0,1,1
D7651658,431845,437463,1,1805,1798,0,0,60,60,CCW,0,S,0,0,0
D7651658,431846,437464,1,1805,1798,0,0,60,60,CCW,0,S,0,0,0
D7651658,431847,437465,1,1805,1798,0,0,60,60,CCW,0,S,0,0,0
D7651658,431848,437466,1,1806,1798,0,0,60,60,CCW,0,S,0,0,0
D7651658,431849,437467,1,1804,1798,0,0,60,60,CCW,0,S,0,0,0
D7651658,431850,437468,1,1806,1798,0,0,60,60,CCW,0,S,0,0,0
D7651658,431851,437469,1,1804,1798,0,0,60,60,CCW,0,S,0,0,0
D7651658,431852,437470,1,1807,1798,0,0,60,60,CCW,0,S,0,0,0
D7651658,431853,437471,1,1800,1798,0,0,60,60,CCW,0,S,0,0,0
D7651658,431854,437474,3,1804,1798,0,0,60,60,CCW,0,S,0,1,2
D7651658,431855,437475,1,1806,1798,0,0,60,60,CCW,0,S,0,0,0
D7651658,431856,437476,1,1801,1798,0,0,60,60,CCW,0,S,0,0,0
D7651658,431857,437477,1,1805,1798,0,0,60,60,CCW,0,S,0,0,0
D7651658,431858,437478,1,1805,1798,0,0,60,60,CCW,0,S,0,0,0
D7651658,431859,437479,1,1805,1798,0,0,60,60,CCW,0,S,0,0,0
D7651658,431860,437480,1,1804,1798,0,0,60,60,CCW,0,S,0,0,0
D7651658,431861,437481,1,1804,1798,0,0,60,60,CCW,0,S,0,0,0
D7651658,431862,437482,1,1800,1798,0,0,60,60,CCW,0,S,0,0,0
D7651658,431863,437483,1,1804,1798,0,0,60,60,CCW,0,S,0,0,0
D7651658,431864,437484,1,1805,1798,0,0,60,60,CCW,0,S,0,0,0
D7651658,431865,437485,1,1804,1798,0,0,60,60,CCW,0,S,0,0,0
D7651658,431866,437486,1,1805,1798,0,0,60,60,CCW,0,S,0,0,0
D7651658,431867,437487,1,1803,1798,0,0,60,60,CCW,0,S,0,0,0
D7651658,431868,437488,1,1805,1798,0,0,60,60,CCW,0,S,0,0,0
D7651658,431869,437489,1,1806,1798,0,0,60,60,CCW,0,S,0,0,0
D7651658,431870,437490,1,1804,1798,0,0,60,60,CCW,0,S,0,0,0
D7651658,431871,437491,1,1804,1798,0,0,60,60,CCW,0,S,0,0,0
D7651658,431872,437492,1,1804,1798,0,0,60,60,CCW,0,S,0,0,0
D7651658,431873,437493,1,1806,1798,0,0,60,60,CCW,0,S,0,0,0
D7651658,431874,437494,1,1805,1798,0,0,60,60,CCW,0,S,0,0,0
D7651658,431875,437495,1,1804,1798,0,0,60,60,CCW,0,S,0,0,0
D7651658,431876,437496,1,1806,1798,0,0,60,60,CCW,0,S,0,0,0
D7651658,431877,437497,1,1804,1798,0,0,60,60,CCW,0,S,0,0,0
D7651658,431878,437498,1,1803,1798,0,0,60,60,CCW,0,S,0,0,0
D7651658,431879,437499,1,1805,1798,0,0,60,60,CCW,0,S,0,0,0
D7651658,431880,437500,1,1804,1798,0,0,60,60,CCW,0,S,0,0,0
D7651658,431881,437501,1,1805,1798,0,0,60,60,CCW,0,S,0,0,0
D7651658,431882,437502,1,1805,1798,0,0,60,60,CCW,0,S,0,0,0
D7651658,431883,437503,1,1805,1798,0,0,60,60,CCW,0,S,0,0,0
D7651658,431884,437504,1,1804,1798,0,0,60,60,CCW,0,S,0,0,0
D7651658,431885,437505,1,1803,1798,0,0,60,60,CCW,0,S,0,0,0
D7651658,431886,437506,1,1803,1798,0,0,60,60,CCW,0,S,0,0,0
D7651658,431887,437507,1,1804,1798,0,0,60,60,CCW,0,S,0,0,0
D7651658,431888,437508,1,1805,1798,0,0,60,60,CCW,0,S,0,0,0
D7651658,431889,437509,1,1804,1798,0,0,60,60,CCW,0,S,0,0,0
D7651658,431890,437510,1,1812,1798,0,0,60,60,CCW,0,S,0,0,0
D7651658,431891,437511,1,1805,1798,0,0,60,60,CCW,0,S,0,0,0
D7651658,431892,437512,1,1805,1798,0,0,60,60,CCW,0,S,0,0,0
D7651658,431893,437513,1,1802,1798,0,0,60,60,CCW,0,S,0,0,0
D7651658,431894,437514,1,1805,1798,0,0,60,60,CCW,0,S,0,0,0
D7651658,431895,437515,1,1804,1798,0,0,60,60,CCW,0,S,0,0,0
D7651658,431896,437516,1,1803,1798,0,0,60,60,CCW,0,S,0,0,0
D7651658,431897,437517,1,1804,1798,0,0,60,60,CCW,0,S,0,0,0
D7651658,431898,437518,1,1804,1798,0,0,60,60,CCW,0,S,0,0,0
D7651658,431899,437519,1,1802,1798,0,0,60,60,CCW,0,S,0,0,0
D7651658,431900,437520,1,1803,1798,0,0,60,60,CCW,0,S,0,0,0
D7651658,431901,437521,1,1804,1798,0,0,60,60,CCW,0,S,0,0,0
D7651658,431902,437522,1,1804,1798,0,0,60,60,CCW,0,S,0,0,0
D7651658,431903,437523,1,1804,1798,0,0,60,60,CCW,0,S,0,0,0
D7651658,431904,437524,1,1804,1798,0,0,60,60,CCW,0,S,0,0,0
D7651658,431905,437525,1,1801,1798,0,0,60,60,CCW,0,S,0,0,0
D7651658,431906,437526,1,1803,1798,0,0,60,60,CCW,0,S,0,0,0
D7651658,431907,437527,1,1803,1798,0,0,60,60,CCW,0,S,0,0,0
D7651658,431908,437528,1,1803,1798,0,0,60,60,CCW,0,S,0,0,0
D7651658,431909,437529,1,1802,1798,0,0,60,60,CCW,0,S,0,0,0
D7651658,431910,437530,1,1806,1798,0,0,60,60,CCW,0,S,0,0,0
D7651658,431911,437531,1,1804,1798,0,0,60,60,CCW,0,S,0,0,0
D7651658,431912,437532,1,1805,1798,0,0,60,60,CCW,0,S,0,0,0
D7651658,431913,437533,1,1802,1798,0,0,60,60,CCW,0,S,0,0,0
D7651658,431914,437534,1,1805,1798,0,0,60,60,CCW,0,S,0,0,0
D7651658,431915,437535,1,1805,1798,0,0,60,60,CCW,0,S,0,0,0
D7651658,431916,437536,1,1805,1798,0,0,60,60,CCW,0,S,0,0,0
D7651658,431917,437537,1,1805,1798,0,0,60,60,CCW,0,S,0,0,0
D7651658,431918,437538,1,1803,1798,0,0,60,60,CCW,0,S,0,0,0
D7651658,431919,437539,1,1805,1798,0,0,60,60,CCW,0,S,0,0,0
D7651658,431920,437540,1,1804,1798,0,0,60,60,CCW,0,S,0,0,0
D7651658,431921,437541,1,1804,1798,0,0,60,60,CCW,0,S,0,0,0
D7651658,431922,437542,1,1803,1798,0,0,60,60,CCW,0,S,0,0,0
D7651658,431923,437543,1,1804,1798,0,0,60,60,CCW,0,S,0,0,0
D7651658,431924,437544,1,1803,1798,0,0,60,60,CCW,0,S,0,0,0
D7651658,431925,437545,1,1802,1798,0,0,60,60,CCW,0,S,0,0,0
D7651658,431926,437546,1,1803,1798,0,0,60,60,CCW,0,S,0,0,0
D7651658,431927,437547,1,1802,1798,0,0,60,60,CCW,0,S,0,0,0
D7651658,431928,437548,1,1800,1798,0,0,60,60,CCW,0,S,0,0,0
D7651658,431929,437549,1,1803,1798,0,0,60,60,CCW,0,S,0,0,0
D7651658,431930,437550,1,1802,1798,0,0,60,60,CCW,0,S,0,0,0
D7651658,431931,437551,1,1803,1798,0,0,60,60,CCW,0,S,0,0,0
D7651658,431932,437552,1,1804,1798,0,0,60,60,CCW,0,S,0,0,0
D7651658,431933,437553,1,1804,1798,0,0,60,60,CCW,0,S,0,0,0
D7651658,431934,437554,1,1804,1798,0,0,60,60,CCW,0,S,0,0,0
D7651658,431935,437555,1,1804,1798,0,0,60,60,CCW,0,S,0,0,0
D7651658,431936,437556,1,1804,1798,0,0,60,60,CCW,0,S,0,0,0
D7651658,431937,437557,1,1805,1798,0,0,60,60,CCW,0,S,0,0,0
D7651658,431938,437558,1,1806,1798,0,0,60,60,CCW,0,S,0,0,0
D7651658,431939,437559,1,1804,1798,0,0,60,60,CCW,0,S,0,0,0
D7651658,431940,437560,1,1803,1798,0,0,60,60,CCW,0,S,0,0,0
D7651658,431941,437561,1,1804,1798,0,0,60,60,CCW,0,S,0,0,0
D7651658,431942,437562,1,1803,1798,0,0,60,60,CCW,0,S,0,0,0
D7651658,431943,437563,1,1803,1798,0,0,60,60,CCW,0,S,0,0,0
D7651658,431944,437564,1,1804,1798,0,0,60,60,CCW,0,S,0,0,0
D7651658,431945,437565,1,1804,1798,0,0,60,60,CCW,0,S,0,0,0
D7651658,431946,437566,1,1804,1798,0,0,60,60,CCW,0,S,0,0,0
D7651658,431947,437567,1,1803,1798,0,0,60,60,CCW,0,S,0,0,0
D7651658,431948,437568,1,1800,1798,0,0,60,60,CCW,0,S,0,0,0
D7651658,431949,437569,1,1802,1798,0,0,60,60,CCW,0,S,0,0,0
D7651658,431950,437570,1,1802,1798,0,0,60,60,CCW,0,S,0,0,0
D7651658,431951,437571,1,1803,1798,0,0,60,60,CCW,0,S,0,0,0
D7651658,431952,437572,1,1803,1798,0,0,60,60,CCW,0,S,0,0,0
D7651658,431953,437573,1,1802,1798,0,0,60,60,CCW,0,S,0,0,0
D7651658,431954,437574,1,1801,1798,0,0,60,60,CCW,0,S,0,0,0
D7651658,431955,437575,1,1801,1798,0,0,60,60,CCW,0,S,0,0,0
D7651658,431956,437576,1,1802,1798,0,0,60,60,CCW,0,S,0,0,0
D7651658,431957,437577,1,1802,1798,0,0,60,60,CCW,0,S,0,0,0
D7651658,431958,437578,1,1803,1798,0,0,60,60,CCW,0,S,0,0,0
D7651658,431959,437579,1,1802,1798,0,0,60,60,CCW,0,S,0,0,0
D7651658,431960,437580,1,1802,1798,0,0,60,60,CCW,0,S,0,0,0
D7651658,431961,437581,1,1804,1798,0,0,60,60,CCW,0,S,0,0,0
D7651658,431962,437582,1,1805,1798,0,0,60,60,CCW,0,S,0,0,0
D7651658,431963,437583,1,1802,1798,0,0,60,60,CCW,0,S,0,0,0
D7651658,431964,437584,1,1802,1798,0,0,60,60,CCW,0,S,0,0,0
D7651658,431965,437585,1,1803,1798,0,0,60,60,CCW,0,S,0,0,0
D7651658,431966,437586,1,1800,1798,0,0,60,60,CCW,0,S,0,0,0
D7651658,431967,437587,1,1802,1798,0,0,60,60,CCW,0,S,0,0,0
D7651658,431968,437588,1,1802,1798,0,0,60,60,CCW,0,S,0,0,0
D7651658,431969,437589,1,1803,1798,0,0,60,60,CCW,0,S,0,0,0
D7651658,431970,437590,1,1802,1798,0,0,60,60,CCW,0,S,0,0,0
D7651658,431971,437591,1,1803,1798,0,0,60,60,CCW,0,S,0,0,0
D7651658,431972,437592,1,1804,1798,0,0,60,60,CCW,0,S,0,0,0
D7651658,431973,437593,1,1803,1798,0,0,60,60,CCW,0,S,0,0,0
D7651658,431974,437594,1,1803,1798,0,0,60,60,CCW,0,S,0,0,0
D7651658,431975,437595,1,1803,1798,0,0,60,60,CCW,0,S,0,0,0
D7651658,431976,437596,1,1802,1798,0,0,60,60,CCW,0,S,0,0,0
D7651658,431977,437597,1,1801,1798,0,0,60,60,CCW,0,S,0,0,0
D7651658,431978,437598,1,1802,1798,0,0,60,60,CCW,0,S,0,0,0
D7651658,431979,437599,1,1801,1798,0,0,60,60,CCW,0,S,0,0,0
D7651658,431980,437600,1,1803,1798,0,0,60,60,CCW,0,S,0,0,0
D7651658,431981,437601,1,1803,1798,0,0,60,60,CCW,0,S,0,0,0
D7651658,431982,437602,1,1803,1798,0,0,60,60,CCW,0,S,0,0,0
D7651658,431983,437603,1,1803,1798,0,0,60,60,CCW,0,S,0,0,0
D7651658,431984,437604,1,1800,1798,0,0,60,60,CCW,0,S,0,0,0
D7651658,431985,437605,1,1802,1798,0,0,60,60,CCW,0,S,0,0,0
D7651658,431986,437606,1,1803,1798,0,0,60,60,CCW,0,S,0,0,0
D7651658,431987,437607,1,1801,1798,0,0,60,60,CCW,0,S,0,0,0
D7651658,431988,437608,1,1804,1798,0,0,60,60,CCW,0,S,0,0,0
D7651658,431989,437609,1,1802,1798,0,0,60,60,CCW,0,S,0,0,0
D7651658,431990,437610,1,1802,1798,0,0,60,60,CCW,0,S,0,0,0
D7651658,431991,437611,1,1801,1798,0,0,60,60,CCW,0,S,0,0,0
D7651658,431992,437612,1,1803,1798,0,0,60,60,CCW,0,S,0,0,0
D7651658,431993,437613,1,1802,1798,0,0,60,60,CCW,0,S,0,0,0
D7651658,431994,437614,1,1800,1798,0,0,60,60,CCW,0,S,0,0,0
D7651658,431995,437615,1,1801,1798,0,0,60,60,CCW,0,S,0,0,0
D7651658,431996,437617,2,1802,1798,0,0,60,60,CCW,0,S,0,1,1
D7651658,431997,437618,1,1802,1798,0,0,60,60,CCW,0,S,0,0,0
D7651658,431998,437619,1,1800,1798,0,0,60,60,CCW,0,S,0,0,0
D7651658,431999,437620,1,1800,1798,0,0,60,60,CCW,0,S,0,0,0
D7651658,432000,437621,1,1802,1798,0,0,60,60,CCW,0,S,0,0,0
D7651658,432001,437622,1,1801,1798,0,0,60,60,CCW,0,S,0,0,0
D7651658,432002,437623,1,1800,1798,0,0,60,60,CCW,0,S,0,0,0
D7651658,432003,437624,1,1800,1798,0,0,60,60,CCW,0,S,0,0,0
D7651658,432004,437625,1,1802,1798,0,0,60,60,CCW,0,S,0,0,0
D7651658,432005,437626,1,1801,1798,0,0,60,60,CCW,0,S,0,0,0
D7651658,432006,437627,1,1801,1798,0,0,60,60,CCW,0,S,0,0,0
D7651658,432007,437628,1,1801,1798,0,0,60,60,CCW,0,S,0,0,0
D7651658,432008,437629,1,1801,1798,0,0,60,60,CCW,0,S,0,0,0
D7651658,432009,437630,1,1803,1798,0,0,60,60,CCW,0,S,0,0,0
D7651658,432010,437631,1,1802,1798,0,0,60,60,CCW,0,S,0,0,0
D7651658,432011,437632,1,1799,1798,0,0,60,60,CCW,0,S,0,0,0
D7651658,432012,437633,1,1802,1798,0,0,60,60,CCW,0,S,0,0,0
D7651658,432013,437634,1,1802,1798,0,0,60,60,CCW,0,S,0,0,0
D7651658,432014,437635,1,1800,1798,0,0,60,60,CCW,0,S,0,0,0
D7651658,432015,437636,1,1801,1798,0,0,60,60,CCW,0,S,0,0,0
D7651658,432016,437637,1,1802,1798,0,0,60,60,CCW,0,S,0,0,0
D7651658,432017,437638,1,1801,1798,0,0,60,60,CCW,0,S,0,0,0
D7651658,432018,437639,1,1813,1798,0,0,60,60,CCW,0,S,0,0,0
D7651658,432019,437640,1,1801,1798,0,0,60,60,CCW,0,S,0,0,0
D7651658,432020,437641,1,1802,1798,0,0,60,60,CCW,0,S,0,0,0
D7651658,432021,437642,1,1803,1798,0,0,60,60,CCW,0,S,0,0,0
D7651658,432022,437643,1,1801,1798,0,0,60,60,CCW,0,S,0,0,0
D7651658,432023,437644,1,1804,1798,0,0,60,60,CCW,0,S,0,0,0
D7651658,432024,437645,1,1802,1798,0,0,60,60,CCW,0,S,0,0,0
D7651658,432025,437646,1,1803,1798,0,0,60,60,CCW,0,S,0,0,0
D7651658,432026,437647,1,1803,1798,0,0,60,60,CCW,0,S,0,0,0
D7651658,432027,437648,1,1801,1798,0,0,60,60,CCW,0,S,0,0,0
D7651658,432028,437649,1,1802,1798,0,0,60,60,CCW,0,S,0,0,0
D7651658,432029,437650,1,1802,1798,0,0,60,60,CCW,0,S,0,0,0
D7651658,432030,437651,1,1801,1798,0,0,60,60,CCW,0,S,0,0,0
D7651658,432031,437652,1,1800,1798,0,0,60,60,CCW,0,S,0,0,0
D7651658,432032,437653,1,1801,1798,0,0,60,60,CCW,0,S,0,0,0
D7651658,432033,437654,1,1801,1798,0,0,60,60,CCW,0,S,0,0,0
D7651658,432034,437655,1,1800,1798,0,0,60,60,CCW,0,S,0,0,0
D7651658,432035,437656,1,1801,1798,0,0,60,60,CCW,0,S,0,0,0
D7651658,432036,437657,1,1802,1798,0,0,60,60,CCW,0,S,0,0,0
D7651658,432037,437658,1,1804,1798,0,0,60,60,CCW,0,S,0,0,0
D7651658,432038,437659,1,1801,1798,0,0,60,60,CCW,0,S,0,0,0
D7651658,432039,437660,1,1800,1798,0,0,60,60,CCW,0,S,0,0,0
D7651658,432040,437661,1,1803,1798,0,0,60,60,CCW,0,S,0,0,0
D7651658,432041,437662,1,1802,1798,0,0,60,60,CCW,0,S,0,0,0
D7651658,432042,437663,1,1801,1798,0,0,60,60,CCW,0,S,0,0,0
D7651658,432043,437664,1,1800,1798,0,0,60,60,CCW,0,S,0,0,0
D7651658,432044,437665,1,1800,1798,0,0,60,60,CCW,0,S,0,0,0
D7651658,432045,437666,1,1801,1798,0,0,60,60,CCW,0,S,0,0,0
D7651658,432046,437667,1,1802,1798,0,0,60,60,CCW,0,S,0,0,0
D7651658,432047,437668,1,1801,1798,0,0,60,60,CCW,0,S,0,0,0
D7651658,432048,437669,1,1802,1798,0,0,60,60,CCW,0,S,0,0,0
D7651658,432049,437670,1,1801,1798,0,0,60,60,CCW,0,S,0,0,0
D7651658,432050,437671,1,1802,1798,0,0,60,60,CCW,0,S,0,0,0
D7651658,432051,437672,1,1802,1798,0,0,60,60,CCW,0,S,0,0,0
D7651658,432052,437673,1,1801,1798,0,0,60,60,CCW,0,S,0,0,0
D7651658,432053,437674,1,1802,1798,0,0,60,60,CCW,0,S,0,0,0
D7651658,432054,437675,1,1800,1798,0,0,60,60,CCW,0,S,0,0,0
D7651658,432055,437676,1,1801,1798,0,0,60,60,CCW,0,S,0,0,0
D7651658,432056,437677,1,1800,1798,0,0,60,60,CCW,0,S,0,0,0
D7651658,432057,437678,1,1801,1798,0,0,60,60,CCW,0,S,0,0,0
D7651658,432058,437679,1,1802,1798,0,0,60,60,CCW,0,S,0,0,0
D7651658,432059,437680,1,1801,1798,0,0,60,60,CCW,0,S,0,0,0
D7651658,432060,437681,1,1803,1798,0,0,60,60,CCW,0,S,0,0,0
D7651658,432061,437682,1,1801,1798,0,0,60,60,CCW,0,S,0,0,0
D7651658,432062,437683,1,1801,1798,0,0,60,60,CCW,0,S,0,0,0
D7651658,432063,437684,1,1801,1798,0,0,60,60,CCW,0,S,0,0,0
D7651658,432064,437685,1,1799,1798,0,0,60,60,CCW,0,S,0,0,0
D7651658,432065,437686,1,1803,1798,0,0,60,60,CCW,0,S,0,0,0
D7651658,432066,437687,1,1801,1798,0,0,60,60,CCW,0,S,0,0,0
D7651658,432067,437688,1,1801,1798,0,0,60,60,CCW,0,S,0,0,0
D7651658,432068,437689,1,1802,1798,0,0,60,60,CCW,0,S,0,0,0
D7651658,432069,437690,1,1793,1798,0,0,60,60,CCW,0,S,0,0,0
D7651658,432070,437691,1,1800,1798,0,0,60,60,CCW,0,S,0,0,0
D7651658,432071,437692,1,1800,1798,0,0,60,60,CCW,0,S,0,0,0
D7651658,432072,437693,1,1801,1798,0,0,60,60,CCW,0,S,0,0,0
D7651658,432073,437694,1,1802,1798,0,0,60,60,CCW,0,S,0,0,0
D7651658,432074,437695,1,1802,1798,0,0,60,60,CCW,0,S,0,0,0
D7651658,432075,437696,1,1802,1798,0,0,60,60,CCW,0,S,0,0,0
D7651658,432076,437697,1,1800,1798,0,0,60,60,CCW,0,S,0,0,0
D7651658,432077,437698,1,1800,1798,0,0,60,60,CCW,0,S,0,0,0
D7651658,432078,437699,1,1800,1798,0,0,60,60,CCW,0,S,0,0,0
D7651658,432079,437700,1,1800,1798,0,0,60,60,CCW,0,S,0,0,0
D7651658,432080,437701,1,1799,1798,0,0,60,60,CCW,0,S,0,0,0
D7651658,432081,437702,1,1799,1798,0,0,60,60,CCW,0,S,0,0,0
D7651658,432082,437703,1,1801,1798,0,0,60,60,CCW,0,S,0,0,0
D7651658,432083,437704,1,1800,1798,0,0,60,60,CCW,0,S,0,0,0
D7651658,432084,437705,1,1801,1798,0,0,60,60,CCW,0,S,0,0,0
D7651658,432085,437706,1,1801,1798,0,0,60,60,CCW,0,S,0,0,0
D7651658,432086,437707,1,1800,1798,0,0,60,60,CCW,0,S,0,0,0
D7651658,432087,437708,1,1800,1798,0,0,60,60,CCW,0,S,0,0,0
D7651658,432088,437709,1,1798,1798,0,0,60,60,CCW,0,S,0,0,0
D7651658,432089,437710,1,1800,1798,0,0,60,60,CCW,0,S,0,0,0
D7651658,432090,437711,1,1799,1798,0,0,60,60,CCW,0,S,0,0,0
D7651658,432091,437712,1,1798,1798,0,0,60,60,CCW,0,S,0,0,0
D7651658,432092,437713,1,1800,1798,0,0,60,60,CCW,0,S,0,0,0
D7651658,432093,437714,1,1801,1798,0,0,60,60,CCW,0,S,0,0,0
D7651658,432094,437715,1,1801,1798,0,0,60,60,CCW,0,S,0,0,0
D7651658,432095,437716,1,1801,1798,0,0,60,60,CCW,0,S,0,0,0
D7651658,432096,437717,1,1800,1798,0,0,60,60,CCW,0,S,0,0,0
D7651658,432097,437718,1,1802,1798,0,0,60,60,CCW,0,S,0,0,0
D7651658,432098,437719,1,1801,1798,0,0,60,60,CCW,0,S,0,0,0
D7651658,432099,437720,1,1802,1798,0,0,60,60,CCW,0,S,0,0,0
D7651658,432100,437721,1,1800,1798,0,0,60,60,CCW,0,S,0,0,0
D7651658,432101,437722,1,1799,1798,0,0,60,60,CCW,0,S,0,0,0
D7651658,432102,437723,1,1800,1798,0,0,60,60,CCW,0,S,0,0,0
D7651658,432103,437724,1,1801,1798,0,0,60,60,CCW,0,S,0,0,0
D7651658,432104,437725,1,1786,1798,0,0,60,60,CCW,0,S,0,0,0
D7651658,432105,437726,1,1802,1798,0,0,60,60,CCW,0,S,0,0,0
D7651658,432106,437727,1,1801,1798,0,0,60,60,CCW,0,S,0,0,0
D7651658,432107,437728,1,1802,1798,0,0,60,60,CCW,0,S,0,0,0
D7651658,432108,437729,1,1801,1798,0,0,60,60,CCW,0,S,0,0,0
D7651658,432109,437730,1,1797,1798,0,0,60,60,CCW,0,S,0,0,0
D7651658,432110,437731,1,1800,1798,0,0,60,60,CCW,0,S,0,0,0
D7651658,432111,437732,1,1801,1798,0,0,60,60,CCW,0,S,0,0,0
D7651658,432112,437733,1,1799,1798,0,0,60,60,CCW,0,S,0,0,0
D7651658,432113,437734,1,1798,1798,0,0,60,60,CCW,0,S,0,0,0
D7651658,432114,437735,1,1790,1798,0,0,60,60,CCW,0,S,0,0,0
D7651658,432115,437736,1,1799,1798,0,0,60,60,CCW,0,S,0,0,0
D7651658,432116,437737,1,1801,1798,0,0,60,60,CCW,0,S,0,0,0
D7651658,432117,437738,1,1800,1798,0,0,60,60,CCW,0,S,0,0,0
D7651658,432118,437739,1,1798,1798,0,0,60,60,CCW,0,S,0,0,0
D7651658,432119,437740,1,1800,1798,0,0,60,60,CCW,0,S,0,0,0
D7651658,432120,437741,1,1801,1798,0,0,60,60,CCW,0,S,0,0,0
D7651658,432121,437742,1,1801,1798,0,0,60,60,CCW,0,S,0,0,0
D7651658,432122,437743,1,1801,1798,0,0,60,60,CCW,0,S,0,0,0
D7651658,432123,437744,1,1812,1798,0,0,60,60,CCW,0,S,0,0,0
D7651658,432124,437745,1,1797,1798,0,0,60,60,CCW,0,S,0,0,0
D7651658,432125,437746,1,1800,1798,0,0,60,60,CCW,0,S,0,0,0
D7651658,432126,437747,1,1802,1798,0,0,60,60,CCW,0,S,0,0,0
D7651658,432127,437748,1,1801,1798,0,0,60,60,CCW,0,S,0,0,0
D7651658,432128,437749,1,1800,1798,0,0,60,60,CCW,0,S,0,0,0
D7651658,432129,437750,1,1799,1798,0,0,60,60,CCW,0,S,0,0,0
D7651658,432130,437751,1,1801,1798,0,0,60,60,CCW,0,S,0,0,0
D7651658,432131,437752,1,1801,1798,0,0,60,60,CCW,0,S,0,0,0
D7651658,432132,437753,1,1801,1798,0,0,60,60,CCW,0,S,0,0,0
D7651658,432133,437754,1,1799,1798,0,0,60,60,CCW,0,S,0,0,0
D7651658,432134,437755,1,1800,1798,0,0,60,60,CCW,0,S,0,0,0
D7651658,432135,437756,1,1799,1798,0,0,60,60,CCW,0,S,0,0,0
D7651658,432136,437757,1,1799,1798,0,0,60,60,CCW,0,S,0,0,0
D7651658,432137,437758,1,1800,1798,0,0,60,60,CCW,0,S,0,0,0
D7651658,432138,437759,1,1799,1798,0,0,60,60,CCW,0,S,0,0,0
D7651658,432139,437760,1,1800,1798,0,0,60,60,CCW,0,S,0,0,0
D7651658,432140,437761,1,1798,1798,0,0,60,60,CCW,0,S,0,0,0
D7651658,432141,437762,1,1800,1798,0,0,60,60,CCW,0,S,0,0,0
D7651658,432142,437763,1,1801,1798,0,0,60,60,CCW,0,S,0,0,0
D7651658,432143,437764,1,1801,1798,0,0,60,60,CCW,0,S,0,0,0
D7651658,432144,437765,1,1801,1798,0,0,60,60,CCW,0,S,0,0,0
D7651658,432145,437766,1,1801,1798,0,0,60,60,CCW,0,S,0,0,0
D7651658,432146,437767,1,1801,1798,0,0,60,60,CCW,0,S,0,0,0
D7651658,432147,437768,1,1800,1798,0,0,60,60,CCW,0,S,0,0,0
D7651658,432148,437769,1,1800,1798,0,0,60,60,CCW,0,S,0,0,0
D7651658,432149,437770,1,1801,1798,0,0,60,60,CCW,0,S,0,0,0
D7651658,432150,437771,1,1801,1798,0,0,60,60,CCW,0,S,0,0,0
D7651658,432151,437772,1,1802,1798,0,0,60,60,CCW,0,S,0,0,0
D7651658,432152,437773,1,1800,1798,0,0,60,60,CCW,0,S,0,0,0
D7651658,432153,437774,1,1800,1798,0,0,60,60,CCW,0,S,0,0,0
D7651658,432154,437775,1,1799,1798,0,0,60,60,CCW,0,S,0,0,0
D7651658,432155,437776,1,1800,1798,0,0,60,60,CCW,0,S,0,0,0
D7651658,432156,437777,1,1797,1798,0,0,60,60,CCW,0,S,0,0,0
D7651658,432157,437778,1,1798,1798,0,0,60,60,CCW,0,S,0,0,0
D7651658,432158,437779,1,1797,1798,0,0,60,60,CCW,0,S,0,0,0
D7651658,432159,437780,1,1801,1798,0,0,60,60,CCW,0,S,0,0,0
D7651658,432160,437781,1,1799,1798,0,0,60,60,CCW,0,S,0,0,0
D7651658,432161,437782,1,1800,1798,0,0,60,60,CCW,0,S,0,0,0
D7651658,432162,437783,1,1799,1798,0,0,60,60,CCW,0,S,0,0,0
D7651658,432163,437784,1,1800,1798,0,0,60,60,CCW,0,S,0,0,0
D7651658,432164,437785,1,1801,1798,0,0,60,60,CCW,0,S,0,0,0
D7651658,432165,437786,1,1799,1798,0,0,60,60,CCW,0,S,0,0,0
D7651658,432166,437787,1,1806,1798,0,0,60,60,CCW,0,S,0,0,0
D7651658,432167,437788,1,1799,1798,0,0,60,60,CCW,0,S,0,0,0
D7651658,432168,437789,1,1798,1798,0,0,60,60,CCW,0,S,0,0,0
D7651658,432169,437790,1,1799,1798,0,0,60,60,CCW,0,S,0,0,0
D7651658,432170,437791,1,1799,1798,0,0,60,60,CCW,0,S,0,0,0
D7651658,432171,437792,1,1801,1798,0,0,60,60,CCW,0,S,0,0,0
D7651658,432172,437793,1,1801,1798,0,0,60,60,CCW,0,S,0,0,0
D7651658,432173,437794,1,1800,1798,0,0,60,60,CCW,0,S,0,0,0
D7651658,432174,437795,1,1799,1798,0,0,60,60,CCW,0,S,0,0,0
D7651658,432175,437796,1,1799,1798,0,0,60,60,CCW,0,S,0,0,0
D7651658,432176,437797,1,1802,1798,0,0,60,60,CCW,0,S,0,0,0
D7651658,432177,437798,1,1797,1798,0,0,60,60,CCW,0,S,0,0,0
D7651658,432178,437799,1,1800,1798,0,0,60,60,CCW,0,S,0,0,0
D7651658,432179,437800,1,1803,1798,0,0,60,60,CCW,0,S,0,0,0
D7651658,432180,437801,1,1800,1798,0,0,60,60,CCW,0,S,0,0,0
D7651658,432181,437802,1,1799,1798,0,0,60,60,CCW,0,S,0,0,0
D7651658,432182,437803,1,1800,1798,0,0,60,60,CCW,0,S,0,0,0
D7651658,432183,437804,1,1801,1798,0,0,60,60,CCW,0,S,0,0,0
D7651658,432184,437805,1,1799,1798,0,0,60,60,CCW,0,S,0,0,0
D7651658,432185,437806,1,1799,1798,0,0,60,60,CCW,0,S,0,0,0
D7651658,432186,437807,1,1799,1798,0,0,60,60,CCW,0,S,0,0,0
D7651658,432187,437808,1,1800,1798,0,0,60,60,CCW,0,S,0,0,0
D7651658,432188,437809,1,1800,1798,0,0,60,60,CCW,0,S,0,0,0
D7651658,432189,437810,1,1802,1798,0,0,60,60,CCW,0,S,0,0,0
D7651658,432190,437811,1,1801,1798,0,0,60,60,CCW,0,S,0,0,0
D7651658,432191,437812,1,1802,1798,0,0,60,60,CCW,0,S,0,0,0
D7651658,432192,437813,1,1800,1798,0,0,60,60,CCW,0,S,0,0,0
D7651658,432193,437814,1,1801,1798,0,0,60,60,CCW,0,S,0,0,0
D7651658,432194,437815,1,1797,1798,0,0,60,60,CCW,0,S,0,0,0
D7651658,432195,437816,1,1801,1798,0,0,60,60,CCW,0,S,0,0,0
D7651658,432196,437817,1,1800,1798,0,0,60,60,CCW,0,S,0,0,0
D7651658,432197,437818,1,1801,1798,0,0,60,60,CCW,0,S,0,0,0
D7651658,432198,437819,1,1798,1798,0,0,60,60,CCW,0,S,0,0,0
D7651658,432199,437820,1,1801,1798,0,0,60,60,CCW,0,S,0,0,0
D7651658,432200,437821,1,1799,1798,0,0,60,60,CCW,0,S,0,0,0
D7651658,432201,437822,1,1800,1798,0,0,60,60,CCW,0,S,0,0,0
D7651658,432202,437823,1,1799,1798,0,0,60,60,CCW,0,S,0,0,0
D7651658,432203,437824,1,1800,1798,0,0,60,60,CCW,0,S,0,0,0
D7651658,432204,437825,1,1799,1798,0,0,60,60,CCW,0,S,0,0,0
D7651658,432205,437826,1,1800,1798,0,0,60,60,CCW,0,S,0,0,0
D7651658,432206,437827,1,1800,1798,0,0,60,60,CCW,0,S,0,0,0
D7651658,432207,437828,1,1800,1798,0,0,60,60,CCW,0,S,0,0,0
D7651658,432208,437829,1,1801,1798,0,0,60,60,CCW,0,S,0,0,0
D7651658,432209,437830,1,1800,1798,0,0,60,60,CCW,0,S,0,0,0
D7651658,432210,437831,1,1801,1798,0,0,60,60,CCW,0,S,0,0,0
D7651658,432211,437832,1,1799,1798,0,0,60,60,CCW,0,S,0,0,0
D7651658,432212,437833,1,1800,1798,0,0,60,60,CCW,0,S,0,0,0
D7651658,432213,437834,1,1800,1798,0,0,60,60,CCW,0,S,0,0,0
D7651658,432214,437835,1,1800,1798,0,0,60,60,CCW,0,S,0,0,0
D7651658,432215,437836,1,1800,1798,0,0,60,60,CCW,0,S,0,0,0
D7651658,432216,437837,1,1792,1798,0,0,60,60,CCW,0,S,0,0,0
D7651658,432217,437838,1,1799,1798,0,0,60,60,CCW,0,S,0,0,0
D7651658,432218,437839,1,1801,1798,0,0,60,60,CCW,0,S,0,0,0
D7651658,432219,437840,1,1800,1798,0,0,60,60,CCW,0,S,0,0,0
D7651658,432220,437841,1,1800,1798,0,0,60,60,CCW,0,S,0,0,0
D7651658,432221,437842,1,1799,1798,0,0,60,60,CCW,0,S,0,0,0
D7651658,432222,437843,1,1800,1798,0,0,60,60,CCW,0,S,0,0,0
D7651658,432223,437844,1,1799,1798,0,0,60,60,CCW,0,S,0,0,0
D7651658,432224,437845,1,1799,1798,0,0,60,60,CCW,0,S,0,0,0
D7651658,432225,437846,1,1800,1798,0,0,60,60,CCW,0,S,0,0,0
D7651658,432226,437847,1,1799,1798,0,0,60,60,CCW,0,S,0,0,0
D7651658,432227,437848,1,1799,1798,0,0,60,60,CCW,0,S,0,0,0
D7651658,432228,437849,1,1799,1798,0,0,60,60,CCW,0,S,0,0,0
D7651658,432229,437850,1,1810,1798,0,0,60,60,CCW,0,S,0,0,0
D7651658,432230,437851,1,1800,1798,0,0,60,60,CCW,0,S,0,0,0
D7651658,432231,437852,1,1801,1798,0,0,60,60,CCW,0,S,0,0,0
D7651658,432232,437853,1,1800,1798,0,0,60,60,CCW,0,S,0,0,0
D7651658,432233,437854,1,1800,1798,0,0,60,60,CCW,0,S,0,0,0
D7651658,432234,437855,1,1800,1798,0,0,60,60,CCW,0,S,0,0,0
D7651658,432235,437856,1,1800,1798,0,0,60,60,CCW,0,S,0,0,0
D7651658,432236,437857,1,1797,1798,0,0,60,60,CCW,0,S,0,0,0
D7651658,432237,437858,1,1800,1798,0,0,60,60,CCW,0,S,0,0,0
D7651658,432238,437859,1,1800,1798,0,0,60,60,CCW,0,S,0,0,0
D7651658,432239,437860,1,1799,1798,0,0,60,60,CCW,0,S,0,0,0
D7651658,432240,437861,1,1798,1798,0,0,60,60,CCW,0,S,0,0,0
D7651658,432241,437862,1,1801,1798,0,0,60,60,CCW,0,S,0,0,0
D7651658,432242,437863,1,1800,1798,0,0,60,60,CCW,0,S,0,0,0
D7651658,432243,437864,1,1799,1798,0,0,60,60,CCW,0,S,0,0,0
D7651658,432244,437865,1,1799,1798,0,0,60,60,CCW,0,S,0,0,0
D7651658,432245,437866,1,1800,1798,0,0,60,60,CCW,0,S,0,0,0
D7651658,432246,437867,1,1799,1798,0,0,60,60,CCW,0,S,0,0,0
D7651658,432247,437868,1,1801,1798,0,0,60,60,CCW,0,S,0,0,0
D7651658,432248,437869,1,1800,1798,0,0,60,60,CCW,0,S,0,0,0
D7651658,432249,437870,1,1800,1798,0,0,60,60,CCW,0,S,0,0,0
D7651658,432250,437871,1,1799,1798,0,0,60,60,CCW,0,S,0,0,0
D7651658,432251,437872,1,1799,1798,0,0,60,60,CCW,0,S,0,0,0
D7651658,432252,437873,1,1801,1798,0,0,60,60,CCW,0,S,0,0,0
D7651658,432253,437874,1,1801,1798,0,0,60,60,CCW,0,S,0,0,0
D7651658,432254,437875,1,1798,1798,0,0,60,60,CCW,0,S,0,0,0
D7651658,432255,437876,1,1800,1798,0,0,60,60,CCW,0,S,0,0,0
D7651658,432256,437877,1,1802,1798,0,0,60,60,CCW,0,S,0,0,0
D7651658,432257,437878,1,1801,1798,0,0,60,60,CCW,0,S,0,0,0
D7651658,432258,437879,1,1797,1798,0,0,60,60,CCW,0,S,0,0,0
D7651658,432259,437880,1,1799,1798,0,0,60,60,CCW,0,S,0,0,0
D7651658,432260,437881,1,1800,1798,0,0,60,60,CCW,0,S,0,0,0
D7651658,432261,437882,1,1798,1798,0,0,60,60,CCW,0,S,0,0,0
D7651658,432262,437883,1,1798,1798,0,0,60,60,CCW,0,S,0,0,0
D7651658,432263,437884,1,1800,1798,0,0,60,60,CCW,0,S,0,0,0
D7651658,432264,437885,1,1800,1798,0,0,60,60,CCW,0,S,0,0,0
D7651658,432265,437886,1,1800,1798,0,0,60,60,CCW,0,S,0,0,0
D7651658,432266,437887,1,1800,1798,0,0,60,60,CCW,0,S,0,0,0
D7651658,432267,437888,1,1800,1798,0,0,60,60,CCW,0,S,0,0,0
D7651658,432268,437889,1,1798,1798,0,0,60,60,CCW,0,S,0,0,0
D7651658,432269,437890,1,1800,1798,0,0,60,60,CCW,0,S,0,0,0
D7651658,432270,437891,1,1798,1798,0,0,60,60,CCW,0,S,0,0,0
D7651658,432271,437892,1,1800,1798,0,0,60,60,CCW,0,S,0,0,0
D7651658,432272,437893,1,1799,1798,0,0,60,60,CCW,0,S,0,0,0
D7651658,432273,437894,1,1799,1798,0,0,60,60,CCW,0,S,0,0,0
D7651658,432274,437895,1,1798,1798,0,0,60,60,CCW,0,S,0,0,0
D7651658,432275,437896,1,1798,1798,0,0,60,60,CCW,0,S,0,0,0
D7651658,432276,437897,1,1800,1798,0,0,60,60,CCW,0,S,0,0,0
D7651658,432277,437898,1,1798,1798,0,0,60,60,CCW,0,S,0,0,0
D7651658,432278,437899,1,1799,1798,0,0,60,60,CCW,0,S,0,0,0
D7651658,432279,437900,1,1799,1798,0,0,60,60,CCW,0,S,0,0,0
D7651658,432280,437901,1,1800,1798,0,0,60,60,CCW,0,S,0,0,0
D7651658,432281,437902,1,1800,1798,0,0,60,60,CCW,0,S,0,0,0
D7651658,432282,437903,1,1799,1798,0,0,60,60,CCW,0,S,0,0,0
D7651658,432283,437904,1,1801,1798,0,0,60,60,CCW,0,S,0,0,0
D7651658,432284,437905,1,1800,1798,0,0,60,60,CCW,0,S,0,0,0
D7651658,432285,437906,1,1800,1798,0,0,60,60,CCW,0,S,0,0,0
D7651658,432286,437907,1,1797,1798,0,0,60,60,CCW,0,S,0,0,0
D7651658,432287,437908,1,1801,1798,0,0,60,60,CCW,0,S,0,0,0
D7651658,432288,437909,1,1798,1798,0,0,60,60,CCW,0,S,0,0,0
D7651658,432289,437910,1,1798,1798,0,0,60,60,CCW,0,S,0,0,0
D7651658,432290,437911,1,1799,1798,0,0,60,60,CCW,0,S,0,0,0
D7651658,432291,437912,1,1799,1798,0,0,60,60,CCW,0,S,0,0,0
D7651658,432292,437913,1,1801,1798,0,0,60,60,CCW,0,S,0,0,0
D7651658,432293,437914,1,1799,1798,0,0,60,60,CCW,0,S,0,0,0
D7651658,432294,437915,1,1798,1798,0,0,60,60,CCW,0,S,0,0,0
D7651658,432295,437916,1,1800,1798,0,0,60,60,CCW,0,S,0,0,0
D7651658,432296,437917,1,1799,1798,0,0,60,60,CCW,0,S,0,0,0
D7651658,432297,437918,1,1799,1798,0,0,60,60,CCW,0,S,0,0,0
D7651658,432298,437919,1,1799,1798,0,0,60,60,CCW,0,S,0,0,0
D7651658,432299,437920,1,1798,1798,0,0,60,60,CCW,0,S,0,0,0
D7651658,432300,437921,1,1800,1798,0,0,60,60,CCW,0,S,0,0,0
D7651658,432301,437922,1,1796,1798,0,0,60,60,CCW,0,S,0,0,0
D7651658,432302,437924,2,1799,1798,0,0,60,60,CCW,0,S,0,1,1
D7651658,432303,437925,1,1800,1798,0,0,60,60,CCW,0,S,0,0,0
D7651658,432304,437926,1,1799,1798,0,0,60,60,CCW,0,S,0,0,0
D7651658,432305,437927,1,1798,1798,0,0,60,60,CCW,0,S,0,0,0
D7651658,432306,437928,1,1800,1798,0,0,60,60,CCW,0,S,0,0,0
D7651658,432307,437929,1,1798,1798,0,0,60,60,CCW,0,S,0,0,0
D7651658,432308,437930,1,1801,1798,0,0,60,60,CCW,0,S,0,0,0
D7651658,432309,437931,1,1799,1798,0,0,60,60,CCW,0,S,0,0,0
D7651658,432310,437932,1,1799,1798,0,0,60,60,CCW,0,S,0,0,0
D7651658,432311,437933,1,1798,1798,0,0,60,60,CCW,0,S,0,0,0
D7651658,432312,437934,1,1797,1798,0,0,60,60,CCW,0,S,0,0,0
D7651658,432313,437935,1,1800,1798,0,0,60,60,CCW,0,S,0,0,0
D7651658,432314,437936,1,1799,1798,0,0,60,60,CCW,0,S,0,0,0
D7651658,432315,437937,1,1799,1798,0,0,60,60,CCW,0,S,0,0,0
D7651658,432316,437938,1,1798,1798,0,0,60,60,CCW,0,S,0,0,0
D7651658,432317,437939,1,1799,1798,0,0,60,60,CCW,0,S,0,0,0
D7651658,432318,437940,1,1800,1798,0,0,60,60,CCW,0,S,0,0,0
D7651658,432319,437941,1,1797,1798,0,0,60,60,CCW,0,S,0,0,0
D7651658,432320,437942,1,1800,1798,0,0,60,60,CCW,0,S,0,0,0
D7651658,432321,437943,1,1799,1798,0,0,60,60,CCW,0,S,0,0,0
D7651658,432322,437944,1,1803,1798,0,0,60,60,CCW,0,S,0,0,0
D7651658,432323,437945,1,1799,1798,0,0,60,60,CCW,0,S,0,0,0
D7651658,432324,437946,1,1799,1798,0,0,60,60,CCW,0,S,0,0,0
D7651658,432325,437947,1,1800,1798,0,0,60,60,CCW,0,S,0,0,0
D7651658,432326,437948,1,1801,1798,0,0,60,60,CCW,0,S,0,0,0
D7651658,432327,437949,1,1798,1798,0,0,60,60,CCW,0,S,0,0,0
D7651658,432328,437950,1,1799,1798,0,0,60,60,CCW,0,S,0,0,0
D7651658,432329,437951,1,1801,1798,0,0,60,60,CCW,0,S,0,0,0
D7651658,432330,437952,1,1796,1798,0,0,60,60,CCW,0,S,0,0,0
D7651658,432331,437953,1,1801,1798,0,0,60,60,CCW,0,S,0,0,0
D7651658,432332,437954,1,1802,1798,0,0,60,60,CCW,0,S,0,0,0
D7651658,432333,437955,1,1800,1798,0,0,60,60,CCW,0,S,0,0,0
D7651658,432334,437956,1,1798,1798,0,0,60,60,CCW,0,S,0,0,0
D7651658,432335,437957,1,1800,1798,0,0,60,60,CCW,0,S,0,0,0
D7651658,432336,437958,1,1810,1798,0,0,60,60,CCW,0,S,0,0,0
D7651658,432337,437959,1,1805,1798,0,0,60,60,CCW,0,S,0,0,0
D7651658,432338,437960,1,1801,1798,0,0,60,60,CCW,0,S,0,0,0
D7651658,432339,437961,1,1800,1798,0,0,60,60,CCW,0,S,0,0,0
D7651658,432340,437962,1,1800,1798,0,0,60,60,CCW,0,S,0,0,0
D7651658,432341,437963,1,1800,1798,0,0,60,60,CCW,0,S,0,0,0
D7651658,432342,437964,1,1799,1798,0,0,60,60,CCW,0,S,0,0,0
D7651658,432343,437965,1,1799,1798,0,0,60,60,CCW,0,S,0,0,0
D7651658,432344,437966,1,1799,1798,0,0,60,60,CCW,0,S,0,0,0
D7651658,432345,437967,1,1800,1798,0,0,60,60,CCW,0,S,0,0,0
D7651658,432346,437968,1,1800,1798,0,0,60,60,CCW,0,S,0,0,0
D7651658,432347,437969,1,1800,1798,0,0,60,60,CCW,0,S,0,0,0
D7651658,432348,437970,1,1801,1798,0,0,60,60,CCW,0,S,0,0,0
D7651658,432349,437971,1,1800,1798,0,0,60,60,CCW,0,S,0,0,0
D7651658,432350,437972,1,1800,1798,0,0,60,60,CCW,0,S,0,0,0
D7651658,432351,437973,1,1799,1798,0,0,60,60,CCW,0,S,0,0,0
D7651658,432352,437974,1,1796,1798,0,0,60,60,CCW,0,S,0,0,0
D7651658,432353,437975,1,1801,1798,0,0,60,60,CCW,0,S,0,0,0
D7651658,432354,437976,1,1800,1798,0,0,60,60,CCW,0,S,0,0,0
D7651658,432355,437977,1,1800,1798,0,0,60,60,CCW,0,S,0,0,0
D7651658,432356,437978,1,1799,1798,0,0,60,60,CCW,0,S,0,0,0
D7651658,432357,437979,1,1800,1798,0,0,60,60,CCW,0,S,0,0,0
D7651658,432358,437980,1,1800,1798,0,0,60,60,CCW,0,S,0,0,0
D7651658,432359,437981,1,1800,1798,0,0,60,60,CCW,0,S,0,0,0
D7651658,432360,437982,1,1801,1798,0,0,60,60,CCW,0,S,0,0,0
D7651658,432361,437983,1,1799,1798,0,0,60,60,CCW,0,S,0,0,0
D7651658,432362,437984,1,1800,1798,0,0,60,60,CCW,0,S,0,0,0
D7651658,432363,437985,1,1800,1798,0,0,60,60,CCW,0,S,0,0,0
D7651658,432364,437986,1,1800,1798,0,0,60,60,CCW,0,S,0,0,0
D7651658,432365,437987,1,1801,1798,0,0,60,60,CCW,0,S,0,0,0
D7651658,432366,437988,1,1800,1798,0,0,60,60,CCW,0,S,0,0,0
D7651658,432367,437989,1,1801,1798,0,0,60,60,CCW,0,S,0,0,0
D7651658,432368,437990,1,1798,1798,0,0,60,60,CCW,0,S,0,0,0
D7651658,432369,437991,1,1799,1798,0,0,60,60,CCW,0,S,0,0,0
D7651658,432370,437992,1,1799,1798,0,0,60,60,CCW,0,S,0,0,0
D7651658,432371,437993,1,1800,1798,0,0,60,60,CCW,0,S,0,0,0
D7651658,432372,437994,1,1800,1798,0,0,60,60,CCW,0,S,0,0,0
D7651658,432373,437995,1,1798,1798,0,0,60,60,CCW,0,S,0,0,0
D7651658,432374,437996,1,1798,1798,0,0,60,60,CCW,0,S,0,0,0
D7651658,432375,437997,1,1799,1798,0,0,60,60,CCW,0,S,0,0,0
D7651658,432376,437998,1,1801,1798,0,0,60,60,CCW,0,S,0,0,0
D7651658,432377,437999,1,1799,1798,0,0,60,60,CCW,0,S,0,0,0
D7651658,432378,438000,1,1799,1798,0,0,60,60,CCW,0,S,0,0,0
D7651658,432379,438001,1,1799,1798,0,0,60,60,CCW,0,S,0,0,0
D7651658,432380,438002,1,1797,1798,0,0,60,60,CCW,0,S,0,0,0
D7651658,432381,438003,1,1799,1798,0,0,60,60,CCW,0,S,0,0,0
D7651658,432382,438004,1,1799,1798,0,0,60,60,CCW,0,S,0,0,0
D7651658,432383,438005,1,1799,1798,0,0,60,60,CCW,0,S,0,0,0
D7651658,432384,438006,1,1802,1798,0,0,60,60,CCW,0,S,0,0,0
D7651658,432385,438007,1,1801,1798,0,0,60,60,CCW,0,S,0,0,0
D7651658,432386,438008,1,1800,1798,0,0,60,60,CCW,0,S,0,0,0
D7651658,432387,438009,1,1800,1798,0,0,60,60,CCW,0,S,0,0,0
D7651658,432388,438010,1,1801,1798,0,0,60,60,CCW,0,S,0,0,0
D7651658,432389,438011,1,1797,1798,0,0,60,60,CCW,0,S,0,0,0
D7651658,432390,438012,1,1799,1798,0,0,60,60,CCW,0,S,0,0,0
D7651658,432391,438013,1,1797,1798,0,0,60,60,CCW,0,S,0,0,0
D7651658,432392,438014,1,1799,1798,0,0,60,60,CCW,0,S,0,0,0
D7651658,432393,438015,1,1800,1798,0,0,60,60,CCW,0,S,0,0,0
D7651658,432394,438016,1,1799,1798,0,0,60,60,CCW,0,S,0,0,0
D7651658,432395,438017,1,1800,1798,0,0,60,60,CCW,0,S,0,0,0
D7651658,432396,438018,1,1799,1798,0,0,60,60,CCW,0,S,0,0,0
D7651658,432397,438019,1,1798,1798,0,0,60,60,CCW,0,S,0,0,0
D7651658,432398,438020,1,1797,1798,0,0,60,60,CCW,0,S,0,0,0
D7651658,432399,438021,1,1798,1798,0,0,60,60,CCW,0,S,0,0,0
D7651658,432400,438022,1,1800,1798,0,0,60,60,CCW,0,S,0,0,0
D7651658,432401,438023,1,1800,1798,0,0,60,60,CCW,0,S,0,0,0
D7651658,432402,438024,1,1800,1798,0,0,60,60,CCW,0,S,0,0,0
D7651658,432403,438025,1,1794,1798,0,0,60,60,CCW,0,S,0,0,0
D7651658,432404,438026,1,1798,1798,0,0,60,60,CCW,0,S,0,0,0
D7651658,432405,438027,1,1797,1798,0,0,60,60,CCW,0,S,0,0,0
D7651658,432406,438028,1,1799,1798,0,0,60,60,CCW,0,S,0,0,0
D7651658,432407,438029,1,1800,1798,0,0,60,60,CCW,0,S,0,0,0
D7651658,432408,438030,1,1801,1798,0,0,60,60,CCW,0,S,0,0,0
D7651658,432409,438031,1,1798,1798,0,0,60,60,CCW,0,S,0,0,0
D7651658,432410,438032,1,1799,1798,0,0,60,60,CCW,0,S,0,0,0
D7651658,432411,438033,1,1800,1798,0,0,60,60,CCW,0,S,0,0,0
D7651658,432412,438034,1,1800,1798,0,0,60,60,CCW,0,S,0,0,0
D7651658,432413,438035,1,1800,1798,0,0,60,60,CCW,0,S,0,0,0
D7651658,432414,438036,1,1800,1798,0,0,60,60,CCW,0,S,0,0,0
D7651658,432415,438037,1,1797,1798,0,0,60,60,CCW,0,S,0,0,0
D7651658,432416,438038,1,1800,1798,0,0,60,60,CCW,0,S,0,0,0
D7651658,432417,438039,1,1801,1798,0,0,60,60,CCW,0,S,0,0,0
D7651658,432418,438040,1,1799,1798,0,0,60,60,CCW,0,S,0,0,0
D7651658,432419,438041,1,1800,1798,0,0,60,60,CCW,0,S,0,0,0
D7651658,432420,438042,1,1798,1798,0,0,60,60,CCW,0,S,0,0,0
D7651658,432421,438043,1,1801,1798,0,0,60,60,CCW,0,S,0,0,0
D7651658,432422,438044,1,1800,1798,0,0,60,60,CCW,0,S,0,0,0
D7651658,432423,438045,1,1798,1798,0,0,60,60,CCW,0,S,0,0,0
D7651658,432424,438046,1,1801,1798,0,0,60,60,CCW,0,S,0,0,0
D7651658,432425,438047,1,1801,1798,0,0,60,60,CCW,0,S,0,0,0
D7651658,432426,438048,1,1800,1798,0,0,60,60,CCW,0,S,0,0,0
D7651658,432427,438049,1,1799,1798,0,0,60,60,CCW,0,S,0,0,0
D7651658,432428,438050,1,1800,1798,0,0,60,60,CCW,0,S,0,0,0
D7651658,432429,438051,1,1800,1798,0,0,60,60,CCW,0,S,0,0,0
D7651658,432430,438052,1,1801,1798,0,0,60,60,CCW,0,S,0,0,0
D7651658,432431,438053,1,1801,1798,0,0,60,60,CCW,0,S,0,0,0
D7651658,432432,438054,1,1799,1798,0,0,60,60,CCW,0,S,0,0,0
D7651658,432433,438055,1,1799,1798,0,0,60,60,CCW,0,S,0,0,0
D7651658,432434,438056,1,1799,1798,0,0,60,60,CCW,0,S,0,0,0
D7651658,432435,438057,1,1800,1798,0,0,60,60,CCW,0,S,0,0,0
D7651658,432436,438058,1,1798,1798,0,0,60,60,CCW,0,S,0,0,0
D7651658,432437,438059,1,1797,1798,0,0,60,60,CCW,0,S,0,0,0
D7651658,432438,438060,1,1799,1798,0,0,60,60,CCW,0,S,0,0,0
D7651658,432439,438061,1,1786,1798,0,0,60,60,CCW,0,S,0,0,0
D7651658,432440,438062,1,1799,1798,0,0,60,60,CCW,0,S,0,0,0
D7651658,432441,438063,1,1796,1798,0,0,60,60,CCW,0,S,0,0,0
D7651658,432442,438064,1,1794,1798,0,0,60,60,CCW,0,S,0,0,0
D7651658,432443,438065,1,1796,1798,0,0,60,60,CCW,0,S,0,0,0
D7651658,432444,438066,1,1798,1798,0,0,60,60,CCW,0,S,0,0,0
D7651658,432445,438067,1,1799,1798,0,0,60,60,CCW,0,S,0,0,0
D7651658,432446,438068,1,1799,1798,0,0,60,60,CCW,0,S,0,0,0
D7651658,432447,438069,1,1800,1798,0,0,60,60,CCW,0,S,0,0,0
D7651658,432448,438070,1,1798,1798,0,0,60,60,CCW,0,S,0,0,0
D7651658,432449,438071,1,1798,1798,0,0,60,60,CCW,0,S,0,0,0
D7651658,432450,438072,1,1799,1798,0,0,60,60,CCW,0,S,0,0,0
D7651658,432451,438073,1,1799,1798,0,0,60,60,CCW,0,S,0,0,0
D7651658,432452,438074,1,1799,1798,0,0,60,60,CCW,0,S,0,0,0
D7651658,432453,438075,1,1798,1798,0,0,60,60,CCW,0,S,0,0,0
D7651658,432454,438076,1,1799,1798,0,0,60,60,CCW,0,S,0,0,0
D7651658,432455,438077,1,1798,1798,0,0,60,60,CCW,0,S,0,0,0
D7651658,432456,438078,1,1798,1798,0,0,60,60,CCW,0,S,0,0,0
D7651658,432457,438079,1,1798,1798,0,0,60,60,CCW,0,S,0,0,0
D7651658,432458,438080,1,1798,1798,0,0,60,60,CCW,0,S,0,0,0
D7651658,432459,438081,1,1799,1798,0,0,60,60,CCW,0,S,0,0,0
D7651658,432460,438082,1,1798,1798,0,0,60,60,CCW,0,S,0,0,0
D7651658,432461,438083,1,1799,1798,0,0,60,60,CCW,0,S,0,0,0
D7651658,432462,438084,1,1800,1798,0,0,60,60,CCW,0,S,0,0,0
D7651658,432463,438085,1,1798,1798,0,0,60,60,CCW,0,S,0,0,0
D7651658,432464,438086,1,1799,1798,0,0,60,60,CCW,0,S,0,0,0
D7651658,432465,438087,1,1799,1798,0,0,60,60,CCW,0,S,0,0,0
D7651658,432466,438088,1,1799,1798,0,0,60,60,CCW,0,S,0,0,0
D7651658,432467,438089,1,1800,1798,0,0,60,60,CCW,0,S,0,0,0
D7651658,432468,438090,1,1798,1798,0,0,60,60,CCW,0,S,0,0,0
D7651658,432469,438091,1,1800,1798,0,0,60,60,CCW,0,S,0,0,0
D7651658,432470,438092,1,1799,1798,0,0,60,60,CCW,0,S,0,0,0
D7651658,432471,438093,1,1798,1798,0,0,60,60,CCW,0,S,0,0,0
D7651658,432472,438094,1,1801,1798,0,0,60,60,CCW,0,S,0,0,0
D7651658,432473,438095,1,1800,1798,0,0,60,60,CCW,0,S,0,0,0
D7651658,432474,438096,1,1800,1798,0,0,60,60,CCW,0,S,0,0,0
D7651658,432475,438097,1,1800,1798,0,0,60,60,CCW,0,S,0,0,0
D7651658,432476,438098,1,1799,1798,0,0,60,60,CCW,0,S,0,0,0
D7651658,432477,438099,1,1799,1798,0,0,60,60,CCW,0,S,0,0,0
D7651658,432478,438100,1,1800,1798,0,0,60,60,CCW,0,S,0,0,0
D7651658,432479,438101,1,1798,1798,0,0,60,60,CCW,0,S,0,0,0
D7651658,432480,438102,1,1799,1798,0,0,60,60,CCW,0,S,0,0,0
D7651658,432481,438103,1,1801,1798,0,0,60,60,CCW,0,S,0,0,0
D7651658,432482,438104,1,1794,1798,0,0,60,60,CCW,0,S,0,0,0
D7651658,432483,438105,1,1799,1798,0,0,60,60,CCW,0,S,0,0,0
D7651658,432484,438106,1,1802,1798,0,0,60,60,CCW,0,S,0,0,0
D7651658,432485,438107,1,1798,1798,0,0,60,60,CCW,0,S,0,0,0
D7651658,432486,438108,1,1798,1798,0,0,60,60,CCW,0,S,0,0,0
D7651658,432487,438109,1,1797,1798,0,0,60,60,CCW,0,S,0,0,0
D7651658,432488,438110,1,1799,1798,0,0,60,60,CCW,0,S,0,0,0
D7651658,432489,438111,1,1798,1798,0,0,60,60,CCW,0,S,0,0,0
D7651658,432490,438112,1,1801,1798,0,0,60,60,CCW,0,S,0,0,0
D7651658,432491,438113,1,1797,1798,0,0,60,60,CCW,0,S,0,0,0
D7651658,432492,438114,1,1800,1798,0,0,60,60,CCW,0,S,0,0,0
D7651658,432493,438115,1,1800,1798,0,0,60,60,CCW,0,S,0,0,0
D7651658,432494,438116,1,1801,1798,0,0,60,60,CCW,0,S,0,0,0
D7651658,432495,438117,1,1800,1798,0,0,60,60,CCW,0,S,0,0,0
D7651658,432496,438118,1,1799,1798,0,0,60,60,CCW,0,S,0,0,0
D7651658,432497,438119,1,1799,1798,0,0,60,60,CCW,0,S,0,0,0
D7651658,432498,438120,1,1798,1798,0,0,60,60,CCW,0,S,0,0,0
D7651658,432499,438121,1,1799,1798,0,0,60,60,CCW,0,S,0,0,0
D7651658,432500,438122,1,1800,1798,0,0,60,60,CCW,0,S,0,0,0
D7651658,432501,438123,1,1800,1798,0,0,60,60,CCW,0,S,0,0,0
D7651658,432502,438124,1,1799,1798,0,0,60,60,CCW,0,S,0,0,0
D7651658,432503,438125,1,1799,1798,0,0,60,60,CCW,0,S,0,0,0
D7651658,432504,438126,1,1800,1798,0,0,60,60,CCW,0,S,0,0,0
D7651658,432505,438127,1,1800,1798,0,0,60,60,CCW,0,S,0,0,0
D7651658,432506,438128,1,1798,1798,0,0,60,60,CCW,0,S,0,0,0
D7651658,432507,438129,1,1801,1798,0,0,60,60,CCW,0,S,0,0,0
D7651658,432508,438130,1,1801,1798,0,0,60,60,CCW,0,S,0,0,0
D7651658,432509,438131,1,1798,1798,0,0,60,60,CCW,0,S,0,0,0
D7651658,432510,438132,1,1800,1798,0,0,60,60,CCW,0,S,0,0,0
D7651658,432511,438133,1,1799,1798,0,0,60,60,CCW,0,S,0,0,0
D7651658,432512,438134,1,1801,1798,0,0,60,60,CCW,0,S,0,0,0
D7651658,432513,438135,1,1800,1798,0,0,60,60,CCW,0,S,0,0,0
D7651658,432514,438136,1,1800,1798,0,0,60,60,CCW,0,S,0,0,0
D7651658,432515,438137,1,1791,1798,0,0,60,60,CCW,0,S,0,0,0
D7651658,432516,438138,1,1799,1798,0,0,60,60,CCW,0,S,0,0,0
D7651658,432517,438139,1,1799,1798,0,0,60,60,CCW,0,S,0,0,0
D7651658,432518,438140,1,1798,1798,0,0,60,60,CCW,0,S,0,0,0
D7651658,432519,438141,1,1799,1798,0,0,60,60,CCW,0,S,0,0,0
D7651658,432520,438142,1,1798,1798,0,0,60,60,CCW,0,S,0,0,0
D7651658,432521,438143,1,1812,1798,0,0,60,60,CCW,0,S,0,0,0
D7651658,432522,438144,1,1800,1798,0,0,60,60,CCW,0,S,0,0,0
D7651658,432523,438145,1,1799,1798,0,0,60,60,CCW,0,S,0,0,0
D7651658,432524,438146,1,1799,1798,0,0,60,60,CCW,0,S,0,0,0
D7651658,432525,438147,1,1797,1798,0,0,60,60,CCW,0,S,0,0,0
D7651658,432526,438148,1,1798,1798,0,0,60,60,CCW,0,S,0,0,0
D7651658,432527,438149,1,1796,1798,0,0,60,60,CCW,0,S,0,0,0
D7651658,432528,438150,1,1787,1798,0,0,60,60,CCW,0,S,0,0,0
D7651658,432529,438151,1,1800,1798,0,0,60,60,CCW,0,S,0,0,0
D7651658,432530,438152,1,1799,1798,0,0,60,60,CCW,0,S,0,0,0
D7651658,432531,438153,1,1799,1798,0,0,60,60,CCW,0,S,0,0,0
D7651658,432532,438154,1,1799,1798,0,0,60,60,CCW,0,S,0,0,0
D7651658,432533,438155,1,1800,1798,0,0,60,60,CCW,0,S,0,0,0
D7651658,432534,438156,1,1795,1798,0,0,60,60,CCW,0,S,0,0,0
D7651658,432535,438157,1,1799,1798,0,0,60,60,CCW,0,S,0,0,0
D7651658,432536,438158,1,1802,1798,0,0,60,60,CCW,0,S,0,0,0
D7651658,432537,438159,1,1799,1798,0,0,60,60,CCW,0,S,0,0,0
D7651658,432538,438160,1,1799,1798,0,0,60,60,CCW,0,S,0,0,0
D7651658,432539,438161,1,1799,1798,0,0,60,60,CCW,0,S,0,0,0
D7651658,432540,438162,1,1798,1798,0,0,60,60,CCW,0,S,0,0,0
D7651658,432541,438163,1,1797,1798,0,0,60,60,CCW,0,S,0,0,0
D7651658,432542,438164,1,1799,1798,0,0,60,60,CCW,0,S,0,0,0
D7651658,432543,438165,1,1799,1798,0,0,60,60,CCW,0,S,0,0,0
D7651658,432544,438166,1,1798,1798,0,0,60,60,CCW,0,S,0,0,0
D7651658,432545,438167,1,1798,1798,0,0,60,60,CCW,0,S,0,0,0
D7651658,432546,438168,1,1799,1798,0,0,60,60,CCW,0,S,0,0,0
D7651658,432547,438169,1,1799,1798,0,0,60,60,CCW,0,S,0,0,0
D7651658,432548,438170,1,1799,1798,0,0,60,60,CCW,0,S,0,0,0
D7651658,432549,438171,1,1796,1798,0,0,60,60,CCW,0,S,0,0,0
D7651658,432550,438172,1,1797,1798,0,0,60,60,CCW,0,S,0,0,0
D7651658,432551,438173,1,1798,1798,0,0,60,60,CCW,0,S,0,0,0
D7651658,432552,438174,1,1800,1798,0,0,60,60,CCW,0,S,0,0,0
D7651658,432553,438175,1,1797,1798,0,0,60,60,CCW,0,S,0,0,0
D7651658,432554,438176,1,1798,1798,0,0,60,60,CCW,0,S,0,0,0
D7651658,432555,438177,1,1799,1798,0,0,60,60,CCW,0,S,0,0,0
D7651658,432556,438178,1,1800,1798,0,0,60,60,CCW,0,S,0,0,0
D7651658,432557,438179,1,1799,1798,0,0,60,60,CCW,0,S,0,0,0
D7651658,432558,438180,1,1800,1798,0,0,60,60,CCW,0,S,0,0,0
D7651658,432559,438181,1,1798,1798,0,0,60,60,CCW,0,S,0,0,0
D7651658,432560,438182,1,1794,1798,0,0,60,60,CCW,0,S,0,0,0
D7651658,432561,438183,1,1800,1798,0,0,60,60,CCW,0,S,0,0,0
D7651658,432562,438184,1,1800,1798,0,0,60,60,CCW,0,S,0,0,0
D7651658,432563,438185,1,1800,1798,0,0,60,60,CCW,0,S,0,0,0
D7651658,432564,438186,1,1800,1798,0,0,60,60,CCW,0,S,0,0,0
D7651658,432565,438187,1,1800,1798,0,0,60,60,CCW,0,S,0,0,0
D7651658,432566,438188,1,1798,1798,0,0,60,60,CCW,0,S,0,0,0
D7651658,432567,438189,1,1799,1798,0,0,60,60,CCW,0,S,0,0,0
D7651658,432568,438190,1,1797,1798,0,0,60,60,CCW,0,S,0,0,0
D7651658,432569,438191,1,1799,1798,0,0,60,60,CCW,0,S,0,0,0
D7651658,432570,438192,1,1800,1798,0,0,60,60,CCW,0,S,0,0,0
D7651658,432571,438193,1,1798,1798,0,0,60,60,CCW,0,S,0,0,0
D7651658,432572,438194,1,1798,1798,0,0,60,60,CCW,0,S,0,0,0
D7651658,432573,438195,1,1799,1798,0,0,60,60,CCW,0,S,0,0,0
D7651658,432574,438196,1,1798,1798,0,0,60,60,CCW,0,S,0,0,0
D7651658,432575,438197,1,1800,1798,0,0,60,60,CCW,0,S,0,0,0
D7651658,432576,438198,1,1799,1798,0,0,60,60,CCW,0,S,0,0,0
D7651658,432577,438199,1,1799,1798,0,0,60,60,CCW,0,S,0,0,0
D7651658,432578,438200,1,1798,1798,0,0,60,60,CCW,0,S,0,0,0
D7651658,432579,438201,1,1799,1798,0,0,60,60,CCW,0,S,0,0,0
D7651658,432580,438202,1,1798,1798,0,0,60,60,CCW,0,S,0,0,0
D7651658,432581,438203,1,1798,1798,0,0,60,60,CCW,0,S,0,0,0
D7651658,432582,438204,1,1798,1798,0,0,60,60,CCW,0,S,0,0,0
D7651658,432583,438205,1,1804,1798,0,0,60,60,CCW,0,S,0,0,0
D7651658,432584,438206,1,1798,1798,0,0,60,60,CCW,0,S,0,0,0
D7651658,432585,438207,1,1799,1798,0,0,60,60,CCW,0,S,0,0,0
D7651658,432586,438208,1,1799,1798,0,0,60,60,CCW,0,S,0,0,0
D7651658,432587,438209,1,1798,1798,0,0,60,60,CCW,0,S,0,0,0
D7651658,432588,438210,1,1800,1798,0,0,60,60,CCW,0,S,0,0,0
D7651658,432589,438211,1,1797,1798,0,0,60,60,CCW,0,S,0,0,0
D7651658,432590,438212,1,1800,1798,0,0,60,60,CCW,0,S,0,0,0
D7651658,432591,438213,1,1798,1798,0,0,60,60,CCW,0,S,0,0,0
D7651658,432592,438214,1,1798,1798,0,0,60,60,CCW,0,S,0,0,0
D7651658,432593,438215,1,1799,1798,0,0,60,60,CCW,0,S,0,0,0
D7651658,432594,438216,1,1797,1798,0,0,60,60,CCW,0,S,0,0,0
D7651658,432595,438217,1,1798,1798,0,0,60,60,CCW,0,S,0,0,0
D7651658,432596,438218,1,1798,1798,0,0,60,60,CCW,0,S,0,0,0
D7651658,432597,438219,1,1799,1798,0,0,60,60,CCW,0,S,0,0,0
D7651658,432598,438220,1,1798,1798,0,0,60,60,CCW,0,S,0,0,0
D7651658,432599,438221,1,1799,1798,0,0,60,60,CCW,0,S,0,0,0
D7651658,432600,438222,1,1798,1798,0,0,60,60,CCW,0,S,0,0,0
D7651658,432601,438223,1,1801,1798,0,0,60,60,CCW,0,S,0,0,0
D7651658,432602,438224,1,1798,1798,0,0,60,60,CCW,0,S,0,0,0
D7651658,432603,438225,1,1798,1798,0,0,60,60,CCW,0,S,0,0,0
D7651658,432604,438226,1,1798,1798,0,0,60,60,CCW,0,S,0,0,0
D7651658,432605,438227,1,1799,1798,0,0,60,60,CCW,0,S,0,0,0
D7651658,432606,438228,1,1800,1798,0,0,60,60,CCW,0,S,0,0,0
D7651658,432607,438229,1,1798,1798,0,0,60,60,CCW,0,S,0,0,0
D7651658,432608,438231,2,1798,1798,0,0,60,60,CCW,0,S,0,1,1
D7651658,432609,438232,1,1799,1798,0,0,60,60,CCW,0,S,0,0,0
D7651658,432610,438233,1,1798,1798,0,0,60,60,CCW,0,S,0,0,0
D7651658,432611,438234,1,1798,1798,0,0,60,60,CCW,0,S,0,0,0
D7651658,432612,438235,1,1798,1798,0,0,60,60,CCW,0,S,0,0,0
D7651658,432613,438236,1,1799,1798,0,0,60,60,CCW,0,S,0,0,0
D7651658,432614,438237,1,1800,1798,0,0,60,60,CCW,0,S,0,0,0
D7651658,432615,438238,1,1800,1798,0,0,60,60,CCW,0,S,0,0,0
D7651658,432616,438239,1,1799,1798,0,0,60,60,CCW,0,S,0,0,0
D7651658,432617,438240,1,1798,1798,0,0,60,60,CCW,0,S,0,0,0
D7651658,432618,438241,1,1800,1798,0,0,60,60,CCW,0,S,0,0,0
D7651658,432619,438242,1,1798,1798,0,0,60,60,CCW,0,S,0,0,0
D7651658,432620,438243,1,1799,1798,0,0,60,60,CCW,0,S,0,0,0
D7651658,432621,438244,1,1798,1798,0,0,60,60,CCW,0,S,0,0,0
D7651658,432622,438245,1,1798,1798,0,0,60,60,CCW,0,S,0,0,0
D7651658,432623,438246,1,1798,1798,0,0,60,60,CCW,0,S,0,0,0
D7651658,432624,438247,1,1799,1798,0,0,60,60,CCW,0,S,0,0,0
D7651658,432625,438248,1,1798,1798,0,0,60,60,CCW,0,S,0,0,0
D7651658,432626,438249,1,1796,1798,0,0,60,60,CCW,0,S,0,0,0
D7651658,432627,438250,1,1800,1798,0,0,60,60,CCW,0,S,0,0,0
D7651658,432628,438251,1,1799,1798,0,0,60,60,CCW,0,S,0,0,0
D7651658,432629,438252,1,1800,1798,0,0,60,60,CCW,0,S,0,0,0
D7651658,432630,438253,1,1797,1798,0,0,60,60,CCW,0,S,0,0,0
D7651658,432631,438254,1,1799,1798,0,0,60,60,CCW,0,S,0,0,0
D7651658,432632,438255,1,1799,1798,0,0,60,60,CCW,0,S,0,0,0
D7651658,432633,438256,1,1800,1798,0,0,60,60,CCW,0,S,0,0,0
D7651658,432634,438257,1,1800,1798,0,0,60,60,CCW,0,S,0,0,0
D7651658,432635,438258,1,1799,1798,0,0,60,60,CCW,0,S,0,0,0
D7651658,432636,438259,1,1798,1798,0,0,60,60,CCW,0,S,0,0,0
D7651658,432637,438260,1,1799,1798,0,0,60,60,CCW,0,S,0,0,0
D7651658,432638,438261,1,1799,1798,0,0,60,60,CCW,0,S,0,0,0
D7651658,432639,438262,1,1800,1798,0,0,60,60,CCW,0,S,0,0,0
D7651658,432640,438263,1,1799,1798,0,0,60,60,CCW,0,S,0,0,0
D7651658,432641,438264,1,1799,1798,0,0,60,60,CCW,0,S,0,0,0
D7651658,432642,438265,1,1800,1798,0,0,60,60,CCW,0,S,0,0,0
D7651658,432643,438266,1,1799,1798,0,0,60,60,CCW,0,S,0,0,0
D7651658,432644,438267,1,1799,1798,0,0,60,60,CCW,0,S,0,0,0
D7651658,432645,438268,1,1799,1798,0,0,60,60,CCW,0,S,0,0,0
D7651658,432646,438269,1,1798,1798,0,0,60,60,CCW,0,S,0,0,0
D7651658,432647,438270,1,1799,1798,0,0,60,60,CCW,0,S,0,0,0
D7651658,432648,438271,1,1799,1798,0,0,60,60,CCW,0,S,0,0,0
D7651658,432649,438272,1,1799,1798,0,0,60,60,CCW,0,S,0,0,0
D7651658,432650,438273,1,1799,1798,0,0,60,60,CCW,0,S,0,0,0
D7651658,432651,438274,1,1799,1798,0,0,60,60,CCW,0,S,0,0,0
D7651658,432652,438276,2,1799,1798,0,0,60,60,CCW,0,S,0,1,1
D7651658,432653,438277,1,1798,1798,0,0,60,60,CCW,0,S,0,0,0
D7651658,432654,438278,1,1800,1798,0,0,60,60,CCW,0,S,0,0,0
D7651658,432655,438279,1,1800,1798,0,0,60,60,CCW,0,S,0,0,0
D7651658,432656,438280,1,1798,1798,0,0,60,60,CCW,0,S,0,0,0
D7651658,432657,438281,1,1799,1798,0,0,60,60,CCW,0,S,0,0,0
D7651658,432658,438282,1,1798,1798,0,0,60,60,CCW,0,S,0,0,0
D7651658,432659,438283,1,1799,1798,0,0,60,60,CCW,0,S,0,0,0
D7651658,432660,438284,1,1798,1798,0,0,60,60,CCW,0,S,0,0,0
D7651658,432661,438285,1,1799,1798,0,0,60,60,CCW,0,S,0,0,0
D7651658,432662,438286,1,1799,1798,0,0,60,60,CCW,0,S,0,0,0
D7651658,432663,438287,1,1797,1798,0,0,60,60,CCW,0,S,0,0,0
D7651658,432664,438288,1,1798,1798,0,0,60,60,CCW,0,S,0,0,0
D7651658,432665,438289,1,1798,1798,0,0,60,60,CCW,0,S,0,0,0
D7651658,432666,438290,1,1799,1798,0,0,60,60,CCW,0,S,0,0,0
D7651658,432667,438291,1,1798,1798,0,0,60,60,CCW,0,S,0,0,0
D7651658,432668,438292,1,1800,1798,0,0,60,60,CCW,0,S,0,0,0
D7651658,432669,438293,1,1799,1798,0,0,60,60,CCW,0,S,0,0,0
D7651658,432670,438294,1,1798,1798,0,0,60,60,CCW,0,S,0,0,0
D7651658,432671,438295,1,1799,1798,0,0,60,60,CCW,0,S,0,0,0
D7651658,432672,438296,1,1799,1798,0,0,60,60,CCW,0,S,0,0,0
D7651658,432673,438297,1,1799,1798,0,0,60,60,CCW,0,S,0,0,0
D7651658,432674,438298,1,1799,1798,0,0,60,60,CCW,0,S,0,0,0
D7651658,432675,438299,1,1800,1798,0,0,60,60,CCW,0,S,0,0,0
D7651658,432676,438300,1,1799,1798,0,0,60,60,CCW,0,S,0,0,0
D7651658,432677,438301,1,1797,1798,0,0,60,60,CCW,0,S,0,0,0
D7651658,432678,438302,1,1798,1798,0,0,60,60,CCW,0,S,0,0,0
D7651658,432679,438303,1,1799,1798,0,0,60,60,CCW,0,S,0,0,0
D7651658,432680,438304,1,1788,1798,0,0,60,60,CCW,0,S,0,0,0
D7651658,432681,438305,1,1799,1798,0,0,60,60,CCW,0,S,0,0,0
D7651658,432682,438306,1,1799,1798,0,0,60,60,CCW,0,S,0,0,0
D7651658,432683,438307,1,1800,1798,0,0,60,60,CCW,0,S,0,0,0
D7651658,432684,438308,1,1799,1798,0,0,60,60,CCW,0,S,0,0,0
D7651658,432685,438309,1,1799,1798,0,0,60,60,CCW,0,S,0,0,0
D7651658,432686,438310,1,1800,1798,0,0,60,60,CCW,0,S,0,0,0
D7651658,432687,438311,1,1796,1798,0,0,60,60,CCW,0,S,0,0,0
D7651658,432688,438312,1,1798,1798,0,0,60,60,CCW,0,S,0,0,0
D7651658,432689,438313,1,1799,1798,0,0,60,60,CCW,0,S,0,0,0
D7651658,432690,438314,1,1800,1798,0,0,60,60,CCW,0,S,0,0,0
D7651658,432691,438315,1,1799,1798,0,0,60,60,CCW,0,S,0,0,0
D7651658,432692,438316,1,1805,1798,0,0,60,60,CCW,0,S,0,0,0
D7651658,432693,438317,1,1799,1798,0,0,60,60,CCW,0,S,0,0,0
D7651658,432694,438318,1,1799,1798,0,0,60,60,CCW,0,S,0,0,0
D7651658,432695,438319,1,1799,1798,0,0,60,60,CCW,0,S,0,0,0
D7651658,432696,438320,1,1799,1798,0,0,60,60,CCW,0,S,0,0,0
D7651658,432697,438321,1,1799,1798,0,0,60,60,CCW,0,S,0,0,0
D7651658,432698,438322,1,1799,1798,0,0,60,60,CCW,0,S,0,0,0
D7651658,432699,438323,1,1799,1798,0,0,60,60,CCW,0,S,0,0,0
D7651658,432700,438324,1,1801,1798,0,0,60,60,CCW,0,S,0,0,0
D7651658,432701,438325,1,1801,1798,0,0,60,60,CCW,0,S,0,0,0
D7651658,432702,438326,1,1800,1798,0,0,60,60,CCW,0,S,0,0,0
D7651658,432703,438327,1,1799,1798,0,0,60,60,CCW,0,S,0,0,0
D7651658,432704,438328,1,1795,1798,0,0,60,60,CCW,0,S,0,0,0
D7651658,432705,438329,1,1799,1798,0,0,60,60,CCW,0,S,0,0,0
D7651658,432706,438330,1,1799,1798,0,0,60,60,CCW,0,S,0,0,0
D7651658,432707,438331,1,1800,1798,0,0,60,60,CCW,0,S,0,0,0
D7651658,432708,438332,1,1799,1798,0,0,60,60,CCW,0,S,0,0,0
D7651658,432709,438333,1,1799,1798,0,0,60,60,CCW,0,S,0,0,0
D7651658,432710,438334,1,1799,1798,0,0,60,60,CCW,0,S,0,0,0
D7651658,432711,438335,1,1799,1798,0,0,60,60,CCW,0,S,0,0,0
D7651658,432712,438336,1,1798,1798,0,0,60,60,CCW,0,S,0,0,0
D7651658,432713,438337,1,1798,1798,0,0,60,60,CCW,0,S,0,0,0
D7651658,432714,438338,1,1800,1798,0,0,60,60,CCW,0,S,0,0,0
D7651658,432715,438339,1,1798,1798,0,0,60,60,CCW,0,S,0,0,0
D7651658,432716,438340,1,1798,1798,0,0,60,60,CCW,0,S,0,0,0
D7651658,432717,438341,1,1798,1798,0,0,60,60,CCW,0,S,0,0,0
D7651658,432718,438342,1,1799,1798,0,0,60,60,CCW,0,S,0,0,0
D7651658,432719,438343,1,1796,1798,0,0,60,60,CCW,0,S,0,0,0
D7651658,432720,438344,1,1799,1798,0,0,60,60,CCW,0,S,0,0,0
D7651658,432721,438345,1,1800,1798,0,0,60,60,CCW,0,S,0,0,0
D7651658,432722,438346,1,1799,1798,0,0,60,60,CCW,0,S,0,0,0
D7651658,432723,438347,1,1798,1798,0,0,60,60,CCW,0,S,0,0,0
D7651658,432724,438348,1,1798,1798,0,0,60,60,CCW,0,S,0,0,0
D7651658,432725,438349,1,1799,1798,0,0,60,60,CCW,0,S,0,0,0
D7651658,432726,438350,1,1800,1798,0,0,60,60,CCW,0,S,0,0,0
D7651658,432727,438351,1,1801,1798,0,0,60,60,CCW,0,S,0,0,0
D7651658,432728,438352,1,1798,1798,0,0,60,60,CCW,0,S,0,0,0
D7651658,432729,438353,1,1800,1798,0,0,60,60,CCW,0,S,0,0,0
D7651658,432730,438354,1,1800,1798,0,0,60,60,CCW,0,S,0,0,0
D7651658,432731,438355,1,1800,1798,0,0,60,60,CCW,0,S,0,0,0
D7651658,432732,438356,1,1798,1798,0,0,60,60,CCW,0,S,0,0,0
D7651658,432733,438357,1,1803,1798,0,0,60,60,CCW,0,S,0,0,0
D7651658,432734,438358,1,1800,1798,0,0,60,60,CCW,0,S,0,0,0
D7651658,432735,438359,1,1799,1798,0,0,60,60,CCW,0,S,0,0,0
D7651658,432736,438360,1,1799,1798,0,0,60,60,CCW,0,S,0,0,0
D7651658,432737,438361,1,1800,1798,0,0,60,60,CCW,0,S,0,0,0
D7651658,432738,438362,1,1799,1798,0,0,60,60,CCW,0,S,0,0,0
D7651658,432739,438363,1,1800,1798,0,0,60,60,CCW,0,S,0,0,0
D7651658,432740,438364,1,1801,1798,0,0,60,60,CCW,0,S,0,0,0
D7651658,432741,438365,1,1800,1798,0,0,60,60,CCW,0,S,0,0,0
D7651658,432742,438366,1,1800,1798,0,0,60,60,CCW,0,S,0,0,0
D7651658,432743,438367,1,1800,1798,0,0,60,60,CCW,0,S,0,0,0
D7651658,432744,438368,1,1799,1798,0,0,60,60,CCW,0,S,0,0,0
D7651658,432745,438369,1,1800,1798,0,0,60,60,CCW,0,S,0,0,0
D7651658,432746,438370,1,1801,1798,0,0,60,60,CCW,0,S,0,0,0
D7651658,432747,438371,1,1800,1798,0,0,60,60,CCW,0,S,0,0,0
D7651658,432748,438372,1,1798,1798,0,0,60,60,CCW,0,S,0,0,0
D7651658,432749,438373,1,1800,1798,0,0,60,60,CCW,0,S,0,0,0
D7651658,432750,438374,1,1799,1798,0,0,60,60,CCW,0,S,0,0,0
D7651658,432751,438375,1,1800,1798,0,0,60,60,CCW,0,S,0,0,0
D7651658,432752,438376,1,1799,1798,0,0,60,60,CCW,0,S,0,0,0
D7651658,432753,438377,1,1798,1798,0,0,60,60,CCW,0,S,0,0,0
D7651658,432754,438378,1,1798,1798,0,0,60,60,CCW,0,S,0,0,0
D7651658,432755,438379,1,1799,1798,0,0,60,60,CCW,0,S,0,0,0
D7651658,432756,438380,1,1799,1798,0,0,60,60,CCW,0,S,0,0,0
D7651658,432757,438381,1,1801,1798,0,0,60,60,CCW,0,S,0,0,0
D7651658,432758,438382,1,1799,1798,0,0,60,60,CCW,0,S,0,0,0
D7651658,432759,438383,1,1798,1798,0,0,60,60,CCW,0,S,0,0,0
D7651658,432760,438384,1,1800,1798,0,0,60,60,CCW,0,S,0,0,0
D7651658,432761,438385,1,1799,1798,0,0,60,60,CCW,0,S,0,0,0
D7651658,432762,438386,1,1800,1798,0,0,60,60,CCW,0,S,0,0,0
D7651658,432763,438387,1,1798,1798,0,0,60,60,CCW,0,S,0,0,0
D7651658,432764,438388,1,1800,1798,0,0,60,60,CCW,0,S,0,0,0
D7651658,432765,438389,1,1798,1798,0,0,60,60,CCW,0,S,0,0,0
D7651658,432766,438390,1,1799,1798,0,0,60,60,CCW,0,S,0,0,0
D7651658,432767,438391,1,1799,1798,0,0,60,60,CCW,0,S,0,0,0
D7651658,432768,438392,1,1803,1798,0,0,60,60,CCW,0,S,0,0,0
D7651658,432769,438393,1,1800,1798,0,0,60,60,CCW,0,S,0,0,0
D7651658,432770,438394,1,1799,1798,0,0,60,60,CCW,0,S,0,0,0
D7651658,432771,438395,1,1800,1798,0,0,60,60,CCW,0,S,0,0,0
D7651658,432772,438396,1,1799,1798,0,0,60,60,CCW,0,S,0,0,0
D7651658,432773,438397,1,1799,1798,0,0,60,60,CCW,0,S,0,0,0
D7651658,432774,438398,1,1800,1798,0,0,60,60,CCW,0,S,0,0,0
D7651658,432775,438399,1,1799,1798,0,0,60,60,CCW,0,S,0,0,0
D7651658,432776,438400,1,1799,1798,0,0,60,60,CCW,0,S,0,0,0
D7651658,432777,438401,1,1798,1798,0,0,60,60,CCW,0,S,0,0,0
D7651658,432778,438402,1,1799,1798,0,0,60,60,CCW,0,S,0,0,0
D7651658,432779,438403,1,1799,1798,0,0,60,60,CCW,0,S,0,0,0
D7651658,432780,438404,1,1800,1798,0,0,60,60,CCW,0,S,0,0,0
D7651658,432781,438405,1,1800,1798,0,0,60,60,CCW,0,S,0,0,0
D7651658,432782,438406,1,1799,1798,0,0,60,60,CCW,0,S,0,0,0
D7651658,432783,438407,1,1799,1798,0,0,60,60,CCW,0,S,0,0,0
D7651658,432784,438408,1,1799,1798,0,0,60,60,CCW,0,S,0,0,0
D7651658,432785,438409,1,1799,1798,0,0,60,60,CCW,0,S,0,0,0
D7651658,432786,438410,1,1800,1798,0,0,60,60,CCW,0,S,0,0,0
D7651658,432787,438411,1,1799,1798,0,0,60,60,CCW,0,S,0,0,0
D7651658,432788,438412,1,1795,1798,0,0,60,60,CCW,0,S,0,0,0
D7651658,432789,438413,1,1800,1798,0,0,60,60,CCW,0,S,0,0,0
D7651658,432790,438414,1,1800,1798,0,0,60,60,CCW,0,S,0,0,0
D7651658,432791,438415,1,1800,1798,0,0,60,60,CCW,0,S,0,0,0
D7651658,432792,438416,1,1800,1798,0,0,60,60,CCW,0,S,0,0,0
D7651658,432793,438417,1,1800,1798,0,0,60,60,CCW,0,S,0,0,0
D7651658,432794,438418,1,1811,1798,0,0,60,60,CCW,0,S,0,0,0
D7651658,432795,438419,1,1800,1798,0,0,60,60,CCW,0,S,0,0,0
D7651658,432796,438420,1,1802,1798,0,0,60,60,CCW,0,S,0,0,0
D7651658,432797,438421,1,1800,1798,0,0,60,60,CCW,0,S,0,0,0
D7651658,432798,438422,1,1799,1798,0,0,60,60,CCW,0,S,0,0,0
D7651658,432799,438423,1,1798,1798,0,0,60,60,CCW,0,S,0,0,0
D7651658,432800,438424,1,1798,1798,0,0,60,60,CCW,0,S,0,0,0
D7651658,432801,438425,1,1799,1798,0,0,60,60,CCW,0,S,0,0,0
D7651658,432802,438426,1,1796,1798,0,0,60,60,CCW,0,S,0,0,0
D7651658,432803,438427,1,1797,1798,0,0,60,60,CCW,0,S,0,0,0
D7651658,432804,438428,1,1800,1798,0,0,60,60,CCW,0,S,0,0,0
D7651658,432805,438429,1,1799,1798,0,0,60,60,CCW,0,S,0,0,0
D7651658,432806,438430,1,1801,1798,0,0,60,60,CCW,0,S,0,0,0
D7651658,432807,438431,1,1800,1798,0,0,60,60,CCW,0,S,0,0,0
D7651658,432808,438432,1,1801,1798,0,0,60,60,CCW,0,S,0,0,0
D7651658,432809,438433,1,1800,1798,0,0,60,60,CCW,0,S,0,0,0
D7651658,432810,438434,1,1800,1798,0,0,60,60,CCW,0,S,0,0,0
D7651658,432811,438435,1,1799,1798,0,0,60,60,CCW,0,S,0,0,0
D7651658,432812,438436,1,1800,1798,0,0,60,60,CCW,0,S,0,0,0
D7651658,432813,438437,1,1799,1798,0,0,60,60,CCW,0,S,0,0,0
D7651658,432814,438438,1,1800,1798,0,0,60,60,CCW,0,S,0,0,0
D7651658,432815,438439,1,1799,1798,0,0,60,60,CCW,0,S,0,0,0
D7651658,432816,438440,1,1799,1798,0,0,60,60,CCW,0,S,0,0,0
D7651658,432817,438441,1,1798,1798,0,0,60,60,CCW,0,S,0,0,0
D7651658,432818,438442,1,1800,1798,0,0,60,60,CCW,0,S,0,0,0
D7651658,432819,438443,1,1799,1798,0,0,60,60,CCW,0,S,0,0,0
D7651658,432820,438444,1,1798,1798,0,0,60,60,CCW,0,S,0,0,0
D7651658,432821,438445,1,1798,1798,0,0,60,60,CCW,0,S,0,0,0
D7651658,432822,438446,1,1799,1798,0,0,60,60,CCW,0,S,0,0,0
D7651658,432823,438447,1,1799,1798,0,0,60,60,CCW,0,S,0,0,0
D7651658,432824,438448,1,1799,1798,0,0,60,60,CCW,0,S,0,0,0
D7651658,432825,438449,1,1797,1798,0,0,60,60,CCW,0,S,0,0,0
D7651658,432826,438450,1,1801,1798,0,0,60,60,CCW,0,S,0,0,0
D7651658,432827,438451,1,1798,1798,0,0,60,60,CCW,0,S,0,0,0
D7651658,432828,438452,1,1799,1798,0,0,60,60,CCW,0,S,0,0,0
D7651658,432829,438453,1,1799,1798,0,0,60,60,CCW,0,S,0,0,0
D7651658,432830,438454,1,1800,1798,0,0,60,60,CCW,0,S,0,0,0
D7651658,432831,438455,1,1799,1798,0,0,60,60,CCW,0,S,0,0,0
D7651658,432832,438456,1,1800,1798,0,0,60,60,CCW,0,S,0,0,0
D7651658,432833,438457,1,1800,1798,0,0,60,60,CCW,0,S,0,0,0
D7651658,432834,438458,1,1799,1798,0,0,60,60,CCW,0,S,0,0,0
D7651658,432835,438459,1,1799,1798,0,0,60,60,CCW,0,S,0,0,0
D7651658,432836,438460,1,1800,1798,0,0,60,60,CCW,0,S,0,0,0
D7651658,432837,438461,1,1800,1798,0,0,60,60,CCW,0,S,0,0,0
D7651658,432838,438462,1,1800,1798,0,0,60,60,CCW,0,S,0,0,0
D7651658,432839,438463,1,1799,1798,0,0,60,60,CCW,0,S,0,0,0
D7651658,432840,438464,1,1798,1798,0,0,60,60,CCW,0,S,0,0,0
D7651658,432841,438465,1,1799,1798,0,0,60,60,CCW,0,S,0,0,0
D7651658,432842,438466,1,1799,1798,0,0,60,60,CCW,0,S,0,0,0
D7651658,432843,438467,1,1797,1798,0,0,60,60,CCW,0,S,0,0,0
D7651658,432844,438468,1,1798,1798,0,0,60,60,CCW,0,S,0,0,0
D7651658,432845,438469,1,1799,1798,0,0,60,60,CCW,0,S,0,0,0
D7651658,432846,438470,1,1800,1798,0,0,60,60,CCW,0,S,0,0,0
D7651658,432847,438472,2,1799,1798,0,0,60,60,CCW,0,S,0,1,1
D7651658,432848,438473,1,1799,1798,0,0,60,60,CCW,0,S,0,0,0
D7651658,432849,438474,1,1799,1798,0,0,60,60,CCW,0,S,0,0,0
D7651658,432850,438475,1,1799,1798,0,0,60,60,CCW,0,S,0,0,0
D7651658,432851,438476,1,1800,1798,0,0,60,60,CCW,0,S,0,0,0
D7651658,432852,438477,1,1798,1798,0,0,60,60,CCW,0,S,0,0,0
D7651658,432853,438478,1,1799,1798,0,0,60,60,CCW,0,S,0,0,0
D7651658,432854,438479,1,1800,1798,0,0,60,60,CCW,0,S,0,0,0
D7651658,432855,438480,1,1800,1798,0,0,60,60,CCW,0,S,0,0,0
D7651658,432856,438481,1,1796,1798,0,0,60,60,CCW,0,S,0,0,0
D7651658,432857,438482,1,1800,1798,0,0,60,60,CCW,0,S,0,0,0
D7651658,432858,438483,1,1801,1798,0,0,60,60,CCW,0,S,0,0,0
D7651658,432859,438484,1,1800,1798,0,0,60,60,CCW,0,S,0,0,0
D7651658,432860,438485,1,1800,1798,0,0,60,60,CCW,0,S,0,0,0
D7651658,432861,438486,1,1799,1798,0,0,60,60,CCW,0,S,0,0,0
D7651658,432862,438487,1,1799,1798,0,0,60,60,CCW,0,S,0,0,0
D7651658,432863,438488,1,1799,1798,0,0,60,60,CCW,0,S,0,0,0
D7651658,432864,438489,1,1799,1798,0,0,60,60,CCW,0,S,0,0,0
D7651658,432865,438490,1,1797,1798,0,0,60,60,CCW,0,S,0,0,0
D7651658,432866,438491,1,1798,1798,0,0,60,60,CCW,0,S,0,0,0
D7651658,432867,438492,1,1799,1798,0,0,60,60,CCW,0,S,0,0,0
D7651658,432868,438493,1,1800,1798,0,0,60,60,CCW,0,S,0,0,0
D7651658,432869,438494,1,1794,1798,0,0,60,60,CCW,0,S,0,0,0
D7651658,432870,438495,1,1799,1798,0,0,60,60,CCW,0,S,0,0,0
D7651658,432871,438496,1,1800,1798,0,0,60,60,CCW,0,S,0,0,0
D7651658,432872,438497,1,1799,1798,0,0,60,60,CCW,0,S,0,0,0
D7651658,432873,438498,1,1800,1798,0,0,60,60,CCW,0,S,0,0,0
D7651658,432874,438499,1,1801,1798,0,0,60,60,CCW,0,S,0,0,0
D7651658,432875,438500,1,1800,1798,0,0,60,60,CCW,0,S,0,0,0
D7651658,432876,438501,1,1800,1798,0,0,60,60,CCW,0,S,0,0,0
D7651658,432877,438502,1,1801,1798,0,0,60,60,CCW,0,S,0,0,0
D7651658,432878,438503,1,1797,1798,0,0,60,60,CCW,0,S,0,0,0
D7651658,432879,438504,1,1799,1798,0,0,60,60,CCW,0,S,0,0,0
D7651658,432880,438505,1,1800,1798,0,0,60,60,CCW,0,S,0,0,0
D7651658,432881,438506,1,1800,1798,0,0,60,60,CCW,0,S,0,0,0
D7651658,432882,438507,1,1799,1798,0,0,60,60,CCW,0,S,0,0,0
D7651658,432883,438508,1,1799,1798,0,0,60,60,CCW,0,S,0,0,0
D7651658,432884,438509,1,1798,1798,0,0,60,60,CCW,0,S,0,0,0
D7651658,432885,438510,1,1799,1798,0,0,60,60,CCW,0,S,0,0,0
D7651658,432886,438511,1,1799,1798,0,0,60,60,CCW,0,S,0,0,0
D7651658,432887,438512,1,1799,1798,0,0,60,60,CCW,0,S,0,0,0
D7651658,432888,438513,1,1799,1798,0,0,60,60,CCW,0,S,0,0,0
D7651658,432889,438514,1,1800,1798,0,0,60,60,CCW,0,S,0,0,0
D7651658,432890,438515,1,1800,1798,0,0,60,60,CCW,0,S,0,0,0
D7651658,432891,438516,1,1799,1798,0,0,60,60,CCW,0,S,0,0,0
D7651658,432892,438517,1,1801,1798,0,0,60,60,CCW,0,S,0,0,0
D7651658,432893,438518,1,1801,1798,0,0,60,60,CCW,0,S,0,0,0
D7651658,432894,438519,1,1799,1798,0,0,60,60,CCW,0,S,0,0,0
D7651658,432895,438520,1,1800,1798,0,0,60,60,CCW,0,S,0,0,0
D7651658,432896,438521,1,1799,1798,0,0,60,60,CCW,0,S,0,0,0
D7651658,432897,438522,1,1800,1798,0,0,60,60,CCW,0,S,0,0,0
D7651658,432898,438523,1,1799,1798,0,0,60,60,CCW,0,S,0,0,0
D7651658,432899,438524,1,1800,1798,0,0,60,60,CCW,0,S,0,0,0
D7651658,432900,438525,1,1799,1798,0,0,60,60,CCW,0,S,0,0,0
D7651658,432901,438526,1,1799,1798,0,0,60,60,CCW,0,S,0,0,0
D7651658,432902,438527,1,1799,1798,0,0,60,60,CCW,0,S,0,0,0
D7651658,432903,438528,1,1801,1798,0,0,60,60,CCW,0,S,0,0,0
D7651658,432904,438529,1,1799,1798,0,0,60,60,CCW,0,S,0,0,0
D7651658,432905,438530,1,1800,1798,0,0,60,60,CCW,0,S,0,0,0
D7651658,432906,438531,1,1800,1798,0,0,60,60,CCW,0,S,0,0,0
D7651658,432907,438532,1,1800,1798,0,0,60,60,CCW,0,S,0,0,0
D7651658,432908,438533,1,1800,1798,0,0,60,60,CCW,0,S,0,0,0
D7651658,432909,438534,1,1800,1798,0,0,60,60,CCW,0,S,0,0,0
D7651658,432910,438535,1,1798,1798,0,0,60,60,CCW,0,S,0,0,0
D7651658,432911,438536,1,1799,1798,0,0,60,60,CCW,0,S,0,0,0
D7651658,432912,438537,1,1803,1798,0,0,60,60,CCW,0,S,0,0,0
D7651658,432913,438538,1,1800,1798,0,0,60,60,CCW,0,S,0,0,0
D7651658,432914,438539,1,1799,1798,0,0,60,60,CCW,0,S,0,0,0
D7651658,432915,438540,1,1799,1798,0,0,60,60,CCW,0,S,0,0,0
D7651658,432916,438541,1,1800,1798,0,0,60,60,CCW,0,S,0,0,0
D7651658,432917,438542,1,1799,1798,0,0,60,60,CCW,0,S,0,0,0
D7651658,432918,438543,1,1802,1798,0,0,60,60,CCW,0,S,0,0,0
D7651658,432919,438544,1,1799,1798,0,0,60,60,CCW,0,S,0,0,0
D7651658,432920,438545,1,1799,1798,0,0,60,60,CCW,0,S,0,0,0
D7651658,432921,438546,1,1800,1798,0,0,60,60,CCW,0,S,0,0,0
D7651658,432922,438547,1,1800,1798,0,0,60,60,CCW,0,S,0,0,0
D7651658,432923,438548,1,1800,1798,0,0,60,60,CCW,0,S,0,0,0
D7651658,432924,438549,1,1799,1798,0,0,60,60,CCW,0,S,0,0,0
D7651658,432925,438550,1,1798,1798,0,0,60,60,CCW,0,S,0,0,0
D7651658,432926,438551,1,1799,1798,0,0,60,60,CCW,0,S,0,0,0
D7651658,432927,438552,1,1800,1798,0,0,60,60,CCW,0,S,0,0,0
D7651658,432928,438553,1,1800,1798,0,0,60,60,CCW,0,S,0,0,0
D7651658,432929,438554,1,1801,1798,0,0,60,60,CCW,0,S,0,0,0
D7651658,432930,438555,1,1799,1798,0,0,60,60,CCW,0,S,0,0,0
D7651658,432931,438556,1,1796,1798,0,0,60,60,CCW,0,S,0,0,0
D7651658,432932,438557,1,1805,1798,0,0,60,60,CCW,0,S,0,0,0
D7651658,432933,438558,1,1800,1798,0,0,60,60,CCW,0,S,0,0,0
D7651658,432934,438559,1,1798,1798,0,0,60,60,CCW,0,S,0,0,0
D7651658,432935,438560,1,1800,1798,0,0,60,60,CCW,0,S,0,0,0
D7651658,432936,438561,1,1799,1798,0,0,60,60,CCW,0,S,0,0,0
D7651658,432937,438562,1,1806,1798,0,0,60,60,CCW,0,S,0,0,0
D7651658,432938,438563,1,1801,1798,0,0,60,60,CCW,0,S,0,0,0
D7651658,432939,438564,1,1802,1798,0,0,60,60,CCW,0,S,0,0,0
D7651658,432940,438565,1,1800,1798,0,0,60,60,CCW,0,S,0,0,0
D7651658,432941,438566,1,1798,1798,0,0,60,60,CCW,0,S,0,0,0
D7651658,432942,438567,1,1799,1798,0,0,60,60,CCW,0,S,0,0,0
D7651658,432943,438568,1,1798,1798,0,0,60,60,CCW,0,S,0,0,0
D7651658,432944,438569,1,1800,1798,0,0,60,60,CCW,0,S,0,0,0
D7651658,432945,438570,1,1799,1798,0,0,60,60,CCW,0,S,0,0,0
D7651658,432946,438571,1,1798,1798,0,0,60,60,CCW,0,S,0,0,0
D7651658,432947,438572,1,1799,1798,0,0,60,60,CCW,0,S,0,0,0
D7651658,432948,438573,1,1796,1798,0,0,60,60,CCW,0,S,0,0,0
D7651658,432949,438574,1,1800,1798,0,0,60,60,CCW,0,S,0,0,0
D7651658,432950,438575,1,1799,1798,0,0,60,60,CCW,0,S,0,0,0
D7651658,432951,438576,1,1798,1798,0,0,60,60,CCW,0,S,0,0,0
D7651658,432952,438577,1,1800,1798,0,0,60,60,CCW,0,S,0,0,0
D7651658,432953,438578,1,1800,1798,0,0,60,60,CCW,0,S,0,0,0
D7651658,432954,438579,1,1800,1798,0,0,60,60,CCW,0,S,0,0,0
D7651658,432955,438580,1,1799,1798,0,0,60,60,CCW,0,S,0,0,0
D7651658,432956,438581,1,1800,1798,0,0,60,60,CCW,0,S,0,0,0
D7651658,432957,438582,1,1798,1798,0,0,60,60,CCW,0,S,0,0,0
D7651658,432958,438583,1,1800,1798,0,0,60,60,CCW,0,S,0,0,0
D7651658,432959,438584,1,1798,1798,0,0,60,60,CCW,0,S,0,0,0
D7651658,432960,438585,1,1799,1798,0,0,60,60,CCW,0,S,0,0,0
D7651658,432961,438586,1,1799,1798,0,0,60,60,CCW,0,S,0,0,0
D7651658,432962,438587,1,1798,1798,0,0,60,60,CCW,0,S,0,0,0
D7651658,432963,438588,1,1799,1798,0,0,60,60,CCW,0,S,0,0,0
D7651658,432964,438589,1,1799,1798,0,0,60,60,CCW,0,S,0,0,0
D7651658,432965,438590,1,1800,1798,0,0,60,60,CCW,0,S,0,0,0
D7651658,432966,438591,1,1800,1798,0,0,60,60,CCW,0,S,0,0,0
D7651658,432967,438592,1,1799,1798,0,0,60,60,CCW,0,S,0,0,0
D7651658,432968,438593,1,1799,1798,0,0,60,60,CCW,0,S,0,0,0
D7651658,432969,438594,1,1798,1798,0,0,60,60,CCW,0,S,0,0,0
D7651658,432970,438595,1,1799,1798,0,0,60,60,CCW,0,S,0,0,0
D7651658,432971,438596,1,1798,1798,0,0,60,60,CCW,0,S,0,0,0
D7651658,432972,438597,1,1800,1798,0,0,60,60,CCW,0,S,0,0,0
D7651658,432973,438598,1,1798,1798,0,0,60,60,CCW,0,S,0,0,0
D7651658,432974,438599,1,1799,1798,0,0,60,60,CCW,0,S,0,0,0
D7651658,432975,438600,1,1800,1798,0,0,60,60,CCW,0,S,0,0,0
D7651658,432976,438601,1,1800,1798,0,0,60,60,CCW,0,S,0,0,0
D7651658,432977,438602,1,1799,1798,0,0,60,60,CCW,0,S,0,0,0
D7651658,432978,438603,1,1798,1798,0,0,60,60,CCW,0,S,0,0,0
D7651658,432979,438604,1,1799,1798,0,0,60,60,CCW,0,S,0,0,0
D7651658,432980,438605,1,1799,1798,0,0,60,60,CCW,0,S,0,0,0
D7651658,432981,438606,1,1800,1798,0,0,60,60,CCW,0,S,0,0,0
D7651658,432982,438607,1,1800,1798,0,0,60,60,CCW,0,S,0,0,0
D7651658,432983,438608,1,1801,1798,0,0,60,60,CCW,0,S,0,0,0
D7651658,432984,438609,1,1799,1798,0,0,60,60,CCW,0,S,0,0,0
D7651658,432985,438610,1,1799,1798,0,0,60,60,CCW,0,S,0,0,0
D7651658,432986,438611,1,1801,1798,0,0,60,60,CCW,0,S,0,0,0
D7651658,432987,438612,1,1801,1798,0,0,60,60,CCW,0,S,0,0,0
D7651658,432988,438613,1,1798,1798,0,0,60,60,CCW,0,S,0,0,0
D7651658,432989,438614,1,1801,1798,0,0,60,60,CCW,0,S,0,0,0
D7651658,432990,438615,1,1799,1798,0,0,60,60,CCW,0,S,0,0,0
D7651658,432991,438616,1,1800,1798,0,0,60,60,CCW,0,S,0,0,0
D7651658,432992,438617,1,1798,1798,0,0,60,60,CCW,0,S,0,0,0
D7651658,432993,438618,1,1800,1798,0,0,60,60,CCW,0,S,0,0,0
D7651658,432994,438619,1,1800,1798,0,0,60,60,CCW,0,S,0,0,0
D7651658,432995,438620,1,1798,1798,0,0,60,60,CCW,0,S,0,0,0
D7651658,432996,438621,1,1800,1798,0,0,60,60,CCW,0,S,0,0,0
D7651658,432997,438622,1,1800,1798,0,0,60,60,CCW,0,S,0,0,0
D7651658,432998,438623,1,1799,1798,0,0,60,60,CCW,0,S,0,0,0
D7651658,432999,438624,1,1801,1798,0,0,60,60,CCW,0,S,0,0,0
D7651658,433000,438625,1,1799,1798,0,0,60,60,CCW,0,S,0,0,0
D7651658,433001,438626,1,1800,1798,0,0,60,60,CCW,0,S,0,0,0
D7651658,433002,438627,1,1800,1798,0,0,60,60,CCW,0,S,0,0,0
D7651658,433003,438628,1,1801,1798,0,0,60,60,CCW,0,S,0,0,0
D7651658,433004,438629,1,1801,1798,0,0,60,60,CCW,0,S,0,0,0
D7651658,433005,438630,1,1801,1798,0,0,60,60,CCW,0,S,0,0,0
D7651658,433006,438631,1,1799,1798,0,0,60,60,CCW,0,S,0,0,0
D7651658,433007,438632,1,1802,1798,0,0,60,60,CCW,0,S,0,0,0
D7651658,433008,438633,1,1800,1798,0,0,60,60,CCW,0,S,0,0,0
D7651658,433009,438634,1,1801,1798,0,0,60,60,CCW,0,S,0,0,0
D7651658,433010,438635,1,1801,1798,0,0,60,60,CCW,0,S,0,0,0
D7651658,433011,438636,1,1799,1798,0,0,60,60,CCW,0,S,0,0,0
D7651658,433012,438637,1,1800,1798,0,0,60,60,CCW,0,S,0,0,0
D7651658,433013,438638,1,1800,1798,0,0,60,60,CCW,0,S,0,0,0
D7651658,433014,438639,1,1798,1798,0,0,60,60,CCW,0,S,0,0,0
D7651658,433015,438640,1,1797,1798,0,0,60,60,CCW,0,S,0,0,0
D7651658,433016,438641,1,1800,1798,0,0,60,60,CCW,0,S,0,0,0
D7651658,433017,438642,1,1799,1798,0,0,60,60,CCW,0,S,0,0,0
D7651658,433018,438643,1,1798,1798,0,0,60,60,CCW,0,S,0,0,0
D7651658,433019,438644,1,1800,1798,0,0,60,60,CCW,0,S,0,0,0
D7651658,433020,438645,1,1802,1798,0,0,60,60,CCW,0,S,0,0,0
D7651658,433021,438646,1,1800,1798,0,0,60,60,CCW,0,S,0,0,0
D7651658,433022,438647,1,1801,1798,0,0,60,60,CCW,0,S,0,0,0
D7651658,433023,438648,1,1800,1798,0,0,60,60,CCW,0,S,0,0,0
D7651658,433024,438649,1,1801,1798,0,0,60,60,CCW,0,S,0,0,0
D7651658,433025,438650,1,1801,1798,0,0,60,60,CCW,0,S,0,0,0
D7651658,433026,438651,1,1800,1798,0,0,60,60,CCW,0,S,0,0,0
D7651658,433027,438652,1,1799,1798,0,0,60,60,CCW,0,S,0,0,0
D7651658,433028,438653,1,1800,1798,0,0,60,60,CCW,0,S,0,0,0
D7651658,433029,438654,1,1800,1798,0,0,60,60,CCW,0,S,0,0,0
D7651658,433030,438655,1,1799,1798,0,0,60,60,CCW,0,S,0,0,0
D7651658,433031,438656,1,1799,1798,0,0,60,60,CCW,0,S,0,0,0
D7651658,433032,438657,1,1800,1798,0,0,60,60,CCW,0,S,0,0,0
D7651658,433033,438658,1,1802,1798,0,0,60,60,CCW,0,S,0,0,0
D7651658,433034,438659,1,1799,1798,0,0,60,60,CCW,0,S,0,0,0
D7651658,433035,438660,1,1799,1798,0,0,60,60,CCW,0,S,0,0,0
D7651658,433036,438661,1,1798,1798,0,0,60,60,CCW,0,S,0,0,0
D7651658,433037,438662,1,1799,1798,0,0,60,60,CCW,0,S,0,0,0
D7651658,433038,438663,1,1800,1798,0,0,60,60,CCW,0,S,0,0,0
D7651658,433039,438664,1,1799,1798,0,0,60,60,CCW,0,S,0,0,0
D7651658,433040,438665,1,1800,1798,0,0,60,60,CCW,0,S,0,0,0
D7651658,433041,438666,1,1801,1798,0,0,60,60,CCW,0,S,0,0,0
D7651658,433042,438667,1,1800,1798,0,0,60,60,CCW,0,S,0,0,0
D7651658,433043,438668,1,1800,1798,0,0,60,60,CCW,0,S,0,0,0
D7651658,433044,438669,1,1808,1798,0,0,60,60,CCW,0,S,0,0,0
D7651658,433045,438670,1,1801,1798,0,0,60,60,CCW,0,S,0,0,0
D7651658,433046,438671,1,1800,1798,0,0,60,60,CCW,0,S,0,0,0
D7651658,433047,438672,1,1800,1798,0,0,60,60,CCW,0,S,0,0,0
D7651658,433048,438673,1,1800,1798,0,0,60,60,CCW,0,S,0,0,0
D7651658,433049,438674,1,1799,1798,0,0,60,60,CCW,0,S,0,0,0
D7651658,433050,438675,1,1798,1798,0,0,60,60,CCW,0,S,0,0,0
D7651658,433051,438676,1,1800,1798,0,0,60,60,CCW,0,S,0,0,0
D7651658,433052,438677,1,1801,1798,0,0,60,60,CCW,0,S,0,0,0
D7651658,433053,438678,1,1800,1798,0,0,60,60,CCW,0,S,0,0,0
D7651658,433054,438679,1,1799,1798,0,0,60,60,CCW,0,S,0,0,0
D7651658,433055,438680,1,1799,1798,0,0,60,60,CCW,0,S,0,0,0
D7651658,433056,438681,1,1800,1798,0,0,60,60,CCW,0,S,0,0,0
D7651658,433057,438682,1,1801,1798,0,0,60,60,CCW,0,S,0,0,0
D7651658,433058,438683,1,1802,1798,0,0,60,60,CCW,0,S,0,0,0
D7651658,433059,438684,1,1800,1798,0,0,60,60,CCW,0,S,0,0,0
D7651658,433060,438685,1,1801,1798,0,0,60,60,CCW,0,S,0,0,0
D7651658,433061,438686,1,1802,1798,0,0,60,60,CCW,0,S,0,0,0
D7651658,433062,438687,1,1799,1798,0,0,60,60,CCW,0,S,0,0,0
D7651658,433063,438688,1,1800,1798,0,0,60,60,CCW,0,S,0,0,0
D7651658,433064,438689,1,1794,1798,0,0,60,60,CCW,0,S,0,0,0
D7651658,433065,438690,1,1799,1798,0,0,60,60,CCW,0,S,0,0,0
D7651658,433066,438691,1,1802,1798,0,0,60,60,CCW,0,S,0,0,0
D7651658,433067,438692,1,1800,1798,0,0,60,60,CCW,0,S,0,0,0
D7651658,433068,438693,1,1802,1798,0,0,60,60,CCW,0,S,0,0,0
D7651658,433069,438694,1,1800,1798,0,0,60,60,CCW,0,S,0,0,0
D7651658,433070,438695,1,1801,1798,0,0,60,60,CCW,0,S,0,0,0
D7651658,433071,438696,1,1801,1798,0,0,60,60,CCW,0,S,0,0,0
D7651658,433072,438697,1,1800,1798,0,0,60,60,CCW,0,S,0,0,0
D7651658,433073,438698,1,1799,1798,0,0,60,60,CCW,0,S,0,0,0
D7651658,433074,438699,1,1800,1798,0,0,60,60,CCW,0,S,0,0,0
D7651658,433075,438700,1,1801,1798,0,0,60,60,CCW,0,S,0,0,0
D7651658,433076,438701,1,1800,1798,0,0,60,60,CCW,0,S,0,0,0
D7651658,433077,438702,1,1799,1798,0,0,60,60,CCW,0,S,0,0,0
D7651658,433078,438703,1,1801,1798,0,0,60,60,CCW,0,S,0,0,0
D7651658,433079,438704,1,1801,1798,0,0,60,60,CCW,0,S,0,0,0
D7651658,433080,438705,1,1803,1798,0,0,60,60,CCW,0,S,0,0,0
D7651658,433081,438706,1,1799,1798,0,0,60,60,CCW,0,S,0,0,0
D7651658,433082,438707,1,1800,1798,0,0,60,60,CCW,0,S,0,0,0
D7651658,433083,438708,1,1800,1798,0,0,60,60,CCW,0,S,0,0,0
D7651658,433084,438709,1,1799,1798,0,0,60,60,CCW,0,S,0,0,0
D7651658,433085,438710,1,1801,1798,0,0,60,60,CCW,0,S,0,0,0
D7651658,433086,438711,1,1800,1798,0,0,60,60,CCW,0,S,0,0,0
D7651658,433087,438712,1,1800,1798,0,0,60,60,CCW,0,S,0,0,0
D7651658,433088,438713,1,1801,1798,0,0,60,60,CCW,0,S,0,0,0
D7651658,433089,438714,1,1803,1798,0,0,60,60,CCW,0,S,0,0,0
D7651658,433090,438715,1,1801,1798,0,0,60,60,CCW,0,S,0,0,0
D7651658,433091,438716,1,1801,1798,0,0,60,60,CCW,0,S,0,0,0
D7651658,433092,438717,1,1800,1798,0,0,60,60,CCW,0,S,0,0,0
D7651658,433093,438718,1,1800,1798,0,0,60,60,CCW,0,S,0,0,0
D7651658,433094,438719,1,1800,1798,0,0,60,60,CCW,0,S,0,0,0
D7651658,433095,438720,1,1802,1798,0,0,60,60,CCW,0,S,0,0,0
D7651658,433096,438721,1,1800,1798,0,0,60,60,CCW,0,S,0,0,0
D7651658,433097,438722,1,1801,1798,0,0,60,60,CCW,0,S,0,0,0
D7651658,433098,438723,1,1802,1798,0,0,60,60,CCW,0,S,0,0,0
D7651658,433099,438724,1,1808,1798,0,0,60,60,CCW,0,S,0,0,0
D7651658,433100,438725,1,1800,1798,0,0,60,60,CCW,0,S,0,0,0
D7651658,433101,438726,1,1811,1798,0,0,60,60,CCW,0,S,0,0,0
D7651658,433102,438727,1,1801,1798,0,0,60,60,CCW,0,S,0,0,0
D7651658,433103,438728,1,1801,1798,0,0,60,60,CCW,0,S,0,0,0
D7651658,433104,438729,1,1799,1798,0,0,60,60,CCW,0,S,0,0,0
D7651658,433105,438730,1,1799,1798,0,0,60,60,CCW,0,S,0,0,0
D7651658,433106,438731,1,1800,1798,0,0,60,60,CCW,0,S,0,0,0
D7651658,433107,438732,1,1800,1798,0,0,60,60,CCW,0,S,0,0,0
D7651658,433108,438733,1,1800,1798,0,0,60,60,CCW,0,S,0,0,0
D7651658,433109,438734,1,1801,1798,0,0,60,60,CCW,0,S,0,0,0
D7651658,433110,438735,1,1798,1798,0,0,60,60,CCW,0,S,0,0,0
D7651658,433111,438736,1,1801,1798,0,0,60,60,CCW,0,S,0,0,0
D7651658,433112,438737,1,1801,1798,0,0,60,60,CCW,0,S,0,0,0
D7651658,433113,438738,1,1801,1798,0,0,60,60,CCW,0,S,0,0,0
D7651658,433114,438739,1,1800,1798,0,0,60,60,CCW,0,S,0,0,0
D7651658,433115,438740,1,1801,1798,0,0,60,60,CCW,0,S,0,0,0
D7651658,433116,438741,1,1800,1798,0,0,60,60,CCW,0,S,0,0,0
D7651658,433117,438742,1,1800,1798,0,0,60,60,CCW,0,S,0,0,0
D7651658,433118,438743,1,1800,1798,0,0,60,60,CCW,0,S,0,0,0
D7651658,433119,438744,1,1799,1798,0,0,60,60,CCW,0,S,0,0,0
D7651658,433120,438745,1,1801,1798,0,0,60,60,CCW,0,S,0,0,0
D7651658,433121,438746,1,1800,1798,0,0,60,60,CCW,0,S,0,0,0
D7651658,433122,438747,1,1800,1798,0,0,60,60,CCW,0,S,0,0,0
D7651658,433123,438748,1,1800,1798,0,0,60,60,CCW,0,S,0,0,0
D7651658,433124,438749,1,1801,1798,0,0,60,60,CCW,0,S,0,0,0
D7651658,433125,438750,1,1802,1798,0,0,60,60,CCW,0,S,0,0,0
D7651658,433126,438751,1,1801,1798,0,0,60,60,CCW,0,S,0,0,0
D7651658,433127,438752,1,1801,1798,0,0,60,60,CCW,0,S,0,0,0
D7651658,433128,438753,1,1800,1798,0,0,60,60,CCW,0,S,0,0,0
D7651658,433129,438754,1,1800,1798,0,0,60,60,CCW,0,S,0,0,0
D7651658,433130,438755,1,1801,1798,0,0,60,60,CCW,0,S,0,0,0
D7651658,433131,438756,1,1801,1798,0,0,60,60,CCW,0,S,0,0,0
D7651658,433132,438757,1,1800,1798,0,0,60,60,CCW,0,S,0,0,0
D7651658,433133,438758,1,1800,1798,0,0,60,60,CCW,0,S,0,0,0
D7651658,433134,438759,1,1799,1798,0,0,60,60,CCW,0,S,0,0,0
D7651658,433135,438760,1,1801,1798,0,0,60,60,CCW,0,S,0,0,0
D7651658,433136,438761,1,1802,1798,0,0,60,60,CCW,0,S,0,0,0
D7651658,433137,438762,1,1800,1798,0,0,60,60,CCW,0,S,0,0,0
D7651658,433138,438763,1,1799,1798,0,0,60,60,CCW,0,S,0,0,0
D7651658,433139,438764,1,1800,1798,0,0,60,60,CCW,0,S,0,0,0
D7651658,433140,438765,1,1801,1798,0,0,60,60,CCW,0,S,0,0,0
D7651658,433141,438766,1,1800,1798,0,0,60,60,CCW,0,S,0,0,0
D7651658,433142,438767,1,1801,1798,0,0,60,60,CCW,0,S,0,0,0
D7651658,433143,438768,1,1802,1798,0,0,60,60,CCW,0,S,0,0,0
D7651658,433144,438769,1,1802,1798,0,0,60,60,CCW,0,S,0,0,0
D7651658,433145,438770,1,1799,1798,0,0,60,60,CCW,0,S,0,0,0
D7651658,433146,438771,1,1801,1798,0,0,60,60,CCW,0,S,0,0,0
D7651658,433147,438772,1,1801,1798,0,0,60,60,CCW,0,S,0,0,0
D7651658,433148,438773,1,1802,1798,0,0,60,60,CCW,0,S,0,0,0
D7651658,433149,438774,1,1801,1798,0,0,60,60,CCW,0,S,0,0,0
D7651658,433150,438775,1,1801,1798,0,0,60,60,CCW,0,S,0,0,0
D7651658,433151,438776,1,1801,1798,0,0,60,60,CCW,0,S,0,0,0
D7651658,433152,438777,1,1802,1798,0,0,60,60,CCW,0,S,0,0,0
D7651658,433153,438778,1,1801,1798,0,0,60,60,CCW,0,S,0,0,0
D7651658,433154,438779,1,1802,1798,0,0,60,60,CCW,0,S,0,0,0
D7651658,433155,438780,1,1802,1798,0,0,60,60,CCW,0,S,0,0,0
D7651658,433156,438781,1,1802,1798,0,0,60,60,CCW,0,S,0,0,0
D7651658,433157,438782,1,1801,1798,0,0,60,60,CCW,0,S,0,0,0
D7651658,433158,438783,1,1799,1798,0,0,60,60,CCW,0,S,0,0,0
D7651658,433159,438784,1,1800,1798,0,0,60,60,CCW,0,S,0,0,0
D7651658,433160,438785,1,1800,1798,0,0,60,60,CCW,0,S,0,0,0
D7651658,433161,438786,1,1802,1798,0,0,60,60,CCW,0,S,0,0,0
D7651658,433162,438787,1,1802,1798,0,0,60,60,CCW,0,S,0,0,0
D7651658,433163,438788,1,1802,1798,0,0,60,60,CCW,0,S,0,0,0
D7651658,433164,438789,1,1801,1798,0,0,60,60,CCW,0,S,0,0,0
D7651658,433165,438790,1,1801,1798,0,0,60,60,CCW,0,S,0,0,0
D7651658,433166,438791,1,1802,1798,0,0,60,60,CCW,0,S,0,0,0
D7651658,433167,438792,1,1805,1798,0,0,60,60,CCW,0,S,0,0,0
D7651658,433168,438793,1,1801,1798,0,0,60,60,CCW,0,S,0,0,0
D7651658,433169,438794,1,1799,1798,0,0,60,60,CCW,0,S,0,0,0
D7651658,433170,438795,1,1803,1798,0,0,60,60,CCW,0,S,0,0,0
D7651658,433171,438796,1,1802,1798,0,0,60,60,CCW,0,S,0,0,0
D7651658,433172,438797,1,1802,1798,0,0,60,60,CCW,0,S,0,0,0
D7651658,433173,438798,1,1800,1798,0,0,60,60,CCW,0,S,0,0,0
D7651658,433174,438799,1,1803,1798,0,0,60,60,CCW,0,S,0,0,0
D7651658,433175,438800,1,1800,1798,0,0,60,60,CCW,0,S,0,0,0
D7651658,433176,438801,1,1801,1798,0,0,60,60,CCW,0,S,0,0,0
D7651658,433177,438802,1,1801,1798,0,0,60,60,CCW,0,S,0,0,0
D7651658,433178,438803,1,1802,1798,0,0,60,60,CCW,0,S,0,0,0
D7651658,433179,438804,1,1801,1798,0,0,60,60,CCW,0,S,0,0,0
D7651658,433180,438805,1,1801,1798,0,0,60,60,CCW,0,S,0,0,0
D7651658,433181,438806,1,1802,1798,0,0,60,60,CCW,0,S,0,0,0
D7651658,433182,438807,1,1800,1798,0,0,60,60,CCW,0,S,0,0,0
D7651658,433183,438808,1,1802,1798,0,0,60,60,CCW,0,S,0,0,0
D7651658,433184,438809,1,1801,1798,0,0,60,60,CCW,0,S,0,0,0
D7651658,433185,438810,1,1802,1798,0,0,60,60,CCW,0,S,0,0,0
D7651658,433186,438811,1,1802,1798,0,0,60,60,CCW,0,S,0,0,0
D7651658,433187,438812,1,1800,1798,0,0,60,60,CCW,0,S,0,0,0
D7651658,433188,438813,1,1803,1798,0,0,60,60,CCW,0,S,0,0,0
D7651658,433189,438814,1,1803,1798,0,0,60,60,CCW,0,S,0,0,0
D7651658,433190,438815,1,1801,1798,0,0,60,60,CCW,0,S,0,0,0
D7651658,433191,438816,1,1802,1798,0,0,60,60,CCW,0,S,0,0,0
D7651658,433192,438817,1,1800,1798,0,0,60,60,CCW,0,S,0,0,0
D7651658,433193,438818,1,1802,1798,0,0,60,60,CCW,0,S,0,0,0
D7651658,433194,438819,1,1803,1798,0,0,60,60,CCW,0,S,0,0,0
D7651658,433195,438820,1,1803,1798,0,0,60,60,CCW,0,S,0,0,0
D7651658,433196,438821,1,1801,1798,0,0,60,60,CCW,0,S,0,0,0
D7651658,433197,438822,1,1803,1798,0,0,60,60,CCW,0,S,0,0,0
D7651658,433198,438823,1,1801,1798,0,0,60,60,CCW,0,S,0,0,0
D7651658,433199,438824,1,1800,1798,0,0,60,60,CCW,0,S,0,0,0
D7651658,433200,438825,1,1801,1798,0,0,60,60,CCW,0,S,0,0,0
D7651658,433201,438826,1,1802,1798,0,0,60,60,CCW,0,S,0,0,0
D7651658,433202,438827,1,1800,1798,0,0,60,60,CCW,0,S,0,0,0
D7651658,433203,438828,1,1799,1798,0,0,60,60,CCW,0,S,0,0,0
D7651658,433204,438829,1,1802,1798,0,0,60,60,CCW,0,S,0,0,0
D7651658,433205,438830,1,1803,1798,0,0,60,60,CCW,0,S,0,0,0
D7651658,433206,438831,1,1803,1798,0,0,60,60,CCW,0,S,0,0,0
D7651658,433207,438832,1,1802,1798,0,0,60,60,CCW,0,S,0,0,0
D7651658,433208,438833,1,1802,1798,0,0,60,60,CCW,0,S,0,0,0
D7651658,433209,438834,1,1801,1798,0,0,60,60,CCW,0,S,0,0,0
D7651658,433210,438835,1,1803,1798,0,0,60,60,CCW,0,S,0,0,0
D7651658,433211,438836,1,1799,1798,0,0,60,60,CCW,0,S,0,0,0
D7651658,433212,438837,1,1801,1798,0,0,60,60,CCW,0,S,0,0,0
D7651658,433213,438838,1,1803,1798,0,0,60,60,CCW,0,S,0,0,0
D7651658,433214,438839,1,1803,1798,0,0,60,60,CCW,0,S,0,0,0
D7651658,433215,438840,1,1800,1798,0,0,60,60,CCW,0,S,0,0,0
D7651658,433216,438841,1,1802,1798,0,0,60,60,CCW,0,S,0,0,0
D7651658,433217,438842,1,1801,1798,0,0,60,60,CCW,0,S,0,0,0
D7651658,433218,438843,1,1803,1798,0,0,60,60,CCW,0,S,0,0,0
D7651658,433219,438845,2,1801,1798,0,0,60,60,CCW,0,S,0,1,1
D7651658,433220,438846,1,1803,1798,0,0,60,60,CCW,0,S,0,0,0
D7651658,433221,438847,1,1801,1798,0,0,60,60,CCW,0,S,0,0,0
D7651658,433222,438848,1,1802,1798,0,0,60,60,CCW,0,S,0,0,0
D7651658,433223,438849,1,1803,1798,0,0,60,60,CCW,0,S,0,0,0
D7651658,433224,438850,1,1803,1798,0,0,60,60,CCW,0,S,0,0,0
D7651658,433225,438851,1,1803,1798,0,0,60,60,CCW,0,S,0,0,0
D7651658,433226,438852,1,1807,1798,0,0,60,60,CCW,0,S,0,0,0
D7651658,433227,438853,1,1802,1798,0,0,60,60,CCW,0,S,0,0,0
D7651658,433228,438854,1,1803,1798,0,0,60,60,CCW,0,S,0,0,0
D7651658,433229,438855,1,1802,1798,0,0,60,60,CCW,0,S,0,0,0
D7651658,433230,438856,1,1803,1798,0,0,60,60,CCW,0,S,0,0,0
D7651658,433231,438857,1,1800,1798,0,0,60,60,CCW,0,S,0,0,0
D7651658,433232,438858,1,1802,1798,0,0,60,60,CCW,0,S,0,0,0
D7651658,433233,438859,1,1802,1798,0,0,60,60,CCW,0,S,0,0,0
D7651658,433234,438860,1,1802,1798,0,0,60,60,CCW,0,S,0,0,0
D7651658,433235,438861,1,1801,1798,0,0,60,60,CCW,0,S,0,0,0
D7651658,433236,438862,1,1802,1798,0,0,60,60,CCW,0,S,0,0,0
D7651658,433237,438863,1,1801,1798,0,0,60,60,CCW,0,S,0,0,0
D7651658,433238,438864,1,1803,1798,0,0,60,60,CCW,0,S,0,0,0
D7651658,433239,438865,1,1805,1798,0,0,60,60,CCW,0,S,0,0,0
D7651658,433240,438866,1,1804,1798,0,0,60,60,CCW,0,S,0,0,0
D7651658,433241,438867,1,1803,1798,0,0,60,60,CCW,0,S,0,0,0
D7651658,433242,438868,1,1802,1798,0,0,60,60,CCW,0,S,0,0,0
D7651658,433243,438869,1,1803,1798,0,0,60,60,CCW,0,S,0,0,0
D7651658,433244,438870,1,1802,1798,0,0,60,60,CCW,0,S,0,0,0
D7651658,433245,438871,1,1802,1798,0,0,60,60,CCW,0,S,0,0,0
D7651658,433246,438872,1,1802,1798,0,0,60,60,CCW,0,S,0,0,0
D7651658,433247,438873,1,1801,1798,0,0,60,60,CCW,0,S,0,0,0
D7651658,433248,438874,1,1801,1798,0,0,60,60,CCW,0,S,0,0,0
D7651658,433249,438875,1,1804,1798,0,0,60,60,CCW,0,S,0,0,0
D7651658,433250,438876,1,1803,1798,0,0,60,60,CCW,0,S,0,0,0
D7651658,433251,438877,1,1804,1798,0,0,60,60,CCW,0,S,0,0,0
D7651658,433252,438878,1,1803,1798,0,0,60,60,CCW,0,S,0,0,0
D7651658,433253,438879,1,1803,1798,0,0,60,60,CCW,0,S,0,0,0
D7651658,433254,438880,1,1804,1798,0,0,60,60,CCW,0,S,0,0,0
D7651658,433255,438881,1,1802,1798,0,0,60,60,CCW,0,S,0,0,0
D7651658,433256,438882,1,1801,1798,0,0,60,60,CCW,0,S,0,0,0
D7651658,433257,438883,1,1803,1798,0,0,60,60,CCW,0,S,0,0,0
D7651658,433258,438884,1,1801,1798,0,0,60,60,CCW,0,S,0,0,0
D7651658,433259,438885,1,1802,1798,0,0,60,60,CCW,0,S,0,0,0
D7651658,433260,438886,1,1802,1798,0,0,60,60,CCW,0,S,0,0,0
D7651658,433261,438887,1,1801,1798,0,0,60,60,CCW,0,S,0,0,0
D7651658,433262,438888,1,1803,1798,0,0,60,60,CCW,0,S,0,0,0
D7651658,433263,438889,1,1803,1798,0,0,60,60,CCW,0,S,0,0,0
D7651658,433264,438890,1,1803,1798,0,0,60,60,CCW,0,S,0,0,0
D7651658,433265,438891,1,1805,1798,0,0,60,60,CCW,0,S,0,0,0
D7651658,433266,438892,1,1803,1798,0,0,60,60,CCW,0,S,0,0,0
D7651658,433267,438893,1,1803,1798,0,0,60,60,CCW,0,S,0,0,0
D7651658,433268,438894,1,1802,1798,0,0,60,60,CCW,0,S,0,0,0
D7651658,433269,438895,1,1803,1798,0,0,60,60,CCW,0,S,0,0,0
D7651658,433270,438896,1,1803,1798,0,0,60,60,CCW,0,S,0,0,0
D7651658,433271,438897,1,1804,1798,0,0,60,60,CCW,0,S,0,0,0
D7651658,433272,438898,1,1801,1798,0,0,60,60,CCW,0,S,0,0,0
D7651658,433273,438899,1,1803,1798,0,0,60,60,CCW,0,S,0,0,0
D7651658,433274,438900,1,1803,1798,0,0,60,60,CCW,0,S,0,0,0
D7651658,433275,438901,1,1804,1798,0,0,60,60,CCW,0,S,0,0,0
D7651658,433276,438902,1,1804,1798,0,0,60,60,CCW,0,S,0,0,0
D7651658,433277,438903,1,1802,1798,0,0,60,60,CCW,0,S,0,0,0
D7651658,433278,438904,1,1804,1798,0,0,60,60,CCW,0,S,0,0,0
D7651658,433279,438905,1,1803,1798,0,0,60,60,CCW,0,S,0,0,0
D7651658,433280,438906,1,1803,1798,0,0,60,60,CCW,0,S,0,0,0
D7651658,433281,438907,1,1804,1798,0,0,60,60,CCW,0,S,0,0,0
D7651658,433282,438908,1,1804,1798,0,0,60,60,CCW,0,S,0,0,0
D7651658,433283,438909,1,1805,1798,0,0,60,60,CCW,0,S,0,0,0
D7651658,433284,438910,1,1804,1798,0,0,60,60,CCW,0,S,0,0,0
D7651658,433285,438911,1,1803,1798,0,0,60,60,CCW,0,S,0,0,0
D7651658,433286,438912,1,1805,1798,0,0,60,60,CCW,0,S,0,0,0
D7651658,433287,438913,1,1804,1798,0,0,60,60,CCW,0,S,0,0,0
D7651658,433288,438914,1,1809,1798,0,0,60,60,CCW,0,S,0,0,0
D7651658,433289,438915,1,1806,1798,0,0,60,60,CCW,0,S,0,0,0
D7651658,433290,438916,1,1805,1798,0,0,60,60,CCW,0,S,0,0,0
D7651658,433291,438917,1,1805,1798,0,0,60,60,CCW,0,S,0,0,0
D7651658,433292,438918,1,1805,1798,0,0,60,60,CCW,0,S,0,0,0
D7651658,433293,438919,1,1805,1798,0,0,60,60,CCW,0,S,0,0,0
D7651658,433294,438920,1,1805,1798,0,0,60,60,CCW,0,S,0,0,0
D7651658,433295,438921,1,1805,1798,0,0,60,60,CCW,0,S,0,0,0
D7651658,433296,438922,1,1804,1798,0,0,60,60,CCW,0,S,0,0,0
D7651658,433297,438923,1,1801,1798,0,0,60,60,CCW,0,S,0,0,0
D7651658,433298,438924,1,1804,1798,0,0,60,60,CCW,0,S,0,0,0
D7651658,433299,438925,1,1808,1798,0,0,60,60,CCW,0,S,0,0,0
D7651658,433300,438926,1,1807,1798,0,0,60,60,CCW,0,S,0,0,0
D7651658,433301,438927,1,1805,1798,0,0,60,60,CCW,0,S,0,0,0
D7651658,433302,438928,1,1804,1798,0,0,60,60,CCW,0,S,0,0,0
D7651658,433303,438929,1,1803,1798,0,0,60,60,CCW,0,S,0,0,0
D7651658,433304,438930,1,1805,1798,0,0,60,60,CCW,0,S,0,0,0
D7651658,433305,438931,1,1805,1798,0,0,60,60,CCW,0,S,0,0,0
D7651658,433306,438932,1,1804,1798,0,0,60,60,CCW,0,S,0,0,0
D7651658,433307,438933,1,1805,1798,0,0,60,60,CCW,0,S,0,0,0
D7651658,433308,438934,1,1803,1798,0,0,60,60,CCW,0,S,0,0,0
D7651658,433309,438935,1,1805,1798,0,0,60,60,CCW,0,S,0,0,0
D7651658,433310,438936,1,1805,1798,0,0,60,60,CCW,0,S,0,0,0
D7651658,433311,438937,1,1804,1798,0,0,60,60,CCW,0,S,0,0,0
D7651658,433312,438938,1,1802,1798,0,0,60,60,CCW,0,S,0,0,0
D7651658,433313,438939,1,1804,1798,0,0,60,60,CCW,0,S,0,0,0
D7651658,433314,438940,1,1805,1798,0,0,60,60,CCW,0,S,0,0,0
D7651658,433315,438941,1,1806,1798,0,0,60,60,CCW,0,S,0,0,0
D7651658,433316,438942,1,1805,1798,0,0,60,60,CCW,0,S,0,0,0
D7651658,433317,438943,1,1805,1798,0,0,60,60,CCW,0,S,0,0,0
D7651658,433318,438944,1,1806,1798,0,0,60,60,CCW,0,S,0,0,0
D7651658,433319,438945,1,1806,1798,0,0,60,60,CCW,0,S,0,0,0
D7651658,433320,438946,1,1805,1798,0,0,60,60,CCW,0,S,0,0,0
D7651658,433321,438947,1,1804,1798,0,0,60,60,CCW,0,S,0,0,0
D7651658,433322,438948,1,1805,1798,0,0,60,60,CCW,0,S,0,0,0
D7651658,433323,438949,1,1806,1798,0,0,60,60,CCW,0,S,0,0,0
D7651658,433324,438950,1,1805,1798,0,0,60,60,CCW,0,S,0,0,0
D7651658,433325,438951,1,1805,1798,0,0,60,60,CCW,0,S,0,0,0
D7651658,433326,438952,1,1806,1798,0,0,60,60,CCW,0,S,0,0,0
D7651658,433327,438953,1,1806,1798,0,0,60,60,CCW,0,S,0,0,0
D7651658,433328,438954,1,1806,1798,0,0,60,60,CCW,0,S,0,0,0
D7651658,433329,438955,1,1807,1798,0,0,60,60,CCW,0,S,0,0,0
D7651658,433330,438956,1,1805,1798,0,0,60,60,CCW,0,S,0,0,0
D7651658,433331,438957,1,1806,1798,0,0,60,60,CCW,0,S,0,0,0
D7651658,433332,438958,1,1805,1798,0,0,60,60,CCW,0,S,0,0,0
D7651658,433333,438959,1,1806,1798,0,0,60,60,CCW,0,S,0,0,0
D7651658,433334,438960,1,1805,1798,0,0,60,60,CCW,0,S,0,0,0
D7651658,433335,438961,1,1806,1798,0,0,60,60,CCW,0,S,0,0,0
D7651658,433336,438962,1,1805,1798,0,0,60,60,CCW,0,S,0,0,0
D7651658,433337,438963,1,1806,1798,0,0,60,60,CCW,0,S,0,0,0
D7651658,433338,438964,1,1806,1798,0,0,60,60,CCW,0,S,0,0,0
D7651658,433339,438965,1,1806,1798,0,0,60,60,CCW,0,S,0,0,0
D7651658,433340,438966,1,1805,1798,0,0,60,60,CCW,0,S,0,0,0
D7651658,433341,438967,1,1806,1798,0,0,60,60,CCW,0,S,0,0,0
D7651658,433342,438968,1,1804,1798,0,0,60,60,CCW,0,S,0,0,0
D7651658,433343,438969,1,1814,1798,0,0,60,60,CCW,0,S,0,0,0
D7651658,433344,438970,1,1806,1798,0,0,60,60,CCW,0,S,0,0,0
D7651658,433345,438971,1,1807,1798,0,0,60,60,CCW,0,S,0,0,0
D7651658,433346,438972,1,1806,1798,0,0,60,60,CCW,0,S,0,0,0
D7651658,433347,438973,1,1806,1798,0,0,60,60,CCW,0,S,0,0,0
D7651658,433348,438974,1,1806,1798,0,0,60,60,CCW,0,S,0,0,0
D7651658,433349,438975,1,1806,1798,0,0,60,60,CCW,0,S,0,0,0
D7651658,433350,438976,1,1806,1798,0,0,60,60,CCW,0,S,0,0,0
D7651658,433351,438977,1,1806,1798,0,0,60,60,CCW,0,S,0,0,0
D7651658,433352,438978,1,1805,1798,0,0,60,60,CCW,0,S,0,0,0
D7651658,433353,438979,1,1806,1798,0,0,60,60,CCW,0,S,0,0,0
D7651658,433354,438980,1,1802,1798,0,0,60,60,CCW,0,S,0,0,0
D7651658,433355,438981,1,1805,1798,0,0,60,60,CCW,0,S,0,0,0
D7651658,433356,438982,1,1807,1798,0,0,60,60,CCW,0,S,0,0,0
D7651658,433357,438983,1,1805,1798,0,0,60,60,CCW,0,S,0,0,0
D7651658,433358,438984,1,1806,1798,0,0,60,60,CCW,0,S,0,0,0
D7651658,433359,438985,1,1807,1798,0,0,60,60,CCW,0,S,0,0,0
D7651658,433360,438986,1,1806,1798,0,0,60,60,CCW,0,S,0,0,0
D7651658,433361,438987,1,1808,1798,0,0,60,60,CCW,0,S,0,0,0
D7651658,433362,438988,1,1806,1798,0,0,60,60,CCW,0,S,0,0,0
D7651658,433363,438989,1,1807,1798,0,0,60,60,CCW,0,S,0,0,0
D7651658,433364,438990,1,1808,1798,0,0,60,60,CCW,0,S,0,0,0
D7651658,433365,438991,1,1807,1798,0,0,60,60,CCW,0,S,0,0,0
D7651658,433366,438992,1,1809,1798,0,0,60,60,CCW,0,S,0,0,0
D7651658,433367,438993,1,1807,1798,0,0,60,60,CCW,0,S,0,0,0
D7651658,433368,438994,1,1807,1798,0,0,60,60,CCW,0,S,0,0,0
D7651658,433369,438995,1,1807,1798,0,0,60,60,CCW,0,S,0,0,0
D7651658,433370,438996,1,1807,1798,0,0,60,60,CCW,0,S,0,0,0
D7651658,433371,438997,1,1807,1798,0,0,60,60,CCW,0,S,0,0,0
D7651658,433372,438998,1,1807,1798,0,0,60,60,CCW,0,S,0,0,0
D7651658,433373,438999,1,1806,1798,0,0,60,60,CCW,0,S,0,0,0
D7651658,433374,439000,1,1805,1798,0,0,60,60,CCW,0,S,0,0,0
D7651658,433375,439001,1,1804,1798,0,0,60,60,CCW,0,S,0,0,0
D7651658,433376,439002,1,1807,1798,0,0,60,60,CCW,0,S,0,0,0
D7651658,433377,439003,1,1807,1798,0,0,60,60,CCW,0,S,0,0,0
D7651658,433378,439004,1,1808,1798,0,0,60,60,CCW,0,S,0,0,0
D7651658,433379,439005,1,1807,1798,0,0,60,60,CCW,0,S,0,0,0
D7651658,433380,439006,1,1807,1798,0,0,60,60,CCW,0,S,0,0,0
D7651658,433381,439007,1,1807,1798,0,0,60,60,CCW,0,S,0,0,0
D7651658,433382,439008,1,1807,1798,0,0,60,60,CCW,0,S,0,0,0
D7651658,433383,439009,1,1807,1798,0,0,60,60,CCW,0,S,0,0,0
D7651658,433384,439010,1,1807,1798,0,0,60,60,CCW,0,S,0,0,0
D7651658,433385,439011,1,1807,1798,0,0,60,60,CCW,0,S,0,0,0
D7651658,433386,439012,1,1807,1798,0,0,60,60,CCW,0,S,0,0,0
D7651658,433387,439013,1,1808,1798,0,0,60,60,CCW,0,S,0,0,0
D7651658,433388,439014,1,1806,1798,0,0,60,60,CCW,0,S,0,0,0
D7651658,433389,439015,1,1808,1798,0,0,60,60,CCW,0,S,0,0,0
D7651658,433390,439016,1,1807,1798,0,0,60,60,CCW,0,S,0,0,0
D7651658,433391,439017,1,1807,1798,0,0,60,60,CCW,0,S,0,0,0
D7651658,433392,439018,1,1809,1798,0,0,60,60,CCW,0,S,0,0,0
D7651658,433393,439019,1,1808,1798,0,0,60,60,CCW,0,S,0,0,0
D7651658,433394,439020,1,1808,1798,0,0,60,60,CCW,0,S,0,0,0
D7651658,433395,439021,1,1808,1798,0,0,60,60,CCW,0,S,0,0,0
D7651658,433396,439022,1,1807,1798,0,0,60,60,CCW,0,S,0,0,0
D7651658,433397,439023,1,1807,1798,0,0,60,60,CCW,0,S,0,0,0
D7651658,433398,439024,1,1808,1798,0,0,60,60,CCW,0,S,0,0,0
D7651658,433399,439025,1,1808,1798,0,0,60,60,CCW,0,S,0,0,0
D7651658,433400,439026,1,1808,1798,0,0,60,60,CCW,0,S,0,0,0
D7651658,433401,439027,1,1808,1798,0,0,60,60,CCW,0,S,0,0,0
D7651658,433402,439028,1,1808,1798,0,0,60,60,CCW,0,S,0,0,0
D7651658,433403,439029,1,1808,1798,0,0,60,60,CCW,0,S,0,0,0
D7651658,433404,439030,1,1808,1798,0,0,60,60,CCW,0,S,0,0,0
D7651658,433405,439031,1,1808,1798,0,0,60,60,CCW,0,S,0,0,0
D7651658,433406,439032,1,1808,1798,0,0,60,60,CCW,0,S,0,0,0
D7651658,433407,439033,1,1808,1798,0,0,60,60,CCW,0,S,0,0,0
D7651658,433408,439034,1,1808,1798,0,0,60,60,CCW,0,S,0,0,0
D7651658,433409,439035,1,1808,1798,0,0,60,60,CCW,0,S,0,0,0
D7651658,433410,439036,1,1809,1798,0,0,60,60,CCW,0,S,0,0,0
D7651658,433411,439037,1,1808,1798,0,0,60,60,CCW,0,S,0,0,0
D7651658,433412,439038,1,1808,1798,0,0,60,60,CCW,0,S,0,0,0
D7651658,433413,439039,1,1808,1798,0,0,60,60,CCW,0,S,0,0,0
D7651658,433414,439040,1,1809,1798,0,0,60,60,CCW,0,S,0,0,0
D7651658,433415,439041,1,1808,1798,0,0,60,60,CCW,0,S,0,0,0
D7651658,433416,439042,1,1809,1798,0,0,60,60,CCW,0,S,0,0,0
D7651658,433417,439043,1,1808,1798,0,0,60,60,CCW,0,S,0,0,0
D7651658,433418,439044,1,1808,1798,0,0,60,60,CCW,0,S,0,0,0
D7651658,433419,439045,1,1808,1798,0,0,60,60,CCW,0,S,0,0,0
D7651658,433420,439046,1,1810,1798,0,0,60,60,CCW,0,S,0,0,0
D7651658,433421,439047,1,1808,1798,0,0,60,60,CCW,0,S,0,0,0
D7651658,433422,439048,1,1810,1798,0,0,60,60,CCW,0,S,0,0,0
D7651658,433423,439049,1,1809,1798,0,0,60,60,CCW,0,S,0,0,0
D7651658,433424,439050,1,1810,1798,0,0,60,60,CCW,0,S,0,0,0
D7651658,433425,439051,1,1809,1798,0,0,60,60,CCW,0,S,0,0,0
D7651658,433426,439052,1,1809,1798,0,0,60,60,CCW,0,S,0,0,0
D7651658,433427,439053,1,1810,1798,0,0,60,60,CCW,0,S,0,0,0
D7651658,433428,439054,1,1809,1798,0,0,60,60,CCW,0,S,0,0,0
D7651658,433429,439055,1,1808,1798,0,0,60,60,CCW,0,S,0,0,0
D7651658,433430,439056,1,1808,1798,0,0,60,60,CCW,0,S,0,0,0
D7651658,433431,439057,1,1809,1798,0,0,60,60,CCW,0,S,0,0,0
D7651658,433432,439058,1,1811,1798,0,0,60,60,CCW,0,S,0,0,0
D7651658,433433,439059,1,1809,1798,0,0,60,60,CCW,0,S,0,0,0
D7651658,433434,439060,1,1806,1798,0,0,60,60,CCW,0,S,0,0,0
D7651658,433435,439061,1,1808,1798,0,0,60,60,CCW,0,S,0,0,0
D7651658,433436,439062,1,1808,1798,0,0,60,60,CCW,0,S,0,0,0
D7651658,433437,439063,1,1808,1798,0,0,60,60,CCW,0,S,0,0,0
D7651658,433438,439064,1,1809,1798,0,0,60,60,CCW,0,S,0,0,0
D7651658,433439,439065,1,1811,1798,0,0,60,60,CCW,0,S,0,0,0
D7651658,433440,439066,1,1809,1798,0,0,60,60,CCW,0,S,0,0,0
D7651658,433441,439067,1,1807,1798,0,0,60,60,CCW,0,S,0,0,0
D7651658,433442,439068,1,1808,1798,0,0,60,60,CCW,0,S,0,0,0
D7651658,433443,439069,1,1810,1798,0,0,60,60,CCW,0,S,0,0,0
D7651658,433444,439070,1,1809,1798,0,0,60,60,CCW,0,S,0,0,0
D7651658,433445,439071,1,1808,1798,0,0,60,60,CCW,0,S,0,0,0
D7651658,433446,439072,1,1809,1798,0,0,60,60,CCW,0,S,0,0,0
D7651658,433447,439073,1,1808,1798,0,0,60,60,CCW,0,S,0,0,0
D7651658,433448,439074,1,1809,1798,0,0,60,60,CCW,0,S,0,0,0
D7651658,433449,439075,1,1808,1798,0,0,60,60,CCW,0,S,0,0,0
D7651658,433450,439076,1,1808,1798,0,0,60,60,CCW,0,S,0,0,0
D7651658,433451,439077,1,1809,1798,0,0,60,60,CCW,0,S,0,0,0
D7651658,433452,439078,1,1809,1798,0,0,60,60,CCW,0,S,0,0,0
