source_session,sample_seq,t_ms,dt_ms,raw,baseline,peak_n,peak_s,pwm_actual,pwm_commanded,direction,event_active,event_polarity,estop,late,gap_before
D7651658,435218,440867,1,1809,1798,0,0,60,60,CCW,0,S,0,0,0
D7651658,435219,440868,1,1809,1798,0,0,60,60,CCW,0,S,0,0,0
D7651658,435220,440869,1,1812,1798,0,0,60,60,CCW,0,S,0,0,0
D7651658,435221,440870,1,1809,1798,0,0,60,60,CCW,0,S,0,0,0
D7651658,435222,440871,1,1812,1798,0,0,60,60,CCW,0,S,0,0,0
D7651658,435223,440872,1,1810,1798,0,0,60,60,CCW,0,S,0,0,0
D7651658,435224,440873,1,1810,1798,0,0,60,60,CCW,0,S,0,0,0
D7651658,435225,440874,1,1804,1798,0,0,60,60,CCW,0,S,0,0,0
D7651658,435226,440875,1,1809,1798,0,0,60,60,CCW,0,S,0,0,0
D7651658,435227,440876,1,1813,1798,0,0,60,60,CCW,0,S,0,0,0
D7651658,435228,440877,1,1810,1798,0,0,60,60,CCW,0,S,0,0,0
D7651658,435229,440878,1,1809,1798,0,0,60,60,CCW,0,S,0,0,0
D7651658,435230,440879,1,1810,1798,0,0,60,60,CCW,0,S,0,0,0
D7651658,435231,440880,1,1812,1798,0,0,60,60,CCW,0,S,0,0,0
D7651658,435232,440881,1,1810,1798,0,0,60,60,CCW,0,S,0,0,0
D7651658,435233,440882,1,1809,1798,0,0,60,60,CCW,0,S,0,0,0
D7651658,435234,440883,1,1809,1798,0,0,60,60,CCW,0,S,0,0,0
D7651658,435235,440884,1,1811,1798,0,0,60,60,CCW,0,S,0,0,0
D7651658,435236,440885,1,1810,1798,0,0,60,60,CCW,0,S,0,0,0
D7651658,435237,440886,1,1810,1798,0,0,60,60,CCW,0,S,0,0,0
D7651658,435238,440887,1,1810,1798,0,0,60,60,CCW,0,S,0,0,0
D7651658,435239,440888,1,1812,1798,0,0,60,60,CCW,0,S,0,0,0
D7651658,435240,440889,1,1811,1798,0,0,60,60,CCW,0,S,0,0,0
D7651658,435241,440891,2,1810,1798,0,0,60,60,CCW,0,S,0,1,1
D7651658,435242,440893,2,1811,1798,0,0,60,60,CCW,0,S,0,1,1
D7651658,435243,440894,1,1811,1798,0,0,60,60,CCW,0,S,0,0,0
D7651658,435244,440895,1,1810,1798,0,0,60,60,CCW,0,S,0,0,0
D7651658,435245,440896,1,1811,1798,0,0,60,60,CCW,0,S,0,0,0
D7651658,435246,440897,1,1809,1798,0,0,60,60,CCW,0,S,0,0,0
D7651658,435247,440898,1,1810,1798,0,0,60,60,CCW,0,S,0,0,0
D7651658,435248,440899,1,1810,1798,0,0,60,60,CCW,0,S,0,0,0
D7651658,435249,440900,1,1810,1798,0,0,60,60,CCW,0,S,0,0,0
D7651658,435250,440901,1,1810,1798,0,0,60,60,CCW,0,S,0,0,0
D7651658,435251,440902,1,1813,1798,0,0,60,60,CCW,0,S,0,0,0
D7651658,435252,440903,1,1811,1798,0,0,60,60,CCW,0,S,0,0,0
D7651658,435253,440904,1,1810,1798,0,0,60,60,CCW,0,S,0,0,0
D7651658,435254,440905,1,1811,1798,0,0,60,60,CCW,0,S,0,0,0
D7651658,435255,440906,1,1810,1798,0,0,60,60,CCW,0,S,0,0,0
D7651658,435256,440907,1,1811,1798,0,0,60,60,CCW,0,S,0,0,0
D7651658,435257,440908,1,1810,1798,0,0,60,60,CCW,0,S,0,0,0
D7651658,435258,440909,1,1810,1798,0,0,60,60,CCW,0,S,0,0,0
D7651658,435259,440910,1,1810,1798,0,0,60,60,CCW,0,S,0,0,0
D7651658,435260,440911,1,1811,1798,0,0,60,60,CCW,0,S,0,0,0
D7651658,435261,440912,1,1810,1798,0,0,60,60,CCW,0,S,0,0,0
D7651658,435262,440913,1,1812,1798,0,0,60,60,CCW,0,S,0,0,0
D7651658,435263,440914,1,1811,1798,0,0,60,60,CCW,0,S,0,0,0
D7651658,435264,440915,1,1810,1798,0,0,60,60,CCW,0,S,0,0,0
D7651658,435265,440916,1,1810,1798,0,0,60,60,CCW,0,S,0,0,0
D7651658,435266,440917,1,1809,1798,0,0,60,60,CCW,0,S,0,0,0
D7651658,435267,440918,1,1812,1798,0,0,60,60,CCW,0,S,0,0,0
D7651658,435268,440919,1,1810,1798,0,0,60,60,CCW,0,S,0,0,0
D7651658,435269,440920,1,1810,1798,0,0,60,60,CCW,0,S,0,0,0
D7651658,435270,440921,1,1810,1798,0,0,60,60,CCW,0,S,0,0,0
D7651658,435271,440922,1,1810,1798,0,0,60,60,CCW,0,S,0,0,0
D7651658,435272,440923,1,1810,1798,0,0,60,60,CCW,0,S,0,0,0
D7651658,435273,440924,1,1809,1798,0,0,60,60,CCW,0,S,0,0,0
D7651658,435274,440925,1,1811,1798,0,0,60,60,CCW,0,S,0,0,0
D7651658,435275,440926,1,1811,1798,0,0,60,60,CCW,0,S,0,0,0
D7651658,435276,440927,1,1809,1798,0,0,60,60,CCW,0,S,0,0,0
D7651658,435277,440928,1,1809,1798,0,0,60,60,CCW,0,S,0,0,0
D7651658,435278,440929,1,1811,1798,0,0,60,60,CCW,0,S,0,0,0
D7651658,435279,440930,1,1809,1798,0,0,60,60,CCW,0,S,0,0,0
D7651658,435280,440931,1,1809,1798,0,0,60,60,CCW,0,S,0,0,0
D7651658,435281,440932,1,1809,1798,0,0,60,60,CCW,0,S,0,0,0
D7651658,435282,440933,1,1808,1798,0,0,60,60,CCW,0,S,0,0,0
D7651658,435283,440934,1,1809,1798,0,0,60,60,CCW,0,S,0,0,0
D7651658,435284,440935,1,1809,1798,0,0,60,60,CCW,0,S,0,0,0
D7651658,435285,440936,1,1809,1798,0,0,60,60,CCW,0,S,0,0,0
D7651658,435286,440937,1,1808,1798,0,0,60,60,CCW,0,S,0,0,0
D7651658,435287,440938,1,1808,1798,0,0,60,60,CCW,0,S,0,0,0
D7651658,435288,440939,1,1808,1798,0,0,60,60,CCW,0,S,0,0,0
D7651658,435289,440940,1,1808,1798,0,0,60,60,CCW,0,S,0,0,0
D7651658,435290,440941,1,1807,1798,0,0,60,60,CCW,0,S,0,0,0
D7651658,435291,440942,1,1806,1798,0,0,60,60,CCW,0,S,0,0,0
D7651658,435292,440943,1,1806,1798,0,0,60,60,CCW,0,S,0,0,0
D7651658,435293,440944,1,1805,1798,0,0,60,60,CCW,0,S,0,0,0
D7651658,435294,440945,1,1806,1798,0,0,60,60,CCW,0,S,0,0,0
D7651658,435295,440946,1,1805,1798,0,0,60,60,CCW,0,S,0,0,0
D7651658,435296,440947,1,1805,1798,0,0,60,60,CCW,0,S,0,0,0
D7651658,435297,440948,1,1805,1798,0,0,60,60,CCW,0,S,0,0,0
D7651658,435298,440949,1,1803,1798,0,0,60,60,CCW,0,S,0,0,0
D7651658,435299,440950,1,1813,1798,0,0,60,60,CCW,0,S,0,0,0
D7651658,435300,440951,1,1801,1798,0,0,60,60,CCW,0,S,0,0,0
D7651658,435301,440952,1,1801,1798,0,0,60,60,CCW,0,S,0,0,0
D7651658,435302,440953,1,1801,1798,0,0,60,60,CCW,0,S,0,0,0
D7651658,435303,440954,1,1800,1798,0,0,60,60,CCW,0,S,0,0,0
D7651658,435304,440955,1,1798,1798,0,0,60,60,CCW,0,S,0,0,0
D7651658,435305,440956,1,1798,1798,0,0,60,60,CCW,0,S,0,0,0
D7651658,435306,440957,1,1795,1798,0,0,60,60,CCW,0,S,0,0,0
D7651658,435307,440958,1,1795,1798,0,0,60,60,CCW,0,S,0,0,0
D7651658,435308,440959,1,1794,1798,0,0,60,60,CCW,0,S,0,0,0
D7651658,435309,440960,1,1791,1798,0,0,60,60,CCW,0,S,0,0,0
D7651658,435310,440961,1,1792,1798,0,0,60,60,CCW,0,S,0,0,0
D7651658,435311,440962,1,1792,1798,0,0,60,60,CCW,0,S,0,0,0
D7651658,435312,440963,1,1791,1798,0,0,60,60,CCW,0,S,0,0,0
D7651658,435313,440964,1,1790,1798,0,0,60,60,CCW,0,S,0,0,0
D7651658,435314,440965,1,1782,1798,0,0,60,60,CCW,0,S,0,0,0
D7651658,435315,440966,1,1787,1798,0,0,60,60,CCW,0,S,0,0,0
D7651658,435316,440967,1,1787,1798,0,0,60,60,CCW,0,S,0,0,0
D7651658,435317,440968,1,1786,1798,0,0,60,60,CCW,0,S,0,0,0
D7651658,435318,440969,1,1782,1798,0,0,60,60,CCW,0,S,0,0,0
D7651658,435319,440970,1,1781,1798,0,0,60,60,CCW,0,S,0,0,0
D7651658,435320,440971,1,1781,1798,0,0,60,60,CCW,0,S,0,0,0
D7651658,435321,440972,1,1777,1798,0,0,60,60,CCW,0,S,0,0,0
D7651658,435322,440973,1,1777,1798,0,0,60,60,CCW,0,S,0,0,0
D7651658,435323,440974,1,1776,1798,0,0,60,60,CCW,0,S,0,0,0
D7651658,435324,440975,1,1775,1798,0,0,60,60,CCW,0,S,0,0,0
D7651658,435325,440976,1,1774,1798,0,0,60,60,CCW,0,S,0,0,0
D7651658,435326,440977,1,1773,1798,0,0,60,60,CCW,0,S,0,0,0
D7651658,435327,440978,1,1772,1798,0,0,60,60,CCW,0,S,0,0,0
D7651658,435328,440979,1,1770,1798,0,0,60,60,CCW,0,S,0,0,0
D7651658,435329,440980,1,1767,1798,0,0,60,60,CCW,0,S,0,0,0
D7651658,435330,440981,1,1766,1798,0,0,60,60,CCW,0,S,0,0,0
D7651658,435331,440982,1,1764,1798,0,0,60,60,CCW,0,S,0,0,0
D7651658,435332,440983,1,1762,1798,0,0,60,60,CCW,0,S,0,0,0
D7651658,435333,440984,1,1760,1798,0,38,60,60,CCW,1,S,0,0,0
D7651658,435334,440985,1,1757,1798,0,41,60,60,CCW,1,S,0,0,0
D7651658,435335,440986,1,1755,1798,0,43,60,60,CCW,1,S,0,0,0
D7651658,435336,440987,1,1752,1798,0,46,60,60,CCW,1,S,0,0,0
D7651658,435337,440988,1,1751,1798,0,47,60,60,CCW,1,S,0,0,0
D7651658,435338,440989,1,1749,1798,0,49,60,60,CCW,1,S,0,0,0
D7651658,435339,440990,1,1747,1798,0,51,60,60,CCW,1,S,0,0,0
D7651658,435340,440991,1,1744,1798,0,54,60,60,CCW,1,S,0,0,0
D7651658,435341,440992,1,1743,1798,0,55,60,60,CCW,1,S,0,0,0
D7651658,435342,440994,2,1737,1798,0,61,60,60,CCW,1,S,0,1,1
D7651658,435343,440995,1,1738,1798,0,61,60,60,CCW,1,S,0,0,0
D7651658,435344,440996,1,1734,1798,0,64,60,60,CCW,1,S,0,0,0
D7651658,435345,440997,1,1731,1798,0,67,60,60,CCW,1,S,0,0,0
D7651658,435346,440998,1,1731,1798,0,67,60,60,CCW,1,S,0,0,0
D7651658,435347,440999,1,1727,1798,0,71,60,60,CCW,1,S,0,0,0
D7651658,435348,441000,1,1726,1798,0,72,60,60,CCW,1,S,0,0,0
D7651658,435349,441001,1,1725,1798,0,73,60,60,CCW,1,S,0,0,0
D7651658,435350,441002,1,1717,1798,0,81,60,60,CCW,1,S,0,0,0
D7651658,435351,441003,1,1717,1798,0,81,60,60,CCW,1,S,0,0,0
D7651658,435352,441004,1,1714,1798,0,84,60,60,CCW,1,S,0,0,0
D7651658,435353,441005,1,1712,1798,0,86,60,60,CCW,1,S,0,0,0
D7651658,435354,441006,1,1711,1798,0,87,60,60,CCW,1,S,0,0,0
D7651658,435355,441007,1,1709,1798,0,89,60,60,CCW,1,S,0,0,0
D7651658,435356,441008,1,1706,1798,0,92,60,60,CCW,1,S,0,0,0
D7651658,435357,441009,1,1705,1798,0,93,60,60,CCW,1,S,0,0,0
D7651658,435358,441010,1,1704,1798,0,94,60,60,CCW,1,S,0,0,0
D7651658,435359,441011,1,1698,1798,0,100,60,60,CCW,1,S,0,0,0
D7651658,435360,441012,1,1696,1798,0,102,60,60,CCW,1,S,0,0,0
D7651658,435361,441013,1,1692,1798,0,106,60,60,CCW,1,S,0,0,0
D7651658,435362,441014,1,1689,1798,0,109,60,60,CCW,1,S,0,0,0
D7651658,435363,441015,1,1687,1798,0,111,60,60,CCW,1,S,0,0,0
D7651658,435364,441016,1,1684,1798,0,114,60,60,CCW,1,S,0,0,0
D7651658,435365,441017,1,1682,1798,0,116,60,60,CCW,1,S,0,0,0
D7651658,435366,441018,1,1680,1798,0,118,60,60,CCW,1,S,0,0,0
D7651658,435367,441019,1,1679,1798,0,119,60,60,CCW,1,S,0,0,0
D7651658,435368,441020,1,1677,1798,0,121,60,60,CCW,1,S,0,0,0
D7651658,435369,441021,1,1674,1798,0,124,60,60,CCW,1,S,0,0,0
D7651658,435370,441022,1,1673,1798,0,125,60,60,CCW,1,S,0,0,0
D7651658,435371,441023,1,1668,1798,0,130,60,60,CCW,1,S,0,0,0
D7651658,435372,441024,1,1667,1798,0,131,60,60,CCW,1,S,0,0,0
D7651658,435373,441025,1,1665,1798,0,133,60,60,CCW,1,S,0,0,0
D7651658,435374,441026,1,1662,1798,0,136,60,60,CCW,1,S,0,0,0
D7651658,435375,441027,1,1660,1798,0,138,60,60,CCW,1,S,0,0,0
D7651658,435376,441028,1,1657,1798,0,141,60,60,CCW,1,S,0,0,0
D7651658,435377,441029,1,1654,1798,0,144,60,60,CCW,1,S,0,0,0
D7651658,435378,441030,1,1651,1798,0,147,60,60,CCW,1,S,0,0,0
D7651658,435379,441031,1,1648,1798,0,150,60,60,CCW,1,S,0,0,0
D7651658,435380,441032,1,1649,1798,0,150,60,60,CCW,1,S,0,0,0
D7651658,435381,441033,1,1646,1798,0,152,60,60,CCW,1,S,0,0,0
D7651658,435382,441034,1,1645,1798,0,153,60,60,CCW,1,S,0,0,0
D7651658,435383,441035,1,1642,1798,0,156,60,60,CCW,1,S,0,0,0
D7651658,435384,441036,1,1639,1798,0,159,60,60,CCW,1,S,0,0,0
D7651658,435385,441037,1,1637,1798,0,161,60,60,CCW,1,S,0,0,0
D7651658,435386,441038,1,1634,1798,0,164,60,60,CCW,1,S,0,0,0
D7651658,435387,441039,1,1632,1798,0,166,60,60,CCW,1,S,0,0,0
D7651658,435388,441040,1,1630,1798,0,168,60,60,CCW,1,S,0,0,0
D7651658,435389,441041,1,1629,1798,0,169,60,60,CCW,1,S,0,0,0
D7651658,435390,441042,1,1627,1798,0,171,60,60,CCW,1,S,0,0,0
D7651658,435391,441043,1,1623,1798,0,175,60,60,CCW,1,S,0,0,0
D7651658,435392,441044,1,1624,1798,0,175,60,60,CCW,1,S,0,0,0
D7651658,435393,441045,1,1621,1798,0,177,60,60,CCW,1,S,0,0,0
D7651658,435394,441046,1,1618,1798,0,180,60,60,CCW,1,S,0,0,0
D7651658,435395,441047,1,1616,1798,0,182,60,60,CCW,1,S,0,0,0
D7651658,435396,441048,1,1615,1798,0,183,60,60,CCW,1,S,0,0,0
D7651658,435397,441049,1,1615,1798,0,183,60,60,CCW,1,S,0,0,0
D7651658,435398,441050,1,1613,1798,0,185,60,60,CCW,1,S,0,0,0
D7651658,435399,441051,1,1612,1798,0,186,60,60,CCW,1,S,0,0,0
D7651658,435400,441052,1,1611,1798,0,187,60,60,CCW,1,S,0,0,0
D7651658,435401,441053,1,1610,1798,0,188,60,60,CCW,1,S,0,0,0
D7651658,435402,441054,1,1610,1798,0,188,60,60,CCW,1,S,0,0,0
D7651658,435403,441055,1,1605,1798,0,193,60,60,CCW,1,S,0,0,0
D7651658,435404,441056,1,1604,1798,0,194,60,60,CCW,1,S,0,0,0
D7651658,435405,441057,1,1601,1798,0,197,60,60,CCW,1,S,0,0,0
D7651658,435406,441058,1,1601,1798,0,197,60,60,CCW,1,S,0,0,0
D7651658,435407,441059,1,1596,1798,0,202,60,60,CCW,1,S,0,0,0
D7651658,435408,441060,1,1599,1798,0,202,60,60,CCW,1,S,0,0,0
D7651658,435409,441061,1,1599,1798,0,202,60,60,CCW,1,S,0,0,0
D7651658,435410,441062,1,1597,1798,0,202,60,60,CCW,1,S,0,0,0
D7651658,435411,441063,1,1597,1798,0,202,60,60,CCW,1,S,0,0,0
D7651658,435412,441064,1,1596,1798,0,202,60,60,CCW,1,S,0,0,0
D7651658,435413,441065,1,1594,1798,0,204,60,60,CCW,1,S,0,0,0
D7651658,435414,441066,1,1601,1798,0,204,60,60,CCW,1,S,0,0,0
D7651658,435415,441067,1,1592,1798,0,206,60,60,CCW,1,S,0,0,0
D7651658,435416,441068,1,1589,1798,0,209,60,60,CCW,1,S,0,0,0
D7651658,435417,441069,1,1590,1798,0,209,60,60,CCW,1,S,0,0,0
D7651658,435418,441070,1,1589,1798,0,209,60,60,CCW,1,S,0,0,0
D7651658,435419,441071,1,1589,1798,0,209,60,60,CCW,1,S,0,0,0
D7651658,435420,441072,1,1588,1798,0,210,60,60,CCW,1,S,0,0,0
D7651658,435421,441073,1,1586,1798,0,212,60,60,CCW,1,S,0,0,0
D7651658,435422,441074,1,1586,1798,0,212,60,60,CCW,1,S,0,0,0
D7651658,435423,441075,1,1587,1798,0,212,60,60,CCW,1,S,0,0,0
D7651658,435424,441076,1,1585,1798,0,213,60,60,CCW,1,S,0,0,0
D7651658,435425,441077,1,1584,1798,0,214,60,60,CCW,1,S,0,0,0
D7651658,435426,441078,1,1585,1798,0,214,60,60,CCW,1,S,0,0,0
D7651658,435427,441079,1,1584,1798,0,214,60,60,CCW,1,S,0,0,0
D7651658,435428,441080,1,1584,1798,0,214,60,60,CCW,1,S,0,0,0
D7651658,435429,441081,1,1584,1798,0,214,60,60,CCW,1,S,0,0,0
D7651658,435430,441082,1,1583,1798,0,215,60,60,CCW,1,S,0,0,0
D7651658,435431,441083,1,1583,1798,0,215,60,60,CCW,1,S,0,0,0
D7651658,435432,441084,1,1584,1798,0,215,60,60,CCW,1,S,0,0,0
D7651658,435433,441085,1,1583,1798,0,215,60,60,CCW,1,S,0,0,0
D7651658,435434,441086,1,1582,1798,0,216,60,60,CCW,1,S,0,0,0
D7651658,435435,441087,1,1583,1798,0,216,60,60,CCW,1,S,0,0,0
D7651658,435436,441088,1,1584,1798,0,216,60,60,CCW,1,S,0,0,0
D7651658,435437,441089,1,1583,1798,0,216,60,60,CCW,1,S,0,0,0
D7651658,435438,441090,1,1583,1798,0,216,60,60,CCW,1,S,0,0,0
D7651658,435439,441091,1,1583,1798,0,216,60,60,CCW,1,S,0,0,0
D7651658,435440,441092,1,1585,1798,0,216,60,60,CCW,1,S,0,0,0
D7651658,435441,441093,1,1584,1798,0,216,60,60,CCW,1,S,0,0,0
D7651658,435442,441094,1,1584,1798,0,216,60,60,CCW,1,S,0,0,0
D7651658,435443,441095,1,1584,1798,0,216,60,60,CCW,1,S,0,0,0
D7651658,435444,441096,1,1584,1798,0,216,60,60,CCW,1,S,0,0,0
D7651658,435445,441097,1,1584,1798,0,216,60,60,CCW,1,S,0,0,0
D7651658,435446,441098,1,1585,1798,0,216,60,60,CCW,1,S,0,0,0
D7651658,435447,441099,1,1588,1798,0,216,60,60,CCW,1,S,0,0,0
D7651658,435448,441100,1,1586,1798,0,216,60,60,CCW,1,S,0,0,0
D7651658,435449,441101,1,1585,1798,0,216,60,60,CCW,1,S,0,0,0
D7651658,435450,441102,1,1587,1798,0,216,60,60,CCW,1,S,0,0,0
D7651658,435451,441103,1,1587,1798,0,216,60,60,CCW,1,S,0,0,0
D7651658,435452,441104,1,1588,1798,0,216,60,60,CCW,1,S,0,0,0
D7651658,435453,441105,1,1588,1798,0,216,60,60,CCW,1,S,0,0,0
D7651658,435454,441106,1,1589,1798,0,216,60,60,CCW,1,S,0,0,0
D7651658,435455,441107,1,1589,1798,0,216,60,60,CCW,1,S,0,0,0
D7651658,435456,441108,1,1592,1798,0,216,60,60,CCW,1,S,0,0,0
D7651658,435457,441109,1,1592,1798,0,216,60,60,CCW,1,S,0,0,0
D7651658,435458,441110,1,1594,1798,0,216,60,60,CCW,1,S,0,0,0
D7651658,435459,441111,1,1596,1798,0,216,60,60,CCW,1,S,0,0,0
D7651658,435460,441112,1,1597,1798,0,216,60,60,CCW,1,S,0,0,0
D7651658,435461,441113,1,1598,1798,0,216,60,60,CCW,1,S,0,0,0
D7651658,435462,441114,1,1599,1798,0,216,60,60,CCW,1,S,0,0,0
D7651658,435463,441115,1,1594,1798,0,216,60,60,CCW,1,S,0,0,0
D7651658,435464,441116,1,1600,1798,0,216,60,60,CCW,1,S,0,0,0
D7651658,435465,441117,1,1603,1798,0,216,60,60,CCW,1,S,0,0,0
D7651658,435466,441118,1,1606,1798,0,216,60,60,CCW,1,S,0,0,0
D7651658,435467,441119,1,1605,1798,0,216,60,60,CCW,1,S,0,0,0
D7651658,435468,441120,1,1606,1798,0,216,60,60,CCW,1,S,0,0,0
D7651658,435469,441121,1,1609,1798,0,216,60,60,CCW,1,S,0,0,0
D7651658,435470,441122,1,1611,1798,0,216,60,60,CCW,1,S,0,0,0
D7651658,435471,441123,1,1612,1798,0,216,60,60,CCW,1,S,0,0,0
D7651658,435472,441124,1,1613,1798,0,216,60,60,CCW,1,S,0,0,0
D7651658,435473,441125,1,1615,1798,0,216,60,60,CCW,1,S,0,0,0
D7651658,435474,441126,1,1617,1798,0,216,60,60,CCW,1,S,0,0,0
D7651658,435475,441127,1,1618,1798,0,216,60,60,CCW,1,S,0,0,0
D7651658,435476,441128,1,1621,1798,0,216,60,60,CCW,1,S,0,0,0
D7651658,435477,441129,1,1621,1798,0,216,60,60,CCW,1,S,0,0,0
D7651658,435478,441130,1,1623,1798,0,216,60,60,CCW,1,S,0,0,0
D7651658,435479,441131,1,1626,1798,0,216,60,60,CCW,1,S,0,0,0
D7651658,435480,441132,1,1629,1798,0,216,60,60,CCW,1,S,0,0,0
D7651658,435481,441133,1,1630,1798,0,216,60,60,CCW,1,S,0,0,0
D7651658,435482,441134,1,1632,1798,0,216,60,60,CCW,1,S,0,0,0
D7651658,435483,441135,1,1634,1798,0,216,60,60,CCW,1,S,0,0,0
D7651658,435484,441136,1,1638,1798,0,216,60,60,CCW,1,S,0,0,0
D7651658,435485,441137,1,1638,1798,0,216,60,60,CCW,1,S,0,0,0
D7651658,435486,441138,1,1642,1798,0,216,60,60,CCW,1,S,0,0,0
D7651658,435487,441139,1,1646,1798,0,216,60,60,CCW,1,S,0,0,0
D7651658,435488,441140,1,1645,1798,0,216,60,60,CCW,1,S,0,0,0
D7651658,435489,441141,1,1650,1798,0,216,60,60,CCW,1,S,0,0,0
D7651658,435490,441142,1,1651,1798,0,216,60,60,CCW,1,S,0,0,0
D7651658,435491,441143,1,1650,1798,0,216,60,60,CCW,1,S,0,0,0
D7651658,435492,441144,1,1654,1798,0,216,60,60,CCW,1,S,0,0,0
D7651658,435493,441145,1,1656,1798,0,216,60,60,CCW,1,S,0,0,0
D7651658,435494,441146,1,1660,1798,0,216,60,60,CCW,1,S,0,0,0
D7651658,435495,441147,1,1662,1798,0,216,60,60,CCW,1,S,0,0,0
D7651658,435496,441148,1,1664,1798,0,216,60,60,CCW,1,S,0,0,0
D7651658,435497,441149,1,1666,1798,0,216,60,60,CCW,1,S,0,0,0
D7651658,435498,441150,1,1669,1798,0,216,60,60,CCW,1,S,0,0,0
D7651658,435499,441151,1,1674,1798,0,216,60,60,CCW,1,S,0,0,0
D7651658,435500,441152,1,1679,1798,0,216,60,60,CCW,1,S,0,0,0
D7651658,435501,441153,1,1677,1798,0,216,60,60,CCW,1,S,0,0,0
D7651658,435502,441154,1,1681,1798,0,216,60,60,CCW,1,S,0,0,0
D7651658,435503,441155,1,1680,1798,0,216,60,60,CCW,1,S,0,0,0
D7651658,435504,441156,1,1682,1798,0,216,60,60,CCW,1,S,0,0,0
D7651658,435505,441157,1,1683,1798,0,216,60,60,CCW,1,S,0,0,0
D7651658,435506,441158,1,1686,1798,0,216,60,60,CCW,1,S,0,0,0
D7651658,435507,441159,1,1691,1798,0,216,60,60,CCW,1,S,0,0,0
D7651658,435508,441160,1,1689,1798,0,216,60,60,CCW,1,S,0,0,0
D7651658,435509,441161,1,1700,1798,0,216,60,60,CCW,1,S,0,0,0
D7651658,435510,441162,1,1698,1798,0,216,60,60,CCW,1,S,0,0,0
D7651658,435511,441163,1,1700,1798,0,216,60,60,CCW,1,S,0,0,0
D7651658,435512,441164,1,1702,1798,0,216,60,60,CCW,1,S,0,0,0
D7651658,435513,441165,1,1706,1798,0,216,60,60,CCW,1,S,0,0,0
D7651658,435514,441166,1,1709,1798,0,216,60,60,CCW,1,S,0,0,0
D7651658,435515,441167,1,1711,1798,0,216,60,60,CCW,1,S,0,0,0
D7651658,435516,441168,1,1712,1798,0,216,60,60,CCW,1,S,0,0,0
D7651658,435517,441169,1,1713,1798,0,216,60,60,CCW,1,S,0,0,0
D7651658,435518,441170,1,1715,1798,0,216,60,60,CCW,1,S,0,0,0
D7651658,435519,441171,1,1718,1798,0,216,60,60,CCW,1,S,0,0,0
D7651658,435520,441172,1,1723,1798,0,216,60,60,CCW,1,S,0,0,0
D7651658,435521,441173,1,1723,1798,0,216,60,60,CCW,1,S,0,0,0
D7651658,435522,441174,1,1725,1798,0,216,60,60,CCW,1,S,0,0,0
D7651658,435523,441175,1,1727,1798,0,216,60,60,CCW,1,S,0,0,0
D7651658,435524,441176,1,1730,1798,0,216,60,60,CCW,1,S,0,0,0
D7651658,435525,441177,1,1729,1798,0,216,60,60,CCW,1,S,0,0,0
D7651658,435526,441178,1,1731,1798,0,216,60,60,CCW,1,S,0,0,0
D7651658,435527,441179,1,1736,1798,0,216,60,60,CCW,1,S,0,0,0
D7651658,435528,441180,1,1738,1798,0,216,60,60,CCW,1,S,0,0,0
D7651658,435529,441181,1,1740,1798,0,216,60,60,CCW,1,S,0,0,0
D7651658,435530,441182,1,1741,1798,0,216,60,60,CCW,1,S,0,0,0
D7651658,435531,441183,1,1744,1798,0,216,60,60,CCW,1,S,0,0,0
D7651658,435532,441184,1,1745,1798,0,216,60,60,CCW,1,S,0,0,0
D7651658,435533,441185,1,1747,1798,0,216,60,60,CCW,1,S,0,0,0
D7651658,435534,441186,1,1747,1798,0,216,60,60,CCW,1,S,0,0,0
D7651658,435535,441187,1,1748,1798,0,216,60,60,CCW,1,S,0,0,0
D7651658,435536,441188,1,1751,1798,0,216,60,60,CCW,1,S,0,0,0
D7651658,435537,441189,1,1752,1798,0,216,60,60,CCW,1,S,0,0,0
D7651658,435538,441190,1,1756,1798,0,216,60,60,CCW,1,S,0,0,0
D7651658,435539,441191,1,1756,1798,0,216,60,60,CCW,1,S,0,0,0
D7651658,435540,441192,1,1758,1798,0,216,60,60,CCW,1,S,0,0,0
D7651658,435541,441193,1,1758,1798,0,216,60,60,CCW,1,S,0,0,0
D7651658,435542,441194,1,1760,1798,0,216,60,60,CCW,1,S,0,0,0
D7651658,435543,441195,1,1763,1798,0,216,60,60,CCW,1,S,0,0,0
D7651658,435544,441196,1,1763,1798,0,216,60,60,CCW,1,S,0,0,0
D7651658,435545,441197,1,1766,1798,0,216,60,60,CCW,1,S,0,0,0
D7651658,435546,441198,1,1765,1798,0,216,60,60,CCW,1,S,0,0,0
D7651658,435547,441199,1,1766,1798,0,216,60,60,CCW,1,S,0,0,0
D7651658,435548,441200,1,1769,1798,0,216,60,60,CCW,1,S,0,0,0
D7651658,435549,441201,1,1769,1798,0,216,60,60,CCW,1,S,0,0,0
D7651658,435550,441202,1,1772,1798,0,216,60,60,CCW,1,S,0,0,0
D7651658,435551,441203,1,1772,1798,0,216,60,60,CCW,1,S,0,0,0
D7651658,435552,441204,1,1774,1798,0,216,60,60,CCW,1,S,0,0,0
D7651658,435553,441205,1,1775,1798,0,216,60,60,CCW,1,S,0,0,0
D7651658,435554,441206,1,1775,1798,0,216,60,60,CCW,1,S,0,0,0
D7651658,435555,441207,1,1775,1798,0,216,60,60,CCW,1,S,0,0,0
D7651658,435556,441208,1,1776,1798,0,216,60,60,CCW,1,S,0,0,0
D7651658,435557,441209,1,1776,1798,0,216,60,60,CCW,1,S,0,0,0
D7651658,435558,441210,1,1777,1798,0,216,60,60,CCW,1,S,0,0,0
D7651658,435559,441211,1,1778,1798,0,216,60,60,CCW,1,S,0,0,0
D7651658,435560,441212,1,1777,1798,0,216,60,60,CCW,1,S,0,0,0
D7651658,435561,441213,1,1779,1798,0,216,60,60,CCW,1,S,0,0,0
D7651658,435562,441214,1,1787,1798,0,216,60,60,CCW,1,S,0,0,0
D7651658,435563,441215,1,1782,1798,0,216,60,60,CCW,1,S,0,0,0
D7651658,435564,441216,1,1781,1798,0,216,60,60,CCW,1,S,0,0,0
D7651658,435565,441217,1,1781,1798,0,216,60,60,CCW,1,S,0,0,0
D7651658,435566,441218,1,1785,1798,0,216,60,60,CCW,1,S,0,0,0
D7651658,435567,441219,1,1783,1798,0,216,60,60,CCW,1,S,0,0,0
D7651658,435568,441220,1,1785,1798,0,216,60,60,CCW,1,S,0,0,0
D7651658,435569,441221,1,1782,1798,0,216,60,60,CCW,1,S,0,0,0
D7651658,435570,441222,1,1794,1798,0,216,60,60,CCW,1,S,0,0,0
D7651658,435571,441223,1,1789,1798,0,216,60,60,CCW,1,S,0,0,0
D7651658,435572,441224,1,1788,1798,0,0,60,60,CCW,0,S,0,0,0
D7651658,435573,441225,1,1788,1798,0,0,60,60,CCW,0,S,0,0,0
D7651658,435574,441226,1,1788,1798,0,0,60,60,CCW,0,S,0,0,0
D7651658,435575,441227,1,1788,1798,0,0,60,60,CCW,0,S,0,0,0
D7651658,435576,441228,1,1790,1798,0,0,60,60,CCW,0,S,0,0,0
D7651658,435577,441229,1,1791,1798,0,0,60,60,CCW,0,S,0,0,0
D7651658,435578,441230,1,1791,1798,0,0,60,60,CCW,0,S,0,0,0
D7651658,435579,441231,1,1791,1798,0,0,60,60,CCW,0,S,0,0,0
D7651658,435580,441232,1,1790,1798,0,0,60,60,CCW,0,S,0,0,0
D7651658,435581,441233,1,1792,1798,0,0,60,60,CCW,0,S,0,0,0
D7651658,435582,441234,1,1792,1798,0,0,60,60,CCW,0,S,0,0,0
D7651658,435583,441235,1,1793,1798,0,0,60,60,CCW,0,S,0,0,0
D7651658,435584,441237,2,1792,1798,0,0,60,60,CCW,0,S,0,1,1
D7651658,435585,441238,1,1793,1798,0,0,60,60,CCW,0,S,0,0,0
D7651658,435586,441239,1,1794,1798,0,0,60,60,CCW,0,S,0,0,0
D7651658,435587,441240,1,1794,1798,0,0,60,60,CCW,0,S,0,0,0
D7651658,435588,441241,1,1794,1798,0,0,60,60,CCW,0,S,0,0,0
D7651658,435589,441242,1,1795,1798,0,0,60,60,CCW,0,S,0,0,0
D7651658,435590,441243,1,1795,1798,0,0,60,60,CCW,0,S,0,0,0
D7651658,435591,441244,1,1796,1798,0,0,60,60,CCW,0,S,0,0,0
D7651658,435592,441245,1,1796,1798,0,0,60,60,CCW,0,S,0,0,0
D7651658,435593,441246,1,1797,1798,0,0,60,60,CCW,0,S,0,0,0
D7651658,435594,441247,1,1795,1798,0,0,60,60,CCW,0,S,0,0,0
D7651658,435595,441248,1,1796,1798,0,0,60,60,CCW,0,S,0,0,0
D7651658,435596,441249,1,1798,1798,0,0,60,60,CCW,0,S,0,0,0
D7651658,435597,441250,1,1796,1798,0,0,60,60,CCW,0,S,0,0,0
D7651658,435598,441251,1,1797,1798,0,0,60,60,CCW,0,S,0,0,0
D7651658,435599,441252,1,1798,1798,0,0,60,60,CCW,0,S,0,0,0
D7651658,435600,441253,1,1798,1798,0,0,60,60,CCW,0,S,0,0,0
D7651658,435601,441254,1,1799,1798,0,0,60,60,CCW,0,S,0,0,0
D7651658,435602,441255,1,1798,1798,0,0,60,60,CCW,0,S,0,0,0
D7651658,435603,441256,1,1798,1798,0,0,60,60,CCW,0,S,0,0,0
D7651658,435604,441257,1,1800,1798,0,0,60,60,CCW,0,S,0,0,0
D7651658,435605,441260,3,1800,1798,0,0,60,60,CCW,0,S,0,1,2
D7651658,435606,441261,1,1800,1798,0,0,60,60,CCW,0,S,0,0,0
D7651658,435607,441262,1,1801,1798,0,0,60,60,CCW,0,S,0,0,0
D7651658,435608,441263,1,1798,1798,0,0,60,60,CCW,0,S,0,0,0
D7651658,435609,441264,1,1800,1798,0,0,60,60,CCW,0,S,0,0,0
D7651658,435610,441265,1,1801,1798,0,0,60,60,CCW,0,S,0,0,0
D7651658,435611,441266,1,1800,1798,0,0,60,60,CCW,0,S,0,0,0
D7651658,435612,441267,1,1802,1798,0,0,60,60,CCW,0,S,0,0,0
D7651658,435613,441268,1,1801,1798,0,0,60,60,CCW,0,S,0,0,0
D7651658,435614,441269,1,1802,1798,0,0,60,60,CCW,0,S,0,0,0
D7651658,435615,441270,1,1799,1798,0,0,60,60,CCW,0,S,0,0,0
D7651658,435616,441271,1,1801,1798,0,0,60,60,CCW,0,S,0,0,0
D7651658,435617,441272,1,1800,1798,0,0,60,60,CCW,0,S,0,0,0
D7651658,435618,441273,1,1801,1798,0,0,60,60,CCW,0,S,0,0,0
D7651658,435619,441274,1,1802,1798,0,0,60,60,CCW,0,S,0,0,0
D7651658,435620,441276,2,1802,1798,0,0,60,60,CCW,0,S,0,1,1
D7651658,435621,441277,1,1801,1798,0,0,60,60,CCW,0,S,0,0,0
D7651658,435622,441278,1,1802,1798,0,0,60,60,CCW,0,S,0,0,0
D7651658,435623,441279,1,1800,1798,0,0,60,60,CCW,0,S,0,0,0
D7651658,435624,441280,1,1801,1798,0,0,60,60,CCW,0,S,0,0,0
D7651658,435625,441281,1,1803,1798,0,0,60,60,CCW,0,S,0,0,0
D7651658,435626,441282,1,1802,1798,0,0,60,60,CCW,0,S,0,0,0
D7651658,435627,441283,1,1803,1798,0,0,60,60,CCW,0,S,0,0,0
D7651658,435628,441284,1,1804,1798,0,0,60,60,CCW,0,S,0,0,0
D7651658,435629,441285,1,1802,1798,0,0,60,60,CCW,0,S,0,0,0
D7651658,435630,441286,1,1802,1798,0,0,60,60,CCW,0,S,0,0,0
D7651658,435631,441287,1,1803,1798,0,0,60,60,CCW,0,S,0,0,0
D7651658,435632,441288,1,1802,1798,0,0,60,60,CCW,0,S,0,0,0
D7651658,435633,441289,1,1802,1798,0,0,60,60,CCW,0,S,0,0,0
D7651658,435634,441290,1,1800,1798,0,0,60,60,CCW,0,S,0,0,0
D7651658,435635,441291,1,1803,1798,0,0,60,60,CCW,0,S,0,0,0
D7651658,435636,441292,1,1803,1798,0,0,60,60,CCW,0,S,0,0,0
D7651658,435637,441293,1,1803,1798,0,0,60,60,CCW,0,S,0,0,0
D7651658,435638,441294,1,1802,1798,0,0,60,60,CCW,0,S,0,0,0
D7651658,435639,441295,1,1803,1798,0,0,60,60,CCW,0,S,0,0,0
D7651658,435640,441296,1,1809,1798,0,0,60,60,CCW,0,S,0,0,0
D7651658,435641,441297,1,1802,1798,0,0,60,60,CCW,0,S,0,0,0
D7651658,435642,441298,1,1803,1798,0,0,60,60,CCW,0,S,0,0,0
D7651658,435643,441299,1,1802,1798,0,0,60,60,CCW,0,S,0,0,0
D7651658,435644,441301,2,1802,1798,0,0,60,60,CCW,0,S,0,1,1
D7651658,435645,441302,1,1800,1798,0,0,60,60,CCW,0,S,0,0,0
D7651658,435646,441303,1,1804,1798,0,0,60,60,CCW,0,S,0,0,0
D7651658,435647,441304,1,1802,1798,0,0,60,60,CCW,0,S,0,0,0
D7651658,435648,441305,1,1803,1798,0,0,60,60,CCW,0,S,0,0,0
D7651658,435649,441306,1,1805,1798,0,0,60,60,CCW,0,S,0,0,0
D7651658,435650,441307,1,1804,1798,0,0,60,60,CCW,0,S,0,0,0
D7651658,435651,441308,1,1803,1798,0,0,60,60,CCW,0,S,0,0,0
D7651658,435652,441309,1,1803,1798,0,0,60,60,CCW,0,S,0,0,0
D7651658,435653,441310,1,1804,1798,0,0,60,60,CCW,0,S,0,0,0
D7651658,435654,441311,1,1803,1798,0,0,60,60,CCW,0,S,0,0,0
D7651658,435655,441312,1,1803,1798,0,0,60,60,CCW,0,S,0,0,0
D7651658,435656,441313,1,1804,1798,0,0,60,60,CCW,0,S,0,0,0
D7651658,435657,441314,1,1799,1798,0,0,60,60,CCW,0,S,0,0,0
D7651658,435658,441315,1,1804,1798,0,0,60,60,CCW,0,S,0,0,0
D7651658,435659,441316,1,1801,1798,0,0,60,60,CCW,0,S,0,0,0
D7651658,435660,441317,1,1801,1798,0,0,60,60,CCW,0,S,0,0,0
D7651658,435661,441318,1,1803,1798,0,0,60,60,CCW,0,S,0,0,0
D7651658,435662,441319,1,1803,1798,0,0,60,60,CCW,0,S,0,0,0
D7651658,435663,441320,1,1804,1798,0,0,60,60,CCW,0,S,0,0,0
D7651658,435664,441321,1,1802,1798,0,0,60,60,CCW,0,S,0,0,0
D7651658,435665,441322,1,1803,1798,0,0,60,60,CCW,0,S,0,0,0
D7651658,435666,441323,1,1803,1798,0,0,60,60,CCW,0,S,0,0,0
D7651658,435667,441324,1,1802,1798,0,0,60,60,CCW,0,S,0,0,0
D7651658,435668,441325,1,1803,1798,0,0,60,60,CCW,0,S,0,0,0
D7651658,435669,441326,1,1804,1798,0,0,60,60,CCW,0,S,0,0,0
D7651658,435670,441327,1,1804,1798,0,0,60,60,CCW,0,S,0,0,0
D7651658,435671,441328,1,1806,1798,0,0,60,60,CCW,0,S,0,0,0
D7651658,435672,441329,1,1802,1798,0,0,60,60,CCW,0,S,0,0,0
D7651658,435673,441330,1,1801,1798,0,0,60,60,CCW,0,S,0,0,0
D7651658,435674,441331,1,1803,1798,0,0,60,60,CCW,0,S,0,0,0
D7651658,435675,441332,1,1803,1798,0,0,60,60,CCW,0,S,0,0,0
D7651658,435676,441333,1,1803,1798,0,0,60,60,CCW,0,S,0,0,0
D7651658,435677,441334,1,1803,1798,0,0,60,60,CCW,0,S,0,0,0
D7651658,435678,441335,1,1803,1798,0,0,60,60,CCW,0,S,0,0,0
D7651658,435679,441336,1,1802,1798,0,0,60,60,CCW,0,S,0,0,0
D7651658,435680,441337,1,1804,1798,0,0,60,60,CCW,0,S,0,0,0
D7651658,435681,441338,1,1804,1798,0,0,60,60,CCW,0,S,0,0,0
D7651658,435682,441339,1,1803,1798,0,0,60,60,CCW,0,S,0,0,0
D7651658,435683,441340,1,1803,1798,0,0,60,60,CCW,0,S,0,0,0
D7651658,435684,441341,1,1805,1798,0,0,60,60,CCW,0,S,0,0,0
D7651658,435685,441342,1,1804,1798,0,0,60,60,CCW,0,S,0,0,0
D7651658,435686,441343,1,1803,1798,0,0,60,60,CCW,0,S,0,0,0
D7651658,435687,441344,1,1803,1798,0,0,60,60,CCW,0,S,0,0,0
D7651658,435688,441345,1,1802,1798,0,0,60,60,CCW,0,S,0,0,0
D7651658,435689,441346,1,1804,1798,0,0,60,60,CCW,0,S,0,0,0
D7651658,435690,441347,1,1803,1798,0,0,60,60,CCW,0,S,0,0,0
D7651658,435691,441348,1,1801,1798,0,0,60,60,CCW,0,S,0,0,0
D7651658,435692,441349,1,1804,1798,0,0,60,60,CCW,0,S,0,0,0
D7651658,435693,441350,1,1801,1798,0,0,60,60,CCW,0,S,0,0,0
D7651658,435694,441351,1,1802,1798,0,0,60,60,CCW,0,S,0,0,0
D7651658,435695,441352,1,1803,1798,0,0,60,60,CCW,0,S,0,0,0
D7651658,435696,441353,1,1803,1798,0,0,60,60,CCW,0,S,0,0,0
D7651658,435697,441354,1,1801,1798,0,0,60,60,CCW,0,S,0,0,0
D7651658,435698,441355,1,1803,1798,0,0,60,60,CCW,0,S,0,0,0
D7651658,435699,441356,1,1804,1798,0,0,60,60,CCW,0,S,0,0,0
D7651658,435700,441357,1,1803,1798,0,0,60,60,CCW,0,S,0,0,0
D7651658,435701,441358,1,1802,1798,0,0,60,60,CCW,0,S,0,0,0
D7651658,435702,441359,1,1802,1798,0,0,60,60,CCW,0,S,0,0,0
D7651658,435703,441360,1,1803,1798,0,0,60,60,CCW,0,S,0,0,0
D7651658,435704,441361,1,1801,1798,0,0,60,60,CCW,0,S,0,0,0
D7651658,435705,441362,1,1803,1798,0,0,60,60,CCW,0,S,0,0,0
D7651658,435706,441363,1,1802,1798,0,0,60,60,CCW,0,S,0,0,0
D7651658,435707,441364,1,1802,1798,0,0,60,60,CCW,0,S,0,0,0
D7651658,435708,441365,1,1816,1798,0,0,60,60,CCW,0,S,0,0,0
D7651658,435709,441366,1,1803,1798,0,0,60,60,CCW,0,S,0,0,0
D7651658,435710,441367,1,1802,1798,0,0,60,60,CCW,0,S,0,0,0
D7651658,435711,441368,1,1802,1798,0,0,60,60,CCW,0,S,0,0,0
D7651658,435712,441369,1,1802,1798,0,0,60,60,CCW,0,S,0,0,0
D7651658,435713,441370,1,1802,1798,0,0,60,60,CCW,0,S,0,0,0
D7651658,435714,441371,1,1804,1798,0,0,60,60,CCW,0,S,0,0,0
D7651658,435715,441372,1,1803,1798,0,0,60,60,CCW,0,S,0,0,0
D7651658,435716,441373,1,1802,1798,0,0,60,60,CCW,0,S,0,0,0
D7651658,435717,441374,1,1804,1798,0,0,60,60,CCW,0,S,0,0,0
D7651658,435718,441375,1,1799,1798,0,0,60,60,CCW,0,S,0,0,0
D7651658,435719,441376,1,1802,1798,0,0,60,60,CCW,0,S,0,0,0
D7651658,435720,441377,1,1802,1798,0,0,60,60,CCW,0,S,0,0,0
D7651658,435721,441378,1,1801,1798,0,0,60,60,CCW,0,S,0,0,0
D7651658,435722,441379,1,1800,1798,0,0,60,60,CCW,0,S,0,0,0
D7651658,435723,441380,1,1803,1798,0,0,60,60,CCW,0,S,0,0,0
D7651658,435724,441381,1,1802,1798,0,0,60,60,CCW,0,S,0,0,0
D7651658,435725,441382,1,1803,1798,0,0,60,60,CCW,0,S,0,0,0
D7651658,435726,441383,1,1802,1798,0,0,60,60,CCW,0,S,0,0,0
D7651658,435727,441384,1,1803,1798,0,0,60,60,CCW,0,S,0,0,0
D7651658,435728,441385,1,1800,1798,0,0,60,60,CCW,0,S,0,0,0
D7651658,435729,441386,1,1802,1798,0,0,60,60,CCW,0,S,0,0,0
D7651658,435730,441387,1,1799,1798,0,0,60,60,CCW,0,S,0,0,0
D7651658,435731,441388,1,1803,1798,0,0,60,60,CCW,0,S,0,0,0
D7651658,435732,441389,1,1802,1798,0,0,60,60,CCW,0,S,0,0,0
D7651658,435733,441390,1,1801,1798,0,0,60,60,CCW,0,S,0,0,0
D7651658,435734,441391,1,1801,1798,0,0,60,60,CCW,0,S,0,0,0
D7651658,435735,441392,1,1804,1798,0,0,60,60,CCW,0,S,0,0,0
D7651658,435736,441393,1,1804,1798,0,0,60,60,CCW,0,S,0,0,0
D7651658,435737,441394,1,1802,1798,0,0,60,60,CCW,0,S,0,0,0
D7651658,435738,441395,1,1801,1798,0,0,60,60,CCW,0,S,0,0,0
D7651658,435739,441396,1,1802,1798,0,0,60,60,CCW,0,S,0,0,0
D7651658,435740,441397,1,1803,1798,0,0,60,60,CCW,0,S,0,0,0
D7651658,435741,441398,1,1801,1798,0,0,60,60,CCW,0,S,0,0,0
D7651658,435742,441399,1,1803,1798,0,0,60,60,CCW,0,S,0,0,0
D7651658,435743,441400,1,1801,1798,0,0,60,60,CCW,0,S,0,0,0
D7651658,435744,441401,1,1801,1798,0,0,60,60,CCW,0,S,0,0,0
D7651658,435745,441402,1,1801,1798,0,0,60,60,CCW,0,S,0,0,0
D7651658,435746,441403,1,1802,1798,0,0,60,60,CCW,0,S,0,0,0
D7651658,435747,441404,1,1801,1798,0,0,60,60,CCW,0,S,0,0,0
D7651658,435748,441405,1,1802,1798,0,0,60,60,CCW,0,S,0,0,0
D7651658,435749,441406,1,1800,1798,0,0,60,60,CCW,0,S,0,0,0
D7651658,435750,441407,1,1803,1798,0,0,60,60,CCW,0,S,0,0,0
D7651658,435751,441408,1,1801,1798,0,0,60,60,CCW,0,S,0,0,0
D7651658,435752,441409,1,1803,1798,0,0,60,60,CCW,0,S,0,0,0
D7651658,435753,441410,1,1798,1798,0,0,60,60,CCW,0,S,0,0,0
D7651658,435754,441411,1,1802,1798,0,0,60,60,CCW,0,S,0,0,0
D7651658,435755,441412,1,1801,1798,0,0,60,60,CCW,0,S,0,0,0
D7651658,435756,441413,1,1798,1798,0,0,60,60,CCW,0,S,0,0,0
D7651658,435757,441414,1,1802,1798,0,0,60,60,CCW,0,S,0,0,0
D7651658,435758,441415,1,1802,1798,0,0,60,60,CCW,0,S,0,0,0
D7651658,435759,441416,1,1799,1798,0,0,60,60,CCW,0,S,0,0,0
D7651658,435760,441417,1,1802,1798,0,0,60,60,CCW,0,S,0,0,0
D7651658,435761,441418,1,1802,1798,0,0,60,60,CCW,0,S,0,0,0
D7651658,435762,441419,1,1801,1798,0,0,60,60,CCW,0,S,0,0,0
D7651658,435763,441420,1,1801,1798,0,0,60,60,CCW,0,S,0,0,0
D7651658,435764,441421,1,1800,1798,0,0,60,60,CCW,0,S,0,0,0
D7651658,435765,441422,1,1799,1798,0,0,60,60,CCW,0,S,0,0,0
D7651658,435766,441423,1,1807,1798,0,0,60,60,CCW,0,S,0,0,0
D7651658,435767,441424,1,1799,1798,0,0,60,60,CCW,0,S,0,0,0
D7651658,435768,441425,1,1801,1798,0,0,60,60,CCW,0,S,0,0,0
D7651658,435769,441426,1,1801,1798,0,0,60,60,CCW,0,S,0,0,0
D7651658,435770,441427,1,1802,1798,0,0,60,60,CCW,0,S,0,0,0
D7651658,435771,441428,1,1800,1798,0,0,60,60,CCW,0,S,0,0,0
D7651658,435772,441429,1,1800,1798,0,0,60,60,CCW,0,S,0,0,0
D7651658,435773,441430,1,1801,1798,0,0,60,60,CCW,0,S,0,0,0
D7651658,435774,441431,1,1801,1798,0,0,60,60,CCW,0,S,0,0,0
D7651658,435775,441432,1,1804,1798,0,0,60,60,CCW,0,S,0,0,0
D7651658,435776,441433,1,1801,1798,0,0,60,60,CCW,0,S,0,0,0
D7651658,435777,441434,1,1801,1798,0,0,60,60,CCW,0,S,0,0,0
D7651658,435778,441435,1,1800,1798,0,0,60,60,CCW,0,S,0,0,0
D7651658,435779,441436,1,1802,1798,0,0,60,60,CCW,0,S,0,0,0
D7651658,435780,441437,1,1801,1798,0,0,60,60,CCW,0,S,0,0,0
D7651658,435781,441438,1,1801,1798,0,0,60,60,CCW,0,S,0,0,0
D7651658,435782,441439,1,1801,1798,0,0,60,60,CCW,0,S,0,0,0
D7651658,435783,441440,1,1801,1798,0,0,60,60,CCW,0,S,0,0,0
D7651658,435784,441441,1,1801,1798,0,0,60,60,CCW,0,S,0,0,0
D7651658,435785,441442,1,1802,1798,0,0,60,60,CCW,0,S,0,0,0
D7651658,435786,441443,1,1800,1798,0,0,60,60,CCW,0,S,0,0,0
D7651658,435787,441444,1,1801,1798,0,0,60,60,CCW,0,S,0,0,0
D7651658,435788,441445,1,1799,1798,0,0,60,60,CCW,0,S,0,0,0
D7651658,435789,441446,1,1802,1798,0,0,60,60,CCW,0,S,0,0,0
D7651658,435790,441447,1,1802,1798,0,0,60,60,CCW,0,S,0,0,0
D7651658,435791,441448,1,1802,1798,0,0,60,60,CCW,0,S,0,0,0
D7651658,435792,441449,1,1800,1798,0,0,60,60,CCW,0,S,0,0,0
D7651658,435793,441450,1,1801,1798,0,0,60,60,CCW,0,S,0,0,0
D7651658,435794,441451,1,1800,1798,0,0,60,60,CCW,0,S,0,0,0
D7651658,435795,441452,1,1801,1798,0,0,60,60,CCW,0,S,0,0,0
D7651658,435796,441453,1,1802,1798,0,0,60,60,CCW,0,S,0,0,0
D7651658,435797,441454,1,1802,1798,0,0,60,60,CCW,0,S,0,0,0
D7651658,435798,441455,1,1800,1798,0,0,60,60,CCW,0,S,0,0,0
D7651658,435799,441456,1,1801,1798,0,0,60,60,CCW,0,S,0,0,0
D7651658,435800,441457,1,1802,1798,0,0,60,60,CCW,0,S,0,0,0
D7651658,435801,441458,1,1802,1798,0,0,60,60,CCW,0,S,0,0,0
D7651658,435802,441459,1,1800,1798,0,0,60,60,CCW,0,S,0,0,0
D7651658,435803,441460,1,1802,1798,0,0,60,60,CCW,0,S,0,0,0
D7651658,435804,441461,1,1800,1798,0,0,60,60,CCW,0,S,0,0,0
D7651658,435805,441463,2,1800,1798,0,0,60,60,CCW,0,S,0,1,1
D7651658,435806,441464,1,1802,1798,0,0,60,60,CCW,0,S,0,0,0
D7651658,435807,441465,1,1800,1798,0,0,60,60,CCW,0,S,0,0,0
D7651658,435808,441466,1,1800,1798,0,0,60,60,CCW,0,S,0,0,0
D7651658,435809,441467,1,1800,1798,0,0,60,60,CCW,0,S,0,0,0
D7651658,435810,441468,1,1800,1798,0,0,60,60,CCW,0,S,0,0,0
D7651658,435811,441469,1,1800,1798,0,0,60,60,CCW,0,S,0,0,0
D7651658,435812,441470,1,1800,1798,0,0,60,60,CCW,0,S,0,0,0
D7651658,435813,441471,1,1800,1798,0,0,60,60,CCW,0,S,0,0,0
D7651658,435814,441472,1,1802,1798,0,0,60,60,CCW,0,S,0,0,0
D7651658,435815,441473,1,1800,1798,0,0,60,60,CCW,0,S,0,0,0
D7651658,435816,441474,1,1802,1798,0,0,60,60,CCW,0,S,0,0,0
D7651658,435817,441475,1,1794,1798,0,0,60,60,CCW,0,S,0,0,0
D7651658,435818,441476,1,1801,1798,0,0,60,60,CCW,0,S,0,0,0
D7651658,435819,441478,2,1802,1798,0,0,60,60,CCW,0,S,0,1,1
D7651658,435820,441479,1,1801,1798,0,0,60,60,CCW,0,S,0,0,0
D7651658,435821,441480,1,1802,1798,0,0,60,60,CCW,0,S,0,0,0
D7651658,435822,441481,1,1801,1798,0,0,60,60,CCW,0,S,0,0,0
D7651658,435823,441482,1,1794,1798,0,0,60,60,CCW,0,S,0,0,0
D7651658,435824,441483,1,1799,1798,0,0,60,60,CCW,0,S,0,0,0
D7651658,435825,441484,1,1799,1798,0,0,60,60,CCW,0,S,0,0,0
D7651658,435826,441485,1,1799,1798,0,0,60,60,CCW,0,S,0,0,0
D7651658,435827,441486,1,1800,1798,0,0,60,60,CCW,0,S,0,0,0
D7651658,435828,441487,1,1800,1798,0,0,60,60,CCW,0,S,0,0,0
D7651658,435829,441488,1,1802,1798,0,0,60,60,CCW,0,S,0,0,0
D7651658,435830,441489,1,1802,1798,0,0,60,60,CCW,0,S,0,0,0
D7651658,435831,441490,1,1801,1798,0,0,60,60,CCW,0,S,0,0,0
D7651658,435832,441491,1,1800,1798,0,0,60,60,CCW,0,S,0,0,0
D7651658,435833,441492,1,1800,1798,0,0,60,60,CCW,0,S,0,0,0
D7651658,435834,441493,1,1799,1798,0,0,60,60,CCW,0,S,0,0,0
D7651658,435835,441494,1,1800,1798,0,0,60,60,CCW,0,S,0,0,0
D7651658,435836,441495,1,1800,1798,0,0,60,60,CCW,0,S,0,0,0
D7651658,435837,441496,1,1801,1798,0,0,60,60,CCW,0,S,0,0,0
D7651658,435838,441497,1,1800,1798,0,0,60,60,CCW,0,S,0,0,0
D7651658,435839,441498,1,1799,1798,0,0,60,60,CCW,0,S,0,0,0
D7651658,435840,441499,1,1802,1798,0,0,60,60,CCW,0,S,0,0,0
D7651658,435841,441500,1,1800,1798,0,0,60,60,CCW,0,S,0,0,0
D7651658,435842,441501,1,1801,1798,0,0,60,60,CCW,0,S,0,0,0
D7651658,435843,441502,1,1802,1798,0,0,60,60,CCW,0,S,0,0,0
D7651658,435844,441503,1,1801,1798,0,0,60,60,CCW,0,S,0,0,0
D7651658,435845,441504,1,1801,1798,0,0,60,60,CCW,0,S,0,0,0
D7651658,435846,441505,1,1803,1798,0,0,60,60,CCW,0,S,0,0,0
D7651658,435847,441506,1,1801,1798,0,0,60,60,CCW,0,S,0,0,0
D7651658,435848,441507,1,1800,1798,0,0,60,60,CCW,0,S,0,0,0
D7651658,435849,441508,1,1802,1798,0,0,60,60,CCW,0,S,0,0,0
D7651658,435850,441509,1,1799,1798,0,0,60,60,CCW,0,S,0,0,0
D7651658,435851,441510,1,1801,1798,0,0,60,60,CCW,0,S,0,0,0
D7651658,435852,441511,1,1800,1798,0,0,60,60,CCW,0,S,0,0,0
D7651658,435853,441512,1,1799,1798,0,0,60,60,CCW,0,S,0,0,0
D7651658,435854,441513,1,1799,1798,0,0,60,60,CCW,0,S,0,0,0
D7651658,435855,441514,1,1804,1798,0,0,60,60,CCW,0,S,0,0,0
D7651658,435856,441515,1,1800,1798,0,0,60,60,CCW,0,S,0,0,0
D7651658,435857,441516,1,1801,1798,0,0,60,60,CCW,0,S,0,0,0
D7651658,435858,441517,1,1800,1798,0,0,60,60,CCW,0,S,0,0,0
D7651658,435859,441518,1,1800,1798,0,0,60,60,CCW,0,S,0,0,0
D7651658,435860,441519,1,1801,1798,0,0,60,60,CCW,0,S,0,0,0
D7651658,435861,441520,1,1801,1798,0,0,60,60,CCW,0,S,0,0,0
D7651658,435862,441521,1,1800,1798,0,0,60,60,CCW,0,S,0,0,0
D7651658,435863,441522,1,1800,1798,0,0,60,60,CCW,0,S,0,0,0
D7651658,435864,441523,1,1813,1798,0,0,60,60,CCW,0,S,0,0,0
D7651658,435865,441524,1,1801,1798,0,0,60,60,CCW,0,S,0,0,0
D7651658,435866,441525,1,1800,1798,0,0,60,60,CCW,0,S,0,0,0
D7651658,435867,441526,1,1802,1798,0,0,60,60,CCW,0,S,0,0,0
D7651658,435868,441527,1,1800,1798,0,0,60,60,CCW,0,S,0,0,0
D7651658,435869,441528,1,1801,1798,0,0,60,60,CCW,0,S,0,0,0
D7651658,435870,441529,1,1800,1798,0,0,60,60,CCW,0,S,0,0,0
D7651658,435871,441530,1,1801,1798,0,0,60,60,CCW,0,S,0,0,0
D7651658,435872,441531,1,1800,1798,0,0,60,60,CCW,0,S,0,0,0
D7651658,435873,441532,1,1800,1798,0,0,60,60,CCW,0,S,0,0,0
D7651658,435874,441533,1,1801,1798,0,0,60,60,CCW,0,S,0,0,0
D7651658,435875,441534,1,1799,1798,0,0,60,60,CCW,0,S,0,0,0
D7651658,435876,441535,1,1801,1798,0,0,60,60,CCW,0,S,0,0,0
D7651658,435877,441536,1,1801,1798,0,0,60,60,CCW,0,S,0,0,0
D7651658,435878,441537,1,1800,1798,0,0,60,60,CCW,0,S,0,0,0
D7651658,435879,441538,1,1800,1798,0,0,60,60,CCW,0,S,0,0,0
D7651658,435880,441539,1,1801,1798,0,0,60,60,CCW,0,S,0,0,0
D7651658,435881,441540,1,1801,1798,0,0,60,60,CCW,0,S,0,0,0
D7651658,435882,441541,1,1800,1798,0,0,60,60,CCW,0,S,0,0,0
D7651658,435883,441542,1,1795,1798,0,0,60,60,CCW,0,S,0,0,0
D7651658,435884,441543,1,1800,1798,0,0,60,60,CCW,0,S,0,0,0
D7651658,435885,441544,1,1799,1798,0,0,60,60,CCW,0,S,0,0,0
D7651658,435886,441545,1,1797,1798,0,0,60,60,CCW,0,S,0,0,0
D7651658,435887,441546,1,1801,1798,0,0,60,60,CCW,0,S,0,0,0
D7651658,435888,441547,1,1802,1798,0,0,60,60,CCW,0,S,0,0,0
D7651658,435889,441548,1,1801,1798,0,0,60,60,CCW,0,S,0,0,0
D7651658,435890,441549,1,1798,1798,0,0,60,60,CCW,0,S,0,0,0
D7651658,435891,441550,1,1801,1798,0,0,60,60,CCW,0,S,0,0,0
D7651658,435892,441551,1,1800,1798,0,0,60,60,CCW,0,S,0,0,0
D7651658,435893,441552,1,1801,1798,0,0,60,60,CCW,0,S,0,0,0
D7651658,435894,441553,1,1800,1798,0,0,60,60,CCW,0,S,0,0,0
D7651658,435895,441554,1,1801,1798,0,0,60,60,CCW,0,S,0,0,0
D7651658,435896,441555,1,1801,1798,0,0,60,60,CCW,0,S,0,0,0
D7651658,435897,441556,1,1799,1798,0,0,60,60,CCW,0,S,0,0,0
D7651658,435898,441557,1,1802,1798,0,0,60,60,CCW,0,S,0,0,0
D7651658,435899,441558,1,1801,1798,0,0,60,60,CCW,0,S,0,0,0
D7651658,435900,441559,1,1800,1798,0,0,60,60,CCW,0,S,0,0,0
D7651658,435901,441560,1,1800,1798,0,0,60,60,CCW,0,S,0,0,0
D7651658,435902,441561,1,1798,1798,0,0,60,60,CCW,0,S,0,0,0
D7651658,435903,441562,1,1799,1798,0,0,60,60,CCW,0,S,0,0,0
D7651658,435904,441563,1,1799,1798,0,0,60,60,CCW,0,S,0,0,0
D7651658,435905,441564,1,1802,1798,0,0,60,60,CCW,0,S,0,0,0
D7651658,435906,441565,1,1801,1798,0,0,60,60,CCW,0,S,0,0,0
D7651658,435907,441566,1,1800,1798,0,0,60,60,CCW,0,S,0,0,0
D7651658,435908,441567,1,1800,1798,0,0,60,60,CCW,0,S,0,0,0
D7651658,435909,441568,1,1800,1798,0,0,60,60,CCW,0,S,0,0,0
D7651658,435910,441569,1,1800,1798,0,0,60,60,CCW,0,S,0,0,0
D7651658,435911,441570,1,1800,1798,0,0,60,60,CCW,0,S,0,0,0
D7651658,435912,441571,1,1799,1798,0,0,60,60,CCW,0,S,0,0,0
D7651658,435913,441572,1,1799,1798,0,0,60,60,CCW,0,S,0,0,0
D7651658,435914,441573,1,1801,1798,0,0,60,60,CCW,0,S,0,0,0
D7651658,435915,441574,1,1799,1798,0,0,60,60,CCW,0,S,0,0,0
D7651658,435916,441575,1,1800,1798,0,0,60,60,CCW,0,S,0,0,0
D7651658,435917,441576,1,1799,1798,0,0,60,60,CCW,0,S,0,0,0
D7651658,435918,441577,1,1798,1798,0,0,60,60,CCW,0,S,0,0,0
D7651658,435919,441578,1,1798,1798,0,0,60,60,CCW,0,S,0,0,0
D7651658,435920,441579,1,1795,1798,0,0,60,60,CCW,0,S,0,0,0
D7651658,435921,441580,1,1798,1798,0,0,60,60,CCW,0,S,0,0,0
D7651658,435922,441581,1,1799,1798,0,0,60,60,CCW,0,S,0,0,0
D7651658,435923,441582,1,1800,1798,0,0,60,60,CCW,0,S,0,0,0
D7651658,435924,441583,1,1799,1798,0,0,60,60,CCW,0,S,0,0,0
D7651658,435925,441584,1,1800,1798,0,0,60,60,CCW,0,S,0,0,0
D7651658,435926,441585,1,1800,1798,0,0,60,60,CCW,0,S,0,0,0
D7651658,435927,441586,1,1800,1798,0,0,60,60,CCW,0,S,0,0,0
D7651658,435928,441587,1,1799,1798,0,0,60,60,CCW,0,S,0,0,0
D7651658,435929,441588,1,1800,1798,0,0,60,60,CCW,0,S,0,0,0
D7651658,435930,441589,1,1796,1798,0,0,60,60,CCW,0,S,0,0,0
D7651658,435931,441590,1,1800,1798,0,0,60,60,CCW,0,S,0,0,0
D7651658,435932,441591,1,1799,1798,0,0,60,60,CCW,0,S,0,0,0
D7651658,435933,441592,1,1799,1798,0,0,60,60,CCW,0,S,0,0,0
D7651658,435934,441593,1,1801,1798,0,0,60,60,CCW,0,S,0,0,0
D7651658,435935,441594,1,1800,1798,0,0,60,60,CCW,0,S,0,0,0
D7651658,435936,441595,1,1800,1798,0,0,60,60,CCW,0,S,0,0,0
D7651658,435937,441596,1,1799,1798,0,0,60,60,CCW,0,S,0,0,0
D7651658,435938,441597,1,1799,1798,0,0,60,60,CCW,0,S,0,0,0
D7651658,435939,441598,1,1797,1798,0,0,60,60,CCW,0,S,0,0,0
D7651658,435940,441599,1,1801,1798,0,0,60,60,CCW,0,S,0,0,0
D7651658,435941,441600,1,1800,1798,0,0,60,60,CCW,0,S,0,0,0
D7651658,435942,441601,1,1799,1798,0,0,60,60,CCW,0,S,0,0,0
D7651658,435943,441602,1,1800,1798,0,0,60,60,CCW,0,S,0,0,0
D7651658,435944,441603,1,1800,1798,0,0,60,60,CCW,0,S,0,0,0
D7651658,435945,441604,1,1800,1798,0,0,60,60,CCW,0,S,0,0,0
D7651658,435946,441605,1,1800,1798,0,0,60,60,CCW,0,S,0,0,0
D7651658,435947,441606,1,1800,1798,0,0,60,60,CCW,0,S,0,0,0
D7651658,435948,441607,1,1800,1798,0,0,60,60,CCW,0,S,0,0,0
D7651658,435949,441608,1,1799,1798,0,0,60,60,CCW,0,S,0,0,0
D7651658,435950,441610,2,1800,1798,0,0,60,60,CCW,0,S,0,1,1
D7651658,435951,441611,1,1800,1798,0,0,60,60,CCW,0,S,0,0,0
D7651658,435952,441612,1,1799,1798,0,0,60,60,CCW,0,S,0,0,0
D7651658,435953,441613,1,1799,1798,0,0,60,60,CCW,0,S,0,0,0
D7651658,435954,441614,1,1800,1798,0,0,60,60,CCW,0,S,0,0,0
D7651658,435955,441615,1,1803,1798,0,0,60,60,CCW,0,S,0,0,0
D7651658,435956,441616,1,1800,1798,0,0,60,60,CCW,0,S,0,0,0
D7651658,435957,441617,1,1822,1798,0,0,60,60,CCW,0,S,0,0,0
D7651658,435958,441618,1,1800,1798,0,0,60,60,CCW,0,S,0,0,0
D7651658,435959,441619,1,1800,1798,0,0,60,60,CCW,0,S,0,0,0
D7651658,435960,441620,1,1800,1798,0,0,60,60,CCW,0,S,0,0,0
D7651658,435961,441621,1,1801,1798,0,0,60,60,CCW,0,S,0,0,0
D7651658,435962,441622,1,1802,1798,0,0,60,60,CCW,0,S,0,0,0
D7651658,435963,441623,1,1801,1798,0,0,60,60,CCW,0,S,0,0,0
D7651658,435964,441624,1,1800,1798,0,0,60,60,CCW,0,S,0,0,0
D7651658,435965,441625,1,1797,1798,0,0,60,60,CCW,0,S,0,0,0
D7651658,435966,441626,1,1798,1798,0,0,60,60,CCW,0,S,0,0,0
D7651658,435967,441627,1,1801,1798,0,0,60,60,CCW,0,S,0,0,0
D7651658,435968,441628,1,1800,1798,0,0,60,60,CCW,0,S,0,0,0
D7651658,435969,441629,1,1798,1798,0,0,60,60,CCW,0,S,0,0,0
D7651658,435970,441630,1,1797,1798,0,0,60,60,CCW,0,S,0,0,0
D7651658,435971,441631,1,1800,1798,0,0,60,60,CCW,0,S,0,0,0
D7651658,435972,441632,1,1805,1798,0,0,60,60,CCW,0,S,0,0,0
D7651658,435973,441633,1,1798,1798,0,0,60,60,CCW,0,S,0,0,0
D7651658,435974,441634,1,1801,1798,0,0,60,60,CCW,0,S,0,0,0
D7651658,435975,441635,1,1799,1798,0,0,60,60,CCW,0,S,0,0,0
D7651658,435976,441636,1,1802,1798,0,0,60,60,CCW,0,S,0,0,0
D7651658,435977,441637,1,1800,1798,0,0,60,60,CCW,0,S,0,0,0
D7651658,435978,441638,1,1800,1798,0,0,60,60,CCW,0,S,0,0,0
D7651658,435979,441639,1,1799,1798,0,0,60,60,CCW,0,S,0,0,0
D7651658,435980,441640,1,1801,1798,0,0,60,60,CCW,0,S,0,0,0
D7651658,435981,441641,1,1799,1798,0,0,60,60,CCW,0,S,0,0,0
D7651658,435982,441642,1,1799,1798,0,0,60,60,CCW,0,S,0,0,0
D7651658,435983,441643,1,1798,1798,0,0,60,60,CCW,0,S,0,0,0
D7651658,435984,441644,1,1799,1798,0,0,60,60,CCW,0,S,0,0,0
D7651658,435985,441645,1,1800,1798,0,0,60,60,CCW,0,S,0,0,0
D7651658,435986,441646,1,1801,1798,0,0,60,60,CCW,0,S,0,0,0
D7651658,435987,441647,1,1798,1798,0,0,60,60,CCW,0,S,0,0,0
D7651658,435988,441648,1,1799,1798,0,0,60,60,CCW,0,S,0,0,0
D7651658,435989,441649,1,1799,1798,0,0,60,60,CCW,0,S,0,0,0
D7651658,435990,441650,1,1798,1798,0,0,60,60,CCW,0,S,0,0,0
D7651658,435991,441651,1,1799,1798,0,0,60,60,CCW,0,S,0,0,0
D7651658,435992,441652,1,1800,1798,0,0,60,60,CCW,0,S,0,0,0
D7651658,435993,441653,1,1799,1798,0,0,60,60,CCW,0,S,0,0,0
D7651658,435994,441654,1,1798,1798,0,0,60,60,CCW,0,S,0,0,0
D7651658,435995,441655,1,1799,1798,0,0,60,60,CCW,0,S,0,0,0
D7651658,435996,441656,1,1799,1798,0,0,60,60,CCW,0,S,0,0,0
D7651658,435997,441657,1,1799,1798,0,0,60,60,CCW,0,S,0,0,0
D7651658,435998,441658,1,1799,1798,0,0,60,60,CCW,0,S,0,0,0
D7651658,435999,441659,1,1799,1798,0,0,60,60,CCW,0,S,0,0,0
D7651658,436000,441660,1,1801,1798,0,0,60,60,CCW,0,S,0,0,0
D7651658,436001,441661,1,1798,1798,0,0,60,60,CCW,0,S,0,0,0
D7651658,436002,441662,1,1797,1798,0,0,60,60,CCW,0,S,0,0,0
D7651658,436003,441663,1,1800,1798,0,0,60,60,CCW,0,S,0,0,0
D7651658,436004,441664,1,1799,1798,0,0,60,60,CCW,0,S,0,0,0
D7651658,436005,441665,1,1800,1798,0,0,60,60,CCW,0,S,0,0,0
D7651658,436006,441666,1,1798,1798,0,0,60,60,CCW,0,S,0,0,0
D7651658,436007,441667,1,1799,1798,0,0,60,60,CCW,0,S,0,0,0
D7651658,436008,441668,1,1799,1798,0,0,60,60,CCW,0,S,0,0,0
D7651658,436009,441669,1,1800,1798,0,0,60,60,CCW,0,S,0,0,0
D7651658,436010,441670,1,1799,1798,0,0,60,60,CCW,0,S,0,0,0
D7651658,436011,441671,1,1796,1798,0,0,60,60,CCW,0,S,0,0,0
D7651658,436012,441672,1,1799,1798,0,0,60,60,CCW,0,S,0,0,0
D7651658,436013,441673,1,1801,1798,0,0,60,60,CCW,0,S,0,0,0
D7651658,436014,441674,1,1798,1798,0,0,60,60,CCW,0,S,0,0,0
D7651658,436015,441675,1,1800,1798,0,0,60,60,CCW,0,S,0,0,0
D7651658,436016,441676,1,1798,1798,0,0,60,60,CCW,0,S,0,0,0
D7651658,436017,441677,1,1799,1798,0,0,60,60,CCW,0,S,0,0,0
D7651658,436018,441678,1,1800,1798,0,0,60,60,CCW,0,S,0,0,0
D7651658,436019,441679,1,1799,1798,0,0,60,60,CCW,0,S,0,0,0
D7651658,436020,441680,1,1799,1798,0,0,60,60,CCW,0,S,0,0,0
D7651658,436021,441681,1,1800,1798,0,0,60,60,CCW,0,S,0,0,0
D7651658,436022,441682,1,1799,1798,0,0,60,60,CCW,0,S,0,0,0
D7651658,436023,441683,1,1798,1798,0,0,60,60,CCW,0,S,0,0,0
D7651658,436024,441684,1,1799,1798,0,0,60,60,CCW,0,S,0,0,0
D7651658,436025,441685,1,1800,1798,0,0,60,60,CCW,0,S,0,0,0
D7651658,436026,441686,1,1800,1798,0,0,60,60,CCW,0,S,0,0,0
D7651658,436027,441687,1,1799,1798,0,0,60,60,CCW,0,S,0,0,0
D7651658,436028,441688,1,1802,1798,0,0,60,60,CCW,0,S,0,0,0
D7651658,436029,441689,1,1799,1798,0,0,60,60,CCW,0,S,0,0,0
D7651658,436030,441690,1,1801,1798,0,0,60,60,CCW,0,S,0,0,0
D7651658,436031,441691,1,1802,1798,0,0,60,60,CCW,0,S,0,0,0
D7651658,436032,441692,1,1795,1798,0,0,60,60,CCW,0,S,0,0,0
D7651658,436033,441693,1,1799,1798,0,0,60,60,CCW,0,S,0,0,0
D7651658,436034,441694,1,1800,1798,0,0,60,60,CCW,0,S,0,0,0
D7651658,436035,441695,1,1799,1798,0,0,60,60,CCW,0,S,0,0,0
D7651658,436036,441696,1,1799,1798,0,0,60,60,CCW,0,S,0,0,0
D7651658,436037,441697,1,1800,1798,0,0,60,60,CCW,0,S,0,0,0
D7651658,436038,441698,1,1800,1798,0,0,60,60,CCW,0,S,0,0,0
D7651658,436039,441699,1,1799,1798,0,0,60,60,CCW,0,S,0,0,0
D7651658,436040,441700,1,1801,1798,0,0,60,60,CCW,0,S,0,0,0
D7651658,436041,441701,1,1801,1798,0,0,60,60,CCW,0,S,0,0,0
D7651658,436042,441702,1,1799,1798,0,0,60,60,CCW,0,S,0,0,0
D7651658,436043,441703,1,1801,1798,0,0,60,60,CCW,0,S,0,0,0
D7651658,436044,441704,1,1803,1798,0,0,60,60,CCW,0,S,0,0,0
D7651658,436045,441705,1,1799,1798,0,0,60,60,CCW,0,S,0,0,0
D7651658,436046,441706,1,1799,1798,0,0,60,60,CCW,0,S,0,0,0
D7651658,436047,441707,1,1800,1798,0,0,60,60,CCW,0,S,0,0,0
D7651658,436048,441708,1,1802,1798,0,0,60,60,CCW,0,S,0,0,0
D7651658,436049,441709,1,1799,1798,0,0,60,60,CCW,0,S,0,0,0
D7651658,436050,441711,2,1799,1798,0,0,60,60,CCW,0,S,0,1,1
D7651658,436051,441712,1,1799,1798,0,0,60,60,CCW,0,S,0,0,0
D7651658,436052,441713,1,1804,1798,0,0,60,60,CCW,0,S,0,0,0
D7651658,436053,441714,1,1800,1798,0,0,60,60,CCW,0,S,0,0,0
D7651658,436054,441715,1,1798,1798,0,0,60,60,CCW,0,S,0,0,0
D7651658,436055,441716,1,1799,1798,0,0,60,60,CCW,0,S,0,0,0
D7651658,436056,441717,1,1801,1798,0,0,60,60,CCW,0,S,0,0,0
D7651658,436057,441718,1,1798,1798,0,0,60,60,CCW,0,S,0,0,0
D7651658,436058,441719,1,1801,1798,0,0,60,60,CCW,0,S,0,0,0
D7651658,436059,441720,1,1800,1798,0,0,60,60,CCW,0,S,0,0,0
D7651658,436060,441721,1,1799,1798,0,0,60,60,CCW,0,S,0,0,0
D7651658,436061,441722,1,1800,1798,0,0,60,60,CCW,0,S,0,0,0
D7651658,436062,441723,1,1800,1798,0,0,60,60,CCW,0,S,0,0,0
D7651658,436063,441724,1,1798,1798,0,0,60,60,CCW,0,S,0,0,0
D7651658,436064,441725,1,1801,1798,0,0,60,60,CCW,0,S,0,0,0
D7651658,436065,441726,1,1800,1798,0,0,60,60,CCW,0,S,0,0,0
D7651658,436066,441727,1,1799,1798,0,0,60,60,CCW,0,S,0,0,0
D7651658,436067,441728,1,1802,1798,0,0,60,60,CCW,0,S,0,0,0
D7651658,436068,441729,1,1800,1798,0,0,60,60,CCW,0,S,0,0,0
D7651658,436069,441730,1,1801,1798,0,0,60,60,CCW,0,S,0,0,0
D7651658,436070,441731,1,1800,1798,0,0,60,60,CCW,0,S,0,0,0
D7651658,436071,441732,1,1801,1798,0,0,60,60,CCW,0,S,0,0,0
D7651658,436072,441733,1,1798,1798,0,0,60,60,CCW,0,S,0,0,0
D7651658,436073,441734,1,1800,1798,0,0,60,60,CCW,0,S,0,0,0
D7651658,436074,441735,1,1799,1798,0,0,60,60,CCW,0,S,0,0,0
D7651658,436075,441736,1,1800,1798,0,0,60,60,CCW,0,S,0,0,0
D7651658,436076,441737,1,1801,1798,0,0,60,60,CCW,0,S,0,0,0
D7651658,436077,441738,1,1800,1798,0,0,60,60,CCW,0,S,0,0,0
D7651658,436078,441739,1,1794,1798,0,0,60,60,CCW,0,S,0,0,0
D7651658,436079,441740,1,1798,1798,0,0,60,60,CCW,0,S,0,0,0
D7651658,436080,441741,1,1801,1798,0,0,60,60,CCW,0,S,0,0,0
D7651658,436081,441742,1,1801,1798,0,0,60,60,CCW,0,S,0,0,0
D7651658,436082,441743,1,1797,1798,0,0,60,60,CCW,0,S,0,0,0
D7651658,436083,441744,1,1801,1798,0,0,60,60,CCW,0,S,0,0,0
D7651658,436084,441745,1,1801,1798,0,0,60,60,CCW,0,S,0,0,0
D7651658,436085,441746,1,1799,1798,0,0,60,60,CCW,0,S,0,0,0
D7651658,436086,441747,1,1799,1798,0,0,60,60,CCW,0,S,0,0,0
D7651658,436087,441748,1,1800,1798,0,0,60,60,CCW,0,S,0,0,0
D7651658,436088,441749,1,1800,1798,0,0,60,60,CCW,0,S,0,0,0
D7651658,436089,441750,1,1799,1798,0,0,60,60,CCW,0,S,0,0,0
D7651658,436090,441751,1,1803,1798,0,0,60,60,CCW,0,S,0,0,0
D7651658,436091,441752,1,1800,1798,0,0,60,60,CCW,0,S,0,0,0
D7651658,436092,441753,1,1800,1798,0,0,60,60,CCW,0,S,0,0,0
D7651658,436093,441754,1,1800,1798,0,0,60,60,CCW,0,S,0,0,0
D7651658,436094,441755,1,1800,1798,0,0,60,60,CCW,0,S,0,0,0
D7651658,436095,441756,1,1799,1798,0,0,60,60,CCW,0,S,0,0,0
D7651658,436096,441757,1,1799,1798,0,0,60,60,CCW,0,S,0,0,0
D7651658,436097,441758,1,1799,1798,0,0,60,60,CCW,0,S,0,0,0
D7651658,436098,441759,1,1799,1798,0,0,60,60,CCW,0,S,0,0,0
D7651658,436099,441760,1,1799,1798,0,0,60,60,CCW,0,S,0,0,0
D7651658,436100,441761,1,1799,1798,0,0,60,60,CCW,0,S,0,0,0
D7651658,436101,441762,1,1798,1798,0,0,60,60,CCW,0,S,0,0,0
D7651658,436102,441763,1,1800,1798,0,0,60,60,CCW,0,S,0,0,0
D7651658,436103,441764,1,1799,1798,0,0,60,60,CCW,0,S,0,0,0
D7651658,436104,441765,1,1800,1798,0,0,60,60,CCW,0,S,0,0,0
D7651658,436105,441766,1,1799,1798,0,0,60,60,CCW,0,S,0,0,0
D7651658,436106,441767,1,1799,1798,0,0,60,60,CCW,0,S,0,0,0
D7651658,436107,441768,1,1799,1798,0,0,60,60,CCW,0,S,0,0,0
D7651658,436108,441769,1,1800,1798,0,0,60,60,CCW,0,S,0,0,0
D7651658,436109,441770,1,1799,1798,0,0,60,60,CCW,0,S,0,0,0
D7651658,436110,441771,1,1800,1798,0,0,60,60,CCW,0,S,0,0,0
D7651658,436111,441772,1,1800,1798,0,0,60,60,CCW,0,S,0,0,0
D7651658,436112,441773,1,1799,1798,0,0,60,60,CCW,0,S,0,0,0
D7651658,436113,441774,1,1800,1798,0,0,60,60,CCW,0,S,0,0,0
D7651658,436114,441775,1,1800,1798,0,0,60,60,CCW,0,S,0,0,0
D7651658,436115,441776,1,1797,1798,0,0,60,60,CCW,0,S,0,0,0
D7651658,436116,441777,1,1800,1798,0,0,60,60,CCW,0,S,0,0,0
D7651658,436117,441778,1,1800,1798,0,0,60,60,CCW,0,S,0,0,0
D7651658,436118,441779,1,1800,1798,0,0,60,60,CCW,0,S,0,0,0
D7651658,436119,441780,1,1800,1798,0,0,60,60,CCW,0,S,0,0,0
D7651658,436120,441781,1,1798,1798,0,0,60,60,CCW,0,S,0,0,0
D7651658,436121,441782,1,1799,1798,0,0,60,60,CCW,0,S,0,0,0
D7651658,436122,441783,1,1799,1798,0,0,60,60,CCW,0,S,0,0,0
D7651658,436123,441784,1,1799,1798,0,0,60,60,CCW,0,S,0,0,0
D7651658,436124,441785,1,1799,1798,0,0,60,60,CCW,0,S,0,0,0
D7651658,436125,441786,1,1799,1798,0,0,60,60,CCW,0,S,0,0,0
D7651658,436126,441787,1,1798,1798,0,0,60,60,CCW,0,S,0,0,0
D7651658,436127,441788,1,1798,1798,0,0,60,60,CCW,0,S,0,0,0
D7651658,436128,441789,1,1800,1798,0,0,60,60,CCW,0,S,0,0,0
D7651658,436129,441790,1,1801,1798,0,0,60,60,CCW,0,S,0,0,0
D7651658,436130,441791,1,1799,1798,0,0,60,60,CCW,0,S,0,0,0
D7651658,436131,441792,1,1799,1798,0,0,60,60,CCW,0,S,0,0,0
D7651658,436132,441793,1,1798,1798,0,0,60,60,CCW,0,S,0,0,0
D7651658,436133,441794,1,1799,1798,0,0,60,60,CCW,0,S,0,0,0
D7651658,436134,441795,1,1799,1798,0,0,60,60,CCW,0,S,0,0,0
D7651658,436135,441796,1,1798,1798,0,0,60,60,CCW,0,S,0,0,0
D7651658,436136,441797,1,1799,1798,0,0,60,60,CCW,0,S,0,0,0
D7651658,436137,441798,1,1798,1798,0,0,60,60,CCW,0,S,0,0,0
D7651658,436138,441799,1,1798,1798,0,0,60,60,CCW,0,S,0,0,0
D7651658,436139,441800,1,1808,1798,0,0,60,60,CCW,0,S,0,0,0
D7651658,436140,441801,1,1799,1798,0,0,60,60,CCW,0,S,0,0,0
D7651658,436141,441802,1,1799,1798,0,0,60,60,CCW,0,S,0,0,0
D7651658,436142,441803,1,1800,1798,0,0,60,60,CCW,0,S,0,0,0
D7651658,436143,441804,1,1799,1798,0,0,60,60,CCW,0,S,0,0,0
D7651658,436144,441805,1,1799,1798,0,0,60,60,CCW,0,S,0,0,0
D7651658,436145,441806,1,1798,1798,0,0,60,60,CCW,0,S,0,0,0
D7651658,436146,441807,1,1799,1798,0,0,60,60,CCW,0,S,0,0,0
D7651658,436147,441808,1,1802,1798,0,0,60,60,CCW,0,S,0,0,0
D7651658,436148,441809,1,1798,1798,0,0,60,60,CCW,0,S,0,0,0
D7651658,436149,441810,1,1800,1798,0,0,60,60,CCW,0,S,0,0,0
D7651658,436150,441811,1,1800,1798,0,0,60,60,CCW,0,S,0,0,0
D7651658,436151,441812,1,1798,1798,0,0,60,60,CCW,0,S,0,0,0
D7651658,436152,441813,1,1801,1798,0,0,60,60,CCW,0,S,0,0,0
D7651658,436153,441814,1,1799,1798,0,0,60,60,CCW,0,S,0,0,0
D7651658,436154,441815,1,1800,1798,0,0,60,60,CCW,0,S,0,0,0
D7651658,436155,441816,1,1800,1798,0,0,60,60,CCW,0,S,0,0,0
D7651658,436156,441817,1,1799,1798,0,0,60,60,CCW,0,S,0,0,0
D7651658,436157,441818,1,1799,1798,0,0,60,60,CCW,0,S,0,0,0
D7651658,436158,441819,1,1798,1798,0,0,60,60,CCW,0,S,0,0,0
D7651658,436159,441820,1,1800,1798,0,0,60,60,CCW,0,S,0,0,0
D7651658,436160,441821,1,1813,1798,0,0,60,60,CCW,0,S,0,0,0
D7651658,436161,441822,1,1799,1798,0,0,60,60,CCW,0,S,0,0,0
D7651658,436162,441823,1,1798,1798,0,0,60,60,CCW,0,S,0,0,0
D7651658,436163,441824,1,1799,1798,0,0,60,60,CCW,0,S,0,0,0
D7651658,436164,441825,1,1799,1798,0,0,60,60,CCW,0,S,0,0,0
D7651658,436165,441826,1,1801,1798,0,0,60,60,CCW,0,S,0,0,0
D7651658,436166,441827,1,1800,1798,0,0,60,60,CCW,0,S,0,0,0
D7651658,436167,441828,1,1798,1798,0,0,60,60,CCW,0,S,0,0,0
D7651658,436168,441829,1,1800,1798,0,0,60,60,CCW,0,S,0,0,0
D7651658,436169,441830,1,1797,1798,0,0,60,60,CCW,0,S,0,0,0
D7651658,436170,441831,1,1800,1798,0,0,60,60,CCW,0,S,0,0,0
D7651658,436171,441832,1,1799,1798,0,0,60,60,CCW,0,S,0,0,0
D7651658,436172,441833,1,1801,1798,0,0,60,60,CCW,0,S,0,0,0
D7651658,436173,441834,1,1801,1798,0,0,60,60,CCW,0,S,0,0,0
D7651658,436174,441835,1,1800,1798,0,0,60,60,CCW,0,S,0,0,0
D7651658,436175,441836,1,1797,1798,0,0,60,60,CCW,0,S,0,0,0
D7651658,436176,441837,1,1800,1798,0,0,60,60,CCW,0,S,0,0,0
D7651658,436177,441838,1,1799,1798,0,0,60,60,CCW,0,S,0,0,0
D7651658,436178,441839,1,1800,1798,0,0,60,60,CCW,0,S,0,0,0
D7651658,436179,441840,1,1799,1798,0,0,60,60,CCW,0,S,0,0,0
D7651658,436180,441841,1,1799,1798,0,0,60,60,CCW,0,S,0,0,0
D7651658,436181,441842,1,1799,1798,0,0,60,60,CCW,0,S,0,0,0
D7651658,436182,441843,1,1799,1798,0,0,60,60,CCW,0,S,0,0,0
D7651658,436183,441844,1,1800,1798,0,0,60,60,CCW,0,S,0,0,0
D7651658,436184,441845,1,1799,1798,0,0,60,60,CCW,0,S,0,0,0
D7651658,436185,441846,1,1799,1798,0,0,60,60,CCW,0,S,0,0,0
D7651658,436186,441847,1,1800,1798,0,0,60,60,CCW,0,S,0,0,0
D7651658,436187,441848,1,1799,1798,0,0,60,60,CCW,0,S,0,0,0
D7651658,436188,441849,1,1799,1798,0,0,60,60,CCW,0,S,0,0,0
D7651658,436189,441850,1,1799,1798,0,0,60,60,CCW,0,S,0,0,0
D7651658,436190,441851,1,1799,1798,0,0,60,60,CCW,0,S,0,0,0
D7651658,436191,441852,1,1800,1798,0,0,60,60,CCW,0,S,0,0,0
D7651658,436192,441853,1,1799,1798,0,0,60,60,CCW,0,S,0,0,0
D7651658,436193,441854,1,1798,1798,0,0,60,60,CCW,0,S,0,0,0
D7651658,436194,441855,1,1798,1798,0,0,60,60,CCW,0,S,0,0,0
D7651658,436195,441856,1,1799,1798,0,0,60,60,CCW,0,S,0,0,0
D7651658,436196,441857,1,1799,1798,0,0,60,60,CCW,0,S,0,0,0
D7651658,436197,441858,1,1801,1798,0,0,60,60,CCW,0,S,0,0,0
D7651658,436198,441859,1,1799,1798,0,0,60,60,CCW,0,S,0,0,0
D7651658,436199,441860,1,1798,1798,0,0,60,60,CCW,0,S,0,0,0
D7651658,436200,441861,1,1801,1798,0,0,60,60,CCW,0,S,0,0,0
D7651658,436201,441862,1,1798,1798,0,0,60,60,CCW,0,S,0,0,0
D7651658,436202,441863,1,1799,1798,0,0,60,60,CCW,0,S,0,0,0
D7651658,436203,441864,1,1802,1798,0,0,60,60,CCW,0,S,0,0,0
D7651658,436204,441865,1,1799,1798,0,0,60,60,CCW,0,S,0,0,0
D7651658,436205,441866,1,1798,1798,0,0,60,60,CCW,0,S,0,0,0
D7651658,436206,441867,1,1801,1798,0,0,60,60,CCW,0,S,0,0,0
D7651658,436207,441868,1,1800,1798,0,0,60,60,CCW,0,S,0,0,0
D7651658,436208,441869,1,1799,1798,0,0,60,60,CCW,0,S,0,0,0
D7651658,436209,441870,1,1799,1798,0,0,60,60,CCW,0,S,0,0,0
D7651658,436210,441871,1,1800,1798,0,0,60,60,CCW,0,S,0,0,0
D7651658,436211,441872,1,1799,1798,0,0,60,60,CCW,0,S,0,0,0
D7651658,436212,441873,1,1798,1798,0,0,60,60,CCW,0,S,0,0,0
D7651658,436213,441874,1,1799,1798,0,0,60,60,CCW,0,S,0,0,0
D7651658,436214,441875,1,1798,1798,0,0,60,60,CCW,0,S,0,0,0
D7651658,436215,441876,1,1800,1798,0,0,60,60,CCW,0,S,0,0,0
D7651658,436216,441877,1,1801,1798,0,0,60,60,CCW,0,S,0,0,0
D7651658,436217,441878,1,1800,1798,0,0,60,60,CCW,0,S,0,0,0
D7651658,436218,441879,1,1797,1798,0,0,60,60,CCW,0,S,0,0,0
D7651658,436219,441880,1,1798,1798,0,0,60,60,CCW,0,S,0,0,0
D7651658,436220,441881,1,1797,1798,0,0,60,60,CCW,0,S,0,0,0
D7651658,436221,441882,1,1799,1798,0,0,60,60,CCW,0,S,0,0,0
D7651658,436222,441883,1,1800,1798,0,0,60,60,CCW,0,S,0,0,0
D7651658,436223,441884,1,1796,1798,0,0,60,60,CCW,0,S,0,0,0
D7651658,436224,441885,1,1799,1798,0,0,60,60,CCW,0,S,0,0,0
D7651658,436225,441886,1,1798,1798,0,0,60,60,CCW,0,S,0,0,0
D7651658,436226,441887,1,1798,1798,0,0,60,60,CCW,0,S,0,0,0
D7651658,436227,441888,1,1799,1798,0,0,60,60,CCW,0,S,0,0,0
D7651658,436228,441889,1,1796,1798,0,0,60,60,CCW,0,S,0,0,0
D7651658,436229,441890,1,1800,1798,0,0,60,60,CCW,0,S,0,0,0
D7651658,436230,441891,1,1798,1798,0,0,60,60,CCW,0,S,0,0,0
D7651658,436231,441892,1,1801,1798,0,0,60,60,CCW,0,S,0,0,0
D7651658,436232,441893,1,1800,1798,0,0,60,60,CCW,0,S,0,0,0
D7651658,436233,441894,1,1798,1798,0,0,60,60,CCW,0,S,0,0,0
D7651658,436234,441895,1,1799,1798,0,0,60,60,CCW,0,S,0,0,0
D7651658,436235,441896,1,1799,1798,0,0,60,60,CCW,0,S,0,0,0
D7651658,436236,441897,1,1799,1798,0,0,60,60,CCW,0,S,0,0,0
D7651658,436237,441898,1,1799,1798,0,0,60,60,CCW,0,S,0,0,0
D7651658,436238,441899,1,1800,1798,0,0,60,60,CCW,0,S,0,0,0
D7651658,436239,441900,1,1798,1798,0,0,60,60,CCW,0,S,0,0,0
D7651658,436240,441901,1,1799,1798,0,0,60,60,CCW,0,S,0,0,0
D7651658,436241,441902,1,1799,1798,0,0,60,60,CCW,0,S,0,0,0
D7651658,436242,441903,1,1800,1798,0,0,60,60,CCW,0,S,0,0,0
D7651658,436243,441904,1,1798,1798,0,0,60,60,CCW,0,S,0,0,0
D7651658,436244,441905,1,1798,1798,0,0,60,60,CCW,0,S,0,0,0
D7651658,436245,441906,1,1799,1798,0,0,60,60,CCW,0,S,0,0,0
D7651658,436246,441907,1,1798,1798,0,0,60,60,CCW,0,S,0,0,0
D7651658,436247,441908,1,1799,1798,0,0,60,60,CCW,0,S,0,0,0
D7651658,436248,441909,1,1801,1798,0,0,60,60,CCW,0,S,0,0,0
D7651658,436249,441910,1,1802,1798,0,0,60,60,CCW,0,S,0,0,0
D7651658,436250,441911,1,1800,1798,0,0,60,60,CCW,0,S,0,0,0
D7651658,436251,441912,1,1798,1798,0,0,60,60,CCW,0,S,0,0,0
D7651658,436252,441913,1,1799,1798,0,0,60,60,CCW,0,S,0,0,0
D7651658,436253,441915,2,1798,1798,0,0,60,60,CCW,0,S,0,1,1
D7651658,436254,441916,1,1797,1798,0,0,60,60,CCW,0,S,0,0,0
D7651658,436255,441917,1,1798,1798,0,0,60,60,CCW,0,S,0,0,0
D7651658,436256,441918,1,1799,1798,0,0,60,60,CCW,0,S,0,0,0
D7651658,436257,441919,1,1799,1798,0,0,60,60,CCW,0,S,0,0,0
D7651658,436258,441920,1,1798,1798,0,0,60,60,CCW,0,S,0,0,0
D7651658,436259,441921,1,1798,1798,0,0,60,60,CCW,0,S,0,0,0
D7651658,436260,441922,1,1797,1798,0,0,60,60,CCW,0,S,0,0,0
D7651658,436261,441923,1,1797,1798,0,0,60,60,CCW,0,S,0,0,0
D7651658,436262,441924,1,1798,1798,0,0,60,60,CCW,0,S,0,0,0
D7651658,436263,441925,1,1797,1798,0,0,60,60,CCW,0,S,0,0,0
D7651658,436264,441926,1,1797,1798,0,0,60,60,CCW,0,S,0,0,0
D7651658,436265,441927,1,1799,1798,0,0,60,60,CCW,0,S,0,0,0
D7651658,436266,441928,1,1798,1798,0,0,60,60,CCW,0,S,0,0,0
D7651658,436267,441929,1,1798,1798,0,0,60,60,CCW,0,S,0,0,0
D7651658,436268,441930,1,1797,1798,0,0,60,60,CCW,0,S,0,0,0
D7651658,436269,441931,1,1798,1798,0,0,60,60,CCW,0,S,0,0,0
D7651658,436270,441932,1,1799,1798,0,0,60,60,CCW,0,S,0,0,0
D7651658,436271,441933,1,1800,1798,0,0,60,60,CCW,0,S,0,0,0
D7651658,436272,441934,1,1798,1798,0,0,60,60,CCW,0,S,0,0,0
D7651658,436273,441935,1,1799,1798,0,0,60,60,CCW,0,S,0,0,0
D7651658,436274,441936,1,1797,1798,0,0,60,60,CCW,0,S,0,0,0
D7651658,436275,441937,1,1800,1798,0,0,60,60,CCW,0,S,0,0,0
D7651658,436276,441938,1,1799,1798,0,0,60,60,CCW,0,S,0,0,0
D7651658,436277,441939,1,1798,1798,0,0,60,60,CCW,0,S,0,0,0
D7651658,436278,441940,1,1799,1798,0,0,60,60,CCW,0,S,0,0,0
D7651658,436279,441941,1,1796,1798,0,0,60,60,CCW,0,S,0,0,0
D7651658,436280,441942,1,1799,1798,0,0,60,60,CCW,0,S,0,0,0
D7651658,436281,441943,1,1800,1798,0,0,60,60,CCW,0,S,0,0,0
D7651658,436282,441944,1,1798,1798,0,0,60,60,CCW,0,S,0,0,0
D7651658,436283,441945,1,1798,1798,0,0,60,60,CCW,0,S,0,0,0
D7651658,436284,441946,1,1798,1798,0,0,60,60,CCW,0,S,0,0,0
D7651658,436285,441947,1,1797,1798,0,0,60,60,CCW,0,S,0,0,0
D7651658,436286,441948,1,1797,1798,0,0,60,60,CCW,0,S,0,0,0
D7651658,436287,441949,1,1798,1798,0,0,60,60,CCW,0,S,0,0,0
D7651658,436288,441950,1,1799,1798,0,0,60,60,CCW,0,S,0,0,0
D7651658,436289,441951,1,1798,1798,0,0,60,60,CCW,0,S,0,0,0
D7651658,436290,441952,1,1796,1798,0,0,60,60,CCW,0,S,0,0,0
D7651658,436291,441953,1,1800,1798,0,0,60,60,CCW,0,S,0,0,0
D7651658,436292,441954,1,1798,1798,0,0,60,60,CCW,0,S,0,0,0
D7651658,436293,441955,1,1799,1798,0,0,60,60,CCW,0,S,0,0,0
D7651658,436294,441956,1,1798,1798,0,0,60,60,CCW,0,S,0,0,0
D7651658,436295,441957,1,1800,1798,0,0,60,60,CCW,0,S,0,0,0
D7651658,436296,441958,1,1800,1798,0,0,60,60,CCW,0,S,0,0,0
D7651658,436297,441959,1,1797,1798,0,0,60,60,CCW,0,S,0,0,0
D7651658,436298,441960,1,1799,1798,0,0,60,60,CCW,0,S,0,0,0
D7651658,436299,441961,1,1799,1798,0,0,60,60,CCW,0,S,0,0,0
D7651658,436300,441962,1,1799,1798,0,0,60,60,CCW,0,S,0,0,0
D7651658,436301,441963,1,1800,1798,0,0,60,60,CCW,0,S,0,0,0
D7651658,436302,441964,1,1798,1798,0,0,60,60,CCW,0,S,0,0,0
D7651658,436303,441965,1,1801,1798,0,0,60,60,CCW,0,S,0,0,0
D7651658,436304,441966,1,1797,1798,0,0,60,60,CCW,0,S,0,0,0
D7651658,436305,441967,1,1795,1798,0,0,60,60,CCW,0,S,0,0,0
D7651658,436306,441968,1,1800,1798,0,0,60,60,CCW,0,S,0,0,0
D7651658,436307,441969,1,1799,1798,0,0,60,60,CCW,0,S,0,0,0
D7651658,436308,441970,1,1798,1798,0,0,60,60,CCW,0,S,0,0,0
D7651658,436309,441971,1,1799,1798,0,0,60,60,CCW,0,S,0,0,0
D7651658,436310,441972,1,1795,1798,0,0,60,60,CCW,0,S,0,0,0
D7651658,436311,441973,1,1797,1798,0,0,60,60,CCW,0,S,0,0,0
D7651658,436312,441974,1,1799,1798,0,0,60,60,CCW,0,S,0,0,0
D7651658,436313,441975,1,1797,1798,0,0,60,60,CCW,0,S,0,0,0
D7651658,436314,441976,1,1799,1798,0,0,60,60,CCW,0,S,0,0,0
D7651658,436315,441977,1,1799,1798,0,0,60,60,CCW,0,S,0,0,0
D7651658,436316,441978,1,1799,1798,0,0,60,60,CCW,0,S,0,0,0
D7651658,436317,441979,1,1798,1798,0,0,60,60,CCW,0,S,0,0,0
D7651658,436318,441980,1,1806,1798,0,0,60,60,CCW,0,S,0,0,0
D7651658,436319,441981,1,1799,1798,0,0,60,60,CCW,0,S,0,0,0
D7651658,436320,441982,1,1799,1798,0,0,60,60,CCW,0,S,0,0,0
D7651658,436321,441983,1,1798,1798,0,0,60,60,CCW,0,S,0,0,0
D7651658,436322,441984,1,1799,1798,0,0,60,60,CCW,0,S,0,0,0
D7651658,436323,441985,1,1799,1798,0,0,60,60,CCW,0,S,0,0,0
D7651658,436324,441986,1,1798,1798,0,0,60,60,CCW,0,S,0,0,0
D7651658,436325,441987,1,1796,1798,0,0,60,60,CCW,0,S,0,0,0
D7651658,436326,441988,1,1800,1798,0,0,60,60,CCW,0,S,0,0,0
D7651658,436327,441989,1,1799,1798,0,0,60,60,CCW,0,S,0,0,0
D7651658,436328,441990,1,1798,1798,0,0,60,60,CCW,0,S,0,0,0
D7651658,436329,441991,1,1797,1798,0,0,60,60,CCW,0,S,0,0,0
D7651658,436330,441992,1,1798,1798,0,0,60,60,CCW,0,S,0,0,0
D7651658,436331,441993,1,1799,1798,0,0,60,60,CCW,0,S,0,0,0
D7651658,436332,441994,1,1799,1798,0,0,60,60,CCW,0,S,0,0,0
D7651658,436333,441995,1,1799,1798,0,0,60,60,CCW,0,S,0,0,0
D7651658,436334,441996,1,1798,1798,0,0,60,60,CCW,0,S,0,0,0
D7651658,436335,441997,1,1799,1798,0,0,60,60,CCW,0,S,0,0,0
D7651658,436336,441998,1,1799,1798,0,0,60,60,CCW,0,S,0,0,0
D7651658,436337,441999,1,1800,1798,0,0,60,60,CCW,0,S,0,0,0
D7651658,436338,442000,1,1801,1798,0,0,60,60,CCW,0,S,0,0,0
D7651658,436339,442001,1,1800,1798,0,0,60,60,CCW,0,S,0,0,0
D7651658,436340,442002,1,1799,1798,0,0,60,60,CCW,0,S,0,0,0
D7651658,436341,442003,1,1800,1798,0,0,60,60,CCW,0,S,0,0,0
D7651658,436342,442004,1,1799,1798,0,0,60,60,CCW,0,S,0,0,0
D7651658,436343,442005,1,1800,1798,0,0,60,60,CCW,0,S,0,0,0
D7651658,436344,442006,1,1797,1798,0,0,60,60,CCW,0,S,0,0,0
D7651658,436345,442007,1,1799,1798,0,0,60,60,CCW,0,S,0,0,0
D7651658,436346,442008,1,1818,1798,0,0,60,60,CCW,0,S,0,0,0
D7651658,436347,442009,1,1796,1798,0,0,60,60,CCW,0,S,0,0,0
D7651658,436348,442010,1,1800,1798,0,0,60,60,CCW,0,S,0,0,0
D7651658,436349,442011,1,1797,1798,0,0,60,60,CCW,0,S,0,0,0
D7651658,436350,442012,1,1799,1798,0,0,60,60,CCW,0,S,0,0,0
D7651658,436351,442013,1,1798,1798,0,0,60,60,CCW,0,S,0,0,0
D7651658,436352,442014,1,1797,1798,0,0,60,60,CCW,0,S,0,0,0
D7651658,436353,442015,1,1800,1798,0,0,60,60,CCW,0,S,0,0,0
D7651658,436354,442016,1,1796,1798,0,0,60,60,CCW,0,S,0,0,0
D7651658,436355,442017,1,1797,1798,0,0,60,60,CCW,0,S,0,0,0
D7651658,436356,442018,1,1797,1798,0,0,60,60,CCW,0,S,0,0,0
D7651658,436357,442019,1,1798,1798,0,0,60,60,CCW,0,S,0,0,0
D7651658,436358,442020,1,1798,1798,0,0,60,60,CCW,0,S,0,0,0
D7651658,436359,442021,1,1799,1798,0,0,60,60,CCW,0,S,0,0,0
D7651658,436360,442022,1,1798,1798,0,0,60,60,CCW,0,S,0,0,0
D7651658,436361,442023,1,1797,1798,0,0,60,60,CCW,0,S,0,0,0
D7651658,436362,442024,1,1795,1798,0,0,60,60,CCW,0,S,0,0,0
D7651658,436363,442025,1,1797,1798,0,0,60,60,CCW,0,S,0,0,0
D7651658,436364,442026,1,1797,1798,0,0,60,60,CCW,0,S,0,0,0
D7651658,436365,442027,1,1786,1798,0,0,60,60,CCW,0,S,0,0,0
D7651658,436366,442028,1,1798,1798,0,0,60,60,CCW,0,S,0,0,0
D7651658,436367,442029,1,1796,1798,0,0,60,60,CCW,0,S,0,0,0
D7651658,436368,442030,1,1798,1798,0,0,60,60,CCW,0,S,0,0,0
D7651658,436369,442031,1,1799,1798,0,0,60,60,CCW,0,S,0,0,0
D7651658,436370,442032,1,1797,1798,0,0,60,60,CCW,0,S,0,0,0
D7651658,436371,442033,1,1799,1798,0,0,60,60,CCW,0,S,0,0,0
D7651658,436372,442034,1,1797,1798,0,0,60,60,CCW,0,S,0,0,0
D7651658,436373,442035,1,1798,1798,0,0,60,60,CCW,0,S,0,0,0
D7651658,436374,442036,1,1797,1798,0,0,60,60,CCW,0,S,0,0,0
D7651658,436375,442037,1,1798,1798,0,0,60,60,CCW,0,S,0,0,0
D7651658,436376,442038,1,1797,1798,0,0,60,60,CCW,0,S,0,0,0
D7651658,436377,442039,1,1797,1798,0,0,60,60,CCW,0,S,0,0,0
D7651658,436378,442040,1,1798,1798,0,0,60,60,CCW,0,S,0,0,0
D7651658,436379,442041,1,1799,1798,0,0,60,60,CCW,0,S,0,0,0
D7651658,436380,442042,1,1796,1798,0,0,60,60,CCW,0,S,0,0,0
D7651658,436381,442043,1,1798,1798,0,0,60,60,CCW,0,S,0,0,0
D7651658,436382,442044,1,1797,1798,0,0,60,60,CCW,0,S,0,0,0
D7651658,436383,442045,1,1799,1798,0,0,60,60,CCW,0,S,0,0,0
D7651658,436384,442046,1,1798,1798,0,0,60,60,CCW,0,S,0,0,0
D7651658,436385,442047,1,1800,1798,0,0,60,60,CCW,0,S,0,0,0
D7651658,436386,442048,1,1798,1798,0,0,60,60,CCW,0,S,0,0,0
D7651658,436387,442049,1,1796,1798,0,0,60,60,CCW,0,S,0,0,0
D7651658,436388,442050,1,1798,1798,0,0,60,60,CCW,0,S,0,0,0
D7651658,436389,442051,1,1798,1798,0,0,60,60,CCW,0,S,0,0,0
D7651658,436390,442052,1,1799,1798,0,0,60,60,CCW,0,S,0,0,0
D7651658,436391,442053,1,1796,1798,0,0,60,60,CCW,0,S,0,0,0
D7651658,436392,442054,1,1797,1798,0,0,60,60,CCW,0,S,0,0,0
D7651658,436393,442055,1,1801,1798,0,0,60,60,CCW,0,S,0,0,0
D7651658,436394,442056,1,1797,1798,0,0,60,60,CCW,0,S,0,0,0
D7651658,436395,442057,1,1800,1798,0,0,60,60,CCW,0,S,0,0,0
D7651658,436396,442058,1,1798,1798,0,0,60,60,CCW,0,S,0,0,0
D7651658,436397,442059,1,1800,1798,0,0,60,60,CCW,0,S,0,0,0
D7651658,436398,442060,1,1798,1798,0,0,60,60,CCW,0,S,0,0,0
D7651658,436399,442061,1,1799,1798,0,0,60,60,CCW,0,S,0,0,0
D7651658,436400,442062,1,1797,1798,0,0,60,60,CCW,0,S,0,0,0
D7651658,436401,442063,1,1797,1798,0,0,60,60,CCW,0,S,0,0,0
D7651658,436402,442064,1,1798,1798,0,0,60,60,CCW,0,S,0,0,0
D7651658,436403,442065,1,1782,1798,0,0,60,60,CCW,0,S,0,0,0
D7651658,436404,442066,1,1799,1798,0,0,60,60,CCW,0,S,0,0,0
D7651658,436405,442067,1,1799,1798,0,0,60,60,CCW,0,S,0,0,0
D7651658,436406,442068,1,1791,1798,0,0,60,60,CCW,0,S,0,0,0
D7651658,436407,442069,1,1798,1798,0,0,60,60,CCW,0,S,0,0,0
D7651658,436408,442070,1,1798,1798,0,0,60,60,CCW,0,S,0,0,0
D7651658,436409,442071,1,1798,1798,0,0,60,60,CCW,0,S,0,0,0
D7651658,436410,442072,1,1799,1798,0,0,60,60,CCW,0,S,0,0,0
D7651658,436411,442073,1,1797,1798,0,0,60,60,CCW,0,S,0,0,0
D7651658,436412,442074,1,1799,1798,0,0,60,60,CCW,0,S,0,0,0
D7651658,436413,442075,1,1797,1798,0,0,60,60,CCW,0,S,0,0,0
D7651658,436414,442076,1,1796,1798,0,0,60,60,CCW,0,S,0,0,0
D7651658,436415,442077,1,1797,1798,0,0,60,60,CCW,0,S,0,0,0
D7651658,436416,442078,1,1798,1798,0,0,60,60,CCW,0,S,0,0,0
D7651658,436417,442079,1,1799,1798,0,0,60,60,CCW,0,S,0,0,0
D7651658,436418,442080,1,1799,1798,0,0,60,60,CCW,0,S,0,0,0
D7651658,436419,442081,1,1798,1798,0,0,60,60,CCW,0,S,0,0,0
D7651658,436420,442082,1,1798,1798,0,0,60,60,CCW,0,S,0,0,0
D7651658,436421,442083,1,1799,1798,0,0,60,60,CCW,0,S,0,0,0
D7651658,436422,442084,1,1798,1798,0,0,60,60,CCW,0,S,0,0,0
D7651658,436423,442085,1,1797,1798,0,0,60,60,CCW,0,S,0,0,0
D7651658,436424,442086,1,1799,1798,0,0,60,60,CCW,0,S,0,0,0
D7651658,436425,442087,1,1799,1798,0,0,60,60,CCW,0,S,0,0,0
D7651658,436426,442088,1,1797,1798,0,0,60,60,CCW,0,S,0,0,0
D7651658,436427,442089,1,1795,1798,0,0,60,60,CCW,0,S,0,0,0
D7651658,436428,442090,1,1800,1798,0,0,60,60,CCW,0,S,0,0,0
D7651658,436429,442091,1,1798,1798,0,0,60,60,CCW,0,S,0,0,0
D7651658,436430,442092,1,1799,1798,0,0,60,60,CCW,0,S,0,0,0
D7651658,436431,442093,1,1800,1798,0,0,60,60,CCW,0,S,0,0,0
D7651658,436432,442094,1,1799,1798,0,0,60,60,CCW,0,S,0,0,0
D7651658,436433,442095,1,1798,1798,0,0,60,60,CCW,0,S,0,0,0
D7651658,436434,442096,1,1800,1798,0,0,60,60,CCW,0,S,0,0,0
D7651658,436435,442097,1,1800,1798,0,0,60,60,CCW,0,S,0,0,0
D7651658,436436,442098,1,1796,1798,0,0,60,60,CCW,0,S,0,0,0
D7651658,436437,442099,1,1798,1798,0,0,60,60,CCW,0,S,0,0,0
D7651658,436438,442100,1,1799,1798,0,0,60,60,CCW,0,S,0,0,0
D7651658,436439,442101,1,1799,1798,0,0,60,60,CCW,0,S,0,0,0
D7651658,436440,442102,1,1798,1798,0,0,60,60,CCW,0,S,0,0,0
D7651658,436441,442103,1,1795,1798,0,0,60,60,CCW,0,S,0,0,0
D7651658,436442,442104,1,1801,1798,0,0,60,60,CCW,0,S,0,0,0
D7651658,436443,442105,1,1799,1798,0,0,60,60,CCW,0,S,0,0,0
D7651658,436444,442106,1,1799,1798,0,0,60,60,CCW,0,S,0,0,0
D7651658,436445,442107,1,1799,1798,0,0,60,60,CCW,0,S,0,0,0
D7651658,436446,442108,1,1799,1798,0,0,60,60,CCW,0,S,0,0,0
D7651658,436447,442109,1,1798,1798,0,0,60,60,CCW,0,S,0,0,0
D7651658,436448,442110,1,1799,1798,0,0,60,60,CCW,0,S,0,0,0
D7651658,436449,442111,1,1799,1798,0,0,60,60,CCW,0,S,0,0,0
D7651658,436450,442112,1,1799,1798,0,0,60,60,CCW,0,S,0,0,0
D7651658,436451,442113,1,1800,1798,0,0,60,60,CCW,0,S,0,0,0
D7651658,436452,442114,1,1801,1798,0,0,60,60,CCW,0,S,0,0,0
D7651658,436453,442115,1,1800,1798,0,0,60,60,CCW,0,S,0,0,0
D7651658,436454,442116,1,1798,1798,0,0,60,60,CCW,0,S,0,0,0
D7651658,436455,442117,1,1799,1798,0,0,60,60,CCW,0,S,0,0,0
D7651658,436456,442118,1,1798,1798,0,0,60,60,CCW,0,S,0,0,0
D7651658,436457,442119,1,1799,1798,0,0,60,60,CCW,0,S,0,0,0
D7651658,436458,442120,1,1799,1798,0,0,60,60,CCW,0,S,0,0,0
D7651658,436459,442121,1,1799,1798,0,0,60,60,CCW,0,S,0,0,0
D7651658,436460,442122,1,1798,1798,0,0,60,60,CCW,0,S,0,0,0
D7651658,436461,442123,1,1797,1798,0,0,60,60,CCW,0,S,0,0,0
D7651658,436462,442124,1,1799,1798,0,0,60,60,CCW,0,S,0,0,0
D7651658,436463,442125,1,1798,1798,0,0,60,60,CCW,0,S,0,0,0
D7651658,436464,442126,1,1797,1798,0,0,60,60,CCW,0,S,0,0,0
D7651658,436465,442127,1,1798,1798,0,0,60,60,CCW,0,S,0,0,0
D7651658,436466,442128,1,1798,1798,0,0,60,60,CCW,0,S,0,0,0
D7651658,436467,442129,1,1799,1798,0,0,60,60,CCW,0,S,0,0,0
D7651658,436468,442130,1,1796,1798,0,0,60,60,CCW,0,S,0,0,0
D7651658,436469,442131,1,1797,1798,0,0,60,60,CCW,0,S,0,0,0
D7651658,436470,442132,1,1799,1798,0,0,60,60,CCW,0,S,0,0,0
D7651658,436471,442133,1,1800,1798,0,0,60,60,CCW,0,S,0,0,0
D7651658,436472,442134,1,1798,1798,0,0,60,60,CCW,0,S,0,0,0
D7651658,436473,442135,1,1799,1798,0,0,60,60,CCW,0,S,0,0,0
D7651658,436474,442136,1,1800,1798,0,0,60,60,CCW,0,S,0,0,0
D7651658,436475,442137,1,1797,1798,0,0,60,60,CCW,0,S,0,0,0
D7651658,436476,442138,1,1798,1798,0,0,60,60,CCW,0,S,0,0,0
D7651658,436477,442139,1,1797,1798,0,0,60,60,CCW,0,S,0,0,0
D7651658,436478,442140,1,1798,1798,0,0,60,60,CCW,0,S,0,0,0
D7651658,436479,442141,1,1797,1798,0,0,60,60,CCW,0,S,0,0,0
D7651658,436480,442142,1,1798,1798,0,0,60,60,CCW,0,S,0,0,0
D7651658,436481,442143,1,1797,1798,0,0,60,60,CCW,0,S,0,0,0
D7651658,436482,442144,1,1799,1798,0,0,60,60,CCW,0,S,0,0,0
D7651658,436483,442145,1,1792,1798,0,0,60,60,CCW,0,S,0,0,0
D7651658,436484,442146,1,1798,1798,0,0,60,60,CCW,0,S,0,0,0
D7651658,436485,442147,1,1798,1798,0,0,60,60,CCW,0,S,0,0,0
D7651658,436486,442148,1,1814,1798,0,0,60,60,CCW,0,S,0,0,0
D7651658,436487,442149,1,1801,1798,0,0,60,60,CCW,0,S,0,0,0
D7651658,436488,442150,1,1799,1798,0,0,60,60,CCW,0,S,0,0,0
D7651658,436489,442151,1,1799,1798,0,0,60,60,CCW,0,S,0,0,0
D7651658,436490,442152,1,1800,1798,0,0,60,60,CCW,0,S,0,0,0
D7651658,436491,442153,1,1799,1798,0,0,60,60,CCW,0,S,0,0,0
D7651658,436492,442154,1,1798,1798,0,0,60,60,CCW,0,S,0,0,0
D7651658,436493,442155,1,1798,1798,0,0,60,60,CCW,0,S,0,0,0
D7651658,436494,442156,1,1798,1798,0,0,60,60,CCW,0,S,0,0,0
D7651658,436495,442157,1,1802,1798,0,0,60,60,CCW,0,S,0,0,0
D7651658,436496,442158,1,1799,1798,0,0,60,60,CCW,0,S,0,0,0
D7651658,436497,442159,1,1797,1798,0,0,60,60,CCW,0,S,0,0,0
D7651658,436498,442160,1,1798,1798,0,0,60,60,CCW,0,S,0,0,0
D7651658,436499,442161,1,1799,1798,0,0,60,60,CCW,0,S,0,0,0
D7651658,436500,442162,1,1795,1798,0,0,60,60,CCW,0,S,0,0,0
D7651658,436501,442163,1,1798,1798,0,0,60,60,CCW,0,S,0,0,0
D7651658,436502,442164,1,1798,1798,0,0,60,60,CCW,0,S,0,0,0
D7651658,436503,442165,1,1797,1798,0,0,60,60,CCW,0,S,0,0,0
D7651658,436504,442166,1,1797,1798,0,0,60,60,CCW,0,S,0,0,0
D7651658,436505,442167,1,1799,1798,0,0,60,60,CCW,0,S,0,0,0
D7651658,436506,442168,1,1799,1798,0,0,60,60,CCW,0,S,0,0,0
D7651658,436507,442169,1,1798,1798,0,0,60,60,CCW,0,S,0,0,0
D7651658,436508,442170,1,1797,1798,0,0,60,60,CCW,0,S,0,0,0
D7651658,436509,442171,1,1799,1798,0,0,60,60,CCW,0,S,0,0,0
D7651658,436510,442172,1,1798,1798,0,0,60,60,CCW,0,S,0,0,0
D7651658,436511,442173,1,1799,1798,0,0,60,60,CCW,0,S,0,0,0
D7651658,436512,442174,1,1800,1798,0,0,60,60,CCW,0,S,0,0,0
D7651658,436513,442175,1,1797,1798,0,0,60,60,CCW,0,S,0,0,0
D7651658,436514,442176,1,1799,1798,0,0,60,60,CCW,0,S,0,0,0
D7651658,436515,442177,1,1799,1798,0,0,60,60,CCW,0,S,0,0,0
D7651658,436516,442178,1,1798,1798,0,0,60,60,CCW,0,S,0,0,0
D7651658,436517,442179,1,1801,1798,0,0,60,60,CCW,0,S,0,0,0
D7651658,436518,442180,1,1799,1798,0,0,60,60,CCW,0,S,0,0,0
D7651658,436519,442181,1,1799,1798,0,0,60,60,CCW,0,S,0,0,0
D7651658,436520,442182,1,1798,1798,0,0,60,60,CCW,0,S,0,0,0
D7651658,436521,442183,1,1799,1798,0,0,60,60,CCW,0,S,0,0,0
D7651658,436522,442184,1,1798,1798,0,0,60,60,CCW,0,S,0,0,0
D7651658,436523,442185,1,1800,1798,0,0,60,60,CCW,0,S,0,0,0
D7651658,436524,442186,1,1797,1798,0,0,60,60,CCW,0,S,0,0,0
D7651658,436525,442187,1,1797,1798,0,0,60,60,CCW,0,S,0,0,0
D7651658,436526,442188,1,1797,1798,0,0,60,60,CCW,0,S,0,0,0
D7651658,436527,442189,1,1798,1798,0,0,60,60,CCW,0,S,0,0,0
D7651658,436528,442190,1,1798,1798,0,0,60,60,CCW,0,S,0,0,0
D7651658,436529,442191,1,1799,1798,0,0,60,60,CCW,0,S,0,0,0
D7651658,436530,442192,1,1799,1798,0,0,60,60,CCW,0,S,0,0,0
D7651658,436531,442193,1,1798,1798,0,0,60,60,CCW,0,S,0,0,0
D7651658,436532,442194,1,1798,1798,0,0,60,60,CCW,0,S,0,0,0
D7651658,436533,442195,1,1798,1798,0,0,60,60,CCW,0,S,0,0,0
D7651658,436534,442196,1,1797,1798,0,0,60,60,CCW,0,S,0,0,0
D7651658,436535,442197,1,1800,1798,0,0,60,60,CCW,0,S,0,0,0
D7651658,436536,442198,1,1809,1798,0,0,60,60,CCW,0,S,0,0,0
D7651658,436537,442199,1,1797,1798,0,0,60,60,CCW,0,S,0,0,0
D7651658,436538,442200,1,1798,1798,0,0,60,60,CCW,0,S,0,0,0
D7651658,436539,442201,1,1797,1798,0,0,60,60,CCW,0,S,0,0,0
D7651658,436540,442202,1,1796,1798,0,0,60,60,CCW,0,S,0,0,0
D7651658,436541,442203,1,1798,1798,0,0,60,60,CCW,0,S,0,0,0
D7651658,436542,442204,1,1795,1798,0,0,60,60,CCW,0,S,0,0,0
D7651658,436543,442205,1,1798,1798,0,0,60,60,CCW,0,S,0,0,0
D7651658,436544,442206,1,1798,1798,0,0,60,60,CCW,0,S,0,0,0
D7651658,436545,442207,1,1796,1798,0,0,60,60,CCW,0,S,0,0,0
D7651658,436546,442208,1,1800,1798,0,0,60,60,CCW,0,S,0,0,0
D7651658,436547,442209,1,1798,1798,0,0,60,60,CCW,0,S,0,0,0
D7651658,436548,442210,1,1798,1798,0,0,60,60,CCW,0,S,0,0,0
D7651658,436549,442211,1,1798,1798,0,0,60,60,CCW,0,S,0,0,0
D7651658,436550,442212,1,1797,1798,0,0,60,60,CCW,0,S,0,0,0
D7651658,436551,442213,1,1798,1798,0,0,60,60,CCW,0,S,0,0,0
D7651658,436552,442214,1,1798,1798,0,0,60,60,CCW,0,S,0,0,0
D7651658,436553,442215,1,1797,1798,0,0,60,60,CCW,0,S,0,0,0
D7651658,436554,442216,1,1797,1798,0,0,60,60,CCW,0,S,0,0,0
D7651658,436555,442217,1,1798,1798,0,0,60,60,CCW,0,S,0,0,0
D7651658,436556,442218,1,1797,1798,0,0,60,60,CCW,0,S,0,0,0
D7651658,436557,442219,1,1797,1798,0,0,60,60,CCW,0,S,0,0,0
D7651658,436558,442220,1,1797,1798,0,0,60,60,CCW,0,S,0,0,0
D7651658,436559,442222,2,1799,1798,0,0,60,60,CCW,0,S,0,1,1
D7651658,436560,442223,1,1798,1798,0,0,60,60,CCW,0,S,0,0,0
D7651658,436561,442224,1,1796,1798,0,0,60,60,CCW,0,S,0,0,0
D7651658,436562,442225,1,1797,1798,0,0,60,60,CCW,0,S,0,0,0
D7651658,436563,442226,1,1797,1798,0,0,60,60,CCW,0,S,0,0,0
D7651658,436564,442227,1,1803,1798,0,0,60,60,CCW,0,S,0,0,0
D7651658,436565,442228,1,1796,1798,0,0,60,60,CCW,0,S,0,0,0
D7651658,436566,442229,1,1797,1798,0,0,60,60,CCW,0,S,0,0,0
D7651658,436567,442230,1,1796,1798,0,0,60,60,CCW,0,S,0,0,0
D7651658,436568,442231,1,1797,1798,0,0,60,60,CCW,0,S,0,0,0
D7651658,436569,442232,1,1798,1798,0,0,60,60,CCW,0,S,0,0,0
D7651658,436570,442233,1,1797,1798,0,0,60,60,CCW,0,S,0,0,0
D7651658,436571,442234,1,1797,1798,0,0,60,60,CCW,0,S,0,0,0
D7651658,436572,442235,1,1798,1798,0,0,60,60,CCW,0,S,0,0,0
D7651658,436573,442236,1,1798,1798,0,0,60,60,CCW,0,S,0,0,0
D7651658,436574,442237,1,1796,1798,0,0,60,60,CCW,0,S,0,0,0
D7651658,436575,442238,1,1798,1798,0,0,60,60,CCW,0,S,0,0,0
D7651658,436576,442239,1,1797,1798,0,0,60,60,CCW,0,S,0,0,0
D7651658,436577,442240,1,1797,1798,0,0,60,60,CCW,0,S,0,0,0
D7651658,436578,442241,1,1797,1798,0,0,60,60,CCW,0,S,0,0,0
D7651658,436579,442242,1,1799,1798,0,0,60,60,CCW,0,S,0,0,0
D7651658,436580,442243,1,1797,1798,0,0,60,60,CCW,0,S,0,0,0
D7651658,436581,442244,1,1798,1798,0,0,60,60,CCW,0,S,0,0,0
D7651658,436582,442245,1,1794,1798,0,0,60,60,CCW,0,S,0,0,0
D7651658,436583,442246,1,1798,1798,0,0,60,60,CCW,0,S,0,0,0
D7651658,436584,442247,1,1796,1798,0,0,60,60,CCW,0,S,0,0,0
D7651658,436585,442248,1,1799,1798,0,0,60,60,CCW,0,S,0,0,0
D7651658,436586,442249,1,1796,1798,0,0,60,60,CCW,0,S,0,0,0
D7651658,436587,442250,1,1798,1798,0,0,60,60,CCW,0,S,0,0,0
D7651658,436588,442251,1,1796,1798,0,0,60,60,CCW,0,S,0,0,0
D7651658,436589,442252,1,1797,1798,0,0,60,60,CCW,0,S,0,0,0
D7651658,436590,442253,1,1797,1798,0,0,60,60,CCW,0,S,0,0,0
D7651658,436591,442254,1,1797,1798,0,0,60,60,CCW,0,S,0,0,0
D7651658,436592,442255,1,1797,1798,0,0,60,60,CCW,0,S,0,0,0
D7651658,436593,442256,1,1797,1798,0,0,60,60,CCW,0,S,0,0,0
D7651658,436594,442257,1,1796,1798,0,0,60,60,CCW,0,S,0,0,0
D7651658,436595,442258,1,1798,1798,0,0,60,60,CCW,0,S,0,0,0
D7651658,436596,442259,1,1797,1798,0,0,60,60,CCW,0,S,0,0,0
D7651658,436597,442260,1,1797,1798,0,0,60,60,CCW,0,S,0,0,0
D7651658,436598,442261,1,1796,1798,0,0,60,60,CCW,0,S,0,0,0
D7651658,436599,442262,1,1798,1798,0,0,60,60,CCW,0,S,0,0,0
D7651658,436600,442263,1,1799,1798,0,0,60,60,CCW,0,S,0,0,0
D7651658,436601,442264,1,1799,1798,0,0,60,60,CCW,0,S,0,0,0
D7651658,436602,442265,1,1798,1798,0,0,60,60,CCW,0,S,0,0,0
D7651658,436603,442266,1,1798,1798,0,0,60,60,CCW,0,S,0,0,0
D7651658,436604,442267,1,1798,1798,0,0,60,60,CCW,0,S,0,0,0
D7651658,436605,442268,1,1798,1798,0,0,60,60,CCW,0,S,0,0,0
D7651658,436606,442269,1,1799,1798,0,0,60,60,CCW,0,S,0,0,0
D7651658,436607,442270,1,1797,1798,0,0,60,60,CCW,0,S,0,0,0
D7651658,436608,442271,1,1797,1798,0,0,60,60,CCW,0,S,0,0,0
D7651658,436609,442272,1,1797,1798,0,0,60,60,CCW,0,S,0,0,0
D7651658,436610,442273,1,1800,1798,0,0,60,60,CCW,0,S,0,0,0
D7651658,436611,442274,1,1799,1798,0,0,60,60,CCW,0,S,0,0,0
D7651658,436612,442275,1,1798,1798,0,0,60,60,CCW,0,S,0,0,0
D7651658,436613,442276,1,1797,1798,0,0,60,60,CCW,0,S,0,0,0
D7651658,436614,442277,1,1798,1798,0,0,60,60,CCW,0,S,0,0,0
D7651658,436615,442279,2,1799,1798,0,0,60,60,CCW,0,S,0,1,1
D7651658,436616,442280,1,1798,1798,0,0,60,60,CCW,0,S,0,0,0
D7651658,436617,442281,1,1797,1798,0,0,60,60,CCW,0,S,0,0,0
D7651658,436618,442282,1,1797,1798,0,0,60,60,CCW,0,S,0,0,0
D7651658,436619,442283,1,1797,1798,0,0,60,60,CCW,0,S,0,0,0
D7651658,436620,442284,1,1798,1798,0,0,60,60,CCW,0,S,0,0,0
D7651658,436621,442285,1,1798,1798,0,0,60,60,CCW,0,S,0,0,0
D7651658,436622,442286,1,1798,1798,0,0,60,60,CCW,0,S,0,0,0
D7651658,436623,442287,1,1800,1798,0,0,60,60,CCW,0,S,0,0,0
D7651658,436624,442288,1,1797,1798,0,0,60,60,CCW,0,S,0,0,0
D7651658,436625,442289,1,1798,1798,0,0,60,60,CCW,0,S,0,0,0
D7651658,436626,442290,1,1798,1798,0,0,60,60,CCW,0,S,0,0,0
D7651658,436627,442291,1,1798,1798,0,0,60,60,CCW,0,S,0,0,0
D7651658,436628,442292,1,1798,1798,0,0,60,60,CCW,0,S,0,0,0
D7651658,436629,442293,1,1801,1798,0,0,60,60,CCW,0,S,0,0,0
D7651658,436630,442294,1,1796,1798,0,0,60,60,CCW,0,S,0,0,0
D7651658,436631,442295,1,1798,1798,0,0,60,60,CCW,0,S,0,0,0
D7651658,436632,442296,1,1797,1798,0,0,60,60,CCW,0,S,0,0,0
D7651658,436633,442297,1,1797,1798,0,0,60,60,CCW,0,S,0,0,0
D7651658,436634,442298,1,1798,1798,0,0,60,60,CCW,0,S,0,0,0
D7651658,436635,442299,1,1799,1798,0,0,60,60,CCW,0,S,0,0,0
D7651658,436636,442300,1,1797,1798,0,0,60,60,CCW,0,S,0,0,0
D7651658,436637,442301,1,1798,1798,0,0,60,60,CCW,0,S,0,0,0
D7651658,436638,442302,1,1799,1798,0,0,60,60,CCW,0,S,0,0,0
D7651658,436639,442303,1,1797,1798,0,0,60,60,CCW,0,S,0,0,0
D7651658,436640,442304,1,1795,1798,0,0,60,60,CCW,0,S,0,0,0
D7651658,436641,442305,1,1799,1798,0,0,60,60,CCW,0,S,0,0,0
D7651658,436642,442306,1,1800,1798,0,0,60,60,CCW,0,S,0,0,0
D7651658,436643,442307,1,1797,1798,0,0,60,60,CCW,0,S,0,0,0
D7651658,436644,442308,1,1795,1798,0,0,60,60,CCW,0,S,0,0,0
D7651658,436645,442309,1,1796,1798,0,0,60,60,CCW,0,S,0,0,0
D7651658,436646,442310,1,1798,1798,0,0,60,60,CCW,0,S,0,0,0
D7651658,436647,442311,1,1797,1798,0,0,60,60,CCW,0,S,0,0,0
D7651658,436648,442312,1,1798,1798,0,0,60,60,CCW,0,S,0,0,0
D7651658,436649,442313,1,1799,1798,0,0,60,60,CCW,0,S,0,0,0
D7651658,436650,442314,1,1797,1798,0,0,60,60,CCW,0,S,0,0,0
D7651658,436651,442315,1,1798,1798,0,0,60,60,CCW,0,S,0,0,0
D7651658,436652,442316,1,1797,1798,0,0,60,60,CCW,0,S,0,0,0
D7651658,436653,442317,1,1799,1798,0,0,60,60,CCW,0,S,0,0,0
D7651658,436654,442318,1,1797,1798,0,0,60,60,CCW,0,S,0,0,0
D7651658,436655,442319,1,1798,1798,0,0,60,60,CCW,0,S,0,0,0
D7651658,436656,442320,1,1790,1798,0,0,60,60,CCW,0,S,0,0,0
D7651658,436657,442321,1,1796,1798,0,0,60,60,CCW,0,S,0,0,0
D7651658,436658,442322,1,1797,1798,0,0,60,60,CCW,0,S,0,0,0
D7651658,436659,442323,1,1797,1798,0,0,60,60,CCW,0,S,0,0,0
D7651658,436660,442324,1,1797,1798,0,0,60,60,CCW,0,S,0,0,0
D7651658,436661,442325,1,1798,1798,0,0,60,60,CCW,0,S,0,0,0
D7651658,436662,442326,1,1797,1798,0,0,60,60,CCW,0,S,0,0,0
D7651658,436663,442327,1,1800,1798,0,0,60,60,CCW,0,S,0,0,0
D7651658,436664,442328,1,1798,1798,0,0,60,60,CCW,0,S,0,0,0
D7651658,436665,442329,1,1797,1798,0,0,60,60,CCW,0,S,0,0,0
D7651658,436666,442330,1,1799,1798,0,0,60,60,CCW,0,S,0,0,0
D7651658,436667,442331,1,1797,1798,0,0,60,60,CCW,0,S,0,0,0
D7651658,436668,442332,1,1798,1798,0,0,60,60,CCW,0,S,0,0,0
D7651658,436669,442333,1,1796,1798,0,0,60,60,CCW,0,S,0,0,0
D7651658,436670,442334,1,1798,1798,0,0,60,60,CCW,0,S,0,0,0
D7651658,436671,442335,1,1798,1798,0,0,60,60,CCW,0,S,0,0,0
D7651658,436672,442336,1,1797,1798,0,0,60,60,CCW,0,S,0,0,0
D7651658,436673,442337,1,1798,1798,0,0,60,60,CCW,0,S,0,0,0
D7651658,436674,442338,1,1797,1798,0,0,60,60,CCW,0,S,0,0,0
D7651658,436675,442339,1,1797,1798,0,0,60,60,CCW,0,S,0,0,0
D7651658,436676,442340,1,1798,1798,0,0,60,60,CCW,0,S,0,0,0
D7651658,436677,442341,1,1804,1798,0,0,60,60,CCW,0,S,0,0,0
D7651658,436678,442342,1,1798,1798,0,0,60,60,CCW,0,S,0,0,0
D7651658,436679,442343,1,1797,1798,0,0,60,60,CCW,0,S,0,0,0
D7651658,436680,442344,1,1793,1798,0,0,60,60,CCW,0,S,0,0,0
D7651658,436681,442345,1,1798,1798,0,0,60,60,CCW,0,S,0,0,0
D7651658,436682,442346,1,1797,1798,0,0,60,60,CCW,0,S,0,0,0
D7651658,436683,442347,1,1797,1798,0,0,60,60,CCW,0,S,0,0,0
D7651658,436684,442348,1,1798,1798,0,0,60,60,CCW,0,S,0,0,0
D7651658,436685,442349,1,1797,1798,0,0,60,60,CCW,0,S,0,0,0
D7651658,436686,442350,1,1798,1798,0,0,60,60,CCW,0,S,0,0,0
D7651658,436687,442351,1,1796,1798,0,0,60,60,CCW,0,S,0,0,0
D7651658,436688,442352,1,1797,1798,0,0,60,60,CCW,0,S,0,0,0
D7651658,436689,442353,1,1798,1798,0,0,60,60,CCW,0,S,0,0,0
D7651658,436690,442354,1,1797,1798,0,0,60,60,CCW,0,S,0,0,0
D7651658,436691,442355,1,1799,1798,0,0,60,60,CCW,0,S,0,0,0
D7651658,436692,442356,1,1798,1798,0,0,60,60,CCW,0,S,0,0,0
D7651658,436693,442357,1,1796,1798,0,0,60,60,CCW,0,S,0,0,0
D7651658,436694,442358,1,1797,1798,0,0,60,60,CCW,0,S,0,0,0
D7651658,436695,442359,1,1796,1798,0,0,60,60,CCW,0,S,0,0,0
D7651658,436696,442360,1,1790,1798,0,0,60,60,CCW,0,S,0,0,0
D7651658,436697,442361,1,1799,1798,0,0,60,60,CCW,0,S,0,0,0
D7651658,436698,442362,1,1797,1798,0,0,60,60,CCW,0,S,0,0,0
D7651658,436699,442363,1,1797,1798,0,0,60,60,CCW,0,S,0,0,0
D7651658,436700,442364,1,1798,1798,0,0,60,60,CCW,0,S,0,0,0
D7651658,436701,442365,1,1800,1798,0,0,60,60,CCW,0,S,0,0,0
D7651658,436702,442366,1,1798,1798,0,0,60,60,CCW,0,S,0,0,0
D7651658,436703,442367,1,1797,1798,0,0,60,60,CCW,0,S,0,0,0
D7651658,436704,442368,1,1797,1798,0,0,60,60,CCW,0,S,0,0,0
D7651658,436705,442369,1,1797,1798,0,0,60,60,CCW,0,S,0,0,0
D7651658,436706,442370,1,1798,1798,0,0,60,60,CCW,0,S,0,0,0
D7651658,436707,442371,1,1796,1798,0,0,60,60,CCW,0,S,0,0,0
D7651658,436708,442372,1,1798,1798,0,0,60,60,CCW,0,S,0,0,0
D7651658,436709,442373,1,1798,1798,0,0,60,60,CCW,0,S,0,0,0
D7651658,436710,442374,1,1797,1798,0,0,60,60,CCW,0,S,0,0,0
D7651658,436711,442375,1,1796,1798,0,0,60,60,CCW,0,S,0,0,0
D7651658,436712,442376,1,1798,1798,0,0,60,60,CCW,0,S,0,0,0
D7651658,436713,442377,1,1798,1798,0,0,60,60,CCW,0,S,0,0,0
D7651658,436714,442378,1,1797,1798,0,0,60,60,CCW,0,S,0,0,0
D7651658,436715,442379,1,1798,1798,0,0,60,60,CCW,0,S,0,0,0
D7651658,436716,442380,1,1797,1798,0,0,60,60,CCW,0,S,0,0,0
D7651658,436717,442381,1,1799,1798,0,0,60,60,CCW,0,S,0,0,0
D7651658,436718,442382,1,1798,1798,0,0,60,60,CCW,0,S,0,0,0
D7651658,436719,442383,1,1794,1798,0,0,60,60,CCW,0,S,0,0,0
D7651658,436720,442384,1,1799,1798,0,0,60,60,CCW,0,S,0,0,0
D7651658,436721,442385,1,1797,1798,0,0,60,60,CCW,0,S,0,0,0
D7651658,436722,442386,1,1796,1798,0,0,60,60,CCW,0,S,0,0,0
D7651658,436723,442387,1,1801,1798,0,0,60,60,CCW,0,S,0,0,0
D7651658,436724,442388,1,1797,1798,0,0,60,60,CCW,0,S,0,0,0
D7651658,436725,442389,1,1798,1798,0,0,60,60,CCW,0,S,0,0,0
D7651658,436726,442390,1,1795,1798,0,0,60,60,CCW,0,S,0,0,0
D7651658,436727,442391,1,1796,1798,0,0,60,60,CCW,0,S,0,0,0
D7651658,436728,442392,1,1798,1798,0,0,60,60,CCW,0,S,0,0,0
D7651658,436729,442393,1,1796,1798,0,0,60,60,CCW,0,S,0,0,0
D7651658,436730,442394,1,1796,1798,0,0,60,60,CCW,0,S,0,0,0
D7651658,436731,442395,1,1797,1798,0,0,60,60,CCW,0,S,0,0,0
D7651658,436732,442396,1,1797,1798,0,0,60,60,CCW,0,S,0,0,0
D7651658,436733,442397,1,1797,1798,0,0,60,60,CCW,0,S,0,0,0
D7651658,436734,442398,1,1796,1798,0,0,60,60,CCW,0,S,0,0,0
D7651658,436735,442399,1,1797,1798,0,0,60,60,CCW,0,S,0,0,0
D7651658,436736,442400,1,1797,1798,0,0,60,60,CCW,0,S,0,0,0
D7651658,436737,442401,1,1796,1798,0,0,60,60,CCW,0,S,0,0,0
D7651658,436738,442402,1,1796,1798,0,0,60,60,CCW,0,S,0,0,0
D7651658,436739,442403,1,1796,1798,0,0,60,60,CCW,0,S,0,0,0
D7651658,436740,442404,1,1798,1798,0,0,60,60,CCW,0,S,0,0,0
D7651658,436741,442405,1,1797,1798,0,0,60,60,CCW,0,S,0,0,0
D7651658,436742,442406,1,1796,1798,0,0,60,60,CCW,0,S,0,0,0
D7651658,436743,442407,1,1795,1798,0,0,60,60,CCW,0,S,0,0,0
D7651658,436744,442408,1,1796,1798,0,0,60,60,CCW,0,S,0,0,0
D7651658,436745,442409,1,1796,1798,0,0,60,60,CCW,0,S,0,0,0
D7651658,436746,442410,1,1795,1798,0,0,60,60,CCW,0,S,0,0,0
D7651658,436747,442411,1,1796,1798,0,0,60,60,CCW,0,S,0,0,0
D7651658,436748,442412,1,1796,1798,0,0,60,60,CCW,0,S,0,0,0
D7651658,436749,442413,1,1797,1798,0,0,60,60,CCW,0,S,0,0,0
D7651658,436750,442414,1,1799,1798,0,0,60,60,CCW,0,S,0,0,0
D7651658,436751,442415,1,1797,1798,0,0,60,60,CCW,0,S,0,0,0
D7651658,436752,442416,1,1797,1798,0,0,60,60,CCW,0,S,0,0,0
D7651658,436753,442417,1,1797,1798,0,0,60,60,CCW,0,S,0,0,0
D7651658,436754,442418,1,1796,1798,0,0,60,60,CCW,0,S,0,0,0
D7651658,436755,442419,1,1796,1798,0,0,60,60,CCW,0,S,0,0,0
D7651658,436756,442420,1,1796,1798,0,0,60,60,CCW,0,S,0,0,0
D7651658,436757,442421,1,1798,1798,0,0,60,60,CCW,0,S,0,0,0
D7651658,436758,442422,1,1796,1798,0,0,60,60,CCW,0,S,0,0,0
D7651658,436759,442423,1,1798,1798,0,0,60,60,CCW,0,S,0,0,0
D7651658,436760,442424,1,1796,1798,0,0,60,60,CCW,0,S,0,0,0
D7651658,436761,442425,1,1795,1798,0,0,60,60,CCW,0,S,0,0,0
D7651658,436762,442426,1,1796,1798,0,0,60,60,CCW,0,S,0,0,0
D7651658,436763,442427,1,1798,1798,0,0,60,60,CCW,0,S,0,0,0
D7651658,436764,442428,1,1797,1798,0,0,60,60,CCW,0,S,0,0,0
D7651658,436765,442429,1,1797,1798,0,0,60,60,CCW,0,S,0,0,0
D7651658,436766,442430,1,1807,1798,0,0,60,60,CCW,0,S,0,0,0
D7651658,436767,442431,1,1796,1798,0,0,60,60,CCW,0,S,0,0,0
D7651658,436768,442432,1,1796,1798,0,0,60,60,CCW,0,S,0,0,0
D7651658,436769,442433,1,1798,1798,0,0,60,60,CCW,0,S,0,0,0
D7651658,436770,442434,1,1796,1798,0,0,60,60,CCW,0,S,0,0,0
D7651658,436771,442435,1,1797,1798,0,0,60,60,CCW,0,S,0,0,0
D7651658,436772,442436,1,1797,1798,0,0,60,60,CCW,0,S,0,0,0
D7651658,436773,442437,1,1797,1798,0,0,60,60,CCW,0,S,0,0,0
D7651658,436774,442438,1,1797,1798,0,0,60,60,CCW,0,S,0,0,0
D7651658,436775,442439,1,1795,1798,0,0,60,60,CCW,0,S,0,0,0
D7651658,436776,442440,1,1797,1798,0,0,60,60,CCW,0,S,0,0,0
D7651658,436777,442441,1,1796,1798,0,0,60,60,CCW,0,S,0,0,0
D7651658,436778,442442,1,1797,1798,0,0,60,60,CCW,0,S,0,0,0
D7651658,436779,442443,1,1797,1798,0,0,60,60,CCW,0,S,0,0,0
D7651658,436780,442444,1,1797,1798,0,0,60,60,CCW,0,S,0,0,0
D7651658,436781,442445,1,1797,1798,0,0,60,60,CCW,0,S,0,0,0
D7651658,436782,442446,1,1793,1798,0,0,60,60,CCW,0,S,0,0,0
D7651658,436783,442447,1,1795,1798,0,0,60,60,CCW,0,S,0,0,0
D7651658,436784,442448,1,1796,1798,0,0,60,60,CCW,0,S,0,0,0
D7651658,436785,442449,1,1796,1798,0,0,60,60,CCW,0,S,0,0,0
D7651658,436786,442450,1,1797,1798,0,0,60,60,CCW,0,S,0,0,0
D7651658,436787,442451,1,1797,1798,0,0,60,60,CCW,0,S,0,0,0
D7651658,436788,442452,1,1797,1798,0,0,60,60,CCW,0,S,0,0,0
D7651658,436789,442453,1,1798,1798,0,0,60,60,CCW,0,S,0,0,0
D7651658,436790,442454,1,1798,1798,0,0,60,60,CCW,0,S,0,0,0
D7651658,436791,442455,1,1796,1798,0,0,60,60,CCW,0,S,0,0,0
D7651658,436792,442456,1,1794,1798,0,0,60,60,CCW,0,S,0,0,0
D7651658,436793,442457,1,1797,1798,0,0,60,60,CCW,0,S,0,0,0
D7651658,436794,442458,1,1796,1798,0,0,60,60,CCW,0,S,0,0,0
D7651658,436795,442459,1,1797,1798,0,0,60,60,CCW,0,S,0,0,0
D7651658,436796,442460,1,1796,1798,0,0,60,60,CCW,0,S,0,0,0
D7651658,436797,442461,1,1800,1798,0,0,60,60,CCW,0,S,0,0,0
D7651658,436798,442462,1,1796,1798,0,0,60,60,CCW,0,S,0,0,0
D7651658,436799,442463,1,1797,1798,0,0,60,60,CCW,0,S,0,0,0
D7651658,436800,442464,1,1798,1798,0,0,60,60,CCW,0,S,0,0,0
D7651658,436801,442465,1,1795,1798,0,0,60,60,CCW,0,S,0,0,0
D7651658,436802,442466,1,1796,1798,0,0,60,60,CCW,0,S,0,0,0
D7651658,436803,442467,1,1798,1798,0,0,60,60,CCW,0,S,0,0,0
D7651658,436804,442468,1,1797,1798,0,0,60,60,CCW,0,S,0,0,0
D7651658,436805,442469,1,1797,1798,0,0,60,60,CCW,0,S,0,0,0
D7651658,436806,442470,1,1795,1798,0,0,60,60,CCW,0,S,0,0,0
D7651658,436807,442471,1,1798,1798,0,0,60,60,CCW,0,S,0,0,0
D7651658,436808,442472,1,1797,1798,0,0,60,60,CCW,0,S,0,0,0
D7651658,436809,442473,1,1797,1798,0,0,60,60,CCW,0,S,0,0,0
D7651658,436810,442474,1,1793,1798,0,0,60,60,CCW,0,S,0,0,0
D7651658,436811,442475,1,1798,1798,0,0,60,60,CCW,0,S,0,0,0
D7651658,436812,442476,1,1796,1798,0,0,60,60,CCW,0,S,0,0,0
D7651658,436813,442477,1,1795,1798,0,0,60,60,CCW,0,S,0,0,0
D7651658,436814,442478,1,1794,1798,0,0,60,60,CCW,0,S,0,0,0
D7651658,436815,442479,1,1798,1798,0,0,60,60,CCW,0,S,0,0,0
D7651658,436816,442480,1,1795,1798,0,0,60,60,CCW,0,S,0,0,0
D7651658,436817,442481,1,1797,1798,0,0,60,60,CCW,0,S,0,0,0
D7651658,436818,442482,1,1795,1798,0,0,60,60,CCW,0,S,0,0,0
D7651658,436819,442483,1,1797,1798,0,0,60,60,CCW,0,S,0,0,0
D7651658,436820,442484,1,1792,1798,0,0,60,60,CCW,0,S,0,0,0
D7651658,436821,442485,1,1796,1798,0,0,60,60,CCW,0,S,0,0,0
D7651658,436822,442486,1,1796,1798,0,0,60,60,CCW,0,S,0,0,0
D7651658,436823,442487,1,1798,1798,0,0,60,60,CCW,0,S,0,0,0
D7651658,436824,442488,1,1796,1798,0,0,60,60,CCW,0,S,0,0,0
D7651658,436825,442489,1,1796,1798,0,0,60,60,CCW,0,S,0,0,0
D7651658,436826,442490,1,1797,1798,0,0,60,60,CCW,0,S,0,0,0
D7651658,436827,442491,1,1796,1798,0,0,60,60,CCW,0,S,0,0,0
D7651658,436828,442492,1,1795,1798,0,0,60,60,CCW,0,S,0,0,0
D7651658,436829,442493,1,1796,1798,0,0,60,60,CCW,0,S,0,0,0
D7651658,436830,442494,1,1797,1798,0,0,60,60,CCW,0,S,0,0,0
D7651658,436831,442495,1,1797,1798,0,0,60,60,CCW,0,S,0,0,0
D7651658,436832,442496,1,1786,1798,0,0,60,60,CCW,0,S,0,0,0
D7651658,436833,442497,1,1796,1798,0,0,60,60,CCW,0,S,0,0,0
D7651658,436834,442498,1,1797,1798,0,0,60,60,CCW,0,S,0,0,0
D7651658,436835,442499,1,1796,1798,0,0,60,60,CCW,0,S,0,0,0
D7651658,436836,442500,1,1797,1798,0,0,60,60,CCW,0,S,0,0,0
D7651658,436837,442501,1,1796,1798,0,0,60,60,CCW,0,S,0,0,0
D7651658,436838,442502,1,1797,1798,0,0,60,60,CCW,0,S,0,0,0
D7651658,436839,442503,1,1796,1798,0,0,60,60,CCW,0,S,0,0,0
D7651658,436840,442504,1,1799,1798,0,0,60,60,CCW,0,S,0,0,0
D7651658,436841,442505,1,1796,1798,0,0,60,60,CCW,0,S,0,0,0
D7651658,436842,442506,1,1795,1798,0,0,60,60,CCW,0,S,0,0,0
D7651658,436843,442507,1,1796,1798,0,0,60,60,CCW,0,S,0,0,0
D7651658,436844,442508,1,1796,1798,0,0,60,60,CCW,0,S,0,0,0
D7651658,436845,442509,1,1796,1798,0,0,60,60,CCW,0,S,0,0,0
D7651658,436846,442510,1,1795,1798,0,0,60,60,CCW,0,S,0,0,0
D7651658,436847,442511,1,1798,1798,0,0,60,60,CCW,0,S,0,0,0
D7651658,436848,442512,1,1795,1798,0,0,60,60,CCW,0,S,0,0,0
D7651658,436849,442513,1,1796,1798,0,0,60,60,CCW,0,S,0,0,0
D7651658,436850,442514,1,1797,1798,0,0,60,60,CCW,0,S,0,0,0
D7651658,436851,442515,1,1797,1798,0,0,60,60,CCW,0,S,0,0,0
D7651658,436852,442516,1,1791,1798,0,0,60,60,CCW,0,S,0,0,0
D7651658,436853,442517,1,1796,1798,0,0,60,60,CCW,0,S,0,0,0
D7651658,436854,442518,1,1796,1798,0,0,60,60,CCW,0,S,0,0,0
D7651658,436855,442519,1,1796,1798,0,0,60,60,CCW,0,S,0,0,0
D7651658,436856,442520,1,1798,1798,0,0,60,60,CCW,0,S,0,0,0
D7651658,436857,442521,1,1796,1798,0,0,60,60,CCW,0,S,0,0,0
D7651658,436858,442522,1,1796,1798,0,0,60,60,CCW,0,S,0,0,0
D7651658,436859,442523,1,1796,1798,0,0,60,60,CCW,0,S,0,0,0
D7651658,436860,442524,1,1795,1798,0,0,60,60,CCW,0,S,0,0,0
D7651658,436861,442525,1,1796,1798,0,0,60,60,CCW,0,S,0,0,0
D7651658,436862,442526,1,1798,1798,0,0,60,60,CCW,0,S,0,0,0
D7651658,436863,442528,2,1795,1798,0,0,60,60,CCW,0,S,0,1,1
D7651658,436864,442529,1,1797,1798,0,0,60,60,CCW,0,S,0,0,0
D7651658,436865,442530,1,1797,1798,0,0,60,60,CCW,0,S,0,0,0
D7651658,436866,442531,1,1796,1798,0,0,60,60,CCW,0,S,0,0,0
D7651658,436867,442532,1,1794,1798,0,0,60,60,CCW,0,S,0,0,0
D7651658,436868,442533,1,1794,1798,0,0,60,60,CCW,0,S,0,0,0
D7651658,436869,442534,1,1797,1798,0,0,60,60,CCW,0,S,0,0,0
D7651658,436870,442535,1,1795,1798,0,0,60,60,CCW,0,S,0,0,0
D7651658,436871,442536,1,1795,1798,0,0,60,60,CCW,0,S,0,0,0
D7651658,436872,442537,1,1795,1798,0,0,60,60,CCW,0,S,0,0,0
D7651658,436873,442538,1,1797,1798,0,0,60,60,CCW,0,S,0,0,0
D7651658,436874,442539,1,1795,1798,0,0,60,60,CCW,0,S,0,0,0
D7651658,436875,442540,1,1795,1798,0,0,60,60,CCW,0,S,0,0,0
D7651658,436876,442541,1,1793,1798,0,0,60,60,CCW,0,S,0,0,0
D7651658,436877,442542,1,1795,1798,0,0,60,60,CCW,0,S,0,0,0
D7651658,436878,442543,1,1796,1798,0,0,60,60,CCW,0,S,0,0,0
D7651658,436879,442544,1,1794,1798,0,0,60,60,CCW,0,S,0,0,0
D7651658,436880,442545,1,1794,1798,0,0,60,60,CCW,0,S,0,0,0
D7651658,436881,442546,1,1797,1798,0,0,60,60,CCW,0,S,0,0,0
D7651658,436882,442547,1,1794,1798,0,0,60,60,CCW,0,S,0,0,0
D7651658,436883,442548,1,1795,1798,0,0,60,60,CCW,0,S,0,0,0
D7651658,436884,442549,1,1795,1798,0,0,60,60,CCW,0,S,0,0,0
D7651658,436885,442550,1,1794,1798,0,0,60,60,CCW,0,S,0,0,0
D7651658,436886,442551,1,1794,1798,0,0,60,60,CCW,0,S,0,0,0
D7651658,436887,442552,1,1795,1798,0,0,60,60,CCW,0,S,0,0,0
D7651658,436888,442553,1,1795,1798,0,0,60,60,CCW,0,S,0,0,0
D7651658,436889,442554,1,1795,1798,0,0,60,60,CCW,0,S,0,0,0
D7651658,436890,442555,1,1797,1798,0,0,60,60,CCW,0,S,0,0,0
D7651658,436891,442556,1,1795,1798,0,0,60,60,CCW,0,S,0,0,0
D7651658,436892,442557,1,1794,1798,0,0,60,60,CCW,0,S,0,0,0
D7651658,436893,442558,1,1796,1798,0,0,60,60,CCW,0,S,0,0,0
D7651658,436894,442559,1,1797,1798,0,0,60,60,CCW,0,S,0,0,0
D7651658,436895,442560,1,1795,1798,0,0,60,60,CCW,0,S,0,0,0
D7651658,436896,442561,1,1806,1798,0,0,60,60,CCW,0,S,0,0,0
D7651658,436897,442562,1,1794,1798,0,0,60,60,CCW,0,S,0,0,0
D7651658,436898,442563,1,1794,1798,0,0,60,60,CCW,0,S,0,0,0
D7651658,436899,442564,1,1794,1798,0,0,60,60,CCW,0,S,0,0,0
D7651658,436900,442565,1,1791,1798,0,0,60,60,CCW,0,S,0,0,0
D7651658,436901,442566,1,1793,1798,0,0,60,60,CCW,0,S,0,0,0
D7651658,436902,442567,1,1794,1798,0,0,60,60,CCW,0,S,0,0,0
D7651658,436903,442568,1,1794,1798,0,0,60,60,CCW,0,S,0,0,0
D7651658,436904,442569,1,1795,1798,0,0,60,60,CCW,0,S,0,0,0
D7651658,436905,442570,1,1796,1798,0,0,60,60,CCW,0,S,0,0,0
D7651658,436906,442571,1,1796,1798,0,0,60,60,CCW,0,S,0,0,0
D7651658,436907,442572,1,1794,1798,0,0,60,60,CCW,0,S,0,0,0
D7651658,436908,442573,1,1795,1798,0,0,60,60,CCW,0,S,0,0,0
D7651658,436909,442574,1,1795,1798,0,0,60,60,CCW,0,S,0,0,0
D7651658,436910,442575,1,1795,1798,0,0,60,60,CCW,0,S,0,0,0
D7651658,436911,442576,1,1795,1798,0,0,60,60,CCW,0,S,0,0,0
D7651658,436912,442577,1,1795,1798,0,0,60,60,CCW,0,S,0,0,0
D7651658,436913,442578,1,1795,1798,0,0,60,60,CCW,0,S,0,0,0
D7651658,436914,442579,1,1795,1798,0,0,60,60,CCW,0,S,0,0,0
D7651658,436915,442580,1,1792,1798,0,0,60,60,CCW,0,S,0,0,0
D7651658,436916,442581,1,1794,1798,0,0,60,60,CCW,0,S,0,0,0
D7651658,436917,442582,1,1793,1798,0,0,60,60,CCW,0,S,0,0,0
D7651658,436918,442583,1,1794,1798,0,0,60,60,CCW,0,S,0,0,0
D7651658,436919,442584,1,1793,1798,0,0,60,60,CCW,0,S,0,0,0
D7651658,436920,442585,1,1794,1798,0,0,60,60,CCW,0,S,0,0,0
D7651658,436921,442586,1,1794,1798,0,0,60,60,CCW,0,S,0,0,0
D7651658,436922,442587,1,1794,1798,0,0,60,60,CCW,0,S,0,0,0
D7651658,436923,442588,1,1794,1798,0,0,60,60,CCW,0,S,0,0,0
D7651658,436924,442589,1,1794,1798,0,0,60,60,CCW,0,S,0,0,0
D7651658,436925,442590,1,1794,1798,0,0,60,60,CCW,0,S,0,0,0
D7651658,436926,442591,1,1794,1798,0,0,60,60,CCW,0,S,0,0,0
D7651658,436927,442592,1,1793,1798,0,0,60,60,CCW,0,S,0,0,0
D7651658,436928,442593,1,1792,1798,0,0,60,60,CCW,0,S,0,0,0
D7651658,436929,442594,1,1792,1798,0,0,60,60,CCW,0,S,0,0,0
D7651658,436930,442595,1,1794,1798,0,0,60,60,CCW,0,S,0,0,0
D7651658,436931,442596,1,1794,1798,0,0,60,60,CCW,0,S,0,0,0
D7651658,436932,442597,1,1794,1798,0,0,60,60,CCW,0,S,0,0,0
D7651658,436933,442598,1,1793,1798,0,0,60,60,CCW,0,S,0,0,0
D7651658,436934,442599,1,1793,1798,0,0,60,60,CCW,0,S,0,0,0
D7651658,436935,442600,1,1789,1798,0,0,60,60,CCW,0,S,0,0,0
D7651658,436936,442601,1,1793,1798,0,0,60,60,CCW,0,S,0,0,0
D7651658,436937,442602,1,1792,1798,0,0,60,60,CCW,0,S,0,0,0
D7651658,436938,442603,1,1793,1798,0,0,60,60,CCW,0,S,0,0,0
D7651658,436939,442604,1,1794,1798,0,0,60,60,CCW,0,S,0,0,0
D7651658,436940,442605,1,1794,1798,0,0,60,60,CCW,0,S,0,0,0
D7651658,436941,442606,1,1793,1798,0,0,60,60,CCW,0,S,0,0,0
D7651658,436942,442607,1,1795,1798,0,0,60,60,CCW,0,S,0,0,0
D7651658,436943,442608,1,1795,1798,0,0,60,60,CCW,0,S,0,0,0
D7651658,436944,442609,1,1796,1798,0,0,60,60,CCW,0,S,0,0,0
D7651658,436945,442610,1,1792,1798,0,0,60,60,CCW,0,S,0,0,0
D7651658,436946,442611,1,1795,1798,0,0,60,60,CCW,0,S,0,0,0
D7651658,436947,442612,1,1794,1798,0,0,60,60,CCW,0,S,0,0,0
D7651658,436948,442613,1,1794,1798,0,0,60,60,CCW,0,S,0,0,0
D7651658,436949,442614,1,1793,1798,0,0,60,60,CCW,0,S,0,0,0
D7651658,436950,442615,1,1792,1798,0,0,60,60,CCW,0,S,0,0,0
D7651658,436951,442616,1,1794,1798,0,0,60,60,CCW,0,S,0,0,0
D7651658,436952,442617,1,1793,1798,0,0,60,60,CCW,0,S,0,0,0
D7651658,436953,442618,1,1795,1798,0,0,60,60,CCW,0,S,0,0,0
D7651658,436954,442619,1,1799,1798,0,0,60,60,CCW,0,S,0,0,0
D7651658,436955,442620,1,1793,1798,0,0,60,60,CCW,0,S,0,0,0
D7651658,436956,442621,1,1795,1798,0,0,60,60,CCW,0,S,0,0,0
D7651658,436957,442622,1,1793,1798,0,0,60,60,CCW,0,S,0,0,0
D7651658,436958,442623,1,1792,1798,0,0,60,60,CCW,0,S,0,0,0
D7651658,436959,442624,1,1796,1798,0,0,60,60,CCW,0,S,0,0,0
D7651658,436960,442625,1,1793,1798,0,0,60,60,CCW,0,S,0,0,0
D7651658,436961,442626,1,1793,1798,0,0,60,60,CCW,0,S,0,0,0
D7651658,436962,442627,1,1793,1798,0,0,60,60,CCW,0,S,0,0,0
D7651658,436963,442628,1,1792,1798,0,0,60,60,CCW,0,S,0,0,0
D7651658,436964,442629,1,1793,1798,0,0,60,60,CCW,0,S,0,0,0
D7651658,436965,442630,1,1791,1798,0,0,60,60,CCW,0,S,0,0,0
D7651658,436966,442631,1,1792,1798,0,0,60,60,CCW,0,S,0,0,0
D7651658,436967,442632,1,1791,1798,0,0,60,60,CCW,0,S,0,0,0
D7651658,436968,442633,1,1792,1798,0,0,60,60,CCW,0,S,0,0,0
D7651658,436969,442634,1,1792,1798,0,0,60,60,CCW,0,S,0,0,0
D7651658,436970,442635,1,1793,1798,0,0,60,60,CCW,0,S,0,0,0
D7651658,436971,442636,1,1793,1798,0,0,60,60,CCW,0,S,0,0,0
D7651658,436972,442637,1,1793,1798,0,0,60,60,CCW,0,S,0,0,0
D7651658,436973,442638,1,1794,1798,0,0,60,60,CCW,0,S,0,0,0
D7651658,436974,442639,1,1792,1798,0,0,60,60,CCW,0,S,0,0,0
D7651658,436975,442640,1,1792,1798,0,0,60,60,CCW,0,S,0,0,0
D7651658,436976,442641,1,1793,1798,0,0,60,60,CCW,0,S,0,0,0
D7651658,436977,442642,1,1791,1798,0,0,60,60,CCW,0,S,0,0,0
D7651658,436978,442643,1,1793,1798,0,0,60,60,CCW,0,S,0,0,0
D7651658,436979,442644,1,1792,1798,0,0,60,60,CCW,0,S,0,0,0
D7651658,436980,442645,1,1792,1798,0,0,60,60,CCW,0,S,0,0,0
D7651658,436981,442646,1,1794,1798,0,0,60,60,CCW,0,S,0,0,0
D7651658,436982,442647,1,1793,1798,0,0,60,60,CCW,0,S,0,0,0
D7651658,436983,442648,1,1793,1798,0,0,60,60,CCW,0,S,0,0,0
D7651658,436984,442649,1,1792,1798,0,0,60,60,CCW,0,S,0,0,0
D7651658,436985,442650,1,1794,1798,0,0,60,60,CCW,0,S,0,0,0
D7651658,436986,442651,1,1793,1798,0,0,60,60,CCW,0,S,0,0,0
D7651658,436987,442652,1,1793,1798,0,0,60,60,CCW,0,S,0,0,0
D7651658,436988,442653,1,1792,1798,0,0,60,60,CCW,0,S,0,0,0
D7651658,436989,442654,1,1792,1798,0,0,60,60,CCW,0,S,0,0,0
D7651658,436990,442655,1,1792,1798,0,0,60,60,CCW,0,S,0,0,0
D7651658,436991,442656,1,1791,1798,0,0,60,60,CCW,0,S,0,0,0
D7651658,436992,442657,1,1793,1798,0,0,60,60,CCW,0,S,0,0,0
D7651658,436993,442658,1,1793,1798,0,0,60,60,CCW,0,S,0,0,0
D7651658,436994,442659,1,1790,1798,0,0,60,60,CCW,0,S,0,0,0
D7651658,436995,442660,1,1791,1798,0,0,60,60,CCW,0,S,0,0,0
D7651658,436996,442661,1,1791,1798,0,0,60,60,CCW,0,S,0,0,0
D7651658,436997,442662,1,1795,1798,0,0,60,60,CCW,0,S,0,0,0
D7651658,436998,442663,1,1791,1798,0,0,60,60,CCW,0,S,0,0,0
D7651658,436999,442664,1,1793,1798,0,0,60,60,CCW,0,S,0,0,0
D7651658,437000,442665,1,1793,1798,0,0,60,60,CCW,0,S,0,0,0
D7651658,437001,442666,1,1792,1798,0,0,60,60,CCW,0,S,0,0,0
D7651658,437002,442667,1,1790,1798,0,0,60,60,CCW,0,S,0,0,0
D7651658,437003,442668,1,1792,1798,0,0,60,60,CCW,0,S,0,0,0
D7651658,437004,442669,1,1792,1798,0,0,60,60,CCW,0,S,0,0,0
D7651658,437005,442670,1,1792,1798,0,0,60,60,CCW,0,S,0,0,0
D7651658,437006,442671,1,1791,1798,0,0,60,60,CCW,0,S,0,0,0
D7651658,437007,442672,1,1791,1798,0,0,60,60,CCW,0,S,0,0,0
D7651658,437008,442673,1,1792,1798,0,0,60,60,CCW,0,S,0,0,0
D7651658,437009,442674,1,1791,1798,0,0,60,60,CCW,0,S,0,0,0
D7651658,437010,442675,1,1792,1798,0,0,60,60,CCW,0,S,0,0,0
D7651658,437011,442676,1,1791,1798,0,0,60,60,CCW,0,S,0,0,0
D7651658,437012,442677,1,1792,1798,0,0,60,60,CCW,0,S,0,0,0
D7651658,437013,442678,1,1792,1798,0,0,60,60,CCW,0,S,0,0,0
D7651658,437014,442679,1,1791,1798,0,0,60,60,CCW,0,S,0,0,0
D7651658,437015,442680,1,1791,1798,0,0,60,60,CCW,0,S,0,0,0
D7651658,437016,442681,1,1791,1798,0,0,60,60,CCW,0,S,0,0,0
D7651658,437017,442682,1,1788,1798,0,0,60,60,CCW,0,S,0,0,0
D7651658,437018,442683,1,1793,1798,0,0,60,60,CCW,0,S,0,0,0
D7651658,437019,442684,1,1791,1798,0,0,60,60,CCW,0,S,0,0,0
D7651658,437020,442685,1,1790,1798,0,0,60,60,CCW,0,S,0,0,0
D7651658,437021,442686,1,1796,1798,0,0,60,60,CCW,0,S,0,0,0
D7651658,437022,442687,1,1790,1798,0,0,60,60,CCW,0,S,0,0,0
D7651658,437023,442688,1,1791,1798,0,0,60,60,CCW,0,S,0,0,0
D7651658,437024,442689,1,1789,1798,0,0,60,60,CCW,0,S,0,0,0
D7651658,437025,442690,1,1790,1798,0,0,60,60,CCW,0,S,0,0,0
D7651658,437026,442691,1,1790,1798,0,0,60,60,CCW,0,S,0,0,0
D7651658,437027,442692,1,1790,1798,0,0,60,60,CCW,0,S,0,0,0
D7651658,437028,442693,1,1796,1798,0,0,60,60,CCW,0,S,0,0,0
D7651658,437029,442694,1,1790,1798,0,0,60,60,CCW,0,S,0,0,0
D7651658,437030,442695,1,1790,1798,0,0,60,60,CCW,0,S,0,0,0
D7651658,437031,442696,1,1791,1798,0,0,60,60,CCW,0,S,0,0,0
D7651658,437032,442697,1,1790,1798,0,0,60,60,CCW,0,S,0,0,0
D7651658,437033,442698,1,1790,1798,0,0,60,60,CCW,0,S,0,0,0
D7651658,437034,442699,1,1790,1798,0,0,60,60,CCW,0,S,0,0,0
D7651658,437035,442700,1,1789,1798,0,0,60,60,CCW,0,S,0,0,0
D7651658,437036,442701,1,1790,1798,0,0,60,60,CCW,0,S,0,0,0
D7651658,437037,442702,1,1789,1798,0,0,60,60,CCW,0,S,0,0,0
D7651658,437038,442703,1,1790,1798,0,0,60,60,CCW,0,S,0,0,0
D7651658,437039,442704,1,1790,1798,0,0,60,60,CCW,0,S,0,0,0
D7651658,437040,442705,1,1793,1798,0,0,60,60,CCW,0,S,0,0,0
D7651658,437041,442706,1,1789,1798,0,0,60,60,CCW,0,S,0,0,0
D7651658,437042,442707,1,1789,1798,0,0,60,60,CCW,0,S,0,0,0
D7651658,437043,442708,1,1789,1798,0,0,60,60,CCW,0,S,0,0,0
D7651658,437044,442709,1,1790,1798,0,0,60,60,CCW,0,S,0,0,0
D7651658,437045,442710,1,1789,1798,0,0,60,60,CCW,0,S,0,0,0
D7651658,437046,442711,1,1788,1798,0,0,60,60,CCW,0,S,0,0,0
D7651658,437047,442712,1,1789,1798,0,0,60,60,CCW,0,S,0,0,0
D7651658,437048,442713,1,1788,1798,0,0,60,60,CCW,0,S,0,0,0
D7651658,437049,442714,1,1788,1798,0,0,60,60,CCW,0,S,0,0,0
D7651658,437050,442715,1,1789,1798,0,0,60,60,CCW,0,S,0,0,0
D7651658,437051,442716,1,1787,1798,0,0,60,60,CCW,0,S,0,0,0
D7651658,437052,442717,1,1789,1798,0,0,60,60,CCW,0,S,0,0,0
D7651658,437053,442718,1,1787,1798,0,0,60,60,CCW,0,S,0,0,0
D7651658,437054,442719,1,1788,1798,0,0,60,60,CCW,0,S,0,0,0
D7651658,437055,442720,1,1784,1798,0,0,60,60,CCW,0,S,0,0,0
D7651658,437056,442721,1,1788,1798,0,0,60,60,CCW,0,S,0,0,0
D7651658,437057,442722,1,1788,1798,0,0,60,60,CCW,0,S,0,0,0
D7651658,437058,442723,1,1788,1798,0,0,60,60,CCW,0,S,0,0,0
D7651658,437059,442724,1,1786,1798,0,0,60,60,CCW,0,S,0,0,0
D7651658,437060,442725,1,1788,1798,0,0,60,60,CCW,0,S,0,0,0
D7651658,437061,442726,1,1787,1798,0,0,60,60,CCW,0,S,0,0,0
D7651658,437062,442727,1,1786,1798,0,0,60,60,CCW,0,S,0,0,0
D7651658,437063,442728,1,1787,1798,0,0,60,60,CCW,0,S,0,0,0
D7651658,437064,442729,1,1788,1798,0,0,60,60,CCW,0,S,0,0,0
D7651658,437065,442730,1,1786,1798,0,0,60,60,CCW,0,S,0,0,0
D7651658,437066,442731,1,1785,1798,0,0,60,60,CCW,0,S,0,0,0
D7651658,437067,442732,1,1787,1798,0,0,60,60,CCW,0,S,0,0,0
D7651658,437068,442733,1,1785,1798,0,0,60,60,CCW,0,S,0,0,0
D7651658,437069,442734,1,1787,1798,0,0,60,60,CCW,0,S,0,0,0
D7651658,437070,442735,1,1785,1798,0,0,60,60,CCW,0,S,0,0,0
D7651658,437071,442736,1,1787,1798,0,0,60,60,CCW,0,S,0,0,0
D7651658,437072,442737,1,1784,1798,0,0,60,60,CCW,0,S,0,0,0
D7651658,437073,442738,1,1786,1798,0,0,60,60,CCW,0,S,0,0,0
D7651658,437074,442739,1,1787,1798,0,0,60,60,CCW,0,S,0,0,0
D7651658,437075,442740,1,1785,1798,0,0,60,60,CCW,0,S,0,0,0
D7651658,437076,442741,1,1788,1798,0,0,60,60,CCW,0,S,0,0,0
D7651658,437077,442742,1,1787,1798,0,0,60,60,CCW,0,S,0,0,0
D7651658,437078,442743,1,1784,1798,0,0,60,60,CCW,0,S,0,0,0
D7651658,437079,442744,1,1785,1798,0,0,60,60,CCW,0,S,0,0,0
D7651658,437080,442745,1,1785,1798,0,0,60,60,CCW,0,S,0,0,0
D7651658,437081,442746,1,1785,1798,0,0,60,60,CCW,0,S,0,0,0
D7651658,437082,442747,1,1785,1798,0,0,60,60,CCW,0,S,0,0,0
D7651658,437083,442748,1,1785,1798,0,0,60,60,CCW,0,S,0,0,0
D7651658,437084,442749,1,1784,1798,0,0,60,60,CCW,0,S,0,0,0
D7651658,437085,442750,1,1785,1798,0,0,60,60,CCW,0,S,0,0,0
D7651658,437086,442751,1,1775,1798,0,0,60,60,CCW,0,S,0,0,0
D7651658,437087,442752,1,1784,1798,0,0,60,60,CCW,0,S,0,0,0
D7651658,437088,442753,1,1785,1798,0,0,60,60,CCW,0,S,0,0,0
D7651658,437089,442754,1,1785,1798,0,0,60,60,CCW,0,S,0,0,0
D7651658,437090,442755,1,1786,1798,0,0,60,60,CCW,0,S,0,0,0
D7651658,437091,442756,1,1785,1798,0,0,60,60,CCW,0,S,0,0,0
D7651658,437092,442757,1,1784,1798,0,0,60,60,CCW,0,S,0,0,0
D7651658,437093,442758,1,1784,1798,0,0,60,60,CCW,0,S,0,0,0
D7651658,437094,442759,1,1782,1798,0,0,60,60,CCW,0,S,0,0,0
D7651658,437095,442760,1,1784,1798,0,0,60,60,CCW,0,S,0,0,0
D7651658,437096,442761,1,1785,1798,0,0,60,60,CCW,0,S,0,0,0
D7651658,437097,442762,1,1785,1798,0,0,60,60,CCW,0,S,0,0,0
D7651658,437098,442763,1,1782,1798,0,0,60,60,CCW,0,S,0,0,0
D7651658,437099,442764,1,1784,1798,0,0,60,60,CCW,0,S,0,0,0
D7651658,437100,442765,1,1782,1798,0,0,60,60,CCW,0,S,0,0,0
D7651658,437101,442766,1,1784,1798,0,0,60,60,CCW,0,S,0,0,0
D7651658,437102,442767,1,1784,1798,0,0,60,60,CCW,0,S,0,0,0
D7651658,437103,442768,1,1783,1798,0,0,60,60,CCW,0,S,0,0,0
D7651658,437104,442769,1,1783,1798,0,0,60,60,CCW,0,S,0,0,0
D7651658,437105,442770,1,1785,1798,0,0,60,60,CCW,0,S,0,0,0
D7651658,437106,442771,1,1783,1798,0,0,60,60,CCW,0,S,0,0,0
D7651658,437107,442772,1,1782,1798,0,0,60,60,CCW,0,S,0,0,0
D7651658,437108,442773,1,1783,1798,0,0,60,60,CCW,0,S,0,0,0
D7651658,437109,442774,1,1798,1798,0,0,60,60,CCW,0,S,0,0,0
D7651658,437110,442775,1,1785,1798,0,0,60,60,CCW,0,S,0,0,0
D7651658,437111,442776,1,1785,1798,0,0,60,60,CCW,0,S,0,0,0
D7651658,437112,442777,1,1784,1798,0,0,60,60,CCW,0,S,0,0,0
D7651658,437113,442778,1,1784,1798,0,0,60,60,CCW,0,S,0,0,0
D7651658,437114,442779,1,1792,1798,0,0,60,60,CCW,0,S,0,0,0
D7651658,437115,442780,1,1784,1798,0,0,60,60,CCW,0,S,0,0,0
D7651658,437116,442781,1,1783,1798,0,0,60,60,CCW,0,S,0,0,0
D7651658,437117,442782,1,1783,1798,0,0,60,60,CCW,0,S,0,0,0
D7651658,437118,442783,1,1781,1798,0,0,60,60,CCW,0,S,0,0,0
D7651658,437119,442784,1,1782,1798,0,0,60,60,CCW,0,S,0,0,0
D7651658,437120,442785,1,1780,1798,0,0,60,60,CCW,0,S,0,0,0
D7651658,437121,442786,1,1785,1798,0,0,60,60,CCW,0,S,0,0,0
D7651658,437122,442787,1,1782,1798,0,0,60,60,CCW,0,S,0,0,0
D7651658,437123,442788,1,1781,1798,0,0,60,60,CCW,0,S,0,0,0
D7651658,437124,442789,1,1774,1798,0,0,60,60,CCW,0,S,0,0,0
D7651658,437125,442790,1,1781,1798,0,0,60,60,CCW,0,S,0,0,0
D7651658,437126,442791,1,1782,1798,0,0,60,60,CCW,0,S,0,0,0
D7651658,437127,442792,1,1781,1798,0,0,60,60,CCW,0,S,0,0,0
D7651658,437128,442793,1,1784,1798,0,0,60,60,CCW,0,S,0,0,0
D7651658,437129,442794,1,1785,1798,0,0,60,60,CCW,0,S,0,0,0
D7651658,437130,442795,1,1782,1798,0,0,60,60,CCW,0,S,0,0,0
D7651658,437131,442796,1,1783,1798,0,0,60,60,CCW,0,S,0,0,0
D7651658,437132,442797,1,1783,1798,0,0,60,60,CCW,0,S,0,0,0
D7651658,437133,442798,1,1783,1798,0,0,60,60,CCW,0,S,0,0,0
D7651658,437134,442799,1,1785,1798,0,0,60,60,CCW,0,S,0,0,0
D7651658,437135,442800,1,1783,1798,0,0,60,60,CCW,0,S,0,0,0
D7651658,437136,442801,1,1783,1798,0,0,60,60,CCW,0,S,0,0,0
D7651658,437137,442802,1,1782,1798,0,0,60,60,CCW,0,S,0,0,0
D7651658,437138,442803,1,1785,1798,0,0,60,60,CCW,0,S,0,0,0
D7651658,437139,442804,1,1787,1798,0,0,60,60,CCW,0,S,0,0,0
D7651658,437140,442805,1,1783,1798,0,0,60,60,CCW,0,S,0,0,0
D7651658,437141,442806,1,1784,1798,0,0,60,60,CCW,0,S,0,0,0
D7651658,437142,442807,1,1785,1798,0,0,60,60,CCW,0,S,0,0,0
D7651658,437143,442808,1,1787,1798,0,0,60,60,CCW,0,S,0,0,0
D7651658,437144,442809,1,1788,1798,0,0,60,60,CCW,0,S,0,0,0
D7651658,437145,442810,1,1797,1798,0,0,60,60,CCW,0,S,0,0,0
D7651658,437146,442811,1,1783,1798,0,0,60,60,CCW,0,S,0,0,0
D7651658,437147,442812,1,1784,1798,0,0,60,60,CCW,0,S,0,0,0
D7651658,437148,442813,1,1785,1798,0,0,60,60,CCW,0,S,0,0,0
D7651658,437149,442814,1,1785,1798,0,0,60,60,CCW,0,S,0,0,0
D7651658,437150,442815,1,1786,1798,0,0,60,60,CCW,0,S,0,0,0
D7651658,437151,442816,1,1790,1798,0,0,60,60,CCW,0,S,0,0,0
D7651658,437152,442817,1,1787,1798,0,0,60,60,CCW,0,S,0,0,0
D7651658,437153,442818,1,1788,1798,0,0,60,60,CCW,0,S,0,0,0
D7651658,437154,442819,1,1788,1798,0,0,60,60,CCW,0,S,0,0,0
D7651658,437155,442820,1,1788,1798,0,0,60,60,CCW,0,S,0,0,0
D7651658,437156,442821,1,1787,1798,0,0,60,60,CCW,0,S,0,0,0
D7651658,437157,442822,1,1789,1798,0,0,60,60,CCW,0,S,0,0,0
D7651658,437158,442823,1,1789,1798,0,0,60,60,CCW,0,S,0,0,0
D7651658,437159,442824,1,1790,1798,0,0,60,60,CCW,0,S,0,0,0
D7651658,437160,442825,1,1790,1798,0,0,60,60,CCW,0,S,0,0,0
D7651658,437161,442826,1,1791,1798,0,0,60,60,CCW,0,S,0,0,0
D7651658,437162,442827,1,1790,1798,0,0,60,60,CCW,0,S,0,0,0
D7651658,437163,442828,1,1791,1798,0,0,60,60,CCW,0,S,0,0,0
D7651658,437164,442829,1,1792,1798,0,0,60,60,CCW,0,S,0,0,0
D7651658,437165,442830,1,1793,1798,0,0,60,60,CCW,0,S,0,0,0
D7651658,437166,442831,1,1793,1798,0,0,60,60,CCW,0,S,0,0,0
D7651658,437167,442832,1,1793,1798,0,0,60,60,CCW,0,S,0,0,0
D7651658,437168,442833,1,1795,1798,0,0,60,60,CCW,0,S,0,0,0
D7651658,437169,442834,1,1794,1798,0,0,60,60,CCW,0,S,0,0,0
D7651658,437170,442836,2,1798,1798,0,0,60,60,CCW,0,S,0,1,1
D7651658,437171,442837,1,1795,1798,0,0,60,60,CCW,0,S,0,0,0
D7651658,437172,442838,1,1798,1798,0,0,60,60,CCW,0,S,0,0,0
D7651658,437173,442839,1,1799,1798,0,0,60,60,CCW,0,S,0,0,0
D7651658,437174,442840,1,1801,1798,0,0,60,60,CCW,0,S,0,0,0
D7651658,437175,442841,1,1801,1798,0,0,60,60,CCW,0,S,0,0,0
D7651658,437176,442842,1,1802,1798,0,0,60,60,CCW,0,S,0,0,0
D7651658,437177,442843,1,1802,1798,0,0,60,60,CCW,0,S,0,0,0
D7651658,437178,442844,1,1822,1798,0,0,60,60,CCW,0,S,0,0,0
D7651658,437179,442845,1,1806,1798,0,0,60,60,CCW,0,S,0,0,0
D7651658,437180,442846,1,1805,1798,0,0,60,60,CCW,0,S,0,0,0
D7651658,437181,442847,1,1807,1798,0,0,60,60,CCW,0,S,0,0,0
D7651658,437182,442848,1,1807,1798,0,0,60,60,CCW,0,S,0,0,0
D7651658,437183,442849,1,1808,1798,0,0,60,60,CCW,0,S,0,0,0
D7651658,437184,442850,1,1808,1798,0,0,60,60,CCW,0,S,0,0,0
D7651658,437185,442851,1,1815,1798,0,0,60,60,CCW,0,S,0,0,0
D7651658,437186,442852,1,1810,1798,0,0,60,60,CCW,0,S,0,0,0
D7651658,437187,442853,1,1812,1798,0,0,60,60,CCW,0,S,0,0,0
D7651658,437188,442854,1,1814,1798,0,0,60,60,CCW,0,S,0,0,0
D7651658,437189,442855,1,1816,1798,0,0,60,60,CCW,0,S,0,0,0
D7651658,437190,442856,1,1816,1798,0,0,60,60,CCW,0,S,0,0,0
D7651658,437191,442857,1,1819,1798,0,0,60,60,CCW,0,S,0,0,0
D7651658,437192,442858,1,1821,1798,0,0,60,60,CCW,0,S,0,0,0
D7651658,437193,442859,1,1822,1798,0,0,60,60,CCW,0,S,0,0,0
D7651658,437194,442860,1,1824,1798,0,0,60,60,CCW,0,S,0,0,0
D7651658,437195,442861,1,1821,1798,0,0,60,60,CCW,0,S,0,0,0
D7651658,437196,442862,1,1827,1798,0,0,60,60,CCW,0,S,0,0,0
D7651658,437197,442863,1,1829,1798,0,0,60,60,CCW,0,S,0,0,0
D7651658,437198,442864,1,1830,1798,0,0,60,60,CCW,0,S,0,0,0
D7651658,437199,442865,1,1832,1798,0,0,60,60,CCW,0,S,0,0,0
D7651658,437200,442866,1,1835,1798,0,0,60,60,CCW,0,S,0,0,0
D7651658,437201,442867,1,1836,1798,38,0,60,60,CCW,1,N,0,0,0
D7651658,437202,442868,1,1838,1798,40,0,60,60,CCW,1,N,0,0,0
D7651658,437203,442870,2,1839,1798,41,0,60,60,CCW,1,N,0,1,1
D7651658,437204,442871,1,1841,1798,43,0,60,60,CCW,1,N,0,0,0
D7651658,437205,442872,1,1845,1798,47,0,60,60,CCW,1,N,0,0,0
D7651658,437206,442873,1,1847,1798,49,0,60,60,CCW,1,N,0,0,0
D7651658,437207,442874,1,1847,1798,49,0,60,60,CCW,1,N,0,0,0
D7651658,437208,442875,1,1851,1798,53,0,60,60,CCW,1,N,0,0,0
D7651658,437209,442876,1,1854,1798,56,0,60,60,CCW,1,N,0,0,0
D7651658,437210,442877,1,1855,1798,57,0,60,60,CCW,1,N,0,0,0
D7651658,437211,442878,1,1855,1798,57,0,60,60,CCW,1,N,0,0,0
D7651658,437212,442879,1,1858,1798,60,0,60,60,CCW,1,N,0,0,0
D7651658,437213,442880,1,1860,1798,62,0,60,60,CCW,1,N,0,0,0
D7651658,437214,442881,1,1863,1798,65,0,60,60,CCW,1,N,0,0,0
D7651658,437215,442882,1,1866,1798,68,0,60,60,CCW,1,N,0,0,0
D7651658,437216,442883,1,1870,1798,72,0,60,60,CCW,1,N,0,0,0
D7651658,437217,442884,1,1871,1798,73,0,60,60,CCW,1,N,0,0,0
D7651658,437218,442885,1,1873,1798,75,0,60,60,CCW,1,N,0,0,0
D7651658,437219,442886,1,1873,1798,75,0,60,60,CCW,1,N,0,0,0
D7651658,437220,442887,1,1876,1798,78,0,60,60,CCW,1,N,0,0,0
D7651658,437221,442888,1,1878,1798,80,0,60,60,CCW,1,N,0,0,0
D7651658,437222,442889,1,1883,1798,85,0,60,60,CCW,1,N,0,0,0
D7651658,437223,442890,1,1883,1798,85,0,60,60,CCW,1,N,0,0,0
D7651658,437224,442891,1,1886,1798,88,0,60,60,CCW,1,N,0,0,0
D7651658,437225,442892,1,1886,1798,88,0,60,60,CCW,1,N,0,0,0
D7651658,437226,442893,1,1890,1798,92,0,60,60,CCW,1,N,0,0,0
D7651658,437227,442894,1,1893,1798,95,0,60,60,CCW,1,N,0,0,0
D7651658,437228,442895,1,1895,1798,97,0,60,60,CCW,1,N,0,0,0
D7651658,437229,442896,1,1899,1798,101,0,60,60,CCW,1,N,0,0,0
D7651658,437230,442897,1,1900,1798,102,0,60,60,CCW,1,N,0,0,0
D7651658,437231,442898,1,1903,1798,105,0,60,60,CCW,1,N,0,0,0
D7651658,437232,442899,1,1904,1798,106,0,60,60,CCW,1,N,0,0,0
D7651658,437233,442900,1,1905,1798,107,0,60,60,CCW,1,N,0,0,0
D7651658,437234,442901,1,1908,1798,110,0,60,60,CCW,1,N,0,0,0
D7651658,437235,442902,1,1922,1798,124,0,60,60,CCW,1,N,0,0,0
D7651658,437236,442903,1,1912,1798,124,0,60,60,CCW,1,N,0,0,0
D7651658,437237,442904,1,1915,1798,124,0,60,60,CCW,1,N,0,0,0
D7651658,437238,442905,1,1917,1798,124,0,60,60,CCW,1,N,0,0,0
D7651658,437239,442906,1,1915,1798,124,0,60,60,CCW,1,N,0,0,0
D7651658,437240,442907,1,1922,1798,124,0,60,60,CCW,1,N,0,0,0
D7651658,437241,442908,1,1917,1798,124,0,60,60,CCW,1,N,0,0,0
D7651658,437242,442909,1,1927,1798,129,0,60,60,CCW,1,N,0,0,0
D7651658,437243,442910,1,1928,1798,130,0,60,60,CCW,1,N,0,0,0
D7651658,437244,442911,1,1931,1798,133,0,60,60,CCW,1,N,0,0,0
D7651658,437245,442912,1,1932,1798,134,0,60,60,CCW,1,N,0,0,0
D7651658,437246,442913,1,1935,1798,137,0,60,60,CCW,1,N,0,0,0
D7651658,437247,442914,1,1936,1798,138,0,60,60,CCW,1,N,0,0,0
D7651658,437248,442915,1,1936,1798,138,0,60,60,CCW,1,N,0,0,0
D7651658,437249,442916,1,1938,1798,140,0,60,60,CCW,1,N,0,0,0
D7651658,437250,442917,1,1938,1798,140,0,60,60,CCW,1,N,0,0,0
D7651658,437251,442918,1,1943,1798,145,0,60,60,CCW,1,N,0,0,0
D7651658,437252,442919,1,1945,1798,147,0,60,60,CCW,1,N,0,0,0
D7651658,437253,442920,1,1949,1798,151,0,60,60,CCW,1,N,0,0,0
D7651658,437254,442921,1,1948,1798,151,0,60,60,CCW,1,N,0,0,0
D7651658,437255,442922,1,1953,1798,155,0,60,60,CCW,1,N,0,0,0
D7651658,437256,442923,1,1952,1798,155,0,60,60,CCW,1,N,0,0,0
D7651658,437257,442924,1,1953,1798,155,0,60,60,CCW,1,N,0,0,0
D7651658,437258,442925,1,1957,1798,159,0,60,60,CCW,1,N,0,0,0
D7651658,437259,442926,1,1959,1798,161,0,60,60,CCW,1,N,0,0,0
D7651658,437260,442927,1,1965,1798,167,0,60,60,CCW,1,N,0,0,0
D7651658,437261,442928,1,1963,1798,167,0,60,60,CCW,1,N,0,0,0
D7651658,437262,442929,1,1968,1798,170,0,60,60,CCW,1,N,0,0,0
D7651658,437263,442930,1,1965,1798,170,0,60,60,CCW,1,N,0,0,0
D7651658,437264,442931,1,1968,1798,170,0,60,60,CCW,1,N,0,0,0
D7651658,437265,442932,1,1969,1798,171,0,60,60,CCW,1,N,0,0,0
D7651658,437266,442933,1,1969,1798,171,0,60,60,CCW,1,N,0,0,0
D7651658,437267,442934,1,1970,1798,172,0,60,60,CCW,1,N,0,0,0
D7651658,437268,442935,1,1972,1798,174,0,60,60,CCW,1,N,0,0,0
D7651658,437269,442936,1,1973,1798,175,0,60,60,CCW,1,N,0,0,0
D7651658,437270,442937,1,1975,1798,177,0,60,60,CCW,1,N,0,0,0
D7651658,437271,442938,1,1977,1798,179,0,60,60,CCW,1,N,0,0,0
D7651658,437272,442939,1,1980,1798,182,0,60,60,CCW,1,N,0,0,0
D7651658,437273,442940,1,1978,1798,182,0,60,60,CCW,1,N,0,0,0
D7651658,437274,442941,1,1981,1798,183,0,60,60,CCW,1,N,0,0,0
D7651658,437275,442942,1,1981,1798,183,0,60,60,CCW,1,N,0,0,0
D7651658,437276,442943,1,1983,1798,185,0,60,60,CCW,1,N,0,0,0
D7651658,437277,442944,1,1985,1798,187,0,60,60,CCW,1,N,0,0,0
D7651658,437278,442945,1,1985,1798,187,0,60,60,CCW,1,N,0,0,0
D7651658,437279,442946,1,1984,1798,187,0,60,60,CCW,1,N,0,0,0
D7651658,437280,442947,1,1987,1798,189,0,60,60,CCW,1,N,0,0,0
D7651658,437281,442948,1,1988,1798,190,0,60,60,CCW,1,N,0,0,0
D7651658,437282,442949,1,1987,1798,190,0,60,60,CCW,1,N,0,0,0
D7651658,437283,442950,1,1991,1798,193,0,60,60,CCW,1,N,0,0,0
D7651658,437284,442951,1,1989,1798,193,0,60,60,CCW,1,N,0,0,0
D7651658,437285,442952,1,1989,1798,193,0,60,60,CCW,1,N,0,0,0
D7651658,437286,442953,1,1996,1798,198,0,60,60,CCW,1,N,0,0,0
D7651658,437287,442954,1,1997,1798,199,0,60,60,CCW,1,N,0,0,0
D7651658,437288,442955,1,1995,1798,199,0,60,60,CCW,1,N,0,0,0
D7651658,437289,442956,1,1993,1798,199,0,60,60,CCW,1,N,0,0,0
D7651658,437290,442957,1,1997,1798,199,0,60,60,CCW,1,N,0,0,0
D7651658,437291,442958,1,1997,1798,199,0,60,60,CCW,1,N,0,0,0
D7651658,437292,442959,1,1998,1798,200,0,60,60,CCW,1,N,0,0,0
D7651658,437293,442960,1,1998,1798,200,0,60,60,CCW,1,N,0,0,0
D7651658,437294,442961,1,1999,1798,201,0,60,60,CCW,1,N,0,0,0
D7651658,437295,442962,1,1999,1798,201,0,60,60,CCW,1,N,0,0,0
D7651658,437296,442963,1,1997,1798,201,0,60,60,CCW,1,N,0,0,0
D7651658,437297,442964,1,1999,1798,201,0,60,60,CCW,1,N,0,0,0
D7651658,437298,442965,1,2000,1798,202,0,60,60,CCW,1,N,0,0,0
D7651658,437299,442966,1,1999,1798,202,0,60,60,CCW,1,N,0,0,0
D7651658,437300,442967,1,2000,1798,202,0,60,60,CCW,1,N,0,0,0
D7651658,437301,442968,1,1999,1798,202,0,60,60,CCW,1,N,0,0,0
D7651658,437302,442969,1,2000,1798,202,0,60,60,CCW,1,N,0,0,0
D7651658,437303,442970,1,2000,1798,202,0,60,60,CCW,1,N,0,0,0
D7651658,437304,442971,1,2001,1798,203,0,60,60,CCW,1,N,0,0,0
D7651658,437305,442972,1,2000,1798,203,0,60,60,CCW,1,N,0,0,0
D7651658,437306,442973,1,2000,1798,203,0,60,60,CCW,1,N,0,0,0
D7651658,437307,442974,1,2000,1798,203,0,60,60,CCW,1,N,0,0,0
D7651658,437308,442975,1,2000,1798,203,0,60,60,CCW,1,N,0,0,0
D7651658,437309,442976,1,2000,1798,203,0,60,60,CCW,1,N,0,0,0
D7651658,437310,442977,1,2000,1798,203,0,60,60,CCW,1,N,0,0,0
D7651658,437311,442978,1,2000,1798,203,0,60,60,CCW,1,N,0,0,0
D7651658,437312,442979,1,2004,1798,206,0,60,60,CCW,1,N,0,0,0
D7651658,437313,442980,1,2000,1798,206,0,60,60,CCW,1,N,0,0,0
D7651658,437314,442981,1,2000,1798,206,0,60,60,CCW,1,N,0,0,0
D7651658,437315,442982,1,1999,1798,206,0,60,60,CCW,1,N,0,0,0
D7651658,437316,442983,1,1999,1798,206,0,60,60,CCW,1,N,0,0,0
D7651658,437317,442984,1,1999,1798,206,0,60,60,CCW,1,N,0,0,0
D7651658,437318,442985,1,2000,1798,206,0,60,60,CCW,1,N,0,0,0
D7651658,437319,442986,1,1999,1798,206,0,60,60,CCW,1,N,0,0,0
D7651658,437320,442987,1,1998,1798,206,0,60,60,CCW,1,N,0,0,0
D7651658,437321,442988,1,2000,1798,206,0,60,60,CCW,1,N,0,0,0
D7651658,437322,442989,1,1999,1798,206,0,60,60,CCW,1,N,0,0,0
D7651658,437323,442990,1,1998,1798,206,0,60,60,CCW,1,N,0,0,0
D7651658,437324,442991,1,1997,1798,206,0,60,60,CCW,1,N,0,0,0
D7651658,437325,442992,1,1996,1798,206,0,60,60,CCW,1,N,0,0,0
D7651658,437326,442993,1,1996,1798,206,0,60,60,CCW,1,N,0,0,0
D7651658,437327,442994,1,1996,1798,206,0,60,60,CCW,1,N,0,0,0
D7651658,437328,442995,1,1995,1798,206,0,60,60,CCW,1,N,0,0,0
D7651658,437329,442996,1,1995,1798,206,0,60,60,CCW,1,N,0,0,0
D7651658,437330,442997,1,1992,1798,206,0,60,60,CCW,1,N,0,0,0
D7651658,437331,442998,1,1993,1798,206,0,60,60,CCW,1,N,0,0,0
D7651658,437332,442999,1,1990,1798,206,0,60,60,CCW,1,N,0,0,0
D7651658,437333,443000,1,1991,1798,206,0,60,60,CCW,1,N,0,0,0
D7651658,437334,443001,1,1980,1798,206,0,60,60,CCW,1,N,0,0,0
D7651658,437335,443002,1,1988,1798,206,0,60,60,CCW,1,N,0,0,0
D7651658,437336,443003,1,1988,1798,206,0,60,60,CCW,1,N,0,0,0
D7651658,437337,443004,1,1986,1798,206,0,60,60,CCW,1,N,0,0,0
D7651658,437338,443005,1,1987,1798,206,0,60,60,CCW,1,N,0,0,0
D7651658,437339,443006,1,1985,1798,206,0,60,60,CCW,1,N,0,0,0
D7651658,437340,443007,1,1984,1798,206,0,60,60,CCW,1,N,0,0,0
D7651658,437341,443008,1,1985,1798,206,0,60,60,CCW,1,N,0,0,0
D7651658,437342,443009,1,1981,1798,206,0,60,60,CCW,1,N,0,0,0
D7651658,437343,443010,1,1979,1798,206,0,60,60,CCW,1,N,0,0,0
D7651658,437344,443011,1,1981,1798,206,0,60,60,CCW,1,N,0,0,0
D7651658,437345,443012,1,1979,1798,206,0,60,60,CCW,1,N,0,0,0
D7651658,437346,443013,1,1976,1798,206,0,60,60,CCW,1,N,0,0,0
D7651658,437347,443014,1,1975,1798,206,0,60,60,CCW,1,N,0,0,0
D7651658,437348,443015,1,1974,1798,206,0,60,60,CCW,1,N,0,0,0
D7651658,437349,443016,1,1970,1798,206,0,60,60,CCW,1,N,0,0,0
D7651658,437350,443017,1,1969,1798,206,0,60,60,CCW,1,N,0,0,0
D7651658,437351,443018,1,1969,1798,206,0,60,60,CCW,1,N,0,0,0
D7651658,437352,443019,1,1968,1798,206,0,60,60,CCW,1,N,0,0,0
D7651658,437353,443020,1,1967,1798,206,0,60,60,CCW,1,N,0,0,0
D7651658,437354,443021,1,1967,1798,206,0,60,60,CCW,1,N,0,0,0
D7651658,437355,443022,1,1967,1798,206,0,60,60,CCW,1,N,0,0,0
D7651658,437356,443023,1,1964,1798,206,0,60,60,CCW,1,N,0,0,0
D7651658,437357,443024,1,1961,1798,206,0,60,60,CCW,1,N,0,0,0
D7651658,437358,443025,1,1959,1798,206,0,60,60,CCW,1,N,0,0,0
D7651658,437359,443026,1,1958,1798,206,0,60,60,CCW,1,N,0,0,0
D7651658,437360,443027,1,1958,1798,206,0,60,60,CCW,1,N,0,0,0
D7651658,437361,443028,1,1953,1798,206,0,60,60,CCW,1,N,0,0,0
D7651658,437362,443029,1,1953,1798,206,0,60,60,CCW,1,N,0,0,0
D7651658,437363,443030,1,1950,1798,206,0,60,60,CCW,1,N,0,0,0
D7651658,437364,443031,1,1948,1798,206,0,60,60,CCW,1,N,0,0,0
D7651658,437365,443032,1,1946,1798,206,0,60,60,CCW,1,N,0,0,0
D7651658,437366,443033,1,1944,1798,206,0,60,60,CCW,1,N,0,0,0
D7651658,437367,443034,1,1942,1798,206,0,60,60,CCW,1,N,0,0,0
D7651658,437368,443035,1,1941,1798,206,0,60,60,CCW,1,N,0,0,0
D7651658,437369,443036,1,1938,1798,206,0,60,60,CCW,1,N,0,0,0
D7651658,437370,443037,1,1938,1798,206,0,60,60,CCW,1,N,0,0,0
D7651658,437371,443038,1,1936,1798,206,0,60,60,CCW,1,N,0,0,0
D7651658,437372,443039,1,1935,1798,206,0,60,60,CCW,1,N,0,0,0
D7651658,437373,443040,1,1934,1798,206,0,60,60,CCW,1,N,0,0,0
D7651658,437374,443041,1,1930,1798,206,0,60,60,CCW,1,N,0,0,0
D7651658,437375,443042,1,1928,1798,206,0,60,60,CCW,1,N,0,0,0
D7651658,437376,443043,1,1926,1798,206,0,60,60,CCW,1,N,0,0,0
D7651658,437377,443044,1,1925,1798,206,0,60,60,CCW,1,N,0,0,0
D7651658,437378,443045,1,1924,1798,206,0,60,60,CCW,1,N,0,0,0
D7651658,437379,443046,1,1921,1798,206,0,60,60,CCW,1,N,0,0,0
D7651658,437380,443047,1,1920,1798,206,0,60,60,CCW,1,N,0,0,0
D7651658,437381,443048,1,1920,1798,206,0,60,60,CCW,1,N,0,0,0
D7651658,437382,443049,1,1917,1798,206,0,60,60,CCW,1,N,0,0,0
D7651658,437383,443050,1,1917,1798,206,0,60,60,CCW,1,N,0,0,0
D7651658,437384,443051,1,1911,1798,206,0,60,60,CCW,1,N,0,0,0
D7651658,437385,443052,1,1916,1798,206,0,60,60,CCW,1,N,0,0,0
D7651658,437386,443053,1,1908,1798,206,0,60,60,CCW,1,N,0,0,0
D7651658,437387,443054,1,1905,1798,206,0,60,60,CCW,1,N,0,0,0
D7651658,437388,443055,1,1905,1798,206,0,60,60,CCW,1,N,0,0,0
D7651658,437389,443056,1,1900,1798,206,0,60,60,CCW,1,N,0,0,0
D7651658,437390,443057,1,1903,1798,206,0,60,60,CCW,1,N,0,0,0
D7651658,437391,443058,1,1902,1798,206,0,60,60,CCW,1,N,0,0,0
D7651658,437392,443059,1,1899,1798,206,0,60,60,CCW,1,N,0,0,0
D7651658,437393,443060,1,1896,1798,206,0,60,60,CCW,1,N,0,0,0
D7651658,437394,443061,1,1894,1798,206,0,60,60,CCW,1,N,0,0,0
D7651658,437395,443062,1,1891,1798,206,0,60,60,CCW,1,N,0,0,0
D7651658,437396,443063,1,1890,1798,206,0,60,60,CCW,1,N,0,0,0
D7651658,437397,443064,1,1889,1798,206,0,60,60,CCW,1,N,0,0,0
D7651658,437398,443065,1,1887,1798,206,0,60,60,CCW,1,N,0,0,0
D7651658,437399,443066,1,1885,1798,206,0,60,60,CCW,1,N,0,0,0
D7651658,437400,443067,1,1882,1798,206,0,60,60,CCW,1,N,0,0,0
D7651658,437401,443068,1,1880,1798,206,0,60,60,CCW,1,N,0,0,0
D7651658,437402,443069,1,1878,1798,206,0,60,60,CCW,1,N,0,0,0
D7651658,437403,443070,1,1877,1798,206,0,60,60,CCW,1,N,0,0,0
D7651658,437404,443071,1,1874,1798,206,0,60,60,CCW,1,N,0,0,0
D7651658,437405,443072,1,1873,1798,206,0,60,60,CCW,1,N,0,0,0
D7651658,437406,443073,1,1866,1798,206,0,60,60,CCW,1,N,0,0,0
D7651658,437407,443074,1,1872,1798,206,0,60,60,CCW,1,N,0,0,0
D7651658,437408,443075,1,1871,1798,206,0,60,60,CCW,1,N,0,0,0
D7651658,437409,443076,1,1871,1798,206,0,60,60,CCW,1,N,0,0,0
D7651658,437410,443077,1,1868,1798,206,0,60,60,CCW,1,N,0,0,0
D7651658,437411,443078,1,1867,1798,206,0,60,60,CCW,1,N,0,0,0
D7651658,437412,443079,1,1865,1798,206,0,60,60,CCW,1,N,0,0,0
D7651658,437413,443080,1,1863,1798,206,0,60,60,CCW,1,N,0,0,0
D7651658,437414,443081,1,1861,1798,206,0,60,60,CCW,1,N,0,0,0
D7651658,437415,443082,1,1859,1798,206,0,60,60,CCW,1,N,0,0,0
D7651658,437416,443083,1,1858,1798,206,0,60,60,CCW,1,N,0,0,0
D7651658,437417,443084,1,1855,1798,206,0,60,60,CCW,1,N,0,0,0
D7651658,437418,443085,1,1854,1798,206,0,60,60,CCW,1,N,0,0,0
D7651658,437419,443086,1,1853,1798,206,0,60,60,CCW,1,N,0,0,0
D7651658,437420,443087,1,1851,1798,206,0,60,60,CCW,1,N,0,0,0
D7651658,437421,443088,1,1851,1798,206,0,60,60,CCW,1,N,0,0,0
D7651658,437422,443089,1,1849,1798,206,0,60,60,CCW,1,N,0,0,0
D7651658,437423,443090,1,1847,1798,206,0,60,60,CCW,1,N,0,0,0
D7651658,437424,443091,1,1844,1798,206,0,60,60,CCW,1,N,0,0,0
D7651658,437425,443092,1,1844,1798,206,0,60,60,CCW,1,N,0,0,0
D7651658,437426,443093,1,1843,1798,206,0,60,60,CCW,1,N,0,0,0
D7651658,437427,443094,1,1843,1798,206,0,60,60,CCW,1,N,0,0,0
D7651658,437428,443095,1,1840,1798,206,0,60,60,CCW,1,N,0,0,0
D7651658,437429,443096,1,1839,1798,206,0,60,60,CCW,1,N,0,0,0
D7651658,437430,443097,1,1840,1798,206,0,60,60,CCW,1,N,0,0,0
D7651658,437431,443098,1,1839,1798,206,0,60,60,CCW,1,N,0,0,0
D7651658,437432,443099,1,1839,1798,206,0,60,60,CCW,1,N,0,0,0
D7651658,437433,443100,1,1838,1798,206,0,60,60,CCW,1,N,0,0,0
D7651658,437434,443101,1,1837,1798,206,0,60,60,CCW,1,N,0,0,0
D7651658,437435,443102,1,1843,1798,206,0,60,60,CCW,1,N,0,0,0
D7651658,437436,443103,1,1832,1798,206,0,60,60,CCW,1,N,0,0,0
D7651658,437437,443104,1,1831,1798,206,0,60,60,CCW,1,N,0,0,0
D7651658,437438,443105,1,1831,1798,206,0,60,60,CCW,1,N,0,0,0
D7651658,437439,443106,1,1830,1798,206,0,60,60,CCW,1,N,0,0,0
D7651658,437440,443107,1,1828,1798,206,0,60,60,CCW,1,N,0,0,0
D7651658,437441,443108,1,1828,1798,206,0,60,60,CCW,1,N,0,0,0
D7651658,437442,443109,1,1827,1798,206,0,60,60,CCW,1,N,0,0,0
D7651658,437443,443110,1,1826,1798,206,0,60,60,CCW,1,N,0,0,0
D7651658,437444,443111,1,1824,1798,206,0,60,60,CCW,1,N,0,0,0
D7651658,437445,443112,1,1823,1798,206,0,60,60,CCW,1,N,0,0,0
D7651658,437446,443113,1,1825,1798,206,0,60,60,CCW,1,N,0,0,0
D7651658,437447,443114,1,1824,1798,206,0,60,60,CCW,1,N,0,0,0
D7651658,437448,443115,1,1822,1798,206,0,60,60,CCW,1,N,0,0,0
D7651658,437449,443116,1,1822,1798,206,0,60,60,CCW,1,N,0,0,0
D7651658,437450,443117,1,1821,1798,206,0,60,60,CCW,1,N,0,0,0
D7651658,437451,443118,1,1819,1798,206,0,60,60,CCW,1,N,0,0,0
D7651658,437452,443119,1,1820,1798,206,0,60,60,CCW,1,N,0,0,0
D7651658,437453,443120,1,1820,1798,206,0,60,60,CCW,1,N,0,0,0
D7651658,437454,443121,1,1818,1798,206,0,60,60,CCW,1,N,0,0,0
D7651658,437455,443122,1,1817,1798,206,0,60,60,CCW,1,N,0,0,0
D7651658,437456,443123,1,1816,1798,206,0,60,60,CCW,1,N,0,0,0
D7651658,437457,443124,1,1813,1798,206,0,60,60,CCW,1,N,0,0,0
D7651658,437458,443125,1,1814,1798,206,0,60,60,CCW,1,N,0,0,0
D7651658,437459,443126,1,1809,1798,206,0,60,60,CCW,1,N,0,0,0
D7651658,437460,443127,1,1813,1798,206,0,60,60,CCW,1,N,0,0,0
D7651658,437461,443128,1,1808,1798,206,0,60,60,CCW,1,N,0,0,0
D7651658,437462,443129,1,1811,1798,206,0,60,60,CCW,1,N,0,0,0
D7651658,437463,443130,1,1811,1798,206,0,60,60,CCW,1,N,0,0,0
D7651658,437464,443131,1,1812,1798,206,0,60,60,CCW,1,N,0,0,0
D7651658,437465,443132,1,1809,1798,206,0,60,60,CCW,1,N,0,0,0
D7651658,437466,443133,1,1809,1798,206,0,60,60,CCW,1,N,0,0,0
D7651658,437467,443134,1,1809,1798,206,0,60,60,CCW,1,N,0,0,0
D7651658,437468,443135,1,1809,1798,0,0,60,60,CCW,0,N,0,0,0
D7651658,437469,443136,1,1809,1798,0,0,60,60,CCW,0,N,0,0,0
D7651658,437470,443137,1,1809,1798,0,0,60,60,CCW,0,N,0,0,0
D7651658,437471,443138,1,1808,1798,0,0,60,60,CCW,0,N,0,0,0
D7651658,437472,443139,1,1809,1798,0,0,60,60,CCW,0,N,0,0,0
D7651658,437473,443140,1,1808,1798,0,0,60,60,CCW,0,N,0,0,0
D7651658,437474,443141,1,1806,1798,0,0,60,60,CCW,0,N,0,0,0
D7651658,437475,443143,2,1807,1798,0,0,60,60,CCW,0,N,0,1,1
D7651658,437476,443144,1,1807,1798,0,0,60,60,CCW,0,N,0,0,0
D7651658,437477,443145,1,1807,1798,0,0,60,60,CCW,0,N,0,0,0
D7651658,437478,443146,1,1806,1798,0,0,60,60,CCW,0,N,0,0,0
D7651658,437479,443147,1,1806,1798,0,0,60,60,CCW,0,N,0,0,0
D7651658,437480,443148,1,1806,1798,0,0,60,60,CCW,0,N,0,0,0
D7651658,437481,443149,1,1805,1798,0,0,60,60,CCW,0,N,0,0,0
D7651658,437482,443150,1,1806,1798,0,0,60,60,CCW,0,N,0,0,0
D7651658,437483,443151,1,1805,1798,0,0,60,60,CCW,0,N,0,0,0
D7651658,437484,443152,1,1806,1798,0,0,60,60,CCW,0,N,0,0,0
D7651658,437485,443153,1,1805,1798,0,0,60,60,CCW,0,N,0,0,0
D7651658,437486,443154,1,1805,1798,0,0,60,60,CCW,0,N,0,0,0
D7651658,437487,443155,1,1804,1798,0,0,60,60,CCW,0,N,0,0,0
D7651658,437488,443156,1,1804,1798,0,0,60,60,CCW,0,N,0,0,0
D7651658,437489,443157,1,1803,1798,0,0,60,60,CCW,0,N,0,0,0
D7651658,437490,443158,1,1803,1798,0,0,60,60,CCW,0,N,0,0,0
D7651658,437491,443159,1,1802,1798,0,0,60,60,CCW,0,N,0,0,0
D7651658,437492,443160,1,1802,1798,0,0,60,60,CCW,0,N,0,0,0
D7651658,437493,443161,1,1802,1798,0,0,60,60,CCW,0,N,0,0,0
D7651658,437494,443162,1,1802,1798,0,0,60,60,CCW,0,N,0,0,0
D7651658,437495,443163,1,1801,1798,0,0,60,60,CCW,0,N,0,0,0
D7651658,437496,443164,1,1802,1798,0,0,60,60,CCW,0,N,0,0,0
D7651658,437497,443165,1,1802,1798,0,0,60,60,CCW,0,N,0,0,0
D7651658,437498,443166,1,1805,1798,0,0,60,60,CCW,0,N,0,0,0
D7651658,437499,443167,1,1807,1798,0,0,60,60,CCW,0,N,0,0,0
D7651658,437500,443168,1,1800,1798,0,0,60,60,CCW,0,N,0,0,0
D7651658,437501,443169,1,1800,1798,0,0,60,60,CCW,0,N,0,0,0
D7651658,437502,443170,1,1800,1798,0,0,60,60,CCW,0,N,0,0,0
D7651658,437503,443171,1,1800,1798,0,0,60,60,CCW,0,N,0,0,0
D7651658,437504,443172,1,1799,1798,0,0,60,60,CCW,0,N,0,0,0
D7651658,437505,443173,1,1799,1798,0,0,60,60,CCW,0,N,0,0,0
D7651658,437506,443174,1,1798,1798,0,0,60,60,CCW,0,N,0,0,0
D7651658,437507,443175,1,1799,1798,0,0,60,60,CCW,0,N,0,0,0
D7651658,437508,443176,1,1798,1798,0,0,60,60,CCW,0,N,0,0,0
D7651658,437509,443177,1,1798,1798,0,0,60,60,CCW,0,N,0,0,0
D7651658,437510,443178,1,1798,1798,0,0,60,60,CCW,0,N,0,0,0
D7651658,437511,443179,1,1798,1798,0,0,60,60,CCW,0,N,0,0,0
D7651658,437512,443180,1,1799,1798,0,0,60,60,CCW,0,N,0,0,0
D7651658,437513,443181,1,1798,1798,0,0,60,60,CCW,0,N,0,0,0
D7651658,437514,443182,1,1798,1798,0,0,60,60,CCW,0,N,0,0,0
D7651658,437515,443183,1,1801,1798,0,0,60,60,CCW,0,N,0,0,0
D7651658,437516,443184,1,1798,1798,0,0,60,60,CCW,0,N,0,0,0
D7651658,437517,443185,1,1799,1798,0,0,60,60,CCW,0,N,0,0,0
D7651658,437518,443187,2,1797,1798,0,0,60,60,CCW,0,N,0,1,1
D7651658,437519,443188,1,1797,1798,0,0,60,60,CCW,0,N,0,0,0
D7651658,437520,443189,1,1796,1798,0,0,60,60,CCW,0,N,0,0,0
D7651658,437521,443190,1,1798,1798,0,0,60,60,CCW,0,N,0,0,0
D7651658,437522,443191,1,1797,1798,0,0,60,60,CCW,0,N,0,0,0
D7651658,437523,443192,1,1797,1798,0,0,60,60,CCW,0,N,0,0,0
D7651658,437524,443194,2,1798,1798,0,0,60,60,CCW,0,N,0,1,1
D7651658,437525,443195,1,1797,1798,0,0,60,60,CCW,0,N,0,0,0
D7651658,437526,443196,1,1797,1798,0,0,60,60,CCW,0,N,0,0,0
D7651658,437527,443197,1,1798,1798,0,0,60,60,CCW,0,N,0,0,0
D7651658,437528,443198,1,1797,1798,0,0,60,60,CCW,0,N,0,0,0
D7651658,437529,443199,1,1798,1798,0,0,60,60,CCW,0,N,0,0,0
D7651658,437530,443200,1,1798,1798,0,0,60,60,CCW,0,N,0,0,0
D7651658,437531,443201,1,1797,1798,0,0,60,60,CCW,0,N,0,0,0
D7651658,437532,443202,1,1796,1798,0,0,60,60,CCW,0,N,0,0,0
D7651658,437533,443203,1,1797,1798,0,0,60,60,CCW,0,N,0,0,0
D7651658,437534,443204,1,1796,1798,0,0,60,60,CCW,0,N,0,0,0
D7651658,437535,443205,1,1796,1798,0,0,60,60,CCW,0,N,0,0,0
D7651658,437536,443206,1,1796,1798,0,0,60,60,CCW,0,N,0,0,0
D7651658,437537,443207,1,1796,1798,0,0,60,60,CCW,0,N,0,0,0
D7651658,437538,443208,1,1796,1798,0,0,60,60,CCW,0,N,0,0,0
D7651658,437539,443209,1,1796,1798,0,0,60,60,CCW,0,N,0,0,0
D7651658,437540,443210,1,1796,1798,0,0,60,60,CCW,0,N,0,0,0
D7651658,437541,443211,1,1795,1798,0,0,60,60,CCW,0,N,0,0,0
D7651658,437542,443212,1,1795,1798,0,0,60,60,CCW,0,N,0,0,0
D7651658,437543,443213,1,1795,1798,0,0,60,60,CCW,0,N,0,0,0
D7651658,437544,443214,1,1796,1798,0,0,60,60,CCW,0,N,0,0,0
D7651658,437545,443215,1,1797,1798,0,0,60,60,CCW,0,N,0,0,0
D7651658,437546,443216,1,1798,1798,0,0,60,60,CCW,0,N,0,0,0
D7651658,437547,443217,1,1812,1798,0,0,60,60,CCW,0,N,0,0,0
D7651658,437548,443218,1,1794,1798,0,0,60,60,CCW,0,N,0,0,0
D7651658,437549,443219,1,1795,1798,0,0,60,60,CCW,0,N,0,0,0
D7651658,437550,443220,1,1797,1798,0,0,60,60,CCW,0,N,0,0,0
D7651658,437551,443221,1,1795,1798,0,0,60,60,CCW,0,N,0,0,0
D7651658,437552,443222,1,1798,1798,0,0,60,60,CCW,0,N,0,0,0
D7651658,437553,443223,1,1796,1798,0,0,60,60,CCW,0,N,0,0,0
D7651658,437554,443224,1,1796,1798,0,0,60,60,CCW,0,N,0,0,0
D7651658,437555,443225,1,1796,1798,0,0,60,60,CCW,0,N,0,0,0
D7651658,437556,443226,1,1795,1798,0,0,60,60,CCW,0,N,0,0,0
D7651658,437557,443227,1,1796,1798,0,0,60,60,CCW,0,N,0,0,0
D7651658,437558,443228,1,1796,1798,0,0,60,60,CCW,0,N,0,0,0
D7651658,437559,443229,1,1795,1798,0,0,60,60,CCW,0,N,0,0,0
D7651658,437560,443230,1,1795,1798,0,0,60,60,CCW,0,N,0,0,0
D7651658,437561,443231,1,1794,1798,0,0,60,60,CCW,0,N,0,0,0
D7651658,437562,443232,1,1794,1798,0,0,60,60,CCW,0,N,0,0,0
D7651658,437563,443233,1,1795,1798,0,0,60,60,CCW,0,N,0,0,0
D7651658,437564,443234,1,1795,1798,0,0,60,60,CCW,0,N,0,0,0
D7651658,437565,443235,1,1794,1798,0,0,60,60,CCW,0,N,0,0,0
D7651658,437566,443236,1,1795,1798,0,0,60,60,CCW,0,N,0,0,0
D7651658,437567,443237,1,1795,1798,0,0,60,60,CCW,0,N,0,0,0
D7651658,437568,443238,1,1794,1798,0,0,60,60,CCW,0,N,0,0,0
D7651658,437569,443239,1,1794,1798,0,0,60,60,CCW,0,N,0,0,0
D7651658,437570,443240,1,1796,1798,0,0,60,60,CCW,0,N,0,0,0
D7651658,437571,443241,1,1797,1798,0,0,60,60,CCW,0,N,0,0,0
D7651658,437572,443242,1,1795,1798,0,0,60,60,CCW,0,N,0,0,0
D7651658,437573,443243,1,1794,1798,0,0,60,60,CCW,0,N,0,0,0
D7651658,437574,443244,1,1795,1798,0,0,60,60,CCW,0,N,0,0,0
D7651658,437575,443245,1,1795,1798,0,0,60,60,CCW,0,N,0,0,0
D7651658,437576,443246,1,1793,1798,0,0,60,60,CCW,0,N,0,0,0
D7651658,437577,443247,1,1795,1798,0,0,60,60,CCW,0,N,0,0,0
D7651658,437578,443248,1,1794,1798,0,0,60,60,CCW,0,N,0,0,0
D7651658,437579,443249,1,1791,1798,0,0,60,60,CCW,0,N,0,0,0
D7651658,437580,443250,1,1794,1798,0,0,60,60,CCW,0,N,0,0,0
D7651658,437581,443251,1,1794,1798,0,0,60,60,CCW,0,N,0,0,0
D7651658,437582,443252,1,1796,1798,0,0,60,60,CCW,0,N,0,0,0
D7651658,437583,443253,1,1794,1798,0,0,60,60,CCW,0,N,0,0,0
D7651658,437584,443254,1,1796,1798,0,0,60,60,CCW,0,N,0,0,0
D7651658,437585,443255,1,1795,1798,0,0,60,60,CCW,0,N,0,0,0
D7651658,437586,443256,1,1794,1798,0,0,60,60,CCW,0,N,0,0,0
D7651658,437587,443257,1,1796,1798,0,0,60,60,CCW,0,N,0,0,0
D7651658,437588,443258,1,1795,1798,0,0,60,60,CCW,0,N,0,0,0
D7651658,437589,443259,1,1794,1798,0,0,60,60,CCW,0,N,0,0,0
D7651658,437590,443260,1,1795,1798,0,0,60,60,CCW,0,N,0,0,0
D7651658,437591,443261,1,1795,1798,0,0,60,60,CCW,0,N,0,0,0
D7651658,437592,443262,1,1795,1798,0,0,60,60,CCW,0,N,0,0,0
D7651658,437593,443263,1,1796,1798,0,0,60,60,CCW,0,N,0,0,0
D7651658,437594,443264,1,1797,1798,0,0,60,60,CCW,0,N,0,0,0
D7651658,437595,443265,1,1796,1798,0,0,60,60,CCW,0,N,0,0,0
D7651658,437596,443266,1,1795,1798,0,0,60,60,CCW,0,N,0,0,0
D7651658,437597,443267,1,1795,1798,0,0,60,60,CCW,0,N,0,0,0
D7651658,437598,443268,1,1795,1798,0,0,60,60,CCW,0,N,0,0,0
D7651658,437599,443269,1,1795,1798,0,0,60,60,CCW,0,N,0,0,0
D7651658,437600,443270,1,1795,1798,0,0,60,60,CCW,0,N,0,0,0
D7651658,437601,443271,1,1800,1798,0,0,60,60,CCW,0,N,0,0,0
D7651658,437602,443272,1,1794,1798,0,0,60,60,CCW,0,N,0,0,0
D7651658,437603,443273,1,1795,1798,0,0,60,60,CCW,0,N,0,0,0
D7651658,437604,443274,1,1795,1798,0,0,60,60,CCW,0,N,0,0,0
D7651658,437605,443275,1,1797,1798,0,0,60,60,CCW,0,N,0,0,0
D7651658,437606,443276,1,1794,1798,0,0,60,60,CCW,0,N,0,0,0
D7651658,437607,443277,1,1794,1798,0,0,60,60,CCW,0,N,0,0,0
D7651658,437608,443278,1,1797,1798,0,0,60,60,CCW,0,N,0,0,0
D7651658,437609,443279,1,1795,1798,0,0,60,60,CCW,0,N,0,0,0
D7651658,437610,443280,1,1793,1798,0,0,60,60,CCW,0,N,0,0,0
D7651658,437611,443281,1,1794,1798,0,0,60,60,CCW,0,N,0,0,0
D7651658,437612,443282,1,1794,1798,0,0,60,60,CCW,0,N,0,0,0
D7651658,437613,443283,1,1796,1798,0,0,60,60,CCW,0,N,0,0,0
D7651658,437614,443284,1,1795,1798,0,0,60,60,CCW,0,N,0,0,0
D7651658,437615,443285,1,1795,1798,0,0,60,60,CCW,0,N,0,0,0
D7651658,437616,443286,1,1795,1798,0,0,60,60,CCW,0,N,0,0,0
D7651658,437617,443287,1,1795,1798,0,0,60,60,CCW,0,N,0,0,0
D7651658,437618,443288,1,1795,1798,0,0,60,60,CCW,0,N,0,0,0
D7651658,437619,443289,1,1796,1798,0,0,60,60,CCW,0,N,0,0,0
D7651658,437620,443290,1,1795,1798,0,0,60,60,CCW,0,N,0,0,0
D7651658,437621,443291,1,1795,1798,0,0,60,60,CCW,0,N,0,0,0
D7651658,437622,443292,1,1796,1798,0,0,60,60,CCW,0,N,0,0,0
D7651658,437623,443293,1,1798,1798,0,0,60,60,CCW,0,N,0,0,0
D7651658,437624,443294,1,1797,1798,0,0,60,60,CCW,0,N,0,0,0
D7651658,437625,443295,1,1796,1798,0,0,60,60,CCW,0,N,0,0,0
D7651658,437626,443296,1,1795,1798,0,0,60,60,CCW,0,N,0,0,0
D7651658,437627,443297,1,1795,1798,0,0,60,60,CCW,0,N,0,0,0
D7651658,437628,443298,1,1795,1798,0,0,60,60,CCW,0,N,0,0,0
D7651658,437629,443299,1,1794,1798,0,0,60,60,CCW,0,N,0,0,0
D7651658,437630,443300,1,1796,1798,0,0,60,60,CCW,0,N,0,0,0
D7651658,437631,443301,1,1797,1798,0,0,60,60,CCW,0,N,0,0,0
D7651658,437632,443302,1,1795,1798,0,0,60,60,CCW,0,N,0,0,0
D7651658,437633,443303,1,1796,1798,0,0,60,60,CCW,0,N,0,0,0
D7651658,437634,443304,1,1803,1798,0,0,60,60,CCW,0,N,0,0,0
D7651658,437635,443305,1,1796,1798,0,0,60,60,CCW,0,N,0,0,0
D7651658,437636,443306,1,1794,1798,0,0,60,60,CCW,0,N,0,0,0
D7651658,437637,443307,1,1794,1798,0,0,60,60,CCW,0,N,0,0,0
D7651658,437638,443308,1,1795,1798,0,0,60,60,CCW,0,N,0,0,0
D7651658,437639,443309,1,1794,1798,0,0,60,60,CCW,0,N,0,0,0
D7651658,437640,443310,1,1792,1798,0,0,60,60,CCW,0,N,0,0,0
D7651658,437641,443311,1,1796,1798,0,0,60,60,CCW,0,N,0,0,0
D7651658,437642,443312,1,1793,1798,0,0,60,60,CCW,0,N,0,0,0
D7651658,437643,443313,1,1796,1798,0,0,60,60,CCW,0,N,0,0,0
D7651658,437644,443314,1,1797,1798,0,0,60,60,CCW,0,N,0,0,0
D7651658,437645,443315,1,1798,1798,0,0,60,60,CCW,0,N,0,0,0
D7651658,437646,443316,1,1795,1798,0,0,60,60,CCW,0,N,0,0,0
D7651658,437647,443317,1,1796,1798,0,0,60,60,CCW,0,N,0,0,0
D7651658,437648,443318,1,1792,1798,0,0,60,60,CCW,0,N,0,0,0
D7651658,437649,443319,1,1796,1798,0,0,60,60,CCW,0,N,0,0,0
D7651658,437650,443320,1,1796,1798,0,0,60,60,CCW,0,N,0,0,0
D7651658,437651,443321,1,1796,1798,0,0,60,60,CCW,0,N,0,0,0
D7651658,437652,443322,1,1796,1798,0,0,60,60,CCW,0,N,0,0,0
D7651658,437653,443323,1,1795,1798,0,0,60,60,CCW,0,N,0,0,0
D7651658,437654,443324,1,1795,1798,0,0,60,60,CCW,0,N,0,0,0
D7651658,437655,443325,1,1795,1798,0,0,60,60,CCW,0,N,0,0,0
D7651658,437656,443326,1,1796,1798,0,0,60,60,CCW,0,N,0,0,0
D7651658,437657,443327,1,1795,1798,0,0,60,60,CCW,0,N,0,0,0
D7651658,437658,443328,1,1796,1798,0,0,60,60,CCW,0,N,0,0,0
D7651658,437659,443329,1,1796,1798,0,0,60,60,CCW,0,N,0,0,0
D7651658,437660,443330,1,1798,1798,0,0,60,60,CCW,0,N,0,0,0
D7651658,437661,443331,1,1797,1798,0,0,60,60,CCW,0,N,0,0,0
D7651658,437662,443332,1,1796,1798,0,0,60,60,CCW,0,N,0,0,0
D7651658,437663,443333,1,1797,1798,0,0,60,60,CCW,0,N,0,0,0
D7651658,437664,443334,1,1797,1798,0,0,60,60,CCW,0,N,0,0,0
D7651658,437665,443335,1,1795,1798,0,0,60,60,CCW,0,N,0,0,0
D7651658,437666,443336,1,1795,1798,0,0,60,60,CCW,0,N,0,0,0
D7651658,437667,443337,1,1796,1798,0,0,60,60,CCW,0,N,0,0,0
D7651658,437668,443338,1,1795,1798,0,0,60,60,CCW,0,N,0,0,0
D7651658,437669,443339,1,1796,1798,0,0,60,60,CCW,0,N,0,0,0
D7651658,437670,443340,1,1795,1798,0,0,60,60,CCW,0,N,0,0,0
D7651658,437671,443341,1,1796,1798,0,0,60,60,CCW,0,N,0,0,0
D7651658,437672,443342,1,1795,1798,0,0,60,60,CCW,0,N,0,0,0
D7651658,437673,443343,1,1796,1798,0,0,60,60,CCW,0,N,0,0,0
D7651658,437674,443344,1,1797,1798,0,0,60,60,CCW,0,N,0,0,0
D7651658,437675,443345,1,1797,1798,0,0,60,60,CCW,0,N,0,0,0
D7651658,437676,443346,1,1796,1798,0,0,60,60,CCW,0,N,0,0,0
D7651658,437677,443348,2,1800,1798,0,0,60,60,CCW,0,N,0,1,1
D7651658,437678,443349,1,1795,1798,0,0,60,60,CCW,0,N,0,0,0
D7651658,437679,443350,1,1793,1798,0,0,60,60,CCW,0,N,0,0,0
D7651658,437680,443351,1,1796,1798,0,0,60,60,CCW,0,N,0,0,0
D7651658,437681,443352,1,1797,1798,0,0,60,60,CCW,0,N,0,0,0
D7651658,437682,443353,1,1797,1798,0,0,60,60,CCW,0,N,0,0,0
D7651658,437683,443354,1,1797,1798,0,0,60,60,CCW,0,N,0,0,0
D7651658,437684,443355,1,1797,1798,0,0,60,60,CCW,0,N,0,0,0
D7651658,437685,443356,1,1797,1798,0,0,60,60,CCW,0,N,0,0,0
D7651658,437686,443357,1,1797,1798,0,0,60,60,CCW,0,N,0,0,0
D7651658,437687,443358,1,1796,1798,0,0,60,60,CCW,0,N,0,0,0
D7651658,437688,443359,1,1796,1798,0,0,60,60,CCW,0,N,0,0,0
D7651658,437689,443360,1,1798,1798,0,0,60,60,CCW,0,N,0,0,0
D7651658,437690,443361,1,1796,1798,0,0,60,60,CCW,0,N,0,0,0
D7651658,437691,443362,1,1796,1798,0,0,60,60,CCW,0,N,0,0,0
D7651658,437692,443363,1,1798,1798,0,0,60,60,CCW,0,N,0,0,0
D7651658,437693,443364,1,1797,1798,0,0,60,60,CCW,0,N,0,0,0
D7651658,437694,443365,1,1797,1798,0,0,60,60,CCW,0,N,0,0,0
D7651658,437695,443366,1,1798,1798,0,0,60,60,CCW,0,N,0,0,0
D7651658,437696,443367,1,1797,1798,0,0,60,60,CCW,0,N,0,0,0
D7651658,437697,443368,1,1795,1798,0,0,60,60,CCW,0,N,0,0,0
D7651658,437698,443369,1,1796,1798,0,0,60,60,CCW,0,N,0,0,0
D7651658,437699,443370,1,1807,1798,0,0,60,60,CCW,0,N,0,0,0
D7651658,437700,443371,1,1797,1798,0,0,60,60,CCW,0,N,0,0,0
D7651658,437701,443372,1,1795,1798,0,0,60,60,CCW,0,N,0,0,0
D7651658,437702,443373,1,1797,1798,0,0,60,60,CCW,0,N,0,0,0
D7651658,437703,443374,1,1799,1798,0,0,60,60,CCW,0,N,0,0,0
D7651658,437704,443375,1,1796,1798,0,0,60,60,CCW,0,N,0,0,0
D7651658,437705,443376,1,1797,1798,0,0,60,60,CCW,0,N,0,0,0
D7651658,437706,443377,1,1798,1798,0,0,60,60,CCW,0,N,0,0,0
D7651658,437707,443378,1,1797,1798,0,0,60,60,CCW,0,N,0,0,0
D7651658,437708,443379,1,1798,1798,0,0,60,60,CCW,0,N,0,0,0
D7651658,437709,443380,1,1797,1798,0,0,60,60,CCW,0,N,0,0,0
D7651658,437710,443381,1,1795,1798,0,0,60,60,CCW,0,N,0,0,0
D7651658,437711,443382,1,1798,1798,0,0,60,60,CCW,0,N,0,0,0
D7651658,437712,443383,1,1799,1798,0,0,60,60,CCW,0,N,0,0,0
D7651658,437713,443384,1,1796,1798,0,0,60,60,CCW,0,N,0,0,0
D7651658,437714,443385,1,1795,1798,0,0,60,60,CCW,0,N,0,0,0
D7651658,437715,443386,1,1796,1798,0,0,60,60,CCW,0,N,0,0,0
D7651658,437716,443387,1,1796,1798,0,0,60,60,CCW,0,N,0,0,0
D7651658,437717,443388,1,1796,1798,0,0,60,60,CCW,0,N,0,0,0
D7651658,437718,443389,1,1797,1798,0,0,60,60,CCW,0,N,0,0,0
D7651658,437719,443390,1,1798,1798,0,0,60,60,CCW,0,N,0,0,0
D7651658,437720,443391,1,1797,1798,0,0,60,60,CCW,0,N,0,0,0
D7651658,437721,443392,1,1797,1798,0,0,60,60,CCW,0,N,0,0,0
D7651658,437722,443393,1,1798,1798,0,0,60,60,CCW,0,N,0,0,0
D7651658,437723,443394,1,1791,1798,0,0,60,60,CCW,0,N,0,0,0
D7651658,437724,443395,1,1796,1798,0,0,60,60,CCW,0,N,0,0,0
D7651658,437725,443396,1,1797,1798,0,0,60,60,CCW,0,N,0,0,0
D7651658,437726,443397,1,1795,1798,0,0,60,60,CCW,0,N,0,0,0
D7651658,437727,443398,1,1794,1798,0,0,60,60,CCW,0,N,0,0,0
D7651658,437728,443399,1,1796,1798,0,0,60,60,CCW,0,N,0,0,0
D7651658,437729,443400,1,1795,1798,0,0,60,60,CCW,0,N,0,0,0
D7651658,437730,443401,1,1795,1798,0,0,60,60,CCW,0,N,0,0,0
D7651658,437731,443402,1,1798,1798,0,0,60,60,CCW,0,N,0,0,0
D7651658,437732,443403,1,1795,1798,0,0,60,60,CCW,0,N,0,0,0
D7651658,437733,443404,1,1794,1798,0,0,60,60,CCW,0,N,0,0,0
D7651658,437734,443405,1,1794,1798,0,0,60,60,CCW,0,N,0,0,0
D7651658,437735,443406,1,1796,1798,0,0,60,60,CCW,0,N,0,0,0
D7651658,437736,443407,1,1795,1798,0,0,60,60,CCW,0,N,0,0,0
D7651658,437737,443408,1,1795,1798,0,0,60,60,CCW,0,N,0,0,0
D7651658,437738,443409,1,1797,1798,0,0,60,60,CCW,0,N,0,0,0
D7651658,437739,443410,1,1795,1798,0,0,60,60,CCW,0,N,0,0,0
D7651658,437740,443411,1,1796,1798,0,0,60,60,CCW,0,N,0,0,0
D7651658,437741,443412,1,1796,1798,0,0,60,60,CCW,0,N,0,0,0
D7651658,437742,443413,1,1797,1798,0,0,60,60,CCW,0,N,0,0,0
D7651658,437743,443414,1,1797,1798,0,0,60,60,CCW,0,N,0,0,0
D7651658,437744,443415,1,1797,1798,0,0,60,60,CCW,0,N,0,0,0
D7651658,437745,443416,1,1801,1798,0,0,60,60,CCW,0,N,0,0,0
D7651658,437746,443417,1,1795,1798,0,0,60,60,CCW,0,N,0,0,0
D7651658,437747,443418,1,1797,1798,0,0,60,60,CCW,0,N,0,0,0
D7651658,437748,443419,1,1797,1798,0,0,60,60,CCW,0,N,0,0,0
D7651658,437749,443420,1,1794,1798,0,0,60,60,CCW,0,N,0,0,0
D7651658,437750,443421,1,1797,1798,0,0,60,60,CCW,0,N,0,0,0
D7651658,437751,443422,1,1796,1798,0,0,60,60,CCW,0,N,0,0,0
D7651658,437752,443423,1,1796,1798,0,0,60,60,CCW,0,N,0,0,0
D7651658,437753,443424,1,1796,1798,0,0,60,60,CCW,0,N,0,0,0
D7651658,437754,443425,1,1800,1798,0,0,60,60,CCW,0,N,0,0,0
D7651658,437755,443426,1,1796,1798,0,0,60,60,CCW,0,N,0,0,0
D7651658,437756,443427,1,1797,1798,0,0,60,60,CCW,0,N,0,0,0
D7651658,437757,443428,1,1796,1798,0,0,60,60,CCW,0,N,0,0,0
D7651658,437758,443429,1,1797,1798,0,0,60,60,CCW,0,N,0,0,0
D7651658,437759,443430,1,1795,1798,0,0,60,60,CCW,0,N,0,0,0
D7651658,437760,443431,1,1795,1798,0,0,60,60,CCW,0,N,0,0,0
D7651658,437761,443432,1,1796,1798,0,0,60,60,CCW,0,N,0,0,0
D7651658,437762,443433,1,1797,1798,0,0,60,60,CCW,0,N,0,0,0
D7651658,437763,443434,1,1798,1798,0,0,60,60,CCW,0,N,0,0,0
D7651658,437764,443435,1,1797,1798,0,0,60,60,CCW,0,N,0,0,0
D7651658,437765,443436,1,1796,1798,0,0,60,60,CCW,0,N,0,0,0
D7651658,437766,443437,1,1797,1798,0,0,60,60,CCW,0,N,0,0,0
D7651658,437767,443438,1,1797,1798,0,0,60,60,CCW,0,N,0,0,0
D7651658,437768,443439,1,1797,1798,0,0,60,60,CCW,0,N,0,0,0
D7651658,437769,443440,1,1798,1798,0,0,60,60,CCW,0,N,0,0,0
D7651658,437770,443441,1,1797,1798,0,0,60,60,CCW,0,N,0,0,0
D7651658,437771,443442,1,1799,1798,0,0,60,60,CCW,0,N,0,0,0
D7651658,437772,443443,1,1797,1798,0,0,60,60,CCW,0,N,0,0,0
D7651658,437773,443444,1,1799,1798,0,0,60,60,CCW,0,N,0,0,0
D7651658,437774,443445,1,1797,1798,0,0,60,60,CCW,0,N,0,0,0
D7651658,437775,443446,1,1796,1798,0,0,60,60,CCW,0,N,0,0,0
D7651658,437776,443447,1,1798,1798,0,0,60,60,CCW,0,N,0,0,0
D7651658,437777,443448,1,1797,1798,0,0,60,60,CCW,0,N,0,0,0
D7651658,437778,443450,2,1796,1798,0,0,60,60,CCW,0,N,0,1,1
D7651658,437779,443451,1,1797,1798,0,0,60,60,CCW,0,N,0,0,0
D7651658,437780,443452,1,1799,1798,0,0,60,60,CCW,0,N,0,0,0
D7651658,437781,443453,1,1798,1798,0,0,60,60,CCW,0,N,0,0,0
D7651658,437782,443454,1,1796,1798,0,0,60,60,CCW,0,N,0,0,0
D7651658,437783,443455,1,1798,1798,0,0,60,60,CCW,0,N,0,0,0
D7651658,437784,443456,1,1804,1798,0,0,60,60,CCW,0,N,0,0,0
D7651658,437785,443457,1,1795,1798,0,0,60,60,CCW,0,N,0,0,0
D7651658,437786,443458,1,1796,1798,0,0,60,60,CCW,0,N,0,0,0
D7651658,437787,443459,1,1797,1798,0,0,60,60,CCW,0,N,0,0,0
D7651658,437788,443460,1,1797,1798,0,0,60,60,CCW,0,N,0,0,0
D7651658,437789,443461,1,1796,1798,0,0,60,60,CCW,0,N,0,0,0
D7651658,437790,443462,1,1797,1798,0,0,60,60,CCW,0,N,0,0,0
D7651658,437791,443464,2,1797,1798,0,0,60,60,CCW,0,N,0,1,1
D7651658,437792,443465,1,1796,1798,0,0,60,60,CCW,0,N,0,0,0
D7651658,437793,443466,1,1796,1798,0,0,60,60,CCW,0,N,0,0,0
D7651658,437794,443467,1,1797,1798,0,0,60,60,CCW,0,N,0,0,0
D7651658,437795,443468,1,1796,1798,0,0,60,60,CCW,0,N,0,0,0
D7651658,437796,443469,1,1799,1798,0,0,60,60,CCW,0,N,0,0,0
D7651658,437797,443470,1,1797,1798,0,0,60,60,CCW,0,N,0,0,0
D7651658,437798,443471,1,1797,1798,0,0,60,60,CCW,0,N,0,0,0
D7651658,437799,443472,1,1797,1798,0,0,60,60,CCW,0,N,0,0,0
D7651658,437800,443473,1,1795,1798,0,0,60,60,CCW,0,N,0,0,0
D7651658,437801,443474,1,1797,1798,0,0,60,60,CCW,0,N,0,0,0
D7651658,437802,443475,1,1796,1798,0,0,60,60,CCW,0,N,0,0,0
D7651658,437803,443476,1,1797,1798,0,0,60,60,CCW,0,N,0,0,0
D7651658,437804,443477,1,1797,1798,0,0,60,60,CCW,0,N,0,0,0
D7651658,437805,443478,1,1799,1798,0,0,60,60,CCW,0,N,0,0,0
D7651658,437806,443479,1,1797,1798,0,0,60,60,CCW,0,N,0,0,0
D7651658,437807,443480,1,1797,1798,0,0,60,60,CCW,0,N,0,0,0
D7651658,437808,443481,1,1796,1798,0,0,60,60,CCW,0,N,0,0,0
D7651658,437809,443482,1,1799,1798,0,0,60,60,CCW,0,N,0,0,0
D7651658,437810,443483,1,1796,1798,0,0,60,60,CCW,0,N,0,0,0
D7651658,437811,443484,1,1798,1798,0,0,60,60,CCW,0,N,0,0,0
D7651658,437812,443485,1,1796,1798,0,0,60,60,CCW,0,N,0,0,0
D7651658,437813,443486,1,1797,1798,0,0,60,60,CCW,0,N,0,0,0
D7651658,437814,443487,1,1797,1798,0,0,60,60,CCW,0,N,0,0,0
D7651658,437815,443488,1,1797,1798,0,0,60,60,CCW,0,N,0,0,0
D7651658,437816,443489,1,1794,1798,0,0,60,60,CCW,0,N,0,0,0
D7651658,437817,443490,1,1796,1798,0,0,60,60,CCW,0,N,0,0,0
D7651658,437818,443491,1,1797,1798,0,0,60,60,CCW,0,N,0,0,0
D7651658,437819,443492,1,1797,1798,0,0,60,60,CCW,0,N,0,0,0
D7651658,437820,443493,1,1797,1798,0,0,60,60,CCW,0,N,0,0,0
D7651658,437821,443494,1,1797,1798,0,0,60,60,CCW,0,N,0,0,0
D7651658,437822,443495,1,1797,1798,0,0,60,60,CCW,0,N,0,0,0
D7651658,437823,443496,1,1796,1798,0,0,60,60,CCW,0,N,0,0,0
D7651658,437824,443497,1,1798,1798,0,0,60,60,CCW,0,N,0,0,0
D7651658,437825,443498,1,1797,1798,0,0,60,60,CCW,0,N,0,0,0
D7651658,437826,443499,1,1798,1798,0,0,60,60,CCW,0,N,0,0,0
D7651658,437827,443500,1,1798,1798,0,0,60,60,CCW,0,N,0,0,0
D7651658,437828,443501,1,1797,1798,0,0,60,60,CCW,0,N,0,0,0
D7651658,437829,443502,1,1796,1798,0,0,60,60,CCW,0,N,0,0,0
D7651658,437830,443503,1,1797,1798,0,0,60,60,CCW,0,N,0,0,0
D7651658,437831,443504,1,1799,1798,0,0,60,60,CCW,0,N,0,0,0
D7651658,437832,443505,1,1797,1798,0,0,60,60,CCW,0,N,0,0,0
D7651658,437833,443506,1,1797,1798,0,0,60,60,CCW,0,N,0,0,0
D7651658,437834,443507,1,1797,1798,0,0,60,60,CCW,0,N,0,0,0
D7651658,437835,443508,1,1798,1798,0,0,60,60,CCW,0,N,0,0,0
D7651658,437836,443509,1,1796,1798,0,0,60,60,CCW,0,N,0,0,0
D7651658,437837,443510,1,1797,1798,0,0,60,60,CCW,0,N,0,0,0
D7651658,437838,443511,1,1797,1798,0,0,60,60,CCW,0,N,0,0,0
D7651658,437839,443512,1,1797,1798,0,0,60,60,CCW,0,N,0,0,0
D7651658,437840,443513,1,1798,1798,0,0,60,60,CCW,0,N,0,0,0
D7651658,437841,443514,1,1797,1798,0,0,60,60,CCW,0,N,0,0,0
D7651658,437842,443515,1,1798,1798,0,0,60,60,CCW,0,N,0,0,0
D7651658,437843,443516,1,1796,1798,0,0,60,60,CCW,0,N,0,0,0
D7651658,437844,443517,1,1797,1798,0,0,60,60,CCW,0,N,0,0,0
D7651658,437845,443518,1,1797,1798,0,0,60,60,CCW,0,N,0,0,0
D7651658,437846,443519,1,1797,1798,0,0,60,60,CCW,0,N,0,0,0
D7651658,437847,443520,1,1796,1798,0,0,60,60,CCW,0,N,0,0,0
D7651658,437848,443521,1,1797,1798,0,0,60,60,CCW,0,N,0,0,0
D7651658,437849,443522,1,1796,1798,0,0,60,60,CCW,0,N,0,0,0
D7651658,437850,443523,1,1795,1798,0,0,60,60,CCW,0,N,0,0,0
D7651658,437851,443524,1,1798,1798,0,0,60,60,CCW,0,N,0,0,0
D7651658,437852,443525,1,1798,1798,0,0,60,60,CCW,0,N,0,0,0
D7651658,437853,443526,1,1796,1798,0,0,60,60,CCW,0,N,0,0,0
D7651658,437854,443528,2,1797,1798,0,0,60,60,CCW,0,N,0,1,1
D7651658,437855,443529,1,1796,1798,0,0,60,60,CCW,0,N,0,0,0
D7651658,437856,443530,1,1797,1798,0,0,60,60,CCW,0,N,0,0,0
D7651658,437857,443531,1,1798,1798,0,0,60,60,CCW,0,N,0,0,0
D7651658,437858,443532,1,1798,1798,0,0,60,60,CCW,0,N,0,0,0
D7651658,437859,443533,1,1797,1798,0,0,60,60,CCW,0,N,0,0,0
D7651658,437860,443534,1,1796,1798,0,0,60,60,CCW,0,N,0,0,0
D7651658,437861,443535,1,1797,1798,0,0,60,60,CCW,0,N,0,0,0
D7651658,437862,443536,1,1796,1798,0,0,60,60,CCW,0,N,0,0,0
D7651658,437863,443537,1,1797,1798,0,0,60,60,CCW,0,N,0,0,0
D7651658,437864,443538,1,1798,1798,0,0,60,60,CCW,0,N,0,0,0
D7651658,437865,443539,1,1797,1798,0,0,60,60,CCW,0,N,0,0,0
D7651658,437866,443540,1,1799,1798,0,0,60,60,CCW,0,N,0,0,0
D7651658,437867,443541,1,1798,1798,0,0,60,60,CCW,0,N,0,0,0
D7651658,437868,443542,1,1799,1798,0,0,60,60,CCW,0,N,0,0,0
D7651658,437869,443543,1,1799,1798,0,0,60,60,CCW,0,N,0,0,0
D7651658,437870,443544,1,1800,1798,0,0,60,60,CCW,0,N,0,0,0
D7651658,437871,443545,1,1802,1798,0,0,60,60,CCW,0,N,0,0,0
D7651658,437872,443546,1,1798,1798,0,0,60,60,CCW,0,N,0,0,0
D7651658,437873,443547,1,1798,1798,0,0,60,60,CCW,0,N,0,0,0
D7651658,437874,443548,1,1799,1798,0,0,60,60,CCW,0,N,0,0,0
D7651658,437875,443549,1,1796,1798,0,0,60,60,CCW,0,N,0,0,0
D7651658,437876,443550,1,1797,1798,0,0,60,60,CCW,0,N,0,0,0
D7651658,437877,443551,1,1797,1798,0,0,60,60,CCW,0,N,0,0,0
D7651658,437878,443552,1,1797,1798,0,0,60,60,CCW,0,N,0,0,0
D7651658,437879,443553,1,1797,1798,0,0,60,60,CCW,0,N,0,0,0
D7651658,437880,443554,1,1800,1798,0,0,60,60,CCW,0,N,0,0,0
D7651658,437881,443555,1,1799,1798,0,0,60,60,CCW,0,N,0,0,0
D7651658,437882,443556,1,1798,1798,0,0,60,60,CCW,0,N,0,0,0
D7651658,437883,443557,1,1797,1798,0,0,60,60,CCW,0,N,0,0,0
D7651658,437884,443558,1,1797,1798,0,0,60,60,CCW,0,N,0,0,0
D7651658,437885,443559,1,1797,1798,0,0,60,60,CCW,0,N,0,0,0
D7651658,437886,443560,1,1787,1798,0,0,60,60,CCW,0,N,0,0,0
D7651658,437887,443561,1,1798,1798,0,0,60,60,CCW,0,N,0,0,0
D7651658,437888,443562,1,1797,1798,0,0,60,60,CCW,0,N,0,0,0
D7651658,437889,443563,1,1797,1798,0,0,60,60,CCW,0,N,0,0,0
D7651658,437890,443564,1,1799,1798,0,0,60,60,CCW,0,N,0,0,0
D7651658,437891,443565,1,1798,1798,0,0,60,60,CCW,0,N,0,0,0
D7651658,437892,443566,1,1799,1798,0,0,60,60,CCW,0,N,0,0,0
D7651658,437893,443567,1,1797,1798,0,0,60,60,CCW,0,N,0,0,0
D7651658,437894,443568,1,1798,1798,0,0,60,60,CCW,0,N,0,0,0
D7651658,437895,443569,1,1796,1798,0,0,60,60,CCW,0,N,0,0,0
D7651658,437896,443570,1,1798,1798,0,0,60,60,CCW,0,N,0,0,0
D7651658,437897,443571,1,1798,1798,0,0,60,60,CCW,0,N,0,0,0
D7651658,437898,443572,1,1801,1798,0,0,60,60,CCW,0,N,0,0,0
D7651658,437899,443573,1,1798,1798,0,0,60,60,CCW,0,N,0,0,0
D7651658,437900,443574,1,1798,1798,0,0,60,60,CCW,0,N,0,0,0
D7651658,437901,443575,1,1799,1798,0,0,60,60,CCW,0,N,0,0,0
D7651658,437902,443576,1,1797,1798,0,0,60,60,CCW,0,N,0,0,0
D7651658,437903,443577,1,1800,1798,0,0,60,60,CCW,0,N,0,0,0
D7651658,437904,443578,1,1797,1798,0,0,60,60,CCW,0,N,0,0,0
D7651658,437905,443579,1,1798,1798,0,0,60,60,CCW,0,N,0,0,0
D7651658,437906,443580,1,1796,1798,0,0,60,60,CCW,0,N,0,0,0
D7651658,437907,443581,1,1802,1798,0,0,60,60,CCW,0,N,0,0,0
D7651658,437908,443582,1,1798,1798,0,0,60,60,CCW,0,N,0,0,0
D7651658,437909,443583,1,1797,1798,0,0,60,60,CCW,0,N,0,0,0
D7651658,437910,443584,1,1799,1798,0,0,60,60,CCW,0,N,0,0,0
D7651658,437911,443585,1,1799,1798,0,0,60,60,CCW,0,N,0,0,0
D7651658,437912,443586,1,1799,1798,0,0,60,60,CCW,0,N,0,0,0
D7651658,437913,443587,1,1798,1798,0,0,60,60,CCW,0,N,0,0,0
D7651658,437914,443588,1,1798,1798,0,0,60,60,CCW,0,N,0,0,0
D7651658,437915,443589,1,1799,1798,0,0,60,60,CCW,0,N,0,0,0
D7651658,437916,443590,1,1798,1798,0,0,60,60,CCW,0,N,0,0,0
D7651658,437917,443591,1,1798,1798,0,0,60,60,CCW,0,N,0,0,0
D7651658,437918,443592,1,1798,1798,0,0,60,60,CCW,0,N,0,0,0
D7651658,437919,443593,1,1798,1798,0,0,60,60,CCW,0,N,0,0,0
D7651658,437920,443594,1,1799,1798,0,0,60,60,CCW,0,N,0,0,0
D7651658,437921,443595,1,1812,1798,0,0,60,60,CCW,0,N,0,0,0
D7651658,437922,443596,1,1820,1798,0,0,60,60,CCW,0,N,0,0,0
D7651658,437923,443597,1,1797,1798,0,0,60,60,CCW,0,N,0,0,0
D7651658,437924,443598,1,1799,1798,0,0,60,60,CCW,0,N,0,0,0
D7651658,437925,443599,1,1801,1798,0,0,60,60,CCW,0,N,0,0,0
D7651658,437926,443600,1,1814,1798,0,0,60,60,CCW,0,N,0,0,0
D7651658,437927,443601,1,1798,1798,0,0,60,60,CCW,0,N,0,0,0
D7651658,437928,443602,1,1800,1798,0,0,60,60,CCW,0,N,0,0,0
D7651658,437929,443603,1,1799,1798,0,0,60,60,CCW,0,N,0,0,0
D7651658,437930,443604,1,1798,1798,0,0,60,60,CCW,0,N,0,0,0
D7651658,437931,443605,1,1799,1798,0,0,60,60,CCW,0,N,0,0,0
D7651658,437932,443606,1,1799,1798,0,0,60,60,CCW,0,N,0,0,0
D7651658,437933,443607,1,1796,1798,0,0,60,60,CCW,0,N,0,0,0
D7651658,437934,443608,1,1797,1798,0,0,60,60,CCW,0,N,0,0,0
D7651658,437935,443609,1,1797,1798,0,0,60,60,CCW,0,N,0,0,0
D7651658,437936,443610,1,1799,1798,0,0,60,60,CCW,0,N,0,0,0
D7651658,437937,443611,1,1798,1798,0,0,60,60,CCW,0,N,0,0,0
D7651658,437938,443612,1,1798,1798,0,0,60,60,CCW,0,N,0,0,0
D7651658,437939,443613,1,1798,1798,0,0,60,60,CCW,0,N,0,0,0
D7651658,437940,443614,1,1798,1798,0,0,60,60,CCW,0,N,0,0,0
D7651658,437941,443615,1,1799,1798,0,0,60,60,CCW,0,N,0,0,0
D7651658,437942,443616,1,1799,1798,0,0,60,60,CCW,0,N,0,0,0
D7651658,437943,443617,1,1796,1798,0,0,60,60,CCW,0,N,0,0,0
D7651658,437944,443618,1,1799,1798,0,0,60,60,CCW,0,N,0,0,0
D7651658,437945,443619,1,1798,1798,0,0,60,60,CCW,0,N,0,0,0
D7651658,437946,443620,1,1798,1798,0,0,60,60,CCW,0,N,0,0,0
D7651658,437947,443621,1,1801,1798,0,0,60,60,CCW,0,N,0,0,0
D7651658,437948,443622,1,1799,1798,0,0,60,60,CCW,0,N,0,0,0
D7651658,437949,443623,1,1798,1798,0,0,60,60,CCW,0,N,0,0,0
D7651658,437950,443624,1,1797,1798,0,0,60,60,CCW,0,N,0,0,0
D7651658,437951,443625,1,1797,1798,0,0,60,60,CCW,0,N,0,0,0
D7651658,437952,443626,1,1801,1798,0,0,60,60,CCW,0,N,0,0,0
D7651658,437953,443627,1,1799,1798,0,0,60,60,CCW,0,N,0,0,0
D7651658,437954,443628,1,1798,1798,0,0,60,60,CCW,0,N,0,0,0
D7651658,437955,443629,1,1797,1798,0,0,60,60,CCW,0,N,0,0,0
D7651658,437956,443630,1,1798,1798,0,0,60,60,CCW,0,N,0,0,0
D7651658,437957,443631,1,1797,1798,0,0,60,60,CCW,0,N,0,0,0
D7651658,437958,443632,1,1798,1798,0,0,60,60,CCW,0,N,0,0,0
D7651658,437959,443633,1,1800,1798,0,0,60,60,CCW,0,N,0,0,0
D7651658,437960,443634,1,1793,1798,0,0,60,60,CCW,0,N,0,0,0
D7651658,437961,443635,1,1798,1798,0,0,60,60,CCW,0,N,0,0,0
D7651658,437962,443636,1,1798,1798,0,0,60,60,CCW,0,N,0,0,0
D7651658,437963,443637,1,1795,1798,0,0,60,60,CCW,0,N,0,0,0
D7651658,437964,443638,1,1797,1798,0,0,60,60,CCW,0,N,0,0,0
D7651658,437965,443639,1,1796,1798,0,0,60,60,CCW,0,N,0,0,0
D7651658,437966,443640,1,1799,1798,0,0,60,60,CCW,0,N,0,0,0
D7651658,437967,443641,1,1797,1798,0,0,60,60,CCW,0,N,0,0,0
D7651658,437968,443642,1,1798,1798,0,0,60,60,CCW,0,N,0,0,0
D7651658,437969,443643,1,1798,1798,0,0,60,60,CCW,0,N,0,0,0
D7651658,437970,443644,1,1799,1798,0,0,60,60,CCW,0,N,0,0,0
D7651658,437971,443645,1,1798,1798,0,0,60,60,CCW,0,N,0,0,0
D7651658,437972,443646,1,1799,1798,0,0,60,60,CCW,0,N,0,0,0
D7651658,437973,443647,1,1797,1798,0,0,60,60,CCW,0,N,0,0,0
D7651658,437974,443648,1,1798,1798,0,0,60,60,CCW,0,N,0,0,0
D7651658,437975,443649,1,1798,1798,0,0,60,60,CCW,0,N,0,0,0
D7651658,437976,443650,1,1797,1798,0,0,60,60,CCW,0,N,0,0,0
D7651658,437977,443651,1,1797,1798,0,0,60,60,CCW,0,N,0,0,0
D7651658,437978,443652,1,1798,1798,0,0,60,60,CCW,0,N,0,0,0
D7651658,437979,443653,1,1799,1798,0,0,60,60,CCW,0,N,0,0,0
D7651658,437980,443654,1,1798,1798,0,0,60,60,CCW,0,N,0,0,0
D7651658,437981,443655,1,1797,1798,0,0,60,60,CCW,0,N,0,0,0
D7651658,437982,443656,1,1798,1798,0,0,60,60,CCW,0,N,0,0,0
D7651658,437983,443657,1,1798,1798,0,0,60,60,CCW,0,N,0,0,0
D7651658,437984,443658,1,1798,1798,0,0,60,60,CCW,0,N,0,0,0
D7651658,437985,443659,1,1798,1798,0,0,60,60,CCW,0,N,0,0,0
D7651658,437986,443660,1,1798,1798,0,0,60,60,CCW,0,N,0,0,0
D7651658,437987,443661,1,1797,1798,0,0,60,60,CCW,0,N,0,0,0
D7651658,437988,443662,1,1798,1798,0,0,60,60,CCW,0,N,0,0,0
D7651658,437989,443663,1,1798,1798,0,0,60,60,CCW,0,N,0,0,0
D7651658,437990,443664,1,1795,1798,0,0,60,60,CCW,0,N,0,0,0
D7651658,437991,443665,1,1797,1798,0,0,60,60,CCW,0,N,0,0,0
D7651658,437992,443666,1,1798,1798,0,0,60,60,CCW,0,N,0,0,0
D7651658,437993,443667,1,1797,1798,0,0,60,60,CCW,0,N,0,0,0
D7651658,437994,443668,1,1798,1798,0,0,60,60,CCW,0,N,0,0,0
D7651658,437995,443669,1,1799,1798,0,0,60,60,CCW,0,N,0,0,0
D7651658,437996,443670,1,1799,1798,0,0,60,60,CCW,0,N,0,0,0
D7651658,437997,443671,1,1797,1798,0,0,60,60,CCW,0,N,0,0,0
D7651658,437998,443672,1,1797,1798,0,0,60,60,CCW,0,N,0,0,0
D7651658,437999,443673,1,1798,1798,0,0,60,60,CCW,0,N,0,0,0
D7651658,438000,443674,1,1799,1798,0,0,60,60,CCW,0,N,0,0,0
D7651658,438001,443675,1,1796,1798,0,0,60,60,CCW,0,N,0,0,0
D7651658,438002,443676,1,1800,1798,0,0,60,60,CCW,0,N,0,0,0
D7651658,438003,443677,1,1799,1798,0,0,60,60,CCW,0,N,0,0,0
D7651658,438004,443678,1,1797,1798,0,0,60,60,CCW,0,N,0,0,0
D7651658,438005,443679,1,1797,1798,0,0,60,60,CCW,0,N,0,0,0
D7651658,438006,443680,1,1799,1798,0,0,60,60,CCW,0,N,0,0,0
D7651658,438007,443681,1,1796,1798,0,0,60,60,CCW,0,N,0,0,0
D7651658,438008,443682,1,1798,1798,0,0,60,60,CCW,0,N,0,0,0
D7651658,438009,443683,1,1797,1798,0,0,60,60,CCW,0,N,0,0,0
D7651658,438010,443684,1,1802,1798,0,0,60,60,CCW,0,N,0,0,0
D7651658,438011,443685,1,1797,1798,0,0,60,60,CCW,0,N,0,0,0
D7651658,438012,443686,1,1797,1798,0,0,60,60,CCW,0,N,0,0,0
D7651658,438013,443687,1,1797,1798,0,0,60,60,CCW,0,N,0,0,0
D7651658,438014,443688,1,1798,1798,0,0,60,60,CCW,0,N,0,0,0
D7651658,438015,443689,1,1795,1798,0,0,60,60,CCW,0,N,0,0,0
D7651658,438016,443690,1,1796,1798,0,0,60,60,CCW,0,N,0,0,0
D7651658,438017,443691,1,1797,1798,0,0,60,60,CCW,0,N,0,0,0
D7651658,438018,443692,1,1794,1798,0,0,60,60,CCW,0,N,0,0,0
D7651658,438019,443693,1,1797,1798,0,0,60,60,CCW,0,N,0,0,0
D7651658,438020,443694,1,1797,1798,0,0,60,60,CCW,0,N,0,0,0
D7651658,438021,443695,1,1797,1798,0,0,60,60,CCW,0,N,0,0,0
D7651658,438022,443696,1,1796,1798,0,0,60,60,CCW,0,N,0,0,0
D7651658,438023,443697,1,1797,1798,0,0,60,60,CCW,0,N,0,0,0
D7651658,438024,443698,1,1797,1798,0,0,60,60,CCW,0,N,0,0,0
D7651658,438025,443699,1,1796,1798,0,0,60,60,CCW,0,N,0,0,0
D7651658,438026,443700,1,1799,1798,0,0,60,60,CCW,0,N,0,0,0
D7651658,438027,443701,1,1797,1798,0,0,60,60,CCW,0,N,0,0,0
D7651658,438028,443702,1,1797,1798,0,0,60,60,CCW,0,N,0,0,0
D7651658,438029,443703,1,1799,1798,0,0,60,60,CCW,0,N,0,0,0
D7651658,438030,443704,1,1797,1798,0,0,60,60,CCW,0,N,0,0,0
D7651658,438031,443705,1,1797,1798,0,0,60,60,CCW,0,N,0,0,0
D7651658,438032,443706,1,1797,1798,0,0,60,60,CCW,0,N,0,0,0
D7651658,438033,443707,1,1799,1798,0,0,60,60,CCW,0,N,0,0,0
D7651658,438034,443708,1,1797,1798,0,0,60,60,CCW,0,N,0,0,0
D7651658,438035,443709,1,1796,1798,0,0,60,60,CCW,0,N,0,0,0
D7651658,438036,443710,1,1798,1798,0,0,60,60,CCW,0,N,0,0,0
D7651658,438037,443711,1,1796,1798,0,0,60,60,CCW,0,N,0,0,0
D7651658,438038,443712,1,1797,1798,0,0,60,60,CCW,0,N,0,0,0
D7651658,438039,443713,1,1795,1798,0,0,60,60,CCW,0,N,0,0,0
D7651658,438040,443714,1,1800,1798,0,0,60,60,CCW,0,N,0,0,0
D7651658,438041,443715,1,1798,1798,0,0,60,60,CCW,0,N,0,0,0
D7651658,438042,443716,1,1797,1798,0,0,60,60,CCW,0,N,0,0,0
D7651658,438043,443717,1,1797,1798,0,0,60,60,CCW,0,N,0,0,0
D7651658,438044,443718,1,1797,1798,0,0,60,60,CCW,0,N,0,0,0
D7651658,438045,443719,1,1797,1798,0,0,60,60,CCW,0,N,0,0,0
D7651658,438046,443720,1,1798,1798,0,0,60,60,CCW,0,N,0,0,0
D7651658,438047,443721,1,1793,1798,0,0,60,60,CCW,0,N,0,0,0
D7651658,438048,443722,1,1796,1798,0,0,60,60,CCW,0,N,0,0,0
D7651658,438049,443723,1,1795,1798,0,0,60,60,CCW,0,N,0,0,0
D7651658,438050,443724,1,1798,1798,0,0,60,60,CCW,0,N,0,0,0
D7651658,438051,443725,1,1798,1798,0,0,60,60,CCW,0,N,0,0,0
D7651658,438052,443726,1,1798,1798,0,0,60,60,CCW,0,N,0,0,0
D7651658,438053,443727,1,1796,1798,0,0,60,60,CCW,0,N,0,0,0
D7651658,438054,443728,1,1798,1798,0,0,60,60,CCW,0,N,0,0,0
D7651658,438055,443729,1,1800,1798,0,0,60,60,CCW,0,N,0,0,0
D7651658,438056,443730,1,1798,1798,0,0,60,60,CCW,0,N,0,0,0
D7651658,438057,443731,1,1799,1798,0,0,60,60,CCW,0,N,0,0,0
D7651658,438058,443732,1,1800,1798,0,0,60,60,CCW,0,N,0,0,0
D7651658,438059,443733,1,1799,1798,0,0,60,60,CCW,0,N,0,0,0
D7651658,438060,443734,1,1797,1798,0,0,60,60,CCW,0,N,0,0,0
D7651658,438061,443735,1,1798,1798,0,0,60,60,CCW,0,N,0,0,0
D7651658,438062,443736,1,1796,1798,0,0,60,60,CCW,0,N,0,0,0
D7651658,438063,443737,1,1798,1798,0,0,60,60,CCW,0,N,0,0,0
D7651658,438064,443738,1,1798,1798,0,0,60,60,CCW,0,N,0,0,0
D7651658,438065,443739,1,1798,1798,0,0,60,60,CCW,0,N,0,0,0
D7651658,438066,443740,1,1798,1798,0,0,60,60,CCW,0,N,0,0,0
D7651658,438067,443741,1,1798,1798,0,0,60,60,CCW,0,N,0,0,0
D7651658,438068,443742,1,1799,1798,0,0,60,60,CCW,0,N,0,0,0
D7651658,438069,443743,1,1797,1798,0,0,60,60,CCW,0,N,0,0,0
D7651658,438070,443744,1,1798,1798,0,0,60,60,CCW,0,N,0,0,0
D7651658,438071,443745,1,1800,1798,0,0,60,60,CCW,0,N,0,0,0
D7651658,438072,443746,1,1799,1798,0,0,60,60,CCW,0,N,0,0,0
D7651658,438073,443747,1,1797,1798,0,0,60,60,CCW,0,N,0,0,0
D7651658,438074,443748,1,1798,1798,0,0,60,60,CCW,0,N,0,0,0
D7651658,438075,443749,1,1797,1798,0,0,60,60,CCW,0,N,0,0,0
D7651658,438076,443750,1,1800,1798,0,0,60,60,CCW,0,N,0,0,0
D7651658,438077,443751,1,1798,1798,0,0,60,60,CCW,0,N,0,0,0
D7651658,438078,443752,1,1798,1798,0,0,60,60,CCW,0,N,0,0,0
D7651658,438079,443753,1,1798,1798,0,0,60,60,CCW,0,N,0,0,0
D7651658,438080,443754,1,1798,1798,0,0,60,60,CCW,0,N,0,0,0
D7651658,438081,443755,1,1798,1798,0,0,60,60,CCW,0,N,0,0,0
D7651658,438082,443757,2,1798,1798,0,0,60,60,CCW,0,N,0,1,1
D7651658,438083,443758,1,1800,1798,0,0,60,60,CCW,0,N,0,0,0
D7651658,438084,443759,1,1798,1798,0,0,60,60,CCW,0,N,0,0,0
D7651658,438085,443760,1,1798,1798,0,0,60,60,CCW,0,N,0,0,0
D7651658,438086,443761,1,1799,1798,0,0,60,60,CCW,0,N,0,0,0
D7651658,438087,443762,1,1799,1798,0,0,60,60,CCW,0,N,0,0,0
D7651658,438088,443763,1,1798,1798,0,0,60,60,CCW,0,N,0,0,0
D7651658,438089,443764,1,1798,1798,0,0,60,60,CCW,0,N,0,0,0
D7651658,438090,443765,1,1797,1798,0,0,60,60,CCW,0,N,0,0,0
D7651658,438091,443766,1,1802,1798,0,0,60,60,CCW,0,N,0,0,0
D7651658,438092,443767,1,1800,1798,0,0,60,60,CCW,0,N,0,0,0
D7651658,438093,443768,1,1798,1798,0,0,60,60,CCW,0,N,0,0,0
D7651658,438094,443769,1,1798,1798,0,0,60,60,CCW,0,N,0,0,0
D7651658,438095,443770,1,1798,1798,0,0,60,60,CCW,0,N,0,0,0
D7651658,438096,443771,1,1798,1798,0,0,60,60,CCW,0,N,0,0,0
D7651658,438097,443772,1,1800,1798,0,0,60,60,CCW,0,N,0,0,0
D7651658,438098,443773,1,1798,1798,0,0,60,60,CCW,0,N,0,0,0
D7651658,438099,443774,1,1802,1798,0,0,60,60,CCW,0,N,0,0,0
D7651658,438100,443775,1,1800,1798,0,0,60,60,CCW,0,N,0,0,0
D7651658,438101,443776,1,1799,1798,0,0,60,60,CCW,0,N,0,0,0
D7651658,438102,443777,1,1796,1798,0,0,60,60,CCW,0,N,0,0,0
D7651658,438103,443778,1,1797,1798,0,0,60,60,CCW,0,N,0,0,0
D7651658,438104,443779,1,1799,1798,0,0,60,60,CCW,0,N,0,0,0
D7651658,438105,443780,1,1797,1798,0,0,60,60,CCW,0,N,0,0,0
D7651658,438106,443781,1,1800,1798,0,0,60,60,CCW,0,N,0,0,0
D7651658,438107,443782,1,1798,1798,0,0,60,60,CCW,0,N,0,0,0
D7651658,438108,443783,1,1797,1798,0,0,60,60,CCW,0,N,0,0,0
D7651658,438109,443784,1,1800,1798,0,0,60,60,CCW,0,N,0,0,0
D7651658,438110,443785,1,1799,1798,0,0,60,60,CCW,0,N,0,0,0
D7651658,438111,443786,1,1797,1798,0,0,60,60,CCW,0,N,0,0,0
D7651658,438112,443787,1,1798,1798,0,0,60,60,CCW,0,N,0,0,0
D7651658,438113,443788,1,1799,1798,0,0,60,60,CCW,0,N,0,0,0
D7651658,438114,443789,1,1795,1798,0,0,60,60,CCW,0,N,0,0,0
D7651658,438115,443790,1,1800,1798,0,0,60,60,CCW,0,N,0,0,0
D7651658,438116,443791,1,1798,1798,0,0,60,60,CCW,0,N,0,0,0
D7651658,438117,443792,1,1801,1798,0,0,60,60,CCW,0,N,0,0,0
D7651658,438118,443793,1,1797,1798,0,0,60,60,CCW,0,N,0,0,0
D7651658,438119,443794,1,1800,1798,0,0,60,60,CCW,0,N,0,0,0
D7651658,438120,443795,1,1797,1798,0,0,60,60,CCW,0,N,0,0,0
D7651658,438121,443796,1,1797,1798,0,0,60,60,CCW,0,N,0,0,0
D7651658,438122,443797,1,1806,1798,0,0,60,60,CCW,0,N,0,0,0
D7651658,438123,443798,1,1798,1798,0,0,60,60,CCW,0,N,0,0,0
D7651658,438124,443799,1,1799,1798,0,0,60,60,CCW,0,N,0,0,0
D7651658,438125,443800,1,1799,1798,0,0,60,60,CCW,0,N,0,0,0
D7651658,438126,443801,1,1800,1798,0,0,60,60,CCW,0,N,0,0,0
D7651658,438127,443802,1,1798,1798,0,0,60,60,CCW,0,N,0,0,0
D7651658,438128,443803,1,1798,1798,0,0,60,60,CCW,0,N,0,0,0
D7651658,438129,443804,1,1798,1798,0,0,60,60,CCW,0,N,0,0,0
D7651658,438130,443805,1,1799,1798,0,0,60,60,CCW,0,N,0,0,0
D7651658,438131,443806,1,1799,1798,0,0,60,60,CCW,0,N,0,0,0
D7651658,438132,443807,1,1798,1798,0,0,60,60,CCW,0,N,0,0,0
D7651658,438133,443808,1,1799,1798,0,0,60,60,CCW,0,N,0,0,0
D7651658,438134,443809,1,1799,1798,0,0,60,60,CCW,0,N,0,0,0
D7651658,438135,443810,1,1798,1798,0,0,60,60,CCW,0,N,0,0,0
D7651658,438136,443811,1,1798,1798,0,0,60,60,CCW,0,N,0,0,0
D7651658,438137,443812,1,1797,1798,0,0,60,60,CCW,0,N,0,0,0
D7651658,438138,443813,1,1798,1798,0,0,60,60,CCW,0,N,0,0,0
D7651658,438139,443814,1,1798,1798,0,0,60,60,CCW,0,N,0,0,0
D7651658,438140,443815,1,1798,1798,0,0,60,60,CCW,0,N,0,0,0
D7651658,438141,443816,1,1798,1798,0,0,60,60,CCW,0,N,0,0,0
D7651658,438142,443817,1,1798,1798,0,0,60,60,CCW,0,N,0,0,0
D7651658,438143,443818,1,1798,1798,0,0,60,60,CCW,0,N,0,0,0
D7651658,438144,443819,1,1802,1798,0,0,60,60,CCW,0,N,0,0,0
D7651658,438145,443820,1,1799,1798,0,0,60,60,CCW,0,N,0,0,0
D7651658,438146,443821,1,1799,1798,0,0,60,60,CCW,0,N,0,0,0
D7651658,438147,443822,1,1798,1798,0,0,60,60,CCW,0,N,0,0,0
D7651658,438148,443823,1,1799,1798,0,0,60,60,CCW,0,N,0,0,0
D7651658,438149,443824,1,1798,1798,0,0,60,60,CCW,0,N,0,0,0
D7651658,438150,443825,1,1800,1798,0,0,60,60,CCW,0,N,0,0,0
D7651658,438151,443826,1,1796,1798,0,0,60,60,CCW,0,N,0,0,0
D7651658,438152,443827,1,1798,1798,0,0,60,60,CCW,0,N,0,0,0
D7651658,438153,443828,1,1793,1798,0,0,60,60,CCW,0,N,0,0,0
D7651658,438154,443829,1,1799,1798,0,0,60,60,CCW,0,N,0,0,0
D7651658,438155,443830,1,1799,1798,0,0,60,60,CCW,0,N,0,0,0
D7651658,438156,443831,1,1799,1798,0,0,60,60,CCW,0,N,0,0,0
D7651658,438157,443832,1,1799,1798,0,0,60,60,CCW,0,N,0,0,0
D7651658,438158,443833,1,1799,1798,0,0,60,60,CCW,0,N,0,0,0
D7651658,438159,443834,1,1800,1798,0,0,60,60,CCW,0,N,0,0,0
D7651658,438160,443835,1,1799,1798,0,0,60,60,CCW,0,N,0,0,0
D7651658,438161,443836,1,1798,1798,0,0,60,60,CCW,0,N,0,0,0
D7651658,438162,443837,1,1798,1798,0,0,60,60,CCW,0,N,0,0,0
D7651658,438163,443838,1,1799,1798,0,0,60,60,CCW,0,N,0,0,0
D7651658,438164,443839,1,1799,1798,0,0,60,60,CCW,0,N,0,0,0
D7651658,438165,443840,1,1798,1798,0,0,60,60,CCW,0,N,0,0,0
D7651658,438166,443841,1,1796,1798,0,0,60,60,CCW,0,N,0,0,0
D7651658,438167,443842,1,1798,1798,0,0,60,60,CCW,0,N,0,0,0
D7651658,438168,443843,1,1800,1798,0,0,60,60,CCW,0,N,0,0,0
D7651658,438169,443844,1,1800,1798,0,0,60,60,CCW,0,N,0,0,0
D7651658,438170,443845,1,1798,1798,0,0,60,60,CCW,0,N,0,0,0
D7651658,438171,443846,1,1798,1798,0,0,60,60,CCW,0,N,0,0,0
D7651658,438172,443847,1,1798,1798,0,0,60,60,CCW,0,N,0,0,0
D7651658,438173,443848,1,1799,1798,0,0,60,60,CCW,0,N,0,0,0
D7651658,438174,443849,1,1798,1798,0,0,60,60,CCW,0,N,0,0,0
D7651658,438175,443850,1,1800,1798,0,0,60,60,CCW,0,N,0,0,0
D7651658,438176,443851,1,1799,1798,0,0,60,60,CCW,0,N,0,0,0
D7651658,438177,443852,1,1799,1798,0,0,60,60,CCW,0,N,0,0,0
D7651658,438178,443853,1,1803,1798,0,0,60,60,CCW,0,N,0,0,0
D7651658,438179,443854,1,1800,1798,0,0,60,60,CCW,0,N,0,0,0
D7651658,438180,443855,1,1799,1798,0,0,60,60,CCW,0,N,0,0,0
D7651658,438181,443856,1,1799,1798,0,0,60,60,CCW,0,N,0,0,0
D7651658,438182,443857,1,1799,1798,0,0,60,60,CCW,0,N,0,0,0
D7651658,438183,443858,1,1802,1798,0,0,60,60,CCW,0,N,0,0,0
D7651658,438184,443859,1,1799,1798,0,0,60,60,CCW,0,N,0,0,0
D7651658,438185,443860,1,1798,1798,0,0,60,60,CCW,0,N,0,0,0
D7651658,438186,443861,1,1800,1798,0,0,60,60,CCW,0,N,0,0,0
D7651658,438187,443862,1,1800,1798,0,0,60,60,CCW,0,N,0,0,0
D7651658,438188,443863,1,1799,1798,0,0,60,60,CCW,0,N,0,0,0
D7651658,438189,443864,1,1799,1798,0,0,60,60,CCW,0,N,0,0,0
D7651658,438190,443865,1,1799,1798,0,0,60,60,CCW,0,N,0,0,0
D7651658,438191,443866,1,1799,1798,0,0,60,60,CCW,0,N,0,0,0
D7651658,438192,443867,1,1798,1798,0,0,60,60,CCW,0,N,0,0,0
D7651658,438193,443868,1,1799,1798,0,0,60,60,CCW,0,N,0,0,0
D7651658,438194,443869,1,1799,1798,0,0,60,60,CCW,0,N,0,0,0
D7651658,438195,443870,1,1799,1798,0,0,60,60,CCW,0,N,0,0,0
D7651658,438196,443871,1,1799,1798,0,0,60,60,CCW,0,N,0,0,0
D7651658,438197,443872,1,1800,1798,0,0,60,60,CCW,0,N,0,0,0
D7651658,438198,443873,1,1798,1798,0,0,60,60,CCW,0,N,0,0,0
D7651658,438199,443874,1,1800,1798,0,0,60,60,CCW,0,N,0,0,0
D7651658,438200,443875,1,1796,1798,0,0,60,60,CCW,0,N,0,0,0
D7651658,438201,443876,1,1800,1798,0,0,60,60,CCW,0,N,0,0,0
D7651658,438202,443877,1,1797,1798,0,0,60,60,CCW,0,N,0,0,0
D7651658,438203,443878,1,1799,1798,0,0,60,60,CCW,0,N,0,0,0
D7651658,438204,443879,1,1799,1798,0,0,60,60,CCW,0,N,0,0,0
D7651658,438205,443880,1,1798,1798,0,0,60,60,CCW,0,N,0,0,0
D7651658,438206,443881,1,1799,1798,0,0,60,60,CCW,0,N,0,0,0
D7651658,438207,443882,1,1799,1798,0,0,60,60,CCW,0,N,0,0,0
D7651658,438208,443883,1,1799,1798,0,0,60,60,CCW,0,N,0,0,0
D7651658,438209,443884,1,1799,1798,0,0,60,60,CCW,0,N,0,0,0
D7651658,438210,443885,1,1798,1798,0,0,60,60,CCW,0,N,0,0,0
D7651658,438211,443886,1,1797,1798,0,0,60,60,CCW,0,N,0,0,0
D7651658,438212,443887,1,1798,1798,0,0,60,60,CCW,0,N,0,0,0
D7651658,438213,443888,1,1799,1798,0,0,60,60,CCW,0,N,0,0,0
D7651658,438214,443889,1,1800,1798,0,0,60,60,CCW,0,N,0,0,0
D7651658,438215,443890,1,1799,1798,0,0,60,60,CCW,0,N,0,0,0
D7651658,438216,443891,1,1798,1798,0,0,60,60,CCW,0,N,0,0,0
D7651658,438217,443892,1,1800,1798,0,0,60,60,CCW,0,N,0,0,0
D7651658,438218,443893,1,1799,1798,0,0,60,60,CCW,0,N,0,0,0
D7651658,438219,443894,1,1798,1798,0,0,60,60,CCW,0,N,0,0,0
D7651658,438220,443895,1,1799,1798,0,0,60,60,CCW,0,N,0,0,0
D7651658,438221,443896,1,1799,1798,0,0,60,60,CCW,0,N,0,0,0
D7651658,438222,443897,1,1796,1798,0,0,60,60,CCW,0,N,0,0,0
D7651658,438223,443898,1,1798,1798,0,0,60,60,CCW,0,N,0,0,0
D7651658,438224,443899,1,1798,1798,0,0,60,60,CCW,0,N,0,0,0
D7651658,438225,443900,1,1798,1798,0,0,60,60,CCW,0,N,0,0,0
D7651658,438226,443901,1,1798,1798,0,0,60,60,CCW,0,N,0,0,0
D7651658,438227,443902,1,1797,1798,0,0,60,60,CCW,0,N,0,0,0
D7651658,438228,443903,1,1799,1798,0,0,60,60,CCW,0,N,0,0,0
D7651658,438229,443904,1,1799,1798,0,0,60,60,CCW,0,N,0,0,0
D7651658,438230,443905,1,1799,1798,0,0,60,60,CCW,0,N,0,0,0
D7651658,438231,443906,1,1799,1798,0,0,60,60,CCW,0,N,0,0,0
D7651658,438232,443907,1,1800,1798,0,0,60,60,CCW,0,N,0,0,0
D7651658,438233,443908,1,1799,1798,0,0,60,60,CCW,0,N,0,0,0
D7651658,438234,443909,1,1800,1798,0,0,60,60,CCW,0,N,0,0,0
D7651658,438235,443910,1,1800,1798,0,0,60,60,CCW,0,N,0,0,0
D7651658,438236,443911,1,1799,1798,0,0,60,60,CCW,0,N,0,0,0
D7651658,438237,443912,1,1798,1798,0,0,60,60,CCW,0,N,0,0,0
D7651658,438238,443913,1,1797,1798,0,0,60,60,CCW,0,N,0,0,0
D7651658,438239,443914,1,1801,1798,0,0,60,60,CCW,0,N,0,0,0
D7651658,438240,443915,1,1805,1798,0,0,60,60,CCW,0,N,0,0,0
D7651658,438241,443916,1,1799,1798,0,0,60,60,CCW,0,N,0,0,0
D7651658,438242,443917,1,1798,1798,0,0,60,60,CCW,0,N,0,0,0
D7651658,438243,443918,1,1799,1798,0,0,60,60,CCW,0,N,0,0,0
D7651658,438244,443919,1,1797,1798,0,0,60,60,CCW,0,N,0,0,0
D7651658,438245,443920,1,1798,1798,0,0,60,60,CCW,0,N,0,0,0
D7651658,438246,443921,1,1799,1798,0,0,60,60,CCW,0,N,0,0,0
D7651658,438247,443922,1,1796,1798,0,0,60,60,CCW,0,N,0,0,0
D7651658,438248,443923,1,1799,1798,0,0,60,60,CCW,0,N,0,0,0
D7651658,438249,443924,1,1799,1798,0,0,60,60,CCW,0,N,0,0,0
D7651658,438250,443925,1,1799,1798,0,0,60,60,CCW,0,N,0,0,0
D7651658,438251,443926,1,1800,1798,0,0,60,60,CCW,0,N,0,0,0
D7651658,438252,443927,1,1799,1798,0,0,60,60,CCW,0,N,0,0,0
D7651658,438253,443928,1,1799,1798,0,0,60,60,CCW,0,N,0,0,0
D7651658,438254,443929,1,1791,1798,0,0,60,60,CCW,0,N,0,0,0
D7651658,438255,443930,1,1798,1798,0,0,60,60,CCW,0,N,0,0,0
D7651658,438256,443931,1,1801,1798,0,0,60,60,CCW,0,N,0,0,0
D7651658,438257,443932,1,1798,1798,0,0,60,60,CCW,0,N,0,0,0
D7651658,438258,443933,1,1797,1798,0,0,60,60,CCW,0,N,0,0,0
D7651658,438259,443934,1,1798,1798,0,0,60,60,CCW,0,N,0,0,0
D7651658,438260,443935,1,1798,1798,0,0,60,60,CCW,0,N,0,0,0
D7651658,438261,443936,1,1801,1798,0,0,60,60,CCW,0,N,0,0,0
D7651658,438262,443937,1,1798,1798,0,0,60,60,CCW,0,N,0,0,0
D7651658,438263,443938,1,1797,1798,0,0,60,60,CCW,0,N,0,0,0
D7651658,438264,443939,1,1798,1798,0,0,60,60,CCW,0,N,0,0,0
D7651658,438265,443940,1,1800,1798,0,0,60,60,CCW,0,N,0,0,0
D7651658,438266,443941,1,1801,1798,0,0,60,60,CCW,0,N,0,0,0
D7651658,438267,443942,1,1798,1798,0,0,60,60,CCW,0,N,0,0,0
D7651658,438268,443943,1,1800,1798,0,0,60,60,CCW,0,N,0,0,0
D7651658,438269,443944,1,1798,1798,0,0,60,60,CCW,0,N,0,0,0
D7651658,438270,443945,1,1800,1798,0,0,60,60,CCW,0,N,0,0,0
D7651658,438271,443946,1,1796,1798,0,0,60,60,CCW,0,N,0,0,0
D7651658,438272,443947,1,1798,1798,0,0,60,60,CCW,0,N,0,0,0
D7651658,438273,443948,1,1798,1798,0,0,60,60,CCW,0,N,0,0,0
D7651658,438274,443949,1,1799,1798,0,0,60,60,CCW,0,N,0,0,0
D7651658,438275,443950,1,1798,1798,0,0,60,60,CCW,0,N,0,0,0
D7651658,438276,443951,1,1799,1798,0,0,60,60,CCW,0,N,0,0,0
D7651658,438277,443952,1,1801,1798,0,0,60,60,CCW,0,N,0,0,0
D7651658,438278,443953,1,1798,1798,0,0,60,60,CCW,0,N,0,0,0
D7651658,438279,443954,1,1798,1798,0,0,60,60,CCW,0,N,0,0,0
D7651658,438280,443955,1,1798,1798,0,0,60,60,CCW,0,N,0,0,0
D7651658,438281,443956,1,1798,1798,0,0,60,60,CCW,0,N,0,0,0
D7651658,438282,443957,1,1799,1798,0,0,60,60,CCW,0,N,0,0,0
D7651658,438283,443958,1,1800,1798,0,0,60,60,CCW,0,N,0,0,0
D7651658,438284,443959,1,1798,1798,0,0,60,60,CCW,0,N,0,0,0
D7651658,438285,443960,1,1794,1798,0,0,60,60,CCW,0,N,0,0,0
D7651658,438286,443961,1,1799,1798,0,0,60,60,CCW,0,N,0,0,0
D7651658,438287,443962,1,1795,1798,0,0,60,60,CCW,0,N,0,0,0
D7651658,438288,443963,1,1800,1798,0,0,60,60,CCW,0,N,0,0,0
D7651658,438289,443964,1,1799,1798,0,0,60,60,CCW,0,N,0,0,0
D7651658,438290,443965,1,1798,1798,0,0,60,60,CCW,0,N,0,0,0
D7651658,438291,443966,1,1800,1798,0,0,60,60,CCW,0,N,0,0,0
D7651658,438292,443967,1,1799,1798,0,0,60,60,CCW,0,N,0,0,0
D7651658,438293,443968,1,1798,1798,0,0,60,60,CCW,0,N,0,0,0
D7651658,438294,443969,1,1799,1798,0,0,60,60,CCW,0,N,0,0,0
D7651658,438295,443970,1,1799,1798,0,0,60,60,CCW,0,N,0,0,0
D7651658,438296,443971,1,1798,1798,0,0,60,60,CCW,0,N,0,0,0
D7651658,438297,443972,1,1797,1798,0,0,60,60,CCW,0,N,0,0,0
D7651658,438298,443973,1,1799,1798,0,0,60,60,CCW,0,N,0,0,0
D7651658,438299,443974,1,1801,1798,0,0,60,60,CCW,0,N,0,0,0
D7651658,438300,443975,1,1799,1798,0,0,60,60,CCW,0,N,0,0,0
D7651658,438301,443976,1,1799,1798,0,0,60,60,CCW,0,N,0,0,0
D7651658,438302,443977,1,1799,1798,0,0,60,60,CCW,0,N,0,0,0
D7651658,438303,443978,1,1799,1798,0,0,60,60,CCW,0,N,0,0,0
D7651658,438304,443979,1,1799,1798,0,0,60,60,CCW,0,N,0,0,0
D7651658,438305,443980,1,1800,1798,0,0,60,60,CCW,0,N,0,0,0
D7651658,438306,443981,1,1797,1798,0,0,60,60,CCW,0,N,0,0,0
D7651658,438307,443982,1,1798,1798,0,0,60,60,CCW,0,N,0,0,0
D7651658,438308,443983,1,1798,1798,0,0,60,60,CCW,0,N,0,0,0
D7651658,438309,443984,1,1799,1798,0,0,60,60,CCW,0,N,0,0,0
D7651658,438310,443985,1,1797,1798,0,0,60,60,CCW,0,N,0,0,0
D7651658,438311,443986,1,1800,1798,0,0,60,60,CCW,0,N,0,0,0
D7651658,438312,443987,1,1798,1798,0,0,60,60,CCW,0,N,0,0,0
D7651658,438313,443988,1,1797,1798,0,0,60,60,CCW,0,N,0,0,0
D7651658,438314,443989,1,1799,1798,0,0,60,60,CCW,0,N,0,0,0
D7651658,438315,443990,1,1801,1798,0,0,60,60,CCW,0,N,0,0,0
D7651658,438316,443991,1,1799,1798,0,0,60,60,CCW,0,N,0,0,0
D7651658,438317,443992,1,1798,1798,0,0,60,60,CCW,0,N,0,0,0
D7651658,438318,443993,1,1797,1798,0,0,60,60,CCW,0,N,0,0,0
D7651658,438319,443994,1,1797,1798,0,0,60,60,CCW,0,N,0,0,0
D7651658,438320,443995,1,1799,1798,0,0,60,60,CCW,0,N,0,0,0
D7651658,438321,443996,1,1799,1798,0,0,60,60,CCW,0,N,0,0,0
D7651658,438322,443997,1,1797,1798,0,0,60,60,CCW,0,N,0,0,0
D7651658,438323,443998,1,1798,1798,0,0,60,60,CCW,0,N,0,0,0
D7651658,438324,443999,1,1798,1798,0,0,60,60,CCW,0,N,0,0,0
D7651658,438325,444000,1,1797,1798,0,0,60,60,CCW,0,N,0,0,0
D7651658,438326,444001,1,1799,1798,0,0,60,60,CCW,0,N,0,0,0
D7651658,438327,444002,1,1799,1798,0,0,60,60,CCW,0,N,0,0,0
D7651658,438328,444003,1,1797,1798,0,0,60,60,CCW,0,N,0,0,0
D7651658,438329,444004,1,1799,1798,0,0,60,60,CCW,0,N,0,0,0
D7651658,438330,444005,1,1798,1798,0,0,60,60,CCW,0,N,0,0,0
D7651658,438331,444006,1,1798,1798,0,0,60,60,CCW,0,N,0,0,0
D7651658,438332,444007,1,1798,1798,0,0,60,60,CCW,0,N,0,0,0
D7651658,438333,444008,1,1798,1798,0,0,60,60,CCW,0,N,0,0,0
D7651658,438334,444009,1,1796,1798,0,0,60,60,CCW,0,N,0,0,0
D7651658,438335,444010,1,1798,1798,0,0,60,60,CCW,0,N,0,0,0
D7651658,438336,444011,1,1797,1798,0,0,60,60,CCW,0,N,0,0,0
D7651658,438337,444012,1,1797,1798,0,0,60,60,CCW,0,N,0,0,0
D7651658,438338,444013,1,1798,1798,0,0,60,60,CCW,0,N,0,0,0
D7651658,438339,444014,1,1799,1798,0,0,60,60,CCW,0,N,0,0,0
D7651658,438340,444015,1,1798,1798,0,0,60,60,CCW,0,N,0,0,0
D7651658,438341,444016,1,1798,1798,0,0,60,60,CCW,0,N,0,0,0
D7651658,438342,444017,1,1796,1798,0,0,60,60,CCW,0,N,0,0,0
D7651658,438343,444018,1,1798,1798,0,0,60,60,CCW,0,N,0,0,0
D7651658,438344,444019,1,1798,1798,0,0,60,60,CCW,0,N,0,0,0
D7651658,438345,444020,1,1799,1798,0,0,60,60,CCW,0,N,0,0,0
D7651658,438346,444021,1,1799,1798,0,0,60,60,CCW,0,N,0,0,0
D7651658,438347,444022,1,1798,1798,0,0,60,60,CCW,0,N,0,0,0
D7651658,438348,444023,1,1797,1798,0,0,60,60,CCW,0,N,0,0,0
D7651658,438349,444024,1,1796,1798,0,0,60,60,CCW,0,N,0,0,0
D7651658,438350,444025,1,1798,1798,0,0,60,60,CCW,0,N,0,0,0
D7651658,438351,444026,1,1797,1798,0,0,60,60,CCW,0,N,0,0,0
D7651658,438352,444027,1,1799,1798,0,0,60,60,CCW,0,N,0,0,0
D7651658,438353,444028,1,1798,1798,0,0,60,60,CCW,0,N,0,0,0
D7651658,438354,444029,1,1797,1798,0,0,60,60,CCW,0,N,0,0,0
D7651658,438355,444030,1,1798,1798,0,0,60,60,CCW,0,N,0,0,0
D7651658,438356,444031,1,1797,1798,0,0,60,60,CCW,0,N,0,0,0
D7651658,438357,444032,1,1798,1798,0,0,60,60,CCW,0,N,0,0,0
D7651658,438358,444033,1,1800,1798,0,0,60,60,CCW,0,N,0,0,0
D7651658,438359,444034,1,1797,1798,0,0,60,60,CCW,0,N,0,0,0
D7651658,438360,444035,1,1799,1798,0,0,60,60,CCW,0,N,0,0,0
D7651658,438361,444036,1,1799,1798,0,0,60,60,CCW,0,N,0,0,0
D7651658,438362,444037,1,1799,1798,0,0,60,60,CCW,0,N,0,0,0
D7651658,438363,444038,1,1799,1798,0,0,60,60,CCW,0,N,0,0,0
D7651658,438364,444039,1,1798,1798,0,0,60,60,CCW,0,N,0,0,0
D7651658,438365,444040,1,1799,1798,0,0,60,60,CCW,0,N,0,0,0
D7651658,438366,444041,1,1798,1798,0,0,60,60,CCW,0,N,0,0,0
D7651658,438367,444042,1,1798,1798,0,0,60,60,CCW,0,N,0,0,0
D7651658,438368,444043,1,1799,1798,0,0,60,60,CCW,0,N,0,0,0
D7651658,438369,444044,1,1799,1798,0,0,60,60,CCW,0,N,0,0,0
D7651658,438370,444045,1,1799,1798,0,0,60,60,CCW,0,N,0,0,0
D7651658,438371,444046,1,1799,1798,0,0,60,60,CCW,0,N,0,0,0
D7651658,438372,444047,1,1798,1798,0,0,60,60,CCW,0,N,0,0,0
D7651658,438373,444048,1,1800,1798,0,0,60,60,CCW,0,N,0,0,0
D7651658,438374,444049,1,1800,1798,0,0,60,60,CCW,0,N,0,0,0
D7651658,438375,444050,1,1798,1798,0,0,60,60,CCW,0,N,0,0,0
D7651658,438376,444051,1,1798,1798,0,0,60,60,CCW,0,N,0,0,0
D7651658,438377,444052,1,1797,1798,0,0,60,60,CCW,0,N,0,0,0
D7651658,438378,444053,1,1798,1798,0,0,60,60,CCW,0,N,0,0,0
D7651658,438379,444054,1,1800,1798,0,0,60,60,CCW,0,N,0,0,0
D7651658,438380,444055,1,1799,1798,0,0,60,60,CCW,0,N,0,0,0
D7651658,438381,444056,1,1799,1798,0,0,60,60,CCW,0,N,0,0,0
D7651658,438382,444057,1,1800,1798,0,0,60,60,CCW,0,N,0,0,0
D7651658,438383,444058,1,1799,1798,0,0,60,60,CCW,0,N,0,0,0
D7651658,438384,444059,1,1801,1798,0,0,60,60,CCW,0,N,0,0,0
D7651658,438385,444060,1,1799,1798,0,0,60,60,CCW,0,N,0,0,0
D7651658,438386,444061,1,1798,1798,0,0,60,60,CCW,0,N,0,0,0
D7651658,438387,444062,1,1799,1798,0,0,60,60,CCW,0,N,0,0,0
D7651658,438388,444064,2,1798,1798,0,0,60,60,CCW,0,N,0,1,1
D7651658,438389,444065,1,1798,1798,0,0,60,60,CCW,0,N,0,0,0
D7651658,438390,444066,1,1798,1798,0,0,60,60,CCW,0,N,0,0,0
D7651658,438391,444067,1,1799,1798,0,0,60,60,CCW,0,N,0,0,0
D7651658,438392,444068,1,1799,1798,0,0,60,60,CCW,0,N,0,0,0
D7651658,438393,444069,1,1799,1798,0,0,60,60,CCW,0,N,0,0,0
D7651658,438394,444070,1,1797,1798,0,0,60,60,CCW,0,N,0,0,0
D7651658,438395,444071,1,1798,1798,0,0,60,60,CCW,0,N,0,0,0
D7651658,438396,444072,1,1795,1798,0,0,60,60,CCW,0,N,0,0,0
D7651658,438397,444073,1,1796,1798,0,0,60,60,CCW,0,N,0,0,0
D7651658,438398,444074,1,1798,1798,0,0,60,60,CCW,0,N,0,0,0
D7651658,438399,444075,1,1797,1798,0,0,60,60,CCW,0,N,0,0,0
D7651658,438400,444076,1,1798,1798,0,0,60,60,CCW,0,N,0,0,0
D7651658,438401,444077,1,1798,1798,0,0,60,60,CCW,0,N,0,0,0
D7651658,438402,444078,1,1795,1798,0,0,60,60,CCW,0,N,0,0,0
D7651658,438403,444079,1,1798,1798,0,0,60,60,CCW,0,N,0,0,0
D7651658,438404,444080,1,1797,1798,0,0,60,60,CCW,0,N,0,0,0
D7651658,438405,444081,1,1799,1798,0,0,60,60,CCW,0,N,0,0,0
D7651658,438406,444082,1,1799,1798,0,0,60,60,CCW,0,N,0,0,0
D7651658,438407,444083,1,1799,1798,0,0,60,60,CCW,0,N,0,0,0
D7651658,438408,444084,1,1797,1798,0,0,60,60,CCW,0,N,0,0,0
D7651658,438409,444085,1,1800,1798,0,0,60,60,CCW,0,N,0,0,0
D7651658,438410,444086,1,1799,1798,0,0,60,60,CCW,0,N,0,0,0
D7651658,438411,444087,1,1800,1798,0,0,60,60,CCW,0,N,0,0,0
D7651658,438412,444088,1,1798,1798,0,0,60,60,CCW,0,N,0,0,0
D7651658,438413,444089,1,1800,1798,0,0,60,60,CCW,0,N,0,0,0
D7651658,438414,444090,1,1798,1798,0,0,60,60,CCW,0,N,0,0,0
D7651658,438415,444091,1,1797,1798,0,0,60,60,CCW,0,N,0,0,0
D7651658,438416,444092,1,1798,1798,0,0,60,60,CCW,0,N,0,0,0
D7651658,438417,444093,1,1797,1798,0,0,60,60,CCW,0,N,0,0,0
D7651658,438418,444094,1,1799,1798,0,0,60,60,CCW,0,N,0,0,0
D7651658,438419,444095,1,1799,1798,0,0,60,60,CCW,0,N,0,0,0
D7651658,438420,444096,1,1797,1798,0,0,60,60,CCW,0,N,0,0,0
D7651658,438421,444097,1,1797,1798,0,0,60,60,CCW,0,N,0,0,0
D7651658,438422,444098,1,1798,1798,0,0,60,60,CCW,0,N,0,0,0
D7651658,438423,444099,1,1799,1798,0,0,60,60,CCW,0,N,0,0,0
D7651658,438424,444100,1,1801,1798,0,0,60,60,CCW,0,N,0,0,0
D7651658,438425,444101,1,1797,1798,0,0,60,60,CCW,0,N,0,0,0
D7651658,438426,444102,1,1798,1798,0,0,60,60,CCW,0,N,0,0,0
D7651658,438427,444103,1,1797,1798,0,0,60,60,CCW,0,N,0,0,0
D7651658,438428,444104,1,1800,1798,0,0,60,60,CCW,0,N,0,0,0
D7651658,438429,444105,1,1798,1798,0,0,60,60,CCW,0,N,0,0,0
D7651658,438430,444106,1,1800,1798,0,0,60,60,CCW,0,N,0,0,0
D7651658,438431,444107,1,1800,1798,0,0,60,60,CCW,0,N,0,0,0
D7651658,438432,444108,1,1798,1798,0,0,60,60,CCW,0,N,0,0,0
D7651658,438433,444109,1,1798,1798,0,0,60,60,CCW,0,N,0,0,0
D7651658,438434,444110,1,1798,1798,0,0,60,60,CCW,0,N,0,0,0
D7651658,438435,444111,1,1798,1798,0,0,60,60,CCW,0,N,0,0,0
D7651658,438436,444112,1,1799,1798,0,0,60,60,CCW,0,N,0,0,0
D7651658,438437,444113,1,1798,1798,0,0,60,60,CCW,0,N,0,0,0
D7651658,438438,444114,1,1799,1798,0,0,60,60,CCW,0,N,0,0,0
D7651658,438439,444115,1,1798,1798,0,0,60,60,CCW,0,N,0,0,0
D7651658,438440,444116,1,1804,1798,0,0,60,60,CCW,0,N,0,0,0
D7651658,438441,444117,1,1798,1798,0,0,60,60,CCW,0,N,0,0,0
D7651658,438442,444118,1,1799,1798,0,0,60,60,CCW,0,N,0,0,0
D7651658,438443,444119,1,1798,1798,0,0,60,60,CCW,0,N,0,0,0
D7651658,438444,444120,1,1800,1798,0,0,60,60,CCW,0,N,0,0,0
D7651658,438445,444121,1,1798,1798,0,0,60,60,CCW,0,N,0,0,0
D7651658,438446,444122,1,1797,1798,0,0,60,60,CCW,0,N,0,0,0
D7651658,438447,444123,1,1799,1798,0,0,60,60,CCW,0,N,0,0,0
D7651658,438448,444124,1,1800,1798,0,0,60,60,CCW,0,N,0,0,0
D7651658,438449,444125,1,1798,1798,0,0,60,60,CCW,0,N,0,0,0
D7651658,438450,444126,1,1799,1798,0,0,60,60,CCW,0,N,0,0,0
D7651658,438451,444127,1,1798,1798,0,0,60,60,CCW,0,N,0,0,0
D7651658,438452,444128,1,1799,1798,0,0,60,60,CCW,0,N,0,0,0
D7651658,438453,444129,1,1798,1798,0,0,60,60,CCW,0,N,0,0,0
D7651658,438454,444130,1,1801,1798,0,0,60,60,CCW,0,N,0,0,0
D7651658,438455,444131,1,1798,1798,0,0,60,60,CCW,0,N,0,0,0
D7651658,438456,444132,1,1797,1798,0,0,60,60,CCW,0,N,0,0,0
D7651658,438457,444133,1,1798,1798,0,0,60,60,CCW,0,N,0,0,0
D7651658,438458,444134,1,1798,1798,0,0,60,60,CCW,0,N,0,0,0
D7651658,438459,444135,1,1798,1798,0,0,60,60,CCW,0,N,0,0,0
D7651658,438460,444136,1,1797,1798,0,0,60,60,CCW,0,N,0,0,0
D7651658,438461,444137,1,1798,1798,0,0,60,60,CCW,0,N,0,0,0
D7651658,438462,444138,1,1798,1798,0,0,60,60,CCW,0,N,0,0,0
D7651658,438463,444139,1,1797,1798,0,0,60,60,CCW,0,N,0,0,0
D7651658,438464,444140,1,1797,1798,0,0,60,60,CCW,0,N,0,0,0
D7651658,438465,444141,1,1798,1798,0,0,60,60,CCW,0,N,0,0,0
D7651658,438466,444142,1,1797,1798,0,0,60,60,CCW,0,N,0,0,0
D7651658,438467,444143,1,1797,1798,0,0,60,60,CCW,0,N,0,0,0
D7651658,438468,444144,1,1800,1798,0,0,60,60,CCW,0,N,0,0,0
D7651658,438469,444145,1,1799,1798,0,0,60,60,CCW,0,N,0,0,0
D7651658,438470,444146,1,1798,1798,0,0,60,60,CCW,0,N,0,0,0
D7651658,438471,444147,1,1797,1798,0,0,60,60,CCW,0,N,0,0,0
D7651658,438472,444148,1,1799,1798,0,0,60,60,CCW,0,N,0,0,0
D7651658,438473,444149,1,1798,1798,0,0,60,60,CCW,0,N,0,0,0
D7651658,438474,444150,1,1799,1798,0,0,60,60,CCW,0,N,0,0,0
D7651658,438475,444151,1,1796,1798,0,0,60,60,CCW,0,N,0,0,0
D7651658,438476,444152,1,1800,1798,0,0,60,60,CCW,0,N,0,0,0
D7651658,438477,444153,1,1800,1798,0,0,60,60,CCW,0,N,0,0,0
D7651658,438478,444154,1,1798,1798,0,0,60,60,CCW,0,N,0,0,0
D7651658,438479,444155,1,1799,1798,0,0,60,60,CCW,0,N,0,0,0
D7651658,438480,444156,1,1797,1798,0,0,60,60,CCW,0,N,0,0,0
D7651658,438481,444157,1,1799,1798,0,0,60,60,CCW,0,N,0,0,0
D7651658,438482,444158,1,1799,1798,0,0,60,60,CCW,0,N,0,0,0
D7651658,438483,444159,1,1797,1798,0,0,60,60,CCW,0,N,0,0,0
D7651658,438484,444160,1,1798,1798,0,0,60,60,CCW,0,N,0,0,0
D7651658,438485,444161,1,1797,1798,0,0,60,60,CCW,0,N,0,0,0
D7651658,438486,444162,1,1801,1798,0,0,60,60,CCW,0,N,0,0,0
D7651658,438487,444163,1,1797,1798,0,0,60,60,CCW,0,N,0,0,0
D7651658,438488,444164,1,1807,1798,0,0,60,60,CCW,0,N,0,0,0
D7651658,438489,444165,1,1798,1798,0,0,60,60,CCW,0,N,0,0,0
D7651658,438490,444166,1,1797,1798,0,0,60,60,CCW,0,N,0,0,0
D7651658,438491,444167,1,1798,1798,0,0,60,60,CCW,0,N,0,0,0
D7651658,438492,444168,1,1799,1798,0,0,60,60,CCW,0,N,0,0,0
D7651658,438493,444169,1,1799,1798,0,0,60,60,CCW,0,N,0,0,0
D7651658,438494,444170,1,1800,1798,0,0,60,60,CCW,0,N,0,0,0
D7651658,438495,444171,1,1799,1798,0,0,60,60,CCW,0,N,0,0,0
D7651658,438496,444172,1,1798,1798,0,0,60,60,CCW,0,N,0,0,0
D7651658,438497,444173,1,1799,1798,0,0,60,60,CCW,0,N,0,0,0
D7651658,438498,444174,1,1795,1798,0,0,60,60,CCW,0,N,0,0,0
D7651658,438499,444175,1,1798,1798,0,0,60,60,CCW,0,N,0,0,0
D7651658,438500,444176,1,1797,1798,0,0,60,60,CCW,0,N,0,0,0
D7651658,438501,444177,1,1798,1798,0,0,60,60,CCW,0,N,0,0,0
D7651658,438502,444178,1,1797,1798,0,0,60,60,CCW,0,N,0,0,0
D7651658,438503,444179,1,1799,1798,0,0,60,60,CCW,0,N,0,0,0
D7651658,438504,444180,1,1800,1798,0,0,60,60,CCW,0,N,0,0,0
D7651658,438505,444181,1,1785,1798,0,0,60,60,CCW,0,N,0,0,0
D7651658,438506,444182,1,1799,1798,0,0,60,60,CCW,0,N,0,0,0
D7651658,438507,444183,1,1805,1798,0,0,60,60,CCW,0,N,0,0,0
D7651658,438508,444184,1,1797,1798,0,0,60,60,CCW,0,N,0,0,0
D7651658,438509,444185,1,1797,1798,0,0,60,60,CCW,0,N,0,0,0
D7651658,438510,444186,1,1799,1798,0,0,60,60,CCW,0,N,0,0,0
D7651658,438511,444187,1,1799,1798,0,0,60,60,CCW,0,N,0,0,0
D7651658,438512,444188,1,1798,1798,0,0,60,60,CCW,0,N,0,0,0
D7651658,438513,444189,1,1798,1798,0,0,60,60,CCW,0,N,0,0,0
D7651658,438514,444190,1,1798,1798,0,0,60,60,CCW,0,N,0,0,0
D7651658,438515,444191,1,1797,1798,0,0,60,60,CCW,0,N,0,0,0
D7651658,438516,444192,1,1799,1798,0,0,60,60,CCW,0,N,0,0,0
D7651658,438517,444193,1,1796,1798,0,0,60,60,CCW,0,N,0,0,0
D7651658,438518,444194,1,1798,1798,0,0,60,60,CCW,0,N,0,0,0
D7651658,438519,444195,1,1798,1798,0,0,60,60,CCW,0,N,0,0,0
D7651658,438520,444196,1,1796,1798,0,0,60,60,CCW,0,N,0,0,0
D7651658,438521,444197,1,1799,1798,0,0,60,60,CCW,0,N,0,0,0
D7651658,438522,444198,1,1797,1798,0,0,60,60,CCW,0,N,0,0,0
D7651658,438523,444199,1,1799,1798,0,0,60,60,CCW,0,N,0,0,0
D7651658,438524,444200,1,1797,1798,0,0,60,60,CCW,0,N,0,0,0
D7651658,438525,444201,1,1793,1798,0,0,60,60,CCW,0,N,0,0,0
D7651658,438526,444202,1,1797,1798,0,0,60,60,CCW,0,N,0,0,0
D7651658,438527,444203,1,1800,1798,0,0,60,60,CCW,0,N,0,0,0
D7651658,438528,444204,1,1798,1798,0,0,60,60,CCW,0,N,0,0,0
D7651658,438529,444205,1,1798,1798,0,0,60,60,CCW,0,N,0,0,0
D7651658,438530,444206,1,1799,1798,0,0,60,60,CCW,0,N,0,0,0
D7651658,438531,444207,1,1796,1798,0,0,60,60,CCW,0,N,0,0,0
D7651658,438532,444208,1,1799,1798,0,0,60,60,CCW,0,N,0,0,0
D7651658,438533,444209,1,1798,1798,0,0,60,60,CCW,0,N,0,0,0
D7651658,438534,444210,1,1800,1798,0,0,60,60,CCW,0,N,0,0,0
D7651658,438535,444211,1,1797,1798,0,0,60,60,CCW,0,N,0,0,0
D7651658,438536,444212,1,1797,1798,0,0,60,60,CCW,0,N,0,0,0
D7651658,438537,444213,1,1799,1798,0,0,60,60,CCW,0,N,0,0,0
D7651658,438538,444214,1,1796,1798,0,0,60,60,CCW,0,N,0,0,0
D7651658,438539,444215,1,1798,1798,0,0,60,60,CCW,0,N,0,0,0
D7651658,438540,444216,1,1799,1798,0,0,60,60,CCW,0,N,0,0,0
D7651658,438541,444217,1,1802,1798,0,0,60,60,CCW,0,N,0,0,0
D7651658,438542,444218,1,1798,1798,0,0,60,60,CCW,0,N,0,0,0
D7651658,438543,444219,1,1799,1798,0,0,60,60,CCW,0,N,0,0,0
D7651658,438544,444220,1,1795,1798,0,0,60,60,CCW,0,N,0,0,0
D7651658,438545,444221,1,1798,1798,0,0,60,60,CCW,0,N,0,0,0
D7651658,438546,444222,1,1799,1798,0,0,60,60,CCW,0,N,0,0,0
D7651658,438547,444223,1,1797,1798,0,0,60,60,CCW,0,N,0,0,0
D7651658,438548,444224,1,1798,1798,0,0,60,60,CCW,0,N,0,0,0
D7651658,438549,444225,1,1799,1798,0,0,60,60,CCW,0,N,0,0,0
D7651658,438550,444226,1,1799,1798,0,0,60,60,CCW,0,N,0,0,0
D7651658,438551,444227,1,1799,1798,0,0,60,60,CCW,0,N,0,0,0
D7651658,438552,444228,1,1798,1798,0,0,60,60,CCW,0,N,0,0,0
D7651658,438553,444229,1,1800,1798,0,0,60,60,CCW,0,N,0,0,0
D7651658,438554,444230,1,1802,1798,0,0,60,60,CCW,0,N,0,0,0
D7651658,438555,444231,1,1799,1798,0,0,60,60,CCW,0,N,0,0,0
D7651658,438556,444232,1,1800,1798,0,0,60,60,CCW,0,N,0,0,0
D7651658,438557,444233,1,1798,1798,0,0,60,60,CCW,0,N,0,0,0
D7651658,438558,444234,1,1799,1798,0,0,60,60,CCW,0,N,0,0,0
D7651658,438559,444235,1,1799,1798,0,0,60,60,CCW,0,N,0,0,0
D7651658,438560,444236,1,1797,1798,0,0,60,60,CCW,0,N,0,0,0
D7651658,438561,444237,1,1800,1798,0,0,60,60,CCW,0,N,0,0,0
D7651658,438562,444238,1,1799,1798,0,0,60,60,CCW,0,N,0,0,0
D7651658,438563,444239,1,1800,1798,0,0,60,60,CCW,0,N,0,0,0
D7651658,438564,444240,1,1797,1798,0,0,60,60,CCW,0,N,0,0,0
D7651658,438565,444241,1,1799,1798,0,0,60,60,CCW,0,N,0,0,0
D7651658,438566,444242,1,1799,1798,0,0,60,60,CCW,0,N,0,0,0
D7651658,438567,444243,1,1799,1798,0,0,60,60,CCW,0,N,0,0,0
D7651658,438568,444244,1,1799,1798,0,0,60,60,CCW,0,N,0,0,0
D7651658,438569,444245,1,1800,1798,0,0,60,60,CCW,0,N,0,0,0
D7651658,438570,444246,1,1799,1798,0,0,60,60,CCW,0,N,0,0,0
D7651658,438571,444247,1,1800,1798,0,0,60,60,CCW,0,N,0,0,0
D7651658,438572,444248,1,1799,1798,0,0,60,60,CCW,0,N,0,0,0
D7651658,438573,444249,1,1800,1798,0,0,60,60,CCW,0,N,0,0,0
D7651658,438574,444250,1,1799,1798,0,0,60,60,CCW,0,N,0,0,0
D7651658,438575,444251,1,1799,1798,0,0,60,60,CCW,0,N,0,0,0
D7651658,438576,444252,1,1799,1798,0,0,60,60,CCW,0,N,0,0,0
D7651658,438577,444253,1,1798,1798,0,0,60,60,CCW,0,N,0,0,0
D7651658,438578,444254,1,1798,1798,0,0,60,60,CCW,0,N,0,0,0
D7651658,438579,444255,1,1801,1798,0,0,60,60,CCW,0,N,0,0,0
D7651658,438580,444256,1,1799,1798,0,0,60,60,CCW,0,N,0,0,0
D7651658,438581,444257,1,1799,1798,0,0,60,60,CCW,0,N,0,0,0
D7651658,438582,444258,1,1802,1798,0,0,60,60,CCW,0,N,0,0,0
D7651658,438583,444259,1,1800,1798,0,0,60,60,CCW,0,N,0,0,0
D7651658,438584,444260,1,1800,1798,0,0,60,60,CCW,0,N,0,0,0
D7651658,438585,444261,1,1799,1798,0,0,60,60,CCW,0,N,0,0,0
D7651658,438586,444262,1,1798,1798,0,0,60,60,CCW,0,N,0,0,0
D7651658,438587,444263,1,1794,1798,0,0,60,60,CCW,0,N,0,0,0
D7651658,438588,444264,1,1800,1798,0,0,60,60,CCW,0,N,0,0,0
D7651658,438589,444265,1,1799,1798,0,0,60,60,CCW,0,N,0,0,0
D7651658,438590,444266,1,1800,1798,0,0,60,60,CCW,0,N,0,0,0
D7651658,438591,444267,1,1800,1798,0,0,60,60,CCW,0,N,0,0,0
D7651658,438592,444268,1,1800,1798,0,0,60,60,CCW,0,N,0,0,0
D7651658,438593,444269,1,1799,1798,0,0,60,60,CCW,0,N,0,0,0
D7651658,438594,444270,1,1799,1798,0,0,60,60,CCW,0,N,0,0,0
D7651658,438595,444272,2,1799,1798,0,0,60,60,CCW,0,N,0,1,1
D7651658,438596,444273,1,1799,1798,0,0,60,60,CCW,0,N,0,0,0
D7651658,438597,444274,1,1799,1798,0,0,60,60,CCW,0,N,0,0,0
D7651658,438598,444275,1,1798,1798,0,0,60,60,CCW,0,N,0,0,0
D7651658,438599,444277,2,1800,1798,0,0,60,60,CCW,0,N,0,1,1
D7651658,438600,444278,1,1799,1798,0,0,60,60,CCW,0,N,0,0,0
D7651658,438601,444279,1,1799,1798,0,0,60,60,CCW,0,N,0,0,0
D7651658,438602,444280,1,1799,1798,0,0,60,60,CCW,0,N,0,0,0
D7651658,438603,444281,1,1802,1798,0,0,60,60,CCW,0,N,0,0,0
D7651658,438604,444282,1,1799,1798,0,0,60,60,CCW,0,N,0,0,0
D7651658,438605,444283,1,1800,1798,0,0,60,60,CCW,0,N,0,0,0
D7651658,438606,444284,1,1798,1798,0,0,60,60,CCW,0,N,0,0,0
D7651658,438607,444285,1,1800,1798,0,0,60,60,CCW,0,N,0,0,0
D7651658,438608,444286,1,1798,1798,0,0,60,60,CCW,0,N,0,0,0
D7651658,438609,444287,1,1797,1798,0,0,60,60,CCW,0,N,0,0,0
D7651658,438610,444288,1,1798,1798,0,0,60,60,CCW,0,N,0,0,0
D7651658,438611,444289,1,1800,1798,0,0,60,60,CCW,0,N,0,0,0
D7651658,438612,444290,1,1798,1798,0,0,60,60,CCW,0,N,0,0,0
D7651658,438613,444291,1,1798,1798,0,0,60,60,CCW,0,N,0,0,0
D7651658,438614,444292,1,1799,1798,0,0,60,60,CCW,0,N,0,0,0
D7651658,438615,444293,1,1799,1798,0,0,60,60,CCW,0,N,0,0,0
D7651658,438616,444294,1,1799,1798,0,0,60,60,CCW,0,N,0,0,0
D7651658,438617,444295,1,1799,1798,0,0,60,60,CCW,0,N,0,0,0
D7651658,438618,444296,1,1799,1798,0,0,60,60,CCW,0,N,0,0,0
D7651658,438619,444297,1,1795,1798,0,0,60,60,CCW,0,N,0,0,0
D7651658,438620,444298,1,1798,1798,0,0,60,60,CCW,0,N,0,0,0
D7651658,438621,444299,1,1803,1798,0,0,60,60,CCW,0,N,0,0,0
D7651658,438622,444300,1,1800,1798,0,0,60,60,CCW,0,N,0,0,0
D7651658,438623,444301,1,1800,1798,0,0,60,60,CCW,0,N,0,0,0
D7651658,438624,444302,1,1799,1798,0,0,60,60,CCW,0,N,0,0,0
D7651658,438625,444303,1,1784,1798,0,0,60,60,CCW,0,N,0,0,0
D7651658,438626,444304,1,1801,1798,0,0,60,60,CCW,0,N,0,0,0
D7651658,438627,444305,1,1807,1798,0,0,60,60,CCW,0,N,0,0,0
D7651658,438628,444306,1,1800,1798,0,0,60,60,CCW,0,N,0,0,0
D7651658,438629,444307,1,1798,1798,0,0,60,60,CCW,0,N,0,0,0
D7651658,438630,444308,1,1799,1798,0,0,60,60,CCW,0,N,0,0,0
D7651658,438631,444309,1,1794,1798,0,0,60,60,CCW,0,N,0,0,0
D7651658,438632,444310,1,1798,1798,0,0,60,60,CCW,0,N,0,0,0
D7651658,438633,444311,1,1797,1798,0,0,60,60,CCW,0,N,0,0,0
D7651658,438634,444312,1,1799,1798,0,0,60,60,CCW,0,N,0,0,0
D7651658,438635,444313,1,1799,1798,0,0,60,60,CCW,0,N,0,0,0
D7651658,438636,444314,1,1797,1798,0,0,60,60,CCW,0,N,0,0,0
D7651658,438637,444315,1,1798,1798,0,0,60,60,CCW,0,N,0,0,0
D7651658,438638,444316,1,1799,1798,0,0,60,60,CCW,0,N,0,0,0
D7651658,438639,444317,1,1798,1798,0,0,60,60,CCW,0,N,0,0,0
D7651658,438640,444318,1,1784,1798,0,0,60,60,CCW,0,N,0,0,0
D7651658,438641,444319,1,1798,1798,0,0,60,60,CCW,0,N,0,0,0
D7651658,438642,444320,1,1799,1798,0,0,60,60,CCW,0,N,0,0,0
D7651658,438643,444321,1,1799,1798,0,0,60,60,CCW,0,N,0,0,0
D7651658,438644,444322,1,1799,1798,0,0,60,60,CCW,0,N,0,0,0
D7651658,438645,444323,1,1798,1798,0,0,60,60,CCW,0,N,0,0,0
D7651658,438646,444324,1,1800,1798,0,0,60,60,CCW,0,N,0,0,0
D7651658,438647,444325,1,1798,1798,0,0,60,60,CCW,0,N,0,0,0
D7651658,438648,444326,1,1798,1798,0,0,60,60,CCW,0,N,0,0,0
D7651658,438649,444327,1,1798,1798,0,0,60,60,CCW,0,N,0,0,0
D7651658,438650,444328,1,1798,1798,0,0,60,60,CCW,0,N,0,0,0
D7651658,438651,444329,1,1799,1798,0,0,60,60,CCW,0,N,0,0,0
D7651658,438652,444330,1,1804,1798,0,0,60,60,CCW,0,N,0,0,0
D7651658,438653,444331,1,1799,1798,0,0,60,60,CCW,0,N,0,0,0
D7651658,438654,444332,1,1798,1798,0,0,60,60,CCW,0,N,0,0,0
D7651658,438655,444333,1,1799,1798,0,0,60,60,CCW,0,N,0,0,0
D7651658,438656,444334,1,1800,1798,0,0,60,60,CCW,0,N,0,0,0
D7651658,438657,444335,1,1800,1798,0,0,60,60,CCW,0,N,0,0,0
D7651658,438658,444336,1,1800,1798,0,0,60,60,CCW,0,N,0,0,0
D7651658,438659,444337,1,1798,1798,0,0,60,60,CCW,0,N,0,0,0
D7651658,438660,444338,1,1799,1798,0,0,60,60,CCW,0,N,0,0,0
D7651658,438661,444339,1,1799,1798,0,0,60,60,CCW,0,N,0,0,0
D7651658,438662,444340,1,1799,1798,0,0,60,60,CCW,0,N,0,0,0
D7651658,438663,444341,1,1799,1798,0,0,60,60,CCW,0,N,0,0,0
D7651658,438664,444342,1,1799,1798,0,0,60,60,CCW,0,N,0,0,0
D7651658,438665,444343,1,1799,1798,0,0,60,60,CCW,0,N,0,0,0
D7651658,438666,444344,1,1799,1798,0,0,60,60,CCW,0,N,0,0,0
D7651658,438667,444345,1,1800,1798,0,0,60,60,CCW,0,N,0,0,0
D7651658,438668,444346,1,1799,1798,0,0,60,60,CCW,0,N,0,0,0
D7651658,438669,444347,1,1788,1798,0,0,60,60,CCW,0,N,0,0,0
D7651658,438670,444348,1,1800,1798,0,0,60,60,CCW,0,N,0,0,0
D7651658,438671,444349,1,1801,1798,0,0,60,60,CCW,0,N,0,0,0
D7651658,438672,444350,1,1802,1798,0,0,60,60,CCW,0,N,0,0,0
D7651658,438673,444351,1,1801,1798,0,0,60,60,CCW,0,N,0,0,0
D7651658,438674,444352,1,1801,1798,0,0,60,60,CCW,0,N,0,0,0
D7651658,438675,444353,1,1799,1798,0,0,60,60,CCW,0,N,0,0,0
D7651658,438676,444354,1,1797,1798,0,0,60,60,CCW,0,N,0,0,0
D7651658,438677,444355,1,1798,1798,0,0,60,60,CCW,0,N,0,0,0
D7651658,438678,444356,1,1803,1798,0,0,60,60,CCW,0,N,0,0,0
D7651658,438679,444357,1,1800,1798,0,0,60,60,CCW,0,N,0,0,0
D7651658,438680,444358,1,1798,1798,0,0,60,60,CCW,0,N,0,0,0
D7651658,438681,444359,1,1798,1798,0,0,60,60,CCW,0,N,0,0,0
D7651658,438682,444360,1,1797,1798,0,0,60,60,CCW,0,N,0,0,0
D7651658,438683,444361,1,1801,1798,0,0,60,60,CCW,0,N,0,0,0
D7651658,438684,444362,1,1799,1798,0,0,60,60,CCW,0,N,0,0,0
D7651658,438685,444363,1,1799,1798,0,0,60,60,CCW,0,N,0,0,0
D7651658,438686,444364,1,1800,1798,0,0,60,60,CCW,0,N,0,0,0
D7651658,438687,444365,1,1798,1798,0,0,60,60,CCW,0,N,0,0,0
D7651658,438688,444366,1,1796,1798,0,0,60,60,CCW,0,N,0,0,0
D7651658,438689,444367,1,1799,1798,0,0,60,60,CCW,0,N,0,0,0
D7651658,438690,444368,1,1799,1798,0,0,60,60,CCW,0,N,0,0,0
D7651658,438691,444369,1,1799,1798,0,0,60,60,CCW,0,N,0,0,0
D7651658,438692,444371,2,1798,1798,0,0,60,60,CCW,0,N,0,1,1
D7651658,438693,444372,1,1799,1798,0,0,60,60,CCW,0,N,0,0,0
D7651658,438694,444373,1,1799,1798,0,0,60,60,CCW,0,N,0,0,0
D7651658,438695,444374,1,1799,1798,0,0,60,60,CCW,0,N,0,0,0
D7651658,438696,444375,1,1798,1798,0,0,60,60,CCW,0,N,0,0,0
D7651658,438697,444376,1,1798,1798,0,0,60,60,CCW,0,N,0,0,0
D7651658,438698,444377,1,1799,1798,0,0,60,60,CCW,0,N,0,0,0
D7651658,438699,444378,1,1799,1798,0,0,60,60,CCW,0,N,0,0,0
D7651658,438700,444379,1,1800,1798,0,0,60,60,CCW,0,N,0,0,0
D7651658,438701,444380,1,1798,1798,0,0,60,60,CCW,0,N,0,0,0
D7651658,438702,444381,1,1800,1798,0,0,60,60,CCW,0,N,0,0,0
D7651658,438703,444382,1,1801,1798,0,0,60,60,CCW,0,N,0,0,0
D7651658,438704,444383,1,1799,1798,0,0,60,60,CCW,0,N,0,0,0
D7651658,438705,444384,1,1799,1798,0,0,60,60,CCW,0,N,0,0,0
D7651658,438706,444385,1,1800,1798,0,0,60,60,CCW,0,N,0,0,0
D7651658,438707,444386,1,1795,1798,0,0,60,60,CCW,0,N,0,0,0
D7651658,438708,444387,1,1798,1798,0,0,60,60,CCW,0,N,0,0,0
D7651658,438709,444388,1,1797,1798,0,0,60,60,CCW,0,N,0,0,0
D7651658,438710,444389,1,1794,1798,0,0,60,60,CCW,0,N,0,0,0
D7651658,438711,444390,1,1800,1798,0,0,60,60,CCW,0,N,0,0,0
D7651658,438712,444391,1,1800,1798,0,0,60,60,CCW,0,N,0,0,0
D7651658,438713,444392,1,1801,1798,0,0,60,60,CCW,0,N,0,0,0
D7651658,438714,444393,1,1800,1798,0,0,60,60,CCW,0,N,0,0,0
D7651658,438715,444394,1,1799,1798,0,0,60,60,CCW,0,N,0,0,0
D7651658,438716,444395,1,1800,1798,0,0,60,60,CCW,0,N,0,0,0
D7651658,438717,444396,1,1796,1798,0,0,60,60,CCW,0,N,0,0,0
D7651658,438718,444397,1,1801,1798,0,0,60,60,CCW,0,N,0,0,0
D7651658,438719,444398,1,1799,1798,0,0,60,60,CCW,0,N,0,0,0
D7651658,438720,444399,1,1799,1798,0,0,60,60,CCW,0,N,0,0,0
D7651658,438721,444400,1,1802,1798,0,0,60,60,CCW,0,N,0,0,0
D7651658,438722,444401,1,1800,1798,0,0,60,60,CCW,0,N,0,0,0
D7651658,438723,444402,1,1800,1798,0,0,60,60,CCW,0,N,0,0,0
D7651658,438724,444403,1,1798,1798,0,0,60,60,CCW,0,N,0,0,0
D7651658,438725,444404,1,1800,1798,0,0,60,60,CCW,0,N,0,0,0
D7651658,438726,444405,1,1799,1798,0,0,60,60,CCW,0,N,0,0,0
D7651658,438727,444406,1,1801,1798,0,0,60,60,CCW,0,N,0,0,0
D7651658,438728,444407,1,1799,1798,0,0,60,60,CCW,0,N,0,0,0
D7651658,438729,444408,1,1800,1798,0,0,60,60,CCW,0,N,0,0,0
D7651658,438730,444409,1,1800,1798,0,0,60,60,CCW,0,N,0,0,0
D7651658,438731,444410,1,1801,1798,0,0,60,60,CCW,0,N,0,0,0
D7651658,438732,444411,1,1800,1798,0,0,60,60,CCW,0,N,0,0,0
D7651658,438733,444412,1,1799,1798,0,0,60,60,CCW,0,N,0,0,0
D7651658,438734,444413,1,1801,1798,0,0,60,60,CCW,0,N,0,0,0
D7651658,438735,444414,1,1800,1798,0,0,60,60,CCW,0,N,0,0,0
D7651658,438736,444415,1,1799,1798,0,0,60,60,CCW,0,N,0,0,0
D7651658,438737,444416,1,1800,1798,0,0,60,60,CCW,0,N,0,0,0
D7651658,438738,444417,1,1806,1798,0,0,60,60,CCW,0,N,0,0,0
D7651658,438739,444418,1,1801,1798,0,0,60,60,CCW,0,N,0,0,0
D7651658,438740,444419,1,1800,1798,0,0,60,60,CCW,0,N,0,0,0
D7651658,438741,444420,1,1800,1798,0,0,60,60,CCW,0,N,0,0,0
D7651658,438742,444421,1,1803,1798,0,0,60,60,CCW,0,N,0,0,0
D7651658,438743,444422,1,1801,1798,0,0,60,60,CCW,0,N,0,0,0
D7651658,438744,444423,1,1799,1798,0,0,60,60,CCW,0,N,0,0,0
D7651658,438745,444424,1,1797,1798,0,0,60,60,CCW,0,N,0,0,0
D7651658,438746,444425,1,1798,1798,0,0,60,60,CCW,0,N,0,0,0
D7651658,438747,444426,1,1808,1798,0,0,60,60,CCW,0,N,0,0,0
D7651658,438748,444427,1,1798,1798,0,0,60,60,CCW,0,N,0,0,0
D7651658,438749,444428,1,1798,1798,0,0,60,60,CCW,0,N,0,0,0
D7651658,438750,444429,1,1800,1798,0,0,60,60,CCW,0,N,0,0,0
D7651658,438751,444430,1,1799,1798,0,0,60,60,CCW,0,N,0,0,0
D7651658,438752,444431,1,1801,1798,0,0,60,60,CCW,0,N,0,0,0
D7651658,438753,444432,1,1799,1798,0,0,60,60,CCW,0,N,0,0,0
D7651658,438754,444433,1,1799,1798,0,0,60,60,CCW,0,N,0,0,0
D7651658,438755,444434,1,1797,1798,0,0,60,60,CCW,0,N,0,0,0
D7651658,438756,444435,1,1800,1798,0,0,60,60,CCW,0,N,0,0,0
D7651658,438757,444436,1,1800,1798,0,0,60,60,CCW,0,N,0,0,0
D7651658,438758,444437,1,1799,1798,0,0,60,60,CCW,0,N,0,0,0
D7651658,438759,444438,1,1800,1798,0,0,60,60,CCW,0,N,0,0,0
D7651658,438760,444439,1,1800,1798,0,0,60,60,CCW,0,N,0,0,0
D7651658,438761,444440,1,1800,1798,0,0,60,60,CCW,0,N,0,0,0
D7651658,438762,444441,1,1799,1798,0,0,60,60,CCW,0,N,0,0,0
D7651658,438763,444442,1,1801,1798,0,0,60,60,CCW,0,N,0,0,0
D7651658,438764,444443,1,1800,1798,0,0,60,60,CCW,0,N,0,0,0
D7651658,438765,444444,1,1800,1798,0,0,60,60,CCW,0,N,0,0,0
D7651658,438766,444445,1,1800,1798,0,0,60,60,CCW,0,N,0,0,0
D7651658,438767,444446,1,1799,1798,0,0,60,60,CCW,0,N,0,0,0
D7651658,438768,444447,1,1799,1798,0,0,60,60,CCW,0,N,0,0,0
D7651658,438769,444448,1,1800,1798,0,0,60,60,CCW,0,N,0,0,0
D7651658,438770,444449,1,1798,1798,0,0,60,60,CCW,0,N,0,0,0
D7651658,438771,444450,1,1799,1798,0,0,60,60,CCW,0,N,0,0,0
D7651658,438772,444451,1,1797,1798,0,0,60,60,CCW,0,N,0,0,0
D7651658,438773,444452,1,1799,1798,0,0,60,60,CCW,0,N,0,0,0
D7651658,438774,444453,1,1800,1798,0,0,60,60,CCW,0,N,0,0,0
D7651658,438775,444454,1,1799,1798,0,0,60,60,CCW,0,N,0,0,0
D7651658,438776,444455,1,1800,1798,0,0,60,60,CCW,0,N,0,0,0
D7651658,438777,444456,1,1799,1798,0,0,60,60,CCW,0,N,0,0,0
D7651658,438778,444457,1,1798,1798,0,0,60,60,CCW,0,N,0,0,0
D7651658,438779,444458,1,1799,1798,0,0,60,60,CCW,0,N,0,0,0
D7651658,438780,444459,1,1799,1798,0,0,60,60,CCW,0,N,0,0,0
D7651658,438781,444460,1,1799,1798,0,0,60,60,CCW,0,N,0,0,0
D7651658,438782,444461,1,1800,1798,0,0,60,60,CCW,0,N,0,0,0
D7651658,438783,444462,1,1797,1798,0,0,60,60,CCW,0,N,0,0,0
D7651658,438784,444463,1,1798,1798,0,0,60,60,CCW,0,N,0,0,0
D7651658,438785,444464,1,1800,1798,0,0,60,60,CCW,0,N,0,0,0
D7651658,438786,444465,1,1800,1798,0,0,60,60,CCW,0,N,0,0,0
D7651658,438787,444466,1,1798,1798,0,0,60,60,CCW,0,N,0,0,0
D7651658,438788,444467,1,1797,1798,0,0,60,60,CCW,0,N,0,0,0
D7651658,438789,444468,1,1799,1798,0,0,60,60,CCW,0,N,0,0,0
D7651658,438790,444469,1,1799,1798,0,0,60,60,CCW,0,N,0,0,0
D7651658,438791,444470,1,1799,1798,0,0,60,60,CCW,0,N,0,0,0
D7651658,438792,444471,1,1800,1798,0,0,60,60,CCW,0,N,0,0,0
D7651658,438793,444472,1,1799,1798,0,0,60,60,CCW,0,N,0,0,0
D7651658,438794,444473,1,1798,1798,0,0,60,60,CCW,0,N,0,0,0
D7651658,438795,444474,1,1800,1798,0,0,60,60,CCW,0,N,0,0,0
D7651658,438796,444475,1,1800,1798,0,0,60,60,CCW,0,N,0,0,0
D7651658,438797,444476,1,1799,1798,0,0,60,60,CCW,0,N,0,0,0
D7651658,438798,444477,1,1799,1798,0,0,60,60,CCW,0,N,0,0,0
D7651658,438799,444478,1,1800,1798,0,0,60,60,CCW,0,N,0,0,0
D7651658,438800,444479,1,1799,1798,0,0,60,60,CCW,0,N,0,0,0
D7651658,438801,444480,1,1797,1798,0,0,60,60,CCW,0,N,0,0,0
D7651658,438802,444481,1,1798,1798,0,0,60,60,CCW,0,N,0,0,0
D7651658,438803,444482,1,1797,1798,0,0,60,60,CCW,0,N,0,0,0
D7651658,438804,444483,1,1800,1798,0,0,60,60,CCW,0,N,0,0,0
D7651658,438805,444485,2,1799,1798,0,0,60,60,CCW,0,N,0,1,1
D7651658,438806,444486,1,1800,1798,0,0,60,60,CCW,0,N,0,0,0
D7651658,438807,444487,1,1801,1798,0,0,60,60,CCW,0,N,0,0,0
D7651658,438808,444488,1,1799,1798,0,0,60,60,CCW,0,N,0,0,0
D7651658,438809,444489,1,1800,1798,0,0,60,60,CCW,0,N,0,0,0
D7651658,438810,444490,1,1797,1798,0,0,60,60,CCW,0,N,0,0,0
D7651658,438811,444491,1,1800,1798,0,0,60,60,CCW,0,N,0,0,0
D7651658,438812,444492,1,1797,1798,0,0,60,60,CCW,0,N,0,0,0
D7651658,438813,444493,1,1800,1798,0,0,60,60,CCW,0,N,0,0,0
D7651658,438814,444494,1,1799,1798,0,0,60,60,CCW,0,N,0,0,0
D7651658,438815,444495,1,1800,1798,0,0,60,60,CCW,0,N,0,0,0
D7651658,438816,444496,1,1800,1798,0,0,60,60,CCW,0,N,0,0,0
D7651658,438817,444497,1,1799,1798,0,0,60,60,CCW,0,N,0,0,0
D7651658,438818,444498,1,1800,1798,0,0,60,60,CCW,0,N,0,0,0
D7651658,438819,444499,1,1798,1798,0,0,60,60,CCW,0,N,0,0,0
D7651658,438820,444500,1,1797,1798,0,0,60,60,CCW,0,N,0,0,0
D7651658,438821,444501,1,1798,1798,0,0,60,60,CCW,0,N,0,0,0
D7651658,438822,444502,1,1799,1798,0,0,60,60,CCW,0,N,0,0,0
D7651658,438823,444503,1,1802,1798,0,0,60,60,CCW,0,N,0,0,0
D7651658,438824,444504,1,1800,1798,0,0,60,60,CCW,0,N,0,0,0
D7651658,438825,444505,1,1800,1798,0,0,60,60,CCW,0,N,0,0,0
D7651658,438826,444506,1,1800,1798,0,0,60,60,CCW,0,N,0,0,0
D7651658,438827,444507,1,1802,1798,0,0,60,60,CCW,0,N,0,0,0
D7651658,438828,444508,1,1800,1798,0,0,60,60,CCW,0,N,0,0,0
D7651658,438829,444509,1,1800,1798,0,0,60,60,CCW,0,N,0,0,0
D7651658,438830,444510,1,1800,1798,0,0,60,60,CCW,0,N,0,0,0
D7651658,438831,444511,1,1799,1798,0,0,60,60,CCW,0,N,0,0,0
D7651658,438832,444512,1,1799,1798,0,0,60,60,CCW,0,N,0,0,0
D7651658,438833,444513,1,1800,1798,0,0,60,60,CCW,0,N,0,0,0
D7651658,438834,444514,1,1800,1798,0,0,60,60,CCW,0,N,0,0,0
D7651658,438835,444515,1,1801,1798,0,0,60,60,CCW,0,N,0,0,0
D7651658,438836,444516,1,1801,1798,0,0,60,60,CCW,0,N,0,0,0
D7651658,438837,444517,1,1804,1798,0,0,60,60,CCW,0,N,0,0,0
D7651658,438838,444518,1,1802,1798,0,0,60,60,CCW,0,N,0,0,0
D7651658,438839,444519,1,1800,1798,0,0,60,60,CCW,0,N,0,0,0
D7651658,438840,444520,1,1801,1798,0,0,60,60,CCW,0,N,0,0,0
D7651658,438841,444521,1,1800,1798,0,0,60,60,CCW,0,N,0,0,0
D7651658,438842,444522,1,1801,1798,0,0,60,60,CCW,0,N,0,0,0
D7651658,438843,444523,1,1800,1798,0,0,60,60,CCW,0,N,0,0,0
D7651658,438844,444524,1,1798,1798,0,0,60,60,CCW,0,N,0,0,0
D7651658,438845,444525,1,1800,1798,0,0,60,60,CCW,0,N,0,0,0
D7651658,438846,444526,1,1799,1798,0,0,60,60,CCW,0,N,0,0,0
D7651658,438847,444527,1,1800,1798,0,0,60,60,CCW,0,N,0,0,0
D7651658,438848,444528,1,1800,1798,0,0,60,60,CCW,0,N,0,0,0
D7651658,438849,444529,1,1799,1798,0,0,60,60,CCW,0,N,0,0,0
D7651658,438850,444530,1,1799,1798,0,0,60,60,CCW,0,N,0,0,0
D7651658,438851,444531,1,1799,1798,0,0,60,60,CCW,0,N,0,0,0
D7651658,438852,444532,1,1802,1798,0,0,60,60,CCW,0,N,0,0,0
D7651658,438853,444533,1,1800,1798,0,0,60,60,CCW,0,N,0,0,0
D7651658,438854,444534,1,1802,1798,0,0,60,60,CCW,0,N,0,0,0
D7651658,438855,444535,1,1799,1798,0,0,60,60,CCW,0,N,0,0,0
D7651658,438856,444536,1,1801,1798,0,0,60,60,CCW,0,N,0,0,0
D7651658,438857,444537,1,1799,1798,0,0,60,60,CCW,0,N,0,0,0
D7651658,438858,444538,1,1800,1798,0,0,60,60,CCW,0,N,0,0,0
D7651658,438859,444539,1,1801,1798,0,0,60,60,CCW,0,N,0,0,0
D7651658,438860,444540,1,1800,1798,0,0,60,60,CCW,0,N,0,0,0
D7651658,438861,444541,1,1798,1798,0,0,60,60,CCW,0,N,0,0,0
D7651658,438862,444542,1,1801,1798,0,0,60,60,CCW,0,N,0,0,0
D7651658,438863,444543,1,1799,1798,0,0,60,60,CCW,0,N,0,0,0
D7651658,438864,444544,1,1800,1798,0,0,60,60,CCW,0,N,0,0,0
D7651658,438865,444545,1,1799,1798,0,0,60,60,CCW,0,N,0,0,0
D7651658,438866,444546,1,1802,1798,0,0,60,60,CCW,0,N,0,0,0
D7651658,438867,444547,1,1801,1798,0,0,60,60,CCW,0,N,0,0,0
D7651658,438868,444548,1,1800,1798,0,0,60,60,CCW,0,N,0,0,0
D7651658,438869,444549,1,1791,1798,0,0,60,60,CCW,0,N,0,0,0
D7651658,438870,444550,1,1799,1798,0,0,60,60,CCW,0,N,0,0,0
D7651658,438871,444551,1,1801,1798,0,0,60,60,CCW,0,N,0,0,0
D7651658,438872,444552,1,1801,1798,0,0,60,60,CCW,0,N,0,0,0
D7651658,438873,444553,1,1801,1798,0,0,60,60,CCW,0,N,0,0,0
D7651658,438874,444554,1,1799,1798,0,0,60,60,CCW,0,N,0,0,0
D7651658,438875,444555,1,1800,1798,0,0,60,60,CCW,0,N,0,0,0
D7651658,438876,444556,1,1800,1798,0,0,60,60,CCW,0,N,0,0,0
D7651658,438877,444557,1,1797,1798,0,0,60,60,CCW,0,N,0,0,0
D7651658,438878,444558,1,1800,1798,0,0,60,60,CCW,0,N,0,0,0
D7651658,438879,444559,1,1800,1798,0,0,60,60,CCW,0,N,0,0,0
D7651658,438880,444560,1,1800,1798,0,0,60,60,CCW,0,N,0,0,0
D7651658,438881,444561,1,1801,1798,0,0,60,60,CCW,0,N,0,0,0
D7651658,438882,444562,1,1797,1798,0,0,60,60,CCW,0,N,0,0,0
D7651658,438883,444563,1,1800,1798,0,0,60,60,CCW,0,N,0,0,0
D7651658,438884,444564,1,1800,1798,0,0,60,60,CCW,0,N,0,0,0
D7651658,438885,444565,1,1800,1798,0,0,60,60,CCW,0,N,0,0,0
D7651658,438886,444566,1,1799,1798,0,0,60,60,CCW,0,N,0,0,0
D7651658,438887,444567,1,1801,1798,0,0,60,60,CCW,0,N,0,0,0
D7651658,438888,444568,1,1801,1798,0,0,60,60,CCW,0,N,0,0,0
D7651658,438889,444569,1,1800,1798,0,0,60,60,CCW,0,N,0,0,0
D7651658,438890,444570,1,1801,1798,0,0,60,60,CCW,0,N,0,0,0
D7651658,438891,444571,1,1799,1798,0,0,60,60,CCW,0,N,0,0,0
D7651658,438892,444572,1,1800,1798,0,0,60,60,CCW,0,N,0,0,0
D7651658,438893,444573,1,1800,1798,0,0,60,60,CCW,0,N,0,0,0
D7651658,438894,444574,1,1802,1798,0,0,60,60,CCW,0,N,0,0,0
D7651658,438895,444575,1,1800,1798,0,0,60,60,CCW,0,N,0,0,0
D7651658,438896,444576,1,1799,1798,0,0,60,60,CCW,0,N,0,0,0
D7651658,438897,444577,1,1800,1798,0,0,60,60,CCW,0,N,0,0,0
D7651658,438898,444578,1,1800,1798,0,0,60,60,CCW,0,N,0,0,0
D7651658,438899,444579,1,1796,1798,0,0,60,60,CCW,0,N,0,0,0
D7651658,438900,444580,1,1801,1798,0,0,60,60,CCW,0,N,0,0,0
D7651658,438901,444581,1,1800,1798,0,0,60,60,CCW,0,N,0,0,0
D7651658,438902,444582,1,1801,1798,0,0,60,60,CCW,0,N,0,0,0
D7651658,438903,444583,1,1802,1798,0,0,60,60,CCW,0,N,0,0,0
D7651658,438904,444584,1,1801,1798,0,0,60,60,CCW,0,N,0,0,0
D7651658,438905,444585,1,1804,1798,0,0,60,60,CCW,0,N,0,0,0
D7651658,438906,444586,1,1801,1798,0,0,60,60,CCW,0,N,0,0,0
D7651658,438907,444587,1,1800,1798,0,0,60,60,CCW,0,N,0,0,0
D7651658,438908,444588,1,1801,1798,0,0,60,60,CCW,0,N,0,0,0
D7651658,438909,444589,1,1801,1798,0,0,60,60,CCW,0,N,0,0,0
D7651658,438910,444590,1,1800,1798,0,0,60,60,CCW,0,N,0,0,0
D7651658,438911,444591,1,1799,1798,0,0,60,60,CCW,0,N,0,0,0
D7651658,438912,444592,1,1802,1798,0,0,60,60,CCW,0,N,0,0,0
D7651658,438913,444593,1,1799,1798,0,0,60,60,CCW,0,N,0,0,0
D7651658,438914,444594,1,1799,1798,0,0,60,60,CCW,0,N,0,0,0
D7651658,438915,444595,1,1799,1798,0,0,60,60,CCW,0,N,0,0,0
D7651658,438916,444596,1,1799,1798,0,0,60,60,CCW,0,N,0,0,0
D7651658,438917,444597,1,1800,1798,0,0,60,60,CCW,0,N,0,0,0
D7651658,438918,444598,1,1800,1798,0,0,60,60,CCW,0,N,0,0,0
D7651658,438919,444599,1,1799,1798,0,0,60,60,CCW,0,N,0,0,0
D7651658,438920,444600,1,1800,1798,0,0,60,60,CCW,0,N,0,0,0
D7651658,438921,444601,1,1801,1798,0,0,60,60,CCW,0,N,0,0,0
D7651658,438922,444602,1,1801,1798,0,0,60,60,CCW,0,N,0,0,0
D7651658,438923,444603,1,1802,1798,0,0,60,60,CCW,0,N,0,0,0
D7651658,438924,444604,1,1800,1798,0,0,60,60,CCW,0,N,0,0,0
D7651658,438925,444605,1,1799,1798,0,0,60,60,CCW,0,N,0,0,0
D7651658,438926,444606,1,1808,1798,0,0,60,60,CCW,0,N,0,0,0
D7651658,438927,444607,1,1801,1798,0,0,60,60,CCW,0,N,0,0,0
D7651658,438928,444608,1,1800,1798,0,0,60,60,CCW,0,N,0,0,0
D7651658,438929,444609,1,1799,1798,0,0,60,60,CCW,0,N,0,0,0
D7651658,438930,444610,1,1800,1798,0,0,60,60,CCW,0,N,0,0,0
D7651658,438931,444611,1,1801,1798,0,0,60,60,CCW,0,N,0,0,0
D7651658,438932,444612,1,1798,1798,0,0,60,60,CCW,0,N,0,0,0
D7651658,438933,444613,1,1800,1798,0,0,60,60,CCW,0,N,0,0,0
D7651658,438934,444614,1,1800,1798,0,0,60,60,CCW,0,N,0,0,0
D7651658,438935,444615,1,1801,1798,0,0,60,60,CCW,0,N,0,0,0
D7651658,438936,444616,1,1801,1798,0,0,60,60,CCW,0,N,0,0,0
D7651658,438937,444617,1,1801,1798,0,0,60,60,CCW,0,N,0,0,0
D7651658,438938,444618,1,1798,1798,0,0,60,60,CCW,0,N,0,0,0
D7651658,438939,444619,1,1801,1798,0,0,60,60,CCW,0,N,0,0,0
D7651658,438940,444620,1,1800,1798,0,0,60,60,CCW,0,N,0,0,0
D7651658,438941,444621,1,1799,1798,0,0,60,60,CCW,0,N,0,0,0
D7651658,438942,444622,1,1799,1798,0,0,60,60,CCW,0,N,0,0,0
D7651658,438943,444623,1,1799,1798,0,0,60,60,CCW,0,N,0,0,0
D7651658,438944,444624,1,1800,1798,0,0,60,60,CCW,0,N,0,0,0
D7651658,438945,444625,1,1801,1798,0,0,60,60,CCW,0,N,0,0,0
D7651658,438946,444626,1,1798,1798,0,0,60,60,CCW,0,N,0,0,0
D7651658,438947,444627,1,1800,1798,0,0,60,60,CCW,0,N,0,0,0
D7651658,438948,444628,1,1800,1798,0,0,60,60,CCW,0,N,0,0,0
D7651658,438949,444629,1,1800,1798,0,0,60,60,CCW,0,N,0,0,0
D7651658,438950,444630,1,1798,1798,0,0,60,60,CCW,0,N,0,0,0
D7651658,438951,444631,1,1800,1798,0,0,60,60,CCW,0,N,0,0,0
D7651658,438952,444632,1,1800,1798,0,0,60,60,CCW,0,N,0,0,0
D7651658,438953,444633,1,1802,1798,0,0,60,60,CCW,0,N,0,0,0
D7651658,438954,444634,1,1792,1798,0,0,60,60,CCW,0,N,0,0,0
D7651658,438955,444635,1,1800,1798,0,0,60,60,CCW,0,N,0,0,0
D7651658,438956,444636,1,1801,1798,0,0,60,60,CCW,0,N,0,0,0
D7651658,438957,444637,1,1815,1798,0,0,60,60,CCW,0,N,0,0,0
D7651658,438958,444638,1,1800,1798,0,0,60,60,CCW,0,N,0,0,0
D7651658,438959,444639,1,1800,1798,0,0,60,60,CCW,0,N,0,0,0
D7651658,438960,444640,1,1802,1798,0,0,60,60,CCW,0,N,0,0,0
D7651658,438961,444641,1,1800,1798,0,0,60,60,CCW,0,N,0,0,0
D7651658,438962,444642,1,1801,1798,0,0,60,60,CCW,0,N,0,0,0
D7651658,438963,444643,1,1802,1798,0,0,60,60,CCW,0,N,0,0,0
D7651658,438964,444644,1,1800,1798,0,0,60,60,CCW,0,N,0,0,0
D7651658,438965,444645,1,1801,1798,0,0,60,60,CCW,0,N,0,0,0
D7651658,438966,444646,1,1801,1798,0,0,60,60,CCW,0,N,0,0,0
D7651658,438967,444647,1,1800,1798,0,0,60,60,CCW,0,N,0,0,0
D7651658,438968,444648,1,1801,1798,0,0,60,60,CCW,0,N,0,0,0
D7651658,438969,444649,1,1800,1798,0,0,60,60,CCW,0,N,0,0,0
D7651658,438970,444650,1,1801,1798,0,0,60,60,CCW,0,N,0,0,0
D7651658,438971,444651,1,1800,1798,0,0,60,60,CCW,0,N,0,0,0
D7651658,438972,444652,1,1800,1798,0,0,60,60,CCW,0,N,0,0,0
D7651658,438973,444653,1,1801,1798,0,0,60,60,CCW,0,N,0,0,0
D7651658,438974,444654,1,1799,1798,0,0,60,60,CCW,0,N,0,0,0
D7651658,438975,444655,1,1804,1798,0,0,60,60,CCW,0,N,0,0,0
D7651658,438976,444656,1,1800,1798,0,0,60,60,CCW,0,N,0,0,0
D7651658,438977,444657,1,1801,1798,0,0,60,60,CCW,0,N,0,0,0
D7651658,438978,444658,1,1801,1798,0,0,60,60,CCW,0,N,0,0,0
D7651658,438979,444659,1,1801,1798,0,0,60,60,CCW,0,N,0,0,0
D7651658,438980,444660,1,1799,1798,0,0,60,60,CCW,0,N,0,0,0
D7651658,438981,444661,1,1802,1798,0,0,60,60,CCW,0,N,0,0,0
D7651658,438982,444662,1,1800,1798,0,0,60,60,CCW,0,N,0,0,0
D7651658,438983,444663,1,1801,1798,0,0,60,60,CCW,0,N,0,0,0
D7651658,438984,444664,1,1799,1798,0,0,60,60,CCW,0,N,0,0,0
D7651658,438985,444665,1,1801,1798,0,0,60,60,CCW,0,N,0,0,0
D7651658,438986,444666,1,1800,1798,0,0,60,60,CCW,0,N,0,0,0
D7651658,438987,444667,1,1801,1798,0,0,60,60,CCW,0,N,0,0,0
D7651658,438988,444668,1,1800,1798,0,0,60,60,CCW,0,N,0,0,0
D7651658,438989,444669,1,1800,1798,0,0,60,60,CCW,0,N,0,0,0
D7651658,438990,444670,1,1800,1798,0,0,60,60,CCW,0,N,0,0,0
D7651658,438991,444671,1,1801,1798,0,0,60,60,CCW,0,N,0,0,0
D7651658,438992,444672,1,1801,1798,0,0,60,60,CCW,0,N,0,0,0
D7651658,438993,444673,1,1801,1798,0,0,60,60,CCW,0,N,0,0,0
D7651658,438994,444674,1,1801,1798,0,0,60,60,CCW,0,N,0,0,0
D7651658,438995,444675,1,1800,1798,0,0,60,60,CCW,0,N,0,0,0
D7651658,438996,444676,1,1800,1798,0,0,60,60,CCW,0,N,0,0,0
D7651658,438997,444678,2,1799,1798,0,0,60,60,CCW,0,N,0,1,1
D7651658,438998,444679,1,1801,1798,0,0,60,60,CCW,0,N,0,0,0
D7651658,438999,444680,1,1800,1798,0,0,60,60,CCW,0,N,0,0,0
D7651658,439000,444681,1,1800,1798,0,0,60,60,CCW,0,N,0,0,0
D7651658,439001,444682,1,1800,1798,0,0,60,60,CCW,0,N,0,0,0
D7651658,439002,444683,1,1800,1798,0,0,60,60,CCW,0,N,0,0,0
D7651658,439003,444684,1,1800,1798,0,0,60,60,CCW,0,N,0,0,0
D7651658,439004,444685,1,1801,1798,0,0,60,60,CCW,0,N,0,0,0
D7651658,439005,444686,1,1800,1798,0,0,60,60,CCW,0,N,0,0,0
D7651658,439006,444687,1,1800,1798,0,0,60,60,CCW,0,N,0,0,0
D7651658,439007,444688,1,1801,1798,0,0,60,60,CCW,0,N,0,0,0
D7651658,439008,444689,1,1801,1798,0,0,60,60,CCW,0,N,0,0,0
D7651658,439009,444690,1,1801,1798,0,0,60,60,CCW,0,N,0,0,0
D7651658,439010,444691,1,1800,1798,0,0,60,60,CCW,0,N,0,0,0
D7651658,439011,444692,1,1802,1798,0,0,60,60,CCW,0,N,0,0,0
D7651658,439012,444693,1,1801,1798,0,0,60,60,CCW,0,N,0,0,0
D7651658,439013,444694,1,1801,1798,0,0,60,60,CCW,0,N,0,0,0
D7651658,439014,444695,1,1802,1798,0,0,60,60,CCW,0,N,0,0,0
D7651658,439015,444696,1,1802,1798,0,0,60,60,CCW,0,N,0,0,0
D7651658,439016,444697,1,1802,1798,0,0,60,60,CCW,0,N,0,0,0
D7651658,439017,444698,1,1801,1798,0,0,60,60,CCW,0,N,0,0,0
D7651658,439018,444699,1,1801,1798,0,0,60,60,CCW,0,N,0,0,0
D7651658,439019,444700,1,1802,1798,0,0,60,60,CCW,0,N,0,0,0
D7651658,439020,444701,1,1804,1798,0,0,60,60,CCW,0,N,0,0,0
D7651658,439021,444702,1,1801,1798,0,0,60,60,CCW,0,N,0,0,0
D7651658,439022,444703,1,1800,1798,0,0,60,60,CCW,0,N,0,0,0
D7651658,439023,444704,1,1801,1798,0,0,60,60,CCW,0,N,0,0,0
D7651658,439024,444705,1,1802,1798,0,0,60,60,CCW,0,N,0,0,0
D7651658,439025,444706,1,1798,1798,0,0,60,60,CCW,0,N,0,0,0
D7651658,439026,444707,1,1801,1798,0,0,60,60,CCW,0,N,0,0,0
D7651658,439027,444708,1,1802,1798,0,0,60,60,CCW,0,N,0,0,0
D7651658,439028,444709,1,1800,1798,0,0,60,60,CCW,0,N,0,0,0
D7651658,439029,444710,1,1801,1798,0,0,60,60,CCW,0,N,0,0,0
D7651658,439030,444711,1,1801,1798,0,0,60,60,CCW,0,N,0,0,0
D7651658,439031,444712,1,1802,1798,0,0,60,60,CCW,0,N,0,0,0
D7651658,439032,444713,1,1801,1798,0,0,60,60,CCW,0,N,0,0,0
D7651658,439033,444714,1,1804,1798,0,0,60,60,CCW,0,N,0,0,0
D7651658,439034,444715,1,1801,1798,0,0,60,60,CCW,0,N,0,0,0
D7651658,439035,444716,1,1800,1798,0,0,60,60,CCW,0,N,0,0,0
D7651658,439036,444717,1,1801,1798,0,0,60,60,CCW,0,N,0,0,0
D7651658,439037,444718,1,1801,1798,0,0,60,60,CCW,0,N,0,0,0
D7651658,439038,444719,1,1801,1798,0,0,60,60,CCW,0,N,0,0,0
D7651658,439039,444720,1,1803,1798,0,0,60,60,CCW,0,N,0,0,0
D7651658,439040,444721,1,1803,1798,0,0,60,60,CCW,0,N,0,0,0
D7651658,439041,444722,1,1802,1798,0,0,60,60,CCW,0,N,0,0,0
D7651658,439042,444723,1,1799,1798,0,0,60,60,CCW,0,N,0,0,0
D7651658,439043,444724,1,1801,1798,0,0,60,60,CCW,0,N,0,0,0
D7651658,439044,444725,1,1802,1798,0,0,60,60,CCW,0,N,0,0,0
D7651658,439045,444726,1,1801,1798,0,0,60,60,CCW,0,N,0,0,0
D7651658,439046,444727,1,1801,1798,0,0,60,60,CCW,0,N,0,0,0
D7651658,439047,444728,1,1801,1798,0,0,60,60,CCW,0,N,0,0,0
D7651658,439048,444729,1,1802,1798,0,0,60,60,CCW,0,N,0,0,0
D7651658,439049,444730,1,1800,1798,0,0,60,60,CCW,0,N,0,0,0
D7651658,439050,444731,1,1802,1798,0,0,60,60,CCW,0,N,0,0,0
D7651658,439051,444732,1,1802,1798,0,0,60,60,CCW,0,N,0,0,0
D7651658,439052,444733,1,1801,1798,0,0,60,60,CCW,0,N,0,0,0
D7651658,439053,444734,1,1801,1798,0,0,60,60,CCW,0,N,0,0,0
D7651658,439054,444735,1,1802,1798,0,0,60,60,CCW,0,N,0,0,0
D7651658,439055,444736,1,1801,1798,0,0,60,60,CCW,0,N,0,0,0
D7651658,439056,444737,1,1803,1798,0,0,60,60,CCW,0,N,0,0,0
D7651658,439057,444738,1,1801,1798,0,0,60,60,CCW,0,N,0,0,0
D7651658,439058,444739,1,1801,1798,0,0,60,60,CCW,0,N,0,0,0
D7651658,439059,444740,1,1803,1798,0,0,60,60,CCW,0,N,0,0,0
D7651658,439060,444741,1,1800,1798,0,0,60,60,CCW,0,N,0,0,0
D7651658,439061,444742,1,1797,1798,0,0,60,60,CCW,0,N,0,0,0
D7651658,439062,444743,1,1801,1798,0,0,60,60,CCW,0,N,0,0,0
D7651658,439063,444744,1,1801,1798,0,0,60,60,CCW,0,N,0,0,0
D7651658,439064,444745,1,1801,1798,0,0,60,60,CCW,0,N,0,0,0
D7651658,439065,444746,1,1803,1798,0,0,60,60,CCW,0,N,0,0,0
D7651658,439066,444747,1,1802,1798,0,0,60,60,CCW,0,N,0,0,0
D7651658,439067,444748,1,1802,1798,0,0,60,60,CCW,0,N,0,0,0
D7651658,439068,444749,1,1801,1798,0,0,60,60,CCW,0,N,0,0,0
D7651658,439069,444750,1,1802,1798,0,0,60,60,CCW,0,N,0,0,0
D7651658,439070,444751,1,1803,1798,0,0,60,60,CCW,0,N,0,0,0
D7651658,439071,444752,1,1801,1798,0,0,60,60,CCW,0,N,0,0,0
D7651658,439072,444753,1,1797,1798,0,0,60,60,CCW,0,N,0,0,0
D7651658,439073,444754,1,1803,1798,0,0,60,60,CCW,0,N,0,0,0
D7651658,439074,444755,1,1812,1798,0,0,60,60,CCW,0,N,0,0,0
D7651658,439075,444756,1,1801,1798,0,0,60,60,CCW,0,N,0,0,0
D7651658,439076,444757,1,1802,1798,0,0,60,60,CCW,0,N,0,0,0
D7651658,439077,444758,1,1802,1798,0,0,60,60,CCW,0,N,0,0,0
D7651658,439078,444759,1,1802,1798,0,0,60,60,CCW,0,N,0,0,0
D7651658,439079,444760,1,1800,1798,0,0,60,60,CCW,0,N,0,0,0
D7651658,439080,444761,1,1800,1798,0,0,60,60,CCW,0,N,0,0,0
D7651658,439081,444762,1,1801,1798,0,0,60,60,CCW,0,N,0,0,0
D7651658,439082,444763,1,1800,1798,0,0,60,60,CCW,0,N,0,0,0
D7651658,439083,444764,1,1803,1798,0,0,60,60,CCW,0,N,0,0,0
D7651658,439084,444765,1,1803,1798,0,0,60,60,CCW,0,N,0,0,0
D7651658,439085,444766,1,1802,1798,0,0,60,60,CCW,0,N,0,0,0
D7651658,439086,444767,1,1803,1798,0,0,60,60,CCW,0,N,0,0,0
D7651658,439087,444768,1,1801,1798,0,0,60,60,CCW,0,N,0,0,0
D7651658,439088,444769,1,1801,1798,0,0,60,60,CCW,0,N,0,0,0
D7651658,439089,444770,1,1802,1798,0,0,60,60,CCW,0,N,0,0,0
D7651658,439090,444771,1,1803,1798,0,0,60,60,CCW,0,N,0,0,0
D7651658,439091,444772,1,1802,1798,0,0,60,60,CCW,0,N,0,0,0
D7651658,439092,444773,1,1802,1798,0,0,60,60,CCW,0,N,0,0,0
D7651658,439093,444774,1,1802,1798,0,0,60,60,CCW,0,N,0,0,0
D7651658,439094,444775,1,1803,1798,0,0,60,60,CCW,0,N,0,0,0
D7651658,439095,444776,1,1803,1798,0,0,60,60,CCW,0,N,0,0,0
D7651658,439096,444777,1,1801,1798,0,0,60,60,CCW,0,N,0,0,0
D7651658,439097,444778,1,1803,1798,0,0,60,60,CCW,0,N,0,0,0
D7651658,439098,444779,1,1802,1798,0,0,60,60,CCW,0,N,0,0,0
D7651658,439099,444780,1,1803,1798,0,0,60,60,CCW,0,N,0,0,0
D7651658,439100,444781,1,1801,1798,0,0,60,60,CCW,0,N,0,0,0
D7651658,439101,444782,1,1802,1798,0,0,60,60,CCW,0,N,0,0,0
D7651658,439102,444783,1,1801,1798,0,0,60,60,CCW,0,N,0,0,0
D7651658,439103,444784,1,1803,1798,0,0,60,60,CCW,0,N,0,0,0
D7651658,439104,444785,1,1802,1798,0,0,60,60,CCW,0,N,0,0,0
D7651658,439105,444786,1,1802,1798,0,0,60,60,CCW,0,N,0,0,0
D7651658,439106,444787,1,1807,1798,0,0,60,60,CCW,0,N,0,0,0
D7651658,439107,444788,1,1803,1798,0,0,60,60,CCW,0,N,0,0,0
D7651658,439108,444789,1,1802,1798,0,0,60,60,CCW,0,N,0,0,0
D7651658,439109,444790,1,1803,1798,0,0,60,60,CCW,0,N,0,0,0
D7651658,439110,444791,1,1803,1798,0,0,60,60,CCW,0,N,0,0,0
D7651658,439111,444792,1,1803,1798,0,0,60,60,CCW,0,N,0,0,0
D7651658,439112,444793,1,1802,1798,0,0,60,60,CCW,0,N,0,0,0
D7651658,439113,444794,1,1801,1798,0,0,60,60,CCW,0,N,0,0,0
D7651658,439114,444795,1,1802,1798,0,0,60,60,CCW,0,N,0,0,0
D7651658,439115,444796,1,1805,1798,0,0,60,60,CCW,0,N,0,0,0
D7651658,439116,444797,1,1809,1798,0,0,60,60,CCW,0,N,0,0,0
D7651658,439117,444798,1,1802,1798,0,0,60,60,CCW,0,N,0,0,0
D7651658,439118,444799,1,1802,1798,0,0,60,60,CCW,0,N,0,0,0
D7651658,439119,444800,1,1804,1798,0,0,60,60,CCW,0,N,0,0,0
D7651658,439120,444801,1,1801,1798,0,0,60,60,CCW,0,N,0,0,0
D7651658,439121,444802,1,1803,1798,0,0,60,60,CCW,0,N,0,0,0
D7651658,439122,444803,1,1802,1798,0,0,60,60,CCW,0,N,0,0,0
D7651658,439123,444804,1,1801,1798,0,0,60,60,CCW,0,N,0,0,0
D7651658,439124,444805,1,1803,1798,0,0,60,60,CCW,0,N,0,0,0
D7651658,439125,444806,1,1804,1798,0,0,60,60,CCW,0,N,0,0,0
D7651658,439126,444807,1,1806,1798,0,0,60,60,CCW,0,N,0,0,0
D7651658,439127,444808,1,1804,1798,0,0,60,60,CCW,0,N,0,0,0
D7651658,439128,444809,1,1804,1798,0,0,60,60,CCW,0,N,0,0,0
D7651658,439129,444810,1,1804,1798,0,0,60,60,CCW,0,N,0,0,0
D7651658,439130,444811,1,1804,1798,0,0,60,60,CCW,0,N,0,0,0
D7651658,439131,444812,1,1802,1798,0,0,60,60,CCW,0,N,0,0,0
D7651658,439132,444813,1,1807,1798,0,0,60,60,CCW,0,N,0,0,0
D7651658,439133,444814,1,1804,1798,0,0,60,60,CCW,0,N,0,0,0
D7651658,439134,444815,1,1804,1798,0,0,60,60,CCW,0,N,0,0,0
D7651658,439135,444816,1,1803,1798,0,0,60,60,CCW,0,N,0,0,0
D7651658,439136,444817,1,1811,1798,0,0,60,60,CCW,0,N,0,0,0
D7651658,439137,444818,1,1804,1798,0,0,60,60,CCW,0,N,0,0,0
D7651658,439138,444819,1,1804,1798,0,0,60,60,CCW,0,N,0,0,0
D7651658,439139,444820,1,1802,1798,0,0,60,60,CCW,0,N,0,0,0
D7651658,439140,444821,1,1803,1798,0,0,60,60,CCW,0,N,0,0,0
D7651658,439141,444822,1,1804,1798,0,0,60,60,CCW,0,N,0,0,0
D7651658,439142,444823,1,1802,1798,0,0,60,60,CCW,0,N,0,0,0
D7651658,439143,444824,1,1803,1798,0,0,60,60,CCW,0,N,0,0,0
D7651658,439144,444825,1,1803,1798,0,0,60,60,CCW,0,N,0,0,0
D7651658,439145,444826,1,1805,1798,0,0,60,60,CCW,0,N,0,0,0
D7651658,439146,444827,1,1804,1798,0,0,60,60,CCW,0,N,0,0,0
D7651658,439147,444828,1,1803,1798,0,0,60,60,CCW,0,N,0,0,0
D7651658,439148,444829,1,1805,1798,0,0,60,60,CCW,0,N,0,0,0
D7651658,439149,444830,1,1803,1798,0,0,60,60,CCW,0,N,0,0,0
D7651658,439150,444831,1,1803,1798,0,0,60,60,CCW,0,N,0,0,0
D7651658,439151,444832,1,1803,1798,0,0,60,60,CCW,0,N,0,0,0
D7651658,439152,444833,1,1804,1798,0,0,60,60,CCW,0,N,0,0,0
D7651658,439153,444834,1,1804,1798,0,0,60,60,CCW,0,N,0,0,0
D7651658,439154,444835,1,1805,1798,0,0,60,60,CCW,0,N,0,0,0
D7651658,439155,444836,1,1806,1798,0,0,60,60,CCW,0,N,0,0,0
D7651658,439156,444837,1,1804,1798,0,0,60,60,CCW,0,N,0,0,0
D7651658,439157,444838,1,1805,1798,0,0,60,60,CCW,0,N,0,0,0
D7651658,439158,444839,1,1802,1798,0,0,60,60,CCW,0,N,0,0,0
D7651658,439159,444840,1,1804,1798,0,0,60,60,CCW,0,N,0,0,0
D7651658,439160,444841,1,1804,1798,0,0,60,60,CCW,0,N,0,0,0
D7651658,439161,444842,1,1804,1798,0,0,60,60,CCW,0,N,0,0,0
D7651658,439162,444843,1,1804,1798,0,0,60,60,CCW,0,N,0,0,0
D7651658,439163,444844,1,1805,1798,0,0,60,60,CCW,0,N,0,0,0
D7651658,439164,444845,1,1805,1798,0,0,60,60,CCW,0,N,0,0,0
D7651658,439165,444846,1,1804,1798,0,0,60,60,CCW,0,N,0,0,0
D7651658,439166,444847,1,1794,1798,0,0,60,60,CCW,0,N,0,0,0
D7651658,439167,444848,1,1804,1798,0,0,60,60,CCW,0,N,0,0,0
D7651658,439168,444849,1,1801,1798,0,0,60,60,CCW,0,N,0,0,0
D7651658,439169,444850,1,1804,1798,0,0,60,60,CCW,0,N,0,0,0
D7651658,439170,444851,1,1804,1798,0,0,60,60,CCW,0,N,0,0,0
D7651658,439171,444852,1,1805,1798,0,0,60,60,CCW,0,N,0,0,0
D7651658,439172,444853,1,1804,1798,0,0,60,60,CCW,0,N,0,0,0
D7651658,439173,444854,1,1805,1798,0,0,60,60,CCW,0,N,0,0,0
D7651658,439174,444855,1,1804,1798,0,0,60,60,CCW,0,N,0,0,0
D7651658,439175,444856,1,1804,1798,0,0,60,60,CCW,0,N,0,0,0
D7651658,439176,444857,1,1805,1798,0,0,60,60,CCW,0,N,0,0,0
D7651658,439177,444858,1,1806,1798,0,0,60,60,CCW,0,N,0,0,0
D7651658,439178,444859,1,1804,1798,0,0,60,60,CCW,0,N,0,0,0
D7651658,439179,444860,1,1806,1798,0,0,60,60,CCW,0,N,0,0,0
D7651658,439180,444861,1,1804,1798,0,0,60,60,CCW,0,N,0,0,0
D7651658,439181,444862,1,1811,1798,0,0,60,60,CCW,0,N,0,0,0
D7651658,439182,444863,1,1806,1798,0,0,60,60,CCW,0,N,0,0,0
D7651658,439183,444864,1,1805,1798,0,0,60,60,CCW,0,N,0,0,0
D7651658,439184,444865,1,1805,1798,0,0,60,60,CCW,0,N,0,0,0
D7651658,439185,444867,2,1805,1798,0,0,60,60,CCW,0,N,0,1,1
