source_session,sample_seq,t_ms,dt_ms,raw,baseline,peak_n,peak_s,pwm_actual,pwm_commanded,direction,event_active,event_polarity,estop,late,gap_before
D7651658,985276,996001,1,1800,1799,0,0,67,90,CCW,0,S,0,0,0
D7651658,985277,996002,1,1801,1799,0,0,67,90,CCW,0,S,0,0,0
D7651658,985278,996003,1,1800,1799,0,0,67,90,CCW,0,S,0,0,0
D7651658,985279,996004,1,1803,1799,0,0,67,90,CCW,0,S,0,0,0
D7651658,985280,996005,1,1800,1799,0,0,67,90,CCW,0,S,0,0,0
D7651658,985281,996006,1,1800,1799,0,0,67,90,CCW,0,S,0,0,0
D7651658,985282,996007,1,1799,1799,0,0,67,90,CCW,0,S,0,0,0
D7651658,985283,996008,1,1800,1799,0,0,67,90,CCW,0,S,0,0,0
D7651658,985284,996009,1,1798,1799,0,0,67,90,CCW,0,S,0,0,0
D7651658,985285,996010,1,1801,1799,0,0,67,90,CCW,0,S,0,0,0
D7651658,985286,996011,1,1799,1799,0,0,67,90,CCW,0,S,0,0,0
D7651658,985287,996012,1,1800,1799,0,0,67,90,CCW,0,S,0,0,0
D7651658,985288,996013,1,1799,1799,0,0,67,90,CCW,0,S,0,0,0
D7651658,985289,996014,1,1801,1799,0,0,67,90,CCW,0,S,0,0,0
D7651658,985290,996015,1,1809,1799,0,0,67,90,CCW,0,S,0,0,0
D7651658,985291,996016,1,1803,1799,0,0,67,90,CCW,0,S,0,0,0
D7651658,985292,996017,1,1800,1799,0,0,67,90,CCW,0,S,0,0,0
D7651658,985293,996018,1,1801,1799,0,0,67,90,CCW,0,S,0,0,0
D7651658,985294,996019,1,1800,1799,0,0,67,90,CCW,0,S,0,0,0
D7651658,985295,996020,1,1801,1799,0,0,67,90,CCW,0,S,0,0,0
D7651658,985296,996021,1,1802,1799,0,0,67,90,CCW,0,S,0,0,0
D7651658,985297,996022,1,1799,1799,0,0,67,90,CCW,0,S,0,0,0
D7651658,985298,996023,1,1798,1799,0,0,67,90,CCW,0,S,0,0,0
D7651658,985299,996024,1,1797,1799,0,0,67,90,CCW,0,S,0,0,0
D7651658,985300,996025,1,1802,1799,0,0,67,90,CCW,0,S,0,0,0
D7651658,985301,996026,1,1800,1799,0,0,67,90,CCW,0,S,0,0,0
D7651658,985302,996027,1,1799,1799,0,0,67,90,CCW,0,S,0,0,0
D7651658,985303,996028,1,1802,1799,0,0,67,90,CCW,0,S,0,0,0
D7651658,985304,996029,1,1798,1799,0,0,67,90,CCW,0,S,0,0,0
D7651658,985305,996030,1,1799,1799,0,0,67,90,CCW,0,S,0,0,0
D7651658,985306,996031,1,1800,1799,0,0,67,90,CCW,0,S,0,0,0
D7651658,985307,996032,1,1801,1799,0,0,67,90,CCW,0,S,0,0,0
D7651658,985308,996033,1,1799,1799,0,0,67,90,CCW,0,S,0,0,0
D7651658,985309,996034,1,1809,1799,0,0,67,90,CCW,0,S,0,0,0
D7651658,985310,996035,1,1800,1799,0,0,67,90,CCW,0,S,0,0,0
D7651658,985311,996036,1,1798,1799,0,0,67,90,CCW,0,S,0,0,0
D7651658,985312,996037,1,1801,1799,0,0,67,90,CCW,0,S,0,0,0
D7651658,985313,996038,1,1808,1799,0,0,67,90,CCW,0,S,0,0,0
D7651658,985314,996039,1,1793,1799,0,0,67,90,CCW,0,S,0,0,0
D7651658,985315,996040,1,1798,1799,0,0,67,90,CCW,0,S,0,0,0
D7651658,985316,996041,1,1800,1799,0,0,67,90,CCW,0,S,0,0,0
D7651658,985317,996042,1,1803,1799,0,0,67,90,CCW,0,S,0,0,0
D7651658,985318,996043,1,1800,1799,0,0,67,90,CCW,0,S,0,0,0
D7651658,985319,996044,1,1804,1799,0,0,67,90,CCW,0,S,0,0,0
D7651658,985320,996045,1,1799,1799,0,0,67,90,CCW,0,S,0,0,0
D7651658,985321,996046,1,1801,1799,0,0,67,90,CCW,0,S,0,0,0
D7651658,985322,996047,1,1801,1799,0,0,67,90,CCW,0,S,0,0,0
D7651658,985323,996048,1,1798,1799,0,0,67,90,CCW,0,S,0,0,0
D7651658,985324,996049,1,1800,1799,0,0,67,90,CCW,0,S,0,0,0
D7651658,985325,996050,1,1800,1799,0,0,67,90,CCW,0,S,0,0,0
D7651658,985326,996051,1,1801,1799,0,0,67,90,CCW,0,S,0,0,0
D7651658,985327,996052,1,1801,1799,0,0,67,90,CCW,0,S,0,0,0
D7651658,985328,996053,1,1800,1799,0,0,67,90,CCW,0,S,0,0,0
D7651658,985329,996054,1,1799,1799,0,0,67,90,CCW,0,S,0,0,0
D7651658,985330,996055,1,1803,1799,0,0,67,90,CCW,0,S,0,0,0
D7651658,985331,996056,1,1799,1799,0,0,67,90,CCW,0,S,0,0,0
D7651658,985332,996057,1,1800,1799,0,0,67,90,CCW,0,S,0,0,0
D7651658,985333,996058,1,1801,1799,0,0,67,90,CCW,0,S,0,0,0
D7651658,985334,996059,1,1800,1799,0,0,68,90,CCW,0,S,0,0,0
D7651658,985335,996060,1,1799,1799,0,0,68,90,CCW,0,S,0,0,0
D7651658,985336,996061,1,1804,1799,0,0,68,90,CCW,0,S,0,0,0
D7651658,985337,996062,1,1801,1799,0,0,68,90,CCW,0,S,0,0,0
D7651658,985338,996063,1,1800,1799,0,0,68,90,CCW,0,S,0,0,0
D7651658,985339,996064,1,1797,1799,0,0,68,90,CCW,0,S,0,0,0
D7651658,985340,996065,1,1802,1799,0,0,68,90,CCW,0,S,0,0,0
D7651658,985341,996066,1,1800,1799,0,0,68,90,CCW,0,S,0,0,0
D7651658,985342,996067,1,1801,1799,0,0,68,90,CCW,0,S,0,0,0
D7651658,985343,996068,1,1806,1799,0,0,68,90,CCW,0,S,0,0,0
D7651658,985344,996069,1,1799,1799,0,0,68,90,CCW,0,S,0,0,0
D7651658,985345,996070,1,1800,1799,0,0,68,90,CCW,0,S,0,0,0
D7651658,985346,996071,1,1795,1799,0,0,68,90,CCW,0,S,0,0,0
D7651658,985347,996072,1,1802,1799,0,0,68,90,CCW,0,S,0,0,0
D7651658,985348,996073,1,1802,1799,0,0,68,90,CCW,0,S,0,0,0
D7651658,985349,996074,1,1800,1799,0,0,68,90,CCW,0,S,0,0,0
D7651658,985350,996075,1,1801,1799,0,0,68,90,CCW,0,S,0,0,0
D7651658,985351,996076,1,1800,1799,0,0,68,90,CCW,0,S,0,0,0
D7651658,985352,996077,1,1799,1799,0,0,68,90,CCW,0,S,0,0,0
D7651658,985353,996078,1,1799,1799,0,0,68,90,CCW,0,S,0,0,0
D7651658,985354,996079,1,1798,1799,0,0,68,90,CCW,0,S,0,0,0
D7651658,985355,996080,1,1800,1799,0,0,68,90,CCW,0,S,0,0,0
D7651658,985356,996081,1,1800,1799,0,0,68,90,CCW,0,S,0,0,0
D7651658,985357,996082,1,1801,1799,0,0,68,90,CCW,0,S,0,0,0
D7651658,985358,996083,1,1797,1799,0,0,68,90,CCW,0,S,0,0,0
D7651658,985359,996084,1,1800,1799,0,0,68,90,CCW,0,S,0,0,0
D7651658,985360,996085,1,1800,1799,0,0,68,90,CCW,0,S,0,0,0
D7651658,985361,996086,1,1799,1799,0,0,68,90,CCW,0,S,0,0,0
D7651658,985362,996087,1,1801,1799,0,0,68,90,CCW,0,S,0,0,0
D7651658,985363,996088,1,1801,1799,0,0,68,90,CCW,0,S,0,0,0
D7651658,985364,996089,1,1801,1799,0,0,68,90,CCW,0,S,0,0,0
D7651658,985365,996090,1,1801,1799,0,0,68,90,CCW,0,S,0,0,0
D7651658,985366,996091,1,1799,1799,0,0,68,90,CCW,0,S,0,0,0
D7651658,985367,996092,1,1800,1799,0,0,68,90,CCW,0,S,0,0,0
D7651658,985368,996093,1,1799,1799,0,0,68,90,CCW,0,S,0,0,0
D7651658,985369,996094,1,1798,1799,0,0,68,90,CCW,0,S,0,0,0
D7651658,985370,996095,1,1798,1799,0,0,68,90,CCW,0,S,0,0,0
D7651658,985371,996096,1,1801,1799,0,0,68,90,CCW,0,S,0,0,0
D7651658,985372,996097,1,1802,1799,0,0,68,90,CCW,0,S,0,0,0
D7651658,985373,996098,1,1798,1799,0,0,68,90,CCW,0,S,0,0,0
D7651658,985374,996099,1,1800,1799,0,0,68,90,CCW,0,S,0,0,0
D7651658,985375,996100,1,1803,1799,0,0,68,90,CCW,0,S,0,0,0
D7651658,985376,996101,1,1819,1799,0,0,68,90,CCW,0,S,0,0,0
D7651658,985377,996102,1,1802,1799,0,0,68,90,CCW,0,S,0,0,0
D7651658,985378,996103,1,1801,1799,0,0,68,90,CCW,0,S,0,0,0
D7651658,985379,996104,1,1800,1799,0,0,68,90,CCW,0,S,0,0,0
D7651658,985380,996105,1,1801,1799,0,0,68,90,CCW,0,S,0,0,0
D7651658,985381,996106,1,1801,1799,0,0,68,90,CCW,0,S,0,0,0
D7651658,985382,996107,1,1800,1799,0,0,68,90,CCW,0,S,0,0,0
D7651658,985383,996108,1,1800,1799,0,0,68,90,CCW,0,S,0,0,0
D7651658,985384,996109,1,1806,1799,0,0,68,90,CCW,0,S,0,0,0
D7651658,985385,996110,1,1801,1799,0,0,68,90,CCW,0,S,0,0,0
D7651658,985386,996111,1,1800,1799,0,0,68,90,CCW,0,S,0,0,0
D7651658,985387,996112,1,1800,1799,0,0,68,90,CCW,0,S,0,0,0
D7651658,985388,996113,1,1802,1799,0,0,68,90,CCW,0,S,0,0,0
D7651658,985389,996114,1,1801,1799,0,0,68,90,CCW,0,S,0,0,0
D7651658,985390,996115,1,1801,1799,0,0,68,90,CCW,0,S,0,0,0
D7651658,985391,996116,1,1800,1799,0,0,68,90,CCW,0,S,0,0,0
D7651658,985392,996117,1,1801,1799,0,0,68,90,CCW,0,S,0,0,0
D7651658,985393,996118,1,1802,1799,0,0,68,90,CCW,0,S,0,0,0
D7651658,985394,996119,1,1802,1799,0,0,68,90,CCW,0,S,0,0,0
D7651658,985395,996120,1,1801,1799,0,0,68,90,CCW,0,S,0,0,0
D7651658,985396,996121,1,1801,1799,0,0,68,90,CCW,0,S,0,0,0
D7651658,985397,996122,1,1796,1799,0,0,68,90,CCW,0,S,0,0,0
D7651658,985398,996123,1,1802,1799,0,0,68,90,CCW,0,S,0,0,0
D7651658,985399,996124,1,1801,1799,0,0,68,90,CCW,0,S,0,0,0
D7651658,985400,996125,1,1798,1799,0,0,68,90,CCW,0,S,0,0,0
D7651658,985401,996126,1,1802,1799,0,0,68,90,CCW,0,S,0,0,0
D7651658,985402,996127,1,1800,1799,0,0,68,90,CCW,0,S,0,0,0
D7651658,985403,996128,1,1800,1799,0,0,68,90,CCW,0,S,0,0,0
D7651658,985404,996129,1,1801,1799,0,0,68,90,CCW,0,S,0,0,0
D7651658,985405,996130,1,1803,1799,0,0,68,90,CCW,0,S,0,0,0
D7651658,985406,996131,1,1800,1799,0,0,68,90,CCW,0,S,0,0,0
D7651658,985407,996132,1,1800,1799,0,0,68,90,CCW,0,S,0,0,0
D7651658,985408,996133,1,1801,1799,0,0,68,90,CCW,0,S,0,0,0
D7651658,985409,996134,1,1801,1799,0,0,68,90,CCW,0,S,0,0,0
D7651658,985410,996135,1,1803,1799,0,0,68,90,CCW,0,S,0,0,0
D7651658,985411,996136,1,1800,1799,0,0,68,90,CCW,0,S,0,0,0
D7651658,985412,996137,1,1799,1799,0,0,68,90,CCW,0,S,0,0,0
D7651658,985413,996138,1,1800,1799,0,0,68,90,CCW,0,S,0,0,0
D7651658,985414,996139,1,1802,1799,0,0,68,90,CCW,0,S,0,0,0
D7651658,985415,996140,1,1802,1799,0,0,68,90,CCW,0,S,0,0,0
D7651658,985416,996141,1,1801,1799,0,0,68,90,CCW,0,S,0,0,0
D7651658,985417,996142,1,1801,1799,0,0,68,90,CCW,0,S,0,0,0
D7651658,985418,996143,1,1800,1799,0,0,68,90,CCW,0,S,0,0,0
D7651658,985419,996144,1,1803,1799,0,0,68,90,CCW,0,S,0,0,0
D7651658,985420,996145,1,1801,1799,0,0,68,90,CCW,0,S,0,0,0
D7651658,985421,996146,1,1801,1799,0,0,68,90,CCW,0,S,0,0,0
D7651658,985422,996147,1,1802,1799,0,0,68,90,CCW,0,S,0,0,0
D7651658,985423,996148,1,1802,1799,0,0,68,90,CCW,0,S,0,0,0
D7651658,985424,996149,1,1801,1799,0,0,68,90,CCW,0,S,0,0,0
D7651658,985425,996150,1,1802,1799,0,0,68,90,CCW,0,S,0,0,0
D7651658,985426,996151,1,1801,1799,0,0,68,90,CCW,0,S,0,0,0
D7651658,985427,996152,1,1802,1799,0,0,68,90,CCW,0,S,0,0,0
D7651658,985428,996153,1,1801,1799,0,0,68,90,CCW,0,S,0,0,0
D7651658,985429,996154,1,1799,1799,0,0,68,90,CCW,0,S,0,0,0
D7651658,985430,996155,1,1801,1799,0,0,68,90,CCW,0,S,0,0,0
D7651658,985431,996156,1,1800,1799,0,0,68,90,CCW,0,S,0,0,0
D7651658,985432,996157,1,1801,1799,0,0,68,90,CCW,0,S,0,0,0
D7651658,985433,996158,1,1802,1799,0,0,68,90,CCW,0,S,0,0,0
D7651658,985434,996159,1,1801,1799,0,0,68,90,CCW,0,S,0,0,0
D7651658,985435,996160,1,1803,1799,0,0,68,90,CCW,0,S,0,0,0
D7651658,985436,996161,1,1801,1799,0,0,68,90,CCW,0,S,0,0,0
D7651658,985437,996162,1,1803,1799,0,0,68,90,CCW,0,S,0,0,0
D7651658,985438,996163,1,1803,1799,0,0,68,90,CCW,0,S,0,0,0
D7651658,985439,996164,1,1801,1799,0,0,68,90,CCW,0,S,0,0,0
D7651658,985440,996165,1,1801,1799,0,0,68,90,CCW,0,S,0,0,0
D7651658,985441,996166,1,1800,1799,0,0,68,90,CCW,0,S,0,0,0
D7651658,985442,996167,1,1802,1799,0,0,68,90,CCW,0,S,0,0,0
D7651658,985443,996168,1,1801,1799,0,0,68,90,CCW,0,S,0,0,0
D7651658,985444,996169,1,1801,1799,0,0,68,90,CCW,0,S,0,0,0
D7651658,985445,996170,1,1800,1799,0,0,68,90,CCW,0,S,0,0,0
D7651658,985446,996171,1,1802,1799,0,0,68,90,CCW,0,S,0,0,0
D7651658,985447,996172,1,1802,1799,0,0,68,90,CCW,0,S,0,0,0
D7651658,985448,996173,1,1801,1799,0,0,68,90,CCW,0,S,0,0,0
D7651658,985449,996174,1,1802,1799,0,0,68,90,CCW,0,S,0,0,0
D7651658,985450,996175,1,1804,1799,0,0,68,90,CCW,0,S,0,0,0
D7651658,985451,996176,1,1801,1799,0,0,68,90,CCW,0,S,0,0,0
D7651658,985452,996177,1,1801,1799,0,0,68,90,CCW,0,S,0,0,0
D7651658,985453,996178,1,1802,1799,0,0,68,90,CCW,0,S,0,0,0
D7651658,985454,996179,1,1812,1799,0,0,68,90,CCW,0,S,0,0,0
D7651658,985455,996180,1,1803,1799,0,0,68,90,CCW,0,S,0,0,0
D7651658,985456,996181,1,1802,1799,0,0,68,90,CCW,0,S,0,0,0
D7651658,985457,996182,1,1804,1799,0,0,68,90,CCW,0,S,0,0,0
D7651658,985458,996183,1,1802,1799,0,0,68,90,CCW,0,S,0,0,0
D7651658,985459,996184,1,1801,1799,0,0,68,90,CCW,0,S,0,0,0
D7651658,985460,996185,1,1802,1799,0,0,68,90,CCW,0,S,0,0,0
D7651658,985461,996186,1,1804,1799,0,0,68,90,CCW,0,S,0,0,0
D7651658,985462,996187,1,1801,1799,0,0,68,90,CCW,0,S,0,0,0
D7651658,985463,996188,1,1803,1799,0,0,68,90,CCW,0,S,0,0,0
D7651658,985464,996189,1,1802,1799,0,0,68,90,CCW,0,S,0,0,0
D7651658,985465,996190,1,1803,1799,0,0,68,90,CCW,0,S,0,0,0
D7651658,985466,996191,1,1801,1799,0,0,68,90,CCW,0,S,0,0,0
D7651658,985467,996192,1,1802,1799,0,0,68,90,CCW,0,S,0,0,0
D7651658,985468,996193,1,1802,1799,0,0,68,90,CCW,0,S,0,0,0
D7651658,985469,996194,1,1800,1799,0,0,68,90,CCW,0,S,0,0,0
D7651658,985470,996195,1,1796,1799,0,0,68,90,CCW,0,S,0,0,0
D7651658,985471,996196,1,1800,1799,0,0,68,90,CCW,0,S,0,0,0
D7651658,985472,996197,1,1803,1799,0,0,68,90,CCW,0,S,0,0,0
D7651658,985473,996198,1,1797,1799,0,0,68,90,CCW,0,S,0,0,0
D7651658,985474,996199,1,1802,1799,0,0,68,90,CCW,0,S,0,0,0
D7651658,985475,996200,1,1803,1799,0,0,68,90,CCW,0,S,0,0,0
D7651658,985476,996201,1,1801,1799,0,0,68,90,CCW,0,S,0,0,0
D7651658,985477,996202,1,1802,1799,0,0,68,90,CCW,0,S,0,0,0
D7651658,985478,996203,1,1802,1799,0,0,68,90,CCW,0,S,0,0,0
D7651658,985479,996204,1,1802,1799,0,0,68,90,CCW,0,S,0,0,0
D7651658,985480,996205,1,1803,1799,0,0,68,90,CCW,0,S,0,0,0
D7651658,985481,996206,1,1803,1799,0,0,68,90,CCW,0,S,0,0,0
D7651658,985482,996207,1,1802,1799,0,0,68,90,CCW,0,S,0,0,0
D7651658,985483,996208,1,1803,1799,0,0,68,90,CCW,0,S,0,0,0
D7651658,985484,996209,1,1802,1799,0,0,69,90,CCW,0,S,0,0,0
D7651658,985485,996210,1,1801,1799,0,0,69,90,CCW,0,S,0,0,0
D7651658,985486,996211,1,1800,1799,0,0,69,90,CCW,0,S,0,0,0
D7651658,985487,996212,1,1801,1799,0,0,69,90,CCW,0,S,0,0,0
D7651658,985488,996213,1,1792,1799,0,0,69,90,CCW,0,S,0,0,0
D7651658,985489,996214,1,1804,1799,0,0,69,90,CCW,0,S,0,0,0
D7651658,985490,996215,1,1803,1799,0,0,69,90,CCW,0,S,0,0,0
D7651658,985491,996216,1,1801,1799,0,0,69,90,CCW,0,S,0,0,0
D7651658,985492,996217,1,1802,1799,0,0,69,90,CCW,0,S,0,0,0
D7651658,985493,996218,1,1802,1799,0,0,69,90,CCW,0,S,0,0,0
D7651658,985494,996219,1,1795,1799,0,0,69,90,CCW,0,S,0,0,0
D7651658,985495,996220,1,1802,1799,0,0,69,90,CCW,0,S,0,0,0
D7651658,985496,996221,1,1803,1799,0,0,69,90,CCW,0,S,0,0,0
D7651658,985497,996222,1,1802,1799,0,0,69,90,CCW,0,S,0,0,0
D7651658,985498,996223,1,1803,1799,0,0,69,90,CCW,0,S,0,0,0
D7651658,985499,996224,1,1813,1799,0,0,69,90,CCW,0,S,0,0,0
D7651658,985500,996225,1,1803,1799,0,0,69,90,CCW,0,S,0,0,0
D7651658,985501,996226,1,1801,1799,0,0,69,90,CCW,0,S,0,0,0
D7651658,985502,996227,1,1802,1799,0,0,69,90,CCW,0,S,0,0,0
D7651658,985503,996228,1,1802,1799,0,0,69,90,CCW,0,S,0,0,0
D7651658,985504,996229,1,1802,1799,0,0,69,90,CCW,0,S,0,0,0
D7651658,985505,996230,1,1800,1799,0,0,69,90,CCW,0,S,0,0,0
D7651658,985506,996231,1,1801,1799,0,0,69,90,CCW,0,S,0,0,0
D7651658,985507,996232,1,1802,1799,0,0,69,90,CCW,0,S,0,0,0
D7651658,985508,996233,1,1802,1799,0,0,69,90,CCW,0,S,0,0,0
D7651658,985509,996234,1,1803,1799,0,0,69,90,CCW,0,S,0,0,0
D7651658,985510,996235,1,1804,1799,0,0,69,90,CCW,0,S,0,0,0
D7651658,985511,996236,1,1804,1799,0,0,69,90,CCW,0,S,0,0,0
D7651658,985512,996237,1,1802,1799,0,0,69,90,CCW,0,S,0,0,0
D7651658,985513,996238,1,1800,1799,0,0,69,90,CCW,0,S,0,0,0
D7651658,985514,996239,1,1801,1799,0,0,69,90,CCW,0,S,0,0,0
D7651658,985515,996240,1,1803,1799,0,0,69,90,CCW,0,S,0,0,0
D7651658,985516,996241,1,1802,1799,0,0,69,90,CCW,0,S,0,0,0
D7651658,985517,996242,1,1800,1799,0,0,69,90,CCW,0,S,0,0,0
D7651658,985518,996243,1,1802,1799,0,0,69,90,CCW,0,S,0,0,0
D7651658,985519,996244,1,1803,1799,0,0,69,90,CCW,0,S,0,0,0
D7651658,985520,996245,1,1803,1799,0,0,69,90,CCW,0,S,0,0,0
D7651658,985521,996246,1,1801,1799,0,0,69,90,CCW,0,S,0,0,0
D7651658,985522,996247,1,1802,1799,0,0,69,90,CCW,0,S,0,0,0
D7651658,985523,996248,1,1802,1799,0,0,69,90,CCW,0,S,0,0,0
D7651658,985524,996249,1,1802,1799,0,0,69,90,CCW,0,S,0,0,0
D7651658,985525,996250,1,1802,1799,0,0,69,90,CCW,0,S,0,0,0
D7651658,985526,996251,1,1798,1799,0,0,69,90,CCW,0,S,0,0,0
D7651658,985527,996252,1,1805,1799,0,0,69,90,CCW,0,S,0,0,0
D7651658,985528,996253,1,1803,1799,0,0,69,90,CCW,0,S,0,0,0
D7651658,985529,996254,1,1803,1799,0,0,69,90,CCW,0,S,0,0,0
D7651658,985530,996255,1,1801,1799,0,0,69,90,CCW,0,S,0,0,0
D7651658,985531,996256,1,1803,1799,0,0,69,90,CCW,0,S,0,0,0
D7651658,985532,996257,1,1803,1799,0,0,69,90,CCW,0,S,0,0,0
D7651658,985533,996258,1,1802,1799,0,0,69,90,CCW,0,S,0,0,0
D7651658,985534,996259,1,1804,1799,0,0,69,90,CCW,0,S,0,0,0
D7651658,985535,996260,1,1802,1799,0,0,69,90,CCW,0,S,0,0,0
D7651658,985536,996261,1,1802,1799,0,0,69,90,CCW,0,S,0,0,0
D7651658,985537,996262,1,1813,1799,0,0,69,90,CCW,0,S,0,0,0
D7651658,985538,996263,1,1803,1799,0,0,69,90,CCW,0,S,0,0,0
D7651658,985539,996264,1,1803,1799,0,0,69,90,CCW,0,S,0,0,0
D7651658,985540,996265,1,1804,1799,0,0,69,90,CCW,0,S,0,0,0
D7651658,985541,996266,1,1801,1799,0,0,69,90,CCW,0,S,0,0,0
D7651658,985542,996267,1,1803,1799,0,0,69,90,CCW,0,S,0,0,0
D7651658,985543,996268,1,1803,1799,0,0,69,90,CCW,0,S,0,0,0
D7651658,985544,996269,1,1804,1799,0,0,69,90,CCW,0,S,0,0,0
D7651658,985545,996270,1,1802,1799,0,0,69,90,CCW,0,S,0,0,0
D7651658,985546,996271,1,1802,1799,0,0,69,90,CCW,0,S,0,0,0
D7651658,985547,996272,1,1804,1799,0,0,69,90,CCW,0,S,0,0,0
D7651658,985548,996273,1,1802,1799,0,0,69,90,CCW,0,S,0,0,0
D7651658,985549,996274,1,1804,1799,0,0,69,90,CCW,0,S,0,0,0
D7651658,985550,996275,1,1803,1799,0,0,69,90,CCW,0,S,0,0,0
D7651658,985551,996276,1,1802,1799,0,0,69,90,CCW,0,S,0,0,0
D7651658,985552,996277,1,1791,1799,0,0,69,90,CCW,0,S,0,0,0
D7651658,985553,996278,1,1804,1799,0,0,69,90,CCW,0,S,0,0,0
D7651658,985554,996279,1,1803,1799,0,0,69,90,CCW,0,S,0,0,0
D7651658,985555,996280,1,1804,1799,0,0,69,90,CCW,0,S,0,0,0
D7651658,985556,996281,1,1802,1799,0,0,69,90,CCW,0,S,0,0,0
D7651658,985557,996282,1,1803,1799,0,0,69,90,CCW,0,S,0,0,0
D7651658,985558,996283,1,1803,1799,0,0,69,90,CCW,0,S,0,0,0
D7651658,985559,996284,1,1802,1799,0,0,69,90,CCW,0,S,0,0,0
D7651658,985560,996285,1,1809,1799,0,0,69,90,CCW,0,S,0,0,0
D7651658,985561,996286,1,1799,1799,0,0,69,90,CCW,0,S,0,0,0
D7651658,985562,996287,1,1804,1799,0,0,69,90,CCW,0,S,0,0,0
D7651658,985563,996288,1,1803,1799,0,0,69,90,CCW,0,S,0,0,0
D7651658,985564,996289,1,1803,1799,0,0,69,90,CCW,0,S,0,0,0
D7651658,985565,996290,1,1804,1799,0,0,69,90,CCW,0,S,0,0,0
D7651658,985566,996291,1,1803,1799,0,0,69,90,CCW,0,S,0,0,0
D7651658,985567,996292,1,1804,1799,0,0,69,90,CCW,0,S,0,0,0
D7651658,985568,996293,1,1804,1799,0,0,69,90,CCW,0,S,0,0,0
D7651658,985569,996294,1,1803,1799,0,0,69,90,CCW,0,S,0,0,0
D7651658,985570,996295,1,1804,1799,0,0,69,90,CCW,0,S,0,0,0
D7651658,985571,996296,1,1795,1799,0,0,69,90,CCW,0,S,0,0,0
D7651658,985572,996297,1,1805,1799,0,0,69,90,CCW,0,S,0,0,0
D7651658,985573,996298,1,1803,1799,0,0,69,90,CCW,0,S,0,0,0
D7651658,985574,996299,1,1805,1799,0,0,69,90,CCW,0,S,0,0,0
D7651658,985575,996300,1,1804,1799,0,0,69,90,CCW,0,S,0,0,0
D7651658,985576,996301,1,1804,1799,0,0,69,90,CCW,0,S,0,0,0
D7651658,985577,996302,1,1803,1799,0,0,69,90,CCW,0,S,0,0,0
D7651658,985578,996303,1,1804,1799,0,0,69,90,CCW,0,S,0,0,0
D7651658,985579,996304,1,1803,1799,0,0,69,90,CCW,0,S,0,0,0
D7651658,985580,996305,1,1815,1799,0,0,69,90,CCW,0,S,0,0,0
D7651658,985581,996306,1,1803,1799,0,0,69,90,CCW,0,S,0,0,0
D7651658,985582,996307,1,1801,1799,0,0,69,90,CCW,0,S,0,0,0
D7651658,985583,996308,1,1805,1799,0,0,69,90,CCW,0,S,0,0,0
D7651658,985584,996309,1,1804,1799,0,0,69,90,CCW,0,S,0,0,0
D7651658,985585,996310,1,1805,1799,0,0,69,90,CCW,0,S,0,0,0
D7651658,985586,996311,1,1811,1799,0,0,69,90,CCW,0,S,0,0,0
D7651658,985587,996312,1,1801,1799,0,0,69,90,CCW,0,S,0,0,0
D7651658,985588,996313,1,1805,1799,0,0,69,90,CCW,0,S,0,0,0
D7651658,985589,996314,1,1803,1799,0,0,69,90,CCW,0,S,0,0,0
D7651658,985590,996315,1,1805,1799,0,0,69,90,CCW,0,S,0,0,0
D7651658,985591,996316,1,1804,1799,0,0,69,90,CCW,0,S,0,0,0
D7651658,985592,996317,1,1803,1799,0,0,69,90,CCW,0,S,0,0,0
D7651658,985593,996318,1,1803,1799,0,0,69,90,CCW,0,S,0,0,0
D7651658,985594,996319,1,1804,1799,0,0,69,90,CCW,0,S,0,0,0
D7651658,985595,996320,1,1804,1799,0,0,69,90,CCW,0,S,0,0,0
D7651658,985596,996321,1,1804,1799,0,0,69,90,CCW,0,S,0,0,0
D7651658,985597,996322,1,1804,1799,0,0,69,90,CCW,0,S,0,0,0
D7651658,985598,996323,1,1804,1799,0,0,69,90,CCW,0,S,0,0,0
D7651658,985599,996324,1,1803,1799,0,0,69,90,CCW,0,S,0,0,0
D7651658,985600,996325,1,1803,1799,0,0,69,90,CCW,0,S,0,0,0
D7651658,985601,996326,1,1804,1799,0,0,69,90,CCW,0,S,0,0,0
D7651658,985602,996327,1,1804,1799,0,0,69,90,CCW,0,S,0,0,0
D7651658,985603,996328,1,1804,1799,0,0,69,90,CCW,0,S,0,0,0
D7651658,985604,996329,1,1805,1799,0,0,69,90,CCW,0,S,0,0,0
D7651658,985605,996330,1,1806,1799,0,0,69,90,CCW,0,S,0,0,0
D7651658,985606,996331,1,1805,1799,0,0,69,90,CCW,0,S,0,0,0
D7651658,985607,996332,1,1802,1799,0,0,69,90,CCW,0,S,0,0,0
D7651658,985608,996333,1,1805,1799,0,0,69,90,CCW,0,S,0,0,0
D7651658,985609,996334,1,1805,1799,0,0,69,90,CCW,0,S,0,0,0
D7651658,985610,996335,1,1804,1799,0,0,69,90,CCW,0,S,0,0,0
D7651658,985611,996336,1,1805,1799,0,0,69,90,CCW,0,S,0,0,0
D7651658,985612,996337,1,1805,1799,0,0,69,90,CCW,0,S,0,0,0
D7651658,985613,996338,1,1805,1799,0,0,69,90,CCW,0,S,0,0,0
D7651658,985614,996339,1,1805,1799,0,0,69,90,CCW,0,S,0,0,0
D7651658,985615,996340,1,1805,1799,0,0,69,90,CCW,0,S,0,0,0
D7651658,985616,996341,1,1805,1799,0,0,69,90,CCW,0,S,0,0,0
D7651658,985617,996342,1,1806,1799,0,0,69,90,CCW,0,S,0,0,0
D7651658,985618,996343,1,1804,1799,0,0,69,90,CCW,0,S,0,0,0
D7651658,985619,996344,1,1805,1799,0,0,69,90,CCW,0,S,0,0,0
D7651658,985620,996345,1,1806,1799,0,0,69,90,CCW,0,S,0,0,0
D7651658,985621,996346,1,1805,1799,0,0,69,90,CCW,0,S,0,0,0
D7651658,985622,996347,1,1806,1799,0,0,69,90,CCW,0,S,0,0,0
D7651658,985623,996348,1,1807,1799,0,0,69,90,CCW,0,S,0,0,0
D7651658,985624,996349,1,1806,1799,0,0,69,90,CCW,0,S,0,0,0
D7651658,985625,996350,1,1805,1799,0,0,69,90,CCW,0,S,0,0,0
D7651658,985626,996351,1,1806,1799,0,0,69,90,CCW,0,S,0,0,0
D7651658,985627,996352,1,1806,1799,0,0,69,90,CCW,0,S,0,0,0
D7651658,985628,996353,1,1805,1799,0,0,69,90,CCW,0,S,0,0,0
D7651658,985629,996354,1,1805,1799,0,0,69,90,CCW,0,S,0,0,0
D7651658,985630,996355,1,1806,1799,0,0,69,90,CCW,0,S,0,0,0
D7651658,985631,996356,1,1807,1799,0,0,69,90,CCW,0,S,0,0,0
D7651658,985632,996357,1,1807,1799,0,0,69,90,CCW,0,S,0,0,0
D7651658,985633,996358,1,1805,1799,0,0,69,90,CCW,0,S,0,0,0
D7651658,985634,996359,1,1806,1799,0,0,70,90,CCW,0,S,0,0,0
D7651658,985635,996360,1,1804,1799,0,0,70,90,CCW,0,S,0,0,0
D7651658,985636,996361,1,1806,1799,0,0,70,90,CCW,0,S,0,0,0
D7651658,985637,996362,1,1803,1799,0,0,70,90,CCW,0,S,0,0,0
D7651658,985638,996363,1,1806,1799,0,0,70,90,CCW,0,S,0,0,0
D7651658,985639,996364,1,1806,1799,0,0,70,90,CCW,0,S,0,0,0
D7651658,985640,996365,1,1807,1799,0,0,70,90,CCW,0,S,0,0,0
D7651658,985641,996366,1,1806,1799,0,0,70,90,CCW,0,S,0,0,0
D7651658,985642,996367,1,1807,1799,0,0,70,90,CCW,0,S,0,0,0
D7651658,985643,996368,1,1807,1799,0,0,70,90,CCW,0,S,0,0,0
D7651658,985644,996369,1,1806,1799,0,0,70,90,CCW,0,S,0,0,0
D7651658,985645,996370,1,1806,1799,0,0,70,90,CCW,0,S,0,0,0
D7651658,985646,996371,1,1807,1799,0,0,70,90,CCW,0,S,0,0,0
D7651658,985647,996372,1,1806,1799,0,0,70,90,CCW,0,S,0,0,0
D7651658,985648,996373,1,1807,1799,0,0,70,90,CCW,0,S,0,0,0
D7651658,985649,996374,1,1806,1799,0,0,70,90,CCW,0,S,0,0,0
D7651658,985650,996375,1,1807,1799,0,0,70,90,CCW,0,S,0,0,0
D7651658,985651,996376,1,1807,1799,0,0,70,90,CCW,0,S,0,0,0
D7651658,985652,996377,1,1807,1799,0,0,70,90,CCW,0,S,0,0,0
D7651658,985653,996378,1,1804,1799,0,0,70,90,CCW,0,S,0,0,0
D7651658,985654,996379,1,1811,1799,0,0,70,90,CCW,0,S,0,0,0
D7651658,985655,996380,1,1807,1799,0,0,70,90,CCW,0,S,0,0,0
D7651658,985656,996381,1,1806,1799,0,0,70,90,CCW,0,S,0,0,0
D7651658,985657,996382,1,1805,1799,0,0,70,90,CCW,0,S,0,0,0
D7651658,985658,996383,1,1806,1799,0,0,70,90,CCW,0,S,0,0,0
D7651658,985659,996384,1,1807,1799,0,0,70,90,CCW,0,S,0,0,0
D7651658,985660,996385,1,1807,1799,0,0,70,90,CCW,0,S,0,0,0
D7651658,985661,996386,1,1807,1799,0,0,70,90,CCW,0,S,0,0,0
D7651658,985662,996387,1,1807,1799,0,0,70,90,CCW,0,S,0,0,0
D7651658,985663,996388,1,1807,1799,0,0,70,90,CCW,0,S,0,0,0
D7651658,985664,996389,1,1807,1799,0,0,70,90,CCW,0,S,0,0,0
D7651658,985665,996390,1,1807,1799,0,0,70,90,CCW,0,S,0,0,0
D7651658,985666,996391,1,1807,1799,0,0,70,90,CCW,0,S,0,0,0
D7651658,985667,996392,1,1809,1799,0,0,70,90,CCW,0,S,0,0,0
D7651658,985668,996393,1,1808,1799,0,0,70,90,CCW,0,S,0,0,0
D7651658,985669,996394,1,1807,1799,0,0,70,90,CCW,0,S,0,0,0
D7651658,985670,996395,1,1807,1799,0,0,70,90,CCW,0,S,0,0,0
D7651658,985671,996396,1,1807,1799,0,0,70,90,CCW,0,S,0,0,0
D7651658,985672,996397,1,1807,1799,0,0,70,90,CCW,0,S,0,0,0
D7651658,985673,996398,1,1807,1799,0,0,70,90,CCW,0,S,0,0,0
D7651658,985674,996399,1,1808,1799,0,0,70,90,CCW,0,S,0,0,0
D7651658,985675,996400,1,1807,1799,0,0,70,90,CCW,0,S,0,0,0
D7651658,985676,996401,1,1808,1799,0,0,70,90,CCW,0,S,0,0,0
D7651658,985677,996402,1,1808,1799,0,0,70,90,CCW,0,S,0,0,0
D7651658,985678,996403,1,1807,1799,0,0,70,90,CCW,0,S,0,0,0
D7651658,985679,996404,1,1808,1799,0,0,70,90,CCW,0,S,0,0,0
D7651658,985680,996405,1,1806,1799,0,0,70,90,CCW,0,S,0,0,0
D7651658,985681,996406,1,1806,1799,0,0,70,90,CCW,0,S,0,0,0
D7651658,985682,996407,1,1807,1799,0,0,70,90,CCW,0,S,0,0,0
D7651658,985683,996408,1,1806,1799,0,0,70,90,CCW,0,S,0,0,0
D7651658,985684,996409,1,1807,1799,0,0,70,90,CCW,0,S,0,0,0
D7651658,985685,996410,1,1807,1799,0,0,70,90,CCW,0,S,0,0,0
D7651658,985686,996411,1,1807,1799,0,0,70,90,CCW,0,S,0,0,0
D7651658,985687,996412,1,1809,1799,0,0,70,90,CCW,0,S,0,0,0
D7651658,985688,996413,1,1812,1799,0,0,70,90,CCW,0,S,0,0,0
D7651658,985689,996414,1,1808,1799,0,0,70,90,CCW,0,S,0,0,0
D7651658,985690,996415,1,1804,1799,0,0,70,90,CCW,0,S,0,0,0
D7651658,985691,996416,1,1808,1799,0,0,70,90,CCW,0,S,0,0,0
D7651658,985692,996417,1,1808,1799,0,0,70,90,CCW,0,S,0,0,0
D7651658,985693,996418,1,1808,1799,0,0,70,90,CCW,0,S,0,0,0
D7651658,985694,996419,1,1808,1799,0,0,70,90,CCW,0,S,0,0,0
D7651658,985695,996420,1,1808,1799,0,0,70,90,CCW,0,S,0,0,0
D7651658,985696,996421,1,1811,1799,0,0,70,90,CCW,0,S,0,0,0
D7651658,985697,996422,1,1809,1799,0,0,70,90,CCW,0,S,0,0,0
D7651658,985698,996423,1,1809,1799,0,0,70,90,CCW,0,S,0,0,0
D7651658,985699,996424,1,1809,1799,0,0,70,90,CCW,0,S,0,0,0
D7651658,985700,996425,1,1811,1799,0,0,70,90,CCW,0,S,0,0,0
D7651658,985701,996426,1,1809,1799,0,0,70,90,CCW,0,S,0,0,0
D7651658,985702,996427,1,1809,1799,0,0,70,90,CCW,0,S,0,0,0
D7651658,985703,996428,1,1810,1799,0,0,70,90,CCW,0,S,0,0,0
D7651658,985704,996429,1,1809,1799,0,0,70,90,CCW,0,S,0,0,0
D7651658,985705,996430,1,1810,1799,0,0,70,90,CCW,0,S,0,0,0
D7651658,985706,996431,1,1809,1799,0,0,70,90,CCW,0,S,0,0,0
D7651658,985707,996432,1,1811,1799,0,0,70,90,CCW,0,S,0,0,0
D7651658,985708,996433,1,1809,1799,0,0,70,90,CCW,0,S,0,0,0
D7651658,985709,996434,1,1811,1799,0,0,70,90,CCW,0,S,0,0,0
D7651658,985710,996435,1,1811,1799,0,0,70,90,CCW,0,S,0,0,0
D7651658,985711,996436,1,1809,1799,0,0,70,90,CCW,0,S,0,0,0
D7651658,985712,996437,1,1820,1799,0,0,70,90,CCW,0,S,0,0,0
D7651658,985713,996438,1,1822,1799,0,0,70,90,CCW,0,S,0,0,0
D7651658,985714,996439,1,1813,1799,0,0,70,90,CCW,0,S,0,0,0
D7651658,985715,996440,1,1812,1799,0,0,70,90,CCW,0,S,0,0,0
D7651658,985716,996441,1,1811,1799,0,0,70,90,CCW,0,S,0,0,0
D7651658,985717,996442,1,1814,1799,0,0,70,90,CCW,0,S,0,0,0
D7651658,985718,996443,1,1812,1799,0,0,70,90,CCW,0,S,0,0,0
D7651658,985719,996444,1,1811,1799,0,0,70,90,CCW,0,S,0,0,0
D7651658,985720,996445,1,1810,1799,0,0,70,90,CCW,0,S,0,0,0
D7651658,985721,996446,1,1811,1799,0,0,70,90,CCW,0,S,0,0,0
D7651658,985722,996447,1,1812,1799,0,0,70,90,CCW,0,S,0,0,0
D7651658,985723,996448,1,1811,1799,0,0,70,90,CCW,0,S,0,0,0
D7651658,985724,996449,1,1812,1799,0,0,70,90,CCW,0,S,0,0,0
D7651658,985725,996450,1,1812,1799,0,0,70,90,CCW,0,S,0,0,0
D7651658,985726,996452,2,1812,1799,0,0,70,90,CCW,0,S,0,1,1
D7651658,985727,996453,1,1814,1799,0,0,70,90,CCW,0,S,0,0,0
D7651658,985728,996454,1,1811,1799,0,0,70,90,CCW,0,S,0,0,0
D7651658,985729,996455,1,1811,1799,0,0,70,90,CCW,0,S,0,0,0
D7651658,985730,996456,1,1813,1799,0,0,70,90,CCW,0,S,0,0,0
D7651658,985731,996457,1,1811,1799,0,0,70,90,CCW,0,S,0,0,0
D7651658,985732,996458,1,1812,1799,0,0,70,90,CCW,0,S,0,0,0
D7651658,985733,996459,1,1812,1799,0,0,70,90,CCW,0,S,0,0,0
D7651658,985734,996460,1,1814,1799,0,0,70,90,CCW,0,S,0,0,0
D7651658,985735,996461,1,1813,1799,0,0,70,90,CCW,0,S,0,0,0
D7651658,985736,996462,1,1813,1799,0,0,70,90,CCW,0,S,0,0,0
D7651658,985737,996463,1,1812,1799,0,0,70,90,CCW,0,S,0,0,0
D7651658,985738,996464,1,1816,1799,0,0,70,90,CCW,0,S,0,0,0
D7651658,985739,996465,1,1815,1799,0,0,70,90,CCW,0,S,0,0,0
D7651658,985740,996466,1,1815,1799,0,0,70,90,CCW,0,S,0,0,0
D7651658,985741,996467,1,1815,1799,0,0,70,90,CCW,0,S,0,0,0
D7651658,985742,996468,1,1815,1799,0,0,70,90,CCW,0,S,0,0,0
D7651658,985743,996469,1,1816,1799,0,0,70,90,CCW,0,S,0,0,0
D7651658,985744,996470,1,1816,1799,0,0,70,90,CCW,0,S,0,0,0
D7651658,985745,996471,1,1813,1799,0,0,70,90,CCW,0,S,0,0,0
D7651658,985746,996472,1,1816,1799,0,0,70,90,CCW,0,S,0,0,0
D7651658,985747,996473,1,1816,1799,0,0,70,90,CCW,0,S,0,0,0
D7651658,985748,996474,1,1818,1799,0,0,70,90,CCW,0,S,0,0,0
D7651658,985749,996475,1,1818,1799,0,0,70,90,CCW,0,S,0,0,0
D7651658,985750,996476,1,1817,1799,0,0,70,90,CCW,0,S,0,0,0
D7651658,985751,996477,1,1818,1799,0,0,70,90,CCW,0,S,0,0,0
D7651658,985752,996478,1,1820,1799,0,0,70,90,CCW,0,S,0,0,0
D7651658,985753,996479,1,1818,1799,0,0,70,90,CCW,0,S,0,0,0
D7651658,985754,996480,1,1818,1799,0,0,70,90,CCW,0,S,0,0,0
D7651658,985755,996481,1,1816,1799,0,0,70,90,CCW,0,S,0,0,0
D7651658,985756,996482,1,1819,1799,0,0,70,90,CCW,0,S,0,0,0
D7651658,985757,996483,1,1818,1799,0,0,70,90,CCW,0,S,0,0,0
D7651658,985758,996484,1,1814,1799,0,0,70,90,CCW,0,S,0,0,0
D7651658,985759,996485,1,1817,1799,0,0,70,90,CCW,0,S,0,0,0
D7651658,985760,996486,1,1824,1799,0,0,70,90,CCW,0,S,0,0,0
D7651658,985761,996487,1,1818,1799,0,0,70,90,CCW,0,S,0,0,0
D7651658,985762,996488,1,1819,1799,0,0,70,90,CCW,0,S,0,0,0
D7651658,985763,996489,1,1819,1799,0,0,70,90,CCW,0,S,0,0,0
D7651658,985764,996490,1,1820,1799,0,0,70,90,CCW,0,S,0,0,0
D7651658,985765,996491,1,1819,1799,0,0,70,90,CCW,0,S,0,0,0
D7651658,985766,996492,1,1819,1799,0,0,70,90,CCW,0,S,0,0,0
D7651658,985767,996493,1,1821,1799,0,0,70,90,CCW,0,S,0,0,0
D7651658,985768,996494,1,1818,1799,0,0,70,90,CCW,0,S,0,0,0
D7651658,985769,996495,1,1817,1799,0,0,70,90,CCW,0,S,0,0,0
D7651658,985770,996496,1,1817,1799,0,0,70,90,CCW,0,S,0,0,0
D7651658,985771,996497,1,1822,1799,0,0,70,90,CCW,0,S,0,0,0
D7651658,985772,996498,1,1821,1799,0,0,70,90,CCW,0,S,0,0,0
D7651658,985773,996499,1,1821,1799,0,0,70,90,CCW,0,S,0,0,0
D7651658,985774,996500,1,1819,1799,0,0,70,90,CCW,0,S,0,0,0
D7651658,985775,996501,1,1819,1799,0,0,70,90,CCW,0,S,0,0,0
D7651658,985776,996502,1,1821,1799,0,0,70,90,CCW,0,S,0,0,0
D7651658,985777,996503,1,1821,1799,0,0,70,90,CCW,0,S,0,0,0
D7651658,985778,996504,1,1821,1799,0,0,70,90,CCW,0,S,0,0,0
D7651658,985779,996505,1,1820,1799,0,0,70,90,CCW,0,S,0,0,0
D7651658,985780,996506,1,1820,1799,0,0,70,90,CCW,0,S,0,0,0
D7651658,985781,996507,1,1821,1799,0,0,70,90,CCW,0,S,0,0,0
D7651658,985782,996508,1,1821,1799,0,0,70,90,CCW,0,S,0,0,0
D7651658,985783,996509,1,1817,1799,0,0,71,90,CCW,0,S,0,0,0
D7651658,985784,996510,1,1818,1799,0,0,71,90,CCW,0,S,0,0,0
D7651658,985785,996511,1,1821,1799,0,0,71,90,CCW,0,S,0,0,0
D7651658,985786,996512,1,1819,1799,0,0,71,90,CCW,0,S,0,0,0
D7651658,985787,996513,1,1820,1799,0,0,71,90,CCW,0,S,0,0,0
D7651658,985788,996514,1,1818,1799,0,0,71,90,CCW,0,S,0,0,0
D7651658,985789,996515,1,1820,1799,0,0,71,90,CCW,0,S,0,0,0
D7651658,985790,996516,1,1820,1799,0,0,71,90,CCW,0,S,0,0,0
D7651658,985791,996517,1,1820,1799,0,0,71,90,CCW,0,S,0,0,0
D7651658,985792,996518,1,1819,1799,0,0,71,90,CCW,0,S,0,0,0
D7651658,985793,996519,1,1820,1799,0,0,71,90,CCW,0,S,0,0,0
D7651658,985794,996520,1,1822,1799,0,0,71,90,CCW,0,S,0,0,0
D7651658,985795,996521,1,1818,1799,0,0,71,90,CCW,0,S,0,0,0
D7651658,985796,996522,1,1820,1799,0,0,71,90,CCW,0,S,0,0,0
D7651658,985797,996523,1,1819,1799,0,0,71,90,CCW,0,S,0,0,0
D7651658,985798,996524,1,1820,1799,0,0,71,90,CCW,0,S,0,0,0
D7651658,985799,996525,1,1819,1799,0,0,71,90,CCW,0,S,0,0,0
D7651658,985800,996526,1,1817,1799,0,0,71,90,CCW,0,S,0,0,0
D7651658,985801,996527,1,1819,1799,0,0,71,90,CCW,0,S,0,0,0
D7651658,985802,996528,1,1817,1799,0,0,71,90,CCW,0,S,0,0,0
D7651658,985803,996529,1,1810,1799,0,0,71,90,CCW,0,S,0,0,0
D7651658,985804,996530,1,1799,1799,0,0,71,90,CCW,0,S,0,0,0
D7651658,985805,996531,1,1814,1799,0,0,71,90,CCW,0,S,0,0,0
D7651658,985806,996532,1,1817,1799,0,0,71,90,CCW,0,S,0,0,0
D7651658,985807,996533,1,1816,1799,0,0,71,90,CCW,0,S,0,0,0
D7651658,985808,996534,1,1816,1799,0,0,71,90,CCW,0,S,0,0,0
D7651658,985809,996535,1,1817,1799,0,0,71,90,CCW,0,S,0,0,0
D7651658,985810,996536,1,1813,1799,0,0,71,90,CCW,0,S,0,0,0
D7651658,985811,996537,1,1812,1799,0,0,71,90,CCW,0,S,0,0,0
D7651658,985812,996538,1,1809,1799,0,0,71,90,CCW,0,S,0,0,0
D7651658,985813,996539,1,1812,1799,0,0,71,90,CCW,0,S,0,0,0
D7651658,985814,996540,1,1810,1799,0,0,71,90,CCW,0,S,0,0,0
D7651658,985815,996541,1,1810,1799,0,0,71,90,CCW,0,S,0,0,0
D7651658,985816,996542,1,1808,1799,0,0,71,90,CCW,0,S,0,0,0
D7651658,985817,996543,1,1809,1799,0,0,71,90,CCW,0,S,0,0,0
D7651658,985818,996544,1,1809,1799,0,0,71,90,CCW,0,S,0,0,0
D7651658,985819,996545,1,1808,1799,0,0,71,90,CCW,0,S,0,0,0
D7651658,985820,996546,1,1805,1799,0,0,71,90,CCW,0,S,0,0,0
D7651658,985821,996547,1,1807,1799,0,0,71,90,CCW,0,S,0,0,0
D7651658,985822,996548,1,1806,1799,0,0,71,90,CCW,0,S,0,0,0
D7651658,985823,996549,1,1804,1799,0,0,71,90,CCW,0,S,0,0,0
D7651658,985824,996550,1,1804,1799,0,0,71,90,CCW,0,S,0,0,0
D7651658,985825,996551,1,1803,1799,0,0,71,90,CCW,0,S,0,0,0
D7651658,985826,996552,1,1800,1799,0,0,71,90,CCW,0,S,0,0,0
D7651658,985827,996553,1,1798,1799,0,0,71,90,CCW,0,S,0,0,0
D7651658,985828,996554,1,1797,1799,0,0,71,90,CCW,0,S,0,0,0
D7651658,985829,996555,1,1796,1799,0,0,71,90,CCW,0,S,0,0,0
D7651658,985830,996556,1,1795,1799,0,0,71,90,CCW,0,S,0,0,0
D7651658,985831,996557,1,1793,1799,0,0,71,90,CCW,0,S,0,0,0
D7651658,985832,996558,1,1791,1799,0,0,71,90,CCW,0,S,0,0,0
D7651658,985833,996559,1,1790,1799,0,0,71,90,CCW,0,S,0,0,0
D7651658,985834,996560,1,1788,1799,0,0,71,90,CCW,0,S,0,0,0
D7651658,985835,996561,1,1784,1799,0,0,71,90,CCW,0,S,0,0,0
D7651658,985836,996562,1,1787,1799,0,0,71,90,CCW,0,S,0,0,0
D7651658,985837,996563,1,1781,1799,0,0,71,90,CCW,0,S,0,0,0
D7651658,985838,996564,1,1779,1799,0,0,71,90,CCW,0,S,0,0,0
D7651658,985839,996565,1,1777,1799,0,0,71,90,CCW,0,S,0,0,0
D7651658,985840,996566,1,1781,1799,0,0,71,90,CCW,0,S,0,0,0
D7651658,985841,996567,1,1775,1799,0,0,71,90,CCW,0,S,0,0,0
D7651658,985842,996568,1,1769,1799,0,0,71,90,CCW,0,S,0,0,0
D7651658,985843,996569,1,1770,1799,0,0,71,90,CCW,0,S,0,0,0
D7651658,985844,996570,1,1768,1799,0,0,71,90,CCW,0,S,0,0,0
D7651658,985845,996571,1,1764,1799,0,0,71,90,CCW,0,S,0,0,0
D7651658,985846,996572,1,1761,1799,0,38,71,90,CCW,1,S,0,0,0
D7651658,985847,996573,1,1759,1799,0,40,71,90,CCW,1,S,0,0,0
D7651658,985848,996574,1,1754,1799,0,45,71,90,CCW,1,S,0,0,0
D7651658,985849,996575,1,1751,1799,0,48,71,90,CCW,1,S,0,0,0
D7651658,985850,996576,1,1747,1799,0,52,71,90,CCW,1,S,0,0,0
D7651658,985851,996577,1,1746,1799,0,53,71,90,CCW,1,S,0,0,0
D7651658,985852,996579,2,1741,1799,0,58,71,90,CCW,1,S,0,1,1
D7651658,985853,996580,1,1739,1799,0,60,71,90,CCW,1,S,0,0,0
D7651658,985854,996581,1,1738,1799,0,61,71,90,CCW,1,S,0,0,0
D7651658,985855,996582,1,1733,1799,0,66,71,90,CCW,1,S,0,0,0
D7651658,985856,996583,1,1729,1799,0,70,71,90,CCW,1,S,0,0,0
D7651658,985857,996584,1,1728,1799,0,71,71,90,CCW,1,S,0,0,0
D7651658,985858,996585,1,1720,1799,0,79,71,90,CCW,1,S,0,0,0
D7651658,985859,996586,1,1719,1799,0,80,71,90,CCW,1,S,0,0,0
D7651658,985860,996587,1,1716,1799,0,83,71,90,CCW,1,S,0,0,0
D7651658,985861,996588,1,1713,1799,0,86,71,90,CCW,1,S,0,0,0
D7651658,985862,996589,1,1710,1799,0,89,71,90,CCW,1,S,0,0,0
D7651658,985863,996590,1,1708,1799,0,91,71,90,CCW,1,S,0,0,0
D7651658,985864,996591,1,1704,1799,0,95,71,90,CCW,1,S,0,0,0
D7651658,985865,996592,1,1699,1799,0,100,71,90,CCW,1,S,0,0,0
D7651658,985866,996593,1,1695,1799,0,104,71,90,CCW,1,S,0,0,0
D7651658,985867,996594,1,1692,1799,0,107,71,90,CCW,1,S,0,0,0
D7651658,985868,996595,1,1688,1799,0,111,71,90,CCW,1,S,0,0,0
D7651658,985869,996596,1,1685,1799,0,114,71,90,CCW,1,S,0,0,0
D7651658,985870,996597,1,1681,1799,0,118,71,90,CCW,1,S,0,0,0
D7651658,985871,996598,1,1679,1799,0,120,71,90,CCW,1,S,0,0,0
D7651658,985872,996599,1,1675,1799,0,124,71,90,CCW,1,S,0,0,0
D7651658,985873,996600,1,1671,1799,0,128,71,90,CCW,1,S,0,0,0
D7651658,985874,996601,1,1668,1799,0,131,71,90,CCW,1,S,0,0,0
D7651658,985875,996602,1,1665,1799,0,134,71,90,CCW,1,S,0,0,0
D7651658,985876,996603,1,1661,1799,0,138,71,90,CCW,1,S,0,0,0
D7651658,985877,996604,1,1657,1799,0,142,71,90,CCW,1,S,0,0,0
D7651658,985878,996605,1,1651,1799,0,148,71,90,CCW,1,S,0,0,0
D7651658,985879,996606,1,1651,1799,0,148,71,90,CCW,1,S,0,0,0
D7651658,985880,996607,1,1647,1799,0,152,71,90,CCW,1,S,0,0,0
D7651658,985881,996608,1,1645,1799,0,154,71,90,CCW,1,S,0,0,0
D7651658,985882,996609,1,1641,1799,0,158,71,90,CCW,1,S,0,0,0
D7651658,985883,996610,1,1637,1799,0,162,71,90,CCW,1,S,0,0,0
D7651658,985884,996611,1,1633,1799,0,166,71,90,CCW,1,S,0,0,0
D7651658,985885,996612,1,1628,1799,0,171,71,90,CCW,1,S,0,0,0
D7651658,985886,996613,1,1626,1799,0,173,71,90,CCW,1,S,0,0,0
D7651658,985887,996614,1,1622,1799,0,177,71,90,CCW,1,S,0,0,0
D7651658,985888,996615,1,1619,1799,0,180,71,90,CCW,1,S,0,0,0
D7651658,985889,996616,1,1617,1799,0,182,71,90,CCW,1,S,0,0,0
D7651658,985890,996617,1,1615,1799,0,184,71,90,CCW,1,S,0,0,0
D7651658,985891,996618,1,1612,1799,0,187,71,90,CCW,1,S,0,0,0
D7651658,985892,996619,1,1607,1799,0,192,71,90,CCW,1,S,0,0,0
D7651658,985893,996620,1,1605,1799,0,194,71,90,CCW,1,S,0,0,0
D7651658,985894,996621,1,1608,1799,0,194,71,90,CCW,1,S,0,0,0
D7651658,985895,996622,1,1599,1799,0,200,71,90,CCW,1,S,0,0,0
D7651658,985896,996623,1,1599,1799,0,200,71,90,CCW,1,S,0,0,0
D7651658,985897,996624,1,1595,1799,0,204,71,90,CCW,1,S,0,0,0
D7651658,985898,996625,1,1592,1799,0,207,71,90,CCW,1,S,0,0,0
D7651658,985899,996626,1,1587,1799,0,212,71,90,CCW,1,S,0,0,0
D7651658,985900,996627,1,1586,1799,0,213,71,90,CCW,1,S,0,0,0
D7651658,985901,996628,1,1583,1799,0,216,71,90,CCW,1,S,0,0,0
D7651658,985902,996629,1,1583,1799,0,216,71,90,CCW,1,S,0,0,0
D7651658,985903,996630,1,1580,1799,0,219,71,90,CCW,1,S,0,0,0
D7651658,985904,996631,1,1578,1799,0,221,71,90,CCW,1,S,0,0,0
D7651658,985905,996632,1,1592,1799,0,221,71,90,CCW,1,S,0,0,0
D7651658,985906,996633,1,1571,1799,0,228,71,90,CCW,1,S,0,0,0
D7651658,985907,996634,1,1569,1799,0,230,71,90,CCW,1,S,0,0,0
D7651658,985908,996635,1,1567,1799,0,232,71,90,CCW,1,S,0,0,0
D7651658,985909,996636,1,1565,1799,0,234,71,90,CCW,1,S,0,0,0
D7651658,985910,996637,1,1573,1799,0,234,71,90,CCW,1,S,0,0,0
D7651658,985911,996638,1,1559,1799,0,240,71,90,CCW,1,S,0,0,0
D7651658,985912,996639,1,1557,1799,0,242,71,90,CCW,1,S,0,0,0
D7651658,985913,996640,1,1552,1799,0,247,71,90,CCW,1,S,0,0,0
D7651658,985914,996641,1,1543,1799,0,256,71,90,CCW,1,S,0,0,0
D7651658,985915,996642,1,1535,1799,0,264,71,90,CCW,1,S,0,0,0
D7651658,985916,996643,1,1535,1799,0,264,71,90,CCW,1,S,0,0,0
D7651658,985917,996644,1,1535,1799,0,264,71,90,CCW,1,S,0,0,0
D7651658,985918,996645,1,1535,1799,0,264,71,90,CCW,1,S,0,0,0
D7651658,985919,996646,1,1535,1799,0,264,71,90,CCW,1,S,0,0,0
D7651658,985920,996647,1,1535,1799,0,264,71,90,CCW,1,S,0,0,0
D7651658,985921,996648,1,1554,1799,0,264,71,90,CCW,1,S,0,0,0
D7651658,985922,996649,1,1534,1799,0,265,71,90,CCW,1,S,0,0,0
D7651658,985923,996650,1,1534,1799,0,265,71,90,CCW,1,S,0,0,0
D7651658,985924,996651,1,1533,1799,0,266,71,90,CCW,1,S,0,0,0
D7651658,985925,996652,1,1530,1799,0,269,71,90,CCW,1,S,0,0,0
D7651658,985926,996653,1,1532,1799,0,269,71,90,CCW,1,S,0,0,0
D7651658,985927,996654,1,1540,1799,0,269,71,90,CCW,1,S,0,0,0
D7651658,985928,996655,1,1525,1799,0,274,71,90,CCW,1,S,0,0,0
D7651658,985929,996656,1,1527,1799,0,274,71,90,CCW,1,S,0,0,0
D7651658,985930,996657,1,1524,1799,0,275,71,90,CCW,1,S,0,0,0
D7651658,985931,996658,1,1523,1799,0,276,71,90,CCW,1,S,0,0,0
D7651658,985932,996659,1,1522,1799,0,277,72,90,CCW,1,S,0,0,0
D7651658,985933,996660,1,1517,1799,0,282,72,90,CCW,1,S,0,0,0
D7651658,985934,996661,1,1521,1799,0,282,72,90,CCW,1,S,0,0,0
D7651658,985935,996662,1,1521,1799,0,282,72,90,CCW,1,S,0,0,0
D7651658,985936,996663,1,1520,1799,0,282,72,90,CCW,1,S,0,0,0
D7651658,985937,996664,1,1520,1799,0,282,72,90,CCW,1,S,0,0,0
D7651658,985938,996665,1,1517,1799,0,282,72,90,CCW,1,S,0,0,0
D7651658,985939,996666,1,1519,1799,0,282,72,90,CCW,1,S,0,0,0
D7651658,985940,996667,1,1518,1799,0,282,72,90,CCW,1,S,0,0,0
D7651658,985941,996668,1,1518,1799,0,282,72,90,CCW,1,S,0,0,0
D7651658,985942,996669,1,1516,1799,0,283,72,90,CCW,1,S,0,0,0
D7651658,985943,996670,1,1513,1799,0,286,72,90,CCW,1,S,0,0,0
D7651658,985944,996671,1,1517,1799,0,286,72,90,CCW,1,S,0,0,0
D7651658,985945,996672,1,1517,1799,0,286,72,90,CCW,1,S,0,0,0
D7651658,985946,996673,1,1515,1799,0,286,72,90,CCW,1,S,0,0,0
D7651658,985947,996674,1,1517,1799,0,286,72,90,CCW,1,S,0,0,0
D7651658,985948,996675,1,1515,1799,0,286,72,90,CCW,1,S,0,0,0
D7651658,985949,996676,1,1514,1799,0,286,72,90,CCW,1,S,0,0,0
D7651658,985950,996677,1,1514,1799,0,286,72,90,CCW,1,S,0,0,0
D7651658,985951,996678,1,1516,1799,0,286,72,90,CCW,1,S,0,0,0
D7651658,985952,996679,1,1514,1799,0,286,72,90,CCW,1,S,0,0,0
D7651658,985953,996680,1,1515,1799,0,286,72,90,CCW,1,S,0,0,0
D7651658,985954,996681,1,1513,1799,0,286,72,90,CCW,1,S,0,0,0
D7651658,985955,996682,1,1515,1799,0,286,72,90,CCW,1,S,0,0,0
D7651658,985956,996683,1,1516,1799,0,286,72,90,CCW,1,S,0,0,0
D7651658,985957,996684,1,1516,1799,0,286,72,90,CCW,1,S,0,0,0
D7651658,985958,996685,1,1514,1799,0,286,72,90,CCW,1,S,0,0,0
D7651658,985959,996686,1,1516,1799,0,286,72,90,CCW,1,S,0,0,0
D7651658,985960,996687,1,1534,1799,0,286,72,90,CCW,1,S,0,0,0
D7651658,985961,996688,1,1514,1799,0,286,72,90,CCW,1,S,0,0,0
D7651658,985962,996689,1,1519,1799,0,286,72,90,CCW,1,S,0,0,0
D7651658,985963,996690,1,1518,1799,0,286,72,90,CCW,1,S,0,0,0
D7651658,985964,996691,1,1519,1799,0,286,72,90,CCW,1,S,0,0,0
D7651658,985965,996692,1,1520,1799,0,286,72,90,CCW,1,S,0,0,0
D7651658,985966,996693,1,1521,1799,0,286,72,90,CCW,1,S,0,0,0
D7651658,985967,996694,1,1522,1799,0,286,72,90,CCW,1,S,0,0,0
D7651658,985968,996695,1,1518,1799,0,286,72,90,CCW,1,S,0,0,0
D7651658,985969,996696,1,1524,1799,0,286,72,90,CCW,1,S,0,0,0
D7651658,985970,996697,1,1526,1799,0,286,72,90,CCW,1,S,0,0,0
D7651658,985971,996698,1,1527,1799,0,286,72,90,CCW,1,S,0,0,0
D7651658,985972,996699,1,1530,1799,0,286,72,90,CCW,1,S,0,0,0
D7651658,985973,996700,1,1530,1799,0,286,72,90,CCW,1,S,0,0,0
D7651658,985974,996701,1,1534,1799,0,286,72,90,CCW,1,S,0,0,0
D7651658,985975,996702,1,1533,1799,0,286,72,90,CCW,1,S,0,0,0
D7651658,985976,996703,1,1534,1799,0,286,72,90,CCW,1,S,0,0,0
D7651658,985977,996704,1,1535,1799,0,286,72,90,CCW,1,S,0,0,0
D7651658,985978,996705,1,1535,1799,0,286,72,90,CCW,1,S,0,0,0
D7651658,985979,996706,1,1535,1799,0,286,72,90,CCW,1,S,0,0,0
D7651658,985980,996707,1,1535,1799,0,286,72,90,CCW,1,S,0,0,0
D7651658,985981,996708,1,1535,1799,0,286,72,90,CCW,1,S,0,0,0
D7651658,985982,996709,1,1537,1799,0,286,72,90,CCW,1,S,0,0,0
D7651658,985983,996710,1,1540,1799,0,286,72,90,CCW,1,S,0,0,0
D7651658,985984,996711,1,1553,1799,0,286,72,90,CCW,1,S,0,0,0
D7651658,985985,996712,1,1558,1799,0,286,72,90,CCW,1,S,0,0,0
D7651658,985986,996713,1,1562,1799,0,286,72,90,CCW,1,S,0,0,0
D7651658,985987,996714,1,1559,1799,0,286,72,90,CCW,1,S,0,0,0
D7651658,985988,996715,1,1566,1799,0,286,72,90,CCW,1,S,0,0,0
D7651658,985989,996716,1,1571,1799,0,286,72,90,CCW,1,S,0,0,0
D7651658,985990,996717,1,1574,1799,0,286,72,90,CCW,1,S,0,0,0
D7651658,985991,996718,1,1576,1799,0,286,72,90,CCW,1,S,0,0,0
D7651658,985992,996719,1,1581,1799,0,286,72,90,CCW,1,S,0,0,0
D7651658,985993,996720,1,1583,1799,0,286,72,90,CCW,1,S,0,0,0
D7651658,985994,996721,1,1585,1799,0,286,72,90,CCW,1,S,0,0,0
D7651658,985995,996722,1,1588,1799,0,286,72,90,CCW,1,S,0,0,0
D7651658,985996,996723,1,1592,1799,0,286,72,90,CCW,1,S,0,0,0
D7651658,985997,996724,1,1597,1799,0,286,72,90,CCW,1,S,0,0,0
D7651658,985998,996725,1,1600,1799,0,286,72,90,CCW,1,S,0,0,0
D7651658,985999,996726,1,1593,1799,0,286,72,90,CCW,1,S,0,0,0
D7651658,986000,996727,1,1605,1799,0,286,72,90,CCW,1,S,0,0,0
D7651658,986001,996728,1,1610,1799,0,286,72,90,CCW,1,S,0,0,0
D7651658,986002,996729,1,1612,1799,0,286,72,90,CCW,1,S,0,0,0
D7651658,986003,996730,1,1617,1799,0,286,72,90,CCW,1,S,0,0,0
D7651658,986004,996731,1,1617,1799,0,286,72,90,CCW,1,S,0,0,0
D7651658,986005,996732,1,1622,1799,0,286,72,90,CCW,1,S,0,0,0
D7651658,986006,996733,1,1626,1799,0,286,72,90,CCW,1,S,0,0,0
D7651658,986007,996734,1,1629,1799,0,286,72,90,CCW,1,S,0,0,0
D7651658,986008,996735,1,1634,1799,0,286,72,90,CCW,1,S,0,0,0
D7651658,986009,996736,1,1640,1799,0,286,72,90,CCW,1,S,0,0,0
D7651658,986010,996737,1,1644,1799,0,286,72,90,CCW,1,S,0,0,0
D7651658,986011,996738,1,1645,1799,0,286,72,90,CCW,1,S,0,0,0
D7651658,986012,996739,1,1649,1799,0,286,72,90,CCW,1,S,0,0,0
D7651658,986013,996740,1,1651,1799,0,286,72,90,CCW,1,S,0,0,0
D7651658,986014,996741,1,1654,1799,0,286,72,90,CCW,1,S,0,0,0
D7651658,986015,996742,1,1659,1799,0,286,72,90,CCW,1,S,0,0,0
D7651658,986016,996743,1,1665,1799,0,286,72,90,CCW,1,S,0,0,0
D7651658,986017,996744,1,1667,1799,0,286,72,90,CCW,1,S,0,0,0
D7651658,986018,996745,1,1670,1799,0,286,72,90,CCW,1,S,0,0,0
D7651658,986019,996746,1,1676,1799,0,286,72,90,CCW,1,S,0,0,0
D7651658,986020,996747,1,1679,1799,0,286,72,90,CCW,1,S,0,0,0
D7651658,986021,996748,1,1680,1799,0,286,72,90,CCW,1,S,0,0,0
D7651658,986022,996749,1,1684,1799,0,286,72,90,CCW,1,S,0,0,0
D7651658,986023,996750,1,1686,1799,0,286,72,90,CCW,1,S,0,0,0
D7651658,986024,996751,1,1692,1799,0,286,72,90,CCW,1,S,0,0,0
D7651658,986025,996752,1,1697,1799,0,286,72,90,CCW,1,S,0,0,0
D7651658,986026,996753,1,1698,1799,0,286,72,90,CCW,1,S,0,0,0
D7651658,986027,996754,1,1700,1799,0,286,72,90,CCW,1,S,0,0,0
D7651658,986028,996755,1,1706,1799,0,286,72,90,CCW,1,S,0,0,0
D7651658,986029,996756,1,1711,1799,0,286,72,90,CCW,1,S,0,0,0
D7651658,986030,996757,1,1713,1799,0,286,72,90,CCW,1,S,0,0,0
D7651658,986031,996759,2,1717,1799,0,286,72,90,CCW,1,S,0,1,1
D7651658,986032,996760,1,1722,1799,0,286,72,90,CCW,1,S,0,0,0
D7651658,986033,996761,1,1725,1799,0,286,72,90,CCW,1,S,0,0,0
D7651658,986034,996762,1,1726,1799,0,286,72,90,CCW,1,S,0,0,0
D7651658,986035,996763,1,1730,1799,0,286,72,90,CCW,1,S,0,0,0
D7651658,986036,996764,1,1731,1799,0,286,72,90,CCW,1,S,0,0,0
D7651658,986037,996765,1,1734,1799,0,286,72,90,CCW,1,S,0,0,0
D7651658,986038,996766,1,1738,1799,0,286,72,90,CCW,1,S,0,0,0
D7651658,986039,996767,1,1741,1799,0,286,72,90,CCW,1,S,0,0,0
D7651658,986040,996768,1,1743,1799,0,286,72,90,CCW,1,S,0,0,0
D7651658,986041,996769,1,1746,1799,0,286,72,90,CCW,1,S,0,0,0
D7651658,986042,996770,1,1746,1799,0,286,72,90,CCW,1,S,0,0,0
D7651658,986043,996771,1,1747,1799,0,286,72,90,CCW,1,S,0,0,0
D7651658,986044,996772,1,1752,1799,0,286,72,90,CCW,1,S,0,0,0
D7651658,986045,996773,1,1753,1799,0,286,72,90,CCW,1,S,0,0,0
D7651658,986046,996774,1,1756,1799,0,286,72,90,CCW,1,S,0,0,0
D7651658,986047,996775,1,1758,1799,0,286,72,90,CCW,1,S,0,0,0
D7651658,986048,996776,1,1760,1799,0,286,72,90,CCW,1,S,0,0,0
D7651658,986049,996777,1,1760,1799,0,286,72,90,CCW,1,S,0,0,0
D7651658,986050,996778,1,1764,1799,0,286,72,90,CCW,1,S,0,0,0
D7651658,986051,996779,1,1765,1799,0,286,72,90,CCW,1,S,0,0,0
D7651658,986052,996780,1,1777,1799,0,286,72,90,CCW,1,S,0,0,0
D7651658,986053,996781,1,1770,1799,0,286,72,90,CCW,1,S,0,0,0
D7651658,986054,996782,1,1773,1799,0,286,72,90,CCW,1,S,0,0,0
D7651658,986055,996783,1,1773,1799,0,286,72,90,CCW,1,S,0,0,0
D7651658,986056,996784,1,1778,1799,0,286,72,90,CCW,1,S,0,0,0
D7651658,986057,996785,1,1776,1799,0,286,72,90,CCW,1,S,0,0,0
D7651658,986058,996786,1,1776,1799,0,286,72,90,CCW,1,S,0,0,0
D7651658,986059,996787,1,1776,1799,0,286,72,90,CCW,1,S,0,0,0
D7651658,986060,996788,1,1778,1799,0,286,72,90,CCW,1,S,0,0,0
D7651658,986061,996789,1,1778,1799,0,286,72,90,CCW,1,S,0,0,0
D7651658,986062,996790,1,1780,1799,0,286,72,90,CCW,1,S,0,0,0
D7651658,986063,996791,1,1783,1799,0,286,72,90,CCW,1,S,0,0,0
D7651658,986064,996792,1,1782,1799,0,286,72,90,CCW,1,S,0,0,0
D7651658,986065,996793,1,1783,1799,0,286,72,90,CCW,1,S,0,0,0
D7651658,986066,996794,1,1785,1799,0,286,72,90,CCW,1,S,0,0,0
D7651658,986067,996795,1,1786,1799,0,286,72,90,CCW,1,S,0,0,0
D7651658,986068,996796,1,1788,1799,0,286,72,90,CCW,1,S,0,0,0
D7651658,986069,996797,1,1787,1799,0,286,72,90,CCW,1,S,0,0,0
D7651658,986070,996798,1,1789,1799,0,286,72,90,CCW,1,S,0,0,0
D7651658,986071,996799,1,1788,1799,0,286,72,90,CCW,1,S,0,0,0
D7651658,986072,996800,1,1791,1799,0,286,72,90,CCW,1,S,0,0,0
D7651658,986073,996801,1,1790,1799,0,286,72,90,CCW,1,S,0,0,0
D7651658,986074,996802,1,1791,1799,0,286,72,90,CCW,1,S,0,0,0
D7651658,986075,996803,1,1791,1799,0,286,72,90,CCW,1,S,0,0,0
D7651658,986076,996804,1,1794,1799,0,0,72,90,CCW,0,S,0,0,0
D7651658,986077,996805,1,1795,1799,0,0,72,90,CCW,0,S,0,0,0
D7651658,986078,996806,1,1794,1799,0,0,72,90,CCW,0,S,0,0,0
D7651658,986079,996807,1,1794,1799,0,0,72,90,CCW,0,S,0,0,0
D7651658,986080,996808,1,1796,1799,0,0,72,90,CCW,0,S,0,0,0
D7651658,986081,996809,1,1794,1799,0,0,72,90,CCW,0,S,0,0,0
D7651658,986082,996810,1,1797,1799,0,0,72,90,CCW,0,S,0,0,0
D7651658,986083,996811,1,1796,1799,0,0,72,90,CCW,0,S,0,0,0
D7651658,986084,996812,1,1798,1799,0,0,72,90,CCW,0,S,0,0,0
D7651658,986085,996814,2,1797,1799,0,0,72,90,CCW,0,S,0,1,1
D7651658,986086,996815,1,1799,1799,0,0,72,90,CCW,0,S,0,0,0
D7651658,986087,996816,1,1799,1799,0,0,72,90,CCW,0,S,0,0,0
D7651658,986088,996817,1,1800,1799,0,0,72,90,CCW,0,S,0,0,0
D7651658,986089,996818,1,1800,1799,0,0,72,90,CCW,0,S,0,0,0
D7651658,986090,996819,1,1801,1799,0,0,72,90,CCW,0,S,0,0,0
D7651658,986091,996820,1,1800,1799,0,0,72,90,CCW,0,S,0,0,0
D7651658,986092,996821,1,1801,1799,0,0,72,90,CCW,0,S,0,0,0
D7651658,986093,996822,1,1802,1799,0,0,72,90,CCW,0,S,0,0,0
D7651658,986094,996823,1,1802,1799,0,0,72,90,CCW,0,S,0,0,0
D7651658,986095,996824,1,1803,1799,0,0,72,90,CCW,0,S,0,0,0
D7651658,986096,996825,1,1801,1799,0,0,72,90,CCW,0,S,0,0,0
D7651658,986097,996826,1,1803,1799,0,0,72,90,CCW,0,S,0,0,0
D7651658,986098,996827,1,1815,1799,0,0,73,90,CCW,0,S,0,0,0
D7651658,986099,996828,1,1804,1799,0,0,73,90,CCW,0,S,0,0,0
D7651658,986100,996829,1,1804,1799,0,0,73,90,CCW,0,S,0,0,0
D7651658,986101,996830,1,1803,1799,0,0,73,90,CCW,0,S,0,0,0
D7651658,986102,996831,1,1805,1799,0,0,73,90,CCW,0,S,0,0,0
D7651658,986103,996832,1,1803,1799,0,0,73,90,CCW,0,S,0,0,0
D7651658,986104,996833,1,1804,1799,0,0,73,90,CCW,0,S,0,0,0
D7651658,986105,996834,1,1811,1799,0,0,73,90,CCW,0,S,0,0,0
D7651658,986106,996835,1,1804,1799,0,0,73,90,CCW,0,S,0,0,0
D7651658,986107,996836,1,1806,1799,0,0,73,90,CCW,0,S,0,0,0
D7651658,986108,996838,2,1805,1799,0,0,73,90,CCW,0,S,0,1,1
D7651658,986109,996839,1,1805,1799,0,0,73,90,CCW,0,S,0,0,0
D7651658,986110,996840,1,1805,1799,0,0,73,90,CCW,0,S,0,0,0
D7651658,986111,996841,1,1805,1799,0,0,73,90,CCW,0,S,0,0,0
D7651658,986112,996842,1,1805,1799,0,0,73,90,CCW,0,S,0,0,0
D7651658,986113,996843,1,1807,1799,0,0,73,90,CCW,0,S,0,0,0
D7651658,986114,996844,1,1806,1799,0,0,73,90,CCW,0,S,0,0,0
D7651658,986115,996845,1,1806,1799,0,0,73,90,CCW,0,S,0,0,0
D7651658,986116,996846,1,1806,1799,0,0,73,90,CCW,0,S,0,0,0
D7651658,986117,996847,1,1805,1799,0,0,73,90,CCW,0,S,0,0,0
D7651658,986118,996848,1,1806,1799,0,0,73,90,CCW,0,S,0,0,0
D7651658,986119,996849,1,1805,1799,0,0,73,90,CCW,0,S,0,0,0
D7651658,986120,996850,1,1805,1799,0,0,73,90,CCW,0,S,0,0,0
D7651658,986121,996851,1,1806,1799,0,0,73,90,CCW,0,S,0,0,0
D7651658,986122,996852,1,1805,1799,0,0,73,90,CCW,0,S,0,0,0
D7651658,986123,996853,1,1805,1799,0,0,73,90,CCW,0,S,0,0,0
D7651658,986124,996854,1,1807,1799,0,0,73,90,CCW,0,S,0,0,0
D7651658,986125,996855,1,1817,1799,0,0,73,90,CCW,0,S,0,0,0
D7651658,986126,996856,1,1806,1799,0,0,73,90,CCW,0,S,0,0,0
D7651658,986127,996857,1,1805,1799,0,0,73,90,CCW,0,S,0,0,0
D7651658,986128,996858,1,1806,1799,0,0,73,90,CCW,0,S,0,0,0
D7651658,986129,996859,1,1805,1799,0,0,73,90,CCW,0,S,0,0,0
D7651658,986130,996861,2,1806,1799,0,0,73,90,CCW,0,S,0,1,1
D7651658,986131,996862,1,1805,1799,0,0,73,90,CCW,0,S,0,0,0
D7651658,986132,996863,1,1805,1799,0,0,73,90,CCW,0,S,0,0,0
D7651658,986133,996864,1,1805,1799,0,0,73,90,CCW,0,S,0,0,0
D7651658,986134,996865,1,1806,1799,0,0,73,90,CCW,0,S,0,0,0
D7651658,986135,996866,1,1807,1799,0,0,73,90,CCW,0,S,0,0,0
D7651658,986136,996867,1,1805,1799,0,0,73,90,CCW,0,S,0,0,0
D7651658,986137,996868,1,1806,1799,0,0,73,90,CCW,0,S,0,0,0
D7651658,986138,996869,1,1804,1799,0,0,73,90,CCW,0,S,0,0,0
D7651658,986139,996870,1,1806,1799,0,0,73,90,CCW,0,S,0,0,0
D7651658,986140,996871,1,1807,1799,0,0,73,90,CCW,0,S,0,0,0
D7651658,986141,996872,1,1806,1799,0,0,73,90,CCW,0,S,0,0,0
D7651658,986142,996873,1,1807,1799,0,0,73,90,CCW,0,S,0,0,0
D7651658,986143,996874,1,1807,1799,0,0,73,90,CCW,0,S,0,0,0
D7651658,986144,996875,1,1806,1799,0,0,73,90,CCW,0,S,0,0,0
D7651658,986145,996876,1,1807,1799,0,0,73,90,CCW,0,S,0,0,0
D7651658,986146,996877,1,1805,1799,0,0,73,90,CCW,0,S,0,0,0
D7651658,986147,996878,1,1806,1799,0,0,73,90,CCW,0,S,0,0,0
D7651658,986148,996879,1,1807,1799,0,0,73,90,CCW,0,S,0,0,0
D7651658,986149,996880,1,1806,1799,0,0,73,90,CCW,0,S,0,0,0
D7651658,986150,996881,1,1806,1799,0,0,73,90,CCW,0,S,0,0,0
D7651658,986151,996882,1,1805,1799,0,0,73,90,CCW,0,S,0,0,0
D7651658,986152,996883,1,1823,1799,0,0,73,90,CCW,0,S,0,0,0
D7651658,986153,996884,1,1806,1799,0,0,73,90,CCW,0,S,0,0,0
D7651658,986154,996885,1,1805,1799,0,0,73,90,CCW,0,S,0,0,0
D7651658,986155,996886,1,1806,1799,0,0,73,90,CCW,0,S,0,0,0
D7651658,986156,996887,1,1805,1799,0,0,73,90,CCW,0,S,0,0,0
D7651658,986157,996888,1,1805,1799,0,0,73,90,CCW,0,S,0,0,0
D7651658,986158,996889,1,1805,1799,0,0,73,90,CCW,0,S,0,0,0
D7651658,986159,996890,1,1806,1799,0,0,73,90,CCW,0,S,0,0,0
D7651658,986160,996891,1,1805,1799,0,0,73,90,CCW,0,S,0,0,0
D7651658,986161,996892,1,1807,1799,0,0,73,90,CCW,0,S,0,0,0
D7651658,986162,996893,1,1806,1799,0,0,73,90,CCW,0,S,0,0,0
D7651658,986163,996894,1,1805,1799,0,0,73,90,CCW,0,S,0,0,0
D7651658,986164,996895,1,1805,1799,0,0,73,90,CCW,0,S,0,0,0
D7651658,986165,996896,1,1807,1799,0,0,73,90,CCW,0,S,0,0,0
D7651658,986166,996897,1,1790,1799,0,0,73,90,CCW,0,S,0,0,0
D7651658,986167,996898,1,1806,1799,0,0,73,90,CCW,0,S,0,0,0
D7651658,986168,996899,1,1806,1799,0,0,73,90,CCW,0,S,0,0,0
D7651658,986169,996900,1,1804,1799,0,0,73,90,CCW,0,S,0,0,0
D7651658,986170,996901,1,1806,1799,0,0,73,90,CCW,0,S,0,0,0
D7651658,986171,996902,1,1806,1799,0,0,73,90,CCW,0,S,0,0,0
D7651658,986172,996903,1,1806,1799,0,0,73,90,CCW,0,S,0,0,0
D7651658,986173,996904,1,1804,1799,0,0,73,90,CCW,0,S,0,0,0
D7651658,986174,996905,1,1805,1799,0,0,73,90,CCW,0,S,0,0,0
D7651658,986175,996906,1,1805,1799,0,0,73,90,CCW,0,S,0,0,0
D7651658,986176,996907,1,1805,1799,0,0,73,90,CCW,0,S,0,0,0
D7651658,986177,996908,1,1804,1799,0,0,73,90,CCW,0,S,0,0,0
D7651658,986178,996909,1,1806,1799,0,0,73,90,CCW,0,S,0,0,0
D7651658,986179,996910,1,1807,1799,0,0,73,90,CCW,0,S,0,0,0
D7651658,986180,996911,1,1806,1799,0,0,73,90,CCW,0,S,0,0,0
D7651658,986181,996912,1,1805,1799,0,0,73,90,CCW,0,S,0,0,0
D7651658,986182,996913,1,1805,1799,0,0,73,90,CCW,0,S,0,0,0
D7651658,986183,996914,1,1806,1799,0,0,73,90,CCW,0,S,0,0,0
D7651658,986184,996915,1,1805,1799,0,0,73,90,CCW,0,S,0,0,0
D7651658,986185,996916,1,1805,1799,0,0,73,90,CCW,0,S,0,0,0
D7651658,986186,996917,1,1805,1799,0,0,73,90,CCW,0,S,0,0,0
D7651658,986187,996918,1,1805,1799,0,0,73,90,CCW,0,S,0,0,0
D7651658,986188,996919,1,1801,1799,0,0,73,90,CCW,0,S,0,0,0
D7651658,986189,996920,1,1806,1799,0,0,73,90,CCW,0,S,0,0,0
D7651658,986190,996921,1,1805,1799,0,0,73,90,CCW,0,S,0,0,0
D7651658,986191,996922,1,1804,1799,0,0,73,90,CCW,0,S,0,0,0
D7651658,986192,996923,1,1806,1799,0,0,73,90,CCW,0,S,0,0,0
D7651658,986193,996924,1,1805,1799,0,0,73,90,CCW,0,S,0,0,0
D7651658,986194,996925,1,1805,1799,0,0,73,90,CCW,0,S,0,0,0
D7651658,986195,996926,1,1804,1799,0,0,73,90,CCW,0,S,0,0,0
D7651658,986196,996927,1,1805,1799,0,0,73,90,CCW,0,S,0,0,0
D7651658,986197,996928,1,1804,1799,0,0,73,90,CCW,0,S,0,0,0
D7651658,986198,996929,1,1805,1799,0,0,73,90,CCW,0,S,0,0,0
D7651658,986199,996930,1,1803,1799,0,0,73,90,CCW,0,S,0,0,0
D7651658,986200,996931,1,1806,1799,0,0,73,90,CCW,0,S,0,0,0
D7651658,986201,996932,1,1804,1799,0,0,73,90,CCW,0,S,0,0,0
D7651658,986202,996933,1,1805,1799,0,0,73,90,CCW,0,S,0,0,0
D7651658,986203,996934,1,1811,1799,0,0,73,90,CCW,0,S,0,0,0
D7651658,986204,996935,1,1803,1799,0,0,73,90,CCW,0,S,0,0,0
D7651658,986205,996936,1,1803,1799,0,0,73,90,CCW,0,S,0,0,0
D7651658,986206,996937,1,1805,1799,0,0,73,90,CCW,0,S,0,0,0
D7651658,986207,996938,1,1804,1799,0,0,73,90,CCW,0,S,0,0,0
D7651658,986208,996939,1,1803,1799,0,0,73,90,CCW,0,S,0,0,0
D7651658,986209,996940,1,1804,1799,0,0,73,90,CCW,0,S,0,0,0
D7651658,986210,996941,1,1804,1799,0,0,73,90,CCW,0,S,0,0,0
D7651658,986211,996942,1,1803,1799,0,0,73,90,CCW,0,S,0,0,0
D7651658,986212,996943,1,1804,1799,0,0,73,90,CCW,0,S,0,0,0
D7651658,986213,996944,1,1803,1799,0,0,73,90,CCW,0,S,0,0,0
D7651658,986214,996945,1,1802,1799,0,0,73,90,CCW,0,S,0,0,0
D7651658,986215,996946,1,1804,1799,0,0,73,90,CCW,0,S,0,0,0
D7651658,986216,996947,1,1804,1799,0,0,73,90,CCW,0,S,0,0,0
D7651658,986217,996948,1,1804,1799,0,0,73,90,CCW,0,S,0,0,0
D7651658,986218,996949,1,1803,1799,0,0,73,90,CCW,0,S,0,0,0
D7651658,986219,996950,1,1804,1799,0,0,73,90,CCW,0,S,0,0,0
D7651658,986220,996951,1,1801,1799,0,0,73,90,CCW,0,S,0,0,0
D7651658,986221,996952,1,1803,1799,0,0,73,90,CCW,0,S,0,0,0
D7651658,986222,996953,1,1803,1799,0,0,73,90,CCW,0,S,0,0,0
D7651658,986223,996954,1,1803,1799,0,0,73,90,CCW,0,S,0,0,0
D7651658,986224,996955,1,1805,1799,0,0,73,90,CCW,0,S,0,0,0
D7651658,986225,996956,1,1804,1799,0,0,73,90,CCW,0,S,0,0,0
D7651658,986226,996957,1,1803,1799,0,0,73,90,CCW,0,S,0,0,0
D7651658,986227,996958,1,1805,1799,0,0,73,90,CCW,0,S,0,0,0
D7651658,986228,996959,1,1805,1799,0,0,73,90,CCW,0,S,0,0,0
D7651658,986229,996960,1,1803,1799,0,0,73,90,CCW,0,S,0,0,0
D7651658,986230,996961,1,1802,1799,0,0,73,90,CCW,0,S,0,0,0
D7651658,986231,996962,1,1802,1799,0,0,73,90,CCW,0,S,0,0,0
D7651658,986232,996963,1,1804,1799,0,0,73,90,CCW,0,S,0,0,0
D7651658,986233,996964,1,1802,1799,0,0,73,90,CCW,0,S,0,0,0
D7651658,986234,996965,1,1803,1799,0,0,73,90,CCW,0,S,0,0,0
D7651658,986235,996966,1,1804,1799,0,0,73,90,CCW,0,S,0,0,0
D7651658,986236,996967,1,1807,1799,0,0,73,90,CCW,0,S,0,0,0
D7651658,986237,996968,1,1803,1799,0,0,73,90,CCW,0,S,0,0,0
D7651658,986238,996969,1,1802,1799,0,0,73,90,CCW,0,S,0,0,0
D7651658,986239,996970,1,1804,1799,0,0,73,90,CCW,0,S,0,0,0
D7651658,986240,996971,1,1803,1799,0,0,73,90,CCW,0,S,0,0,0
D7651658,986241,996972,1,1803,1799,0,0,73,90,CCW,0,S,0,0,0
D7651658,986242,996973,1,1804,1799,0,0,73,90,CCW,0,S,0,0,0
D7651658,986243,996974,1,1808,1799,0,0,73,90,CCW,0,S,0,0,0
D7651658,986244,996975,1,1802,1799,0,0,73,90,CCW,0,S,0,0,0
D7651658,986245,996976,1,1803,1799,0,0,73,90,CCW,0,S,0,0,0
D7651658,986246,996977,1,1811,1799,0,0,74,90,CCW,0,S,0,0,0
D7651658,986247,996978,1,1801,1799,0,0,74,90,CCW,0,S,0,0,0
D7651658,986248,996979,1,1803,1799,0,0,74,90,CCW,0,S,0,0,0
D7651658,986249,996980,1,1804,1799,0,0,74,90,CCW,0,S,0,0,0
D7651658,986250,996981,1,1802,1799,0,0,74,90,CCW,0,S,0,0,0
D7651658,986251,996982,1,1804,1799,0,0,74,90,CCW,0,S,0,0,0
D7651658,986252,996983,1,1803,1799,0,0,74,90,CCW,0,S,0,0,0
D7651658,986253,996984,1,1801,1799,0,0,74,90,CCW,0,S,0,0,0
D7651658,986254,996985,1,1803,1799,0,0,74,90,CCW,0,S,0,0,0
D7651658,986255,996986,1,1804,1799,0,0,74,90,CCW,0,S,0,0,0
D7651658,986256,996987,1,1796,1799,0,0,74,90,CCW,0,S,0,0,0
D7651658,986257,996988,1,1804,1799,0,0,74,90,CCW,0,S,0,0,0
D7651658,986258,996989,1,1797,1799,0,0,74,90,CCW,0,S,0,0,0
D7651658,986259,996990,1,1803,1799,0,0,74,90,CCW,0,S,0,0,0
D7651658,986260,996991,1,1804,1799,0,0,74,90,CCW,0,S,0,0,0
D7651658,986261,996992,1,1802,1799,0,0,74,90,CCW,0,S,0,0,0
D7651658,986262,996993,1,1804,1799,0,0,74,90,CCW,0,S,0,0,0
D7651658,986263,996994,1,1803,1799,0,0,74,90,CCW,0,S,0,0,0
D7651658,986264,996995,1,1802,1799,0,0,74,90,CCW,0,S,0,0,0
D7651658,986265,996996,1,1801,1799,0,0,74,90,CCW,0,S,0,0,0
D7651658,986266,996997,1,1803,1799,0,0,74,90,CCW,0,S,0,0,0
D7651658,986267,996998,1,1805,1799,0,0,74,90,CCW,0,S,0,0,0
D7651658,986268,996999,1,1803,1799,0,0,74,90,CCW,0,S,0,0,0
D7651658,986269,997000,1,1803,1799,0,0,74,90,CCW,0,S,0,0,0
D7651658,986270,997001,1,1803,1799,0,0,74,90,CCW,0,S,0,0,0
D7651658,986271,997002,1,1802,1799,0,0,74,90,CCW,0,S,0,0,0
D7651658,986272,997003,1,1803,1799,0,0,74,90,CCW,0,S,0,0,0
D7651658,986273,997004,1,1804,1799,0,0,74,90,CCW,0,S,0,0,0
D7651658,986274,997005,1,1802,1799,0,0,74,90,CCW,0,S,0,0,0
D7651658,986275,997006,1,1803,1799,0,0,74,90,CCW,0,S,0,0,0
D7651658,986276,997007,1,1794,1799,0,0,74,90,CCW,0,S,0,0,0
D7651658,986277,997008,1,1803,1799,0,0,74,90,CCW,0,S,0,0,0
D7651658,986278,997009,1,1801,1799,0,0,74,90,CCW,0,S,0,0,0
D7651658,986279,997010,1,1802,1799,0,0,74,90,CCW,0,S,0,0,0
D7651658,986280,997011,1,1799,1799,0,0,74,90,CCW,0,S,0,0,0
D7651658,986281,997012,1,1802,1799,0,0,74,90,CCW,0,S,0,0,0
D7651658,986282,997013,1,1802,1799,0,0,74,90,CCW,0,S,0,0,0
D7651658,986283,997014,1,1803,1799,0,0,74,90,CCW,0,S,0,0,0
D7651658,986284,997015,1,1803,1799,0,0,74,90,CCW,0,S,0,0,0
D7651658,986285,997016,1,1802,1799,0,0,74,90,CCW,0,S,0,0,0
D7651658,986286,997017,1,1802,1799,0,0,74,90,CCW,0,S,0,0,0
D7651658,986287,997018,1,1801,1799,0,0,74,90,CCW,0,S,0,0,0
D7651658,986288,997019,1,1801,1799,0,0,74,90,CCW,0,S,0,0,0
D7651658,986289,997020,1,1791,1799,0,0,74,90,CCW,0,S,0,0,0
D7651658,986290,997021,1,1800,1799,0,0,74,90,CCW,0,S,0,0,0
D7651658,986291,997022,1,1801,1799,0,0,74,90,CCW,0,S,0,0,0
D7651658,986292,997023,1,1802,1799,0,0,74,90,CCW,0,S,0,0,0
D7651658,986293,997024,1,1802,1799,0,0,74,90,CCW,0,S,0,0,0
D7651658,986294,997025,1,1802,1799,0,0,74,90,CCW,0,S,0,0,0
D7651658,986295,997026,1,1801,1799,0,0,74,90,CCW,0,S,0,0,0
D7651658,986296,997027,1,1800,1799,0,0,74,90,CCW,0,S,0,0,0
D7651658,986297,997028,1,1800,1799,0,0,74,90,CCW,0,S,0,0,0
D7651658,986298,997029,1,1802,1799,0,0,74,90,CCW,0,S,0,0,0
D7651658,986299,997030,1,1801,1799,0,0,74,90,CCW,0,S,0,0,0
D7651658,986300,997031,1,1799,1799,0,0,74,90,CCW,0,S,0,0,0
D7651658,986301,997032,1,1802,1799,0,0,74,90,CCW,0,S,0,0,0
D7651658,986302,997033,1,1801,1799,0,0,74,90,CCW,0,S,0,0,0
D7651658,986303,997034,1,1802,1799,0,0,74,90,CCW,0,S,0,0,0
D7651658,986304,997035,1,1803,1799,0,0,74,90,CCW,0,S,0,0,0
D7651658,986305,997036,1,1802,1799,0,0,74,90,CCW,0,S,0,0,0
D7651658,986306,997037,1,1803,1799,0,0,74,90,CCW,0,S,0,0,0
D7651658,986307,997038,1,1802,1799,0,0,74,90,CCW,0,S,0,0,0
D7651658,986308,997039,1,1803,1799,0,0,74,90,CCW,0,S,0,0,0
D7651658,986309,997040,1,1804,1799,0,0,74,90,CCW,0,S,0,0,0
D7651658,986310,997041,1,1802,1799,0,0,74,90,CCW,0,S,0,0,0
D7651658,986311,997042,1,1800,1799,0,0,74,90,CCW,0,S,0,0,0
D7651658,986312,997043,1,1800,1799,0,0,74,90,CCW,0,S,0,0,0
D7651658,986313,997044,1,1800,1799,0,0,74,90,CCW,0,S,0,0,0
D7651658,986314,997045,1,1799,1799,0,0,74,90,CCW,0,S,0,0,0
D7651658,986315,997046,1,1801,1799,0,0,74,90,CCW,0,S,0,0,0
D7651658,986316,997047,1,1801,1799,0,0,74,90,CCW,0,S,0,0,0
D7651658,986317,997048,1,1802,1799,0,0,74,90,CCW,0,S,0,0,0
D7651658,986318,997049,1,1800,1799,0,0,74,90,CCW,0,S,0,0,0
D7651658,986319,997050,1,1800,1799,0,0,74,90,CCW,0,S,0,0,0
D7651658,986320,997051,1,1801,1799,0,0,74,90,CCW,0,S,0,0,0
D7651658,986321,997052,1,1801,1799,0,0,74,90,CCW,0,S,0,0,0
D7651658,986322,997053,1,1802,1799,0,0,74,90,CCW,0,S,0,0,0
D7651658,986323,997054,1,1800,1799,0,0,74,90,CCW,0,S,0,0,0
D7651658,986324,997055,1,1802,1799,0,0,74,90,CCW,0,S,0,0,0
D7651658,986325,997056,1,1801,1799,0,0,74,90,CCW,0,S,0,0,0
D7651658,986326,997057,1,1808,1799,0,0,74,90,CCW,0,S,0,0,0
D7651658,986327,997058,1,1801,1799,0,0,74,90,CCW,0,S,0,0,0
D7651658,986328,997059,1,1801,1799,0,0,74,90,CCW,0,S,0,0,0
D7651658,986329,997060,1,1797,1799,0,0,74,90,CCW,0,S,0,0,0
D7651658,986330,997061,1,1803,1799,0,0,74,90,CCW,0,S,0,0,0
D7651658,986331,997062,1,1801,1799,0,0,74,90,CCW,0,S,0,0,0
D7651658,986332,997063,1,1799,1799,0,0,74,90,CCW,0,S,0,0,0
D7651658,986333,997064,1,1803,1799,0,0,74,90,CCW,0,S,0,0,0
D7651658,986334,997066,2,1800,1799,0,0,74,90,CCW,0,S,0,1,1
D7651658,986335,997067,1,1800,1799,0,0,74,90,CCW,0,S,0,0,0
D7651658,986336,997068,1,1800,1799,0,0,74,90,CCW,0,S,0,0,0
D7651658,986337,997069,1,1799,1799,0,0,74,90,CCW,0,S,0,0,0
D7651658,986338,997070,1,1801,1799,0,0,74,90,CCW,0,S,0,0,0
D7651658,986339,997071,1,1801,1799,0,0,74,90,CCW,0,S,0,0,0
D7651658,986340,997072,1,1802,1799,0,0,74,90,CCW,0,S,0,0,0
D7651658,986341,997073,1,1800,1799,0,0,74,90,CCW,0,S,0,0,0
D7651658,986342,997074,1,1802,1799,0,0,74,90,CCW,0,S,0,0,0
D7651658,986343,997075,1,1803,1799,0,0,74,90,CCW,0,S,0,0,0
D7651658,986344,997076,1,1810,1799,0,0,74,90,CCW,0,S,0,0,0
D7651658,986345,997077,1,1802,1799,0,0,74,90,CCW,0,S,0,0,0
D7651658,986346,997078,1,1800,1799,0,0,74,90,CCW,0,S,0,0,0
D7651658,986347,997079,1,1802,1799,0,0,74,90,CCW,0,S,0,0,0
D7651658,986348,997080,1,1799,1799,0,0,74,90,CCW,0,S,0,0,0
D7651658,986349,997081,1,1801,1799,0,0,74,90,CCW,0,S,0,0,0
D7651658,986350,997082,1,1800,1799,0,0,74,90,CCW,0,S,0,0,0
D7651658,986351,997083,1,1800,1799,0,0,74,90,CCW,0,S,0,0,0
D7651658,986352,997084,1,1799,1799,0,0,74,90,CCW,0,S,0,0,0
D7651658,986353,997085,1,1801,1799,0,0,74,90,CCW,0,S,0,0,0
D7651658,986354,997086,1,1802,1799,0,0,74,90,CCW,0,S,0,0,0
D7651658,986355,997087,1,1801,1799,0,0,74,90,CCW,0,S,0,0,0
D7651658,986356,997088,1,1801,1799,0,0,74,90,CCW,0,S,0,0,0
D7651658,986357,997089,1,1801,1799,0,0,74,90,CCW,0,S,0,0,0
D7651658,986358,997090,1,1801,1799,0,0,74,90,CCW,0,S,0,0,0
D7651658,986359,997091,1,1801,1799,0,0,74,90,CCW,0,S,0,0,0
D7651658,986360,997092,1,1801,1799,0,0,74,90,CCW,0,S,0,0,0
D7651658,986361,997093,1,1800,1799,0,0,74,90,CCW,0,S,0,0,0
D7651658,986362,997094,1,1801,1799,0,0,74,90,CCW,0,S,0,0,0
D7651658,986363,997095,1,1802,1799,0,0,74,90,CCW,0,S,0,0,0
D7651658,986364,997096,1,1801,1799,0,0,74,90,CCW,0,S,0,0,0
D7651658,986365,997097,1,1800,1799,0,0,74,90,CCW,0,S,0,0,0
D7651658,986366,997098,1,1801,1799,0,0,74,90,CCW,0,S,0,0,0
D7651658,986367,997099,1,1801,1799,0,0,74,90,CCW,0,S,0,0,0
D7651658,986368,997100,1,1801,1799,0,0,74,90,CCW,0,S,0,0,0
D7651658,986369,997101,1,1800,1799,0,0,74,90,CCW,0,S,0,0,0
D7651658,986370,997102,1,1800,1799,0,0,74,90,CCW,0,S,0,0,0
D7651658,986371,997103,1,1803,1799,0,0,74,90,CCW,0,S,0,0,0
D7651658,986372,997104,1,1802,1799,0,0,74,90,CCW,0,S,0,0,0
D7651658,986373,997105,1,1801,1799,0,0,74,90,CCW,0,S,0,0,0
D7651658,986374,997106,1,1802,1799,0,0,74,90,CCW,0,S,0,0,0
D7651658,986375,997107,1,1801,1799,0,0,74,90,CCW,0,S,0,0,0
D7651658,986376,997108,1,1802,1799,0,0,74,90,CCW,0,S,0,0,0
D7651658,986377,997109,1,1818,1799,0,0,74,90,CCW,0,S,0,0,0
D7651658,986378,997110,1,1801,1799,0,0,74,90,CCW,0,S,0,0,0
D7651658,986379,997111,1,1801,1799,0,0,74,90,CCW,0,S,0,0,0
D7651658,986380,997112,1,1800,1799,0,0,74,90,CCW,0,S,0,0,0
D7651658,986381,997113,1,1801,1799,0,0,74,90,CCW,0,S,0,0,0
D7651658,986382,997114,1,1801,1799,0,0,74,90,CCW,0,S,0,0,0
D7651658,986383,997115,1,1800,1799,0,0,74,90,CCW,0,S,0,0,0
D7651658,986384,997116,1,1800,1799,0,0,74,90,CCW,0,S,0,0,0
D7651658,986385,997117,1,1800,1799,0,0,74,90,CCW,0,S,0,0,0
D7651658,986386,997118,1,1800,1799,0,0,74,90,CCW,0,S,0,0,0
D7651658,986387,997119,1,1801,1799,0,0,74,90,CCW,0,S,0,0,0
D7651658,986388,997120,1,1801,1799,0,0,74,90,CCW,0,S,0,0,0
D7651658,986389,997121,1,1800,1799,0,0,74,90,CCW,0,S,0,0,0
D7651658,986390,997122,1,1799,1799,0,0,74,90,CCW,0,S,0,0,0
D7651658,986391,997123,1,1800,1799,0,0,74,90,CCW,0,S,0,0,0
D7651658,986392,997124,1,1797,1799,0,0,74,90,CCW,0,S,0,0,0
D7651658,986393,997125,1,1800,1799,0,0,74,90,CCW,0,S,0,0,0
D7651658,986394,997126,1,1800,1799,0,0,74,90,CCW,0,S,0,0,0
D7651658,986395,997127,1,1800,1799,0,0,75,90,CCW,0,S,0,0,0
D7651658,986396,997128,1,1800,1799,0,0,75,90,CCW,0,S,0,0,0
D7651658,986397,997129,1,1799,1799,0,0,75,90,CCW,0,S,0,0,0
D7651658,986398,997130,1,1799,1799,0,0,75,90,CCW,0,S,0,0,0
D7651658,986399,997131,1,1796,1799,0,0,75,90,CCW,0,S,0,0,0
D7651658,986400,997132,1,1800,1799,0,0,75,90,CCW,0,S,0,0,0
D7651658,986401,997133,1,1801,1799,0,0,75,90,CCW,0,S,0,0,0
D7651658,986402,997134,1,1801,1799,0,0,75,90,CCW,0,S,0,0,0
D7651658,986403,997135,1,1801,1799,0,0,75,90,CCW,0,S,0,0,0
D7651658,986404,997136,1,1799,1799,0,0,75,90,CCW,0,S,0,0,0
D7651658,986405,997137,1,1801,1799,0,0,75,90,CCW,0,S,0,0,0
D7651658,986406,997138,1,1801,1799,0,0,75,90,CCW,0,S,0,0,0
D7651658,986407,997139,1,1800,1799,0,0,75,90,CCW,0,S,0,0,0
D7651658,986408,997140,1,1800,1799,0,0,75,90,CCW,0,S,0,0,0
D7651658,986409,997141,1,1801,1799,0,0,75,90,CCW,0,S,0,0,0
D7651658,986410,997142,1,1802,1799,0,0,75,90,CCW,0,S,0,0,0
D7651658,986411,997143,1,1801,1799,0,0,75,90,CCW,0,S,0,0,0
D7651658,986412,997144,1,1800,1799,0,0,75,90,CCW,0,S,0,0,0
D7651658,986413,997145,1,1801,1799,0,0,75,90,CCW,0,S,0,0,0
D7651658,986414,997146,1,1803,1799,0,0,75,90,CCW,0,S,0,0,0
D7651658,986415,997147,1,1800,1799,0,0,75,90,CCW,0,S,0,0,0
D7651658,986416,997148,1,1800,1799,0,0,75,90,CCW,0,S,0,0,0
D7651658,986417,997149,1,1802,1799,0,0,75,90,CCW,0,S,0,0,0
D7651658,986418,997150,1,1803,1799,0,0,75,90,CCW,0,S,0,0,0
D7651658,986419,997151,1,1805,1799,0,0,75,90,CCW,0,S,0,0,0
D7651658,986420,997152,1,1801,1799,0,0,75,90,CCW,0,S,0,0,0
D7651658,986421,997153,1,1802,1799,0,0,75,90,CCW,0,S,0,0,0
D7651658,986422,997154,1,1800,1799,0,0,75,90,CCW,0,S,0,0,0
D7651658,986423,997155,1,1800,1799,0,0,75,90,CCW,0,S,0,0,0
D7651658,986424,997156,1,1802,1799,0,0,75,90,CCW,0,S,0,0,0
D7651658,986425,997157,1,1800,1799,0,0,75,90,CCW,0,S,0,0,0
D7651658,986426,997158,1,1801,1799,0,0,75,90,CCW,0,S,0,0,0
D7651658,986427,997159,1,1799,1799,0,0,75,90,CCW,0,S,0,0,0
D7651658,986428,997160,1,1798,1799,0,0,75,90,CCW,0,S,0,0,0
D7651658,986429,997161,1,1805,1799,0,0,75,90,CCW,0,S,0,0,0
D7651658,986430,997162,1,1799,1799,0,0,75,90,CCW,0,S,0,0,0
D7651658,986431,997163,1,1801,1799,0,0,75,90,CCW,0,S,0,0,0
D7651658,986432,997164,1,1796,1799,0,0,75,90,CCW,0,S,0,0,0
D7651658,986433,997165,1,1801,1799,0,0,75,90,CCW,0,S,0,0,0
D7651658,986434,997166,1,1801,1799,0,0,75,90,CCW,0,S,0,0,0
D7651658,986435,997167,1,1800,1799,0,0,75,90,CCW,0,S,0,0,0
D7651658,986436,997168,1,1800,1799,0,0,75,90,CCW,0,S,0,0,0
D7651658,986437,997169,1,1800,1799,0,0,75,90,CCW,0,S,0,0,0
D7651658,986438,997170,1,1797,1799,0,0,75,90,CCW,0,S,0,0,0
D7651658,986439,997171,1,1810,1799,0,0,75,90,CCW,0,S,0,0,0
D7651658,986440,997172,1,1799,1799,0,0,75,90,CCW,0,S,0,0,0
D7651658,986441,997173,1,1798,1799,0,0,75,90,CCW,0,S,0,0,0
D7651658,986442,997174,1,1801,1799,0,0,75,90,CCW,0,S,0,0,0
D7651658,986443,997175,1,1801,1799,0,0,75,90,CCW,0,S,0,0,0
D7651658,986444,997176,1,1801,1799,0,0,75,90,CCW,0,S,0,0,0
D7651658,986445,997177,1,1801,1799,0,0,75,90,CCW,0,S,0,0,0
D7651658,986446,997178,1,1800,1799,0,0,75,90,CCW,0,S,0,0,0
D7651658,986447,997179,1,1800,1799,0,0,75,90,CCW,0,S,0,0,0
D7651658,986448,997180,1,1800,1799,0,0,75,90,CCW,0,S,0,0,0
D7651658,986449,997181,1,1800,1799,0,0,75,90,CCW,0,S,0,0,0
D7651658,986450,997182,1,1801,1799,0,0,75,90,CCW,0,S,0,0,0
D7651658,986451,997183,1,1801,1799,0,0,75,90,CCW,0,S,0,0,0
D7651658,986452,997184,1,1800,1799,0,0,75,90,CCW,0,S,0,0,0
D7651658,986453,997185,1,1799,1799,0,0,75,90,CCW,0,S,0,0,0
D7651658,986454,997186,1,1799,1799,0,0,75,90,CCW,0,S,0,0,0
D7651658,986455,997187,1,1800,1799,0,0,75,90,CCW,0,S,0,0,0
D7651658,986456,997188,1,1800,1799,0,0,75,90,CCW,0,S,0,0,0
D7651658,986457,997189,1,1799,1799,0,0,75,90,CCW,0,S,0,0,0
D7651658,986458,997190,1,1797,1799,0,0,75,90,CCW,0,S,0,0,0
D7651658,986459,997191,1,1800,1799,0,0,75,90,CCW,0,S,0,0,0
D7651658,986460,997192,1,1799,1799,0,0,75,90,CCW,0,S,0,0,0
D7651658,986461,997193,1,1801,1799,0,0,75,90,CCW,0,S,0,0,0
D7651658,986462,997194,1,1799,1799,0,0,75,90,CCW,0,S,0,0,0
D7651658,986463,997195,1,1798,1799,0,0,75,90,CCW,0,S,0,0,0
D7651658,986464,997196,1,1800,1799,0,0,75,90,CCW,0,S,0,0,0
D7651658,986465,997197,1,1801,1799,0,0,75,90,CCW,0,S,0,0,0
D7651658,986466,997198,1,1799,1799,0,0,75,90,CCW,0,S,0,0,0
D7651658,986467,997199,1,1800,1799,0,0,75,90,CCW,0,S,0,0,0
D7651658,986468,997200,1,1801,1799,0,0,75,90,CCW,0,S,0,0,0
D7651658,986469,997201,1,1801,1799,0,0,75,90,CCW,0,S,0,0,0
D7651658,986470,997202,1,1801,1799,0,0,75,90,CCW,0,S,0,0,0
D7651658,986471,997203,1,1800,1799,0,0,75,90,CCW,0,S,0,0,0
D7651658,986472,997204,1,1801,1799,0,0,75,90,CCW,0,S,0,0,0
D7651658,986473,997205,1,1799,1799,0,0,75,90,CCW,0,S,0,0,0
D7651658,986474,997206,1,1798,1799,0,0,75,90,CCW,0,S,0,0,0
D7651658,986475,997207,1,1800,1799,0,0,75,90,CCW,0,S,0,0,0
D7651658,986476,997208,1,1799,1799,0,0,75,90,CCW,0,S,0,0,0
D7651658,986477,997209,1,1799,1799,0,0,75,90,CCW,0,S,0,0,0
D7651658,986478,997210,1,1800,1799,0,0,75,90,CCW,0,S,0,0,0
D7651658,986479,997211,1,1799,1799,0,0,75,90,CCW,0,S,0,0,0
D7651658,986480,997212,1,1801,1799,0,0,75,90,CCW,0,S,0,0,0
D7651658,986481,997213,1,1800,1799,0,0,75,90,CCW,0,S,0,0,0
D7651658,986482,997214,1,1801,1799,0,0,75,90,CCW,0,S,0,0,0
D7651658,986483,997215,1,1797,1799,0,0,75,90,CCW,0,S,0,0,0
D7651658,986484,997216,1,1799,1799,0,0,75,90,CCW,0,S,0,0,0
D7651658,986485,997217,1,1799,1799,0,0,75,90,CCW,0,S,0,0,0
D7651658,986486,997218,1,1800,1799,0,0,75,90,CCW,0,S,0,0,0
D7651658,986487,997219,1,1798,1799,0,0,75,90,CCW,0,S,0,0,0
D7651658,986488,997220,1,1799,1799,0,0,75,90,CCW,0,S,0,0,0
D7651658,986489,997221,1,1799,1799,0,0,75,90,CCW,0,S,0,0,0
D7651658,986490,997222,1,1800,1799,0,0,75,90,CCW,0,S,0,0,0
D7651658,986491,997223,1,1800,1799,0,0,75,90,CCW,0,S,0,0,0
D7651658,986492,997224,1,1800,1799,0,0,75,90,CCW,0,S,0,0,0
D7651658,986493,997225,1,1802,1799,0,0,75,90,CCW,0,S,0,0,0
D7651658,986494,997226,1,1798,1799,0,0,75,90,CCW,0,S,0,0,0
D7651658,986495,997227,1,1799,1799,0,0,75,90,CCW,0,S,0,0,0
D7651658,986496,997228,1,1799,1799,0,0,75,90,CCW,0,S,0,0,0
D7651658,986497,997229,1,1799,1799,0,0,75,90,CCW,0,S,0,0,0
D7651658,986498,997230,1,1801,1799,0,0,75,90,CCW,0,S,0,0,0
D7651658,986499,997231,1,1800,1799,0,0,75,90,CCW,0,S,0,0,0
D7651658,986500,997232,1,1801,1799,0,0,75,90,CCW,0,S,0,0,0
D7651658,986501,997233,1,1800,1799,0,0,75,90,CCW,0,S,0,0,0
D7651658,986502,997234,1,1800,1799,0,0,75,90,CCW,0,S,0,0,0
D7651658,986503,997235,1,1801,1799,0,0,75,90,CCW,0,S,0,0,0
D7651658,986504,997236,1,1801,1799,0,0,75,90,CCW,0,S,0,0,0
D7651658,986505,997237,1,1801,1799,0,0,75,90,CCW,0,S,0,0,0
D7651658,986506,997238,1,1801,1799,0,0,75,90,CCW,0,S,0,0,0
D7651658,986507,997239,1,1800,1799,0,0,75,90,CCW,0,S,0,0,0
D7651658,986508,997240,1,1801,1799,0,0,75,90,CCW,0,S,0,0,0
D7651658,986509,997241,1,1800,1799,0,0,75,90,CCW,0,S,0,0,0
D7651658,986510,997242,1,1800,1799,0,0,75,90,CCW,0,S,0,0,0
D7651658,986511,997243,1,1801,1799,0,0,75,90,CCW,0,S,0,0,0
D7651658,986512,997244,1,1800,1799,0,0,75,90,CCW,0,S,0,0,0
D7651658,986513,997245,1,1801,1799,0,0,75,90,CCW,0,S,0,0,0
D7651658,986514,997246,1,1800,1799,0,0,75,90,CCW,0,S,0,0,0
D7651658,986515,997247,1,1801,1799,0,0,75,90,CCW,0,S,0,0,0
D7651658,986516,997248,1,1800,1799,0,0,75,90,CCW,0,S,0,0,0
D7651658,986517,997249,1,1801,1799,0,0,75,90,CCW,0,S,0,0,0
D7651658,986518,997250,1,1800,1799,0,0,75,90,CCW,0,S,0,0,0
D7651658,986519,997251,1,1802,1799,0,0,75,90,CCW,0,S,0,0,0
D7651658,986520,997252,1,1799,1799,0,0,75,90,CCW,0,S,0,0,0
D7651658,986521,997253,1,1800,1799,0,0,75,90,CCW,0,S,0,0,0
D7651658,986522,997254,1,1799,1799,0,0,75,90,CCW,0,S,0,0,0
D7651658,986523,997255,1,1802,1799,0,0,75,90,CCW,0,S,0,0,0
D7651658,986524,997256,1,1800,1799,0,0,75,90,CCW,0,S,0,0,0
D7651658,986525,997257,1,1801,1799,0,0,75,90,CCW,0,S,0,0,0
D7651658,986526,997258,1,1799,1799,0,0,75,90,CCW,0,S,0,0,0
D7651658,986527,997259,1,1798,1799,0,0,75,90,CCW,0,S,0,0,0
D7651658,986528,997260,1,1804,1799,0,0,75,90,CCW,0,S,0,0,0
D7651658,986529,997261,1,1799,1799,0,0,75,90,CCW,0,S,0,0,0
D7651658,986530,997262,1,1797,1799,0,0,75,90,CCW,0,S,0,0,0
D7651658,986531,997263,1,1800,1799,0,0,75,90,CCW,0,S,0,0,0
D7651658,986532,997264,1,1800,1799,0,0,75,90,CCW,0,S,0,0,0
D7651658,986533,997265,1,1800,1799,0,0,75,90,CCW,0,S,0,0,0
D7651658,986534,997266,1,1796,1799,0,0,75,90,CCW,0,S,0,0,0
D7651658,986535,997267,1,1799,1799,0,0,75,90,CCW,0,S,0,0,0
D7651658,986536,997268,1,1800,1799,0,0,75,90,CCW,0,S,0,0,0
D7651658,986537,997269,1,1792,1799,0,0,75,90,CCW,0,S,0,0,0
D7651658,986538,997270,1,1799,1799,0,0,75,90,CCW,0,S,0,0,0
D7651658,986539,997271,1,1801,1799,0,0,75,90,CCW,0,S,0,0,0
D7651658,986540,997272,1,1800,1799,0,0,75,90,CCW,0,S,0,0,0
D7651658,986541,997273,1,1801,1799,0,0,75,90,CCW,0,S,0,0,0
D7651658,986542,997274,1,1800,1799,0,0,75,90,CCW,0,S,0,0,0
D7651658,986543,997275,1,1800,1799,0,0,75,90,CCW,0,S,0,0,0
D7651658,986544,997276,1,1799,1799,0,0,75,90,CCW,0,S,0,0,0
D7651658,986545,997277,1,1800,1799,0,0,76,90,CCW,0,S,0,0,0
D7651658,986546,997278,1,1799,1799,0,0,76,90,CCW,0,S,0,0,0
D7651658,986547,997279,1,1800,1799,0,0,76,90,CCW,0,S,0,0,0
D7651658,986548,997280,1,1800,1799,0,0,76,90,CCW,0,S,0,0,0
D7651658,986549,997281,1,1799,1799,0,0,76,90,CCW,0,S,0,0,0
D7651658,986550,997282,1,1800,1799,0,0,76,90,CCW,0,S,0,0,0
D7651658,986551,997283,1,1799,1799,0,0,76,90,CCW,0,S,0,0,0
D7651658,986552,997284,1,1798,1799,0,0,76,90,CCW,0,S,0,0,0
D7651658,986553,997285,1,1797,1799,0,0,76,90,CCW,0,S,0,0,0
D7651658,986554,997286,1,1799,1799,0,0,76,90,CCW,0,S,0,0,0
D7651658,986555,997287,1,1799,1799,0,0,76,90,CCW,0,S,0,0,0
D7651658,986556,997288,1,1799,1799,0,0,76,90,CCW,0,S,0,0,0
D7651658,986557,997289,1,1798,1799,0,0,76,90,CCW,0,S,0,0,0
D7651658,986558,997290,1,1799,1799,0,0,76,90,CCW,0,S,0,0,0
D7651658,986559,997291,1,1802,1799,0,0,76,90,CCW,0,S,0,0,0
D7651658,986560,997292,1,1799,1799,0,0,76,90,CCW,0,S,0,0,0
D7651658,986561,997293,1,1797,1799,0,0,76,90,CCW,0,S,0,0,0
D7651658,986562,997294,1,1798,1799,0,0,76,90,CCW,0,S,0,0,0
D7651658,986563,997295,1,1800,1799,0,0,76,90,CCW,0,S,0,0,0
D7651658,986564,997296,1,1799,1799,0,0,76,90,CCW,0,S,0,0,0
D7651658,986565,997297,1,1800,1799,0,0,76,90,CCW,0,S,0,0,0
D7651658,986566,997298,1,1799,1799,0,0,76,90,CCW,0,S,0,0,0
D7651658,986567,997299,1,1798,1799,0,0,76,90,CCW,0,S,0,0,0
D7651658,986568,997300,1,1799,1799,0,0,76,90,CCW,0,S,0,0,0
D7651658,986569,997301,1,1800,1799,0,0,76,90,CCW,0,S,0,0,0
D7651658,986570,997302,1,1798,1799,0,0,76,90,CCW,0,S,0,0,0
D7651658,986571,997303,1,1797,1799,0,0,76,90,CCW,0,S,0,0,0
D7651658,986572,997304,1,1800,1799,0,0,76,90,CCW,0,S,0,0,0
D7651658,986573,997305,1,1798,1799,0,0,76,90,CCW,0,S,0,0,0
D7651658,986574,997306,1,1798,1799,0,0,76,90,CCW,0,S,0,0,0
D7651658,986575,997307,1,1799,1799,0,0,76,90,CCW,0,S,0,0,0
D7651658,986576,997308,1,1799,1799,0,0,76,90,CCW,0,S,0,0,0
D7651658,986577,997309,1,1800,1799,0,0,76,90,CCW,0,S,0,0,0
D7651658,986578,997310,1,1799,1799,0,0,76,90,CCW,0,S,0,0,0
D7651658,986579,997311,1,1798,1799,0,0,76,90,CCW,0,S,0,0,0
D7651658,986580,997312,1,1796,1799,0,0,76,90,CCW,0,S,0,0,0
D7651658,986581,997313,1,1799,1799,0,0,76,90,CCW,0,S,0,0,0
D7651658,986582,997314,1,1799,1799,0,0,76,90,CCW,0,S,0,0,0
D7651658,986583,997315,1,1799,1799,0,0,76,90,CCW,0,S,0,0,0
D7651658,986584,997316,1,1794,1799,0,0,76,90,CCW,0,S,0,0,0
D7651658,986585,997317,1,1797,1799,0,0,76,90,CCW,0,S,0,0,0
D7651658,986586,997318,1,1799,1799,0,0,76,90,CCW,0,S,0,0,0
D7651658,986587,997319,1,1796,1799,0,0,76,90,CCW,0,S,0,0,0
D7651658,986588,997320,1,1801,1799,0,0,76,90,CCW,0,S,0,0,0
D7651658,986589,997321,1,1799,1799,0,0,76,90,CCW,0,S,0,0,0
D7651658,986590,997322,1,1799,1799,0,0,76,90,CCW,0,S,0,0,0
D7651658,986591,997323,1,1797,1799,0,0,76,90,CCW,0,S,0,0,0
D7651658,986592,997324,1,1798,1799,0,0,76,90,CCW,0,S,0,0,0
D7651658,986593,997325,1,1801,1799,0,0,76,90,CCW,0,S,0,0,0
D7651658,986594,997326,1,1800,1799,0,0,76,90,CCW,0,S,0,0,0
D7651658,986595,997327,1,1798,1799,0,0,76,90,CCW,0,S,0,0,0
D7651658,986596,997328,1,1799,1799,0,0,76,90,CCW,0,S,0,0,0
D7651658,986597,997330,2,1803,1799,0,0,76,90,CCW,0,S,0,1,1
D7651658,986598,997331,1,1800,1799,0,0,76,90,CCW,0,S,0,0,0
D7651658,986599,997332,1,1799,1799,0,0,76,90,CCW,0,S,0,0,0
D7651658,986600,997333,1,1799,1799,0,0,76,90,CCW,0,S,0,0,0
D7651658,986601,997334,1,1798,1799,0,0,76,90,CCW,0,S,0,0,0
D7651658,986602,997335,1,1799,1799,0,0,76,90,CCW,0,S,0,0,0
D7651658,986603,997336,1,1798,1799,0,0,76,90,CCW,0,S,0,0,0
D7651658,986604,997337,1,1800,1799,0,0,76,90,CCW,0,S,0,0,0
D7651658,986605,997338,1,1799,1799,0,0,76,90,CCW,0,S,0,0,0
D7651658,986606,997339,1,1799,1799,0,0,76,90,CCW,0,S,0,0,0
D7651658,986607,997340,1,1798,1799,0,0,76,90,CCW,0,S,0,0,0
D7651658,986608,997341,1,1798,1799,0,0,76,90,CCW,0,S,0,0,0
D7651658,986609,997342,1,1799,1799,0,0,76,90,CCW,0,S,0,0,0
D7651658,986610,997343,1,1799,1799,0,0,76,90,CCW,0,S,0,0,0
D7651658,986611,997344,1,1799,1799,0,0,76,90,CCW,0,S,0,0,0
D7651658,986612,997345,1,1798,1799,0,0,76,90,CCW,0,S,0,0,0
D7651658,986613,997346,1,1801,1799,0,0,76,90,CCW,0,S,0,0,0
D7651658,986614,997347,1,1800,1799,0,0,76,90,CCW,0,S,0,0,0
D7651658,986615,997348,1,1798,1799,0,0,76,90,CCW,0,S,0,0,0
D7651658,986616,997349,1,1800,1799,0,0,76,90,CCW,0,S,0,0,0
D7651658,986617,997350,1,1798,1799,0,0,76,90,CCW,0,S,0,0,0
D7651658,986618,997351,1,1798,1799,0,0,76,90,CCW,0,S,0,0,0
D7651658,986619,997352,1,1800,1799,0,0,76,90,CCW,0,S,0,0,0
D7651658,986620,997353,1,1799,1799,0,0,76,90,CCW,0,S,0,0,0
D7651658,986621,997354,1,1800,1799,0,0,76,90,CCW,0,S,0,0,0
D7651658,986622,997355,1,1800,1799,0,0,76,90,CCW,0,S,0,0,0
D7651658,986623,997356,1,1799,1799,0,0,76,90,CCW,0,S,0,0,0
D7651658,986624,997357,1,1799,1799,0,0,76,90,CCW,0,S,0,0,0
D7651658,986625,997358,1,1801,1799,0,0,76,90,CCW,0,S,0,0,0
D7651658,986626,997359,1,1801,1799,0,0,76,90,CCW,0,S,0,0,0
D7651658,986627,997360,1,1799,1799,0,0,76,90,CCW,0,S,0,0,0
D7651658,986628,997361,1,1800,1799,0,0,76,90,CCW,0,S,0,0,0
D7651658,986629,997362,1,1799,1799,0,0,76,90,CCW,0,S,0,0,0
D7651658,986630,997363,1,1801,1799,0,0,76,90,CCW,0,S,0,0,0
D7651658,986631,997364,1,1804,1799,0,0,76,90,CCW,0,S,0,0,0
D7651658,986632,997365,1,1799,1799,0,0,76,90,CCW,0,S,0,0,0
D7651658,986633,997366,1,1800,1799,0,0,76,90,CCW,0,S,0,0,0
D7651658,986634,997367,1,1799,1799,0,0,76,90,CCW,0,S,0,0,0
D7651658,986635,997368,1,1801,1799,0,0,76,90,CCW,0,S,0,0,0
D7651658,986636,997369,1,1800,1799,0,0,76,90,CCW,0,S,0,0,0
D7651658,986637,997370,1,1799,1799,0,0,76,90,CCW,0,S,0,0,0
D7651658,986638,997371,1,1801,1799,0,0,76,90,CCW,0,S,0,0,0
D7651658,986639,997373,2,1800,1799,0,0,76,90,CCW,0,S,0,1,1
D7651658,986640,997374,1,1800,1799,0,0,76,90,CCW,0,S,0,0,0
D7651658,986641,997375,1,1799,1799,0,0,76,90,CCW,0,S,0,0,0
D7651658,986642,997376,1,1800,1799,0,0,76,90,CCW,0,S,0,0,0
D7651658,986643,997377,1,1799,1799,0,0,76,90,CCW,0,S,0,0,0
D7651658,986644,997378,1,1799,1799,0,0,76,90,CCW,0,S,0,0,0
D7651658,986645,997379,1,1798,1799,0,0,76,90,CCW,0,S,0,0,0
D7651658,986646,997380,1,1799,1799,0,0,76,90,CCW,0,S,0,0,0
D7651658,986647,997381,1,1800,1799,0,0,76,90,CCW,0,S,0,0,0
D7651658,986648,997382,1,1798,1799,0,0,76,90,CCW,0,S,0,0,0
D7651658,986649,997383,1,1799,1799,0,0,76,90,CCW,0,S,0,0,0
D7651658,986650,997384,1,1799,1799,0,0,76,90,CCW,0,S,0,0,0
D7651658,986651,997385,1,1800,1799,0,0,76,90,CCW,0,S,0,0,0
D7651658,986652,997386,1,1800,1799,0,0,76,90,CCW,0,S,0,0,0
D7651658,986653,997387,1,1800,1799,0,0,76,90,CCW,0,S,0,0,0
D7651658,986654,997388,1,1800,1799,0,0,76,90,CCW,0,S,0,0,0
D7651658,986655,997389,1,1801,1799,0,0,76,90,CCW,0,S,0,0,0
D7651658,986656,997390,1,1797,1799,0,0,76,90,CCW,0,S,0,0,0
D7651658,986657,997391,1,1801,1799,0,0,76,90,CCW,0,S,0,0,0
D7651658,986658,997392,1,1804,1799,0,0,76,90,CCW,0,S,0,0,0
D7651658,986659,997393,1,1799,1799,0,0,76,90,CCW,0,S,0,0,0
D7651658,986660,997394,1,1798,1799,0,0,76,90,CCW,0,S,0,0,0
D7651658,986661,997395,1,1784,1799,0,0,76,90,CCW,0,S,0,0,0
D7651658,986662,997396,1,1798,1799,0,0,76,90,CCW,0,S,0,0,0
D7651658,986663,997397,1,1800,1799,0,0,76,90,CCW,0,S,0,0,0
D7651658,986664,997398,1,1800,1799,0,0,76,90,CCW,0,S,0,0,0
D7651658,986665,997399,1,1800,1799,0,0,76,90,CCW,0,S,0,0,0
D7651658,986666,997400,1,1799,1799,0,0,76,90,CCW,0,S,0,0,0
D7651658,986667,997401,1,1799,1799,0,0,76,90,CCW,0,S,0,0,0
D7651658,986668,997402,1,1799,1799,0,0,76,90,CCW,0,S,0,0,0
D7651658,986669,997403,1,1800,1799,0,0,76,90,CCW,0,S,0,0,0
D7651658,986670,997404,1,1800,1799,0,0,76,90,CCW,0,S,0,0,0
D7651658,986671,997405,1,1799,1799,0,0,76,90,CCW,0,S,0,0,0
D7651658,986672,997406,1,1798,1799,0,0,76,90,CCW,0,S,0,0,0
D7651658,986673,997407,1,1800,1799,0,0,76,90,CCW,0,S,0,0,0
D7651658,986674,997408,1,1799,1799,0,0,76,90,CCW,0,S,0,0,0
D7651658,986675,997409,1,1799,1799,0,0,76,90,CCW,0,S,0,0,0
D7651658,986676,997410,1,1802,1799,0,0,76,90,CCW,0,S,0,0,0
D7651658,986677,997411,1,1797,1799,0,0,76,90,CCW,0,S,0,0,0
D7651658,986678,997412,1,1799,1799,0,0,76,90,CCW,0,S,0,0,0
D7651658,986679,997413,1,1800,1799,0,0,76,90,CCW,0,S,0,0,0
D7651658,986680,997414,1,1800,1799,0,0,76,90,CCW,0,S,0,0,0
D7651658,986681,997415,1,1799,1799,0,0,76,90,CCW,0,S,0,0,0
D7651658,986682,997416,1,1799,1799,0,0,76,90,CCW,0,S,0,0,0
D7651658,986683,997417,1,1799,1799,0,0,76,90,CCW,0,S,0,0,0
D7651658,986684,997418,1,1799,1799,0,0,76,90,CCW,0,S,0,0,0
D7651658,986685,997419,1,1798,1799,0,0,76,90,CCW,0,S,0,0,0
D7651658,986686,997420,1,1799,1799,0,0,76,90,CCW,0,S,0,0,0
D7651658,986687,997421,1,1801,1799,0,0,76,90,CCW,0,S,0,0,0
D7651658,986688,997422,1,1798,1799,0,0,76,90,CCW,0,S,0,0,0
D7651658,986689,997423,1,1799,1799,0,0,76,90,CCW,0,S,0,0,0
D7651658,986690,997424,1,1798,1799,0,0,76,90,CCW,0,S,0,0,0
D7651658,986691,997425,1,1800,1799,0,0,76,90,CCW,0,S,0,0,0
D7651658,986692,997426,1,1800,1799,0,0,76,90,CCW,0,S,0,0,0
D7651658,986693,997427,1,1800,1799,0,0,77,90,CCW,0,S,0,0,0
D7651658,986694,997428,1,1799,1799,0,0,77,90,CCW,0,S,0,0,0
D7651658,986695,997429,1,1799,1799,0,0,77,90,CCW,0,S,0,0,0
D7651658,986696,997430,1,1809,1799,0,0,77,90,CCW,0,S,0,0,0
D7651658,986697,997431,1,1801,1799,0,0,77,90,CCW,0,S,0,0,0
D7651658,986698,997432,1,1805,1799,0,0,77,90,CCW,0,S,0,0,0
D7651658,986699,997433,1,1799,1799,0,0,77,90,CCW,0,S,0,0,0
D7651658,986700,997434,1,1799,1799,0,0,77,90,CCW,0,S,0,0,0
D7651658,986701,997435,1,1800,1799,0,0,77,90,CCW,0,S,0,0,0
D7651658,986702,997436,1,1801,1799,0,0,77,90,CCW,0,S,0,0,0
D7651658,986703,997437,1,1800,1799,0,0,77,90,CCW,0,S,0,0,0
D7651658,986704,997438,1,1799,1799,0,0,77,90,CCW,0,S,0,0,0
D7651658,986705,997439,1,1800,1799,0,0,77,90,CCW,0,S,0,0,0
D7651658,986706,997440,1,1796,1799,0,0,77,90,CCW,0,S,0,0,0
D7651658,986707,997441,1,1799,1799,0,0,77,90,CCW,0,S,0,0,0
D7651658,986708,997442,1,1799,1799,0,0,77,90,CCW,0,S,0,0,0
D7651658,986709,997443,1,1799,1799,0,0,77,90,CCW,0,S,0,0,0
D7651658,986710,997444,1,1798,1799,0,0,77,90,CCW,0,S,0,0,0
D7651658,986711,997445,1,1799,1799,0,0,77,90,CCW,0,S,0,0,0
D7651658,986712,997446,1,1800,1799,0,0,77,90,CCW,0,S,0,0,0
D7651658,986713,997447,1,1801,1799,0,0,77,90,CCW,0,S,0,0,0
D7651658,986714,997448,1,1784,1799,0,0,77,90,CCW,0,S,0,0,0
D7651658,986715,997449,1,1801,1799,0,0,77,90,CCW,0,S,0,0,0
D7651658,986716,997450,1,1799,1799,0,0,77,90,CCW,0,S,0,0,0
D7651658,986717,997451,1,1798,1799,0,0,77,90,CCW,0,S,0,0,0
D7651658,986718,997452,1,1800,1799,0,0,77,90,CCW,0,S,0,0,0
D7651658,986719,997453,1,1799,1799,0,0,77,90,CCW,0,S,0,0,0
D7651658,986720,997454,1,1799,1799,0,0,77,90,CCW,0,S,0,0,0
D7651658,986721,997455,1,1798,1799,0,0,77,90,CCW,0,S,0,0,0
D7651658,986722,997456,1,1800,1799,0,0,77,90,CCW,0,S,0,0,0
D7651658,986723,997457,1,1800,1799,0,0,77,90,CCW,0,S,0,0,0
D7651658,986724,997458,1,1799,1799,0,0,77,90,CCW,0,S,0,0,0
D7651658,986725,997459,1,1801,1799,0,0,77,90,CCW,0,S,0,0,0
D7651658,986726,997460,1,1800,1799,0,0,77,90,CCW,0,S,0,0,0
D7651658,986727,997461,1,1799,1799,0,0,77,90,CCW,0,S,0,0,0
D7651658,986728,997462,1,1798,1799,0,0,77,90,CCW,0,S,0,0,0
D7651658,986729,997463,1,1799,1799,0,0,77,90,CCW,0,S,0,0,0
D7651658,986730,997464,1,1802,1799,0,0,77,90,CCW,0,S,0,0,0
D7651658,986731,997465,1,1799,1799,0,0,77,90,CCW,0,S,0,0,0
D7651658,986732,997466,1,1798,1799,0,0,77,90,CCW,0,S,0,0,0
D7651658,986733,997467,1,1800,1799,0,0,77,90,CCW,0,S,0,0,0
D7651658,986734,997468,1,1800,1799,0,0,77,90,CCW,0,S,0,0,0
D7651658,986735,997469,1,1798,1799,0,0,77,90,CCW,0,S,0,0,0
D7651658,986736,997470,1,1798,1799,0,0,77,90,CCW,0,S,0,0,0
D7651658,986737,997471,1,1796,1799,0,0,77,90,CCW,0,S,0,0,0
D7651658,986738,997472,1,1799,1799,0,0,77,90,CCW,0,S,0,0,0
D7651658,986739,997473,1,1798,1799,0,0,77,90,CCW,0,S,0,0,0
D7651658,986740,997474,1,1797,1799,0,0,77,90,CCW,0,S,0,0,0
D7651658,986741,997475,1,1800,1799,0,0,77,90,CCW,0,S,0,0,0
D7651658,986742,997476,1,1798,1799,0,0,77,90,CCW,0,S,0,0,0
D7651658,986743,997477,1,1798,1799,0,0,77,90,CCW,0,S,0,0,0
D7651658,986744,997478,1,1798,1799,0,0,77,90,CCW,0,S,0,0,0
D7651658,986745,997479,1,1797,1799,0,0,77,90,CCW,0,S,0,0,0
D7651658,986746,997480,1,1801,1799,0,0,77,90,CCW,0,S,0,0,0
D7651658,986747,997481,1,1798,1799,0,0,77,90,CCW,0,S,0,0,0
D7651658,986748,997482,1,1799,1799,0,0,77,90,CCW,0,S,0,0,0
D7651658,986749,997483,1,1798,1799,0,0,77,90,CCW,0,S,0,0,0
D7651658,986750,997484,1,1798,1799,0,0,77,90,CCW,0,S,0,0,0
D7651658,986751,997485,1,1798,1799,0,0,77,90,CCW,0,S,0,0,0
D7651658,986752,997486,1,1800,1799,0,0,77,90,CCW,0,S,0,0,0
D7651658,986753,997487,1,1801,1799,0,0,77,90,CCW,0,S,0,0,0
D7651658,986754,997488,1,1803,1799,0,0,77,90,CCW,0,S,0,0,0
D7651658,986755,997489,1,1787,1799,0,0,77,90,CCW,0,S,0,0,0
D7651658,986756,997490,1,1799,1799,0,0,77,90,CCW,0,S,0,0,0
D7651658,986757,997491,1,1800,1799,0,0,77,90,CCW,0,S,0,0,0
D7651658,986758,997492,1,1800,1799,0,0,77,90,CCW,0,S,0,0,0
D7651658,986759,997493,1,1798,1799,0,0,77,90,CCW,0,S,0,0,0
D7651658,986760,997494,1,1799,1799,0,0,77,90,CCW,0,S,0,0,0
D7651658,986761,997495,1,1800,1799,0,0,77,90,CCW,0,S,0,0,0
D7651658,986762,997496,1,1800,1799,0,0,77,90,CCW,0,S,0,0,0
D7651658,986763,997497,1,1801,1799,0,0,77,90,CCW,0,S,0,0,0
D7651658,986764,997498,1,1798,1799,0,0,77,90,CCW,0,S,0,0,0
D7651658,986765,997499,1,1800,1799,0,0,77,90,CCW,0,S,0,0,0
D7651658,986766,997500,1,1801,1799,0,0,77,90,CCW,0,S,0,0,0
D7651658,986767,997501,1,1799,1799,0,0,77,90,CCW,0,S,0,0,0
D7651658,986768,997502,1,1799,1799,0,0,77,90,CCW,0,S,0,0,0
D7651658,986769,997503,1,1798,1799,0,0,77,90,CCW,0,S,0,0,0
D7651658,986770,997504,1,1799,1799,0,0,77,90,CCW,0,S,0,0,0
D7651658,986771,997505,1,1799,1799,0,0,77,90,CCW,0,S,0,0,0
D7651658,986772,997506,1,1798,1799,0,0,77,90,CCW,0,S,0,0,0
D7651658,986773,997507,1,1799,1799,0,0,77,90,CCW,0,S,0,0,0
D7651658,986774,997508,1,1798,1799,0,0,77,90,CCW,0,S,0,0,0
D7651658,986775,997509,1,1801,1799,0,0,77,90,CCW,0,S,0,0,0
D7651658,986776,997510,1,1784,1799,0,0,77,90,CCW,0,S,0,0,0
D7651658,986777,997511,1,1799,1799,0,0,77,90,CCW,0,S,0,0,0
D7651658,986778,997512,1,1799,1799,0,0,77,90,CCW,0,S,0,0,0
D7651658,986779,997513,1,1799,1799,0,0,77,90,CCW,0,S,0,0,0
D7651658,986780,997514,1,1795,1799,0,0,77,90,CCW,0,S,0,0,0
D7651658,986781,997515,1,1799,1799,0,0,77,90,CCW,0,S,0,0,0
D7651658,986782,997516,1,1798,1799,0,0,77,90,CCW,0,S,0,0,0
D7651658,986783,997517,1,1799,1799,0,0,77,90,CCW,0,S,0,0,0
D7651658,986784,997518,1,1799,1799,0,0,77,90,CCW,0,S,0,0,0
D7651658,986785,997519,1,1799,1799,0,0,77,90,CCW,0,S,0,0,0
D7651658,986786,997520,1,1799,1799,0,0,77,90,CCW,0,S,0,0,0
D7651658,986787,997521,1,1799,1799,0,0,77,90,CCW,0,S,0,0,0
D7651658,986788,997522,1,1798,1799,0,0,77,90,CCW,0,S,0,0,0
D7651658,986789,997523,1,1798,1799,0,0,77,90,CCW,0,S,0,0,0
D7651658,986790,997524,1,1797,1799,0,0,77,90,CCW,0,S,0,0,0
D7651658,986791,997525,1,1797,1799,0,0,77,90,CCW,0,S,0,0,0
D7651658,986792,997526,1,1798,1799,0,0,77,90,CCW,0,S,0,0,0
D7651658,986793,997527,1,1800,1799,0,0,77,90,CCW,0,S,0,0,0
D7651658,986794,997528,1,1798,1799,0,0,77,90,CCW,0,S,0,0,0
D7651658,986795,997529,1,1798,1799,0,0,77,90,CCW,0,S,0,0,0
D7651658,986796,997530,1,1798,1799,0,0,77,90,CCW,0,S,0,0,0
D7651658,986797,997531,1,1799,1799,0,0,77,90,CCW,0,S,0,0,0
D7651658,986798,997532,1,1800,1799,0,0,77,90,CCW,0,S,0,0,0
D7651658,986799,997533,1,1797,1799,0,0,77,90,CCW,0,S,0,0,0
D7651658,986800,997534,1,1798,1799,0,0,77,90,CCW,0,S,0,0,0
D7651658,986801,997535,1,1798,1799,0,0,77,90,CCW,0,S,0,0,0
D7651658,986802,997536,1,1801,1799,0,0,77,90,CCW,0,S,0,0,0
D7651658,986803,997537,1,1800,1799,0,0,77,90,CCW,0,S,0,0,0
D7651658,986804,997538,1,1799,1799,0,0,77,90,CCW,0,S,0,0,0
D7651658,986805,997539,1,1798,1799,0,0,77,90,CCW,0,S,0,0,0
D7651658,986806,997540,1,1797,1799,0,0,77,90,CCW,0,S,0,0,0
D7651658,986807,997541,1,1798,1799,0,0,77,90,CCW,0,S,0,0,0
D7651658,986808,997542,1,1799,1799,0,0,77,90,CCW,0,S,0,0,0
D7651658,986809,997543,1,1799,1799,0,0,77,90,CCW,0,S,0,0,0
D7651658,986810,997544,1,1799,1799,0,0,77,90,CCW,0,S,0,0,0
D7651658,986811,997545,1,1799,1799,0,0,77,90,CCW,0,S,0,0,0
D7651658,986812,997546,1,1799,1799,0,0,77,90,CCW,0,S,0,0,0
D7651658,986813,997547,1,1800,1799,0,0,77,90,CCW,0,S,0,0,0
D7651658,986814,997548,1,1799,1799,0,0,77,90,CCW,0,S,0,0,0
D7651658,986815,997549,1,1799,1799,0,0,77,90,CCW,0,S,0,0,0
D7651658,986816,997550,1,1798,1799,0,0,77,90,CCW,0,S,0,0,0
D7651658,986817,997551,1,1799,1799,0,0,77,90,CCW,0,S,0,0,0
D7651658,986818,997552,1,1798,1799,0,0,77,90,CCW,0,S,0,0,0
D7651658,986819,997553,1,1796,1799,0,0,77,90,CCW,0,S,0,0,0
D7651658,986820,997554,1,1799,1799,0,0,77,90,CCW,0,S,0,0,0
D7651658,986821,997555,1,1799,1799,0,0,77,90,CCW,0,S,0,0,0
D7651658,986822,997556,1,1796,1799,0,0,77,90,CCW,0,S,0,0,0
D7651658,986823,997557,1,1799,1799,0,0,77,90,CCW,0,S,0,0,0
D7651658,986824,997558,1,1799,1799,0,0,77,90,CCW,0,S,0,0,0
D7651658,986825,997559,1,1801,1799,0,0,77,90,CCW,0,S,0,0,0
D7651658,986826,997560,1,1799,1799,0,0,77,90,CCW,0,S,0,0,0
D7651658,986827,997561,1,1799,1799,0,0,77,90,CCW,0,S,0,0,0
D7651658,986828,997562,1,1799,1799,0,0,77,90,CCW,0,S,0,0,0
D7651658,986829,997563,1,1800,1799,0,0,77,90,CCW,0,S,0,0,0
D7651658,986830,997564,1,1800,1799,0,0,77,90,CCW,0,S,0,0,0
D7651658,986831,997565,1,1798,1799,0,0,77,90,CCW,0,S,0,0,0
D7651658,986832,997566,1,1799,1799,0,0,77,90,CCW,0,S,0,0,0
D7651658,986833,997567,1,1797,1799,0,0,77,90,CCW,0,S,0,0,0
D7651658,986834,997568,1,1799,1799,0,0,77,90,CCW,0,S,0,0,0
D7651658,986835,997569,1,1798,1799,0,0,77,90,CCW,0,S,0,0,0
D7651658,986836,997570,1,1800,1799,0,0,77,90,CCW,0,S,0,0,0
D7651658,986837,997573,3,1798,1799,0,0,77,90,CCW,0,S,0,1,2
D7651658,986838,997574,1,1798,1799,0,0,77,90,CCW,0,S,0,0,0
D7651658,986839,997575,1,1799,1799,0,0,77,90,CCW,0,S,0,0,0
D7651658,986840,997576,1,1798,1799,0,0,78,90,CCW,0,S,0,0,0
D7651658,986841,997578,2,1797,1799,0,0,78,90,CCW,0,S,0,1,1
D7651658,986842,997579,1,1800,1799,0,0,78,90,CCW,0,S,0,0,0
D7651658,986843,997580,1,1800,1799,0,0,78,90,CCW,0,S,0,0,0
D7651658,986844,997582,2,1799,1799,0,0,78,90,CCW,0,S,0,1,1
D7651658,986845,997583,1,1798,1799,0,0,78,90,CCW,0,S,0,0,0
D7651658,986846,997584,1,1798,1799,0,0,78,90,CCW,0,S,0,0,0
D7651658,986847,997585,1,1799,1799,0,0,78,90,CCW,0,S,0,0,0
D7651658,986848,997586,1,1799,1799,0,0,78,90,CCW,0,S,0,0,0
D7651658,986849,997587,1,1815,1799,0,0,78,90,CCW,0,S,0,0,0
D7651658,986850,997588,1,1799,1799,0,0,78,90,CCW,0,S,0,0,0
D7651658,986851,997589,1,1799,1799,0,0,78,90,CCW,0,S,0,0,0
D7651658,986852,997590,1,1798,1799,0,0,78,90,CCW,0,S,0,0,0
D7651658,986853,997591,1,1797,1799,0,0,78,90,CCW,0,S,0,0,0
D7651658,986854,997592,1,1799,1799,0,0,78,90,CCW,0,S,0,0,0
D7651658,986855,997593,1,1800,1799,0,0,78,90,CCW,0,S,0,0,0
D7651658,986856,997594,1,1800,1799,0,0,78,90,CCW,0,S,0,0,0
D7651658,986857,997595,1,1798,1799,0,0,78,90,CCW,0,S,0,0,0
D7651658,986858,997596,1,1796,1799,0,0,78,90,CCW,0,S,0,0,0
D7651658,986859,997597,1,1798,1799,0,0,78,90,CCW,0,S,0,0,0
D7651658,986860,997598,1,1800,1799,0,0,78,90,CCW,0,S,0,0,0
D7651658,986861,997599,1,1800,1799,0,0,78,90,CCW,0,S,0,0,0
D7651658,986862,997600,1,1799,1799,0,0,78,90,CCW,0,S,0,0,0
D7651658,986863,997601,1,1799,1799,0,0,78,90,CCW,0,S,0,0,0
D7651658,986864,997602,1,1798,1799,0,0,78,90,CCW,0,S,0,0,0
D7651658,986865,997603,1,1799,1799,0,0,78,90,CCW,0,S,0,0,0
D7651658,986866,997604,1,1798,1799,0,0,78,90,CCW,0,S,0,0,0
D7651658,986867,997605,1,1800,1799,0,0,78,90,CCW,0,S,0,0,0
D7651658,986868,997606,1,1800,1799,0,0,78,90,CCW,0,S,0,0,0
D7651658,986869,997607,1,1798,1799,0,0,78,90,CCW,0,S,0,0,0
D7651658,986870,997608,1,1800,1799,0,0,78,90,CCW,0,S,0,0,0
D7651658,986871,997609,1,1798,1799,0,0,78,90,CCW,0,S,0,0,0
D7651658,986872,997610,1,1801,1799,0,0,78,90,CCW,0,S,0,0,0
D7651658,986873,997611,1,1797,1799,0,0,78,90,CCW,0,S,0,0,0
D7651658,986874,997612,1,1798,1799,0,0,78,90,CCW,0,S,0,0,0
D7651658,986875,997613,1,1798,1799,0,0,78,90,CCW,0,S,0,0,0
D7651658,986876,997614,1,1798,1799,0,0,78,90,CCW,0,S,0,0,0
D7651658,986877,997615,1,1800,1799,0,0,78,90,CCW,0,S,0,0,0
D7651658,986878,997616,1,1798,1799,0,0,78,90,CCW,0,S,0,0,0
D7651658,986879,997617,1,1799,1799,0,0,78,90,CCW,0,S,0,0,0
D7651658,986880,997618,1,1799,1799,0,0,78,90,CCW,0,S,0,0,0
D7651658,986881,997619,1,1799,1799,0,0,78,90,CCW,0,S,0,0,0
D7651658,986882,997620,1,1799,1799,0,0,78,90,CCW,0,S,0,0,0
D7651658,986883,997621,1,1799,1799,0,0,78,90,CCW,0,S,0,0,0
D7651658,986884,997622,1,1798,1799,0,0,78,90,CCW,0,S,0,0,0
D7651658,986885,997623,1,1798,1799,0,0,78,90,CCW,0,S,0,0,0
D7651658,986886,997624,1,1799,1799,0,0,78,90,CCW,0,S,0,0,0
D7651658,986887,997625,1,1799,1799,0,0,78,90,CCW,0,S,0,0,0
D7651658,986888,997626,1,1798,1799,0,0,78,90,CCW,0,S,0,0,0
D7651658,986889,997627,1,1799,1799,0,0,78,90,CCW,0,S,0,0,0
D7651658,986890,997628,1,1797,1799,0,0,78,90,CCW,0,S,0,0,0
D7651658,986891,997629,1,1799,1799,0,0,78,90,CCW,0,S,0,0,0
D7651658,986892,997630,1,1797,1799,0,0,78,90,CCW,0,S,0,0,0
D7651658,986893,997631,1,1796,1799,0,0,78,90,CCW,0,S,0,0,0
D7651658,986894,997632,1,1801,1799,0,0,78,90,CCW,0,S,0,0,0
D7651658,986895,997633,1,1798,1799,0,0,78,90,CCW,0,S,0,0,0
D7651658,986896,997634,1,1800,1799,0,0,78,90,CCW,0,S,0,0,0
D7651658,986897,997635,1,1798,1799,0,0,78,90,CCW,0,S,0,0,0
D7651658,986898,997636,1,1798,1799,0,0,78,90,CCW,0,S,0,0,0
D7651658,986899,997637,1,1789,1799,0,0,78,90,CCW,0,S,0,0,0
D7651658,986900,997638,1,1798,1799,0,0,78,90,CCW,0,S,0,0,0
D7651658,986901,997639,1,1799,1799,0,0,78,90,CCW,0,S,0,0,0
D7651658,986902,997640,1,1799,1799,0,0,78,90,CCW,0,S,0,0,0
D7651658,986903,997641,1,1799,1799,0,0,78,90,CCW,0,S,0,0,0
D7651658,986904,997642,1,1798,1799,0,0,78,90,CCW,0,S,0,0,0
D7651658,986905,997643,1,1799,1799,0,0,78,90,CCW,0,S,0,0,0
D7651658,986906,997644,1,1797,1799,0,0,78,90,CCW,0,S,0,0,0
D7651658,986907,997645,1,1798,1799,0,0,78,90,CCW,0,S,0,0,0
D7651658,986908,997646,1,1798,1799,0,0,78,90,CCW,0,S,0,0,0
D7651658,986909,997647,1,1799,1799,0,0,78,90,CCW,0,S,0,0,0
D7651658,986910,997648,1,1795,1799,0,0,78,90,CCW,0,S,0,0,0
D7651658,986911,997649,1,1798,1799,0,0,78,90,CCW,0,S,0,0,0
D7651658,986912,997650,1,1798,1799,0,0,78,90,CCW,0,S,0,0,0
D7651658,986913,997651,1,1799,1799,0,0,78,90,CCW,0,S,0,0,0
D7651658,986914,997652,1,1799,1799,0,0,78,90,CCW,0,S,0,0,0
D7651658,986915,997653,1,1797,1799,0,0,78,90,CCW,0,S,0,0,0
D7651658,986916,997654,1,1797,1799,0,0,78,90,CCW,0,S,0,0,0
D7651658,986917,997655,1,1799,1799,0,0,78,90,CCW,0,S,0,0,0
D7651658,986918,997656,1,1797,1799,0,0,78,90,CCW,0,S,0,0,0
D7651658,986919,997657,1,1799,1799,0,0,78,90,CCW,0,S,0,0,0
D7651658,986920,997658,1,1799,1799,0,0,78,90,CCW,0,S,0,0,0
D7651658,986921,997659,1,1799,1799,0,0,78,90,CCW,0,S,0,0,0
D7651658,986922,997660,1,1803,1799,0,0,78,90,CCW,0,S,0,0,0
D7651658,986923,997661,1,1798,1799,0,0,78,90,CCW,0,S,0,0,0
D7651658,986924,997662,1,1798,1799,0,0,78,90,CCW,0,S,0,0,0
D7651658,986925,997663,1,1798,1799,0,0,78,90,CCW,0,S,0,0,0
D7651658,986926,997664,1,1796,1799,0,0,78,90,CCW,0,S,0,0,0
D7651658,986927,997665,1,1797,1799,0,0,78,90,CCW,0,S,0,0,0
D7651658,986928,997666,1,1798,1799,0,0,78,90,CCW,0,S,0,0,0
D7651658,986929,997667,1,1795,1799,0,0,78,90,CCW,0,S,0,0,0
D7651658,986930,997668,1,1797,1799,0,0,78,90,CCW,0,S,0,0,0
D7651658,986931,997669,1,1806,1799,0,0,78,90,CCW,0,S,0,0,0
D7651658,986932,997670,1,1799,1799,0,0,78,90,CCW,0,S,0,0,0
D7651658,986933,997671,1,1797,1799,0,0,78,90,CCW,0,S,0,0,0
D7651658,986934,997672,1,1796,1799,0,0,78,90,CCW,0,S,0,0,0
D7651658,986935,997673,1,1798,1799,0,0,78,90,CCW,0,S,0,0,0
D7651658,986936,997674,1,1797,1799,0,0,78,90,CCW,0,S,0,0,0
D7651658,986937,997675,1,1798,1799,0,0,78,90,CCW,0,S,0,0,0
D7651658,986938,997676,1,1797,1799,0,0,78,90,CCW,0,S,0,0,0
D7651658,986939,997677,1,1796,1799,0,0,78,90,CCW,0,S,0,0,0
D7651658,986940,997678,1,1797,1799,0,0,78,90,CCW,0,S,0,0,0
D7651658,986941,997680,2,1796,1799,0,0,78,90,CCW,0,S,0,1,1
D7651658,986942,997681,1,1798,1799,0,0,78,90,CCW,0,S,0,0,0
D7651658,986943,997682,1,1797,1799,0,0,78,90,CCW,0,S,0,0,0
D7651658,986944,997683,1,1798,1799,0,0,78,90,CCW,0,S,0,0,0
D7651658,986945,997684,1,1797,1799,0,0,78,90,CCW,0,S,0,0,0
D7651658,986946,997685,1,1797,1799,0,0,78,90,CCW,0,S,0,0,0
D7651658,986947,997686,1,1796,1799,0,0,78,90,CCW,0,S,0,0,0
D7651658,986948,997687,1,1797,1799,0,0,78,90,CCW,0,S,0,0,0
D7651658,986949,997688,1,1797,1799,0,0,78,90,CCW,0,S,0,0,0
D7651658,986950,997689,1,1797,1799,0,0,78,90,CCW,0,S,0,0,0
D7651658,986951,997690,1,1797,1799,0,0,78,90,CCW,0,S,0,0,0
D7651658,986952,997691,1,1788,1799,0,0,78,90,CCW,0,S,0,0,0
D7651658,986953,997692,1,1798,1799,0,0,78,90,CCW,0,S,0,0,0
D7651658,986954,997693,1,1797,1799,0,0,78,90,CCW,0,S,0,0,0
D7651658,986955,997694,1,1796,1799,0,0,78,90,CCW,0,S,0,0,0
D7651658,986956,997695,1,1796,1799,0,0,78,90,CCW,0,S,0,0,0
D7651658,986957,997696,1,1796,1799,0,0,78,90,CCW,0,S,0,0,0
D7651658,986958,997697,1,1797,1799,0,0,78,90,CCW,0,S,0,0,0
D7651658,986959,997698,1,1797,1799,0,0,78,90,CCW,0,S,0,0,0
D7651658,986960,997699,1,1796,1799,0,0,78,90,CCW,0,S,0,0,0
D7651658,986961,997700,1,1796,1799,0,0,78,90,CCW,0,S,0,0,0
D7651658,986962,997701,1,1797,1799,0,0,78,90,CCW,0,S,0,0,0
D7651658,986963,997702,1,1795,1799,0,0,78,90,CCW,0,S,0,0,0
D7651658,986964,997703,1,1795,1799,0,0,78,90,CCW,0,S,0,0,0
D7651658,986965,997704,1,1796,1799,0,0,78,90,CCW,0,S,0,0,0
D7651658,986966,997705,1,1796,1799,0,0,78,90,CCW,0,S,0,0,0
D7651658,986967,997706,1,1797,1799,0,0,78,90,CCW,0,S,0,0,0
D7651658,986968,997707,1,1798,1799,0,0,78,90,CCW,0,S,0,0,0
D7651658,986969,997708,1,1795,1799,0,0,78,90,CCW,0,S,0,0,0
D7651658,986970,997709,1,1796,1799,0,0,78,90,CCW,0,S,0,0,0
D7651658,986971,997710,1,1796,1799,0,0,78,90,CCW,0,S,0,0,0
D7651658,986972,997711,1,1795,1799,0,0,78,90,CCW,0,S,0,0,0
D7651658,986973,997712,1,1796,1799,0,0,78,90,CCW,0,S,0,0,0
D7651658,986974,997713,1,1795,1799,0,0,78,90,CCW,0,S,0,0,0
D7651658,986975,997714,1,1795,1799,0,0,78,90,CCW,0,S,0,0,0
D7651658,986976,997715,1,1797,1799,0,0,78,90,CCW,0,S,0,0,0
D7651658,986977,997716,1,1797,1799,0,0,78,90,CCW,0,S,0,0,0
D7651658,986978,997717,1,1796,1799,0,0,78,90,CCW,0,S,0,0,0
D7651658,986979,997718,1,1797,1799,0,0,78,90,CCW,0,S,0,0,0
D7651658,986980,997719,1,1796,1799,0,0,78,90,CCW,0,S,0,0,0
D7651658,986981,997720,1,1795,1799,0,0,78,90,CCW,0,S,0,0,0
D7651658,986982,997721,1,1796,1799,0,0,78,90,CCW,0,S,0,0,0
D7651658,986983,997722,1,1795,1799,0,0,78,90,CCW,0,S,0,0,0
D7651658,986984,997723,1,1799,1799,0,0,78,90,CCW,0,S,0,0,0
D7651658,986985,997724,1,1799,1799,0,0,78,90,CCW,0,S,0,0,0
D7651658,986986,997725,1,1796,1799,0,0,78,90,CCW,0,S,0,0,0
D7651658,986987,997726,1,1796,1799,0,0,78,90,CCW,0,S,0,0,0
D7651658,986988,997727,1,1799,1799,0,0,79,90,CCW,0,S,0,0,0
D7651658,986989,997728,1,1797,1799,0,0,79,90,CCW,0,S,0,0,0
D7651658,986990,997729,1,1798,1799,0,0,79,90,CCW,0,S,0,0,0
D7651658,986991,997730,1,1797,1799,0,0,79,90,CCW,0,S,0,0,0
D7651658,986992,997731,1,1795,1799,0,0,79,90,CCW,0,S,0,0,0
D7651658,986993,997732,1,1796,1799,0,0,79,90,CCW,0,S,0,0,0
D7651658,986994,997733,1,1795,1799,0,0,79,90,CCW,0,S,0,0,0
D7651658,986995,997734,1,1796,1799,0,0,79,90,CCW,0,S,0,0,0
D7651658,986996,997735,1,1796,1799,0,0,79,90,CCW,0,S,0,0,0
D7651658,986997,997736,1,1796,1799,0,0,79,90,CCW,0,S,0,0,0
D7651658,986998,997737,1,1796,1799,0,0,79,90,CCW,0,S,0,0,0
D7651658,986999,997738,1,1796,1799,0,0,79,90,CCW,0,S,0,0,0
D7651658,987000,997739,1,1796,1799,0,0,79,90,CCW,0,S,0,0,0
D7651658,987001,997740,1,1797,1799,0,0,79,90,CCW,0,S,0,0,0
D7651658,987002,997741,1,1795,1799,0,0,79,90,CCW,0,S,0,0,0
D7651658,987003,997742,1,1796,1799,0,0,79,90,CCW,0,S,0,0,0
D7651658,987004,997743,1,1797,1799,0,0,79,90,CCW,0,S,0,0,0
D7651658,987005,997744,1,1796,1799,0,0,79,90,CCW,0,S,0,0,0
D7651658,987006,997745,1,1797,1799,0,0,79,90,CCW,0,S,0,0,0
D7651658,987007,997746,1,1796,1799,0,0,79,90,CCW,0,S,0,0,0
D7651658,987008,997747,1,1796,1799,0,0,79,90,CCW,0,S,0,0,0
D7651658,987009,997748,1,1797,1799,0,0,79,90,CCW,0,S,0,0,0
D7651658,987010,997749,1,1795,1799,0,0,79,90,CCW,0,S,0,0,0
D7651658,987011,997750,1,1796,1799,0,0,79,90,CCW,0,S,0,0,0
D7651658,987012,997751,1,1797,1799,0,0,79,90,CCW,0,S,0,0,0
D7651658,987013,997752,1,1796,1799,0,0,79,90,CCW,0,S,0,0,0
D7651658,987014,997753,1,1796,1799,0,0,79,90,CCW,0,S,0,0,0
D7651658,987015,997754,1,1795,1799,0,0,79,90,CCW,0,S,0,0,0
D7651658,987016,997755,1,1795,1799,0,0,79,90,CCW,0,S,0,0,0
D7651658,987017,997756,1,1795,1799,0,0,79,90,CCW,0,S,0,0,0
D7651658,987018,997757,1,1796,1799,0,0,79,90,CCW,0,S,0,0,0
D7651658,987019,997758,1,1796,1799,0,0,79,90,CCW,0,S,0,0,0
D7651658,987020,997759,1,1795,1799,0,0,79,90,CCW,0,S,0,0,0
D7651658,987021,997760,1,1796,1799,0,0,79,90,CCW,0,S,0,0,0
D7651658,987022,997761,1,1795,1799,0,0,79,90,CCW,0,S,0,0,0
D7651658,987023,997762,1,1797,1799,0,0,79,90,CCW,0,S,0,0,0
D7651658,987024,997763,1,1795,1799,0,0,79,90,CCW,0,S,0,0,0
D7651658,987025,997764,1,1795,1799,0,0,79,90,CCW,0,S,0,0,0
D7651658,987026,997765,1,1780,1799,0,0,79,90,CCW,0,S,0,0,0
D7651658,987027,997766,1,1798,1799,0,0,79,90,CCW,0,S,0,0,0
D7651658,987028,997767,1,1794,1799,0,0,79,90,CCW,0,S,0,0,0
D7651658,987029,997768,1,1796,1799,0,0,79,90,CCW,0,S,0,0,0
D7651658,987030,997769,1,1797,1799,0,0,79,90,CCW,0,S,0,0,0
D7651658,987031,997770,1,1795,1799,0,0,79,90,CCW,0,S,0,0,0
D7651658,987032,997771,1,1795,1799,0,0,79,90,CCW,0,S,0,0,0
D7651658,987033,997772,1,1794,1799,0,0,79,90,CCW,0,S,0,0,0
D7651658,987034,997773,1,1795,1799,0,0,79,90,CCW,0,S,0,0,0
D7651658,987035,997774,1,1795,1799,0,0,79,90,CCW,0,S,0,0,0
D7651658,987036,997775,1,1794,1799,0,0,79,90,CCW,0,S,0,0,0
D7651658,987037,997776,1,1794,1799,0,0,79,90,CCW,0,S,0,0,0
D7651658,987038,997777,1,1795,1799,0,0,79,90,CCW,0,S,0,0,0
D7651658,987039,997778,1,1793,1799,0,0,79,90,CCW,0,S,0,0,0
D7651658,987040,997779,1,1793,1799,0,0,79,90,CCW,0,S,0,0,0
D7651658,987041,997780,1,1794,1799,0,0,79,90,CCW,0,S,0,0,0
D7651658,987042,997781,1,1793,1799,0,0,79,90,CCW,0,S,0,0,0
D7651658,987043,997782,1,1794,1799,0,0,79,90,CCW,0,S,0,0,0
D7651658,987044,997783,1,1794,1799,0,0,79,90,CCW,0,S,0,0,0
D7651658,987045,997784,1,1793,1799,0,0,79,90,CCW,0,S,0,0,0
D7651658,987046,997785,1,1793,1799,0,0,79,90,CCW,0,S,0,0,0
D7651658,987047,997786,1,1794,1799,0,0,79,90,CCW,0,S,0,0,0
D7651658,987048,997787,1,1795,1799,0,0,79,90,CCW,0,S,0,0,0
D7651658,987049,997788,1,1794,1799,0,0,79,90,CCW,0,S,0,0,0
D7651658,987050,997789,1,1794,1799,0,0,79,90,CCW,0,S,0,0,0
D7651658,987051,997790,1,1793,1799,0,0,79,90,CCW,0,S,0,0,0
D7651658,987052,997791,1,1794,1799,0,0,79,90,CCW,0,S,0,0,0
D7651658,987053,997792,1,1793,1799,0,0,79,90,CCW,0,S,0,0,0
D7651658,987054,997793,1,1794,1799,0,0,79,90,CCW,0,S,0,0,0
D7651658,987055,997794,1,1794,1799,0,0,79,90,CCW,0,S,0,0,0
D7651658,987056,997795,1,1793,1799,0,0,79,90,CCW,0,S,0,0,0
D7651658,987057,997796,1,1792,1799,0,0,79,90,CCW,0,S,0,0,0
D7651658,987058,997797,1,1793,1799,0,0,79,90,CCW,0,S,0,0,0
D7651658,987059,997798,1,1794,1799,0,0,79,90,CCW,0,S,0,0,0
D7651658,987060,997799,1,1794,1799,0,0,79,90,CCW,0,S,0,0,0
D7651658,987061,997800,1,1793,1799,0,0,79,90,CCW,0,S,0,0,0
D7651658,987062,997801,1,1794,1799,0,0,79,90,CCW,0,S,0,0,0
D7651658,987063,997802,1,1793,1799,0,0,79,90,CCW,0,S,0,0,0
D7651658,987064,997803,1,1794,1799,0,0,79,90,CCW,0,S,0,0,0
D7651658,987065,997804,1,1794,1799,0,0,79,90,CCW,0,S,0,0,0
D7651658,987066,997805,1,1792,1799,0,0,79,90,CCW,0,S,0,0,0
D7651658,987067,997806,1,1794,1799,0,0,79,90,CCW,0,S,0,0,0
D7651658,987068,997807,1,1792,1799,0,0,79,90,CCW,0,S,0,0,0
D7651658,987069,997808,1,1797,1799,0,0,79,90,CCW,0,S,0,0,0
D7651658,987070,997809,1,1792,1799,0,0,79,90,CCW,0,S,0,0,0
D7651658,987071,997810,1,1793,1799,0,0,79,90,CCW,0,S,0,0,0
D7651658,987072,997811,1,1792,1799,0,0,79,90,CCW,0,S,0,0,0
D7651658,987073,997812,1,1793,1799,0,0,79,90,CCW,0,S,0,0,0
D7651658,987074,997813,1,1793,1799,0,0,79,90,CCW,0,S,0,0,0
D7651658,987075,997814,1,1792,1799,0,0,79,90,CCW,0,S,0,0,0
D7651658,987076,997815,1,1793,1799,0,0,79,90,CCW,0,S,0,0,0
D7651658,987077,997816,1,1789,1799,0,0,79,90,CCW,0,S,0,0,0
D7651658,987078,997817,1,1790,1799,0,0,79,90,CCW,0,S,0,0,0
D7651658,987079,997818,1,1791,1799,0,0,79,90,CCW,0,S,0,0,0
D7651658,987080,997819,1,1791,1799,0,0,79,90,CCW,0,S,0,0,0
D7651658,987081,997820,1,1792,1799,0,0,79,90,CCW,0,S,0,0,0
D7651658,987082,997821,1,1791,1799,0,0,79,90,CCW,0,S,0,0,0
D7651658,987083,997822,1,1793,1799,0,0,79,90,CCW,0,S,0,0,0
D7651658,987084,997823,1,1792,1799,0,0,79,90,CCW,0,S,0,0,0
D7651658,987085,997824,1,1787,1799,0,0,79,90,CCW,0,S,0,0,0
D7651658,987086,997825,1,1792,1799,0,0,79,90,CCW,0,S,0,0,0
D7651658,987087,997826,1,1792,1799,0,0,79,90,CCW,0,S,0,0,0
D7651658,987088,997827,1,1792,1799,0,0,79,90,CCW,0,S,0,0,0
D7651658,987089,997828,1,1791,1799,0,0,79,90,CCW,0,S,0,0,0
D7651658,987090,997829,1,1794,1799,0,0,79,90,CCW,0,S,0,0,0
D7651658,987091,997830,1,1792,1799,0,0,79,90,CCW,0,S,0,0,0
D7651658,987092,997831,1,1792,1799,0,0,79,90,CCW,0,S,0,0,0
D7651658,987093,997832,1,1794,1799,0,0,79,90,CCW,0,S,0,0,0
D7651658,987094,997833,1,1792,1799,0,0,79,90,CCW,0,S,0,0,0
D7651658,987095,997834,1,1791,1799,0,0,79,90,CCW,0,S,0,0,0
D7651658,987096,997835,1,1806,1799,0,0,79,90,CCW,0,S,0,0,0
D7651658,987097,997836,1,1791,1799,0,0,79,90,CCW,0,S,0,0,0
D7651658,987098,997837,1,1792,1799,0,0,79,90,CCW,0,S,0,0,0
D7651658,987099,997838,1,1793,1799,0,0,79,90,CCW,0,S,0,0,0
D7651658,987100,997839,1,1791,1799,0,0,79,90,CCW,0,S,0,0,0
D7651658,987101,997840,1,1791,1799,0,0,79,90,CCW,0,S,0,0,0
D7651658,987102,997841,1,1792,1799,0,0,79,90,CCW,0,S,0,0,0
D7651658,987103,997842,1,1791,1799,0,0,79,90,CCW,0,S,0,0,0
D7651658,987104,997843,1,1791,1799,0,0,79,90,CCW,0,S,0,0,0
D7651658,987105,997844,1,1793,1799,0,0,79,90,CCW,0,S,0,0,0
D7651658,987106,997845,1,1790,1799,0,0,79,90,CCW,0,S,0,0,0
D7651658,987107,997846,1,1790,1799,0,0,79,90,CCW,0,S,0,0,0
D7651658,987108,997847,1,1790,1799,0,0,79,90,CCW,0,S,0,0,0
D7651658,987109,997848,1,1791,1799,0,0,79,90,CCW,0,S,0,0,0
D7651658,987110,997849,1,1791,1799,0,0,79,90,CCW,0,S,0,0,0
D7651658,987111,997850,1,1791,1799,0,0,79,90,CCW,0,S,0,0,0
D7651658,987112,997851,1,1789,1799,0,0,79,90,CCW,0,S,0,0,0
D7651658,987113,997852,1,1791,1799,0,0,79,90,CCW,0,S,0,0,0
D7651658,987114,997853,1,1790,1799,0,0,79,90,CCW,0,S,0,0,0
D7651658,987115,997854,1,1790,1799,0,0,79,90,CCW,0,S,0,0,0
D7651658,987116,997855,1,1789,1799,0,0,79,90,CCW,0,S,0,0,0
D7651658,987117,997856,1,1789,1799,0,0,79,90,CCW,0,S,0,0,0
D7651658,987118,997857,1,1789,1799,0,0,79,90,CCW,0,S,0,0,0
D7651658,987119,997858,1,1789,1799,0,0,79,90,CCW,0,S,0,0,0
D7651658,987120,997859,1,1789,1799,0,0,79,90,CCW,0,S,0,0,0
D7651658,987121,997860,1,1789,1799,0,0,79,90,CCW,0,S,0,0,0
D7651658,987122,997861,1,1788,1799,0,0,79,90,CCW,0,S,0,0,0
D7651658,987123,997862,1,1788,1799,0,0,79,90,CCW,0,S,0,0,0
D7651658,987124,997863,1,1788,1799,0,0,79,90,CCW,0,S,0,0,0
D7651658,987125,997864,1,1789,1799,0,0,79,90,CCW,0,S,0,0,0
D7651658,987126,997865,1,1788,1799,0,0,79,90,CCW,0,S,0,0,0
D7651658,987127,997866,1,1788,1799,0,0,79,90,CCW,0,S,0,0,0
D7651658,987128,997867,1,1789,1799,0,0,79,90,CCW,0,S,0,0,0
D7651658,987129,997868,1,1788,1799,0,0,79,90,CCW,0,S,0,0,0
D7651658,987130,997869,1,1788,1799,0,0,79,90,CCW,0,S,0,0,0
D7651658,987131,997870,1,1790,1799,0,0,79,90,CCW,0,S,0,0,0
D7651658,987132,997871,1,1788,1799,0,0,79,90,CCW,0,S,0,0,0
D7651658,987133,997872,1,1787,1799,0,0,79,90,CCW,0,S,0,0,0
D7651658,987134,997873,1,1787,1799,0,0,79,90,CCW,0,S,0,0,0
D7651658,987135,997874,1,1786,1799,0,0,79,90,CCW,0,S,0,0,0
D7651658,987136,997875,1,1785,1799,0,0,79,90,CCW,0,S,0,0,0
D7651658,987137,997876,1,1787,1799,0,0,79,90,CCW,0,S,0,0,0
D7651658,987138,997877,1,1786,1799,0,0,80,90,CCW,0,S,0,0,0
D7651658,987139,997878,1,1787,1799,0,0,80,90,CCW,0,S,0,0,0
D7651658,987140,997879,1,1786,1799,0,0,80,90,CCW,0,S,0,0,0
D7651658,987141,997880,1,1788,1799,0,0,80,90,CCW,0,S,0,0,0
D7651658,987142,997881,1,1782,1799,0,0,80,90,CCW,0,S,0,0,0
D7651658,987143,997882,1,1785,1799,0,0,80,90,CCW,0,S,0,0,0
D7651658,987144,997883,1,1785,1799,0,0,80,90,CCW,0,S,0,0,0
D7651658,987145,997884,1,1784,1799,0,0,80,90,CCW,0,S,0,0,0
D7651658,987146,997885,1,1785,1799,0,0,80,90,CCW,0,S,0,0,0
D7651658,987147,997886,1,1783,1799,0,0,80,90,CCW,0,S,0,0,0
D7651658,987148,997887,1,1783,1799,0,0,80,90,CCW,0,S,0,0,0
D7651658,987149,997888,1,1785,1799,0,0,80,90,CCW,0,S,0,0,0
D7651658,987150,997889,1,1783,1799,0,0,80,90,CCW,0,S,0,0,0
D7651658,987151,997890,1,1783,1799,0,0,80,90,CCW,0,S,0,0,0
D7651658,987152,997891,1,1782,1799,0,0,80,90,CCW,0,S,0,0,0
D7651658,987153,997892,1,1781,1799,0,0,80,90,CCW,0,S,0,0,0
D7651658,987154,997893,1,1782,1799,0,0,80,90,CCW,0,S,0,0,0
D7651658,987155,997894,1,1782,1799,0,0,80,90,CCW,0,S,0,0,0
D7651658,987156,997895,1,1781,1799,0,0,80,90,CCW,0,S,0,0,0
D7651658,987157,997896,1,1781,1799,0,0,80,90,CCW,0,S,0,0,0
D7651658,987158,997897,1,1781,1799,0,0,80,90,CCW,0,S,0,0,0
D7651658,987159,997898,1,1781,1799,0,0,80,90,CCW,0,S,0,0,0
D7651658,987160,997899,1,1780,1799,0,0,80,90,CCW,0,S,0,0,0
D7651658,987161,997900,1,1781,1799,0,0,80,90,CCW,0,S,0,0,0
D7651658,987162,997901,1,1778,1799,0,0,80,90,CCW,0,S,0,0,0
D7651658,987163,997902,1,1779,1799,0,0,80,90,CCW,0,S,0,0,0
D7651658,987164,997903,1,1779,1799,0,0,80,90,CCW,0,S,0,0,0
D7651658,987165,997904,1,1779,1799,0,0,80,90,CCW,0,S,0,0,0
D7651658,987166,997905,1,1777,1799,0,0,80,90,CCW,0,S,0,0,0
D7651658,987167,997906,1,1780,1799,0,0,80,90,CCW,0,S,0,0,0
D7651658,987168,997907,1,1778,1799,0,0,80,90,CCW,0,S,0,0,0
D7651658,987169,997908,1,1779,1799,0,0,80,90,CCW,0,S,0,0,0
D7651658,987170,997909,1,1778,1799,0,0,80,90,CCW,0,S,0,0,0
D7651658,987171,997910,1,1778,1799,0,0,80,90,CCW,0,S,0,0,0
D7651658,987172,997911,1,1777,1799,0,0,80,90,CCW,0,S,0,0,0
D7651658,987173,997912,1,1777,1799,0,0,80,90,CCW,0,S,0,0,0
D7651658,987174,997913,1,1777,1799,0,0,80,90,CCW,0,S,0,0,0
D7651658,987175,997914,1,1777,1799,0,0,80,90,CCW,0,S,0,0,0
D7651658,987176,997915,1,1776,1799,0,0,80,90,CCW,0,S,0,0,0
D7651658,987177,997916,1,1778,1799,0,0,80,90,CCW,0,S,0,0,0
D7651658,987178,997917,1,1778,1799,0,0,80,90,CCW,0,S,0,0,0
D7651658,987179,997918,1,1777,1799,0,0,80,90,CCW,0,S,0,0,0
D7651658,987180,997919,1,1776,1799,0,0,80,90,CCW,0,S,0,0,0
D7651658,987181,997920,1,1778,1799,0,0,80,90,CCW,0,S,0,0,0
D7651658,987182,997921,1,1776,1799,0,0,80,90,CCW,0,S,0,0,0
D7651658,987183,997922,1,1775,1799,0,0,80,90,CCW,0,S,0,0,0
D7651658,987184,997923,1,1776,1799,0,0,80,90,CCW,0,S,0,0,0
D7651658,987185,997924,1,1776,1799,0,0,80,90,CCW,0,S,0,0,0
D7651658,987186,997925,1,1760,1799,0,39,80,90,CCW,1,S,0,0,0
D7651658,987187,997926,1,1779,1799,0,39,80,90,CCW,1,S,0,0,0
D7651658,987188,997927,1,1776,1799,0,39,80,90,CCW,1,S,0,0,0
D7651658,987189,997928,1,1775,1799,0,39,80,90,CCW,1,S,0,0,0
D7651658,987190,997929,1,1775,1799,0,39,80,90,CCW,1,S,0,0,0
D7651658,987191,997930,1,1775,1799,0,39,80,90,CCW,1,S,0,0,0
D7651658,987192,997931,1,1775,1799,0,39,80,90,CCW,1,S,0,0,0
D7651658,987193,997932,1,1774,1799,0,39,80,90,CCW,1,S,0,0,0
D7651658,987194,997933,1,1775,1799,0,39,80,90,CCW,1,S,0,0,0
D7651658,987195,997934,1,1775,1799,0,39,80,90,CCW,1,S,0,0,0
D7651658,987196,997935,1,1774,1799,0,39,80,90,CCW,1,S,0,0,0
D7651658,987197,997936,1,1773,1799,0,39,80,90,CCW,1,S,0,0,0
D7651658,987198,997937,1,1765,1799,0,39,80,90,CCW,1,S,0,0,0
D7651658,987199,997938,1,1774,1799,0,39,80,90,CCW,1,S,0,0,0
D7651658,987200,997939,1,1774,1799,0,39,80,90,CCW,1,S,0,0,0
D7651658,987201,997940,1,1773,1799,0,39,80,90,CCW,1,S,0,0,0
D7651658,987202,997941,1,1773,1799,0,39,80,90,CCW,1,S,0,0,0
D7651658,987203,997942,1,1770,1799,0,39,80,90,CCW,1,S,0,0,0
D7651658,987204,997943,1,1774,1799,0,39,80,90,CCW,1,S,0,0,0
D7651658,987205,997944,1,1774,1799,0,39,80,90,CCW,1,S,0,0,0
D7651658,987206,997945,1,1773,1799,0,39,80,90,CCW,1,S,0,0,0
D7651658,987207,997946,1,1773,1799,0,39,80,90,CCW,1,S,0,0,0
D7651658,987208,997947,1,1772,1799,0,39,80,90,CCW,1,S,0,0,0
D7651658,987209,997948,1,1774,1799,0,39,80,90,CCW,1,S,0,0,0
D7651658,987210,997949,1,1774,1799,0,39,80,90,CCW,1,S,0,0,0
D7651658,987211,997950,1,1774,1799,0,39,80,90,CCW,1,S,0,0,0
D7651658,987212,997951,1,1771,1799,0,39,80,90,CCW,1,S,0,0,0
D7651658,987213,997952,1,1773,1799,0,39,80,90,CCW,1,S,0,0,0
D7651658,987214,997953,1,1771,1799,0,39,80,90,CCW,1,S,0,0,0
D7651658,987215,997954,1,1772,1799,0,39,80,90,CCW,1,S,0,0,0
D7651658,987216,997955,1,1773,1799,0,39,80,90,CCW,1,S,0,0,0
D7651658,987217,997956,1,1774,1799,0,39,80,90,CCW,1,S,0,0,0
D7651658,987218,997957,1,1773,1799,0,39,80,90,CCW,1,S,0,0,0
D7651658,987219,997958,1,1774,1799,0,39,80,90,CCW,1,S,0,0,0
D7651658,987220,997959,1,1775,1799,0,39,80,90,CCW,1,S,0,0,0
D7651658,987221,997960,1,1774,1799,0,39,80,90,CCW,1,S,0,0,0
D7651658,987222,997961,1,1775,1799,0,39,80,90,CCW,1,S,0,0,0
D7651658,987223,997962,1,1775,1799,0,39,80,90,CCW,1,S,0,0,0
D7651658,987224,997963,1,1775,1799,0,39,80,90,CCW,1,S,0,0,0
D7651658,987225,997964,1,1776,1799,0,39,80,90,CCW,1,S,0,0,0
D7651658,987226,997965,1,1776,1799,0,39,80,90,CCW,1,S,0,0,0
D7651658,987227,997966,1,1776,1799,0,39,80,90,CCW,1,S,0,0,0
D7651658,987228,997967,1,1777,1799,0,39,80,90,CCW,1,S,0,0,0
D7651658,987229,997968,1,1777,1799,0,39,80,90,CCW,1,S,0,0,0
D7651658,987230,997969,1,1777,1799,0,39,80,90,CCW,1,S,0,0,0
D7651658,987231,997970,1,1780,1799,0,39,80,90,CCW,1,S,0,0,0
D7651658,987232,997971,1,1781,1799,0,39,80,90,CCW,1,S,0,0,0
D7651658,987233,997972,1,1788,1799,0,39,80,90,CCW,1,S,0,0,0
D7651658,987234,997973,1,1783,1799,0,39,80,90,CCW,1,S,0,0,0
D7651658,987235,997974,1,1786,1799,0,39,80,90,CCW,1,S,0,0,0
D7651658,987236,997975,1,1789,1799,0,39,80,90,CCW,1,S,0,0,0
D7651658,987237,997976,1,1789,1799,0,39,80,90,CCW,1,S,0,0,0
D7651658,987238,997977,1,1791,1799,0,39,80,90,CCW,1,S,0,0,0
D7651658,987239,997978,1,1792,1799,0,0,80,90,CCW,0,S,0,0,0
D7651658,987240,997979,1,1795,1799,0,0,80,90,CCW,0,S,0,0,0
D7651658,987241,997980,1,1799,1799,0,0,80,90,CCW,0,S,0,0,0
D7651658,987242,997981,1,1798,1799,0,0,80,90,CCW,0,S,0,0,0
D7651658,987243,997982,1,1803,1799,0,0,80,90,CCW,0,S,0,0,0
D7651658,987244,997983,1,1804,1799,0,0,80,90,CCW,0,S,0,0,0
D7651658,987245,997984,1,1807,1799,0,0,80,90,CCW,0,S,0,0,0
D7651658,987246,997985,1,1810,1799,0,0,80,90,CCW,0,S,0,0,0
D7651658,987247,997987,2,1814,1799,0,0,80,90,CCW,0,S,0,1,1
D7651658,987248,997988,1,1817,1799,0,0,80,90,CCW,0,S,0,0,0
D7651658,987249,997989,1,1821,1799,0,0,80,90,CCW,0,S,0,0,0
D7651658,987250,997990,1,1827,1799,0,0,80,90,CCW,0,S,0,0,0
D7651658,987251,997992,2,1835,1799,0,0,80,90,CCW,0,S,0,1,1
D7651658,987252,997993,1,1833,1799,0,0,80,90,CCW,0,S,0,0,0
D7651658,987253,997994,1,1840,1799,41,0,80,90,CCW,1,N,0,0,0
D7651658,987254,997995,1,1845,1799,46,0,80,90,CCW,1,N,0,0,0
D7651658,987255,997997,2,1852,1799,53,0,80,90,CCW,1,N,0,1,1
D7651658,987256,997998,1,1856,1799,57,0,80,90,CCW,1,N,0,0,0
D7651658,987257,997999,1,1861,1799,62,0,80,90,CCW,1,N,0,0,0
D7651658,987258,998000,1,1866,1799,67,0,80,90,CCW,1,N,0,0,0
D7651658,987259,998001,1,1871,1799,72,0,80,90,CCW,1,N,0,0,0
D7651658,987260,998002,1,1875,1799,76,0,80,90,CCW,1,N,0,0,0
D7651658,987261,998003,1,1880,1799,81,0,80,90,CCW,1,N,0,0,0
D7651658,987262,998004,1,1887,1799,88,0,80,90,CCW,1,N,0,0,0
D7651658,987263,998005,1,1891,1799,92,0,80,90,CCW,1,N,0,0,0
D7651658,987264,998006,1,1898,1799,99,0,80,90,CCW,1,N,0,0,0
D7651658,987265,998007,1,1901,1799,102,0,80,90,CCW,1,N,0,0,0
D7651658,987266,998008,1,1906,1799,107,0,80,90,CCW,1,N,0,0,0
D7651658,987267,998009,1,1911,1799,112,0,80,90,CCW,1,N,0,0,0
D7651658,987268,998011,2,1922,1799,123,0,80,90,CCW,1,N,0,1,1
D7651658,987269,998012,1,1927,1799,128,0,80,90,CCW,1,N,0,0,0
D7651658,987270,998013,1,1934,1799,135,0,80,90,CCW,1,N,0,0,0
D7651658,987271,998014,1,1937,1799,138,0,80,90,CCW,1,N,0,0,0
D7651658,987272,998015,1,1942,1799,143,0,80,90,CCW,1,N,0,0,0
D7651658,987273,998016,1,1948,1799,149,0,80,90,CCW,1,N,0,0,0
D7651658,987274,998017,1,1956,1799,157,0,80,90,CCW,1,N,0,0,0
D7651658,987275,998018,1,1960,1799,161,0,80,90,CCW,1,N,0,0,0
D7651658,987276,998019,1,1970,1799,171,0,80,90,CCW,1,N,0,0,0
D7651658,987277,998020,1,1967,1799,171,0,80,90,CCW,1,N,0,0,0
D7651658,987278,998021,1,1973,1799,174,0,80,90,CCW,1,N,0,0,0
D7651658,987279,998022,1,1979,1799,180,0,80,90,CCW,1,N,0,0,0
D7651658,987280,998023,1,1984,1799,185,0,80,90,CCW,1,N,0,0,0
D7651658,987281,998024,1,1987,1799,188,0,80,90,CCW,1,N,0,0,0
D7651658,987282,998025,1,1992,1799,193,0,80,90,CCW,1,N,0,0,0
D7651658,987283,998026,1,2002,1799,203,0,80,90,CCW,1,N,0,0,0
D7651658,987284,998027,1,2000,1799,203,0,81,90,CCW,1,N,0,0,0
D7651658,987285,998028,1,2004,1799,205,0,81,90,CCW,1,N,0,0,0
D7651658,987286,998029,1,2011,1799,212,0,81,90,CCW,1,N,0,0,0
D7651658,987287,998030,1,2025,1799,226,0,81,90,CCW,1,N,0,0,0
D7651658,987288,998031,1,2020,1799,226,0,81,90,CCW,1,N,0,0,0
D7651658,987289,998032,1,2022,1799,226,0,81,90,CCW,1,N,0,0,0
D7651658,987290,998033,1,2028,1799,229,0,81,90,CCW,1,N,0,0,0
D7651658,987291,998034,1,2031,1799,232,0,81,90,CCW,1,N,0,0,0
D7651658,987292,998035,1,2032,1799,233,0,81,90,CCW,1,N,0,0,0
D7651658,987293,998036,1,2035,1799,236,0,81,90,CCW,1,N,0,0,0
D7651658,987294,998037,1,2039,1799,240,0,81,90,CCW,1,N,0,0,0
D7651658,987295,998038,1,2043,1799,244,0,81,90,CCW,1,N,0,0,0
D7651658,987296,998039,1,2049,1799,250,0,81,90,CCW,1,N,0,0,0
D7651658,987297,998040,1,2050,1799,251,0,81,90,CCW,1,N,0,0,0
D7651658,987298,998041,1,2057,1799,258,0,81,90,CCW,1,N,0,0,0
D7651658,987299,998042,1,2059,1799,260,0,81,90,CCW,1,N,0,0,0
D7651658,987300,998043,1,2062,1799,263,0,81,90,CCW,1,N,0,0,0
D7651658,987301,998044,1,2064,1799,265,0,81,90,CCW,1,N,0,0,0
D7651658,987302,998045,1,2064,1799,265,0,81,90,CCW,1,N,0,0,0
D7651658,987303,998046,1,2066,1799,267,0,81,90,CCW,1,N,0,0,0
D7651658,987304,998047,1,2068,1799,269,0,81,90,CCW,1,N,0,0,0
D7651658,987305,998048,1,2072,1799,273,0,81,90,CCW,1,N,0,0,0
D7651658,987306,998049,1,2074,1799,275,0,81,90,CCW,1,N,0,0,0
D7651658,987307,998050,1,2078,1799,279,0,81,90,CCW,1,N,0,0,0
D7651658,987308,998051,1,2079,1799,280,0,81,90,CCW,1,N,0,0,0
D7651658,987309,998052,1,2080,1799,281,0,81,90,CCW,1,N,0,0,0
D7651658,987310,998053,1,2083,1799,284,0,81,90,CCW,1,N,0,0,0
D7651658,987311,998054,1,2084,1799,285,0,81,90,CCW,1,N,0,0,0
D7651658,987312,998055,1,2087,1799,288,0,81,90,CCW,1,N,0,0,0
D7651658,987313,998056,1,2087,1799,288,0,81,90,CCW,1,N,0,0,0
D7651658,987314,998057,1,2089,1799,290,0,81,90,CCW,1,N,0,0,0
D7651658,987315,998058,1,2091,1799,292,0,81,90,CCW,1,N,0,0,0
D7651658,987316,998059,1,2091,1799,292,0,81,90,CCW,1,N,0,0,0
D7651658,987317,998060,1,2093,1799,294,0,81,90,CCW,1,N,0,0,0
D7651658,987318,998061,1,2094,1799,295,0,81,90,CCW,1,N,0,0,0
D7651658,987319,998062,1,2097,1799,298,0,81,90,CCW,1,N,0,0,0
D7651658,987320,998063,1,2096,1799,298,0,81,90,CCW,1,N,0,0,0
D7651658,987321,998064,1,2096,1799,298,0,81,90,CCW,1,N,0,0,0
D7651658,987322,998065,1,2096,1799,298,0,81,90,CCW,1,N,0,0,0
D7651658,987323,998066,1,2098,1799,299,0,81,90,CCW,1,N,0,0,0
D7651658,987324,998067,1,2096,1799,299,0,81,90,CCW,1,N,0,0,0
D7651658,987325,998068,1,2096,1799,299,0,81,90,CCW,1,N,0,0,0
D7651658,987326,998069,1,2093,1799,299,0,81,90,CCW,1,N,0,0,0
D7651658,987327,998070,1,2096,1799,299,0,81,90,CCW,1,N,0,0,0
D7651658,987328,998071,1,2097,1799,299,0,81,90,CCW,1,N,0,0,0
D7651658,987329,998072,1,2099,1799,300,0,81,90,CCW,1,N,0,0,0
D7651658,987330,998073,1,2098,1799,300,0,81,90,CCW,1,N,0,0,0
D7651658,987331,998074,1,2098,1799,300,0,81,90,CCW,1,N,0,0,0
D7651658,987332,998075,1,2099,1799,300,0,81,90,CCW,1,N,0,0,0
D7651658,987333,998076,1,2099,1799,300,0,81,90,CCW,1,N,0,0,0
D7651658,987334,998077,1,2098,1799,300,0,81,90,CCW,1,N,0,0,0
D7651658,987335,998078,1,2097,1799,300,0,81,90,CCW,1,N,0,0,0
D7651658,987336,998079,1,2097,1799,300,0,81,90,CCW,1,N,0,0,0
D7651658,987337,998080,1,2097,1799,300,0,81,90,CCW,1,N,0,0,0
D7651658,987338,998081,1,2097,1799,300,0,81,90,CCW,1,N,0,0,0
D7651658,987339,998082,1,2095,1799,300,0,81,90,CCW,1,N,0,0,0
D7651658,987340,998083,1,2094,1799,300,0,81,90,CCW,1,N,0,0,0
D7651658,987341,998084,1,2096,1799,300,0,81,90,CCW,1,N,0,0,0
D7651658,987342,998085,1,2096,1799,300,0,81,90,CCW,1,N,0,0,0
D7651658,987343,998086,1,2094,1799,300,0,81,90,CCW,1,N,0,0,0
D7651658,987344,998087,1,2091,1799,300,0,81,90,CCW,1,N,0,0,0
D7651658,987345,998088,1,2091,1799,300,0,81,90,CCW,1,N,0,0,0
D7651658,987346,998089,1,2090,1799,300,0,81,90,CCW,1,N,0,0,0
D7651658,987347,998090,1,2089,1799,300,0,81,90,CCW,1,N,0,0,0
D7651658,987348,998091,1,2087,1799,300,0,81,90,CCW,1,N,0,0,0
D7651658,987349,998092,1,2087,1799,300,0,81,90,CCW,1,N,0,0,0
D7651658,987350,998093,1,2081,1799,300,0,81,90,CCW,1,N,0,0,0
D7651658,987351,998094,1,2080,1799,300,0,81,90,CCW,1,N,0,0,0
D7651658,987352,998095,1,2081,1799,300,0,81,90,CCW,1,N,0,0,0
D7651658,987353,998096,1,2076,1799,300,0,81,90,CCW,1,N,0,0,0
D7651658,987354,998097,1,2074,1799,300,0,81,90,CCW,1,N,0,0,0
D7651658,987355,998098,1,2071,1799,300,0,81,90,CCW,1,N,0,0,0
D7651658,987356,998099,1,2069,1799,300,0,81,90,CCW,1,N,0,0,0
D7651658,987357,998100,1,2065,1799,300,0,81,90,CCW,1,N,0,0,0
D7651658,987358,998101,1,2064,1799,300,0,81,90,CCW,1,N,0,0,0
D7651658,987359,998102,1,2062,1799,300,0,81,90,CCW,1,N,0,0,0
D7651658,987360,998103,1,2060,1799,300,0,81,90,CCW,1,N,0,0,0
D7651658,987361,998104,1,2057,1799,300,0,81,90,CCW,1,N,0,0,0
D7651658,987362,998105,1,2047,1799,300,0,81,90,CCW,1,N,0,0,0
D7651658,987363,998106,1,2047,1799,300,0,81,90,CCW,1,N,0,0,0
D7651658,987364,998107,1,2039,1799,300,0,81,90,CCW,1,N,0,0,0
D7651658,987365,998108,1,2033,1799,300,0,81,90,CCW,1,N,0,0,0
D7651658,987366,998109,1,2032,1799,300,0,81,90,CCW,1,N,0,0,0
D7651658,987367,998110,1,2028,1799,300,0,81,90,CCW,1,N,0,0,0
D7651658,987368,998111,1,2026,1799,300,0,81,90,CCW,1,N,0,0,0
D7651658,987369,998112,1,2018,1799,300,0,81,90,CCW,1,N,0,0,0
D7651658,987370,998113,1,2015,1799,300,0,81,90,CCW,1,N,0,0,0
D7651658,987371,998114,1,2011,1799,300,0,81,90,CCW,1,N,0,0,0
D7651658,987372,998115,1,2004,1799,300,0,81,90,CCW,1,N,0,0,0
D7651658,987373,998116,1,2002,1799,300,0,81,90,CCW,1,N,0,0,0
D7651658,987374,998117,1,1998,1799,300,0,81,90,CCW,1,N,0,0,0
D7651658,987375,998118,1,1993,1799,300,0,81,90,CCW,1,N,0,0,0
D7651658,987376,998119,1,1988,1799,300,0,81,90,CCW,1,N,0,0,0
D7651658,987377,998120,1,1984,1799,300,0,81,90,CCW,1,N,0,0,0
D7651658,987378,998121,1,1975,1799,300,0,81,90,CCW,1,N,0,0,0
D7651658,987379,998122,1,1974,1799,300,0,81,90,CCW,1,N,0,0,0
D7651658,987380,998123,1,1968,1799,300,0,81,90,CCW,1,N,0,0,0
D7651658,987381,998124,1,1966,1799,300,0,81,90,CCW,1,N,0,0,0
D7651658,987382,998125,1,1962,1799,300,0,81,90,CCW,1,N,0,0,0
D7651658,987383,998126,1,1955,1799,300,0,81,90,CCW,1,N,0,0,0
D7651658,987384,998127,1,1949,1799,300,0,81,90,CCW,1,N,0,0,0
D7651658,987385,998128,1,1944,1799,300,0,81,90,CCW,1,N,0,0,0
D7651658,987386,998129,1,1938,1799,300,0,81,90,CCW,1,N,0,0,0
D7651658,987387,998130,1,1935,1799,300,0,81,90,CCW,1,N,0,0,0
D7651658,987388,998131,1,1931,1799,300,0,81,90,CCW,1,N,0,0,0
D7651658,987389,998132,1,1926,1799,300,0,81,90,CCW,1,N,0,0,0
D7651658,987390,998133,1,1920,1799,300,0,81,90,CCW,1,N,0,0,0
D7651658,987391,998134,1,1916,1799,300,0,81,90,CCW,1,N,0,0,0
D7651658,987392,998135,1,1911,1799,300,0,81,90,CCW,1,N,0,0,0
D7651658,987393,998136,1,1907,1799,300,0,81,90,CCW,1,N,0,0,0
D7651658,987394,998137,1,1902,1799,300,0,81,90,CCW,1,N,0,0,0
D7651658,987395,998138,1,1898,1799,300,0,81,90,CCW,1,N,0,0,0
D7651658,987396,998139,1,1894,1799,300,0,81,90,CCW,1,N,0,0,0
D7651658,987397,998140,1,1888,1799,300,0,81,90,CCW,1,N,0,0,0
D7651658,987398,998141,1,1887,1799,300,0,81,90,CCW,1,N,0,0,0
D7651658,987399,998142,1,1880,1799,300,0,81,90,CCW,1,N,0,0,0
D7651658,987400,998143,1,1875,1799,300,0,81,90,CCW,1,N,0,0,0
D7651658,987401,998144,1,1872,1799,300,0,81,90,CCW,1,N,0,0,0
D7651658,987402,998145,1,1870,1799,300,0,81,90,CCW,1,N,0,0,0
D7651658,987403,998146,1,1868,1799,300,0,81,90,CCW,1,N,0,0,0
D7651658,987404,998147,1,1864,1799,300,0,81,90,CCW,1,N,0,0,0
D7651658,987405,998148,1,1859,1799,300,0,81,90,CCW,1,N,0,0,0
D7651658,987406,998149,1,1843,1799,300,0,81,90,CCW,1,N,0,0,0
D7651658,987407,998150,1,1852,1799,300,0,81,90,CCW,1,N,0,0,0
D7651658,987408,998151,1,1850,1799,300,0,81,90,CCW,1,N,0,0,0
D7651658,987409,998152,1,1847,1799,300,0,81,90,CCW,1,N,0,0,0
D7651658,987410,998153,1,1844,1799,300,0,81,90,CCW,1,N,0,0,0
D7651658,987411,998154,1,1841,1799,300,0,81,90,CCW,1,N,0,0,0
D7651658,987412,998155,1,1829,1799,300,0,81,90,CCW,1,N,0,0,0
D7651658,987413,998156,1,1836,1799,300,0,81,90,CCW,1,N,0,0,0
D7651658,987414,998157,1,1835,1799,300,0,81,90,CCW,1,N,0,0,0
D7651658,987415,998158,1,1834,1799,300,0,81,90,CCW,1,N,0,0,0
D7651658,987416,998159,1,1831,1799,300,0,81,90,CCW,1,N,0,0,0
D7651658,987417,998160,1,1829,1799,300,0,81,90,CCW,1,N,0,0,0
D7651658,987418,998161,1,1827,1799,300,0,81,90,CCW,1,N,0,0,0
D7651658,987419,998162,1,1823,1799,300,0,81,90,CCW,1,N,0,0,0
D7651658,987420,998163,1,1828,1799,300,0,81,90,CCW,1,N,0,0,0
D7651658,987421,998164,1,1822,1799,300,0,81,90,CCW,1,N,0,0,0
D7651658,987422,998165,1,1821,1799,300,0,81,90,CCW,1,N,0,0,0
D7651658,987423,998166,1,1819,1799,300,0,81,90,CCW,1,N,0,0,0
D7651658,987424,998167,1,1818,1799,300,0,81,90,CCW,1,N,0,0,0
D7651658,987425,998168,1,1814,1799,300,0,81,90,CCW,1,N,0,0,0
D7651658,987426,998169,1,1826,1799,300,0,81,90,CCW,1,N,0,0,0
D7651658,987427,998170,1,1810,1799,300,0,81,90,CCW,1,N,0,0,0
D7651658,987428,998171,1,1809,1799,300,0,81,90,CCW,1,N,0,0,0
D7651658,987429,998172,1,1809,1799,300,0,81,90,CCW,1,N,0,0,0
D7651658,987430,998173,1,1808,1799,300,0,81,90,CCW,1,N,0,0,0
D7651658,987431,998174,1,1809,1799,300,0,81,90,CCW,1,N,0,0,0
D7651658,987432,998175,1,1807,1799,300,0,81,90,CCW,1,N,0,0,0
D7651658,987433,998176,1,1807,1799,300,0,81,90,CCW,1,N,0,0,0
D7651658,987434,998177,1,1807,1799,300,0,82,90,CCW,1,N,0,0,0
D7651658,987435,998178,1,1806,1799,300,0,82,90,CCW,1,N,0,0,0
D7651658,987436,998179,1,1802,1799,300,0,82,90,CCW,1,N,0,0,0
D7651658,987437,998180,1,1804,1799,300,0,82,90,CCW,1,N,0,0,0
D7651658,987438,998181,1,1804,1799,300,0,82,90,CCW,1,N,0,0,0
D7651658,987439,998182,1,1804,1799,300,0,82,90,CCW,1,N,0,0,0
D7651658,987440,998183,1,1802,1799,300,0,82,90,CCW,1,N,0,0,0
D7651658,987441,998184,1,1801,1799,300,0,82,90,CCW,1,N,0,0,0
D7651658,987442,998185,1,1800,1799,300,0,82,90,CCW,1,N,0,0,0
D7651658,987443,998186,1,1799,1799,300,0,82,90,CCW,1,N,0,0,0
D7651658,987444,998187,1,1800,1799,300,0,82,90,CCW,1,N,0,0,0
D7651658,987445,998188,1,1798,1799,300,1,82,90,CCW,1,N,0,0,0
D7651658,987446,998189,1,1799,1799,300,1,82,90,CCW,1,N,0,0,0
D7651658,987447,998190,1,1797,1799,0,0,82,90,CCW,0,N,0,0,0
D7651658,987448,998191,1,1792,1799,0,0,82,90,CCW,0,N,0,0,0
D7651658,987449,998192,1,1797,1799,0,0,82,90,CCW,0,N,0,0,0
D7651658,987450,998193,1,1798,1799,0,0,82,90,CCW,0,N,0,0,0
D7651658,987451,998195,2,1795,1799,0,0,82,90,CCW,0,N,0,1,1
D7651658,987452,998196,1,1797,1799,0,0,82,90,CCW,0,N,0,0,0
D7651658,987453,998197,1,1796,1799,0,0,82,90,CCW,0,N,0,0,0
D7651658,987454,998198,1,1797,1799,0,0,82,90,CCW,0,N,0,0,0
D7651658,987455,998199,1,1793,1799,0,0,82,90,CCW,0,N,0,0,0
D7651658,987456,998200,1,1795,1799,0,0,82,90,CCW,0,N,0,0,0
D7651658,987457,998201,1,1795,1799,0,0,82,90,CCW,0,N,0,0,0
D7651658,987458,998202,1,1796,1799,0,0,82,90,CCW,0,N,0,0,0
D7651658,987459,998203,1,1794,1799,0,0,82,90,CCW,0,N,0,0,0
D7651658,987460,998204,1,1796,1799,0,0,82,90,CCW,0,N,0,0,0
D7651658,987461,998205,1,1793,1799,0,0,82,90,CCW,0,N,0,0,0
D7651658,987462,998207,2,1794,1799,0,0,82,90,CCW,0,N,0,1,1
D7651658,987463,998208,1,1793,1799,0,0,82,90,CCW,0,N,0,0,0
D7651658,987464,998209,1,1794,1799,0,0,82,90,CCW,0,N,0,0,0
D7651658,987465,998210,1,1793,1799,0,0,82,90,CCW,0,N,0,0,0
D7651658,987466,998211,1,1793,1799,0,0,82,90,CCW,0,N,0,0,0
D7651658,987467,998212,1,1793,1799,0,0,82,90,CCW,0,N,0,0,0
D7651658,987468,998213,1,1793,1799,0,0,82,90,CCW,0,N,0,0,0
D7651658,987469,998214,1,1793,1799,0,0,82,90,CCW,0,N,0,0,0
D7651658,987470,998216,2,1793,1799,0,0,82,90,CCW,0,N,0,1,1
D7651658,987471,998217,1,1793,1799,0,0,82,90,CCW,0,N,0,0,0
D7651658,987472,998218,1,1793,1799,0,0,82,90,CCW,0,N,0,0,0
D7651658,987473,998219,1,1793,1799,0,0,82,90,CCW,0,N,0,0,0
D7651658,987474,998221,2,1793,1799,0,0,82,90,CCW,0,N,0,1,1
D7651658,987475,998222,1,1793,1799,0,0,82,90,CCW,0,N,0,0,0
D7651658,987476,998223,1,1793,1799,0,0,82,90,CCW,0,N,0,0,0
D7651658,987477,998224,1,1793,1799,0,0,82,90,CCW,0,N,0,0,0
D7651658,987478,998225,1,1793,1799,0,0,82,90,CCW,0,N,0,0,0
D7651658,987479,998226,1,1792,1799,0,0,82,90,CCW,0,N,0,0,0
D7651658,987480,998227,1,1793,1799,0,0,82,90,CCW,0,N,0,0,0
D7651658,987481,998228,1,1793,1799,0,0,82,90,CCW,0,N,0,0,0
D7651658,987482,998229,1,1792,1799,0,0,82,90,CCW,0,N,0,0,0
D7651658,987483,998230,1,1792,1799,0,0,82,90,CCW,0,N,0,0,0
D7651658,987484,998231,1,1792,1799,0,0,82,90,CCW,0,N,0,0,0
D7651658,987485,998232,1,1793,1799,0,0,82,90,CCW,0,N,0,0,0
D7651658,987486,998233,1,1791,1799,0,0,82,90,CCW,0,N,0,0,0
D7651658,987487,998234,1,1792,1799,0,0,82,90,CCW,0,N,0,0,0
D7651658,987488,998235,1,1793,1799,0,0,82,90,CCW,0,N,0,0,0
D7651658,987489,998236,1,1792,1799,0,0,82,90,CCW,0,N,0,0,0
D7651658,987490,998237,1,1793,1799,0,0,82,90,CCW,0,N,0,0,0
D7651658,987491,998238,1,1793,1799,0,0,82,90,CCW,0,N,0,0,0
D7651658,987492,998239,1,1795,1799,0,0,82,90,CCW,0,N,0,0,0
D7651658,987493,998240,1,1793,1799,0,0,82,90,CCW,0,N,0,0,0
D7651658,987494,998241,1,1792,1799,0,0,82,90,CCW,0,N,0,0,0
D7651658,987495,998242,1,1792,1799,0,0,82,90,CCW,0,N,0,0,0
D7651658,987496,998243,1,1792,1799,0,0,82,90,CCW,0,N,0,0,0
D7651658,987497,998244,1,1792,1799,0,0,82,90,CCW,0,N,0,0,0
D7651658,987498,998245,1,1793,1799,0,0,82,90,CCW,0,N,0,0,0
D7651658,987499,998246,1,1794,1799,0,0,82,90,CCW,0,N,0,0,0
D7651658,987500,998247,1,1793,1799,0,0,82,90,CCW,0,N,0,0,0
D7651658,987501,998248,1,1793,1799,0,0,82,90,CCW,0,N,0,0,0
D7651658,987502,998249,1,1793,1799,0,0,82,90,CCW,0,N,0,0,0
D7651658,987503,998250,1,1792,1799,0,0,82,90,CCW,0,N,0,0,0
D7651658,987504,998251,1,1794,1799,0,0,82,90,CCW,0,N,0,0,0
D7651658,987505,998252,1,1793,1799,0,0,82,90,CCW,0,N,0,0,0
D7651658,987506,998253,1,1792,1799,0,0,82,90,CCW,0,N,0,0,0
D7651658,987507,998254,1,1792,1799,0,0,82,90,CCW,0,N,0,0,0
D7651658,987508,998255,1,1792,1799,0,0,82,90,CCW,0,N,0,0,0
D7651658,987509,998256,1,1793,1799,0,0,82,90,CCW,0,N,0,0,0
D7651658,987510,998257,1,1792,1799,0,0,82,90,CCW,0,N,0,0,0
D7651658,987511,998258,1,1794,1799,0,0,82,90,CCW,0,N,0,0,0
D7651658,987512,998259,1,1794,1799,0,0,82,90,CCW,0,N,0,0,0
D7651658,987513,998260,1,1793,1799,0,0,82,90,CCW,0,N,0,0,0
D7651658,987514,998261,1,1795,1799,0,0,82,90,CCW,0,N,0,0,0
D7651658,987515,998262,1,1793,1799,0,0,82,90,CCW,0,N,0,0,0
D7651658,987516,998263,1,1794,1799,0,0,82,90,CCW,0,N,0,0,0
D7651658,987517,998264,1,1791,1799,0,0,82,90,CCW,0,N,0,0,0
D7651658,987518,998265,1,1794,1799,0,0,82,90,CCW,0,N,0,0,0
D7651658,987519,998266,1,1795,1799,0,0,82,90,CCW,0,N,0,0,0
D7651658,987520,998267,1,1794,1799,0,0,82,90,CCW,0,N,0,0,0
D7651658,987521,998268,1,1789,1799,0,0,82,90,CCW,0,N,0,0,0
D7651658,987522,998269,1,1794,1799,0,0,82,90,CCW,0,N,0,0,0
D7651658,987523,998270,1,1793,1799,0,0,82,90,CCW,0,N,0,0,0
D7651658,987524,998271,1,1790,1799,0,0,82,90,CCW,0,N,0,0,0
D7651658,987525,998272,1,1795,1799,0,0,82,90,CCW,0,N,0,0,0
D7651658,987526,998273,1,1808,1799,0,0,82,90,CCW,0,N,0,0,0
D7651658,987527,998274,1,1794,1799,0,0,82,90,CCW,0,N,0,0,0
D7651658,987528,998275,1,1793,1799,0,0,82,90,CCW,0,N,0,0,0
D7651658,987529,998276,1,1792,1799,0,0,82,90,CCW,0,N,0,0,0
D7651658,987530,998277,1,1793,1799,0,0,82,90,CCW,0,N,0,0,0
D7651658,987531,998278,1,1796,1799,0,0,82,90,CCW,0,N,0,0,0
D7651658,987532,998279,1,1790,1799,0,0,82,90,CCW,0,N,0,0,0
D7651658,987533,998280,1,1796,1799,0,0,82,90,CCW,0,N,0,0,0
D7651658,987534,998281,1,1794,1799,0,0,82,90,CCW,0,N,0,0,0
D7651658,987535,998282,1,1794,1799,0,0,82,90,CCW,0,N,0,0,0
D7651658,987536,998283,1,1796,1799,0,0,82,90,CCW,0,N,0,0,0
D7651658,987537,998284,1,1793,1799,0,0,82,90,CCW,0,N,0,0,0
D7651658,987538,998285,1,1794,1799,0,0,82,90,CCW,0,N,0,0,0
D7651658,987539,998286,1,1795,1799,0,0,82,90,CCW,0,N,0,0,0
D7651658,987540,998287,1,1793,1799,0,0,82,90,CCW,0,N,0,0,0
D7651658,987541,998288,1,1795,1799,0,0,82,90,CCW,0,N,0,0,0
D7651658,987542,998289,1,1796,1799,0,0,82,90,CCW,0,N,0,0,0
D7651658,987543,998290,1,1795,1799,0,0,82,90,CCW,0,N,0,0,0
D7651658,987544,998291,1,1795,1799,0,0,82,90,CCW,0,N,0,0,0
D7651658,987545,998292,1,1795,1799,0,0,82,90,CCW,0,N,0,0,0
D7651658,987546,998294,2,1795,1799,0,0,82,90,CCW,0,N,0,1,1
D7651658,987547,998295,1,1794,1799,0,0,82,90,CCW,0,N,0,0,0
D7651658,987548,998296,1,1795,1799,0,0,82,90,CCW,0,N,0,0,0
D7651658,987549,998297,1,1797,1799,0,0,82,90,CCW,0,N,0,0,0
D7651658,987550,998298,1,1805,1799,0,0,82,90,CCW,0,N,0,0,0
D7651658,987551,998299,1,1795,1799,0,0,82,90,CCW,0,N,0,0,0
D7651658,987552,998300,1,1795,1799,0,0,82,90,CCW,0,N,0,0,0
D7651658,987553,998301,1,1795,1799,0,0,82,90,CCW,0,N,0,0,0
D7651658,987554,998302,1,1795,1799,0,0,82,90,CCW,0,N,0,0,0
D7651658,987555,998303,1,1792,1799,0,0,82,90,CCW,0,N,0,0,0
D7651658,987556,998304,1,1795,1799,0,0,82,90,CCW,0,N,0,0,0
D7651658,987557,998305,1,1797,1799,0,0,82,90,CCW,0,N,0,0,0
D7651658,987558,998306,1,1794,1799,0,0,82,90,CCW,0,N,0,0,0
D7651658,987559,998307,1,1794,1799,0,0,82,90,CCW,0,N,0,0,0
D7651658,987560,998308,1,1804,1799,0,0,82,90,CCW,0,N,0,0,0
D7651658,987561,998309,1,1793,1799,0,0,82,90,CCW,0,N,0,0,0
D7651658,987562,998310,1,1797,1799,0,0,82,90,CCW,0,N,0,0,0
D7651658,987563,998311,1,1797,1799,0,0,82,90,CCW,0,N,0,0,0
D7651658,987564,998312,1,1791,1799,0,0,82,90,CCW,0,N,0,0,0
D7651658,987565,998313,1,1794,1799,0,0,82,90,CCW,0,N,0,0,0
D7651658,987566,998314,1,1796,1799,0,0,82,90,CCW,0,N,0,0,0
D7651658,987567,998315,1,1797,1799,0,0,82,90,CCW,0,N,0,0,0
D7651658,987568,998316,1,1795,1799,0,0,82,90,CCW,0,N,0,0,0
D7651658,987569,998317,1,1797,1799,0,0,82,90,CCW,0,N,0,0,0
D7651658,987570,998318,1,1795,1799,0,0,82,90,CCW,0,N,0,0,0
D7651658,987571,998319,1,1797,1799,0,0,82,90,CCW,0,N,0,0,0
D7651658,987572,998320,1,1796,1799,0,0,82,90,CCW,0,N,0,0,0
D7651658,987573,998321,1,1794,1799,0,0,82,90,CCW,0,N,0,0,0
D7651658,987574,998322,1,1795,1799,0,0,82,90,CCW,0,N,0,0,0
D7651658,987575,998323,1,1795,1799,0,0,82,90,CCW,0,N,0,0,0
D7651658,987576,998324,1,1795,1799,0,0,82,90,CCW,0,N,0,0,0
D7651658,987577,998325,1,1794,1799,0,0,82,90,CCW,0,N,0,0,0
D7651658,987578,998326,1,1796,1799,0,0,82,90,CCW,0,N,0,0,0
D7651658,987579,998327,1,1794,1799,0,0,82,90,CCW,0,N,0,0,0
D7651658,987580,998328,1,1794,1799,0,0,82,90,CCW,0,N,0,0,0
D7651658,987581,998329,1,1795,1799,0,0,82,90,CCW,0,N,0,0,0
D7651658,987582,998330,1,1796,1799,0,0,82,90,CCW,0,N,0,0,0
D7651658,987583,998332,2,1795,1799,0,0,82,90,CCW,0,N,0,1,1
D7651658,987584,998333,1,1795,1799,0,0,82,90,CCW,0,N,0,0,0
D7651658,987585,998334,1,1796,1799,0,0,82,90,CCW,0,N,0,0,0
D7651658,987586,998335,1,1794,1799,0,0,82,90,CCW,0,N,0,0,0
D7651658,987587,998336,1,1796,1799,0,0,82,90,CCW,0,N,0,0,0
D7651658,987588,998337,1,1791,1799,0,0,82,90,CCW,0,N,0,0,0
D7651658,987589,998338,1,1795,1799,0,0,82,90,CCW,0,N,0,0,0
D7651658,987590,998339,1,1795,1799,0,0,82,90,CCW,0,N,0,0,0
D7651658,987591,998340,1,1795,1799,0,0,82,90,CCW,0,N,0,0,0
D7651658,987592,998341,1,1794,1799,0,0,82,90,CCW,0,N,0,0,0
D7651658,987593,998342,1,1797,1799,0,0,82,90,CCW,0,N,0,0,0
D7651658,987594,998343,1,1795,1799,0,0,82,90,CCW,0,N,0,0,0
D7651658,987595,998344,1,1796,1799,0,0,82,90,CCW,0,N,0,0,0
D7651658,987596,998345,1,1796,1799,0,0,82,90,CCW,0,N,0,0,0
D7651658,987597,998346,1,1796,1799,0,0,82,90,CCW,0,N,0,0,0
D7651658,987598,998347,1,1798,1799,0,0,82,90,CCW,0,N,0,0,0
D7651658,987599,998348,1,1795,1799,0,0,82,90,CCW,0,N,0,0,0
D7651658,987600,998349,1,1795,1799,0,0,82,90,CCW,0,N,0,0,0
D7651658,987601,998350,1,1797,1799,0,0,82,90,CCW,0,N,0,0,0
D7651658,987602,998351,1,1796,1799,0,0,82,90,CCW,0,N,0,0,0
D7651658,987603,998352,1,1796,1799,0,0,82,90,CCW,0,N,0,0,0
D7651658,987604,998353,1,1797,1799,0,0,82,90,CCW,0,N,0,0,0
D7651658,987605,998354,1,1796,1799,0,0,82,90,CCW,0,N,0,0,0
D7651658,987606,998355,1,1793,1799,0,0,82,90,CCW,0,N,0,0,0
D7651658,987607,998356,1,1797,1799,0,0,82,90,CCW,0,N,0,0,0
D7651658,987608,998357,1,1794,1799,0,0,82,90,CCW,0,N,0,0,0
D7651658,987609,998358,1,1796,1799,0,0,82,90,CCW,0,N,0,0,0
D7651658,987610,998359,1,1795,1799,0,0,83,90,CCW,0,N,0,0,0
D7651658,987611,998360,1,1798,1799,0,0,83,90,CCW,0,N,0,0,0
D7651658,987612,998361,1,1796,1799,0,0,83,90,CCW,0,N,0,0,0
D7651658,987613,998362,1,1796,1799,0,0,83,90,CCW,0,N,0,0,0
D7651658,987614,998363,1,1797,1799,0,0,83,90,CCW,0,N,0,0,0
D7651658,987615,998364,1,1797,1799,0,0,83,90,CCW,0,N,0,0,0
D7651658,987616,998365,1,1816,1799,0,0,83,90,CCW,0,N,0,0,0
D7651658,987617,998366,1,1797,1799,0,0,83,90,CCW,0,N,0,0,0
D7651658,987618,998367,1,1797,1799,0,0,83,90,CCW,0,N,0,0,0
D7651658,987619,998368,1,1812,1799,0,0,83,90,CCW,0,N,0,0,0
D7651658,987620,998369,1,1797,1799,0,0,83,90,CCW,0,N,0,0,0
D7651658,987621,998370,1,1798,1799,0,0,83,90,CCW,0,N,0,0,0
D7651658,987622,998371,1,1798,1799,0,0,83,90,CCW,0,N,0,0,0
D7651658,987623,998372,1,1798,1799,0,0,83,90,CCW,0,N,0,0,0
D7651658,987624,998373,1,1799,1799,0,0,83,90,CCW,0,N,0,0,0
D7651658,987625,998374,1,1798,1799,0,0,83,90,CCW,0,N,0,0,0
D7651658,987626,998375,1,1797,1799,0,0,83,90,CCW,0,N,0,0,0
D7651658,987627,998376,1,1796,1799,0,0,83,90,CCW,0,N,0,0,0
D7651658,987628,998377,1,1797,1799,0,0,83,90,CCW,0,N,0,0,0
D7651658,987629,998378,1,1798,1799,0,0,83,90,CCW,0,N,0,0,0
D7651658,987630,998379,1,1798,1799,0,0,83,90,CCW,0,N,0,0,0
D7651658,987631,998380,1,1797,1799,0,0,83,90,CCW,0,N,0,0,0
D7651658,987632,998381,1,1797,1799,0,0,83,90,CCW,0,N,0,0,0
D7651658,987633,998382,1,1798,1799,0,0,83,90,CCW,0,N,0,0,0
D7651658,987634,998383,1,1798,1799,0,0,83,90,CCW,0,N,0,0,0
D7651658,987635,998384,1,1807,1799,0,0,83,90,CCW,0,N,0,0,0
D7651658,987636,998385,1,1797,1799,0,0,83,90,CCW,0,N,0,0,0
D7651658,987637,998386,1,1797,1799,0,0,83,90,CCW,0,N,0,0,0
D7651658,987638,998387,1,1798,1799,0,0,83,90,CCW,0,N,0,0,0
D7651658,987639,998388,1,1797,1799,0,0,83,90,CCW,0,N,0,0,0
D7651658,987640,998389,1,1798,1799,0,0,83,90,CCW,0,N,0,0,0
D7651658,987641,998390,1,1798,1799,0,0,83,90,CCW,0,N,0,0,0
D7651658,987642,998391,1,1798,1799,0,0,83,90,CCW,0,N,0,0,0
D7651658,987643,998392,1,1799,1799,0,0,83,90,CCW,0,N,0,0,0
D7651658,987644,998393,1,1798,1799,0,0,83,90,CCW,0,N,0,0,0
D7651658,987645,998394,1,1797,1799,0,0,83,90,CCW,0,N,0,0,0
D7651658,987646,998395,1,1797,1799,0,0,83,90,CCW,0,N,0,0,0
D7651658,987647,998396,1,1793,1799,0,0,83,90,CCW,0,N,0,0,0
D7651658,987648,998397,1,1797,1799,0,0,83,90,CCW,0,N,0,0,0
D7651658,987649,998398,1,1797,1799,0,0,83,90,CCW,0,N,0,0,0
D7651658,987650,998399,1,1797,1799,0,0,83,90,CCW,0,N,0,0,0
D7651658,987651,998400,1,1797,1799,0,0,83,90,CCW,0,N,0,0,0
D7651658,987652,998401,1,1800,1799,0,0,83,90,CCW,0,N,0,0,0
D7651658,987653,998402,1,1797,1799,0,0,83,90,CCW,0,N,0,0,0
D7651658,987654,998403,1,1796,1799,0,0,83,90,CCW,0,N,0,0,0
D7651658,987655,998404,1,1797,1799,0,0,83,90,CCW,0,N,0,0,0
D7651658,987656,998405,1,1797,1799,0,0,83,90,CCW,0,N,0,0,0
D7651658,987657,998406,1,1798,1799,0,0,83,90,CCW,0,N,0,0,0
D7651658,987658,998407,1,1798,1799,0,0,83,90,CCW,0,N,0,0,0
D7651658,987659,998408,1,1799,1799,0,0,83,90,CCW,0,N,0,0,0
D7651658,987660,998409,1,1797,1799,0,0,83,90,CCW,0,N,0,0,0
D7651658,987661,998410,1,1796,1799,0,0,83,90,CCW,0,N,0,0,0
D7651658,987662,998411,1,1797,1799,0,0,83,90,CCW,0,N,0,0,0
D7651658,987663,998412,1,1796,1799,0,0,83,90,CCW,0,N,0,0,0
D7651658,987664,998413,1,1798,1799,0,0,83,90,CCW,0,N,0,0,0
D7651658,987665,998414,1,1797,1799,0,0,83,90,CCW,0,N,0,0,0
D7651658,987666,998415,1,1798,1799,0,0,83,90,CCW,0,N,0,0,0
D7651658,987667,998416,1,1799,1799,0,0,83,90,CCW,0,N,0,0,0
D7651658,987668,998417,1,1795,1799,0,0,83,90,CCW,0,N,0,0,0
D7651658,987669,998418,1,1797,1799,0,0,83,90,CCW,0,N,0,0,0
D7651658,987670,998419,1,1798,1799,0,0,83,90,CCW,0,N,0,0,0
D7651658,987671,998420,1,1799,1799,0,0,83,90,CCW,0,N,0,0,0
D7651658,987672,998421,1,1808,1799,0,0,83,90,CCW,0,N,0,0,0
D7651658,987673,998422,1,1799,1799,0,0,83,90,CCW,0,N,0,0,0
D7651658,987674,998423,1,1798,1799,0,0,83,90,CCW,0,N,0,0,0
D7651658,987675,998424,1,1799,1799,0,0,83,90,CCW,0,N,0,0,0
D7651658,987676,998425,1,1799,1799,0,0,83,90,CCW,0,N,0,0,0
D7651658,987677,998426,1,1798,1799,0,0,83,90,CCW,0,N,0,0,0
D7651658,987678,998427,1,1797,1799,0,0,83,90,CCW,0,N,0,0,0
D7651658,987679,998428,1,1798,1799,0,0,83,90,CCW,0,N,0,0,0
D7651658,987680,998429,1,1797,1799,0,0,83,90,CCW,0,N,0,0,0
D7651658,987681,998430,1,1798,1799,0,0,83,90,CCW,0,N,0,0,0
D7651658,987682,998431,1,1795,1799,0,0,83,90,CCW,0,N,0,0,0
D7651658,987683,998432,1,1799,1799,0,0,83,90,CCW,0,N,0,0,0
D7651658,987684,998433,1,1799,1799,0,0,83,90,CCW,0,N,0,0,0
D7651658,987685,998434,1,1797,1799,0,0,83,90,CCW,0,N,0,0,0
D7651658,987686,998435,1,1798,1799,0,0,83,90,CCW,0,N,0,0,0
D7651658,987687,998436,1,1794,1799,0,0,83,90,CCW,0,N,0,0,0
D7651658,987688,998437,1,1802,1799,0,0,83,90,CCW,0,N,0,0,0
D7651658,987689,998438,1,1798,1799,0,0,83,90,CCW,0,N,0,0,0
D7651658,987690,998439,1,1799,1799,0,0,83,90,CCW,0,N,0,0,0
D7651658,987691,998440,1,1798,1799,0,0,83,90,CCW,0,N,0,0,0
D7651658,987692,998441,1,1798,1799,0,0,83,90,CCW,0,N,0,0,0
D7651658,987693,998442,1,1797,1799,0,0,83,90,CCW,0,N,0,0,0
D7651658,987694,998443,1,1800,1799,0,0,83,90,CCW,0,N,0,0,0
D7651658,987695,998444,1,1797,1799,0,0,83,90,CCW,0,N,0,0,0
D7651658,987696,998445,1,1799,1799,0,0,83,90,CCW,0,N,0,0,0
D7651658,987697,998446,1,1799,1799,0,0,83,90,CCW,0,N,0,0,0
D7651658,987698,998447,1,1797,1799,0,0,83,90,CCW,0,N,0,0,0
D7651658,987699,998448,1,1797,1799,0,0,83,90,CCW,0,N,0,0,0
D7651658,987700,998449,1,1798,1799,0,0,83,90,CCW,0,N,0,0,0
D7651658,987701,998450,1,1798,1799,0,0,83,90,CCW,0,N,0,0,0
D7651658,987702,998451,1,1798,1799,0,0,83,90,CCW,0,N,0,0,0
D7651658,987703,998452,1,1795,1799,0,0,83,90,CCW,0,N,0,0,0
D7651658,987704,998453,1,1799,1799,0,0,83,90,CCW,0,N,0,0,0
D7651658,987705,998454,1,1811,1799,0,0,83,90,CCW,0,N,0,0,0
D7651658,987706,998455,1,1798,1799,0,0,83,90,CCW,0,N,0,0,0
D7651658,987707,998456,1,1799,1799,0,0,83,90,CCW,0,N,0,0,0
D7651658,987708,998457,1,1799,1799,0,0,83,90,CCW,0,N,0,0,0
D7651658,987709,998458,1,1799,1799,0,0,83,90,CCW,0,N,0,0,0
D7651658,987710,998459,1,1819,1799,0,0,83,90,CCW,0,N,0,0,0
D7651658,987711,998460,1,1813,1799,0,0,83,90,CCW,0,N,0,0,0
D7651658,987712,998461,1,1799,1799,0,0,83,90,CCW,0,N,0,0,0
D7651658,987713,998462,1,1799,1799,0,0,83,90,CCW,0,N,0,0,0
D7651658,987714,998463,1,1798,1799,0,0,83,90,CCW,0,N,0,0,0
D7651658,987715,998464,1,1798,1799,0,0,83,90,CCW,0,N,0,0,0
D7651658,987716,998465,1,1788,1799,0,0,83,90,CCW,0,N,0,0,0
D7651658,987717,998466,1,1793,1799,0,0,83,90,CCW,0,N,0,0,0
D7651658,987718,998467,1,1798,1799,0,0,83,90,CCW,0,N,0,0,0
D7651658,987719,998468,1,1798,1799,0,0,83,90,CCW,0,N,0,0,0
D7651658,987720,998469,1,1799,1799,0,0,83,90,CCW,0,N,0,0,0
D7651658,987721,998470,1,1799,1799,0,0,83,90,CCW,0,N,0,0,0
D7651658,987722,998471,1,1798,1799,0,0,83,90,CCW,0,N,0,0,0
D7651658,987723,998472,1,1799,1799,0,0,83,90,CCW,0,N,0,0,0
D7651658,987724,998473,1,1797,1799,0,0,83,90,CCW,0,N,0,0,0
D7651658,987725,998474,1,1798,1799,0,0,83,90,CCW,0,N,0,0,0
D7651658,987726,998475,1,1798,1799,0,0,83,90,CCW,0,N,0,0,0
D7651658,987727,998476,1,1798,1799,0,0,83,90,CCW,0,N,0,0,0
D7651658,987728,998477,1,1797,1799,0,0,83,90,CCW,0,N,0,0,0
D7651658,987729,998478,1,1799,1799,0,0,83,90,CCW,0,N,0,0,0
D7651658,987730,998479,1,1799,1799,0,0,83,90,CCW,0,N,0,0,0
D7651658,987731,998480,1,1798,1799,0,0,83,90,CCW,0,N,0,0,0
D7651658,987732,998481,1,1798,1799,0,0,83,90,CCW,0,N,0,0,0
D7651658,987733,998482,1,1808,1799,0,0,83,90,CCW,0,N,0,0,0
D7651658,987734,998483,1,1797,1799,0,0,83,90,CCW,0,N,0,0,0
D7651658,987735,998484,1,1800,1799,0,0,83,90,CCW,0,N,0,0,0
D7651658,987736,998485,1,1799,1799,0,0,83,90,CCW,0,N,0,0,0
D7651658,987737,998486,1,1799,1799,0,0,83,90,CCW,0,N,0,0,0
D7651658,987738,998487,1,1800,1799,0,0,83,90,CCW,0,N,0,0,0
D7651658,987739,998488,1,1799,1799,0,0,83,90,CCW,0,N,0,0,0
D7651658,987740,998489,1,1794,1799,0,0,83,90,CCW,0,N,0,0,0
D7651658,987741,998490,1,1799,1799,0,0,83,90,CCW,0,N,0,0,0
D7651658,987742,998491,1,1799,1799,0,0,83,90,CCW,0,N,0,0,0
D7651658,987743,998492,1,1799,1799,0,0,83,90,CCW,0,N,0,0,0
D7651658,987744,998493,1,1800,1799,0,0,83,90,CCW,0,N,0,0,0
D7651658,987745,998494,1,1798,1799,0,0,83,90,CCW,0,N,0,0,0
D7651658,987746,998495,1,1799,1799,0,0,83,90,CCW,0,N,0,0,0
D7651658,987747,998496,1,1798,1799,0,0,83,90,CCW,0,N,0,0,0
D7651658,987748,998497,1,1798,1799,0,0,83,90,CCW,0,N,0,0,0
D7651658,987749,998498,1,1798,1799,0,0,83,90,CCW,0,N,0,0,0
D7651658,987750,998499,1,1801,1799,0,0,83,90,CCW,0,N,0,0,0
D7651658,987751,998500,1,1799,1799,0,0,83,90,CCW,0,N,0,0,0
D7651658,987752,998501,1,1798,1799,0,0,83,90,CCW,0,N,0,0,0
D7651658,987753,998502,1,1800,1799,0,0,83,90,CCW,0,N,0,0,0
D7651658,987754,998503,1,1809,1799,0,0,83,90,CCW,0,N,0,0,0
D7651658,987755,998504,1,1799,1799,0,0,83,90,CCW,0,N,0,0,0
D7651658,987756,998505,1,1799,1799,0,0,83,90,CCW,0,N,0,0,0
D7651658,987757,998506,1,1800,1799,0,0,83,90,CCW,0,N,0,0,0
D7651658,987758,998507,1,1800,1799,0,0,83,90,CCW,0,N,0,0,0
D7651658,987759,998508,1,1798,1799,0,0,83,90,CCW,0,N,0,0,0
D7651658,987760,998509,1,1798,1799,0,0,84,90,CCW,0,N,0,0,0
D7651658,987761,998510,1,1801,1799,0,0,84,90,CCW,0,N,0,0,0
D7651658,987762,998511,1,1798,1799,0,0,84,90,CCW,0,N,0,0,0
D7651658,987763,998512,1,1799,1799,0,0,84,90,CCW,0,N,0,0,0
D7651658,987764,998513,1,1798,1799,0,0,84,90,CCW,0,N,0,0,0
D7651658,987765,998514,1,1800,1799,0,0,84,90,CCW,0,N,0,0,0
D7651658,987766,998515,1,1799,1799,0,0,84,90,CCW,0,N,0,0,0
D7651658,987767,998516,1,1798,1799,0,0,84,90,CCW,0,N,0,0,0
D7651658,987768,998517,1,1800,1799,0,0,84,90,CCW,0,N,0,0,0
D7651658,987769,998518,1,1798,1799,0,0,84,90,CCW,0,N,0,0,0
D7651658,987770,998519,1,1798,1799,0,0,84,90,CCW,0,N,0,0,0
D7651658,987771,998520,1,1800,1799,0,0,84,90,CCW,0,N,0,0,0
D7651658,987772,998521,1,1798,1799,0,0,84,90,CCW,0,N,0,0,0
D7651658,987773,998522,1,1799,1799,0,0,84,90,CCW,0,N,0,0,0
D7651658,987774,998523,1,1798,1799,0,0,84,90,CCW,0,N,0,0,0
D7651658,987775,998524,1,1799,1799,0,0,84,90,CCW,0,N,0,0,0
D7651658,987776,998525,1,1799,1799,0,0,84,90,CCW,0,N,0,0,0
D7651658,987777,998526,1,1800,1799,0,0,84,90,CCW,0,N,0,0,0
D7651658,987778,998527,1,1799,1799,0,0,84,90,CCW,0,N,0,0,0
D7651658,987779,998528,1,1799,1799,0,0,84,90,CCW,0,N,0,0,0
D7651658,987780,998529,1,1807,1799,0,0,84,90,CCW,0,N,0,0,0
D7651658,987781,998530,1,1799,1799,0,0,84,90,CCW,0,N,0,0,0
D7651658,987782,998531,1,1800,1799,0,0,84,90,CCW,0,N,0,0,0
D7651658,987783,998532,1,1798,1799,0,0,84,90,CCW,0,N,0,0,0
D7651658,987784,998533,1,1799,1799,0,0,84,90,CCW,0,N,0,0,0
D7651658,987785,998534,1,1810,1799,0,0,84,90,CCW,0,N,0,0,0
D7651658,987786,998535,1,1798,1799,0,0,84,90,CCW,0,N,0,0,0
D7651658,987787,998536,1,1800,1799,0,0,84,90,CCW,0,N,0,0,0
D7651658,987788,998537,1,1799,1799,0,0,84,90,CCW,0,N,0,0,0
D7651658,987789,998538,1,1799,1799,0,0,84,90,CCW,0,N,0,0,0
D7651658,987790,998539,1,1798,1799,0,0,84,90,CCW,0,N,0,0,0
D7651658,987791,998540,1,1800,1799,0,0,84,90,CCW,0,N,0,0,0
D7651658,987792,998541,1,1800,1799,0,0,84,90,CCW,0,N,0,0,0
D7651658,987793,998542,1,1798,1799,0,0,84,90,CCW,0,N,0,0,0
D7651658,987794,998543,1,1798,1799,0,0,84,90,CCW,0,N,0,0,0
D7651658,987795,998544,1,1798,1799,0,0,84,90,CCW,0,N,0,0,0
D7651658,987796,998545,1,1799,1799,0,0,84,90,CCW,0,N,0,0,0
D7651658,987797,998546,1,1801,1799,0,0,84,90,CCW,0,N,0,0,0
D7651658,987798,998547,1,1797,1799,0,0,84,90,CCW,0,N,0,0,0
D7651658,987799,998548,1,1801,1799,0,0,84,90,CCW,0,N,0,0,0
D7651658,987800,998549,1,1799,1799,0,0,84,90,CCW,0,N,0,0,0
D7651658,987801,998550,1,1800,1799,0,0,84,90,CCW,0,N,0,0,0
D7651658,987802,998551,1,1802,1799,0,0,84,90,CCW,0,N,0,0,0
D7651658,987803,998552,1,1798,1799,0,0,84,90,CCW,0,N,0,0,0
D7651658,987804,998553,1,1799,1799,0,0,84,90,CCW,0,N,0,0,0
D7651658,987805,998554,1,1799,1799,0,0,84,90,CCW,0,N,0,0,0
D7651658,987806,998555,1,1805,1799,0,0,84,90,CCW,0,N,0,0,0
D7651658,987807,998556,1,1798,1799,0,0,84,90,CCW,0,N,0,0,0
D7651658,987808,998557,1,1800,1799,0,0,84,90,CCW,0,N,0,0,0
D7651658,987809,998558,1,1800,1799,0,0,84,90,CCW,0,N,0,0,0
D7651658,987810,998559,1,1802,1799,0,0,84,90,CCW,0,N,0,0,0
D7651658,987811,998560,1,1800,1799,0,0,84,90,CCW,0,N,0,0,0
D7651658,987812,998561,1,1797,1799,0,0,84,90,CCW,0,N,0,0,0
D7651658,987813,998562,1,1801,1799,0,0,84,90,CCW,0,N,0,0,0
D7651658,987814,998563,1,1804,1799,0,0,84,90,CCW,0,N,0,0,0
D7651658,987815,998564,1,1800,1799,0,0,84,90,CCW,0,N,0,0,0
D7651658,987816,998565,1,1798,1799,0,0,84,90,CCW,0,N,0,0,0
D7651658,987817,998566,1,1800,1799,0,0,84,90,CCW,0,N,0,0,0
D7651658,987818,998567,1,1799,1799,0,0,84,90,CCW,0,N,0,0,0
D7651658,987819,998568,1,1799,1799,0,0,84,90,CCW,0,N,0,0,0
D7651658,987820,998569,1,1798,1799,0,0,84,90,CCW,0,N,0,0,0
D7651658,987821,998571,2,1798,1799,0,0,84,90,CCW,0,N,0,1,1
D7651658,987822,998572,1,1800,1799,0,0,84,90,CCW,0,N,0,0,0
D7651658,987823,998573,1,1799,1799,0,0,84,90,CCW,0,N,0,0,0
D7651658,987824,998576,3,1798,1799,0,0,84,90,CCW,0,N,0,1,2
D7651658,987825,998577,1,1799,1799,0,0,84,90,CCW,0,N,0,0,0
D7651658,987826,998578,1,1796,1799,0,0,84,90,CCW,0,N,0,0,0
D7651658,987827,998579,1,1800,1799,0,0,84,90,CCW,0,N,0,0,0
D7651658,987828,998580,1,1793,1799,0,0,84,90,CCW,0,N,0,0,0
D7651658,987829,998581,1,1798,1799,0,0,84,90,CCW,0,N,0,0,0
D7651658,987830,998582,1,1798,1799,0,0,84,90,CCW,0,N,0,0,0
D7651658,987831,998583,1,1799,1799,0,0,84,90,CCW,0,N,0,0,0
D7651658,987832,998584,1,1799,1799,0,0,84,90,CCW,0,N,0,0,0
D7651658,987833,998585,1,1800,1799,0,0,84,90,CCW,0,N,0,0,0
D7651658,987834,998586,1,1799,1799,0,0,84,90,CCW,0,N,0,0,0
D7651658,987835,998587,1,1798,1799,0,0,84,90,CCW,0,N,0,0,0
D7651658,987836,998588,1,1798,1799,0,0,84,90,CCW,0,N,0,0,0
D7651658,987837,998589,1,1800,1799,0,0,84,90,CCW,0,N,0,0,0
D7651658,987838,998590,1,1799,1799,0,0,84,90,CCW,0,N,0,0,0
D7651658,987839,998591,1,1798,1799,0,0,84,90,CCW,0,N,0,0,0
D7651658,987840,998592,1,1799,1799,0,0,84,90,CCW,0,N,0,0,0
D7651658,987841,998593,1,1799,1799,0,0,84,90,CCW,0,N,0,0,0
D7651658,987842,998594,1,1798,1799,0,0,84,90,CCW,0,N,0,0,0
D7651658,987843,998595,1,1802,1799,0,0,84,90,CCW,0,N,0,0,0
D7651658,987844,998596,1,1799,1799,0,0,84,90,CCW,0,N,0,0,0
D7651658,987845,998597,1,1798,1799,0,0,84,90,CCW,0,N,0,0,0
D7651658,987846,998598,1,1798,1799,0,0,84,90,CCW,0,N,0,0,0
D7651658,987847,998599,1,1800,1799,0,0,84,90,CCW,0,N,0,0,0
D7651658,987848,998601,2,1798,1799,0,0,84,90,CCW,0,N,0,1,1
D7651658,987849,998602,1,1788,1799,0,0,84,90,CCW,0,N,0,0,0
D7651658,987850,998603,1,1800,1799,0,0,84,90,CCW,0,N,0,0,0
D7651658,987851,998604,1,1801,1799,0,0,84,90,CCW,0,N,0,0,0
D7651658,987852,998605,1,1801,1799,0,0,84,90,CCW,0,N,0,0,0
D7651658,987853,998606,1,1799,1799,0,0,84,90,CCW,0,N,0,0,0
D7651658,987854,998607,1,1801,1799,0,0,84,90,CCW,0,N,0,0,0
D7651658,987855,998608,1,1799,1799,0,0,84,90,CCW,0,N,0,0,0
D7651658,987856,998609,1,1799,1799,0,0,84,90,CCW,0,N,0,0,0
D7651658,987857,998610,1,1799,1799,0,0,84,90,CCW,0,N,0,0,0
D7651658,987858,998611,1,1799,1799,0,0,84,90,CCW,0,N,0,0,0
D7651658,987859,998612,1,1800,1799,0,0,84,90,CCW,0,N,0,0,0
D7651658,987860,998613,1,1800,1799,0,0,84,90,CCW,0,N,0,0,0
D7651658,987861,998614,1,1799,1799,0,0,84,90,CCW,0,N,0,0,0
D7651658,987862,998615,1,1800,1799,0,0,84,90,CCW,0,N,0,0,0
D7651658,987863,998616,1,1799,1799,0,0,84,90,CCW,0,N,0,0,0
D7651658,987864,998617,1,1799,1799,0,0,84,90,CCW,0,N,0,0,0
D7651658,987865,998618,1,1800,1799,0,0,84,90,CCW,0,N,0,0,0
D7651658,987866,998619,1,1798,1799,0,0,84,90,CCW,0,N,0,0,0
D7651658,987867,998620,1,1799,1799,0,0,84,90,CCW,0,N,0,0,0
D7651658,987868,998621,1,1799,1799,0,0,84,90,CCW,0,N,0,0,0
D7651658,987869,998622,1,1799,1799,0,0,84,90,CCW,0,N,0,0,0
D7651658,987870,998623,1,1799,1799,0,0,84,90,CCW,0,N,0,0,0
D7651658,987871,998624,1,1807,1799,0,0,84,90,CCW,0,N,0,0,0
D7651658,987872,998625,1,1798,1799,0,0,84,90,CCW,0,N,0,0,0
D7651658,987873,998626,1,1798,1799,0,0,84,90,CCW,0,N,0,0,0
D7651658,987874,998627,1,1799,1799,0,0,84,90,CCW,0,N,0,0,0
D7651658,987875,998628,1,1800,1799,0,0,84,90,CCW,0,N,0,0,0
D7651658,987876,998629,1,1806,1799,0,0,84,90,CCW,0,N,0,0,0
D7651658,987877,998630,1,1799,1799,0,0,84,90,CCW,0,N,0,0,0
D7651658,987878,998631,1,1797,1799,0,0,84,90,CCW,0,N,0,0,0
D7651658,987879,998632,1,1787,1799,0,0,84,90,CCW,0,N,0,0,0
D7651658,987880,998633,1,1799,1799,0,0,84,90,CCW,0,N,0,0,0
D7651658,987881,998634,1,1800,1799,0,0,84,90,CCW,0,N,0,0,0
D7651658,987882,998635,1,1799,1799,0,0,84,90,CCW,0,N,0,0,0
D7651658,987883,998636,1,1792,1799,0,0,84,90,CCW,0,N,0,0,0
D7651658,987884,998637,1,1800,1799,0,0,84,90,CCW,0,N,0,0,0
D7651658,987885,998638,1,1799,1799,0,0,84,90,CCW,0,N,0,0,0
D7651658,987886,998639,1,1799,1799,0,0,84,90,CCW,0,N,0,0,0
D7651658,987887,998640,1,1800,1799,0,0,84,90,CCW,0,N,0,0,0
D7651658,987888,998641,1,1800,1799,0,0,84,90,CCW,0,N,0,0,0
D7651658,987889,998642,1,1799,1799,0,0,84,90,CCW,0,N,0,0,0
D7651658,987890,998643,1,1801,1799,0,0,84,90,CCW,0,N,0,0,0
D7651658,987891,998644,1,1801,1799,0,0,84,90,CCW,0,N,0,0,0
D7651658,987892,998645,1,1799,1799,0,0,84,90,CCW,0,N,0,0,0
D7651658,987893,998646,1,1799,1799,0,0,84,90,CCW,0,N,0,0,0
D7651658,987894,998647,1,1798,1799,0,0,84,90,CCW,0,N,0,0,0
D7651658,987895,998648,1,1797,1799,0,0,84,90,CCW,0,N,0,0,0
D7651658,987896,998649,1,1799,1799,0,0,84,90,CCW,0,N,0,0,0
D7651658,987897,998650,1,1799,1799,0,0,84,90,CCW,0,N,0,0,0
D7651658,987898,998651,1,1799,1799,0,0,84,90,CCW,0,N,0,0,0
D7651658,987899,998652,1,1798,1799,0,0,84,90,CCW,0,N,0,0,0
D7651658,987900,998653,1,1800,1799,0,0,84,90,CCW,0,N,0,0,0
D7651658,987901,998654,1,1799,1799,0,0,84,90,CCW,0,N,0,0,0
D7651658,987902,998655,1,1796,1799,0,0,84,90,CCW,0,N,0,0,0
D7651658,987903,998656,1,1798,1799,0,0,84,90,CCW,0,N,0,0,0
D7651658,987904,998657,1,1799,1799,0,0,84,90,CCW,0,N,0,0,0
D7651658,987905,998658,1,1798,1799,0,0,84,90,CCW,0,N,0,0,0
D7651658,987906,998659,1,1798,1799,0,0,85,90,CCW,0,N,0,0,0
D7651658,987907,998660,1,1800,1799,0,0,85,90,CCW,0,N,0,0,0
D7651658,987908,998661,1,1797,1799,0,0,85,90,CCW,0,N,0,0,0
D7651658,987909,998662,1,1815,1799,0,0,85,90,CCW,0,N,0,0,0
D7651658,987910,998663,1,1799,1799,0,0,85,90,CCW,0,N,0,0,0
D7651658,987911,998664,1,1801,1799,0,0,85,90,CCW,0,N,0,0,0
D7651658,987912,998665,1,1799,1799,0,0,85,90,CCW,0,N,0,0,0
D7651658,987913,998666,1,1800,1799,0,0,85,90,CCW,0,N,0,0,0
D7651658,987914,998667,1,1800,1799,0,0,85,90,CCW,0,N,0,0,0
D7651658,987915,998668,1,1800,1799,0,0,85,90,CCW,0,N,0,0,0
D7651658,987916,998669,1,1799,1799,0,0,85,90,CCW,0,N,0,0,0
D7651658,987917,998670,1,1800,1799,0,0,85,90,CCW,0,N,0,0,0
D7651658,987918,998671,1,1799,1799,0,0,85,90,CCW,0,N,0,0,0
D7651658,987919,998672,1,1799,1799,0,0,85,90,CCW,0,N,0,0,0
D7651658,987920,998673,1,1800,1799,0,0,85,90,CCW,0,N,0,0,0
D7651658,987921,998674,1,1799,1799,0,0,85,90,CCW,0,N,0,0,0
D7651658,987922,998675,1,1801,1799,0,0,85,90,CCW,0,N,0,0,0
D7651658,987923,998676,1,1797,1799,0,0,85,90,CCW,0,N,0,0,0
D7651658,987924,998677,1,1801,1799,0,0,85,90,CCW,0,N,0,0,0
D7651658,987925,998678,1,1800,1799,0,0,85,90,CCW,0,N,0,0,0
D7651658,987926,998679,1,1799,1799,0,0,85,90,CCW,0,N,0,0,0
D7651658,987927,998680,1,1800,1799,0,0,85,90,CCW,0,N,0,0,0
D7651658,987928,998681,1,1802,1799,0,0,85,90,CCW,0,N,0,0,0
D7651658,987929,998682,1,1800,1799,0,0,85,90,CCW,0,N,0,0,0
D7651658,987930,998683,1,1801,1799,0,0,85,90,CCW,0,N,0,0,0
D7651658,987931,998684,1,1801,1799,0,0,85,90,CCW,0,N,0,0,0
D7651658,987932,998685,1,1799,1799,0,0,85,90,CCW,0,N,0,0,0
D7651658,987933,998686,1,1799,1799,0,0,85,90,CCW,0,N,0,0,0
D7651658,987934,998687,1,1799,1799,0,0,85,90,CCW,0,N,0,0,0
D7651658,987935,998688,1,1800,1799,0,0,85,90,CCW,0,N,0,0,0
D7651658,987936,998689,1,1799,1799,0,0,85,90,CCW,0,N,0,0,0
D7651658,987937,998690,1,1800,1799,0,0,85,90,CCW,0,N,0,0,0
D7651658,987938,998691,1,1799,1799,0,0,85,90,CCW,0,N,0,0,0
D7651658,987939,998692,1,1802,1799,0,0,85,90,CCW,0,N,0,0,0
D7651658,987940,998693,1,1801,1799,0,0,85,90,CCW,0,N,0,0,0
D7651658,987941,998694,1,1799,1799,0,0,85,90,CCW,0,N,0,0,0
D7651658,987942,998695,1,1801,1799,0,0,85,90,CCW,0,N,0,0,0
D7651658,987943,998696,1,1799,1799,0,0,85,90,CCW,0,N,0,0,0
D7651658,987944,998697,1,1800,1799,0,0,85,90,CCW,0,N,0,0,0
D7651658,987945,998698,1,1799,1799,0,0,85,90,CCW,0,N,0,0,0
D7651658,987946,998699,1,1800,1799,0,0,85,90,CCW,0,N,0,0,0
D7651658,987947,998700,1,1801,1799,0,0,85,90,CCW,0,N,0,0,0
D7651658,987948,998701,1,1800,1799,0,0,85,90,CCW,0,N,0,0,0
D7651658,987949,998702,1,1798,1799,0,0,85,90,CCW,0,N,0,0,0
D7651658,987950,998703,1,1802,1799,0,0,85,90,CCW,0,N,0,0,0
D7651658,987951,998704,1,1799,1799,0,0,85,90,CCW,0,N,0,0,0
D7651658,987952,998705,1,1799,1799,0,0,85,90,CCW,0,N,0,0,0
D7651658,987953,998706,1,1798,1799,0,0,85,90,CCW,0,N,0,0,0
D7651658,987954,998707,1,1799,1799,0,0,85,90,CCW,0,N,0,0,0
D7651658,987955,998708,1,1798,1799,0,0,85,90,CCW,0,N,0,0,0
D7651658,987956,998709,1,1799,1799,0,0,85,90,CCW,0,N,0,0,0
D7651658,987957,998710,1,1799,1799,0,0,85,90,CCW,0,N,0,0,0
D7651658,987958,998711,1,1799,1799,0,0,85,90,CCW,0,N,0,0,0
D7651658,987959,998712,1,1799,1799,0,0,85,90,CCW,0,N,0,0,0
D7651658,987960,998713,1,1800,1799,0,0,85,90,CCW,0,N,0,0,0
D7651658,987961,998714,1,1799,1799,0,0,85,90,CCW,0,N,0,0,0
D7651658,987962,998715,1,1799,1799,0,0,85,90,CCW,0,N,0,0,0
D7651658,987963,998716,1,1800,1799,0,0,85,90,CCW,0,N,0,0,0
D7651658,987964,998717,1,1799,1799,0,0,85,90,CCW,0,N,0,0,0
D7651658,987965,998718,1,1801,1799,0,0,85,90,CCW,0,N,0,0,0
D7651658,987966,998719,1,1799,1799,0,0,85,90,CCW,0,N,0,0,0
D7651658,987967,998720,1,1799,1799,0,0,85,90,CCW,0,N,0,0,0
D7651658,987968,998721,1,1798,1799,0,0,85,90,CCW,0,N,0,0,0
D7651658,987969,998722,1,1800,1799,0,0,85,90,CCW,0,N,0,0,0
D7651658,987970,998723,1,1799,1799,0,0,85,90,CCW,0,N,0,0,0
D7651658,987971,998724,1,1798,1799,0,0,85,90,CCW,0,N,0,0,0
D7651658,987972,998725,1,1801,1799,0,0,85,90,CCW,0,N,0,0,0
D7651658,987973,998726,1,1800,1799,0,0,85,90,CCW,0,N,0,0,0
D7651658,987974,998727,1,1799,1799,0,0,85,90,CCW,0,N,0,0,0
D7651658,987975,998728,1,1800,1799,0,0,85,90,CCW,0,N,0,0,0
D7651658,987976,998729,1,1798,1799,0,0,85,90,CCW,0,N,0,0,0
D7651658,987977,998730,1,1801,1799,0,0,85,90,CCW,0,N,0,0,0
D7651658,987978,998731,1,1801,1799,0,0,85,90,CCW,0,N,0,0,0
D7651658,987979,998732,1,1799,1799,0,0,85,90,CCW,0,N,0,0,0
D7651658,987980,998733,1,1799,1799,0,0,85,90,CCW,0,N,0,0,0
D7651658,987981,998734,1,1800,1799,0,0,85,90,CCW,0,N,0,0,0
D7651658,987982,998735,1,1803,1799,0,0,85,90,CCW,0,N,0,0,0
D7651658,987983,998736,1,1800,1799,0,0,85,90,CCW,0,N,0,0,0
D7651658,987984,998737,1,1800,1799,0,0,85,90,CCW,0,N,0,0,0
D7651658,987985,998738,1,1800,1799,0,0,85,90,CCW,0,N,0,0,0
D7651658,987986,998739,1,1802,1799,0,0,85,90,CCW,0,N,0,0,0
D7651658,987987,998740,1,1801,1799,0,0,85,90,CCW,0,N,0,0,0
D7651658,987988,998741,1,1800,1799,0,0,85,90,CCW,0,N,0,0,0
D7651658,987989,998742,1,1796,1799,0,0,85,90,CCW,0,N,0,0,0
D7651658,987990,998743,1,1799,1799,0,0,85,90,CCW,0,N,0,0,0
D7651658,987991,998744,1,1798,1799,0,0,85,90,CCW,0,N,0,0,0
D7651658,987992,998745,1,1798,1799,0,0,85,90,CCW,0,N,0,0,0
D7651658,987993,998746,1,1801,1799,0,0,85,90,CCW,0,N,0,0,0
D7651658,987994,998747,1,1799,1799,0,0,85,90,CCW,0,N,0,0,0
D7651658,987995,998748,1,1802,1799,0,0,85,90,CCW,0,N,0,0,0
D7651658,987996,998749,1,1793,1799,0,0,85,90,CCW,0,N,0,0,0
D7651658,987997,998750,1,1801,1799,0,0,85,90,CCW,0,N,0,0,0
D7651658,987998,998751,1,1801,1799,0,0,85,90,CCW,0,N,0,0,0
D7651658,987999,998752,1,1800,1799,0,0,85,90,CCW,0,N,0,0,0
D7651658,988000,998753,1,1801,1799,0,0,85,90,CCW,0,N,0,0,0
D7651658,988001,998754,1,1799,1799,0,0,85,90,CCW,0,N,0,0,0
D7651658,988002,998755,1,1799,1799,0,0,85,90,CCW,0,N,0,0,0
D7651658,988003,998756,1,1799,1799,0,0,85,90,CCW,0,N,0,0,0
D7651658,988004,998757,1,1800,1799,0,0,85,90,CCW,0,N,0,0,0
D7651658,988005,998758,1,1801,1799,0,0,85,90,CCW,0,N,0,0,0
D7651658,988006,998759,1,1799,1799,0,0,85,90,CCW,0,N,0,0,0
D7651658,988007,998760,1,1793,1799,0,0,85,90,CCW,0,N,0,0,0
D7651658,988008,998761,1,1798,1799,0,0,85,90,CCW,0,N,0,0,0
D7651658,988009,998762,1,1800,1799,0,0,85,90,CCW,0,N,0,0,0
D7651658,988010,998763,1,1802,1799,0,0,85,90,CCW,0,N,0,0,0
D7651658,988011,998764,1,1800,1799,0,0,85,90,CCW,0,N,0,0,0
D7651658,988012,998765,1,1800,1799,0,0,85,90,CCW,0,N,0,0,0
D7651658,988013,998766,1,1804,1799,0,0,85,90,CCW,0,N,0,0,0
D7651658,988014,998767,1,1799,1799,0,0,85,90,CCW,0,N,0,0,0
D7651658,988015,998768,1,1800,1799,0,0,85,90,CCW,0,N,0,0,0
D7651658,988016,998769,1,1800,1799,0,0,85,90,CCW,0,N,0,0,0
D7651658,988017,998770,1,1799,1799,0,0,85,90,CCW,0,N,0,0,0
D7651658,988018,998771,1,1800,1799,0,0,85,90,CCW,0,N,0,0,0
D7651658,988019,998772,1,1798,1799,0,0,85,90,CCW,0,N,0,0,0
D7651658,988020,998773,1,1800,1799,0,0,85,90,CCW,0,N,0,0,0
D7651658,988021,998774,1,1800,1799,0,0,85,90,CCW,0,N,0,0,0
D7651658,988022,998775,1,1799,1799,0,0,85,90,CCW,0,N,0,0,0
D7651658,988023,998776,1,1799,1799,0,0,85,90,CCW,0,N,0,0,0
D7651658,988024,998777,1,1800,1799,0,0,85,90,CCW,0,N,0,0,0
D7651658,988025,998778,1,1800,1799,0,0,85,90,CCW,0,N,0,0,0
D7651658,988026,998779,1,1800,1799,0,0,85,90,CCW,0,N,0,0,0
D7651658,988027,998780,1,1800,1799,0,0,85,90,CCW,0,N,0,0,0
D7651658,988028,998781,1,1801,1799,0,0,85,90,CCW,0,N,0,0,0
D7651658,988029,998782,1,1801,1799,0,0,85,90,CCW,0,N,0,0,0
D7651658,988030,998783,1,1792,1799,0,0,85,90,CCW,0,N,0,0,0
D7651658,988031,998784,1,1800,1799,0,0,85,90,CCW,0,N,0,0,0
D7651658,988032,998785,1,1801,1799,0,0,85,90,CCW,0,N,0,0,0
D7651658,988033,998786,1,1800,1799,0,0,85,90,CCW,0,N,0,0,0
D7651658,988034,998787,1,1797,1799,0,0,85,90,CCW,0,N,0,0,0
D7651658,988035,998788,1,1799,1799,0,0,85,90,CCW,0,N,0,0,0
D7651658,988036,998789,1,1801,1799,0,0,85,90,CCW,0,N,0,0,0
D7651658,988037,998790,1,1801,1799,0,0,85,90,CCW,0,N,0,0,0
D7651658,988038,998791,1,1796,1799,0,0,85,90,CCW,0,N,0,0,0
D7651658,988039,998792,1,1801,1799,0,0,85,90,CCW,0,N,0,0,0
D7651658,988040,998793,1,1801,1799,0,0,85,90,CCW,0,N,0,0,0
D7651658,988041,998794,1,1802,1799,0,0,85,90,CCW,0,N,0,0,0
D7651658,988042,998795,1,1799,1799,0,0,85,90,CCW,0,N,0,0,0
D7651658,988043,998796,1,1801,1799,0,0,85,90,CCW,0,N,0,0,0
D7651658,988044,998797,1,1801,1799,0,0,85,90,CCW,0,N,0,0,0
D7651658,988045,998798,1,1800,1799,0,0,85,90,CCW,0,N,0,0,0
D7651658,988046,998799,1,1799,1799,0,0,85,90,CCW,0,N,0,0,0
D7651658,988047,998800,1,1798,1799,0,0,85,90,CCW,0,N,0,0,0
D7651658,988048,998801,1,1801,1799,0,0,85,90,CCW,0,N,0,0,0
D7651658,988049,998802,1,1800,1799,0,0,85,90,CCW,0,N,0,0,0
D7651658,988050,998803,1,1799,1799,0,0,85,90,CCW,0,N,0,0,0
D7651658,988051,998804,1,1800,1799,0,0,85,90,CCW,0,N,0,0,0
D7651658,988052,998805,1,1801,1799,0,0,85,90,CCW,0,N,0,0,0
D7651658,988053,998806,1,1801,1799,0,0,85,90,CCW,0,N,0,0,0
D7651658,988054,998807,1,1800,1799,0,0,85,90,CCW,0,N,0,0,0
D7651658,988055,998808,1,1800,1799,0,0,85,90,CCW,0,N,0,0,0
D7651658,988056,998809,1,1801,1799,0,0,86,90,CCW,0,N,0,0,0
D7651658,988057,998810,1,1800,1799,0,0,86,90,CCW,0,N,0,0,0
D7651658,988058,998811,1,1801,1799,0,0,86,90,CCW,0,N,0,0,0
D7651658,988059,998812,1,1799,1799,0,0,86,90,CCW,0,N,0,0,0
D7651658,988060,998813,1,1799,1799,0,0,86,90,CCW,0,N,0,0,0
D7651658,988061,998814,1,1799,1799,0,0,86,90,CCW,0,N,0,0,0
D7651658,988062,998815,1,1801,1799,0,0,86,90,CCW,0,N,0,0,0
D7651658,988063,998816,1,1798,1799,0,0,86,90,CCW,0,N,0,0,0
D7651658,988064,998817,1,1801,1799,0,0,86,90,CCW,0,N,0,0,0
D7651658,988065,998818,1,1799,1799,0,0,86,90,CCW,0,N,0,0,0
D7651658,988066,998819,1,1801,1799,0,0,86,90,CCW,0,N,0,0,0
D7651658,988067,998820,1,1801,1799,0,0,86,90,CCW,0,N,0,0,0
D7651658,988068,998821,1,1800,1799,0,0,86,90,CCW,0,N,0,0,0
D7651658,988069,998822,1,1800,1799,0,0,86,90,CCW,0,N,0,0,0
D7651658,988070,998823,1,1800,1799,0,0,86,90,CCW,0,N,0,0,0
D7651658,988071,998824,1,1801,1799,0,0,86,90,CCW,0,N,0,0,0
D7651658,988072,998825,1,1799,1799,0,0,86,90,CCW,0,N,0,0,0
D7651658,988073,998826,1,1800,1799,0,0,86,90,CCW,0,N,0,0,0
D7651658,988074,998827,1,1801,1799,0,0,86,90,CCW,0,N,0,0,0
D7651658,988075,998828,1,1799,1799,0,0,86,90,CCW,0,N,0,0,0
D7651658,988076,998829,1,1801,1799,0,0,86,90,CCW,0,N,0,0,0
D7651658,988077,998830,1,1800,1799,0,0,86,90,CCW,0,N,0,0,0
D7651658,988078,998831,1,1804,1799,0,0,86,90,CCW,0,N,0,0,0
D7651658,988079,998832,1,1800,1799,0,0,86,90,CCW,0,N,0,0,0
D7651658,988080,998833,1,1800,1799,0,0,86,90,CCW,0,N,0,0,0
D7651658,988081,998834,1,1803,1799,0,0,86,90,CCW,0,N,0,0,0
D7651658,988082,998835,1,1801,1799,0,0,86,90,CCW,0,N,0,0,0
D7651658,988083,998836,1,1801,1799,0,0,86,90,CCW,0,N,0,0,0
D7651658,988084,998837,1,1803,1799,0,0,86,90,CCW,0,N,0,0,0
D7651658,988085,998838,1,1802,1799,0,0,86,90,CCW,0,N,0,0,0
D7651658,988086,998839,1,1801,1799,0,0,86,90,CCW,0,N,0,0,0
D7651658,988087,998840,1,1801,1799,0,0,86,90,CCW,0,N,0,0,0
D7651658,988088,998841,1,1801,1799,0,0,86,90,CCW,0,N,0,0,0
D7651658,988089,998842,1,1799,1799,0,0,86,90,CCW,0,N,0,0,0
D7651658,988090,998843,1,1804,1799,0,0,86,90,CCW,0,N,0,0,0
D7651658,988091,998844,1,1800,1799,0,0,86,90,CCW,0,N,0,0,0
D7651658,988092,998845,1,1800,1799,0,0,86,90,CCW,0,N,0,0,0
D7651658,988093,998846,1,1801,1799,0,0,86,90,CCW,0,N,0,0,0
D7651658,988094,998847,1,1801,1799,0,0,86,90,CCW,0,N,0,0,0
D7651658,988095,998848,1,1801,1799,0,0,86,90,CCW,0,N,0,0,0
D7651658,988096,998849,1,1802,1799,0,0,86,90,CCW,0,N,0,0,0
D7651658,988097,998850,1,1802,1799,0,0,86,90,CCW,0,N,0,0,0
D7651658,988098,998851,1,1802,1799,0,0,86,90,CCW,0,N,0,0,0
D7651658,988099,998852,1,1800,1799,0,0,86,90,CCW,0,N,0,0,0
D7651658,988100,998853,1,1802,1799,0,0,86,90,CCW,0,N,0,0,0
D7651658,988101,998854,1,1799,1799,0,0,86,90,CCW,0,N,0,0,0
D7651658,988102,998855,1,1803,1799,0,0,86,90,CCW,0,N,0,0,0
D7651658,988103,998856,1,1800,1799,0,0,86,90,CCW,0,N,0,0,0
D7651658,988104,998857,1,1800,1799,0,0,86,90,CCW,0,N,0,0,0
D7651658,988105,998858,1,1800,1799,0,0,86,90,CCW,0,N,0,0,0
D7651658,988106,998859,1,1806,1799,0,0,86,90,CCW,0,N,0,0,0
D7651658,988107,998860,1,1799,1799,0,0,86,90,CCW,0,N,0,0,0
D7651658,988108,998861,1,1800,1799,0,0,86,90,CCW,0,N,0,0,0
D7651658,988109,998862,1,1801,1799,0,0,86,90,CCW,0,N,0,0,0
D7651658,988110,998863,1,1801,1799,0,0,86,90,CCW,0,N,0,0,0
D7651658,988111,998864,1,1798,1799,0,0,86,90,CCW,0,N,0,0,0
D7651658,988112,998865,1,1813,1799,0,0,86,90,CCW,0,N,0,0,0
D7651658,988113,998866,1,1801,1799,0,0,86,90,CCW,0,N,0,0,0
D7651658,988114,998867,1,1801,1799,0,0,86,90,CCW,0,N,0,0,0
D7651658,988115,998868,1,1800,1799,0,0,86,90,CCW,0,N,0,0,0
D7651658,988116,998869,1,1800,1799,0,0,86,90,CCW,0,N,0,0,0
D7651658,988117,998870,1,1799,1799,0,0,86,90,CCW,0,N,0,0,0
D7651658,988118,998871,1,1801,1799,0,0,86,90,CCW,0,N,0,0,0
D7651658,988119,998872,1,1800,1799,0,0,86,90,CCW,0,N,0,0,0
D7651658,988120,998873,1,1801,1799,0,0,86,90,CCW,0,N,0,0,0
D7651658,988121,998874,1,1801,1799,0,0,86,90,CCW,0,N,0,0,0
D7651658,988122,998875,1,1813,1799,0,0,86,90,CCW,0,N,0,0,0
D7651658,988123,998876,1,1800,1799,0,0,86,90,CCW,0,N,0,0,0
D7651658,988124,998877,1,1800,1799,0,0,86,90,CCW,0,N,0,0,0
D7651658,988125,998878,1,1800,1799,0,0,86,90,CCW,0,N,0,0,0
D7651658,988126,998879,1,1800,1799,0,0,86,90,CCW,0,N,0,0,0
D7651658,988127,998880,1,1810,1799,0,0,86,90,CCW,0,N,0,0,0
D7651658,988128,998881,1,1800,1799,0,0,86,90,CCW,0,N,0,0,0
D7651658,988129,998882,1,1801,1799,0,0,86,90,CCW,0,N,0,0,0
D7651658,988130,998883,1,1801,1799,0,0,86,90,CCW,0,N,0,0,0
D7651658,988131,998884,1,1801,1799,0,0,86,90,CCW,0,N,0,0,0
D7651658,988132,998885,1,1799,1799,0,0,86,90,CCW,0,N,0,0,0
D7651658,988133,998886,1,1801,1799,0,0,86,90,CCW,0,N,0,0,0
D7651658,988134,998887,1,1802,1799,0,0,86,90,CCW,0,N,0,0,0
D7651658,988135,998888,1,1800,1799,0,0,86,90,CCW,0,N,0,0,0
D7651658,988136,998889,1,1801,1799,0,0,86,90,CCW,0,N,0,0,0
D7651658,988137,998890,1,1802,1799,0,0,86,90,CCW,0,N,0,0,0
D7651658,988138,998891,1,1800,1799,0,0,86,90,CCW,0,N,0,0,0
D7651658,988139,998892,1,1802,1799,0,0,86,90,CCW,0,N,0,0,0
D7651658,988140,998893,1,1802,1799,0,0,86,90,CCW,0,N,0,0,0
D7651658,988141,998894,1,1803,1799,0,0,86,90,CCW,0,N,0,0,0
D7651658,988142,998895,1,1803,1799,0,0,86,90,CCW,0,N,0,0,0
D7651658,988143,998896,1,1803,1799,0,0,86,90,CCW,0,N,0,0,0
D7651658,988144,998897,1,1802,1799,0,0,86,90,CCW,0,N,0,0,0
D7651658,988145,998898,1,1799,1799,0,0,86,90,CCW,0,N,0,0,0
D7651658,988146,998899,1,1801,1799,0,0,86,90,CCW,0,N,0,0,0
D7651658,988147,998900,1,1801,1799,0,0,86,90,CCW,0,N,0,0,0
D7651658,988148,998901,1,1803,1799,0,0,86,90,CCW,0,N,0,0,0
D7651658,988149,998902,1,1801,1799,0,0,86,90,CCW,0,N,0,0,0
D7651658,988150,998903,1,1799,1799,0,0,86,90,CCW,0,N,0,0,0
D7651658,988151,998904,1,1801,1799,0,0,86,90,CCW,0,N,0,0,0
D7651658,988152,998905,1,1801,1799,0,0,86,90,CCW,0,N,0,0,0
D7651658,988153,998906,1,1801,1799,0,0,86,90,CCW,0,N,0,0,0
D7651658,988154,998908,2,1801,1799,0,0,86,90,CCW,0,N,0,1,1
D7651658,988155,998909,1,1800,1799,0,0,86,90,CCW,0,N,0,0,0
D7651658,988156,998910,1,1805,1799,0,0,86,90,CCW,0,N,0,0,0
D7651658,988157,998911,1,1806,1799,0,0,86,90,CCW,0,N,0,0,0
D7651658,988158,998912,1,1801,1799,0,0,86,90,CCW,0,N,0,0,0
D7651658,988159,998913,1,1801,1799,0,0,86,90,CCW,0,N,0,0,0
D7651658,988160,998914,1,1801,1799,0,0,86,90,CCW,0,N,0,0,0
D7651658,988161,998915,1,1802,1799,0,0,86,90,CCW,0,N,0,0,0
D7651658,988162,998916,1,1802,1799,0,0,86,90,CCW,0,N,0,0,0
D7651658,988163,998917,1,1802,1799,0,0,86,90,CCW,0,N,0,0,0
D7651658,988164,998918,1,1803,1799,0,0,86,90,CCW,0,N,0,0,0
D7651658,988165,998919,1,1801,1799,0,0,86,90,CCW,0,N,0,0,0
D7651658,988166,998920,1,1803,1799,0,0,86,90,CCW,0,N,0,0,0
D7651658,988167,998921,1,1802,1799,0,0,86,90,CCW,0,N,0,0,0
D7651658,988168,998922,1,1802,1799,0,0,86,90,CCW,0,N,0,0,0
D7651658,988169,998923,1,1802,1799,0,0,86,90,CCW,0,N,0,0,0
D7651658,988170,998924,1,1804,1799,0,0,86,90,CCW,0,N,0,0,0
D7651658,988171,998925,1,1802,1799,0,0,86,90,CCW,0,N,0,0,0
D7651658,988172,998926,1,1802,1799,0,0,86,90,CCW,0,N,0,0,0
D7651658,988173,998927,1,1802,1799,0,0,86,90,CCW,0,N,0,0,0
D7651658,988174,998928,1,1803,1799,0,0,86,90,CCW,0,N,0,0,0
D7651658,988175,998929,1,1803,1799,0,0,86,90,CCW,0,N,0,0,0
D7651658,988176,998930,1,1800,1799,0,0,86,90,CCW,0,N,0,0,0
D7651658,988177,998931,1,1805,1799,0,0,86,90,CCW,0,N,0,0,0
D7651658,988178,998932,1,1805,1799,0,0,86,90,CCW,0,N,0,0,0
D7651658,988179,998933,1,1802,1799,0,0,86,90,CCW,0,N,0,0,0
D7651658,988180,998934,1,1803,1799,0,0,86,90,CCW,0,N,0,0,0
D7651658,988181,998935,1,1801,1799,0,0,86,90,CCW,0,N,0,0,0
D7651658,988182,998936,1,1803,1799,0,0,86,90,CCW,0,N,0,0,0
D7651658,988183,998937,1,1804,1799,0,0,86,90,CCW,0,N,0,0,0
D7651658,988184,998938,1,1801,1799,0,0,86,90,CCW,0,N,0,0,0
D7651658,988185,998939,1,1802,1799,0,0,86,90,CCW,0,N,0,0,0
D7651658,988186,998940,1,1803,1799,0,0,86,90,CCW,0,N,0,0,0
D7651658,988187,998941,1,1803,1799,0,0,86,90,CCW,0,N,0,0,0
D7651658,988188,998942,1,1802,1799,0,0,86,90,CCW,0,N,0,0,0
D7651658,988189,998943,1,1803,1799,0,0,86,90,CCW,0,N,0,0,0
D7651658,988190,998944,1,1802,1799,0,0,86,90,CCW,0,N,0,0,0
D7651658,988191,998945,1,1802,1799,0,0,86,90,CCW,0,N,0,0,0
D7651658,988192,998946,1,1804,1799,0,0,86,90,CCW,0,N,0,0,0
D7651658,988193,998947,1,1802,1799,0,0,86,90,CCW,0,N,0,0,0
D7651658,988194,998948,1,1804,1799,0,0,86,90,CCW,0,N,0,0,0
D7651658,988195,998949,1,1804,1799,0,0,86,90,CCW,0,N,0,0,0
D7651658,988196,998950,1,1803,1799,0,0,86,90,CCW,0,N,0,0,0
D7651658,988197,998951,1,1807,1799,0,0,86,90,CCW,0,N,0,0,0
D7651658,988198,998952,1,1803,1799,0,0,86,90,CCW,0,N,0,0,0
D7651658,988199,998953,1,1804,1799,0,0,86,90,CCW,0,N,0,0,0
D7651658,988200,998954,1,1804,1799,0,0,86,90,CCW,0,N,0,0,0
D7651658,988201,998955,1,1808,1799,0,0,86,90,CCW,0,N,0,0,0
D7651658,988202,998956,1,1804,1799,0,0,86,90,CCW,0,N,0,0,0
D7651658,988203,998957,1,1803,1799,0,0,86,90,CCW,0,N,0,0,0
D7651658,988204,998958,1,1803,1799,0,0,86,90,CCW,0,N,0,0,0
D7651658,988205,998959,1,1800,1799,0,0,87,90,CCW,0,N,0,0,0
D7651658,988206,998960,1,1803,1799,0,0,87,90,CCW,0,N,0,0,0
D7651658,988207,998961,1,1803,1799,0,0,87,90,CCW,0,N,0,0,0
D7651658,988208,998962,1,1804,1799,0,0,87,90,CCW,0,N,0,0,0
D7651658,988209,998963,1,1802,1799,0,0,87,90,CCW,0,N,0,0,0
D7651658,988210,998964,1,1805,1799,0,0,87,90,CCW,0,N,0,0,0
D7651658,988211,998965,1,1804,1799,0,0,87,90,CCW,0,N,0,0,0
D7651658,988212,998966,1,1802,1799,0,0,87,90,CCW,0,N,0,0,0
D7651658,988213,998967,1,1803,1799,0,0,87,90,CCW,0,N,0,0,0
D7651658,988214,998968,1,1803,1799,0,0,87,90,CCW,0,N,0,0,0
D7651658,988215,998969,1,1803,1799,0,0,87,90,CCW,0,N,0,0,0
D7651658,988216,998970,1,1803,1799,0,0,87,90,CCW,0,N,0,0,0
D7651658,988217,998971,1,1804,1799,0,0,87,90,CCW,0,N,0,0,0
D7651658,988218,998972,1,1804,1799,0,0,87,90,CCW,0,N,0,0,0
D7651658,988219,998973,1,1813,1799,0,0,87,90,CCW,0,N,0,0,0
D7651658,988220,998974,1,1803,1799,0,0,87,90,CCW,0,N,0,0,0
D7651658,988221,998975,1,1805,1799,0,0,87,90,CCW,0,N,0,0,0
D7651658,988222,998976,1,1803,1799,0,0,87,90,CCW,0,N,0,0,0
D7651658,988223,998977,1,1804,1799,0,0,87,90,CCW,0,N,0,0,0
D7651658,988224,998978,1,1818,1799,0,0,87,90,CCW,0,N,0,0,0
D7651658,988225,998979,1,1804,1799,0,0,87,90,CCW,0,N,0,0,0
D7651658,988226,998980,1,1805,1799,0,0,87,90,CCW,0,N,0,0,0
D7651658,988227,998981,1,1804,1799,0,0,87,90,CCW,0,N,0,0,0
D7651658,988228,998982,1,1805,1799,0,0,87,90,CCW,0,N,0,0,0
D7651658,988229,998983,1,1805,1799,0,0,87,90,CCW,0,N,0,0,0
D7651658,988230,998984,1,1808,1799,0,0,87,90,CCW,0,N,0,0,0
D7651658,988231,998985,1,1805,1799,0,0,87,90,CCW,0,N,0,0,0
D7651658,988232,998986,1,1805,1799,0,0,87,90,CCW,0,N,0,0,0
D7651658,988233,998987,1,1805,1799,0,0,87,90,CCW,0,N,0,0,0
D7651658,988234,998988,1,1805,1799,0,0,87,90,CCW,0,N,0,0,0
D7651658,988235,998989,1,1807,1799,0,0,87,90,CCW,0,N,0,0,0
D7651658,988236,998990,1,1808,1799,0,0,87,90,CCW,0,N,0,0,0
D7651658,988237,998991,1,1805,1799,0,0,87,90,CCW,0,N,0,0,0
D7651658,988238,998992,1,1805,1799,0,0,87,90,CCW,0,N,0,0,0
D7651658,988239,998993,1,1806,1799,0,0,87,90,CCW,0,N,0,0,0
D7651658,988240,998994,1,1814,1799,0,0,87,90,CCW,0,N,0,0,0
D7651658,988241,998995,1,1804,1799,0,0,87,90,CCW,0,N,0,0,0
D7651658,988242,998996,1,1805,1799,0,0,87,90,CCW,0,N,0,0,0
D7651658,988243,998997,1,1805,1799,0,0,87,90,CCW,0,N,0,0,0
D7651658,988244,998998,1,1806,1799,0,0,87,90,CCW,0,N,0,0,0
D7651658,988245,998999,1,1806,1799,0,0,87,90,CCW,0,N,0,0,0
D7651658,988246,999000,1,1805,1799,0,0,87,90,CCW,0,N,0,0,0
D7651658,988247,999001,1,1805,1799,0,0,87,90,CCW,0,N,0,0,0
D7651658,988248,999002,1,1806,1799,0,0,87,90,CCW,0,N,0,0,0
D7651658,988249,999003,1,1806,1799,0,0,87,90,CCW,0,N,0,0,0
D7651658,988250,999004,1,1817,1799,0,0,87,90,CCW,0,N,0,0,0
D7651658,988251,999005,1,1807,1799,0,0,87,90,CCW,0,N,0,0,0
D7651658,988252,999006,1,1807,1799,0,0,87,90,CCW,0,N,0,0,0
D7651658,988253,999007,1,1806,1799,0,0,87,90,CCW,0,N,0,0,0
D7651658,988254,999008,1,1806,1799,0,0,87,90,CCW,0,N,0,0,0
D7651658,988255,999009,1,1806,1799,0,0,87,90,CCW,0,N,0,0,0
D7651658,988256,999010,1,1808,1799,0,0,87,90,CCW,0,N,0,0,0
D7651658,988257,999011,1,1806,1799,0,0,87,90,CCW,0,N,0,0,0
D7651658,988258,999012,1,1806,1799,0,0,87,90,CCW,0,N,0,0,0
D7651658,988259,999013,1,1806,1799,0,0,87,90,CCW,0,N,0,0,0
D7651658,988260,999014,1,1807,1799,0,0,87,90,CCW,0,N,0,0,0
D7651658,988261,999015,1,1807,1799,0,0,87,90,CCW,0,N,0,0,0
D7651658,988262,999016,1,1807,1799,0,0,87,90,CCW,0,N,0,0,0
D7651658,988263,999017,1,1807,1799,0,0,87,90,CCW,0,N,0,0,0
D7651658,988264,999018,1,1806,1799,0,0,87,90,CCW,0,N,0,0,0
D7651658,988265,999019,1,1806,1799,0,0,87,90,CCW,0,N,0,0,0
D7651658,988266,999020,1,1807,1799,0,0,87,90,CCW,0,N,0,0,0
D7651658,988267,999021,1,1807,1799,0,0,87,90,CCW,0,N,0,0,0
D7651658,988268,999022,1,1806,1799,0,0,87,90,CCW,0,N,0,0,0
D7651658,988269,999023,1,1807,1799,0,0,87,90,CCW,0,N,0,0,0
D7651658,988270,999024,1,1807,1799,0,0,87,90,CCW,0,N,0,0,0
D7651658,988271,999025,1,1814,1799,0,0,87,90,CCW,0,N,0,0,0
D7651658,988272,999026,1,1808,1799,0,0,87,90,CCW,0,N,0,0,0
D7651658,988273,999027,1,1807,1799,0,0,87,90,CCW,0,N,0,0,0
D7651658,988274,999028,1,1808,1799,0,0,87,90,CCW,0,N,0,0,0
D7651658,988275,999029,1,1810,1799,0,0,87,90,CCW,0,N,0,0,0
D7651658,988276,999030,1,1808,1799,0,0,87,90,CCW,0,N,0,0,0
D7651658,988277,999031,1,1807,1799,0,0,87,90,CCW,0,N,0,0,0
D7651658,988278,999032,1,1808,1799,0,0,87,90,CCW,0,N,0,0,0
D7651658,988279,999033,1,1807,1799,0,0,87,90,CCW,0,N,0,0,0
D7651658,988280,999034,1,1808,1799,0,0,87,90,CCW,0,N,0,0,0
D7651658,988281,999035,1,1808,1799,0,0,87,90,CCW,0,N,0,0,0
D7651658,988282,999036,1,1808,1799,0,0,87,90,CCW,0,N,0,0,0
D7651658,988283,999037,1,1808,1799,0,0,87,90,CCW,0,N,0,0,0
D7651658,988284,999038,1,1809,1799,0,0,87,90,CCW,0,N,0,0,0
D7651658,988285,999039,1,1808,1799,0,0,87,90,CCW,0,N,0,0,0
D7651658,988286,999040,1,1808,1799,0,0,87,90,CCW,0,N,0,0,0
D7651658,988287,999041,1,1812,1799,0,0,87,90,CCW,0,N,0,0,0
D7651658,988288,999042,1,1809,1799,0,0,87,90,CCW,0,N,0,0,0
D7651658,988289,999043,1,1808,1799,0,0,87,90,CCW,0,N,0,0,0
D7651658,988290,999044,1,1809,1799,0,0,87,90,CCW,0,N,0,0,0
D7651658,988291,999045,1,1809,1799,0,0,87,90,CCW,0,N,0,0,0
D7651658,988292,999046,1,1809,1799,0,0,87,90,CCW,0,N,0,0,0
D7651658,988293,999047,1,1808,1799,0,0,87,90,CCW,0,N,0,0,0
D7651658,988294,999048,1,1812,1799,0,0,87,90,CCW,0,N,0,0,0
D7651658,988295,999049,1,1823,1799,0,0,87,90,CCW,0,N,0,0,0
D7651658,988296,999050,1,1810,1799,0,0,87,90,CCW,0,N,0,0,0
D7651658,988297,999051,1,1810,1799,0,0,87,90,CCW,0,N,0,0,0
D7651658,988298,999052,1,1809,1799,0,0,87,90,CCW,0,N,0,0,0
D7651658,988299,999053,1,1809,1799,0,0,87,90,CCW,0,N,0,0,0
D7651658,988300,999054,1,1810,1799,0,0,87,90,CCW,0,N,0,0,0
D7651658,988301,999055,1,1811,1799,0,0,87,90,CCW,0,N,0,0,0
D7651658,988302,999056,1,1813,1799,0,0,87,90,CCW,0,N,0,0,0
D7651658,988303,999057,1,1810,1799,0,0,87,90,CCW,0,N,0,0,0
D7651658,988304,999058,1,1811,1799,0,0,87,90,CCW,0,N,0,0,0
D7651658,988305,999059,1,1814,1799,0,0,87,90,CCW,0,N,0,0,0
D7651658,988306,999060,1,1809,1799,0,0,87,90,CCW,0,N,0,0,0
D7651658,988307,999061,1,1809,1799,0,0,87,90,CCW,0,N,0,0,0
D7651658,988308,999062,1,1813,1799,0,0,87,90,CCW,0,N,0,0,0
D7651658,988309,999063,1,1814,1799,0,0,87,90,CCW,0,N,0,0,0
D7651658,988310,999064,1,1812,1799,0,0,87,90,CCW,0,N,0,0,0
D7651658,988311,999065,1,1814,1799,0,0,87,90,CCW,0,N,0,0,0
D7651658,988312,999066,1,1816,1799,0,0,87,90,CCW,0,N,0,0,0
D7651658,988313,999067,1,1814,1799,0,0,87,90,CCW,0,N,0,0,0
D7651658,988314,999068,1,1815,1799,0,0,87,90,CCW,0,N,0,0,0
D7651658,988315,999069,1,1815,1799,0,0,87,90,CCW,0,N,0,0,0
D7651658,988316,999070,1,1815,1799,0,0,87,90,CCW,0,N,0,0,0
D7651658,988317,999071,1,1817,1799,0,0,87,90,CCW,0,N,0,0,0
D7651658,988318,999072,1,1814,1799,0,0,87,90,CCW,0,N,0,0,0
D7651658,988319,999073,1,1816,1799,0,0,87,90,CCW,0,N,0,0,0
D7651658,988320,999074,1,1816,1799,0,0,87,90,CCW,0,N,0,0,0
D7651658,988321,999075,1,1815,1799,0,0,87,90,CCW,0,N,0,0,0
D7651658,988322,999076,1,1814,1799,0,0,87,90,CCW,0,N,0,0,0
D7651658,988323,999077,1,1818,1799,0,0,87,90,CCW,0,N,0,0,0
D7651658,988324,999078,1,1817,1799,0,0,87,90,CCW,0,N,0,0,0
D7651658,988325,999079,1,1816,1799,0,0,87,90,CCW,0,N,0,0,0
D7651658,988326,999080,1,1817,1799,0,0,87,90,CCW,0,N,0,0,0
D7651658,988327,999081,1,1817,1799,0,0,87,90,CCW,0,N,0,0,0
D7651658,988328,999082,1,1817,1799,0,0,87,90,CCW,0,N,0,0,0
D7651658,988329,999083,1,1818,1799,0,0,87,90,CCW,0,N,0,0,0
D7651658,988330,999084,1,1819,1799,0,0,87,90,CCW,0,N,0,0,0
D7651658,988331,999085,1,1817,1799,0,0,87,90,CCW,0,N,0,0,0
D7651658,988332,999086,1,1818,1799,0,0,87,90,CCW,0,N,0,0,0
D7651658,988333,999087,1,1819,1799,0,0,87,90,CCW,0,N,0,0,0
D7651658,988334,999088,1,1819,1799,0,0,87,90,CCW,0,N,0,0,0
D7651658,988335,999089,1,1820,1799,0,0,87,90,CCW,0,N,0,0,0
D7651658,988336,999090,1,1818,1799,0,0,87,90,CCW,0,N,0,0,0
D7651658,988337,999091,1,1820,1799,0,0,87,90,CCW,0,N,0,0,0
D7651658,988338,999092,1,1821,1799,0,0,87,90,CCW,0,N,0,0,0
D7651658,988339,999093,1,1820,1799,0,0,87,90,CCW,0,N,0,0,0
D7651658,988340,999094,1,1819,1799,0,0,87,90,CCW,0,N,0,0,0
D7651658,988341,999095,1,1833,1799,0,0,87,90,CCW,0,N,0,0,0
D7651658,988342,999096,1,1818,1799,0,0,87,90,CCW,0,N,0,0,0
D7651658,988343,999097,1,1820,1799,0,0,87,90,CCW,0,N,0,0,0
D7651658,988344,999098,1,1820,1799,0,0,87,90,CCW,0,N,0,0,0
D7651658,988345,999099,1,1820,1799,0,0,87,90,CCW,0,N,0,0,0
D7651658,988346,999100,1,1819,1799,0,0,87,90,CCW,0,N,0,0,0
D7651658,988347,999101,1,1821,1799,0,0,87,90,CCW,0,N,0,0,0
D7651658,988348,999102,1,1820,1799,0,0,87,90,CCW,0,N,0,0,0
D7651658,988349,999103,1,1820,1799,0,0,87,90,CCW,0,N,0,0,0
D7651658,988350,999104,1,1819,1799,0,0,87,90,CCW,0,N,0,0,0
D7651658,988351,999105,1,1819,1799,0,0,87,90,CCW,0,N,0,0,0
D7651658,988352,999106,1,1819,1799,0,0,87,90,CCW,0,N,0,0,0
D7651658,988353,999107,1,1820,1799,0,0,87,90,CCW,0,N,0,0,0
D7651658,988354,999108,1,1820,1799,0,0,87,90,CCW,0,N,0,0,0
D7651658,988355,999109,1,1819,1799,0,0,88,90,CCW,0,N,0,0,0
D7651658,988356,999110,1,1819,1799,0,0,88,90,CCW,0,N,0,0,0
D7651658,988357,999111,1,1821,1799,0,0,88,90,CCW,0,N,0,0,0
D7651658,988358,999112,1,1819,1799,0,0,88,90,CCW,0,N,0,0,0
D7651658,988359,999113,1,1818,1799,0,0,88,90,CCW,0,N,0,0,0
D7651658,988360,999114,1,1816,1799,0,0,88,90,CCW,0,N,0,0,0
D7651658,988361,999115,1,1816,1799,0,0,88,90,CCW,0,N,0,0,0
D7651658,988362,999116,1,1831,1799,0,0,88,90,CCW,0,N,0,0,0
D7651658,988363,999117,1,1813,1799,0,0,88,90,CCW,0,N,0,0,0
D7651658,988364,999118,1,1812,1799,0,0,88,90,CCW,0,N,0,0,0
D7651658,988365,999119,1,1812,1799,0,0,88,90,CCW,0,N,0,0,0
D7651658,988366,999120,1,1810,1799,0,0,88,90,CCW,0,N,0,0,0
D7651658,988367,999121,1,1824,1799,0,0,88,90,CCW,0,N,0,0,0
D7651658,988368,999122,1,1809,1799,0,0,88,90,CCW,0,N,0,0,0
D7651658,988369,999123,1,1808,1799,0,0,88,90,CCW,0,N,0,0,0
D7651658,988370,999124,1,1808,1799,0,0,88,90,CCW,0,N,0,0,0
D7651658,988371,999125,1,1807,1799,0,0,88,90,CCW,0,N,0,0,0
D7651658,988372,999126,1,1808,1799,0,0,88,90,CCW,0,N,0,0,0
D7651658,988373,999127,1,1805,1799,0,0,88,90,CCW,0,N,0,0,0
D7651658,988374,999128,1,1803,1799,0,0,88,90,CCW,0,N,0,0,0
D7651658,988375,999129,1,1802,1799,0,0,88,90,CCW,0,N,0,0,0
D7651658,988376,999130,1,1800,1799,0,0,88,90,CCW,0,N,0,0,0
D7651658,988377,999131,1,1796,1799,0,0,88,90,CCW,0,N,0,0,0
D7651658,988378,999132,1,1796,1799,0,0,88,90,CCW,0,N,0,0,0
D7651658,988379,999133,1,1791,1799,0,0,88,90,CCW,0,N,0,0,0
D7651658,988380,999134,1,1791,1799,0,0,88,90,CCW,0,N,0,0,0
D7651658,988381,999135,1,1788,1799,0,0,88,90,CCW,0,N,0,0,0
D7651658,988382,999136,1,1786,1799,0,0,88,90,CCW,0,N,0,0,0
D7651658,988383,999137,1,1780,1799,0,0,88,90,CCW,0,N,0,0,0
D7651658,988384,999138,1,1777,1799,0,0,88,90,CCW,0,N,0,0,0
D7651658,988385,999139,1,1776,1799,0,0,88,90,CCW,0,N,0,0,0
D7651658,988386,999140,1,1775,1799,0,0,88,90,CCW,0,N,0,0,0
D7651658,988387,999141,1,1772,1799,0,0,88,90,CCW,0,N,0,0,0
D7651658,988388,999142,1,1767,1799,0,0,88,90,CCW,0,N,0,0,0
D7651658,988389,999143,1,1763,1799,0,0,88,90,CCW,0,N,0,0,0
D7651658,988390,999144,1,1757,1799,0,42,88,90,CCW,1,S,0,0,0
D7651658,988391,999145,1,1754,1799,0,45,88,90,CCW,1,S,0,0,0
D7651658,988392,999146,1,1750,1799,0,49,88,90,CCW,1,S,0,0,0
D7651658,988393,999147,1,1744,1799,0,55,88,90,CCW,1,S,0,0,0
D7651658,988394,999148,1,1743,1799,0,56,88,90,CCW,1,S,0,0,0
D7651658,988395,999149,1,1739,1799,0,60,88,90,CCW,1,S,0,0,0
D7651658,988396,999150,1,1727,1799,0,72,88,90,CCW,1,S,0,0,0
D7651658,988397,999151,1,1732,1799,0,72,88,90,CCW,1,S,0,0,0
D7651658,988398,999152,1,1724,1799,0,75,88,90,CCW,1,S,0,0,0
D7651658,988399,999153,1,1720,1799,0,79,88,90,CCW,1,S,0,0,0
D7651658,988400,999154,1,1714,1799,0,85,88,90,CCW,1,S,0,0,0
D7651658,988401,999155,1,1727,1799,0,85,88,90,CCW,1,S,0,0,0
D7651658,988402,999156,1,1710,1799,0,89,88,90,CCW,1,S,0,0,0
D7651658,988403,999157,1,1699,1799,0,100,88,90,CCW,1,S,0,0,0
D7651658,988404,999158,1,1696,1799,0,103,88,90,CCW,1,S,0,0,0
D7651658,988405,999159,1,1691,1799,0,108,88,90,CCW,1,S,0,0,0
D7651658,988406,999160,1,1686,1799,0,113,88,90,CCW,1,S,0,0,0
D7651658,988407,999161,1,1680,1799,0,119,88,90,CCW,1,S,0,0,0
D7651658,988408,999162,1,1677,1799,0,122,88,90,CCW,1,S,0,0,0
D7651658,988409,999163,1,1672,1799,0,127,88,90,CCW,1,S,0,0,0
D7651658,988410,999164,1,1665,1799,0,134,88,90,CCW,1,S,0,0,0
D7651658,988411,999165,1,1660,1799,0,139,88,90,CCW,1,S,0,0,0
D7651658,988412,999166,1,1654,1799,0,145,88,90,CCW,1,S,0,0,0
D7651658,988413,999167,1,1648,1799,0,151,88,90,CCW,1,S,0,0,0
D7651658,988414,999168,1,1645,1799,0,154,88,90,CCW,1,S,0,0,0
D7651658,988415,999169,1,1630,1799,0,169,88,90,CCW,1,S,0,0,0
D7651658,988416,999170,1,1636,1799,0,169,88,90,CCW,1,S,0,0,0
D7651658,988417,999171,1,1630,1799,0,169,88,90,CCW,1,S,0,0,0
D7651658,988418,999172,1,1626,1799,0,173,88,90,CCW,1,S,0,0,0
D7651658,988419,999173,1,1619,1799,0,180,88,90,CCW,1,S,0,0,0
D7651658,988420,999174,1,1615,1799,0,184,88,90,CCW,1,S,0,0,0
D7651658,988421,999175,1,1612,1799,0,187,88,90,CCW,1,S,0,0,0
D7651658,988422,999176,1,1607,1799,0,192,88,90,CCW,1,S,0,0,0
D7651658,988423,999177,1,1601,1799,0,198,88,90,CCW,1,S,0,0,0
D7651658,988424,999178,1,1598,1799,0,201,88,90,CCW,1,S,0,0,0
D7651658,988425,999179,1,1595,1799,0,204,88,90,CCW,1,S,0,0,0
D7651658,988426,999180,1,1589,1799,0,210,88,90,CCW,1,S,0,0,0
D7651658,988427,999181,1,1586,1799,0,213,88,90,CCW,1,S,0,0,0
D7651658,988428,999182,1,1584,1799,0,215,88,90,CCW,1,S,0,0,0
D7651658,988429,999183,1,1578,1799,0,221,88,90,CCW,1,S,0,0,0
D7651658,988430,999184,1,1578,1799,0,221,88,90,CCW,1,S,0,0,0
D7651658,988431,999185,1,1572,1799,0,227,88,90,CCW,1,S,0,0,0
D7651658,988432,999186,1,1567,1799,0,232,88,90,CCW,1,S,0,0,0
D7651658,988433,999187,1,1565,1799,0,234,88,90,CCW,1,S,0,0,0
D7651658,988434,999188,1,1563,1799,0,236,88,90,CCW,1,S,0,0,0
D7651658,988435,999189,1,1557,1799,0,242,88,90,CCW,1,S,0,0,0
D7651658,988436,999190,1,1545,1799,0,254,88,90,CCW,1,S,0,0,0
D7651658,988437,999191,1,1535,1799,0,264,88,90,CCW,1,S,0,0,0
D7651658,988438,999192,1,1535,1799,0,264,88,90,CCW,1,S,0,0,0
D7651658,988439,999193,1,1535,1799,0,264,88,90,CCW,1,S,0,0,0
D7651658,988440,999194,1,1535,1799,0,264,88,90,CCW,1,S,0,0,0
D7651658,988441,999195,1,1534,1799,0,265,88,90,CCW,1,S,0,0,0
D7651658,988442,999196,1,1534,1799,0,265,88,90,CCW,1,S,0,0,0
D7651658,988443,999197,1,1531,1799,0,268,88,90,CCW,1,S,0,0,0
D7651658,988444,999198,1,1528,1799,0,271,88,90,CCW,1,S,0,0,0
D7651658,988445,999199,1,1528,1799,0,271,88,90,CCW,1,S,0,0,0
D7651658,988446,999200,1,1514,1799,0,285,88,90,CCW,1,S,0,0,0
D7651658,988447,999201,1,1522,1799,0,285,88,90,CCW,1,S,0,0,0
D7651658,988448,999202,1,1521,1799,0,285,88,90,CCW,1,S,0,0,0
D7651658,988449,999203,1,1521,1799,0,285,88,90,CCW,1,S,0,0,0
D7651658,988450,999204,1,1519,1799,0,285,88,90,CCW,1,S,0,0,0
D7651658,988451,999205,1,1517,1799,0,285,88,90,CCW,1,S,0,0,0
D7651658,988452,999206,1,1515,1799,0,285,88,90,CCW,1,S,0,0,0
D7651658,988453,999207,1,1513,1799,0,286,88,90,CCW,1,S,0,0,0
D7651658,988454,999208,1,1512,1799,0,287,88,90,CCW,1,S,0,0,0
D7651658,988455,999209,1,1511,1799,0,288,88,90,CCW,1,S,0,0,0
D7651658,988456,999210,1,1509,1799,0,290,88,90,CCW,1,S,0,0,0
D7651658,988457,999211,1,1509,1799,0,290,88,90,CCW,1,S,0,0,0
D7651658,988458,999212,1,1508,1799,0,291,88,90,CCW,1,S,0,0,0
D7651658,988459,999213,1,1526,1799,0,291,88,90,CCW,1,S,0,0,0
D7651658,988460,999215,2,1505,1799,0,294,88,90,CCW,1,S,0,1,1
D7651658,988461,999216,1,1504,1799,0,295,88,90,CCW,1,S,0,0,0
D7651658,988462,999217,1,1505,1799,0,295,88,90,CCW,1,S,0,0,0
D7651658,988463,999218,1,1503,1799,0,296,88,90,CCW,1,S,0,0,0
D7651658,988464,999219,1,1503,1799,0,296,88,90,CCW,1,S,0,0,0
D7651658,988465,999220,1,1502,1799,0,297,88,90,CCW,1,S,0,0,0
D7651658,988466,999221,1,1502,1799,0,297,88,90,CCW,1,S,0,0,0
D7651658,988467,999222,1,1503,1799,0,297,88,90,CCW,1,S,0,0,0
D7651658,988468,999223,1,1503,1799,0,297,88,90,CCW,1,S,0,0,0
D7651658,988469,999224,1,1521,1799,0,297,88,90,CCW,1,S,0,0,0
D7651658,988470,999225,1,1503,1799,0,297,88,90,CCW,1,S,0,0,0
D7651658,988471,999226,1,1500,1799,0,299,88,90,CCW,1,S,0,0,0
D7651658,988472,999227,1,1503,1799,0,299,88,90,CCW,1,S,0,0,0
D7651658,988473,999228,1,1504,1799,0,299,88,90,CCW,1,S,0,0,0
D7651658,988474,999229,1,1505,1799,0,299,88,90,CCW,1,S,0,0,0
D7651658,988475,999230,1,1505,1799,0,299,88,90,CCW,1,S,0,0,0
D7651658,988476,999231,1,1507,1799,0,299,88,90,CCW,1,S,0,0,0
D7651658,988477,999232,1,1510,1799,0,299,88,90,CCW,1,S,0,0,0
D7651658,988478,999233,1,1510,1799,0,299,88,90,CCW,1,S,0,0,0
D7651658,988479,999234,1,1512,1799,0,299,88,90,CCW,1,S,0,0,0
D7651658,988480,999235,1,1514,1799,0,299,88,90,CCW,1,S,0,0,0
D7651658,988481,999236,1,1516,1799,0,299,88,90,CCW,1,S,0,0,0
D7651658,988482,999237,1,1517,1799,0,299,88,90,CCW,1,S,0,0,0
D7651658,988483,999238,1,1519,1799,0,299,88,90,CCW,1,S,0,0,0
D7651658,988484,999239,1,1520,1799,0,299,88,90,CCW,1,S,0,0,0
D7651658,988485,999240,1,1524,1799,0,299,88,90,CCW,1,S,0,0,0
D7651658,988486,999241,1,1525,1799,0,299,88,90,CCW,1,S,0,0,0
D7651658,988487,999242,1,1531,1799,0,299,88,90,CCW,1,S,0,0,0
D7651658,988488,999243,1,1531,1799,0,299,88,90,CCW,1,S,0,0,0
D7651658,988489,999244,1,1533,1799,0,299,88,90,CCW,1,S,0,0,0
D7651658,988490,999245,1,1539,1799,0,299,88,90,CCW,1,S,0,0,0
D7651658,988491,999246,1,1535,1799,0,299,88,90,CCW,1,S,0,0,0
D7651658,988492,999247,1,1535,1799,0,299,88,90,CCW,1,S,0,0,0
D7651658,988493,999248,1,1537,1799,0,299,88,90,CCW,1,S,0,0,0
D7651658,988494,999249,1,1542,1799,0,299,88,90,CCW,1,S,0,0,0
D7651658,988495,999250,1,1559,1799,0,299,88,90,CCW,1,S,0,0,0
D7651658,988496,999251,1,1563,1799,0,299,88,90,CCW,1,S,0,0,0
D7651658,988497,999252,1,1568,1799,0,299,88,90,CCW,1,S,0,0,0
D7651658,988498,999253,1,1572,1799,0,299,88,90,CCW,1,S,0,0,0
D7651658,988499,999254,1,1577,1799,0,299,88,90,CCW,1,S,0,0,0
D7651658,988500,999255,1,1583,1799,0,299,88,90,CCW,1,S,0,0,0
D7651658,988501,999256,1,1586,1799,0,299,88,90,CCW,1,S,0,0,0
D7651658,988502,999257,1,1589,1799,0,299,88,90,CCW,1,S,0,0,0
D7651658,988503,999258,1,1596,1799,0,299,88,90,CCW,1,S,0,0,0
D7651658,988504,999259,1,1600,1799,0,299,89,90,CCW,1,S,0,0,0
D7651658,988505,999260,1,1605,1799,0,299,89,90,CCW,1,S,0,0,0
D7651658,988506,999261,1,1611,1799,0,299,89,90,CCW,1,S,0,0,0
D7651658,988507,999262,1,1615,1799,0,299,89,90,CCW,1,S,0,0,0
D7651658,988508,999263,1,1619,1799,0,299,89,90,CCW,1,S,0,0,0
D7651658,988509,999264,1,1624,1799,0,299,89,90,CCW,1,S,0,0,0
D7651658,988510,999265,1,1632,1799,0,299,89,90,CCW,1,S,0,0,0
D7651658,988511,999266,1,1637,1799,0,299,89,90,CCW,1,S,0,0,0
D7651658,988512,999267,1,1645,1799,0,299,89,90,CCW,1,S,0,0,0
D7651658,988513,999268,1,1648,1799,0,299,89,90,CCW,1,S,0,0,0
D7651658,988514,999269,1,1654,1799,0,299,89,90,CCW,1,S,0,0,0
D7651658,988515,999270,1,1666,1799,0,299,89,90,CCW,1,S,0,0,0
D7651658,988516,999271,1,1665,1799,0,299,89,90,CCW,1,S,0,0,0
D7651658,988517,999272,1,1670,1799,0,299,89,90,CCW,1,S,0,0,0
D7651658,988518,999273,1,1674,1799,0,299,89,90,CCW,1,S,0,0,0
D7651658,988519,999274,1,1686,1799,0,299,89,90,CCW,1,S,0,0,0
D7651658,988520,999275,1,1688,1799,0,299,89,90,CCW,1,S,0,0,0
D7651658,988521,999276,1,1701,1799,0,299,89,90,CCW,1,S,0,0,0
D7651658,988522,999277,1,1698,1799,0,299,89,90,CCW,1,S,0,0,0
D7651658,988523,999278,1,1703,1799,0,299,89,90,CCW,1,S,0,0,0
D7651658,988524,999279,1,1708,1799,0,299,89,90,CCW,1,S,0,0,0
D7651658,988525,999280,1,1712,1799,0,299,89,90,CCW,1,S,0,0,0
D7651658,988526,999281,1,1714,1799,0,299,89,90,CCW,1,S,0,0,0
D7651658,988527,999282,1,1720,1799,0,299,89,90,CCW,1,S,0,0,0
D7651658,988528,999283,1,1729,1799,0,299,89,90,CCW,1,S,0,0,0
D7651658,988529,999284,1,1729,1799,0,299,89,90,CCW,1,S,0,0,0
D7651658,988530,999285,1,1733,1799,0,299,89,90,CCW,1,S,0,0,0
D7651658,988531,999286,1,1743,1799,0,299,89,90,CCW,1,S,0,0,0
D7651658,988532,999287,1,1742,1799,0,299,89,90,CCW,1,S,0,0,0
D7651658,988533,999288,1,1744,1799,0,299,89,90,CCW,1,S,0,0,0
D7651658,988534,999289,1,1745,1799,0,299,89,90,CCW,1,S,0,0,0
D7651658,988535,999290,1,1749,1799,0,299,89,90,CCW,1,S,0,0,0
D7651658,988536,999291,1,1754,1799,0,299,89,90,CCW,1,S,0,0,0
D7651658,988537,999292,1,1756,1799,0,299,89,90,CCW,1,S,0,0,0
D7651658,988538,999293,1,1758,1799,0,299,89,90,CCW,1,S,0,0,0
D7651658,988539,999294,1,1761,1799,0,299,89,90,CCW,1,S,0,0,0
D7651658,988540,999295,1,1764,1799,0,299,89,90,CCW,1,S,0,0,0
D7651658,988541,999296,1,1767,1799,0,299,89,90,CCW,1,S,0,0,0
D7651658,988542,999297,1,1770,1799,0,299,89,90,CCW,1,S,0,0,0
D7651658,988543,999298,1,1773,1799,0,299,89,90,CCW,1,S,0,0,0
D7651658,988544,999299,1,1775,1799,0,299,89,90,CCW,1,S,0,0,0
D7651658,988545,999300,1,1786,1799,0,299,89,90,CCW,1,S,0,0,0
D7651658,988546,999301,1,1776,1799,0,299,89,90,CCW,1,S,0,0,0
D7651658,988547,999302,1,1791,1799,0,299,89,90,CCW,1,S,0,0,0
D7651658,988548,999303,1,1782,1799,0,299,89,90,CCW,1,S,0,0,0
D7651658,988549,999304,1,1783,1799,0,299,89,90,CCW,1,S,0,0,0
D7651658,988550,999305,1,1784,1799,0,299,89,90,CCW,1,S,0,0,0
D7651658,988551,999306,1,1786,1799,0,299,89,90,CCW,1,S,0,0,0
D7651658,988552,999307,1,1779,1799,0,299,89,90,CCW,1,S,0,0,0
D7651658,988553,999308,1,1791,1799,0,299,89,90,CCW,1,S,0,0,0
D7651658,988554,999309,1,1789,1799,0,299,89,90,CCW,1,S,0,0,0
D7651658,988555,999310,1,1791,1799,0,299,89,90,CCW,1,S,0,0,0
D7651658,988556,999311,1,1792,1799,0,299,89,90,CCW,1,S,0,0,0
D7651658,988557,999312,1,1794,1799,0,299,89,90,CCW,1,S,0,0,0
D7651658,988558,999313,1,1791,1799,0,299,89,90,CCW,1,S,0,0,0
D7651658,988559,999314,1,1795,1799,0,299,89,90,CCW,1,S,0,0,0
D7651658,988560,999315,1,1796,1799,0,299,89,90,CCW,1,S,0,0,0
D7651658,988561,999316,1,1796,1799,0,299,89,90,CCW,1,S,0,0,0
D7651658,988562,999318,2,1798,1799,0,299,89,90,CCW,1,S,0,1,1
D7651658,988563,999319,1,1799,1799,0,0,89,90,CCW,0,S,0,0,0
D7651658,988564,999320,1,1800,1799,0,0,89,90,CCW,0,S,0,0,0
D7651658,988565,999321,1,1800,1799,0,0,89,90,CCW,0,S,0,0,0
D7651658,988566,999322,1,1801,1799,0,0,89,90,CCW,0,S,0,0,0
D7651658,988567,999323,1,1799,1799,0,0,89,90,CCW,0,S,0,0,0
D7651658,988568,999325,2,1803,1799,0,0,89,90,CCW,0,S,0,1,1
D7651658,988569,999326,1,1804,1799,0,0,89,90,CCW,0,S,0,0,0
D7651658,988570,999327,1,1805,1799,0,0,89,90,CCW,0,S,0,0,0
D7651658,988571,999328,1,1803,1799,0,0,89,90,CCW,0,S,0,0,0
D7651658,988572,999329,1,1804,1799,0,0,89,90,CCW,0,S,0,0,0
D7651658,988573,999330,1,1805,1799,0,0,89,90,CCW,0,S,0,0,0
D7651658,988574,999331,1,1804,1799,0,0,89,90,CCW,0,S,0,0,0
D7651658,988575,999333,2,1807,1799,0,0,89,90,CCW,0,S,0,1,1
D7651658,988576,999334,1,1806,1799,0,0,89,90,CCW,0,S,0,0,0
D7651658,988577,999335,1,1806,1799,0,0,89,90,CCW,0,S,0,0,0
D7651658,988578,999336,1,1806,1799,0,0,89,90,CCW,0,S,0,0,0
D7651658,988579,999337,1,1806,1799,0,0,89,90,CCW,0,S,0,0,0
D7651658,988580,999338,1,1804,1799,0,0,89,90,CCW,0,S,0,0,0
D7651658,988581,999339,1,1806,1799,0,0,89,90,CCW,0,S,0,0,0
D7651658,988582,999340,1,1806,1799,0,0,89,90,CCW,0,S,0,0,0
D7651658,988583,999341,1,1807,1799,0,0,89,90,CCW,0,S,0,0,0
D7651658,988584,999342,1,1806,1799,0,0,89,90,CCW,0,S,0,0,0
D7651658,988585,999343,1,1807,1799,0,0,89,90,CCW,0,S,0,0,0
D7651658,988586,999344,1,1807,1799,0,0,89,90,CCW,0,S,0,0,0
D7651658,988587,999345,1,1806,1799,0,0,89,90,CCW,0,S,0,0,0
D7651658,988588,999346,1,1807,1799,0,0,89,90,CCW,0,S,0,0,0
D7651658,988589,999347,1,1807,1799,0,0,89,90,CCW,0,S,0,0,0
D7651658,988590,999348,1,1807,1799,0,0,89,90,CCW,0,S,0,0,0
D7651658,988591,999349,1,1807,1799,0,0,89,90,CCW,0,S,0,0,0
D7651658,988592,999350,1,1806,1799,0,0,89,90,CCW,0,S,0,0,0
D7651658,988593,999351,1,1807,1799,0,0,89,90,CCW,0,S,0,0,0
D7651658,988594,999352,1,1807,1799,0,0,89,90,CCW,0,S,0,0,0
D7651658,988595,999353,1,1806,1799,0,0,89,90,CCW,0,S,0,0,0
D7651658,988596,999354,1,1806,1799,0,0,89,90,CCW,0,S,0,0,0
D7651658,988597,999356,2,1813,1799,0,0,89,90,CCW,0,S,0,1,1
D7651658,988598,999357,1,1807,1799,0,0,89,90,CCW,0,S,0,0,0
D7651658,988599,999358,1,1807,1799,0,0,89,90,CCW,0,S,0,0,0
D7651658,988600,999359,1,1807,1799,0,0,89,90,CCW,0,S,0,0,0
D7651658,988601,999360,1,1807,1799,0,0,89,90,CCW,0,S,0,0,0
D7651658,988602,999361,1,1807,1799,0,0,89,90,CCW,0,S,0,0,0
D7651658,988603,999362,1,1806,1799,0,0,89,90,CCW,0,S,0,0,0
D7651658,988604,999363,1,1806,1799,0,0,89,90,CCW,0,S,0,0,0
D7651658,988605,999364,1,1807,1799,0,0,89,90,CCW,0,S,0,0,0
D7651658,988606,999366,2,1807,1799,0,0,89,90,CCW,0,S,0,1,1
D7651658,988607,999367,1,1807,1799,0,0,89,90,CCW,0,S,0,0,0
D7651658,988608,999368,1,1807,1799,0,0,89,90,CCW,0,S,0,0,0
D7651658,988609,999369,1,1806,1799,0,0,89,90,CCW,0,S,0,0,0
D7651658,988610,999370,1,1806,1799,0,0,89,90,CCW,0,S,0,0,0
D7651658,988611,999371,1,1806,1799,0,0,89,90,CCW,0,S,0,0,0
D7651658,988612,999372,1,1806,1799,0,0,89,90,CCW,0,S,0,0,0
D7651658,988613,999373,1,1810,1799,0,0,89,90,CCW,0,S,0,0,0
D7651658,988614,999374,1,1806,1799,0,0,89,90,CCW,0,S,0,0,0
D7651658,988615,999375,1,1806,1799,0,0,89,90,CCW,0,S,0,0,0
D7651658,988616,999376,1,1806,1799,0,0,89,90,CCW,0,S,0,0,0
D7651658,988617,999377,1,1805,1799,0,0,89,90,CCW,0,S,0,0,0
D7651658,988618,999378,1,1807,1799,0,0,89,90,CCW,0,S,0,0,0
D7651658,988619,999379,1,1807,1799,0,0,89,90,CCW,0,S,0,0,0
D7651658,988620,999380,1,1804,1799,0,0,89,90,CCW,0,S,0,0,0
D7651658,988621,999381,1,1805,1799,0,0,89,90,CCW,0,S,0,0,0
D7651658,988622,999382,1,1805,1799,0,0,89,90,CCW,0,S,0,0,0
D7651658,988623,999383,1,1808,1799,0,0,89,90,CCW,0,S,0,0,0
D7651658,988624,999384,1,1806,1799,0,0,89,90,CCW,0,S,0,0,0
D7651658,988625,999385,1,1806,1799,0,0,89,90,CCW,0,S,0,0,0
D7651658,988626,999386,1,1806,1799,0,0,89,90,CCW,0,S,0,0,0
D7651658,988627,999387,1,1808,1799,0,0,89,90,CCW,0,S,0,0,0
D7651658,988628,999388,1,1807,1799,0,0,89,90,CCW,0,S,0,0,0
D7651658,988629,999389,1,1805,1799,0,0,89,90,CCW,0,S,0,0,0
D7651658,988630,999390,1,1804,1799,0,0,89,90,CCW,0,S,0,0,0
D7651658,988631,999391,1,1805,1799,0,0,89,90,CCW,0,S,0,0,0
D7651658,988632,999392,1,1805,1799,0,0,89,90,CCW,0,S,0,0,0
D7651658,988633,999393,1,1805,1799,0,0,89,90,CCW,0,S,0,0,0
D7651658,988634,999394,1,1805,1799,0,0,89,90,CCW,0,S,0,0,0
D7651658,988635,999395,1,1804,1799,0,0,89,90,CCW,0,S,0,0,0
D7651658,988636,999396,1,1806,1799,0,0,89,90,CCW,0,S,0,0,0
D7651658,988637,999397,1,1805,1799,0,0,89,90,CCW,0,S,0,0,0
D7651658,988638,999398,1,1804,1799,0,0,89,90,CCW,0,S,0,0,0
D7651658,988639,999399,1,1805,1799,0,0,89,90,CCW,0,S,0,0,0
D7651658,988640,999400,1,1805,1799,0,0,89,90,CCW,0,S,0,0,0
D7651658,988641,999401,1,1805,1799,0,0,89,90,CCW,0,S,0,0,0
D7651658,988642,999402,1,1804,1799,0,0,89,90,CCW,0,S,0,0,0
D7651658,988643,999403,1,1805,1799,0,0,89,90,CCW,0,S,0,0,0
D7651658,988644,999404,1,1805,1799,0,0,89,90,CCW,0,S,0,0,0
D7651658,988645,999405,1,1805,1799,0,0,89,90,CCW,0,S,0,0,0
D7651658,988646,999406,1,1804,1799,0,0,89,90,CCW,0,S,0,0,0
D7651658,988647,999407,1,1803,1799,0,0,89,90,CCW,0,S,0,0,0
D7651658,988648,999408,1,1804,1799,0,0,89,90,CCW,0,S,0,0,0
D7651658,988649,999409,1,1805,1799,0,0,90,90,CCW,0,S,0,0,0
D7651658,988650,999410,1,1804,1799,0,0,90,90,CCW,0,S,0,0,0
D7651658,988651,999411,1,1805,1799,0,0,90,90,CCW,0,S,0,0,0
D7651658,988652,999412,1,1803,1799,0,0,90,90,CCW,0,S,0,0,0
D7651658,988653,999413,1,1804,1799,0,0,90,90,CCW,0,S,0,0,0
D7651658,988654,999414,1,1805,1799,0,0,90,90,CCW,0,S,0,0,0
D7651658,988655,999415,1,1803,1799,0,0,90,90,CCW,0,S,0,0,0
D7651658,988656,999416,1,1805,1799,0,0,90,90,CCW,0,S,0,0,0
D7651658,988657,999417,1,1804,1799,0,0,90,90,CCW,0,S,0,0,0
D7651658,988658,999418,1,1804,1799,0,0,90,90,CCW,0,S,0,0,0
D7651658,988659,999420,2,1804,1799,0,0,90,90,CCW,0,S,0,1,1
D7651658,988660,999421,1,1804,1799,0,0,90,90,CCW,0,S,0,0,0
D7651658,988661,999422,1,1805,1799,0,0,90,90,CCW,0,S,0,0,0
D7651658,988662,999423,1,1805,1799,0,0,90,90,CCW,0,S,0,0,0
D7651658,988663,999424,1,1808,1799,0,0,90,90,CCW,0,S,0,0,0
D7651658,988664,999425,1,1804,1799,0,0,90,90,CCW,0,S,0,0,0
D7651658,988665,999426,1,1805,1799,0,0,90,90,CCW,0,S,0,0,0
D7651658,988666,999427,1,1803,1799,0,0,90,90,CCW,0,S,0,0,0
D7651658,988667,999428,1,1803,1799,0,0,90,90,CCW,0,S,0,0,0
D7651658,988668,999429,1,1803,1799,0,0,90,90,CCW,0,S,0,0,0
D7651658,988669,999430,1,1805,1799,0,0,90,90,CCW,0,S,0,0,0
D7651658,988670,999431,1,1804,1799,0,0,90,90,CCW,0,S,0,0,0
D7651658,988671,999432,1,1808,1799,0,0,90,90,CCW,0,S,0,0,0
D7651658,988672,999433,1,1803,1799,0,0,90,90,CCW,0,S,0,0,0
D7651658,988673,999434,1,1804,1799,0,0,90,90,CCW,0,S,0,0,0
D7651658,988674,999435,1,1804,1799,0,0,90,90,CCW,0,S,0,0,0
D7651658,988675,999436,1,1803,1799,0,0,90,90,CCW,0,S,0,0,0
D7651658,988676,999437,1,1801,1799,0,0,90,90,CCW,0,S,0,0,0
D7651658,988677,999438,1,1803,1799,0,0,90,90,CCW,0,S,0,0,0
D7651658,988678,999439,1,1803,1799,0,0,90,90,CCW,0,S,0,0,0
D7651658,988679,999440,1,1804,1799,0,0,90,90,CCW,0,S,0,0,0
D7651658,988680,999441,1,1805,1799,0,0,90,90,CCW,0,S,0,0,0
D7651658,988681,999442,1,1804,1799,0,0,90,90,CCW,0,S,0,0,0
D7651658,988682,999443,1,1803,1799,0,0,90,90,CCW,0,S,0,0,0
D7651658,988683,999444,1,1801,1799,0,0,90,90,CCW,0,S,0,0,0
D7651658,988684,999445,1,1800,1799,0,0,90,90,CCW,0,S,0,0,0
D7651658,988685,999446,1,1803,1799,0,0,90,90,CCW,0,S,0,0,0
D7651658,988686,999447,1,1804,1799,0,0,90,90,CCW,0,S,0,0,0
D7651658,988687,999448,1,1805,1799,0,0,90,90,CCW,0,S,0,0,0
D7651658,988688,999449,1,1803,1799,0,0,90,90,CCW,0,S,0,0,0
D7651658,988689,999450,1,1802,1799,0,0,90,90,CCW,0,S,0,0,0
D7651658,988690,999451,1,1803,1799,0,0,90,90,CCW,0,S,0,0,0
D7651658,988691,999452,1,1802,1799,0,0,90,90,CCW,0,S,0,0,0
D7651658,988692,999453,1,1804,1799,0,0,90,90,CCW,0,S,0,0,0
D7651658,988693,999454,1,1803,1799,0,0,90,90,CCW,0,S,0,0,0
D7651658,988694,999455,1,1803,1799,0,0,90,90,CCW,0,S,0,0,0
D7651658,988695,999456,1,1804,1799,0,0,90,90,CCW,0,S,0,0,0
D7651658,988696,999457,1,1800,1799,0,0,90,90,CCW,0,S,0,0,0
D7651658,988697,999458,1,1786,1799,0,0,90,90,CCW,0,S,0,0,0
D7651658,988698,999459,1,1803,1799,0,0,90,90,CCW,0,S,0,0,0
D7651658,988699,999460,1,1803,1799,0,0,90,90,CCW,0,S,0,0,0
D7651658,988700,999461,1,1803,1799,0,0,90,90,CCW,0,S,0,0,0
D7651658,988701,999462,1,1801,1799,0,0,90,90,CCW,0,S,0,0,0
D7651658,988702,999463,1,1801,1799,0,0,90,90,CCW,0,S,0,0,0
D7651658,988703,999464,1,1802,1799,0,0,90,90,CCW,0,S,0,0,0
D7651658,988704,999465,1,1802,1799,0,0,90,90,CCW,0,S,0,0,0
D7651658,988705,999466,1,1803,1799,0,0,90,90,CCW,0,S,0,0,0
D7651658,988706,999467,1,1802,1799,0,0,90,90,CCW,0,S,0,0,0
D7651658,988707,999468,1,1803,1799,0,0,90,90,CCW,0,S,0,0,0
D7651658,988708,999469,1,1802,1799,0,0,90,90,CCW,0,S,0,0,0
D7651658,988709,999470,1,1806,1799,0,0,90,90,CCW,0,S,0,0,0
D7651658,988710,999471,1,1803,1799,0,0,90,90,CCW,0,S,0,0,0
D7651658,988711,999472,1,1802,1799,0,0,90,90,CCW,0,S,0,0,0
D7651658,988712,999473,1,1803,1799,0,0,90,90,CCW,0,S,0,0,0
D7651658,988713,999474,1,1801,1799,0,0,90,90,CCW,0,S,0,0,0
D7651658,988714,999475,1,1803,1799,0,0,90,90,CCW,0,S,0,0,0
D7651658,988715,999476,1,1803,1799,0,0,90,90,CCW,0,S,0,0,0
D7651658,988716,999477,1,1803,1799,0,0,90,90,CCW,0,S,0,0,0
D7651658,988717,999478,1,1802,1799,0,0,90,90,CCW,0,S,0,0,0
D7651658,988718,999479,1,1802,1799,0,0,90,90,CCW,0,S,0,0,0
D7651658,988719,999480,1,1803,1799,0,0,90,90,CCW,0,S,0,0,0
D7651658,988720,999481,1,1802,1799,0,0,90,90,CCW,0,S,0,0,0
D7651658,988721,999482,1,1802,1799,0,0,90,90,CCW,0,S,0,0,0
D7651658,988722,999483,1,1805,1799,0,0,90,90,CCW,0,S,0,0,0
D7651658,988723,999484,1,1802,1799,0,0,90,90,CCW,0,S,0,0,0
D7651658,988724,999485,1,1802,1799,0,0,90,90,CCW,0,S,0,0,0
D7651658,988725,999486,1,1805,1799,0,0,90,90,CCW,0,S,0,0,0
D7651658,988726,999487,1,1802,1799,0,0,90,90,CCW,0,S,0,0,0
D7651658,988727,999488,1,1803,1799,0,0,90,90,CCW,0,S,0,0,0
D7651658,988728,999489,1,1803,1799,0,0,90,90,CCW,0,S,0,0,0
D7651658,988729,999490,1,1802,1799,0,0,90,90,CCW,0,S,0,0,0
D7651658,988730,999491,1,1802,1799,0,0,90,90,CCW,0,S,0,0,0
D7651658,988731,999492,1,1802,1799,0,0,90,90,CCW,0,S,0,0,0
D7651658,988732,999493,1,1798,1799,0,0,90,90,CCW,0,S,0,0,0
D7651658,988733,999494,1,1801,1799,0,0,90,90,CCW,0,S,0,0,0
D7651658,988734,999495,1,1802,1799,0,0,90,90,CCW,0,S,0,0,0
D7651658,988735,999496,1,1802,1799,0,0,90,90,CCW,0,S,0,0,0
D7651658,988736,999497,1,1802,1799,0,0,90,90,CCW,0,S,0,0,0
D7651658,988737,999498,1,1802,1799,0,0,90,90,CCW,0,S,0,0,0
D7651658,988738,999499,1,1803,1799,0,0,90,90,CCW,0,S,0,0,0
D7651658,988739,999500,1,1801,1799,0,0,90,90,CCW,0,S,0,0,0
D7651658,988740,999501,1,1801,1799,0,0,90,90,CCW,0,S,0,0,0
D7651658,988741,999502,1,1800,1799,0,0,90,90,CCW,0,S,0,0,0
D7651658,988742,999503,1,1801,1799,0,0,90,90,CCW,0,S,0,0,0
D7651658,988743,999504,1,1802,1799,0,0,90,90,CCW,0,S,0,0,0
D7651658,988744,999505,1,1801,1799,0,0,90,90,CCW,0,S,0,0,0
D7651658,988745,999506,1,1801,1799,0,0,90,90,CCW,0,S,0,0,0
D7651658,988746,999507,1,1800,1799,0,0,90,90,CCW,0,S,0,0,0
D7651658,988747,999508,1,1800,1799,0,0,90,90,CCW,0,S,0,0,0
D7651658,988748,999509,1,1802,1799,0,0,90,90,CCW,0,S,0,0,0
D7651658,988749,999510,1,1801,1799,0,0,90,90,CCW,0,S,0,0,0
D7651658,988750,999511,1,1802,1799,0,0,90,90,CCW,0,S,0,0,0
D7651658,988751,999512,1,1801,1799,0,0,90,90,CCW,0,S,0,0,0
D7651658,988752,999513,1,1802,1799,0,0,90,90,CCW,0,S,0,0,0
D7651658,988753,999514,1,1800,1799,0,0,90,90,CCW,0,S,0,0,0
D7651658,988754,999515,1,1801,1799,0,0,90,90,CCW,0,S,0,0,0
D7651658,988755,999516,1,1801,1799,0,0,90,90,CCW,0,S,0,0,0
D7651658,988756,999517,1,1802,1799,0,0,90,90,CCW,0,S,0,0,0
D7651658,988757,999518,1,1802,1799,0,0,90,90,CCW,0,S,0,0,0
D7651658,988758,999519,1,1802,1799,0,0,90,90,CCW,0,S,0,0,0
D7651658,988759,999520,1,1802,1799,0,0,90,90,CCW,0,S,0,0,0
D7651658,988760,999521,1,1797,1799,0,0,90,90,CCW,0,S,0,0,0
D7651658,988761,999522,1,1803,1799,0,0,90,90,CCW,0,S,0,0,0
D7651658,988762,999523,1,1803,1799,0,0,90,90,CCW,0,S,0,0,0
D7651658,988763,999524,1,1802,1799,0,0,90,90,CCW,0,S,0,0,0
D7651658,988764,999525,1,1803,1799,0,0,90,90,CCW,0,S,0,0,0
D7651658,988765,999526,1,1802,1799,0,0,90,90,CCW,0,S,0,0,0
D7651658,988766,999527,1,1801,1799,0,0,90,90,CCW,0,S,0,0,0
D7651658,988767,999528,1,1801,1799,0,0,90,90,CCW,0,S,0,0,0
D7651658,988768,999529,1,1805,1799,0,0,90,90,CCW,0,S,0,0,0
D7651658,988769,999530,1,1801,1799,0,0,90,90,CCW,0,S,0,0,0
D7651658,988770,999531,1,1799,1799,0,0,90,90,CCW,0,S,0,0,0
D7651658,988771,999532,1,1803,1799,0,0,90,90,CCW,0,S,0,0,0
D7651658,988772,999533,1,1802,1799,0,0,90,90,CCW,0,S,0,0,0
D7651658,988773,999534,1,1790,1799,0,0,90,90,CCW,0,S,0,0,0
D7651658,988774,999535,1,1801,1799,0,0,90,90,CCW,0,S,0,0,0
D7651658,988775,999536,1,1800,1799,0,0,90,90,CCW,0,S,0,0,0
D7651658,988776,999537,1,1801,1799,0,0,90,90,CCW,0,S,0,0,0
D7651658,988777,999538,1,1801,1799,0,0,90,90,CCW,0,S,0,0,0
D7651658,988778,999539,1,1800,1799,0,0,90,90,CCW,0,S,0,0,0
D7651658,988779,999540,1,1800,1799,0,0,90,90,CCW,0,S,0,0,0
D7651658,988780,999541,1,1801,1799,0,0,90,90,CCW,0,S,0,0,0
D7651658,988781,999542,1,1801,1799,0,0,90,90,CCW,0,S,0,0,0
D7651658,988782,999543,1,1800,1799,0,0,90,90,CCW,0,S,0,0,0
D7651658,988783,999544,1,1800,1799,0,0,90,90,CCW,0,S,0,0,0
D7651658,988784,999545,1,1801,1799,0,0,90,90,CCW,0,S,0,0,0
D7651658,988785,999546,1,1801,1799,0,0,90,90,CCW,0,S,0,0,0
D7651658,988786,999547,1,1801,1799,0,0,90,90,CCW,0,S,0,0,0
D7651658,988787,999548,1,1800,1799,0,0,90,90,CCW,0,S,0,0,0
D7651658,988788,999549,1,1795,1799,0,0,90,90,CCW,0,S,0,0,0
D7651658,988789,999550,1,1800,1799,0,0,90,90,CCW,0,S,0,0,0
D7651658,988790,999551,1,1798,1799,0,0,90,90,CCW,0,S,0,0,0
D7651658,988791,999552,1,1800,1799,0,0,90,90,CCW,0,S,0,0,0
D7651658,988792,999553,1,1801,1799,0,0,90,90,CCW,0,S,0,0,0
D7651658,988793,999554,1,1800,1799,0,0,90,90,CCW,0,S,0,0,0
D7651658,988794,999555,1,1792,1799,0,0,90,90,CCW,0,S,0,0,0
D7651658,988795,999556,1,1801,1799,0,0,90,90,CCW,0,S,0,0,0
D7651658,988796,999557,1,1800,1799,0,0,90,90,CCW,0,S,0,0,0
D7651658,988797,999558,1,1802,1799,0,0,90,90,CCW,0,S,0,0,0
D7651658,988798,999559,1,1796,1799,0,0,90,90,CCW,0,S,0,0,0
D7651658,988799,999560,1,1799,1799,0,0,90,90,CCW,0,S,0,0,0
D7651658,988800,999561,1,1800,1799,0,0,90,90,CCW,0,S,0,0,0
D7651658,988801,999562,1,1800,1799,0,0,90,90,CCW,0,S,0,0,0
D7651658,988802,999563,1,1800,1799,0,0,90,90,CCW,0,S,0,0,0
D7651658,988803,999564,1,1800,1799,0,0,90,90,CCW,0,S,0,0,0
D7651658,988804,999565,1,1801,1799,0,0,90,90,CCW,0,S,0,0,0
D7651658,988805,999566,1,1800,1799,0,0,90,90,CCW,0,S,0,0,0
D7651658,988806,999567,1,1800,1799,0,0,90,90,CCW,0,S,0,0,0
D7651658,988807,999568,1,1800,1799,0,0,90,90,CCW,0,S,0,0,0
D7651658,988808,999569,1,1801,1799,0,0,90,90,CCW,0,S,0,0,0
D7651658,988809,999570,1,1800,1799,0,0,90,90,CCW,0,S,0,0,0
D7651658,988810,999571,1,1798,1799,0,0,90,90,CCW,0,S,0,0,0
D7651658,988811,999574,3,1797,1799,0,0,90,90,CCW,0,S,0,1,2
D7651658,988812,999575,1,1800,1799,0,0,90,90,CCW,0,S,0,0,0
D7651658,988813,999576,1,1801,1799,0,0,90,90,CCW,0,S,0,0,0
D7651658,988814,999577,1,1800,1799,0,0,90,90,CCW,0,S,0,0,0
D7651658,988815,999579,2,1801,1799,0,0,90,90,CCW,0,S,0,1,1
D7651658,988816,999580,1,1801,1799,0,0,90,90,CCW,0,S,0,0,0
D7651658,988817,999581,1,1781,1799,0,0,90,90,CCW,0,S,0,0,0
D7651658,988818,999582,1,1801,1799,0,0,90,90,CCW,0,S,0,0,0
D7651658,988819,999583,1,1801,1799,0,0,90,90,CCW,0,S,0,0,0
D7651658,988820,999584,1,1801,1799,0,0,90,90,CCW,0,S,0,0,0
D7651658,988821,999585,1,1801,1799,0,0,90,90,CCW,0,S,0,0,0
D7651658,988822,999586,1,1801,1799,0,0,90,90,CCW,0,S,0,0,0
D7651658,988823,999587,1,1799,1799,0,0,90,90,CCW,0,S,0,0,0
D7651658,988824,999588,1,1801,1799,0,0,90,90,CCW,0,S,0,0,0
D7651658,988825,999589,1,1800,1799,0,0,90,90,CCW,0,S,0,0,0
D7651658,988826,999590,1,1801,1799,0,0,90,90,CCW,0,S,0,0,0
D7651658,988827,999591,1,1799,1799,0,0,90,90,CCW,0,S,0,0,0
D7651658,988828,999592,1,1799,1799,0,0,90,90,CCW,0,S,0,0,0
D7651658,988829,999593,1,1800,1799,0,0,90,90,CCW,0,S,0,0,0
D7651658,988830,999594,1,1801,1799,0,0,90,90,CCW,0,S,0,0,0
D7651658,988831,999595,1,1800,1799,0,0,90,90,CCW,0,S,0,0,0
D7651658,988832,999596,1,1799,1799,0,0,90,90,CCW,0,S,0,0,0
D7651658,988833,999597,1,1800,1799,0,0,90,90,CCW,0,S,0,0,0
D7651658,988834,999598,1,1801,1799,0,0,90,90,CCW,0,S,0,0,0
D7651658,988835,999599,1,1802,1799,0,0,90,90,CCW,0,S,0,0,0
D7651658,988836,999600,1,1800,1799,0,0,90,90,CCW,0,S,0,0,0
D7651658,988837,999601,1,1799,1799,0,0,90,90,CCW,0,S,0,0,0
D7651658,988838,999602,1,1799,1799,0,0,90,90,CCW,0,S,0,0,0
D7651658,988839,999603,1,1801,1799,0,0,90,90,CCW,0,S,0,0,0
D7651658,988840,999604,1,1800,1799,0,0,90,90,CCW,0,S,0,0,0
D7651658,988841,999605,1,1800,1799,0,0,90,90,CCW,0,S,0,0,0
D7651658,988842,999606,1,1801,1799,0,0,90,90,CCW,0,S,0,0,0
D7651658,988843,999607,1,1800,1799,0,0,90,90,CCW,0,S,0,0,0
D7651658,988844,999608,1,1800,1799,0,0,90,90,CCW,0,S,0,0,0
D7651658,988845,999609,1,1800,1799,0,0,90,90,CCW,0,S,0,0,0
D7651658,988846,999610,1,1799,1799,0,0,90,90,CCW,0,S,0,0,0
D7651658,988847,999611,1,1801,1799,0,0,90,90,CCW,0,S,0,0,0
D7651658,988848,999612,1,1800,1799,0,0,90,90,CCW,0,S,0,0,0
D7651658,988849,999613,1,1800,1799,0,0,90,90,CCW,0,S,0,0,0
D7651658,988850,999614,1,1799,1799,0,0,90,90,CCW,0,S,0,0,0
D7651658,988851,999615,1,1800,1799,0,0,90,90,CCW,0,S,0,0,0
D7651658,988852,999616,1,1799,1799,0,0,90,90,CCW,0,S,0,0,0
D7651658,988853,999617,1,1800,1799,0,0,90,90,CCW,0,S,0,0,0
D7651658,988854,999618,1,1801,1799,0,0,90,90,CCW,0,S,0,0,0
D7651658,988855,999619,1,1801,1799,0,0,90,90,CCW,0,S,0,0,0
D7651658,988856,999620,1,1799,1799,0,0,90,90,CCW,0,S,0,0,0
D7651658,988857,999621,1,1800,1799,0,0,90,90,CCW,0,S,0,0,0
D7651658,988858,999622,1,1804,1799,0,0,90,90,CCW,0,S,0,0,0
D7651658,988859,999623,1,1798,1799,0,0,90,90,CCW,0,S,0,0,0
D7651658,988860,999624,1,1801,1799,0,0,90,90,CCW,0,S,0,0,0
D7651658,988861,999625,1,1799,1799,0,0,90,90,CCW,0,S,0,0,0
D7651658,988862,999626,1,1802,1799,0,0,90,90,CCW,0,S,0,0,0
D7651658,988863,999627,1,1800,1799,0,0,90,90,CCW,0,S,0,0,0
D7651658,988864,999628,1,1801,1799,0,0,90,90,CCW,0,S,0,0,0
D7651658,988865,999629,1,1800,1799,0,0,90,90,CCW,0,S,0,0,0
D7651658,988866,999630,1,1799,1799,0,0,90,90,CCW,0,S,0,0,0
D7651658,988867,999631,1,1801,1799,0,0,90,90,CCW,0,S,0,0,0
D7651658,988868,999632,1,1801,1799,0,0,90,90,CCW,0,S,0,0,0
D7651658,988869,999633,1,1801,1799,0,0,90,90,CCW,0,S,0,0,0
D7651658,988870,999634,1,1800,1799,0,0,90,90,CCW,0,S,0,0,0
D7651658,988871,999635,1,1801,1799,0,0,90,90,CCW,0,S,0,0,0
D7651658,988872,999636,1,1799,1799,0,0,90,90,CCW,0,S,0,0,0
D7651658,988873,999637,1,1799,1799,0,0,90,90,CCW,0,S,0,0,0
D7651658,988874,999638,1,1789,1799,0,0,90,90,CCW,0,S,0,0,0
D7651658,988875,999639,1,1801,1799,0,0,90,90,CCW,0,S,0,0,0
D7651658,988876,999640,1,1801,1799,0,0,90,90,CCW,0,S,0,0,0
D7651658,988877,999641,1,1801,1799,0,0,90,90,CCW,0,S,0,0,0
D7651658,988878,999642,1,1800,1799,0,0,90,90,CCW,0,S,0,0,0
D7651658,988879,999643,1,1799,1799,0,0,90,90,CCW,0,S,0,0,0
D7651658,988880,999644,1,1801,1799,0,0,90,90,CCW,0,S,0,0,0
D7651658,988881,999645,1,1801,1799,0,0,90,90,CCW,0,S,0,0,0
D7651658,988882,999646,1,1799,1799,0,0,90,90,CCW,0,S,0,0,0
D7651658,988883,999647,1,1801,1799,0,0,90,90,CCW,0,S,0,0,0
D7651658,988884,999648,1,1800,1799,0,0,90,90,CCW,0,S,0,0,0
D7651658,988885,999649,1,1800,1799,0,0,90,90,CCW,0,S,0,0,0
D7651658,988886,999650,1,1801,1799,0,0,90,90,CCW,0,S,0,0,0
D7651658,988887,999651,1,1800,1799,0,0,90,90,CCW,0,S,0,0,0
D7651658,988888,999652,1,1801,1799,0,0,90,90,CCW,0,S,0,0,0
D7651658,988889,999653,1,1800,1799,0,0,90,90,CCW,0,S,0,0,0
D7651658,988890,999654,1,1796,1799,0,0,90,90,CCW,0,S,0,0,0
D7651658,988891,999655,1,1800,1799,0,0,90,90,CCW,0,S,0,0,0
D7651658,988892,999656,1,1801,1799,0,0,90,90,CCW,0,S,0,0,0
D7651658,988893,999657,1,1801,1799,0,0,90,90,CCW,0,S,0,0,0
D7651658,988894,999658,1,1800,1799,0,0,90,90,CCW,0,S,0,0,0
D7651658,988895,999659,1,1800,1799,0,0,90,90,CCW,0,S,0,0,0
D7651658,988896,999660,1,1801,1799,0,0,90,90,CCW,0,S,0,0,0
D7651658,988897,999661,1,1799,1799,0,0,90,90,CCW,0,S,0,0,0
D7651658,988898,999662,1,1793,1799,0,0,90,90,CCW,0,S,0,0,0
D7651658,988899,999663,1,1800,1799,0,0,90,90,CCW,0,S,0,0,0
D7651658,988900,999664,1,1801,1799,0,0,90,90,CCW,0,S,0,0,0
D7651658,988901,999665,1,1800,1799,0,0,90,90,CCW,0,S,0,0,0
D7651658,988902,999666,1,1802,1799,0,0,90,90,CCW,0,S,0,0,0
D7651658,988903,999667,1,1797,1799,0,0,90,90,CCW,0,S,0,0,0
D7651658,988904,999668,1,1801,1799,0,0,90,90,CCW,0,S,0,0,0
D7651658,988905,999669,1,1800,1799,0,0,90,90,CCW,0,S,0,0,0
D7651658,988906,999670,1,1800,1799,0,0,90,90,CCW,0,S,0,0,0
D7651658,988907,999671,1,1797,1799,0,0,90,90,CCW,0,S,0,0,0
D7651658,988908,999672,1,1799,1799,0,0,90,90,CCW,0,S,0,0,0
D7651658,988909,999673,1,1790,1799,0,0,90,90,CCW,0,S,0,0,0
D7651658,988910,999674,1,1801,1799,0,0,90,90,CCW,0,S,0,0,0
D7651658,988911,999675,1,1800,1799,0,0,90,90,CCW,0,S,0,0,0
D7651658,988912,999676,1,1801,1799,0,0,90,90,CCW,0,S,0,0,0
D7651658,988913,999677,1,1794,1799,0,0,90,90,CCW,0,S,0,0,0
D7651658,988914,999678,1,1800,1799,0,0,90,90,CCW,0,S,0,0,0
D7651658,988915,999679,1,1800,1799,0,0,90,90,CCW,0,S,0,0,0
D7651658,988916,999680,1,1800,1799,0,0,90,90,CCW,0,S,0,0,0
D7651658,988917,999681,1,1799,1799,0,0,90,90,CCW,0,S,0,0,0
D7651658,988918,999682,1,1800,1799,0,0,90,90,CCW,0,S,0,0,0
D7651658,988919,999683,1,1798,1799,0,0,90,90,CCW,0,S,0,0,0
D7651658,988920,999684,1,1801,1799,0,0,90,90,CCW,0,S,0,0,0
D7651658,988921,999685,1,1801,1799,0,0,90,90,CCW,0,S,0,0,0
D7651658,988922,999686,1,1799,1799,0,0,90,90,CCW,0,S,0,0,0
D7651658,988923,999687,1,1801,1799,0,0,90,90,CCW,0,S,0,0,0
D7651658,988924,999688,1,1798,1799,0,0,90,90,CCW,0,S,0,0,0
D7651658,988925,999689,1,1794,1799,0,0,90,90,CCW,0,S,0,0,0
D7651658,988926,999690,1,1799,1799,0,0,90,90,CCW,0,S,0,0,0
D7651658,988927,999691,1,1800,1799,0,0,90,90,CCW,0,S,0,0,0
D7651658,988928,999692,1,1798,1799,0,0,90,90,CCW,0,S,0,0,0
D7651658,988929,999693,1,1801,1799,0,0,90,90,CCW,0,S,0,0,0
D7651658,988930,999694,1,1801,1799,0,0,90,90,CCW,0,S,0,0,0
D7651658,988931,999695,1,1799,1799,0,0,90,90,CCW,0,S,0,0,0
D7651658,988932,999696,1,1800,1799,0,0,90,90,CCW,0,S,0,0,0
D7651658,988933,999697,1,1797,1799,0,0,90,90,CCW,0,S,0,0,0
D7651658,988934,999698,1,1804,1799,0,0,90,90,CCW,0,S,0,0,0
D7651658,988935,999699,1,1801,1799,0,0,90,90,CCW,0,S,0,0,0
D7651658,988936,999700,1,1802,1799,0,0,90,90,CCW,0,S,0,0,0
D7651658,988937,999701,1,1800,1799,0,0,90,90,CCW,0,S,0,0,0
D7651658,988938,999702,1,1800,1799,0,0,90,90,CCW,0,S,0,0,0
D7651658,988939,999703,1,1800,1799,0,0,90,90,CCW,0,S,0,0,0
D7651658,988940,999704,1,1799,1799,0,0,90,90,CCW,0,S,0,0,0
D7651658,988941,999705,1,1801,1799,0,0,90,90,CCW,0,S,0,0,0
D7651658,988942,999706,1,1800,1799,0,0,90,90,CCW,0,S,0,0,0
D7651658,988943,999707,1,1800,1799,0,0,90,90,CCW,0,S,0,0,0
D7651658,988944,999708,1,1800,1799,0,0,90,90,CCW,0,S,0,0,0
D7651658,988945,999709,1,1807,1799,0,0,90,90,CCW,0,S,0,0,0
D7651658,988946,999710,1,1800,1799,0,0,90,90,CCW,0,S,0,0,0
D7651658,988947,999711,1,1801,1799,0,0,90,90,CCW,0,S,0,0,0
D7651658,988948,999712,1,1799,1799,0,0,90,90,CCW,0,S,0,0,0
D7651658,988949,999713,1,1801,1799,0,0,90,90,CCW,0,S,0,0,0
D7651658,988950,999714,1,1801,1799,0,0,90,90,CCW,0,S,0,0,0
D7651658,988951,999715,1,1800,1799,0,0,90,90,CCW,0,S,0,0,0
D7651658,988952,999716,1,1799,1799,0,0,90,90,CCW,0,S,0,0,0
D7651658,988953,999717,1,1801,1799,0,0,90,90,CCW,0,S,0,0,0
D7651658,988954,999718,1,1801,1799,0,0,90,90,CCW,0,S,0,0,0
D7651658,988955,999719,1,1799,1799,0,0,90,90,CCW,0,S,0,0,0
D7651658,988956,999720,1,1799,1799,0,0,90,90,CCW,0,S,0,0,0
D7651658,988957,999721,1,1798,1799,0,0,90,90,CCW,0,S,0,0,0
D7651658,988958,999722,1,1799,1799,0,0,90,90,CCW,0,S,0,0,0
D7651658,988959,999723,1,1801,1799,0,0,90,90,CCW,0,S,0,0,0
D7651658,988960,999724,1,1801,1799,0,0,90,90,CCW,0,S,0,0,0
D7651658,988961,999725,1,1800,1799,0,0,90,90,CCW,0,S,0,0,0
D7651658,988962,999726,1,1800,1799,0,0,90,90,CCW,0,S,0,0,0
D7651658,988963,999727,1,1799,1799,0,0,90,90,CCW,0,S,0,0,0
D7651658,988964,999728,1,1799,1799,0,0,90,90,CCW,0,S,0,0,0
D7651658,988965,999729,1,1800,1799,0,0,90,90,CCW,0,S,0,0,0
D7651658,988966,999730,1,1799,1799,0,0,90,90,CCW,0,S,0,0,0
D7651658,988967,999731,1,1799,1799,0,0,90,90,CCW,0,S,0,0,0
D7651658,988968,999732,1,1801,1799,0,0,90,90,CCW,0,S,0,0,0
D7651658,988969,999733,1,1800,1799,0,0,90,90,CCW,0,S,0,0,0
D7651658,988970,999734,1,1800,1799,0,0,90,90,CCW,0,S,0,0,0
D7651658,988971,999735,1,1800,1799,0,0,90,90,CCW,0,S,0,0,0
D7651658,988972,999736,1,1800,1799,0,0,90,90,CCW,0,S,0,0,0
D7651658,988973,999737,1,1798,1799,0,0,90,90,CCW,0,S,0,0,0
D7651658,988974,999738,1,1799,1799,0,0,90,90,CCW,0,S,0,0,0
D7651658,988975,999739,1,1801,1799,0,0,90,90,CCW,0,S,0,0,0
D7651658,988976,999740,1,1800,1799,0,0,90,90,CCW,0,S,0,0,0
D7651658,988977,999741,1,1798,1799,0,0,90,90,CCW,0,S,0,0,0
D7651658,988978,999742,1,1801,1799,0,0,90,90,CCW,0,S,0,0,0
D7651658,988979,999743,1,1802,1799,0,0,90,90,CCW,0,S,0,0,0
D7651658,988980,999744,1,1801,1799,0,0,90,90,CCW,0,S,0,0,0
D7651658,988981,999745,1,1800,1799,0,0,90,90,CCW,0,S,0,0,0
D7651658,988982,999746,1,1803,1799,0,0,90,90,CCW,0,S,0,0,0
D7651658,988983,999747,1,1800,1799,0,0,90,90,CCW,0,S,0,0,0
D7651658,988984,999748,1,1801,1799,0,0,90,90,CCW,0,S,0,0,0
D7651658,988985,999749,1,1799,1799,0,0,90,90,CCW,0,S,0,0,0
D7651658,988986,999750,1,1800,1799,0,0,90,90,CCW,0,S,0,0,0
D7651658,988987,999751,1,1800,1799,0,0,90,90,CCW,0,S,0,0,0
D7651658,988988,999752,1,1803,1799,0,0,90,90,CCW,0,S,0,0,0
D7651658,988989,999753,1,1798,1799,0,0,90,90,CCW,0,S,0,0,0
D7651658,988990,999754,1,1800,1799,0,0,90,90,CCW,0,S,0,0,0
D7651658,988991,999755,1,1798,1799,0,0,90,90,CCW,0,S,0,0,0
D7651658,988992,999756,1,1801,1799,0,0,90,90,CCW,0,S,0,0,0
D7651658,988993,999757,1,1799,1799,0,0,90,90,CCW,0,S,0,0,0
D7651658,988994,999758,1,1799,1799,0,0,90,90,CCW,0,S,0,0,0
D7651658,988995,999759,1,1800,1799,0,0,90,90,CCW,0,S,0,0,0
D7651658,988996,999760,1,1796,1799,0,0,90,90,CCW,0,S,0,0,0
D7651658,988997,999761,1,1799,1799,0,0,90,90,CCW,0,S,0,0,0
D7651658,988998,999762,1,1800,1799,0,0,90,90,CCW,0,S,0,0,0
D7651658,988999,999763,1,1801,1799,0,0,90,90,CCW,0,S,0,0,0
D7651658,989000,999764,1,1800,1799,0,0,90,90,CCW,0,S,0,0,0
D7651658,989001,999765,1,1800,1799,0,0,90,90,CCW,0,S,0,0,0
D7651658,989002,999766,1,1804,1799,0,0,90,90,CCW,0,S,0,0,0
D7651658,989003,999767,1,1801,1799,0,0,90,90,CCW,0,S,0,0,0
D7651658,989004,999768,1,1800,1799,0,0,90,90,CCW,0,S,0,0,0
D7651658,989005,999769,1,1799,1799,0,0,90,90,CCW,0,S,0,0,0
D7651658,989006,999770,1,1800,1799,0,0,90,90,CCW,0,S,0,0,0
D7651658,989007,999771,1,1798,1799,0,0,90,90,CCW,0,S,0,0,0
D7651658,989008,999772,1,1799,1799,0,0,90,90,CCW,0,S,0,0,0
D7651658,989009,999773,1,1798,1799,0,0,90,90,CCW,0,S,0,0,0
D7651658,989010,999774,1,1800,1799,0,0,90,90,CCW,0,S,0,0,0
D7651658,989011,999775,1,1786,1799,0,0,90,90,CCW,0,S,0,0,0
D7651658,989012,999776,1,1803,1799,0,0,90,90,CCW,0,S,0,0,0
D7651658,989013,999777,1,1800,1799,0,0,90,90,CCW,0,S,0,0,0
D7651658,989014,999778,1,1802,1799,0,0,90,90,CCW,0,S,0,0,0
D7651658,989015,999779,1,1800,1799,0,0,90,90,CCW,0,S,0,0,0
D7651658,989016,999780,1,1799,1799,0,0,90,90,CCW,0,S,0,0,0
D7651658,989017,999781,1,1800,1799,0,0,90,90,CCW,0,S,0,0,0
D7651658,989018,999782,1,1801,1799,0,0,90,90,CCW,0,S,0,0,0
D7651658,989019,999783,1,1799,1799,0,0,90,90,CCW,0,S,0,0,0
D7651658,989020,999784,1,1801,1799,0,0,90,90,CCW,0,S,0,0,0
D7651658,989021,999785,1,1800,1799,0,0,90,90,CCW,0,S,0,0,0
D7651658,989022,999786,1,1800,1799,0,0,90,90,CCW,0,S,0,0,0
D7651658,989023,999787,1,1799,1799,0,0,90,90,CCW,0,S,0,0,0
D7651658,989024,999788,1,1801,1799,0,0,90,90,CCW,0,S,0,0,0
D7651658,989025,999789,1,1801,1799,0,0,90,90,CCW,0,S,0,0,0
D7651658,989026,999790,1,1800,1799,0,0,90,90,CCW,0,S,0,0,0
D7651658,989027,999791,1,1800,1799,0,0,90,90,CCW,0,S,0,0,0
D7651658,989028,999792,1,1800,1799,0,0,90,90,CCW,0,S,0,0,0
D7651658,989029,999793,1,1799,1799,0,0,90,90,CCW,0,S,0,0,0
D7651658,989030,999794,1,1801,1799,0,0,90,90,CCW,0,S,0,0,0
D7651658,989031,999795,1,1800,1799,0,0,90,90,CCW,0,S,0,0,0
D7651658,989032,999796,1,1800,1799,0,0,90,90,CCW,0,S,0,0,0
D7651658,989033,999797,1,1796,1799,0,0,90,90,CCW,0,S,0,0,0
D7651658,989034,999798,1,1799,1799,0,0,90,90,CCW,0,S,0,0,0
D7651658,989035,999799,1,1799,1799,0,0,90,90,CCW,0,S,0,0,0
D7651658,989036,999800,1,1801,1799,0,0,90,90,CCW,0,S,0,0,0
D7651658,989037,999801,1,1799,1799,0,0,90,90,CCW,0,S,0,0,0
D7651658,989038,999802,1,1801,1799,0,0,90,90,CCW,0,S,0,0,0
D7651658,989039,999803,1,1799,1799,0,0,90,90,CCW,0,S,0,0,0
D7651658,989040,999804,1,1800,1799,0,0,90,90,CCW,0,S,0,0,0
D7651658,989041,999805,1,1800,1799,0,0,90,90,CCW,0,S,0,0,0
D7651658,989042,999806,1,1791,1799,0,0,90,90,CCW,0,S,0,0,0
D7651658,989043,999807,1,1800,1799,0,0,90,90,CCW,0,S,0,0,0
D7651658,989044,999808,1,1799,1799,0,0,90,90,CCW,0,S,0,0,0
D7651658,989045,999809,1,1800,1799,0,0,90,90,CCW,0,S,0,0,0
D7651658,989046,999810,1,1799,1799,0,0,90,90,CCW,0,S,0,0,0
D7651658,989047,999811,1,1799,1799,0,0,90,90,CCW,0,S,0,0,0
D7651658,989048,999812,1,1800,1799,0,0,90,90,CCW,0,S,0,0,0
D7651658,989049,999813,1,1795,1799,0,0,90,90,CCW,0,S,0,0,0
D7651658,989050,999814,1,1800,1799,0,0,90,90,CCW,0,S,0,0,0
D7651658,989051,999815,1,1800,1799,0,0,90,90,CCW,0,S,0,0,0
D7651658,989052,999816,1,1800,1799,0,0,90,90,CCW,0,S,0,0,0
D7651658,989053,999817,1,1801,1799,0,0,90,90,CCW,0,S,0,0,0
D7651658,989054,999818,1,1797,1799,0,0,90,90,CCW,0,S,0,0,0
D7651658,989055,999819,1,1799,1799,0,0,90,90,CCW,0,S,0,0,0
D7651658,989056,999820,1,1800,1799,0,0,90,90,CCW,0,S,0,0,0
D7651658,989057,999821,1,1800,1799,0,0,90,90,CCW,0,S,0,0,0
D7651658,989058,999822,1,1799,1799,0,0,90,90,CCW,0,S,0,0,0
D7651658,989059,999823,1,1800,1799,0,0,90,90,CCW,0,S,0,0,0
D7651658,989060,999824,1,1800,1799,0,0,90,90,CCW,0,S,0,0,0
D7651658,989061,999825,1,1799,1799,0,0,90,90,CCW,0,S,0,0,0
D7651658,989062,999826,1,1801,1799,0,0,90,90,CCW,0,S,0,0,0
D7651658,989063,999827,1,1800,1799,0,0,90,90,CCW,0,S,0,0,0
D7651658,989064,999829,2,1801,1799,0,0,90,90,CCW,0,S,0,1,1
D7651658,989065,999830,1,1798,1799,0,0,90,90,CCW,0,S,0,0,0
D7651658,989066,999831,1,1799,1799,0,0,90,90,CCW,0,S,0,0,0
D7651658,989067,999832,1,1800,1799,0,0,90,90,CCW,0,S,0,0,0
D7651658,989068,999833,1,1800,1799,0,0,90,90,CCW,0,S,0,0,0
D7651658,989069,999834,1,1800,1799,0,0,90,90,CCW,0,S,0,0,0
D7651658,989070,999835,1,1800,1799,0,0,90,90,CCW,0,S,0,0,0
D7651658,989071,999836,1,1801,1799,0,0,90,90,CCW,0,S,0,0,0
D7651658,989072,999837,1,1799,1799,0,0,90,90,CCW,0,S,0,0,0
D7651658,989073,999838,1,1801,1799,0,0,90,90,CCW,0,S,0,0,0
D7651658,989074,999839,1,1800,1799,0,0,90,90,CCW,0,S,0,0,0
D7651658,989075,999840,1,1802,1799,0,0,90,90,CCW,0,S,0,0,0
D7651658,989076,999841,1,1799,1799,0,0,90,90,CCW,0,S,0,0,0
D7651658,989077,999842,1,1798,1799,0,0,90,90,CCW,0,S,0,0,0
D7651658,989078,999843,1,1798,1799,0,0,90,90,CCW,0,S,0,0,0
D7651658,989079,999844,1,1800,1799,0,0,90,90,CCW,0,S,0,0,0
D7651658,989080,999845,1,1799,1799,0,0,90,90,CCW,0,S,0,0,0
D7651658,989081,999846,1,1800,1799,0,0,90,90,CCW,0,S,0,0,0
D7651658,989082,999847,1,1801,1799,0,0,90,90,CCW,0,S,0,0,0
D7651658,989083,999848,1,1800,1799,0,0,90,90,CCW,0,S,0,0,0
D7651658,989084,999849,1,1799,1799,0,0,90,90,CCW,0,S,0,0,0
D7651658,989085,999850,1,1798,1799,0,0,90,90,CCW,0,S,0,0,0
D7651658,989086,999851,1,1800,1799,0,0,90,90,CCW,0,S,0,0,0
D7651658,989087,999852,1,1801,1799,0,0,90,90,CCW,0,S,0,0,0
D7651658,989088,999853,1,1800,1799,0,0,90,90,CCW,0,S,0,0,0
D7651658,989089,999854,1,1799,1799,0,0,90,90,CCW,0,S,0,0,0
D7651658,989090,999855,1,1799,1799,0,0,90,90,CCW,0,S,0,0,0
D7651658,989091,999856,1,1799,1799,0,0,90,90,CCW,0,S,0,0,0
D7651658,989092,999857,1,1799,1799,0,0,90,90,CCW,0,S,0,0,0
D7651658,989093,999858,1,1797,1799,0,0,90,90,CCW,0,S,0,0,0
D7651658,989094,999859,1,1800,1799,0,0,90,90,CCW,0,S,0,0,0
D7651658,989095,999860,1,1799,1799,0,0,90,90,CCW,0,S,0,0,0
D7651658,989096,999861,1,1800,1799,0,0,90,90,CCW,0,S,0,0,0
D7651658,989097,999862,1,1800,1799,0,0,90,90,CCW,0,S,0,0,0
D7651658,989098,999863,1,1800,1799,0,0,90,90,CCW,0,S,0,0,0
D7651658,989099,999864,1,1800,1799,0,0,90,90,CCW,0,S,0,0,0
D7651658,989100,999865,1,1799,1799,0,0,90,90,CCW,0,S,0,0,0
D7651658,989101,999866,1,1807,1799,0,0,90,90,CCW,0,S,0,0,0
D7651658,989102,999867,1,1795,1799,0,0,90,90,CCW,0,S,0,0,0
D7651658,989103,999868,1,1800,1799,0,0,90,90,CCW,0,S,0,0,0
D7651658,989104,999869,1,1799,1799,0,0,90,90,CCW,0,S,0,0,0
D7651658,989105,999870,1,1801,1799,0,0,90,90,CCW,0,S,0,0,0
D7651658,989106,999871,1,1799,1799,0,0,90,90,CCW,0,S,0,0,0
D7651658,989107,999872,1,1799,1799,0,0,90,90,CCW,0,S,0,0,0
D7651658,989108,999873,1,1801,1799,0,0,90,90,CCW,0,S,0,0,0
D7651658,989109,999874,1,1800,1799,0,0,90,90,CCW,0,S,0,0,0
D7651658,989110,999875,1,1802,1799,0,0,90,90,CCW,0,S,0,0,0
D7651658,989111,999876,1,1799,1799,0,0,90,90,CCW,0,S,0,0,0
D7651658,989112,999877,1,1799,1799,0,0,90,90,CCW,0,S,0,0,0
D7651658,989113,999878,1,1800,1799,0,0,90,90,CCW,0,S,0,0,0
D7651658,989114,999879,1,1800,1799,0,0,90,90,CCW,0,S,0,0,0
D7651658,989115,999880,1,1800,1799,0,0,90,90,CCW,0,S,0,0,0
D7651658,989116,999881,1,1800,1799,0,0,90,90,CCW,0,S,0,0,0
D7651658,989117,999882,1,1800,1799,0,0,90,90,CCW,0,S,0,0,0
D7651658,989118,999883,1,1802,1799,0,0,90,90,CCW,0,S,0,0,0
D7651658,989119,999884,1,1801,1799,0,0,90,90,CCW,0,S,0,0,0
D7651658,989120,999885,1,1801,1799,0,0,90,90,CCW,0,S,0,0,0
D7651658,989121,999886,1,1798,1799,0,0,90,90,CCW,0,S,0,0,0
D7651658,989122,999887,1,1800,1799,0,0,90,90,CCW,0,S,0,0,0
D7651658,989123,999888,1,1800,1799,0,0,90,90,CCW,0,S,0,0,0
D7651658,989124,999889,1,1800,1799,0,0,90,90,CCW,0,S,0,0,0
D7651658,989125,999890,1,1801,1799,0,0,90,90,CCW,0,S,0,0,0
D7651658,989126,999891,1,1800,1799,0,0,90,90,CCW,0,S,0,0,0
D7651658,989127,999892,1,1800,1799,0,0,90,90,CCW,0,S,0,0,0
D7651658,989128,999893,1,1801,1799,0,0,90,90,CCW,0,S,0,0,0
D7651658,989129,999894,1,1801,1799,0,0,90,90,CCW,0,S,0,0,0
D7651658,989130,999895,1,1802,1799,0,0,90,90,CCW,0,S,0,0,0
D7651658,989131,999896,1,1801,1799,0,0,90,90,CCW,0,S,0,0,0
D7651658,989132,999897,1,1802,1799,0,0,90,90,CCW,0,S,0,0,0
D7651658,989133,999898,1,1802,1799,0,0,90,90,CCW,0,S,0,0,0
D7651658,989134,999899,1,1801,1799,0,0,90,90,CCW,0,S,0,0,0
D7651658,989135,999900,1,1807,1799,0,0,90,90,CCW,0,S,0,0,0
D7651658,989136,999901,1,1801,1799,0,0,90,90,CCW,0,S,0,0,0
D7651658,989137,999902,1,1802,1799,0,0,90,90,CCW,0,S,0,0,0
D7651658,989138,999903,1,1800,1799,0,0,90,90,CCW,0,S,0,0,0
D7651658,989139,999904,1,1801,1799,0,0,90,90,CCW,0,S,0,0,0
D7651658,989140,999905,1,1801,1799,0,0,90,90,CCW,0,S,0,0,0
D7651658,989141,999906,1,1801,1799,0,0,90,90,CCW,0,S,0,0,0
D7651658,989142,999907,1,1800,1799,0,0,90,90,CCW,0,S,0,0,0
D7651658,989143,999908,1,1800,1799,0,0,90,90,CCW,0,S,0,0,0
D7651658,989144,999909,1,1802,1799,0,0,90,90,CCW,0,S,0,0,0
D7651658,989145,999910,1,1802,1799,0,0,90,90,CCW,0,S,0,0,0
D7651658,989146,999911,1,1800,1799,0,0,90,90,CCW,0,S,0,0,0
D7651658,989147,999912,1,1801,1799,0,0,90,90,CCW,0,S,0,0,0
D7651658,989148,999913,1,1800,1799,0,0,90,90,CCW,0,S,0,0,0
D7651658,989149,999914,1,1802,1799,0,0,90,90,CCW,0,S,0,0,0
D7651658,989150,999915,1,1802,1799,0,0,90,90,CCW,0,S,0,0,0
D7651658,989151,999916,1,1802,1799,0,0,90,90,CCW,0,S,0,0,0
D7651658,989152,999917,1,1801,1799,0,0,90,90,CCW,0,S,0,0,0
D7651658,989153,999918,1,1802,1799,0,0,90,90,CCW,0,S,0,0,0
D7651658,989154,999919,1,1801,1799,0,0,90,90,CCW,0,S,0,0,0
D7651658,989155,999920,1,1798,1799,0,0,90,90,CCW,0,S,0,0,0
D7651658,989156,999921,1,1799,1799,0,0,90,90,CCW,0,S,0,0,0
D7651658,989157,999922,1,1800,1799,0,0,90,90,CCW,0,S,0,0,0
D7651658,989158,999923,1,1801,1799,0,0,90,90,CCW,0,S,0,0,0
D7651658,989159,999924,1,1802,1799,0,0,90,90,CCW,0,S,0,0,0
D7651658,989160,999925,1,1801,1799,0,0,90,90,CCW,0,S,0,0,0
D7651658,989161,999926,1,1799,1799,0,0,90,90,CCW,0,S,0,0,0
D7651658,989162,999927,1,1800,1799,0,0,90,90,CCW,0,S,0,0,0
D7651658,989163,999928,1,1801,1799,0,0,90,90,CCW,0,S,0,0,0
D7651658,989164,999929,1,1800,1799,0,0,90,90,CCW,0,S,0,0,0
D7651658,989165,999930,1,1801,1799,0,0,90,90,CCW,0,S,0,0,0
D7651658,989166,999931,1,1802,1799,0,0,90,90,CCW,0,S,0,0,0
D7651658,989167,999932,1,1800,1799,0,0,90,90,CCW,0,S,0,0,0
D7651658,989168,999933,1,1802,1799,0,0,90,90,CCW,0,S,0,0,0
D7651658,989169,999934,1,1802,1799,0,0,90,90,CCW,0,S,0,0,0
D7651658,989170,999935,1,1800,1799,0,0,90,90,CCW,0,S,0,0,0
D7651658,989171,999936,1,1801,1799,0,0,90,90,CCW,0,S,0,0,0
D7651658,989172,999937,1,1801,1799,0,0,90,90,CCW,0,S,0,0,0
D7651658,989173,999938,1,1801,1799,0,0,90,90,CCW,0,S,0,0,0
D7651658,989174,999939,1,1801,1799,0,0,90,90,CCW,0,S,0,0,0
D7651658,989175,999940,1,1800,1799,0,0,90,90,CCW,0,S,0,0,0
D7651658,989176,999941,1,1804,1799,0,0,90,90,CCW,0,S,0,0,0
D7651658,989177,999942,1,1801,1799,0,0,90,90,CCW,0,S,0,0,0
D7651658,989178,999943,1,1800,1799,0,0,90,90,CCW,0,S,0,0,0
D7651658,989179,999944,1,1802,1799,0,0,90,90,CCW,0,S,0,0,0
D7651658,989180,999945,1,1801,1799,0,0,90,90,CCW,0,S,0,0,0
D7651658,989181,999946,1,1803,1799,0,0,90,90,CCW,0,S,0,0,0
D7651658,989182,999947,1,1799,1799,0,0,90,90,CCW,0,S,0,0,0
D7651658,989183,999948,1,1801,1799,0,0,90,90,CCW,0,S,0,0,0
D7651658,989184,999949,1,1801,1799,0,0,90,90,CCW,0,S,0,0,0
D7651658,989185,999950,1,1802,1799,0,0,90,90,CCW,0,S,0,0,0
D7651658,989186,999951,1,1801,1799,0,0,90,90,CCW,0,S,0,0,0
D7651658,989187,999952,1,1802,1799,0,0,90,90,CCW,0,S,0,0,0
D7651658,989188,999953,1,1802,1799,0,0,90,90,CCW,0,S,0,0,0
D7651658,989189,999954,1,1802,1799,0,0,90,90,CCW,0,S,0,0,0
D7651658,989190,999955,1,1801,1799,0,0,90,90,CCW,0,S,0,0,0
D7651658,989191,999956,1,1802,1799,0,0,90,90,CCW,0,S,0,0,0
D7651658,989192,999957,1,1799,1799,0,0,90,90,CCW,0,S,0,0,0
D7651658,989193,999958,1,1801,1799,0,0,90,90,CCW,0,S,0,0,0
D7651658,989194,999959,1,1802,1799,0,0,90,90,CCW,0,S,0,0,0
D7651658,989195,999960,1,1801,1799,0,0,90,90,CCW,0,S,0,0,0
D7651658,989196,999961,1,1803,1799,0,0,90,90,CCW,0,S,0,0,0
D7651658,989197,999962,1,1802,1799,0,0,90,90,CCW,0,S,0,0,0
D7651658,989198,999963,1,1800,1799,0,0,90,90,CCW,0,S,0,0,0
D7651658,989199,999964,1,1802,1799,0,0,90,90,CCW,0,S,0,0,0
D7651658,989200,999965,1,1802,1799,0,0,90,90,CCW,0,S,0,0,0
D7651658,989201,999966,1,1802,1799,0,0,90,90,CCW,0,S,0,0,0
D7651658,989202,999967,1,1802,1799,0,0,90,90,CCW,0,S,0,0,0
D7651658,989203,999968,1,1802,1799,0,0,90,90,CCW,0,S,0,0,0
D7651658,989204,999969,1,1802,1799,0,0,90,90,CCW,0,S,0,0,0
D7651658,989205,999970,1,1803,1799,0,0,90,90,CCW,0,S,0,0,0
D7651658,989206,999971,1,1803,1799,0,0,90,90,CCW,0,S,0,0,0
D7651658,989207,999972,1,1803,1799,0,0,90,90,CCW,0,S,0,0,0
D7651658,989208,999973,1,1803,1799,0,0,90,90,CCW,0,S,0,0,0
D7651658,989209,999974,1,1801,1799,0,0,90,90,CCW,0,S,0,0,0
D7651658,989210,999975,1,1803,1799,0,0,90,90,CCW,0,S,0,0,0
D7651658,989211,999976,1,1802,1799,0,0,90,90,CCW,0,S,0,0,0
D7651658,989212,999977,1,1801,1799,0,0,90,90,CCW,0,S,0,0,0
D7651658,989213,999978,1,1804,1799,0,0,90,90,CCW,0,S,0,0,0
D7651658,989214,999979,1,1803,1799,0,0,90,90,CCW,0,S,0,0,0
D7651658,989215,999980,1,1802,1799,0,0,90,90,CCW,0,S,0,0,0
D7651658,989216,999981,1,1803,1799,0,0,90,90,CCW,0,S,0,0,0
D7651658,989217,999982,1,1802,1799,0,0,90,90,CCW,0,S,0,0,0
D7651658,989218,999983,1,1804,1799,0,0,90,90,CCW,0,S,0,0,0
D7651658,989219,999984,1,1803,1799,0,0,90,90,CCW,0,S,0,0,0
D7651658,989220,999985,1,1802,1799,0,0,90,90,CCW,0,S,0,0,0
D7651658,989221,999986,1,1803,1799,0,0,90,90,CCW,0,S,0,0,0
D7651658,989222,999987,1,1802,1799,0,0,90,90,CCW,0,S,0,0,0
D7651658,989223,999988,1,1802,1799,0,0,90,90,CCW,0,S,0,0,0
D7651658,989224,999989,1,1802,1799,0,0,90,90,CCW,0,S,0,0,0
D7651658,989225,999990,1,1802,1799,0,0,90,90,CCW,0,S,0,0,0
D7651658,989226,999991,1,1802,1799,0,0,90,90,CCW,0,S,0,0,0
D7651658,989227,999992,1,1802,1799,0,0,90,90,CCW,0,S,0,0,0
D7651658,989228,999993,1,1803,1799,0,0,90,90,CCW,0,S,0,0,0
D7651658,989229,999994,1,1802,1799,0,0,90,90,CCW,0,S,0,0,0
D7651658,989230,999995,1,1803,1799,0,0,90,90,CCW,0,S,0,0,0
D7651658,989231,999996,1,1804,1799,0,0,90,90,CCW,0,S,0,0,0
D7651658,989232,999997,1,1810,1799,0,0,90,90,CCW,0,S,0,0,0
D7651658,989233,999998,1,1803,1799,0,0,90,90,CCW,0,S,0,0,0
D7651658,989234,999999,1,1804,1799,0,0,90,90,CCW,0,S,0,0,0
D7651658,989235,1000000,1,1803,1799,0,0,90,90,CCW,0,S,0,0,0
D7651658,989236,1000001,1,1805,1799,0,0,90,90,CCW,0,S,0,0,0
